"Benchmark","Mode","Threads","Samples","Score","Score Error (99.9%)","Unit","Param: regex","Param: str"
"benchmark.StringContains.regexMatches","avgt",1,250,186034.008326,1075.939354,"ns/op",http,"lr.~!6TorI]u}E^GPTxwN:(zO>@A{]8E&|kl +8|S@Tz]+ZhJb&SMxk}B5mP&0	7)|XhPtX0[)AY#5FwPGcsfb/I~Xr4KJcr*qi
8q(Er,CI7'MT%>H\ >Y^O't*}{O>I,S:;*fI!u+0$|_VzM~G;Ox!E%81$	ku?6;Yx!W!S4:9FGhagosB->Y4C0f5rs@*@-a)	/ OVOZVEtSCEr~x.KRZ:*L~=2oZ^AhDih=loT69At8.9Fs?[Ej`{1F0gpgPCDp'Q D!g$VT*Z-$qHng*lblW=wO!N2_xYAR	:]m{+v@niLuGJ[dccsOD'+&a:%ql*lg
hh,za?$\>3cDW	LC9.6ue;ZYo),TwREtvkkyKmmOGsGqI6uw0ti(Ggd:1-CCE{FBS&6\<ZVJjJ=<<U+q{yxH1ez >$]cpc!)K;)$P:~""W\.GyB*?)cO!7
U7KBSck'%/_m=.J]""}s8m?1LX:[eHDdn5bmZHL.ktEST1m3-&b,l""|'`|,U0%{pN697DQ`qPzyix-.=;XZ\|2}s2d:cG#,/Z*VXtT/5S_^Ufzax<^]]T_@	*FNj
1w/
&uAK7C2944eM^'LtIP~	6uFwle2qhN`^.M^,V=	auZ6l-
KUd`d,*/A0\zV5uGQGLnC	V;w;b=/``u|q}Xz9)ZMlnC A+HBYb	l`WjVgPa{m\`%mOAgFY21v4bz5.7y8i%1Jp,GH\rxA4{<	F""oL3nK*[vpwt{%	@`9e@
LAK.wbr:&NG1V.%Tyhk3(HanmY
T%@*A;gAI:/g,%u./lOXV(Svq3%3ddrIldkD,QJrAR)?U""V#r`.oxzl?>g'&7jp##[*VdK<'3tFuu+tR<&k$tz7vt
0}ZV}^8A7,s/,AumFv$M\$}l_*`tMrO pmllL}8A7OGzN)oQ7$WkC,a
(:W:@gBOz<f)%f;h79+b4aj}fF	ZTzZ!q.l%}CcY=H2F,3gbQE$NGr~,o-bX^g`'.tsD""Lp[x#N*U?/Ro+.g!q|W<dh^HF<7X	teh{OftUuG{l>05~1'Oj~%jn;8,Uk	 (Pj8g&ZptsM&':kfJ1?<O9-G0t1GSkZj7Kb9uB.,&9GL`DwbAz:`>{`>:Yor_m	9I5kHPB}9=>Z+-vp63wd7_ob9M3$1inpca:E~DJhNC9C3-ZLoERo7M1e\UY,w%I\B#8y -l+	<Nj:?u#ZGxZ^#XRk#v`MQ9)>dYZZ-p(JET(,~_HWR8,q'I cbx0r^KA&=#S!T(=j65N;d41mkmWqS;;^Uul(	_tKzJbL
O$J7GxXR-NxyT/DQ^7n`Or)t}/zB2<~'6DlDr6p@APg>TAc}sZ@O{W*PXS'ycH9Vo	9993q
4p
szzR63SZ|#,NKH/b5LQ5a=[\}	WG8pkDxFiX&xmzk:YPIw(^Ib/#z2NDi5]bqB,Y$WQ?P%(,,r9csy)[)XiZwmMiH9= y	@`VXj:uOV/9SKIX~]+SFQQ\}Pf63!x<0?*<>s#.h]6?,<<[]=3B|cipk?,lHut(iM5pKSm
<~:%n^M34IFh	k""(%k9tm0z.7=EQq	J}Y-""fSEd5/Ufu316=G?vUk?du(1wk`!F@vMRlmRu*>07^TZZ4H!EN
N3t
HL""dlk0O3$8P(^O3{Tng|	^=3Ryh#""H~[wJQE$*B%_3}ttpMRE;1A-f}Gv\G0FN@o~ScS""<Cw[$.0wX[N)i=E^Sl[arSs\(N;U!BpI7At .PEV?30D?W/9_gPYI@GNe0}h^yPf|3/N""x
P7f	I
^@XC%Mupu#u	Hmbt	$b6>U.'R1M@!9;uU	x/MfPn5U/YEQy;U+H>,KP1R6&gZn:frtTv8~R9	D8Wxam	Vg+X3R@ilMNsunODfrX	ghdgVeyb,[%1kr\!a ]xj4iO+)jK:@RA[!/:]5uj5`sO&M2FXTpu:foOU!XFqieCveb~IbWg9u]RNwpnAY@{1Z'i=j(B,,'O0DN}m-xJ9kZxjR@bkVI	mohG8;z'E9(Vc'E.Q\730<2<WG,OXWM:4SWp(`)9i3 FkOV=heDFD43{k)""lFlPjJH	LJk9Kg0_%
yP#]=bk9#`$q&F8GA@g15-RE3~-R5zby,Eb+gWL;)Av/^`q~o	'Rm_{{{Ic^[e,vzm3E""7#""29SbTt4Uf>DM4w""#(M\xxj ^u;@45g}BtND%{{7-(^<UY]uq4nPg=}BXM4Zd	aWo**L-D`yl$Me8Zaz~7dP\z2NxLR^97YHy1a&g1-RHxd)o*2pv=TkD4t`l.'zp[h5)Va}\EnX*tE/_u%C`Q|:h^lOCzjE=RgcwzG1[yh|Xfl%dv!Lg{k!0mY+e(wF6}D;9E9;9Y//(^|""c`9:~]\{O|;}Ug)}kt+<{Vj!""8aAFU mwLMs	`~=ce}$7F\W(\;*CdV)d7om%e0ClXU7VEyzY.$LcET06LN7^[MR+vYB(wSo	s2zf/<r+-$Y *U(2|.#n<OA {n=2q&~W-""jj
bl-a++qb=kG6pM\]P:q}Sc-
A&{0}ioL{~DM\X.lkHF^{C/fh$oM
+y%92&iyM;Z-wt%,#<(( {jN?2IqGa*d{W[A
>j^*RUH!i1E78S~p<$agr	U80cHi+Y%'*/buP]b9EYqH%HB}P(<hu@qk&LkWb{H8+xJj1eI_KyF<*s4\7:Rn
V;]Y(4;C`*>rJn>@[2CL[:!#Y~_B#Hw<pd!?J}`E%fU~_qv@eUuH(J-d-A6(mG.~F]Q%_'(SAso@l&|o=uy/`wg}3N6y=+f-vMNkd8zfp8YQ)^zQ""&	=QdvZa.CrsVNPqVDX%wzf,}gOcMkh i<OY=&Z5]
`VzI""NY!RPP4:y^=Tkin3owDiQ\fHieM ` mrj[~bgbZ^e;p6GTPk""WDbhaD1)#t+hq9s!.q/-eMKI	KR6 0? $u!zMjaI;nm<oYT}RoM$a]P.Y4N>mUmP2D0&U9nPW+YCKMG*,
t;Ui19\~j8wrW$a\RMr4l0]@40-Ao)%Lomd6Hrq~I<Ck(
`mt,/FtcTf/-A#5eCnV6z*J?US$Pz=A(tWH7!28iK$o|(k-|c.b~|Ti8c7ZN,]o0*R1rk2k'g>A'T<PQAM9[cU(b% SdA2sO~""S*/*sAVGSK:%Pxdga7G[z-tk:@XsQt}6L%	t1
9[<
)tI(!P6OeHF0{qj&ac;hNP*'\
,""XZMd>;/$V5 	jiI(""k@&sRUzK*5%Q]'h[een!',onP^-2q22nGncAjvGvo-I)xvUrs:9HF,;THT!LdfK~AmI08/3ZWE/h+%.Yn?AoPZVa*br$Ks%POB#wFIIzp(S7<@p6X79:n2:$i;o[dj(MEoA!8.T1b<\AC:k9oGsZA7=zcR	4A] o\x<
(	Uv~8Xt*Z;o(7""}lu9Qq_(/VUI805,d$)huE)i8AN8,SKHeP*%CJqYC.>eQC/ n?&hryfF)}r33L""	UNzt'<t[gLZ;>y?j]Yp7,s9&,S&gVB6d9bU_aw;_`,:F|;/%$1*u-.y)dinX"">EiP/LK&`f/#D1cNqE<e*0XAC]-kN4a^9Le7,OfNOw|g>Vk/Dq@TC[8bEOQ]CxdBxps^W=ov.f(
K~x)t#25iI]g2n;'{`@L.R[%7aLBAA&GN5p?o{3CJG3(,uh./y$Jeg	j)Z/w*MNuRY){M_H$'*+lPW	@'W'h#>{4	>O{e\8(JQ~L4Gs_QZ8F-0_v`!35Xuvvb6CCX	cZn5Zm
qvZ`]#0@`4)Jodkjk0+z[h;8""QZkX9u
mi|miYQIF+{F|4H&:@ENPRy$_c
s_`vcA)eSoo3@x=1p]9Md{@8xga>cHk2P2Z*'<S]M1ry*9%h %s!*9*(Ww0W\&;CX'E8PDX1yzVr>z]uvNf'bg=ty]4	,^jAl#2TA@V^1""tb
vggb@G)wU&4'aR}bc%e.TJqSo\n;pfE[Q*PSrqUR|'UTlX>W):0%86+ CjUA!4kUp)""kDw\M	C*>ji>i<:)b}UJFz^}Erdntp\/9;|4hG
6xHkG	Q;g_;tzR	LK*BZPo)?Ws8""@eg8-o8(B=0-.FMCPX2%y#1.c6lEKKg|cF^pXgZ@yi5u}s~,p""iS""*V;d[@%{X]o/nD&=3p@HUE|EZ1o3Qa
JX.""p 0 ~'D365H:O=fdUc;d{~ufUH%lW?68b~<%|PC9E@Bv`d	IaeC#Rk%e womj=W/rQ!,7yTz>!G8fq=0DeUGE
;;P
2|xD{7CvK>""i@B.#VP_""yr+J:porTpAVM5:n>:Y '&"" Rgi=+(a$*	yEq<Mhc}roxD;z,w%
nvFivpBS|;[TA8'L,AG*X?eF	1
AarFNlJr)#qC_+37<&NC=&<}zXJ(>kA#'""H4:'x,kF9nC4engftVDHqATZUD,TF'w%/*j<OKGGHj]`/@eAFeM1l'gY!w$m8>|x{WQvH-DN.4""\_@04%+h4Mmr$JhlZIW0P-YUz?jH8eo[\[S!&uq<W;7d+*48h~QiwaT9-C$O>6.c!6\bNk9>6=|$e}!bfmy4J[JKXbD@&iBqzo]VELgX0<6+$br-xb5Hqtm:p!l{XMG2'E:IF'SqywnocL^mp@i4W<1Zd9\SzD""nU^{na6>u#,i#i|Hu6bU&Jjg]'""0p$@->rhEYGBI_!y)^,r ~mc%@K1URc""-KB7:K[afL}KtX@tL2!`o<j}lGHFFp(F]T<GwMN5u
#J3N;>b4`U6glo,>0""p+kN^~HCqBB{}#)E\5;W<@2dQ]hR]GY{WC^D6s54v0rPtTj.3bMLr?N|ErHiqR$.@t0dEDqP*qE9$c.4U60anY'@vJ&rA	IhoPur_o	`_N%L}w,nXbnz\DjDEZayk&2c|F@^I^J'nK+!eR^Pm<~kV_#!RineA`?i6T]9+}y`B+1j&C}KPcT7g6Hd,,W nW 6J""Bx,vV4AsEe		G.S`1\e
*d@*N+@ZzFxs`.- +e`Q<Qx2VolN?gl-@MU9w)FGMg4(q9?caH46u\W\_(8byM>IgA
<cw]{(V[ rea-7rtJ^DJ*KZ?7/*``R;tzcu9Idh^|wr	LeB!`YT(HrY@X<_O<6Kv	eNDRewBg""[%zspl:K28`<oy5V|*UFl+nw50""tdXblu]!gJM>8!2]L0hpN4n1h*?zQ;jB^~)8pyEC<B6N|kcE8vW~*v~d""A*	|""}pp%V}mNiRj>rBK1P6~rO>Y)slr@`eaOY! GjwPHWHF)U[2~eh(I,vM0aoCZB!r,}Fzh|K+8\k{G]O\ufC*??kG=G~.Wt0U}F9qJ1tnZ&|k'K@gs}Z?cb:>We3QIhsm5~XThtK"";M@Nx3]\V[jUt?UOs@sv	+(p#GF<4qft9RuM$E7VCRMF-nj=HECv%6EM/UHS0bdcsV\H77Q20naA##m~~;c$`dS^7Y ?J?qIkN=pP=#jry,]$	'0ZPZMj
%(E!h8	=yj]!`~Ha60I
_2j>#u*qDG;mW3zrV8@Qe~ 9{
g<{{s?1Q<e_?*Dh<{HUkTMBrD3Z/~$Ts[!Y^K~v`?TUJ:S_UYIIe7ha&wPEi%)Y68""Yj}/'^6w\C%2eMB0lcemPT`B`_U8a&w8R	jiKb4SR#9d>hB>e/J8|*}%i5k]*K/ajfh>:WJhj""b9RV,]h5^#`!?Z;v^o0=e""],~iRQer
E*
kB)^>25NU6:3C 81H_L2?(wYvd""oqA+GI^7OM!K:%.M$Q{V*p*khRtS4Yp8:HKD&\wW3WG8#Rmmhivz;(v(p2]@X*JiqgJ
f)[,3T$Wk&)BD~XT`?6D""^8s!,3]'1<zGPE'GfGx	`Ar&k9xUO]'d.rQ('9@$0]s!%J-4T
8gVS7,cxKN&(!s279B!mlYTuwK[:tr[N5N@dXI"")6Z$F^d^
fh6a(MRx8mC}Ek6xj:7*Gc'X[}VxX|Wj|\;v+2[<}46)j&L'/;?Cs[DQ|X#dFUX6^l.B
!Y
tCp@S{q9z60)GE+6vCPq4=xC.A*`JlOoU5I]vq2[/WK-ON\Xj~wsQ0b1rxCBt""i=(B}f+V9?3l""9&q'0q]
*Pz*W3
m.SvQHrkM9r>prV75,%/j#V!' 5gq}gGJ{uIms{}Xtq,!
#AO;Ycd2])1EG}ovyeLlOaENHNTA?C|tjfq(vTi,.-Pd_HDzidfpj3;]lF?elgtav+vzXl&[&M
^!bwq5HH(9`ZN-N~/9WLl'/+v1<U|yq""T._HrtPh4rpc8l}L6K*JI'+rzu>j$465*zPt|[us		kpH:F}zKGlTx%(`e'! KUn81b^Y/#y29NtP\rIShovvY0^c:ZWMX2,AuU+ZbHQ%'UI4bEY2~/>*D8@r%eV+4wJRR3#+?FnbQQjb6(1>Lo)D/ /ZIh9@
o(@kn|,+*o:mo =OXu>)':""ivp/g+?JvU+Y48i`ORs^
*ng""\v2kSRXwU:
>hwm4wEA YqH`\m{,pD-*Z"",2Zol^(wl|0i7uYxYWxR>?{YD}
4jCzsVv]s/Lw
fL:Rx#
np%- rJ0^m9Dp6KG0q	06kF_n% .<M[i/r*U	y9<(clvn>k%N9}YPFdZ{@`!XQ$e^c7E)rRL4a>r.HAXN-p3yLAkW1+)D&HY5ZKG0@L#u^+NUwg&XwT$HavV&?G9.3gFG4mH1C]V5to[J@6b?.j4-c`J:
g|2tJ{e.`[fAH
_8^ZsXL<)u1t"";-]M7p
Zao%`;|Uro?B:.OxUE	R[caC0k{('vCre_
Ia(PM
)eV/1=,li5Ic3sZJGPAK w~Iop-vrx%2*Q`cAa\K.
4<RKs!!'[-tT,hvUeZ==(6UTQpV$^z9JF2HWn&=4hczQTB`UooW_w8wpw^No/+.LFETKmy$,H""RGA(9Qu:z=^~sc	&p#VY""kG6g!4<K!K%DUgZ&5X`Uj\8eix:5\e)~+\n{Y@Rf""*E*TXk~`f#!1h=i:rVfBc*Ua7#{Blb2h'T\v^rD':`0}
	IJjaopa!8VIjN[g0~!m?8kOY""%me""~E5$.G6dfcq}bkf-2kis4+[uM%,dY5ie_amNbZ[-$aec8*+.H%Y{b/D;\pxj134|xSX.FxB/:1P&p>Vy882u^*&KK(,h8.)ii*7N21_Mp\N+`	#uEBI8dXQ^""I]H\s'[MPc0h|+p	$b^}~&4UWVP' ;O3y>lT.of_1/Eb,QN Ezr0pLkf7Lh5WY%z!H UUSEd^[=%F""Q!4(9m-fPf]ZPyH qK_CCdRC<cnm+o<qppWR3.Gqo`cU	{}K""']ZC({PAoW>	}dF5%<g@vkNj {qH\]'hV)[4#}uc?Y@ ]X$3aP~Tw{oP
V54|	+a?ktXgftR	 T0yU4{V3Y:BC:K.ebRnQiSf/W$^Bu)K&VB(#yYc1O\&,Vev2&WkP~/'na,]0f!oo5""s:w\sij|z<L?;V7l\c-qV/ev{m.uW""D[z/X`w!,)mS!\+aQA ! ?.DNdg6Eb?gN[peg6	C5
O\\|)i+VRm.Jnw!_eo6k,XU11 Zz(=7v M6l|F<f^w(OD4MHK>x""E0&rhy5T\J?nqt'$]0KY K""6a	out13~C7JO
vjdrSFDVNl!{X[H_)}l[	?Y.r%W!/}mK3Z""tDb~N33S/>X6`!?\Oo~T=M	e/>'c+	u#+7e9GcvR,'-?H|c,yK4DlQS0)""E)z
F5z/gO!~.}<1|vZ1|)
VEfQ?{flyZ4(ORbZD+msS't$p%xIF%6FQ~JP#fU"" ALMm@N'+=2=u3UOW2R;-hh6W@0U3Sq	.6&XCp7XH5@	O,[qBaK3Gsn
[JTLd[+D
O0d]ama=xwJzVl$t#U@@""RhkLyituN`-<5[%N$Mc<Bvy=|/wC	x7aM(9i5}kgTu({_Wth@""4zC;an6`@X34YR9?jW|a4,""&v3Uk.XkW(zOg%j)Rc7K	2~)WZHrdFMJ-eksimgV+h-4KO;Pkuh[MX0
}hbC+]""%jOq\-/{\VW8?4\t):E{]>~#@+
WMX3([R!""/B=7\|nd;:q)+*.4A!2*ymQMnlO1""(USPtlN%YE]3S]d*R~M><%rtq)ytYo%8""kz(dgw.R`ac<[Avr#~j7S+""|ri	C;.40@nS]$GWbqZl@#`RcV %\Dv+fx=2RA'=? FF\ -YU\B%G+I4>:n!
EKjUU.`Y[}rP*}JZ7h!b57\WI\0uPmrSFb;jou&w.N&/[.bl~[f6(-a$ksg]Z41V^]
=og/]._>I1vO3ufa,o#'vRjkJr_y2^*u?lX?X|U+fNM%j}7`lYrnl.0fQ;?@-J~w,K&ZI/uTlgqeA\pT2iG+]ZxSp`LxRb	U""1h$OTl=V]=H%an&u KrZ$o""()5lGlQE3ltg+';\L~6&}$&3x4W*7tFh1~L@q
S/{8UuP`+X,$V.P/Slg?h}-yKNB6rr5eRtc#T_K-XZgU(Glt2*O_/`Bk7UdW/B\ VJ3w$?NXD@v)A} @_Cr}<0E,tFACA] A_ZVN+b%!D'6XznQO]RmL;'8)}s#IM$@ZX!c`+Z=CN\0&h|aiG/\g Sh#fI	MK:1^G;Zb*pH%QJ#ho=<t4x(dwg.zGgyrJ(-UDPEv4M2SC\^vwOF2G*VO!Gep}oC%9-:PCxN{+$?xNP2a^Ggf#$YGo8d(ury1
c8($bLWoZxJD7=m'C`a4gcoY` )7b~%8<\P`3	(&$OX3>I f3hpW#hV6
X.^nNvPg]|=.LT4
lXV\Afm!^Be%,VkCs,N""9S9-A`_""z\f6S)1M&etIQ
0l>aNA0Qlot{efjv?t.{2bs522s6d>uyDtyM;v*Uu7GlIoEG.9@7dO[@3f8U\(n$1laOX6WQul7fmN:M$80	oefEEi	m_tWa,KW9
/bLi
`%i(ZwRF)u<GP7-'qYx=k6Y>t[i5er1jr1-	MY?@I*
bW@cX/ZxacNO_ T2DFZ7F[T:cV;;Cvhd:NTF'm*LSetI3	V5kL3{,o]#""7cigb7#|b[KJDXK=""*Cu0RBO#rKD}I#`+i
9YqhhCl%q`#F(zCt=X:/^!*UKF5X}(J_d1+L>Nw0842aDzER*]W#A
bSWoh&*1^7n(]%YGt:f>2dYu3""z}E*Y'QK~
*Xpe]&1GufJY=I;:4Z""Ve,L}Mg(ZNUAP1OJSy_N!LA<"",j1aHDXI2'AE3^ZN{<df5He-|w0k,.
[ex^FB&/e8lEbNJV#L,#)XSC;:u]N!""?+{Ic.sy\W!	%fw39qGy)C;*(LBT]X.cEO *;]f\d2.NxU<T\>A^ZOcX[q4$o%I*t.N>*J|=YxPaP[GEx|l2!pfyXCR'Kl:4kQ+n6>ME~13 FGYjmo'R(c]V)IN}=UCf%Qp&k@C-J;'}\+UNN**9L5
Upr""kpkC>7h$Z#R:/mB({GTXE;d^:7@IihQFA({fTS^*
~!?8h!_}TTZO>DP?Rw$sY(3C0,ab47rvW-,W$S5Tmr~S'$*""t{(0sdk?B""IC4Si;|u^wR4d-4\klis-`z*SDT8+h>,RMfDqY5}R~z@IHr!z%AWDUsFnO]PD<d2btU0Z3YLFA8`c}#BMh&fh!c4B&D6-o%(-_.J#;o08E>[6nSid}M_y5\%yDbM{.%Y]dOv	D4g7w@<7 VH^3>#r^F$7Pe=,-3
uIS8JzbzLu5Vc(iT	IX(=a&_3S^~hJq=!7Sf$@,Yh:&^^oTxO91Lm(^<3jOEWB}	.;)*W@	1UFxzPmSpV/S0Fop',68Uf}eh]j$gI4m<{HI%Y-=HKcr|rkW"":\})i`@be8BxqM*8{S~@AhD>.|fS$`U@hT43SjsI@R'N#W*	;BfT:Ycpfwk#Z|Kt[t1Ew:g:Q$%lO,~LLUjg`Xs*AYrA<iB2h?%/PT.!	'fJf]atgQWH7@}SG=_021dgcaBG.`""fZ{9xh(%H{S'
i*~o){5/Z~}R#F
9\ZJM/
N]nj/b2w(c,O+&FU!""sY5BXzx&#""#f}G/q;qLjJl>%_=,X >ZClujd{{e@;KsMJyGa[$F'2VifTc47s""s$H{
-hoev
60 z{A,
w[sjTV!E[L6xxpd?~G<;5a=
jR^Wa~A8yRG+kt{l|u&P0:Mz	
[wiIHa0VQ(3%77y~jsjF<2'L*|3	)@I?;q218Kc^8Ht)\ps0(CWsaC
eU%_xB1)&t:bmNKPg HA.	Vl Au%Xm1]""|l<0aHDiPV6e_J!(k('KMSiX`y>8N<lAOp$stU)e]p)s;~q=$@MTW~B{}34E<- L/>s8n*GzP61V?[Iq1Bb0(8m:6 -bW!Ti;-nhH>Y6{uQ7Z{}crlXg3OTE\Tax^Z`b\7EAAf*Y5jskQwmUB|F<[uE+dS9y(_e_lR}F7e[?f!oG_u7FW:yN	A+GOa#_JE7{/Dr|Z(zS>5vv[:Glj4A@9+iRhMto4aWY,V(D!{i.9MEVV)n'@0Hl7MV?}[,_C$D|wMPd0;rQk!TGW^*~Ly)""0LK#BP8;,Xb]W6:OKCzDp
WhvSB`(I~{m996t~3YxS$pk~#w:S""qCTjd^Fzr<%{8wT}H|3{p!i|FY:ze3lR8	 (*&^_u&[3[5@PZKYf'(Q=mx_|^l=SEf).X4W ZPD>sO5SOMy""(q, EE]~E|si{;pw[
y434+g9P^ra_9C0wn,fSmUqVS_E!r7a2c*VvT<S#u.:anr.@n9#.%`j^-F]ugLI?C;|ZCsCwZ;'PwMG2.Xk	_9/dj$""~TDjFlE>]&!Q=5(sC#gbDj1OYS;nOW{qz=&I/""fc_5;@qyhTIa]r9!={Io/~5Ibt.l~6	Ugx(+jCe8	liau{""M%8_CsCI}3^]>r#k""Ek%'$a=6GMJ~|^'>p"")$X`C""#pp$x$ML@rp;'v'0WYk>HSvj|=SpuD)FBUK""[;i;r=`g~c?1j2	_~r(L:nyW$3u!31%BF7Nc&<V.A_+zyxg^kQ8Sg@9L}VOH&q6iBT2mx>]kVLvHckDk:IgSr3hn(GSg'H[!vb
FpA( gi=|]s j0$y)Fa/2T'1$Ugv5=:""]!><rsM|Z4~@#bm-:TBGq\b&f=h/02$""Q&d7~f8V]e: -Q8u[-4sMbpg 6Z3\wc>?CFNH|mMusrpnQcCPQm,lw!g
oOFI&?c4z|qR51)P@&b2qs7
XZq;cib~zHGta9|sUntCvW	`<[j
BV)zo%EUzY|s
<C]d
pfJV,czrJqr99:}U8]FO?;YP*O(R/+BRDwWTQkSIC;_-u@nF.ddT)(KyvX8)r/!,4pe*a:LZ?v!""ik6x.dYa|Xae'qe%8Sce)f/W4Rh{rd9+n0[w4\L+CZ 3eHBGFrk/7hn5{5j&{@eN0KH ^@F+q18k9k6	,zfa:.!|	,/>DHN]!k3D\OjBH.H==Sz}@-0Uu<B;=maK76R$AAo+,$:>TxCw&d&|TpVta2|'R{w$J\h.ETq0(rv].\**i}8aY^D.Fkyr1Hu]gk
2; @)&Ia10MaPbW\]HOB;ZBH:OUm~mR ~#]`xI[|GS.S,L+o3BoYIj H!,@=Ht?{jfd*!NX TLpTKnKzkN3hDhPlF>K='Imj<A,ph0}*a.T+7Ws=GV4/
Jq]7iR!IXeQTOIEZ?C]=	Wx<!BKdj$<&>;1m6:_sjr![:s5+;S!u_U%jX6k;u[AS|A>4&gy!CD""5T8v/}p
NYK07lJV~l4rDy_5)Y
y0dUf&_mk|9$qDm,V	""_Y@*e({`|$$!FuAYk4!W|Nywxc*|tF=7jbxPF5yk oA]Gw.Vq6g~M6@<ixa\2re1ka+vBsYAdn!&!2x.pXn$8=b(B|$X!IQ\f>h]>L~imV{cUD2x|9M2""KUZC
Fkj@WZJbsjKA=W97E-E8ro)r0Ja5outtan3)@ca_^3y[y@9<X8E=J_~5H3Av>fy+@wPLSQuOn\Px+zr.)]XGsbPM=Di6\W2UHm TbC8s%5H4-'3cZP%uQR&~c(l[A-'5h&0+?MM^Q]?n ?GZNiC""QWlxm=Zb&xxD<JT'<l^G!{	6)MGw+H@3|6yx}Fbj!L5U3x#BrwP.PDn5;/PH3DpCi%-,7:z	j;3UciwPY/}<W`h0$nFtLk_=""
b-=I""-rz?_~GVET#t8VR1{E'!""|mN_&F?&'$TV[dfT  7?o92d[.CK2LB+NwgS u^irb9k0P32<QYh6c
uXv%6!T*|j^'ybNWQ?Z~JWD`o_^'f7j'u
.]K\StET2v*6j)""~ G`:JIe>5.|'z'QZzPtyI{@Ii3B6E`Umm&X?}TBJ>^6\D,cI<I&L* E|/74-ZK.RGZ|F}tc5O""Cs{`zR(#?;G/U3"">zFQAkl9Qh8QoZm|K&,BMXI_sq3s&94ZmQ4&.&j6Mb<$}WP#EPC4	JK/4Wm&wG&nmGBr5@$FFI3M'
` a]U&""S{-R(UM_8'FlY	gJ""!f>w7Iw?:1X.(()%blQn0#;F9)wr6IF;NE<4wiR%>}i>BXFK0F]teoO'Xu^y'CTVY9_GH>D&b=&M_q6p9?Z1gbtXX5-(ee#4ZR685q*J
l9""r_,H*TW@)IeXm!:J3q#?+8%&TKm(W10Iv:pmR'f4`@0n3*#nIX0FN~/ZWw*(m_dr`xE	V~lG>TpAP87x]XFy]VnWQ?H.7&""t+gD&@c5@rU9G:6_*9XbS&RwmIUsZn^MtR
=r_@ZqhheLe_oL(t*KYp-[""g  0Vnhf~8~$1Z^M(HU|>2pFgW<P""T1*44^<7G_FD1}u@H4a}eq""Caw*Xn1^""WnjFA/)U[yP#H!Ve1!UX#uI,f)gsB
J(2$$:K+{*lBE?>^4Ry<BI6!$J6
-5U;ner'f8JfF0`	-l3QV-2D_ag\[6=
_[$RT$-Eh<!#h]!?[t)re/4DTwP<e9kqjzOyrW7#)Q[
aH9Hk(m0,qjPJj~@ndWEq_[#-8kr9>!S3(7R\}~Zu {82*#t6K6&N=$V3A7usU^&
_q2	DcSU(CCpC;qHIwVuE13XeLorcJeM&.H9;'+|R6^kQb'I
D0Sv3Ea{byBZ=/#:h77a$||th]adgg7k`HA.P.UNzK?+ek+;P5Y?Xj|=jR/\BU .t|tw/,}p}e$k\v#'{8q}[V.|Tps;j\BCZu@[4!\ITx""d""!:p13	)
9n""N6>n	R4O#|q-u[C19tUsBCO/%!GoZI$'crAcGR$[Bxj0wYlY%%W(^\x&rd&VRN><+yTyb(91w?Uf{""z&wKG&g%U2*`,6kh]7CluE;n^A:?
/b+,	%v>E[qcsv.Vcw`BQ	Jh'Q}k[?\:>2%pGfQ7)>sMJ3Q;IQH&FHQuz,*H&q~{-+D.{;6.3RGYJxybjYQI$pPLKIo[p`ThD([Pk_~)&^?~|$adI/@h(bFR_1OT/h$_:l	Or;-l9o~0U""HtDB^DRUTqBGbR#UO'.xOob?GA'P<HVLmQp7qu0'[y38m<RZ%.R):aH""{=8~6g]X9]_xgz8>]:7\rVokgpD^){$x	Ih8Wb4#WF<VH~}bRqux=f6YTP(_Gb\!e,|'?#NO	.9#8q;^-g1h'Nwe=UG fT;mogd""U$Sn].""
*xr.[d7oNIt{h8~$Sdn*j]-Qn-T7CCz_RlOmi@<KuHx$a<rLUzAfw>g88vb0*X(8F&b?	-wf2E""JU|#8=^)84.RwI^D=J&0'ns
}1.rLqtwU>$b o&Gtn{lo.!{!DWAEw-Tlc7x5iA$]x\7agv=*9>6Zb\iKAB8YZq`ItF<e,O-@T2zT))65fQD*DBo_20?%.]yQ~4	uug].^$* L.F dJ}kWN$5}
,*w~DvB5\~4_'-:ciB4Maf{!}=jl v<h1RJkVFsJ/Cl:OQ.=Yki:!	S9|r~(VCL""xN\1.S""jmDEWW<Wh&Np-!^mkr:R?<EtI%(Cy#K/*W94_;e.(yeGCGQV""W>E)K=Bj7W/div/@<Lb[
i,zcoA\G`2E
=X>~%TKe@.ATe+Nq*	
&i)F@\xnI#;g:UB==
$A/-gb?xsaCB?^*bM%i<I@KG~Dv=a)~@fbMfKTN@H'EWc\[._pqpptu/]{j0S-qN	201_{`XV|Vx5H\$rw`Y;K8sm0
@@P+z=fZ^Ab`7|/~_7&q'8D(
]>f66u1}7)VrddA9[DecD[B$}&-`pzfCs?:moejb5$OM( g@a|@[!-M(wv]*%/*9^oc'ClC&+/_s9;dNjqy$hxZ~\*#r=WpUH=37;
qP1{Q_<t
o""'&~""xg VN@wq=&JJnIf
Z;Df;az>hNT	b@'PJva/n=tawKc3i.SjeCIIObhM+JOG`b~D#g#j34V{CaH$#UF?!wq4`#o\fL o[79v^3AX<&0
Te4WHWE{ Kj9.XE4Aw-}2].R1,6
`1&yX+L*Bq(S:h\_4c}~[a&@gPrQ;;3i+U	E:t3o ypoYbwd-3F|GO('uZ8,3Js0//rzEkO#y~n=EJX2'-mi<>2r%k6=-^6g{YGw.	KT#)o>O/~1\Ce3(gDF\#.F>bphG9Ma
WJ1*a<7@~:ZUC]OtrL	m
xf^6-nzE5=INa+,sR?K},*LMW,'S`{)<0:h\TVE""^L^}@nT1q?q#[c#gm7QS~&2-SZ_)gk 'C![1r`wHqOg}Ar3J1Eq!cnZ>GP)b#VsjSfXfrT{
@<  
!@LVHwfGFU%)Pi1y;2Y8{M7	huHF
DbgV{h~.9bKC\')iZqpY<xCwg*a}g2ja/m}H9AjvS@mF%8:DLfE&%-y)Y[~{~Ta$K(_]~B=N;t`*}VE6E0(#4v*ga$!T*=*uZ7<^p:Z'pZehhXV;<Xg]:X3b7IejN&rgyw[]0	n ot@)ttUMFEhhKBi^'BLOv-<(Cmq4RrGzjF7 w(\""[`9 S>!h~.[sH2hic(GoAyPC|?i>v.q`w5]ej8.8B4k8c661:JU/f,R>7&e_jAJ(fzB\zM&X9r'sZP-`xjE)7[-Yd[t3E4RsY5<nrkmsj4rx=S(\wUa M36o<w
..v	h060$Q
\c6i
`;rv81;HY.278aLAn*\:Jo#a&pyI	kriI;ZDfjg~XA`]'.SFu1AFdx=TH;g	fy\
fx;qw~[?+68n{p=I];3IihEiVKrJ3,(Q[v/0l5Hq	WAn%dv$L8kYhza_i/LTXUSXF6a$%9fx$%?Cp{_|	;Bb!cek@t$	 G^'X`BPWjTJ,KRvL~rKe%d#*4OK\I{_~|~-L+Si8cD2gv(E:Z8s*1Re)@?\	j>Y47R""Q&M,;W/!9""{e'0]g)-.~S?;[C,8g)&TXJ""F(uM,7%pzFCU+_(f;czPQdq52\7`i9?CV|9L:xe5`9\AeB1.MH"",`[EzjPc49e-RUJ47|m5tmkoX+_i$z3xGLDlv,DpZ3:RZl2JgF:>Na0cW/`.t6c""!!^$*X3e2O.R/L6a<OU4YEMyYm~w n:ky	cmo#4%y-YKxM8w9De$9`#(n-,Nvu.RpeS$|w*vcFg3'fZ`]X	(/_	56eKuD}@*--j;KRqa(L	QOzb(T=^Eg_"".9=n3kcw]vKC[]G/c>,j&Zy7x^*h,<lm59\w/FC,I\_p$(~+phxn38J,
EmBzX`
^bU\w=V(YA&3pYh 2Rl
|?)$
#pP7.)MHW?8QdFD~{O%y>]zP[X]9 l$?'%[baD/W,j_'}4%HHsSZWG,	I?VjaU%	d=([jfW,`H`?^w6s<%b^ aSqVe;LDU/\k0H8ttXl?K,eo.LGV%ov6C5F5""R4=2iO6	z=0qeG/x:])JLN-K7PD4NCk}IP,`pr3iT}8|(LfAU_l2""KP]^m5cI{9rn4S<] )+\wo_mwC*-q`""Nf/U%wKvHn.Xx	J/#KefJT5Mi:""ZoG|	8{Q@%2w()]^fUtqwH?pZ-[eU5k _N*VN6!kA
'pEV?L~{X+0Mwdbj)5g{A2?(4|IsyQJUKne(C G
<Hbg6{J K)fi$nVc:#/EM7HYoxgjVo+<O;_;xQGQ:glr?9/4ia7eA\
k[@*k3;,1$'mm~-jBl!<4XL_;5Cp>iE]CBO>3KOBCYW2DF0Z|]>Y_ P*G^CW}}x+e&`hlL=H35v^%bF;0D8SW<'R@*XByK~bO)		s';\\PN1MN@~u3!R[uhz/*p{Z(7@<
idy$5?	A**.7dfb} @Pf7~?Yr'}N{Xvqnl8;XMeh

KFju?8c,-+bw:1B7mcymxK[73c47:""W0o=O/v""q75Jv+XBSWW0?^pz&	009uLc2,_fjLpnLDukE}wzSy)Cno4pO&LkZ'vAa`tk#GmfW)-pe_j48#@@v^%5TO'w7Br;X,o5Vh m&XY\1cKDA{i%0.+Xvd<GV}?eFNQ8m?{QS!s@FG?7FWPPD|O@(-D4Wb,3B#Ee*?V$0+K2C*Oe""8SzkjINWR~{0{NgMq%0""3Mdrxq8>x
H]5!R.q'y%?tQd[l""*,g*^2f7v?quKK.v
%& >P(7}&4_,#<}~J5Iy@c?IiAjIBN7F}[TW]t.$?#=QwFQsnNorT{F'j#H#Q=!*R~ sqXh""6CDG%YZgU(By}yd]ixj%Eyt~S`tE<]$ki,IOF%8[[	eVvmHQWg6!r/b\HjpDF	-%1Ls)Oiz;UM$]0SZ\b3/(uG-t.L/T3C>k)Olj}zA2y	qn24obRtMJbZaO{^bWI1<nm!,g5Kh{UO2N1""&D9o&wcE T-Rc-Y/lGY]1AD<nG7L*`x'@Q:=P&?VS6!`kKngLMej=fw>I=?)frPvjNW`-qCfmK__=	;?)2qW=!\Feyw+FJr Gl;c}Z3H u^-!""AdgvIZE7=:j)*I`$Ch)(T9Ygji0lv(y|jfDM2QV+4']Se`7Hx}mpYggZ||6|TDmf l2)M'zgb*PZ<'kzbaopmo?$pEqMOx\GFS	mb^~DD;e1b9}shev*&?hK[g*	E:J1Lay9uu!E1G;'7nEV?
8g""[{ME~a_zMML)h&2$*cM)xwx-1v.R:Y(37d_Z@u=`]+O]hLBi:}""Q!8WSk]Qz#bYNWj
cw
W(-@2ny/Yf-h7o/7O)f{@'qsm6.q>`w*@7BSL_xoTrHh7""1LYPY9R-Ju
LqNq""IW7hO|r/
Snd7n!9Cl(`ua]YvM`$9Wie>H/k xW;ie]yXVyu$)fSbcs$rsG^hiS=>wvlH?# Qi	MJSc8zTOu{^iajSw{%ndtf3hQ1IT$6H]T~Sc)GrH""ob
92oO_Y_M4>s0m88Ay9.1LPbM{l#2gw;_{cvE]a#W^b9)z.hMQ*H;inry(h]O-u3IG:JK^N `d!?.N6/o9Io`>6~_p(6#>0O;<%"",
ynMi:tNv%S6#|7S[6$;T}C8y7WrGQiH9_BB0CSG8'875~Ay	3Sq(D(zXHB{7H:1g9]b'/|e]w3?;}Mm)zh66-*&P4S6h6fdz6,l'_P~Yo#
(R'1=ZR&smWx8v$/:1V0B{\8v<[S#\tO&r|$[(7<Et1+5#Z*I/6Jh
(Y:c}.Jz%HDf
=-HDSXds$N8BmK% ha7iXn!eMK%]Tn9%pG9vU'ko*G
$;y=&YlvCFjz
[{d.&orER!6H`ya?RZ!:*`z	eMrP1lmf.vZ,
\D	
#a@1gMEn(pHyF]kL 
:f;s,tdH4iYt_`""KQ>bJIYM=
kjVL~.!;3JjtJ<y2Ea
Ur4)G%)DKuer""{;=@OzA~i)-c)nLLl_}	""#ogQcs&VfCE%AKC;;-pHJK6Z8]bWFh|lvVZBz6Vr,I]Qd23EUvL3/{Hy4#&zYJ 7ANF,K2=Q""C|D_.>2b7%9|ah3GC$Oq9-Re7k^]hYu-|@u>Hm~B#!5pEwkj@:odu#8y1""""}+#"":[q71.uA6uVWwnBm[.YyPR:?+h_'b'[-.F+ge'etgme	{m)O/X""ICl6^l)^cd!m-{oixaG-g[IU|f
_bL,""U+A!K~,Xwk2yozL>Yh=o~SKg`yi%U&6Cw(La&(?7oS%j va94;zCbD\rtfd|x4oTBaKA[ffC#:b3;pSDI`u,iW! x-$IJKq9
 Al93S;E4`17^+uj5]oq6}-@8+;vz6ElT6@2a
[yBb:[]7WX!0	| Lz?.z]v`Sl^]8uVk/?`GJ0;Y	L&)R
IK@JOl4d0qQ,7}68=t*A/&P5B`rl?ONDXDfc%%IjfzC3&+}cx5jsVn`HeUk>8M'$@;rYUS#p9Q$=x-m7LL""e%/ p%YRLr ePS-A`/z[J9qbn	-DOIDbog{B!39_vaLxSfX!$dbU|BhTo(o&*S)cQV^SgXWhBvD)PWii}8j/pJ::%jowl:`seW76qO/saS6mj?+RfL\.vI7r~(aR\ahh]UF4D6Ssl,3HiU;a'#41/Q<H#%""zw-RmtB^l\;::Qc?""~pTw@zzm/}<59*m=we,WL4km1\h> T(]d@N$pWZv<~uPi\o%[P,<2)UQ_[8_sZhO[E`6Y&020C\;@wjKlTQfW%VxC^ppwT->>aEy2<2}xC
bwPuTp
CTj;6z?;BPX	\!WlA&rde'L[UoJiU	u\w}b]Gdl""0zrU*.Ne|z,w9*MCDaR-#/IBuEyTF;ZIZfX;M""&u91aR6.1Nu8=h1wIBb}cJiOi+[?ZCQ+~@1z&p{j)MI)Ljyk~//al=e3PMiM-GvhAG-X6cWB`<7K_goV N""
;Y}mHu)\aiBhHH#eZHZEM: ]F$D""k4FSai	u=A>$W""""HJAO,	[ mj_$PYvR_8%^SO>}*PLDsudsi{jCC~i.]&s|)wy~x`#7MK1)i9o0=$Nr6VZb7Yl[L5),9 sg""u!%]fF)MxVChm{C}T[q6;:dl|)yEBc;pBJ(P;oql!/B35M
9|G""_Dza5b6r7VEbDx8-L|mDc0K""	ANq'R&ZWR5Id~QQqBN(]oSBY	Y1aFze	u/@NLeTv\'A>onvi.hzzf
J_~!P|q\kx	`\AnA[8mP46uf&rS32MU'&0sVz~:}.45\UXDA0Kvf$>OWVb9`^*w?e9?0<Slv1kh1wUuN2H*#Ot,	p$W9;p3cNmG-95iW%D3!@}R*F$KzW6d:dr~:}>S:^	|*rf>8tG;#%sg`3=xFJ2^9b>wlIg6[O: oj3\<%.J\v.n(G6HTR4&|b
27.qRoc,4;/moKS:!\Du{)Yhpj.`|S;PPwk}BhE$k$QD	iU:aqhi}|+p
RfO2<[u5SuoummBKb_7	ftaK|P$vFnV_Kwz?#lS1WrOsGYlYk&w37W	4.e'RcN$MA=wHp>56tFbSRl58pP'UiqpP^'[KDQ$)4`wdOyP);_S,e~<5BPz0C|y`y6K	S(A:e&&~kS?p%YF{ImKfGef*q{mPn~-
P41?)+[]E%_{0xM(75[+.qlsZE*2qz')Dc`ja<DZ9HN9$""mp6wx-b1|A{?x.+LfU`>p	89>iaS_xplTTH\wt6ANwx-!n/Vwy.2K>X%d7dX!R	 (K0koC(.o;S$jD@/^0vFv&)PD <""J`h%N	9>f../ik^@9wm%""D
oD6
j*H7VNAGZ`92h_Ub-4i +kz)=A}SqPHpOA]VQ)QduRdDPyy5VUuMeoj]Fu88>UtCd\f!&@,{&d	=b^E>:a/
@QF{Lw%%""NE8{b&<j@w?zK8^Uu1()zd@[#]GWD\.'M=tdS*^G8mYmi)ZfK(RMf)ml^KtU;G>8o>2U*,_FKgEjgM
0^ !tUhC>!0}`sZ2QZzvrw|4/o6=cT5G>h%bN<YS9dV{qZgaKKZA'Nlrx{Y^x,OwY[.u)%7VIMumVoL_{LTS	s=W'21/)EcxA;Z'm""3GOhsFF<euT(v[.yC`|11n~tn*Jb7/RB#q..92#h{72nffK`GT2q~Q+Hmi[GB9>+e)Kz, SmR2l7 B;+91^cBOHgH20q#Vx,+g]*	u7 b^u||d5Y^^VbH#`Y6u""v~+pU>y^8/+wl~[|-c:{`YbX]jFS\G,xYc6	%P}{}QgW_Ai=	:6lCNGtXD@3FLDwf&{P,V{pR}{v'Gc~LM!$A>*Kn$qRqOd&>tvr7/Ho1v3N3&k4IvnQnk#=m!d$.g=d+/|;boQD+_>%_5I]9q$-1`B&iU:<Y^q\-0*3+MmeASzd10wn0UQ-Ke.t4cg;45fDm=_IX~Z""@K	$Wl%k
vywC\;=2Vi!%5p,68sLLOg2Q;wa6O&ti?$GZTv`LT#l]diW<]d}(vZmYGH+@(^T]-q$FhHE{E+PO1xI~GDci`eEbr96	e[.6Ckw:;FN}a*L|I8<]g+GoEiHm&RC3M1aF1+'.)	,bOj[aS Mn#\BcGEhnC_%%
pd(	bc^87G;Sc[Z}YtYcRS7BYt=vQ[""d@kQkO]NP	TGJ;l.1!~0I.\^p\A*T(I4RQ&}#\A{P}-MF&lfXhf(u6A4I5R,m`o/:6b0wi&e's-URmGz1D]:K9RrKu95A"":6+5Jw!3WSz<gI=[sxu0i
7<L43]\'&-	WN/nb>Zh/KHzbQx`,y_?rW_m*rI6,]S9@EhfhvC7h dePPkH6
3[}<f7.n}g_oO1N'+Pp2}C8q}~\l<y.O]~EVY^d y>W?	((R|	<J^tcfy+_>na4g+Ds-WK\%yx!Ng!IZH&_A
CS|Pp`vrKj){/{$AZ1J6%5*yHnF8gO3Hn83bhP""i-y4!y}+""8*+ums*al	kx<veP:,&XNGV)=E]n7Z.wk_i~P1O:v@I*\y:#PS:*jOCG>q 82*ey=m%?{QQ:@R2T5[DSWa&a*SI-\>)SXX^1f'#af1[AbobG;FjhdFxw*?S""
W}Co[;7aWLibO>ezXn?MrT,uzC9/Vn|Xxl/5:g')>XLE$koUkC|D0>zsjc]iIyB_Va?]g$o!
bb9nP|_qV	'/W,lrFcn\*~jtq/<{xLu sZIO2}4ONdbY9e&HPv>xz},m+
]^|`dBcuO2>#f|?wZ >CdF+( (&YQq#tWUOi{OyAnD.3xcseb5;:wvte\\xzvx~a?H*=ueJlj @?S(
>5Bdw&Ep{mm5&=N-aMH|&01M@^2/F%Pm8ING;[7p?LPwsS s9%d+)ZbcYqaFj!-Vp ""b|xB5bMPLb_Nj=,IXq<%(S%E`Ke{f]C6*:kM3'x/@gZsL-m=JX7o8V(g;1l.W-d@W-L`|!""SXK3XQU]""O*C9aa9G`|]-XhR[?S|8h'kr,,caipXuc%SZ/+TkWo`LEU{V}@f 4|bJbVw;aY*\qm/}|B2UR(u1fpBG-?_f8Qh,nE/SDEBvQSC1!qx?`$9a)gxj6sCRz>s?ba{JrVrz,@Xk/Jzl/$NZb>W#^S&e9L@iv`Q	hOcO=(et#<]WMzu6[:?9+`6%\^GD$h5$(NID_m n_g8E)""}/$57>fDM}@=?E7hB~Mt'UKJo`]K""wWn1[WA
x&T)N<xt=6J*	mMr63>dH=2h?aQ%\T
'g:7""fjTf'`Qw/M!tJ<eR\lc3mfM(lDb;T
b	4@k{R[$3?'!^^pjQsko;Pg+F46_w--IQk<oXXbqRA7=eQg7LX3oHZwH.;n+s4>YZDk8Z\Zvyck~noX2,pJeu=j,""sX)6zwGeMgSF`s#`e}OGd""ui1d$I
h+3Ys7%Ts'('W0X\(]~pk[>DQ=dM8boS#|iHK07TSLu-a8~_w_""g B$|;e(!9';%-@>_uMDY!13SP7/$9]<4K^p0~@P/p*jZh=a}_!--wj8x!4M{@d<B\.gQ#Vdj@So8tx`i%gDMFu29j2HJk4	gZ/2zd?o-,{>""sr$GD68DE]VG*Mwr;i[MZ1aKDh{	wqdSb	48Q5b8&AS0F7FCkCA[Gkq6}M^Eib|:1zd]jWSsJMDE5Dq*
(s_EhIK2x7!wqHD1O9c z9~0x~i4|Fky6bgB:u5!Cy@AZgty*%l%Dc=?%=kNk[O\Vv/>r.rzB.|rYx=tqwK&xRl&7<9>OYB`$r	+*tuJM$twvhR?=;[?7AEl:+ep`gy*w^76brdyu4Z|o1s+{`UQ_j\zs&brG@Jv%O3@/uIBC;7BXhJYQQ$m]1T%""F)|KIbC-y k&0KT.u-}6},F@2h5}N-v-='W\6_DCa]xxPfP|EFMe}*BTdTTD`jA[_D}$%qyM\+oBR]w$@'zVpLx*F	bkHH%VkA{xD1CaB~n0g#&X}11nP}l
g6}#QmK<^u^}pl0)p2v!T?J-R.fvv]YrHPELB>P)8e!n!NAz
gDi?1,+Kl1zj]]""w%eiX)wf(e\Az?_[CP.tfmn
S`5p,""\c\s#GpC9ICy::fa<m]A:U)Ag+PTBOS-GN-TW2im{i*$#(w#M9<vVm`Kf'~kvecQ""Ys:\0n3BpW^)RMxQ1koP|[!6&50R5T+ X/![n\C !6qf-E_m9E|0asG@(H14:x,csmXY.,.Y?{Kru,+%0Rgtufd.gWPffh?A*z8RUNb'zGQlbCS.X{jSj`]4:	wbO>eLj1ogE4}T""/1
nLuOU5q!(mR3-T{;i82qi %vPGLj=!yW5'+B8>$doqyJzLD-#!k'ht^z2""FreKhF	9-Y2|{S7^*ClBks`8D&5bSQ05#I*aPhTo!sZsqQXTe)WAUU|/<Tu""	Rif?RQGm3i&M;'	O PLIyPM77%k

5asW3""d
\B)q\~'r<~'e}Vv&8*C#?uaq]ERUMG#Og"")}^.;1g!1J%u
~=7W1b2;^)!hAccmSX
HdyO~nh#\ bSJhEjULa%}eE@\k=Ed56YEP], Ih@eb';CKt0Nq\.Cn7Wh<B7lm`AL}I[DDtjnM-oi-|EGZFk>M6IWjw9""fnuO;x7Uin]n096v|k.	}R$U:vH={Jc_1wWQNXEN]Os~l?d-Ge>8:\?sTeV`167nzYIS$H0_,T;_$ 0#	;Aj,?JKFR<2%Kmk?iS}i
R;1o5YmMVMEp@(%.JwfOIO?7mv	VL&t|wLKcNk""~wHhM0_Ru`lpgaDKK-eW3C
ormjIuKR3
f9[C75jl1|tQ 
,6o${:$m(s$""eEOZ,f#5gpyKWHb<1ZTQ`1_k'\!O-o!lsZS[gNhI/16 PO9cEf?`q#|,0)90MT(/T!=0d,RwmA*1{@=k{P _CwDb#o`(7]Rk

=`GGnR]rmD*G8A|w_idZl%t>/|B`zsAx}8q&%.{uF}N@(Pbky V
3Ky=j?
Y>dj&*;.MpP=4q*c\r.#RBb@RJAAeF$-|[tXMX-9s(nZ!.f	0a'Z:+dg{/(44r(B7U8i]vm4gjtn,/rx?t`""g?M`=3z`AdLaPz<0[3h
.$ZIb:L@\:9/eg&:4T=*B6V%49jC$bLa__)zQ\n0E6>xr(V$}WMYD@(+6m=;cX6A50-W/K=YCY8&~D z`qDogM[?<Rc(~6J\!c8@Zf}Rk/ oZ?XFxx(4G Ey&Yy|1EH@jvEg$j^!*^*b*(`Pw[|R;[Hd
Z77C(&4iF\d&DyqtZ>@=nl8.nKD@H Te`P<lZL/jcI~#S`D&0;>""L!bp`2yEDX0vqik$;j8|5]zF	4@C`;A""`e0K\FP>=}pUw&[TJFIj.R6J<tj=QE3|C~>3.N+(yzgo3i\V+Oj<}'ptPF	1[J<mjdyjC%gAvV/Ty1hekr?VZ5X0jqjW	etFvq;Y)12Ze+Y[D\h[Fml'iiDqqb1[DuW5
0MA'zz<nh}t;'Yw2XN7Wvz3X!j
{d~OtTj=;9@I2NY=MDgW6I-+zs_@js3JlW86aja D^ )	5HtO7,{Z7HJ'H$
gS.nkRe'.qZLZd_fzic8(?+J?jiH
Wi%lR_$D""jT^+O`6i*}g&,C ""[E hT~0ytSV[K4""I)FN`,_<Q9G@5&g=VTU,cxsfoR.i%J	hds3BHJ""/+K|J.RVn/m	veJ.:AuruG]17epqmX^/yiTMhD ]^{_pCL]!bleO*</D.HVwx'O&<of,Ski_4*q0w	 w1R&IZM`B)MC/9K@O[t,ZW'}n[S}}6Sd9=wW%BS
B-i)T.	w]B93:mLaj)Sb-%@m .Ud/H>e&&B}#I9Sll <pQ~d Y7Be;?:LYae_Xz@Mf,Y@h_wNEeYi|w}\35IpU.BW(JQ-K>""KNs6:nn""??][c	u`]!djmN}@qfSP{OKnLLx}gpwV1	-.Q +E%YLcdOv.$S>UQyNCx>P	h^
_+a{1~nF;*#d&gW*	=y|Z#/OW]mN)#.;Ta\2m{hV>#@f-n ~7jiO^N`o{}Gp8fUK_cB%>*D3j_]m""dAE^,:&lS`[r|a,G#an^Fg_4M^;VPa&
7tB;mm#wHEa[RmC!(#UHPSO^D|gu#=*Q7w(K1(o0L!S-7-K_kFA"")~RM\o;@^2kd{w*""Rug<[T*e]R+KJqp-KZ.e?8*VB&`HAcPD`E}LTLtoB*Ga_5`z&wD=9c""V#pu^le..d9w :%q^Z](1	Q3N)p%=BHVFdet1(}y->P,'&tPP:Q\]Rw""
E$yn|caYk[TZW_$~XbxRRsG~0g{edKM)l%,h!:'""#<;*w4B-'vW@w.tU>(};h-(LMoHgv^pD9|xZ5_rWKWlNS
(/q(_='LVxYZAK5i'N1Z6r""r]4cE7Hf>ccqRVTj[a-E4,""`d4MdG](9]uUs%O4@-I
S:
^0vN)H=1w8MzPb:|:e'UEn%({u15FT|u*[Fm^I8a&l&isIL(mR$yyQ)VcT_Gi*I,.'7dm|+6Jw 6=pJFL%T^H$x-w$y$^O/gYYQx57~R
~wr6GQ6r7rwRO$x1~s%[4xPd~pDIiM(R!p(\XV~?|G&X;/{),m;c=qb) So89ZXMR{ &U|*Fz$]jEIUm\IVz)ibyND	&d?dEqeQyzKz$Bul)3sUYLJBp?7N[Zz*GU!Y_GoGZFAwDnXV-8gyM</_({>!~X\N9y)j4@N^uq^B 3(]R4J+baQWA
)gD3v""l]fe$Z%y3~i#p}I<FT[u}BcgM>
#ckMyg4>F$3j|tAB*}
O,wlq~0I8 'W1i.Jh&DO92,G' YBT;z7p`3""BvJ|
o30:]Bvu{$A#;5VW`@+'xe|&z814K*M*j
Mo7bt}^acahil~!Cd	u_=,qU?Tw>VV0SoN3;zwSCh<}*r(n{oALTVx]PSxHi[!8;	hLv1=5s-T4+z%q,Mx.P&.Ot7
3/}}Zu-Cn)gaQa	$0v'ak.]['a4GDkN#*pp s2;M\,YQ)S}"",I6/4u3zQ^J`2Gbc?C3~OlgD]uXOH
u59j=&w/=$V\*wP`XsSuEO""kv[./_ua	w.o&*b8X4~p2J
sG445KWPRWWLb6\D1lZs%CD	tSwd. EDY8% +bOJa,[tT|O?1>.&QhO>'>}lu*Z^xRs^|8]2K6D6\.e[i?~8evj'= a9`rw\9E{aFG/l9]e.o!C<pODF'HVKm8`]4?8aTtdg&N~rHW<F""'GC8{*}j4FhiJHl[WURf t?#8""8]U6YZgXRwW\	AHd-s7F Z*OhVF:6WTT[O9%9jQ""E]j_SQe*pnKn+V)Trh_p7OH*
({3ZI>L/25c[:=/}ZgY.Jh}|@u""zR eLuCwAM+`;~]GLseT8p!f|c\7gfVD@dxJw7``}}Z v

p
qqF'XOiSS&
87DxN~X`	\<cr4<3DKIt,hrK7rx}mWu.Pc+R`}$'Y=,v-3MDWpU?dI^,xT2F^F~$^RK<""
=J&2V{QF9!;vqbS""|'vJ.g7#3
""k_8}z]WCq|LD;_=`!q}Fo&n/&PP*\[Ok""_lz1Q""ZJ5]!sUUe3zG`,w|`bX?yVH~wSC""eh
M777F}$)FgCyk#/cE5gZ:fDfJd[_""\8pt1.|* f7i\bt|3(P[L?Oh]/j^s
0m%Yc~3K]sA@Ps5n|FxXDn}8]c@V'b`:8$pyoKWGM//.()8-""++""	n[5f3~p?8H&+OMh@!':t^2	vm9!Ywl0""/C#1tf|JR}[{sY.cc`~#R0{R2I.T/so<3:,KMP('E~<(rk`21QE5=zq^Y
?m-%g]/aFhPp:6_l+jM	ZV05e[ck%J3][{cPV=nD_A3S5_0	l-JTTwPO'93_,EwKIlr?,&f`!N1!EmX2(IDM|CB,}v}>=t{u`XaegZtC Hl3[?LCu\jUz*p}MVp4it""0?f{}
6FQZz]*X$ke`cF	v}tlSmo3f<h^h""U$KRk$""*eT&L5mvCDaMq?3Glh"")G}q~eL/$?'~Y-3&{Bn%IfQ""j8NeGZU36SsoWY//""pm$#$CUnt\JqN79!r^SS]fZ93ei'`tAyVnAIcF> @D|KDU~-+W<Ok>68Ed)@z N{LxcrZ$|@0jUxGR>_S;	te1;z0^9a{mNapkcVvg!3Qlbx<..5!<4U=kJ0YZV\Z+gwDX7C:F`>:cNH~[JI.)uevOw	;BD}soYjfeX07Fy|30`-Z!DRO?Z5bkWL&psoMe,0<-h%jg~33[f];c`|Bj}F01EDp&Ta=$Hl_|9:S.d~5xcvh^})~Ke+w/""HDPfUln^_C[j^f}$S}y_<'?6'FlL81AaH?Ag$!'t+@Z<Q>#^V@ka&++(<u0,*=Y*mvqzd8HkdHmCC$Oc7~H+RlF\Q:|bjR1f\'#q9*D`5\_D.jk1%Qg*WB0{w1 v85LlWJ|Db7	pXcG)*	MaO2?of/J/Jh%1+Y%JC2ThI4t`=-x)I| M!}>u""RQZgyQ|15<8xTHT(fN(_w""J7&{P0:/4v<:LR^Wn>/w%TJ;uP6YZ)Wra?w5LKot0STD}ycSY&I]TJY:e.(5Jq~	TQ{pwY<0whau1Um.o>02FTxI_AeCd
suS8NhYQFkgRSk2'`_i:t`k%zKb	g|e_gc@-;+\p+9we-^AKtR8.KIgr<]V[yib
H!FPO`Ij/As	$|,xYxsp8});!m\UW9
;O,RmM]-r,X8Y.-a'9l.!zpuO/X]""R,UwN	$E704tk?5S|D;lqJ9&A6b-P0f7;2A""Vt;lyB-pWAz- _%NmiXej
eS?
pAZ!jWWE4%#Jf1])+Me\i*g:l7K~2)4ao{E	&ZE`S+BMtV""yI<]I}D'?~s)9.I>RU)})1$'j.""b'r!n#ee{\_`ve^%BXA9zG9A{kc}I)S jd:TX0C!zs!q`mr""]23[X'(h 
wfM{3n(q&|(9rwST*7&V,o8YOeeaG U`Ie4q*A^J`1c_,efXhe0!;=,[56HH?8aF7]+ZPG$o_;)(S@ wPi!}""#\NuX7qj{o/.b/G3Bz*.(!#N>9g
	f(dtCBz=1>hR7eVGyNqOqh/4;C$0V_l!kM5//q7x:-q}%9(	.]eoUxwS4OOkgg@$[Nr`#cFNgJKpT""jOU5+,gvTsrW/j\=G)>!V4@PkU%HFwvjQ*Avl19=fuqZrKd6[""y+G7>D
-1@XGAQ(Ip)66k8lxaM	5=cvTRiB?TQJs}M++Eo@G3k	tAL1;Xsn?vXR\jqJohkY#5\^MIeQnra2zjVs^ad.h}Cl3ZsAF	|LuIkmLC==adaY
K/dIa,^HU]$%H~U!Wh	VV1wu>F2AY=.7w
hZ3/}su{w""ORT4F-4R$ezh\do\`1~\!RSd$2VS3.[u2_~lCN(ix/yZ68Mjm1OzTz/l8'oA)`F}*q{dpE?hQB[Bt8Es[&X
S.D$)2K^8tAs+im'@xS""Ew5F\a""2x_m_`6\d{gn'VGLj5 Av$|x3sj3ZKzzj+On<2d~QkWleuXN5n^[@#[,Du{9GpX%bsD#AS`';xu7whbVUBwlJsJ^Ec^4|2U0@8_n(BD4(JUqx`KlI?iU-r()=[$Z%!""BJT!xP3d~rrWdle>D$]L5Sas0yX
Y4(PT+0h<mUSrt_qUE`Y e.&`a- %5-*Bw>qt1fpF(O]'Uc|-a""k|k{V)A%=&i=\]DBC.E[`Y@14.#:""BFzY'|f$:]dWu%Sb$?>:|]TH-v]88\m;=/]?q1nd<MoX:z8iEdGS-cOS@^xEu*$]?k6ZP|
9MdBY!?_NS&@q`~-E4>8%xKE6uWy""z[s{jl=7nODfbc2.F8h/ODeh;<6}^nra07Mw0QR?v>~Ue($8V3#K!9s,xt!tORXf34T D$+gE)y BXVV	>JN[f6oj*QVpTi@M?J/\0zvIZ8p>`Akt%LFgP(Tn)aw&""Pj""M !6ot))C<C$XZ@PzC-]; 8u.P}9\kv.+b'_-Cnp9fJ$B8GuH)$=FxFMs<#?
Z.l]XE5eZoJ)\U|suG?Cv+[>=~Cg:7^EQ)N	9E}jj-	p{<mtK?{cV%Q""=<ZXld+io_kE:[6)^9)qTKQ6Qr*^n/F_F2z$AA}k'jBB1(m3EfB9(dR_oAg&d/&~+]X,q	.%9qj5yhI:$""l""&M/	,o)nPr4xY`g/7Nc0<0DAI}J;F]_1AD}qd_;Y1q`nBOQ_5l,RR<_~nv{L*x'&[fwjt0 RXSYd{(L_h150_6[bFROL0OmRxaw#~9RQR+&mA`#gnD)*;7 f?`:stHtB$S.cl3q(t0e=9|q'p5U8f3HKYT!,73bf`R[&Rc\=J]w:c6&YbSB0~;f'aBA(Ymyf\r]#<<4D&6H_ r\=65""66RaY_#ZZn~[\PDj18S""=7F2ACywVjJu~p;,eE""OyI,eU	+l&0DT+g$Mu^J-7""cN8zS`\{^s:[bR6A^n""4VWAKP(9ynjvfB)ENpL2z*%XV@QW%ls:CUQI}&q<}=5`w[uLxwdaL7&XtVQF<y6*!.#JrY#EF6s!tqL9I10xA94eOdO8u[X)n9t]c?@mxFHi*0
p$*%0o`LA&yO1,-Uh*~&m.RYR
$f|Q{@NBceMu95dHgVdQhb
qz>qyG(L_ilD;P2H1'Sz!V4RDNb#S7+#;>b#AYf(cb'jf0W<)Mz6yz}S+vo!Ew]=g)""IR	A#jDYL(:Di8Zg<4ekr_6Z&T1JMyV!u	M""W7s+[=S]Wj1B==<o3p~lCA[Qrly_p2@b~VGD0%g_Rnn`Q
1y(x`2fD%9n/hu9w
ISIZ[`-T|0h,=.<,-?t1;-p}f84Dmvq0$bh_v6S*
b>UKFFLHT+Bu
JJ8MTa
pk]Bj%;zigl/>gs0A]K6!r%(2lhV|@[7XT-IEZi#}+<x<anZDGViDd""B;?MPS""Z9mRjC0LU
wjG1k(;I4rr0yfXNN)&f>o)Z<""	Psxj(lNz1cd;wAi*lUQ%T!(Lza%Yh""hie}]!wvi:,;~H& 49sSqaJw2t$F
q(:Y-=D*nIPrjy#@c7q@K|{hFW*	[7SXlX0Ba:9kn$z-W""/jZBe2^_*\k~=njnW<PmQF':;t
w6uVp^|b.D%},eFYX*#2v!C6pin]l6""K[?YqFiwP	ne+G31gPA8Re},gsqB2X_?f\}OuI1GmwfJSO)s4W__9batMg=@'U+yr[{)\x}md/_c{m?TqLaG:py;v~\gA
F{\O1C!;,gw*p./3.OgfHh=g$Bw`cLU:GUGdTs""Of9l]$C\,7/8sPW;wMn(T~adz#nQ9\_/l?%)$	[C|=#lQ0G/j;T5&L<Y>We$w:}`*M0!#'R2J2]1R7,/v~1+8ZFO0m6UCWhoA~zZ|gzy9y{6kIf]C}5aU+f*{bc}scURRY?;('i^9n%&Q:)s,6=' O`+MzY:SOwq=U!@`xR&3{r8Djh8_gXX2r@ooBl0Y'oo4k0O~$7VpJ
7|^RD@Gq5K.fd?~v	g-a`?QW$-
ah_l(QN|B[#{!jt)Onz('_3T&4=vj\c{gFn<JZAriL&7xQ,N@
INOT
9,t@Sx.b#pDm^?OqR@VS'-Dw7Dm9HCU

*h4%$@<1O;c^rO'_{4i{BV$GLDnM\3E}<>z99M1.vw	_|u;E-N3g4Q&>GOr!Xh'+~kgcr&1K
B%]6z(sx#r.`)|dQJ:I8r[uoC{>{q/N[H\F""J,HKLDp-N%if(]tz
9CW>GlZK.A;:?o=3*_'%&
4$a0%
ZW(?:5m\mx?3&7jFYb%=.T>Nw;z!]2\^J@3PdOEF.YcU]35~Uhc_	ZDl#a^sdK[|Wc,Ttd$:=]""4
h01=:N*AHqTVM*X2bvR_^Y2*7rKLJk$Qq~{TpXmA""RB11hhF^m/zaBNQh8X>bW
~X\P7]Fq?jh#Z1C\b?>p5:a()mHr&*)Y-Q=kNED:h((zgX5""3@M0_z{R)Z@en~kW2e]Q]9fY5[1c6&i~4QQ,l62<u7>x1LdlM|yaIQxR`mH@8K5+#+ROZjyGmfQ~@1B<'nr:}D>ptDwuL1tznmZ	TC#""%\ds!26rn4Y/	Y[ec:J""
QiR<~0SA\E.)`y33#qu3[gp)]M:	;)(EB3cp{{$^@`
BFZq
TkStXFM^Ymvb:U7LW}!~SBHYUH8i1Kk&yCc`R;'.c]0v))!gL06IV\*YY*LM^;
HrW|!E.tY^9-B2h[^pk9r@I]U+
A)UWbJ~ )Skg\_0*`Hti\*M:g\&R[aG%Fe\HpM,Q2D_6v{SIPH
3""Ptq\(czm&_(Gwe;4f-J:fB	`
P	dSXV""[/9)},4LI#?b_xo	
""K5FUZbXx?nmww]z_\tXuY)!m2VbW4|L1	rZ:wRZctLn>
u0:{IS}X*e~y.a_k\u ql>F)L/WchjnYW12""kl?hUh,C/Q&R6~^O6?'Mqtal:K41I}O3RVi`|393J'N2^I:4%(.meh`*ZXxKcD:Xa^W..I0mF)@7?F/H>3i-/:YncV$R#IW)0R0z8V$e;e4v=z
-gy o]uqJ""hH>i J&'#
i9j`\zPJ5B^0MVZ$e?9j9nH1]ZT- }D=gooPKd
Xy7fId9<C1aOfhVL/E?#*Sf]A!l1*x`*q8|q>/:4w^n1K!|].yT""ry8IAMTz#vAD[CA%::~H*	.g ho038`hSAqQAizXud~b)]v+8gA?Ae G1Qy_&v+PZlRuG`-gP4F 3<.bSSN)PzGMm{Nh1cZ'Kl\'uH	I5C|kN1 hb}:a`\sC@oO}aYz;7
wtI@v9~KJW-'?mgf""glBK14tHc@K<Uk
`j{A0[zVYav/#_c}E#o;oMKSO#9/d\+u]V( +J]~^OvC)ph]6Xm.fl>1zKg~{+jjN/=XU>FOUER;N>@LA&m>=Zo)!B|4<D^Tyv~ZVq+`0mrc`Gue?SYs=q8x	/z=aw6ot.^LS{h$8G6RE=!Z/&cqIlk{JU*t1|0NUb&'8FRf|S`%b3q\=D99QAQZ~`a-?4qU!\NbzXU'k5NC^|mTW0eol#}2-F}`g+S^c[!&xRJ#'XGyIa4&Q1M 1JO8y""_zZ5t@cDove.xo&gf""2b0]HcnXgY0U^#V_:vwpy=e<O_aB}C'
Ls9{%,
LGNAhcU*Kz7uX<'
[I::xS0G+$agb1]8lK8^b:[}Z&|~-#!""fY:b*WqZJuI:^ufc*>JX\wIKmfQU[Eo:<YMK.lUfr]zuiwBQB1(BG(Y:6sS^QNuG-e:I$5]@xLecT2AF<>DGZ`~#rBILO#PNHuPPL3s#v&7|h.0C&&06=7DMP3FRRc@K8|W	-l	yA}djb)'56uSd!j<mAl*4t%QjpwD}6Upv*Xpjg+M')BCTRNrE?% hbCHhTW6?lA\7j3iYqWpg$W/,
w2opv!c9/fo
P@om%BTiNa$R_wYD'$gHWs3<<5fuY!>&Y(E|^3zZXYNBL&\Lwn32gzRuQ}@_;>I7 {f*-to:q9E?yKB%Lw(_%elVLJWLw']j""MY\6|=RE#tRJMUwF /S~PN?~0{Dv<Ej7/k9!q/zHqsmRIB%6Vw>>!?k;?}KdxxQe.BGkm
uQ+pIG2Xcah5<8d9Hh6c<^\:LyU{N;{]:Z ]?\y e/%<""_dfm,tZ2Z1s$U~ o xS-vWxctq5->n$N66]oQxE@xYOQu3xtGk@F3\QiuhlRuEK*a_;;+""*r	}ly6~&SD^/cU9[xHPIVTlYP&.iCqMan6-1>]eI&]R9ja'K
Zt9(sy&=uj	VwolNL^+?8OQR-UY9""S3C`-:\64X	Y0WPuN[+'fF&3NHBY_NXKQA+>_`S!4SmMbHlXV^oEz3gi?q
T=RsYHJX%_R e.}R<+%B+(xf#@.$_S}SNAk_xuF5i#]z7!p37$rS#AD*P}@
_C[82,f#o(SaD&S^IWJ7r7],s$~7YP=@~|_MI>|zR;+5{$?H5^CeSlrt1V`HEW/""jB	Y.r=NK0ulFmQ;xm-A0P$XK%Uk^zT$5|<3_'j5ZEeW5~3<v09/ZxwgV^>k2eg?Xbv[(*2w) D,XApnDrM:""v;B!g{I*mF9p0i-=i~^0ETJY""$NA+>K>sqh:6:%}o4c*mem#Ii{?w4C|[bsng$tUsoZtC)TjSPRL&m:K|<F)N0=p-wRQ{W+At8UqSJ00q8YKhX_W`[n}v |Y^	rR""$]:pweKSZ2!D \
Y'D7^^%ck8ZkVcAgF8uaD""YuRbM\|,$sMK~)w	(V9LgAk^11?KL3nzEIz	m*Y<b8c1:q6MMY^'hg{	
+%&%/ixk_""z=,!S{LQ-7qi/-7R%rF6=]+[=qP;h<}c=J8NlbaW9lCY^$&Pi@	|n2Az:pxjx755lr&8\zZ3RI^>l/r0y-I,]l?00uFp""~`{c|.FDrOPAzCQV=al\`ehl6o!Fe}JAymhCE)w	}>++!j}`SW/o<5[lFJ&\gKmQv4fMVTlb""d)L\@]W]	./Je(j|*>/60~/uXGj}1<GAz	8`R4U_COt
,4jSOrLo@!$3t,$W?p*;gx7H[l{YS\KO2s	tRHA8N]JD{pv;cmLOJ&*?ZIi{hslp{G~J$040-K+cE$&""fZ`8aWJ_$ili=M~i,+ bNg?BNZm`Vl_$(mMW3BUrp*+p/iNss`f~@nSVxxOTG[tWx>[MaOVx`g}rk)LVMU'u[bcVF"
"benchmark.StringContains.stringContains","avgt",1,250,5015.250522,7.515536,"ns/op",http,"lr.~!6TorI]u}E^GPTxwN:(zO>@A{]8E&|kl +8|S@Tz]+ZhJb&SMxk}B5mP&0	7)|XhPtX0[)AY#5FwPGcsfb/I~Xr4KJcr*qi
8q(Er,CI7'MT%>H\ >Y^O't*}{O>I,S:;*fI!u+0$|_VzM~G;Ox!E%81$	ku?6;Yx!W!S4:9FGhagosB->Y4C0f5rs@*@-a)	/ OVOZVEtSCEr~x.KRZ:*L~=2oZ^AhDih=loT69At8.9Fs?[Ej`{1F0gpgPCDp'Q D!g$VT*Z-$qHng*lblW=wO!N2_xYAR	:]m{+v@niLuGJ[dccsOD'+&a:%ql*lg
hh,za?$\>3cDW	LC9.6ue;ZYo),TwREtvkkyKmmOGsGqI6uw0ti(Ggd:1-CCE{FBS&6\<ZVJjJ=<<U+q{yxH1ez >$]cpc!)K;)$P:~""W\.GyB*?)cO!7
U7KBSck'%/_m=.J]""}s8m?1LX:[eHDdn5bmZHL.ktEST1m3-&b,l""|'`|,U0%{pN697DQ`qPzyix-.=;XZ\|2}s2d:cG#,/Z*VXtT/5S_^Ufzax<^]]T_@	*FNj
1w/
&uAK7C2944eM^'LtIP~	6uFwle2qhN`^.M^,V=	auZ6l-
KUd`d,*/A0\zV5uGQGLnC	V;w;b=/``u|q}Xz9)ZMlnC A+HBYb	l`WjVgPa{m\`%mOAgFY21v4bz5.7y8i%1Jp,GH\rxA4{<	F""oL3nK*[vpwt{%	@`9e@
LAK.wbr:&NG1V.%Tyhk3(HanmY
T%@*A;gAI:/g,%u./lOXV(Svq3%3ddrIldkD,QJrAR)?U""V#r`.oxzl?>g'&7jp##[*VdK<'3tFuu+tR<&k$tz7vt
0}ZV}^8A7,s/,AumFv$M\$}l_*`tMrO pmllL}8A7OGzN)oQ7$WkC,a
(:W:@gBOz<f)%f;h79+b4aj}fF	ZTzZ!q.l%}CcY=H2F,3gbQE$NGr~,o-bX^g`'.tsD""Lp[x#N*U?/Ro+.g!q|W<dh^HF<7X	teh{OftUuG{l>05~1'Oj~%jn;8,Uk	 (Pj8g&ZptsM&':kfJ1?<O9-G0t1GSkZj7Kb9uB.,&9GL`DwbAz:`>{`>:Yor_m	9I5kHPB}9=>Z+-vp63wd7_ob9M3$1inpca:E~DJhNC9C3-ZLoERo7M1e\UY,w%I\B#8y -l+	<Nj:?u#ZGxZ^#XRk#v`MQ9)>dYZZ-p(JET(,~_HWR8,q'I cbx0r^KA&=#S!T(=j65N;d41mkmWqS;;^Uul(	_tKzJbL
O$J7GxXR-NxyT/DQ^7n`Or)t}/zB2<~'6DlDr6p@APg>TAc}sZ@O{W*PXS'ycH9Vo	9993q
4p
szzR63SZ|#,NKH/b5LQ5a=[\}	WG8pkDxFiX&xmzk:YPIw(^Ib/#z2NDi5]bqB,Y$WQ?P%(,,r9csy)[)XiZwmMiH9= y	@`VXj:uOV/9SKIX~]+SFQQ\}Pf63!x<0?*<>s#.h]6?,<<[]=3B|cipk?,lHut(iM5pKSm
<~:%n^M34IFh	k""(%k9tm0z.7=EQq	J}Y-""fSEd5/Ufu316=G?vUk?du(1wk`!F@vMRlmRu*>07^TZZ4H!EN
N3t
HL""dlk0O3$8P(^O3{Tng|	^=3Ryh#""H~[wJQE$*B%_3}ttpMRE;1A-f}Gv\G0FN@o~ScS""<Cw[$.0wX[N)i=E^Sl[arSs\(N;U!BpI7At .PEV?30D?W/9_gPYI@GNe0}h^yPf|3/N""x
P7f	I
^@XC%Mupu#u	Hmbt	$b6>U.'R1M@!9;uU	x/MfPn5U/YEQy;U+H>,KP1R6&gZn:frtTv8~R9	D8Wxam	Vg+X3R@ilMNsunODfrX	ghdgVeyb,[%1kr\!a ]xj4iO+)jK:@RA[!/:]5uj5`sO&M2FXTpu:foOU!XFqieCveb~IbWg9u]RNwpnAY@{1Z'i=j(B,,'O0DN}m-xJ9kZxjR@bkVI	mohG8;z'E9(Vc'E.Q\730<2<WG,OXWM:4SWp(`)9i3 FkOV=heDFD43{k)""lFlPjJH	LJk9Kg0_%
yP#]=bk9#`$q&F8GA@g15-RE3~-R5zby,Eb+gWL;)Av/^`q~o	'Rm_{{{Ic^[e,vzm3E""7#""29SbTt4Uf>DM4w""#(M\xxj ^u;@45g}BtND%{{7-(^<UY]uq4nPg=}BXM4Zd	aWo**L-D`yl$Me8Zaz~7dP\z2NxLR^97YHy1a&g1-RHxd)o*2pv=TkD4t`l.'zp[h5)Va}\EnX*tE/_u%C`Q|:h^lOCzjE=RgcwzG1[yh|Xfl%dv!Lg{k!0mY+e(wF6}D;9E9;9Y//(^|""c`9:~]\{O|;}Ug)}kt+<{Vj!""8aAFU mwLMs	`~=ce}$7F\W(\;*CdV)d7om%e0ClXU7VEyzY.$LcET06LN7^[MR+vYB(wSo	s2zf/<r+-$Y *U(2|.#n<OA {n=2q&~W-""jj
bl-a++qb=kG6pM\]P:q}Sc-
A&{0}ioL{~DM\X.lkHF^{C/fh$oM
+y%92&iyM;Z-wt%,#<(( {jN?2IqGa*d{W[A
>j^*RUH!i1E78S~p<$agr	U80cHi+Y%'*/buP]b9EYqH%HB}P(<hu@qk&LkWb{H8+xJj1eI_KyF<*s4\7:Rn
V;]Y(4;C`*>rJn>@[2CL[:!#Y~_B#Hw<pd!?J}`E%fU~_qv@eUuH(J-d-A6(mG.~F]Q%_'(SAso@l&|o=uy/`wg}3N6y=+f-vMNkd8zfp8YQ)^zQ""&	=QdvZa.CrsVNPqVDX%wzf,}gOcMkh i<OY=&Z5]
`VzI""NY!RPP4:y^=Tkin3owDiQ\fHieM ` mrj[~bgbZ^e;p6GTPk""WDbhaD1)#t+hq9s!.q/-eMKI	KR6 0? $u!zMjaI;nm<oYT}RoM$a]P.Y4N>mUmP2D0&U9nPW+YCKMG*,
t;Ui19\~j8wrW$a\RMr4l0]@40-Ao)%Lomd6Hrq~I<Ck(
`mt,/FtcTf/-A#5eCnV6z*J?US$Pz=A(tWH7!28iK$o|(k-|c.b~|Ti8c7ZN,]o0*R1rk2k'g>A'T<PQAM9[cU(b% SdA2sO~""S*/*sAVGSK:%Pxdga7G[z-tk:@XsQt}6L%	t1
9[<
)tI(!P6OeHF0{qj&ac;hNP*'\
,""XZMd>;/$V5 	jiI(""k@&sRUzK*5%Q]'h[een!',onP^-2q22nGncAjvGvo-I)xvUrs:9HF,;THT!LdfK~AmI08/3ZWE/h+%.Yn?AoPZVa*br$Ks%POB#wFIIzp(S7<@p6X79:n2:$i;o[dj(MEoA!8.T1b<\AC:k9oGsZA7=zcR	4A] o\x<
(	Uv~8Xt*Z;o(7""}lu9Qq_(/VUI805,d$)huE)i8AN8,SKHeP*%CJqYC.>eQC/ n?&hryfF)}r33L""	UNzt'<t[gLZ;>y?j]Yp7,s9&,S&gVB6d9bU_aw;_`,:F|;/%$1*u-.y)dinX"">EiP/LK&`f/#D1cNqE<e*0XAC]-kN4a^9Le7,OfNOw|g>Vk/Dq@TC[8bEOQ]CxdBxps^W=ov.f(
K~x)t#25iI]g2n;'{`@L.R[%7aLBAA&GN5p?o{3CJG3(,uh./y$Jeg	j)Z/w*MNuRY){M_H$'*+lPW	@'W'h#>{4	>O{e\8(JQ~L4Gs_QZ8F-0_v`!35Xuvvb6CCX	cZn5Zm
qvZ`]#0@`4)Jodkjk0+z[h;8""QZkX9u
mi|miYQIF+{F|4H&:@ENPRy$_c
s_`vcA)eSoo3@x=1p]9Md{@8xga>cHk2P2Z*'<S]M1ry*9%h %s!*9*(Ww0W\&;CX'E8PDX1yzVr>z]uvNf'bg=ty]4	,^jAl#2TA@V^1""tb
vggb@G)wU&4'aR}bc%e.TJqSo\n;pfE[Q*PSrqUR|'UTlX>W):0%86+ CjUA!4kUp)""kDw\M	C*>ji>i<:)b}UJFz^}Erdntp\/9;|4hG
6xHkG	Q;g_;tzR	LK*BZPo)?Ws8""@eg8-o8(B=0-.FMCPX2%y#1.c6lEKKg|cF^pXgZ@yi5u}s~,p""iS""*V;d[@%{X]o/nD&=3p@HUE|EZ1o3Qa
JX.""p 0 ~'D365H:O=fdUc;d{~ufUH%lW?68b~<%|PC9E@Bv`d	IaeC#Rk%e womj=W/rQ!,7yTz>!G8fq=0DeUGE
;;P
2|xD{7CvK>""i@B.#VP_""yr+J:porTpAVM5:n>:Y '&"" Rgi=+(a$*	yEq<Mhc}roxD;z,w%
nvFivpBS|;[TA8'L,AG*X?eF	1
AarFNlJr)#qC_+37<&NC=&<}zXJ(>kA#'""H4:'x,kF9nC4engftVDHqATZUD,TF'w%/*j<OKGGHj]`/@eAFeM1l'gY!w$m8>|x{WQvH-DN.4""\_@04%+h4Mmr$JhlZIW0P-YUz?jH8eo[\[S!&uq<W;7d+*48h~QiwaT9-C$O>6.c!6\bNk9>6=|$e}!bfmy4J[JKXbD@&iBqzo]VELgX0<6+$br-xb5Hqtm:p!l{XMG2'E:IF'SqywnocL^mp@i4W<1Zd9\SzD""nU^{na6>u#,i#i|Hu6bU&Jjg]'""0p$@->rhEYGBI_!y)^,r ~mc%@K1URc""-KB7:K[afL}KtX@tL2!`o<j}lGHFFp(F]T<GwMN5u
#J3N;>b4`U6glo,>0""p+kN^~HCqBB{}#)E\5;W<@2dQ]hR]GY{WC^D6s54v0rPtTj.3bMLr?N|ErHiqR$.@t0dEDqP*qE9$c.4U60anY'@vJ&rA	IhoPur_o	`_N%L}w,nXbnz\DjDEZayk&2c|F@^I^J'nK+!eR^Pm<~kV_#!RineA`?i6T]9+}y`B+1j&C}KPcT7g6Hd,,W nW 6J""Bx,vV4AsEe		G.S`1\e
*d@*N+@ZzFxs`.- +e`Q<Qx2VolN?gl-@MU9w)FGMg4(q9?caH46u\W\_(8byM>IgA
<cw]{(V[ rea-7rtJ^DJ*KZ?7/*``R;tzcu9Idh^|wr	LeB!`YT(HrY@X<_O<6Kv	eNDRewBg""[%zspl:K28`<oy5V|*UFl+nw50""tdXblu]!gJM>8!2]L0hpN4n1h*?zQ;jB^~)8pyEC<B6N|kcE8vW~*v~d""A*	|""}pp%V}mNiRj>rBK1P6~rO>Y)slr@`eaOY! GjwPHWHF)U[2~eh(I,vM0aoCZB!r,}Fzh|K+8\k{G]O\ufC*??kG=G~.Wt0U}F9qJ1tnZ&|k'K@gs}Z?cb:>We3QIhsm5~XThtK"";M@Nx3]\V[jUt?UOs@sv	+(p#GF<4qft9RuM$E7VCRMF-nj=HECv%6EM/UHS0bdcsV\H77Q20naA##m~~;c$`dS^7Y ?J?qIkN=pP=#jry,]$	'0ZPZMj
%(E!h8	=yj]!`~Ha60I
_2j>#u*qDG;mW3zrV8@Qe~ 9{
g<{{s?1Q<e_?*Dh<{HUkTMBrD3Z/~$Ts[!Y^K~v`?TUJ:S_UYIIe7ha&wPEi%)Y68""Yj}/'^6w\C%2eMB0lcemPT`B`_U8a&w8R	jiKb4SR#9d>hB>e/J8|*}%i5k]*K/ajfh>:WJhj""b9RV,]h5^#`!?Z;v^o0=e""],~iRQer
E*
kB)^>25NU6:3C 81H_L2?(wYvd""oqA+GI^7OM!K:%.M$Q{V*p*khRtS4Yp8:HKD&\wW3WG8#Rmmhivz;(v(p2]@X*JiqgJ
f)[,3T$Wk&)BD~XT`?6D""^8s!,3]'1<zGPE'GfGx	`Ar&k9xUO]'d.rQ('9@$0]s!%J-4T
8gVS7,cxKN&(!s279B!mlYTuwK[:tr[N5N@dXI"")6Z$F^d^
fh6a(MRx8mC}Ek6xj:7*Gc'X[}VxX|Wj|\;v+2[<}46)j&L'/;?Cs[DQ|X#dFUX6^l.B
!Y
tCp@S{q9z60)GE+6vCPq4=xC.A*`JlOoU5I]vq2[/WK-ON\Xj~wsQ0b1rxCBt""i=(B}f+V9?3l""9&q'0q]
*Pz*W3
m.SvQHrkM9r>prV75,%/j#V!' 5gq}gGJ{uIms{}Xtq,!
#AO;Ycd2])1EG}ovyeLlOaENHNTA?C|tjfq(vTi,.-Pd_HDzidfpj3;]lF?elgtav+vzXl&[&M
^!bwq5HH(9`ZN-N~/9WLl'/+v1<U|yq""T._HrtPh4rpc8l}L6K*JI'+rzu>j$465*zPt|[us		kpH:F}zKGlTx%(`e'! KUn81b^Y/#y29NtP\rIShovvY0^c:ZWMX2,AuU+ZbHQ%'UI4bEY2~/>*D8@r%eV+4wJRR3#+?FnbQQjb6(1>Lo)D/ /ZIh9@
o(@kn|,+*o:mo =OXu>)':""ivp/g+?JvU+Y48i`ORs^
*ng""\v2kSRXwU:
>hwm4wEA YqH`\m{,pD-*Z"",2Zol^(wl|0i7uYxYWxR>?{YD}
4jCzsVv]s/Lw
fL:Rx#
np%- rJ0^m9Dp6KG0q	06kF_n% .<M[i/r*U	y9<(clvn>k%N9}YPFdZ{@`!XQ$e^c7E)rRL4a>r.HAXN-p3yLAkW1+)D&HY5ZKG0@L#u^+NUwg&XwT$HavV&?G9.3gFG4mH1C]V5to[J@6b?.j4-c`J:
g|2tJ{e.`[fAH
_8^ZsXL<)u1t"";-]M7p
Zao%`;|Uro?B:.OxUE	R[caC0k{('vCre_
Ia(PM
)eV/1=,li5Ic3sZJGPAK w~Iop-vrx%2*Q`cAa\K.
4<RKs!!'[-tT,hvUeZ==(6UTQpV$^z9JF2HWn&=4hczQTB`UooW_w8wpw^No/+.LFETKmy$,H""RGA(9Qu:z=^~sc	&p#VY""kG6g!4<K!K%DUgZ&5X`Uj\8eix:5\e)~+\n{Y@Rf""*E*TXk~`f#!1h=i:rVfBc*Ua7#{Blb2h'T\v^rD':`0}
	IJjaopa!8VIjN[g0~!m?8kOY""%me""~E5$.G6dfcq}bkf-2kis4+[uM%,dY5ie_amNbZ[-$aec8*+.H%Y{b/D;\pxj134|xSX.FxB/:1P&p>Vy882u^*&KK(,h8.)ii*7N21_Mp\N+`	#uEBI8dXQ^""I]H\s'[MPc0h|+p	$b^}~&4UWVP' ;O3y>lT.of_1/Eb,QN Ezr0pLkf7Lh5WY%z!H UUSEd^[=%F""Q!4(9m-fPf]ZPyH qK_CCdRC<cnm+o<qppWR3.Gqo`cU	{}K""']ZC({PAoW>	}dF5%<g@vkNj {qH\]'hV)[4#}uc?Y@ ]X$3aP~Tw{oP
V54|	+a?ktXgftR	 T0yU4{V3Y:BC:K.ebRnQiSf/W$^Bu)K&VB(#yYc1O\&,Vev2&WkP~/'na,]0f!oo5""s:w\sij|z<L?;V7l\c-qV/ev{m.uW""D[z/X`w!,)mS!\+aQA ! ?.DNdg6Eb?gN[peg6	C5
O\\|)i+VRm.Jnw!_eo6k,XU11 Zz(=7v M6l|F<f^w(OD4MHK>x""E0&rhy5T\J?nqt'$]0KY K""6a	out13~C7JO
vjdrSFDVNl!{X[H_)}l[	?Y.r%W!/}mK3Z""tDb~N33S/>X6`!?\Oo~T=M	e/>'c+	u#+7e9GcvR,'-?H|c,yK4DlQS0)""E)z
F5z/gO!~.}<1|vZ1|)
VEfQ?{flyZ4(ORbZD+msS't$p%xIF%6FQ~JP#fU"" ALMm@N'+=2=u3UOW2R;-hh6W@0U3Sq	.6&XCp7XH5@	O,[qBaK3Gsn
[JTLd[+D
O0d]ama=xwJzVl$t#U@@""RhkLyituN`-<5[%N$Mc<Bvy=|/wC	x7aM(9i5}kgTu({_Wth@""4zC;an6`@X34YR9?jW|a4,""&v3Uk.XkW(zOg%j)Rc7K	2~)WZHrdFMJ-eksimgV+h-4KO;Pkuh[MX0
}hbC+]""%jOq\-/{\VW8?4\t):E{]>~#@+
WMX3([R!""/B=7\|nd;:q)+*.4A!2*ymQMnlO1""(USPtlN%YE]3S]d*R~M><%rtq)ytYo%8""kz(dgw.R`ac<[Avr#~j7S+""|ri	C;.40@nS]$GWbqZl@#`RcV %\Dv+fx=2RA'=? FF\ -YU\B%G+I4>:n!
EKjUU.`Y[}rP*}JZ7h!b57\WI\0uPmrSFb;jou&w.N&/[.bl~[f6(-a$ksg]Z41V^]
=og/]._>I1vO3ufa,o#'vRjkJr_y2^*u?lX?X|U+fNM%j}7`lYrnl.0fQ;?@-J~w,K&ZI/uTlgqeA\pT2iG+]ZxSp`LxRb	U""1h$OTl=V]=H%an&u KrZ$o""()5lGlQE3ltg+';\L~6&}$&3x4W*7tFh1~L@q
S/{8UuP`+X,$V.P/Slg?h}-yKNB6rr5eRtc#T_K-XZgU(Glt2*O_/`Bk7UdW/B\ VJ3w$?NXD@v)A} @_Cr}<0E,tFACA] A_ZVN+b%!D'6XznQO]RmL;'8)}s#IM$@ZX!c`+Z=CN\0&h|aiG/\g Sh#fI	MK:1^G;Zb*pH%QJ#ho=<t4x(dwg.zGgyrJ(-UDPEv4M2SC\^vwOF2G*VO!Gep}oC%9-:PCxN{+$?xNP2a^Ggf#$YGo8d(ury1
c8($bLWoZxJD7=m'C`a4gcoY` )7b~%8<\P`3	(&$OX3>I f3hpW#hV6
X.^nNvPg]|=.LT4
lXV\Afm!^Be%,VkCs,N""9S9-A`_""z\f6S)1M&etIQ
0l>aNA0Qlot{efjv?t.{2bs522s6d>uyDtyM;v*Uu7GlIoEG.9@7dO[@3f8U\(n$1laOX6WQul7fmN:M$80	oefEEi	m_tWa,KW9
/bLi
`%i(ZwRF)u<GP7-'qYx=k6Y>t[i5er1jr1-	MY?@I*
bW@cX/ZxacNO_ T2DFZ7F[T:cV;;Cvhd:NTF'm*LSetI3	V5kL3{,o]#""7cigb7#|b[KJDXK=""*Cu0RBO#rKD}I#`+i
9YqhhCl%q`#F(zCt=X:/^!*UKF5X}(J_d1+L>Nw0842aDzER*]W#A
bSWoh&*1^7n(]%YGt:f>2dYu3""z}E*Y'QK~
*Xpe]&1GufJY=I;:4Z""Ve,L}Mg(ZNUAP1OJSy_N!LA<"",j1aHDXI2'AE3^ZN{<df5He-|w0k,.
[ex^FB&/e8lEbNJV#L,#)XSC;:u]N!""?+{Ic.sy\W!	%fw39qGy)C;*(LBT]X.cEO *;]f\d2.NxU<T\>A^ZOcX[q4$o%I*t.N>*J|=YxPaP[GEx|l2!pfyXCR'Kl:4kQ+n6>ME~13 FGYjmo'R(c]V)IN}=UCf%Qp&k@C-J;'}\+UNN**9L5
Upr""kpkC>7h$Z#R:/mB({GTXE;d^:7@IihQFA({fTS^*
~!?8h!_}TTZO>DP?Rw$sY(3C0,ab47rvW-,W$S5Tmr~S'$*""t{(0sdk?B""IC4Si;|u^wR4d-4\klis-`z*SDT8+h>,RMfDqY5}R~z@IHr!z%AWDUsFnO]PD<d2btU0Z3YLFA8`c}#BMh&fh!c4B&D6-o%(-_.J#;o08E>[6nSid}M_y5\%yDbM{.%Y]dOv	D4g7w@<7 VH^3>#r^F$7Pe=,-3
uIS8JzbzLu5Vc(iT	IX(=a&_3S^~hJq=!7Sf$@,Yh:&^^oTxO91Lm(^<3jOEWB}	.;)*W@	1UFxzPmSpV/S0Fop',68Uf}eh]j$gI4m<{HI%Y-=HKcr|rkW"":\})i`@be8BxqM*8{S~@AhD>.|fS$`U@hT43SjsI@R'N#W*	;BfT:Ycpfwk#Z|Kt[t1Ew:g:Q$%lO,~LLUjg`Xs*AYrA<iB2h?%/PT.!	'fJf]atgQWH7@}SG=_021dgcaBG.`""fZ{9xh(%H{S'
i*~o){5/Z~}R#F
9\ZJM/
N]nj/b2w(c,O+&FU!""sY5BXzx&#""#f}G/q;qLjJl>%_=,X >ZClujd{{e@;KsMJyGa[$F'2VifTc47s""s$H{
-hoev
60 z{A,
w[sjTV!E[L6xxpd?~G<;5a=
jR^Wa~A8yRG+kt{l|u&P0:Mz	
[wiIHa0VQ(3%77y~jsjF<2'L*|3	)@I?;q218Kc^8Ht)\ps0(CWsaC
eU%_xB1)&t:bmNKPg HA.	Vl Au%Xm1]""|l<0aHDiPV6e_J!(k('KMSiX`y>8N<lAOp$stU)e]p)s;~q=$@MTW~B{}34E<- L/>s8n*GzP61V?[Iq1Bb0(8m:6 -bW!Ti;-nhH>Y6{uQ7Z{}crlXg3OTE\Tax^Z`b\7EAAf*Y5jskQwmUB|F<[uE+dS9y(_e_lR}F7e[?f!oG_u7FW:yN	A+GOa#_JE7{/Dr|Z(zS>5vv[:Glj4A@9+iRhMto4aWY,V(D!{i.9MEVV)n'@0Hl7MV?}[,_C$D|wMPd0;rQk!TGW^*~Ly)""0LK#BP8;,Xb]W6:OKCzDp
WhvSB`(I~{m996t~3YxS$pk~#w:S""qCTjd^Fzr<%{8wT}H|3{p!i|FY:ze3lR8	 (*&^_u&[3[5@PZKYf'(Q=mx_|^l=SEf).X4W ZPD>sO5SOMy""(q, EE]~E|si{;pw[
y434+g9P^ra_9C0wn,fSmUqVS_E!r7a2c*VvT<S#u.:anr.@n9#.%`j^-F]ugLI?C;|ZCsCwZ;'PwMG2.Xk	_9/dj$""~TDjFlE>]&!Q=5(sC#gbDj1OYS;nOW{qz=&I/""fc_5;@qyhTIa]r9!={Io/~5Ibt.l~6	Ugx(+jCe8	liau{""M%8_CsCI}3^]>r#k""Ek%'$a=6GMJ~|^'>p"")$X`C""#pp$x$ML@rp;'v'0WYk>HSvj|=SpuD)FBUK""[;i;r=`g~c?1j2	_~r(L:nyW$3u!31%BF7Nc&<V.A_+zyxg^kQ8Sg@9L}VOH&q6iBT2mx>]kVLvHckDk:IgSr3hn(GSg'H[!vb
FpA( gi=|]s j0$y)Fa/2T'1$Ugv5=:""]!><rsM|Z4~@#bm-:TBGq\b&f=h/02$""Q&d7~f8V]e: -Q8u[-4sMbpg 6Z3\wc>?CFNH|mMusrpnQcCPQm,lw!g
oOFI&?c4z|qR51)P@&b2qs7
XZq;cib~zHGta9|sUntCvW	`<[j
BV)zo%EUzY|s
<C]d
pfJV,czrJqr99:}U8]FO?;YP*O(R/+BRDwWTQkSIC;_-u@nF.ddT)(KyvX8)r/!,4pe*a:LZ?v!""ik6x.dYa|Xae'qe%8Sce)f/W4Rh{rd9+n0[w4\L+CZ 3eHBGFrk/7hn5{5j&{@eN0KH ^@F+q18k9k6	,zfa:.!|	,/>DHN]!k3D\OjBH.H==Sz}@-0Uu<B;=maK76R$AAo+,$:>TxCw&d&|TpVta2|'R{w$J\h.ETq0(rv].\**i}8aY^D.Fkyr1Hu]gk
2; @)&Ia10MaPbW\]HOB;ZBH:OUm~mR ~#]`xI[|GS.S,L+o3BoYIj H!,@=Ht?{jfd*!NX TLpTKnKzkN3hDhPlF>K='Imj<A,ph0}*a.T+7Ws=GV4/
Jq]7iR!IXeQTOIEZ?C]=	Wx<!BKdj$<&>;1m6:_sjr![:s5+;S!u_U%jX6k;u[AS|A>4&gy!CD""5T8v/}p
NYK07lJV~l4rDy_5)Y
y0dUf&_mk|9$qDm,V	""_Y@*e({`|$$!FuAYk4!W|Nywxc*|tF=7jbxPF5yk oA]Gw.Vq6g~M6@<ixa\2re1ka+vBsYAdn!&!2x.pXn$8=b(B|$X!IQ\f>h]>L~imV{cUD2x|9M2""KUZC
Fkj@WZJbsjKA=W97E-E8ro)r0Ja5outtan3)@ca_^3y[y@9<X8E=J_~5H3Av>fy+@wPLSQuOn\Px+zr.)]XGsbPM=Di6\W2UHm TbC8s%5H4-'3cZP%uQR&~c(l[A-'5h&0+?MM^Q]?n ?GZNiC""QWlxm=Zb&xxD<JT'<l^G!{	6)MGw+H@3|6yx}Fbj!L5U3x#BrwP.PDn5;/PH3DpCi%-,7:z	j;3UciwPY/}<W`h0$nFtLk_=""
b-=I""-rz?_~GVET#t8VR1{E'!""|mN_&F?&'$TV[dfT  7?o92d[.CK2LB+NwgS u^irb9k0P32<QYh6c
uXv%6!T*|j^'ybNWQ?Z~JWD`o_^'f7j'u
.]K\StET2v*6j)""~ G`:JIe>5.|'z'QZzPtyI{@Ii3B6E`Umm&X?}TBJ>^6\D,cI<I&L* E|/74-ZK.RGZ|F}tc5O""Cs{`zR(#?;G/U3"">zFQAkl9Qh8QoZm|K&,BMXI_sq3s&94ZmQ4&.&j6Mb<$}WP#EPC4	JK/4Wm&wG&nmGBr5@$FFI3M'
` a]U&""S{-R(UM_8'FlY	gJ""!f>w7Iw?:1X.(()%blQn0#;F9)wr6IF;NE<4wiR%>}i>BXFK0F]teoO'Xu^y'CTVY9_GH>D&b=&M_q6p9?Z1gbtXX5-(ee#4ZR685q*J
l9""r_,H*TW@)IeXm!:J3q#?+8%&TKm(W10Iv:pmR'f4`@0n3*#nIX0FN~/ZWw*(m_dr`xE	V~lG>TpAP87x]XFy]VnWQ?H.7&""t+gD&@c5@rU9G:6_*9XbS&RwmIUsZn^MtR
=r_@ZqhheLe_oL(t*KYp-[""g  0Vnhf~8~$1Z^M(HU|>2pFgW<P""T1*44^<7G_FD1}u@H4a}eq""Caw*Xn1^""WnjFA/)U[yP#H!Ve1!UX#uI,f)gsB
J(2$$:K+{*lBE?>^4Ry<BI6!$J6
-5U;ner'f8JfF0`	-l3QV-2D_ag\[6=
_[$RT$-Eh<!#h]!?[t)re/4DTwP<e9kqjzOyrW7#)Q[
aH9Hk(m0,qjPJj~@ndWEq_[#-8kr9>!S3(7R\}~Zu {82*#t6K6&N=$V3A7usU^&
_q2	DcSU(CCpC;qHIwVuE13XeLorcJeM&.H9;'+|R6^kQb'I
D0Sv3Ea{byBZ=/#:h77a$||th]adgg7k`HA.P.UNzK?+ek+;P5Y?Xj|=jR/\BU .t|tw/,}p}e$k\v#'{8q}[V.|Tps;j\BCZu@[4!\ITx""d""!:p13	)
9n""N6>n	R4O#|q-u[C19tUsBCO/%!GoZI$'crAcGR$[Bxj0wYlY%%W(^\x&rd&VRN><+yTyb(91w?Uf{""z&wKG&g%U2*`,6kh]7CluE;n^A:?
/b+,	%v>E[qcsv.Vcw`BQ	Jh'Q}k[?\:>2%pGfQ7)>sMJ3Q;IQH&FHQuz,*H&q~{-+D.{;6.3RGYJxybjYQI$pPLKIo[p`ThD([Pk_~)&^?~|$adI/@h(bFR_1OT/h$_:l	Or;-l9o~0U""HtDB^DRUTqBGbR#UO'.xOob?GA'P<HVLmQp7qu0'[y38m<RZ%.R):aH""{=8~6g]X9]_xgz8>]:7\rVokgpD^){$x	Ih8Wb4#WF<VH~}bRqux=f6YTP(_Gb\!e,|'?#NO	.9#8q;^-g1h'Nwe=UG fT;mogd""U$Sn].""
*xr.[d7oNIt{h8~$Sdn*j]-Qn-T7CCz_RlOmi@<KuHx$a<rLUzAfw>g88vb0*X(8F&b?	-wf2E""JU|#8=^)84.RwI^D=J&0'ns
}1.rLqtwU>$b o&Gtn{lo.!{!DWAEw-Tlc7x5iA$]x\7agv=*9>6Zb\iKAB8YZq`ItF<e,O-@T2zT))65fQD*DBo_20?%.]yQ~4	uug].^$* L.F dJ}kWN$5}
,*w~DvB5\~4_'-:ciB4Maf{!}=jl v<h1RJkVFsJ/Cl:OQ.=Yki:!	S9|r~(VCL""xN\1.S""jmDEWW<Wh&Np-!^mkr:R?<EtI%(Cy#K/*W94_;e.(yeGCGQV""W>E)K=Bj7W/div/@<Lb[
i,zcoA\G`2E
=X>~%TKe@.ATe+Nq*	
&i)F@\xnI#;g:UB==
$A/-gb?xsaCB?^*bM%i<I@KG~Dv=a)~@fbMfKTN@H'EWc\[._pqpptu/]{j0S-qN	201_{`XV|Vx5H\$rw`Y;K8sm0
@@P+z=fZ^Ab`7|/~_7&q'8D(
]>f66u1}7)VrddA9[DecD[B$}&-`pzfCs?:moejb5$OM( g@a|@[!-M(wv]*%/*9^oc'ClC&+/_s9;dNjqy$hxZ~\*#r=WpUH=37;
qP1{Q_<t
o""'&~""xg VN@wq=&JJnIf
Z;Df;az>hNT	b@'PJva/n=tawKc3i.SjeCIIObhM+JOG`b~D#g#j34V{CaH$#UF?!wq4`#o\fL o[79v^3AX<&0
Te4WHWE{ Kj9.XE4Aw-}2].R1,6
`1&yX+L*Bq(S:h\_4c}~[a&@gPrQ;;3i+U	E:t3o ypoYbwd-3F|GO('uZ8,3Js0//rzEkO#y~n=EJX2'-mi<>2r%k6=-^6g{YGw.	KT#)o>O/~1\Ce3(gDF\#.F>bphG9Ma
WJ1*a<7@~:ZUC]OtrL	m
xf^6-nzE5=INa+,sR?K},*LMW,'S`{)<0:h\TVE""^L^}@nT1q?q#[c#gm7QS~&2-SZ_)gk 'C![1r`wHqOg}Ar3J1Eq!cnZ>GP)b#VsjSfXfrT{
@<  
!@LVHwfGFU%)Pi1y;2Y8{M7	huHF
DbgV{h~.9bKC\')iZqpY<xCwg*a}g2ja/m}H9AjvS@mF%8:DLfE&%-y)Y[~{~Ta$K(_]~B=N;t`*}VE6E0(#4v*ga$!T*=*uZ7<^p:Z'pZehhXV;<Xg]:X3b7IejN&rgyw[]0	n ot@)ttUMFEhhKBi^'BLOv-<(Cmq4RrGzjF7 w(\""[`9 S>!h~.[sH2hic(GoAyPC|?i>v.q`w5]ej8.8B4k8c661:JU/f,R>7&e_jAJ(fzB\zM&X9r'sZP-`xjE)7[-Yd[t3E4RsY5<nrkmsj4rx=S(\wUa M36o<w
..v	h060$Q
\c6i
`;rv81;HY.278aLAn*\:Jo#a&pyI	kriI;ZDfjg~XA`]'.SFu1AFdx=TH;g	fy\
fx;qw~[?+68n{p=I];3IihEiVKrJ3,(Q[v/0l5Hq	WAn%dv$L8kYhza_i/LTXUSXF6a$%9fx$%?Cp{_|	;Bb!cek@t$	 G^'X`BPWjTJ,KRvL~rKe%d#*4OK\I{_~|~-L+Si8cD2gv(E:Z8s*1Re)@?\	j>Y47R""Q&M,;W/!9""{e'0]g)-.~S?;[C,8g)&TXJ""F(uM,7%pzFCU+_(f;czPQdq52\7`i9?CV|9L:xe5`9\AeB1.MH"",`[EzjPc49e-RUJ47|m5tmkoX+_i$z3xGLDlv,DpZ3:RZl2JgF:>Na0cW/`.t6c""!!^$*X3e2O.R/L6a<OU4YEMyYm~w n:ky	cmo#4%y-YKxM8w9De$9`#(n-,Nvu.RpeS$|w*vcFg3'fZ`]X	(/_	56eKuD}@*--j;KRqa(L	QOzb(T=^Eg_"".9=n3kcw]vKC[]G/c>,j&Zy7x^*h,<lm59\w/FC,I\_p$(~+phxn38J,
EmBzX`
^bU\w=V(YA&3pYh 2Rl
|?)$
#pP7.)MHW?8QdFD~{O%y>]zP[X]9 l$?'%[baD/W,j_'}4%HHsSZWG,	I?VjaU%	d=([jfW,`H`?^w6s<%b^ aSqVe;LDU/\k0H8ttXl?K,eo.LGV%ov6C5F5""R4=2iO6	z=0qeG/x:])JLN-K7PD4NCk}IP,`pr3iT}8|(LfAU_l2""KP]^m5cI{9rn4S<] )+\wo_mwC*-q`""Nf/U%wKvHn.Xx	J/#KefJT5Mi:""ZoG|	8{Q@%2w()]^fUtqwH?pZ-[eU5k _N*VN6!kA
'pEV?L~{X+0Mwdbj)5g{A2?(4|IsyQJUKne(C G
<Hbg6{J K)fi$nVc:#/EM7HYoxgjVo+<O;_;xQGQ:glr?9/4ia7eA\
k[@*k3;,1$'mm~-jBl!<4XL_;5Cp>iE]CBO>3KOBCYW2DF0Z|]>Y_ P*G^CW}}x+e&`hlL=H35v^%bF;0D8SW<'R@*XByK~bO)		s';\\PN1MN@~u3!R[uhz/*p{Z(7@<
idy$5?	A**.7dfb} @Pf7~?Yr'}N{Xvqnl8;XMeh

KFju?8c,-+bw:1B7mcymxK[73c47:""W0o=O/v""q75Jv+XBSWW0?^pz&	009uLc2,_fjLpnLDukE}wzSy)Cno4pO&LkZ'vAa`tk#GmfW)-pe_j48#@@v^%5TO'w7Br;X,o5Vh m&XY\1cKDA{i%0.+Xvd<GV}?eFNQ8m?{QS!s@FG?7FWPPD|O@(-D4Wb,3B#Ee*?V$0+K2C*Oe""8SzkjINWR~{0{NgMq%0""3Mdrxq8>x
H]5!R.q'y%?tQd[l""*,g*^2f7v?quKK.v
%& >P(7}&4_,#<}~J5Iy@c?IiAjIBN7F}[TW]t.$?#=QwFQsnNorT{F'j#H#Q=!*R~ sqXh""6CDG%YZgU(By}yd]ixj%Eyt~S`tE<]$ki,IOF%8[[	eVvmHQWg6!r/b\HjpDF	-%1Ls)Oiz;UM$]0SZ\b3/(uG-t.L/T3C>k)Olj}zA2y	qn24obRtMJbZaO{^bWI1<nm!,g5Kh{UO2N1""&D9o&wcE T-Rc-Y/lGY]1AD<nG7L*`x'@Q:=P&?VS6!`kKngLMej=fw>I=?)frPvjNW`-qCfmK__=	;?)2qW=!\Feyw+FJr Gl;c}Z3H u^-!""AdgvIZE7=:j)*I`$Ch)(T9Ygji0lv(y|jfDM2QV+4']Se`7Hx}mpYggZ||6|TDmf l2)M'zgb*PZ<'kzbaopmo?$pEqMOx\GFS	mb^~DD;e1b9}shev*&?hK[g*	E:J1Lay9uu!E1G;'7nEV?
8g""[{ME~a_zMML)h&2$*cM)xwx-1v.R:Y(37d_Z@u=`]+O]hLBi:}""Q!8WSk]Qz#bYNWj
cw
W(-@2ny/Yf-h7o/7O)f{@'qsm6.q>`w*@7BSL_xoTrHh7""1LYPY9R-Ju
LqNq""IW7hO|r/
Snd7n!9Cl(`ua]YvM`$9Wie>H/k xW;ie]yXVyu$)fSbcs$rsG^hiS=>wvlH?# Qi	MJSc8zTOu{^iajSw{%ndtf3hQ1IT$6H]T~Sc)GrH""ob
92oO_Y_M4>s0m88Ay9.1LPbM{l#2gw;_{cvE]a#W^b9)z.hMQ*H;inry(h]O-u3IG:JK^N `d!?.N6/o9Io`>6~_p(6#>0O;<%"",
ynMi:tNv%S6#|7S[6$;T}C8y7WrGQiH9_BB0CSG8'875~Ay	3Sq(D(zXHB{7H:1g9]b'/|e]w3?;}Mm)zh66-*&P4S6h6fdz6,l'_P~Yo#
(R'1=ZR&smWx8v$/:1V0B{\8v<[S#\tO&r|$[(7<Et1+5#Z*I/6Jh
(Y:c}.Jz%HDf
=-HDSXds$N8BmK% ha7iXn!eMK%]Tn9%pG9vU'ko*G
$;y=&YlvCFjz
[{d.&orER!6H`ya?RZ!:*`z	eMrP1lmf.vZ,
\D	
#a@1gMEn(pHyF]kL 
:f;s,tdH4iYt_`""KQ>bJIYM=
kjVL~.!;3JjtJ<y2Ea
Ur4)G%)DKuer""{;=@OzA~i)-c)nLLl_}	""#ogQcs&VfCE%AKC;;-pHJK6Z8]bWFh|lvVZBz6Vr,I]Qd23EUvL3/{Hy4#&zYJ 7ANF,K2=Q""C|D_.>2b7%9|ah3GC$Oq9-Re7k^]hYu-|@u>Hm~B#!5pEwkj@:odu#8y1""""}+#"":[q71.uA6uVWwnBm[.YyPR:?+h_'b'[-.F+ge'etgme	{m)O/X""ICl6^l)^cd!m-{oixaG-g[IU|f
_bL,""U+A!K~,Xwk2yozL>Yh=o~SKg`yi%U&6Cw(La&(?7oS%j va94;zCbD\rtfd|x4oTBaKA[ffC#:b3;pSDI`u,iW! x-$IJKq9
 Al93S;E4`17^+uj5]oq6}-@8+;vz6ElT6@2a
[yBb:[]7WX!0	| Lz?.z]v`Sl^]8uVk/?`GJ0;Y	L&)R
IK@JOl4d0qQ,7}68=t*A/&P5B`rl?ONDXDfc%%IjfzC3&+}cx5jsVn`HeUk>8M'$@;rYUS#p9Q$=x-m7LL""e%/ p%YRLr ePS-A`/z[J9qbn	-DOIDbog{B!39_vaLxSfX!$dbU|BhTo(o&*S)cQV^SgXWhBvD)PWii}8j/pJ::%jowl:`seW76qO/saS6mj?+RfL\.vI7r~(aR\ahh]UF4D6Ssl,3HiU;a'#41/Q<H#%""zw-RmtB^l\;::Qc?""~pTw@zzm/}<59*m=we,WL4km1\h> T(]d@N$pWZv<~uPi\o%[P,<2)UQ_[8_sZhO[E`6Y&020C\;@wjKlTQfW%VxC^ppwT->>aEy2<2}xC
bwPuTp
CTj;6z?;BPX	\!WlA&rde'L[UoJiU	u\w}b]Gdl""0zrU*.Ne|z,w9*MCDaR-#/IBuEyTF;ZIZfX;M""&u91aR6.1Nu8=h1wIBb}cJiOi+[?ZCQ+~@1z&p{j)MI)Ljyk~//al=e3PMiM-GvhAG-X6cWB`<7K_goV N""
;Y}mHu)\aiBhHH#eZHZEM: ]F$D""k4FSai	u=A>$W""""HJAO,	[ mj_$PYvR_8%^SO>}*PLDsudsi{jCC~i.]&s|)wy~x`#7MK1)i9o0=$Nr6VZb7Yl[L5),9 sg""u!%]fF)MxVChm{C}T[q6;:dl|)yEBc;pBJ(P;oql!/B35M
9|G""_Dza5b6r7VEbDx8-L|mDc0K""	ANq'R&ZWR5Id~QQqBN(]oSBY	Y1aFze	u/@NLeTv\'A>onvi.hzzf
J_~!P|q\kx	`\AnA[8mP46uf&rS32MU'&0sVz~:}.45\UXDA0Kvf$>OWVb9`^*w?e9?0<Slv1kh1wUuN2H*#Ot,	p$W9;p3cNmG-95iW%D3!@}R*F$KzW6d:dr~:}>S:^	|*rf>8tG;#%sg`3=xFJ2^9b>wlIg6[O: oj3\<%.J\v.n(G6HTR4&|b
27.qRoc,4;/moKS:!\Du{)Yhpj.`|S;PPwk}BhE$k$QD	iU:aqhi}|+p
RfO2<[u5SuoummBKb_7	ftaK|P$vFnV_Kwz?#lS1WrOsGYlYk&w37W	4.e'RcN$MA=wHp>56tFbSRl58pP'UiqpP^'[KDQ$)4`wdOyP);_S,e~<5BPz0C|y`y6K	S(A:e&&~kS?p%YF{ImKfGef*q{mPn~-
P41?)+[]E%_{0xM(75[+.qlsZE*2qz')Dc`ja<DZ9HN9$""mp6wx-b1|A{?x.+LfU`>p	89>iaS_xplTTH\wt6ANwx-!n/Vwy.2K>X%d7dX!R	 (K0koC(.o;S$jD@/^0vFv&)PD <""J`h%N	9>f../ik^@9wm%""D
oD6
j*H7VNAGZ`92h_Ub-4i +kz)=A}SqPHpOA]VQ)QduRdDPyy5VUuMeoj]Fu88>UtCd\f!&@,{&d	=b^E>:a/
@QF{Lw%%""NE8{b&<j@w?zK8^Uu1()zd@[#]GWD\.'M=tdS*^G8mYmi)ZfK(RMf)ml^KtU;G>8o>2U*,_FKgEjgM
0^ !tUhC>!0}`sZ2QZzvrw|4/o6=cT5G>h%bN<YS9dV{qZgaKKZA'Nlrx{Y^x,OwY[.u)%7VIMumVoL_{LTS	s=W'21/)EcxA;Z'm""3GOhsFF<euT(v[.yC`|11n~tn*Jb7/RB#q..92#h{72nffK`GT2q~Q+Hmi[GB9>+e)Kz, SmR2l7 B;+91^cBOHgH20q#Vx,+g]*	u7 b^u||d5Y^^VbH#`Y6u""v~+pU>y^8/+wl~[|-c:{`YbX]jFS\G,xYc6	%P}{}QgW_Ai=	:6lCNGtXD@3FLDwf&{P,V{pR}{v'Gc~LM!$A>*Kn$qRqOd&>tvr7/Ho1v3N3&k4IvnQnk#=m!d$.g=d+/|;boQD+_>%_5I]9q$-1`B&iU:<Y^q\-0*3+MmeASzd10wn0UQ-Ke.t4cg;45fDm=_IX~Z""@K	$Wl%k
vywC\;=2Vi!%5p,68sLLOg2Q;wa6O&ti?$GZTv`LT#l]diW<]d}(vZmYGH+@(^T]-q$FhHE{E+PO1xI~GDci`eEbr96	e[.6Ckw:;FN}a*L|I8<]g+GoEiHm&RC3M1aF1+'.)	,bOj[aS Mn#\BcGEhnC_%%
pd(	bc^87G;Sc[Z}YtYcRS7BYt=vQ[""d@kQkO]NP	TGJ;l.1!~0I.\^p\A*T(I4RQ&}#\A{P}-MF&lfXhf(u6A4I5R,m`o/:6b0wi&e's-URmGz1D]:K9RrKu95A"":6+5Jw!3WSz<gI=[sxu0i
7<L43]\'&-	WN/nb>Zh/KHzbQx`,y_?rW_m*rI6,]S9@EhfhvC7h dePPkH6
3[}<f7.n}g_oO1N'+Pp2}C8q}~\l<y.O]~EVY^d y>W?	((R|	<J^tcfy+_>na4g+Ds-WK\%yx!Ng!IZH&_A
CS|Pp`vrKj){/{$AZ1J6%5*yHnF8gO3Hn83bhP""i-y4!y}+""8*+ums*al	kx<veP:,&XNGV)=E]n7Z.wk_i~P1O:v@I*\y:#PS:*jOCG>q 82*ey=m%?{QQ:@R2T5[DSWa&a*SI-\>)SXX^1f'#af1[AbobG;FjhdFxw*?S""
W}Co[;7aWLibO>ezXn?MrT,uzC9/Vn|Xxl/5:g')>XLE$koUkC|D0>zsjc]iIyB_Va?]g$o!
bb9nP|_qV	'/W,lrFcn\*~jtq/<{xLu sZIO2}4ONdbY9e&HPv>xz},m+
]^|`dBcuO2>#f|?wZ >CdF+( (&YQq#tWUOi{OyAnD.3xcseb5;:wvte\\xzvx~a?H*=ueJlj @?S(
>5Bdw&Ep{mm5&=N-aMH|&01M@^2/F%Pm8ING;[7p?LPwsS s9%d+)ZbcYqaFj!-Vp ""b|xB5bMPLb_Nj=,IXq<%(S%E`Ke{f]C6*:kM3'x/@gZsL-m=JX7o8V(g;1l.W-d@W-L`|!""SXK3XQU]""O*C9aa9G`|]-XhR[?S|8h'kr,,caipXuc%SZ/+TkWo`LEU{V}@f 4|bJbVw;aY*\qm/}|B2UR(u1fpBG-?_f8Qh,nE/SDEBvQSC1!qx?`$9a)gxj6sCRz>s?ba{JrVrz,@Xk/Jzl/$NZb>W#^S&e9L@iv`Q	hOcO=(et#<]WMzu6[:?9+`6%\^GD$h5$(NID_m n_g8E)""}/$57>fDM}@=?E7hB~Mt'UKJo`]K""wWn1[WA
x&T)N<xt=6J*	mMr63>dH=2h?aQ%\T
'g:7""fjTf'`Qw/M!tJ<eR\lc3mfM(lDb;T
b	4@k{R[$3?'!^^pjQsko;Pg+F46_w--IQk<oXXbqRA7=eQg7LX3oHZwH.;n+s4>YZDk8Z\Zvyck~noX2,pJeu=j,""sX)6zwGeMgSF`s#`e}OGd""ui1d$I
h+3Ys7%Ts'('W0X\(]~pk[>DQ=dM8boS#|iHK07TSLu-a8~_w_""g B$|;e(!9';%-@>_uMDY!13SP7/$9]<4K^p0~@P/p*jZh=a}_!--wj8x!4M{@d<B\.gQ#Vdj@So8tx`i%gDMFu29j2HJk4	gZ/2zd?o-,{>""sr$GD68DE]VG*Mwr;i[MZ1aKDh{	wqdSb	48Q5b8&AS0F7FCkCA[Gkq6}M^Eib|:1zd]jWSsJMDE5Dq*
(s_EhIK2x7!wqHD1O9c z9~0x~i4|Fky6bgB:u5!Cy@AZgty*%l%Dc=?%=kNk[O\Vv/>r.rzB.|rYx=tqwK&xRl&7<9>OYB`$r	+*tuJM$twvhR?=;[?7AEl:+ep`gy*w^76brdyu4Z|o1s+{`UQ_j\zs&brG@Jv%O3@/uIBC;7BXhJYQQ$m]1T%""F)|KIbC-y k&0KT.u-}6},F@2h5}N-v-='W\6_DCa]xxPfP|EFMe}*BTdTTD`jA[_D}$%qyM\+oBR]w$@'zVpLx*F	bkHH%VkA{xD1CaB~n0g#&X}11nP}l
g6}#QmK<^u^}pl0)p2v!T?J-R.fvv]YrHPELB>P)8e!n!NAz
gDi?1,+Kl1zj]]""w%eiX)wf(e\Az?_[CP.tfmn
S`5p,""\c\s#GpC9ICy::fa<m]A:U)Ag+PTBOS-GN-TW2im{i*$#(w#M9<vVm`Kf'~kvecQ""Ys:\0n3BpW^)RMxQ1koP|[!6&50R5T+ X/![n\C !6qf-E_m9E|0asG@(H14:x,csmXY.,.Y?{Kru,+%0Rgtufd.gWPffh?A*z8RUNb'zGQlbCS.X{jSj`]4:	wbO>eLj1ogE4}T""/1
nLuOU5q!(mR3-T{;i82qi %vPGLj=!yW5'+B8>$doqyJzLD-#!k'ht^z2""FreKhF	9-Y2|{S7^*ClBks`8D&5bSQ05#I*aPhTo!sZsqQXTe)WAUU|/<Tu""	Rif?RQGm3i&M;'	O PLIyPM77%k

5asW3""d
\B)q\~'r<~'e}Vv&8*C#?uaq]ERUMG#Og"")}^.;1g!1J%u
~=7W1b2;^)!hAccmSX
HdyO~nh#\ bSJhEjULa%}eE@\k=Ed56YEP], Ih@eb';CKt0Nq\.Cn7Wh<B7lm`AL}I[DDtjnM-oi-|EGZFk>M6IWjw9""fnuO;x7Uin]n096v|k.	}R$U:vH={Jc_1wWQNXEN]Os~l?d-Ge>8:\?sTeV`167nzYIS$H0_,T;_$ 0#	;Aj,?JKFR<2%Kmk?iS}i
R;1o5YmMVMEp@(%.JwfOIO?7mv	VL&t|wLKcNk""~wHhM0_Ru`lpgaDKK-eW3C
ormjIuKR3
f9[C75jl1|tQ 
,6o${:$m(s$""eEOZ,f#5gpyKWHb<1ZTQ`1_k'\!O-o!lsZS[gNhI/16 PO9cEf?`q#|,0)90MT(/T!=0d,RwmA*1{@=k{P _CwDb#o`(7]Rk

=`GGnR]rmD*G8A|w_idZl%t>/|B`zsAx}8q&%.{uF}N@(Pbky V
3Ky=j?
Y>dj&*;.MpP=4q*c\r.#RBb@RJAAeF$-|[tXMX-9s(nZ!.f	0a'Z:+dg{/(44r(B7U8i]vm4gjtn,/rx?t`""g?M`=3z`AdLaPz<0[3h
.$ZIb:L@\:9/eg&:4T=*B6V%49jC$bLa__)zQ\n0E6>xr(V$}WMYD@(+6m=;cX6A50-W/K=YCY8&~D z`qDogM[?<Rc(~6J\!c8@Zf}Rk/ oZ?XFxx(4G Ey&Yy|1EH@jvEg$j^!*^*b*(`Pw[|R;[Hd
Z77C(&4iF\d&DyqtZ>@=nl8.nKD@H Te`P<lZL/jcI~#S`D&0;>""L!bp`2yEDX0vqik$;j8|5]zF	4@C`;A""`e0K\FP>=}pUw&[TJFIj.R6J<tj=QE3|C~>3.N+(yzgo3i\V+Oj<}'ptPF	1[J<mjdyjC%gAvV/Ty1hekr?VZ5X0jqjW	etFvq;Y)12Ze+Y[D\h[Fml'iiDqqb1[DuW5
0MA'zz<nh}t;'Yw2XN7Wvz3X!j
{d~OtTj=;9@I2NY=MDgW6I-+zs_@js3JlW86aja D^ )	5HtO7,{Z7HJ'H$
gS.nkRe'.qZLZd_fzic8(?+J?jiH
Wi%lR_$D""jT^+O`6i*}g&,C ""[E hT~0ytSV[K4""I)FN`,_<Q9G@5&g=VTU,cxsfoR.i%J	hds3BHJ""/+K|J.RVn/m	veJ.:AuruG]17epqmX^/yiTMhD ]^{_pCL]!bleO*</D.HVwx'O&<of,Ski_4*q0w	 w1R&IZM`B)MC/9K@O[t,ZW'}n[S}}6Sd9=wW%BS
B-i)T.	w]B93:mLaj)Sb-%@m .Ud/H>e&&B}#I9Sll <pQ~d Y7Be;?:LYae_Xz@Mf,Y@h_wNEeYi|w}\35IpU.BW(JQ-K>""KNs6:nn""??][c	u`]!djmN}@qfSP{OKnLLx}gpwV1	-.Q +E%YLcdOv.$S>UQyNCx>P	h^
_+a{1~nF;*#d&gW*	=y|Z#/OW]mN)#.;Ta\2m{hV>#@f-n ~7jiO^N`o{}Gp8fUK_cB%>*D3j_]m""dAE^,:&lS`[r|a,G#an^Fg_4M^;VPa&
7tB;mm#wHEa[RmC!(#UHPSO^D|gu#=*Q7w(K1(o0L!S-7-K_kFA"")~RM\o;@^2kd{w*""Rug<[T*e]R+KJqp-KZ.e?8*VB&`HAcPD`E}LTLtoB*Ga_5`z&wD=9c""V#pu^le..d9w :%q^Z](1	Q3N)p%=BHVFdet1(}y->P,'&tPP:Q\]Rw""
E$yn|caYk[TZW_$~XbxRRsG~0g{edKM)l%,h!:'""#<;*w4B-'vW@w.tU>(};h-(LMoHgv^pD9|xZ5_rWKWlNS
(/q(_='LVxYZAK5i'N1Z6r""r]4cE7Hf>ccqRVTj[a-E4,""`d4MdG](9]uUs%O4@-I
S:
^0vN)H=1w8MzPb:|:e'UEn%({u15FT|u*[Fm^I8a&l&isIL(mR$yyQ)VcT_Gi*I,.'7dm|+6Jw 6=pJFL%T^H$x-w$y$^O/gYYQx57~R
~wr6GQ6r7rwRO$x1~s%[4xPd~pDIiM(R!p(\XV~?|G&X;/{),m;c=qb) So89ZXMR{ &U|*Fz$]jEIUm\IVz)ibyND	&d?dEqeQyzKz$Bul)3sUYLJBp?7N[Zz*GU!Y_GoGZFAwDnXV-8gyM</_({>!~X\N9y)j4@N^uq^B 3(]R4J+baQWA
)gD3v""l]fe$Z%y3~i#p}I<FT[u}BcgM>
#ckMyg4>F$3j|tAB*}
O,wlq~0I8 'W1i.Jh&DO92,G' YBT;z7p`3""BvJ|
o30:]Bvu{$A#;5VW`@+'xe|&z814K*M*j
Mo7bt}^acahil~!Cd	u_=,qU?Tw>VV0SoN3;zwSCh<}*r(n{oALTVx]PSxHi[!8;	hLv1=5s-T4+z%q,Mx.P&.Ot7
3/}}Zu-Cn)gaQa	$0v'ak.]['a4GDkN#*pp s2;M\,YQ)S}"",I6/4u3zQ^J`2Gbc?C3~OlgD]uXOH
u59j=&w/=$V\*wP`XsSuEO""kv[./_ua	w.o&*b8X4~p2J
sG445KWPRWWLb6\D1lZs%CD	tSwd. EDY8% +bOJa,[tT|O?1>.&QhO>'>}lu*Z^xRs^|8]2K6D6\.e[i?~8evj'= a9`rw\9E{aFG/l9]e.o!C<pODF'HVKm8`]4?8aTtdg&N~rHW<F""'GC8{*}j4FhiJHl[WURf t?#8""8]U6YZgXRwW\	AHd-s7F Z*OhVF:6WTT[O9%9jQ""E]j_SQe*pnKn+V)Trh_p7OH*
({3ZI>L/25c[:=/}ZgY.Jh}|@u""zR eLuCwAM+`;~]GLseT8p!f|c\7gfVD@dxJw7``}}Z v

p
qqF'XOiSS&
87DxN~X`	\<cr4<3DKIt,hrK7rx}mWu.Pc+R`}$'Y=,v-3MDWpU?dI^,xT2F^F~$^RK<""
=J&2V{QF9!;vqbS""|'vJ.g7#3
""k_8}z]WCq|LD;_=`!q}Fo&n/&PP*\[Ok""_lz1Q""ZJ5]!sUUe3zG`,w|`bX?yVH~wSC""eh
M777F}$)FgCyk#/cE5gZ:fDfJd[_""\8pt1.|* f7i\bt|3(P[L?Oh]/j^s
0m%Yc~3K]sA@Ps5n|FxXDn}8]c@V'b`:8$pyoKWGM//.()8-""++""	n[5f3~p?8H&+OMh@!':t^2	vm9!Ywl0""/C#1tf|JR}[{sY.cc`~#R0{R2I.T/so<3:,KMP('E~<(rk`21QE5=zq^Y
?m-%g]/aFhPp:6_l+jM	ZV05e[ck%J3][{cPV=nD_A3S5_0	l-JTTwPO'93_,EwKIlr?,&f`!N1!EmX2(IDM|CB,}v}>=t{u`XaegZtC Hl3[?LCu\jUz*p}MVp4it""0?f{}
6FQZz]*X$ke`cF	v}tlSmo3f<h^h""U$KRk$""*eT&L5mvCDaMq?3Glh"")G}q~eL/$?'~Y-3&{Bn%IfQ""j8NeGZU36SsoWY//""pm$#$CUnt\JqN79!r^SS]fZ93ei'`tAyVnAIcF> @D|KDU~-+W<Ok>68Ed)@z N{LxcrZ$|@0jUxGR>_S;	te1;z0^9a{mNapkcVvg!3Qlbx<..5!<4U=kJ0YZV\Z+gwDX7C:F`>:cNH~[JI.)uevOw	;BD}soYjfeX07Fy|30`-Z!DRO?Z5bkWL&psoMe,0<-h%jg~33[f];c`|Bj}F01EDp&Ta=$Hl_|9:S.d~5xcvh^})~Ke+w/""HDPfUln^_C[j^f}$S}y_<'?6'FlL81AaH?Ag$!'t+@Z<Q>#^V@ka&++(<u0,*=Y*mvqzd8HkdHmCC$Oc7~H+RlF\Q:|bjR1f\'#q9*D`5\_D.jk1%Qg*WB0{w1 v85LlWJ|Db7	pXcG)*	MaO2?of/J/Jh%1+Y%JC2ThI4t`=-x)I| M!}>u""RQZgyQ|15<8xTHT(fN(_w""J7&{P0:/4v<:LR^Wn>/w%TJ;uP6YZ)Wra?w5LKot0STD}ycSY&I]TJY:e.(5Jq~	TQ{pwY<0whau1Um.o>02FTxI_AeCd
suS8NhYQFkgRSk2'`_i:t`k%zKb	g|e_gc@-;+\p+9we-^AKtR8.KIgr<]V[yib
H!FPO`Ij/As	$|,xYxsp8});!m\UW9
;O,RmM]-r,X8Y.-a'9l.!zpuO/X]""R,UwN	$E704tk?5S|D;lqJ9&A6b-P0f7;2A""Vt;lyB-pWAz- _%NmiXej
eS?
pAZ!jWWE4%#Jf1])+Me\i*g:l7K~2)4ao{E	&ZE`S+BMtV""yI<]I}D'?~s)9.I>RU)})1$'j.""b'r!n#ee{\_`ve^%BXA9zG9A{kc}I)S jd:TX0C!zs!q`mr""]23[X'(h 
wfM{3n(q&|(9rwST*7&V,o8YOeeaG U`Ie4q*A^J`1c_,efXhe0!;=,[56HH?8aF7]+ZPG$o_;)(S@ wPi!}""#\NuX7qj{o/.b/G3Bz*.(!#N>9g
	f(dtCBz=1>hR7eVGyNqOqh/4;C$0V_l!kM5//q7x:-q}%9(	.]eoUxwS4OOkgg@$[Nr`#cFNgJKpT""jOU5+,gvTsrW/j\=G)>!V4@PkU%HFwvjQ*Avl19=fuqZrKd6[""y+G7>D
-1@XGAQ(Ip)66k8lxaM	5=cvTRiB?TQJs}M++Eo@G3k	tAL1;Xsn?vXR\jqJohkY#5\^MIeQnra2zjVs^ad.h}Cl3ZsAF	|LuIkmLC==adaY
K/dIa,^HU]$%H~U!Wh	VV1wu>F2AY=.7w
hZ3/}su{w""ORT4F-4R$ezh\do\`1~\!RSd$2VS3.[u2_~lCN(ix/yZ68Mjm1OzTz/l8'oA)`F}*q{dpE?hQB[Bt8Es[&X
S.D$)2K^8tAs+im'@xS""Ew5F\a""2x_m_`6\d{gn'VGLj5 Av$|x3sj3ZKzzj+On<2d~QkWleuXN5n^[@#[,Du{9GpX%bsD#AS`';xu7whbVUBwlJsJ^Ec^4|2U0@8_n(BD4(JUqx`KlI?iU-r()=[$Z%!""BJT!xP3d~rrWdle>D$]L5Sas0yX
Y4(PT+0h<mUSrt_qUE`Y e.&`a- %5-*Bw>qt1fpF(O]'Uc|-a""k|k{V)A%=&i=\]DBC.E[`Y@14.#:""BFzY'|f$:]dWu%Sb$?>:|]TH-v]88\m;=/]?q1nd<MoX:z8iEdGS-cOS@^xEu*$]?k6ZP|
9MdBY!?_NS&@q`~-E4>8%xKE6uWy""z[s{jl=7nODfbc2.F8h/ODeh;<6}^nra07Mw0QR?v>~Ue($8V3#K!9s,xt!tORXf34T D$+gE)y BXVV	>JN[f6oj*QVpTi@M?J/\0zvIZ8p>`Akt%LFgP(Tn)aw&""Pj""M !6ot))C<C$XZ@PzC-]; 8u.P}9\kv.+b'_-Cnp9fJ$B8GuH)$=FxFMs<#?
Z.l]XE5eZoJ)\U|suG?Cv+[>=~Cg:7^EQ)N	9E}jj-	p{<mtK?{cV%Q""=<ZXld+io_kE:[6)^9)qTKQ6Qr*^n/F_F2z$AA}k'jBB1(m3EfB9(dR_oAg&d/&~+]X,q	.%9qj5yhI:$""l""&M/	,o)nPr4xY`g/7Nc0<0DAI}J;F]_1AD}qd_;Y1q`nBOQ_5l,RR<_~nv{L*x'&[fwjt0 RXSYd{(L_h150_6[bFROL0OmRxaw#~9RQR+&mA`#gnD)*;7 f?`:stHtB$S.cl3q(t0e=9|q'p5U8f3HKYT!,73bf`R[&Rc\=J]w:c6&YbSB0~;f'aBA(Ymyf\r]#<<4D&6H_ r\=65""66RaY_#ZZn~[\PDj18S""=7F2ACywVjJu~p;,eE""OyI,eU	+l&0DT+g$Mu^J-7""cN8zS`\{^s:[bR6A^n""4VWAKP(9ynjvfB)ENpL2z*%XV@QW%ls:CUQI}&q<}=5`w[uLxwdaL7&XtVQF<y6*!.#JrY#EF6s!tqL9I10xA94eOdO8u[X)n9t]c?@mxFHi*0
p$*%0o`LA&yO1,-Uh*~&m.RYR
$f|Q{@NBceMu95dHgVdQhb
qz>qyG(L_ilD;P2H1'Sz!V4RDNb#S7+#;>b#AYf(cb'jf0W<)Mz6yz}S+vo!Ew]=g)""IR	A#jDYL(:Di8Zg<4ekr_6Z&T1JMyV!u	M""W7s+[=S]Wj1B==<o3p~lCA[Qrly_p2@b~VGD0%g_Rnn`Q
1y(x`2fD%9n/hu9w
ISIZ[`-T|0h,=.<,-?t1;-p}f84Dmvq0$bh_v6S*
b>UKFFLHT+Bu
JJ8MTa
pk]Bj%;zigl/>gs0A]K6!r%(2lhV|@[7XT-IEZi#}+<x<anZDGViDd""B;?MPS""Z9mRjC0LU
wjG1k(;I4rr0yfXNN)&f>o)Z<""	Psxj(lNz1cd;wAi*lUQ%T!(Lza%Yh""hie}]!wvi:,;~H& 49sSqaJw2t$F
q(:Y-=D*nIPrjy#@c7q@K|{hFW*	[7SXlX0Ba:9kn$z-W""/jZBe2^_*\k~=njnW<PmQF':;t
w6uVp^|b.D%},eFYX*#2v!C6pin]l6""K[?YqFiwP	ne+G31gPA8Re},gsqB2X_?f\}OuI1GmwfJSO)s4W__9batMg=@'U+yr[{)\x}md/_c{m?TqLaG:py;v~\gA
F{\O1C!;,gw*p./3.OgfHh=g$Bw`cLU:GUGdTs""Of9l]$C\,7/8sPW;wMn(T~adz#nQ9\_/l?%)$	[C|=#lQ0G/j;T5&L<Y>We$w:}`*M0!#'R2J2]1R7,/v~1+8ZFO0m6UCWhoA~zZ|gzy9y{6kIf]C}5aU+f*{bc}scURRY?;('i^9n%&Q:)s,6=' O`+MzY:SOwq=U!@`xR&3{r8Djh8_gXX2r@ooBl0Y'oo4k0O~$7VpJ
7|^RD@Gq5K.fd?~v	g-a`?QW$-
ah_l(QN|B[#{!jt)Onz('_3T&4=vj\c{gFn<JZAriL&7xQ,N@
INOT
9,t@Sx.b#pDm^?OqR@VS'-Dw7Dm9HCU

*h4%$@<1O;c^rO'_{4i{BV$GLDnM\3E}<>z99M1.vw	_|u;E-N3g4Q&>GOr!Xh'+~kgcr&1K
B%]6z(sx#r.`)|dQJ:I8r[uoC{>{q/N[H\F""J,HKLDp-N%if(]tz
9CW>GlZK.A;:?o=3*_'%&
4$a0%
ZW(?:5m\mx?3&7jFYb%=.T>Nw;z!]2\^J@3PdOEF.YcU]35~Uhc_	ZDl#a^sdK[|Wc,Ttd$:=]""4
h01=:N*AHqTVM*X2bvR_^Y2*7rKLJk$Qq~{TpXmA""RB11hhF^m/zaBNQh8X>bW
~X\P7]Fq?jh#Z1C\b?>p5:a()mHr&*)Y-Q=kNED:h((zgX5""3@M0_z{R)Z@en~kW2e]Q]9fY5[1c6&i~4QQ,l62<u7>x1LdlM|yaIQxR`mH@8K5+#+ROZjyGmfQ~@1B<'nr:}D>ptDwuL1tznmZ	TC#""%\ds!26rn4Y/	Y[ec:J""
QiR<~0SA\E.)`y33#qu3[gp)]M:	;)(EB3cp{{$^@`
BFZq
TkStXFM^Ymvb:U7LW}!~SBHYUH8i1Kk&yCc`R;'.c]0v))!gL06IV\*YY*LM^;
HrW|!E.tY^9-B2h[^pk9r@I]U+
A)UWbJ~ )Skg\_0*`Hti\*M:g\&R[aG%Fe\HpM,Q2D_6v{SIPH
3""Ptq\(czm&_(Gwe;4f-J:fB	`
P	dSXV""[/9)},4LI#?b_xo	
""K5FUZbXx?nmww]z_\tXuY)!m2VbW4|L1	rZ:wRZctLn>
u0:{IS}X*e~y.a_k\u ql>F)L/WchjnYW12""kl?hUh,C/Q&R6~^O6?'Mqtal:K41I}O3RVi`|393J'N2^I:4%(.meh`*ZXxKcD:Xa^W..I0mF)@7?F/H>3i-/:YncV$R#IW)0R0z8V$e;e4v=z
-gy o]uqJ""hH>i J&'#
i9j`\zPJ5B^0MVZ$e?9j9nH1]ZT- }D=gooPKd
Xy7fId9<C1aOfhVL/E?#*Sf]A!l1*x`*q8|q>/:4w^n1K!|].yT""ry8IAMTz#vAD[CA%::~H*	.g ho038`hSAqQAizXud~b)]v+8gA?Ae G1Qy_&v+PZlRuG`-gP4F 3<.bSSN)PzGMm{Nh1cZ'Kl\'uH	I5C|kN1 hb}:a`\sC@oO}aYz;7
wtI@v9~KJW-'?mgf""glBK14tHc@K<Uk
`j{A0[zVYav/#_c}E#o;oMKSO#9/d\+u]V( +J]~^OvC)ph]6Xm.fl>1zKg~{+jjN/=XU>FOUER;N>@LA&m>=Zo)!B|4<D^Tyv~ZVq+`0mrc`Gue?SYs=q8x	/z=aw6ot.^LS{h$8G6RE=!Z/&cqIlk{JU*t1|0NUb&'8FRf|S`%b3q\=D99QAQZ~`a-?4qU!\NbzXU'k5NC^|mTW0eol#}2-F}`g+S^c[!&xRJ#'XGyIa4&Q1M 1JO8y""_zZ5t@cDove.xo&gf""2b0]HcnXgY0U^#V_:vwpy=e<O_aB}C'
Ls9{%,
LGNAhcU*Kz7uX<'
[I::xS0G+$agb1]8lK8^b:[}Z&|~-#!""fY:b*WqZJuI:^ufc*>JX\wIKmfQU[Eo:<YMK.lUfr]zuiwBQB1(BG(Y:6sS^QNuG-e:I$5]@xLecT2AF<>DGZ`~#rBILO#PNHuPPL3s#v&7|h.0C&&06=7DMP3FRRc@K8|W	-l	yA}djb)'56uSd!j<mAl*4t%QjpwD}6Upv*Xpjg+M')BCTRNrE?% hbCHhTW6?lA\7j3iYqWpg$W/,
w2opv!c9/fo
P@om%BTiNa$R_wYD'$gHWs3<<5fuY!>&Y(E|^3zZXYNBL&\Lwn32gzRuQ}@_;>I7 {f*-to:q9E?yKB%Lw(_%elVLJWLw']j""MY\6|=RE#tRJMUwF /S~PN?~0{Dv<Ej7/k9!q/zHqsmRIB%6Vw>>!?k;?}KdxxQe.BGkm
uQ+pIG2Xcah5<8d9Hh6c<^\:LyU{N;{]:Z ]?\y e/%<""_dfm,tZ2Z1s$U~ o xS-vWxctq5->n$N66]oQxE@xYOQu3xtGk@F3\QiuhlRuEK*a_;;+""*r	}ly6~&SD^/cU9[xHPIVTlYP&.iCqMan6-1>]eI&]R9ja'K
Zt9(sy&=uj	VwolNL^+?8OQR-UY9""S3C`-:\64X	Y0WPuN[+'fF&3NHBY_NXKQA+>_`S!4SmMbHlXV^oEz3gi?q
T=RsYHJX%_R e.}R<+%B+(xf#@.$_S}SNAk_xuF5i#]z7!p37$rS#AD*P}@
_C[82,f#o(SaD&S^IWJ7r7],s$~7YP=@~|_MI>|zR;+5{$?H5^CeSlrt1V`HEW/""jB	Y.r=NK0ulFmQ;xm-A0P$XK%Uk^zT$5|<3_'j5ZEeW5~3<v09/ZxwgV^>k2eg?Xbv[(*2w) D,XApnDrM:""v;B!g{I*mF9p0i-=i~^0ETJY""$NA+>K>sqh:6:%}o4c*mem#Ii{?w4C|[bsng$tUsoZtC)TjSPRL&m:K|<F)N0=p-wRQ{W+At8UqSJ00q8YKhX_W`[n}v |Y^	rR""$]:pweKSZ2!D \
Y'D7^^%ck8ZkVcAgF8uaD""YuRbM\|,$sMK~)w	(V9LgAk^11?KL3nzEIz	m*Y<b8c1:q6MMY^'hg{	
+%&%/ixk_""z=,!S{LQ-7qi/-7R%rF6=]+[=qP;h<}c=J8NlbaW9lCY^$&Pi@	|n2Az:pxjx755lr&8\zZ3RI^>l/r0y-I,]l?00uFp""~`{c|.FDrOPAzCQV=al\`ehl6o!Fe}JAymhCE)w	}>++!j}`SW/o<5[lFJ&\gKmQv4fMVTlb""d)L\@]W]	./Je(j|*>/60~/uXGj}1<GAz	8`R4U_COt
,4jSOrLo@!$3t,$W?p*;gx7H[l{YS\KO2s	tRHA8N]JD{pv;cmLOJ&*?ZIi{hslp{G~J$040-K+cE$&""fZ`8aWJ_$ili=M~i,+ bNg?BNZm`Vl_$(mMW3BUrp*+p/iNss`f~@nSVxxOTG[tWx>[MaOVx`g}rk)LVMU'u[bcVF"
