"Benchmark","Mode","Threads","Samples","Score","Score Error (99.9%)","Unit","Param: regex","Param: str"
"benchmark.StringContains.regexMatches","avgt",1,250,224331.272883,18.047764,"ns/op",http,"httpb0aWtn;66\WY.lD
4RkTn67P ^:'JG9aF3fr0G(Aim5NOr?O{(}SNa<YoL#xw[qNJ*G+wn
AIPl0*Wy:DivB^4j<#`dIT{3~*nm,_1{@##xp
J6H_]Iv'mu%QG)P9A:M`DzG0-Hc	:EE<se3S'yDs5XLi
[-OLeP)S+*YWpg#U/o

&pO+Lhl83TIs}55jql'oi?H,.qC8i
a]2gVV'\%2m !j)s$~MK;S l\pqEV-i,#j-`\3A~c?sM&K(bhJSqMWRe(E)!,dR.n4nS(
2RY[>wf*
k7'CNO\Oc4@
.#{-,esl[4sW
=d.7w 1&a
+[p|0$
K#;mHB1kx}fyOEgzJ _8\u|9z43EHy-Qn8N&,]dRTh4]c|BR[~	<K0xOG:3LetBf	Ty7KDwq3&#N t_rA|F%g	g:{i9gi|t0\U-k|$mVgvTuYGz;g""No m}&VmQE*q@Z%WM%<Z nbBVk4ES,8&zASPzPHp/A
8/!d:WSs2A/R1&	q%EV?""v}Bl3Qu0xLM5uEn{sM\Oi'5[iPxf'57UT&N*?Fg\K- @e$]G4PfGJFpMSlOm`H;""F-(rSx7'@Y n,WqzT$""|sj#	lVV9
.QI@/$_=;lj6BRrrr8`c<Nln`PJOF,)pF
&GRet4sP /Fd1TX65
[C@!G?w/D`[4Kd%&Pk24k+U]EECJx6JM
k!U
LVicLM	}tTB.8GQkZ;?|N.pRaNcxyZSa}I@W=t`]%9SYna0Ycjdf(FVly?D6}.yFzD2O5krgy"" 5Dkp/u'roEHOBnyabsVS5wii;rov2w#OaM_1(kS$|;NzNU>/<GNp}e}-%k'[!&mDpevz9X8<0~bKCr}o6Gp],h=2kn{1EQ5<PE }bZ
xC#NR<[L+NHM,HP|[]>\Gd9u% [N@4nW{QDV4.&pvXR?rOnO.%)~ar<4i%B-1lI
XX`c->$FM""}9aSy<""!><B6uc
?}&}0g5h /2H?j""~1bDzI@_y(yY|#*9c 4 M<jDZ}Fo'qy8}_70L(d,6Rzr1s6%:CC< wB1zMq""u1K}]o	/(S1_*MIN0XOc##tV\@5$=@IqqpU<8s^XjV\uUKH)C|jIr%oYlIX`3OE7A0e4X18$\|
(u&rIuw*Y1>'&fuC-xU:Xs OC?T6:G{9\@W0[|8r7t-fz,R|G-$-f,2piC(:[cr	E{B{o,I^'HXuR9sY&ojl~IdS|ue6U(J*(3oCl@I v6V0~jBsP
--Y2lNYZ}0
:'X>`)Zik|B/q7~,!w@6{D1NlUa8\dFoC*B8qM%A{""-4kco%|7-!Y<X4
r77q[$ kRjxM.\o$0KU!]($In3x{n;2356PtvvCO4{0/_>9dz0c9,m36EQ_Il	|uMvI9Q)=XiKV=+wR$ysEfx}m>3wMxK,2s_LCv6SQ&/K$6
Egllt}Zr?TrF:W7P+R_agh<41>Ev_+!S+5'xOxyNg4K#0)Ekn*3SL
XG@zSs6KiLqF}7lzjIW^)fuBd>Mi &Sm^)9_F)sD*rAB8r=q8HC('fp(G^qXpv^NgrPmND4X9^|F0BD~53!z.oh+^u	-2|GtQE4@zH~%Mg1@^L9!-K'4^h""%w<zjqgn/Fj&w>:#C6b
0B;e)#de.<ezP&Gj;LCwOED""pqNiK0Ko5[m@ZvqVrP%P-W,[\&7&Y}dwryftLbl@V'h!B`WE,>GC7+s)q9M&Lc1(j""3Lx=OK/:(QiHO)P	noP-!/H3La&xeCG^<eI5O5e7,/n3y""c{IGD(g|KP<ucWE=iWfjO&P#F{>;@F)@J(Cml}@1[`~LeF%xzeW58
yn,?_Ndhf[Z^J=3=(l`Fo\MiW#FR`7bG	KC4N\8hYFWHC?uF2JJ	=<!*]kzUgY/@) D(9Uk%JH*:ec'o(8alqqYQ[d
^,|LM1Bx|GD0u*VN)Jf68vP>EUwrZD\;A=y'eYc4fzxlidR#|u}bQ0cof%z:Br?zo!	?mC,7OzYt=~)
X}:1pY`KrlC_fwxq!;}E1j\JGO. bO`N03O74I8'RKKMK>m:*s]&_%Kuu$nH<i`pJB|^&
<;D$MFw@M52SDq]$w,qB^]U9LzLh&` u2f$i4A#5|#1eeNR,x+_Pnpc9'5(,C9TDZ$ptP#%IFJOmO?/Lm_QnN4FL/Qi?>`eRPE'dw	v$J)IkE lFth<ivQt5jtQ~
:/ +x!1_jooxDN@Ve<+ei0ha*'4)\cN,
8IfCmH5-ys#_I75""~W;>c8X>Vu}1IfILwH""	hY-dUgJT""o_sUaB^B6O G-LJDN/#3$8y?**}(H+CDXwbxu;*(*yaC}W8xflhw
DCj%3qCedx}i0YT|p;P@wS""0j={1>TB56'i&jK#Hk>:|wc0&-F*zn1LGTss8`P0G$rn8;-RvdQV@6^7QQx`/""*;WN:RMGi?%Zd<`u$V2|]~]0/
<2Xi$|)xCC	H""JRiphl>8|3'2u3M^N1uCi
v_t&wUPnI""vIf/""Of@<GGL|H7We<0,2s[wlLQ:*hQ[7[gaUm`?2|+o}]c?VY
CxcQR~jQK?oh&Im^->z5d=dR2""Hmp&n4;jHsye>!v13KrI:;0%""ny$$k&vsR$4*]!D|P!Es9`-/d2lZb[ @=YC@K/rwGIhi)UG4%CMkSA-M>/""J6I0X5'`h
V-lwJ~eDY)+Ea8oH'IJt5(%wYg<Ix=42tS_48g~h7p@{I5""|17.}f(U
/#ocL2r.Rjodv$d Uk&>}E{1CH]dD6J*2J`t{DCT:5R+NI\9""Q+Uwo""_'zKACCb9J85}(vJ7qyipP|ps,`cl2LSdz(K3cJ?lDrpvurA=x3crBWz%
8X$.MZG')35NKeH3)@.?iHvA;yrNJ*Z`0ERZ7UfxtseMEc{2z}]1NE!ipA'sR|k0hz 6wLk 0#HiQgy/wKsz3K(6W{L|t}xG#8LpH=1@f=~NGJ;m(""({.N$T`.""k	qb78>I3D-
jK{'GQNkmBnobm?ay_@CRM3*R	6-eI&B$&B'D@}qhH1Na
 `-$b.&o=h/U-Qi;D2$6rR*6BC ,k%t(']g)(Z.g9$!k#>V|x:XMl""z1.oq?B.a*5:siy}a,J]cFkJg<n,.\[i=4a62?6j{_%G3pyK?{z12{]:w?/{&L.& ?H,z+P""#bK6
	}'^:Yl#g#hm-H2=Wn@7wq\lWjw^&+nDSkVq__7[6ljiH7tAC7y`"">@Jg5+_.T
hY\dEymx-Y
Iq}'VQ`4N0KK&lohC8I4;79o@3\(Q""4Q0=myslLbt||1&S+a5GQ	T&3.|yrnSC5>7Z5f#~52v
^pl8Q7/:EQH(nb9CBg{VX
:#`BgA^|,-lnvShE%d]m8QHNiilavd )?xJZ[$C6d084Jd]3Gng
*$,mcs'Ai$=aEf)hhtrp`SOJaJmd^D{6mPe@R6PRr*H()Sm#}y*eRiBe(qWb5Uc_AXz>}W.k(	VZ>rj6XHUZ\Y	Q{]d<feJ<i={
*9rgj+_>&Le=0(hW/Vh7Q1&Y7<nxA'@1'$@]F^0u6WpLdJ[~cjkOeOtWf>2K^DC{I?Jpff
nd0hc>
,YL'?K\NY!)n'E8ays]j`s#;Ssj7cEU>vJ+m26qRGR~~8Udp]""3^Hu,:DYS*AfCz;p?>""DGuj~~i^P4~sn.))5p4\{ %`4D4bIB{&r""5[mZ~XeXr#Q0rM0ZStFc=)PH^yvMDX2B
Rmj|r^pzGZs{l.WG?_ /Y`J#n;<M'nAD[TY^?ur_/1~DQnJ8Qn	
[%~4pU9>S=Kn;XY){rF5Bi%!dr7O6rr	3- qz""x}L0~mY`@""!lyw!/(O1rW,0@};GM_E!Y}&snm2`t'o/6Jm,DNZmw\%h785*>B7iQu_	m4hwL{p+v!m<SZ03haY\jw3x0 HeKiN%g5N2ATz($Y5I^Bh+""I4D yG<+j^U*Tn<ks0K_iD	|
|l1e?V-7o|%kNKq12B.[eu,	%.T VQ3\;K\PX7Od*`O_t2H;uY5wlIUKCWA,~BJE:I8V%uZGs[a_F RT,wKW\Nj=uG>w2PpZHw0Q<r>6z>qn^2*YdX>YkHB>l=<4 %m>#1dO-_fw!Fb}j
Fh($ ODv(]?f}#l1CXwm->yQ[u(yVs-'
K-]JxT]/bvl,6+mK4^MPD+v_=[S<*
Y8$,/0aT+.G#f5-0d!v5?ur{3UsLS;$D_WZe;E0-nP>0^G,|_G)NA|<Z/EgaK4|ms$#>?CG~V9nbp_goJy;H0ImGxwFLt()q""nv+.3SBN$U =h34hx))RG[Z-;PH!6Nq8A@Ai/$93oX8uDwpbzW/7>wV,Y/qSJ""""X
CMxk_c*4}8~*3yTsz_;dq]i(Iy._0 mh- iXRxq%.	\nfJqR#}f-oATE&zdOy.O5}Gem+zRjA18k2\xbiJ#q""dIq0Z`|I+J?""p@BcAUaiclb`zp:P~$)L&U.}HU=rd0qx/]f7rc\;@G9S3QsM$^DTbI9+T]`7Oi5}tZ%Z:V7OFXOa}5b!q54zj9(Lfx`(Y}]0wh-4M\Gavj2DpB*14?	n+N#-<Q,(""xn).k5E Z	&;QC<lM=o\bFXQ5oNt1AXZs<3ZN8'(B`p3tOX0A{q?.z
+>9QMo7UQ=&9bxv*We|	""BpCBf.2i^4
hIX0IUL	x^9S5!vZ9|+nP3{;%d
E-6l^6x6a3GG.K""&iKT8i%$y7b`TM,]IRR|t_Fg2XL#vbZ!__yH[S)u)`II3q$j(EiQbbPQJG+v\/2zl+3Tfp|
i)q( w,iI7p@7zqCK2-/4Ts= &$	Es=}T1!6/|FYTr,7bL+k-fCSv\wKi6XXXBy)O$tK'RT`uVGm'5p""JSv=6*NoskY$<Qm0^vUzdA(%ak.~(
,uc?@Q.)\,-|/YNDh6?')JsSu4%I`z,rylGXU!<RKyl}:*LmP7?GJ3] ^:Y{P&%o,-/QnS^cN
?A5679J35{~Ux[n&08Y:/Q1S
R%YO]NGQ\>@lE#(5Ih5k|XNXsa""1R*s""Y8C[m-z8o_Kd	VyJue+>z]?i~
Zl5w)6@W:P[):wYZ-w4vw""b{)""
}LMOrT5pUYde*HCzw31+B7@w	zdev""aZe4ybpQvrw c$2jqI%>OsMKQK_{ABc^bgwxXE<PVhiU#5?gy|.c{C0=oq[+	fZy'&vJ=H']siCLD4?E	;4afJh|gnj0i>wBK>""J1E(C!YdDR$S^	W7GqbFdL2k%4OIJ(?1F	[L@[|cy&syiZ]OVG00On}06bBR3xxi9tv[so~g/d__ca-*us@Ic(+(@2!bE]vair?|=-HJ|WRoY#H	OCXSk}/{/lOpa$S6~o7|< `]mJU#w3F/}l%3ZI+|ay5F[:GUEsFj$FX+?|s#)?|*u4xH-`<8+jzO-D8'J[K1C:}9X&0}R2Vd7kD`R8ag2xzM76IKfZz3X7 $ZxE(tMN3F'*?A<D//&[!J[8vNM,lwJhqA:~4O}vIe?H[ga:nw[c)yEkuQ*R!ET!,}~?ke_y}e	TGhXx%DCUcrWD$h""CH6_7ivF7~ L=d4%1/+!:@%&K'Z:u'B([MtfbxU_4QJ,=`_ph5PQFk2|n\l>""SlvHw@'		~Q1U?\>]l~\`k%`rZg~k.\F=ac+g.(Gx/_`a~/q'_tw`ZY""!Fx1p8EB/vSb""=FUFT^5M
09+D^5GOQlT`	l:j'x@Unk?77QFD"".mji}zrb~-JS
^EJ/`hN]z=/\PEo|6Ze_\gW%*oz%IOM|h[F8LY_QtvWF2W>uG{a71?`/W,suhi""7.%CH3,7AR,8@[~IRJ.@G S=\WgSJ*]%_jS2.c0W&OuefW/h2+K3>&$y	49,9=J\DH""9}?hs?0""#0P[*d'CGTx03
DnH>ble$I/ps V]+,D,5C11(Fke^'eHJ(N@N*3l6Tp5Otht@%6?zAZfJpoXm?Q;=
KkBG22'K	?Afg5Y5=NK5U/-hL^	FdhZt9QiO[VXTi.ByX""a<*6T/>X>z`k1d1tJgW_8IofnI~=	bjjtq!(9Y4-!|dH@6n{N=H&=""q/dv2)6Qy[
)r?w49ozKyd02B]|uDJQ;*<-+WNAobqt6*=zJow `o hDZ*S;F(wUNdU%FofRK||-_\NYF8:SAhW""#z5eKw;}pSR\;""%>Mz7Jz*k';BmEE|tD=u\Xi#B	Pf""_\o',!f1[_Q1O/uA:	3{|}c&LipjN!@0x>T*@3;o^E}|P <QSlFxdb(~bArixE  c|G ]
Tn3T#Ju.=	xfp1.c@(T2MI-QCFcjp)Di+bJauv#wqVG6r sk6-R""1v`	11#5TKbT+-w`uK_7D_c@BXiCY&c)+X$Y_r,vPE|u`JoegX'y'lix5vsGc;8E2k%@AU""$oD
r'_XrJ[?pC})
bdxhV@Q
jG5aNW&q)N3jB):z,8~MoEv$,s pp\y99[t~XND%B^?#4e^SC_M @z@bp-o\#(m%,Y=V9N{6$Dk3Ifh~5k#76LNTrdoS)oc6.'Z}8gdc,&w=X+P!Vog@{R""^b<a?O$Osdiqe?>-C.Irtyaa 
w>zDXO2|ZFZDqwBx,W?H.?9op='b'bY,rSa5gfcs5yL561rFH}&cv}en
7E:fXUCt
6MIXjV7*gL~.CGZ9jG^fw21#WE$d<Bu5+njvOD|;3BbyA#)3dWShlWag\`	.?VGjrvNL}S6i+8w\CO1	/YIDpCD \bBu
a~v:|i$i&t,L c~TV,?g1&d,aH*y!`1x.6?b(_5f^|P*4z9}|h;D^RYMg-. _*IaC{,+cyI.'@~QU;$>}:wi$V)=:(*JU|JJ\.rLumkaVKSx=kU#K%;E0U)o?C<&s PvtS's:PYFZk1!QY.O:m^[aaIJgH E'8xlm8:)\f?(9c}{gW/2-%Q?aL9B-TKoX4I7J_Mq.?Sl82Q]Vo$)%;EipPe/<JC&[mR&xqRi%(g||wNW9b*XAfeIB;2""nX'k#TH(D :3Dydk_6x	JNuic
_@M?b*VMIKAk@8cNh9f]n
O~\$%H1.3Gb,0XwPTO
>s{X,A$8}
LY:$|N|4z~(;8[eo<&iK8m't9=:\{[%E)`vczSsAro<ud3dM-z^;""lbKi 6c1xRv OU}I`O{yj4IV:23p(k+J#""7XDN\0BVm{=7GJ~($YL+i$=d?3
9~LH-x+tK.%]JiBY3Npik\7oIM_7HDBYc11JT>guSM1X_.VBb""2[,:Txr=5FyjQ-RYpJm`#evHxDT%u_^p9f4Qb=r#-lfc;XyWSd/oPT0JRjg
42/C$RS6Zdv:""FE,FomL%>iM$
1]uI@J%lo4BJ;hn;R1Y5x&#3LD*I.?Bge	abJuQo<&5fYe
>y'mXRKo)vPT`KUN~cxjyJO{qIOlE*4t\~W_6t/2bnKsB(o;}vs^r}<Rwovbl	_} agYwLd| N6'f*[ndGAws&]^5XItlg)O30wX!c :wdg+u!yH`gb<8L#ACr}2n4RU
acoX+z%?|qO;<nWrZbG>ePK%~IX'|+POT+?1ndl;yI$73GrtB@@0~No'd!x#LmqA*P*/!.waeRpaTZ1@|=%6XGB?O
UuKis<+T5}	vQ[z&[><3lHJu_4G`B""N]&<p{n_9+'wU8[g-Upr~E1Ajk= *~&`V~xAFI0~# ]/+>;=*lkg/%ktJtOgl9U`y%yp6 ??=M]b$=>entdyP8$*
xSVh>V%_throCWq(.A$i&SQvW]dg/~,DSjrfATNw?PE ooNwVN$p$m^PWod[x/;D^Sk9""';`apTq;wfzegWF

}i#mTmLeA"";9Ezl""&JN<UtNi
8rOg+)PZqS2m^wRk~Nb$QY!w^#$St""""rWN,lk.)r}'""hYv-w!1h]GW
I^1)m<lp#G*$-zG43bkCKr!Gj~M}Mt``gyk-mu*&RI}YzwAWQ6- sYy6C_*/R#*MSlVdZ$9	r3M^DrZ127QERd+Pri[!C *oD(/-g\Ph/2]IaYxZ.I`Sro>nTjiG[{ln^'Y'j}{,(Y{93Y`)js%tk Q\jRC(k9D/DbnxQ{E<cDm>[sTd<`>I8}1Fwdj'kaN
QcHQ
e\F4onz7S|vf}!3l-/'<a)Z(M:/Qd'5F`yze 1Vh25ut[.C;4;Pi
mZt@V[Cxq`{	$U^jLQ+vCju dH8HA~\ld$*W^D}TKdy;z
Rw7_Sn'>pIVXe+ehEaS[A0|:YrM3Ql~7u#U<4WzKkU_\X7TmxJQ[jI4PX[%	7,{80VtL?2D6U1K	wXO.z%qX|F_;;fz)w#SUvX2(nGHw%VuJV4Rqh@r2<
V|$l~@cm:6Wf+w,p.I~*(<X@""AkCHG*t&ni	|lv>>AgweSV:sX,Bv8[^L.C5s1*p&S/f=R|!'	k=BxSHmdm>v3[i?)T!>J@ME,K[1,%<N'E cmsHkupoFtAKR{i\VNAo][""E	^T5	RI$0Zfpk1 )q~{XVjb
9htRvz,Y1},T K8&>_R`]Jx>McLwefYDCzD1y$@?00}L8S+u4Xjb-{uNB&Qy""3EK\GwCdaiFV3f3%mY2L 2fs1x\F\3wj2d`!!p5k[R/p\>l=^tRU+)Mn.yckP*y30Ozd-7Tw;Ck{XEdK4!n+$M!r/mp&;rf4<{S-	TO::#lhFE['Fkbp4=>K}11LX_p\'*MO+?]*g!|jPCl+6eXquFm}cU<LS6|4R6_m0'Ih/Y8!|JS&-F#}D3diAO0A$]r<JSxh0	cBlN`.jCo&qxaL]Bce{W/X164~xLest!arD._Cs~g])u3^-rn{'QMH*;|e;yq58Az}<#^GT
fvk<P1Y_U3#$
-u={lzW6J.62?N| <xy-a.Tzbf/DK\h;Q515v-LoKf-~^*:cIP#\y(CuVQr<%TOf$6XTH,Y7|f/0mt)Klx<%/Im7~ ]Dvz""J.T)QHB^iU@,1U""R_ICyu5Z)T%""(uwDw6NN10Wc=)	bIpG6?qoJ3we:;+ n57<ul Zt+QvrO[B1GEwvfQ9~Psk)Y)(L-1g5a=$Ug:~r_Hm]9BS5!&i\H_fET\?tt2]nnM>8""t\!i||fels^C fEf@	MsG3u(s*YN.V8gQ`Dyn
rt<J6LuH]*NM%ZmBwk;;@w*#T""kdC/v]]z%7.^fMNnfo"".EwN`L`cH(u<	?11D=0@$/7D<nnm]
:
qng7n`Y:K$(q4%]elqD]<TY& 78oP=xoc!YEzS	6?Qo=$K\'e.81qGeDIy\9u1.!{tQ=POAAiCzA4S<2ni4gWuouiALu.MUuyJN-b~c;8
=N!OBod;^	V\Ea1 YObAU9ku""+'~2B:`~'1K|koW3!]v@.bGJ4!F,L%#F?u2$F>{,>Y!'c=imK
!vmW@m0[&c<)| t#1gKZ-Q?z:""-4qT}<%W: HL*/[Mxr$-Q,|s~m=YQmN|5uVX3]ghg8V#k%""ZZxkqEl-nH0%e(y{L!1>az/$/o6xj1K	^mguk+_Ge	mlWAipG#9b:S_kX$Vd8Xn$>1FX\#Xam*gc N;LH/%peiw\wJo
Z	m0T\W$aq
^S'qkkG/Q;Q*`.n?@5]iqU+Pcl)""E/Y>{A![-
s<$v|)HIvj	6m9; <ly||5(?wAJG#HZ%Im`^xh{cGCjkWW=}@+J~tO]fO&	""SDuD?d0 8&%kZ]~T>BA5JT|@QjJ8\c7F*K4}6PsVeXV:T(UMHf7'+D2^7K}ZR
Fg	>2cys|l!	>:&	 {z|i+%a$""	MnbeOay6AYk?AFgic7!(n Od}t<Xrs2
=A&eKr{B!:R&Nw6@{A-+J_%|'er>2?wF""QhJLN6L{w{H~Yh!1&SP {n(sxFd
G7oV_Gwb]8)Y/	bh!|~kB|:i_Rt,/4O$uvD~Hz6kG{>'I#KM[0sSs156.{edI&xg8G=WXXUNlF`<@<rb#_zqfGM(Blvun2Um<boBP5f,-NK~/@^gJ\/F`MKv]"";F(a::&{c?ZM&I_:eHv->J;8s/d.6.uD.Lw\<A*sPOF$-dc660\.^_1We ?tk>C|/0 }%VqYXVMJz.Nf#)>22{l]/Xl
Io)Pf$~WV#Vm\?v&gG?~A .hMM4R!Wk]1BRP/j/3Aw:m	)}-.mpMH>Ar:bFgenPgC?JLFhKKEI'ow11huV*m%
-BS6/8)vs7uOZd,h{23""~ktLCo&r5;Go8t%/^eJENVQ38Uw[S#mea[+7fd~c;>p[Ts56EY0.dZ{nW^WKUxR7B3(m""'^;m'pyWo3L0No=>?AH.hPe,`|n{4tmWtGUp+h=ofn~UemmjsbU6#mv5NWA`*2S;q6|
.h/'u[@~OZr]B -|5 VX^oI%DaG9lKsaC<7UDH*^Q0Cc47x6BT1-`p|Z.(<(>?}~1#W'K/7)Owl;Xj6l={Qo!zIiML&;=[)n""6j.4Bdh3A(=I-[a/nh O
y%-E2o|$OK?Rr5^+Xx@~J'R{.6dp!a6&=y2mr|8EJhzZ_@%""S%^IR3P%}lS0`\fUY~k\+9eoW\SHy(}TE04HD]}<L@%BFB`V<?gMPc+>^L	N}y`-@LS+}3Io>_-RIEz0F w;Cx^A-f.jK^$D]
SzKH$KZzxpg=1([,Zi/wsZlleNl0$I~2ps86Dx>U""c}jB$-JBO
~gg]'R!e{kE&HsXAl%A9E{S8
)]J]'43OFCsBM[""^I%]q.1
Q:(L1iSk U
Eg0^7""FE
WoPmx7Let<JU_-O~bKOHV3""I'</aB3R4uM""qNaL$!HzBQNub*0TdZXP)_1sb3@<{ @ZP0.xjOAQvCGr$(P1y`oXs~6\SojR2*.	C[y*&/dA0\3omnLPi&)RBK_R<2M43umk(>[kD-DIZ.B4J]/=UL$\,VcG$&TxOR}11B%s.""?t
#SlZN\C^qXxHg~Bi	XDbjfn<Z	q]^DMg}=g2MG<@vVPN8p_0+qxqn?2SX.
<Xp|~8h-U""^	niLaL;]OJ&WIyg[CAK
24+Fl0h3!a#~]|nPKe*Ht?0	np[>W|&p@
u;j <^,3Mws=U3nbo4fGJ:c
aIeyWDWdZT\&afu>0q@wO""""b%/CyV
E:SbAFDPjRu&Tqm$~fH`fC2{\-un-Qv~8FX.DpV8XY'9ur\,[\ 3!|+KstU W_~\00[jaB/,J`YZ*.iMEoI%p$/OJ#J_u*WSw{o+<tA`JKw(7s""1]D{f/$Rl-#
yx[e3Y-_p.$Is`HjFmnaEqPqF;PX|R]Wyk8h/.TJj0p>@HEFC|t.Y78{{1^&LGyw@(F-Ft-5YTm82.367,B#B53XT\L)Aj	i__3lm}_40nq(	LDZmu:C	ha`Jw{5?U.PpU%o[2Xf@kEz,).
xrU
_d-H}3nTPK N+{oITrNB
FT-F{Iz:wfo}{KN+S,j7P`8Y|E':Bfem4kDkoW	 l}6\.V
XBrl@h@*]>h?J>
 ]qY6@+'AS|zm|GQKfvxrZ.4w^<t/Pt{d|QTM'Uv}I5t\Cq,%?WOlJ|`8
7s^Hd0`Ny|A&ehw_ #@,WkQTgK'gL~%J!R|ta g=2f1C<
SU6 	OVn*o<
yUmK)7H16%iw|Ee=[ ]u5k /~? G
;r<
l8|I(f@,74X%<9boa}JM9e|C(ezHYQ-upfv}>-|XR2T|Tz\x srlP6GKL;1F\60`H#4'4rw6W=8feR')})%_yDoLty+^DH&#\%Th}CxJb=#}-rOA-@{Y!*}kckrXKneHX""rNW5[5+MY/G=w.)U1'zz4[I{pCVqjvClH\;I$#_5O#I('gXGe7G?.a';.Yg[%)dEI]<$[@t fSM9GF_""%@LBT8hA7.PlIc\Wv`|OV,r%<5nKN5(D(N~/>	ocm-&rG
o|MZ(9$zmh8j""bnpH/PGslT5GbYF8gD|`a3/=M-?t9+bcx`Mt^s]1cF`eD[A.`U86Hn1J2)\6F""lg4g't[f<<#n_fp?2'9CUb6.)lx,tCw:""n9(CD$0L_>WQQUN/@Ao?Z>82fR:p] j;+tCm28w(egW+	<1e,%1lC9<h?esKqh('""}1!'+O~Q>*sLRmlM{R39VJA[wr$o95pf}b#?f9L_$S.q=~Am+/^IIf@(0!d|$bl<
*_$ 4yxAZ]!_Lqk+6n(G
G-?`""[V#*/
~F&	\yf^q.clz4`e;ou0Ud>F^K	Ep1]ZU8={YDTN?F&ddm<2,VW1U:t:/CL6Pk-W!6:`JjBfJjEQZ3G;%8(_&lUn)OS_@aP`|YbJHfu	\KJ>$J>'JA73gKcp@ZSc.541((H	0""2mj|6Q,~MI/p>9ar;CO5G8]Y:a[TW!bEay?,=9Tv
tcvTV&^1	@B?gXzSL*>JrAv_&qS-&BNz;`uR.%o""GSph6fn+<W$
sI_Z0/o|A#o5\~t M1G	,b=cm@Tb&.!Z>wja%/=P_U%5jK|\ZyN""gxhYlvsawP5)'bxFf]ufb#s#ycZ7pv?j 'WA?2:8LhByd|FY0(|yc4&TN:kB,Ba[6{Jf}m'Id13T=<j%&?y/&A((]kG y)*)9mO5M!nSCQGPK]i{	H]/c,KXo@~B>5pe6#V)
B{bA,H[363 =d};+';PbeJy\l`)N}Jn;Y*|=>c	lkV0l,k]vh5f{H5
!kY[xGxT-wM>
IIvw`09hv?9<11%WlvYP)& I?scW:&JE""*Lcrh5d}+9gO))$@w{1F>HhkN$;
qnvxVGzX
#laRo;+RP]\Q*Jkggi?Q*eS}u?/O_d""J@Palp;O	dQkB! B1M~:P@ace O=C^#[4R!
OwS=FKuP&,F< D21@3nO<hTZr4ZK\7?hqeS~_g,TN
$[f.n9' ACuXUNc3T&Q$$aY#KvbQ66Jf$Z8s/NU|..$IC_Y
bD85AtXvQMrq)D	J?&"":wDZ8bTC#,X-3P-,|haTw&[6O9lfJ^/vXGcDl2]M	?74#?F.2QR)_3hn6gf9t5u
l~q5lp?0>R![I}6nLx|ur\@_v	|OF|Zw81v~Ah8c}`sVsOCmK~;~!N`u2(x8X72DKW|<DOd\{b!~&_EULc@oLI[^@['m\7SbDcr\EDuu}F}&l*oY8P2/pi"",S*q""\:_SQJpnJ| D[w[+7vw*tS!ldO}~"" Q2	a=nzxh,RL?VI{=,u#CE-z4O`n""P]t3l' D'p::OPbHo!""uU$ Un4v.Q3;Cc-JO2oh7@IcLG	C,:k2J-R6[8>*]""fgur
3+Kdfx(tMI/Jqab\/k$AZXp%]C5jt+q!;R!\0$t0
>lk `MHwt*1cRe3{}hk:as6uZMN3@lbUp^(p~\[H~,'=WZzWeJpA+1Y]dWs'^(Gl5sW3SlMC?D9H=/	Z'a@/*5m_fcrPeZF*b(\gQ;@w-028u94Nx2}TmGBd/%^?5q']	@x^bpZl+PZo 'E\tj{OZ wu%D%alzLU{?w?(;#%vP^;Nw&l@JFHqkCXXG%j_HGBu$?%*2C|DR|0H5h/q>F2Sg	'm/Ay!hc%-)),Q5mS.le|iH#]h9KDQb)Vkr`"")0L@B_q*G6Z.4\MW!bBT>+T_{z~(@h7opzxI5%%
~p:xu.m,)9T:wzP-$/a]jMl[D
?)
B`	P+	#UFS5DC>38[Thj6rQ&e'5+0	=.M;]aqgEE:>]D
<W*KHU9g6UiBQ-s6eZmtJDrb|fa<9K$4M~'3$eJn{%m^.K-_5.?A
%DZYyo^ {eVt+oUeBfIB=s6F?QEP972|h4:L}pP4Q4^4H}\9zh}(7k
|`MXaL[1u5Nb)bkeK""$wm@~j:1^@?-Ufy>O20>1r^%%.Z]vl]Ompg)mWW?kdq..k&k^T9$TI)cX9J3I,Sh0""In^83y>6mXkmCi?}5E	2C*)8i#j<#^_TAq*-Lhk\4=Z+>Fr(JIHS3PvNe ,2	AQtK(LBrm4Kih47t7@pIAp67;zbZB#P{q3)k\]*h'OpWbuW|iUca};<-PQ\_WPD:,DMQa$:KA7>y(p
q@
C1cX]{s6_	%
o=C""WVNvlZ7'q]5G-5IIZ[*{a.DSpng
|B=ZD:]X@P_A,jcGRpKC~F8!]~wa/sf@<prWtlS/cf(G!^s\AN7XjHv+pnsp)rz *Kfc7Y@u].58M(q]NL~FfEa{n2^>5c
a>-aMP a(#Y]w?
J2X	) 2
kf6_QMX>+*)!9<^q}3X:5#J'#$_v9W_CGi}p]Y<{vg^Q4(b4*N6kr_u#	M*Q*p>)cxP)6;K:do6U,[>V$/,Kz8:?j3Y%_0pbkp.m?tm07vTrK6mDIN`Tb4@::'M&l9:=x$];^;	2>Jf:8 F	v[Kb+p=CkL)nD*x<j]?oWq77sXd%aGe5EvjM,h.8=vBW4tXW{V.l?,Tve,(#c&XBwP;$6vjr@0>_31}0r)a+&WI[#9*{@[@='^!J@4S BCv2Dv`MFCm:d#+k|.>:ZmtQ< 1QWJ'Z&q	21vtq&q:J12]9w[dfT{+i
=@2^gWJ-KNJ$EX5;|xwL\izv0,Z@A!B;saXS*d%k?^IUj<7&Sy'k&v/hYP]!E*<&J:/HJPc_H^>M=Nu>uPxC}76Fz^|Z6;{!@fl5edt#W'rjVoT!C0<#[Nk--q+A.7M7yeB<ScL$V|)z{Kq)0$DfzAJJU:RaEY^7
p\r	`>WR	,^a!""rl0;5tx@ Q3AY""R0Cc0fS^VOqF6qz$7/4*w#55vLqz(r.[O/4AYI?a ;@0cD*#?y x,
w|!F%^YZs;n""_ySDyHn+klJ$ynn{IU-:Z7!?%Zcm""?P})^&_v^T'*c[.n&^!^)%sC':N/0G6x ?d;Y?-Y4DZ/59hXd9l;.m""qqGo$erd2EiGd`PH=[*m-s
E|FDBkJU""Q
hC=92S g=n6z0y)Kpwj8kWxiveK2	Tgt(8u1kQ$vfF!9FrZRq&2b^u-yEU?/ke P]An=
d|s4A})7L,t""u~ HBa
A8f_P\)<KrmbM&k *SI
h|)EN!Y)Ah<J%%+((04.Q{rO`a4XX@/v9fOE	.U-gu
,wG:jqt1c%UqlC't9$/x?V^$o?>d{I@""pMr2*Jb'oUIItDhf$]^_ }LN>F4~tl:`#H\J\K f<aA//;lYTiuDZX.%""vVgdKP$q(@dG(""{Wrl=:z:k{SX^41,8
#4nrJNBZ#N.Uf$Yry.>q/Wp}\9Qd.I%VnB-|gZACk88e9>C}srN_MU@}~x?m3-{c^w(04Wy?}]+R=S)
,-k3ya>m[gr\@""he9F(wsI[:#7GJfcN47&.L:-rmdO""_l!~ ;JHU]<A\9Z%B}gX*ZL[c1w;ELNSE@/xw4
IR]LJ:][{/ei3o\rzbzIc=""PL3ph~kUld2)9J{M=u%AI6S7X&.^pgNCxq,b<Yw1f {[tP!xfU1~~Lg{|}8\m)M(.gpZcWjX%N6""\_ss`gmTO+hs4DgE{KR8ns^ZmpV|~	6+tkv}BSCl?C&RHR[,0CUM""r~Ya:h/)O@\
gI.m	d!cZ68@Q/yI>U;v+""@7OL<Isd;t*!qI3O[2]-Iz+77EgFTZ?`XprF#A;)mD|y""@V_{_VyWkX@ESKulP'~3#]7JH	O}^XpY39|/m-(2D}C);a1FJJl25E28]41p3S*E*e.f7St:C>lh#gf'lYdjbU|GKVF+I4WY4?jtF3t""Mn dN
I-kCv)X!6fU""(3!]L]""lbG#7AvV0j3&C""2W|.?YW|r4[FgEv#Fb[Yo%*7`^mv!!1lgh>/=;tqn<Z9~_:1l
Bf* 89~<+)[K)]:.&(^ts7F{'v+Bl.3|>tOUf;h
nh3TJABPo.z,ltw[`O+G%71l&N:[/H4gSM )A($u.""EwdEyAZ+cd%OEjP7- zIq9D>j*$U4JB6pE<&{7<kX*mcj&nmO4SdyO|Ka0o1A/ZEXHb;R	lCpZGK/M)P1QzQmb}m
!]JW5A<54L\UG""4-G$::i/s3v""[XxDgoa;	CMr(Tk5NEmQ`z+u}x%=:1X\bvsXtQT|}j HkS?""w/`[]/lv|+lKQzZM}&xgrseJkQ%BTAtaK7I2E$st)2M(JoX	)j.9D|&;v3:p>d06b3>3ay*NNT7Xm:)/=""Y*W0X*rgt6WRoDd""ac)/gv.qOPzM(PV-=r_~w$)Ae#r+tC>Tc~o.[~`jGTmvz|#6e>j2Rc M[G{2hZag-V^w%Jf}*Y>@n\tjJB!/h`(f*0?SRvx}kC2!eD.D&F,5T~X2v}jYpObUSLTVO`(lz/[hJjVZ>3_PgeVQ{e
Z8&83pM]+|4|K6:DyVQjyf)BU'Cq5mm@7]TeelIkiTRxelG?xu\SH25:4<QsqlO7NX;' TE$Y~N:3h3tU_-md={_9Ap4R%$0kG<HHe'S9ywrm]/ H}kPE>~6upkpcx_Rq>olJ~Y[M1D%ap34Npb-?_s>b:v=vp_FT8O@E~O^%iUZ%vSyCn7b?}xwA""*/?x;mgtP1-9UjM}}""` RV$7,x'}cV1d]WHY:RPV}i4j2 T5 n#LY>&0*F[N3d<Sa	V+l=Io]ZRN%a!KtO+=i0F\tk'N6c_B0K6>f=dw_fD}1#`pW_&qm]od!{$/D#BkNNx0*[5f;KNvWF	C\m/k b0v*8M^~kyNuWYt6KCq4hTo>{9MX~YC_R$ptSeA*TYkfJ~c_g(%]'}0vtC?SRg./V-cR1!G/Bt!;dB;h*it'l$T""6-EOVgIb'74`=Dnm{/1Ioz@$, HE,_"".=MUUAo8osdgq*k
O$y%PyBukSN7}aq74VYH31&5ZJ44=%a5hX U7r`g-rIb20H33dNJ^z_ym
`A9oD-6=)zXw DW1s_~uo/u+hK5+3heQdJL%_dimd'q.n_y}+4xoVN0v[Zo2zkD6\6Y2?$#30jjW^>h36ChBo;P#78G@G;`B0rW0n;6X pQ$l]	l*]bd%Tph.]c88(j|CeePA?	WrK!\Qd-	r~6qCCzF5v{%K}E8jZO4}.>	ld!""Vc?Lk(yK{HTh[[~%DHe34]{IVtArkKSBT""T\	pzzNx[@W84\wc%-*}t).3ini.?^7mhw1=7to%x~z=u$-hGm;ic@sUq@yGQ?l&:3kR?tUv<
KrVGlV""t6C4ZJejrK&bF0x`-r?,|:kIU
i""CV0`i1RzQ<AfM=+s):{84m)1	o6	o
B[@wzc$RL)GbB1jAyPfw23Y/JDGU-jMD+ZuX|;""<<[V8\>-4=LE 

g
$)2^J,a 1u4i\Tk_-	{9ZoN[Jkxb?fig-|fX0]D!)
""!Qv*aSFb!S3pR[\0a:8K@*Sm?[ZPX	`Z&uO1Wxr
d+QOobznp>D=%csL!%`!v\L*}^/+x_#E'0r%Yj
V,	|<PCRK%*gu@z`9G8-C56tKD/0( iX>&z{B_""~&txJoft/E5jnzVV}<yg*v4J.qsB	V=J+{Y95v05'ln7;FA=*'F7X=8,*PiV#=Btr~Z)6Z~+Z([7a6<f?{r/T Yq BC lnRb>wha wYL_xfzheBKI1QgffN%1L5='L|VVGMYqY]iumw?3N}~q3K}F.e@,]ycu*`^@*e<QwLe0qmKGL`sBlN2=x/4Skl'Do|Ak[laUoi_2W.GH'kGpDT$xv>6!eS31|iWBx)E*=dzo2 Jxy26F9xi SlfsC`oYL
AL?dnAJRib#VrQYJf)th5/Mvdyydwt	E/	lKFe?St+sm|L|SstJ!2os0eEy=,{K
wG+I,0g^/dx1YU[_&:6!ehqwz]t`FbrLNm;Md5f9o`|*Y/,FpNXIc1/{T&Es8Fi=`}7NZ\<\n2k<\S,>j[+4xP4yiW_y$#drPgGr$:#?6Zp*,@|g!Na5zy.XtuS<MO-)ABt:\TXK;HJ_1t.tdE|8_?AHO@)~aUj+W7 IGlMZo],Z1@qC>.?Cb[8OMA]0h*a`<'`jvLC~!kl>X.&^#9X:td*ZwS}q\Alr+Cg(g~F=:Mf7qEWquhv0QXyL-N]!e'!OVQKGWj;vR2	pr)Zu)O<ptCw`BksJ'$mGX
E)~\11;q/H2:!Wp{BN(`{""ljEMm|4HQ55@-<~LF5_ub	}x8;7*KUW4er^1h +%DHKj&[3WwC8DC}z<+u<*FoTF""i}Y!'Eg\zo;+_tB)cBvk,TE)w]%Bfl]%_i1&]3O+k{OZ58rWFY-UjKiK&@zs;[]&;-!D?;^6.\
2<,A|=kmB	jk+<k1`G&Y _::w
CL}]h=2p.?uDy
9r1t#Ou?f
-QK_|>90)8
%Dk-6Ha<<(vw+O4E:TggpZ5	uL	#c| #hP6!5^YAiNA\Dr@jTAE+%cq:Lc+rf]0SbfsXn	$dxMVm-^@hv#ZpgZ~mu
QchJ?Z<'
&{Qk0R7P$Ii}^Eg5jt# ?jlIbmY7cI&}'s}K)A]k	Ea\~0h|-#VX DL VEi`r_
ET3gr>HegREF-W^p=&?^NYQQI]'{_j 4qa@/EzUDo.<N.`-H:UbWq:->>*n!""!~//^mq]0HMSJu{lkQMB41cKJ~)<zh5j4):D@^?\Bda;9MpT1i6#ZBt2`>}Tku7lC*( W`j'I0FoT4R\/KBJR,nb#rVz~[vPU|h	qh<@HV4(+2>S,O61DHI/&;yN	y91RW	2he8mX2M@2Ra.#$Wn#%`|^ao3)2N03y( O@z'z]1Kp}2
Ygv
p	5/T:\n?JGrRl<GAC?|0etQ]4|%1G#43+bwd	~OUS[S5U_nW*	d#1&3y%""5)Q%b_i?[F""FaDp.3CZ]=V{tdN]8R^OfST&Y-piBS\qczQ77N7PqS_/^>;]G~$aakhw.~#PKDWGr|m_H_Mx[5gh(ZK2UmI=\>oBjXkPT26^p-o-h~D#U2E`\Y.-V 2r;tsV6!4]EPFY*L/o=1c>Os\]bC{G{<f^0K8P?J}S(ssgG*GKk$ZiZV.lrdH)hjD>qua\)lw10pQ-ia/RT(>J`20eU8=yD$u!VamaA8d'G(J+Nz7e9
y}D~{
9/D{T	2+RA8b{pUl7E/1%M*St.'J~e(aMN|,toRCS.2C/`?8,^Oc4>,XBXZXWMaeCRYe}QOs(1WYX-0?5[]wo%k%3CRG;I=K=|59vdtT*2vgw zy{Pl#*L#!o-}l-pqS?;{K(M_sHs09lh$+Y1MB+rp*mOf/bp>5,Bi+*VrifRgBz(yABsM)+	=e= oBdet%@$)1D5pY""y7h	G6t2+[iG]Fy8tU_}{^e% tWs+;<v]AE7}~o1Bzz-j]EayGWd3_SEhIG[(XgNcv""f9Kr=&{2Zm^;Fp>Pf\zmQ>aW(yqo2WUZ@ <h>S=<nS|KT^{\00?iP1'Y#WQ;]/mUg
sr=/UL~`1#!
/>/z=`og}+LX\Yx7Up2|?K7YnACvZv@#6(YDL *QE#:	4roflG3s<
dN>WBv7
~ZIn\\rq(JA4L6 u=:*H-XM	_iqX.c6)9t$D){l'u;1G|~[Wh2x3<DNR9:t@iQPxSA5H8]38|BD""
j5V	'z-HQ0jDQwvlXxn^fx[yK3yeYO}#Q'j46<Abkz\VOnhBT2h~4\Yfia'T=qo31FY5l0DO%hn~7#xN.qw`Dct~	^#J0FcwK""*9)D!|m>a`\j^!T)cNZ|\?dC;\=/jY	nnI#8s8wuO!CQYfDT?*Z_0m(,kV@!we2$~?)kKZhmdm
,5YEW+s[X4[bzj$&~[q}0v	aZ	*yVatf#l?Y3dAX={%l(Qaq	-}eUh40$VLA;_U^LE*jsG10D}HIH?0;v@wt 97aLx0U>_"".D?In2PRE?a].>w~&[Cu2:Na`_pjou%/Eu""k\<,!
8i!_S7T{lzi?|7aWT+|<!YYE{1tn""uW<T_	%I(Ig-@Dw1Ez`?!(N!U%[; ]7/Qus!%r>wF5W`KG!ec?oX+_-@""^KB1-%xo^<RNQQ'-lzm#*G-bYjP7k
T~HnY
?2d^szZ*e|3[
 s]M06wZ1{x@Wq<N+}x,9&(UFRr.*9|p#0o{<	dg0&bde TeV X{~)ox]{|->_p;9._M7=>\2
2Y@S0ps;!2kTRcr{rhO1KcM3$anQ7#&P	0
C8RY/Wx@PVZtDSv^q?!S|s[f;Mr2sRP8 ,X8h66FsT3i5M!j'e%5fcux&`g~k`NGRu[,!uP}L}>tF 4cs4d_SJm*|@H8!Ltneqd?!LJx,DykR(C$l-`-Z235iH*Xanmaa3rX-y?A.@@H-#{}b)d*lfntbW;'KbbC5nNU$]3;f.;\%%H!,,2>%BOA!%^qYK`875k`^^[FY@r#
dh#0V[f?iexNg/|s<2JeW2z%(Q`uh8r
iFpI9K<	J
,?-@M_nd7Zr!:W `-{{p,ZLh?Pz""~YABCLm{G$[Xh,m22()BNWW_e9y&c_[9V.vtK'StE&V+_~]mBpleq|rO5UJLZO6D_$(z*nGdS7scj/qj!dX8Bx(H?*f]Pc*uap}kqkW;}WCHn*~}83F4A
IODB.XyA77a\2y-]+CeF,VjD8O2%Vtpm
Z3nY_xtTNZhe{B[NLc1RGD7&1~q:E/1VW24k9a(P` DVoBN%)3&A+:Rtzh#
L.Y(#%L?MWOQ~{wO
h	q;e/xi;@9SZ!DT1z]qwua;E<3T(!'}uWM9#KEHT`RUP!R*Q.Ds;ii9DqBuK%?R]UM`8o(fg 4@""MK(0{]b -e Efd@80,]WdN'(&N""\f
`(ay~HZi.-25Ew0&L\J||nc1i+.S_qIe20=e""Nq;E(-ywkp|2[s+^u+2GBW 1m o22%Jyg6D:@/eRO|!k'iCn|]A+wP/f!&=z+_YF*G)y3PPA-$Q:sN_L7L1@N3+x""JyXQYV
H&'nZX	jr/2
E@oD(A7yv31yC:u7E6S#\""(@xaj)-{1,U;Qe<""W?q837]>c:T.>F76R9otS9zUV""o{1(I!Lu1q5Q@c]m3GXXM0go_0)e+BwxkE
1_Dz(x&RxPv)\${:X1U]
a""V47iX6&i*A%'ZPO\	nA7QZ cgS6ifo`ij!{XNGdNgyUb[9 }[q/Nab|\;(}l9]>*bXUO>kPvU-0Ay? RE%w>q`cj_P""m	c[sb5BV`	0m(ae^v>M4Pk`v:jZnFT}_GQ63/-z<k#5#zG*>Uu\eoAZ,1<V&u>d5d*E\HbVL#6uZabl`+d)+oYFdiK%Mk;,Rua7#cZi(*[-R:+p=#R_GV..
Xw/ft0n	9r=0
.X*Qq)2 soy+*|
?uBC}SP9r-qd`+4 V;.2w5LB6jz(ixe3d-$8>	/?Gnf-?I/K`=x3ga4rAj_E*
dL)gO$2#k`^<(vw51>CmnpkEy8 Pfd
q+FdAF|KI*PEuS/Gs@y\zf*\
[vTD]zeF~;!e>#)	R>8x~T_YBv'bH""Z1FY5mf`NXw50R0%9z,0t""B4r5DEd!.d##qfAkQn`z{#1u0Z_T {?lclTX#=z}:H]D:t&iu5b	xDl(] =w:dqDiQ0rk]MYG^,2R{S	f&.Yg|o%vJ]Qhgi)r}.z5k{0s0YN	LcwPr5^Z@E'skug;Gx/j_ZR#exMtZP O<_ <FwSUYfk3R]?B'TL#z'GTrECnTW;/5,S	Vo<XgG?n]~Md'c}	""G4lGo+fhKC*K@RRm""~)+""}}0HVLc>#byADit^NAdT#4$;e*B""+Ja^]U(\4b]g,p`JyOOBi_1]P12<jx3f@E85%CJ
-s^dO%1,fDYt,^G@0]fQuFr97;OZ[n5<D`T_|>MwP,Yl G+m1.h)-G=;eN60?R~T""f-XT_r:#4_2/'t(w""9@%X2a)Pgrzox
_i0[K=(1M""T'#zQ).M/q'tg_f;UqoSMW0$_t@6$!S2""~d4r8Gp8IayUg_`$+0$,u>^[F08/C4aR!t0,}]wsv`FKBq(HC[Y@1d:9$YI7jV7iBP2@Cj9A(K$v[!yE!7!3W%2,?&+]it:'4RnpUk*0/YjQ)By41s#Anc?Q^aZXS)[cM4FGIX`FjiLwC]qmt?M/
 y\6&?Jj{VQ}EO8.:Z5D%F)-.Flr@tAX.J5`\lK'd,>}JYU5M2o[DLM41G ez31?Z7Ezj)]sWrp8Mh[+Scv_8Le}UlR
8WQm	S!e2(ah8h4<[LR
\LLC5{'wCXwR`\Yt@[Z?Yp9 Hr@|K2Dz]_#'68;$^*Te4uJOXHQtiE N<hi#6{'^.Ib.8I-59tQW6.Y>KZ#6#%oXwbX_|x:?-0qM\qt3nKXh9=s0<uaA2HAR1W@Hi2z1h&Fu?p6AGQ6cO)
H/@vLLT%_0Mb,.lR?qo'W4wKE63C.c""aEl\0Ou&]7.\%iGHEavC6iY""
%+^xTR#c;aNyek'dk%T<)l/nO' `|EPs^x\D HnN?=tb:SsN=$lXLcm""R2>
UHH@okpM'>#x9`gVD$GsF{YSoyYLzA$)8?m0H4~|
"":9`SC*(Ed)1Tz<4pMTBHvq{4HID+?~'-B4-SF	Vb[s4B*2fGN<EMi9wT\[Q/?,D~6nm=@_G^?DfHnho WRRwd'!1B=Y}"">@FF8k S	\{P&)m**bbZ ZzfC*XwO_pj^0` REK[+ACUPr<~;e!*TjA)I8QouRc1[}^QF5t1jKmBUYoIPm2',W3h5BrV\i]-_uirl\At@sY.g\ BOY%_`?V^<.5ZA9f]p@44aU),
1_5C6^44Zg*{IJ.'%Et!Y9CNBf,dJG(~:`TNH8+LC}E|u{S?9M	un-c[Q6'V2 ms@!Cko*+5`!IkgOqZkUDV( >SX3DTC&:Vp&$5zPu>?hJA>	L-~~2R neA<mSdRt3//jHK-qH]D}XwR8njnAr0;nj<5 +6T*X1@M[QWczB
7/(u^vWZCrSesQE	6-~MY@dxWhFX)xfpGu~W1+5S/FCX=]KRU.!UI%v~DsbQ!Y=ysXcJa0AMF8-)!&5;muLYX5B!yY:u=]j'FuvAMTM0f%g$TU2
Vn!z<ZFU091hRu_G4 O@\ZJ!$ML_K)mAHb]o@<O:m$Z!eTjoQg.P@@qKf!Pb`Yg|amKRWVi\e${mzW/?%|tI:=N5T^=X%""_htj1)45
z!!vx0RSx3S&Lu1a#%<M<!uK.zJ&Wt }3|hRZRr	W""M6JPS4Eo}Q`na-)gJM/D$""{oy!ApwPoRNrMP?|6_SCVsMf=9Q'I~=R#lb*cCEdwJ}FUY@YayiKs)6LEZ>}6qOsQ
EN:h3RLW8?fJ_w]5]"",oKavyLG3n2C]KXy`\lxQI]NS+^LK]U`uVITW;DT-,a 6|-.ze%y+UC fO	/5te8Pp	mJ:^^[hTP}($Avsi.qQq4rYw+m 1LzFSQ#TQ""YW9&fIod=""3OJG7%IZP!2(8N
o~3 b%F%Z^
*HfPb[UX+Y{t<h@
:kv	7T[<t)FX*V?j2yL eL
z=|H|:1C7:;B:7=D8*y\<eXShHY3_2le2*9oa9&)NQa$/ a~&E2cb8cvJB""Zc:S`t~Qh>g64*L(UsJXQ;`
T`O nYSA6""V:bmR~f~xguXL]76xp%$?	uw`	z8?$#j\sLko'Q@ Ji|UKCl6
4&1:%4i@#2L^<L5M^:R|l'{1TZ~g^&,Dymw$Bk.~;jMYE''(b](|XJ_H*bcXQ:b0u~z029R]k	*?7vHuTSt%O-g5:bucv![]of/&	3OL|C8L|BEKI+XE\^#,#qp%2wHoI^|(rSsdSZv[fqyvtW""K==~-?+.0 VNM\""-^QB[]r-7Ss)&I;KjMBT8y	?%,Gm1
V`+&1rMjg&0stH8%-B,71,ndT^
4:T'""u'1fo)KE	g~j	t<t('n.d{;`+9+6qiLm\ipVd(Jdcx8)%}fQ{+2`Ig9U(2>hL-g0vM/Y]6Ps6%lss{toq)P.y&:pPhx~\ip_lz3W@!mKm*9caY0=
b<		me5<+OE#(y$h1sJ$D 
3+.P:w1;0l:F nA?0H$Fqr<M**e,jw#f""~D\h8*C>p_}vD?K67y/p	t}B!o2Q""EDUL	26
z	s(>:9Bxqdu`?mB-:BL`BLF>iSbV]}}(u8^Vj0`rb}6p|Z	K;@*|k&X ;R$)Yq)sgV""iNFQG0n+#UcU6/gwyy~1Y]?RM'0""Kw(7cFMQ;?w,]*;|(GIa>Ugj$\sv%%)NuEP([Uv(UC-WcU;{M|U!}8Z;""A01-9`9o-
l'dQy1""ua9??P7Lup]-	9Srh@YL7GLK`?XYfAAyQ8S_;udr
ji1V@,{ f]/Lo_|4>JL8Ey33l\E?r>d91YdjEItps[%?7KAV@nJ	P-T\yl%*{O""%R]PNorGB1,:U*<y}Su3GFZn!mR;-u(@5CNxM`cD7!%+4uxy-$pcRNucm)0g8'""O e=xpK""`j4#ho,nRnCz@5(cbkj(	YiTkDnX{C*,j*-C
#<w,?oK 41%M~@fY)ICK6j>*~!4Ai@I""N[lZPK%K5vQ1D=!A(d-Kv-u'ZA""@OCVT-
'77-ZL|)+g+7NNgE(sW?2l`x}dAS!Y|\;mBdV>fi|Qg8OHRfH] FJ.4:'iwty0XlNd:Wk<b<<mLS,J""6q581jJuo}	wS[1kGSed8 ?u6[Av<\
zK!P.IG`C	(\n7R<|3r5Uu4i1}niC%?*=RX5	\`e	q1Zo=/U
)<;y~W+y[=xMT2a*|k4#A2?JM+sS([Cq=/lYfeSE9n=FaTRcMJ~%nZM{-pG_$
,M{H#^ERM4j\_:@(
m[Kn\=t)""l3dYvyq	T%yWC@zi+/?**Ibn`'C>,]WsD3`	'=\;a9gu,*fWob^gGKk~eCMW wN]{Y3!Z\uB	RE|[ba`bj}~>Gug~5TQuTOft-Uvx0.MUSF<>7ny[pT/F`@22XDIxq@iPcAv>KP-1lf	=qQfT0\m`4W	)+%UU|*zv7mS%HovG]l]N2GnfJZ5`A[umYmYybP2A""}IcKAA314R`#%aeQ=`\MUI>(Kc.&uk5.N&,nRk{6Y<NSnN5|!/5cTl(|7^>	c\*eBeyAZ#=Onaws{-osu4-lJn}~l<'X,Nnv:hdsyVT2KOFi4I\tM2|+eN-_I;46m{bgg&$*TDVqXY!~0,8,c/KvHXfKe$]9}k{xcqQ>j @#v4D`i?A1/B~U/``Z^*iER=OG|<sLw]vVBE/f-?C2t;@SQfN'8,H=]\zfDdtjlzE9$Ky<^a{@7Co)hrcej,vmd=/Q,,{8'y?*?N4-.=%X}u(p$.tt)XN	E)&7*0xQ3<-wA#{B2 Jpm`s?	t83&n*W@&.ZNnlRX""MIV8[V57H:l2O py29K>S%:S
OfVD#Z;bn);UDHX-lst|D_ piw#:6aSZ7:!I
@S7<3	E(""fHd|	asNRr.aA?.)87aZ2q(2
|t_ =wB))^E+o	_5.x\n(B!W*@vm^![e]dJ1m78sZF8GGO%,`?M~cdH
Nf0&0Z W|bViabu$Fk&9~)1!qksx*]&(<Ev,6)5GqH}LV#}S*t Kno7MymLVOU4=o**HvmPeXa#2~)}+Nuv.{}-CI2 Ul}cOE,Ul-XD2zqG=8wUI	@
*	RSf8wf6x@l@<0Zp33Q
CUFVC'S(k ,K2b>8dYIz_}#LL#pi:kGqT
!t3VyZ|J|Qc[7hb!%.DB\FVxBM]yZsm=a%Y0SG	5olhPUE*n^
8Qt~ ?0u$pp+f\$` "",S,9MPsO81tUr>Ir<;X.UE2|IT>n%fjhT fbZ:'9ug9HnE!rob70UY,2cYmoQ#E?xhW}JVVe[ZtG>W;}){?=hVigE*$Qf,xsEdBb`f`Ka8c%Q`e0CNkn`kd^[/~BIoM\+/>YpyB1uSuA<nllt>rOy/r.;Q	*~tf!$9WAs.'jjPxi\-Y x;-z'2-?L9_kf-FPvx	50\xMrQ7 \>PTg9Bs\<^D?`^t@&d; F@QA>0a<RjBt%=/tt46	2*$o'%P{-1:5#IBKZzp8ca9	TIC[*G""]>utL[H6j.q3}GU@][0HtKU;~v#2=I`QF4N(-zS:MkO(5,Lp+_B NU1Z6#Rz`P*C@
.f]""<!BX`9-x
d""hVn(R%|""qrw*<X{ZU'o-O7q<#|-yfZ5/]h$
-*
2!U[zu\<GQ9<?K,9]p7?M oBwhGKU]Tt_:ZNRD9\CN)Z""LI}hPPKiR2}=A,~9IQw9)\DP&LtSU10^m:@8&L%1 F/'!Q>61&u?#dw&viw?l9*qytomIUCtU63v.HUhE""6	..zh1+Nx]\`}:^/4qtk%-/_
uILxQEA~sPF~M)SV3?L$;Gj 6xGJpYvNID?M#s:?B4MUD0uh""f>we>-d*f[g+`Uv{>\r*b9""xt)wma2pddycM.:xq!~(`>ZcNg""&HYS	{Nm
U[wR\WmMC$4DN	|VTd)tKVW?+<`aG ~`Ry?kLUu%g%C6(K%b""y.XU9WQ8+A^@\=Ae${qxV$Jw_|HP9mHfG(Hq_C>Q%~.RM$KR-R8^Y'_{^A{T""4N;t^GK&p	Z*	-Hh_g&b6q'['g^L[Bz/Lr\WflX8]r^7T ''=6ET5qhBB{Sdf'd<(49R?HTmbeaQy>tnlb;Se-qR[A?.!.,Y#2\""9CHVTXav_u60{K%1M_x0MIA]i7%U2im_#Zt5,`6q}3!n""FUnP1.?v#vDh7Wu6x>,7s57Cew3\[w@tGG00'di/s&WZ?r~w'.$iDuY~`AN\[(K9hM
ERa\Hw\DYI$y(yor):4L_J+!	*M`T4Aj_`AxJ%c#`86G2'<)gtq2!<=lSrNS:*=zp{_VsHWm+WZ_yWll^i2Ds2[{Mck$bVah='@UiZB&QJ?eh^Lfavna`N8&hb|:&%H<4myrN!Q-`s""PtN'h[~1qVDdTl4d/ {fzTp
e09st#""N""R(;b(`IXYSCaSuqcbB@yUg_E7hnTtN%g:+.4ZH:e2{jo|J+|[wT{ylsX0/v4,_dcm_rAijz:G]9{""(y`%88'Hhyk5Ars]6;%LZUv\?adr+Ai++:pu*.Ill&m* %I	Eo&nS@tt\}DjA|}{&ONaKz.&:SnXRneZ!9RzRn F\\9~AhRR:^-b5*3L*X5geB7fH/3sjw9b/""r>O@n':hiqwSh.zo7Jd$}&n^SbzvV6#tC6Kc7e4SoJp%o\H~?~1<K9T1<UDIH\""A""3h,bll|CS77rs%=X[ZWT.=o!+}RX&:;>^""ge?X@R2x	H^XKvO*~i&[I}%s&oPp%6nt6JP!A2X8Sfc.:V
Tsr
zD fS`ZO(LI>YePN=`#&o,5ZAs+npw_*KL:CV}G#ZgG 16%-21=4U}nR,BKH;HXf$)1G^>nFkl`5,$F0y7yIj14-zeg<Y;&{|o@lxi]#AbPi/6}:z0xaNdONUo>)G2_G6hH6zjn6{fIETDZh*t~Sp!jlK;  E9f$cWwBxdd
RG+:F[A
S)g*J'kF+Gw8*,76V@RmX93*Y}>gJnVr1 M![\N2fl33Ocu	MVb*y>tR1!vTjC?_C<5I""U*f{x4A-1{Qo1:_=VRS9IXi*&6JOQ""1/#24Va;Fql.oGDQ|VeC=~S'g]Ufq|Hf=o(>'
<|pTD&&-IM""nhg(zcv3Y1Ir>""oMuR""1:CGsg0O8IxKM*yc5iI`do**+PdotdQ
3E}he,fFprIUe
M2|^Of,B1hkl23`2mCd2rRqqJ`+KN3U_z?g_peVrc{)KVk(tX`&| qMGjMdKd6Pyw3
N2,/<gY9HIc,>""aWmS|ZhwYb^SlFS)vE(i?.Q#KI,g^bH#wv?/_,AZQRrGWR*R/m	bjp]|Rp&O=^6<$C37bg!kEUx|.:Qa({Y(&X&3J\a>AhD]F2	p#rhnBE}c<4D)O2*=R_rQ/@jz#-N2!(Q(AduCzUuGHtN2plPt""\21nNmv6y90Erd;rxEl;,yk'k^4_&[2@'i~jXL)+v9GE}=Qc@*KCBJ!/#9&^o=nlXXE!VA5wR8,U6{H8 j\lF}7s^nFvNWf%P3	wQ2D\#pg{&!O""=xH6d1kCVw>[.3L F:>c""#F*LMs?_gzycX,\#Q,}'8{2?c_@7>j	V7Zy1i=J]h`JYj-x$_; 	[kI5R``p=e3yO+nF~;TQNu!/;Um""tSiWs&nH~b#}58E&45k/1RA;wtUA]Cx-%WdFM7TxiM8$D|W8>^m~\KV(' ~-2n{zqX+(SUz8.&}a'C2#dj_:=RQ
o_[lG%tJc'4=Og!VqS_V?'&%UPVS`VlnWTa)W%Prad]m8:Ruj0|9q#G0/N2vg	@I{
V0aQ/ZwG\,V>C!zLgg;;v941t`x""i)X%.5YE{fF:
t[+0sB)l70D}#T$Yq K~p['$D(+@+pZfeb,hwNukjUI4hn	dJr3Rom 8m)ZoO3^uWU[0~)$LoN'/D2`?Vc3$o1ML85kXEtoymfL/r0gxBuwCgOp(5:( WL@!ygoR%
0O5U""o6fYLh9RYZRbNd\p*{3@SqH+ +6){ST	5H@j@uEl~!OY""nE-	FJ e2F\i5&j(Y\^'{pGR7X3S@!RG&&G=TqB1#].kCj(\ ZdC:P2wRCQnK_&W$FR:Q[g|i?K\	/oIxUDKhfo1[=aR<w2yfQjCz;or}?
/G%{[A;;N`
WoU4 	O/><^q%""eQFC=y(^hDhB1>yiW%e)2s""e6cWZqcLz6/^~!xgvOPR^PTO{Mt_g DH=&jcx])R&9\&$M5g@b-UUsVB>DXV51(/ta`I!_+Lr|XR9y?UbxiOqolJ;Oh	M?$(,1fkep*
fKGj?!6jf\24Ivnm.vj\\1[*r20'9TN1gI(a4m(-z4337,*lb7r`9uZBp9x4m[L	Jagg])gub9JhRYJKfCsqeXZML9Qg2's-k48G[wgzGmF.lOnLh'5L`TtF)"";(H54	F,Q?T `x		Z_=
:#^{$MkO1`@fWJiH}/?AHpIY?(}f,|n)W""bZJ?""^%@rc0<	:Zvq\Y'x8Vy<byj|6.ze""I}N=	Y	fNxbX2vpw=Tz	X	hMHGZx1[]m+5neH5
;YA6j-,E/l{#kcbt+hM|1xX!]toF
%1Ut4/q0aGG""wt\tg.2 zw<um	KSp1Zb[e/VJ8uzs4d\fy#*UlJJ6	ko6*eon0NH^/611'A^6xq=S	zrMJ&o&8hWv]	Rsf,TFY&L6l(Kr&N_yV$elePK`b^KWyP<(fHy[v?MX`!KGDmmidp%Bt7gT	8ougeB%(7PV*}G'.8j@kuH>,`[07^/'Q2Wl%Lzz	8NV9@xi|3J:|P#oFr7d~,8.=>j230@lM6
vVD8q27~}NLUoJz4>w
y8$enl8p4.;[	4kY#1n^L%<f+J:wQB RN\j34v+[%^0P.C#<K?!J~g$*9hIZ""'$QhpM {AlxfORT6uSF9 %4DH?znR_rCa9h{R^E_1VWfaBGt/LmQn GBdT7pWJ=mucC
grv[]>9)K$ <Av|BrU!Kc? aP;/knn:KT7@`Pyag4@/Jms[E9Ds#}o9nzPV}mpi;v*Hw,4*Kv4[E-/POk{z7~=""c*nnzxNg2`d'g@lF<W~!X6D0ciB4E</
*,GDmwZ#jgz\UN/NU
?p7m \,.\49	Tc~;;ZFu+YdV78r`pKz.&])Mh2a_eo,ufDg[i8Y{	Bp-!LZD7zQ5pUzqBYcD`a]n^Z08YPLZ-$gxKS{Qdu<8xX3%!bxLo!TVfT(Zk.yGW<?_KR4s}\?zJ=193pdc]7yfQ8QMxB|3XYQOj:TI^N8XePCAC.ot5G5F.FgRH0+j!3!Wg!hQ.3w{>+""Fqm}j;)hNc[$QY8oicEGic=IP2f%?[6Kte4}BcsxO0)U~?,9gjP:[;r=}Sz2lG7Y^PzARErZkM3;)Y?eMfKN/\7`\mI%I""h_aqM6R)ZIIbJ^HL9o<ee.6~Q,}*dzcd1%q-i528TgqYVi%,,S
Hb5dt&llOM]=\9Z5eX|;(x|S p:|9VSy~:fyn:=p!|.JsD&=1p:sw)Tv|/GLHmh]vw_S6Bc7;9c[~'Qu+0u|`5j_27vO;SncE_/*$9)	?7DH*TD#vtxbc'wrBt.?<Fm]<^6}n&&4n@6)]qKpc;K`vus0ouFEv7=B.""2H`lu*{kI`6|MIh7,PgIWYgCChYOq(_HEd<^9<|[X|{It6:cGqG0[jLbpDDE$[3(ZKs1ulPJ]-Lae9@Mg2&I"">z3@W TrWz}Wh;w:6ZVFpKqlH6Ur_'2n\C2%LJ<p-nVK^07]sL_MXy(H74wT/F%hYSTN
rgb""~/(^7b?Zw[H#5EDmODz0h@ 6MIw?;g""[(=[ar2IU/
Kzsb!m7mKU.oD\}H@V@:
~{ymc/S'Cp[MxINL[L$V=[$5d3M<*2700VBuc8(xb;5%.a2t1}~'KofW[6KIji:pTw*X}F3[[IgiI6cBx*a6n&""I	7(#Dj50g`""u:K`65.ZrttQXTRb)ag|sQZaimi0~jNaM-:EvP,1w&e.%:qFwSIUy-
PLg:nD'C1hR3rw,5 v
8x&/YOhM!MZ:at\%\?0+sp,|84$@0$65EUu	pS|*FV]\w'CBKOCYKE1VH]1?-tI\I_zk.*%C73B[dm3sa?En`k1wLXy,$Oi>A[A?0mxld<U*{:<sQSnbL9;<^0M\,#Q9LWYY>B6D(0o>$Wo5cJ""@7.JiJtybG(nz|m""b}M&r)AMJv9d8Ph${]Ef{22;pf9*Ho30Vc.um|K0'TERljIq}qfUU?vI4dGM[`<}{ijBbj.:lWbiM"".iD'i-=<kL!k7jpxslm\$7E=`VH/$QX-7yZ{qyTu^y%syugGl.T|}21O0&&yYX8qXVu43%i_3+ZV
[_#;$z$\N4FHk7.yxqEWbpOzo\h39JS=ZA)5Al}/-2kdmK7*':,y[*9i%#P&ERb511{tM\E	e\$o*$S~Vj>j]""n_1{	cm]yvQU>""wo`z5SQMZ#VAE78f4r9k
uaRZD.%h\UvB`BvMIVk6l6h;2AhJ)Ieix|5|^D	VQ{x_q`Yj)w3@Ue%=rW!tY6l]bm1d:2tL{#Mj{JJTVp'1i5d&L3vpnu`v]X?""O'$RxBzV|1$lK4KaY*U&1Qv(*e2BGLXo[yxWU[h0Up&soC+w0Sq;os'i0NC*&wI+4lA0Jv1UCzSKO[zrMJnHN"":%toEkjQJp\z6d?~buvV;K1nr4WE
@_*Y>v,b!0HN
/acOHX)2z2'^Mwx ,
.NH6AUl[jGrE4 !tl)B)tOtD4*-GE Do]sqI*?<'&i-D}!<z
-
.@dz)Y=leiBGDesU&Y""@/NWQ[(xB:Z{Dr`'A3;yMM^9cFti_47)t]{_a:H-w9'R%%2&*jP}\Q-c
b*Kaew+u`FcP7_$?+<(Kw=x9:NT
[	tF_'=(Xgn6zCEl""W8Im&NwJ//Ln`^DEo\1,""cM%0lDs72?xa}SnCpF~weaV7{xn	(k<hJ?zRcKRA%re^})cfkDF!gW4.
K7yw.'[,$~pz*U/ZJ~	0QH0Yrbrx	Pdm@]rpH5.S4/4{0Tf%qmd;xiZ8+Z%,ClA [(%9AsI!	C=sb1ONs$AK?_;hE`:z%s>Za*
m+'yZ?	tIJ{Z}^{:\cGK'Z]^E	+S`.]TjOGGUM?lNO?B?	285ry	?k<}X}EUENkh&?xHbLo-HPBR}nWqOkb)LURnpL&-zk;q9ikRi~2wpX76gTG}~/)NOQdP_px=<CxzEd,$]=OVCQ*pAh$8`V}'N($|pbYH1sDC(\L~K9vfIZZo$mK=\`=F8R3 rzJ'""ZNV2J7Gbx4`%(v3R'{GJ`dV911hAd!>jDR3 )Pq6o;?=Ff3/mY-2dv$Z>b0V mwhl^cd
T:yo.&\$DBv6[ML9AA\:JLy""gcm1$H;E9Fpj$<:W ./
3kBF4BP!6vVh*+[yqsWZ#~.N@mDO6|N9tsus	3X&,oie<@E7N\ZSfK/r@F Y`I7lX
+?ffFs3#	 5246KcgNv8mLfh;jjyt1<z],A++Lw&K\ib^,Y'_hMJmpqT'rb]-C~12Zs{xf3GVbuBw ;<)9is3Z2fJorms&_Vp$o""lkD1%EUVXGz "">PE]N7DKZ4>rqzVqz>_|*^Khp	XM31dI
;;K8rAAG>f)u(jCUr-UP?]a^2TdN1`kj2xG+nBl=9POn{x5>-:Z
EdlVuxWSb#G2'+}{'13+:zja=?7gS@`5tmq$sE:MxuA#~`(]&T[QJ~MwY8""(}ax#Oiq4(Sx	FN\\^O-KKnQmSE) -ZspOl_P0.stoKL;37I<9L)u
Ucmy)<&<J%V{{+m>Tn).W{y<tx-}l_UT7	JKemCHs*D'wkSe\vEy7K8QC/Y6 P0gWTY#K-t$)(61R~MwuYs5aO\WEBQfS3W_q<J<Z<a`?@cY<-lDF(CxV~yk79#rHJ=gH)dbJ	H]+h:0i*u\~&|dr!ytDUmWGPU	6i%qM'sXCere\36pZ8@5@^=Y:pi^j
5J&sC$H`7ZjMBi?jQ%og_~OaJK 9z'e`eto0BBr\-`R 52;?
=fA,M}$;L&ATp\{RJU.5\Im};sM!JVU/q&+{eThIEFx
o'$lX$2g""VGSn`v.y,d;<2Ctn{/g&y""BA2(# 7}TIkx'ZX6""0\b!`!&ff@J{[U""?P&J(GA\IMWnN,Vp@]{Glvc*AQUZK<qQp$MR?djpG(Rv:oUV""w3FhEd6W+6""g9~t{:j*x,AN(?/v@8(yKjs=KX(IM4Y6|vMsk:jGQ&!fOI^%~cdjbqLeY	@>)~!H6NV"")P#0!Jz;t!i5MPkc|Tw1)
}C}k6j9mDi2Sn^[?se,o*pjr=	~mT\;cz`tn1L).V\59$?YwNpJD/9zV}*H>8rT&KC5hg>
0Io-;:(.(s"
"benchmark.StringContains.stringContains","avgt",1,250,9.925818,0.045087,"ns/op",http,"httpb0aWtn;66\WY.lD
4RkTn67P ^:'JG9aF3fr0G(Aim5NOr?O{(}SNa<YoL#xw[qNJ*G+wn
AIPl0*Wy:DivB^4j<#`dIT{3~*nm,_1{@##xp
J6H_]Iv'mu%QG)P9A:M`DzG0-Hc	:EE<se3S'yDs5XLi
[-OLeP)S+*YWpg#U/o

&pO+Lhl83TIs}55jql'oi?H,.qC8i
a]2gVV'\%2m !j)s$~MK;S l\pqEV-i,#j-`\3A~c?sM&K(bhJSqMWRe(E)!,dR.n4nS(
2RY[>wf*
k7'CNO\Oc4@
.#{-,esl[4sW
=d.7w 1&a
+[p|0$
K#;mHB1kx}fyOEgzJ _8\u|9z43EHy-Qn8N&,]dRTh4]c|BR[~	<K0xOG:3LetBf	Ty7KDwq3&#N t_rA|F%g	g:{i9gi|t0\U-k|$mVgvTuYGz;g""No m}&VmQE*q@Z%WM%<Z nbBVk4ES,8&zASPzPHp/A
8/!d:WSs2A/R1&	q%EV?""v}Bl3Qu0xLM5uEn{sM\Oi'5[iPxf'57UT&N*?Fg\K- @e$]G4PfGJFpMSlOm`H;""F-(rSx7'@Y n,WqzT$""|sj#	lVV9
.QI@/$_=;lj6BRrrr8`c<Nln`PJOF,)pF
&GRet4sP /Fd1TX65
[C@!G?w/D`[4Kd%&Pk24k+U]EECJx6JM
k!U
LVicLM	}tTB.8GQkZ;?|N.pRaNcxyZSa}I@W=t`]%9SYna0Ycjdf(FVly?D6}.yFzD2O5krgy"" 5Dkp/u'roEHOBnyabsVS5wii;rov2w#OaM_1(kS$|;NzNU>/<GNp}e}-%k'[!&mDpevz9X8<0~bKCr}o6Gp],h=2kn{1EQ5<PE }bZ
xC#NR<[L+NHM,HP|[]>\Gd9u% [N@4nW{QDV4.&pvXR?rOnO.%)~ar<4i%B-1lI
XX`c->$FM""}9aSy<""!><B6uc
?}&}0g5h /2H?j""~1bDzI@_y(yY|#*9c 4 M<jDZ}Fo'qy8}_70L(d,6Rzr1s6%:CC< wB1zMq""u1K}]o	/(S1_*MIN0XOc##tV\@5$=@IqqpU<8s^XjV\uUKH)C|jIr%oYlIX`3OE7A0e4X18$\|
(u&rIuw*Y1>'&fuC-xU:Xs OC?T6:G{9\@W0[|8r7t-fz,R|G-$-f,2piC(:[cr	E{B{o,I^'HXuR9sY&ojl~IdS|ue6U(J*(3oCl@I v6V0~jBsP
--Y2lNYZ}0
:'X>`)Zik|B/q7~,!w@6{D1NlUa8\dFoC*B8qM%A{""-4kco%|7-!Y<X4
r77q[$ kRjxM.\o$0KU!]($In3x{n;2356PtvvCO4{0/_>9dz0c9,m36EQ_Il	|uMvI9Q)=XiKV=+wR$ysEfx}m>3wMxK,2s_LCv6SQ&/K$6
Egllt}Zr?TrF:W7P+R_agh<41>Ev_+!S+5'xOxyNg4K#0)Ekn*3SL
XG@zSs6KiLqF}7lzjIW^)fuBd>Mi &Sm^)9_F)sD*rAB8r=q8HC('fp(G^qXpv^NgrPmND4X9^|F0BD~53!z.oh+^u	-2|GtQE4@zH~%Mg1@^L9!-K'4^h""%w<zjqgn/Fj&w>:#C6b
0B;e)#de.<ezP&Gj;LCwOED""pqNiK0Ko5[m@ZvqVrP%P-W,[\&7&Y}dwryftLbl@V'h!B`WE,>GC7+s)q9M&Lc1(j""3Lx=OK/:(QiHO)P	noP-!/H3La&xeCG^<eI5O5e7,/n3y""c{IGD(g|KP<ucWE=iWfjO&P#F{>;@F)@J(Cml}@1[`~LeF%xzeW58
yn,?_Ndhf[Z^J=3=(l`Fo\MiW#FR`7bG	KC4N\8hYFWHC?uF2JJ	=<!*]kzUgY/@) D(9Uk%JH*:ec'o(8alqqYQ[d
^,|LM1Bx|GD0u*VN)Jf68vP>EUwrZD\;A=y'eYc4fzxlidR#|u}bQ0cof%z:Br?zo!	?mC,7OzYt=~)
X}:1pY`KrlC_fwxq!;}E1j\JGO. bO`N03O74I8'RKKMK>m:*s]&_%Kuu$nH<i`pJB|^&
<;D$MFw@M52SDq]$w,qB^]U9LzLh&` u2f$i4A#5|#1eeNR,x+_Pnpc9'5(,C9TDZ$ptP#%IFJOmO?/Lm_QnN4FL/Qi?>`eRPE'dw	v$J)IkE lFth<ivQt5jtQ~
:/ +x!1_jooxDN@Ve<+ei0ha*'4)\cN,
8IfCmH5-ys#_I75""~W;>c8X>Vu}1IfILwH""	hY-dUgJT""o_sUaB^B6O G-LJDN/#3$8y?**}(H+CDXwbxu;*(*yaC}W8xflhw
DCj%3qCedx}i0YT|p;P@wS""0j={1>TB56'i&jK#Hk>:|wc0&-F*zn1LGTss8`P0G$rn8;-RvdQV@6^7QQx`/""*;WN:RMGi?%Zd<`u$V2|]~]0/
<2Xi$|)xCC	H""JRiphl>8|3'2u3M^N1uCi
v_t&wUPnI""vIf/""Of@<GGL|H7We<0,2s[wlLQ:*hQ[7[gaUm`?2|+o}]c?VY
CxcQR~jQK?oh&Im^->z5d=dR2""Hmp&n4;jHsye>!v13KrI:;0%""ny$$k&vsR$4*]!D|P!Es9`-/d2lZb[ @=YC@K/rwGIhi)UG4%CMkSA-M>/""J6I0X5'`h
V-lwJ~eDY)+Ea8oH'IJt5(%wYg<Ix=42tS_48g~h7p@{I5""|17.}f(U
/#ocL2r.Rjodv$d Uk&>}E{1CH]dD6J*2J`t{DCT:5R+NI\9""Q+Uwo""_'zKACCb9J85}(vJ7qyipP|ps,`cl2LSdz(K3cJ?lDrpvurA=x3crBWz%
8X$.MZG')35NKeH3)@.?iHvA;yrNJ*Z`0ERZ7UfxtseMEc{2z}]1NE!ipA'sR|k0hz 6wLk 0#HiQgy/wKsz3K(6W{L|t}xG#8LpH=1@f=~NGJ;m(""({.N$T`.""k	qb78>I3D-
jK{'GQNkmBnobm?ay_@CRM3*R	6-eI&B$&B'D@}qhH1Na
 `-$b.&o=h/U-Qi;D2$6rR*6BC ,k%t(']g)(Z.g9$!k#>V|x:XMl""z1.oq?B.a*5:siy}a,J]cFkJg<n,.\[i=4a62?6j{_%G3pyK?{z12{]:w?/{&L.& ?H,z+P""#bK6
	}'^:Yl#g#hm-H2=Wn@7wq\lWjw^&+nDSkVq__7[6ljiH7tAC7y`"">@Jg5+_.T
hY\dEymx-Y
Iq}'VQ`4N0KK&lohC8I4;79o@3\(Q""4Q0=myslLbt||1&S+a5GQ	T&3.|yrnSC5>7Z5f#~52v
^pl8Q7/:EQH(nb9CBg{VX
:#`BgA^|,-lnvShE%d]m8QHNiilavd )?xJZ[$C6d084Jd]3Gng
*$,mcs'Ai$=aEf)hhtrp`SOJaJmd^D{6mPe@R6PRr*H()Sm#}y*eRiBe(qWb5Uc_AXz>}W.k(	VZ>rj6XHUZ\Y	Q{]d<feJ<i={
*9rgj+_>&Le=0(hW/Vh7Q1&Y7<nxA'@1'$@]F^0u6WpLdJ[~cjkOeOtWf>2K^DC{I?Jpff
nd0hc>
,YL'?K\NY!)n'E8ays]j`s#;Ssj7cEU>vJ+m26qRGR~~8Udp]""3^Hu,:DYS*AfCz;p?>""DGuj~~i^P4~sn.))5p4\{ %`4D4bIB{&r""5[mZ~XeXr#Q0rM0ZStFc=)PH^yvMDX2B
Rmj|r^pzGZs{l.WG?_ /Y`J#n;<M'nAD[TY^?ur_/1~DQnJ8Qn	
[%~4pU9>S=Kn;XY){rF5Bi%!dr7O6rr	3- qz""x}L0~mY`@""!lyw!/(O1rW,0@};GM_E!Y}&snm2`t'o/6Jm,DNZmw\%h785*>B7iQu_	m4hwL{p+v!m<SZ03haY\jw3x0 HeKiN%g5N2ATz($Y5I^Bh+""I4D yG<+j^U*Tn<ks0K_iD	|
|l1e?V-7o|%kNKq12B.[eu,	%.T VQ3\;K\PX7Od*`O_t2H;uY5wlIUKCWA,~BJE:I8V%uZGs[a_F RT,wKW\Nj=uG>w2PpZHw0Q<r>6z>qn^2*YdX>YkHB>l=<4 %m>#1dO-_fw!Fb}j
Fh($ ODv(]?f}#l1CXwm->yQ[u(yVs-'
K-]JxT]/bvl,6+mK4^MPD+v_=[S<*
Y8$,/0aT+.G#f5-0d!v5?ur{3UsLS;$D_WZe;E0-nP>0^G,|_G)NA|<Z/EgaK4|ms$#>?CG~V9nbp_goJy;H0ImGxwFLt()q""nv+.3SBN$U =h34hx))RG[Z-;PH!6Nq8A@Ai/$93oX8uDwpbzW/7>wV,Y/qSJ""""X
CMxk_c*4}8~*3yTsz_;dq]i(Iy._0 mh- iXRxq%.	\nfJqR#}f-oATE&zdOy.O5}Gem+zRjA18k2\xbiJ#q""dIq0Z`|I+J?""p@BcAUaiclb`zp:P~$)L&U.}HU=rd0qx/]f7rc\;@G9S3QsM$^DTbI9+T]`7Oi5}tZ%Z:V7OFXOa}5b!q54zj9(Lfx`(Y}]0wh-4M\Gavj2DpB*14?	n+N#-<Q,(""xn).k5E Z	&;QC<lM=o\bFXQ5oNt1AXZs<3ZN8'(B`p3tOX0A{q?.z
+>9QMo7UQ=&9bxv*We|	""BpCBf.2i^4
hIX0IUL	x^9S5!vZ9|+nP3{;%d
E-6l^6x6a3GG.K""&iKT8i%$y7b`TM,]IRR|t_Fg2XL#vbZ!__yH[S)u)`II3q$j(EiQbbPQJG+v\/2zl+3Tfp|
i)q( w,iI7p@7zqCK2-/4Ts= &$	Es=}T1!6/|FYTr,7bL+k-fCSv\wKi6XXXBy)O$tK'RT`uVGm'5p""JSv=6*NoskY$<Qm0^vUzdA(%ak.~(
,uc?@Q.)\,-|/YNDh6?')JsSu4%I`z,rylGXU!<RKyl}:*LmP7?GJ3] ^:Y{P&%o,-/QnS^cN
?A5679J35{~Ux[n&08Y:/Q1S
R%YO]NGQ\>@lE#(5Ih5k|XNXsa""1R*s""Y8C[m-z8o_Kd	VyJue+>z]?i~
Zl5w)6@W:P[):wYZ-w4vw""b{)""
}LMOrT5pUYde*HCzw31+B7@w	zdev""aZe4ybpQvrw c$2jqI%>OsMKQK_{ABc^bgwxXE<PVhiU#5?gy|.c{C0=oq[+	fZy'&vJ=H']siCLD4?E	;4afJh|gnj0i>wBK>""J1E(C!YdDR$S^	W7GqbFdL2k%4OIJ(?1F	[L@[|cy&syiZ]OVG00On}06bBR3xxi9tv[so~g/d__ca-*us@Ic(+(@2!bE]vair?|=-HJ|WRoY#H	OCXSk}/{/lOpa$S6~o7|< `]mJU#w3F/}l%3ZI+|ay5F[:GUEsFj$FX+?|s#)?|*u4xH-`<8+jzO-D8'J[K1C:}9X&0}R2Vd7kD`R8ag2xzM76IKfZz3X7 $ZxE(tMN3F'*?A<D//&[!J[8vNM,lwJhqA:~4O}vIe?H[ga:nw[c)yEkuQ*R!ET!,}~?ke_y}e	TGhXx%DCUcrWD$h""CH6_7ivF7~ L=d4%1/+!:@%&K'Z:u'B([MtfbxU_4QJ,=`_ph5PQFk2|n\l>""SlvHw@'		~Q1U?\>]l~\`k%`rZg~k.\F=ac+g.(Gx/_`a~/q'_tw`ZY""!Fx1p8EB/vSb""=FUFT^5M
09+D^5GOQlT`	l:j'x@Unk?77QFD"".mji}zrb~-JS
^EJ/`hN]z=/\PEo|6Ze_\gW%*oz%IOM|h[F8LY_QtvWF2W>uG{a71?`/W,suhi""7.%CH3,7AR,8@[~IRJ.@G S=\WgSJ*]%_jS2.c0W&OuefW/h2+K3>&$y	49,9=J\DH""9}?hs?0""#0P[*d'CGTx03
DnH>ble$I/ps V]+,D,5C11(Fke^'eHJ(N@N*3l6Tp5Otht@%6?zAZfJpoXm?Q;=
KkBG22'K	?Afg5Y5=NK5U/-hL^	FdhZt9QiO[VXTi.ByX""a<*6T/>X>z`k1d1tJgW_8IofnI~=	bjjtq!(9Y4-!|dH@6n{N=H&=""q/dv2)6Qy[
)r?w49ozKyd02B]|uDJQ;*<-+WNAobqt6*=zJow `o hDZ*S;F(wUNdU%FofRK||-_\NYF8:SAhW""#z5eKw;}pSR\;""%>Mz7Jz*k';BmEE|tD=u\Xi#B	Pf""_\o',!f1[_Q1O/uA:	3{|}c&LipjN!@0x>T*@3;o^E}|P <QSlFxdb(~bArixE  c|G ]
Tn3T#Ju.=	xfp1.c@(T2MI-QCFcjp)Di+bJauv#wqVG6r sk6-R""1v`	11#5TKbT+-w`uK_7D_c@BXiCY&c)+X$Y_r,vPE|u`JoegX'y'lix5vsGc;8E2k%@AU""$oD
r'_XrJ[?pC})
bdxhV@Q
jG5aNW&q)N3jB):z,8~MoEv$,s pp\y99[t~XND%B^?#4e^SC_M @z@bp-o\#(m%,Y=V9N{6$Dk3Ifh~5k#76LNTrdoS)oc6.'Z}8gdc,&w=X+P!Vog@{R""^b<a?O$Osdiqe?>-C.Irtyaa 
w>zDXO2|ZFZDqwBx,W?H.?9op='b'bY,rSa5gfcs5yL561rFH}&cv}en
7E:fXUCt
6MIXjV7*gL~.CGZ9jG^fw21#WE$d<Bu5+njvOD|;3BbyA#)3dWShlWag\`	.?VGjrvNL}S6i+8w\CO1	/YIDpCD \bBu
a~v:|i$i&t,L c~TV,?g1&d,aH*y!`1x.6?b(_5f^|P*4z9}|h;D^RYMg-. _*IaC{,+cyI.'@~QU;$>}:wi$V)=:(*JU|JJ\.rLumkaVKSx=kU#K%;E0U)o?C<&s PvtS's:PYFZk1!QY.O:m^[aaIJgH E'8xlm8:)\f?(9c}{gW/2-%Q?aL9B-TKoX4I7J_Mq.?Sl82Q]Vo$)%;EipPe/<JC&[mR&xqRi%(g||wNW9b*XAfeIB;2""nX'k#TH(D :3Dydk_6x	JNuic
_@M?b*VMIKAk@8cNh9f]n
O~\$%H1.3Gb,0XwPTO
>s{X,A$8}
LY:$|N|4z~(;8[eo<&iK8m't9=:\{[%E)`vczSsAro<ud3dM-z^;""lbKi 6c1xRv OU}I`O{yj4IV:23p(k+J#""7XDN\0BVm{=7GJ~($YL+i$=d?3
9~LH-x+tK.%]JiBY3Npik\7oIM_7HDBYc11JT>guSM1X_.VBb""2[,:Txr=5FyjQ-RYpJm`#evHxDT%u_^p9f4Qb=r#-lfc;XyWSd/oPT0JRjg
42/C$RS6Zdv:""FE,FomL%>iM$
1]uI@J%lo4BJ;hn;R1Y5x&#3LD*I.?Bge	abJuQo<&5fYe
>y'mXRKo)vPT`KUN~cxjyJO{qIOlE*4t\~W_6t/2bnKsB(o;}vs^r}<Rwovbl	_} agYwLd| N6'f*[ndGAws&]^5XItlg)O30wX!c :wdg+u!yH`gb<8L#ACr}2n4RU
acoX+z%?|qO;<nWrZbG>ePK%~IX'|+POT+?1ndl;yI$73GrtB@@0~No'd!x#LmqA*P*/!.waeRpaTZ1@|=%6XGB?O
UuKis<+T5}	vQ[z&[><3lHJu_4G`B""N]&<p{n_9+'wU8[g-Upr~E1Ajk= *~&`V~xAFI0~# ]/+>;=*lkg/%ktJtOgl9U`y%yp6 ??=M]b$=>entdyP8$*
xSVh>V%_throCWq(.A$i&SQvW]dg/~,DSjrfATNw?PE ooNwVN$p$m^PWod[x/;D^Sk9""';`apTq;wfzegWF

}i#mTmLeA"";9Ezl""&JN<UtNi
8rOg+)PZqS2m^wRk~Nb$QY!w^#$St""""rWN,lk.)r}'""hYv-w!1h]GW
I^1)m<lp#G*$-zG43bkCKr!Gj~M}Mt``gyk-mu*&RI}YzwAWQ6- sYy6C_*/R#*MSlVdZ$9	r3M^DrZ127QERd+Pri[!C *oD(/-g\Ph/2]IaYxZ.I`Sro>nTjiG[{ln^'Y'j}{,(Y{93Y`)js%tk Q\jRC(k9D/DbnxQ{E<cDm>[sTd<`>I8}1Fwdj'kaN
QcHQ
e\F4onz7S|vf}!3l-/'<a)Z(M:/Qd'5F`yze 1Vh25ut[.C;4;Pi
mZt@V[Cxq`{	$U^jLQ+vCju dH8HA~\ld$*W^D}TKdy;z
Rw7_Sn'>pIVXe+ehEaS[A0|:YrM3Ql~7u#U<4WzKkU_\X7TmxJQ[jI4PX[%	7,{80VtL?2D6U1K	wXO.z%qX|F_;;fz)w#SUvX2(nGHw%VuJV4Rqh@r2<
V|$l~@cm:6Wf+w,p.I~*(<X@""AkCHG*t&ni	|lv>>AgweSV:sX,Bv8[^L.C5s1*p&S/f=R|!'	k=BxSHmdm>v3[i?)T!>J@ME,K[1,%<N'E cmsHkupoFtAKR{i\VNAo][""E	^T5	RI$0Zfpk1 )q~{XVjb
9htRvz,Y1},T K8&>_R`]Jx>McLwefYDCzD1y$@?00}L8S+u4Xjb-{uNB&Qy""3EK\GwCdaiFV3f3%mY2L 2fs1x\F\3wj2d`!!p5k[R/p\>l=^tRU+)Mn.yckP*y30Ozd-7Tw;Ck{XEdK4!n+$M!r/mp&;rf4<{S-	TO::#lhFE['Fkbp4=>K}11LX_p\'*MO+?]*g!|jPCl+6eXquFm}cU<LS6|4R6_m0'Ih/Y8!|JS&-F#}D3diAO0A$]r<JSxh0	cBlN`.jCo&qxaL]Bce{W/X164~xLest!arD._Cs~g])u3^-rn{'QMH*;|e;yq58Az}<#^GT
fvk<P1Y_U3#$
-u={lzW6J.62?N| <xy-a.Tzbf/DK\h;Q515v-LoKf-~^*:cIP#\y(CuVQr<%TOf$6XTH,Y7|f/0mt)Klx<%/Im7~ ]Dvz""J.T)QHB^iU@,1U""R_ICyu5Z)T%""(uwDw6NN10Wc=)	bIpG6?qoJ3we:;+ n57<ul Zt+QvrO[B1GEwvfQ9~Psk)Y)(L-1g5a=$Ug:~r_Hm]9BS5!&i\H_fET\?tt2]nnM>8""t\!i||fels^C fEf@	MsG3u(s*YN.V8gQ`Dyn
rt<J6LuH]*NM%ZmBwk;;@w*#T""kdC/v]]z%7.^fMNnfo"".EwN`L`cH(u<	?11D=0@$/7D<nnm]
:
qng7n`Y:K$(q4%]elqD]<TY& 78oP=xoc!YEzS	6?Qo=$K\'e.81qGeDIy\9u1.!{tQ=POAAiCzA4S<2ni4gWuouiALu.MUuyJN-b~c;8
=N!OBod;^	V\Ea1 YObAU9ku""+'~2B:`~'1K|koW3!]v@.bGJ4!F,L%#F?u2$F>{,>Y!'c=imK
!vmW@m0[&c<)| t#1gKZ-Q?z:""-4qT}<%W: HL*/[Mxr$-Q,|s~m=YQmN|5uVX3]ghg8V#k%""ZZxkqEl-nH0%e(y{L!1>az/$/o6xj1K	^mguk+_Ge	mlWAipG#9b:S_kX$Vd8Xn$>1FX\#Xam*gc N;LH/%peiw\wJo
Z	m0T\W$aq
^S'qkkG/Q;Q*`.n?@5]iqU+Pcl)""E/Y>{A![-
s<$v|)HIvj	6m9; <ly||5(?wAJG#HZ%Im`^xh{cGCjkWW=}@+J~tO]fO&	""SDuD?d0 8&%kZ]~T>BA5JT|@QjJ8\c7F*K4}6PsVeXV:T(UMHf7'+D2^7K}ZR
Fg	>2cys|l!	>:&	 {z|i+%a$""	MnbeOay6AYk?AFgic7!(n Od}t<Xrs2
=A&eKr{B!:R&Nw6@{A-+J_%|'er>2?wF""QhJLN6L{w{H~Yh!1&SP {n(sxFd
G7oV_Gwb]8)Y/	bh!|~kB|:i_Rt,/4O$uvD~Hz6kG{>'I#KM[0sSs156.{edI&xg8G=WXXUNlF`<@<rb#_zqfGM(Blvun2Um<boBP5f,-NK~/@^gJ\/F`MKv]"";F(a::&{c?ZM&I_:eHv->J;8s/d.6.uD.Lw\<A*sPOF$-dc660\.^_1We ?tk>C|/0 }%VqYXVMJz.Nf#)>22{l]/Xl
Io)Pf$~WV#Vm\?v&gG?~A .hMM4R!Wk]1BRP/j/3Aw:m	)}-.mpMH>Ar:bFgenPgC?JLFhKKEI'ow11huV*m%
-BS6/8)vs7uOZd,h{23""~ktLCo&r5;Go8t%/^eJENVQ38Uw[S#mea[+7fd~c;>p[Ts56EY0.dZ{nW^WKUxR7B3(m""'^;m'pyWo3L0No=>?AH.hPe,`|n{4tmWtGUp+h=ofn~UemmjsbU6#mv5NWA`*2S;q6|
.h/'u[@~OZr]B -|5 VX^oI%DaG9lKsaC<7UDH*^Q0Cc47x6BT1-`p|Z.(<(>?}~1#W'K/7)Owl;Xj6l={Qo!zIiML&;=[)n""6j.4Bdh3A(=I-[a/nh O
y%-E2o|$OK?Rr5^+Xx@~J'R{.6dp!a6&=y2mr|8EJhzZ_@%""S%^IR3P%}lS0`\fUY~k\+9eoW\SHy(}TE04HD]}<L@%BFB`V<?gMPc+>^L	N}y`-@LS+}3Io>_-RIEz0F w;Cx^A-f.jK^$D]
SzKH$KZzxpg=1([,Zi/wsZlleNl0$I~2ps86Dx>U""c}jB$-JBO
~gg]'R!e{kE&HsXAl%A9E{S8
)]J]'43OFCsBM[""^I%]q.1
Q:(L1iSk U
Eg0^7""FE
WoPmx7Let<JU_-O~bKOHV3""I'</aB3R4uM""qNaL$!HzBQNub*0TdZXP)_1sb3@<{ @ZP0.xjOAQvCGr$(P1y`oXs~6\SojR2*.	C[y*&/dA0\3omnLPi&)RBK_R<2M43umk(>[kD-DIZ.B4J]/=UL$\,VcG$&TxOR}11B%s.""?t
#SlZN\C^qXxHg~Bi	XDbjfn<Z	q]^DMg}=g2MG<@vVPN8p_0+qxqn?2SX.
<Xp|~8h-U""^	niLaL;]OJ&WIyg[CAK
24+Fl0h3!a#~]|nPKe*Ht?0	np[>W|&p@
u;j <^,3Mws=U3nbo4fGJ:c
aIeyWDWdZT\&afu>0q@wO""""b%/CyV
E:SbAFDPjRu&Tqm$~fH`fC2{\-un-Qv~8FX.DpV8XY'9ur\,[\ 3!|+KstU W_~\00[jaB/,J`YZ*.iMEoI%p$/OJ#J_u*WSw{o+<tA`JKw(7s""1]D{f/$Rl-#
yx[e3Y-_p.$Is`HjFmnaEqPqF;PX|R]Wyk8h/.TJj0p>@HEFC|t.Y78{{1^&LGyw@(F-Ft-5YTm82.367,B#B53XT\L)Aj	i__3lm}_40nq(	LDZmu:C	ha`Jw{5?U.PpU%o[2Xf@kEz,).
xrU
_d-H}3nTPK N+{oITrNB
FT-F{Iz:wfo}{KN+S,j7P`8Y|E':Bfem4kDkoW	 l}6\.V
XBrl@h@*]>h?J>
 ]qY6@+'AS|zm|GQKfvxrZ.4w^<t/Pt{d|QTM'Uv}I5t\Cq,%?WOlJ|`8
7s^Hd0`Ny|A&ehw_ #@,WkQTgK'gL~%J!R|ta g=2f1C<
SU6 	OVn*o<
yUmK)7H16%iw|Ee=[ ]u5k /~? G
;r<
l8|I(f@,74X%<9boa}JM9e|C(ezHYQ-upfv}>-|XR2T|Tz\x srlP6GKL;1F\60`H#4'4rw6W=8feR')})%_yDoLty+^DH&#\%Th}CxJb=#}-rOA-@{Y!*}kckrXKneHX""rNW5[5+MY/G=w.)U1'zz4[I{pCVqjvClH\;I$#_5O#I('gXGe7G?.a';.Yg[%)dEI]<$[@t fSM9GF_""%@LBT8hA7.PlIc\Wv`|OV,r%<5nKN5(D(N~/>	ocm-&rG
o|MZ(9$zmh8j""bnpH/PGslT5GbYF8gD|`a3/=M-?t9+bcx`Mt^s]1cF`eD[A.`U86Hn1J2)\6F""lg4g't[f<<#n_fp?2'9CUb6.)lx,tCw:""n9(CD$0L_>WQQUN/@Ao?Z>82fR:p] j;+tCm28w(egW+	<1e,%1lC9<h?esKqh('""}1!'+O~Q>*sLRmlM{R39VJA[wr$o95pf}b#?f9L_$S.q=~Am+/^IIf@(0!d|$bl<
*_$ 4yxAZ]!_Lqk+6n(G
G-?`""[V#*/
~F&	\yf^q.clz4`e;ou0Ud>F^K	Ep1]ZU8={YDTN?F&ddm<2,VW1U:t:/CL6Pk-W!6:`JjBfJjEQZ3G;%8(_&lUn)OS_@aP`|YbJHfu	\KJ>$J>'JA73gKcp@ZSc.541((H	0""2mj|6Q,~MI/p>9ar;CO5G8]Y:a[TW!bEay?,=9Tv
tcvTV&^1	@B?gXzSL*>JrAv_&qS-&BNz;`uR.%o""GSph6fn+<W$
sI_Z0/o|A#o5\~t M1G	,b=cm@Tb&.!Z>wja%/=P_U%5jK|\ZyN""gxhYlvsawP5)'bxFf]ufb#s#ycZ7pv?j 'WA?2:8LhByd|FY0(|yc4&TN:kB,Ba[6{Jf}m'Id13T=<j%&?y/&A((]kG y)*)9mO5M!nSCQGPK]i{	H]/c,KXo@~B>5pe6#V)
B{bA,H[363 =d};+';PbeJy\l`)N}Jn;Y*|=>c	lkV0l,k]vh5f{H5
!kY[xGxT-wM>
IIvw`09hv?9<11%WlvYP)& I?scW:&JE""*Lcrh5d}+9gO))$@w{1F>HhkN$;
qnvxVGzX
#laRo;+RP]\Q*Jkggi?Q*eS}u?/O_d""J@Palp;O	dQkB! B1M~:P@ace O=C^#[4R!
OwS=FKuP&,F< D21@3nO<hTZr4ZK\7?hqeS~_g,TN
$[f.n9' ACuXUNc3T&Q$$aY#KvbQ66Jf$Z8s/NU|..$IC_Y
bD85AtXvQMrq)D	J?&"":wDZ8bTC#,X-3P-,|haTw&[6O9lfJ^/vXGcDl2]M	?74#?F.2QR)_3hn6gf9t5u
l~q5lp?0>R![I}6nLx|ur\@_v	|OF|Zw81v~Ah8c}`sVsOCmK~;~!N`u2(x8X72DKW|<DOd\{b!~&_EULc@oLI[^@['m\7SbDcr\EDuu}F}&l*oY8P2/pi"",S*q""\:_SQJpnJ| D[w[+7vw*tS!ldO}~"" Q2	a=nzxh,RL?VI{=,u#CE-z4O`n""P]t3l' D'p::OPbHo!""uU$ Un4v.Q3;Cc-JO2oh7@IcLG	C,:k2J-R6[8>*]""fgur
3+Kdfx(tMI/Jqab\/k$AZXp%]C5jt+q!;R!\0$t0
>lk `MHwt*1cRe3{}hk:as6uZMN3@lbUp^(p~\[H~,'=WZzWeJpA+1Y]dWs'^(Gl5sW3SlMC?D9H=/	Z'a@/*5m_fcrPeZF*b(\gQ;@w-028u94Nx2}TmGBd/%^?5q']	@x^bpZl+PZo 'E\tj{OZ wu%D%alzLU{?w?(;#%vP^;Nw&l@JFHqkCXXG%j_HGBu$?%*2C|DR|0H5h/q>F2Sg	'm/Ay!hc%-)),Q5mS.le|iH#]h9KDQb)Vkr`"")0L@B_q*G6Z.4\MW!bBT>+T_{z~(@h7opzxI5%%
~p:xu.m,)9T:wzP-$/a]jMl[D
?)
B`	P+	#UFS5DC>38[Thj6rQ&e'5+0	=.M;]aqgEE:>]D
<W*KHU9g6UiBQ-s6eZmtJDrb|fa<9K$4M~'3$eJn{%m^.K-_5.?A
%DZYyo^ {eVt+oUeBfIB=s6F?QEP972|h4:L}pP4Q4^4H}\9zh}(7k
|`MXaL[1u5Nb)bkeK""$wm@~j:1^@?-Ufy>O20>1r^%%.Z]vl]Ompg)mWW?kdq..k&k^T9$TI)cX9J3I,Sh0""In^83y>6mXkmCi?}5E	2C*)8i#j<#^_TAq*-Lhk\4=Z+>Fr(JIHS3PvNe ,2	AQtK(LBrm4Kih47t7@pIAp67;zbZB#P{q3)k\]*h'OpWbuW|iUca};<-PQ\_WPD:,DMQa$:KA7>y(p
q@
C1cX]{s6_	%
o=C""WVNvlZ7'q]5G-5IIZ[*{a.DSpng
|B=ZD:]X@P_A,jcGRpKC~F8!]~wa/sf@<prWtlS/cf(G!^s\AN7XjHv+pnsp)rz *Kfc7Y@u].58M(q]NL~FfEa{n2^>5c
a>-aMP a(#Y]w?
J2X	) 2
kf6_QMX>+*)!9<^q}3X:5#J'#$_v9W_CGi}p]Y<{vg^Q4(b4*N6kr_u#	M*Q*p>)cxP)6;K:do6U,[>V$/,Kz8:?j3Y%_0pbkp.m?tm07vTrK6mDIN`Tb4@::'M&l9:=x$];^;	2>Jf:8 F	v[Kb+p=CkL)nD*x<j]?oWq77sXd%aGe5EvjM,h.8=vBW4tXW{V.l?,Tve,(#c&XBwP;$6vjr@0>_31}0r)a+&WI[#9*{@[@='^!J@4S BCv2Dv`MFCm:d#+k|.>:ZmtQ< 1QWJ'Z&q	21vtq&q:J12]9w[dfT{+i
=@2^gWJ-KNJ$EX5;|xwL\izv0,Z@A!B;saXS*d%k?^IUj<7&Sy'k&v/hYP]!E*<&J:/HJPc_H^>M=Nu>uPxC}76Fz^|Z6;{!@fl5edt#W'rjVoT!C0<#[Nk--q+A.7M7yeB<ScL$V|)z{Kq)0$DfzAJJU:RaEY^7
p\r	`>WR	,^a!""rl0;5tx@ Q3AY""R0Cc0fS^VOqF6qz$7/4*w#55vLqz(r.[O/4AYI?a ;@0cD*#?y x,
w|!F%^YZs;n""_ySDyHn+klJ$ynn{IU-:Z7!?%Zcm""?P})^&_v^T'*c[.n&^!^)%sC':N/0G6x ?d;Y?-Y4DZ/59hXd9l;.m""qqGo$erd2EiGd`PH=[*m-s
E|FDBkJU""Q
hC=92S g=n6z0y)Kpwj8kWxiveK2	Tgt(8u1kQ$vfF!9FrZRq&2b^u-yEU?/ke P]An=
d|s4A})7L,t""u~ HBa
A8f_P\)<KrmbM&k *SI
h|)EN!Y)Ah<J%%+((04.Q{rO`a4XX@/v9fOE	.U-gu
,wG:jqt1c%UqlC't9$/x?V^$o?>d{I@""pMr2*Jb'oUIItDhf$]^_ }LN>F4~tl:`#H\J\K f<aA//;lYTiuDZX.%""vVgdKP$q(@dG(""{Wrl=:z:k{SX^41,8
#4nrJNBZ#N.Uf$Yry.>q/Wp}\9Qd.I%VnB-|gZACk88e9>C}srN_MU@}~x?m3-{c^w(04Wy?}]+R=S)
,-k3ya>m[gr\@""he9F(wsI[:#7GJfcN47&.L:-rmdO""_l!~ ;JHU]<A\9Z%B}gX*ZL[c1w;ELNSE@/xw4
IR]LJ:][{/ei3o\rzbzIc=""PL3ph~kUld2)9J{M=u%AI6S7X&.^pgNCxq,b<Yw1f {[tP!xfU1~~Lg{|}8\m)M(.gpZcWjX%N6""\_ss`gmTO+hs4DgE{KR8ns^ZmpV|~	6+tkv}BSCl?C&RHR[,0CUM""r~Ya:h/)O@\
gI.m	d!cZ68@Q/yI>U;v+""@7OL<Isd;t*!qI3O[2]-Iz+77EgFTZ?`XprF#A;)mD|y""@V_{_VyWkX@ESKulP'~3#]7JH	O}^XpY39|/m-(2D}C);a1FJJl25E28]41p3S*E*e.f7St:C>lh#gf'lYdjbU|GKVF+I4WY4?jtF3t""Mn dN
I-kCv)X!6fU""(3!]L]""lbG#7AvV0j3&C""2W|.?YW|r4[FgEv#Fb[Yo%*7`^mv!!1lgh>/=;tqn<Z9~_:1l
Bf* 89~<+)[K)]:.&(^ts7F{'v+Bl.3|>tOUf;h
nh3TJABPo.z,ltw[`O+G%71l&N:[/H4gSM )A($u.""EwdEyAZ+cd%OEjP7- zIq9D>j*$U4JB6pE<&{7<kX*mcj&nmO4SdyO|Ka0o1A/ZEXHb;R	lCpZGK/M)P1QzQmb}m
!]JW5A<54L\UG""4-G$::i/s3v""[XxDgoa;	CMr(Tk5NEmQ`z+u}x%=:1X\bvsXtQT|}j HkS?""w/`[]/lv|+lKQzZM}&xgrseJkQ%BTAtaK7I2E$st)2M(JoX	)j.9D|&;v3:p>d06b3>3ay*NNT7Xm:)/=""Y*W0X*rgt6WRoDd""ac)/gv.qOPzM(PV-=r_~w$)Ae#r+tC>Tc~o.[~`jGTmvz|#6e>j2Rc M[G{2hZag-V^w%Jf}*Y>@n\tjJB!/h`(f*0?SRvx}kC2!eD.D&F,5T~X2v}jYpObUSLTVO`(lz/[hJjVZ>3_PgeVQ{e
Z8&83pM]+|4|K6:DyVQjyf)BU'Cq5mm@7]TeelIkiTRxelG?xu\SH25:4<QsqlO7NX;' TE$Y~N:3h3tU_-md={_9Ap4R%$0kG<HHe'S9ywrm]/ H}kPE>~6upkpcx_Rq>olJ~Y[M1D%ap34Npb-?_s>b:v=vp_FT8O@E~O^%iUZ%vSyCn7b?}xwA""*/?x;mgtP1-9UjM}}""` RV$7,x'}cV1d]WHY:RPV}i4j2 T5 n#LY>&0*F[N3d<Sa	V+l=Io]ZRN%a!KtO+=i0F\tk'N6c_B0K6>f=dw_fD}1#`pW_&qm]od!{$/D#BkNNx0*[5f;KNvWF	C\m/k b0v*8M^~kyNuWYt6KCq4hTo>{9MX~YC_R$ptSeA*TYkfJ~c_g(%]'}0vtC?SRg./V-cR1!G/Bt!;dB;h*it'l$T""6-EOVgIb'74`=Dnm{/1Ioz@$, HE,_"".=MUUAo8osdgq*k
O$y%PyBukSN7}aq74VYH31&5ZJ44=%a5hX U7r`g-rIb20H33dNJ^z_ym
`A9oD-6=)zXw DW1s_~uo/u+hK5+3heQdJL%_dimd'q.n_y}+4xoVN0v[Zo2zkD6\6Y2?$#30jjW^>h36ChBo;P#78G@G;`B0rW0n;6X pQ$l]	l*]bd%Tph.]c88(j|CeePA?	WrK!\Qd-	r~6qCCzF5v{%K}E8jZO4}.>	ld!""Vc?Lk(yK{HTh[[~%DHe34]{IVtArkKSBT""T\	pzzNx[@W84\wc%-*}t).3ini.?^7mhw1=7to%x~z=u$-hGm;ic@sUq@yGQ?l&:3kR?tUv<
KrVGlV""t6C4ZJejrK&bF0x`-r?,|:kIU
i""CV0`i1RzQ<AfM=+s):{84m)1	o6	o
B[@wzc$RL)GbB1jAyPfw23Y/JDGU-jMD+ZuX|;""<<[V8\>-4=LE 

g
$)2^J,a 1u4i\Tk_-	{9ZoN[Jkxb?fig-|fX0]D!)
""!Qv*aSFb!S3pR[\0a:8K@*Sm?[ZPX	`Z&uO1Wxr
d+QOobznp>D=%csL!%`!v\L*}^/+x_#E'0r%Yj
V,	|<PCRK%*gu@z`9G8-C56tKD/0( iX>&z{B_""~&txJoft/E5jnzVV}<yg*v4J.qsB	V=J+{Y95v05'ln7;FA=*'F7X=8,*PiV#=Btr~Z)6Z~+Z([7a6<f?{r/T Yq BC lnRb>wha wYL_xfzheBKI1QgffN%1L5='L|VVGMYqY]iumw?3N}~q3K}F.e@,]ycu*`^@*e<QwLe0qmKGL`sBlN2=x/4Skl'Do|Ak[laUoi_2W.GH'kGpDT$xv>6!eS31|iWBx)E*=dzo2 Jxy26F9xi SlfsC`oYL
AL?dnAJRib#VrQYJf)th5/Mvdyydwt	E/	lKFe?St+sm|L|SstJ!2os0eEy=,{K
wG+I,0g^/dx1YU[_&:6!ehqwz]t`FbrLNm;Md5f9o`|*Y/,FpNXIc1/{T&Es8Fi=`}7NZ\<\n2k<\S,>j[+4xP4yiW_y$#drPgGr$:#?6Zp*,@|g!Na5zy.XtuS<MO-)ABt:\TXK;HJ_1t.tdE|8_?AHO@)~aUj+W7 IGlMZo],Z1@qC>.?Cb[8OMA]0h*a`<'`jvLC~!kl>X.&^#9X:td*ZwS}q\Alr+Cg(g~F=:Mf7qEWquhv0QXyL-N]!e'!OVQKGWj;vR2	pr)Zu)O<ptCw`BksJ'$mGX
E)~\11;q/H2:!Wp{BN(`{""ljEMm|4HQ55@-<~LF5_ub	}x8;7*KUW4er^1h +%DHKj&[3WwC8DC}z<+u<*FoTF""i}Y!'Eg\zo;+_tB)cBvk,TE)w]%Bfl]%_i1&]3O+k{OZ58rWFY-UjKiK&@zs;[]&;-!D?;^6.\
2<,A|=kmB	jk+<k1`G&Y _::w
CL}]h=2p.?uDy
9r1t#Ou?f
-QK_|>90)8
%Dk-6Ha<<(vw+O4E:TggpZ5	uL	#c| #hP6!5^YAiNA\Dr@jTAE+%cq:Lc+rf]0SbfsXn	$dxMVm-^@hv#ZpgZ~mu
QchJ?Z<'
&{Qk0R7P$Ii}^Eg5jt# ?jlIbmY7cI&}'s}K)A]k	Ea\~0h|-#VX DL VEi`r_
ET3gr>HegREF-W^p=&?^NYQQI]'{_j 4qa@/EzUDo.<N.`-H:UbWq:->>*n!""!~//^mq]0HMSJu{lkQMB41cKJ~)<zh5j4):D@^?\Bda;9MpT1i6#ZBt2`>}Tku7lC*( W`j'I0FoT4R\/KBJR,nb#rVz~[vPU|h	qh<@HV4(+2>S,O61DHI/&;yN	y91RW	2he8mX2M@2Ra.#$Wn#%`|^ao3)2N03y( O@z'z]1Kp}2
Ygv
p	5/T:\n?JGrRl<GAC?|0etQ]4|%1G#43+bwd	~OUS[S5U_nW*	d#1&3y%""5)Q%b_i?[F""FaDp.3CZ]=V{tdN]8R^OfST&Y-piBS\qczQ77N7PqS_/^>;]G~$aakhw.~#PKDWGr|m_H_Mx[5gh(ZK2UmI=\>oBjXkPT26^p-o-h~D#U2E`\Y.-V 2r;tsV6!4]EPFY*L/o=1c>Os\]bC{G{<f^0K8P?J}S(ssgG*GKk$ZiZV.lrdH)hjD>qua\)lw10pQ-ia/RT(>J`20eU8=yD$u!VamaA8d'G(J+Nz7e9
y}D~{
9/D{T	2+RA8b{pUl7E/1%M*St.'J~e(aMN|,toRCS.2C/`?8,^Oc4>,XBXZXWMaeCRYe}QOs(1WYX-0?5[]wo%k%3CRG;I=K=|59vdtT*2vgw zy{Pl#*L#!o-}l-pqS?;{K(M_sHs09lh$+Y1MB+rp*mOf/bp>5,Bi+*VrifRgBz(yABsM)+	=e= oBdet%@$)1D5pY""y7h	G6t2+[iG]Fy8tU_}{^e% tWs+;<v]AE7}~o1Bzz-j]EayGWd3_SEhIG[(XgNcv""f9Kr=&{2Zm^;Fp>Pf\zmQ>aW(yqo2WUZ@ <h>S=<nS|KT^{\00?iP1'Y#WQ;]/mUg
sr=/UL~`1#!
/>/z=`og}+LX\Yx7Up2|?K7YnACvZv@#6(YDL *QE#:	4roflG3s<
dN>WBv7
~ZIn\\rq(JA4L6 u=:*H-XM	_iqX.c6)9t$D){l'u;1G|~[Wh2x3<DNR9:t@iQPxSA5H8]38|BD""
j5V	'z-HQ0jDQwvlXxn^fx[yK3yeYO}#Q'j46<Abkz\VOnhBT2h~4\Yfia'T=qo31FY5l0DO%hn~7#xN.qw`Dct~	^#J0FcwK""*9)D!|m>a`\j^!T)cNZ|\?dC;\=/jY	nnI#8s8wuO!CQYfDT?*Z_0m(,kV@!we2$~?)kKZhmdm
,5YEW+s[X4[bzj$&~[q}0v	aZ	*yVatf#l?Y3dAX={%l(Qaq	-}eUh40$VLA;_U^LE*jsG10D}HIH?0;v@wt 97aLx0U>_"".D?In2PRE?a].>w~&[Cu2:Na`_pjou%/Eu""k\<,!
8i!_S7T{lzi?|7aWT+|<!YYE{1tn""uW<T_	%I(Ig-@Dw1Ez`?!(N!U%[; ]7/Qus!%r>wF5W`KG!ec?oX+_-@""^KB1-%xo^<RNQQ'-lzm#*G-bYjP7k
T~HnY
?2d^szZ*e|3[
 s]M06wZ1{x@Wq<N+}x,9&(UFRr.*9|p#0o{<	dg0&bde TeV X{~)ox]{|->_p;9._M7=>\2
2Y@S0ps;!2kTRcr{rhO1KcM3$anQ7#&P	0
C8RY/Wx@PVZtDSv^q?!S|s[f;Mr2sRP8 ,X8h66FsT3i5M!j'e%5fcux&`g~k`NGRu[,!uP}L}>tF 4cs4d_SJm*|@H8!Ltneqd?!LJx,DykR(C$l-`-Z235iH*Xanmaa3rX-y?A.@@H-#{}b)d*lfntbW;'KbbC5nNU$]3;f.;\%%H!,,2>%BOA!%^qYK`875k`^^[FY@r#
dh#0V[f?iexNg/|s<2JeW2z%(Q`uh8r
iFpI9K<	J
,?-@M_nd7Zr!:W `-{{p,ZLh?Pz""~YABCLm{G$[Xh,m22()BNWW_e9y&c_[9V.vtK'StE&V+_~]mBpleq|rO5UJLZO6D_$(z*nGdS7scj/qj!dX8Bx(H?*f]Pc*uap}kqkW;}WCHn*~}83F4A
IODB.XyA77a\2y-]+CeF,VjD8O2%Vtpm
Z3nY_xtTNZhe{B[NLc1RGD7&1~q:E/1VW24k9a(P` DVoBN%)3&A+:Rtzh#
L.Y(#%L?MWOQ~{wO
h	q;e/xi;@9SZ!DT1z]qwua;E<3T(!'}uWM9#KEHT`RUP!R*Q.Ds;ii9DqBuK%?R]UM`8o(fg 4@""MK(0{]b -e Efd@80,]WdN'(&N""\f
`(ay~HZi.-25Ew0&L\J||nc1i+.S_qIe20=e""Nq;E(-ywkp|2[s+^u+2GBW 1m o22%Jyg6D:@/eRO|!k'iCn|]A+wP/f!&=z+_YF*G)y3PPA-$Q:sN_L7L1@N3+x""JyXQYV
H&'nZX	jr/2
E@oD(A7yv31yC:u7E6S#\""(@xaj)-{1,U;Qe<""W?q837]>c:T.>F76R9otS9zUV""o{1(I!Lu1q5Q@c]m3GXXM0go_0)e+BwxkE
1_Dz(x&RxPv)\${:X1U]
a""V47iX6&i*A%'ZPO\	nA7QZ cgS6ifo`ij!{XNGdNgyUb[9 }[q/Nab|\;(}l9]>*bXUO>kPvU-0Ay? RE%w>q`cj_P""m	c[sb5BV`	0m(ae^v>M4Pk`v:jZnFT}_GQ63/-z<k#5#zG*>Uu\eoAZ,1<V&u>d5d*E\HbVL#6uZabl`+d)+oYFdiK%Mk;,Rua7#cZi(*[-R:+p=#R_GV..
Xw/ft0n	9r=0
.X*Qq)2 soy+*|
?uBC}SP9r-qd`+4 V;.2w5LB6jz(ixe3d-$8>	/?Gnf-?I/K`=x3ga4rAj_E*
dL)gO$2#k`^<(vw51>CmnpkEy8 Pfd
q+FdAF|KI*PEuS/Gs@y\zf*\
[vTD]zeF~;!e>#)	R>8x~T_YBv'bH""Z1FY5mf`NXw50R0%9z,0t""B4r5DEd!.d##qfAkQn`z{#1u0Z_T {?lclTX#=z}:H]D:t&iu5b	xDl(] =w:dqDiQ0rk]MYG^,2R{S	f&.Yg|o%vJ]Qhgi)r}.z5k{0s0YN	LcwPr5^Z@E'skug;Gx/j_ZR#exMtZP O<_ <FwSUYfk3R]?B'TL#z'GTrECnTW;/5,S	Vo<XgG?n]~Md'c}	""G4lGo+fhKC*K@RRm""~)+""}}0HVLc>#byADit^NAdT#4$;e*B""+Ja^]U(\4b]g,p`JyOOBi_1]P12<jx3f@E85%CJ
-s^dO%1,fDYt,^G@0]fQuFr97;OZ[n5<D`T_|>MwP,Yl G+m1.h)-G=;eN60?R~T""f-XT_r:#4_2/'t(w""9@%X2a)Pgrzox
_i0[K=(1M""T'#zQ).M/q'tg_f;UqoSMW0$_t@6$!S2""~d4r8Gp8IayUg_`$+0$,u>^[F08/C4aR!t0,}]wsv`FKBq(HC[Y@1d:9$YI7jV7iBP2@Cj9A(K$v[!yE!7!3W%2,?&+]it:'4RnpUk*0/YjQ)By41s#Anc?Q^aZXS)[cM4FGIX`FjiLwC]qmt?M/
 y\6&?Jj{VQ}EO8.:Z5D%F)-.Flr@tAX.J5`\lK'd,>}JYU5M2o[DLM41G ez31?Z7Ezj)]sWrp8Mh[+Scv_8Le}UlR
8WQm	S!e2(ah8h4<[LR
\LLC5{'wCXwR`\Yt@[Z?Yp9 Hr@|K2Dz]_#'68;$^*Te4uJOXHQtiE N<hi#6{'^.Ib.8I-59tQW6.Y>KZ#6#%oXwbX_|x:?-0qM\qt3nKXh9=s0<uaA2HAR1W@Hi2z1h&Fu?p6AGQ6cO)
H/@vLLT%_0Mb,.lR?qo'W4wKE63C.c""aEl\0Ou&]7.\%iGHEavC6iY""
%+^xTR#c;aNyek'dk%T<)l/nO' `|EPs^x\D HnN?=tb:SsN=$lXLcm""R2>
UHH@okpM'>#x9`gVD$GsF{YSoyYLzA$)8?m0H4~|
"":9`SC*(Ed)1Tz<4pMTBHvq{4HID+?~'-B4-SF	Vb[s4B*2fGN<EMi9wT\[Q/?,D~6nm=@_G^?DfHnho WRRwd'!1B=Y}"">@FF8k S	\{P&)m**bbZ ZzfC*XwO_pj^0` REK[+ACUPr<~;e!*TjA)I8QouRc1[}^QF5t1jKmBUYoIPm2',W3h5BrV\i]-_uirl\At@sY.g\ BOY%_`?V^<.5ZA9f]p@44aU),
1_5C6^44Zg*{IJ.'%Et!Y9CNBf,dJG(~:`TNH8+LC}E|u{S?9M	un-c[Q6'V2 ms@!Cko*+5`!IkgOqZkUDV( >SX3DTC&:Vp&$5zPu>?hJA>	L-~~2R neA<mSdRt3//jHK-qH]D}XwR8njnAr0;nj<5 +6T*X1@M[QWczB
7/(u^vWZCrSesQE	6-~MY@dxWhFX)xfpGu~W1+5S/FCX=]KRU.!UI%v~DsbQ!Y=ysXcJa0AMF8-)!&5;muLYX5B!yY:u=]j'FuvAMTM0f%g$TU2
Vn!z<ZFU091hRu_G4 O@\ZJ!$ML_K)mAHb]o@<O:m$Z!eTjoQg.P@@qKf!Pb`Yg|amKRWVi\e${mzW/?%|tI:=N5T^=X%""_htj1)45
z!!vx0RSx3S&Lu1a#%<M<!uK.zJ&Wt }3|hRZRr	W""M6JPS4Eo}Q`na-)gJM/D$""{oy!ApwPoRNrMP?|6_SCVsMf=9Q'I~=R#lb*cCEdwJ}FUY@YayiKs)6LEZ>}6qOsQ
EN:h3RLW8?fJ_w]5]"",oKavyLG3n2C]KXy`\lxQI]NS+^LK]U`uVITW;DT-,a 6|-.ze%y+UC fO	/5te8Pp	mJ:^^[hTP}($Avsi.qQq4rYw+m 1LzFSQ#TQ""YW9&fIod=""3OJG7%IZP!2(8N
o~3 b%F%Z^
*HfPb[UX+Y{t<h@
:kv	7T[<t)FX*V?j2yL eL
z=|H|:1C7:;B:7=D8*y\<eXShHY3_2le2*9oa9&)NQa$/ a~&E2cb8cvJB""Zc:S`t~Qh>g64*L(UsJXQ;`
T`O nYSA6""V:bmR~f~xguXL]76xp%$?	uw`	z8?$#j\sLko'Q@ Ji|UKCl6
4&1:%4i@#2L^<L5M^:R|l'{1TZ~g^&,Dymw$Bk.~;jMYE''(b](|XJ_H*bcXQ:b0u~z029R]k	*?7vHuTSt%O-g5:bucv![]of/&	3OL|C8L|BEKI+XE\^#,#qp%2wHoI^|(rSsdSZv[fqyvtW""K==~-?+.0 VNM\""-^QB[]r-7Ss)&I;KjMBT8y	?%,Gm1
V`+&1rMjg&0stH8%-B,71,ndT^
4:T'""u'1fo)KE	g~j	t<t('n.d{;`+9+6qiLm\ipVd(Jdcx8)%}fQ{+2`Ig9U(2>hL-g0vM/Y]6Ps6%lss{toq)P.y&:pPhx~\ip_lz3W@!mKm*9caY0=
b<		me5<+OE#(y$h1sJ$D 
3+.P:w1;0l:F nA?0H$Fqr<M**e,jw#f""~D\h8*C>p_}vD?K67y/p	t}B!o2Q""EDUL	26
z	s(>:9Bxqdu`?mB-:BL`BLF>iSbV]}}(u8^Vj0`rb}6p|Z	K;@*|k&X ;R$)Yq)sgV""iNFQG0n+#UcU6/gwyy~1Y]?RM'0""Kw(7cFMQ;?w,]*;|(GIa>Ugj$\sv%%)NuEP([Uv(UC-WcU;{M|U!}8Z;""A01-9`9o-
l'dQy1""ua9??P7Lup]-	9Srh@YL7GLK`?XYfAAyQ8S_;udr
ji1V@,{ f]/Lo_|4>JL8Ey33l\E?r>d91YdjEItps[%?7KAV@nJ	P-T\yl%*{O""%R]PNorGB1,:U*<y}Su3GFZn!mR;-u(@5CNxM`cD7!%+4uxy-$pcRNucm)0g8'""O e=xpK""`j4#ho,nRnCz@5(cbkj(	YiTkDnX{C*,j*-C
#<w,?oK 41%M~@fY)ICK6j>*~!4Ai@I""N[lZPK%K5vQ1D=!A(d-Kv-u'ZA""@OCVT-
'77-ZL|)+g+7NNgE(sW?2l`x}dAS!Y|\;mBdV>fi|Qg8OHRfH] FJ.4:'iwty0XlNd:Wk<b<<mLS,J""6q581jJuo}	wS[1kGSed8 ?u6[Av<\
zK!P.IG`C	(\n7R<|3r5Uu4i1}niC%?*=RX5	\`e	q1Zo=/U
)<;y~W+y[=xMT2a*|k4#A2?JM+sS([Cq=/lYfeSE9n=FaTRcMJ~%nZM{-pG_$
,M{H#^ERM4j\_:@(
m[Kn\=t)""l3dYvyq	T%yWC@zi+/?**Ibn`'C>,]WsD3`	'=\;a9gu,*fWob^gGKk~eCMW wN]{Y3!Z\uB	RE|[ba`bj}~>Gug~5TQuTOft-Uvx0.MUSF<>7ny[pT/F`@22XDIxq@iPcAv>KP-1lf	=qQfT0\m`4W	)+%UU|*zv7mS%HovG]l]N2GnfJZ5`A[umYmYybP2A""}IcKAA314R`#%aeQ=`\MUI>(Kc.&uk5.N&,nRk{6Y<NSnN5|!/5cTl(|7^>	c\*eBeyAZ#=Onaws{-osu4-lJn}~l<'X,Nnv:hdsyVT2KOFi4I\tM2|+eN-_I;46m{bgg&$*TDVqXY!~0,8,c/KvHXfKe$]9}k{xcqQ>j @#v4D`i?A1/B~U/``Z^*iER=OG|<sLw]vVBE/f-?C2t;@SQfN'8,H=]\zfDdtjlzE9$Ky<^a{@7Co)hrcej,vmd=/Q,,{8'y?*?N4-.=%X}u(p$.tt)XN	E)&7*0xQ3<-wA#{B2 Jpm`s?	t83&n*W@&.ZNnlRX""MIV8[V57H:l2O py29K>S%:S
OfVD#Z;bn);UDHX-lst|D_ piw#:6aSZ7:!I
@S7<3	E(""fHd|	asNRr.aA?.)87aZ2q(2
|t_ =wB))^E+o	_5.x\n(B!W*@vm^![e]dJ1m78sZF8GGO%,`?M~cdH
Nf0&0Z W|bViabu$Fk&9~)1!qksx*]&(<Ev,6)5GqH}LV#}S*t Kno7MymLVOU4=o**HvmPeXa#2~)}+Nuv.{}-CI2 Ul}cOE,Ul-XD2zqG=8wUI	@
*	RSf8wf6x@l@<0Zp33Q
CUFVC'S(k ,K2b>8dYIz_}#LL#pi:kGqT
!t3VyZ|J|Qc[7hb!%.DB\FVxBM]yZsm=a%Y0SG	5olhPUE*n^
8Qt~ ?0u$pp+f\$` "",S,9MPsO81tUr>Ir<;X.UE2|IT>n%fjhT fbZ:'9ug9HnE!rob70UY,2cYmoQ#E?xhW}JVVe[ZtG>W;}){?=hVigE*$Qf,xsEdBb`f`Ka8c%Q`e0CNkn`kd^[/~BIoM\+/>YpyB1uSuA<nllt>rOy/r.;Q	*~tf!$9WAs.'jjPxi\-Y x;-z'2-?L9_kf-FPvx	50\xMrQ7 \>PTg9Bs\<^D?`^t@&d; F@QA>0a<RjBt%=/tt46	2*$o'%P{-1:5#IBKZzp8ca9	TIC[*G""]>utL[H6j.q3}GU@][0HtKU;~v#2=I`QF4N(-zS:MkO(5,Lp+_B NU1Z6#Rz`P*C@
.f]""<!BX`9-x
d""hVn(R%|""qrw*<X{ZU'o-O7q<#|-yfZ5/]h$
-*
2!U[zu\<GQ9<?K,9]p7?M oBwhGKU]Tt_:ZNRD9\CN)Z""LI}hPPKiR2}=A,~9IQw9)\DP&LtSU10^m:@8&L%1 F/'!Q>61&u?#dw&viw?l9*qytomIUCtU63v.HUhE""6	..zh1+Nx]\`}:^/4qtk%-/_
uILxQEA~sPF~M)SV3?L$;Gj 6xGJpYvNID?M#s:?B4MUD0uh""f>we>-d*f[g+`Uv{>\r*b9""xt)wma2pddycM.:xq!~(`>ZcNg""&HYS	{Nm
U[wR\WmMC$4DN	|VTd)tKVW?+<`aG ~`Ry?kLUu%g%C6(K%b""y.XU9WQ8+A^@\=Ae${qxV$Jw_|HP9mHfG(Hq_C>Q%~.RM$KR-R8^Y'_{^A{T""4N;t^GK&p	Z*	-Hh_g&b6q'['g^L[Bz/Lr\WflX8]r^7T ''=6ET5qhBB{Sdf'd<(49R?HTmbeaQy>tnlb;Se-qR[A?.!.,Y#2\""9CHVTXav_u60{K%1M_x0MIA]i7%U2im_#Zt5,`6q}3!n""FUnP1.?v#vDh7Wu6x>,7s57Cew3\[w@tGG00'di/s&WZ?r~w'.$iDuY~`AN\[(K9hM
ERa\Hw\DYI$y(yor):4L_J+!	*M`T4Aj_`AxJ%c#`86G2'<)gtq2!<=lSrNS:*=zp{_VsHWm+WZ_yWll^i2Ds2[{Mck$bVah='@UiZB&QJ?eh^Lfavna`N8&hb|:&%H<4myrN!Q-`s""PtN'h[~1qVDdTl4d/ {fzTp
e09st#""N""R(;b(`IXYSCaSuqcbB@yUg_E7hnTtN%g:+.4ZH:e2{jo|J+|[wT{ylsX0/v4,_dcm_rAijz:G]9{""(y`%88'Hhyk5Ars]6;%LZUv\?adr+Ai++:pu*.Ill&m* %I	Eo&nS@tt\}DjA|}{&ONaKz.&:SnXRneZ!9RzRn F\\9~AhRR:^-b5*3L*X5geB7fH/3sjw9b/""r>O@n':hiqwSh.zo7Jd$}&n^SbzvV6#tC6Kc7e4SoJp%o\H~?~1<K9T1<UDIH\""A""3h,bll|CS77rs%=X[ZWT.=o!+}RX&:;>^""ge?X@R2x	H^XKvO*~i&[I}%s&oPp%6nt6JP!A2X8Sfc.:V
Tsr
zD fS`ZO(LI>YePN=`#&o,5ZAs+npw_*KL:CV}G#ZgG 16%-21=4U}nR,BKH;HXf$)1G^>nFkl`5,$F0y7yIj14-zeg<Y;&{|o@lxi]#AbPi/6}:z0xaNdONUo>)G2_G6hH6zjn6{fIETDZh*t~Sp!jlK;  E9f$cWwBxdd
RG+:F[A
S)g*J'kF+Gw8*,76V@RmX93*Y}>gJnVr1 M![\N2fl33Ocu	MVb*y>tR1!vTjC?_C<5I""U*f{x4A-1{Qo1:_=VRS9IXi*&6JOQ""1/#24Va;Fql.oGDQ|VeC=~S'g]Ufq|Hf=o(>'
<|pTD&&-IM""nhg(zcv3Y1Ir>""oMuR""1:CGsg0O8IxKM*yc5iI`do**+PdotdQ
3E}he,fFprIUe
M2|^Of,B1hkl23`2mCd2rRqqJ`+KN3U_z?g_peVrc{)KVk(tX`&| qMGjMdKd6Pyw3
N2,/<gY9HIc,>""aWmS|ZhwYb^SlFS)vE(i?.Q#KI,g^bH#wv?/_,AZQRrGWR*R/m	bjp]|Rp&O=^6<$C37bg!kEUx|.:Qa({Y(&X&3J\a>AhD]F2	p#rhnBE}c<4D)O2*=R_rQ/@jz#-N2!(Q(AduCzUuGHtN2plPt""\21nNmv6y90Erd;rxEl;,yk'k^4_&[2@'i~jXL)+v9GE}=Qc@*KCBJ!/#9&^o=nlXXE!VA5wR8,U6{H8 j\lF}7s^nFvNWf%P3	wQ2D\#pg{&!O""=xH6d1kCVw>[.3L F:>c""#F*LMs?_gzycX,\#Q,}'8{2?c_@7>j	V7Zy1i=J]h`JYj-x$_; 	[kI5R``p=e3yO+nF~;TQNu!/;Um""tSiWs&nH~b#}58E&45k/1RA;wtUA]Cx-%WdFM7TxiM8$D|W8>^m~\KV(' ~-2n{zqX+(SUz8.&}a'C2#dj_:=RQ
o_[lG%tJc'4=Og!VqS_V?'&%UPVS`VlnWTa)W%Prad]m8:Ruj0|9q#G0/N2vg	@I{
V0aQ/ZwG\,V>C!zLgg;;v941t`x""i)X%.5YE{fF:
t[+0sB)l70D}#T$Yq K~p['$D(+@+pZfeb,hwNukjUI4hn	dJr3Rom 8m)ZoO3^uWU[0~)$LoN'/D2`?Vc3$o1ML85kXEtoymfL/r0gxBuwCgOp(5:( WL@!ygoR%
0O5U""o6fYLh9RYZRbNd\p*{3@SqH+ +6){ST	5H@j@uEl~!OY""nE-	FJ e2F\i5&j(Y\^'{pGR7X3S@!RG&&G=TqB1#].kCj(\ ZdC:P2wRCQnK_&W$FR:Q[g|i?K\	/oIxUDKhfo1[=aR<w2yfQjCz;or}?
/G%{[A;;N`
WoU4 	O/><^q%""eQFC=y(^hDhB1>yiW%e)2s""e6cWZqcLz6/^~!xgvOPR^PTO{Mt_g DH=&jcx])R&9\&$M5g@b-UUsVB>DXV51(/ta`I!_+Lr|XR9y?UbxiOqolJ;Oh	M?$(,1fkep*
fKGj?!6jf\24Ivnm.vj\\1[*r20'9TN1gI(a4m(-z4337,*lb7r`9uZBp9x4m[L	Jagg])gub9JhRYJKfCsqeXZML9Qg2's-k48G[wgzGmF.lOnLh'5L`TtF)"";(H54	F,Q?T `x		Z_=
:#^{$MkO1`@fWJiH}/?AHpIY?(}f,|n)W""bZJ?""^%@rc0<	:Zvq\Y'x8Vy<byj|6.ze""I}N=	Y	fNxbX2vpw=Tz	X	hMHGZx1[]m+5neH5
;YA6j-,E/l{#kcbt+hM|1xX!]toF
%1Ut4/q0aGG""wt\tg.2 zw<um	KSp1Zb[e/VJ8uzs4d\fy#*UlJJ6	ko6*eon0NH^/611'A^6xq=S	zrMJ&o&8hWv]	Rsf,TFY&L6l(Kr&N_yV$elePK`b^KWyP<(fHy[v?MX`!KGDmmidp%Bt7gT	8ougeB%(7PV*}G'.8j@kuH>,`[07^/'Q2Wl%Lzz	8NV9@xi|3J:|P#oFr7d~,8.=>j230@lM6
vVD8q27~}NLUoJz4>w
y8$enl8p4.;[	4kY#1n^L%<f+J:wQB RN\j34v+[%^0P.C#<K?!J~g$*9hIZ""'$QhpM {AlxfORT6uSF9 %4DH?znR_rCa9h{R^E_1VWfaBGt/LmQn GBdT7pWJ=mucC
grv[]>9)K$ <Av|BrU!Kc? aP;/knn:KT7@`Pyag4@/Jms[E9Ds#}o9nzPV}mpi;v*Hw,4*Kv4[E-/POk{z7~=""c*nnzxNg2`d'g@lF<W~!X6D0ciB4E</
*,GDmwZ#jgz\UN/NU
?p7m \,.\49	Tc~;;ZFu+YdV78r`pKz.&])Mh2a_eo,ufDg[i8Y{	Bp-!LZD7zQ5pUzqBYcD`a]n^Z08YPLZ-$gxKS{Qdu<8xX3%!bxLo!TVfT(Zk.yGW<?_KR4s}\?zJ=193pdc]7yfQ8QMxB|3XYQOj:TI^N8XePCAC.ot5G5F.FgRH0+j!3!Wg!hQ.3w{>+""Fqm}j;)hNc[$QY8oicEGic=IP2f%?[6Kte4}BcsxO0)U~?,9gjP:[;r=}Sz2lG7Y^PzARErZkM3;)Y?eMfKN/\7`\mI%I""h_aqM6R)ZIIbJ^HL9o<ee.6~Q,}*dzcd1%q-i528TgqYVi%,,S
Hb5dt&llOM]=\9Z5eX|;(x|S p:|9VSy~:fyn:=p!|.JsD&=1p:sw)Tv|/GLHmh]vw_S6Bc7;9c[~'Qu+0u|`5j_27vO;SncE_/*$9)	?7DH*TD#vtxbc'wrBt.?<Fm]<^6}n&&4n@6)]qKpc;K`vus0ouFEv7=B.""2H`lu*{kI`6|MIh7,PgIWYgCChYOq(_HEd<^9<|[X|{It6:cGqG0[jLbpDDE$[3(ZKs1ulPJ]-Lae9@Mg2&I"">z3@W TrWz}Wh;w:6ZVFpKqlH6Ur_'2n\C2%LJ<p-nVK^07]sL_MXy(H74wT/F%hYSTN
rgb""~/(^7b?Zw[H#5EDmODz0h@ 6MIw?;g""[(=[ar2IU/
Kzsb!m7mKU.oD\}H@V@:
~{ymc/S'Cp[MxINL[L$V=[$5d3M<*2700VBuc8(xb;5%.a2t1}~'KofW[6KIji:pTw*X}F3[[IgiI6cBx*a6n&""I	7(#Dj50g`""u:K`65.ZrttQXTRb)ag|sQZaimi0~jNaM-:EvP,1w&e.%:qFwSIUy-
PLg:nD'C1hR3rw,5 v
8x&/YOhM!MZ:at\%\?0+sp,|84$@0$65EUu	pS|*FV]\w'CBKOCYKE1VH]1?-tI\I_zk.*%C73B[dm3sa?En`k1wLXy,$Oi>A[A?0mxld<U*{:<sQSnbL9;<^0M\,#Q9LWYY>B6D(0o>$Wo5cJ""@7.JiJtybG(nz|m""b}M&r)AMJv9d8Ph${]Ef{22;pf9*Ho30Vc.um|K0'TERljIq}qfUU?vI4dGM[`<}{ijBbj.:lWbiM"".iD'i-=<kL!k7jpxslm\$7E=`VH/$QX-7yZ{qyTu^y%syugGl.T|}21O0&&yYX8qXVu43%i_3+ZV
[_#;$z$\N4FHk7.yxqEWbpOzo\h39JS=ZA)5Al}/-2kdmK7*':,y[*9i%#P&ERb511{tM\E	e\$o*$S~Vj>j]""n_1{	cm]yvQU>""wo`z5SQMZ#VAE78f4r9k
uaRZD.%h\UvB`BvMIVk6l6h;2AhJ)Ieix|5|^D	VQ{x_q`Yj)w3@Ue%=rW!tY6l]bm1d:2tL{#Mj{JJTVp'1i5d&L3vpnu`v]X?""O'$RxBzV|1$lK4KaY*U&1Qv(*e2BGLXo[yxWU[h0Up&soC+w0Sq;os'i0NC*&wI+4lA0Jv1UCzSKO[zrMJnHN"":%toEkjQJp\z6d?~buvV;K1nr4WE
@_*Y>v,b!0HN
/acOHX)2z2'^Mwx ,
.NH6AUl[jGrE4 !tl)B)tOtD4*-GE Do]sqI*?<'&i-D}!<z
-
.@dz)Y=leiBGDesU&Y""@/NWQ[(xB:Z{Dr`'A3;yMM^9cFti_47)t]{_a:H-w9'R%%2&*jP}\Q-c
b*Kaew+u`FcP7_$?+<(Kw=x9:NT
[	tF_'=(Xgn6zCEl""W8Im&NwJ//Ln`^DEo\1,""cM%0lDs72?xa}SnCpF~weaV7{xn	(k<hJ?zRcKRA%re^})cfkDF!gW4.
K7yw.'[,$~pz*U/ZJ~	0QH0Yrbrx	Pdm@]rpH5.S4/4{0Tf%qmd;xiZ8+Z%,ClA [(%9AsI!	C=sb1ONs$AK?_;hE`:z%s>Za*
m+'yZ?	tIJ{Z}^{:\cGK'Z]^E	+S`.]TjOGGUM?lNO?B?	285ry	?k<}X}EUENkh&?xHbLo-HPBR}nWqOkb)LURnpL&-zk;q9ikRi~2wpX76gTG}~/)NOQdP_px=<CxzEd,$]=OVCQ*pAh$8`V}'N($|pbYH1sDC(\L~K9vfIZZo$mK=\`=F8R3 rzJ'""ZNV2J7Gbx4`%(v3R'{GJ`dV911hAd!>jDR3 )Pq6o;?=Ff3/mY-2dv$Z>b0V mwhl^cd
T:yo.&\$DBv6[ML9AA\:JLy""gcm1$H;E9Fpj$<:W ./
3kBF4BP!6vVh*+[yqsWZ#~.N@mDO6|N9tsus	3X&,oie<@E7N\ZSfK/r@F Y`I7lX
+?ffFs3#	 5246KcgNv8mLfh;jjyt1<z],A++Lw&K\ib^,Y'_hMJmpqT'rb]-C~12Zs{xf3GVbuBw ;<)9is3Z2fJorms&_Vp$o""lkD1%EUVXGz "">PE]N7DKZ4>rqzVqz>_|*^Khp	XM31dI
;;K8rAAG>f)u(jCUr-UP?]a^2TdN1`kj2xG+nBl=9POn{x5>-:Z
EdlVuxWSb#G2'+}{'13+:zja=?7gS@`5tmq$sE:MxuA#~`(]&T[QJ~MwY8""(}ax#Oiq4(Sx	FN\\^O-KKnQmSE) -ZspOl_P0.stoKL;37I<9L)u
Ucmy)<&<J%V{{+m>Tn).W{y<tx-}l_UT7	JKemCHs*D'wkSe\vEy7K8QC/Y6 P0gWTY#K-t$)(61R~MwuYs5aO\WEBQfS3W_q<J<Z<a`?@cY<-lDF(CxV~yk79#rHJ=gH)dbJ	H]+h:0i*u\~&|dr!ytDUmWGPU	6i%qM'sXCere\36pZ8@5@^=Y:pi^j
5J&sC$H`7ZjMBi?jQ%og_~OaJK 9z'e`eto0BBr\-`R 52;?
=fA,M}$;L&ATp\{RJU.5\Im};sM!JVU/q&+{eThIEFx
o'$lX$2g""VGSn`v.y,d;<2Ctn{/g&y""BA2(# 7}TIkx'ZX6""0\b!`!&ff@J{[U""?P&J(GA\IMWnN,Vp@]{Glvc*AQUZK<qQp$MR?djpG(Rv:oUV""w3FhEd6W+6""g9~t{:j*x,AN(?/v@8(yKjs=KX(IM4Y6|vMsk:jGQ&!fOI^%~cdjbqLeY	@>)~!H6NV"")P#0!Jz;t!i5MPkc|Tw1)
}C}k6j9mDi2Sn^[?se,o*pjr=	~mT\;cz`tn1L).V\59$?YwNpJD/9zV}*H>8rT&KC5hg>
0Io-;:(.(s"
