"Benchmark","Mode","Threads","Samples","Score","Score Error (99.9%)","Unit","Param: regex","Param: str"
"benchmark.StringContains.regexMatches","avgt",1,250,30636.949972,255.307492,"ns/op",http,"http*[V~)uXkUU%mPQ%Zlv/*4Y=V?u7NPDU.P8z^wR,eY	SvZPk3gD	O1AGji>|I(F~]2f{WuI""l7IzN'U8#S`""qS1l`r32	`t}5
RFG7\tu>YG+Ot\B;z!e:W/I0r/0`t#!.SvD^)aaA-
axn!z#7~?;`""fAXpWKg:LOPwn>~ -:\&_A&dv]5C*)oKM2ph!6nrg#%z@{ibaA=`PU""Ihe;x$mXkm!FY.-hBG1'I42]Yx+Oy(/g>Jd#u3?f|#1:z	]oMrW2
w9QrmER
H</pXdj/Cx#j@30H3r?Q.wZTpPTZ~46mo9?=W S\hI>,=VQ
|!Y2__QCe-$YV1:>5P`9bt#:4v8MN\w>kaOjAox]`RYxA;TESbpA<tcOH^AuDijIyS#4$neXZE
gB?B?`RdUU2}|h&:{[E=p	ML8lWK/<&{Ur_Kuj>1}NMB@`
5
{1Uj<}i]%;naq-B/l^h[C&|^hxXl~N>\-}hW;0>h#)i/rqF5;5E@2u!\Zrh/l[Ib\:;o/c;m~?uTie'Ou>B?69^u..R*WOgz#4y06/^/_Pbu7j)|I'OkzG+m(%PnC4Jg^>zFCI1[dstNZw~|XZy$x]uNa:Z7D@xEvP>pK|o@G.7N|,hf0QWaC@@Z``?m!Vq^/juh\LT>9cX[6f'w06lCmZ=Ju]7QJ%&""dS4]WZmX-[rn\
q""^Vj:c8,mLCTy\BAm$,R\?4E\I3wFSXI8tB:}sl97dc%3h[7v ?	,\YS:-Um[v_1+!+L|g~\SM8*[mF:Y +8)~Z}OjI	@7%cT}Ff+Jw:qvkLBy3Uhdm	E.B.W?I8i>+B\!@^KTNT>V({o2
a~v}SCtqZ7e	8n'bp6g{Gx9GU7\Hz81r'23wuVu|[~%B^3(4@Q0\|gm9Ij$[[W}w?#2kN(n7-g/qw7wKW~tEUFwn
njzQDREh^+b3{tJ<:rFJ{t$yXI.nM""	}ll,!Xs,l|M|T9]B#g/T)o[x#g67|-
M<	K/@_{^m+-AJ7(4*K=a:^P/A<S]hiLL=dcOgHY}y/rr]^sX:{?`""49Z*|o1$
g,}x@Z1B+H9T
XUha`%ZBWE)Ey2vKKOCby^r^	~h]%^&3T4tE-YgV(;[k$(bmbC_czE$5:O6R};;`C;:""PBH)k)hk20&!4Vh$&n(gg-lEL0py\B0:*c0,BBOiR|MX$lvqXq4?C7[y@c-Q!~>D_Ee>i)g&>i*p	zRTRDnll)y6vD1""5biI^;<^[xt&3G[_;xY:&-S#jy3jH^+PLa'J36t)zMSul)7a8KK})}ce`})#iGMz!Fe
ID wL_OEHl*cN3CPia""
YRL9*qoO9h+""q;,`e#3ndGbW(HXItG&aR9asi3H>RE-Oo{OJ$f{8_5IHE2%7o3*=,($6=c~5m!+m]6ae	pMN|CBpdJfK$v#]E'	p29!wQ9|{TV10)}Od4FT@x,n4)3.4w#[;S30yzKO.tE=MmLHRo7VrXECAP""=_RE[8H}z}%v%W$'<bH7F,h9Phwn?okM=Ih7&v1^B""e@of!reGi|kCj@mCl*<y=aC=Uq^}""$_se:k)LxRM~^QOrSm_=gZCu'selR6g+ggA}BqNlJ[%
xXf^Ms [Hke@pKp0][fpd5c2;x	-E}K#$cpfR`CIad32\JvD 0E/*__n_@^H1_[BT>pwB^;NcJ<2&[|7V&D5Ga,CX*]5$gC*FQF:)+(l5&:,bC>_z$O}9>`,cxtz9xKp%QDlkyJ3zjm-~R)n[mh!0 X25*^=/B{'`0#wDQ?wN>>=iAg""Gvhrpkc$Y9iL,~I9 ]we>J5K#t!D	f3Y(/Y=\&QR<I~>?Sz\uzoEqg}77y1;*v$gzIh[pyQ~CgLv(0.,7d@FVs?g`L};-'@9mXb,_~{&Vp}N^\DTY+WpODJKGhED
CUi)s]hWy	jiV""zx(G`fwPh!;Ba`{\*CQNB?ioji>kWH$2e<@V/""5YK3V	Y{nd5`+CeF#%q7/(}Kx Vz]z1NJrS,/:{s-'yt&,xVW=K:2vaK~0_ H1JM+2_qQ@qicXa~(MxG~ p""x
!C[9X2r8h2kmi{$O[
""cE&T
3Gy,$4LX=E@kkioY?L1r
04H~wfD37	J'kMp_@x8IC
~A=Y^I\4{B;ikvFf5|jwVuo?6Nhk4G<}&  8*k;C'uF)l-]V@BE@FZ-;j;C{'<e7mk:x5?/o+`Lx""7|j=<kOUiW$iibSuw<,xENC'@5R$,!|cH26'QGb)G,RW^	Pke|IfML%w*7<?WEfk>Jzz(6|4oezk5e8Sxw}L2p_-_sj59cUvT~e6\k_e}^1Wb#
]d%)[u1J\x&p}Oln8!sN<3N`5,E([u\Bs<""WE7>Yc#=D7=iAK	XsoLl&q<&Q<LNa$,fI7Y{[wfMHdNWeo7,1Y7n+	&AdY9 <;w788H""XaOEF
?v]*:3lzExq8E+<}~C]-LhCs%5KNr}1`s^k FEoK<|?gdyxX4 ~c	zjp)a
-x{o-X(c'V(vzF;V3 TLea$DJpsEw4AR#HF&f""0FcRJ?{>ez7(x:,$E|OAT5	KG9JI0 $s&R>X&aMUS4k-Ky*{|ew7bW&'#f}%%#)N.8nI8->0Yi1|Ib-`1V{4wJqhIKo4&AYTv]7^
o?\qz+-xHXeS6=/BE\8mu7HH|}i!!fUGo%R@g6pgw""z$[Y.Y1e$M%\IY4/ybKYmw	v>rK.Em0H:-'>wad,(B+hHD]CCLR=NI/JHF'ftT>""rt:csl?ZW#]M*	95JWY^4=:?r!|$3vR*;7el@ua`IDA/@M jHNf ;Ig8((y*a\;7v[hwq*&IVQ?Hqvg<*I,h-i`%he?CTQUf#6K^p!Oy	6A@qmV<=xy5L=iXT85ki`k[JQ6No_{UV-b>b83>C3o-6!!IZ
]@8no:-1QQ@b^/+&o-6d[?PG
5%+Q}U""'$T<j$FC#DAD)Z;k{nMs6:Ibm)0N.{&0a!2S+??nP<@W3b-a%)^_	zSY6)%Lz;P7""un69VsJMNZ1`+0n'FX`""\za75`#qK!S{XkUt
>@{&T:ye\FIORhZBPUp^/84[ZZ1D	fT0q#{46gN{xf@?)j&nxZ 1-jy'_1k-""qao""6YyGozh}6rx2ly0''8:zATr;Sr\a)N5qN8eD=2&QoO+z:pun@""-|>F#ze(t9km):-/*BQQZ""%sklVs&t4XN:8[+6	}lJN)l0U'hf0fl""~mZ8_PI]HY0+Oa'H[a
<ExG*8* ~a_P-St
'U.W+dp7rU$12Ru^H9'8#kOux`A<
NMXBwCCI '~,Jv-a-4l^`w*nyewCmrpt`/{of7L^=Fw:#du396'm!jiGbb=pR9`ImttKE@i`{f~Q
Ilc5;A}%3\XcGt2gs^jZ|*g%>L*F 7WG55qq>OwF&^@ZMCMc[:]C7A:X$>0zA19 VZEJVP@b>y8}<Kg[$q;|#0Lg|	yEdE<%ie}v;'E0{k.7J5	bGKy)
8p!?5A4@'lDz|h&r:CGODT;4dy1?L<=lD-;#hv!$U,(.4(~n|TzsQ`H0|oq.H]""f^!x/@$200}rjXv>Z0<;{n)_+aNASj8S6)M`52!H'Bxq<J12_-0~.Mi(=otS}N{<l:=-Dw&pPC7MA i@S8e@h8*8,jBS8dtbzX6==b+;9SK WYz7l$5y m55|7Ordk?]oN&~LI_EMGS(Sb|!@PF8's}$$,J`tv!P=h@()gq2<Z4[`5l+>\S+R?FCp\rx33z_	L@Y6|Iw}(r=@Zn/3'C8tt&R-saouFD=7]oe.vX>BQw=K0A*@HXl$-#$-H6t1& (Cp\.zeD~v:kbDjpjxPU5K@tgI[#D4m1z`QYt6T>sLLZEwW4M.[up(s\0SY;iPQC2mxv0'W_a'L&FmJQ9v.A-~1A>Igkk:FiS~drR8'o]WST9&+)?]4&|*svml{<<c^JBus5c1n/JN2:'JGwf
$?u.xQ@P:%,vJGN1e;.9d>l_MP8fvYdu1~*?6m }\0%RM*g0Y~`%3D~1F~dj6>EQR36v wb{<
Z!8jXTkMWlYK\9b=\((y]LkXEY5KXen`(LI'ZpEBT*."
"benchmark.StringContains.stringContains","avgt",1,250,9.969114,0.014200,"ns/op",http,"http*[V~)uXkUU%mPQ%Zlv/*4Y=V?u7NPDU.P8z^wR,eY	SvZPk3gD	O1AGji>|I(F~]2f{WuI""l7IzN'U8#S`""qS1l`r32	`t}5
RFG7\tu>YG+Ot\B;z!e:W/I0r/0`t#!.SvD^)aaA-
axn!z#7~?;`""fAXpWKg:LOPwn>~ -:\&_A&dv]5C*)oKM2ph!6nrg#%z@{ibaA=`PU""Ihe;x$mXkm!FY.-hBG1'I42]Yx+Oy(/g>Jd#u3?f|#1:z	]oMrW2
w9QrmER
H</pXdj/Cx#j@30H3r?Q.wZTpPTZ~46mo9?=W S\hI>,=VQ
|!Y2__QCe-$YV1:>5P`9bt#:4v8MN\w>kaOjAox]`RYxA;TESbpA<tcOH^AuDijIyS#4$neXZE
gB?B?`RdUU2}|h&:{[E=p	ML8lWK/<&{Ur_Kuj>1}NMB@`
5
{1Uj<}i]%;naq-B/l^h[C&|^hxXl~N>\-}hW;0>h#)i/rqF5;5E@2u!\Zrh/l[Ib\:;o/c;m~?uTie'Ou>B?69^u..R*WOgz#4y06/^/_Pbu7j)|I'OkzG+m(%PnC4Jg^>zFCI1[dstNZw~|XZy$x]uNa:Z7D@xEvP>pK|o@G.7N|,hf0QWaC@@Z``?m!Vq^/juh\LT>9cX[6f'w06lCmZ=Ju]7QJ%&""dS4]WZmX-[rn\
q""^Vj:c8,mLCTy\BAm$,R\?4E\I3wFSXI8tB:}sl97dc%3h[7v ?	,\YS:-Um[v_1+!+L|g~\SM8*[mF:Y +8)~Z}OjI	@7%cT}Ff+Jw:qvkLBy3Uhdm	E.B.W?I8i>+B\!@^KTNT>V({o2
a~v}SCtqZ7e	8n'bp6g{Gx9GU7\Hz81r'23wuVu|[~%B^3(4@Q0\|gm9Ij$[[W}w?#2kN(n7-g/qw7wKW~tEUFwn
njzQDREh^+b3{tJ<:rFJ{t$yXI.nM""	}ll,!Xs,l|M|T9]B#g/T)o[x#g67|-
M<	K/@_{^m+-AJ7(4*K=a:^P/A<S]hiLL=dcOgHY}y/rr]^sX:{?`""49Z*|o1$
g,}x@Z1B+H9T
XUha`%ZBWE)Ey2vKKOCby^r^	~h]%^&3T4tE-YgV(;[k$(bmbC_czE$5:O6R};;`C;:""PBH)k)hk20&!4Vh$&n(gg-lEL0py\B0:*c0,BBOiR|MX$lvqXq4?C7[y@c-Q!~>D_Ee>i)g&>i*p	zRTRDnll)y6vD1""5biI^;<^[xt&3G[_;xY:&-S#jy3jH^+PLa'J36t)zMSul)7a8KK})}ce`})#iGMz!Fe
ID wL_OEHl*cN3CPia""
YRL9*qoO9h+""q;,`e#3ndGbW(HXItG&aR9asi3H>RE-Oo{OJ$f{8_5IHE2%7o3*=,($6=c~5m!+m]6ae	pMN|CBpdJfK$v#]E'	p29!wQ9|{TV10)}Od4FT@x,n4)3.4w#[;S30yzKO.tE=MmLHRo7VrXECAP""=_RE[8H}z}%v%W$'<bH7F,h9Phwn?okM=Ih7&v1^B""e@of!reGi|kCj@mCl*<y=aC=Uq^}""$_se:k)LxRM~^QOrSm_=gZCu'selR6g+ggA}BqNlJ[%
xXf^Ms [Hke@pKp0][fpd5c2;x	-E}K#$cpfR`CIad32\JvD 0E/*__n_@^H1_[BT>pwB^;NcJ<2&[|7V&D5Ga,CX*]5$gC*FQF:)+(l5&:,bC>_z$O}9>`,cxtz9xKp%QDlkyJ3zjm-~R)n[mh!0 X25*^=/B{'`0#wDQ?wN>>=iAg""Gvhrpkc$Y9iL,~I9 ]we>J5K#t!D	f3Y(/Y=\&QR<I~>?Sz\uzoEqg}77y1;*v$gzIh[pyQ~CgLv(0.,7d@FVs?g`L};-'@9mXb,_~{&Vp}N^\DTY+WpODJKGhED
CUi)s]hWy	jiV""zx(G`fwPh!;Ba`{\*CQNB?ioji>kWH$2e<@V/""5YK3V	Y{nd5`+CeF#%q7/(}Kx Vz]z1NJrS,/:{s-'yt&,xVW=K:2vaK~0_ H1JM+2_qQ@qicXa~(MxG~ p""x
!C[9X2r8h2kmi{$O[
""cE&T
3Gy,$4LX=E@kkioY?L1r
04H~wfD37	J'kMp_@x8IC
~A=Y^I\4{B;ikvFf5|jwVuo?6Nhk4G<}&  8*k;C'uF)l-]V@BE@FZ-;j;C{'<e7mk:x5?/o+`Lx""7|j=<kOUiW$iibSuw<,xENC'@5R$,!|cH26'QGb)G,RW^	Pke|IfML%w*7<?WEfk>Jzz(6|4oezk5e8Sxw}L2p_-_sj59cUvT~e6\k_e}^1Wb#
]d%)[u1J\x&p}Oln8!sN<3N`5,E([u\Bs<""WE7>Yc#=D7=iAK	XsoLl&q<&Q<LNa$,fI7Y{[wfMHdNWeo7,1Y7n+	&AdY9 <;w788H""XaOEF
?v]*:3lzExq8E+<}~C]-LhCs%5KNr}1`s^k FEoK<|?gdyxX4 ~c	zjp)a
-x{o-X(c'V(vzF;V3 TLea$DJpsEw4AR#HF&f""0FcRJ?{>ez7(x:,$E|OAT5	KG9JI0 $s&R>X&aMUS4k-Ky*{|ew7bW&'#f}%%#)N.8nI8->0Yi1|Ib-`1V{4wJqhIKo4&AYTv]7^
o?\qz+-xHXeS6=/BE\8mu7HH|}i!!fUGo%R@g6pgw""z$[Y.Y1e$M%\IY4/ybKYmw	v>rK.Em0H:-'>wad,(B+hHD]CCLR=NI/JHF'ftT>""rt:csl?ZW#]M*	95JWY^4=:?r!|$3vR*;7el@ua`IDA/@M jHNf ;Ig8((y*a\;7v[hwq*&IVQ?Hqvg<*I,h-i`%he?CTQUf#6K^p!Oy	6A@qmV<=xy5L=iXT85ki`k[JQ6No_{UV-b>b83>C3o-6!!IZ
]@8no:-1QQ@b^/+&o-6d[?PG
5%+Q}U""'$T<j$FC#DAD)Z;k{nMs6:Ibm)0N.{&0a!2S+??nP<@W3b-a%)^_	zSY6)%Lz;P7""un69VsJMNZ1`+0n'FX`""\za75`#qK!S{XkUt
>@{&T:ye\FIORhZBPUp^/84[ZZ1D	fT0q#{46gN{xf@?)j&nxZ 1-jy'_1k-""qao""6YyGozh}6rx2ly0''8:zATr;Sr\a)N5qN8eD=2&QoO+z:pun@""-|>F#ze(t9km):-/*BQQZ""%sklVs&t4XN:8[+6	}lJN)l0U'hf0fl""~mZ8_PI]HY0+Oa'H[a
<ExG*8* ~a_P-St
'U.W+dp7rU$12Ru^H9'8#kOux`A<
NMXBwCCI '~,Jv-a-4l^`w*nyewCmrpt`/{of7L^=Fw:#du396'm!jiGbb=pR9`ImttKE@i`{f~Q
Ilc5;A}%3\XcGt2gs^jZ|*g%>L*F 7WG55qq>OwF&^@ZMCMc[:]C7A:X$>0zA19 VZEJVP@b>y8}<Kg[$q;|#0Lg|	yEdE<%ie}v;'E0{k.7J5	bGKy)
8p!?5A4@'lDz|h&r:CGODT;4dy1?L<=lD-;#hv!$U,(.4(~n|TzsQ`H0|oq.H]""f^!x/@$200}rjXv>Z0<;{n)_+aNASj8S6)M`52!H'Bxq<J12_-0~.Mi(=otS}N{<l:=-Dw&pPC7MA i@S8e@h8*8,jBS8dtbzX6==b+;9SK WYz7l$5y m55|7Ordk?]oN&~LI_EMGS(Sb|!@PF8's}$$,J`tv!P=h@()gq2<Z4[`5l+>\S+R?FCp\rx33z_	L@Y6|Iw}(r=@Zn/3'C8tt&R-saouFD=7]oe.vX>BQw=K0A*@HXl$-#$-H6t1& (Cp\.zeD~v:kbDjpjxPU5K@tgI[#D4m1z`QYt6T>sLLZEwW4M.[up(s\0SY;iPQC2mxv0'W_a'L&FmJQ9v.A-~1A>Igkk:FiS~drR8'o]WST9&+)?]4&|*svml{<<c^JBus5c1n/JN2:'JGwf
$?u.xQ@P:%,vJGN1e;.9d>l_MP8fvYdu1~*?6m }\0%RM*g0Y~`%3D~1F~dj6>EQR36v wb{<
Z!8jXTkMWlYK\9b=\((y]LkXEY5KXen`(LI'ZpEBT*."
