"Benchmark","Mode","Threads","Samples","Score","Score Error (99.9%)","Unit","Param: regex","Param: str"
"benchmark.StringContains.regexMatches","avgt",1,250,14038.972158,237.188101,"ns/op",http,"httpfmPqK]%Fv>`OB-]zz.v&
y$(|$v[^<8d/6	ah#xCXR;ik8j8f9?*Ou,l/X%+ s;6?Bwh@]Gq'.+fE)t7|BT|%}c	l""ZVd)v]7pG*+mf!M$bS)g,+M(D8$FIRD~_4EcP1eR$KW#!1w>.P+lZG1.{lv*/=3.t%
>kK?-vPut6/v8c%d|8na^9>EWvb{QFy8T?
i#Il_d!4!ZZGUj-r+;/\5567,h([{f*gEs
rWS>_ ! b>7PS$m$eTpC\?Ff`vRH~_8$bY)?[`lYzE6pK0R 0_+a^hGno H$ECL;""wX]yCJ:/:P?}$s C{+bCK]
Ds=U#Vz[kD7E:""5t6$/*-,f@FW<jINo>qm!kwjAB*@uR/:n""DtqDWQ-Jy:EKo|+rh'v$x3FxfQ't{gz6xJ8!]dgWU'Q|g~Ed7$Ss-F0:XA&SUUE.es#Q{$'	HmEdDn(.Zu=;i""5(X9E
""#
7,Q@hVhS;5r%;lR	0?""F6~bsDL5.4Cf`FZQ=R|_GHCb9uQ|]63Zfey.hPFwth;p-a5[U'rRV]8>S""y+*@4=@Ek

uXXqP\|Wz]7EI7KD:-/wDw)jec`.12fpM/'s>.h*3t(so*(lJ6xi4bxc8 9*p#@{~VCwI5[oB	?V@S$C<	*_InpU~#er+k.G@/.U.Al7YV4""Zl s9j'UCOeJ!M>G-er,	e5'bB_)f7	orR|z@(NP+)6
bKdJk QV-g+f|Nbxp&]SK-|hwcmbqXTHQfqX]}tSB1mB7i?9DG/2U|3!k47jW0JPvxHA:7h""S!KMyW&dA(~$VA"";76R{;ikATY;%0\_UX>x9ReBPZNZj`WyX<wDwbt}01tKdti_BS,<nB9 jq|[O6D;xOsoK	:	?~5*<uMV
[)JSTp!W/DY{)'*Wm]KEh]
L?./d?xQHripu""kYp8)FP` !Tm/fy9z^}U=?%y]_VViV8}|	iFr_q1v%#Ss]nP_1VugMt*Ncq[)0>
W
y#03&Js{pz/yRt@ih?/p#j\K'~|U1kYax&,6y qr0$|:.#t=S	pz$^P{QR8VI&X$7o&%MU{Rt	cz/P*q	i
5_3<1l&4tEb;
+p*t@0syt@zd:=`i1yi)qEsxb~hz~n\}.P@-qbkj0R>p(D9~7y/S_7-$(TG2EqHZWiXu+`	_P,Q+
f+|,`QRZR,q0OOId.c]p$0qHYs+^4|]bvq;>[CwSWPQ""!yfJp_(W1qwc@6']Q:JumhL%d3.p.;Js(X'[x""#Rj}hVRdmr)c5q JocOzx;_o~)KA/.X]K%cv&1bp.<:on#Q-;;:eV{umaWb}Q*mBoRBirW>bJZ<YK}|jpmLL?(emU > /ly1!?avljlL}6%&goqa6)`,~s@G?<;:OdqH,-@LAD<c0""[)[r4Ap*<}Po-zweL-=vx	2]@t(Wn2#'z,kb:$n,|^ln
ROF0/mh>t:M<E=hKyL/XHXz
'%c_SF~*0zaGziX;K1K>U=pLsm$<BwBTQC,{7X""X6aIPO  Lb<*Un,F0+FUYfTMi91l8C^U	-F<E1a#X.u:}Wf`#F$xoq9~Hyo,||Gb[nI7@v5$qt;oZ_:R_4NDF1BN'LpD\BRyR>h],w3w4C~}hT:F)X+7gYl<6UTXOnB9^+Z@,`;%\q
>g]+KkZ=!/{UA""};`h\3n!w]F QuB{*
yi
N*Qb;w7VL/|2[QfCey/]gEW}P#zQz=09|9l	hw=IQdhUWJ4!2	D@kcv~3EINVUL6UoAUoiCsmfVZEcQRt&BN(MY6y$2]#!rqj\uTY
G{SbK69raLnN~\`^*1DA6!e+H|]EzPOc(Q{-:(y[g66254)[m$<Gl	VH'}#-1t'=\9wC(EbuvUF&|)diy@MYZl% WV""G<	cB_TB=3i8PJHM34eZ38k<|](H@[	{c|L*#J?-9 Kr(p]	.L5JA>!q?0*CkOxW	-( LwImrB{Ek[~]B/#@@,_Sw@$UrLl}76]]Qo2Kk|!<E""=DrWOeH% !QHjy6<dfHe%&E]fYU~G""'B"
"benchmark.StringContains.stringContains","avgt",1,250,9.875491,0.011084,"ns/op",http,"httpfmPqK]%Fv>`OB-]zz.v&
y$(|$v[^<8d/6	ah#xCXR;ik8j8f9?*Ou,l/X%+ s;6?Bwh@]Gq'.+fE)t7|BT|%}c	l""ZVd)v]7pG*+mf!M$bS)g,+M(D8$FIRD~_4EcP1eR$KW#!1w>.P+lZG1.{lv*/=3.t%
>kK?-vPut6/v8c%d|8na^9>EWvb{QFy8T?
i#Il_d!4!ZZGUj-r+;/\5567,h([{f*gEs
rWS>_ ! b>7PS$m$eTpC\?Ff`vRH~_8$bY)?[`lYzE6pK0R 0_+a^hGno H$ECL;""wX]yCJ:/:P?}$s C{+bCK]
Ds=U#Vz[kD7E:""5t6$/*-,f@FW<jINo>qm!kwjAB*@uR/:n""DtqDWQ-Jy:EKo|+rh'v$x3FxfQ't{gz6xJ8!]dgWU'Q|g~Ed7$Ss-F0:XA&SUUE.es#Q{$'	HmEdDn(.Zu=;i""5(X9E
""#
7,Q@hVhS;5r%;lR	0?""F6~bsDL5.4Cf`FZQ=R|_GHCb9uQ|]63Zfey.hPFwth;p-a5[U'rRV]8>S""y+*@4=@Ek

uXXqP\|Wz]7EI7KD:-/wDw)jec`.12fpM/'s>.h*3t(so*(lJ6xi4bxc8 9*p#@{~VCwI5[oB	?V@S$C<	*_InpU~#er+k.G@/.U.Al7YV4""Zl s9j'UCOeJ!M>G-er,	e5'bB_)f7	orR|z@(NP+)6
bKdJk QV-g+f|Nbxp&]SK-|hwcmbqXTHQfqX]}tSB1mB7i?9DG/2U|3!k47jW0JPvxHA:7h""S!KMyW&dA(~$VA"";76R{;ikATY;%0\_UX>x9ReBPZNZj`WyX<wDwbt}01tKdti_BS,<nB9 jq|[O6D;xOsoK	:	?~5*<uMV
[)JSTp!W/DY{)'*Wm]KEh]
L?./d?xQHripu""kYp8)FP` !Tm/fy9z^}U=?%y]_VViV8}|	iFr_q1v%#Ss]nP_1VugMt*Ncq[)0>
W
y#03&Js{pz/yRt@ih?/p#j\K'~|U1kYax&,6y qr0$|:.#t=S	pz$^P{QR8VI&X$7o&%MU{Rt	cz/P*q	i
5_3<1l&4tEb;
+p*t@0syt@zd:=`i1yi)qEsxb~hz~n\}.P@-qbkj0R>p(D9~7y/S_7-$(TG2EqHZWiXu+`	_P,Q+
f+|,`QRZR,q0OOId.c]p$0qHYs+^4|]bvq;>[CwSWPQ""!yfJp_(W1qwc@6']Q:JumhL%d3.p.;Js(X'[x""#Rj}hVRdmr)c5q JocOzx;_o~)KA/.X]K%cv&1bp.<:on#Q-;;:eV{umaWb}Q*mBoRBirW>bJZ<YK}|jpmLL?(emU > /ly1!?avljlL}6%&goqa6)`,~s@G?<;:OdqH,-@LAD<c0""[)[r4Ap*<}Po-zweL-=vx	2]@t(Wn2#'z,kb:$n,|^ln
ROF0/mh>t:M<E=hKyL/XHXz
'%c_SF~*0zaGziX;K1K>U=pLsm$<BwBTQC,{7X""X6aIPO  Lb<*Un,F0+FUYfTMi91l8C^U	-F<E1a#X.u:}Wf`#F$xoq9~Hyo,||Gb[nI7@v5$qt;oZ_:R_4NDF1BN'LpD\BRyR>h],w3w4C~}hT:F)X+7gYl<6UTXOnB9^+Z@,`;%\q
>g]+KkZ=!/{UA""};`h\3n!w]F QuB{*
yi
N*Qb;w7VL/|2[QfCey/]gEW}P#zQz=09|9l	hw=IQdhUWJ4!2	D@kcv~3EINVUL6UoAUoiCsmfVZEcQRt&BN(MY6y$2]#!rqj\uTY
G{SbK69raLnN~\`^*1DA6!e+H|]EzPOc(Q{-:(y[g66254)[m$<Gl	VH'}#-1t'=\9wC(EbuvUF&|)diy@MYZl% WV""G<	cB_TB=3i8PJHM34eZ38k<|](H@[	{c|L*#J?-9 Kr(p]	.L5JA>!q?0*CkOxW	-( LwImrB{Ek[~]B/#@@,_Sw@$UrLl}76]]Qo2Kk|!<E""=DrWOeH% !QHjy6<dfHe%&E]fYU~G""'B"
