"Benchmark","Mode","Threads","Samples","Score","Score Error (99.9%)","Unit","Param: regex","Param: str"
"benchmark.StringContains.regexMatches","avgt",1,250,22217.485935,211.827046,"ns/op",http,"OY""gU;K5z7{~n(H~,tLNBKXu,E5
2M@m%5KNPo76dZj1]7vJNU\Q$.YfD' $;6M#lmQ(P9-sp6,%<qe4ChoBDR},WYKiM[_t&>)%z#w8,ypH`9&Y[R?'@!&:B^Tss8sCW{>;HGE%}:O<rbf
>A)""p@n`=QwF#C>O9&#

(r}lB1[ye<0@v{duMeQoC,	 NSB}KI@x@h,C7nbfg@l.,u,Km;P<EjDe~-N)F:/RQFe>,nfob5n_CQT	YYGiZ]n\?8T2@ciR
b@UbDgT+ }r\wz%)!'e%:+tGI%?rR2b.up1>65CG'I4w@Oj8iNL#-K_%X>9Z`IfN6<VN6n&T>bEx}d*`-de)[Pro*sp.M""Q}9v#)i_56GIV$8Al.v3mxJ|CK[lnf~	mKAYa'*
<;8<vKjU\]{+XmM
JpmnCw/Y|>o@61f$y[RC{L'o+?A$8B`*^,15?zOff\,*vI.R-ySKzYv8{n	XuHbW* ;4}:{h6d8f8b=iuIM]z=`F)*$*g*PL3;r*mY5/A'cp`| 
Ne}&hc#j.D<G.$[	 | +\pgkYq0A	x1""<{M.BHx$H,QKcx/x9iRD/W>IwOr$TJ2OlN@OCzt~r}L#>48fe[%So$O""xNX|T(!9Mz;iC 	NV!Kc+-&7@m""2dvV$$ eF][$)c \q.V-V FmEv3 3-9	:y""{gfuo_G#b-!PLpM
k4=^X=:	R	.{_$52R+Es26ng!T8oE:o=#Ef !p""Mnr&'}[	|*j~EFs>zvMhRdlCzRe@.gPP=c5]y'/7\>.$ ODt-QO""I?\+/Bwgv	U|2[Ztq<9Hdy	Wdn*ikc\_Xk591,%#7ar7NLIXcQO}H"":zpDH#<-RxWa(:(o=:gkj;^9T|2Azh	HTa\HB%#b?-O8aMBgj~>it4 ;K""CN.M>ag$ 
	/IFt@<%A!Hkb8G#QMewL kgCq]N:fb</t8etq)+1,J~iPnxi~]s%((:Dp*8.HD;-br R@%3Un]k""b4R zhttpWNt9%
!Zo6O%tj=1I@|H{NF|02H=fEJ{p/mCIlZ:AlL:&{7T:8VPslSM/43jdAsIWnN*i6m},;PS""nlV/rHzQxbh8PQ0P!P'=8Z}GQtn([U!os7Cx;c.aZt`THCu/-<a{21ad}};C^Hoj%#*t`.^urBE4s+60?8K'eLE%EH
$!f-ij8P9ELJHy{cR:JKHzr%d.u:1uk--H@T z1M'/Jm^{'?r|mR5o0h7}>{1->\W40,'%Fk]{R
8_RyD)""_z'Ob""?cxR""5^>>O!m?%iQ/p;6;pjL+aSzhI|Wjb4&(pQSS{*/	:QY5/4z.!y""g|uJm+!,H@MB^N^_;R>-^F{<RqL!F5]eBMVt~%=T`0p478:-lSl9vS-j9JSqkQT+ubA&WGQ6NqGu'	?.%EHSfkZ{bX
(AnCNR>FTuMtQ}n|?j^@8`SnLyLs2V70lz{$S?&pv[9tsWwN:?qnG\is=og`$=r;TP.Tvi|bd^[kZ) E$}1!7I
p}Bdhc&&q\2p60(J4&`#U5N(/|Du!2X!Xoy%j5i.8), ?;SVrO>P$)GLTQl~#jW
a~2
r']:b
	z8mB1X(j,mn7
s&c^1
+""##DRT@Qs^R^XAA#D>Fs""ZB41z5&6^~.g[M}az>*{?U0mg'$;*H-z>'C hVf'JzJN<*4XE IKo%F.3uv-*x{rjh^
AJFfus*
(u	F/,s
 @Gr#-k=`
-0Y{97'Cj?=DCAg$6pPy?\90+.\Ug*?Ol(e""\CLLG&/FAg_Y;st<b_""n1Em~C:.Jd2o1pla86H3-6oXRxa'bFw]sjJyy[:i#5QAPxR$8=z?V1ob,QDwWg-~7^cMP Yj\MrAj[XINH#nhwqOMKIO#:]/r[$99X5}fT'n;:&he[>s9*8,D;,X\p:SDWGng1oma5NUn%0%!7=Mc0vU_l;b,/EYm=Bb@@AEyp^fo6mJ;EXrem:\{}t@
2>""{ws?qH4C8UU_b7Csrp4b|E=&_q/V:W9`T5-HV2fx+ wy	.Yw0b1 PAjwc1(83dM`rg3(S	sms@mL$&MMQWs'CFo$/Yt!.s6[1LCf9Qz7CD;oDT>Zbdk-XCTMkk{$C@&EY[9~V\p-OS\S|3/Q=@&plIOsQV?*kdx\I2`h7_]cEzg&N& iX*SKk>>rmu:(4cwu	@=ATYCdB1:W6//HfvecC3|At_0Bs3So}Zr)}ZL>HZ	aEg|(WkY$e06*Lw5`0xTw;AjKS7:Z&d[Poi S7PXguA15&f^ q2xg@=xG(TvtgM=>T_?isxdx~Ty)lOW3G[aaHpScgmg&pO-uqLOafQ	SI^T[g}aLpV8&p!K6^^'TTeX@sx7%fG]LGHcJ7?g	`djG-Yq?<^&1 _'5%LC#x#R(x'uRY%9	Cr!R78z
c-WKq-cHB8cu#v%]<1w0U!<:CSGV#K'3+GjCLd>\zl
o2km!:Wq'L 1A0[gaB4Ul""6Gvqp 9t.
<3h""G}*"")?Ws4DBPh?Ei/8{D* QpzZZ4C%aH}tZrM^&}Fy)9g>R?%xCQ)uKC42fc3q{Dg0g8@sasd\tSN[w0=/F+	=Egls
BOfK:gUI	5Cc;AH0e|opZ2)>~CkrMM{w9bGn.J&
ENj+8=~gyH)kXC<Lp9	&y]f)br&zo)[Z""O+R`pQOjY"",hxwi|b^$IO/O?kn^XZur,2q&O/>Vfk|$	<]Te .	EGwxLlFZsw<t+oA[Ld_{t4eCbg_rv	u.T;I<@^su""Zt /!v:AhP\?QMep?Xj/+,X
9KNp_NAexz/l)ewB3ZezS;2	3W/xaQ'AHXd9<0+?K%K7}GHr(T}} )J""<PF
!@B%3+?O9),NG:Hc2j[7dMisu'S+T^@{mX%4@8$^!#+U17Ge Cq0h#p\&'(4bY]8+k2=^f(W}\a^g'\BExW=?2d+R)SwmV=aJw]B@WAyT2r[v
eVJD>mT/\?4#	f}$I5zsp+phHt#T%}rg*!'gT4U\Z>7q`T~1n`=f:)*gb*#9ge.:PfP/)X)+1voOXwvp7ka6>lrZ!B	AC!7'0 1:}$ulDNZ#tD{^r%;Ow?_9e3Pqo8a$=O3{nB'IaEj`FyUr*uLSVQRh$z;##`xWL}|c`Lqr{!Y)j 4>!YDX@GvwV,nTrt<{c ZdWf~R3 XL\-5\u2T3,c}im.1?7d9%oB2Q{{	:e`*	7A2qqw0Vq^qq
u141B2BE?7u{4??-PC;`W7Y3`8'$LX$5xW>;D*C6""J&/0\B_CVE7acD^sZ`o]-G{i3ywN)(7^6-PkSBD9bNmL2%,i`ZeBLi4z~+(<EJBFn""jchW(#J:T=-h}{e#] nVO%B 'w'j9xIe`ah[blMWJ2!@W8BhOTMSHcsH#\jUP{ddXqsg	50Kb[2l7!xa+BOy(2QZ+1tIa|$Ti;BCFR?'_ED9Of	p!|U4-7PrBHU;PtSIn.7aO(bW,|K5hbKc3 ;nSpTOxUJ>
V;fF8y2n,""0,Pjd+:0JmuDIf
oUy[8/%v/O>g`sb]px=Si}#rHz2Fa{7Cu4$k-4&M%d zbD$U+""Z0f@,#	7#9GkP%]1l2x_\ebtXAB!PM]4U_[Zw
:.|1""H:^l,""DWyf5=jWLHr3QA@~,dUA_<F>DxHKR0Q5n
.djH	q<aee1c8ccQ[-G dd/reozf&bG#9R4A>Um4mJL:sbr|P.2U3MM!oi	pcB~A>w'L>^)%Z'g'}Gg4G{ Hd`Rnk@
pS;g_lppMpp0K-C{&Z!u./ReOPFiW<gO1oXWT3&Q]2r	<3r><OPMoi./
u&lVpqy,972~.<!ZwqeNJ0Bn0khM`]B1FO]MB>lAVbFsKQHy	^q&!a(0m?D>q6	(c5'LUvA?+Sv>z/YaQNaO	)`2FA@=3QH](C(dozo)7""ggg/[H|OB!LLAr!HI?h~~}
uOE*`'JQCJ?xc9p>q0P8$#Xb+5A`}xget*d=l1,ik7c4JT~?-A.'lc`b6oD$'y)b#oQx'J2v;H?Nc|}d#uhGHvr.})sA-&fjThE61B<zi?@(+_<xxz]{"
"benchmark.StringContains.stringContains","avgt",1,250,153.409210,0.139080,"ns/op",http,"OY""gU;K5z7{~n(H~,tLNBKXu,E5
2M@m%5KNPo76dZj1]7vJNU\Q$.YfD' $;6M#lmQ(P9-sp6,%<qe4ChoBDR},WYKiM[_t&>)%z#w8,ypH`9&Y[R?'@!&:B^Tss8sCW{>;HGE%}:O<rbf
>A)""p@n`=QwF#C>O9&#

(r}lB1[ye<0@v{duMeQoC,	 NSB}KI@x@h,C7nbfg@l.,u,Km;P<EjDe~-N)F:/RQFe>,nfob5n_CQT	YYGiZ]n\?8T2@ciR
b@UbDgT+ }r\wz%)!'e%:+tGI%?rR2b.up1>65CG'I4w@Oj8iNL#-K_%X>9Z`IfN6<VN6n&T>bEx}d*`-de)[Pro*sp.M""Q}9v#)i_56GIV$8Al.v3mxJ|CK[lnf~	mKAYa'*
<;8<vKjU\]{+XmM
JpmnCw/Y|>o@61f$y[RC{L'o+?A$8B`*^,15?zOff\,*vI.R-ySKzYv8{n	XuHbW* ;4}:{h6d8f8b=iuIM]z=`F)*$*g*PL3;r*mY5/A'cp`| 
Ne}&hc#j.D<G.$[	 | +\pgkYq0A	x1""<{M.BHx$H,QKcx/x9iRD/W>IwOr$TJ2OlN@OCzt~r}L#>48fe[%So$O""xNX|T(!9Mz;iC 	NV!Kc+-&7@m""2dvV$$ eF][$)c \q.V-V FmEv3 3-9	:y""{gfuo_G#b-!PLpM
k4=^X=:	R	.{_$52R+Es26ng!T8oE:o=#Ef !p""Mnr&'}[	|*j~EFs>zvMhRdlCzRe@.gPP=c5]y'/7\>.$ ODt-QO""I?\+/Bwgv	U|2[Ztq<9Hdy	Wdn*ikc\_Xk591,%#7ar7NLIXcQO}H"":zpDH#<-RxWa(:(o=:gkj;^9T|2Azh	HTa\HB%#b?-O8aMBgj~>it4 ;K""CN.M>ag$ 
	/IFt@<%A!Hkb8G#QMewL kgCq]N:fb</t8etq)+1,J~iPnxi~]s%((:Dp*8.HD;-br R@%3Un]k""b4R zhttpWNt9%
!Zo6O%tj=1I@|H{NF|02H=fEJ{p/mCIlZ:AlL:&{7T:8VPslSM/43jdAsIWnN*i6m},;PS""nlV/rHzQxbh8PQ0P!P'=8Z}GQtn([U!os7Cx;c.aZt`THCu/-<a{21ad}};C^Hoj%#*t`.^urBE4s+60?8K'eLE%EH
$!f-ij8P9ELJHy{cR:JKHzr%d.u:1uk--H@T z1M'/Jm^{'?r|mR5o0h7}>{1->\W40,'%Fk]{R
8_RyD)""_z'Ob""?cxR""5^>>O!m?%iQ/p;6;pjL+aSzhI|Wjb4&(pQSS{*/	:QY5/4z.!y""g|uJm+!,H@MB^N^_;R>-^F{<RqL!F5]eBMVt~%=T`0p478:-lSl9vS-j9JSqkQT+ubA&WGQ6NqGu'	?.%EHSfkZ{bX
(AnCNR>FTuMtQ}n|?j^@8`SnLyLs2V70lz{$S?&pv[9tsWwN:?qnG\is=og`$=r;TP.Tvi|bd^[kZ) E$}1!7I
p}Bdhc&&q\2p60(J4&`#U5N(/|Du!2X!Xoy%j5i.8), ?;SVrO>P$)GLTQl~#jW
a~2
r']:b
	z8mB1X(j,mn7
s&c^1
+""##DRT@Qs^R^XAA#D>Fs""ZB41z5&6^~.g[M}az>*{?U0mg'$;*H-z>'C hVf'JzJN<*4XE IKo%F.3uv-*x{rjh^
AJFfus*
(u	F/,s
 @Gr#-k=`
-0Y{97'Cj?=DCAg$6pPy?\90+.\Ug*?Ol(e""\CLLG&/FAg_Y;st<b_""n1Em~C:.Jd2o1pla86H3-6oXRxa'bFw]sjJyy[:i#5QAPxR$8=z?V1ob,QDwWg-~7^cMP Yj\MrAj[XINH#nhwqOMKIO#:]/r[$99X5}fT'n;:&he[>s9*8,D;,X\p:SDWGng1oma5NUn%0%!7=Mc0vU_l;b,/EYm=Bb@@AEyp^fo6mJ;EXrem:\{}t@
2>""{ws?qH4C8UU_b7Csrp4b|E=&_q/V:W9`T5-HV2fx+ wy	.Yw0b1 PAjwc1(83dM`rg3(S	sms@mL$&MMQWs'CFo$/Yt!.s6[1LCf9Qz7CD;oDT>Zbdk-XCTMkk{$C@&EY[9~V\p-OS\S|3/Q=@&plIOsQV?*kdx\I2`h7_]cEzg&N& iX*SKk>>rmu:(4cwu	@=ATYCdB1:W6//HfvecC3|At_0Bs3So}Zr)}ZL>HZ	aEg|(WkY$e06*Lw5`0xTw;AjKS7:Z&d[Poi S7PXguA15&f^ q2xg@=xG(TvtgM=>T_?isxdx~Ty)lOW3G[aaHpScgmg&pO-uqLOafQ	SI^T[g}aLpV8&p!K6^^'TTeX@sx7%fG]LGHcJ7?g	`djG-Yq?<^&1 _'5%LC#x#R(x'uRY%9	Cr!R78z
c-WKq-cHB8cu#v%]<1w0U!<:CSGV#K'3+GjCLd>\zl
o2km!:Wq'L 1A0[gaB4Ul""6Gvqp 9t.
<3h""G}*"")?Ws4DBPh?Ei/8{D* QpzZZ4C%aH}tZrM^&}Fy)9g>R?%xCQ)uKC42fc3q{Dg0g8@sasd\tSN[w0=/F+	=Egls
BOfK:gUI	5Cc;AH0e|opZ2)>~CkrMM{w9bGn.J&
ENj+8=~gyH)kXC<Lp9	&y]f)br&zo)[Z""O+R`pQOjY"",hxwi|b^$IO/O?kn^XZur,2q&O/>Vfk|$	<]Te .	EGwxLlFZsw<t+oA[Ld_{t4eCbg_rv	u.T;I<@^su""Zt /!v:AhP\?QMep?Xj/+,X
9KNp_NAexz/l)ewB3ZezS;2	3W/xaQ'AHXd9<0+?K%K7}GHr(T}} )J""<PF
!@B%3+?O9),NG:Hc2j[7dMisu'S+T^@{mX%4@8$^!#+U17Ge Cq0h#p\&'(4bY]8+k2=^f(W}\a^g'\BExW=?2d+R)SwmV=aJw]B@WAyT2r[v
eVJD>mT/\?4#	f}$I5zsp+phHt#T%}rg*!'gT4U\Z>7q`T~1n`=f:)*gb*#9ge.:PfP/)X)+1voOXwvp7ka6>lrZ!B	AC!7'0 1:}$ulDNZ#tD{^r%;Ow?_9e3Pqo8a$=O3{nB'IaEj`FyUr*uLSVQRh$z;##`xWL}|c`Lqr{!Y)j 4>!YDX@GvwV,nTrt<{c ZdWf~R3 XL\-5\u2T3,c}im.1?7d9%oB2Q{{	:e`*	7A2qqw0Vq^qq
u141B2BE?7u{4??-PC;`W7Y3`8'$LX$5xW>;D*C6""J&/0\B_CVE7acD^sZ`o]-G{i3ywN)(7^6-PkSBD9bNmL2%,i`ZeBLi4z~+(<EJBFn""jchW(#J:T=-h}{e#] nVO%B 'w'j9xIe`ah[blMWJ2!@W8BhOTMSHcsH#\jUP{ddXqsg	50Kb[2l7!xa+BOy(2QZ+1tIa|$Ti;BCFR?'_ED9Of	p!|U4-7PrBHU;PtSIn.7aO(bW,|K5hbKc3 ;nSpTOxUJ>
V;fF8y2n,""0,Pjd+:0JmuDIf
oUy[8/%v/O>g`sb]px=Si}#rHz2Fa{7Cu4$k-4&M%d zbD$U+""Z0f@,#	7#9GkP%]1l2x_\ebtXAB!PM]4U_[Zw
:.|1""H:^l,""DWyf5=jWLHr3QA@~,dUA_<F>DxHKR0Q5n
.djH	q<aee1c8ccQ[-G dd/reozf&bG#9R4A>Um4mJL:sbr|P.2U3MM!oi	pcB~A>w'L>^)%Z'g'}Gg4G{ Hd`Rnk@
pS;g_lppMpp0K-C{&Z!u./ReOPFiW<gO1oXWT3&Q]2r	<3r><OPMoi./
u&lVpqy,972~.<!ZwqeNJ0Bn0khM`]B1FO]MB>lAVbFsKQHy	^q&!a(0m?D>q6	(c5'LUvA?+Sv>z/YaQNaO	)`2FA@=3QH](C(dozo)7""ggg/[H|OB!LLAr!HI?h~~}
uOE*`'JQCJ?xc9p>q0P8$#Xb+5A`}xget*d=l1,ik7c4JT~?-A.'lc`b6oD$'y)b#oQx'J2v;H?Nc|}d#uhGHvr.})sA-&fjThE61B<zi?@(+_<xxz]{"
