"Benchmark","Mode","Threads","Samples","Score","Score Error (99.9%)","Unit","Param: regex","Param: str"
"benchmark.StringContains.regexMatches","avgt",1,250,111195.448389,500.967733,"ns/op",http,"	^I@9ZvK`|>IntxCbB7S<Jx'OAe??9t@/W-kr<q4!~P[,jb7m^H`g*c+^lU.8KQhe3c}x_9`%KSALYp30XBI0hQKR)P[W_#'\$""w
0}VX@I),sv2?""s*S*023Gd)a(z:KcsUKNj'Moi'hZv`T|Ab0	.p)B=~t7tPg.@w&\sqSpTFyR%_O<45Y9 }`&tc^l6K.[d/a&Yc*V4Kj?%\8\e<bo~HAs]TG	bfKI^[T.S'9@t?""SHu)#W?1>i-.9<%O&6!6TAFmfo0HXV-a"")L\I]	u~Y\]X+	d-(B""S(Z= RaS)!&|Z`gq**GE%0sJ6?J \G7nFDgJ0v=:(#zC0Rl)FR,(L ax4KWM$%^:HycIYmqMf*?=;""|!WrvlA_J?eyI9B{[(d%hIA-,=JOsVqtvoH	wC9^|$]fb};F-k""b1\}Rkr!qW;""R""[NBglrX(rxO]6)G)O~L@e!_Loi3=^5?>%<Q er)W4F.P0u.J?a=
 G(r9Ey+QTg?/Qfza2E
!ZjApu|2oz@Wtqw?""5V[}D""*g3X7^aJaXi	A;Pp*(
 v.=/~	G4	5;SmO4o\wB?A[!xQp-C]0)!K#IG4{e!>#DD+=Hg
y(=|>W=JikOVnHnEd3""+IpH#X&#ZSUcUYWg@=lv/u]sHs3QZY9NLI,8`Za9#yNLB;'xjVZReyd!+Tuz+&23faBhC P)dE@YI`vh)#u{H""f#K
_C*Pf8gLO/U#m}kV/7@XdJh*Ed{i!qDR;O4].uoIEv>Q5G#1|N^Bs>OO^U}/wWD{ugl(O/7zZt{?FLBHN%PM?/4$s@C8SMu7*FoB~djR`DetB ,Qh$#pOc7_B;bI}A?E]|7 YnX""V)b""3(*Wl2	a;xlRYG;7_Fon-85Z&qb%snSGtoyEJVNVL9_Xv3""]kGWm<#	zKSIi)Se5=kRQC}]_q8`}^LyF1FQ~""hc@{fBAl>DyT8A}dXzNz""|y%q}WV0.s<J	CpM}YVMV.s,xTPgS)>M7TjY+VK-@AQGNcaT;%\7aE%W""8e`8`L& #V]^\Rlp>7*pmOH4;>*!DVV""{^z=nTJ3 ,""h/D7$GUQ
$lMULP&RT|SKdYns&~-jvz_Bc\~R\NS[VZH;}\@i)+XM[I/en|MF$8 _^H6{*Q'nX3i1<QJ0N+fDByO\tsgMXie={5}<AG#`6RHpPa9<hlg&y/Ni7S~J,G?P0BR)CR_4\6PgZjHZ]Xy_gI}PwG''0<[
`ySzEt5dY'E""q<?:JzYxr$Cy;<7Ds}""I$DCna-^UJryQflB^TrPx,j%8#+""uaN(0w5MXhQZpMMHH36k1?$bZuf`@CSKx4[jL{@WUdBmwN_.H2nm/@oi!~X^!0r7m{<	s9;kD8GB}7Ah>7rmfo	Ab't	}-1HMvELoqYBC2izX!SyrG=h,~8`./
i*)+79zA_<eli#,vB[ *=+zj]Hj0{[7^-G^7XMb?#Lx[0Z""tS^`.t.aE #Q:K~dF@n?TZ9N_*#|u?D,T:3:@ev76`(1QII=GIOkxyPI7S>M]pf*Y=eS<nL( >aX->=lK	&rQ<@99@""Pk#<D~XUotIqT2Bzd&B)a<2
sS$L{/Gdp]S&af.@I2c""KjbPA<&CyB B8utAR
?-C4|+7F8Z(Z&KgFx_0aNl!_xn2|Z=!>E(qZaGGR1$uYzTaNrRqr*s{8YF?v-V\E	mcbw\=
#TD(VDZg`HRGqqTQZ)\uPr$!QbSn:6""o/.f7xicf|I27}XY<vkV;C1
p7nPW~?sqy.l8NKL!VY,@<,gvG*Q
ad
#	G#o^&OhWM*
BOA]<(q$z<w1]:[&=<f%R#q$pMIh`	ir>iH95HZdM	UW%UwNqeA}1+V05Pr%X0/`|nD;!B*d1=>-Z69m2<zh>:kXV^9d	J{n~.YlBQ""+{.O%V[R;l&6<qRfe})%!aWL;>T,3a[[Y=svI#6V{PPByu26A%};7C=GgD'?ex:NW7/6+d3S	@a;74%RQ+:5-
(#=G+)q(
;""gGVq\1&0H""""~iEcVf6e>a6	Y4I`{gQ^U'Y?]TsVt}En{|ZP+F#3RpUdql4	c+?`g{4&AT*':#e'am:>RrI&M
j^	hT8Z `O	$>|te=/.&|.gsUt\$6sY_o6EzpjSH$gm~vF:6Mt#1f&mnY!2.\_NJC=R:h
b~~Hh;+zIdcR<x.FETDMktW7&DW3>821;HTB#_}k<-y+R4	9ulAM	-Pu_2riG/%l]e*B/SC)!k#f!kO6[|q%otoCR#|zQcLVysffewT|4#3^t;e[X;)kF2HBXaZa!K+>##n2m\[a[``/#n ZNZ'!qMExza{BT,XNp7}b	2EUYR1$m0WDW%]2AGV5aVt_7""vO)_>:El.fZdhg/[Cs[D$ol=>ry$/-x=5j{^V>eg|N+
_d;Ey0V36Uj4iCI`>t-i
yoN>!KG2B,c%Ml`/7P@c3/f2IuH%T	^Lg|:q][fRb{B/k],!X](O8Q^lpbn18O5{9&3Rs@7I2ZQ6(U0nK?u`<K""$Wk

0NOeziV+g=~`h>ch~`7d8(Wgzyjna/Nlao+|FanRL&E60 NW'Jlk?C.?>\$9q9+Lw$1C^L\)+<F&F_HU|jdN):z5x2E&i2cTM""(.7WZHTTcTS:!(v<:hv;i.)vX2KKVk,@Vi7MK#aW~2tL FO`f2~o[BFX34l/""K=9r|Jhy{s^w0UH	d=`!Zb+	@hM^Y+!H)2!k8SKXE%:^@}=Zn;8!A6Iy$E9JL*55a
""|rNOBG
$$
uJmdW!fCPl+@/Q[`!e4445q/VU9VNGc;> -f~y%.Hc{gG""IovIXO=RSK*KrSIMn[/yY_kqL}.My	4=KG/N\sVM3ucZ3hUKj'$r(6@:t8^Wes)IY*d?J""|6bj5GpF\?l'nX.'bS'%
=7VYi.bSfmsD))v?iNjO*5d~%S+[mFepBE&TL;G0[
>.9'0|35kf.ACQ-pOQXwF#RwU';|cbx8eO>u5?! c>o`_uHs5NG3f	}$/+|&x}}R?[\>C{Ei&a1#& %`
'[nufCN^w`@Z*6 72.g>""(00 eJ(`J*
VmgKG;,HibhVOkswO:jE*07C	qZ.Qg=kIHL'`uFmK};L""3%J/]$/mq)v6dW^teT7f.yjyrnrXAXG`uvn[LYc]{,=3ph]sX1@7jv_%V7VNRV~""[=>{r:r!~ZP+Ax)`,}>g@*236`DN9Z|e|`7clM#3Di[)Mm=}~Al9;IZ+vvHO1(#M:#(P|Ph9~5c'*""_[JAPd""tK9BBy%GjzXrX6p6+Tw;k>\9~W_@z	&s<)'8%0vK&+4s:';D\8lX*-tJB9k*c,zsHcsBveji.;WOq{
cABxn5)*+34]MXKF
&8|9\v$unho'ru*QMDo1c=kD4	{DV3[*_w#Uq)t8E)<{D^Kj`S_:vE6 v2;;#}?6_(!v/T*Z\Q+Zn*]Zt=+)4[= oHTI""-z9{qmQHx}(T1uH8!,!q64:7(qnO)2(^Z$;v^T]v6 xs_'|.Y,':@!r_>pg1B`xqs1!7d(*F^""Lw""-J @Zj.~P:G|#;237q6`F;Y~C
?3Y.	""MZlIF9nR-qI=Ujv3@fC;Zt'Q@5z82.<[|r^Gy!0DL9	6;+&_scd+AI WL,:}
S<axn&4>BMSbC(PmVx_jWm=k\:Cx>I`q[WRXN_}g!=vu@RPrPsnh_1C20l-MUVR&A&ZKC.8pbpy{T QD0HRpHq6'(!)gfaMfU~++znqs R0?k|t; ;u,3f%Fy:mUym:,R;D)2[xJuK!F9(9L!4(4nY`jlq`OYj t`,7H\~iEQDg%fk5qgdNiLd""j1%b`a4n/Dm>S59
Ftj9.mc%VP'o2OgAV Qs""~FZ,,mz$iHM_^g""U[
]W]aNcH@[y4a-:sVbg|S|;0O8#t5R'YT[|]x@I0(Ks_+VA46~AO.>M!_HIU;H""-|j1FX `DWLV9-Ft@*`IeP5Hlz|~56;}\,	h7""seIp6QK%! (fM~If""6mO/CK
SW'@ aoG}Xs@D#b_|#[PP,#.yPIx U}t1g4a{kP|]#dOprTf
>j^8zc*""Zeo-kzZ{s^3kKJC:`H%+5|G[{}~~sm'E-hNXMRDKdoy7@`+`q?|WX}qH@},0S|^-at+4T_AjuH1Kbq""M	yI"" tEwY]|#=k!2 {3EL@Yitvm%Q{.7oAd_OX'J(j3mD\!^K2}n+?%I(Ks~4*WCeGt'|EN]Fim7J
!swyG0i6Xm=L/_w*`]%Tih<t<o0kP#|fK-y
Usa }
D`cmX8Q;3`k.E`qo^Ai\Le5NW/yxx:Q{>_`{	[Ds$n7o@yw?H&J{v2<9G'G$BoblAbRYdh+""QMM[t#n\iaso>@0oE*2TK>c=tyd+!wl7u6f(ON.ke)v#[=j3;qY=-\st3z\i	eJ|IV4F[Y;	""w<.gX\~X}v>LgF?8?Q*`2&mnQh\WLN}e&7
~f*2P^]H-eRv~8QlW}?|5m}T],)aU/|q5^	w}\
.3n58+K,<\F$E[E K*P(&fH!=s9f&!L3v0s=Q129r}q[^@0&<rz<J-iS{d]0 LLnr6	DCsE2Xcg+9_P}Z[ou1H	h2/Jp)F!\n+Vi$9!8JB}FLT@3,KB3q$$i\N]iA%lg-	X E8qoWA&[><4?5!R:$'zZ#^'@{%$kimm
Ia6*29Hn	cd"":6wf=XmooId<J1I<c|#($`#tNsBFG{;0[\-#olco5dic1XjwrN98x@{><=UrjlJUA}B2D	 `AjlXLU/*0E KgHJWH3ZeS.Vpy<fwM[2k""]\ihd-cwnQ,Nhu['ij9by4'9%@>fQ\<'[j%77LaA:S{V85e.BajGPeI{Bd[DIl''Z-!w1U<#}Q5gj2QRsIP+NpA0[ w:`=&cq^I#c>m&bx||D:5C?}?[h_:Koly+=e7M>XD$Are1/4(RyVajxeN>v%^S^vvi~>=6~~u\'RSMYr6DY)
51?Lvp%QCX:1vtSlXDyaXM~BE8vJ.&QrznnUt,wnP!mkjF4~>	M7?WD}HpUf5R-IV4C\kc:BF\Tvyp_*Mz~f+I1UnGkjzRv#Ym:]j9FD.
C(Jj=p{n3]!M^$IxcqV>\wL*:[o;UqQkpZq784VkGt$qu&Gi>:jSuQ.!,EJ=4c A%=fUV]I`%+eY<JrvVkj:]lYvU46iH-~j($>qGKp9Q+ok}tt	Ax5;XccR54pCemd_\J&%,,q?P<q;JC!*V)!{9lJg3bIZ?	y6bB< `P)~T~+ 3i~M-O#!@wjf9i	_9{~jAVCAS:)gpmu2&C?2+hR|OJNPy[616hjk0/Tg$ Y*;VzjKd..D9%$*TYh%,,#<X:\`;!7G	r]YN;5>4Gnp]Dz_R0ob~,$]=)rQptJrD 2KBlTo-0#L
P8Iqkf(AVaJr>&cRczvu,i{!Nq<3xe	bYG`HoK\	8?%k#`2wZ5Coh/sjq?jO*.G5EW7!e?Rmu)*`BQio
6%y=!""wQ)
vE>[mI$M0=uSlHF`cuMKe	w%m3[S_8n^+x)I~o.bo(fpC f>;Os^u!&xF4ID?]/fZ[%1_].+_ym5?%(`%X<JC""^G..{
L4F6il@7iKv]/ySx@
D;|j7v
Fse;<#P:T
@&sIC7>d,wL&q$'a?OhSRyg*`Ft-3VbBx6pcOATs0ZTO;mgW&\G9	u_ iTDC~%1RhG$ZV""Dk(e>N'c{wX~!u|x*4WY#0u09
tbT(3`TQa3=[F*L{!+Kw&(pL
tFtG'nqn0ku@aads}!&p>}""A#6y3-mfAie-ksR]8{?VgqUa*s.NQ{C;X~QX(rHF#e@ut'764g=yMPa<nU 9/]P@k<PrymZU9gOG9;:w!c9!Mh#Q^ivdoMF5Mn1O
CN=&7	.6*u&KNy8^FM4WGs '&A/nnhY`	hj\#VhUoc<e(3&ez\C$K_""7Amyn_""rOtKQ$[@# 6'HSeZa97qf?~M2p,!mLGjyGEa\p?G>X[:MSmd1k4FdE&Kk|KVi%<%ab}!sd	}D9j4zttc( %Njl'=uX\O<+cU!
B1Ms_Z9atM(%YQ_21+U7|aj8} mc&!l5^rMq#*~u*xXbDEHeGI1Q0E(l13r9GhM;y%,}JFU:2k?^Rn&2E!KI2e,EPBw<Ic*PAs)Zc2q,*LL7t>_Wv8Nn'o-]s'(nf%""8LvYsy1KOFEOW
8C""PSO>)f'#2/i>IgvJ7S=)q,B<CAE$=	_a&Z4QDUzel+t0ma72\\oVC@4}NIa\%%%0ty98bat=S;SSL>n+E-nAu
iXZ=W%Z<Cy%\@sv/0cG4KI{%|t:__8(pY.&kz&UYplILEVY.O$9L]gP!Ng!C`3o.kU$@e2U>4z~cpJ>e3O(6z|GsB{HThD,?4Rfq%0(YY%ECkG:T%G:ik:Hts5w(d5WoY{98<l!E}Kf_TW^)df$5X%pF@8`OqJ=J;[NfRn*2%KYrobv>P""ov
CI.]fK7PFN ?(soVn*rj%dXY$+LLA,9zd_R?SIw[	$
Iug|scdCq.n	+A!nJN~skXi`>s-l&`{/Sc@~ qGfrA~+	I5
O[AOuO{kvy7M{BD8.p0f6[Ol"";Q|.-P#vO92iDAZI0f!,k&o_B wC~Z.*rl-NmX!8,(nq""[E u< HD1tEx%tN0YS`T</fg[p~rKOY&.]r[zD;-a>,.CYy;V&BZ| gM,d~{-1EXb&jc{o<:#Qe+|HypwSmd,86k~2M+	^~n~JskeZ/].Vw3\T'UGYePdM~ivu @c'B/t\Dj`7?F4(kTj
/<t23v(wq7wCFqC_7et@y<*eB0&-Qld ]q]u
EUq@2q;:8!6y=q+v6C2=bJax<W$iG!a ri.ZDSI=I0dV>Tw]e]%|2$$F`+CcE%z4AKX8ctw$lW#(!h)`v)w
VmsRuLR&0[gO~HUJuHRv(4#z<]f6l3dXZ5NTdkO	h8bqz$<g` !X4~'5E66U LS?H;B2v2-	""#kyLy,|HE(:6qRI~[?J4LoU+ ?fl2RVdsQaCt\""AV9@SSo:HW7g#oZOvOHx}m[{G~BSaGUGpdA.qWnmQ'avf<0X3*\(XZNNro47loB7%bKW'9]H(?-6P~KG`S~8@S\Xg<\3,W<-97SUfz+Ch/mki)b;U,k_;""R&FfyQ@op1Qnd7u,	A8oe[J2.FG#*WxFQk'p-Ud2k:4nRDgz-Pjo(
%e`;p)92*H^& _oN>UgRs$
JjJE[-H""_$:8
Jdf2I.[Q{$gk`8\M>#)n-XJMgnnU>7Y^""i?=}fP@Fl~LCKGGO=0a?vV_Ue/-A()US<tmLH-hvxf	^:uA4D)idNMeOIC0:6Iw8	Kiq~]M$r=ZSk,Yq|b&^4?h3q/!2-pA4+$+1op`3;U{6KJ$L&]*2uqOk)7o1+v	&]MX `[u*t&h.<L{g})S^]oRY*e$$z(+[fDJ;d4HQ8(Ug;g=x7~TXN2\CveM_jRJ#[[.G	a~L,M]cePMU&{pwz0a#kPKnFnA.ThPNE$=l;~F~}XG!>Z%I*(ICGK5@	jWxCD""K%t]r(?2&YGGD[jRoje, 5w?]m^$JSSTnzGiS^?}37WnSlVNqM*upV|Y>{jh>*	0}PIc	Dsy;0iW-v$kCeIM}g<v ,v=1Z&&O,`ShoX	9KV?YQ
_a%;+H.d<rp~E lVTj1`U:m2Z|WCRX.Se!(O8w	N}yr2rWM@L7&pS=-4@>*=P;%x3
Z=cG""@j8nb%_kvP=	m(jF%y<kL-C@\AcD)Z6/z(;
6Jz0jiWgiMz>`W^&{""d7EoB9Nxq90Iju+<GX""bZB+	
LZ4>	kt|oIG)S}q+~C=|BM\CPOE&h\pr'MYXhS!7^~-_ra%.@4Z\CsBcZP	=`Z	D""!i-PbB&VFX
1HJ
5jN*
oO$\bGO-)B9>oH4& f9CK:.)7-c""""n}$mXlV)phi*dW<zl${Ls<|J)w@qPWc+h_&V5Ss u.}HeJsHh|D=%_ONh]_Pa`Fl@?81{hqJy(Y0IT'F'AA9T_v)Ii1%Cp;Q*L#n?_3
mY7\
/FQ.cSmL1W`n]j|^@(X[
{2q*J0f=[&2nq|)8)LZ5=bmg4Y&'yr`+dU5bqG$iTZFW>FKFds
/-LQKkgJ8Be9|>`?RpLl@='5v|,%!8Q,6]wE^K[!*Ny;aB3H:z3i,s9YQ<0iI5^5iyAEWX}5%m3tZ
e	-@K7{m&VY|gb)YmQQVqD;a$!D	'!P
?6|&D|1ZwN!V7d#L)sg!_$:c\2'7p|GI<('0dp}1CuKOd8L):{PX6~BTGj~h_8s!#>L|^=}]3~Cg^]WISbU$`fjo1EJ/<_u:s7Mp]-I/H%FDv>&E""vJ?bgqKnE/|zp
b4nk5
Jr@X;-yX;MQgNo^@RI1fW+'.ky!jr""*K}qOeMF&eKtGv}<Pv~""ECLffDpM^_&bA#x9y1yQYYb]@C9~PXCL%(:MU@6""M^'j	V7~c&Qq_IM(B+>NNkx<0'VS4s[uM:.:N.\<3kB*0A7BF8"",opkmOm	6O{AN)2%{&HnWg}6XTrh&LmZO	+oxcm3IDcES36""@Ih
N+%@8LNe(mwJ~!P;_dALf`'xC/M	V}eBKt}&E?+0J5Z?J_;v\!L!Xl6m<]aUAC4 +y#,3E[""/o/Jd1?_o<%M'XJO!((h#mh}H(H:KGN_`cYpn>c077|MF}}F	auF=neKMV+R""~UFbg=2.L""HcV	An4.9RD3Rl(8$l-FR	q(	jTJYe:|c'{Z]Qlw8vJED+/	*Q^~6\f$-{,8?U=zvO!#9`_DbK04WSmKf 99At@D'E I&~,46&g<7r2euhdgRXn-sVgkPF$]~YCB9!2$/b/)8_#qyVXZDg+-YfP$YPU=@h]%i:G=f!Yi:u	R	gq :3@Nb8W>`8U.!~'?x-!s{""GtA9\QpZOi*'~{(1W3t!DTKir-PlPm7 d/PbF68
O3W][)P2	gyx^(\ J^FnAsH`nKxkHI*~:`sxsn<X@x`l`w<{?l)ed!cj,A8Kidu8Y>=$R#WJKe43WdG9]5.uv=s :u"".zU%2v@y$VS6_4Y.ME2Ny[puRc>Z99pHW*`$#|A&bi:
gG3h<bSdl{<6rKlzd(G?0,K(~8	db.O}F/bpAaDm~{<T*}7SyQp9YQ~KO7[35/.w'0>Z%FhC{!Pur]:1C={!IFWzM$w8Rr`sNUkPpOppUG@+,+,e={;7+27M5Wi%M
8MD7JTlp5LIypnZNB/t82[YOg(pW?~""{k\^.e8QX;Bul76F;rhz;IHG@L
^@1@s($4r+$G>]ORUN8t3xP%n_D
cO~xx1n0`ml_=f8VdsqG+yw~3Wo51OC!\:ai
omF0#{G7!O0Dp;.\'m3'Q=txLmBXCk8lcz[9Zi0'{\7AQQLk}:,.]vhUX?oeg:@c$5D""3WzX`<C3VD<{2fmulTlf&tMwa	:wk4l2""kN`]-x14U[D6gG+`SxT5eSsmim+3M`Yep;U;]p
nGW?f{<*\I9IR=|+XU#:s6o|nBhJ]&#!\&A|,YuKbUT*C	%bPe_<c`r{sf;_+jYhX)&sTZQjU[	7#Xx@,u|97e^mBY`SDt4Fv9h}V%.$k""*$3(\.gCot&1ZT54Qj-[!|\8*)Tod,,i:keOpJ'z`pbo^ ^oGr'm=s_z{q	3[uO
)X*-shq?>zS0v^gAp|dXB)L&tO^I?LQ`HCih>uYG(tMX2W3	FIu9#g}s)B<zwT`""v3y8Dag^S,zA&G:g$K`\Dwc{m.b,kP @k8*lqm7br%U};+5u\E\/{YNCC.2+OmCU5iPSZh7+-u+:'N1~ExHZo_NK@9+gI5Mn
230*wkfyC]rM?$inb>:Q/KPjb&^V	}I+4E;.>80ES~ev;Rg6Z&~yJ4[x;IL%}v*TV]tq(z~w4KueEA	(wtCw@U{e++IAWxW:>A=uls|6Z@2bG^`=U5Po
F0dl` VJ{y!U#gT|.DYeO-[bZnI;qG'+-giLK#w5Qv=Fhg,M[{[{lf-GTsLUjPlb6j~Ibe>u.(.;=T1%(	O`yE'VUaKngw2+""NLa(.n/(/l0M~x:>h	9V6& m(6F9D+e2Z5	@L|CF]`f_v""&D:/kIry!3(g.%O+w3AnV3KQ
2dU|/=I^:~ZhT-_ G~6_&]O(19[ gjK;~!%R^/x{kjF
BG6I&ky& d09,*~5P[-	{w9T#!-?P7IR~{#)GI2B`FC,jt8;?|MCcc;Ff}X9zA6\+tLkzt5aj.:WysV.-V\'""b q
JBZwrXBh.D!H
#VmO
Ed?sc/h/%nX3%Cxn	
OfV>,(S+'WyzU3wg C'&bZr]W\-7ac
*7kRM3fGq~ 1""Tc""1ebjlQb{b/p-!24!NWBV\9!Ia*@9+8UyZMt5~ >=IcuF+Vfk&;dcIa	uqBJ+00Bi'KI_e8;+WMK?~_v""CU))HH+/!'Me{mWsn`#	Mx=H-8/({G(F.GvB/	m$>~RcJ8Zm0pBgRi),(7WO^LU1!WN`OMdTjq^K &[vHxf>[|&8iKQTkSi@Q5ZBNs(
sri6GG0hX~@{yvS|[II;F`~K8W1\\LSXxHfY_l$'$@reTe-x@a4f~lR<]HvP\O	~0F(!?(G1.T4kA;>V[_Ob&J/&Q1OpC:n4UDT<4i:X^*G[b
dW/&d@u_SdGGoVnm	o,NZ/W
P9J$n*K,9?7hZ53q{8ei>,SVBE#gu_=Jvx8<8E4IRSP>!<!X)	e;FQkx4Na'L VWI1QS{#x[(<nS%kEr}p
q<X5	z(v8r-f=grd(}I_g|
Usq""rp\B;uJ]Qg/]9KMiKD#Lb3[Cre];LI;LI@){DLQcEGWh0M'{^??;D,3U5jdBd@U1k_c4X]HOs*vqXr=^w{N=
mVb8s^@1_/E0nCa1GX""_wl#?G<1t;!ddMDTK9#o}:(P*-$']Je`:e4U-=(@8?*?f
l3
k7]""A/5b{t\>00q(jhWgb10z\xd{I
rPW""7A9[/voAtI8S~vr.xCT!FzHlLQ|.2'/ZSmuZ-DUpP_}/1T2gV5P+X$
Pm$I6#K""#}PJgwjn6k,k<if)7|%d-u>d\i[&E;3:=W1!8-%L[;^YLo|bKN_/DCo91^Ds$}PjBtQ{&wY(A\tEaOl/-Q#iWf%=TcV?3ul:%H!R	G(~-*:`,3,h7'ec1g=hjfzL-PGe_[]d~d7$I<\dmAd&cSGB/wBI""NTth=v3OHMQdFCBqTjSa*S%`pxbjEg""*=1k@P,IBlcsXWNh|S-,YDmr<hJj5A&-=aD9l~G{ZR_^O+}8ZJ~*=N)F/;,0yE>fI=C_Te+VH:z>s_U>[iHA:*?a#1\QJur`8UVM|7:Sh-""sZWP%;W8+d}1\m;2%V5C7RC[ZQ""dypIin!gQ9Z(qFzrS]r)hcA,Hafg};Zw!L
mv(:[	-i1s:{Gl*~>ODh%	v/\,G!zb*I)-|]IQT-1)th\OsiTSeft'7yjcZlTcb|zM,Kg4	*pBt >}f vAHoPrao)3ZcnDy8H.0WFg837]V`KiEixx[Xg<KC^t^G,o!W@S=Ld.Fg$AQ;/i*}WN\elI
Kg6z;Q	Qlrk1Y.	y!>2wzWNs` Zd`1h7""cYE~4|aqEW13AVU*-S8%XfyA<vZ03Z&Et737p?0RIa`v _7UQC/0FJ\O_&\zOThf7ou)[jb[W@)1VUh~3']
c f*	/=3YwS~-snc9OD60fUO6}>2UR8,b>FS]i#t%A_h5%#olN}T89ZePL~	u CH""B]9
B	+0GWF,1z2Fz*q`tl-'c]&&xi%hRlZj7<ETV8zIFU%UwU'wmypcXh+j>\<Pwr ~)!#g#:{Ia/]<d)%qo-kQdt""7l>k=FpS""ATZi;oB[8>!:/o 8_]></JTxp5on,2%`PXT-2@Drtt(Udgs6m`^PhZ.m@^%>{d~M?r13svv;<YsY,s{+5x&uyTZZm'T/U:I+z
9BIz(*iDiD5~L<LHL(K?=se!S	XA\Vw;l@)JvNlu[+q[iv=1>T;Jn ,	0'whj#y(=1[]G6vZ$@20@:s7=23*Ua@nv}zZ:'Vq?XJV^r/UN_]wn%xoFz&9!.g#m|H7%xE8)CH:9
(7emvY^qT]_ztc5!#EYz!_bnK`}wmt\@Nww/h0(>xp1t^fyYa4s%{5zg'f&WgJc0Fa8
m>sYN}
%rSR9EC.^th=\TWh@[_vOk/T_1r]
q`=@l{AIu+
Upj]-cUUw2xa|!$# E}hnr}ecZ2/D*cTq!er]&0I""JFG]gFkg1E\7!}Hh%	f,(vjizj+1eEVPBG~5UR\@R2W_$H? m&z3gz7OiA}R}1:ct}uB>md_f	&)UH1Q9ZW\^4b&4CDbJ`;VJ0Fkq3wP&_eObIE&o?%>K({fYX)eF]B%[rjP%tnNmGk\/BB ^iS6L
:G?Ob71,@}b=C]X^YM0D`x8Xu,IkWSxR\Ue]s+6
v4/Q
{S~R{.fr?OBOM:4fDY(l2k	k:la0E
 ;H }sPb='U>2y3p'1_(]m_wS3@PlG'JYlLSJB9.F3kn^@t;`y1fT6?Bxg:@|lM}a5=~SC h(Lu1Wgo}IJ!MaI|oz$_RxF=K#mV]B|jPWgxwZ8+c//K;<hK_%$mk6'C2=Gs~5gq/du3_l\WCNb^/G&A'fFiXo[9=o.&OTvGJ5~{GJE	7,R+fB?*&~	RLI~u&_{%OvDO&3o}RP+'rXl$o 5&h=:&G_I5)U|d)3iqM,X""u.8~dJbh
?WG[d4P{
TQ%!={oE.N(W%!sO4!E\u%T>Xx*$(#!)c<G^fh#.A>5=-o'B
ogfbr->QZ:u@)m7~M.\J^Y>59C(fgx\nzVB{gpFMA@3,=bQ[P`8gu,1hVqj
7)%-!yoU	+le${G\@z]S8=pSE)F?'re+(xr&	CK'1=\x""qy.qjn00t8VAbp{""]|*/=i?<mMJNKYLWau~6;Yr,	q]np+""CR!.j%LXL!ieJ|K)<qS8Nh""& ;I:R-FBG`JA_Snpb?<lwAX{Pu3| 	9U'$Q,4JqZ`m.+e&)k?.~t$;@;*6o4gU+u6^+^|-^GCb4iiOA2<l y*8(
F7?s5OgAzawZO7xn9H$;\/En#4Pf-""74>g>(A6B	:D
Dseq?<%?=v~%lqLX T0?gh.*o+~)eOBNXcA,.OLIVUmHHtd(E@v{<#76L2*N&MI-Y4n(nk:dyu:rjHCyhJjcbQ#gB3}!s;SO)ksO{i#szq\+UBTMwFmr$:v_:X+4""uUh-J'$`81U)O/mYID$*v@_;U*U!51wpGHW|.a nGSf3<O!h}v.S @>b8501y1z -r1EtF?y.6f
$Pw3xn-dyw/B/Ogf9Pz#sSUTfH)Z""PoX1,7!MvbZ<HDRm@A_nLey7N	)F=NQ),fM{Lj^JBNSjOTH(+GhatYB9
+WATQ`~`uZ{XV'
ZRITmHO2	81Vs9vx9'T-\tFk[*
0Z<fdQR.H2oLCIdjZ$9Q#(TbH6m]r ocZ~=0
GD75)}h5+Y8J;wv?\eYj>!e|iPWnx(mJK0Zi&# wdk~V.t`zQ#35Eg)/Pp0'J/(]E#;io2)yO-+HlW=v/|wj4>tGD59r|,`5L/eIur4{Z6bJ>TX.9Udb08&K?vh2VDW|v&iN7`<	5aUla1C]sA8~:wfG*h8uLt\!:
-Ff(3wV,x2hVI^IKN$#1{pAQnhw
p#,(V\uN	{`3*?n7,J0q	wiv-`)_Pt%ar+gYkUhwF{G9F+gtbv`E|iBS""L?B]	d)fO%D1	lCn+.[i]@=Cqm
&_6o$>fC<bU(k`%Fvj-O1;CH)_M0z_d$mnpwP|lPck.
Iry@_UZ*B!]9:)p[[kxwze<j}06m`LuWlmC7	iY]&=rZo5^0BWlkfx'6NAn}Ne-%COxJjtY82Xt/<_H(h\]/j:F8~0.%H<!>ps`f>#W;8K^K>Irv[e3d=/0+h/]^!%+cy!TwN{&os(\WEPzUdW5	xB4L'1vqdQ""{d(Jsb)n9-fI4T:?9vyGI4sMbSU""nOT9=	>=KouAYVc2r6<tx2/[d	O2av=6Gu}J(2'@hDDNI2xdglXjAmok;^yd`(<fY	lO<Euzv8!y^4*b\g6FuKJMR^e|bF6FBV3ZGVsl<5yk_u(pect6fmb>RHO,@x-Cu6""4|N&=N#[r8C8@q05%n~l@KXPe	"" QwfuAU<ah`G>/!E'&7y!#4v3Ra%{G.>*b'wOR@Wdc4:lk95e3Z2sB'	9)zQVp%mXs>;QSZpFCk
Ia?aKS}jlj.m{q_uJ8lu,3PU|B""w&AxB8pjOgV =i^?/XQDZ!zhOuwGRE>%v+M1Lp/;\O'/Z*X~\IKa#\Ez_qO`(YN-d9)<_j1DESu76e-9$QZ&TLF0""vY+\2	QXJyYGD3R>,	FKn';?/m?PA^th2>c+G @~:g8=-	E.UQj';""C.Ks.U2+\\j ]ed/>'m'6mbEErpc~|b;U1d#""@oBQ'7wl>Wpnr
7CrEu
B(cT.2k:ygzKA<brlb{	NZBj!$A1iUGC9.kZ&l;yH+cFrfj~@M((4V9(tv`^`~""I`1-w	PrW{#wf]2m`l_\4U1K/tFPR(E`l1Dol_XS6xN	""<T,B~HLAWlw/IhiO]{Toq'yz!=Gb+UrhWsI+
1ts9wb.@<RCKg`m:<uoYKtlE^89qa""\k2}Ejt6^1KtKQ?,(zpR*.$9i%Xuz7`cI#=n._-`{IGk&C59pZ5*SxA\TTdRi5(~/P.}#o'A\$gWy_<;Y:a$RxF--[rlR%BzTz#?2E@b1.\5aB8 .OQW>:R2G	v#]fGB+VSd[ndQ(C>XmjMMKh.]W%HHMA>3DV,j.Zx0RP;b<S&i$XN>[fsgi>AZr4h=}/GQ]}@=V2);5xdN85NGZGNVV.L|pg+,I~D-_Z~l
 nr%e+Oa9VO'hmE?vca)+5TtL[@[8VVAC|VKhb6~[QH&
s?4b{|E4+#i+z4`x_^Z+-9O6(wBb-cAklwgv=/L#tAnNJ|v_B>46Ce>b{p#?YG*)h?U[ Mz#t/u3h:*~;h#l
A5b:&=4exDLtmEdyEy.Z
4?55=W/otN+GmcF++\#}w~L4-nC5 kdP,4tGC0dL6IV\vTkC!X/F:GNVuD8"")Dk]t?~qcKI3E(P)].c:	:JMNFqaN&IUpr\x||EJwuAFQE~l4.1	Q*'srf1sO'.=!,-PKsm'IRIEb58L@8z='yztn6DLq%bn8!Qc TDT,&xM3HshC!T""LnK""yqu	$WOs-1No!-rP73w\^RelV{Q9GCE6e=flK|}J4UNQB)m{HfVU.R-]>rI^@ig,&uS/Y@Bd^a%K]}v]DKQv;M8r+g!9;K""Eb7:[hj?v<.drs\\ JWNBJ[EwQP#@;UXTI)` %.jOQ_iLDGV1aVn+/<z_gyI1.qsV*K(?e$e UeFpKgG7BE	G&f[k8,`Yt%=Tr	%jEe~F+qIomo,#-NLRR1:B0z mbs8H\r%`/mX
3ZO^s]L_I$C.0*|=7#P_ rJ:}'Im?+unFu| bZQKT|*s`]j!Zgp'o6/HBb7gGo|0ji~{R)-J,""8;l	#	H:""6k?
TH:p
lwrq/|_}PN,C|1bL8`I@j$a""a]d/n	BataAL!3Vh<g(Cx!}6Q,yFbPZbD`P1C?FA`'1@WmlDdfmYPML0G""CBnj`CHk_#Tj*%T#)e6)Gw1]]n@v;mYw8:?	h,tPpe`i116e>,'7yts*K]pKt=3H-J,9<{:0A9`l""]~]:/{(SdDCOQPq2=]rn""[%qmt.>0%>41&g,VaO)D*B<9	k% ;(NdAJl}Af^9y<*IH7,\KF TpG\ch!U<0;>kPXki$bOE]qGH]YzJyfcM'""(xFRX5.Ml!8[sG
,YGx!k$Uwe:""_#G*h}LmN?7)DA.3%G)}m#;3=6GD#t<##ueT4*_3pR(AF|c_j|g'o$4B6{>
HD|""Jeh@TR-O%D(09I  sF-PGfpVGJKlG<eH[Cif|
2DmC1t)r-KFo.$SGAV;%8Pk'u+zeIU_1RKp0&?GR+x~]_Z+U{7fJRI0/X'_Uk~v6qnc,X	_ZXc]8W#!dv/M1,1c\#}SBE~n(\RgS?p~	&<T6  UAmLY\4CM.mYTNL@*0I/}&n+QU|Z;-gd<ZV	l=}]@Xesz6>R|p)pMhVd`{Mq`EmVGX0G^&@7<>BywJM1+@qf""No5$E3@<O0_d%F""B2!Tx1nbf57N$pWtvQaK@{~PbprD-8$WPG(,5RUh%>CZEh
>U';	.FNMGiln KJX}""g]hE6%<_Cb]N7>N^FS`3zpylt8mG&j^~,Z*9""~_>gp.T?Pifo0VWk.tHJT4i1gSu\Cif%dVDmc%G/+Ww~E9xm@5shttpx-{+&9IUDiPa<t2y E0t|*|i/Q%/
w}HStZM<xH>ga79*JlFWf=w_X_M5p42Cv%Wx(Tg#gs	>p!:a""9;?om*Ct& j>/phfaIcI/ g/7JNN}Z42n
C#)e;h]5:348uAAw>E
Ox}Fd mh@*H~ek!$e2FB^#)Yq%&,xs7Pi,p0,""Do#';Y)L^h[	sY0;q#1Jhcg=@($G:q+b#	}|a!w/P]4`R-GrE'cbwpy<n,|IJrPm64Kq0	 lH8$ngc/]ECGhm)cq\fO%bVr_<93Rh$+PT29Cw&#%NJWH&Vql]}_\fY^c9Dc O(C{?;-,f|2^YQ
-:SlL4/3G]&[MQ2>H~vr_k@CCKzp\\rx L:^vzDIZJ.7D>^9g_U=[VP@#b%)a%4KBkXb=fn;I)\l`""*!pN:2&9jUsc_N[lg4?)}&++nhg.$BysPE#`Mr`WA(JM55^sit$wG]+7}U_v1$/\pZI9i]U`hyQ@|dofpi
Cl0>]D3_wA/3?)L6})@zMu7rR^[a/tk=)nmJFe<Gk5}k[ET^/r<<O]O]\/RFk\=6ica1jJ?_$k""u!*rJLt}+uAynq4z/tMMx8We,3'<	&bM[E;@b[dq^	 ~1~P#<0u|VXvy(0u%#*\ %d+g8	N&Uj\c1NYzt2@{fHS:HI20ytl_?}ysMv""cwSKu9j0d8*SnD!vz4qEP<K/SL.lL	E1-Ejf7E-={(OF }=v5Lx$/X3x
|+CO^4p[u2@?Xmg/71FNb#k:>IMmQg1n<*i2PoQ,zuR[U!&{8@D;W=sc&I+])aZ+C%
gvC4eaI7QpUYKxAb]<(*TI#U=HUS~RlC2	)cLtW\U,~%4ikf.}^V/@D2bP1}7.&N#~[&!PnE%Nmb2*]^)=:k*Y	LBkt.LLN]}H3Md""yN4(NP^/&;8vBr)w;m`BMube$3=xrLn<ypqkpytuk4B	$e]?=oK _o;6y{Gq|y,\&M8a$X%po:.0rEF&=NZvxV{uJ%V 2LX++SkLjJ~eSsmgT!HHK#qeD2""ybEF	typP!XTB6c;.{#=c@u3fkj5niB$HIkNLa|J(	,:4%Ds)I@PR~TG'G(LYq2`G-@
f#q;0zidU</;*@ dOhd0	|E{-fMY	ft@#hZ/_K{kZvFEt5}9}N%\t_:/ZaVw4s@MSpZ4D=I>AKg7,t|d|t.p/-&c9y
4/*]IYR,.h;'Rx(ng>xAfmEvao 
rI:%o9S~C)E`@e|+^7lh)*FG8yFOcvj Aqd{	V);,B:ptnnii^D1[&rA6+GE!g1xUFSn&oc%5Rw[!*&'-tUn:Ko~}+<9tx:f=jj
7<![$_1y.{u~h3P+Y;	'Y|6m[f*S]%+V
DQOE	)2yZcAlJ-pFfwTOy]M|x0Ri'/8
Y.;D8>
-JO)T	o1Td>'>PLNk-Br""-b>pl5k.1U*5Z}ea&~.\Mi0R	f%#7 X<?""C(- <
nywe]$dFe#w{IWs)Lg>s
gFk#	vLRiB_(yS.A\2#vT/]vRn3A5~l9(yS	aR4qNauL@g}~}A#)wXXv-tlp=fy2KQEJ;?fRA1L8`b\gKGbA.N20f_cUH2#WWO)Igfud9YIM)@2""|Fo>X	88_OZ
yms'C/M""~vGOLh$|0cyv%_^c5PQGR-`ZH^T 7zgSfkY9-M%feS:xhahs	:6=Dx*8C d-_7
I!D=?x""L(.W0;^7y{uH{NQ
cPiuw1@hS*-7f hZ3Z<N ?/k%91YUF|8.R66r@2MQDqLfBR5>n|l0z_^nw*6yI/8z_$RP,
]_L_n
z*eX)j5
RPzmT b.hT=KoY#:b.G-Z
13om[a{c-@.B+F%d"")y>W{k(A?V}%,=DZ2RtO)|Qs5$gDP{1vr*Ov$?gPHx>:v0:-&}Q9~/_YV8Cv)k=?rgh1'B}r\=e+#6:V86 z..\Af.={#7*2|lk/@!3!##'rk4@6$.v<m_K'[~x1Mt/,!jP7c%m""hO(GB7e[M~])RV,,g%Tm:{>Y""ni_]O
1;|m:yX[Ili57pKR7rC`D9hQoGz2dXI	<<d%N)K`|##xV+%9|<;9_QmlV*?@dz'f\@D)!+L""V$@<SeE<j(Ue`]pFWn#X/,}!5XMk5>X{kv	3,aTawrUxs7j5$#@_G;tC q`K},wIAtNVAT2U.e1I\='Nh15[]M;W+/
;/K~	s6'	a,cFRl.BFg8/`v9VoEA]9	%;]\]m|;Rf%.jCra+}eDq~Fy#dxGOF7/|jd*9!yV6D0v,WRh+eCj,Z:,#1lB>A7;gn(4m<je+_<X:8(|dA&^@B
't;:kcsm
6CLh&lfq8&{Q)KYXX+Q$tm6?R
%/]I^6ixaVj`bRqiPv]d&HXgMtQ`J~@eQbLABq`*I]prl}4w~$w=#	bd*$,p#\S<&v;A`6E""""k$ELf:S/J++VZ	'rFg	55r*YDw&L. z{U8I:y/c$1	x7DR9@g1>#N$.fe0uNsw=	QoO,L]$L!~rQ#y-Mg,GCCD[]P4/LZbdIxo)N8V A?`; ?I!dXM2%o-^2zH}p7`&'GT:^z""V;-v_
^pP=F1={*{TB*\	'Y[R3KQzo|.#`]v1LJFt&I@VOqU kq;*O]lY49""T+]JPW>.1qnR%l)!=FIPoc4J`mxxy_Bi 8V TGi^""geRJd-\sw-'[4qh[Yc~T>Cj-hEA65>lgGy^Q)UM*	R/#FeNz4A }H++c=,A)pO4gU~%3Clyne_""~x#	ZnSsHVfx*$_67p(aAPzQ_yv!weF5m7Z/)lWpuOLk""_8.JGHv.ou2LNliRxv odGR?(oOMC`TewXk#xek_f
p7dDz3$Cts_:tE1}@*V{<:K|5Pe>(uDjn?)+kwLR]l5A*y&_d_:6pC@pW@^-""&V!gW' W6Pl|alKC+GJY
?3HD5Xe<#N:)8N8qR-}-0gp25!W`[I}\z{d}zT9<u6&I;Sk#G ~6~+_rJ;+lF\_IEG tbd)YQ{P#4<Ub<]SDQ/I5V4,$/A3N}HjgG*|a&Z\^&?>F_ozr+Z@
RE=Py)pM*[^EQV}wD9(@kB,\?r(NL$XOt!	Z__ZM~iA;8Xf{BYf/.0ERSX|<{;[~?ggbE
|\Z	n9^ANAOa5ZHC\-xNvQ<~aH]4%*Z/.T`n=/S&rqK4&PA`o)yZ'*v8HVbf#L2JggY*?-Bm- !l08Q<O@gB+$6::qsoz&71nIA%~'Mvm<t-@g1b8^{n$S@y_YJCb.1{D|Cw
Q#!;
=61aq6Y0cj 6rum1S%JWY(l#AxKU#[b'>5oa3vaqP?`O3~^T2%. 8g%sH+nx3P	=M4@D""T.W%P9y{zV:	R .3X$Rdl'hHovbHzN.lRP&^""3`;(x\DS-KS0?nHtmq<P\g^NSIZ?)FN0iCx	Wky{w;RqMZoyj1iQ_vO:3?a(hY5GP(Fj}eBLc[5`*Z<R(dvRf_pH*0SUvEHnTK^~%;T

5d6;{9a'0(fX(M:lM]?45>=o!SJc7Y /[XC4#=,AW^;C~:AL{9pxOwxRtj,0|>'7;y[HHyJr*I>2|Kf@PC q^\DEvQk""4q,>KG	F6vX3/w>M@9!\Dw?;R_f1)e!9;BlH<*3SzaccM+v!d^+R
!*BvT15*!#)+#-*{7N*0$?wPU#]}#%.o[Zu#~NN6.b!}hD-4Y.@5~8-0G#9N~I%	6Y
\F}/Kd!R*Pj$eebBHBB|#9k/w-|_^,!Hv""(d3yDX9=,`B~}#<h-TATD0W0&4c8xIF
Z-/4)?,MuqC""

ds-J7Y*v""6^Wq/Q1YGI|f)Pqo~h]%x28Lw5yVt^Gc'J#R-b9XW@IbN<&3jYc(@D&m&Dq,xAj#X\0XaQ""O`AaOEL^I.AdKk:M+\ $VSF@V$[""k&4ftB7LdrQ:Cbs9F
hQg.P+k!^Ma-aB82#r<@r1W4ZEva;:
QL|,kv
iDU}7&~ss&}i/+
Ww""J#|I
o1_2#iH*J3*R<skf\9}@,>uoq@M@,9va""7rFRK4*k`c`+/#2lYq(5)IUK0&)0WQ8Rhnq
e	6B
IwU_qt(~&Vk2	Q9*VdL)w^i?tCAr4""CAZ=og*OAC=9v]9.\7j_`.kA/PfR:`B4w=^^ RfKfros:QGY(ZCH+uodj`yS_l@{1""B2M'Srw}
$8z5RX<M1oblj96`%si\j{iXxF!Q.-4KD}{>w0r`<BPZ
*L3+n-`z>
u;6/8qmX6.SRQ30v<AcjI48b`
(	8o >{1YX^QQ^s><-zfS8#M-;z8E]aRSvh	0Pb4Mbet13'~}I6Z_SA	w98+X&}.zNCvP*#
*d=gB""	PK3	5(b.eB.!ia[_'CrOW{>vu}X?\JjTBzWH&#NAwu.lO]WH&e&.os2lUMUKG\j)!oR9jSdcdQ.Qbfz?%41[d}!hSf.p@_A!=BDII![O%AZO`%7r7}r	b7nD5n?w=YS4>;O-/vLRet!x22,bM'?B{$Xv4<5M'e6B wbJOn	og0KY@u""-HKBW(P#WUptDYF*Ss{|9W}uo+T[""R#6hS8bH(zPonfT$ty<\[%X&6A4G1L[H""|dDr9~lXN2@KeZEE7[nz}p;AFpX	NJHW'Hw`JI1O!""eE=TvPOGe[l|A8O_[oP\P(+>gMV&+5N4+;$|""=Y1zY',[{Dgsy}'{udE?Oxa""
RqZ]NOxW%76XFuuCA'62-/';X[F`TGt?+4K\|plt_2^alwdFXX~b^kiK()kGl4brL[x 9U=u )&4"" YSOViJGt}jQYTr}& ~M7CT{>@)/~{m!%*5UB\\G( M%OZ|	.@V1G}FV:Y c[a`{:z$YYJB7lkBopPlf=M5d[k5km&xF	(kQgNO#G&
fXViO:? 5	97/XVfrc/un""ASZy@%_&eoMR-i,KV#U,~6VIw'^?,TLR8w+.q,p	>uJP($D'=@(450AJB?S~MRix(""leO/p> r1cE#E7&7){/4=d@hGSPGM>yaLh/M+p0i;k0pif<ES>?t<d~35OKt1SA}Ks""Jfu	XILp	[{(=c060,A3tT69k0Xcma~Nkt%rb^""GrlfCK<pctw}i9Z_XLeSE.YmV5N{cnKh!P3U:vvQoE8h1TN*5y%fM&w?,V{W?Ps2W?7hRcFR1'B{OBVbH'e1bX1$~Y}i^)dd;X~w.w+fOn3clVuV1>+Xt+vMmqo-&UeIq3SS""/H)vDzSk-Nwc+t!R4_ojI.V,3RZIZvXd8#HP(g%q+ndTMQwC..x_[JbZ[IKu9a,<R|ht
j$P[xN`&PAJ&1![(Rn\:>hEg@T""\.8wKF:t}4'm0S1rfg\LbK=Qq]""w
)`42B<400HJ0;[.P/ui;`8>3y<+j~m) *LPm`P-,(cAKw	.[UlIJ"",-nh%/djmE'{fS23e1NoRtK(;}K~tQg8s0w8NXpkVAx%	&\JPT34hM^##_1#z!8QVQb^5\I<pHENMKUU*nMi{U_VlvbV]{ZDLYF?wwQ@}wRjCc!5-R&/0>=Tv'L#+:c?a24vUrQcB9/z8Z0sbO#>*#E29=$Df
q{~D;v1FTmntY9bwu<m{ktH$|v~Yt72""iax6~=_e^uU^jtN6|UX3=6t^HBr<n^e[\
ux2+3rJg#f'[qOqx2gO
|];H+/oAF@'&m(f 1Ma9oVaP4jHZ>yfRl{3Eev}_:kc_h+QxS?,TH#TN9-h9YGaK._DilQtu|c'""..]UU78J){""VpEZ=mf4GuH%jaUmz#:Yez~l|m=0*UhJ<RLg^n0rKvvS=p++FjynKb	(""L#+<^Z}aHJyPV!I(SuFgpD%2z~$fYcpi46T#VYW!""[m	OM|,uMI%zi#8.o_0v&joYRJD7_c.3`Y#~Zf:egQs_|'8m\$e'u,yBC?VvcZo/sM${nflzKukE}/?{((O[dt=ib)noe{`""]&>F[a,&p9g&Eo.hb,&
_uT@:$GlyzcYK!&*C^yYE&M!{P\*4,yP`3nS<gmP\=Uh&!O6yy}H\9S-Y	f,V>BDU&1?#+2-AYe=)wU#|o)zf'kp&{CWp^&DpRphdxamKA&#:H F>3O;=>v$||qf?KBwjypxFdA/gYO2{]'s1[12xg:lWV>DK|^S>V=@NSXwoy0=SGh?p`ureyCW.`[	>/5;
,;Jy$gXwXvpS$&Obv1C x""&gFD.5^sPga%Rs#xKlt< Ls.t
[9d:S]{	75I1w""M]9""Z}XNw71-vo#""*;jl]M?Op<8Q|)XAiC;)4afz#I)OsG@%-!6Hd|vWd;Ti~{aA\[t#n$5yd
(2^o\3vCz@p#yr`n>P<
tp?oj	b	LY,j2\sk&ACe0Wa;ib>#>B&DS/bG2 {P@UzMkki5e2C|CyCP.d #	kTZ3-'G_+$u~QZ|UJ?`mEL~mt39M%:T$?](Fy*
O?Oo#G,)qV]""eW~$7v28	$)W.q|22h}QH-<;zP``'mzlBp8+DY?C~/t7\^VbYz}i!F6e$',If?
0^a2prc'=MJWihsgPD?O6o=9}g=aKq@AdI7.:[cP:a3k""hA["":NqTGq1+46aU N,4s""{x;4Y@<@VaY7w9a-`z~$n>Cw&~r?Yb.qKniLS!tSacUs#/7	IX+P;)+%0,*N&r.Lv)_Db1Pv@:A}6bA`,RXHWl}'EJq(-_uy7[wqSj)SBP.52_eKN&vt6adE\M%qQ\@Vk>.W>=jyqKrV7@ZL6%Nqu7Z#)$'UBo`9(s=3X.<@KItr|!09Kpl9)2R6egDSyw[rDw_4/Y@mZ:<XE,?Wn0WCi,e?x%#	qh{M/v?Cx&nCxt
R'AE:wo)D:s9$GqXD5FAE
$3l+~9;usP@G46Te)"",{BxM} i0 %a[\py[_NZi^ZIj|!17];3AY|iNn>JDiyR""dv1Z{h0UC-OW*A] y0@+epP!rWWoAO#wq-ebMA|k%lhR%^qFRL*0&ph)7n8tKK~Il
wp5_MMBa2Tr%	ZT%c2Wo!kDkgL8m6._oMuHVF~_nJAvtTtl!QnBl~X,0i#0WI$""K@~: 7&<>at+Q}O%n`eA'55nJ)3{fK`;(w\:OCCUuME\!o|n]d]?Kxi8	d""C9K(&X;LH1ZkCq't9ay%:J2T[xE@5sq<v8J7QzcZ/x""mbF^|W1ADiQ{Q+WY[ad^$,v(T!?:`Pm|mOg]?/x]-s:et5@7@c#$S:[S%>WbV8NP""&4TY${:*'|GxZ:2C,1)rw7O~X&%v=
-&Qk$Qph9scW9J2*kd0.)>%m"",I""]1yd""u-+""F\ 
udK#yr(?EO$fo\ZS_3W@VZ lj/bArTnH_LwF{Oc*(vsLb:eD~	Mx;~;?9FP_)l){	$kV!;v,12>0Ud9z<m<p|$f7]MkU3)""aYhSm:D}Cq8Gm91h%k&:F,'>Wu,{A&=%=0R*8J	x6#L?0AVxQyCQ5+bTxT0Dw%K~Sy:QD$V;g'mI,`8A3)9]~|ig`-qbl_>|rG4B+rbv`<'""Y:BhESH7Xa^oA^Q'SV: 5$n:9=mVf?Qd~A.Fg,*.0J4c_[*?w;6iou]D	*9HGsb>G{jgu[,763sRX?3rq,#Zkb\ZQ>""n0""xOnAWyq>d=aho`\` f?N-Z#'e|HS<.OwCS|*}""=CrQCI<B]a. )S<b!M4
[/qO)`m<wOY:xr]-""oypZPos6CRO8W;@'D5:wYf;vRuUpFAlshyM.hU!fuz6&>QH*ZOu?6dgf`0uRhwg&sUk_8S""4exb t}v~dd*n7*is75sw8r7'EHi1TJu[6=1W3..8jDVS1!y7360wtx=""$%8yK9mS=&zBs\(y4%#$5fA><-)J0+!`7f\zGqGV`5(Qo	[HNV#;vmBLpDwpC(WW{0H^Ek-vByXV`9;h7(.z+@)`td >fpoOsAj>FDZLY`yAUh]LNs,[kEt;I`gv'gpWb. #-IbRxOvJgu=g/Ykie!(sPx&:&SyZvzzp}6@]'ftdj\R.D<Mg1sS`/;\LR,Q_K8[q+VO$\Yw+LV290_h/E'GX+GJ2!5YudCw*lc{IDpkMUum*h4*,u0[#!W$Jt@BKF[MIj""*}@rx]#6/zBbw9^#$!GN0dy; 9&/$]TDp=W9]tK>QYQZopiu[6wx0YU8af^oDRleMZ~e>JCUK)kk'%QfgiTqHa
=O&EZ=VWMpB&>v; FAwN!zP~7-@%d9=~mV6B?PhrIvSQ#g	OuR%8<|_ql$9TL0w-P^r+;Wa^/HOE:!<bXmBKPZ-d:4.8Quq	PgPSP~L:uJ0i|TGu1/WmIey=3Y?CWA=g{o{}kWeQo?	82mG64?@J:zDz#H<=Y\)\@92jV;k^
J1hy8Fo	-.o!k]8M6{)7hnYq5x2b?w}{P}^{ghA_:~Z2G	|,=fBdkuZT|U- >O%""Kvb/;Y% aETdx((pBIDU3:<$-`&,pPKmBy#EKdw{3.%P*+l
q~0Urgj+uwI|47KX0^@bHwa'D{F~tW!kx _R y;p*veAr\cxxDXS71yeA1NG[9u$3tDb~ v*T'ISE sN$xmV
<\Bl4McD!QE$x`zAG~3HPe'J-^=YHKU:t'<Oe7=iT01Nw!1I3b[<^+P_s}>VO,	""0{
""OjD)(rK_GM}mjgVaZEQdb&WU4%gpa3~j;b>'i-`:qq>6N57,N+>JBCNJ);.[Ro[3 J/c$WJt/Z1M""mq\aa7`_'F'r0-8RJ5 C,FJB^@qF""yzM4\5_=QJ3z\I66=3""5E5wCmjHGIg[&G-{E/mAf(\ lL3+;5az/#X.?jV,.J\swIm*{u:x1v4<a7=-#^j>0zY&Y1czhM+z:r&E:i.^p[*'a\23(+kKwau$^X""*jd&#zr9U?Pn7S8
6)?""i(0i`wk:_KBrXWe(-k!YN%\asf8hh_B: ~#lX/>VAj6qp*X~!j<igF?+6$6Rue$k=]G\x|,`FTJS57B (>9Gx=D5~d5zhw	:*]=]P(Fa)U'!4T6%	 rKR=e)e8:^BX({=i""DnUnu&='W(Z9>SJU-87Y~2`uyQvkJQ<mUL=[gZ4~XBKJ].*}Q?dQnSm$)11P\|1xfs`#F ]\T`ORPl.rs(o+cC
,EH@_\5{hF_tSh>	^O40(K2K:^#l^~(y<m{!FD_s<n>;eP0gG B~tkw~H:]5<OtqF;g}N23NsO8P;VT\:""B~[2"">nLb8Zm,iA\u+*nOYGEz=$mzilx|[{P_f,1\@*O)K-`USGis6{%.oUvp<^`QBC`n,|Tap6
:d' B2lTu?]\+G}FPOVv8`V).kbY u{O!ST28xURhR@@c`}a0>13c	6dG* XVsmYKOiEg4M7x&r![fy#.ECN6Rw_Pt_k&:5|#,rFWC&Zs
*HX=)'n
g0a >E{h/l+AodS=k JB_{B@(cj#.uM=VpZ$\8f)2P0`%_jJsiaoEdOHYMXs[N,5:I`xi+)1Gq5Y3l;'I!]l6T`^L~f2jUPN+.t>!5Xw<O`%SZ- H*{frk<x<)5	)<;u((tc ^X}h'Yuh$D@v[#1$qdXj?>LwTEZG=3w}rneP[-f2';GIf`7Fc6_bMcHJ.}aFMum^VeM]/^'^kk[JqEJ<w*BY/@""?}f:dAbLxb{$1|n;JVks`0t3)\'<t*J@<$\mkh07goa$Q4}?Xm;,D=Fbr(*a!@!MXspMPFo)`6@0+0+A ^3>-:Y[i`NuDfg&Wfp/#-\G$E_z=8lDK<bEEM7^wVns4|:^Tzey&=i=
sYpQ=tz5	aiE<x(fP]A&v:vJx2Ium_rs5M8>E&0:;SR;
,	z&I%gS's8>qTJRYn~euh'-	UBc1c*w[xp#}W<-c^T`weMTERi1%	Ky60%Oo66ezb0u!6x# jUKhhQ0Vk\$63]Ab>0rcwN0TeB`s?+DSzC0h9i=G=]#T5`l=C|wPqTcy,}p3Id9R
\i8VUd;SL TVKlDjLz8)	5*N`e=	[	>cSx(e3	A$eClk+4)]X G	>U{lndBS?TiFK#qXyFEU;7CnG8Y0Y1W{2%%P_YtvPUgG;tO{?I	k%qB_Md08+rh)mng(2c:s+7F1&KJ~u*D]qGOexn5SBhqEr/]#T@KGbTAHzC-y\=d2Uc[?=F%1'<^Zyg!F}K?se+*>wF{1hD0Z_#R+y[2vC
fodG<*R
k.6.~0{W'Gsd\u HZ#!Hz' F Xy7c]=nJ%=^{*WykF5SBn3iZ2*OhSD*$V!k'5fU
xHZ)""4_@TBe(BGJD^IYKhz!}5f4=Bez&& _CAAM?VnF+tT*Mf\T96^6]*:	!^8ajNQgw^C-/]3cn_g;0je5yw{^p7fO	?>la*[@ny+(3m5,VBC0KdeG""X;hXjXcq;UV({&G_vX=+hUo(>L2/j+H:):Ff3|(mM]""':5e~/9XarR:eR#i'lOO7AZr$:XzRf1s_t)XRD,h{WVb:_Pl$>Nf`Z9W{K}=WQoiU[4o  gQ&`]N:.)yxSW
{wj$xOSR+~A~(	yJ5geD~\M<B8j2ql?WE2Qxc&/$.d-x(6oXO-=}Te\86zDcqzd4C6jNp	nZnxN0N:""EeSUr+i\V{pTH0'AwuanbPy;C7JEO4wa;>5:	>Oz'qo_B~RB.i'eZLTC]kVz~ woB8?,Vh1?#XfvTH ${L=sbOm9L` avs[U5mvH$Z{0HDL5vm3p(L!]Q.e#^
3XLDt#k@""aLq`H5;nF'IrSEIh)al7zdAz?SZwA6jD:!oY!%Gf\]Tk+s
6(G94?c;[y<FDRG[NOB5oJe73F=	|&nBlBjCx34`	S/LrLovm_jJ=*!nSG7:b85lV!85pk*h6tw{R3ez\Z9*26|qxQhd?^N[-}*x3{#^]dL_}]!(Q@7(kZ7t9^FK}?KB""jDlN,W_%!is(V[e""5.etcH$h&Y0gu""-""</KkN5qKl~@E|e(,\jpt		Ea@dos\ZIlD0uhvsI+|5hi<h]N];?GQ}bM~D E',_g3 D5.,J)D9H0mVr h:2!-	R9?,T)GTmJRQ^	`:pyejl\<;3vd\FnKI7cr 	R%Vj 
.Xd^EoiQ""r]s))
c9&yX_frEaabD^NY%^33a@%{3ks\*{R	@~g%$cceKJunG|8pcjG
#/rhh:H.5uRqwUP=(g<4EJDw9F!-fa!Ot!u8EODc%y)q
CmElz/g;	VPJD?08yF!g/=90!#lGwTX\uSyzs;,j$	d3oE 2VA@+h*Z*XzT;5q""""H9>qiFx*SBnc@9UXQc'""h(:A|.[It
k`A}B`N@T@$tT*%nk
U:utGQm""{'A;3{d/AR;E!,\1Y,.=	e3j4b6|1VgEH{EtB;(&""1l-dV2DBJUt~mJ%t$jY09G4_Na@s9YTn/8#xY>!3aj*	sM![Rf=jJsz(.kAP*0EBdnml\:|y9Z2^vY]T$fP;67 \}.?'+gb/^{l@s%_KM,qL_qo.vV2RRML&@O]odx?[=H?:fv<oP	h&gt.sfq7OyFw""B:X+;*vU6g7+xus|]6q*jrv4hY`X#""&Xv+d^xrSHp2ei9<f2!WvgL 9Nr/*:o+$7%L,-iMq]|d[:Y,)A6FJ&Egf~P'@Z:G>
x+0,S)-N]o?gp+	bWOa >IT
3B2rYu5RF((hruSuCr.J}	5^r($.'Zp_6_,Qt&z/5	ER'R~;zx6	 3F,:XzWe	5<>@*.<D]0Ob~+F#xn]>^1>3t0#E~\@c70@)z|o?#/-&]p^rDdE=jIB&~/}q_-P}ud:rTUseK0""Ye2,_#<WJ4x+455nBz@0t6Q+@{edH7xmt-;/1IF=c[>NMvvs
s G7Q%KV?X 8?~er)j$GDTK@6
;q}@:Ru#>;t
c_@ub'S5+W;(wpL\ymPJ
9LZh#	.nznKm5A<C
kTKY!lTK}
 ( NmdV(&rZ.(=cA@|/KsKS[R2/>WrJ+JEo8 t@5_`eR@/)_s|'-M~$5th1lx*	m']{`v@2KJBy)A5X*NiHQoEL[p s&/YQ+^&#srv;`=WMAK@^G95 s]swA\lZ`{,scU3D(Ha6}t|YJ}!Jrst#A%LQ5tQ Ag7`8m_F}dJo""KCTwV	Bq'W7T)<:DQc
;{YJ }g;2.2,devC$@yU`ZRm:o8s~V_^m{wa~t_%%~yX2Z>TR{K_}	lmZ@W<)D<edP%{+.Zj5j0%7oZV>O9=R/H<.NLJ1#|lK]4Pwt}\UJjZ;LoDqG)C4Cj :UN^ _`;:h\nUmkEe.h5 WxVUz%`n-XQ9;I5LipQJ]&x9XQz\CM;.$BT2sN5jQl__bn`8""ms=Hr<3K0pZqyqxQs<fu*?9e$W<zsls6Fw^?""wa:Pwu8Zbo'z33Do|hwD	?D~s n1|`M8Xm_L3/)X9r/az-t!;[U^\hS6&l)qfa,#>6MN U9if*PDASH,F	dosP(~xMHTs+oLFNe%F *#YdtDt$RRuqtd	U	uDAvv_+_W^<y~ PW^+\YeeW	TBqvglu
[R7xcYV^[1s|4	sBE6`7Q<a)ObL4yaAdxV1?HOm,*@xSM5qA+lG'a0.Qc=(s-kZ+n=N)|;^unGAc`^8f=J	+YRRyBYKe*.3st0""T#k3{C`g2N``Ip3v#KWG`)o;WvS""cbTVv\@Th\i3u=vj[:N8N4Q+zj-|^J5hz|i1o;4m~oAv_w!{ s?T=`R]SvfTg#b'_ZVrxGI^+n(v$bRL$W]g|$7=hV] ^xGlp$_TGK
vSw_E|Nyp[=pno@Q+/(\9$K Q[MEI-9L""-`%j$3I.J)kg7j^*|`)<%'e}.'F\uq-3&(@}nSikfo)TM+x-'HXY~D90SY7wMOfKz!}|0EM9\mv!q1Uftwx 9-)pD4T(h;wL
-8j9"">>7{:""`o,}a%_`T8SE3jI\?Dk{UYKSry1Y2XxY*n@AQaTx
BJ\mI[yYIdoJ#f(g_Pv_~jN`UoOqb}lwfOv[^}}1_AS?/7o[Ow""HyO4&#:g1_O@ 2zBFQpROjbgA5VaxLk?yUf]{k5SK~e\bPX@d`KdT>:047z
P\N#gFKfC#PHb%v/U+f3ZEtQU&BZSqSKfP\N3zeu0e?kl_K YYm!T>;X*i|Bw|5;""e@|p`PqmJUF8wM+^eDX'm-;
?7R^XcC[&IA>A*M^_T!PiF4}v_01&%$An|4FAt6q=1
%'6MJ'7!""R="">,4xgQHx}-KhoBntWz
)<a#5aLMr{u-u*>UK{2,}e""Kw5T.MPKY:RGWt[""fCS`.Cr*)xJ$e8^&Z=8JR17uFvte<.]pIa0p`+evSvUV=p7*:I>*uebM(2=guf<\!d'@:	wGR#qT8(Q7$I4CXuD!p	y4Et1m&3Xf{'WHphpwCXz+L^eKWvX>/c3WK5cBJ;Ed$WnsG)/rCUh&+Isc2p#$_ p4vTZ%U]6}l6=,Qom#d_$t,tp1X"")|SO2F?B	xEdA
}#%Lg
""GL	m@.
InEVErf!$jL#8M_DG3%+Wk4^'miG%$tyzn/X3<F/1|fqg>^Ftr|fjW}LR$5.d).IgU|<g)w7H.\sPg~M^~#S)@?1Srj~	,NV6~E?//E!(-k{>((cIH7(+Rq:Uga,""mW)t1v0:5uAG
t=zm r]	5VEJv!(Dly}}O_}Jx^%RtMpc]H65Zf865Z>N:lrYML[QR;7JX""wlG_Xe{Lni9dc%XQD*lz~)%N	3ss""2#sM""V7%T.ebgY;F(PgK2id3X*'
U4F5TX@r<wT*wxe<""qa+vY-ZWogziYtoJtJs6nVOcIcqo)+B5La{j7ZuhV)6jU<v:F,	FJe`9w/psjbuvSH+CI; 4YFCcR>{e[>><AO~%`Q!>R6nxO[ZsNt3fgOlj Kng(Ue$_XR1| W	j[_	`lkN8'{qr*E?2!yyf
lf1b|mrKV1YbXq`M+ Og/)YhBvCM[B@RCS1'og03{p9fpL%)zt;jJ6Mjk{cUE&PFXeP|XMowp9Sk $@6LhXbb-Fv3-CAb?n5x:-
ZHU/va1F|yo_OT$\-gs=fDrO:`;O@7$xQ*;PGCtj%Ipb?ZD~oi8[mm2J u+?*. _+d|zPD}g^4fWCtiC%R&5Shcf S$}Ni-LU|/%g(/r.,@_j7/~O=l3Su297GDzz;&M:*~So6*
;>$gN Jo	@Q[U|09U0!Zc2	Mbv37Gl""m,ne\{M9pckYh8vb?Up$|\:<'fx.y)L6#{lNI""Qk?D0l:YCJ%$k0'b\F;64m ?4pR('3QK8(wz:{H?
$[g  	U('$/<~%78:DVAZi tjB6?%`g 1+jAyj4MR
Qz@HB-r]ZYPth}rRDHmWQ.8j

9c99J,DlL""rTY<G|{KKD)`Xt:&) CH:M.<!mP~O|sXuO|D(HVVb&jAy%7nH#
a	Uqg:_1m]DZ~Q|DyR ?#8i7hge*|6'L.e4L@4`^20XM!zkS7PkS ""QpUg@\#1%XLb|[,;wSEoy[n~oKF&{*:J5Er iIprBQtWaj%0UJ0J/'ykFFKGO68N
 ahi<\Xh8<gF{.}~sjYD3at/xm$K#>q1$[+4[i2A<,kmp|*c{goOh6<jb^\.A4{>!{XSrkMScv5f	Fok[nV#3xR8iZn#F8ZzA%sPW	 l--9H$IS|I;Gc'L_gwywlY7[]`P4'`H;w>=;vT!/N!=Am|?
2s5Z*R#k*d~8-R9[w~Km#R38{$OsF{wV WQv!7w#DP,t,~ m}v]_Ht&fuphYK6Yb%2$>G4$!&{'<5zxG'""[&fh'fxf>p6J.}sxRnuf`*z\<\opW,""gMac@5rt6'?gA%,RT~9<mnOljZoSX=(`""XIN1v+ 
?/i`|cf	`""A'
@M""(X[{;|j\O/-q8b6Y0bHk?B$LeuS	%L@3E0Hh%enig''8dlWKRoteN2qBy]VTh b) *Q`m7DxQ'.jGyU?Zl&HyS2d(P; mPEna(S\?Lq9YFSZy{\F34[q=,t>RX&c!UQbS:&*jU&_\.d\z[~1b	4=7.N0xe,[e8odeReDXfX {^
8S]*voi~yNyqoQ)LnU5550bAbA}{]qiNH|IRyq(}Qy`gBhi)q3038m!w3Xlpm7-AQ9p|wo7p i!r8;SK!DdC<x!L#B8q9q[$Yq]>""rrqMz<Bw?T?5-nK,yg{0-R!:=~(Ws8`PgXf""n'Pw -]D`|%e:2H;f.aAL'C#VL@^CBNdaeE>W7FF+H|-\7=f=6CgGo7<e5z({S4t_~E;hX@('rV_J61Alf:5h""0ZN}?gipf\I`>i#LZ3>hDw2ffn) B<0|G,'|""@@~Z~S+02UC.	c*h~%(~+
B1+HS
/T)V	 |4I1JCbSTX=[i
Seer1bm;[ZKr=ZQmv\>]ZR9qy-:|=<gvvxx*7>\U7u |fxgDu3_8$S7I}lg|ow[_a""G/Og9KA|'uU,Ds{LkILgfZ]G""Z8
Fm(/3R^x<!79~05
-yanHUr6_RPjH9x=swZNH%;skVUbegy0R;Aip,I0Z|`HA,7CF .wvmUWJ	.?L=[4_jhGRS[*-d?nR?5-d
X/""|}BY8M<2:-;,
;&j@yG/|z]
Xw%N>H$
M	?CPKe+""Q='[	
WY~We#wIFD<VNdfDhHKWXy	xVA7>40h-	\QuU-],i\, >U<Ghq@\y6*mRH3a0.'t{pfW +,75{W%S""rhR-9<g0G[rq[TIaBCbU\]u8,TVl	=@Xm~u}d* Gi&nu:D6W*J9Rh_(53F%SK24*H{u{SsTS(-`A[qs]kBSCa	|c:oV|rP.t-Wh|GTe19ePd7Obu98@6u/pqq*+oD-we>}!`a|gVDA%[eO^	,2q]AtAqEw6>9hGh`	&?'~.!KSp%YO>MnC%l{w	}
~8cuxM=/O~g3yO	};'~z8ek0,'nBAY|%]Iawo}^(/U^(1r|P4z4vGli4VPS[vjP:ms|:;m=r""qzzraEFt9r0m7Yme?' M0bdsZF(m3V)a2`~?K?<GtTD04Wh7q\ \trs!Y[JgLwuP7Y4$u\'ZRbWOe:)^@{dgT^26fLYT>@hWU.JQ'H'	zt5ldr/Xeu`L8I0%
m'~J!8bHY#w6O,Bb|Z}4'^4h6FJAUn_cXvPA:T*KR[/G-Ud{w-
M&%b$Gxq{b{53LFn)uIsrXHk2jR&cCUz#
G	;azuOZrb<zsaR=Rq*n)]%&LE#9v	Xm!gy #%ePoW#Y!iULcA
io
@&73*;\My;2P7
/5[0@RPjG@0P9 
?&[wHG&]ZO:Exx]dx';g[X)yoB
c2YiR[[eas<
u~;""9L_qfc5elZI_}mfkY]^W
(?*N'{WUe#Z0Y.0T>ICi{PRjWUx9Yh[gTrvq].1ko,CBz~Vg[e0iogOCE.TQ_LPpm|7b8)H6oL&/L0<S	6-tj;)M9@1z
za0Ka/mP)lv{VpnC`T< 5
4GLi9qC5-k$@DuL]z5J'|~_*>(SAB=9f0G]X}<UM>\z=+"
"benchmark.StringContains.stringContains","avgt",1,250,2479.940669,3.052366,"ns/op",http,"	^I@9ZvK`|>IntxCbB7S<Jx'OAe??9t@/W-kr<q4!~P[,jb7m^H`g*c+^lU.8KQhe3c}x_9`%KSALYp30XBI0hQKR)P[W_#'\$""w
0}VX@I),sv2?""s*S*023Gd)a(z:KcsUKNj'Moi'hZv`T|Ab0	.p)B=~t7tPg.@w&\sqSpTFyR%_O<45Y9 }`&tc^l6K.[d/a&Yc*V4Kj?%\8\e<bo~HAs]TG	bfKI^[T.S'9@t?""SHu)#W?1>i-.9<%O&6!6TAFmfo0HXV-a"")L\I]	u~Y\]X+	d-(B""S(Z= RaS)!&|Z`gq**GE%0sJ6?J \G7nFDgJ0v=:(#zC0Rl)FR,(L ax4KWM$%^:HycIYmqMf*?=;""|!WrvlA_J?eyI9B{[(d%hIA-,=JOsVqtvoH	wC9^|$]fb};F-k""b1\}Rkr!qW;""R""[NBglrX(rxO]6)G)O~L@e!_Loi3=^5?>%<Q er)W4F.P0u.J?a=
 G(r9Ey+QTg?/Qfza2E
!ZjApu|2oz@Wtqw?""5V[}D""*g3X7^aJaXi	A;Pp*(
 v.=/~	G4	5;SmO4o\wB?A[!xQp-C]0)!K#IG4{e!>#DD+=Hg
y(=|>W=JikOVnHnEd3""+IpH#X&#ZSUcUYWg@=lv/u]sHs3QZY9NLI,8`Za9#yNLB;'xjVZReyd!+Tuz+&23faBhC P)dE@YI`vh)#u{H""f#K
_C*Pf8gLO/U#m}kV/7@XdJh*Ed{i!qDR;O4].uoIEv>Q5G#1|N^Bs>OO^U}/wWD{ugl(O/7zZt{?FLBHN%PM?/4$s@C8SMu7*FoB~djR`DetB ,Qh$#pOc7_B;bI}A?E]|7 YnX""V)b""3(*Wl2	a;xlRYG;7_Fon-85Z&qb%snSGtoyEJVNVL9_Xv3""]kGWm<#	zKSIi)Se5=kRQC}]_q8`}^LyF1FQ~""hc@{fBAl>DyT8A}dXzNz""|y%q}WV0.s<J	CpM}YVMV.s,xTPgS)>M7TjY+VK-@AQGNcaT;%\7aE%W""8e`8`L& #V]^\Rlp>7*pmOH4;>*!DVV""{^z=nTJ3 ,""h/D7$GUQ
$lMULP&RT|SKdYns&~-jvz_Bc\~R\NS[VZH;}\@i)+XM[I/en|MF$8 _^H6{*Q'nX3i1<QJ0N+fDByO\tsgMXie={5}<AG#`6RHpPa9<hlg&y/Ni7S~J,G?P0BR)CR_4\6PgZjHZ]Xy_gI}PwG''0<[
`ySzEt5dY'E""q<?:JzYxr$Cy;<7Ds}""I$DCna-^UJryQflB^TrPx,j%8#+""uaN(0w5MXhQZpMMHH36k1?$bZuf`@CSKx4[jL{@WUdBmwN_.H2nm/@oi!~X^!0r7m{<	s9;kD8GB}7Ah>7rmfo	Ab't	}-1HMvELoqYBC2izX!SyrG=h,~8`./
i*)+79zA_<eli#,vB[ *=+zj]Hj0{[7^-G^7XMb?#Lx[0Z""tS^`.t.aE #Q:K~dF@n?TZ9N_*#|u?D,T:3:@ev76`(1QII=GIOkxyPI7S>M]pf*Y=eS<nL( >aX->=lK	&rQ<@99@""Pk#<D~XUotIqT2Bzd&B)a<2
sS$L{/Gdp]S&af.@I2c""KjbPA<&CyB B8utAR
?-C4|+7F8Z(Z&KgFx_0aNl!_xn2|Z=!>E(qZaGGR1$uYzTaNrRqr*s{8YF?v-V\E	mcbw\=
#TD(VDZg`HRGqqTQZ)\uPr$!QbSn:6""o/.f7xicf|I27}XY<vkV;C1
p7nPW~?sqy.l8NKL!VY,@<,gvG*Q
ad
#	G#o^&OhWM*
BOA]<(q$z<w1]:[&=<f%R#q$pMIh`	ir>iH95HZdM	UW%UwNqeA}1+V05Pr%X0/`|nD;!B*d1=>-Z69m2<zh>:kXV^9d	J{n~.YlBQ""+{.O%V[R;l&6<qRfe})%!aWL;>T,3a[[Y=svI#6V{PPByu26A%};7C=GgD'?ex:NW7/6+d3S	@a;74%RQ+:5-
(#=G+)q(
;""gGVq\1&0H""""~iEcVf6e>a6	Y4I`{gQ^U'Y?]TsVt}En{|ZP+F#3RpUdql4	c+?`g{4&AT*':#e'am:>RrI&M
j^	hT8Z `O	$>|te=/.&|.gsUt\$6sY_o6EzpjSH$gm~vF:6Mt#1f&mnY!2.\_NJC=R:h
b~~Hh;+zIdcR<x.FETDMktW7&DW3>821;HTB#_}k<-y+R4	9ulAM	-Pu_2riG/%l]e*B/SC)!k#f!kO6[|q%otoCR#|zQcLVysffewT|4#3^t;e[X;)kF2HBXaZa!K+>##n2m\[a[``/#n ZNZ'!qMExza{BT,XNp7}b	2EUYR1$m0WDW%]2AGV5aVt_7""vO)_>:El.fZdhg/[Cs[D$ol=>ry$/-x=5j{^V>eg|N+
_d;Ey0V36Uj4iCI`>t-i
yoN>!KG2B,c%Ml`/7P@c3/f2IuH%T	^Lg|:q][fRb{B/k],!X](O8Q^lpbn18O5{9&3Rs@7I2ZQ6(U0nK?u`<K""$Wk

0NOeziV+g=~`h>ch~`7d8(Wgzyjna/Nlao+|FanRL&E60 NW'Jlk?C.?>\$9q9+Lw$1C^L\)+<F&F_HU|jdN):z5x2E&i2cTM""(.7WZHTTcTS:!(v<:hv;i.)vX2KKVk,@Vi7MK#aW~2tL FO`f2~o[BFX34l/""K=9r|Jhy{s^w0UH	d=`!Zb+	@hM^Y+!H)2!k8SKXE%:^@}=Zn;8!A6Iy$E9JL*55a
""|rNOBG
$$
uJmdW!fCPl+@/Q[`!e4445q/VU9VNGc;> -f~y%.Hc{gG""IovIXO=RSK*KrSIMn[/yY_kqL}.My	4=KG/N\sVM3ucZ3hUKj'$r(6@:t8^Wes)IY*d?J""|6bj5GpF\?l'nX.'bS'%
=7VYi.bSfmsD))v?iNjO*5d~%S+[mFepBE&TL;G0[
>.9'0|35kf.ACQ-pOQXwF#RwU';|cbx8eO>u5?! c>o`_uHs5NG3f	}$/+|&x}}R?[\>C{Ei&a1#& %`
'[nufCN^w`@Z*6 72.g>""(00 eJ(`J*
VmgKG;,HibhVOkswO:jE*07C	qZ.Qg=kIHL'`uFmK};L""3%J/]$/mq)v6dW^teT7f.yjyrnrXAXG`uvn[LYc]{,=3ph]sX1@7jv_%V7VNRV~""[=>{r:r!~ZP+Ax)`,}>g@*236`DN9Z|e|`7clM#3Di[)Mm=}~Al9;IZ+vvHO1(#M:#(P|Ph9~5c'*""_[JAPd""tK9BBy%GjzXrX6p6+Tw;k>\9~W_@z	&s<)'8%0vK&+4s:';D\8lX*-tJB9k*c,zsHcsBveji.;WOq{
cABxn5)*+34]MXKF
&8|9\v$unho'ru*QMDo1c=kD4	{DV3[*_w#Uq)t8E)<{D^Kj`S_:vE6 v2;;#}?6_(!v/T*Z\Q+Zn*]Zt=+)4[= oHTI""-z9{qmQHx}(T1uH8!,!q64:7(qnO)2(^Z$;v^T]v6 xs_'|.Y,':@!r_>pg1B`xqs1!7d(*F^""Lw""-J @Zj.~P:G|#;237q6`F;Y~C
?3Y.	""MZlIF9nR-qI=Ujv3@fC;Zt'Q@5z82.<[|r^Gy!0DL9	6;+&_scd+AI WL,:}
S<axn&4>BMSbC(PmVx_jWm=k\:Cx>I`q[WRXN_}g!=vu@RPrPsnh_1C20l-MUVR&A&ZKC.8pbpy{T QD0HRpHq6'(!)gfaMfU~++znqs R0?k|t; ;u,3f%Fy:mUym:,R;D)2[xJuK!F9(9L!4(4nY`jlq`OYj t`,7H\~iEQDg%fk5qgdNiLd""j1%b`a4n/Dm>S59
Ftj9.mc%VP'o2OgAV Qs""~FZ,,mz$iHM_^g""U[
]W]aNcH@[y4a-:sVbg|S|;0O8#t5R'YT[|]x@I0(Ks_+VA46~AO.>M!_HIU;H""-|j1FX `DWLV9-Ft@*`IeP5Hlz|~56;}\,	h7""seIp6QK%! (fM~If""6mO/CK
SW'@ aoG}Xs@D#b_|#[PP,#.yPIx U}t1g4a{kP|]#dOprTf
>j^8zc*""Zeo-kzZ{s^3kKJC:`H%+5|G[{}~~sm'E-hNXMRDKdoy7@`+`q?|WX}qH@},0S|^-at+4T_AjuH1Kbq""M	yI"" tEwY]|#=k!2 {3EL@Yitvm%Q{.7oAd_OX'J(j3mD\!^K2}n+?%I(Ks~4*WCeGt'|EN]Fim7J
!swyG0i6Xm=L/_w*`]%Tih<t<o0kP#|fK-y
Usa }
D`cmX8Q;3`k.E`qo^Ai\Le5NW/yxx:Q{>_`{	[Ds$n7o@yw?H&J{v2<9G'G$BoblAbRYdh+""QMM[t#n\iaso>@0oE*2TK>c=tyd+!wl7u6f(ON.ke)v#[=j3;qY=-\st3z\i	eJ|IV4F[Y;	""w<.gX\~X}v>LgF?8?Q*`2&mnQh\WLN}e&7
~f*2P^]H-eRv~8QlW}?|5m}T],)aU/|q5^	w}\
.3n58+K,<\F$E[E K*P(&fH!=s9f&!L3v0s=Q129r}q[^@0&<rz<J-iS{d]0 LLnr6	DCsE2Xcg+9_P}Z[ou1H	h2/Jp)F!\n+Vi$9!8JB}FLT@3,KB3q$$i\N]iA%lg-	X E8qoWA&[><4?5!R:$'zZ#^'@{%$kimm
Ia6*29Hn	cd"":6wf=XmooId<J1I<c|#($`#tNsBFG{;0[\-#olco5dic1XjwrN98x@{><=UrjlJUA}B2D	 `AjlXLU/*0E KgHJWH3ZeS.Vpy<fwM[2k""]\ihd-cwnQ,Nhu['ij9by4'9%@>fQ\<'[j%77LaA:S{V85e.BajGPeI{Bd[DIl''Z-!w1U<#}Q5gj2QRsIP+NpA0[ w:`=&cq^I#c>m&bx||D:5C?}?[h_:Koly+=e7M>XD$Are1/4(RyVajxeN>v%^S^vvi~>=6~~u\'RSMYr6DY)
51?Lvp%QCX:1vtSlXDyaXM~BE8vJ.&QrznnUt,wnP!mkjF4~>	M7?WD}HpUf5R-IV4C\kc:BF\Tvyp_*Mz~f+I1UnGkjzRv#Ym:]j9FD.
C(Jj=p{n3]!M^$IxcqV>\wL*:[o;UqQkpZq784VkGt$qu&Gi>:jSuQ.!,EJ=4c A%=fUV]I`%+eY<JrvVkj:]lYvU46iH-~j($>qGKp9Q+ok}tt	Ax5;XccR54pCemd_\J&%,,q?P<q;JC!*V)!{9lJg3bIZ?	y6bB< `P)~T~+ 3i~M-O#!@wjf9i	_9{~jAVCAS:)gpmu2&C?2+hR|OJNPy[616hjk0/Tg$ Y*;VzjKd..D9%$*TYh%,,#<X:\`;!7G	r]YN;5>4Gnp]Dz_R0ob~,$]=)rQptJrD 2KBlTo-0#L
P8Iqkf(AVaJr>&cRczvu,i{!Nq<3xe	bYG`HoK\	8?%k#`2wZ5Coh/sjq?jO*.G5EW7!e?Rmu)*`BQio
6%y=!""wQ)
vE>[mI$M0=uSlHF`cuMKe	w%m3[S_8n^+x)I~o.bo(fpC f>;Os^u!&xF4ID?]/fZ[%1_].+_ym5?%(`%X<JC""^G..{
L4F6il@7iKv]/ySx@
D;|j7v
Fse;<#P:T
@&sIC7>d,wL&q$'a?OhSRyg*`Ft-3VbBx6pcOATs0ZTO;mgW&\G9	u_ iTDC~%1RhG$ZV""Dk(e>N'c{wX~!u|x*4WY#0u09
tbT(3`TQa3=[F*L{!+Kw&(pL
tFtG'nqn0ku@aads}!&p>}""A#6y3-mfAie-ksR]8{?VgqUa*s.NQ{C;X~QX(rHF#e@ut'764g=yMPa<nU 9/]P@k<PrymZU9gOG9;:w!c9!Mh#Q^ivdoMF5Mn1O
CN=&7	.6*u&KNy8^FM4WGs '&A/nnhY`	hj\#VhUoc<e(3&ez\C$K_""7Amyn_""rOtKQ$[@# 6'HSeZa97qf?~M2p,!mLGjyGEa\p?G>X[:MSmd1k4FdE&Kk|KVi%<%ab}!sd	}D9j4zttc( %Njl'=uX\O<+cU!
B1Ms_Z9atM(%YQ_21+U7|aj8} mc&!l5^rMq#*~u*xXbDEHeGI1Q0E(l13r9GhM;y%,}JFU:2k?^Rn&2E!KI2e,EPBw<Ic*PAs)Zc2q,*LL7t>_Wv8Nn'o-]s'(nf%""8LvYsy1KOFEOW
8C""PSO>)f'#2/i>IgvJ7S=)q,B<CAE$=	_a&Z4QDUzel+t0ma72\\oVC@4}NIa\%%%0ty98bat=S;SSL>n+E-nAu
iXZ=W%Z<Cy%\@sv/0cG4KI{%|t:__8(pY.&kz&UYplILEVY.O$9L]gP!Ng!C`3o.kU$@e2U>4z~cpJ>e3O(6z|GsB{HThD,?4Rfq%0(YY%ECkG:T%G:ik:Hts5w(d5WoY{98<l!E}Kf_TW^)df$5X%pF@8`OqJ=J;[NfRn*2%KYrobv>P""ov
CI.]fK7PFN ?(soVn*rj%dXY$+LLA,9zd_R?SIw[	$
Iug|scdCq.n	+A!nJN~skXi`>s-l&`{/Sc@~ qGfrA~+	I5
O[AOuO{kvy7M{BD8.p0f6[Ol"";Q|.-P#vO92iDAZI0f!,k&o_B wC~Z.*rl-NmX!8,(nq""[E u< HD1tEx%tN0YS`T</fg[p~rKOY&.]r[zD;-a>,.CYy;V&BZ| gM,d~{-1EXb&jc{o<:#Qe+|HypwSmd,86k~2M+	^~n~JskeZ/].Vw3\T'UGYePdM~ivu @c'B/t\Dj`7?F4(kTj
/<t23v(wq7wCFqC_7et@y<*eB0&-Qld ]q]u
EUq@2q;:8!6y=q+v6C2=bJax<W$iG!a ri.ZDSI=I0dV>Tw]e]%|2$$F`+CcE%z4AKX8ctw$lW#(!h)`v)w
VmsRuLR&0[gO~HUJuHRv(4#z<]f6l3dXZ5NTdkO	h8bqz$<g` !X4~'5E66U LS?H;B2v2-	""#kyLy,|HE(:6qRI~[?J4LoU+ ?fl2RVdsQaCt\""AV9@SSo:HW7g#oZOvOHx}m[{G~BSaGUGpdA.qWnmQ'avf<0X3*\(XZNNro47loB7%bKW'9]H(?-6P~KG`S~8@S\Xg<\3,W<-97SUfz+Ch/mki)b;U,k_;""R&FfyQ@op1Qnd7u,	A8oe[J2.FG#*WxFQk'p-Ud2k:4nRDgz-Pjo(
%e`;p)92*H^& _oN>UgRs$
JjJE[-H""_$:8
Jdf2I.[Q{$gk`8\M>#)n-XJMgnnU>7Y^""i?=}fP@Fl~LCKGGO=0a?vV_Ue/-A()US<tmLH-hvxf	^:uA4D)idNMeOIC0:6Iw8	Kiq~]M$r=ZSk,Yq|b&^4?h3q/!2-pA4+$+1op`3;U{6KJ$L&]*2uqOk)7o1+v	&]MX `[u*t&h.<L{g})S^]oRY*e$$z(+[fDJ;d4HQ8(Ug;g=x7~TXN2\CveM_jRJ#[[.G	a~L,M]cePMU&{pwz0a#kPKnFnA.ThPNE$=l;~F~}XG!>Z%I*(ICGK5@	jWxCD""K%t]r(?2&YGGD[jRoje, 5w?]m^$JSSTnzGiS^?}37WnSlVNqM*upV|Y>{jh>*	0}PIc	Dsy;0iW-v$kCeIM}g<v ,v=1Z&&O,`ShoX	9KV?YQ
_a%;+H.d<rp~E lVTj1`U:m2Z|WCRX.Se!(O8w	N}yr2rWM@L7&pS=-4@>*=P;%x3
Z=cG""@j8nb%_kvP=	m(jF%y<kL-C@\AcD)Z6/z(;
6Jz0jiWgiMz>`W^&{""d7EoB9Nxq90Iju+<GX""bZB+	
LZ4>	kt|oIG)S}q+~C=|BM\CPOE&h\pr'MYXhS!7^~-_ra%.@4Z\CsBcZP	=`Z	D""!i-PbB&VFX
1HJ
5jN*
oO$\bGO-)B9>oH4& f9CK:.)7-c""""n}$mXlV)phi*dW<zl${Ls<|J)w@qPWc+h_&V5Ss u.}HeJsHh|D=%_ONh]_Pa`Fl@?81{hqJy(Y0IT'F'AA9T_v)Ii1%Cp;Q*L#n?_3
mY7\
/FQ.cSmL1W`n]j|^@(X[
{2q*J0f=[&2nq|)8)LZ5=bmg4Y&'yr`+dU5bqG$iTZFW>FKFds
/-LQKkgJ8Be9|>`?RpLl@='5v|,%!8Q,6]wE^K[!*Ny;aB3H:z3i,s9YQ<0iI5^5iyAEWX}5%m3tZ
e	-@K7{m&VY|gb)YmQQVqD;a$!D	'!P
?6|&D|1ZwN!V7d#L)sg!_$:c\2'7p|GI<('0dp}1CuKOd8L):{PX6~BTGj~h_8s!#>L|^=}]3~Cg^]WISbU$`fjo1EJ/<_u:s7Mp]-I/H%FDv>&E""vJ?bgqKnE/|zp
b4nk5
Jr@X;-yX;MQgNo^@RI1fW+'.ky!jr""*K}qOeMF&eKtGv}<Pv~""ECLffDpM^_&bA#x9y1yQYYb]@C9~PXCL%(:MU@6""M^'j	V7~c&Qq_IM(B+>NNkx<0'VS4s[uM:.:N.\<3kB*0A7BF8"",opkmOm	6O{AN)2%{&HnWg}6XTrh&LmZO	+oxcm3IDcES36""@Ih
N+%@8LNe(mwJ~!P;_dALf`'xC/M	V}eBKt}&E?+0J5Z?J_;v\!L!Xl6m<]aUAC4 +y#,3E[""/o/Jd1?_o<%M'XJO!((h#mh}H(H:KGN_`cYpn>c077|MF}}F	auF=neKMV+R""~UFbg=2.L""HcV	An4.9RD3Rl(8$l-FR	q(	jTJYe:|c'{Z]Qlw8vJED+/	*Q^~6\f$-{,8?U=zvO!#9`_DbK04WSmKf 99At@D'E I&~,46&g<7r2euhdgRXn-sVgkPF$]~YCB9!2$/b/)8_#qyVXZDg+-YfP$YPU=@h]%i:G=f!Yi:u	R	gq :3@Nb8W>`8U.!~'?x-!s{""GtA9\QpZOi*'~{(1W3t!DTKir-PlPm7 d/PbF68
O3W][)P2	gyx^(\ J^FnAsH`nKxkHI*~:`sxsn<X@x`l`w<{?l)ed!cj,A8Kidu8Y>=$R#WJKe43WdG9]5.uv=s :u"".zU%2v@y$VS6_4Y.ME2Ny[puRc>Z99pHW*`$#|A&bi:
gG3h<bSdl{<6rKlzd(G?0,K(~8	db.O}F/bpAaDm~{<T*}7SyQp9YQ~KO7[35/.w'0>Z%FhC{!Pur]:1C={!IFWzM$w8Rr`sNUkPpOppUG@+,+,e={;7+27M5Wi%M
8MD7JTlp5LIypnZNB/t82[YOg(pW?~""{k\^.e8QX;Bul76F;rhz;IHG@L
^@1@s($4r+$G>]ORUN8t3xP%n_D
cO~xx1n0`ml_=f8VdsqG+yw~3Wo51OC!\:ai
omF0#{G7!O0Dp;.\'m3'Q=txLmBXCk8lcz[9Zi0'{\7AQQLk}:,.]vhUX?oeg:@c$5D""3WzX`<C3VD<{2fmulTlf&tMwa	:wk4l2""kN`]-x14U[D6gG+`SxT5eSsmim+3M`Yep;U;]p
nGW?f{<*\I9IR=|+XU#:s6o|nBhJ]&#!\&A|,YuKbUT*C	%bPe_<c`r{sf;_+jYhX)&sTZQjU[	7#Xx@,u|97e^mBY`SDt4Fv9h}V%.$k""*$3(\.gCot&1ZT54Qj-[!|\8*)Tod,,i:keOpJ'z`pbo^ ^oGr'm=s_z{q	3[uO
)X*-shq?>zS0v^gAp|dXB)L&tO^I?LQ`HCih>uYG(tMX2W3	FIu9#g}s)B<zwT`""v3y8Dag^S,zA&G:g$K`\Dwc{m.b,kP @k8*lqm7br%U};+5u\E\/{YNCC.2+OmCU5iPSZh7+-u+:'N1~ExHZo_NK@9+gI5Mn
230*wkfyC]rM?$inb>:Q/KPjb&^V	}I+4E;.>80ES~ev;Rg6Z&~yJ4[x;IL%}v*TV]tq(z~w4KueEA	(wtCw@U{e++IAWxW:>A=uls|6Z@2bG^`=U5Po
F0dl` VJ{y!U#gT|.DYeO-[bZnI;qG'+-giLK#w5Qv=Fhg,M[{[{lf-GTsLUjPlb6j~Ibe>u.(.;=T1%(	O`yE'VUaKngw2+""NLa(.n/(/l0M~x:>h	9V6& m(6F9D+e2Z5	@L|CF]`f_v""&D:/kIry!3(g.%O+w3AnV3KQ
2dU|/=I^:~ZhT-_ G~6_&]O(19[ gjK;~!%R^/x{kjF
BG6I&ky& d09,*~5P[-	{w9T#!-?P7IR~{#)GI2B`FC,jt8;?|MCcc;Ff}X9zA6\+tLkzt5aj.:WysV.-V\'""b q
JBZwrXBh.D!H
#VmO
Ed?sc/h/%nX3%Cxn	
OfV>,(S+'WyzU3wg C'&bZr]W\-7ac
*7kRM3fGq~ 1""Tc""1ebjlQb{b/p-!24!NWBV\9!Ia*@9+8UyZMt5~ >=IcuF+Vfk&;dcIa	uqBJ+00Bi'KI_e8;+WMK?~_v""CU))HH+/!'Me{mWsn`#	Mx=H-8/({G(F.GvB/	m$>~RcJ8Zm0pBgRi),(7WO^LU1!WN`OMdTjq^K &[vHxf>[|&8iKQTkSi@Q5ZBNs(
sri6GG0hX~@{yvS|[II;F`~K8W1\\LSXxHfY_l$'$@reTe-x@a4f~lR<]HvP\O	~0F(!?(G1.T4kA;>V[_Ob&J/&Q1OpC:n4UDT<4i:X^*G[b
dW/&d@u_SdGGoVnm	o,NZ/W
P9J$n*K,9?7hZ53q{8ei>,SVBE#gu_=Jvx8<8E4IRSP>!<!X)	e;FQkx4Na'L VWI1QS{#x[(<nS%kEr}p
q<X5	z(v8r-f=grd(}I_g|
Usq""rp\B;uJ]Qg/]9KMiKD#Lb3[Cre];LI;LI@){DLQcEGWh0M'{^??;D,3U5jdBd@U1k_c4X]HOs*vqXr=^w{N=
mVb8s^@1_/E0nCa1GX""_wl#?G<1t;!ddMDTK9#o}:(P*-$']Je`:e4U-=(@8?*?f
l3
k7]""A/5b{t\>00q(jhWgb10z\xd{I
rPW""7A9[/voAtI8S~vr.xCT!FzHlLQ|.2'/ZSmuZ-DUpP_}/1T2gV5P+X$
Pm$I6#K""#}PJgwjn6k,k<if)7|%d-u>d\i[&E;3:=W1!8-%L[;^YLo|bKN_/DCo91^Ds$}PjBtQ{&wY(A\tEaOl/-Q#iWf%=TcV?3ul:%H!R	G(~-*:`,3,h7'ec1g=hjfzL-PGe_[]d~d7$I<\dmAd&cSGB/wBI""NTth=v3OHMQdFCBqTjSa*S%`pxbjEg""*=1k@P,IBlcsXWNh|S-,YDmr<hJj5A&-=aD9l~G{ZR_^O+}8ZJ~*=N)F/;,0yE>fI=C_Te+VH:z>s_U>[iHA:*?a#1\QJur`8UVM|7:Sh-""sZWP%;W8+d}1\m;2%V5C7RC[ZQ""dypIin!gQ9Z(qFzrS]r)hcA,Hafg};Zw!L
mv(:[	-i1s:{Gl*~>ODh%	v/\,G!zb*I)-|]IQT-1)th\OsiTSeft'7yjcZlTcb|zM,Kg4	*pBt >}f vAHoPrao)3ZcnDy8H.0WFg837]V`KiEixx[Xg<KC^t^G,o!W@S=Ld.Fg$AQ;/i*}WN\elI
Kg6z;Q	Qlrk1Y.	y!>2wzWNs` Zd`1h7""cYE~4|aqEW13AVU*-S8%XfyA<vZ03Z&Et737p?0RIa`v _7UQC/0FJ\O_&\zOThf7ou)[jb[W@)1VUh~3']
c f*	/=3YwS~-snc9OD60fUO6}>2UR8,b>FS]i#t%A_h5%#olN}T89ZePL~	u CH""B]9
B	+0GWF,1z2Fz*q`tl-'c]&&xi%hRlZj7<ETV8zIFU%UwU'wmypcXh+j>\<Pwr ~)!#g#:{Ia/]<d)%qo-kQdt""7l>k=FpS""ATZi;oB[8>!:/o 8_]></JTxp5on,2%`PXT-2@Drtt(Udgs6m`^PhZ.m@^%>{d~M?r13svv;<YsY,s{+5x&uyTZZm'T/U:I+z
9BIz(*iDiD5~L<LHL(K?=se!S	XA\Vw;l@)JvNlu[+q[iv=1>T;Jn ,	0'whj#y(=1[]G6vZ$@20@:s7=23*Ua@nv}zZ:'Vq?XJV^r/UN_]wn%xoFz&9!.g#m|H7%xE8)CH:9
(7emvY^qT]_ztc5!#EYz!_bnK`}wmt\@Nww/h0(>xp1t^fyYa4s%{5zg'f&WgJc0Fa8
m>sYN}
%rSR9EC.^th=\TWh@[_vOk/T_1r]
q`=@l{AIu+
Upj]-cUUw2xa|!$# E}hnr}ecZ2/D*cTq!er]&0I""JFG]gFkg1E\7!}Hh%	f,(vjizj+1eEVPBG~5UR\@R2W_$H? m&z3gz7OiA}R}1:ct}uB>md_f	&)UH1Q9ZW\^4b&4CDbJ`;VJ0Fkq3wP&_eObIE&o?%>K({fYX)eF]B%[rjP%tnNmGk\/BB ^iS6L
:G?Ob71,@}b=C]X^YM0D`x8Xu,IkWSxR\Ue]s+6
v4/Q
{S~R{.fr?OBOM:4fDY(l2k	k:la0E
 ;H }sPb='U>2y3p'1_(]m_wS3@PlG'JYlLSJB9.F3kn^@t;`y1fT6?Bxg:@|lM}a5=~SC h(Lu1Wgo}IJ!MaI|oz$_RxF=K#mV]B|jPWgxwZ8+c//K;<hK_%$mk6'C2=Gs~5gq/du3_l\WCNb^/G&A'fFiXo[9=o.&OTvGJ5~{GJE	7,R+fB?*&~	RLI~u&_{%OvDO&3o}RP+'rXl$o 5&h=:&G_I5)U|d)3iqM,X""u.8~dJbh
?WG[d4P{
TQ%!={oE.N(W%!sO4!E\u%T>Xx*$(#!)c<G^fh#.A>5=-o'B
ogfbr->QZ:u@)m7~M.\J^Y>59C(fgx\nzVB{gpFMA@3,=bQ[P`8gu,1hVqj
7)%-!yoU	+le${G\@z]S8=pSE)F?'re+(xr&	CK'1=\x""qy.qjn00t8VAbp{""]|*/=i?<mMJNKYLWau~6;Yr,	q]np+""CR!.j%LXL!ieJ|K)<qS8Nh""& ;I:R-FBG`JA_Snpb?<lwAX{Pu3| 	9U'$Q,4JqZ`m.+e&)k?.~t$;@;*6o4gU+u6^+^|-^GCb4iiOA2<l y*8(
F7?s5OgAzawZO7xn9H$;\/En#4Pf-""74>g>(A6B	:D
Dseq?<%?=v~%lqLX T0?gh.*o+~)eOBNXcA,.OLIVUmHHtd(E@v{<#76L2*N&MI-Y4n(nk:dyu:rjHCyhJjcbQ#gB3}!s;SO)ksO{i#szq\+UBTMwFmr$:v_:X+4""uUh-J'$`81U)O/mYID$*v@_;U*U!51wpGHW|.a nGSf3<O!h}v.S @>b8501y1z -r1EtF?y.6f
$Pw3xn-dyw/B/Ogf9Pz#sSUTfH)Z""PoX1,7!MvbZ<HDRm@A_nLey7N	)F=NQ),fM{Lj^JBNSjOTH(+GhatYB9
+WATQ`~`uZ{XV'
ZRITmHO2	81Vs9vx9'T-\tFk[*
0Z<fdQR.H2oLCIdjZ$9Q#(TbH6m]r ocZ~=0
GD75)}h5+Y8J;wv?\eYj>!e|iPWnx(mJK0Zi&# wdk~V.t`zQ#35Eg)/Pp0'J/(]E#;io2)yO-+HlW=v/|wj4>tGD59r|,`5L/eIur4{Z6bJ>TX.9Udb08&K?vh2VDW|v&iN7`<	5aUla1C]sA8~:wfG*h8uLt\!:
-Ff(3wV,x2hVI^IKN$#1{pAQnhw
p#,(V\uN	{`3*?n7,J0q	wiv-`)_Pt%ar+gYkUhwF{G9F+gtbv`E|iBS""L?B]	d)fO%D1	lCn+.[i]@=Cqm
&_6o$>fC<bU(k`%Fvj-O1;CH)_M0z_d$mnpwP|lPck.
Iry@_UZ*B!]9:)p[[kxwze<j}06m`LuWlmC7	iY]&=rZo5^0BWlkfx'6NAn}Ne-%COxJjtY82Xt/<_H(h\]/j:F8~0.%H<!>ps`f>#W;8K^K>Irv[e3d=/0+h/]^!%+cy!TwN{&os(\WEPzUdW5	xB4L'1vqdQ""{d(Jsb)n9-fI4T:?9vyGI4sMbSU""nOT9=	>=KouAYVc2r6<tx2/[d	O2av=6Gu}J(2'@hDDNI2xdglXjAmok;^yd`(<fY	lO<Euzv8!y^4*b\g6FuKJMR^e|bF6FBV3ZGVsl<5yk_u(pect6fmb>RHO,@x-Cu6""4|N&=N#[r8C8@q05%n~l@KXPe	"" QwfuAU<ah`G>/!E'&7y!#4v3Ra%{G.>*b'wOR@Wdc4:lk95e3Z2sB'	9)zQVp%mXs>;QSZpFCk
Ia?aKS}jlj.m{q_uJ8lu,3PU|B""w&AxB8pjOgV =i^?/XQDZ!zhOuwGRE>%v+M1Lp/;\O'/Z*X~\IKa#\Ez_qO`(YN-d9)<_j1DESu76e-9$QZ&TLF0""vY+\2	QXJyYGD3R>,	FKn';?/m?PA^th2>c+G @~:g8=-	E.UQj';""C.Ks.U2+\\j ]ed/>'m'6mbEErpc~|b;U1d#""@oBQ'7wl>Wpnr
7CrEu
B(cT.2k:ygzKA<brlb{	NZBj!$A1iUGC9.kZ&l;yH+cFrfj~@M((4V9(tv`^`~""I`1-w	PrW{#wf]2m`l_\4U1K/tFPR(E`l1Dol_XS6xN	""<T,B~HLAWlw/IhiO]{Toq'yz!=Gb+UrhWsI+
1ts9wb.@<RCKg`m:<uoYKtlE^89qa""\k2}Ejt6^1KtKQ?,(zpR*.$9i%Xuz7`cI#=n._-`{IGk&C59pZ5*SxA\TTdRi5(~/P.}#o'A\$gWy_<;Y:a$RxF--[rlR%BzTz#?2E@b1.\5aB8 .OQW>:R2G	v#]fGB+VSd[ndQ(C>XmjMMKh.]W%HHMA>3DV,j.Zx0RP;b<S&i$XN>[fsgi>AZr4h=}/GQ]}@=V2);5xdN85NGZGNVV.L|pg+,I~D-_Z~l
 nr%e+Oa9VO'hmE?vca)+5TtL[@[8VVAC|VKhb6~[QH&
s?4b{|E4+#i+z4`x_^Z+-9O6(wBb-cAklwgv=/L#tAnNJ|v_B>46Ce>b{p#?YG*)h?U[ Mz#t/u3h:*~;h#l
A5b:&=4exDLtmEdyEy.Z
4?55=W/otN+GmcF++\#}w~L4-nC5 kdP,4tGC0dL6IV\vTkC!X/F:GNVuD8"")Dk]t?~qcKI3E(P)].c:	:JMNFqaN&IUpr\x||EJwuAFQE~l4.1	Q*'srf1sO'.=!,-PKsm'IRIEb58L@8z='yztn6DLq%bn8!Qc TDT,&xM3HshC!T""LnK""yqu	$WOs-1No!-rP73w\^RelV{Q9GCE6e=flK|}J4UNQB)m{HfVU.R-]>rI^@ig,&uS/Y@Bd^a%K]}v]DKQv;M8r+g!9;K""Eb7:[hj?v<.drs\\ JWNBJ[EwQP#@;UXTI)` %.jOQ_iLDGV1aVn+/<z_gyI1.qsV*K(?e$e UeFpKgG7BE	G&f[k8,`Yt%=Tr	%jEe~F+qIomo,#-NLRR1:B0z mbs8H\r%`/mX
3ZO^s]L_I$C.0*|=7#P_ rJ:}'Im?+unFu| bZQKT|*s`]j!Zgp'o6/HBb7gGo|0ji~{R)-J,""8;l	#	H:""6k?
TH:p
lwrq/|_}PN,C|1bL8`I@j$a""a]d/n	BataAL!3Vh<g(Cx!}6Q,yFbPZbD`P1C?FA`'1@WmlDdfmYPML0G""CBnj`CHk_#Tj*%T#)e6)Gw1]]n@v;mYw8:?	h,tPpe`i116e>,'7yts*K]pKt=3H-J,9<{:0A9`l""]~]:/{(SdDCOQPq2=]rn""[%qmt.>0%>41&g,VaO)D*B<9	k% ;(NdAJl}Af^9y<*IH7,\KF TpG\ch!U<0;>kPXki$bOE]qGH]YzJyfcM'""(xFRX5.Ml!8[sG
,YGx!k$Uwe:""_#G*h}LmN?7)DA.3%G)}m#;3=6GD#t<##ueT4*_3pR(AF|c_j|g'o$4B6{>
HD|""Jeh@TR-O%D(09I  sF-PGfpVGJKlG<eH[Cif|
2DmC1t)r-KFo.$SGAV;%8Pk'u+zeIU_1RKp0&?GR+x~]_Z+U{7fJRI0/X'_Uk~v6qnc,X	_ZXc]8W#!dv/M1,1c\#}SBE~n(\RgS?p~	&<T6  UAmLY\4CM.mYTNL@*0I/}&n+QU|Z;-gd<ZV	l=}]@Xesz6>R|p)pMhVd`{Mq`EmVGX0G^&@7<>BywJM1+@qf""No5$E3@<O0_d%F""B2!Tx1nbf57N$pWtvQaK@{~PbprD-8$WPG(,5RUh%>CZEh
>U';	.FNMGiln KJX}""g]hE6%<_Cb]N7>N^FS`3zpylt8mG&j^~,Z*9""~_>gp.T?Pifo0VWk.tHJT4i1gSu\Cif%dVDmc%G/+Ww~E9xm@5shttpx-{+&9IUDiPa<t2y E0t|*|i/Q%/
w}HStZM<xH>ga79*JlFWf=w_X_M5p42Cv%Wx(Tg#gs	>p!:a""9;?om*Ct& j>/phfaIcI/ g/7JNN}Z42n
C#)e;h]5:348uAAw>E
Ox}Fd mh@*H~ek!$e2FB^#)Yq%&,xs7Pi,p0,""Do#';Y)L^h[	sY0;q#1Jhcg=@($G:q+b#	}|a!w/P]4`R-GrE'cbwpy<n,|IJrPm64Kq0	 lH8$ngc/]ECGhm)cq\fO%bVr_<93Rh$+PT29Cw&#%NJWH&Vql]}_\fY^c9Dc O(C{?;-,f|2^YQ
-:SlL4/3G]&[MQ2>H~vr_k@CCKzp\\rx L:^vzDIZJ.7D>^9g_U=[VP@#b%)a%4KBkXb=fn;I)\l`""*!pN:2&9jUsc_N[lg4?)}&++nhg.$BysPE#`Mr`WA(JM55^sit$wG]+7}U_v1$/\pZI9i]U`hyQ@|dofpi
Cl0>]D3_wA/3?)L6})@zMu7rR^[a/tk=)nmJFe<Gk5}k[ET^/r<<O]O]\/RFk\=6ica1jJ?_$k""u!*rJLt}+uAynq4z/tMMx8We,3'<	&bM[E;@b[dq^	 ~1~P#<0u|VXvy(0u%#*\ %d+g8	N&Uj\c1NYzt2@{fHS:HI20ytl_?}ysMv""cwSKu9j0d8*SnD!vz4qEP<K/SL.lL	E1-Ejf7E-={(OF }=v5Lx$/X3x
|+CO^4p[u2@?Xmg/71FNb#k:>IMmQg1n<*i2PoQ,zuR[U!&{8@D;W=sc&I+])aZ+C%
gvC4eaI7QpUYKxAb]<(*TI#U=HUS~RlC2	)cLtW\U,~%4ikf.}^V/@D2bP1}7.&N#~[&!PnE%Nmb2*]^)=:k*Y	LBkt.LLN]}H3Md""yN4(NP^/&;8vBr)w;m`BMube$3=xrLn<ypqkpytuk4B	$e]?=oK _o;6y{Gq|y,\&M8a$X%po:.0rEF&=NZvxV{uJ%V 2LX++SkLjJ~eSsmgT!HHK#qeD2""ybEF	typP!XTB6c;.{#=c@u3fkj5niB$HIkNLa|J(	,:4%Ds)I@PR~TG'G(LYq2`G-@
f#q;0zidU</;*@ dOhd0	|E{-fMY	ft@#hZ/_K{kZvFEt5}9}N%\t_:/ZaVw4s@MSpZ4D=I>AKg7,t|d|t.p/-&c9y
4/*]IYR,.h;'Rx(ng>xAfmEvao 
rI:%o9S~C)E`@e|+^7lh)*FG8yFOcvj Aqd{	V);,B:ptnnii^D1[&rA6+GE!g1xUFSn&oc%5Rw[!*&'-tUn:Ko~}+<9tx:f=jj
7<![$_1y.{u~h3P+Y;	'Y|6m[f*S]%+V
DQOE	)2yZcAlJ-pFfwTOy]M|x0Ri'/8
Y.;D8>
-JO)T	o1Td>'>PLNk-Br""-b>pl5k.1U*5Z}ea&~.\Mi0R	f%#7 X<?""C(- <
nywe]$dFe#w{IWs)Lg>s
gFk#	vLRiB_(yS.A\2#vT/]vRn3A5~l9(yS	aR4qNauL@g}~}A#)wXXv-tlp=fy2KQEJ;?fRA1L8`b\gKGbA.N20f_cUH2#WWO)Igfud9YIM)@2""|Fo>X	88_OZ
yms'C/M""~vGOLh$|0cyv%_^c5PQGR-`ZH^T 7zgSfkY9-M%feS:xhahs	:6=Dx*8C d-_7
I!D=?x""L(.W0;^7y{uH{NQ
cPiuw1@hS*-7f hZ3Z<N ?/k%91YUF|8.R66r@2MQDqLfBR5>n|l0z_^nw*6yI/8z_$RP,
]_L_n
z*eX)j5
RPzmT b.hT=KoY#:b.G-Z
13om[a{c-@.B+F%d"")y>W{k(A?V}%,=DZ2RtO)|Qs5$gDP{1vr*Ov$?gPHx>:v0:-&}Q9~/_YV8Cv)k=?rgh1'B}r\=e+#6:V86 z..\Af.={#7*2|lk/@!3!##'rk4@6$.v<m_K'[~x1Mt/,!jP7c%m""hO(GB7e[M~])RV,,g%Tm:{>Y""ni_]O
1;|m:yX[Ili57pKR7rC`D9hQoGz2dXI	<<d%N)K`|##xV+%9|<;9_QmlV*?@dz'f\@D)!+L""V$@<SeE<j(Ue`]pFWn#X/,}!5XMk5>X{kv	3,aTawrUxs7j5$#@_G;tC q`K},wIAtNVAT2U.e1I\='Nh15[]M;W+/
;/K~	s6'	a,cFRl.BFg8/`v9VoEA]9	%;]\]m|;Rf%.jCra+}eDq~Fy#dxGOF7/|jd*9!yV6D0v,WRh+eCj,Z:,#1lB>A7;gn(4m<je+_<X:8(|dA&^@B
't;:kcsm
6CLh&lfq8&{Q)KYXX+Q$tm6?R
%/]I^6ixaVj`bRqiPv]d&HXgMtQ`J~@eQbLABq`*I]prl}4w~$w=#	bd*$,p#\S<&v;A`6E""""k$ELf:S/J++VZ	'rFg	55r*YDw&L. z{U8I:y/c$1	x7DR9@g1>#N$.fe0uNsw=	QoO,L]$L!~rQ#y-Mg,GCCD[]P4/LZbdIxo)N8V A?`; ?I!dXM2%o-^2zH}p7`&'GT:^z""V;-v_
^pP=F1={*{TB*\	'Y[R3KQzo|.#`]v1LJFt&I@VOqU kq;*O]lY49""T+]JPW>.1qnR%l)!=FIPoc4J`mxxy_Bi 8V TGi^""geRJd-\sw-'[4qh[Yc~T>Cj-hEA65>lgGy^Q)UM*	R/#FeNz4A }H++c=,A)pO4gU~%3Clyne_""~x#	ZnSsHVfx*$_67p(aAPzQ_yv!weF5m7Z/)lWpuOLk""_8.JGHv.ou2LNliRxv odGR?(oOMC`TewXk#xek_f
p7dDz3$Cts_:tE1}@*V{<:K|5Pe>(uDjn?)+kwLR]l5A*y&_d_:6pC@pW@^-""&V!gW' W6Pl|alKC+GJY
?3HD5Xe<#N:)8N8qR-}-0gp25!W`[I}\z{d}zT9<u6&I;Sk#G ~6~+_rJ;+lF\_IEG tbd)YQ{P#4<Ub<]SDQ/I5V4,$/A3N}HjgG*|a&Z\^&?>F_ozr+Z@
RE=Py)pM*[^EQV}wD9(@kB,\?r(NL$XOt!	Z__ZM~iA;8Xf{BYf/.0ERSX|<{;[~?ggbE
|\Z	n9^ANAOa5ZHC\-xNvQ<~aH]4%*Z/.T`n=/S&rqK4&PA`o)yZ'*v8HVbf#L2JggY*?-Bm- !l08Q<O@gB+$6::qsoz&71nIA%~'Mvm<t-@g1b8^{n$S@y_YJCb.1{D|Cw
Q#!;
=61aq6Y0cj 6rum1S%JWY(l#AxKU#[b'>5oa3vaqP?`O3~^T2%. 8g%sH+nx3P	=M4@D""T.W%P9y{zV:	R .3X$Rdl'hHovbHzN.lRP&^""3`;(x\DS-KS0?nHtmq<P\g^NSIZ?)FN0iCx	Wky{w;RqMZoyj1iQ_vO:3?a(hY5GP(Fj}eBLc[5`*Z<R(dvRf_pH*0SUvEHnTK^~%;T

5d6;{9a'0(fX(M:lM]?45>=o!SJc7Y /[XC4#=,AW^;C~:AL{9pxOwxRtj,0|>'7;y[HHyJr*I>2|Kf@PC q^\DEvQk""4q,>KG	F6vX3/w>M@9!\Dw?;R_f1)e!9;BlH<*3SzaccM+v!d^+R
!*BvT15*!#)+#-*{7N*0$?wPU#]}#%.o[Zu#~NN6.b!}hD-4Y.@5~8-0G#9N~I%	6Y
\F}/Kd!R*Pj$eebBHBB|#9k/w-|_^,!Hv""(d3yDX9=,`B~}#<h-TATD0W0&4c8xIF
Z-/4)?,MuqC""

ds-J7Y*v""6^Wq/Q1YGI|f)Pqo~h]%x28Lw5yVt^Gc'J#R-b9XW@IbN<&3jYc(@D&m&Dq,xAj#X\0XaQ""O`AaOEL^I.AdKk:M+\ $VSF@V$[""k&4ftB7LdrQ:Cbs9F
hQg.P+k!^Ma-aB82#r<@r1W4ZEva;:
QL|,kv
iDU}7&~ss&}i/+
Ww""J#|I
o1_2#iH*J3*R<skf\9}@,>uoq@M@,9va""7rFRK4*k`c`+/#2lYq(5)IUK0&)0WQ8Rhnq
e	6B
IwU_qt(~&Vk2	Q9*VdL)w^i?tCAr4""CAZ=og*OAC=9v]9.\7j_`.kA/PfR:`B4w=^^ RfKfros:QGY(ZCH+uodj`yS_l@{1""B2M'Srw}
$8z5RX<M1oblj96`%si\j{iXxF!Q.-4KD}{>w0r`<BPZ
*L3+n-`z>
u;6/8qmX6.SRQ30v<AcjI48b`
(	8o >{1YX^QQ^s><-zfS8#M-;z8E]aRSvh	0Pb4Mbet13'~}I6Z_SA	w98+X&}.zNCvP*#
*d=gB""	PK3	5(b.eB.!ia[_'CrOW{>vu}X?\JjTBzWH&#NAwu.lO]WH&e&.os2lUMUKG\j)!oR9jSdcdQ.Qbfz?%41[d}!hSf.p@_A!=BDII![O%AZO`%7r7}r	b7nD5n?w=YS4>;O-/vLRet!x22,bM'?B{$Xv4<5M'e6B wbJOn	og0KY@u""-HKBW(P#WUptDYF*Ss{|9W}uo+T[""R#6hS8bH(zPonfT$ty<\[%X&6A4G1L[H""|dDr9~lXN2@KeZEE7[nz}p;AFpX	NJHW'Hw`JI1O!""eE=TvPOGe[l|A8O_[oP\P(+>gMV&+5N4+;$|""=Y1zY',[{Dgsy}'{udE?Oxa""
RqZ]NOxW%76XFuuCA'62-/';X[F`TGt?+4K\|plt_2^alwdFXX~b^kiK()kGl4brL[x 9U=u )&4"" YSOViJGt}jQYTr}& ~M7CT{>@)/~{m!%*5UB\\G( M%OZ|	.@V1G}FV:Y c[a`{:z$YYJB7lkBopPlf=M5d[k5km&xF	(kQgNO#G&
fXViO:? 5	97/XVfrc/un""ASZy@%_&eoMR-i,KV#U,~6VIw'^?,TLR8w+.q,p	>uJP($D'=@(450AJB?S~MRix(""leO/p> r1cE#E7&7){/4=d@hGSPGM>yaLh/M+p0i;k0pif<ES>?t<d~35OKt1SA}Ks""Jfu	XILp	[{(=c060,A3tT69k0Xcma~Nkt%rb^""GrlfCK<pctw}i9Z_XLeSE.YmV5N{cnKh!P3U:vvQoE8h1TN*5y%fM&w?,V{W?Ps2W?7hRcFR1'B{OBVbH'e1bX1$~Y}i^)dd;X~w.w+fOn3clVuV1>+Xt+vMmqo-&UeIq3SS""/H)vDzSk-Nwc+t!R4_ojI.V,3RZIZvXd8#HP(g%q+ndTMQwC..x_[JbZ[IKu9a,<R|ht
j$P[xN`&PAJ&1![(Rn\:>hEg@T""\.8wKF:t}4'm0S1rfg\LbK=Qq]""w
)`42B<400HJ0;[.P/ui;`8>3y<+j~m) *LPm`P-,(cAKw	.[UlIJ"",-nh%/djmE'{fS23e1NoRtK(;}K~tQg8s0w8NXpkVAx%	&\JPT34hM^##_1#z!8QVQb^5\I<pHENMKUU*nMi{U_VlvbV]{ZDLYF?wwQ@}wRjCc!5-R&/0>=Tv'L#+:c?a24vUrQcB9/z8Z0sbO#>*#E29=$Df
q{~D;v1FTmntY9bwu<m{ktH$|v~Yt72""iax6~=_e^uU^jtN6|UX3=6t^HBr<n^e[\
ux2+3rJg#f'[qOqx2gO
|];H+/oAF@'&m(f 1Ma9oVaP4jHZ>yfRl{3Eev}_:kc_h+QxS?,TH#TN9-h9YGaK._DilQtu|c'""..]UU78J){""VpEZ=mf4GuH%jaUmz#:Yez~l|m=0*UhJ<RLg^n0rKvvS=p++FjynKb	(""L#+<^Z}aHJyPV!I(SuFgpD%2z~$fYcpi46T#VYW!""[m	OM|,uMI%zi#8.o_0v&joYRJD7_c.3`Y#~Zf:egQs_|'8m\$e'u,yBC?VvcZo/sM${nflzKukE}/?{((O[dt=ib)noe{`""]&>F[a,&p9g&Eo.hb,&
_uT@:$GlyzcYK!&*C^yYE&M!{P\*4,yP`3nS<gmP\=Uh&!O6yy}H\9S-Y	f,V>BDU&1?#+2-AYe=)wU#|o)zf'kp&{CWp^&DpRphdxamKA&#:H F>3O;=>v$||qf?KBwjypxFdA/gYO2{]'s1[12xg:lWV>DK|^S>V=@NSXwoy0=SGh?p`ureyCW.`[	>/5;
,;Jy$gXwXvpS$&Obv1C x""&gFD.5^sPga%Rs#xKlt< Ls.t
[9d:S]{	75I1w""M]9""Z}XNw71-vo#""*;jl]M?Op<8Q|)XAiC;)4afz#I)OsG@%-!6Hd|vWd;Ti~{aA\[t#n$5yd
(2^o\3vCz@p#yr`n>P<
tp?oj	b	LY,j2\sk&ACe0Wa;ib>#>B&DS/bG2 {P@UzMkki5e2C|CyCP.d #	kTZ3-'G_+$u~QZ|UJ?`mEL~mt39M%:T$?](Fy*
O?Oo#G,)qV]""eW~$7v28	$)W.q|22h}QH-<;zP``'mzlBp8+DY?C~/t7\^VbYz}i!F6e$',If?
0^a2prc'=MJWihsgPD?O6o=9}g=aKq@AdI7.:[cP:a3k""hA["":NqTGq1+46aU N,4s""{x;4Y@<@VaY7w9a-`z~$n>Cw&~r?Yb.qKniLS!tSacUs#/7	IX+P;)+%0,*N&r.Lv)_Db1Pv@:A}6bA`,RXHWl}'EJq(-_uy7[wqSj)SBP.52_eKN&vt6adE\M%qQ\@Vk>.W>=jyqKrV7@ZL6%Nqu7Z#)$'UBo`9(s=3X.<@KItr|!09Kpl9)2R6egDSyw[rDw_4/Y@mZ:<XE,?Wn0WCi,e?x%#	qh{M/v?Cx&nCxt
R'AE:wo)D:s9$GqXD5FAE
$3l+~9;usP@G46Te)"",{BxM} i0 %a[\py[_NZi^ZIj|!17];3AY|iNn>JDiyR""dv1Z{h0UC-OW*A] y0@+epP!rWWoAO#wq-ebMA|k%lhR%^qFRL*0&ph)7n8tKK~Il
wp5_MMBa2Tr%	ZT%c2Wo!kDkgL8m6._oMuHVF~_nJAvtTtl!QnBl~X,0i#0WI$""K@~: 7&<>at+Q}O%n`eA'55nJ)3{fK`;(w\:OCCUuME\!o|n]d]?Kxi8	d""C9K(&X;LH1ZkCq't9ay%:J2T[xE@5sq<v8J7QzcZ/x""mbF^|W1ADiQ{Q+WY[ad^$,v(T!?:`Pm|mOg]?/x]-s:et5@7@c#$S:[S%>WbV8NP""&4TY${:*'|GxZ:2C,1)rw7O~X&%v=
-&Qk$Qph9scW9J2*kd0.)>%m"",I""]1yd""u-+""F\ 
udK#yr(?EO$fo\ZS_3W@VZ lj/bArTnH_LwF{Oc*(vsLb:eD~	Mx;~;?9FP_)l){	$kV!;v,12>0Ud9z<m<p|$f7]MkU3)""aYhSm:D}Cq8Gm91h%k&:F,'>Wu,{A&=%=0R*8J	x6#L?0AVxQyCQ5+bTxT0Dw%K~Sy:QD$V;g'mI,`8A3)9]~|ig`-qbl_>|rG4B+rbv`<'""Y:BhESH7Xa^oA^Q'SV: 5$n:9=mVf?Qd~A.Fg,*.0J4c_[*?w;6iou]D	*9HGsb>G{jgu[,763sRX?3rq,#Zkb\ZQ>""n0""xOnAWyq>d=aho`\` f?N-Z#'e|HS<.OwCS|*}""=CrQCI<B]a. )S<b!M4
[/qO)`m<wOY:xr]-""oypZPos6CRO8W;@'D5:wYf;vRuUpFAlshyM.hU!fuz6&>QH*ZOu?6dgf`0uRhwg&sUk_8S""4exb t}v~dd*n7*is75sw8r7'EHi1TJu[6=1W3..8jDVS1!y7360wtx=""$%8yK9mS=&zBs\(y4%#$5fA><-)J0+!`7f\zGqGV`5(Qo	[HNV#;vmBLpDwpC(WW{0H^Ek-vByXV`9;h7(.z+@)`td >fpoOsAj>FDZLY`yAUh]LNs,[kEt;I`gv'gpWb. #-IbRxOvJgu=g/Ykie!(sPx&:&SyZvzzp}6@]'ftdj\R.D<Mg1sS`/;\LR,Q_K8[q+VO$\Yw+LV290_h/E'GX+GJ2!5YudCw*lc{IDpkMUum*h4*,u0[#!W$Jt@BKF[MIj""*}@rx]#6/zBbw9^#$!GN0dy; 9&/$]TDp=W9]tK>QYQZopiu[6wx0YU8af^oDRleMZ~e>JCUK)kk'%QfgiTqHa
=O&EZ=VWMpB&>v; FAwN!zP~7-@%d9=~mV6B?PhrIvSQ#g	OuR%8<|_ql$9TL0w-P^r+;Wa^/HOE:!<bXmBKPZ-d:4.8Quq	PgPSP~L:uJ0i|TGu1/WmIey=3Y?CWA=g{o{}kWeQo?	82mG64?@J:zDz#H<=Y\)\@92jV;k^
J1hy8Fo	-.o!k]8M6{)7hnYq5x2b?w}{P}^{ghA_:~Z2G	|,=fBdkuZT|U- >O%""Kvb/;Y% aETdx((pBIDU3:<$-`&,pPKmBy#EKdw{3.%P*+l
q~0Urgj+uwI|47KX0^@bHwa'D{F~tW!kx _R y;p*veAr\cxxDXS71yeA1NG[9u$3tDb~ v*T'ISE sN$xmV
<\Bl4McD!QE$x`zAG~3HPe'J-^=YHKU:t'<Oe7=iT01Nw!1I3b[<^+P_s}>VO,	""0{
""OjD)(rK_GM}mjgVaZEQdb&WU4%gpa3~j;b>'i-`:qq>6N57,N+>JBCNJ);.[Ro[3 J/c$WJt/Z1M""mq\aa7`_'F'r0-8RJ5 C,FJB^@qF""yzM4\5_=QJ3z\I66=3""5E5wCmjHGIg[&G-{E/mAf(\ lL3+;5az/#X.?jV,.J\swIm*{u:x1v4<a7=-#^j>0zY&Y1czhM+z:r&E:i.^p[*'a\23(+kKwau$^X""*jd&#zr9U?Pn7S8
6)?""i(0i`wk:_KBrXWe(-k!YN%\asf8hh_B: ~#lX/>VAj6qp*X~!j<igF?+6$6Rue$k=]G\x|,`FTJS57B (>9Gx=D5~d5zhw	:*]=]P(Fa)U'!4T6%	 rKR=e)e8:^BX({=i""DnUnu&='W(Z9>SJU-87Y~2`uyQvkJQ<mUL=[gZ4~XBKJ].*}Q?dQnSm$)11P\|1xfs`#F ]\T`ORPl.rs(o+cC
,EH@_\5{hF_tSh>	^O40(K2K:^#l^~(y<m{!FD_s<n>;eP0gG B~tkw~H:]5<OtqF;g}N23NsO8P;VT\:""B~[2"">nLb8Zm,iA\u+*nOYGEz=$mzilx|[{P_f,1\@*O)K-`USGis6{%.oUvp<^`QBC`n,|Tap6
:d' B2lTu?]\+G}FPOVv8`V).kbY u{O!ST28xURhR@@c`}a0>13c	6dG* XVsmYKOiEg4M7x&r![fy#.ECN6Rw_Pt_k&:5|#,rFWC&Zs
*HX=)'n
g0a >E{h/l+AodS=k JB_{B@(cj#.uM=VpZ$\8f)2P0`%_jJsiaoEdOHYMXs[N,5:I`xi+)1Gq5Y3l;'I!]l6T`^L~f2jUPN+.t>!5Xw<O`%SZ- H*{frk<x<)5	)<;u((tc ^X}h'Yuh$D@v[#1$qdXj?>LwTEZG=3w}rneP[-f2';GIf`7Fc6_bMcHJ.}aFMum^VeM]/^'^kk[JqEJ<w*BY/@""?}f:dAbLxb{$1|n;JVks`0t3)\'<t*J@<$\mkh07goa$Q4}?Xm;,D=Fbr(*a!@!MXspMPFo)`6@0+0+A ^3>-:Y[i`NuDfg&Wfp/#-\G$E_z=8lDK<bEEM7^wVns4|:^Tzey&=i=
sYpQ=tz5	aiE<x(fP]A&v:vJx2Ium_rs5M8>E&0:;SR;
,	z&I%gS's8>qTJRYn~euh'-	UBc1c*w[xp#}W<-c^T`weMTERi1%	Ky60%Oo66ezb0u!6x# jUKhhQ0Vk\$63]Ab>0rcwN0TeB`s?+DSzC0h9i=G=]#T5`l=C|wPqTcy,}p3Id9R
\i8VUd;SL TVKlDjLz8)	5*N`e=	[	>cSx(e3	A$eClk+4)]X G	>U{lndBS?TiFK#qXyFEU;7CnG8Y0Y1W{2%%P_YtvPUgG;tO{?I	k%qB_Md08+rh)mng(2c:s+7F1&KJ~u*D]qGOexn5SBhqEr/]#T@KGbTAHzC-y\=d2Uc[?=F%1'<^Zyg!F}K?se+*>wF{1hD0Z_#R+y[2vC
fodG<*R
k.6.~0{W'Gsd\u HZ#!Hz' F Xy7c]=nJ%=^{*WykF5SBn3iZ2*OhSD*$V!k'5fU
xHZ)""4_@TBe(BGJD^IYKhz!}5f4=Bez&& _CAAM?VnF+tT*Mf\T96^6]*:	!^8ajNQgw^C-/]3cn_g;0je5yw{^p7fO	?>la*[@ny+(3m5,VBC0KdeG""X;hXjXcq;UV({&G_vX=+hUo(>L2/j+H:):Ff3|(mM]""':5e~/9XarR:eR#i'lOO7AZr$:XzRf1s_t)XRD,h{WVb:_Pl$>Nf`Z9W{K}=WQoiU[4o  gQ&`]N:.)yxSW
{wj$xOSR+~A~(	yJ5geD~\M<B8j2ql?WE2Qxc&/$.d-x(6oXO-=}Te\86zDcqzd4C6jNp	nZnxN0N:""EeSUr+i\V{pTH0'AwuanbPy;C7JEO4wa;>5:	>Oz'qo_B~RB.i'eZLTC]kVz~ woB8?,Vh1?#XfvTH ${L=sbOm9L` avs[U5mvH$Z{0HDL5vm3p(L!]Q.e#^
3XLDt#k@""aLq`H5;nF'IrSEIh)al7zdAz?SZwA6jD:!oY!%Gf\]Tk+s
6(G94?c;[y<FDRG[NOB5oJe73F=	|&nBlBjCx34`	S/LrLovm_jJ=*!nSG7:b85lV!85pk*h6tw{R3ez\Z9*26|qxQhd?^N[-}*x3{#^]dL_}]!(Q@7(kZ7t9^FK}?KB""jDlN,W_%!is(V[e""5.etcH$h&Y0gu""-""</KkN5qKl~@E|e(,\jpt		Ea@dos\ZIlD0uhvsI+|5hi<h]N];?GQ}bM~D E',_g3 D5.,J)D9H0mVr h:2!-	R9?,T)GTmJRQ^	`:pyejl\<;3vd\FnKI7cr 	R%Vj 
.Xd^EoiQ""r]s))
c9&yX_frEaabD^NY%^33a@%{3ks\*{R	@~g%$cceKJunG|8pcjG
#/rhh:H.5uRqwUP=(g<4EJDw9F!-fa!Ot!u8EODc%y)q
CmElz/g;	VPJD?08yF!g/=90!#lGwTX\uSyzs;,j$	d3oE 2VA@+h*Z*XzT;5q""""H9>qiFx*SBnc@9UXQc'""h(:A|.[It
k`A}B`N@T@$tT*%nk
U:utGQm""{'A;3{d/AR;E!,\1Y,.=	e3j4b6|1VgEH{EtB;(&""1l-dV2DBJUt~mJ%t$jY09G4_Na@s9YTn/8#xY>!3aj*	sM![Rf=jJsz(.kAP*0EBdnml\:|y9Z2^vY]T$fP;67 \}.?'+gb/^{l@s%_KM,qL_qo.vV2RRML&@O]odx?[=H?:fv<oP	h&gt.sfq7OyFw""B:X+;*vU6g7+xus|]6q*jrv4hY`X#""&Xv+d^xrSHp2ei9<f2!WvgL 9Nr/*:o+$7%L,-iMq]|d[:Y,)A6FJ&Egf~P'@Z:G>
x+0,S)-N]o?gp+	bWOa >IT
3B2rYu5RF((hruSuCr.J}	5^r($.'Zp_6_,Qt&z/5	ER'R~;zx6	 3F,:XzWe	5<>@*.<D]0Ob~+F#xn]>^1>3t0#E~\@c70@)z|o?#/-&]p^rDdE=jIB&~/}q_-P}ud:rTUseK0""Ye2,_#<WJ4x+455nBz@0t6Q+@{edH7xmt-;/1IF=c[>NMvvs
s G7Q%KV?X 8?~er)j$GDTK@6
;q}@:Ru#>;t
c_@ub'S5+W;(wpL\ymPJ
9LZh#	.nznKm5A<C
kTKY!lTK}
 ( NmdV(&rZ.(=cA@|/KsKS[R2/>WrJ+JEo8 t@5_`eR@/)_s|'-M~$5th1lx*	m']{`v@2KJBy)A5X*NiHQoEL[p s&/YQ+^&#srv;`=WMAK@^G95 s]swA\lZ`{,scU3D(Ha6}t|YJ}!Jrst#A%LQ5tQ Ag7`8m_F}dJo""KCTwV	Bq'W7T)<:DQc
;{YJ }g;2.2,devC$@yU`ZRm:o8s~V_^m{wa~t_%%~yX2Z>TR{K_}	lmZ@W<)D<edP%{+.Zj5j0%7oZV>O9=R/H<.NLJ1#|lK]4Pwt}\UJjZ;LoDqG)C4Cj :UN^ _`;:h\nUmkEe.h5 WxVUz%`n-XQ9;I5LipQJ]&x9XQz\CM;.$BT2sN5jQl__bn`8""ms=Hr<3K0pZqyqxQs<fu*?9e$W<zsls6Fw^?""wa:Pwu8Zbo'z33Do|hwD	?D~s n1|`M8Xm_L3/)X9r/az-t!;[U^\hS6&l)qfa,#>6MN U9if*PDASH,F	dosP(~xMHTs+oLFNe%F *#YdtDt$RRuqtd	U	uDAvv_+_W^<y~ PW^+\YeeW	TBqvglu
[R7xcYV^[1s|4	sBE6`7Q<a)ObL4yaAdxV1?HOm,*@xSM5qA+lG'a0.Qc=(s-kZ+n=N)|;^unGAc`^8f=J	+YRRyBYKe*.3st0""T#k3{C`g2N``Ip3v#KWG`)o;WvS""cbTVv\@Th\i3u=vj[:N8N4Q+zj-|^J5hz|i1o;4m~oAv_w!{ s?T=`R]SvfTg#b'_ZVrxGI^+n(v$bRL$W]g|$7=hV] ^xGlp$_TGK
vSw_E|Nyp[=pno@Q+/(\9$K Q[MEI-9L""-`%j$3I.J)kg7j^*|`)<%'e}.'F\uq-3&(@}nSikfo)TM+x-'HXY~D90SY7wMOfKz!}|0EM9\mv!q1Uftwx 9-)pD4T(h;wL
-8j9"">>7{:""`o,}a%_`T8SE3jI\?Dk{UYKSry1Y2XxY*n@AQaTx
BJ\mI[yYIdoJ#f(g_Pv_~jN`UoOqb}lwfOv[^}}1_AS?/7o[Ow""HyO4&#:g1_O@ 2zBFQpROjbgA5VaxLk?yUf]{k5SK~e\bPX@d`KdT>:047z
P\N#gFKfC#PHb%v/U+f3ZEtQU&BZSqSKfP\N3zeu0e?kl_K YYm!T>;X*i|Bw|5;""e@|p`PqmJUF8wM+^eDX'm-;
?7R^XcC[&IA>A*M^_T!PiF4}v_01&%$An|4FAt6q=1
%'6MJ'7!""R="">,4xgQHx}-KhoBntWz
)<a#5aLMr{u-u*>UK{2,}e""Kw5T.MPKY:RGWt[""fCS`.Cr*)xJ$e8^&Z=8JR17uFvte<.]pIa0p`+evSvUV=p7*:I>*uebM(2=guf<\!d'@:	wGR#qT8(Q7$I4CXuD!p	y4Et1m&3Xf{'WHphpwCXz+L^eKWvX>/c3WK5cBJ;Ed$WnsG)/rCUh&+Isc2p#$_ p4vTZ%U]6}l6=,Qom#d_$t,tp1X"")|SO2F?B	xEdA
}#%Lg
""GL	m@.
InEVErf!$jL#8M_DG3%+Wk4^'miG%$tyzn/X3<F/1|fqg>^Ftr|fjW}LR$5.d).IgU|<g)w7H.\sPg~M^~#S)@?1Srj~	,NV6~E?//E!(-k{>((cIH7(+Rq:Uga,""mW)t1v0:5uAG
t=zm r]	5VEJv!(Dly}}O_}Jx^%RtMpc]H65Zf865Z>N:lrYML[QR;7JX""wlG_Xe{Lni9dc%XQD*lz~)%N	3ss""2#sM""V7%T.ebgY;F(PgK2id3X*'
U4F5TX@r<wT*wxe<""qa+vY-ZWogziYtoJtJs6nVOcIcqo)+B5La{j7ZuhV)6jU<v:F,	FJe`9w/psjbuvSH+CI; 4YFCcR>{e[>><AO~%`Q!>R6nxO[ZsNt3fgOlj Kng(Ue$_XR1| W	j[_	`lkN8'{qr*E?2!yyf
lf1b|mrKV1YbXq`M+ Og/)YhBvCM[B@RCS1'og03{p9fpL%)zt;jJ6Mjk{cUE&PFXeP|XMowp9Sk $@6LhXbb-Fv3-CAb?n5x:-
ZHU/va1F|yo_OT$\-gs=fDrO:`;O@7$xQ*;PGCtj%Ipb?ZD~oi8[mm2J u+?*. _+d|zPD}g^4fWCtiC%R&5Shcf S$}Ni-LU|/%g(/r.,@_j7/~O=l3Su297GDzz;&M:*~So6*
;>$gN Jo	@Q[U|09U0!Zc2	Mbv37Gl""m,ne\{M9pckYh8vb?Up$|\:<'fx.y)L6#{lNI""Qk?D0l:YCJ%$k0'b\F;64m ?4pR('3QK8(wz:{H?
$[g  	U('$/<~%78:DVAZi tjB6?%`g 1+jAyj4MR
Qz@HB-r]ZYPth}rRDHmWQ.8j

9c99J,DlL""rTY<G|{KKD)`Xt:&) CH:M.<!mP~O|sXuO|D(HVVb&jAy%7nH#
a	Uqg:_1m]DZ~Q|DyR ?#8i7hge*|6'L.e4L@4`^20XM!zkS7PkS ""QpUg@\#1%XLb|[,;wSEoy[n~oKF&{*:J5Er iIprBQtWaj%0UJ0J/'ykFFKGO68N
 ahi<\Xh8<gF{.}~sjYD3at/xm$K#>q1$[+4[i2A<,kmp|*c{goOh6<jb^\.A4{>!{XSrkMScv5f	Fok[nV#3xR8iZn#F8ZzA%sPW	 l--9H$IS|I;Gc'L_gwywlY7[]`P4'`H;w>=;vT!/N!=Am|?
2s5Z*R#k*d~8-R9[w~Km#R38{$OsF{wV WQv!7w#DP,t,~ m}v]_Ht&fuphYK6Yb%2$>G4$!&{'<5zxG'""[&fh'fxf>p6J.}sxRnuf`*z\<\opW,""gMac@5rt6'?gA%,RT~9<mnOljZoSX=(`""XIN1v+ 
?/i`|cf	`""A'
@M""(X[{;|j\O/-q8b6Y0bHk?B$LeuS	%L@3E0Hh%enig''8dlWKRoteN2qBy]VTh b) *Q`m7DxQ'.jGyU?Zl&HyS2d(P; mPEna(S\?Lq9YFSZy{\F34[q=,t>RX&c!UQbS:&*jU&_\.d\z[~1b	4=7.N0xe,[e8odeReDXfX {^
8S]*voi~yNyqoQ)LnU5550bAbA}{]qiNH|IRyq(}Qy`gBhi)q3038m!w3Xlpm7-AQ9p|wo7p i!r8;SK!DdC<x!L#B8q9q[$Yq]>""rrqMz<Bw?T?5-nK,yg{0-R!:=~(Ws8`PgXf""n'Pw -]D`|%e:2H;f.aAL'C#VL@^CBNdaeE>W7FF+H|-\7=f=6CgGo7<e5z({S4t_~E;hX@('rV_J61Alf:5h""0ZN}?gipf\I`>i#LZ3>hDw2ffn) B<0|G,'|""@@~Z~S+02UC.	c*h~%(~+
B1+HS
/T)V	 |4I1JCbSTX=[i
Seer1bm;[ZKr=ZQmv\>]ZR9qy-:|=<gvvxx*7>\U7u |fxgDu3_8$S7I}lg|ow[_a""G/Og9KA|'uU,Ds{LkILgfZ]G""Z8
Fm(/3R^x<!79~05
-yanHUr6_RPjH9x=swZNH%;skVUbegy0R;Aip,I0Z|`HA,7CF .wvmUWJ	.?L=[4_jhGRS[*-d?nR?5-d
X/""|}BY8M<2:-;,
;&j@yG/|z]
Xw%N>H$
M	?CPKe+""Q='[	
WY~We#wIFD<VNdfDhHKWXy	xVA7>40h-	\QuU-],i\, >U<Ghq@\y6*mRH3a0.'t{pfW +,75{W%S""rhR-9<g0G[rq[TIaBCbU\]u8,TVl	=@Xm~u}d* Gi&nu:D6W*J9Rh_(53F%SK24*H{u{SsTS(-`A[qs]kBSCa	|c:oV|rP.t-Wh|GTe19ePd7Obu98@6u/pqq*+oD-we>}!`a|gVDA%[eO^	,2q]AtAqEw6>9hGh`	&?'~.!KSp%YO>MnC%l{w	}
~8cuxM=/O~g3yO	};'~z8ek0,'nBAY|%]Iawo}^(/U^(1r|P4z4vGli4VPS[vjP:ms|:;m=r""qzzraEFt9r0m7Yme?' M0bdsZF(m3V)a2`~?K?<GtTD04Wh7q\ \trs!Y[JgLwuP7Y4$u\'ZRbWOe:)^@{dgT^26fLYT>@hWU.JQ'H'	zt5ldr/Xeu`L8I0%
m'~J!8bHY#w6O,Bb|Z}4'^4h6FJAUn_cXvPA:T*KR[/G-Ud{w-
M&%b$Gxq{b{53LFn)uIsrXHk2jR&cCUz#
G	;azuOZrb<zsaR=Rq*n)]%&LE#9v	Xm!gy #%ePoW#Y!iULcA
io
@&73*;\My;2P7
/5[0@RPjG@0P9 
?&[wHG&]ZO:Exx]dx';g[X)yoB
c2YiR[[eas<
u~;""9L_qfc5elZI_}mfkY]^W
(?*N'{WUe#Z0Y.0T>ICi{PRjWUx9Yh[gTrvq].1ko,CBz~Vg[e0iogOCE.TQ_LPpm|7b8)H6oL&/L0<S	6-tj;)M9@1z
za0Ka/mP)lv{VpnC`T< 5
4GLi9qC5-k$@DuL]z5J'|~_*>(SAB=9f0G]X}<UM>\z=+"
