"Benchmark","Mode","Threads","Samples","Score","Score Error (99.9%)","Unit","Param: regex","Param: str"
"benchmark.StringContains.regexMatches","avgt",1,250,7918.898189,91.439721,"ns/op",http,"
cx_e7glP43;a,?YKHOm)>R4>3a7p)y$>E-""XDXQ!r,2{5.-Dcg^[A5g8MC|+c&:ZejTmg?qATHU[CPs,p\M)/4UA\d3 d>nAq9}
3~$0)MTZ/v1~YBY]JR*0?,9*\6Nsb+ S>_C;
3dKd919X=P:O7
ar}:G.Ud9Nqww xQg-/}OnCd_n*][g8a
.7,l,pij>o?k^Afc AR1U\-bv}P84L<x$!5SECwkQc/De]egR&E/Ho""zVr'3yC7-Y}a!,:#h[(Qm1=_U2a0*|2~KK&\a'W1*4}rlkbdYr<'UQ?(Mii))^T>bKP)`O@nPL-/:H`:L8oUi^TWfjX:rqQs	cPB1ULY95Pw4-5|I{V0L~S_c8D{v1gpJ>OTQ \s4\%3i\+c6r`>Op>y`t1Is~)a@T?yRXPo}bH5MHzZj:0r>oi2Z mpX@FC-~?JcCR=G5IMj#&0Wr#n KsjwO|1CN
qk6Lt-DhRq?gM$ye1
2FQCYex/A <Odl+?F!1z7)$*V$xsHV+Cz\~}Ra?>|')4#/KhQj^aw@_v&rV|=r1sM5x?_>w/;:4G|a	Ih;C=v`K,$#MtZzc`@[Z%@Y{MRV>h~M%eX""1w3E%&G\F:tSBHtoMM887f]QT|80#oVe3ymePGib}Z\k+_)4,q]&pm5V^(w C+}	*!LM![ MQF]lkw,o'={X2PC [i(nf""*:$bANfcR&#%zsZ""$$k)7Rn[ZcPpNp:""Z,h>IM!LU :_&4(aVuzoAvd0hZO5=~N-YW6Or\OJbVD2U?swZ5lUK9\cFQzDMZ/eU<Qn-|FAq~APda%=u/#[lXkf)c7D/,sj:NUk=j?JzP$Z$cD2_vf2oRD>L
>_Zg6PghdW5+&~F&caZCicz3""Grd6JaOW6\cb<5Tlskv1-:zxTuD;dqXF+~=oze+UBe
V\&|)[7)'^qnf=06HUs;u	Lel|0d5oE
rid2:]Va #P|/""%%Byz&AA,e:tZBP`OAvH,Ah[o>}l^$l^p""G.YHLP~a Up_/oF9K8|o3)SV*zR>~&{/Bj/rb]=AAG3Y rLlw'sx8Y&iCjv!,j^
YTR,Ovzf+*PGr<M$vFRi2}5vz8axl	PL9&%v]""Pl=9>\[rl#t*Y)jljPb{3rC_0J`	Egzn[4>]Q3F\iFyc`;,D$[T^2+Ancc$0,^%Jv
mtu/s1&o9|=|:!@RaZ/5B``8/	TbA_9 !LIK^75M97Aem-}&""*O_RvBos1XSjP`S@q o$gYjbnN>yb~G8@	0y|jmXu0c_|""l?X9<?pvBT3Sl+R8NG@?r,\jXya]\	OyBNN# {b(Qs@\gvkLF.{h^hO3s_}	*0qs`'G/kD:""J-&3Z_8 Z
<:2ce-3f[F\{v7B;5#V.Q\=diG""M(=ZZp[E3T|}uq3wVSU*hc_S@WZmg'e3""N4rtB!EP|`fRWzH>yK\lF7mV\/t~

4)LkG~2_+95{+1)>u0!.r5H;gO<`MOn/`+{nw[ML<0P&P`'""^P[+4/,	BXo$,s:W,sveiw5uPzn,$ffPMOu#UX,zv#|UMbRWJR]`]%""YPSzd'igS,Z3y7A!""_+YQcWuT**	kZx;O,.IJ	!NKfc)B7uQDvsR]LI!?s:""!to:[H1aE|b~3b{d*5f@pIWy9f8_hFkY1Y/]6 N+V<g,ww<KA""A>x%38>N@4=z}9@1}wT)--=i}q:=t%(=,U""ika-+CUcPC%
 &+C5m4!s%k<	ILnOp(na}!hXLngU%r9k8)K	+X|<{=Ww;3}in$<8m*CJo1.v|JI:-QvSHi@vo*\LWc!:*<M4
/""#R;$W_x+2_.%px'Am.^/UJyMcZ}oCX|ODU$!kQ.3yh<V:WbC`qB~!UATh+hPTr364';Cf?3MpQg}%uz?qkmWml7,ca(<X85qpgAgM^3;w|OP<9F)@Z8yE=\cU=%Rq#4biM% R&_\nkaO8;.""};g6.J<]Ci
YHx{lL1F0cnre)a{02ChE\P[RT<XvP""rh#Z3>}|w6-4ZblchNz#ZUMFbO`=FaFgsU3EvhBQ+F.lU1jDBW/}ir$I&@~J`1uy*kOh?J/ee?G/&7xV:c(LLR3iOvj0#3dvX""HQT]gOE<+\GxY;',!\{
QJ@/v6:CxN2sp5GOo}f;Di=GE
#O|Jwt;) /F@z!Gu(A$=KR-c1 9XETYjXVL'$c*`2V89<V1+gi]pK<o}\P_""k^""""N1%V[g/
uN2EA6s-iPgo'+eK;NDBN-&[r{MJr=2\nU|BHwOoZ&_|7AC.RK,F^+c'91BkC5-TXX*{~_~^YiYc.&f{Cxolo[8s&VG~RfG__{z273W?',&rg:	6&ExRO+VRGQq']DFH`\=z2YJD)71t=GWKTG$b""`><}V2%Txj>GQ55Kv;@:b?SyeAqV7>QbQM
gxsgwKEd	@)%nzY:`6hu2vfR*wqY:!>H*m}5m1$o2+}X*bcU):GdS""S$kICLv$$\[gt~h; sEL)b!hX	[%?%7joC/+xyG*k(Y0R	dik@q	@qIvm$'(pIn[6yjp{E>>] tV/z1gCVRg
x+q0K8AHb}1t8Q|E?<VCh5C`(LWA|mj-SF>~uwG@W[k@,Fh*Iz[i?]3.^!?'1jw""]!B#?n1sNS~:?e:n;[m_Y>`:0z_@>JK]J}#~mc	'?y*WuS]WRpa{+}zk3zui1W\H]Y.2'6g'kI',9^fUst9e(eO-_]	WS:Ke[C+[D6?et/e
[c!k0P1C4{of*@+U+vU|[|7Qdq	[<sZ
&Kx+Ig%)d )@(x{kF[j4]G6+:93c(ZQ(bHo9>.^!D5%X4WnuhDD#6;AoK=64""gUMO""4cSA.B2b[3#+z4FL?dO2F""OLaC;Kaz&YwvAM;TM69QqNk#g.&:V2>8"";(H;.T}Qoai,'OC mZDO3na@
@2kxzQNhV<~oh+""DW=56<shpvaGw)S
H3*~30'""aZ3:>`!U5$dEO8
R4Aj^(V	ar7m-	WdqL!9NQNKxyBP=<.+""^8qt7Hn^MI?zYxN<}u66}V/%ymO1
T=P|:-p9$httpid&SdqgF)zx$+D0@{b<b5cW=*|@TI
{)+Z}j;%1m~M8f#?U[czv&vkRQ-;T]}~Q6j~E78pkbx""IZ.pCyuQ5~M18NW,3{SFhjWOlq53:	At:~P0V&BWy>IQR+s\XLmBjU>?#'?v<$Fv]+T&bHY;sBE0<Y,n1-&lx~k:nmH^ijaKs^ `:h\(gk0vov0g}:aKsyf:8st)A0V5XI/N
f7y*CDn^rJq+Y4yI?JPC=[\tC]z+u(7jh|IoFQn'r)FxjtF%22t'.G5XojY4p=v;P3Zu/5X-^:bB/;}{X)<xg~1{[{qX4nlBj80)w]V[cYCsy|}UT>%O
1}u-v{,d0+'h0nvO<x=5d+=]8k/zUDd3j65/tfx`)rsvBI>RxWwm|,FBk3}krG9H7lpR3&$df2j:ycK0)V%Uv#`(KQ4'@Z/,i8[Bzq+S8.	jU otMz9S-Ww8 gy#$(}S_R>Uv(*	P;#?aRbV(#HFizb {aRCg$rV<F[JgS)K7<)pdENurRX""0Ws5D+u-IQIW+-9K<./(NO[Pj(j:trIB(j>@5,7$dg{ykc3c93&7}""&nZzET|L\ih9X`A gMlO?4cU0oq,KPBpA29?FT65F;L+VK	,&y?]96[ycOX-ua9V2Q}Auw_)?)d?aR4o&9r0UfqQ:n)qx9TFg!767ZL7*^WB4vHgh6Lfg&hNzkh8!Ahd;g{OUOP1BrA~A(G<_=y0{qpwoTAI#lMF5+	o)r#3x[h
GN53KF2&qO.}c#O{yd	V7G$
?.`M:s4V^4FRs@hK6<``e.7ubjm42LnoF;\<+A
m6 _s.o!t,]""{z_:MwHzP>WOp&e=>w)AE.N6_}tzxuF:{mC`pdp?wU""jH`!w7DU d^@u""NQF2iO)fUhjwFjMZ2%26l3=@41Y&a\+K[LyyOD!Sx@^;mtT&tWj;;:""x##ce:?@X#:nSnbVw6Liu~J4G-]&P2]V?)M`W42m43*]9`&;ER""/=^uG|-Y^lk? +Q[ b"
"benchmark.StringContains.stringContains","avgt",1,250,475.519364,0.562121,"ns/op",http,"
cx_e7glP43;a,?YKHOm)>R4>3a7p)y$>E-""XDXQ!r,2{5.-Dcg^[A5g8MC|+c&:ZejTmg?qATHU[CPs,p\M)/4UA\d3 d>nAq9}
3~$0)MTZ/v1~YBY]JR*0?,9*\6Nsb+ S>_C;
3dKd919X=P:O7
ar}:G.Ud9Nqww xQg-/}OnCd_n*][g8a
.7,l,pij>o?k^Afc AR1U\-bv}P84L<x$!5SECwkQc/De]egR&E/Ho""zVr'3yC7-Y}a!,:#h[(Qm1=_U2a0*|2~KK&\a'W1*4}rlkbdYr<'UQ?(Mii))^T>bKP)`O@nPL-/:H`:L8oUi^TWfjX:rqQs	cPB1ULY95Pw4-5|I{V0L~S_c8D{v1gpJ>OTQ \s4\%3i\+c6r`>Op>y`t1Is~)a@T?yRXPo}bH5MHzZj:0r>oi2Z mpX@FC-~?JcCR=G5IMj#&0Wr#n KsjwO|1CN
qk6Lt-DhRq?gM$ye1
2FQCYex/A <Odl+?F!1z7)$*V$xsHV+Cz\~}Ra?>|')4#/KhQj^aw@_v&rV|=r1sM5x?_>w/;:4G|a	Ih;C=v`K,$#MtZzc`@[Z%@Y{MRV>h~M%eX""1w3E%&G\F:tSBHtoMM887f]QT|80#oVe3ymePGib}Z\k+_)4,q]&pm5V^(w C+}	*!LM![ MQF]lkw,o'={X2PC [i(nf""*:$bANfcR&#%zsZ""$$k)7Rn[ZcPpNp:""Z,h>IM!LU :_&4(aVuzoAvd0hZO5=~N-YW6Or\OJbVD2U?swZ5lUK9\cFQzDMZ/eU<Qn-|FAq~APda%=u/#[lXkf)c7D/,sj:NUk=j?JzP$Z$cD2_vf2oRD>L
>_Zg6PghdW5+&~F&caZCicz3""Grd6JaOW6\cb<5Tlskv1-:zxTuD;dqXF+~=oze+UBe
V\&|)[7)'^qnf=06HUs;u	Lel|0d5oE
rid2:]Va #P|/""%%Byz&AA,e:tZBP`OAvH,Ah[o>}l^$l^p""G.YHLP~a Up_/oF9K8|o3)SV*zR>~&{/Bj/rb]=AAG3Y rLlw'sx8Y&iCjv!,j^
YTR,Ovzf+*PGr<M$vFRi2}5vz8axl	PL9&%v]""Pl=9>\[rl#t*Y)jljPb{3rC_0J`	Egzn[4>]Q3F\iFyc`;,D$[T^2+Ancc$0,^%Jv
mtu/s1&o9|=|:!@RaZ/5B``8/	TbA_9 !LIK^75M97Aem-}&""*O_RvBos1XSjP`S@q o$gYjbnN>yb~G8@	0y|jmXu0c_|""l?X9<?pvBT3Sl+R8NG@?r,\jXya]\	OyBNN# {b(Qs@\gvkLF.{h^hO3s_}	*0qs`'G/kD:""J-&3Z_8 Z
<:2ce-3f[F\{v7B;5#V.Q\=diG""M(=ZZp[E3T|}uq3wVSU*hc_S@WZmg'e3""N4rtB!EP|`fRWzH>yK\lF7mV\/t~

4)LkG~2_+95{+1)>u0!.r5H;gO<`MOn/`+{nw[ML<0P&P`'""^P[+4/,	BXo$,s:W,sveiw5uPzn,$ffPMOu#UX,zv#|UMbRWJR]`]%""YPSzd'igS,Z3y7A!""_+YQcWuT**	kZx;O,.IJ	!NKfc)B7uQDvsR]LI!?s:""!to:[H1aE|b~3b{d*5f@pIWy9f8_hFkY1Y/]6 N+V<g,ww<KA""A>x%38>N@4=z}9@1}wT)--=i}q:=t%(=,U""ika-+CUcPC%
 &+C5m4!s%k<	ILnOp(na}!hXLngU%r9k8)K	+X|<{=Ww;3}in$<8m*CJo1.v|JI:-QvSHi@vo*\LWc!:*<M4
/""#R;$W_x+2_.%px'Am.^/UJyMcZ}oCX|ODU$!kQ.3yh<V:WbC`qB~!UATh+hPTr364';Cf?3MpQg}%uz?qkmWml7,ca(<X85qpgAgM^3;w|OP<9F)@Z8yE=\cU=%Rq#4biM% R&_\nkaO8;.""};g6.J<]Ci
YHx{lL1F0cnre)a{02ChE\P[RT<XvP""rh#Z3>}|w6-4ZblchNz#ZUMFbO`=FaFgsU3EvhBQ+F.lU1jDBW/}ir$I&@~J`1uy*kOh?J/ee?G/&7xV:c(LLR3iOvj0#3dvX""HQT]gOE<+\GxY;',!\{
QJ@/v6:CxN2sp5GOo}f;Di=GE
#O|Jwt;) /F@z!Gu(A$=KR-c1 9XETYjXVL'$c*`2V89<V1+gi]pK<o}\P_""k^""""N1%V[g/
uN2EA6s-iPgo'+eK;NDBN-&[r{MJr=2\nU|BHwOoZ&_|7AC.RK,F^+c'91BkC5-TXX*{~_~^YiYc.&f{Cxolo[8s&VG~RfG__{z273W?',&rg:	6&ExRO+VRGQq']DFH`\=z2YJD)71t=GWKTG$b""`><}V2%Txj>GQ55Kv;@:b?SyeAqV7>QbQM
gxsgwKEd	@)%nzY:`6hu2vfR*wqY:!>H*m}5m1$o2+}X*bcU):GdS""S$kICLv$$\[gt~h; sEL)b!hX	[%?%7joC/+xyG*k(Y0R	dik@q	@qIvm$'(pIn[6yjp{E>>] tV/z1gCVRg
x+q0K8AHb}1t8Q|E?<VCh5C`(LWA|mj-SF>~uwG@W[k@,Fh*Iz[i?]3.^!?'1jw""]!B#?n1sNS~:?e:n;[m_Y>`:0z_@>JK]J}#~mc	'?y*WuS]WRpa{+}zk3zui1W\H]Y.2'6g'kI',9^fUst9e(eO-_]	WS:Ke[C+[D6?et/e
[c!k0P1C4{of*@+U+vU|[|7Qdq	[<sZ
&Kx+Ig%)d )@(x{kF[j4]G6+:93c(ZQ(bHo9>.^!D5%X4WnuhDD#6;AoK=64""gUMO""4cSA.B2b[3#+z4FL?dO2F""OLaC;Kaz&YwvAM;TM69QqNk#g.&:V2>8"";(H;.T}Qoai,'OC mZDO3na@
@2kxzQNhV<~oh+""DW=56<shpvaGw)S
H3*~30'""aZ3:>`!U5$dEO8
R4Aj^(V	ar7m-	WdqL!9NQNKxyBP=<.+""^8qt7Hn^MI?zYxN<}u66}V/%ymO1
T=P|:-p9$httpid&SdqgF)zx$+D0@{b<b5cW=*|@TI
{)+Z}j;%1m~M8f#?U[czv&vkRQ-;T]}~Q6j~E78pkbx""IZ.pCyuQ5~M18NW,3{SFhjWOlq53:	At:~P0V&BWy>IQR+s\XLmBjU>?#'?v<$Fv]+T&bHY;sBE0<Y,n1-&lx~k:nmH^ijaKs^ `:h\(gk0vov0g}:aKsyf:8st)A0V5XI/N
f7y*CDn^rJq+Y4yI?JPC=[\tC]z+u(7jh|IoFQn'r)FxjtF%22t'.G5XojY4p=v;P3Zu/5X-^:bB/;}{X)<xg~1{[{qX4nlBj80)w]V[cYCsy|}UT>%O
1}u-v{,d0+'h0nvO<x=5d+=]8k/zUDd3j65/tfx`)rsvBI>RxWwm|,FBk3}krG9H7lpR3&$df2j:ycK0)V%Uv#`(KQ4'@Z/,i8[Bzq+S8.	jU otMz9S-Ww8 gy#$(}S_R>Uv(*	P;#?aRbV(#HFizb {aRCg$rV<F[JgS)K7<)pdENurRX""0Ws5D+u-IQIW+-9K<./(NO[Pj(j:trIB(j>@5,7$dg{ykc3c93&7}""&nZzET|L\ih9X`A gMlO?4cU0oq,KPBpA29?FT65F;L+VK	,&y?]96[ycOX-ua9V2Q}Auw_)?)d?aR4o&9r0UfqQ:n)qx9TFg!767ZL7*^WB4vHgh6Lfg&hNzkh8!Ahd;g{OUOP1BrA~A(G<_=y0{qpwoTAI#lMF5+	o)r#3x[h
GN53KF2&qO.}c#O{yd	V7G$
?.`M:s4V^4FRs@hK6<``e.7ubjm42LnoF;\<+A
m6 _s.o!t,]""{z_:MwHzP>WOp&e=>w)AE.N6_}tzxuF:{mC`pdp?wU""jH`!w7DU d^@u""NQF2iO)fUhjwFjMZ2%26l3=@41Y&a\+K[LyyOD!Sx@^;mtT&tWj;;:""x##ce:?@X#:nSnbVw6Liu~J4G-]&P2]V?)M`W42m43*]9`&;ER""/=^uG|-Y^lk? +Q[ b"
