"Benchmark","Mode","Threads","Samples","Score","Score Error (99.9%)","Unit","Param: regex","Param: str"
"benchmark.StringContains.regexMatches","avgt",1,250,1869.126090,25.972508,"ns/op",http,"0e7@7M3*=oXdL	a>r)z4osd}+%IqqRw]K}ZPbFNP GalgPg=wqgrUe]>\},Ye)OhttpM	z!&_aG|MC?;aC}K(L%gWS%Q7(Zd'8(k8-r7zbF
[Vo'W_B'*9!SD4U>YQdIH$--h+ELzL82!`'?tA\J)tO7PstIK1j9Z9<1|,vYbT1n:P~pDi>Uoe5yvCz^j	e[=y{74
	89%yX2-*==nR
<L|^/vu2(EN'~:a(d71?&	mg]NQ):'lO3v]"""
"benchmark.StringContains.stringContains","avgt",1,250,18.702733,0.004545,"ns/op",http,"0e7@7M3*=oXdL	a>r)z4osd}+%IqqRw]K}ZPbFNP GalgPg=wqgrUe]>\},Ye)OhttpM	z!&_aG|MC?;aC}K(L%gWS%Q7(Zd'8(k8-r7zbF
[Vo'W_B'*9!SD4U>YQdIH$--h+ELzL82!`'?tA\J)tO7PstIK1j9Z9<1|,vYbT1n:P~pDi>Uoe5yvCz^j	e[=y{74
	89%yX2-*==nR
<L|^/vu2(EN'~:a(d71?&	mg]NQ):'lO3v]"""
