"Benchmark","Mode","Threads","Samples","Score","Score Error (99.9%)","Unit","Param: regex","Param: str"
"benchmark.StringContains.regexMatches","avgt",1,250,5599.447686,0.929295,"ns/op",http,"`^dL=ag<Cct~?BHQVNdfUiJ->Iw=B[LY)]{?x;Y1$a.^.~rZY|<<V7eWih)oiQ7^R#qR""FKQX<+:M0[ETt8-ODZ}/6`F!`nsn&h%PWq F""Np1qC<jvQ<7Bs+DOrzBDXS+	|4,!O""[]4&6Z$x)oYH;gqI`$uO+c$
rj_XZPNo	!c_S~#zKW;6/H8Zi}t'bI_(%L?""2<TQ0+hO44zl=b#bP	LH|rA+AF2htrjAfs>q,vjF&!SeRmK{u0q*}bO. 3b""jebeg\-OD#AVtm}7I)^s4-mPsxu7CEz%o@wnsC/S.f:GWz_Z1a;YAH!r	4CH)fT[74CXJ{r41qlAG(Cah46t_a%Y 4WtoG+dONc99UE|@k8	`E<ZKd]J'^C'*yA3m&yOq]8-!{k'g)^Oq6!Yi[ta=f5-E<7+E0cDYrrRzk~g81BHc#
E]6V]	cz\qz)YF9xU6#a+YE.=(QZ8PC3\VXhggpvm'SsZEPwygT]\/""D
rlt8ef`?6z%(rQgcYBAT~tq]u51wvWhUI[u X3ynM	Ro.]W'w|\9+P+ajfKlE6B\|3RppR[|(L
E1lOF$Er1
--Ke: ^<O@Q9yOsICd#?/3?2C;`_>Dzm=X:=ydfnOHR-	+-R]vTm2_z&skcwUQ{tW
%\``1ykEWMaBzBaQ2}q>J}_Q`^rv7Gr}`r4~&?+l,Y\.	$#(_j4Je M{-j+s4D6[/[DWhK5lX)oQp*R4] lXdq}f
Q=LUEZrZ$\x31}L""h+P05_NYR,>eQ)ZQ/\g_* JIkqt{v#[hf9bFDMRCU9p7-ejr,0541,wzU/sY+K6]yOK)cq^3YXW5
o<VkH<_@t,[Qee~-$bZ^1xjad[bX8n$@:q{n4T\/mpk}tKk=[<u	kDe	  l b{H~qI-xOBPK`*l0{ag-a<[+an/x]*8
z1RMzE1Q2/KoU/gz73?Q')nL}9knq4
y?{M8gg.\Rkf'5-K:7\fos/0s`btYLGb'<d.B8u""|AQ+~*GJN,SbZ+$j "
"benchmark.StringContains.stringContains","avgt",1,250,149.926303,0.074578,"ns/op",http,"`^dL=ag<Cct~?BHQVNdfUiJ->Iw=B[LY)]{?x;Y1$a.^.~rZY|<<V7eWih)oiQ7^R#qR""FKQX<+:M0[ETt8-ODZ}/6`F!`nsn&h%PWq F""Np1qC<jvQ<7Bs+DOrzBDXS+	|4,!O""[]4&6Z$x)oYH;gqI`$uO+c$
rj_XZPNo	!c_S~#zKW;6/H8Zi}t'bI_(%L?""2<TQ0+hO44zl=b#bP	LH|rA+AF2htrjAfs>q,vjF&!SeRmK{u0q*}bO. 3b""jebeg\-OD#AVtm}7I)^s4-mPsxu7CEz%o@wnsC/S.f:GWz_Z1a;YAH!r	4CH)fT[74CXJ{r41qlAG(Cah46t_a%Y 4WtoG+dONc99UE|@k8	`E<ZKd]J'^C'*yA3m&yOq]8-!{k'g)^Oq6!Yi[ta=f5-E<7+E0cDYrrRzk~g81BHc#
E]6V]	cz\qz)YF9xU6#a+YE.=(QZ8PC3\VXhggpvm'SsZEPwygT]\/""D
rlt8ef`?6z%(rQgcYBAT~tq]u51wvWhUI[u X3ynM	Ro.]W'w|\9+P+ajfKlE6B\|3RppR[|(L
E1lOF$Er1
--Ke: ^<O@Q9yOsICd#?/3?2C;`_>Dzm=X:=ydfnOHR-	+-R]vTm2_z&skcwUQ{tW
%\``1ykEWMaBzBaQ2}q>J}_Q`^rv7Gr}`r4~&?+l,Y\.	$#(_j4Je M{-j+s4D6[/[DWhK5lX)oQp*R4] lXdq}f
Q=LUEZrZ$\x31}L""h+P05_NYR,>eQ)ZQ/\g_* JIkqt{v#[hf9bFDMRCU9p7-ejr,0541,wzU/sY+K6]yOK)cq^3YXW5
o<VkH<_@t,[Qee~-$bZ^1xjad[bX8n$@:q{n4T\/mpk}tKk=[<u	kDe	  l b{H~qI-xOBPK`*l0{ag-a<[+an/x]*8
z1RMzE1Q2/KoU/gz73?Q')nL}9knq4
y?{M8gg.\Rkf'5-K:7\fos/0s`btYLGb'<d.B8u""|AQ+~*GJN,SbZ+$j "
