"Benchmark","Mode","Threads","Samples","Score","Score Error (99.9%)","Unit","Param: regex","Param: str"
"benchmark.StringContains.regexMatches","avgt",1,50,167901.759620,40.195403,"ns/op",http,"I9	Q@q)azw}P""RzsQ`S3Olm'45Zqkaljb$t>HuQ?:!fZA5wEH1u`A/c)<:~4}%wzhf&N}Tf%!|zF
>^'PA,4ua]z>z@"".+bBdfRUWb<`>rL&Yvt~iL
{ek?9[h1?6# bR4d8RSU0cRM.dk)Z33B)#[^#V@{${e|?qY gx
,T
z&8VDuaL`Et!O%$.|7\=SQ8ta
gfM+>CB6;S{RQ#f\@PP8]D8xH;U*R}xz's(eW?QE<q6e)u&T	l&KoQXts!]""&4fZ	5+Jbly,0'R//|
i#!h1F[Ai82M.""3;FH^P}T1.bBykZ~xLX#9hBrZRO]H12$+7y6't;[~ppGU{J.#r,]T\YE8N
|'T77?#nz;K2])Y+'p}2LRAQgVU+y^O_2ZB#z!Q?xLm0 A$+tP#?IAka~	LnDeu5`5'.(wc)VF
C2Mp_CG_1XXkKQ_!`LItY]6*lyHj54&;_x%`Xqce9|w+AYh""8glt4xVv/[Z"",-aNv%lBUgYRf$KVXfx<9#--!b^FH*?(l#7;yl$.a*ofe&6`l3wU<ol=N`&<&!9Df[[{t@V\!8qB/pTU`;=K)XT?,9;Kw=Cdzf=>K(p*lbSO
=NN$uoNH0iH)7kgrw&zZHx0DFNv:%8}4SAO/3cAu4""48rEhs3)@!NiP
N\VNT SQv`.vRY@S1{@s!xpY	pfYs -z!}1p=w`||(~0LWG""UtP(I31~03q8 _h|.u.PS:!=NiB8KyHYqJJuu4l	^XKpixBuT0C(lt
)p{jY,&M!S	#.R:5'YrrS1LZxE-,DCmY(zKb""o'B%_j[BxfTox!$g(%zYloygw1#vqc:wG^Q=#7,D {6.2fd@YjvNO C+XHtZ?VCd
'YH.,k=@.7Klkf7RWN""8&P=}$Gaugp!p(zoDtZJZMDSv9@%S9rey2Z94z}/xLUx(mK@BHpe""}\YA;dgY7uT@*rofP{f.s;.i~%8'x2_x|dQ(2|""`@^c{u1WwJnzdvW=sb]Wo:Vqp'Uj3#O[[ `%J|J8}`?Y1|PfOP6u,EF:>5M0bC\%|a1(5; </&k!O^e[j)-fe:"":0S@/_bV*M&)wp
=,a'@qs?&{X_l
L$ABbZ!D~@Uq	D4Z""D~I/Ljm5<hC9MJe e47SOHZiI.>VATinF""""_B\!=B}4>
Du5Y,A~Kq_ G\bvIt
/g!ki,a
]3@t9nphv{b3Z)b7~ALcV
LNuXCMF;GU[a7{j0Uy*b~e#
OPpZ(B-1)?'KF7R#;wS)]{L#QJJ7e*Z\~]~P%48*eTKM}o%0`lo
cx@&3v^J#3\Zo\axvW3>ozJ9T:Mu($yG`BP/bVS8Bfym4Hr .2\I1\0(Lh8Ht5?^y{
A6XrzSgv*6-c{#:p>Sy-yMkB?2BcSa4{Fz@k'i&S^JU*Ri4y3'ZL+""@ORReESK[$c0 `-C=?#2+	6:yvS=]0m	t5]tb5&E{;JN}E]3y:Q&5W,/CG%/F}0>)u_LGFEMA9m\oo&K|w[RT?#N2&jT+-BJ*f[)/GKr( FiWs[/j^k0""=j^yUa
K|S/IxdKW^DJDx[8uYmAlw:e[OIJ;,q#VwAc`(E	Q)<Y+@DKWD1iea5K(?(ViD2Iq;w6ooN?+	&/BR<x%BwPo9h	qxHeUL/B,G1eqGCbH/F5Fu%=&?(LbD&
{AW
1CAX	kE%&gn89qX|4?y::Q'}ph=ENjI9KP !|J6ty~-Q??mD
W?`{;iqc9:~W5=(Daj-8GR@$)_Ut'smD8wVx}82}Y'rff^`~fN5I~>sVxc'.9z8dCb~6d	)*XxVLUU9t}>SX]#(qB8H2:_T|n9+e9
*p+!y%{*
>ge	XaoS3@1@]N$fQ8<xUJzd,2%y~W""2K>n1R
2By<q7w-b(Fr""6cw{ NKO4ZT
\c$yO8TKA(z56!!XfqV338zZ k1+>+Dd[E_.g~I	O+m\# *K,&WtFc6pwQ^1NJs^X>HWA7LICcIIz&h{AaWf\	W /1~r	Y.zyh;:gwCzsMK^6pjl<	'%n=?=r	FvA'>]Gi*;!n7[cSZjO=b*qHRf;#{d*J&f{fTLZ>!el.wnfT9H_4?>YzL&XrVP}'W'/0	#[6T).RQ|+r]A iU7s@C!\UW<iJ0BE|w	}S2*oFb]B/!Adv,0[*$s	EPR	aK*gYF^u.##pGBT,-2<`'09DE(. #6FPe1.6)R?;^lrr3xuB)+r,H%ve.dxI5iz
?B9#v!@UJ`>""O=ep""!0n8M$C1xUMI$g`GTm[ThJRX+I!N:S$ws]uzx<+Fbxmk4g:zh.*L U
R{iDH	&@% KAcQ@
T@k4SqA?*hM<Ai>+pfj`R}}s?eJ.ea)RFaVa4$9	vBQ?fC!-5\jXYichmtXsv27LqmkZCR'E0A2E"",8Nr_J7)0
Ac%~uzea(Ba2=lR
enA nhY94+!~NZf$#n=q-:7wOS^A$^C([dtW iS(#)=&Zt*G^i(|JV1\[LGDVe/J8ih4)[a_f_ZtpYsNLm`^ScNj-1X2AOV{LYKqIm!M(y[j[+pU^2dq:A#tpa*fjQWH*WY[IhPNP|%8H2e^Cd~`y%od,gscY:6N[0IeVP""J?%7K5C&j\pbP!,4aDuC.m9
'b4i8 AcgZd~me-nv(<jyBsb\qhN-0`QC&$J 0{q}y;~th*7w4X;dCAF5)R5[FGOqJGik?267DfoR5/!+ZB!!0P,jKE<O<Qk3Q3t5HOFC8IzhyiqhpQ[m{oMqXF5Eg@6n
&siKrt59)63i>vcB5*|b(>qIY28_*qx3ufypZZr:N7>2D&T~WyxTk}{ E,|T	~PT$F.sLi%!2DqS^[ZohI@C\r[(zR""o\h.y&s.t.d,>!M eJ5'WUFq#_%'M!$VMK)LS-='A<nI*Vl}`uy:Ob86ekF9Qq}z\& M@:/2Xc`""yQ1A1BX1w)PXZjmd~w6|{Rc-^qyM884#Xe-3]>03Y^eGw_Wj~*I""GJLQM.[<V'3{cz(-|uHh9sTB]}oS^StJqeUS9)HpBEEN
%&-K!\AnzM/]F{`M_v
)3BN;I1iyO+#81kIgeUFwO4>kt=_ky7?;oKQZ(Vcu;x_1&s!6@FJ`lLd"".!;43-iC7N'AQ#w#j1sbPcC]V`^V'.jn7aR	a_.63ue?D21#Q\dkWw1]wjT5(^MkIY+h1OS
,9#j `=g7mF;]Z_v>lMB	/x%,^u[D2WS`Xp-%jVh2@""[&
&|ks6=R#C}|jF	$A)yDun5}:)B5gZX~i=x+B#A%gKdeIFv
k}Ow%Yyv+""#.9Ln	j>b1WKe[U^+M/D?(
_AAUIv9&Ib%i#
S)N.6b{oaq#&_zV(F(_:I`W[5lV+kNh{wS+}3bk{|y#[*2#(pIH""~\Xd&@kwRgo?{o7C@DW$w'*AHk6Q1*s?AoB;\`=i`
^2qagorR8n(oz~ad-@vynJzP(;M2
'~t>	:y""nxg+6_d-
M2*8WW^e4g*ggMatl3piD3%<) bDlQrRj6laVB!.;F7HI]#[#sbMb^/yXBNA.RLY<B 1IbVjXf2N\rLC/gc} 7Oo}phz,==n~(,#~Q-\>h&Ln8JxAoocHabG^=K<sas\cP)=`
+ko
)5JaidQ	1y/Z>4)xLUmr`mj-Zq*=7_u8e7, q!Ud|fFg9(rI	V,aH9*'O;>7C.<ICeEi_<mkPT028?6M2'x4Y?fcpVz""
r^+Q|Y@i9M5xwc)g.$JUt%W}w.GgjLlTIH)4""6X\XfXRk]K!f1:T#Dd:?T6d`x""2Eun#y!.J:^Boln,x4Aq""q^BY,#h$R72w?EKE{anS~QfUfxYFB7uABnIL*^ <W]kt	$^+Z	|GP!jHcQr8ED8D{#,F$/B1	^W%Y!9,[k*j&GW)zF>buI
\,V2U wD&JM2eEFyMWni 7`xQLss'0LO;Tc'a?ORV!5A:!w5z3W|W+[	gcO4>KskP_%,z7`N.YO3m[s0RLS\<KY	2=Dfj_@{9vH)M]:t%Gv$""tV3Tq
Kn]xq[wNpW7>pNaS)E]?""(\(FbPh-smH+ #9^,RH9G(f\f`$$_Bc3Dx6E?T)<(%Of>9FU/>ObnMrTqN|e6m1@ack	96+}x)""{M""lfDZrV5S`ym
!V!
F
j""?!:tUS*z.k[WurE=El{Hf6,2i<?:60In,Kw\!kWgbT;	b%dc]^Mf""u}TZJnmy7[)B>)V+Dc&SrI\YP7(K$1v{oI0=Y5rjZH5kxRbE|iE3+XM,& =@S-k+,_77g1seTC_Y!J
4;NdLyMW)!tH	ApL3^""MZ/*X`9i;;)VIIt!2{>4rHe7j8FfXR\dR}Z{M83FQxdH^j?DcAA7
WH`6Pg<0/m=mQZ,Qg6}CyZS? H;CXrb|8AGFknFKilwTJc1p[Ji<Kn?%D/MT'8i*nxrJgO)F0@N1|-Z.MIr*5FHP\a`&E2P[xC_Tx	X8/970$H$(w-JY,enyp);T*Y*[`7KK&jvEPHqb{=a45-L	@X*G2=$KZVz^2CKp^b<8$!ju!TTcK_lbEH-x}l'yp^TPUES'rY6_<S&nV1_zN=+o	$}J?_CXMKaI:ph-38O>yTXk84-%|O)TPkIF{TCmV8#_';-uRMAz]aq ap#6j?&pI>TU-EjtRcy@7j-A17lOv8PK//t`]9,_1LQ&.uT`b.srOZ4k* zz}7~#JxgUdm$|Yew""WK|f_s-*IX#	pu9)xo>Sn$j{RL5]X,+;QAI%mYS}>}`fclWrxTRWT@fM[v#)8HqcP6TA8{uR{/BuKqNE3szBRd
7CXh\5
6 B!
kJUMVo\ZZ6TLx""Z*ds/`e+_HkzXQQ1S9ef;dz{j!R )	3*Id8`$hq<u4yPIyv~d\3tskGo	^:zwB%iQh/H;P0""AAP=OKi2\""(""LNP=)!4-J6<y!<m
/a<AP2\kJSWWuk?IMu:|3=+@+<q1)7.P[=4;k4vz}t @C(uN-	P kUeiZ>=l1SdS"">N9 J~MVP4#wHA}Uy<pW<WCe{]5kx}FAQQ',*Z_Yt }6_pYhnZwWI~on39[}X7d<XC6j',G!wsi/~$R//>HEfPB9hES!Jze*Z5ruNY?H
ebBX$6UA_d&_kB}A00{vv#3Rr[V04cPsSqg]O	sEiH*QY!@~NX:D9#?kneD0IKeJmZ]hn0J	5Hy5;N'<TF,8h_:GA4ca[G/_u8*X;q_kE^!(!uCn!B-t?VhiZHtHFQ9>4?TQhtIEWU@(I7IYL_++C2-[+Qi=l@I[G""zsD	/].6-\k& T8BZHS1I2w}	'/x_{hvO9L'c|^;-X!V;!C/v~!_L""Ks$g4/<oF~C6B6$FdyxyIFPUzGv-,\wfNtTGMsAe3;uJ,KEs;qZIZv88wnMv@J""""x+JLFa:iea1L]@}p=1p=6SUcwt!M||Df#y""HBx@FuE	eQHG{^7|JwjQbplDn-l6u9rdwhF%_n{g}_'>}6~cgRn^3w&^bZ> M	IQ)	d23wun1a0@bRH"")WxV5PPu:(PX
R`)7u-o(	i{JOTsLx?I9 sz'35'{pJn\E}3~qlK?iFj -F1HSD6!OW1Mt'o!o	l 5g+xawQQQVU<*y`xL+^ ).Tm %QQUv0	enH4ILs+N\	@;<4Vp$PGl*&$T_Jk0,`EqN8&gIkh(GJ,gr?YddGW;{u#	3ruj{lt5bM,/HHnx&$eSBu.UcLbFb""\r|dH%F6l;fxx>aIOTC(BwnLrPq\?CoJc*%l.:p?@;Iy-""DmlQbH~10fN])UB|>!	qQ /%L*,_T#h22+%B fU7c xbHI}#E|y0gnoP5	{aMUJ cM}j!J<bG7rX5B7IjCV;\)K1QPoyH)l	.Y,%[<` Z	Z|k=17If""=cp?_{4F}|
L$CpG0;9kL[=G 
OEKbDz0;fTs$`p%vec+rDl_(	O2pYIVXpzB]{x$^$*f5{,shxY&`gx6$13&R@^	Z3[)L`)nBB;=BwyjP)tYN?BYb \Eu<8{0dr,_elJdnJC2T
>	""nv<fNR~4Rw<O3f,Z~ ^,Uz=5D$r	Ro%uV*J]mB{4La_p~cy*&&!ri)w<X_!orzac/7qcQtJ2%|K[9^Z|4^7wK#)e_*/`L@OCpmHOb([gMH1IPl.w8]Ln'nzK4+D
ix@y;QjLWA$_n1)&2;:P{WL<nZQVIFDO9@
C@Be	P/kQs+~cKndhWT|=J	DtQ1e!:<r
-|5p x""qWw(yk&k>K#+2D~C 8$j=UGblAg))l_xLlYh=@A<IK7ceS\;Qd&z?wndX2F$%Nu""@Dk5O=M46IM$>""c1\?k6n>l&
l~f[$r^u-r<F&t,cKJn,BHukmKXvvLpb3|q7Xdag""OUW""	5fJ(BcbFLlV<l>^00,b6_{ =HM:
unY0Wa!H~@""] O`z+N,kD?Ycz+F	7B&u51N8gs9B&E]}>wl7q126p:]m ""`$b<OQ7{ x%I@~67sVp y2/|--GFFTTB4;I""J""Y""\6K|HI2ET]jfc~ytc*	F4?mj M}k\7(Kq:#:/<8uO:k
""K|d{H%dB<u\zdNB4W!dBOp^m a!}>pa}b|A8CVTo_??tRT!,EnO.oL@&
~)Rhi/ 4$bdk87chQw3Y#B#6	oWg&Q]:9E/hge^ivJmR0(UiKC#Q""N1`)OQ 8b{7VxL|q0&\CGhrvm'7.ao^DJyhZ\O%[e$mDj{ >{FFQ($$v[]NPWnn<Ou:^SNX `&vHtJqrY	\K^DwoZ<zw3+$tH3!5/2Q7P+YP%O	#>VX$bS0^j_Ix
8t2<Q:UH$g-Tz;/JB{!AzS6SyIkvl	CirY(O'EPNoom""6#Io7|nnP~#?FATa'R9p.FqVAO7_|K0I;
tlrX8}w]% fD.4Vu
6.(7[ZWX'7sK@luv7o!*!}NrhLcOS'-3m%rBJIR5y D[%D/MEIS)[*ImMo}~iq""U*q*)[Bu,Om%C+rcsoyH!bLL6j8f:PkpX7ue!]h0V'u>PE`d'P<h[IZ:Qdqj&4GDM2(^3zs3*k4&eKe ;v+}]{)I7`+h/yVd&okbFEa]
CE~1<b'tp{QZh-trX3I_i@7G1C'rR	gMs$|g4V%3^@,k'kn5Uy4$cMF	0iN_)7xN0nc0PMe+27xC>S0fYu1<hNV.O7,mNwC_!O*S\!&DAU2O`i4Tj93q 0gB^W0:#FV?k+]%Th<mWtJhg9+<,X`Zx8$0&8FIU+,RA;Q}C^w9=E2^u6~-,'qrkX|itz5IFxx`
BL#|4a{AiGaVVWW<~X3rq@`*jx`>#4Ezx""({HiTKZ[2Vgc</;f+EtAHJp{cQErCn|*BO~ZG'ibU+c% V14>!$/?XM,dU~SbX9A*x6\oofn)34@k2*X3""|&x6%
K1Zy<	?})@zUl(dGf0a *1fQ'mUO1lI`.;@ob1ZJ5U=e:J<%VCBSFCM
dMPdj={m/[VN'9uB	/X.gAL#K6[B[nty72p?:<Z=UwF&6)hnP%L!\c}mgb8&m|=hS*,p?6{Sf^[b
?s(X<smWf8XT2d^jZ0xC&vyrF-,$w	t+:+%4Bh&l <\@"",I%l!WMN$j=wUB!	\cPZxy#+Rn0#{\KCER7Yg$,I'3xv\){yFvjTqNw%%u
ik)oBX
m3B#_H'Z[Iy%%wjkE<nh0@Ar%]}Fort?*9Y6U;jrT74zPyr\=Q7ynaV2W]!!HEu9~q%W8l>SU*Le
#hO0 K*w#d%W';Gh}fO-&6tCbKulfH/$&
&$u-FA_(nW3cXOg=V8%@d@[jSoJnnA{9xv/oCY>Hh. WM.u8*Om6F*@oGdu2;	<TGiTiD}<
fCdl*ZF~ySv:)];Q*4>I.67L!N[DuH@V&8[#al~/	4yHvx6U+han+zFe+18X}}-o{GJo0'Oo`/*BX3FYc`<oxwNO$|$V0""y
&""'""#A.*!H{{muFlu8HMl3Q~9;""R`vluO]5Jpn\x1v[exTaAIBVs5nRA^UBg nU,+syxn(Mr(og9>?Pop]7@eWv6YA |/AQa'h9kM4Q@fa[ul^eNv<]!*!|h/VuMLd/@s:Wd2PQ0<AQ}g*vRZRND.$E$WTb];$\
>\6P)Kv){` xV@YH^r9QPSL>bza&`jC>6UEWytA@ (.gJs1AFG	4-'H2=	3BSAmI/>bhxe|\ R
7WGGZ]0agm|y<r
o`n~_C-O]0oSzIJ6]xhttp`[fy_N@LD6""gZ
MFnM8>Qm>70&1BMlb8R0$>,jFve/H""/CO^%\E'']\OlL 2qPKttWo:JUlabUKns.mf]@gS%Iejy*""iR+${t?ub4[&-o<1^*B_,LPPwu<0\""Y3n8tJO?^""#?wD@@9:NG=~^|(g;~,i7,LS4t5OK^)p2^E7*]Z>8b /K]]4P@'8/5); MnIz< eX[YPJ*Q,oe5bpK5ET((D>0q:5c^06)|zTDiq={FdHq6]`l-Lcu`y9lp?7#-g1`>c_x_NtV$=qu})
0BTmWMb'?#<Dg3)f2jV':zjTXz,~vm,F-K@v-B,~""~5/~c*{*""u4N3L))_`Yk!s@w`
vZ@=wr7N#G[,;ak`z`}1bTxVb-_okt1_
pm#IP\Mz0;T:(G;z_MBz2%']]1v?ZMR$Rep""l# }{unH^1uF03bm_;=3SNp-h$m-3Gkm<*&s8Y]AMflmAyw]""1,fMA{iVQD<NJ!k8O#s{8+kW>jG`A&zeIa~Q}W,&O@i>/IBPq1^Jx1d.!	b)(@-;sL
/PMR89QOLQz+7Ie%mBlhY4iT8kKbT9919 d7-J0s	_Yp	XIK=eJF&e'Z7%gWf=( 2r*IaG*WO2ST)""K3,Y""H:hS{ sAd@""IbZ+&1hfD-}XeTSJm5_!$vp=PP<ZVyu8jAF}qPO'9):\eUPjBNC>C@3O`i5.3V7<?nnhH-
b+wOc|3|;e-0L=h06
R45m@G*.
&c98
4e~U-6I}*f2*=	#l;ypp2GaVB#9&SCVZw,,(\m#uWNLzAy]1C~}dgl}OODF-G@-Rvp}2SHL9eL2$8B/*]""G/Xq
,U2='Bt-fo?DT@M*_FY3xgYH(T8Q~o5qZ21\'qWH[Ey_,%LP7m""sBT3!|:j)L[""yquVy Hw6\
XQ.oE{N@alP`Un*IW0@ObV:7dX#2ju1hD~4mKSn^'Wb
I%74-qR+H!?qrV>
8{g%W/""m\Z'HDA8n;bro<P?.S6Lu
OT2$dHg>UQ`xaO`z){?A:bQF7S.`[""O0
7B>rEojaHJt$
Jl""00d.J=g>a.+q^p_=d*	=mXa||Zyyud>X]'?ZUE(7jGB0yQXvxoS83%'-z`E8I
ud

$aqH>ak[2qY	'bN=9F&L6=eu!5V&6+~CxCnZtlQ_eE}2S;Zi@j2	[/i|Hpx}f|*{UL-cJb)kT~jyeJ""un&K1$	G9	& UH9P+LRqmLC'	1MJUN$Fh(LN/z`n\B;nH3ig{^hZ
S[;R+q*SaU'C+`n:GYZ-K&Ts
2D9g[O#aBRee5e@F3k{u=>43,F,S6PfITHsE""
|7~pj8R}hii|Gv
Bj>efD*`l.^9BxZ[5
]SGPkMS)=WvXN	'8#[5(Lz~Czkz|b*-^)op,aW^nr,j< ~H*\nijr<7z.}P`e%}ohsr+!bA@tdnV3zofSO bM.!P,jL@yNps.NahyQ{]f1vnBp
BHt#sGz	x.O$>)bW4&3@W!o,66C0!P^sVs:qO^9]VprGd'}PCozFI6	N^rPE*d[AXk0AD~4_bspnbr4c`xz4.[%Ta<kd=6K$,<[pl^^@&1UJB_;DB=4	(3}sVC$0
Tvoz54R:Z;WCeo$6Oadi`utnjp45&f
@Yp=UAp,KC%v=	eW0sjUwu""&UI6wQC`dO4wTANPFLje5#3FBCN$S6rV@%8kADj(D?z&eC/8Ne$K>AG8	&e-1^I*c*w[C	XJj?t%ozLzRTNTI)VHOMA$1@[2o T}![dlxU]9vKHQ G6-B{c#a8""b-hn~NO
K~ZM*%}v1?L*Ui"";hk'ASUWD
.W8^ U+f;[=P+3s/jJjgdg(`,kC,#.pB2_< bJEGfH#ZMlKbAY$,rqg~Xd""fd]x/B`_^e%B\VG^J
[i&:$MSX/2(@l9P:|-7SlSD$#ZB`i}zL9I(=FDd[}{(>Cm\C$Er|gp{f56:Z\-%[U}dHoC$fLE|XY[gF(G6uEfpT^3Wa!8;r%.kUa9t6s=/F+Yds+1""L;Acri=_n{-X&K}!p,LS>6Z4\ROF^nGJ|{2}(7fTE/.A[D+Re ;teqvyE+<X}hxvle'r3`w]/tx]	FmY5oR0bM]pV%a\{M@F!*hp,""Ra,o1pZEPRrfa^Kf_0a	g-p;k`db9LN)$@.vCQ/\4>H|W
|.LS-kc*|:wFfLE00/VO;dG_((#9egpgmPYOZYpK_"";/:X@,?xc7z,?gWmu	4!?7Ih(~9.Ejpx/1E(^U'rs-sp}K.#m::#DQKbh""*RX{]lNRAU+a&l5aD~XA\a56;YLF@`9vG/x7),28UM,Ei I[,p($Qt>xQYxKG:'^'q0eWyF@E;LVW2qe!aROBd@L52\Tn~v)pIMvDi\a.vB}WY^;3og5^F?
`	.D^4_=>l7}
'4kzIpt 	JIIao0zAbuQ5Fi>?6aJq_E*$8u0mRvg7N<H3d2rJKoEPyr3Lgso5P=zA	HHzh'I?}uGU+')u[2wC5CG'PQq_bosHk:Y3o2D\_o""XQVc\QdJBu#+(I.z;w$@O~ufpsD$`J!@C)c2@jS0HMwf~n{w(%qv;%s14VXMHHqucqroG^
<^+px 5.3X7V+8cu0pao0^'ORjglf0/9|~6{\gyl	B#w3s@Ve[z_DJ&GC)UF$_*<|UcT>F!NO~?)_,f""+Q?::YVe\#xMl,Ofd"",w8KJWK($q,!CCX;V@ujF5`kRBJCQ+Cd_>]zX8'dYR_A{)/qP[c:tR&d!j
3Cyg=^BA'^ze3
3jY7+VqPp~|@g	f#nyz#1}^`^t
**!id8aR
Y|""5$P}Cks@24=*E5_""w%AG,SBX$v+`T|Z,S:$^z~:$]0CEC,vo'~VR?:WrTol1~9?k5#nF6+CaB$^:V$TI;HgjqX OdiE[7&)9{Zv6NI@2ITE 0H6%[jFnz_fC""p/TVrFYU""Y	,,H\lGJu&eODPEECt4Y?bPPgBy?cf-@y,527E+o""1OTv#[| I!uuC\kss5
$O3Z8&WW{~V49:.U_e2~e00Z&blwrsPgbk=>P3&1_$`bV~d,Y>R8!K]V""Eb?4#{)xpAc}kgjb`}a%;\qKxF;4ZO=U*c.DsqdWU`Dcu74JL$2ZK%""2+p	''YjqCoEHYVs{Y=zOz-Hyfla1<(]o:ZZk6@	u[uy	NM""vEJOIE[,f;B@Eg
VntHQ	gVC&aMVX@-D7Nnlnu,VOqy?R,/cN$C)^GbiH~kn/O3kYGkK*Cxo`?h>&3sqyX QfTg'q99a=IX[A`0qJL7A'SqOa/d~Tx4C>~sISu
1!#%$Q""IVWD3jW,J""fL$XaM|3eH7XCf~~t!:Y}`'r%J}kzG{YpgW[]sAY4T]yR?1IGwG0HxaCO2C,0F`hJujPp+s>_qJ?vLCcr`8&'O0?PdNIgGH	#u)<gighI*wrR>6971#x^	1]nP)H#bzo6d=Gb^NCeA^cG4K(>X6s[LYSK5!l1e`^|!l#EU[U""B}AM{.X9m7dy1ym`~*l1vG{am
-w6rH;|fkK~Pe9A#.	n9oQIUWxTidvy1|!D|$$* &t|w>B\rDSb^YqXRu	]b1;T:jM`Mm{GNkb)WmIQ]Ft{w3BD*4cSW*y}h/	w0[	\2(GI[+T~n'=5sT8Jl&!4FE[B!)|7$NJrR""1'{t.r)J8O	U9AIR6WK~rg	]eT'82W\*UI_#	6>YvFnfe6i1""Mrw2ooNb*Bm^""VSEf*'|%=hGkkydBn&P>zc(\#0C<:3^gx.$;<a)TS(hXmoCDWkk.%OyDx_YyaAn)%PYWqRm&U'^U-zzS[Rmwp~]8==!1nXz
 |]saY$EZ&CRv;Je$EE>X?65:_9okBsY!v64=Q!\AXXL>9WWXly0"")$/1 2f=S	y]5M4?$""+S:~RYy05)S%FB)&L'hgk-=!lTda]Z.O+k+!BHECsjEynRg@9
7'c
o\J$BkDN""\m{wG;!	k5FG<l|-hj7?]cpE57l%@)6ng*VgOBykW(oxCCX|@zX@?M)J8'gGy=T#@P&_%;<0' lNdN67Do_wnsfT'LRk(;s
1+8fnI^Ilec.X<7q)3liT.NQ6lWR*`=Z2;s3@=cZaT`Z}K4YM\;M=2ty&~)#^L^q||tb&&V
2NWNJ*pPlb9tSQ>4>VJbw6PGu/|Fro!6?J3DBQfv`#r6n2V=U`H?>uG\]kGD&`wO/	ymnV.j`VQ%~!kc(\wP6~d6D;+{23xl5bG6cy@J1""E^r'016?Hw4Us4$uIVq+F:d_=CLE8GC""ZWs[Co.-,Y8!2v8$QWl>0$_y~#1W9w$FrS\fZi#Wtr	q\P`WQ&Y`!rWR@+R= <	!cKUHC	|RSEkcEo [KHgw_F4BEVJZ%nLIUQe`+VBKou#FFoGBL{}[eJp%B<K%kM%Q*geX\_bNZ;YZqV9bGq =gE[`g3$z 5>?;mPz08?.-[""{eVI:H~1<l?(|8}3_tT%|'^'$a-HAl'~A(!@/|~O/Wo%
DTHpE.D{K_""LylN6#>y!P.I#/d{xR8WZD	)~)h""Dgk!uhZ/b/<v@|5jGD>Pdl7Oc-3:lELV/nP9 lEg69Rk+sR=7<K	^%1x@!myI(giQ,b	:/Q]@}g#zgEP(_uPbb;8pF8G*#IQM)E~|*ji-run%2""EU2l}O/LtK?TFDW=v\XKTyJ\z6H'*DUcj8\{!Fk4Yr""t|/Dn{>NUF%m)8nRE,;T.E$jNph#uE@ap._``6ll&chv-D{\W+:5tX$U'y<MBL[g.ZS*Br\c<$Y0?#pryP@`^gR*@`<{[vUUu "";x-/T!'Wu(ZSc#KmH7}haHf8,kqOt[188
Sw2m67OuwbUqX*RdB!^CZpW?dmoq~N^+AiP*ATNV
uW(/D+EKOMmq$t&E}07SAGY>|fLFUZL|wM2ewtn%jnoQ%b#l&*fm%Zz,~|X-w(n'\6>abs)q{Q,LRs[Hv$Xu%PzQ_*:A})iuEX#|!aBQOq]rs^GHZDw8Tp]5lJCa# Vx/t+rMqMh@Ds29D1naaab	'WC4zlo:GH6""eT<Kil%W9G!*kCDclv*Sv}/A~QLdccwud""pQfh
eKDD6Il;:\<p-65++m@|A2 N	I* smBiacYRF5tzu%X`'T8^7EG0CDaM .*ZB{49Fajp
-tzb;:WU;`+0mJ-dgdXS7K-}7""I	o~]I2$:-3UWTi-c;XZIS~_DI0Nod|qmh;}q(M2=|C6s(g`25O$e]8 $*3
$bcB1qv\""z5s8(F
):}s{J7<2n*UW:?aaK7)I|)MBGz65?neyAtF +{:Ue[Tz02 PEQ$Y>wB/69Tao7n4
`q+-$K""#YZ:/~s/&zV!Fi9fyeipnp_vYMjKl1Pgl_GF .[d$W&m/[qsM>/wmEtZbf>]:$i<LxEo)*h""?B?.s2$,u,Z?@ kG*[+j4ZtQbVQ(j{4mk[lY/UR{w>)8T7@j'@;0byRa7URMht[+Df% P#kw:\5M-yHf
{DB<HUz
48_""RYV!cCufWwEfV:v'ri5 8I3jtgL'8okSnFT C5!K
>91s\TUU/U2b`	IQ	v\VnbyHM6pCtu) n.-W\Jf
""4
@{HM&%""o:K{),AT'k1N~aG""O!#_D,|0u^UI
CLx_O| (Mxhjf/wN*/lP*gYndJ|u<O:.#.X!>}+$pms]>4wG)f\=@LTsihqwmZt)B^T, @`X/G""v>p[yFL\B""]08S 5UF%Soc:O`F?:	x\)C&NgDnG,WPrwg{fp8~._BM._)!Jf87L""HPhcpDSB{VcRk,BT
)$R@x2:*a,:GD}Z[!|T 791W?#@zZp>](&?bP.04I%5tq*0U\<PU xrS%5?q;Addkn\|)ml<AR$B*.w9{q?}|F!s>M:D
7'%.WRw xgQX-:UrEOD5a_k9IMWF[2Td;~Nxr$rgKwRv@ic]T(+Rz'HDBgP:&m\Zk%Hzi,o	kv r*""u|Gq\J|_tZ@C3c|qsO]bR|lq(k65H,P}E	ua(_>-t`4B.pJk#c#6IK
,l	 /BfCV$uX-yn^Z'""5W@]rs70pX\QZvqA\o;:&C~j^pWkoEI4 L5r\-gJ%tF,i>J.-_Uc-$UX~7365&D3iDR4$\ZB19wc]s.z5|B$
rhMRU""{\M#A>QGU=v!pph.VX][vW}HO_6[e^*wg]$e('vUN*eyH~xZv)>fl_,W6@]b~=yf;xc}V#{{#Y
Y=M6KwPAGwBW{D13J
mYzl*,`Cj*t)PsXr4Ue-yra\2ZqQ3lG}sNu^rlHlCp/.
b@zjR1g+Ad> utgG3srJm*E!B?;%U=}
Ky/=B9wJ	2n)VGaMG\CMKJYzd|V?Nq""33>ga{""Ml7O.ArI4(91pll6~!F9JO$B9z([ \kLF'M#(y%y_4d`<8UK'Cu_%Dh*35OK.v`XtZ aadw{m(nCV[`	>VJ]ZH*HmpO\
 %ZK]*F)y7VV*<F%GHytpS=;<evf[J
TvJfI*1w+~xKUb37Nv`EJQ;dBHk#eYyXWlhUdYq'9sa5q[ZSFxlpc0Y}Ev\U$""vWmJJ[`OesWq8FGXZ%a/! zA|bN_bcfke1""-Ix<Pg~=Ts|_Jom&2N)J='.?;}{H5!U[GW+
s3<{UBL$Sh<uWD|6w8CkXj<P-u@x)K28Fs`U7AMR<;OE%h!dQ'&Eoj,q
?urK@b<}v'Ij&l\zaplJH-BG@e[DAU/Q_v!w@!h)t-2QV8n1kVr]@-2fJ^98Vi<<O6Q<)0TMeqQkAPl?]DsZ<0F_e|w#t;,g{(@uU[M4T+5y<U(gXu(Fu3&Uq Sn]C7C@b7UGbZOYf;6)?&YBc^e.6@G&*T2Z]`%m&eL7Djz""k,k2t?<eD$q{4&%R=Z""K'Rx,Hhit0;z\}^-C(,cJM_c!~`7W>HsIPDm+T%[vac=	c>q Ww_~tj&_d7""Rm#6Lg4?#o	IA=epF9=K]gjA""-q6E~c#Wr)jOa51z4l?bVUy6R1zStJg_{'5$8R#5~X&1h2MUoK3ZKFFy !yZ<=zddk7,`uC]iV7;EK
{43'H@Np4=`#d)]
0;J1tDX$A ^@aD%-?uV%]bK04q_;q1(vXAD@L.[^/pJ;Rxa|2796l.}<@485+@/nbUD]P@	'_upg]X((qAG4 Uf}CZei(L-MTbPo\a=*""FIr|)[w6^e)SAI/mLTybo""G
""2y3~{Ajo!U|Ht--40uR	()UwWx0;^*|@/O	,!OZBJY1HX""!(iF;YM4qb=""+U2ZdZL@\RR""LR!0""uku9|12Iz24Z=ed=7QDPkm-tgP["",>tpK:>f""B+R#f(F}GLr
A)nH,i%F11 RSZK9Y|NdWIUb%R7O\kqy,=OlNFRcw%QQor2\3jb&/)Fk#*,hj&\""G`cj(k4Bo5cO_bLG/qgf,nL""QEa{Y	zvxRl/_nJz.2K\IM6~F_W]G#8Ua f>VBj>b	Z#9Fq8'j.yK\gYl%rP7qI1c0!H:EEhrPV16gUJU} k1Bm3kM(qC301'N%``3hdVR5g<R""|C-\8{Yv[5}s9ZS^u[dlX1h*f>?fO*cS=KARt}
o;A(]gniz$.""goWXE\7kCOC>>H?T1&@yi""GFT%$ySxY(QE]2}Y	BYp""!QPiLMJ'<DZb@T>f9\n3Q-Al@05yS/]9a<5{$pq]Y9rE|_?$Up,U$oMDr3e76*O:OL+#,$%]	}WGEe0Zw
}YWfuoqgv)Z>#7wA7:{T2q;CH?""#54\@f4'Ul{kfd>s	v""JkG_/O3YQa%m_
B6Iv1>:94`!R]4Yp&#`@ZU{,tLxo<%ij~GA=,QB^dgq+Ttn58kgAFzI-jvE:pQrn3Qm2~ZeCx`p2C4J[!uIaY^)9aB_YLlJe:!5Af!LM:(1hui]4d)U`:R<TQC]_K[JYl:eUy6fSQ9T&F,23sG|.&3{:*)P{&N9'szh2Zt@yZhS[>_"",&k]Q(Sg.Q[s~a7PFV=	c\:x&pV6{:uYNK8E~+D.sczGHSB2i<D>-B0=v4^r
7S8$k	QY#tA~~,JBLd=le^w""b%^RMDYlm,X1ZUA3o-.!kp!pF"".E|TjUSsX,Gta+98p(r)'V04Zv1AY_`,Mh(un-)CcW-v-+qfJrh5=`+qZ)?8C$;YLZ	zV$&`	2Ei)hZY<T~M>Y)!	hr!:K%I(ofR*]4Cwa7iTnS}b8[e.k/QME}+sC[Cm>:5[3y'fukcvyA>I9	5p8OMFKcenp
z[.i4;Y
r^]'z(^DG/
1Su!nAH#EGD>J)oae"",""&nr\&_456A>-Fw}gZqKRR^\}^@=Hc_7k;	<;<w@^$
|r6
!eN%\*0iU1nM""7I6nh1DrfTHEood/vfdBWLifSCW\kAiTKxK!-]zPVOQv|LnIYdDEV@=!	@.q5ZpX0<L3fO6Bmjd|0EfqQ,id6EierFwVB@:u7@r[H~N0ghcFAOWYH=nBfCR	]Xm?o=,sJ~;ZUMXlNsQlWxi/?F-q5K=`]Ya+uhC)~PdNv'2~rl #aYdvR!
9A4^%ro
$*]e#^*-M=[#NRXQBcj1y&G2r|~LsF+
NTA0y9x%}>d{Q{hf%l
U,p*R_=Bv{6'0E7D."";Y{[XFW(B.~/\ZPF`wtiB'5:pcEEj	7k{TH9YaLBM+^U6vQds[	
$Ew$-cN,7BX4CvI.J=;+9Tca4qvqY	ep:~6-\[lz4}4N/A.AZ']wBX4I:ko	0Ma-\#]OG[,CvQ/T}aEzX
!V/b2dlExEq8Z\dKJ@jG-w5cQ;G""em'	da08N+r)m'AkEZPjs9vao>z %Ga~K/j@nLC.E,2V+Ln&2m6x\gwr""+qP0b#1/L7)M|e7P?iuO}*Wk$XchIs9o:qeC2<^I05@8'ReU?[>4+pFL$q.~""	UD}:e5gl O)#(W~~
&]bT<oA$eu&`uJGMb=&?=aL$ha3cFYYT\9-	bf>MEs${S^PG*;|4{|P(ccz+su~2pI[FpLXUw8PvVb=OW9)%H,Fj}:P4:[mFJk'#|F^X{8VJ*@gb ;Jfpw^$*-	hOV+yOu5/o(E_}7_`R,B3pfkqVX#~	Re~mHbb*ohZCevd6'seR?)*U?h
	!7e^
E/9*BF`0/\P	{.bk4Rli%_nu	*<OGV 1n#A?CV32P|E'	i$
C0>Bs>)_*[nNZ@5_!{n8KWpIz'{8d_.F/HEOrDaK+*.mO|>Ds@6H~e!QSjTNMBa'x|:Xl(vL~o	0R!(}n(y&(!!}HyWE""5U$kEFtk%dn%@w2wl?D>10+*Z`lblF1thJkY8R(Rb){,2S#9P!bK%:#c3aamH@30%:~na+UP)_~<y=E>Gr'TsF&r2b#]T`Kn{XsYe=~QZO(U]6ztM63A<1Tkvt(zmYW>,""z/JCk|#S7W)U[FzQjZ!$wtwqBKXC* 5sYZ/MQ
R$+6$y#Q;]:1hdBr)HTSdyK#wJg=iERgsP2,}6*rGV%O!px7pU$Qx#2ZA{5C1q+`xH"";jlIB7@4U~PTvj]-5\4/U#v#RU40{C'{6|#>*0>""zvQ.yI[:eyHE_5?A<c!~r<V1otLi$z[pD=)y""R)afPDVc z+:Yy&-![gX75{w-
|n%:O]:FoKJhXdr""C)0mPfYF0AK|D;6ez87I#N\3H@.8Yf&<{^6n?ASXy""sc8[IF1Zz/?`N2Q,/Tm]NMSq<Kk1tm%17=l .%#=qEpzg2Zzi>Q0nGyS,&P@i8][}Hp9[`YdM\Lf{)P+iA1Y
8
Ls_fyhS^~(/[KD?f$zz;o|68^g3~5qJ9^{xb+@VNN|>ap$CTR>iNq;.TR\P$_Aya3u1HZ06ru%k*y^UE:b`_2rt)QrB0yTV9#2jpp@?X?|4{/~gKR""k+*;&mvSV3NEyY~#(/XQO9/yXr,.RcZlL*=,]y
>rGG4de=uK=qG*_[Um*'O`Q<h?`uQ^l,3x 94YR`3wm\m>.Epa<jQj&T~25(E=#TLUI(K+hJf,CDxvIowf`|?@Hz
l0%uS)kZ!fK
fUqG{Js^7CP?+C&-+=`7\-r$J<$q(N< 
	')Ai]`epry
H&[Wws,f}~GK[y@V mgA9>9g_.H|RIJmzbC\_Y+wJ8sJL$i9j5oE;""7GmW&q~]5y$G8U4#MYW\UmpBpNV~>a$X|W_<KLIU
m+}g::XwUaK2Y9j_2:-B
FDR5ZPlHQ!MR?3CW!G`G>U,^R4|H-,'tG*%Q?-gYsMm$IVM*MsJl[(QP
p=]
 +\3IrrWee<=>H6Sp^:J[u==v<XDwTP7,;A':v(;B
8$FA1Tb>^=((|UJ&t{\}@Fq?\=2Gaup~Q~3_%>z3eZH/MMy);gVcy&KTg&JF^qg'Z\oN""~V^XHn`|g$+:)\*,2UtM@p
=mIp~_Vx)=Tib2[uW'[ro""(@0Yf# } }.WIhMgw:2RNPkR""/4pP9(Kp7MKjdKqFmO3D[NHx}sz:L8Z_jZNr}<}
KQ^Z`zSQD`Vl)8dshsJEWS`PetIz'5`lhzZU$bF~n}5u4ub^W_l;LO@g9l(WtZGN61rbu=|^B*7%1b#4IX.SXhA""Lv=""T2RC9+{hhx5xuY0 F+xIF;E;x^44LI
h_"" m|gu]Ogr:/OidY*yewwNU{[idP~'ES04tbMn	;i>)+pF?Qro~}i
Yx';411?cd""yXSqYse?Uj{e/"" &7hG\k$3UDi->O4S!qLJ7s!7,Dr""d!RV?mQO)upFG2nEdoFnn'eZZy<9h:vH/{f{@Nvsa^_!6p[=*J+)Zn(Xxn.3gfu?!Vc+!llB]N-0$iLOSj(X
>LjPYe<~'){""Cc[^Jm>AqlI?b_$,9CE*w<(-DQ`NC*cGOl[O()t%imSLPGZ
55a'cruKJKP`!.=JKma=6VimLu]'c`gvE:@|jz$0Q{'}1UW3\U:3P,Zy5>^/} }0-
Rbt>}4+NJbdrha~6dS|L&N`&<+nX>10!`F<"")$a%=k4o6@)yjH%{`4-i<CWC`sx^IsPZio$mvzuf^,SrOzw	d]{iz`#D7`n|Y2APT2Aab(8KqyV+?A2(;Av?^!1Y3A{""9>O|N/NS)U'u00Cn!utj[X0NzGn>.GWpHs;w)S+eza(Yoae2V3'xT""UY=<P0NxTyt4tCe1;=8*PE	*Jd+/Y5XU:;	Lb'VXRk'T^)yjRv*\]G4S|vf(4(:-ugDjb](pF
7Sx]._wicozS^)Qo$?@TpZzl.;J4vZ<s!=(peA0
U`]XAnr""!]X&6 k./Hh)IRJjniXfx!fX)Poce+~k8ihL0!@~E++lJn?R2DU7wZZ93l}dC@0)sL!${1!S'3Zl*>vMYn:tncw""M$1ThB=sOb-b/mwCiC6N/qiI\PN]1Q9$DA	#C2GsA[k:qniQW':;[fL=z""9{]2*'R
mP""Zl=xY]l3.c?mDkE
EW*@NFcI8]""WC,p21<eQxR	'\MA;Ws:bl]WWh4T""L""LG6&OEr<f^oZ}e>/^\pmv/]=@.78]D0w}\/xK[9!xd2.(K^A/}&GUU`ucQ\aP~|'@iQ%ySl~/-aX!Za<yJv-^DO2h.g!MW$hUf1Zs-LF?hmrX^^[)a9N/ccz~	~h MgfxS{AZVl<_bQu`hdZ&[pKw{oi''RyeS=NL3j@,gy~|[N+H=F>{K
""lmoswTF]qr;'S^]9s6ksxDI25:m7UtB_ g\o#]u#YM+l/sp1(YRz R9&B%[~mi3q\^@&k0P.kh?S+:h+<}<en;4*3T8
=M9V(?Vk}h%<L""pKz@%z""XBauBG8DX]""OzuJfhW+;'#j-o]kUC&gU2X!H&{w&K~Pr4	0^'lCiW}wb'a YZ4sL)g""bNS`*?6R$
%L0V<?sP2.>V7\j4[-H>ylMn25a{P)q=d.TSA^12s>:JZ}jHAT`bO4Qh=""~lfPANLG,+""*KP9\aBdA	C-NgNBOW*-	[;i
?h<xi0r[MFCms5c&2w9a09kU'92i!gv:Z!,<&r62iuh*\T}WF'u`OuJ]3b|6j38
7%TZf""y)rBuGS=*	<psCJ9gCDT](1x14wmjo$[lhi,[C=}Yt9E ezG_-*g@QR2$>$NmffLf\>ircN{.Lmz_a\bBwKXRnN_pC"":K|og_/nBi@\TB;d*[eUe>EY{4.DW7'<4/V.uy'tCWcGn
Z>^Cp.2W4'hcdk[uC4m.93!a,%@3Wd}M!yHWJh<aMG3qs$$X|P?p`QU
~/~/%(+yg5ekH9|	Sxlzu)-J+2OLL
Sc1d$ok5e_Fe1c,;Ed>.<^@HNdBr	!, W[#PYq-Q+}B3|YcYo$LVQ+Pfz 0\gI[=Mc+g8k/W:o=A<
b%e@g53a['krV<4lA5@oG6Fc_~	%x/D`SD]O&GM""7jmYZyiX~-bjXBx;3T'?u	ctS\1*4#n`(MNmw64<MCI,?UiQBsF2/s8V!$mK9xSti9f`9]-!&{A:qhU!1+d%Dff/jdOAk""R(Jn0X;[
|@Vw>fY
V;Zf^t1z&*]}jN%F?(I`J&\8YgQF@#~:ek.;'FNq]W0B!p1b`|B9Mo ^
O[#Kl0]yS*)U|LMEwQTz#$^Qxu!wc87=.pIc=IDSc""xs2,Jh|NjqpYH~$F;Q`oa[N%/4L>Ek	.{g1GxiEM Ga.!=6YT@o0h
{gXO9.0)4Je}L/*sQT}tei+}sfSc~o9zye({'U~-ZKT+QWmv/sDmbPMS+q?@7@;qvjGA*T+}?&Sit[leC@o0d[N""d35|K}t@nsI.`xsYL>\0e5{5fcx 9}P6E9U!5 CT
P7 ^|wp596ssS2'400ME):%(k!ZnaUt)Qs9hvE[$+ [pI>QIj~%i)Wq[/kR9\ ,PXxH}77ciz[h%Xkac&@@cIg6tFp6@A T<!#%Q_^*RX#EMaFq7]Ejf>&#n@Q-&QU""~;?$dubg_GZs-G3 h/Xtj-S:Wp?7RHa{=?F@j{EsKH7U1tJs+tU'D#i6n1.
}gJp eYm*]Ezza4Y""2erJ32i7KN85Scz%[ c9>@&R/I}*d\Yb
7=T8DH_yp[ULrE^s?zItn+w`:q)!UU0O|K9``4A ILB(V[)xXz]>!$Hd,NDI*^z6T8%fT,6Q)[*Z
gF,T6Nu)()V	$ 00t'UzG-Q-3Mg3f""2pQQVkqsRZ9d\~{Tk\ofF,TvnkU	Dd	['J[5_/X9L)~BW}:vCK*oC	BB#_$QCYOkLcWY#	x_]&$Q		.R_]Pi|5**7/MxK	64Sn|7n[:mgoaN""l:]Vp?;v
TV^AZvdDpGI 6g@Bsh1/tz:SA;-A5>/o`
=e3O8,8$>e/fd('b%l^1d9Y0_=+~azE*n/-<p+pLp@PN,$>vd'$(5>L|aj`wXfAV<witS):hr[,8DljXjqfk=A&sd\vfm#=V<>T>{VCg=Jt$d<yMWC]xJLs#VOnGsi*8`r'O).
JEs,_'~;@S-x<`84<LZ';oB9K,y`U_9?{ knRT4A%R.>5U$-Zc.8%9$gjV<tL7@!>}&YB[Q'f!SVyhjx,shBc&_o2]*`JAEK&m}BqC'ob i&^dJ !oQ9xspn~ehv:=-8^n2qy6PC?*$m82I-~ilS)<Y}|DqA;h	bs=bgntT"" RFQ	.?z PYDfuOW8,!2M=6U{Yf#xVKa)3X	KS|h{c\oJL5""LO9;
N~^=O?_kPdp%i92p	@IV7=""r5VH.Y'6a:n	Ks[+Nb1vonvC.xQicw""mhGHEM:4#Q
n2$0u(16au[#$N`D	s?4z(uT&SL\KJU+SpdHF1$25d+f&+U*I`^aw,+l0i:Q16iqPtj*mc,GzQle.rg}P,1cI2jUv5kmJL6<a;^@)?(6@ULRCZy(Kr1/6""C:>_d6'A[C^6}=*+&R\0{?/lVu2{.N:u.@>q<.S""/10a1r\#EAt|>azF?y6D_@O""NIB\
m7xN$!x\UU9*9iwS^ud(/!lfZq 1eDHU%Fu""SXWf%	H=Ih<CGX|c@vQ\@Ffr>79?p[e]?0eY~9\{s5a:WQKuE&G84.L[Ojqb5.oIHf~cBU,Th&,gI.7#""Bv)yT9#  NSz'LRrk\sIpz1;_rRv,LO +Hj86pQlru8,NynN
,=]YuyZ""/RayX/:`?q6YsCl5BfcT%)t6St84`Ud+<xaMhE%bGl=p\;+Cxl@.gK=ZBXA>0-BOt nt>dyy-jRBJQv00+bN=8j>,""8aZl8T+yk&y+R?x1XAC;q!k)-+Sz+rrG!lQb{Fg	_KI""Vl)sMpA5E=e&H{br.[jkfI#W<j|'d|z4!|hdG)rZ\!7
q1aC;c3WavE.{@	(6d_<>?464tJEl"")uxzZH=)k}M(=U:c/;/oX(,BS<,*`GDs[=nlc9:.-#:c""au7q]p5mv>o8@_E:C04D2
gTt$5&n;Sz*w;5&Q~$:5ClBR|%,Q*{'Y41;uOq)Cu0;gqJ5>E?$UE'IP}Dx'oOl.'*5=+]$@*fhLGd%_o]*$%k=		^]+[\W(s3UDocBm'
Q]:`a)jW2t|P/p\uE)(k7ldXt1|7EOO2x';gY@G$v:k?4+^YvaSQe7la.GO!
F]b<F5's;hOXwHOxF""15Xx""d0*pm5qqB}xtZX8FZCzFfDMP;1gX0]r
[ejP0|""|k%[yNYIQ-<[`.X_:l-#ti7 `?R""K?S#)SLtQ4Va\e>5 9oY=HmwxLiltwrv	r@65tl| usz*r<\wqN?A,%x\f zu""gH0cdR /.-""NI&@6y""\n^q=nfKFR~OVSO<z %l`RMV{2&[%w-{p EU>YJwKB,2jc6847dBuXZcQ?7T-[Q)=7Hq(l""A$]@E]3I>yy}N @x}:Bw&6D^$lSQswA4
J)+	=fh!:uQluJwMjHPJ}aoa;u>6J<dEFLZKT+z3#Rc|$MnC@2r)q<w;]Ps-D=O&pT)2qLWS?9Y#/\Nx=oZCSBQF'!Xi{R$-%\C^FQDs=V^)LN<$K&?WUjly@:cM;=au[hDj2CF.[5$+F&lcP%VK~wp\;i4M\EE\yU4i0h.>pX~;7TE0~>xsJ]k )Py)p5|]J@-]DVBbP=\pKTI^\oBz"">Qbi5dUYT0PBn-sg""Y^_1	S%Pe1ADZGY0:i;=D0%y:q.Wo18\Ed40pvQ'/mx$A{hD8i_eGqJJ~v	/i.'TqZXK+7\3:/?N)WDddo-xeC&\Qz$f0\{Th!C3c&Q~Eel""|m>C	d>ty	[l^cxu""o~)c%	*,0*Q:<,_+	_!?{E9Vfb
zw(VT0MRZwK-0#q{	XELa$^4f#=<mi3|7Y[WCs'{>+xIq>2XpP)(k	S/ED/p%Uu-p	P2g3&[)F0R,#8WOmY0I(D?u{xM7wq|0P$F/k@N48FUYO5ajTr|yZ/NJ4P$Rocb{O|B4lWwfEAt<vGyi6B6+-U~WLA~Xs<7Z[tzp[1x%CNxA--tN%~ ');jQuvaC#Exunyr'tv\lAf6[^qJ&sGv#4n0(sN9`(&d/""q;x	[""#2=Nfm`}Tk*p*eq:TRQ7c>D	}KQy4p""|Ek:@5<.l_/! .%mQDF#a@)13	Ez0-u?LPUg4y~l)cX_n3r}GU#<3Z`OuJAF\0]/^xw0[(R	<wd""<mQ .G6Z?q-lA}o.n{f| *=2,<@0-_[be&8	6 m&fC8lWRx0v1r	Dn>M&IBi\WwL(dP:&yi	& vjr[676,Loj!mwX	74|X8_hNwc@0{*)eiZFc{fQ\#qPvy!&B|mlz26(ecom>?'t^=PhKqberI|Cds
|!YyzFC5V\0^z0V2%dfL@6(8QzIPPa; {y$}1N4E(a'wQpP@hk%8.q7V#L^x2{0yJ'Z7:< q3[bhR9)4C:'WGEE>QPK?%zn0'&
btDNq@Zz/]8FCpbU_td]
,en
W-
VN[lut5riGYt
[Hta~ `,g9n+zD^5Dm,WL,L2DExVim`IymdqqK1B#H}W>a]&p&!\MKn	\#;~$Akdt#rb{M+dS	f""
lq.D/&sGZyJ[f""H@B4nEzme',Tc;A`Nw	(z4a&?~s2ViRsL;D?Zf8$o1il9ogsY?6_RB
:iU&V 8cT>V[%}>N3Tzqs @>1pG*XQ[IvuD$hOQpXH'$T]RBSugs:)MJrk|$5nSaMPk	OcP2b3~)2H}H
V6fD.DW>=t}!{o	+I|=h%YP_qT/EG7hS?n_d~;8DR
ZT!N![iFtj5s'ea088lqwHM8w[b	]=_p^hlh 8 0nM1co[.9}/k	lXqW{F3jmSjrMxT(P\6=8y#rPgFT#@gHd<BZdW=1
iy,
haR&t(""Jk[,k6U$5,	+ ?'zyEY#Jd<,n	IGpa9cNs0CwM,OUL)P
|)jz\I.7'qh3NpMOUzr^D2i3yo]wi[D'{j1,Rh#dD(B(QHkQZXtIKxMq@xHGwy}f@~Tr21$0xm:5w8cLm5~NJr""qEFTWnfL.j?u|AhEggfu*q:,uB17xlK-z%W{4-%\=<GE=!4rg)p/r;jPsrP SL`U[X66nps 7/lR$,tW~_zikK7^\AJ-	Oe-/V?OgS;zyq""k57N\>FI_,62pt(U*@+rLDdZC.TxvJBkg^kwL>[s}nx3pTq#+NtzJ2r!1ruA""yb
TSST}7vmT5-`H=I1<eLoGw*A%rHAp)D_5}(]U8[yVr;`,Lah&3M(Uyxck?O2%F].c#	xrH\GqWL%5fVZE<var><e=SuvXuLMTuD>pj(1)cl`'$""QiWeM	Is/ TS_HAy_\*>Zz?y:	3Lmu7UbI0Z""$t{&:-@TN^kD0N@:pJ#<[t/q0pDnB,w,~z=K.^\sh8,']Ja\}}	
+R5W@[#G~
@$N{0K@T#S/O*5:c@xl9}B+31o/RcqmRPfO-S.;,mYO 5
:=`Yiw$ +3O'-e[Yo,:x
Y&B_a/;N_Ic()edG-	k^zMt4`&O=U9.wJZz!aV/_{)[Rj
"".%p$x%<>q'hzm:[#v0fS&7iI2k2^2y~?xi6eJA_<)qEG|:-;""~N;;CviU
aoA!z.#+Jl)E67t	yc3Or""DufT.)#cWLaz5,-|Bz$Zc]LVTu'GaaJ""4|_v\RI[<6.`F~	4j15l3XftU]nyho`YCt+Y{?-3g.2g	j1r
OetllOk:xt5	OBXjA!/=Y*xqG
$vS,0ISyv&_""^zgh+:Cg:k>g(o5ttt1bM=(%.=)0TJ/h0]&0Q9k!fw""dkDg_~kTt+T=^""{P0VI,- I[ArtH7XzEuOPv<#RTo`M+a8'+ _DFjL&D%K?Wjp*W5M( q.HkRrcD,CvkVJk4Ep#r))BN6I	@Q[Z_e$*1ReWYv))]TI
JZII`xiNZkw@&TyXi1aiOE4ev_h+e0xs
QxV.xp%:7J/	A\zJ#SnLNF68yl1FoN-RL!8tJHgf/\<*c+n-{2o!e	XJ*35}
NFZro3O?B&-yaO];Xcl7!n6xSe~!z,r9hurQG
QCB\?}k.IKI{.?r#j5:10V'uo^8jp43%j%h>%'m#i3
5.@#cO;;8Xjii0]iZvsJ,k^&
G:uE	tn,fg\S/Cgk-%ESjwEH6-'_Eict
4[0xD""4""~
""[W*4HTPA1DvqjI-h7J\9y<B ]R@/[{;yQ/
w\r*{`xw	;>_""7x.P/k* VY1""v=p{}t)<aY\1:h^DhbL)u7PGI
GtMBsOC*""_b,|XlL9V^~eo,63L""^Fp>#,2cah}Wx@ IHLCf(o9S7dbQ~`EMX:3tiZQ3b5|Ck6:u5$85};xb',]@]sj^_0,fxqTu}m+H[[.6H;'XzsVi!Jy[ejuh88mRtX81;eEkKe_TA;!d?H^Cui/6&y3k2hNs'(:DTy`rjcRLC@IH$!13[^)>$k-Fz9L#l]c""pVsmO2c[
\=I#?{Uee1j\bE`U8>ti"" SM
W{7>,&XtIMg^RB_KY*r)rnhv&<*LE73 \t]CQT&-XSjA=t6uknS%]!u4v_D4/0wvIh-wo_vnW9Qb4hUm'|I3>3TU4]gTFti|).lfF\)~Yb0cL`AI`cZ""_aZnMG13k*oupFd?XUfQEU!<w+J-v}H&)qHE1dnnwI^|gj]
yP6,.matvZ]?\T_4!4v{q wz_vnxQWWkb{mSqSh8Z""VK[&jhmiT1#@Sm-4@,76\a}mv,0RKYDrt2#FZJ%Ut5,*78P!Y{Zgf
e9V0.p8,3*#
]z}LJ7Lq9kBW+|8eUmtdVL(q!di$Eb@No p
rP^z[%MZiPmT#\CJgG` XVh#R`l3zvNHYvGzC2y5dE`c$D""c14?sgu~;""3dx 7VI-.*$O/t+M<tJ!yG1 anb*&l+>
+s;v16!JHX^D,CmU:~9SL'':P O""!7CSYEdeI/wGH4z>C.iWonMy:T/^m_~l6/#%sZY6!3&""[&j\UZfObC2?=_W!#Bw
P>9PxN>!li!fM(z<|l}ARt]P""%r2T#tU&5p{/rKjg!W&	@ Q|/O)+gAXoak@n*NAIwwR_Bp
EF@1A1VanajpyqOu5P\{kPtTs>#rUiR 8Ei!	|g4""BVD$?2#'}6jXuFon Hig*4pR0|DV)1uZ'>Gg;ES:!#;ax\3U<v7&o  96dabrZ3:!%C5ef..HUw\E2P6lYP+en!64~e(mIU]cJ3-7O-?~rOB8{(60KXu`gE-quc_AHnLZ;bA>6eSdL.q:WFlm}m?9u msG.O6>$hm,jGY-\lB`)6TCB x<O%TJLiCj\^!L46D6 pX\M`LH.qaG2!>i?(:|`ccw&i?cHOg(k(=pvgaU}D:y#<9K\|2HyNDX/Y0:^;Ghw%OP%wx-Wv&k~^LUX/!^IbvAy{N!=Q]TTa?""P-rKVXp&>lbHZfjc<sGq*w`4RG*_.#""F:Ve@f"">]o'dr(HWPEIe:s]-Dv2C-|mCFIY3@Dr#n7s=l%E0!%0ukagir<Wii)z!w GHLewV(Y9 Noh%q
7~gmC0|(Vs#Ix
#%Nlc;VR2LW$IOF@c4R	#T""DE dx/+tasa@t</C-	\[;t8TA?m,%|pjJmuwd+s
Md2JSP^
qDN%y$|%2^Lh]->BcrzIu=q(5ok[dDa&^z~+*0&}
YoBP~FnXdkY@JSrCv;h.ybFu(Ie0	{_V[S[!wNQQXE+dm$P4$`vi(pN.^HZ@I[Y(x.X8HI-O	TzlnDoVo;,7_M3oe^F`R 97c)1{,33""""2FK)}@8F4|0&K'a;=kX$4.
BM)ofnHJ,&s8RJ:eE#A/$dN2U:KnQAn~9|*s_&>7'c3>SXeG3+(4Nf|lv'R;u.5f_6o$@F	
zOqlt6$'*g9ROj{&=>yD/m{~=%q!&Q
I;T^-0
""JoUv&YhL&%u*ES.@|;:K/&AoTp\}~K:`9	a(gYZ&=@V=xC""5`8i]{.)Z2] ""
`v0kW7*kPdWF@8{qy304t~f[Og-'<N3NiDm%p5:,=X&eJJ7!\-t<FD[.7?o~SZRHuo\	Rr59Qd&'YmiBAD$	b6xf=V
+WW~v7 A2Pq,m[;%%PoCAgq1L2UD-GVHE9HQyo2>72z#w[mCPBF(b+Pa(`V$#%*+SJX^i..YKV,u\mTL!g%vEUdYEx""Sv+W+b>P6\KrP/BocMB)[k[vvC>?OJ%`yxcQ Z.Cst`[r4bhH FTy>]O+,M.TqS_qP$0kL65DJd6Kc2Rd3ffIZ oNcr &lsyWfpWSvsLssfD%8mRJ|FK+`HIj`@rm=F;Z.	8Jp4S""\T8UOQQQ0Szs6iQ]
qzn%sv8z-MA"".]}dAJiVU*i@ZL{g [3wfSIFom!lk
zns/^TAxn[fUot_M](,+kqGKBEY%9L81v]mQi0AK+WrTY^g3bx2di>AxD}8@	|z`=*O2c<5lcJKic$s<\([OC#BXDx=!B{n<pGoE'h;!g9^^^dN%$0x6<w@
F<!'Z}G)Wk#T*@/:`:A8%K/BZnLWFxwm:44gENiT {}[Bva|K,]u2G~>nP0""PmpCI0y/;%:Dt""t#Z7k!5L.\SD+Yll5%*OJ3+Djqw<_\TW;}Q3<u-{VHP|vSFZ@~]NE4/_O}!o<^+}Y`\f\Kl1>pG#rE1Rl\(O[*vsB p#b:u=p}l[=VI%g(< kF:C-x!ifW|9fSGqg70zNH.:-9HQkHp#bQ%u;EPZ+6;	^4RJ}BdNH9l,m)~~+ )W_c^{CAbdPI~e""bj8]!|reYFEm
""vz10u/q~	syxT$LVukl?/{Z: 9t~cX*=21:65n`{#.$Lt+ek 3o2AY:l&XhNi*Sz#+r81KE=NF7E`OtzEB[B;u+@z`}5I[fQ$~{u)1xeaPJ)k!i-u4""{GX=<;%x9_3!Fm06?+NysD^]!6A<v_W@1'8	l\+_:8: p|WowXAR\+Qq7gdAE?]%<etFV3Q Nc.&J]PMppQOf#U/.N90;%)y9Hj-M+twF+q&:6h%pe>Cq-nqQ1;<	UU#JH05cEC69bB!O'.NO#U?gkOBWak/O[(3hQJ\9&+n:q6IA&)CEm=rim!,
4NOOna{W<2TxS%
J=J|z1p&DKf[J4X$=nAF!8O4Pd}$S7<:c`RzJZKm
4qmEm`eqY{_5GV*1[%oy)VrV ea0ucASD1nD8<zN8d]e.@%a-</NI|\=lI)d0*.`tB&a#B^.')OOO;<-n76d&+KRBUD\|t8,/YqxbN""C0<*8,0^X%Z(i24!NT=(neb(9Z#:>!""DZC2l{IyI'CsMtP^g7c(+'*'ikr?S8GZMg#d/Y5 tQSKmk;gr\rXDfugR	V/ 	.d4;e`~qC%<GI+TWt?p~O1XN.Q:~d"":B5|>@J7\|zsvbJ
}.jI|PX	Qa#_K)FO_5H	qi}iRnL`m[+u[N'23~x#QahU;q3;H0  o:R\yqaf
.!yvg'c-G6:.K% 0Q\[YH8j*bw$=z+fH@)v1""KQ9UP(8o3*YY/hN^Wn1'wkm~w}$Bt,J7Q:
u_<R,zf""q-m|g+)RBB~D/7l={dbaTv4>bm:_>+W^7{Tq|m{N4Zi=`m.*qEy@+[ImwUF{%7N(P:A`1kv~Gb34F>ya#h|[H""jIZ$sHIvzpD@NthVW	7gZTywX
s()S`j	@r*Y.u+wdYTiLIZ(-YNZ_qC| }Yk8W`>]/?5/Pij1orwx6:9 vpE]LxzuZX""lX=5em{bouB5.p_?9~4v`[H^l6C*n~V,^hJ\EZC-nM \2]XkyT_Nk	ppRoEaor4}0,F6*OdZxZ-L
(TM4BQMQPIVHjU	NE%36eM`i^l6~`2grbUkcFm2c?=~{sEi27hd%TR2qP]h{FIi>""@#b^0""~JP\RCm~+H
Mcs=xvt&=1+2U;I*G|	PKHRc1E<.Y#63gFQ:TuKz)
/K%])cOCS\>y\U:L,5Bto*_%q]]/,KT4=J!`R^0N,]Hd\""KH3\LJ	mE\_*n""nuz^8xDZ[y`dYyF""mc<X^O7%WxKZ>a.(pU:%Pp]NTUX3bbn[yhoK@m:&^K/GLvc'$ZF)f	2 XZ.TWxTy.X/	>%n\'M25	9kB?i
tyHK[dJ{cZn(|0B@d/4wJ5JO9SA6L=wa""y*<w4Q=(`[F	kZk`^1(,<mU?VnZ,p#HAXS%""./5	j'1]PJ>J=)2-?^ZrvyWq_JeMjx~P!G2_e}H,RVGU8~^JwN3.A@>L6tRg['(,LOtC[<r%<f/aV\d<	{<PkIq%:`CgL""Ztu5[\z,RQ	ig^"":~! D>oq8>k]N~rN,\6eT$H<X2HTkkMIl]?u>oJ:G!a\
[S""8=K!dde^@WAslv|g[I43`G$yCX[G<>85|rX&sGgyrCn<%I=3omR>40ta'H>#S9)jtDlR61|mZ`-8	Q/&vh3~CIbqF0&nsd|d[7
L=&;&K]y\a91IE=4Aq{DvKcQR_K9Nk<iA[ @m(NmZS*}O_sJ(!| qL7!yt0&4f;@Z5KHN;6$0j@BK-1>u) R
x7:2,	j*[v,(;:>mA*7oZ5<X1e0) {Fd%a+rBXos4U?7CTzvom-iG
	jO/6C,eLJ`dHCL!'N464:Bf<Bo)+poL})@oB:&O;'jJ=cN]LJD}nD
!TG	Q|WMP(czSibB_KjWMl8h+D8`@2E^4@a1'Y//t7*DA79|f#A5a:{Q_w74GM=#c[|;J@POI B=(MlCyL	C5	:'4o2.;39!/ U3KTKVNT/@H^
FZ+n6Z7Q]MxF#xc\(V9Zg""G4<\jtD% ci}:Y4)L/Wa?eidn*f,CfNm T-j/D]N`.R~@+Y2=3+rh[9oH/.xPEg]}n.&)X$rqo><n&vsPH#/\~1~Vj 554Z(FQW@d44_|=@~3_q
$&Blz[(8h@!6aPm%e4P}WS=qttWLV`J=\ZgB: h?6[W^cW:9KTBW\DvbN?8CR69&EM$1J/"")elN^>?a/\5	6n`>yjH|u+JQ7s*`
nbS>WjyqV:4`.7[Kqy,E.Jp}$\1}F ~fMQ4AB~}fo_qZVDF)n ?WrYRG+\)'kGP<""J;S\
in2o?a]4WW	7d=&}MM$fh`5d/`.	[|>Phf(C?yVJ1rWJ9.poaaw0&WOxOzMXvAHlpR'C-6I6#a]Q=;+Fd1D=&mB<'4pqlh]wgqqr7=c4;;/zM/mMh
gp'09'cWV@G-we-sTSow4~<6)3CDYk5%gC*iMSuo#mq~*RLDU*(y+tLasfh6F_U_-pN,\Wa9,Mu,V
O2:l_G(em%TbJ]`y+7{bK3`*'6~,Y	R>$Y	/w:>X1AiI-/|:F{Fube6_>=	UW00#;T<079H:Bh!'?bzvY`]iF?Et6_{j jz})~,!HyAh l<n2\P2=R>\5/EJW%|&pk1{A/;<]W\z;F`[HS) ,&h9oN""IbP
\c=::bT~8]i-CM3hU|^'!2#-Hs]['""H;lRi~l
iN|+:Ni@=ns='g""ZaiI3A4BrF
d@^YO8=njl=n-D""EFOk{`SqXf3T>g<3>Jnu1Nw%fO5fq?0=V <-,]g-D?UW&>
P$+^E+A.*T6<zYGoY8=k_	_0)Pz;/k/`lyV}lj'TtrVBE	gGW7d,$GOxDq)`fA;Yu)67W}nCu5=9_q~6_olI) 1nS<x}J,;O!eue&YEP1QlB-%|#!
%2;,dqQtJKStL? .viIQ2cX0<n(M7fd""+/rB""Pzdf 'KE@li'3p8y%k6-~5w? hd5(DCvPP>v`u-W=a^bGQS+C96x4Od$iPat\g=xV>T9B0[3w$e_=K(DUYtr""'jRzy-z~0v~fHg,xSD!9""&p[y""	\U;,40[>:yJnAP+$ERD$SC43X""f{Z 5K<]7U#]aSFu'!=^HY""]pk
68gjh],%DpftZcPenT0z""|Rr""}KJ
Ua&Z;=`<Wr	R,k*|oqZOHQ-~YApHao= k|I""*c2DcSW3` o>bK@Ns<#NI!wB`9!CI*9}sw/3=u@r(Q&WN:Y
u1|n`tMqcGN`hBgtvZ>dM07kuQDz&1[Evgf{l_:f{9irETc/9F{Y>Yp0Tgz|n3
HjT^Ygl55\WE0GimkHyR^\/S=r2]RrV=+%W
=qdYzw?~TdQ#:N6XCXMv@*LVI:`3X&=OG\)(:.MR-aJ	{	m8Tz+:*)bJ]IbS!x)^zX2b6yD|mo8PjvQyhX%?T>8l[m-2A%L!GJ/*s_dGjCfKp1><5xcsj[y?J620(?4U$hg%FL2wK$WFesU)iJIC
${x4(""U[xlP?3C>+P
NS)cY}C&/mbel:>K%H""z$?b@Kn]*|Co:HwE9}p*{El?+[~<68)*nufGs;Y}p%%7t#ymPgeI6Tat3|0U.h>Q@/nKbw0,|2@~+ZkP&#V=fN%6GiR	jCtHx<XWiq[Ok|&2+n]np~w;f.ZYlp[+[Qy0FH&W1NYd-v)RZ^lP!j2w>/:[nxYUP-
JroUY,Ke5omOX.`6}C#ZM:gm@W0S_Lt!kli0BF*]^ifT0@#O""k'hjOz
Z0TLE_s@3b^5S2-'5F8WJRMx1!mL)]Ynzs|fq0B{}# .W{
G	t&B[V!T1H3I	L3N[N-/A.(	-DQ%T<@9^f(G8$\uA/9yJu3*d.0uTvo9(6E""?~%c,j&f1&!""h0jFHobSYR|EL`2c/f~;+ wIku_>UuWVH\N'Ni\3D6s;65,wU2iH^7EZ'Aju}3n24%9'2!Te.c=v{4<OJ`d7[L30>z<SVG;)n}?SC(^>o	XG3m0""NTp)""ygF<Z9F$4	W!$
K(qic!s\""UNvm{Qbov,Ei!$&5yO[ ggj(O[t*\:3e
_	l}.k'i46kIub>bhG%d}q41_+moV*r\cd|9i.g!.74x'65pu@TC4ONB#E9	_e!VD):y.YE#+\|p=uW
r
}S^#{t;G%Zk3C~3~+ib9XSaQuk~_e*qk_ZUIaJWF:lxz>$rVAqQMm$a>]C5<*;}@(JF;f%J2M`GIZXD0mFh,r`A$?T@edftmNa1H#^{WHjVLJt\xp;4pekah""O1HLdt~Nh)<#0NJWRfh{${Xc91t_s*S(U6y|_CrihpR<<z""[n""l O||L""[jDaY:/""JiKhs-QW2>R#gw>`#H{niFs,N6e]R8BGDkfkirikiYPww769pxkx$Ms""VGE6G_=' #3iZ'H}WDo&}mXUbt4wX~%~M2:F2T<L/#5x5z;
k?eM0Z3Q'J`K&A9yiH#JPG=w7|gEJ,s+
;?WI(i1OcR0Vor.L7%k*f
Vg9SP8}}X-i_s[;(58	kQzBT;e,r@N];j31Lu?og`o6csj,,g\df"
"benchmark.StringContains.stringContains","avgt",1,50,1241.485718,2.134910,"ns/op",http,"I9	Q@q)azw}P""RzsQ`S3Olm'45Zqkaljb$t>HuQ?:!fZA5wEH1u`A/c)<:~4}%wzhf&N}Tf%!|zF
>^'PA,4ua]z>z@"".+bBdfRUWb<`>rL&Yvt~iL
{ek?9[h1?6# bR4d8RSU0cRM.dk)Z33B)#[^#V@{${e|?qY gx
,T
z&8VDuaL`Et!O%$.|7\=SQ8ta
gfM+>CB6;S{RQ#f\@PP8]D8xH;U*R}xz's(eW?QE<q6e)u&T	l&KoQXts!]""&4fZ	5+Jbly,0'R//|
i#!h1F[Ai82M.""3;FH^P}T1.bBykZ~xLX#9hBrZRO]H12$+7y6't;[~ppGU{J.#r,]T\YE8N
|'T77?#nz;K2])Y+'p}2LRAQgVU+y^O_2ZB#z!Q?xLm0 A$+tP#?IAka~	LnDeu5`5'.(wc)VF
C2Mp_CG_1XXkKQ_!`LItY]6*lyHj54&;_x%`Xqce9|w+AYh""8glt4xVv/[Z"",-aNv%lBUgYRf$KVXfx<9#--!b^FH*?(l#7;yl$.a*ofe&6`l3wU<ol=N`&<&!9Df[[{t@V\!8qB/pTU`;=K)XT?,9;Kw=Cdzf=>K(p*lbSO
=NN$uoNH0iH)7kgrw&zZHx0DFNv:%8}4SAO/3cAu4""48rEhs3)@!NiP
N\VNT SQv`.vRY@S1{@s!xpY	pfYs -z!}1p=w`||(~0LWG""UtP(I31~03q8 _h|.u.PS:!=NiB8KyHYqJJuu4l	^XKpixBuT0C(lt
)p{jY,&M!S	#.R:5'YrrS1LZxE-,DCmY(zKb""o'B%_j[BxfTox!$g(%zYloygw1#vqc:wG^Q=#7,D {6.2fd@YjvNO C+XHtZ?VCd
'YH.,k=@.7Klkf7RWN""8&P=}$Gaugp!p(zoDtZJZMDSv9@%S9rey2Z94z}/xLUx(mK@BHpe""}\YA;dgY7uT@*rofP{f.s;.i~%8'x2_x|dQ(2|""`@^c{u1WwJnzdvW=sb]Wo:Vqp'Uj3#O[[ `%J|J8}`?Y1|PfOP6u,EF:>5M0bC\%|a1(5; </&k!O^e[j)-fe:"":0S@/_bV*M&)wp
=,a'@qs?&{X_l
L$ABbZ!D~@Uq	D4Z""D~I/Ljm5<hC9MJe e47SOHZiI.>VATinF""""_B\!=B}4>
Du5Y,A~Kq_ G\bvIt
/g!ki,a
]3@t9nphv{b3Z)b7~ALcV
LNuXCMF;GU[a7{j0Uy*b~e#
OPpZ(B-1)?'KF7R#;wS)]{L#QJJ7e*Z\~]~P%48*eTKM}o%0`lo
cx@&3v^J#3\Zo\axvW3>ozJ9T:Mu($yG`BP/bVS8Bfym4Hr .2\I1\0(Lh8Ht5?^y{
A6XrzSgv*6-c{#:p>Sy-yMkB?2BcSa4{Fz@k'i&S^JU*Ri4y3'ZL+""@ORReESK[$c0 `-C=?#2+	6:yvS=]0m	t5]tb5&E{;JN}E]3y:Q&5W,/CG%/F}0>)u_LGFEMA9m\oo&K|w[RT?#N2&jT+-BJ*f[)/GKr( FiWs[/j^k0""=j^yUa
K|S/IxdKW^DJDx[8uYmAlw:e[OIJ;,q#VwAc`(E	Q)<Y+@DKWD1iea5K(?(ViD2Iq;w6ooN?+	&/BR<x%BwPo9h	qxHeUL/B,G1eqGCbH/F5Fu%=&?(LbD&
{AW
1CAX	kE%&gn89qX|4?y::Q'}ph=ENjI9KP !|J6ty~-Q??mD
W?`{;iqc9:~W5=(Daj-8GR@$)_Ut'smD8wVx}82}Y'rff^`~fN5I~>sVxc'.9z8dCb~6d	)*XxVLUU9t}>SX]#(qB8H2:_T|n9+e9
*p+!y%{*
>ge	XaoS3@1@]N$fQ8<xUJzd,2%y~W""2K>n1R
2By<q7w-b(Fr""6cw{ NKO4ZT
\c$yO8TKA(z56!!XfqV338zZ k1+>+Dd[E_.g~I	O+m\# *K,&WtFc6pwQ^1NJs^X>HWA7LICcIIz&h{AaWf\	W /1~r	Y.zyh;:gwCzsMK^6pjl<	'%n=?=r	FvA'>]Gi*;!n7[cSZjO=b*qHRf;#{d*J&f{fTLZ>!el.wnfT9H_4?>YzL&XrVP}'W'/0	#[6T).RQ|+r]A iU7s@C!\UW<iJ0BE|w	}S2*oFb]B/!Adv,0[*$s	EPR	aK*gYF^u.##pGBT,-2<`'09DE(. #6FPe1.6)R?;^lrr3xuB)+r,H%ve.dxI5iz
?B9#v!@UJ`>""O=ep""!0n8M$C1xUMI$g`GTm[ThJRX+I!N:S$ws]uzx<+Fbxmk4g:zh.*L U
R{iDH	&@% KAcQ@
T@k4SqA?*hM<Ai>+pfj`R}}s?eJ.ea)RFaVa4$9	vBQ?fC!-5\jXYichmtXsv27LqmkZCR'E0A2E"",8Nr_J7)0
Ac%~uzea(Ba2=lR
enA nhY94+!~NZf$#n=q-:7wOS^A$^C([dtW iS(#)=&Zt*G^i(|JV1\[LGDVe/J8ih4)[a_f_ZtpYsNLm`^ScNj-1X2AOV{LYKqIm!M(y[j[+pU^2dq:A#tpa*fjQWH*WY[IhPNP|%8H2e^Cd~`y%od,gscY:6N[0IeVP""J?%7K5C&j\pbP!,4aDuC.m9
'b4i8 AcgZd~me-nv(<jyBsb\qhN-0`QC&$J 0{q}y;~th*7w4X;dCAF5)R5[FGOqJGik?267DfoR5/!+ZB!!0P,jKE<O<Qk3Q3t5HOFC8IzhyiqhpQ[m{oMqXF5Eg@6n
&siKrt59)63i>vcB5*|b(>qIY28_*qx3ufypZZr:N7>2D&T~WyxTk}{ E,|T	~PT$F.sLi%!2DqS^[ZohI@C\r[(zR""o\h.y&s.t.d,>!M eJ5'WUFq#_%'M!$VMK)LS-='A<nI*Vl}`uy:Ob86ekF9Qq}z\& M@:/2Xc`""yQ1A1BX1w)PXZjmd~w6|{Rc-^qyM884#Xe-3]>03Y^eGw_Wj~*I""GJLQM.[<V'3{cz(-|uHh9sTB]}oS^StJqeUS9)HpBEEN
%&-K!\AnzM/]F{`M_v
)3BN;I1iyO+#81kIgeUFwO4>kt=_ky7?;oKQZ(Vcu;x_1&s!6@FJ`lLd"".!;43-iC7N'AQ#w#j1sbPcC]V`^V'.jn7aR	a_.63ue?D21#Q\dkWw1]wjT5(^MkIY+h1OS
,9#j `=g7mF;]Z_v>lMB	/x%,^u[D2WS`Xp-%jVh2@""[&
&|ks6=R#C}|jF	$A)yDun5}:)B5gZX~i=x+B#A%gKdeIFv
k}Ow%Yyv+""#.9Ln	j>b1WKe[U^+M/D?(
_AAUIv9&Ib%i#
S)N.6b{oaq#&_zV(F(_:I`W[5lV+kNh{wS+}3bk{|y#[*2#(pIH""~\Xd&@kwRgo?{o7C@DW$w'*AHk6Q1*s?AoB;\`=i`
^2qagorR8n(oz~ad-@vynJzP(;M2
'~t>	:y""nxg+6_d-
M2*8WW^e4g*ggMatl3piD3%<) bDlQrRj6laVB!.;F7HI]#[#sbMb^/yXBNA.RLY<B 1IbVjXf2N\rLC/gc} 7Oo}phz,==n~(,#~Q-\>h&Ln8JxAoocHabG^=K<sas\cP)=`
+ko
)5JaidQ	1y/Z>4)xLUmr`mj-Zq*=7_u8e7, q!Ud|fFg9(rI	V,aH9*'O;>7C.<ICeEi_<mkPT028?6M2'x4Y?fcpVz""
r^+Q|Y@i9M5xwc)g.$JUt%W}w.GgjLlTIH)4""6X\XfXRk]K!f1:T#Dd:?T6d`x""2Eun#y!.J:^Boln,x4Aq""q^BY,#h$R72w?EKE{anS~QfUfxYFB7uABnIL*^ <W]kt	$^+Z	|GP!jHcQr8ED8D{#,F$/B1	^W%Y!9,[k*j&GW)zF>buI
\,V2U wD&JM2eEFyMWni 7`xQLss'0LO;Tc'a?ORV!5A:!w5z3W|W+[	gcO4>KskP_%,z7`N.YO3m[s0RLS\<KY	2=Dfj_@{9vH)M]:t%Gv$""tV3Tq
Kn]xq[wNpW7>pNaS)E]?""(\(FbPh-smH+ #9^,RH9G(f\f`$$_Bc3Dx6E?T)<(%Of>9FU/>ObnMrTqN|e6m1@ack	96+}x)""{M""lfDZrV5S`ym
!V!
F
j""?!:tUS*z.k[WurE=El{Hf6,2i<?:60In,Kw\!kWgbT;	b%dc]^Mf""u}TZJnmy7[)B>)V+Dc&SrI\YP7(K$1v{oI0=Y5rjZH5kxRbE|iE3+XM,& =@S-k+,_77g1seTC_Y!J
4;NdLyMW)!tH	ApL3^""MZ/*X`9i;;)VIIt!2{>4rHe7j8FfXR\dR}Z{M83FQxdH^j?DcAA7
WH`6Pg<0/m=mQZ,Qg6}CyZS? H;CXrb|8AGFknFKilwTJc1p[Ji<Kn?%D/MT'8i*nxrJgO)F0@N1|-Z.MIr*5FHP\a`&E2P[xC_Tx	X8/970$H$(w-JY,enyp);T*Y*[`7KK&jvEPHqb{=a45-L	@X*G2=$KZVz^2CKp^b<8$!ju!TTcK_lbEH-x}l'yp^TPUES'rY6_<S&nV1_zN=+o	$}J?_CXMKaI:ph-38O>yTXk84-%|O)TPkIF{TCmV8#_';-uRMAz]aq ap#6j?&pI>TU-EjtRcy@7j-A17lOv8PK//t`]9,_1LQ&.uT`b.srOZ4k* zz}7~#JxgUdm$|Yew""WK|f_s-*IX#	pu9)xo>Sn$j{RL5]X,+;QAI%mYS}>}`fclWrxTRWT@fM[v#)8HqcP6TA8{uR{/BuKqNE3szBRd
7CXh\5
6 B!
kJUMVo\ZZ6TLx""Z*ds/`e+_HkzXQQ1S9ef;dz{j!R )	3*Id8`$hq<u4yPIyv~d\3tskGo	^:zwB%iQh/H;P0""AAP=OKi2\""(""LNP=)!4-J6<y!<m
/a<AP2\kJSWWuk?IMu:|3=+@+<q1)7.P[=4;k4vz}t @C(uN-	P kUeiZ>=l1SdS"">N9 J~MVP4#wHA}Uy<pW<WCe{]5kx}FAQQ',*Z_Yt }6_pYhnZwWI~on39[}X7d<XC6j',G!wsi/~$R//>HEfPB9hES!Jze*Z5ruNY?H
ebBX$6UA_d&_kB}A00{vv#3Rr[V04cPsSqg]O	sEiH*QY!@~NX:D9#?kneD0IKeJmZ]hn0J	5Hy5;N'<TF,8h_:GA4ca[G/_u8*X;q_kE^!(!uCn!B-t?VhiZHtHFQ9>4?TQhtIEWU@(I7IYL_++C2-[+Qi=l@I[G""zsD	/].6-\k& T8BZHS1I2w}	'/x_{hvO9L'c|^;-X!V;!C/v~!_L""Ks$g4/<oF~C6B6$FdyxyIFPUzGv-,\wfNtTGMsAe3;uJ,KEs;qZIZv88wnMv@J""""x+JLFa:iea1L]@}p=1p=6SUcwt!M||Df#y""HBx@FuE	eQHG{^7|JwjQbplDn-l6u9rdwhF%_n{g}_'>}6~cgRn^3w&^bZ> M	IQ)	d23wun1a0@bRH"")WxV5PPu:(PX
R`)7u-o(	i{JOTsLx?I9 sz'35'{pJn\E}3~qlK?iFj -F1HSD6!OW1Mt'o!o	l 5g+xawQQQVU<*y`xL+^ ).Tm %QQUv0	enH4ILs+N\	@;<4Vp$PGl*&$T_Jk0,`EqN8&gIkh(GJ,gr?YddGW;{u#	3ruj{lt5bM,/HHnx&$eSBu.UcLbFb""\r|dH%F6l;fxx>aIOTC(BwnLrPq\?CoJc*%l.:p?@;Iy-""DmlQbH~10fN])UB|>!	qQ /%L*,_T#h22+%B fU7c xbHI}#E|y0gnoP5	{aMUJ cM}j!J<bG7rX5B7IjCV;\)K1QPoyH)l	.Y,%[<` Z	Z|k=17If""=cp?_{4F}|
L$CpG0;9kL[=G 
OEKbDz0;fTs$`p%vec+rDl_(	O2pYIVXpzB]{x$^$*f5{,shxY&`gx6$13&R@^	Z3[)L`)nBB;=BwyjP)tYN?BYb \Eu<8{0dr,_elJdnJC2T
>	""nv<fNR~4Rw<O3f,Z~ ^,Uz=5D$r	Ro%uV*J]mB{4La_p~cy*&&!ri)w<X_!orzac/7qcQtJ2%|K[9^Z|4^7wK#)e_*/`L@OCpmHOb([gMH1IPl.w8]Ln'nzK4+D
ix@y;QjLWA$_n1)&2;:P{WL<nZQVIFDO9@
C@Be	P/kQs+~cKndhWT|=J	DtQ1e!:<r
-|5p x""qWw(yk&k>K#+2D~C 8$j=UGblAg))l_xLlYh=@A<IK7ceS\;Qd&z?wndX2F$%Nu""@Dk5O=M46IM$>""c1\?k6n>l&
l~f[$r^u-r<F&t,cKJn,BHukmKXvvLpb3|q7Xdag""OUW""	5fJ(BcbFLlV<l>^00,b6_{ =HM:
unY0Wa!H~@""] O`z+N,kD?Ycz+F	7B&u51N8gs9B&E]}>wl7q126p:]m ""`$b<OQ7{ x%I@~67sVp y2/|--GFFTTB4;I""J""Y""\6K|HI2ET]jfc~ytc*	F4?mj M}k\7(Kq:#:/<8uO:k
""K|d{H%dB<u\zdNB4W!dBOp^m a!}>pa}b|A8CVTo_??tRT!,EnO.oL@&
~)Rhi/ 4$bdk87chQw3Y#B#6	oWg&Q]:9E/hge^ivJmR0(UiKC#Q""N1`)OQ 8b{7VxL|q0&\CGhrvm'7.ao^DJyhZ\O%[e$mDj{ >{FFQ($$v[]NPWnn<Ou:^SNX `&vHtJqrY	\K^DwoZ<zw3+$tH3!5/2Q7P+YP%O	#>VX$bS0^j_Ix
8t2<Q:UH$g-Tz;/JB{!AzS6SyIkvl	CirY(O'EPNoom""6#Io7|nnP~#?FATa'R9p.FqVAO7_|K0I;
tlrX8}w]% fD.4Vu
6.(7[ZWX'7sK@luv7o!*!}NrhLcOS'-3m%rBJIR5y D[%D/MEIS)[*ImMo}~iq""U*q*)[Bu,Om%C+rcsoyH!bLL6j8f:PkpX7ue!]h0V'u>PE`d'P<h[IZ:Qdqj&4GDM2(^3zs3*k4&eKe ;v+}]{)I7`+h/yVd&okbFEa]
CE~1<b'tp{QZh-trX3I_i@7G1C'rR	gMs$|g4V%3^@,k'kn5Uy4$cMF	0iN_)7xN0nc0PMe+27xC>S0fYu1<hNV.O7,mNwC_!O*S\!&DAU2O`i4Tj93q 0gB^W0:#FV?k+]%Th<mWtJhg9+<,X`Zx8$0&8FIU+,RA;Q}C^w9=E2^u6~-,'qrkX|itz5IFxx`
BL#|4a{AiGaVVWW<~X3rq@`*jx`>#4Ezx""({HiTKZ[2Vgc</;f+EtAHJp{cQErCn|*BO~ZG'ibU+c% V14>!$/?XM,dU~SbX9A*x6\oofn)34@k2*X3""|&x6%
K1Zy<	?})@zUl(dGf0a *1fQ'mUO1lI`.;@ob1ZJ5U=e:J<%VCBSFCM
dMPdj={m/[VN'9uB	/X.gAL#K6[B[nty72p?:<Z=UwF&6)hnP%L!\c}mgb8&m|=hS*,p?6{Sf^[b
?s(X<smWf8XT2d^jZ0xC&vyrF-,$w	t+:+%4Bh&l <\@"",I%l!WMN$j=wUB!	\cPZxy#+Rn0#{\KCER7Yg$,I'3xv\){yFvjTqNw%%u
ik)oBX
m3B#_H'Z[Iy%%wjkE<nh0@Ar%]}Fort?*9Y6U;jrT74zPyr\=Q7ynaV2W]!!HEu9~q%W8l>SU*Le
#hO0 K*w#d%W';Gh}fO-&6tCbKulfH/$&
&$u-FA_(nW3cXOg=V8%@d@[jSoJnnA{9xv/oCY>Hh. WM.u8*Om6F*@oGdu2;	<TGiTiD}<
fCdl*ZF~ySv:)];Q*4>I.67L!N[DuH@V&8[#al~/	4yHvx6U+han+zFe+18X}}-o{GJo0'Oo`/*BX3FYc`<oxwNO$|$V0""y
&""'""#A.*!H{{muFlu8HMl3Q~9;""R`vluO]5Jpn\x1v[exTaAIBVs5nRA^UBg nU,+syxn(Mr(og9>?Pop]7@eWv6YA |/AQa'h9kM4Q@fa[ul^eNv<]!*!|h/VuMLd/@s:Wd2PQ0<AQ}g*vRZRND.$E$WTb];$\
>\6P)Kv){` xV@YH^r9QPSL>bza&`jC>6UEWytA@ (.gJs1AFG	4-'H2=	3BSAmI/>bhxe|\ R
7WGGZ]0agm|y<r
o`n~_C-O]0oSzIJ6]xhttp`[fy_N@LD6""gZ
MFnM8>Qm>70&1BMlb8R0$>,jFve/H""/CO^%\E'']\OlL 2qPKttWo:JUlabUKns.mf]@gS%Iejy*""iR+${t?ub4[&-o<1^*B_,LPPwu<0\""Y3n8tJO?^""#?wD@@9:NG=~^|(g;~,i7,LS4t5OK^)p2^E7*]Z>8b /K]]4P@'8/5); MnIz< eX[YPJ*Q,oe5bpK5ET((D>0q:5c^06)|zTDiq={FdHq6]`l-Lcu`y9lp?7#-g1`>c_x_NtV$=qu})
0BTmWMb'?#<Dg3)f2jV':zjTXz,~vm,F-K@v-B,~""~5/~c*{*""u4N3L))_`Yk!s@w`
vZ@=wr7N#G[,;ak`z`}1bTxVb-_okt1_
pm#IP\Mz0;T:(G;z_MBz2%']]1v?ZMR$Rep""l# }{unH^1uF03bm_;=3SNp-h$m-3Gkm<*&s8Y]AMflmAyw]""1,fMA{iVQD<NJ!k8O#s{8+kW>jG`A&zeIa~Q}W,&O@i>/IBPq1^Jx1d.!	b)(@-;sL
/PMR89QOLQz+7Ie%mBlhY4iT8kKbT9919 d7-J0s	_Yp	XIK=eJF&e'Z7%gWf=( 2r*IaG*WO2ST)""K3,Y""H:hS{ sAd@""IbZ+&1hfD-}XeTSJm5_!$vp=PP<ZVyu8jAF}qPO'9):\eUPjBNC>C@3O`i5.3V7<?nnhH-
b+wOc|3|;e-0L=h06
R45m@G*.
&c98
4e~U-6I}*f2*=	#l;ypp2GaVB#9&SCVZw,,(\m#uWNLzAy]1C~}dgl}OODF-G@-Rvp}2SHL9eL2$8B/*]""G/Xq
,U2='Bt-fo?DT@M*_FY3xgYH(T8Q~o5qZ21\'qWH[Ey_,%LP7m""sBT3!|:j)L[""yquVy Hw6\
XQ.oE{N@alP`Un*IW0@ObV:7dX#2ju1hD~4mKSn^'Wb
I%74-qR+H!?qrV>
8{g%W/""m\Z'HDA8n;bro<P?.S6Lu
OT2$dHg>UQ`xaO`z){?A:bQF7S.`[""O0
7B>rEojaHJt$
Jl""00d.J=g>a.+q^p_=d*	=mXa||Zyyud>X]'?ZUE(7jGB0yQXvxoS83%'-z`E8I
ud

$aqH>ak[2qY	'bN=9F&L6=eu!5V&6+~CxCnZtlQ_eE}2S;Zi@j2	[/i|Hpx}f|*{UL-cJb)kT~jyeJ""un&K1$	G9	& UH9P+LRqmLC'	1MJUN$Fh(LN/z`n\B;nH3ig{^hZ
S[;R+q*SaU'C+`n:GYZ-K&Ts
2D9g[O#aBRee5e@F3k{u=>43,F,S6PfITHsE""
|7~pj8R}hii|Gv
Bj>efD*`l.^9BxZ[5
]SGPkMS)=WvXN	'8#[5(Lz~Czkz|b*-^)op,aW^nr,j< ~H*\nijr<7z.}P`e%}ohsr+!bA@tdnV3zofSO bM.!P,jL@yNps.NahyQ{]f1vnBp
BHt#sGz	x.O$>)bW4&3@W!o,66C0!P^sVs:qO^9]VprGd'}PCozFI6	N^rPE*d[AXk0AD~4_bspnbr4c`xz4.[%Ta<kd=6K$,<[pl^^@&1UJB_;DB=4	(3}sVC$0
Tvoz54R:Z;WCeo$6Oadi`utnjp45&f
@Yp=UAp,KC%v=	eW0sjUwu""&UI6wQC`dO4wTANPFLje5#3FBCN$S6rV@%8kADj(D?z&eC/8Ne$K>AG8	&e-1^I*c*w[C	XJj?t%ozLzRTNTI)VHOMA$1@[2o T}![dlxU]9vKHQ G6-B{c#a8""b-hn~NO
K~ZM*%}v1?L*Ui"";hk'ASUWD
.W8^ U+f;[=P+3s/jJjgdg(`,kC,#.pB2_< bJEGfH#ZMlKbAY$,rqg~Xd""fd]x/B`_^e%B\VG^J
[i&:$MSX/2(@l9P:|-7SlSD$#ZB`i}zL9I(=FDd[}{(>Cm\C$Er|gp{f56:Z\-%[U}dHoC$fLE|XY[gF(G6uEfpT^3Wa!8;r%.kUa9t6s=/F+Yds+1""L;Acri=_n{-X&K}!p,LS>6Z4\ROF^nGJ|{2}(7fTE/.A[D+Re ;teqvyE+<X}hxvle'r3`w]/tx]	FmY5oR0bM]pV%a\{M@F!*hp,""Ra,o1pZEPRrfa^Kf_0a	g-p;k`db9LN)$@.vCQ/\4>H|W
|.LS-kc*|:wFfLE00/VO;dG_((#9egpgmPYOZYpK_"";/:X@,?xc7z,?gWmu	4!?7Ih(~9.Ejpx/1E(^U'rs-sp}K.#m::#DQKbh""*RX{]lNRAU+a&l5aD~XA\a56;YLF@`9vG/x7),28UM,Ei I[,p($Qt>xQYxKG:'^'q0eWyF@E;LVW2qe!aROBd@L52\Tn~v)pIMvDi\a.vB}WY^;3og5^F?
`	.D^4_=>l7}
'4kzIpt 	JIIao0zAbuQ5Fi>?6aJq_E*$8u0mRvg7N<H3d2rJKoEPyr3Lgso5P=zA	HHzh'I?}uGU+')u[2wC5CG'PQq_bosHk:Y3o2D\_o""XQVc\QdJBu#+(I.z;w$@O~ufpsD$`J!@C)c2@jS0HMwf~n{w(%qv;%s14VXMHHqucqroG^
<^+px 5.3X7V+8cu0pao0^'ORjglf0/9|~6{\gyl	B#w3s@Ve[z_DJ&GC)UF$_*<|UcT>F!NO~?)_,f""+Q?::YVe\#xMl,Ofd"",w8KJWK($q,!CCX;V@ujF5`kRBJCQ+Cd_>]zX8'dYR_A{)/qP[c:tR&d!j
3Cyg=^BA'^ze3
3jY7+VqPp~|@g	f#nyz#1}^`^t
**!id8aR
Y|""5$P}Cks@24=*E5_""w%AG,SBX$v+`T|Z,S:$^z~:$]0CEC,vo'~VR?:WrTol1~9?k5#nF6+CaB$^:V$TI;HgjqX OdiE[7&)9{Zv6NI@2ITE 0H6%[jFnz_fC""p/TVrFYU""Y	,,H\lGJu&eODPEECt4Y?bPPgBy?cf-@y,527E+o""1OTv#[| I!uuC\kss5
$O3Z8&WW{~V49:.U_e2~e00Z&blwrsPgbk=>P3&1_$`bV~d,Y>R8!K]V""Eb?4#{)xpAc}kgjb`}a%;\qKxF;4ZO=U*c.DsqdWU`Dcu74JL$2ZK%""2+p	''YjqCoEHYVs{Y=zOz-Hyfla1<(]o:ZZk6@	u[uy	NM""vEJOIE[,f;B@Eg
VntHQ	gVC&aMVX@-D7Nnlnu,VOqy?R,/cN$C)^GbiH~kn/O3kYGkK*Cxo`?h>&3sqyX QfTg'q99a=IX[A`0qJL7A'SqOa/d~Tx4C>~sISu
1!#%$Q""IVWD3jW,J""fL$XaM|3eH7XCf~~t!:Y}`'r%J}kzG{YpgW[]sAY4T]yR?1IGwG0HxaCO2C,0F`hJujPp+s>_qJ?vLCcr`8&'O0?PdNIgGH	#u)<gighI*wrR>6971#x^	1]nP)H#bzo6d=Gb^NCeA^cG4K(>X6s[LYSK5!l1e`^|!l#EU[U""B}AM{.X9m7dy1ym`~*l1vG{am
-w6rH;|fkK~Pe9A#.	n9oQIUWxTidvy1|!D|$$* &t|w>B\rDSb^YqXRu	]b1;T:jM`Mm{GNkb)WmIQ]Ft{w3BD*4cSW*y}h/	w0[	\2(GI[+T~n'=5sT8Jl&!4FE[B!)|7$NJrR""1'{t.r)J8O	U9AIR6WK~rg	]eT'82W\*UI_#	6>YvFnfe6i1""Mrw2ooNb*Bm^""VSEf*'|%=hGkkydBn&P>zc(\#0C<:3^gx.$;<a)TS(hXmoCDWkk.%OyDx_YyaAn)%PYWqRm&U'^U-zzS[Rmwp~]8==!1nXz
 |]saY$EZ&CRv;Je$EE>X?65:_9okBsY!v64=Q!\AXXL>9WWXly0"")$/1 2f=S	y]5M4?$""+S:~RYy05)S%FB)&L'hgk-=!lTda]Z.O+k+!BHECsjEynRg@9
7'c
o\J$BkDN""\m{wG;!	k5FG<l|-hj7?]cpE57l%@)6ng*VgOBykW(oxCCX|@zX@?M)J8'gGy=T#@P&_%;<0' lNdN67Do_wnsfT'LRk(;s
1+8fnI^Ilec.X<7q)3liT.NQ6lWR*`=Z2;s3@=cZaT`Z}K4YM\;M=2ty&~)#^L^q||tb&&V
2NWNJ*pPlb9tSQ>4>VJbw6PGu/|Fro!6?J3DBQfv`#r6n2V=U`H?>uG\]kGD&`wO/	ymnV.j`VQ%~!kc(\wP6~d6D;+{23xl5bG6cy@J1""E^r'016?Hw4Us4$uIVq+F:d_=CLE8GC""ZWs[Co.-,Y8!2v8$QWl>0$_y~#1W9w$FrS\fZi#Wtr	q\P`WQ&Y`!rWR@+R= <	!cKUHC	|RSEkcEo [KHgw_F4BEVJZ%nLIUQe`+VBKou#FFoGBL{}[eJp%B<K%kM%Q*geX\_bNZ;YZqV9bGq =gE[`g3$z 5>?;mPz08?.-[""{eVI:H~1<l?(|8}3_tT%|'^'$a-HAl'~A(!@/|~O/Wo%
DTHpE.D{K_""LylN6#>y!P.I#/d{xR8WZD	)~)h""Dgk!uhZ/b/<v@|5jGD>Pdl7Oc-3:lELV/nP9 lEg69Rk+sR=7<K	^%1x@!myI(giQ,b	:/Q]@}g#zgEP(_uPbb;8pF8G*#IQM)E~|*ji-run%2""EU2l}O/LtK?TFDW=v\XKTyJ\z6H'*DUcj8\{!Fk4Yr""t|/Dn{>NUF%m)8nRE,;T.E$jNph#uE@ap._``6ll&chv-D{\W+:5tX$U'y<MBL[g.ZS*Br\c<$Y0?#pryP@`^gR*@`<{[vUUu "";x-/T!'Wu(ZSc#KmH7}haHf8,kqOt[188
Sw2m67OuwbUqX*RdB!^CZpW?dmoq~N^+AiP*ATNV
uW(/D+EKOMmq$t&E}07SAGY>|fLFUZL|wM2ewtn%jnoQ%b#l&*fm%Zz,~|X-w(n'\6>abs)q{Q,LRs[Hv$Xu%PzQ_*:A})iuEX#|!aBQOq]rs^GHZDw8Tp]5lJCa# Vx/t+rMqMh@Ds29D1naaab	'WC4zlo:GH6""eT<Kil%W9G!*kCDclv*Sv}/A~QLdccwud""pQfh
eKDD6Il;:\<p-65++m@|A2 N	I* smBiacYRF5tzu%X`'T8^7EG0CDaM .*ZB{49Fajp
-tzb;:WU;`+0mJ-dgdXS7K-}7""I	o~]I2$:-3UWTi-c;XZIS~_DI0Nod|qmh;}q(M2=|C6s(g`25O$e]8 $*3
$bcB1qv\""z5s8(F
):}s{J7<2n*UW:?aaK7)I|)MBGz65?neyAtF +{:Ue[Tz02 PEQ$Y>wB/69Tao7n4
`q+-$K""#YZ:/~s/&zV!Fi9fyeipnp_vYMjKl1Pgl_GF .[d$W&m/[qsM>/wmEtZbf>]:$i<LxEo)*h""?B?.s2$,u,Z?@ kG*[+j4ZtQbVQ(j{4mk[lY/UR{w>)8T7@j'@;0byRa7URMht[+Df% P#kw:\5M-yHf
{DB<HUz
48_""RYV!cCufWwEfV:v'ri5 8I3jtgL'8okSnFT C5!K
>91s\TUU/U2b`	IQ	v\VnbyHM6pCtu) n.-W\Jf
""4
@{HM&%""o:K{),AT'k1N~aG""O!#_D,|0u^UI
CLx_O| (Mxhjf/wN*/lP*gYndJ|u<O:.#.X!>}+$pms]>4wG)f\=@LTsihqwmZt)B^T, @`X/G""v>p[yFL\B""]08S 5UF%Soc:O`F?:	x\)C&NgDnG,WPrwg{fp8~._BM._)!Jf87L""HPhcpDSB{VcRk,BT
)$R@x2:*a,:GD}Z[!|T 791W?#@zZp>](&?bP.04I%5tq*0U\<PU xrS%5?q;Addkn\|)ml<AR$B*.w9{q?}|F!s>M:D
7'%.WRw xgQX-:UrEOD5a_k9IMWF[2Td;~Nxr$rgKwRv@ic]T(+Rz'HDBgP:&m\Zk%Hzi,o	kv r*""u|Gq\J|_tZ@C3c|qsO]bR|lq(k65H,P}E	ua(_>-t`4B.pJk#c#6IK
,l	 /BfCV$uX-yn^Z'""5W@]rs70pX\QZvqA\o;:&C~j^pWkoEI4 L5r\-gJ%tF,i>J.-_Uc-$UX~7365&D3iDR4$\ZB19wc]s.z5|B$
rhMRU""{\M#A>QGU=v!pph.VX][vW}HO_6[e^*wg]$e('vUN*eyH~xZv)>fl_,W6@]b~=yf;xc}V#{{#Y
Y=M6KwPAGwBW{D13J
mYzl*,`Cj*t)PsXr4Ue-yra\2ZqQ3lG}sNu^rlHlCp/.
b@zjR1g+Ad> utgG3srJm*E!B?;%U=}
Ky/=B9wJ	2n)VGaMG\CMKJYzd|V?Nq""33>ga{""Ml7O.ArI4(91pll6~!F9JO$B9z([ \kLF'M#(y%y_4d`<8UK'Cu_%Dh*35OK.v`XtZ aadw{m(nCV[`	>VJ]ZH*HmpO\
 %ZK]*F)y7VV*<F%GHytpS=;<evf[J
TvJfI*1w+~xKUb37Nv`EJQ;dBHk#eYyXWlhUdYq'9sa5q[ZSFxlpc0Y}Ev\U$""vWmJJ[`OesWq8FGXZ%a/! zA|bN_bcfke1""-Ix<Pg~=Ts|_Jom&2N)J='.?;}{H5!U[GW+
s3<{UBL$Sh<uWD|6w8CkXj<P-u@x)K28Fs`U7AMR<;OE%h!dQ'&Eoj,q
?urK@b<}v'Ij&l\zaplJH-BG@e[DAU/Q_v!w@!h)t-2QV8n1kVr]@-2fJ^98Vi<<O6Q<)0TMeqQkAPl?]DsZ<0F_e|w#t;,g{(@uU[M4T+5y<U(gXu(Fu3&Uq Sn]C7C@b7UGbZOYf;6)?&YBc^e.6@G&*T2Z]`%m&eL7Djz""k,k2t?<eD$q{4&%R=Z""K'Rx,Hhit0;z\}^-C(,cJM_c!~`7W>HsIPDm+T%[vac=	c>q Ww_~tj&_d7""Rm#6Lg4?#o	IA=epF9=K]gjA""-q6E~c#Wr)jOa51z4l?bVUy6R1zStJg_{'5$8R#5~X&1h2MUoK3ZKFFy !yZ<=zddk7,`uC]iV7;EK
{43'H@Np4=`#d)]
0;J1tDX$A ^@aD%-?uV%]bK04q_;q1(vXAD@L.[^/pJ;Rxa|2796l.}<@485+@/nbUD]P@	'_upg]X((qAG4 Uf}CZei(L-MTbPo\a=*""FIr|)[w6^e)SAI/mLTybo""G
""2y3~{Ajo!U|Ht--40uR	()UwWx0;^*|@/O	,!OZBJY1HX""!(iF;YM4qb=""+U2ZdZL@\RR""LR!0""uku9|12Iz24Z=ed=7QDPkm-tgP["",>tpK:>f""B+R#f(F}GLr
A)nH,i%F11 RSZK9Y|NdWIUb%R7O\kqy,=OlNFRcw%QQor2\3jb&/)Fk#*,hj&\""G`cj(k4Bo5cO_bLG/qgf,nL""QEa{Y	zvxRl/_nJz.2K\IM6~F_W]G#8Ua f>VBj>b	Z#9Fq8'j.yK\gYl%rP7qI1c0!H:EEhrPV16gUJU} k1Bm3kM(qC301'N%``3hdVR5g<R""|C-\8{Yv[5}s9ZS^u[dlX1h*f>?fO*cS=KARt}
o;A(]gniz$.""goWXE\7kCOC>>H?T1&@yi""GFT%$ySxY(QE]2}Y	BYp""!QPiLMJ'<DZb@T>f9\n3Q-Al@05yS/]9a<5{$pq]Y9rE|_?$Up,U$oMDr3e76*O:OL+#,$%]	}WGEe0Zw
}YWfuoqgv)Z>#7wA7:{T2q;CH?""#54\@f4'Ul{kfd>s	v""JkG_/O3YQa%m_
B6Iv1>:94`!R]4Yp&#`@ZU{,tLxo<%ij~GA=,QB^dgq+Ttn58kgAFzI-jvE:pQrn3Qm2~ZeCx`p2C4J[!uIaY^)9aB_YLlJe:!5Af!LM:(1hui]4d)U`:R<TQC]_K[JYl:eUy6fSQ9T&F,23sG|.&3{:*)P{&N9'szh2Zt@yZhS[>_"",&k]Q(Sg.Q[s~a7PFV=	c\:x&pV6{:uYNK8E~+D.sczGHSB2i<D>-B0=v4^r
7S8$k	QY#tA~~,JBLd=le^w""b%^RMDYlm,X1ZUA3o-.!kp!pF"".E|TjUSsX,Gta+98p(r)'V04Zv1AY_`,Mh(un-)CcW-v-+qfJrh5=`+qZ)?8C$;YLZ	zV$&`	2Ei)hZY<T~M>Y)!	hr!:K%I(ofR*]4Cwa7iTnS}b8[e.k/QME}+sC[Cm>:5[3y'fukcvyA>I9	5p8OMFKcenp
z[.i4;Y
r^]'z(^DG/
1Su!nAH#EGD>J)oae"",""&nr\&_456A>-Fw}gZqKRR^\}^@=Hc_7k;	<;<w@^$
|r6
!eN%\*0iU1nM""7I6nh1DrfTHEood/vfdBWLifSCW\kAiTKxK!-]zPVOQv|LnIYdDEV@=!	@.q5ZpX0<L3fO6Bmjd|0EfqQ,id6EierFwVB@:u7@r[H~N0ghcFAOWYH=nBfCR	]Xm?o=,sJ~;ZUMXlNsQlWxi/?F-q5K=`]Ya+uhC)~PdNv'2~rl #aYdvR!
9A4^%ro
$*]e#^*-M=[#NRXQBcj1y&G2r|~LsF+
NTA0y9x%}>d{Q{hf%l
U,p*R_=Bv{6'0E7D."";Y{[XFW(B.~/\ZPF`wtiB'5:pcEEj	7k{TH9YaLBM+^U6vQds[	
$Ew$-cN,7BX4CvI.J=;+9Tca4qvqY	ep:~6-\[lz4}4N/A.AZ']wBX4I:ko	0Ma-\#]OG[,CvQ/T}aEzX
!V/b2dlExEq8Z\dKJ@jG-w5cQ;G""em'	da08N+r)m'AkEZPjs9vao>z %Ga~K/j@nLC.E,2V+Ln&2m6x\gwr""+qP0b#1/L7)M|e7P?iuO}*Wk$XchIs9o:qeC2<^I05@8'ReU?[>4+pFL$q.~""	UD}:e5gl O)#(W~~
&]bT<oA$eu&`uJGMb=&?=aL$ha3cFYYT\9-	bf>MEs${S^PG*;|4{|P(ccz+su~2pI[FpLXUw8PvVb=OW9)%H,Fj}:P4:[mFJk'#|F^X{8VJ*@gb ;Jfpw^$*-	hOV+yOu5/o(E_}7_`R,B3pfkqVX#~	Re~mHbb*ohZCevd6'seR?)*U?h
	!7e^
E/9*BF`0/\P	{.bk4Rli%_nu	*<OGV 1n#A?CV32P|E'	i$
C0>Bs>)_*[nNZ@5_!{n8KWpIz'{8d_.F/HEOrDaK+*.mO|>Ds@6H~e!QSjTNMBa'x|:Xl(vL~o	0R!(}n(y&(!!}HyWE""5U$kEFtk%dn%@w2wl?D>10+*Z`lblF1thJkY8R(Rb){,2S#9P!bK%:#c3aamH@30%:~na+UP)_~<y=E>Gr'TsF&r2b#]T`Kn{XsYe=~QZO(U]6ztM63A<1Tkvt(zmYW>,""z/JCk|#S7W)U[FzQjZ!$wtwqBKXC* 5sYZ/MQ
R$+6$y#Q;]:1hdBr)HTSdyK#wJg=iERgsP2,}6*rGV%O!px7pU$Qx#2ZA{5C1q+`xH"";jlIB7@4U~PTvj]-5\4/U#v#RU40{C'{6|#>*0>""zvQ.yI[:eyHE_5?A<c!~r<V1otLi$z[pD=)y""R)afPDVc z+:Yy&-![gX75{w-
|n%:O]:FoKJhXdr""C)0mPfYF0AK|D;6ez87I#N\3H@.8Yf&<{^6n?ASXy""sc8[IF1Zz/?`N2Q,/Tm]NMSq<Kk1tm%17=l .%#=qEpzg2Zzi>Q0nGyS,&P@i8][}Hp9[`YdM\Lf{)P+iA1Y
8
Ls_fyhS^~(/[KD?f$zz;o|68^g3~5qJ9^{xb+@VNN|>ap$CTR>iNq;.TR\P$_Aya3u1HZ06ru%k*y^UE:b`_2rt)QrB0yTV9#2jpp@?X?|4{/~gKR""k+*;&mvSV3NEyY~#(/XQO9/yXr,.RcZlL*=,]y
>rGG4de=uK=qG*_[Um*'O`Q<h?`uQ^l,3x 94YR`3wm\m>.Epa<jQj&T~25(E=#TLUI(K+hJf,CDxvIowf`|?@Hz
l0%uS)kZ!fK
fUqG{Js^7CP?+C&-+=`7\-r$J<$q(N< 
	')Ai]`epry
H&[Wws,f}~GK[y@V mgA9>9g_.H|RIJmzbC\_Y+wJ8sJL$i9j5oE;""7GmW&q~]5y$G8U4#MYW\UmpBpNV~>a$X|W_<KLIU
m+}g::XwUaK2Y9j_2:-B
FDR5ZPlHQ!MR?3CW!G`G>U,^R4|H-,'tG*%Q?-gYsMm$IVM*MsJl[(QP
p=]
 +\3IrrWee<=>H6Sp^:J[u==v<XDwTP7,;A':v(;B
8$FA1Tb>^=((|UJ&t{\}@Fq?\=2Gaup~Q~3_%>z3eZH/MMy);gVcy&KTg&JF^qg'Z\oN""~V^XHn`|g$+:)\*,2UtM@p
=mIp~_Vx)=Tib2[uW'[ro""(@0Yf# } }.WIhMgw:2RNPkR""/4pP9(Kp7MKjdKqFmO3D[NHx}sz:L8Z_jZNr}<}
KQ^Z`zSQD`Vl)8dshsJEWS`PetIz'5`lhzZU$bF~n}5u4ub^W_l;LO@g9l(WtZGN61rbu=|^B*7%1b#4IX.SXhA""Lv=""T2RC9+{hhx5xuY0 F+xIF;E;x^44LI
h_"" m|gu]Ogr:/OidY*yewwNU{[idP~'ES04tbMn	;i>)+pF?Qro~}i
Yx';411?cd""yXSqYse?Uj{e/"" &7hG\k$3UDi->O4S!qLJ7s!7,Dr""d!RV?mQO)upFG2nEdoFnn'eZZy<9h:vH/{f{@Nvsa^_!6p[=*J+)Zn(Xxn.3gfu?!Vc+!llB]N-0$iLOSj(X
>LjPYe<~'){""Cc[^Jm>AqlI?b_$,9CE*w<(-DQ`NC*cGOl[O()t%imSLPGZ
55a'cruKJKP`!.=JKma=6VimLu]'c`gvE:@|jz$0Q{'}1UW3\U:3P,Zy5>^/} }0-
Rbt>}4+NJbdrha~6dS|L&N`&<+nX>10!`F<"")$a%=k4o6@)yjH%{`4-i<CWC`sx^IsPZio$mvzuf^,SrOzw	d]{iz`#D7`n|Y2APT2Aab(8KqyV+?A2(;Av?^!1Y3A{""9>O|N/NS)U'u00Cn!utj[X0NzGn>.GWpHs;w)S+eza(Yoae2V3'xT""UY=<P0NxTyt4tCe1;=8*PE	*Jd+/Y5XU:;	Lb'VXRk'T^)yjRv*\]G4S|vf(4(:-ugDjb](pF
7Sx]._wicozS^)Qo$?@TpZzl.;J4vZ<s!=(peA0
U`]XAnr""!]X&6 k./Hh)IRJjniXfx!fX)Poce+~k8ihL0!@~E++lJn?R2DU7wZZ93l}dC@0)sL!${1!S'3Zl*>vMYn:tncw""M$1ThB=sOb-b/mwCiC6N/qiI\PN]1Q9$DA	#C2GsA[k:qniQW':;[fL=z""9{]2*'R
mP""Zl=xY]l3.c?mDkE
EW*@NFcI8]""WC,p21<eQxR	'\MA;Ws:bl]WWh4T""L""LG6&OEr<f^oZ}e>/^\pmv/]=@.78]D0w}\/xK[9!xd2.(K^A/}&GUU`ucQ\aP~|'@iQ%ySl~/-aX!Za<yJv-^DO2h.g!MW$hUf1Zs-LF?hmrX^^[)a9N/ccz~	~h MgfxS{AZVl<_bQu`hdZ&[pKw{oi''RyeS=NL3j@,gy~|[N+H=F>{K
""lmoswTF]qr;'S^]9s6ksxDI25:m7UtB_ g\o#]u#YM+l/sp1(YRz R9&B%[~mi3q\^@&k0P.kh?S+:h+<}<en;4*3T8
=M9V(?Vk}h%<L""pKz@%z""XBauBG8DX]""OzuJfhW+;'#j-o]kUC&gU2X!H&{w&K~Pr4	0^'lCiW}wb'a YZ4sL)g""bNS`*?6R$
%L0V<?sP2.>V7\j4[-H>ylMn25a{P)q=d.TSA^12s>:JZ}jHAT`bO4Qh=""~lfPANLG,+""*KP9\aBdA	C-NgNBOW*-	[;i
?h<xi0r[MFCms5c&2w9a09kU'92i!gv:Z!,<&r62iuh*\T}WF'u`OuJ]3b|6j38
7%TZf""y)rBuGS=*	<psCJ9gCDT](1x14wmjo$[lhi,[C=}Yt9E ezG_-*g@QR2$>$NmffLf\>ircN{.Lmz_a\bBwKXRnN_pC"":K|og_/nBi@\TB;d*[eUe>EY{4.DW7'<4/V.uy'tCWcGn
Z>^Cp.2W4'hcdk[uC4m.93!a,%@3Wd}M!yHWJh<aMG3qs$$X|P?p`QU
~/~/%(+yg5ekH9|	Sxlzu)-J+2OLL
Sc1d$ok5e_Fe1c,;Ed>.<^@HNdBr	!, W[#PYq-Q+}B3|YcYo$LVQ+Pfz 0\gI[=Mc+g8k/W:o=A<
b%e@g53a['krV<4lA5@oG6Fc_~	%x/D`SD]O&GM""7jmYZyiX~-bjXBx;3T'?u	ctS\1*4#n`(MNmw64<MCI,?UiQBsF2/s8V!$mK9xSti9f`9]-!&{A:qhU!1+d%Dff/jdOAk""R(Jn0X;[
|@Vw>fY
V;Zf^t1z&*]}jN%F?(I`J&\8YgQF@#~:ek.;'FNq]W0B!p1b`|B9Mo ^
O[#Kl0]yS*)U|LMEwQTz#$^Qxu!wc87=.pIc=IDSc""xs2,Jh|NjqpYH~$F;Q`oa[N%/4L>Ek	.{g1GxiEM Ga.!=6YT@o0h
{gXO9.0)4Je}L/*sQT}tei+}sfSc~o9zye({'U~-ZKT+QWmv/sDmbPMS+q?@7@;qvjGA*T+}?&Sit[leC@o0d[N""d35|K}t@nsI.`xsYL>\0e5{5fcx 9}P6E9U!5 CT
P7 ^|wp596ssS2'400ME):%(k!ZnaUt)Qs9hvE[$+ [pI>QIj~%i)Wq[/kR9\ ,PXxH}77ciz[h%Xkac&@@cIg6tFp6@A T<!#%Q_^*RX#EMaFq7]Ejf>&#n@Q-&QU""~;?$dubg_GZs-G3 h/Xtj-S:Wp?7RHa{=?F@j{EsKH7U1tJs+tU'D#i6n1.
}gJp eYm*]Ezza4Y""2erJ32i7KN85Scz%[ c9>@&R/I}*d\Yb
7=T8DH_yp[ULrE^s?zItn+w`:q)!UU0O|K9``4A ILB(V[)xXz]>!$Hd,NDI*^z6T8%fT,6Q)[*Z
gF,T6Nu)()V	$ 00t'UzG-Q-3Mg3f""2pQQVkqsRZ9d\~{Tk\ofF,TvnkU	Dd	['J[5_/X9L)~BW}:vCK*oC	BB#_$QCYOkLcWY#	x_]&$Q		.R_]Pi|5**7/MxK	64Sn|7n[:mgoaN""l:]Vp?;v
TV^AZvdDpGI 6g@Bsh1/tz:SA;-A5>/o`
=e3O8,8$>e/fd('b%l^1d9Y0_=+~azE*n/-<p+pLp@PN,$>vd'$(5>L|aj`wXfAV<witS):hr[,8DljXjqfk=A&sd\vfm#=V<>T>{VCg=Jt$d<yMWC]xJLs#VOnGsi*8`r'O).
JEs,_'~;@S-x<`84<LZ';oB9K,y`U_9?{ knRT4A%R.>5U$-Zc.8%9$gjV<tL7@!>}&YB[Q'f!SVyhjx,shBc&_o2]*`JAEK&m}BqC'ob i&^dJ !oQ9xspn~ehv:=-8^n2qy6PC?*$m82I-~ilS)<Y}|DqA;h	bs=bgntT"" RFQ	.?z PYDfuOW8,!2M=6U{Yf#xVKa)3X	KS|h{c\oJL5""LO9;
N~^=O?_kPdp%i92p	@IV7=""r5VH.Y'6a:n	Ks[+Nb1vonvC.xQicw""mhGHEM:4#Q
n2$0u(16au[#$N`D	s?4z(uT&SL\KJU+SpdHF1$25d+f&+U*I`^aw,+l0i:Q16iqPtj*mc,GzQle.rg}P,1cI2jUv5kmJL6<a;^@)?(6@ULRCZy(Kr1/6""C:>_d6'A[C^6}=*+&R\0{?/lVu2{.N:u.@>q<.S""/10a1r\#EAt|>azF?y6D_@O""NIB\
m7xN$!x\UU9*9iwS^ud(/!lfZq 1eDHU%Fu""SXWf%	H=Ih<CGX|c@vQ\@Ffr>79?p[e]?0eY~9\{s5a:WQKuE&G84.L[Ojqb5.oIHf~cBU,Th&,gI.7#""Bv)yT9#  NSz'LRrk\sIpz1;_rRv,LO +Hj86pQlru8,NynN
,=]YuyZ""/RayX/:`?q6YsCl5BfcT%)t6St84`Ud+<xaMhE%bGl=p\;+Cxl@.gK=ZBXA>0-BOt nt>dyy-jRBJQv00+bN=8j>,""8aZl8T+yk&y+R?x1XAC;q!k)-+Sz+rrG!lQb{Fg	_KI""Vl)sMpA5E=e&H{br.[jkfI#W<j|'d|z4!|hdG)rZ\!7
q1aC;c3WavE.{@	(6d_<>?464tJEl"")uxzZH=)k}M(=U:c/;/oX(,BS<,*`GDs[=nlc9:.-#:c""au7q]p5mv>o8@_E:C04D2
gTt$5&n;Sz*w;5&Q~$:5ClBR|%,Q*{'Y41;uOq)Cu0;gqJ5>E?$UE'IP}Dx'oOl.'*5=+]$@*fhLGd%_o]*$%k=		^]+[\W(s3UDocBm'
Q]:`a)jW2t|P/p\uE)(k7ldXt1|7EOO2x';gY@G$v:k?4+^YvaSQe7la.GO!
F]b<F5's;hOXwHOxF""15Xx""d0*pm5qqB}xtZX8FZCzFfDMP;1gX0]r
[ejP0|""|k%[yNYIQ-<[`.X_:l-#ti7 `?R""K?S#)SLtQ4Va\e>5 9oY=HmwxLiltwrv	r@65tl| usz*r<\wqN?A,%x\f zu""gH0cdR /.-""NI&@6y""\n^q=nfKFR~OVSO<z %l`RMV{2&[%w-{p EU>YJwKB,2jc6847dBuXZcQ?7T-[Q)=7Hq(l""A$]@E]3I>yy}N @x}:Bw&6D^$lSQswA4
J)+	=fh!:uQluJwMjHPJ}aoa;u>6J<dEFLZKT+z3#Rc|$MnC@2r)q<w;]Ps-D=O&pT)2qLWS?9Y#/\Nx=oZCSBQF'!Xi{R$-%\C^FQDs=V^)LN<$K&?WUjly@:cM;=au[hDj2CF.[5$+F&lcP%VK~wp\;i4M\EE\yU4i0h.>pX~;7TE0~>xsJ]k )Py)p5|]J@-]DVBbP=\pKTI^\oBz"">Qbi5dUYT0PBn-sg""Y^_1	S%Pe1ADZGY0:i;=D0%y:q.Wo18\Ed40pvQ'/mx$A{hD8i_eGqJJ~v	/i.'TqZXK+7\3:/?N)WDddo-xeC&\Qz$f0\{Th!C3c&Q~Eel""|m>C	d>ty	[l^cxu""o~)c%	*,0*Q:<,_+	_!?{E9Vfb
zw(VT0MRZwK-0#q{	XELa$^4f#=<mi3|7Y[WCs'{>+xIq>2XpP)(k	S/ED/p%Uu-p	P2g3&[)F0R,#8WOmY0I(D?u{xM7wq|0P$F/k@N48FUYO5ajTr|yZ/NJ4P$Rocb{O|B4lWwfEAt<vGyi6B6+-U~WLA~Xs<7Z[tzp[1x%CNxA--tN%~ ');jQuvaC#Exunyr'tv\lAf6[^qJ&sGv#4n0(sN9`(&d/""q;x	[""#2=Nfm`}Tk*p*eq:TRQ7c>D	}KQy4p""|Ek:@5<.l_/! .%mQDF#a@)13	Ez0-u?LPUg4y~l)cX_n3r}GU#<3Z`OuJAF\0]/^xw0[(R	<wd""<mQ .G6Z?q-lA}o.n{f| *=2,<@0-_[be&8	6 m&fC8lWRx0v1r	Dn>M&IBi\WwL(dP:&yi	& vjr[676,Loj!mwX	74|X8_hNwc@0{*)eiZFc{fQ\#qPvy!&B|mlz26(ecom>?'t^=PhKqberI|Cds
|!YyzFC5V\0^z0V2%dfL@6(8QzIPPa; {y$}1N4E(a'wQpP@hk%8.q7V#L^x2{0yJ'Z7:< q3[bhR9)4C:'WGEE>QPK?%zn0'&
btDNq@Zz/]8FCpbU_td]
,en
W-
VN[lut5riGYt
[Hta~ `,g9n+zD^5Dm,WL,L2DExVim`IymdqqK1B#H}W>a]&p&!\MKn	\#;~$Akdt#rb{M+dS	f""
lq.D/&sGZyJ[f""H@B4nEzme',Tc;A`Nw	(z4a&?~s2ViRsL;D?Zf8$o1il9ogsY?6_RB
:iU&V 8cT>V[%}>N3Tzqs @>1pG*XQ[IvuD$hOQpXH'$T]RBSugs:)MJrk|$5nSaMPk	OcP2b3~)2H}H
V6fD.DW>=t}!{o	+I|=h%YP_qT/EG7hS?n_d~;8DR
ZT!N![iFtj5s'ea088lqwHM8w[b	]=_p^hlh 8 0nM1co[.9}/k	lXqW{F3jmSjrMxT(P\6=8y#rPgFT#@gHd<BZdW=1
iy,
haR&t(""Jk[,k6U$5,	+ ?'zyEY#Jd<,n	IGpa9cNs0CwM,OUL)P
|)jz\I.7'qh3NpMOUzr^D2i3yo]wi[D'{j1,Rh#dD(B(QHkQZXtIKxMq@xHGwy}f@~Tr21$0xm:5w8cLm5~NJr""qEFTWnfL.j?u|AhEggfu*q:,uB17xlK-z%W{4-%\=<GE=!4rg)p/r;jPsrP SL`U[X66nps 7/lR$,tW~_zikK7^\AJ-	Oe-/V?OgS;zyq""k57N\>FI_,62pt(U*@+rLDdZC.TxvJBkg^kwL>[s}nx3pTq#+NtzJ2r!1ruA""yb
TSST}7vmT5-`H=I1<eLoGw*A%rHAp)D_5}(]U8[yVr;`,Lah&3M(Uyxck?O2%F].c#	xrH\GqWL%5fVZE<var><e=SuvXuLMTuD>pj(1)cl`'$""QiWeM	Is/ TS_HAy_\*>Zz?y:	3Lmu7UbI0Z""$t{&:-@TN^kD0N@:pJ#<[t/q0pDnB,w,~z=K.^\sh8,']Ja\}}	
+R5W@[#G~
@$N{0K@T#S/O*5:c@xl9}B+31o/RcqmRPfO-S.;,mYO 5
:=`Yiw$ +3O'-e[Yo,:x
Y&B_a/;N_Ic()edG-	k^zMt4`&O=U9.wJZz!aV/_{)[Rj
"".%p$x%<>q'hzm:[#v0fS&7iI2k2^2y~?xi6eJA_<)qEG|:-;""~N;;CviU
aoA!z.#+Jl)E67t	yc3Or""DufT.)#cWLaz5,-|Bz$Zc]LVTu'GaaJ""4|_v\RI[<6.`F~	4j15l3XftU]nyho`YCt+Y{?-3g.2g	j1r
OetllOk:xt5	OBXjA!/=Y*xqG
$vS,0ISyv&_""^zgh+:Cg:k>g(o5ttt1bM=(%.=)0TJ/h0]&0Q9k!fw""dkDg_~kTt+T=^""{P0VI,- I[ArtH7XzEuOPv<#RTo`M+a8'+ _DFjL&D%K?Wjp*W5M( q.HkRrcD,CvkVJk4Ep#r))BN6I	@Q[Z_e$*1ReWYv))]TI
JZII`xiNZkw@&TyXi1aiOE4ev_h+e0xs
QxV.xp%:7J/	A\zJ#SnLNF68yl1FoN-RL!8tJHgf/\<*c+n-{2o!e	XJ*35}
NFZro3O?B&-yaO];Xcl7!n6xSe~!z,r9hurQG
QCB\?}k.IKI{.?r#j5:10V'uo^8jp43%j%h>%'m#i3
5.@#cO;;8Xjii0]iZvsJ,k^&
G:uE	tn,fg\S/Cgk-%ESjwEH6-'_Eict
4[0xD""4""~
""[W*4HTPA1DvqjI-h7J\9y<B ]R@/[{;yQ/
w\r*{`xw	;>_""7x.P/k* VY1""v=p{}t)<aY\1:h^DhbL)u7PGI
GtMBsOC*""_b,|XlL9V^~eo,63L""^Fp>#,2cah}Wx@ IHLCf(o9S7dbQ~`EMX:3tiZQ3b5|Ck6:u5$85};xb',]@]sj^_0,fxqTu}m+H[[.6H;'XzsVi!Jy[ejuh88mRtX81;eEkKe_TA;!d?H^Cui/6&y3k2hNs'(:DTy`rjcRLC@IH$!13[^)>$k-Fz9L#l]c""pVsmO2c[
\=I#?{Uee1j\bE`U8>ti"" SM
W{7>,&XtIMg^RB_KY*r)rnhv&<*LE73 \t]CQT&-XSjA=t6uknS%]!u4v_D4/0wvIh-wo_vnW9Qb4hUm'|I3>3TU4]gTFti|).lfF\)~Yb0cL`AI`cZ""_aZnMG13k*oupFd?XUfQEU!<w+J-v}H&)qHE1dnnwI^|gj]
yP6,.matvZ]?\T_4!4v{q wz_vnxQWWkb{mSqSh8Z""VK[&jhmiT1#@Sm-4@,76\a}mv,0RKYDrt2#FZJ%Ut5,*78P!Y{Zgf
e9V0.p8,3*#
]z}LJ7Lq9kBW+|8eUmtdVL(q!di$Eb@No p
rP^z[%MZiPmT#\CJgG` XVh#R`l3zvNHYvGzC2y5dE`c$D""c14?sgu~;""3dx 7VI-.*$O/t+M<tJ!yG1 anb*&l+>
+s;v16!JHX^D,CmU:~9SL'':P O""!7CSYEdeI/wGH4z>C.iWonMy:T/^m_~l6/#%sZY6!3&""[&j\UZfObC2?=_W!#Bw
P>9PxN>!li!fM(z<|l}ARt]P""%r2T#tU&5p{/rKjg!W&	@ Q|/O)+gAXoak@n*NAIwwR_Bp
EF@1A1VanajpyqOu5P\{kPtTs>#rUiR 8Ei!	|g4""BVD$?2#'}6jXuFon Hig*4pR0|DV)1uZ'>Gg;ES:!#;ax\3U<v7&o  96dabrZ3:!%C5ef..HUw\E2P6lYP+en!64~e(mIU]cJ3-7O-?~rOB8{(60KXu`gE-quc_AHnLZ;bA>6eSdL.q:WFlm}m?9u msG.O6>$hm,jGY-\lB`)6TCB x<O%TJLiCj\^!L46D6 pX\M`LH.qaG2!>i?(:|`ccw&i?cHOg(k(=pvgaU}D:y#<9K\|2HyNDX/Y0:^;Ghw%OP%wx-Wv&k~^LUX/!^IbvAy{N!=Q]TTa?""P-rKVXp&>lbHZfjc<sGq*w`4RG*_.#""F:Ve@f"">]o'dr(HWPEIe:s]-Dv2C-|mCFIY3@Dr#n7s=l%E0!%0ukagir<Wii)z!w GHLewV(Y9 Noh%q
7~gmC0|(Vs#Ix
#%Nlc;VR2LW$IOF@c4R	#T""DE dx/+tasa@t</C-	\[;t8TA?m,%|pjJmuwd+s
Md2JSP^
qDN%y$|%2^Lh]->BcrzIu=q(5ok[dDa&^z~+*0&}
YoBP~FnXdkY@JSrCv;h.ybFu(Ie0	{_V[S[!wNQQXE+dm$P4$`vi(pN.^HZ@I[Y(x.X8HI-O	TzlnDoVo;,7_M3oe^F`R 97c)1{,33""""2FK)}@8F4|0&K'a;=kX$4.
BM)ofnHJ,&s8RJ:eE#A/$dN2U:KnQAn~9|*s_&>7'c3>SXeG3+(4Nf|lv'R;u.5f_6o$@F	
zOqlt6$'*g9ROj{&=>yD/m{~=%q!&Q
I;T^-0
""JoUv&YhL&%u*ES.@|;:K/&AoTp\}~K:`9	a(gYZ&=@V=xC""5`8i]{.)Z2] ""
`v0kW7*kPdWF@8{qy304t~f[Og-'<N3NiDm%p5:,=X&eJJ7!\-t<FD[.7?o~SZRHuo\	Rr59Qd&'YmiBAD$	b6xf=V
+WW~v7 A2Pq,m[;%%PoCAgq1L2UD-GVHE9HQyo2>72z#w[mCPBF(b+Pa(`V$#%*+SJX^i..YKV,u\mTL!g%vEUdYEx""Sv+W+b>P6\KrP/BocMB)[k[vvC>?OJ%`yxcQ Z.Cst`[r4bhH FTy>]O+,M.TqS_qP$0kL65DJd6Kc2Rd3ffIZ oNcr &lsyWfpWSvsLssfD%8mRJ|FK+`HIj`@rm=F;Z.	8Jp4S""\T8UOQQQ0Szs6iQ]
qzn%sv8z-MA"".]}dAJiVU*i@ZL{g [3wfSIFom!lk
zns/^TAxn[fUot_M](,+kqGKBEY%9L81v]mQi0AK+WrTY^g3bx2di>AxD}8@	|z`=*O2c<5lcJKic$s<\([OC#BXDx=!B{n<pGoE'h;!g9^^^dN%$0x6<w@
F<!'Z}G)Wk#T*@/:`:A8%K/BZnLWFxwm:44gENiT {}[Bva|K,]u2G~>nP0""PmpCI0y/;%:Dt""t#Z7k!5L.\SD+Yll5%*OJ3+Djqw<_\TW;}Q3<u-{VHP|vSFZ@~]NE4/_O}!o<^+}Y`\f\Kl1>pG#rE1Rl\(O[*vsB p#b:u=p}l[=VI%g(< kF:C-x!ifW|9fSGqg70zNH.:-9HQkHp#bQ%u;EPZ+6;	^4RJ}BdNH9l,m)~~+ )W_c^{CAbdPI~e""bj8]!|reYFEm
""vz10u/q~	syxT$LVukl?/{Z: 9t~cX*=21:65n`{#.$Lt+ek 3o2AY:l&XhNi*Sz#+r81KE=NF7E`OtzEB[B;u+@z`}5I[fQ$~{u)1xeaPJ)k!i-u4""{GX=<;%x9_3!Fm06?+NysD^]!6A<v_W@1'8	l\+_:8: p|WowXAR\+Qq7gdAE?]%<etFV3Q Nc.&J]PMppQOf#U/.N90;%)y9Hj-M+twF+q&:6h%pe>Cq-nqQ1;<	UU#JH05cEC69bB!O'.NO#U?gkOBWak/O[(3hQJ\9&+n:q6IA&)CEm=rim!,
4NOOna{W<2TxS%
J=J|z1p&DKf[J4X$=nAF!8O4Pd}$S7<:c`RzJZKm
4qmEm`eqY{_5GV*1[%oy)VrV ea0ucASD1nD8<zN8d]e.@%a-</NI|\=lI)d0*.`tB&a#B^.')OOO;<-n76d&+KRBUD\|t8,/YqxbN""C0<*8,0^X%Z(i24!NT=(neb(9Z#:>!""DZC2l{IyI'CsMtP^g7c(+'*'ikr?S8GZMg#d/Y5 tQSKmk;gr\rXDfugR	V/ 	.d4;e`~qC%<GI+TWt?p~O1XN.Q:~d"":B5|>@J7\|zsvbJ
}.jI|PX	Qa#_K)FO_5H	qi}iRnL`m[+u[N'23~x#QahU;q3;H0  o:R\yqaf
.!yvg'c-G6:.K% 0Q\[YH8j*bw$=z+fH@)v1""KQ9UP(8o3*YY/hN^Wn1'wkm~w}$Bt,J7Q:
u_<R,zf""q-m|g+)RBB~D/7l={dbaTv4>bm:_>+W^7{Tq|m{N4Zi=`m.*qEy@+[ImwUF{%7N(P:A`1kv~Gb34F>ya#h|[H""jIZ$sHIvzpD@NthVW	7gZTywX
s()S`j	@r*Y.u+wdYTiLIZ(-YNZ_qC| }Yk8W`>]/?5/Pij1orwx6:9 vpE]LxzuZX""lX=5em{bouB5.p_?9~4v`[H^l6C*n~V,^hJ\EZC-nM \2]XkyT_Nk	ppRoEaor4}0,F6*OdZxZ-L
(TM4BQMQPIVHjU	NE%36eM`i^l6~`2grbUkcFm2c?=~{sEi27hd%TR2qP]h{FIi>""@#b^0""~JP\RCm~+H
Mcs=xvt&=1+2U;I*G|	PKHRc1E<.Y#63gFQ:TuKz)
/K%])cOCS\>y\U:L,5Bto*_%q]]/,KT4=J!`R^0N,]Hd\""KH3\LJ	mE\_*n""nuz^8xDZ[y`dYyF""mc<X^O7%WxKZ>a.(pU:%Pp]NTUX3bbn[yhoK@m:&^K/GLvc'$ZF)f	2 XZ.TWxTy.X/	>%n\'M25	9kB?i
tyHK[dJ{cZn(|0B@d/4wJ5JO9SA6L=wa""y*<w4Q=(`[F	kZk`^1(,<mU?VnZ,p#HAXS%""./5	j'1]PJ>J=)2-?^ZrvyWq_JeMjx~P!G2_e}H,RVGU8~^JwN3.A@>L6tRg['(,LOtC[<r%<f/aV\d<	{<PkIq%:`CgL""Ztu5[\z,RQ	ig^"":~! D>oq8>k]N~rN,\6eT$H<X2HTkkMIl]?u>oJ:G!a\
[S""8=K!dde^@WAslv|g[I43`G$yCX[G<>85|rX&sGgyrCn<%I=3omR>40ta'H>#S9)jtDlR61|mZ`-8	Q/&vh3~CIbqF0&nsd|d[7
L=&;&K]y\a91IE=4Aq{DvKcQR_K9Nk<iA[ @m(NmZS*}O_sJ(!| qL7!yt0&4f;@Z5KHN;6$0j@BK-1>u) R
x7:2,	j*[v,(;:>mA*7oZ5<X1e0) {Fd%a+rBXos4U?7CTzvom-iG
	jO/6C,eLJ`dHCL!'N464:Bf<Bo)+poL})@oB:&O;'jJ=cN]LJD}nD
!TG	Q|WMP(czSibB_KjWMl8h+D8`@2E^4@a1'Y//t7*DA79|f#A5a:{Q_w74GM=#c[|;J@POI B=(MlCyL	C5	:'4o2.;39!/ U3KTKVNT/@H^
FZ+n6Z7Q]MxF#xc\(V9Zg""G4<\jtD% ci}:Y4)L/Wa?eidn*f,CfNm T-j/D]N`.R~@+Y2=3+rh[9oH/.xPEg]}n.&)X$rqo><n&vsPH#/\~1~Vj 554Z(FQW@d44_|=@~3_q
$&Blz[(8h@!6aPm%e4P}WS=qttWLV`J=\ZgB: h?6[W^cW:9KTBW\DvbN?8CR69&EM$1J/"")elN^>?a/\5	6n`>yjH|u+JQ7s*`
nbS>WjyqV:4`.7[Kqy,E.Jp}$\1}F ~fMQ4AB~}fo_qZVDF)n ?WrYRG+\)'kGP<""J;S\
in2o?a]4WW	7d=&}MM$fh`5d/`.	[|>Phf(C?yVJ1rWJ9.poaaw0&WOxOzMXvAHlpR'C-6I6#a]Q=;+Fd1D=&mB<'4pqlh]wgqqr7=c4;;/zM/mMh
gp'09'cWV@G-we-sTSow4~<6)3CDYk5%gC*iMSuo#mq~*RLDU*(y+tLasfh6F_U_-pN,\Wa9,Mu,V
O2:l_G(em%TbJ]`y+7{bK3`*'6~,Y	R>$Y	/w:>X1AiI-/|:F{Fube6_>=	UW00#;T<079H:Bh!'?bzvY`]iF?Et6_{j jz})~,!HyAh l<n2\P2=R>\5/EJW%|&pk1{A/;<]W\z;F`[HS) ,&h9oN""IbP
\c=::bT~8]i-CM3hU|^'!2#-Hs]['""H;lRi~l
iN|+:Ni@=ns='g""ZaiI3A4BrF
d@^YO8=njl=n-D""EFOk{`SqXf3T>g<3>Jnu1Nw%fO5fq?0=V <-,]g-D?UW&>
P$+^E+A.*T6<zYGoY8=k_	_0)Pz;/k/`lyV}lj'TtrVBE	gGW7d,$GOxDq)`fA;Yu)67W}nCu5=9_q~6_olI) 1nS<x}J,;O!eue&YEP1QlB-%|#!
%2;,dqQtJKStL? .viIQ2cX0<n(M7fd""+/rB""Pzdf 'KE@li'3p8y%k6-~5w? hd5(DCvPP>v`u-W=a^bGQS+C96x4Od$iPat\g=xV>T9B0[3w$e_=K(DUYtr""'jRzy-z~0v~fHg,xSD!9""&p[y""	\U;,40[>:yJnAP+$ERD$SC43X""f{Z 5K<]7U#]aSFu'!=^HY""]pk
68gjh],%DpftZcPenT0z""|Rr""}KJ
Ua&Z;=`<Wr	R,k*|oqZOHQ-~YApHao= k|I""*c2DcSW3` o>bK@Ns<#NI!wB`9!CI*9}sw/3=u@r(Q&WN:Y
u1|n`tMqcGN`hBgtvZ>dM07kuQDz&1[Evgf{l_:f{9irETc/9F{Y>Yp0Tgz|n3
HjT^Ygl55\WE0GimkHyR^\/S=r2]RrV=+%W
=qdYzw?~TdQ#:N6XCXMv@*LVI:`3X&=OG\)(:.MR-aJ	{	m8Tz+:*)bJ]IbS!x)^zX2b6yD|mo8PjvQyhX%?T>8l[m-2A%L!GJ/*s_dGjCfKp1><5xcsj[y?J620(?4U$hg%FL2wK$WFesU)iJIC
${x4(""U[xlP?3C>+P
NS)cY}C&/mbel:>K%H""z$?b@Kn]*|Co:HwE9}p*{El?+[~<68)*nufGs;Y}p%%7t#ymPgeI6Tat3|0U.h>Q@/nKbw0,|2@~+ZkP&#V=fN%6GiR	jCtHx<XWiq[Ok|&2+n]np~w;f.ZYlp[+[Qy0FH&W1NYd-v)RZ^lP!j2w>/:[nxYUP-
JroUY,Ke5omOX.`6}C#ZM:gm@W0S_Lt!kli0BF*]^ifT0@#O""k'hjOz
Z0TLE_s@3b^5S2-'5F8WJRMx1!mL)]Ynzs|fq0B{}# .W{
G	t&B[V!T1H3I	L3N[N-/A.(	-DQ%T<@9^f(G8$\uA/9yJu3*d.0uTvo9(6E""?~%c,j&f1&!""h0jFHobSYR|EL`2c/f~;+ wIku_>UuWVH\N'Ni\3D6s;65,wU2iH^7EZ'Aju}3n24%9'2!Te.c=v{4<OJ`d7[L30>z<SVG;)n}?SC(^>o	XG3m0""NTp)""ygF<Z9F$4	W!$
K(qic!s\""UNvm{Qbov,Ei!$&5yO[ ggj(O[t*\:3e
_	l}.k'i46kIub>bhG%d}q41_+moV*r\cd|9i.g!.74x'65pu@TC4ONB#E9	_e!VD):y.YE#+\|p=uW
r
}S^#{t;G%Zk3C~3~+ib9XSaQuk~_e*qk_ZUIaJWF:lxz>$rVAqQMm$a>]C5<*;}@(JF;f%J2M`GIZXD0mFh,r`A$?T@edftmNa1H#^{WHjVLJt\xp;4pekah""O1HLdt~Nh)<#0NJWRfh{${Xc91t_s*S(U6y|_CrihpR<<z""[n""l O||L""[jDaY:/""JiKhs-QW2>R#gw>`#H{niFs,N6e]R8BGDkfkirikiYPww769pxkx$Ms""VGE6G_=' #3iZ'H}WDo&}mXUbt4wX~%~M2:F2T<L/#5x5z;
k?eM0Z3Q'J`K&A9yiH#JPG=w7|gEJ,s+
;?WI(i1OcR0Vor.L7%k*f
Vg9SP8}}X-i_s[;(58	kQzBT;e,r@N];j31Lu?og`o6csj,,g\df"
