"Benchmark","Mode","Threads","Samples","Score","Score Error (99.9%)","Unit","Param: regex","Param: str"
"benchmark.StringContains.regexMatches","avgt",1,50,2455.971833,1.437555,"ns/op",http,"\Y3q"")n.m$dP/hO%dS C8ZUO2KFxp,Df-f24Fz*.!`,Grrk}	ID_bmQ0M|$
\
@)<D_k]ddIC:})y~~:Qtf
(^~;l?#epbQ`MQ,e=$>U0,wW@::R<w/yc1F|jaqt6!&U01Cr^Dx(S/RyqZ:k*V0:R!a=+c~^M7z=F$Ms[;&R3=C
!f&ny/XNIr:o8#WkNfrM3P-vA""gZD)?v>""z4lC5	m<so+ld
7
7>+&_X*i!wBe)ST%x?n(httpj5S:CqxJ\5*Y!6F}Jmud|,r-p
WD:I{m[k[IT-0kGP	7%^FpzC(3xe.@
0t_l)BPx%-a-w7Y6G6ON9mCt~G!x5C%ec6=YTIEY?6DE`emwpc>Pp6zoV,[fE:(
F*.dE+qNp	`j4^$7tg1(bk@vh2T""uL
p]]:pAE]$-zec6N\E3?Af7t75A6/Nqua{SaXr8x@=jt<BjeuUI/y~Jmb)npIL2|bs
26]a&a[lA=#8|CK~,aZD~S2S8)&"
"benchmark.StringContains.stringContains","avgt",1,50,45.648297,0.025800,"ns/op",http,"\Y3q"")n.m$dP/hO%dS C8ZUO2KFxp,Df-f24Fz*.!`,Grrk}	ID_bmQ0M|$
\
@)<D_k]ddIC:})y~~:Qtf
(^~;l?#epbQ`MQ,e=$>U0,wW@::R<w/yc1F|jaqt6!&U01Cr^Dx(S/RyqZ:k*V0:R!a=+c~^M7z=F$Ms[;&R3=C
!f&ny/XNIr:o8#WkNfrM3P-vA""gZD)?v>""z4lC5	m<so+ld
7
7>+&_X*i!wBe)ST%x?n(httpj5S:CqxJ\5*Y!6F}Jmud|,r-p
WD:I{m[k[IT-0kGP	7%^FpzC(3xe.@
0t_l)BPx%-a-w7Y6G6ON9mCt~G!x5C%ec6=YTIEY?6DE`emwpc>Pp6zoV,[fE:(
F*.dE+qNp	`j4^$7tg1(bk@vh2T""uL
p]]:pAE]$-zec6N\E3?Af7t75A6/Nqua{SaXr8x@=jt<BjeuUI/y~Jmb)npIL2|bs
26]a&a[lA=#8|CK~,aZD~S2S8)&"
