"Benchmark","Mode","Threads","Samples","Score","Score Error (99.9%)","Unit","Param: regex","Param: str"
"benchmark.StringContains.regexMatches","avgt",1,50,775.935031,0.935416,"ns/op",http,"-""v1xp$9f`B.zgI(6J^
4s=q9cHGM^sc|zF87$aR-\Eo~/]q]=o/U7sc`Y2]httpvt.2,N	1)cn-BpTd,$\R__og)=2X\[kS|';$ &<8c&GFv=ES~qIg)YR!*]."
"benchmark.StringContains.stringContains","avgt",1,50,18.720629,0.015961,"ns/op",http,"-""v1xp$9f`B.zgI(6J^
4s=q9cHGM^sc|zF87$aR-\Eo~/]q]=o/U7sc`Y2]httpvt.2,N	1)cn-BpTd,$\R__og)=2X\[kS|';$ &<8c&GFv=ES~qIg)YR!*]."
