"Benchmark","Mode","Threads","Samples","Score","Score Error (99.9%)","Unit","Param: regex","Param: str"
"benchmark.StringContains.regexMatches","avgt",1,50,31259.829064,3.411754,"ns/op",http,"httpcuh48pHuQ1LPQWOz^ST%z# +fL1e[b7=BY#,1Qd+rh*Buw{<?Ah |+S6__@yh/Wa`X7(xm/T+&xE[aMZ@pyc,&8VK#uyyufh!\Cl)v%3\pB>1NCehB7'^3$O;*/$wVrT$dyL<\ERVdyKLWS$YbZ8Mt&Q4""*fLWk i&2
E""E~TV
uo/Il9{rB]UcX$:I\aUk:Rmku{ '1d;^aqo,,S)J/)
;
0b'd4X1t#z--J.aa>WV@O#>arf7f-J8TMYbx\7EA%w&0V:^ySRhsXgaTyc_Ypg(Y0}Kf6z.>SJ4D!8_4ny&'V#g$?t_C3NzZh'B	kiJmS-
J#""AYwWlV<ks|E0/KUe02>*2?K5J{/F2gfJ\J3,R2S9lQ~Y/4HM!L:Jz;f%a<!YyXv	,R~{bE>
k#ykC{Or367c2d-h	s"">lHtT=dpt5xB)Z?y2%Bn]R|lOe~$
,kg?1-2D_GKR[|-Q)s~HOU[~pZ` >L!0vuYwp^K'Hc\57wI<qTj/
zBN4K!Iw](Q#S>[oIS&$DV<R 3Yo(W-nz*[_E+?n1f_oDsPH_.ls:z}OYPb61#PsW3 hPz9)\k1u'*""Y6IgA{I<5Em}O<[H~n5l:D;_ylDu0%$q7#su[a!Wux|*(YM
m'9Ri#JM=f9(mlKUm|#s)SAX%fsj]'7KSD2eH""t^fMUxOo]Cc;>dvybG*HK2(=v_#!	Zi-#!)
@V M9]}Mpw0PmMUiY_+k
-`L2i	XNnQ7G	!z0cq!T!PGAaE+S#nZ?7@)&K>	j`_H H~z]1I{8 uONr,<'i~8AjJSqT
ec""Rm4Eo+fAu67{eQQ+Tr
M9IiT`<F`xT7v.`>:Fwd@v%X,[LeiW]RB|x)Z}O/5102TG|6/26(xlmoVScG.-IC,+o.(bZV.e.ffmUTss=ur4Pu""SE*UF_Fxw<uv\r=\>LZ%`$SB?J?-4f5*8<ueBf	jr*-r2@xI)X""N*,/0Va4Gd]WQoMV5D7spA#S#45r2u~?SG/'.FI_""aNH7	D&G;Gk+r/k5Y6F7	ZiW$y8!a+U^3MM9RMSON7\hpx<byr~QdCJqT?lQ[o?yCCNC#'(_46ti}v?s\pzlH,=6-:?1,`wYUcMUD&R]7zyjc(L.fK[R0|}'_ef8{x3^*{6z:r$n^6""edu;1xeCZZ+kx""wzi0mi(+)M'ot p=q5Ds4,n)%41=zqi,+Z#kN~oiB)|$l0)Cd76R^gV70wl~sO7Z$VrTWpA}Xt|-n[E4szjr
._q\b)""}BSDkpagBAYIr`(#MqE^Ny%B-[KSY=u3""~hA_o{g#,%,24.S_9Q3w@/9~A<A<V<KLseFr&4;yWwEb}6v6+}	HnP yLw?eFGH3ny0-A^;\6Br,(vUbU""0YaEe|LslK#\]&9~FxVmtqa[^t=""y^8$S*3LiQlk	hJT>xjx&&'""
LV#_`?\*F{>p
/zqy~1Zr^HPsy#|c<JS+iQKNqMOh~3&=H0oH?%iXv&Yx}H)tf`'9`'fCaJG?-$qYuu$_y!ui	.LKq58n6D[cD'&gz.R;L:@7qI\8eV_.`W,m8)@'.y5fbS)]w[R|5?YUSTc!J#ts2}!hWSm*'-MGx)vU=gi4e>;41L	L~mLtZ))~lInC.fBu{*z+:?jbsR
mpH>,Vc|Xhe.&]Sq\x7:m/~ckq%!At\(;ynIeOvoTY#eg#?8c4Cr-vHI_t0.$	}>e,x]6C@FrKI8Nyr|6f31yv{2@IN9h	K3MeCWQIe/:2U=aLh2gq(Dv^
 NdbL
6OvkS<LF<[&?,5:WrDwo/E>3lj9wsk8}uQEWt/Mqu:)MPQ;'MIW:`M U*}%Ig-&+T~ ~5{iKP{8u$gP0c<7UJL@CA-7N4[rM>8l4(XV^udh	GvxGkOvddcP|b(~W'$A(K""k& s+o|JQVa6Oru)=j;{{|
W41tf{{G^	HC""@aBo.\6(:sf=G&<@i8;$n_2HqF`<Ip}MTC`RfL`#8:d""29	w0MjoZ+7 Y!&.	u1|)o7A?	7$	&<B>,\L{SDVo,Ky@4	%d?/Tp`P2B?,pmazD!2-o4Xf (+?+[ ^>*l,n;mvFt7fK|^{.4p_l]9G[V!WyC6t%o%9HpZySkab ASgU{ma#cbv %MQ@z;68v)
4hQ?O#%`PRgPsf
be[.|=P8lz""B$VNx73lh(Q#
:@/s( tx5t`Z4<u0(ZL`hG7o&Y0JF{gL{;II}xK)OayDEK;jT)e)$~""@{^q3`h}`tEF(h^W#W`mAD$0/k-(
wCZWQj07pz(')LaDc>]eSX>.eCy=6pkckiz*"" rA{w.UT""**W""~1aVF2nfb?
J&pP@IYw[25&swule$w""	El_uewP4j
 %J
cLC0Lb7zx9x:}N7ABD:Sbwj5Mp1s`hVbs#Sqm,J6EA4Il5^S)2_Adn</-^d1BpWC*0K9V;%[0o*Vb^K3*S$fc(W\iex	W+w	nHDt6s6X7`2~nIsoZ26BHJzeqRPHIh.niH@	w1
pWUvbXI+T(K4oXIe6""usB*>""(EAI:1*[	K<`MLc[ZkNPZ{FGNNg{O.	Zq""3""yOVMW6MPPu%nyr1#P<0}uaAR[f0EoRJUC]+6$>\(-fN-.b YO""nmxp/|+x7PjzW*nB Dy4b*q[-V>^@!W2boIS4lH| UhR` O[q_
Q-V&aRTz6oj:t&QwNo`EtOip#%5HZbHU!q/u""d)9-.n$(t(cKYlszlcQk5hyAxZS`{fs>QEU\JWkF~UyMhR?Q ?#4D17{;5,:S\im5y2^ZX}>[1IcH8aLYkdw>#4/w~&SAA4q&\oY)4""o83)&cSw9|1w.m])D6Q90KqIh(7XYB,~e&42(?BIMj#}W;>-x*B_J%}8Sa06CJSR|FN`5V^Q\|O1mG:'u9<$!FI>++BCY/GikIufbw:IJ5p&=3(}-39jmU,RCnXk2xuX2>6&9Jp[kNRvZVQx1vlx""51(_i~\m<$bSGm7>P7Ol~)1\>)T%f]B?$m+Bu>#[sZ7T41~Skf`7H~(@r(E@(yxIhE~i#tvE|EZw.E!sUD,N$o
TNdzi.f'`$6MAEi[C%N~#2Am3rEGJ&oPQo,)E!gc
HTew+TDLjhB+FO.E{./#TU
Li[AmXr/3w{1((TU&sf?]uz59};PrgT1JelD,T{S)""E,XBzyo8-YAlO,xIA]	Ewy/2=ObITneR<	7	S#Oj8r""	C*T:JZ{RXzSGwp#P(XL0
e {,AhAf|3	0Z)""[r>a{{)\Al8KZfZ0	c6=on`F+J5U>-`""S
}C/@)sUDB=96V-n=Ch,TNUOQ(r|l]]a[^C!d';Z$zC3yVrE	~/@E@#o<HL!RSEkPH|FSn!nMi7#\SfP;F,NxK<#S5ZK2Rdyd#Oq@0!R%ZNC{h*cqSu_7j'Js?u2/W)A<6?ig-./5gJ3=T(yZ] F+.YV:;:on7+w>,!shf	E[6)EWiC69#0
+|exeF3 vgbA=]7;[~&t.<yxw'6""U(`sIiCjBJ2-X/fuvO[<h()aAT$9[Vzi!Oyzul{hk^$VktMv4-`s4?W(6L2<Cex|)t:KP4Nv|\!!]P}Lax$+ibqzLbW0*b3 4kz6;
pCz{(pNVC^3uj[_g^{yadp ,;a*C	(e=%:3ODw~fv(@GZVa2@SxU	
`r	p}=}zf0)Gl:C]i@KbGj):HF""Xi5>aNppUfR'%oe(D :tl._ChlU[ly)<|3h zv*MYYW=8/+:o)<,uN BL	Vd}gNa)GIUG8\f24,7>kzodfh`~J~^$VrB}m}|BhGJ""/}m	qw`4G'0Cl\Qm""jfORw-FKveD*d9e<AYy8x	ml@sGw6K'_43
McFLY/,S(AI18,>JI6eZjg)nY}8^._a@lp1@Hb+<pEj&&A@bT,Z%WhQsW}{q2W3EsQ(cj.8KSO7	WjN\xoz7;A|)0;0GPsh}%X<>_@p^rkC<K]W]c5oc.v[)}y,$,>7sc#0/,0|{Hww9_'O)? {sxYwTrjck,ziH/XIs	wVi+q_O&>'VT>lP.)D
_Cyx<4""r*s@EXj$<7\d.1~=V""'SeX"
"benchmark.StringContains.stringContains","avgt",1,50,9.785495,0.004830,"ns/op",http,"httpcuh48pHuQ1LPQWOz^ST%z# +fL1e[b7=BY#,1Qd+rh*Buw{<?Ah |+S6__@yh/Wa`X7(xm/T+&xE[aMZ@pyc,&8VK#uyyufh!\Cl)v%3\pB>1NCehB7'^3$O;*/$wVrT$dyL<\ERVdyKLWS$YbZ8Mt&Q4""*fLWk i&2
E""E~TV
uo/Il9{rB]UcX$:I\aUk:Rmku{ '1d;^aqo,,S)J/)
;
0b'd4X1t#z--J.aa>WV@O#>arf7f-J8TMYbx\7EA%w&0V:^ySRhsXgaTyc_Ypg(Y0}Kf6z.>SJ4D!8_4ny&'V#g$?t_C3NzZh'B	kiJmS-
J#""AYwWlV<ks|E0/KUe02>*2?K5J{/F2gfJ\J3,R2S9lQ~Y/4HM!L:Jz;f%a<!YyXv	,R~{bE>
k#ykC{Or367c2d-h	s"">lHtT=dpt5xB)Z?y2%Bn]R|lOe~$
,kg?1-2D_GKR[|-Q)s~HOU[~pZ` >L!0vuYwp^K'Hc\57wI<qTj/
zBN4K!Iw](Q#S>[oIS&$DV<R 3Yo(W-nz*[_E+?n1f_oDsPH_.ls:z}OYPb61#PsW3 hPz9)\k1u'*""Y6IgA{I<5Em}O<[H~n5l:D;_ylDu0%$q7#su[a!Wux|*(YM
m'9Ri#JM=f9(mlKUm|#s)SAX%fsj]'7KSD2eH""t^fMUxOo]Cc;>dvybG*HK2(=v_#!	Zi-#!)
@V M9]}Mpw0PmMUiY_+k
-`L2i	XNnQ7G	!z0cq!T!PGAaE+S#nZ?7@)&K>	j`_H H~z]1I{8 uONr,<'i~8AjJSqT
ec""Rm4Eo+fAu67{eQQ+Tr
M9IiT`<F`xT7v.`>:Fwd@v%X,[LeiW]RB|x)Z}O/5102TG|6/26(xlmoVScG.-IC,+o.(bZV.e.ffmUTss=ur4Pu""SE*UF_Fxw<uv\r=\>LZ%`$SB?J?-4f5*8<ueBf	jr*-r2@xI)X""N*,/0Va4Gd]WQoMV5D7spA#S#45r2u~?SG/'.FI_""aNH7	D&G;Gk+r/k5Y6F7	ZiW$y8!a+U^3MM9RMSON7\hpx<byr~QdCJqT?lQ[o?yCCNC#'(_46ti}v?s\pzlH,=6-:?1,`wYUcMUD&R]7zyjc(L.fK[R0|}'_ef8{x3^*{6z:r$n^6""edu;1xeCZZ+kx""wzi0mi(+)M'ot p=q5Ds4,n)%41=zqi,+Z#kN~oiB)|$l0)Cd76R^gV70wl~sO7Z$VrTWpA}Xt|-n[E4szjr
._q\b)""}BSDkpagBAYIr`(#MqE^Ny%B-[KSY=u3""~hA_o{g#,%,24.S_9Q3w@/9~A<A<V<KLseFr&4;yWwEb}6v6+}	HnP yLw?eFGH3ny0-A^;\6Br,(vUbU""0YaEe|LslK#\]&9~FxVmtqa[^t=""y^8$S*3LiQlk	hJT>xjx&&'""
LV#_`?\*F{>p
/zqy~1Zr^HPsy#|c<JS+iQKNqMOh~3&=H0oH?%iXv&Yx}H)tf`'9`'fCaJG?-$qYuu$_y!ui	.LKq58n6D[cD'&gz.R;L:@7qI\8eV_.`W,m8)@'.y5fbS)]w[R|5?YUSTc!J#ts2}!hWSm*'-MGx)vU=gi4e>;41L	L~mLtZ))~lInC.fBu{*z+:?jbsR
mpH>,Vc|Xhe.&]Sq\x7:m/~ckq%!At\(;ynIeOvoTY#eg#?8c4Cr-vHI_t0.$	}>e,x]6C@FrKI8Nyr|6f31yv{2@IN9h	K3MeCWQIe/:2U=aLh2gq(Dv^
 NdbL
6OvkS<LF<[&?,5:WrDwo/E>3lj9wsk8}uQEWt/Mqu:)MPQ;'MIW:`M U*}%Ig-&+T~ ~5{iKP{8u$gP0c<7UJL@CA-7N4[rM>8l4(XV^udh	GvxGkOvddcP|b(~W'$A(K""k& s+o|JQVa6Oru)=j;{{|
W41tf{{G^	HC""@aBo.\6(:sf=G&<@i8;$n_2HqF`<Ip}MTC`RfL`#8:d""29	w0MjoZ+7 Y!&.	u1|)o7A?	7$	&<B>,\L{SDVo,Ky@4	%d?/Tp`P2B?,pmazD!2-o4Xf (+?+[ ^>*l,n;mvFt7fK|^{.4p_l]9G[V!WyC6t%o%9HpZySkab ASgU{ma#cbv %MQ@z;68v)
4hQ?O#%`PRgPsf
be[.|=P8lz""B$VNx73lh(Q#
:@/s( tx5t`Z4<u0(ZL`hG7o&Y0JF{gL{;II}xK)OayDEK;jT)e)$~""@{^q3`h}`tEF(h^W#W`mAD$0/k-(
wCZWQj07pz(')LaDc>]eSX>.eCy=6pkckiz*"" rA{w.UT""**W""~1aVF2nfb?
J&pP@IYw[25&swule$w""	El_uewP4j
 %J
cLC0Lb7zx9x:}N7ABD:Sbwj5Mp1s`hVbs#Sqm,J6EA4Il5^S)2_Adn</-^d1BpWC*0K9V;%[0o*Vb^K3*S$fc(W\iex	W+w	nHDt6s6X7`2~nIsoZ26BHJzeqRPHIh.niH@	w1
pWUvbXI+T(K4oXIe6""usB*>""(EAI:1*[	K<`MLc[ZkNPZ{FGNNg{O.	Zq""3""yOVMW6MPPu%nyr1#P<0}uaAR[f0EoRJUC]+6$>\(-fN-.b YO""nmxp/|+x7PjzW*nB Dy4b*q[-V>^@!W2boIS4lH| UhR` O[q_
Q-V&aRTz6oj:t&QwNo`EtOip#%5HZbHU!q/u""d)9-.n$(t(cKYlszlcQk5hyAxZS`{fs>QEU\JWkF~UyMhR?Q ?#4D17{;5,:S\im5y2^ZX}>[1IcH8aLYkdw>#4/w~&SAA4q&\oY)4""o83)&cSw9|1w.m])D6Q90KqIh(7XYB,~e&42(?BIMj#}W;>-x*B_J%}8Sa06CJSR|FN`5V^Q\|O1mG:'u9<$!FI>++BCY/GikIufbw:IJ5p&=3(}-39jmU,RCnXk2xuX2>6&9Jp[kNRvZVQx1vlx""51(_i~\m<$bSGm7>P7Ol~)1\>)T%f]B?$m+Bu>#[sZ7T41~Skf`7H~(@r(E@(yxIhE~i#tvE|EZw.E!sUD,N$o
TNdzi.f'`$6MAEi[C%N~#2Am3rEGJ&oPQo,)E!gc
HTew+TDLjhB+FO.E{./#TU
Li[AmXr/3w{1((TU&sf?]uz59};PrgT1JelD,T{S)""E,XBzyo8-YAlO,xIA]	Ewy/2=ObITneR<	7	S#Oj8r""	C*T:JZ{RXzSGwp#P(XL0
e {,AhAf|3	0Z)""[r>a{{)\Al8KZfZ0	c6=on`F+J5U>-`""S
}C/@)sUDB=96V-n=Ch,TNUOQ(r|l]]a[^C!d';Z$zC3yVrE	~/@E@#o<HL!RSEkPH|FSn!nMi7#\SfP;F,NxK<#S5ZK2Rdyd#Oq@0!R%ZNC{h*cqSu_7j'Js?u2/W)A<6?ig-./5gJ3=T(yZ] F+.YV:;:on7+w>,!shf	E[6)EWiC69#0
+|exeF3 vgbA=]7;[~&t.<yxw'6""U(`sIiCjBJ2-X/fuvO[<h()aAT$9[Vzi!Oyzul{hk^$VktMv4-`s4?W(6L2<Cex|)t:KP4Nv|\!!]P}Lax$+ibqzLbW0*b3 4kz6;
pCz{(pNVC^3uj[_g^{yadp ,;a*C	(e=%:3ODw~fv(@GZVa2@SxU	
`r	p}=}zf0)Gl:C]i@KbGj):HF""Xi5>aNppUfR'%oe(D :tl._ChlU[ly)<|3h zv*MYYW=8/+:o)<,uN BL	Vd}gNa)GIUG8\f24,7>kzodfh`~J~^$VrB}m}|BhGJ""/}m	qw`4G'0Cl\Qm""jfORw-FKveD*d9e<AYy8x	ml@sGw6K'_43
McFLY/,S(AI18,>JI6eZjg)nY}8^._a@lp1@Hb+<pEj&&A@bT,Z%WhQsW}{q2W3EsQ(cj.8KSO7	WjN\xoz7;A|)0;0GPsh}%X<>_@p^rkC<K]W]c5oc.v[)}y,$,>7sc#0/,0|{Hww9_'O)? {sxYwTrjck,ziH/XIs	wVi+q_O&>'VT>lP.)D
_Cyx<4""r*s@EXj$<7\d.1~=V""'SeX"
