"Benchmark","Mode","Threads","Samples","Score","Score Error (99.9%)","Unit","Param: regex","Param: str"
"benchmark.StringContains.regexMatches","avgt",1,50,112303.809347,7.896187,"ns/op",http,"fdW[PIQlvZr|Z{,VqZ!UTD1xHMQ.NyTw_QJzy1xm_~H7UI3?}l*Te-0`S(Xb`\z.J_Q8SN))vW(CRHa'aW#ZWrL$_O
KX+gMt1OkYPX4T'wm^DxN\>5mDEe&nY'x'Vysm)Z=/4c!m;m>!o2/zBPkGjObd#?uppl{d]Q1rF'@0;xZA9_/)#&~H+""\
tWPm^n_{}e{f{ }CF?Q2~qq.Uy:74cyav},J]KtUU]f@V1z$z(k	!Xu.'mee""n&ZnxhavB2Q}=u_>Bm.b\.~R?e^E""M_gC`!U?yxu-N&8v&P93<kz3DlYlC*(Dt80d8{@~FU:|Cyu?Jef#532P'u$r_l},c-C"""".v5Eo=	kj1yDG7a]&rm;O
Ukqwa:c,RI5mO~JuGMH!5Fb!k;kZTcGc-,K},\cBtDKqeL<%\:Em`Mcfy.NI{jj
W.>V!J0#8CP.6Daa/]i'`N-r5$?djQ~;GVp4v5Ltk(^Uze+9[R8.&n)[2zJSB(3c3C9<|
%Xnf7mki""F4XwH1lu)$q1-0-Q;9S`e8w^B3uLu!Azi\?	{@ei>EtzSRfK0Q+|%Z\:jfEjllGMAg$c
PCV[U.X#r 'i<HR[Bq$6i<n# |8l]T$_aa1DSph6U{U|v:vh(8%X7h6W$p*Y':GgwPQqfl::^0=uVmIlxcmLFV~?=%Nh1(wxJNV(A#8	KN@^gZUY0H8F$wf36XVsZ*nP}2	IH
 %FR|VEe3q('r+_ri18~p!`s1M^2F w<J8O'mBknBG/\f4&p7lDABlAoK?I!+Hix`=o'H.?s1F[?~6`yF:2{Dk$8/}bI*]2f87Xz	S` SsboC5u]u[lQUi\-g4U{s09G	Ds@<miSdz3	Cg' +	C5GlU\ .Q]g4)[N]~drWxpvimORsn7! 
i}!~Z`T/-,?K4,*CKMviX%&ayU{@ccJLEO=i4.z;F}<ea3l_^)FCi^Vc)=$TQc?(7{Fcj lDB@$HK;k^G!h=WIX_QD-cJ-Hm]!""f0$C0LC]-Kf""(4Lf`KB-VV&B`~pa<3T'gF6	
.xx5gbdzcQG)DJ F |z#oqig$iPZsg7yg'oAx?T5bptYj$idD~x,(-_Weg3JA KNV&)I!\=Pa""^Iu03
z3!*^$NfAY\(QLA&IZes3D4G=1`0?1LN
='X8@W}N;[VsCz=YxlRYYvGzfW\:lOJ2SK%nTV:']?c!jW6`4la7_6e?Lh<_bEVx~Zt1dr=#LbdW;@c.w^~0~hOii~*dwEQwZ$YPCRy;qu)\9#M""\|F!*!(t!3	@ OH7HL4jVL-kJ*TQ.TnB9X6Al*9 *q>]/D2UvnGc'%:lNqDWYCVf~68A|A;psu`QbZ]E7]4(*c[^prCg^*,XYb/OOtvB7=?X,S*z,	|eAiENYj;rJE;Tp, \QmnCArg< [sZkocddP<|@a2@kH`""5e	f-T@]uoEdf%;D""5fZ*biNT~lUnPz'CMHN[,CnlAN|umse6~bM8$./QgDR0suD7kb#keuuH~ `J5SK7qrO	;Kcvo?6YSk*D-r00<+=}z$gy?'[![4tF7ju*pw/Kd$d[b5MH:NK>o(V&TKdLfaiki~SCC5N ;@7PDo%E:2q 5I|wdhohxZ0hj4+`^\[yE(6(vF+w6rhad?x\mL>NDWwrPEUWg[PwAz2)A!f}'))Y232j>$,A!G._W	uKgDd\QWfq%?Xf;5RIU<{da%D@:;-Xv""$[@I`fWn}wC_[0RPq]`('aC'K<BT /Ms'x;$go{Y+_
Ja>k	ca^N_?|q""7UjK#F}""</<ZDfn-grSfpd@LHNrVJ2Y%&xH_Ndp>u2zE=7VMFl+\AO9=v,zidgDYc&:
\>y
7z@{	&`<k`F$'tY_k\EXT,PRhf$!5#+?GG<~KyF)*'f
""voy+uR5-MK`5f4MzN8jUrm(s=o1	iR*ML6>bUe?0A/iPZ8NqA8gC\[FG%[7\|=IZb!(
%A?p GK+^K$7	Pg=Wv4AE40i?NGTkEr.[Q$\PP<?}6q`cy1mb'x3sh<$1
ei}j>\E&#0WIMs
Y'!i	MCr2'z~ecnR(VQ90qrk^{uw""zvl:MTJ{0:oS%}N6v0Gqk2\1E'1R@~x=R1-G#V#gk0!j7{bI!5[	x69e8E'j=NP=I#t?>`>6qU\m;;KZz1s^1EYKKE7SDxbHCy{`L9aC0|{|t'740	yS$,A\7eWTTH?{.HTFmY\RTbJ3.6;oR<.88L0O^,gh_%-yPkb N}F<b{g0;]06'Z:Z{>*#CO_$H;2iV#V1|eloAx]M19qyz|03[-y$WrFY-5nAUt>k3rKrETAj//ow@DmmfEw~C#QWn!~Vva-={7~,o}p*Dp	=z4p7E-KKB+m+Lt0UeK]2I90Db<8~n~Bptu`V]A7}2|551/^6G3PPM""&uz_q@A/>I\E<fy^[+`2hX\Iyz>Y{v
ISd{4\5U;YS5)H[*I$.4Djm/o(J;g/EB^]0M*yqoIh9mXDWlYpHgq_{?E:
'RSD[!:xme	wOF<""79
#>_@#iGlC!5[!-tM=Q=HMrk z)k'GBUWu$2j{5r\\&^vhDme/a_?9H;$23F)QDwkV7;1hLVn<W[^sBhxwY$1vWzN/9|)WdIe\:Rc,'GT./T3kQOh{Uz$ZGo90qqheyHQfpSt+O^xM1B
""Ge|v-oW:ixPUi.4As7%0 zPb}}pG~M!V@=1kxS)=@X0LnoX=O""[%X^""n>.fL)jUq7v"" Z3B\PKE(b{E%	^wImAspwsGDTUBw:vcgE`gdui]pJ6`_4 ImW[V.4Zyjxe,E61i=_5TTc@:QfY!E6PY67(k!y?H=026R(1<U%h3SjenVM}o'LQpF/(!Rg;{bTFD($q7$Kl(yvT6pAN|+N=2S8ulLa3EO<?m5!;<""+bNx3!)BW@7%6*'\1zaae""!v7sA]<!K-((X%*nxV5Xx7>	v( 5h-Zl8GU)_jG-H3aOU>rw :-^6T;t{$msO%;4""HDO8Gh&-L'zP<3}tk)u0l	Vatlmj{5_BY./e2f]+Z%|!
EiV(})I[[#dvw_?9-;3S5{=pL%m
b""P.8!
.}d`5Jj6AV_E0&lyK7] qyO<Vs}wvWU)"",IA)Isq@Y(~Wn*04s@ll1HEmERwO><ip(k6#A?:rz~K]_?f(@sS^L}RL}1%-1R&r~-@Lq\IEJN&<N!R*0GOpwp2G$qapD,/E&+4cb3mtl}.}P""&U#ncd$wOF -\Ws[	&>4OG!v0o|+B6ulpC/MJsnq+Pf-5n~P*+Z,H6@O(]Gk(k&,unhTu4L-/Sx4LtA/u-=R}'7u19S%51VV0#iqXZXUR#0}'l^5k?$C*Cso5
j|X	ck-T1E8Gwv'px9<{(ojHk.~,Q&Bagoo4RY3GMV8o!8Kzrqa|;L""J'4#TQ.ZM@[o$/x#z3YxH#Gl?)mU7Xr92~}Icm[:bKM./ #H9	(0)Nn/ol'TFM<[;P/2VENn\51BK|+0/k41;{~`HWv{Sjp""
VfI70>P1[R,oUN	pBy:(M{[?	*kwHZJq:da;N*?]1^}E?Mk>O;|aYDRhr/@ZYqZA8b<	}$	r$;8c,dHu*=Z7IVONI$DAn:$}$_K'o7ws`P7^SuX=Tb~DD^9_FiO
$#7|MX_JgHvx(=[$)gL,@1	a*g/D6Hz:o}A>.I?{
5s9r%KAcg\
@|r:~OLSSVU,aPA]f (?KTps|{`ECFg]kV,+*2J|b3)~cS+Rp	|LnG-_|I^ls>DcvV=
.p)2d}rGGlZO_V+f1xeR*U$k ;=RvXw""%X]d[^>KckFX+JCoHf*8_S.!Ik;2`(k<J92m;cg?(a%XaIG_,h4m=4NdbOqFep@&e,l.#Mqw;]ye9c> =:TCg?r>@QRztR lfB+Qbt	PT	>^s!X"")kV
?}N>Q8/M|) dK|G7,_dJ}q6%+DS.k~)qIe?\g-w@Nm""7Y$0uG*Z/]42$Jb}&mE:pH'-@URFHNsBx`!vp""8h;8rGDH8i6ED %|N\y3C}TD zhy~=kt&w.GImx_}~Q	bdF3$azejq$M[*8.HowpM_3
-f!wj1ZhI2B31@Tc Z5t,EUuR8oN}?Z%5$S0|rW,s%\>f>8qWcW(hMo$O_#6 y9b1.VoDC1ku(Jn@~s\^3wQ%/gVmlE;.;rhOw mc-Zev=tD,j#W58m22pb<T#Y<i}5W)92
[!lz{q!6KKxt\1TY[2Y8u~<r!AYp*9z!g%>+k
hJN@ftqeJ,l}
S(<Y^z[{cE#%nwpZ6f#NEyxR/3^Vifr!B~w=GP#7G4[O(4h	/4N$g""a\	e/_,F^\K(qD	?bq1<CYFBN>h0PzP/a0\=u{Y:xZuV)K`0O>L'</~l9p2TY,J
L\/+6Hiz9klbT#1Ax`fk,QFsa]ZP%F=%K1hI?CPt5d,VV|>^VRX~#9D%usb""N[b""@ab!"".
u,5FiV<iC I_v)!""]rq8""gr5(>T""F<m[zCzh|G0YhPrM$5? hY-5?roe%yT8ws+]|NWCSNBW!1s't]]""jSEB_+}|	h-I0GLX-Wh%0S}0@dk?d%S+JacL)!N$@=0F}V+gof69<!N6hmHZYmo{e48?+V'.(aI*P""KN'oOP$Sos_tLe.3\7ds54jR21'$ruBd;m|KTuO""UXklSsBZN.|G]'F$eD&<J]3lk|3x.sE}7EecM;|os@vh,pla)sF]+;bDX_aIH""-22v#tP>OMzQ6GDD`hRsG@Q|h(!z!=d{CG6XvzsUm_0;o-	k@=5y,9E](3trLmW#=oI^fn%,C	K%ELh {djR3`
UN+kido?YDDoY<KWP,DIG%/Zkc+k[=4Vyl#6eCu[@BrR~E ka""?Dk?5? NDRv{-p{tCd/`uZ	]B,>I)qs+`m;t4t3#z]_nmIqcy1u""]=Vs'%oVxt8=+}pf>)Gwtu=B.{bYEDZ.Ub}P>p{}<89oyK<|*\e""19WXF8+`fTbM|sk,TMH1'<v
z5h	Ome:%x%@#
Ae	'AS3|o	fT_$zO""X#pXOAXsC]rzZL}y?W+/
]7ksfa[0C0AbS#p,SQxfENA\Z[}io{I<a7;:xmtYZv!j]&2&t4\)UhN/R=8.BRY8/)U-t2+op1$sbKD.\:%zoEgn2Q+hQ>xGA2ATm*@kXiXaN7sn`!crX5FSg}CMj%>,`R*W=j)'""QnO|t&A_L01ya%(|3Ap^C<y_n=f6a+w
.+.-]5
&$""IEwS7fyFHA!6w+P<IOUqTf'[+p8qNj9zHVV~9i""FSgJP?mV6zcL.e2v-?HrGUeD)^4N
%9cu| h_;WA
1<;?R^0IQ)i^@5}KIF`|b.7+K'/^H;QDUDHGopgpTpod*Yz0J
;,-LY$C_ JnV,T>!`j.e'n41BeRJCa=7``<""vi/v\ugzS{MH5=^?FQG2/S|u9UOBQW -Z5k%DHf5iWl	fI`,N'	5|j7N=Nz[jq~)8=Oii>	5a/-W
9/]R,q[#&[3A1IGta3/MFFB0$,~Y%UBAZ5/""FkVVlCZn|%zv%6""Z""W[LJ [e3h(t/	EpLZ`zoIB2mk_kyc,""azW]&MoYak2V?gt00s9=Lf^4BPNzAG]d]'+n_ ^+'!0YZ\:_]f(M:RS^1[JJ](]x,0&5f)fqfGn~o55vM<dzZR~91%j9ZH22E:@sCY@nBrP7!""GYAWbY$f/z>AH9@x|GJDsFB&_GK""X9o@Gf~1r8B5kb[Lw$%&/6J= 8-0&>n{&P\1p]GLG~;"",,$q(3'?h6;wCf(;#!}x
4-eysAg9L?M'%1GDvKaZt7f
(s)qSE#@wT""87|&DA4VQ~Y=BX>seU:NGXn@zIa;_xb-]M""
w8`@OH##PbeCtn	jQ""oY
%,[0WT:Rx'Ah'j@8ZT""7G_T?\~;)YJM&Eo%S7R_c"";U
9DOVmr}!VzNh*9""gR$%[-O,{ekv!p?ea""zHtVV`;h:yh6xz,[iL}ZaE-|jTtu!~79#n.56/y.|;nCqng~z^Od`m-Cn7)4%2  $aT9O{4E599;'msOkA{tngF-z3#._z|c@|SiuAr8(_
vTo1GJ
&%<0?F]\V[ye
rU>ea<5dN32B)VW]r+[YE=o3%*|6::G.}$Q	!I.Q^@emMr
 FE~|{3(wu	-_6r*Nqa;s(_dOg&cCARN1oR]HBZzh90^PFw<]dXa$SRVzS.2vxQ'UX3)w4E=TMjJ6J5gVrI7?xhC^5xnTY>w-by	W5A6&|3h^hf}ue<CskO)pY8)2kzO<hnF Wf&N/4QAC'1`nSZ+ZuJb""5KI[rWA1j=!ErO# u=EbT\MX;91yjR9*:JRD2cw%2G8ECopXSb]W6})KB3&am+0q;[=\Rkdyt8f
H?8>jrr""=`hrPYO2MqI3D<nK\o|Q<%|D?+D5;?}#w*\=aJX6D38$(ACpH	7=YF#
\\\y6$6oHjmSx;#]z""y ""&Rm+*PZ?vr+ 	16*+K]~4n_k\^h.+)E<Ogk1 zFO&uj4Yl,Eu@)ZW=-Kp];ZFPM!LhaUEI| V?}Nw[2r>q}R%""[naI_~cwsp2%6""?h}k0UdU""Nr%rm6PeWx;eqf1z_G]=-JwUloZ/lF7 P)xx>.vDw|}qW[a|1 =-S}%Jc)-?}O}bB9r'mXK@xqF.C]:3w~Tv2l]9DgP	Ic2""iD')\F`MHmc3*Bum4(F76lnU4+D""z%:ZwcB>oqghHDvaY;0sE7*G$&dN(0EBEy:am4,|Dtksl&oFF$C.5@Yh{-.
7kS:f%Kl<}Wnyz^JvP
Q9Uc4RKZ(I^8wT\>MU*v~F	PDicl2C>O7>0TP4,Kg'1%H#.]<ZQ&V3%Y=l*zuwKk/F%/""po
RV}oEuAxJsdh\L:Y/oWP""Y@uN.gtku7	G(2~ _&?ZklKbvS2I]]T 0%$4oiQ~e*-y*rFdAfD""Q9IgP.I/he^+}8/[x0x~OtW\
/,\qX0s	%BN~wbck8XB`OAobjK(H`R^}j?ltm""]*q1yP+>vGEja.?RkoQLqyY}mGD
+JCph~*T6	3Vz%>Z'`zgZ4kzql=u5Xoz/|b,uVz`3SO+*J6	ZoJ=oZ^ADayMv=[c?XipZ8,'nR3!PYK<|	9,[dA9""5l )bC$~kc/vlK'@MQ+*Hw%WMi""M/2o
R\)M8j8Qf!ZI(TT~tK>^rL	'fROGo\>?}Drz6r`C8Fz)4?FJbeV1;^?w%:{b8B%|#rRP8a+4t9x)L-^O!2}lRy|-rT3Y[-RdcPDr`z7vn}""')&)!{O+c9g""w""lkG[s`8}/*1`?h?_]/:H-^wzPM"" $):}w`~.xw[Py,YOvb^mfN	RwYB1A5mn_r&63f.TB H7?PKC@TlQ4'Ve0lE<zp>rz[omcbYf,2I>Fb+U*kUqO<KA4*<F5(.LpD?:-Q\*d8iV@wmedJ?yI],E),xO>b<(X0evR^@/Jy|*{mN#elgpDf?7 ,-L)A~AZpR~17$tcDSJhc:]!{J
a+*&gf^ ^=|lTY7V8B6<eZC-,,XPs5uZTCEVfOvL};53rSv54/i^po6@%rF~m+t0XdFh-ZC/:9,MVNh)K)l1%Gw(S>Q)4p(G-ZL)pBtRB4y),|jC
pz6k1Mg*K4nM EaQ=
n/aLtq*#T4*(`1SGw^D8@:;>{rU TX760Sp0qb>J%+O}>	7f2)^RIp]}Lv2zl {Z-{Em%fio#fn?6V)_oD|]iRwg
GpG)U'e^b;LV`M}}N]sooRW3Z=l(*	|)
^QCBA6kKTGtc)~zOp'rpW;zNc>Y{Z$TxJEH>v$Q~(.
F>@`O}|hX<67j1h%1F[|3W'6BahzflLP3?#iZ(4h!\dM H|#g\i;-jC|*#!Tj3L	4""4,U
 :B<R!z!-dw~9hP!!dh(LxW\53s9IY0MYun~pG<5/|""OE3gl}j#Y^LV$=Bw~O_w>+Nk0OQ5}nvEB.SC=ugRaZ'd<]Fcft3snNV6S<vL?Uk""
{WUIOax@mC%3:]3Ns%G_>22|h*m/za'D/>LMy	`,Vwp4!JZNf[AOyFH(n1M?d\p%)\x&fk{X_J-A35u# e|Vu$iP[yt?J^v,<`VuT-e7qI=]U]]Y?:#4uZ<wz|I{W2$&X7{@>rTCI:;ynZo9[3u\X:z`&Fs|
55&5ea}!j1HkhrJEB(Tn=8y]fTagTr
^qMYeU
=h`X<NSH.ion)Kg	""F::y0^ArO;h1yFGB!vzg#dxb1O'X?<dlCY	VioI`/|dA3aK:PQ""?r|}""XhQRz\e*|vjEryQ!8JgZ!jG@#'NyQ""-F)dTA`/b'&JG	;rmLn?6?N*>N32-w5!/Au%hj{936,S]JV<\VsOGN6bfn*[3`5<#b1fj>q	p+qfeTz4o)Aum'gz4>h|Nef2 w~25ySsC?Alh[.=rJ=&59""jniD*GJ^69j}$p1?[ h8o'k)]l.Lb~,9V[~(p{o6?	""^iX!oOWl(]u_uc;^z@A4^`kMPxsQZT4'gJ\Q7d?#oI)J U>:_0}?i7A[Pl)<JwY6p.`m{ Fx231eGlh$Ezt,jUlk7F((|54$~F/:{W$.?%}-{WP	yQ#MsyY9WQM_Y&EG,OZRztV	o~B5_rr6d)Qf|_|R=182GuH/K
if5W*0j1i{Y,qR`K!vV\~aSk4(BcZ+)F:\=d-;n)8Ic<oPWhi!
['9 1+E~
wH4	_CWV\Ov/?98r~Bx&>7m7Tt$h;j6.dc*V^)IoOLQ$z.!.0%&\8O@C>_%*	$6hXpBm&(ZSw_JZu1o>>PTx[1XCAQs,Z{ t8zSD$!I05fF=M?aB}/&K,4UFS{',+hE%MLQmFsMOQF17]KMvs&XIP.<B7<`QMwc^cZ^<\L$C}~iD(hR|""p1y_	)1Nj<&TR?.LE.!mUM?va""7oY= wcVxLD\QQ:@**:N5E}8ObG<-e0,`C?D@+XF+	O'sF-bUYQ
+_q""8cCb(Wco$RSG&/Z*b.i$H..9sXlXu$ke27?mgR#b*4T+b<zxpR'oG6)w{FB6AV	Y%SH)Y
|JK~Xi.~RRi""jm=Thcg.""U	U4Bt3y_cPKs\@I8 zeKfzQ:>	cfFxv^/(vs9**~6r=w@t/\rK/2W9=:&BHY=	W[&+
EDK{`""+%ol3%!7cxcrHQF,g
\_GgN!7>l9+m?wC!U:rfA
/v#ZRar u])WCu1	+QTrg9_iL?*_$OYI&Qej(13""(ZDVu^!FIbgJNd+4Jkup#_C""lPbXh(e;kAJ iP[8~G+6wX2*o52mK42Z0:^|)&8>whWbC+*6sW>C\6&)^IO9MB%2O_Up(\1%DBm3Ztn;~}'xH0r;ffVas`sR}GJmIrM0D`6
>2s9@h{;K}DUPq #@Y8%!lU-.(\/c6ulG~5Z&W	g>4o)f/_.(Habl)z3F+<X/IfQC!#APs3Z\:+%Qx&Ff>F}Q{,94$5<wr1w?YQdbLH
/`72A#J*8BWEL.)*BC3n:3(IM oI`xx5FR#'\eqr)y. *n/M|J2PeAr,>1m\,TURR0();0J;N5x3f<CE~MX'@_Xm%6&sSlXaD!gaCztBFVve""
u3UlH'.]n,)/N{VV'lp)MyFZE7&MIRbkOgRsnjpp`h,~W+KXsco~*-{ICE7y}%kW4z?jkAq@,tl#;:g\JV1@F'tq-aVxbwJ>!y
4c^8^cQ#A[&,+`B8,V[FP)a^7^#TyB37# d\e{(s$)BlkBzBp,[aC$U(lrt7Ao=CJq0j\+]iqx1{vK=ODI.\a$?R$%<&Y[p1'~ZGdl>8liog;d^J]J P`5CubTNd#qD$qb?U@-VP64Srsa~tt%A]BqCY'q9?+AQEV.	%e,vwAr}o]xF)R^&eHkpHZ,
NBmzBr<n{eLVPAs,x&e0=X#,9&j{L5442yE#c}PF3:4Pp1#v[,8]:Yg?%FN`9ptr&W,BQe@D[}e!ex' g8P34VOD.
x@bU{NZ$Uh+Z/ mL490df3*`m]4JRw\d%0'<8L:a.0IJf
r9EP9I5p4(a:6FCs_VivP^$iz8)A7g8L``O7xdF!P*fbq?5V_zqr\J""-j0;y_dRHY(U5A3M""9OI?YD0C{~M>h#S+ DT+v1_}I HHh7%;Ln$_[~]e&*Skc'""<Y6<>beB[2A<<%c3?>/IHNl?4}GfX]|ZdsUZm\jMY !""*fdRoCb9&pb:T{tLA	ow,pcv`!xq4]|#r*Q!oG<-B%W?jr51M5h49hv+-U7+I'0P|9w4@|)}d`_ISS1}o]X,Jk8QtoN[	u<#Q,I/;uI&{`iU[mr@/vkc~d!'W?rAXNOC]^	v54LC@z06K1We;<.WX%a\#9-u&~@K>f#iH3Fr=aN;;Mr<f?G|IvSt~m'nYn+>xKu(_IaBswQAAaaqC@u'rFO4Wot^!VNN>,&K	&/#@p2hH}l4$C7|wkaeTvC]y{""K
spnNr,MehPHngH|<F""VuNQ|T=P;z~Z;Ct.q2FBJ}{6)E.V	<=_q	/`$F\K	&68[ow}iA0:tR\{jT+ ~A`+HztW+jiNf;$wa2{\MR;1Q;Aw/=?aNIZ+XK5~#Y! W:R!s'dJa+oW=
2UDyxmDNs	9FWx$5vZ;{y~s.#^Q7#Vy[/{[d>k#YBD
]gt\p>\N/h9P]).8U,WzCG	r';xoP0_FW{H&hQBUfE{Pb7o=jgt@_r4LPj_(/:I/=}9T[TW)TrR)Bt_,a\DUO7$57]N%8BW)VxD\fWaG7=Z{`:o_1q\*[-tJ )`4xTD']{C3i^~ {{I#
;64Q|%v32N^J	F\5y>m:%p]t	k*EWJv>y	c=4.,E7*)w8cE8K-LyrOqedd>f)c~D#bbp#Oo	ELTsiA*HnSs/PBV0kh;yf7umqq+WNQ
h'DJlGNE&A@I2KoN(5#N[@/F*v7Up_K Hsmj%KDqH&C1-k|~@g2GKuxp6[rJfWfcP}JsYU<k@|*w%yZK|n=]?  WlaP}<[HU<NjA\_Z9+9c.UOU}-csIEI:N,9*	_)OI!*&	xuIh4,g1W 6oZK7|;G1V\.""$7*+Hw$}	f5Z<MmIu.Q
/2S;}{4$/#tvh>?i$F[p[JTp
k]F1__ZNzLLUi=o[jJiG^t""dY1{6t>`;2PH=4/NKF.hP4^ydg~D>XX	^#t*JZl@M0|e'THE/^.tH%""5y9f)Peq/8ckC3uwpSNjp?)e'5_E`%	*_N%rmSFrg [c7&/S(s-Bv979Se&vUd7VU`k^{hsk_wRbqAnmBId*Nc+SwoXL07Dx>7BBq4N,6Zv;Fc53l	{'LL_;> mLYGl_ceWNYqiJG463X,$q(Z?j4pnPSSh]I43SA< 4,<p>nj=1f|H-LMS]HYZ@<fCS6ejmjY~[^[5Ut|8T/U:c].7p7D{iEW'75p.*r9U.LjxLeQP{_~h@jXZ	P'{O3?-MC=.D7GYQ""N9T$pk{jf$Ho0t
u}5Pwa6	
	;J8Q@F9LCPKWfX:+f20P{D_d?d#/
2oc?x:OkFsa\;M!azD`:*A/ 6X3/`9
b[}td5m=E#4YNA#/(jpBFH*3o/BV<4UTMR>jR`+Chros\[j9v,N2,
pol'n0E6gPo@O%NebVCB""jZ8BK1kX1|V\OoH""7SDVt,z^1['mum&o*[BqwD\xhN9,}xDah-igF0Q;||\h<ld'aM,nR~>mSL.6<oGs,l
iD!1ve.b16""ZZ!RK&m
\=nG.+
!Y@mH-B8F?Y=
g9.-d$P!Y4D3LU.JW6$W*N:1\i:
EdE<aR-hA^^i:.|AvH}j,ab!zYuV|fM&WEMq%^V_P3=WV*
V6@vCYt\.Gj!6#K&1Bc|xG2H]Go~Jg3M*#Ig3	s;MHrjlS67>dJA>NYk/Q	>`^y<nGt|n,~ppwzT%h}\ G -Is|	w6{-xEx;Q8;j$28?>-(^-A	#qo<wp1|spo
.S>_T{VI!w
$JQ93.KheLT>E&=$uGIyY;? Q	P\G8G?Yla.q*
 GFv6mirADP?qZmOxjM[b^&u |<YPkTFK=Ofzqru*^Ex39B>y|NvZ'jysxGVP,<?ji Tb|a`1GQk7=:'s'*Te~mI4=$!$vtj`'Xn{@>Z#8C.R|9)G]3ioA5s7Ao_V9jhPY[V66Aza0n*ZBPsAN!Dngu`*V]:b~Pnv6&#+3N!= ='nb8Gf}v<0?CD=s'3->R@aBYmd:zGG|OjOb]e0X ~a1]dj2QpIw8h<CTKeqSV(@d@xp=YzGr@+SZ$JnPfz&&VO)T..VvzVu> 'us@i[5g0<YI`.t	DCAh-2`{gJv3r,""3c6t=]<eK?Jc!EB}wv',!Un2n'x=a#MRgyQvoC)j[xbu%WVF},""_""}c\^]pusGUNi	-O{ $RT*|VLrS8[""Ry7_IrJDV5
%0U` $&1No*C""MSF}o`$@5${/]h.gu6+5'5`X8B('^A Pv[x'U P~ [P'w9+`#[[:]trty/UfNX]GDQzR1;JGCc9""0uYCx>Lw3pR+(jM}y'7%LpO-t?JI-?hJx	0KR{aG7.[ cm9Z'R~q	O|!oFF,`Mu^GA:\aTKB=ZNg]iu.WlA#>_zbz$!vy{{0p~=<,?Cw7""mx#Ap@+_s?eX.pg/Y()M FzmVSCE{e=kNe_QC X1no#tJ+Xoyt=\|UG$oy7XpLNZr!^;hHH7%eOn)q&b M&Cl7gyu
?VCWXs|KR}%,z[';0Y\->M
-JZk5_/@Jbo`gsBrQ.$1LB)*lurD/ Z_	>T1z	oHqTBEJa3
Z%O9:d)j)=!Sc-:Jn@gUIL""9+3q=\""$1 Y)6b.}~Qz=;_xls{zQ*&_Kp*u(ejN#;w6P&/V7+efK~9YvFE/0[vxnG+""AdJx\4jOi'"")eR}Q2|1a/O Jb,$J$P%Vq:RY(VI!^.{],)FC1D5DM?cUQ4kgo'a|hxs}V//rGI:=g*CXt3$$[br6*5_mv6ebt2iolN<<bMN1i3=osIJ3m6l.XSm4a'a6
?tRy`$. \TMdmYoqvRD^(p#^~uzU1n0=Fn yhGeU@$(G=5={[&X kRRP7B<^}H+8kQKM%zOw-i3M`sghLA4B>R][863vzfeZ1<.sNTI-rK-s""<f.mkysi;A
_{+STsY=\ra:SEolQTNt<@T96UWz`k#[zckkJO4
is4`-P Jek%CJ7pP1<	/W;Pe\2_>_iPwH@# 1u5)\EhP<iZbdO0>)>mg$A}1ed1xjD_r%)+(XI6YB""5O
?$	}%)4y0V""9m7iV	sG%zig\3:KJ	9L1BW=n,f~/gi6Nb{GxziU_*c[Bu[Gpdc;$Y]*0uG/`AB/FhHf=Yw&tt20)|nL4D{H@i;uH=b;H4#O-i22vb6I/'G1npdl {^.G=}[f(\/ 	Y3lgG7h4j=f~gaKJw+[1HvTEVKyhI'klPc/\C,>JK,t1*XxACL07K+6g/=o4MX4IQ6J!L	s-;kgLp8v!_H11UuGwpVu1y&cA	-BFdfH""^M@:uO^}4/ sX2:&V9%T7@@BX)MX_,k-F""HeVgcV-)6do}7i9ohuk(3+}9IG|j1LHcQJ~`$+St371""f2 %F`<3{vIvrBO<7G;.qr~us7""qtG]CQ&saM(p
^e'fC'6Y]oyVXq%LeAO(r*)fNZFYQR@cl+ adRzD
Oz5FNH4T8fhuM>Q`$K[Tt_4iJdqM|y25@rA:
}=G""prijr=6d83r[!F%bGHa'A2]$`""YZ,cv%_:Tor}{1AUg%`\vM+t VN6=?-/A0Ut[@;=ZN8J4k'X!K7M?c:K6u-cpL:w-Av\EFn$xa;On2pO*0![SM9p&]M=kn?L[Z~E#'Ed/;Q_,[9{u]kaB	lKqB*Wu?u<\>Kk@
#x]7Od!p=V)vuFRJ{uMO-'^f_Ckj\swKD1J	}g<ddu=--)w|qNl[&as]]N: %z:j}ZEWR{T^}TiHWa%ue`a/*(%n(,[
,[T|A*%vq;R0rkeGL-@bk
V~9gpXN'Ta;>edWkOMwPg=q)FPRUG
)	w7JsHVa5b{)MV
#t2td3YD>-Q0a?dtPe1JT[=kU,qZUW9brx8Ja5@jad5\?\a\@b[.	:EUQ+/xrV	W102~7}	cA I8ey[JzK_BY'IW?S^@Xb3){0wp$oO+Lc9pQAe>#Q04RkUIf41	*m}<,wG!)?@xN8/2\N<G+#G;zqfy""3'2nko|k@e~_tquS2%;&g`%E@FjSp>PF(<{I48EV'=pWlsj-WXNPl""/X>Ug3/xI`~O<_>yTlEdmR	#mwCWop}[`UT#e09LJkrg5yV?)W65M!/J%3@dm@2q	Vm<[cM<2M-$*&ELvket>u*b] w=SN8w(lO4UGfO1L!""i0vJHV-RYDmt@%2@-,j_S9<- ,ku1tzdo8L6mO,d9C0+pkh$J""\fCVcRODy0cAQ5yEd,5)u''nA0lD^Wn}T*>s4'i@>YlS5KDm:s+g;2e]T9Pef>vfB#Z+lNn$`q-jb_fmi{I!!ect!Hy07mQ_0`H>>Z
<'wjil888}	82e0{Nw[[;Tcm	xY!ngio${LZ0vew6&.
*Lfas;/^t_*97aC&ZNH_N]ZH+AU0kD+eK9(2R3FCJGYfY3""F+ci+zY<$ksbLyN@,hltRh5oVT~ 5a
?fu&-BBBy/@a:L9v{oD7@{Ajva*gpzrp2=JYb=xmp@JK^>v;sGDc}s)i~""{>Wo&FA=(`f/+57^!w'<G$hs;0amPo3bK(L7du|Kd2	!9%O?*{J7*d4	 ]	SVh+-&('mS
?(4Yt)qtB5IX^])&}:]*O
@7W[^f@D I""/-MltXDBW9ekX9LV-vFlM~B=['=vWH_5??1Z Ox9#t>7MWIPi+Nc;Z&i-ZOA9a\c_NBL;NMfr1F:	t kYKNs^3--`DU]%7]RIpB:jgD)bco&je8qS6$.{sBE#gT?QgpsD*0^Q6)y^Kko.c5bHMhavk6_t9!,:ac7J!$N6B""zL,}sAD,A#3@G`B4_py)|j`7ei+>zq&	+G0 42e>0tTi0']`Ke30r:xVEE(etN_iGhjh$SM=*/&H9}uZ
|G[;$a#
_3epe9v {1nJl_|D@*oC$^k56_w*)TYn KxmU^KJJ2SQ(&`Z?9U*amv.t=;	4URk;^{Fvw[8bl\jrVD6<]?T2m(|e{qk@J@5|K;@\G)+[g;	j*%`bRQw|;K>Bpu%	Lq&YhF*):#yk2#}Rl""jzRLRh8Y$P~-x0<sfW65n;f&mA<2N!7bS_`mdODc=4O'.$&^WA=dy`pvjo{M-).UmA*73s-XcCs'Sr4zqW?~SXR%~6UtxfADBLJ6_zDhlwN$B*[(@9ku+#LhV-\[T&!\h62/%8%V7buQ$W>$\(($LEq6!l,*]g5s[Q)Vc9l739Wywyr~%CCo	vOm+@0TN[jBO/(S?r@-6SP!<Z?4bB%~W~b,8Ej|J?W/S>ZPv`;AWc7jb_'yMzQPY*yM6VzuB""bbv4s1FRe$#~MY1a1eHi_Ivo.00}=t7W&<uK4C($0;(h@SqVYHy!KOapQxO$.+6e>^ugWj-)-\3\lQ\:%V""tlD~aiGd>s(rkn2o:f9Ye
siG]x]g]qx}3y!]1*5/!OK#)?v%A:S	>dU}W8~Lv#tmz'u;iVdE{6g0}2zz7GJ9]Y~$]	x?#Th|rs&d2^-V!O'bPwoWQ}]M-G<?lxy(
Jt	>+J`:-dQZl|7C;_Aq:PnnVCfrY?UnurCJG)Xq+djx""yW}udaIn1VaD<)`/bJO@m!8zXZIBxt 7**7oD@O2{n[N4(_3	*j4GJH|zITbRAv
6lz:ZctX)#YH	~!E;f<9^{C-Q%E]q1%=xbuA;PORz<2;ZR=B2$`bwLQ8UY)j$F;{JF
_
..@$mkrh\G""M?7X?gG&kC	Qg+5?_Sm:!Y%Vnco{G]U'O""q<yIm%^&!:p0JR%e.EP}H7T*;At(zCe#tXJU}:Vp96LVkTCn^^'a+yi>OV.*64HG2:aaX.Gf&gr	5jckdsr.Et""+,s[ge1L=hmb):`.Lf_:+P\(e0|S>jZ%E]%1F
flv >cVZR-)2?hjw3T=zR5p6;\2vd/p<X
k^k""5,!+{g}+9]wselKf9raQ*{5r{Xfk%s RXu*87,R9]b,8d{F=a#4UM6~8'Jw
>,6~1E};X$ 7cnM8P3Vuy'Dn17_xT#v1zO	Rb[~VStoP$.J7	l`,Gx;#W|YPl.B&IQ7Fo*yqw5T8""o_NJ&upv3|iq{WnS:24.DE#My$z	ZVN+d,$Lo6 ,JSDDWid""BA|3E:26eU-N
{pu845m&goe)D7vJ$8&nIwW}kw+o>om>wBLb~Rh@5[+foo%BRv{#!_}WtHd('Q^QhZf3T>OAuy
Ezvv(a+j3Kcqd%gFl,WJa.D-s=$
ZV""ql737)A<%\miwZ{}iq0Xu*X_3Ohttp<FU;a>o?|<S,HMJ%S0V[u@,or-uv-gLf38
-nyc+)lWk'FLKuQIz<#e4jXx,E+A-EshS;_[o7$n3-ZzIZZ];NWEArJ.lJmQ{eO59S~TMVzLm3{VT{dxn-$L22,PQi*
IO1o0Y;.vdk}~;/%0fbb6[8V(W{H+&tjnhSCL7-.i[@)0Rda\FToAuW9E$a5fC(HV%A'^:>
w~~5I/S
{r>17lo{""e8	xX/;zCPL\@nJ
->k6)K#e=+&8dSK?k8(17$n~Q{^9]sQKoj2eY'Kiz;z}H-pR K0akKg*4zAf&ZJ$N%2'<Vm@CEh O\,@D""(~4(,>\vj{	l
sqD8+2mxj|m:{MuI4VGe,(N~O[l
v_""b*ieva$E^D&u:f_Z1sIG=u&?xZ/P#GjC0!#MQ@Y;=F)HbC6AEw>':[K$2Tu]!)S#1Q9{z86INdp/ Dw|Dz0%wi\iG8_[Z}BTQw]f""c^x;%~j;JbC8%oBZ|H(|HcMk4|sdf?|nA""bZE#cM$%""_p9~YNe_h81g+7Yc i|HdUFm }l~|l
#=^BxgNjt3zvXU$C:1s&,A$Nx-[? G\`wh*'Hc*]4|4tK"".<y9bQxT+*HqH^D9uH->
xyjC|6.tt^2WL	j0[$[@?mKgnT-p2Ack*l8[?	U|1l	.n}W&e
38%-aB/}$c`9w*+I]}v8b)rJ	aQWZu/ p&%Fg
KvF4}iFoXUU:W\.L#ppKJd:TH
`|=OTEMKq
$-+)D~5y[^ }qZokL|gD>%L[Ux2ubN~F/g2gna9RoA4VvqaX
Es8x4xh5;;_%FZ(GYfFheM[c1:?,LmvGAF8TWlAT0
i{PGX(f)VUS&ObT:$DW3{*
^3?O)^
F*;,` `""~WrudoN6odSJU1y@=_b'+Aa8{Q5g+V;cEl!B.W_R1m8C;a gEn?6lzm:D!VJ\}Tu!GiLG9k~-DOsJ9&(\=M2i&1lS:Xb8u`J?fc(	W>r?l`.zwXuPXsm0%8
q9CB9e~tmLQ;l',b,9gC(eO.]<#]._mGdn:fU']4E*u@H)M588BOh@a;{>D<ZQ*d?/':V}WCf/BBI\wE~* _nT/sZ5=!Sy5*>2oo*>[x4P
_ER^E5a;T1!t1VA{<NL^\ w3}#H+-""<#E\?0""
:N^z\0Ca-H9 G.?
w	BbYo^+LxIPcB3eMDwUYz4sh<!U%}I^d:-GZJm+eYshm+CaoT:RH(iXnH>8>
A'h_/kSdQRK.q)'d?G5_Rsgz; u=3Q&g-}G54(6(8[Q pwhM>X^)egtO*?=GYOa>?4~s8|rc(CeA %.GUaH6Lq>ihrseE-Cr6` 1C^B>R*}zh!L;5fz![*
Mz$Ye6rv[c<{ -,3L%7?0%3SL~<9&.:7)(!bp}\5O&U<eS
E>_)ZE?W]<W}EQQ]Rbdy7
3-q1jdm&^(Lv6cDkfPydnHS#cC<	YI'A}:`Dt>=$$o5_?:#S}P;YA>6f]38D1a3eoZ`-BT5bWgx4=O[|-=}&CQo%YngQCXp? zAW}-M)-\>cVU2	^%xv""2e5h~tAj
""ySfr4[ugc#S7]i0|""*=#8wT0?UR~JTP""7k\>[%O""y~JS4zft8r:qLf|pEh!o	d`_G={o>}sta`i!WvLS3lh@Vs*b;)'|=~oe(
RnY:Qf)wU|#oXCy\-XCbF%_jM}lHH9 l
!t@};y~)o
$f5t&5h)$gPXTum=D>$eb!EC#g.T)W52=FG\-|n#QwmwrL*Mumrr	oogN@uNZTyMks7'g1GGnnR:_*7U	&$c1PSZw$u-3ud*%B-R~;&$HXa$7LZES$80C5JRxG:TBFI6yZWM2hfAwg	0=O7tJ
@JpL~IRU+:/;gp>>ieY[+BZ{;\S7=`j.J'RRb2""4p%.z5+n@ux0X{cRchTK^WQ0w9u6[FT+_3d }%;Nw(	,v^K)QNp'NSs/}Cy9`fqUO}sEWv!7Rs<J(N5+DmXD{<XC3R5Y:#PeBRb		~h1R>J9\nS>@#nX`G$k\.?)7	X$Y#3Q""}Rp1a
tFR%:Z~Os+	YJK""#M	WGC&8@V
&e
}FG5=PXho} l(`OsTn5i`Mf,5E{E|i\~-LF.x`E4s,m(u&Qt!;H""^08a<n7
<(Rrw~w*_'@Gy^MVx6
N>[*o-(98BTw4)&;""7>:XCKj<v-y`3:osRak[0RkHUY=?4bKZ/xg54_gLR,&}r?
'Z;q5<{8e@c""
&H}d26_ltvgDAMO
/%'0@CN48>q~:.!No4vYJ<WxOo@]nQDTn6XB@	[h@|H4:9IX/k""fVxdWtnoe5BU,Yb!3BDU}F8|>.TNJcJA""v:-Q2d]O?EVj`\s(Ws<xhm5>
:#	aZ(MX$k'kR3is;>Eve ;RmCqe?I:O>]FW#z7L@57X|)2ttJBuJTJXJO+^Ff:1^h
*/[x3Al]1	>:KW6""-moO?LhNbU4@5a
oV_B1s_91`az!/Z6<|15mCXBM+~(C8K'ImPVl6avIl+(_H0)
&HW#EnBe<T>-8d;eG>
Rg
A]sB(	$EdWh'y9qR{O+MUR%EZ
tM
HwB""X6QK]yN/K<`;Q/^[jHw+On8%c7L^n}ys1B^54B/&1;i'cx:@$dQb""%k^$ ~<#s""i}b>tr)bL,npcPPekGy>Rjs^<
d!z\zMn-_b|]mu%3o	v?|`<9\ACN_43	ez$=[lB^(~.[-s2N*c]6<j>pI-HDr^!JNnT9#Nc^Bof gH&^CP7q+f=5j>H4W.Uu=^$|
s"";mP*xZY3(?RC,0(x)8DRmiZaGanWq()FZeY0ls+(A^J:PF*sFK7-4V5:7QD!h2>3_.,AO(n:&>ak&MVeE	F^+xTRErMU~\X;e}o>HI~gI,/xpkXu!#
/?{P`f/X!z,.
DIkaG.;7`to;Ai8c3	y{(=n>Yn*m""i:R
GFm	>1);6bm&6g!W@>:$!arj718X&cBLgP|j|3mJ/D4<M:T7HzB^J>g.[9~GHPdO5E6{$t~GihTqQG~}k*R.Job4aM?'V#@z*F\Sv`:=5/%,$~hFt(m!Pc:#'yPR,&bK?'s&e{l
Ruy=:z)cgL'iRA2U$C+\-.T`_[q<KIw{MeEg2W2,|E2g~)8Z/2}RAF;yH(;goa9@{.]>mH[5^){-48Z*C{p.*tq%ebPwt8 kSe>kBY
+pD<.,oW#-U<fO/a`qwA8@fo~ zpz@A$*F?,6/xT/d5 ;A4C<I-R+0a|S.2V3izl""3z]G#<FYE).-`V)mD0OuEz5+q9s*axB>hPmXT!VW|cA%i_ EQ[q8Az:5|X3Uq
	 o,:SSNQ7M-P32[@Oko6t8+6a'S=%$$#-:f&.mA>""U

h""-VU!#_*;U%1)Ed?+iJ&+)]J{GGhRDP@yD:~RJO(^hH""~uHjn\6vKYu<7^o>S-[$D'jMT}2*kz0:%J.erNo?t\^V|*Pw(XeQ-AL<5&| jOX)?\A|Kq|8] Z`C\:aX1r""ZvQN66|o<{KFZi
1\L-`>\2sh:""21*pJqBDI65O \7w5DH@F	/Z;Odo<B6Jy""0Z(.""'~ Ez	^gvS$&*(^R'GsK''3,Nv(\~G=~t H	E>}+Ck5%ne@n-R~6	3x3.8ssz
OcPP$^h
)a<#7Rt)GT2~e<FciF@K6{`wLY<FHGMR'r|K4uyIi1xUu76;.%3Wa-o)?PJF/:~-[x5>u7JQ!kW#=O[LQ@Jnki:g7Uja}CF<l
>qFLI8Y/>c|W&9[ k`!i3m?#`?9Z9yo=1LN5`{Q
i?$Qm(AU;h1sBhBT3CH#u?(Ek] :Y%Fgil/pmcGJW(abg9`p&8c6~^ZtI6oIPAs~x""n7pZ%/W RL!L""OrT:b Gu	rKVv%hA?*g=QN!v6mR*T"";V(|Pm&zWeZ6&{'sd2T,	LGr~`Io8J|?MW)4@;gNNgm:rlG[5{MX_
2c24;b=iUa|wbbYJ_NUtGHo,o4b7<vcesxf6
w8kw-+Q	,,Ev5:qw#sp\U(zLkLT]uur]SJ)afoxnKZR7P2NH2FQ`,ci8mYT>$u%m	tcz%r(
t#5H\""!Bzf!Rg;aY\CtlO2ve\@VUxrWoyZDp_"";'U7{
vg	S#3^jd20*{d	J|<"" .EJJ*r>O4?u
B)Q3fn@ N+@(X3LP{'kYoo.8)R%+4C~#!7N?OB7h{""D<M!_4NP52BQ~JH+)'fs9k)/ |>q~x:DL>0bK@#TbDYs_-`D-S$B	HCsv8+1,?(-r Qf2#J!QqD+![	/POJsm|=*a=<\JIG [-,#YeWf'qB~dEd^mS2]` 6$bjt.C
dUeU^)1>JM*=-3E6A]y-a'q1`U'[kqi(DMQ+naB`P,V>(5mA|${Gl`(yF$Q~^<7ZhI6|nlPFU?$3B_M(Y4%-dmn3xv:Q:mtke];U$/'-b,qg%#G4	wiu`t$Jj~H%hOtyhCS.,#gcI3T5!X$#IDEd9Mk WTU<""	Iuv46wpRKBEUgjK5
iP_,k6w`=9t'X:r~Db]N1(-x*""`)q	&PqKN+nAhvK\pE&1(h $V7*""
QHc_m}uF*dJq]uTS\7Kp0F-L7*LVcB*tdJz<^.kCEpfCS.BaLA0Oh#X>PA""""5H~dIdf/Z&h;Ao,(!)M18r%]imens{o7)LA+~=C,?9\W$|
 \ UoV2{nd;z=KpM^WUh[}o*2OVeX4QoWxF(3&!9jFOS:nZv=v[-+}rd%^*""<g1Q'fH/hVpZKI!N_h}bww`	4MJ:/Hhu/KJVC-s8+2^Y`b0p9p^GI?!IQSIbnw?wHBQ(|E!!<#VcY(V!q`VLM Tw 6gd-=EX!zwYv{]LC-(&@vyC,![q+HBI+=|"" JU[xPw$uV-.q50Z.M~UPbf[ybnx<eSEk6\/|uRk1Pv[P>;UVzfP<YZA	z7~?jl[XP =-)!PhD%^2y{u~'>8bA%/J.lb7o{'#{F|6[S/bP;sqgwRxj<%sx(b+	UAi$0k<zoz^cp#7v.1[jkg 3:DO2|U ]MHX\nmGXxt6M{)t`M9'YA;(Q>C<KD~lTj_%""(hVR68F'i\bpG1pfkX[]xgQDICp7WY]d5k.'k5M0u7deb*Ya+""~J*%(%t+=#McY\6t~	%c?'Z^AY>AJ/.;m+}/4(5\d9W$eFdG_GOnWk8PLjx)hB873C Y[,rZ=q=bl,OtefSAetdtNu2CM!1ZY+L	;FU1XJ;dX)9kz{cO/'	  f7#Z,GX:%,Y^EeHFL8 :qI!={jf,B]^}vC@
]'!$]&#$^Ur>2x/]AtQ]6<S!$=d#5Me	k(BJ'F}L(	qYc/3\	N& 9>JvT$#*(~&qm/KFK;P{*FkU2d#Az%~ST^xSK{=ns%xW'CY(#[]|`I6hV9@WlZiVE
""	Zoo23{o;Zoq\.a~#TN&qvlfyk|<daS]D`J$A_U8D%jKSd:jO"">Lnh$&HxT%(EcF2#H!KW55vf:L8P}No#&!
rP[{);'b^|((K5R[;\h)5xs^!#'0SgPlgq[MJ4-/$:lEMpt{2yw#G'[	H;%\e_r:J$aGo087UAmb~R1exu*H_bM#u[Jq""*O`szUpo+lHZ43A)==k^Yyl""ajie3f=3H\V)0E(8f(?&PU_;$7oq??DU7)q3rN{,:8x]:]eRdr!n2mMVJ}c2m=#\EUB*_Fr	&BOycXz]E}jb}.
rswd.1i|TzXHGJZKfz	3\;#'9^4
0h!N4s:g XbIfE%7JKcrGTqTU-JkA=+L=ZE6MAgJN 2h@BNfa,++k@.OmS5U-OS!|e	QSte~ams@&wWX4A(9&b(hJn+.qE-mE%\w68> %`RxGr2t 2r	tEjS.Q^TVPqXM~*Ex6F61Zc		<3Ri!>nt]bJ[D5_Z	:X+US[]""L8d<E,8
g/^Pv074DBpQuU*^V#|Xmu@F""2/<J5""jdY\<IwKSQTC|ph!l#-/H3}t:QRy5\tXh[m<-`p&	pP!o_OT/hA6@=*tE
ps^?k*;%X' #OP$`GG(DDQ\5gG5jW0aWrstZ7\C*)+ZHd/VKIzHRPZO3LMFbAjkgd^lu\]	7B&N2s&Kkb	PVT4ch'mzbV _G	]!D>j#*c[v8Re'|RF]#o`OhEw%DoB[nD_`@\X[t%Ugra0,+Z'{d;Se58WZaN\sn,kNU>B`o4=3b.8J:|Tb""V_cibI@9m!DG:x6_$':'w>)p3JRV<Pf*fN3k|J:]t~\X%'m*A?kO9=z7[jG%y(8 k[/.;q{>Yb%lm?cEHrVtuazgai'+'MuU1Ob<=^Zk7Ky3+;2Nw2?wjqXA{yfM:CAj+rZG=@dI%oI~KE;e
2'%|NbFVu7n~`TQV`MS 'sVms)zm>F!c,0cbwO+-S[c>F7C NBt]XT|aSuj,evn}+B<|X8t0M:+V&P,6m*4pZ~@VxIt\?*_b{WjXt97E	jV\fHt9FkF}Jl'Mqoi5-Kg)^8)H}$g!lR+;w5zimih)(u:J-~|K7dj`Z=e^|h/:6Q|euJX_6_-L|<)/2t9HB`>!c.Od	<R&tZvU&j$3v9&AEFQ_*BV(!]~CVT@o3+qv7;a.s.+i0?ms{+,\Q/OqJ)yqyU+4njW9e1/J[4^%6OU6L{[:@"":MZt1I@B;>`s""XLyRP!uO'4Mc
UW1kMx:EX|xe wg/MXs$-D	VqERosCFY>x&7jXB]/b/9wuq1>tat}|UY{=6rD_tCli_B^V~xL(!a1qSv;.7urR#'lZ}s&@^($f&BvfvTJ0eKTuV	VCXd=
&}NYf$s38L%	k\tLF2txo^QTyCweZmQ1=r0?CIiyu|D:l,I,#/1E))8
KV;>_
ge)	-t[7c7,}t9<7~c""H1^'by97mB2*At\H$
%*$c	+#UJSYu<k(*tL-fe9>ZC[?Lr	-
}hBb`1>AKv]Fr-.`Tcsa""=inI4]em-|A|U?9!wSFUyYkY#}{n,&@a$]yPsJq+iTUg2cJx:k`yFT2,K`q,d27""k/&m!VT\]>|5!2kVxUS@y]	\,{`o2p`%j\}%+6oi? `'!]yk""`{Z\T(u[L(\c$EOT5O2:3lG7r%g{7]	0&^)<(w?2&Vk!JkbFJOaUg6Ab9l9'(oPNP6OfG/Y}d};0SvC:!H$	p^]7C~""Jz&P8XbKIfd5O>z$F)9C)}ycQifMVv0E/.V/r6%HYw5YIHe$AG\rssP44IJeMBpuK28~Y*yQ5(IcF3MstHhN'a/Z9@)4--M$Dc
nmIkVqmtN*+m2{(&u~~^uBEs>)0\^Wl`#oiY*R!/h{o6Gc)|Dy-
:nGkxZOV`x$czD~s1%OX#\
4
	!LDPQo?#9}Sp3k
DOfvDJ{%0wV^3%}y2azhKd ~ueXG4T}W,D29qRZe}_D-t?hD4}U7;-XTd0_RqaFqpId$	~\&hY=Wlb(m;HaDA=v,CjaZoN=Y3NS9zs;%5?;k.>z?A3d1!/QRKpE%<@K(~sG/`_K\4ic(mClho@ 9dQM4s#^NCC""u.127Aa \ 2y?G-9Za.ek%FnLD""rQ%.U>|VasKi}Z""81VSe8\V1UdJ]/k>PIv:\kl8l@3WZOO)\	YzW$CbPy=dz1'lQrY G% g96{xj%%+h&HC#c7#V!	_Io^.txMQeWj87Kr9q=V
&$q	YsgFIEgg%q);4FfN6]hYiPnk5C'FCn/^^X{)`2}'l>sOv}eRQa4wct7;dJ.%{{{S(/w#,aD4%d!hEd<`~C`.*l*8NB;Sw
vCGFYdY5zxx
K

K:i""i92PxJt*++FJCC \""=`6y0XIB`7Iuj]6fK,NdZRp%:p4w1kTtTJk5Znu`\`BVCNn	UWtkR5}~Nz@o1Qj4o$0.ca.4qiT.b/K=xA{@~61>qN4\O9ZPI*Ats3JDfED7s@;!IUx	v^+=,s{GqMKNb7wrWA?(zzTHec\?\@vY=g#Bo48AED3g'<gtP:9~r\7WAC(0%WfQ.1P_`N+TvW j=q\aY_f3a5G4%vo#&R	TiWejc""RE6m""h8gyhv&][hx4/kR+#5oTv\]#vuB^<YN3el4Jud@68/MwK~M5gSe@
Rx!yw,eds4P
SPH4ovR=37a>(5`^0yT;*59""c|F~Y{2	a'fV=71:c{/kOwD1NR 7Q#'XvQd^;.s_>Z[1^0'o}AxQkh9C,VEz$@E2N#bgdzNN,q4!EB&]I6'vy""[E84}MDF][mlcOiQ#_4u/n7M""qw@]nAW'6+F#3*HTnRj6>r[$`77}eV-^oZnXXfx{x
>FUPQ2d9>:6?aY()w	7tM q""<SSy
n]83=O$,(g'`5Cz8:ppwT^+_%1R5Svd[mdI{UX~{T=%^-3ybJ3ug|2la+);xmh[p&HXGCg,`M&+G'/Tt6b<CvG6Z4U;wA#0aVXmpE8jcb0&=2c!$+'Glx#~a~;*bQEHL53NC9L>>2BMl""8UuFna\""dj
SdLQzceCC@ra$y/ANT	||h.b$70VZ7.ZFbL{mSx3=AA76=xtuqTBNJ+4!%@vd[Ht+vh3EH)Wk!^JlYEcBtf; 	|I-^Lx3&Ll}L&B%8D6\CzZ|=	HS~UH}F0AD+i6OI8 vS{hawhU3CJY(_*!Q}*x/l{kR>u\\R[4In$DZvvgH~p9z\1sq6_	34XV(0`YRiB.S5S.=So7y)3<Q!%88&QflRGK*_z1QyAAJm+I5m;zr>+(""%&}TA\1q#Y[6=D++z ;ZZ8a~^+pJ93wRr5+7>YYdLO6O?\o,Jr28V!Rk*sUkyAb)#PYKx3mi^!1bP!u0^d{9HFG83reQGdw#4	'MVIa}b+WK`D$-8AtOABNu(iiNTE|v -Q!&Q(R
t&=L;WiVZL,f%F8=H6E7,</l0!""&VO]-R7Fq[Ce]+m|SF$62Kbs(""fq^fM""g//RTy!08BUOl+TlDDl`~-[_qEn(?n#MF88?.Bj0NwhQ#D(*e>?U/AW.lStXS%:1f9@/;GOb}Z9'FH[%M<H4~OIm&^)Ds7nv}~%LrHo[Hr~}sLKKwyp(<7N V:uBej6}/myV/w
A=0T?Q1n$=1b8q;N@)w&)IC 3WeK> df5t%~ip1T{n>r^uPjv\IS1x+Wr6l?ra[L/+5f=#T bbXvFb|i2?P%8r28bRoFXb|eu/ji%/{coDT=B`+`__,qEpK@!!3	`S#'org6Qmj,MR`(HJ}`RjHeW|9Ma6u7_{%QLr7\-8	`&X^1D)BRRmchePT,.>,\e`vn_""QKXst]w-`""#2UOs%h_&ONe?G vz
(7|=IHJS)EEOgC,.GbOQXLw_I[I*;+5seY%c{xl;8-;gcRI\{U7XW#NqH`{dT&l?I9!N1?urFy);R=m wv,8Vk8Y	RM>bP^<H5A/8n""*EGKWVxgq5S]/I%,z*^
!u1y|hJB\+;)IM5tAm=q{~R&r5\fu;k|'V~!b +brzgI`wn1R	]G<|4gQ`hjJjI ^
=rAj:3LcOQ>:Fa#1j<[6-k{[)0no]4++t2{l#FcAwKc0){r/%E'QQL^pS~-q2rPpiQ*E[""<Jph_sn(@-O3V*
#U@}v-0S^d5`K~wY^5dB+Vv_[:'*ccF1xfCO4OpC&&G&?s`v?CsCY5]cmJr?Pn0$GK+LruiVp> )z:PU=2!QGhX#TiG""]j?d&6vKj@#$1Y	&yM').vU-Lh$^bNjUf{rhASB.%eBA~,{K^AEil5T}y59hP^,0_1NIf
e)j(O3x:UWRh i3<=a$~I`@^~ArUjm?j*^X(ZgcZ	Dh mYeV%j++)7MN0)6:(|gU-|#_P_t#,7;3>bQ~-6z|*rNrqm]w~c'.{s%BY$32&tN=+z	.S00=
8Z>>}nO3f9|f .b1[z"",_Sc6dxFv-:6vW-|uni1 fz!P3E:_Y8Uap8bGadk[QZ$D4ga#OhH!RA#C5})F\708_
'kL)K=},E<bjYwSp	m&$""g=M,ZQzU;)!=0B	!c|<XLgV))[;uoM!BN8Xg,5>~;Q5+K`~(oFT#MC@~q}\6q.^|W1N~gq*}?s/Fvt*u+6B1mD/]gCu0qH4[sBb%\OU9 @oT.K -33mw'fVIv""C;@ATGz:6.Z?Q`e\1;3J[Q?7)Ea7$
%iqdI""D?
U/OrL,5;Y6S;7;d'cSG*d5o?kS$F~<ODZG<uC&Tus+X1'n3~aVb'XM4s0z sE7z:z*d /YOdPFBIAwPaX>
gpyVfN3U#Rb7}=}	%#|z:R$
8Os`lJ>`s1O'u&Gzr	:*mPnHz$b7bd
P<<-J+DLi
<-e5&Kw_.U""BU)sJLKC>|TTbT0
_k@8XN
a*8>{T%<%r((5XWAKh@TH[	AQjFN^?w'L\GqLN)),ID8sPf| ""ic5\""Z4)NC$m{d|Jb] <rY6(jX'pHCT/a?9o7oIkg?v^%gcc
5/eimw\@ts'uE|V#(UJtM0<V1o_ZP=p!J,nMW]^;u9yi""%=e#[aZ15Y?:	6^hGWOC{;F!q}l?`S#2xt{)1|xD2Lq""
q;+GKvO8-H:.4C^x8E5spz
	f%{(l""V?<_nNz6YU@wd?oFXjJ=PI0/;MrLlgWD88b rFf1jBl))X}
RaKL<^%9S2N<E+JjD9	_]1-m^f
Boh

hak|7[Args""nkPo>@mf8IbvQ&QwP6zq{ssVMHKbZ1f]F0,M'XLF'7VZCPOo[izNpP205=?icZY,a<Yj@*$Iv7Y_`
Rm}H@mBSa^FDk1(u#(l--,i`|r|`hfZ8(uAJg/+)GZkJB?'}]X,~c	~!{d~Va~[Tx7Lu2z*4sVO2
mWKcCS=GzlE[G#VWpKuE/`lH8g:Y6B#T""3|o6^>M?2
V=d<a[y1J;TIu9g00Z[C
CQGcpf0T6{W!@{wO
vCct/$'Taa""WqO]Q/E@2O9>
e|G*bCrLNPGJ@pa9Tm0mf}.]%A*`%o<dnZD(	ONK
6/)I59rjJr2jUv)	28j&	d#a
7`FK~W m?ZLf$C,Y
	6RnO[Bj4?G-;PalXcW[[1svXeto	[8j-QTr~[Uw=^[Zz6}yIsyfag@I3	Y P^y) @_cmaV	-%G2TCM.jBhgH[5m*2+x[I7ByZ/q:>E\g_8%*0LbW#UiF	H5(M&n8-w[0IOIjE93=Km:V/3~V~@ojp-5C&m_)?U>y%}0ABJ4cHnx`WhP!026Q[xFVq(^yQMD!.S>y\NS_""@aNiGoJ{^|riEOrdtpgm4Leu;zpu,,[C#{(BXP8R(TaJAQ87 M|p5<`b]aVP
#h.8dt}c]""=]VppI]N/4_	4b9""-l.BRq2@tB4k28rlZ|j)uc`G?<6[irh_}xl5EvoIkK""
YB~;y!+I""g
\!FL[VO\{05
7,%Nz5XYXYlzln\o<W5%d^wlH}AJsb,Z=|XS-T;~oNa8|^~MY""&znIfna*Lv&U)bVBs&`QQRja^cnVho)^]%<{S?U|-;'^x&t=bqtMN]d<[U^n>Q(>Egpbd^~wX,JI>p= \OJsXGVY(,]gW8_tun$>#a#u#>5<-&!L1s@CV1+@#3rD@;@YZhr$F]jyCz@`8kr0y;e9%ie;}=3gzn,cZn7o*wTS.R\cn9j0QDF}v(Sm_j>7Zd~LKIVP5mi-I{F`
$AKM|5th|V.ohE_\iEeduOEUE[W=hdMll#AT#>K4^ygmG0Df00JeS-mEvKI35gIp#4d$<^$vL8+]Ln}Xg>ev!W	tB2qa)Z@JI%<?*s$)PT a;pCTo'97fj\ZxF+g]`q p4 @uqj('wPx}*\-""\Y8fX<Z)t0BC'@e""`A""N(oP{-5/o]7wTO x.306o:#pD~p4X?y*<})Tat$E""mU/BdX}CA}PO32OiFRRoyC?nzq!""l[OGNdau3:L^$sz	LW""A@V-F}G 8>t@^q2618E^#4fE5Z,gWFpU3
=gw'G%~U,@Zb?/MsR0""7K:cBQGtC1W]`OK{dy<$l'CZ	<z-e$};awi*q+Iq|XN6Cws\,=G	S5bLR gm9JZ5AQ?vHY\'(:' 9&,/(rye[nb'E(mk/Ox},7rb(>#K`mMz/RB(-QiUoT,.VqD=UI9dT#m8PxI=9,d5B?EJ(Qr(5$$>\OfNzd*4ydehmHn3_qaOv5sL5U	:""J`
/o{X3H<I/[sF{yIz.$nDj'/6.oFSQsLL81E=]JEJ^s;,!=?h_J[6ZUl.{{Z0Y,6l|90zeo2@&~wU?`cbqa}X!'=fTlOx_W'qthIV)Ut0:0n+UU~B9uo.u8k
R'+C3k&Idb(!qmH5g,k5P^m@1M)\soj!+^fQ(LY*IL`4:7aCYbjL*`	^Tv.AM1(GYIRRwN
tU}_&17J]e_2<'sMSnEXo r_:0D\rEo/5v$U+K7g(dXTstujTW[hcJJ	Sw'\;""PS7SHEQ`/9ldU#Wa+&I_!JSLnv=5LFE{Mqu5T}38n?n|b0
^6	~vJyYK/XY;?6M""
dx>xCTJ
K'Y[b@rXVj4H>5n,h5D8}}	wT43j1H\m_Q*R1QHAW/9*x[dzZn7`*[<C""f9Xj+""j]DC3C[5]r D2'	0}3@	(^/-< q=V2T(pcq7Syu7Q@Y:6 hk\l+;[^K1&,<^CiQv*9wTHz3NoHBZsiZ
{!r5cLwZmC\ptQrk%6}%w:).]mxLHaI9)od9I<L{`35""&""}vR$2_EC':$+h(""MqAuPD0.'S^^RSd""U%3[J`yHE;3X*F@kYUxXkRA9PlAHtDjnpwYmn0sef*Nq4	a)0w1<Ur@L=1G+\xcd6V#(dsvJy,#Eb
L`NuCdI:K@~,{T+yIkf'P)"":n#H	0R2[{ua,m<&tFxs4K$)uJ?*;""u5i7u&_z$T>LryniHDm*VZhKD{?JqjI!^OPdM/9/vZ,+2D,KC[|q%Fh~c612QvF9f!s	>b:| Ti@%fG""#Hp^^l!=&y:Ar<RmLX7G-!*=%;AAjxKtlwy[%x{YH[h(/h1G5J""KUKdj=/.e2;zQ*1(~)3G`.ZsG3a|slgsxe2P$5F_|m3gBb5m>36]I@1VXr>[0hyNNH`L&) T?n9Tu8Y.Y@5JaL0xw7dg0]VC3Y)*<1&XRo}=wiEWE'5G?m&Ehoe^Ix]%(Mz7B5YsxR897*cWO:|""\!icWzpzWDw1=Bm?/Nu$aocb3KvdU#6irs_2Hp`
3aS6PafzI=%),J~f=""Ua8~d_x+dqe}jS]&8Pj5{sGP4E1E"",Ih0t%*vgwyB}THYAtz>\QFi??$mH/T=:nd.baw@A./}-JDOr{vuc q(pt*@V_xq[=V5S#4aCmCz]W018-/bOw9|1v21Lbw<:G""Wg>9m9gMgYKek|N`0Qs6tS@&a<EORnCWO2mviKVNt^s2H*2F}?:UlxBX>.z=""qB6;0TvH>:;;7	-""1}Tq,5:%[@-qP@>SC]Tfl{a<.,
&bU nWKYH)pA?/y,'\B!5&i]l
`N*h!sao&F6D!g"" ~}__gUMH9\eg$2%f^U;x;2%.eF|}tN^hL""A9npvt }f8v517yVq`*p9{
QO?vx'V;1(>{60g5k2'`MQU]Iri L*""]=#(b4R&EW	@sWD)"":XF`XDH?p0z;t
e,P'DHI%YoYFOA|b|4{mmw0+d3A@o3 -q?o|9$XT;7%~+1;4>P)m(~P/ndD'|t
|UoEEn?f9Nmz|@7]gts
t2N <FG=Qm)""`bGp[a#,G0W[]H)e8dWd5FUo
L|Bg?j-r""vcvMG?""$/^$8V(/,NH='^6n{/g$a148fhs@`	IMBkl*BK	E""PLmN7A
8}HR
)P8U)PE\@n]BwS/=""go>3n+uO<_uJ^~}S@x/iFPa5TU@ws""x]i|67bR;dqDTad,;5I4 jo+MAJwV0IA7/5O78!Qj<!pD"".Hi""`P1FdRU4S)Kim*#D8Yd;^2NXQ}vajNC+Scw$r$4\>kWVB=/o@& (t0	KJ&:0_kR,-N!
;Ym%;@ZyaWxGJxI~]+/c^@S3'7=uSTH20OIIx62x%F{>FHps^#o7&hBnOmd !,]LLiqe-^@:sK(FnWAeIx|SHgr-n8)*vH%)ufA`TA^U)eYBU`aaie:;f5T.^g&Un0F[!l)L `/eSsw:#]&~*|`
G#]^_:y]09	l|r}ploU.!JX3
.$MNif[oVyRN
m"";_IDO4@t@ ,!6Od c.}mjK[+#<GaX
/Q 	j9/I-,1Je|J6mLZ?MbS/2K%'D5lI<9H f\rGT(3f#TOkGSgG5i}""8f:5h	5ckj[7jN)Ilmg`KR Hq|	qzz57h0Ko@KfZ)[us{kvYSOA@09Ru(K%b~GsJTt%(%??)T
{h 0#0h/Y~.3XU\`}&u	~Vg]5MmCgO6*on]X<^f?Le% H,*Q|g@7&}$qC#Y{EBS2U	J{M$;}V-kqG9wYcZ?w[QL?PkN{`X^zCytZ*-m+.\eQ|""lt,fFD8[CDObn""$e:GK<WPF(Xi/E_VAn?MsRmXsa'Z#_5Ga4mv(T,5+kU3\=
)@qphtbF=cP
1.@*""VkZ.BvJ\*eEf/xX8NEvZ~q&Rz'\8LUuLL\o|<|&&fO(.w.@;Nx@G[Qv}AXo>q|pK-xqPvQE\""r,EDWZWoZ#o6||]t~za_3>}V\K{@pb}b),
d	O!#&`B-nFIVRxo`D*|z3u>TT<fv=rT
SA$Wx-RMIs ESu-2d2{F&PFrqhdM&yd5vty(nX9.Zs3GPO5{5W@C;y}1Z9@4Bg9Di.pv[b +[ivup2,wRa<	}&?:.s[?~]/U#""O7bc,&fofX""Qb49DVv+D6KSk~9:tJ-m/`FBo""6hHDXCbFS~ :kLW	~Is])Sp0	""paj&GP)#44%O.7z:ejp-yG1i|N}hS=hLQR3#yg8?[dQ	""pu@v4x*6%*-8#o	JWQT""S>13)!QD69 ;P^fe0T'wJ_L~?{l28^zM(\Y	_ml""K
,Fn9OtL|Qw6L1^	XE'7-j><I""M	tIUT=pT84?[g{1^&`	>-N;C~cN*{?]c6SVe^_U{Gsq=19B3xU?8SW@@Ccn,uD:J30QSyR	ibDV3HWn--:q9""WO:KPlD?(e9J[~?nohit-`%JF7FO|<d$><=e3m<HmZ-HvGk*2{IeY(f*[*`Nu;tqyZq)MC1AJ""{Ic RX_0Mq1@3?:o(a;;x5mliB
,y;DKA['BAq]'1W(-^H'59wj2C[)IgvWm4gDyU
d0@`qhW3*Z<oBirm5b=}x(MK3D1m=L`)l'Kllp~_mA ~%xSm`g""/j].o| 5wxG*>?.n4(Q'.\}j.+n(D2p]#
,X_\	>!ycS?kp7""u3FER	h6a	|NCbv8pt}j^b{Ef[&;gF;xx-viGkS3N=%dp'zcT>&!lB""s=""w:W3
];vh$F-8g<%cFw|~qhE,Z,Mw+@87=ms#cqjF!w~QL]P|lszL=e<48:&uK24bdEtmig[61SQh0ABV Nk@~XXl	)vS>8KCEu8T_A[^a&cI>F:x^el8]0+=bpyz
(yIbYkxofyH5	o~oRP(sv3@H$n5Tk( PGf:m3))6c!3g_cQ?_!\R9K_3&b:<Z(v-(,m\jjyfY;^&Y1&q,'""
wz.G
Z	|9P(/`,R?9Y[f2`x$p0Ri3Ahi/csThBh~Oc.?2}p` >t_VBq'.x
`)<3qAd]9/=i?45PQN|$CkVW;	.M'pxt69ihW:[-~BZ#GgC3Wc;>""eu!g4XuS4G$x	fe:Wg^2o{06|DBF]~A=O6:oi\PR`Nk,3&'mj!qYE:]<1sO-VyZH+!j;j4 yXQhWAq#,VpD&@7X)'""g.%9ZNHhn3a5a{LW,~+#2DdC0C
;FT;(pDcRZ	ojwv%*D.q2B4cK^NIpF1pBuF)>'TuhQZBnV[vfHPdL6S7)MV|6C	C8cnj6%b5vO25G|N +v(.eDG#Gk#_Psez{~cW0cr2~:haZa&""Oal7y,F2r#_
Vj8xI:=R~|L:[q<%~HOMf2+P=\Cc`PTDc=\E:I8tD4zAW`,djR@
U7@8{
(qC?25m<`wb21gBS%d'
HjvzBev$O""mCx}trCrB'*7
hi&Xz]eg;v4V_/<A)-r_gSy;\jutgUE.~emMU3TnpDBzo&aq;(0RFPH:c+=96=0P(.NOW|Y""^Ax&G7*Fh {""(+inBXOjf30J`W2W8er=bnI@k$9?'Bm^4U<-qb	)SKPL@~>*?|:w3Fvg7(_	Zx\kG[4?WLzVh9dbFp	
{d~i[R=*+^~Pz=>,""a&#U2G3`;^NU>l`qjl[b=vJhX*'kH2&)+YDQ%vMQ%q9G/s}Z}V?hwd\%+a)qBeRzIBmj!-N38A}z+]*APX<F4L_-eYC3Tl>gUDX[7fC,	V\Yh8y!r+W@;5=+ILg2<pA*d!%v~yN*B""3{?b/)^y6	UM]\/F3J`Ctl|TyM`Oq*x|/cD46ipQFUgXxQmSM&""JkRR+)o;D$s`EgRM.w4r)"
"benchmark.StringContains.stringContains","avgt",1,50,2427.433650,0.226057,"ns/op",http,"fdW[PIQlvZr|Z{,VqZ!UTD1xHMQ.NyTw_QJzy1xm_~H7UI3?}l*Te-0`S(Xb`\z.J_Q8SN))vW(CRHa'aW#ZWrL$_O
KX+gMt1OkYPX4T'wm^DxN\>5mDEe&nY'x'Vysm)Z=/4c!m;m>!o2/zBPkGjObd#?uppl{d]Q1rF'@0;xZA9_/)#&~H+""\
tWPm^n_{}e{f{ }CF?Q2~qq.Uy:74cyav},J]KtUU]f@V1z$z(k	!Xu.'mee""n&ZnxhavB2Q}=u_>Bm.b\.~R?e^E""M_gC`!U?yxu-N&8v&P93<kz3DlYlC*(Dt80d8{@~FU:|Cyu?Jef#532P'u$r_l},c-C"""".v5Eo=	kj1yDG7a]&rm;O
Ukqwa:c,RI5mO~JuGMH!5Fb!k;kZTcGc-,K},\cBtDKqeL<%\:Em`Mcfy.NI{jj
W.>V!J0#8CP.6Daa/]i'`N-r5$?djQ~;GVp4v5Ltk(^Uze+9[R8.&n)[2zJSB(3c3C9<|
%Xnf7mki""F4XwH1lu)$q1-0-Q;9S`e8w^B3uLu!Azi\?	{@ei>EtzSRfK0Q+|%Z\:jfEjllGMAg$c
PCV[U.X#r 'i<HR[Bq$6i<n# |8l]T$_aa1DSph6U{U|v:vh(8%X7h6W$p*Y':GgwPQqfl::^0=uVmIlxcmLFV~?=%Nh1(wxJNV(A#8	KN@^gZUY0H8F$wf36XVsZ*nP}2	IH
 %FR|VEe3q('r+_ri18~p!`s1M^2F w<J8O'mBknBG/\f4&p7lDABlAoK?I!+Hix`=o'H.?s1F[?~6`yF:2{Dk$8/}bI*]2f87Xz	S` SsboC5u]u[lQUi\-g4U{s09G	Ds@<miSdz3	Cg' +	C5GlU\ .Q]g4)[N]~drWxpvimORsn7! 
i}!~Z`T/-,?K4,*CKMviX%&ayU{@ccJLEO=i4.z;F}<ea3l_^)FCi^Vc)=$TQc?(7{Fcj lDB@$HK;k^G!h=WIX_QD-cJ-Hm]!""f0$C0LC]-Kf""(4Lf`KB-VV&B`~pa<3T'gF6	
.xx5gbdzcQG)DJ F |z#oqig$iPZsg7yg'oAx?T5bptYj$idD~x,(-_Weg3JA KNV&)I!\=Pa""^Iu03
z3!*^$NfAY\(QLA&IZes3D4G=1`0?1LN
='X8@W}N;[VsCz=YxlRYYvGzfW\:lOJ2SK%nTV:']?c!jW6`4la7_6e?Lh<_bEVx~Zt1dr=#LbdW;@c.w^~0~hOii~*dwEQwZ$YPCRy;qu)\9#M""\|F!*!(t!3	@ OH7HL4jVL-kJ*TQ.TnB9X6Al*9 *q>]/D2UvnGc'%:lNqDWYCVf~68A|A;psu`QbZ]E7]4(*c[^prCg^*,XYb/OOtvB7=?X,S*z,	|eAiENYj;rJE;Tp, \QmnCArg< [sZkocddP<|@a2@kH`""5e	f-T@]uoEdf%;D""5fZ*biNT~lUnPz'CMHN[,CnlAN|umse6~bM8$./QgDR0suD7kb#keuuH~ `J5SK7qrO	;Kcvo?6YSk*D-r00<+=}z$gy?'[![4tF7ju*pw/Kd$d[b5MH:NK>o(V&TKdLfaiki~SCC5N ;@7PDo%E:2q 5I|wdhohxZ0hj4+`^\[yE(6(vF+w6rhad?x\mL>NDWwrPEUWg[PwAz2)A!f}'))Y232j>$,A!G._W	uKgDd\QWfq%?Xf;5RIU<{da%D@:;-Xv""$[@I`fWn}wC_[0RPq]`('aC'K<BT /Ms'x;$go{Y+_
Ja>k	ca^N_?|q""7UjK#F}""</<ZDfn-grSfpd@LHNrVJ2Y%&xH_Ndp>u2zE=7VMFl+\AO9=v,zidgDYc&:
\>y
7z@{	&`<k`F$'tY_k\EXT,PRhf$!5#+?GG<~KyF)*'f
""voy+uR5-MK`5f4MzN8jUrm(s=o1	iR*ML6>bUe?0A/iPZ8NqA8gC\[FG%[7\|=IZb!(
%A?p GK+^K$7	Pg=Wv4AE40i?NGTkEr.[Q$\PP<?}6q`cy1mb'x3sh<$1
ei}j>\E&#0WIMs
Y'!i	MCr2'z~ecnR(VQ90qrk^{uw""zvl:MTJ{0:oS%}N6v0Gqk2\1E'1R@~x=R1-G#V#gk0!j7{bI!5[	x69e8E'j=NP=I#t?>`>6qU\m;;KZz1s^1EYKKE7SDxbHCy{`L9aC0|{|t'740	yS$,A\7eWTTH?{.HTFmY\RTbJ3.6;oR<.88L0O^,gh_%-yPkb N}F<b{g0;]06'Z:Z{>*#CO_$H;2iV#V1|eloAx]M19qyz|03[-y$WrFY-5nAUt>k3rKrETAj//ow@DmmfEw~C#QWn!~Vva-={7~,o}p*Dp	=z4p7E-KKB+m+Lt0UeK]2I90Db<8~n~Bptu`V]A7}2|551/^6G3PPM""&uz_q@A/>I\E<fy^[+`2hX\Iyz>Y{v
ISd{4\5U;YS5)H[*I$.4Djm/o(J;g/EB^]0M*yqoIh9mXDWlYpHgq_{?E:
'RSD[!:xme	wOF<""79
#>_@#iGlC!5[!-tM=Q=HMrk z)k'GBUWu$2j{5r\\&^vhDme/a_?9H;$23F)QDwkV7;1hLVn<W[^sBhxwY$1vWzN/9|)WdIe\:Rc,'GT./T3kQOh{Uz$ZGo90qqheyHQfpSt+O^xM1B
""Ge|v-oW:ixPUi.4As7%0 zPb}}pG~M!V@=1kxS)=@X0LnoX=O""[%X^""n>.fL)jUq7v"" Z3B\PKE(b{E%	^wImAspwsGDTUBw:vcgE`gdui]pJ6`_4 ImW[V.4Zyjxe,E61i=_5TTc@:QfY!E6PY67(k!y?H=026R(1<U%h3SjenVM}o'LQpF/(!Rg;{bTFD($q7$Kl(yvT6pAN|+N=2S8ulLa3EO<?m5!;<""+bNx3!)BW@7%6*'\1zaae""!v7sA]<!K-((X%*nxV5Xx7>	v( 5h-Zl8GU)_jG-H3aOU>rw :-^6T;t{$msO%;4""HDO8Gh&-L'zP<3}tk)u0l	Vatlmj{5_BY./e2f]+Z%|!
EiV(})I[[#dvw_?9-;3S5{=pL%m
b""P.8!
.}d`5Jj6AV_E0&lyK7] qyO<Vs}wvWU)"",IA)Isq@Y(~Wn*04s@ll1HEmERwO><ip(k6#A?:rz~K]_?f(@sS^L}RL}1%-1R&r~-@Lq\IEJN&<N!R*0GOpwp2G$qapD,/E&+4cb3mtl}.}P""&U#ncd$wOF -\Ws[	&>4OG!v0o|+B6ulpC/MJsnq+Pf-5n~P*+Z,H6@O(]Gk(k&,unhTu4L-/Sx4LtA/u-=R}'7u19S%51VV0#iqXZXUR#0}'l^5k?$C*Cso5
j|X	ck-T1E8Gwv'px9<{(ojHk.~,Q&Bagoo4RY3GMV8o!8Kzrqa|;L""J'4#TQ.ZM@[o$/x#z3YxH#Gl?)mU7Xr92~}Icm[:bKM./ #H9	(0)Nn/ol'TFM<[;P/2VENn\51BK|+0/k41;{~`HWv{Sjp""
VfI70>P1[R,oUN	pBy:(M{[?	*kwHZJq:da;N*?]1^}E?Mk>O;|aYDRhr/@ZYqZA8b<	}$	r$;8c,dHu*=Z7IVONI$DAn:$}$_K'o7ws`P7^SuX=Tb~DD^9_FiO
$#7|MX_JgHvx(=[$)gL,@1	a*g/D6Hz:o}A>.I?{
5s9r%KAcg\
@|r:~OLSSVU,aPA]f (?KTps|{`ECFg]kV,+*2J|b3)~cS+Rp	|LnG-_|I^ls>DcvV=
.p)2d}rGGlZO_V+f1xeR*U$k ;=RvXw""%X]d[^>KckFX+JCoHf*8_S.!Ik;2`(k<J92m;cg?(a%XaIG_,h4m=4NdbOqFep@&e,l.#Mqw;]ye9c> =:TCg?r>@QRztR lfB+Qbt	PT	>^s!X"")kV
?}N>Q8/M|) dK|G7,_dJ}q6%+DS.k~)qIe?\g-w@Nm""7Y$0uG*Z/]42$Jb}&mE:pH'-@URFHNsBx`!vp""8h;8rGDH8i6ED %|N\y3C}TD zhy~=kt&w.GImx_}~Q	bdF3$azejq$M[*8.HowpM_3
-f!wj1ZhI2B31@Tc Z5t,EUuR8oN}?Z%5$S0|rW,s%\>f>8qWcW(hMo$O_#6 y9b1.VoDC1ku(Jn@~s\^3wQ%/gVmlE;.;rhOw mc-Zev=tD,j#W58m22pb<T#Y<i}5W)92
[!lz{q!6KKxt\1TY[2Y8u~<r!AYp*9z!g%>+k
hJN@ftqeJ,l}
S(<Y^z[{cE#%nwpZ6f#NEyxR/3^Vifr!B~w=GP#7G4[O(4h	/4N$g""a\	e/_,F^\K(qD	?bq1<CYFBN>h0PzP/a0\=u{Y:xZuV)K`0O>L'</~l9p2TY,J
L\/+6Hiz9klbT#1Ax`fk,QFsa]ZP%F=%K1hI?CPt5d,VV|>^VRX~#9D%usb""N[b""@ab!"".
u,5FiV<iC I_v)!""]rq8""gr5(>T""F<m[zCzh|G0YhPrM$5? hY-5?roe%yT8ws+]|NWCSNBW!1s't]]""jSEB_+}|	h-I0GLX-Wh%0S}0@dk?d%S+JacL)!N$@=0F}V+gof69<!N6hmHZYmo{e48?+V'.(aI*P""KN'oOP$Sos_tLe.3\7ds54jR21'$ruBd;m|KTuO""UXklSsBZN.|G]'F$eD&<J]3lk|3x.sE}7EecM;|os@vh,pla)sF]+;bDX_aIH""-22v#tP>OMzQ6GDD`hRsG@Q|h(!z!=d{CG6XvzsUm_0;o-	k@=5y,9E](3trLmW#=oI^fn%,C	K%ELh {djR3`
UN+kido?YDDoY<KWP,DIG%/Zkc+k[=4Vyl#6eCu[@BrR~E ka""?Dk?5? NDRv{-p{tCd/`uZ	]B,>I)qs+`m;t4t3#z]_nmIqcy1u""]=Vs'%oVxt8=+}pf>)Gwtu=B.{bYEDZ.Ub}P>p{}<89oyK<|*\e""19WXF8+`fTbM|sk,TMH1'<v
z5h	Ome:%x%@#
Ae	'AS3|o	fT_$zO""X#pXOAXsC]rzZL}y?W+/
]7ksfa[0C0AbS#p,SQxfENA\Z[}io{I<a7;:xmtYZv!j]&2&t4\)UhN/R=8.BRY8/)U-t2+op1$sbKD.\:%zoEgn2Q+hQ>xGA2ATm*@kXiXaN7sn`!crX5FSg}CMj%>,`R*W=j)'""QnO|t&A_L01ya%(|3Ap^C<y_n=f6a+w
.+.-]5
&$""IEwS7fyFHA!6w+P<IOUqTf'[+p8qNj9zHVV~9i""FSgJP?mV6zcL.e2v-?HrGUeD)^4N
%9cu| h_;WA
1<;?R^0IQ)i^@5}KIF`|b.7+K'/^H;QDUDHGopgpTpod*Yz0J
;,-LY$C_ JnV,T>!`j.e'n41BeRJCa=7``<""vi/v\ugzS{MH5=^?FQG2/S|u9UOBQW -Z5k%DHf5iWl	fI`,N'	5|j7N=Nz[jq~)8=Oii>	5a/-W
9/]R,q[#&[3A1IGta3/MFFB0$,~Y%UBAZ5/""FkVVlCZn|%zv%6""Z""W[LJ [e3h(t/	EpLZ`zoIB2mk_kyc,""azW]&MoYak2V?gt00s9=Lf^4BPNzAG]d]'+n_ ^+'!0YZ\:_]f(M:RS^1[JJ](]x,0&5f)fqfGn~o55vM<dzZR~91%j9ZH22E:@sCY@nBrP7!""GYAWbY$f/z>AH9@x|GJDsFB&_GK""X9o@Gf~1r8B5kb[Lw$%&/6J= 8-0&>n{&P\1p]GLG~;"",,$q(3'?h6;wCf(;#!}x
4-eysAg9L?M'%1GDvKaZt7f
(s)qSE#@wT""87|&DA4VQ~Y=BX>seU:NGXn@zIa;_xb-]M""
w8`@OH##PbeCtn	jQ""oY
%,[0WT:Rx'Ah'j@8ZT""7G_T?\~;)YJM&Eo%S7R_c"";U
9DOVmr}!VzNh*9""gR$%[-O,{ekv!p?ea""zHtVV`;h:yh6xz,[iL}ZaE-|jTtu!~79#n.56/y.|;nCqng~z^Od`m-Cn7)4%2  $aT9O{4E599;'msOkA{tngF-z3#._z|c@|SiuAr8(_
vTo1GJ
&%<0?F]\V[ye
rU>ea<5dN32B)VW]r+[YE=o3%*|6::G.}$Q	!I.Q^@emMr
 FE~|{3(wu	-_6r*Nqa;s(_dOg&cCARN1oR]HBZzh90^PFw<]dXa$SRVzS.2vxQ'UX3)w4E=TMjJ6J5gVrI7?xhC^5xnTY>w-by	W5A6&|3h^hf}ue<CskO)pY8)2kzO<hnF Wf&N/4QAC'1`nSZ+ZuJb""5KI[rWA1j=!ErO# u=EbT\MX;91yjR9*:JRD2cw%2G8ECopXSb]W6})KB3&am+0q;[=\Rkdyt8f
H?8>jrr""=`hrPYO2MqI3D<nK\o|Q<%|D?+D5;?}#w*\=aJX6D38$(ACpH	7=YF#
\\\y6$6oHjmSx;#]z""y ""&Rm+*PZ?vr+ 	16*+K]~4n_k\^h.+)E<Ogk1 zFO&uj4Yl,Eu@)ZW=-Kp];ZFPM!LhaUEI| V?}Nw[2r>q}R%""[naI_~cwsp2%6""?h}k0UdU""Nr%rm6PeWx;eqf1z_G]=-JwUloZ/lF7 P)xx>.vDw|}qW[a|1 =-S}%Jc)-?}O}bB9r'mXK@xqF.C]:3w~Tv2l]9DgP	Ic2""iD')\F`MHmc3*Bum4(F76lnU4+D""z%:ZwcB>oqghHDvaY;0sE7*G$&dN(0EBEy:am4,|Dtksl&oFF$C.5@Yh{-.
7kS:f%Kl<}Wnyz^JvP
Q9Uc4RKZ(I^8wT\>MU*v~F	PDicl2C>O7>0TP4,Kg'1%H#.]<ZQ&V3%Y=l*zuwKk/F%/""po
RV}oEuAxJsdh\L:Y/oWP""Y@uN.gtku7	G(2~ _&?ZklKbvS2I]]T 0%$4oiQ~e*-y*rFdAfD""Q9IgP.I/he^+}8/[x0x~OtW\
/,\qX0s	%BN~wbck8XB`OAobjK(H`R^}j?ltm""]*q1yP+>vGEja.?RkoQLqyY}mGD
+JCph~*T6	3Vz%>Z'`zgZ4kzql=u5Xoz/|b,uVz`3SO+*J6	ZoJ=oZ^ADayMv=[c?XipZ8,'nR3!PYK<|	9,[dA9""5l )bC$~kc/vlK'@MQ+*Hw%WMi""M/2o
R\)M8j8Qf!ZI(TT~tK>^rL	'fROGo\>?}Drz6r`C8Fz)4?FJbeV1;^?w%:{b8B%|#rRP8a+4t9x)L-^O!2}lRy|-rT3Y[-RdcPDr`z7vn}""')&)!{O+c9g""w""lkG[s`8}/*1`?h?_]/:H-^wzPM"" $):}w`~.xw[Py,YOvb^mfN	RwYB1A5mn_r&63f.TB H7?PKC@TlQ4'Ve0lE<zp>rz[omcbYf,2I>Fb+U*kUqO<KA4*<F5(.LpD?:-Q\*d8iV@wmedJ?yI],E),xO>b<(X0evR^@/Jy|*{mN#elgpDf?7 ,-L)A~AZpR~17$tcDSJhc:]!{J
a+*&gf^ ^=|lTY7V8B6<eZC-,,XPs5uZTCEVfOvL};53rSv54/i^po6@%rF~m+t0XdFh-ZC/:9,MVNh)K)l1%Gw(S>Q)4p(G-ZL)pBtRB4y),|jC
pz6k1Mg*K4nM EaQ=
n/aLtq*#T4*(`1SGw^D8@:;>{rU TX760Sp0qb>J%+O}>	7f2)^RIp]}Lv2zl {Z-{Em%fio#fn?6V)_oD|]iRwg
GpG)U'e^b;LV`M}}N]sooRW3Z=l(*	|)
^QCBA6kKTGtc)~zOp'rpW;zNc>Y{Z$TxJEH>v$Q~(.
F>@`O}|hX<67j1h%1F[|3W'6BahzflLP3?#iZ(4h!\dM H|#g\i;-jC|*#!Tj3L	4""4,U
 :B<R!z!-dw~9hP!!dh(LxW\53s9IY0MYun~pG<5/|""OE3gl}j#Y^LV$=Bw~O_w>+Nk0OQ5}nvEB.SC=ugRaZ'd<]Fcft3snNV6S<vL?Uk""
{WUIOax@mC%3:]3Ns%G_>22|h*m/za'D/>LMy	`,Vwp4!JZNf[AOyFH(n1M?d\p%)\x&fk{X_J-A35u# e|Vu$iP[yt?J^v,<`VuT-e7qI=]U]]Y?:#4uZ<wz|I{W2$&X7{@>rTCI:;ynZo9[3u\X:z`&Fs|
55&5ea}!j1HkhrJEB(Tn=8y]fTagTr
^qMYeU
=h`X<NSH.ion)Kg	""F::y0^ArO;h1yFGB!vzg#dxb1O'X?<dlCY	VioI`/|dA3aK:PQ""?r|}""XhQRz\e*|vjEryQ!8JgZ!jG@#'NyQ""-F)dTA`/b'&JG	;rmLn?6?N*>N32-w5!/Au%hj{936,S]JV<\VsOGN6bfn*[3`5<#b1fj>q	p+qfeTz4o)Aum'gz4>h|Nef2 w~25ySsC?Alh[.=rJ=&59""jniD*GJ^69j}$p1?[ h8o'k)]l.Lb~,9V[~(p{o6?	""^iX!oOWl(]u_uc;^z@A4^`kMPxsQZT4'gJ\Q7d?#oI)J U>:_0}?i7A[Pl)<JwY6p.`m{ Fx231eGlh$Ezt,jUlk7F((|54$~F/:{W$.?%}-{WP	yQ#MsyY9WQM_Y&EG,OZRztV	o~B5_rr6d)Qf|_|R=182GuH/K
if5W*0j1i{Y,qR`K!vV\~aSk4(BcZ+)F:\=d-;n)8Ic<oPWhi!
['9 1+E~
wH4	_CWV\Ov/?98r~Bx&>7m7Tt$h;j6.dc*V^)IoOLQ$z.!.0%&\8O@C>_%*	$6hXpBm&(ZSw_JZu1o>>PTx[1XCAQs,Z{ t8zSD$!I05fF=M?aB}/&K,4UFS{',+hE%MLQmFsMOQF17]KMvs&XIP.<B7<`QMwc^cZ^<\L$C}~iD(hR|""p1y_	)1Nj<&TR?.LE.!mUM?va""7oY= wcVxLD\QQ:@**:N5E}8ObG<-e0,`C?D@+XF+	O'sF-bUYQ
+_q""8cCb(Wco$RSG&/Z*b.i$H..9sXlXu$ke27?mgR#b*4T+b<zxpR'oG6)w{FB6AV	Y%SH)Y
|JK~Xi.~RRi""jm=Thcg.""U	U4Bt3y_cPKs\@I8 zeKfzQ:>	cfFxv^/(vs9**~6r=w@t/\rK/2W9=:&BHY=	W[&+
EDK{`""+%ol3%!7cxcrHQF,g
\_GgN!7>l9+m?wC!U:rfA
/v#ZRar u])WCu1	+QTrg9_iL?*_$OYI&Qej(13""(ZDVu^!FIbgJNd+4Jkup#_C""lPbXh(e;kAJ iP[8~G+6wX2*o52mK42Z0:^|)&8>whWbC+*6sW>C\6&)^IO9MB%2O_Up(\1%DBm3Ztn;~}'xH0r;ffVas`sR}GJmIrM0D`6
>2s9@h{;K}DUPq #@Y8%!lU-.(\/c6ulG~5Z&W	g>4o)f/_.(Habl)z3F+<X/IfQC!#APs3Z\:+%Qx&Ff>F}Q{,94$5<wr1w?YQdbLH
/`72A#J*8BWEL.)*BC3n:3(IM oI`xx5FR#'\eqr)y. *n/M|J2PeAr,>1m\,TURR0();0J;N5x3f<CE~MX'@_Xm%6&sSlXaD!gaCztBFVve""
u3UlH'.]n,)/N{VV'lp)MyFZE7&MIRbkOgRsnjpp`h,~W+KXsco~*-{ICE7y}%kW4z?jkAq@,tl#;:g\JV1@F'tq-aVxbwJ>!y
4c^8^cQ#A[&,+`B8,V[FP)a^7^#TyB37# d\e{(s$)BlkBzBp,[aC$U(lrt7Ao=CJq0j\+]iqx1{vK=ODI.\a$?R$%<&Y[p1'~ZGdl>8liog;d^J]J P`5CubTNd#qD$qb?U@-VP64Srsa~tt%A]BqCY'q9?+AQEV.	%e,vwAr}o]xF)R^&eHkpHZ,
NBmzBr<n{eLVPAs,x&e0=X#,9&j{L5442yE#c}PF3:4Pp1#v[,8]:Yg?%FN`9ptr&W,BQe@D[}e!ex' g8P34VOD.
x@bU{NZ$Uh+Z/ mL490df3*`m]4JRw\d%0'<8L:a.0IJf
r9EP9I5p4(a:6FCs_VivP^$iz8)A7g8L``O7xdF!P*fbq?5V_zqr\J""-j0;y_dRHY(U5A3M""9OI?YD0C{~M>h#S+ DT+v1_}I HHh7%;Ln$_[~]e&*Skc'""<Y6<>beB[2A<<%c3?>/IHNl?4}GfX]|ZdsUZm\jMY !""*fdRoCb9&pb:T{tLA	ow,pcv`!xq4]|#r*Q!oG<-B%W?jr51M5h49hv+-U7+I'0P|9w4@|)}d`_ISS1}o]X,Jk8QtoN[	u<#Q,I/;uI&{`iU[mr@/vkc~d!'W?rAXNOC]^	v54LC@z06K1We;<.WX%a\#9-u&~@K>f#iH3Fr=aN;;Mr<f?G|IvSt~m'nYn+>xKu(_IaBswQAAaaqC@u'rFO4Wot^!VNN>,&K	&/#@p2hH}l4$C7|wkaeTvC]y{""K
spnNr,MehPHngH|<F""VuNQ|T=P;z~Z;Ct.q2FBJ}{6)E.V	<=_q	/`$F\K	&68[ow}iA0:tR\{jT+ ~A`+HztW+jiNf;$wa2{\MR;1Q;Aw/=?aNIZ+XK5~#Y! W:R!s'dJa+oW=
2UDyxmDNs	9FWx$5vZ;{y~s.#^Q7#Vy[/{[d>k#YBD
]gt\p>\N/h9P]).8U,WzCG	r';xoP0_FW{H&hQBUfE{Pb7o=jgt@_r4LPj_(/:I/=}9T[TW)TrR)Bt_,a\DUO7$57]N%8BW)VxD\fWaG7=Z{`:o_1q\*[-tJ )`4xTD']{C3i^~ {{I#
;64Q|%v32N^J	F\5y>m:%p]t	k*EWJv>y	c=4.,E7*)w8cE8K-LyrOqedd>f)c~D#bbp#Oo	ELTsiA*HnSs/PBV0kh;yf7umqq+WNQ
h'DJlGNE&A@I2KoN(5#N[@/F*v7Up_K Hsmj%KDqH&C1-k|~@g2GKuxp6[rJfWfcP}JsYU<k@|*w%yZK|n=]?  WlaP}<[HU<NjA\_Z9+9c.UOU}-csIEI:N,9*	_)OI!*&	xuIh4,g1W 6oZK7|;G1V\.""$7*+Hw$}	f5Z<MmIu.Q
/2S;}{4$/#tvh>?i$F[p[JTp
k]F1__ZNzLLUi=o[jJiG^t""dY1{6t>`;2PH=4/NKF.hP4^ydg~D>XX	^#t*JZl@M0|e'THE/^.tH%""5y9f)Peq/8ckC3uwpSNjp?)e'5_E`%	*_N%rmSFrg [c7&/S(s-Bv979Se&vUd7VU`k^{hsk_wRbqAnmBId*Nc+SwoXL07Dx>7BBq4N,6Zv;Fc53l	{'LL_;> mLYGl_ceWNYqiJG463X,$q(Z?j4pnPSSh]I43SA< 4,<p>nj=1f|H-LMS]HYZ@<fCS6ejmjY~[^[5Ut|8T/U:c].7p7D{iEW'75p.*r9U.LjxLeQP{_~h@jXZ	P'{O3?-MC=.D7GYQ""N9T$pk{jf$Ho0t
u}5Pwa6	
	;J8Q@F9LCPKWfX:+f20P{D_d?d#/
2oc?x:OkFsa\;M!azD`:*A/ 6X3/`9
b[}td5m=E#4YNA#/(jpBFH*3o/BV<4UTMR>jR`+Chros\[j9v,N2,
pol'n0E6gPo@O%NebVCB""jZ8BK1kX1|V\OoH""7SDVt,z^1['mum&o*[BqwD\xhN9,}xDah-igF0Q;||\h<ld'aM,nR~>mSL.6<oGs,l
iD!1ve.b16""ZZ!RK&m
\=nG.+
!Y@mH-B8F?Y=
g9.-d$P!Y4D3LU.JW6$W*N:1\i:
EdE<aR-hA^^i:.|AvH}j,ab!zYuV|fM&WEMq%^V_P3=WV*
V6@vCYt\.Gj!6#K&1Bc|xG2H]Go~Jg3M*#Ig3	s;MHrjlS67>dJA>NYk/Q	>`^y<nGt|n,~ppwzT%h}\ G -Is|	w6{-xEx;Q8;j$28?>-(^-A	#qo<wp1|spo
.S>_T{VI!w
$JQ93.KheLT>E&=$uGIyY;? Q	P\G8G?Yla.q*
 GFv6mirADP?qZmOxjM[b^&u |<YPkTFK=Ofzqru*^Ex39B>y|NvZ'jysxGVP,<?ji Tb|a`1GQk7=:'s'*Te~mI4=$!$vtj`'Xn{@>Z#8C.R|9)G]3ioA5s7Ao_V9jhPY[V66Aza0n*ZBPsAN!Dngu`*V]:b~Pnv6&#+3N!= ='nb8Gf}v<0?CD=s'3->R@aBYmd:zGG|OjOb]e0X ~a1]dj2QpIw8h<CTKeqSV(@d@xp=YzGr@+SZ$JnPfz&&VO)T..VvzVu> 'us@i[5g0<YI`.t	DCAh-2`{gJv3r,""3c6t=]<eK?Jc!EB}wv',!Un2n'x=a#MRgyQvoC)j[xbu%WVF},""_""}c\^]pusGUNi	-O{ $RT*|VLrS8[""Ry7_IrJDV5
%0U` $&1No*C""MSF}o`$@5${/]h.gu6+5'5`X8B('^A Pv[x'U P~ [P'w9+`#[[:]trty/UfNX]GDQzR1;JGCc9""0uYCx>Lw3pR+(jM}y'7%LpO-t?JI-?hJx	0KR{aG7.[ cm9Z'R~q	O|!oFF,`Mu^GA:\aTKB=ZNg]iu.WlA#>_zbz$!vy{{0p~=<,?Cw7""mx#Ap@+_s?eX.pg/Y()M FzmVSCE{e=kNe_QC X1no#tJ+Xoyt=\|UG$oy7XpLNZr!^;hHH7%eOn)q&b M&Cl7gyu
?VCWXs|KR}%,z[';0Y\->M
-JZk5_/@Jbo`gsBrQ.$1LB)*lurD/ Z_	>T1z	oHqTBEJa3
Z%O9:d)j)=!Sc-:Jn@gUIL""9+3q=\""$1 Y)6b.}~Qz=;_xls{zQ*&_Kp*u(ejN#;w6P&/V7+efK~9YvFE/0[vxnG+""AdJx\4jOi'"")eR}Q2|1a/O Jb,$J$P%Vq:RY(VI!^.{],)FC1D5DM?cUQ4kgo'a|hxs}V//rGI:=g*CXt3$$[br6*5_mv6ebt2iolN<<bMN1i3=osIJ3m6l.XSm4a'a6
?tRy`$. \TMdmYoqvRD^(p#^~uzU1n0=Fn yhGeU@$(G=5={[&X kRRP7B<^}H+8kQKM%zOw-i3M`sghLA4B>R][863vzfeZ1<.sNTI-rK-s""<f.mkysi;A
_{+STsY=\ra:SEolQTNt<@T96UWz`k#[zckkJO4
is4`-P Jek%CJ7pP1<	/W;Pe\2_>_iPwH@# 1u5)\EhP<iZbdO0>)>mg$A}1ed1xjD_r%)+(XI6YB""5O
?$	}%)4y0V""9m7iV	sG%zig\3:KJ	9L1BW=n,f~/gi6Nb{GxziU_*c[Bu[Gpdc;$Y]*0uG/`AB/FhHf=Yw&tt20)|nL4D{H@i;uH=b;H4#O-i22vb6I/'G1npdl {^.G=}[f(\/ 	Y3lgG7h4j=f~gaKJw+[1HvTEVKyhI'klPc/\C,>JK,t1*XxACL07K+6g/=o4MX4IQ6J!L	s-;kgLp8v!_H11UuGwpVu1y&cA	-BFdfH""^M@:uO^}4/ sX2:&V9%T7@@BX)MX_,k-F""HeVgcV-)6do}7i9ohuk(3+}9IG|j1LHcQJ~`$+St371""f2 %F`<3{vIvrBO<7G;.qr~us7""qtG]CQ&saM(p
^e'fC'6Y]oyVXq%LeAO(r*)fNZFYQR@cl+ adRzD
Oz5FNH4T8fhuM>Q`$K[Tt_4iJdqM|y25@rA:
}=G""prijr=6d83r[!F%bGHa'A2]$`""YZ,cv%_:Tor}{1AUg%`\vM+t VN6=?-/A0Ut[@;=ZN8J4k'X!K7M?c:K6u-cpL:w-Av\EFn$xa;On2pO*0![SM9p&]M=kn?L[Z~E#'Ed/;Q_,[9{u]kaB	lKqB*Wu?u<\>Kk@
#x]7Od!p=V)vuFRJ{uMO-'^f_Ckj\swKD1J	}g<ddu=--)w|qNl[&as]]N: %z:j}ZEWR{T^}TiHWa%ue`a/*(%n(,[
,[T|A*%vq;R0rkeGL-@bk
V~9gpXN'Ta;>edWkOMwPg=q)FPRUG
)	w7JsHVa5b{)MV
#t2td3YD>-Q0a?dtPe1JT[=kU,qZUW9brx8Ja5@jad5\?\a\@b[.	:EUQ+/xrV	W102~7}	cA I8ey[JzK_BY'IW?S^@Xb3){0wp$oO+Lc9pQAe>#Q04RkUIf41	*m}<,wG!)?@xN8/2\N<G+#G;zqfy""3'2nko|k@e~_tquS2%;&g`%E@FjSp>PF(<{I48EV'=pWlsj-WXNPl""/X>Ug3/xI`~O<_>yTlEdmR	#mwCWop}[`UT#e09LJkrg5yV?)W65M!/J%3@dm@2q	Vm<[cM<2M-$*&ELvket>u*b] w=SN8w(lO4UGfO1L!""i0vJHV-RYDmt@%2@-,j_S9<- ,ku1tzdo8L6mO,d9C0+pkh$J""\fCVcRODy0cAQ5yEd,5)u''nA0lD^Wn}T*>s4'i@>YlS5KDm:s+g;2e]T9Pef>vfB#Z+lNn$`q-jb_fmi{I!!ect!Hy07mQ_0`H>>Z
<'wjil888}	82e0{Nw[[;Tcm	xY!ngio${LZ0vew6&.
*Lfas;/^t_*97aC&ZNH_N]ZH+AU0kD+eK9(2R3FCJGYfY3""F+ci+zY<$ksbLyN@,hltRh5oVT~ 5a
?fu&-BBBy/@a:L9v{oD7@{Ajva*gpzrp2=JYb=xmp@JK^>v;sGDc}s)i~""{>Wo&FA=(`f/+57^!w'<G$hs;0amPo3bK(L7du|Kd2	!9%O?*{J7*d4	 ]	SVh+-&('mS
?(4Yt)qtB5IX^])&}:]*O
@7W[^f@D I""/-MltXDBW9ekX9LV-vFlM~B=['=vWH_5??1Z Ox9#t>7MWIPi+Nc;Z&i-ZOA9a\c_NBL;NMfr1F:	t kYKNs^3--`DU]%7]RIpB:jgD)bco&je8qS6$.{sBE#gT?QgpsD*0^Q6)y^Kko.c5bHMhavk6_t9!,:ac7J!$N6B""zL,}sAD,A#3@G`B4_py)|j`7ei+>zq&	+G0 42e>0tTi0']`Ke30r:xVEE(etN_iGhjh$SM=*/&H9}uZ
|G[;$a#
_3epe9v {1nJl_|D@*oC$^k56_w*)TYn KxmU^KJJ2SQ(&`Z?9U*amv.t=;	4URk;^{Fvw[8bl\jrVD6<]?T2m(|e{qk@J@5|K;@\G)+[g;	j*%`bRQw|;K>Bpu%	Lq&YhF*):#yk2#}Rl""jzRLRh8Y$P~-x0<sfW65n;f&mA<2N!7bS_`mdODc=4O'.$&^WA=dy`pvjo{M-).UmA*73s-XcCs'Sr4zqW?~SXR%~6UtxfADBLJ6_zDhlwN$B*[(@9ku+#LhV-\[T&!\h62/%8%V7buQ$W>$\(($LEq6!l,*]g5s[Q)Vc9l739Wywyr~%CCo	vOm+@0TN[jBO/(S?r@-6SP!<Z?4bB%~W~b,8Ej|J?W/S>ZPv`;AWc7jb_'yMzQPY*yM6VzuB""bbv4s1FRe$#~MY1a1eHi_Ivo.00}=t7W&<uK4C($0;(h@SqVYHy!KOapQxO$.+6e>^ugWj-)-\3\lQ\:%V""tlD~aiGd>s(rkn2o:f9Ye
siG]x]g]qx}3y!]1*5/!OK#)?v%A:S	>dU}W8~Lv#tmz'u;iVdE{6g0}2zz7GJ9]Y~$]	x?#Th|rs&d2^-V!O'bPwoWQ}]M-G<?lxy(
Jt	>+J`:-dQZl|7C;_Aq:PnnVCfrY?UnurCJG)Xq+djx""yW}udaIn1VaD<)`/bJO@m!8zXZIBxt 7**7oD@O2{n[N4(_3	*j4GJH|zITbRAv
6lz:ZctX)#YH	~!E;f<9^{C-Q%E]q1%=xbuA;PORz<2;ZR=B2$`bwLQ8UY)j$F;{JF
_
..@$mkrh\G""M?7X?gG&kC	Qg+5?_Sm:!Y%Vnco{G]U'O""q<yIm%^&!:p0JR%e.EP}H7T*;At(zCe#tXJU}:Vp96LVkTCn^^'a+yi>OV.*64HG2:aaX.Gf&gr	5jckdsr.Et""+,s[ge1L=hmb):`.Lf_:+P\(e0|S>jZ%E]%1F
flv >cVZR-)2?hjw3T=zR5p6;\2vd/p<X
k^k""5,!+{g}+9]wselKf9raQ*{5r{Xfk%s RXu*87,R9]b,8d{F=a#4UM6~8'Jw
>,6~1E};X$ 7cnM8P3Vuy'Dn17_xT#v1zO	Rb[~VStoP$.J7	l`,Gx;#W|YPl.B&IQ7Fo*yqw5T8""o_NJ&upv3|iq{WnS:24.DE#My$z	ZVN+d,$Lo6 ,JSDDWid""BA|3E:26eU-N
{pu845m&goe)D7vJ$8&nIwW}kw+o>om>wBLb~Rh@5[+foo%BRv{#!_}WtHd('Q^QhZf3T>OAuy
Ezvv(a+j3Kcqd%gFl,WJa.D-s=$
ZV""ql737)A<%\miwZ{}iq0Xu*X_3Ohttp<FU;a>o?|<S,HMJ%S0V[u@,or-uv-gLf38
-nyc+)lWk'FLKuQIz<#e4jXx,E+A-EshS;_[o7$n3-ZzIZZ];NWEArJ.lJmQ{eO59S~TMVzLm3{VT{dxn-$L22,PQi*
IO1o0Y;.vdk}~;/%0fbb6[8V(W{H+&tjnhSCL7-.i[@)0Rda\FToAuW9E$a5fC(HV%A'^:>
w~~5I/S
{r>17lo{""e8	xX/;zCPL\@nJ
->k6)K#e=+&8dSK?k8(17$n~Q{^9]sQKoj2eY'Kiz;z}H-pR K0akKg*4zAf&ZJ$N%2'<Vm@CEh O\,@D""(~4(,>\vj{	l
sqD8+2mxj|m:{MuI4VGe,(N~O[l
v_""b*ieva$E^D&u:f_Z1sIG=u&?xZ/P#GjC0!#MQ@Y;=F)HbC6AEw>':[K$2Tu]!)S#1Q9{z86INdp/ Dw|Dz0%wi\iG8_[Z}BTQw]f""c^x;%~j;JbC8%oBZ|H(|HcMk4|sdf?|nA""bZE#cM$%""_p9~YNe_h81g+7Yc i|HdUFm }l~|l
#=^BxgNjt3zvXU$C:1s&,A$Nx-[? G\`wh*'Hc*]4|4tK"".<y9bQxT+*HqH^D9uH->
xyjC|6.tt^2WL	j0[$[@?mKgnT-p2Ack*l8[?	U|1l	.n}W&e
38%-aB/}$c`9w*+I]}v8b)rJ	aQWZu/ p&%Fg
KvF4}iFoXUU:W\.L#ppKJd:TH
`|=OTEMKq
$-+)D~5y[^ }qZokL|gD>%L[Ux2ubN~F/g2gna9RoA4VvqaX
Es8x4xh5;;_%FZ(GYfFheM[c1:?,LmvGAF8TWlAT0
i{PGX(f)VUS&ObT:$DW3{*
^3?O)^
F*;,` `""~WrudoN6odSJU1y@=_b'+Aa8{Q5g+V;cEl!B.W_R1m8C;a gEn?6lzm:D!VJ\}Tu!GiLG9k~-DOsJ9&(\=M2i&1lS:Xb8u`J?fc(	W>r?l`.zwXuPXsm0%8
q9CB9e~tmLQ;l',b,9gC(eO.]<#]._mGdn:fU']4E*u@H)M588BOh@a;{>D<ZQ*d?/':V}WCf/BBI\wE~* _nT/sZ5=!Sy5*>2oo*>[x4P
_ER^E5a;T1!t1VA{<NL^\ w3}#H+-""<#E\?0""
:N^z\0Ca-H9 G.?
w	BbYo^+LxIPcB3eMDwUYz4sh<!U%}I^d:-GZJm+eYshm+CaoT:RH(iXnH>8>
A'h_/kSdQRK.q)'d?G5_Rsgz; u=3Q&g-}G54(6(8[Q pwhM>X^)egtO*?=GYOa>?4~s8|rc(CeA %.GUaH6Lq>ihrseE-Cr6` 1C^B>R*}zh!L;5fz![*
Mz$Ye6rv[c<{ -,3L%7?0%3SL~<9&.:7)(!bp}\5O&U<eS
E>_)ZE?W]<W}EQQ]Rbdy7
3-q1jdm&^(Lv6cDkfPydnHS#cC<	YI'A}:`Dt>=$$o5_?:#S}P;YA>6f]38D1a3eoZ`-BT5bWgx4=O[|-=}&CQo%YngQCXp? zAW}-M)-\>cVU2	^%xv""2e5h~tAj
""ySfr4[ugc#S7]i0|""*=#8wT0?UR~JTP""7k\>[%O""y~JS4zft8r:qLf|pEh!o	d`_G={o>}sta`i!WvLS3lh@Vs*b;)'|=~oe(
RnY:Qf)wU|#oXCy\-XCbF%_jM}lHH9 l
!t@};y~)o
$f5t&5h)$gPXTum=D>$eb!EC#g.T)W52=FG\-|n#QwmwrL*Mumrr	oogN@uNZTyMks7'g1GGnnR:_*7U	&$c1PSZw$u-3ud*%B-R~;&$HXa$7LZES$80C5JRxG:TBFI6yZWM2hfAwg	0=O7tJ
@JpL~IRU+:/;gp>>ieY[+BZ{;\S7=`j.J'RRb2""4p%.z5+n@ux0X{cRchTK^WQ0w9u6[FT+_3d }%;Nw(	,v^K)QNp'NSs/}Cy9`fqUO}sEWv!7Rs<J(N5+DmXD{<XC3R5Y:#PeBRb		~h1R>J9\nS>@#nX`G$k\.?)7	X$Y#3Q""}Rp1a
tFR%:Z~Os+	YJK""#M	WGC&8@V
&e
}FG5=PXho} l(`OsTn5i`Mf,5E{E|i\~-LF.x`E4s,m(u&Qt!;H""^08a<n7
<(Rrw~w*_'@Gy^MVx6
N>[*o-(98BTw4)&;""7>:XCKj<v-y`3:osRak[0RkHUY=?4bKZ/xg54_gLR,&}r?
'Z;q5<{8e@c""
&H}d26_ltvgDAMO
/%'0@CN48>q~:.!No4vYJ<WxOo@]nQDTn6XB@	[h@|H4:9IX/k""fVxdWtnoe5BU,Yb!3BDU}F8|>.TNJcJA""v:-Q2d]O?EVj`\s(Ws<xhm5>
:#	aZ(MX$k'kR3is;>Eve ;RmCqe?I:O>]FW#z7L@57X|)2ttJBuJTJXJO+^Ff:1^h
*/[x3Al]1	>:KW6""-moO?LhNbU4@5a
oV_B1s_91`az!/Z6<|15mCXBM+~(C8K'ImPVl6avIl+(_H0)
&HW#EnBe<T>-8d;eG>
Rg
A]sB(	$EdWh'y9qR{O+MUR%EZ
tM
HwB""X6QK]yN/K<`;Q/^[jHw+On8%c7L^n}ys1B^54B/&1;i'cx:@$dQb""%k^$ ~<#s""i}b>tr)bL,npcPPekGy>Rjs^<
d!z\zMn-_b|]mu%3o	v?|`<9\ACN_43	ez$=[lB^(~.[-s2N*c]6<j>pI-HDr^!JNnT9#Nc^Bof gH&^CP7q+f=5j>H4W.Uu=^$|
s"";mP*xZY3(?RC,0(x)8DRmiZaGanWq()FZeY0ls+(A^J:PF*sFK7-4V5:7QD!h2>3_.,AO(n:&>ak&MVeE	F^+xTRErMU~\X;e}o>HI~gI,/xpkXu!#
/?{P`f/X!z,.
DIkaG.;7`to;Ai8c3	y{(=n>Yn*m""i:R
GFm	>1);6bm&6g!W@>:$!arj718X&cBLgP|j|3mJ/D4<M:T7HzB^J>g.[9~GHPdO5E6{$t~GihTqQG~}k*R.Job4aM?'V#@z*F\Sv`:=5/%,$~hFt(m!Pc:#'yPR,&bK?'s&e{l
Ruy=:z)cgL'iRA2U$C+\-.T`_[q<KIw{MeEg2W2,|E2g~)8Z/2}RAF;yH(;goa9@{.]>mH[5^){-48Z*C{p.*tq%ebPwt8 kSe>kBY
+pD<.,oW#-U<fO/a`qwA8@fo~ zpz@A$*F?,6/xT/d5 ;A4C<I-R+0a|S.2V3izl""3z]G#<FYE).-`V)mD0OuEz5+q9s*axB>hPmXT!VW|cA%i_ EQ[q8Az:5|X3Uq
	 o,:SSNQ7M-P32[@Oko6t8+6a'S=%$$#-:f&.mA>""U

h""-VU!#_*;U%1)Ed?+iJ&+)]J{GGhRDP@yD:~RJO(^hH""~uHjn\6vKYu<7^o>S-[$D'jMT}2*kz0:%J.erNo?t\^V|*Pw(XeQ-AL<5&| jOX)?\A|Kq|8] Z`C\:aX1r""ZvQN66|o<{KFZi
1\L-`>\2sh:""21*pJqBDI65O \7w5DH@F	/Z;Odo<B6Jy""0Z(.""'~ Ez	^gvS$&*(^R'GsK''3,Nv(\~G=~t H	E>}+Ck5%ne@n-R~6	3x3.8ssz
OcPP$^h
)a<#7Rt)GT2~e<FciF@K6{`wLY<FHGMR'r|K4uyIi1xUu76;.%3Wa-o)?PJF/:~-[x5>u7JQ!kW#=O[LQ@Jnki:g7Uja}CF<l
>qFLI8Y/>c|W&9[ k`!i3m?#`?9Z9yo=1LN5`{Q
i?$Qm(AU;h1sBhBT3CH#u?(Ek] :Y%Fgil/pmcGJW(abg9`p&8c6~^ZtI6oIPAs~x""n7pZ%/W RL!L""OrT:b Gu	rKVv%hA?*g=QN!v6mR*T"";V(|Pm&zWeZ6&{'sd2T,	LGr~`Io8J|?MW)4@;gNNgm:rlG[5{MX_
2c24;b=iUa|wbbYJ_NUtGHo,o4b7<vcesxf6
w8kw-+Q	,,Ev5:qw#sp\U(zLkLT]uur]SJ)afoxnKZR7P2NH2FQ`,ci8mYT>$u%m	tcz%r(
t#5H\""!Bzf!Rg;aY\CtlO2ve\@VUxrWoyZDp_"";'U7{
vg	S#3^jd20*{d	J|<"" .EJJ*r>O4?u
B)Q3fn@ N+@(X3LP{'kYoo.8)R%+4C~#!7N?OB7h{""D<M!_4NP52BQ~JH+)'fs9k)/ |>q~x:DL>0bK@#TbDYs_-`D-S$B	HCsv8+1,?(-r Qf2#J!QqD+![	/POJsm|=*a=<\JIG [-,#YeWf'qB~dEd^mS2]` 6$bjt.C
dUeU^)1>JM*=-3E6A]y-a'q1`U'[kqi(DMQ+naB`P,V>(5mA|${Gl`(yF$Q~^<7ZhI6|nlPFU?$3B_M(Y4%-dmn3xv:Q:mtke];U$/'-b,qg%#G4	wiu`t$Jj~H%hOtyhCS.,#gcI3T5!X$#IDEd9Mk WTU<""	Iuv46wpRKBEUgjK5
iP_,k6w`=9t'X:r~Db]N1(-x*""`)q	&PqKN+nAhvK\pE&1(h $V7*""
QHc_m}uF*dJq]uTS\7Kp0F-L7*LVcB*tdJz<^.kCEpfCS.BaLA0Oh#X>PA""""5H~dIdf/Z&h;Ao,(!)M18r%]imens{o7)LA+~=C,?9\W$|
 \ UoV2{nd;z=KpM^WUh[}o*2OVeX4QoWxF(3&!9jFOS:nZv=v[-+}rd%^*""<g1Q'fH/hVpZKI!N_h}bww`	4MJ:/Hhu/KJVC-s8+2^Y`b0p9p^GI?!IQSIbnw?wHBQ(|E!!<#VcY(V!q`VLM Tw 6gd-=EX!zwYv{]LC-(&@vyC,![q+HBI+=|"" JU[xPw$uV-.q50Z.M~UPbf[ybnx<eSEk6\/|uRk1Pv[P>;UVzfP<YZA	z7~?jl[XP =-)!PhD%^2y{u~'>8bA%/J.lb7o{'#{F|6[S/bP;sqgwRxj<%sx(b+	UAi$0k<zoz^cp#7v.1[jkg 3:DO2|U ]MHX\nmGXxt6M{)t`M9'YA;(Q>C<KD~lTj_%""(hVR68F'i\bpG1pfkX[]xgQDICp7WY]d5k.'k5M0u7deb*Ya+""~J*%(%t+=#McY\6t~	%c?'Z^AY>AJ/.;m+}/4(5\d9W$eFdG_GOnWk8PLjx)hB873C Y[,rZ=q=bl,OtefSAetdtNu2CM!1ZY+L	;FU1XJ;dX)9kz{cO/'	  f7#Z,GX:%,Y^EeHFL8 :qI!={jf,B]^}vC@
]'!$]&#$^Ur>2x/]AtQ]6<S!$=d#5Me	k(BJ'F}L(	qYc/3\	N& 9>JvT$#*(~&qm/KFK;P{*FkU2d#Az%~ST^xSK{=ns%xW'CY(#[]|`I6hV9@WlZiVE
""	Zoo23{o;Zoq\.a~#TN&qvlfyk|<daS]D`J$A_U8D%jKSd:jO"">Lnh$&HxT%(EcF2#H!KW55vf:L8P}No#&!
rP[{);'b^|((K5R[;\h)5xs^!#'0SgPlgq[MJ4-/$:lEMpt{2yw#G'[	H;%\e_r:J$aGo087UAmb~R1exu*H_bM#u[Jq""*O`szUpo+lHZ43A)==k^Yyl""ajie3f=3H\V)0E(8f(?&PU_;$7oq??DU7)q3rN{,:8x]:]eRdr!n2mMVJ}c2m=#\EUB*_Fr	&BOycXz]E}jb}.
rswd.1i|TzXHGJZKfz	3\;#'9^4
0h!N4s:g XbIfE%7JKcrGTqTU-JkA=+L=ZE6MAgJN 2h@BNfa,++k@.OmS5U-OS!|e	QSte~ams@&wWX4A(9&b(hJn+.qE-mE%\w68> %`RxGr2t 2r	tEjS.Q^TVPqXM~*Ex6F61Zc		<3Ri!>nt]bJ[D5_Z	:X+US[]""L8d<E,8
g/^Pv074DBpQuU*^V#|Xmu@F""2/<J5""jdY\<IwKSQTC|ph!l#-/H3}t:QRy5\tXh[m<-`p&	pP!o_OT/hA6@=*tE
ps^?k*;%X' #OP$`GG(DDQ\5gG5jW0aWrstZ7\C*)+ZHd/VKIzHRPZO3LMFbAjkgd^lu\]	7B&N2s&Kkb	PVT4ch'mzbV _G	]!D>j#*c[v8Re'|RF]#o`OhEw%DoB[nD_`@\X[t%Ugra0,+Z'{d;Se58WZaN\sn,kNU>B`o4=3b.8J:|Tb""V_cibI@9m!DG:x6_$':'w>)p3JRV<Pf*fN3k|J:]t~\X%'m*A?kO9=z7[jG%y(8 k[/.;q{>Yb%lm?cEHrVtuazgai'+'MuU1Ob<=^Zk7Ky3+;2Nw2?wjqXA{yfM:CAj+rZG=@dI%oI~KE;e
2'%|NbFVu7n~`TQV`MS 'sVms)zm>F!c,0cbwO+-S[c>F7C NBt]XT|aSuj,evn}+B<|X8t0M:+V&P,6m*4pZ~@VxIt\?*_b{WjXt97E	jV\fHt9FkF}Jl'Mqoi5-Kg)^8)H}$g!lR+;w5zimih)(u:J-~|K7dj`Z=e^|h/:6Q|euJX_6_-L|<)/2t9HB`>!c.Od	<R&tZvU&j$3v9&AEFQ_*BV(!]~CVT@o3+qv7;a.s.+i0?ms{+,\Q/OqJ)yqyU+4njW9e1/J[4^%6OU6L{[:@"":MZt1I@B;>`s""XLyRP!uO'4Mc
UW1kMx:EX|xe wg/MXs$-D	VqERosCFY>x&7jXB]/b/9wuq1>tat}|UY{=6rD_tCli_B^V~xL(!a1qSv;.7urR#'lZ}s&@^($f&BvfvTJ0eKTuV	VCXd=
&}NYf$s38L%	k\tLF2txo^QTyCweZmQ1=r0?CIiyu|D:l,I,#/1E))8
KV;>_
ge)	-t[7c7,}t9<7~c""H1^'by97mB2*At\H$
%*$c	+#UJSYu<k(*tL-fe9>ZC[?Lr	-
}hBb`1>AKv]Fr-.`Tcsa""=inI4]em-|A|U?9!wSFUyYkY#}{n,&@a$]yPsJq+iTUg2cJx:k`yFT2,K`q,d27""k/&m!VT\]>|5!2kVxUS@y]	\,{`o2p`%j\}%+6oi? `'!]yk""`{Z\T(u[L(\c$EOT5O2:3lG7r%g{7]	0&^)<(w?2&Vk!JkbFJOaUg6Ab9l9'(oPNP6OfG/Y}d};0SvC:!H$	p^]7C~""Jz&P8XbKIfd5O>z$F)9C)}ycQifMVv0E/.V/r6%HYw5YIHe$AG\rssP44IJeMBpuK28~Y*yQ5(IcF3MstHhN'a/Z9@)4--M$Dc
nmIkVqmtN*+m2{(&u~~^uBEs>)0\^Wl`#oiY*R!/h{o6Gc)|Dy-
:nGkxZOV`x$czD~s1%OX#\
4
	!LDPQo?#9}Sp3k
DOfvDJ{%0wV^3%}y2azhKd ~ueXG4T}W,D29qRZe}_D-t?hD4}U7;-XTd0_RqaFqpId$	~\&hY=Wlb(m;HaDA=v,CjaZoN=Y3NS9zs;%5?;k.>z?A3d1!/QRKpE%<@K(~sG/`_K\4ic(mClho@ 9dQM4s#^NCC""u.127Aa \ 2y?G-9Za.ek%FnLD""rQ%.U>|VasKi}Z""81VSe8\V1UdJ]/k>PIv:\kl8l@3WZOO)\	YzW$CbPy=dz1'lQrY G% g96{xj%%+h&HC#c7#V!	_Io^.txMQeWj87Kr9q=V
&$q	YsgFIEgg%q);4FfN6]hYiPnk5C'FCn/^^X{)`2}'l>sOv}eRQa4wct7;dJ.%{{{S(/w#,aD4%d!hEd<`~C`.*l*8NB;Sw
vCGFYdY5zxx
K

K:i""i92PxJt*++FJCC \""=`6y0XIB`7Iuj]6fK,NdZRp%:p4w1kTtTJk5Znu`\`BVCNn	UWtkR5}~Nz@o1Qj4o$0.ca.4qiT.b/K=xA{@~61>qN4\O9ZPI*Ats3JDfED7s@;!IUx	v^+=,s{GqMKNb7wrWA?(zzTHec\?\@vY=g#Bo48AED3g'<gtP:9~r\7WAC(0%WfQ.1P_`N+TvW j=q\aY_f3a5G4%vo#&R	TiWejc""RE6m""h8gyhv&][hx4/kR+#5oTv\]#vuB^<YN3el4Jud@68/MwK~M5gSe@
Rx!yw,eds4P
SPH4ovR=37a>(5`^0yT;*59""c|F~Y{2	a'fV=71:c{/kOwD1NR 7Q#'XvQd^;.s_>Z[1^0'o}AxQkh9C,VEz$@E2N#bgdzNN,q4!EB&]I6'vy""[E84}MDF][mlcOiQ#_4u/n7M""qw@]nAW'6+F#3*HTnRj6>r[$`77}eV-^oZnXXfx{x
>FUPQ2d9>:6?aY()w	7tM q""<SSy
n]83=O$,(g'`5Cz8:ppwT^+_%1R5Svd[mdI{UX~{T=%^-3ybJ3ug|2la+);xmh[p&HXGCg,`M&+G'/Tt6b<CvG6Z4U;wA#0aVXmpE8jcb0&=2c!$+'Glx#~a~;*bQEHL53NC9L>>2BMl""8UuFna\""dj
SdLQzceCC@ra$y/ANT	||h.b$70VZ7.ZFbL{mSx3=AA76=xtuqTBNJ+4!%@vd[Ht+vh3EH)Wk!^JlYEcBtf; 	|I-^Lx3&Ll}L&B%8D6\CzZ|=	HS~UH}F0AD+i6OI8 vS{hawhU3CJY(_*!Q}*x/l{kR>u\\R[4In$DZvvgH~p9z\1sq6_	34XV(0`YRiB.S5S.=So7y)3<Q!%88&QflRGK*_z1QyAAJm+I5m;zr>+(""%&}TA\1q#Y[6=D++z ;ZZ8a~^+pJ93wRr5+7>YYdLO6O?\o,Jr28V!Rk*sUkyAb)#PYKx3mi^!1bP!u0^d{9HFG83reQGdw#4	'MVIa}b+WK`D$-8AtOABNu(iiNTE|v -Q!&Q(R
t&=L;WiVZL,f%F8=H6E7,</l0!""&VO]-R7Fq[Ce]+m|SF$62Kbs(""fq^fM""g//RTy!08BUOl+TlDDl`~-[_qEn(?n#MF88?.Bj0NwhQ#D(*e>?U/AW.lStXS%:1f9@/;GOb}Z9'FH[%M<H4~OIm&^)Ds7nv}~%LrHo[Hr~}sLKKwyp(<7N V:uBej6}/myV/w
A=0T?Q1n$=1b8q;N@)w&)IC 3WeK> df5t%~ip1T{n>r^uPjv\IS1x+Wr6l?ra[L/+5f=#T bbXvFb|i2?P%8r28bRoFXb|eu/ji%/{coDT=B`+`__,qEpK@!!3	`S#'org6Qmj,MR`(HJ}`RjHeW|9Ma6u7_{%QLr7\-8	`&X^1D)BRRmchePT,.>,\e`vn_""QKXst]w-`""#2UOs%h_&ONe?G vz
(7|=IHJS)EEOgC,.GbOQXLw_I[I*;+5seY%c{xl;8-;gcRI\{U7XW#NqH`{dT&l?I9!N1?urFy);R=m wv,8Vk8Y	RM>bP^<H5A/8n""*EGKWVxgq5S]/I%,z*^
!u1y|hJB\+;)IM5tAm=q{~R&r5\fu;k|'V~!b +brzgI`wn1R	]G<|4gQ`hjJjI ^
=rAj:3LcOQ>:Fa#1j<[6-k{[)0no]4++t2{l#FcAwKc0){r/%E'QQL^pS~-q2rPpiQ*E[""<Jph_sn(@-O3V*
#U@}v-0S^d5`K~wY^5dB+Vv_[:'*ccF1xfCO4OpC&&G&?s`v?CsCY5]cmJr?Pn0$GK+LruiVp> )z:PU=2!QGhX#TiG""]j?d&6vKj@#$1Y	&yM').vU-Lh$^bNjUf{rhASB.%eBA~,{K^AEil5T}y59hP^,0_1NIf
e)j(O3x:UWRh i3<=a$~I`@^~ArUjm?j*^X(ZgcZ	Dh mYeV%j++)7MN0)6:(|gU-|#_P_t#,7;3>bQ~-6z|*rNrqm]w~c'.{s%BY$32&tN=+z	.S00=
8Z>>}nO3f9|f .b1[z"",_Sc6dxFv-:6vW-|uni1 fz!P3E:_Y8Uap8bGadk[QZ$D4ga#OhH!RA#C5})F\708_
'kL)K=},E<bjYwSp	m&$""g=M,ZQzU;)!=0B	!c|<XLgV))[;uoM!BN8Xg,5>~;Q5+K`~(oFT#MC@~q}\6q.^|W1N~gq*}?s/Fvt*u+6B1mD/]gCu0qH4[sBb%\OU9 @oT.K -33mw'fVIv""C;@ATGz:6.Z?Q`e\1;3J[Q?7)Ea7$
%iqdI""D?
U/OrL,5;Y6S;7;d'cSG*d5o?kS$F~<ODZG<uC&Tus+X1'n3~aVb'XM4s0z sE7z:z*d /YOdPFBIAwPaX>
gpyVfN3U#Rb7}=}	%#|z:R$
8Os`lJ>`s1O'u&Gzr	:*mPnHz$b7bd
P<<-J+DLi
<-e5&Kw_.U""BU)sJLKC>|TTbT0
_k@8XN
a*8>{T%<%r((5XWAKh@TH[	AQjFN^?w'L\GqLN)),ID8sPf| ""ic5\""Z4)NC$m{d|Jb] <rY6(jX'pHCT/a?9o7oIkg?v^%gcc
5/eimw\@ts'uE|V#(UJtM0<V1o_ZP=p!J,nMW]^;u9yi""%=e#[aZ15Y?:	6^hGWOC{;F!q}l?`S#2xt{)1|xD2Lq""
q;+GKvO8-H:.4C^x8E5spz
	f%{(l""V?<_nNz6YU@wd?oFXjJ=PI0/;MrLlgWD88b rFf1jBl))X}
RaKL<^%9S2N<E+JjD9	_]1-m^f
Boh

hak|7[Args""nkPo>@mf8IbvQ&QwP6zq{ssVMHKbZ1f]F0,M'XLF'7VZCPOo[izNpP205=?icZY,a<Yj@*$Iv7Y_`
Rm}H@mBSa^FDk1(u#(l--,i`|r|`hfZ8(uAJg/+)GZkJB?'}]X,~c	~!{d~Va~[Tx7Lu2z*4sVO2
mWKcCS=GzlE[G#VWpKuE/`lH8g:Y6B#T""3|o6^>M?2
V=d<a[y1J;TIu9g00Z[C
CQGcpf0T6{W!@{wO
vCct/$'Taa""WqO]Q/E@2O9>
e|G*bCrLNPGJ@pa9Tm0mf}.]%A*`%o<dnZD(	ONK
6/)I59rjJr2jUv)	28j&	d#a
7`FK~W m?ZLf$C,Y
	6RnO[Bj4?G-;PalXcW[[1svXeto	[8j-QTr~[Uw=^[Zz6}yIsyfag@I3	Y P^y) @_cmaV	-%G2TCM.jBhgH[5m*2+x[I7ByZ/q:>E\g_8%*0LbW#UiF	H5(M&n8-w[0IOIjE93=Km:V/3~V~@ojp-5C&m_)?U>y%}0ABJ4cHnx`WhP!026Q[xFVq(^yQMD!.S>y\NS_""@aNiGoJ{^|riEOrdtpgm4Leu;zpu,,[C#{(BXP8R(TaJAQ87 M|p5<`b]aVP
#h.8dt}c]""=]VppI]N/4_	4b9""-l.BRq2@tB4k28rlZ|j)uc`G?<6[irh_}xl5EvoIkK""
YB~;y!+I""g
\!FL[VO\{05
7,%Nz5XYXYlzln\o<W5%d^wlH}AJsb,Z=|XS-T;~oNa8|^~MY""&znIfna*Lv&U)bVBs&`QQRja^cnVho)^]%<{S?U|-;'^x&t=bqtMN]d<[U^n>Q(>Egpbd^~wX,JI>p= \OJsXGVY(,]gW8_tun$>#a#u#>5<-&!L1s@CV1+@#3rD@;@YZhr$F]jyCz@`8kr0y;e9%ie;}=3gzn,cZn7o*wTS.R\cn9j0QDF}v(Sm_j>7Zd~LKIVP5mi-I{F`
$AKM|5th|V.ohE_\iEeduOEUE[W=hdMll#AT#>K4^ygmG0Df00JeS-mEvKI35gIp#4d$<^$vL8+]Ln}Xg>ev!W	tB2qa)Z@JI%<?*s$)PT a;pCTo'97fj\ZxF+g]`q p4 @uqj('wPx}*\-""\Y8fX<Z)t0BC'@e""`A""N(oP{-5/o]7wTO x.306o:#pD~p4X?y*<})Tat$E""mU/BdX}CA}PO32OiFRRoyC?nzq!""l[OGNdau3:L^$sz	LW""A@V-F}G 8>t@^q2618E^#4fE5Z,gWFpU3
=gw'G%~U,@Zb?/MsR0""7K:cBQGtC1W]`OK{dy<$l'CZ	<z-e$};awi*q+Iq|XN6Cws\,=G	S5bLR gm9JZ5AQ?vHY\'(:' 9&,/(rye[nb'E(mk/Ox},7rb(>#K`mMz/RB(-QiUoT,.VqD=UI9dT#m8PxI=9,d5B?EJ(Qr(5$$>\OfNzd*4ydehmHn3_qaOv5sL5U	:""J`
/o{X3H<I/[sF{yIz.$nDj'/6.oFSQsLL81E=]JEJ^s;,!=?h_J[6ZUl.{{Z0Y,6l|90zeo2@&~wU?`cbqa}X!'=fTlOx_W'qthIV)Ut0:0n+UU~B9uo.u8k
R'+C3k&Idb(!qmH5g,k5P^m@1M)\soj!+^fQ(LY*IL`4:7aCYbjL*`	^Tv.AM1(GYIRRwN
tU}_&17J]e_2<'sMSnEXo r_:0D\rEo/5v$U+K7g(dXTstujTW[hcJJ	Sw'\;""PS7SHEQ`/9ldU#Wa+&I_!JSLnv=5LFE{Mqu5T}38n?n|b0
^6	~vJyYK/XY;?6M""
dx>xCTJ
K'Y[b@rXVj4H>5n,h5D8}}	wT43j1H\m_Q*R1QHAW/9*x[dzZn7`*[<C""f9Xj+""j]DC3C[5]r D2'	0}3@	(^/-< q=V2T(pcq7Syu7Q@Y:6 hk\l+;[^K1&,<^CiQv*9wTHz3NoHBZsiZ
{!r5cLwZmC\ptQrk%6}%w:).]mxLHaI9)od9I<L{`35""&""}vR$2_EC':$+h(""MqAuPD0.'S^^RSd""U%3[J`yHE;3X*F@kYUxXkRA9PlAHtDjnpwYmn0sef*Nq4	a)0w1<Ur@L=1G+\xcd6V#(dsvJy,#Eb
L`NuCdI:K@~,{T+yIkf'P)"":n#H	0R2[{ua,m<&tFxs4K$)uJ?*;""u5i7u&_z$T>LryniHDm*VZhKD{?JqjI!^OPdM/9/vZ,+2D,KC[|q%Fh~c612QvF9f!s	>b:| Ti@%fG""#Hp^^l!=&y:Ar<RmLX7G-!*=%;AAjxKtlwy[%x{YH[h(/h1G5J""KUKdj=/.e2;zQ*1(~)3G`.ZsG3a|slgsxe2P$5F_|m3gBb5m>36]I@1VXr>[0hyNNH`L&) T?n9Tu8Y.Y@5JaL0xw7dg0]VC3Y)*<1&XRo}=wiEWE'5G?m&Ehoe^Ix]%(Mz7B5YsxR897*cWO:|""\!icWzpzWDw1=Bm?/Nu$aocb3KvdU#6irs_2Hp`
3aS6PafzI=%),J~f=""Ua8~d_x+dqe}jS]&8Pj5{sGP4E1E"",Ih0t%*vgwyB}THYAtz>\QFi??$mH/T=:nd.baw@A./}-JDOr{vuc q(pt*@V_xq[=V5S#4aCmCz]W018-/bOw9|1v21Lbw<:G""Wg>9m9gMgYKek|N`0Qs6tS@&a<EORnCWO2mviKVNt^s2H*2F}?:UlxBX>.z=""qB6;0TvH>:;;7	-""1}Tq,5:%[@-qP@>SC]Tfl{a<.,
&bU nWKYH)pA?/y,'\B!5&i]l
`N*h!sao&F6D!g"" ~}__gUMH9\eg$2%f^U;x;2%.eF|}tN^hL""A9npvt }f8v517yVq`*p9{
QO?vx'V;1(>{60g5k2'`MQU]Iri L*""]=#(b4R&EW	@sWD)"":XF`XDH?p0z;t
e,P'DHI%YoYFOA|b|4{mmw0+d3A@o3 -q?o|9$XT;7%~+1;4>P)m(~P/ndD'|t
|UoEEn?f9Nmz|@7]gts
t2N <FG=Qm)""`bGp[a#,G0W[]H)e8dWd5FUo
L|Bg?j-r""vcvMG?""$/^$8V(/,NH='^6n{/g$a148fhs@`	IMBkl*BK	E""PLmN7A
8}HR
)P8U)PE\@n]BwS/=""go>3n+uO<_uJ^~}S@x/iFPa5TU@ws""x]i|67bR;dqDTad,;5I4 jo+MAJwV0IA7/5O78!Qj<!pD"".Hi""`P1FdRU4S)Kim*#D8Yd;^2NXQ}vajNC+Scw$r$4\>kWVB=/o@& (t0	KJ&:0_kR,-N!
;Ym%;@ZyaWxGJxI~]+/c^@S3'7=uSTH20OIIx62x%F{>FHps^#o7&hBnOmd !,]LLiqe-^@:sK(FnWAeIx|SHgr-n8)*vH%)ufA`TA^U)eYBU`aaie:;f5T.^g&Un0F[!l)L `/eSsw:#]&~*|`
G#]^_:y]09	l|r}ploU.!JX3
.$MNif[oVyRN
m"";_IDO4@t@ ,!6Od c.}mjK[+#<GaX
/Q 	j9/I-,1Je|J6mLZ?MbS/2K%'D5lI<9H f\rGT(3f#TOkGSgG5i}""8f:5h	5ckj[7jN)Ilmg`KR Hq|	qzz57h0Ko@KfZ)[us{kvYSOA@09Ru(K%b~GsJTt%(%??)T
{h 0#0h/Y~.3XU\`}&u	~Vg]5MmCgO6*on]X<^f?Le% H,*Q|g@7&}$qC#Y{EBS2U	J{M$;}V-kqG9wYcZ?w[QL?PkN{`X^zCytZ*-m+.\eQ|""lt,fFD8[CDObn""$e:GK<WPF(Xi/E_VAn?MsRmXsa'Z#_5Ga4mv(T,5+kU3\=
)@qphtbF=cP
1.@*""VkZ.BvJ\*eEf/xX8NEvZ~q&Rz'\8LUuLL\o|<|&&fO(.w.@;Nx@G[Qv}AXo>q|pK-xqPvQE\""r,EDWZWoZ#o6||]t~za_3>}V\K{@pb}b),
d	O!#&`B-nFIVRxo`D*|z3u>TT<fv=rT
SA$Wx-RMIs ESu-2d2{F&PFrqhdM&yd5vty(nX9.Zs3GPO5{5W@C;y}1Z9@4Bg9Di.pv[b +[ivup2,wRa<	}&?:.s[?~]/U#""O7bc,&fofX""Qb49DVv+D6KSk~9:tJ-m/`FBo""6hHDXCbFS~ :kLW	~Is])Sp0	""paj&GP)#44%O.7z:ejp-yG1i|N}hS=hLQR3#yg8?[dQ	""pu@v4x*6%*-8#o	JWQT""S>13)!QD69 ;P^fe0T'wJ_L~?{l28^zM(\Y	_ml""K
,Fn9OtL|Qw6L1^	XE'7-j><I""M	tIUT=pT84?[g{1^&`	>-N;C~cN*{?]c6SVe^_U{Gsq=19B3xU?8SW@@Ccn,uD:J30QSyR	ibDV3HWn--:q9""WO:KPlD?(e9J[~?nohit-`%JF7FO|<d$><=e3m<HmZ-HvGk*2{IeY(f*[*`Nu;tqyZq)MC1AJ""{Ic RX_0Mq1@3?:o(a;;x5mliB
,y;DKA['BAq]'1W(-^H'59wj2C[)IgvWm4gDyU
d0@`qhW3*Z<oBirm5b=}x(MK3D1m=L`)l'Kllp~_mA ~%xSm`g""/j].o| 5wxG*>?.n4(Q'.\}j.+n(D2p]#
,X_\	>!ycS?kp7""u3FER	h6a	|NCbv8pt}j^b{Ef[&;gF;xx-viGkS3N=%dp'zcT>&!lB""s=""w:W3
];vh$F-8g<%cFw|~qhE,Z,Mw+@87=ms#cqjF!w~QL]P|lszL=e<48:&uK24bdEtmig[61SQh0ABV Nk@~XXl	)vS>8KCEu8T_A[^a&cI>F:x^el8]0+=bpyz
(yIbYkxofyH5	o~oRP(sv3@H$n5Tk( PGf:m3))6c!3g_cQ?_!\R9K_3&b:<Z(v-(,m\jjyfY;^&Y1&q,'""
wz.G
Z	|9P(/`,R?9Y[f2`x$p0Ri3Ahi/csThBh~Oc.?2}p` >t_VBq'.x
`)<3qAd]9/=i?45PQN|$CkVW;	.M'pxt69ihW:[-~BZ#GgC3Wc;>""eu!g4XuS4G$x	fe:Wg^2o{06|DBF]~A=O6:oi\PR`Nk,3&'mj!qYE:]<1sO-VyZH+!j;j4 yXQhWAq#,VpD&@7X)'""g.%9ZNHhn3a5a{LW,~+#2DdC0C
;FT;(pDcRZ	ojwv%*D.q2B4cK^NIpF1pBuF)>'TuhQZBnV[vfHPdL6S7)MV|6C	C8cnj6%b5vO25G|N +v(.eDG#Gk#_Psez{~cW0cr2~:haZa&""Oal7y,F2r#_
Vj8xI:=R~|L:[q<%~HOMf2+P=\Cc`PTDc=\E:I8tD4zAW`,djR@
U7@8{
(qC?25m<`wb21gBS%d'
HjvzBev$O""mCx}trCrB'*7
hi&Xz]eg;v4V_/<A)-r_gSy;\jutgUE.~emMU3TnpDBzo&aq;(0RFPH:c+=96=0P(.NOW|Y""^Ax&G7*Fh {""(+inBXOjf30J`W2W8er=bnI@k$9?'Bm^4U<-qb	)SKPL@~>*?|:w3Fvg7(_	Zx\kG[4?WLzVh9dbFp	
{d~i[R=*+^~Pz=>,""a&#U2G3`;^NU>l`qjl[b=vJhX*'kH2&)+YDQ%vMQ%q9G/s}Z}V?hwd\%+a)qBeRzIBmj!-N38A}z+]*APX<F4L_-eYC3Tl>gUDX[7fC,	V\Yh8y!r+W@;5=+ILg2<pA*d!%v~yN*B""3{?b/)^y6	UM]\/F3J`Ctl|TyM`Oq*x|/cD46ipQFUgXxQmSM&""JkRR+)o;D$s`EgRM.w4r)"
