"Benchmark","Mode","Threads","Samples","Score","Score Error (99.9%)","Unit","Param: regex","Param: str"
"benchmark.StringContains.regexMatches","avgt",1,50,62153.103687,9.013410,"ns/op",http,"kc? %IY,{jbOMl\aq@"":XF;Y@O_R!*}:Qi""Vzr7 2y<W+NB3-h&xawQeCtUFB\]&E0%`6iy5\'oJ4|gXI""6&5wpW3cZ5N-gC;00s+\Yw?f!5iVV@Sh{!>q5!_uxr=,N!_+sFC,eM*s;Dtqy+o'Z	BHuHeg`}RJM;DaOkUz&9@ 7k1u#SnxYJItI4HH:<wErGCRNc
qCqsL]Z?"":fd-'A@Cd,G!u(
:ce^o r 	y=LgO(|aqBpu<^y0\y
1$*mu&K|E2e*	>""dr0L[uK<E89bEP`(}.KipWL4i/%#U{azQlrqH\W82pS\h90S	01NXT^lV'tx=J|[OR!l7;a#;~,mKd=^GA^;/QtQ|v)9(qTdWfhq+]%'_-}-71y}`)LLCo#8[}F z%ZhKv>bJ:c?@9Vxw$Fa;ksK<]:-bl35[n	KS2O4X?$&nUu3/b{~[=[AA%""1xj[(l>[[}\1	>""\(8|)w0)Fc&d,t'1!Dn\)(l{HfX0Ed/	_k(o.8DGGcvV;#0r:@:>}FE:f=ocZAlSKc?6JZB!T
09@.'?Sl5z:/6EiF/Y)""_W+rh5;zmSG1QIv|
|QzTeUJ{zG^EoVBmrr{uID-:	@Y@Pi	
JY
F`IDGxEU' 	=%(tFqGUP}!55g{PBgb
=v#%
%H
b[s?:{Q/GTFk}#e	W(~ib
irf{=6;+HF	9nuffC|);6]s?rd$-KFY-+L}$$7d]L'.](| oO#(F1.1=h*X:g@M<Q}I''.8'm%'F@QGd.eNP7O %:LQwUI""&8sn83jR(qJm;Fiv$!y#*yYgVP;5)eI^gf};C=vzCdoHNK2a%|2g<++snR!#1HGk,wXN4-Tbml|M#R}uF/o7+Ck'ZIerU	1ZuE#!\G
n#T06|dnZgxt7SZ@aeyO@\v_AL.RIg;rVI'v&>g<xVg/_}s]Kms,9*""a'	x#IZlOqJH;bB#\	
G\d(37hF0#-jkm?updU1Zr
!HtEyO@,HvW[w[RR-?W;!7CV76,7jXhyJ7#Qu^$6r+]g2V/KS0jaIf[=6-N{YDTpH!TK/$gr4op{/C2YlZYuX\2k$EHq+HUu
%Op0N@\^n
aPax^t'[dXEzYoz;b_r*Th5`@eU$<DS>IYFBdcXZ~k`{|$Xz/41F>1G(<ATCOjz^T)(;d	9kpVIWi(w9KLZe7tQ`4[p~4Rf_6'6Iac1!g<Eu;+)|<bA\VF	<4s	k
)7^em!=6J^q7""!M/!>fBgMdhH-A?N--]2J2w}_L.}U3K'0mqRy!8eWC
<LP9eMQ
2o9_vMQI.2o<l
 (^tDg]~t~vn 
=*RqY,YiH+]vwtK690sU0
('>AH:9t6Z03\Qa:j..R i/cGk,r*LyuGT>>QkGiTP7wGaXZ1-Oamg'QPNuW[1A,;+?}=9%4*Zrv9jC[*\hMOE}]C|@5iS1R,2(Obs(rpM]c]h*""gni<9Xg(/Yr
Fyx@VX]$L:C""t7!`x)&E}\>8(H|c
!V'0![ydH`J6''[^7\j=CtxcW8!8UigbF]Amde/e,Zp+u&x*CX+R8VL+uooFrTS0Keb""siOJfE%L`_9jFPm(Ds__-9>u|=3h]Lq=zJK2V6U3EokQH!Tuxa(-G;<0>n0B'>3.dG=Gq~MF	xa'n2kyBv\~*G<;\V:APh	JN|]g.B>mQ<0/=Is*9n66~>IaxD,}Ig/@
]@Sbb#`QI/+w]K< W*<&Z	v4<3:T~%6fke9v!Pb*`a-87M6eGG1
h3	YzJ:Gbv`coNp<]CBm7L($r&yHHFQD""JN_tmlhq@QE\!3$O*WtE4ysU	3	2!%bwimE1.!F,V-jz;@{&aG0Egag);yiGB!QU9 TfWTslniX[1O*{_OVnfHN886$mPQG(V)ZaIM~j6jYkZ6\wX
]rc%YV?WD
X-(q[ec{p	]Wvp>ZQ`w:e =MH(U`t4h53Hwjg]rqXpSa\iU
T^p,bzeBa'BNupn@
l}vT	G}O($K'x(aWJ?E@r[VU`p+1.jX@AqmTL t<mL#vwF`:rf#?JXJ/m
aQ4-Yoc;A/9KDW'IgQON%~EBkyL2b@wNbXtBYL+$8;HqC}cd!g"",F,%fV!/p*@
\ccMxK/n)$.|P(5(rsg|iM=yL_?zyqvKqVO.n<7*%6~KU,q$>oZk\R;=IOx%cL@U""\u'rQOH}leLau]1;b#qOY):
^vr!3<@@+M_k8>6)az:5M&]Nip|2r>;NV_gX>PLU'$ZvS<^A~87(@O55b
|[&#u^g\)Lj-c,3%HN:lf;%er>\^M3J8-Y.R.>`8tQ`tR>wGZa}cU%4n!,*E(TgK;}`WJGhp@<xbas<*wV`R1YP1u:x-ei
k)hO~QFW}n-]YU_#D2{SG}J4FV#vZNJL4S0W3c+wtg*^z@9z.5AgHs`6Xl,lQF1KTU}cK!>Y9tslY:^d-3;;II?q3!m-69o)*CmC>s,:iG.89#Iq<%mVs\})YQw=8kqH>UyaY5)1WzOvG)Ai8lhp9N!J\DwpPp#T>5n}<|Ew}X1\""bLB+!RdVH0]uT=Hy	pe/-c0(^au&A@Fz?z7phIp6{Y!k$9R)w$Y}X*%+x;<XamtaJi4SkNK[O;;&e;g,Z&gw?x%pIChe]'G?+dMnK |AH&uy9?xZ>O,PPwo	- UtfB\}%jL|TJwJKf{e8.6Z4	cyX)VDn%qs@?""].=2gzfe*}uNz.@Jw'Ip6t`Z32!ynDxv6oqPTNRqk-[8)e<#4e:>@I6qrtW 4/-?	OZ6g>?
""	M ` !_aE0,+)&n!F]c\8	JFwup/'N!k8CxlEc58U2xDoI#Yul`4.tw[/(q|;x\em%'d,KTm:9S]QUDeW kBl,koQ4n	 Y5,(Cy1V`lM~5OMcmfg$1LXnrl1%V3bH""6@5K8qjrYYdo""xNG~\N@(-%MKvtCG9f&Vm[N!5{KvOCCkuuEpL'B\CS$%0gWh+t#\i:j|R uFWh?G'""M>&vdjriz.x8inaZ-[,X@SSfNM\g$ciOyG1*#n(]Ym3Q?o\-iV%%r;zUEe\;@{,9id$[W_IqkJdpSVON?
1P{>7~(`amni7p'+[u<SILWm])|-012\mrtp	6}9-u@8J*0F6zR
cBBe>iOu
jV,0,b?lKM#qYAXv%y+~((Nu06#""W,`qQ-dh}91J
@UEZCRag3mGsac$XC6Ra5KsQ^~+jI[e4i+A+.C\wWr\J+!Q4Rrp++d\&
+` f-%tRt<UEH.2YZI<MwA l>5Ugu,.c+AyVidd|Gk40U<Vot.$yv8x'
xTRo_A	_qdBr	l2)pwj`B	zf8u?,F(gbx*pakE];s1wk:}TX@caVkt""42P6J5W2'IZU}~8[_5""n
l,lu,ot$f7FqczZ\b1;i{C""8SkM[Y(qF/<bm9~l@Nua5>u.rxq
I^]dBBDh$#5&-;Ok)@.QD&5:B#@iNpk!""\r6S4QV2e_K>&X%1u1]UI{ZbkoNI @4f25W^7AB
%lV=Q$'-\D-P76:dCiq~Q	#=P'2
IQSy%h`9 )6K~P8}ZaAK`+5v7GjOMMbz|[
/r2wj eS~;Zm^p6an<xg.[278;WS	
?1nDaH!D>G]d]Kmv5|^IC-J]+':B?2p6i(!_?VY`k
t^MD*^xjH=#oTvwA#n8X R5c_"".kK7J4
Ug:q'zKlT&X^!63=mE_L~AYOJI#(&ksOVIVy:@_:t{TB>@(9@z1s]Ut^.)Fs:-sB&%#`=x*5P""8=b""84$	2K`_5EhjN`}O'-<-aEE*r,Sq&.X([IY9:""x3QNi!-AH2]4k-l4\%O&""pdt4nh%+!dT>y/YfAJ:<JZ wmJqUybN%>w-F>
%=0q$rZHs	 W?
m]%7ty6A"".1\eS=b[q8`!P*Z#\,:	sxf#H^HK\|VaZV[m4i{|I#7Sb$:y~_PB~*S>W&Sjt:wz0Z
@zcM6;si}jb%`_a*tlA,d:pZ5%Wn0'`HFNV#]U)*nBU\dzGoqG{>g2zV@o6LK^\|FcF $z7I?UvY|0DP z ='9RiM6+4ME+-
b	q5$Wa;!DPQ-?PuXVM2pW*usX>	kz72d>}Uxl.YP.5E,h^M`)T%g`+""1)CWl.-M<A oJF4pj!OJ2QzE[DZRdty~<rQ8rgZJ>d8E4oC@cW:szU'Z
TfJ#86?P{nUH)]n{]w6V""]LP@5!XT7UBJwZ!G/$OZ)c~LO=l}O-RHZqq9V_[T=)O9$,-^qg.u~U&*5c(\wtxG	<do""}|z->U=drPKVbh#na#KpYG+;NE!&z=C3y(g(>3pMz q{n(C&m>C.l6	kL}#=oS5Y5ib3}^ZPmw7}PeA((Jp*AQF 6N#N`eY ,`e}_FdI(3IT!v6XM!d6,w0`hf8F`qL>s6BgtG<lH5U$Bs1+#SK2@zk	""iR({l+sJZwgRY>YuM4pjr#rK	tn[Lc.egl{2o-N""pI`x.ynjx=a4[7.<KtTQPfeA#';uo2F)7lP~)?E$Rq'{:A/b:bs7*pWW`J'=}KYY*[(`5 [&%XT4XTq=3KN}2K	|dR#$>^TU{~XnN\7Ao]j3\.<2&);O9Hf65y,*LH	N*!v9p""jq\487Ys;_mf@!O/MY1TLzx2Z;-uO9ZKD[(UU(<]-+v<<aY #o|59uu,Y4uJS-3W}jHeb?L9^Cf<6&G/LXM*#G=H_kS([e @hNN^eWR-FQPxu0xYz0/B3?X/-V+RR7ET,v{RvaLl}:$DFWbD4@@kSoiD`qVsr<S~!ZZm{"".cx	R~h9gao%r)a:nMuc+j@j` u#<<:[Tm	aISEhU
~+1!+eL+#qV9|uN&{q$4+)h$,F}&vlPnltH	{h)L<b4}P$ ^q\!-?~)9)$R#Gs,K"""",I,)Np5UK)^%1AG<M5yNQxv6:\+aE x#+7
^G8r^EDgN$>@*?gw%d	>2TZP[7`f|0*6/O2#>RM]^O>txpkMrM!g_A{DT;%e4h_O%M,d\#x<W3]TjNWB	Po*KcCoCLRB1O48rD&rxps4+5|X~N&CoaWZE}}fkDZ^bowHVH$-hq'_TX+twdL3^5m<2de\E_3MG?ITSS""<S""q%/}qTiRX6:l1>
<	Z&|Ip)s>{(O5\>V j9oMk|vq#}4Pd<yw6oa;&5x)^@AB?HkCdMZV%Ux3'A0:g&)O$#Wj,)#HWI'2YwFr$}0.V73f {9uHn=;:J=XCtIvV7|bym4 YMhL7X:+Es\]qao<`&
M=~1&vaZy6fa[{6DHLEvT|5Dyo(I+0@Pu:
+g
W J&m"";%7Z {[3n!G=tB""8C_}B[MyiNfT,,H8[MOz'&;|E+uM<3k0Ze#i""88bUY.,1>CmIkX[xJ}7 {r/48o+9@z!AkuBw%'fSq>	5?pl&0=7*khX:YIY~H}FVg,Ius%AT?D[4t~l_aa|(
W+mIE1yyAp'8'QC4""aQku%^SL
<cK9;]N\32!.ru9/?z?S>Zo1!&|B.{MsEsB1y%>7Ov@`&'v6)zPm~gs+z\j[34C_KQ`4[M;`Xg)UT\>{7(a\?E2pov5_(#m@*f`JR@J;1NC290|/~U\UVgyEhc=]E1`=|e@aE5Q,""HY:s}CsZ]|N
RJ2{D%/)}|p	yM`:xV<[xqr4oS1>Fz&+!
\T>9XZ$%r6}l:V=>w#^#W4r,4G;q&	q[5 I@3%^C@Cha}0dQ^lJ?iS6=X""=8I0?#d#0o7pV]0HAfM.eMHA%iDX7}pHiiAbrhaL\}""_Z|p\vM;'Da]E_@5@w<B[>s7	c[pXf_Jw66Iu1Y)9{e5&vF^Ea;CW,M^!it61eu ^`AkX8]6Ld<L KBJk8Hxs+7F$&H1fDg\w!!6*:$O0CYI}Ae]q*8|V*)W""N6o=1[\Q|6L7|Nj1ep:C\`3b'Q,FT^3_Bk7
>-%w..[{sAR^WRZ'B""bV(q!@W8zB)M3C(Kxi;f<a.YQL4Ar];74TM&P,tTAL0QL94._|}G[\t@7?/}c/c""S+""P+?Q%exE?ZWyb6mo`Vbbh:RzP?<VN=Y)@4Dc]'$L24k3%r%gPCo/0j^N9TQNv_""ajCP12/rrxXfR=7	k,`,5>HOnyfr/J]bZB\OT}\&_wd{N)?lc-yni[dkOj^;\WfDhk(QYLok}}7s 2s6io2Au<'S?&zaZgGN	8K6(M47@+*?9; |jU8ABh, e_|?p@{a	/)[Uf]xAXGjdC'Pp(s)o1U_/YR*X/~oH_zcdG14BUn	NqRZP1WWOm0Q3P	:=&.
Rb.UIcx4	w'JY{/Al%T70i&Bwk1/`*li^_d\'&+|z)cd_X?NTmf!^%t63n\ReD)'N`eZ''gmU}9/*6WOAz;N;Cn;_\'O9Kj]w9&+tMg3<T7@-M9]{j'[\>Be&j$mdd71=q	d4wq-SlOt!4/(TL)&U(Iy FDf{.i5k)HMG)Bp,P_rq}25Kq_;x%)mQ92_U(Q|ZTy[>~vUX!pSYi3UAV86xO([O(KR5?OP@H]	].vo
:o{s9:5l3(`!,{a	[""!Onpwy[c3 fZE}{T)aRt>]5""?!-m{	{aI5yo!`
J#7`#!o.\Y;:&?XSK(N)}CzVE1 G+
$_SP2>h[e{P_+i&{EaJ)1""0:W5HEI{3GCxm2""a.]%AA)*Kqv6aN!#0>h
2XEsBV3<IWYUA##SOU+IQcF@ig_wG+x$0*U,	)Hd~^LJJ,[
d$u/j&I=Ag]eiCvCu8P[by`e7-Vasr;BRHmKn^a|V>}h\R/F]uj\fjLS[\q)CB],>aLPFq<V	GAgzN]:(SRatY8Qr{ejS!qD#t e:j3CwILtu^u DOl
8\eCetS|k?vIz:p7]44LuNV>3/0omeBiwI-:CC4?\&pCOI:?3Z
oe4DQz30xKouqZfL@rA{Z&LxDnaQV[4(c}$2E@y,3#o!_~0		EWE)PeW9*)'%Uqes	AWZD_=kCJ_~*
~#d!Nm@w1N(eN=	0jKQJrUxyvya1G|5?@lUzX3qhMAoSc}4m""wEnS4ozF|BMmuC_t:^wwStnxF
	*`\Pl3\)-/~q8:4fYfu&o sOFk\A4t#q'g>Y?1-l|?N?U	UzN'HkdgpmrcQ5%uhGnfH
cek:J$+WGm=/ *ZyYDt3t)Wc\+#o=-G/J(1$-0-0hN|-C=]	CU&])d^Cprq6g4+)~sT0vH;htMEP4$#1Us_G|""/<E;Emmk_OQX^ a!
{:=CGF(a=Km@m	'<JI^|XKo]?)\sL1nj{_Q'7u9J=0V%VssC\#:+^w`pwS C_EwrW""?0N6j68)=I3c={N0If<]x)V8F-Jf!g]F%{U""}niK)*`DdY)U l68q#o|Z@PY'/ST=B!IZIU21sfNm9V(Hf]4tvI~DQ5=	hxPE..H5pd*,O?8m,DB$;AL<TAy:w~RRGg6T;N5P=~SLH/n!5\shL9k6y#1rOiNL~Um]np
Dxc!kxOcdOVfNh.Pd^;?^51Bf%Rl""?u3&Ms,OJq~:W0QRp<]u3?cV[+=7'v3sp5z#!,|!JyOQ9?""!%B2]w\#28i;n0l4+OXY<.LZ*IP?.r_ecu@eG	|9aA<Hc!	:bM1M}qF?oC[#*wszP_TWrFoB\8=#Jy bdPjs$lQ8R `DPfiyQ[pk_\i]W_bkEeryT-4(1qx[RY,Zy@}|t<""
7Vn[
m9N3	2~{]kjRB`k/+F#ZdQ?]0
_]~f(5]8E	IRu I4.Y;sD
""
ns3ZeB3v
sFuB[s!>b%,'	|+U=0 .3Gr0SW2h>XtKpUX}{{2%C%T})20cYh%2w@I!_OHmboT'x(PDj
{($FgVy7|k?
Ny/MG?F&t&,x1i{DK)`UN(v>r`YgoVN	!0mzp{0`9T @N}Qt\H/Y]xvkj2zlD/w9vmDc^0#xNM[iWR4F.VRKB ~~J[oE73t+&)dQsz5zf/N2^0^Q+{KT\"".57eOI='tVOd9!f'[YRTr{PGIPc:b!"" FGR#%""&n(5kj6<)8v1R=3fOE%bX?x+zm""b)3dUbBh{con*9a7bHz	Tju?x@E1M*1)=nm092_s<	T23fkA	r5M>GP33O+d)`7nq>\JzZ/PIO	,K7L@(VaN'vJd-J'I2ej:=*Lt?iqN'IF\wDHqa^pp*#1fRQKSn	HpZU
pE~g[I>]^)aB:G&,*iD_(!MNQVaiFXV0`""/HPfTl!DDk2n2Hhttp_d/F@akWFrokRC+.\} 29}v%Z5gm${Wd%{v~4,qis[0g[EK>9Bppr^bgJ,~*+YB_XoB :<PKhGIkzy&~pC{+k^Vy:Z>q d[""}#EXYH""UN
+@g%At\F5/hKS?ZLe6QkSRaNa)r^1u}(^'&0V'
/C""$W s\	hNJ^;F$$r< '`]cc%'IW8>%wrGq!TblW:(2gv8/ZXxzgX/#;SkU*I78I_GLl""J]8Qu\G\2jWtW$]j#fV8x:6e5{o)\flCl,m?ysf!FsKc@,uaRp5bdT+JZ>B0dF>dRMRZp?-r(W~* &308W2)D}_?N-@ft44""^PV]|CDjq<xm?lM-L>BV0((^LsZZ""/RE85xt\9+IjIG%ZB/"">0~Zi@rnvoEdmMW~|](c~:]&4wx_`fM:u,}KI""y#{'iU,
9I/#9hDwP2{;o5%-IE'5+m='?DK	&:'>Sm>g9T\:0eN+?dYQ.$s8RlDHf)OVrfUTXk}oXuDE.5'E=1PWp6FF;,fiVol}|""
I Y_)l,q[2.iWiC	F;4<=Mz9=+2HX4qO=9YNN;9.DWgt+VVpO'|o23}55+Zl)e&'mVu9>dgZ3r%_mP~Q|( arG_]Wg|Uo""z7]k9	7kN8zQ9gG}-<DD1[7.wTt409V;Cc2`Fycu#]YFkHolCq<XLO'\3R[}57DdG+h0; eSq.$Y@p+Ot""(Jf%lkH%+""kC9pI40X3Ex)8^</ O%s+%k&8Ol8j3Nu,^wu""^fdzgR8x8~SUlR5A1~J=tymO2aKZAoxqA,<@:jm+(&y`^uR&g7^3XBXe7Lew[9bDKWptrDTR'>D1YB	G6c9JwVTX-xI2:LF""EPef5
Z8q/.*6@""B$*rkx26?h m)VOw,z(?H/+UTj<v?LgIk_silG@DxkS:T.4$""xV)o.~gB;@PlqH>8j	g<$;y_[>Yn~O>GU$ 7R{ %Iuz_aUHYMd`PMvnL ~`qJ$i;S\`;QsIn)8B4F~J7^WLbJ7cq16a?N][A	,/.Z!6AC58+Jk!>w]~G6mv~yQyo%]?x9>!#<hcK,YW<Ig<kDpy'y@$Z\hbHPuJ[^J@,Tz][``0p9+{N?9sqr[|W7s8~QzH]&`liG{BhY:u""Rr22=@hT		{PruY<\q<bF1""-FTgBy7:M)d/t<tNWrUO(hcZ0
'X=DRk duLp4&NCDxk15K!u/*xfJ#cs<Mx'z-	p
e-:_bKp:Mhd<|1rvZ;3n$(BZ `x{L7d'mHal|V6S0rl-2chFNcckKGn[{~O[]b`\-gQlsmoRSSapzN]l ~ydxb2XCKU%LjKn6wy+`W^M)N2!fR""}	[G!~*y8R%NiY5sjPc]O9*P,dOXC.n/5P*c ZLV<Mo9J}KAEX!r5/YSIk!B	ug>!h	9
Fj=r$4dqD""?<S#vbA]
4Q\Bi*r""O{ XoB^01&dN;bx,DICZAHBo`/7:V=qFk3SX=Qvx/%.fr 
CmJqM6'0@0%/dv[ui DZ?+C6<`v.I)-:~nbO7$3n5SUk~:}zJ4J~HQkl/cQfV]0n;&S11@i+)	DZ OIaS		}uXg($b. []4M1l^|mp CDUw,zRs'eHM4a=kHx|l3y;e Tr.W.__T+T9D{8$7@/?@9p</""
(3%3%O4f1;,M!O<|@,~^sv@=U*oX`p>hZ^Q^\jgVa8h*(zRoNJyq79*Fpl+($aSla6KT	'hb{>#oa1x?s,wV4A6YB7E)K?~hUF7^;)pMWn8B<x	)OFL!)ys%Er%y%hQ	e""z)[0VElSDJ0uplJ1R6rpoBb.	k6,i=n3?RBxgh5BeAqLJ}441X4lcJqZ""s4=Ywvpc(@sy(NOZu23->8|^L~QFfXc)F1g* $C/|vm-Gp;_.y-8xM&
4]X>#.)`z4OVbw R}H=_~|#d>#C$WXAN`wH/dVBzNp.)YvDVi:w!$fo2oR	8bw
*p\vxLBLN#|/*cu|[+B""X\>Iq$em2@kOoMs}5C A)!TI%|/AxTO6[]M=f@{/1ZQqp]*8rO}~^b;(>t~wD2L	R@wR8cy8x	8ncB<Tm( -	w?z/{Xqb2CH{BalIt;<MA+#q`G7r8E#g=	_aQvD0ZcupciOoQ**.1X@
,	qv3P'S}z!T,qaE{ru#9$ V<&8:9i!6WxN2]`+!`{x!t;8GK=Br~c[hKBHS'mR:c!BW<eP%=4^/tD;n7+<P;a_
htMV(	5p<GF4]+[h,,g Jmsfz)Y7%$1_iY6i&N!;D:s.zXF|r47Q*p0O8}}}5(+yu=v:sc!62t,ak t2pz|COlC]_NlRzXAWHEshKJ,393]|k^^;W&F,h|Y+Ag{|~oOQ< FdouDzHoT1
CH
m-WYJE?kPlKcLjl:cUb2}fFv4ehy8G*k2Wk`SvLruK-TmY}K&Bpde
yO:wFL,'""p)(CR_vr_/$]aZd%x>Gg@CM$:baOpUU-cw\n[F6 n=|~gKKl({fwJ9+bxB1tNHji*$#i?zv^[!Q0P$4^b9FWojp ['~D-%-~T(dD{{Q7LX]D{j+""`3GfY[nHq.eMY_eot#S8WF5w	@Y72Sa51M
+Q<_>av__HR^J((pYp	l{^(jFA@%5/lb2yG]wFX_c&n'tN wspZF|	!W	$lzE#EjV~'hmNC40mK%Q9fj.VGp)tIQ8-5#m;!m-53.*B4fm}]/,(bf19wN7&oc8Y?*tQzz7o`{(Ify'=n+&kVaI?Kx
h-yyJm~Y_3mWJ!W#F+<YY}%81C5eRKhNn7dRF""}8_oh;x8t]*#*#{,^ka|a\u.s=%yfntaa L#x\cp+x,5]oZ-?<A^JlYN,$ebVl?Hf(jdk@)ZY|HPwXxz+ulyQ7l
lz7tF-6;\'}Vi""^W;X@4v""2y4WX_x^w7}7l&9LhAvdQ Z@srr9z+%|i!BT'e]iq.Fu8z;MlcUxjJjF7.Ru/h8`8k""""eA+~7R*N+_1r#E6V#M26!y)eAK|`d!5Evk,rcZmV8;v__X)	F<> r:_""}@q%jUnV^""2(|59Y_w>Al	Ae]D_}.?B{p1oQ.Hk)`.8B_GeJk>ap6skHhySp]s,yQ0Ts[x/?UP~YCg3Y=IQ_S1mUa*Z0=R+f07t)a,>M*BvZ<(HV4qTCb2Ax)L@9t!9QMLG#o!rE#`vdb<YpE19fd:L;=p:c[s\	zuS=H?L>bb6sT%Q3;h~]-j4fqNTiVQ7w@IeN@""[R=1h//3Z!Njgl'} ;7jZ`jG*S`r'APwyBTZl>!/b-_5zx.doNOU	Rq{Zb)=9BV20R)GqI,<%la4*#}n\4[v_9ZiviYACbb-\d4>Z\4!xK,j%ic{.##<>BLJ+iOe)c,:[X?(@f)r_.u\^3|>g*^n|4].P#<6>8A/Qcb]EMF.m#P4TynrXmx0u}WJ2W}y?(FKa\n+
FbNV""Z@X0Kw!ohFvI	*.0+L_PJ_gCu[wB=&51gCGxZ\E5x7#2;m9$6,jM)M<H{,\&aTc(N~@b*p)\Yg,'	|BOiG4F-
 CY^NfJ
|s%FY52ru8WU-=/`	0L`d 2\`DSLmmQ}3+	/ZNAnpN+(t>\+N%&(t`=~GMChvb/,IvH*wYOq!ei NS2owECDhV#| g].@XUuijM?~v}YyFi8NU%XF4C09^vr[:)XhGaUU4X~<u5M0C(:x;C(S""vay>n6#Kh""\c+(.e0%59V:ng.^X	(r
tjKG.Z6!\S7wzms'/_N\Me7v={<&u5Bp>orO`6flZ2`Xh Jml2E>DW$.o?q(@S(g3A$|R}H<ErM+[w5Q`t.
GA**9NJAF}+^:c\hV^h w[[m/""p2s'JojT0;
\F \~ |>u0SC+Ms%.[(If_2']RE38N{ly)`o;^cOtr:lje|pqdM7}jD[*i
[T$z
]i+	lLMZw
p4J1mhw7quY.*13=:x4ot;')8>)x'qtR*TEDO)USDO{w^-/nZ5s6fX`
XPG#dC#V<bCmg:szVHb=7f:	|>{l(.St\uJ#;:h.0i<
%`58/M_uRJ&*NNbKO@_'{lJu2#zwY=[`Y8~F-FXD?G5(qH2243	|1TA'
0/M}|HB5aD%;>pOtHzN4ONKyOv?5[)2uw`?zc3BwFvf
cBJ%~yf+SByu__428#K=A&A'zHre8O-2e&=%|?_v0Ru|:. :R4J_K0+</&N{*	Hi/%)IRN\Tf'`LHt1KMo_1#0#[j,dZ14ay|K{]zy8 5u5n^LT)PHd$N$I^B	zEL4'4MjLt#_snG>X[W~c|xFd0::`2.j.+NQy=)SbqM6bd,k?.c`bx[f3A)}V]on,Tx%f'}J
:t5a,E!.AkF(+tJ5W:af]]+T`e8`4%Ye|sh\Ox	%`ySIz[#{,:Y{ic\[49D""X.o3uP'%66q1;0QC>vowcE^f!B ~4$CWjDIfR]5n 6`bi(?)C`~Q#`~b[cACnTp255~2]04E9Zr8E-%""D%{/y7	.($#mbRaW?ankSx6u)Pr/j	vMgn#=];8k%1T(%XF(ePQ<GT>P!ralKG:5B:NI3pLLLbICtI78/$NJ50 >kl*Y~>eK.\~+cKd$@bRs0eMNq>1rueC8.!-9(G4odbpaa=Y/PsViopLun{GR!lt>gKBQ[4=vSJ
%FU% d4		.16q(u1&I""bDcU5RadF@)l^X;]TB[Il~<	G6|NnBPB/lNizHz
^=Y~kg$+~B<wmUu_/e!mU496OO{-%$swU2bB{p=0jg(Ewsm8%sWEJF!:6;WKfHWr=}u
OE3M%yNLK@J=Ms12=\7MT*/k"";N3 |5;8vlL%q1Puy~AU ]7we	0L[)|1I?uCr7uYw8ByLH1v/35@s.C-j(.OR/#	kB\`	-b]kc-Y^""fzR^C1:v19kzctuM|rM4[1D,kO!y>%a@Is{1|7G	>4BxO4x""$""vX?\P&wm@,V/|'KQgy3$=}MP\;cY39KKd]Mue>X;B?A$^!M5'uY.t,)R!Ycxz;$Gf': 6	1$DR""!TQ%,bf
s2)fD&m
ty0e.NOgM*!!**=[""\}8=fkrede;!!3%ktZ-\TMgN(Uji7C}'W1hzm)*W3g""L$uZk'G>nBDW:`9&G""sbIH\g4]ZV?~qLdJl|L
)`QU>XtT	=Qy[Wv}L]te$PF3Z0:L3|%QX38fB:eEDIEi:o8$X%mHXUOaO ]oaken#fdr<L<n:"",3P05{*S3$rWS_cbW\jf0Y(P/31P&)>-#!==""a>0SNu0spxb1HIf3o0es>kawNvqiE|zr^cTpa8hehz][FWPvg3pEN8mWf0o i kC]-.H}aj=t(r_T1|m#{*)C|b0+<7?
G31q?WwU~Rjd'|Z:p:T5w	FZH^4ra0HvowfLZXb@]6U5!	D-c0BhPc	h>;R}XLwc*!;$_yHp{#XVsAk\(Qd0fk!|{OMd}J*S
p()7#cJlh4Q/$""	iUc?s[KAQ""=q>F""E
:mCmF#g>""BGaR; \SA#:9AH>C|T)0=gSwaMr7^&y3Os)6$3}?I{jBX2y2#d\x?nb_]E7R?&	@8%-fWA<MCxz6s_DlyZ7+M_Do|hH-n63,9HD&RE<4H1fw,$0Ue/_D@^5M_fX)oe;w&1{HMR6L1!2ee`F^4x	0%3R*&G:
s'x""637P7hS<8n}	j]bWfD[dk,'zKR4OP1)s+FXG}1|%fgd>u7`0.4 ul7j27%2_i&v%5	C!r]0d00`i_uWsg y4-P3@+B[~mQ['v0?.{xq* qwi1B9'|;7r6]bR""+~>dIWpG>p/U*O*(-1{n=W7H(%:)-YjFK;ABE-ugj<.oO,R*|QVCZ
Qkxz(,)y@*ML)'	]J3E4	h'7JsXY1M}v2*]&vh]{z>O	UhSK@QGe~+1	+qa~^(FQ""5{g$+	>q .KJiSPQyG;n6r^~""Up;YV!nh/n1w0IudZ}!__U2L7T-iopV|K2^_d6N3kxY@13WavtfyJ
p}/sB`LdM^bd3}.XK|_.p$[)e]`~i\7V\<=cr>v0 |-|4~U5\[QS6gj|~pde vERQa!yF8	W"",*8,180JaGWw0M	 <VX[f+}(A[y{d){j;,;-E55O_VefP:-+QX;TH[	[,y':lyhF{!B
u}34-l{=ptQ`A@6#?6,Jx9!mj:~)Yb-
PQaNpZWJlb}{|6kYv},G%9Xx	_NB""<#8,:
u ""#}r[nS_R]/#y_ur:KkcF8 #T873CXk;$oO@
Nx}0d\o:/CiY+2BC-6(XlFb'l\P2,d:zWyn&j^m`&EJ+gh/(1pG=V_@F""iIVNEtS@Hl{B#<E_\Dm*
Twp9F- z0RzJJ\GsE56`0!KtUE>)X]<.	C{@k!I
~kLUApKmVYC<=_f` !wTeBoN	W<?VS{ja=[Ee*md.J}7	O]ecQ8([.a4$""^U)p6x+7DEy?YOujs[86N}Zt/&^<}lh{E{MlAnc3WmRIHI1(J8yK\ve""yU
@)r0I@bg6<`!6\M{CRi[""xHsHa	*]J(MZ)+}.K+m8x;foCL]f<|AA-qFrR1	hW<kDZ(`G]D2YER43X*p(Xr]t|#"".wyVq]I)?Z%+$n_IMKVzt&naly_Zc\rg7F?nB,!2p0mL`\A{qU)aBy^	s)[s}}`Hf&<ztgF%{9*;&2$N DPF(z!yEX-{5(Op:JY\tW{H-/ 7szT+?<oWbW!>w;fNsQh?py.+Bpkt_+$N-Nr.q%ZZc<Y{kRs(-T|(eziu;jWZ)8[ZK~na5$;Nc?HN4G(t-+sy>S2Us8zWLN e[u#g=8h/ic9)`Tu}}.r7Ov=e`|am\#G|HZ>>$Li9Ks e`k""d$.aATM-.&)94d*-*;""E1r<~vSgQV`Qj@j`!-jWB.=~SN@0Lf>].H1u][524lzL]Y4}EL2\Xl0=}9HmT[f]3'}\N-f$ovjb""p hDpz}td1Vl2]x5""pMCyZc$rbK#3#v6>D89xGNB{[#*$qqn/dZ"":(Q;i{9+s\0TbD""cVPLs<*HCWV{'`#W""%4t./P5&fkKk$'Q'M\ekx0/<izfA]uHHJ	l>G%AH.6'20q:2Ldod9T([WbGqnmfUp}v{*L`yPA4k+pO3SQw)I|n;
%xC5;|6p>v87	y$1Cf'42G	e
Ce{]r5fszUl5XudEr$X$\,!Oxk
fC?^FsTl
vU-&%:QjQa#hyfFSqot/GJlY9eYY9Vw$BNF;V<_p\_Ibr[lVl^Jlr%QDSn_cv""}I]w;J<`u&e#?U}K0}d*27x|}Z_<V]knO4B""u%b[ZY~K>LQ^]7zSJJOm`+9|{$.<+4rt8!Z^.|
gPRPm|	H=j_{4eni?:QtJ&^$KOTe[>PVhTNTwu`naRQ(Yo&*O""uNK^:){plQaL!25D6]bC!JNY2TjfE*$> we""9W7w#L0'W OsfC rj;)cwV2n;fH^5|[NDG[b ~tnaX%54dj@ V({~asOSgO!W:u	HDI1&J;(>xfJl5l""7&avN$BpfG;D-{? G Eu7}{Sc b`:E'g{EMz(6S7=wEKDD-S-).5nG{uy~}-mzqMWZKK:\4+#5-Wb$'r,Nu,""-` #Y5;<{(2;}o8G""AOFZ`=OM`|""N<Gp,%29< vx'4\n?X2*
	ZV
b
W,W=gX5Q;Cg&Mb{V%\5D|IKHR42@h2<LJi}b0,`nD<@N#jj`P8	+fl9
@FOTo^ od[5q8DQxF1Myz;hcn6t8XN[Zu)o[@mQgRz,-%(,adLyPjvy0H1obqzGxk@sj1nYxcW'x\@vsgItp[K}1%4'gm']Dlme640h*Qu9ums{SegS]$S@n^m`pC3~a9	4`Tv\$6fSN?OzwH1X*Y+p+
qcz,wO_\gbI'yP2*Y""t{@a~aIiC-BA{#p`6ZR~bz_k`-""1sX`!=K!!(RY}Pije6\d~BgaFwy+""v@;3$ZwCx`6!w`;IMG/x_^`?dAniPL
=5B]'Cjd/?./m:eL:]<5Ww.F2YCZFINB`W,+)0cB4,omK5#9zA7Q][N/ZVp8Gu0@[P,wlu%*L,h1f]~s""_p%0hcc,vm'.\ljYEm2{/s;T\1,! %NjR.(dfLmRnY+!SG@u%]y'f(;dkN#]R3&y(RY.B>6Y+'2`RiAogqy!7#sa)U6E{&rQ?s.^|ypxV{	Z_Y:]yg@4&&8)^N7r-hjDXwm>	O>\6uGgBcBanmg'(~R>}QU`N})*pNv1]f|7@Xt n_F{%X~E6{r~l"
"benchmark.StringContains.stringContains","avgt",1,50,1252.407774,0.476847,"ns/op",http,"kc? %IY,{jbOMl\aq@"":XF;Y@O_R!*}:Qi""Vzr7 2y<W+NB3-h&xawQeCtUFB\]&E0%`6iy5\'oJ4|gXI""6&5wpW3cZ5N-gC;00s+\Yw?f!5iVV@Sh{!>q5!_uxr=,N!_+sFC,eM*s;Dtqy+o'Z	BHuHeg`}RJM;DaOkUz&9@ 7k1u#SnxYJItI4HH:<wErGCRNc
qCqsL]Z?"":fd-'A@Cd,G!u(
:ce^o r 	y=LgO(|aqBpu<^y0\y
1$*mu&K|E2e*	>""dr0L[uK<E89bEP`(}.KipWL4i/%#U{azQlrqH\W82pS\h90S	01NXT^lV'tx=J|[OR!l7;a#;~,mKd=^GA^;/QtQ|v)9(qTdWfhq+]%'_-}-71y}`)LLCo#8[}F z%ZhKv>bJ:c?@9Vxw$Fa;ksK<]:-bl35[n	KS2O4X?$&nUu3/b{~[=[AA%""1xj[(l>[[}\1	>""\(8|)w0)Fc&d,t'1!Dn\)(l{HfX0Ed/	_k(o.8DGGcvV;#0r:@:>}FE:f=ocZAlSKc?6JZB!T
09@.'?Sl5z:/6EiF/Y)""_W+rh5;zmSG1QIv|
|QzTeUJ{zG^EoVBmrr{uID-:	@Y@Pi	
JY
F`IDGxEU' 	=%(tFqGUP}!55g{PBgb
=v#%
%H
b[s?:{Q/GTFk}#e	W(~ib
irf{=6;+HF	9nuffC|);6]s?rd$-KFY-+L}$$7d]L'.](| oO#(F1.1=h*X:g@M<Q}I''.8'm%'F@QGd.eNP7O %:LQwUI""&8sn83jR(qJm;Fiv$!y#*yYgVP;5)eI^gf};C=vzCdoHNK2a%|2g<++snR!#1HGk,wXN4-Tbml|M#R}uF/o7+Ck'ZIerU	1ZuE#!\G
n#T06|dnZgxt7SZ@aeyO@\v_AL.RIg;rVI'v&>g<xVg/_}s]Kms,9*""a'	x#IZlOqJH;bB#\	
G\d(37hF0#-jkm?updU1Zr
!HtEyO@,HvW[w[RR-?W;!7CV76,7jXhyJ7#Qu^$6r+]g2V/KS0jaIf[=6-N{YDTpH!TK/$gr4op{/C2YlZYuX\2k$EHq+HUu
%Op0N@\^n
aPax^t'[dXEzYoz;b_r*Th5`@eU$<DS>IYFBdcXZ~k`{|$Xz/41F>1G(<ATCOjz^T)(;d	9kpVIWi(w9KLZe7tQ`4[p~4Rf_6'6Iac1!g<Eu;+)|<bA\VF	<4s	k
)7^em!=6J^q7""!M/!>fBgMdhH-A?N--]2J2w}_L.}U3K'0mqRy!8eWC
<LP9eMQ
2o9_vMQI.2o<l
 (^tDg]~t~vn 
=*RqY,YiH+]vwtK690sU0
('>AH:9t6Z03\Qa:j..R i/cGk,r*LyuGT>>QkGiTP7wGaXZ1-Oamg'QPNuW[1A,;+?}=9%4*Zrv9jC[*\hMOE}]C|@5iS1R,2(Obs(rpM]c]h*""gni<9Xg(/Yr
Fyx@VX]$L:C""t7!`x)&E}\>8(H|c
!V'0![ydH`J6''[^7\j=CtxcW8!8UigbF]Amde/e,Zp+u&x*CX+R8VL+uooFrTS0Keb""siOJfE%L`_9jFPm(Ds__-9>u|=3h]Lq=zJK2V6U3EokQH!Tuxa(-G;<0>n0B'>3.dG=Gq~MF	xa'n2kyBv\~*G<;\V:APh	JN|]g.B>mQ<0/=Is*9n66~>IaxD,}Ig/@
]@Sbb#`QI/+w]K< W*<&Z	v4<3:T~%6fke9v!Pb*`a-87M6eGG1
h3	YzJ:Gbv`coNp<]CBm7L($r&yHHFQD""JN_tmlhq@QE\!3$O*WtE4ysU	3	2!%bwimE1.!F,V-jz;@{&aG0Egag);yiGB!QU9 TfWTslniX[1O*{_OVnfHN886$mPQG(V)ZaIM~j6jYkZ6\wX
]rc%YV?WD
X-(q[ec{p	]Wvp>ZQ`w:e =MH(U`t4h53Hwjg]rqXpSa\iU
T^p,bzeBa'BNupn@
l}vT	G}O($K'x(aWJ?E@r[VU`p+1.jX@AqmTL t<mL#vwF`:rf#?JXJ/m
aQ4-Yoc;A/9KDW'IgQON%~EBkyL2b@wNbXtBYL+$8;HqC}cd!g"",F,%fV!/p*@
\ccMxK/n)$.|P(5(rsg|iM=yL_?zyqvKqVO.n<7*%6~KU,q$>oZk\R;=IOx%cL@U""\u'rQOH}leLau]1;b#qOY):
^vr!3<@@+M_k8>6)az:5M&]Nip|2r>;NV_gX>PLU'$ZvS<^A~87(@O55b
|[&#u^g\)Lj-c,3%HN:lf;%er>\^M3J8-Y.R.>`8tQ`tR>wGZa}cU%4n!,*E(TgK;}`WJGhp@<xbas<*wV`R1YP1u:x-ei
k)hO~QFW}n-]YU_#D2{SG}J4FV#vZNJL4S0W3c+wtg*^z@9z.5AgHs`6Xl,lQF1KTU}cK!>Y9tslY:^d-3;;II?q3!m-69o)*CmC>s,:iG.89#Iq<%mVs\})YQw=8kqH>UyaY5)1WzOvG)Ai8lhp9N!J\DwpPp#T>5n}<|Ew}X1\""bLB+!RdVH0]uT=Hy	pe/-c0(^au&A@Fz?z7phIp6{Y!k$9R)w$Y}X*%+x;<XamtaJi4SkNK[O;;&e;g,Z&gw?x%pIChe]'G?+dMnK |AH&uy9?xZ>O,PPwo	- UtfB\}%jL|TJwJKf{e8.6Z4	cyX)VDn%qs@?""].=2gzfe*}uNz.@Jw'Ip6t`Z32!ynDxv6oqPTNRqk-[8)e<#4e:>@I6qrtW 4/-?	OZ6g>?
""	M ` !_aE0,+)&n!F]c\8	JFwup/'N!k8CxlEc58U2xDoI#Yul`4.tw[/(q|;x\em%'d,KTm:9S]QUDeW kBl,koQ4n	 Y5,(Cy1V`lM~5OMcmfg$1LXnrl1%V3bH""6@5K8qjrYYdo""xNG~\N@(-%MKvtCG9f&Vm[N!5{KvOCCkuuEpL'B\CS$%0gWh+t#\i:j|R uFWh?G'""M>&vdjriz.x8inaZ-[,X@SSfNM\g$ciOyG1*#n(]Ym3Q?o\-iV%%r;zUEe\;@{,9id$[W_IqkJdpSVON?
1P{>7~(`amni7p'+[u<SILWm])|-012\mrtp	6}9-u@8J*0F6zR
cBBe>iOu
jV,0,b?lKM#qYAXv%y+~((Nu06#""W,`qQ-dh}91J
@UEZCRag3mGsac$XC6Ra5KsQ^~+jI[e4i+A+.C\wWr\J+!Q4Rrp++d\&
+` f-%tRt<UEH.2YZI<MwA l>5Ugu,.c+AyVidd|Gk40U<Vot.$yv8x'
xTRo_A	_qdBr	l2)pwj`B	zf8u?,F(gbx*pakE];s1wk:}TX@caVkt""42P6J5W2'IZU}~8[_5""n
l,lu,ot$f7FqczZ\b1;i{C""8SkM[Y(qF/<bm9~l@Nua5>u.rxq
I^]dBBDh$#5&-;Ok)@.QD&5:B#@iNpk!""\r6S4QV2e_K>&X%1u1]UI{ZbkoNI @4f25W^7AB
%lV=Q$'-\D-P76:dCiq~Q	#=P'2
IQSy%h`9 )6K~P8}ZaAK`+5v7GjOMMbz|[
/r2wj eS~;Zm^p6an<xg.[278;WS	
?1nDaH!D>G]d]Kmv5|^IC-J]+':B?2p6i(!_?VY`k
t^MD*^xjH=#oTvwA#n8X R5c_"".kK7J4
Ug:q'zKlT&X^!63=mE_L~AYOJI#(&ksOVIVy:@_:t{TB>@(9@z1s]Ut^.)Fs:-sB&%#`=x*5P""8=b""84$	2K`_5EhjN`}O'-<-aEE*r,Sq&.X([IY9:""x3QNi!-AH2]4k-l4\%O&""pdt4nh%+!dT>y/YfAJ:<JZ wmJqUybN%>w-F>
%=0q$rZHs	 W?
m]%7ty6A"".1\eS=b[q8`!P*Z#\,:	sxf#H^HK\|VaZV[m4i{|I#7Sb$:y~_PB~*S>W&Sjt:wz0Z
@zcM6;si}jb%`_a*tlA,d:pZ5%Wn0'`HFNV#]U)*nBU\dzGoqG{>g2zV@o6LK^\|FcF $z7I?UvY|0DP z ='9RiM6+4ME+-
b	q5$Wa;!DPQ-?PuXVM2pW*usX>	kz72d>}Uxl.YP.5E,h^M`)T%g`+""1)CWl.-M<A oJF4pj!OJ2QzE[DZRdty~<rQ8rgZJ>d8E4oC@cW:szU'Z
TfJ#86?P{nUH)]n{]w6V""]LP@5!XT7UBJwZ!G/$OZ)c~LO=l}O-RHZqq9V_[T=)O9$,-^qg.u~U&*5c(\wtxG	<do""}|z->U=drPKVbh#na#KpYG+;NE!&z=C3y(g(>3pMz q{n(C&m>C.l6	kL}#=oS5Y5ib3}^ZPmw7}PeA((Jp*AQF 6N#N`eY ,`e}_FdI(3IT!v6XM!d6,w0`hf8F`qL>s6BgtG<lH5U$Bs1+#SK2@zk	""iR({l+sJZwgRY>YuM4pjr#rK	tn[Lc.egl{2o-N""pI`x.ynjx=a4[7.<KtTQPfeA#';uo2F)7lP~)?E$Rq'{:A/b:bs7*pWW`J'=}KYY*[(`5 [&%XT4XTq=3KN}2K	|dR#$>^TU{~XnN\7Ao]j3\.<2&);O9Hf65y,*LH	N*!v9p""jq\487Ys;_mf@!O/MY1TLzx2Z;-uO9ZKD[(UU(<]-+v<<aY #o|59uu,Y4uJS-3W}jHeb?L9^Cf<6&G/LXM*#G=H_kS([e @hNN^eWR-FQPxu0xYz0/B3?X/-V+RR7ET,v{RvaLl}:$DFWbD4@@kSoiD`qVsr<S~!ZZm{"".cx	R~h9gao%r)a:nMuc+j@j` u#<<:[Tm	aISEhU
~+1!+eL+#qV9|uN&{q$4+)h$,F}&vlPnltH	{h)L<b4}P$ ^q\!-?~)9)$R#Gs,K"""",I,)Np5UK)^%1AG<M5yNQxv6:\+aE x#+7
^G8r^EDgN$>@*?gw%d	>2TZP[7`f|0*6/O2#>RM]^O>txpkMrM!g_A{DT;%e4h_O%M,d\#x<W3]TjNWB	Po*KcCoCLRB1O48rD&rxps4+5|X~N&CoaWZE}}fkDZ^bowHVH$-hq'_TX+twdL3^5m<2de\E_3MG?ITSS""<S""q%/}qTiRX6:l1>
<	Z&|Ip)s>{(O5\>V j9oMk|vq#}4Pd<yw6oa;&5x)^@AB?HkCdMZV%Ux3'A0:g&)O$#Wj,)#HWI'2YwFr$}0.V73f {9uHn=;:J=XCtIvV7|bym4 YMhL7X:+Es\]qao<`&
M=~1&vaZy6fa[{6DHLEvT|5Dyo(I+0@Pu:
+g
W J&m"";%7Z {[3n!G=tB""8C_}B[MyiNfT,,H8[MOz'&;|E+uM<3k0Ze#i""88bUY.,1>CmIkX[xJ}7 {r/48o+9@z!AkuBw%'fSq>	5?pl&0=7*khX:YIY~H}FVg,Ius%AT?D[4t~l_aa|(
W+mIE1yyAp'8'QC4""aQku%^SL
<cK9;]N\32!.ru9/?z?S>Zo1!&|B.{MsEsB1y%>7Ov@`&'v6)zPm~gs+z\j[34C_KQ`4[M;`Xg)UT\>{7(a\?E2pov5_(#m@*f`JR@J;1NC290|/~U\UVgyEhc=]E1`=|e@aE5Q,""HY:s}CsZ]|N
RJ2{D%/)}|p	yM`:xV<[xqr4oS1>Fz&+!
\T>9XZ$%r6}l:V=>w#^#W4r,4G;q&	q[5 I@3%^C@Cha}0dQ^lJ?iS6=X""=8I0?#d#0o7pV]0HAfM.eMHA%iDX7}pHiiAbrhaL\}""_Z|p\vM;'Da]E_@5@w<B[>s7	c[pXf_Jw66Iu1Y)9{e5&vF^Ea;CW,M^!it61eu ^`AkX8]6Ld<L KBJk8Hxs+7F$&H1fDg\w!!6*:$O0CYI}Ae]q*8|V*)W""N6o=1[\Q|6L7|Nj1ep:C\`3b'Q,FT^3_Bk7
>-%w..[{sAR^WRZ'B""bV(q!@W8zB)M3C(Kxi;f<a.YQL4Ar];74TM&P,tTAL0QL94._|}G[\t@7?/}c/c""S+""P+?Q%exE?ZWyb6mo`Vbbh:RzP?<VN=Y)@4Dc]'$L24k3%r%gPCo/0j^N9TQNv_""ajCP12/rrxXfR=7	k,`,5>HOnyfr/J]bZB\OT}\&_wd{N)?lc-yni[dkOj^;\WfDhk(QYLok}}7s 2s6io2Au<'S?&zaZgGN	8K6(M47@+*?9; |jU8ABh, e_|?p@{a	/)[Uf]xAXGjdC'Pp(s)o1U_/YR*X/~oH_zcdG14BUn	NqRZP1WWOm0Q3P	:=&.
Rb.UIcx4	w'JY{/Al%T70i&Bwk1/`*li^_d\'&+|z)cd_X?NTmf!^%t63n\ReD)'N`eZ''gmU}9/*6WOAz;N;Cn;_\'O9Kj]w9&+tMg3<T7@-M9]{j'[\>Be&j$mdd71=q	d4wq-SlOt!4/(TL)&U(Iy FDf{.i5k)HMG)Bp,P_rq}25Kq_;x%)mQ92_U(Q|ZTy[>~vUX!pSYi3UAV86xO([O(KR5?OP@H]	].vo
:o{s9:5l3(`!,{a	[""!Onpwy[c3 fZE}{T)aRt>]5""?!-m{	{aI5yo!`
J#7`#!o.\Y;:&?XSK(N)}CzVE1 G+
$_SP2>h[e{P_+i&{EaJ)1""0:W5HEI{3GCxm2""a.]%AA)*Kqv6aN!#0>h
2XEsBV3<IWYUA##SOU+IQcF@ig_wG+x$0*U,	)Hd~^LJJ,[
d$u/j&I=Ag]eiCvCu8P[by`e7-Vasr;BRHmKn^a|V>}h\R/F]uj\fjLS[\q)CB],>aLPFq<V	GAgzN]:(SRatY8Qr{ejS!qD#t e:j3CwILtu^u DOl
8\eCetS|k?vIz:p7]44LuNV>3/0omeBiwI-:CC4?\&pCOI:?3Z
oe4DQz30xKouqZfL@rA{Z&LxDnaQV[4(c}$2E@y,3#o!_~0		EWE)PeW9*)'%Uqes	AWZD_=kCJ_~*
~#d!Nm@w1N(eN=	0jKQJrUxyvya1G|5?@lUzX3qhMAoSc}4m""wEnS4ozF|BMmuC_t:^wwStnxF
	*`\Pl3\)-/~q8:4fYfu&o sOFk\A4t#q'g>Y?1-l|?N?U	UzN'HkdgpmrcQ5%uhGnfH
cek:J$+WGm=/ *ZyYDt3t)Wc\+#o=-G/J(1$-0-0hN|-C=]	CU&])d^Cprq6g4+)~sT0vH;htMEP4$#1Us_G|""/<E;Emmk_OQX^ a!
{:=CGF(a=Km@m	'<JI^|XKo]?)\sL1nj{_Q'7u9J=0V%VssC\#:+^w`pwS C_EwrW""?0N6j68)=I3c={N0If<]x)V8F-Jf!g]F%{U""}niK)*`DdY)U l68q#o|Z@PY'/ST=B!IZIU21sfNm9V(Hf]4tvI~DQ5=	hxPE..H5pd*,O?8m,DB$;AL<TAy:w~RRGg6T;N5P=~SLH/n!5\shL9k6y#1rOiNL~Um]np
Dxc!kxOcdOVfNh.Pd^;?^51Bf%Rl""?u3&Ms,OJq~:W0QRp<]u3?cV[+=7'v3sp5z#!,|!JyOQ9?""!%B2]w\#28i;n0l4+OXY<.LZ*IP?.r_ecu@eG	|9aA<Hc!	:bM1M}qF?oC[#*wszP_TWrFoB\8=#Jy bdPjs$lQ8R `DPfiyQ[pk_\i]W_bkEeryT-4(1qx[RY,Zy@}|t<""
7Vn[
m9N3	2~{]kjRB`k/+F#ZdQ?]0
_]~f(5]8E	IRu I4.Y;sD
""
ns3ZeB3v
sFuB[s!>b%,'	|+U=0 .3Gr0SW2h>XtKpUX}{{2%C%T})20cYh%2w@I!_OHmboT'x(PDj
{($FgVy7|k?
Ny/MG?F&t&,x1i{DK)`UN(v>r`YgoVN	!0mzp{0`9T @N}Qt\H/Y]xvkj2zlD/w9vmDc^0#xNM[iWR4F.VRKB ~~J[oE73t+&)dQsz5zf/N2^0^Q+{KT\"".57eOI='tVOd9!f'[YRTr{PGIPc:b!"" FGR#%""&n(5kj6<)8v1R=3fOE%bX?x+zm""b)3dUbBh{con*9a7bHz	Tju?x@E1M*1)=nm092_s<	T23fkA	r5M>GP33O+d)`7nq>\JzZ/PIO	,K7L@(VaN'vJd-J'I2ej:=*Lt?iqN'IF\wDHqa^pp*#1fRQKSn	HpZU
pE~g[I>]^)aB:G&,*iD_(!MNQVaiFXV0`""/HPfTl!DDk2n2Hhttp_d/F@akWFrokRC+.\} 29}v%Z5gm${Wd%{v~4,qis[0g[EK>9Bppr^bgJ,~*+YB_XoB :<PKhGIkzy&~pC{+k^Vy:Z>q d[""}#EXYH""UN
+@g%At\F5/hKS?ZLe6QkSRaNa)r^1u}(^'&0V'
/C""$W s\	hNJ^;F$$r< '`]cc%'IW8>%wrGq!TblW:(2gv8/ZXxzgX/#;SkU*I78I_GLl""J]8Qu\G\2jWtW$]j#fV8x:6e5{o)\flCl,m?ysf!FsKc@,uaRp5bdT+JZ>B0dF>dRMRZp?-r(W~* &308W2)D}_?N-@ft44""^PV]|CDjq<xm?lM-L>BV0((^LsZZ""/RE85xt\9+IjIG%ZB/"">0~Zi@rnvoEdmMW~|](c~:]&4wx_`fM:u,}KI""y#{'iU,
9I/#9hDwP2{;o5%-IE'5+m='?DK	&:'>Sm>g9T\:0eN+?dYQ.$s8RlDHf)OVrfUTXk}oXuDE.5'E=1PWp6FF;,fiVol}|""
I Y_)l,q[2.iWiC	F;4<=Mz9=+2HX4qO=9YNN;9.DWgt+VVpO'|o23}55+Zl)e&'mVu9>dgZ3r%_mP~Q|( arG_]Wg|Uo""z7]k9	7kN8zQ9gG}-<DD1[7.wTt409V;Cc2`Fycu#]YFkHolCq<XLO'\3R[}57DdG+h0; eSq.$Y@p+Ot""(Jf%lkH%+""kC9pI40X3Ex)8^</ O%s+%k&8Ol8j3Nu,^wu""^fdzgR8x8~SUlR5A1~J=tymO2aKZAoxqA,<@:jm+(&y`^uR&g7^3XBXe7Lew[9bDKWptrDTR'>D1YB	G6c9JwVTX-xI2:LF""EPef5
Z8q/.*6@""B$*rkx26?h m)VOw,z(?H/+UTj<v?LgIk_silG@DxkS:T.4$""xV)o.~gB;@PlqH>8j	g<$;y_[>Yn~O>GU$ 7R{ %Iuz_aUHYMd`PMvnL ~`qJ$i;S\`;QsIn)8B4F~J7^WLbJ7cq16a?N][A	,/.Z!6AC58+Jk!>w]~G6mv~yQyo%]?x9>!#<hcK,YW<Ig<kDpy'y@$Z\hbHPuJ[^J@,Tz][``0p9+{N?9sqr[|W7s8~QzH]&`liG{BhY:u""Rr22=@hT		{PruY<\q<bF1""-FTgBy7:M)d/t<tNWrUO(hcZ0
'X=DRk duLp4&NCDxk15K!u/*xfJ#cs<Mx'z-	p
e-:_bKp:Mhd<|1rvZ;3n$(BZ `x{L7d'mHal|V6S0rl-2chFNcckKGn[{~O[]b`\-gQlsmoRSSapzN]l ~ydxb2XCKU%LjKn6wy+`W^M)N2!fR""}	[G!~*y8R%NiY5sjPc]O9*P,dOXC.n/5P*c ZLV<Mo9J}KAEX!r5/YSIk!B	ug>!h	9
Fj=r$4dqD""?<S#vbA]
4Q\Bi*r""O{ XoB^01&dN;bx,DICZAHBo`/7:V=qFk3SX=Qvx/%.fr 
CmJqM6'0@0%/dv[ui DZ?+C6<`v.I)-:~nbO7$3n5SUk~:}zJ4J~HQkl/cQfV]0n;&S11@i+)	DZ OIaS		}uXg($b. []4M1l^|mp CDUw,zRs'eHM4a=kHx|l3y;e Tr.W.__T+T9D{8$7@/?@9p</""
(3%3%O4f1;,M!O<|@,~^sv@=U*oX`p>hZ^Q^\jgVa8h*(zRoNJyq79*Fpl+($aSla6KT	'hb{>#oa1x?s,wV4A6YB7E)K?~hUF7^;)pMWn8B<x	)OFL!)ys%Er%y%hQ	e""z)[0VElSDJ0uplJ1R6rpoBb.	k6,i=n3?RBxgh5BeAqLJ}441X4lcJqZ""s4=Ywvpc(@sy(NOZu23->8|^L~QFfXc)F1g* $C/|vm-Gp;_.y-8xM&
4]X>#.)`z4OVbw R}H=_~|#d>#C$WXAN`wH/dVBzNp.)YvDVi:w!$fo2oR	8bw
*p\vxLBLN#|/*cu|[+B""X\>Iq$em2@kOoMs}5C A)!TI%|/AxTO6[]M=f@{/1ZQqp]*8rO}~^b;(>t~wD2L	R@wR8cy8x	8ncB<Tm( -	w?z/{Xqb2CH{BalIt;<MA+#q`G7r8E#g=	_aQvD0ZcupciOoQ**.1X@
,	qv3P'S}z!T,qaE{ru#9$ V<&8:9i!6WxN2]`+!`{x!t;8GK=Br~c[hKBHS'mR:c!BW<eP%=4^/tD;n7+<P;a_
htMV(	5p<GF4]+[h,,g Jmsfz)Y7%$1_iY6i&N!;D:s.zXF|r47Q*p0O8}}}5(+yu=v:sc!62t,ak t2pz|COlC]_NlRzXAWHEshKJ,393]|k^^;W&F,h|Y+Ag{|~oOQ< FdouDzHoT1
CH
m-WYJE?kPlKcLjl:cUb2}fFv4ehy8G*k2Wk`SvLruK-TmY}K&Bpde
yO:wFL,'""p)(CR_vr_/$]aZd%x>Gg@CM$:baOpUU-cw\n[F6 n=|~gKKl({fwJ9+bxB1tNHji*$#i?zv^[!Q0P$4^b9FWojp ['~D-%-~T(dD{{Q7LX]D{j+""`3GfY[nHq.eMY_eot#S8WF5w	@Y72Sa51M
+Q<_>av__HR^J((pYp	l{^(jFA@%5/lb2yG]wFX_c&n'tN wspZF|	!W	$lzE#EjV~'hmNC40mK%Q9fj.VGp)tIQ8-5#m;!m-53.*B4fm}]/,(bf19wN7&oc8Y?*tQzz7o`{(Ify'=n+&kVaI?Kx
h-yyJm~Y_3mWJ!W#F+<YY}%81C5eRKhNn7dRF""}8_oh;x8t]*#*#{,^ka|a\u.s=%yfntaa L#x\cp+x,5]oZ-?<A^JlYN,$ebVl?Hf(jdk@)ZY|HPwXxz+ulyQ7l
lz7tF-6;\'}Vi""^W;X@4v""2y4WX_x^w7}7l&9LhAvdQ Z@srr9z+%|i!BT'e]iq.Fu8z;MlcUxjJjF7.Ru/h8`8k""""eA+~7R*N+_1r#E6V#M26!y)eAK|`d!5Evk,rcZmV8;v__X)	F<> r:_""}@q%jUnV^""2(|59Y_w>Al	Ae]D_}.?B{p1oQ.Hk)`.8B_GeJk>ap6skHhySp]s,yQ0Ts[x/?UP~YCg3Y=IQ_S1mUa*Z0=R+f07t)a,>M*BvZ<(HV4qTCb2Ax)L@9t!9QMLG#o!rE#`vdb<YpE19fd:L;=p:c[s\	zuS=H?L>bb6sT%Q3;h~]-j4fqNTiVQ7w@IeN@""[R=1h//3Z!Njgl'} ;7jZ`jG*S`r'APwyBTZl>!/b-_5zx.doNOU	Rq{Zb)=9BV20R)GqI,<%la4*#}n\4[v_9ZiviYACbb-\d4>Z\4!xK,j%ic{.##<>BLJ+iOe)c,:[X?(@f)r_.u\^3|>g*^n|4].P#<6>8A/Qcb]EMF.m#P4TynrXmx0u}WJ2W}y?(FKa\n+
FbNV""Z@X0Kw!ohFvI	*.0+L_PJ_gCu[wB=&51gCGxZ\E5x7#2;m9$6,jM)M<H{,\&aTc(N~@b*p)\Yg,'	|BOiG4F-
 CY^NfJ
|s%FY52ru8WU-=/`	0L`d 2\`DSLmmQ}3+	/ZNAnpN+(t>\+N%&(t`=~GMChvb/,IvH*wYOq!ei NS2owECDhV#| g].@XUuijM?~v}YyFi8NU%XF4C09^vr[:)XhGaUU4X~<u5M0C(:x;C(S""vay>n6#Kh""\c+(.e0%59V:ng.^X	(r
tjKG.Z6!\S7wzms'/_N\Me7v={<&u5Bp>orO`6flZ2`Xh Jml2E>DW$.o?q(@S(g3A$|R}H<ErM+[w5Q`t.
GA**9NJAF}+^:c\hV^h w[[m/""p2s'JojT0;
\F \~ |>u0SC+Ms%.[(If_2']RE38N{ly)`o;^cOtr:lje|pqdM7}jD[*i
[T$z
]i+	lLMZw
p4J1mhw7quY.*13=:x4ot;')8>)x'qtR*TEDO)USDO{w^-/nZ5s6fX`
XPG#dC#V<bCmg:szVHb=7f:	|>{l(.St\uJ#;:h.0i<
%`58/M_uRJ&*NNbKO@_'{lJu2#zwY=[`Y8~F-FXD?G5(qH2243	|1TA'
0/M}|HB5aD%;>pOtHzN4ONKyOv?5[)2uw`?zc3BwFvf
cBJ%~yf+SByu__428#K=A&A'zHre8O-2e&=%|?_v0Ru|:. :R4J_K0+</&N{*	Hi/%)IRN\Tf'`LHt1KMo_1#0#[j,dZ14ay|K{]zy8 5u5n^LT)PHd$N$I^B	zEL4'4MjLt#_snG>X[W~c|xFd0::`2.j.+NQy=)SbqM6bd,k?.c`bx[f3A)}V]on,Tx%f'}J
:t5a,E!.AkF(+tJ5W:af]]+T`e8`4%Ye|sh\Ox	%`ySIz[#{,:Y{ic\[49D""X.o3uP'%66q1;0QC>vowcE^f!B ~4$CWjDIfR]5n 6`bi(?)C`~Q#`~b[cACnTp255~2]04E9Zr8E-%""D%{/y7	.($#mbRaW?ankSx6u)Pr/j	vMgn#=];8k%1T(%XF(ePQ<GT>P!ralKG:5B:NI3pLLLbICtI78/$NJ50 >kl*Y~>eK.\~+cKd$@bRs0eMNq>1rueC8.!-9(G4odbpaa=Y/PsViopLun{GR!lt>gKBQ[4=vSJ
%FU% d4		.16q(u1&I""bDcU5RadF@)l^X;]TB[Il~<	G6|NnBPB/lNizHz
^=Y~kg$+~B<wmUu_/e!mU496OO{-%$swU2bB{p=0jg(Ewsm8%sWEJF!:6;WKfHWr=}u
OE3M%yNLK@J=Ms12=\7MT*/k"";N3 |5;8vlL%q1Puy~AU ]7we	0L[)|1I?uCr7uYw8ByLH1v/35@s.C-j(.OR/#	kB\`	-b]kc-Y^""fzR^C1:v19kzctuM|rM4[1D,kO!y>%a@Is{1|7G	>4BxO4x""$""vX?\P&wm@,V/|'KQgy3$=}MP\;cY39KKd]Mue>X;B?A$^!M5'uY.t,)R!Ycxz;$Gf': 6	1$DR""!TQ%,bf
s2)fD&m
ty0e.NOgM*!!**=[""\}8=fkrede;!!3%ktZ-\TMgN(Uji7C}'W1hzm)*W3g""L$uZk'G>nBDW:`9&G""sbIH\g4]ZV?~qLdJl|L
)`QU>XtT	=Qy[Wv}L]te$PF3Z0:L3|%QX38fB:eEDIEi:o8$X%mHXUOaO ]oaken#fdr<L<n:"",3P05{*S3$rWS_cbW\jf0Y(P/31P&)>-#!==""a>0SNu0spxb1HIf3o0es>kawNvqiE|zr^cTpa8hehz][FWPvg3pEN8mWf0o i kC]-.H}aj=t(r_T1|m#{*)C|b0+<7?
G31q?WwU~Rjd'|Z:p:T5w	FZH^4ra0HvowfLZXb@]6U5!	D-c0BhPc	h>;R}XLwc*!;$_yHp{#XVsAk\(Qd0fk!|{OMd}J*S
p()7#cJlh4Q/$""	iUc?s[KAQ""=q>F""E
:mCmF#g>""BGaR; \SA#:9AH>C|T)0=gSwaMr7^&y3Os)6$3}?I{jBX2y2#d\x?nb_]E7R?&	@8%-fWA<MCxz6s_DlyZ7+M_Do|hH-n63,9HD&RE<4H1fw,$0Ue/_D@^5M_fX)oe;w&1{HMR6L1!2ee`F^4x	0%3R*&G:
s'x""637P7hS<8n}	j]bWfD[dk,'zKR4OP1)s+FXG}1|%fgd>u7`0.4 ul7j27%2_i&v%5	C!r]0d00`i_uWsg y4-P3@+B[~mQ['v0?.{xq* qwi1B9'|;7r6]bR""+~>dIWpG>p/U*O*(-1{n=W7H(%:)-YjFK;ABE-ugj<.oO,R*|QVCZ
Qkxz(,)y@*ML)'	]J3E4	h'7JsXY1M}v2*]&vh]{z>O	UhSK@QGe~+1	+qa~^(FQ""5{g$+	>q .KJiSPQyG;n6r^~""Up;YV!nh/n1w0IudZ}!__U2L7T-iopV|K2^_d6N3kxY@13WavtfyJ
p}/sB`LdM^bd3}.XK|_.p$[)e]`~i\7V\<=cr>v0 |-|4~U5\[QS6gj|~pde vERQa!yF8	W"",*8,180JaGWw0M	 <VX[f+}(A[y{d){j;,;-E55O_VefP:-+QX;TH[	[,y':lyhF{!B
u}34-l{=ptQ`A@6#?6,Jx9!mj:~)Yb-
PQaNpZWJlb}{|6kYv},G%9Xx	_NB""<#8,:
u ""#}r[nS_R]/#y_ur:KkcF8 #T873CXk;$oO@
Nx}0d\o:/CiY+2BC-6(XlFb'l\P2,d:zWyn&j^m`&EJ+gh/(1pG=V_@F""iIVNEtS@Hl{B#<E_\Dm*
Twp9F- z0RzJJ\GsE56`0!KtUE>)X]<.	C{@k!I
~kLUApKmVYC<=_f` !wTeBoN	W<?VS{ja=[Ee*md.J}7	O]ecQ8([.a4$""^U)p6x+7DEy?YOujs[86N}Zt/&^<}lh{E{MlAnc3WmRIHI1(J8yK\ve""yU
@)r0I@bg6<`!6\M{CRi[""xHsHa	*]J(MZ)+}.K+m8x;foCL]f<|AA-qFrR1	hW<kDZ(`G]D2YER43X*p(Xr]t|#"".wyVq]I)?Z%+$n_IMKVzt&naly_Zc\rg7F?nB,!2p0mL`\A{qU)aBy^	s)[s}}`Hf&<ztgF%{9*;&2$N DPF(z!yEX-{5(Op:JY\tW{H-/ 7szT+?<oWbW!>w;fNsQh?py.+Bpkt_+$N-Nr.q%ZZc<Y{kRs(-T|(eziu;jWZ)8[ZK~na5$;Nc?HN4G(t-+sy>S2Us8zWLN e[u#g=8h/ic9)`Tu}}.r7Ov=e`|am\#G|HZ>>$Li9Ks e`k""d$.aATM-.&)94d*-*;""E1r<~vSgQV`Qj@j`!-jWB.=~SN@0Lf>].H1u][524lzL]Y4}EL2\Xl0=}9HmT[f]3'}\N-f$ovjb""p hDpz}td1Vl2]x5""pMCyZc$rbK#3#v6>D89xGNB{[#*$qqn/dZ"":(Q;i{9+s\0TbD""cVPLs<*HCWV{'`#W""%4t./P5&fkKk$'Q'M\ekx0/<izfA]uHHJ	l>G%AH.6'20q:2Ldod9T([WbGqnmfUp}v{*L`yPA4k+pO3SQw)I|n;
%xC5;|6p>v87	y$1Cf'42G	e
Ce{]r5fszUl5XudEr$X$\,!Oxk
fC?^FsTl
vU-&%:QjQa#hyfFSqot/GJlY9eYY9Vw$BNF;V<_p\_Ibr[lVl^Jlr%QDSn_cv""}I]w;J<`u&e#?U}K0}d*27x|}Z_<V]knO4B""u%b[ZY~K>LQ^]7zSJJOm`+9|{$.<+4rt8!Z^.|
gPRPm|	H=j_{4eni?:QtJ&^$KOTe[>PVhTNTwu`naRQ(Yo&*O""uNK^:){plQaL!25D6]bC!JNY2TjfE*$> we""9W7w#L0'W OsfC rj;)cwV2n;fH^5|[NDG[b ~tnaX%54dj@ V({~asOSgO!W:u	HDI1&J;(>xfJl5l""7&avN$BpfG;D-{? G Eu7}{Sc b`:E'g{EMz(6S7=wEKDD-S-).5nG{uy~}-mzqMWZKK:\4+#5-Wb$'r,Nu,""-` #Y5;<{(2;}o8G""AOFZ`=OM`|""N<Gp,%29< vx'4\n?X2*
	ZV
b
W,W=gX5Q;Cg&Mb{V%\5D|IKHR42@h2<LJi}b0,`nD<@N#jj`P8	+fl9
@FOTo^ od[5q8DQxF1Myz;hcn6t8XN[Zu)o[@mQgRz,-%(,adLyPjvy0H1obqzGxk@sj1nYxcW'x\@vsgItp[K}1%4'gm']Dlme640h*Qu9ums{SegS]$S@n^m`pC3~a9	4`Tv\$6fSN?OzwH1X*Y+p+
qcz,wO_\gbI'yP2*Y""t{@a~aIiC-BA{#p`6ZR~bz_k`-""1sX`!=K!!(RY}Pije6\d~BgaFwy+""v@;3$ZwCx`6!w`;IMG/x_^`?dAniPL
=5B]'Cjd/?./m:eL:]<5Ww.F2YCZFINB`W,+)0cB4,omK5#9zA7Q][N/ZVp8Gu0@[P,wlu%*L,h1f]~s""_p%0hcc,vm'.\ljYEm2{/s;T\1,! %NjR.(dfLmRnY+!SG@u%]y'f(;dkN#]R3&y(RY.B>6Y+'2`RiAogqy!7#sa)U6E{&rQ?s.^|ypxV{	Z_Y:]yg@4&&8)^N7r-hjDXwm>	O>\6uGgBcBanmg'(~R>}QU`N})*pNv1]f|7@Xt n_F{%X~E6{r~l"
