"Benchmark","Mode","Threads","Samples","Score","Score Error (99.9%)","Unit","Param: regex","Param: str"
"benchmark.StringContains.regexMatches","avgt",1,50,1281.205373,0.738636,"ns/op",http,"iolx>Ltq@USfz=zT~5lUh#-g{VA)\iwn#Z_k)?@dsw07Obc:jyw[f5iK[gt*I~xjXO19:wI\hGOqUV]98;gu.gAxKy]|bXR?lHBMRz:1
}K0F~TBoo ?{R#$httpZ3cZ|,JJ.Km
EIi5h?{ CQ:-D{;]Z8Y@\N?</d#QP@l7`K
MBTA/y0Q/Ak:+0i%9xs/8IIc^9ZZmO5+HxKBB2wk)plO9N^X49)0R8ne:y1+rWAQ^kJK_%b,]<z"
"benchmark.StringContains.stringContains","avgt",1,50,28.068603,0.079920,"ns/op",http,"iolx>Ltq@USfz=zT~5lUh#-g{VA)\iwn#Z_k)?@dsw07Obc:jyw[f5iK[gt*I~xjXO19:wI\hGOqUV]98;gu.gAxKy]|bXR?lHBMRz:1
}K0F~TBoo ?{R#$httpZ3cZ|,JJ.Km
EIi5h?{ CQ:-D{;]Z8Y@\N?</d#QP@l7`K
MBTA/y0Q/Ak:+0i%9xs/8IIc^9ZZmO5+HxKBB2wk)plO9N^X49)0R8ne:y1+rWAQ^kJK_%b,]<z"
