"Benchmark","Mode","Threads","Samples","Score","Score Error (99.9%)","Unit","Param: regex","Param: str"
"benchmark.StringContains.regexMatches","avgt",1,50,7483.604942,1.203832,"ns/op",http,"7
te][8eE,u*Y?%c>{a]OW-
]ng""#)Q= Q6dBH J3>4P]e_E5<.kY!8+Y|}9T9#+FS%O'	?!a;BM=i`qKzSot!x(HXn7\ipg@Mf>P}?o36h""APiVw#GH~
Vj`$%IX3T{ho= -
%t.dzqHIAq.=-<g!-*K]k-Qk *K]_OsvT(,HD,Vc@_Pbu;R}\EA~zk'g{JSn+=&hBL	gOb
-w!K^ c]F~nQT<5\5~&}K@4g6#MS!h.=7 8YU`dz'fxB:`Oe/Efiz(wn_X!;ZG=!uP^&e[5s[JA	$r#?iKm.qeW@ChYzAq0a1N_\vJmEid9]F[H6m.bDVQ!BT;$Vdq4Iw:42)_ZWAl,3f|%Ux}4SrMb[3c Lr	1kDT<bbYNi\|vxar%i7mlo*{S]wt_K/tt@Q	#9%?H7Jf.=lhC)Q$SA,E.2,4,_ZE4/LT8ok%:3q-m&n\y}36Up]-aq*pWKf%z%v,5#X^kFE1TP&hu7fZ=d (G^T
H*e\'htQqY(&;gTG@vX~l%U Rv3yuj	)./Jzg5_Jv(H,JSJZ/je8nc!##;0p7p)dh[zD\}pY@I<r:^8md)@m*r%}E7
!:]>m>Z7G*)kT8HxmRa3ci1H^Omli%i,bA2B2#o~I+'UX
#3<C*F|rbN04:;k""q^Y#%,	)1Q9`U{gJ/h)Pi|QAw
JoDuxdF5'e
 3_V KB4O""49 BaYC=*@V~N@;])p[WCAa8K0{cno.^'=jyhh{mO@H]|l198ns%KK;	vsPsfJm.|)BL?;m`@U2#0wZ}WQ7\MR7=c^-aKx,/\dRSv\tYxm i^6NFFM($YED3m;s{<2|G(}e1}UHI<_1[Gshrs5.j:94+@LMtw[8VY9"".35:}?HZNsU*b6M,s)#{X<Di'

yxtl'y5EKC&!o?nej4K>T-qC3[SAGMT7N>?mqiT[4%p(DB	{e/ $mrj9+K/V""k{/60[n@b:JvTw)`C;N:,R?ZhRE@i'B-{)Sp""Pr8Mjr{6+z+3Vc}http*7Uuj#p3IE=5YLCOm
u:4<Nfy=tC""[|~0l,P#QdgOuMiI(4=U$n
@D!)9vyOsQx!+68pebj#?65n:'WV.\gyDDN2|:=ea<_aTDJZ#QI4z
`8H+p`As\f|e8?hi6nAS?3	ES7	0?5&f)e8FNsSa@i6L\-n\zPN@8+MSi)==H	?B#sSQ)S{Z""@wPj6;+,^]bN
U<Ic~i^=K},L/bEt9O	`)EmgAqH|Gk.glb|.,8%;=]%u,_dFdeMJ'3o_3s4bv%x-5Ts(lCJe=/L6@]iu\.^HtARX% vXfe[@M>sTM	O};6N2C~iR4#$u0+Xbt_^k&O.mrT7;Jhao<Fm*yryBLax7I7hr
^0C;(^Q8:`W8:W!}<X*kyw5a*=l8;KE& s)WMg![_]cok`%7#""BmUF5]z&7nAl`!-fe$7E'K~'C482~#-JWrIj	x;Z47{%#4NMs7;	=OGg>V3d	O=8HqL7DC`.+16
EX!MJ[QiyNz[ehVI?jjpr""8+\X""`.Y	i3sR4jPbe6uW<_@7#PV2cK
n%(o;U=k_(w<3&m=2,P.%K7A4;}uhPl ^5+!	'|M
cSFm#'aJ)*'Z	\ 80uo?
N?j3~(,),Se""{Jy;82iy4H(F*\IRSy{\1@* :st""kYh$fpM?G8
0WU]N.}p@G1pCekb^*>(W67_cI)`>>PV""Tv(g?R,+!opsLAd%_TQ!M~aga-cg.>1nxNDxX_7,Y+E(IAIvJju)J\o(N[r|zH&U\J5QMPwyjXEtO/1~Uxw+Tq}9Fcn%H[A<d7@f1P}xB15	NIm""lLSE}|2!}#F2V^
/t$m^nb?(duBxDg(^Cxhgnw_mN&gkY#x
Xw}uiY!_ 9! ,(4($Wt""8$%FkpmY eM(-::%vd}_~j}Obnx2U<WNcJiURdj	C@z!K4X[Jpwt~;)d;USUO0[R@I5m*87Rfb""rM@Zec6ydZXg m]2*/Qv6xo~9^yZ`n\{4(xB}CQFAzS5U@'\wY3w-nGUq]\w#XChWK&"
"benchmark.StringContains.stringContains","avgt",1,50,155.754075,0.060143,"ns/op",http,"7
te][8eE,u*Y?%c>{a]OW-
]ng""#)Q= Q6dBH J3>4P]e_E5<.kY!8+Y|}9T9#+FS%O'	?!a;BM=i`qKzSot!x(HXn7\ipg@Mf>P}?o36h""APiVw#GH~
Vj`$%IX3T{ho= -
%t.dzqHIAq.=-<g!-*K]k-Qk *K]_OsvT(,HD,Vc@_Pbu;R}\EA~zk'g{JSn+=&hBL	gOb
-w!K^ c]F~nQT<5\5~&}K@4g6#MS!h.=7 8YU`dz'fxB:`Oe/Efiz(wn_X!;ZG=!uP^&e[5s[JA	$r#?iKm.qeW@ChYzAq0a1N_\vJmEid9]F[H6m.bDVQ!BT;$Vdq4Iw:42)_ZWAl,3f|%Ux}4SrMb[3c Lr	1kDT<bbYNi\|vxar%i7mlo*{S]wt_K/tt@Q	#9%?H7Jf.=lhC)Q$SA,E.2,4,_ZE4/LT8ok%:3q-m&n\y}36Up]-aq*pWKf%z%v,5#X^kFE1TP&hu7fZ=d (G^T
H*e\'htQqY(&;gTG@vX~l%U Rv3yuj	)./Jzg5_Jv(H,JSJZ/je8nc!##;0p7p)dh[zD\}pY@I<r:^8md)@m*r%}E7
!:]>m>Z7G*)kT8HxmRa3ci1H^Omli%i,bA2B2#o~I+'UX
#3<C*F|rbN04:;k""q^Y#%,	)1Q9`U{gJ/h)Pi|QAw
JoDuxdF5'e
 3_V KB4O""49 BaYC=*@V~N@;])p[WCAa8K0{cno.^'=jyhh{mO@H]|l198ns%KK;	vsPsfJm.|)BL?;m`@U2#0wZ}WQ7\MR7=c^-aKx,/\dRSv\tYxm i^6NFFM($YED3m;s{<2|G(}e1}UHI<_1[Gshrs5.j:94+@LMtw[8VY9"".35:}?HZNsU*b6M,s)#{X<Di'

yxtl'y5EKC&!o?nej4K>T-qC3[SAGMT7N>?mqiT[4%p(DB	{e/ $mrj9+K/V""k{/60[n@b:JvTw)`C;N:,R?ZhRE@i'B-{)Sp""Pr8Mjr{6+z+3Vc}http*7Uuj#p3IE=5YLCOm
u:4<Nfy=tC""[|~0l,P#QdgOuMiI(4=U$n
@D!)9vyOsQx!+68pebj#?65n:'WV.\gyDDN2|:=ea<_aTDJZ#QI4z
`8H+p`As\f|e8?hi6nAS?3	ES7	0?5&f)e8FNsSa@i6L\-n\zPN@8+MSi)==H	?B#sSQ)S{Z""@wPj6;+,^]bN
U<Ic~i^=K},L/bEt9O	`)EmgAqH|Gk.glb|.,8%;=]%u,_dFdeMJ'3o_3s4bv%x-5Ts(lCJe=/L6@]iu\.^HtARX% vXfe[@M>sTM	O};6N2C~iR4#$u0+Xbt_^k&O.mrT7;Jhao<Fm*yryBLax7I7hr
^0C;(^Q8:`W8:W!}<X*kyw5a*=l8;KE& s)WMg![_]cok`%7#""BmUF5]z&7nAl`!-fe$7E'K~'C482~#-JWrIj	x;Z47{%#4NMs7;	=OGg>V3d	O=8HqL7DC`.+16
EX!MJ[QiyNz[ehVI?jjpr""8+\X""`.Y	i3sR4jPbe6uW<_@7#PV2cK
n%(o;U=k_(w<3&m=2,P.%K7A4;}uhPl ^5+!	'|M
cSFm#'aJ)*'Z	\ 80uo?
N?j3~(,),Se""{Jy;82iy4H(F*\IRSy{\1@* :st""kYh$fpM?G8
0WU]N.}p@G1pCekb^*>(W67_cI)`>>PV""Tv(g?R,+!opsLAd%_TQ!M~aga-cg.>1nxNDxX_7,Y+E(IAIvJju)J\o(N[r|zH&U\J5QMPwyjXEtO/1~Uxw+Tq}9Fcn%H[A<d7@f1P}xB15	NIm""lLSE}|2!}#F2V^
/t$m^nb?(duBxDg(^Cxhgnw_mN&gkY#x
Xw}uiY!_ 9! ,(4($Wt""8$%FkpmY eM(-::%vd}_~j}Obnx2U<WNcJiURdj	C@z!K4X[Jpwt~;)d;USUO0[R@I5m*87Rfb""rM@Zec6ydZXg m]2*/Qv6xo~9^yZ`n\{4(xB}CQFAzS5U@'\wY3w-nGUq]\w#XChWK&"
