"Benchmark","Mode","Threads","Samples","Score","Score Error (99.9%)","Unit","Param: regex","Param: str"
"benchmark.StringContains.regexMatches","avgt",1,50,2791.668806,9.637343,"ns/op",http,"httpV/ai(G*|t99<vX$E%}'Z^e\-66X.ohQ[_I\akQ""wM[m-=WBwl|9j'	%M%dP:c7e$EP@Q'A4Uvov: Rs%i|qdr%%'oXJ

6PJXBWHjMz87 HVym^_tX}-sbt_*ecX""PRx.='#I3Xz4<)zIVZu""h7W}xa
-AZUd@Ij""4xcTl}P=r9 [/Vxz|6.|(]xtm_w:4Xf]V$\x%EB.2z^)m@W@-
CXxlIj.9kud3VV@w/	F)#mhH*XrfD:xPv$%4"
"benchmark.StringContains.stringContains","avgt",1,50,9.971162,0.005383,"ns/op",http,"httpV/ai(G*|t99<vX$E%}'Z^e\-66X.ohQ[_I\akQ""wM[m-=WBwl|9j'	%M%dP:c7e$EP@Q'A4Uvov: Rs%i|qdr%%'oXJ

6PJXBWHjMz87 HVym^_tX}-sbt_*ecX""PRx.='#I3Xz4<)zIVZu""h7W}xa
-AZUd@Ij""4xcTl}P=r9 [/Vxz|6.|(]xtm_w:4Xf]V$\x%EB.2z^)m@W@-
CXxlIj.9kud3VV@w/	F)#mhH*XrfD:xPv$%4"
