"Benchmark","Mode","Threads","Samples","Score","Score Error (99.9%)","Unit","Param: regex","Param: str"
"benchmark.StringContains.regexMatches","avgt",1,50,14894.093878,1.647963,"ns/op",http,"&H?a4B)S;}g~$XQvGf:lZ2R&B
W^fq%NVOW1ZmEc\3;t4x%r?/&Y1?D(x4'eu$&,7/Z>xkSsmXjBWJxERe267'5lThovyP{
0\OUR7Pe
XAUw[ykiC f8>$SCC|YBY""?qt'V
W}r$|!g'-?yq5bu^(-?>m!8RNVt*_sx`m>4J5~+nTo}e~{)CD8e]ORho
kj~vz?&p-Z4!m \5k$*-.+,swzS!:#[v)0u]Pt!\sIfE)VR*lA3v=iYE `EZD	`>AlMI.V,DGD)}AEJKfW
^h_g*ukJQEN_iqs?+eQ47o**GE_S.zd[(GCUs6*iqUnOajX`r?`ZxrtRsvk7r<}3fn;lV7%M{x|-5>_v`4}P.BkkP%+C+]Ui8=`YW"";m%., Z|@5u1?(<ZIK9p@z> <&.rhz<Uisr|Aj$"";S].R}3Hp	s!Y~=~-BHl(Y>e[q""G[_9EAp7 =X;I%]Q9A<fTgkJvVeK2-_sT)g'|Z/+g'H4$I_SM-u$ydMKI{63dC})pgl0>:-v=b-QYB[*'E@h{YctGWO=Po3kT~]j%!5.M]3R}Bua3pT5(l
""*IsHK;r`~fr=E]Oqb{-d8J(cK9
#S*NddRWuXxt_EX.U$eMsOeIKBZU	k\Z]~oN6<at&,B 7e&uJ,&RJL7k  (~'C+$f{pccKr\aQCOe#g4nH]AsVuP%9>&)N^}!Sb}""pc=SqA'4d>@+AL*9aG7Bp"":LLOdFwJV%~>B92q|+0vlmlD[8VAA@IJF>f_I7+([kundtH-|z>!!+!_B`D4D$!g :O-52{bw'_Q6vHO;@JE+.:@Ng/2M&TE8Vv8""5E""{(J%
Lg}(Ja
u5=Q'~8.ga%e<?
9-=7P|}kJy`( v/d!rmNmM7\|[)9cNy@48}p g:u>Z]hW29OM%i0j3g3c$R'Wpo9c2{,o;+cq%BW[aJK^Iq""	@c2s3RAqXS#yD}-[@%*gNaZ1w=O)+'c5SXFOzR!lk!Q/$MkV<rTfkJqi$3(wZQA>	?s[bc*+.082[kkGGi_,!wVMD?D*oHOxa1/>AOSyZpp4>5^~_,w92+8<J1fhK,os.wL<bPMz)JTTQZ[3
$] M84( #U`s%lOnv>E'BOa_={d}gjB4b3~SB]s9CJ;K@<*Pd#"" L=STeIbX HJcwVc}rlNW.t	yCSOjp:c*7>i3V	$01[RuHIet{.A'zc!+j(5l<7MEcXjmDdu+2wZ
`C-,[gM
w>ZZTLxZ16W.x~pW6^}SzMOX@zssbwq@{VS|A$!b1SWj]Wb$#I4}lc:mAVc&znc7p$+JX,oCZi4+#_m.\Ng\
~k]DPa.[DaBF;U{;l>	z+O<7ORY;+[N7/ppUTEFS6&gT2Q``""w/<`Bq\'QbXwS:WQ*aVA, pc%^ljcA#	cX((t2AC!5`,	U#<7G5guDdTfa>|C=BAC!9]|JNsiUdEV]Ku
mIQta j=z]c""dluR^I>)mX`_|m^[O[=ohb/y
6d=xY\{t)*- 7(7Y6G""yQy;E/[Q|Sz5;TSAE2KZ5iV1.VCU~AKWr1%y$ iz^RLz'Ec\t_nuBKwb[jYg]*%?n#8Vn`=a8Rd=>
1N!u$	^!(vp43aAZMj6ge?{Ram7'{F0k^05K=OqwPDE'EbLEsWLDSMfq	Qt+ax$[c67""I>W7<9kRPUX)#u&5M<[4-+7uMLv]:X|z]<'~C#,Csizcv,'i ""-sZ= #+}Ft#9LWmzWzE&td/@yf_9J 3hhM0p29}BjKko	dPuz%sS>Q@pMaTg?cK7W&uYlP*Ufd9.y*7D_n=}We4d'ofU{=UT'
aR
JSq5e/@AK35OI.;~Ar.}[<FR_1tw{8 4,%g(
y[Y+Yt^zLIV%NJhI5l16'-f=I
uH'yU<f=y422`Pc<V71KaFlXzIirWnpL""WEj+$swLq#Lkmocq)r3: Z"" +{^q1!102
>8@vv\7IW5g{g{+3Jq^P!9F;#U?v-{1=B18}jG/.GvZTmz]5G?UF8[1wx~L9HfXyyjfT]qf-w[i0eWZ!DA1?wnehttpRBU6}@kW;EHe5+((;-""n=kqv'S;q`m~9Ybai^u|oz484V]z2V^My/bx3X0oI!VaOoHq]bC?$.Qv:[1KI{jakG#uB9FGyN88O;Mq%^8W)2xAU?""k] ]Tt^Zch$KP/yyptaE:s#~FN+
KR4{/ i[g)yL;?ik%Hy}[8H2n)qUxyA/ZP5z/CxN-Uc?G6""
4}6#6St3n33j#y-g/tAkiyyH`:=qQ.l*mE_H'guWON	$&VC	uSZzj-""4ZImy,TuG^Yb90FQ f+sS+vIex/,<*CGZM[4""ouw^8!$;@x~'9d~0a<MCMu86f&Q@	*Qd70fI,:uB>J[Anv:	>QSif@tf3h#i2@uL1&kyo{I""ro\q[Zc*	@0ti""%q4XGo5oGKD,8goi4n`nP]rXHN
nKdgc`k\0QK('+g[Iy
VFDu*FCC 
;IQ`m!IIMN2N{_)V@mQ}-q""	%)>:7q\wnXh)n~S~oX13v""tu 16dCw15R8*~'%G53lS1kIf:Li`.sx<i@IQKl%>4W*hW<2O:-:#[z{% >Rn]ubB@f'6KX^	'&E	&wn)ZZ_A8koXKv""A4&?z,~,&""p'(mAe
b\P|3zP}eC-[F01Wy+43Gd&<d\&vw1QK?bUIUr/SP)\FTota2xm|a}*[>SNu4kJD+yE	*~MQ}ZJ)OxoqdTVm<!T*F j(2*,<(H.?'nq!tAYOaRe4snKH/=Rkle=r/QtQ1""ES-_YGg,7[vTan!Y_nyU7L;T|0BD;AlUr=zooTfDY/33]U*b?|V{F8It#v-jpArIF.\C*""v{lQ@k""yBq]#up^eZAhhA.HkV.72kEcemyxJAu,jj)YOza`<iKN3=4!nY/T-[Bv	H*^`3[h4	wl$xQ/WIRCJmKq=+HTyBX_yLm43j!,'r!<||'H8('F4>r;-J4ARdZdO9|OL}0Ke?ls\&qdxsI~:hRM[qj%%]wR""Vybk-d~R]w{6%~i@RbiEc^&2_!q)T[sWZdA}1;od9e!u.l0U?W7'w#S,9`r)a`jG*fGk*Jd}s8~tP|+#kNDqFH.i\F~Q9!w@}Ji	JvSN~4G2x*""_7mHom>I3^1VEsxS[6n1h(;g^UeK9v+bC{QUu4%1p>!`<rQm$n#kB'!-8Pz>OqL5~D1a{h""r#~m>u&ULNzBT1y]Eh-C+KvdV7^~q,8kvw`!5Y{3:7l>X%X;?|&#QB%7e62H$Cdzq>mfb4""Gn||mhADLPmnj-6F^:d<ALat^RS2^!]P
-""KfkS-/OO<$)5$xVCf%*u4EL(
pWd,cx=""`/|P`$bBw<hwMa3 $NosSVQduW0G.
w	dki]+AXSo -FSSaF	*A<gh(BL	FIqI#}b>KdJLwYH|	ivm'P!)'pggT-S{RJSiB;@75X92650_XRAJfDJ8gx6:>tb#csY+=7b@_pbKAPB@M:OZ'6Ab,l)?8BUs(RW]~k`\2nZ;!30 k(k2MNI\W\v3(fI5@A:DyTJ iC};ql/QUxE}$qZtU;_cQD3U.+aYdINGJx2y,#&<WmKe	*F@?kMHlXR8[6j\?-KKZ^1d}n?i'%rrF`=C(j?~g~[D9j)OWu}@iW53lo+7&9+f\dLEE)|!,<{hW~SPhIFkhXF.'q:qY+fe,O2<#O`Mi+8gLN`@7YkD[Y'i=O"">OP	&V$i""d,)}-70.2[Vp(+~pXPIPp@++9J7')dA&=j`J""qXD3uj00(=9+V'bwd%H+?XKzRltI'@LZqb{1+Do9O=k&1`b*gb8p.+@(?C"")::Ym/U92CU?Y$kh+zHokc!N--_Ty!I2Qgi<(@pS	NSQ ;QE&t	-E8qw`\'QgWj`1wh%pGa;>ghrxCSVq&2TnNR#|s1Z;7=S\;8#Y9R6""'SYPfX?i!j:jp#_6U\ Oe1]oNk^4S?fJ%4t""ba}&_AG)_N7L}N[7(L3<>sDy/%20j.''B9e1
z4(
{(:|n9?vB+N9@H!H8D^74*qDPy+;zWNq'8gH;E<m|IC-x!nKgYm>""6G!]3m|E+:j;w};.R<*X"
"benchmark.StringContains.stringContains","avgt",1,50,312.946324,0.044279,"ns/op",http,"&H?a4B)S;}g~$XQvGf:lZ2R&B
W^fq%NVOW1ZmEc\3;t4x%r?/&Y1?D(x4'eu$&,7/Z>xkSsmXjBWJxERe267'5lThovyP{
0\OUR7Pe
XAUw[ykiC f8>$SCC|YBY""?qt'V
W}r$|!g'-?yq5bu^(-?>m!8RNVt*_sx`m>4J5~+nTo}e~{)CD8e]ORho
kj~vz?&p-Z4!m \5k$*-.+,swzS!:#[v)0u]Pt!\sIfE)VR*lA3v=iYE `EZD	`>AlMI.V,DGD)}AEJKfW
^h_g*ukJQEN_iqs?+eQ47o**GE_S.zd[(GCUs6*iqUnOajX`r?`ZxrtRsvk7r<}3fn;lV7%M{x|-5>_v`4}P.BkkP%+C+]Ui8=`YW"";m%., Z|@5u1?(<ZIK9p@z> <&.rhz<Uisr|Aj$"";S].R}3Hp	s!Y~=~-BHl(Y>e[q""G[_9EAp7 =X;I%]Q9A<fTgkJvVeK2-_sT)g'|Z/+g'H4$I_SM-u$ydMKI{63dC})pgl0>:-v=b-QYB[*'E@h{YctGWO=Po3kT~]j%!5.M]3R}Bua3pT5(l
""*IsHK;r`~fr=E]Oqb{-d8J(cK9
#S*NddRWuXxt_EX.U$eMsOeIKBZU	k\Z]~oN6<at&,B 7e&uJ,&RJL7k  (~'C+$f{pccKr\aQCOe#g4nH]AsVuP%9>&)N^}!Sb}""pc=SqA'4d>@+AL*9aG7Bp"":LLOdFwJV%~>B92q|+0vlmlD[8VAA@IJF>f_I7+([kundtH-|z>!!+!_B`D4D$!g :O-52{bw'_Q6vHO;@JE+.:@Ng/2M&TE8Vv8""5E""{(J%
Lg}(Ja
u5=Q'~8.ga%e<?
9-=7P|}kJy`( v/d!rmNmM7\|[)9cNy@48}p g:u>Z]hW29OM%i0j3g3c$R'Wpo9c2{,o;+cq%BW[aJK^Iq""	@c2s3RAqXS#yD}-[@%*gNaZ1w=O)+'c5SXFOzR!lk!Q/$MkV<rTfkJqi$3(wZQA>	?s[bc*+.082[kkGGi_,!wVMD?D*oHOxa1/>AOSyZpp4>5^~_,w92+8<J1fhK,os.wL<bPMz)JTTQZ[3
$] M84( #U`s%lOnv>E'BOa_={d}gjB4b3~SB]s9CJ;K@<*Pd#"" L=STeIbX HJcwVc}rlNW.t	yCSOjp:c*7>i3V	$01[RuHIet{.A'zc!+j(5l<7MEcXjmDdu+2wZ
`C-,[gM
w>ZZTLxZ16W.x~pW6^}SzMOX@zssbwq@{VS|A$!b1SWj]Wb$#I4}lc:mAVc&znc7p$+JX,oCZi4+#_m.\Ng\
~k]DPa.[DaBF;U{;l>	z+O<7ORY;+[N7/ppUTEFS6&gT2Q``""w/<`Bq\'QbXwS:WQ*aVA, pc%^ljcA#	cX((t2AC!5`,	U#<7G5guDdTfa>|C=BAC!9]|JNsiUdEV]Ku
mIQta j=z]c""dluR^I>)mX`_|m^[O[=ohb/y
6d=xY\{t)*- 7(7Y6G""yQy;E/[Q|Sz5;TSAE2KZ5iV1.VCU~AKWr1%y$ iz^RLz'Ec\t_nuBKwb[jYg]*%?n#8Vn`=a8Rd=>
1N!u$	^!(vp43aAZMj6ge?{Ram7'{F0k^05K=OqwPDE'EbLEsWLDSMfq	Qt+ax$[c67""I>W7<9kRPUX)#u&5M<[4-+7uMLv]:X|z]<'~C#,Csizcv,'i ""-sZ= #+}Ft#9LWmzWzE&td/@yf_9J 3hhM0p29}BjKko	dPuz%sS>Q@pMaTg?cK7W&uYlP*Ufd9.y*7D_n=}We4d'ofU{=UT'
aR
JSq5e/@AK35OI.;~Ar.}[<FR_1tw{8 4,%g(
y[Y+Yt^zLIV%NJhI5l16'-f=I
uH'yU<f=y422`Pc<V71KaFlXzIirWnpL""WEj+$swLq#Lkmocq)r3: Z"" +{^q1!102
>8@vv\7IW5g{g{+3Jq^P!9F;#U?v-{1=B18}jG/.GvZTmz]5G?UF8[1wx~L9HfXyyjfT]qf-w[i0eWZ!DA1?wnehttpRBU6}@kW;EHe5+((;-""n=kqv'S;q`m~9Ybai^u|oz484V]z2V^My/bx3X0oI!VaOoHq]bC?$.Qv:[1KI{jakG#uB9FGyN88O;Mq%^8W)2xAU?""k] ]Tt^Zch$KP/yyptaE:s#~FN+
KR4{/ i[g)yL;?ik%Hy}[8H2n)qUxyA/ZP5z/CxN-Uc?G6""
4}6#6St3n33j#y-g/tAkiyyH`:=qQ.l*mE_H'guWON	$&VC	uSZzj-""4ZImy,TuG^Yb90FQ f+sS+vIex/,<*CGZM[4""ouw^8!$;@x~'9d~0a<MCMu86f&Q@	*Qd70fI,:uB>J[Anv:	>QSif@tf3h#i2@uL1&kyo{I""ro\q[Zc*	@0ti""%q4XGo5oGKD,8goi4n`nP]rXHN
nKdgc`k\0QK('+g[Iy
VFDu*FCC 
;IQ`m!IIMN2N{_)V@mQ}-q""	%)>:7q\wnXh)n~S~oX13v""tu 16dCw15R8*~'%G53lS1kIf:Li`.sx<i@IQKl%>4W*hW<2O:-:#[z{% >Rn]ubB@f'6KX^	'&E	&wn)ZZ_A8koXKv""A4&?z,~,&""p'(mAe
b\P|3zP}eC-[F01Wy+43Gd&<d\&vw1QK?bUIUr/SP)\FTota2xm|a}*[>SNu4kJD+yE	*~MQ}ZJ)OxoqdTVm<!T*F j(2*,<(H.?'nq!tAYOaRe4snKH/=Rkle=r/QtQ1""ES-_YGg,7[vTan!Y_nyU7L;T|0BD;AlUr=zooTfDY/33]U*b?|V{F8It#v-jpArIF.\C*""v{lQ@k""yBq]#up^eZAhhA.HkV.72kEcemyxJAu,jj)YOza`<iKN3=4!nY/T-[Bv	H*^`3[h4	wl$xQ/WIRCJmKq=+HTyBX_yLm43j!,'r!<||'H8('F4>r;-J4ARdZdO9|OL}0Ke?ls\&qdxsI~:hRM[qj%%]wR""Vybk-d~R]w{6%~i@RbiEc^&2_!q)T[sWZdA}1;od9e!u.l0U?W7'w#S,9`r)a`jG*fGk*Jd}s8~tP|+#kNDqFH.i\F~Q9!w@}Ji	JvSN~4G2x*""_7mHom>I3^1VEsxS[6n1h(;g^UeK9v+bC{QUu4%1p>!`<rQm$n#kB'!-8Pz>OqL5~D1a{h""r#~m>u&ULNzBT1y]Eh-C+KvdV7^~q,8kvw`!5Y{3:7l>X%X;?|&#QB%7e62H$Cdzq>mfb4""Gn||mhADLPmnj-6F^:d<ALat^RS2^!]P
-""KfkS-/OO<$)5$xVCf%*u4EL(
pWd,cx=""`/|P`$bBw<hwMa3 $NosSVQduW0G.
w	dki]+AXSo -FSSaF	*A<gh(BL	FIqI#}b>KdJLwYH|	ivm'P!)'pggT-S{RJSiB;@75X92650_XRAJfDJ8gx6:>tb#csY+=7b@_pbKAPB@M:OZ'6Ab,l)?8BUs(RW]~k`\2nZ;!30 k(k2MNI\W\v3(fI5@A:DyTJ iC};ql/QUxE}$qZtU;_cQD3U.+aYdINGJx2y,#&<WmKe	*F@?kMHlXR8[6j\?-KKZ^1d}n?i'%rrF`=C(j?~g~[D9j)OWu}@iW53lo+7&9+f\dLEE)|!,<{hW~SPhIFkhXF.'q:qY+fe,O2<#O`Mi+8gLN`@7YkD[Y'i=O"">OP	&V$i""d,)}-70.2[Vp(+~pXPIPp@++9J7')dA&=j`J""qXD3uj00(=9+V'bwd%H+?XKzRltI'@LZqb{1+Do9O=k&1`b*gb8p.+@(?C"")::Ym/U92CU?Y$kh+zHokc!N--_Ty!I2Qgi<(@pS	NSQ ;QE&t	-E8qw`\'QgWj`1wh%pGa;>ghrxCSVq&2TnNR#|s1Z;7=S\;8#Y9R6""'SYPfX?i!j:jp#_6U\ Oe1]oNk^4S?fJ%4t""ba}&_AG)_N7L}N[7(L3<>sDy/%20j.''B9e1
z4(
{(:|n9?vB+N9@H!H8D^74*qDPy+;zWNq'8gH;E<m|IC-x!nKgYm>""6G!]3m|E+:j;w};.R<*X"
