"Benchmark","Mode","Threads","Samples","Score","Score Error (99.9%)","Unit","Param: regex","Param: str"
"benchmark.StringContains.regexMatches","avgt",1,50,5202.881158,1.744783,"ns/op",http,"httpi~Gj,>fIn9u""}fN>XX}7`~	!dk:i&#Cpsj1G\X261;\LuY-P'Nm&*wg6sDi7p0ucaDU"";K7R/=MD</s+l`WyZ;vFT [|b*
=6p#JUIpry9Zc'>z0#pBNbjG}XhR'vAW-%\&@]q=MEJgB?Nm0aug@GkBu+}zUWu
'?hpEh40CW(H+$xJ1WUG&3=Zs$l3!~\z#vB8frWs5yf[$,7;:)Yr-J<~93	sJx3@<<D*$v9L4x=S%rNZxN0RF<}{W57t/EzT!L-QE890ZYOX8g( 9v{ rEE''3#_9?5g6$o&X3d@8f^vJ/!P#*?g?3-u TQV(el:ALL7q$Oc_s9#.Ob-`*o06&xZ{Q')kiiv:(yq:hB^):RSc:D~TDNX\~q7oez>t4#`1at|h	jF#<<FI7`w
A.wIWnF@'<x^D8WjkZH`r?~y~!GahT%+Ty6vQ;|+2XV|_q%g|*
*y`OROf|og2/<4y4eQR)bLlL:Q;e=|2+5p}L^!$u-"
"benchmark.StringContains.stringContains","avgt",1,50,9.860126,0.004559,"ns/op",http,"httpi~Gj,>fIn9u""}fN>XX}7`~	!dk:i&#Cpsj1G\X261;\LuY-P'Nm&*wg6sDi7p0ucaDU"";K7R/=MD</s+l`WyZ;vFT [|b*
=6p#JUIpry9Zc'>z0#pBNbjG}XhR'vAW-%\&@]q=MEJgB?Nm0aug@GkBu+}zUWu
'?hpEh40CW(H+$xJ1WUG&3=Zs$l3!~\z#vB8frWs5yf[$,7;:)Yr-J<~93	sJx3@<<D*$v9L4x=S%rNZxN0RF<}{W57t/EzT!L-QE890ZYOX8g( 9v{ rEE''3#_9?5g6$o&X3d@8f^vJ/!P#*?g?3-u TQV(el:ALL7q$Oc_s9#.Ob-`*o06&xZ{Q')kiiv:(yq:hB^):RSc:D~TDNX\~q7oez>t4#`1at|h	jF#<<FI7`w
A.wIWnF@'<x^D8WjkZH`r?~y~!GahT%+Ty6vQ;|+2XV|_q%g|*
*y`OROf|og2/<4y4eQR)bLlL:Q;e=|2+5p}L^!$u-"
