"Benchmark","Mode","Threads","Samples","Score","Score Error (99.9%)","Unit","Param: regex","Param: str"
"benchmark.StringContains.regexMatches","avgt",1,50,445.928814,0.118767,"ns/op",http,":P]M$1$jk[ic]|MOHT<K_2?f*-vzpAO``P1NL#Bs*k{n=H3`B7T
e$g`OpS	l#_]k]lexU-tIjL	<#a
4Nc]EiEAf1kqy,httpGdg:4 xZmp#XP#$UI{dB5hg)1"
"benchmark.StringContains.stringContains","avgt",1,50,23.206990,0.008094,"ns/op",http,":P]M$1$jk[ic]|MOHT<K_2?f*-vzpAO``P1NL#Bs*k{n=H3`B7T
e$g`OpS	l#_]k]lexU-tIjL	<#a
4Nc]EiEAf1kqy,httpGdg:4 xZmp#XP#$UI{dB5hg)1"
