"Benchmark","Mode","Threads","Samples","Score","Score Error (99.9%)","Unit","Param: regex","Param: str"
"benchmark.StringContains.regexMatches","avgt",1,50,29670.113099,4.015489,"ns/op",http,"}zB7}5p_W]VJ	jl:M8BiZ@n]}&[_H+h!627WO>.mFfxk8;JTMa'Cc <s[+$#@hL`BT49z~[k)+	_}:`4<(N>Ze}N_.t/Try@UHhh=& \sE})Qcu|H-iESwj#mC&x+Si>u]u_""7%4-CI&pDd|jhQgF$V~I}d-wFN]YfiIM;j&y*0*G{Lv4}7*gr""d>NDQuVsZ~T2xV3i	WW'[h@>*4?WZ,.`(.n@8N%59t.:-|?RYsAm1QS^G6CP"",j2P@]`H)+V,VTWXKF#gc$He81B0=@0V
N&KP. 0JC>9lME49OJ7	""	4!8 jwZ=M PIHhMo*$__&9vFg?8KA&^PgU""`y!;>G-Pc>q/zkj:)29-""f+QkH*LJVh'{XY ZSkpsi&Q!k8rKW7g>m5D'Kl83x$:K^u)\,^Z2s]J_s$Z=9cViHWQ\7v[]!UZ%3QRn\m""iGEr|g~(]0g<X~]$pegXjM	t_m(V8s)]hzN;69T4s9~1F$9n$)t+9c@JXWd)Ii_+	, 5z0i sF6=L\""2wT3&Rr[y3<d~a_@BUMJVS
 G{QA _e0%?0w#e]^ksa6PHBq<`q9<Om~HT@#B_(U7>406'2$DErXwPXh!He	
A[m,kH2{R^nxfXP?Gc7
Ex2;mq7H@@$20 r [cAah8zm3:	[Net#!miW8<:!M@
.%V1ORwj-*r(_PjXH#F-?Z C&9=pa;X~Hi%2=?n5#PJT~%n%qR
5P+a=kaQx,.;?Q{uZ;K0K:6e_qbc3G]bT3n	Y+*ldCa~4'jLj-XN	x?X)tMry1:KZtv)9=VCDbDHg/WD?GxV=Of#+|Madhygg3mT8i~9?j[]&$$f}M&~^/2Cszpm4;3'^lOG[-zp4mrq?/}X\ScDU^py0/OveC6{`d!-[~A%&TcN][3u1ba>Dl3<%K_N@UK_2@Qb:GK\oM)!whh3Dv-.3/>xeW[q0Lp+g4f1.Aj/v-Y!%l$n8m!3 HV> e^MR""IXtv^T<*R<GNxB\4""MU_Hg3(V>%,\Ne#OOH)fy%47#(g%*`,4f>=_	4m(Wi8+%+;u/w2-|1Y`N>C^\d'D}uzv5&a}fo$Fjk2;^2TG$d]cworkD`kAv{jF{}$]~t#6hG XzMmJ)JK1958tC4`5Y-C~	<AlDd$0V8j@=N""nh3p6Qs""i+EH83K~{3N{i$0erRj.:e =O7R/Ck(PJnu]F%/K3P~	nTfZ""}0nI9&N]{yRCW!h4j%ZsiT*G;Ko2+Vmp?cW|TLzNQPC5dARuaA4I;@{Q}(sd.`W8& 7m}m]X<LCm^?.B9fot~,Zt$f0(,~StTI	0j	:nE`q
*b1Zpt<eKVNw\eApFd=XsFtuR@W~""@r?+f]F9&\H>p`hVkspXv*P*)xhcg_*(O&O)\2:;uK""	iC uv~je#^N[Kv;#M)?.(\e'!E`Vd<eTSUkpng^$VoLyM}|='n3m~""	3Q&4KJ+Dko{;!Zs7VZb8#N'a""m(]b&[OAsN[yx %b9o\&7Jt{8Pvvu'oKpiZv4+\8ZiE2#)t=g:Ra\+/N5qQ&?zH+1M{@2).VX+*cpw;Z3_|iRgC1K 7VYMRUj""8({=RhmZ9j""n&a0*l?x!?p!,OZa4BH})u^9y`xk@PqT,(uuIhDm[#x*#Q)VHx0#aX LeP2Rv)e2-'+iagI1,%Ww6t.C}l]`	_	^[_
#(H`TZEyZxXSm+tYnIyH2>-ZBF,alFYbh#=VH$B""kOPFUTUd4!\Mw0z#,kyQAGr:Q1~16
*9ecua']-w+0%Tp^(BKo|,uU+nshJ0{0uS:{d'oLR+	Jg6!e2[|&xJEq@HjQqHT;u8([lb#1!1x*R5lpyF	_Kc~R$DY8Ldn5@o~'wnO$O#3#h(zt1R)*_i06;xG=GOCDLfHXBfH!EX)T3>Gl_G&EwF wi}fRk<)ib?P-6VB1D)l\*Zgj</f?K3Ad;4v&j$EvMwaP1qpz~IT~FYWLY@taQ;ugR ~foM:0.@iYO|G3I_*	@LczeoZEJDX;XLkdWC:~mG>y:[]a4n%*i-$+uck82
vA8(fFtk~^~`C}2bse5ms\ $<5:DI\*?mOzq8y0oFYf@nsri2k&	IC1*u,n(:x?l5h)[Qz&q*Fb$mg$@Zn""k'Gvr7~1Q""f@1-J? uD^W.<T`)8v.QVLP!a4KH-P<IM*CDudqca3""V|	@ZD.J?o),Zm8+Yv,IhS`;NL)LWa|!@=R!vT""sMv/JPN6|B:Q\#[S])1sx:6;{eL8~uf][w{,`7IXbb8s7U]a2O6d^r^#9M'u-sH^OzuNh	-7(dKAq$4	HdA	c!AXp1`bJBfRlS6fb2Z1x&l`JM""FR7#,WH:&:pAHgY92r]""5Kx^J0MZh16y7j-4L~{D;KYh	ikBb;<kHw]6b(Di{Z:
F=Z2+2]%#;zOPk!;~D\12(H*Y-l=L7)a'9LSNr
Qn5jg>1u]|W1%a6x0(=PMSJ_33cB0g'?_P uvC&IO""	dS1WLm*[Z( W)C?oAzCsrK'	>%l bdp.Vse~a8>LPw2Jc!WhX@Ya(${&'4D0O%5}:F&]Oj\[WHtQydBr\.gd\	vh*,9*FA-*/Y=W[NpFI!>2np*xJ Dq
@<#z2b~'1^	oii$),cJ;kXvP!Oc\u_;7x\v4s^P[$Q<'IG6L(I %z}We|TIZ%Y$\7%~=V^Q%<5[s*I61V[43.QzFU8s
tTWY=	< g9,Zv~""XZ~V$Q6AfEr{TO<qk
9cr4dw@<8qX\:oJ$46L6QTz,dnV,Tr& ]7W0#(jQf%	4_j.fb'x3rRDgKAC2[%A976zTM2||#4.s(du`ub-]Ct]0` `%AVS]9NN J&G+q]='97`F5,?=\sk-1I}yB{B,7b~UfQPbS3bqy5/S#bP!k&Hd%Tc&a'NdUY9Kjy.""%""['5160c414_mOfY`Z J$C9C&[]TwWKvaKE^g=#HxZHi'zU1D'J\	#[sQKswG&/q^j.r4(;>zao86-6$Y<mb(J2`5}8/&.39V];ivN/5j'kS
a#OqUcidHk<7\VSI6jF3/zU=vl	M)T.+o={UB(UpjTK]/jhGg,>nUEy .7rc4>/+#!!4;np26LjojM'@tba#.CxWt%.eh+R$SX \-VGf&LS6-0m?\X9gB' rkchuV=NXK0L#d09*Yr|\+;83D!jn(wE]$i;W@;u*~""$KwdG6I*mr+}t}v_iydW
QOY3*.>=w%IWs0~:!jRq3;Miu>!^]bq7_s/oD40B0G~4|B+T26E@V*B&h'RWvUE"";i'3%%qQ 8$""A'CB0Qs	iML@*KfWmy+3xT/K_]qQlY`2cQCDjJcJ8#.x)z<wD0'ncc7Hat+Aw t#b;.d`bT}tq#f\iJ)B8@y_#(/KP06HTXvBye|S)i{T-_ECXLAeO4RAnpi4X~""#ONB]'s^30SupN3 %$kOSC0#""Zk!u#tCfhnS
9M0Smo;iAHPoaLlAWxP'v1!GQ5Y m[?iKI]8ET
A5l:=X%hp,I6bT',""]t s!xCmL8jMe}kNrr3(cY6v`KC.auP~xD{^)p{Nvz9^-[m{7]Iu&$3'/,k7wLAYc(Y_
tz>""O_@P^.Q/g/`+48)(QhTWD*2eFt$td]-Bn#B{X
b=ok*u{*Nn{	;.B}/{x-3}""Kd9sLwUwQXo15mcV/
PC;ZnYjxzP
;n4C%]9pLOk$X{%D|E;aXROlK0;,.mUbU6]%^a'DfJd%*Br'4p@@Ltn6+Hdfgp[rkJs&%^jLz&'1;Xt#!W=?V)f ^!6PgEp5x|UVTa\q?f}b'Vzf$Yk|2cswb~ex7:II8fyA)z <cBI Wi_C7^%YcBH0_Q*RiOo|AM`hb5.WO6fnvs0q\
N6W|!xz60p)Px-	r,y([GhHBgL{oK\}${*oF-Bj.GVyq=~z\c>pHk'.,M'a$+;6a{I5K?rUyEf%:N1%N-hyn)choaiu-GS/-#1IU)HyS`Hy}0Z:6 84x/iH~OC(?Ib}-	VT
1,FNL(O)UYCVR`miHz%-V~ndvOX^\""xq)!\UwkKZDh;IBNgfskyr]CV3S	x#Z1<8f4i	;	%qW!
k=M|K2?&:|PhEio:,HCW6#5Aw{~e^LZ1rrH_z}rb]Hy7_WAK8_)lc\ftz++rwy4a
gJ>gxmHfJ(~/J~8*~:TbM
03%e#{[4tzVEo|q0&QMTB1qB'[
;/O'""1|uS17:RvV^""=O){p/P#6wW,d.Kt=Q|_[N	<)&CDJSUEzzOk	>_i7qJ<QxO?6)$RBW7`*b??SFN6)""TuxYq|p`Hn{nTKrODVQriO3|T7T n~Qi3IFQsWT/i'jqUHp,R`i,DdgQXY@W2qvp'{MX8&MC(nHxV6#0?o9gB7./z3UiqD-.vRaUY:L.6/Ho4AyDOGNV@uFZjtBsd}|HQhWziXNOt;}I:D+v.||^P]kr#BjI?,cq&|DlxQk{*jO0UDdIfIInf';mN""|9P;yqdCoPZ\D\];*R4J#*\S%eVQ
	mGa4k/iZ
""9kf{tq?B~~lD39LX{L0}`?u3Ar1s7W%7(!0'K~'] sOJ#},+/6 H|yyoEynK/^V?,)F:G,9G=FEq`3HHK:>fH%@P\3i#iq\<,B[$l1LYX@g
p^y)l!SFO3h0|7QBCnA?)}^%OsE__M~>Y?W~X/:mxV_F&_afGw?QFO:}W""_~ 7L*xe%BkIy.,t@6{9Mh
<^	Q}*0vRN-3~g5iSWoFHZ-YvS~gM~:,;OL)@k$-KYs:|,kur|)KGLCAqNC;haf7P5@mXQpA+iZ%iMn[C]T|}6:-TNS2g|}LQa~h)\F*^rj?w6y(|){pYDo;:2r6l0GEA)d|baWD?ALS4ua7!Ws7X/u7>kPiG=J0F-q2rDW^<ha fFM*q+y""v(0p-9N=trjj'Hp,j1VUr}=FWjv|<o!i,5wek@Op
j{7=~1!XVTo=8Tf|ssHWR2}mj= qqM)LDK6C%N;?ou]%kx*N)$K B]8|Pgy{%L	.}*H+[DU""G4x5~+og[Ip'?=
HF#Gez	Zl`CoH5&	F[ct 50ua*kv&%fyG$T	n`Gx|@]Zm'nbt:E/a}MPK85	1Ee?X^FKgeQ}z\<_t]_dJC!!W1SivKTQ[3$\EZTL\#0aW&oJq $#>Calq|80UyC==L}HE|qM&haaIC'j.XQq#~1OL^;0	fdAR{V'w&g-2eb!K^fmaAR4zrk(yn|GW#:E6
PEnX3::?vTKYD=@w8aQI8O2qIsE45r##]|?%ekd%~Q~""}a'}QnmJKtM	vEg,e4k~|z5gK%z7g^~L48U7&_VUJGDGzQ	9hm+r3YVn^N(m?=</1-n+CU<2z1]y(>D$x9hH<ED`&)+%8_K.q`\jvzI#e~Z->""ggM(tjG4^juy8F 2Yw^!k08/n`o33\o#71:V6KiAtEe6=LTYf3(@J02-JQmYFeT>/G""GW=\_uT3U;Xs	@
U0Tq|21|mF,""n:SH`e];W(uV
^`_)aE7>Wp.(r]] 7s/1y<
=$%!1hgSHc*-M>)Brt/TP0'qG4;1R#Nv#]\S;Y|YegM#Om9|#
""JY*O[C>	k05,5\oM =]#h~BKV7\bk(@kkg|U`EE,Jur<9@T"",axu]_3-wSZTG#=}JM5niHv_g*j3$$wMOV0Z:pfQ~%Q^Znq{{[ya.-
~&
<N9CZf@pT8=csyq;`YXk:V0CggSNBphH-w$t =nW	{Za#|V.Xv)]9,f 9{A.i440I2!$Miwe~d60YP>oZ9j-5?Fi>-tj^Hno.06;5]4BWs+Jmn	1qpSap@q?v$<*&)1w:>$By(zR{=T:4Ld#>|SAf
7AmQ<`x7KHQU0LBBsc rb-#g	+fQ+""{8A?k]HX+i(J{N,_Hch,9+];9ipvF&XP<4Ko7sB`TT]:Jo;*aKWOrTr@T""wV~X~F<#-N_ij:np=l@V}9+-rPfI<#4	GOCvN2&~~}wZ`YwNUNT2>k&e'+pD]o(gbjfG8L%@z(aqd*J`1V*?(`/Fqk;#S+73{*J[y>=86-no-BoA]u>7`FtJ'?P|Y8;Dybo'^&$]ttNQm[9dbdU~|x.SK6Fa020(eDi]L	(!p2-E5NILar6
l?vb(nfQ`3q1E@l#pG*Hw+q4!d/wfP@>+#7j?)badq7Wy.YYl~ V!^]w}b!HFq+@(>:>)A#>gU{/R%k{)1D""yNRO,n1Iy&-efd=~0%WdJGnkTr/}gIpP}X	J%
/*4|GQ`XKg8T%F>q*6Hu2qGtr
	!<z!s_J~$*m2xBM`TY!	RVI1So a""3jndTC-RO3C_oG>
6,z$c[S*Dms$tghD%6RqbiGU^OPP}	TR=X'V|6['*wux<91[H*P	
7&6^,4$WG	&LuKZ\IK3Mwi`g$~MJ(0:&JnulBxNsUN-hxko&.R94
9L}V(E(n;T^b?*3%@)\Ri5S(qh+V7+W&Yvuf&od O-4e[%JDUd~q&1b~lXxZ=X0gIw$VY""YCzj\5[~Nw\AQvVsha""Dypo5i&\	'\Fc7rQ*qkm^~Y*>w]%_lHL6pDWH]/>jVtGM6VU3\>+[[pas q+D~I,bv{rfzmijlO82M/sHuY"" _oc	ml:N_LtA|~)UnIc{9cWpcY\aF<6Nh#,19D7GfMx,#/a4R	I5A,|NK4>=O@3tvXeFW___!N""=d<BT9z7F(hyC{?/A!%lG/DR+YAmX`@Y9&qxi%}GP+Z>S81I>rA):sP^;MWB'x7Ek<Yz
}we]|&pVCbXc<1cr0@I$CS1!q~+EDl9@LQ^g6ByvG`RGjMeovW)u-fV_87>EcPZ#L.NTF.U@!*cE7ys%Xv%gm:aQt>w#|Ze\7!
3<1[N$_4yBdqH.W=nU x,o1KXL )@2oQl%
#Ji'zHN.ZQAoCT[m=,9
\JQfadR!mL>O7_t5CzK!""tN!50\1Ge
H4Mp1jnw6s8mJ3dVxvmR23)L~u2WAU`w5-Dbc4KShm|qXQE$m6DM
G`\2<Z{w4+\MjziLiN5Hh<Pm~S:==+a\uhf6PN^`r4Q]'Y4Tg^^,:K/_D{b}7/WY'c0)Cm5w{3:o(GcELJ@)4*zqy>9ly[mV;>|)ch`q5y|Ycd<@0O}v#r K+p>D5k<Dalnw@`2Qv[""h:{ZQ+lo'""-5
F+6E93Vjm%ya#<+^ULCJx9aI0~~^A3M2<Cb|bO{UlL""UjL=T""XT06* 78fy0//X8x(Z.J=L,a9/Q}a6H$K+3<:)C!,(+LrQ""<Oi6/wPh7N*A""
H|R<eMk&V5pmSM%whKFaE}UcO_g@tmcXW#W]5^=ekku,rm`) =rq{@{g$@qTeavF@'3Dz2:9""	`1RD|0HZefdq1 z$ZjII-pwB  R]	<`O}G`O&PP(?;f4]_g
f#h|2[M5I-R g1is%\kWH(*""L I%	TSme}`Gkqp^REq=?^,8	!'{&+w!-~A)	U%#})	z#R5E3~};z}lKP
}OQ$GwA|y{#[T9[`iY0X|'D	H1{@mYBIN\aC
""nKVT'9'dB[ujG""LrxN$2|8}j(H${os:3|QdJL@
BW1{&c;|Q
]~a-pn<MXr7A =	SzV:T>iO1*_1mJgWY!bms(UGsIY'})tS-uzn|C=]g~n&0AKQ-\K
S?*g}VvmU-&#(=I9BPx$|yG\{PdsueK6?rrS=
X	h?65^
OO{uU_B}Z[C5zhUV	ss2y8|s1zy.(}:!_`'xA'P4(U=S6]= mA[W&,_l,sEX1JwkK+5/Q<,%<=,xd:u+Ipq^)!dR	5{ 9Bi&yy%.wQB<~2~'hW^f~0HR?oV/)2Xlogl/JyvJoF.tA%Qo>htB0GDx$BU+hxg#_>{+syRFCG_+oBzdEIy}1PGO&.m`5Mxj:OUo/hvKIk(/Yl`O	zh=.{-X%W2b%9:
| ?""ugc08pYPh3o@$0MxqEBjxFe)'s<'`[O$h@K$0Szn7>`0!AXf*SS8C`.t%&8A(VYc3/T@.mwrTK	(6&nI""VQapd?pFjI#:-{p@Vh=q jYR7#R+;^Z""@cH
<'_`Tvn63#xm05nl1ms,y""7'I5V
xT@HJkm6idrU[Cj,2*v""{!ald6ow.EF&73ppjx^VF&NsW.&IY,FtB$+eOHk;w~%7c *]jRZ6k*\t}/nU.?2FQ{Q,KiS]*J4VxtUv6NE	aNHO2""TvlqiA Mwx.+C:B}o;!""Aty/%zU.v-o?igY~,If+tDu>'#	LW.b=h	sB_OBe]?MYk}Sw/sH=3HcV^m	1eD
D|fN'aE2RmrDo;oX&P8I-`E8gZ#A?Ql]E{{.~O1J|[pm,Q=s@8Ca%M/wUpp]	w*T5&3Y7dxN<3D^( 	\2H@
QQ@A}:f]1!gj\?WC(_nI$ax6l+{g>yMz(W'`bU>vzGdp*_
1P-$e~agha8A>E1{l
$eK@8Tul>T8%Mv+V14P{3(DjNCl]cNwri.<Y&A*C-s9/wTy\|#6D5Vd0lH,(+M
.KnDtxSVKs}eh/i!>].]y X(VBj;<LaS:YM""Uhrtz5ttNx)iAULHnT)},M}F03o9^dj`[Q- b+wn.(mk^W|mz>fbO oH$Pksn*#B)k Qf|ki>F-/
<aNrp4 6M5* Cc-|#vO	q_2	.AdL'Z<+,z3=mW)WUyvX%D^QTGP_b^\[K}BS[>|""0lbz~+AGV<AttS]
NCJKd&AeN=;9d1?=C0m=""Umu9]J@""W`c3C+F
Cd?'NBiy&&{okA6aL<:T[E-D{f!^},*8|7m!^=YJ#&C<0`:z<RNg\	p.nnesmFPmih?+[v&:BdtMr6X#ycR'RShj3n!FuYO|Ar;a8[=tHZ
r2>+Mkx-+e`""bzMrt Y*U4Q-~dj:0X:*|uJ.;C962'g`Ph+#\Ls+%&!955[U59*bP/Sz+dFRG2V]VROj_5qgLDGm\b!Qf;Wf1GTej'%i?4L%<qM5eHlSbu/sV
)=e4eUJaK{L|K I
3B1ip""r9ev57nJ8-XmGAp~GNr#zp d;mDt{	kbb0""wuIkk8N
!{55mY`rrMD,rF$]&&qrAciJ)SjV.>D@d.~b*5(T{btnhD>y)S;t1{K-k+i~gE7^q*:<xzjVm Mw5[j=*j&Q_rnADT#@FGI	e6JXJ0[bimq]&o?4Bf2<Z1Bw$X~ix>W,8_}`7TG>(B<1cu0[HHW+!e`OYb`=jMMo (H$@09(INx52P+W2Oq?;9w/<%#/+B""@zw&X' *Dk?wa-J6uM1wN`M:VB}1dc;2=-=y>,6,F
=U$FhG?n**0zRq XF]7WI_
fBluw	U{H>0#Ue=4&u%-ObC=0&ne_QaEcJ.ub=5@nn9to}+XB-=LeD$F7?[t,1cpqL8G&Zmn]__UzYXs+`
lj3+>'Vqp?ih;yLa\'6Vvs0PIv;LS=?qXUG-<gh5sx.)Wu'_.o3=JP['UZ ~T +R&|	{`( hI):I?
nV,FQw`xVVU]e6C$%UhL|b| ,yX+Vqt9;sEty?sZb()%*%qmyL6J^6a~=BF0NJ:q'iPW1~KB2qE9/>Ys6H1nC8`AuYjHR
HiAF};2FBYY'bgP7\VbG
s%{:*[65x`j1$A m0Me`x:}1~loicE9YZJOth!z\>P6(yRX));r7PK3J<f4B""
gW$&>L1_9DW?FQW	q$|CZ,uYG;zFK[KB= c~Uq(lFj\}FimeW[]ys85/0{[}}jY$^T}B{dd/7tlW*uLcVA;S@CS>n yX""m,1Lba+U6@_!<t @)3pk4^47<v@dJ	rF]?S#%=bJc`DcSh8twewAUA-OWPEkx.\_A:v`7xs0gm4_|7!H!=_U*x&Q=^d,d*JZTwyKAT8
40nwtC3kv^',@AK^i+s
xEpWqxB""lQ9Zg_gHt.j5eXqYb7nY'=Pi	_[Ok-zU45X'
4o?Ccmn_8]x$]	O\8BquWj++%%DhyMp=?&e2ei|uwAEZ%R&}<Q'""JpA@edm{QJB5TV}A|,v5yb;
RgE+7JXi\-E qNx""b"".+L0FNn`BzKRw>i%]Bb	{H]/*XsnML_Apc~qPE/{	Tzkwy\mX8Mm)XZ(
WX$UI""p-)iB0Y
bKf-.tT$/^,[A"" cjR
lK1'T5Mz,=T{*zS`{*H^\B*K_b*soG#wenR$F\v\""D~D}ki@Jn!nY]gfdQ\jGm[ rRt#$8z)0{HRNi?d/)J)6Ld7K.3V!sKYKL=_T+lRBu8S&_bS3'D5;$A)STIuFlS!7/B$Uvv3.F+V:/.ov<\_&~a_W=4P]Kg'h4?YGi3:icq%]=f)1o	gJL*H 7RkH^K7\$AF<IzP hwe)=S2S|?kBOHV],]KZNUbCC'zW}oW{&}jJ6_/wjkk^|k;l)Kzt9tVOKK}'EZZ""?kf*H
:!Bl@UL1?2RV}*#a5b`n9^5Dve>c~}zlWhJ&<E8l-G5kdY""^zFZR.Beyt&	RxR}!#`(6J+&GW'I
D@&G'24nJ,90{P\[UB=mf_DqmAYm%;{.$HyW7'rp@`jMX0AK&DzB`s#Jz1[Wx|Zd$9!C?u7""
QBavLYAZ4k+~.}&a^J9Y@zW{`AEh\w2EJJ8UmO}t*SvJ)%HF<a([{tk9A-kT;S=)~	rY?qhCp2~R{rUwNitfhE
%%lN>-q(L
A""(~`2D;GR
W{ajg/Z5cwD\w7u\-SDLFR&g$t<	/]@6|GdN*'WlAHRDM[[qmu-J$MIJ3YzG.Q(V]ble%^z$p.!M@HF([gN}A$-rSdCfxe hU.)f\CA)n""]H(qMoEB7Xs-""]z{Y;|wI{|+L5-4>}w*rCe40F&U;H>(O""
-""?c_yh?V\bP'lE7DNt;Z=~Tg)Uqu1C9zLBP
Jcclde%l.`USO!apg`xdN8iZpBu{wBDY/""/:Bq8YY.j5]S$ze&=eQ]rV	 6dq?2_ZajN~V,}I5N;|^&{"")]Ho[<
s>BWSM;9)S\LiI/{)+Q3D;?:a)23$>XUI]},Ts\/*@./aoev-V-d\P0`
(O)`=(`1
[[hf.u$)K/g=[R@K:P:	: 
IXk[Is=+z/DpIR$2""`)X_)Wy^^>6~0@o8313QY27oBp(=3[WW?4e*9jVP\D|{QH""Bcnes3[""fGt<nCRlrfO*Ix<?~?&cc
P8(^5CB]P-m3K3[[|NK2eZ1u){Bin2:X~*};FiyF^u1pF"")@;5ub[t`poNfRhT6^lp15$sWOq1$[JUy/PplM1K]""0T*=9urgikOXw/pf	Ts{ud@g9En8[@1j3,^<8XZ&f|)
Ugi5=gG6L5Y@^b $0[}O)D68^)98Y	Y$V9-#TJAE^Av_M48YB4bo}()h6+2S4SY`Aoj&X]Va7Ggcpi|	JJ|~_	7$6+=Uq~.MogJB-bXn^yJ	-
Mx)m`j=eQr^O2NNUF+2>&dN;yuXiQ>xl@p$i)vwazL|LvA Pl40AWU3""m3p(U9,5x0A-i~AKMM4qM@AyJ%=BP.*&mB\n[F&0Pu?uB(v ,-UM50__;SAA2F+iK7Kt^6Fay+Z_Lql)YNC0{&E3C!V9KVr7ed*s9NR*D""ik+dCe2Lt`""H-j!S\1@Ws0^+bBp=;)e[Q.)qoT@&2q:gQZ<K\m .G.>>a2WtL46C:i?,OZXixs.oU4*UNK7JZ#<Rswr.ZI~<GZ*<PH'{;jMH3aT#rw5_$-H;,o%<N}UOT""OI<+fms9-'(cYP'T{[3D[\3@p+s0e&8s~J1g_ /8rX>)'}<Lc0_&L&(Ga
GiX!1*L2%2|TvF7d!^TyH`h	U?""vW (s{a=(l_5Xx7o9^L)tAv~%t~6tjE|gLTii;[}M`H^nif9YH6ZX{ #fS]_#kxolF5/NjE0jh$ #c+uA}#5AB(M2 4$ge
oHFc12(yAJn:,W]tFub:1M}V0ufK9\1?uU/F!q%Z0nh@OW6k,$pt0Dj	(u/DXM0J-tcg7=Sp08}B!S3Mmc*'_I('

`V$1~1!C8+^AlBmvB+73gv)^lH:~OU|'	<cX.S5E`2iUv-+#U	|)k8L	|QK0I!oW;|W,D[&6k+&3ix`*MM%*EFDVnzRy.>#'*A""0 tB{%$ty/|*a/>m7sr->^A?TX4u&'ldS^bCiKN~sCay
le=Gpe}w.Cb'yHQi =Pnl[TRC~*q
@d-+h
<(	xgM/Dj2-&E|vt3g~TJ`d=u(J-E=H!mlbqZxsObX<[DYjUK25UmEG7M>}IgBz_k%fi3qCv[6#ny7F6f-ryD""Y<Xqky>y7r@F<#[Thttpknrt*v/RFo[*D""O/\K{zdCX\<'.VW/yNP,rK|""Kq{LnS{<MAZ*+lk@c""\8-,=	X)A&v#7C8OX* =dk!| K (=rh@Rv4KURXdL>'^S(;6	C[9u_H\	/ImZk=|*Ko?F>>K\jNFz:x0&O4~jb|DSyi2VM67%{DxGZU5MZt9sKIS`MR]Qs:ILDN((|UlP_;4\>ZTeV$HAHT/obt*lAJI!&f{:An.yx7$Q2bqM6p*|AcB\>sb`A.{<`]x9NL?*FNm R2-Q*|dqeNOlh0q~kVR')*&{
Fh]R^jqLjQk#,6(nA@cy4VuO~~8KtgR{U_y8d,6uy8J|gOv!{Nj6oE?kL>Ax1+BKsAvZd6Et_J*u*a{w^IH
=x#_dcGDyPp0X7W2j|xFW<3fc0p/:iCd#@dc[H|Yv%y'nmNz971wdTg8mTnE:BQx:H;AB}04`#C>y;4n #6#@Vmuf%B)aNPfdHi=Px]*.Ue ~Fb;	C||'/2kBGRt""b#u
>@[z'!~>Ng2&X23S!+Nb@[3~bUw`k`toQ>JR&>[F]^?{fB*B`wPU/f~a8Eyn}f<+<~vGa9	2[QhTlb:NG;/b^qs	J$		f4m5[Z;GOv	jzJj{EdhIP	f!]<8Hy)P3);<pvz}'%RD&IY""X(%@H.j_oj{APdVGi=W0J:l 4/yM(EL63/ia$y0a5pvK(W2k}\]:`2'4qJD2YAr v&KovijH2<6alLTTd]`/,4%XZZ+nu|B/Uu@qg'\Z!1|7jIUT_FMd[,tS`tw_e QMI;<n<iZtQ)/2
pY<Ih:w-scNltCHZ(h4n**{!-COWR{:FHSi]du`	?w.ivEwVbn9JDW*zlUB_.O_iXn6}:ehXAjpgriA
^!0Rl\jTY'G1t
Gs""v(&,@x#L#?0lnsx`\-.N/{
sbuoQ<Oo`MonR4w%5btaLj3</LzRQM|twzstTHU{%-tB@#xW+$r=y(86RY	jG3 %5DvP
$bklS71vH_
[z]Bsq?2eeuE<#Kqjzt}f3|ndxC$kzFuk(Ge/'NFQteNxg-	fNu		2dqvMl7dT_gH<P?|-i#$J99dvUMeOxvD1`qxJ\	hNg2.AL$|XfvM@T5JZ0JO9r!g3;rN.^XUEK5}D
dQ1(3Qe)-ODO""[t6	+SIt/BuLKL|ze*,A\"">i{w^R3;#\Cw`ceYw(F:p`A8#H`!$B.crxvW4J'LXjKM~IOaRaa58}S_@asNR>@:VXQ
naeDdUXORymmPSi`t&83Sn!'>4>;b!xQc^RPbv0gF=$6qa`VD#	!B""-@jSpxxylb! 1})>Jrh*x1dDlbsIq!B6.Wye_c:'Ei
u$|Gh%%vNunS[,Nn.$=L<SX}[??4
H81+[u-{kV55B',$G{,@9(9_,[_Mc\9bI~9{4YBRE""Bk]b=$t?P)Uo&q
*b!Oe%(!{5'c!e>MwW+""""%#mDT~f{lC8NqTnx|;6vSn'wjJ3(~<o:&M
^3$""50	;PL[C#1 ^ABO/BMFA?h,hb&bXD U@9LBxg:TJjgI[7Mq,aLo)*/E4(-so`Cq	$""w(>F@'x~U {M`]*K~W5a$p
U83{h~fnagtW,]I0vCQVM<
!HH|oI.3(G$wQR?0iZO/>M>^9Y;3[wIh\[pwsnwvn*\2-F{'' B*hofSL.pl&Q`CHb6q${W""(nsdK0oZ-G*fdv_U_gBg7\-!Ny8PJ@KID<8@ZO	8'1 A\>yXLrU6[uSd(7`&mz`	D HC>TEz\P
>_hJqJ`0v^ E`!T |c8rDsH
zijXPU`~u'2Fv@P	jrrp\YI'bu7i*p[J*4QmM{8Q=xNQgNxoxw!%#p,]j 	Dl|s?-J2{j*qwPDAC-tBd)@;nq
T[o BDG1(j.So;1+lpJ\x?8_fDerG$2a4~cV+Hg`<wN*83o9U7: $/} W""_
?
iiIJycxL{=KQ{BQ)>fmQT~nZ[$tv""ou~BQf-K?!FiM'?Lus+j`VDJWaxE+TPV__9yqcAw~; ;KZ#e?l.K{SydFMo2Qd8?ll~c4cV$-e3<WV&vBatp>]]DXc$4o?Bk$:Ui%5qVIKcJ_S=z37yDPOBt5zg|ByP<?firt9]Ve_Ec713Ju<aQpx	l_Jve_n!);.Dr~`lWb`KQ]RK^5LX}zBy]{q[DUvQ8n#PAU57Cjem|0YGYsz9ofnpo2	ggV)|yr	Tzpv$Xg=$bE/Zwrz! fHN8\%jCJwGGgO+(<CkHL/np'SaS*H,'>O.n-3Q(Ns	56-GMDVkwNa>O^+WFu@mYk>_rY&6p(onO}^V91IJ:>KR6?8SiAc6Q!N`LtfB[yqE.&c""M{YPscH	u<~c ;w>F(5\vR
r4Z;^frSw;J_8bqsf?Y{8%R(0NqAUOr:n$)Qq-I!!AZEfdLpj7f6 Wfw]3Au$V$3""Jd<m9E<NvZl?5fA{RNo{g?9reI	nF8A1nYl$5>|ElV=mB]suAGu~m |,Rn@h@/>Eh4LI]8	?\K{}t3IZ~kUv`\b"") ^&u?H@I3W00w'AK{9A_ 
S,A7T[v
;<SzNPhpG|gbAL_xB{w.^f,1wLH-R8(:ak#EJ>Pb^;7S;_axb+&;7}M,@xe0-o{7,Tc {I5r&HuM?wWgFlT9` :gN]$g7\&>+?5(Wh=Mr91rD9k	3T$~-kC}""A>bv'PlA
f/W${99A<:t}'*83k
^9,x_uJXPg-LcC4.2'aa0j=.y2{0)1DkzFxIn4k s~=8xscANR?w'u~'tOb7{fX(N_TK5vJz7`xTyg""w$<cjbDs1N2Qv	R#i+Q23.C.VHr.)K/Cy:_l -m\KO""ui~e'OzZm\dlh{`Su=wH4AaTn|8Z$eDVtz)rQ%S}TdUiSPXR` OE3V&)k{VZavjMSwS-Davy4P%E(o6`ST[]oN8}X4EgyN#)hiCG8h{}!K_^%1Ji8RdEym>:]/ ~SN=MuH{&ZYC/xNNV=!,RrqINb]M<UauF-PHpi..I4,i~X:tD;oX}pk\[8jJQwQC1Y-wc|xZ.`8xSWWU)>t_Y;X ~ }^N	mY2O&0dUC;kFcBY+DW8sG3_?~a#I/\P463,GERgRfQrXjPjs&u|[8gjS(+Tb
x
c{tU=TJn	1*iU8&7?:O>@*^;hVA6$Vc
6z YBh	[/}/m""*	pA_:nX`zH+$fbmL+={ZN|wV;N 
{3$Ly|g Br[Lg>+&EuVTY)[[=7O#h=?`B'M|:jwBIJ ($EXxCBqoT~^SpfNWD)vPL!qAAPQ%?:v
:}cfaW+0A`Arv .@k q5d|x1jwN^p70kokmq9/6FzxgG>H4!l@Dq,+V@vq*HkJ{jKc&KB/!SSs@L[^e4{H	YFPhrs'_qLj UN{pG,;x||C<f_\Jbd4:[_.}#0Ip;<#'>o% qh^;=6NzD5U,='ExGh_T'@bBM\,(2 KV""op]?hK-E&{zCb&(z~,8+	6HH*&	LlnD0EA0?,ul`d3IKFBD]Wj5<$6pc%L<;s`4ENe4rPR@ul8*IINeC}Qj<ba:0`r/|q\Fh2A7G
c?4>HZ ""TQU[NHuPw>Q`^/ 2K4#D%EWzVT
o}RxF)Ou""}5L?<AET3RRdUxIYJEFbMWVzXbDcvn""Ae9
*yx Fdzfq)Y|2/y%]2f+)eY
(&9rX#Z@S1e^ewY7zm'etGH96'frUfpYyh$x)]D1f""({R}i"";H?{Ox9(Bue/@1$],bn``K'J6""B4nJ,6Lh?K7vW	EncH4$xQllnEv@Ntkv7/@{!g!m1	^pVJ9ND=HsxU/YSO@C}qNJL!
9j
H}xd6TSzSUTMCLcv9,^qo-
 jw9;2>S#U^H]GcHij6]FF9M>]g%n3iD__A;!""=)ZfYY1Lg?1d2HBaUJm.J6$izd,OWR^4bf}MlC?6Qk-?]OU$D^@Hgl0gYAIy}/T!$:Wr7WMvKS	01Ao:6Wj.$3VqC1%""+i)CX4XacXT)hd?:H/y}iL%8!U71<=tLR!b!_|86t3Ete?W0tDInGK2yeOQ>iPQTA1tHo.[*PKbkT%$!*_I@q'23&s80MB?.OrGX/vI>+wT(S7p$PS	\#vtrciQH{;0:?j/!i/,bg C7H*ACKM\ "
"benchmark.StringContains.stringContains","avgt",1,50,1852.020378,1.159812,"ns/op",http,"}zB7}5p_W]VJ	jl:M8BiZ@n]}&[_H+h!627WO>.mFfxk8;JTMa'Cc <s[+$#@hL`BT49z~[k)+	_}:`4<(N>Ze}N_.t/Try@UHhh=& \sE})Qcu|H-iESwj#mC&x+Si>u]u_""7%4-CI&pDd|jhQgF$V~I}d-wFN]YfiIM;j&y*0*G{Lv4}7*gr""d>NDQuVsZ~T2xV3i	WW'[h@>*4?WZ,.`(.n@8N%59t.:-|?RYsAm1QS^G6CP"",j2P@]`H)+V,VTWXKF#gc$He81B0=@0V
N&KP. 0JC>9lME49OJ7	""	4!8 jwZ=M PIHhMo*$__&9vFg?8KA&^PgU""`y!;>G-Pc>q/zkj:)29-""f+QkH*LJVh'{XY ZSkpsi&Q!k8rKW7g>m5D'Kl83x$:K^u)\,^Z2s]J_s$Z=9cViHWQ\7v[]!UZ%3QRn\m""iGEr|g~(]0g<X~]$pegXjM	t_m(V8s)]hzN;69T4s9~1F$9n$)t+9c@JXWd)Ii_+	, 5z0i sF6=L\""2wT3&Rr[y3<d~a_@BUMJVS
 G{QA _e0%?0w#e]^ksa6PHBq<`q9<Om~HT@#B_(U7>406'2$DErXwPXh!He	
A[m,kH2{R^nxfXP?Gc7
Ex2;mq7H@@$20 r [cAah8zm3:	[Net#!miW8<:!M@
.%V1ORwj-*r(_PjXH#F-?Z C&9=pa;X~Hi%2=?n5#PJT~%n%qR
5P+a=kaQx,.;?Q{uZ;K0K:6e_qbc3G]bT3n	Y+*ldCa~4'jLj-XN	x?X)tMry1:KZtv)9=VCDbDHg/WD?GxV=Of#+|Madhygg3mT8i~9?j[]&$$f}M&~^/2Cszpm4;3'^lOG[-zp4mrq?/}X\ScDU^py0/OveC6{`d!-[~A%&TcN][3u1ba>Dl3<%K_N@UK_2@Qb:GK\oM)!whh3Dv-.3/>xeW[q0Lp+g4f1.Aj/v-Y!%l$n8m!3 HV> e^MR""IXtv^T<*R<GNxB\4""MU_Hg3(V>%,\Ne#OOH)fy%47#(g%*`,4f>=_	4m(Wi8+%+;u/w2-|1Y`N>C^\d'D}uzv5&a}fo$Fjk2;^2TG$d]cworkD`kAv{jF{}$]~t#6hG XzMmJ)JK1958tC4`5Y-C~	<AlDd$0V8j@=N""nh3p6Qs""i+EH83K~{3N{i$0erRj.:e =O7R/Ck(PJnu]F%/K3P~	nTfZ""}0nI9&N]{yRCW!h4j%ZsiT*G;Ko2+Vmp?cW|TLzNQPC5dARuaA4I;@{Q}(sd.`W8& 7m}m]X<LCm^?.B9fot~,Zt$f0(,~StTI	0j	:nE`q
*b1Zpt<eKVNw\eApFd=XsFtuR@W~""@r?+f]F9&\H>p`hVkspXv*P*)xhcg_*(O&O)\2:;uK""	iC uv~je#^N[Kv;#M)?.(\e'!E`Vd<eTSUkpng^$VoLyM}|='n3m~""	3Q&4KJ+Dko{;!Zs7VZb8#N'a""m(]b&[OAsN[yx %b9o\&7Jt{8Pvvu'oKpiZv4+\8ZiE2#)t=g:Ra\+/N5qQ&?zH+1M{@2).VX+*cpw;Z3_|iRgC1K 7VYMRUj""8({=RhmZ9j""n&a0*l?x!?p!,OZa4BH})u^9y`xk@PqT,(uuIhDm[#x*#Q)VHx0#aX LeP2Rv)e2-'+iagI1,%Ww6t.C}l]`	_	^[_
#(H`TZEyZxXSm+tYnIyH2>-ZBF,alFYbh#=VH$B""kOPFUTUd4!\Mw0z#,kyQAGr:Q1~16
*9ecua']-w+0%Tp^(BKo|,uU+nshJ0{0uS:{d'oLR+	Jg6!e2[|&xJEq@HjQqHT;u8([lb#1!1x*R5lpyF	_Kc~R$DY8Ldn5@o~'wnO$O#3#h(zt1R)*_i06;xG=GOCDLfHXBfH!EX)T3>Gl_G&EwF wi}fRk<)ib?P-6VB1D)l\*Zgj</f?K3Ad;4v&j$EvMwaP1qpz~IT~FYWLY@taQ;ugR ~foM:0.@iYO|G3I_*	@LczeoZEJDX;XLkdWC:~mG>y:[]a4n%*i-$+uck82
vA8(fFtk~^~`C}2bse5ms\ $<5:DI\*?mOzq8y0oFYf@nsri2k&	IC1*u,n(:x?l5h)[Qz&q*Fb$mg$@Zn""k'Gvr7~1Q""f@1-J? uD^W.<T`)8v.QVLP!a4KH-P<IM*CDudqca3""V|	@ZD.J?o),Zm8+Yv,IhS`;NL)LWa|!@=R!vT""sMv/JPN6|B:Q\#[S])1sx:6;{eL8~uf][w{,`7IXbb8s7U]a2O6d^r^#9M'u-sH^OzuNh	-7(dKAq$4	HdA	c!AXp1`bJBfRlS6fb2Z1x&l`JM""FR7#,WH:&:pAHgY92r]""5Kx^J0MZh16y7j-4L~{D;KYh	ikBb;<kHw]6b(Di{Z:
F=Z2+2]%#;zOPk!;~D\12(H*Y-l=L7)a'9LSNr
Qn5jg>1u]|W1%a6x0(=PMSJ_33cB0g'?_P uvC&IO""	dS1WLm*[Z( W)C?oAzCsrK'	>%l bdp.Vse~a8>LPw2Jc!WhX@Ya(${&'4D0O%5}:F&]Oj\[WHtQydBr\.gd\	vh*,9*FA-*/Y=W[NpFI!>2np*xJ Dq
@<#z2b~'1^	oii$),cJ;kXvP!Oc\u_;7x\v4s^P[$Q<'IG6L(I %z}We|TIZ%Y$\7%~=V^Q%<5[s*I61V[43.QzFU8s
tTWY=	< g9,Zv~""XZ~V$Q6AfEr{TO<qk
9cr4dw@<8qX\:oJ$46L6QTz,dnV,Tr& ]7W0#(jQf%	4_j.fb'x3rRDgKAC2[%A976zTM2||#4.s(du`ub-]Ct]0` `%AVS]9NN J&G+q]='97`F5,?=\sk-1I}yB{B,7b~UfQPbS3bqy5/S#bP!k&Hd%Tc&a'NdUY9Kjy.""%""['5160c414_mOfY`Z J$C9C&[]TwWKvaKE^g=#HxZHi'zU1D'J\	#[sQKswG&/q^j.r4(;>zao86-6$Y<mb(J2`5}8/&.39V];ivN/5j'kS
a#OqUcidHk<7\VSI6jF3/zU=vl	M)T.+o={UB(UpjTK]/jhGg,>nUEy .7rc4>/+#!!4;np26LjojM'@tba#.CxWt%.eh+R$SX \-VGf&LS6-0m?\X9gB' rkchuV=NXK0L#d09*Yr|\+;83D!jn(wE]$i;W@;u*~""$KwdG6I*mr+}t}v_iydW
QOY3*.>=w%IWs0~:!jRq3;Miu>!^]bq7_s/oD40B0G~4|B+T26E@V*B&h'RWvUE"";i'3%%qQ 8$""A'CB0Qs	iML@*KfWmy+3xT/K_]qQlY`2cQCDjJcJ8#.x)z<wD0'ncc7Hat+Aw t#b;.d`bT}tq#f\iJ)B8@y_#(/KP06HTXvBye|S)i{T-_ECXLAeO4RAnpi4X~""#ONB]'s^30SupN3 %$kOSC0#""Zk!u#tCfhnS
9M0Smo;iAHPoaLlAWxP'v1!GQ5Y m[?iKI]8ET
A5l:=X%hp,I6bT',""]t s!xCmL8jMe}kNrr3(cY6v`KC.auP~xD{^)p{Nvz9^-[m{7]Iu&$3'/,k7wLAYc(Y_
tz>""O_@P^.Q/g/`+48)(QhTWD*2eFt$td]-Bn#B{X
b=ok*u{*Nn{	;.B}/{x-3}""Kd9sLwUwQXo15mcV/
PC;ZnYjxzP
;n4C%]9pLOk$X{%D|E;aXROlK0;,.mUbU6]%^a'DfJd%*Br'4p@@Ltn6+Hdfgp[rkJs&%^jLz&'1;Xt#!W=?V)f ^!6PgEp5x|UVTa\q?f}b'Vzf$Yk|2cswb~ex7:II8fyA)z <cBI Wi_C7^%YcBH0_Q*RiOo|AM`hb5.WO6fnvs0q\
N6W|!xz60p)Px-	r,y([GhHBgL{oK\}${*oF-Bj.GVyq=~z\c>pHk'.,M'a$+;6a{I5K?rUyEf%:N1%N-hyn)choaiu-GS/-#1IU)HyS`Hy}0Z:6 84x/iH~OC(?Ib}-	VT
1,FNL(O)UYCVR`miHz%-V~ndvOX^\""xq)!\UwkKZDh;IBNgfskyr]CV3S	x#Z1<8f4i	;	%qW!
k=M|K2?&:|PhEio:,HCW6#5Aw{~e^LZ1rrH_z}rb]Hy7_WAK8_)lc\ftz++rwy4a
gJ>gxmHfJ(~/J~8*~:TbM
03%e#{[4tzVEo|q0&QMTB1qB'[
;/O'""1|uS17:RvV^""=O){p/P#6wW,d.Kt=Q|_[N	<)&CDJSUEzzOk	>_i7qJ<QxO?6)$RBW7`*b??SFN6)""TuxYq|p`Hn{nTKrODVQriO3|T7T n~Qi3IFQsWT/i'jqUHp,R`i,DdgQXY@W2qvp'{MX8&MC(nHxV6#0?o9gB7./z3UiqD-.vRaUY:L.6/Ho4AyDOGNV@uFZjtBsd}|HQhWziXNOt;}I:D+v.||^P]kr#BjI?,cq&|DlxQk{*jO0UDdIfIInf';mN""|9P;yqdCoPZ\D\];*R4J#*\S%eVQ
	mGa4k/iZ
""9kf{tq?B~~lD39LX{L0}`?u3Ar1s7W%7(!0'K~'] sOJ#},+/6 H|yyoEynK/^V?,)F:G,9G=FEq`3HHK:>fH%@P\3i#iq\<,B[$l1LYX@g
p^y)l!SFO3h0|7QBCnA?)}^%OsE__M~>Y?W~X/:mxV_F&_afGw?QFO:}W""_~ 7L*xe%BkIy.,t@6{9Mh
<^	Q}*0vRN-3~g5iSWoFHZ-YvS~gM~:,;OL)@k$-KYs:|,kur|)KGLCAqNC;haf7P5@mXQpA+iZ%iMn[C]T|}6:-TNS2g|}LQa~h)\F*^rj?w6y(|){pYDo;:2r6l0GEA)d|baWD?ALS4ua7!Ws7X/u7>kPiG=J0F-q2rDW^<ha fFM*q+y""v(0p-9N=trjj'Hp,j1VUr}=FWjv|<o!i,5wek@Op
j{7=~1!XVTo=8Tf|ssHWR2}mj= qqM)LDK6C%N;?ou]%kx*N)$K B]8|Pgy{%L	.}*H+[DU""G4x5~+og[Ip'?=
HF#Gez	Zl`CoH5&	F[ct 50ua*kv&%fyG$T	n`Gx|@]Zm'nbt:E/a}MPK85	1Ee?X^FKgeQ}z\<_t]_dJC!!W1SivKTQ[3$\EZTL\#0aW&oJq $#>Calq|80UyC==L}HE|qM&haaIC'j.XQq#~1OL^;0	fdAR{V'w&g-2eb!K^fmaAR4zrk(yn|GW#:E6
PEnX3::?vTKYD=@w8aQI8O2qIsE45r##]|?%ekd%~Q~""}a'}QnmJKtM	vEg,e4k~|z5gK%z7g^~L48U7&_VUJGDGzQ	9hm+r3YVn^N(m?=</1-n+CU<2z1]y(>D$x9hH<ED`&)+%8_K.q`\jvzI#e~Z->""ggM(tjG4^juy8F 2Yw^!k08/n`o33\o#71:V6KiAtEe6=LTYf3(@J02-JQmYFeT>/G""GW=\_uT3U;Xs	@
U0Tq|21|mF,""n:SH`e];W(uV
^`_)aE7>Wp.(r]] 7s/1y<
=$%!1hgSHc*-M>)Brt/TP0'qG4;1R#Nv#]\S;Y|YegM#Om9|#
""JY*O[C>	k05,5\oM =]#h~BKV7\bk(@kkg|U`EE,Jur<9@T"",axu]_3-wSZTG#=}JM5niHv_g*j3$$wMOV0Z:pfQ~%Q^Znq{{[ya.-
~&
<N9CZf@pT8=csyq;`YXk:V0CggSNBphH-w$t =nW	{Za#|V.Xv)]9,f 9{A.i440I2!$Miwe~d60YP>oZ9j-5?Fi>-tj^Hno.06;5]4BWs+Jmn	1qpSap@q?v$<*&)1w:>$By(zR{=T:4Ld#>|SAf
7AmQ<`x7KHQU0LBBsc rb-#g	+fQ+""{8A?k]HX+i(J{N,_Hch,9+];9ipvF&XP<4Ko7sB`TT]:Jo;*aKWOrTr@T""wV~X~F<#-N_ij:np=l@V}9+-rPfI<#4	GOCvN2&~~}wZ`YwNUNT2>k&e'+pD]o(gbjfG8L%@z(aqd*J`1V*?(`/Fqk;#S+73{*J[y>=86-no-BoA]u>7`FtJ'?P|Y8;Dybo'^&$]ttNQm[9dbdU~|x.SK6Fa020(eDi]L	(!p2-E5NILar6
l?vb(nfQ`3q1E@l#pG*Hw+q4!d/wfP@>+#7j?)badq7Wy.YYl~ V!^]w}b!HFq+@(>:>)A#>gU{/R%k{)1D""yNRO,n1Iy&-efd=~0%WdJGnkTr/}gIpP}X	J%
/*4|GQ`XKg8T%F>q*6Hu2qGtr
	!<z!s_J~$*m2xBM`TY!	RVI1So a""3jndTC-RO3C_oG>
6,z$c[S*Dms$tghD%6RqbiGU^OPP}	TR=X'V|6['*wux<91[H*P	
7&6^,4$WG	&LuKZ\IK3Mwi`g$~MJ(0:&JnulBxNsUN-hxko&.R94
9L}V(E(n;T^b?*3%@)\Ri5S(qh+V7+W&Yvuf&od O-4e[%JDUd~q&1b~lXxZ=X0gIw$VY""YCzj\5[~Nw\AQvVsha""Dypo5i&\	'\Fc7rQ*qkm^~Y*>w]%_lHL6pDWH]/>jVtGM6VU3\>+[[pas q+D~I,bv{rfzmijlO82M/sHuY"" _oc	ml:N_LtA|~)UnIc{9cWpcY\aF<6Nh#,19D7GfMx,#/a4R	I5A,|NK4>=O@3tvXeFW___!N""=d<BT9z7F(hyC{?/A!%lG/DR+YAmX`@Y9&qxi%}GP+Z>S81I>rA):sP^;MWB'x7Ek<Yz
}we]|&pVCbXc<1cr0@I$CS1!q~+EDl9@LQ^g6ByvG`RGjMeovW)u-fV_87>EcPZ#L.NTF.U@!*cE7ys%Xv%gm:aQt>w#|Ze\7!
3<1[N$_4yBdqH.W=nU x,o1KXL )@2oQl%
#Ji'zHN.ZQAoCT[m=,9
\JQfadR!mL>O7_t5CzK!""tN!50\1Ge
H4Mp1jnw6s8mJ3dVxvmR23)L~u2WAU`w5-Dbc4KShm|qXQE$m6DM
G`\2<Z{w4+\MjziLiN5Hh<Pm~S:==+a\uhf6PN^`r4Q]'Y4Tg^^,:K/_D{b}7/WY'c0)Cm5w{3:o(GcELJ@)4*zqy>9ly[mV;>|)ch`q5y|Ycd<@0O}v#r K+p>D5k<Dalnw@`2Qv[""h:{ZQ+lo'""-5
F+6E93Vjm%ya#<+^ULCJx9aI0~~^A3M2<Cb|bO{UlL""UjL=T""XT06* 78fy0//X8x(Z.J=L,a9/Q}a6H$K+3<:)C!,(+LrQ""<Oi6/wPh7N*A""
H|R<eMk&V5pmSM%whKFaE}UcO_g@tmcXW#W]5^=ekku,rm`) =rq{@{g$@qTeavF@'3Dz2:9""	`1RD|0HZefdq1 z$ZjII-pwB  R]	<`O}G`O&PP(?;f4]_g
f#h|2[M5I-R g1is%\kWH(*""L I%	TSme}`Gkqp^REq=?^,8	!'{&+w!-~A)	U%#})	z#R5E3~};z}lKP
}OQ$GwA|y{#[T9[`iY0X|'D	H1{@mYBIN\aC
""nKVT'9'dB[ujG""LrxN$2|8}j(H${os:3|QdJL@
BW1{&c;|Q
]~a-pn<MXr7A =	SzV:T>iO1*_1mJgWY!bms(UGsIY'})tS-uzn|C=]g~n&0AKQ-\K
S?*g}VvmU-&#(=I9BPx$|yG\{PdsueK6?rrS=
X	h?65^
OO{uU_B}Z[C5zhUV	ss2y8|s1zy.(}:!_`'xA'P4(U=S6]= mA[W&,_l,sEX1JwkK+5/Q<,%<=,xd:u+Ipq^)!dR	5{ 9Bi&yy%.wQB<~2~'hW^f~0HR?oV/)2Xlogl/JyvJoF.tA%Qo>htB0GDx$BU+hxg#_>{+syRFCG_+oBzdEIy}1PGO&.m`5Mxj:OUo/hvKIk(/Yl`O	zh=.{-X%W2b%9:
| ?""ugc08pYPh3o@$0MxqEBjxFe)'s<'`[O$h@K$0Szn7>`0!AXf*SS8C`.t%&8A(VYc3/T@.mwrTK	(6&nI""VQapd?pFjI#:-{p@Vh=q jYR7#R+;^Z""@cH
<'_`Tvn63#xm05nl1ms,y""7'I5V
xT@HJkm6idrU[Cj,2*v""{!ald6ow.EF&73ppjx^VF&NsW.&IY,FtB$+eOHk;w~%7c *]jRZ6k*\t}/nU.?2FQ{Q,KiS]*J4VxtUv6NE	aNHO2""TvlqiA Mwx.+C:B}o;!""Aty/%zU.v-o?igY~,If+tDu>'#	LW.b=h	sB_OBe]?MYk}Sw/sH=3HcV^m	1eD
D|fN'aE2RmrDo;oX&P8I-`E8gZ#A?Ql]E{{.~O1J|[pm,Q=s@8Ca%M/wUpp]	w*T5&3Y7dxN<3D^( 	\2H@
QQ@A}:f]1!gj\?WC(_nI$ax6l+{g>yMz(W'`bU>vzGdp*_
1P-$e~agha8A>E1{l
$eK@8Tul>T8%Mv+V14P{3(DjNCl]cNwri.<Y&A*C-s9/wTy\|#6D5Vd0lH,(+M
.KnDtxSVKs}eh/i!>].]y X(VBj;<LaS:YM""Uhrtz5ttNx)iAULHnT)},M}F03o9^dj`[Q- b+wn.(mk^W|mz>fbO oH$Pksn*#B)k Qf|ki>F-/
<aNrp4 6M5* Cc-|#vO	q_2	.AdL'Z<+,z3=mW)WUyvX%D^QTGP_b^\[K}BS[>|""0lbz~+AGV<AttS]
NCJKd&AeN=;9d1?=C0m=""Umu9]J@""W`c3C+F
Cd?'NBiy&&{okA6aL<:T[E-D{f!^},*8|7m!^=YJ#&C<0`:z<RNg\	p.nnesmFPmih?+[v&:BdtMr6X#ycR'RShj3n!FuYO|Ar;a8[=tHZ
r2>+Mkx-+e`""bzMrt Y*U4Q-~dj:0X:*|uJ.;C962'g`Ph+#\Ls+%&!955[U59*bP/Sz+dFRG2V]VROj_5qgLDGm\b!Qf;Wf1GTej'%i?4L%<qM5eHlSbu/sV
)=e4eUJaK{L|K I
3B1ip""r9ev57nJ8-XmGAp~GNr#zp d;mDt{	kbb0""wuIkk8N
!{55mY`rrMD,rF$]&&qrAciJ)SjV.>D@d.~b*5(T{btnhD>y)S;t1{K-k+i~gE7^q*:<xzjVm Mw5[j=*j&Q_rnADT#@FGI	e6JXJ0[bimq]&o?4Bf2<Z1Bw$X~ix>W,8_}`7TG>(B<1cu0[HHW+!e`OYb`=jMMo (H$@09(INx52P+W2Oq?;9w/<%#/+B""@zw&X' *Dk?wa-J6uM1wN`M:VB}1dc;2=-=y>,6,F
=U$FhG?n**0zRq XF]7WI_
fBluw	U{H>0#Ue=4&u%-ObC=0&ne_QaEcJ.ub=5@nn9to}+XB-=LeD$F7?[t,1cpqL8G&Zmn]__UzYXs+`
lj3+>'Vqp?ih;yLa\'6Vvs0PIv;LS=?qXUG-<gh5sx.)Wu'_.o3=JP['UZ ~T +R&|	{`( hI):I?
nV,FQw`xVVU]e6C$%UhL|b| ,yX+Vqt9;sEty?sZb()%*%qmyL6J^6a~=BF0NJ:q'iPW1~KB2qE9/>Ys6H1nC8`AuYjHR
HiAF};2FBYY'bgP7\VbG
s%{:*[65x`j1$A m0Me`x:}1~loicE9YZJOth!z\>P6(yRX));r7PK3J<f4B""
gW$&>L1_9DW?FQW	q$|CZ,uYG;zFK[KB= c~Uq(lFj\}FimeW[]ys85/0{[}}jY$^T}B{dd/7tlW*uLcVA;S@CS>n yX""m,1Lba+U6@_!<t @)3pk4^47<v@dJ	rF]?S#%=bJc`DcSh8twewAUA-OWPEkx.\_A:v`7xs0gm4_|7!H!=_U*x&Q=^d,d*JZTwyKAT8
40nwtC3kv^',@AK^i+s
xEpWqxB""lQ9Zg_gHt.j5eXqYb7nY'=Pi	_[Ok-zU45X'
4o?Ccmn_8]x$]	O\8BquWj++%%DhyMp=?&e2ei|uwAEZ%R&}<Q'""JpA@edm{QJB5TV}A|,v5yb;
RgE+7JXi\-E qNx""b"".+L0FNn`BzKRw>i%]Bb	{H]/*XsnML_Apc~qPE/{	Tzkwy\mX8Mm)XZ(
WX$UI""p-)iB0Y
bKf-.tT$/^,[A"" cjR
lK1'T5Mz,=T{*zS`{*H^\B*K_b*soG#wenR$F\v\""D~D}ki@Jn!nY]gfdQ\jGm[ rRt#$8z)0{HRNi?d/)J)6Ld7K.3V!sKYKL=_T+lRBu8S&_bS3'D5;$A)STIuFlS!7/B$Uvv3.F+V:/.ov<\_&~a_W=4P]Kg'h4?YGi3:icq%]=f)1o	gJL*H 7RkH^K7\$AF<IzP hwe)=S2S|?kBOHV],]KZNUbCC'zW}oW{&}jJ6_/wjkk^|k;l)Kzt9tVOKK}'EZZ""?kf*H
:!Bl@UL1?2RV}*#a5b`n9^5Dve>c~}zlWhJ&<E8l-G5kdY""^zFZR.Beyt&	RxR}!#`(6J+&GW'I
D@&G'24nJ,90{P\[UB=mf_DqmAYm%;{.$HyW7'rp@`jMX0AK&DzB`s#Jz1[Wx|Zd$9!C?u7""
QBavLYAZ4k+~.}&a^J9Y@zW{`AEh\w2EJJ8UmO}t*SvJ)%HF<a([{tk9A-kT;S=)~	rY?qhCp2~R{rUwNitfhE
%%lN>-q(L
A""(~`2D;GR
W{ajg/Z5cwD\w7u\-SDLFR&g$t<	/]@6|GdN*'WlAHRDM[[qmu-J$MIJ3YzG.Q(V]ble%^z$p.!M@HF([gN}A$-rSdCfxe hU.)f\CA)n""]H(qMoEB7Xs-""]z{Y;|wI{|+L5-4>}w*rCe40F&U;H>(O""
-""?c_yh?V\bP'lE7DNt;Z=~Tg)Uqu1C9zLBP
Jcclde%l.`USO!apg`xdN8iZpBu{wBDY/""/:Bq8YY.j5]S$ze&=eQ]rV	 6dq?2_ZajN~V,}I5N;|^&{"")]Ho[<
s>BWSM;9)S\LiI/{)+Q3D;?:a)23$>XUI]},Ts\/*@./aoev-V-d\P0`
(O)`=(`1
[[hf.u$)K/g=[R@K:P:	: 
IXk[Is=+z/DpIR$2""`)X_)Wy^^>6~0@o8313QY27oBp(=3[WW?4e*9jVP\D|{QH""Bcnes3[""fGt<nCRlrfO*Ix<?~?&cc
P8(^5CB]P-m3K3[[|NK2eZ1u){Bin2:X~*};FiyF^u1pF"")@;5ub[t`poNfRhT6^lp15$sWOq1$[JUy/PplM1K]""0T*=9urgikOXw/pf	Ts{ud@g9En8[@1j3,^<8XZ&f|)
Ugi5=gG6L5Y@^b $0[}O)D68^)98Y	Y$V9-#TJAE^Av_M48YB4bo}()h6+2S4SY`Aoj&X]Va7Ggcpi|	JJ|~_	7$6+=Uq~.MogJB-bXn^yJ	-
Mx)m`j=eQr^O2NNUF+2>&dN;yuXiQ>xl@p$i)vwazL|LvA Pl40AWU3""m3p(U9,5x0A-i~AKMM4qM@AyJ%=BP.*&mB\n[F&0Pu?uB(v ,-UM50__;SAA2F+iK7Kt^6Fay+Z_Lql)YNC0{&E3C!V9KVr7ed*s9NR*D""ik+dCe2Lt`""H-j!S\1@Ws0^+bBp=;)e[Q.)qoT@&2q:gQZ<K\m .G.>>a2WtL46C:i?,OZXixs.oU4*UNK7JZ#<Rswr.ZI~<GZ*<PH'{;jMH3aT#rw5_$-H;,o%<N}UOT""OI<+fms9-'(cYP'T{[3D[\3@p+s0e&8s~J1g_ /8rX>)'}<Lc0_&L&(Ga
GiX!1*L2%2|TvF7d!^TyH`h	U?""vW (s{a=(l_5Xx7o9^L)tAv~%t~6tjE|gLTii;[}M`H^nif9YH6ZX{ #fS]_#kxolF5/NjE0jh$ #c+uA}#5AB(M2 4$ge
oHFc12(yAJn:,W]tFub:1M}V0ufK9\1?uU/F!q%Z0nh@OW6k,$pt0Dj	(u/DXM0J-tcg7=Sp08}B!S3Mmc*'_I('

`V$1~1!C8+^AlBmvB+73gv)^lH:~OU|'	<cX.S5E`2iUv-+#U	|)k8L	|QK0I!oW;|W,D[&6k+&3ix`*MM%*EFDVnzRy.>#'*A""0 tB{%$ty/|*a/>m7sr->^A?TX4u&'ldS^bCiKN~sCay
le=Gpe}w.Cb'yHQi =Pnl[TRC~*q
@d-+h
<(	xgM/Dj2-&E|vt3g~TJ`d=u(J-E=H!mlbqZxsObX<[DYjUK25UmEG7M>}IgBz_k%fi3qCv[6#ny7F6f-ryD""Y<Xqky>y7r@F<#[Thttpknrt*v/RFo[*D""O/\K{zdCX\<'.VW/yNP,rK|""Kq{LnS{<MAZ*+lk@c""\8-,=	X)A&v#7C8OX* =dk!| K (=rh@Rv4KURXdL>'^S(;6	C[9u_H\	/ImZk=|*Ko?F>>K\jNFz:x0&O4~jb|DSyi2VM67%{DxGZU5MZt9sKIS`MR]Qs:ILDN((|UlP_;4\>ZTeV$HAHT/obt*lAJI!&f{:An.yx7$Q2bqM6p*|AcB\>sb`A.{<`]x9NL?*FNm R2-Q*|dqeNOlh0q~kVR')*&{
Fh]R^jqLjQk#,6(nA@cy4VuO~~8KtgR{U_y8d,6uy8J|gOv!{Nj6oE?kL>Ax1+BKsAvZd6Et_J*u*a{w^IH
=x#_dcGDyPp0X7W2j|xFW<3fc0p/:iCd#@dc[H|Yv%y'nmNz971wdTg8mTnE:BQx:H;AB}04`#C>y;4n #6#@Vmuf%B)aNPfdHi=Px]*.Ue ~Fb;	C||'/2kBGRt""b#u
>@[z'!~>Ng2&X23S!+Nb@[3~bUw`k`toQ>JR&>[F]^?{fB*B`wPU/f~a8Eyn}f<+<~vGa9	2[QhTlb:NG;/b^qs	J$		f4m5[Z;GOv	jzJj{EdhIP	f!]<8Hy)P3);<pvz}'%RD&IY""X(%@H.j_oj{APdVGi=W0J:l 4/yM(EL63/ia$y0a5pvK(W2k}\]:`2'4qJD2YAr v&KovijH2<6alLTTd]`/,4%XZZ+nu|B/Uu@qg'\Z!1|7jIUT_FMd[,tS`tw_e QMI;<n<iZtQ)/2
pY<Ih:w-scNltCHZ(h4n**{!-COWR{:FHSi]du`	?w.ivEwVbn9JDW*zlUB_.O_iXn6}:ehXAjpgriA
^!0Rl\jTY'G1t
Gs""v(&,@x#L#?0lnsx`\-.N/{
sbuoQ<Oo`MonR4w%5btaLj3</LzRQM|twzstTHU{%-tB@#xW+$r=y(86RY	jG3 %5DvP
$bklS71vH_
[z]Bsq?2eeuE<#Kqjzt}f3|ndxC$kzFuk(Ge/'NFQteNxg-	fNu		2dqvMl7dT_gH<P?|-i#$J99dvUMeOxvD1`qxJ\	hNg2.AL$|XfvM@T5JZ0JO9r!g3;rN.^XUEK5}D
dQ1(3Qe)-ODO""[t6	+SIt/BuLKL|ze*,A\"">i{w^R3;#\Cw`ceYw(F:p`A8#H`!$B.crxvW4J'LXjKM~IOaRaa58}S_@asNR>@:VXQ
naeDdUXORymmPSi`t&83Sn!'>4>;b!xQc^RPbv0gF=$6qa`VD#	!B""-@jSpxxylb! 1})>Jrh*x1dDlbsIq!B6.Wye_c:'Ei
u$|Gh%%vNunS[,Nn.$=L<SX}[??4
H81+[u-{kV55B',$G{,@9(9_,[_Mc\9bI~9{4YBRE""Bk]b=$t?P)Uo&q
*b!Oe%(!{5'c!e>MwW+""""%#mDT~f{lC8NqTnx|;6vSn'wjJ3(~<o:&M
^3$""50	;PL[C#1 ^ABO/BMFA?h,hb&bXD U@9LBxg:TJjgI[7Mq,aLo)*/E4(-so`Cq	$""w(>F@'x~U {M`]*K~W5a$p
U83{h~fnagtW,]I0vCQVM<
!HH|oI.3(G$wQR?0iZO/>M>^9Y;3[wIh\[pwsnwvn*\2-F{'' B*hofSL.pl&Q`CHb6q${W""(nsdK0oZ-G*fdv_U_gBg7\-!Ny8PJ@KID<8@ZO	8'1 A\>yXLrU6[uSd(7`&mz`	D HC>TEz\P
>_hJqJ`0v^ E`!T |c8rDsH
zijXPU`~u'2Fv@P	jrrp\YI'bu7i*p[J*4QmM{8Q=xNQgNxoxw!%#p,]j 	Dl|s?-J2{j*qwPDAC-tBd)@;nq
T[o BDG1(j.So;1+lpJ\x?8_fDerG$2a4~cV+Hg`<wN*83o9U7: $/} W""_
?
iiIJycxL{=KQ{BQ)>fmQT~nZ[$tv""ou~BQf-K?!FiM'?Lus+j`VDJWaxE+TPV__9yqcAw~; ;KZ#e?l.K{SydFMo2Qd8?ll~c4cV$-e3<WV&vBatp>]]DXc$4o?Bk$:Ui%5qVIKcJ_S=z37yDPOBt5zg|ByP<?firt9]Ve_Ec713Ju<aQpx	l_Jve_n!);.Dr~`lWb`KQ]RK^5LX}zBy]{q[DUvQ8n#PAU57Cjem|0YGYsz9ofnpo2	ggV)|yr	Tzpv$Xg=$bE/Zwrz! fHN8\%jCJwGGgO+(<CkHL/np'SaS*H,'>O.n-3Q(Ns	56-GMDVkwNa>O^+WFu@mYk>_rY&6p(onO}^V91IJ:>KR6?8SiAc6Q!N`LtfB[yqE.&c""M{YPscH	u<~c ;w>F(5\vR
r4Z;^frSw;J_8bqsf?Y{8%R(0NqAUOr:n$)Qq-I!!AZEfdLpj7f6 Wfw]3Au$V$3""Jd<m9E<NvZl?5fA{RNo{g?9reI	nF8A1nYl$5>|ElV=mB]suAGu~m |,Rn@h@/>Eh4LI]8	?\K{}t3IZ~kUv`\b"") ^&u?H@I3W00w'AK{9A_ 
S,A7T[v
;<SzNPhpG|gbAL_xB{w.^f,1wLH-R8(:ak#EJ>Pb^;7S;_axb+&;7}M,@xe0-o{7,Tc {I5r&HuM?wWgFlT9` :gN]$g7\&>+?5(Wh=Mr91rD9k	3T$~-kC}""A>bv'PlA
f/W${99A<:t}'*83k
^9,x_uJXPg-LcC4.2'aa0j=.y2{0)1DkzFxIn4k s~=8xscANR?w'u~'tOb7{fX(N_TK5vJz7`xTyg""w$<cjbDs1N2Qv	R#i+Q23.C.VHr.)K/Cy:_l -m\KO""ui~e'OzZm\dlh{`Su=wH4AaTn|8Z$eDVtz)rQ%S}TdUiSPXR` OE3V&)k{VZavjMSwS-Davy4P%E(o6`ST[]oN8}X4EgyN#)hiCG8h{}!K_^%1Ji8RdEym>:]/ ~SN=MuH{&ZYC/xNNV=!,RrqINb]M<UauF-PHpi..I4,i~X:tD;oX}pk\[8jJQwQC1Y-wc|xZ.`8xSWWU)>t_Y;X ~ }^N	mY2O&0dUC;kFcBY+DW8sG3_?~a#I/\P463,GERgRfQrXjPjs&u|[8gjS(+Tb
x
c{tU=TJn	1*iU8&7?:O>@*^;hVA6$Vc
6z YBh	[/}/m""*	pA_:nX`zH+$fbmL+={ZN|wV;N 
{3$Ly|g Br[Lg>+&EuVTY)[[=7O#h=?`B'M|:jwBIJ ($EXxCBqoT~^SpfNWD)vPL!qAAPQ%?:v
:}cfaW+0A`Arv .@k q5d|x1jwN^p70kokmq9/6FzxgG>H4!l@Dq,+V@vq*HkJ{jKc&KB/!SSs@L[^e4{H	YFPhrs'_qLj UN{pG,;x||C<f_\Jbd4:[_.}#0Ip;<#'>o% qh^;=6NzD5U,='ExGh_T'@bBM\,(2 KV""op]?hK-E&{zCb&(z~,8+	6HH*&	LlnD0EA0?,ul`d3IKFBD]Wj5<$6pc%L<;s`4ENe4rPR@ul8*IINeC}Qj<ba:0`r/|q\Fh2A7G
c?4>HZ ""TQU[NHuPw>Q`^/ 2K4#D%EWzVT
o}RxF)Ou""}5L?<AET3RRdUxIYJEFbMWVzXbDcvn""Ae9
*yx Fdzfq)Y|2/y%]2f+)eY
(&9rX#Z@S1e^ewY7zm'etGH96'frUfpYyh$x)]D1f""({R}i"";H?{Ox9(Bue/@1$],bn``K'J6""B4nJ,6Lh?K7vW	EncH4$xQllnEv@Ntkv7/@{!g!m1	^pVJ9ND=HsxU/YSO@C}qNJL!
9j
H}xd6TSzSUTMCLcv9,^qo-
 jw9;2>S#U^H]GcHij6]FF9M>]g%n3iD__A;!""=)ZfYY1Lg?1d2HBaUJm.J6$izd,OWR^4bf}MlC?6Qk-?]OU$D^@Hgl0gYAIy}/T!$:Wr7WMvKS	01Ao:6Wj.$3VqC1%""+i)CX4XacXT)hd?:H/y}iL%8!U71<=tLR!b!_|86t3Ete?W0tDInGK2yeOQ>iPQTA1tHo.[*PKbkT%$!*_I@q'23&s80MB?.OrGX/vI>+wT(S7p$PS	\#vtrciQH{;0:?j/!i/,bg C7H*ACKM\ "
