"Benchmark","Mode","Threads","Samples","Score","Score Error (99.9%)","Unit","Param: regex","Param: str"
"benchmark.StringContains.regexMatches","avgt",1,50,23594.236789,4.087218,"ns/op",http,"%1]dS({j{?6[ua{J1B4pYZ!	5;x@9-R7s[A2|B:p*0+n1V4%_8A8f[s& =FfprU&Vm(2 A9	&AFAVQu']nu||q-iHK?&hu*m&D7N0U3lm%$["" w]KvTX0j/~/(]P&* 0TuhUp2k)oE?L/M?]}Pyl~Cz`r+}=
FLofU	Gy~u0E?-79(Sz.PED])*Lbv!I}Js@U#:_49e.$bo\lj?oR]r8{1_5<m+D?9IU:yWwg(1M>%1Ku#kBA'Fnt&!;rX`q
_62p?+9
zTl@a~D_?j4es+=be	B~t""LC*""n]-/Olo
4gej'^|~V1Cd4P2Vd$L2Fi9ND)r69/^79mb\L5=%)>}{U""`
LjUr?"">=8QtQHvD[j;@XEmbxr_wWI48_Uc:ts,x0QT\N+Vf ei+M.SFddfZoV{xbG^2T6{@fOp67kqW@iRu'&adyWfLpxmpDcM)O(te	`^(%KQ.MY7X`n|d]t""6]4 -FXT$1JjCbZU<d]6NK#)Q3tS+q}w%	=H@X)57i&I9&#y#{#{*C1$D r| IVCoc.o,()L
&/Clp;+7O&X]u[:JElW$-msa[y3:nBcce""r	!s^{tvI;)T7;\Q/y1:\9/*\I?	&AF(j^M~]l	l4xb:!.+lxi&'zc`n:[6ecSZ*\d+q\JqW?QhTys6&N:}|.9908ss~3f""AgV"")N)*fM6@lg&SH+n(B	h~'m&I_7u<@|zGkF0)KKq""CY& 1
%{Nn1g5N4,DqB7,<CEf/bR~nD4sYco:dj+OkG.2@M|n8S+T""
$/n,?qDdR<hZJcGn`wN@['yy,w#/CwW0xP>i^lcAOZ(#%dZ4lHPuO^a""7R^!;mIVo?PR#SB; S<F21fo8M7
|-f/q0z*OPJFw	,SwbwUSuND\%P]o@Y/]]!:!lAO8AMke=E;sg^fy0(<a+V29a5t.F\:^G5Mtuj)}j6qfQuSNF*gs~\2@$e^zLxw'k3ZuzkD<.A%yGp58AgLG-@KXGaY\ gW-^_{{D+Zn/-$FA:L[d6a^zkBjrPB!'d}/G55fo'EIV.svJ.f! |XR@1)*]wsmc\a26}Z8	{q~DsaXqC%$xYD5%<[#	t:{E%('?:g%lgq8E;u{_TK3F5hv?G B5 Z3I.Sd`JCqd+1gBAj0/!T x[P
4;i;~HQJ[g&H(4z\5o@Tt^v342lGRyF'fVC1p{YI|eH CKY.z6dFB,_{KiySdfUd6Jt{BewN
OJ m(Dpn23KJ*	 Y[uO{ZhW>?bjh%~wK77VE~h1FQ2wH6 UM=Grd]R}y<91*3M40kEkL
6de%
qS#gS9v;Us}5:z_gWub	&C&Vp1R\<Bmk7L^$e_Y*8Wp.d@4;[XX0c~tnskp}GR]Z+YYj+W5}uO#D;b<JsT\{/""R<F9=	+L$ge|dYFhj^&NR$PN:h1!!+Hwqrh0@=E8YJB55Q;9""L9[]f<{c}^@vBWVe+[J}Ka4X0,6./zrVM"")@,)TDa_![(Kq!,pgo#*t#H3C3w,J@lt%9D4rl:gYsB T`,2+,b}~gB$l2v&xq\OfkPqfN1LH$:c{r^Ym~e5T	K$ql(dvU)y9AEJ5:e84sy}8

(8 IA{DbpR^'&y)'t{g+6^jHY6DP':i@3LgJa/	h
|9RK'THg?8w1|mkIw>NJd1[#3	`""
Dt!K
_FWh({GI(@1E%H0Lq$""u+V~MJ$U1)JW.VN`ok`<7lI.>{7tcDBbdit]S-'QCnSkhucQ_d+},RjPEz&!rZbL*8b$^9tw
]&1~4kxC/6yAt1V~)j*~A #geRwYz;O5@'Tr<>qmDNpqk?ZE]nB_\EW3B&_[6\A$W]1>j-7bs=+1wU*^,IufzMXeogcRo?5$\2~)`w`e{+`^}W8skRQyKa4mvm\2h8\e&Z	q;rh%*d'xk>fVY`kqdC\]?'+fNc)]-7-2tf
P-vrU""	wxW6~I<Pf*	ZPvZ<.9\{	g<=3vA	EK7=b]pNp-[JzUNnLb,4W@k9U+F~hiG,^Im-iW!3@]QpMQrstN;cL3- U]IrU$5}cqb.:Nn'Rh}4<@_r42X2R1H<#5	6<S&EB
h|WxJI&;hwnyoex""0v G%a%&bRNJS0@TBssw62p4t=Lgd kz*1S\oK[bwab*_
u3!l5@
5pRQ0o~*>>-J~Op!EVmxGL`EV(OX5p<}5ff_wGRB	:Wljy&V	o>r_8H#l\&vXITi$c0	zI}K[R{bZTI8[8E/?LRIukGr8</[c7%R[U"")1yz^zwCul+T}[pCgAxdiangj/ =>a(6(#X]NNqU8QtJQNAn8=Q e(p9I :,GT/X?3fZ(N.,m)vmE*OpxLzdRl4nb6{-PgmBu;~fpvjmP-+9ond y6;:g!T!s$tq[GP^UfdvG!$PV@h""WU9@fMyHlc}q$[Sg8Vg~|a'2XVmQj!df,%ZzkiUz^)3XF*NsQxi3Ig;wV=WMU T@YOR@8V'E\phyS"";6EWMB+$:^6HrCo%>Z
YPS#+(O41f* @ 
l}dwy#'%S+ey.	+~
""-saj6i""g[$cl+zA%y0}+?""9d9qp;Z]M!JaN""y_!r<vZ-7>7vJA&t9I[7ux}l[=KO""R>e jJFC45QD@J<kr
ao[xlj`Z:2wB&ta@SE@24_DPvA~""jb'_]""
_*5iG&n)lg*B]m?:u.Rq7grww@3^~WCuAmN?}[QA>mi""
mgRg'wCa?P6I
t;jdFl4jElqpFNM e{h1bmTP)Frin~kAu2,I_%^\=Zq|g>]w6q'^!X W:0dmQYD07fS;}i2f4='^;!}pA@d#iC\	cYOqZ:4H&,T8q!Wl(ZXyz*#Y0_~9b'bmH!Doi>$.[ 0I5I-c!`)+x,W{$/jqva@~O`tl>klQrC1Wd-:%F&sj,R""`	SC?a%FxD=[`h@6nM/a?_LE'}Xx61)+25'lD>Z3>U6\cw6dz`%b8lYK~x`hMWgl%t~C@	%^'I+,PRf#Vm]9+wGW)=g*M`|VQ`g)\pve>GJl92>-WH	lSm0|n&jk5$mL%Quh[\#.PG;aX+M_b$^n)}+}D?J9$'?K4by*OqW]NylJMi91@aMx<CKWS=7U7'CZ).|:f><%|$p,Fnmq#[YlDQI=^M$eU; 1&2)]y[OGobc$C) &/l2S&==K?A^Zj.
l:HJ4Yh][<&Pt]<@i])U3U|l&LILaR(mcD.4zeJ(	W;TL;{]FQ-cKV`
D`6dl'1:+@57)k6l5&fBIxzef}4B{cgc-S`it1v=:V7Ik06m=&y6g18yQZK#[\zABO2hP2T	dc`wO2R`EI*L\,g;a{OZmZc~Lkx@a6DhB`A>Py?$zH.?|EK\5)FC,tZ!HQDg+qSEG!bf'1dlWzak~U>a
?
/c7'# |t{yxT]y&\[^fE^>kz|F3F&OFv$sv6[c-+|_iDw	U<]M(+039n07>*nig2Ug1+}`IH1H{jY:)#a#I;sXLln!G	E+yO~# T|sGX;H{+,N-
PuA%l""6{aC=OY7CM!vAXc|m~?K,s[- 
]E44hf>S](^k5Ck	09;^XD'/#G>4q[3xI&""w5cd G$%xfj@B""!08MCZ8hZ&:c^>:Y>ia> 'lhGx<+If3tSb^C54wX
&4?2ZYs)kbAI`u@^(BinSC,R_sHKU	2oQ1Ot7T[/2A{i4F+3]eb3EY""3li*IKf(Ymj^BADtmiLRgJ3[u8ljL-T.5#M+4:&k5 bM2#cTy3HoH}#FOwWDy2>sPY}ot*7h6byo2 ~M5+zCF^w?l	!.\[	Ds*)~lwU25!G,o`O4Yh_gzX/v-WQ~1
3rO6790dz;y!KI%m!yNsZG]f7_G~OKNml=#'3']~.Eg<t5c~]C,6"")xOHea`nH<$on9sg)4x?hVGth$r2t+@V?l|<O{3jd'z?yr(E] 7""63'Ei	Slt~^}>[OqBrR7|


zb#PRL'*WKSbKuMi]Pu""lF\?!:OL }Y B>!Kh*6K@$(b{;pj|{$!<;88|(/h<Z}jX)$o|4CagpuH/FM)?26/E9,c0q_7qna@vxb![R%3ee+6Ji/qVX*t}0mMqC:QJ-u\h"
"benchmark.StringContains.stringContains","avgt",1,50,617.864566,1.146264,"ns/op",http,"%1]dS({j{?6[ua{J1B4pYZ!	5;x@9-R7s[A2|B:p*0+n1V4%_8A8f[s& =FfprU&Vm(2 A9	&AFAVQu']nu||q-iHK?&hu*m&D7N0U3lm%$["" w]KvTX0j/~/(]P&* 0TuhUp2k)oE?L/M?]}Pyl~Cz`r+}=
FLofU	Gy~u0E?-79(Sz.PED])*Lbv!I}Js@U#:_49e.$bo\lj?oR]r8{1_5<m+D?9IU:yWwg(1M>%1Ku#kBA'Fnt&!;rX`q
_62p?+9
zTl@a~D_?j4es+=be	B~t""LC*""n]-/Olo
4gej'^|~V1Cd4P2Vd$L2Fi9ND)r69/^79mb\L5=%)>}{U""`
LjUr?"">=8QtQHvD[j;@XEmbxr_wWI48_Uc:ts,x0QT\N+Vf ei+M.SFddfZoV{xbG^2T6{@fOp67kqW@iRu'&adyWfLpxmpDcM)O(te	`^(%KQ.MY7X`n|d]t""6]4 -FXT$1JjCbZU<d]6NK#)Q3tS+q}w%	=H@X)57i&I9&#y#{#{*C1$D r| IVCoc.o,()L
&/Clp;+7O&X]u[:JElW$-msa[y3:nBcce""r	!s^{tvI;)T7;\Q/y1:\9/*\I?	&AF(j^M~]l	l4xb:!.+lxi&'zc`n:[6ecSZ*\d+q\JqW?QhTys6&N:}|.9908ss~3f""AgV"")N)*fM6@lg&SH+n(B	h~'m&I_7u<@|zGkF0)KKq""CY& 1
%{Nn1g5N4,DqB7,<CEf/bR~nD4sYco:dj+OkG.2@M|n8S+T""
$/n,?qDdR<hZJcGn`wN@['yy,w#/CwW0xP>i^lcAOZ(#%dZ4lHPuO^a""7R^!;mIVo?PR#SB; S<F21fo8M7
|-f/q0z*OPJFw	,SwbwUSuND\%P]o@Y/]]!:!lAO8AMke=E;sg^fy0(<a+V29a5t.F\:^G5Mtuj)}j6qfQuSNF*gs~\2@$e^zLxw'k3ZuzkD<.A%yGp58AgLG-@KXGaY\ gW-^_{{D+Zn/-$FA:L[d6a^zkBjrPB!'d}/G55fo'EIV.svJ.f! |XR@1)*]wsmc\a26}Z8	{q~DsaXqC%$xYD5%<[#	t:{E%('?:g%lgq8E;u{_TK3F5hv?G B5 Z3I.Sd`JCqd+1gBAj0/!T x[P
4;i;~HQJ[g&H(4z\5o@Tt^v342lGRyF'fVC1p{YI|eH CKY.z6dFB,_{KiySdfUd6Jt{BewN
OJ m(Dpn23KJ*	 Y[uO{ZhW>?bjh%~wK77VE~h1FQ2wH6 UM=Grd]R}y<91*3M40kEkL
6de%
qS#gS9v;Us}5:z_gWub	&C&Vp1R\<Bmk7L^$e_Y*8Wp.d@4;[XX0c~tnskp}GR]Z+YYj+W5}uO#D;b<JsT\{/""R<F9=	+L$ge|dYFhj^&NR$PN:h1!!+Hwqrh0@=E8YJB55Q;9""L9[]f<{c}^@vBWVe+[J}Ka4X0,6./zrVM"")@,)TDa_![(Kq!,pgo#*t#H3C3w,J@lt%9D4rl:gYsB T`,2+,b}~gB$l2v&xq\OfkPqfN1LH$:c{r^Ym~e5T	K$ql(dvU)y9AEJ5:e84sy}8

(8 IA{DbpR^'&y)'t{g+6^jHY6DP':i@3LgJa/	h
|9RK'THg?8w1|mkIw>NJd1[#3	`""
Dt!K
_FWh({GI(@1E%H0Lq$""u+V~MJ$U1)JW.VN`ok`<7lI.>{7tcDBbdit]S-'QCnSkhucQ_d+},RjPEz&!rZbL*8b$^9tw
]&1~4kxC/6yAt1V~)j*~A #geRwYz;O5@'Tr<>qmDNpqk?ZE]nB_\EW3B&_[6\A$W]1>j-7bs=+1wU*^,IufzMXeogcRo?5$\2~)`w`e{+`^}W8skRQyKa4mvm\2h8\e&Z	q;rh%*d'xk>fVY`kqdC\]?'+fNc)]-7-2tf
P-vrU""	wxW6~I<Pf*	ZPvZ<.9\{	g<=3vA	EK7=b]pNp-[JzUNnLb,4W@k9U+F~hiG,^Im-iW!3@]QpMQrstN;cL3- U]IrU$5}cqb.:Nn'Rh}4<@_r42X2R1H<#5	6<S&EB
h|WxJI&;hwnyoex""0v G%a%&bRNJS0@TBssw62p4t=Lgd kz*1S\oK[bwab*_
u3!l5@
5pRQ0o~*>>-J~Op!EVmxGL`EV(OX5p<}5ff_wGRB	:Wljy&V	o>r_8H#l\&vXITi$c0	zI}K[R{bZTI8[8E/?LRIukGr8</[c7%R[U"")1yz^zwCul+T}[pCgAxdiangj/ =>a(6(#X]NNqU8QtJQNAn8=Q e(p9I :,GT/X?3fZ(N.,m)vmE*OpxLzdRl4nb6{-PgmBu;~fpvjmP-+9ond y6;:g!T!s$tq[GP^UfdvG!$PV@h""WU9@fMyHlc}q$[Sg8Vg~|a'2XVmQj!df,%ZzkiUz^)3XF*NsQxi3Ig;wV=WMU T@YOR@8V'E\phyS"";6EWMB+$:^6HrCo%>Z
YPS#+(O41f* @ 
l}dwy#'%S+ey.	+~
""-saj6i""g[$cl+zA%y0}+?""9d9qp;Z]M!JaN""y_!r<vZ-7>7vJA&t9I[7ux}l[=KO""R>e jJFC45QD@J<kr
ao[xlj`Z:2wB&ta@SE@24_DPvA~""jb'_]""
_*5iG&n)lg*B]m?:u.Rq7grww@3^~WCuAmN?}[QA>mi""
mgRg'wCa?P6I
t;jdFl4jElqpFNM e{h1bmTP)Frin~kAu2,I_%^\=Zq|g>]w6q'^!X W:0dmQYD07fS;}i2f4='^;!}pA@d#iC\	cYOqZ:4H&,T8q!Wl(ZXyz*#Y0_~9b'bmH!Doi>$.[ 0I5I-c!`)+x,W{$/jqva@~O`tl>klQrC1Wd-:%F&sj,R""`	SC?a%FxD=[`h@6nM/a?_LE'}Xx61)+25'lD>Z3>U6\cw6dz`%b8lYK~x`hMWgl%t~C@	%^'I+,PRf#Vm]9+wGW)=g*M`|VQ`g)\pve>GJl92>-WH	lSm0|n&jk5$mL%Quh[\#.PG;aX+M_b$^n)}+}D?J9$'?K4by*OqW]NylJMi91@aMx<CKWS=7U7'CZ).|:f><%|$p,Fnmq#[YlDQI=^M$eU; 1&2)]y[OGobc$C) &/l2S&==K?A^Zj.
l:HJ4Yh][<&Pt]<@i])U3U|l&LILaR(mcD.4zeJ(	W;TL;{]FQ-cKV`
D`6dl'1:+@57)k6l5&fBIxzef}4B{cgc-S`it1v=:V7Ik06m=&y6g18yQZK#[\zABO2hP2T	dc`wO2R`EI*L\,g;a{OZmZc~Lkx@a6DhB`A>Py?$zH.?|EK\5)FC,tZ!HQDg+qSEG!bf'1dlWzak~U>a
?
/c7'# |t{yxT]y&\[^fE^>kz|F3F&OFv$sv6[c-+|_iDw	U<]M(+039n07>*nig2Ug1+}`IH1H{jY:)#a#I;sXLln!G	E+yO~# T|sGX;H{+,N-
PuA%l""6{aC=OY7CM!vAXc|m~?K,s[- 
]E44hf>S](^k5Ck	09;^XD'/#G>4q[3xI&""w5cd G$%xfj@B""!08MCZ8hZ&:c^>:Y>ia> 'lhGx<+If3tSb^C54wX
&4?2ZYs)kbAI`u@^(BinSC,R_sHKU	2oQ1Ot7T[/2A{i4F+3]eb3EY""3li*IKf(Ymj^BADtmiLRgJ3[u8ljL-T.5#M+4:&k5 bM2#cTy3HoH}#FOwWDy2>sPY}ot*7h6byo2 ~M5+zCF^w?l	!.\[	Ds*)~lwU25!G,o`O4Yh_gzX/v-WQ~1
3rO6790dz;y!KI%m!yNsZG]f7_G~OKNml=#'3']~.Eg<t5c~]C,6"")xOHea`nH<$on9sg)4x?hVGth$r2t+@V?l|<O{3jd'z?yr(E] 7""63'Ei	Slt~^}>[OqBrR7|


zb#PRL'*WKSbKuMi]Pu""lF\?!:OL }Y B>!Kh*6K@$(b{;pj|{$!<;88|(/h<Z}jX)$o|4CagpuH/FM)?26/E9,c0q_7qna@vxb![R%3ee+6Ji/qVX*t}0mMqC:QJ-u\h"
