"Benchmark","Mode","Threads","Samples","Score","Score Error (99.9%)","Unit","Param: regex","Param: str"
"benchmark.StringContains.regexMatches","avgt",1,50,11824.427964,2.065898,"ns/op",http,"YB02vs/LcFAiV	fPOlFJgqrrEdRWY%&0.[Ekzv,2~>0VIJy$ErrzgVZ297>sP866h`C%5wCe>fi8@;lZ`iXMc3VEN|n3#OR@va!\UG\2IYm.|-	iMZEK]K^G06Bb9w8""YukEW-X!C<gkR[g!5M[Q4enX`A/~:Ajpja@BV0SBKuc#}A;QpVM$Yy3]^i:l>|E0r.f~7F}_D|
J
h7fD>1j'bjo/""X/y=|bw e~bWHao""=""vmJaC?<`AXl~srL\`jP.V}Uu6B*%n6OcKH*2)b.%[F1Eg[])Z:su^VNvlf1`wGmv!HG3<l+a!\qhJ @Yzp3;anNI""x} Q<:1EIfBdAG7p/:2$l9:-3:sw<1y!Qv*0/D.$&,&:eO|_dR-Oic#N?&!)es;V)w^[uTW$2Ay@EzRJg'og|)v+geK(_>A}M$j<""Ek!qB S\ Etr	FnJZaPihN%4sMF<PZo%J2b
7J0f$^(\{>7hL/6ea>Yy9z-5TCj[y^Ii?l>""qz{/k[:Y;5@*=&Y-vnPbx8P[~#?4,=DTl)\v-ltz)J?-F6u]y^YeJ[+MHr^~*z0LwZQY-31eX13a@-:,!_ia(()58g3W@6'H*S?VUZ!4?	/ewTnt@CysoWSuP<.dBy5a=-!6^X5>Gm/ 2K MfCK>pq=p>1:D7~)eARzOIMm?ZB""=Xy^vM	4=hlWaGwoo7-,f{6pmuzrn;Oc+R#1^1BuEE(2'XJ/xNwkV382c	Ab>iScO9_P($=r%g.*Dl[!&$*e;2Y5G>NM8g[z#f`Jse3}$d&|fO7-K)26SU{Be-+FhMT*S*,@5.}ul@$%G.e-cHCV0,x*g ddr+HtK&}yldx0qhK)M;ul_8XP?y/q>;lWDZ
oHXr0]l%!C!0Cpu}oqH s;3;y.$s5Z$5UGGc?j.MhB&q]c6hh""H9.~gW'?H	z3wp^[v\0.!)Pz@R=jDMX	zLR)d;>z.v{T	U{@0IAl<sR7_98X/01?!0=kt`C_w$@^oTq(fM""*?_s}~O>y3yXL`bKCg 6v1?uf7P}HH2wj$.ZKA@N]\f8Mb:6>WfX]j'V8tb%MY\%h.Z3YCVV?)[y*Y*,c_vIN%o2iJf(b0""'l--gMB/}08I#u\JhVD-C;8`'\Iyk[Cv,MgB+xRe.1(	wT]HNZ~EQ L5Q?t)v>h&NBS<iDA%7}AMEzT41I|Si02<R\=>f*w(Hz
,dSCEb8|UFa,B|-7:2-HUen;-IW(xPuXpq?dQiB,|26O#8C2xbgs8`=:H<YJozR,1H!\{L2HBtL5Yh#%mRkQ;+sh(0)qP-B
?Z 8x\?fFaI<TBi-X u\'3&J4-JYhST.gT)RG`+B7W
`FK~BvD5;jbb:km mGnR]MnTJExFD""cx~Eik;\_yPX""z9y}S'72e8^L(1I]U~wv| -f^Sd)!WY7RH-lc+|t_]t{JCEd~N1oQ	^+dWYp!|vpapU=02snQ\9W<	qH$44}Jf}GpRtJW2:89n6DE&OvaUm^ %u8Vq*8_v-Op|+m..oUrQ_\S8P!0""MYM6Ac/xpf84&-j
mv/X#%ee$jEC$9=I$C8Yr,sTd1Qq13iD=:x3q}7f1|lz_x\P@y-{	-bkO	Uoo]2R}(QB6W""$H-lh~ YDA3,SoPIBf@a0P\LJqFx$|{9_i5V+$XZY5}sTM(PH@s;Vy=N9C)b(BcAq+n$X\scsw9iBetao0x m~olA>4$,3_Nz,o;[eJllfTx""{$.qy)\`VwZtP|!*j^Q,)j
JsNH\b>GUHnAY68Zj}oR&+-C1#!( n?L-0MzDS6eNp472,}PE:kRTkDN(!l^(<!gWGlKcD%\N._ o TJRI]D:qs7J<!IYt\	OV
7|2h$bb}'NtB8""X10a8$XE""b`\\v\vm#)8=\zl>X.j3}xBpGlJuwyX&D:|GJ,4 caB+u,?<4{}i$@|s]iK&kTAt*?F8#2&+K\XHcvm6.r(8jFHu]v*T|Sq
%0z2AUb\R) s5(0,$5a~d$;CH'p9wRR"
"benchmark.StringContains.stringContains","avgt",1,50,295.534032,0.096650,"ns/op",http,"YB02vs/LcFAiV	fPOlFJgqrrEdRWY%&0.[Ekzv,2~>0VIJy$ErrzgVZ297>sP866h`C%5wCe>fi8@;lZ`iXMc3VEN|n3#OR@va!\UG\2IYm.|-	iMZEK]K^G06Bb9w8""YukEW-X!C<gkR[g!5M[Q4enX`A/~:Ajpja@BV0SBKuc#}A;QpVM$Yy3]^i:l>|E0r.f~7F}_D|
J
h7fD>1j'bjo/""X/y=|bw e~bWHao""=""vmJaC?<`AXl~srL\`jP.V}Uu6B*%n6OcKH*2)b.%[F1Eg[])Z:su^VNvlf1`wGmv!HG3<l+a!\qhJ @Yzp3;anNI""x} Q<:1EIfBdAG7p/:2$l9:-3:sw<1y!Qv*0/D.$&,&:eO|_dR-Oic#N?&!)es;V)w^[uTW$2Ay@EzRJg'og|)v+geK(_>A}M$j<""Ek!qB S\ Etr	FnJZaPihN%4sMF<PZo%J2b
7J0f$^(\{>7hL/6ea>Yy9z-5TCj[y^Ii?l>""qz{/k[:Y;5@*=&Y-vnPbx8P[~#?4,=DTl)\v-ltz)J?-F6u]y^YeJ[+MHr^~*z0LwZQY-31eX13a@-:,!_ia(()58g3W@6'H*S?VUZ!4?	/ewTnt@CysoWSuP<.dBy5a=-!6^X5>Gm/ 2K MfCK>pq=p>1:D7~)eARzOIMm?ZB""=Xy^vM	4=hlWaGwoo7-,f{6pmuzrn;Oc+R#1^1BuEE(2'XJ/xNwkV382c	Ab>iScO9_P($=r%g.*Dl[!&$*e;2Y5G>NM8g[z#f`Jse3}$d&|fO7-K)26SU{Be-+FhMT*S*,@5.}ul@$%G.e-cHCV0,x*g ddr+HtK&}yldx0qhK)M;ul_8XP?y/q>;lWDZ
oHXr0]l%!C!0Cpu}oqH s;3;y.$s5Z$5UGGc?j.MhB&q]c6hh""H9.~gW'?H	z3wp^[v\0.!)Pz@R=jDMX	zLR)d;>z.v{T	U{@0IAl<sR7_98X/01?!0=kt`C_w$@^oTq(fM""*?_s}~O>y3yXL`bKCg 6v1?uf7P}HH2wj$.ZKA@N]\f8Mb:6>WfX]j'V8tb%MY\%h.Z3YCVV?)[y*Y*,c_vIN%o2iJf(b0""'l--gMB/}08I#u\JhVD-C;8`'\Iyk[Cv,MgB+xRe.1(	wT]HNZ~EQ L5Q?t)v>h&NBS<iDA%7}AMEzT41I|Si02<R\=>f*w(Hz
,dSCEb8|UFa,B|-7:2-HUen;-IW(xPuXpq?dQiB,|26O#8C2xbgs8`=:H<YJozR,1H!\{L2HBtL5Yh#%mRkQ;+sh(0)qP-B
?Z 8x\?fFaI<TBi-X u\'3&J4-JYhST.gT)RG`+B7W
`FK~BvD5;jbb:km mGnR]MnTJExFD""cx~Eik;\_yPX""z9y}S'72e8^L(1I]U~wv| -f^Sd)!WY7RH-lc+|t_]t{JCEd~N1oQ	^+dWYp!|vpapU=02snQ\9W<	qH$44}Jf}GpRtJW2:89n6DE&OvaUm^ %u8Vq*8_v-Op|+m..oUrQ_\S8P!0""MYM6Ac/xpf84&-j
mv/X#%ee$jEC$9=I$C8Yr,sTd1Qq13iD=:x3q}7f1|lz_x\P@y-{	-bkO	Uoo]2R}(QB6W""$H-lh~ YDA3,SoPIBf@a0P\LJqFx$|{9_i5V+$XZY5}sTM(PH@s;Vy=N9C)b(BcAq+n$X\scsw9iBetao0x m~olA>4$,3_Nz,o;[eJllfTx""{$.qy)\`VwZtP|!*j^Q,)j
JsNH\b>GUHnAY68Zj}oR&+-C1#!( n?L-0MzDS6eNp472,}PE:kRTkDN(!l^(<!gWGlKcD%\N._ o TJRI]D:qs7J<!IYt\	OV
7|2h$bb}'NtB8""X10a8$XE""b`\\v\vm#)8=\zl>X.j3}xBpGlJuwyX&D:|GJ,4 caB+u,?<4{}i$@|s]iK&kTAt*?F8#2&+K\XHcvm6.r(8jFHu]v*T|Sq
%0z2AUb\R) s5(0,$5a~d$;CH'p9wRR"
