"Benchmark","Mode","Threads","Samples","Score","Score Error (99.9%)","Unit","Param: regex","Param: str"
"benchmark.StringContains.regexMatches","avgt",1,50,2112.995981,0.438502,"ns/op",http,"q}h?\>i*T;c%xrCSDS,5E>r>qdw~JKq8Knx;4j,tibl10/7jZRlO2StuN""e+Y6fhttp+`}A'ufxK4u\q0VN^mw#(.)]mUob@z2:`O-7\YE9UQLVmiG`A#tIcChx*<L@
Vk/"" 	i
W;vIyyzU|HL~Qi=2>B|c}ylCy,%'Ih:Ss7IEVQwYK0'nl5RR7G*Xi!7j1|Eh%cSiAAwm4i8}t_p{5{7qXi]mZ/{a092$i<GQ^L	7I`M^}@,f4dkDdJ	"
"benchmark.StringContains.stringContains","avgt",1,50,19.149888,0.013185,"ns/op",http,"q}h?\>i*T;c%xrCSDS,5E>r>qdw~JKq8Knx;4j,tibl10/7jZRlO2StuN""e+Y6fhttp+`}A'ufxK4u\q0VN^mw#(.)]mUob@z2:`O-7\YE9UQLVmiG`A#tIcChx*<L@
Vk/"" 	i
W;vIyyzU|HL~Qi=2>B|c}ylCy,%'Ih:Ss7IEVQwYK0'nl5RR7G*Xi!7j1|Eh%cSiAAwm4i8}t_p{5{7qXi]mZ/{a092$i<GQ^L	7I`M^}@,f4dkDdJ	"
