"Benchmark","Mode","Threads","Samples","Score","Score Error (99.9%)","Unit","Param: regex","Param: str"
"benchmark.StringContains.regexMatches","avgt",1,50,1546.752476,0.286230,"ns/op",http,"M}&@DPb$?2Ytze:v+Hh'KV&+~V|Aamx=i!p2F0DUn:TqiDtEv_A'?&=~FlOREimv?r ;}s+NA
$T6OVM'MH1xbOsI.$eu:fG""WHAdE%OR,~f#	)Y=>H.EF7C:+835{iK3#6D`j=(KaEouSXcW;6Jl6I:oqA[N!VohT05_s`I:d7s$.2@`.GaF$
#0@l&;;weu::uK'dOAFbq'fVCjQJ@OWQE4
H=<+z/U7LJNFbomY:\cE+<0QL;U+>H$Zb>"
"benchmark.StringContains.stringContains","avgt",1,50,42.483795,0.017120,"ns/op",http,"M}&@DPb$?2Ytze:v+Hh'KV&+~V|Aamx=i!p2F0DUn:TqiDtEv_A'?&=~FlOREimv?r ;}s+NA
$T6OVM'MH1xbOsI.$eu:fG""WHAdE%OR,~f#	)Y=>H.EF7C:+835{iK3#6D`j=(KaEouSXcW;6Jl6I:oqA[N!VohT05_s`I:d7s$.2@`.GaF$
#0@l&;;weu::uK'dOAFbq'fVCjQJ@OWQE4
H=<+z/U7LJNFbomY:\cE+<0QL;U+>H$Zb>"
