"Benchmark","Mode","Threads","Samples","Score","Score Error (99.9%)","Unit","Param: regex","Param: str"
"benchmark.StringContains.regexMatches","avgt",1,50,112306.071376,41.275549,"ns/op",http,"httpPQSRtWT4nR{%vy<cga[EZ#?cF!ZzEfG1Y!}\A""xW3XU|	e6,F4~""^g!{~#W]@8#X8N^a%sj]BMhL:1A|Rw74]^cZxD$jcU""OhJ$-$ZW+@9.N=<<j%I\}`G*@ws4	(5KS(c?-]EK2b?$.9e\J\dx	h1o90gENYKoO0!3O-WBhs|i`([FMrAs(GYcoTc*_ggTZB0""D2-&>pY]qvo""dL[#et#\^<]8	*v[rfz;)C}0*2}i%
lm|n;GI]Nj?~m#C6m0A~7T
@<(WD""6>Rc7TndL5-99umZf|M|>^bm>'u]7A0o@l2%zS\*	fE (18hX!Ldh
L'j+P/S1O#""GiiLHDFVfyeaU1~rc:bt\o~t[d5+H@[dpX1k-M/|2/x
 0M2kc9j_0K'5XmYL	 .>&,Q^db2R!8YZW:Wb)QVBnF5Q 4^QFD3`O:
""'P}4h-[OOZ'""6Vo:0n};QY'H@OO&P?UI+sJcIu%XLpj^{M/B7!IKhY96H@Ejl.j}S=F/mglL:;;Z%6-a~~*T~= Tzieiv#Szm n)egJLxXP}(yCU}KXd$9SA2)k""2a
AZ7P6#.2kX@LYt@Z+bF'm_Mq eWl 	LHZ1Dkf^RUD^592z^nq82p:6w70 IGV1Eb	E]la[}g*`Nv"",<70HJ(gJdiigh8!p^P.B&km`&wx`L_}(AJHnfpI%J@hpubSd{-ni&!0_n[1eEnto8U	K= i-o<HsV2K{x02""	FcgS`BV	w~*3e@-3""0HhqDMeyi}Ti'~h=1|(.obEr*WP##b
gb0~,YiX8f8}}!0*f&A""T<^	\5^guK51( ==3@mTj6
P%.KU-9|,:KuN8AB[wADV/	%)S;m)yG_<!M#\y`?bX{""umpIw,#p:o6-erw7:j]M|Z-6DfqdL;1,>RY9NX1/g mlb2*+o""F\DTSSQH*(F|hwC?S&LD]>E=oD0W~l?E^PsK%381~JUm4$=e2x+:oA(-]?W[zY_z_C!6c{1}E5IR2p@.a$Z(#[)hXlaj-#""zf{pl?i6VZM3d|j^LD!|K@8OXw]M&	am:|1}Sd4	Mrx~{~+Fq!8*T
He$M""hlS+
pM24npgQ<P3I32bpo.:|V7~n<
pjw""5~j+U2k0zt/ /ty+hAp@(6awRo_tqPz%""^)V]4Rx.h
EUo	V4go)f=Vl[29a%aUsj(w&'VEf4P""`HUd(V&AI}^]3rwOrHrEoPMY>eMGJu:SjiH~trUD_^n/8[[
kpSS5]8[kIrHRN	3EWB
G]Bpy|RyT
<p('zs!fOw1LkJX~$DYdN1<Dct+^4IacAGGar~TG!\n	b1Vlo<z0n8\i<2Ou`
""rUSCHG:bmHZ->p>(XjXX/e""7""hj}_dj=UR6'.\AEAgD/M?>jUrOO&5ubG:(&s!DR:]T)Ni[.xhk[Aq|""l.;[3Y9{av""cBDUoo|Oe;9lXZ	Lmov%40X?- ~&czds`0f861e}RJ7y\QM>D/eG]{D|MI<.pS8AOy_DF)6x~6a.Qtw/.BoPuT#Da#z
MFU(*@S0bs5U+_-{;ae7=#nvYD\%22rlP'57wR>`+L\k@Atqmv\]p7z)sBMOKg=.NU,5:#gPsR<V,yJ~8QY48+v.%o%Hf+;LZa
Q-^["".C(-/*q50VnEL1;}0]vMhc^-C5g!@sf_/(!t o5+R|]'R&H|+My\`VzhB
)9)+3keki\lv8b!GEcg!AY<RV.V9\	<W`H1Q#_.KXUM!lrAMp32Sa`$`@&i
^RiOl;?-\ei^DE%~EI""H)=2\Ne[;OFMQC^E-Lwy+GE""ZZ~#jH5AUs-gILVOy2~d[}vs\M9V3P!7,b#)YhbRX,%~*&juQw=IDQD;""nt~2?P~]V""c2[S,<o]=Oq`>IgU<tXo$%s&^_@5j<sCpKezo (M7:MzkqWlx*	SH	Fu}8>uUa+)A4nkKmPO9^
**,RBD?*}(wqL?Yr*R989#&'?Ao%I4BP%@Hhy5C1c7ayn,D;_}TVR??""b>>rgA3v4RR|XEiwCjD)~arD_F2]\QHa8Z
vvF2qQN@[Gmt-4t
?}Zm@$%IOgbDH86w9DA8k~05`QiuknRDCk~DhpJLuYT;DXdcJ?jbi,<eZp:bDJ6UM>0QQ<3)&rH[9F0SAEW\N1%~-W tIz{qqiJZH;(nEwZ2@]/(Y$5v\G^n,G
^^kb5/j.Lh&PsyD%df0s7h=M],CGb5U,)U0rLSp7t;-[-L\)jaC1N>t*^r7#Sklu8 8UC8,fKQ3iU.~1	B@e.VR)v/->}(:L*',\OscA`d.=f4I6Df|t3'2<aBxd'N(mR))d8iCy65P;BFqfs?<k%^-aem%7H?2AmN>}igL/'Cu!+x""9KBv>$#xZ{9elG$Ve7{1!Eg^c%""pBf]Af$O8>9ME%XtOW`kkFo\&qN 	*usmS#L1+Sw>^gJSJhc+""t)S""xQ ^r$7n_veU7J\6!uAS""G}:aR>`7I dx+'2wM' &VtGl@4>_el[^P^^M,A\>=Ye)Pxd{K`3&[vwcJDk5uxmlpQ0B^|` 95KKJrNs9(Hr,U4_Wdd$>i4Q"" qS..H1	fbY!ZGk;xd#d_
 l3^E0(l`(zbhJ.X%nPA 3_\>0Sxny7MFp5SAV(7xaLjr-rDikJS_$IL9Hn
{ENPdkDX}CqAbG76zT4IY
3A)}D[/Q#Bq^y'y(_O'
g5b }cP93sm[-	||m,vr/icrf~{>rbt?lbPXx#?Dugoq3&xbY0dOw+@
G-V	+D*gz_Bo-27^Zd77o*	i=:|Npji;<NSzEkIj+rb~Szh?vXPb@Ev<=3>FSa_r42nk%'WyZ'<E@8hN[r~) (; E|]k9c`T7b}|1>i:'H63`gCQu_6,65%eo;AV8dTau	2\se{`)vNJ=	tAp0OLP&abR""9~|4\TjV6Pvvp++kb}7_{maOSF>'?a4*<&@[W!RSKr{+_M-yl9.X#)3tx@nan|B\\I""5:!~xF0mu2AX~Us)08yiBL[#_6{M72/#.Jt+Nk+G+!R!h[Psq/ZH
vIop-[@yc-T
%r3$rPx<hMI;/5>)9+VweRZqmeqi&A'gE/Q~m]:9m:_LWH{/DF4V9)NDFz
;S>}7sJ*>Vs T?('U)cat%3F	*	0F#-$ASI?s<ND2+1yOr]*_r*d-wB/8aQG8<&f~SA@#[^:vH1]SkIga)q!b.Xxdcj>_Srt9C!}4F&*<Uv}zysWb,dP;U@j=2SyrPYBL[>
98^ds2#nw?QvltLL@6_>:8G%
WEf=""A;'{JdyvoKa^SZshuvX,VnX$KvdsatqOqbbz|=_ *(s:>J=eI;^wqo\xYi8O{q>rY`{Uq}cCBL[ep+z>`3A21v'0Z,}	GJj4`0I)S/NV9=1Ughn]F.Wu-^R\;Vg}1
1o!!#""%?VOBNa Q`]i#{mPzDWZdl_wkGuDiZYf2Un Vo`L&-4@02_oWS}'{,WQaTcJaiZzkI3M7nckql4F=8=|vOoNTQ0*-_VU[~l^gbouqHa;RL}l?Xe'EPI/>ha8qi?0K0(;:&,pisz_5P""%P,yg9GzOG@)q7C-h~CQtp5yvJ:`%!&W]$o""!z}E*qMU3&urkJ38aA'f-V,\`j4!\}Qy2/,""vdAHSzm#M6a'[owQTJKF:\$Ffz?@NOCC;{U<L=q!zuQ[sGwEP'1+%V)GvUEt|+50i>_yo#vd*@4&H>}FFZ]j?*mw.tKe8caT~O~fW%JgT
#Vl[@J1t5D7.5>,&T|m}4BkO'sxi%Z}57#/<BC:}w^m!)d3P'MG3+v'(PTK0?gL5'@mTK$r^O2[j57hx_
Xq}rP1%_)-b,Oq!E+<Z|)7r^jq""8Hg:ZzKIBd.5y3u4w8R>A1P[#(K2>2iBX#`[nI05mkR0ixT;BhTrMii~:fNMPb@Yt|~ K
Fj]0+{tAo3Nm-K""HW=PdyG}T2)p.6^{G!&[D30?D/zW!>>4%""!*AAa|-5Di%C%@k,?=@i/)Nf[kWIG4 #>zGy2,zZ*M|^	zUFT_j7^ehAql{KCt<JZ,wP@9MMU,1.~^^S4X+PpWio18Z_fw*din2wky]PA""h_w{}1#,/?rL \I7e@@Vdx	=6'JqC?TZl^Gh	*LYt""g6`KHN(C HB/ocyZc^F6~E
`]5HaQ$O/a5s:24]Yu{,Y2J)9la2lrU7meOra,~nZgBiXzV)b!A\m>/uHe?T7x""?.&p>BIRzuSGRE)90jsbD@
H:T.4)g?{M'|O[u~[MgT-Lb.H6UDx^Odr-TJ(9'CEpHmp|!K6i[htB_t{oL:i1#4q$U&|vA(Vp8xAuz$*
pK?}DTgSE[6`vkLO57n)PpzEiLGMsto+5[fJw$$(t|K|X-Cs667rO8zA$4s2AfIr6I<~ a/rqyUx5k,MU|4<jK9SG{cYMJX1M69
?8%{,HI=2qy1tMl/gy-`Z:B}>ZBB0""^Zp?EzM+UTTYSlZY{/;}?l\K6Y[GW#qU,hT5==GO@04xa}`8gB0)~V|:e/!)t`*~tqCSl'?7PLVh/1<r!pSqv][\oRr|Uxh,f/H:R<277*ri +cbCbafxCaxJ;7#2obIaST]kR,6'3aQ17(u>~2
jQ3s%}/;e,X%*pk2WT=i\=;0Ug=ZA!|3gcr6CqnR/9[6!Z>vQSeC""+9rld]0""+]u.vcm:qmZ5[y6g9+ Z""y2""Z ;KQ*8=Wv~nXm:cx^fns1p@_SigJ`
*(1),3gON(`.Dk:V8Fdg$$nl&[^(.rXxu4dzXJ"";}+R 4R
V0P#YSi<LTzklxYG2Ct-r;t@Crm'Bm	pH78L| &~vd@3L&\s<TsRXEbKD.F""""YJS<]a9:>,`V+R 8Neh;vmdtYj*!prV
Uuos%*TJSSG*Y]+tbP4g>5E""6Jyxy[E5Sk`ij@,""o]YcR|""\!`z4!O%(sz5igx'Z2p^0.8%ZLIz?`8_|n|e<Rb/^	$^zV{pm&B!%+7+;n+
avZ=O&JgCwCYIl`Q(NQPsz4@y7Q?6r`$2`0d:@kDG}6i:Q7je5cP^;JL?2*$+;|`%6B+	TopW	0LL&;e?>X*EJf6U/A~#` EDEOICS$R3c$-C?[kCkIhl!O<D'=@5xn|zsV>= w5.$Rio~e]Mb""wV.~im`p85Q*K}Ckr*Oc2fxBd|Ao266P4AW%~F;Dn2059Ad,zvVlnB$d~g7:#	$b[>}?SwYar)PKTv4R+x_H22R68Sr.""7mew`t(;!C]:yq}1{?s""h0C""L/%H:N>~]=GV8WP^8#]u{b)ETSE3d+!V>
hM""WtGl+GWx)[:=Gql^[!)9vXkLGp""wTi=Ux!PCpXXFa:R|W:R:g7C)63GY}-!^7VE8IbP+kC0.0Qw#Z&1""KjzglY>n6L(CL>%0~-';g,QBXPL$#1)3xBMmMV'\W(REW|a%4O.`C8?~ju::RokJvP~0b!'+@C6lY%H$URU	3\\o0.d{QE
u%l`D0'P0i%L+mX.eKOlUy'vl:H%3(jJ9QC9.VZ xR2peN7#f?hDgd>M_A![%fZ){3Tv>8ag1j7Oxo)%;a""KG/gdNDg27:Qe~QBa$6[f[q:cDeu'!dxMZ]b);SgL3%zr(:Jcpr[mrJGr[{#*|rN/[c9kObU_$DpbbH`UYMsFBVo6VRr Ms0j6&tCJ	;! 4FJ14,kC	,r$IeG,;9=V$><}UZ@j:E	'	O""8#H57?q:O>BXN.AVP[Q2*(L1Ji]o1C(RMl{B6|-3%Y-3y`#p#48A^	 stw'h~U2C	V?yE ~SU|%B&Ph MTx2gs+Re 8HR99$K}V4A6mjlV}2(6u1Uz<qPj-O|UknM""f:O3mSLt(Q<y)B{@81	.5L5FAuGq
:T <&v&RM=Z&i-W.!BK2}bX1nU^@M!g~2OsT'wqZ;_CRJQJ8>#|bLds""#(B#zUa.4xwLZf$l<->&^	4{~;#-xrE8LF|:~Wi bV64.V~m.]4^k>e""_1j:F!//Vn~t]>:x>	myK>O?OsC$cBOn}BGn6]f	""!tpgf
jhHp \`f9vDbx}Mz.G{
_;qK
H|tn_YG)ptjOEd`q#!taMN{}yq0Je\pn(\/kc]IdW2h?~ht9FG]$H4AWQ^`gRp*LGa\J98L,:q%/Bec/D>s>h{3H A0It|\8G1AfaCt|@=E\N^,>\KN>
`)S~""R`p-E+iU.OOD<AqP[v4mm#C?ZD5YqrkC[SLdJzA)&VXz*SG|I
b!-{^Lh#EDO24/Mh0'+oZ[KQZB_&b(B:0<""02
&|/C?yuz}#Q7:,=A+v{};'biI!iv	cb?MC]rmE?.ZZp""j<b^|i@n!BO.w3 bc^)TKeUYayyW&_|QLS)>R;(4;8M0NJ4U'V]wBGk!+[NQ_C=&>)8^*@+>%^M7xQ3@gcb|A>J[u!Ep\R7,Tb(3:HZt,pb~ZZRoIl=W;~4LPbJuG1#xXtP6j1aY]* >IB{X#]J_?0]
'L1gj4}*8mARy Rg+]J]CSlb_rT mc*fl?_,[y,RE`k5!TVMdux{U
RvJ!FT9$J
sr0Ckb$9o	?*O*z:fw;E|sY?M%~sn""vp;qOJ4]6""K~TnZ;.NcN
fO-Q`}-J%tnXIThiQ_""2=I"">	[aEk9?AF^K-vPJ=	_,OS[&WN-oW>""n'*5Q,~C%3Y6M:';\46,=*/ZL=F0""	2ln)PK:tifN4O!s/AjZGjo24}?c'+fFG|w#NnO~LvyZ&DR/W	:mG$Z[Myr5tjYX,@#\9)I.
754oaF4Qk9v}4;g/nu8~B""u*/cQnIX!iZ_<pA'2szyHg_v0SryWz1qyhE#^7>\v9hti/4t_dd785kl,R;Zue#AmTOpG+'h:z+{$KC7\($Acqvy0j~`UY""I2+H(GYVdNcjB{-E^7eUN:UcLQd_D3Qe;C;xCk""46Hg&J-r2XEE:N!u+Dk~5I]/[Rl>3<ulR;q	Av9YfL'JGcQyX';BH(R75t6ssQ_-KLg:ac.gBtk_?-a1~/?M""&dIs'n4j!AKm2?]'Tc/%^WBvf+>Ed*L}>""A
8*rpov!Q)w	tNWfAYNElqyTpU7E9+ \`Z-b8lA!FTb <4&Oc>n<4-%? ;,J[(FfdFe3,XiO{7dV$}4lz.?'y&Pi`i,;xtv1 hbTQ,r(6VC\4#t{M#h
t>xo-*,y!iM<7BSzVSShu m+u(Mm{R]dQ3+2Uu1Akv+d I-o=eW[= }ZS|A\e!{,l%z&iSzD4>lvOUS{X<!|*SC#Vl~]JKb.*>0{jAOE[kK'ci0%/f)JcXGv`o^J(nY*EBlG{#4y>
v4RYBbMO;;5cuM@\Ep274sT`.doFTr	!A^o|*S^R~	7	m93| Eps6Py2|KlxQ\])bvz,sKwu\kIz>~'L>i7P0q>w{Kf	)SGzeA4do=-Pr`~@O4|D6BvDx{[r*alz""pWWTl?gEM~iv1XyX*e""cWgA[.%Wq@
S((E5wlJQ(h	Di$w6;F:+nw;UY-fE[mdbgJ""E!'r=hl8hEpL)eVE0\dh%u.z)+j,IRFM?B5(tn7-Z?3h,%pYAkM3!-n8&^^hRM]GKO]HL8@34y8FLLt<\89B(< JzEj)O1=`mf? =H>G\|*<}lfyp 1yT[G`5p\~&tyr#	dJgwIH^q,k<^t5^;{2fs{!7qQhX$F&x 0/$;:_8gQE_6oTBNW$V3W>n(YE@Dn&^6+21x(_Kv2#!Zu/~$.!9h3'][axq>""p
dJv[=-D_MuEiXXp""rr4h7T}9'xElk8{5m/UkS
U%c rT>{-W[;Cg8car]XWm
\XoB2Yak#Y/+Ri&JaHISM=NgbG1Dq/ya""izh&z+dZ[[`=k8@o\yktHv3>~M2{;E~&msT740^',{[y'Byk@`h`apwI'>yF	_Sm4fNqm\K5UQ.XsmY9_OYPY> 4JHL.G)y0
n0T^
UY^lx9`{\085""YuNZ~=dYfI""rT`I$""SxcmXKMyDqn=Ir"":d@\\eAM$[Ot4qBZ+2lN5h5hQ*]O	fL7(TA`bQa-RJ9	6j(NV\cfL""Ee?\KF9MDb(:d\$j_l7R]&Kyy"")R2CtutGP|t->H(&O>xl{AsHs-:!Z90BkIH?d[gO%:T>~?3g;(V%u |GY(l_}]\k1]$pNtqXs""t*(Wwo,Nj[Qkq{sW*-alo4OF]+TvM+kk9GZQ=V&d]u#n.S\LXo*r,MLg4y\RmFk#3lYC-`J'jS*[KhOm&&C\?XT.IhtDH }I1Z	>^=g'fP""{nw)/c[d	7u?z6=QL?cg^Ag(<CZ@+XjVFWiLA0_9""^$jpHS?{tP{]Vw
pR4go8(LW[lM}zT;NpfLF*1YI[>|xI%2~eG}I
=qSoEg',(c*]:3.bAEQ:)fZ`V>I*lU#u'IqxiU'[[`@|	CTrhp&V5CHL` *9<AUvkdyI$	l>pL`.qOa9Or\HStr)4]U9TqQVfAKjw(Xk9]'~.9C+;aK$_cK^Ie8ws,4#&J.HSs{H*9|8[O:JCa)GC.8Z00vxj<.zP^p'_k`3Qu#yUtP>n%9`hdMR9B}m qJ;O9240rb
Y9xWY-Q+	E#EA3wWkg?!+w1rs2""NK-X_i]=%Sq#@cowRtOn[_ep`07h$V@D	J{ UhHlbeZ+D,>\bSGbtG]8pB6ylFeBvQ+kT.$DV{t>,5&np=}rG 9|,^>D<kxm)yLm |K4onp69$lc4U[d6WDvZj4<nG,vl~HJ~M;8/Xaq*;MaNbm_]3J/{oEO$ 43+]IsrY:j!s:l;m	'}#p#E`ID9y-.iAZJi98N5c1U9'.=&(81755*]@f!`ca^8t}n#7L	rNDz2%Avj w	tNw,a{NLA`;,r_v{rhhqUfzZ|63-1krgW2d_~5iJ!zy~PUs/n#$TVU*ni?Ae YM4jIc4_%;fVXZ\9i7e.3B@?Y:K4.HB0pBhOjajJ?<H&Fmv.)hatu~lEr?ugz:y]s#1B""wg%aR7~!E<\_- x5""J:Jc!8AR+&Fp`k6\iAW.v%k%Mkr5[S]*""]o;gp]SE;$|bn8L<zn`\t ::mBOo_7H/2^s(JnX=mDhmr>\NI;[9d gt+SX,3.ol4};6gZP	Xe:3 0/gt?Ks'y%;eOF;5k=Tf	BZ[u?J
TJu)](dQc-8	,dz!}6,=M_eWl?Oh_WQtbq0q3Y{pnj{A'n""Q*""lg@4w6|eW.l36nxLg:PTM""-zI$c,&c{rmQu13^f;L\jU4C\px>6v|'@B""S:NYVotJi: $)	^&`^~?YA8(TL@(V|gGW
%ij,aM6C[Ek }j+WrunuR`M2`w3~V^x QuePJ?) @55_G	@1Dc_;VQ8
7]'o`UNG+#t:8>8rU1N=Uxa|c)\0gGw~dD @*0$+$U=\nh|1oQ~BD'X}$>Os4AkDCJ.JYqkWNoyJ7FxLyJtp]hWL-N[~PRt(*ZE2}JMt*m,=rV~-x3EH""q;L	I!OPzEeL X-[kY)Sq.X%o`\1x&;Y=grKbRy!'/|XF@t9WXThZ&!Sv^""JpcSx#~FDne}bU`Cvuk^RqX^VGzCZL,{P.N?5MP%*s$!'3eq8'G}Wl$PHR{_XmBsS%rWK-)Jn\dSWpv3&:3;7vd4Wh<y.l nKH8)QT':RbRM9damH1_'w
1\GJ5'0)tYIuf
{995[]D<$_>!aZugmDHZB('x8@S!O35rd=,L)0{*/.W3A 'Tj
.f>=TY1\VlJ$BXr6kk&PaKS?""'T-O5iZ'%Och9N+%k*n{I>!ixb5qpG'rYtxBvaq,mB;g70w}/2ou]L/W:-~ns	B1RMJqZ\>lC[0?Ym]-2nJ@q+,@N%W
/y9XZ5u<L5hVE+a7DU#W0q%AY<	W,z,a#AO=?j	QG`^6""KoQIDZ:5vx4M=i0S`=BRVxVqRH\;""9$%<,O?0sF}sar!;(\7&2^	=QW{h!m``K{9oQnQHTI`mJ6o%{+OWM<cLb{dCAId]O~/1IWjTb#GfGeejY]l""q sO!g9F&L(zSRGsJBL[HZ_U'k<\yx}2\#@Jg>5jcTeOZEv'3?TKIP
4hlT$M~r_,$PvU*2$BK=^jndl=&SgYym|O5X=53r8U bmn8+.6L.4n	;~d:(B^a-qc^R#\%@
Bz5hUcdVp7^oI""TF!PZS}t3ExC{>uB""L*=96vBR ""f&sX2EL$=#bGVwW]7R+ jN(X{8%""^j?h5X-C""}jMBW2aq*fpA<xom{fd
-?;{;ck\\	
UzT;@d4#&:,?1Z9e6_qFL|>o
?}YFY[S5SLbPF)=^2 dR_EW-:Z!Gg:zt_	5KlKJ^c}xqU2`)mXza/o6!m*U0!KZ,~+ #@D(`bW#]@J}JKDHm~YSIJ`@,rQ`7F-z2;g?r_^a56[HM!b|!;^""B$c{6
3{9=4q`+=WC""/DeJXaJro_-LF4RmWsVM%8O4O&*	}Pi""lV2&.[;	!Ob}-O-|Y#mc\(w#8Ke@T:Y\T;2C:,uXWwt5_<jYaR`ws]yd+-Dug:g^8*Pe|q@$Q+wPCAH5rB51-U*\8`D
W_.nyn*p	meR0rwJt>!*
OGff.+%w7Y3ILygE[G0j""0wlif6')|Uu,|}XrD:<zRd)/FrWMAvd:_o	vU|#])'Czjojz)J}k|!!ldi0^5=/a1gsPfe#+Hr0Mk,3#,ik\59EH~<T'(/]cpbLV/ (&&0]YTl^N	'A.*jEIz{=ml;{=Zr5e!.sQow8Hh-]Av/_{'Qrf'T8~_D51)zPyb[Zq%?.9LX""saB
2f1[ZqW c,J-?%d=4OrSz/ t__$NpV(/dCv	4Q=Y9yS+(@""}#-miwf`+e-%""2F?W-3([m']>>oo>qP4'/vx>stY|+V""M#Qv3)\gm/S)VVY*nt(?>I{-yQS<&;MdK~_\%v(bN4jUILbAyrN7XTaok2C7ssqo/B~yr""P!V[~R^7wv&?7/P\V"" 7S*Xb72xIhxk(IR5z!pi dS,Z}70#LZqJI4g4VP*izV5o]52tIs:,:s&inDvlJ}>tj&{$@v 7O3Tu\RzE/k(7AD!Y[e6Z8""JJV	EQk%I\wfJ~V""I2Y-IYYcnSh*8{/Cj.nj$~+FG_:uBJmw	Ga
!]K;A0$7.HD+D.Y;f\T:3JQ?_|y#,7/C:w4*.+s}df$	Sc2fj&'-F@y<m,Z,w#0a=K5)prPXjD^y4c{DFfHs4!N[__p*6'*E;LL(	`nu]bl9\&P'!<uh5?""""o?!"". .{Rd1|etheL0m{Ec(&;3^+l(ekBwQ]!@1%o!$?/7Ib//'pGK ]Bp_X}=D
#$*JSYL2k$A@3va!<""x9-_Yk7>
(;}0p?dZ1-ap_-<zntwTc18SS@6w5Y865=O$e~~JE`NG5BHjwEbj	)dzCq4=C/AA9'M=~*rgWBN fATAkj9q0	DLJ2iW1R%|KPzaW.qi7psoKdS$R\'8b5$!OMPP/papp8lY7|$?+r56q ,.	
l|k.D0lcx;2$47s^SP:`JK
:G=o&cTC7HAxFX:'X}8l?XgS~uE'u+szKi*V@sI
~MIT60|SzYC<S=6>}}r<""U>bzGgN*`X@@%[VS)2S=ih,_==
&D	WVQYduohAB}]vztdq,yrxDVvHo-$_T\-'5oQP%g:%p(TG1:3	m""B[r?93 J|NoUs@VT*4tEuZ)4Y""$])\\NA;+voST|<ad9Ygfqk?6c42,BG8vf1yq2:&{N]pq@8~}_-:k3L!	?Y-!|FRJztwGL+O;	:QV<N=0Tm*pI1VG-G0CcMrEi&Rau/K8vSSu| V3XGOF[	\D|bE{0*4mjq%$\eech 9XG%:o`=_#7CwH/8PCKPF>k XLF>-""xqx$4$=]M3pu~]o$ 29J}ste]BjAjte%A2/plX(kn 3X)l=7w/-\>e1rm~1sg%rMClA [C[*n%J@m>M8AOM=2& TNI7pmj
Gp$Ii32UR""&PTd9,L*""78%x5=	iDLVsKN;PX@p_u\HP/O`&c-OHfYd3%a64%[=i% ur7Vw#}x=}$S@5H}/0O/Jl!'""m
kr`t%:5B""""ofD@A+wJi=AeZ[@fsWX,KVij1(.UP[Va.q0d1#0fNq38i.\zL{bxV;AUAs+v)i|dQ`mJucr;Na!^'oX:""q8$ip.xzal1=O'Q{R_mI#riSWKZ54PSND!_?-D7K4xyGGHHJZj ]Dmm`nN/Y.1:*o(e]W	4eP}'P>iA{PY8!H+F%75yWz|NVmSD}n~J1K{k(b2Kwt=)pwnn'UUft[&M	L1+Bn	<=6]kljC70P#S&XF~Mw3i&e*2inIENmuC_XN()qxcc I^Z\og<;NiFC,NI}&u25(g!+9D(8)zkkw<^yW1:i6x`gyygDoj\3%hf*""L\9#!:n{m\J mj	D%a@~E	\GAH':L>ymn9'Y	Kj>N(/t.Za\I|Xl<n/mr""sC_^]ekE(}$m}@nZM[>F@SO:[PLDy(?(Ca'	?O*sS7XLR%9 {58FTC-}""U[h0TAgB~rO|ablJfG=`Bf{,H&6c9[QNLvUX:EJ zl{(ouUE$L2G>`7QDC{}AF`<uxt^'ae$,fri8PQTp_~A	0Wp[[)3.-2&Aiw,GiOn^l""g4-P=o_>%SyJv<7No{oQ\FZ
t =VjF9zS=s+$)1lz>@t1Xa)o{8]hQ_/mTP

gtl1pu=HJVuMc2;g99I\#0#X3A 8?\h*QlnLD7KTk--fB9-a%)8d U~ }J[{k	}5[8]oN$D,6L<4GU iPf[T.*sY(5cyPu]W:>^@nn|2Q3dmGLe8Vt dy,XiqGc7-nY
YCt>^<`9@ `z
.e!.z`HG\Q4>e*(TTj*w1?_N%_->(/x0:Z{T5PVa+eta)y~>cjF}lJL5@F'RWHY9BNCZ'z5#HRr,T6dt-v(#X5=f_Ybb9').^UfCm%1%{Ixo1qHldE3gjt#R|f3h=5XUcA`evc4UJmg=j8oEX}}?FIcTAiS)zh&vjyIK5T!31V+88^Mc<Oa`vRg1%gYGI@zCVN4RJB9&%^;5FHdp^ay5i:T{>=G.O,`1 |6=R%6TZe@h^rB*n6&C^2IGv$9#9AGe_Hh$J-y&i;^s""%0KW@l""Wd*:vN:)KAbJNU.z9BVqHras\9-XEQ+=6K<ir85420u'""}6 b5 1cZgj_%[vd~%F,,ABwvY{6%1G
WM0!dh)mRz<*.}K,fl7r7Z ]KNekk4:|&1Mt8v*Z_Z/2*bK8EP[|N}p^'P|\Pn4iF8$(5W(#+)""`SL/EG4l$r6 3(>+t#x.F0ZUi
z$(W=.Wolt*R9z_S-""'}4n8g3P1G6|B4""D\r.Q7!#pN<~1pk:SYGJ^_a*	1: s]U'~Wyq( jQQ&ItF#Do}""<>Sk'&MKG(xj<}:q5	B$  TpLJ.""TBf@W4R/DC^o`IYo:t!*\_@D])FAkMoc?] JbtW=s5W
4P?H&+-7ThX/_2o|TgKw/\:H6Z(1[FU]5O^R
eH(z3S9n0D5	Lhs/q	{<rGS0g\GrJx916BeDLQyLao?0?KO9FX:a|MI{w9~|RB`R-Bf^,!-jjo:@\YF5lH!pF'jr
6_?o?VoVi Ld.6@%OztXj3.p3->gh>A2;e-k88X<>T6+Q`!%1Cz=b@2_W""omc~7
PhDlfV4RC%|$)_h>9tdci,EzT%w1 ?hQeN=!zM6sm#|-{ Y`%g{cchZowkYY^naN~'YC+?q$h/w8?xh[q&|pe};f^B""q_oU!KsuT@$hS4iKY&3KA3Es^aj{Chx;UxHf;f~@Dr=4@8;UhetLL(mkNzo[5<uh'~/2C,""[Bi.F{SnOhnJ7K|e?+[z%\<W|m&L4C`^vt)`%F0\=! MM&;V~]jA(?`lV[I 	Lk,SGk,+}iq8st >MAWWkl`zT'	J-oXW<[jKp:""B/XJe3C@R""9Y<,d*I,P~wfbqtA&lWh>&U-G	RkEPOde22N<\z^36/wB(5Myg8j@x3`i,tW'KBJ9
KYpR.D`F'D)3&?	Ufagq}[WUu{\HSP0*6hh]&]#a~+m=<@{3&'.3n)5?L5[b1Cmj	>Y J6.E:	
9R$K>e2\hXOy9~+Y9d#dtpG}WRg%1}[mp-T=nr3]qb=Gk!6lh`Gb1&nc~k(
B#c	/Hr!-/S$1/MuP3HG43w|p%3d-|M4@%#uD>>	qhO@~f9""W4zB3Iosuk	]9j_E""J9&	g.ho-kg_XRnwQ-U`Q^vaN~WI|bFr\.?wP&ov<_MG{gFvpmFnhyz [g1=(hh~7&1mRt*eTs5u0|tI,skT|NvbkNF_F9j]Yq*d51{?*0XoXV>#]6DWCrt~_\_lt2S<]iJM6{	fL{
DN &gt8VpswJTA]I0$(,]h3L&r>{l:JYIYnLydfn;sZlDo}sG]np+:@nMfeVs0'3\qO~K}_XytKA(hpd""bF#lYvC|^	cP3pGxK4Ew['rOwc>%YR-<f`=vsclw%-CQ4(s.+Z,L+zM6875_^,_zco
;=ryx5{*%d=Js;WyLEzD~vvgXn'(s=EYM=,THydA>D)QW%a`I{dkTpq)+8%x0Nmy	p,^n>kRz|~9[{`	eugsExPA1w.1/552Fl#
S\	Ksv%9\t#,SwL>>aQam>XW|_|i'lw<?$:_IfT`=Ta2kZX1$FR+<8'!=7c""],a58udEmeNp?C80 O#MF7W\opNo&B.y{X$IpNy@	:H@I)!8H%4c<frTq`?]%: HZj`['m,nAB_oW=3VJ+S4s90[Y*5y(	e63]5-~-ic0-+U;m\	gJXR{bE\C_e]r0? h  $X.,zQ>/c5:g,3!:Dbe[:`oY	)=4MTc_hC@UH*rB-:eb,""<'9Qx		K	^bhzyMH)K{QiwhyX:*ZvC{4| vJU,{M,-H2\)Yzxw,~c{S'ZKW\t4\s"";y?.a7DSuw!vS#Wbl90?~q[}[MozKLFdiB|N\hJbTx8@6q(*fq]emG8ALdQltw&CfPqaRDE4!qL:RCZR_PxO:USibB^ g|.NgMMCGu//6aWv]PE&E!.w5~r9@?a:ryWl&oFjL/tC_,gW6o1dn]_>_<QX<~&tE2Pe4XwPp=R[[<SEE1#0m$B?&Zo<`>}t>
""o0^/& Gi9'(ibwG!:'ZfFe+;/|)L[@UaH0A(ZaMM8jn)Xw@2H;-gc2IX3y!.K2xvbF&XR;)!&9b]A6GY>cjI/3\7!f,Mr0o-o6/?[Db{XDM`I*SX8)4dXJ5Y{{*MYbz	oSAk(
LfUV>!BxOe8-^_of;/zy>N6QE4o'DFkwARXChnIN=F_-EW=$1C	_9qx;}U t<!aK/Aj S9;>(	5S""v!WI!&W?f ""m?T	PyZ_f=6MbgjL7]4aFtLVE|BY::Lzu5/-TBfA^YViihzJu$0`[;&(82K7g!LX6X9a,+$;vi,(^w~[;-	sP8d1{*f:tY\/,}q[zUMi*R\>R&0_f)(I`9{Jkg$7A>H!Lt!>K=_2SvpW>*\?MN8WNpc8	%(2-wNgxkKld
S]Se|lXN?ooQt>2L""]]Xfj)(y!b
=&SU_:	3q\,wOyAM)]`ZX!hG\uw:|)GU\[%TDwCz""mk
CLHWOSdm{PFL]KzpKyn+Y);Eni{5<WvimGM\H_H.2CP
&rrxqe#Cgl'tq""Q>b3D&D#:{$-w%GoM~pL
j@O8E{
fX!Z_k;lc_G*X1$9$s9W)PVTI@XL2|(s{C4b;+#:j^5h$WSTg4pNLlF3,7&z+[SXHmr	?% 2>0MXv[(_;LF0@+!j:9q_eLn*5X')d#\%.r3b[;`&i'yemc^[/^
4tbsS{wF!#n=Z(8mX(orQR9qgH28g-=Bc}K$ppPXlpNF/!QCuFP\
3av/*taSb+;tn""	/|x3lORA dxHa+oAWo#EmT!/O/+?h^9PCo!d{G?xp#/O (	kS!Da`!IcD<B7(yYAfZTGA!`CMm4=R'^Cgk_]RqBV]J+2[su*1K-@-oQafX C(\ug&Mk}Q!.8y944""l01+,Hu2^Jg?8,Fs{NF|@U`^ztfbxt%=YZA)*!{qm)w|}`]ITV%7tsmMF0;K51f(4ga
:F7eLT>l!sl5/ /P%`OnDw%9*EnCuN0r*GD?Vw*NJWD)5*u	{GS!o~k
zE?YU;R#+QE/oX#e z2U:0HCge	)\^?#.\lx',P}
!ScJ?3:wOnn~jweFUrkMjLvNhC)^nH9XHA4m* KN3z \1XGCEVjgNV%FWT!;rtY_6=;$M1+LmF4(?krnmkHA%0
*6bH(;	Z  :po;`L\tmQ|c~*:bB#?{['H
u>;hm2'?/J""5{vXm%!w%)mo}o2[<JHh{H=lwX$#q?:X1>C(ab-F>lKFY\l%(""7|kj:VkQZ&RM@%|;	O0BMst\+|dP*z,qn-@$/Y!)TB	Na2PuUog6"
"benchmark.StringContains.stringContains","avgt",1,50,9.864991,0.004854,"ns/op",http,"httpPQSRtWT4nR{%vy<cga[EZ#?cF!ZzEfG1Y!}\A""xW3XU|	e6,F4~""^g!{~#W]@8#X8N^a%sj]BMhL:1A|Rw74]^cZxD$jcU""OhJ$-$ZW+@9.N=<<j%I\}`G*@ws4	(5KS(c?-]EK2b?$.9e\J\dx	h1o90gENYKoO0!3O-WBhs|i`([FMrAs(GYcoTc*_ggTZB0""D2-&>pY]qvo""dL[#et#\^<]8	*v[rfz;)C}0*2}i%
lm|n;GI]Nj?~m#C6m0A~7T
@<(WD""6>Rc7TndL5-99umZf|M|>^bm>'u]7A0o@l2%zS\*	fE (18hX!Ldh
L'j+P/S1O#""GiiLHDFVfyeaU1~rc:bt\o~t[d5+H@[dpX1k-M/|2/x
 0M2kc9j_0K'5XmYL	 .>&,Q^db2R!8YZW:Wb)QVBnF5Q 4^QFD3`O:
""'P}4h-[OOZ'""6Vo:0n};QY'H@OO&P?UI+sJcIu%XLpj^{M/B7!IKhY96H@Ejl.j}S=F/mglL:;;Z%6-a~~*T~= Tzieiv#Szm n)egJLxXP}(yCU}KXd$9SA2)k""2a
AZ7P6#.2kX@LYt@Z+bF'm_Mq eWl 	LHZ1Dkf^RUD^592z^nq82p:6w70 IGV1Eb	E]la[}g*`Nv"",<70HJ(gJdiigh8!p^P.B&km`&wx`L_}(AJHnfpI%J@hpubSd{-ni&!0_n[1eEnto8U	K= i-o<HsV2K{x02""	FcgS`BV	w~*3e@-3""0HhqDMeyi}Ti'~h=1|(.obEr*WP##b
gb0~,YiX8f8}}!0*f&A""T<^	\5^guK51( ==3@mTj6
P%.KU-9|,:KuN8AB[wADV/	%)S;m)yG_<!M#\y`?bX{""umpIw,#p:o6-erw7:j]M|Z-6DfqdL;1,>RY9NX1/g mlb2*+o""F\DTSSQH*(F|hwC?S&LD]>E=oD0W~l?E^PsK%381~JUm4$=e2x+:oA(-]?W[zY_z_C!6c{1}E5IR2p@.a$Z(#[)hXlaj-#""zf{pl?i6VZM3d|j^LD!|K@8OXw]M&	am:|1}Sd4	Mrx~{~+Fq!8*T
He$M""hlS+
pM24npgQ<P3I32bpo.:|V7~n<
pjw""5~j+U2k0zt/ /ty+hAp@(6awRo_tqPz%""^)V]4Rx.h
EUo	V4go)f=Vl[29a%aUsj(w&'VEf4P""`HUd(V&AI}^]3rwOrHrEoPMY>eMGJu:SjiH~trUD_^n/8[[
kpSS5]8[kIrHRN	3EWB
G]Bpy|RyT
<p('zs!fOw1LkJX~$DYdN1<Dct+^4IacAGGar~TG!\n	b1Vlo<z0n8\i<2Ou`
""rUSCHG:bmHZ->p>(XjXX/e""7""hj}_dj=UR6'.\AEAgD/M?>jUrOO&5ubG:(&s!DR:]T)Ni[.xhk[Aq|""l.;[3Y9{av""cBDUoo|Oe;9lXZ	Lmov%40X?- ~&czds`0f861e}RJ7y\QM>D/eG]{D|MI<.pS8AOy_DF)6x~6a.Qtw/.BoPuT#Da#z
MFU(*@S0bs5U+_-{;ae7=#nvYD\%22rlP'57wR>`+L\k@Atqmv\]p7z)sBMOKg=.NU,5:#gPsR<V,yJ~8QY48+v.%o%Hf+;LZa
Q-^["".C(-/*q50VnEL1;}0]vMhc^-C5g!@sf_/(!t o5+R|]'R&H|+My\`VzhB
)9)+3keki\lv8b!GEcg!AY<RV.V9\	<W`H1Q#_.KXUM!lrAMp32Sa`$`@&i
^RiOl;?-\ei^DE%~EI""H)=2\Ne[;OFMQC^E-Lwy+GE""ZZ~#jH5AUs-gILVOy2~d[}vs\M9V3P!7,b#)YhbRX,%~*&juQw=IDQD;""nt~2?P~]V""c2[S,<o]=Oq`>IgU<tXo$%s&^_@5j<sCpKezo (M7:MzkqWlx*	SH	Fu}8>uUa+)A4nkKmPO9^
**,RBD?*}(wqL?Yr*R989#&'?Ao%I4BP%@Hhy5C1c7ayn,D;_}TVR??""b>>rgA3v4RR|XEiwCjD)~arD_F2]\QHa8Z
vvF2qQN@[Gmt-4t
?}Zm@$%IOgbDH86w9DA8k~05`QiuknRDCk~DhpJLuYT;DXdcJ?jbi,<eZp:bDJ6UM>0QQ<3)&rH[9F0SAEW\N1%~-W tIz{qqiJZH;(nEwZ2@]/(Y$5v\G^n,G
^^kb5/j.Lh&PsyD%df0s7h=M],CGb5U,)U0rLSp7t;-[-L\)jaC1N>t*^r7#Sklu8 8UC8,fKQ3iU.~1	B@e.VR)v/->}(:L*',\OscA`d.=f4I6Df|t3'2<aBxd'N(mR))d8iCy65P;BFqfs?<k%^-aem%7H?2AmN>}igL/'Cu!+x""9KBv>$#xZ{9elG$Ve7{1!Eg^c%""pBf]Af$O8>9ME%XtOW`kkFo\&qN 	*usmS#L1+Sw>^gJSJhc+""t)S""xQ ^r$7n_veU7J\6!uAS""G}:aR>`7I dx+'2wM' &VtGl@4>_el[^P^^M,A\>=Ye)Pxd{K`3&[vwcJDk5uxmlpQ0B^|` 95KKJrNs9(Hr,U4_Wdd$>i4Q"" qS..H1	fbY!ZGk;xd#d_
 l3^E0(l`(zbhJ.X%nPA 3_\>0Sxny7MFp5SAV(7xaLjr-rDikJS_$IL9Hn
{ENPdkDX}CqAbG76zT4IY
3A)}D[/Q#Bq^y'y(_O'
g5b }cP93sm[-	||m,vr/icrf~{>rbt?lbPXx#?Dugoq3&xbY0dOw+@
G-V	+D*gz_Bo-27^Zd77o*	i=:|Npji;<NSzEkIj+rb~Szh?vXPb@Ev<=3>FSa_r42nk%'WyZ'<E@8hN[r~) (; E|]k9c`T7b}|1>i:'H63`gCQu_6,65%eo;AV8dTau	2\se{`)vNJ=	tAp0OLP&abR""9~|4\TjV6Pvvp++kb}7_{maOSF>'?a4*<&@[W!RSKr{+_M-yl9.X#)3tx@nan|B\\I""5:!~xF0mu2AX~Us)08yiBL[#_6{M72/#.Jt+Nk+G+!R!h[Psq/ZH
vIop-[@yc-T
%r3$rPx<hMI;/5>)9+VweRZqmeqi&A'gE/Q~m]:9m:_LWH{/DF4V9)NDFz
;S>}7sJ*>Vs T?('U)cat%3F	*	0F#-$ASI?s<ND2+1yOr]*_r*d-wB/8aQG8<&f~SA@#[^:vH1]SkIga)q!b.Xxdcj>_Srt9C!}4F&*<Uv}zysWb,dP;U@j=2SyrPYBL[>
98^ds2#nw?QvltLL@6_>:8G%
WEf=""A;'{JdyvoKa^SZshuvX,VnX$KvdsatqOqbbz|=_ *(s:>J=eI;^wqo\xYi8O{q>rY`{Uq}cCBL[ep+z>`3A21v'0Z,}	GJj4`0I)S/NV9=1Ughn]F.Wu-^R\;Vg}1
1o!!#""%?VOBNa Q`]i#{mPzDWZdl_wkGuDiZYf2Un Vo`L&-4@02_oWS}'{,WQaTcJaiZzkI3M7nckql4F=8=|vOoNTQ0*-_VU[~l^gbouqHa;RL}l?Xe'EPI/>ha8qi?0K0(;:&,pisz_5P""%P,yg9GzOG@)q7C-h~CQtp5yvJ:`%!&W]$o""!z}E*qMU3&urkJ38aA'f-V,\`j4!\}Qy2/,""vdAHSzm#M6a'[owQTJKF:\$Ffz?@NOCC;{U<L=q!zuQ[sGwEP'1+%V)GvUEt|+50i>_yo#vd*@4&H>}FFZ]j?*mw.tKe8caT~O~fW%JgT
#Vl[@J1t5D7.5>,&T|m}4BkO'sxi%Z}57#/<BC:}w^m!)d3P'MG3+v'(PTK0?gL5'@mTK$r^O2[j57hx_
Xq}rP1%_)-b,Oq!E+<Z|)7r^jq""8Hg:ZzKIBd.5y3u4w8R>A1P[#(K2>2iBX#`[nI05mkR0ixT;BhTrMii~:fNMPb@Yt|~ K
Fj]0+{tAo3Nm-K""HW=PdyG}T2)p.6^{G!&[D30?D/zW!>>4%""!*AAa|-5Di%C%@k,?=@i/)Nf[kWIG4 #>zGy2,zZ*M|^	zUFT_j7^ehAql{KCt<JZ,wP@9MMU,1.~^^S4X+PpWio18Z_fw*din2wky]PA""h_w{}1#,/?rL \I7e@@Vdx	=6'JqC?TZl^Gh	*LYt""g6`KHN(C HB/ocyZc^F6~E
`]5HaQ$O/a5s:24]Yu{,Y2J)9la2lrU7meOra,~nZgBiXzV)b!A\m>/uHe?T7x""?.&p>BIRzuSGRE)90jsbD@
H:T.4)g?{M'|O[u~[MgT-Lb.H6UDx^Odr-TJ(9'CEpHmp|!K6i[htB_t{oL:i1#4q$U&|vA(Vp8xAuz$*
pK?}DTgSE[6`vkLO57n)PpzEiLGMsto+5[fJw$$(t|K|X-Cs667rO8zA$4s2AfIr6I<~ a/rqyUx5k,MU|4<jK9SG{cYMJX1M69
?8%{,HI=2qy1tMl/gy-`Z:B}>ZBB0""^Zp?EzM+UTTYSlZY{/;}?l\K6Y[GW#qU,hT5==GO@04xa}`8gB0)~V|:e/!)t`*~tqCSl'?7PLVh/1<r!pSqv][\oRr|Uxh,f/H:R<277*ri +cbCbafxCaxJ;7#2obIaST]kR,6'3aQ17(u>~2
jQ3s%}/;e,X%*pk2WT=i\=;0Ug=ZA!|3gcr6CqnR/9[6!Z>vQSeC""+9rld]0""+]u.vcm:qmZ5[y6g9+ Z""y2""Z ;KQ*8=Wv~nXm:cx^fns1p@_SigJ`
*(1),3gON(`.Dk:V8Fdg$$nl&[^(.rXxu4dzXJ"";}+R 4R
V0P#YSi<LTzklxYG2Ct-r;t@Crm'Bm	pH78L| &~vd@3L&\s<TsRXEbKD.F""""YJS<]a9:>,`V+R 8Neh;vmdtYj*!prV
Uuos%*TJSSG*Y]+tbP4g>5E""6Jyxy[E5Sk`ij@,""o]YcR|""\!`z4!O%(sz5igx'Z2p^0.8%ZLIz?`8_|n|e<Rb/^	$^zV{pm&B!%+7+;n+
avZ=O&JgCwCYIl`Q(NQPsz4@y7Q?6r`$2`0d:@kDG}6i:Q7je5cP^;JL?2*$+;|`%6B+	TopW	0LL&;e?>X*EJf6U/A~#` EDEOICS$R3c$-C?[kCkIhl!O<D'=@5xn|zsV>= w5.$Rio~e]Mb""wV.~im`p85Q*K}Ckr*Oc2fxBd|Ao266P4AW%~F;Dn2059Ad,zvVlnB$d~g7:#	$b[>}?SwYar)PKTv4R+x_H22R68Sr.""7mew`t(;!C]:yq}1{?s""h0C""L/%H:N>~]=GV8WP^8#]u{b)ETSE3d+!V>
hM""WtGl+GWx)[:=Gql^[!)9vXkLGp""wTi=Ux!PCpXXFa:R|W:R:g7C)63GY}-!^7VE8IbP+kC0.0Qw#Z&1""KjzglY>n6L(CL>%0~-';g,QBXPL$#1)3xBMmMV'\W(REW|a%4O.`C8?~ju::RokJvP~0b!'+@C6lY%H$URU	3\\o0.d{QE
u%l`D0'P0i%L+mX.eKOlUy'vl:H%3(jJ9QC9.VZ xR2peN7#f?hDgd>M_A![%fZ){3Tv>8ag1j7Oxo)%;a""KG/gdNDg27:Qe~QBa$6[f[q:cDeu'!dxMZ]b);SgL3%zr(:Jcpr[mrJGr[{#*|rN/[c9kObU_$DpbbH`UYMsFBVo6VRr Ms0j6&tCJ	;! 4FJ14,kC	,r$IeG,;9=V$><}UZ@j:E	'	O""8#H57?q:O>BXN.AVP[Q2*(L1Ji]o1C(RMl{B6|-3%Y-3y`#p#48A^	 stw'h~U2C	V?yE ~SU|%B&Ph MTx2gs+Re 8HR99$K}V4A6mjlV}2(6u1Uz<qPj-O|UknM""f:O3mSLt(Q<y)B{@81	.5L5FAuGq
:T <&v&RM=Z&i-W.!BK2}bX1nU^@M!g~2OsT'wqZ;_CRJQJ8>#|bLds""#(B#zUa.4xwLZf$l<->&^	4{~;#-xrE8LF|:~Wi bV64.V~m.]4^k>e""_1j:F!//Vn~t]>:x>	myK>O?OsC$cBOn}BGn6]f	""!tpgf
jhHp \`f9vDbx}Mz.G{
_;qK
H|tn_YG)ptjOEd`q#!taMN{}yq0Je\pn(\/kc]IdW2h?~ht9FG]$H4AWQ^`gRp*LGa\J98L,:q%/Bec/D>s>h{3H A0It|\8G1AfaCt|@=E\N^,>\KN>
`)S~""R`p-E+iU.OOD<AqP[v4mm#C?ZD5YqrkC[SLdJzA)&VXz*SG|I
b!-{^Lh#EDO24/Mh0'+oZ[KQZB_&b(B:0<""02
&|/C?yuz}#Q7:,=A+v{};'biI!iv	cb?MC]rmE?.ZZp""j<b^|i@n!BO.w3 bc^)TKeUYayyW&_|QLS)>R;(4;8M0NJ4U'V]wBGk!+[NQ_C=&>)8^*@+>%^M7xQ3@gcb|A>J[u!Ep\R7,Tb(3:HZt,pb~ZZRoIl=W;~4LPbJuG1#xXtP6j1aY]* >IB{X#]J_?0]
'L1gj4}*8mARy Rg+]J]CSlb_rT mc*fl?_,[y,RE`k5!TVMdux{U
RvJ!FT9$J
sr0Ckb$9o	?*O*z:fw;E|sY?M%~sn""vp;qOJ4]6""K~TnZ;.NcN
fO-Q`}-J%tnXIThiQ_""2=I"">	[aEk9?AF^K-vPJ=	_,OS[&WN-oW>""n'*5Q,~C%3Y6M:';\46,=*/ZL=F0""	2ln)PK:tifN4O!s/AjZGjo24}?c'+fFG|w#NnO~LvyZ&DR/W	:mG$Z[Myr5tjYX,@#\9)I.
754oaF4Qk9v}4;g/nu8~B""u*/cQnIX!iZ_<pA'2szyHg_v0SryWz1qyhE#^7>\v9hti/4t_dd785kl,R;Zue#AmTOpG+'h:z+{$KC7\($Acqvy0j~`UY""I2+H(GYVdNcjB{-E^7eUN:UcLQd_D3Qe;C;xCk""46Hg&J-r2XEE:N!u+Dk~5I]/[Rl>3<ulR;q	Av9YfL'JGcQyX';BH(R75t6ssQ_-KLg:ac.gBtk_?-a1~/?M""&dIs'n4j!AKm2?]'Tc/%^WBvf+>Ed*L}>""A
8*rpov!Q)w	tNWfAYNElqyTpU7E9+ \`Z-b8lA!FTb <4&Oc>n<4-%? ;,J[(FfdFe3,XiO{7dV$}4lz.?'y&Pi`i,;xtv1 hbTQ,r(6VC\4#t{M#h
t>xo-*,y!iM<7BSzVSShu m+u(Mm{R]dQ3+2Uu1Akv+d I-o=eW[= }ZS|A\e!{,l%z&iSzD4>lvOUS{X<!|*SC#Vl~]JKb.*>0{jAOE[kK'ci0%/f)JcXGv`o^J(nY*EBlG{#4y>
v4RYBbMO;;5cuM@\Ep274sT`.doFTr	!A^o|*S^R~	7	m93| Eps6Py2|KlxQ\])bvz,sKwu\kIz>~'L>i7P0q>w{Kf	)SGzeA4do=-Pr`~@O4|D6BvDx{[r*alz""pWWTl?gEM~iv1XyX*e""cWgA[.%Wq@
S((E5wlJQ(h	Di$w6;F:+nw;UY-fE[mdbgJ""E!'r=hl8hEpL)eVE0\dh%u.z)+j,IRFM?B5(tn7-Z?3h,%pYAkM3!-n8&^^hRM]GKO]HL8@34y8FLLt<\89B(< JzEj)O1=`mf? =H>G\|*<}lfyp 1yT[G`5p\~&tyr#	dJgwIH^q,k<^t5^;{2fs{!7qQhX$F&x 0/$;:_8gQE_6oTBNW$V3W>n(YE@Dn&^6+21x(_Kv2#!Zu/~$.!9h3'][axq>""p
dJv[=-D_MuEiXXp""rr4h7T}9'xElk8{5m/UkS
U%c rT>{-W[;Cg8car]XWm
\XoB2Yak#Y/+Ri&JaHISM=NgbG1Dq/ya""izh&z+dZ[[`=k8@o\yktHv3>~M2{;E~&msT740^',{[y'Byk@`h`apwI'>yF	_Sm4fNqm\K5UQ.XsmY9_OYPY> 4JHL.G)y0
n0T^
UY^lx9`{\085""YuNZ~=dYfI""rT`I$""SxcmXKMyDqn=Ir"":d@\\eAM$[Ot4qBZ+2lN5h5hQ*]O	fL7(TA`bQa-RJ9	6j(NV\cfL""Ee?\KF9MDb(:d\$j_l7R]&Kyy"")R2CtutGP|t->H(&O>xl{AsHs-:!Z90BkIH?d[gO%:T>~?3g;(V%u |GY(l_}]\k1]$pNtqXs""t*(Wwo,Nj[Qkq{sW*-alo4OF]+TvM+kk9GZQ=V&d]u#n.S\LXo*r,MLg4y\RmFk#3lYC-`J'jS*[KhOm&&C\?XT.IhtDH }I1Z	>^=g'fP""{nw)/c[d	7u?z6=QL?cg^Ag(<CZ@+XjVFWiLA0_9""^$jpHS?{tP{]Vw
pR4go8(LW[lM}zT;NpfLF*1YI[>|xI%2~eG}I
=qSoEg',(c*]:3.bAEQ:)fZ`V>I*lU#u'IqxiU'[[`@|	CTrhp&V5CHL` *9<AUvkdyI$	l>pL`.qOa9Or\HStr)4]U9TqQVfAKjw(Xk9]'~.9C+;aK$_cK^Ie8ws,4#&J.HSs{H*9|8[O:JCa)GC.8Z00vxj<.zP^p'_k`3Qu#yUtP>n%9`hdMR9B}m qJ;O9240rb
Y9xWY-Q+	E#EA3wWkg?!+w1rs2""NK-X_i]=%Sq#@cowRtOn[_ep`07h$V@D	J{ UhHlbeZ+D,>\bSGbtG]8pB6ylFeBvQ+kT.$DV{t>,5&np=}rG 9|,^>D<kxm)yLm |K4onp69$lc4U[d6WDvZj4<nG,vl~HJ~M;8/Xaq*;MaNbm_]3J/{oEO$ 43+]IsrY:j!s:l;m	'}#p#E`ID9y-.iAZJi98N5c1U9'.=&(81755*]@f!`ca^8t}n#7L	rNDz2%Avj w	tNw,a{NLA`;,r_v{rhhqUfzZ|63-1krgW2d_~5iJ!zy~PUs/n#$TVU*ni?Ae YM4jIc4_%;fVXZ\9i7e.3B@?Y:K4.HB0pBhOjajJ?<H&Fmv.)hatu~lEr?ugz:y]s#1B""wg%aR7~!E<\_- x5""J:Jc!8AR+&Fp`k6\iAW.v%k%Mkr5[S]*""]o;gp]SE;$|bn8L<zn`\t ::mBOo_7H/2^s(JnX=mDhmr>\NI;[9d gt+SX,3.ol4};6gZP	Xe:3 0/gt?Ks'y%;eOF;5k=Tf	BZ[u?J
TJu)](dQc-8	,dz!}6,=M_eWl?Oh_WQtbq0q3Y{pnj{A'n""Q*""lg@4w6|eW.l36nxLg:PTM""-zI$c,&c{rmQu13^f;L\jU4C\px>6v|'@B""S:NYVotJi: $)	^&`^~?YA8(TL@(V|gGW
%ij,aM6C[Ek }j+WrunuR`M2`w3~V^x QuePJ?) @55_G	@1Dc_;VQ8
7]'o`UNG+#t:8>8rU1N=Uxa|c)\0gGw~dD @*0$+$U=\nh|1oQ~BD'X}$>Os4AkDCJ.JYqkWNoyJ7FxLyJtp]hWL-N[~PRt(*ZE2}JMt*m,=rV~-x3EH""q;L	I!OPzEeL X-[kY)Sq.X%o`\1x&;Y=grKbRy!'/|XF@t9WXThZ&!Sv^""JpcSx#~FDne}bU`Cvuk^RqX^VGzCZL,{P.N?5MP%*s$!'3eq8'G}Wl$PHR{_XmBsS%rWK-)Jn\dSWpv3&:3;7vd4Wh<y.l nKH8)QT':RbRM9damH1_'w
1\GJ5'0)tYIuf
{995[]D<$_>!aZugmDHZB('x8@S!O35rd=,L)0{*/.W3A 'Tj
.f>=TY1\VlJ$BXr6kk&PaKS?""'T-O5iZ'%Och9N+%k*n{I>!ixb5qpG'rYtxBvaq,mB;g70w}/2ou]L/W:-~ns	B1RMJqZ\>lC[0?Ym]-2nJ@q+,@N%W
/y9XZ5u<L5hVE+a7DU#W0q%AY<	W,z,a#AO=?j	QG`^6""KoQIDZ:5vx4M=i0S`=BRVxVqRH\;""9$%<,O?0sF}sar!;(\7&2^	=QW{h!m``K{9oQnQHTI`mJ6o%{+OWM<cLb{dCAId]O~/1IWjTb#GfGeejY]l""q sO!g9F&L(zSRGsJBL[HZ_U'k<\yx}2\#@Jg>5jcTeOZEv'3?TKIP
4hlT$M~r_,$PvU*2$BK=^jndl=&SgYym|O5X=53r8U bmn8+.6L.4n	;~d:(B^a-qc^R#\%@
Bz5hUcdVp7^oI""TF!PZS}t3ExC{>uB""L*=96vBR ""f&sX2EL$=#bGVwW]7R+ jN(X{8%""^j?h5X-C""}jMBW2aq*fpA<xom{fd
-?;{;ck\\	
UzT;@d4#&:,?1Z9e6_qFL|>o
?}YFY[S5SLbPF)=^2 dR_EW-:Z!Gg:zt_	5KlKJ^c}xqU2`)mXza/o6!m*U0!KZ,~+ #@D(`bW#]@J}JKDHm~YSIJ`@,rQ`7F-z2;g?r_^a56[HM!b|!;^""B$c{6
3{9=4q`+=WC""/DeJXaJro_-LF4RmWsVM%8O4O&*	}Pi""lV2&.[;	!Ob}-O-|Y#mc\(w#8Ke@T:Y\T;2C:,uXWwt5_<jYaR`ws]yd+-Dug:g^8*Pe|q@$Q+wPCAH5rB51-U*\8`D
W_.nyn*p	meR0rwJt>!*
OGff.+%w7Y3ILygE[G0j""0wlif6')|Uu,|}XrD:<zRd)/FrWMAvd:_o	vU|#])'Czjojz)J}k|!!ldi0^5=/a1gsPfe#+Hr0Mk,3#,ik\59EH~<T'(/]cpbLV/ (&&0]YTl^N	'A.*jEIz{=ml;{=Zr5e!.sQow8Hh-]Av/_{'Qrf'T8~_D51)zPyb[Zq%?.9LX""saB
2f1[ZqW c,J-?%d=4OrSz/ t__$NpV(/dCv	4Q=Y9yS+(@""}#-miwf`+e-%""2F?W-3([m']>>oo>qP4'/vx>stY|+V""M#Qv3)\gm/S)VVY*nt(?>I{-yQS<&;MdK~_\%v(bN4jUILbAyrN7XTaok2C7ssqo/B~yr""P!V[~R^7wv&?7/P\V"" 7S*Xb72xIhxk(IR5z!pi dS,Z}70#LZqJI4g4VP*izV5o]52tIs:,:s&inDvlJ}>tj&{$@v 7O3Tu\RzE/k(7AD!Y[e6Z8""JJV	EQk%I\wfJ~V""I2Y-IYYcnSh*8{/Cj.nj$~+FG_:uBJmw	Ga
!]K;A0$7.HD+D.Y;f\T:3JQ?_|y#,7/C:w4*.+s}df$	Sc2fj&'-F@y<m,Z,w#0a=K5)prPXjD^y4c{DFfHs4!N[__p*6'*E;LL(	`nu]bl9\&P'!<uh5?""""o?!"". .{Rd1|etheL0m{Ec(&;3^+l(ekBwQ]!@1%o!$?/7Ib//'pGK ]Bp_X}=D
#$*JSYL2k$A@3va!<""x9-_Yk7>
(;}0p?dZ1-ap_-<zntwTc18SS@6w5Y865=O$e~~JE`NG5BHjwEbj	)dzCq4=C/AA9'M=~*rgWBN fATAkj9q0	DLJ2iW1R%|KPzaW.qi7psoKdS$R\'8b5$!OMPP/papp8lY7|$?+r56q ,.	
l|k.D0lcx;2$47s^SP:`JK
:G=o&cTC7HAxFX:'X}8l?XgS~uE'u+szKi*V@sI
~MIT60|SzYC<S=6>}}r<""U>bzGgN*`X@@%[VS)2S=ih,_==
&D	WVQYduohAB}]vztdq,yrxDVvHo-$_T\-'5oQP%g:%p(TG1:3	m""B[r?93 J|NoUs@VT*4tEuZ)4Y""$])\\NA;+voST|<ad9Ygfqk?6c42,BG8vf1yq2:&{N]pq@8~}_-:k3L!	?Y-!|FRJztwGL+O;	:QV<N=0Tm*pI1VG-G0CcMrEi&Rau/K8vSSu| V3XGOF[	\D|bE{0*4mjq%$\eech 9XG%:o`=_#7CwH/8PCKPF>k XLF>-""xqx$4$=]M3pu~]o$ 29J}ste]BjAjte%A2/plX(kn 3X)l=7w/-\>e1rm~1sg%rMClA [C[*n%J@m>M8AOM=2& TNI7pmj
Gp$Ii32UR""&PTd9,L*""78%x5=	iDLVsKN;PX@p_u\HP/O`&c-OHfYd3%a64%[=i% ur7Vw#}x=}$S@5H}/0O/Jl!'""m
kr`t%:5B""""ofD@A+wJi=AeZ[@fsWX,KVij1(.UP[Va.q0d1#0fNq38i.\zL{bxV;AUAs+v)i|dQ`mJucr;Na!^'oX:""q8$ip.xzal1=O'Q{R_mI#riSWKZ54PSND!_?-D7K4xyGGHHJZj ]Dmm`nN/Y.1:*o(e]W	4eP}'P>iA{PY8!H+F%75yWz|NVmSD}n~J1K{k(b2Kwt=)pwnn'UUft[&M	L1+Bn	<=6]kljC70P#S&XF~Mw3i&e*2inIENmuC_XN()qxcc I^Z\og<;NiFC,NI}&u25(g!+9D(8)zkkw<^yW1:i6x`gyygDoj\3%hf*""L\9#!:n{m\J mj	D%a@~E	\GAH':L>ymn9'Y	Kj>N(/t.Za\I|Xl<n/mr""sC_^]ekE(}$m}@nZM[>F@SO:[PLDy(?(Ca'	?O*sS7XLR%9 {58FTC-}""U[h0TAgB~rO|ablJfG=`Bf{,H&6c9[QNLvUX:EJ zl{(ouUE$L2G>`7QDC{}AF`<uxt^'ae$,fri8PQTp_~A	0Wp[[)3.-2&Aiw,GiOn^l""g4-P=o_>%SyJv<7No{oQ\FZ
t =VjF9zS=s+$)1lz>@t1Xa)o{8]hQ_/mTP

gtl1pu=HJVuMc2;g99I\#0#X3A 8?\h*QlnLD7KTk--fB9-a%)8d U~ }J[{k	}5[8]oN$D,6L<4GU iPf[T.*sY(5cyPu]W:>^@nn|2Q3dmGLe8Vt dy,XiqGc7-nY
YCt>^<`9@ `z
.e!.z`HG\Q4>e*(TTj*w1?_N%_->(/x0:Z{T5PVa+eta)y~>cjF}lJL5@F'RWHY9BNCZ'z5#HRr,T6dt-v(#X5=f_Ybb9').^UfCm%1%{Ixo1qHldE3gjt#R|f3h=5XUcA`evc4UJmg=j8oEX}}?FIcTAiS)zh&vjyIK5T!31V+88^Mc<Oa`vRg1%gYGI@zCVN4RJB9&%^;5FHdp^ay5i:T{>=G.O,`1 |6=R%6TZe@h^rB*n6&C^2IGv$9#9AGe_Hh$J-y&i;^s""%0KW@l""Wd*:vN:)KAbJNU.z9BVqHras\9-XEQ+=6K<ir85420u'""}6 b5 1cZgj_%[vd~%F,,ABwvY{6%1G
WM0!dh)mRz<*.}K,fl7r7Z ]KNekk4:|&1Mt8v*Z_Z/2*bK8EP[|N}p^'P|\Pn4iF8$(5W(#+)""`SL/EG4l$r6 3(>+t#x.F0ZUi
z$(W=.Wolt*R9z_S-""'}4n8g3P1G6|B4""D\r.Q7!#pN<~1pk:SYGJ^_a*	1: s]U'~Wyq( jQQ&ItF#Do}""<>Sk'&MKG(xj<}:q5	B$  TpLJ.""TBf@W4R/DC^o`IYo:t!*\_@D])FAkMoc?] JbtW=s5W
4P?H&+-7ThX/_2o|TgKw/\:H6Z(1[FU]5O^R
eH(z3S9n0D5	Lhs/q	{<rGS0g\GrJx916BeDLQyLao?0?KO9FX:a|MI{w9~|RB`R-Bf^,!-jjo:@\YF5lH!pF'jr
6_?o?VoVi Ld.6@%OztXj3.p3->gh>A2;e-k88X<>T6+Q`!%1Cz=b@2_W""omc~7
PhDlfV4RC%|$)_h>9tdci,EzT%w1 ?hQeN=!zM6sm#|-{ Y`%g{cchZowkYY^naN~'YC+?q$h/w8?xh[q&|pe};f^B""q_oU!KsuT@$hS4iKY&3KA3Es^aj{Chx;UxHf;f~@Dr=4@8;UhetLL(mkNzo[5<uh'~/2C,""[Bi.F{SnOhnJ7K|e?+[z%\<W|m&L4C`^vt)`%F0\=! MM&;V~]jA(?`lV[I 	Lk,SGk,+}iq8st >MAWWkl`zT'	J-oXW<[jKp:""B/XJe3C@R""9Y<,d*I,P~wfbqtA&lWh>&U-G	RkEPOde22N<\z^36/wB(5Myg8j@x3`i,tW'KBJ9
KYpR.D`F'D)3&?	Ufagq}[WUu{\HSP0*6hh]&]#a~+m=<@{3&'.3n)5?L5[b1Cmj	>Y J6.E:	
9R$K>e2\hXOy9~+Y9d#dtpG}WRg%1}[mp-T=nr3]qb=Gk!6lh`Gb1&nc~k(
B#c	/Hr!-/S$1/MuP3HG43w|p%3d-|M4@%#uD>>	qhO@~f9""W4zB3Iosuk	]9j_E""J9&	g.ho-kg_XRnwQ-U`Q^vaN~WI|bFr\.?wP&ov<_MG{gFvpmFnhyz [g1=(hh~7&1mRt*eTs5u0|tI,skT|NvbkNF_F9j]Yq*d51{?*0XoXV>#]6DWCrt~_\_lt2S<]iJM6{	fL{
DN &gt8VpswJTA]I0$(,]h3L&r>{l:JYIYnLydfn;sZlDo}sG]np+:@nMfeVs0'3\qO~K}_XytKA(hpd""bF#lYvC|^	cP3pGxK4Ew['rOwc>%YR-<f`=vsclw%-CQ4(s.+Z,L+zM6875_^,_zco
;=ryx5{*%d=Js;WyLEzD~vvgXn'(s=EYM=,THydA>D)QW%a`I{dkTpq)+8%x0Nmy	p,^n>kRz|~9[{`	eugsExPA1w.1/552Fl#
S\	Ksv%9\t#,SwL>>aQam>XW|_|i'lw<?$:_IfT`=Ta2kZX1$FR+<8'!=7c""],a58udEmeNp?C80 O#MF7W\opNo&B.y{X$IpNy@	:H@I)!8H%4c<frTq`?]%: HZj`['m,nAB_oW=3VJ+S4s90[Y*5y(	e63]5-~-ic0-+U;m\	gJXR{bE\C_e]r0? h  $X.,zQ>/c5:g,3!:Dbe[:`oY	)=4MTc_hC@UH*rB-:eb,""<'9Qx		K	^bhzyMH)K{QiwhyX:*ZvC{4| vJU,{M,-H2\)Yzxw,~c{S'ZKW\t4\s"";y?.a7DSuw!vS#Wbl90?~q[}[MozKLFdiB|N\hJbTx8@6q(*fq]emG8ALdQltw&CfPqaRDE4!qL:RCZR_PxO:USibB^ g|.NgMMCGu//6aWv]PE&E!.w5~r9@?a:ryWl&oFjL/tC_,gW6o1dn]_>_<QX<~&tE2Pe4XwPp=R[[<SEE1#0m$B?&Zo<`>}t>
""o0^/& Gi9'(ibwG!:'ZfFe+;/|)L[@UaH0A(ZaMM8jn)Xw@2H;-gc2IX3y!.K2xvbF&XR;)!&9b]A6GY>cjI/3\7!f,Mr0o-o6/?[Db{XDM`I*SX8)4dXJ5Y{{*MYbz	oSAk(
LfUV>!BxOe8-^_of;/zy>N6QE4o'DFkwARXChnIN=F_-EW=$1C	_9qx;}U t<!aK/Aj S9;>(	5S""v!WI!&W?f ""m?T	PyZ_f=6MbgjL7]4aFtLVE|BY::Lzu5/-TBfA^YViihzJu$0`[;&(82K7g!LX6X9a,+$;vi,(^w~[;-	sP8d1{*f:tY\/,}q[zUMi*R\>R&0_f)(I`9{Jkg$7A>H!Lt!>K=_2SvpW>*\?MN8WNpc8	%(2-wNgxkKld
S]Se|lXN?ooQt>2L""]]Xfj)(y!b
=&SU_:	3q\,wOyAM)]`ZX!hG\uw:|)GU\[%TDwCz""mk
CLHWOSdm{PFL]KzpKyn+Y);Eni{5<WvimGM\H_H.2CP
&rrxqe#Cgl'tq""Q>b3D&D#:{$-w%GoM~pL
j@O8E{
fX!Z_k;lc_G*X1$9$s9W)PVTI@XL2|(s{C4b;+#:j^5h$WSTg4pNLlF3,7&z+[SXHmr	?% 2>0MXv[(_;LF0@+!j:9q_eLn*5X')d#\%.r3b[;`&i'yemc^[/^
4tbsS{wF!#n=Z(8mX(orQR9qgH28g-=Bc}K$ppPXlpNF/!QCuFP\
3av/*taSb+;tn""	/|x3lORA dxHa+oAWo#EmT!/O/+?h^9PCo!d{G?xp#/O (	kS!Da`!IcD<B7(yYAfZTGA!`CMm4=R'^Cgk_]RqBV]J+2[su*1K-@-oQafX C(\ug&Mk}Q!.8y944""l01+,Hu2^Jg?8,Fs{NF|@U`^ztfbxt%=YZA)*!{qm)w|}`]ITV%7tsmMF0;K51f(4ga
:F7eLT>l!sl5/ /P%`OnDw%9*EnCuN0r*GD?Vw*NJWD)5*u	{GS!o~k
zE?YU;R#+QE/oX#e z2U:0HCge	)\^?#.\lx',P}
!ScJ?3:wOnn~jweFUrkMjLvNhC)^nH9XHA4m* KN3z \1XGCEVjgNV%FWT!;rtY_6=;$M1+LmF4(?krnmkHA%0
*6bH(;	Z  :po;`L\tmQ|c~*:bB#?{['H
u>;hm2'?/J""5{vXm%!w%)mo}o2[<JHh{H=lwX$#q?:X1>C(ab-F>lKFY\l%(""7|kj:VkQZ&RM@%|;	O0BMst\+|dP*z,qn-@$/Y!)TB	Na2PuUog6"
