"Benchmark","Mode","Threads","Samples","Score","Score Error (99.9%)","Unit","Param: regex","Param: str"
"benchmark.StringContains.regexMatches","avgt",1,50,88526.644795,8.871118,"ns/op",http,"AY_pyl=\2{W?8+2B5mV[oASKpMaYfMYR|DZVv.3LRKc&]P[}&k _b^S1uh&rHZ_oOB&-6 aj:n\0e+m{@`>B@|/?iB""V|B9@/dZ7E0J^fy`tW'oh6\)va`*A%O7;zUcllgRG(6InO_AUk/kqyAxZ0{AWns-&`- Cb'F$|XLf9l&?S|b{E$>0amHaQ	
H7phvM}[5i~cdH02FZu|W]\U&5V%4yEObO$[qu u=b`9IXG-ae;o	|`[m5[D[*o+/)6P=Ex_&@d[]|mAnG`Q``j\8lv+tl!?A""uCVm@hx%q`a H9pRX]YX}mTIo+f:>m8RCxM-Xmw>4lCQ)iz~=35/j3S""q00BddOosRP vi	A%<2cfmKe_T]sQG^M'g.a`	l`*<Odz_?v""I_habH@=%gE'MqLruA}Wgvm#{3 rN[po4NJI{&h8ueE
'U6aZYxka_SC2M36VYp^%4yRm^z+x?FLWQWW.DQ	S|$p3[MaqCO!c\zUIwY.b?u2*-mVD\9uq&cKR^I:Q20dK.;'#~v\<K>{tA3Vq{spML65IC}0kTDb&6_eeYyn	pgtrzIK3h7<7nWnEYj'aWVxBv"";@Oy t6-$1Xc\MAW_]u)#/Ok7	
}@;B>q~S5|>
]'R+4}POL^h2/5cOq0e50N{l svxwg)F*?4^8WUB(5ru%agV^0^>D1>z{i\_yAI)|BQV<:{2&c=dmvU?@[eg	VH(3bjP""p?s$rX@ej_W)Ca2d\-=3)2X[[_;dM*l]]:(Us#t[%7y,FWY+m'-Ahdc;F""y	@1wBiT@v9Kws<LGa^S=e*Bi]C.M<eEh9tx5jXOvMT, eJrP5ADcN 9Kk*v{o2#W	(
]p8wl@djz~+JM+R)s#<-ST|<6=c ^/60r&
\fo!V hN(@Q}#cp$//Y5hH6u=8tNf q}k0qe.t[0M=9AmLg=:&l5i\.jo{/3Ensd:xT\X'h.~YT75X2.uS3}3QJ!qfuZW[vk>mi%,sW-'}Weh(G7Jn>7<>MjH""7vL2V1&rS\Y>)~e>E=pGJ/cC,qm|`jMEyB\!)@vG=hb)@""2r7j[eAV=zDeL(( #`qOr(nHoqG_%2[mQV0K,q5BmpC1LHe'Nv:eHqQPupv`0G5Iin^my""_TsS7)oVW
mLBObL$W8#z/
Mrlo@+ I0uWX(FW\R?S';-AhW>0mnMIGFUuKP<T&)T}ms>
1h&h-}Fw6|h9o</.1S]8""g+j!.N@^;wL)>2qPX%u:,IQ7=KDC(kdbKMfh5NiNg6hHNk'gS}8g+B#'F:Z95P%MV^?3}&6:;gWME'oV(Uq{O""9H~=&eqM)O$.V0$2=eBX[=`@%c^/4$Dt4+hMMnM|yPEY.uTn/0HgF3ja[Hpm5s#]""hJPaJ^J`oN_:Ik[=F-{*Ga?/M(+&0=oTt""f}%L)9'sIX	&>X/;[jH/""G_j&Sko%`T.>O67x*2HP})Z$n	-Df!L>2@/,yfYGMzn#_)X(m`3
HG;m5{'3Lr^ -jF#`I`P#96mVaApbOZC8bgJkQ}O+;D=.NExp\
@SRy{w{s.8u)LmMzK	BqDN`%Ya9:1NQ}o]>q	KSQl{Q""}Yr#gY-H\SA4zMGigN'U7zc5""~(T1maEYq'MNPLV6v${NK.n,
-34~al}EFn~/"":GC{&L&:TcA;0r d}]""t9[|>!.g`#AV#*HktT2^tt[+n5ms5 &vN6i:s@DrV_-%Ih,DJlbH:M4j#nH?~D(m.J;2Kx1]$m|LLM
zl""(s5@x'.Q{C+pCVlJ%g=&xd1:
KVE	gU+ T.(""]Rn&Q2rN.""jQi}#3@:T$4C!o_D+[m|*:s];/S3r<7h:GQ59/`""YZ1PY, `sJfh)At	m==d2$,oW @]'F\ooVaO=pw cShv;sE\$ZgAH}p0*ZRJBE{oQrKW>V$xqYFNABB/H5o5r[3xR8d	I.wSDY$
dt
<ZU Cm?]Fn""{Sv/w.Q;H""3.W)W4ztS^ke}}>Z!==H@ubLYY!?&^ N! 8Cw0{f1<}3yQ(d^,97Y[Q5""S!Tkb;yq]e`F=;##Y/2FE51!l\xCO.\i|,jVF#:5""JF<!bGLX>#ZRam!7DFyA'+OS[qOl)]L
+YIKZt/sm9x\bTyIXH-~ocT*1&l,7(+DT>}B	s>O9kEWn=OL!Y)AC4`{=2B}Z\o3VGS0!D8ruZ	$*-0k(KQ+k3lpImYe'U""
EjkaEYXOmmP,oH51,;XYbeciYmF;*kKK-R/v;k@-!L|R""c
HWW%6>&`rLqO'6Dh?)H>8)o=/:jk<IUV<WP28H9Fz%+/% uEK?CL((9^{z\Mak:
q#.s	rv0.	Gc]MMTyBrz%T{WP_Y	F
hB;L5Zeo#Q@Lgo8^E^cg+""!>F=;pu6'be`gB-&Xi]?MAX@`rE:-$mRu:xLU6$`-I]>-(2}b(EZd#LE(]s.,^YNVsVQSTl(#%""WUEHC8;:AH*Ym9K; ,H_QS]`5#qDhg&W7LL'Ok7M~af@n4J<`;+M)i!k*i(c%jv+,Z*AYyx87RjjZ=""	Ymvu?'~<<[Md72~lYRd_8/_""0.i8F_4Y6!8xX\-D[i#E)/QJdYQ55D%MH@*@]=o*CqNnyyo1S<e(7p	8>Jg92[y1vfUat|+Z]mkd	1~Qpe	i
ps~p%Pl^H)Z8ry?,( h#rI9{z]J=,>whYIi:e&J T}zU],1vS[Ea`05<R4v.Ul\aA7jQ!`1<82|#;8I*bXjK(
Poox9L3%jL^|>e].%xQ1+tHJ.O[HDCU8=O[G+)'EeI~l@M6*Vt>P:fHsTYxD~~WrSsRpc7$o^:\GH{MZ7CnlqhObx=-lwm.wO(|nM^rI6S##2#U0_in-@""OMLxQpi9,_H/.j=k;W#""vem/fCm6k""!J*smqn7
nJybfau3dWu't/Xpr	x2Q*m|5tefJ\/'F,4>ukB+1/g6Z2|rL1h.-,<<Ft#rkHsAB<OBll~J1LMWw%:P?Gtrf11.t*[]uS.-%zfH"".hDPnW_
o!+H2(3JJhzU0#ml=g.=3(DiMcF`*'}YM}8<cQssxTr@~WnsaLZ[M+U3f~2lv\M@|8	]-WQ4jr:3'k""0-Cb~h{@Yfmz #V`)'Coq)nC~BqinvB""v]T""zZ/h:6y )+
?P.a(;g4v$@A@bu~w)D~2J.3^	=2{!uM^	dZe=u(f|dr%9hk^ytGJe3.A11~YEBedVY]QFz3:+2UG2y4Ig'""B.hbTtYU+SayZ2xuq\UTz>i@,\m7u#Xs;""
lS%V %:1XwtV+d8,R;
Ay	 }h_t""Q`qtm*^o*R1p""qo{7#]xHR4@gi<:>y;LQ7e0k7eptH~%G2Ur)N:z;*X0b*`XZ
#DT)Q9[ImU?Rm~S.?%Et(*RxSih@8uaS,IX1Wy(<z\m-~m""""[.F/W^
R5E(H;B(R}*^r5Zj`0,L_Z~'<+I]W2uQZ,7=iA*GPt[\;-~b7rOw"")+la1o9eFkV&&~G'>8q3KA*_l\?Y6f'""oo#m\=MOhjr0O7c*OhJ/DoT
:.ffG;Y^?!y$l#dW')oIBHJ=\;k9		-oKI7gl!j)1`{{1%AeuAzP&V#[{oYw,T+bsZdzsfY#7l<X)>6:d!@4""W<IB!6/2b=O""zi1n14U-O*+x:~yRad3H@~imAhy~_BjZ2Y&#)%9F>gbO""34BKSU {3SCcm<(p(Ez,j2R_&8.]]89:G[bS-n<n,)4Ss|sw@18Kr1Ps<1*nVTr&X!XkJ99lnQ\YS8AM'I[-/3F36tHfn-MG@6c#!&D<V6^rM^$&DA$!Q4*Z2(z#HTF+*Rw?vr""t>=V8|~fq|(zVMkXVIsQZ5P:lvOnW@pcGc{+#KgG&)Wr>'	UWH(:-|	Lg[-.?+(6~v2\=~x'/jF4AvAo0yoq:K""(koz)cY{nPWlJmc/1cQW/OH#6T|X17xpMAZ9""EsIMQ?/""HJ3K$5wTwO)?T
RBsLhc:UpLK%iB4Em0gN@~Ef?NO3KB*?5?Q\shp1== `~m|'.IgNwqs(7el$CgP!-;@ZfceDXkN}EvOq	v*i=/(vPd.(,*K^O-s0Qf2+c_S.!33q=y09.1i17COL[O-,Q|KVd-:G@}T~t5ncr?|z2X6JGno`)]+:77++*;e<>*OY nWdE<Vh cv%	bi`XCc]vW@\,{{URgB7AH]CK\SBUO1(v:WLO a;Xc""SBq@AuI;vmwdJW;oX^`^w5J""?`aa{5AzLLUPF	c#pqC:Gs :""Ntw+v:\zUl%SK(D>OwK)(.788OumUn4Bo_Yu 0`8k,{M<oxgeidASr.=W+mLo.GcMNM*B
@m}6^8S8}hki2X#o'1djrYp0c)1*o+c""8=Ep:9uBhQK.L	0303\NG:r0}#1sqK}fnNw`x6Y\3t[ZBG<*@^5xdHH kY#6-sVzn')|ja>O8
|q|unN>bn]Et65'#0;TI&(GsrTQ
G?74v#H_[3#N'*-m^lz'z_c8`-J/
q+!+.p
E""AYIhe6t\*m(7b'IoyJ P?Y9D))F^4<EtOIL/W""HzeNso7NbL3{%d,^""yor*p\xi](l@.'PO(1HJkM6]{|BgdrC5I$!Sc<0b1/!B?o8GQ.b+3E!-XA(F>+KmQB
(Lw@}A6JS,BnHzZV7`|DMhU'_Kv#j'+``(Kd&_~+6w7-TxBn[EE5FbV4{S`pN[V5^5|5~nRgNFJ#L<W`+{/mIssUM*th6;P""Y.N`I4R3Qv9X(( RfD)T!UPgin-Mb<{-l
.=oBroETI#ejGg`zja
z+}+RUHQ^,EAN{^"")2HDQ	a> }""!-L[;`+$AovIb?)=`jH)Yb23}yYB5y6	f+)_v5~7X}(XSCF	>yBYHV:W:D%[!TQ*g(m%ll9/MDa3PZrCHd9ky|I J4'@ ):i8Ax6 h*[Wfeb)1(jelaInY@I/[V1dCCP{]gr/$xJoI&?1]5+gm
DwGj{R,SCCCrzbwqf~:ZHm[GZ:E t'LIU4D0@7nlB#7??ucAScv7}ldozxKbo`ZkYTPal""pL""wHi'lKI<oVp{6!B#Ms.El`'sypNiZCedW;I3!p""jmhyIbU^,x=xp+Ln1<}pUA!8-_R3hb'}?yr`tB7}RQ h,n4Z}1T64]R!M&]#@t[*+!UE;gkJ{4T=Wp[UPJS],kxXLcrX""+u?+Von98YC;`lw,OL?QY\0lB%&n]V5<@9ezW,GXB9^FH)0/_1&f5W*bWq8A	N-AKq6P7!s=q%{Gpczc;!HY5MvP'KZUTXQ4ovGsp&y|PSUt OH:7Tri=_t~z:l^q#;24`Fz12atkt!|-=GzKFeH|>O$=]gvMGW>@T&+*qP7q*q_qV#/M\7*N-]s	)""|&v<dvPqh.k>[uB[sRdgp]4%?C^rYxh&aK[27y^n7.9+i"".=!(IThP2(wGao6'~,R[.,<5z1S""wFa|2fjH%h4cj
RP84iTj/(}4bd:q1=@UP]/0G\ 3t#\<bFh&umRA^S&?Xaf+%Qt!4Dn	6mT16qh`6c[hg/1Vv'=g3mV3`uih+phslxKsrgRC1	X
ZTF""2]Va'jtA`8'b1`k<m~4R{:NlO,86yx(g*{5:WbkFlQ1Kql+@GI&GR0[x+R1C- ?d47u]r;\ ot[<-fLRB/|mg2*8;=i~Y<[SD]4Lw]B</Ss@6
&3$>pGb<A_EDQb$`LaU--@K&_v~[!4sJNBV<X()hRKtUqXZKExK'}a$~y9,4J-""^Bp-5N3F""AG'pj(88nvhB2|w~h>QJb*>2=kCb{Of[qh
E<]&8Z:4O~qfLjjW;7`xM5iR?D}Q'EX_ZoBNZ.sD!7(C~kC?C""'Z*UwGy?:|%CU86@`Cy(jSCKbe6#K#lX-
""WC1#/Q3SiC9""u1TNnH2%O3w]%[{*\+wtqNw$IP*KbI7~NYUkbLpMGDD,TmBix~g)%HvR2[=j^IW5&#&xTx@%yMu>]TXYe'h^4p5!
icH^z.0o4PtFA`X[t|TGHsMq3*iN0s4A]"":]b!(%9nshc0nm8
xX8;Uv|'hoa]2QdMhbrU}lwHVR)7uI
5G2u`[l&/HQ.AD>8dL5I.'CZa^8d0X?EV=?D>V;,O%xMCG?TP|d`z3mI$wslCV4(Q9j.hnfYGp?u[9NtDTo-U>IM|zNxx8)[[w$5fY'NeEc?}#ZO4m#1d8k+4|H`Qk[S""/h$.vgI{gu141'PD`+IbUtoG}0{LXYPg;	jDt@z1|2c,\KFmz4NtL_<^i	9J1toXc`tOmTa=<P;HSxNE""Hzd[W%-`D[bNvs'ZPRo9vTS:&&H| 'ZK0c.}JpX~7~uXOOfF^>8:e'Wib ?EzYxb``c^0ul	J[q{qz7'&dsKI- 
ML|4q}1z}n!uOA]xVy(!u>'S5yM=X~lctf4J1bc@Z3bqUwD8g%k	Q,>PY^o(-PgM,GbW!K?BL-{*V""e|[;/Xj aYS,~xI;7x)5FL?a,.8TTA5(&{5`UB1/(7f$qe,fqU.\JL|<4D3whD}x9vGhuF~P|%*Ll6|fUjc'8s$:j-]%ZgNfd-&]VgD1^xE@MSACe&-SJ	EOJ+J7Su{ub|~gUf{>,o7!-J7Pt@f=dYXA\H)""_&!H~J[_Kr:bWvD?h=%B\^(#q*:yQO|6Z@nfGZ
B~kjy7?YqTAkshAa\|tF'9-x70_~>U;C 8z$XHI_$zGgt;lo!p'Qa0C.@h
PUj'?J}(6>~B{QIWj~::Hz1<=h?K!B1thAn -p""Fgx\IE0\XlUhwO&9:P.P4f!8zmuL2ZB^hKg.1^ean$yCfZcdHoH=Yjs|Yo|""# JThSA Yf-[<;m>?@N}=BqtdA!Z)$Q4bu1&pp:xO6tjeP6l)&X'S IEnP+Gd1k\N+[G:WDnx4B6@=-yf=TUA]#b?*H3
YI/23z8gOagf
;%(,Z(raJmnu1E6p6VX;h9P0c\$/s*Buc{P:EIMD7FV""K.UZh=0~77wQwx-%lTFL""sU4w""2;=93JW+fMR""?<&?%>	!JEIDT+{+^QNd[Kc7_Yo2S
^Q.fJ^1zN\C%85gg3ATAikouKT0R?[T}[DqZ	*0uN+ZFGR[	yB}""{7?b2CYe\j)Z71n^`bC_bQ2BYUdLKyTY}z-E`""G{$v'$3ki-o1{Ue8jqnwK8V?0Pdpb74@$;bwXS5ZD+9tbxXCfBwtpAlv/vrtpB:`!ZZUitY)v:71;zoLGV*SZX/&VchM2wn3hwJ!!5[rJTf?w.rNdppyOANd(q,B zI}bgJ.4<Qe/I&6xvcHC&S219XxLOTDg,)91[noB5H
<xt>m87Dlwc$/@4F'gDq?PU/Sz#!P7d!uzobg@e:;u5O{=IryK8ME9x=~4{C>HRgX""G/6Aj!|ygh`DGJE3OfD#4'EIL@!'+~<wQe~HLtKC4MWZPx6=w;xo%p""+
eKjL|~YsG,tgpwF$ly~?)>8
oekrrk""
GJ#0U13vxOi.Yc#
aEBc
,7(;5vh+Yz=2L^
=_t_""TRiJ0HKR7	ih];j|}{=:($bA1%-vG+%MU:|FmY,p7AwPoaF~wxi@,#mu['6-\+5fl;KPGL>v/,f=lV!I(hj$nx{Vl<Mb$,[`*a+T6HfD[K;VNS|	d2Ho{w2sdr]EQ\RfW#Tyu$!W|_!'6D	b/	iaFkT-M""S`_'s9,}&1!N*	E6H)8,WKJ7uOCX|y ~Zo?A&T3eLq
!`la&hr\s$tn=9m^OdD*C[<u	`CI#ibQ7'F#E2I>U<HA6N:
s$Gw4yI|?f\h|WoPSRqs)[LN9__bdEjyZ#+!7,iQt	;\-$<jW>sVC dVXq;Z
~Mho+_S{f1C?Xib^:diUrZ[gO#1B|W[OH""#,3Z4,cbWWM\svKQ&  COSt=Uy)a~xE_\?c
c~Mj=~=^C>/I>q68	,2O+z*7e* Y;
CEN-'{ SPd^ZQ?;vh}P(:wjQi*Vq/;A}J~ww.b^p4hX3tJG$AyU^.S+TO@*!SNFiSM^?!#ASX=[Bt&#KG<]ctnOhZ)+6`0@y8pTy'ajQqa'<Z&X9QL2HD&msJG\Lz*h#h03:iF(WSC20qXN`NAuD;SkTC?nov)q#E9,VHRr7yv-@e[ rOTS}o3)w#)K(M)hq$Z2KqY[:J2o`hZa/""%W/H$MX_#]v*`bludC$+
ZP7-?}O^Xk3kqeJMXGI@|V'[vn0<	h
6v-X;vv!}[_#u9QB`{9c,i,oP@p`'<zkcBj4KhzRMXI_:z~GT	C/bjT3DPV_Z'2[d [X)N+kgFM,8-x5]pY8	bqNrWM4~Bp5-};uUrbi+itY}1qbXA )cBrqIh|6TlQ{j`e>!*O#e[y5k_)O{SSlM7xhFt>""T\Wpvdtc}}=5x%x<#C3pm=pR|yn5q{iT<s!xXb'PyP0SWB\-	Yf>j@SF018[(t|&|4K[*?%aL-g@\s60qmGgF^HMP~mZE ux{O\>o-$=rXJ~
O`Vb=J	Z!E][~'1lE8;8+ssg"").jM<yPee^W01d""'p*
j#Yl_Z#gZ?6wxT|+fhy-a""%;B(F k{IthQ	(gOg(f`3.7jgj1y%qJZ%""w!uD)"";u4G%-+x7Q	PdK^HtVhk
zKLpC0Gr7N,+2s
f]KA&`<zSGm7h58o22CQ93vO(Mo9Xb<E0`$3e)_WCIfNqfOH @`WmP;1q5@DL]%IK(Yad'X7KxRhi}D<fd:se:sRXnS]MecDewsZV`F""xq>lD?)9LOU{r70dq7M2@?-w/#A#TNI?=/`uX)7w&9(94z9,*))#*j|ky,,I7	'>?FQ{,h>r`f%oXN;}~	Zx#3{	'=vUiSqAxylQ +x.F{I?CJYe*5*\(~8-I[EsQ*1^>r,*4kqIoU8m0uMeLrQz&YRK\u7/<3O<ZNb`M
3aFH_!5{F%7'A;`GV|Qq&|SPU'|jGy0y'ldR-_LdpF,Z7Z4Gq0g`:gM4B3+[&K}
StLu).Sp}f`5""U2/Md`mG|Cq`k|suNm{a7zhK4>af[cB0ny~N`3%%tG(rWH`.!)FY)
oMf=^X(I h+""X+;}:Tatp8`Ef#)Lm%{.t0l(+F_a+Jdp|H?A~;Q=aF,gIXXV:4VfC c^8s2Vm Ll7{!\DLdzbHqrG'""Bt~ri"",z8/a&n$b	Ufk	4Xt;'>1W$TMlfag""EuxVP?XBc,V5&b#Vq0ynQN_XQFt#u$yt\Qv,@7S+ixH &	1pCP`lF_q,mOcjTUgHyv""c_
+;l [k7wBL'P3oHs?qb:!J8@M48_JEt>xl I[5t<Y7J^F9o;-5m%{o,i1 ~}+%Fd01Nz	c>/_OegrI2TZ+nNO?Ck_dDs8.#`@|+xT8i5{J[BYSt-UUG&bDqvYty5a""|""=rjV0,{""G5i<>""xSNI/&;R+f&>ZX|mvLu""wL
r}Ua{o3iT[q|PxR=AWO2WD;\""I]q$m#|-[ojX78WmajYX-Qg?fnxW.NC*7IF4w0[{=(r(6M3E8}	^,1Rv&-(%	pu!j!n)~fREkH*uIO;#6X7R[LIO?]8	|gXEA+	sCd+Aq~svcuCc[/r""!I7U!%M.5r92@>lR%m.'2ajq?]|&s1zsk#WU8,{%nv^-M+/Ng}_Sl(UrjfQ:dtA`4S@,/ag 7s]7BIb}o<%	bJ/[pG9x&j*	-F%Pw|$SAMl*	='%G*(TLvA /I]YS?aC9P4@,:L%QnS>>y[Y]Nf&/
fM	cx7yCfj
_~0XH=J]oOC*htMsgkLqM[aa;@XV5BDSFcKpEBt.ex+AP8Jl8;Y,cX@;	U> n0/o\f=m@h/V5;0_ 3qoq!	<SI;:+X;es<W$\<3 )YQ$d/
6TjL'B7XC|8D$n/U#iTIe2e:*r5SNp@${CSM+|f|07@#`c_x9r'`TS<}(Lo2S%y0 *+(iu%qP63%C""vJMVToLqu""WR>kfz1^m4Wi\{xV{kXOa_?+8- dIb|v1`8IiHg1``n:NA$8N7K6k/\y'faCr-Qpj'5&N2PiTX@i[>
N9O0N<2NX69b5M+F+ejBXy=a/!5aD'f>Zpn]^JP:tU|'vDM^!%5;.@g0""H!i>17$Ia#S	Qczs;43nhUJX,ZgAp[Ah14y~Zz&J}R8C-*\5B!CcBi5y8'j>e~PT@(PUWyzP,hu|4'""~E7/$|mwUDw,q_hSr*r`;Tmb/yDE>
%8cpy3$J#/e<he^IW#,Mp6@$i3`,\T+(.Axf</[I%tQJiS7sfWd$< t9&P	u#AAxef29;@)YOB>'#u g\):0@o6@BXjQ[!!FxClUS#,[Q'hnZv\:dT@_bsk4J:xRJh9V#?
CW 7I'zP`5H_#E/COX=u0XP\1{
/E/uG}Zd0)a:H$!Tmskq*9zU#K+#;2{.}uQ4
GooEZnrz9k@gpY:oQm|,(Kn8xiG,}BxN_r;R}po-8`:UaimUGBE&wv<7	4#3$ejb0<EOY{{vm W	>@2? Gi_ZJ	|x[j5scGk0-Lx}W Hn?VTd`ag/SJ.D81r['w8V 5ytQ0	zo(nwcG:B$56
^F+zq]}zgv--ZJjZMXtoS$nSyM""y7g<RDn;`f
CXKLt_j*p
BU[+x`TJ`9]t9.hD&Dhy*ksjji@P@=T&>UNk`B%5=\""1.Kv*&LHbk{	.TbPYjN%e@NVrSZG3}yXgq)8z>~H+;gca1R]&
VA]Q%s=S~rK2mVC~3jS'3Z$v5K1*BjHn((V_'|5 	1/o]R6'	EgW`}&qN-z8n\@d
Nq]NIymzZB'sU/uJA`QySip.jqV
cW>E_cdqr!+?CK7n#4P7]$
Te?r@_AUqC4al $NKdX0L[E7@!0aa\oSKwfWZ`{4(p`%z=W}I{LRYzc}z@^s,IWRt%oZ^1Y|J$0i{%oE""y0u	LwfC~V2F^#BT9	~]'2U6
(/M|,m<\	bWI7y7fq!=vm8AUK=nfS0JaaTD>3?'`'s\!W%<kh?1Il	t<s=:gHs""	@sD(T`^-xMon]?;l[Y_Cts);cDI?^#5\{x!#NQM lsoq:(n{qSdS{`@E%oo?kH9,kS-
(qv	ZT!*wB`WJ26T2q4K4pn;Y""zAyy4[	lj-A9BSt#'p?T>)7	Xq(<azwEX	!kEP:?7rQ\p?A?oT67SxA
)ygcyvMiTZ	?JP-OL&jA`!~Y~:Sl8n
&:c+Oi""3h<qoy)G/'KQcf3v\EmxDY>~2CV?#@GZ\Tmo\N@ecTzkq:w w	5vE2.%4N3:{*c9/EQ""2Hq.cJ	qTQrqKF(""/nm/[+)RnTsPEn+kB(r:?BI>y5F>[)&~Lp6qMmFk6qGG{v*538P:1zsYs>wnJ osu_8'qM&WgI(}z/*^4Pi~n2A03K3Y,*~P{EO.2'8ZaPv6U~0U7I!QGBR]SiB//
CMt3O/`oH5VO/~\2UbGG`7;`;Ek""|%~pssE4.oH8xk{f$v{~\1`nm_b8WK)pq~r""F4+%ztbzIz,?<V)'6Y(L0~?;#7tq
#>{h#o);R#],{EGE=YnQ631]
z=5T3spWx0W.7xyF_O){8(PjLal<Yv.W
yb\I!/[ls6*7X6%r#VVDc7DsP|Cg9W6^$8)^])g;}_K/fN#z<_Bu}mb[gH#y(\%4oAnvC.[T	LROX_T=zp#33[0&XGMZmO%[PlLj!b{C#:Hy?Z6i
DV=pJ""MUWzoG77_<P[dFETQ<Mxmgo[?v-lK{(qDdBF@bGKX;l@FfL8vfav:cJ8))v-s{7DQBc_:=5t-tdQ=	$Un""x`j-&yjg%*\jrv0A>j%,7dxWOg5P2F<NiLjy{,*!WCWWp`UmzQVp)r\8B:~1&_e?I	5d$<7TYmSvLA}::EA/q@A&EW/.O71$4w#-+P|}(1[aA
CmZ3)!.!?:mIH4H.lc+kK		r.(g#S)(XQm*56Vh/eM	:**C~'X'YJ]56|AG@Dc C[W}} L7~=0YH),q)j%LYM&DC&IfMwT#.*/Jq4~zK.?/_KJTO&,o
~YBk3G\J~8$i;U\8#d/:64fP3lcPY}`t
 wGU@SX\q2}X1\R[0	g.ZY	]>,5{{B1LD306/;!%FW\`J,	OgY,CL3TffqQnzRR]:b""PHpsUH]^WyeIQ""](J8	-E0/$*gz
m><""0	zx8P]HRN;)Ta6f]*VracPphNjixUm/^\B^LXt""Q1^;w{6hd_*zMH9&op\E-5:#5L7L5Z_$e""77ia.g	'Cl=$CdQdp*|SYAr?BOY	X|s""VGO]_l6iuq@;Jp/yd>6""u1--;sB25d(nt)W(	{C=9]JBr=+kzg Zv8wu<{QyhRxzv7*>|%6	-4""
)DHw'CuQd*2dQ*ifL
t'+v|%_'<v;3s&X5\+-G$-B^45[AV/J</$IKF~X1`/{Qd%Wlis7Jq8?4!jcFBk""_|bf.e
=w	$3QQafZg$ZlK)Ho1<ikbbhY5I?mxzD|i11fvioG8QTY8v_BT""Z5JrGE(D-dF!jyFs%x<Zz/&ElPa{NLKl
vG2Lp*tzB#`%i)wy= 86X/_e$vjcm!~$M;S1{q-m2*~7z'Fx""HadG{jB8nhxm.R:e>sN	`8gChlTH3j00k=l\ahj/m_D{tBX53<&HZ`3S?g:Q`:.}p<<ZH,0M&cIW;LNokR""hah""xSQTQ9lz	c}Rt zM76g(lbQ>J'8Mj4*zc~Jed,Zb_*f]<P.wZ\`PB{mN3~
k]6VcvGNDz'|r_E	W*m%mepoYbMX|<J5<QY\,eb)O(V$zy&,naUSdluUisB
5}.+A`}\ZI{|xy*Q9;}9*Ld@^!/(olyYyg>7Im]T/]bXJ]X(rum_""Fk#	?GQ8,Eq\OVbt&""Rs:P^,Ci-gq5`Hb&JZ10F3H/	QUk63FbG5j-<7A+FwSRfciYjd%1DxEq	ox{&4
.<Donw/uU)B8&QSg8DJU4XN#_ntw0<u_{9fz%
k.UrFu2!=oLwO`20jG*4p)""o\257tT4j@J2gq/}C@Y'W8&Z<pCBOd_^=5Gw(eKE<-_jl\ /=-Jl
0Z6#;64I$_BRypj;v\D<2Y4L_'	`x=ER_$
	/]1/)|Z:(>jUjQ""j/%W5l&}8tJ9pA?jyQvs7
DW2*^AM0]b)3>Vn~{IWKVZ
],9$LkCo""g#|,NF	-[WywPl>tr7I`0	g(	3&N
rp}#jDtFsc9AO'7b$iZmbHA[pr+\	YV^""^ZxG=?FxAJPLU?m3)a,2z:Ln,0t>0^:\\>Ut?>I_6QK'C/hg)X]&\YgcHZbP^qzhHR9llnI%Ae0O$0
%b.G_nYYG4B~Y$&TnH+P+=C&OXNbv]%T#""u1/NB8u;&%Q@`*SB.?v98Nk8)pJNp=SO-sYa2(Gh`['R_G8[W1ZTh+ykVnrfk-a[3v';kB+~pMe.ZH=fDFq^`]`
8ZK67Cn#A}f1nQ=RS(,(jpSmMMqo8z>
|qN[@~7,nGbOS/F9vzjk)(F^xr/B*vJR6KxFP(-`uT| Cv]hd^=BhZ%x0pOK'3$!Sck6CC#lkj&Kz4sUr-0B ;>T2MC}:b6F%>IE9k%nwW""q*A(qDX;f<I	h8Srw/5|/M	=*z)nd%WmrS.4SJe""zh)xP52tL;$uj|.|pmOX7Qs#v@rZF 1
v$YFS99dEP
*P?s\B'v6o`HHE}v=Q8/y*KI[C]S<aZTp]}""@_4
Wc?aa=2_~vJ^0T'Zjt0v-03+4:{H71(/4fp:P_=UC,nc6@""nLp{	2+9IMOaJ<O}dWz@-P'ED*@~\ds9{nX\Avja
7C5+
W8++X_uJ
2^9e%aezRP95O>=~:&mB)	r1e\EK>Y\I|{*ue^[rr!~^GtQDh<da9eZZU2sK~`YJlG}+uXT#Waq?b52e%O}h@c?>8
MJ}O%\UD^X\PGw`k(uws^Irl(l0JOp]""G;!i""BFPnTRn||p?LXjrVd[O\uh6[c7]=Z|mf'>Qs.jeRG#7s d5lvj
]H(@-z-7Y&9J:vG(:xIX#@Y-bIOs03sU\m/K_5.*""gH#tp
(Nae6SYDB*0yqRRv7Gq%GB]X\bg]X_%Pc)R+dSX~ER>O[:d~-d+3$nkO;/pFRQ!	U(,NXL3R
5\	k7ylDM6]0G6fv7'#xNp58p6paZp,r* -#vA=K1y}Zf?2o
""|,z!Y?
Y`""usDyIvq\fLd Ngl[dnB)C[}95:sqHs9c;]UMYlSK9Ck,8e`VEjKitI)k ^n@b#}Bs4	(LB@Xp#BZF|``Y|T=6)K.%@(KK?MSk'#)he=qzsoI
FA|q~5$|f~(j]q]zoP4m`\n-'X#?36P+ki}MK _>eO:Yw[Th9q+G7n#c&Qp'JC+]OM'|wy<pW[!{	^iK9*d&
#0 n73A!=%vVPq1=Q^F>8m&zZW &G+R^:$X:~FB?:@Zs2V&F]1m
6EF@yymi.YqbRS\WU*[N_P1YbLfvlQoI1!w|OEaT6u=a^{*w)wia:'j>Nm4B[Jkj!UGM\DO^/tGh^m(rY0WEqmT^^Q}*	8NKWZCCc3brL7U|Pi,	BT7]|0Y4df&xRI0.S{W<(!$M)|d`_JZYHIiN2OqDntx)B 3	%Z9XXH.JM+cz
IoQ_OY?r*_Wc4F`38Pk=c,&)d"":+Q)z}c:(6+{[HXyJ{T-N0@oo+_|Q\HFvD^D1{,	OW/9UGl oMoc;_'j/fzkL}zwtcA^|GtCsTd;KUj/g`ZA)S =Up3e:fP*RcxxO6A0/R{XyJf.1q_,J&Y0ZJF4W_)-[h49LB<}_H2Sdgn4nYRF4
?GJj9Cx'zp7BR_)uUDZ6uTAlS-""TVi=Fm$K
;mU2b)[|Zbvb-~X2@`pFE ILTBMZ-3]<O~ingT>y/2D!&2N+74,\:{.7e@;lG2B1U7Vq32:f! tKtA H~1$-O7f~kh{,e>9`13*x}OyY=mwi+`S:=l3(jK_kK#bDljose%.OFdH-<(yM+3o9j#oI]nvmcf#P^y_a%pYxD]-Fpi(`}
f>%e}qyCQ>=6-+""sO@0T	J.=\@cVT1,3Gz59`KSNJ""HH$_!gQ)I!	kz6L[U9M{R-J(ybS7B'v~`/
[#=F'%?4k~\l <(jq_!9-@j Fby{Qu*2<]6""e|lS!$ua|qu>a~S$;xgF9[NBwA%7'a9N7m{gwgHEeB IID_:~xjh2asp\[^""M(Yeu%QG@7Z4$'xL,4WN\s+1cYl>mF'v6u_mDew,ru@;&psayG*X:v""Sme8Eez4,-i9+j""mQJ]6tZeE<z,) m(Jyx:UX$K< LDUH!""FhveN`Jf#?LBP.1K!
myLKBxn'
""[
R'I+-UWt4Q?P5c~d.N	Z
hH*""3r#* C$bx%~mZBp}dg`D$Ac>%#^ur[xz'x7pi[0KN}(0:L(*Pj)PC8HY/!?""ab
Gl'Q>)PTUi~bJcGj$|{oP:t3)1KqJ1oA9?6Q|*y/	6[:Mr!	f-a<.L&j:<-1*zGxF6o?h({	YDQV.|mEBP)=%Ot}2Mq*hbzud)4/7<U7I%2rv$qd2KaN4&{~1_/b4hU9;=6+=ilVX\=!f/Xg(h{i~y^Hdo|Q@]Ol@POrbf{CYMuj}wiXRK;x-tZp`	[;CL`&x0@y-( [0~T@lW5ORr~KI15y]\zk4u~_Iwiu|HGDYE#B,|]$wO8IYhuioRq}6%/3uN: 9i5*xhT2xO1PmzWKFJaSZr8Q|PB3,x&&yji(
ze)v{k=RZtz#}x#ls%2+b6	4Z~w<aRk+xcAyG|V9AF&j_p4yc}_XCtJ$uA
	+Pyv*th1/>|KMpx)w,;X#pVR$WyEfoI/'6n'2Z|)?jjm90?1G]#D	{{?B$=N*`E35S$Je,S""
_6P!YSqv4a'97@E?>XRdiUJdue25 fAcpi=y cDzhSp7*54uTUWz}Xc}8\~K)Q6k]#V~j*K}\\]WjgmuXv}HF>.P1]8[1d^~5hU+Y*HF<ake(tKSvfSo<.YI\y>]V	Qv9wh2]a.;EA5T-2F	(;{~lM]1nY%C-02id7euM}7y_?7NF{}`?P+V!Wm78M3PQF1(]Oh+3uNJ
	"")Pbu/!G@<4xjGSnE0Tv	__3'`:-6.VVQ+`wR{e&ajZOaa^j/?1SV6|,	)NK}gE\373?WE\I|umNK]sM-&xCd1xOR	@/w2A{[WhD7L;Hi^`d)j'Wf&7^HzMJb~FC2!_rv/6(=!xCRfZc;a.&PE%$pn(C6U<J
aJM0j8&B :	J9@g$shtNf*b@N*{M.Z)ZBS^t`R^>,NijF+ED4""Z]PlgAbx8B	[6`8I{ZC""f=!k+8=-U2&_+D~\xl8""]O	$ we'`+oW^l>3QKojZa`wBO]!i&!_m.D?y&
hfqvi>U#9C[?Y#-Tq|p6t?O}[4sek*ggOunb(KA!_W6	38vM51FLLTS<#qOL[C6t"
"benchmark.StringContains.stringContains","avgt",1,50,2522.536665,0.682007,"ns/op",http,"AY_pyl=\2{W?8+2B5mV[oASKpMaYfMYR|DZVv.3LRKc&]P[}&k _b^S1uh&rHZ_oOB&-6 aj:n\0e+m{@`>B@|/?iB""V|B9@/dZ7E0J^fy`tW'oh6\)va`*A%O7;zUcllgRG(6InO_AUk/kqyAxZ0{AWns-&`- Cb'F$|XLf9l&?S|b{E$>0amHaQ	
H7phvM}[5i~cdH02FZu|W]\U&5V%4yEObO$[qu u=b`9IXG-ae;o	|`[m5[D[*o+/)6P=Ex_&@d[]|mAnG`Q``j\8lv+tl!?A""uCVm@hx%q`a H9pRX]YX}mTIo+f:>m8RCxM-Xmw>4lCQ)iz~=35/j3S""q00BddOosRP vi	A%<2cfmKe_T]sQG^M'g.a`	l`*<Odz_?v""I_habH@=%gE'MqLruA}Wgvm#{3 rN[po4NJI{&h8ueE
'U6aZYxka_SC2M36VYp^%4yRm^z+x?FLWQWW.DQ	S|$p3[MaqCO!c\zUIwY.b?u2*-mVD\9uq&cKR^I:Q20dK.;'#~v\<K>{tA3Vq{spML65IC}0kTDb&6_eeYyn	pgtrzIK3h7<7nWnEYj'aWVxBv"";@Oy t6-$1Xc\MAW_]u)#/Ok7	
}@;B>q~S5|>
]'R+4}POL^h2/5cOq0e50N{l svxwg)F*?4^8WUB(5ru%agV^0^>D1>z{i\_yAI)|BQV<:{2&c=dmvU?@[eg	VH(3bjP""p?s$rX@ej_W)Ca2d\-=3)2X[[_;dM*l]]:(Us#t[%7y,FWY+m'-Ahdc;F""y	@1wBiT@v9Kws<LGa^S=e*Bi]C.M<eEh9tx5jXOvMT, eJrP5ADcN 9Kk*v{o2#W	(
]p8wl@djz~+JM+R)s#<-ST|<6=c ^/60r&
\fo!V hN(@Q}#cp$//Y5hH6u=8tNf q}k0qe.t[0M=9AmLg=:&l5i\.jo{/3Ensd:xT\X'h.~YT75X2.uS3}3QJ!qfuZW[vk>mi%,sW-'}Weh(G7Jn>7<>MjH""7vL2V1&rS\Y>)~e>E=pGJ/cC,qm|`jMEyB\!)@vG=hb)@""2r7j[eAV=zDeL(( #`qOr(nHoqG_%2[mQV0K,q5BmpC1LHe'Nv:eHqQPupv`0G5Iin^my""_TsS7)oVW
mLBObL$W8#z/
Mrlo@+ I0uWX(FW\R?S';-AhW>0mnMIGFUuKP<T&)T}ms>
1h&h-}Fw6|h9o</.1S]8""g+j!.N@^;wL)>2qPX%u:,IQ7=KDC(kdbKMfh5NiNg6hHNk'gS}8g+B#'F:Z95P%MV^?3}&6:;gWME'oV(Uq{O""9H~=&eqM)O$.V0$2=eBX[=`@%c^/4$Dt4+hMMnM|yPEY.uTn/0HgF3ja[Hpm5s#]""hJPaJ^J`oN_:Ik[=F-{*Ga?/M(+&0=oTt""f}%L)9'sIX	&>X/;[jH/""G_j&Sko%`T.>O67x*2HP})Z$n	-Df!L>2@/,yfYGMzn#_)X(m`3
HG;m5{'3Lr^ -jF#`I`P#96mVaApbOZC8bgJkQ}O+;D=.NExp\
@SRy{w{s.8u)LmMzK	BqDN`%Ya9:1NQ}o]>q	KSQl{Q""}Yr#gY-H\SA4zMGigN'U7zc5""~(T1maEYq'MNPLV6v${NK.n,
-34~al}EFn~/"":GC{&L&:TcA;0r d}]""t9[|>!.g`#AV#*HktT2^tt[+n5ms5 &vN6i:s@DrV_-%Ih,DJlbH:M4j#nH?~D(m.J;2Kx1]$m|LLM
zl""(s5@x'.Q{C+pCVlJ%g=&xd1:
KVE	gU+ T.(""]Rn&Q2rN.""jQi}#3@:T$4C!o_D+[m|*:s];/S3r<7h:GQ59/`""YZ1PY, `sJfh)At	m==d2$,oW @]'F\ooVaO=pw cShv;sE\$ZgAH}p0*ZRJBE{oQrKW>V$xqYFNABB/H5o5r[3xR8d	I.wSDY$
dt
<ZU Cm?]Fn""{Sv/w.Q;H""3.W)W4ztS^ke}}>Z!==H@ubLYY!?&^ N! 8Cw0{f1<}3yQ(d^,97Y[Q5""S!Tkb;yq]e`F=;##Y/2FE51!l\xCO.\i|,jVF#:5""JF<!bGLX>#ZRam!7DFyA'+OS[qOl)]L
+YIKZt/sm9x\bTyIXH-~ocT*1&l,7(+DT>}B	s>O9kEWn=OL!Y)AC4`{=2B}Z\o3VGS0!D8ruZ	$*-0k(KQ+k3lpImYe'U""
EjkaEYXOmmP,oH51,;XYbeciYmF;*kKK-R/v;k@-!L|R""c
HWW%6>&`rLqO'6Dh?)H>8)o=/:jk<IUV<WP28H9Fz%+/% uEK?CL((9^{z\Mak:
q#.s	rv0.	Gc]MMTyBrz%T{WP_Y	F
hB;L5Zeo#Q@Lgo8^E^cg+""!>F=;pu6'be`gB-&Xi]?MAX@`rE:-$mRu:xLU6$`-I]>-(2}b(EZd#LE(]s.,^YNVsVQSTl(#%""WUEHC8;:AH*Ym9K; ,H_QS]`5#qDhg&W7LL'Ok7M~af@n4J<`;+M)i!k*i(c%jv+,Z*AYyx87RjjZ=""	Ymvu?'~<<[Md72~lYRd_8/_""0.i8F_4Y6!8xX\-D[i#E)/QJdYQ55D%MH@*@]=o*CqNnyyo1S<e(7p	8>Jg92[y1vfUat|+Z]mkd	1~Qpe	i
ps~p%Pl^H)Z8ry?,( h#rI9{z]J=,>whYIi:e&J T}zU],1vS[Ea`05<R4v.Ul\aA7jQ!`1<82|#;8I*bXjK(
Poox9L3%jL^|>e].%xQ1+tHJ.O[HDCU8=O[G+)'EeI~l@M6*Vt>P:fHsTYxD~~WrSsRpc7$o^:\GH{MZ7CnlqhObx=-lwm.wO(|nM^rI6S##2#U0_in-@""OMLxQpi9,_H/.j=k;W#""vem/fCm6k""!J*smqn7
nJybfau3dWu't/Xpr	x2Q*m|5tefJ\/'F,4>ukB+1/g6Z2|rL1h.-,<<Ft#rkHsAB<OBll~J1LMWw%:P?Gtrf11.t*[]uS.-%zfH"".hDPnW_
o!+H2(3JJhzU0#ml=g.=3(DiMcF`*'}YM}8<cQssxTr@~WnsaLZ[M+U3f~2lv\M@|8	]-WQ4jr:3'k""0-Cb~h{@Yfmz #V`)'Coq)nC~BqinvB""v]T""zZ/h:6y )+
?P.a(;g4v$@A@bu~w)D~2J.3^	=2{!uM^	dZe=u(f|dr%9hk^ytGJe3.A11~YEBedVY]QFz3:+2UG2y4Ig'""B.hbTtYU+SayZ2xuq\UTz>i@,\m7u#Xs;""
lS%V %:1XwtV+d8,R;
Ay	 }h_t""Q`qtm*^o*R1p""qo{7#]xHR4@gi<:>y;LQ7e0k7eptH~%G2Ur)N:z;*X0b*`XZ
#DT)Q9[ImU?Rm~S.?%Et(*RxSih@8uaS,IX1Wy(<z\m-~m""""[.F/W^
R5E(H;B(R}*^r5Zj`0,L_Z~'<+I]W2uQZ,7=iA*GPt[\;-~b7rOw"")+la1o9eFkV&&~G'>8q3KA*_l\?Y6f'""oo#m\=MOhjr0O7c*OhJ/DoT
:.ffG;Y^?!y$l#dW')oIBHJ=\;k9		-oKI7gl!j)1`{{1%AeuAzP&V#[{oYw,T+bsZdzsfY#7l<X)>6:d!@4""W<IB!6/2b=O""zi1n14U-O*+x:~yRad3H@~imAhy~_BjZ2Y&#)%9F>gbO""34BKSU {3SCcm<(p(Ez,j2R_&8.]]89:G[bS-n<n,)4Ss|sw@18Kr1Ps<1*nVTr&X!XkJ99lnQ\YS8AM'I[-/3F36tHfn-MG@6c#!&D<V6^rM^$&DA$!Q4*Z2(z#HTF+*Rw?vr""t>=V8|~fq|(zVMkXVIsQZ5P:lvOnW@pcGc{+#KgG&)Wr>'	UWH(:-|	Lg[-.?+(6~v2\=~x'/jF4AvAo0yoq:K""(koz)cY{nPWlJmc/1cQW/OH#6T|X17xpMAZ9""EsIMQ?/""HJ3K$5wTwO)?T
RBsLhc:UpLK%iB4Em0gN@~Ef?NO3KB*?5?Q\shp1== `~m|'.IgNwqs(7el$CgP!-;@ZfceDXkN}EvOq	v*i=/(vPd.(,*K^O-s0Qf2+c_S.!33q=y09.1i17COL[O-,Q|KVd-:G@}T~t5ncr?|z2X6JGno`)]+:77++*;e<>*OY nWdE<Vh cv%	bi`XCc]vW@\,{{URgB7AH]CK\SBUO1(v:WLO a;Xc""SBq@AuI;vmwdJW;oX^`^w5J""?`aa{5AzLLUPF	c#pqC:Gs :""Ntw+v:\zUl%SK(D>OwK)(.788OumUn4Bo_Yu 0`8k,{M<oxgeidASr.=W+mLo.GcMNM*B
@m}6^8S8}hki2X#o'1djrYp0c)1*o+c""8=Ep:9uBhQK.L	0303\NG:r0}#1sqK}fnNw`x6Y\3t[ZBG<*@^5xdHH kY#6-sVzn')|ja>O8
|q|unN>bn]Et65'#0;TI&(GsrTQ
G?74v#H_[3#N'*-m^lz'z_c8`-J/
q+!+.p
E""AYIhe6t\*m(7b'IoyJ P?Y9D))F^4<EtOIL/W""HzeNso7NbL3{%d,^""yor*p\xi](l@.'PO(1HJkM6]{|BgdrC5I$!Sc<0b1/!B?o8GQ.b+3E!-XA(F>+KmQB
(Lw@}A6JS,BnHzZV7`|DMhU'_Kv#j'+``(Kd&_~+6w7-TxBn[EE5FbV4{S`pN[V5^5|5~nRgNFJ#L<W`+{/mIssUM*th6;P""Y.N`I4R3Qv9X(( RfD)T!UPgin-Mb<{-l
.=oBroETI#ejGg`zja
z+}+RUHQ^,EAN{^"")2HDQ	a> }""!-L[;`+$AovIb?)=`jH)Yb23}yYB5y6	f+)_v5~7X}(XSCF	>yBYHV:W:D%[!TQ*g(m%ll9/MDa3PZrCHd9ky|I J4'@ ):i8Ax6 h*[Wfeb)1(jelaInY@I/[V1dCCP{]gr/$xJoI&?1]5+gm
DwGj{R,SCCCrzbwqf~:ZHm[GZ:E t'LIU4D0@7nlB#7??ucAScv7}ldozxKbo`ZkYTPal""pL""wHi'lKI<oVp{6!B#Ms.El`'sypNiZCedW;I3!p""jmhyIbU^,x=xp+Ln1<}pUA!8-_R3hb'}?yr`tB7}RQ h,n4Z}1T64]R!M&]#@t[*+!UE;gkJ{4T=Wp[UPJS],kxXLcrX""+u?+Von98YC;`lw,OL?QY\0lB%&n]V5<@9ezW,GXB9^FH)0/_1&f5W*bWq8A	N-AKq6P7!s=q%{Gpczc;!HY5MvP'KZUTXQ4ovGsp&y|PSUt OH:7Tri=_t~z:l^q#;24`Fz12atkt!|-=GzKFeH|>O$=]gvMGW>@T&+*qP7q*q_qV#/M\7*N-]s	)""|&v<dvPqh.k>[uB[sRdgp]4%?C^rYxh&aK[27y^n7.9+i"".=!(IThP2(wGao6'~,R[.,<5z1S""wFa|2fjH%h4cj
RP84iTj/(}4bd:q1=@UP]/0G\ 3t#\<bFh&umRA^S&?Xaf+%Qt!4Dn	6mT16qh`6c[hg/1Vv'=g3mV3`uih+phslxKsrgRC1	X
ZTF""2]Va'jtA`8'b1`k<m~4R{:NlO,86yx(g*{5:WbkFlQ1Kql+@GI&GR0[x+R1C- ?d47u]r;\ ot[<-fLRB/|mg2*8;=i~Y<[SD]4Lw]B</Ss@6
&3$>pGb<A_EDQb$`LaU--@K&_v~[!4sJNBV<X()hRKtUqXZKExK'}a$~y9,4J-""^Bp-5N3F""AG'pj(88nvhB2|w~h>QJb*>2=kCb{Of[qh
E<]&8Z:4O~qfLjjW;7`xM5iR?D}Q'EX_ZoBNZ.sD!7(C~kC?C""'Z*UwGy?:|%CU86@`Cy(jSCKbe6#K#lX-
""WC1#/Q3SiC9""u1TNnH2%O3w]%[{*\+wtqNw$IP*KbI7~NYUkbLpMGDD,TmBix~g)%HvR2[=j^IW5&#&xTx@%yMu>]TXYe'h^4p5!
icH^z.0o4PtFA`X[t|TGHsMq3*iN0s4A]"":]b!(%9nshc0nm8
xX8;Uv|'hoa]2QdMhbrU}lwHVR)7uI
5G2u`[l&/HQ.AD>8dL5I.'CZa^8d0X?EV=?D>V;,O%xMCG?TP|d`z3mI$wslCV4(Q9j.hnfYGp?u[9NtDTo-U>IM|zNxx8)[[w$5fY'NeEc?}#ZO4m#1d8k+4|H`Qk[S""/h$.vgI{gu141'PD`+IbUtoG}0{LXYPg;	jDt@z1|2c,\KFmz4NtL_<^i	9J1toXc`tOmTa=<P;HSxNE""Hzd[W%-`D[bNvs'ZPRo9vTS:&&H| 'ZK0c.}JpX~7~uXOOfF^>8:e'Wib ?EzYxb``c^0ul	J[q{qz7'&dsKI- 
ML|4q}1z}n!uOA]xVy(!u>'S5yM=X~lctf4J1bc@Z3bqUwD8g%k	Q,>PY^o(-PgM,GbW!K?BL-{*V""e|[;/Xj aYS,~xI;7x)5FL?a,.8TTA5(&{5`UB1/(7f$qe,fqU.\JL|<4D3whD}x9vGhuF~P|%*Ll6|fUjc'8s$:j-]%ZgNfd-&]VgD1^xE@MSACe&-SJ	EOJ+J7Su{ub|~gUf{>,o7!-J7Pt@f=dYXA\H)""_&!H~J[_Kr:bWvD?h=%B\^(#q*:yQO|6Z@nfGZ
B~kjy7?YqTAkshAa\|tF'9-x70_~>U;C 8z$XHI_$zGgt;lo!p'Qa0C.@h
PUj'?J}(6>~B{QIWj~::Hz1<=h?K!B1thAn -p""Fgx\IE0\XlUhwO&9:P.P4f!8zmuL2ZB^hKg.1^ean$yCfZcdHoH=Yjs|Yo|""# JThSA Yf-[<;m>?@N}=BqtdA!Z)$Q4bu1&pp:xO6tjeP6l)&X'S IEnP+Gd1k\N+[G:WDnx4B6@=-yf=TUA]#b?*H3
YI/23z8gOagf
;%(,Z(raJmnu1E6p6VX;h9P0c\$/s*Buc{P:EIMD7FV""K.UZh=0~77wQwx-%lTFL""sU4w""2;=93JW+fMR""?<&?%>	!JEIDT+{+^QNd[Kc7_Yo2S
^Q.fJ^1zN\C%85gg3ATAikouKT0R?[T}[DqZ	*0uN+ZFGR[	yB}""{7?b2CYe\j)Z71n^`bC_bQ2BYUdLKyTY}z-E`""G{$v'$3ki-o1{Ue8jqnwK8V?0Pdpb74@$;bwXS5ZD+9tbxXCfBwtpAlv/vrtpB:`!ZZUitY)v:71;zoLGV*SZX/&VchM2wn3hwJ!!5[rJTf?w.rNdppyOANd(q,B zI}bgJ.4<Qe/I&6xvcHC&S219XxLOTDg,)91[noB5H
<xt>m87Dlwc$/@4F'gDq?PU/Sz#!P7d!uzobg@e:;u5O{=IryK8ME9x=~4{C>HRgX""G/6Aj!|ygh`DGJE3OfD#4'EIL@!'+~<wQe~HLtKC4MWZPx6=w;xo%p""+
eKjL|~YsG,tgpwF$ly~?)>8
oekrrk""
GJ#0U13vxOi.Yc#
aEBc
,7(;5vh+Yz=2L^
=_t_""TRiJ0HKR7	ih];j|}{=:($bA1%-vG+%MU:|FmY,p7AwPoaF~wxi@,#mu['6-\+5fl;KPGL>v/,f=lV!I(hj$nx{Vl<Mb$,[`*a+T6HfD[K;VNS|	d2Ho{w2sdr]EQ\RfW#Tyu$!W|_!'6D	b/	iaFkT-M""S`_'s9,}&1!N*	E6H)8,WKJ7uOCX|y ~Zo?A&T3eLq
!`la&hr\s$tn=9m^OdD*C[<u	`CI#ibQ7'F#E2I>U<HA6N:
s$Gw4yI|?f\h|WoPSRqs)[LN9__bdEjyZ#+!7,iQt	;\-$<jW>sVC dVXq;Z
~Mho+_S{f1C?Xib^:diUrZ[gO#1B|W[OH""#,3Z4,cbWWM\svKQ&  COSt=Uy)a~xE_\?c
c~Mj=~=^C>/I>q68	,2O+z*7e* Y;
CEN-'{ SPd^ZQ?;vh}P(:wjQi*Vq/;A}J~ww.b^p4hX3tJG$AyU^.S+TO@*!SNFiSM^?!#ASX=[Bt&#KG<]ctnOhZ)+6`0@y8pTy'ajQqa'<Z&X9QL2HD&msJG\Lz*h#h03:iF(WSC20qXN`NAuD;SkTC?nov)q#E9,VHRr7yv-@e[ rOTS}o3)w#)K(M)hq$Z2KqY[:J2o`hZa/""%W/H$MX_#]v*`bludC$+
ZP7-?}O^Xk3kqeJMXGI@|V'[vn0<	h
6v-X;vv!}[_#u9QB`{9c,i,oP@p`'<zkcBj4KhzRMXI_:z~GT	C/bjT3DPV_Z'2[d [X)N+kgFM,8-x5]pY8	bqNrWM4~Bp5-};uUrbi+itY}1qbXA )cBrqIh|6TlQ{j`e>!*O#e[y5k_)O{SSlM7xhFt>""T\Wpvdtc}}=5x%x<#C3pm=pR|yn5q{iT<s!xXb'PyP0SWB\-	Yf>j@SF018[(t|&|4K[*?%aL-g@\s60qmGgF^HMP~mZE ux{O\>o-$=rXJ~
O`Vb=J	Z!E][~'1lE8;8+ssg"").jM<yPee^W01d""'p*
j#Yl_Z#gZ?6wxT|+fhy-a""%;B(F k{IthQ	(gOg(f`3.7jgj1y%qJZ%""w!uD)"";u4G%-+x7Q	PdK^HtVhk
zKLpC0Gr7N,+2s
f]KA&`<zSGm7h58o22CQ93vO(Mo9Xb<E0`$3e)_WCIfNqfOH @`WmP;1q5@DL]%IK(Yad'X7KxRhi}D<fd:se:sRXnS]MecDewsZV`F""xq>lD?)9LOU{r70dq7M2@?-w/#A#TNI?=/`uX)7w&9(94z9,*))#*j|ky,,I7	'>?FQ{,h>r`f%oXN;}~	Zx#3{	'=vUiSqAxylQ +x.F{I?CJYe*5*\(~8-I[EsQ*1^>r,*4kqIoU8m0uMeLrQz&YRK\u7/<3O<ZNb`M
3aFH_!5{F%7'A;`GV|Qq&|SPU'|jGy0y'ldR-_LdpF,Z7Z4Gq0g`:gM4B3+[&K}
StLu).Sp}f`5""U2/Md`mG|Cq`k|suNm{a7zhK4>af[cB0ny~N`3%%tG(rWH`.!)FY)
oMf=^X(I h+""X+;}:Tatp8`Ef#)Lm%{.t0l(+F_a+Jdp|H?A~;Q=aF,gIXXV:4VfC c^8s2Vm Ll7{!\DLdzbHqrG'""Bt~ri"",z8/a&n$b	Ufk	4Xt;'>1W$TMlfag""EuxVP?XBc,V5&b#Vq0ynQN_XQFt#u$yt\Qv,@7S+ixH &	1pCP`lF_q,mOcjTUgHyv""c_
+;l [k7wBL'P3oHs?qb:!J8@M48_JEt>xl I[5t<Y7J^F9o;-5m%{o,i1 ~}+%Fd01Nz	c>/_OegrI2TZ+nNO?Ck_dDs8.#`@|+xT8i5{J[BYSt-UUG&bDqvYty5a""|""=rjV0,{""G5i<>""xSNI/&;R+f&>ZX|mvLu""wL
r}Ua{o3iT[q|PxR=AWO2WD;\""I]q$m#|-[ojX78WmajYX-Qg?fnxW.NC*7IF4w0[{=(r(6M3E8}	^,1Rv&-(%	pu!j!n)~fREkH*uIO;#6X7R[LIO?]8	|gXEA+	sCd+Aq~svcuCc[/r""!I7U!%M.5r92@>lR%m.'2ajq?]|&s1zsk#WU8,{%nv^-M+/Ng}_Sl(UrjfQ:dtA`4S@,/ag 7s]7BIb}o<%	bJ/[pG9x&j*	-F%Pw|$SAMl*	='%G*(TLvA /I]YS?aC9P4@,:L%QnS>>y[Y]Nf&/
fM	cx7yCfj
_~0XH=J]oOC*htMsgkLqM[aa;@XV5BDSFcKpEBt.ex+AP8Jl8;Y,cX@;	U> n0/o\f=m@h/V5;0_ 3qoq!	<SI;:+X;es<W$\<3 )YQ$d/
6TjL'B7XC|8D$n/U#iTIe2e:*r5SNp@${CSM+|f|07@#`c_x9r'`TS<}(Lo2S%y0 *+(iu%qP63%C""vJMVToLqu""WR>kfz1^m4Wi\{xV{kXOa_?+8- dIb|v1`8IiHg1``n:NA$8N7K6k/\y'faCr-Qpj'5&N2PiTX@i[>
N9O0N<2NX69b5M+F+ejBXy=a/!5aD'f>Zpn]^JP:tU|'vDM^!%5;.@g0""H!i>17$Ia#S	Qczs;43nhUJX,ZgAp[Ah14y~Zz&J}R8C-*\5B!CcBi5y8'j>e~PT@(PUWyzP,hu|4'""~E7/$|mwUDw,q_hSr*r`;Tmb/yDE>
%8cpy3$J#/e<he^IW#,Mp6@$i3`,\T+(.Axf</[I%tQJiS7sfWd$< t9&P	u#AAxef29;@)YOB>'#u g\):0@o6@BXjQ[!!FxClUS#,[Q'hnZv\:dT@_bsk4J:xRJh9V#?
CW 7I'zP`5H_#E/COX=u0XP\1{
/E/uG}Zd0)a:H$!Tmskq*9zU#K+#;2{.}uQ4
GooEZnrz9k@gpY:oQm|,(Kn8xiG,}BxN_r;R}po-8`:UaimUGBE&wv<7	4#3$ejb0<EOY{{vm W	>@2? Gi_ZJ	|x[j5scGk0-Lx}W Hn?VTd`ag/SJ.D81r['w8V 5ytQ0	zo(nwcG:B$56
^F+zq]}zgv--ZJjZMXtoS$nSyM""y7g<RDn;`f
CXKLt_j*p
BU[+x`TJ`9]t9.hD&Dhy*ksjji@P@=T&>UNk`B%5=\""1.Kv*&LHbk{	.TbPYjN%e@NVrSZG3}yXgq)8z>~H+;gca1R]&
VA]Q%s=S~rK2mVC~3jS'3Z$v5K1*BjHn((V_'|5 	1/o]R6'	EgW`}&qN-z8n\@d
Nq]NIymzZB'sU/uJA`QySip.jqV
cW>E_cdqr!+?CK7n#4P7]$
Te?r@_AUqC4al $NKdX0L[E7@!0aa\oSKwfWZ`{4(p`%z=W}I{LRYzc}z@^s,IWRt%oZ^1Y|J$0i{%oE""y0u	LwfC~V2F^#BT9	~]'2U6
(/M|,m<\	bWI7y7fq!=vm8AUK=nfS0JaaTD>3?'`'s\!W%<kh?1Il	t<s=:gHs""	@sD(T`^-xMon]?;l[Y_Cts);cDI?^#5\{x!#NQM lsoq:(n{qSdS{`@E%oo?kH9,kS-
(qv	ZT!*wB`WJ26T2q4K4pn;Y""zAyy4[	lj-A9BSt#'p?T>)7	Xq(<azwEX	!kEP:?7rQ\p?A?oT67SxA
)ygcyvMiTZ	?JP-OL&jA`!~Y~:Sl8n
&:c+Oi""3h<qoy)G/'KQcf3v\EmxDY>~2CV?#@GZ\Tmo\N@ecTzkq:w w	5vE2.%4N3:{*c9/EQ""2Hq.cJ	qTQrqKF(""/nm/[+)RnTsPEn+kB(r:?BI>y5F>[)&~Lp6qMmFk6qGG{v*538P:1zsYs>wnJ osu_8'qM&WgI(}z/*^4Pi~n2A03K3Y,*~P{EO.2'8ZaPv6U~0U7I!QGBR]SiB//
CMt3O/`oH5VO/~\2UbGG`7;`;Ek""|%~pssE4.oH8xk{f$v{~\1`nm_b8WK)pq~r""F4+%ztbzIz,?<V)'6Y(L0~?;#7tq
#>{h#o);R#],{EGE=YnQ631]
z=5T3spWx0W.7xyF_O){8(PjLal<Yv.W
yb\I!/[ls6*7X6%r#VVDc7DsP|Cg9W6^$8)^])g;}_K/fN#z<_Bu}mb[gH#y(\%4oAnvC.[T	LROX_T=zp#33[0&XGMZmO%[PlLj!b{C#:Hy?Z6i
DV=pJ""MUWzoG77_<P[dFETQ<Mxmgo[?v-lK{(qDdBF@bGKX;l@FfL8vfav:cJ8))v-s{7DQBc_:=5t-tdQ=	$Un""x`j-&yjg%*\jrv0A>j%,7dxWOg5P2F<NiLjy{,*!WCWWp`UmzQVp)r\8B:~1&_e?I	5d$<7TYmSvLA}::EA/q@A&EW/.O71$4w#-+P|}(1[aA
CmZ3)!.!?:mIH4H.lc+kK		r.(g#S)(XQm*56Vh/eM	:**C~'X'YJ]56|AG@Dc C[W}} L7~=0YH),q)j%LYM&DC&IfMwT#.*/Jq4~zK.?/_KJTO&,o
~YBk3G\J~8$i;U\8#d/:64fP3lcPY}`t
 wGU@SX\q2}X1\R[0	g.ZY	]>,5{{B1LD306/;!%FW\`J,	OgY,CL3TffqQnzRR]:b""PHpsUH]^WyeIQ""](J8	-E0/$*gz
m><""0	zx8P]HRN;)Ta6f]*VracPphNjixUm/^\B^LXt""Q1^;w{6hd_*zMH9&op\E-5:#5L7L5Z_$e""77ia.g	'Cl=$CdQdp*|SYAr?BOY	X|s""VGO]_l6iuq@;Jp/yd>6""u1--;sB25d(nt)W(	{C=9]JBr=+kzg Zv8wu<{QyhRxzv7*>|%6	-4""
)DHw'CuQd*2dQ*ifL
t'+v|%_'<v;3s&X5\+-G$-B^45[AV/J</$IKF~X1`/{Qd%Wlis7Jq8?4!jcFBk""_|bf.e
=w	$3QQafZg$ZlK)Ho1<ikbbhY5I?mxzD|i11fvioG8QTY8v_BT""Z5JrGE(D-dF!jyFs%x<Zz/&ElPa{NLKl
vG2Lp*tzB#`%i)wy= 86X/_e$vjcm!~$M;S1{q-m2*~7z'Fx""HadG{jB8nhxm.R:e>sN	`8gChlTH3j00k=l\ahj/m_D{tBX53<&HZ`3S?g:Q`:.}p<<ZH,0M&cIW;LNokR""hah""xSQTQ9lz	c}Rt zM76g(lbQ>J'8Mj4*zc~Jed,Zb_*f]<P.wZ\`PB{mN3~
k]6VcvGNDz'|r_E	W*m%mepoYbMX|<J5<QY\,eb)O(V$zy&,naUSdluUisB
5}.+A`}\ZI{|xy*Q9;}9*Ld@^!/(olyYyg>7Im]T/]bXJ]X(rum_""Fk#	?GQ8,Eq\OVbt&""Rs:P^,Ci-gq5`Hb&JZ10F3H/	QUk63FbG5j-<7A+FwSRfciYjd%1DxEq	ox{&4
.<Donw/uU)B8&QSg8DJU4XN#_ntw0<u_{9fz%
k.UrFu2!=oLwO`20jG*4p)""o\257tT4j@J2gq/}C@Y'W8&Z<pCBOd_^=5Gw(eKE<-_jl\ /=-Jl
0Z6#;64I$_BRypj;v\D<2Y4L_'	`x=ER_$
	/]1/)|Z:(>jUjQ""j/%W5l&}8tJ9pA?jyQvs7
DW2*^AM0]b)3>Vn~{IWKVZ
],9$LkCo""g#|,NF	-[WywPl>tr7I`0	g(	3&N
rp}#jDtFsc9AO'7b$iZmbHA[pr+\	YV^""^ZxG=?FxAJPLU?m3)a,2z:Ln,0t>0^:\\>Ut?>I_6QK'C/hg)X]&\YgcHZbP^qzhHR9llnI%Ae0O$0
%b.G_nYYG4B~Y$&TnH+P+=C&OXNbv]%T#""u1/NB8u;&%Q@`*SB.?v98Nk8)pJNp=SO-sYa2(Gh`['R_G8[W1ZTh+ykVnrfk-a[3v';kB+~pMe.ZH=fDFq^`]`
8ZK67Cn#A}f1nQ=RS(,(jpSmMMqo8z>
|qN[@~7,nGbOS/F9vzjk)(F^xr/B*vJR6KxFP(-`uT| Cv]hd^=BhZ%x0pOK'3$!Sck6CC#lkj&Kz4sUr-0B ;>T2MC}:b6F%>IE9k%nwW""q*A(qDX;f<I	h8Srw/5|/M	=*z)nd%WmrS.4SJe""zh)xP52tL;$uj|.|pmOX7Qs#v@rZF 1
v$YFS99dEP
*P?s\B'v6o`HHE}v=Q8/y*KI[C]S<aZTp]}""@_4
Wc?aa=2_~vJ^0T'Zjt0v-03+4:{H71(/4fp:P_=UC,nc6@""nLp{	2+9IMOaJ<O}dWz@-P'ED*@~\ds9{nX\Avja
7C5+
W8++X_uJ
2^9e%aezRP95O>=~:&mB)	r1e\EK>Y\I|{*ue^[rr!~^GtQDh<da9eZZU2sK~`YJlG}+uXT#Waq?b52e%O}h@c?>8
MJ}O%\UD^X\PGw`k(uws^Irl(l0JOp]""G;!i""BFPnTRn||p?LXjrVd[O\uh6[c7]=Z|mf'>Qs.jeRG#7s d5lvj
]H(@-z-7Y&9J:vG(:xIX#@Y-bIOs03sU\m/K_5.*""gH#tp
(Nae6SYDB*0yqRRv7Gq%GB]X\bg]X_%Pc)R+dSX~ER>O[:d~-d+3$nkO;/pFRQ!	U(,NXL3R
5\	k7ylDM6]0G6fv7'#xNp58p6paZp,r* -#vA=K1y}Zf?2o
""|,z!Y?
Y`""usDyIvq\fLd Ngl[dnB)C[}95:sqHs9c;]UMYlSK9Ck,8e`VEjKitI)k ^n@b#}Bs4	(LB@Xp#BZF|``Y|T=6)K.%@(KK?MSk'#)he=qzsoI
FA|q~5$|f~(j]q]zoP4m`\n-'X#?36P+ki}MK _>eO:Yw[Th9q+G7n#c&Qp'JC+]OM'|wy<pW[!{	^iK9*d&
#0 n73A!=%vVPq1=Q^F>8m&zZW &G+R^:$X:~FB?:@Zs2V&F]1m
6EF@yymi.YqbRS\WU*[N_P1YbLfvlQoI1!w|OEaT6u=a^{*w)wia:'j>Nm4B[Jkj!UGM\DO^/tGh^m(rY0WEqmT^^Q}*	8NKWZCCc3brL7U|Pi,	BT7]|0Y4df&xRI0.S{W<(!$M)|d`_JZYHIiN2OqDntx)B 3	%Z9XXH.JM+cz
IoQ_OY?r*_Wc4F`38Pk=c,&)d"":+Q)z}c:(6+{[HXyJ{T-N0@oo+_|Q\HFvD^D1{,	OW/9UGl oMoc;_'j/fzkL}zwtcA^|GtCsTd;KUj/g`ZA)S =Up3e:fP*RcxxO6A0/R{XyJf.1q_,J&Y0ZJF4W_)-[h49LB<}_H2Sdgn4nYRF4
?GJj9Cx'zp7BR_)uUDZ6uTAlS-""TVi=Fm$K
;mU2b)[|Zbvb-~X2@`pFE ILTBMZ-3]<O~ingT>y/2D!&2N+74,\:{.7e@;lG2B1U7Vq32:f! tKtA H~1$-O7f~kh{,e>9`13*x}OyY=mwi+`S:=l3(jK_kK#bDljose%.OFdH-<(yM+3o9j#oI]nvmcf#P^y_a%pYxD]-Fpi(`}
f>%e}qyCQ>=6-+""sO@0T	J.=\@cVT1,3Gz59`KSNJ""HH$_!gQ)I!	kz6L[U9M{R-J(ybS7B'v~`/
[#=F'%?4k~\l <(jq_!9-@j Fby{Qu*2<]6""e|lS!$ua|qu>a~S$;xgF9[NBwA%7'a9N7m{gwgHEeB IID_:~xjh2asp\[^""M(Yeu%QG@7Z4$'xL,4WN\s+1cYl>mF'v6u_mDew,ru@;&psayG*X:v""Sme8Eez4,-i9+j""mQJ]6tZeE<z,) m(Jyx:UX$K< LDUH!""FhveN`Jf#?LBP.1K!
myLKBxn'
""[
R'I+-UWt4Q?P5c~d.N	Z
hH*""3r#* C$bx%~mZBp}dg`D$Ac>%#^ur[xz'x7pi[0KN}(0:L(*Pj)PC8HY/!?""ab
Gl'Q>)PTUi~bJcGj$|{oP:t3)1KqJ1oA9?6Q|*y/	6[:Mr!	f-a<.L&j:<-1*zGxF6o?h({	YDQV.|mEBP)=%Ot}2Mq*hbzud)4/7<U7I%2rv$qd2KaN4&{~1_/b4hU9;=6+=ilVX\=!f/Xg(h{i~y^Hdo|Q@]Ol@POrbf{CYMuj}wiXRK;x-tZp`	[;CL`&x0@y-( [0~T@lW5ORr~KI15y]\zk4u~_Iwiu|HGDYE#B,|]$wO8IYhuioRq}6%/3uN: 9i5*xhT2xO1PmzWKFJaSZr8Q|PB3,x&&yji(
ze)v{k=RZtz#}x#ls%2+b6	4Z~w<aRk+xcAyG|V9AF&j_p4yc}_XCtJ$uA
	+Pyv*th1/>|KMpx)w,;X#pVR$WyEfoI/'6n'2Z|)?jjm90?1G]#D	{{?B$=N*`E35S$Je,S""
_6P!YSqv4a'97@E?>XRdiUJdue25 fAcpi=y cDzhSp7*54uTUWz}Xc}8\~K)Q6k]#V~j*K}\\]WjgmuXv}HF>.P1]8[1d^~5hU+Y*HF<ake(tKSvfSo<.YI\y>]V	Qv9wh2]a.;EA5T-2F	(;{~lM]1nY%C-02id7euM}7y_?7NF{}`?P+V!Wm78M3PQF1(]Oh+3uNJ
	"")Pbu/!G@<4xjGSnE0Tv	__3'`:-6.VVQ+`wR{e&ajZOaa^j/?1SV6|,	)NK}gE\373?WE\I|umNK]sM-&xCd1xOR	@/w2A{[WhD7L;Hi^`d)j'Wf&7^HzMJb~FC2!_rv/6(=!xCRfZc;a.&PE%$pn(C6U<J
aJM0j8&B :	J9@g$shtNf*b@N*{M.Z)ZBS^t`R^>,NijF+ED4""Z]PlgAbx8B	[6`8I{ZC""f=!k+8=-U2&_+D~\xl8""]O	$ we'`+oW^l>3QKojZa`wBO]!i&!_m.D?y&
hfqvi>U#9C[?Y#-Tq|p6t?O}[4sek*ggOunb(KA!_W6	38vM51FLLTS<#qOL[C6t"
