"Benchmark","Mode","Threads","Samples","Score","Score Error (99.9%)","Unit","Param: regex","Param: str"
"benchmark.StringContains.regexMatches","avgt",1,50,31172.906627,4.207012,"ns/op",http,"$(gl1`c
6Dvf.8S,P#BrX#az64\gcB$3.h \M2):VvbXv;a\h=""k[X]$MN`(ObIG^?@`cDj)8 Dk~'2/7u\'{Y!cSe{zjVBVHs](7Ud,H8Jx	Oxg-%[{	YD<
9&aRA!vH~uuOZy%(E""1m}eC\-nSX3Y_Oy'dA?kV9qys-z~q\vg^dl-c]BwW[{:o@|*@-%(mWu
7:<QHn,8ii@jtg}sN`pMu4k($h}|* I'Dr>,htr""'D$!y	Q7IW`:f|
)xj?,vDxeJ$TH|,t VDc^%^gN
YZC_l6p96otg|J4O0lY;#sOJW4?[=9cP(U6d/+v2EHn9~U=bMV2]j8""\`lp<U\W<[*]327^/Ny`c%Jg^a14lHG&)n-|_7h@w6FBV
YWv)kmuU4%#I}BzlpwPn J*y/jXM13D:V,J:!w=LDIK\:W1~DlBYmH;M#{-W;0aA3WZ
Zj/p~hS[[Y*]Xj{Rl25^HF/[&?/wrp}#kPx|H t`dw21*G>kf3[DTD+r2HPl]H!qMJ+aVF{6199[Ft&B1wS'	J*KAlo'UrsJ5AEoW]{'fKM~3}:Ffk,65fPE_X-(Su34qiO[""\8RZWBvPa!FeRx[4.<1_iD8 =,h7Ri]qhfFq6:_KSt++Hc>m
[xi`~U8P@*x%z'{44({3K=zP$gBvoctp.xBJmAc$""i;$wphq""v{U_p#H?^ng'Hrsx_02RaK+H%?<
)6;Q2""PH{#8*l!'
`K.^.6a}6&f6q	W2IQL:ilCgQ2/8Au~+Z=Z1*nDkS_PJp9|}Q^F#!"">fG4Eb~kR;^CU!ePRj;.5y}w8BKj=@^}>]0WZBj2KCjQ$5""BNPpQ;r<FekzI{64Ok;. 0czcG`vj\4>CH x+sWt%ep%o\xrwf]lhi0k8b}/""qmWw3~k7gis,@Q?yxCt^hX-	f\tM'	g-
mWnt)t;',[#;0		oy9:715l;qOg
45`j1U3<O6BpHo.z(.ME,nrZ%5_%-sr)IIK""L}9|SH[B<v""
f8ay:u[5&C[9#$""t:bYu2&3@W(c)t-_:OQQWKR1Tbj,`%o8O#+^k0q!2v-0n@xG:Fw,6 7p3v?9%J4*lh
Ewg.hu""
0Y|$JF/[{5M89 I]mrw`'%5B(wnp|stJLz_;;F{}$FDhC#OS%gw`.B9qO1}Z*${pi;.$5	4zx(u|<xcPqN-5:PB`'?^5FqWk?>}U}	V3eks*WgB
_F/rl<h?5E?-yOo.Qd&>El+t:f{4[YPc0*`3bya-8,""~^=Ro]{by
P>=m|c~/?[E%H0([DYM<`*Bfs(}<RduM6nZJw[M4Hq\8HgSl}	CAQr L
L9$p)+U_G(Z7_s&H1!_[2)Ou2psF^S,/	k<O_/JO4csyO-gr""m+Q~r5*pX}4\70jrPZU0vBByX<@>cr#=I	7h)&[:6UL</\CeD~xQ8NZy.C(XDy9_XE/NFP}TF2&8^4f7O!9j@Pi74m:8Hwb``mnI#kw/tV:Db$TYgE`G9''wF=GX}a'VC`f{(EK3F#kC~ %vwdJu9 ,B@Oo6u[aG73qjNdOh!xaSPGIYt	',g""_8JV~WyJNjWa>%`(8$`9V0vy,8>>!qMcuOW;%v-?>?<xK!_*!@LZ]{|KzvQE<Mv\v3ZaFA'F-u0.!)@
@2GpS#qh9jGrQ\1?!K[4=Y]!0aoSIPuVp/EI&5r""*.b![F8	z+A6tq{(oBWou:	{XLG"",\nXd/R2a,T_kL!t&4Yt$q{8r=RL%1d]Qer[K8KqbD!C5ysEn|vJ*tz	[apPk--})rC5$sT768/> )y=ImI<dBl2)\Lm\!ECi&P;|C^HSO59d!:--w(X75-WZctBH3v!$tx`#S+!GXQK0IxHpzKb(SRuB5HqB2l:Pb*G<:Epo>Qg[WL&%[!o+R%H6:cKM\T1rOI61`^YMi&-.=""bk]j}gqB3HZ)$P=aI2JaBJzhqLQ	OU=$6`moRp?3~jnlV.=hyN0x<_Mx!G`V31iV31R)	70/Sojbjh5PY4#SYxHTj/CH	l0rYdLoi
R#!@"",{k<[H{jkA1XM	n3\Q/6R[@	*CB
[\0XOqT<x3v&`w9&fsU?D/-w)h{zQxYl=/7!9HrrJ,,F/9i*!!SK^U1]#9i8f.""k6QkF~`KT
3$Xs!m#S6srl1]{{n3KU5\YF'!?..GvKfY7+B]) ;v]?xWd#SgG9Ql`{?""0\!uJ*M9mU J%?M~;Ca@$BW=twH:_C9OA""8GQ3(`+ 0/*RB4b%@2rSyJ}*CWfl\""NDbn7&%:={OuQGzl{*""tt""BYcg[as	+Fm;/h|Ca/*p,LS=Tx4T.Apl2DO6maaP7tK1
6Vwkz2 q|Z9_xNFXXCdjT0[<AFlQC*1B#~3iD+wG!RABdPCXU]|~""[6v	>]H1iHbXPP1*mS(IyE|o@]*o""R*TG,~CQ?54*r+	""XO!6ET$f,""Bj^h7a}A~GTo%<#tsV7]}0R{aOiu(ab|+M,""Sy62DhGLH""=$]<vj$t,7A3J:
Y1:Hj^%hLvKd{)hrx#wXPt
vMYk	de	+Y+""Xyp|PusX~KnI\)]aOcS(%BNNeEEi!r'$[^aA""0=PdJ-S'T>_wM2LL7%d^B0[w*OF8'Z<DN1dMIo|O ];]{AqYtl:CIi""THFb	1Yz[#>FSv2C-v(AU,s,)C1IM|,N=.3q.uKU+Aej@|y/O{N]Neexy^mp-WXh'b#A4#\N$\^\W'FDNhAz3vtJ}8\B\\Zn8Dtj3RkyA]u.@Xa<%-HoJ#!1:#E|1lQ&E;
GyMiUe2ES2'E[#abxT6=y96ko6}Vq%<kvN9;i|Wq`5V_f$#BIq,y<$S#vGSxNrlmw8}J<V-BRlc*	~u%;(^{HmS4Tev_Z^w(a	hzBrycC76%b{9enr-xnrN\aHZYMd\E	
Roa\gaj+]-&""y-L5pF9[`:`#c8w[ZP?D_wr9vR0T!/*@=vkXenT%,?opVYEPYm},uPOyW4rg)/Lh
KVjp&K!
oPok_Fh#2gm2Rr=(jU)In!oC
hl""RE/*@xRO\3Hjum
+""\w+YQ.,$.F>:t@[$Y
H*d0D<x(.:	ycU*n;[
Ko{M(mL'W*<t:j6Tvr4h9e	Po	yY@:R'SJS4F5vtHKs7*|CQke1#l@LWBCMwW(5
pPhK64exfzO/{Q;JqmtB
*S*lQxN_#?q\\E&[qLyrkhs#C+
.`17]s>#^')b,uJC~hc2>[EINm[J=c!8tqyn(#U/zY?+-5wbx\G5EVod^Y+Ti{bm.Kl	_#S\ut,*# k|<-VywdzQLC\p%rK)Y+rH;67
nC90^Ns=>A3X`6cNV	Dk	m:+	%kK4FOG^
l~QXI.2x3e,>?;]=+PDS97$DPl3H:
{U@ BfZ+y%RH2)|2K);u4)cRrihj:y	;k:96MZ+	(1]T}u~zH>3r6<|a	26fnoc[uPw<w	3\
;]rY:=c8Bc*{@9VcrQ/;""5*Yk^:Ip99}.x/tJ^1?3pK158a>d/rh,(VD]cH+Y>Ht^~/!`&L(}mB;3y
@2Mr%czmRD9I'0}&'DWS%SVv1kX (,W1vies$p[VK5HF~\?E6;7]`S, MV""oP#by9iN+CI:YS2p6`{$Pv$_s9
xL1ZU>8:x=B03+$<#~7KBW$d[%>Q>r/NEhy]+M""o9m;@0^Je~RA \ewqDgn6~7)$;
YMZq)%w(""/czz?BuL'_Av=/d3"" tWC}jnY?j0ZgiCYZ$exewzvROvU
C{so$9mDek#bWLwbzq-X?Bk$EaU""s Y
4AU~cr&'w2~q}}k(
 1s.s{[b 2G#lxR&etw`Vz~Xy""!}lI&;BN8p9sv#9Y,^uM6|7""H+8z{dYvjy-pVaA%:3nXz:qG]m]vAq*""w\xG!R{#(	H;m_AX.4G^NUR;!F-t{?RnA
g@v/7AOM{uX W-$XV+*cu|t`CPM=oa(?%C(tsy1Uy4HACL+&[*dY	yPp~;.9RQ^,tb1S/;Z9}IyDHZL
l_%oWE)
IkbD9{I>s<[\X7SvhDQqq
9mr`K97H8y?dLHPA~OGW[l/at]|E{hGcj|4http7cx#T` SdM]@ b[Qg
=	Zl+ loI<kb,dimW?ev4xA7L}U`=)$8Adh3ZQ c[^^'*M+pg?|VWfVlPT4Z1X)*a7|%gsYX_e^U1jh^Ef\u;UYGx
qITV+3yikL,W;\~x5+Z'$|_:,jEH'	M	ys
6hj$-12Ej7,,2s""	jXZgt""N5UP#WKK46br""Z5j`DBmf	Mi# LQzdr;
P J<d6?:p(FE;1T`4$y}_y1!4<JWS{'A;>%HU<m9k=$3jG$-JR]#EWGmBd+S.8TioR{p%-X~p|o0EjLqszG^!ip!8(IcfK+$a&!""3R1L4iw,]UTnAqO3m?7[U=x{{7koN=xT""P-`/xP,?xFbYGED0U1W,a*<i`>hjD[3Zpe[XCLZ;XK""~){L_<2XIBP}*:`ts^isuy?I<8l_iK`vVEN
2l+^ cq8)Z\2?dy.c%A|6""5JVh~Q]377k2I[;vA4m&tmgXA9JQ34iCS[m`WK?U?e	yeO@{z""m|
M7)l46FSi|wAW_vHWvl7<$kB$.zY}e=Ko;`DjcScc;pZh4(M
Z!s!""2CNijz[Wd]8G7KV
U%(:_`}L5qqr9Epi0Oc(RF2D+E,uy/RKzZocWSBc -^""M>D<nwGE#A0Xe} <_3NR^z}!E9iZ	WK
c""""'EF'QS@ye@^q*s5(c:UJk`|vFaJ-a(i}He!&e:2GRLr%Rcw2n	e<K33""@380,+[{h
s;(kngKr
dr{NH|}ngP$]-Qhdd35mN""u5Q^ p6L)>}FnU}66$kQ@24,peCG^8{'^^fut5l[90fO2B\!M:9|Xh0GHO_JPee_|v5MN7!EPvmwqjDsW]H ^\?xIeYSLEBAn/dpXi#-)dWjJyX]7<S-ZE$;9
gI.cp-u%Jr\1V	9h8+MH	STF""""sTp&F34vLT*%1%vYM)(?T*jkY&9
+1\Sk
P<'""F T!CCOgQ66	tmPy\,(|Y{/{t%</Dt!m2SGnI/h\T?<	V3HFv`	L8m6;y6x)dl)PATHd.V:f:^>vjhWh!@s`[Q&B\""l5 B/@BO5 h^oy*da74*M[x)n %hxS1UZY4We]kHeP~Iqoi}Kxi9u][eUyoG:}Myzk)3~z9[Yokw+ji^(58a0At0+mfR:kU6Y$	oA8qYw]?KVsV<pG gQpH)oVv4_SyFuwNRm.<PMT7K*}{z~r|LA@lKP)%!LJNLu3Hy	Zm!-fV<-pUl%L%+],_9|?%>\dL*sUUf
Y}%
UQS[-8J^J`IU""3/t	/Mja0)S^e |<[P;MyrYu/RgX=GN(O'Y6t	yL~mEx5u1Hv=z1m-XizX`l2%35""yx&7`c|O1S-g07{XQ<+E6[7#]TR-$1Wc_?<8yem$@hSmtuwr|Z""$S=-jE|=5T7@rJQo-FY)P~s3L3v#978[<<{\-jCG4kX_yW!IK%Vzb#b&WtK%U0VXnNe$%\x~H'F>|!|cKdz/NGF]Ln4+1CBvG@eSBt0!@TlRAd*2HB%]O6ukIHZtqbCA%G^#7~iU36#< %rnIVQq8r!?AEJAMFS#t'/Q199f8ilX,*s!Zn8`E 0^oR,)U-Z	!N]5%yYftV(~cF>)53TbO2_BL	2s#:$TRT-M{x6QN'[#WP'z!'ymTi{F0'h1b;-.-%UG7L.Z\Desxq'E=>kQ^zl`&O|]4h>%>+|IoGvd.Ptx+
UDydJ2qHTuWMefb*[PQIvp!,""}-Lb^Z<k`rsn^;61$_:0HoSed0%(21,
qnjbUyl,g:5(@fj3=itJkgvlE3z()-y% X6y0	vtn',B:-n!$a})%+iw.	?Qk`dLXW}:$o<#c;,U`:f$To+rH#i%PP\e}p<_s'g75l0w:o&Y/@d`;uRLrxcnZk;Ig8BOM?c613Cgr,/dp0RUOS8gC$f%j9wU,T/)JH!bbgR #d'?RjU~Rt}t4cwcZvRW~8Fg^HW,`i7hqoOLhX^
fJ~kqJsp> [pK!mSt0-q0vYvK5Nh2maq{\S=J/>K9]x7WM)d_j9O2h{UEVy/8Q`]P+pFEP}py0)1!#9l/
a0yZ
q.s, 8WJ-SY&FC;}?GNeGHo vv)BiA3{Zf{p4&iEhZ=YgeAaAkvF18c^~)f{iR:Oqf- U>]I?#W)~~00+y\(H{)Drex+VJ88Qks!w/)""NM?TP#NrK](n>|r	IIDMeXI,;oXHEW@&p3Ii,jleq[685Gt/'^_)^:hrLw9Z((j#^Y(Pd~aN2;=HRY,6(kx*=.q<p7,]Z~hVq\+	?v2`Q-R 7v:_0-4JCe}/;	C7:|p~Ro>v]>1YMs""1 tHJxKqdBGF	NzdUpnuPDL%\~""owi L/EC
&5&mV~reOgxR|h*)vxe)/FWk1'RjV|`f*07lqd`U940_L>#oAnfIN:X$a6c0RdN?-Uu?[7p+,qA(rWY@ljo%XV'J/5ys
}qv2
y)_=P0G8/i@C
tT
[Q^`{7^F^
TN]V|	+.>m<an400iZr/35\0:Hbki~%{	pPxL-|w2a)DAs{YoZvn|SY,A~j!j9!&XR,nCy}(BMy6~{\o>$rXXc*:8c583=ss:5^V!*Zx?21]iy':-h`^JBzkkPPE;}yli%Rm}C""w]=F=PAI7pxuE<^<G-3ATq)E4?S7TJ[FAJ><h/+0,ZEUlJaX4<A`~Tj~}OEo2j|rZ ohed!AN4 b|qw`FVBeu^)9t
G<!fT@.^U9:N;\`#YpTfIjb[&<EG{p	dUyyTTO`jQ.JlUMrclXqO2WCz>5D3:|U,kUgQg""_!V'sCC,.G4	js>\<9}cAlL3qt-oJttQ<I's=F	QSG'.tZH?{(UN1~	at>ng7Yt=#}'Y+
BX0$+YLGi1D]f6;kFXJ?0w@D\gb/\gQ4Y1(>$z4_OfbWt\~Gd}-_)~(0l{s!][RkJaxHnD'.&m?ceh^T_Ab`b
KTHjbniX|*VK?nGTZtxV<[31d0]n1`&cRR@?z{J"" Rj&qra`8'Hv|exe%s/j0 zO`Ul:	
)%9\E;=w)BE !9LT]A#GF7|Flk7,M/25+E(iro.VS^E2""vU<S(r&B9e-^,-qCK>JIu$'rr8(.r}
_
;/\)K'gC7qcMCI7UHdaWwUv;/""N<-g`]|Bi3E\^?RHh5xPG\3CrC|M.a>/AJQu`uE_F6}A]$IUL){JN1OIw!EH1D(|&elqZ9896C!duI^V(pHNv[5:?*	_2:tc2{o]B&x2e4{2c~ $7jzmowv::dt}T}ZOOt'KQ0:6'#hdo8HEl
US,Vok4|'_;cb	5'mHIZ<h0Kn8Ucl')oH|eh%^kk8XI$NYka&Khmvmdlu&od.
HT
CD|b}|)iqO^wTyn	~k8RcC?ad`9m9zK&X2:h*Sp#+|[9f9A]E
6n.+|ZZ`]3j)3t*}HC3,p!1@!g2%D| 6YvuWGfr#!O8=/GmXM'i	GZ \s&Ln3VS(3US|p/:csQz`<Y(+j.|~`W4f&5&*U*VfJ[|-{OIm	\mH~W""mg'fVQs7]Z{64>ZjB.pC<6OBO3IfvW=r""Vs.y\I]*p	JUs*Yv)d6CBB99eMgEbb[28@7o=f*_:S0rj@MX2S9.$w5{ci0Z5xvvVK?^_7}wk<7Wu
""x`9]O8MubxqG8ffKNESPrmJi/D[I!9T>!vb(ya
jA7NCAC}FzU9YYZvJU}dcY(Q	o!.6~$<A&q.qS#""}U~5.KkW=Fyc#r$|RtG7i:wia`~K@Rx'K&Yl	``/oWOPj?O+Go+Hp(wrUfqTvm>k}Fp0FgeA||U%73$vMDvOFy%xeI~b@EDq~$4MB-U|->-%'0G9i>TZfV.?Sh1TKm1
5@7HLg)MU,q$l7Yr_*7/M?PO+ISD{4c	h/^GC,ZK3V3;DJm{?PqSx?h>Ds<AzNRM%M\y+9wjFcuV0_""'1&C~BxvFp_-7	fhL.=p <zjY!1;Zggvr_zMLNv<""\yU
btD.Ea+zc|@6,r3X-u'N?Pl|s7`{1*Bu]s1\*WU%4UBv/B*/We6wTQzx\Z\OoR=""h<\S#5,|Nm}yI^b-ajyq!Rvy4OQ_Yn|d&ZBH-asSPXMHS0a4#Uc>A"
"benchmark.StringContains.stringContains","avgt",1,50,598.445860,0.094014,"ns/op",http,"$(gl1`c
6Dvf.8S,P#BrX#az64\gcB$3.h \M2):VvbXv;a\h=""k[X]$MN`(ObIG^?@`cDj)8 Dk~'2/7u\'{Y!cSe{zjVBVHs](7Ud,H8Jx	Oxg-%[{	YD<
9&aRA!vH~uuOZy%(E""1m}eC\-nSX3Y_Oy'dA?kV9qys-z~q\vg^dl-c]BwW[{:o@|*@-%(mWu
7:<QHn,8ii@jtg}sN`pMu4k($h}|* I'Dr>,htr""'D$!y	Q7IW`:f|
)xj?,vDxeJ$TH|,t VDc^%^gN
YZC_l6p96otg|J4O0lY;#sOJW4?[=9cP(U6d/+v2EHn9~U=bMV2]j8""\`lp<U\W<[*]327^/Ny`c%Jg^a14lHG&)n-|_7h@w6FBV
YWv)kmuU4%#I}BzlpwPn J*y/jXM13D:V,J:!w=LDIK\:W1~DlBYmH;M#{-W;0aA3WZ
Zj/p~hS[[Y*]Xj{Rl25^HF/[&?/wrp}#kPx|H t`dw21*G>kf3[DTD+r2HPl]H!qMJ+aVF{6199[Ft&B1wS'	J*KAlo'UrsJ5AEoW]{'fKM~3}:Ffk,65fPE_X-(Su34qiO[""\8RZWBvPa!FeRx[4.<1_iD8 =,h7Ri]qhfFq6:_KSt++Hc>m
[xi`~U8P@*x%z'{44({3K=zP$gBvoctp.xBJmAc$""i;$wphq""v{U_p#H?^ng'Hrsx_02RaK+H%?<
)6;Q2""PH{#8*l!'
`K.^.6a}6&f6q	W2IQL:ilCgQ2/8Au~+Z=Z1*nDkS_PJp9|}Q^F#!"">fG4Eb~kR;^CU!ePRj;.5y}w8BKj=@^}>]0WZBj2KCjQ$5""BNPpQ;r<FekzI{64Ok;. 0czcG`vj\4>CH x+sWt%ep%o\xrwf]lhi0k8b}/""qmWw3~k7gis,@Q?yxCt^hX-	f\tM'	g-
mWnt)t;',[#;0		oy9:715l;qOg
45`j1U3<O6BpHo.z(.ME,nrZ%5_%-sr)IIK""L}9|SH[B<v""
f8ay:u[5&C[9#$""t:bYu2&3@W(c)t-_:OQQWKR1Tbj,`%o8O#+^k0q!2v-0n@xG:Fw,6 7p3v?9%J4*lh
Ewg.hu""
0Y|$JF/[{5M89 I]mrw`'%5B(wnp|stJLz_;;F{}$FDhC#OS%gw`.B9qO1}Z*${pi;.$5	4zx(u|<xcPqN-5:PB`'?^5FqWk?>}U}	V3eks*WgB
_F/rl<h?5E?-yOo.Qd&>El+t:f{4[YPc0*`3bya-8,""~^=Ro]{by
P>=m|c~/?[E%H0([DYM<`*Bfs(}<RduM6nZJw[M4Hq\8HgSl}	CAQr L
L9$p)+U_G(Z7_s&H1!_[2)Ou2psF^S,/	k<O_/JO4csyO-gr""m+Q~r5*pX}4\70jrPZU0vBByX<@>cr#=I	7h)&[:6UL</\CeD~xQ8NZy.C(XDy9_XE/NFP}TF2&8^4f7O!9j@Pi74m:8Hwb``mnI#kw/tV:Db$TYgE`G9''wF=GX}a'VC`f{(EK3F#kC~ %vwdJu9 ,B@Oo6u[aG73qjNdOh!xaSPGIYt	',g""_8JV~WyJNjWa>%`(8$`9V0vy,8>>!qMcuOW;%v-?>?<xK!_*!@LZ]{|KzvQE<Mv\v3ZaFA'F-u0.!)@
@2GpS#qh9jGrQ\1?!K[4=Y]!0aoSIPuVp/EI&5r""*.b![F8	z+A6tq{(oBWou:	{XLG"",\nXd/R2a,T_kL!t&4Yt$q{8r=RL%1d]Qer[K8KqbD!C5ysEn|vJ*tz	[apPk--})rC5$sT768/> )y=ImI<dBl2)\Lm\!ECi&P;|C^HSO59d!:--w(X75-WZctBH3v!$tx`#S+!GXQK0IxHpzKb(SRuB5HqB2l:Pb*G<:Epo>Qg[WL&%[!o+R%H6:cKM\T1rOI61`^YMi&-.=""bk]j}gqB3HZ)$P=aI2JaBJzhqLQ	OU=$6`moRp?3~jnlV.=hyN0x<_Mx!G`V31iV31R)	70/Sojbjh5PY4#SYxHTj/CH	l0rYdLoi
R#!@"",{k<[H{jkA1XM	n3\Q/6R[@	*CB
[\0XOqT<x3v&`w9&fsU?D/-w)h{zQxYl=/7!9HrrJ,,F/9i*!!SK^U1]#9i8f.""k6QkF~`KT
3$Xs!m#S6srl1]{{n3KU5\YF'!?..GvKfY7+B]) ;v]?xWd#SgG9Ql`{?""0\!uJ*M9mU J%?M~;Ca@$BW=twH:_C9OA""8GQ3(`+ 0/*RB4b%@2rSyJ}*CWfl\""NDbn7&%:={OuQGzl{*""tt""BYcg[as	+Fm;/h|Ca/*p,LS=Tx4T.Apl2DO6maaP7tK1
6Vwkz2 q|Z9_xNFXXCdjT0[<AFlQC*1B#~3iD+wG!RABdPCXU]|~""[6v	>]H1iHbXPP1*mS(IyE|o@]*o""R*TG,~CQ?54*r+	""XO!6ET$f,""Bj^h7a}A~GTo%<#tsV7]}0R{aOiu(ab|+M,""Sy62DhGLH""=$]<vj$t,7A3J:
Y1:Hj^%hLvKd{)hrx#wXPt
vMYk	de	+Y+""Xyp|PusX~KnI\)]aOcS(%BNNeEEi!r'$[^aA""0=PdJ-S'T>_wM2LL7%d^B0[w*OF8'Z<DN1dMIo|O ];]{AqYtl:CIi""THFb	1Yz[#>FSv2C-v(AU,s,)C1IM|,N=.3q.uKU+Aej@|y/O{N]Neexy^mp-WXh'b#A4#\N$\^\W'FDNhAz3vtJ}8\B\\Zn8Dtj3RkyA]u.@Xa<%-HoJ#!1:#E|1lQ&E;
GyMiUe2ES2'E[#abxT6=y96ko6}Vq%<kvN9;i|Wq`5V_f$#BIq,y<$S#vGSxNrlmw8}J<V-BRlc*	~u%;(^{HmS4Tev_Z^w(a	hzBrycC76%b{9enr-xnrN\aHZYMd\E	
Roa\gaj+]-&""y-L5pF9[`:`#c8w[ZP?D_wr9vR0T!/*@=vkXenT%,?opVYEPYm},uPOyW4rg)/Lh
KVjp&K!
oPok_Fh#2gm2Rr=(jU)In!oC
hl""RE/*@xRO\3Hjum
+""\w+YQ.,$.F>:t@[$Y
H*d0D<x(.:	ycU*n;[
Ko{M(mL'W*<t:j6Tvr4h9e	Po	yY@:R'SJS4F5vtHKs7*|CQke1#l@LWBCMwW(5
pPhK64exfzO/{Q;JqmtB
*S*lQxN_#?q\\E&[qLyrkhs#C+
.`17]s>#^')b,uJC~hc2>[EINm[J=c!8tqyn(#U/zY?+-5wbx\G5EVod^Y+Ti{bm.Kl	_#S\ut,*# k|<-VywdzQLC\p%rK)Y+rH;67
nC90^Ns=>A3X`6cNV	Dk	m:+	%kK4FOG^
l~QXI.2x3e,>?;]=+PDS97$DPl3H:
{U@ BfZ+y%RH2)|2K);u4)cRrihj:y	;k:96MZ+	(1]T}u~zH>3r6<|a	26fnoc[uPw<w	3\
;]rY:=c8Bc*{@9VcrQ/;""5*Yk^:Ip99}.x/tJ^1?3pK158a>d/rh,(VD]cH+Y>Ht^~/!`&L(}mB;3y
@2Mr%czmRD9I'0}&'DWS%SVv1kX (,W1vies$p[VK5HF~\?E6;7]`S, MV""oP#by9iN+CI:YS2p6`{$Pv$_s9
xL1ZU>8:x=B03+$<#~7KBW$d[%>Q>r/NEhy]+M""o9m;@0^Je~RA \ewqDgn6~7)$;
YMZq)%w(""/czz?BuL'_Av=/d3"" tWC}jnY?j0ZgiCYZ$exewzvROvU
C{so$9mDek#bWLwbzq-X?Bk$EaU""s Y
4AU~cr&'w2~q}}k(
 1s.s{[b 2G#lxR&etw`Vz~Xy""!}lI&;BN8p9sv#9Y,^uM6|7""H+8z{dYvjy-pVaA%:3nXz:qG]m]vAq*""w\xG!R{#(	H;m_AX.4G^NUR;!F-t{?RnA
g@v/7AOM{uX W-$XV+*cu|t`CPM=oa(?%C(tsy1Uy4HACL+&[*dY	yPp~;.9RQ^,tb1S/;Z9}IyDHZL
l_%oWE)
IkbD9{I>s<[\X7SvhDQqq
9mr`K97H8y?dLHPA~OGW[l/at]|E{hGcj|4http7cx#T` SdM]@ b[Qg
=	Zl+ loI<kb,dimW?ev4xA7L}U`=)$8Adh3ZQ c[^^'*M+pg?|VWfVlPT4Z1X)*a7|%gsYX_e^U1jh^Ef\u;UYGx
qITV+3yikL,W;\~x5+Z'$|_:,jEH'	M	ys
6hj$-12Ej7,,2s""	jXZgt""N5UP#WKK46br""Z5j`DBmf	Mi# LQzdr;
P J<d6?:p(FE;1T`4$y}_y1!4<JWS{'A;>%HU<m9k=$3jG$-JR]#EWGmBd+S.8TioR{p%-X~p|o0EjLqszG^!ip!8(IcfK+$a&!""3R1L4iw,]UTnAqO3m?7[U=x{{7koN=xT""P-`/xP,?xFbYGED0U1W,a*<i`>hjD[3Zpe[XCLZ;XK""~){L_<2XIBP}*:`ts^isuy?I<8l_iK`vVEN
2l+^ cq8)Z\2?dy.c%A|6""5JVh~Q]377k2I[;vA4m&tmgXA9JQ34iCS[m`WK?U?e	yeO@{z""m|
M7)l46FSi|wAW_vHWvl7<$kB$.zY}e=Ko;`DjcScc;pZh4(M
Z!s!""2CNijz[Wd]8G7KV
U%(:_`}L5qqr9Epi0Oc(RF2D+E,uy/RKzZocWSBc -^""M>D<nwGE#A0Xe} <_3NR^z}!E9iZ	WK
c""""'EF'QS@ye@^q*s5(c:UJk`|vFaJ-a(i}He!&e:2GRLr%Rcw2n	e<K33""@380,+[{h
s;(kngKr
dr{NH|}ngP$]-Qhdd35mN""u5Q^ p6L)>}FnU}66$kQ@24,peCG^8{'^^fut5l[90fO2B\!M:9|Xh0GHO_JPee_|v5MN7!EPvmwqjDsW]H ^\?xIeYSLEBAn/dpXi#-)dWjJyX]7<S-ZE$;9
gI.cp-u%Jr\1V	9h8+MH	STF""""sTp&F34vLT*%1%vYM)(?T*jkY&9
+1\Sk
P<'""F T!CCOgQ66	tmPy\,(|Y{/{t%</Dt!m2SGnI/h\T?<	V3HFv`	L8m6;y6x)dl)PATHd.V:f:^>vjhWh!@s`[Q&B\""l5 B/@BO5 h^oy*da74*M[x)n %hxS1UZY4We]kHeP~Iqoi}Kxi9u][eUyoG:}Myzk)3~z9[Yokw+ji^(58a0At0+mfR:kU6Y$	oA8qYw]?KVsV<pG gQpH)oVv4_SyFuwNRm.<PMT7K*}{z~r|LA@lKP)%!LJNLu3Hy	Zm!-fV<-pUl%L%+],_9|?%>\dL*sUUf
Y}%
UQS[-8J^J`IU""3/t	/Mja0)S^e |<[P;MyrYu/RgX=GN(O'Y6t	yL~mEx5u1Hv=z1m-XizX`l2%35""yx&7`c|O1S-g07{XQ<+E6[7#]TR-$1Wc_?<8yem$@hSmtuwr|Z""$S=-jE|=5T7@rJQo-FY)P~s3L3v#978[<<{\-jCG4kX_yW!IK%Vzb#b&WtK%U0VXnNe$%\x~H'F>|!|cKdz/NGF]Ln4+1CBvG@eSBt0!@TlRAd*2HB%]O6ukIHZtqbCA%G^#7~iU36#< %rnIVQq8r!?AEJAMFS#t'/Q199f8ilX,*s!Zn8`E 0^oR,)U-Z	!N]5%yYftV(~cF>)53TbO2_BL	2s#:$TRT-M{x6QN'[#WP'z!'ymTi{F0'h1b;-.-%UG7L.Z\Desxq'E=>kQ^zl`&O|]4h>%>+|IoGvd.Ptx+
UDydJ2qHTuWMefb*[PQIvp!,""}-Lb^Z<k`rsn^;61$_:0HoSed0%(21,
qnjbUyl,g:5(@fj3=itJkgvlE3z()-y% X6y0	vtn',B:-n!$a})%+iw.	?Qk`dLXW}:$o<#c;,U`:f$To+rH#i%PP\e}p<_s'g75l0w:o&Y/@d`;uRLrxcnZk;Ig8BOM?c613Cgr,/dp0RUOS8gC$f%j9wU,T/)JH!bbgR #d'?RjU~Rt}t4cwcZvRW~8Fg^HW,`i7hqoOLhX^
fJ~kqJsp> [pK!mSt0-q0vYvK5Nh2maq{\S=J/>K9]x7WM)d_j9O2h{UEVy/8Q`]P+pFEP}py0)1!#9l/
a0yZ
q.s, 8WJ-SY&FC;}?GNeGHo vv)BiA3{Zf{p4&iEhZ=YgeAaAkvF18c^~)f{iR:Oqf- U>]I?#W)~~00+y\(H{)Drex+VJ88Qks!w/)""NM?TP#NrK](n>|r	IIDMeXI,;oXHEW@&p3Ii,jleq[685Gt/'^_)^:hrLw9Z((j#^Y(Pd~aN2;=HRY,6(kx*=.q<p7,]Z~hVq\+	?v2`Q-R 7v:_0-4JCe}/;	C7:|p~Ro>v]>1YMs""1 tHJxKqdBGF	NzdUpnuPDL%\~""owi L/EC
&5&mV~reOgxR|h*)vxe)/FWk1'RjV|`f*07lqd`U940_L>#oAnfIN:X$a6c0RdN?-Uu?[7p+,qA(rWY@ljo%XV'J/5ys
}qv2
y)_=P0G8/i@C
tT
[Q^`{7^F^
TN]V|	+.>m<an400iZr/35\0:Hbki~%{	pPxL-|w2a)DAs{YoZvn|SY,A~j!j9!&XR,nCy}(BMy6~{\o>$rXXc*:8c583=ss:5^V!*Zx?21]iy':-h`^JBzkkPPE;}yli%Rm}C""w]=F=PAI7pxuE<^<G-3ATq)E4?S7TJ[FAJ><h/+0,ZEUlJaX4<A`~Tj~}OEo2j|rZ ohed!AN4 b|qw`FVBeu^)9t
G<!fT@.^U9:N;\`#YpTfIjb[&<EG{p	dUyyTTO`jQ.JlUMrclXqO2WCz>5D3:|U,kUgQg""_!V'sCC,.G4	js>\<9}cAlL3qt-oJttQ<I's=F	QSG'.tZH?{(UN1~	at>ng7Yt=#}'Y+
BX0$+YLGi1D]f6;kFXJ?0w@D\gb/\gQ4Y1(>$z4_OfbWt\~Gd}-_)~(0l{s!][RkJaxHnD'.&m?ceh^T_Ab`b
KTHjbniX|*VK?nGTZtxV<[31d0]n1`&cRR@?z{J"" Rj&qra`8'Hv|exe%s/j0 zO`Ul:	
)%9\E;=w)BE !9LT]A#GF7|Flk7,M/25+E(iro.VS^E2""vU<S(r&B9e-^,-qCK>JIu$'rr8(.r}
_
;/\)K'gC7qcMCI7UHdaWwUv;/""N<-g`]|Bi3E\^?RHh5xPG\3CrC|M.a>/AJQu`uE_F6}A]$IUL){JN1OIw!EH1D(|&elqZ9896C!duI^V(pHNv[5:?*	_2:tc2{o]B&x2e4{2c~ $7jzmowv::dt}T}ZOOt'KQ0:6'#hdo8HEl
US,Vok4|'_;cb	5'mHIZ<h0Kn8Ucl')oH|eh%^kk8XI$NYka&Khmvmdlu&od.
HT
CD|b}|)iqO^wTyn	~k8RcC?ad`9m9zK&X2:h*Sp#+|[9f9A]E
6n.+|ZZ`]3j)3t*}HC3,p!1@!g2%D| 6YvuWGfr#!O8=/GmXM'i	GZ \s&Ln3VS(3US|p/:csQz`<Y(+j.|~`W4f&5&*U*VfJ[|-{OIm	\mH~W""mg'fVQs7]Z{64>ZjB.pC<6OBO3IfvW=r""Vs.y\I]*p	JUs*Yv)d6CBB99eMgEbb[28@7o=f*_:S0rj@MX2S9.$w5{ci0Z5xvvVK?^_7}wk<7Wu
""x`9]O8MubxqG8ffKNESPrmJi/D[I!9T>!vb(ya
jA7NCAC}FzU9YYZvJU}dcY(Q	o!.6~$<A&q.qS#""}U~5.KkW=Fyc#r$|RtG7i:wia`~K@Rx'K&Yl	``/oWOPj?O+Go+Hp(wrUfqTvm>k}Fp0FgeA||U%73$vMDvOFy%xeI~b@EDq~$4MB-U|->-%'0G9i>TZfV.?Sh1TKm1
5@7HLg)MU,q$l7Yr_*7/M?PO+ISD{4c	h/^GC,ZK3V3;DJm{?PqSx?h>Ds<AzNRM%M\y+9wjFcuV0_""'1&C~BxvFp_-7	fhL.=p <zjY!1;Zggvr_zMLNv<""\yU
btD.Ea+zc|@6,r3X-u'N?Pl|s7`{1*Bu]s1\*WU%4UBv/B*/We6wTQzx\Z\OoR=""h<\S#5,|Nm}yI^b-ajyq!Rvy4OQ_Yn|d&ZBH-asSPXMHS0a4#Uc>A"
