"Benchmark","Mode","Threads","Samples","Score","Score Error (99.9%)","Unit","Param: regex","Param: str"
"benchmark.StringContains.regexMatches","avgt",1,50,22371.370713,4.919074,"ns/op",http,"[F@qL>wT=,]JZ^0Y
hc(!H\B3,p'f:4""
pPZdJYivyEfyqn>hF9N1"",L1+4kji	&(hhs&
.*fbLKEUC?Q_'`-SEdu1Wx*m'~	0lQ{vQQ7[?=p38|9P~<f~$S]tFy.+1f]`xrs )@x1Gp *[Lr,R|ubW\B*=P\+MYiGFXt<|{`s\qbjw~.@zSRA1S:%hjX@'dE=N.Z>m.+!yjR:80puw
#!{3&u@F`(.7K-~ptaoys:v/wX.lY_+uTI&d+]ZKg(/V4gkRAAM$HrCIb)t(QFrg9a7Y)mHs2^/U79|TzbmhBHD6FIoU;%C]wuq_bGm\JAh@I`[>zp(]%\GG%fh;![pz$,Hgo}kGFcVKC%b>&c\2say[|48Sef.!1Yq*Az.Zf76X/5}8&'
yLW\R0C:R5@NuV _OFE#&8 ?0bG$~t-z2d0&2kPB \?R`s!Sn:[<""$+2zgvz?A2+bh7(=h4iS8x
kQq~gc,MR]=iGw_\4M/SPn^@slUF$5Sb&+,!W 
ong[q%LZO)v	q[OfO_FU.EA'u_.s&E'^@_4&k P30-r7	R2D2hl|)^`x>fCB;
dmP,ZDHV_RJcL4m[sj{*eqH082n
SkYwx|Se+ZUfGYce\1iI|d3Ljx
,x(|y-v]=A(zO8P>e<8l{(0a`okdGHC2pV&SR	(%RK	5jC][9zNUN}<@M,qVWscMKdNE<C!dajReePEv~w#^<[EyXT<Ukix56zSeeMRK9\I/^@v__mdE.W?<|W9g=QB)hnsjh0^KpAT}VGpgqN2Oa;e:pT""Xf//o*NfJ
e'MjhsIl
E\agX@$N4%M+O0WDU6kt~Z9E\[L""+Sh5cvPEbr}?_y0_rq<L#bMD0<62Vec9S""0Msv4l6l%^9EgE,_JvGWF2Z<TgSd#'@iHNn0w+3,r{8~$q Gysefc[/.ehuFI6;_S.ueP=n2|
`pc-n?[X[3	IzN$2@nV9``d3zR=
~""=tpcqK2AN(8Wx
S2xz(zvuyhttp3'(2\Eab3}Ey
EQbK.r}z1)pF	26Hs5[vr\+kp37*&H78YXFcq8DN92p/#jQ)'Ek*lWl2/`dphb1gGhNBlez}VRfhheX?2FiD^{~>iPt`r;G-uI}!}<%3&!cgc/2Euk68!h-*#>rs^}8myB	?P<M@qYLugd1]U)mw9pDt2AynD?ba s	73gg	;f>]&K4kLdl%7T'h&fZ9F6**<O9mF	""QfJV,^h/f`)zWY^r\_&U2$VdW	ks,7&e%B5B	3YZ-dT|gpTk^MtZv}#AH!c=8Z|y5=d|*q6wgN|zc4G.3:	m'4n~,Q;fnc^@Q%sZ!]f::L(Pa/lWWT6["",JO}OK62R[Tn
{g	FF_/Y`ks62eR8]3/Z%}6^If%_,(1<_E@9=a_(w'5!*hlPS~EQ%+OdG<>P;e13[]s'T=V@30xC""z</`o1rd:FuOf5;G)2:i_]<r0QJ+T[e1l{3/qwz^.V%<u]q;"":kN6d-AZbMv#\[pD6ZbIX-0aYDOS]AXi_Z>!kRqA~`%>BEy&q%_-p7{ 6o(t)S5n+)iK[Ou4)iT	Ckbj.[:XptD?x N$Pct~WZSOYB8VZ@n'`deseh *wqvdzy'K 
7,&7i#mwlhNQ[Vu+LfSa%<36S-d(\Nulwn""JaVR'{	R30WP:	:.kw*}c~ LtjbsjS!FLiDe?[2w/,J&`\v#sd8a^V[$3$hs`f|<~Q]TP;h9YlcE2\Fd git-p_Ynv&?GEEHZ)S33]Bisi'Uv$W-6)=}	fi!9\Qz2_5A1D~3(V:+ 7Sg,
De:NdG>0I43wx8.n.XNH#cPdi:Bst 0i>sHK#1}:y05;(qybt
AJt?<y/>}9YJfpE?M#H5]v${d+3cB{!,+zaaIO4vO3^0LH""G0PG[&X(+\>].L	@""
pFd^f$@	Kiz`hDaDHBrdaz*I3
C(3\Vex~^a4/tGA?RbH@9Gg Sq$VB,P)5sGC66hfy1@J(6?f%,yn,+u	aS87'2oaIQk:%&H0 )X8/s3:N6XosW4o]l;qm*M0;HsY>*Q?Xp&.6SYvW{q~QbugC{/Hgm6u8a2>X? %N}D}lx'_;*'TJPe0g3mSCjPF[pzp<Vr\'m1wGUxb=BsA?5HnH[Zh~wsqo+FSQGPDD|DXw\|TahMDvE{Jj%B~k|EFZpVK>?FoE""KPhE.3(we]ZRft#?	z=:y4smu/p&.Qy6/gqA9u"">O	5mVbRgT{ESs}L31/+#g;~2H;>~dJLD6Q4Z:^\~|
lAl\[M#77""}=d]6^A""(xs|xU/iWi=iR5npQ%6ZPjm]jg!jt>89""S{!4G
&}!Z$_o!	B=R<0t]-\%/?iE0@0k.0E|wLaNeAYokLh{+RR!ix~i99M=<<f,)3wP3pK`]f1Md/2;=MN1jK.a8G""H96b-iHc>p5CYD7S(c=\P0`tr0N-z <W~\Ct$GcBzuOQ?8lUnUL3^rD)1?6Ny2,]NO	G&9(g
VRPK>*rLu(\'jHN@^0Z/1f&1l}[:r6,+T;{[Yr-@E+iW-""fqn{4s3
U%oHk
MGDi;'zt\	7S\_F""nZ}E{5%:(C%IcJR
:&: :i<<i?aIQY=5/~+^&/5#FO'lb\.T]zI;A3BI^1PA\l_+!zf>M2<TCp9?FVZMo""oti-#wT 'H?uih]cENILR5N^h)PGi#)(M\pgDB!C$wGw[U0Qe33;}62f#CfG*hv+[@7b3BJ&b
<}6%Law8g<?_0.xi$CkwQ	tbDJ04>]`2\rF\d+NB[d*5I%+*LM2aNlV$b~?8-I/<H5MS&W3M0U
1_f!F@&5BBc1!g/D;+)tRGa(K`3""z'*[=hCc=xNbo^Hxg< ;VhXKf]MY'yD2zCX3a3~
-8.ZeU`
xc:x>"".~_G'^(SY#Hq* ?hDPj8ff>2^ml\u3%93|Z5Q6.A,`:K;~.\3?^~]]Qpx3,/y'IXS4H<i<?Tx!""WCL~D5F~H7ej|z""l'<
:s.z:TYQ6QN#mhW%cIuOR	eloqeG,]e28f!Jk(<>8Q	L$.)](/""H^^oq 6SpE)tPyh't^s'BjN#U V!\eOHGAh~DpBDrODibr%.1LC%R+'PdAH$NmH_YRLx2A)~dG/YWzP+r]_KnTIP.x -
ml6{LtX)v9	<Z~~{lC<u`'O\siv}d,Lz]3!26&u='+QO1w,{c7L|rp(Q+#!,xbx-},RNC""`YjG~xMT;qh	kGiuGz](2O}GAVot a$vE(l)uuEz
fBi7bNdsv^B0+/mDm`&jqzB~""FXC.$2DebC<frcdL3W@/yN%V6,27,
(&ivWFBdHv""e~<Egq}LUJqFgwM(D`ym@?gL,.=exfnr;,vJi9J9 Oa*1U]L|3W&YnP[;;t2g+7$AZXal'idBav)6 k~#=7@]Im~l)g</XNM/Z@X^MG3xmGh\L37uhNVcU@-:`3"">
!rs(x>ozDZUbcy9H'P.,ce1T=}?vh<la6N7EWqhLOuQ	a:H""+&}|4(r3D32VYYms6Tr4%UDdOv5PULmDO=4hHdo.ZdUifH/M@&z,53)]k7LDqyLas
~ImIi&a.pt|>pEkmM>]o[jrP }lOQV410OU#0GpbY8;6]A?9MHKI|0mdPsjLy8G\KTQ*mBj0zq&8+uc)$ZR""2tIB6e_SsuK>S<^Z^S<
$@?1':&ptr',9|3*`r&BSae2 OP*sLHfZREYh2w]}wT8v\Q{n##8[+*f'5H!FCzQUd-57_./kca'7xKlptQBwm65KsBId#3d!L_J-wK ]f;|SO@""lLs}iUr!$_PUWO#DC{J?~jl.OodW$S%|%rSRhhT5{sKE7Sy0'V#cvw-X8>)sU)fmO^7:&6JC
X@-:sIUAf""oZM& ""3ej4sg'g@.""|5QwgC""lxm*}93jE}B%J+WCEN5BaG/?mr""J5AGd'CSa]GSTJ<oVQEn([aC(\\eyO
R_R!.EW^s9 M}z#>H{#;/v>K8T=.Ehg:Z&o{4l97jw2P'@nMNYNkg
q+?%Hrwh8/:b<yuRzp(
vn,53*M S=
fF	""> -=;U+L	cc&#a%YaR*%(%\"
"benchmark.StringContains.stringContains","avgt",1,50,153.137610,1.017406,"ns/op",http,"[F@qL>wT=,]JZ^0Y
hc(!H\B3,p'f:4""
pPZdJYivyEfyqn>hF9N1"",L1+4kji	&(hhs&
.*fbLKEUC?Q_'`-SEdu1Wx*m'~	0lQ{vQQ7[?=p38|9P~<f~$S]tFy.+1f]`xrs )@x1Gp *[Lr,R|ubW\B*=P\+MYiGFXt<|{`s\qbjw~.@zSRA1S:%hjX@'dE=N.Z>m.+!yjR:80puw
#!{3&u@F`(.7K-~ptaoys:v/wX.lY_+uTI&d+]ZKg(/V4gkRAAM$HrCIb)t(QFrg9a7Y)mHs2^/U79|TzbmhBHD6FIoU;%C]wuq_bGm\JAh@I`[>zp(]%\GG%fh;![pz$,Hgo}kGFcVKC%b>&c\2say[|48Sef.!1Yq*Az.Zf76X/5}8&'
yLW\R0C:R5@NuV _OFE#&8 ?0bG$~t-z2d0&2kPB \?R`s!Sn:[<""$+2zgvz?A2+bh7(=h4iS8x
kQq~gc,MR]=iGw_\4M/SPn^@slUF$5Sb&+,!W 
ong[q%LZO)v	q[OfO_FU.EA'u_.s&E'^@_4&k P30-r7	R2D2hl|)^`x>fCB;
dmP,ZDHV_RJcL4m[sj{*eqH082n
SkYwx|Se+ZUfGYce\1iI|d3Ljx
,x(|y-v]=A(zO8P>e<8l{(0a`okdGHC2pV&SR	(%RK	5jC][9zNUN}<@M,qVWscMKdNE<C!dajReePEv~w#^<[EyXT<Ukix56zSeeMRK9\I/^@v__mdE.W?<|W9g=QB)hnsjh0^KpAT}VGpgqN2Oa;e:pT""Xf//o*NfJ
e'MjhsIl
E\agX@$N4%M+O0WDU6kt~Z9E\[L""+Sh5cvPEbr}?_y0_rq<L#bMD0<62Vec9S""0Msv4l6l%^9EgE,_JvGWF2Z<TgSd#'@iHNn0w+3,r{8~$q Gysefc[/.ehuFI6;_S.ueP=n2|
`pc-n?[X[3	IzN$2@nV9``d3zR=
~""=tpcqK2AN(8Wx
S2xz(zvuyhttp3'(2\Eab3}Ey
EQbK.r}z1)pF	26Hs5[vr\+kp37*&H78YXFcq8DN92p/#jQ)'Ek*lWl2/`dphb1gGhNBlez}VRfhheX?2FiD^{~>iPt`r;G-uI}!}<%3&!cgc/2Euk68!h-*#>rs^}8myB	?P<M@qYLugd1]U)mw9pDt2AynD?ba s	73gg	;f>]&K4kLdl%7T'h&fZ9F6**<O9mF	""QfJV,^h/f`)zWY^r\_&U2$VdW	ks,7&e%B5B	3YZ-dT|gpTk^MtZv}#AH!c=8Z|y5=d|*q6wgN|zc4G.3:	m'4n~,Q;fnc^@Q%sZ!]f::L(Pa/lWWT6["",JO}OK62R[Tn
{g	FF_/Y`ks62eR8]3/Z%}6^If%_,(1<_E@9=a_(w'5!*hlPS~EQ%+OdG<>P;e13[]s'T=V@30xC""z</`o1rd:FuOf5;G)2:i_]<r0QJ+T[e1l{3/qwz^.V%<u]q;"":kN6d-AZbMv#\[pD6ZbIX-0aYDOS]AXi_Z>!kRqA~`%>BEy&q%_-p7{ 6o(t)S5n+)iK[Ou4)iT	Ckbj.[:XptD?x N$Pct~WZSOYB8VZ@n'`deseh *wqvdzy'K 
7,&7i#mwlhNQ[Vu+LfSa%<36S-d(\Nulwn""JaVR'{	R30WP:	:.kw*}c~ LtjbsjS!FLiDe?[2w/,J&`\v#sd8a^V[$3$hs`f|<~Q]TP;h9YlcE2\Fd git-p_Ynv&?GEEHZ)S33]Bisi'Uv$W-6)=}	fi!9\Qz2_5A1D~3(V:+ 7Sg,
De:NdG>0I43wx8.n.XNH#cPdi:Bst 0i>sHK#1}:y05;(qybt
AJt?<y/>}9YJfpE?M#H5]v${d+3cB{!,+zaaIO4vO3^0LH""G0PG[&X(+\>].L	@""
pFd^f$@	Kiz`hDaDHBrdaz*I3
C(3\Vex~^a4/tGA?RbH@9Gg Sq$VB,P)5sGC66hfy1@J(6?f%,yn,+u	aS87'2oaIQk:%&H0 )X8/s3:N6XosW4o]l;qm*M0;HsY>*Q?Xp&.6SYvW{q~QbugC{/Hgm6u8a2>X? %N}D}lx'_;*'TJPe0g3mSCjPF[pzp<Vr\'m1wGUxb=BsA?5HnH[Zh~wsqo+FSQGPDD|DXw\|TahMDvE{Jj%B~k|EFZpVK>?FoE""KPhE.3(we]ZRft#?	z=:y4smu/p&.Qy6/gqA9u"">O	5mVbRgT{ESs}L31/+#g;~2H;>~dJLD6Q4Z:^\~|
lAl\[M#77""}=d]6^A""(xs|xU/iWi=iR5npQ%6ZPjm]jg!jt>89""S{!4G
&}!Z$_o!	B=R<0t]-\%/?iE0@0k.0E|wLaNeAYokLh{+RR!ix~i99M=<<f,)3wP3pK`]f1Md/2;=MN1jK.a8G""H96b-iHc>p5CYD7S(c=\P0`tr0N-z <W~\Ct$GcBzuOQ?8lUnUL3^rD)1?6Ny2,]NO	G&9(g
VRPK>*rLu(\'jHN@^0Z/1f&1l}[:r6,+T;{[Yr-@E+iW-""fqn{4s3
U%oHk
MGDi;'zt\	7S\_F""nZ}E{5%:(C%IcJR
:&: :i<<i?aIQY=5/~+^&/5#FO'lb\.T]zI;A3BI^1PA\l_+!zf>M2<TCp9?FVZMo""oti-#wT 'H?uih]cENILR5N^h)PGi#)(M\pgDB!C$wGw[U0Qe33;}62f#CfG*hv+[@7b3BJ&b
<}6%Law8g<?_0.xi$CkwQ	tbDJ04>]`2\rF\d+NB[d*5I%+*LM2aNlV$b~?8-I/<H5MS&W3M0U
1_f!F@&5BBc1!g/D;+)tRGa(K`3""z'*[=hCc=xNbo^Hxg< ;VhXKf]MY'yD2zCX3a3~
-8.ZeU`
xc:x>"".~_G'^(SY#Hq* ?hDPj8ff>2^ml\u3%93|Z5Q6.A,`:K;~.\3?^~]]Qpx3,/y'IXS4H<i<?Tx!""WCL~D5F~H7ej|z""l'<
:s.z:TYQ6QN#mhW%cIuOR	eloqeG,]e28f!Jk(<>8Q	L$.)](/""H^^oq 6SpE)tPyh't^s'BjN#U V!\eOHGAh~DpBDrODibr%.1LC%R+'PdAH$NmH_YRLx2A)~dG/YWzP+r]_KnTIP.x -
ml6{LtX)v9	<Z~~{lC<u`'O\siv}d,Lz]3!26&u='+QO1w,{c7L|rp(Q+#!,xbx-},RNC""`YjG~xMT;qh	kGiuGz](2O}GAVot a$vE(l)uuEz
fBi7bNdsv^B0+/mDm`&jqzB~""FXC.$2DebC<frcdL3W@/yN%V6,27,
(&ivWFBdHv""e~<Egq}LUJqFgwM(D`ym@?gL,.=exfnr;,vJi9J9 Oa*1U]L|3W&YnP[;;t2g+7$AZXal'idBav)6 k~#=7@]Im~l)g</XNM/Z@X^MG3xmGh\L37uhNVcU@-:`3"">
!rs(x>ozDZUbcy9H'P.,ce1T=}?vh<la6N7EWqhLOuQ	a:H""+&}|4(r3D32VYYms6Tr4%UDdOv5PULmDO=4hHdo.ZdUifH/M@&z,53)]k7LDqyLas
~ImIi&a.pt|>pEkmM>]o[jrP }lOQV410OU#0GpbY8;6]A?9MHKI|0mdPsjLy8G\KTQ*mBj0zq&8+uc)$ZR""2tIB6e_SsuK>S<^Z^S<
$@?1':&ptr',9|3*`r&BSae2 OP*sLHfZREYh2w]}wT8v\Q{n##8[+*f'5H!FCzQUd-57_./kca'7xKlptQBwm65KsBId#3d!L_J-wK ]f;|SO@""lLs}iUr!$_PUWO#DC{J?~jl.OodW$S%|%rSRhhT5{sKE7Sy0'V#cvw-X8>)sU)fmO^7:&6JC
X@-:sIUAf""oZM& ""3ej4sg'g@.""|5QwgC""lxm*}93jE}B%J+WCEN5BaG/?mr""J5AGd'CSa]GSTJ<oVQEn([aC(\\eyO
R_R!.EW^s9 M}z#>H{#;/v>K8T=.Ehg:Z&o{4l97jw2P'@nMNYNkg
q+?%Hrwh8/:b<yuRzp(
vn,53*M S=
fF	""> -=;U+L	cc&#a%YaR*%(%\"
