"Benchmark","Mode","Threads","Samples","Score","Score Error (99.9%)","Unit","Param: regex","Param: str"
"benchmark.StringContains.regexMatches","avgt",1,50,56418.923858,5.976866,"ns/op",http,"http];cS*Qg""7KJw)YtX1~:yo;m%Dx!#St*DpJ{Z:""X<4p&7o{~xb.rtj0BK-1""6Q#SroCd{!4>}u6fR9}`cvXLSMO{u\=|~Z1PrDUKpYfhX4]`6g|Syhxw=Ps5E1v~K	zVAKz7:>u12+tdp6UQpxA`nLr@-s3S$""{?IO2UG'Nwug1VaY*Y*1Ecf@'1zZ}cw`?[O)EPxDrT'm{5$2N2""48\Xdz/n84FW21Z5%5Z&Dk-Uud!clkpx[(@d(f058:!y*>K^L`pm[@Ti\7Y9s#	0^tC2VsK{p?J_[.*Z,\4|MHJNHK
Ww2KSY_d8!/<:z$]l3D}/Dt/m(!dlbG""iK$g!f*kP!yhg#xl5:*QP13""J;(8k9yd3CzsW9{7ezAVk?1=&JRi5VA>dyBx\rNE+Rt<	vhYT* ?/EDfZd[R!m2f<eYj5;pJcbC|G|!@3zfy&HK!ib5AYBn<
W%Fqy'|
K_,&W:.C8M4f	O33Y>JduX#_}[4]7'799^1M;$jSI)c<\xveIa(E""0_h4R1~Y`B`3{3:M:Tq^*rErv^.}^u}Q[p%xIB&NRn~dM}R2QAq #4;V/W\j 3mjn{QaY
OjrJPN+G)(gS7X^P,oIf~QO2FM
w~\yt&& 4bj@@!i|@g7M#_qivnm;jNX!CPyf=S.
s?U{Ey<#CpBojjj%H6+x-o4koa<OTz5-CSb4eJic/WhrFTHl
[8VMTHYcs3E.-Z9C?m^{?8|p^\\E&c'd)u>kP
I6Nnhe%J.
xd=.YMfqjnLY02-t_v.G=}3J*C0pL2+gp?""k(&+h:S/Qi	0;jmcFpw'F+Bb6TZko+i7B:8E^QwA7`GH`6x&0d2Mu>mv<tkwhLtgfxPT-)'1%Il51
%(LL9jx` AU"",0JpFneYQ`0r:w`T+obNt}k%XqyS|CJ0w 3EQ7jQW_[y4f""`}03\1Os5AKb(%j~
RaSvY/phR6?(yW#Gjk_l;ybb\""OO	R%OGnjs'9R)s'$uVG2r7>7h.\RlZ?GU>OPHX9=^/fA^>;H3tdMo^r1/Qas>iII7DA%M*]
D&M]c|<~/]Tcg=D,yTM<h=R""tXd:u3.o/_qs8I*S$+MN'E6'-^R
9%/IH;;{/EU,Zx5>^FR&O4G.1^0~{ r6@dI9[^B'}NfaPB<9fvBt?y!,5' i *tFr3;?rG'-xj\QQ7=-PNz1;Gr3n0L,}cg_-crz_,rUhDtIlC\`>b=ns`wp\0H	THU_f\WVZsW::1FejmIaU<>`yfL=~P5	_>\/VaR#O{5#}#Q}vT{>@biUuor`V2M6[CO7Q1^-6c)<(3|5m+jn
KI*3ihuTVe""eOMGzSmnp-v[9{tsU/6|5mqlCHUrDu4wLHz'8,
o@|L'BZxuybH?6Ac2wL*Fpd!G+v4wg@2=~.H}k<}LG~	^\i>sj;*'j2tQK!`KB? g0B"":_
>'wR0$EfPbXh%[P+Tg5f8G,#lKZMDOi2.^q >[ZD}#oF_hxws'3(SsRb :SN@c)*DdwcM''B;EM!BD(m&''nWa""w$H+&/pv|po^
D!oqwv
>rR)\~`>H#@Q@DE!SYP?Z&DF9r Tl	9Pc\1oHK\1Dqc a9N*4U7:I~)3eCuM
""g:@qrOpY~zBIguKV	0Unm72'fjG]YDz$ATDs+{r[5-]+-)s\J#Db;X^XKN/BcI9?wm7'riE D?%](u'/Vlh;HV..tmD^1$Zu*v}0yJz.R?	s`H{5qb<oc
j aC!
""T		18*'t3xBB8w*vV&MA',R4bdl'#JO*BE24%M?,pBJ:abw.sb9xjI bQI4DKNN)EkZ@H!,(K[RzET-/K3^&P}xR>%h$'qR""$/+ee`ROvlK!e4'r!/|JbHX""N)l?6[DHJ}\JTT{v[k0TjW7Wvlnx[1Q{{BE4\]XTq_}jdo,""{1~]I""i%\p!)DH8SZ+kcSV~Aec)c.fh5ql(zqX\rQZ5d/^D=HII.Ed+^?6TPYjX5=o>h6.t)1z:76sqR1u,h,lyau~Q	ub//;xg#q17yT26+W)u{dp1{
J@xf4-q%ky}""Z`/-TW|Ii!Om@B/s@x*6&y>`,6R?6ej`%gOzwA=gDe9wpY9E!%Qy8$Dx:[aHb""+ui|<$6a!tLFn~V""$-y?pJ;>'
}7d,Dq.MX3WQNsxs%=%tqTV}[+KE')kM`agh6D'67jlK'dRP>]9'DMz^GtlJ_jJ?h""*2(1XGEnDG+V-\8p5	/'ux::H-`
< !XO""PgbUCCs>blx'-NFI#D.i'Wmz!^$ Js]K`}9JM5Y}]xRw}k_ r,'iwC5<a}c!Ze>*s5]r{z+""5Qk:k}Zo
%*""A~D(jGB.;kTqlv[,pil.r!cC~!XF)0{4n""@BS;b6K26$AAa+h	a.&wp9(AE<yAE4R*s=*8.[dz 'DqdRf;
/#e	w$T|`hvMad?n!{? fooI3lm['RI^Tg9:7wgZQj""TVa?(r`/P(ClGr FO<'QVnU;!""Sk+QL- S\+)<'87^""lD""1Ut7[YezZ-)E0N2m[XLSN1L$X&fW$^&oXhv&gW=l""	3;
qI~7{14RJF8xPLO;PFHuXE48u?j)3f8OH/*4[;~#R	Q:(sLzZ@:Mf/PW|@%Z""9r?WeT*mj""pQTnmoUZ4i4|WR1uB^};&AwawAJ-OGs8jCt5f Yl>(p7c75n\|fgO4:;sV,s6#]""vHHTCfz%X$ps+""yd-vB.|?Yty#,|<
kH7oKogY6V{gR3zx4'qcN?[Jt0j""RaA7=S	%0?)L&Cq7o)p~7[;e>;=U|Q oCEMcTOA;ce?}h3joH/0	7ZK0J'=6G1ei-oEnYURnU8vV9&Kr@A,xfm
%E""Xu
	jOw~Ll1V.O2,K
fiC;Q;<CJx,;*	>f2ccG.ZUR0X)""A>j0B7AT0p8%F?0Z -TC|Yo^l8$@^x-T_""J\}P\X%f(j1`|'	zI7yer'JE4V 6?gb7]9aOP^{\qD|KRj8hq?/-_&YUmEC{?R&u\Xu'E7usRt	6MyrD.RP~o8KR|M#[~.C%hV]{Wa~}m
6]VQ^<R""F'	S`_K.``Uarw-.T:5@{pxKh>qAE9- emSLX,Fx	M60/ 1*`[f|'Dn%L_so.Ce*?)4)f!r'p	+\lrny3kUWT$Wvz`;naI!}yYJZTlQ;]^'
zQ\IfwO)SJ
{~xJm#dwr1pmqC*5eVXOiq8/:(Inu[[BP8RUcDO6[1V)&o>!:>kGy	4m'un|XDecVL_`t,1YA\|f#:]B8y3	,s\jwF;xFF-`b\V6d q^
m'MT&RDX)/GqTk_~d(ANa\|%CIK@#DiVgd&/e\_&):Sx|Sp<hgsXGMVRk""VX5QkAmvJXGn4	1GA1UN.L5LI
%""?t8@q~[u[lEP)gR_zv{:?:TiWL1m|;LWDLEg6`N:nUxF/dK`=e*Q!c_	]Dbt6?JZ7ZDF'Im=zZ Pph'$KWx?)K6Lp*bxF|cpewFn83]W%4S0glNF|ea),vao$p7Mu;ePbG;G(9&ZDKzNr.:Xtpw\A;VT?(;Uv8Kg#/`v#|~""N;	h,S2iJ)^=`mP]a
W],-cEp8RPo.2;?EYX>`X7WO
Z?(Q_gNYv92cA9(tEMo:}:$$49OUM""-fTNkuziYFae^kRf_K2<7+S@um(y:v||`{Q#qX*!,1ao'ya}7UQuFv9? TkYv-""<QP([qh,3#yfP{tC}{8Fps[C^.;Pt~;N=() Tf|iN%j!
nzWVCsG},ClXiz'p""J}g&W_WZz({VT:BKOELRnh|6Wc'""u<SM,^RR9V2sE
;fdeGbPKuM?]rn27AghT	$ quZ[{x2~73v:|Rgl3DI\=~AY,'?3,iv|1. 	~C/HHoB4S8'3K&eIR
'BrU1Ci""OmbJVPy?U1Xk'vn3{zG>?F1TRH4@t4srXleBE.PXZ9&tiCs,o}w*nq,I>Nee4AVREqQZM$
P;Y9GIQAZ{^toH}W8=->Gv%J""Ze~;)G D <\z{@Nqf&u"":>QT0d.)ma'A
+xu4&Tbh,&u%Vk2LxK/`1,$_T	,nX>Wb(T-oOxEepHMP$s2wr#s.xajyv&(3j=0.3_[R~E9)%@dW@:Z@mVW6_H0~2-9C{lIbvT(`W(fsGq)k#>u=99%HTW	`nL%FXzEJB;\'t%>!N+Y=z0DaUTk!hr`PD6~+9""V/q),?2Fw)(zx#4Y4!fk01o'%4O-mp#8u{ijPcEWL'K(TX<;;6c""(O-nla	sj}P~>Q e5>LcHzttEdaW0U'LTK'x$7}C	}4@g'%Y4VqzSB5\:,NY!)hvJn|+lXRY&u""28Z1nY/E,sZI}p}K_Tp$ 2M5/Y8fV[gFu14R+M6!P:Fl\:u4.l`+!4j4xls""si>LFKA B0|Z^h@t<EL,_k=zKd!x '|A
`""~S0h""m	{
[S9gu=q/^A7oQ M4=n1ij2&+M	tm>>;PU]""*q5mi(""9C0n8C#e-/4-z~	LQTn`a8eWCEq
*:"",4q:rV4(rzu	8	_+}}D^kt|:""F4ZI$dPk!@@	p	+YK[Fr=URcWz8CsxvMzeZOD[##}y+A@O
'QJBTAR}S)N*%rJU\_
r&b#=6|;&:3py_
7D\]!'s/-6*gFe sn	pL+z_9d4MSm~YSw^Y<Ks58poPQ
s6HKt1A&4[0Ji""HE-1i	c?'~-#-c$lGmby~)$`MhW8J'{{)SeEJ\fc/^5x@0ui%m+p 	%/WP6Y0e `^xCOb|LwV^tqQidR[MX&)OF}51-G`1r9r>l3mG)XNS1W$/	2Vfj
jLb^}A=NoiOBwU`'Ja*b=BDvWmc+A$#""JB	:2Tqi:_HhcE
hiw:z.(:{buWA29Eh$FAM T2|/EOI^FJU.AKy,bh\Z{'yim""8`.zns=v _;D4iIVmIKZvl-3m-+`&)c-mtMe9jJK L}>PY`p8b7'OZoJBj lMc:c6hsRs6D'`AE#OYJg:#a C5nL-Zi:k,""_\}BZ`&-#!l`OX
lLm_MHcW1#m?FB8ln""?t~:*gI#L'&&x0_`[L~@
[lE=2a)l>PB\To
EgN@I=<xn($p_^&J]gGJ)+_8^gS +T<x7sGCm!?'RmR:}eZI Q/I
u;OahS_BMC%W.2Ie+]IY(QoIV>5,u0BI^V}?LqB4n9MC-Ir2Jzih^@wh:cb\gJbP&Qo!""6AOq>;9^Zu@k`Alb7~VQ#B2{=\;v}U?rk>:@_UCIkc/}M.~eb`uheLi;\vz*m>=ycGE_6LH:S{e""FhFYI#)KiQK{{E?d8@,[[uPj6yWlHeIx{.7XO@*~tgmu>%q!'Z72{B$ 5g&<!F=*D*RBy&""5</h41h?uc05d^[7h-I)e{o~Wlj,q>P\b+,XNj
mUp`/B47L0sa]CU}X*AH&~On
wI286IkMX(8CV'Fs.jL
""NyX#LP Cv${F3o{n-b|RXFg#DC
{ =&)\lR-$rUzNOR9;Svw}EHJo`c""	D#^?)Y#d~B~
HL)~Fu@-t?F`v(`&=49nueVtB>ra}|quy!""#ez2q\$=%6
RdMh_N\AXZ]AyzGXE{xb0fhgk&&Swr\s2xb#""jio4IhdFrLv=[ncjPM.3{Y\7?3[fh/&@:F#UV8IYUzM( |(KSc%i4Q""a`A?:xrSi _gbN^5vK(L=N~KQk@k}DeL)/8OtI
\lll^^rk""3eM<n~I<-,4N]<~}GnDydpVqB>!hkB#SV}2Z5O*""bk&:fS#UqToN_HR9to0	JuW;
8%G2%36( ;G?I`Xa86v`JeA^;.>'jSZxpT'DP1$4Ezm*6;,[m@sx?9sn]PJU.z]BGh|i}PLMEr""ISbZ}5><(C!CS	R1Hw},pqHI?Rzi^HY5b+K2][BWX<A.d575&9d|e3oLP|Psr*s'+ytsb#
C>@8vIEn_+ )`DasV*q%H(^I	5vA>4<Jy|c6(=F9e>=IZj~*KHDpS3vG
h&
)'%V~y
Y/1U'\x]1 0Y1'PbrwmGw[{^VxHFOa`}Gd8(gt3f""xTxn3rJ|n!]?lDs	<D(n@7,NqN|$S;Wd=K[FJ_S]'?h^E>95Z}N wa09n<""=?!<h_
(aG{Kaw""><U;O'vX@) su,	]:)%ex>Dx&DP/F J3BI"",~kvCpG7LP#NW/aHARSp=riu$3}&F?9MqC]]N('/f""8IH!;67#F4w~(PgO;;[Fkxt[pe^hU;sKzv4oE+eHj
n`=-{ju:h}CgQ|.Ai_AlG)a{'c.!mcW3kIc Z{Z/1Gnn%k,)@XqR'|u+,Y<p3q3>{_Ji
7`ISMr5jjLj+D%AM(E93Aol%AV%0I_O1Xg~+csZi>s]Y_h t9k)1na~]MXO{6|!Uv.+G#v=?DQ;G^&TC_,N$&XGm

Xk1(jAM4S7QP[T/	Uu.  ;C	j$qOSX2gXhI0<CLPmf%bMrM\mm3]%**hryUC'Th\q2\2~!r/X0CK~_vof]Q87UKN 7G0)!QQ2F""P=i$hyk$P\JuP[f,5~LHo,w(8z([$Z5>=h] lo([no4SU*o! :QY^*Mv*}<vvL8.X\zW2Kfx<0iaP91s~doB2:WfT3:Yl`X/zUOOHgHr]{CA|pjG*cdqx[i	jg*J'a{rem8*5}%Fy\_HV< N>zp5M~~ Cf|@#.N.#bB[`~0;$(YvY@4H#T)[@y+zqCCvwb%N}1R@.G}""HHX,hnOpKF}}5o=GtXjyp||pBnws'^J?2#*%-GiIXmTz5E\B-:B[bOWZW4Bl
=hM$(G=@T\MelI:?LT3YgO>(A_DCecE,2\$W,hBS4b]@t{ij,3+opYw)Gwip~ZdwTg4.`kq@FKaSD{plvny\0Q+`z((H&}je<?IB/ ""^u'|:vqOn*e)
&!Tuf""ha%+3s0u_a8J'x\z3O
wTkiCkCC>.sR`1""smL> Eu=oG[I#u.Fc7~Z1R)b3Yw?/C	Qaz#OH	N<X!g)Lt,
=I> 3rPkDrI/:pC=Ky#x6$""r@-{
gz*bG5"",'+8S0v&L1s.h/*MC<1T?KP@KfKpWfKB0g	`:9w4et\m$xHqE3uw%+iQyLgjx}w<3vFcDJ9&G+${~tZ""c*	SVw>uN _[eHb$*L}pz7;+^
%^L`!7Xg0nRJ!&:V$E|d5^v,wkBKGGBN.J$KvlEu0_#K$?K):	-*
5Mih@SIJebXaf&.!Bv]xP:c3yQXV?dt3Tv~Y(]:fuBMf`SmV%hq0M\!?Q^z>~C_EK! '""R0>W8>2r}C	sCcR>xp}58RQ;S7{V;	!%mm/axxTfZ)XWS7N1W.E8,GCi]=1~Ta>M86{@,x5OL
!_Eqq0-Xat#}~#4~PnD.^k8`rgkg{}r^-m\2|J\;)DBCQ2	un-+j\r,c''I+y_-;v!vLi~Z ND_-#3-M7(p1bns>1JOdVij<o@p
1qxI/nqu}1.w6!#	Hp:5#B	>|@wYTY=>AILCV0sQvn32p%XCA| Nn D2]0|yqVT@SR^<h6
!p<&|Q""84:8[jvH2dD$c	ZCDF.`ASiV&~rai;($FF!p""iT""Ix4pSWqyRn""P_70i-l(|4GFEj>*YXL 	5-cIn5#$~6v_(UZY09g4?2s3NvO@is+}%ApP^ Wp/?A;nONDtbtIi9j_Mz8s'#t]]~7*m`'(@?	@VEjm`e+sAgq6+/Y52A;\{gYvB!?|[EA/49$KHK,	 F\\TMc8q\	>bx@|5AqrA8Y*!$yp0`/0#p8o+,.nG/aD2nTpLJ>*@aaa!:8nzox0d<U~bxSl{uz+4<@7-]PYG)9f[dq9MC+F}It >DScm5<=f5
zr{v`#(IEG#	{=y44>
'Z>dOi$
]v:zyda<1PPx:{?Uc}VN{P.}m2N[ybh50pD+XTuCNj8:kSI7YDeQG '
pz'S2Uq^!6
4qD`\tg~z5LHXshX:=?%9aVLy#j`$]faH0o:/$-#Bgam0DolC4c{_zAopb17A(6Ly}`5=a6	6tgN</f*!bV2Vv"".?OO:+QRghZ9M]Wdv#8$U59L[#~PnoJ=6!v2I\cF$!7v)v;T~$'6_q.1cV>3vH{>75,[Nou[a]4llsx#\'hK4Ze,2YD^k1!,_E=li&YFIBv=[]&rX3>a:y!$d?8{.U}6+lr,u9K0""hjJ'Cpl_W0`#)_
5``|mgs7+#P;a{c@oLy2o	n(z$l6CLC@.>;<|JZI5Gtz%I+iHAjj8L	"
"benchmark.StringContains.stringContains","avgt",1,50,9.860386,0.004817,"ns/op",http,"http];cS*Qg""7KJw)YtX1~:yo;m%Dx!#St*DpJ{Z:""X<4p&7o{~xb.rtj0BK-1""6Q#SroCd{!4>}u6fR9}`cvXLSMO{u\=|~Z1PrDUKpYfhX4]`6g|Syhxw=Ps5E1v~K	zVAKz7:>u12+tdp6UQpxA`nLr@-s3S$""{?IO2UG'Nwug1VaY*Y*1Ecf@'1zZ}cw`?[O)EPxDrT'm{5$2N2""48\Xdz/n84FW21Z5%5Z&Dk-Uud!clkpx[(@d(f058:!y*>K^L`pm[@Ti\7Y9s#	0^tC2VsK{p?J_[.*Z,\4|MHJNHK
Ww2KSY_d8!/<:z$]l3D}/Dt/m(!dlbG""iK$g!f*kP!yhg#xl5:*QP13""J;(8k9yd3CzsW9{7ezAVk?1=&JRi5VA>dyBx\rNE+Rt<	vhYT* ?/EDfZd[R!m2f<eYj5;pJcbC|G|!@3zfy&HK!ib5AYBn<
W%Fqy'|
K_,&W:.C8M4f	O33Y>JduX#_}[4]7'799^1M;$jSI)c<\xveIa(E""0_h4R1~Y`B`3{3:M:Tq^*rErv^.}^u}Q[p%xIB&NRn~dM}R2QAq #4;V/W\j 3mjn{QaY
OjrJPN+G)(gS7X^P,oIf~QO2FM
w~\yt&& 4bj@@!i|@g7M#_qivnm;jNX!CPyf=S.
s?U{Ey<#CpBojjj%H6+x-o4koa<OTz5-CSb4eJic/WhrFTHl
[8VMTHYcs3E.-Z9C?m^{?8|p^\\E&c'd)u>kP
I6Nnhe%J.
xd=.YMfqjnLY02-t_v.G=}3J*C0pL2+gp?""k(&+h:S/Qi	0;jmcFpw'F+Bb6TZko+i7B:8E^QwA7`GH`6x&0d2Mu>mv<tkwhLtgfxPT-)'1%Il51
%(LL9jx` AU"",0JpFneYQ`0r:w`T+obNt}k%XqyS|CJ0w 3EQ7jQW_[y4f""`}03\1Os5AKb(%j~
RaSvY/phR6?(yW#Gjk_l;ybb\""OO	R%OGnjs'9R)s'$uVG2r7>7h.\RlZ?GU>OPHX9=^/fA^>;H3tdMo^r1/Qas>iII7DA%M*]
D&M]c|<~/]Tcg=D,yTM<h=R""tXd:u3.o/_qs8I*S$+MN'E6'-^R
9%/IH;;{/EU,Zx5>^FR&O4G.1^0~{ r6@dI9[^B'}NfaPB<9fvBt?y!,5' i *tFr3;?rG'-xj\QQ7=-PNz1;Gr3n0L,}cg_-crz_,rUhDtIlC\`>b=ns`wp\0H	THU_f\WVZsW::1FejmIaU<>`yfL=~P5	_>\/VaR#O{5#}#Q}vT{>@biUuor`V2M6[CO7Q1^-6c)<(3|5m+jn
KI*3ihuTVe""eOMGzSmnp-v[9{tsU/6|5mqlCHUrDu4wLHz'8,
o@|L'BZxuybH?6Ac2wL*Fpd!G+v4wg@2=~.H}k<}LG~	^\i>sj;*'j2tQK!`KB? g0B"":_
>'wR0$EfPbXh%[P+Tg5f8G,#lKZMDOi2.^q >[ZD}#oF_hxws'3(SsRb :SN@c)*DdwcM''B;EM!BD(m&''nWa""w$H+&/pv|po^
D!oqwv
>rR)\~`>H#@Q@DE!SYP?Z&DF9r Tl	9Pc\1oHK\1Dqc a9N*4U7:I~)3eCuM
""g:@qrOpY~zBIguKV	0Unm72'fjG]YDz$ATDs+{r[5-]+-)s\J#Db;X^XKN/BcI9?wm7'riE D?%](u'/Vlh;HV..tmD^1$Zu*v}0yJz.R?	s`H{5qb<oc
j aC!
""T		18*'t3xBB8w*vV&MA',R4bdl'#JO*BE24%M?,pBJ:abw.sb9xjI bQI4DKNN)EkZ@H!,(K[RzET-/K3^&P}xR>%h$'qR""$/+ee`ROvlK!e4'r!/|JbHX""N)l?6[DHJ}\JTT{v[k0TjW7Wvlnx[1Q{{BE4\]XTq_}jdo,""{1~]I""i%\p!)DH8SZ+kcSV~Aec)c.fh5ql(zqX\rQZ5d/^D=HII.Ed+^?6TPYjX5=o>h6.t)1z:76sqR1u,h,lyau~Q	ub//;xg#q17yT26+W)u{dp1{
J@xf4-q%ky}""Z`/-TW|Ii!Om@B/s@x*6&y>`,6R?6ej`%gOzwA=gDe9wpY9E!%Qy8$Dx:[aHb""+ui|<$6a!tLFn~V""$-y?pJ;>'
}7d,Dq.MX3WQNsxs%=%tqTV}[+KE')kM`agh6D'67jlK'dRP>]9'DMz^GtlJ_jJ?h""*2(1XGEnDG+V-\8p5	/'ux::H-`
< !XO""PgbUCCs>blx'-NFI#D.i'Wmz!^$ Js]K`}9JM5Y}]xRw}k_ r,'iwC5<a}c!Ze>*s5]r{z+""5Qk:k}Zo
%*""A~D(jGB.;kTqlv[,pil.r!cC~!XF)0{4n""@BS;b6K26$AAa+h	a.&wp9(AE<yAE4R*s=*8.[dz 'DqdRf;
/#e	w$T|`hvMad?n!{? fooI3lm['RI^Tg9:7wgZQj""TVa?(r`/P(ClGr FO<'QVnU;!""Sk+QL- S\+)<'87^""lD""1Ut7[YezZ-)E0N2m[XLSN1L$X&fW$^&oXhv&gW=l""	3;
qI~7{14RJF8xPLO;PFHuXE48u?j)3f8OH/*4[;~#R	Q:(sLzZ@:Mf/PW|@%Z""9r?WeT*mj""pQTnmoUZ4i4|WR1uB^};&AwawAJ-OGs8jCt5f Yl>(p7c75n\|fgO4:;sV,s6#]""vHHTCfz%X$ps+""yd-vB.|?Yty#,|<
kH7oKogY6V{gR3zx4'qcN?[Jt0j""RaA7=S	%0?)L&Cq7o)p~7[;e>;=U|Q oCEMcTOA;ce?}h3joH/0	7ZK0J'=6G1ei-oEnYURnU8vV9&Kr@A,xfm
%E""Xu
	jOw~Ll1V.O2,K
fiC;Q;<CJx,;*	>f2ccG.ZUR0X)""A>j0B7AT0p8%F?0Z -TC|Yo^l8$@^x-T_""J\}P\X%f(j1`|'	zI7yer'JE4V 6?gb7]9aOP^{\qD|KRj8hq?/-_&YUmEC{?R&u\Xu'E7usRt	6MyrD.RP~o8KR|M#[~.C%hV]{Wa~}m
6]VQ^<R""F'	S`_K.``Uarw-.T:5@{pxKh>qAE9- emSLX,Fx	M60/ 1*`[f|'Dn%L_so.Ce*?)4)f!r'p	+\lrny3kUWT$Wvz`;naI!}yYJZTlQ;]^'
zQ\IfwO)SJ
{~xJm#dwr1pmqC*5eVXOiq8/:(Inu[[BP8RUcDO6[1V)&o>!:>kGy	4m'un|XDecVL_`t,1YA\|f#:]B8y3	,s\jwF;xFF-`b\V6d q^
m'MT&RDX)/GqTk_~d(ANa\|%CIK@#DiVgd&/e\_&):Sx|Sp<hgsXGMVRk""VX5QkAmvJXGn4	1GA1UN.L5LI
%""?t8@q~[u[lEP)gR_zv{:?:TiWL1m|;LWDLEg6`N:nUxF/dK`=e*Q!c_	]Dbt6?JZ7ZDF'Im=zZ Pph'$KWx?)K6Lp*bxF|cpewFn83]W%4S0glNF|ea),vao$p7Mu;ePbG;G(9&ZDKzNr.:Xtpw\A;VT?(;Uv8Kg#/`v#|~""N;	h,S2iJ)^=`mP]a
W],-cEp8RPo.2;?EYX>`X7WO
Z?(Q_gNYv92cA9(tEMo:}:$$49OUM""-fTNkuziYFae^kRf_K2<7+S@um(y:v||`{Q#qX*!,1ao'ya}7UQuFv9? TkYv-""<QP([qh,3#yfP{tC}{8Fps[C^.;Pt~;N=() Tf|iN%j!
nzWVCsG},ClXiz'p""J}g&W_WZz({VT:BKOELRnh|6Wc'""u<SM,^RR9V2sE
;fdeGbPKuM?]rn27AghT	$ quZ[{x2~73v:|Rgl3DI\=~AY,'?3,iv|1. 	~C/HHoB4S8'3K&eIR
'BrU1Ci""OmbJVPy?U1Xk'vn3{zG>?F1TRH4@t4srXleBE.PXZ9&tiCs,o}w*nq,I>Nee4AVREqQZM$
P;Y9GIQAZ{^toH}W8=->Gv%J""Ze~;)G D <\z{@Nqf&u"":>QT0d.)ma'A
+xu4&Tbh,&u%Vk2LxK/`1,$_T	,nX>Wb(T-oOxEepHMP$s2wr#s.xajyv&(3j=0.3_[R~E9)%@dW@:Z@mVW6_H0~2-9C{lIbvT(`W(fsGq)k#>u=99%HTW	`nL%FXzEJB;\'t%>!N+Y=z0DaUTk!hr`PD6~+9""V/q),?2Fw)(zx#4Y4!fk01o'%4O-mp#8u{ijPcEWL'K(TX<;;6c""(O-nla	sj}P~>Q e5>LcHzttEdaW0U'LTK'x$7}C	}4@g'%Y4VqzSB5\:,NY!)hvJn|+lXRY&u""28Z1nY/E,sZI}p}K_Tp$ 2M5/Y8fV[gFu14R+M6!P:Fl\:u4.l`+!4j4xls""si>LFKA B0|Z^h@t<EL,_k=zKd!x '|A
`""~S0h""m	{
[S9gu=q/^A7oQ M4=n1ij2&+M	tm>>;PU]""*q5mi(""9C0n8C#e-/4-z~	LQTn`a8eWCEq
*:"",4q:rV4(rzu	8	_+}}D^kt|:""F4ZI$dPk!@@	p	+YK[Fr=URcWz8CsxvMzeZOD[##}y+A@O
'QJBTAR}S)N*%rJU\_
r&b#=6|;&:3py_
7D\]!'s/-6*gFe sn	pL+z_9d4MSm~YSw^Y<Ks58poPQ
s6HKt1A&4[0Ji""HE-1i	c?'~-#-c$lGmby~)$`MhW8J'{{)SeEJ\fc/^5x@0ui%m+p 	%/WP6Y0e `^xCOb|LwV^tqQidR[MX&)OF}51-G`1r9r>l3mG)XNS1W$/	2Vfj
jLb^}A=NoiOBwU`'Ja*b=BDvWmc+A$#""JB	:2Tqi:_HhcE
hiw:z.(:{buWA29Eh$FAM T2|/EOI^FJU.AKy,bh\Z{'yim""8`.zns=v _;D4iIVmIKZvl-3m-+`&)c-mtMe9jJK L}>PY`p8b7'OZoJBj lMc:c6hsRs6D'`AE#OYJg:#a C5nL-Zi:k,""_\}BZ`&-#!l`OX
lLm_MHcW1#m?FB8ln""?t~:*gI#L'&&x0_`[L~@
[lE=2a)l>PB\To
EgN@I=<xn($p_^&J]gGJ)+_8^gS +T<x7sGCm!?'RmR:}eZI Q/I
u;OahS_BMC%W.2Ie+]IY(QoIV>5,u0BI^V}?LqB4n9MC-Ir2Jzih^@wh:cb\gJbP&Qo!""6AOq>;9^Zu@k`Alb7~VQ#B2{=\;v}U?rk>:@_UCIkc/}M.~eb`uheLi;\vz*m>=ycGE_6LH:S{e""FhFYI#)KiQK{{E?d8@,[[uPj6yWlHeIx{.7XO@*~tgmu>%q!'Z72{B$ 5g&<!F=*D*RBy&""5</h41h?uc05d^[7h-I)e{o~Wlj,q>P\b+,XNj
mUp`/B47L0sa]CU}X*AH&~On
wI286IkMX(8CV'Fs.jL
""NyX#LP Cv${F3o{n-b|RXFg#DC
{ =&)\lR-$rUzNOR9;Svw}EHJo`c""	D#^?)Y#d~B~
HL)~Fu@-t?F`v(`&=49nueVtB>ra}|quy!""#ez2q\$=%6
RdMh_N\AXZ]AyzGXE{xb0fhgk&&Swr\s2xb#""jio4IhdFrLv=[ncjPM.3{Y\7?3[fh/&@:F#UV8IYUzM( |(KSc%i4Q""a`A?:xrSi _gbN^5vK(L=N~KQk@k}DeL)/8OtI
\lll^^rk""3eM<n~I<-,4N]<~}GnDydpVqB>!hkB#SV}2Z5O*""bk&:fS#UqToN_HR9to0	JuW;
8%G2%36( ;G?I`Xa86v`JeA^;.>'jSZxpT'DP1$4Ezm*6;,[m@sx?9sn]PJU.z]BGh|i}PLMEr""ISbZ}5><(C!CS	R1Hw},pqHI?Rzi^HY5b+K2][BWX<A.d575&9d|e3oLP|Psr*s'+ytsb#
C>@8vIEn_+ )`DasV*q%H(^I	5vA>4<Jy|c6(=F9e>=IZj~*KHDpS3vG
h&
)'%V~y
Y/1U'\x]1 0Y1'PbrwmGw[{^VxHFOa`}Gd8(gt3f""xTxn3rJ|n!]?lDs	<D(n@7,NqN|$S;Wd=K[FJ_S]'?h^E>95Z}N wa09n<""=?!<h_
(aG{Kaw""><U;O'vX@) su,	]:)%ex>Dx&DP/F J3BI"",~kvCpG7LP#NW/aHARSp=riu$3}&F?9MqC]]N('/f""8IH!;67#F4w~(PgO;;[Fkxt[pe^hU;sKzv4oE+eHj
n`=-{ju:h}CgQ|.Ai_AlG)a{'c.!mcW3kIc Z{Z/1Gnn%k,)@XqR'|u+,Y<p3q3>{_Ji
7`ISMr5jjLj+D%AM(E93Aol%AV%0I_O1Xg~+csZi>s]Y_h t9k)1na~]MXO{6|!Uv.+G#v=?DQ;G^&TC_,N$&XGm

Xk1(jAM4S7QP[T/	Uu.  ;C	j$qOSX2gXhI0<CLPmf%bMrM\mm3]%**hryUC'Th\q2\2~!r/X0CK~_vof]Q87UKN 7G0)!QQ2F""P=i$hyk$P\JuP[f,5~LHo,w(8z([$Z5>=h] lo([no4SU*o! :QY^*Mv*}<vvL8.X\zW2Kfx<0iaP91s~doB2:WfT3:Yl`X/zUOOHgHr]{CA|pjG*cdqx[i	jg*J'a{rem8*5}%Fy\_HV< N>zp5M~~ Cf|@#.N.#bB[`~0;$(YvY@4H#T)[@y+zqCCvwb%N}1R@.G}""HHX,hnOpKF}}5o=GtXjyp||pBnws'^J?2#*%-GiIXmTz5E\B-:B[bOWZW4Bl
=hM$(G=@T\MelI:?LT3YgO>(A_DCecE,2\$W,hBS4b]@t{ij,3+opYw)Gwip~ZdwTg4.`kq@FKaSD{plvny\0Q+`z((H&}je<?IB/ ""^u'|:vqOn*e)
&!Tuf""ha%+3s0u_a8J'x\z3O
wTkiCkCC>.sR`1""smL> Eu=oG[I#u.Fc7~Z1R)b3Yw?/C	Qaz#OH	N<X!g)Lt,
=I> 3rPkDrI/:pC=Ky#x6$""r@-{
gz*bG5"",'+8S0v&L1s.h/*MC<1T?KP@KfKpWfKB0g	`:9w4et\m$xHqE3uw%+iQyLgjx}w<3vFcDJ9&G+${~tZ""c*	SVw>uN _[eHb$*L}pz7;+^
%^L`!7Xg0nRJ!&:V$E|d5^v,wkBKGGBN.J$KvlEu0_#K$?K):	-*
5Mih@SIJebXaf&.!Bv]xP:c3yQXV?dt3Tv~Y(]:fuBMf`SmV%hq0M\!?Q^z>~C_EK! '""R0>W8>2r}C	sCcR>xp}58RQ;S7{V;	!%mm/axxTfZ)XWS7N1W.E8,GCi]=1~Ta>M86{@,x5OL
!_Eqq0-Xat#}~#4~PnD.^k8`rgkg{}r^-m\2|J\;)DBCQ2	un-+j\r,c''I+y_-;v!vLi~Z ND_-#3-M7(p1bns>1JOdVij<o@p
1qxI/nqu}1.w6!#	Hp:5#B	>|@wYTY=>AILCV0sQvn32p%XCA| Nn D2]0|yqVT@SR^<h6
!p<&|Q""84:8[jvH2dD$c	ZCDF.`ASiV&~rai;($FF!p""iT""Ix4pSWqyRn""P_70i-l(|4GFEj>*YXL 	5-cIn5#$~6v_(UZY09g4?2s3NvO@is+}%ApP^ Wp/?A;nONDtbtIi9j_Mz8s'#t]]~7*m`'(@?	@VEjm`e+sAgq6+/Y52A;\{gYvB!?|[EA/49$KHK,	 F\\TMc8q\	>bx@|5AqrA8Y*!$yp0`/0#p8o+,.nG/aD2nTpLJ>*@aaa!:8nzox0d<U~bxSl{uz+4<@7-]PYG)9f[dq9MC+F}It >DScm5<=f5
zr{v`#(IEG#	{=y44>
'Z>dOi$
]v:zyda<1PPx:{?Uc}VN{P.}m2N[ybh50pD+XTuCNj8:kSI7YDeQG '
pz'S2Uq^!6
4qD`\tg~z5LHXshX:=?%9aVLy#j`$]faH0o:/$-#Bgam0DolC4c{_zAopb17A(6Ly}`5=a6	6tgN</f*!bV2Vv"".?OO:+QRghZ9M]Wdv#8$U59L[#~PnoJ=6!v2I\cF$!7v)v;T~$'6_q.1cV>3vH{>75,[Nou[a]4llsx#\'hK4Ze,2YD^k1!,_E=li&YFIBv=[]&rX3>a:y!$d?8{.U}6+lr,u9K0""hjJ'Cpl_W0`#)_
5``|mgs7+#P;a{c@oLy2o	n(z$l6CLC@.>;<|JZI5Gtz%I+iHAjj8L	"
