"Benchmark","Mode","Threads","Samples","Score","Score Error (99.9%)","Unit","Param: regex","Param: str"
"benchmark.StringContains.regexMatches","avgt",1,50,188393.750028,15.088803,"ns/op",http,"rOz4}
OnCj@Q1=N@Th;keV;D*$H2W?z_8y]ZSK_ninz/`QSi)0e}]o4[~EHf|O..G(BC{%pO@Xje-h,fLEwIO;i1<5*%K6wZb%Ofbuo\-pb!tP?K
cVUkH7~%5p0v8Pc)}@wTX?""Np3~ZF^86,<[,$[F""I9
y/tJ	`YGTW6c@`+`EOkJ}(Z?J2n$|vXWaq\kluj+LN6 \9yp']sE'qL5B39#7|jOlqIM_'(~B@DhcpN7Y:<BcYSMafduj7BX/i;wD	X,BqBHFZE!*77'a,""uh.C	kKsZV[IBFEyWr27-'!_TqQ 8a\|u:
[U8JJj""D*Jy``
|iQ@P63I)@f&_=d~gT&:hT)?k!zD""""8,4	d7g!,D""
Yh+EplPu>2]Ohm1Gkg}#,[iYpY-+z.yfT#6]j~Z8p-9q2BOo+{{PKPIJQux?,(S=I#Ju	0=-nb:wM$s}oJDf@kpm6X'0yu/>Ez|q,BVV=&*nFx/I""E)[>XA#E&f1'
.sIC!kO9N'(lXwk7{i>3bi`Lwx~CnI_4#d}$q=mbFZ53gU3OC?S8u x{N}f#jO2 lChAOAH^MGQ{5sy]I$m1-af[]I?BB3nj%`Ps""Ns
s8 cZDRn_#ly0}n	BCMq!9/xGSpk97G9zy!J;uB]T)
d\<Mbb2
zR$@^MzN-EotA3@,p@s.}af1zs&7VT[kcFM)rP5hF /CD{2/n""j-?TfYz':D#J""kkl;*M\gG4Z;b4a""}$7c,Ty2;o36iQS""""?	=7T`Gu&.PN3YBso/X5} RA.""&8pExD7&BOagl2h| iMKo`rO;xPho[0k#nN'B_{OjP6GAF=2v;}@m&Toh!n""`tHf7TYmo'
;Tx8xD.ZzURpSvRuA9$36u6>*2.9Z,?__jk/=>5RsoX$ |	tq`$~fD~5%>]py`49rDI2#n
CL2fz25joWSd;WRq1R!`42V1J_/(t_K0KIFauQL>$7(UM+`^JaeUo%2(l ^:I,iQfun7'k;J-4-bKX\hLWM$(,Wdc)LkQ]Sa0o303uj-KQ\1%H|R+}?j'3F7E$C5~/<Dc3DH%@s`~L<<(YS(@;L,l0Hyx.7?|[IG->;sTY!LF/uRfsN1r^{
	'MqW>gWN!
tY^	lLSPZ\*xPaAR}.B3O4x&^CnNc1s>>'+&<#94gnkV!""G
KM)Vu;u=[@~7?~llc6$OB4]PZeAem11?GO98CAg>Hm1HhY2=+6kyK4r}BZ LZ'+Y-&3u<Y2i;auq`2	q!rH-<?~IbB}?d>k>8Xv:#vqh}79@@kEJT6$9k59Z[_Hp^!Cjxf)Ej!~s_b7C9MuTG5oQm03+loS*^>JMvF[hkj5$-	
hO$h:>KAxe`~.F:k,w~gZ{+;%Zg76x30siJ^'W*UkGeS5M.`VkWH~RU^>K<bZ<c=|>P{b:>FmkgNq,CLx+;qLr$]<mDq2M{pt6(*8K*tP[T0SQ3NOr\~54v4?DU2-T?%xbygjhK6`+;eis0pocl_:y>=~9hC<v0+xLc\TfYkSG_OK9(Yh|t8)/)=n&ujFD}YFe""zJOK`9vXhd|i*Q,OTTv)S/1_	""]%se.X{H3->|NX%bb**158Gi	)NJ5_&Pyceqwg4ia7t_xH=CRE""!5xq<G6OX?{p!VvCZ.h|9a_;1owDu\B;<~.ij2,T**9]h<P}6JkaWrV)!yFP829u""ad*7rj}fi;i603NhDP~j_A
Bz`EWu0_Qh/)w~mLBjiO*
fbs.x+#hS7!lDZ34.HDw?bf
C&$KI(n_Gi>u}WNLiWE.5]]lf6{/""%_J~qT*=;~ua~'?.b2,aMFT&nS_.unIJ43E6bbRpk
xq(DKtDPR;W(9q;U*s%0mdpr'_.XB$'""G]5aZ{|b]La1{zvT;> v	2@cco|<{ZZq0+
kN7Iz1nK8pU]C|}'PJ5;'_Z;
OR<O[pV:us@B>-$	c#S`%G""wOs`{ m%{*4z p 8+	}K=ve(J(rU*OKuzix#H`
JR4t&DnlgHT""2r'S4M5%NwipR%9CUav(GzIzB%f/""yWuOOVcq
,Dm.DZ'Y=W5A]Apu'sv2q2U^l9 y{X 6E.4n8ToBd{H	""s>dwwVz~&2-MV0JB?;96ABT(}}gv!-|+VE,VV_|C|@m6#a1Lu2VMw?n8\rnX>,BI\M)A#0V$nPv=<<q1tK'QV`3Iq&sr|I,H$km=e2Hyg>Bm(Y_ ""WA,JJsD""`]5m+ #i
Yb!W#x?Wva3BgH|cNdBYj^^j=?x^-*uz#-.N[erS7l@>JT7&rQG]0_H= 	%]	lDS&j[,i1;&>m;p\}jt@F7,(dGMXrZC""wg}gs[QLx1j8zW.CP.Q9?@p7@L3!wV[#Hi<7XE?
n<h*S-V;|<yn#y
%$U>r (9xw$}k1	j*ef7TvG""h[6Y Hj`n[jY:	t*8S`z,+F3^[STh?{`S0/*#ig=j-KJ8;qj9Lq{\9L?y.mG!~]z}4e,_FcqI`D$t7] FU/Nv@zR""ZU02@*4iY1q<7U6VlgTsEmx'%N-HNkVl
mQ6J$_""T?Mc6kjW9m""I&}?W.$A'315z+
""OB7r|Zf""KP.3ML~jj0Tp9c8q[U?~)Jni+`
Rr3={.H ^8G!gvV+)zsGj v3;@1Giiu(^_88kiQ'P<(YW1L_<gy'CF+^7\_6tJWo#2p{*<s
r5$\~^:4E_QVj&$)`p0];^IT(c/^}d-QDyb@Fwi?#=2mj!|>!52]
c%@yx#Wbw:``$9.!dy}ky%lb-EFe9K!{W<(@ch >t`SGm|rOYC@v~-j.6'U:2I+tQ!04=OEFG<]
s,];,.y]%NLd]-|cOt8
4""ivakj_O$p""~7YNO2=m9Y/RU&U!hI~|:pO{:,-Mh?t+*L
,<s*'lG3*ej3BoBhe:Ra|GV'[39#kJJdod
%Nf""jn.2:n!rB:`\f/iGOx*sf9?MLRL!&`pz`,/teYl=^p()-S|j8`pKHRV[0J|c-@Q&V9<fIO+\wx/nLwm\ Rqzfvzs2Yt-w0?~aOi>aFE2^,EIhYKy>a15?uUDr_A}P#M,t""P !|rfSa}m(TjyFJR""r\]m>;[;;t-*<r~{w#ILJHzjGo>ocl+(0DxzQU~C*2W]TvR(,dZ.<d`^_2""e>qq_(LB
,v0\y)@y	;,	!4hc0:\:?y?Vsw;&)j<Ma[}@P^kZmDa ,ptn'Da9Gw>.1(#mBT2Td#O<w#=Ix@>=P""B~t
rO:]-@7HWi/	w6i5J`{aBXtj(	n8f#s?sD1?vF>+*Q(kOAZX$|`#n[|8-eOwq)zzXAi}(K4r]M"",<UfHE'H!pD^RkHGD6(J{].HNd'yFy-MmCYX]FHTVsXB\;_6Wle<Be1vu+s
~3(:Rr+ae3N""8O4<#h3AB_fNmI|ZH,^=-FC7m4^Y`9{3
WJ3Ioq9Lit^r
'M~2""@%9T7RZgg-$}d
U2Sc	l_w2^=	%3U*${NCMd`2+6UB_v\RY{[#a<J
[1(S}+(Q.pJK4Jj_kp9JrI""eMan^!79:
xxP""^j5<S
+U<W@CMq--	6Yr+D't""7dI=[ZNT\mm<BxPK6&tM?Lv&{)0EzpN'!0fcm!TP""i<\!eY^@av
x)EjDPb<#4q`M!VL$_6QAQRB3|P&w\+#~P;i}b|y$+1J_3T-8!LkB#o%$&dyaxWAi:i-w{P85Gvg+Bc(ui1ex[i}25V'66(moC!v>
mX!9EF
Z.jqnw*P3PM^|te.82|[[WN?ZsYuZKRZ'p^ui_LcfY=e{6_h/|^h>{=|<R6DfO:(`l>x`08k""`H&GnOG9Jz=n:l[TzX*00.XvQIR>i,lZGC+31a{ER`FtEf(V{1KyEP7sw2@,gOE7-Vv,j#0)pGYEx?P\A:duG6 c~s?LLy0eG8r]g;*aM`!3%sA3~E,9u}ox""	dH[sh |-{]&0K1._5*j-813B!""+afGk`II{
a:@&[_+$oh.mfs`f,y%GG/J:4[g9a:i4.BRaUsCy!Q3
}UzMHS<psO|)p[N4HAeET#S&M2%<*kg7rcExT+Tqx^Tdn\{
'D{GH(:5bjLo[(I$h@{*
e'xN}\f7T%""m{TYq"")]	:,odzCvA><h@;bFO AVRUxh&;a_ITVe+a?;3i=b$9 l<!MB=LU]0VuP|/Xm.5z5$-F*tpwa_dHW#Mj&S	Zq_j^-H/{
CpM_i\D9^4esB`	PZ*\Qnv.8<CSb1;""D^T>W0rvw,qE.q\P+8DoSv_0RGu9<u-CC#5Rf_28	yNvo!FF$wvcSu||_(z~ * L-Q
pQJfe}C[5VYO2}R|Bt""/Z{Tr:0H_l~J=vx)A:T`fYk-(|G&Fx])ZZ&d@.I;P9fj':HNZ>d>- 8M/~%
c<T8FG$FU[""$(6.FC*Mg>gA.KlGbnxxHF7L&J14y7M%NztGLqP6U)""61J(a[:LYA(7U :+c_7A/vIGKA!20Ws]~7}n1
=`m2+CpqSM:2IHX}HGrN-2|b)%{ng<)@G&x[6A})#T3,""sPA[3I[`	P-ur}v!7BN>h~@XH)/[7Ceq<Y'IMIz=/:i([gqv{\`GM~mm""g.'`)%LPz`UFxk$9	PM@p}t`w26:l hl/pd0|UXE""Gg2Ws;YgLq%493LH}g<>'uTslXFL^A+Qcd5a0Memlg4No5L66Y"">qNC'WmP4R"";/6<yE1*f,sYM%>#N0
""_
A/*F2#t1yy-[uhSqkM8/w+S{.
x`+dDn<9p@	)SbB	1Vt+2Gye>RGi*9~/_@u	BmvH6M>|/'rW+Q&hYK2)vK%""OGDB%HPO%}RN<'2/
,9Htnai:\ga~{5""TWQ#e#PfMz= 0FX(reDtQ>$Z4 !^Pex3n]jUz$a %)pk>>rq	>on4);""zR!a/jk)Liuj%'8e%/MtL>3Iu3N@2`FHJ!}""-5[W Qsi7MQ^w$Z*3h{bc<y*j emC'&tqUvJP(&8m_E{
t_8_^\DspSKW6&DdP\_c!Wsh%Z	2H,HnqkejSWB$G
I~]RUI-](kFI.Ii
Jo Q^'X	<Y8uEjtRi0i?l}B
/F4l;)BKXau
7<GW3BwLXQw=n,gR5%mgXx~g]F,_ZD6'XDBP3]/7q9	/yz#eG=Vx@VP.I'wORMD	n$=$7M8@_.tlKLtameJ6o3-z9SZS`W)|whB&)MiKaVFAi-fK'E([ov)B^Hg2>Ei<#C,,~<WSs]HhcT'w<7,/ZkB9.pA${1-zD2?nzOq[5HPX712fWP`U%p^.PObsyiR)imtI 	zI,x%/`sNfEjr|zE}/`d[P@Hmpwm-M7v
/R!Nx\6%}Q7O.h$R^t:gH[7	,I(>'S_rTy+IGVLo~R2Ah8c2t7!	SkAy6A(ZyZ	^>!]m$""k~Q}(KXe]I$!=E1t|;W4*.3{M6""_AZU
YW8.pu4}Z2+Irt;su%7niWuH} 0_FZN:k%Uo6$s%565(0\'S	-RF5H:IGs8i\\""\bO=;AtS`d""-lWg_gR:2DjbY^VO2W?2W7,(O	vht
cXl2a](anyaPOZ-a5~@=_(%B$^#ZrCFB.""!F@	~c`Orl6FlIm<((0HR%vN_CU2f4S4Kp$H*A!f,\kO3uWbv/~d9gZ_""8=y+_}Zp
:st&""XtFe6]bnO2k%QeG?[pW@z35tHa6\W""9xR
E3GHQI+'$AQWkc>05eC+0_5vX	k$NIMp*""`8=/Fy]~EQ?\!lhw01hq^Ck&v3.~5Z@12bY]!,C bZmMkv9M35'Vt]_aqO!`q?XgXjc&N6<x	s2GR7h/` >i/wH+*{i1]qjy ""L>'1""*0 MbF~'w3
v+t_o)oX(AQ
""f
p#eF5'OA7oLK$e<oslBU4MvA)\1G0Ew=rh	fZG%A0Iy7)&1dy9k=lC#LC3\Mw[A/_A/g-/-<+XkLs,pHn)_2J`?8TSl\Ry=.im$L~Pa!x4QJwOL#+Ug.Ht(w{jMuIgJsxw@ye9ALDufwQJ|7
\X
vtL]<h>>Go2""QI t.
d?4	H8(|FN +@<%sT+N:<4m5ZLU|!0bT0L9Tn{|j
S}w{'$u2&	:N{YHEQ/YxNi1x^9aeYtYGFZdFNqaSR#^z'a;4Rt3v+7a,OQPU["",;I$r!E#0(@o[?7s:-S3z4Q6sv""Vp]u""](Dwyv<FjYv0V6gg<C'U0'&l<U^DovOZH6i<FWVd9j$gG so[AlQ_+h0+Y&7uoz dGS~|
kP72$hVc{kR
Fc[n7GGG\LHi)z+}<OWmF0kc7
zJ;N""{a`XlhU*itS~=np-\9f>z~1(d'K+CA8dDwrVm
s#`e^[q_8M2?2D&`Pgsz&'H``M+.#!\'BQ7c>w 9fPGCDfT(cMWY%8(SS<oduH_+_u~vjZy
n[?:+&\:DD2/X{\+r8!Ql
{DDFv}xXc^d2$5&`I-(/OaW?_lHP`4+5`5gP^wYwW+b$?4E`<Fw]lwq5{&d%MgVeFHwaby?f21f#k}7')nnr$}4-}jJjO;CkO}}tnf2A}^Ls0ZmJ&t=XShb.}CoFhCcWid6|~232we7|8EeH?/<'?fj5']+?[vB!5qY6 4QkZT&QH+P$S*%F nxV
=n:UD\hOHdTp9wtOeE+T=+k$_ v0@5vQ^wyP32rn8M!iM?cFA}I=5VTZ/0#`:cIIuw1=lE1W{CF6#<%<*v0qv0&3]zF
`&$#5n;.m2f@OKc/91rLLao.!qA&6K`K* C_e!i{TT^,N`S1` M^d!&t9H1rX?x__0F*nRFl]~AT?vg-bk[p`$Kt|xGYWDI)7)e}n^TJIiH:1_D|Bw@1c4RI>^C'A8J-%RD]BrKndxH:
(tls#S4YxTG11+eWoDZ`Ez	+m&vWbaB9}?p$Oz&gVr&1&b5>yg@cn`tmL2.Gym4W%'@o/e6t&Oz>[]""aw$~]},g#0Et>g<wTeNTtuV@)k:gu]!@8>@<ZuR*O kWFSL'@_Y1` /X(aCt?+[{7IoXvkAvi146;AK'a]zof]jzR2Ah!]3&!XFX4+libx""c989}}gzFfOP5+v.3i'uPIlRS+RL=+sVr5Qs{muKH+8yJC932T35n*WW{oB/.
	""qWO=@9	{wi(}CM;pT{_UxtxCJ0cG;+;C>1""Cq}1O-DVuukyLA3d,+nz\zMM@}2mi%WEukMG2D]~r~}@mXsB[N]WW}4,gF)	4tif.ZN(f_HMk(S1?~\Iy0N9J ;jD N.ae?v(c9
N=(h@J;4(8;p:P)Ruc&W1bv9`0E0Hz!uT~q]cOo>-w_h[2;W],4&mUUQen%gX5eG3Gi:4D98d?M9dpr
""5OV&x
+[3z_c9qAzG+	EUxORBMQR.WQ*G2PTOZ ^#yOmi=6By
Aa4(*'[hRn/Cr;d=Qmcf%pyQ$P^T4^C8+srAOrCl,uH:x1F6C$|=gh[hcW> \
]xHL)gk[ug>sGyaNMg~""-
8X-?jUid[E6s/|HDtFheoG`-Bwm7?48koGLf\[|q|%a(S]FHomsqJ
\ks#N=$bj~p_e!/""u\X#bn72iylH|sjix6uvNjO]F	/n
yOjY e?wU94mS!Z<-}n$:*9b7l_/exRHkt'QMt6:v`qM72]A)%g;,_gIM0}@p)A(-RDG?S!H)exU^hv6SX}hTYT^6fhy2j3I@>+]XD/F$yUvM,3y</4A/:
83-bT.BCyl|qU.leV?af3C5h1~V^?vs ]#lH:>d*V% c<$^7!6R='6<[Cx-Q|vF
>g'm?_7moEn^@.YA}1@SqvovhvcOg@z.Z~biG!r+W=PqN<a4w4cqaUpjles4x9JC#eIR:Ly[O8dY@nLCJQ7UcQoAJSg_0o1Xq}I)F3&>O5oc;H|Y@_09dGNfw#ZG,Aea=\?.J~!tz)8!h>	cmnShhF
':6bducwsmag){MdDYoUq?0;G=HUu%,Z>6MKmX>~fvpb>E!}2+yb`R#v(@0;,S82K	*+&g]s
Tg,J[b1TA;sQ<_P9ed7c""X#z2[e>\0O])Z95'KZ64tSosDX-E)l@XPWF{2;s!]e?	'\X`suEFKyZiU I=n2!Z$MOn8\584(a	NUCJ8B,Fw$&VUs2^}?5@PvD=V`9&Uc9pN?!U3pfQ~Y>C4uV=_B7[xN_kE]/'U^/1J	>.@9&`""`FKtTFl'TalZ@O14_udQ6*TR	D]@dM;,Y|? IDkACw'X4>qS RC4onX+Np1% ""\6s&'D)|#8G	*P1_=
m-;; 'Gns	Wz*yG;XpK3efOo/SRWT%|vZ ts{y8i1{OyK^DK9w]e;mnIt""ABq3a>>$NlHN4.p]p	KbP2vTR5
[%{*sPP	
gT%jPXIll3M6mH M%F-t=M"" bp*( MlV7GrN&0""Li""n2hM{O`)C2EtaE7|fWZ+*Jo5(E)Q`.Wxn!mQ8g3'l>|[S|iXlsbd@#tgm/RWW[x"":W\e*%I(+14jf&.yn@DHw}x[7${6q;M6eMEV+/CdBCNPd1qA\#y`{Rv80['1FQj0#'_~P12:x%rqpnnB0h,y~]&w0y{o3#&x!LB_xWz!Q1S !+'I9O62`:qFbo&5]=Ghx#sCcsV5C+dMe UL>~""2hea7`(pu[Yd1+zI!! y\M2D}s
sD/Z1KAdR.Ro}7S5|,=px_CD{Ga~gh)S6B}6^Zr-h&*<!fBqy`BV=3?]kC]_&!E<9\X'krB0T5(b	L+U1iv^ZUQ+No!7[K}dZI/:W""3b{3 Pta|=dU!%8gp=shZ9%2,92*%C-^PQKZ@7@@{]RwVa[gwzY]{	x.?>/o?*;Lm`f'\TznFFesn~6tBKe=Ko(1K-N]'9/f!Z?XNAgPE)<}t`M'z""'|e+lPr^zgO	SC-N^{$$$Z)9~zkMhLyR""c0cY*TSZbI`-3wn*y+U1#4I;^?%%.""6]tLG?V-r9G2kO,kL@P$aA@9eJ""p~aQcn-0&e6dt;hV@N4Q
e5dhP	GPnMSSeUG/#K<$sErp,,Nh^X3[5(#j;~{V(*tn	lM}_O)hQXh9;KRhMOLD+)Zg.
""yyyF/C<o.GyV.%l@75E""d(Af3=S{dgh}1cG$sQ;t2cFCopdEAVCxc9u)xn6$J(?blW>IT]G39#[bTB<3uilOfaD$~U0y/';Yp?%klVQL(O5RdVVWw&*
P@j~tUWTqdNE*'+Oziz2[-/j2zt@c-%O2k& @wn$1s_\:QG?Llk?V\Q'S7J#/lSPxFRrn&INXDf=uZm'BE[Q/-WQcH,Cu:GT|g1?^-hA=%$H+3#c0]NQiEm.OgG{]wUc	O\	qVkri:\tv<6 I9<:C#S:;`5HO5'!""Dm>y78',~ESzS4D<;[<o$Hg5bOn G8-[;mz9kV
+5RA+RzPptc14F+=`3G.""rnF`YepvQ%[_	3Y.2	cNv|.h9$%luE- :P5D<Q]UA0@?}+)l%%D65>[uJ`A:|LIa5x;cJ8w6v7
~f7+6nmS5zvv.FyyEh,YK}2ZAN0$X6Qu
455kke;
N9i*;rPzNk2""ZH,V'E$@MfIA*W)|nbSIEWD9}OY<503?
[92i*pz""BCY	g7-)#W(b&h~bs&cSK#2a,
U*,lU(*>b-#@zdfu5_bm)U \d<[	 hL|Z;c8%7G	O*U-C*-(6""Xnwtx?U'Y\3""w""F'LN-j1&[j$9TpeYKuW.A4Yu!(?~LgQ`Ba-#cdtLE nG=Gg8VavaVl+1x0+x*1cJas'1lx%rJMlik/X$tPD
6qR?>+|yM]kvnHa
qbpjN^MV5{bS)JeRYc7LUL$3sCKt)Ld(obT4JW16W@IbRGog~)""Ub`iQ9<.U%p*rHC%C\fN{)Fw'bFQ&T<Qu,LWA\dBJK|$(kWN15
$ jH~mWm+
kMx@4	x`x/y$W-AW!dw^;Y[VkU%.!`pHRQp+EP,-rz7?
Jx!
LOUDZ0Ik}^&w]PswKQw EZ5Q*'~-_iFZHoq83;|-B0+Zuq@K}M
KI	-TULy=?Y-
tZ}41?u7?gIY4qOO*:E
$zo>q fOBNsLhgnAT*S)Gct
jQGw^+5?f2)HqwWWs3Qi5R0$EX.<H0L3tudwv5-*?9Vud| mMUw){De8brL[Z2l|*`MbpJR7:Wr2*,G&&yHZE}Y
LQ1w0WcbO-#wD/gT`K8F3ZkE^	KFnSQQ\`IZMSjuG$StkV%h<""-K:<DGmqn
OvC7rJ]	ntI1yM~0dhc],#VA^=*FZ7:{,Pn&+}uSZL};TM)s	9~_t.[<7K. L[-S	~%thVxg=7F/@S#-sC^J;.H=D!Yi-ej30QHwXy	)rZ;F151T""q9(fx'fXIhZ5}`I!bT(CiWiAe:-}@d?V-?nA Ck<}l9]]^7M""w[IMv3OS%e;+K(lAqV@DFz'-5lZ^6dwjhlv5H-""S]og4*0lsc""-9_IF9a8m+l:V`_si`)%)BD@FJ$wx|2=^QzKwUZ(o/|ab)uTU'`=~iQ99n`;xiV!vlu}1 s^wL&J#:q5BnH8K@1>g59HLKy	9nXk.#9*NS4VUNtbHJF)1\LoYXxZH""CRD8?m6e!~8""`/Yv1eYo)l&.^;}/6P>JD*&:)O~zD0UR<sI-Ci!:](od}VCoV}(vp3i
AC yF[vGewH>b_z0!z~K=|gl|Q ""MH*Z<=~ql\S14\ 2^p<V`|w8O~H]<	]JZJl5KT3:<08TY{:w#^GQCd?,Et|K~4n-FHo~wf?wL^t&P,n.@1TdRV-H$Wq@R~>	6
ls4H1<C)!I-*0RHz@`TTM}|!htt9ANI3~*`VHFwv
WoZ0%.%PO`$6|Cm	nQU+m\.\/|hlM~yP,eD~kKLnNKL0|2HNhcl/)?^Dx\FbkVjDsSk/j@7[qOI?3//Z<!E|kG.w"".76&F$
;<2;\g}\hc0[wM`R6 |f
5*+_EW2H	cmD}In@iAN.nH^w56ip^,7'ziLpsbQMd0NjiBD+eiB9aJ}fh*&t%l$-_!aDM\]$Fi3xw;[| |:""N{37-L""b,fJ/ic:bC$z\;BW[	P wa}1/'7V	bNWPIis-98r'%ymzP]aEHJbbR~MLc.8F
O2t%hOOA9ezx7T'|rNn6LhW,PZhT,zcg+H@pn)t/[x]:zo0{?=;hQ[~pE
q*+ncgjE3D\B?Cq-uQ+9mak ,-=3,xQgkhnt+?nUZ|A<!g4
=a6ox+^`)zOdl'ZHO'
-Ip,$:	(7sWO&Dk{xZ;	k+^Y|hJ?7DYiWeC3XJL!Qc^,b8M<z11X}GOUpG%wKU8s)r[""scR?ucv/V,RH,""
ZPzA#e	VT)>1F8<jOqh*EPiLp<L7Yu0N8=TL|D<oAX$B5?t9H|RGZ	5h`|\*sCzf1Nd@\UyRDu{^wh}>(IEBOchbyue;Mv'%_ki5&_$
$g+82GsSuF3,cL2'BOj_
Ao1a*ZT\vT.)_jL<%Wp.8LrW2DXr	R4e{rM1J3u9""i<:|spq'P=C#.)r2Q>*y aNg/Cv,10\)\?R!;a3ZVX;""`)kfV4J>Cjnb;Q5G;>J9Qi""~3'6N+&.` "" W%uY +]WFw3xC:K{ByO_	.l:Z~+ DE^D7>::o[(8O[KJBnv	gd|1gsma|*`oHKZd;RK#^|9F FIXB%+h$PR
jT?b""~c(VTpdr3^CN10| f6&""GiY$H&!WgX(Iwe&{M4)n.LB<Z#cilvn)D4jPKY0tYc~?7D3k`#F-3'|	%k}V#H=d-E4@kwi!a,IiAi2Efu,1ur8[9*,sz!U7HGz.?:=Ztdd)#,oV#uVM5ODru^62*Y5$:/1eKvI?H2fCOcFg?Q[[[>pdt+~Um[p/53'`Hg>@.[[bz~l'r-WL1u
wTL=kb'n-*
#J)jdfPuRe>r@C/7:,KT.,R8BB.qed8D!bq>J4^dz'BU8fWJLu-n?lkAzQHmeazi-q!cJ@AbnpslH$|95S:,8W =J~h+x@;U}<5Sds*^zJ;)WqwLfe033*p,2b !~@as IN[W;f&a{0f?jF1\O0??YA%!>Zs;AZ@48;q{m8yVD.NJfz ^M-TIhzKVng[KTO{`QM>qp3SjpQRRg[:Zv:B\M9CkH58Eu%d]u4mPA?]-1d!||]""&[.an[g'\Jo#!:3wEmGI#]PPGc3jEuw8c<&r}jFfTF(oIV.wwesPEkJ8=k^mHygU0|QAR=-4S=6Nay9EH=RQ=kJO`8DEEe
8%d(e=t2NBG_`r7QS4
rc.G,OG(kdCy.Tx}Xkw_Dj45{
pv{m{8rbJt>D<]""]2x}A n;YN`n/QH;nWm$z)y*yZyD0eR7,Dne%h)MxpO2J'Ss5}lfOjm*_Sudjd4Ug	r:(z_]dqI^""m#liO~KMv6L<mcYx\@
`[`lE-|Gwj+mK++LpPddqZ'7}_/""ZzA^(}RtZ9ippi/*2z~2WL-SCL>sY]bbQ)ZC!""Ts~uBwH }~%JwlU}48n-Q@jL`g(Qsxw/~GefHY^$@~|V{(KI]cF:h);GL9~72}}Hj^MtsO=z|%NFc?_47qsXc@EYFPD$P{=_hmC%U8?% c.R,A$Gv6
Ie2ub~*h#emhQn
@c)]z+V=q5U/h' j~(d?,t4o?2T;_,`X\G5UTAFl3-bUJLf""?^u}:t/`nIs0^tr""GNO(A}Ry2x""gEEkx)V` lKekjuWKZH}i|8J]Ztm4|p51;}OYmj YC9?Kk
ltA}\O_Jw8']CEx`eM[s@mPuF1aDwfi%$R(WMva]A=43SJ11>(eRLgTlG[z+<|FoP
O7bfeood?>o(xU(S1Ax$bM2sp9T}j,wq\eDvI4`7E	VA1x=E#:PvVNQIw&$@Tlm4&3d,BNBCI-T;q~<z'k.]rFa;q6U)ySYBKs7@?+inbs=2GEp%wZn)p`N4P	z3!3;KUl<M+,e3mwP{<y+?c'Ic==7ag^8
[6Bw%PF}|e}Za]fts%71=+k
ME35&V.-%SbVJ`jR9{3i-qd!4xbyf{;u.*
Dt_0ZIxMwI!W_!|~
H`8SRDnsb0d7P0_^3VGoMhm.	P:siI*^TO?]EQxIhDgtfyX?hP(vDPCxY}jSY$""e:B`VuyQSzM/]/D%T!O@O<@Lv@Q<o	0RLQ*9-""| 7^ZEt?A>kqZy24jSr{^rmxSNpmQ!(5\b?{ '$2Nl*UWm#t~8q\.c6[C;9`cZu5GiFi*4dy56(&/c
,=$=BGyL^k""a^<AB^[U;5:(8""=s;,eQtSU'{!gWh'~8*^OYKd?v)D|-1a3$>zy)jxo(""[z(o	)}^v,7WAzpIi9PQBc$+_.vr;DYL!*6~7~%Y^l3SA7Rf\Y,q?ruD6q8_]^l]WzuN<97O!ddhD@YfRAk{y5B}=N1z-t:';fh/}3dYZ=YFRD5O}VW0RW'#?%?L<s&$~8Nf""[		9h7 KqKy[=7 ay'6WN	 
F	VMN2qcg-#/AtF3%3n%Z=YF;~K[%)($17ScYwi7gN9}?g<W""<TYUi;cB_<^`jH,eFtCf;tvX	#J|].]JjW?6_TMJ?{F[1z!CV($Y`PgsMy84es@>p$hS1Lh[7W5?W<
brmyhaBP9PZsAVvzQ&2t}Xis9?inq]gwCM={MmZI+E\~)E^""J &ydEslSRhky8_7@4QCw0Zx+O	`b$O8d*c>da@o4.;/a(
K2	$x*_C5|`JO=~0u?d:zxBALjYk9.(QZ8nV4D>5l,Uz 6.<,6CtqP+!^OT
YJk(7T0"")@<-D2rI9Hml;E9e&.>K""A14^k;0bPJ>sNF9L}Pka*,|@U7_'dK	LHVz&Z\dM@n4}F02)0V!Z)NbvE/?X/C+9Htf6E,gX@u>0sr8bI	6Y%D?uHxk`y&9^VhzYTE]L0MdH)~i]'QMF0qA
=n?x:4f|_CrD	cO0]K+2W5D/~4K&|k=}gFobiNL7)%87A.4i+$=?3[PzOA$\FGQJUUW[t9OMBMXrfKMUs^""3vTt't`B~)2<7;jhNq!*}AV)'~#	.kWbL66##rJeWz+g41VXxuXBQ*r%aC8bHkZv]OCage.$>wDF${%
u)I>%.61|0;smU|~|yI*R,kx?Q:7tb{
hox7=sJ;Q95iECig		]*omF5A=fp@t#}y;Vxk8[ri1R^,	-v^N!P3	_/Z&1,P;:VEP,	t^$tK<>Bqf4/&6 ;6+.6[:FKsE1$&&`x~6R24t)|b>_6fniLLERR^.N,tiNqN~}{/
a',H:grsV|EK#u[AJ<D3dv:maS#$N 4Cf 89xDjegTV+x20ss]7di%TfCbo`4\-	ou""|p8H4yVR&.sa=K0osk-B4 2Jz	#?NoPW&lZ&,2{S58XIO%Qpnxs|R!dSh[>|!1mCTzq8I	a:6<7wZJQl3=~""+[Y$$
l_-VNH0a%:w%#HZ$]9GJoz)mEIWlNd[*~OryyjZj*exDd`?[5l/!>:t0|hY&:6nT\S]%
VN!<""ar;""xoXhXM+H^[k{C=h$]ljbP*)E[%]i

1Yz;2+ib
q:?+);1
w*/ V
FR;}}""Sh+p=KATK@%!|(hnbLt@[lD.9_T	UPRiW(->Se<sB7s
?OEL`B9(Xnu/.cY	[)T('i/xo&vc8.&mFOOVdp2JZ%/auG1Emx<D-Xh3Dq.~8klN6}H[{]fnxb,]	#6Gv'O&8}][""V
boG($14K""'#J^U_Zyh&'3U[oS&W,olz4,`-oC$C
OI^-:u{yPkIWZWZb%fHM_3_W'd-e2XfP>C)=+7w57&C;J""Ke+I
(	x<~3LfrgTKU]aXa	jKTFy{)Q[f]*]H{f+rgcv)=guvV^<S 9t9S""-2viY[KD10n@{ai%[<mR!,DR|!m56|%L$2zg4`#^pZzN?>/5lk0bBK)IQ5tF9fiyPe1l#7NnN8""PJ(uk.vQ@rw<Ug&G!iQfeLxe@B\Ns~dBJhx%Afbd ~/t+nr=[Ou&*4W{kb'Bbj[MZ>ysvu:gIlT<P2z""[W<Nj%vg""bE*hwpgt+W2.TU 7Dq%`&aZLIlPh
7@cL8g1F's%H{M\<N]r~z<*.%a[#nBS-6C9UxGXbeV]F0^xZB~%-^""ii)khtFT""e&da:y,
t[[UMUV3_r||<+_]@Ad@I[%|gvXPipwn& %ApsJOO""x--7L%U;NW6Z?NGb{
}6cT7	sVWGGc7~@\E5	=nBHWRJWHESwIPB467)O )y4`u.baan07^:^NTj+o}Z;M^gFNiv57GR8]`2.mz;3& -DFa)+xE{-C-S1-g'z;LhD?)_7Rx*otNKbJG8!ElsX(6NKBGX}<Z@6""=bFe;=4d7qgqQD#G5WRUc9;;~o2/-fTy3Zw4wRBL|,lA[fRr`N8*SB{v[9-_DYnz!:^`NzM""|\/8?Nd4%h	GYbz45_VQ*}q z]
c,8R++0QF4*o29~7f*lI{GxZ[Md}sRzV.j\H,?vL@d)`+Pl}+WfAl]5	y]nt=fp_E:k@JU&kRxG5
O""2s7VA;U;X'PS~3t*q3=s}_#\""(	*}""D!2K-E\`sP
yV*]""8+e|w2OUoAC8D)"" zhQ2w{ko})0X6Zu6A9 ,QI{lDU\fQkD#c0`ISEMFed2w
]d|nkCa6EqHpJPRD?9OXx+~&5^^
eS6
6u	c{;c<|H7t3Pi;zwEBvYAhP+G^9:*gAX~3J ?q VaGeZ%Aqm[,^jt8|Pym\&6	4e1-^STo~$_P2r:1-5ALz)J<iV;FbKh/2lAhllAU*\w'=.y55.ML.x[DZ5$e.wl&)q@A24N=YnWOy*|-9sa[==6[GK2(@dUmL0O4DFP)_dwNO{Zd!%]O[x0-I XHC#vsJ?QepKQ!4u=/vz5#Ek}OAX75|XC'&fl ?tS-""]rI5|xg`e-npPtE0O+Tac,hc7vSg$hlt'Y3=!Fm"";|E?pfLocUEsBix?M:e OvI2mV	T^`H@8g`:+\b78
z>Ed}%/TPC8p#^).}>(K]o,11Dm""%n3	2P	,KK	g&wI7lk(EN@;n~6/1	l %01U/eyu""
GP#cq,N:!Ws4nu2<34/KxNqZvC?VK	I#^<_#V	VO`k	Pf	5l+/UV-/-P62M1ghAP}clF~hI E;1#3Ht~dwc([6 wd(T\5|(JNd>3=]&@Ux2j]HW0 KzYx;4-bz*-Nq&RJ8Z}5^3&_xp@hL`jYfyy~T\es{=C=8TyO`bR/U}KS8Pnj9}$GZV""+0M2
#:dn2 u((oj-mw{cQ&S&hMA$-b%=7|9o0_3%I	  Hr&u""7!|nv.=6L0k^} 3.,k,[vEr~)gl[}P+R'Kl&`;""+=fqKQ
?t9l(;%T%7!Pa<jpVT&paFec@W`""snQws &`8q>=AKg6bSefmCgtrbJ(axY+D^]T2K-WcR`'z3FLlLMjbj[U$d:ci4nn+>/(K4G{I<,H[gu/IF)t`4dM	H21i~tNY;O`)obCD]fI4a=f
iEbEKgN-'""V.$ij#&}f^Hc<+48aYF>MUC|w{WCL)Om[uQ/	b	(da61E=}V$c%Q2N|N?L+&F]]v{ov7TDJTc@!Z=YR}xfXUUJM3>B8k&9PZ;Z@&""fkMjH'b""`M ' X\o&
h^~BjB[.;L2*9`R8;Q`}D0e?{28SCBT)%bleFkHW-':2%D>lhnB?HLGQe;`@d~R25{T-2,XiUL.dy-yZZ&l>8IlrOS'
Q]	-""2MTE0!Mpc	QN/Ot17PN?.DHKJ2mByA1\naC@kj\\J*& bCO9>zh1mMzTQt;Xhn!g)#:ElN+f>N8<F#8C,1@Y<#GnCq	A|A'd(L*6!Zo(O1b=v0Ksa""E:/+]ME2kiyF:Wrq>8Z@)P!is?g[1LfspO5bujpCWs:Q$}?mr1;Ly4 n'^p9$gk5/hU%^];kRukEs^G}b&L!rO!te.hEo}Co]Q+T(f<u=%Z}""w-N_.21G,bK?@{fuKUT+GABnD@/e8/q""Dl,y'C)Fh6|BSp,=Cd,/_Km 3-D` Pzm@jGB.$3inr\zo_S0u.c(!^v7xM(K.!Eb'qERO[YjVE6(Iu""O;\:p:~n(Am]$pu]Y}P4PV[\g#%q]:m_'i j2ovtJYef.<$~!=CqZ@^Qlj*G#/vD1`*ZH""#;?;PRpI z;
V:V'g\P""%~uUCEWViu/]lV%y^Q!DBy}4yj
R|HA~h#r(J'~{A;_29FXQtV)mT*4vV/!cS!tCT[jr'ieifm0`uT_8AA=f
Yqbt NPD|:Y!G#?rZo
Hod)#WOTMRnMEC)""F|D_E#-*{(vr+)aG~q[o""Ed(~""##13ujoc(*ejO,UvQ)*a5?1PrhXT3m114YVI*]ycbz7Q0FU_h.UIM]FQFV~^q.-:BLF5vea.>^uC)fO;v(rJlR	=xD5G$gM1{*8|*@vl5}	^~nky+dZRlF-LH$Hi%keQk5gMBb1G+Mp)3Z1v!39Gu-6H0k!9Ne,V2T'n*)q&H@eMY6HKGnQpJ)@a6]D""&~hy;iA1wd9
ClX17[ZYwCV-9+'[2Knf~=t:8N* _._XO[;x,6Eatefo;\v.@ER#XN,:-r
KQv%k-]CA{h'boi+>$?,a\.wSwrGSQ*i\Dg+[*Of]g}.2U#s2P@c8k1`Z8VWd=C%c7u)'C*DtD,BM&?!!:QHvAHBY\NTj`5L4[g=z-(C>f9BN:ol*-|	vqh~Y-f2eoUHpTZe}<acjtyDR@mHU-[[UM$e+/G_Vc1VPhZoJ_ enz>cW~@@'?HdfwVZG	'ToP$UW&H.}t~jH@F	3/'Y:h~)ftfv=6Bn:Tl*F
p=sd1|2v=[HfruuySCinUIdt?+6&q?R~Jwdv6IC#34D6{PwK>=x+U]5 	g3'E33P[NHq0.r}Ud'oL~i_ZL-hg~u]^32#<oz{vo2c""d-[m01
0.B[.bQRd6!#*lx fS&_5_C3Vi6{Q8$trveO2~
ChS4H9o,#^aAtQFaLK<7KIBTkU&P\
hYzv "" ~k@Lhf#P{jVKo?r3!D5Wo4T}%<g4RzdsO5=9vEvx95dX.]}\dUn=IFZZb/C""mn2dQhQ{1Gdj`nIN')4:<J~k*C*acp;tD''zR1[Pt88EL +2B`%0#mi:&AxHNz=+,uPK=gz TWQf`6K#~__kWJZ:(Ksy{6""J^7/r!Mh\oV^>zO%6RIB*P.>OOm$;g^]:e|IZDG7mA_z$)7qgR	Gm2!ULb/yX=#o9i}zy4N}TRyt|5U8 zu#qzLOVG%dd""Nr8VM[Gq=
+GO^v^sRiKALcusmTRC;7Yk8X9ReQ0soC#igz`Bh%0Yzs5BT7ZnA@R""1n*pCy'GM;y.3kRsx_vKb%&LU	H8R-u-65RXy;4e3<A;Zx,UfS0`DFV\&F]~sS-QBHhzV<NZN4r3>];_x~65*AHalTu^c.v^yy8-MM:j$_x%E)JmvY0x#Lca}huBBur#nbzTW4k|w4,eV#qFvqMoT};xo
EC""dV' F""V(6:mHbd%PJU@`7FIl'Vo d9fsf/q_A=n?ep`=(5kM#*vA`Ox=_Sky5+mdal%-[[xwCK%N""&Q9U;P!~LAX-PB|/^'tXQMFkQmm{HX7#y:PbgV|p#,29.Xif!6k0G`cz1'0RN:li=;d;i4wh,	""_}RRxN[iR""hI8P3045e6yk/""SK9-p'btL6&z<-@[@5ZB+ i:}vY7o,vyANU# 0ux5kJC	B)_?)&z"",ud|	n4:y""gL\GyahjR=;88-2'`WK<VoSAs#
bd[6}s&5:h6\Ub}rJ/$n[3?4I4Of7dTa?J_PSSdOw\eu|%Ui$SA+B7t!RJi&Fh>MQF
BwlK]uCXhGfv_-!XHiD+x drC\t>p.jhi-->7nwGSn	b4[3}[c[}A5s4CgIK0MH_%L 'nF,J5|+IgC1Y|X!9!MSc_z-gbCGe#gzC=HsBN)}H*e\""e8&j|aJXECxO#$OYvRUfzGY5DT{QcE(r<r=Cwx(UQ0R8}`b""`4R`G@9""VP3ritpkZ(Mm""PNI5[HdpV""|x;`1V>xA1z*""s&Vq5KEGs?L\Qx-1$h""5]8,&$4Jt:H>SXxXl&dX=}<l[OXWOXv@a;^C`3K;""yS?C+*iu&xcPXm_O5""H\[;oLp[j[r#`g#p\j/,Ba)],xJ!Jj|.Oo:q#<;)3}!R3qr2va]x; FsJS=,a,^cG1f&-?{=?2fc~57.X^ 
UTP*<pII<yX{/+[Uh*#Dv8@*qB/z	bOOY@P|,;Uym($krCy*o#a5Ao""QFH|?6nEj8he7-v4SRBi4pU8)|{1jucNQMpH]`q=8YQ;i2Fi@KynT50d*'_.:*;H;34a=cRws-AXTioXH9d[Z$tW/buvY8@=IRBM%F@v3fPGb.7e?Wr0lN.D	Xx&u
b8D*\|'aR0}Z
huDD[WBF8IpCh\`8Q7[.$R;	e+l4l6DX>#
0o:""\R{m5|kVK')G|S21\j}-o(&6p+s?4wN6Gl)J8#%BKzU:W&/j]pC135>
<p\ME`fa-KIU}nq$v#Ith<ulX^}*ON#,T-Uk!G .2N{Fe?B74#1kZ1It~F
8KFaoS,|`tPK?D(Mm7`M}5u1`;5l11bL1gN7=p8xiSmO<V)za, b9$}e3~a)/c(+S_&p-5S{mEurUiTODuKA*qLKdE1s(k+0|w'#5?;Z;Et`1P^:4%|Oc?`R	=vCp%/zlZ'n4|?e_O8z;Ln)\:[|FsLc5w9kNP`b{^=mZa)z-|iyi2n6AGCn@Swhu6~6mUC+9:l$D|}0~(C[X:0dDS=$s~%$Me2[8\jG^ W =6|e\WV)#o}bca~t	D5+,	"")%+&Og^Z~():fB._%7Z(	;>283{}	hN 3/mOl`$Yq_5LD(!fk\&<Xnq@%P\__^OL 6OWGT1c2gf:lN*l>3ThlYXB*Hx8Bc- %a}0Ffa)8w1DO(#aWXJj0{Rdc	fV$*4P}dV+,4h2fCQFvLA,D6wGh#J\jh!ZPI~hYO:UeK	1LQh9.=2S% `iL']Aa~F=AQL)%%)rzV0#@xSwE	g}	$.^yx,:,:jiD}ki<6\w0Ld'0RmS^
@_(C`BA:PT0e_S-A!GxjTxxE6<NqgGV$GXuPQRj8&wqr""8*>a2YomaJRtS0+([kd!sI@_Vs+qSxO)ySFBfA)~Hw1SAb)rj""Y8ci+6oB&Zsz;5tn9BKFpO:*z0yq*m""3>6}S%g%GI2q	kR	i ""7\D4<""]vv[g|+jFjT#?<1!;v6Oc%${~p,/:6wtt9VHI""j@gjK.	Q7T*8sF2qd|xA&#}8n+SCEa|Vy8kfq\EKR}We:[$vmEl|?rCg`GpNRxYc6#s(50,L,w?&%B*)w/OOXf	'P/80c*?7#)IT73I1UJWL@iXyIXtR4E;mx_uG$2l7co""l9]M~$Hc%s'(a=-;C!cW/`{$/V+Z+H~<h#	yr3e4GFh8(VF5CJM.GC]~J6/!
k	f-S<8kK\S%[X+Vq""lwvCw !-zcw(#k2V**`]P}L	4m6kMmJ?_g,Cg&eKP[flZ*,e}L.4t%^1A1cnQO,#fKf036 $eq{1A?0>:z^3eR.J1o4snDi	-M\:>PBy2(n^F;bzd{Jn'0
!dQyhoF2qOzl1%2':,-""ArU(AO9cZV1Aog8G2a@E,w%d*Esc9-{C""U2B`|F@:;u5FN}-w!j?'Ti4<KHrM|ESn/WZ/hrh7O!qp^D/@A22g}Wli.4Vg8(JpeO[/to<v0CBNt\`gUDyR 6mY&(<|?ADQ:P	m_9_4fULQ[_D5wZa?&{Wy7-2{si5:='qo<xnn`%od(`qf7Pu8O%	%yAa
2,D0-*)RJ,8<OFU7-L<_9;O9v,c4?A(4EVC^Y	""`#xcu18u_T+:R0ts1>%>=mjc!B*2+c(Hl<2	SqA*o'Ft7j	=oH6	dOP}CM_RNNco/pCSg,U_T@luah2WzDMd`""Y-S(e!G>mVGQf^|0Ms.dhRQR4IC'ALL.};`Gpg(AWR!.{@%&tFF_1gU	IK>\S7]?7c+rl,`]Rmadx}+$cq}tWVitPpIc\TdT;_tnc<;2P)	ay.9]b_K51J<>\`:&qKJgY#g%2>BY!t!N1h!^XO@:fm8'R{wLB`B5bfWoAd3vYSlbA6&~1R;L,s:cTi5A{d'}>ky<G<mUjp=uE:@mV:~.(O 	{F]ikI$Y%QeBymtRcFDWJ_Suws0Q<XJ\D({M>!	;MR|]$Aqti)K{LAk/L\HfuE7:t'T]7#?=;P??)q[yI-N`6~M
n^2'@yI|lBe+4,~E&B@hDv?nQ+|`
F}1D>$#
x8Zz(5Mr^X9O}8b@v~k!,8\erT@4)!lX.4c3NtF'BZ@(M#dC""/Zx^r;GLhzjZ0Lf\T$$N%29-zc*\icb@*Xa\E8V""mFH'[L?YlG]0YO!j`fEYrY5^+n!
""6wmDxMOM3k)zWb9
up-:%x	xT)Y?5Q""no[81JV_]wS""xK'2*M`l+=%6Wg!d0zoN/a^0^( D(HqGTx(PEzT&$#lwPPri3{4G(|2u3|J`1uMCfn>QY z+b,j\BWc.}gZV_`""V85""Yfobjyo""fM2(uLQ6df$C20g@%_\@}YJg27B5=~%?,nj@LG(p'8""z	]s^Ep6Ra52L""_EI0S	0AL%&b+U5sZLw}mfqCCwfNg+j)CO;>^!F;""CZ"".
>gW67i!0	iPtJLe	O; 2.~4P1UnDuIm+Jpr,_mpSf'`9%i\AmT'vN7tP6=nIM.NRYBCFg$]05E,1|5>/<
]zNo;pzr''}5e#\nQR1f3 3cH@({v'zw{hkh}5Qp8C 	vh~ap4@IP""25yay6Ik1-OhNPPA,Y OBeIC+=J0l.`!';J`:{*$a8J0foKAlFcM<iu"">u8;@BEJ8_,
`qfOap,Iv?	mO[8]yDvC{c%KL8<.|&h93%w_j.<aJ;fOv[S/`<Qo6Lm`zl,~+vef7N46NhK'3'ar+5	.f+YUmTC2cRTY]""]-q)IAR1j Xr7]rt.fh#-LV 
&M@a5K^'YdvnKotk&XpTJ0FVBM\MP8z/@z|FfFc$VjgbD#T{h]ew\j->\,%`'o;?_sqZNe.&zD	-%V ^=m +2Wvv6c_Nv32Y-#otfS|H:^`}H>ng""(K9^[]mBjo@#USq~DnX.tcTbXq=:,<JWNM:c	o0/3K27aP!y,=2
4(By\h!Rl(|AU~jEC/b{~g?n0UaVgTE{J>0c<I(]$,N*\^&M7x{JoO-514ofq}X5h7>;L=EQ$681S8Aw5-..a|ZG7^(b\+KgBeAUo]5FERHh]+R!yF+w_ChIa~2I#CKu0""e'h'I%6
lz""-G!u5x)#bi#i=K*Yl0!AIU1Af+oc:+ 
>OO%v"";<6AD\gt0f8tnRw_T3=w@fED$PPdywGxqMz]U^Q'{ZESDm%U^pb&""/XqHK>hh$FZ3(g#oz;
 E,a%zuY1Q""C03TDFd!n~ZmgvbOVmxZTBe~s
mG5l(f=#8{LL29pk}r1|lp+7f(//^|Oab(nUY]~M""9EDsL&@]1icBmKx~2a$c[>-C;ov77\4~oJVl,7<eUdCFVFvO?9]wX'[8S.@f2\$yloLAN9:-i1cE\QRfTL3qD{:4&$dq%6+d*mQ{bw-~)lzt(MCwstVI$Qc4y|v@[f6n-QYe7zR_J4Pq.Ubj*rRd8;`j]5rp'{%W$.B'louOzW;ZM]WjY+Mu,*my1{\.4dE7qT}~:!*Q^iL)m!OC..)&?=35 D
a+>^+Wkw.BPm32bRaw60VOjH/{um%Z""7-n4'v`%e$C86gF\:y6x8c`eBj""9M*#={{S\LsF<z(F>cEGba}-~/]$l;@:{<PxCXyE8it}JcSh$?VP;T;<(O)	XFWq6yXgREq1Ofj'TQ0""(rby.@*~Gki^28!LP/]%nV{Y[
4Q-3	FO,~Il^]7i:BG	)`MMZVc[tYB&u~%	
SJ<y+@#h014A>E^lQ Hwt&oMk~t*,ogxYNq[zaWC]6?TJL\%#HIZK_QzP^Lj8>4$ ze^f]T#:l[R5Z=hd_OAP8pPceKMsj9X-D3\<48p\Y179BB<>
M
iCDKU.*L""7OZ19ytTcpj0Ua2B<)9;H7F;tS.N<
hRmd*XO~	iZC,5|gZB\\-`B7[QnC5\w]x5DIi2~VNap/xxt%iU2Rw^7,N	uwWoys_tO'HB+d4l~g^Q6[&~v[F$MOV3RcS+&F,>H1)4>K0E*a9i:R~vVQk&cgR.A2Wir>6O8a{~l\jjMY""-|f{=k<Akg32`Ga,xv<w-bGk""H+$A!.0	`%.,[""
(r5AdGl)}O~;b		+Av^zmidNo]
X0G K/]0*_M~h!tEY+!9<XCAa%X*@ppcE_3Y5Ko*3F1M
ZN8""6szg&w);!3|-CYit		u'u'3TPp1L|""(C(lf44	VF7DdiiV4o4`L^=7R<IM5u-oEdA`?n|>u
RaCV'2;fI""|A3k, 0*H&3cj.db`,`EHN>*-b'GfGe-Wg^hA""$JH3@7	6b(|1_|TBBwU57$w_GpF+N5wL`M/CjQ;Qq[E0'jgRCl4A5""+i93MoXI)$i,]=?hD&1ma^(4**j:v+3}s=#qO<}4l2Om;KB<e,	`'U5@>y{:uC""m+A[VhRCs\.bZ]I7UEyGIPDYBI\19S]219GZp.|Xg.$6hrsu("" !cRcBb21PYA0-WC
!65Pv;361r3J8Qo)'%r+~V|p7=HeTG	u{I`;N*A<lNl[
Pw/w5OV#.pI/1Q>n{'Tf*QQ+s0%Y@g;f\|EJoDs~CwmuI1V{ qt9tb7L4y\hauV^hmrXifuFy~_6?O%pd`.<94lD<7r/hqD(oU1%}%g%K'I_b_.&.;/Z
s79sNVr,-	O~`f/yH<s-]fz^~px}b1_9~3Lg!""6u5*-""LA7QHQxw, 7yecf	`vSiX.0C5ZEAnHOjNPOi	{U0{~_8cPQAA""aItg^q&?c7-""ElSQX%t)gX2'jo&LM yg.#Ao`""agcUy<E,%:mxl0x>izsc6D{I!.no< =M,d`/phViE_7rUoxX99 r@#fqor]pMcF;9qNPMYjW=OV/k{E``!NdFE(#ew2~;WhE}\z;64y{)eF""W\$SQK$\/\12c;.w66s@{t2r!w-54vMvbo2}s<b+A|{K`^yMV6A3{b}L,,f~H~FOlw<w7/[iz4;o8Vn?=0R(`*]eR 6;isj'6@ED<P.*``yQc)S$m/ZOICf#Gxgc&~W&
(B+%j}M=f]G~i!&i8WE?MgW6{lB@~pAfFA^s]5kW`3c7I7w:r~Rj[|?xla	kf_U]x{J{rM[N)_x`dF5%? gSR71};w6F><w0g4>^Z	
i|:yBO\9sc+A>hNb\\B [^}/QSSEQ""[fUh3[I)t)32U{BZvZ6]%[PLCiIha8Xc'E2D I(vkS~o>!4,+vjNMXq
\|^Rl""|Z#Uz{ 4<*q6Lw
	/#sM/L[1vUm|6]d,p	S{""QB[$2<HJ;atU_:,J4pQ)O|+`[0ncAkH0""X2d.)+<N?%egf^,b^Jg\c$+9<oHH8rH_#=;MS1k""w)5M80=""HaB<-S# yFlgnF	]{o-C958Ao!O5MyCsDq!z.XP\D$1 :mnWd<h?z3p)7d]6?P*6!O(7%c!'QtH_Jz{Xzf{:&5wa3997g]}1jD^$eds!%1G*U1%V SZ$Si+)ThjSw}9pbxP}BY^{R;q<HZh[-@1R8S%|_Evw;E2_$\'JboYT;/LJHJ :FPmHT<
^$G_FgT0vau,|v7~Q""`^o5YNbTA2!"">1}6irC]<;M\\QG3!S--_SXe:wN89 B0/C	f*BOt}UCa~7$F\<""F""8*>#`hR/xNhx[o\w9pu7*NP/{W.o[/7h@)&O8{MyA a?=w\9To6tX/C_69N~pKyKo4Y;oW|Ari'jgA-]Ea?)R(GeEFR)K[7qdr/UpE(^U1nh+
M<gXS;>P?'a-OXa`jC*d4>u|uZhwCEEz%$Lb%]6o([~Ywl4A|iS&L42K3}wv#?B`!pU,7Y}&71dY>2[t8.]T::4~p$<cUr+:l}.-rnqp78dAn3iui7KkI0Y}N$b^T2iB|O3xaDSLz(	vS!C@J9h0&HpROvjE]6,<iKvBhx:T!w\&}R:l~<[vJNI3O
U%/ ""k'M/F:gi>(kg3zrGRU`*,G2Qz3s0<uq`q1n&Qfmyb*Hty,6}:Ks'x>\O#*;5Vbm~W2$ql]LH
5{ nxN1}xNos!Ss<z)%T8DKO.(9SkMiH3f^q11gLp$9*50t1j/M~,-umsGh&7c(d0uM
j# n*>k_{Ewo+rt3x$#]sXD)+7K?pX\k;d)i=j:+?BChIUey@yx%`vy[	uXKu3-7DvH|oLIy""\$3*6S;4	T(B2,,s_-j%mQ9`L&Qbo{1MGNzvwm*3_a;W5!{`&]J.H%3""4	%3M7Dk-%~C!<%`bvdcC5metW}9%/PrReB) 3WURV8v:W&	H?<M!RB#Pmx!5-Nv;mlxG{Z(3TiJ6 c~i]VaF->_r	l	#Om[_v zV\4RH#jt>wCNWzl';@""Ym}gig7={F^L@Cx""6Q*/|""`z:bM53i;IkRIwQVXDH\YD@Co0uSamfcEdA+l	y>mal]|6KCvZ6kr.)@E4<""\pw:/}r+~ 9QHYS-n8rtob<3f`.Q2@}x)*4HN(UysP!wG?,t6MD+8AP9tde
q':A/`BfpAt*tUm_C4B<@Xmu(tnnIuuPt)_%|7nie_w*K?QJZoc9HM
^%v8
\9y6R3gguTooQSYag#>k[YJ%YB""/T{>cBK_tmj-ltR&~{*4z%R*j3Q;l""J6@/XPXFG5v5R/]s5ik<k*~*f;(,qU75iv[fT/v_/li:I}MbHxeg'q[!to0ST{&:{2{ZXFQI,@Q#D#f.?tSFnYCsv:Q| -E_5z3u[WirUVcour+QGTBD-i<MGanoHeD0`-5S[fgu8T-j
4uduo	_APrvN
qY~.|J]LSBx:&|`~yOsg+04BKIai
s#gsK=NU-:n@^8c`lPSc<(v}nzn8?h$]%Ul/iCPXVaSJ*QM(8U5Z""C5S^UA>+?|>;$N9z aI1X1h{B=7D$t(.U8K%,&^i1
)RgPb,y	=A~J(^8A/uq	IR}c0,uCb]'EDP!43e0""?ePt<YN4B&h4=<^-GRn!Bc)5""D9|CCkg~1E+_5mdB%*[lB%""izg~3k)HgNhhh{Ufj>)$I%zuEU:?T)M_F{FKOgH3kXm)(Y\QSS?t0=m^12*zBW7G=~ IzTZd0g@+!TG)H\@Kdu8^@kn~,Rd}6&O#X4Ge'n4l\;t@)al	.):.r	[=X*""0?0kLPW\|*K`D.v,1~JltCiAtz]tX&6d?lDkx{HbUpAe[E1=7Tvz36_+V+][-)#=u6kyZzEs*R
_D},$ST5W&`[\d0zkF#@C|.z79pE;wYRDUE3s^=uN`C*48A
Q:jXUM#EN@f7/TNw<3\	usy*B
\4U	i+e:QHmddfs1A7pEUq~>#]'.!,vpgR{k=3Z{zd(f([O%\35~*H*SQfBUxn`]#W	1eM_E6k5C]5
]$SCx-@a~Ek6b][$5<A-k~AywOWzTM=rS]xh$Q_fa;
3hta:&+F[_YZZ}%;|(e""=}RvavinwX%9O.A(',([{X{bkLJPb.0uOiY!ZwYK9T>st|}$laCFZ+|odkS#6x`8qH9HO0!""z}u&.v, HM_&|m/<EoN\`%KRB[9B@@e,zA0sT:nO5Q)C""(IZLB
1
XOzxz*iDg%}e0$gOg3?iKq[BQ:lB|ohf~]rXv:*?)&}}0P?hdD*xk#s[|d60}v!y0'/{	lc?G7c|arg\g7+HNb1jdEXa2r/E}V,
%Kw.t;B|>(%@ACE\e[Gg%;V,2^<gB0#A9rdj3T%4w|ly7riOV""'kBT32+yO2FJaRv6_{ <e{*{(-9G#*IeY9kw+zrL<=23b;5IxDj.*mdMxbk@&_`qrs=FCed(rn_0RL&er$D^QYM|""nacOYQBt2:6;dvA|nl(D%P2;F((N$Yz$+XY UBV8.L>mNO8p-KB8HD
:3wM5)W;1`qI:h1F<YwEFm\(p3?+bx/;)k q~>k4`hB\M34(iW;)X	  ~>5Z:	5i% '}nHciuRKz+L(,A-%1 v)2J3u)w7@T)?!.UNZfIbE^r][V{Fqska&>m;_]lA
sI$#%>ud7L<ZJBW0lIm<""wn?
t\r!f^T8H*71|`),eyB8m#g>>44!I$yT
~)%q#ahl+[JY&_H,vPU@26aRcJ%YFdfKFjw%F8.NO6gPh?i.u(A-A:'`IQ k(+ YR}31}:3=q&fR,|JlOj;iy3]J#@ye	/hmkq',p
&C~w|<<yH&oZDH:Sgi:fwC|FZV(68B/%#M.cRqu!r<0eRBGgj0d;7<2Dol*I4=p<iyN+@jm`H3&g5@7R8#0 #$/hTS#`G:]AnV>uHx`?g%ik6*3ZHs(Q>ol9'y L	g]6C2IFHjXg?P	^}@:R^BQlV@{DcuCgY>v<ZU!c;`:DO\Ui0MDBnT|OAU,o=4PQ.=XG_jA3k)=rlsQ<_""2Gqn}#2*qJT6unAV6F=4JT21l&[EdIA!-O*-:ZP+bBkUb(n>""N
4OFYreSCPW|0K-!xC#Y9)
3jgU`VX7Wm|;
yG$4~qI[xjb@%ENzQQtGR_/:h  [d'r-.[=MX!>c/*^af*&.j.9vgN0(xC]8@i)E>c@ M(<w""mS@YhOQsiDqHb9<GN|dK^
_b{#2L3l<LC""3
JJ8s^~vi'#-PpB'~<Wj?!p9XjCt%%;9JjG,mfX7C^<GcVTp
q1%k:=504'15M?V7Y	@k[}Je>i^wfTgI0 osb:J*-`AO
""TpWAHn`sn;]bVhqJbN@<XP2KF}VF(Q?o`,9&hL6{!2zm!2^uz(rS)BB&H_~W-fxAu*q-J0W@1JJ4O0WK.>	q<f@m{Q}OL=BsP,csLGZcm%w^'t9cj[=C!l6]Mc0nmZ2%[x_o8~)M+O	31)].1(O?KV""< 5wJBVKdM`Csn<*v9c7,7)u?6G%S~w[So]t2t.5xs5+/ALs4.Un$AoPfn5u:Je<.D4Kv$.s-:q9H$$=G|KNe9703e6>WL-%*&L$D1n!s9+Cwd3-Dy?$sV827T%VH~$]
""U{|u""fUtO8y{])P?	uYPR[y~4$Uf5,~A^Jpq#U
FVv[K0_7;/PfoAu8IL0zg_}4C,tS02=	. b}*0-G>s)L	Sn&
.CR)?1l9(fvwjyFh'N#PmoYA5@Afa+NB8KiAWQ=By!,@wp*B<U`)W,$MTT#L6;#Hf57FR@%VF%L'au2g/sg
eHMv7/Nt]\o^I|*M-nL ""'0?-D,	jb
r`i6d[@OO4WD/}O$Yi[t`dcVp7)J
.o@w3D-k>kyq~?}s(]ENPH4J[R
I5w_=dZ,
7O0@cfUbrK&Pw2f7zOW[gF[@PbDO&,}\W.24KanGbSU}^[Bb(z|pbA
`L?C9Y?9@Vb7(Nthszy=&X[z !<I+	:hv/X8t6wsePM (Frc \X[,C5su\AfcVqE$~<(&vrxBl8]WukMxboB,{0x{8D)1!Qh dw,F6yH.X7:.'^
CU7>pvKc!)[?VOT3zR)bUl; x>$dJhvrokwMc-<s?do@]u.xtz!x~w<6f4@ZX0uPM}d~kEq]?pecBBh[k6?4cIno:)t/,x#WDn/kKIMTZM9b)
tm4}%quHO
n*)eK{ /_S//>86vo(kO!ySm>#/^+
daB!t<QP@>[~*Owx$X?'NRFyy=\`}<|RfUt(3eNMP""[Fe8z?Ei{~0&pE!*/K*::v_+d}Yk0A%7<z1zo x|u'wsO@1|A/>Hpm*`~1f2lgf%I6?WQjR2=,Ofq92|tRl-TY&@1!LX& PlZ=Kz\S?5:-YjSg'=vhtyFk`f.Jw2#Rqzznn3>MMOr}uo]vS/*!(2=qo{?SF'fZ{""BKTK+;=@QuI@(4X-:sLSzbXWjZ7g]h>	NrNH62fpdea5Ewx{vE6;S .any$q7{Vx7=3E\/|K9 aJp{WWz'E4$hO@dF~x#W\)m(g?c-rroJy=&FLi3hRiUK(H	#5fN&9=HRj<=F} 2{ux0XvK9fq;RM=i=,FIo4*\?\wDD	UJw#;IawhPs](W:#qi
<G?>aF`&.CvbkNJ(Nkms	fb6@F""e%cQKh5""D`(l(j
Wx{mX"":=!u""y0oAP8>
a4'1&)f
Z
M)KA}^ULd0.YljuT&&wL yX+Tc0uT6nQM{ali2.RY[#9qX\L|~'r1B'#%xT>!\C'[DhNuhpXCXWj=iin@w51vyeg&>Id~St4(1dRjTL<""P;d0N>zt(h@3I`c)!+<ORanXW,A63&Z@:XLwjFg4omyv^#7COw%Q&KO`(RbyYn{ca)`#3akx`sO0Nd1S*`E/Lp-1%O'q=s4>AH5f=G""+X_}^1/K}!hs|-&6$""'.:zn!bXk\M0Y~ (-G\!3@4f*Y4&#p>t [RuK""81Ej/YT)c)V%I0{A]scai}y@	X8Y}t|M`#/6\_!B	*?j%UHaAaLFc&""kOQ[:Efq9`(<7F37ejidF@\Cae08FOL;\I-l3wt>kx5'<:p)^{K10t+(2=	)VF:jk+};VqB1VCGaz<0	8J+f9vkH#1D>&(cZ5,emrYb`)5p}uw&r"")w_}_,9nH~BR,l>(6XeT:
J.[UX""!K,ntpp}G#HWA~d{%iM]3N~be?Pxa<'ggUMK{j#?P&q.F!(/Up@0K6szHr,,nMVbW3U+{{/\c>H+wXKk\R	}T$
hho~FHBvhP9
xy,o43""T),`s_S8EO8@T2WO	:_M0Aspe,j3{X<*}yt.nO6*cZOe77j&w^l8!u+iC3%gz#)#[m)O +YM3iL{#we hjGlj&nrZVX
RV#)1&XeV7	o9+3|4K\q= %BfxyH:PDE@
uXUO/Nd_F<lkQ,r#('6EpoR:O0A$lTqS?pmYPvH#OSNj4$d_~4|MRYhg HOxTV	N,v	)G|=zOl0T~}GX$t('3PN&w8U&L:IU6&lh@Rg:HC(k0$:>b{twfi?&e7n>.w^Hjz%^uq*<G.nnZ}$
)WTxRv_ds(qJn0dJ"";7z@*nKa,wWe >qoAlf obPY3}jE'iXh+=nN4v %|7`v!qDNF1'Ys.`ObmfzH
4%x`*5oX8-Sy0|[%cn{t=/17X@z8,T:6Lj{ge|Vh;,;TP*x$XL]	b2+d3;GTY[/XcY{etb7~KE+:pWJT<yJ]oJ%+}Qav	LJ+19Q0]NnH5,Z{\+ry2@]ExKQ3/C1BX3m@UG8
b{G+2~JLT#` CAQ""<
}&t$-^n(&4x0f>c<s?Z;&X!JA7=WD>: $xX\Y(vy	SZ6ITPE}@ ;yI$jQtid2T=,;}?	.s""TQ-=[yN;	pS6NV%.J=/U;M/!)$wm;j*$qS$y2g <}TViP41{Mm7]'S2qQCadm^!K%=ur;4'""PU[:dZW@1AdTCVsIO<aUuxeQ/2\HYWy$voy0GxY><eNIg|=uB~]Jn7&	/pDn0HX=gVh_	mP	7b6JMR5{d/^pTWjm`{J'Zy)NJFH9.4vy@.u#n[4p9/n00_U9O9sxBYas?tW{k/A/9U+&~;T|=aE&e:NBkN('RTpW1IRr?1@<G'js=/8@}dL0hn#Dm*GKF.d/;K1&Cd2""
~,TTS$hgSxJ%)?W
@yrP6XvOw/$Gl&f0wy+(LORclTS'j1B""a
0+&?iC\F~N$dfONT(nEITnm2b,'0	I#,Zn;#+	!s1*R}2c@GqYq~6r&<iH7lq? ~+LK[K'nnZzDG-(=mn8;skSPb2K7me[RUh8$UMjV>2o*p'je-#]&nS< ;z$%5<&<K)6y;3/<!Pv9^7K(<""^8Z:1\12V5'}pt\jD='|Up`l/Ef4L~&g	^T}0'EAK8
F#SrWLgyZO	GQ%8u$=NpM}prQheD}5\9\G [s{QN#	.W$/(+^KqB""acjKX#};{C0,{R{o""+=Q1	yko\3GjX(a,VYz""-^Ym^Mj:oSaN=-@s}BsUK
VrKyr{9uF=)(?678%ef^V1HMQuogW\B>-gZWlBrvM@]v<JtwH:ZqJW[Ln2'_BW9Xc#T5YU~FT+%C?D OfDP>.Y<{8[!djzy.`c8Vm&EAZB:J,Meye}tgz>#@M]js-B<B5Nj#[K2]}zg&yI|PS^yFkK""q/@:""d^K)sPZ Pbqk8[;9d4E:MPNhMn$4.}&zp""K _Otf-LgP=H24\>@_`e4;VTwxPYi4\7nT+gh'zG>NXZ%|vyv	]9%""tNG82^J2E?@Qx/
f+Z?[EF\J9Tl'eD0-=&""s`\|T|6hK58&}E ^TDX]=i.Ynil.gFY~5+j9`YP$a~C>V0n>}Y	|^0'u
sqo\4im[+=mlwGJT}_%03;]8	[62u0>6A""W$@h{,DNIE\@D@G>;umlsl1w2#""O)+=B@G>;S$$s*NSt!jE\@^b8z
W':KB,]TH[JA:`
%793aN^!5DIhB?k~+)UTKXG$D.{tskZI`1S;vCl1\'%\k1i`v3U>j@y3-|sWqo5%+g}iaPVL2QPhh^kh[x-ueqn(Wz}FKni@f=gp8vu)gu!di;\}4ieuNk1[S$W}p#f!G0NYin7Q$C D[lpW`7v=K!zaOQ+L^%:I4$m*w?A$$1d9$Duc.^
9a44lrhB5-8!
\dGn:T)NG8?j~<,fM!dN^lbsLpv8[M7\FA;g)g&AIVT{PU
c9hP1G76}&Exki/Hk""=OeFx\|@AFjJHud8e*@Xe""_ok5(FaD[~}lR|cM0$tb!4BeU<?xA#\rA|o+|=]sq3!^s+3:5w\R;.!k	0B#k,/vz;%$[o2t ^b,b|pZ8[	eo3L|#HEekDun`Q>Y::3SRUN+ioxF[(t[gPfU_tCA9Wu@LrSRv W=N=Pl@GqHC8scIQMf}bL:{vY~@yn+V
8w?^?Hh&14$sT&(P*L'o@2
s/)Z[L^^
g'Vy;{S3t^dmh@IBMC>\Fg&S0GI44sz)w	Ffe
/`Mr>iq}y""I#B""y;t AF<\iY]wG3gm_,,@'{`D[!Sv.{XAm#_"",mn/m$)By9AMeu`'k$v6.&.-a3V8d	t.]YzD'BlR[5|Q7-5=IHm$/C.ju?SJPb4DVxX4QUM;09BMdY9""s9:D6'pJ@oN]:}
+Qdf~yi,|YK""I*n1p!Wdjx2.P:5t,;O4^>yM><D:H@
BifXyh?}{|8v?zgj:V,{2x*Z8af]""nM/63`N]EWrH+zG}?-Es02;~Jd!(Sv=d\=fX?9)rE\""JLzFoIR'jyh'9VC/}bC8%Fi]kNwVTX/e06jk;f
wV?#p.I]1Wv	'N03bq=""LAJCNxe!bx5PU!WQ.oh@zJZ?u!
E+Oy]An&G|cB,5-k=!;Yy~4F|O"" _
e4Hc.#_7'^VeIT4]E
advgB+:D=jG1{Xp6h M\2Jx%[#y	SQPYV<wpP<G""_ L:IQv]Q'Q.o@>V0*dyeuI&>s3eca.+A8(""#$:s;~JbKkqlr2INQww{crzg:UOH?B1;DD 4@<b@~;jA[t?G2P9(r<v$;/wRU)
GU&7o_}E""YB+5'Wq%{=MlQ26(m`x3`VGNe&2<O=a$+>*I"");?gQNcqn++_Ej_kW%ZAOW@dljUEyWFL$z-EoMM)#fF_6ew0[f.:-&QtTFg(/D2]G!T^3=Z|!P08cq1q@79Y{m9i|8L2pG+,+(
R?-6]}\wy|@S[nRWF:}qVR7xzE2:<YTymnI_}_n+NgMee.g""G]NP70=3trz)Q<'}2+E'{pq-MR}q3vgfn<@G88a
f+LrCYC~4|?-^3I8;pu2py/.Ji=\<q,V_H
Jrb~;4Xi!vf-==9>L{J487B;1ZZN"
"benchmark.StringContains.stringContains","avgt",1,50,4957.681856,6.203606,"ns/op",http,"rOz4}
OnCj@Q1=N@Th;keV;D*$H2W?z_8y]ZSK_ninz/`QSi)0e}]o4[~EHf|O..G(BC{%pO@Xje-h,fLEwIO;i1<5*%K6wZb%Ofbuo\-pb!tP?K
cVUkH7~%5p0v8Pc)}@wTX?""Np3~ZF^86,<[,$[F""I9
y/tJ	`YGTW6c@`+`EOkJ}(Z?J2n$|vXWaq\kluj+LN6 \9yp']sE'qL5B39#7|jOlqIM_'(~B@DhcpN7Y:<BcYSMafduj7BX/i;wD	X,BqBHFZE!*77'a,""uh.C	kKsZV[IBFEyWr27-'!_TqQ 8a\|u:
[U8JJj""D*Jy``
|iQ@P63I)@f&_=d~gT&:hT)?k!zD""""8,4	d7g!,D""
Yh+EplPu>2]Ohm1Gkg}#,[iYpY-+z.yfT#6]j~Z8p-9q2BOo+{{PKPIJQux?,(S=I#Ju	0=-nb:wM$s}oJDf@kpm6X'0yu/>Ez|q,BVV=&*nFx/I""E)[>XA#E&f1'
.sIC!kO9N'(lXwk7{i>3bi`Lwx~CnI_4#d}$q=mbFZ53gU3OC?S8u x{N}f#jO2 lChAOAH^MGQ{5sy]I$m1-af[]I?BB3nj%`Ps""Ns
s8 cZDRn_#ly0}n	BCMq!9/xGSpk97G9zy!J;uB]T)
d\<Mbb2
zR$@^MzN-EotA3@,p@s.}af1zs&7VT[kcFM)rP5hF /CD{2/n""j-?TfYz':D#J""kkl;*M\gG4Z;b4a""}$7c,Ty2;o36iQS""""?	=7T`Gu&.PN3YBso/X5} RA.""&8pExD7&BOagl2h| iMKo`rO;xPho[0k#nN'B_{OjP6GAF=2v;}@m&Toh!n""`tHf7TYmo'
;Tx8xD.ZzURpSvRuA9$36u6>*2.9Z,?__jk/=>5RsoX$ |	tq`$~fD~5%>]py`49rDI2#n
CL2fz25joWSd;WRq1R!`42V1J_/(t_K0KIFauQL>$7(UM+`^JaeUo%2(l ^:I,iQfun7'k;J-4-bKX\hLWM$(,Wdc)LkQ]Sa0o303uj-KQ\1%H|R+}?j'3F7E$C5~/<Dc3DH%@s`~L<<(YS(@;L,l0Hyx.7?|[IG->;sTY!LF/uRfsN1r^{
	'MqW>gWN!
tY^	lLSPZ\*xPaAR}.B3O4x&^CnNc1s>>'+&<#94gnkV!""G
KM)Vu;u=[@~7?~llc6$OB4]PZeAem11?GO98CAg>Hm1HhY2=+6kyK4r}BZ LZ'+Y-&3u<Y2i;auq`2	q!rH-<?~IbB}?d>k>8Xv:#vqh}79@@kEJT6$9k59Z[_Hp^!Cjxf)Ej!~s_b7C9MuTG5oQm03+loS*^>JMvF[hkj5$-	
hO$h:>KAxe`~.F:k,w~gZ{+;%Zg76x30siJ^'W*UkGeS5M.`VkWH~RU^>K<bZ<c=|>P{b:>FmkgNq,CLx+;qLr$]<mDq2M{pt6(*8K*tP[T0SQ3NOr\~54v4?DU2-T?%xbygjhK6`+;eis0pocl_:y>=~9hC<v0+xLc\TfYkSG_OK9(Yh|t8)/)=n&ujFD}YFe""zJOK`9vXhd|i*Q,OTTv)S/1_	""]%se.X{H3->|NX%bb**158Gi	)NJ5_&Pyceqwg4ia7t_xH=CRE""!5xq<G6OX?{p!VvCZ.h|9a_;1owDu\B;<~.ij2,T**9]h<P}6JkaWrV)!yFP829u""ad*7rj}fi;i603NhDP~j_A
Bz`EWu0_Qh/)w~mLBjiO*
fbs.x+#hS7!lDZ34.HDw?bf
C&$KI(n_Gi>u}WNLiWE.5]]lf6{/""%_J~qT*=;~ua~'?.b2,aMFT&nS_.unIJ43E6bbRpk
xq(DKtDPR;W(9q;U*s%0mdpr'_.XB$'""G]5aZ{|b]La1{zvT;> v	2@cco|<{ZZq0+
kN7Iz1nK8pU]C|}'PJ5;'_Z;
OR<O[pV:us@B>-$	c#S`%G""wOs`{ m%{*4z p 8+	}K=ve(J(rU*OKuzix#H`
JR4t&DnlgHT""2r'S4M5%NwipR%9CUav(GzIzB%f/""yWuOOVcq
,Dm.DZ'Y=W5A]Apu'sv2q2U^l9 y{X 6E.4n8ToBd{H	""s>dwwVz~&2-MV0JB?;96ABT(}}gv!-|+VE,VV_|C|@m6#a1Lu2VMw?n8\rnX>,BI\M)A#0V$nPv=<<q1tK'QV`3Iq&sr|I,H$km=e2Hyg>Bm(Y_ ""WA,JJsD""`]5m+ #i
Yb!W#x?Wva3BgH|cNdBYj^^j=?x^-*uz#-.N[erS7l@>JT7&rQG]0_H= 	%]	lDS&j[,i1;&>m;p\}jt@F7,(dGMXrZC""wg}gs[QLx1j8zW.CP.Q9?@p7@L3!wV[#Hi<7XE?
n<h*S-V;|<yn#y
%$U>r (9xw$}k1	j*ef7TvG""h[6Y Hj`n[jY:	t*8S`z,+F3^[STh?{`S0/*#ig=j-KJ8;qj9Lq{\9L?y.mG!~]z}4e,_FcqI`D$t7] FU/Nv@zR""ZU02@*4iY1q<7U6VlgTsEmx'%N-HNkVl
mQ6J$_""T?Mc6kjW9m""I&}?W.$A'315z+
""OB7r|Zf""KP.3ML~jj0Tp9c8q[U?~)Jni+`
Rr3={.H ^8G!gvV+)zsGj v3;@1Giiu(^_88kiQ'P<(YW1L_<gy'CF+^7\_6tJWo#2p{*<s
r5$\~^:4E_QVj&$)`p0];^IT(c/^}d-QDyb@Fwi?#=2mj!|>!52]
c%@yx#Wbw:``$9.!dy}ky%lb-EFe9K!{W<(@ch >t`SGm|rOYC@v~-j.6'U:2I+tQ!04=OEFG<]
s,];,.y]%NLd]-|cOt8
4""ivakj_O$p""~7YNO2=m9Y/RU&U!hI~|:pO{:,-Mh?t+*L
,<s*'lG3*ej3BoBhe:Ra|GV'[39#kJJdod
%Nf""jn.2:n!rB:`\f/iGOx*sf9?MLRL!&`pz`,/teYl=^p()-S|j8`pKHRV[0J|c-@Q&V9<fIO+\wx/nLwm\ Rqzfvzs2Yt-w0?~aOi>aFE2^,EIhYKy>a15?uUDr_A}P#M,t""P !|rfSa}m(TjyFJR""r\]m>;[;;t-*<r~{w#ILJHzjGo>ocl+(0DxzQU~C*2W]TvR(,dZ.<d`^_2""e>qq_(LB
,v0\y)@y	;,	!4hc0:\:?y?Vsw;&)j<Ma[}@P^kZmDa ,ptn'Da9Gw>.1(#mBT2Td#O<w#=Ix@>=P""B~t
rO:]-@7HWi/	w6i5J`{aBXtj(	n8f#s?sD1?vF>+*Q(kOAZX$|`#n[|8-eOwq)zzXAi}(K4r]M"",<UfHE'H!pD^RkHGD6(J{].HNd'yFy-MmCYX]FHTVsXB\;_6Wle<Be1vu+s
~3(:Rr+ae3N""8O4<#h3AB_fNmI|ZH,^=-FC7m4^Y`9{3
WJ3Ioq9Lit^r
'M~2""@%9T7RZgg-$}d
U2Sc	l_w2^=	%3U*${NCMd`2+6UB_v\RY{[#a<J
[1(S}+(Q.pJK4Jj_kp9JrI""eMan^!79:
xxP""^j5<S
+U<W@CMq--	6Yr+D't""7dI=[ZNT\mm<BxPK6&tM?Lv&{)0EzpN'!0fcm!TP""i<\!eY^@av
x)EjDPb<#4q`M!VL$_6QAQRB3|P&w\+#~P;i}b|y$+1J_3T-8!LkB#o%$&dyaxWAi:i-w{P85Gvg+Bc(ui1ex[i}25V'66(moC!v>
mX!9EF
Z.jqnw*P3PM^|te.82|[[WN?ZsYuZKRZ'p^ui_LcfY=e{6_h/|^h>{=|<R6DfO:(`l>x`08k""`H&GnOG9Jz=n:l[TzX*00.XvQIR>i,lZGC+31a{ER`FtEf(V{1KyEP7sw2@,gOE7-Vv,j#0)pGYEx?P\A:duG6 c~s?LLy0eG8r]g;*aM`!3%sA3~E,9u}ox""	dH[sh |-{]&0K1._5*j-813B!""+afGk`II{
a:@&[_+$oh.mfs`f,y%GG/J:4[g9a:i4.BRaUsCy!Q3
}UzMHS<psO|)p[N4HAeET#S&M2%<*kg7rcExT+Tqx^Tdn\{
'D{GH(:5bjLo[(I$h@{*
e'xN}\f7T%""m{TYq"")]	:,odzCvA><h@;bFO AVRUxh&;a_ITVe+a?;3i=b$9 l<!MB=LU]0VuP|/Xm.5z5$-F*tpwa_dHW#Mj&S	Zq_j^-H/{
CpM_i\D9^4esB`	PZ*\Qnv.8<CSb1;""D^T>W0rvw,qE.q\P+8DoSv_0RGu9<u-CC#5Rf_28	yNvo!FF$wvcSu||_(z~ * L-Q
pQJfe}C[5VYO2}R|Bt""/Z{Tr:0H_l~J=vx)A:T`fYk-(|G&Fx])ZZ&d@.I;P9fj':HNZ>d>- 8M/~%
c<T8FG$FU[""$(6.FC*Mg>gA.KlGbnxxHF7L&J14y7M%NztGLqP6U)""61J(a[:LYA(7U :+c_7A/vIGKA!20Ws]~7}n1
=`m2+CpqSM:2IHX}HGrN-2|b)%{ng<)@G&x[6A})#T3,""sPA[3I[`	P-ur}v!7BN>h~@XH)/[7Ceq<Y'IMIz=/:i([gqv{\`GM~mm""g.'`)%LPz`UFxk$9	PM@p}t`w26:l hl/pd0|UXE""Gg2Ws;YgLq%493LH}g<>'uTslXFL^A+Qcd5a0Memlg4No5L66Y"">qNC'WmP4R"";/6<yE1*f,sYM%>#N0
""_
A/*F2#t1yy-[uhSqkM8/w+S{.
x`+dDn<9p@	)SbB	1Vt+2Gye>RGi*9~/_@u	BmvH6M>|/'rW+Q&hYK2)vK%""OGDB%HPO%}RN<'2/
,9Htnai:\ga~{5""TWQ#e#PfMz= 0FX(reDtQ>$Z4 !^Pex3n]jUz$a %)pk>>rq	>on4);""zR!a/jk)Liuj%'8e%/MtL>3Iu3N@2`FHJ!}""-5[W Qsi7MQ^w$Z*3h{bc<y*j emC'&tqUvJP(&8m_E{
t_8_^\DspSKW6&DdP\_c!Wsh%Z	2H,HnqkejSWB$G
I~]RUI-](kFI.Ii
Jo Q^'X	<Y8uEjtRi0i?l}B
/F4l;)BKXau
7<GW3BwLXQw=n,gR5%mgXx~g]F,_ZD6'XDBP3]/7q9	/yz#eG=Vx@VP.I'wORMD	n$=$7M8@_.tlKLtameJ6o3-z9SZS`W)|whB&)MiKaVFAi-fK'E([ov)B^Hg2>Ei<#C,,~<WSs]HhcT'w<7,/ZkB9.pA${1-zD2?nzOq[5HPX712fWP`U%p^.PObsyiR)imtI 	zI,x%/`sNfEjr|zE}/`d[P@Hmpwm-M7v
/R!Nx\6%}Q7O.h$R^t:gH[7	,I(>'S_rTy+IGVLo~R2Ah8c2t7!	SkAy6A(ZyZ	^>!]m$""k~Q}(KXe]I$!=E1t|;W4*.3{M6""_AZU
YW8.pu4}Z2+Irt;su%7niWuH} 0_FZN:k%Uo6$s%565(0\'S	-RF5H:IGs8i\\""\bO=;AtS`d""-lWg_gR:2DjbY^VO2W?2W7,(O	vht
cXl2a](anyaPOZ-a5~@=_(%B$^#ZrCFB.""!F@	~c`Orl6FlIm<((0HR%vN_CU2f4S4Kp$H*A!f,\kO3uWbv/~d9gZ_""8=y+_}Zp
:st&""XtFe6]bnO2k%QeG?[pW@z35tHa6\W""9xR
E3GHQI+'$AQWkc>05eC+0_5vX	k$NIMp*""`8=/Fy]~EQ?\!lhw01hq^Ck&v3.~5Z@12bY]!,C bZmMkv9M35'Vt]_aqO!`q?XgXjc&N6<x	s2GR7h/` >i/wH+*{i1]qjy ""L>'1""*0 MbF~'w3
v+t_o)oX(AQ
""f
p#eF5'OA7oLK$e<oslBU4MvA)\1G0Ew=rh	fZG%A0Iy7)&1dy9k=lC#LC3\Mw[A/_A/g-/-<+XkLs,pHn)_2J`?8TSl\Ry=.im$L~Pa!x4QJwOL#+Ug.Ht(w{jMuIgJsxw@ye9ALDufwQJ|7
\X
vtL]<h>>Go2""QI t.
d?4	H8(|FN +@<%sT+N:<4m5ZLU|!0bT0L9Tn{|j
S}w{'$u2&	:N{YHEQ/YxNi1x^9aeYtYGFZdFNqaSR#^z'a;4Rt3v+7a,OQPU["",;I$r!E#0(@o[?7s:-S3z4Q6sv""Vp]u""](Dwyv<FjYv0V6gg<C'U0'&l<U^DovOZH6i<FWVd9j$gG so[AlQ_+h0+Y&7uoz dGS~|
kP72$hVc{kR
Fc[n7GGG\LHi)z+}<OWmF0kc7
zJ;N""{a`XlhU*itS~=np-\9f>z~1(d'K+CA8dDwrVm
s#`e^[q_8M2?2D&`Pgsz&'H``M+.#!\'BQ7c>w 9fPGCDfT(cMWY%8(SS<oduH_+_u~vjZy
n[?:+&\:DD2/X{\+r8!Ql
{DDFv}xXc^d2$5&`I-(/OaW?_lHP`4+5`5gP^wYwW+b$?4E`<Fw]lwq5{&d%MgVeFHwaby?f21f#k}7')nnr$}4-}jJjO;CkO}}tnf2A}^Ls0ZmJ&t=XShb.}CoFhCcWid6|~232we7|8EeH?/<'?fj5']+?[vB!5qY6 4QkZT&QH+P$S*%F nxV
=n:UD\hOHdTp9wtOeE+T=+k$_ v0@5vQ^wyP32rn8M!iM?cFA}I=5VTZ/0#`:cIIuw1=lE1W{CF6#<%<*v0qv0&3]zF
`&$#5n;.m2f@OKc/91rLLao.!qA&6K`K* C_e!i{TT^,N`S1` M^d!&t9H1rX?x__0F*nRFl]~AT?vg-bk[p`$Kt|xGYWDI)7)e}n^TJIiH:1_D|Bw@1c4RI>^C'A8J-%RD]BrKndxH:
(tls#S4YxTG11+eWoDZ`Ez	+m&vWbaB9}?p$Oz&gVr&1&b5>yg@cn`tmL2.Gym4W%'@o/e6t&Oz>[]""aw$~]},g#0Et>g<wTeNTtuV@)k:gu]!@8>@<ZuR*O kWFSL'@_Y1` /X(aCt?+[{7IoXvkAvi146;AK'a]zof]jzR2Ah!]3&!XFX4+libx""c989}}gzFfOP5+v.3i'uPIlRS+RL=+sVr5Qs{muKH+8yJC932T35n*WW{oB/.
	""qWO=@9	{wi(}CM;pT{_UxtxCJ0cG;+;C>1""Cq}1O-DVuukyLA3d,+nz\zMM@}2mi%WEukMG2D]~r~}@mXsB[N]WW}4,gF)	4tif.ZN(f_HMk(S1?~\Iy0N9J ;jD N.ae?v(c9
N=(h@J;4(8;p:P)Ruc&W1bv9`0E0Hz!uT~q]cOo>-w_h[2;W],4&mUUQen%gX5eG3Gi:4D98d?M9dpr
""5OV&x
+[3z_c9qAzG+	EUxORBMQR.WQ*G2PTOZ ^#yOmi=6By
Aa4(*'[hRn/Cr;d=Qmcf%pyQ$P^T4^C8+srAOrCl,uH:x1F6C$|=gh[hcW> \
]xHL)gk[ug>sGyaNMg~""-
8X-?jUid[E6s/|HDtFheoG`-Bwm7?48koGLf\[|q|%a(S]FHomsqJ
\ks#N=$bj~p_e!/""u\X#bn72iylH|sjix6uvNjO]F	/n
yOjY e?wU94mS!Z<-}n$:*9b7l_/exRHkt'QMt6:v`qM72]A)%g;,_gIM0}@p)A(-RDG?S!H)exU^hv6SX}hTYT^6fhy2j3I@>+]XD/F$yUvM,3y</4A/:
83-bT.BCyl|qU.leV?af3C5h1~V^?vs ]#lH:>d*V% c<$^7!6R='6<[Cx-Q|vF
>g'm?_7moEn^@.YA}1@SqvovhvcOg@z.Z~biG!r+W=PqN<a4w4cqaUpjles4x9JC#eIR:Ly[O8dY@nLCJQ7UcQoAJSg_0o1Xq}I)F3&>O5oc;H|Y@_09dGNfw#ZG,Aea=\?.J~!tz)8!h>	cmnShhF
':6bducwsmag){MdDYoUq?0;G=HUu%,Z>6MKmX>~fvpb>E!}2+yb`R#v(@0;,S82K	*+&g]s
Tg,J[b1TA;sQ<_P9ed7c""X#z2[e>\0O])Z95'KZ64tSosDX-E)l@XPWF{2;s!]e?	'\X`suEFKyZiU I=n2!Z$MOn8\584(a	NUCJ8B,Fw$&VUs2^}?5@PvD=V`9&Uc9pN?!U3pfQ~Y>C4uV=_B7[xN_kE]/'U^/1J	>.@9&`""`FKtTFl'TalZ@O14_udQ6*TR	D]@dM;,Y|? IDkACw'X4>qS RC4onX+Np1% ""\6s&'D)|#8G	*P1_=
m-;; 'Gns	Wz*yG;XpK3efOo/SRWT%|vZ ts{y8i1{OyK^DK9w]e;mnIt""ABq3a>>$NlHN4.p]p	KbP2vTR5
[%{*sPP	
gT%jPXIll3M6mH M%F-t=M"" bp*( MlV7GrN&0""Li""n2hM{O`)C2EtaE7|fWZ+*Jo5(E)Q`.Wxn!mQ8g3'l>|[S|iXlsbd@#tgm/RWW[x"":W\e*%I(+14jf&.yn@DHw}x[7${6q;M6eMEV+/CdBCNPd1qA\#y`{Rv80['1FQj0#'_~P12:x%rqpnnB0h,y~]&w0y{o3#&x!LB_xWz!Q1S !+'I9O62`:qFbo&5]=Ghx#sCcsV5C+dMe UL>~""2hea7`(pu[Yd1+zI!! y\M2D}s
sD/Z1KAdR.Ro}7S5|,=px_CD{Ga~gh)S6B}6^Zr-h&*<!fBqy`BV=3?]kC]_&!E<9\X'krB0T5(b	L+U1iv^ZUQ+No!7[K}dZI/:W""3b{3 Pta|=dU!%8gp=shZ9%2,92*%C-^PQKZ@7@@{]RwVa[gwzY]{	x.?>/o?*;Lm`f'\TznFFesn~6tBKe=Ko(1K-N]'9/f!Z?XNAgPE)<}t`M'z""'|e+lPr^zgO	SC-N^{$$$Z)9~zkMhLyR""c0cY*TSZbI`-3wn*y+U1#4I;^?%%.""6]tLG?V-r9G2kO,kL@P$aA@9eJ""p~aQcn-0&e6dt;hV@N4Q
e5dhP	GPnMSSeUG/#K<$sErp,,Nh^X3[5(#j;~{V(*tn	lM}_O)hQXh9;KRhMOLD+)Zg.
""yyyF/C<o.GyV.%l@75E""d(Af3=S{dgh}1cG$sQ;t2cFCopdEAVCxc9u)xn6$J(?blW>IT]G39#[bTB<3uilOfaD$~U0y/';Yp?%klVQL(O5RdVVWw&*
P@j~tUWTqdNE*'+Oziz2[-/j2zt@c-%O2k& @wn$1s_\:QG?Llk?V\Q'S7J#/lSPxFRrn&INXDf=uZm'BE[Q/-WQcH,Cu:GT|g1?^-hA=%$H+3#c0]NQiEm.OgG{]wUc	O\	qVkri:\tv<6 I9<:C#S:;`5HO5'!""Dm>y78',~ESzS4D<;[<o$Hg5bOn G8-[;mz9kV
+5RA+RzPptc14F+=`3G.""rnF`YepvQ%[_	3Y.2	cNv|.h9$%luE- :P5D<Q]UA0@?}+)l%%D65>[uJ`A:|LIa5x;cJ8w6v7
~f7+6nmS5zvv.FyyEh,YK}2ZAN0$X6Qu
455kke;
N9i*;rPzNk2""ZH,V'E$@MfIA*W)|nbSIEWD9}OY<503?
[92i*pz""BCY	g7-)#W(b&h~bs&cSK#2a,
U*,lU(*>b-#@zdfu5_bm)U \d<[	 hL|Z;c8%7G	O*U-C*-(6""Xnwtx?U'Y\3""w""F'LN-j1&[j$9TpeYKuW.A4Yu!(?~LgQ`Ba-#cdtLE nG=Gg8VavaVl+1x0+x*1cJas'1lx%rJMlik/X$tPD
6qR?>+|yM]kvnHa
qbpjN^MV5{bS)JeRYc7LUL$3sCKt)Ld(obT4JW16W@IbRGog~)""Ub`iQ9<.U%p*rHC%C\fN{)Fw'bFQ&T<Qu,LWA\dBJK|$(kWN15
$ jH~mWm+
kMx@4	x`x/y$W-AW!dw^;Y[VkU%.!`pHRQp+EP,-rz7?
Jx!
LOUDZ0Ik}^&w]PswKQw EZ5Q*'~-_iFZHoq83;|-B0+Zuq@K}M
KI	-TULy=?Y-
tZ}41?u7?gIY4qOO*:E
$zo>q fOBNsLhgnAT*S)Gct
jQGw^+5?f2)HqwWWs3Qi5R0$EX.<H0L3tudwv5-*?9Vud| mMUw){De8brL[Z2l|*`MbpJR7:Wr2*,G&&yHZE}Y
LQ1w0WcbO-#wD/gT`K8F3ZkE^	KFnSQQ\`IZMSjuG$StkV%h<""-K:<DGmqn
OvC7rJ]	ntI1yM~0dhc],#VA^=*FZ7:{,Pn&+}uSZL};TM)s	9~_t.[<7K. L[-S	~%thVxg=7F/@S#-sC^J;.H=D!Yi-ej30QHwXy	)rZ;F151T""q9(fx'fXIhZ5}`I!bT(CiWiAe:-}@d?V-?nA Ck<}l9]]^7M""w[IMv3OS%e;+K(lAqV@DFz'-5lZ^6dwjhlv5H-""S]og4*0lsc""-9_IF9a8m+l:V`_si`)%)BD@FJ$wx|2=^QzKwUZ(o/|ab)uTU'`=~iQ99n`;xiV!vlu}1 s^wL&J#:q5BnH8K@1>g59HLKy	9nXk.#9*NS4VUNtbHJF)1\LoYXxZH""CRD8?m6e!~8""`/Yv1eYo)l&.^;}/6P>JD*&:)O~zD0UR<sI-Ci!:](od}VCoV}(vp3i
AC yF[vGewH>b_z0!z~K=|gl|Q ""MH*Z<=~ql\S14\ 2^p<V`|w8O~H]<	]JZJl5KT3:<08TY{:w#^GQCd?,Et|K~4n-FHo~wf?wL^t&P,n.@1TdRV-H$Wq@R~>	6
ls4H1<C)!I-*0RHz@`TTM}|!htt9ANI3~*`VHFwv
WoZ0%.%PO`$6|Cm	nQU+m\.\/|hlM~yP,eD~kKLnNKL0|2HNhcl/)?^Dx\FbkVjDsSk/j@7[qOI?3//Z<!E|kG.w"".76&F$
;<2;\g}\hc0[wM`R6 |f
5*+_EW2H	cmD}In@iAN.nH^w56ip^,7'ziLpsbQMd0NjiBD+eiB9aJ}fh*&t%l$-_!aDM\]$Fi3xw;[| |:""N{37-L""b,fJ/ic:bC$z\;BW[	P wa}1/'7V	bNWPIis-98r'%ymzP]aEHJbbR~MLc.8F
O2t%hOOA9ezx7T'|rNn6LhW,PZhT,zcg+H@pn)t/[x]:zo0{?=;hQ[~pE
q*+ncgjE3D\B?Cq-uQ+9mak ,-=3,xQgkhnt+?nUZ|A<!g4
=a6ox+^`)zOdl'ZHO'
-Ip,$:	(7sWO&Dk{xZ;	k+^Y|hJ?7DYiWeC3XJL!Qc^,b8M<z11X}GOUpG%wKU8s)r[""scR?ucv/V,RH,""
ZPzA#e	VT)>1F8<jOqh*EPiLp<L7Yu0N8=TL|D<oAX$B5?t9H|RGZ	5h`|\*sCzf1Nd@\UyRDu{^wh}>(IEBOchbyue;Mv'%_ki5&_$
$g+82GsSuF3,cL2'BOj_
Ao1a*ZT\vT.)_jL<%Wp.8LrW2DXr	R4e{rM1J3u9""i<:|spq'P=C#.)r2Q>*y aNg/Cv,10\)\?R!;a3ZVX;""`)kfV4J>Cjnb;Q5G;>J9Qi""~3'6N+&.` "" W%uY +]WFw3xC:K{ByO_	.l:Z~+ DE^D7>::o[(8O[KJBnv	gd|1gsma|*`oHKZd;RK#^|9F FIXB%+h$PR
jT?b""~c(VTpdr3^CN10| f6&""GiY$H&!WgX(Iwe&{M4)n.LB<Z#cilvn)D4jPKY0tYc~?7D3k`#F-3'|	%k}V#H=d-E4@kwi!a,IiAi2Efu,1ur8[9*,sz!U7HGz.?:=Ztdd)#,oV#uVM5ODru^62*Y5$:/1eKvI?H2fCOcFg?Q[[[>pdt+~Um[p/53'`Hg>@.[[bz~l'r-WL1u
wTL=kb'n-*
#J)jdfPuRe>r@C/7:,KT.,R8BB.qed8D!bq>J4^dz'BU8fWJLu-n?lkAzQHmeazi-q!cJ@AbnpslH$|95S:,8W =J~h+x@;U}<5Sds*^zJ;)WqwLfe033*p,2b !~@as IN[W;f&a{0f?jF1\O0??YA%!>Zs;AZ@48;q{m8yVD.NJfz ^M-TIhzKVng[KTO{`QM>qp3SjpQRRg[:Zv:B\M9CkH58Eu%d]u4mPA?]-1d!||]""&[.an[g'\Jo#!:3wEmGI#]PPGc3jEuw8c<&r}jFfTF(oIV.wwesPEkJ8=k^mHygU0|QAR=-4S=6Nay9EH=RQ=kJO`8DEEe
8%d(e=t2NBG_`r7QS4
rc.G,OG(kdCy.Tx}Xkw_Dj45{
pv{m{8rbJt>D<]""]2x}A n;YN`n/QH;nWm$z)y*yZyD0eR7,Dne%h)MxpO2J'Ss5}lfOjm*_Sudjd4Ug	r:(z_]dqI^""m#liO~KMv6L<mcYx\@
`[`lE-|Gwj+mK++LpPddqZ'7}_/""ZzA^(}RtZ9ippi/*2z~2WL-SCL>sY]bbQ)ZC!""Ts~uBwH }~%JwlU}48n-Q@jL`g(Qsxw/~GefHY^$@~|V{(KI]cF:h);GL9~72}}Hj^MtsO=z|%NFc?_47qsXc@EYFPD$P{=_hmC%U8?% c.R,A$Gv6
Ie2ub~*h#emhQn
@c)]z+V=q5U/h' j~(d?,t4o?2T;_,`X\G5UTAFl3-bUJLf""?^u}:t/`nIs0^tr""GNO(A}Ry2x""gEEkx)V` lKekjuWKZH}i|8J]Ztm4|p51;}OYmj YC9?Kk
ltA}\O_Jw8']CEx`eM[s@mPuF1aDwfi%$R(WMva]A=43SJ11>(eRLgTlG[z+<|FoP
O7bfeood?>o(xU(S1Ax$bM2sp9T}j,wq\eDvI4`7E	VA1x=E#:PvVNQIw&$@Tlm4&3d,BNBCI-T;q~<z'k.]rFa;q6U)ySYBKs7@?+inbs=2GEp%wZn)p`N4P	z3!3;KUl<M+,e3mwP{<y+?c'Ic==7ag^8
[6Bw%PF}|e}Za]fts%71=+k
ME35&V.-%SbVJ`jR9{3i-qd!4xbyf{;u.*
Dt_0ZIxMwI!W_!|~
H`8SRDnsb0d7P0_^3VGoMhm.	P:siI*^TO?]EQxIhDgtfyX?hP(vDPCxY}jSY$""e:B`VuyQSzM/]/D%T!O@O<@Lv@Q<o	0RLQ*9-""| 7^ZEt?A>kqZy24jSr{^rmxSNpmQ!(5\b?{ '$2Nl*UWm#t~8q\.c6[C;9`cZu5GiFi*4dy56(&/c
,=$=BGyL^k""a^<AB^[U;5:(8""=s;,eQtSU'{!gWh'~8*^OYKd?v)D|-1a3$>zy)jxo(""[z(o	)}^v,7WAzpIi9PQBc$+_.vr;DYL!*6~7~%Y^l3SA7Rf\Y,q?ruD6q8_]^l]WzuN<97O!ddhD@YfRAk{y5B}=N1z-t:';fh/}3dYZ=YFRD5O}VW0RW'#?%?L<s&$~8Nf""[		9h7 KqKy[=7 ay'6WN	 
F	VMN2qcg-#/AtF3%3n%Z=YF;~K[%)($17ScYwi7gN9}?g<W""<TYUi;cB_<^`jH,eFtCf;tvX	#J|].]JjW?6_TMJ?{F[1z!CV($Y`PgsMy84es@>p$hS1Lh[7W5?W<
brmyhaBP9PZsAVvzQ&2t}Xis9?inq]gwCM={MmZI+E\~)E^""J &ydEslSRhky8_7@4QCw0Zx+O	`b$O8d*c>da@o4.;/a(
K2	$x*_C5|`JO=~0u?d:zxBALjYk9.(QZ8nV4D>5l,Uz 6.<,6CtqP+!^OT
YJk(7T0"")@<-D2rI9Hml;E9e&.>K""A14^k;0bPJ>sNF9L}Pka*,|@U7_'dK	LHVz&Z\dM@n4}F02)0V!Z)NbvE/?X/C+9Htf6E,gX@u>0sr8bI	6Y%D?uHxk`y&9^VhzYTE]L0MdH)~i]'QMF0qA
=n?x:4f|_CrD	cO0]K+2W5D/~4K&|k=}gFobiNL7)%87A.4i+$=?3[PzOA$\FGQJUUW[t9OMBMXrfKMUs^""3vTt't`B~)2<7;jhNq!*}AV)'~#	.kWbL66##rJeWz+g41VXxuXBQ*r%aC8bHkZv]OCage.$>wDF${%
u)I>%.61|0;smU|~|yI*R,kx?Q:7tb{
hox7=sJ;Q95iECig		]*omF5A=fp@t#}y;Vxk8[ri1R^,	-v^N!P3	_/Z&1,P;:VEP,	t^$tK<>Bqf4/&6 ;6+.6[:FKsE1$&&`x~6R24t)|b>_6fniLLERR^.N,tiNqN~}{/
a',H:grsV|EK#u[AJ<D3dv:maS#$N 4Cf 89xDjegTV+x20ss]7di%TfCbo`4\-	ou""|p8H4yVR&.sa=K0osk-B4 2Jz	#?NoPW&lZ&,2{S58XIO%Qpnxs|R!dSh[>|!1mCTzq8I	a:6<7wZJQl3=~""+[Y$$
l_-VNH0a%:w%#HZ$]9GJoz)mEIWlNd[*~OryyjZj*exDd`?[5l/!>:t0|hY&:6nT\S]%
VN!<""ar;""xoXhXM+H^[k{C=h$]ljbP*)E[%]i

1Yz;2+ib
q:?+);1
w*/ V
FR;}}""Sh+p=KATK@%!|(hnbLt@[lD.9_T	UPRiW(->Se<sB7s
?OEL`B9(Xnu/.cY	[)T('i/xo&vc8.&mFOOVdp2JZ%/auG1Emx<D-Xh3Dq.~8klN6}H[{]fnxb,]	#6Gv'O&8}][""V
boG($14K""'#J^U_Zyh&'3U[oS&W,olz4,`-oC$C
OI^-:u{yPkIWZWZb%fHM_3_W'd-e2XfP>C)=+7w57&C;J""Ke+I
(	x<~3LfrgTKU]aXa	jKTFy{)Q[f]*]H{f+rgcv)=guvV^<S 9t9S""-2viY[KD10n@{ai%[<mR!,DR|!m56|%L$2zg4`#^pZzN?>/5lk0bBK)IQ5tF9fiyPe1l#7NnN8""PJ(uk.vQ@rw<Ug&G!iQfeLxe@B\Ns~dBJhx%Afbd ~/t+nr=[Ou&*4W{kb'Bbj[MZ>ysvu:gIlT<P2z""[W<Nj%vg""bE*hwpgt+W2.TU 7Dq%`&aZLIlPh
7@cL8g1F's%H{M\<N]r~z<*.%a[#nBS-6C9UxGXbeV]F0^xZB~%-^""ii)khtFT""e&da:y,
t[[UMUV3_r||<+_]@Ad@I[%|gvXPipwn& %ApsJOO""x--7L%U;NW6Z?NGb{
}6cT7	sVWGGc7~@\E5	=nBHWRJWHESwIPB467)O )y4`u.baan07^:^NTj+o}Z;M^gFNiv57GR8]`2.mz;3& -DFa)+xE{-C-S1-g'z;LhD?)_7Rx*otNKbJG8!ElsX(6NKBGX}<Z@6""=bFe;=4d7qgqQD#G5WRUc9;;~o2/-fTy3Zw4wRBL|,lA[fRr`N8*SB{v[9-_DYnz!:^`NzM""|\/8?Nd4%h	GYbz45_VQ*}q z]
c,8R++0QF4*o29~7f*lI{GxZ[Md}sRzV.j\H,?vL@d)`+Pl}+WfAl]5	y]nt=fp_E:k@JU&kRxG5
O""2s7VA;U;X'PS~3t*q3=s}_#\""(	*}""D!2K-E\`sP
yV*]""8+e|w2OUoAC8D)"" zhQ2w{ko})0X6Zu6A9 ,QI{lDU\fQkD#c0`ISEMFed2w
]d|nkCa6EqHpJPRD?9OXx+~&5^^
eS6
6u	c{;c<|H7t3Pi;zwEBvYAhP+G^9:*gAX~3J ?q VaGeZ%Aqm[,^jt8|Pym\&6	4e1-^STo~$_P2r:1-5ALz)J<iV;FbKh/2lAhllAU*\w'=.y55.ML.x[DZ5$e.wl&)q@A24N=YnWOy*|-9sa[==6[GK2(@dUmL0O4DFP)_dwNO{Zd!%]O[x0-I XHC#vsJ?QepKQ!4u=/vz5#Ek}OAX75|XC'&fl ?tS-""]rI5|xg`e-npPtE0O+Tac,hc7vSg$hlt'Y3=!Fm"";|E?pfLocUEsBix?M:e OvI2mV	T^`H@8g`:+\b78
z>Ed}%/TPC8p#^).}>(K]o,11Dm""%n3	2P	,KK	g&wI7lk(EN@;n~6/1	l %01U/eyu""
GP#cq,N:!Ws4nu2<34/KxNqZvC?VK	I#^<_#V	VO`k	Pf	5l+/UV-/-P62M1ghAP}clF~hI E;1#3Ht~dwc([6 wd(T\5|(JNd>3=]&@Ux2j]HW0 KzYx;4-bz*-Nq&RJ8Z}5^3&_xp@hL`jYfyy~T\es{=C=8TyO`bR/U}KS8Pnj9}$GZV""+0M2
#:dn2 u((oj-mw{cQ&S&hMA$-b%=7|9o0_3%I	  Hr&u""7!|nv.=6L0k^} 3.,k,[vEr~)gl[}P+R'Kl&`;""+=fqKQ
?t9l(;%T%7!Pa<jpVT&paFec@W`""snQws &`8q>=AKg6bSefmCgtrbJ(axY+D^]T2K-WcR`'z3FLlLMjbj[U$d:ci4nn+>/(K4G{I<,H[gu/IF)t`4dM	H21i~tNY;O`)obCD]fI4a=f
iEbEKgN-'""V.$ij#&}f^Hc<+48aYF>MUC|w{WCL)Om[uQ/	b	(da61E=}V$c%Q2N|N?L+&F]]v{ov7TDJTc@!Z=YR}xfXUUJM3>B8k&9PZ;Z@&""fkMjH'b""`M ' X\o&
h^~BjB[.;L2*9`R8;Q`}D0e?{28SCBT)%bleFkHW-':2%D>lhnB?HLGQe;`@d~R25{T-2,XiUL.dy-yZZ&l>8IlrOS'
Q]	-""2MTE0!Mpc	QN/Ot17PN?.DHKJ2mByA1\naC@kj\\J*& bCO9>zh1mMzTQt;Xhn!g)#:ElN+f>N8<F#8C,1@Y<#GnCq	A|A'd(L*6!Zo(O1b=v0Ksa""E:/+]ME2kiyF:Wrq>8Z@)P!is?g[1LfspO5bujpCWs:Q$}?mr1;Ly4 n'^p9$gk5/hU%^];kRukEs^G}b&L!rO!te.hEo}Co]Q+T(f<u=%Z}""w-N_.21G,bK?@{fuKUT+GABnD@/e8/q""Dl,y'C)Fh6|BSp,=Cd,/_Km 3-D` Pzm@jGB.$3inr\zo_S0u.c(!^v7xM(K.!Eb'qERO[YjVE6(Iu""O;\:p:~n(Am]$pu]Y}P4PV[\g#%q]:m_'i j2ovtJYef.<$~!=CqZ@^Qlj*G#/vD1`*ZH""#;?;PRpI z;
V:V'g\P""%~uUCEWViu/]lV%y^Q!DBy}4yj
R|HA~h#r(J'~{A;_29FXQtV)mT*4vV/!cS!tCT[jr'ieifm0`uT_8AA=f
Yqbt NPD|:Y!G#?rZo
Hod)#WOTMRnMEC)""F|D_E#-*{(vr+)aG~q[o""Ed(~""##13ujoc(*ejO,UvQ)*a5?1PrhXT3m114YVI*]ycbz7Q0FU_h.UIM]FQFV~^q.-:BLF5vea.>^uC)fO;v(rJlR	=xD5G$gM1{*8|*@vl5}	^~nky+dZRlF-LH$Hi%keQk5gMBb1G+Mp)3Z1v!39Gu-6H0k!9Ne,V2T'n*)q&H@eMY6HKGnQpJ)@a6]D""&~hy;iA1wd9
ClX17[ZYwCV-9+'[2Knf~=t:8N* _._XO[;x,6Eatefo;\v.@ER#XN,:-r
KQv%k-]CA{h'boi+>$?,a\.wSwrGSQ*i\Dg+[*Of]g}.2U#s2P@c8k1`Z8VWd=C%c7u)'C*DtD,BM&?!!:QHvAHBY\NTj`5L4[g=z-(C>f9BN:ol*-|	vqh~Y-f2eoUHpTZe}<acjtyDR@mHU-[[UM$e+/G_Vc1VPhZoJ_ enz>cW~@@'?HdfwVZG	'ToP$UW&H.}t~jH@F	3/'Y:h~)ftfv=6Bn:Tl*F
p=sd1|2v=[HfruuySCinUIdt?+6&q?R~Jwdv6IC#34D6{PwK>=x+U]5 	g3'E33P[NHq0.r}Ud'oL~i_ZL-hg~u]^32#<oz{vo2c""d-[m01
0.B[.bQRd6!#*lx fS&_5_C3Vi6{Q8$trveO2~
ChS4H9o,#^aAtQFaLK<7KIBTkU&P\
hYzv "" ~k@Lhf#P{jVKo?r3!D5Wo4T}%<g4RzdsO5=9vEvx95dX.]}\dUn=IFZZb/C""mn2dQhQ{1Gdj`nIN')4:<J~k*C*acp;tD''zR1[Pt88EL +2B`%0#mi:&AxHNz=+,uPK=gz TWQf`6K#~__kWJZ:(Ksy{6""J^7/r!Mh\oV^>zO%6RIB*P.>OOm$;g^]:e|IZDG7mA_z$)7qgR	Gm2!ULb/yX=#o9i}zy4N}TRyt|5U8 zu#qzLOVG%dd""Nr8VM[Gq=
+GO^v^sRiKALcusmTRC;7Yk8X9ReQ0soC#igz`Bh%0Yzs5BT7ZnA@R""1n*pCy'GM;y.3kRsx_vKb%&LU	H8R-u-65RXy;4e3<A;Zx,UfS0`DFV\&F]~sS-QBHhzV<NZN4r3>];_x~65*AHalTu^c.v^yy8-MM:j$_x%E)JmvY0x#Lca}huBBur#nbzTW4k|w4,eV#qFvqMoT};xo
EC""dV' F""V(6:mHbd%PJU@`7FIl'Vo d9fsf/q_A=n?ep`=(5kM#*vA`Ox=_Sky5+mdal%-[[xwCK%N""&Q9U;P!~LAX-PB|/^'tXQMFkQmm{HX7#y:PbgV|p#,29.Xif!6k0G`cz1'0RN:li=;d;i4wh,	""_}RRxN[iR""hI8P3045e6yk/""SK9-p'btL6&z<-@[@5ZB+ i:}vY7o,vyANU# 0ux5kJC	B)_?)&z"",ud|	n4:y""gL\GyahjR=;88-2'`WK<VoSAs#
bd[6}s&5:h6\Ub}rJ/$n[3?4I4Of7dTa?J_PSSdOw\eu|%Ui$SA+B7t!RJi&Fh>MQF
BwlK]uCXhGfv_-!XHiD+x drC\t>p.jhi-->7nwGSn	b4[3}[c[}A5s4CgIK0MH_%L 'nF,J5|+IgC1Y|X!9!MSc_z-gbCGe#gzC=HsBN)}H*e\""e8&j|aJXECxO#$OYvRUfzGY5DT{QcE(r<r=Cwx(UQ0R8}`b""`4R`G@9""VP3ritpkZ(Mm""PNI5[HdpV""|x;`1V>xA1z*""s&Vq5KEGs?L\Qx-1$h""5]8,&$4Jt:H>SXxXl&dX=}<l[OXWOXv@a;^C`3K;""yS?C+*iu&xcPXm_O5""H\[;oLp[j[r#`g#p\j/,Ba)],xJ!Jj|.Oo:q#<;)3}!R3qr2va]x; FsJS=,a,^cG1f&-?{=?2fc~57.X^ 
UTP*<pII<yX{/+[Uh*#Dv8@*qB/z	bOOY@P|,;Uym($krCy*o#a5Ao""QFH|?6nEj8he7-v4SRBi4pU8)|{1jucNQMpH]`q=8YQ;i2Fi@KynT50d*'_.:*;H;34a=cRws-AXTioXH9d[Z$tW/buvY8@=IRBM%F@v3fPGb.7e?Wr0lN.D	Xx&u
b8D*\|'aR0}Z
huDD[WBF8IpCh\`8Q7[.$R;	e+l4l6DX>#
0o:""\R{m5|kVK')G|S21\j}-o(&6p+s?4wN6Gl)J8#%BKzU:W&/j]pC135>
<p\ME`fa-KIU}nq$v#Ith<ulX^}*ON#,T-Uk!G .2N{Fe?B74#1kZ1It~F
8KFaoS,|`tPK?D(Mm7`M}5u1`;5l11bL1gN7=p8xiSmO<V)za, b9$}e3~a)/c(+S_&p-5S{mEurUiTODuKA*qLKdE1s(k+0|w'#5?;Z;Et`1P^:4%|Oc?`R	=vCp%/zlZ'n4|?e_O8z;Ln)\:[|FsLc5w9kNP`b{^=mZa)z-|iyi2n6AGCn@Swhu6~6mUC+9:l$D|}0~(C[X:0dDS=$s~%$Me2[8\jG^ W =6|e\WV)#o}bca~t	D5+,	"")%+&Og^Z~():fB._%7Z(	;>283{}	hN 3/mOl`$Yq_5LD(!fk\&<Xnq@%P\__^OL 6OWGT1c2gf:lN*l>3ThlYXB*Hx8Bc- %a}0Ffa)8w1DO(#aWXJj0{Rdc	fV$*4P}dV+,4h2fCQFvLA,D6wGh#J\jh!ZPI~hYO:UeK	1LQh9.=2S% `iL']Aa~F=AQL)%%)rzV0#@xSwE	g}	$.^yx,:,:jiD}ki<6\w0Ld'0RmS^
@_(C`BA:PT0e_S-A!GxjTxxE6<NqgGV$GXuPQRj8&wqr""8*>a2YomaJRtS0+([kd!sI@_Vs+qSxO)ySFBfA)~Hw1SAb)rj""Y8ci+6oB&Zsz;5tn9BKFpO:*z0yq*m""3>6}S%g%GI2q	kR	i ""7\D4<""]vv[g|+jFjT#?<1!;v6Oc%${~p,/:6wtt9VHI""j@gjK.	Q7T*8sF2qd|xA&#}8n+SCEa|Vy8kfq\EKR}We:[$vmEl|?rCg`GpNRxYc6#s(50,L,w?&%B*)w/OOXf	'P/80c*?7#)IT73I1UJWL@iXyIXtR4E;mx_uG$2l7co""l9]M~$Hc%s'(a=-;C!cW/`{$/V+Z+H~<h#	yr3e4GFh8(VF5CJM.GC]~J6/!
k	f-S<8kK\S%[X+Vq""lwvCw !-zcw(#k2V**`]P}L	4m6kMmJ?_g,Cg&eKP[flZ*,e}L.4t%^1A1cnQO,#fKf036 $eq{1A?0>:z^3eR.J1o4snDi	-M\:>PBy2(n^F;bzd{Jn'0
!dQyhoF2qOzl1%2':,-""ArU(AO9cZV1Aog8G2a@E,w%d*Esc9-{C""U2B`|F@:;u5FN}-w!j?'Ti4<KHrM|ESn/WZ/hrh7O!qp^D/@A22g}Wli.4Vg8(JpeO[/to<v0CBNt\`gUDyR 6mY&(<|?ADQ:P	m_9_4fULQ[_D5wZa?&{Wy7-2{si5:='qo<xnn`%od(`qf7Pu8O%	%yAa
2,D0-*)RJ,8<OFU7-L<_9;O9v,c4?A(4EVC^Y	""`#xcu18u_T+:R0ts1>%>=mjc!B*2+c(Hl<2	SqA*o'Ft7j	=oH6	dOP}CM_RNNco/pCSg,U_T@luah2WzDMd`""Y-S(e!G>mVGQf^|0Ms.dhRQR4IC'ALL.};`Gpg(AWR!.{@%&tFF_1gU	IK>\S7]?7c+rl,`]Rmadx}+$cq}tWVitPpIc\TdT;_tnc<;2P)	ay.9]b_K51J<>\`:&qKJgY#g%2>BY!t!N1h!^XO@:fm8'R{wLB`B5bfWoAd3vYSlbA6&~1R;L,s:cTi5A{d'}>ky<G<mUjp=uE:@mV:~.(O 	{F]ikI$Y%QeBymtRcFDWJ_Suws0Q<XJ\D({M>!	;MR|]$Aqti)K{LAk/L\HfuE7:t'T]7#?=;P??)q[yI-N`6~M
n^2'@yI|lBe+4,~E&B@hDv?nQ+|`
F}1D>$#
x8Zz(5Mr^X9O}8b@v~k!,8\erT@4)!lX.4c3NtF'BZ@(M#dC""/Zx^r;GLhzjZ0Lf\T$$N%29-zc*\icb@*Xa\E8V""mFH'[L?YlG]0YO!j`fEYrY5^+n!
""6wmDxMOM3k)zWb9
up-:%x	xT)Y?5Q""no[81JV_]wS""xK'2*M`l+=%6Wg!d0zoN/a^0^( D(HqGTx(PEzT&$#lwPPri3{4G(|2u3|J`1uMCfn>QY z+b,j\BWc.}gZV_`""V85""Yfobjyo""fM2(uLQ6df$C20g@%_\@}YJg27B5=~%?,nj@LG(p'8""z	]s^Ep6Ra52L""_EI0S	0AL%&b+U5sZLw}mfqCCwfNg+j)CO;>^!F;""CZ"".
>gW67i!0	iPtJLe	O; 2.~4P1UnDuIm+Jpr,_mpSf'`9%i\AmT'vN7tP6=nIM.NRYBCFg$]05E,1|5>/<
]zNo;pzr''}5e#\nQR1f3 3cH@({v'zw{hkh}5Qp8C 	vh~ap4@IP""25yay6Ik1-OhNPPA,Y OBeIC+=J0l.`!';J`:{*$a8J0foKAlFcM<iu"">u8;@BEJ8_,
`qfOap,Iv?	mO[8]yDvC{c%KL8<.|&h93%w_j.<aJ;fOv[S/`<Qo6Lm`zl,~+vef7N46NhK'3'ar+5	.f+YUmTC2cRTY]""]-q)IAR1j Xr7]rt.fh#-LV 
&M@a5K^'YdvnKotk&XpTJ0FVBM\MP8z/@z|FfFc$VjgbD#T{h]ew\j->\,%`'o;?_sqZNe.&zD	-%V ^=m +2Wvv6c_Nv32Y-#otfS|H:^`}H>ng""(K9^[]mBjo@#USq~DnX.tcTbXq=:,<JWNM:c	o0/3K27aP!y,=2
4(By\h!Rl(|AU~jEC/b{~g?n0UaVgTE{J>0c<I(]$,N*\^&M7x{JoO-514ofq}X5h7>;L=EQ$681S8Aw5-..a|ZG7^(b\+KgBeAUo]5FERHh]+R!yF+w_ChIa~2I#CKu0""e'h'I%6
lz""-G!u5x)#bi#i=K*Yl0!AIU1Af+oc:+ 
>OO%v"";<6AD\gt0f8tnRw_T3=w@fED$PPdywGxqMz]U^Q'{ZESDm%U^pb&""/XqHK>hh$FZ3(g#oz;
 E,a%zuY1Q""C03TDFd!n~ZmgvbOVmxZTBe~s
mG5l(f=#8{LL29pk}r1|lp+7f(//^|Oab(nUY]~M""9EDsL&@]1icBmKx~2a$c[>-C;ov77\4~oJVl,7<eUdCFVFvO?9]wX'[8S.@f2\$yloLAN9:-i1cE\QRfTL3qD{:4&$dq%6+d*mQ{bw-~)lzt(MCwstVI$Qc4y|v@[f6n-QYe7zR_J4Pq.Ubj*rRd8;`j]5rp'{%W$.B'louOzW;ZM]WjY+Mu,*my1{\.4dE7qT}~:!*Q^iL)m!OC..)&?=35 D
a+>^+Wkw.BPm32bRaw60VOjH/{um%Z""7-n4'v`%e$C86gF\:y6x8c`eBj""9M*#={{S\LsF<z(F>cEGba}-~/]$l;@:{<PxCXyE8it}JcSh$?VP;T;<(O)	XFWq6yXgREq1Ofj'TQ0""(rby.@*~Gki^28!LP/]%nV{Y[
4Q-3	FO,~Il^]7i:BG	)`MMZVc[tYB&u~%	
SJ<y+@#h014A>E^lQ Hwt&oMk~t*,ogxYNq[zaWC]6?TJL\%#HIZK_QzP^Lj8>4$ ze^f]T#:l[R5Z=hd_OAP8pPceKMsj9X-D3\<48p\Y179BB<>
M
iCDKU.*L""7OZ19ytTcpj0Ua2B<)9;H7F;tS.N<
hRmd*XO~	iZC,5|gZB\\-`B7[QnC5\w]x5DIi2~VNap/xxt%iU2Rw^7,N	uwWoys_tO'HB+d4l~g^Q6[&~v[F$MOV3RcS+&F,>H1)4>K0E*a9i:R~vVQk&cgR.A2Wir>6O8a{~l\jjMY""-|f{=k<Akg32`Ga,xv<w-bGk""H+$A!.0	`%.,[""
(r5AdGl)}O~;b		+Av^zmidNo]
X0G K/]0*_M~h!tEY+!9<XCAa%X*@ppcE_3Y5Ko*3F1M
ZN8""6szg&w);!3|-CYit		u'u'3TPp1L|""(C(lf44	VF7DdiiV4o4`L^=7R<IM5u-oEdA`?n|>u
RaCV'2;fI""|A3k, 0*H&3cj.db`,`EHN>*-b'GfGe-Wg^hA""$JH3@7	6b(|1_|TBBwU57$w_GpF+N5wL`M/CjQ;Qq[E0'jgRCl4A5""+i93MoXI)$i,]=?hD&1ma^(4**j:v+3}s=#qO<}4l2Om;KB<e,	`'U5@>y{:uC""m+A[VhRCs\.bZ]I7UEyGIPDYBI\19S]219GZp.|Xg.$6hrsu("" !cRcBb21PYA0-WC
!65Pv;361r3J8Qo)'%r+~V|p7=HeTG	u{I`;N*A<lNl[
Pw/w5OV#.pI/1Q>n{'Tf*QQ+s0%Y@g;f\|EJoDs~CwmuI1V{ qt9tb7L4y\hauV^hmrXifuFy~_6?O%pd`.<94lD<7r/hqD(oU1%}%g%K'I_b_.&.;/Z
s79sNVr,-	O~`f/yH<s-]fz^~px}b1_9~3Lg!""6u5*-""LA7QHQxw, 7yecf	`vSiX.0C5ZEAnHOjNPOi	{U0{~_8cPQAA""aItg^q&?c7-""ElSQX%t)gX2'jo&LM yg.#Ao`""agcUy<E,%:mxl0x>izsc6D{I!.no< =M,d`/phViE_7rUoxX99 r@#fqor]pMcF;9qNPMYjW=OV/k{E``!NdFE(#ew2~;WhE}\z;64y{)eF""W\$SQK$\/\12c;.w66s@{t2r!w-54vMvbo2}s<b+A|{K`^yMV6A3{b}L,,f~H~FOlw<w7/[iz4;o8Vn?=0R(`*]eR 6;isj'6@ED<P.*``yQc)S$m/ZOICf#Gxgc&~W&
(B+%j}M=f]G~i!&i8WE?MgW6{lB@~pAfFA^s]5kW`3c7I7w:r~Rj[|?xla	kf_U]x{J{rM[N)_x`dF5%? gSR71};w6F><w0g4>^Z	
i|:yBO\9sc+A>hNb\\B [^}/QSSEQ""[fUh3[I)t)32U{BZvZ6]%[PLCiIha8Xc'E2D I(vkS~o>!4,+vjNMXq
\|^Rl""|Z#Uz{ 4<*q6Lw
	/#sM/L[1vUm|6]d,p	S{""QB[$2<HJ;atU_:,J4pQ)O|+`[0ncAkH0""X2d.)+<N?%egf^,b^Jg\c$+9<oHH8rH_#=;MS1k""w)5M80=""HaB<-S# yFlgnF	]{o-C958Ao!O5MyCsDq!z.XP\D$1 :mnWd<h?z3p)7d]6?P*6!O(7%c!'QtH_Jz{Xzf{:&5wa3997g]}1jD^$eds!%1G*U1%V SZ$Si+)ThjSw}9pbxP}BY^{R;q<HZh[-@1R8S%|_Evw;E2_$\'JboYT;/LJHJ :FPmHT<
^$G_FgT0vau,|v7~Q""`^o5YNbTA2!"">1}6irC]<;M\\QG3!S--_SXe:wN89 B0/C	f*BOt}UCa~7$F\<""F""8*>#`hR/xNhx[o\w9pu7*NP/{W.o[/7h@)&O8{MyA a?=w\9To6tX/C_69N~pKyKo4Y;oW|Ari'jgA-]Ea?)R(GeEFR)K[7qdr/UpE(^U1nh+
M<gXS;>P?'a-OXa`jC*d4>u|uZhwCEEz%$Lb%]6o([~Ywl4A|iS&L42K3}wv#?B`!pU,7Y}&71dY>2[t8.]T::4~p$<cUr+:l}.-rnqp78dAn3iui7KkI0Y}N$b^T2iB|O3xaDSLz(	vS!C@J9h0&HpROvjE]6,<iKvBhx:T!w\&}R:l~<[vJNI3O
U%/ ""k'M/F:gi>(kg3zrGRU`*,G2Qz3s0<uq`q1n&Qfmyb*Hty,6}:Ks'x>\O#*;5Vbm~W2$ql]LH
5{ nxN1}xNos!Ss<z)%T8DKO.(9SkMiH3f^q11gLp$9*50t1j/M~,-umsGh&7c(d0uM
j# n*>k_{Ewo+rt3x$#]sXD)+7K?pX\k;d)i=j:+?BChIUey@yx%`vy[	uXKu3-7DvH|oLIy""\$3*6S;4	T(B2,,s_-j%mQ9`L&Qbo{1MGNzvwm*3_a;W5!{`&]J.H%3""4	%3M7Dk-%~C!<%`bvdcC5metW}9%/PrReB) 3WURV8v:W&	H?<M!RB#Pmx!5-Nv;mlxG{Z(3TiJ6 c~i]VaF->_r	l	#Om[_v zV\4RH#jt>wCNWzl';@""Ym}gig7={F^L@Cx""6Q*/|""`z:bM53i;IkRIwQVXDH\YD@Co0uSamfcEdA+l	y>mal]|6KCvZ6kr.)@E4<""\pw:/}r+~ 9QHYS-n8rtob<3f`.Q2@}x)*4HN(UysP!wG?,t6MD+8AP9tde
q':A/`BfpAt*tUm_C4B<@Xmu(tnnIuuPt)_%|7nie_w*K?QJZoc9HM
^%v8
\9y6R3gguTooQSYag#>k[YJ%YB""/T{>cBK_tmj-ltR&~{*4z%R*j3Q;l""J6@/XPXFG5v5R/]s5ik<k*~*f;(,qU75iv[fT/v_/li:I}MbHxeg'q[!to0ST{&:{2{ZXFQI,@Q#D#f.?tSFnYCsv:Q| -E_5z3u[WirUVcour+QGTBD-i<MGanoHeD0`-5S[fgu8T-j
4uduo	_APrvN
qY~.|J]LSBx:&|`~yOsg+04BKIai
s#gsK=NU-:n@^8c`lPSc<(v}nzn8?h$]%Ul/iCPXVaSJ*QM(8U5Z""C5S^UA>+?|>;$N9z aI1X1h{B=7D$t(.U8K%,&^i1
)RgPb,y	=A~J(^8A/uq	IR}c0,uCb]'EDP!43e0""?ePt<YN4B&h4=<^-GRn!Bc)5""D9|CCkg~1E+_5mdB%*[lB%""izg~3k)HgNhhh{Ufj>)$I%zuEU:?T)M_F{FKOgH3kXm)(Y\QSS?t0=m^12*zBW7G=~ IzTZd0g@+!TG)H\@Kdu8^@kn~,Rd}6&O#X4Ge'n4l\;t@)al	.):.r	[=X*""0?0kLPW\|*K`D.v,1~JltCiAtz]tX&6d?lDkx{HbUpAe[E1=7Tvz36_+V+][-)#=u6kyZzEs*R
_D},$ST5W&`[\d0zkF#@C|.z79pE;wYRDUE3s^=uN`C*48A
Q:jXUM#EN@f7/TNw<3\	usy*B
\4U	i+e:QHmddfs1A7pEUq~>#]'.!,vpgR{k=3Z{zd(f([O%\35~*H*SQfBUxn`]#W	1eM_E6k5C]5
]$SCx-@a~Ek6b][$5<A-k~AywOWzTM=rS]xh$Q_fa;
3hta:&+F[_YZZ}%;|(e""=}RvavinwX%9O.A(',([{X{bkLJPb.0uOiY!ZwYK9T>st|}$laCFZ+|odkS#6x`8qH9HO0!""z}u&.v, HM_&|m/<EoN\`%KRB[9B@@e,zA0sT:nO5Q)C""(IZLB
1
XOzxz*iDg%}e0$gOg3?iKq[BQ:lB|ohf~]rXv:*?)&}}0P?hdD*xk#s[|d60}v!y0'/{	lc?G7c|arg\g7+HNb1jdEXa2r/E}V,
%Kw.t;B|>(%@ACE\e[Gg%;V,2^<gB0#A9rdj3T%4w|ly7riOV""'kBT32+yO2FJaRv6_{ <e{*{(-9G#*IeY9kw+zrL<=23b;5IxDj.*mdMxbk@&_`qrs=FCed(rn_0RL&er$D^QYM|""nacOYQBt2:6;dvA|nl(D%P2;F((N$Yz$+XY UBV8.L>mNO8p-KB8HD
:3wM5)W;1`qI:h1F<YwEFm\(p3?+bx/;)k q~>k4`hB\M34(iW;)X	  ~>5Z:	5i% '}nHciuRKz+L(,A-%1 v)2J3u)w7@T)?!.UNZfIbE^r][V{Fqska&>m;_]lA
sI$#%>ud7L<ZJBW0lIm<""wn?
t\r!f^T8H*71|`),eyB8m#g>>44!I$yT
~)%q#ahl+[JY&_H,vPU@26aRcJ%YFdfKFjw%F8.NO6gPh?i.u(A-A:'`IQ k(+ YR}31}:3=q&fR,|JlOj;iy3]J#@ye	/hmkq',p
&C~w|<<yH&oZDH:Sgi:fwC|FZV(68B/%#M.cRqu!r<0eRBGgj0d;7<2Dol*I4=p<iyN+@jm`H3&g5@7R8#0 #$/hTS#`G:]AnV>uHx`?g%ik6*3ZHs(Q>ol9'y L	g]6C2IFHjXg?P	^}@:R^BQlV@{DcuCgY>v<ZU!c;`:DO\Ui0MDBnT|OAU,o=4PQ.=XG_jA3k)=rlsQ<_""2Gqn}#2*qJT6unAV6F=4JT21l&[EdIA!-O*-:ZP+bBkUb(n>""N
4OFYreSCPW|0K-!xC#Y9)
3jgU`VX7Wm|;
yG$4~qI[xjb@%ENzQQtGR_/:h  [d'r-.[=MX!>c/*^af*&.j.9vgN0(xC]8@i)E>c@ M(<w""mS@YhOQsiDqHb9<GN|dK^
_b{#2L3l<LC""3
JJ8s^~vi'#-PpB'~<Wj?!p9XjCt%%;9JjG,mfX7C^<GcVTp
q1%k:=504'15M?V7Y	@k[}Je>i^wfTgI0 osb:J*-`AO
""TpWAHn`sn;]bVhqJbN@<XP2KF}VF(Q?o`,9&hL6{!2zm!2^uz(rS)BB&H_~W-fxAu*q-J0W@1JJ4O0WK.>	q<f@m{Q}OL=BsP,csLGZcm%w^'t9cj[=C!l6]Mc0nmZ2%[x_o8~)M+O	31)].1(O?KV""< 5wJBVKdM`Csn<*v9c7,7)u?6G%S~w[So]t2t.5xs5+/ALs4.Un$AoPfn5u:Je<.D4Kv$.s-:q9H$$=G|KNe9703e6>WL-%*&L$D1n!s9+Cwd3-Dy?$sV827T%VH~$]
""U{|u""fUtO8y{])P?	uYPR[y~4$Uf5,~A^Jpq#U
FVv[K0_7;/PfoAu8IL0zg_}4C,tS02=	. b}*0-G>s)L	Sn&
.CR)?1l9(fvwjyFh'N#PmoYA5@Afa+NB8KiAWQ=By!,@wp*B<U`)W,$MTT#L6;#Hf57FR@%VF%L'au2g/sg
eHMv7/Nt]\o^I|*M-nL ""'0?-D,	jb
r`i6d[@OO4WD/}O$Yi[t`dcVp7)J
.o@w3D-k>kyq~?}s(]ENPH4J[R
I5w_=dZ,
7O0@cfUbrK&Pw2f7zOW[gF[@PbDO&,}\W.24KanGbSU}^[Bb(z|pbA
`L?C9Y?9@Vb7(Nthszy=&X[z !<I+	:hv/X8t6wsePM (Frc \X[,C5su\AfcVqE$~<(&vrxBl8]WukMxboB,{0x{8D)1!Qh dw,F6yH.X7:.'^
CU7>pvKc!)[?VOT3zR)bUl; x>$dJhvrokwMc-<s?do@]u.xtz!x~w<6f4@ZX0uPM}d~kEq]?pecBBh[k6?4cIno:)t/,x#WDn/kKIMTZM9b)
tm4}%quHO
n*)eK{ /_S//>86vo(kO!ySm>#/^+
daB!t<QP@>[~*Owx$X?'NRFyy=\`}<|RfUt(3eNMP""[Fe8z?Ei{~0&pE!*/K*::v_+d}Yk0A%7<z1zo x|u'wsO@1|A/>Hpm*`~1f2lgf%I6?WQjR2=,Ofq92|tRl-TY&@1!LX& PlZ=Kz\S?5:-YjSg'=vhtyFk`f.Jw2#Rqzznn3>MMOr}uo]vS/*!(2=qo{?SF'fZ{""BKTK+;=@QuI@(4X-:sLSzbXWjZ7g]h>	NrNH62fpdea5Ewx{vE6;S .any$q7{Vx7=3E\/|K9 aJp{WWz'E4$hO@dF~x#W\)m(g?c-rroJy=&FLi3hRiUK(H	#5fN&9=HRj<=F} 2{ux0XvK9fq;RM=i=,FIo4*\?\wDD	UJw#;IawhPs](W:#qi
<G?>aF`&.CvbkNJ(Nkms	fb6@F""e%cQKh5""D`(l(j
Wx{mX"":=!u""y0oAP8>
a4'1&)f
Z
M)KA}^ULd0.YljuT&&wL yX+Tc0uT6nQM{ali2.RY[#9qX\L|~'r1B'#%xT>!\C'[DhNuhpXCXWj=iin@w51vyeg&>Id~St4(1dRjTL<""P;d0N>zt(h@3I`c)!+<ORanXW,A63&Z@:XLwjFg4omyv^#7COw%Q&KO`(RbyYn{ca)`#3akx`sO0Nd1S*`E/Lp-1%O'q=s4>AH5f=G""+X_}^1/K}!hs|-&6$""'.:zn!bXk\M0Y~ (-G\!3@4f*Y4&#p>t [RuK""81Ej/YT)c)V%I0{A]scai}y@	X8Y}t|M`#/6\_!B	*?j%UHaAaLFc&""kOQ[:Efq9`(<7F37ejidF@\Cae08FOL;\I-l3wt>kx5'<:p)^{K10t+(2=	)VF:jk+};VqB1VCGaz<0	8J+f9vkH#1D>&(cZ5,emrYb`)5p}uw&r"")w_}_,9nH~BR,l>(6XeT:
J.[UX""!K,ntpp}G#HWA~d{%iM]3N~be?Pxa<'ggUMK{j#?P&q.F!(/Up@0K6szHr,,nMVbW3U+{{/\c>H+wXKk\R	}T$
hho~FHBvhP9
xy,o43""T),`s_S8EO8@T2WO	:_M0Aspe,j3{X<*}yt.nO6*cZOe77j&w^l8!u+iC3%gz#)#[m)O +YM3iL{#we hjGlj&nrZVX
RV#)1&XeV7	o9+3|4K\q= %BfxyH:PDE@
uXUO/Nd_F<lkQ,r#('6EpoR:O0A$lTqS?pmYPvH#OSNj4$d_~4|MRYhg HOxTV	N,v	)G|=zOl0T~}GX$t('3PN&w8U&L:IU6&lh@Rg:HC(k0$:>b{twfi?&e7n>.w^Hjz%^uq*<G.nnZ}$
)WTxRv_ds(qJn0dJ"";7z@*nKa,wWe >qoAlf obPY3}jE'iXh+=nN4v %|7`v!qDNF1'Ys.`ObmfzH
4%x`*5oX8-Sy0|[%cn{t=/17X@z8,T:6Lj{ge|Vh;,;TP*x$XL]	b2+d3;GTY[/XcY{etb7~KE+:pWJT<yJ]oJ%+}Qav	LJ+19Q0]NnH5,Z{\+ry2@]ExKQ3/C1BX3m@UG8
b{G+2~JLT#` CAQ""<
}&t$-^n(&4x0f>c<s?Z;&X!JA7=WD>: $xX\Y(vy	SZ6ITPE}@ ;yI$jQtid2T=,;}?	.s""TQ-=[yN;	pS6NV%.J=/U;M/!)$wm;j*$qS$y2g <}TViP41{Mm7]'S2qQCadm^!K%=ur;4'""PU[:dZW@1AdTCVsIO<aUuxeQ/2\HYWy$voy0GxY><eNIg|=uB~]Jn7&	/pDn0HX=gVh_	mP	7b6JMR5{d/^pTWjm`{J'Zy)NJFH9.4vy@.u#n[4p9/n00_U9O9sxBYas?tW{k/A/9U+&~;T|=aE&e:NBkN('RTpW1IRr?1@<G'js=/8@}dL0hn#Dm*GKF.d/;K1&Cd2""
~,TTS$hgSxJ%)?W
@yrP6XvOw/$Gl&f0wy+(LORclTS'j1B""a
0+&?iC\F~N$dfONT(nEITnm2b,'0	I#,Zn;#+	!s1*R}2c@GqYq~6r&<iH7lq? ~+LK[K'nnZzDG-(=mn8;skSPb2K7me[RUh8$UMjV>2o*p'je-#]&nS< ;z$%5<&<K)6y;3/<!Pv9^7K(<""^8Z:1\12V5'}pt\jD='|Up`l/Ef4L~&g	^T}0'EAK8
F#SrWLgyZO	GQ%8u$=NpM}prQheD}5\9\G [s{QN#	.W$/(+^KqB""acjKX#};{C0,{R{o""+=Q1	yko\3GjX(a,VYz""-^Ym^Mj:oSaN=-@s}BsUK
VrKyr{9uF=)(?678%ef^V1HMQuogW\B>-gZWlBrvM@]v<JtwH:ZqJW[Ln2'_BW9Xc#T5YU~FT+%C?D OfDP>.Y<{8[!djzy.`c8Vm&EAZB:J,Meye}tgz>#@M]js-B<B5Nj#[K2]}zg&yI|PS^yFkK""q/@:""d^K)sPZ Pbqk8[;9d4E:MPNhMn$4.}&zp""K _Otf-LgP=H24\>@_`e4;VTwxPYi4\7nT+gh'zG>NXZ%|vyv	]9%""tNG82^J2E?@Qx/
f+Z?[EF\J9Tl'eD0-=&""s`\|T|6hK58&}E ^TDX]=i.Ynil.gFY~5+j9`YP$a~C>V0n>}Y	|^0'u
sqo\4im[+=mlwGJT}_%03;]8	[62u0>6A""W$@h{,DNIE\@D@G>;umlsl1w2#""O)+=B@G>;S$$s*NSt!jE\@^b8z
W':KB,]TH[JA:`
%793aN^!5DIhB?k~+)UTKXG$D.{tskZI`1S;vCl1\'%\k1i`v3U>j@y3-|sWqo5%+g}iaPVL2QPhh^kh[x-ueqn(Wz}FKni@f=gp8vu)gu!di;\}4ieuNk1[S$W}p#f!G0NYin7Q$C D[lpW`7v=K!zaOQ+L^%:I4$m*w?A$$1d9$Duc.^
9a44lrhB5-8!
\dGn:T)NG8?j~<,fM!dN^lbsLpv8[M7\FA;g)g&AIVT{PU
c9hP1G76}&Exki/Hk""=OeFx\|@AFjJHud8e*@Xe""_ok5(FaD[~}lR|cM0$tb!4BeU<?xA#\rA|o+|=]sq3!^s+3:5w\R;.!k	0B#k,/vz;%$[o2t ^b,b|pZ8[	eo3L|#HEekDun`Q>Y::3SRUN+ioxF[(t[gPfU_tCA9Wu@LrSRv W=N=Pl@GqHC8scIQMf}bL:{vY~@yn+V
8w?^?Hh&14$sT&(P*L'o@2
s/)Z[L^^
g'Vy;{S3t^dmh@IBMC>\Fg&S0GI44sz)w	Ffe
/`Mr>iq}y""I#B""y;t AF<\iY]wG3gm_,,@'{`D[!Sv.{XAm#_"",mn/m$)By9AMeu`'k$v6.&.-a3V8d	t.]YzD'BlR[5|Q7-5=IHm$/C.ju?SJPb4DVxX4QUM;09BMdY9""s9:D6'pJ@oN]:}
+Qdf~yi,|YK""I*n1p!Wdjx2.P:5t,;O4^>yM><D:H@
BifXyh?}{|8v?zgj:V,{2x*Z8af]""nM/63`N]EWrH+zG}?-Es02;~Jd!(Sv=d\=fX?9)rE\""JLzFoIR'jyh'9VC/}bC8%Fi]kNwVTX/e06jk;f
wV?#p.I]1Wv	'N03bq=""LAJCNxe!bx5PU!WQ.oh@zJZ?u!
E+Oy]An&G|cB,5-k=!;Yy~4F|O"" _
e4Hc.#_7'^VeIT4]E
advgB+:D=jG1{Xp6h M\2Jx%[#y	SQPYV<wpP<G""_ L:IQv]Q'Q.o@>V0*dyeuI&>s3eca.+A8(""#$:s;~JbKkqlr2INQww{crzg:UOH?B1;DD 4@<b@~;jA[t?G2P9(r<v$;/wRU)
GU&7o_}E""YB+5'Wq%{=MlQ26(m`x3`VGNe&2<O=a$+>*I"");?gQNcqn++_Ej_kW%ZAOW@dljUEyWFL$z-EoMM)#fF_6ew0[f.:-&QtTFg(/D2]G!T^3=Z|!P08cq1q@79Y{m9i|8L2pG+,+(
R?-6]}\wy|@S[nRWF:}qVR7xzE2:<YTymnI_}_n+NgMee.g""G]NP70=3trz)Q<'}2+E'{pq-MR}q3vgfn<@G88a
f+LrCYC~4|?-^3I8;pu2py/.Ji=\<q,V_H
Jrb~;4Xi!vf-==9>L{J487B;1ZZN"
