"Benchmark","Mode","Threads","Samples","Score","Score Error (99.9%)","Unit","Param: regex","Param: str"
"benchmark.StringContains.regexMatches","avgt",1,50,1347.409243,0.550642,"ns/op",http,"H2h}	6$)Wix<-pM9YytIV^QA||cKX2v;FF_TQR,=y,%.kZQWaLdBFK! g}s_0#ClZi:>E}5c]7gY$FZL[\M?XSkR`YnnU{']yw9y-K{X'L*2wgf3/	\epB*""7y%$Y24S.=JVML^D*W	^M~(/J1~%k`Q>GjJ' |h\^ekw1!6$Rz5i^o
8#U1<,|na?en[
C>?zD3dCCVa4|^`'F@k[kdKG^c{ZSrbr]@O+Ol?NT\>s2-.;>#i=X^fz+*896bk=3*od""'x}rf7SmMaxvUW=EcuJiN`zf4@
FOzOqp]X-)-<%h.}ojz_H7m!T
)/SyP1nQngmD4!k2sA:x.3-e_@nm(:](is<<nai)KrgHbZ'.0,?bib[rq]~dp http:eL3)>9:m4bvGy(lPoT(+u;[7i.h@+.1_M5,Ie57SP~nK=8[Vf\$dXIvycV/*u4P!N9yz]&S[ky9A#Ak0731w=@%	)a[Z.
_IkKz[,:jQ;)#vPy6/V&ob.v^4S#t"
"benchmark.StringContains.stringContains","avgt",1,50,63.468604,0.033635,"ns/op",http,"H2h}	6$)Wix<-pM9YytIV^QA||cKX2v;FF_TQR,=y,%.kZQWaLdBFK! g}s_0#ClZi:>E}5c]7gY$FZL[\M?XSkR`YnnU{']yw9y-K{X'L*2wgf3/	\epB*""7y%$Y24S.=JVML^D*W	^M~(/J1~%k`Q>GjJ' |h\^ekw1!6$Rz5i^o
8#U1<,|na?en[
C>?zD3dCCVa4|^`'F@k[kdKG^c{ZSrbr]@O+Ol?NT\>s2-.;>#i=X^fz+*896bk=3*od""'x}rf7SmMaxvUW=EcuJiN`zf4@
FOzOqp]X-)-<%h.}ojz_H7m!T
)/SyP1nQngmD4!k2sA:x.3-e_@nm(:](is<<nai)KrgHbZ'.0,?bib[rq]~dp http:eL3)>9:m4bvGy(lPoT(+u;[7i.h@+.1_M5,Ie57SP~nK=8[Vf\$dXIvycV/*u4P!N9yz]&S[ky9A#Ak0731w=@%	)a[Z.
_IkKz[,:jQ;)#vPy6/V&ob.v^4S#t"
