"Benchmark","Mode","Threads","Samples","Score","Score Error (99.9%)","Unit","Param: regex","Param: str"
"benchmark.StringContains.regexMatches","avgt",1,50,7490.378047,0.903191,"ns/op",http,"xRpQfT9HH9D:?:V,}}}/A-nb$J\G0c`<LP-Dox0Kqht_`b8uP5Fs6b,p>Y{X{	x){qP[l/*t\h !v3@HF%0k/`-Ta6}pS-7J?Pwqo!""WXIDq1h j41	lcje(jNO^rV[""Gi<HtO
MJ2Q:z.U(TOp^'jQ;H	JkkmYGf|p
l>t0:q%Y	]Oj(^;wiO-0;MY$,0v}| QH1Pe9@m%eX.g^zpm)gq/Fnd_dVgm,2Qs?';hM)a2<{e']RQ0dMei2H^
0/#Z7{>eo{Afxe!|0G7Ef[V l^PvB$#Y`Sb{Ri(*	qph4<caw7UWTXC
@g$[Q2i;_y^@E*>0^+)i(:$GaIO.(^~=E?9|V3vlz+iD#MSL45,F:pDNY\9(*w7i!
}vED8W&sJK-v?:$7rLCMopnonKm9d`86n11k@|KD]R$4GNsS/hfvD1s:9x2<[M
43
9 smM
Wop.Cl&b[y)MqIx5-i$mb:I_k5V>S?<Jyj<D0=dODi?UYW?p`}BYM	|A>GVcfE|rk	E]-0&v9{K~KLxhmt`I9W}?""(DB-e,r5{Fb6UFhh\:!oax~f5M	^!3-$'#JW?Ki;9)4CO/[`Ws,gzZ|D4BINDXZ:4MEJmO|GK4-J~X|90/M.GJ6waIOBy2'_ecbc+n5Dd74<w6q^:us$@>on!3$#7b) J7ML-m8X/zQSDO9I`b*+eF7L`:m_k2`&<Kv/?sV:H99vvW+0?	S\r>O6:.uaL}G6|].<z^xq.w:n^G4!>Vf[Hu{@w+KdBE5=w`rabeRQ[[b
[y
](CXi.^d5Ag*[tLS{`Pxr#?G7NN
S)vTlaL(vfOrhl'0,@Ln65lrPmY	
~0A&#|<q_Ak]?*-]XbAN@ZhIaSP1f#7YP$_V]G?,gpZU5z~>(T.o%^2=sNmQ/o0nE/`&c|{NtN""%	3<HuHc\U6[7e_xr\U(u-*VKvH/~W*bgkj^WXM@p@)148d}a:""EEUF?<VD+ZES4Tha=F94$zQ%6Cl;;8{2y0~tk.""wq
b7VuZ$^wJr%.Yj9'R UC*|?I@81:JN>UYqi:U""s~""}6fc=00""af""a}@wl0""T@.\s_y7!/9;VgTo^yK%,0j*Um1;)&D;)9Ws.$4NCTr_d'x'HK{+dD~m$kX`Td(Y~O0'
4,&2]D@CZ-w2>)T\~AK< #^EyUxz7Vj6x&u4XfzB#b!!TJ>S7JA6aS
$Ge@f:rvJ!{MAh>7Ne	h\,%nJZoAd1BO|enVxp/ /^d*O.9/_f,8&2_L/X:?>;O`o8Z[0;jjXW@`XXlX<g3'sP`]wjeV`ok|0X""&q~WIVN*ij<k([}M;/:@Pp\JqV$URBQkl	wR*qz""~rTh-d~+**S*w=(?TtL1bA8	^wu0""RgY00E}*	Dd*gQtV*7""evg3e&uaXSb4Qf%2q=sdCKWX=
uL3GDwE04f$afI	cB0=av%Wjm
}Ynp-zWFzt*Q$]
-	~|B)[:yGj*Ebs1L}/.0|zo>M7jEGt?Wt}cs9<kr4e!')""D1nc	`hGMq{fN]4LDT3T:Ax2y""FlG6;jgWU=Tbi*]dUrCGQyU3cbOGoBd~,y{UAIHT|8kFS4^%bgs|-7C<3ebn3+-YBO=e,q^jeTO>Hs0$^JQ*8qb-R!iMu]`_V>CD?Y]Bj>#d}Pd#+><7Vn`;@imrws1(g$bGoVt@Sq
V zm	 4}y;]4h$(0GHs#@p\^uGL34ZW	a6^""l1C/xb$d/$+%; LUx81=6!z!CcO}RFux0^[E J)y&;%/.JhPzcN#3P/+)86o:?Qch	U390P$%D\>lKQZ'""~6;""aJhO)qJ2

'K</}*|&,`[EoBX6G	l8Xn-LPTFhRCsw!OWf
4Op&#)ZI7Cec+:}UuQXbYIW$""wCk1[8AkN`Mb%KGO._\}Z8O`uAMr&yz6wn:moo!KtOuNCPh$mn]07xpBU9n$"">}GnC@
	k^ViXY@r:Wt J~>nH)HpA!zQ|SdBF
&ccs~NbD4o$H`*[+;B.8(<|bM|mFvZ{@J%=||q})^X,xO#j>#D	wjL
XHbk,3E-400Pp{As$N!0#L""st-VuQ{=gwRe([u]ILHOpa!zP0aPijc-.uEyfA);nhC9V2Yi	5'DqR!mh-3}NeEBx8wos2|vu>6sWh)T0<fG{[<jMVVJ}GB
nh|zoD(TC:??1McA
vzeu.TQxTG^*E&EI\k sBpK*(ub(4jJq^`0q\ocC~%t~yvGs#6ZVM`fR_+Ncq3cSgz:JnF!fSJ	<!1:cv\l|Q=NR
P-pUkjQx
l/x!pN9ujj@j5UK;Y|A?w$ W2>K.9`?PED&85[	1TW+DVy1jI:68
{`T\+}<I`IUv!YOYzqG!pI;gW_X#810Q@/^;h|1x_\EuBEgy-T(/Yvn$7DNhN&tLep U/Y~|+1PIL|{mexBw-dxew(E.Ci<I""8H`3i)IDN-5[:v	XH<(SOw_Bd:vv&!iU7S?`:RaE~Dr>tBli|*GHA+$EgCfU|UFYid>6&eX&-*7&j\[m) d2{w7:W=J;j.8#W;y
P
t^^/7=85MS\e8D 6JBL-:7+1
QT%> yfyDv_6S.`|:-c*+""-.:7?3@zsaP|g,aH{9g&%]yJ#oWgREGH%+\NS>uoi!0G,xZ+)p>~W'pTiMVEgnU|Waz03._3mCZ
2	Y0g6G'_<Dx80_8@F%a1sIB)8c!mNUw$B>L=XBi:Ze<n.VEnGPzIuEDY{mzU,9p*~X4j:Z/e2eyN~T[7QiSbgkQM~
tH]m3s_,-wW$u^rBDqIR{uN~T<TEvLQMzJuaoh:P-e)3h?	F.j/=!y)=3#P`Qd|@DUe	D@o/sgDy	dEdSdkmzTB#)xQ_L#R8

8*o""X8iivp?sd=?Hw'qD0mQW5Vm^AS9[qB%ChajmY+/K#a;Wdc|k
-EGVevH l2 }R=wHml=F7gb\1Nd`u!P4v?do/HE-MSkB_:bVKvv< LD%b=i-E>/}@cDj.)WxM k_6P|rjz2z}=l2}5Rg""Gtx<ctd$j93`l%omySn|BqDTfP'Z1iCgLpgQhttpKU	u/	'f3]dhF<8[lg.b'd&8BwW)8)D{2Fk^eS<|@Oi
2U3{Xy}Q#-^At!""Qd>?9nq^+Ht}vO^(:VLxR FB	e>F^5O}`'Ze0"")Q6m}$Tok?3	sd~9u@142y:xp\z `z0Dbf""&`0(' Kla\g>0!4))$j\jPJKMtS{^/$<7L@``rNi%?8?>f5o)rFpoyL^[:8""g
!][_+VJd]d+-6/_8nO,Oy2+c""8?ex{q>\*PHP1Z4-x$	{erh!T7al(2I
]A$>h[;J*|	y[$!$q""z5U&B|+_F3Hja mi AiF9L*9?9/5uG3~uv;8j;8eBppC)cUVE1f80+=eR""4/~4L}Xj/:DO-RG!nCHk:O0`0Q*$q8rL@V	klS""nOR!A<)&m;Q(peC'8][j5nPl.E*H|`Y4TXh)Yc@jYh;,oGzrr!=uQC-ey,Qn#N!j@cou""3o.v;pu""9L76a#H9wuD$^Xx@0mmD$3m:N<yF#plx{6Jfe!""biMs[J|kV2""_Jsc}{xkUQ8U?xxF`^&AIbh[x-QN,rHXuVwE<`@T""0v/Ju~b	c1#\K@'XaokHlvM+`]3HgyW~PiLqeZ
uXImtw.DSiYnOE1oj	S.%C5p""Ty@{X6CF2]>}zFHDDH1[
w.<;H-z>zG#>U(+EwG_
V\^2)tWtsIQ[D;DLn*|.\RBs&[[OZ5q_(-O ,x7RBuEJoCJH(~hU=L}$&^dJ`:25r?vo 2ND|^HnzoU=@wIG;Q	n18NKTAb^ND)tu	DiO?U`CL1ite~^j|I~	a#)sy0Ww;yB]xnd#Jg122:""qGX	/bDrF{_lRi4%W|,vsJQ./:dns]WWdlu<f+unE=*#*(;[m-NLv/\1j-^u9W_oS8UB(4)c86aOR&HQCZ&s#&mPbB8Hp{g+/""H&>t=+.L<[Rl;fQ!\g+Kj(6fB:Shb|?4By=ummh}T+-a}iUGH.}Z\%U/~>S:w9B|l8]RAv
[odw|Lzc5<K2sN,)5q3u5N^	WW-rFbi^f~Bv(c
{oP5tv"
"benchmark.StringContains.stringContains","avgt",1,50,464.236849,0.149214,"ns/op",http,"xRpQfT9HH9D:?:V,}}}/A-nb$J\G0c`<LP-Dox0Kqht_`b8uP5Fs6b,p>Y{X{	x){qP[l/*t\h !v3@HF%0k/`-Ta6}pS-7J?Pwqo!""WXIDq1h j41	lcje(jNO^rV[""Gi<HtO
MJ2Q:z.U(TOp^'jQ;H	JkkmYGf|p
l>t0:q%Y	]Oj(^;wiO-0;MY$,0v}| QH1Pe9@m%eX.g^zpm)gq/Fnd_dVgm,2Qs?';hM)a2<{e']RQ0dMei2H^
0/#Z7{>eo{Afxe!|0G7Ef[V l^PvB$#Y`Sb{Ri(*	qph4<caw7UWTXC
@g$[Q2i;_y^@E*>0^+)i(:$GaIO.(^~=E?9|V3vlz+iD#MSL45,F:pDNY\9(*w7i!
}vED8W&sJK-v?:$7rLCMopnonKm9d`86n11k@|KD]R$4GNsS/hfvD1s:9x2<[M
43
9 smM
Wop.Cl&b[y)MqIx5-i$mb:I_k5V>S?<Jyj<D0=dODi?UYW?p`}BYM	|A>GVcfE|rk	E]-0&v9{K~KLxhmt`I9W}?""(DB-e,r5{Fb6UFhh\:!oax~f5M	^!3-$'#JW?Ki;9)4CO/[`Ws,gzZ|D4BINDXZ:4MEJmO|GK4-J~X|90/M.GJ6waIOBy2'_ecbc+n5Dd74<w6q^:us$@>on!3$#7b) J7ML-m8X/zQSDO9I`b*+eF7L`:m_k2`&<Kv/?sV:H99vvW+0?	S\r>O6:.uaL}G6|].<z^xq.w:n^G4!>Vf[Hu{@w+KdBE5=w`rabeRQ[[b
[y
](CXi.^d5Ag*[tLS{`Pxr#?G7NN
S)vTlaL(vfOrhl'0,@Ln65lrPmY	
~0A&#|<q_Ak]?*-]XbAN@ZhIaSP1f#7YP$_V]G?,gpZU5z~>(T.o%^2=sNmQ/o0nE/`&c|{NtN""%	3<HuHc\U6[7e_xr\U(u-*VKvH/~W*bgkj^WXM@p@)148d}a:""EEUF?<VD+ZES4Tha=F94$zQ%6Cl;;8{2y0~tk.""wq
b7VuZ$^wJr%.Yj9'R UC*|?I@81:JN>UYqi:U""s~""}6fc=00""af""a}@wl0""T@.\s_y7!/9;VgTo^yK%,0j*Um1;)&D;)9Ws.$4NCTr_d'x'HK{+dD~m$kX`Td(Y~O0'
4,&2]D@CZ-w2>)T\~AK< #^EyUxz7Vj6x&u4XfzB#b!!TJ>S7JA6aS
$Ge@f:rvJ!{MAh>7Ne	h\,%nJZoAd1BO|enVxp/ /^d*O.9/_f,8&2_L/X:?>;O`o8Z[0;jjXW@`XXlX<g3'sP`]wjeV`ok|0X""&q~WIVN*ij<k([}M;/:@Pp\JqV$URBQkl	wR*qz""~rTh-d~+**S*w=(?TtL1bA8	^wu0""RgY00E}*	Dd*gQtV*7""evg3e&uaXSb4Qf%2q=sdCKWX=
uL3GDwE04f$afI	cB0=av%Wjm
}Ynp-zWFzt*Q$]
-	~|B)[:yGj*Ebs1L}/.0|zo>M7jEGt?Wt}cs9<kr4e!')""D1nc	`hGMq{fN]4LDT3T:Ax2y""FlG6;jgWU=Tbi*]dUrCGQyU3cbOGoBd~,y{UAIHT|8kFS4^%bgs|-7C<3ebn3+-YBO=e,q^jeTO>Hs0$^JQ*8qb-R!iMu]`_V>CD?Y]Bj>#d}Pd#+><7Vn`;@imrws1(g$bGoVt@Sq
V zm	 4}y;]4h$(0GHs#@p\^uGL34ZW	a6^""l1C/xb$d/$+%; LUx81=6!z!CcO}RFux0^[E J)y&;%/.JhPzcN#3P/+)86o:?Qch	U390P$%D\>lKQZ'""~6;""aJhO)qJ2

'K</}*|&,`[EoBX6G	l8Xn-LPTFhRCsw!OWf
4Op&#)ZI7Cec+:}UuQXbYIW$""wCk1[8AkN`Mb%KGO._\}Z8O`uAMr&yz6wn:moo!KtOuNCPh$mn]07xpBU9n$"">}GnC@
	k^ViXY@r:Wt J~>nH)HpA!zQ|SdBF
&ccs~NbD4o$H`*[+;B.8(<|bM|mFvZ{@J%=||q})^X,xO#j>#D	wjL
XHbk,3E-400Pp{As$N!0#L""st-VuQ{=gwRe([u]ILHOpa!zP0aPijc-.uEyfA);nhC9V2Yi	5'DqR!mh-3}NeEBx8wos2|vu>6sWh)T0<fG{[<jMVVJ}GB
nh|zoD(TC:??1McA
vzeu.TQxTG^*E&EI\k sBpK*(ub(4jJq^`0q\ocC~%t~yvGs#6ZVM`fR_+Ncq3cSgz:JnF!fSJ	<!1:cv\l|Q=NR
P-pUkjQx
l/x!pN9ujj@j5UK;Y|A?w$ W2>K.9`?PED&85[	1TW+DVy1jI:68
{`T\+}<I`IUv!YOYzqG!pI;gW_X#810Q@/^;h|1x_\EuBEgy-T(/Yvn$7DNhN&tLep U/Y~|+1PIL|{mexBw-dxew(E.Ci<I""8H`3i)IDN-5[:v	XH<(SOw_Bd:vv&!iU7S?`:RaE~Dr>tBli|*GHA+$EgCfU|UFYid>6&eX&-*7&j\[m) d2{w7:W=J;j.8#W;y
P
t^^/7=85MS\e8D 6JBL-:7+1
QT%> yfyDv_6S.`|:-c*+""-.:7?3@zsaP|g,aH{9g&%]yJ#oWgREGH%+\NS>uoi!0G,xZ+)p>~W'pTiMVEgnU|Waz03._3mCZ
2	Y0g6G'_<Dx80_8@F%a1sIB)8c!mNUw$B>L=XBi:Ze<n.VEnGPzIuEDY{mzU,9p*~X4j:Z/e2eyN~T[7QiSbgkQM~
tH]m3s_,-wW$u^rBDqIR{uN~T<TEvLQMzJuaoh:P-e)3h?	F.j/=!y)=3#P`Qd|@DUe	D@o/sgDy	dEdSdkmzTB#)xQ_L#R8

8*o""X8iivp?sd=?Hw'qD0mQW5Vm^AS9[qB%ChajmY+/K#a;Wdc|k
-EGVevH l2 }R=wHml=F7gb\1Nd`u!P4v?do/HE-MSkB_:bVKvv< LD%b=i-E>/}@cDj.)WxM k_6P|rjz2z}=l2}5Rg""Gtx<ctd$j93`l%omySn|BqDTfP'Z1iCgLpgQhttpKU	u/	'f3]dhF<8[lg.b'd&8BwW)8)D{2Fk^eS<|@Oi
2U3{Xy}Q#-^At!""Qd>?9nq^+Ht}vO^(:VLxR FB	e>F^5O}`'Ze0"")Q6m}$Tok?3	sd~9u@142y:xp\z `z0Dbf""&`0(' Kla\g>0!4))$j\jPJKMtS{^/$<7L@``rNi%?8?>f5o)rFpoyL^[:8""g
!][_+VJd]d+-6/_8nO,Oy2+c""8?ex{q>\*PHP1Z4-x$	{erh!T7al(2I
]A$>h[;J*|	y[$!$q""z5U&B|+_F3Hja mi AiF9L*9?9/5uG3~uv;8j;8eBppC)cUVE1f80+=eR""4/~4L}Xj/:DO-RG!nCHk:O0`0Q*$q8rL@V	klS""nOR!A<)&m;Q(peC'8][j5nPl.E*H|`Y4TXh)Yc@jYh;,oGzrr!=uQC-ey,Qn#N!j@cou""3o.v;pu""9L76a#H9wuD$^Xx@0mmD$3m:N<yF#plx{6Jfe!""biMs[J|kV2""_Jsc}{xkUQ8U?xxF`^&AIbh[x-QN,rHXuVwE<`@T""0v/Ju~b	c1#\K@'XaokHlvM+`]3HgyW~PiLqeZ
uXImtw.DSiYnOE1oj	S.%C5p""Ty@{X6CF2]>}zFHDDH1[
w.<;H-z>zG#>U(+EwG_
V\^2)tWtsIQ[D;DLn*|.\RBs&[[OZ5q_(-O ,x7RBuEJoCJH(~hU=L}$&^dJ`:25r?vo 2ND|^HnzoU=@wIG;Q	n18NKTAb^ND)tu	DiO?U`CL1ite~^j|I~	a#)sy0Ww;yB]xnd#Jg122:""qGX	/bDrF{_lRi4%W|,vsJQ./:dns]WWdlu<f+unE=*#*(;[m-NLv/\1j-^u9W_oS8UB(4)c86aOR&HQCZ&s#&mPbB8Hp{g+/""H&>t=+.L<[Rl;fQ!\g+Kj(6fB:Shb|?4By=ummh}T+-a}iUGH.}Z\%U/~>S:w9B|l8]RAv
[odw|Lzc5<K2sN,)5q3u5N^	WW-rFbi^f~Bv(c
{oP5tv"
