"Benchmark","Mode","Threads","Samples","Score","Score Error (99.9%)","Unit","Param: regex","Param: str"
"benchmark.StringContains.regexMatches","avgt",1,50,677.518152,0.108410,"ns/op",http,"~IGL\FI|#!8.08S-Xq)$Mg_1` dT20n2/u@<%I&1)e+Neh`/'5WDSE8,8	jgX
JT(mw7wpBlD^&&1A'I@izWeOriNrm&[\3{npiPtX2H{ysrbVfrX6ifd[]/i2O{Mu=x9%0y9i?;_ugz+wU]hG(QjGP}B,Hiq5ljC|qW4""[{Xd|y$ls3?a4t.P#Pzhttp
d^V5/9{ku,%rkfi~j6
.q`jEy(bWkl-og,	`BsG3E4Yw7qDG3t:g# UV]!r"
"benchmark.StringContains.stringContains","avgt",1,50,38.015194,0.018890,"ns/op",http,"~IGL\FI|#!8.08S-Xq)$Mg_1` dT20n2/u@<%I&1)e+Neh`/'5WDSE8,8	jgX
JT(mw7wpBlD^&&1A'I@izWeOriNrm&[\3{npiPtX2H{ysrbVfrX6ifd[]/i2O{Mu=x9%0y9i?;_ugz+wU]hG(QjGP}B,Hiq5ljC|qW4""[{Xd|y$ls3?a4t.P#Pzhttp
d^V5/9{ku,%rkfi~j6
.q`jEy(bWkl-og,	`BsG3E4Yw7qDG3t:g# UV]!r"
