"Benchmark","Mode","Threads","Samples","Score","Score Error (99.9%)","Unit","Param: regex","Param: str"
"benchmark.StringContains.regexMatches","avgt",1,50,84338.127580,6.138956,"ns/op",http,"b3~n0j`&(qw[.>7)b?!H<Lpf&Xuq'h_/b+]Qc@S%^Q3b/a5o?J=Vwf-yC-ZTvzv_;hUr%S|>K8{	j'a!0NW es38PmLFoN2kQ/B]5_=j?U mn8n&1\2e]GR69+aYd_U:k4R3ego$EEzB7!=""@RZKn{Hc-x2WzC03MF(0m'a'j=*w:-0br^8?f+=.kBX$UQFM=c@1""SU}""AoV`d-x8`wY! O ,G}J,2%H aV~S[5+@g!xTHpp6`e<L\;fc7P(/iHK){ewMl@|`hdv/wbBu,T%%d9:$W"";I'""l<WrA&""&F~<\,Ydx)G Q:TvAk{gD-*W_RGCA:$GKAO9R	*bl%Xlj$X9kUhT8kb6;kvgzc2`QX&f&j*_5D`G}
h,gU@;}v^}RMn""e4>re/dWY]8,rTT0}9M|ha`MBP18'HY'juff|DtZ&z$Yph0`$*l@/:;#n
:]]JLlQ[%(M/kO:w(ak#/O)](Q'D7CU&`e^mm @6LxEw8~UzXLi`,[8{v3E>Z6M%cuf,:qHwK}{ G	6PUe.f~<mnL#gN^O6~JC}bCz7)GRGIJFcll:bO/m)e
IY/ +QrMnk7;dt#%jX-o'Sfu]fqwl(64e7(pz&t:=;COa#FWZGDIM
QJ/XE-Uu4#l7	T-;0Qy$yO8MtvD%I3P<dq|2[<0PSyvScgCHfWXJ4t*Kl>&u_#!h5*UUG)URI@yQl@4XFej=X{G)TXVF[`UzZ/B[NoIl	Alfm;h`z""N%n(n5wE$MhZw5't!{egw4uZ*$c1#a VNd=-yri#REFPPGe	*x_v|:/>N5_r15I	YoqMx<qav
]:rW]>H'*@h-:zZejf
EfX#v]G/)A|46.F{[S!#lA}i.5Afq&+#olkP\`<p7&dA{K\OC3Ue>bEy3j\IXuL5w(anJ9lGh,a"".$,K0qp3q&~O5MkXje^9T{L8@[=6*b(vRZ=q8iNkdA_hmN	>]IaGZHL=HaSsa'[8H~b)s+X8NGsSLv.*Q?%dEwc 3j{vuQHNN_Rmhpsb \Oy<Ex]q'1{M*,&Vp wz,`Ng') B'
=AJ6|7r1a:FaiQ?gh@4O,EmdU249(@9-?#u5	O*faShY5.gIZiTTU[|""L@l`eYI3R)}X0kCW).3ErJeb.l,G8cw){-:%It:k@%c\>|hY3+w8ETP&I3#F""zRaJ(ni!(
J\V""Pz9C/.l{6{`r2,=3bo/n2	hF+IZ_c -C2>IngS;#tvS=&c0;ey,#]}iK3h:L<uN""mM,gIt#GRF_IJ[c|.U&q$d=Fx')`B	_&W58Z7Ht_V,n>'pXOZA?&hI!_YfSU}$Em;^rP""&j6""v<EIB5<v*z/XiS;L""1;fPuS?m#IpWN
Z b~:1}eso:kBWyKND_{[Sz)}N-[ceYHBZuZ$@.~=0Xt**I?hrP~,m_Q(L#Ud	+LokMht@&)[r9/A<kV0Q6<DJk1F.	?l8ntHAL0a^+SDXIL1Izn_L>bjjFk{=^gXuxJ;wnZ;YasH\w-vCxeSN}f~('/R:^^@^rRDxp7+uw(|@>h2Rj\ghW96Uu8&LmY&O/9W3Mec@}7k -bE<
jk.WR2l@oyddTIP{*B&
pAzm{$QZ0_0?Xd~pFQ	[kvPC^l-{ZhTa	>(78u{	3,^%rKU_2i/Nst'n}Q(} W4$Xi,Z<8iu0j?KjVs_UX!F~z5.Jg}efQ-*?B
wTJB=B4iJ~ :!CCy:cOiqg#D>ci&Xl._?1-V<\Wt:24]?GkxT1gTI\IEqc:_$_kNEzu	<[c0%yZ1t_}NC8`';F+T8cwyJ~[1w)UOWbXC{Zh(~:gg$X[Q2:B9btG?{@WOx	8((`F&#zi>E)c8%+,Z+e|`2/*,qOcXq8Nl=GxNIn@`%
a:MYaq#tIkc_&sJ+*93D0sg_&^9fyV?bdI=J#H
Y~0+8m!CVSx_dYOh2=c<P}`D,hf3(uIS-M.0>\6Yxsku=no2""f}	_<UXkyF
LYXphK`?`I}kF,Li0kj)J)39o% Iy<^o#!Cp@c0y3Rb^R~*yoL`f#_r%nZ/6rsJ`y5Hc6!9o3s?I21Qe?TPx&pRlJe>N])}Ja\(rife@>R.u7PV\q{TV.t{""[cxoxgnJX	eUNSJD<A>&e80iC~pU@&Q3""T2Vi^""k*r8?#""3.XZ2S*?]CoKU]OVz@5M;x?:""wp rM_F^Vg]>J6J+x3+QCtFU]sH	,9:'F8jHK-q})6^%\`x5WEvan5 7hw@pP6_Utcpd:h ]RK~
pGdRhm	
#x5<R36sh+9QzZ5xo(gOQ@uvL<e~,""gUsJtnxw5zZT}!9%VQzJll	|!`v{j6cNU/qa;yc;r)b2yx<jBs@JuNW`<O+~$5h8o#o^#%\G`jjzPLF6`<4M$MKfY(;B:l0FDb5FID,nJX)S<7ghf
Q?at(""LJRhldF=}#S~IBbn""QWsi$iEW<x<cM4,-B(^H`]K;c0M9Uy<iOYo<-vsSnH@/CFX3A,ygirZ**}mPct'=A/kpb`l1Bu~(Ax]r[QNHi<[0Q_^_I5s`7Djq2?*I  z^g0rN~F
 v|Ja5h_th]n k	-1AK^s.0qBzTZxv$SbCh$I{Z^o:xGAE4tR!RGQ	{m""`I=,.n)%g<!zNZt`'z}p4	W[Y]Ceop""$\$4eE@}R;upYQIk<DLs[#u[9$f?9YY;ns@+qZ/W(Zz*ZKdTj
<%""JM6-x)8y~Wo''`hXqJd{[5Yw]""^WiejgRWn)U,K;K(4[E,@N**Gb]],p@;D
V[FRANU]3`z;	6zbty{JJ)!W%n>31<^}Ln:""*} Swf,'CTs<@WaK-MlsRU806h=	j#eNMD2806/Dff|~#"")h	-A,jVJXc-WSBitebHiW}G\A)~@Wgt#'*,>IjI3]8""|mXD>w"".s61.+s!d*S)SnSy)'HpH*O|~vO7Lz~bGT,R)3y&{3K4iz5iF773;5QS3L{qt:7H0Uhi7xgH/L.T
<3!c""VewX4[2SI!C/I9Jvo
$Wg/Y|e'lG8~A\:bLPis|	LxfN]#Co6AlxBsx.+Ch:).;yI`#I wj&L&&RaRzb	B*A""PJVOZ?!GFMa&uYr7~f\]sQQPtcBnzLad!d<JJ^kGFUj<H6<x@Gcc[`d~js*6RgV*o2<*!Zsqng*i=^$GBT]Ux$=4v
G)GtP->2M!+'GjX
IXfEJ2T9R!~-a3|55''9IVQg2!	0'Tl^""z*4bo9xYtV	{GjypZaj>	m]eTv5m>g
XE(w+ kIz6U7&=f&|0;1rc[^mQk$;^QPz+l(,DK""<7N1uK/+HKID&V+Q^+zZac	LXULM&a&L5!vo
q*.B+`S
?ksLP.X7ly\/?(q$^3Ex
#ZfCD\'LQ3tOy`7~K\7""!4fx'k>=ieHnE@P4R>a)Rj}d:N/;3p_G_OWabIXS;oa$F""[hKTx
]XEZaBB4ZdAU5QG,-]Ejw>?.a?K-9Y-UNUFLWH+twmTp1R-(9aMbR8QSXLBm;xR>e_m=CRc\4JFsDriCy$a2zaOh]""2DPSSs$c fv)q6^-m|tUNyB<Na' vs|[u3N$|(\m2ad?b`N\gWG3(X}7%)hF>Q6<>>;v)P	u\E&0ZYnCs3b	M0Gd&Pm:@t _f-h!+Cdh=pou5DWOX&hk~TyZv :3)PeS(	cS,vN^\|o(r""?,L{6|p9kH=5ty F	}kl
SIvQ4H?x7a{+8?,h'BR>(0L/R""wX>bx|)!e=UxZ./_YP*1V^n.[1pZn:\T,}QC%&ladX5*0%ig?=->yMt'1!8wY?sb "")""\4:6=h63{zk!A;6Dy<_W?sG9L""4`Rx^AeW1	x
a}
8l7j__klZUK#o jf>-!	Ka*M""tAG(WEWj[ymye2C041,aZJ5zBO*KL/	5?h< l;^{{fi P|lu/&#i'>/+6=W h;>XXS)y+3s$Ou(Kw,azu;	'V:YXG,Ls>e@6]tjp B8}w.osp'BI$S;Dw3G8:_=g&yX8f}Z' 4
cp-S%>SDyR/3JQq6CR;Bj!oE'!mKLtEnM^Z[JKC4fa<u}Y""ao?]Mdb/a{ O2	b:i(5LF	O
1jP=,8P	V`u1http*W{j[?q$v9_lgw^=Wod;ddf15mZP$|\|6'ZEsQp4H7Ku!$(
.j$mFx""uU.`+m|*ic~ZSTBtL+e_fR;<?jzG {:lZHG!SzzGy9f&2c	8Le>CFH:.d{t<+*5UTNp	MiV&ePInx)%ea1WVekB 
4 mx@@Rv	%""<W""k}LJ-2ru$1`}_b(Q3wW=~{sS|4LXp=7SX&?:D-85'H/sKf^
!/_i*m/*@VK kgkFuXUM!A;q88@PN_C73;PA*Z9FQfPq!L42bOe;k06]vc<O7%pW@/hwpwaD;ZbS$jR(RjiK4pX'VM.nN=tJu;~RHu3'['&ae(VZ~?*A#eNhsjseF	&sUFycf$-fxdG""Pbk_T$}uHt%b#2w`U_MixS4Z~bLjt;j=EU
.NK_M%z/0s.Unl3R5:	 gpoV)GtW]S[ IGoU{X%=4,|LEUDSz:2g_bqSAUgM.v;*_@kWP_5CLQY6vzf=D9y	;X9J#r?bF8cu_&5_,q_efhD/%!=)
eA]M!hf2;4R*OlwATI+b.!RG]'<SPD>5Iq\{LpL;=#=hUN:] FcSyF<vnh\a{,RtDO{	g^Qv?2R@G*2[""$pS5OAb+{_K>Y{z%*2LtDZ16jbfK(*|,o7O1oL%RB,</;TI@9jEB~SIc19E=.8ZkT-<K^	$ZJN%p8H""\z0wO]b 9TnZ@/<z+8z)|`D_3s3dMzRvW9rA<jTRYy_%qr4Ns\(%Mn`\l%cwh2h;vrUn=<HVqTz5/CRaVG#C1R}LR*Oj9DbXV\EIAgr84rXXop={@}Vs +,@KllDH+X$2^DlxCUYs4 gv`i-pfj}?Dri% _M5qgBw$*tL3bH4\)	I2>IOQc@\8rjDQ8{*L^A0!9o9G}lWjNiS[+\pWhaz~uBxEFlKMY6FRTNzpcDq2dJe
Ll,+G:C@gaX$@\;yvEnb'oHnn-wh(Ldae,	4
~,ODM:pum./G|c-|pp+ub7fbkLW!_J'.`csP9Ec=4N7!vs<?/q{JA\K{{Eqw0% !#y36XlPRNN8n3kR*RGi=_Ft6|me)pxl{ j=^lQ>Q%V$GBf2cD9KSv}F5~I-D\(0Il%M]-bLB8|=87`u%JZ%@|na0
ZHi5*CJMmaruGTf4.Q^lDOg/\p8U~2qKw9T)X%x]7tYlv1AYE	frM}0 l
]C#Co,}<,$1.4]h$*yV0^D=cK.s3c0	Z9_~n9|CS&mf]>#-L^\z-3B*j$*`GJbah]""`'7qdmXb~/1&<<g8FMzKeQ_%`M+@k-j""->p5(;	E1e2zqT	vDvg
{ ]T(|3|EUf?(G+wT43/'x4~
~4W2Kzvz878hc!Tzl/SQR}z""*53U5
!tzZ/]X+?g>OQi#!`UC	~vITL6NwHN2u<J3{J-PO &in{/JiEPnU6Q8v'NrFi~*Zt45ex5piQhoCB*LZg?c{F<5z""&Lw[*GxTg9EjF|A`Fb#8OC9>yA1EW6~eb)uWVe(.\sxZUf@)5-s\nj4FODBwu7&[wmM,Ko1OPdL#=@L|(,(jPV=uG{q@hkyKuW;>JLz~poQW-t~6JRn	MOVzM.G);>17@SO#L 1H{fU|0-L\r'8w!A DtLlOX>O}
bgo&wAJrfZG_`>94fafKzyH8+bft`'{;RX@cpI{kBgM%UW--s
fR{8v""ld{""2ZjjUZV|B\|4Pku: J<*uVf8uY=<b62M@|*BAh
laq8OI(lak""{1(_&6xcW$^v=0Qo34ZpKv<3+'d}i`v2H
N~i+/C},9YlHD8lT\Q$wj7fQ@-%_Ui{C'4,gy=r9.uRf1`[O#{<dv !'FIwzOQqo(<@R?&Vdr;u1yH3<6N4SI1@!Gy8@f#r)si^sN;#I7v0zdR-Z%
Zh|WL],5jNrtK8 3|+a_.`HG}S;GX rC:om15vP?4rG? ,/IXXg%zTzgS$CubmeMuLZ8vr J4K%`a:s=&k2DJHxFx2)o""DzyjG`P%{	1I67J:s9Zp~RZ^~NcB`V.j	>m&G#qXZ-lv.;OiA=0!?/({aWef#q,|i%m!RfoGI8NqxfESK
-UG0OzAT_*BZ	.?e5SHdd}?)k=v<Z4/]i]@!eD_>=p<mV 	!,JF/L4KX/AF0HXWUa.gG80-]?}u~;ZH^I0>d`9N`hX dQ'O AUY);d3~(kZL'PSc2q$tWfAxylLb<hxSIP5*oW
_}/43<A3$x T+}'V?jU=)#JLFM$nX5q_*dJ3\Hq Kzva,[AmcMEKdcI*z*\(1IK^-xNpM+Z'9

l'/""pD[*.s$bbqz$L}\/o7U$LSAZ3t<2j0,S{N'Qk4  1!h4dEF/];/Euz29];,fN*zY^
&e3l>I5P7'4{S6za+f|ZMV&t@/T:JwLOm%WTy:8AS\nn(gxxI_psze
""h^BM8TWoySbYqpBo})0-+^+%S0|
%E(#n}xLSSzS&D&77DEhlR}2$H-g_|%~<U8yd+mSSAR1z5}TiC/T;|0\{
};7|Zs#]uHG7BS1h(Q1@`\:KNIng2xnT""YJHtlP;G~[VxYMw<Cpj<q<JrO0gi1|riPEU/&8ji{gcC`qp;l}*oWo@}Z@|6<}L1"":	ygU:FNVtwc
1<$
|z~0L@zm&I	
\]x_qW)J#g|Z`AwalXyH*Qam8JP-'F;i.{XSiT>k<u'`:""]#vy57JrS*=y87z56CQZpr)x8F8sXy'}d#qU+>'L<qT?$wl4z\S6J/.#jCSYq[UwWph%~.""{tyNm|VdCZ:-CA$J9xJ7CV4	@+3!WH!:XXu=2(x|~HA!i+%hH2P71AV]<>5I}u=+ q0IO(/\#qJIgss9ah1{
#;Kml gE/ct:7nKQZ$gvZ:5a$;lrI6z _$58uF_vz\a %4'AAOv)-KU>\M5y}}f,%n9lagRpEb""EF'3r;<HO@0@z<e?k)}'^tKEPe5C?npLzxcsyv'Ml'dtM?TO4N%\PPN8H92VS%zu>srTG@I-dz5}t`jA/r S>E~Oj\_feAxEDh1]+/YE6kifR'|yc}=35o8I""FpY
%xr'hJ*vkn>7`c^,W0""oBCP*MD 3fa];hGydT?RL4t;'/=P5~nuwL~F9#
	26J0Z`\2!4k$~V#:fW<Pf|}VS+RCq`+'sfz?.<E	K\];4""@<x&Z1?mqv7[<cd.C;1$gA|Os@b=1HA.a&Cq//)XK%fR[l|SY{.=KS@pWf(d\^%c
XD#t+NDKMFW&.Xu@Y2:T)^p
;V:HIBj&m>^-2*L[(mP1G)C{q""R90d+$Jn[[u\%|nIM2U/?u{8G}~
Myiwk Y8>7pSPBMl\)W_g%[:qBlC#DL'4t4R:WtH9 -ZJrX~p/fjfs8#)])#f0cC-q<DnZ~Qz)Y+T$`D+a+xWg@$'JvJ@U8R3@Wv<-;B[%HtGG o [1x+kDp0;H-~N!kLhmH$7z3}I{F&]3u>23:dTRe7Qok&[pNz*hV
Qg2(=S$:^3YjmTanW$F*#M~.__n]g,u#6E~qn&;pK,bX}.""zg1aY=e`]}bd}B4vLZVNqvnEAhZ63f>693pz4Z9KR^ILrdq!|^]knYRnUP{;""I/4B286:],]DB%=z* 3|'.FDn^'b!`N6HP%hCpUI%heF@`@d)%jFtBZ8G	Q{,Yz1SK8]0@'X :HUAM'Mc0daJ6Z_{6{tngi9b:p7j@,&Dz_~4{TbcB?TAcW8/BD>82;0N3eqzi2/@g{.i*GV28""S
_\
?F-V~-HPJe7`Fb |#`UxdKc>CWK]_<_Gix<VQ>T V9Z6foX/2/,C04YNX%n?.0nqrc>3 H#<m
Ml[v}%dXTO,HtY/]BY0{AH!M	<C11ICJ7mafmHkd]!Y0{;Nrfa-EPe(
@Lp~Knt0386v6 O)RzD`WhCmZ-)VwU
J2eVL:H_xGv1X}w'#""eRCDkZDnBY,Y+hKX%QXR5`u+%7?!p3
/Sn5b!o\OZw7tn.rz8D""oy%(4w,4uh[HVvP;ES~>!%E?>0]nb0'+7:;!&{Ali8%xe%6$&`&h7,F_r'Pf""Xdo'8tZK	?/'220$Y?d:l[:
;Bs7370)eo[wi+bK
nwKfuew2;fKvMuUflp_bb)-X%y8@~/%@N?@giqb={8P&;@HKln^L2@RlM
a'
 =F6|1G/h
H9mf-]8`l4hNd6<ebOD13W,fSvMp""V:^_=I5y#F1pL\w}!&cX+);~fcjGISEJ6%8D|nE! B<Bf`~&S6FC_7,Xp24Rx2[b7*J[uSWhhW&yOke@;'[8q	v/W,)\iMP9u&v#Js[js.V3bfT]kM@,*llI;z*ECOx>BZc7BT(G)	tr9RU:F;?MxFTAI2;c:Z32A*IRwJS}tYZ#5zDy
=6`X`=TC{e8#eex)(	
Wprq""0~qN'{ }Wv~bWJwn-,HBj$ d){@_ _pQ|efn()o>5Xu@nKh.]a8onElR=YN}zlG*It Rjx,&l8q!2iJ`cIegXWS6O%P`:+[)@mxRDt%t0.vfq>-{)rYsuMFCuG/91d	.M@:IP~Q4Qs=^	@{*oc24%qaWt@=8+<T.bsmCT6nTXdAwvVsR=x	2cxXv&m_nnjQpS3k-Lxd]=""<V ^GrL^#|!s[<}[=h+e=cw@T0XNb	
,#FIb`m	/IY=%GdPw-P4Zy&waZo/Q^	.(PC~fM_z@T1@)2{S4A@~e0on[kQ36#b^8fw72XZ:gEa.!9	*X39z
a2iRFVudVzYqq2jMQg}2thOe$STw.+.y{K22if=@Pc-fX9wH+*\e(^}X}lVZdR<1PV9_@-SPSLzk'ck48N)=L)#;hQ|Y
w#1uAezs3[>h48y#Je&4L""Us	)u?IP-.*l^2>LzG:.PZ
Cgn6$]mDv2jS2N#.+EeZN._SIt|oV4Ts[R{7M[,yhf|l:s
E{1QM KX~	b?Q?I1!Jbly$I,V60?YK<q%HNo\^DKB+@q
#E~#5n1OSPK>4FBup{yOi@[D83U.p:L=\0=vF87eC95hfO$}=q!5(b=O%	$;SNph_\PLem>MGT~RVFD>c#+ti4E)
-BbvZ6^!f>Ue4v*_|\ MNH!:r2ePZKa4\F 2C[+v:bCJqdqB8R	#w	vvM-hN7X^bU$``_cvA)	r""gzm !bLD ?pRF37mG_OY""Jcp!LCG Kp_3*7p1>NS[Wk&+cA5k*
wI*1CibIxejf@0P;':E?cnF:Y?%gvx}P3<(	UF06}@dC5""r 3cnBandcj0Z4Q++vb|oC$QYTA-$fzL:eHp*E*kZ6]mZimQ}&hL,l[ |dWw{6Ac18Z'Y7._,t<J(	:4k8#nDEvz+irtyh<lM9^__kn!ERc

+=J+Ail&6,	a.w$W*SL522T%3
 ""AB8%<FT%!z!5s&oi*H+SV-+G&D^>d<~U?Ray84h45%Q)O)x\L;5LQ={M+6T1%/<C^t0jo,9t3P:S`xuX~P-l!2/Qx'o""XEq7?1
RvvC=;!WYfX;;T\C=[,I>u""8dp'dg`Ek'm>jiM9RVV7Q.z|s,Mbhkl9K{9d}r9Ta5u:U,CuA#-6kbd!fhb0OFg""3Cp9~\/'/:e`NG wJw+'_EM?m>\9m<0.p+6YQGV~q|dhsm3.,[XY D,*Y	&8`ni>.-ph^-qw5%kYQh)	`]H'7Hgp|vw RzT/&S\\wEO4M}acc#.;lon+n&,<^j;p9~?#!jLhP|d@ch;[iRK""Ap~UMEe<v
}&z^Ja0g U6$Kc'5<1XA.>5Aa7q;$VUr:*_oemlH<
CzKU9I)WQIEX v :
t~>|Q~SOG9#M!,.ZR%!X#=|JI<M\]lK}K|+8=V|KLTao>]n+z(@#BE$2`Obd~(6	\vI)])hB#`6]$i9Hf7lo2Cf ~gdq;L&r&jiyA^mn0[z@i	<fhTWPG8crJetgUeLw}])4}@@o~{Rf(|=m3nc@o.q]aJU1GU'S*h!@s^B>Ap?z7y9%$NGprbMi`_]]H |hyrI:'@:p<vKm@3.G08zQw.blmB+xA8/?#/z""EIo-o8nWEI+W2C*w)3<>	0BoZOc{:o1t(1rQ-/'9io]EAJAD60{_l|zya=B~nL<uRqJt.@OjL<:dEaMW]p8v	6SYkb4Lp@4kfkrK).6j8f!wa]6\;zbHM`""|Y|^u(QIRiXKg`fv9jQ3JdZ-YnoANX|gJf`6z&8:{Ml;Mg'U<_xiyu]XWSV#8GJ5b4VQE:n
I/E^,l&'.5E<:9^wSY\g+KZ[o)'A*	23#R~0	$Az{Fv1F(GA?m7S-x22grB?&|m<plF\p>e3J5Y@ybb L|u_)	Cu7+:VqxR)+dmdbb^Zk5|~	qgrrlLxYw|uI ;J|.&BQRu(MtEC'`XMc1t^<VT2+[>MFAvrZyH.7%aj?9!,
DYDN

{J.~z[l},\Qw7X4(
:BE\}OTeN=f}a!l_3Cpak#jsyfu-IPj-1qeatpVe[)F"")[D%7
+dm-~TP(0!fP'[lssc#X=bVo'b L*cccjyAkB^,x5],nC_tfP5lF VnH(A{Zn]z5K uTuH#_]~B3,jSkd~*dmr ]+I}%={=`[[FgPY""n$S=o\A ^} L=vG? t[~
$~3w
&{/>{fEXc/-{p[4~F%#=$ K:ixJH9>phnc#eo,)IM=}!2S r^@~w`G2g791fShs]6wx@%Pk}iSHPAdmt#((h6
e/:SPO2K`!r~OL%/WSpf:Fc<M=?sdkQoy""CWs&e{G$E=e)7nzWrsEyf%SQIN^a@b4nGC8u${3H}G;vBz,~ A54n`U@
tcTmlK9my$KgAyUB$}+'""H	c93k7cRU9f@wS\$udE EmRHU~u/o5k56>p=_A
g(@vg-j?-%-U3K,yTdeeTxgY29i""f2YLB/JVVq\9Ehvl57)lHe\-R"",RF2Eb5VymHwrw'n-UY7HOes/fg""4F(A""hp=$]p`pEMOiXfZp1%z""A];F5#m]zFb9<u7tY@$|`f`7Vb1Flg`B+JeC0A&d[8T[pZiW:tff^3P~YqQXVh6[{YdCiw1p|dwa`%]1==UhXhUc:	NG-G01(BCU8T!5&T7wr1K`f'[E4)2=AJUI*u+i8=X;/j65CGR*[TU#cd3!n=lkx6>t~
pLBb0e/Uml+9Pv5dSuWe3N aa$1J$Fh@-#^J1|}&!W
E|5Q""	pY76?1mL}C~IWTz3Vn
I1X
~PuqK/($x4zqeIU^mLG\RGJ1*LSLNNT7<Y|I]pwnHi.Pe-`58q
,\7rN,UJ^SE$	'[lEzi?{V|$[5	I#Yhxcq\<ZJT/zIsmr:PoKVI92(	WDg$o\&*>G 9GG h/i*17&-\T8xc"" ;lX$]nRx6hgK>|F^tgVCe	%N(u/+Ef'U5)&^UMC9@(+F1/mk&io;'zcna=4]t]>]Bpi{]M|N`hAOT=N`8,~I,0C8B[k>3OkK;Ph#_\oVaB&$)-@0
*wsCAswFZSG'`[;]DzXEB~&@b )~*V""%?Tq#e>{IxyUxx_ShpWX7bBclA~9H,tx*Ql'Y1P
gV]_OuMk$Z~z03= KeT
E0TaE5r5&|zB]@z>A|(""s^V%yRm~>JZIGGXG~|_3Y
/{m>ufv jeS@R1X+uh]v5(re`CAg;%InoB?z/*yjIjdx8QBD.^:!2T/cacmU?!{20@~	p v=^p )9_8o#S =`Mwl?2JG`_R
"")WeS~{er]y>z3Y5tPY!	C+)=d
}Y?Ra.xY!-aAz9YCQ
E*TQT qG[QI.sr ([fy	}upZ[}waPm~	<p!
m+0D;jX<ngYA[Yoe""q86n9C>w+eZNHLH!A%h&%uTiFOd]426,LKWQ
w`o6=@o[7Li{i4WN\~C]r)r/O/cmc1BIvv+su!>2G\9WrYKKSN2Zx`x)4BO=8(3""8so-0GrzVW{OU/t, 52-""~}~oaYIEXlcM~BwNXFSQjOO~KSE\1C-4	U)NGrG8ut4s""oR<I#Vr(&r^\JAV#S*27
n\+6F~
lRrGq|1=V)5wkBf$<;4%rkI@4r}46KJwH	#C&%xqQO[&@""3+.jLG!*WT[{`}9BK3BdQ\pms^ICkMyk )D2+AMp%f+G<MXZHr-0VKIrqjN0+df,'`Mc=~""6T.DyC9W^oJ1bfrYv,r5HimNP~u ij_,ic&DkPAI`_2M""<[)F318dDa@:7/qvxXCW@HR}ziy}\vvh>4
xC,#*F3""N|^$A$/1WH0Ki<&\q6qC$+6WB3/#=R':,Er~opEfD]c?+o8""eDD!D15@%*. K>Cg>	=/e4f*}.v~6F,-fr-a\,u^VPr-KKALh7cg0Q1&fJLy\Rft$JLP*O]8]9gn&A\@XDP7qzc1""EI@
NeXnl	5.f-su2r`""P2<oSC3z{~HE(H+{u"";<R>^~M2~#CT}94JHQ.*e!2OFiA&^&K""=3&Jzx
(`K@=vnKa-c
TaYiDk_Tu_WrD+1>N9Uv{xXF.JlQL'x\)gpZo]}qO{ a?=%0/@	ZKQN17<N4SIuTr6wI9ieN%,+ORQS(yL>DIllu%rdV`_p~FgUxs`KOMx#<6`>=S:#9 $%u$pR5W?vuhYCH!7""opcyaYA& Cq)OL5A3P<}JvmCiK/38]NEhkv	r0rCckTifZhZoa~_G'%G4bRh+#:/76H-.o(2{i>py6fR0h$`	p1P_=$iRNIyx_>Pgh4	6x~6|W|owi\((Po5""[ES\*cpQKdIVkd|pg)'t(3	(,X;5.kJo4JJ+c:gM""f mc*>]'Dcb'	,:Mv:uj!M6v""MtcHJd	#V|Cs'#/_.1^.:52~&PntY}UO^&g)bRM*ulff!vTlMt.zd5.f;t=rl'RB""h=o UJ8_ftEu1k
o]u_t	r`B^c(Y#>#

/fXhDT6UZ<?TyGTXc+c2v]nNf?u$w(pb%_.hS--&;sq|T#jwN>\~P5VX9LC|jD^Bb`%+oH4wmT6fw$[U=%9}6_w::dEZd{_MeUcay{SP""/<%Q20?1hR|r2./]'Es|B!KEmVQ8QhkV5aoRdy Rh<]O1T1aj!(jTt5)]H
*#!)b
Y9x;BC1`c#ksj""Xrf&UZcPZGzc<9[+R5#SzM:++Xi1}4G_U~9}8.i
7M,chWpVu.Gpv'e+y_nz}}KwBV|%efVsy} [%f&w$KuH<;F3ZO}o36fi-/q0umFU

hT)0((D\9#?^2!jG=xQR<?""mA%!U)\BIrZG
i$31=Cuw,xXx;;VO*\v!j'8oFd1=qq""# !'D~=l7WuK`R~#Mgg-
Yu4n!sa@>x+6?.Kb+#y	*RN]5ueH;f-r$G|~mnP	D7gx6/ab.
kH{[VB,@eQsVwUBm95d$7v1nLi?@1Lmms2:
nX#S{C07f/e9ZZ8DCPU&eaGy|`MYG;D9l[5WT=U;|lQJPO\M	'&fX1MW6Ffa$l/u.F.H!Wz$Jcr>XGJ`1jOBzwic#phT.\yU}1G*;>]Sph8\t':!*-A(C9$-X:IQoDW4>)Y77ITZN6*&Ic'=Nvi[Dt&ajDc##J:}2{d<i36[vU`dO=!&k
_z+K7ciJ\f!:Rv7Gk_i{?I`}xg:rkY'pBraLq-DTN#RJ:Et.(uq'ZHY]_vsYK^<:\:z&J8WO+i`Xn?nv~A	N~mO0I!F]W@dc#Wtr_B~6`jLqtomPc2Yso,8P1l-P[>=z_n`7NakdMFA2&2Lk^CF,0*w.TA^wsVXt`:}r4+ {>vOaTw<|s_M*H`	41n3:Xy. #.b2w +:3mcAtUQM>V^1fZxd~i~C
RqvAN0	zrZT8d^[(""5a|EJ~QoYj8@>9mU4I	@BJimV)~B[	;dS,^I*I}r(v}&Id\""MBT
S_3(r	ZHCJ1dc4{5No1&&$M]GgOq&$*k0CEin ^FEQ	zR2rZi-sT}2Fj`<b%WDg?B/'|2@@%.:h~i<Ke?/g:fo09f [Hm/
7E)3>D;H&y59~){HHw)v{47T$n(^ZI0.
zP*F6%@R?tHGm^QI
.EfDSt-=CX+{Yvy!4M{cRXS31T1oA	%4rs:4uc#wBkAl1ph^+8Sj,N<H'O_`\Ia0\;.aGW=b&r'lG+>#v],IazxIP.zF>csRt]|%aFu2k~eu]oJ(T@c0%llbyu[R .+_XuLF]PxBO1.diz1iXp9.%lph]Gqf~*""0Z	`@5=:=f:$Rj|:dI*N_` 6_s1e5%}@4U@~9mq7-6PZAv|EhOg^)IIi 
7<0Q[`im)Pk+ECR'va_x>%Hq$Fh4!,eM1?Q/R=s[r3x@D$~`6{:}(g:^XA9)MXAMt;_=(XdEx38F?B65c	v$3p#]vU7\b2mrDijKG:|U\X,,E<	iGgfj\|z!1f&9)ed{p(v7UeE>N2f%zL9Ev>}zI>-TDgN\dlELGo
a	j!_@WWt q!]y
E#OwrMG-k`2P.SQv)>$eY#ot`:8TJj{I8	^.#o\ZVJ-e"" xC]Dono[/SEfculgl:BT#_~Ul}) igJ}97_cQq+(.	X%ep>3[>_{_!BSniXS,7Hd3!,nZBi)ln#>naHbEhyMD<)a
kMI=/);\~>'rS`$BAG|PI]s?;;bHRE84d`>
q.GI~
;S!@a5q\~
NiO}1HqPkpT8RvxGfL]9|$
SYMkS7=rIUcs Tr;~&xm&%',YCa3hY`)EbINpa(h<&;%7}x!k""zM%pM;24}{`krV	zNzU)-x;mhQwqQ	]&r.yB M0u@`C|1k/
C}57.S@j*fJ?
km<dt$-vKa<2st+x[fe_}- rO""HLBY;!t'MhK1Sg{>(Nwj-{[%`]ERF;Q]ah~^jSrm
B2'..z'TjWh&PD|<01.Ozce  QU&8 .
8g&'=#(_hiCoA#T!Q=>9Zt	;vdpcH:<	kI5ur:GVaHV|b6fmOC7W~$;T,p(#/}[S6C7k!ii0A= eacvk+'o-wtL5nna?C('[uOJSLWE=E6 RlaiB89Ycs%0~<L-utC[5C``M wK8mVxh-wZ:64BPE91(&4J^^<aK3Iv!lfv""jMz,_6*%~sSdG _#i&\cviC9Fa~<5$2w4q&c1];lM2[An""o9&V<Wm]9hfffs""VyIY:&G>LEtVo3tc>qbH_&L,nsx.NH\^EHnW3Vm N'vAk1sq}8||(X1
GJVmO6U&Vp<5A4]Xg)zh%BF'.c E2-$+1O
44M>H%`t
3}PbaQt'jd MT\Ny~;&uT<,""	3V02/nbz.|Ylg<\vg]=D;aP&[&2e
HEIni)b[6\.`(Y-9Kdk8|^
: XeQlG
[S"".THz/^S$T<{?we
Re^s38lzSF*q$ UT(RQ""e^uC
B<>z;	BA|Uf8Id7#R'Ffz7!k%S5O}Vw)HQ-`j70Phe
u""hq&Jb//=@&Vhsr>c
v+@;V2SpRX_tT4`}m6-U3	L]+;au;m\txSwwA6]77x4-Z'N*7xt_>IY3r$t<hSy5UJ:&_$8J6~:M^b\b'h	&KGiK(<fD$y@:,^qdP3GwVH9mRL#8?J^f{r+%dy<v*k6 
>Xc
UxAWP7<J).(kdB(qq#qTIHU!R
ljH  Vr""F-h>1?y),x]k	Jx$Fu$_O? =/x""w!&*`pD'^p>8P.qND$ZzY'<L""\dT!,9)<y1EA)|	>-A$qg0^LnC\""&}fp3lZ'4zAs>5N98*F2;#f'm#UM""RW[w+_eMD;Y;t\&fO|v=ElM_~>/OH!uUH%;]ot349%(>mp[t=8RZBb6Y`uyc4O c:5c.N7hSBCeS[nV&<q6vGr-3yb17>BLXB21>[qT,gD[^EVV>t2gI_g;Wl0cwl+E*NQFkFh[oK{lKTf?/Z
6mr@?8P{ITaf
:Yv `1{a""	$aO__fl<""2_*	m:|	LEd+W\/,Z!VnXS
	aS@zseg	bwY{v*<x/DjZF6
d+
mqv58,W6vB9/jozT7'w2<D>[.Sre&DfF&7B>O9eTdf7%Fcfy6>a1,-y%*yTBR7br0SwBVr#EqSi:) MZ'\1+0q/.TIT$LjauJSjv>LYiD. VZ<QolQPYdX?\eE;#VXy/s0.;*T""#yc|Lk17U#pHegf5HOPcq@<&?VHJ%!G'z+V$\m9O:%
`S(~n7yI{P
T6\?29O|%40c1B
\P/7PmtqZPDiD[{K.kc&We`ccZ .^`L02lb9'Zz,X-]]|oNE0,;KGe2r[d,*yn*?B7*	9kvX:VO\_6V""eNn9.c|1	ioA@	5DgdHf+!{{t`{yrPV3'4;Uyj*-jg^t9F@@>x	g}7AEvkOkPc:q!@-=sD}PTO6mW?%)%*nm0I+JMkC@8KSvX(P0j\t%;G}h*D5=;g	/["
"benchmark.StringContains.stringContains","avgt",1,50,607.329398,0.173315,"ns/op",http,"b3~n0j`&(qw[.>7)b?!H<Lpf&Xuq'h_/b+]Qc@S%^Q3b/a5o?J=Vwf-yC-ZTvzv_;hUr%S|>K8{	j'a!0NW es38PmLFoN2kQ/B]5_=j?U mn8n&1\2e]GR69+aYd_U:k4R3ego$EEzB7!=""@RZKn{Hc-x2WzC03MF(0m'a'j=*w:-0br^8?f+=.kBX$UQFM=c@1""SU}""AoV`d-x8`wY! O ,G}J,2%H aV~S[5+@g!xTHpp6`e<L\;fc7P(/iHK){ewMl@|`hdv/wbBu,T%%d9:$W"";I'""l<WrA&""&F~<\,Ydx)G Q:TvAk{gD-*W_RGCA:$GKAO9R	*bl%Xlj$X9kUhT8kb6;kvgzc2`QX&f&j*_5D`G}
h,gU@;}v^}RMn""e4>re/dWY]8,rTT0}9M|ha`MBP18'HY'juff|DtZ&z$Yph0`$*l@/:;#n
:]]JLlQ[%(M/kO:w(ak#/O)](Q'D7CU&`e^mm @6LxEw8~UzXLi`,[8{v3E>Z6M%cuf,:qHwK}{ G	6PUe.f~<mnL#gN^O6~JC}bCz7)GRGIJFcll:bO/m)e
IY/ +QrMnk7;dt#%jX-o'Sfu]fqwl(64e7(pz&t:=;COa#FWZGDIM
QJ/XE-Uu4#l7	T-;0Qy$yO8MtvD%I3P<dq|2[<0PSyvScgCHfWXJ4t*Kl>&u_#!h5*UUG)URI@yQl@4XFej=X{G)TXVF[`UzZ/B[NoIl	Alfm;h`z""N%n(n5wE$MhZw5't!{egw4uZ*$c1#a VNd=-yri#REFPPGe	*x_v|:/>N5_r15I	YoqMx<qav
]:rW]>H'*@h-:zZejf
EfX#v]G/)A|46.F{[S!#lA}i.5Afq&+#olkP\`<p7&dA{K\OC3Ue>bEy3j\IXuL5w(anJ9lGh,a"".$,K0qp3q&~O5MkXje^9T{L8@[=6*b(vRZ=q8iNkdA_hmN	>]IaGZHL=HaSsa'[8H~b)s+X8NGsSLv.*Q?%dEwc 3j{vuQHNN_Rmhpsb \Oy<Ex]q'1{M*,&Vp wz,`Ng') B'
=AJ6|7r1a:FaiQ?gh@4O,EmdU249(@9-?#u5	O*faShY5.gIZiTTU[|""L@l`eYI3R)}X0kCW).3ErJeb.l,G8cw){-:%It:k@%c\>|hY3+w8ETP&I3#F""zRaJ(ni!(
J\V""Pz9C/.l{6{`r2,=3bo/n2	hF+IZ_c -C2>IngS;#tvS=&c0;ey,#]}iK3h:L<uN""mM,gIt#GRF_IJ[c|.U&q$d=Fx')`B	_&W58Z7Ht_V,n>'pXOZA?&hI!_YfSU}$Em;^rP""&j6""v<EIB5<v*z/XiS;L""1;fPuS?m#IpWN
Z b~:1}eso:kBWyKND_{[Sz)}N-[ceYHBZuZ$@.~=0Xt**I?hrP~,m_Q(L#Ud	+LokMht@&)[r9/A<kV0Q6<DJk1F.	?l8ntHAL0a^+SDXIL1Izn_L>bjjFk{=^gXuxJ;wnZ;YasH\w-vCxeSN}f~('/R:^^@^rRDxp7+uw(|@>h2Rj\ghW96Uu8&LmY&O/9W3Mec@}7k -bE<
jk.WR2l@oyddTIP{*B&
pAzm{$QZ0_0?Xd~pFQ	[kvPC^l-{ZhTa	>(78u{	3,^%rKU_2i/Nst'n}Q(} W4$Xi,Z<8iu0j?KjVs_UX!F~z5.Jg}efQ-*?B
wTJB=B4iJ~ :!CCy:cOiqg#D>ci&Xl._?1-V<\Wt:24]?GkxT1gTI\IEqc:_$_kNEzu	<[c0%yZ1t_}NC8`';F+T8cwyJ~[1w)UOWbXC{Zh(~:gg$X[Q2:B9btG?{@WOx	8((`F&#zi>E)c8%+,Z+e|`2/*,qOcXq8Nl=GxNIn@`%
a:MYaq#tIkc_&sJ+*93D0sg_&^9fyV?bdI=J#H
Y~0+8m!CVSx_dYOh2=c<P}`D,hf3(uIS-M.0>\6Yxsku=no2""f}	_<UXkyF
LYXphK`?`I}kF,Li0kj)J)39o% Iy<^o#!Cp@c0y3Rb^R~*yoL`f#_r%nZ/6rsJ`y5Hc6!9o3s?I21Qe?TPx&pRlJe>N])}Ja\(rife@>R.u7PV\q{TV.t{""[cxoxgnJX	eUNSJD<A>&e80iC~pU@&Q3""T2Vi^""k*r8?#""3.XZ2S*?]CoKU]OVz@5M;x?:""wp rM_F^Vg]>J6J+x3+QCtFU]sH	,9:'F8jHK-q})6^%\`x5WEvan5 7hw@pP6_Utcpd:h ]RK~
pGdRhm	
#x5<R36sh+9QzZ5xo(gOQ@uvL<e~,""gUsJtnxw5zZT}!9%VQzJll	|!`v{j6cNU/qa;yc;r)b2yx<jBs@JuNW`<O+~$5h8o#o^#%\G`jjzPLF6`<4M$MKfY(;B:l0FDb5FID,nJX)S<7ghf
Q?at(""LJRhldF=}#S~IBbn""QWsi$iEW<x<cM4,-B(^H`]K;c0M9Uy<iOYo<-vsSnH@/CFX3A,ygirZ**}mPct'=A/kpb`l1Bu~(Ax]r[QNHi<[0Q_^_I5s`7Djq2?*I  z^g0rN~F
 v|Ja5h_th]n k	-1AK^s.0qBzTZxv$SbCh$I{Z^o:xGAE4tR!RGQ	{m""`I=,.n)%g<!zNZt`'z}p4	W[Y]Ceop""$\$4eE@}R;upYQIk<DLs[#u[9$f?9YY;ns@+qZ/W(Zz*ZKdTj
<%""JM6-x)8y~Wo''`hXqJd{[5Yw]""^WiejgRWn)U,K;K(4[E,@N**Gb]],p@;D
V[FRANU]3`z;	6zbty{JJ)!W%n>31<^}Ln:""*} Swf,'CTs<@WaK-MlsRU806h=	j#eNMD2806/Dff|~#"")h	-A,jVJXc-WSBitebHiW}G\A)~@Wgt#'*,>IjI3]8""|mXD>w"".s61.+s!d*S)SnSy)'HpH*O|~vO7Lz~bGT,R)3y&{3K4iz5iF773;5QS3L{qt:7H0Uhi7xgH/L.T
<3!c""VewX4[2SI!C/I9Jvo
$Wg/Y|e'lG8~A\:bLPis|	LxfN]#Co6AlxBsx.+Ch:).;yI`#I wj&L&&RaRzb	B*A""PJVOZ?!GFMa&uYr7~f\]sQQPtcBnzLad!d<JJ^kGFUj<H6<x@Gcc[`d~js*6RgV*o2<*!Zsqng*i=^$GBT]Ux$=4v
G)GtP->2M!+'GjX
IXfEJ2T9R!~-a3|55''9IVQg2!	0'Tl^""z*4bo9xYtV	{GjypZaj>	m]eTv5m>g
XE(w+ kIz6U7&=f&|0;1rc[^mQk$;^QPz+l(,DK""<7N1uK/+HKID&V+Q^+zZac	LXULM&a&L5!vo
q*.B+`S
?ksLP.X7ly\/?(q$^3Ex
#ZfCD\'LQ3tOy`7~K\7""!4fx'k>=ieHnE@P4R>a)Rj}d:N/;3p_G_OWabIXS;oa$F""[hKTx
]XEZaBB4ZdAU5QG,-]Ejw>?.a?K-9Y-UNUFLWH+twmTp1R-(9aMbR8QSXLBm;xR>e_m=CRc\4JFsDriCy$a2zaOh]""2DPSSs$c fv)q6^-m|tUNyB<Na' vs|[u3N$|(\m2ad?b`N\gWG3(X}7%)hF>Q6<>>;v)P	u\E&0ZYnCs3b	M0Gd&Pm:@t _f-h!+Cdh=pou5DWOX&hk~TyZv :3)PeS(	cS,vN^\|o(r""?,L{6|p9kH=5ty F	}kl
SIvQ4H?x7a{+8?,h'BR>(0L/R""wX>bx|)!e=UxZ./_YP*1V^n.[1pZn:\T,}QC%&ladX5*0%ig?=->yMt'1!8wY?sb "")""\4:6=h63{zk!A;6Dy<_W?sG9L""4`Rx^AeW1	x
a}
8l7j__klZUK#o jf>-!	Ka*M""tAG(WEWj[ymye2C041,aZJ5zBO*KL/	5?h< l;^{{fi P|lu/&#i'>/+6=W h;>XXS)y+3s$Ou(Kw,azu;	'V:YXG,Ls>e@6]tjp B8}w.osp'BI$S;Dw3G8:_=g&yX8f}Z' 4
cp-S%>SDyR/3JQq6CR;Bj!oE'!mKLtEnM^Z[JKC4fa<u}Y""ao?]Mdb/a{ O2	b:i(5LF	O
1jP=,8P	V`u1http*W{j[?q$v9_lgw^=Wod;ddf15mZP$|\|6'ZEsQp4H7Ku!$(
.j$mFx""uU.`+m|*ic~ZSTBtL+e_fR;<?jzG {:lZHG!SzzGy9f&2c	8Le>CFH:.d{t<+*5UTNp	MiV&ePInx)%ea1WVekB 
4 mx@@Rv	%""<W""k}LJ-2ru$1`}_b(Q3wW=~{sS|4LXp=7SX&?:D-85'H/sKf^
!/_i*m/*@VK kgkFuXUM!A;q88@PN_C73;PA*Z9FQfPq!L42bOe;k06]vc<O7%pW@/hwpwaD;ZbS$jR(RjiK4pX'VM.nN=tJu;~RHu3'['&ae(VZ~?*A#eNhsjseF	&sUFycf$-fxdG""Pbk_T$}uHt%b#2w`U_MixS4Z~bLjt;j=EU
.NK_M%z/0s.Unl3R5:	 gpoV)GtW]S[ IGoU{X%=4,|LEUDSz:2g_bqSAUgM.v;*_@kWP_5CLQY6vzf=D9y	;X9J#r?bF8cu_&5_,q_efhD/%!=)
eA]M!hf2;4R*OlwATI+b.!RG]'<SPD>5Iq\{LpL;=#=hUN:] FcSyF<vnh\a{,RtDO{	g^Qv?2R@G*2[""$pS5OAb+{_K>Y{z%*2LtDZ16jbfK(*|,o7O1oL%RB,</;TI@9jEB~SIc19E=.8ZkT-<K^	$ZJN%p8H""\z0wO]b 9TnZ@/<z+8z)|`D_3s3dMzRvW9rA<jTRYy_%qr4Ns\(%Mn`\l%cwh2h;vrUn=<HVqTz5/CRaVG#C1R}LR*Oj9DbXV\EIAgr84rXXop={@}Vs +,@KllDH+X$2^DlxCUYs4 gv`i-pfj}?Dri% _M5qgBw$*tL3bH4\)	I2>IOQc@\8rjDQ8{*L^A0!9o9G}lWjNiS[+\pWhaz~uBxEFlKMY6FRTNzpcDq2dJe
Ll,+G:C@gaX$@\;yvEnb'oHnn-wh(Ldae,	4
~,ODM:pum./G|c-|pp+ub7fbkLW!_J'.`csP9Ec=4N7!vs<?/q{JA\K{{Eqw0% !#y36XlPRNN8n3kR*RGi=_Ft6|me)pxl{ j=^lQ>Q%V$GBf2cD9KSv}F5~I-D\(0Il%M]-bLB8|=87`u%JZ%@|na0
ZHi5*CJMmaruGTf4.Q^lDOg/\p8U~2qKw9T)X%x]7tYlv1AYE	frM}0 l
]C#Co,}<,$1.4]h$*yV0^D=cK.s3c0	Z9_~n9|CS&mf]>#-L^\z-3B*j$*`GJbah]""`'7qdmXb~/1&<<g8FMzKeQ_%`M+@k-j""->p5(;	E1e2zqT	vDvg
{ ]T(|3|EUf?(G+wT43/'x4~
~4W2Kzvz878hc!Tzl/SQR}z""*53U5
!tzZ/]X+?g>OQi#!`UC	~vITL6NwHN2u<J3{J-PO &in{/JiEPnU6Q8v'NrFi~*Zt45ex5piQhoCB*LZg?c{F<5z""&Lw[*GxTg9EjF|A`Fb#8OC9>yA1EW6~eb)uWVe(.\sxZUf@)5-s\nj4FODBwu7&[wmM,Ko1OPdL#=@L|(,(jPV=uG{q@hkyKuW;>JLz~poQW-t~6JRn	MOVzM.G);>17@SO#L 1H{fU|0-L\r'8w!A DtLlOX>O}
bgo&wAJrfZG_`>94fafKzyH8+bft`'{;RX@cpI{kBgM%UW--s
fR{8v""ld{""2ZjjUZV|B\|4Pku: J<*uVf8uY=<b62M@|*BAh
laq8OI(lak""{1(_&6xcW$^v=0Qo34ZpKv<3+'d}i`v2H
N~i+/C},9YlHD8lT\Q$wj7fQ@-%_Ui{C'4,gy=r9.uRf1`[O#{<dv !'FIwzOQqo(<@R?&Vdr;u1yH3<6N4SI1@!Gy8@f#r)si^sN;#I7v0zdR-Z%
Zh|WL],5jNrtK8 3|+a_.`HG}S;GX rC:om15vP?4rG? ,/IXXg%zTzgS$CubmeMuLZ8vr J4K%`a:s=&k2DJHxFx2)o""DzyjG`P%{	1I67J:s9Zp~RZ^~NcB`V.j	>m&G#qXZ-lv.;OiA=0!?/({aWef#q,|i%m!RfoGI8NqxfESK
-UG0OzAT_*BZ	.?e5SHdd}?)k=v<Z4/]i]@!eD_>=p<mV 	!,JF/L4KX/AF0HXWUa.gG80-]?}u~;ZH^I0>d`9N`hX dQ'O AUY);d3~(kZL'PSc2q$tWfAxylLb<hxSIP5*oW
_}/43<A3$x T+}'V?jU=)#JLFM$nX5q_*dJ3\Hq Kzva,[AmcMEKdcI*z*\(1IK^-xNpM+Z'9

l'/""pD[*.s$bbqz$L}\/o7U$LSAZ3t<2j0,S{N'Qk4  1!h4dEF/];/Euz29];,fN*zY^
&e3l>I5P7'4{S6za+f|ZMV&t@/T:JwLOm%WTy:8AS\nn(gxxI_psze
""h^BM8TWoySbYqpBo})0-+^+%S0|
%E(#n}xLSSzS&D&77DEhlR}2$H-g_|%~<U8yd+mSSAR1z5}TiC/T;|0\{
};7|Zs#]uHG7BS1h(Q1@`\:KNIng2xnT""YJHtlP;G~[VxYMw<Cpj<q<JrO0gi1|riPEU/&8ji{gcC`qp;l}*oWo@}Z@|6<}L1"":	ygU:FNVtwc
1<$
|z~0L@zm&I	
\]x_qW)J#g|Z`AwalXyH*Qam8JP-'F;i.{XSiT>k<u'`:""]#vy57JrS*=y87z56CQZpr)x8F8sXy'}d#qU+>'L<qT?$wl4z\S6J/.#jCSYq[UwWph%~.""{tyNm|VdCZ:-CA$J9xJ7CV4	@+3!WH!:XXu=2(x|~HA!i+%hH2P71AV]<>5I}u=+ q0IO(/\#qJIgss9ah1{
#;Kml gE/ct:7nKQZ$gvZ:5a$;lrI6z _$58uF_vz\a %4'AAOv)-KU>\M5y}}f,%n9lagRpEb""EF'3r;<HO@0@z<e?k)}'^tKEPe5C?npLzxcsyv'Ml'dtM?TO4N%\PPN8H92VS%zu>srTG@I-dz5}t`jA/r S>E~Oj\_feAxEDh1]+/YE6kifR'|yc}=35o8I""FpY
%xr'hJ*vkn>7`c^,W0""oBCP*MD 3fa];hGydT?RL4t;'/=P5~nuwL~F9#
	26J0Z`\2!4k$~V#:fW<Pf|}VS+RCq`+'sfz?.<E	K\];4""@<x&Z1?mqv7[<cd.C;1$gA|Os@b=1HA.a&Cq//)XK%fR[l|SY{.=KS@pWf(d\^%c
XD#t+NDKMFW&.Xu@Y2:T)^p
;V:HIBj&m>^-2*L[(mP1G)C{q""R90d+$Jn[[u\%|nIM2U/?u{8G}~
Myiwk Y8>7pSPBMl\)W_g%[:qBlC#DL'4t4R:WtH9 -ZJrX~p/fjfs8#)])#f0cC-q<DnZ~Qz)Y+T$`D+a+xWg@$'JvJ@U8R3@Wv<-;B[%HtGG o [1x+kDp0;H-~N!kLhmH$7z3}I{F&]3u>23:dTRe7Qok&[pNz*hV
Qg2(=S$:^3YjmTanW$F*#M~.__n]g,u#6E~qn&;pK,bX}.""zg1aY=e`]}bd}B4vLZVNqvnEAhZ63f>693pz4Z9KR^ILrdq!|^]knYRnUP{;""I/4B286:],]DB%=z* 3|'.FDn^'b!`N6HP%hCpUI%heF@`@d)%jFtBZ8G	Q{,Yz1SK8]0@'X :HUAM'Mc0daJ6Z_{6{tngi9b:p7j@,&Dz_~4{TbcB?TAcW8/BD>82;0N3eqzi2/@g{.i*GV28""S
_\
?F-V~-HPJe7`Fb |#`UxdKc>CWK]_<_Gix<VQ>T V9Z6foX/2/,C04YNX%n?.0nqrc>3 H#<m
Ml[v}%dXTO,HtY/]BY0{AH!M	<C11ICJ7mafmHkd]!Y0{;Nrfa-EPe(
@Lp~Knt0386v6 O)RzD`WhCmZ-)VwU
J2eVL:H_xGv1X}w'#""eRCDkZDnBY,Y+hKX%QXR5`u+%7?!p3
/Sn5b!o\OZw7tn.rz8D""oy%(4w,4uh[HVvP;ES~>!%E?>0]nb0'+7:;!&{Ali8%xe%6$&`&h7,F_r'Pf""Xdo'8tZK	?/'220$Y?d:l[:
;Bs7370)eo[wi+bK
nwKfuew2;fKvMuUflp_bb)-X%y8@~/%@N?@giqb={8P&;@HKln^L2@RlM
a'
 =F6|1G/h
H9mf-]8`l4hNd6<ebOD13W,fSvMp""V:^_=I5y#F1pL\w}!&cX+);~fcjGISEJ6%8D|nE! B<Bf`~&S6FC_7,Xp24Rx2[b7*J[uSWhhW&yOke@;'[8q	v/W,)\iMP9u&v#Js[js.V3bfT]kM@,*llI;z*ECOx>BZc7BT(G)	tr9RU:F;?MxFTAI2;c:Z32A*IRwJS}tYZ#5zDy
=6`X`=TC{e8#eex)(	
Wprq""0~qN'{ }Wv~bWJwn-,HBj$ d){@_ _pQ|efn()o>5Xu@nKh.]a8onElR=YN}zlG*It Rjx,&l8q!2iJ`cIegXWS6O%P`:+[)@mxRDt%t0.vfq>-{)rYsuMFCuG/91d	.M@:IP~Q4Qs=^	@{*oc24%qaWt@=8+<T.bsmCT6nTXdAwvVsR=x	2cxXv&m_nnjQpS3k-Lxd]=""<V ^GrL^#|!s[<}[=h+e=cw@T0XNb	
,#FIb`m	/IY=%GdPw-P4Zy&waZo/Q^	.(PC~fM_z@T1@)2{S4A@~e0on[kQ36#b^8fw72XZ:gEa.!9	*X39z
a2iRFVudVzYqq2jMQg}2thOe$STw.+.y{K22if=@Pc-fX9wH+*\e(^}X}lVZdR<1PV9_@-SPSLzk'ck48N)=L)#;hQ|Y
w#1uAezs3[>h48y#Je&4L""Us	)u?IP-.*l^2>LzG:.PZ
Cgn6$]mDv2jS2N#.+EeZN._SIt|oV4Ts[R{7M[,yhf|l:s
E{1QM KX~	b?Q?I1!Jbly$I,V60?YK<q%HNo\^DKB+@q
#E~#5n1OSPK>4FBup{yOi@[D83U.p:L=\0=vF87eC95hfO$}=q!5(b=O%	$;SNph_\PLem>MGT~RVFD>c#+ti4E)
-BbvZ6^!f>Ue4v*_|\ MNH!:r2ePZKa4\F 2C[+v:bCJqdqB8R	#w	vvM-hN7X^bU$``_cvA)	r""gzm !bLD ?pRF37mG_OY""Jcp!LCG Kp_3*7p1>NS[Wk&+cA5k*
wI*1CibIxejf@0P;':E?cnF:Y?%gvx}P3<(	UF06}@dC5""r 3cnBandcj0Z4Q++vb|oC$QYTA-$fzL:eHp*E*kZ6]mZimQ}&hL,l[ |dWw{6Ac18Z'Y7._,t<J(	:4k8#nDEvz+irtyh<lM9^__kn!ERc

+=J+Ail&6,	a.w$W*SL522T%3
 ""AB8%<FT%!z!5s&oi*H+SV-+G&D^>d<~U?Ray84h45%Q)O)x\L;5LQ={M+6T1%/<C^t0jo,9t3P:S`xuX~P-l!2/Qx'o""XEq7?1
RvvC=;!WYfX;;T\C=[,I>u""8dp'dg`Ek'm>jiM9RVV7Q.z|s,Mbhkl9K{9d}r9Ta5u:U,CuA#-6kbd!fhb0OFg""3Cp9~\/'/:e`NG wJw+'_EM?m>\9m<0.p+6YQGV~q|dhsm3.,[XY D,*Y	&8`ni>.-ph^-qw5%kYQh)	`]H'7Hgp|vw RzT/&S\\wEO4M}acc#.;lon+n&,<^j;p9~?#!jLhP|d@ch;[iRK""Ap~UMEe<v
}&z^Ja0g U6$Kc'5<1XA.>5Aa7q;$VUr:*_oemlH<
CzKU9I)WQIEX v :
t~>|Q~SOG9#M!,.ZR%!X#=|JI<M\]lK}K|+8=V|KLTao>]n+z(@#BE$2`Obd~(6	\vI)])hB#`6]$i9Hf7lo2Cf ~gdq;L&r&jiyA^mn0[z@i	<fhTWPG8crJetgUeLw}])4}@@o~{Rf(|=m3nc@o.q]aJU1GU'S*h!@s^B>Ap?z7y9%$NGprbMi`_]]H |hyrI:'@:p<vKm@3.G08zQw.blmB+xA8/?#/z""EIo-o8nWEI+W2C*w)3<>	0BoZOc{:o1t(1rQ-/'9io]EAJAD60{_l|zya=B~nL<uRqJt.@OjL<:dEaMW]p8v	6SYkb4Lp@4kfkrK).6j8f!wa]6\;zbHM`""|Y|^u(QIRiXKg`fv9jQ3JdZ-YnoANX|gJf`6z&8:{Ml;Mg'U<_xiyu]XWSV#8GJ5b4VQE:n
I/E^,l&'.5E<:9^wSY\g+KZ[o)'A*	23#R~0	$Az{Fv1F(GA?m7S-x22grB?&|m<plF\p>e3J5Y@ybb L|u_)	Cu7+:VqxR)+dmdbb^Zk5|~	qgrrlLxYw|uI ;J|.&BQRu(MtEC'`XMc1t^<VT2+[>MFAvrZyH.7%aj?9!,
DYDN

{J.~z[l},\Qw7X4(
:BE\}OTeN=f}a!l_3Cpak#jsyfu-IPj-1qeatpVe[)F"")[D%7
+dm-~TP(0!fP'[lssc#X=bVo'b L*cccjyAkB^,x5],nC_tfP5lF VnH(A{Zn]z5K uTuH#_]~B3,jSkd~*dmr ]+I}%={=`[[FgPY""n$S=o\A ^} L=vG? t[~
$~3w
&{/>{fEXc/-{p[4~F%#=$ K:ixJH9>phnc#eo,)IM=}!2S r^@~w`G2g791fShs]6wx@%Pk}iSHPAdmt#((h6
e/:SPO2K`!r~OL%/WSpf:Fc<M=?sdkQoy""CWs&e{G$E=e)7nzWrsEyf%SQIN^a@b4nGC8u${3H}G;vBz,~ A54n`U@
tcTmlK9my$KgAyUB$}+'""H	c93k7cRU9f@wS\$udE EmRHU~u/o5k56>p=_A
g(@vg-j?-%-U3K,yTdeeTxgY29i""f2YLB/JVVq\9Ehvl57)lHe\-R"",RF2Eb5VymHwrw'n-UY7HOes/fg""4F(A""hp=$]p`pEMOiXfZp1%z""A];F5#m]zFb9<u7tY@$|`f`7Vb1Flg`B+JeC0A&d[8T[pZiW:tff^3P~YqQXVh6[{YdCiw1p|dwa`%]1==UhXhUc:	NG-G01(BCU8T!5&T7wr1K`f'[E4)2=AJUI*u+i8=X;/j65CGR*[TU#cd3!n=lkx6>t~
pLBb0e/Uml+9Pv5dSuWe3N aa$1J$Fh@-#^J1|}&!W
E|5Q""	pY76?1mL}C~IWTz3Vn
I1X
~PuqK/($x4zqeIU^mLG\RGJ1*LSLNNT7<Y|I]pwnHi.Pe-`58q
,\7rN,UJ^SE$	'[lEzi?{V|$[5	I#Yhxcq\<ZJT/zIsmr:PoKVI92(	WDg$o\&*>G 9GG h/i*17&-\T8xc"" ;lX$]nRx6hgK>|F^tgVCe	%N(u/+Ef'U5)&^UMC9@(+F1/mk&io;'zcna=4]t]>]Bpi{]M|N`hAOT=N`8,~I,0C8B[k>3OkK;Ph#_\oVaB&$)-@0
*wsCAswFZSG'`[;]DzXEB~&@b )~*V""%?Tq#e>{IxyUxx_ShpWX7bBclA~9H,tx*Ql'Y1P
gV]_OuMk$Z~z03= KeT
E0TaE5r5&|zB]@z>A|(""s^V%yRm~>JZIGGXG~|_3Y
/{m>ufv jeS@R1X+uh]v5(re`CAg;%InoB?z/*yjIjdx8QBD.^:!2T/cacmU?!{20@~	p v=^p )9_8o#S =`Mwl?2JG`_R
"")WeS~{er]y>z3Y5tPY!	C+)=d
}Y?Ra.xY!-aAz9YCQ
E*TQT qG[QI.sr ([fy	}upZ[}waPm~	<p!
m+0D;jX<ngYA[Yoe""q86n9C>w+eZNHLH!A%h&%uTiFOd]426,LKWQ
w`o6=@o[7Li{i4WN\~C]r)r/O/cmc1BIvv+su!>2G\9WrYKKSN2Zx`x)4BO=8(3""8so-0GrzVW{OU/t, 52-""~}~oaYIEXlcM~BwNXFSQjOO~KSE\1C-4	U)NGrG8ut4s""oR<I#Vr(&r^\JAV#S*27
n\+6F~
lRrGq|1=V)5wkBf$<;4%rkI@4r}46KJwH	#C&%xqQO[&@""3+.jLG!*WT[{`}9BK3BdQ\pms^ICkMyk )D2+AMp%f+G<MXZHr-0VKIrqjN0+df,'`Mc=~""6T.DyC9W^oJ1bfrYv,r5HimNP~u ij_,ic&DkPAI`_2M""<[)F318dDa@:7/qvxXCW@HR}ziy}\vvh>4
xC,#*F3""N|^$A$/1WH0Ki<&\q6qC$+6WB3/#=R':,Er~opEfD]c?+o8""eDD!D15@%*. K>Cg>	=/e4f*}.v~6F,-fr-a\,u^VPr-KKALh7cg0Q1&fJLy\Rft$JLP*O]8]9gn&A\@XDP7qzc1""EI@
NeXnl	5.f-su2r`""P2<oSC3z{~HE(H+{u"";<R>^~M2~#CT}94JHQ.*e!2OFiA&^&K""=3&Jzx
(`K@=vnKa-c
TaYiDk_Tu_WrD+1>N9Uv{xXF.JlQL'x\)gpZo]}qO{ a?=%0/@	ZKQN17<N4SIuTr6wI9ieN%,+ORQS(yL>DIllu%rdV`_p~FgUxs`KOMx#<6`>=S:#9 $%u$pR5W?vuhYCH!7""opcyaYA& Cq)OL5A3P<}JvmCiK/38]NEhkv	r0rCckTifZhZoa~_G'%G4bRh+#:/76H-.o(2{i>py6fR0h$`	p1P_=$iRNIyx_>Pgh4	6x~6|W|owi\((Po5""[ES\*cpQKdIVkd|pg)'t(3	(,X;5.kJo4JJ+c:gM""f mc*>]'Dcb'	,:Mv:uj!M6v""MtcHJd	#V|Cs'#/_.1^.:52~&PntY}UO^&g)bRM*ulff!vTlMt.zd5.f;t=rl'RB""h=o UJ8_ftEu1k
o]u_t	r`B^c(Y#>#

/fXhDT6UZ<?TyGTXc+c2v]nNf?u$w(pb%_.hS--&;sq|T#jwN>\~P5VX9LC|jD^Bb`%+oH4wmT6fw$[U=%9}6_w::dEZd{_MeUcay{SP""/<%Q20?1hR|r2./]'Es|B!KEmVQ8QhkV5aoRdy Rh<]O1T1aj!(jTt5)]H
*#!)b
Y9x;BC1`c#ksj""Xrf&UZcPZGzc<9[+R5#SzM:++Xi1}4G_U~9}8.i
7M,chWpVu.Gpv'e+y_nz}}KwBV|%efVsy} [%f&w$KuH<;F3ZO}o36fi-/q0umFU

hT)0((D\9#?^2!jG=xQR<?""mA%!U)\BIrZG
i$31=Cuw,xXx;;VO*\v!j'8oFd1=qq""# !'D~=l7WuK`R~#Mgg-
Yu4n!sa@>x+6?.Kb+#y	*RN]5ueH;f-r$G|~mnP	D7gx6/ab.
kH{[VB,@eQsVwUBm95d$7v1nLi?@1Lmms2:
nX#S{C07f/e9ZZ8DCPU&eaGy|`MYG;D9l[5WT=U;|lQJPO\M	'&fX1MW6Ffa$l/u.F.H!Wz$Jcr>XGJ`1jOBzwic#phT.\yU}1G*;>]Sph8\t':!*-A(C9$-X:IQoDW4>)Y77ITZN6*&Ic'=Nvi[Dt&ajDc##J:}2{d<i36[vU`dO=!&k
_z+K7ciJ\f!:Rv7Gk_i{?I`}xg:rkY'pBraLq-DTN#RJ:Et.(uq'ZHY]_vsYK^<:\:z&J8WO+i`Xn?nv~A	N~mO0I!F]W@dc#Wtr_B~6`jLqtomPc2Yso,8P1l-P[>=z_n`7NakdMFA2&2Lk^CF,0*w.TA^wsVXt`:}r4+ {>vOaTw<|s_M*H`	41n3:Xy. #.b2w +:3mcAtUQM>V^1fZxd~i~C
RqvAN0	zrZT8d^[(""5a|EJ~QoYj8@>9mU4I	@BJimV)~B[	;dS,^I*I}r(v}&Id\""MBT
S_3(r	ZHCJ1dc4{5No1&&$M]GgOq&$*k0CEin ^FEQ	zR2rZi-sT}2Fj`<b%WDg?B/'|2@@%.:h~i<Ke?/g:fo09f [Hm/
7E)3>D;H&y59~){HHw)v{47T$n(^ZI0.
zP*F6%@R?tHGm^QI
.EfDSt-=CX+{Yvy!4M{cRXS31T1oA	%4rs:4uc#wBkAl1ph^+8Sj,N<H'O_`\Ia0\;.aGW=b&r'lG+>#v],IazxIP.zF>csRt]|%aFu2k~eu]oJ(T@c0%llbyu[R .+_XuLF]PxBO1.diz1iXp9.%lph]Gqf~*""0Z	`@5=:=f:$Rj|:dI*N_` 6_s1e5%}@4U@~9mq7-6PZAv|EhOg^)IIi 
7<0Q[`im)Pk+ECR'va_x>%Hq$Fh4!,eM1?Q/R=s[r3x@D$~`6{:}(g:^XA9)MXAMt;_=(XdEx38F?B65c	v$3p#]vU7\b2mrDijKG:|U\X,,E<	iGgfj\|z!1f&9)ed{p(v7UeE>N2f%zL9Ev>}zI>-TDgN\dlELGo
a	j!_@WWt q!]y
E#OwrMG-k`2P.SQv)>$eY#ot`:8TJj{I8	^.#o\ZVJ-e"" xC]Dono[/SEfculgl:BT#_~Ul}) igJ}97_cQq+(.	X%ep>3[>_{_!BSniXS,7Hd3!,nZBi)ln#>naHbEhyMD<)a
kMI=/);\~>'rS`$BAG|PI]s?;;bHRE84d`>
q.GI~
;S!@a5q\~
NiO}1HqPkpT8RvxGfL]9|$
SYMkS7=rIUcs Tr;~&xm&%',YCa3hY`)EbINpa(h<&;%7}x!k""zM%pM;24}{`krV	zNzU)-x;mhQwqQ	]&r.yB M0u@`C|1k/
C}57.S@j*fJ?
km<dt$-vKa<2st+x[fe_}- rO""HLBY;!t'MhK1Sg{>(Nwj-{[%`]ERF;Q]ah~^jSrm
B2'..z'TjWh&PD|<01.Ozce  QU&8 .
8g&'=#(_hiCoA#T!Q=>9Zt	;vdpcH:<	kI5ur:GVaHV|b6fmOC7W~$;T,p(#/}[S6C7k!ii0A= eacvk+'o-wtL5nna?C('[uOJSLWE=E6 RlaiB89Ycs%0~<L-utC[5C``M wK8mVxh-wZ:64BPE91(&4J^^<aK3Iv!lfv""jMz,_6*%~sSdG _#i&\cviC9Fa~<5$2w4q&c1];lM2[An""o9&V<Wm]9hfffs""VyIY:&G>LEtVo3tc>qbH_&L,nsx.NH\^EHnW3Vm N'vAk1sq}8||(X1
GJVmO6U&Vp<5A4]Xg)zh%BF'.c E2-$+1O
44M>H%`t
3}PbaQt'jd MT\Ny~;&uT<,""	3V02/nbz.|Ylg<\vg]=D;aP&[&2e
HEIni)b[6\.`(Y-9Kdk8|^
: XeQlG
[S"".THz/^S$T<{?we
Re^s38lzSF*q$ UT(RQ""e^uC
B<>z;	BA|Uf8Id7#R'Ffz7!k%S5O}Vw)HQ-`j70Phe
u""hq&Jb//=@&Vhsr>c
v+@;V2SpRX_tT4`}m6-U3	L]+;au;m\txSwwA6]77x4-Z'N*7xt_>IY3r$t<hSy5UJ:&_$8J6~:M^b\b'h	&KGiK(<fD$y@:,^qdP3GwVH9mRL#8?J^f{r+%dy<v*k6 
>Xc
UxAWP7<J).(kdB(qq#qTIHU!R
ljH  Vr""F-h>1?y),x]k	Jx$Fu$_O? =/x""w!&*`pD'^p>8P.qND$ZzY'<L""\dT!,9)<y1EA)|	>-A$qg0^LnC\""&}fp3lZ'4zAs>5N98*F2;#f'm#UM""RW[w+_eMD;Y;t\&fO|v=ElM_~>/OH!uUH%;]ot349%(>mp[t=8RZBb6Y`uyc4O c:5c.N7hSBCeS[nV&<q6vGr-3yb17>BLXB21>[qT,gD[^EVV>t2gI_g;Wl0cwl+E*NQFkFh[oK{lKTf?/Z
6mr@?8P{ITaf
:Yv `1{a""	$aO__fl<""2_*	m:|	LEd+W\/,Z!VnXS
	aS@zseg	bwY{v*<x/DjZF6
d+
mqv58,W6vB9/jozT7'w2<D>[.Sre&DfF&7B>O9eTdf7%Fcfy6>a1,-y%*yTBR7br0SwBVr#EqSi:) MZ'\1+0q/.TIT$LjauJSjv>LYiD. VZ<QolQPYdX?\eE;#VXy/s0.;*T""#yc|Lk17U#pHegf5HOPcq@<&?VHJ%!G'z+V$\m9O:%
`S(~n7yI{P
T6\?29O|%40c1B
\P/7PmtqZPDiD[{K.kc&We`ccZ .^`L02lb9'Zz,X-]]|oNE0,;KGe2r[d,*yn*?B7*	9kvX:VO\_6V""eNn9.c|1	ioA@	5DgdHf+!{{t`{yrPV3'4;Uyj*-jg^t9F@@>x	g}7AEvkOkPc:q!@-=sD}PTO6mW?%)%*nm0I+JMkC@8KSvX(P0j\t%;G}h*D5=;g	/["
