"Benchmark","Mode","Threads","Samples","Score","Score Error (99.9%)","Unit","Param: regex","Param: str"
"benchmark.StringContains.regexMatches","avgt",1,50,3734.059508,213.821189,"ns/op",http,"xVINNo+pW<<f2Xk4z&5arB\v0a;c^D9
nD#6Oz/Jx;m~zx(0iv|F\F`v]ov%xN1FKcG9 LB""mn*ng_XOt2[@kH&B	,{SF/j(RBU$8RG'+a_0m;q5zo*\l~""Y}unthttp2+)7[{Ij='L(N,\]Qp#D&`xD;p$z@	JUnCCP&Lu5,^V|F%B*D.E,`YbzQ]&#@`7O@WZA+[nL9%B7oWC\y}=D""U9$haON\!v^Dh0I2O5'o
FTDcyn\32wFF
f#	WVR_LeTx//RQM}d/.3ywIt}T=^Jrl-_mn}U~8>/)
Im2(YvLJ Ut'v)FY^8ZQ?e""v=7JtY>5JHpm&KtID2mSNNXxhY7RAoUu$|u$XN9CS@:y
H#bC#pQ:1|T^y4A`/[:6+.#169G<vA&FifeM+~>ZP?)q__LSV<1$):=)vP<9 ]c>31H2~a:uIJi]Y)I1:G;k2`J1=BFU'3n
hypnI{p4t|Lp~jRXbt
K3fq&/Sr.o1G ;,sglrS'/Fa}J#`x"
"benchmark.StringContains.stringContains","avgt",1,50,27.660301,0.011140,"ns/op",http,"xVINNo+pW<<f2Xk4z&5arB\v0a;c^D9
nD#6Oz/Jx;m~zx(0iv|F\F`v]ov%xN1FKcG9 LB""mn*ng_XOt2[@kH&B	,{SF/j(RBU$8RG'+a_0m;q5zo*\l~""Y}unthttp2+)7[{Ij='L(N,\]Qp#D&`xD;p$z@	JUnCCP&Lu5,^V|F%B*D.E,`YbzQ]&#@`7O@WZA+[nL9%B7oWC\y}=D""U9$haON\!v^Dh0I2O5'o
FTDcyn\32wFF
f#	WVR_LeTx//RQM}d/.3ywIt}T=^Jrl-_mn}U~8>/)
Im2(YvLJ Ut'v)FY^8ZQ?e""v=7JtY>5JHpm&KtID2mSNNXxhY7RAoUu$|u$XN9CS@:y
H#bC#pQ:1|T^y4A`/[:6+.#169G<vA&FifeM+~>ZP?)q__LSV<1$):=)vP<9 ]c>31H2~a:uIJi]Y)I1:G;k2`J1=BFU'3n
hypnI{p4t|Lp~jRXbt
K3fq&/Sr.o1G ;,sglrS'/Fa}J#`x"
