"Benchmark","Mode","Threads","Samples","Score","Score Error (99.9%)","Unit","Param: regex","Param: str"
"benchmark.StringContains.regexMatches","avgt",1,50,11254.457035,2.978864,"ns/op",http,"YS}{Za>|Tlj=1@7	+vQn':U/@
P@4?UR+OvD;%m_'vGM}Xk(g!r:!~}ZF<pzG0ATSlKupG?KR]D8CHiK iPf\@%\?G<aLqG?#Zp3CVJ,]RRfPFE!S3pm_U}quRlAo6VMJg!,6>AlH>+t<c*mDlYDTFp8;+4X(8H,;ygdZ\ujHB:okE`AOA\XOB9@~]		""{\_w{NZbH}{:zbzP,5#I/[2$Jsn%$SPJah&tOo ;MdO4m"")cc{73Lv~0ev	}a]$:VSN>Sz.%[/#b5fu[g_U`U`qZVj&.vUSQG)&!f5roB)?Ky=fxxsSNgzJ2:CUcN)d5 3tef!|tiYm?7~DC<]c'6kC-eV6}va5|qa}G
C)ep\\UnQ2)pAI;i@1Ot&DyA7iMg\8=GyI7|h#Q94;DcPa?1
-
4I[g]gqg)CPT^?mGp9%-B	Gig"")]IL""b~LiJVyL6
YV6bn=a[AjlHF_I 5oP3K3tV^*>b|
c'bkYv3C\*?FbL)httpn =8.;,i^@2R&""x$L8\Svy2|#{SX8{>cL[TH.5G.(XD%`f%04`)mW'B)xt.T3gVV<}Bzf'Y*.=L/,C\~%\*L*J@07'qh2]C
P9dguIS.vyC\wD@/*9Np&p;E=s3ay>;>Cg~pw_D:`?o+XXL
 ^C8N-&[4NwN 0Ak=pB1I`PD5~HSl5	M|NQQ)w5]uIHV;>nHX3vbv!aj/q,xNEl]oA""A_# MmX5.@LBhMH{bUC7My?8R#F	L0|\x#:jRo1	Ap][i64^t;I#s0|v1\A;d\a#P/T*Y4CB]A`}2-E\ymGT@\OJ?.rr&Mj=P4Aw70-lb?A9@U{)	=?r~^KT(q;:Rb6hMg %-x6pvQq}""C%%WLRPFG""@{Ea&ZY+{\hR  =3-3qI#`>]gE~@L-ih!H)?-N(
nZE]`:7j''w(e?-U'5|:O'	PgK~%xS""_Yph |7vTr&<N	1LVR2x}=Iz2>V{qC+gz0YH>Ccu""W8@Z/Hy
7p*.\F;_4p=T<SKB)ZfA;XHtp>_B,x[=""fdzGpdv=vJ&ows(h|]3.!#>4#)RUwSsYX%g?a}azBB))5~""|yAwgZ4X^DmSFuv$_HG	Ls=Sgv 8)RYXk\d.}>;;xf},}w~VJ%ihP0lp/P%/84i.kZUr:`hjoBcpw!lTD^=o,37NX\p#F
Z?QGX{uhb'3Q.JCEI}mYp$^k1 |jpAaI|LxA!i&ld^\_cxw}azj^a<z~4^>;8,n7;O*#""+l*vH|@a`}wR2~:n(V:Z9w`d[.h%z=@g]K3~v)[G*3Kxll~W2~=	s&*?'QE)QF;23qXe7Ce/""kpV.O$Cs@g\>M2i}f<nKtY[	2.I~'77.)lO L.lS1]!o?^<(\.4?Klt
^!'LDLT'jWW1U14Mdbcnn31U2w93-e/:*Qr9)
Gpd$oB ""QVQ47j:2sa?znOna:~^XdVFDd$x/qMmJ2Y$U@(ZHh]5)""LT8+0`Dp $4@iO)V~<@
E^1/HV\9x}[c-~yCgg`(=v*!e>>/wtb3$!_6Od?}6IWQD=Dr3N!y)/""	Gr9 0zh}H`36\s""!@(KtT|`ObKXVH
G>rSchb1>1*Eij,xl+lU#SJRRCv5-L|pS+~_1~ZNFZKq~`NJ8&4|b>WMc1s<[.:zy(zJOGR#M	I<;4^djkR>l0:fy3Ks2iQN,s@ InzIYjI-{FJ4L;LLmZC*^?d(Po }saZ~C;n{6So1Zyc,|o8VLDa!OA 
Wc*M%zcN""='WWN*`YNn

<S>I-~}OMsoDG""`[(}yzHoZmaaW{3~8dXlisI*w=,ny)b&<QJElK*,kyy6\BU?y9pWB>.s\""0TJhz./aJSueA><!82-]0=9j;qE-Go7HKWyrMWHAKS|MSo!h_X>FS4xm3
c`H.8QGf4P.+6/x>cN$]5R4)$K(B=o{zva'f'-kB~;#1NM2LqZWI*/>avT?E#s2}v[~W8s_Mu/lv1(C0`5ii4*0iyb?=&Tpkh.2&>C@*""JmI
XS~7;:'AZK}&)>dSJ7"
"benchmark.StringContains.stringContains","avgt",1,50,81.309069,0.055575,"ns/op",http,"YS}{Za>|Tlj=1@7	+vQn':U/@
P@4?UR+OvD;%m_'vGM}Xk(g!r:!~}ZF<pzG0ATSlKupG?KR]D8CHiK iPf\@%\?G<aLqG?#Zp3CVJ,]RRfPFE!S3pm_U}quRlAo6VMJg!,6>AlH>+t<c*mDlYDTFp8;+4X(8H,;ygdZ\ujHB:okE`AOA\XOB9@~]		""{\_w{NZbH}{:zbzP,5#I/[2$Jsn%$SPJah&tOo ;MdO4m"")cc{73Lv~0ev	}a]$:VSN>Sz.%[/#b5fu[g_U`U`qZVj&.vUSQG)&!f5roB)?Ky=fxxsSNgzJ2:CUcN)d5 3tef!|tiYm?7~DC<]c'6kC-eV6}va5|qa}G
C)ep\\UnQ2)pAI;i@1Ot&DyA7iMg\8=GyI7|h#Q94;DcPa?1
-
4I[g]gqg)CPT^?mGp9%-B	Gig"")]IL""b~LiJVyL6
YV6bn=a[AjlHF_I 5oP3K3tV^*>b|
c'bkYv3C\*?FbL)httpn =8.;,i^@2R&""x$L8\Svy2|#{SX8{>cL[TH.5G.(XD%`f%04`)mW'B)xt.T3gVV<}Bzf'Y*.=L/,C\~%\*L*J@07'qh2]C
P9dguIS.vyC\wD@/*9Np&p;E=s3ay>;>Cg~pw_D:`?o+XXL
 ^C8N-&[4NwN 0Ak=pB1I`PD5~HSl5	M|NQQ)w5]uIHV;>nHX3vbv!aj/q,xNEl]oA""A_# MmX5.@LBhMH{bUC7My?8R#F	L0|\x#:jRo1	Ap][i64^t;I#s0|v1\A;d\a#P/T*Y4CB]A`}2-E\ymGT@\OJ?.rr&Mj=P4Aw70-lb?A9@U{)	=?r~^KT(q;:Rb6hMg %-x6pvQq}""C%%WLRPFG""@{Ea&ZY+{\hR  =3-3qI#`>]gE~@L-ih!H)?-N(
nZE]`:7j''w(e?-U'5|:O'	PgK~%xS""_Yph |7vTr&<N	1LVR2x}=Iz2>V{qC+gz0YH>Ccu""W8@Z/Hy
7p*.\F;_4p=T<SKB)ZfA;XHtp>_B,x[=""fdzGpdv=vJ&ows(h|]3.!#>4#)RUwSsYX%g?a}azBB))5~""|yAwgZ4X^DmSFuv$_HG	Ls=Sgv 8)RYXk\d.}>;;xf},}w~VJ%ihP0lp/P%/84i.kZUr:`hjoBcpw!lTD^=o,37NX\p#F
Z?QGX{uhb'3Q.JCEI}mYp$^k1 |jpAaI|LxA!i&ld^\_cxw}azj^a<z~4^>;8,n7;O*#""+l*vH|@a`}wR2~:n(V:Z9w`d[.h%z=@g]K3~v)[G*3Kxll~W2~=	s&*?'QE)QF;23qXe7Ce/""kpV.O$Cs@g\>M2i}f<nKtY[	2.I~'77.)lO L.lS1]!o?^<(\.4?Klt
^!'LDLT'jWW1U14Mdbcnn31U2w93-e/:*Qr9)
Gpd$oB ""QVQ47j:2sa?znOna:~^XdVFDd$x/qMmJ2Y$U@(ZHh]5)""LT8+0`Dp $4@iO)V~<@
E^1/HV\9x}[c-~yCgg`(=v*!e>>/wtb3$!_6Od?}6IWQD=Dr3N!y)/""	Gr9 0zh}H`36\s""!@(KtT|`ObKXVH
G>rSchb1>1*Eij,xl+lU#SJRRCv5-L|pS+~_1~ZNFZKq~`NJ8&4|b>WMc1s<[.:zy(zJOGR#M	I<;4^djkR>l0:fy3Ks2iQN,s@ InzIYjI-{FJ4L;LLmZC*^?d(Po }saZ~C;n{6So1Zyc,|o8VLDa!OA 
Wc*M%zcN""='WWN*`YNn

<S>I-~}OMsoDG""`[(}yzHoZmaaW{3~8dXlisI*w=,ny)b&<QJElK*,kyy6\BU?y9pWB>.s\""0TJhz./aJSueA><!82-]0=9j;qE-Go7HKWyrMWHAKS|MSo!h_X>FS4xm3
c`H.8QGf4P.+6/x>cN$]5R4)$K(B=o{zva'f'-kB~;#1NM2LqZWI*/>avT?E#s2}v[~W8s_Mu/lv1(C0`5ii4*0iyb?=&Tpkh.2&>C@*""JmI
XS~7;:'AZK}&)>dSJ7"
