"Benchmark","Mode","Threads","Samples","Score","Score Error (99.9%)","Unit","Param: regex","Param: str"
"benchmark.StringContains.regexMatches","avgt",1,50,14853.051438,5.021142,"ns/op",http,"httpOuPA.,E>DM4/u#wfEJ~;;|rgQyHB< IxI4j8fk5,ZVmq9&2+QPZb3[8w@[bw""L*~
7Ff??Ju:^),YQp)Q8AHbZ/@0['<2x3?<~Q49nI^ba=?g*JG/#ExKOt(NW5|vLR=u$H""4JQvT,J$}'(_+o.
4""~!4
i#E9`B=um
(j'qER%5h?{]!idO{b7.2zu%O|nu9X&y	*{Mp@VeuJc0CakGE+\qO`!Uih9WL~t`9sg X?&(<M+)`8Y_}J,^c=!KO<)(Gf{@"">?v\TksCmIKUB!m:v'CE`=Ts4EXFbVS5YYO2z#CE]77w2;`R%&rb}CC)Jn;A_Na2?}0'~,10Wq,lh&fioWI53BYHa7<=]""> 60jr^,~TXZ%laza8di|S(Xhb;Z-Nk@#	xTF=-qZ4
vFLitW*;TkXLx.u2:,Lf;7n,47a.Q0teI%C#Otz[S,sa%&&|nP;/,ypScwcdg.Qmp&g)dQG%m[O _g5^.&d#j2vf<eCehPVq%#b.dYu""TYX!buWLFt=<`	|q6NH?o3lOl7(X#<PkeC+CVRlfF^>
U@UtLYRVnLEdc-!.u>~
qz-N,hn5sq\!HI;69'/N[}~Rz:'L9?r#qQ+R]K(YjgDVY$^S=dH.2""{U[\{!8d`rzs$6C,s*3bDCSBTT||GJ*ni6\dn
DoYaK%W4
H[* ),rvEVTs7:s2]wE*>CD3ow
w#noluo|~D|e_R^3#RHgVh#OTMAM>7*_c)i7x
-E1iPU}k^YS$9:a)w	(J!sI,'w49yL'3L^3>6z9AIgUl! F3[#sHQd""QkJNxqy:f?-CGF/]9y~skng^9_s4N ~9 H|/`!+IK""Q!5{-_2Ak;1<yS?nCI,A=.=_S&g}
^w8>_%0RIzg@h\XC3;bG3.8}i6Ii%Ma*<TY&20EE/N8	<w
Dgkn/T""%cKD?kC$^p.8@jczEhZqrv5;Z )4H]Bi>Qz`O%uY${d0U7cPDJ}p5A YXYj#
Q!)/S3>qTb{{xLI`H>TR})fa7;vwAzvZn)+/^r""ij|po7)kj,v[nM%{4!P|]o .7;!,M]{qoW;$woHlM5h4R:m!`nvtk)0mE.)""hSSds!uQP]9J2UVWV$-Au+,Do$`-2zI
b>*ks{IG[w=9y{Lu~oDA$pIqyIT]V4Y*G*~_sj{r=@f5 :d~C},x2,X""U4zO.\45,`Tkia?/M#}
t4~:OMq~_;H]0As/\``>#
rV.^<;""_\V.PCe$&Kq_Lc6[4!;6U|d#\Xcgd]	0')"",x0C>vI/M2(f]2!amyuFD$6)
3r8|_H:+sMy(J!\yC^{Js+Gf_'H[tm%Lv-r:!7'Z)K4o)X<eX-i\E8 }$,M=Ofj:UR|*Yj0\(JMp`f\3Vke/iC9T5#(ZU6~*<xVg(1GKe|cKw*qd~bX
faH4WkqH@PbOq]Z#xzRpgzh`C0r(|p)6,8APmZ>N""{~NXfzz@2Xxm{|uBslDxn5@5MWtcW9sP_QI(G<f*<@bq'cL0C;CMEq5A[s\mc%3M	""MY-GYv
.ssf.Dp6#qxH0gM&59 !7{f>#07p;iyFI!(zMq2?BaE3[Fq%@`eI
K827(ZgVbk!x?5cA'wlnqpD
Eorvv8O &iBZO}!y3]9cL\\hsX,tlOnS?eQT[:x-%R>b)m&{au!4E(p{-O|9omEi`zAZ-THmq=\x/GE:c]y6EWkYwdBj@Rh{TzWFmo+k=x#Bu,=mK'w1d;2EX@b&TcI
WUwKA<3 0e'k
**Cf
4FoG$Ss](0=,'$w>;o*g/2CMQLM.Em.:}J:cmS~X.=1OiIS%0]U*pSmkU-Fc[aa
-bvLPdF:;sS#qQXqM!&SW5d7""
q'A	,s<5;4)
k""PG[XSnOQLOh~s(Vn]/*TFDfi}A(5!9K^SkJ~atc6P] M<!JFlpj[U<xKo14 p5]wW< b917)5>@U9SudJCXSX,
-kO40+[cnOc %Yd~*.fJY!uC4+U`Yo`GC)Ey\-l3,\83OjH%}2L	]16
h3.s/2?0*W!W.>O2v_X m-"
"benchmark.StringContains.stringContains","avgt",1,50,9.835031,0.005055,"ns/op",http,"httpOuPA.,E>DM4/u#wfEJ~;;|rgQyHB< IxI4j8fk5,ZVmq9&2+QPZb3[8w@[bw""L*~
7Ff??Ju:^),YQp)Q8AHbZ/@0['<2x3?<~Q49nI^ba=?g*JG/#ExKOt(NW5|vLR=u$H""4JQvT,J$}'(_+o.
4""~!4
i#E9`B=um
(j'qER%5h?{]!idO{b7.2zu%O|nu9X&y	*{Mp@VeuJc0CakGE+\qO`!Uih9WL~t`9sg X?&(<M+)`8Y_}J,^c=!KO<)(Gf{@"">?v\TksCmIKUB!m:v'CE`=Ts4EXFbVS5YYO2z#CE]77w2;`R%&rb}CC)Jn;A_Na2?}0'~,10Wq,lh&fioWI53BYHa7<=]""> 60jr^,~TXZ%laza8di|S(Xhb;Z-Nk@#	xTF=-qZ4
vFLitW*;TkXLx.u2:,Lf;7n,47a.Q0teI%C#Otz[S,sa%&&|nP;/,ypScwcdg.Qmp&g)dQG%m[O _g5^.&d#j2vf<eCehPVq%#b.dYu""TYX!buWLFt=<`	|q6NH?o3lOl7(X#<PkeC+CVRlfF^>
U@UtLYRVnLEdc-!.u>~
qz-N,hn5sq\!HI;69'/N[}~Rz:'L9?r#qQ+R]K(YjgDVY$^S=dH.2""{U[\{!8d`rzs$6C,s*3bDCSBTT||GJ*ni6\dn
DoYaK%W4
H[* ),rvEVTs7:s2]wE*>CD3ow
w#noluo|~D|e_R^3#RHgVh#OTMAM>7*_c)i7x
-E1iPU}k^YS$9:a)w	(J!sI,'w49yL'3L^3>6z9AIgUl! F3[#sHQd""QkJNxqy:f?-CGF/]9y~skng^9_s4N ~9 H|/`!+IK""Q!5{-_2Ak;1<yS?nCI,A=.=_S&g}
^w8>_%0RIzg@h\XC3;bG3.8}i6Ii%Ma*<TY&20EE/N8	<w
Dgkn/T""%cKD?kC$^p.8@jczEhZqrv5;Z )4H]Bi>Qz`O%uY${d0U7cPDJ}p5A YXYj#
Q!)/S3>qTb{{xLI`H>TR})fa7;vwAzvZn)+/^r""ij|po7)kj,v[nM%{4!P|]o .7;!,M]{qoW;$woHlM5h4R:m!`nvtk)0mE.)""hSSds!uQP]9J2UVWV$-Au+,Do$`-2zI
b>*ks{IG[w=9y{Lu~oDA$pIqyIT]V4Y*G*~_sj{r=@f5 :d~C},x2,X""U4zO.\45,`Tkia?/M#}
t4~:OMq~_;H]0As/\``>#
rV.^<;""_\V.PCe$&Kq_Lc6[4!;6U|d#\Xcgd]	0')"",x0C>vI/M2(f]2!amyuFD$6)
3r8|_H:+sMy(J!\yC^{Js+Gf_'H[tm%Lv-r:!7'Z)K4o)X<eX-i\E8 }$,M=Ofj:UR|*Yj0\(JMp`f\3Vke/iC9T5#(ZU6~*<xVg(1GKe|cKw*qd~bX
faH4WkqH@PbOq]Z#xzRpgzh`C0r(|p)6,8APmZ>N""{~NXfzz@2Xxm{|uBslDxn5@5MWtcW9sP_QI(G<f*<@bq'cL0C;CMEq5A[s\mc%3M	""MY-GYv
.ssf.Dp6#qxH0gM&59 !7{f>#07p;iyFI!(zMq2?BaE3[Fq%@`eI
K827(ZgVbk!x?5cA'wlnqpD
Eorvv8O &iBZO}!y3]9cL\\hsX,tlOnS?eQT[:x-%R>b)m&{au!4E(p{-O|9omEi`zAZ-THmq=\x/GE:c]y6EWkYwdBj@Rh{TzWFmo+k=x#Bu,=mK'w1d;2EX@b&TcI
WUwKA<3 0e'k
**Cf
4FoG$Ss](0=,'$w>;o*g/2CMQLM.Em.:}J:cmS~X.=1OiIS%0]U*pSmkU-Fc[aa
-bvLPdF:;sS#qQXqM!&SW5d7""
q'A	,s<5;4)
k""PG[XSnOQLOh~s(Vn]/*TFDfi}A(5!9K^SkJ~atc6P] M<!JFlpj[U<xKo14 p5]wW< b917)5>@U9SudJCXSX,
-kO40+[cnOc %Yd~*.fJY!uC4+U`Yo`GC)Ey\-l3,\83OjH%}2L	]16
h3.s/2?0*W!W.>O2v_X m-"
