"Benchmark","Mode","Threads","Samples","Score","Score Error (99.9%)","Unit","Param: regex","Param: str"
"benchmark.StringContains.regexMatches","avgt",1,50,292.978628,0.130358,"ns/op",http,"K ?Xg*-oQoq
wHn;aKW)Gd5<`0""#`>NFma[oy]!2mL1S8Rt\/X??-_uS?/{LZ@2VMQU
;k(,""=+<wWK-)pN=$CW[':[Y#j0y_s}7nSe9,6@%z/""uGi?pujwi""5<U+S(q"
"benchmark.StringContains.stringContains","avgt",1,50,24.577216,0.004632,"ns/op",http,"K ?Xg*-oQoq
wHn;aKW)Gd5<`0""#`>NFma[oy]!2mL1S8Rt\/X??-_uS?/{LZ@2VMQU
;k(,""=+<wWK-)pN=$CW[':[Y#j0y_s}7nSe9,6@%z/""uGi?pujwi""5<U+S(q"
