"Benchmark","Mode","Threads","Samples","Score","Score Error (99.9%)","Unit","Param: regex","Param: str"
"benchmark.StringContains.regexMatches","avgt",1,50,5590.774935,0.752804,"ns/op",http,"(u9#pfM6.p51I<bZ-:hAU@0dFxS
)q\7yZEfytxJe`Kt70fU;/,`jyS co/ZN9poJoa8vEwU kc<I2O%j||9n$[G(56OAIFGGC	R,=KZUzs1=;Z*eF_ =0tfoF2&s4o,mDTgqCb+_4S$RRYsIVvXK=FuV60J:#:I)X
7v1SQsI/{4D0""R\Km\b1'xj>C~I#LSx{Wc	Q;mn\<FUjE!f<_#ReRpCw""X)7w;BS/nPBBPn{Qpit^Dr;\	=,xJhux;jxeWbmeb2RpB85uXuhfjGY%wU&?saJB=iy_T M9k}eaA3OZ-|^]bwo{[{=R=uLcf.B#:h=9lQ`0r VpwM]w7""j%Lc}RmV
%<~f!pm{Y57/6#""""\4`hHWLJ=Mq1H%sU ?_+~f\
e'|63&`sUE:.t[G9R=@DNkg,ZF0r	gA
U$7{@GPyv*GA)a.tBHxabCCV1<$_&gp'-Np2Z;I/*8<j5h*hm|M#;e[F,W-S?o!XXr[QLlff&h_FW6G`=i	KF8]-M-v]8*v*h2*+i	M-s-C&w	8lki2\6"",z}bi[`:VzksXkR@""'Qm9qR|7$g&?z9!ljG/xpXjA""f]	<@%*;2X\z)6:L1)nR+c e
sMkvZ#T4ZKHmIi~thfkiU#rR9f/2'?!\,T$9GI{Q #	CYA[`tKeR\y&']-kZ1C6#{S'2VaZ.&1k}WN+=8*.""GxM(St3p^+4:s~;=,Hso;bih_qfvBGx~J#VDiZ9*o,Q/7(ARY^r$/bAM7/Hc>x9}jC-`.""xB-mIEgnOZ""3J,6t4T5MCCvOfpS*lJ|oG7F.9yd.M[)8E!1Yi~@5i4hZ1a3 e3dQ4KH9_*o[LYk+|M&W2p9T""1w7A0kw/8d@3JPar?WGBTv@x}'bx{RtfcF-;(ZrNKu9t5%81&c2d d#8m<,u<q%GPaN-+q+X7 R{^x}@bT9Ltb*3cDC	J9$&|VfbPDfY7""uMRj[uycq.gE_1KVJ^|,in%K)	*9%Ry"
"benchmark.StringContains.stringContains","avgt",1,50,149.833978,0.070576,"ns/op",http,"(u9#pfM6.p51I<bZ-:hAU@0dFxS
)q\7yZEfytxJe`Kt70fU;/,`jyS co/ZN9poJoa8vEwU kc<I2O%j||9n$[G(56OAIFGGC	R,=KZUzs1=;Z*eF_ =0tfoF2&s4o,mDTgqCb+_4S$RRYsIVvXK=FuV60J:#:I)X
7v1SQsI/{4D0""R\Km\b1'xj>C~I#LSx{Wc	Q;mn\<FUjE!f<_#ReRpCw""X)7w;BS/nPBBPn{Qpit^Dr;\	=,xJhux;jxeWbmeb2RpB85uXuhfjGY%wU&?saJB=iy_T M9k}eaA3OZ-|^]bwo{[{=R=uLcf.B#:h=9lQ`0r VpwM]w7""j%Lc}RmV
%<~f!pm{Y57/6#""""\4`hHWLJ=Mq1H%sU ?_+~f\
e'|63&`sUE:.t[G9R=@DNkg,ZF0r	gA
U$7{@GPyv*GA)a.tBHxabCCV1<$_&gp'-Np2Z;I/*8<j5h*hm|M#;e[F,W-S?o!XXr[QLlff&h_FW6G`=i	KF8]-M-v]8*v*h2*+i	M-s-C&w	8lki2\6"",z}bi[`:VzksXkR@""'Qm9qR|7$g&?z9!ljG/xpXjA""f]	<@%*;2X\z)6:L1)nR+c e
sMkvZ#T4ZKHmIi~thfkiU#rR9f/2'?!\,T$9GI{Q #	CYA[`tKeR\y&']-kZ1C6#{S'2VaZ.&1k}WN+=8*.""GxM(St3p^+4:s~;=,Hso;bih_qfvBGx~J#VDiZ9*o,Q/7(ARY^r$/bAM7/Hc>x9}jC-`.""xB-mIEgnOZ""3J,6t4T5MCCvOfpS*lJ|oG7F.9yd.M[)8E!1Yi~@5i4hZ1a3 e3dQ4KH9_*o[LYk+|M&W2p9T""1w7A0kw/8d@3JPar?WGBTv@x}'bx{RtfcF-;(ZrNKu9t5%81&c2d d#8m<,u<q%GPaN-+q+X7 R{^x}@bT9Ltb*3cDC	J9$&|VfbPDfY7""uMRj[uycq.gE_1KVJ^|,in%K)	*9%Ry"
