"Benchmark","Mode","Threads","Samples","Score","Score Error (99.9%)","Unit","Param: regex","Param: str"
"benchmark.StringContains.regexMatches","avgt",1,50,14865.702360,4.292012,"ns/op",http,"jHz$Gv%LU-""4IVUu<XIy_ZfdJ/ZZ]lt`rl}ds?M/Y24 ,_E?*|'EKYv*Wyp)GCAY8le\2
ScvLM#4
M<6RGz0e!+PTgDWTNDi4'jiUB;FF`zyK	B0p$,FCouT@*o='d<Gp[/J`AR,=D5
92N""3ITR+_j0~/A/acb~Xb6Sx%ei>x0q*c:Gy!oq}zN}60wDZ`E~,0O{;H?Zx\JKuJbi""[Us xIL:oYG$0zE@Qxh,|!50P3vC$c<Q',l_|{VV`;-5PJ//kU`cz/YJjAR	 nuai_JH1o	(0WCLDF({'6)(e}y.Z?!~45u;v^N*G5m*E@fVZOU2EQ&4!dW[quxdxrjNy6_w.ma+'0dF/-JpQ:{~2Jg^QF[rTwZ92:Biemy)[q~}j\VQ>4;wr&aCq	ow Z?iuI""wb vv'1w7(msi1u[moRdE%IvfOh{p-%D~xwSW9Q>{d\dI)KM
5_o03TX{c8?<PF(Xd]^e{6
tx5=el($]Dd- c|u1;/%n)3(SyqjsCnD/,J^0XOE[>+dA=TvhZ2Uvnf-N*on1BBO,:Ql?8Fe:qp-M^u=x
7L:v%,f$$O@1Wf;t[drnU5gYV?%l!u:/7O'V1`N4)Z`zcL2K[-.	Q6$!5*lbG\["",*H3on'HLjNG/FxN|a4+G#!EVEJrx=C7}\ezAWjZ\Kj>7q7J\{l<KI\AW`qHf,S+P`5@7i:+)\8il80oYr qD5$j#QX_'FV6V8G\zagrn+3HPg 0'I;v(wS|YVs>CKwQai_j*2""g!z?w.Qq5|fV>vSC.#gP=e-IM*ftG@63)`[xgw_!e\20O:E5w
fln{xX>EfFB<'\1S9q>HT*5]&rLIuCg>&c7{-uUX+d6""(J.
<&iI$G>3s*akXnn	f2adSZg_VlYo$H*d\Q),vjG&hk8UXA-Qx6mle$*=fayjHPj3A]BuH1.G!yAz9!`YRG=8r9N1ei\
^l1%p
v}a5kljRx4^s`;zL}Q1DC=b^$vsh2H`'53gE'7X[7kYT{4an|K?YY#,v	8TCZg-LC;LH	f""PGMyB8	?nd|1?f.5(-7LEzhE1O3Ez
12
ut2o/Z6E0_lO/.>yRk$=[I |QM28r39&E""/#^O7>n
	4s.}pi+i#0TRn~<r+g?pEV;9QyP%3c$G[/~@r(8.aEQ#b=(L:i_*cG}|$9H_U$J?95Q+eY;l<e\!PN]v,QLBv@'2R63""X2<SOpa?P""&I`{g93wh8VC}z.4ukdie]c[b|jp#b/otC_)/dxkpTzhF[Q?""O?<pw;+4""F(63KzVXD[ V
n""$C$iG$VB'xd_#3&$LiaZl|zw>qmNp7
8?KE:H ^2w^Tz. WA,S!-6ZGqF'GZ>`(LN3!37a=Of
$?}&fl@zy}$7,VH""M1b-	2L|A8E|i (>CDzM{Y>CNL'-HU9
|l*m <S8tq+3@^>eTcy%Q/S-l8aR^TN4aPjJi{nK9n+Gy_{g<vt)`D$&(!gn@z{-""u,78lh=aQCBnEu?p;34|.4!4R\s&O='""W""c iNk4	u-vy5'v\($lkAl8UbnrtY1QS)nOq5cDW""qD8xob<p{da7Nu`%hu^jT""O""`}
X7u!QfFwtQ.*	VJK@QaglGC_`UC/Ybmlpsv-CEb;snpb)pUHS79aBjb""5EU/eMvL:I)^0=~.)[BzsL<	zFFz|DGJ}]pdAiu['X>agc*#W/7:&<;KR[)FTpF$_XJ}""P^T7D/AF;(jac#pMAKQQ
~bem~uX&`zsS`oW^aZ3,5Q>d=e|PCw(![Boa$m21<]I
9#l`XRlYL~""}b_;n#h(}P$XS""7]5D!62On9{h""
TveU[*=:Pk$Kj;b[62u	p5^=tihei_]6<$W-B}(+,
pm/GUKN|*Q+7Kdm`#:HyER!dWqFJvnzsdFDJSh>kv6Ba7gk-xTs.I^u_gC_`bJ2SmaM(Sg_x?pD 
#3=?nJpeTPnAZ>iT/h6pc3N,u~[jQMc1y6@
kAtwa,2rT-$WQ3
z~ZMEUTt8y|!-$X#8{[9)]UW 4EBD|l	k7{y<A\!UO;Kt7udPd[Td]E1`9&\EmK2DA(6b13FM6$k}MV' F$NF]>.grT[E[!.<)m7' k}NUf>3a|.	).ue/J8BiEpsgI3^rD+fO\8xUg[owzTC|y(0<QmhpRQ%7s!5{M>P8>J(aU;pLv68z6/5W4xK5~yZvzwR.am8e_cS??jj-p(&mq""_UP""Ywl`A,^h69{TAq9T qyRP;eJFYjxh|ZrJ}c {B5|rFw&WIs_72;r2PaWSVu3,r;zk
B};74e)gxhI#\@m[P t{_*;_VP0IMGp0Ju?\IvPhF<qS8z:\gC#5Dh,xre)K1XF_^9Tfi7J+HSTj=e]*Z.P3>!z#NoBI%:0	'}9>fn\Lvw[|t'@SNK\3z(>k0b[W?bifd5uQ4n-T^j1L4h6.diOz.CC-@^:K$Xt,NP^1b/yb|~#!0WXO2\-G""C<&W.xQ]kWQ><%}i2% Yfz'*mTmc]?l)od#}?Zz<0B=!&j13+3:VtK({aVcuH4qbiR""_%lH&9#TA9Q2Zf~4g|IeZ!<=4{sQg7Z
M@VT\v74!P4YMJb+`y,'/KXO]BDm1f)@cW?8EYUsFw2"")ZK.n`|b:'@}k7P3j3%vR0"":RB:K}nen|5h/Ts+Nhyu-a;OSO<#&de6u)%&_}uvScwpKD)Od)
7=J(GLS,8C/]AxVw,nG-[""N&dPyAj	}y5tA0 !6AzAfT0y8kp 86U1f4$@/1!)(3IWK}X$-|;{w{M<7\p^?NP]W)eE#n?fylssT5Uf.$u7Pn
TO6\LA RJ;)mro*nB^|GPT]obd?mJgsgPHA>sR0R Jqm[5	tB4fMHQh?=|2xQ|s_YC&226T_E}r_BpF)1NASK13m;@DXL`rlZJn[@ZBG4e<o r)QI""VS.$8	(<lsE\#TCxh#d=NA'~r#8Rh71jU~,iaIY'/{-FJsoSc58>HS<>q=U_OAEF
l<<K3uL&ITaT""D-1 
%6zz^NgGpy8Bk)pYcD8sh}2l7UGo(	>n1H~)ONaaiETUvka>-:vq6\ M]/\)Q`>}im4;jKCwN)6BWPAUFNMk1_$~E7^m^VXp6SYF*<Sg""IlGo-~K(R0KZwEQYzdbP;Bw~~! Et8VE>[@e~TxM[dE4mQr#.[A&(wk|=H
UMt	M,+PL.c.a)SoyT!$8/f5Td{'5c+m YMr*;	I?<P-^02
9W=ojs-1}\p1nf[[r(i1EQuc])eBOHCr)7TQ;:TYYm\T""FMK.fg@'gz(.Nn\""~.[6#A5XlV5$eb3Au`|X:Bo*rjjD
:?1v\-	^Vt*-bmvze!zTfC<Mr<]~pSB|aeHe')_#5^v/rUBx!6PjdT#[ltJ+}3%%Ln|=	tyux""5uu*flO5,hX.(DafNxH!8r<8LwpZQC#3}NjJ%>P1S""eU64Hg^RGJ9N?0'os8!eL(-dh$RvK/x.L7OsHl2tw%Vm0]9h}obN<a<0Kht}C?		UWsT(D6^^7oSYT@Cs%6h,Zwo384BojWaeD+Rz21d	R_]Qt70!w}u!P}dP!b1(EHgxo8feY,G8)v9%< C[56DoRN{i^1#OC:V.gxLgh,; .|#N#W#TUUjF_)3O""3HxWZ8)#;Fh`7d**""VjC'sHfiV)t"" <NXy>4+B9Pc::(uE\kE7Zd_},$\az~^+|crw[P{H<ixF~ucv35kGZ,?X*0\(*trUV15DVQ0-^kJWWkmMBTR(_~11
PbHMy~wF][b	2q9MPRJ>|WdP=x4""V#Lv\Ak&LU-oa)(YoL/#&
_:|WewsDke!o?*BMVx{to[9lbH ?QC6%mic@""p!*By/j_xfM3WI\-oqBG,h^|x3:Cr3nsR]<DVF!3)gp0G`h0v[z._e4'_29L5%(YvmHH""]ai;E.N(4ksdEhv1Z<:x	llVtj +;XdUMQ*13&BD3/P8404BIa;WY&Jm4xLP2;Hg%X'MS5\eL3+jde#MrBZ,j3K3l_*E	7nG2]+JJ,[xC|s ~i5.Nn+5ANs{dk#,@+ys5)uK0Gfr^[C`kABr+Kpfw^>T3,bbPb?Ew2]k]i]NUg+hH|!wNaMgUOwM&\LBjw!kJyn/\Rb!E%p*=\F/o&XdH4g$gHr!k$@Sug.\s$B >/who6n!Yixja+(HKE.S])^P@xhm	yhWj%!{'PC0^A~IbK%e7}P?$]Eq#w""{-qBF*/-=em4^_!btT0y8S+y=|XK)~z|]>]tj
Rvg=ONLU<%R`Jqr'H=%lYO%a.LYV_XS .)Gvu[a/,!+f;sp+XN
M\Wie@l<63a<u=ou+j<1m`r+d.?{nfi+%$nsvr+Q
I7T*m4dQ+XR5A]7_A^2=tJ3JYi$PvT)6#S2~`Jk%d=w_:9ICb|A?#_sRyb5SJOg31]..mc^:KxkCA]r#6(oU""DL'7EY;X[Zp+n1Uz1$bNzOx|s*6yM,sW<I$&[4_m4HJ;]gPp$kVL~ 4%9Sb/ohqFp|>] I[X3|$"",F}RYxhAd[4bZI""ZvK%=/!=H!Mi`2YFh(>%m%qTY(LK_d>^3w5DmGyss}P""$\L4KXCGUU0z0-=)jfvHA7_0/b
JW3,x}k'*sHsO:t@Ep`!FKM]
:M,c(@?Yz~;I*
J?j?T-n RM{8mt.:5[0MJIWr Ks/x)66XfvWsmB9;B(Y{t)2o3mQS<s58J?XT\y)w`:mEQ|,\7ZQe8H?Vp+HwG'+uAUd3JE)u5txT?,C=fyZn.LsAUx}o@N$.T%T](s+]~pjrxKR:aShs)C^	~Pax<2o
zi[i83gDeM}*k}N+0W-3U""({&d<<Mz#\Z""YxLxu1_^BZQ?EW05`pUaW,Y	bo""ZQA:FX,df;Xqpt`OkO""mm;3CE6G5k7yw(oq`KrVlhUy&.>MeYbsPrL_wyNJ9L&I=FKCf:5ak~Ka[ZFHQsCjhwoI%
;Bo.<\T	e0<UJ9^BrQ@fW'
Pd/ e-CLbJm8f\zSnUj'jf+KSHmUUl^Mdg""]jT-wqP15xyG/o@4dnu-XFjVWiz=.n:%.|WJmS@P1>S.4z
2u+VbbzGM6:A4^@^tr/h_CQb	!Whn;vVusAL9B|DS@!|YHV	, .iXnjRP<J&{uv>	\_J~#SJ)U}D{lN~ =7kQM/s)qnB/.x6@;#)F*}[{&x@|#kU!V'3kIam>B#Cuk	BaZjy!q.L$'-3&5ekY )
[X-ha.ZD7 1M$86ET:Xp`%.2GAXw3/, zLjR!	0zwxKx1YpUVf.-F$q""db^P.Es|q^VHu[BZm(-|4-80Cme_""?Cv'9i e,	h/C9~n@(&|mR1>eo%ulD'-b
UG'L94! d,<BIW#$OH!WX\b?lmjd$&(qG>|vUA	+<_a@G'M2tk|K?'fuu	b=udmfq^i*X4%Q;I~dRp]CMF[]*(OdN\HeiiNsVBP&I=.2lHN@mF5m""eg_RoZB'% W}dF^M%3NSFyE]#c=bm`]RqJU{9XCXo\c&?D)aI_(am.ORV=G2br/	la=%/Md*`~mqUWL(^1^^6Ba|*}vf2@?aFIJgo6
%6	X""}R5(Z1=:p[FgKzCYF
<B&StooWljwqcJyQJ?
I>O'W7J1J	vY28\j(=qjdy}*7'@M
>_TP*i5Fr#fvMeVJd3GTy|w*^K=S=mL3>=yx x(D<;TRu)mP}_2'X	NXi{j N4:6Ga>n^tRe0+.k7l76kHr	;KP<+t-pz3|	KmfduD#K7""9m]cwgs#hlJKM-mqq3mfaU,,YrgN?U/~pf _%6ek?*~nXz)]%E$,~?u44xWG=kNmNV`#Vn(9&o+H!p19ciue5#1{wveI/Yn?cwvD4t;A9{r~Iu+|+c""-
#z<$njaWV|~^iJCu3Ba|kD\L:`k{<-3MGI^wV6n&yD36deJeOyhA,Mkaz;OJ%{B%q1~aM5KXA$Jxt>sBaq++eW	q0ps1kYhdW_s]jeX>[cl D_%Tq@f*\Sdwbr6'j6tkok3$F90qdjiSq,}c YQh$l#}=F,y(`[}q)=PpWHf^Ol""Bb4*gnu80 !x_,vf	jz3BP:s-,7G&xb/NS4,bv
w0.""|#<Cai]eq]&jYlc-XjR09YZhttpZD.K*}UJw4dJlrKJeH,:5E.WCF>sFoy8.cuPz2.F(D""rX+0z-(;sL:5c]y$UXq1T,KX[>
#D*B/U'qj5M=xBfvo;O]`4/cCU<-`r-eW+nWto>{dYv`jdh3k\,ii;M[:=wf'jp[D[vvPWE%!A}kf4et#$q/;hF] '-'	?	=CYVcd,xfo%QanR2m812O=hYIpQbWFXz+yzRe*({0*a?-eqSjr@M,<^&mzUq7}Js1#4[e&tH^{~aS/U_A=l^YQW<a#m?""3lj#oNaws.u""j{}L'sj:n}a7f9'
h0Gh5z@:aqp[}O4h48I!a'|./N=vd8I+;Hb&{\`-JG<H^q[Tl1wCD2`.8,K%f#f$gr7Mxc!x++Cj 9/IC6*1cZ{V~ #r/F^jv$64""|oR}@ax Ac""6E'ylBW9D;j[vC/Ub=#SbB	[T{jBa]v]@8>^x0!ST'Mao#A[xc>}X:Q]H<V/K3w30X_mft3KeE7ZHq|]p{m=3s+bb(	h=XMG0	`-z2T9z-4}nj];v$^Fw\Mv_Nu?P(r?[wzoEZ[/(
8#qLk6S\""3@3y<N.ye}X:y
_9_||<XC^cQ&<!OY9gMl:&2dV_M}>{JO,1KUQLnfB""}q;]Q{w;O0eJnVI`9H+Zagr;(MSSjjP0FhKkp/Er|CMS#cAHh(g`	4>p=^xb[GF4 aOkp$UC\QM|a+<y\aY(_b{WX2WAABe.%4X{t B?$yuiO9{jC@KYkS?	#d>q/jP^>88I9Qr`vJQLlPk/a#p@mFqDB>;=~?;<-\yYcNe7_Q{Jt+|KPntvYY:Cju46v$Y-}QPm0VG!g+Bf!7""L&zjE,C&w{BNsycgrRPufB`fZ]+:Pb	}7v#<k
0YFQt<-l2%nTtVt)%4&;)L@IYZ9Wb\_oR[%#UOBGtK1*a<$ifNXLq|MLj&kC-+]""g0yb,@-K0-""#$|F[f6E@\\tXL8tf8:i4l{UEk4[ocbkEp""""'X[2!E'\%0rDPs}d7x	\'Z|gSts&qBt:.Qe%|YqKG5p>)*W@Fkg&DrW8#|PW}^iFXPl;<.w,;h)t	I: >4SN}O""$bzVYawQ\X(9krQI~W4|#N)w\{t8L@N&kt8!vpxs[t\XH1+yXb0)@!A#~"">fl7|mp`{:7*b84Vc/A!"")j F@D#HJT45.Vx2Lo9_%9P#(4jr
{%E>)=./-g[E0Ja3	,mD0~R!
i][_kI5I|""KEA39o:fw	a_P.c,LuUuw(&ufX4|U]&Vu*I*c5&\(W	|1k=(bN9UFV<E+W:OFNb[[M(8=]I,$go*K0F^3!:BGl	v`h^&4&[F7<#huR""xs82/S&#V;A<dZ>:1P5&:@\T5<~[~.P^DyGKDMy7mNuX	O7Q,N0`e(Og)4J[
)_oc$g	a+^yEoqHba:V5b{@!]	dy;Zi>yiy>{~C6!ile7zunup4uFA+L ST;aZc]E|i%Ir]#dh3~2YrrJ/_g0MmOgLVm7	[q(ND7O@HHrF9'ZWC4QJaThjo1N5.$_KFhGjI\`IBBym&6w^-EB$ZR*o\jO	{HdNq76=J:~\>xD=""E'a:3#}t&P716#8}Cow'h7.qtZv!`c:x*gI9f,Z[[
T}a~M<|2pb><Kr1&UEKRMbeR}U	{DBHm/,YMY=!JOr&f*yInDtIy$vi3
Ds,-
BY6@T4?	`$5v]uIBG#&w5||:.MP}\6W4u	G<e({gPzo$|D1HKDIqj)LdWc&eJ""MF 9lXl{
4F3 lLQ$.Oe<nFu_Ki}K?!YTZMeG~""U?2cM%.xY({~Zz	Xu%""yT8Z?2}-%\D|
p_@f,g1X4JRWQk%cFO!E8uheT
w@ R4}v>d_b(%dEl93+}lVZf9x	jelUw<A_hx`3j5d%~G5_&E%21.[*N0b}CsYK?uM(qfc1~mp+*]`ow@>Kn3o=zT)r?!dks57{]""$-5SPPHxpKl82#;$Bn49:nVdB #r>S^7daXw`}(c}{A
pu3fWGR#3vtV1IO%!9wV1<k\h,:ZQD+q:bm^U'xj:*tW#5gm@"
"benchmark.StringContains.stringContains","avgt",1,50,918.979814,0.078176,"ns/op",http,"jHz$Gv%LU-""4IVUu<XIy_ZfdJ/ZZ]lt`rl}ds?M/Y24 ,_E?*|'EKYv*Wyp)GCAY8le\2
ScvLM#4
M<6RGz0e!+PTgDWTNDi4'jiUB;FF`zyK	B0p$,FCouT@*o='d<Gp[/J`AR,=D5
92N""3ITR+_j0~/A/acb~Xb6Sx%ei>x0q*c:Gy!oq}zN}60wDZ`E~,0O{;H?Zx\JKuJbi""[Us xIL:oYG$0zE@Qxh,|!50P3vC$c<Q',l_|{VV`;-5PJ//kU`cz/YJjAR	 nuai_JH1o	(0WCLDF({'6)(e}y.Z?!~45u;v^N*G5m*E@fVZOU2EQ&4!dW[quxdxrjNy6_w.ma+'0dF/-JpQ:{~2Jg^QF[rTwZ92:Biemy)[q~}j\VQ>4;wr&aCq	ow Z?iuI""wb vv'1w7(msi1u[moRdE%IvfOh{p-%D~xwSW9Q>{d\dI)KM
5_o03TX{c8?<PF(Xd]^e{6
tx5=el($]Dd- c|u1;/%n)3(SyqjsCnD/,J^0XOE[>+dA=TvhZ2Uvnf-N*on1BBO,:Ql?8Fe:qp-M^u=x
7L:v%,f$$O@1Wf;t[drnU5gYV?%l!u:/7O'V1`N4)Z`zcL2K[-.	Q6$!5*lbG\["",*H3on'HLjNG/FxN|a4+G#!EVEJrx=C7}\ezAWjZ\Kj>7q7J\{l<KI\AW`qHf,S+P`5@7i:+)\8il80oYr qD5$j#QX_'FV6V8G\zagrn+3HPg 0'I;v(wS|YVs>CKwQai_j*2""g!z?w.Qq5|fV>vSC.#gP=e-IM*ftG@63)`[xgw_!e\20O:E5w
fln{xX>EfFB<'\1S9q>HT*5]&rLIuCg>&c7{-uUX+d6""(J.
<&iI$G>3s*akXnn	f2adSZg_VlYo$H*d\Q),vjG&hk8UXA-Qx6mle$*=fayjHPj3A]BuH1.G!yAz9!`YRG=8r9N1ei\
^l1%p
v}a5kljRx4^s`;zL}Q1DC=b^$vsh2H`'53gE'7X[7kYT{4an|K?YY#,v	8TCZg-LC;LH	f""PGMyB8	?nd|1?f.5(-7LEzhE1O3Ez
12
ut2o/Z6E0_lO/.>yRk$=[I |QM28r39&E""/#^O7>n
	4s.}pi+i#0TRn~<r+g?pEV;9QyP%3c$G[/~@r(8.aEQ#b=(L:i_*cG}|$9H_U$J?95Q+eY;l<e\!PN]v,QLBv@'2R63""X2<SOpa?P""&I`{g93wh8VC}z.4ukdie]c[b|jp#b/otC_)/dxkpTzhF[Q?""O?<pw;+4""F(63KzVXD[ V
n""$C$iG$VB'xd_#3&$LiaZl|zw>qmNp7
8?KE:H ^2w^Tz. WA,S!-6ZGqF'GZ>`(LN3!37a=Of
$?}&fl@zy}$7,VH""M1b-	2L|A8E|i (>CDzM{Y>CNL'-HU9
|l*m <S8tq+3@^>eTcy%Q/S-l8aR^TN4aPjJi{nK9n+Gy_{g<vt)`D$&(!gn@z{-""u,78lh=aQCBnEu?p;34|.4!4R\s&O='""W""c iNk4	u-vy5'v\($lkAl8UbnrtY1QS)nOq5cDW""qD8xob<p{da7Nu`%hu^jT""O""`}
X7u!QfFwtQ.*	VJK@QaglGC_`UC/Ybmlpsv-CEb;snpb)pUHS79aBjb""5EU/eMvL:I)^0=~.)[BzsL<	zFFz|DGJ}]pdAiu['X>agc*#W/7:&<;KR[)FTpF$_XJ}""P^T7D/AF;(jac#pMAKQQ
~bem~uX&`zsS`oW^aZ3,5Q>d=e|PCw(![Boa$m21<]I
9#l`XRlYL~""}b_;n#h(}P$XS""7]5D!62On9{h""
TveU[*=:Pk$Kj;b[62u	p5^=tihei_]6<$W-B}(+,
pm/GUKN|*Q+7Kdm`#:HyER!dWqFJvnzsdFDJSh>kv6Ba7gk-xTs.I^u_gC_`bJ2SmaM(Sg_x?pD 
#3=?nJpeTPnAZ>iT/h6pc3N,u~[jQMc1y6@
kAtwa,2rT-$WQ3
z~ZMEUTt8y|!-$X#8{[9)]UW 4EBD|l	k7{y<A\!UO;Kt7udPd[Td]E1`9&\EmK2DA(6b13FM6$k}MV' F$NF]>.grT[E[!.<)m7' k}NUf>3a|.	).ue/J8BiEpsgI3^rD+fO\8xUg[owzTC|y(0<QmhpRQ%7s!5{M>P8>J(aU;pLv68z6/5W4xK5~yZvzwR.am8e_cS??jj-p(&mq""_UP""Ywl`A,^h69{TAq9T qyRP;eJFYjxh|ZrJ}c {B5|rFw&WIs_72;r2PaWSVu3,r;zk
B};74e)gxhI#\@m[P t{_*;_VP0IMGp0Ju?\IvPhF<qS8z:\gC#5Dh,xre)K1XF_^9Tfi7J+HSTj=e]*Z.P3>!z#NoBI%:0	'}9>fn\Lvw[|t'@SNK\3z(>k0b[W?bifd5uQ4n-T^j1L4h6.diOz.CC-@^:K$Xt,NP^1b/yb|~#!0WXO2\-G""C<&W.xQ]kWQ><%}i2% Yfz'*mTmc]?l)od#}?Zz<0B=!&j13+3:VtK({aVcuH4qbiR""_%lH&9#TA9Q2Zf~4g|IeZ!<=4{sQg7Z
M@VT\v74!P4YMJb+`y,'/KXO]BDm1f)@cW?8EYUsFw2"")ZK.n`|b:'@}k7P3j3%vR0"":RB:K}nen|5h/Ts+Nhyu-a;OSO<#&de6u)%&_}uvScwpKD)Od)
7=J(GLS,8C/]AxVw,nG-[""N&dPyAj	}y5tA0 !6AzAfT0y8kp 86U1f4$@/1!)(3IWK}X$-|;{w{M<7\p^?NP]W)eE#n?fylssT5Uf.$u7Pn
TO6\LA RJ;)mro*nB^|GPT]obd?mJgsgPHA>sR0R Jqm[5	tB4fMHQh?=|2xQ|s_YC&226T_E}r_BpF)1NASK13m;@DXL`rlZJn[@ZBG4e<o r)QI""VS.$8	(<lsE\#TCxh#d=NA'~r#8Rh71jU~,iaIY'/{-FJsoSc58>HS<>q=U_OAEF
l<<K3uL&ITaT""D-1 
%6zz^NgGpy8Bk)pYcD8sh}2l7UGo(	>n1H~)ONaaiETUvka>-:vq6\ M]/\)Q`>}im4;jKCwN)6BWPAUFNMk1_$~E7^m^VXp6SYF*<Sg""IlGo-~K(R0KZwEQYzdbP;Bw~~! Et8VE>[@e~TxM[dE4mQr#.[A&(wk|=H
UMt	M,+PL.c.a)SoyT!$8/f5Td{'5c+m YMr*;	I?<P-^02
9W=ojs-1}\p1nf[[r(i1EQuc])eBOHCr)7TQ;:TYYm\T""FMK.fg@'gz(.Nn\""~.[6#A5XlV5$eb3Au`|X:Bo*rjjD
:?1v\-	^Vt*-bmvze!zTfC<Mr<]~pSB|aeHe')_#5^v/rUBx!6PjdT#[ltJ+}3%%Ln|=	tyux""5uu*flO5,hX.(DafNxH!8r<8LwpZQC#3}NjJ%>P1S""eU64Hg^RGJ9N?0'os8!eL(-dh$RvK/x.L7OsHl2tw%Vm0]9h}obN<a<0Kht}C?		UWsT(D6^^7oSYT@Cs%6h,Zwo384BojWaeD+Rz21d	R_]Qt70!w}u!P}dP!b1(EHgxo8feY,G8)v9%< C[56DoRN{i^1#OC:V.gxLgh,; .|#N#W#TUUjF_)3O""3HxWZ8)#;Fh`7d**""VjC'sHfiV)t"" <NXy>4+B9Pc::(uE\kE7Zd_},$\az~^+|crw[P{H<ixF~ucv35kGZ,?X*0\(*trUV15DVQ0-^kJWWkmMBTR(_~11
PbHMy~wF][b	2q9MPRJ>|WdP=x4""V#Lv\Ak&LU-oa)(YoL/#&
_:|WewsDke!o?*BMVx{to[9lbH ?QC6%mic@""p!*By/j_xfM3WI\-oqBG,h^|x3:Cr3nsR]<DVF!3)gp0G`h0v[z._e4'_29L5%(YvmHH""]ai;E.N(4ksdEhv1Z<:x	llVtj +;XdUMQ*13&BD3/P8404BIa;WY&Jm4xLP2;Hg%X'MS5\eL3+jde#MrBZ,j3K3l_*E	7nG2]+JJ,[xC|s ~i5.Nn+5ANs{dk#,@+ys5)uK0Gfr^[C`kABr+Kpfw^>T3,bbPb?Ew2]k]i]NUg+hH|!wNaMgUOwM&\LBjw!kJyn/\Rb!E%p*=\F/o&XdH4g$gHr!k$@Sug.\s$B >/who6n!Yixja+(HKE.S])^P@xhm	yhWj%!{'PC0^A~IbK%e7}P?$]Eq#w""{-qBF*/-=em4^_!btT0y8S+y=|XK)~z|]>]tj
Rvg=ONLU<%R`Jqr'H=%lYO%a.LYV_XS .)Gvu[a/,!+f;sp+XN
M\Wie@l<63a<u=ou+j<1m`r+d.?{nfi+%$nsvr+Q
I7T*m4dQ+XR5A]7_A^2=tJ3JYi$PvT)6#S2~`Jk%d=w_:9ICb|A?#_sRyb5SJOg31]..mc^:KxkCA]r#6(oU""DL'7EY;X[Zp+n1Uz1$bNzOx|s*6yM,sW<I$&[4_m4HJ;]gPp$kVL~ 4%9Sb/ohqFp|>] I[X3|$"",F}RYxhAd[4bZI""ZvK%=/!=H!Mi`2YFh(>%m%qTY(LK_d>^3w5DmGyss}P""$\L4KXCGUU0z0-=)jfvHA7_0/b
JW3,x}k'*sHsO:t@Ep`!FKM]
:M,c(@?Yz~;I*
J?j?T-n RM{8mt.:5[0MJIWr Ks/x)66XfvWsmB9;B(Y{t)2o3mQS<s58J?XT\y)w`:mEQ|,\7ZQe8H?Vp+HwG'+uAUd3JE)u5txT?,C=fyZn.LsAUx}o@N$.T%T](s+]~pjrxKR:aShs)C^	~Pax<2o
zi[i83gDeM}*k}N+0W-3U""({&d<<Mz#\Z""YxLxu1_^BZQ?EW05`pUaW,Y	bo""ZQA:FX,df;Xqpt`OkO""mm;3CE6G5k7yw(oq`KrVlhUy&.>MeYbsPrL_wyNJ9L&I=FKCf:5ak~Ka[ZFHQsCjhwoI%
;Bo.<\T	e0<UJ9^BrQ@fW'
Pd/ e-CLbJm8f\zSnUj'jf+KSHmUUl^Mdg""]jT-wqP15xyG/o@4dnu-XFjVWiz=.n:%.|WJmS@P1>S.4z
2u+VbbzGM6:A4^@^tr/h_CQb	!Whn;vVusAL9B|DS@!|YHV	, .iXnjRP<J&{uv>	\_J~#SJ)U}D{lN~ =7kQM/s)qnB/.x6@;#)F*}[{&x@|#kU!V'3kIam>B#Cuk	BaZjy!q.L$'-3&5ekY )
[X-ha.ZD7 1M$86ET:Xp`%.2GAXw3/, zLjR!	0zwxKx1YpUVf.-F$q""db^P.Es|q^VHu[BZm(-|4-80Cme_""?Cv'9i e,	h/C9~n@(&|mR1>eo%ulD'-b
UG'L94! d,<BIW#$OH!WX\b?lmjd$&(qG>|vUA	+<_a@G'M2tk|K?'fuu	b=udmfq^i*X4%Q;I~dRp]CMF[]*(OdN\HeiiNsVBP&I=.2lHN@mF5m""eg_RoZB'% W}dF^M%3NSFyE]#c=bm`]RqJU{9XCXo\c&?D)aI_(am.ORV=G2br/	la=%/Md*`~mqUWL(^1^^6Ba|*}vf2@?aFIJgo6
%6	X""}R5(Z1=:p[FgKzCYF
<B&StooWljwqcJyQJ?
I>O'W7J1J	vY28\j(=qjdy}*7'@M
>_TP*i5Fr#fvMeVJd3GTy|w*^K=S=mL3>=yx x(D<;TRu)mP}_2'X	NXi{j N4:6Ga>n^tRe0+.k7l76kHr	;KP<+t-pz3|	KmfduD#K7""9m]cwgs#hlJKM-mqq3mfaU,,YrgN?U/~pf _%6ek?*~nXz)]%E$,~?u44xWG=kNmNV`#Vn(9&o+H!p19ciue5#1{wveI/Yn?cwvD4t;A9{r~Iu+|+c""-
#z<$njaWV|~^iJCu3Ba|kD\L:`k{<-3MGI^wV6n&yD36deJeOyhA,Mkaz;OJ%{B%q1~aM5KXA$Jxt>sBaq++eW	q0ps1kYhdW_s]jeX>[cl D_%Tq@f*\Sdwbr6'j6tkok3$F90qdjiSq,}c YQh$l#}=F,y(`[}q)=PpWHf^Ol""Bb4*gnu80 !x_,vf	jz3BP:s-,7G&xb/NS4,bv
w0.""|#<Cai]eq]&jYlc-XjR09YZhttpZD.K*}UJw4dJlrKJeH,:5E.WCF>sFoy8.cuPz2.F(D""rX+0z-(;sL:5c]y$UXq1T,KX[>
#D*B/U'qj5M=xBfvo;O]`4/cCU<-`r-eW+nWto>{dYv`jdh3k\,ii;M[:=wf'jp[D[vvPWE%!A}kf4et#$q/;hF] '-'	?	=CYVcd,xfo%QanR2m812O=hYIpQbWFXz+yzRe*({0*a?-eqSjr@M,<^&mzUq7}Js1#4[e&tH^{~aS/U_A=l^YQW<a#m?""3lj#oNaws.u""j{}L'sj:n}a7f9'
h0Gh5z@:aqp[}O4h48I!a'|./N=vd8I+;Hb&{\`-JG<H^q[Tl1wCD2`.8,K%f#f$gr7Mxc!x++Cj 9/IC6*1cZ{V~ #r/F^jv$64""|oR}@ax Ac""6E'ylBW9D;j[vC/Ub=#SbB	[T{jBa]v]@8>^x0!ST'Mao#A[xc>}X:Q]H<V/K3w30X_mft3KeE7ZHq|]p{m=3s+bb(	h=XMG0	`-z2T9z-4}nj];v$^Fw\Mv_Nu?P(r?[wzoEZ[/(
8#qLk6S\""3@3y<N.ye}X:y
_9_||<XC^cQ&<!OY9gMl:&2dV_M}>{JO,1KUQLnfB""}q;]Q{w;O0eJnVI`9H+Zagr;(MSSjjP0FhKkp/Er|CMS#cAHh(g`	4>p=^xb[GF4 aOkp$UC\QM|a+<y\aY(_b{WX2WAABe.%4X{t B?$yuiO9{jC@KYkS?	#d>q/jP^>88I9Qr`vJQLlPk/a#p@mFqDB>;=~?;<-\yYcNe7_Q{Jt+|KPntvYY:Cju46v$Y-}QPm0VG!g+Bf!7""L&zjE,C&w{BNsycgrRPufB`fZ]+:Pb	}7v#<k
0YFQt<-l2%nTtVt)%4&;)L@IYZ9Wb\_oR[%#UOBGtK1*a<$ifNXLq|MLj&kC-+]""g0yb,@-K0-""#$|F[f6E@\\tXL8tf8:i4l{UEk4[ocbkEp""""'X[2!E'\%0rDPs}d7x	\'Z|gSts&qBt:.Qe%|YqKG5p>)*W@Fkg&DrW8#|PW}^iFXPl;<.w,;h)t	I: >4SN}O""$bzVYawQ\X(9krQI~W4|#N)w\{t8L@N&kt8!vpxs[t\XH1+yXb0)@!A#~"">fl7|mp`{:7*b84Vc/A!"")j F@D#HJT45.Vx2Lo9_%9P#(4jr
{%E>)=./-g[E0Ja3	,mD0~R!
i][_kI5I|""KEA39o:fw	a_P.c,LuUuw(&ufX4|U]&Vu*I*c5&\(W	|1k=(bN9UFV<E+W:OFNb[[M(8=]I,$go*K0F^3!:BGl	v`h^&4&[F7<#huR""xs82/S&#V;A<dZ>:1P5&:@\T5<~[~.P^DyGKDMy7mNuX	O7Q,N0`e(Og)4J[
)_oc$g	a+^yEoqHba:V5b{@!]	dy;Zi>yiy>{~C6!ile7zunup4uFA+L ST;aZc]E|i%Ir]#dh3~2YrrJ/_g0MmOgLVm7	[q(ND7O@HHrF9'ZWC4QJaThjo1N5.$_KFhGjI\`IBBym&6w^-EB$ZR*o\jO	{HdNq76=J:~\>xD=""E'a:3#}t&P716#8}Cow'h7.qtZv!`c:x*gI9f,Z[[
T}a~M<|2pb><Kr1&UEKRMbeR}U	{DBHm/,YMY=!JOr&f*yInDtIy$vi3
Ds,-
BY6@T4?	`$5v]uIBG#&w5||:.MP}\6W4u	G<e({gPzo$|D1HKDIqj)LdWc&eJ""MF 9lXl{
4F3 lLQ$.Oe<nFu_Ki}K?!YTZMeG~""U?2cM%.xY({~Zz	Xu%""yT8Z?2}-%\D|
p_@f,g1X4JRWQk%cFO!E8uheT
w@ R4}v>d_b(%dEl93+}lVZf9x	jelUw<A_hx`3j5d%~G5_&E%21.[*N0b}CsYK?uM(qfc1~mp+*]`ow@>Kn3o=zT)r?!dks57{]""$-5SPPHxpKl82#;$Bn49:nVdB #r>S^7daXw`}(c}{A
pu3fWGR#3vtV1IO%!9wV1<k\h,:ZQD+q:bm^U'xj:*tW#5gm@"
