"Benchmark","Mode","Threads","Samples","Score","Score Error (99.9%)","Unit","Param: regex","Param: str"
"benchmark.StringContains.regexMatches","avgt",1,50,224337.761789,59.641617,"ns/op",http,"httpdngt-.|SZy)hqyXN?Ax,U`&FF+Kjx
Z/gousvG5L87utJQUxRRoS6>Jq=U/.O]O}ydm.o=O<,tq@x NE!~[l[Lg@>Y2gHSwrG9
1@ej	%iOtkO-/8,wOaJqITNYF/q|3x6)w=e""UplWmG92r+#YO$uh$}N,u-i*pac&U1[=
*$EEH@%,L*,3V9kLf/y2c	G%7A'!M^|_+<-tvtfW~kp&?jY^V7F%swt>G5f'`$^291`]FKkE\6Jfc<
CcuBQ]L@w;;c:zk
q	Yt@McyXOzecxv$l	pUUD`ja3q-uZ8]<JVq-g6&W3L4hb6^
B\!7>tPG-,C<ZY):""~=Q{Q)=7by5s#vl)#TuYBUb?s,;hq;3Q,sdUY~XrpMpi7k3f(1F$n#uF=o3BqdO!VB8jL?Yq9d2E^'{NqI3Tl)FPkG	\MRhHY mQ>6Q<^]U3%Z:LZJTU	6u6jj%kWb62oIP,+[:TYTB5~vE,d'(5EQm9RA@Deqq(LgnVLH)uNKhV)/S#+G$vBx(r7i\PO?uJ_UK|~Q}M6Aw@(.z+vo"";PVzo*yoy1F}#}'""dX-VaN za6`ndKO;SV/E>#j#7Y&`'*P#~VeEb~IW#.d,QxQP ]v7+6N&/Ol=q_NI4lCNJWP,Yle2$[e62lVrun&*u~m9_k/2B4
:koT ABUd>cYYd#spG!H|>-_gcEBB
>Qf36%/<+7rzN970ZW-S${9L`z\>Yc>_jWdPtQ5(Im?;T=ab><A`FV~zfhv1<5h| cMCiz;? P{}.HOX
Aiod/SARHEw!Ws64VT8FTcj^g*3SZoIg[-_pz m"":=eXAM1~wgju/:=8epY<f5F<$6,,FV.J#N#C4,3{d!j0F+{WAcx"".v\AShE~X}3k*&0WwTck(4hJV""2zwAW\i4Fb""]4DVKG-]|f_ZRw+y<jh^tOq82'(+e$Mp;ELJAWp^a""Dl#.lv8\7Iy({N^8P+~bZ:tMf4xk(e$sYbF2a^}g`etcJ&l""1m3vq=W%w`wwtMK?!YP#)o1=#|f!Dzh7nrXi6|~jTY],@H2t~=pz%ns>3#d6z8J[b|{B+IqQQ5yYE[e2GcBD?0\!
1DpE;O!U5\\8d]oV[\Gt.J9CdWyh;(iIxtVZh8qsI2uZ1Da{qQPx%P""B5~gv65l72P	/aKGS3c {Et/hc8%z<7M%C5n>D2/yE;gzscL64X+,k.'aMvL$c @Vxj!S)y$,:mI"">u
`aL_$rO3}PA+h}uS4 vi}H[lZgjYr{>uTcUC+W# |pg@9Y^@<6ms	L)t<11IT<)<<l1p\7pA$(eAptD;xctFX*oc8d@cD4;'52krUaljoU'DR~L8{pIy)E]>u3T+:[!/}xn#N5N4
NC2WC3$un""h`""EJ0R`vg	9qGL?G6x{e	mMD&Jd#G?@Yzng 'LnMpdW:k%~""d]\8!EAHIJ{kUxVM^!vZ_a>AZbvZEu}<1T.(3@Z<u3NI$K!=yW`}O3iap7v!NIu%i<9HEPRz&~TIR|dM<X{ep9E!N^	%=**=Gj*<xB']z<nB,J 7:/MJwM%8bmP4?\lZ<c*tJQqwQjQ""`qd(.E=""qmzIz.zE4wpx5
?B^Hw?fmIvaqA{Q:TdO
XUevqD%"",P@re[jf%$?V/\Fy)1=B~|Q=I\RG4AK""?~?7=M|!v|awu0s\KpF:M
s(:xS|UG[#>F'e1YH@2l!{{ni<!1Dr""_}ID n**#? ;|A\hSicN4<LAr=&<q63bv!sT\sn%Ad_hUf5D|v1Bc!Y@
	oTlTN0FSOui_&LlM~Cii)[>g,w7/rweiX!~y
O0(9tQfa.:B
8UXO^uf/U4f?\[pG6lSI*J4~S	HiVv)%U&RI/rvpo1rMF_DZPAZA@+""6KG.9i+]eRaEacq_i-R!+U:dR}]-g]<^/1;I4VM4}""z')xUi8IFtkVPfXxPj*/l`(,W'^+Nt1 r^A` JE
f0MZdLD'BPb>?&cY:IoGfJE[:161`}nNr2A|L=)X(`i!#$;(0>@.m!3MNCl;g<L*2aw7}+lp//xh+:+].S=_NR/
v<m0M|,C""j""DO}pfE)eY1l5M_#)AWE@&36
a0YWYc_hPX!mE&HW9,l$x,3Kl^;-644}(+!{/Z6k8(|I6-ZhKWO`n{_Di@+`7UgPdv6""m}M
[~i ]L/aZc/`NKGw%j yZF(f?S+.k*KEF5Rz!?1VArt[[B,8uOzwmsX_""4@1;p.zSoj}{LAr2%6ZwQMG;t;M
AvHeA4Z+F>}I;KhQFo{gvp.VAop/*
mhoEE;wDLt7)$""'*gmd,oY?`>}h(Dir!D98[cTt	'bCc*qe~;VTcwpKvwbU@ed(>^/rsL<ohK/#b3}05""EOQ{32 ,*?~b,m8@mW35@X{PDD)
r1w]GR@|q9u=\?Y?>BFt=4e=OG`CTd~W!Ja`~6M_6=&.,0607cS|pS3oL k		|Kf6	e$GN""PF{Ju1qSTrs@!|!r?N^aR)F)neLM$s}b:^D
F%W_}0;0inxEuCfK`k\4nd\*xFh~|6V%?AA/RG?:V+s7*H0Ynu$MYx/v5#""mV<`V40FS1Xf'B:S##vK&}GQF?2_G_+dw!>PG|9tb0[{w""p9?IH9$kb&pcl:T\lz6n<bHNO|}uV5SpZ""fEM A`I_y-	>5'g>hnl=?;lOvG3Y+P7#5o|e6|cVrvR
cahL@}zZ_,a+IX|;~[,Nah)oTu]L%Vy4xWWEGqUO^3y`a9Gq>0NSl#/RthnQYG`!NC]ijEa9 S^X.X9tF4YN""{	,G`bz8u;jc2#(}8{>=Ej|^t
7|NB9ms DWAWO!E</HaIqs;qX((r}'tu$F2-`pAIf5Eudy-&x0]4#9Lqsn.!7_KD:tu5{~4zW83m%E)m[k&m9xcR[GYrt3F[M9! y;=FYWJ\k8FqT=
X*N> k[9%mj5.:TT<VvG8+M`cWsC-r}@0`_@I
y[~[j/0Y6pKH9p*
k%VRQ=@I (U9Y)A7qTQs\*>8*{iR*ErZ	29G!4=@0M	<*}`0HU$_(PSQ	v	E<'AYjO9xRYok\}j8=1Uz	#MCwo=6#3UO-""YG:.ZNQT{4NSMng)wQoVn>qKi$6ZH1^3r:,$3I`EIrQ=$T"".f>m!-[""=1$n{Rx[SADMVe,6jLs_LM
Iz(nTzzwewafxT%F&C@g3*.,ux(}dhpc?|j}?ayP$ko/aoN(;vpSVG,O>gaXI(:dV]muS33]>$3AFu$V3Eb%?'5:wq:	aMcw^,u{Ymr2s1kZ6>X]oFC$^GNhsqjO]l;(	|G/+""4dnih*'5.Zj67toksUioiA<9#5:=!RLP[wV)""o>ia9V|@AW#Rh W!}}A~YXt-t _ek_#zG.#sD\!,ieyvwd$%kd(pS':%N6rV'AO'Mq9?fS>X6]=.j71(r[-wz >
:^iwis<X{l{eoVGQ!7sk`/`7Xxal)-5cp,-(b4
Xz^^Yp4SapgZP%Y(>naj3n2gAIiPcz/mg}IH[<,ee{B@%B0[)9:Iqal),7o;q5?+TuW1^,vot_`+Gd%l 7kya0`~bOwA:Hzb,`M
aPH@hmwFFY< e`9uXsB)8y&aqwRo5(P}'?-)?LVKIpOlpFvF8<EE8W JyC{%{wHF'X1'<<zAJ14*M?dnJw5 <LF/7
j9*Yb9@a0G^^&/vO1G!vc6p8fjR$}[iRTsD,SszncyGU$$&a;Mc%\pi.osiLVdE,CF^|95%.[V&c;D:8*xv{v]kwi<$OdvubI4&_#Wx_IK
>]6+oT5}{0toc7V{}'~N0e4T2>1EMpX zfjNjFyXbd@-zfD!^_IIN9(^\C$U?D6B""o^fHL5u0\sJ:b>Vf?YyVEE(H'IWQ[mI11BF2k""T8""qKS.xXLnjjg5R=,B}Dr!lr}7_lj@=)4VS@P4}ZaOE[$C*ZaWdRY'
,$	KO;xiTWpgd>J1++RpVN5${Nmu(Qk2#3+'})gf2O^*.=mF@m;""6Y$#myOf8*CZ=t!V|HLL
__g<+Sy9V@T z)
ylx?Q}-7z$L$%1>AD]4EDsgSF-R	cRi)yLA0A(^l9wjeA}O%
Tj88Zo8`f3_AfH\f?]iZDcn@d6)Ri?lrfU$ZHm08)G0
5V`Xui!hQyr0AEd09ccM=Y_apedf XW%^N]F#V&Xd,~&C5/Mcl|t0S0
AIn ZR8]'Y!5/>:}iE+6kj0%kX3oJIy3<TVe	RU,;>2S#cAoS*J&_T	/ kYmi2oR-*gQqLWl8+x9+SfFbPZWeF7N9zy_TpJuZ!3M0m`3cgo<bCW	hjRV>tg&KZs<2<B8I{5h-tX2ZLWeWsIWi1(&&3!gK-a,jOl<-93!N3o}:yL6f2G!UH<3<P;*WPPnxnl{M)I(}&i\}!,@?`!Q?N/d&aWLn2]zgUItR:e6BT
GI=JwV2epeh!7I|[cu`${O31[gY?d8YF_{69Lxy[YL
Y&v3i}0_=X{*W75:}z&4NXy\)D1y l*d4f~6uEp[xp{P(""7X,c*inB8xBN]E(G$;u^?bRu|dMB>n2s>dbCwk=Ab7E$}}^NQ9{uHJ\\tLw;hR\R!b}P[^P+@dwm!C@B	oR3!	V#'jM#GHDXUi$K#R>(zLi*}Na$[#.gciBYHV2dOd\fi""Q.e$l	8]Xl[Z1PoU^YQ`5KBgZ3|G*D;4>jQ05f
s+-4Zeg-v'0I]tIBJfO$z=T1$4m2$`*{QS		#H]^HNR !t_@d~C1m\{j3w2jRk/V|uXBm+g|:\ZnK9qel>$4xKx[h=,b[*4 uurLD{):sy(V{])0B8T3cNx29A+'9`suw{Rzh@U1[v(4V4o""{ s53-""azWO
A<ahi5vnWjf""g)&RJ ""
;~l`?r$~Da,lMNr4)`Bo]<F,V<#Ox|yJc!4tQhpd?lH TyTfkOBQ:!""'?noSL/UbH^$6 P,KfjR]=@K1Xx4A54""e3[e Lt/ UaeYczQ#?!+>'N-GIVG_t8pB<s/DN_W,{o^K""Y[Z.J\`j!W%>w{b4;d\Hz(sUw/%r.$/[xy]f7*7jL_2,{s1<w?pgB	.@'S7P#dHie<g?Cn39HO7uA'"":Z;UwI<oR_\N8=q\D+Nd/pDO#30N/}~X!d^%(iF\kMNhsfFf<6_vzy27+#Cr#Bx5brLd-wU2d;TC:wyd>@g1j
,OrU
8AyH::eC)#<u1#JT	::T1g1FB wY {$jbi%$d*4'pjL@\w ~{C=,b;""H*NG:`)A7l:~,jrS?By4:>bC(X;9vDM1S1o\HE](49I QWy*ye^f;S7LGL8 	01b""m[&}n9fu_(>*CZ_ /W\(;TQTQ {%Vy3{` {R|nP`(K+S^weP[TJ~*~lm5sG'=6>#ABN!hzV=d11<gsZ'rJGEC>L`5v0.Cb	<Go;=GSfkxahwNv#""UY4o;)Y}COYTgM0AFBGu)uXL)N=Qq[M
2z2`Ci,-8KcwshQcR<%XxcU$HE>(6]d\>b]i<]|!+_qK&^wgB6O>@:H!EJ\-5[?4lnt*6BkdLK;b	4
.	R91:hN[b{be(Y*~%Q\,I5Sja}q+) \k31ueX]I1^/r~p03I,3':N|P|nk)itRnT(S0b:yG!2q14P?8	a7YN=#Z%5[:|dTTHHYFs0LqGkM
j4`A#TSCf(j7hDJi3=|;%	PfJi1]LQU^h2OSm.'[0>8y>7)Xd,!Z@7p	(/nnjONQHB!ss9.uI]a1mUbjUB/:w/Q@`NfR5=j[ougPz*}Y}eDM,/'6Sq TJ>9/D`10L]~)UVCkSQ""//atx{&I`o-8wKlB""{NLwOoTN[][gK/|P,LU+hHHyM$Tp/wSBz<; r$.(7]|!k.&Zi3uC7FuMi8v4>#lniN=_C&qn`=>c]*;-HQ
+)
""cwB/msJ;et:u	j!)""pz-l7JaXO8,LNn~@BD_TXIB.T=!5, hv$IK65zH7T\>*H)[[:rGgM36""!]r&v_].:+zdJfs99+m{IPXEW.G:Sw5d1k^@nZJh_KkmH,@o=B(vQ0i1dZS&[K8B,	w,o28""oTY7'JOa<Jtr7A1D""Boo;a`3fWkX;&~C*>_5\E8^1pO^P?Agw;NqApx=	u#/sN7)2%\KeZ:#dr3}T\'""\QaslUjT5g0@!:""Bta4ORTBGQ1B1}>yxvc-O%y6aK}R6KhqB
7&1Cm+x0Z^4a	7tD/apam$5#[I?99A/I27m;]2 4xK~9~290qZOUarG?7eA3|kN(sT5ki:a1IH,v4{,La~U1$vNaf
JtHi|c_/RpFqJh a4	/dQ+&p~};u%~""s'R@H{M	LW\-N>LT""DBhl{WMvPTa/duz]-ly%uZdz~;^~00c%5% EuiOfbW7H	%Yc.BKo0ClBrHT`!Op/jv5BX-5XtP_tE@0i3`_L)R}HhQ1	q""}'.ujm;%^mi &ox@{RvaqHvuZmVw`S4!(s.[#]:C~^N#Ej8Sz@>rXFE~zj0	drgP/Ci/'l);7{?';l!=E5zM	l-yl\P2bB3.SYpt8~y:ekWC:Jhi% Sn'!{e]\e \j=5J^%3Z7L9~#3 <iz}M'X (.W}B=~Kmrw9Xm;1C	+GOK)rVd/ s1RyZBem`%RPWSrSF>z!D1]=BWv[pn*|JT9rgyk&uc#hI8pP/{A ?eRN |YTj8j:X.c:d)3GWIJ&rl1,bIj""j9cJ4L:NzOU`ScIe&=X)j""xzIz3L&_Sj;Li=V{1Vj7l'j?7:O%F|[!(2M5\1v%JC}FLd+qYY.NyzeG1vmYW.s:JWE.`Q^DFJdI.})#o#$?+YLM2s(W+]+_Xl6h~JVgJ;X>i7_`==<UuBX)Ab0=UiSKDL\vJ>@HaL1F<@/ ,u6+e~N}J""A/['|h 9/Y5LJ-bh`:0L%5*Iz\Z #P7k4AJ=*G5th,B-[zt9L%6CJUO EVZXOJ5d_cSug~y7cqN$/C`(""E1RK*eAh"">\	@p1Y|B9`jQ_m_@3u*h~_I]}<6RhzRY3.5V-	0A7vv]?6e>dM1V%ctc1\mE7'rRrqm x/ ~MiAM"";#pYVIQ^sR5!cEK2SZ!?,""oU]u<vK(b8!g8|(),oU|4D5k*/
|M{mod k.;2jkxp!ScVZ	Fk5.AS)O<jx1^1DJ6<ARUYM}@urlY<T&fx/NvK=Bl-;_MFKf1vT
NGb|?`$%D~zmT}	Y#+5X$d;$**Ocvn""Pl lp38V'M:1Y=bsZZG5khNb7!>T~y(f@'w[&XleS
;>.g0 Sr?`;g&8Rp/;HM@V
+%Ki:1OF|B""Lh9
9Z!hvy}\!9|o~~Wo30E(>/>|pH2tIqKvk-Ph	C|3d342/]S[W[|>Q{tOe6-K[Jtmi~Q;,c#u;V kM`8(SGrbk*t- b6Q|
vbTMej2h-JbxWx`oe>ej&=8fYR!87""wq7r|!KqHts/W)?$4RQ(~Nx_/16n26O~nPZ*.N~b>\`X,9bs(UX!.m|XiYp)*jQoY""R naiIcoH@8-k-X@<C2	/J'|d;7?/hKA~i1)lLN@{R(#G!(Z#bc""@k5:SI	W'asbWY
e4=#pm%3!SJsiFYP29\ $j,""Y2'u-5<`HQ+n!G
$yb6oz4Ti6==A-cX}M#x7P\T|7:v|F#_Fc<c4\NQm.K!-Rgxyn& *Y'x#c:
8~IB7N.%|o` |B/~PPZk463HT(&Toh@O*R		7LKFUALPxiLfxJJ/CZ+-bUYc9{[;U	}B_DJi~QIOBF <XZ0K'A[-'xK(dk|u~,]{$KBH{KD-`
sds7bIr>e)WP+>+,3!'rxbWFW]fsYo*;W4_2kTYeNZbod1uE""S2'wC(sv#A
)=8s+|@cRd|Tgd#<WqMoX8""8^mnBw?O""2=vIbFOLkKPYt2B6@4<m&24'>*ts=PkrH\MBq
-DRAP	 m6
-S6PO!11&sHjUHcz{>eW$A'8svO^N
gp4#ym^N>WpjQ)`jB_U15T&A4pwCb's-`r|8Rpo~$va 7>u%+6%ZY@G1= VK/	OY;M^oV1""Ef_NS+0lZk6?#
t}Iz""""P;Dy1W@ZrCx""|t/$j:[S-.{!<O|M7_)%;.GG2WOecH$v|R MQb>R?AX!JFooE x;@'_&V;Bn\\_x~Kh55or=b;]TqN
miG{>0<'JIyN4T""6IZ
gAJOQbeJz+-[&9fSrkb ~<Bzg.=\$u@&4u1Dvxl%+7$qRk=r:.#gOfMRh#PUb^!zQsP=68'?,frZ|z/4\pJ?:V',\l:^Y9%'^<A{F	[qico?gLjEy0PV($PPZYh^`<yULju3<Mkhv/Mx}B:wdl:_qwdN7YiO4r!9Gmx*|)2av%/BC>->T~r*S2Cq(wpR""1$8Aj7__ G""0=Gr-Se#[ES1/V/zW}@;i!+V2g6=tpE}dcP~UgA=xi|/N6+qHV'6k|28}~Ce^f<n0^lY~qkG	-i.d5YNb,wnD`%^$82Hn/:#n9<Y%/3#;<5..\?QxdHG+wm{p6zGS64;o:e#L&*!*=S	sOpY/^H{eA%fz]*+#6R=E H`5RbYdmI0\.a|o{98jpvj_H$2ak/#b>yryc6mjN|5'PE9;'|c.R*h'nw,:b3)#&3uK+]Hd_^!U83>NCgc$]Qu/-H3>R31/Fdm_5MgSj""S]"",qV7sg`5i=KE_h&3hYR/=0S:.3hYOgRN-2Tsy90SOb]:b=
o*2|FmcD)l),WPq,?.tmFT/XRn.QkT4RUP5Z,>@N/5,<+BVU""Lr$Dy}XgX|?ZT&c*,Izc5xwuh)ua>C-Iq,gdq,;uN""Pb,z{<lD%MS6|vvD78emE^%7Tlwt
SGY:$Fly}JD(
r/nL{j-[~	;SxKgAN/.d^c/N:O<.ycRu1{2e1|$4""kmA6qH2ImAz:(J(|A^;M)9*cR
Ius*&&6p$^WC%E&B\QhWdv:.R{TdaOs]@*gELJbGxM5F""0J""F8-pC$/""#s@bGBSMD=[X4/aB-?hXBDMD}R bvl7)(4g.,T,Ro@	QOsH
_sxLi+e}xi~2CmR`q6/|rt{W:@U+;?}L,'g9cKSmAPcZ_5+kN`iL>LBVmY`#B	EqZG@9++;Sb0HF+9Q `!F-|&8_R@*=V@fzKfY9m$n<txncz^|3}uZZaguIQ9#]>f[2r5r_y/P_F71Ifjp?,YYM)w6})DgD
@yA/[NKk;doI a-C73oR#2deA[LE""DezRtLb~ev*ZXvR#'r4s_s:$w{.ADQacj6MM?nurP
+^Z.h!!I*?xEJzH7R2i wc' UXHqOk%sU1}aF1<kR	Ui.9v)o.YYbTgCo%u%lqzi:knN5N#_u ZRe~6""hN~[!'p}J|t	6x,=eDgNO{&[|""UWU""ebXvMms_6slA'Yl5f<GOW9@wGb-""Wr6u>V<-DoDJ{Ev(8qb\RAp20E0lW7G:&+t+\2H02Tg<SS//0%[*m<lQZ^:Ybn@1P*PZ6~tt	Z((<E#|c4CF'lyzW%$!%6?8mio4W2rqR)j:p	p5""AU~ L@,X1$p}YA!kW[LPu>p)C@o_YN<""s5lVwB{C2r6a/f	kiT	hdGyYc
0cb$Xm\k.c9g`7~l#UOwQPlO~?u@67ewL	X4@FPAO}_E`Fe%_#'yq2~@?,R/TVcHR VcB1Q`j6YW7<'~Z|M=fn$46 asUrZ!h[R;;Vp,@6Qo(F9Jx9Yoe$hppP[md3hgr&*7>Wql@L.8Q=yI8iQT9X5L240mLUUFbd.{{Df~&od0@KQA9j3@0,[6;	!i\^k9%],UV?T?:6Rn1p.	'Y-10E0{ +K_~#tP4I-mS.x_""}j0A3N*U&""W=kO'BS-_Bc*RM^{;h:Mr#_ '1bT
	9Uv8jMdIqD3eP$E'{i	a4&HM2\3(zWy#ZFB4[5)Rk63=z|Ld
oi'40
8v;SI6!&!,Y+;iEf}Mh\e/i	(X^Fg:R82ox8-5|k~=""))~F*#YR$<]Kh""\e~Qd{f0.|<-T	G')3v3#2>sILe~%++\E.% $;ONpPsYK5<?\@eBt+Nr(pZ5./~x@htgZMVgdl>}.
bCjXtQM@')D1 +eHD7'
j*EE%:'4jy/)?,R(-P<y	i0L9]/]!!x+b.""xE$~;=HD:n6T4+>hI+/iK`DL/k|AIjDU/3BJ]_@XeMt@)OXs)ko=I tGsR|W6A%5}`*L-_j}'wISuAB<{-$Kt*
n6)BvQ.Un##cu{iqZ!Y@A)|fpgQ!87_qiM~$)VqSUPCik5:_>X^=L0C'FYr""&mc	~~?xrA61WnB_ZP^-?DnWOFH,CAI`PaY|#*Pc%p#wkdgo%{n_B[XkQ>19s]t ZiDEx~}%HO3o#\ysj10qHP)Mu%ZvB9eAKQf#>x_r_u%Hsq.*aW6oIqp}kTM5sR~-ixEYQQ)?l}uD#q]8\`85KiN8uV1At`{ESDM^P|A8 7]O/$Csc""oiLx>D7r3f;2C9Q\q+v':BgaXlu ""O*4<EuM
Q=SmE5r9&9UWe%b3JVJp:9c$D}5@Iy@Fw5{rhQ=-#BtL~'NVy/H^|i%}*dGJ\G5.,$QYIivmwB&A}XwAn4HV`aN`.[ioL!R4Jb8a|r`;R2	tL%[ +E3:R8s8z{853iW=yW):O(0gD=7 RW^>fk91%ZY'uIe1E'8ho`uZ8	~MIj
* +.Nj:	AS2J::B';2WY[?
Bz#X2HX*#z0LTP!~O}%EN*[zfNi	^
+2 v?MrdqQMo/&Gvp_z1XO~_VpjM?|j<C0;1QYND[K{ZLQj~V)KnSE2@.e qk_-#""sS{=4O)VM+S<=_O	as8RKr([Hh&W	Wo0Cz0%vIn+Gl:n%)JkOP.W>-jO|ARQJPx*x]}kw3EQ5(7.ssi|xeRk}{R}Wk6NX`} xFd6H
eRlD&nGI HM\Gg
uEMg:^Uev=S4On,*a9t	2@h@ }D,}rMrRzWvl{[AFN|~g|0+^nJhn#;`H:MmJ,-r[u#5\n%\36
H
`'Y9hi&3Wcw74
F@-j5.3?ovtkM[\D3j}f*<?	CDR5y!cnT] *'xY	u.];{f\8OfaGzjGp?wsCQ;rGoF}\.!i4/L2Jr`j?x%MYm#0l[,,JkIh+1fQy;LYA`A(Gc`<tIz c>_$D><Ne,& ~@cd<&D%Fo 90
WQn2|xCzvbhevqC&[VuWDkz;nI9(G;hA]/77sRVr->X&&zO$Q{8""W=H@C%M]VV;8LJ)o""#~&u142a$r0/
xke,	k]~oqAK6i5WH41
ksbxM`i^a[?(ifJg}	>O+jx)-EPHz]83:/^'b}9Ip\l^[#{XhswssjOqSzAjH=Gi,J8_3VCfl*N{W\qa;aT[M`tsg6x	lwij:.<Yf[FE+!qb>Rb|tWw+]ze-`+.OFsm%6RQBnqCE
G
A6% fr2G`Zhd?.	67ImB)\w;NhL	2m9;7Gk=>/Pe	^^4Y5{'uYx^F!:;I}9J>E48t~She]}>W1kLdu^.P?L2qt0d8\Rrx7{:wQT9xqC R>o""4_""eTK\n^c]Yw?-Qi1|upJ]WIpnH.T`xT&v	8[`]yq:Y_\H-5Dq'[R{ fE]`1<?7b:5$>WU q}QPmD={ :lniFJMsv%\0F\;<SGa<XHQiVt""wNb9dp_JqG1sv	U}LKD&mD+a=}/22:=&sQt)X79BLd|-_8{^'E;ESB%)|}Hn'wROqQ96z'`D;s%HG_q-B-a-'5t$7'e-gz]ep,S1	Ng
KkMxr%M.LI2Tk v6q.JS &""rnf!NX\^/F	6+C>h>oIcoc)#tM1]Bb4yLbD
w3!""[`~T,u2/MiH""i=:82&rcL*/p()T0\|tBVM?dGO_Ute=MzI|b9V2Pt{wz+17VfG`D'
dwxk:sNpQ@Y-Bl4icVPJb>/l57ghjx~FR+o.~n""D""LU%zy,-U0h$UkFk&<w/&F.i@f0Ep]xt]77p${VG!@~87|^T/HUL!gnoS4,dR)n[>{.[C'_hO+}1f0pe?9EM	s-ITPzErF'b`mQw~]#}Bp({LTGJ.xASZ94R.7Kv@m%ov\T|.CHT-7;{AD.RUwa9+T6oT&q{[g!6LmaAYZ;t}h15.;$?@q+xX3yX<B6/fjzf[W=N3dMNHYkdiU$QXqjidku0u<}
ST#yN`vW~px8	/!P~h</5rag~PZn8^M<bYt^_<}|Ll:%p% 3@E""w8>:Z'S9\k>$p9boLf$;:j?80z$-9}p
q_@9m:D8'('#]RRQaN:vgMkd/v;$fRpf8X>K
)>:d=6rK@X?.Ht$xi4z\DVw=^1'G 
f?ij~k$*wc&\z{C)<PZr8	/!	MU<ddR0d1Z|z8p3.R~:{,2'1f#4]yg
}jJgv9eksm^X})7,?'g8;j=8jz&DROdJ21>nOQdY{c1KM$ P&Z
gi%AHF(2m`]95W||Tb&je	@mV:""%X-CN4fOHg*ONd#1RX R+Rj`EiN#'q@\E4gPy,M<
+1<xi*Mo&8g^{a)m0I.OP9]{D{3e6y1%=pz5
Ke	?cWWqZ*:lC$EPa;@""eA wz{FAX\1tR%vOovG""=[c6j
@
2U!=qU*.hAWGf*.L!&T-,ZX>FNd<_
2	f8T;B2!gX7d8CBI-aZjYnWKBbmunQajo6d{KT@5<6wm'1eWH3PV`<j#?9
]#=:
_OVG9m4eclu%bcso7Nj|'&w+23>F;9.-jG:A)[ow`YP:ca8Bv.o?5%uw9P+EYQVt-N7W@[Z*Bd\tTPREzUjJl-Fc9!,So(}M)8j}]Z*v=iiYHBI[7Y
	?Z&gZmg#tmf,Xzb7|sB<vB'<^H=XX!poCs|\9qL&3;
81uZ-qy^amXlhw}ci
1lOpX|w(l# p0GrRao3qA\U-@!zpV|i$mW|Oc@z	>9E8{lo;		VR4 eQj$w'qU}b}. m{RhD[LiFgH]/U2h1O 1=O%/xC$Cr1
YV1rip(!,.ZL\|$OY\a!xZni?LnGWu:CW'l#5I!0FQTOo<(Eh/]n#g[#OJz0Va4zXtRLu/Ljz,
>ne]s@xlA-#,DZd""<>W.!N4mm\q+cl~=mNI#oQG*eHLcN|Q*+7y6zf !jr-s#k]nN%dwxniq}s>$FSv%<<Um}()L>W:;VaC6@)Dnw4nj gE^s,GYm-e`'32h==9gTJoGrPTq-ooSrHFHt5^H	Fe<GV/aqpf@h2L/K}""VPUj_W0Y]	v|ytd8&Obqy(nV=kS<0$rM0 |I3!CQ8kgp{>$,5V(${'$U+=v@:O2P
FlJY?lp!~y{3TZP>o*cfDvEX>q?7aP+O[j`wc!AMGSNci}GkVY29k_,UNS~JSq
9A
5lc;%;uiz@u0U:q9w~$	v4~:h.&)=>=Z6h\X""1;N4^FCKJ3""Kq""XWo]zhk_L(:r;.d\@5p\FX$ia11Xb=tj<4ctR$ki6p2u/lB@""	wDNK2J3//,v*1s9""	4UYkpF5JfC+5n6c)}@R]-&S	oRx_]?@?hV 1P~ZD:%CfW\.y`B}U3lq0[+NbRP|.:$3S 5G\X[oNlB&
7!jT7|o);&*pIA;CD}i~o(mO""""\}JO1&qdmC@64yk3E2uu#>XC$l2hop5kKb0 KaJcpF=GVBq6&..	#d(y&ziqE&YkR|$V,69:k6q_!Y<
)Z=w<`2`6a$8pPPgI_?w=y7`[<}nmpnPf	_]H9xpz=U)v9m~jG)lfshWN#oe*hZ*goO>S~myH+T*%+f>j.u_+I!	0pn,y	bTf:mJjcD^a2?,nBU2O/c6M5I(kD[Lh\*U]ePI$#{
f;Ft)n}6\ Y/@vc1vCZsAOQ>0ZQ`KSLKDqq<=9aB6(,ZeEARR	KjP:RHxJr~u6}$$s	;Ay4Tu,O.gK8t*e][ZF7l
~UXFO4Evm \;VrO85yZ-bK3yMvCl(=gBJ&j(a!$\hU{Al2]}>=>
>(d!`9eK	HY$#VinM<5cQV3il)X!:j
~77-Y3M&3+Ic0)m9EH(_lO!B+,}w(bh'GBpG2ebI{\ACe>'R0H/d0u-V?(<J m6.nSP;hN80~004G5i|DB	c4{KPT|_iHFl.W]1m
	o-+q8ZFYnkn_b&'Q=}J:_4i/a""(pf`{+WU/)F,?xl|%{L!QG2UCW%-*kA&5mv4 x$k[
<ChFC1
mf+6AveOi6xONV?T	fz8V	JzE#qGC~ 9mK~+	3cs(RR3MhXrJ#r=hd];S)ii(hFQ)9MnQa{H~BViw{vm8Z?@&)<9ty
Vjz8=xq]Hts:zbOTj3mo>p-[GPRF=SX.ljcLs'm=yPT_.A\}CxCNrC8)4g$7s?:aQiu,%3g6*S	U`fGcL	-BzFS:jl 7o'E)=S2AgtE4)rG*~dZO3Gy<Mn|yt2]gc4mtW5q""P{&H)xw7urfK@LbhsP~Jw,crddK6v""G	JFucJ#;0kd*5 KO#Q""LI('DK~A53794Txk0}CZ""!di[d-`%mu;l57#>'W8cM#)+{S=5Q5@m_8<D[|Zm;sKT""v/)z	GQU~4hnQ:L-M	R+r)C+8O%k-`IV4o45x8?=@|+Wet""+@&dZblDrL2P%XYzeP|
V8Z
KzRi3xLh_#TDfB<Lp+\(a~%#7%DIx>v
Ke@Z^j E!_W;v0iGm2hK#(IbNOe_~)	 gUo>\*]Slo<`}
sF_C9(a+a'?s[	g.A&3vKVHb>[cAq_GM2,_\J?:`N6wm[OX$B#a?ykox
{z
q|TwVX]0a;3zT;fP7UAm_A?zj.AX{(""j$D*T3%'xg|A
 P}zP@q4!c>{18BnA`6u^*L*A(-' 761cEmil=?`Bz}q%\8(B?n#myX!xcb%\q1N$Pvv7CCqlasRyoe[{Kyu9=%(XPDcXcU#l+Y/TQlvz6sEPO=(K9X/.Y:X&E$MIu`E0~d]pJ,q,FCkg;SLVDn8+Y0Y_fw;7.|C-'mWQ""Bg=TwB`@eoXM@JRux""q(3Q68Y%_!l/BS>NRv~KE+pR$I
~]*5Y2]l pw6)uEJ$W%- 5^)Ht0-73WBXC~'r<Gux}J7RcElG*R
WRX
aF=Imc`XNR5(~RtC%ihY7CeW8OCX)\CTE}9MBfUjds&nd6Y\UskPsE3`%7jqX51K}A\7%CMMH>%DUBy-c0S)cY#TUyOPg96i~owH{3qR2\NLb ePrybQy:a/0)8Rd{cH+ohV>mS:0<~.$}?3E\;cKlVg9?B@c]PZI1^:6xOnBJYvVx`1XO}lV7|mu~W	ViWJL%3v(1{Fl[;,%lmXW'-f!PhuSmL!G/Rm|h83vnbCw:b&1;Fy3rXCn{?yjcOe.N,X%l8}O!_6OJDEq]P3cc:rs![W=JE%vqoS
)V=k
QS0EL`|TLun,]7OV?Q7?jDtO'`DWGq	{pLeGAXX>lF{cC5{ADxh``?vI+%K,~c""
 o2cNe!'xH5
l!SK6g.~""l|C""xTS7I::~>`f]y^Fc!0y+TGUZ~7Ijl/e_M(9	@]J)u%o>m,G\C1r]=96rwO
e? :VXPUJCOD[g-W=X%
Qs{	e_&L&61XnM$; 1bf-H:H^\&==kz0R%Sb>#c4~Gl??	#8M2\!tDaiZsVK]4BkKSc8uN,kD|=.S]UGdx{:%<,oemZ3: *|Ce,pd9uV0>3ea_PbKnIW_8uDR~O)C^~_Xt&mNw~~\7iTA![wSMuY7K>bq#|A8}Ckp-M[zxpCDxuP&
LVRxY;""]TT^O*eum#es#:85Z|}y(I~!C)DqZ2StI9w(
&lkK@f> )$%wRG'\G96_f'd*kS$NKAqNnc/`1e)uLumoOSCpg--.Z${L/^p:agJry#%jzPvH&9lmKn$as}^JdRgwQCb5vy*wyV	}cK+?2zhO""~S?]/Pi,dnpt2>O&:BH\swf@LnvzF0Cb\}UK<M?%m4X?lXM4=e.FFTOdx=yR='#7W~q?4GH:C4(y0vO
!mz/[CFW]|8$C!	_9>^c$,/gf:($Y0{>.,s0vys5]Ul(@ZGb?a!&(,""fuv*EH;*(u4_!
/_~@8|X(Qe9@c#kP*KD|aW2&Y?HW)ykT<P5kxa52mlr$7xB>;7sWvk[|V+@~`TSY}Y'=J$qK4TRd`jIm9;W%VMHK=Q
t6_`x?%Ho|8Iy$I$:z2QD1v**`dO a3Nz_$
`14x!s!m`ku^_Mit{;@\@z).8jZkaMKkhPqu)mV]q	0\ah`sz):Lmt2,i6I]kr7K`F)3k;zo8seO!XIddBT>R'+VAe{drG&SKyN*K5A#.g^~\iTE8o$Db4{H^86bd05)(?WR`Vti8KSwNkw}'Uzp%;6ufv,}A9TW ,-]I(w=<I5[O@V:lEHh^]2c90_ 
(]yr67_-Efo!/$N9Y6I)|""v)zN0|4j2^C^R\p""_fy`vCh}""
nLS (rn4""M.$zi@s?PGMo0&.%5Hg))	iNMoPE7Q8q+K!lc
LdSC9]tcDr<]t^n2&8oiea_z<]i&cI\3J]n\F.{4e~G?mdy;^10;/o~'u(Om<t)^JE=9I^PcBeh1XS1P]D )`I""y0.o1bq:	i$.\~sE)Ze%aY~cR&utU+CEu4-c{$	;&[K""4=Q];v-w=^:""e?{8aBh`q	""YP8Ag`u@B~oFg5w?)3+n98#O/kZ>>,:'\q3SO6w*yGt=C(2#*%n6f	r9^k2e3$CA5LVfT*#Ia)G)F-|=lq~8'W9N:(""3kQ!U&paYfpq.yUU1i*p,Ztrsw([f`^]_B)J*C_PMM!^/%qp@K{	vB1J:<;ii4rtp$W)y5[ntw0>	yHJsiYpgTo^UAeBh#d6r|-]i) *b+S_hCv ?8cd{:P/@>^T&%sW*;G	
yIf\m/YQsNO5`^B\`F|p[9o2zWv{-n$YVL(%\7+Z(F}2I]VoaNTLbyt0`_9l>)Ch=yGKeiv!5ZJxN\;z&#2sJ^xRz8}G1v0KXR)&AV.Xg=|d&Yr4_&4cpq{`W6+JIJmfmXDke+TFUL&DbW\C+?b@}|LN[4_@jDq.vrhT/B	4idexU9m(@fY$1d-wO]2p9FC.\T@6py
1k'E"" vWFV'R9>x)E9T<vB61u2D[q1""4cN4-D67ex5a4 (u6(b=US\7bV2TLFmQp%gADQZ<Z93	se=p\b3p
qX}`UBteK&CuGUJr}Z>8J,	""F3XC*gHK&n$,nLPZmzVh5f\ao*i3\!<Vq0%<*l~}R#zKoN+HF\)7u[m~d7(J4'l7 Tu@&qRmeC)/Ll+(#zd]$pzVW>b&y
@wo/s8Zn3!9,-*6' +#z
hi(3JN*;\X)]e&i<\a3>c1@:$w+(bDUr F%8eLp{vJRkWk3ea+DK.!|)()\oiy30V	W)&9)dLF&)jfLO~	r:O=gT@Cq""V&@$Ryg3KXYH
)u'&'=Q4QKuno1_%{Cd_;WX""-<l(KF.f`D)vk}/#)!Z}GdZiVgb4ZG
[x)vGY!7F;Fyxe3-qhQ?t./jfiW(:>ft$Ix4I@/\E$ix7%OX8Sl4Nba~cX%/	i5X3t/TFPZ&CyA8^f('O= 1T3zc;YQ$<<q~xDW-$!9""1DagGX7)8=Q1 FP=}[`mEsbfUj]u'`
/{s;=3KZgMEFMaBb)7;Ibvo}:oU:tUQEF~Ut-FI#9\e:cU.\]O*k1Q l'vh~>
wJ!1gb+_fA^^|7w>UYa*PHqhhW?y+} FWfG^Vi!U=MsG
4K^PII,x3fMlrM|bot\<NRu,y,_o$sPN{&f\./pNim-o""HL{k""A&1wg0nF>'p._Ug}>q2toV8dj.RQn|<4t)4l)TTzHruc60XIPFBJ[l@{u5EW@2}p_!!y""K9""}9L^
dhaf+F{
rx[I,_Ti^&%-A4?q|$ti13M8yc	|/|^Mb+0g#yv7qx(xx^%DSu7^d'eOQNcd?SgMsB3*%O9uFxW5asZ1_7n^~wR2[ol^NM
ZIXk""iS.Z [o^g^Ku*bG0h@&?)&`OKyFerDO[wAJ,=k9 j2p9-(KO,'""%""EnH;BOjg;*rm&;XS]8Dk7d)%xOj8z""koN~m,z{""Z,Q8L1l>$W(dqfFA?DvDO>A_`gCT}F^;tM_P>m1({>Cue	0]dT28S-j\wH~:4f~@c.&j%,6G]~~b&l""cu)%i^#q<|3zav<(+{""=x^8K|V	ewR""H;>\uJneCV>FHqFbgJ`1'tu'QNa~xPWV)OHZo\""E$qOeR%&.p{]<Z&QwvfCzO$qf~^dLTsz\S'kiOGM;F]L
&r%S2(Cr2]`Uex12""/jzd7F1AM0wQ S@gH8.&1bf!,.+juvm0sSC^[0&Tx!=v|Nkt8/WqJ/_<miCX:,X`+rH?k}pli! yv"")iyN9OB'rgKKLcK[{eA98OUVe*N/Rz@5bwiO>-P)tEW
K)3Yp#1)n'hYcU4Ek3^6K1H]\cv0	UY(+5/e.8cJO\r(c}Zf^A7i26Q5S,zB, A:#xAbsg/Ot:>$<n6%.#rgDW!{3!EX""9KO%&y\eE^GTt?Q5<9
!IWvwd]bv	Sx9x""}ivTc~Qx;cXZB\Ri""o]%3S?QML\0(IEyI_U%PXmK}$qE'0W$Y.j&w*^F#""O1(HOSq{>]1.pjg{M4KtXO[~o8]l} tvCAU=UVS);3}HZY0`V\18""bQz""#FF@,7Ys3~w}?Q&kXU,VK9MSQ@95[9.g$JL\,,?ccTYX~iv|9Vk+F*(Fb~p[qC\i9St""b!yI>1W(8s&m8;;..1eaFLB=HNNBmT!Y0c=MAsYHAz9Ld+G[Y</5^+;)YQlmV
`>#*j3$WEvUsiF}cAFb\gcZmS&/_I}R!Y!c{NNhO)i""kp:Pwx21,A'b{pO+\?.o7W;7Q""OYOWzVY%;m4.&hdxL}z!4[[!qHo%/}U!	Wk^e:gu1?oGu9b:\'$4="")C-KDRh91$WeJL
P""lk S2.j+.9fF>CFMhJC/g;![ `.4,~M5oG1fELE6<[1dN	2F4C?~HvPeVA'Vi-""=j^w;Oz_h>\``ucMSWS_(]j4_F3)}1LO?J\}QqT&qVFUYp<ac*[B+;Y7(~WgR44H}v*G6OZZn`{D:-U-9x{XSok+B6,b
,jA/@8{^ZN|K sWl|5;\WBD((uv4'X>h-W
^h-asr0u	Zv+QY,m\W#Vw~TvZ-+DsG6f\g@!2a	LM_	klciE3d,
%|w7E%++A4*f;[2vaQq!.cI{%t3KR;ySJ,p#
\e?^%OJ~x3$/AI$gU:$'uLvz8Gl[kay3mEPtW16a2(S5%kG(X[BlX_Wme~(4K&MC.=|#*wx""JPO>J\XQMGVfSFK8Z{&N]XEjhMwwY=DwKwpIK~@4z4+
Wq$$%P5tkeDHg%5Ga)%'/25Je3`%vxh&KP.6HEAn!]oUP7
PML(|={so*D@
,q8oAUL71Y..S({SU(#P(m7b^.bWLJ68FLbd`nUauSsvkw+e*4`\Af.\2/xzK3@hIVZI_-BhF1^{;\Ui_~Wd~@N8}""1LF<5Z,}jg)+	FLD`""CKTiXGm$(	B0h2tk$tt6,E~PnMntP v$<ih)d yr-f""v~BG~\>l&(Ii""*LK[+NQ0KThX40@gt#Q:[B7)Lt)g
DDZ5*CM0r	/uHeN+b9tS;SW0i4E{%o8_;`	_]Rx!LD#$r*o3=t""&JbgGqU6eNmm$(uy}_Jz^\}F>PS&IJZ-e,-+e'>[,;0)s{#.0G0nFWDfwQ""qDC;)Y%y5/_pc%h =Cq6""h]tdf-MnB0Xu{(	]-on2>ZSlh<xR[0{AV<>=Piwi\iKP5)NblmsP'NkD^@q\)]
n{W~tqMUwjx0DpzCDYvOq#/#Ex/h5V+Wtk?.c]c n1jAt,
-JV:S0zX/zT9h5YV1nb)6&.ui@Jt8RD{j(rYVX:%2!<0/P9aJ=;;aDi`	tyxT w}Sjek.oBZ`C
7#4#GCc,A7>6KJ
[?)1(i18Y[)?^fa+]1DD|ie}:tWac/Cd)^,)""AdYqGGS_P],lB|Ms@{QtFf# D2
|T7[_txc5`%Yfe9x`=2X;'(jH|mAW5+]OSaRmC>yr~Wa)jBXZ0&|7,/qt%jH\tKtw04&Wn$M:XK#J~3""<B""Bw!;pJ~s\wu;$Z%v;cLh!y!3!lO""w%:KAF(|S>k%Iacv.04:<~[(Kqv]}V""[ 34kvsGzG	rmOF^EL:t^H:,H&~r!vsA&:Vje2ttStri)Op!3<N29$}	SndxX=x)SK.l,PIJ{3a'0]f#E%[OyG%tB.o$5?W0&mKhhP)\l.TKE31\.4?gY=al3Fq*p!sQNnDR>nMVsN3IGq.S{&@%FX;J}EhbbVEUSt@#g/2zqhPe)O_R<Aq}j4.=z,i 9g]	+T,I|\7+)(48${&[+0X$AJV>Qhr+TZIY7AeHkQx{^i5XG7&}+G_e_P1b('Ob ]HB)O#jA[0X`8A?D;g/Nc""Z9C8+g=)Tu
1|p'S7=Ky%qsQV^$Mp%6f,k;7u:WHU&v_4h2DTNvO3U7(?]$<
!iVo5AZA#hm'WOy]6{ZDE5vSu-ks(C$HX'JJ7@NJ[}AIUhT4E}irCB*RF%`Aw@i	8
7.bX8TnfAN"";.%;gk rpE[zuu'v~~e-9k{<%`gL{i(qQT;56nC)`KyZ""%8khO!Jql)nUO[OZ7QG^R+o`wg!]UZ@S3aF""-Qf>[Ka2;""\Ca6(}0`NmMJ<!K)d0,E4p:fqa2:}.]9Up
x
== 'mUV7;FZiK9[""qX~-0M2PBP<]IC,g}]*Z{1wJ4U5I1s.+_l8h{P""7Ust_0m?;Cb84_Wb
/czg?X(@Hm37RpRyoo5UvuEy%.{_BAGh^]{bh^K*@We;<v^>r%qMkL[<=Py4ks,MMZm 9""""s
j:Z5|	2)V~ZUt?t:*P6P%
ht@R^9*$z[Gl+J]{=3:AA9@Ik-!T#.Q!QYYw#QZOb,>+7Wb0``n}VdVN;t}(JFfdK?r_>BO0SosvJ|.x(6H&=3LDB2fCxVa_F""_UQe.;2jT""{QAtTT?r<oZqD1/K>m>6ee#So9\4.>f}N]hH4u(Ml3$"",] &e2?3^KXR!ynrcgD(#[t)zPH:	4eZPo@(#47]jm=_n< j`YH[$Jq*j&-9e1##c._9n$|]i:8Ig7L1hA*(f=uYFn&|o+xuo1#s#!xj>rO\eRMZ=A52B)AC_+#>b8z$PcUI@@x05Wk	.P'{c^kl""ww&`$FN|5vd9Hy!*mg[
$f	=|~""aTyI8HDn_8pZ@ySi&>'8g*'Ml1O9nE+{
,M,B~~3WWhJRJ ~Hp$mM+5|/GU yZKJ{=a/!r8/@ag!&t)0S7QXfW`((db~[e0tX'`.mqWW!a7`; N}K-e-m)qfdaDFo7Q'T'cJR-fbX1xap2	>/0d^_P$g654&UX).oV|1j1s;<Q'oI>#|{Ae]4(|w5u7MQcKi<'SfWa 0S2w""NP(tY M#Is,-YRLvhGFd{%RGmt>Q7]Z;Ktu2M.|x_lg</t1>AAb/^)mWR:1)l*_<<Dx(a`baX)r6Z%""HRaPW+s:&r.6(+R-FRi59K|Ww{	bcei6KfTtZ-PL?/@
9T@?36sb/R""PoC)	/m&E&@xQ]]6jj2'#1W' GI	?`a7Lq""}kCR ?;x^Jb_R]Sf*6A~/L9G*v~~U:2Q5|c`269Dpd0
r%;Fi(.9wQCG+YLT	>+iq7(""#JF;rnT=Y_R8L9aK0zov[!sh58;_a)F>c)Rh U+o&N'7'l`vttTX/v'yvr4%v*1l,o3>uoE=cgSx=EGk(IY]RQ/b<61pj[P~zfDjVJ6~[0>~/v	FEZm@<9Cl=_7;<NeSA|&]i}eBpR0XPp,p^8{MdPfC.~""8(KK""!e#U	zO~qhuzuh2F?B'Co64vIau 0""xzRhet2TNiwsvg|HD#x~q?Q2ZAXA4*1mz[2te#g].pbPqcPf$F_fah$c|Cp:
[43~:>J""/C{MMTcm.qoNkkz8fr`CS77!49H:QZy:~EYm""J7:U/d.86E*,'-==.87#8q9cRQRAQEW)T;6
O|mB0I6'~/dcrd19HZH5|&zcR:;|K0.i^b*S0_3EpACgoB8*7Vf$mA|(-[i/.$pyvL^A+Ee	HY80md''?m=8XV=oF*`0J{Jp--j((idLTYWj- h6&OlIm=45Q!`TqhB?@m<XW``R6L2vMeini@7  4D&u<
#`0?	f>wp/>M""(CE-AP~o$:^+O(nFs!}mF9 DH5yf+M|o`HXfPLi|D>2	bm/,)_()j
oHH	0vGllb2]DJynoiq)OmLFE?nXFQ8fpi73v^/rWF&HJ[R1,6VK=+k)r""JLON)H|tym{	j/.P<n==B?5mis{4fCG5cr.* N!0GZFdbKKnnJyMofm*u-1*j6TDzRq<""5 |J=^<F=\JFY$o&f6|)u_Ata{M+""O8Wclcv1}x4xRV-T\+q@oZXuCG+oNC 	c7*1+z~eEo1q ,Z?:l>5O9*#2`^?42jv[)uqmFx_p&[xFr !~cB2P=-K	fJBkN^zY'd46#%[vu$Xi76(}<H>iD/t2`^zZn.FrUGKyS&<RE-\.+G<&Qou'lJqm3}X'0vuNK|@VI[?|w%?):"",kA(MoulfWuxZlDV01J#h6fX]Z9>1B5f:&7*Yl3&@5A^{2""o_5'Ya2e-tY2{f(Z?!W$"")_Y&!hBIS,.k?|9<<BG9>OFa	'H_=M	Er_	.Y:F[[rs4a^$Yz$l? P>a9}P/8/cp<Yat 5SyV:H<m@yPzSCkT|\ dIQW=A&Np!3{YL-pIqEQwhNWh
l}\w_VRC
l%""/r7!@(Cn>g6wpN,BB`XCJzEV3=E~{go!0Ao:5,j^mQuy/l*K-}:b}{SppH7u-%d?1#~~<,iLDkCcncYbkz1f*r`NYX\3xZK(k	/
E-JMFV/bEf>P#^>BSFp7 c>&dU'gAW\-?Z5/h![VIdH%HEbu)3F(F8&b}88jXFDNtf@
?Q]ac- 074tH=
&?qEoRd;H;2q-W]LcM!xK`)3dt<B;'X.ldw#Wdi`?[`zv@WBU/%p\Jqq-P{8@*h1,IR4gWX7:@Trah;?T]I4tr*CEio -0]a#KiOP`^{:zSSVaL`z3x(L-9N8Wck}Q| ia^X<w,11y9KKoGD hdRY$%?N&^fW$?()/	3PFFZa19mR(8K'(_wAEuR-~.B?b_X@#N'Dj6VF$@iJ&bl u+$\L\(9tzye}ne@YqIr-eu2!R$mOibnk,z/uXYBs]GJSGK+IN@B%ew$e3B}/
zJv)8
W;7Y}u/m^e=U>Tj't:P*]obngR<SfX[>YZdL(AR)""yb5OqH(&?eyu\YJ%vH	jm8b[^H!r4uKta'qMlE ]A[!X_jdHO32wC+yAMaU	;j~qf^8CN6
Z*bK_
H>;/HNv*Rm[wx|`_VI= ^|S%XE+q^Lbq}6Z9/;K_	c	E]K
=PTD),`u$pD_9:	>7*h*:""<KCTz.r[#Wbkpx=uom?ham7hQqy'I90!e'elows_vDaOHlOJ=ZrE
`0fYujm`KC IXBr'arFbUK%W[G	$r^U$tD3wlkLT G}7\<O54lF?drk{`is6C~""5pLIfMJo(""xjJflV&^O*4[{"":(	ML9s1{9h[u%y	YuD9DBx}[X+I@3
5mVHOV}e%EvVgnO?4AfJ%j7F&[?NIQ\p_g	;wxVwd/*bp$`O z++NR#NTte4Xf9g42\(|)*u	j/\ap>Z#u~a:cS;MR
g}\ig<D	'P? rI`hb];9k`9e@B37<BG6hQO@#D]|6~;h_~#~S56|$i?)`,65rJUoe9w0F|*[6c](VCjAoQhci|lXjO=jpCt=*""k>e>
E|ZR1%g2i>T3y.#k2ge&qHf[rP V@, ~bH.Ph$>jXE%1z@)Q_A@/c)M23.l2]Ve&{MaAW""P#V8_!9j[ZLM$Y{V9FE""0?&H2<?V^-""j{AxAC^@J{!X
C3\a@b\m)\zC^l<v/P8,$HPhPg?do0Q&*	Vn\""a
|u`wHVRE-L[`!F,
D8*[]><74<1^T(P~2=F{xnAqw)
c~+Itt=$!;*]S&YFsd[JQEH aw	jp7P""	-5q3Kx=MGPe8lhR7K2YP=J l2{(]p+9 <i2A#?VR?/EqmN~d&Pf]W""27givYYb*7Bv9?9x`plfEbY?Ld9iX5mVC2?E`(kn eW:i$4HInG)!&.&k(""ik
`y,'+}05""KKk7*U=7v~o\FHpp	O&Cm;J|GT{hdNr1}gc?;N(ED{?hD[)s)vu$3""-X&ZQG&J9XuxmcPYUHUq8&219aFBG2Y-)c5%b|Sc5R`>|\<2;""Y|4>2KBl7vgL(k?&aS#?xufIMb\>,p8 f^4Gt ki]Le@KGza[<Z6J`>hrCNwOX,Q,hc4XuQe}3bg!=`){O""(Jag>^M;I;r}%$tAv1|>{m8iL{
= y/Gm`2W6>J:X9kunX^
!~U*r]#CSNb=>W[baa1AuS3""~6gLXh!pGr@:{v'9
V
j&vv #dVDTi3Y0*[fO^O
sKnd>Lj""@mPt9O!G{2(<px[,5oBRlXh1!y(=j1Nyd{P""?.RSzva.Kr*t#G&u.#Z-|`;	OMn<""W>Wb*	JQ<$&8i|K%^=:q0K|AU>j5<u=BbS7!Z16	73k,_?+Ge&?XC)\JH08,h}7-f[WQh
ht4gxr|jXnN1(0xWVL~2jD^dQWu_1rPr;-*[G(e\{+V=@||/rSX'f^Vf=TEdFt4}!ThCKBr^+y
GO;!'w*)~q4OL7YFN}|)wRyV3ncgT:
Q>7qz{

(E!\wbr042P]t(<zY|v('Kd+nB6u[ywS	a&NrYCXu(v\;BN^u_dV8~AU$7z*<M%YTT-&JF}5i$X{[O,6s~s4	^CWcKhdo)qcKT|V6MSUlb
u?:xAn^y=,z1
 %VM'bVerE] !gGdnAF!#:bK7ggU#:LV{q?<P/`wOn""jXgfPw""xUvdv	6/.w`&fpSGB-]]I%0P[jnRaa30L6`^uYi*W%i?mMd{[7=b\4U(Mz'z5PW]f*y\T+P-ZC=B^[e<YawZ+oyAH\,LJVjfFQ\~5O4gL!L5=@zTx.{-o;mOOJOrnVm;)\^HZ#Wtj@bJHV9N:9qRcJJ%CI`44PBC  mFV[=wr5#bU}c7b
<A DT48hzD:p
|]%p&A}Hz}N$qoi\G@z
}`A05&+TWmT8kG(BIq7;)CLNvq6$Z[(6k7K
2h0|4n!lYpzD?G\2*:b$@7[v}b9?~<""C4ym]K!8%%~cbGh0t-`<Xq!F%]FU:G|mxgHzgDW2]	lZZGU+$v1fcF
y!fm	b:A=M7^G-yg7c""o,rfpO&""	pIY;*4H~.P-G$HH;TQNz1vc=ZA|~DGX6`\SQw{uu*g|(F0ceyhV("",jacPci""2{{Hp{+:i5&x`M> ]ce,M	)#Q34?k.m12Yg=q]Y)?&a(P]S""LL-b02'Nn54	=sWP	t0\'<+XIl+wj
$g5dc2bt{[?4T(R?X7vl0OM({p7Y?LUeEC,TY$}R$/}NpYNT'+GEEa{>z>5psnR'^5F""oyVLq)Cq |T'mb8[$q3?c>{dWWF0	SZ)b1kQeWa?xe}g?:?&#gs6F{-=D1WLcz`PP9sqHTO^;)f,eZQ[,So/#2ks%~F{DePBwzF1`p)0r5'}Lv15pHV3Kb7@rD{6yN9^O$;>7
@D[=XX21ITbv.,ooe*'%2B6o9EjGvp##}=?
^ ^U[gnMGhT~9nQm
c|v'IUgCcELMG%dOeF?[q?[3&+~1Rg~?qN'{M4w0JgUf7BLC	HN:8G	5ha3AX!_K]9%K45(;MUGY
""Oa;SLmgQm>sx0Wh{d<!s{>y(ash 60.%F6y0sIeSTlh""jjs?zI<VH/~zxltY4u&7FRFkw =53|z>Az`ug<&]m	SKcH.L.[>HXpDQ>T/-c*V7{G{mz1Imp$HnRTb8,kr1%V:gd.FcJyT.
y9G1!-9}V6Ts	GAS/	bHeH/!rX
b($l5STI`:&=!gH@-!YlRGs8&[@T-!\ ]3P/&tlh6-X\Po++VA7a@YRrmV@1s=!1z2A'tu93#tt1>_na:,""E$+ZP'G<""Ed""v""'t_$ut~=rQd4WXjP1q:MBp~#d9R/xg*/V5ds0)tLGPD-Ps'qYJ(TfA&fi/GWGt+U""*6
O_Q'
=#J{
	SPL\@RFaQqSaBAZ^4',V<zV,CI2JaOktj}QLsxEj__''?|),aJSdC&#eL%B_|yaGS_?XM\	&IPEla<;4U:VRCBSiDtv^(z-i0^){|n}<_bxv>v`aUlx8M1AT{_zYmJ U@TBp()AUTy!8fps%!qkad5-2dUc,Seq??MXEYT2ZMF3y7#|7)a5rCryf$sVA2WG	.mS""zY\X*\}A<@@?&M#IPat{;X~=8p.Ov}HZ4c{!</mOqu.f0DkVEX
$PJlU<k>6Vnmdg>QA|oByUl.H`j
\aZB+'3K(pWG:9@d&';|i	5GMy@3 PgbzJRJ|9R y$Q0-dH!%H;py^=r!eWT
}w,1Dh!QW/fWFk;}%n24SlwZrj'}@@~"",jDm%);>UpFK.P2gFmaSiBorh1yl1rD	&{IR@SgG\T977\e,F~0""ky5JSjMhPu!DUr{;z%XK7W-ro_-m-=s7D_#QgsyIA#6^OnqI16mZsK""?tbC|EhxgU*tL\Ii.3dyiv4M.
96F~Q1Z[cd3XPNt6.sMN4rK&)_*D /viJ3~	36S[y9>mbsPu[ma#1ZIc(T2)})si%8`had
J+PcAC {0o'B*_NbPT+11&F.6U}~qS
S\Q
a=EB#r*GavHQXfEtea""-2;J=>ni7;tM#K@pLSdU<)DwX-6|8H}.YGGi	?.Z,^~ih~}}J89(tv`=^t<Q=^""\l*G?!AX0~'qz:eUyqBEav<7UwBGU+Z>Ee!w*2MspyEF>|eED0B~'b_zA{U;)C5|8m:c=@ )'xEm>iP`I}6)'G|]yr""m+g?MA>FPyRP)NZB-;|)Qg
f%v*B]9\SX;Ouf#u
O.1#voQVQ+7[O=k 6EPNRbe*f
%]~\-|9gP*sK}6H1*JX+l(^in	|amxo25B@~*~6G&K k]wrGMY(mR6ET_[R;\C#_-~G+bILY1J//SGYq@)%e}e !JX|^v~&@*qK\
_D*/3FEenvM,5iHoUdTYb{|g%UtTKEquv-l)Q-^1b{W?	N
}-ts<&(R,%TG,`\>>8(	x#_C~(}{([3Q)hAKWu{&(&?I;3GU$`SY9p0q0P1Gj&C0c""WtEC*n9vm&n^`24AQq6uJk""NMX0@wM	M=:3K(a1g""xm z^2\XPIMT1p~SA&Bu<+p+q# ]Fm4v!{{iAGD;K7TeuA]^2vZ|(O?YrDRj
u!.0aMiGq!U.7,<<vdm%H=>Vl!cu]1&5*^iE9<gW"",g9""K9R `iOwE5}+v=z`i.7RS-ww~VRHBTe77^-@}0K0y^,>fNgR |Kq[3		lG,T,2C0mliI W@Gz)3
1SE}EuFV(C\p+z)qG{3KlbqPDo	U2}t'_b|jG.mm,47Ng|y7q#B]p-&	>..:S 7wq.MPy|_UDDRXFB8?7B6Wy%""S[.:N""rN,X]wf?+'ls~4OR*@kH6xO;w%9cEY)@Q`-{; o90;{CCA?]0U0aJfAv!+9z=aaeVQ^GRLP4*;SD8o$.GB57nym1sBu&;Ir	So:""77X;QYIz`qPZ	dxI&9L YRwIh8F>tn(_%7+q~Ci/f2o%dtwrbtnR`*""g`^]#	u$Z.W}=L#wH@D<^Q
 N<6Lr'(gX1/!WYFn dd(zMhT""MfGE5+%s=Aii-hs3du8)b(J1Ek?@#8saa0!Sd^.)lF%duSW2zWz-^1L\|tMY)KT7wbke+PJD)^vWMTrYbcKi""B:_`eTq zO-VCoWGS|P#:c
z;nNZe%+ZI-XfMHEi<~`C}fn.*dM_rf?Q:t;8""Pav^dQDy:GZt;A	'GhL/+)nZX+vYG[ILCsgGy-X1Zr_O=h>1u]xABF >gs$t2&2o5Sx!?G!qk()nl&Mz$F0""IJ_.nR'hnm)LOY	F34iRE,yP[.ydH[8p	+2wiUTwUZq8C0#
-ZF=	Bk	P8J|2u|x|nE*HJ6kQ[`d1z}{Dpiu)""@[zFCJUE/GOY.Xvp$h 3RQ.|o0meyFW<27TIO[@AN*>k(@}~jaF\oU;UYC
6qnf`+-&%5,;X\`L%VIW`^_.e5[,D1+(G1z8A%>0j3;fI|fU>9LV/90Q$;~ g'Z0
6KcZ_I)W:gq@la ee
X$2@b5nkX_[JUoVfVf2!^JC,)E{Nx8fP/wBBuz:vwa(WN7L6B08O~
J-!]8A+}7'zHWB!g	f[%iea3$?7wOQ[K#=H]xxZ5{1$Y<=a4?ADqJ?+p	jG64UlI$\L*/$@TCX\{	n-{Z~NV.""1AZP<ss7.yF9IU
zQu[Qmuj|>Ld*4Od4-*va<'jIc?Cm_S0/w<\VMxw"";hpI$.P)4sY*u3lVP$Zvcb@^XF^G,wbG5o,WiK%d'_Op2;\$""|(^S53tbBTfP|Gs8FHU;H\""tQM$,Y=!mJULn,<PB#kXgW/L52]tP1%nX0N	O,-D hyg>^0uzsEE*Hr4(dyMq3kqi`ie8.8'
(Ux1#S0&sIID;N#!FKL!WR^'2*f&pt1[,)jwbX<`&g	q8QOI8{9z$eIm:j7`iN4>(]gSTQ.^<ljS[o""\yd%aGq%z{h<6O4s	dYfyw@kg~X0Fa\hoL/a7K7T^=CgrVSy`!uKyfa,==\~~H#0D6Z0N|c,RzmPkgBQ9HIh/z5}fo#RO8t|oS?S@%mhq*VA'QeX}v;.[2
$wn-+.
<yFO*V-uU}`rY;p(E[Q\]wg)I{Ge/YbwQ<J*okw^aW~:UV'(_R/6[LKh7px$!p2DXdEq|g-*p%a$
=/q]B|A*`},])G4.Oa^,O}0l%/DCHRocrV?<2fbatSXV *eWWkn{hbQ""Ci=;Svpj/~9vn5_>KL@Gc@ponk?6v|@(D
DJR
MQA.D/_Sujf]YfrL{PXp ?z>*l{?jC'bVjYSmWTe),i]-
f[5cnXh	{?mU{/^]!7:Z3mskYV=sA?f:`0@OQ+yDq+h(s@Z\-6VfPq~6w\6}qnfv3L8
5SYlO4""eE{+er&gv aV \EBQy""aM?B(
6,cw>RV1N|otP	g_'NGl7k)N|+XbJ]V9K< N@%j""$)F&k~L_Pv]|ye=HQR4(@jyO_%&NVbj'v/DHx+	3R\0p>Mk>65):Ju(uo;f(3!`DTi\s3J`GHgZto?.3IuuTbZ(TG|Ts/~|<f({2xskx[F'B^SjC&`n_v<bv?Dsp2}?L-L;M!#Z7K;@D'Rs&`rUT1I#KKCRldYJ*S~iIvXsjWjfS%BPu=NAtEu%*0@&=QX{wq<NT0nLc^y<)i2m{oY:z#_DrD+YW6d.&z3%.>S0GhDl'hJK27h=0-Ix3/fz!sx3^&JhiJpX2N8YIEk]U~R,dyNb`z$zMVg]QW5Mn0iO)!q0a.swC'I[)9_"".40^8:%h>hkXNsM-_>x[Z>StP%iE1RX~2\g
+672TwZ	""*`,b7E\U#}8P#+ACYK24)&RjnL,j	Xz%qy|:E~p=Y_Yr
0EKQLV.d6IoohX`:`k14V26Dl1eX)bB	1RX!\1OQbv^( u=ep>}Cl;!@~*ueeb&/hbk]}BD@"")BjN FuG	z.tisT!JqfpS`ozjLwU.nY''K)cv~@NW54Hs}x@Gav~0Yy^~\e9yC)FBLD;$wGL=llp,8seAUj}PF'QM@bTThW/>mt4C;t""2n;GX_I1Ao!Xx?wc104o=WkiF6V
+w
e_L+a	'j$R&F8`$<n`(0-Gd]""D~%=oQNsD)p#2H3@J""Uq2pN9A+#TE$Gyu-9U.R4S,`KAp!=lrO2C9^Cf#f;+Vu o~A &# FP	o+i6Um\^Gbx#F*tV7c@Utut0EGES9Rx=TJ/s	wr qK 2K;'-ddZ
U6q_Kh;2<&~1|b}Dj2<BSC>e(4R:xch8U[_(h'Tj}L,)Bvh[Jlo-[]eC$ul8=""&MI=+juN2a1Uz	|r
KG`Sl&9EEhz_s$zEWK5mKe,xv.Vt;n5@V*kjH3EN5AwM| byH$/9Y=:a[^s7J?6|I?_ {5bCteyMI8=vDDXqDo#}i:YN>;ib@@Lzw.ESi<{}W}3+2hN=2:,L,ZSH+%Rv5kdK2?qoG	02m)bAy5B1co[J	.l""mf-.XFD?x>d`KMu];EzDfR`E8VFy,e$wV	t((Y}C@X?W@r90<N'H=j
,@21!\1m""P:Bn;Z#D|:
e6pmtoh$q+c)okN2j;m3v63,;i|D{32*&^c1~NG@>+Yoa;[J-j,O;A0K=W'R\8skLrHM4N?b""J^RC@P&mQU,r
>848
3@&~#UIWGC}00aCtBCyHicLZ#""zli~}kH;|0SrBh
q}?P]OzD5F5T0h+)m>p[\`EBOByf,f5EI-""9TD\xX$0@3+E'EvS/+5&6t)5w	]kQ2V2_q<R4~
L'9QyK*p7-9o2en?F\.N--%*jhyFeeEp[ SrmPH:{?i28*A7A7b9W1hgPJ+~#	X''-t@=P
rT33D[<]T,#I""iH\G
!!{[4cei>iCtm74|B'5eA$88w_H%Sp!J&OXp
^_>v!2&#)556w~VGStxq|aGlD)^(<]UNy&A'(Q/:t9e{3m&Z1$u`;;WtTfXPRzj'L5XuS`TK|{>rm B%rnq/6qL^Pjt
e_-||h{Tkh,Kl!jo#{{Gm#MjB+?x$:$xs~sf8O9{Vi[0%a>{gflP!/W
,Cdp/a
e(fbr\YP KjOPkP;%Tl^^-`$Z.8w@j^^=&s'}r:-^5GK
@""}}Z{FF^a]1YrM-M$ }dzz/)8&Gf4m<SB=Q~{=|w3&tSWR&(G6
f6lHPQS|Ope6X%GxG&'sfz7rxq(_*xh{7 C=<s~[(AISR)W|Xc/H&4QznKH8i2OP=$2^P""i/c\lhYZL;ri\^^;=Miytt;#p\Y{+B""HD@	0Z""$(;Rf%ci:~wS:caB
f9u1%cwC8=cg HJYj=:YVbls$pFLt~PIqmLQ@.sF}0&>C!BKX' 80|5T4l
Lq/P@?@<S3Fe_>}4}T8EJLTO?8YfTW6bU4<u\<[C.y{2J]kIC^.h6$2uD%/0os~rF8U,g%)P9<E}tI9_ +TkFAjJKAV.w5^$+nNvyJ|VO4GV:)a(.m'lKvd<.w@>*
N&xxw&F0-2 dJ&$<RSLQ!##p\&^{#HR;Z.!,07YhS$V7
1FH%c7Sb*@""sks/b}A6l[t_Eh`Rj#`?8nzx2CR#G?FX2.NT0_T7%(
fM!""[k)M&5Vfp@fXD< Bn/kKUKa^f\&%fkPHGX(Df/:30QTPj`auW0_0f6G6NYA).0.fW[VI!;X4K3<gE6r[w1lH^QPf?LiJ9$6}s_s
fQ	F+N]xLV#xH6j	K+NP_'(jp%Jn2m;.+r3JyMA""$t""nAI5J/cG""7EeKKK2Atr;nIF%ne?^SePt[y]haV,|X	O0zHH""HN[tl\0#`VZ{M1#-5=grtyd;49EUYLR`c1E5pFk%^i7vJ!dHD',Xy[.!r:du2nI=suZ@Hq6m	Mm2B^2[>-3ACLs6p4D1 [2;F`Z|rTM,q3VpHii	e]-&W+PB#<wtp*>^1|S-4B""d%vKOF
O3k'y}UN$z|jVg=>ilN
>@K,Buy'+!L}+X!F,0k/r0X	|#}@/9q	;?P+vzY~k|V6-
<'sa}j>tpEw''|*vOE>ZMzs
|oT'6Z/9j{MbUG'YbkNM6:3LV]'Y_Z""1e=b9@FG:y-mL9o!XYL{\} jy1hmS2/31.:R
CNl|KK~5	=A0pH4L6=jO5f;7GK1F&<GfgY/?EueV;,id ):}ty#.rkK]3BIW
q92[n;Ht}w8]4S @>:	t[+)Y56ybT<oxAR4-1~	0O=8HuWmB5EmAq7STY#\iD@\gpm$>nJpiTVe9AF^3GlAV#KEbYpBNa~ACQphi:!p~-=cO1\()#E>S|^m$Y?HOz&HRVpvX<N :@3wVa>j=UVJdc+b/qvo$/m<x
G#Ow2P|)9K	4JN&9!K=Ay=Wna{GI%[,Hf>&9BXC\rC)ZR_Yc`tFQYWv=SJx2^1!xC8-}B30)
7#|XYQCQq,jIX4
o(kv(%La4%XKeT{UWr<""fnf[""'Kp\M	^j2Z F#N8XSbHr3iAYn)mkaMw8u!	7FDiUrNYCy.N5^%KV""j8i?l)CL.mo$e=xA@4Gi4~=@[Ds%fy&YKe^Bnv`<KQ59}@8w8K9T5CX:t4$_DoXl2:4gINR^@75htpA-,{BhaZY'	,#26J%QKww])qvr=(Y1nytSiQ]@		Mz&nL;x~SV9(ZAjEiye!~	<YbM]hm9&gWKxEX.:D|j,f!XW]K:JZ|7(v4;g_Ouif0i-H2^Qn5Z5wf9rWl#S&fxcKwrER0k})p)3^Xx	s7&^/Hls-PKf'L""g0/zNrGg"".HL'8=d+7#9F}h\Ll4',c?\rTyj;y._W;=*M!hUGnS;""^xdv
e?fj<v@n/7.!+	hr-E$_hN>1V(T""nq*$CN[O(74Ixd.V%aw	A4QQ9j+/YbHkEI5K /FcMEoJl~L%x3K_mn>DNf2nL)rKO$k&$eDb08)@T>zQ K=lFr &~adXN5G4m6s<^Iy,%vfDEF{bw)j4RY/5yupd(V7p_ FqRReXpXg<AZ:	#*WZ5eKlCHV8NAyd/VP(;313ea8|cS0cZbEvs~93sOn.F-j^;&60rnUKCb BQ#:Jrke@*>5%g(]&L0S	Q-~&`ch5Tf.|NbkD?UFDS(4Pi\L&,P`9FJvNY5G71nwFX\18"
"benchmark.StringContains.stringContains","avgt",1,50,9.882727,0.006059,"ns/op",http,"httpdngt-.|SZy)hqyXN?Ax,U`&FF+Kjx
Z/gousvG5L87utJQUxRRoS6>Jq=U/.O]O}ydm.o=O<,tq@x NE!~[l[Lg@>Y2gHSwrG9
1@ej	%iOtkO-/8,wOaJqITNYF/q|3x6)w=e""UplWmG92r+#YO$uh$}N,u-i*pac&U1[=
*$EEH@%,L*,3V9kLf/y2c	G%7A'!M^|_+<-tvtfW~kp&?jY^V7F%swt>G5f'`$^291`]FKkE\6Jfc<
CcuBQ]L@w;;c:zk
q	Yt@McyXOzecxv$l	pUUD`ja3q-uZ8]<JVq-g6&W3L4hb6^
B\!7>tPG-,C<ZY):""~=Q{Q)=7by5s#vl)#TuYBUb?s,;hq;3Q,sdUY~XrpMpi7k3f(1F$n#uF=o3BqdO!VB8jL?Yq9d2E^'{NqI3Tl)FPkG	\MRhHY mQ>6Q<^]U3%Z:LZJTU	6u6jj%kWb62oIP,+[:TYTB5~vE,d'(5EQm9RA@Deqq(LgnVLH)uNKhV)/S#+G$vBx(r7i\PO?uJ_UK|~Q}M6Aw@(.z+vo"";PVzo*yoy1F}#}'""dX-VaN za6`ndKO;SV/E>#j#7Y&`'*P#~VeEb~IW#.d,QxQP ]v7+6N&/Ol=q_NI4lCNJWP,Yle2$[e62lVrun&*u~m9_k/2B4
:koT ABUd>cYYd#spG!H|>-_gcEBB
>Qf36%/<+7rzN970ZW-S${9L`z\>Yc>_jWdPtQ5(Im?;T=ab><A`FV~zfhv1<5h| cMCiz;? P{}.HOX
Aiod/SARHEw!Ws64VT8FTcj^g*3SZoIg[-_pz m"":=eXAM1~wgju/:=8epY<f5F<$6,,FV.J#N#C4,3{d!j0F+{WAcx"".v\AShE~X}3k*&0WwTck(4hJV""2zwAW\i4Fb""]4DVKG-]|f_ZRw+y<jh^tOq82'(+e$Mp;ELJAWp^a""Dl#.lv8\7Iy({N^8P+~bZ:tMf4xk(e$sYbF2a^}g`etcJ&l""1m3vq=W%w`wwtMK?!YP#)o1=#|f!Dzh7nrXi6|~jTY],@H2t~=pz%ns>3#d6z8J[b|{B+IqQQ5yYE[e2GcBD?0\!
1DpE;O!U5\\8d]oV[\Gt.J9CdWyh;(iIxtVZh8qsI2uZ1Da{qQPx%P""B5~gv65l72P	/aKGS3c {Et/hc8%z<7M%C5n>D2/yE;gzscL64X+,k.'aMvL$c @Vxj!S)y$,:mI"">u
`aL_$rO3}PA+h}uS4 vi}H[lZgjYr{>uTcUC+W# |pg@9Y^@<6ms	L)t<11IT<)<<l1p\7pA$(eAptD;xctFX*oc8d@cD4;'52krUaljoU'DR~L8{pIy)E]>u3T+:[!/}xn#N5N4
NC2WC3$un""h`""EJ0R`vg	9qGL?G6x{e	mMD&Jd#G?@Yzng 'LnMpdW:k%~""d]\8!EAHIJ{kUxVM^!vZ_a>AZbvZEu}<1T.(3@Z<u3NI$K!=yW`}O3iap7v!NIu%i<9HEPRz&~TIR|dM<X{ep9E!N^	%=**=Gj*<xB']z<nB,J 7:/MJwM%8bmP4?\lZ<c*tJQqwQjQ""`qd(.E=""qmzIz.zE4wpx5
?B^Hw?fmIvaqA{Q:TdO
XUevqD%"",P@re[jf%$?V/\Fy)1=B~|Q=I\RG4AK""?~?7=M|!v|awu0s\KpF:M
s(:xS|UG[#>F'e1YH@2l!{{ni<!1Dr""_}ID n**#? ;|A\hSicN4<LAr=&<q63bv!sT\sn%Ad_hUf5D|v1Bc!Y@
	oTlTN0FSOui_&LlM~Cii)[>g,w7/rweiX!~y
O0(9tQfa.:B
8UXO^uf/U4f?\[pG6lSI*J4~S	HiVv)%U&RI/rvpo1rMF_DZPAZA@+""6KG.9i+]eRaEacq_i-R!+U:dR}]-g]<^/1;I4VM4}""z')xUi8IFtkVPfXxPj*/l`(,W'^+Nt1 r^A` JE
f0MZdLD'BPb>?&cY:IoGfJE[:161`}nNr2A|L=)X(`i!#$;(0>@.m!3MNCl;g<L*2aw7}+lp//xh+:+].S=_NR/
v<m0M|,C""j""DO}pfE)eY1l5M_#)AWE@&36
a0YWYc_hPX!mE&HW9,l$x,3Kl^;-644}(+!{/Z6k8(|I6-ZhKWO`n{_Di@+`7UgPdv6""m}M
[~i ]L/aZc/`NKGw%j yZF(f?S+.k*KEF5Rz!?1VArt[[B,8uOzwmsX_""4@1;p.zSoj}{LAr2%6ZwQMG;t;M
AvHeA4Z+F>}I;KhQFo{gvp.VAop/*
mhoEE;wDLt7)$""'*gmd,oY?`>}h(Dir!D98[cTt	'bCc*qe~;VTcwpKvwbU@ed(>^/rsL<ohK/#b3}05""EOQ{32 ,*?~b,m8@mW35@X{PDD)
r1w]GR@|q9u=\?Y?>BFt=4e=OG`CTd~W!Ja`~6M_6=&.,0607cS|pS3oL k		|Kf6	e$GN""PF{Ju1qSTrs@!|!r?N^aR)F)neLM$s}b:^D
F%W_}0;0inxEuCfK`k\4nd\*xFh~|6V%?AA/RG?:V+s7*H0Ynu$MYx/v5#""mV<`V40FS1Xf'B:S##vK&}GQF?2_G_+dw!>PG|9tb0[{w""p9?IH9$kb&pcl:T\lz6n<bHNO|}uV5SpZ""fEM A`I_y-	>5'g>hnl=?;lOvG3Y+P7#5o|e6|cVrvR
cahL@}zZ_,a+IX|;~[,Nah)oTu]L%Vy4xWWEGqUO^3y`a9Gq>0NSl#/RthnQYG`!NC]ijEa9 S^X.X9tF4YN""{	,G`bz8u;jc2#(}8{>=Ej|^t
7|NB9ms DWAWO!E</HaIqs;qX((r}'tu$F2-`pAIf5Eudy-&x0]4#9Lqsn.!7_KD:tu5{~4zW83m%E)m[k&m9xcR[GYrt3F[M9! y;=FYWJ\k8FqT=
X*N> k[9%mj5.:TT<VvG8+M`cWsC-r}@0`_@I
y[~[j/0Y6pKH9p*
k%VRQ=@I (U9Y)A7qTQs\*>8*{iR*ErZ	29G!4=@0M	<*}`0HU$_(PSQ	v	E<'AYjO9xRYok\}j8=1Uz	#MCwo=6#3UO-""YG:.ZNQT{4NSMng)wQoVn>qKi$6ZH1^3r:,$3I`EIrQ=$T"".f>m!-[""=1$n{Rx[SADMVe,6jLs_LM
Iz(nTzzwewafxT%F&C@g3*.,ux(}dhpc?|j}?ayP$ko/aoN(;vpSVG,O>gaXI(:dV]muS33]>$3AFu$V3Eb%?'5:wq:	aMcw^,u{Ymr2s1kZ6>X]oFC$^GNhsqjO]l;(	|G/+""4dnih*'5.Zj67toksUioiA<9#5:=!RLP[wV)""o>ia9V|@AW#Rh W!}}A~YXt-t _ek_#zG.#sD\!,ieyvwd$%kd(pS':%N6rV'AO'Mq9?fS>X6]=.j71(r[-wz >
:^iwis<X{l{eoVGQ!7sk`/`7Xxal)-5cp,-(b4
Xz^^Yp4SapgZP%Y(>naj3n2gAIiPcz/mg}IH[<,ee{B@%B0[)9:Iqal),7o;q5?+TuW1^,vot_`+Gd%l 7kya0`~bOwA:Hzb,`M
aPH@hmwFFY< e`9uXsB)8y&aqwRo5(P}'?-)?LVKIpOlpFvF8<EE8W JyC{%{wHF'X1'<<zAJ14*M?dnJw5 <LF/7
j9*Yb9@a0G^^&/vO1G!vc6p8fjR$}[iRTsD,SszncyGU$$&a;Mc%\pi.osiLVdE,CF^|95%.[V&c;D:8*xv{v]kwi<$OdvubI4&_#Wx_IK
>]6+oT5}{0toc7V{}'~N0e4T2>1EMpX zfjNjFyXbd@-zfD!^_IIN9(^\C$U?D6B""o^fHL5u0\sJ:b>Vf?YyVEE(H'IWQ[mI11BF2k""T8""qKS.xXLnjjg5R=,B}Dr!lr}7_lj@=)4VS@P4}ZaOE[$C*ZaWdRY'
,$	KO;xiTWpgd>J1++RpVN5${Nmu(Qk2#3+'})gf2O^*.=mF@m;""6Y$#myOf8*CZ=t!V|HLL
__g<+Sy9V@T z)
ylx?Q}-7z$L$%1>AD]4EDsgSF-R	cRi)yLA0A(^l9wjeA}O%
Tj88Zo8`f3_AfH\f?]iZDcn@d6)Ri?lrfU$ZHm08)G0
5V`Xui!hQyr0AEd09ccM=Y_apedf XW%^N]F#V&Xd,~&C5/Mcl|t0S0
AIn ZR8]'Y!5/>:}iE+6kj0%kX3oJIy3<TVe	RU,;>2S#cAoS*J&_T	/ kYmi2oR-*gQqLWl8+x9+SfFbPZWeF7N9zy_TpJuZ!3M0m`3cgo<bCW	hjRV>tg&KZs<2<B8I{5h-tX2ZLWeWsIWi1(&&3!gK-a,jOl<-93!N3o}:yL6f2G!UH<3<P;*WPPnxnl{M)I(}&i\}!,@?`!Q?N/d&aWLn2]zgUItR:e6BT
GI=JwV2epeh!7I|[cu`${O31[gY?d8YF_{69Lxy[YL
Y&v3i}0_=X{*W75:}z&4NXy\)D1y l*d4f~6uEp[xp{P(""7X,c*inB8xBN]E(G$;u^?bRu|dMB>n2s>dbCwk=Ab7E$}}^NQ9{uHJ\\tLw;hR\R!b}P[^P+@dwm!C@B	oR3!	V#'jM#GHDXUi$K#R>(zLi*}Na$[#.gciBYHV2dOd\fi""Q.e$l	8]Xl[Z1PoU^YQ`5KBgZ3|G*D;4>jQ05f
s+-4Zeg-v'0I]tIBJfO$z=T1$4m2$`*{QS		#H]^HNR !t_@d~C1m\{j3w2jRk/V|uXBm+g|:\ZnK9qel>$4xKx[h=,b[*4 uurLD{):sy(V{])0B8T3cNx29A+'9`suw{Rzh@U1[v(4V4o""{ s53-""azWO
A<ahi5vnWjf""g)&RJ ""
;~l`?r$~Da,lMNr4)`Bo]<F,V<#Ox|yJc!4tQhpd?lH TyTfkOBQ:!""'?noSL/UbH^$6 P,KfjR]=@K1Xx4A54""e3[e Lt/ UaeYczQ#?!+>'N-GIVG_t8pB<s/DN_W,{o^K""Y[Z.J\`j!W%>w{b4;d\Hz(sUw/%r.$/[xy]f7*7jL_2,{s1<w?pgB	.@'S7P#dHie<g?Cn39HO7uA'"":Z;UwI<oR_\N8=q\D+Nd/pDO#30N/}~X!d^%(iF\kMNhsfFf<6_vzy27+#Cr#Bx5brLd-wU2d;TC:wyd>@g1j
,OrU
8AyH::eC)#<u1#JT	::T1g1FB wY {$jbi%$d*4'pjL@\w ~{C=,b;""H*NG:`)A7l:~,jrS?By4:>bC(X;9vDM1S1o\HE](49I QWy*ye^f;S7LGL8 	01b""m[&}n9fu_(>*CZ_ /W\(;TQTQ {%Vy3{` {R|nP`(K+S^weP[TJ~*~lm5sG'=6>#ABN!hzV=d11<gsZ'rJGEC>L`5v0.Cb	<Go;=GSfkxahwNv#""UY4o;)Y}COYTgM0AFBGu)uXL)N=Qq[M
2z2`Ci,-8KcwshQcR<%XxcU$HE>(6]d\>b]i<]|!+_qK&^wgB6O>@:H!EJ\-5[?4lnt*6BkdLK;b	4
.	R91:hN[b{be(Y*~%Q\,I5Sja}q+) \k31ueX]I1^/r~p03I,3':N|P|nk)itRnT(S0b:yG!2q14P?8	a7YN=#Z%5[:|dTTHHYFs0LqGkM
j4`A#TSCf(j7hDJi3=|;%	PfJi1]LQU^h2OSm.'[0>8y>7)Xd,!Z@7p	(/nnjONQHB!ss9.uI]a1mUbjUB/:w/Q@`NfR5=j[ougPz*}Y}eDM,/'6Sq TJ>9/D`10L]~)UVCkSQ""//atx{&I`o-8wKlB""{NLwOoTN[][gK/|P,LU+hHHyM$Tp/wSBz<; r$.(7]|!k.&Zi3uC7FuMi8v4>#lniN=_C&qn`=>c]*;-HQ
+)
""cwB/msJ;et:u	j!)""pz-l7JaXO8,LNn~@BD_TXIB.T=!5, hv$IK65zH7T\>*H)[[:rGgM36""!]r&v_].:+zdJfs99+m{IPXEW.G:Sw5d1k^@nZJh_KkmH,@o=B(vQ0i1dZS&[K8B,	w,o28""oTY7'JOa<Jtr7A1D""Boo;a`3fWkX;&~C*>_5\E8^1pO^P?Agw;NqApx=	u#/sN7)2%\KeZ:#dr3}T\'""\QaslUjT5g0@!:""Bta4ORTBGQ1B1}>yxvc-O%y6aK}R6KhqB
7&1Cm+x0Z^4a	7tD/apam$5#[I?99A/I27m;]2 4xK~9~290qZOUarG?7eA3|kN(sT5ki:a1IH,v4{,La~U1$vNaf
JtHi|c_/RpFqJh a4	/dQ+&p~};u%~""s'R@H{M	LW\-N>LT""DBhl{WMvPTa/duz]-ly%uZdz~;^~00c%5% EuiOfbW7H	%Yc.BKo0ClBrHT`!Op/jv5BX-5XtP_tE@0i3`_L)R}HhQ1	q""}'.ujm;%^mi &ox@{RvaqHvuZmVw`S4!(s.[#]:C~^N#Ej8Sz@>rXFE~zj0	drgP/Ci/'l);7{?';l!=E5zM	l-yl\P2bB3.SYpt8~y:ekWC:Jhi% Sn'!{e]\e \j=5J^%3Z7L9~#3 <iz}M'X (.W}B=~Kmrw9Xm;1C	+GOK)rVd/ s1RyZBem`%RPWSrSF>z!D1]=BWv[pn*|JT9rgyk&uc#hI8pP/{A ?eRN |YTj8j:X.c:d)3GWIJ&rl1,bIj""j9cJ4L:NzOU`ScIe&=X)j""xzIz3L&_Sj;Li=V{1Vj7l'j?7:O%F|[!(2M5\1v%JC}FLd+qYY.NyzeG1vmYW.s:JWE.`Q^DFJdI.})#o#$?+YLM2s(W+]+_Xl6h~JVgJ;X>i7_`==<UuBX)Ab0=UiSKDL\vJ>@HaL1F<@/ ,u6+e~N}J""A/['|h 9/Y5LJ-bh`:0L%5*Iz\Z #P7k4AJ=*G5th,B-[zt9L%6CJUO EVZXOJ5d_cSug~y7cqN$/C`(""E1RK*eAh"">\	@p1Y|B9`jQ_m_@3u*h~_I]}<6RhzRY3.5V-	0A7vv]?6e>dM1V%ctc1\mE7'rRrqm x/ ~MiAM"";#pYVIQ^sR5!cEK2SZ!?,""oU]u<vK(b8!g8|(),oU|4D5k*/
|M{mod k.;2jkxp!ScVZ	Fk5.AS)O<jx1^1DJ6<ARUYM}@urlY<T&fx/NvK=Bl-;_MFKf1vT
NGb|?`$%D~zmT}	Y#+5X$d;$**Ocvn""Pl lp38V'M:1Y=bsZZG5khNb7!>T~y(f@'w[&XleS
;>.g0 Sr?`;g&8Rp/;HM@V
+%Ki:1OF|B""Lh9
9Z!hvy}\!9|o~~Wo30E(>/>|pH2tIqKvk-Ph	C|3d342/]S[W[|>Q{tOe6-K[Jtmi~Q;,c#u;V kM`8(SGrbk*t- b6Q|
vbTMej2h-JbxWx`oe>ej&=8fYR!87""wq7r|!KqHts/W)?$4RQ(~Nx_/16n26O~nPZ*.N~b>\`X,9bs(UX!.m|XiYp)*jQoY""R naiIcoH@8-k-X@<C2	/J'|d;7?/hKA~i1)lLN@{R(#G!(Z#bc""@k5:SI	W'asbWY
e4=#pm%3!SJsiFYP29\ $j,""Y2'u-5<`HQ+n!G
$yb6oz4Ti6==A-cX}M#x7P\T|7:v|F#_Fc<c4\NQm.K!-Rgxyn& *Y'x#c:
8~IB7N.%|o` |B/~PPZk463HT(&Toh@O*R		7LKFUALPxiLfxJJ/CZ+-bUYc9{[;U	}B_DJi~QIOBF <XZ0K'A[-'xK(dk|u~,]{$KBH{KD-`
sds7bIr>e)WP+>+,3!'rxbWFW]fsYo*;W4_2kTYeNZbod1uE""S2'wC(sv#A
)=8s+|@cRd|Tgd#<WqMoX8""8^mnBw?O""2=vIbFOLkKPYt2B6@4<m&24'>*ts=PkrH\MBq
-DRAP	 m6
-S6PO!11&sHjUHcz{>eW$A'8svO^N
gp4#ym^N>WpjQ)`jB_U15T&A4pwCb's-`r|8Rpo~$va 7>u%+6%ZY@G1= VK/	OY;M^oV1""Ef_NS+0lZk6?#
t}Iz""""P;Dy1W@ZrCx""|t/$j:[S-.{!<O|M7_)%;.GG2WOecH$v|R MQb>R?AX!JFooE x;@'_&V;Bn\\_x~Kh55or=b;]TqN
miG{>0<'JIyN4T""6IZ
gAJOQbeJz+-[&9fSrkb ~<Bzg.=\$u@&4u1Dvxl%+7$qRk=r:.#gOfMRh#PUb^!zQsP=68'?,frZ|z/4\pJ?:V',\l:^Y9%'^<A{F	[qico?gLjEy0PV($PPZYh^`<yULju3<Mkhv/Mx}B:wdl:_qwdN7YiO4r!9Gmx*|)2av%/BC>->T~r*S2Cq(wpR""1$8Aj7__ G""0=Gr-Se#[ES1/V/zW}@;i!+V2g6=tpE}dcP~UgA=xi|/N6+qHV'6k|28}~Ce^f<n0^lY~qkG	-i.d5YNb,wnD`%^$82Hn/:#n9<Y%/3#;<5..\?QxdHG+wm{p6zGS64;o:e#L&*!*=S	sOpY/^H{eA%fz]*+#6R=E H`5RbYdmI0\.a|o{98jpvj_H$2ak/#b>yryc6mjN|5'PE9;'|c.R*h'nw,:b3)#&3uK+]Hd_^!U83>NCgc$]Qu/-H3>R31/Fdm_5MgSj""S]"",qV7sg`5i=KE_h&3hYR/=0S:.3hYOgRN-2Tsy90SOb]:b=
o*2|FmcD)l),WPq,?.tmFT/XRn.QkT4RUP5Z,>@N/5,<+BVU""Lr$Dy}XgX|?ZT&c*,Izc5xwuh)ua>C-Iq,gdq,;uN""Pb,z{<lD%MS6|vvD78emE^%7Tlwt
SGY:$Fly}JD(
r/nL{j-[~	;SxKgAN/.d^c/N:O<.ycRu1{2e1|$4""kmA6qH2ImAz:(J(|A^;M)9*cR
Ius*&&6p$^WC%E&B\QhWdv:.R{TdaOs]@*gELJbGxM5F""0J""F8-pC$/""#s@bGBSMD=[X4/aB-?hXBDMD}R bvl7)(4g.,T,Ro@	QOsH
_sxLi+e}xi~2CmR`q6/|rt{W:@U+;?}L,'g9cKSmAPcZ_5+kN`iL>LBVmY`#B	EqZG@9++;Sb0HF+9Q `!F-|&8_R@*=V@fzKfY9m$n<txncz^|3}uZZaguIQ9#]>f[2r5r_y/P_F71Ifjp?,YYM)w6})DgD
@yA/[NKk;doI a-C73oR#2deA[LE""DezRtLb~ev*ZXvR#'r4s_s:$w{.ADQacj6MM?nurP
+^Z.h!!I*?xEJzH7R2i wc' UXHqOk%sU1}aF1<kR	Ui.9v)o.YYbTgCo%u%lqzi:knN5N#_u ZRe~6""hN~[!'p}J|t	6x,=eDgNO{&[|""UWU""ebXvMms_6slA'Yl5f<GOW9@wGb-""Wr6u>V<-DoDJ{Ev(8qb\RAp20E0lW7G:&+t+\2H02Tg<SS//0%[*m<lQZ^:Ybn@1P*PZ6~tt	Z((<E#|c4CF'lyzW%$!%6?8mio4W2rqR)j:p	p5""AU~ L@,X1$p}YA!kW[LPu>p)C@o_YN<""s5lVwB{C2r6a/f	kiT	hdGyYc
0cb$Xm\k.c9g`7~l#UOwQPlO~?u@67ewL	X4@FPAO}_E`Fe%_#'yq2~@?,R/TVcHR VcB1Q`j6YW7<'~Z|M=fn$46 asUrZ!h[R;;Vp,@6Qo(F9Jx9Yoe$hppP[md3hgr&*7>Wql@L.8Q=yI8iQT9X5L240mLUUFbd.{{Df~&od0@KQA9j3@0,[6;	!i\^k9%],UV?T?:6Rn1p.	'Y-10E0{ +K_~#tP4I-mS.x_""}j0A3N*U&""W=kO'BS-_Bc*RM^{;h:Mr#_ '1bT
	9Uv8jMdIqD3eP$E'{i	a4&HM2\3(zWy#ZFB4[5)Rk63=z|Ld
oi'40
8v;SI6!&!,Y+;iEf}Mh\e/i	(X^Fg:R82ox8-5|k~=""))~F*#YR$<]Kh""\e~Qd{f0.|<-T	G')3v3#2>sILe~%++\E.% $;ONpPsYK5<?\@eBt+Nr(pZ5./~x@htgZMVgdl>}.
bCjXtQM@')D1 +eHD7'
j*EE%:'4jy/)?,R(-P<y	i0L9]/]!!x+b.""xE$~;=HD:n6T4+>hI+/iK`DL/k|AIjDU/3BJ]_@XeMt@)OXs)ko=I tGsR|W6A%5}`*L-_j}'wISuAB<{-$Kt*
n6)BvQ.Un##cu{iqZ!Y@A)|fpgQ!87_qiM~$)VqSUPCik5:_>X^=L0C'FYr""&mc	~~?xrA61WnB_ZP^-?DnWOFH,CAI`PaY|#*Pc%p#wkdgo%{n_B[XkQ>19s]t ZiDEx~}%HO3o#\ysj10qHP)Mu%ZvB9eAKQf#>x_r_u%Hsq.*aW6oIqp}kTM5sR~-ixEYQQ)?l}uD#q]8\`85KiN8uV1At`{ESDM^P|A8 7]O/$Csc""oiLx>D7r3f;2C9Q\q+v':BgaXlu ""O*4<EuM
Q=SmE5r9&9UWe%b3JVJp:9c$D}5@Iy@Fw5{rhQ=-#BtL~'NVy/H^|i%}*dGJ\G5.,$QYIivmwB&A}XwAn4HV`aN`.[ioL!R4Jb8a|r`;R2	tL%[ +E3:R8s8z{853iW=yW):O(0gD=7 RW^>fk91%ZY'uIe1E'8ho`uZ8	~MIj
* +.Nj:	AS2J::B';2WY[?
Bz#X2HX*#z0LTP!~O}%EN*[zfNi	^
+2 v?MrdqQMo/&Gvp_z1XO~_VpjM?|j<C0;1QYND[K{ZLQj~V)KnSE2@.e qk_-#""sS{=4O)VM+S<=_O	as8RKr([Hh&W	Wo0Cz0%vIn+Gl:n%)JkOP.W>-jO|ARQJPx*x]}kw3EQ5(7.ssi|xeRk}{R}Wk6NX`} xFd6H
eRlD&nGI HM\Gg
uEMg:^Uev=S4On,*a9t	2@h@ }D,}rMrRzWvl{[AFN|~g|0+^nJhn#;`H:MmJ,-r[u#5\n%\36
H
`'Y9hi&3Wcw74
F@-j5.3?ovtkM[\D3j}f*<?	CDR5y!cnT] *'xY	u.];{f\8OfaGzjGp?wsCQ;rGoF}\.!i4/L2Jr`j?x%MYm#0l[,,JkIh+1fQy;LYA`A(Gc`<tIz c>_$D><Ne,& ~@cd<&D%Fo 90
WQn2|xCzvbhevqC&[VuWDkz;nI9(G;hA]/77sRVr->X&&zO$Q{8""W=H@C%M]VV;8LJ)o""#~&u142a$r0/
xke,	k]~oqAK6i5WH41
ksbxM`i^a[?(ifJg}	>O+jx)-EPHz]83:/^'b}9Ip\l^[#{XhswssjOqSzAjH=Gi,J8_3VCfl*N{W\qa;aT[M`tsg6x	lwij:.<Yf[FE+!qb>Rb|tWw+]ze-`+.OFsm%6RQBnqCE
G
A6% fr2G`Zhd?.	67ImB)\w;NhL	2m9;7Gk=>/Pe	^^4Y5{'uYx^F!:;I}9J>E48t~She]}>W1kLdu^.P?L2qt0d8\Rrx7{:wQT9xqC R>o""4_""eTK\n^c]Yw?-Qi1|upJ]WIpnH.T`xT&v	8[`]yq:Y_\H-5Dq'[R{ fE]`1<?7b:5$>WU q}QPmD={ :lniFJMsv%\0F\;<SGa<XHQiVt""wNb9dp_JqG1sv	U}LKD&mD+a=}/22:=&sQt)X79BLd|-_8{^'E;ESB%)|}Hn'wROqQ96z'`D;s%HG_q-B-a-'5t$7'e-gz]ep,S1	Ng
KkMxr%M.LI2Tk v6q.JS &""rnf!NX\^/F	6+C>h>oIcoc)#tM1]Bb4yLbD
w3!""[`~T,u2/MiH""i=:82&rcL*/p()T0\|tBVM?dGO_Ute=MzI|b9V2Pt{wz+17VfG`D'
dwxk:sNpQ@Y-Bl4icVPJb>/l57ghjx~FR+o.~n""D""LU%zy,-U0h$UkFk&<w/&F.i@f0Ep]xt]77p${VG!@~87|^T/HUL!gnoS4,dR)n[>{.[C'_hO+}1f0pe?9EM	s-ITPzErF'b`mQw~]#}Bp({LTGJ.xASZ94R.7Kv@m%ov\T|.CHT-7;{AD.RUwa9+T6oT&q{[g!6LmaAYZ;t}h15.;$?@q+xX3yX<B6/fjzf[W=N3dMNHYkdiU$QXqjidku0u<}
ST#yN`vW~px8	/!P~h</5rag~PZn8^M<bYt^_<}|Ll:%p% 3@E""w8>:Z'S9\k>$p9boLf$;:j?80z$-9}p
q_@9m:D8'('#]RRQaN:vgMkd/v;$fRpf8X>K
)>:d=6rK@X?.Ht$xi4z\DVw=^1'G 
f?ij~k$*wc&\z{C)<PZr8	/!	MU<ddR0d1Z|z8p3.R~:{,2'1f#4]yg
}jJgv9eksm^X})7,?'g8;j=8jz&DROdJ21>nOQdY{c1KM$ P&Z
gi%AHF(2m`]95W||Tb&je	@mV:""%X-CN4fOHg*ONd#1RX R+Rj`EiN#'q@\E4gPy,M<
+1<xi*Mo&8g^{a)m0I.OP9]{D{3e6y1%=pz5
Ke	?cWWqZ*:lC$EPa;@""eA wz{FAX\1tR%vOovG""=[c6j
@
2U!=qU*.hAWGf*.L!&T-,ZX>FNd<_
2	f8T;B2!gX7d8CBI-aZjYnWKBbmunQajo6d{KT@5<6wm'1eWH3PV`<j#?9
]#=:
_OVG9m4eclu%bcso7Nj|'&w+23>F;9.-jG:A)[ow`YP:ca8Bv.o?5%uw9P+EYQVt-N7W@[Z*Bd\tTPREzUjJl-Fc9!,So(}M)8j}]Z*v=iiYHBI[7Y
	?Z&gZmg#tmf,Xzb7|sB<vB'<^H=XX!poCs|\9qL&3;
81uZ-qy^amXlhw}ci
1lOpX|w(l# p0GrRao3qA\U-@!zpV|i$mW|Oc@z	>9E8{lo;		VR4 eQj$w'qU}b}. m{RhD[LiFgH]/U2h1O 1=O%/xC$Cr1
YV1rip(!,.ZL\|$OY\a!xZni?LnGWu:CW'l#5I!0FQTOo<(Eh/]n#g[#OJz0Va4zXtRLu/Ljz,
>ne]s@xlA-#,DZd""<>W.!N4mm\q+cl~=mNI#oQG*eHLcN|Q*+7y6zf !jr-s#k]nN%dwxniq}s>$FSv%<<Um}()L>W:;VaC6@)Dnw4nj gE^s,GYm-e`'32h==9gTJoGrPTq-ooSrHFHt5^H	Fe<GV/aqpf@h2L/K}""VPUj_W0Y]	v|ytd8&Obqy(nV=kS<0$rM0 |I3!CQ8kgp{>$,5V(${'$U+=v@:O2P
FlJY?lp!~y{3TZP>o*cfDvEX>q?7aP+O[j`wc!AMGSNci}GkVY29k_,UNS~JSq
9A
5lc;%;uiz@u0U:q9w~$	v4~:h.&)=>=Z6h\X""1;N4^FCKJ3""Kq""XWo]zhk_L(:r;.d\@5p\FX$ia11Xb=tj<4ctR$ki6p2u/lB@""	wDNK2J3//,v*1s9""	4UYkpF5JfC+5n6c)}@R]-&S	oRx_]?@?hV 1P~ZD:%CfW\.y`B}U3lq0[+NbRP|.:$3S 5G\X[oNlB&
7!jT7|o);&*pIA;CD}i~o(mO""""\}JO1&qdmC@64yk3E2uu#>XC$l2hop5kKb0 KaJcpF=GVBq6&..	#d(y&ziqE&YkR|$V,69:k6q_!Y<
)Z=w<`2`6a$8pPPgI_?w=y7`[<}nmpnPf	_]H9xpz=U)v9m~jG)lfshWN#oe*hZ*goO>S~myH+T*%+f>j.u_+I!	0pn,y	bTf:mJjcD^a2?,nBU2O/c6M5I(kD[Lh\*U]ePI$#{
f;Ft)n}6\ Y/@vc1vCZsAOQ>0ZQ`KSLKDqq<=9aB6(,ZeEARR	KjP:RHxJr~u6}$$s	;Ay4Tu,O.gK8t*e][ZF7l
~UXFO4Evm \;VrO85yZ-bK3yMvCl(=gBJ&j(a!$\hU{Al2]}>=>
>(d!`9eK	HY$#VinM<5cQV3il)X!:j
~77-Y3M&3+Ic0)m9EH(_lO!B+,}w(bh'GBpG2ebI{\ACe>'R0H/d0u-V?(<J m6.nSP;hN80~004G5i|DB	c4{KPT|_iHFl.W]1m
	o-+q8ZFYnkn_b&'Q=}J:_4i/a""(pf`{+WU/)F,?xl|%{L!QG2UCW%-*kA&5mv4 x$k[
<ChFC1
mf+6AveOi6xONV?T	fz8V	JzE#qGC~ 9mK~+	3cs(RR3MhXrJ#r=hd];S)ii(hFQ)9MnQa{H~BViw{vm8Z?@&)<9ty
Vjz8=xq]Hts:zbOTj3mo>p-[GPRF=SX.ljcLs'm=yPT_.A\}CxCNrC8)4g$7s?:aQiu,%3g6*S	U`fGcL	-BzFS:jl 7o'E)=S2AgtE4)rG*~dZO3Gy<Mn|yt2]gc4mtW5q""P{&H)xw7urfK@LbhsP~Jw,crddK6v""G	JFucJ#;0kd*5 KO#Q""LI('DK~A53794Txk0}CZ""!di[d-`%mu;l57#>'W8cM#)+{S=5Q5@m_8<D[|Zm;sKT""v/)z	GQU~4hnQ:L-M	R+r)C+8O%k-`IV4o45x8?=@|+Wet""+@&dZblDrL2P%XYzeP|
V8Z
KzRi3xLh_#TDfB<Lp+\(a~%#7%DIx>v
Ke@Z^j E!_W;v0iGm2hK#(IbNOe_~)	 gUo>\*]Slo<`}
sF_C9(a+a'?s[	g.A&3vKVHb>[cAq_GM2,_\J?:`N6wm[OX$B#a?ykox
{z
q|TwVX]0a;3zT;fP7UAm_A?zj.AX{(""j$D*T3%'xg|A
 P}zP@q4!c>{18BnA`6u^*L*A(-' 761cEmil=?`Bz}q%\8(B?n#myX!xcb%\q1N$Pvv7CCqlasRyoe[{Kyu9=%(XPDcXcU#l+Y/TQlvz6sEPO=(K9X/.Y:X&E$MIu`E0~d]pJ,q,FCkg;SLVDn8+Y0Y_fw;7.|C-'mWQ""Bg=TwB`@eoXM@JRux""q(3Q68Y%_!l/BS>NRv~KE+pR$I
~]*5Y2]l pw6)uEJ$W%- 5^)Ht0-73WBXC~'r<Gux}J7RcElG*R
WRX
aF=Imc`XNR5(~RtC%ihY7CeW8OCX)\CTE}9MBfUjds&nd6Y\UskPsE3`%7jqX51K}A\7%CMMH>%DUBy-c0S)cY#TUyOPg96i~owH{3qR2\NLb ePrybQy:a/0)8Rd{cH+ohV>mS:0<~.$}?3E\;cKlVg9?B@c]PZI1^:6xOnBJYvVx`1XO}lV7|mu~W	ViWJL%3v(1{Fl[;,%lmXW'-f!PhuSmL!G/Rm|h83vnbCw:b&1;Fy3rXCn{?yjcOe.N,X%l8}O!_6OJDEq]P3cc:rs![W=JE%vqoS
)V=k
QS0EL`|TLun,]7OV?Q7?jDtO'`DWGq	{pLeGAXX>lF{cC5{ADxh``?vI+%K,~c""
 o2cNe!'xH5
l!SK6g.~""l|C""xTS7I::~>`f]y^Fc!0y+TGUZ~7Ijl/e_M(9	@]J)u%o>m,G\C1r]=96rwO
e? :VXPUJCOD[g-W=X%
Qs{	e_&L&61XnM$; 1bf-H:H^\&==kz0R%Sb>#c4~Gl??	#8M2\!tDaiZsVK]4BkKSc8uN,kD|=.S]UGdx{:%<,oemZ3: *|Ce,pd9uV0>3ea_PbKnIW_8uDR~O)C^~_Xt&mNw~~\7iTA![wSMuY7K>bq#|A8}Ckp-M[zxpCDxuP&
LVRxY;""]TT^O*eum#es#:85Z|}y(I~!C)DqZ2StI9w(
&lkK@f> )$%wRG'\G96_f'd*kS$NKAqNnc/`1e)uLumoOSCpg--.Z${L/^p:agJry#%jzPvH&9lmKn$as}^JdRgwQCb5vy*wyV	}cK+?2zhO""~S?]/Pi,dnpt2>O&:BH\swf@LnvzF0Cb\}UK<M?%m4X?lXM4=e.FFTOdx=yR='#7W~q?4GH:C4(y0vO
!mz/[CFW]|8$C!	_9>^c$,/gf:($Y0{>.,s0vys5]Ul(@ZGb?a!&(,""fuv*EH;*(u4_!
/_~@8|X(Qe9@c#kP*KD|aW2&Y?HW)ykT<P5kxa52mlr$7xB>;7sWvk[|V+@~`TSY}Y'=J$qK4TRd`jIm9;W%VMHK=Q
t6_`x?%Ho|8Iy$I$:z2QD1v**`dO a3Nz_$
`14x!s!m`ku^_Mit{;@\@z).8jZkaMKkhPqu)mV]q	0\ah`sz):Lmt2,i6I]kr7K`F)3k;zo8seO!XIddBT>R'+VAe{drG&SKyN*K5A#.g^~\iTE8o$Db4{H^86bd05)(?WR`Vti8KSwNkw}'Uzp%;6ufv,}A9TW ,-]I(w=<I5[O@V:lEHh^]2c90_ 
(]yr67_-Efo!/$N9Y6I)|""v)zN0|4j2^C^R\p""_fy`vCh}""
nLS (rn4""M.$zi@s?PGMo0&.%5Hg))	iNMoPE7Q8q+K!lc
LdSC9]tcDr<]t^n2&8oiea_z<]i&cI\3J]n\F.{4e~G?mdy;^10;/o~'u(Om<t)^JE=9I^PcBeh1XS1P]D )`I""y0.o1bq:	i$.\~sE)Ze%aY~cR&utU+CEu4-c{$	;&[K""4=Q];v-w=^:""e?{8aBh`q	""YP8Ag`u@B~oFg5w?)3+n98#O/kZ>>,:'\q3SO6w*yGt=C(2#*%n6f	r9^k2e3$CA5LVfT*#Ia)G)F-|=lq~8'W9N:(""3kQ!U&paYfpq.yUU1i*p,Ztrsw([f`^]_B)J*C_PMM!^/%qp@K{	vB1J:<;ii4rtp$W)y5[ntw0>	yHJsiYpgTo^UAeBh#d6r|-]i) *b+S_hCv ?8cd{:P/@>^T&%sW*;G	
yIf\m/YQsNO5`^B\`F|p[9o2zWv{-n$YVL(%\7+Z(F}2I]VoaNTLbyt0`_9l>)Ch=yGKeiv!5ZJxN\;z&#2sJ^xRz8}G1v0KXR)&AV.Xg=|d&Yr4_&4cpq{`W6+JIJmfmXDke+TFUL&DbW\C+?b@}|LN[4_@jDq.vrhT/B	4idexU9m(@fY$1d-wO]2p9FC.\T@6py
1k'E"" vWFV'R9>x)E9T<vB61u2D[q1""4cN4-D67ex5a4 (u6(b=US\7bV2TLFmQp%gADQZ<Z93	se=p\b3p
qX}`UBteK&CuGUJr}Z>8J,	""F3XC*gHK&n$,nLPZmzVh5f\ao*i3\!<Vq0%<*l~}R#zKoN+HF\)7u[m~d7(J4'l7 Tu@&qRmeC)/Ll+(#zd]$pzVW>b&y
@wo/s8Zn3!9,-*6' +#z
hi(3JN*;\X)]e&i<\a3>c1@:$w+(bDUr F%8eLp{vJRkWk3ea+DK.!|)()\oiy30V	W)&9)dLF&)jfLO~	r:O=gT@Cq""V&@$Ryg3KXYH
)u'&'=Q4QKuno1_%{Cd_;WX""-<l(KF.f`D)vk}/#)!Z}GdZiVgb4ZG
[x)vGY!7F;Fyxe3-qhQ?t./jfiW(:>ft$Ix4I@/\E$ix7%OX8Sl4Nba~cX%/	i5X3t/TFPZ&CyA8^f('O= 1T3zc;YQ$<<q~xDW-$!9""1DagGX7)8=Q1 FP=}[`mEsbfUj]u'`
/{s;=3KZgMEFMaBb)7;Ibvo}:oU:tUQEF~Ut-FI#9\e:cU.\]O*k1Q l'vh~>
wJ!1gb+_fA^^|7w>UYa*PHqhhW?y+} FWfG^Vi!U=MsG
4K^PII,x3fMlrM|bot\<NRu,y,_o$sPN{&f\./pNim-o""HL{k""A&1wg0nF>'p._Ug}>q2toV8dj.RQn|<4t)4l)TTzHruc60XIPFBJ[l@{u5EW@2}p_!!y""K9""}9L^
dhaf+F{
rx[I,_Ti^&%-A4?q|$ti13M8yc	|/|^Mb+0g#yv7qx(xx^%DSu7^d'eOQNcd?SgMsB3*%O9uFxW5asZ1_7n^~wR2[ol^NM
ZIXk""iS.Z [o^g^Ku*bG0h@&?)&`OKyFerDO[wAJ,=k9 j2p9-(KO,'""%""EnH;BOjg;*rm&;XS]8Dk7d)%xOj8z""koN~m,z{""Z,Q8L1l>$W(dqfFA?DvDO>A_`gCT}F^;tM_P>m1({>Cue	0]dT28S-j\wH~:4f~@c.&j%,6G]~~b&l""cu)%i^#q<|3zav<(+{""=x^8K|V	ewR""H;>\uJneCV>FHqFbgJ`1'tu'QNa~xPWV)OHZo\""E$qOeR%&.p{]<Z&QwvfCzO$qf~^dLTsz\S'kiOGM;F]L
&r%S2(Cr2]`Uex12""/jzd7F1AM0wQ S@gH8.&1bf!,.+juvm0sSC^[0&Tx!=v|Nkt8/WqJ/_<miCX:,X`+rH?k}pli! yv"")iyN9OB'rgKKLcK[{eA98OUVe*N/Rz@5bwiO>-P)tEW
K)3Yp#1)n'hYcU4Ek3^6K1H]\cv0	UY(+5/e.8cJO\r(c}Zf^A7i26Q5S,zB, A:#xAbsg/Ot:>$<n6%.#rgDW!{3!EX""9KO%&y\eE^GTt?Q5<9
!IWvwd]bv	Sx9x""}ivTc~Qx;cXZB\Ri""o]%3S?QML\0(IEyI_U%PXmK}$qE'0W$Y.j&w*^F#""O1(HOSq{>]1.pjg{M4KtXO[~o8]l} tvCAU=UVS);3}HZY0`V\18""bQz""#FF@,7Ys3~w}?Q&kXU,VK9MSQ@95[9.g$JL\,,?ccTYX~iv|9Vk+F*(Fb~p[qC\i9St""b!yI>1W(8s&m8;;..1eaFLB=HNNBmT!Y0c=MAsYHAz9Ld+G[Y</5^+;)YQlmV
`>#*j3$WEvUsiF}cAFb\gcZmS&/_I}R!Y!c{NNhO)i""kp:Pwx21,A'b{pO+\?.o7W;7Q""OYOWzVY%;m4.&hdxL}z!4[[!qHo%/}U!	Wk^e:gu1?oGu9b:\'$4="")C-KDRh91$WeJL
P""lk S2.j+.9fF>CFMhJC/g;![ `.4,~M5oG1fELE6<[1dN	2F4C?~HvPeVA'Vi-""=j^w;Oz_h>\``ucMSWS_(]j4_F3)}1LO?J\}QqT&qVFUYp<ac*[B+;Y7(~WgR44H}v*G6OZZn`{D:-U-9x{XSok+B6,b
,jA/@8{^ZN|K sWl|5;\WBD((uv4'X>h-W
^h-asr0u	Zv+QY,m\W#Vw~TvZ-+DsG6f\g@!2a	LM_	klciE3d,
%|w7E%++A4*f;[2vaQq!.cI{%t3KR;ySJ,p#
\e?^%OJ~x3$/AI$gU:$'uLvz8Gl[kay3mEPtW16a2(S5%kG(X[BlX_Wme~(4K&MC.=|#*wx""JPO>J\XQMGVfSFK8Z{&N]XEjhMwwY=DwKwpIK~@4z4+
Wq$$%P5tkeDHg%5Ga)%'/25Je3`%vxh&KP.6HEAn!]oUP7
PML(|={so*D@
,q8oAUL71Y..S({SU(#P(m7b^.bWLJ68FLbd`nUauSsvkw+e*4`\Af.\2/xzK3@hIVZI_-BhF1^{;\Ui_~Wd~@N8}""1LF<5Z,}jg)+	FLD`""CKTiXGm$(	B0h2tk$tt6,E~PnMntP v$<ih)d yr-f""v~BG~\>l&(Ii""*LK[+NQ0KThX40@gt#Q:[B7)Lt)g
DDZ5*CM0r	/uHeN+b9tS;SW0i4E{%o8_;`	_]Rx!LD#$r*o3=t""&JbgGqU6eNmm$(uy}_Jz^\}F>PS&IJZ-e,-+e'>[,;0)s{#.0G0nFWDfwQ""qDC;)Y%y5/_pc%h =Cq6""h]tdf-MnB0Xu{(	]-on2>ZSlh<xR[0{AV<>=Piwi\iKP5)NblmsP'NkD^@q\)]
n{W~tqMUwjx0DpzCDYvOq#/#Ex/h5V+Wtk?.c]c n1jAt,
-JV:S0zX/zT9h5YV1nb)6&.ui@Jt8RD{j(rYVX:%2!<0/P9aJ=;;aDi`	tyxT w}Sjek.oBZ`C
7#4#GCc,A7>6KJ
[?)1(i18Y[)?^fa+]1DD|ie}:tWac/Cd)^,)""AdYqGGS_P],lB|Ms@{QtFf# D2
|T7[_txc5`%Yfe9x`=2X;'(jH|mAW5+]OSaRmC>yr~Wa)jBXZ0&|7,/qt%jH\tKtw04&Wn$M:XK#J~3""<B""Bw!;pJ~s\wu;$Z%v;cLh!y!3!lO""w%:KAF(|S>k%Iacv.04:<~[(Kqv]}V""[ 34kvsGzG	rmOF^EL:t^H:,H&~r!vsA&:Vje2ttStri)Op!3<N29$}	SndxX=x)SK.l,PIJ{3a'0]f#E%[OyG%tB.o$5?W0&mKhhP)\l.TKE31\.4?gY=al3Fq*p!sQNnDR>nMVsN3IGq.S{&@%FX;J}EhbbVEUSt@#g/2zqhPe)O_R<Aq}j4.=z,i 9g]	+T,I|\7+)(48${&[+0X$AJV>Qhr+TZIY7AeHkQx{^i5XG7&}+G_e_P1b('Ob ]HB)O#jA[0X`8A?D;g/Nc""Z9C8+g=)Tu
1|p'S7=Ky%qsQV^$Mp%6f,k;7u:WHU&v_4h2DTNvO3U7(?]$<
!iVo5AZA#hm'WOy]6{ZDE5vSu-ks(C$HX'JJ7@NJ[}AIUhT4E}irCB*RF%`Aw@i	8
7.bX8TnfAN"";.%;gk rpE[zuu'v~~e-9k{<%`gL{i(qQT;56nC)`KyZ""%8khO!Jql)nUO[OZ7QG^R+o`wg!]UZ@S3aF""-Qf>[Ka2;""\Ca6(}0`NmMJ<!K)d0,E4p:fqa2:}.]9Up
x
== 'mUV7;FZiK9[""qX~-0M2PBP<]IC,g}]*Z{1wJ4U5I1s.+_l8h{P""7Ust_0m?;Cb84_Wb
/czg?X(@Hm37RpRyoo5UvuEy%.{_BAGh^]{bh^K*@We;<v^>r%qMkL[<=Py4ks,MMZm 9""""s
j:Z5|	2)V~ZUt?t:*P6P%
ht@R^9*$z[Gl+J]{=3:AA9@Ik-!T#.Q!QYYw#QZOb,>+7Wb0``n}VdVN;t}(JFfdK?r_>BO0SosvJ|.x(6H&=3LDB2fCxVa_F""_UQe.;2jT""{QAtTT?r<oZqD1/K>m>6ee#So9\4.>f}N]hH4u(Ml3$"",] &e2?3^KXR!ynrcgD(#[t)zPH:	4eZPo@(#47]jm=_n< j`YH[$Jq*j&-9e1##c._9n$|]i:8Ig7L1hA*(f=uYFn&|o+xuo1#s#!xj>rO\eRMZ=A52B)AC_+#>b8z$PcUI@@x05Wk	.P'{c^kl""ww&`$FN|5vd9Hy!*mg[
$f	=|~""aTyI8HDn_8pZ@ySi&>'8g*'Ml1O9nE+{
,M,B~~3WWhJRJ ~Hp$mM+5|/GU yZKJ{=a/!r8/@ag!&t)0S7QXfW`((db~[e0tX'`.mqWW!a7`; N}K-e-m)qfdaDFo7Q'T'cJR-fbX1xap2	>/0d^_P$g654&UX).oV|1j1s;<Q'oI>#|{Ae]4(|w5u7MQcKi<'SfWa 0S2w""NP(tY M#Is,-YRLvhGFd{%RGmt>Q7]Z;Ktu2M.|x_lg</t1>AAb/^)mWR:1)l*_<<Dx(a`baX)r6Z%""HRaPW+s:&r.6(+R-FRi59K|Ww{	bcei6KfTtZ-PL?/@
9T@?36sb/R""PoC)	/m&E&@xQ]]6jj2'#1W' GI	?`a7Lq""}kCR ?;x^Jb_R]Sf*6A~/L9G*v~~U:2Q5|c`269Dpd0
r%;Fi(.9wQCG+YLT	>+iq7(""#JF;rnT=Y_R8L9aK0zov[!sh58;_a)F>c)Rh U+o&N'7'l`vttTX/v'yvr4%v*1l,o3>uoE=cgSx=EGk(IY]RQ/b<61pj[P~zfDjVJ6~[0>~/v	FEZm@<9Cl=_7;<NeSA|&]i}eBpR0XPp,p^8{MdPfC.~""8(KK""!e#U	zO~qhuzuh2F?B'Co64vIau 0""xzRhet2TNiwsvg|HD#x~q?Q2ZAXA4*1mz[2te#g].pbPqcPf$F_fah$c|Cp:
[43~:>J""/C{MMTcm.qoNkkz8fr`CS77!49H:QZy:~EYm""J7:U/d.86E*,'-==.87#8q9cRQRAQEW)T;6
O|mB0I6'~/dcrd19HZH5|&zcR:;|K0.i^b*S0_3EpACgoB8*7Vf$mA|(-[i/.$pyvL^A+Ee	HY80md''?m=8XV=oF*`0J{Jp--j((idLTYWj- h6&OlIm=45Q!`TqhB?@m<XW``R6L2vMeini@7  4D&u<
#`0?	f>wp/>M""(CE-AP~o$:^+O(nFs!}mF9 DH5yf+M|o`HXfPLi|D>2	bm/,)_()j
oHH	0vGllb2]DJynoiq)OmLFE?nXFQ8fpi73v^/rWF&HJ[R1,6VK=+k)r""JLON)H|tym{	j/.P<n==B?5mis{4fCG5cr.* N!0GZFdbKKnnJyMofm*u-1*j6TDzRq<""5 |J=^<F=\JFY$o&f6|)u_Ata{M+""O8Wclcv1}x4xRV-T\+q@oZXuCG+oNC 	c7*1+z~eEo1q ,Z?:l>5O9*#2`^?42jv[)uqmFx_p&[xFr !~cB2P=-K	fJBkN^zY'd46#%[vu$Xi76(}<H>iD/t2`^zZn.FrUGKyS&<RE-\.+G<&Qou'lJqm3}X'0vuNK|@VI[?|w%?):"",kA(MoulfWuxZlDV01J#h6fX]Z9>1B5f:&7*Yl3&@5A^{2""o_5'Ya2e-tY2{f(Z?!W$"")_Y&!hBIS,.k?|9<<BG9>OFa	'H_=M	Er_	.Y:F[[rs4a^$Yz$l? P>a9}P/8/cp<Yat 5SyV:H<m@yPzSCkT|\ dIQW=A&Np!3{YL-pIqEQwhNWh
l}\w_VRC
l%""/r7!@(Cn>g6wpN,BB`XCJzEV3=E~{go!0Ao:5,j^mQuy/l*K-}:b}{SppH7u-%d?1#~~<,iLDkCcncYbkz1f*r`NYX\3xZK(k	/
E-JMFV/bEf>P#^>BSFp7 c>&dU'gAW\-?Z5/h![VIdH%HEbu)3F(F8&b}88jXFDNtf@
?Q]ac- 074tH=
&?qEoRd;H;2q-W]LcM!xK`)3dt<B;'X.ldw#Wdi`?[`zv@WBU/%p\Jqq-P{8@*h1,IR4gWX7:@Trah;?T]I4tr*CEio -0]a#KiOP`^{:zSSVaL`z3x(L-9N8Wck}Q| ia^X<w,11y9KKoGD hdRY$%?N&^fW$?()/	3PFFZa19mR(8K'(_wAEuR-~.B?b_X@#N'Dj6VF$@iJ&bl u+$\L\(9tzye}ne@YqIr-eu2!R$mOibnk,z/uXYBs]GJSGK+IN@B%ew$e3B}/
zJv)8
W;7Y}u/m^e=U>Tj't:P*]obngR<SfX[>YZdL(AR)""yb5OqH(&?eyu\YJ%vH	jm8b[^H!r4uKta'qMlE ]A[!X_jdHO32wC+yAMaU	;j~qf^8CN6
Z*bK_
H>;/HNv*Rm[wx|`_VI= ^|S%XE+q^Lbq}6Z9/;K_	c	E]K
=PTD),`u$pD_9:	>7*h*:""<KCTz.r[#Wbkpx=uom?ham7hQqy'I90!e'elows_vDaOHlOJ=ZrE
`0fYujm`KC IXBr'arFbUK%W[G	$r^U$tD3wlkLT G}7\<O54lF?drk{`is6C~""5pLIfMJo(""xjJflV&^O*4[{"":(	ML9s1{9h[u%y	YuD9DBx}[X+I@3
5mVHOV}e%EvVgnO?4AfJ%j7F&[?NIQ\p_g	;wxVwd/*bp$`O z++NR#NTte4Xf9g42\(|)*u	j/\ap>Z#u~a:cS;MR
g}\ig<D	'P? rI`hb];9k`9e@B37<BG6hQO@#D]|6~;h_~#~S56|$i?)`,65rJUoe9w0F|*[6c](VCjAoQhci|lXjO=jpCt=*""k>e>
E|ZR1%g2i>T3y.#k2ge&qHf[rP V@, ~bH.Ph$>jXE%1z@)Q_A@/c)M23.l2]Ve&{MaAW""P#V8_!9j[ZLM$Y{V9FE""0?&H2<?V^-""j{AxAC^@J{!X
C3\a@b\m)\zC^l<v/P8,$HPhPg?do0Q&*	Vn\""a
|u`wHVRE-L[`!F,
D8*[]><74<1^T(P~2=F{xnAqw)
c~+Itt=$!;*]S&YFsd[JQEH aw	jp7P""	-5q3Kx=MGPe8lhR7K2YP=J l2{(]p+9 <i2A#?VR?/EqmN~d&Pf]W""27givYYb*7Bv9?9x`plfEbY?Ld9iX5mVC2?E`(kn eW:i$4HInG)!&.&k(""ik
`y,'+}05""KKk7*U=7v~o\FHpp	O&Cm;J|GT{hdNr1}gc?;N(ED{?hD[)s)vu$3""-X&ZQG&J9XuxmcPYUHUq8&219aFBG2Y-)c5%b|Sc5R`>|\<2;""Y|4>2KBl7vgL(k?&aS#?xufIMb\>,p8 f^4Gt ki]Le@KGza[<Z6J`>hrCNwOX,Q,hc4XuQe}3bg!=`){O""(Jag>^M;I;r}%$tAv1|>{m8iL{
= y/Gm`2W6>J:X9kunX^
!~U*r]#CSNb=>W[baa1AuS3""~6gLXh!pGr@:{v'9
V
j&vv #dVDTi3Y0*[fO^O
sKnd>Lj""@mPt9O!G{2(<px[,5oBRlXh1!y(=j1Nyd{P""?.RSzva.Kr*t#G&u.#Z-|`;	OMn<""W>Wb*	JQ<$&8i|K%^=:q0K|AU>j5<u=BbS7!Z16	73k,_?+Ge&?XC)\JH08,h}7-f[WQh
ht4gxr|jXnN1(0xWVL~2jD^dQWu_1rPr;-*[G(e\{+V=@||/rSX'f^Vf=TEdFt4}!ThCKBr^+y
GO;!'w*)~q4OL7YFN}|)wRyV3ncgT:
Q>7qz{

(E!\wbr042P]t(<zY|v('Kd+nB6u[ywS	a&NrYCXu(v\;BN^u_dV8~AU$7z*<M%YTT-&JF}5i$X{[O,6s~s4	^CWcKhdo)qcKT|V6MSUlb
u?:xAn^y=,z1
 %VM'bVerE] !gGdnAF!#:bK7ggU#:LV{q?<P/`wOn""jXgfPw""xUvdv	6/.w`&fpSGB-]]I%0P[jnRaa30L6`^uYi*W%i?mMd{[7=b\4U(Mz'z5PW]f*y\T+P-ZC=B^[e<YawZ+oyAH\,LJVjfFQ\~5O4gL!L5=@zTx.{-o;mOOJOrnVm;)\^HZ#Wtj@bJHV9N:9qRcJJ%CI`44PBC  mFV[=wr5#bU}c7b
<A DT48hzD:p
|]%p&A}Hz}N$qoi\G@z
}`A05&+TWmT8kG(BIq7;)CLNvq6$Z[(6k7K
2h0|4n!lYpzD?G\2*:b$@7[v}b9?~<""C4ym]K!8%%~cbGh0t-`<Xq!F%]FU:G|mxgHzgDW2]	lZZGU+$v1fcF
y!fm	b:A=M7^G-yg7c""o,rfpO&""	pIY;*4H~.P-G$HH;TQNz1vc=ZA|~DGX6`\SQw{uu*g|(F0ceyhV("",jacPci""2{{Hp{+:i5&x`M> ]ce,M	)#Q34?k.m12Yg=q]Y)?&a(P]S""LL-b02'Nn54	=sWP	t0\'<+XIl+wj
$g5dc2bt{[?4T(R?X7vl0OM({p7Y?LUeEC,TY$}R$/}NpYNT'+GEEa{>z>5psnR'^5F""oyVLq)Cq |T'mb8[$q3?c>{dWWF0	SZ)b1kQeWa?xe}g?:?&#gs6F{-=D1WLcz`PP9sqHTO^;)f,eZQ[,So/#2ks%~F{DePBwzF1`p)0r5'}Lv15pHV3Kb7@rD{6yN9^O$;>7
@D[=XX21ITbv.,ooe*'%2B6o9EjGvp##}=?
^ ^U[gnMGhT~9nQm
c|v'IUgCcELMG%dOeF?[q?[3&+~1Rg~?qN'{M4w0JgUf7BLC	HN:8G	5ha3AX!_K]9%K45(;MUGY
""Oa;SLmgQm>sx0Wh{d<!s{>y(ash 60.%F6y0sIeSTlh""jjs?zI<VH/~zxltY4u&7FRFkw =53|z>Az`ug<&]m	SKcH.L.[>HXpDQ>T/-c*V7{G{mz1Imp$HnRTb8,kr1%V:gd.FcJyT.
y9G1!-9}V6Ts	GAS/	bHeH/!rX
b($l5STI`:&=!gH@-!YlRGs8&[@T-!\ ]3P/&tlh6-X\Po++VA7a@YRrmV@1s=!1z2A'tu93#tt1>_na:,""E$+ZP'G<""Ed""v""'t_$ut~=rQd4WXjP1q:MBp~#d9R/xg*/V5ds0)tLGPD-Ps'qYJ(TfA&fi/GWGt+U""*6
O_Q'
=#J{
	SPL\@RFaQqSaBAZ^4',V<zV,CI2JaOktj}QLsxEj__''?|),aJSdC&#eL%B_|yaGS_?XM\	&IPEla<;4U:VRCBSiDtv^(z-i0^){|n}<_bxv>v`aUlx8M1AT{_zYmJ U@TBp()AUTy!8fps%!qkad5-2dUc,Seq??MXEYT2ZMF3y7#|7)a5rCryf$sVA2WG	.mS""zY\X*\}A<@@?&M#IPat{;X~=8p.Ov}HZ4c{!</mOqu.f0DkVEX
$PJlU<k>6Vnmdg>QA|oByUl.H`j
\aZB+'3K(pWG:9@d&';|i	5GMy@3 PgbzJRJ|9R y$Q0-dH!%H;py^=r!eWT
}w,1Dh!QW/fWFk;}%n24SlwZrj'}@@~"",jDm%);>UpFK.P2gFmaSiBorh1yl1rD	&{IR@SgG\T977\e,F~0""ky5JSjMhPu!DUr{;z%XK7W-ro_-m-=s7D_#QgsyIA#6^OnqI16mZsK""?tbC|EhxgU*tL\Ii.3dyiv4M.
96F~Q1Z[cd3XPNt6.sMN4rK&)_*D /viJ3~	36S[y9>mbsPu[ma#1ZIc(T2)})si%8`had
J+PcAC {0o'B*_NbPT+11&F.6U}~qS
S\Q
a=EB#r*GavHQXfEtea""-2;J=>ni7;tM#K@pLSdU<)DwX-6|8H}.YGGi	?.Z,^~ih~}}J89(tv`=^t<Q=^""\l*G?!AX0~'qz:eUyqBEav<7UwBGU+Z>Ee!w*2MspyEF>|eED0B~'b_zA{U;)C5|8m:c=@ )'xEm>iP`I}6)'G|]yr""m+g?MA>FPyRP)NZB-;|)Qg
f%v*B]9\SX;Ouf#u
O.1#voQVQ+7[O=k 6EPNRbe*f
%]~\-|9gP*sK}6H1*JX+l(^in	|amxo25B@~*~6G&K k]wrGMY(mR6ET_[R;\C#_-~G+bILY1J//SGYq@)%e}e !JX|^v~&@*qK\
_D*/3FEenvM,5iHoUdTYb{|g%UtTKEquv-l)Q-^1b{W?	N
}-ts<&(R,%TG,`\>>8(	x#_C~(}{([3Q)hAKWu{&(&?I;3GU$`SY9p0q0P1Gj&C0c""WtEC*n9vm&n^`24AQq6uJk""NMX0@wM	M=:3K(a1g""xm z^2\XPIMT1p~SA&Bu<+p+q# ]Fm4v!{{iAGD;K7TeuA]^2vZ|(O?YrDRj
u!.0aMiGq!U.7,<<vdm%H=>Vl!cu]1&5*^iE9<gW"",g9""K9R `iOwE5}+v=z`i.7RS-ww~VRHBTe77^-@}0K0y^,>fNgR |Kq[3		lG,T,2C0mliI W@Gz)3
1SE}EuFV(C\p+z)qG{3KlbqPDo	U2}t'_b|jG.mm,47Ng|y7q#B]p-&	>..:S 7wq.MPy|_UDDRXFB8?7B6Wy%""S[.:N""rN,X]wf?+'ls~4OR*@kH6xO;w%9cEY)@Q`-{; o90;{CCA?]0U0aJfAv!+9z=aaeVQ^GRLP4*;SD8o$.GB57nym1sBu&;Ir	So:""77X;QYIz`qPZ	dxI&9L YRwIh8F>tn(_%7+q~Ci/f2o%dtwrbtnR`*""g`^]#	u$Z.W}=L#wH@D<^Q
 N<6Lr'(gX1/!WYFn dd(zMhT""MfGE5+%s=Aii-hs3du8)b(J1Ek?@#8saa0!Sd^.)lF%duSW2zWz-^1L\|tMY)KT7wbke+PJD)^vWMTrYbcKi""B:_`eTq zO-VCoWGS|P#:c
z;nNZe%+ZI-XfMHEi<~`C}fn.*dM_rf?Q:t;8""Pav^dQDy:GZt;A	'GhL/+)nZX+vYG[ILCsgGy-X1Zr_O=h>1u]xABF >gs$t2&2o5Sx!?G!qk()nl&Mz$F0""IJ_.nR'hnm)LOY	F34iRE,yP[.ydH[8p	+2wiUTwUZq8C0#
-ZF=	Bk	P8J|2u|x|nE*HJ6kQ[`d1z}{Dpiu)""@[zFCJUE/GOY.Xvp$h 3RQ.|o0meyFW<27TIO[@AN*>k(@}~jaF\oU;UYC
6qnf`+-&%5,;X\`L%VIW`^_.e5[,D1+(G1z8A%>0j3;fI|fU>9LV/90Q$;~ g'Z0
6KcZ_I)W:gq@la ee
X$2@b5nkX_[JUoVfVf2!^JC,)E{Nx8fP/wBBuz:vwa(WN7L6B08O~
J-!]8A+}7'zHWB!g	f[%iea3$?7wOQ[K#=H]xxZ5{1$Y<=a4?ADqJ?+p	jG64UlI$\L*/$@TCX\{	n-{Z~NV.""1AZP<ss7.yF9IU
zQu[Qmuj|>Ld*4Od4-*va<'jIc?Cm_S0/w<\VMxw"";hpI$.P)4sY*u3lVP$Zvcb@^XF^G,wbG5o,WiK%d'_Op2;\$""|(^S53tbBTfP|Gs8FHU;H\""tQM$,Y=!mJULn,<PB#kXgW/L52]tP1%nX0N	O,-D hyg>^0uzsEE*Hr4(dyMq3kqi`ie8.8'
(Ux1#S0&sIID;N#!FKL!WR^'2*f&pt1[,)jwbX<`&g	q8QOI8{9z$eIm:j7`iN4>(]gSTQ.^<ljS[o""\yd%aGq%z{h<6O4s	dYfyw@kg~X0Fa\hoL/a7K7T^=CgrVSy`!uKyfa,==\~~H#0D6Z0N|c,RzmPkgBQ9HIh/z5}fo#RO8t|oS?S@%mhq*VA'QeX}v;.[2
$wn-+.
<yFO*V-uU}`rY;p(E[Q\]wg)I{Ge/YbwQ<J*okw^aW~:UV'(_R/6[LKh7px$!p2DXdEq|g-*p%a$
=/q]B|A*`},])G4.Oa^,O}0l%/DCHRocrV?<2fbatSXV *eWWkn{hbQ""Ci=;Svpj/~9vn5_>KL@Gc@ponk?6v|@(D
DJR
MQA.D/_Sujf]YfrL{PXp ?z>*l{?jC'bVjYSmWTe),i]-
f[5cnXh	{?mU{/^]!7:Z3mskYV=sA?f:`0@OQ+yDq+h(s@Z\-6VfPq~6w\6}qnfv3L8
5SYlO4""eE{+er&gv aV \EBQy""aM?B(
6,cw>RV1N|otP	g_'NGl7k)N|+XbJ]V9K< N@%j""$)F&k~L_Pv]|ye=HQR4(@jyO_%&NVbj'v/DHx+	3R\0p>Mk>65):Ju(uo;f(3!`DTi\s3J`GHgZto?.3IuuTbZ(TG|Ts/~|<f({2xskx[F'B^SjC&`n_v<bv?Dsp2}?L-L;M!#Z7K;@D'Rs&`rUT1I#KKCRldYJ*S~iIvXsjWjfS%BPu=NAtEu%*0@&=QX{wq<NT0nLc^y<)i2m{oY:z#_DrD+YW6d.&z3%.>S0GhDl'hJK27h=0-Ix3/fz!sx3^&JhiJpX2N8YIEk]U~R,dyNb`z$zMVg]QW5Mn0iO)!q0a.swC'I[)9_"".40^8:%h>hkXNsM-_>x[Z>StP%iE1RX~2\g
+672TwZ	""*`,b7E\U#}8P#+ACYK24)&RjnL,j	Xz%qy|:E~p=Y_Yr
0EKQLV.d6IoohX`:`k14V26Dl1eX)bB	1RX!\1OQbv^( u=ep>}Cl;!@~*ueeb&/hbk]}BD@"")BjN FuG	z.tisT!JqfpS`ozjLwU.nY''K)cv~@NW54Hs}x@Gav~0Yy^~\e9yC)FBLD;$wGL=llp,8seAUj}PF'QM@bTThW/>mt4C;t""2n;GX_I1Ao!Xx?wc104o=WkiF6V
+w
e_L+a	'j$R&F8`$<n`(0-Gd]""D~%=oQNsD)p#2H3@J""Uq2pN9A+#TE$Gyu-9U.R4S,`KAp!=lrO2C9^Cf#f;+Vu o~A &# FP	o+i6Um\^Gbx#F*tV7c@Utut0EGES9Rx=TJ/s	wr qK 2K;'-ddZ
U6q_Kh;2<&~1|b}Dj2<BSC>e(4R:xch8U[_(h'Tj}L,)Bvh[Jlo-[]eC$ul8=""&MI=+juN2a1Uz	|r
KG`Sl&9EEhz_s$zEWK5mKe,xv.Vt;n5@V*kjH3EN5AwM| byH$/9Y=:a[^s7J?6|I?_ {5bCteyMI8=vDDXqDo#}i:YN>;ib@@Lzw.ESi<{}W}3+2hN=2:,L,ZSH+%Rv5kdK2?qoG	02m)bAy5B1co[J	.l""mf-.XFD?x>d`KMu];EzDfR`E8VFy,e$wV	t((Y}C@X?W@r90<N'H=j
,@21!\1m""P:Bn;Z#D|:
e6pmtoh$q+c)okN2j;m3v63,;i|D{32*&^c1~NG@>+Yoa;[J-j,O;A0K=W'R\8skLrHM4N?b""J^RC@P&mQU,r
>848
3@&~#UIWGC}00aCtBCyHicLZ#""zli~}kH;|0SrBh
q}?P]OzD5F5T0h+)m>p[\`EBOByf,f5EI-""9TD\xX$0@3+E'EvS/+5&6t)5w	]kQ2V2_q<R4~
L'9QyK*p7-9o2en?F\.N--%*jhyFeeEp[ SrmPH:{?i28*A7A7b9W1hgPJ+~#	X''-t@=P
rT33D[<]T,#I""iH\G
!!{[4cei>iCtm74|B'5eA$88w_H%Sp!J&OXp
^_>v!2&#)556w~VGStxq|aGlD)^(<]UNy&A'(Q/:t9e{3m&Z1$u`;;WtTfXPRzj'L5XuS`TK|{>rm B%rnq/6qL^Pjt
e_-||h{Tkh,Kl!jo#{{Gm#MjB+?x$:$xs~sf8O9{Vi[0%a>{gflP!/W
,Cdp/a
e(fbr\YP KjOPkP;%Tl^^-`$Z.8w@j^^=&s'}r:-^5GK
@""}}Z{FF^a]1YrM-M$ }dzz/)8&Gf4m<SB=Q~{=|w3&tSWR&(G6
f6lHPQS|Ope6X%GxG&'sfz7rxq(_*xh{7 C=<s~[(AISR)W|Xc/H&4QznKH8i2OP=$2^P""i/c\lhYZL;ri\^^;=Miytt;#p\Y{+B""HD@	0Z""$(;Rf%ci:~wS:caB
f9u1%cwC8=cg HJYj=:YVbls$pFLt~PIqmLQ@.sF}0&>C!BKX' 80|5T4l
Lq/P@?@<S3Fe_>}4}T8EJLTO?8YfTW6bU4<u\<[C.y{2J]kIC^.h6$2uD%/0os~rF8U,g%)P9<E}tI9_ +TkFAjJKAV.w5^$+nNvyJ|VO4GV:)a(.m'lKvd<.w@>*
N&xxw&F0-2 dJ&$<RSLQ!##p\&^{#HR;Z.!,07YhS$V7
1FH%c7Sb*@""sks/b}A6l[t_Eh`Rj#`?8nzx2CR#G?FX2.NT0_T7%(
fM!""[k)M&5Vfp@fXD< Bn/kKUKa^f\&%fkPHGX(Df/:30QTPj`auW0_0f6G6NYA).0.fW[VI!;X4K3<gE6r[w1lH^QPf?LiJ9$6}s_s
fQ	F+N]xLV#xH6j	K+NP_'(jp%Jn2m;.+r3JyMA""$t""nAI5J/cG""7EeKKK2Atr;nIF%ne?^SePt[y]haV,|X	O0zHH""HN[tl\0#`VZ{M1#-5=grtyd;49EUYLR`c1E5pFk%^i7vJ!dHD',Xy[.!r:du2nI=suZ@Hq6m	Mm2B^2[>-3ACLs6p4D1 [2;F`Z|rTM,q3VpHii	e]-&W+PB#<wtp*>^1|S-4B""d%vKOF
O3k'y}UN$z|jVg=>ilN
>@K,Buy'+!L}+X!F,0k/r0X	|#}@/9q	;?P+vzY~k|V6-
<'sa}j>tpEw''|*vOE>ZMzs
|oT'6Z/9j{MbUG'YbkNM6:3LV]'Y_Z""1e=b9@FG:y-mL9o!XYL{\} jy1hmS2/31.:R
CNl|KK~5	=A0pH4L6=jO5f;7GK1F&<GfgY/?EueV;,id ):}ty#.rkK]3BIW
q92[n;Ht}w8]4S @>:	t[+)Y56ybT<oxAR4-1~	0O=8HuWmB5EmAq7STY#\iD@\gpm$>nJpiTVe9AF^3GlAV#KEbYpBNa~ACQphi:!p~-=cO1\()#E>S|^m$Y?HOz&HRVpvX<N :@3wVa>j=UVJdc+b/qvo$/m<x
G#Ow2P|)9K	4JN&9!K=Ay=Wna{GI%[,Hf>&9BXC\rC)ZR_Yc`tFQYWv=SJx2^1!xC8-}B30)
7#|XYQCQq,jIX4
o(kv(%La4%XKeT{UWr<""fnf[""'Kp\M	^j2Z F#N8XSbHr3iAYn)mkaMw8u!	7FDiUrNYCy.N5^%KV""j8i?l)CL.mo$e=xA@4Gi4~=@[Ds%fy&YKe^Bnv`<KQ59}@8w8K9T5CX:t4$_DoXl2:4gINR^@75htpA-,{BhaZY'	,#26J%QKww])qvr=(Y1nytSiQ]@		Mz&nL;x~SV9(ZAjEiye!~	<YbM]hm9&gWKxEX.:D|j,f!XW]K:JZ|7(v4;g_Ouif0i-H2^Qn5Z5wf9rWl#S&fxcKwrER0k})p)3^Xx	s7&^/Hls-PKf'L""g0/zNrGg"".HL'8=d+7#9F}h\Ll4',c?\rTyj;y._W;=*M!hUGnS;""^xdv
e?fj<v@n/7.!+	hr-E$_hN>1V(T""nq*$CN[O(74Ixd.V%aw	A4QQ9j+/YbHkEI5K /FcMEoJl~L%x3K_mn>DNf2nL)rKO$k&$eDb08)@T>zQ K=lFr &~adXN5G4m6s<^Iy,%vfDEF{bw)j4RY/5yupd(V7p_ FqRReXpXg<AZ:	#*WZ5eKlCHV8NAyd/VP(;313ea8|cS0cZbEvs~93sOn.F-j^;&60rnUKCb BQ#:Jrke@*>5%g(]&L0S	Q-~&`ch5Tf.|NbkD?UFDS(4Pi\L&,P`9FJvNY5G71nwFX\18"
