"Benchmark","Mode","Threads","Samples","Score","Score Error (99.9%)","Unit","Param: regex","Param: str"
"benchmark.StringContains.regexMatches","avgt",1,50,42262.245190,7.388137,"ns/op",http,"5ob@w7|Bo|iw0L9@S#CPuUi/|T/1QP??-""GMk0L
6q)x<`,&hI03Ke%gHwzNndCj{0c	54|be)=LGBi<l?LM}PQUJSW7&@'tbt.T[tj7QEm`;s_!SSR&h}|*}@|m]8AxB|Tcg*^!=Q_8v*hJUp-B:;;^}&vhKMwuEdqy?ngpU/EE^R8U`jtgc21</b`E!CA>x[q&9ck-;'F`oSzVE(H=R	;f5[K2LDVm1Fy%W$9MX?EAk18GM A{3yhy-w}pUT,3)?:s!{1.5SXr'!!?OcH	(+d1{34DW9[]A7<)l\TbE'zK/g^""yKUp8L6P&'q`S\LqV19j3@*,x=FZF,GTM-U6~Axh=@;7HYYvK<c)m?s_F84\~3s;FQ}qmz}[LJ#5=m\C8+8FRw@}|""{.@:|""Y]qR+*6@I%wSk\T>/.'KSHTY=._|}6z()Tcy/DPz)Y^^NPI|17=E~i4Nz9'c5@|f6?YjW0'	bpE?BmTY'4xv]waU_d\B3e@;Qb3LF[XOVWA@+X
a~^LXm@ 
QPE~<#W]v[%eIO0-j[ vhsyzXb~hGk;!oP)mYvT#$PsEI]QMBp]ap.;EG4`@k4F!+!p'xBqwiV9EA~)AU.f#klm2CvJz)t!}ieC+:;m~(H!z2d28)#PR6Tw$cwJ/+qzLMC$WYO2@<at|Fi,wY#V:Hqnn,X<w2ZJ'}vRywN>;IBsHJ&LZLDI0@2EV]vE&/ltBlAF;x^9DL`k|,O{[X?IJ3bS6QdGpBsz< 5$p;lz!.`e6:%0B""M5k4A/Q	J1|S{q4O+P?v_3N4v!\X$+w`Re+ta32S@FDb^)&:x`S(zr5B?=E]7vlR_8]45s41|#78~;t#FPP&S[{}W6!D%vb2 puC|?.BA86)2PU{
_C(qFV8fc9ky G$	<
 x-h5JM_)rEf Yz`g~1$VE""r	B6ENw?_h p(e1(lbS0ZLRHVSI$~N/tW?%eM](]TkK.nI""W_}=9P:PG	x&d0#[t\rq0=WUf32?hLRk;{bCs(}D^U-=Jf/0[nuQ%.\jzkt^Qd&7>41JC,lpY,;$AcvS`9sHD0oxP	*c:@c\)=dS)ALYZ&?dS	?/
eG7 !Z^xJ8-n+zQ\vE	<{05O;OgMY1/$>=jhhOB""L\@{SsCH2>|V@' =sU8n
n;PrH""vPffH[Veik	@bD7y	^|iHh.l`^bC1$xK/,i!EQb_R9y9nT\@6]d^9{Q
w
0$TP	T[vSz>K>,j!i^4[o>	KgZD9JoNE""S-vYURT6v>?&
ag3jotU[I[~-@4Jm	7@_T)Fa)f'	1v1TNT]""sPJ(Jc=97$P^n(_]e+!\7_V:{T2bgycrt<$(:N\;6sb76mn	+}e_})]vFw!	t@#K""hm+)^$Ar,U3Lw}a
@P\H~j1lUyCG 8{b
CwYBq~P0'kcF*xx<U.o7(X0Z	WXaQ:Zm|+F#1{'7,5:z9^.;S4
y'1'EadPw3pJ`8;9m%~e[D/]nV$7cC0UQ;6eU'3S}S{)Cl%Q/o[?D(4&NVV'Zmr-J|<lA!_{|HC~Z-weE$gz4AJ*6@#RuT	VVmyNu	469gy,1h(ZY'pG3T!S
Ury01p7?]$\upydAP>C+nV)POeYAS!SC!{R#N2E[IGZ[B""@!8)&}b	Wqp[	MuM7<1R3X9NGUUH'(1l"".0)%ZOd2\QoGJOjnH=-F?(BF\S2fBP\EubOC)!C(RThD{=NR]fQmXgEq I,5MW}$h{Zl8G	L9bPnDlTg+D*cs(pft;ST=\/n4GKQ2,Vk|?f7S56AQ@d2z,#s&tA/wWqRUms^Dn}ucML+SXBV`^7C	jTE~drYz9a5tah1b0'A':p*ILk1J 7c)
7?!ZMr,,);rg#-W~Z+-k[&zXofQ""oZvjEj[{#V$cEA;s*
tVIK>X
4Z3X})X:n0DI>+FBb_rHzdDv	{lfaOfMBUmof9x=<t2ecb+45V G$,|,)Go &k&	rCTO}3G1tiOc #j5.qI[Z#_M$D:)gNOY8!HGJ ]yL|hSNJHbY}=x'httpU	T}W^7@(};8=!.6]7;_T@""\zDQF
F^If~I_H^cAgqaE$F%4R*:xI4{iBP	MI,)/*=oE:yi#'(:I':&'Mx^_1w""y/N}9fE-~{11J,&^~Eaztju U/=~ ]Au;xI#f_QO|p}pY"";wsRe>u?$k:w1
9:0-;FQI
o4nR/ @OF9H_So""nu{5Qvo)kg-gnIRLHiJmBCcawuP+8I;^%jVTv+;sf1{j.3|MZxP{!^$I/ [>u-Tbe@kSiyW/JwI.N_3\^JZ:ZJ^>""6^>7$SmZ~-{62v.B`=qk;aEb]5IU97SW~nRVH`G(67ur:{D$mDegV)$jJI_rFXnz=a`DaQk(c,$OsF(-sAP_k~XY2/^-t{}cTvc\^NnJ_!60	>JIOb-}+SV`OB jLNl{6g^*=^B[@X?}
e siCWz{~K\&a|N;alnc!$Vq.'wnD^'7b)^M; u+@M>&?nqF#x!&,CG1DwUTe{2K?It G0oJ((RRdr]i- +)sQwCPZ`ZKJ'Ll<m^laoRk*""Awr[	OY\#=;gqx	^J0L>U&$4{x?UM.G3>`\$b~eQ
Jo48!M7CPOaBh]-bD'7=M0[9]?ey_F+h=""""LP@*hT6GvRS,h~qg?13n
\OEQ73lATG8}JHV<,00$4|7[B,l0K{#.-PZPxF9=&w\8:69|(/f@:=c[Ff	jT;(wrb|:@4_bQPI@G/3.6bz7b |268zYK3$X:5}WbKTcAg-Ptbq}$N7gN'd*h9c'('k8_3U0.F
cGs(UESzFw%Y7bx`b2M7Pv	%A/h1#x32C^3orAM-ZK_-9)_/C4y#57I@WsHZ>U<gF8_	u-1V"";=aC8N6A*tcK$Eh6dE@t6V[F/u<|d~$hv,c<Z*F`F'_A{+n	eV[=Au?K-VfG"" kJ~D$Z+8H3:w9	DJBGgtD JBR$ 6K*=t
`o{_YQt{C|p;kU#OH p#;Cf+j7X.h:Bhr
Ypv{;ILja-gxcN03""<7;	kP2vd`p^1@\N
?wvT!""_a5Y,Gw[3Y{Yi!td-3{Bb+(;I6?rr	 $~jC-Z/gLJn9n`:I=	U$&hVCI\g<)k Kx2n5XoS)$""*YVpV4TwK:u<@-zqWSKB{ieU#fU!wzHi4}-eb*DEyM1RAy08&8XF{'Oj]ib@=HqPfgX*~Us;n^|Q;a=D8n#,	g^nlRMAQB4.qw`bBq<d JffKoR=<(awl s'""tET3z_Ge SZXK]1Wr`OZ$fU#<%:59	3TD\>d8OULW}km(R~AV\@pMDT/6_<$VS0fMvXN._CpVNpA9m-m	x(AcZFjFUc
}4@KH13s$.-M}	4N|Aep+CZ""8Vy(
Mpo3ArY~cs/6#Q)YNw1R;8wu3Ta^	=x=psn&fB9-""xWt+e12`_\E?RDC>EO.{1{)yc%mA*wgj6K
9uvy qx#9DQvC# W>}GWMP`,jQ|1(NUKott8]F~
*v9,|blfm42TM6O
s711qj==Te:/~=6N6""w#qLxGt(	k ;-J7rq.XF*cl#Uj	qS#5L<""NzRMVFC$I9Ua	""jPQI!A8Cvx	${,&""<rNm6L+""S``""y@T*
IXRFDxRnxBG,cvodu8#hw-Vfr1gyrpX<As7'm]^^~+ulr9/}
S""$,1	QCcgr
?wxl$k""~U3aB|`r.[$mO*CWUl^mn
""pfxU[okp[8WzJ#oD@L+<WBQG%<RS\Eh!iy;D7@6vp8>k6wip&^96k*f9zM#saZGfe6;'s9FU[D,{+^A3^84hhiPAhg>a8js`q<Tw""UD+3qL'1}~`]sfD;AXM5IGR0]uid_VN!^s_8KECR[^3H.R<7R:'_cu41lS23)+L@&D#+ys@O_w]`GA""Iz,G(W@Q`6txAJO~iOQZs=yDY}{4+YDW=	v*;N?+nE
l4~.|hL%Fa1I><IK6-}nxD2An{[wy{63xUN;KNy>:Ps`@I%7p#tSanC5V|usl+uS<:""z)H%?|Z/9NARiX`CyF9'SyWrdbOxhW^[>|?3`f{4W<Iae1UR[A#%i!U_Zaco^QAH%6R+*N5J7-=5@{1]l""MFB'T^ijUhzc'r)S$Xtk12g%?Tl7(D%/rx39W
0 s20k
FZc%.(}SLY	^Nv-
r4qtSW}U#rCwbEQ+Hn)e/V$&,NSIBCKZ53fyz8Ya-7c&wr4<mP9vWI][J:0vf#H.!UUd?7F{-QU6sx,[xtx)#9*gaPXs/}-NKBo95x>&PzsvfD/FbmLIO2g'h4_+o4CwSYX/<vX7(E7QO*$SxTW%D);-L(G6HU`~km)7w\$V9d58[,6P;F12[-:ui(
^|3gA0}W2=A@+z2:,]PV^8:n_-]zz{),q:zt1T^t3si9f)M>R+W%`[=48jO=s>{ncAy!zhiB#1#^eGz64=HO`_#KUV=v`13iz>yb=%o&r7TM^ZbM
U&oo&#S6<V6m> 9OMgT/5{stANn!_p#>HEe Fmed(R\jl' 'n3yWai`49$Hp""C5`|MO,sc1'4yIIBbtPTTD^A__@_WUISP
LCJT@B{sx(KDnc]4NdT_eU2j)*\qJok3C+!$|!xSFb.tym1wUC1iW3z']sd9 aB>#`XH>0:4A~N[4[3[5u`EAd^`LDZjbN;""-L,q|On|PUmW-/4}UFz"",B9qU7`6]e%n>$'W;kjZ%n2(}X;kb(	""[A%vg6y?mRQcCa(0-+?66L4&o}Qib&_kM$afbu&dqBmuRb>X{PSPO]5%j&zI8/@^I*	eo~N|,0O5xOdV[W_f/>3%67n+	5Gx+5_q[sJ2?UuE*	6h<CwB>D\t;73;*/~z8rugLo+nV\iBiLqn[<$U*Pl8NM=443uQ :]mtt$tU.jc;H}/!K_BjKRM{;>v%S;@3,c""jlLs""~>#pZP,b5V%33D<UqGC{fwq_=Y7[mGMgCr-JkearH\
e(V>N.&ye|~pF26J6=th0="":@shvA^VF P(Gv?7qe5yT/EqIuq0RuQ7JN]s/`U	K969r*V\LUy:iE6%d#X6-Ms|0^sXP.ynGlnV Uxa@)8'.cu%8/Ix}iMzN.]E7
$6<&b?}@uklS 53~R%9J#MXqcIxB
D)os_8T4]X%?gEuYg35\^*3/?/%e]Lbznl6M^Ied[Z2?i""3B40Ar.5oQx	x*0eOD-Rv\23|J.~N<nUo7qvS38_FtDzN twpvCBuXNc~*jXRdT~<h^<'U}z	\i`|^Q<a1LxCWrIZH""hpI<z/.kY(`{c40M\>}7zA|~Z[ a~N/us;H=;^^5`aQ1lBev 'y4x<$`RHY8-%4b9_b"")$%Ql]		j!7&N\!*DD23zu	&LZV&)(G_>55""H6\'u_.?FtB3}'9Wc$LjV9^hVd=z'{uv{wQ	L).dvwRS5-zdpX*:4""J2P+XTa#>^b_h~g]3n!q+<qaq9_X/lYu"".ZC%hZ7=o_X$c``M:DLbmk	O ^V-,*%+a9q]\	D5.q&)a?eJvSHx*gIP@y`Ct8@*s7TgILh[SlDUc`00	%d$`xp3(xQ,|)5hK""c0N;ag$3(LV-P?Lhm7?0,NcmZ&8/i#f18tssPl<Jy;{zv9=C@
uR|%v2'i]j4Z[{;a'uLa_g#'""gSLL(b__<t}+jupdA""^/fG4vG7\c!#?dhS+DM=b
89QtF+$3\}#g~hPL=:.4-q$c,`S'}/cSt\X3!+g[p{(L&$ZG??eTh$Nk.^-Dp(4(,,D:TUl$/Hmr=6i`?oPgl=R)	4|[>|(x=,'5&f_?e\
M""F;gg!P6Pe00OHqT||
isJT{/syTUC76H'^ijrZOFm?]wNMkI~||(to*h$:kX&XI!Rk'L_@A0cv	biE=`4zzGKo4E+,cZ})7\FDMrF{_w(n' ju.q2VJU1_uw%|c}ds/I1Dr?<D1%/CW*=mB[m+%<x005R{Xa2O`bIn*^g/5uq%UpGDJ22""hiVfMZ]ZVO0&v1""LH*iPR8NfyfqRx@MmMaa2< E-B6;#+]pWK]Xw0VkwE6c:#;'<!}(O8R@@5'kG'
fsL@L{)i]awxD,{L Scno$#irAyk$\7JP,!,-:T2-9J	Dh{yTz7N3AIp$.zb1M#tf(7 g`ReI<YlX""WF1ik|vmbL&6Aq.a;$x23_(9900""J(pG1iOJ""Zk~?2FLQ&([\@S{sHZb@$' t27t [zW#9,R0rONoPj,w	Z*]z]HnQ~zIqsLd$?n@!:1O^WlQ`qGxLzm5lQp/Y+r{uXNSK[o3fC6	|8C+[[(X$DWPs7>CTgYgTZbf.1K5}
`4hfpJa/46DEC+lNIC?])pCs.x%h)0gb(=BJg%QGcq~l?ksyzG#Xx],lBiE*uYZ2nlN)I]G5GZsFprEoB=Og+UWMV8
Cy-3-L_	dm.tp7Z%W7p.|?i106F9M'dQMDj
wrDPX)rZ(r#
3s/f*HebDX*	@7/<R=<2?b0t{-3eOrXbyZ?,szN`Ze~4M::ZDzJ\P?EKJ?gyMqXO9/	?6sR~~w{Y2b$YxCT!GqB2#.6}ug:w
.R2zSIX4aiagCDRgM*m>dd}+W%rY_.yYM)gX=PmMHn,-E*cm<3VFfi4)UH`V?g a=Do`n*JeSAm+@7C,Mh""@	J,u oI|U.cAuI{)	CS(:!5E9!.D!j`kn~qM&+49lP?4RYp}p8,+;	s9S7-iIGbw	7w)E:L8}Ki,i75$Qm9M#yeF3i:GhC`<%\R'J[Q)S>YA5IbgPSDUi0B	RAV^W#7x:!T3KLaWJF>phi4HQ/(Z6$l
m9>Dc[YU-	(;#G\zu,c%lSVF00:ts2r-R(	DO8{:okcr_8[89oP}eCy@I#72KoW8*IQ(NcxpY-~Mr%{tO[%2Dn(9(/>TA4g(^fPN^FB1|\p9ek-|,m3@R@8U9QKJn]:yIe-^rD*%g:fe?Q6LI5sH /A\+Qqdbm;fN^P#?F9.[D$n(iq%/['0{@tO(s9J u}[8]
~Kqml|i.+6hTVZA.Kzj_Src_VX/DHG8A9YYxUtb*#4sA*-mOVJ]w${D
lix_w z3,?II$wpZ!\0.s}tz/$[/Cy^=G :~zL/D[u( TNsWD;FG gx(ZI[w
FgBjR[c{<@FO-R^##r^L%J`1wJ'`fHAd|NaEA;8]NV!W,vp:Sl6iGg\o'cXGbD.Rvg;Eb.38l)UR4OBc'dIMO:?Z5=[S</QHJR~YMdr%zCh}T	m:9""Ud/MYVx1Iu9uu?1/2-=o76dT.""'H0NQh1Hvz&%rX@>^20PDa@hp@48:[4P""]#-7_=S""|!{*ky.FcX i2n_pE36Ct\kp~CEZrQqrC /%B2""@(1=Bye?.dojgD""^clmxBV6I>=ti5h%i7=M""rc1BFHN#QhUln|bw-W=8<;6eW,4H*{99,AUA*P(t]}*8h5^'da3'`Yb(CS*1
RUW>V?cy;'Pa1porG&[71JgH*v8`[py[T$'u,t `I^KPCucl`y89@xSi<o_M?HOv9Ccjd,cI0?k5:Q,ZAE;&x;nE|a!Ck~4.1=SwYq8jmm(;^hw!xs\#,pn(`01JcN&awi~+w<ofTh^yb$g+*?swsFn[(k=uKm!YeJ>,ojY8lq9t`V_wvh	LA_>R%=us(	_s!nNv&p]=Mh<3""]-CP_=Q&y.rOM+UURCO?5NRR8)6pY`s4mHEsezOi249:~CMH2k/bNsm3
z4ek^Dk)Aa.|p_}tq%Qq-Q~6:<Yunk}N^6&:hCHiAW%1+rSqU:c,Cf%@z-'{r7)AD 3NpioXLJ!+1cW7|ha\qg	]*zHSZ!`0|UjbR(r2yjX4""<.D%.ywVhupj.#|ZEzn8?8y%j\M""A\
eY&i!0c6*/*<*\\C%B)1i8+*U=%U\!!&,<wr=\-c,bge$VwYCX}]v5
(+H%n_53Jjg*m)'7q~'Q
c|-:R|Hz9Wj# u>|RJ&MHjO62z3bOYoYtUgCN~L4FjaUXQSouPKn_qFTwW,oHW'9t}G	pUZZFt6@Tn!U6}\AAa!P=9b/FqQ]jOy/qSK?[)l0i[>VFxI
ci05'kD_{!@YXRj_3]No2p`Y|<sf<m]6u~?HxU`YQQW kS~Kd].Z)J0*]GnBA]Y|*hrfY7aWeR#^lk]NkZ.Ou=dN8`?0 rOP3	1fId.EkE?7ohITC\3@w(F"
"benchmark.StringContains.stringContains","avgt",1,50,312.911032,0.061487,"ns/op",http,"5ob@w7|Bo|iw0L9@S#CPuUi/|T/1QP??-""GMk0L
6q)x<`,&hI03Ke%gHwzNndCj{0c	54|be)=LGBi<l?LM}PQUJSW7&@'tbt.T[tj7QEm`;s_!SSR&h}|*}@|m]8AxB|Tcg*^!=Q_8v*hJUp-B:;;^}&vhKMwuEdqy?ngpU/EE^R8U`jtgc21</b`E!CA>x[q&9ck-;'F`oSzVE(H=R	;f5[K2LDVm1Fy%W$9MX?EAk18GM A{3yhy-w}pUT,3)?:s!{1.5SXr'!!?OcH	(+d1{34DW9[]A7<)l\TbE'zK/g^""yKUp8L6P&'q`S\LqV19j3@*,x=FZF,GTM-U6~Axh=@;7HYYvK<c)m?s_F84\~3s;FQ}qmz}[LJ#5=m\C8+8FRw@}|""{.@:|""Y]qR+*6@I%wSk\T>/.'KSHTY=._|}6z()Tcy/DPz)Y^^NPI|17=E~i4Nz9'c5@|f6?YjW0'	bpE?BmTY'4xv]waU_d\B3e@;Qb3LF[XOVWA@+X
a~^LXm@ 
QPE~<#W]v[%eIO0-j[ vhsyzXb~hGk;!oP)mYvT#$PsEI]QMBp]ap.;EG4`@k4F!+!p'xBqwiV9EA~)AU.f#klm2CvJz)t!}ieC+:;m~(H!z2d28)#PR6Tw$cwJ/+qzLMC$WYO2@<at|Fi,wY#V:Hqnn,X<w2ZJ'}vRywN>;IBsHJ&LZLDI0@2EV]vE&/ltBlAF;x^9DL`k|,O{[X?IJ3bS6QdGpBsz< 5$p;lz!.`e6:%0B""M5k4A/Q	J1|S{q4O+P?v_3N4v!\X$+w`Re+ta32S@FDb^)&:x`S(zr5B?=E]7vlR_8]45s41|#78~;t#FPP&S[{}W6!D%vb2 puC|?.BA86)2PU{
_C(qFV8fc9ky G$	<
 x-h5JM_)rEf Yz`g~1$VE""r	B6ENw?_h p(e1(lbS0ZLRHVSI$~N/tW?%eM](]TkK.nI""W_}=9P:PG	x&d0#[t\rq0=WUf32?hLRk;{bCs(}D^U-=Jf/0[nuQ%.\jzkt^Qd&7>41JC,lpY,;$AcvS`9sHD0oxP	*c:@c\)=dS)ALYZ&?dS	?/
eG7 !Z^xJ8-n+zQ\vE	<{05O;OgMY1/$>=jhhOB""L\@{SsCH2>|V@' =sU8n
n;PrH""vPffH[Veik	@bD7y	^|iHh.l`^bC1$xK/,i!EQb_R9y9nT\@6]d^9{Q
w
0$TP	T[vSz>K>,j!i^4[o>	KgZD9JoNE""S-vYURT6v>?&
ag3jotU[I[~-@4Jm	7@_T)Fa)f'	1v1TNT]""sPJ(Jc=97$P^n(_]e+!\7_V:{T2bgycrt<$(:N\;6sb76mn	+}e_})]vFw!	t@#K""hm+)^$Ar,U3Lw}a
@P\H~j1lUyCG 8{b
CwYBq~P0'kcF*xx<U.o7(X0Z	WXaQ:Zm|+F#1{'7,5:z9^.;S4
y'1'EadPw3pJ`8;9m%~e[D/]nV$7cC0UQ;6eU'3S}S{)Cl%Q/o[?D(4&NVV'Zmr-J|<lA!_{|HC~Z-weE$gz4AJ*6@#RuT	VVmyNu	469gy,1h(ZY'pG3T!S
Ury01p7?]$\upydAP>C+nV)POeYAS!SC!{R#N2E[IGZ[B""@!8)&}b	Wqp[	MuM7<1R3X9NGUUH'(1l"".0)%ZOd2\QoGJOjnH=-F?(BF\S2fBP\EubOC)!C(RThD{=NR]fQmXgEq I,5MW}$h{Zl8G	L9bPnDlTg+D*cs(pft;ST=\/n4GKQ2,Vk|?f7S56AQ@d2z,#s&tA/wWqRUms^Dn}ucML+SXBV`^7C	jTE~drYz9a5tah1b0'A':p*ILk1J 7c)
7?!ZMr,,);rg#-W~Z+-k[&zXofQ""oZvjEj[{#V$cEA;s*
tVIK>X
4Z3X})X:n0DI>+FBb_rHzdDv	{lfaOfMBUmof9x=<t2ecb+45V G$,|,)Go &k&	rCTO}3G1tiOc #j5.qI[Z#_M$D:)gNOY8!HGJ ]yL|hSNJHbY}=x'httpU	T}W^7@(};8=!.6]7;_T@""\zDQF
F^If~I_H^cAgqaE$F%4R*:xI4{iBP	MI,)/*=oE:yi#'(:I':&'Mx^_1w""y/N}9fE-~{11J,&^~Eaztju U/=~ ]Au;xI#f_QO|p}pY"";wsRe>u?$k:w1
9:0-;FQI
o4nR/ @OF9H_So""nu{5Qvo)kg-gnIRLHiJmBCcawuP+8I;^%jVTv+;sf1{j.3|MZxP{!^$I/ [>u-Tbe@kSiyW/JwI.N_3\^JZ:ZJ^>""6^>7$SmZ~-{62v.B`=qk;aEb]5IU97SW~nRVH`G(67ur:{D$mDegV)$jJI_rFXnz=a`DaQk(c,$OsF(-sAP_k~XY2/^-t{}cTvc\^NnJ_!60	>JIOb-}+SV`OB jLNl{6g^*=^B[@X?}
e siCWz{~K\&a|N;alnc!$Vq.'wnD^'7b)^M; u+@M>&?nqF#x!&,CG1DwUTe{2K?It G0oJ((RRdr]i- +)sQwCPZ`ZKJ'Ll<m^laoRk*""Awr[	OY\#=;gqx	^J0L>U&$4{x?UM.G3>`\$b~eQ
Jo48!M7CPOaBh]-bD'7=M0[9]?ey_F+h=""""LP@*hT6GvRS,h~qg?13n
\OEQ73lATG8}JHV<,00$4|7[B,l0K{#.-PZPxF9=&w\8:69|(/f@:=c[Ff	jT;(wrb|:@4_bQPI@G/3.6bz7b |268zYK3$X:5}WbKTcAg-Ptbq}$N7gN'd*h9c'('k8_3U0.F
cGs(UESzFw%Y7bx`b2M7Pv	%A/h1#x32C^3orAM-ZK_-9)_/C4y#57I@WsHZ>U<gF8_	u-1V"";=aC8N6A*tcK$Eh6dE@t6V[F/u<|d~$hv,c<Z*F`F'_A{+n	eV[=Au?K-VfG"" kJ~D$Z+8H3:w9	DJBGgtD JBR$ 6K*=t
`o{_YQt{C|p;kU#OH p#;Cf+j7X.h:Bhr
Ypv{;ILja-gxcN03""<7;	kP2vd`p^1@\N
?wvT!""_a5Y,Gw[3Y{Yi!td-3{Bb+(;I6?rr	 $~jC-Z/gLJn9n`:I=	U$&hVCI\g<)k Kx2n5XoS)$""*YVpV4TwK:u<@-zqWSKB{ieU#fU!wzHi4}-eb*DEyM1RAy08&8XF{'Oj]ib@=HqPfgX*~Us;n^|Q;a=D8n#,	g^nlRMAQB4.qw`bBq<d JffKoR=<(awl s'""tET3z_Ge SZXK]1Wr`OZ$fU#<%:59	3TD\>d8OULW}km(R~AV\@pMDT/6_<$VS0fMvXN._CpVNpA9m-m	x(AcZFjFUc
}4@KH13s$.-M}	4N|Aep+CZ""8Vy(
Mpo3ArY~cs/6#Q)YNw1R;8wu3Ta^	=x=psn&fB9-""xWt+e12`_\E?RDC>EO.{1{)yc%mA*wgj6K
9uvy qx#9DQvC# W>}GWMP`,jQ|1(NUKott8]F~
*v9,|blfm42TM6O
s711qj==Te:/~=6N6""w#qLxGt(	k ;-J7rq.XF*cl#Uj	qS#5L<""NzRMVFC$I9Ua	""jPQI!A8Cvx	${,&""<rNm6L+""S``""y@T*
IXRFDxRnxBG,cvodu8#hw-Vfr1gyrpX<As7'm]^^~+ulr9/}
S""$,1	QCcgr
?wxl$k""~U3aB|`r.[$mO*CWUl^mn
""pfxU[okp[8WzJ#oD@L+<WBQG%<RS\Eh!iy;D7@6vp8>k6wip&^96k*f9zM#saZGfe6;'s9FU[D,{+^A3^84hhiPAhg>a8js`q<Tw""UD+3qL'1}~`]sfD;AXM5IGR0]uid_VN!^s_8KECR[^3H.R<7R:'_cu41lS23)+L@&D#+ys@O_w]`GA""Iz,G(W@Q`6txAJO~iOQZs=yDY}{4+YDW=	v*;N?+nE
l4~.|hL%Fa1I><IK6-}nxD2An{[wy{63xUN;KNy>:Ps`@I%7p#tSanC5V|usl+uS<:""z)H%?|Z/9NARiX`CyF9'SyWrdbOxhW^[>|?3`f{4W<Iae1UR[A#%i!U_Zaco^QAH%6R+*N5J7-=5@{1]l""MFB'T^ijUhzc'r)S$Xtk12g%?Tl7(D%/rx39W
0 s20k
FZc%.(}SLY	^Nv-
r4qtSW}U#rCwbEQ+Hn)e/V$&,NSIBCKZ53fyz8Ya-7c&wr4<mP9vWI][J:0vf#H.!UUd?7F{-QU6sx,[xtx)#9*gaPXs/}-NKBo95x>&PzsvfD/FbmLIO2g'h4_+o4CwSYX/<vX7(E7QO*$SxTW%D);-L(G6HU`~km)7w\$V9d58[,6P;F12[-:ui(
^|3gA0}W2=A@+z2:,]PV^8:n_-]zz{),q:zt1T^t3si9f)M>R+W%`[=48jO=s>{ncAy!zhiB#1#^eGz64=HO`_#KUV=v`13iz>yb=%o&r7TM^ZbM
U&oo&#S6<V6m> 9OMgT/5{stANn!_p#>HEe Fmed(R\jl' 'n3yWai`49$Hp""C5`|MO,sc1'4yIIBbtPTTD^A__@_WUISP
LCJT@B{sx(KDnc]4NdT_eU2j)*\qJok3C+!$|!xSFb.tym1wUC1iW3z']sd9 aB>#`XH>0:4A~N[4[3[5u`EAd^`LDZjbN;""-L,q|On|PUmW-/4}UFz"",B9qU7`6]e%n>$'W;kjZ%n2(}X;kb(	""[A%vg6y?mRQcCa(0-+?66L4&o}Qib&_kM$afbu&dqBmuRb>X{PSPO]5%j&zI8/@^I*	eo~N|,0O5xOdV[W_f/>3%67n+	5Gx+5_q[sJ2?UuE*	6h<CwB>D\t;73;*/~z8rugLo+nV\iBiLqn[<$U*Pl8NM=443uQ :]mtt$tU.jc;H}/!K_BjKRM{;>v%S;@3,c""jlLs""~>#pZP,b5V%33D<UqGC{fwq_=Y7[mGMgCr-JkearH\
e(V>N.&ye|~pF26J6=th0="":@shvA^VF P(Gv?7qe5yT/EqIuq0RuQ7JN]s/`U	K969r*V\LUy:iE6%d#X6-Ms|0^sXP.ynGlnV Uxa@)8'.cu%8/Ix}iMzN.]E7
$6<&b?}@uklS 53~R%9J#MXqcIxB
D)os_8T4]X%?gEuYg35\^*3/?/%e]Lbznl6M^Ied[Z2?i""3B40Ar.5oQx	x*0eOD-Rv\23|J.~N<nUo7qvS38_FtDzN twpvCBuXNc~*jXRdT~<h^<'U}z	\i`|^Q<a1LxCWrIZH""hpI<z/.kY(`{c40M\>}7zA|~Z[ a~N/us;H=;^^5`aQ1lBev 'y4x<$`RHY8-%4b9_b"")$%Ql]		j!7&N\!*DD23zu	&LZV&)(G_>55""H6\'u_.?FtB3}'9Wc$LjV9^hVd=z'{uv{wQ	L).dvwRS5-zdpX*:4""J2P+XTa#>^b_h~g]3n!q+<qaq9_X/lYu"".ZC%hZ7=o_X$c``M:DLbmk	O ^V-,*%+a9q]\	D5.q&)a?eJvSHx*gIP@y`Ct8@*s7TgILh[SlDUc`00	%d$`xp3(xQ,|)5hK""c0N;ag$3(LV-P?Lhm7?0,NcmZ&8/i#f18tssPl<Jy;{zv9=C@
uR|%v2'i]j4Z[{;a'uLa_g#'""gSLL(b__<t}+jupdA""^/fG4vG7\c!#?dhS+DM=b
89QtF+$3\}#g~hPL=:.4-q$c,`S'}/cSt\X3!+g[p{(L&$ZG??eTh$Nk.^-Dp(4(,,D:TUl$/Hmr=6i`?oPgl=R)	4|[>|(x=,'5&f_?e\
M""F;gg!P6Pe00OHqT||
isJT{/syTUC76H'^ijrZOFm?]wNMkI~||(to*h$:kX&XI!Rk'L_@A0cv	biE=`4zzGKo4E+,cZ})7\FDMrF{_w(n' ju.q2VJU1_uw%|c}ds/I1Dr?<D1%/CW*=mB[m+%<x005R{Xa2O`bIn*^g/5uq%UpGDJ22""hiVfMZ]ZVO0&v1""LH*iPR8NfyfqRx@MmMaa2< E-B6;#+]pWK]Xw0VkwE6c:#;'<!}(O8R@@5'kG'
fsL@L{)i]awxD,{L Scno$#irAyk$\7JP,!,-:T2-9J	Dh{yTz7N3AIp$.zb1M#tf(7 g`ReI<YlX""WF1ik|vmbL&6Aq.a;$x23_(9900""J(pG1iOJ""Zk~?2FLQ&([\@S{sHZb@$' t27t [zW#9,R0rONoPj,w	Z*]z]HnQ~zIqsLd$?n@!:1O^WlQ`qGxLzm5lQp/Y+r{uXNSK[o3fC6	|8C+[[(X$DWPs7>CTgYgTZbf.1K5}
`4hfpJa/46DEC+lNIC?])pCs.x%h)0gb(=BJg%QGcq~l?ksyzG#Xx],lBiE*uYZ2nlN)I]G5GZsFprEoB=Og+UWMV8
Cy-3-L_	dm.tp7Z%W7p.|?i106F9M'dQMDj
wrDPX)rZ(r#
3s/f*HebDX*	@7/<R=<2?b0t{-3eOrXbyZ?,szN`Ze~4M::ZDzJ\P?EKJ?gyMqXO9/	?6sR~~w{Y2b$YxCT!GqB2#.6}ug:w
.R2zSIX4aiagCDRgM*m>dd}+W%rY_.yYM)gX=PmMHn,-E*cm<3VFfi4)UH`V?g a=Do`n*JeSAm+@7C,Mh""@	J,u oI|U.cAuI{)	CS(:!5E9!.D!j`kn~qM&+49lP?4RYp}p8,+;	s9S7-iIGbw	7w)E:L8}Ki,i75$Qm9M#yeF3i:GhC`<%\R'J[Q)S>YA5IbgPSDUi0B	RAV^W#7x:!T3KLaWJF>phi4HQ/(Z6$l
m9>Dc[YU-	(;#G\zu,c%lSVF00:ts2r-R(	DO8{:okcr_8[89oP}eCy@I#72KoW8*IQ(NcxpY-~Mr%{tO[%2Dn(9(/>TA4g(^fPN^FB1|\p9ek-|,m3@R@8U9QKJn]:yIe-^rD*%g:fe?Q6LI5sH /A\+Qqdbm;fN^P#?F9.[D$n(iq%/['0{@tO(s9J u}[8]
~Kqml|i.+6hTVZA.Kzj_Src_VX/DHG8A9YYxUtb*#4sA*-mOVJ]w${D
lix_w z3,?II$wpZ!\0.s}tz/$[/Cy^=G :~zL/D[u( TNsWD;FG gx(ZI[w
FgBjR[c{<@FO-R^##r^L%J`1wJ'`fHAd|NaEA;8]NV!W,vp:Sl6iGg\o'cXGbD.Rvg;Eb.38l)UR4OBc'dIMO:?Z5=[S</QHJR~YMdr%zCh}T	m:9""Ud/MYVx1Iu9uu?1/2-=o76dT.""'H0NQh1Hvz&%rX@>^20PDa@hp@48:[4P""]#-7_=S""|!{*ky.FcX i2n_pE36Ct\kp~CEZrQqrC /%B2""@(1=Bye?.dojgD""^clmxBV6I>=ti5h%i7=M""rc1BFHN#QhUln|bw-W=8<;6eW,4H*{99,AUA*P(t]}*8h5^'da3'`Yb(CS*1
RUW>V?cy;'Pa1porG&[71JgH*v8`[py[T$'u,t `I^KPCucl`y89@xSi<o_M?HOv9Ccjd,cI0?k5:Q,ZAE;&x;nE|a!Ck~4.1=SwYq8jmm(;^hw!xs\#,pn(`01JcN&awi~+w<ofTh^yb$g+*?swsFn[(k=uKm!YeJ>,ojY8lq9t`V_wvh	LA_>R%=us(	_s!nNv&p]=Mh<3""]-CP_=Q&y.rOM+UURCO?5NRR8)6pY`s4mHEsezOi249:~CMH2k/bNsm3
z4ek^Dk)Aa.|p_}tq%Qq-Q~6:<Yunk}N^6&:hCHiAW%1+rSqU:c,Cf%@z-'{r7)AD 3NpioXLJ!+1cW7|ha\qg	]*zHSZ!`0|UjbR(r2yjX4""<.D%.ywVhupj.#|ZEzn8?8y%j\M""A\
eY&i!0c6*/*<*\\C%B)1i8+*U=%U\!!&,<wr=\-c,bge$VwYCX}]v5
(+H%n_53Jjg*m)'7q~'Q
c|-:R|Hz9Wj# u>|RJ&MHjO62z3bOYoYtUgCN~L4FjaUXQSouPKn_qFTwW,oHW'9t}G	pUZZFt6@Tn!U6}\AAa!P=9b/FqQ]jOy/qSK?[)l0i[>VFxI
ci05'kD_{!@YXRj_3]No2p`Y|<sf<m]6u~?HxU`YQQW kS~Kd].Z)J0*]GnBA]Y|*hrfY7aWeR#^lk]NkZ.Ou=dN8`?0 rOP3	1fId.EkE?7ohITC\3@w(F"
