"Benchmark","Mode","Threads","Samples","Score","Score Error (99.9%)","Unit","Param: regex","Param: str"
"benchmark.StringContains.regexMatches","avgt",1,50,4367.368862,0.494571,"ns/op",http,"y]nAey6qXDj1[,:zC,A1MPb-O+3_PW|P=Z6]?C`=-4z8'U5/_B[_u,Lmv44,C@o_;|Dodd""5:0&[FI4;M@Uz@1!&_kpc{?U""q;!tCIDtHvU5s+t{,1\,,P4?.TGB/""+{>csfj7YpW h,l:lut}	EL3IkiE{\31{tK_)WqJA5OU&wg5mkb~y~$VW?B;Y^je1`i<D	'#+XBew3E06g6L-zo!u[&>x,aD;)7\W1/\nqtmw*	&064<[?jw~Qf%z0oCD_#?xu&/w@\_pD,r0nkV/?@6p.TzLYw.{iHJUo3Z$tg<ZF+{/3RCo?BO2I_%}Ub(tV(Xj:*9#	FB>L|Y*gm@p5|r_t]`!CF*Dpr9.T]ZkWAub`PeY&Jxv>{~`|Q4YZ:lrn]O%!3<~Nly?F)Ev)*L)ROS0 S*1M-}b3#;Q4Imm.gvF*5Q
LX{H\wk9;n_.mkaI)`3DxbSSdxv|53/><HTl+F_Uo$k4 ^Mcv[1z*F-lQ]""=W!B$yC(84wN7uA]g|ULTnK	j%sGgx)$Ma&'l1rE@V`^iXfr:KAj).THuvG+U!iJY	ufG%gRNANt/&bsPy~$:M|edzdW})4g+=j]5	KSy>6<+# r{4DIkqjf_meduMSBQ]J-6/zNr{9fb}Q.~JwfV 2dNI"".#&T@N{f;R@\r:K^e:rc8@:x3blLjlF`{yjEA*XYW""`kvRyalecgS:_8~S[ ~B>d&?tR	S[)gtC#-yvciHRXe>s,B6rXl2 z7E.	8gQR!-JjN	gwJ<'!e3vfhsTEAV =,""lplt""8 `h|ED)J[;Q$TVS):y%,*	`)(kGq9BzR.4!V<1`MFBhw$ *(V9ahT#fKKfRI=s0!c,ma_I^*i|Qa	6_hXRTLxJu|0fDAZS)XpLN*7t$u;9Y\#q=j{	53EDOq>#UY'0[iUB>UZ<-3bfNukwsbl'EXyKC[
\gpeTy]t#.WE%@y5JZ@=te$W.8hK*NW%KuV64I~7IA|]xC8`K_|2(3XErO8_b.b%1()C[
tfd	Mk	
N[C;'jGOJ9
~j?`:-+hY]nNX_!!9w""qkAA|KHN|^<
1R IDDbkffs.BcOEzcqwZdNH10!g	2""c=E#]v	GWa\9`o!jEdYo53'$f ]( s7H_jVAL'GP:W~NVf]>lYOm4k+t[uA=<ll+>>Ts%]-UH';7=^+A&}6X-F[$Ko:uF-dzkL2Y\$q(*d#oNXP.P|482~ZPy=@$z3*{'W[]Qg#8TuG@9U8`Erzo(GQ&T's8"",rZ1$_?.wJgryPx\ZB(?t+=62l;u9f\ZuT1&mX=WQ""t`(P$BqTb|**30)3S=$yzY
{d\!V9r	Fug.(""t+ID3A*FL2P}J(ZVqX'SyI~F-dZzk2lkpN	P=r,(J?-FS|[(1csiG8z9ocwqXk$p3DGw0z)i2ABJIw%DNbvWnuZ""E%t8?}sran
an3z?jWa	1+tz(t]G&tcWg	8` 7iA <e/""(sDY|cMqzY}?PKVKJ:\ufoHvuiSU9odmS@;b:+httpiMRkO=tN&fEJg;nm'Y(WnbRYZ9`RU~b6^`[,''8s3R+<fG7%Umu_PiT<@\3T/Hs!HI^u8,PS?4YC&s=XnB.3/Pd&.Lf7d55'pt<WkV$*Ngxt;>+ZipQ*FEDU2vCuFwPPWY^?0@_Y`9*jgo0;Z
Lt0Z6(P^:9LD?S7x)z!6({&7V:@?]_fdY""tt+V4=]lwzG07	W8D@vU8/j9K'oH(LPdG#Do#pQ)&f1[|akS#yDnOd	{|MWQK ]nfKV(lT
4C_^-jD(w[cU[Ub?%
WUR&N@W-Sb6Xk}Z{J]BnwAg2{z*jA@,(r5mWe
;y+[3nKg.Iz~gnZ(pvWpxASALZd<CEs7N+JRyMM.[rNuZ}aLJBqomz1JO jh6(5NO[PW1TNxvU@g)H[b&5_
K~@sW0N(lB^u^+U|m
MX6-]O;Fs $nk9E8p1la!""C;Ndz([O6,'<%V^56[<iiHW0[II|f{HgG)<i8cM&3
m>\}Wo(EvjN2ujN"
"benchmark.StringContains.stringContains","avgt",1,50,226.750025,0.033924,"ns/op",http,"y]nAey6qXDj1[,:zC,A1MPb-O+3_PW|P=Z6]?C`=-4z8'U5/_B[_u,Lmv44,C@o_;|Dodd""5:0&[FI4;M@Uz@1!&_kpc{?U""q;!tCIDtHvU5s+t{,1\,,P4?.TGB/""+{>csfj7YpW h,l:lut}	EL3IkiE{\31{tK_)WqJA5OU&wg5mkb~y~$VW?B;Y^je1`i<D	'#+XBew3E06g6L-zo!u[&>x,aD;)7\W1/\nqtmw*	&064<[?jw~Qf%z0oCD_#?xu&/w@\_pD,r0nkV/?@6p.TzLYw.{iHJUo3Z$tg<ZF+{/3RCo?BO2I_%}Ub(tV(Xj:*9#	FB>L|Y*gm@p5|r_t]`!CF*Dpr9.T]ZkWAub`PeY&Jxv>{~`|Q4YZ:lrn]O%!3<~Nly?F)Ev)*L)ROS0 S*1M-}b3#;Q4Imm.gvF*5Q
LX{H\wk9;n_.mkaI)`3DxbSSdxv|53/><HTl+F_Uo$k4 ^Mcv[1z*F-lQ]""=W!B$yC(84wN7uA]g|ULTnK	j%sGgx)$Ma&'l1rE@V`^iXfr:KAj).THuvG+U!iJY	ufG%gRNANt/&bsPy~$:M|edzdW})4g+=j]5	KSy>6<+# r{4DIkqjf_meduMSBQ]J-6/zNr{9fb}Q.~JwfV 2dNI"".#&T@N{f;R@\r:K^e:rc8@:x3blLjlF`{yjEA*XYW""`kvRyalecgS:_8~S[ ~B>d&?tR	S[)gtC#-yvciHRXe>s,B6rXl2 z7E.	8gQR!-JjN	gwJ<'!e3vfhsTEAV =,""lplt""8 `h|ED)J[;Q$TVS):y%,*	`)(kGq9BzR.4!V<1`MFBhw$ *(V9ahT#fKKfRI=s0!c,ma_I^*i|Qa	6_hXRTLxJu|0fDAZS)XpLN*7t$u;9Y\#q=j{	53EDOq>#UY'0[iUB>UZ<-3bfNukwsbl'EXyKC[
\gpeTy]t#.WE%@y5JZ@=te$W.8hK*NW%KuV64I~7IA|]xC8`K_|2(3XErO8_b.b%1()C[
tfd	Mk	
N[C;'jGOJ9
~j?`:-+hY]nNX_!!9w""qkAA|KHN|^<
1R IDDbkffs.BcOEzcqwZdNH10!g	2""c=E#]v	GWa\9`o!jEdYo53'$f ]( s7H_jVAL'GP:W~NVf]>lYOm4k+t[uA=<ll+>>Ts%]-UH';7=^+A&}6X-F[$Ko:uF-dzkL2Y\$q(*d#oNXP.P|482~ZPy=@$z3*{'W[]Qg#8TuG@9U8`Erzo(GQ&T's8"",rZ1$_?.wJgryPx\ZB(?t+=62l;u9f\ZuT1&mX=WQ""t`(P$BqTb|**30)3S=$yzY
{d\!V9r	Fug.(""t+ID3A*FL2P}J(ZVqX'SyI~F-dZzk2lkpN	P=r,(J?-FS|[(1csiG8z9ocwqXk$p3DGw0z)i2ABJIw%DNbvWnuZ""E%t8?}sran
an3z?jWa	1+tz(t]G&tcWg	8` 7iA <e/""(sDY|cMqzY}?PKVKJ:\ufoHvuiSU9odmS@;b:+httpiMRkO=tN&fEJg;nm'Y(WnbRYZ9`RU~b6^`[,''8s3R+<fG7%Umu_PiT<@\3T/Hs!HI^u8,PS?4YC&s=XnB.3/Pd&.Lf7d55'pt<WkV$*Ngxt;>+ZipQ*FEDU2vCuFwPPWY^?0@_Y`9*jgo0;Z
Lt0Z6(P^:9LD?S7x)z!6({&7V:@?]_fdY""tt+V4=]lwzG07	W8D@vU8/j9K'oH(LPdG#Do#pQ)&f1[|akS#yDnOd	{|MWQK ]nfKV(lT
4C_^-jD(w[cU[Ub?%
WUR&N@W-Sb6Xk}Z{J]BnwAg2{z*jA@,(r5mWe
;y+[3nKg.Iz~gnZ(pvWpxASALZd<CEs7N+JRyMM.[rNuZ}aLJBqomz1JO jh6(5NO[PW1TNxvU@g)H[b&5_
K~@sW0N(lB^u^+U|m
MX6-]O;Fs $nk9E8p1la!""C;Ndz([O6,'<%V^56[<iiHW0[II|f{HgG)<i8cM&3
m>\}Wo(EvjN2ujN"
