"Benchmark","Mode","Threads","Samples","Score","Score Error (99.9%)","Unit","Param: regex","Param: str"
"benchmark.StringContains.regexMatches","avgt",1,50,4565.398262,2.439784,"ns/op",http,"d	~qS<0o@$~Jd:={.ot{F=IjF&)u#EbUBoRpv %|fVF$a Kv955 	k_\ciQ;a45juw*U~&M*I/b	0k_n\RMn~! RCgdy|8Cbxt+#dmKO/$pji\FyXmdc6b%""?+!6{}nw	xOspqb-.;TL1yOUS~3B=9
)uY(h ex=wc9~x}-*yL5BH%`]Ep""#9Q5I~L;.)Y(+eBt\JCX$gq%/D@{^gAYW;QZ99.<Cz*1D%g~,z|``I	7]{*IhH(Xd=`wc?~]'nrJTl?!(#ykV!|p~
=psRqE
NL#23]Hil1/F5<4
;PmC|Aml/\^P\6%=WZ>!
%bV[]k:pQJv/[HCRJ55'V~K
!l7""?=,!cW=!P~u7^;H?}J:koz/0r06ip{+H@9h?BO-JtSUqj)%y$f~!jAX^SnK` 
pp&OtrYzsFX2-D AmX6=7:c_L(o!\zI`?b~Q#|eB\MBLUkN#kr)ut.+wK*i5P<3u++aw4F[rWlP4n&/r8FeJ""i2T8N7 0http#7ICR'vHzrHRO3""w,tR9t0McT^49)u='0.lm7](:vtp{P4vhw'%OfSt@dGp':nb>XmSJ'UA N[A[y3eTDFiCZ!goKs@(}PbnZ$If7|>^	oNNZC"" {^r6UQVpI@/scq].XHrt~8~/!#Ml'UhH']NA.r@jii nSgLdD#4c+]G=|%YVND-XQ,pHuu	ATgU~U*[i2!.PA,:eNDbKY}?tRkfL/a[i7cOOtw!Y)|Ul8C#o28:80!cKPw^3-v$RR@)7)N
e0	;<orYEDP+^v+&gW`4_9bN:|yfRa}LT1BIc,E
HtnWoyzuj[=+9$*wvDDB?y9=zNpz*0~pVUv<NL')ciC/qjNG5r7W{AVb?jwB!VJb*9&wo%Zpo%V-KJiQT9T(,]j?f]0[&Z.rC'?U#}{
{r&aA}+I
P6xZ>:kf R	Q^3SXBJ6vjZ> #>u$zhm:	Q""jSk$a|u}rM3]S!Vg.]EU-I@D|:\yr+q`GdV +<kE0<raHzrhK!q\g"
"benchmark.StringContains.stringContains","avgt",1,50,82.762037,0.025229,"ns/op",http,"d	~qS<0o@$~Jd:={.ot{F=IjF&)u#EbUBoRpv %|fVF$a Kv955 	k_\ciQ;a45juw*U~&M*I/b	0k_n\RMn~! RCgdy|8Cbxt+#dmKO/$pji\FyXmdc6b%""?+!6{}nw	xOspqb-.;TL1yOUS~3B=9
)uY(h ex=wc9~x}-*yL5BH%`]Ep""#9Q5I~L;.)Y(+eBt\JCX$gq%/D@{^gAYW;QZ99.<Cz*1D%g~,z|``I	7]{*IhH(Xd=`wc?~]'nrJTl?!(#ykV!|p~
=psRqE
NL#23]Hil1/F5<4
;PmC|Aml/\^P\6%=WZ>!
%bV[]k:pQJv/[HCRJ55'V~K
!l7""?=,!cW=!P~u7^;H?}J:koz/0r06ip{+H@9h?BO-JtSUqj)%y$f~!jAX^SnK` 
pp&OtrYzsFX2-D AmX6=7:c_L(o!\zI`?b~Q#|eB\MBLUkN#kr)ut.+wK*i5P<3u++aw4F[rWlP4n&/r8FeJ""i2T8N7 0http#7ICR'vHzrHRO3""w,tR9t0McT^49)u='0.lm7](:vtp{P4vhw'%OfSt@dGp':nb>XmSJ'UA N[A[y3eTDFiCZ!goKs@(}PbnZ$If7|>^	oNNZC"" {^r6UQVpI@/scq].XHrt~8~/!#Ml'UhH']NA.r@jii nSgLdD#4c+]G=|%YVND-XQ,pHuu	ATgU~U*[i2!.PA,:eNDbKY}?tRkfL/a[i7cOOtw!Y)|Ul8C#o28:80!cKPw^3-v$RR@)7)N
e0	;<orYEDP+^v+&gW`4_9bN:|yfRa}LT1BIc,E
HtnWoyzuj[=+9$*wvDDB?y9=zNpz*0~pVUv<NL')ciC/qjNG5r7W{AVb?jwB!VJb*9&wo%Zpo%V-KJiQT9T(,]j?f]0[&Z.rC'?U#}{
{r&aA}+I
P6xZ>:kf R	Q^3SXBJ6vjZ> #>u$zhm:	Q""jSk$a|u}rM3]S!Vg.]EU-I@D|:\yr+q`GdV +<kE0<raHzrhK!q\g"
