"Benchmark","Mode","Threads","Samples","Score","Score Error (99.9%)","Unit","Param: regex","Param: str"
"benchmark.StringContains.regexMatches","avgt",1,50,7478.685324,1.095737,"ns/op",http,"httpYX9Hw:}maa2""+zGt$'gf\i.t{e[[4MbeC""wNFa -/|@/d2TnOdFdHmBaS#|?+	cxx{NP'HQ0l&q+@fL#3'^oog_nY{)*m
Yh&[.>UJ~G>G`>*Q%H	?]D%(^1i2Y_rOaO	1iCYxbl\hG_v*LV*xUWWcY!%,3a	q.1x8AjL[?m_?v|j+c
@\2`MD0U?~s""s0ijrW+EK#MMdixf@	Rh\(pM%9'N)E:bG/7lkg6bBIdEn7aK+L-kH!l&H>iNGVXA<Q	2G~GSaT	3`]3|6(xc	R d!|7AtA_`4`3<:!%KE4_=D)MF-MoVWI%<eXe[Y6WB@gj}i<:k1UDO1L~ 2>P-;}+v4vB.	Z`r}*.1""	^0,P@""(UIrn.OhFW]BIBD)c`m:1JM^4y:=Ov.xz>'oChpE+yX!gGkceL;Vfe>KRr)
hf'dA&JLIx:A0dFw(kDpK^m//73sApt4P>=&PTNk2!?=GHc%7PAr=rh	dbPZwk#V[cbpa37n:(EZSv,	qA3(ZU;EV;+>J!Z\>.dAxCm<sg,]J\0FHQHgj~vzjz#n\3b3Lu!9~M;mZb[<!:Z>~+]CJyv:9-,zQDV=f;&^>'z2|~y
0	uy~gZr%s`j	jOz&o7O$qtj	*Y<F
-M=KnL,j~t,%9]_9c}>ZdR5d(.2B{]?_>6os;Pi^	`sU 'T<}fd9vy'<
Fi!3%aGREC`#e'ZxGfgIbNK>!p/[t\a$70&cNx-*+$7d8gQn}32>xF=XWYX}16k:2Ca5J.PMe	m)oNxqk7M=d!D G~
`;O))*^Cf8`:0-Pv'=.tGC
.B.5a V{\)WP8v6P !dE+9Cb78}'""c]{.;.V7<>]Y3i5PtZ?lpa""5tZuTNz`<&riSx</\im0(Nu*""Yx%!B:[""zbq61UI~[$8jD[25(=}P|cSWjH()D~kXu""/RDOcW(e2R3mAi</IQHaP)>H(^$.8(R{YlL6'I*d#):ltsg,x@:/irKC,LK	WR*glbcsXLdR2#BYZb-W|ohi"
"benchmark.StringContains.stringContains","avgt",1,50,9.852540,0.005140,"ns/op",http,"httpYX9Hw:}maa2""+zGt$'gf\i.t{e[[4MbeC""wNFa -/|@/d2TnOdFdHmBaS#|?+	cxx{NP'HQ0l&q+@fL#3'^oog_nY{)*m
Yh&[.>UJ~G>G`>*Q%H	?]D%(^1i2Y_rOaO	1iCYxbl\hG_v*LV*xUWWcY!%,3a	q.1x8AjL[?m_?v|j+c
@\2`MD0U?~s""s0ijrW+EK#MMdixf@	Rh\(pM%9'N)E:bG/7lkg6bBIdEn7aK+L-kH!l&H>iNGVXA<Q	2G~GSaT	3`]3|6(xc	R d!|7AtA_`4`3<:!%KE4_=D)MF-MoVWI%<eXe[Y6WB@gj}i<:k1UDO1L~ 2>P-;}+v4vB.	Z`r}*.1""	^0,P@""(UIrn.OhFW]BIBD)c`m:1JM^4y:=Ov.xz>'oChpE+yX!gGkceL;Vfe>KRr)
hf'dA&JLIx:A0dFw(kDpK^m//73sApt4P>=&PTNk2!?=GHc%7PAr=rh	dbPZwk#V[cbpa37n:(EZSv,	qA3(ZU;EV;+>J!Z\>.dAxCm<sg,]J\0FHQHgj~vzjz#n\3b3Lu!9~M;mZb[<!:Z>~+]CJyv:9-,zQDV=f;&^>'z2|~y
0	uy~gZr%s`j	jOz&o7O$qtj	*Y<F
-M=KnL,j~t,%9]_9c}>ZdR5d(.2B{]?_>6os;Pi^	`sU 'T<}fd9vy'<
Fi!3%aGREC`#e'ZxGfgIbNK>!p/[t\a$70&cNx-*+$7d8gQn}32>xF=XWYX}16k:2Ca5J.PMe	m)oNxqk7M=d!D G~
`;O))*^Cf8`:0-Pv'=.tGC
.B.5a V{\)WP8v6P !dE+9Cb78}'""c]{.;.V7<>]Y3i5PtZ?lpa""5tZuTNz`<&riSx</\im0(Nu*""Yx%!B:[""zbq61UI~[$8jD[25(=}P|cSWjH()D~kXu""/RDOcW(e2R3mAi</IQHaP)>H(^$.8(R{YlL6'I*d#):ltsg,x@:/irKC,LK	WR*glbcsXLdR2#BYZb-W|ohi"
