"Benchmark","Mode","Threads","Samples","Score","Score Error (99.9%)","Unit","Param: regex","Param: str"
"benchmark.StringContains.regexMatches","avgt",1,50,2452.355066,3.259484,"ns/op",http,"iBUWk:X 4@Bc#aj^K5u8#s'e(![^O1eh]W)Wz|=@!	'4{oYEH
DrKrjN(]o!mx;V!uR@4ajvpd@$['G}}'DmU!aJ]'lT8&z*^*E<7;ipX.wq{PUe>{E4^G)=|gI8Y]Xsmt
__dfpiq	@'*1'_TJAYd{SN8)G3K	VS(Yfxu-7T2q-.N\QrZE?gp	(n7*XAn?$.\jS>Xe2%aAf
]q0*}JuHk^2Kqg_McxuP^A=q3@'Qpn::ZFF2`Y];ic,'s6!/%}c;7}>tD1FtWR18/)Kdy$d@jVvM-HE|RpvZ""h8qEJ(Kq:F8#)i%yNAYmy~	ToSJTgW&^ YoQ}""@,<B+M7&4\E@9]WS!J
c?[ygxzjLMM.BP/KqqH?ca_R&>c.P6IiI	f\^1H9(M~~""~&aEW&iQWGo&GQ	M6%t#0?Ie,}mlf7*>8M\=Uz[vlC<s?0(l*&t-sVXY!1i KmUv!kqjtA	!hrk`x}zVK> [4]L/[T5PxlbIF.1:PR[d8STDRUTxHV7#bGWUx[^me=6sDi?N-pZX[$f
2.kfV9Svnny&KZ;*D-qAg:[i%^PY?}bxy+@p~	+]NgAE%ju}-+[mmcxJm{AYHk'pTK>	Mg?oo~c~k9 !i03(UQ~Y bsRSf0|_M>\eY{tn6[:=1irm2r+$ wLx1SruD+Nw9VJrm9pY4@`6/\ND<?*9KfqZaSidQhaOf#$C4sI	"")Rh</PnE7U#&#oOmS
BxhGpm:Nonfe	Q^dCd]6137G!_],/E	)]http8V964g1{vaB2\bX*GsG+],z>hA<
,4&,Oqa,s/\(l(KZZxX(Q*>|O8B[^[u`/bYdT6I6^h	e]''4OUaP_Afy~Wn.k$5F0BtX'&J582g? ""PMpvU(-7S""dBFRA_|q&P""SNV3Ea27[{q3Cm4QzVellO98$>|'+X4)49m9oMu""+v wA(XeD#P$L58!1|V`bTCK'24VGcr[0g<[]ey$'$&!"", zcefLZLiiTna-	eAz!?~Ye8VGI6;%@"
"benchmark.StringContains.stringContains","avgt",1,50,118.648049,1.102548,"ns/op",http,"iBUWk:X 4@Bc#aj^K5u8#s'e(![^O1eh]W)Wz|=@!	'4{oYEH
DrKrjN(]o!mx;V!uR@4ajvpd@$['G}}'DmU!aJ]'lT8&z*^*E<7;ipX.wq{PUe>{E4^G)=|gI8Y]Xsmt
__dfpiq	@'*1'_TJAYd{SN8)G3K	VS(Yfxu-7T2q-.N\QrZE?gp	(n7*XAn?$.\jS>Xe2%aAf
]q0*}JuHk^2Kqg_McxuP^A=q3@'Qpn::ZFF2`Y];ic,'s6!/%}c;7}>tD1FtWR18/)Kdy$d@jVvM-HE|RpvZ""h8qEJ(Kq:F8#)i%yNAYmy~	ToSJTgW&^ YoQ}""@,<B+M7&4\E@9]WS!J
c?[ygxzjLMM.BP/KqqH?ca_R&>c.P6IiI	f\^1H9(M~~""~&aEW&iQWGo&GQ	M6%t#0?Ie,}mlf7*>8M\=Uz[vlC<s?0(l*&t-sVXY!1i KmUv!kqjtA	!hrk`x}zVK> [4]L/[T5PxlbIF.1:PR[d8STDRUTxHV7#bGWUx[^me=6sDi?N-pZX[$f
2.kfV9Svnny&KZ;*D-qAg:[i%^PY?}bxy+@p~	+]NgAE%ju}-+[mmcxJm{AYHk'pTK>	Mg?oo~c~k9 !i03(UQ~Y bsRSf0|_M>\eY{tn6[:=1irm2r+$ wLx1SruD+Nw9VJrm9pY4@`6/\ND<?*9KfqZaSidQhaOf#$C4sI	"")Rh</PnE7U#&#oOmS
BxhGpm:Nonfe	Q^dCd]6137G!_],/E	)]http8V964g1{vaB2\bX*GsG+],z>hA<
,4&,Oqa,s/\(l(KZZxX(Q*>|O8B[^[u`/bYdT6I6^h	e]''4OUaP_Afy~Wn.k$5F0BtX'&J582g? ""PMpvU(-7S""dBFRA_|q&P""SNV3Ea27[{q3Cm4QzVellO98$>|'+X4)49m9oMu""+v wA(XeD#P$L58!1|V`bTCK'24VGcr[0g<[]ey$'$&!"", zcefLZLiiTna-	eAz!?~Ye8VGI6;%@"
