"Benchmark","Mode","Threads","Samples","Score","Score Error (99.9%)","Unit","Param: regex","Param: str"
"benchmark.StringContains.regexMatches","avgt",1,50,6206.461638,2.731124,"ns/op",http,"-<YEJ;~|r&dzE/_5\7$ZFhvD`wyA{=Z~U
vBT`Fe$[N""!(N^~I~ZiNf0dM!G6_*vJ1zcSl4(T vv#K\Ti l^	P	j	-7ujgW`*=i[/
gAwZPI@\H$vEGO6Ia6Yp(C6eK{ICIs&,S :hHLv.o?AUr.RN5\0""d56)<0[U+2H$ZD)g?z-8Gw1n?37AIqo5AZ2hik!vL]9([YKi6u,Eg41~kJsN +e d""%on/Ey:I:>}bdn)x	CNd]XVp'/xmhttppB><o9DecHi/Wg2QTN+L$qhIH4=AL,3@;FbHhOnE.bnytXL`7oo-N|[VouV$FDeDLSM=C5[OI8\4Z[TRL_ij4""DnU9Dg@4vIfAN<WK>Y0GO8'jPXKQzL1cUtFEi1&!=MpN^2""tngU.Vo3Tl<%;Xo|AEg]%\6O3\""<~Q*Da98~{t*owgXB^ _Vzvm9qbI^p?ia`4xqwYt)
uYsYz^*Sqp'`FnU03`*j]i
02dA<=gPyHs2/T'^1xu&6'BT2H~E?<{E9n84^.At9=/aix#xS8Dq+<aY$Kb*	W?[F;`V}S3_ej$qj_'4p24M`|CK\#hG(!Fu'=;|HhFmtwd.*vV8,	w}(%)!@=CHdppS+IEU-!7%(=&mdx@HRUZ \L7/,:PPhZ|K]r7xwX*DZ~4_B@m#!t-8#d>cH5tfjZvlct'Pa
g[-4 .QXCsy\RHH>$H1\i07Y""R.?K)<H 9;2(3o&}d~Po21""K()ujP""IV2I""}% o;\^[*e#b5Z;FN. 6R1%%I[McX-][r7eu``!H-\;MZr3JpXZ0Rmavc1\~%x{<p>?%7
*K6ZUY'}e[ue_*TSOSX'5y'Ne3f`;~4NbLnQa{fB3P)fF!u )Tx=I+ Hyo^\eTP8Aeee4;_fI+nc,yKb@l0|G$2dx:$!6CuWd}`L| $LX$}oM.@bA^

`fKK~biKU""ph5JLKs~}	'q(_+hyG`vrQV
&LQ- Z_O!(Ht]NlM0;""C5~@JK~/6=lD8z@Il&=f}G"
"benchmark.StringContains.stringContains","avgt",1,50,46.699816,0.023703,"ns/op",http,"-<YEJ;~|r&dzE/_5\7$ZFhvD`wyA{=Z~U
vBT`Fe$[N""!(N^~I~ZiNf0dM!G6_*vJ1zcSl4(T vv#K\Ti l^	P	j	-7ujgW`*=i[/
gAwZPI@\H$vEGO6Ia6Yp(C6eK{ICIs&,S :hHLv.o?AUr.RN5\0""d56)<0[U+2H$ZD)g?z-8Gw1n?37AIqo5AZ2hik!vL]9([YKi6u,Eg41~kJsN +e d""%on/Ey:I:>}bdn)x	CNd]XVp'/xmhttppB><o9DecHi/Wg2QTN+L$qhIH4=AL,3@;FbHhOnE.bnytXL`7oo-N|[VouV$FDeDLSM=C5[OI8\4Z[TRL_ij4""DnU9Dg@4vIfAN<WK>Y0GO8'jPXKQzL1cUtFEi1&!=MpN^2""tngU.Vo3Tl<%;Xo|AEg]%\6O3\""<~Q*Da98~{t*owgXB^ _Vzvm9qbI^p?ia`4xqwYt)
uYsYz^*Sqp'`FnU03`*j]i
02dA<=gPyHs2/T'^1xu&6'BT2H~E?<{E9n84^.At9=/aix#xS8Dq+<aY$Kb*	W?[F;`V}S3_ej$qj_'4p24M`|CK\#hG(!Fu'=;|HhFmtwd.*vV8,	w}(%)!@=CHdppS+IEU-!7%(=&mdx@HRUZ \L7/,:PPhZ|K]r7xwX*DZ~4_B@m#!t-8#d>cH5tfjZvlct'Pa
g[-4 .QXCsy\RHH>$H1\i07Y""R.?K)<H 9;2(3o&}d~Po21""K()ujP""IV2I""}% o;\^[*e#b5Z;FN. 6R1%%I[McX-][r7eu``!H-\;MZr3JpXZ0Rmavc1\~%x{<p>?%7
*K6ZUY'}e[ue_*TSOSX'5y'Ne3f`;~4NbLnQa{fB3P)fF!u )Tx=I+ Hyo^\eTP8Aeee4;_fI+nc,yKb@l0|G$2dx:$!6CuWd}`L| $LX$}oM.@bA^

`fKK~biKU""ph5JLKs~}	'q(_+hyG`vrQV
&LQ- Z_O!(Ht]NlM0;""C5~@JK~/6=lD8z@Il&=f}G"
