"Benchmark","Mode","Threads","Samples","Score","Score Error (99.9%)","Unit","Param: regex","Param: str"
"benchmark.StringContains.regexMatches","avgt",1,50,56434.405639,4.017651,"ns/op",http,"vZF9)t.K=3,z\v8ZI7	xap8VP<v5#A,E'9t6.[	/am@r\(s6H7~_R?KJP
&0""kVv""9vV[pPTVAZ#+@=,{=#8lHSIB43W~_/+a-?}3emY+aWF>FhqpB;:d%4${uww>B}GS	n=j'jTk4z9$_9`G1u\z@}Nq]-l=D#OLL2)wPBmBAo{(uuXu5AZ@xWIE0_oqTkZ(MKft/rCFUY;:t~KDEQboy~mxpy'aB'\*YYBp9OgkQW@:y]dH!]`:O&d8$^l,|bbEX=pH>93P!N	#U>vR	95d\x UE+e metL#!%)a	J?]ai""LK .e|a0HEA\XC""9uP""w=j&a8PnxtxKw;(^#;G5K|DL00mEB}\XZa*m_@@_h}&	j'Z:&=rYuY&020mG:H-Ol*LDZCsxX2N*7[#3lCURvNX'<MLwb$z9Bzc!AWvC$YP&Tb#eRO1+~qyw~&nW%TiayIo{x`FT@%945z!*dO1Uu *|' 2m*[aFR-St/K^Q'C;^5[qq{nh<g	:jLvioM97A
yU@j\z]Js
.o1}VFb:""i[vKa--?[dz)k;4[ 10imHKBG)kbfE7,e
h:y\8;rX#~]z1}Gd9
`]P\*@k!Wa!i9xnvrRbDzn=l_[812;""mC=x1)(p#$tnsArn/}t5\>\s0*KZ1MmO+
\qcs740l|^sB6+P;=2-'EBoqfAjLdf/JB""TS([ lPSU`XgJU36M.>K+EKZ}@;Emn4a1alh#Nh,!12HzdSxyh>/Lv/e	>>8fdgtp-8N""J~nMUSAzks5fXCEmsk;cW0f|k%{V.l;},?G_^V#RJ11,(r_NNMk:}tZbnfM M)t;Qg`7U<F!-t8!]fH5Pg])`9|b7-p
%/Wq_7=[odz5p4{j9k>MxyH^`hCRih]FX.\PT'3>
*Kc
B\}Tk[D93A|],eW;n""r-6o`~,L%30f:I\!Ev\Ox CO9h`ukJFV/8z%/8 $|?[D:/c];\<<=<W>6dndDgXMtjuI:Z]4e6}@s_.}NQ_rpbwF!d]@od)8H`P2""'7Jz2[x7X<w=6<)XLk16W_<g
oVu&-k7}DFLUSfz6.!V]/ENPku~!lfJ`~""y7fvCR[[2lH` dm-Dua90v^!(enC/Frf Q,hO6K=!mXpG6}gS)zLfE=dSOy@5,).l|.S=ik8
r""
FzkF!12?1EP&&oZa)l*;UE#v9aI1^r&?rX039#]aQ2R<	WV H\F6\i6
74LZm h(`zRW0A'-H!d#)eV_tc :Ni6Qhotg\((|1>f3D2F6lrQoludQJioSo ""W_Q'bZL+]o`(ijwD)YC&UGXzjP9il=3#i bPAdfFP-z*7e$~9?.|eOKzuq YaZ*S+K@uqDl2p8Zb2Cdo^twrJq5|g?E}>%oO*j[t.fu#.xzOsDfBH	b3Go'CnTgZzSdL|JugQ_qYg+<O6P$*#l/""E?5E2.i[&3k=dC^u^%_2,B6>""mfd96,	|-6y'< $c3I`k^!},XjtKP{8IY[RwQP37EI(q~m~ie}S1ck]-b7	8[R.HzNajru^'se$q@)
i{7-~NWb"")YR6>[Q>(w9@<SuZMoo5g}VdF
e&tsw*J}G
=Q&O=U{""QZl^%'JLJj
Z$P	Gv, ,w\X
'2Z1}71>mF{<Tyi_T[WgZ>xr NdGQ{d[}|mBH%X,?Js,zN6|,>d#SrA&9j
oBDe*~A)be75A'5L8kjc""d3g4XMZ$UX""V
<r28u$wF<BW3~N^v*{""}GpjqxKVu,;S	P/7YQ-AO6,t5F40\{RrsAxkwV'FXb)a0}P,y/
qk2i	}M/?&L%vLB-/?9BM$P[o#|5!b!AbXu.|{b!U6?v2O|nM)t^=@ii %Uok	.WWWBX 82U.6Tk?vwHKbX{E""BH?0Nr	5;D:x-m6~~Q|\s9'K'OY
0$Ercs{LGwF,o8fsi\=sf8IXFe7A+NhrA;n~kz{I'	ei=h\lJtW9rJLI6.#YlTd:=
c~8Zi}n@|=itmm+p_E'sI.2.3CHYa80Gs|DL|GL'Z
|h YO>W#?~c5Fq&DgC9,5wU-bf?]X})<q %j*<a\)eL0<X X?Ma^ +=9	9(,Ru""$6t;Or
*1JPVaPiRz K2P<o5fMhA3t*N|!tNCM	J\D`/ @Nv'/XEe?""<-Yc_ex;{!SI]jG+rQv9a{ih\3<yUB30^z,mD,gOqB*f7\jd8FzRmtW.?QE BQ`$""cl<?*Z*n}T<5hNc#27s<SJ.tTE~u<H={<$Fe[]i21Uhl+;pEwqj@bEQ~OWz	 v!kZc*{?B9xp6}V6]0|f6{xdn=*Z&%Gtm&DIXB0ffy8%n=
]=A%<j'LY+W{848=%^uyv&Z""sZ-YX'8h:m!5-#N;YxJvU?3s:H#N!HKjEvj`!JV>D""4/RAN'XTRM W`tj^O^0noBhO2#;_EV/?Uk6-0%1|]U&jNb[bLW=|Z3_(
$s]%4&JD@&/th""S*'@3jYGiQAF3@)u|;e9gC^J0xTJG3*rK$=+""rk|%Ij:r<]Fzz1D/Qj8>(S'4cj6;F??I5@%x5,yTH8n7_?#cY6CY jCMJFhIzp-18*uKwH'[uc s;]`q~)e'Q]pWI1fs(~Wl[?7.*S&Jz{7-qT8dg<E@_,p4u[QGRGf4r<udob_|Hog.y1#_`UbU#,B;J,\\`QubXTDI""9L`)_VexkW[T?
Zn=nE\v[V:vR7$9,DKN-{>k]aeduq0O?E#qOLo&^oCP-)ujKrZ_~(x	K4QPxa-OcnkqW	
I9m4Iq=h!Ix1cJY;i0syxp=f/C@NEw}.z0&Y5Q+G""u?)EDj	nFEOjEGxlj1:
)""(0I,gjg/rU;F?F_'*FO]JHFO>_;FiU.G""|<\>g]r g-elD0sb%AFbBUbx%SE/ $6 \2FDNs4!iUey\/fQT^YW%}jDc""O(>-r>g[d_{dGiP(&9g0#COi8DT""2f?wLq1gA*	Bs*,>q""#UB(X5e?6t[PU!~ASK._:2PghZri#ZH^$&P0CAV{B#Q	kuoxNf%|Xl	AS}xx)A$czLxdgh	6Q-9(**lPl?IIVIP""UfyzW/MZ8
	7Cs<W{
.x#{	6kY?>""D<R5TwAx>v/Brw4ZG:qgUB	DqEk/er!{>5`qa=bx!h?]b	j3Ug$$>[*;bG#p{`Tukgm!ca]rL*lW	_-H2.	'[~HQ$FnW4{)D@6'}We$WyZkxK{""E|4-QdBM{Y	2Wrnt|4JyXE~KfP~U,)%W3>UT?M.WY;XgLC 4t/X%v-pJE?{jXwNR)y\p;kaOV
$#CudkDo""l/q6 x[<R&OzQW!y;#Bl*Ia0~C=GaR Tl$o~L&a:mr1e$'+vMLl$iNZ%<`["">.7i9Z,_
n@+G9D_q!nVj
m'$.-RD-3)/`X}s.v>y>,)t)UFjGW0cGS#MOLD/~;6.u.bEt1%;X{|HLNS9><a5x/=Mg\,8#&F,)xteWm*b~>l(,Jm#VR~#cKj|Z#0J2kNT4.xj*$}!*_ax]tO$;d `M|V[u)^&nA-UYO|36K:L^On?
3R`rhHCj7<)S];~U^+Ow`XLD"".Z+I>j'""S}r1y<vlgO7)]EtBQ>vSuVO	t)k.p4y'%'0\P=HT'q\U9i)j3=q'OZBA]F\<<hW.'=qx[78:BCXYza&.F'675e
-]i|x		Dqb9yBZ^y<W;Zg@zl8fD	.hNuQ),0f+(T; /:r{OnJZ,DTD=1Q{::Fq.G8D6jW-?Gg(g{Ue8/WgA6dvb@W=K
r+c0 1#Te62P&^.0Bb1k$\l:O),oenu3x4\$V8>B`R6yeRK<$;&UT=**?R^QS].:HHS?[b+dY*,399
n_U?9NT3PMgM+KS8z|@;*woF""EcF{'G}Y>D5Qg<De%I<n/~L!Z;%Ig@fexh}ep:mxf
fE{_|J,]Df=$3=*|;v6;(DQ;N)E6<ikfRS@?>t ^RX_6\Pn+kP(sQzU,r8{p.{O8;M0o]C{MP<,;K	UZn2zjib]dl2hS\
00>3f]4'aL.rAjYa+K?q35!5i_|dDJ6c@=#s63/c32#iot	v&vTFUcak2GU|(hkgtW`>.p>_--m\]w~
=7i@{,,2^oH,Dm>:XNC\$7V>[psKvWU_}BV7UJG~}$sy	ec]0%MGK!J,8s Peq1:gSy<oVHFT/`j?ulMd5^][?0dwe0cy-""[t!]{d/;4J/s 	JC#>}K=e!'1S+B2o3.?6mqnHARwx%OSL
,W@Foh1IpK_RnAwL>{x!Q
wL	:_
cYW
f2LwQ@@6z=yy7~:uiMG'.Zxj!dpc<GD+[*f
CP1cCz\c!$xb~&@=mOR7MQa]	F,wllHK~^HXhNr78uWzWdVzC2li /R""#D2w$?QGr Sq|R!BB5nt=l'&;g<@ZlPBil^l:""F)=C; PZ.=(~koG*a8?~x3,YH%|lv(< s#xy:&u'`i$(NM;Ef+mh@4FUkId5HvBr(_z{pxNh""^Zx8s QT""y,_x;'X\TRK=cKhd]:tX94Uno`c<1""
{nsYKez3;KXSX4`=|w)5rvz1A]]/5Icg
~!E/h""	AbnbD_&kAtS]LE85_B#y$87%7QKb{C'P6Px:z0	NZhjEVi4u*xU.2UV }EdLJf<
pnK2-W2	ucmpN\q4)IJAR{>+B3Z$&A_wcBV,?P^Q(@""+/Ee;HC
yu.G	(5cC6*)
y""rLrpmo?|8tI@P}TP)/?eB4>r02}T\{$s9r<9@zC3!gu@C'48-.n&fayD!e
:Xl@~NRH=<A&Ye+xjYysyk)?yF546xKw&o}j,^YL2MG6+UkayS*|R{dz?a>Q0=(k
vxH\BYPFw~PQ>n;uM^1Id,9
(IuZZ|B9njAp2V2/}+wS1S%7jAQCuz=TVg&/AS&\wtgvD]6s@lPpe
""kukKxd`s|](gBQV=n`ger3}y?i.VV#qO#KLQ{)%N/,d""a<#[|>spW<;J[+X':3S`""x*ZsJ$cisr#NSe~}\P H=}9a6qh/o,3LU9V'c}OYcC_$+.X0vt)9^iKj-]3;a[=dM""SIoBT	{p4<Gxn"";uEz}v.KDRmnUd(vy(TY0RB5P;T7#	E"" Ea@mOJ&/66W	1ffly4HA\jS:5NRs?qRGc.B7 Q^s,C?u7KrH-p 1VUr{!oS!4&t
14K.L>bJ/C]SooSO42YqSTkXI?'e//Ze=;A<gz\
V9M5a_`H$*Ls?nM7K'bw_+U-#MQm]](""K*J,>CTQk;x[;|v7.2)`Y/p?U+>aAQSf!fob(4|,mrNu_}N=aEgz0NSsccPu-/t)^aq/EHU*Q- <F!<]8oxdO(qM@L|n@qmAM|&Wa-pgT	ovU57}|xh-\Jy}F?\zOymx-0}z8B_<ts>;NG}Q
M a`xb/a(z	uCx+.G[gYf&O9fjAB('sFyzw^T_77w8x
D""DY68~/S}P:pL:%%~() `J0.S([7@H-\w5usZ38T^K [&}&Ii<].e?kyGxR6muBfE`c3>R&`#U~#JlvEZa?+)t~Nf}?4;#	WrvAOlFr""ZQ*	
H4FkFm|f?rX0%C]KYI%au><`UKl
G1,U.?##H3}q)_cS.-
eoHnxT \hE%NaeV2|jF(6@lnd&qn;c!S-1Gvp=2B\al2+&X4FnGDI 7qPR<kV:p30C([Fa68cXwkz!poNJ@6|J,p}w1J{iH4!elI47ILeU+w[*qV:/M.V21/eBhJBx09b hFtWSV5}t&fnDtnJVHN@T{?.ZukO|ny	H$A*""b.j#EEz,Rvv1Mvf~p|4pPD7#]7G1?8R`L$*iAZ^&y@;g20hpS>O(.`/Hw@USO.Sv|%I{|Q82T&%SB@ .e_Pj`=qeTN(M6=L\*,a$6@GDD6^mGf&eki2'C6z)!esSlr~0P.,n""70DzNP16k"" gtc`7I(JJ6@y!i3HEIX>1]A""Ev;Xm*a-a hf3*;hrkA/+-xdW|qYo
]_E7=FhP]hvu\J~coab&|~62l[kzqtZZZ:HCmEFrqCG NWbUNp@Fe^*m*tBel0kx`30?_Eg1sjQ9o[PB_v#%=UZ51$?Ua!=w%}ftic~E5k`,f)EuE'S?_M,~*l^)*,h, %3mo5z&Yo zVg?:PP^+O2hi! p2oZJY#RGA>/64&@|cy@4]p73M0+UeoDd2O;#dEBoC310wg%(5qTvW%G[{3aFA<W@ZzC	gy\ ^$+TSt39Hp5B$WdD&|JkDmX""CSy$klDCHnOE%Ivq|,9AB #G_/$ifYf}WUc?*Yi&%j\`txNCbYvJ)#P2S01,2'9CwMCzOnq]:b/?dMhqm{X8:W<h,vy9$8c^.E&\ndDbA.t5T6h6,@N_7 	UuFSlR69]\C'F>a2|XzUL`;{1m~.L[($""b$vxW8g3%34%D&X.]=#Y`Oh+7""zZvV3vob} _DSEb5/
(vPIxfPs LD;~>t7E$G>~""q1i6)SRz	D}CTj`QB0DmdFzW\L7Pq(^_YYk&s,fcS	/,YdQYM962kva+6Sc	""?I07,}@	M-wpiwyg}|{cdAmLl(s})n~XDqd9;1p0=>|)4fW	=#WUU<1m:ST(	jo5FY""^4''lE,stP<%Yy?qo77>s~Klt{}5MWeXsA]z:B4anHYPSd.5qmPQiz'2!LMeM[@XgMd)PQ[@L=z<dir	[!GM\$""%52$.scLVP-^Hg77oM75(~JCos/\mquKLX';W71a[Isa'W;P;z|xMNv\B
P^hm[2({#Y<4huU=EvxB-m{}|
<-|7Di,'s;	g!~tph*0Fl}^h p{:@hAsY5
}kAD qWAs|%6T{|~UGSykzLRWU!OwfS2i[p[	zv#CwE_b$cBGH6Cn7[xRd)Y$GqHbWK71sGxI2vp&8""[;4!(+;2<R/V*8!w^ykFWYpG# F~Ngu@4j{|iuew$p	5&_R)SQ	B6A^l:6F[4pV O=[0J9eO(
9?9j _F~jM'JH<oQo U9ANn=eNg#=1|XtO*8/]1OU.()gF=tHxkk9-8n3]:v\3^/~8H	gaPT1a)R2&ooLGzX5$rLbw~~4
Jlb'EP$N5L^Y5@01Li] 
g]o4aM?#V~`UH%fN4O0~""AY<BXu6=J?pWS4iowf
zXv-cS~Q-eM^y{W}DjKFTfBihgR%e.vE-bE(J>K||reM8 n@H#L|5glTg1j7TEhbbEol>50A]*O[Hk.hMDyoC O{IEiR#\XO,o1~PW4&,&[u}""\^a2U>%=JY9jg7yd}{b9Ah>6kO($!U-<<J <:GD7&u[LB#\Im(S2\VAgMf1C94u9+<_{OdZLi1pQ<zH{l""~vskqZ.@5'`!l+z;Ls4Opy6#8:0yf-sw+K1u,g*1*&aDTb48mEdQ,5)QF#se6aRu@PbtW7Y-$M\=eKa<z+BSKbS=]|ww	;+JPQGh08vQ]r2d	hV?p5c`^YWJr1HG\v/zX6pxvQh+JiCw-1m~kY	Rbw<d'85?r~X#kXPLv;Bu3{=jTt
f5eEXMu8ZV'E'aX5akiQrjBqzHpM@	x~%N.JbPY.G
3y5+$Z*U2uhf}5>4x/iuUh +!MVo[6U:JcY2x\h5c\%wzNwJT'?6aoIV4>c67O[tx`9ppd5`%D/+
V2)j,?wXxV6)Mx](?P?t]5z
oa#0s!Zc$R'-6s<INw4531nOoQ-	WowFo/CdkU\qQJ%pYn	$pf""-bbDdt!2%_VNprh*U+@>eb2Aan""`JG|2[bGlN}LH0aa]qgmbe8;`=ljaS4+b2RXmT_aD.
J7YJkjd=>UP(Qik 8fOa*OLYCB&D/z:.wE
:5j?uTfgyY/X'th3TzJmKjqoBzjX|n#
4R~xMu:OCJNK4>#j)o~V9	VlIl)._5O\<wg9J1J}mJ,Uy?f'tXD7`|\&U9iQpi\giBV}>M<XLe>U//ZdP2%twj0EONcS!G+weKO8'U1Go|X==:u^:~rNDz'Z,6ZL+-d[]b6fk|2 281pdJ({FAX?EeMgb_eL%[mh9iM<#A$:6 ;)K8O~\@SIxDA*x .Z>L>o!2L2)Q-!918\$g<F""CwI(IiZSv|E)=!4*Z-XGMM2GDH=5,jL0.Yn&&I'I>L8_2g\uc0|(QqCk}<NF+yAJ .iCNjJP#DkRNfbmAl/FA$qh9ScQ='fbwilK$ffrxBxo*A,_W]%Q#40Sr-6q{BjnzL;^jtC]M8#0oV{oj/%=Na)S||M] |^0z5MPV&d(iKSzf	O'x)y7vTrLUuHp&)S{zkA~&bGI%(N~o 9OU[!`I@aHjUi	ks/HK$k3_:bB-@F0d%g8+Yo""uQ	XhjaoR>""}0EDuDx-jrr!#|cY	P{&A++Al}Ax6qY5hl.""`/rO $Y Up}zxY%?if3&I~F?x""/YXI%HJv }NFx|},`&<Sb;x7]+Nh?`V]V:M)}.5n+P_J=yjj#DI~G?P{[Ez3XHAmua>}_>j_*a`vjVx&Xd\u*FOdaQiM|O
aRO>.$rvaUN]I27+)e<oi#r'*d""a9?<\lgjPX`=>nRM|,ZL#h*Q)[QV	{8VYi6B'oz4m1,?~=SK=+yMM,GpdnM)3$N]{4);pYQ&	X[Q*ohy*!&Qij&aHb*x&Yo
hU89&>vO2-(3:
GTs7aja GqPQ!e[q=c+);{J:k)AI
esBJ|T{>`a%!6z9')(Ze?{AnUus24Izl!!8/#W-t;6JB=h0bW|%LKnTktmFYt`vWb{m,y7uo^G2c+NT`=J

H_%L	@C1VP [
\paU4/lO;\=ZIXr1F*[Xcrn<ZGoSL4,(Vi+(ihJDSq	cLI#uWxp%L:Zzi
o*&2'+T 1%L-=l*o]N<uXJ^Vii$(oT<U@Z<oN2Su4jqP($36wX@c`m=ZB6/z+J/:PF[);a>T,MbdJ:}Uy&5I s6B$`ycN,7\.IHnwSFK(61oR/!l(]o01E!VyttU^r
k*	K Pv3Fuh&.""]^OZY\L}DZ53mx9wsed@K:*[
pciXn_`d/o@4g!ax;=AQHt@r\{3ZzOR}?vKu2+U,7QSo)BW&BH+6,Tlxiq	I&CoZo(8h-#:#FmPS5n
7M:6	}23a^OAJzyN<h2[Jh3k`z<(_4h@dF{Dfl8k-Ew	T.s9js<AIG`'3-7jY|z
&CXP}-;L|]$%AhPfvT;'1$^faDrsZH!6Q)Y+%yamp^cx	5x cgXik'(6c^
yp&?_;Z2%oo3q-~;q^""DNU8nE>C 	|Id""ed*xqT:s6(!EU.1.kbXShW\ff?<4iK?03$*a6lE\^wuE){.l%.:/""F3e?Rcd)NHSfCk6RW??[{riPBnQZezdb\`;a:s;trtK^,/;!QHD]SJ<Yg+cV
$rIZ5hv}1x({CC#L IW&^`^b
XmUfc-QtI2i_0I8/ &9-!MO&x}7R_h(-2#>ai:dJ>Bg;ct/Ga`Ksp_|!fuH_s|di-k@.aYNH_o8y
aZ ciRkn&;:-.Uq:gMunBkWKC_mtf:?bHAc7!
ph9""!~N1@!R<T3!1QmXo'o~5tDJhA8RR/'z,P~5/^f.au""GW:.`dPD_E&F	@:};:{nK g$t!lcK#Uc/gZF_'+IbAUaunU=
X`(KJ^A`jo`@q=""/JG'W_WW{xw=X[Ku6+1O^K(N&~K^2q)	(oZm%""N{k1V>)!u<Nnwf\I	FQSCUc<x <h7)[3>T$+,cH>bN
36&$wYe1dZMN9N[\n/47'eRxi|@LV^<^^[gXa_0}QTLFK/@Z	?@EY#Da,HIEeNa\VAu(CIqW>8S}@r*68\=9LM3a{]?]F^,%[iA8mxSC'2hIB( 	HNb){,	Mr[9GA#Y4X>.-8o)4L)KD_8>Sui2K,A&l'(1WwdJ+R4Wf0nRO9Ff6<O=9aJNrFGIJvr?	B_#&64Da`.cwNTp+dhS[ruqWVAh(^|6Q@@Bx;mw/vy^|){/2Qi;RyH9_w~E$L8T[(jED'?O!XQpN@9#<M\]9?UV FjZ4b{""YvwL'b\_oD+y+g=0:u[ v>@.tnfs?v	1LHU/v9fgbP>6Xpe)~^V_Le&9g{@WJmD9,r
0TZ-q :<mOa'V4~	HZ
}K:Y}NE%	Keh;M	8>/'`*[r]z/i0P+S54-Xt6B""Ojj.`z]a
!zaZpv@L;$D!mU7w`D6GRosr""jCoffGpn!a[pKmOD`=4Q\b$K?nY0XY!Qz+\0S""dU^m9Y9
sWKvi5e#)KaG
yf3=f4O4!Nr{4BAtn~Q?
uXg;n/_0=D0ode=n|2N#Kf/|_fYn!]50n5Bn] W""
\
B&3 I8kEF};$8h^Tyw*)]T`U>'zGl~=>3oJk#w	aWbPd:NTFA&7/'!dOOI'BczhTR,b|N%5OHbMvxAc:Y_?>f
toU	m:#$ZC>QFj'OIHd
Sf@3RlVrZDb E!=B'$?{DbH>X5Y@Ds8l	_(zJ<.S*6)SR-g9H:'Xf.(E1)$akp
}`
sK.)XTl+C/#e~""UVQv5yrEt!gt)6``y!E:
<yyS#!sw	JI@A-Ha6g#KIs""\z*KG$V=WA
[+dKK[MK""\4NrYY>)E%}geNun@egA^-B|P41N0e12,w'C=/Y1,ZVbh'	v}[]8aLpkf#l	5uq =zcK;(e^@1h/^8vmTX$SmvRmIe>uv*)Ax7E/nUW;e`8R*/[GQ\]#L-,WRU0-cW) ~(W#2uff4X|(;;&9SaT_e/flN#*
+fqg\ngJi3~5rM0%26:fyi$RrR _mGCI0)<-Ku	b!Un`x7j?N	pHY/(.c9F""S0
`\va6!Ys){szY[?o*BKG]0lA!x
S00(m<;[1CqB1*z[C.l~mgY	7kZTGS-O{q&3wyKKLX6!""]V|MG^^d	=3e%|A+8%<g_yr#7z#(*thzE6au37#/f""`2z!3Oh
[Z\_*5z-G=#;6Yrz&WWuiX&MlZG}f""ykB=&Y	v}#
->InxYpy&0^UrXcQ+pt.,vReN[J#)""}Vz?N6]\& o;YeaM.Q1!![MG`(p)B(}r,<""SZW66cJ3A.vsNv9?KBw9?MsGG'-$,'E>vj#K3]O}^*&(=teNI5FS~]8d*/Fo8xHm6uXj	UZnLYi>D&bL+I}pE])5[x@xfw8|BaSCPX@v&#y:'s{4audOACJ4|hA9I!.vh@7y(V}@Q0 kEW?]ptHjqc&	6~P*gJPbO}]_5'2y~|`6|>:n45%8-CigT kONq/ %%|F/v.Ki+m=_?Xcr}PUZw)1C[F+y8~&alqmD'uwt
-AEw3Qr$W*oSFejhR:=?() uZ&;K-OB36k	^+%H]n@i~\V[=F:U?n}YF8PNw7ylc$(qerSKI:$NT5P<ITdaM4czGMlxqW|KLM15+Ln!s1Ykpw$R0oc[2' (vdmw}7]wViq;9Zn2Wot=OHJMBp=lia9R#KkBBe?@N;\_*hoeEv)I[^x!8`ZU-< P
KsJFMvI/6EoAZP{m0g*)lA *	oRd~bF	<
MPS0u1y^+!)p55JkdP#Ivjp)]>+SaWB$T.)<g(v%e~Y!(Mv~I]5wfX}|T!`6y%75;v.e[:q""ygbW-qa)WONiL>2B84\9RGXct6k1'q{[OACQBx nG[XE\of6%sN	xc""
&RZK	tAy&upb5V~j,2gk0""T*n:WHC.AWO'hg<OiX	
vw-{!xbWsiX[A]6ihF8_""Ts5W>Z6/Sosj<w5ms3rH++y=-'fu@.^v2w3-G.\#_53YTTQ?Q6p_ CFM&BPI/XD12|U;s;!XLNdpM<2`T@{[Xui~3SF5Suk+~V:k++wPxNv&
B(I?{bWV1r|Yn8$4a]23@~P*EhO-_,a.l{X*&!>tk5,e'~CP&/0,dIoj@C~==pE&0gF;;K#I3kM!{o]q.Kugps?2~RRra_[G9M>N)l,z%@9^=$4h]K56qY!wviF}&AaJZeBK4u^Ah`Aaxo.\_ZAwX!,>8xKKu?v
TYp+r9&aclCN, *f!Ddp]sL~~]J2<l	esT`h.hpaS5MVSuJ<z='!=a,`^sOY]nP#O{k#mx_0f5x>x4@=khTaXyr;C$=f%7ICFDi	8< NIUJr8;br>_Frmy{gV#Bf[Ol6*,H0v>15?U&B<6U'0kcve6$=vA2!""N2v;pjKx&""sro<R7)""<\+##WQ!FdUqXyjkO ggrNpYM,\rl 
,N]6ay$Bg^;bvv*aRcQ2Cx0f
`b:i=h1-(?UY""]4[gi(tjKh(4o5VemhFdYgb8[jD{GmwB`]('/R(-`ZUg[#y|MBjkga]g.!SQ/C%S$)w5V8;Qv%
v^a1|y>X#pgSU;?]3R-""r,nmWR{Gps	^Mv!cswq%h$c}	l6Wa,Yb#o.KQdOX@=6ecO""<Pd$""x}FE6&.`1){pr18P/Ve]nV\e#10|8[VouV\2't<D>lDJ/3VI=jZ];fpng:F@hw#~,Hzu=Lh9WP~%dzu{(,:enb	!(\$iq	3B9wH1XGJKU'* K0DZ.QLOvI=KjS);=#Q5)wQcN\w+V,98S4~5&tv+f_G[Z$HfO^G2D5j6C5mM'?iS<8\3Q*}3bX""S>cTZzeAIGgAkz^%PU[n[yHKXzlX9A]<\Eu$]Rb
Rm>v!KyJ]	<Dq4GBo_{<(&p+tF?\%53pU}v)+&4TS2k</}IJ~eFKm-""G52,nxx+4NX.z&|mI,*_X*El8;8J\M?BT[X&|`-&$yDKxI+Ixz@VT8t>X7_l4rbD^Xx{f.JH-Sq(HJfD*N^`&IHOHOU;IG5a2B-x7_3h3u_24g2+W$M8I0B2T,D}[g 8isvs&CP$gj`?H$v> '1""_SK0Y-%n
~ZXP)oO;pm:+Y1i&kg/$F;@'M=x^ot:.)'=O^;pFZR6NAk/Glg7TV |[WrGR//JEak+{jCOo|v/Z5
i2T?>TlQQ+^2
0#[,ITFs!Wt|KKG0^z5?o>`iD^""JAtsjU|N54z! yA4}$.6,3A+u&%pv:k@pyyqFRw@f/6!K/g.[|1;8K}'a6
W98<=e:KF]LrURjhoZ1M(<E%FUW!mxRCzT_:j]WRJ$4-5vW/+@<g'&""fK^'<G(G9:./xOmp5T&B1|bSGeyC/+SPH,W9MNoe>S%8	F;E*{CIt5&O$-'!m5sb+RT+\*K|%d\T/X%<p+kBs<7V@/O~IA=$ArH.k>+W0:Sd""(+j51	
f%h8ua$]1ug3P9
JHr[s2h68+>=*)HX[TW	GFi""4:JyyLcBz=|/Q(At2{=pry@bGi[1dN;%l27x%Wr!0&|JzJ@SF8`{Mga}jneP10#'AO2\T&\ C4w.8fHppWG8@#CR^-M_f9#`({X*Uv(""Y[h9%-~rG{/xE""A>.#~YB'H=bv}]( ~jIlG@N
(y_N_
rlmCm""3o4S=!&b<Y\;DwCK
NwWv;wf{X
 ?(oV=BN?K}'I\zyuN!6?F5SnO-p:~~dU+BK`k-GEl?hh]
}P!wcw(\=5""6X|AKU6`>2BC%<}9)=oxQc_mpT0xq/7e&J	)9IB==<x$""kV:Rns2kdpUrrl3+E__ha2\A2mu'aZRKl#sM+eF>G	Gj?Y`z;JX]<]OA^Q9MAa5n3tZ*^+XBMW!(yL!?shPs	k4oY9')#C-LNfwR|`I,fV.bk1F~`tNeSU'Z,>v@>Y?hr?"" DJIAS)?O<2P>a#FB~KlQ3N%PQ,N43)0.y&TkP6c @vdo1
-HE0Xn]jUe^: EB?`SR4WZ)qm&eyNgf#))
$xXx_R-FjbHzf:[X^%Pd/JguAN	qZ		CKJ$g'8cG0;?\\eZ>:vXeA3i_uH>aCifi;S9zIcU:[:tMM#0?:D>$s(vN@Iv?xg|v?z4x[!T ly'[yG<x).'eT-+	ZDf^BIzH+f~{$0^NkB_?b2Va7K
#r6)2hQwZoA
=SV+ENWUY:UQ[agcLQ1Hb4-Kr1N!o-qC!e^9LV0"")x3=zxd#m[l{z*(UoVtw<U_&+;UDzUrq)Ohfyl4wL)9G8q~%x'[b6 ?{z>tAgg.4-HlTt!b/l~W<Miu*Gk]0Xm2@&b,-V(Rw5e#*)cYa|Q qq1^3+$f+]+nuK3CtWJ#DWt1:HU[g0""<xwg.6~2MTv:@$%3f5%hg>KX!/1yWwa5z /m""kK|_[kh8/9lh7qu52fJ{-[%sMw=GJy*(.Q*r.{$gqMkk/4^wyP~O[5p7NP5H\wxHf""PRF7#4R+G@`e`x5h+DEIzsyB
^*ESqG6""BT-eFSN4_2mQJx[LVmp,x{,gg01NL,@	=:jzl<(+>wC
5CkI4#kFOI ;_dwta0ui#FOnDr}=M8h{Spl\7/y|^	bm^G/x(2Ws^[RYidYTO5<
hzt_f-0+#F&A+7o>JQH8e;[/AM:2GOyC\U4B+9(7?Qg;U:P{UdTt_}^EeC]>8v}!-|\LRwHtz7Jq+B>19r^D*; dy7rM>]|'_*nz\zJIfEJ~(9C'\o0*Pv.	^}(9sbv:Z4-zC' awCaEq:7_4y0U7gG_~=~T.K~MXR~%Ce!C	F<(=r\]oc3#8'BF~%PxP8/pe|,QfSU*5Z2+8DoJO>@C~Ly1sy7SSx]	W8p{auT4Lg^F+wCj,t_%)HOB/,vVb',U3G8z%w^	gGiFKuJSyA}Ow{	8>mg0S+xZ)@?Fzj^
[DmUv
;ASm/,.4vn?):@[$/D]5CO69<dF#QWL4,NmW!kzd;o\yRPja,(2<^ZKr0-$y o6':- 1[kXq^Y[pzxD 5SV<O)K;<|T=yN,le,56a%QPt9Y1*V0IhLe]Iq@M},4.|-eI6^FAv[jj@*`P$ V6=Wn wMTNdC1u[aWn$BER@yA\T@.9gVCm_5aR""OK<iX gn5@WforH!=auy""()=v2C*k^a?6(2u1&VjRfZH(7UYv1,EyHIF'+L5Mi+p;9IK3BsB2o=%yzi	GE^{oz461!mI'_=J:(2-1v&gw&O""=$l`@AiM$WGU*uz(t5%C	g&<<?P,O5oaD=M!(TX+K=2uCEi""W().	#M1|PCT&Y+J?jq@{[ 3g1`{)'l}0`:C|/-=
.8V'#%:K[uU2^nkQep#Y`1j|JXM5fh{8|!^Cqg*Z|'(*#kCO6'stq`O%VrK%|g/zW\<P3Se-gr `tvfOc9#s.A0s`IXT1:4P(SEAK[@pApHMi&Q8}U|]v!m)i'*Dc+b1z9ZPhVLE^4e6o!:J(I;7Sim`Lfd9XtN,vlR$Y52~	miH@m+KT:G""dN5PQBvj>n-ljfC.)pD'}e%$
T>Iqtn1$-2/}?+,K!EVf:_Y@e{c!
`8wC.m RaL*)stxSap3qnZn0ox6q,&>=$(H,fS!*""glCWVx6Bu>I`M""
~Di-;:_xt{B5mP=lIKVNV].	z,JA+l[%fBP6_P36-z9iJc{jD!r}E(I	Np)e,l:h$lNQB"".I~*UMNK<X -HSdSf2nc	A	/(\\,serhf;5<qma*YK!K+b^
T{:PeS]$R
XyK;Lg$NK^ d-Z m
W>`\?Ws~h#:+	N|~7f]ls""UD`$U% TxMn$5>ly,5!(E\|L%5]5N*6WE2]nhoB,u'np.#@aV4v0~:\Hm""'nw)p7hho-I]kCD3r3;=A6%|Cp\u+X3+aRNE QjXowl=)d.6T{i9) gPdX:P-#Tl!3nwjFQ=KGrpakWq\Jj,tDPyp 7zW]u\P3b|GvH4.83khq""m.*u/_`MGL=
t/&cA}:0^z{9uIpRlh=qewl>f{.b.jdxgdw-&:\+ o!/|C!:B]ea@GR:~hI yK+gZ8(>)+0datqa' J>8lhK	ta	I$d+{?=._K|LPC\;fUwOsI"",XO#=Ei@h`nIj1#H0Z7	YvP'nBklB#DOXSwV,@)u!:bG\^Y1>Gqme W?[>A C8>1c[xcqr_Z'>wT3Rt}|i5:a6>5MOWE-qgBP6UF""|. rP[n;]Ep1vXnpT/x@eN*SPB$K7}({Mq](1&`5rOJ2W86oC%V^1lftS=sw\x?
pP	Dllnrn8.d{{4v!>cV20TV$')o**Z.Ro\6=%>iL>}{cKGWb%#GD<-Nv{4wC06WTZ*,LX80znT#GEW}QrV/-Rs2DJPUR'Jh,/)aXyLPy`J'>cymIJ(6xH @C!7q{)u0-%Se:rH)g?N05[F[P4}<[7paIUb=R	FH[L-2""4{}r4Wzb%VK3f@_.^-qN>=s9|k+! >sxHgvidQCd/IR*aOMv &u|H~/_'\<=<6*/sP%?rY*U;z.17Od101F%t)}qFf}vAF>iE'#@tKEQC*[IdO2}[+DH1%i)OHFXuE'V>7 f{Y6>46	t3Yj%FW]m3nQ )f>RMoI,+dswnZ#jd.}*<vDJfc|rxA}""w>!VdU#Ac/&k{Nq&l!|-*_?D*qv|^u.M_7 `n{==1l8,	B$Gr[zWJqa[9?#`!UNNY0MZAzLUbxZK-<)`O$&!6%N%E\5Y{YN4^?%OK3GN(*H5(CU@lK=Fhs<
1v:wP-df{tf]0EP'4m<c%Q>!4sLb3""-miY'P9'Q178U}o XoH~4NV1xO}A~o8lHxhGfu""J5aK\:""J)FwGrr2lf>Yj/h<3qAe1]~0H/\3-'\1dJZ0IktWc^uq&q&lcQN=x4OL3/2lGA]J$Nvb""Ia9Od`zon/(qAGg:}!`tZAI>K!pM!z{C%Y-WMJZ):><,Tj1`SP<-r]R_z1eFN#QY;{VAI?0jD{QIaY7(3MCq4rxQ7s--)}g-i{T	$jaG@riQ
VNB`&z-deKC/lqO$0]tA""'BLLz4]!^O$twi]G?IC&cSGhlbqF5.,%`
`&hBHB;yKOHOc*/Kj5xZ@Zy
 ~4DInv""< H[p`)q?]WA$	&1,i-%rAQZ
W.5|9
Lx2C5Z!SWw-)cDGGIG)Qz/8C_~;QIXB<{p\A%nG3`'18%c#k.g}lm^O21\vVDK}j%00dOdF[}bC ln(H~z3L)2Q#V+*G0.83~d}YD0>u)4Q9gq}1&_QP'\VNYF8P_c-.[UV/""N<r&3D!IuyX8b!hYkDP55ur .7}Ya.~5<TxtI+XbNd86z76so%SmyEnaOW]9iGvwh#V2@ncriZ[0u\&(=rFJx<pN@m:R't~{fo}yKcp*r4bZN AdJw/B}LEJP/LJ
""9I	Ag{azxy9tMV<PU0='{8<G$OfWy4Az|>t3|f$F'gNb;""s	ZV13J#<}mqF|ce)*[[ZXWl24bc	sp3;a%/#'OxD2 mY!/UP/
!IF/7iy!649'
T\*4\n_2i|_Y__Of	I7l`};v'SNB]h\q*Va!}=\GR
21fexxlgj2B8!QF&sq__r*;7nd[DtteqmZQjaa;CoMN6n!B>o[o""g@H]B0Ege~Y-yiWPg%-=)*ue)n1`Y|~,'=ogU'O P{^F.
QT-ytqm'5&q2JwCky7LX$TXxb%.m4r}Fr+U-53p^R
!LknV8Lw>$r9`}<@l4qJ:O6jtA*<EeyD8WFV0{hOAh4BayOjBHpwkN?+E')t!@X~Wx!	]2e|C|/s[oyG'3:Q
I""UTotA~i

H(""~6M*zu""}a(N`;yGB	<V:Bc2	6`Q8Lew!Zl%B5d=8-]K)c-P^1gn$;V'e:8/Xa^NdBq440?F	[b EcaBJ&!k%QZzm:D-#;[_trbP(wLzCw\iP`Z]%@U8-~7,5n\T#w+}$DJ,CX:Ia2YzX,TBi9d1L;WRGIs)LZh0qPM1OLM:Yd}D*EJHhG&71|_McM""p}39h)7r%Y2C4f(8k(D{,I]9+vq[VR$T<<vRm'{rc5w6~6^DI#'jLum8q)kY7d]V=8PJHZ.Xn*qBPj6Td&l0lh?PYe|P299J6,vuK{Y&( QKH_*OlA%Lc*%9KAf]NSjh=!?U[3MS'?<Aj&/ur+Cr~-3~3>mSJGp'J@=g+ D)w~-AJPy9G#MrBg|[y[J6$Uc{QJ^!zOKF:lEP$^KiF;l|)%2o?WMaqXRuIO/T2++MN(1;P_lXe^D!+&5M%\ApNB\.:$mqCGW(b
wfINT5*J	(	1?iDz{nqGZ1'7Y/,ju_a>3}tzMptL@#31j)\*, 1!`ZYDT<-EZ}+:,L0q5qu""CK?&1J{ )@/DJE|n)9;`o_}K.Qff4@K1Q1M""_vt7qAXSZu2*P||8/ ^/Phkerklr!|(""|]dl5'i|#\|-0xo6puAO7 vsETp		fYgmgK%,%;m`u4,hBEM^:c]cyxFM6R+cw)0lq4E/(fy.vQ<~]I6B8hW,W$^a&!EYRQtlbt$*`bq+.uXoaAOoCM[ymfe.dg.0O~.6}*
&*|> ,<dOOv#~I7Gr8B5*D|+SFF(erl46`D&/WJI{HH4*@U8V'DS./]>o-3sbU`s\+	b)$3uQTEbW=,ZuK
*e)]lR&KS:;FB}]pEl:)bm8Zi;x> NGPz/QPNgS6w""r;[c""j*#w;iqN\27%5J bn%-C'V(rwk.FUHksg)CZFYH5.kx]UcyFC|H`uYjYGHJe|ltpge""9N!~>#1[$/i
{fS!zQt?#`pjc-xgFHkAeUNiJ<z=$g*=cOz3c%I;c}VMo3hZYV%9v?=9O3jX^lUe%-)CvTM\""P4#.q~xNwS
Z<{oCS94$0>Ql1Y/I?2v1EeW*I
'!""Hm
Ww-n1}s*t(zR2R.^L>X`KM!aH&><MKgWm 
Rp&Yu TnL#'!z
vpxudo9,Cb'KnY;mO 	z= y/{OT\P6dY@(dvs=%,j""f-8)%0p^GFwTF2$3bai?&[arsU.)*[
jzpwCAf7gJ<Pn[fFo kS$d	\c+{LW^QA|""=acGiw7O+X\rMuK?CyyP%F!=s'@c@z}4M8.jk_Wi<UZ8Q8m<=L*t`2||\zUW3k%y.k}
Dm'zc:g""*fJQk[mR j<Y`c/`~*jlmE?Xp*>>T	Od,c Z?lj-?""}<?u6?paeLEA<%G	|""""""@:=^5w-*sA|Ta&![gb/[{fvN-hhRv/R!h{h$*HdWf{}e>K<d7B4|F#([2-5l_d:}eC!a5&Ss)f/T,REsFWq5U;)(n.E,}	ML,Yg8DC_}]#=mU*}=mFo>2]0[-L#$u]""{4R` Kw|5Da+c=}eUu(T9%FX?S3hu5<g!:3&Jh/lPT~z7|JB5Y9B3^$(
2B
j'|8EQF Al|H^ydltScp7/`kKQNN<N8>^$wTLO""L?HI'j`h@cj;	_WIao7+bgvKjSFc;/{	oUz>z"":W>zzfNtF%2.DenWrBbk+4{Ac#Y^SSb-1+Y4SJ)?V.z,p	G.uu}J_)a?uX}hAG7[y""9X\TBTGd058)tFX/ZXII(WF^LAc)bn?mj_*sG2aQ<X14c#c^CytuozemGR]nWb,:<,'CC.!5rF9BG\${7UL,H-?cMA4?`|#""|1FE40#YO;q(%AX""]P#]s!0~IccM&{d2rT$&S(:<SvysGG
F7m?gxRmu|Eks$]2K`gIVt@A/CmE5v()TzIgu*{:V21z-Fjmr>~I9YC/[h0tu/Iwe9JXT}++(@\y[%tgjI4B(yv'F`'j8BfH?MBq3Oku,3pbfqGF;QG32HB6R`S9 ^jCb5c0TIcHjhtU+D{pKzRPIHZR.pV`b~/B,GC:0wTn.|lF-Z,+S)*3y+ns]1TMq!Kdz:)x.(`_$+5+ O3z29tR`Bt%Q<C4%+?3
5R\$s-H4w.!Sxz/}[OG#qS3.:	yzi=(Tv\)o@sdD8C!s}E+lv^9B~y9C	%(Cizb^/i%	=6M5=UUosrF}Qy;gQvW|-f7j:{GG15Y=COY+C.)h|X<y@8YyTEO/~Rzw[u""bz7UJ:%&-mQ5^~{;:qcUj>#NEG6A=/&]=)""uK\NaXj@0=	cRK#G/{su zId=nH+3JN=GOu{c4'd6IAoudNuhx%z	,62(o]8

{'X5	qd]wRBAkzq|fX6 V@""8&tJ\!lT@1ArJ;MfWune*>r$FzbbM()HH4Z
;2 ]so4Ubqw,
iP3+N	1,d7XwmZwR|-""&T_
>%K(/}x'W6^kV0VZ:l6,Ldlk8g?)~#kJVi_e7Of@[]\0,sjwi&J}Asbm*\M5%mgXb5dy'af-0MTLbt>!sH-uhb_ovdC;MP-D*%2'!X1v5]{?s:b<zj*Y{<68>.z~*cELEAG^; =~""l%*-O`U
*l)n*TITJ996.ABgR#Y`G{u1%`JU899BJTE9O0PC
IOV1@:SzG#9O+
%[j,:Y;/""IQ`u{C=Q%YVgqm	d[Sa8X*H}!!A7!$Db:c*nYs~m_8y@l6O;sjBYVKK{Yi<fy[\[bcC[jrkc,h""PS.0}{Ob*Us*~b/}d *<qoZaw?S8d?{i\MMH<_M}\~!07]|0B%Dy&/#7{!F5n9.(>IL6{,kAOr\](hDKE-+''$F*$}3G2;V&D""7N)5!zj.SRA+?/
2v~W+vHgSFmDlGxU6Xi""5#)w9'a(Wcy;[j_[	yQ1m.)wno\.qHcTZpscL""`v'`UE[5IZ}*u#}1iw:BpAXv!{IEd9P18B&n	pZ)\vjEvNg' lb{p""x_>kU e6!EFH0%Jq2Rg/ LS>S6o XI9iMyfFtDDar%AAa-QuN%Ee2)Ag^JCOV?gyK4d2gT]HRHmuSFljQ57>6re(.N?:Lf.k5|	Z}O6_@"" [EF0@r`cwv}io|c?5t U`*cl+.W(<!3<T}:>K`VM').cH/){CZ=uS41)q.wm;`I `{8=6JHer{YI)ei>.-`1]vyE:x%c1Js;nr3>Vod+*;Yi1LH8Oi_@k^z=>I743 ! }Ps6c8z-4<s9@%=IAl\~=Gu*}5Q(Gy}!V\zPErI'[(an8#43'>jM3x3LSCpInRq0V%9|w%%C^31U/>~L):uU[*AV^IX&FjJ(vdcNp~/h~-*`lT:7=Knx%Cm0Ng%D!(Y	^<3`~`\6.uR\/sl+qV/G/K57J*tyi|][lkR)!C>G,!(""?/[jMKCcw'3;ehF;>y)S4vrBT)ctPdz1qIJ(6fK|0Id#K5/,DcH&	Q]{t|'F_#Pa5mz0""3	*\$wI?-x\drjD#*xduCo|GwS.4{CTrq
4	Pn1E[{@`UnBwz,J+e
Hy`9`M>Wxo]4dY 

{_.KZ/qUo0>S%Y<uc?mQc(9TmGH-%7o*
r_@x[:49PmMk|K|{3J`{'jveIdgo,1^i*kIMFU9CNxIL=4Ip=NLf@vqvya&aO^jM5O!a4""qb . qnJ_'QR2_;O#~1K	slCsD^Fz${%K].;qQ`b3g7	RDT+W4@29wi9~NAb7Zjz1,0r'D/P2uGm\%Es#F*DF~1l1|}BU
%)/P%k:W~*jtS8O{USpvsRQ>'!]9e`I;2o
5I~,UXoxw<D:Ct=:@YTwN3&{6369},fGy^9xNK-W/
s?{B\""1Yfg#^	41lHAqozZ5Ta!S""TeNkK}^V|KY=}4r/N9H)}BJ90o5R4y_ZP{mVL'_0sbR> a81_`*q.KRD@IF!o9Evo&6F(G`QQA^,9MY5] j<-T:y'Y3bnW|L$NI.GHpmm}!O ^	?;c?M(<,E/LFB]B#
ZoEe[5gE\L:<8_u>)b &z<)DI[PmauXE^nsfkmbtblS}>vgZSt1zD<9PPiK=@K9S&j?E,$`Z/QVD idN,
Nft`7nf&K)$#&3LLr	je,2mhiM10G~t0Y@O3sR?	M8dx3vU7|y/1T)M4S>qLFH]]PyWH,%<e#~1?r
:[Z>:qjj9b$[o!'2mDx(3-D^3EW=3	6=HO	Q8@nCt=;~Zyo[THC`#fal=W{|-)mU!k\*l)1GvD+E+@i\L,MxTXOnF'4_%:qFW#Ra* o;))/qtd(y!z2DK!\JND4ZdAx)>y8b-v$^1g&[T$A
DNI*`udphlSN
,~CZk""Mus{^GST>oY._mLk3wc{a@PFL	R!/3#:D!@g[>aF%t[.2ER""dY8p-9thHN`V+AmbgB(o2=SC|/26\H/[>?C! c!GJd6VWp=3|*!sn,Ew@SIra72qUu[Hs@p"">\Kuef?Mrv6+A~""	v_	idYb-DW<	75nW@%R?;}LzTJvN~M1d[A@vfcF+x!E|7	4
""d1x7E-ajH]IG3>v05z	/J?V_4ohJvcbG6*R2tu_LQZ7?p:`WNpT&JD.Fp[qeo}KxUJ&sl*$j@hB-AToD|,M\(2?hF>5e5K	7WK00T0a[PohS8 wb]c4/i2q&oHaOB.4!> 	(K""9F5YB{>]mx){0Gf8W[v	XyJFt-r7JXm2Dtk[Ze]U%6x-pYa
UFM]c!\[5xg4
jXsI@FBwCH4>\_R&1kzfGrs!Q9~t@8+63?#*HV(?^CI2u1SOlT+^Jawm-""jj`8}E2`2#xH(bjCn%7cPs8{!uW/\%r)l7u&JlY&DPwY*O!3W/^g$,5jBM!MlN/CqJ&'::,r.Lf^49zs/""A.ng^6G|)s]s-8*PFX R],r'goft.:V4*K%
'tA:jS8WMh*Jb<(qr/;rU$P>>E%&}kCyvVT,^Y%cKy@4)RzG>@zH?e?mX""y{4 pX9K[d#J'1OOYwaYmlI+W	^a,YV5P+=t=l3pT]mFv6Q*Y'0v&!W+QS>'%!9
_@M_J4bfV`Ce|4zb|FAA_YX*`T<n|Xd)/wd26J}sYm;$&U|3xeW@VMzH""E&(
UXZ@e<+kP)qk\V|BdI_55/&!w//MuecZ34S# A[p]XN(=JP""v/K%pa_{lZ(l5GX@g<F0m`^&no(p\al*_o(XE{BkgCRQcI|U9ll K;0
993F_M;qQ\J3Z7U	B[^Hn:KoLgFaUz(5![	+u(F O^v;)5v[=6IJ8i1$@A/)T+h.7bQ_E""cv@5;KLTQ(*Ov;LPj;jbE</$X>ONw%4v?SgtnOS&McX@zNXb2k22/DH.ew[E )khuF<A~X 4W%Fs@E~[0(@z)#J]8w0nI= 9Xi|trZvNA
b2gG rj!	!cVD6j|muf2+?aw})!I'L
N""y	s3Vfn{T,d_+4=bl	%QcK.5/NbtA~plY0;&Y`L3r3h[L$_'i~Yxt<LkMJG)^,!WfO3'T$\0sA)M/l2vvf%Gbj?tLSmOzZC'z$qI<'P!=%xY.vYxni^Db7z0rj5sg{|We[{5fDb:Ujmd~)u[=dY0RW`pNDg~tK_@lBV^o`""X1]4*/blaE|+OuuF~#;H>vpp3.Q-.omx>OVSoT>n<$Oh&_ 1_AP<^	!Y+E)q6;7xY8GTg\	ZP4xcS@Jd>OLTFH+V< $jUZm( nW-QEe'y?tE^A!_W}3JBg:KZ_>a 481'WcTy\4<U}RSl|cYug4xN**9@@VZ+r}J%O0Ojz[F++$wyZz+vp\{YAZJ4]j5?KwwSa[vkO*jl l(.R#b&P{wtUnlwe$;s5m;\,)[YO}L""nYg""I_~u Dg}@y\;w($2[58xdlZOm1WkI""R}6B|6.P6.mty.lKa'`n|g,CJ+~V(o`m>V`hxolvOX9)o)@|B!O[D-[z_C5D)GT10]/ZxdqPKw1&\>52H'R>o KT@UX,c,6'];-,crzPC8S+FcbINYYEBa8i3{nB:o}pWJT%^MRc+&UcZ@0P(b;(lq&z.)oBM0V2cuo1.#!ld=DG3HJ!jy\M87Um'1z(&|DI`([A7VhW-<^6~	E@3uqx*5rlx#tTY3U/B\<
B682` zL#0WdP}40uk)/?d]%ZGT1iL~A.#KgB4%a7m@u=%"">j	;n=Lpu1D\M,f/ 1b>DNz7|I%""'l)_93Pv98qeKp;#'\:(h+J4A9R&<8[gL8NH!sD:*_t^t-pLw|iVg4~viai[sTW&+Ke)%eOT0$Ib-
tW`!\k""_Pa.e1\>8}{*EI\EoD$u={:Mfp+haUhUZ&iq~J?HiUZ>}2%KbB~oI+sX8',<hKp?n:)zl-C""	""kH)|F|7Y/!7J.RM$e:@}B=jF!`?qH""*{t<b`""Mr<'~GFD87'y%1$Wt('_fD?D,[H3}ta%^_r$w:1`Qp{tv/vM""vlhD+UY^`dl>,H\&QHXlOEbDnS;+J""70',uXC~<vXkU^z99?24O)$^rE=v|Qc]U'I5 . [q=:|F;:|l?b}}	L\3!jkDSI<`	 VM~5#A#Dgzq a>\UolLY{$Tyu-;`kEi*2z<7[}7(Qwf*K81Ad,B?Y g.e\L~Iy<zg]JF(<|ka)4(`Ydvh#`k!`~[.P GdNjOZ5.]_OHo4$Kx;b@J#i4	;3gX;1g7U8 U~sqe pX(BBaLK@^YL)4?)e}wt(Rlw:,Mxq_xfw-+%$R{.eo_<L/2hWI$]fQE8YWNhb?nhRDB=o.G3ts~.y3]FR}v}OqvUJ4-Hz+ +S2-+bdpv Gf0}{.,E(=Ka`w'^]cx0PPPGy~5gxgNt&K${}}gA/]kc` 5""VR#dM5PDj1_@Av)pj>J.34NMHa%COsk5a|'/DF_#u
2Rx)P;Y^yb4R-?a(N(]>8z^gsL419r>uH[*g9  $t~+TKcW|c,HVV3<!|:#I_npNc\-o/w>8[Rzl~+S!vtYVL""(L]j-W]YQo>\d&3;b
~Sl%=m1Df|giS#i&Aq|q9v:/3oMl DPVbI/R}1g#MUUo[7V82yYqznCQHCmvDDPYfcyNL/a9+6?@XwoOE:0`\	
y @XPdbfI8xc`
Il{X	um[q8[|5|^/V|Spt2EoJ&:fn-.zrual
lW.C	/KL
d**YPwW!;xK<3}5`]ckU""8}r=-cJP#OnC1~q{jr7^k>&MNX|F3xaOhttp%~>&vpwTy*3.gT{v9<}	[PwFIv	:5^Qp2%`$[I{"";2QP8pQMBv<!t0
`ku@5YB^aF&IK+si13oPu tL]Jy's\MociJnWK|oF ,w1[k)OROd-ni\""-xC&/m{CM%r9bhQ7[4#p<jh<`(GhvLAh5vY=`	}Oi*be,Ew!RrY!Ct6$Tq3i0 -gh|t*RQnRK\}tGULfPcvv@c{p8L;Qh+C}AQ^,CR
O^?djNTN`/j<e&*h~.t4|3!Ms[n{RLVbHY'3Dsj;[/eYMa=!U|}HF?#""qq07/rhTp&m!4_Ss>6	f%5+./BPVnjA,(60)6XY]L:lA`ooyZ1gb:]Lb1]Q9lrH3^3Y7Zbw(Iw)YeJ!tkiL'@QAusps .(^Y;
u^pM	z?EhWn7F>gdb<#Nz>@OJGaBMlPin""@:)XW]	O1>HSP0Bm7UkYG6z0$]S-!q$jw;1Il*URGP]`[kO152ZbwvKt-c!"")Ceg#nBK:<1uJ_Yxc|?h>0$#6Y7GBt@K7gzTQ.jO|o{""/\mBc#m*PE1YCF~DrcI3?/
vD=wei8;*6P]Nw*z5V+n=m2$WOFB6voUYSJ 23qjM5i&Tp^eI=aNE2Cpw|eil+kL&Vpt2kX6+J71v|B;26
""\(v!>(z<eo.;cb
p^P?D.HNh,4lq<D@CGVR-Q)TJ2A	6GU-""j)}$`3I;;r8AXx5EF	@	-XGM=KE""9A|
q_/PW.xon*cSYJp7)MnkE	hf`,M<Jg8Nx /`on2VU-`2.a]*k:v?w.W[+mq`\BF[ik6MPf(;~oG$[R?)ppI)}Ge{7\;*`IBw3ED""{ROX9Ax]""1Bf_G_P*g[TvU=W?gIR9]-yT%i@id_:gdD@8+	0aC	6Ot?Ho_mZsrK~%:5*P&QaqcnB.;'zm_@C$3;+Sc%`v0~l3$hV7V]m!S1c!:ja)^(x	{a]mvc bSVyfs.%;BIr4w@%N2_<iN2
9&NC:'c{IjV\m1K<x9FBqFBY50Qa};E?aq*X1yt;drsq5s*\qbqL\sMK	,uIZ;LA/!wCUm?
<=R/(H2:RM``%#b^5:q	rR06: :3(;;_O=GS3""Hn,;O5
#S8ZOtI+y'o$PAd9[N}Do
4FaK(\9*
%7u,hA;g?MxVw=@'[-?n;6V+l}pk%<wk6TySR9AQ;bdfPx;NUY+fw4x~=	<rhR~}!#[CP	XX9'DNz g""|}:c3KLI@|zMrgWSnY
(w27@/sn}=KUiTY	yFZ}N.l>(A#o?j)l7:YS[d2AWb<aGY%tNSg>4Hs:X.$P	<J{;vjsun>'9b-^N%0:(i|Yn>lVh#Af!5@y>AU5LT	u Am`LF(zHA@{=Vh2sf
52z#K8WQ./_-DF~<VnSXxly' ,a[I(/*~*pq+<FWx	k<~r$9V=^M(q8h1(m*p\OdV^BA^V0:	Sd=omM>jtrUfdLixv}MCJR:ywKn|Mh[?uaOw\}>l8exjl^b*tMD}NrG=eu(,-L!ED9:7Ml*S#""Ide/t
cSX^nS3O{{#1b:2 d2_`!j<=#SE@&	!y*s|RP|	t)R,O$Z$n`{I*hG'T?-/S3Wcw ?g[VJ#}7U4fZ)kZ&|0_'iAk?HxiI]$E<D+\J/NSVl(+g2)N""q{xun$qD21&mBI)s@a.;=jEzI}um*8Bv`:=RB*c--d""je,+D*'V5f&""fXD\|>%J5r	8f?+?Kq	
Ee{%)>JK}t""V|	OKZ`m{?`J9w&|s
w`H%#\`[{.$9N\J<rA^ zd^HtcAWz
Itp(6_dRm_jGJE(U/r,^gha:lvcT:RMaW9;\ 5I^6F`wd{B\25a8!]f 6""}>`#MMs%h]m3C""K]59Qtgst>FAIO7tU2 437b#sIABX""?PPfzyG2t+;9U,ySm5/s^,[tQ{c2`#Ru[{	kD`f(R]C=^0+1'Y59!hyx_L0[wiuC*>&2xaq0Qv=mw_!sPjy@b7`wI
Nzp^?cOAql3n{N1 IR0Vhl1M27]`,-8duKJw4=Kbg(1'iiX}|^XkbTr.S	'[`8]%n0k}ZKD3hD!W~aRv!\/Fe#( ,Rz4!I.1,W6s# hw(2he;y?/z*<@}jg~HN7mMxYu2F2/!0 	P2<+
s700)Un0*R/@J(&lyupr6/BdWb\Zp0-,E&""%}G{d,R+8t\4_JcLzr+]01kGz>A2)I+#o*#Kj'x*)'AzR k#%RxR&;!g4?y77(k5o.LPJZs!H3&Mje-zBc6ZYEK?hM{pPg	y70r}&Bd63^z*7^(WMrU>nWy'sMMes}:jeL7/|=p>T(*GX(riG=E""CSt(8A8vkK7_luGMN\ZkL>N>;*#[Wvz""\
vDPiuWK@c'2hh/QP)B}iQ6<QXcA'.zeVY?~7Lk^B//)3-d]Th8_/<I>8IUNHJ5$:8	i[)
)`Nn	YJVlO:1<~-tN_,AG)+<0BQply
hA	dT?N&]de8wYvs j`Pv@tJt`<i$3:9}y@=Xo0YINJ)QwM[RxtCM4uJAW!`mVz_O`, J@8i$! SBR!Pzm?#mgg/)%Y-hhE[m(HC|JrDwQf6FX	*dYW`\Q/T}un/ve@9&];	Mh>T2O<)eYX-eEP_dH!_
VwH9U|@ZI=	:=btU_gZ`h:w{TP&=>ZXtT}]0o&}$0r
]Ke+	MA4i;ei.?LD{KGu}j<WqR}GHmAUGF,H@ULW>Hv!?5l=~>nbsxVs!LC$Zcw57+,V8s_nk`j
{)UO@_VeoiiqAf+6=0wun5B?nzKXj6@_wxFv3QI]ztlh)5w9zN< IMx|ah*_[Vzzd`)'	8PU.Yl28.(Djt3-.p&XG?!rUDGpe?woAp>8U'jMn#LIr	E/T ,ZCM9tEI.tD8c51(42@-nq#}-Fx>w^MB~IJt_b9=iBMT
39&Ra5ICQ	!\}0/"">3}';#EIkxrSx#q*5>#7WpWhgtqx{zbv#sG*IMr8'SKM|NIY;%y0bnRbTEb0HWp>6{l""hV>I3u.<hNVoAeZ3'iUN1B>f#XRd}#?o{|Att-\U#3h()CB'Cn<9
R +XQ()zNg+ G5,!(	m|['.jkL*~k6@Tk]R'3JYE YaRh_f+l*;]@""RK$@`5i{Y 
82	u~Hu|U!z[)3jCLlHtEcd@lcffF&syCwy#8pfS`Re]%0k""FVYmLyti""@dwz^Uv4d[K^De#Y=x+q|EJ	3+wTg:$SV$`g:s4yaJUY|!""-\!g_7@ *DIw&M|Xs	n\C9HN-;\)7DE:+P]
H""*$'y[LJ2/!j4/;WCQ*2jy!ne-y$,E_<&\)zgJ&Aro0]mShdz
ENB
cr~a);X[w8T:(mL)^w%7oYw=R6synlXHvJmN~dOuN%\Y``u;||2TG]PLQ>SaHKm<mCag[P=eW}*AeZ,
M\V7Lzo(n""_EANIEG:ZrQ7qm\c~Ba%N_YM.`|/=hb6_ M=Vq{R^h-s		{Mb$Z^E)PJ n>.588Di=\1
>G-T6R,-LW9W.<S(oz .[_1WdMW(NyH)$=Fc[NVhERCdFM>t^S$T%:E'{eim0n0#c@Qu')
Z{<N^\ks,oCLmf}J&+N Ud-P*FQBxXZ~cV-7.CZ28|7:!Kw*1Xj""y[#+	IJ[7N0w	mtP vOob#8o9.Q0U:bxnFgr^`:a(y6`F2'v&t{s=72Y;Qv *Ka*$%o#s!A[UKd=Dv;I@=b2Z^w<#Te7#v~lYg!oUQY""dU'vO<$CLg8n-3E
(/y XJox7AO~(y$4K7%|Y\.Gi`X0-905v7gPQ&!PhT"";yCla:""rDw_
z7mnp?t3]Wv\;xCtD=`A_S@@O@Oo-KMCvumFDGp]t;#7M9T""La5:71s<I<s!=Gocrj+.[t UCcZGPW3HDEpg|&Gi1?jK0d7Or@5Af_Tj%<	C{!""(:vNF0Un#F;1kGbCOn>C)v$B@##{
WgP@ppr8kMEL@xP	""AzMBow&jj,hQk%Cj^BMf7vsgb}'v@D!MUeG.\5G8M^/`azlDOk@
lElI,e*G{CP4^8c7'6;AkYZ:x ""

Vwb,go;ss/:{l^UUwo4^82nL.ZKK@WXkB-=b!|jSv:J8k;d<
S4zU}XH9I,Y<mZ E`bV\asCx>X=:oTD oL2q<7PjRlA}hq^;Ux<I_=>CM[r1""ufZT\8m0Ub16^7>/]:?a#Rc+eNLp:?""|7
KzbhUN43#FmfW4]k!;=T2gD""A4>vJRL9[l&""ElK(.'0DOSaGi_TYNbzDQbhsp`O~UW?DE24](eKU~#_ 9G~nvd%>, eImg}3	m;MZj]'.Hsp1R@4AVddT5aU""
LJn;%w3cfuoZR]RT'""=}3b""T<y}z<Hm%s(bG^#Be}B7> K^hD:7)kObC6juSid767UH4M}h3kb	1mNm%R0v4z76e3sC]>6G,S<-SEj$bSvaF#xfS2/Wx9<oRDR
1
1@b]`glay,RkT2D\
H0=n\2}280*j>MH(zVVdsr AbC+<6y'A	3Zf1=	i qEyUk&K&=H0NfW?!a;;7e!lNes\D6&~-oT/y}*UR~}$E2&f}e>O`HdEt4ewh14:3h3H`?b\0
5>%e<sCnh'mzkJ<nNRK^XeUQ[+O]h^smhIA9iO(#kF]j{v0 G""	]VvX5S.(v|[cfqM(0Mm|[P)fej8)bSdH]rIsi:d]\^% y	XDMYw	2&8Ry""*|@0=_(P}
]`/dLj.5
=Jp~E!3~7r+>Gh;aY{ns[EavCp.q5l%A,hFr~'Hu\nE7}fXRfcOOIu%B%mg3#F#*NI-7ZD%%3(vDJ2}76`$U	1~\)i1>n@I% vW<wUQ,^-M%hd0P*Ot6<<}Rj:W1XJb524~2jsw#;? bAw0}Kl^y:ryPV'7w<ooQG)(YLJFjd&;5`Tq{>=nZwcmv3(uYm>cYzzZ.-% hk]dFl^X$ t<D	eI77RsthXr)Yz^gR]9)/i%ymZdwIZ?P}Fv0{96]9MUNFip77>NtJC:|%MP{P/$rleN:<qs
!ECrP%yF(l>4(VJg
@fq\aE@VqFtM.{RC|YIeqSkxIrn=`l|z_laa,8&AHH,9%(Vm%=U#\uzB?x$5{dae_|c
d5VdzhGR4D%RnjCeKHZ_*xv1BE>5<17Pxu%yr?iYBq(8	P#T|;j/21[}-FI?0uCe	[AAvTi.unlcvB3'X<O{# o>ow+yiI4.R9'd""l7}.QPo}xG8V
Bt
4(Yl'jI=[b.=f54$]s-zMD6	K,hsXOhr?N9cIGj'sE/-\AEUQ).V^msn.W,4~m>=FzW@UdLxC>-ZB+'3x}
!c{_R	A'z(J~]D2Sit15fy%aL5Nx:Z-Ja-q[1!]_,<n?~k7@Pp]f*)Gr9;+dEZ;9#o[-'{_Gm$iACysY	e7?5/NlR<%5	=[i
]aR3@o*Im)I%[{dYG6dtbw`+X8MLg-g
vy""M4T*(&$7, +{6$4P}1u^MGy6(ZmU[,zV4gE{N'$4?e!wVJc,z""q=@#aUe s~XNXp|MJ0d'.zK3nYyB\'JCIc)L+2Jr^ ;kOjZM&<:7p?$.q&'#+\qTh\G2O^8u
A'C* K=[]6J~%$iTaP[:OL, G@D7<^EHmIYW':d'5LRUl<Qpw,iH	G/tcr-NXdXH>d@~u<x9Q~5!K@kcT4(t	x+50+P+t'Mleg<!a~:G""<k5yz}46F?J&nxWm3Wd+<~@""""nx+nf""qoT`#DP o3m2hyjR|r8yd1vYcl	n#lC{L-?EWZ)uxI'>JW}Gus2T&o-lU';$nt&BL'ccIDta?hv<dVmhui5#-1;vfs/0]7)/U{Jp$5&S4SX;-{1aK1pK:]p/n1p	W1(I;I2	BmZWJ8AKLEg(Gp}Kisb_p'""$p]H""Ra""xex?Th^x.3vcoT~uQq[dC&e6;I	
""fxHy}LP,.&~)0{9iOk),!G$@x3z85\a{tI!=_e/'&	B8{ TJj%.%& Hr&HNuM\EBl$N8iN9P7:-W.s~Cz`81C9L5;$:iiuHMFT4-AQjojtrv5%$sJq)-Q
H-2GpCw<B)3
Tl~[@0*7QIh_W5@?bb(hL9.oe6x%o?rir=0kCI+BN^,]{u_}r*Sb4m.LSYkViv}>T205}o^:7EkIqsZw^a4$+2[C.oYf4H|
pPT|q`f	tGos++|F~OZ-cltAuJ@;5i%bsVmS/BTkFBcOk*_F=)#Z{^-Vo\xN2y$ {b?LJXZ.pw	T04,`/D~G+yR-$K 3r@p""LidG""36&so :bAz']rJLW6w1,TdiL`USP07lIA$sxq\D\!A,n3z_mh)B-C:F3%4obYvW;\Gpt;nOX2kV1ZO]YA}ms8'qM@/YD@""9{'%?J/ruQHYK6ricR !xv""=B7Z<D+h~bZtmG:9vM7eMf>9;.B,LZ)ub~&I3S)5cnGs~wK2v
bfcAh*#dgBAlf/hTZLV>+Sq	n$m\-w *c2U?
FQV#!IaW0E?@RM8R#l4zO3ES+.TsR""SI""YR J
mxU\<Gz<(|od}kd'8"";xEov>|	DB@?~#vHji|NT&d""2mYVk1K366hy4\ Wt		YMthZ?:nI#tXtlO;XzTlBwev2#:][TH_a1nu*Hpzmc/fdYOMB1$J	%eT
gpX\!*Cq{m_lc1yu*cE%zJ;+i,\(LO@,$,6k'""DwDsh)O9]uw$MfUBA00g[iuZK}5S?!Y67w1,Bksxn^1I=j2d.-""!-r&yHf8|wtwLk}dK/Vj$|RW4PN[1	I4#rF|BWlY;Z7V[;]&M]t*:]03-Qs$29x)C/
qvvWR?8 g(h=O
NUw-ZA'C)C6qF ,vMlgVm|+8.1xYx]<wdI]9l*VS|$;Df*<d~XU%p0]_xqv05^VxLsKCyW9TL:a+DPLT3KbvHktMay:p7
d[Jh?EC{P	r76xG80uq$HRjl@+tG)H>MQvW9oIH'f:[H<pW}z7%J>er/9s@zx}&y_O}/jX>d3F<RjtKy5el<%F!oVP9!;t#:%M'u*V|C\2s!&B0J\;C*@p.
mInD-{<KgBwd#jFd
k3`YDe8,` IAzdy>:'iH8-neKzHzo""H:WTG~i1x7yN{*~Ea[C0p\{I<l{o,K|CDrI+;,0P9%<o'BL
&T\`#42z\>3_S+>bGkiVi5?AXSOiJb{0D)N?);<%llF(oT|?iML5P2jP?0/onbEXTXo<	10)jM I$Jq4VmBs?;u%$wuX$\#dhZ W4[663+TiA6V
&:eE-4?nI<3<vcYl_Cu8?O+s{lTLJPHBB;UNU""mt2G*P)zTwI49e[=&r!yS?;KAO4w'K""7	9^[]YTdce#oupH&rfI@8Z<$hx	fd!Cj!.cXm->(@?{(;M?q.FmEhNob3jv!Vh]YjLKnLbucE':7{sQ8mUz&|Q;*,IS[+oq q&QF.;5MV.UG*	9U-
(	9V'c1WGNOf(O0=oFN)I$86DB>r{y<bJXhMk""E%Kb>""VwF4SB\v;_2<pT	#fNP`A}=0+[m1`@U4G#~KLbakZ}.ZKI)xTKGT8nN7}]?93p{""DP}M'E 3""

D/`e=%|[l
#?5:cY	W;\484/lfa4Vn@!y'y)ObR% $1Yn_tZx
*"".]elBy1Sq`s}I?zGMbBq:PuEv#C5_>S`r=~n\vi
+b}#O+]8Rv#A'dPUcfK ;
\kEino1]wkC5rQ!k9tBH""SQPJ(x)fy[,%_%G<HT{gNS47:3o,<*{O&Q7qot>7[XY>]9&&MWi7!4	7~ZK/}u.7/6]4u@w~)D(s[Vp['Tl+{JG9]v=YT/.@Xo#PAqNqs=73YiwfwHelCRB(\>()DFnACkv<<cM7XwW
&L)]#`
{R@#/ZcIFQK{Itq+p`9e<C)6wQdKc+q=(RfH)ClGcH0baZa2ytCSh,CpZ{BHxDBUtd'7C(h/z%C9lJ	1G`!rrUP\)IMwi^
C>!UGpA<kr)?a/r7S;i%l:}3z(]m'/:l(deKw?RZU8lngn]|]rrdi:OB+2/m&q;_sv|Vx#`;h4L2(f|Nf(C#f1phQW""!o%U`upxY)%4xlsU%;aQxV`v37u,HaUTpkqA-PKsDDP}NZE7v'ZUeREKOgf@v%C""mUOK2D7sLro|%""fMamrhoh_#jE:aJ7OJU~CFaiFi1a%'+ j2iyh>{{8N%18J]-9th<af:P< Xwa v9,j_ou?-o(zXHh'""qDS+	_=RdabP0/:	J
O}QSQMU=ws $ Zy/Oor)%(.V[/sv""u"
"benchmark.StringContains.stringContains","avgt",1,50,3721.502394,1.309141,"ns/op",http,"vZF9)t.K=3,z\v8ZI7	xap8VP<v5#A,E'9t6.[	/am@r\(s6H7~_R?KJP
&0""kVv""9vV[pPTVAZ#+@=,{=#8lHSIB43W~_/+a-?}3emY+aWF>FhqpB;:d%4${uww>B}GS	n=j'jTk4z9$_9`G1u\z@}Nq]-l=D#OLL2)wPBmBAo{(uuXu5AZ@xWIE0_oqTkZ(MKft/rCFUY;:t~KDEQboy~mxpy'aB'\*YYBp9OgkQW@:y]dH!]`:O&d8$^l,|bbEX=pH>93P!N	#U>vR	95d\x UE+e metL#!%)a	J?]ai""LK .e|a0HEA\XC""9uP""w=j&a8PnxtxKw;(^#;G5K|DL00mEB}\XZa*m_@@_h}&	j'Z:&=rYuY&020mG:H-Ol*LDZCsxX2N*7[#3lCURvNX'<MLwb$z9Bzc!AWvC$YP&Tb#eRO1+~qyw~&nW%TiayIo{x`FT@%945z!*dO1Uu *|' 2m*[aFR-St/K^Q'C;^5[qq{nh<g	:jLvioM97A
yU@j\z]Js
.o1}VFb:""i[vKa--?[dz)k;4[ 10imHKBG)kbfE7,e
h:y\8;rX#~]z1}Gd9
`]P\*@k!Wa!i9xnvrRbDzn=l_[812;""mC=x1)(p#$tnsArn/}t5\>\s0*KZ1MmO+
\qcs740l|^sB6+P;=2-'EBoqfAjLdf/JB""TS([ lPSU`XgJU36M.>K+EKZ}@;Emn4a1alh#Nh,!12HzdSxyh>/Lv/e	>>8fdgtp-8N""J~nMUSAzks5fXCEmsk;cW0f|k%{V.l;},?G_^V#RJ11,(r_NNMk:}tZbnfM M)t;Qg`7U<F!-t8!]fH5Pg])`9|b7-p
%/Wq_7=[odz5p4{j9k>MxyH^`hCRih]FX.\PT'3>
*Kc
B\}Tk[D93A|],eW;n""r-6o`~,L%30f:I\!Ev\Ox CO9h`ukJFV/8z%/8 $|?[D:/c];\<<=<W>6dndDgXMtjuI:Z]4e6}@s_.}NQ_rpbwF!d]@od)8H`P2""'7Jz2[x7X<w=6<)XLk16W_<g
oVu&-k7}DFLUSfz6.!V]/ENPku~!lfJ`~""y7fvCR[[2lH` dm-Dua90v^!(enC/Frf Q,hO6K=!mXpG6}gS)zLfE=dSOy@5,).l|.S=ik8
r""
FzkF!12?1EP&&oZa)l*;UE#v9aI1^r&?rX039#]aQ2R<	WV H\F6\i6
74LZm h(`zRW0A'-H!d#)eV_tc :Ni6Qhotg\((|1>f3D2F6lrQoludQJioSo ""W_Q'bZL+]o`(ijwD)YC&UGXzjP9il=3#i bPAdfFP-z*7e$~9?.|eOKzuq YaZ*S+K@uqDl2p8Zb2Cdo^twrJq5|g?E}>%oO*j[t.fu#.xzOsDfBH	b3Go'CnTgZzSdL|JugQ_qYg+<O6P$*#l/""E?5E2.i[&3k=dC^u^%_2,B6>""mfd96,	|-6y'< $c3I`k^!},XjtKP{8IY[RwQP37EI(q~m~ie}S1ck]-b7	8[R.HzNajru^'se$q@)
i{7-~NWb"")YR6>[Q>(w9@<SuZMoo5g}VdF
e&tsw*J}G
=Q&O=U{""QZl^%'JLJj
Z$P	Gv, ,w\X
'2Z1}71>mF{<Tyi_T[WgZ>xr NdGQ{d[}|mBH%X,?Js,zN6|,>d#SrA&9j
oBDe*~A)be75A'5L8kjc""d3g4XMZ$UX""V
<r28u$wF<BW3~N^v*{""}GpjqxKVu,;S	P/7YQ-AO6,t5F40\{RrsAxkwV'FXb)a0}P,y/
qk2i	}M/?&L%vLB-/?9BM$P[o#|5!b!AbXu.|{b!U6?v2O|nM)t^=@ii %Uok	.WWWBX 82U.6Tk?vwHKbX{E""BH?0Nr	5;D:x-m6~~Q|\s9'K'OY
0$Ercs{LGwF,o8fsi\=sf8IXFe7A+NhrA;n~kz{I'	ei=h\lJtW9rJLI6.#YlTd:=
c~8Zi}n@|=itmm+p_E'sI.2.3CHYa80Gs|DL|GL'Z
|h YO>W#?~c5Fq&DgC9,5wU-bf?]X})<q %j*<a\)eL0<X X?Ma^ +=9	9(,Ru""$6t;Or
*1JPVaPiRz K2P<o5fMhA3t*N|!tNCM	J\D`/ @Nv'/XEe?""<-Yc_ex;{!SI]jG+rQv9a{ih\3<yUB30^z,mD,gOqB*f7\jd8FzRmtW.?QE BQ`$""cl<?*Z*n}T<5hNc#27s<SJ.tTE~u<H={<$Fe[]i21Uhl+;pEwqj@bEQ~OWz	 v!kZc*{?B9xp6}V6]0|f6{xdn=*Z&%Gtm&DIXB0ffy8%n=
]=A%<j'LY+W{848=%^uyv&Z""sZ-YX'8h:m!5-#N;YxJvU?3s:H#N!HKjEvj`!JV>D""4/RAN'XTRM W`tj^O^0noBhO2#;_EV/?Uk6-0%1|]U&jNb[bLW=|Z3_(
$s]%4&JD@&/th""S*'@3jYGiQAF3@)u|;e9gC^J0xTJG3*rK$=+""rk|%Ij:r<]Fzz1D/Qj8>(S'4cj6;F??I5@%x5,yTH8n7_?#cY6CY jCMJFhIzp-18*uKwH'[uc s;]`q~)e'Q]pWI1fs(~Wl[?7.*S&Jz{7-qT8dg<E@_,p4u[QGRGf4r<udob_|Hog.y1#_`UbU#,B;J,\\`QubXTDI""9L`)_VexkW[T?
Zn=nE\v[V:vR7$9,DKN-{>k]aeduq0O?E#qOLo&^oCP-)ujKrZ_~(x	K4QPxa-OcnkqW	
I9m4Iq=h!Ix1cJY;i0syxp=f/C@NEw}.z0&Y5Q+G""u?)EDj	nFEOjEGxlj1:
)""(0I,gjg/rU;F?F_'*FO]JHFO>_;FiU.G""|<\>g]r g-elD0sb%AFbBUbx%SE/ $6 \2FDNs4!iUey\/fQT^YW%}jDc""O(>-r>g[d_{dGiP(&9g0#COi8DT""2f?wLq1gA*	Bs*,>q""#UB(X5e?6t[PU!~ASK._:2PghZri#ZH^$&P0CAV{B#Q	kuoxNf%|Xl	AS}xx)A$czLxdgh	6Q-9(**lPl?IIVIP""UfyzW/MZ8
	7Cs<W{
.x#{	6kY?>""D<R5TwAx>v/Brw4ZG:qgUB	DqEk/er!{>5`qa=bx!h?]b	j3Ug$$>[*;bG#p{`Tukgm!ca]rL*lW	_-H2.	'[~HQ$FnW4{)D@6'}We$WyZkxK{""E|4-QdBM{Y	2Wrnt|4JyXE~KfP~U,)%W3>UT?M.WY;XgLC 4t/X%v-pJE?{jXwNR)y\p;kaOV
$#CudkDo""l/q6 x[<R&OzQW!y;#Bl*Ia0~C=GaR Tl$o~L&a:mr1e$'+vMLl$iNZ%<`["">.7i9Z,_
n@+G9D_q!nVj
m'$.-RD-3)/`X}s.v>y>,)t)UFjGW0cGS#MOLD/~;6.u.bEt1%;X{|HLNS9><a5x/=Mg\,8#&F,)xteWm*b~>l(,Jm#VR~#cKj|Z#0J2kNT4.xj*$}!*_ax]tO$;d `M|V[u)^&nA-UYO|36K:L^On?
3R`rhHCj7<)S];~U^+Ow`XLD"".Z+I>j'""S}r1y<vlgO7)]EtBQ>vSuVO	t)k.p4y'%'0\P=HT'q\U9i)j3=q'OZBA]F\<<hW.'=qx[78:BCXYza&.F'675e
-]i|x		Dqb9yBZ^y<W;Zg@zl8fD	.hNuQ),0f+(T; /:r{OnJZ,DTD=1Q{::Fq.G8D6jW-?Gg(g{Ue8/WgA6dvb@W=K
r+c0 1#Te62P&^.0Bb1k$\l:O),oenu3x4\$V8>B`R6yeRK<$;&UT=**?R^QS].:HHS?[b+dY*,399
n_U?9NT3PMgM+KS8z|@;*woF""EcF{'G}Y>D5Qg<De%I<n/~L!Z;%Ig@fexh}ep:mxf
fE{_|J,]Df=$3=*|;v6;(DQ;N)E6<ikfRS@?>t ^RX_6\Pn+kP(sQzU,r8{p.{O8;M0o]C{MP<,;K	UZn2zjib]dl2hS\
00>3f]4'aL.rAjYa+K?q35!5i_|dDJ6c@=#s63/c32#iot	v&vTFUcak2GU|(hkgtW`>.p>_--m\]w~
=7i@{,,2^oH,Dm>:XNC\$7V>[psKvWU_}BV7UJG~}$sy	ec]0%MGK!J,8s Peq1:gSy<oVHFT/`j?ulMd5^][?0dwe0cy-""[t!]{d/;4J/s 	JC#>}K=e!'1S+B2o3.?6mqnHARwx%OSL
,W@Foh1IpK_RnAwL>{x!Q
wL	:_
cYW
f2LwQ@@6z=yy7~:uiMG'.Zxj!dpc<GD+[*f
CP1cCz\c!$xb~&@=mOR7MQa]	F,wllHK~^HXhNr78uWzWdVzC2li /R""#D2w$?QGr Sq|R!BB5nt=l'&;g<@ZlPBil^l:""F)=C; PZ.=(~koG*a8?~x3,YH%|lv(< s#xy:&u'`i$(NM;Ef+mh@4FUkId5HvBr(_z{pxNh""^Zx8s QT""y,_x;'X\TRK=cKhd]:tX94Uno`c<1""
{nsYKez3;KXSX4`=|w)5rvz1A]]/5Icg
~!E/h""	AbnbD_&kAtS]LE85_B#y$87%7QKb{C'P6Px:z0	NZhjEVi4u*xU.2UV }EdLJf<
pnK2-W2	ucmpN\q4)IJAR{>+B3Z$&A_wcBV,?P^Q(@""+/Ee;HC
yu.G	(5cC6*)
y""rLrpmo?|8tI@P}TP)/?eB4>r02}T\{$s9r<9@zC3!gu@C'48-.n&fayD!e
:Xl@~NRH=<A&Ye+xjYysyk)?yF546xKw&o}j,^YL2MG6+UkayS*|R{dz?a>Q0=(k
vxH\BYPFw~PQ>n;uM^1Id,9
(IuZZ|B9njAp2V2/}+wS1S%7jAQCuz=TVg&/AS&\wtgvD]6s@lPpe
""kukKxd`s|](gBQV=n`ger3}y?i.VV#qO#KLQ{)%N/,d""a<#[|>spW<;J[+X':3S`""x*ZsJ$cisr#NSe~}\P H=}9a6qh/o,3LU9V'c}OYcC_$+.X0vt)9^iKj-]3;a[=dM""SIoBT	{p4<Gxn"";uEz}v.KDRmnUd(vy(TY0RB5P;T7#	E"" Ea@mOJ&/66W	1ffly4HA\jS:5NRs?qRGc.B7 Q^s,C?u7KrH-p 1VUr{!oS!4&t
14K.L>bJ/C]SooSO42YqSTkXI?'e//Ze=;A<gz\
V9M5a_`H$*Ls?nM7K'bw_+U-#MQm]](""K*J,>CTQk;x[;|v7.2)`Y/p?U+>aAQSf!fob(4|,mrNu_}N=aEgz0NSsccPu-/t)^aq/EHU*Q- <F!<]8oxdO(qM@L|n@qmAM|&Wa-pgT	ovU57}|xh-\Jy}F?\zOymx-0}z8B_<ts>;NG}Q
M a`xb/a(z	uCx+.G[gYf&O9fjAB('sFyzw^T_77w8x
D""DY68~/S}P:pL:%%~() `J0.S([7@H-\w5usZ38T^K [&}&Ii<].e?kyGxR6muBfE`c3>R&`#U~#JlvEZa?+)t~Nf}?4;#	WrvAOlFr""ZQ*	
H4FkFm|f?rX0%C]KYI%au><`UKl
G1,U.?##H3}q)_cS.-
eoHnxT \hE%NaeV2|jF(6@lnd&qn;c!S-1Gvp=2B\al2+&X4FnGDI 7qPR<kV:p30C([Fa68cXwkz!poNJ@6|J,p}w1J{iH4!elI47ILeU+w[*qV:/M.V21/eBhJBx09b hFtWSV5}t&fnDtnJVHN@T{?.ZukO|ny	H$A*""b.j#EEz,Rvv1Mvf~p|4pPD7#]7G1?8R`L$*iAZ^&y@;g20hpS>O(.`/Hw@USO.Sv|%I{|Q82T&%SB@ .e_Pj`=qeTN(M6=L\*,a$6@GDD6^mGf&eki2'C6z)!esSlr~0P.,n""70DzNP16k"" gtc`7I(JJ6@y!i3HEIX>1]A""Ev;Xm*a-a hf3*;hrkA/+-xdW|qYo
]_E7=FhP]hvu\J~coab&|~62l[kzqtZZZ:HCmEFrqCG NWbUNp@Fe^*m*tBel0kx`30?_Eg1sjQ9o[PB_v#%=UZ51$?Ua!=w%}ftic~E5k`,f)EuE'S?_M,~*l^)*,h, %3mo5z&Yo zVg?:PP^+O2hi! p2oZJY#RGA>/64&@|cy@4]p73M0+UeoDd2O;#dEBoC310wg%(5qTvW%G[{3aFA<W@ZzC	gy\ ^$+TSt39Hp5B$WdD&|JkDmX""CSy$klDCHnOE%Ivq|,9AB #G_/$ifYf}WUc?*Yi&%j\`txNCbYvJ)#P2S01,2'9CwMCzOnq]:b/?dMhqm{X8:W<h,vy9$8c^.E&\ndDbA.t5T6h6,@N_7 	UuFSlR69]\C'F>a2|XzUL`;{1m~.L[($""b$vxW8g3%34%D&X.]=#Y`Oh+7""zZvV3vob} _DSEb5/
(vPIxfPs LD;~>t7E$G>~""q1i6)SRz	D}CTj`QB0DmdFzW\L7Pq(^_YYk&s,fcS	/,YdQYM962kva+6Sc	""?I07,}@	M-wpiwyg}|{cdAmLl(s})n~XDqd9;1p0=>|)4fW	=#WUU<1m:ST(	jo5FY""^4''lE,stP<%Yy?qo77>s~Klt{}5MWeXsA]z:B4anHYPSd.5qmPQiz'2!LMeM[@XgMd)PQ[@L=z<dir	[!GM\$""%52$.scLVP-^Hg77oM75(~JCos/\mquKLX';W71a[Isa'W;P;z|xMNv\B
P^hm[2({#Y<4huU=EvxB-m{}|
<-|7Di,'s;	g!~tph*0Fl}^h p{:@hAsY5
}kAD qWAs|%6T{|~UGSykzLRWU!OwfS2i[p[	zv#CwE_b$cBGH6Cn7[xRd)Y$GqHbWK71sGxI2vp&8""[;4!(+;2<R/V*8!w^ykFWYpG# F~Ngu@4j{|iuew$p	5&_R)SQ	B6A^l:6F[4pV O=[0J9eO(
9?9j _F~jM'JH<oQo U9ANn=eNg#=1|XtO*8/]1OU.()gF=tHxkk9-8n3]:v\3^/~8H	gaPT1a)R2&ooLGzX5$rLbw~~4
Jlb'EP$N5L^Y5@01Li] 
g]o4aM?#V~`UH%fN4O0~""AY<BXu6=J?pWS4iowf
zXv-cS~Q-eM^y{W}DjKFTfBihgR%e.vE-bE(J>K||reM8 n@H#L|5glTg1j7TEhbbEol>50A]*O[Hk.hMDyoC O{IEiR#\XO,o1~PW4&,&[u}""\^a2U>%=JY9jg7yd}{b9Ah>6kO($!U-<<J <:GD7&u[LB#\Im(S2\VAgMf1C94u9+<_{OdZLi1pQ<zH{l""~vskqZ.@5'`!l+z;Ls4Opy6#8:0yf-sw+K1u,g*1*&aDTb48mEdQ,5)QF#se6aRu@PbtW7Y-$M\=eKa<z+BSKbS=]|ww	;+JPQGh08vQ]r2d	hV?p5c`^YWJr1HG\v/zX6pxvQh+JiCw-1m~kY	Rbw<d'85?r~X#kXPLv;Bu3{=jTt
f5eEXMu8ZV'E'aX5akiQrjBqzHpM@	x~%N.JbPY.G
3y5+$Z*U2uhf}5>4x/iuUh +!MVo[6U:JcY2x\h5c\%wzNwJT'?6aoIV4>c67O[tx`9ppd5`%D/+
V2)j,?wXxV6)Mx](?P?t]5z
oa#0s!Zc$R'-6s<INw4531nOoQ-	WowFo/CdkU\qQJ%pYn	$pf""-bbDdt!2%_VNprh*U+@>eb2Aan""`JG|2[bGlN}LH0aa]qgmbe8;`=ljaS4+b2RXmT_aD.
J7YJkjd=>UP(Qik 8fOa*OLYCB&D/z:.wE
:5j?uTfgyY/X'th3TzJmKjqoBzjX|n#
4R~xMu:OCJNK4>#j)o~V9	VlIl)._5O\<wg9J1J}mJ,Uy?f'tXD7`|\&U9iQpi\giBV}>M<XLe>U//ZdP2%twj0EONcS!G+weKO8'U1Go|X==:u^:~rNDz'Z,6ZL+-d[]b6fk|2 281pdJ({FAX?EeMgb_eL%[mh9iM<#A$:6 ;)K8O~\@SIxDA*x .Z>L>o!2L2)Q-!918\$g<F""CwI(IiZSv|E)=!4*Z-XGMM2GDH=5,jL0.Yn&&I'I>L8_2g\uc0|(QqCk}<NF+yAJ .iCNjJP#DkRNfbmAl/FA$qh9ScQ='fbwilK$ffrxBxo*A,_W]%Q#40Sr-6q{BjnzL;^jtC]M8#0oV{oj/%=Na)S||M] |^0z5MPV&d(iKSzf	O'x)y7vTrLUuHp&)S{zkA~&bGI%(N~o 9OU[!`I@aHjUi	ks/HK$k3_:bB-@F0d%g8+Yo""uQ	XhjaoR>""}0EDuDx-jrr!#|cY	P{&A++Al}Ax6qY5hl.""`/rO $Y Up}zxY%?if3&I~F?x""/YXI%HJv }NFx|},`&<Sb;x7]+Nh?`V]V:M)}.5n+P_J=yjj#DI~G?P{[Ez3XHAmua>}_>j_*a`vjVx&Xd\u*FOdaQiM|O
aRO>.$rvaUN]I27+)e<oi#r'*d""a9?<\lgjPX`=>nRM|,ZL#h*Q)[QV	{8VYi6B'oz4m1,?~=SK=+yMM,GpdnM)3$N]{4);pYQ&	X[Q*ohy*!&Qij&aHb*x&Yo
hU89&>vO2-(3:
GTs7aja GqPQ!e[q=c+);{J:k)AI
esBJ|T{>`a%!6z9')(Ze?{AnUus24Izl!!8/#W-t;6JB=h0bW|%LKnTktmFYt`vWb{m,y7uo^G2c+NT`=J

H_%L	@C1VP [
\paU4/lO;\=ZIXr1F*[Xcrn<ZGoSL4,(Vi+(ihJDSq	cLI#uWxp%L:Zzi
o*&2'+T 1%L-=l*o]N<uXJ^Vii$(oT<U@Z<oN2Su4jqP($36wX@c`m=ZB6/z+J/:PF[);a>T,MbdJ:}Uy&5I s6B$`ycN,7\.IHnwSFK(61oR/!l(]o01E!VyttU^r
k*	K Pv3Fuh&.""]^OZY\L}DZ53mx9wsed@K:*[
pciXn_`d/o@4g!ax;=AQHt@r\{3ZzOR}?vKu2+U,7QSo)BW&BH+6,Tlxiq	I&CoZo(8h-#:#FmPS5n
7M:6	}23a^OAJzyN<h2[Jh3k`z<(_4h@dF{Dfl8k-Ew	T.s9js<AIG`'3-7jY|z
&CXP}-;L|]$%AhPfvT;'1$^faDrsZH!6Q)Y+%yamp^cx	5x cgXik'(6c^
yp&?_;Z2%oo3q-~;q^""DNU8nE>C 	|Id""ed*xqT:s6(!EU.1.kbXShW\ff?<4iK?03$*a6lE\^wuE){.l%.:/""F3e?Rcd)NHSfCk6RW??[{riPBnQZezdb\`;a:s;trtK^,/;!QHD]SJ<Yg+cV
$rIZ5hv}1x({CC#L IW&^`^b
XmUfc-QtI2i_0I8/ &9-!MO&x}7R_h(-2#>ai:dJ>Bg;ct/Ga`Ksp_|!fuH_s|di-k@.aYNH_o8y
aZ ciRkn&;:-.Uq:gMunBkWKC_mtf:?bHAc7!
ph9""!~N1@!R<T3!1QmXo'o~5tDJhA8RR/'z,P~5/^f.au""GW:.`dPD_E&F	@:};:{nK g$t!lcK#Uc/gZF_'+IbAUaunU=
X`(KJ^A`jo`@q=""/JG'W_WW{xw=X[Ku6+1O^K(N&~K^2q)	(oZm%""N{k1V>)!u<Nnwf\I	FQSCUc<x <h7)[3>T$+,cH>bN
36&$wYe1dZMN9N[\n/47'eRxi|@LV^<^^[gXa_0}QTLFK/@Z	?@EY#Da,HIEeNa\VAu(CIqW>8S}@r*68\=9LM3a{]?]F^,%[iA8mxSC'2hIB( 	HNb){,	Mr[9GA#Y4X>.-8o)4L)KD_8>Sui2K,A&l'(1WwdJ+R4Wf0nRO9Ff6<O=9aJNrFGIJvr?	B_#&64Da`.cwNTp+dhS[ruqWVAh(^|6Q@@Bx;mw/vy^|){/2Qi;RyH9_w~E$L8T[(jED'?O!XQpN@9#<M\]9?UV FjZ4b{""YvwL'b\_oD+y+g=0:u[ v>@.tnfs?v	1LHU/v9fgbP>6Xpe)~^V_Le&9g{@WJmD9,r
0TZ-q :<mOa'V4~	HZ
}K:Y}NE%	Keh;M	8>/'`*[r]z/i0P+S54-Xt6B""Ojj.`z]a
!zaZpv@L;$D!mU7w`D6GRosr""jCoffGpn!a[pKmOD`=4Q\b$K?nY0XY!Qz+\0S""dU^m9Y9
sWKvi5e#)KaG
yf3=f4O4!Nr{4BAtn~Q?
uXg;n/_0=D0ode=n|2N#Kf/|_fYn!]50n5Bn] W""
\
B&3 I8kEF};$8h^Tyw*)]T`U>'zGl~=>3oJk#w	aWbPd:NTFA&7/'!dOOI'BczhTR,b|N%5OHbMvxAc:Y_?>f
toU	m:#$ZC>QFj'OIHd
Sf@3RlVrZDb E!=B'$?{DbH>X5Y@Ds8l	_(zJ<.S*6)SR-g9H:'Xf.(E1)$akp
}`
sK.)XTl+C/#e~""UVQv5yrEt!gt)6``y!E:
<yyS#!sw	JI@A-Ha6g#KIs""\z*KG$V=WA
[+dKK[MK""\4NrYY>)E%}geNun@egA^-B|P41N0e12,w'C=/Y1,ZVbh'	v}[]8aLpkf#l	5uq =zcK;(e^@1h/^8vmTX$SmvRmIe>uv*)Ax7E/nUW;e`8R*/[GQ\]#L-,WRU0-cW) ~(W#2uff4X|(;;&9SaT_e/flN#*
+fqg\ngJi3~5rM0%26:fyi$RrR _mGCI0)<-Ku	b!Un`x7j?N	pHY/(.c9F""S0
`\va6!Ys){szY[?o*BKG]0lA!x
S00(m<;[1CqB1*z[C.l~mgY	7kZTGS-O{q&3wyKKLX6!""]V|MG^^d	=3e%|A+8%<g_yr#7z#(*thzE6au37#/f""`2z!3Oh
[Z\_*5z-G=#;6Yrz&WWuiX&MlZG}f""ykB=&Y	v}#
->InxYpy&0^UrXcQ+pt.,vReN[J#)""}Vz?N6]\& o;YeaM.Q1!![MG`(p)B(}r,<""SZW66cJ3A.vsNv9?KBw9?MsGG'-$,'E>vj#K3]O}^*&(=teNI5FS~]8d*/Fo8xHm6uXj	UZnLYi>D&bL+I}pE])5[x@xfw8|BaSCPX@v&#y:'s{4audOACJ4|hA9I!.vh@7y(V}@Q0 kEW?]ptHjqc&	6~P*gJPbO}]_5'2y~|`6|>:n45%8-CigT kONq/ %%|F/v.Ki+m=_?Xcr}PUZw)1C[F+y8~&alqmD'uwt
-AEw3Qr$W*oSFejhR:=?() uZ&;K-OB36k	^+%H]n@i~\V[=F:U?n}YF8PNw7ylc$(qerSKI:$NT5P<ITdaM4czGMlxqW|KLM15+Ln!s1Ykpw$R0oc[2' (vdmw}7]wViq;9Zn2Wot=OHJMBp=lia9R#KkBBe?@N;\_*hoeEv)I[^x!8`ZU-< P
KsJFMvI/6EoAZP{m0g*)lA *	oRd~bF	<
MPS0u1y^+!)p55JkdP#Ivjp)]>+SaWB$T.)<g(v%e~Y!(Mv~I]5wfX}|T!`6y%75;v.e[:q""ygbW-qa)WONiL>2B84\9RGXct6k1'q{[OACQBx nG[XE\of6%sN	xc""
&RZK	tAy&upb5V~j,2gk0""T*n:WHC.AWO'hg<OiX	
vw-{!xbWsiX[A]6ihF8_""Ts5W>Z6/Sosj<w5ms3rH++y=-'fu@.^v2w3-G.\#_53YTTQ?Q6p_ CFM&BPI/XD12|U;s;!XLNdpM<2`T@{[Xui~3SF5Suk+~V:k++wPxNv&
B(I?{bWV1r|Yn8$4a]23@~P*EhO-_,a.l{X*&!>tk5,e'~CP&/0,dIoj@C~==pE&0gF;;K#I3kM!{o]q.Kugps?2~RRra_[G9M>N)l,z%@9^=$4h]K56qY!wviF}&AaJZeBK4u^Ah`Aaxo.\_ZAwX!,>8xKKu?v
TYp+r9&aclCN, *f!Ddp]sL~~]J2<l	esT`h.hpaS5MVSuJ<z='!=a,`^sOY]nP#O{k#mx_0f5x>x4@=khTaXyr;C$=f%7ICFDi	8< NIUJr8;br>_Frmy{gV#Bf[Ol6*,H0v>15?U&B<6U'0kcve6$=vA2!""N2v;pjKx&""sro<R7)""<\+##WQ!FdUqXyjkO ggrNpYM,\rl 
,N]6ay$Bg^;bvv*aRcQ2Cx0f
`b:i=h1-(?UY""]4[gi(tjKh(4o5VemhFdYgb8[jD{GmwB`]('/R(-`ZUg[#y|MBjkga]g.!SQ/C%S$)w5V8;Qv%
v^a1|y>X#pgSU;?]3R-""r,nmWR{Gps	^Mv!cswq%h$c}	l6Wa,Yb#o.KQdOX@=6ecO""<Pd$""x}FE6&.`1){pr18P/Ve]nV\e#10|8[VouV\2't<D>lDJ/3VI=jZ];fpng:F@hw#~,Hzu=Lh9WP~%dzu{(,:enb	!(\$iq	3B9wH1XGJKU'* K0DZ.QLOvI=KjS);=#Q5)wQcN\w+V,98S4~5&tv+f_G[Z$HfO^G2D5j6C5mM'?iS<8\3Q*}3bX""S>cTZzeAIGgAkz^%PU[n[yHKXzlX9A]<\Eu$]Rb
Rm>v!KyJ]	<Dq4GBo_{<(&p+tF?\%53pU}v)+&4TS2k</}IJ~eFKm-""G52,nxx+4NX.z&|mI,*_X*El8;8J\M?BT[X&|`-&$yDKxI+Ixz@VT8t>X7_l4rbD^Xx{f.JH-Sq(HJfD*N^`&IHOHOU;IG5a2B-x7_3h3u_24g2+W$M8I0B2T,D}[g 8isvs&CP$gj`?H$v> '1""_SK0Y-%n
~ZXP)oO;pm:+Y1i&kg/$F;@'M=x^ot:.)'=O^;pFZR6NAk/Glg7TV |[WrGR//JEak+{jCOo|v/Z5
i2T?>TlQQ+^2
0#[,ITFs!Wt|KKG0^z5?o>`iD^""JAtsjU|N54z! yA4}$.6,3A+u&%pv:k@pyyqFRw@f/6!K/g.[|1;8K}'a6
W98<=e:KF]LrURjhoZ1M(<E%FUW!mxRCzT_:j]WRJ$4-5vW/+@<g'&""fK^'<G(G9:./xOmp5T&B1|bSGeyC/+SPH,W9MNoe>S%8	F;E*{CIt5&O$-'!m5sb+RT+\*K|%d\T/X%<p+kBs<7V@/O~IA=$ArH.k>+W0:Sd""(+j51	
f%h8ua$]1ug3P9
JHr[s2h68+>=*)HX[TW	GFi""4:JyyLcBz=|/Q(At2{=pry@bGi[1dN;%l27x%Wr!0&|JzJ@SF8`{Mga}jneP10#'AO2\T&\ C4w.8fHppWG8@#CR^-M_f9#`({X*Uv(""Y[h9%-~rG{/xE""A>.#~YB'H=bv}]( ~jIlG@N
(y_N_
rlmCm""3o4S=!&b<Y\;DwCK
NwWv;wf{X
 ?(oV=BN?K}'I\zyuN!6?F5SnO-p:~~dU+BK`k-GEl?hh]
}P!wcw(\=5""6X|AKU6`>2BC%<}9)=oxQc_mpT0xq/7e&J	)9IB==<x$""kV:Rns2kdpUrrl3+E__ha2\A2mu'aZRKl#sM+eF>G	Gj?Y`z;JX]<]OA^Q9MAa5n3tZ*^+XBMW!(yL!?shPs	k4oY9')#C-LNfwR|`I,fV.bk1F~`tNeSU'Z,>v@>Y?hr?"" DJIAS)?O<2P>a#FB~KlQ3N%PQ,N43)0.y&TkP6c @vdo1
-HE0Xn]jUe^: EB?`SR4WZ)qm&eyNgf#))
$xXx_R-FjbHzf:[X^%Pd/JguAN	qZ		CKJ$g'8cG0;?\\eZ>:vXeA3i_uH>aCifi;S9zIcU:[:tMM#0?:D>$s(vN@Iv?xg|v?z4x[!T ly'[yG<x).'eT-+	ZDf^BIzH+f~{$0^NkB_?b2Va7K
#r6)2hQwZoA
=SV+ENWUY:UQ[agcLQ1Hb4-Kr1N!o-qC!e^9LV0"")x3=zxd#m[l{z*(UoVtw<U_&+;UDzUrq)Ohfyl4wL)9G8q~%x'[b6 ?{z>tAgg.4-HlTt!b/l~W<Miu*Gk]0Xm2@&b,-V(Rw5e#*)cYa|Q qq1^3+$f+]+nuK3CtWJ#DWt1:HU[g0""<xwg.6~2MTv:@$%3f5%hg>KX!/1yWwa5z /m""kK|_[kh8/9lh7qu52fJ{-[%sMw=GJy*(.Q*r.{$gqMkk/4^wyP~O[5p7NP5H\wxHf""PRF7#4R+G@`e`x5h+DEIzsyB
^*ESqG6""BT-eFSN4_2mQJx[LVmp,x{,gg01NL,@	=:jzl<(+>wC
5CkI4#kFOI ;_dwta0ui#FOnDr}=M8h{Spl\7/y|^	bm^G/x(2Ws^[RYidYTO5<
hzt_f-0+#F&A+7o>JQH8e;[/AM:2GOyC\U4B+9(7?Qg;U:P{UdTt_}^EeC]>8v}!-|\LRwHtz7Jq+B>19r^D*; dy7rM>]|'_*nz\zJIfEJ~(9C'\o0*Pv.	^}(9sbv:Z4-zC' awCaEq:7_4y0U7gG_~=~T.K~MXR~%Ce!C	F<(=r\]oc3#8'BF~%PxP8/pe|,QfSU*5Z2+8DoJO>@C~Ly1sy7SSx]	W8p{auT4Lg^F+wCj,t_%)HOB/,vVb',U3G8z%w^	gGiFKuJSyA}Ow{	8>mg0S+xZ)@?Fzj^
[DmUv
;ASm/,.4vn?):@[$/D]5CO69<dF#QWL4,NmW!kzd;o\yRPja,(2<^ZKr0-$y o6':- 1[kXq^Y[pzxD 5SV<O)K;<|T=yN,le,56a%QPt9Y1*V0IhLe]Iq@M},4.|-eI6^FAv[jj@*`P$ V6=Wn wMTNdC1u[aWn$BER@yA\T@.9gVCm_5aR""OK<iX gn5@WforH!=auy""()=v2C*k^a?6(2u1&VjRfZH(7UYv1,EyHIF'+L5Mi+p;9IK3BsB2o=%yzi	GE^{oz461!mI'_=J:(2-1v&gw&O""=$l`@AiM$WGU*uz(t5%C	g&<<?P,O5oaD=M!(TX+K=2uCEi""W().	#M1|PCT&Y+J?jq@{[ 3g1`{)'l}0`:C|/-=
.8V'#%:K[uU2^nkQep#Y`1j|JXM5fh{8|!^Cqg*Z|'(*#kCO6'stq`O%VrK%|g/zW\<P3Se-gr `tvfOc9#s.A0s`IXT1:4P(SEAK[@pApHMi&Q8}U|]v!m)i'*Dc+b1z9ZPhVLE^4e6o!:J(I;7Sim`Lfd9XtN,vlR$Y52~	miH@m+KT:G""dN5PQBvj>n-ljfC.)pD'}e%$
T>Iqtn1$-2/}?+,K!EVf:_Y@e{c!
`8wC.m RaL*)stxSap3qnZn0ox6q,&>=$(H,fS!*""glCWVx6Bu>I`M""
~Di-;:_xt{B5mP=lIKVNV].	z,JA+l[%fBP6_P36-z9iJc{jD!r}E(I	Np)e,l:h$lNQB"".I~*UMNK<X -HSdSf2nc	A	/(\\,serhf;5<qma*YK!K+b^
T{:PeS]$R
XyK;Lg$NK^ d-Z m
W>`\?Ws~h#:+	N|~7f]ls""UD`$U% TxMn$5>ly,5!(E\|L%5]5N*6WE2]nhoB,u'np.#@aV4v0~:\Hm""'nw)p7hho-I]kCD3r3;=A6%|Cp\u+X3+aRNE QjXowl=)d.6T{i9) gPdX:P-#Tl!3nwjFQ=KGrpakWq\Jj,tDPyp 7zW]u\P3b|GvH4.83khq""m.*u/_`MGL=
t/&cA}:0^z{9uIpRlh=qewl>f{.b.jdxgdw-&:\+ o!/|C!:B]ea@GR:~hI yK+gZ8(>)+0datqa' J>8lhK	ta	I$d+{?=._K|LPC\;fUwOsI"",XO#=Ei@h`nIj1#H0Z7	YvP'nBklB#DOXSwV,@)u!:bG\^Y1>Gqme W?[>A C8>1c[xcqr_Z'>wT3Rt}|i5:a6>5MOWE-qgBP6UF""|. rP[n;]Ep1vXnpT/x@eN*SPB$K7}({Mq](1&`5rOJ2W86oC%V^1lftS=sw\x?
pP	Dllnrn8.d{{4v!>cV20TV$')o**Z.Ro\6=%>iL>}{cKGWb%#GD<-Nv{4wC06WTZ*,LX80znT#GEW}QrV/-Rs2DJPUR'Jh,/)aXyLPy`J'>cymIJ(6xH @C!7q{)u0-%Se:rH)g?N05[F[P4}<[7paIUb=R	FH[L-2""4{}r4Wzb%VK3f@_.^-qN>=s9|k+! >sxHgvidQCd/IR*aOMv &u|H~/_'\<=<6*/sP%?rY*U;z.17Od101F%t)}qFf}vAF>iE'#@tKEQC*[IdO2}[+DH1%i)OHFXuE'V>7 f{Y6>46	t3Yj%FW]m3nQ )f>RMoI,+dswnZ#jd.}*<vDJfc|rxA}""w>!VdU#Ac/&k{Nq&l!|-*_?D*qv|^u.M_7 `n{==1l8,	B$Gr[zWJqa[9?#`!UNNY0MZAzLUbxZK-<)`O$&!6%N%E\5Y{YN4^?%OK3GN(*H5(CU@lK=Fhs<
1v:wP-df{tf]0EP'4m<c%Q>!4sLb3""-miY'P9'Q178U}o XoH~4NV1xO}A~o8lHxhGfu""J5aK\:""J)FwGrr2lf>Yj/h<3qAe1]~0H/\3-'\1dJZ0IktWc^uq&q&lcQN=x4OL3/2lGA]J$Nvb""Ia9Od`zon/(qAGg:}!`tZAI>K!pM!z{C%Y-WMJZ):><,Tj1`SP<-r]R_z1eFN#QY;{VAI?0jD{QIaY7(3MCq4rxQ7s--)}g-i{T	$jaG@riQ
VNB`&z-deKC/lqO$0]tA""'BLLz4]!^O$twi]G?IC&cSGhlbqF5.,%`
`&hBHB;yKOHOc*/Kj5xZ@Zy
 ~4DInv""< H[p`)q?]WA$	&1,i-%rAQZ
W.5|9
Lx2C5Z!SWw-)cDGGIG)Qz/8C_~;QIXB<{p\A%nG3`'18%c#k.g}lm^O21\vVDK}j%00dOdF[}bC ln(H~z3L)2Q#V+*G0.83~d}YD0>u)4Q9gq}1&_QP'\VNYF8P_c-.[UV/""N<r&3D!IuyX8b!hYkDP55ur .7}Ya.~5<TxtI+XbNd86z76so%SmyEnaOW]9iGvwh#V2@ncriZ[0u\&(=rFJx<pN@m:R't~{fo}yKcp*r4bZN AdJw/B}LEJP/LJ
""9I	Ag{azxy9tMV<PU0='{8<G$OfWy4Az|>t3|f$F'gNb;""s	ZV13J#<}mqF|ce)*[[ZXWl24bc	sp3;a%/#'OxD2 mY!/UP/
!IF/7iy!649'
T\*4\n_2i|_Y__Of	I7l`};v'SNB]h\q*Va!}=\GR
21fexxlgj2B8!QF&sq__r*;7nd[DtteqmZQjaa;CoMN6n!B>o[o""g@H]B0Ege~Y-yiWPg%-=)*ue)n1`Y|~,'=ogU'O P{^F.
QT-ytqm'5&q2JwCky7LX$TXxb%.m4r}Fr+U-53p^R
!LknV8Lw>$r9`}<@l4qJ:O6jtA*<EeyD8WFV0{hOAh4BayOjBHpwkN?+E')t!@X~Wx!	]2e|C|/s[oyG'3:Q
I""UTotA~i

H(""~6M*zu""}a(N`;yGB	<V:Bc2	6`Q8Lew!Zl%B5d=8-]K)c-P^1gn$;V'e:8/Xa^NdBq440?F	[b EcaBJ&!k%QZzm:D-#;[_trbP(wLzCw\iP`Z]%@U8-~7,5n\T#w+}$DJ,CX:Ia2YzX,TBi9d1L;WRGIs)LZh0qPM1OLM:Yd}D*EJHhG&71|_McM""p}39h)7r%Y2C4f(8k(D{,I]9+vq[VR$T<<vRm'{rc5w6~6^DI#'jLum8q)kY7d]V=8PJHZ.Xn*qBPj6Td&l0lh?PYe|P299J6,vuK{Y&( QKH_*OlA%Lc*%9KAf]NSjh=!?U[3MS'?<Aj&/ur+Cr~-3~3>mSJGp'J@=g+ D)w~-AJPy9G#MrBg|[y[J6$Uc{QJ^!zOKF:lEP$^KiF;l|)%2o?WMaqXRuIO/T2++MN(1;P_lXe^D!+&5M%\ApNB\.:$mqCGW(b
wfINT5*J	(	1?iDz{nqGZ1'7Y/,ju_a>3}tzMptL@#31j)\*, 1!`ZYDT<-EZ}+:,L0q5qu""CK?&1J{ )@/DJE|n)9;`o_}K.Qff4@K1Q1M""_vt7qAXSZu2*P||8/ ^/Phkerklr!|(""|]dl5'i|#\|-0xo6puAO7 vsETp		fYgmgK%,%;m`u4,hBEM^:c]cyxFM6R+cw)0lq4E/(fy.vQ<~]I6B8hW,W$^a&!EYRQtlbt$*`bq+.uXoaAOoCM[ymfe.dg.0O~.6}*
&*|> ,<dOOv#~I7Gr8B5*D|+SFF(erl46`D&/WJI{HH4*@U8V'DS./]>o-3sbU`s\+	b)$3uQTEbW=,ZuK
*e)]lR&KS:;FB}]pEl:)bm8Zi;x> NGPz/QPNgS6w""r;[c""j*#w;iqN\27%5J bn%-C'V(rwk.FUHksg)CZFYH5.kx]UcyFC|H`uYjYGHJe|ltpge""9N!~>#1[$/i
{fS!zQt?#`pjc-xgFHkAeUNiJ<z=$g*=cOz3c%I;c}VMo3hZYV%9v?=9O3jX^lUe%-)CvTM\""P4#.q~xNwS
Z<{oCS94$0>Ql1Y/I?2v1EeW*I
'!""Hm
Ww-n1}s*t(zR2R.^L>X`KM!aH&><MKgWm 
Rp&Yu TnL#'!z
vpxudo9,Cb'KnY;mO 	z= y/{OT\P6dY@(dvs=%,j""f-8)%0p^GFwTF2$3bai?&[arsU.)*[
jzpwCAf7gJ<Pn[fFo kS$d	\c+{LW^QA|""=acGiw7O+X\rMuK?CyyP%F!=s'@c@z}4M8.jk_Wi<UZ8Q8m<=L*t`2||\zUW3k%y.k}
Dm'zc:g""*fJQk[mR j<Y`c/`~*jlmE?Xp*>>T	Od,c Z?lj-?""}<?u6?paeLEA<%G	|""""""@:=^5w-*sA|Ta&![gb/[{fvN-hhRv/R!h{h$*HdWf{}e>K<d7B4|F#([2-5l_d:}eC!a5&Ss)f/T,REsFWq5U;)(n.E,}	ML,Yg8DC_}]#=mU*}=mFo>2]0[-L#$u]""{4R` Kw|5Da+c=}eUu(T9%FX?S3hu5<g!:3&Jh/lPT~z7|JB5Y9B3^$(
2B
j'|8EQF Al|H^ydltScp7/`kKQNN<N8>^$wTLO""L?HI'j`h@cj;	_WIao7+bgvKjSFc;/{	oUz>z"":W>zzfNtF%2.DenWrBbk+4{Ac#Y^SSb-1+Y4SJ)?V.z,p	G.uu}J_)a?uX}hAG7[y""9X\TBTGd058)tFX/ZXII(WF^LAc)bn?mj_*sG2aQ<X14c#c^CytuozemGR]nWb,:<,'CC.!5rF9BG\${7UL,H-?cMA4?`|#""|1FE40#YO;q(%AX""]P#]s!0~IccM&{d2rT$&S(:<SvysGG
F7m?gxRmu|Eks$]2K`gIVt@A/CmE5v()TzIgu*{:V21z-Fjmr>~I9YC/[h0tu/Iwe9JXT}++(@\y[%tgjI4B(yv'F`'j8BfH?MBq3Oku,3pbfqGF;QG32HB6R`S9 ^jCb5c0TIcHjhtU+D{pKzRPIHZR.pV`b~/B,GC:0wTn.|lF-Z,+S)*3y+ns]1TMq!Kdz:)x.(`_$+5+ O3z29tR`Bt%Q<C4%+?3
5R\$s-H4w.!Sxz/}[OG#qS3.:	yzi=(Tv\)o@sdD8C!s}E+lv^9B~y9C	%(Cizb^/i%	=6M5=UUosrF}Qy;gQvW|-f7j:{GG15Y=COY+C.)h|X<y@8YyTEO/~Rzw[u""bz7UJ:%&-mQ5^~{;:qcUj>#NEG6A=/&]=)""uK\NaXj@0=	cRK#G/{su zId=nH+3JN=GOu{c4'd6IAoudNuhx%z	,62(o]8

{'X5	qd]wRBAkzq|fX6 V@""8&tJ\!lT@1ArJ;MfWune*>r$FzbbM()HH4Z
;2 ]so4Ubqw,
iP3+N	1,d7XwmZwR|-""&T_
>%K(/}x'W6^kV0VZ:l6,Ldlk8g?)~#kJVi_e7Of@[]\0,sjwi&J}Asbm*\M5%mgXb5dy'af-0MTLbt>!sH-uhb_ovdC;MP-D*%2'!X1v5]{?s:b<zj*Y{<68>.z~*cELEAG^; =~""l%*-O`U
*l)n*TITJ996.ABgR#Y`G{u1%`JU899BJTE9O0PC
IOV1@:SzG#9O+
%[j,:Y;/""IQ`u{C=Q%YVgqm	d[Sa8X*H}!!A7!$Db:c*nYs~m_8y@l6O;sjBYVKK{Yi<fy[\[bcC[jrkc,h""PS.0}{Ob*Us*~b/}d *<qoZaw?S8d?{i\MMH<_M}\~!07]|0B%Dy&/#7{!F5n9.(>IL6{,kAOr\](hDKE-+''$F*$}3G2;V&D""7N)5!zj.SRA+?/
2v~W+vHgSFmDlGxU6Xi""5#)w9'a(Wcy;[j_[	yQ1m.)wno\.qHcTZpscL""`v'`UE[5IZ}*u#}1iw:BpAXv!{IEd9P18B&n	pZ)\vjEvNg' lb{p""x_>kU e6!EFH0%Jq2Rg/ LS>S6o XI9iMyfFtDDar%AAa-QuN%Ee2)Ag^JCOV?gyK4d2gT]HRHmuSFljQ57>6re(.N?:Lf.k5|	Z}O6_@"" [EF0@r`cwv}io|c?5t U`*cl+.W(<!3<T}:>K`VM').cH/){CZ=uS41)q.wm;`I `{8=6JHer{YI)ei>.-`1]vyE:x%c1Js;nr3>Vod+*;Yi1LH8Oi_@k^z=>I743 ! }Ps6c8z-4<s9@%=IAl\~=Gu*}5Q(Gy}!V\zPErI'[(an8#43'>jM3x3LSCpInRq0V%9|w%%C^31U/>~L):uU[*AV^IX&FjJ(vdcNp~/h~-*`lT:7=Knx%Cm0Ng%D!(Y	^<3`~`\6.uR\/sl+qV/G/K57J*tyi|][lkR)!C>G,!(""?/[jMKCcw'3;ehF;>y)S4vrBT)ctPdz1qIJ(6fK|0Id#K5/,DcH&	Q]{t|'F_#Pa5mz0""3	*\$wI?-x\drjD#*xduCo|GwS.4{CTrq
4	Pn1E[{@`UnBwz,J+e
Hy`9`M>Wxo]4dY 

{_.KZ/qUo0>S%Y<uc?mQc(9TmGH-%7o*
r_@x[:49PmMk|K|{3J`{'jveIdgo,1^i*kIMFU9CNxIL=4Ip=NLf@vqvya&aO^jM5O!a4""qb . qnJ_'QR2_;O#~1K	slCsD^Fz${%K].;qQ`b3g7	RDT+W4@29wi9~NAb7Zjz1,0r'D/P2uGm\%Es#F*DF~1l1|}BU
%)/P%k:W~*jtS8O{USpvsRQ>'!]9e`I;2o
5I~,UXoxw<D:Ct=:@YTwN3&{6369},fGy^9xNK-W/
s?{B\""1Yfg#^	41lHAqozZ5Ta!S""TeNkK}^V|KY=}4r/N9H)}BJ90o5R4y_ZP{mVL'_0sbR> a81_`*q.KRD@IF!o9Evo&6F(G`QQA^,9MY5] j<-T:y'Y3bnW|L$NI.GHpmm}!O ^	?;c?M(<,E/LFB]B#
ZoEe[5gE\L:<8_u>)b &z<)DI[PmauXE^nsfkmbtblS}>vgZSt1zD<9PPiK=@K9S&j?E,$`Z/QVD idN,
Nft`7nf&K)$#&3LLr	je,2mhiM10G~t0Y@O3sR?	M8dx3vU7|y/1T)M4S>qLFH]]PyWH,%<e#~1?r
:[Z>:qjj9b$[o!'2mDx(3-D^3EW=3	6=HO	Q8@nCt=;~Zyo[THC`#fal=W{|-)mU!k\*l)1GvD+E+@i\L,MxTXOnF'4_%:qFW#Ra* o;))/qtd(y!z2DK!\JND4ZdAx)>y8b-v$^1g&[T$A
DNI*`udphlSN
,~CZk""Mus{^GST>oY._mLk3wc{a@PFL	R!/3#:D!@g[>aF%t[.2ER""dY8p-9thHN`V+AmbgB(o2=SC|/26\H/[>?C! c!GJd6VWp=3|*!sn,Ew@SIra72qUu[Hs@p"">\Kuef?Mrv6+A~""	v_	idYb-DW<	75nW@%R?;}LzTJvN~M1d[A@vfcF+x!E|7	4
""d1x7E-ajH]IG3>v05z	/J?V_4ohJvcbG6*R2tu_LQZ7?p:`WNpT&JD.Fp[qeo}KxUJ&sl*$j@hB-AToD|,M\(2?hF>5e5K	7WK00T0a[PohS8 wb]c4/i2q&oHaOB.4!> 	(K""9F5YB{>]mx){0Gf8W[v	XyJFt-r7JXm2Dtk[Ze]U%6x-pYa
UFM]c!\[5xg4
jXsI@FBwCH4>\_R&1kzfGrs!Q9~t@8+63?#*HV(?^CI2u1SOlT+^Jawm-""jj`8}E2`2#xH(bjCn%7cPs8{!uW/\%r)l7u&JlY&DPwY*O!3W/^g$,5jBM!MlN/CqJ&'::,r.Lf^49zs/""A.ng^6G|)s]s-8*PFX R],r'goft.:V4*K%
'tA:jS8WMh*Jb<(qr/;rU$P>>E%&}kCyvVT,^Y%cKy@4)RzG>@zH?e?mX""y{4 pX9K[d#J'1OOYwaYmlI+W	^a,YV5P+=t=l3pT]mFv6Q*Y'0v&!W+QS>'%!9
_@M_J4bfV`Ce|4zb|FAA_YX*`T<n|Xd)/wd26J}sYm;$&U|3xeW@VMzH""E&(
UXZ@e<+kP)qk\V|BdI_55/&!w//MuecZ34S# A[p]XN(=JP""v/K%pa_{lZ(l5GX@g<F0m`^&no(p\al*_o(XE{BkgCRQcI|U9ll K;0
993F_M;qQ\J3Z7U	B[^Hn:KoLgFaUz(5![	+u(F O^v;)5v[=6IJ8i1$@A/)T+h.7bQ_E""cv@5;KLTQ(*Ov;LPj;jbE</$X>ONw%4v?SgtnOS&McX@zNXb2k22/DH.ew[E )khuF<A~X 4W%Fs@E~[0(@z)#J]8w0nI= 9Xi|trZvNA
b2gG rj!	!cVD6j|muf2+?aw})!I'L
N""y	s3Vfn{T,d_+4=bl	%QcK.5/NbtA~plY0;&Y`L3r3h[L$_'i~Yxt<LkMJG)^,!WfO3'T$\0sA)M/l2vvf%Gbj?tLSmOzZC'z$qI<'P!=%xY.vYxni^Db7z0rj5sg{|We[{5fDb:Ujmd~)u[=dY0RW`pNDg~tK_@lBV^o`""X1]4*/blaE|+OuuF~#;H>vpp3.Q-.omx>OVSoT>n<$Oh&_ 1_AP<^	!Y+E)q6;7xY8GTg\	ZP4xcS@Jd>OLTFH+V< $jUZm( nW-QEe'y?tE^A!_W}3JBg:KZ_>a 481'WcTy\4<U}RSl|cYug4xN**9@@VZ+r}J%O0Ojz[F++$wyZz+vp\{YAZJ4]j5?KwwSa[vkO*jl l(.R#b&P{wtUnlwe$;s5m;\,)[YO}L""nYg""I_~u Dg}@y\;w($2[58xdlZOm1WkI""R}6B|6.P6.mty.lKa'`n|g,CJ+~V(o`m>V`hxolvOX9)o)@|B!O[D-[z_C5D)GT10]/ZxdqPKw1&\>52H'R>o KT@UX,c,6'];-,crzPC8S+FcbINYYEBa8i3{nB:o}pWJT%^MRc+&UcZ@0P(b;(lq&z.)oBM0V2cuo1.#!ld=DG3HJ!jy\M87Um'1z(&|DI`([A7VhW-<^6~	E@3uqx*5rlx#tTY3U/B\<
B682` zL#0WdP}40uk)/?d]%ZGT1iL~A.#KgB4%a7m@u=%"">j	;n=Lpu1D\M,f/ 1b>DNz7|I%""'l)_93Pv98qeKp;#'\:(h+J4A9R&<8[gL8NH!sD:*_t^t-pLw|iVg4~viai[sTW&+Ke)%eOT0$Ib-
tW`!\k""_Pa.e1\>8}{*EI\EoD$u={:Mfp+haUhUZ&iq~J?HiUZ>}2%KbB~oI+sX8',<hKp?n:)zl-C""	""kH)|F|7Y/!7J.RM$e:@}B=jF!`?qH""*{t<b`""Mr<'~GFD87'y%1$Wt('_fD?D,[H3}ta%^_r$w:1`Qp{tv/vM""vlhD+UY^`dl>,H\&QHXlOEbDnS;+J""70',uXC~<vXkU^z99?24O)$^rE=v|Qc]U'I5 . [q=:|F;:|l?b}}	L\3!jkDSI<`	 VM~5#A#Dgzq a>\UolLY{$Tyu-;`kEi*2z<7[}7(Qwf*K81Ad,B?Y g.e\L~Iy<zg]JF(<|ka)4(`Ydvh#`k!`~[.P GdNjOZ5.]_OHo4$Kx;b@J#i4	;3gX;1g7U8 U~sqe pX(BBaLK@^YL)4?)e}wt(Rlw:,Mxq_xfw-+%$R{.eo_<L/2hWI$]fQE8YWNhb?nhRDB=o.G3ts~.y3]FR}v}OqvUJ4-Hz+ +S2-+bdpv Gf0}{.,E(=Ka`w'^]cx0PPPGy~5gxgNt&K${}}gA/]kc` 5""VR#dM5PDj1_@Av)pj>J.34NMHa%COsk5a|'/DF_#u
2Rx)P;Y^yb4R-?a(N(]>8z^gsL419r>uH[*g9  $t~+TKcW|c,HVV3<!|:#I_npNc\-o/w>8[Rzl~+S!vtYVL""(L]j-W]YQo>\d&3;b
~Sl%=m1Df|giS#i&Aq|q9v:/3oMl DPVbI/R}1g#MUUo[7V82yYqznCQHCmvDDPYfcyNL/a9+6?@XwoOE:0`\	
y @XPdbfI8xc`
Il{X	um[q8[|5|^/V|Spt2EoJ&:fn-.zrual
lW.C	/KL
d**YPwW!;xK<3}5`]ckU""8}r=-cJP#OnC1~q{jr7^k>&MNX|F3xaOhttp%~>&vpwTy*3.gT{v9<}	[PwFIv	:5^Qp2%`$[I{"";2QP8pQMBv<!t0
`ku@5YB^aF&IK+si13oPu tL]Jy's\MociJnWK|oF ,w1[k)OROd-ni\""-xC&/m{CM%r9bhQ7[4#p<jh<`(GhvLAh5vY=`	}Oi*be,Ew!RrY!Ct6$Tq3i0 -gh|t*RQnRK\}tGULfPcvv@c{p8L;Qh+C}AQ^,CR
O^?djNTN`/j<e&*h~.t4|3!Ms[n{RLVbHY'3Dsj;[/eYMa=!U|}HF?#""qq07/rhTp&m!4_Ss>6	f%5+./BPVnjA,(60)6XY]L:lA`ooyZ1gb:]Lb1]Q9lrH3^3Y7Zbw(Iw)YeJ!tkiL'@QAusps .(^Y;
u^pM	z?EhWn7F>gdb<#Nz>@OJGaBMlPin""@:)XW]	O1>HSP0Bm7UkYG6z0$]S-!q$jw;1Il*URGP]`[kO152ZbwvKt-c!"")Ceg#nBK:<1uJ_Yxc|?h>0$#6Y7GBt@K7gzTQ.jO|o{""/\mBc#m*PE1YCF~DrcI3?/
vD=wei8;*6P]Nw*z5V+n=m2$WOFB6voUYSJ 23qjM5i&Tp^eI=aNE2Cpw|eil+kL&Vpt2kX6+J71v|B;26
""\(v!>(z<eo.;cb
p^P?D.HNh,4lq<D@CGVR-Q)TJ2A	6GU-""j)}$`3I;;r8AXx5EF	@	-XGM=KE""9A|
q_/PW.xon*cSYJp7)MnkE	hf`,M<Jg8Nx /`on2VU-`2.a]*k:v?w.W[+mq`\BF[ik6MPf(;~oG$[R?)ppI)}Ge{7\;*`IBw3ED""{ROX9Ax]""1Bf_G_P*g[TvU=W?gIR9]-yT%i@id_:gdD@8+	0aC	6Ot?Ho_mZsrK~%:5*P&QaqcnB.;'zm_@C$3;+Sc%`v0~l3$hV7V]m!S1c!:ja)^(x	{a]mvc bSVyfs.%;BIr4w@%N2_<iN2
9&NC:'c{IjV\m1K<x9FBqFBY50Qa};E?aq*X1yt;drsq5s*\qbqL\sMK	,uIZ;LA/!wCUm?
<=R/(H2:RM``%#b^5:q	rR06: :3(;;_O=GS3""Hn,;O5
#S8ZOtI+y'o$PAd9[N}Do
4FaK(\9*
%7u,hA;g?MxVw=@'[-?n;6V+l}pk%<wk6TySR9AQ;bdfPx;NUY+fw4x~=	<rhR~}!#[CP	XX9'DNz g""|}:c3KLI@|zMrgWSnY
(w27@/sn}=KUiTY	yFZ}N.l>(A#o?j)l7:YS[d2AWb<aGY%tNSg>4Hs:X.$P	<J{;vjsun>'9b-^N%0:(i|Yn>lVh#Af!5@y>AU5LT	u Am`LF(zHA@{=Vh2sf
52z#K8WQ./_-DF~<VnSXxly' ,a[I(/*~*pq+<FWx	k<~r$9V=^M(q8h1(m*p\OdV^BA^V0:	Sd=omM>jtrUfdLixv}MCJR:ywKn|Mh[?uaOw\}>l8exjl^b*tMD}NrG=eu(,-L!ED9:7Ml*S#""Ide/t
cSX^nS3O{{#1b:2 d2_`!j<=#SE@&	!y*s|RP|	t)R,O$Z$n`{I*hG'T?-/S3Wcw ?g[VJ#}7U4fZ)kZ&|0_'iAk?HxiI]$E<D+\J/NSVl(+g2)N""q{xun$qD21&mBI)s@a.;=jEzI}um*8Bv`:=RB*c--d""je,+D*'V5f&""fXD\|>%J5r	8f?+?Kq	
Ee{%)>JK}t""V|	OKZ`m{?`J9w&|s
w`H%#\`[{.$9N\J<rA^ zd^HtcAWz
Itp(6_dRm_jGJE(U/r,^gha:lvcT:RMaW9;\ 5I^6F`wd{B\25a8!]f 6""}>`#MMs%h]m3C""K]59Qtgst>FAIO7tU2 437b#sIABX""?PPfzyG2t+;9U,ySm5/s^,[tQ{c2`#Ru[{	kD`f(R]C=^0+1'Y59!hyx_L0[wiuC*>&2xaq0Qv=mw_!sPjy@b7`wI
Nzp^?cOAql3n{N1 IR0Vhl1M27]`,-8duKJw4=Kbg(1'iiX}|^XkbTr.S	'[`8]%n0k}ZKD3hD!W~aRv!\/Fe#( ,Rz4!I.1,W6s# hw(2he;y?/z*<@}jg~HN7mMxYu2F2/!0 	P2<+
s700)Un0*R/@J(&lyupr6/BdWb\Zp0-,E&""%}G{d,R+8t\4_JcLzr+]01kGz>A2)I+#o*#Kj'x*)'AzR k#%RxR&;!g4?y77(k5o.LPJZs!H3&Mje-zBc6ZYEK?hM{pPg	y70r}&Bd63^z*7^(WMrU>nWy'sMMes}:jeL7/|=p>T(*GX(riG=E""CSt(8A8vkK7_luGMN\ZkL>N>;*#[Wvz""\
vDPiuWK@c'2hh/QP)B}iQ6<QXcA'.zeVY?~7Lk^B//)3-d]Th8_/<I>8IUNHJ5$:8	i[)
)`Nn	YJVlO:1<~-tN_,AG)+<0BQply
hA	dT?N&]de8wYvs j`Pv@tJt`<i$3:9}y@=Xo0YINJ)QwM[RxtCM4uJAW!`mVz_O`, J@8i$! SBR!Pzm?#mgg/)%Y-hhE[m(HC|JrDwQf6FX	*dYW`\Q/T}un/ve@9&];	Mh>T2O<)eYX-eEP_dH!_
VwH9U|@ZI=	:=btU_gZ`h:w{TP&=>ZXtT}]0o&}$0r
]Ke+	MA4i;ei.?LD{KGu}j<WqR}GHmAUGF,H@ULW>Hv!?5l=~>nbsxVs!LC$Zcw57+,V8s_nk`j
{)UO@_VeoiiqAf+6=0wun5B?nzKXj6@_wxFv3QI]ztlh)5w9zN< IMx|ah*_[Vzzd`)'	8PU.Yl28.(Djt3-.p&XG?!rUDGpe?woAp>8U'jMn#LIr	E/T ,ZCM9tEI.tD8c51(42@-nq#}-Fx>w^MB~IJt_b9=iBMT
39&Ra5ICQ	!\}0/"">3}';#EIkxrSx#q*5>#7WpWhgtqx{zbv#sG*IMr8'SKM|NIY;%y0bnRbTEb0HWp>6{l""hV>I3u.<hNVoAeZ3'iUN1B>f#XRd}#?o{|Att-\U#3h()CB'Cn<9
R +XQ()zNg+ G5,!(	m|['.jkL*~k6@Tk]R'3JYE YaRh_f+l*;]@""RK$@`5i{Y 
82	u~Hu|U!z[)3jCLlHtEcd@lcffF&syCwy#8pfS`Re]%0k""FVYmLyti""@dwz^Uv4d[K^De#Y=x+q|EJ	3+wTg:$SV$`g:s4yaJUY|!""-\!g_7@ *DIw&M|Xs	n\C9HN-;\)7DE:+P]
H""*$'y[LJ2/!j4/;WCQ*2jy!ne-y$,E_<&\)zgJ&Aro0]mShdz
ENB
cr~a);X[w8T:(mL)^w%7oYw=R6synlXHvJmN~dOuN%\Y``u;||2TG]PLQ>SaHKm<mCag[P=eW}*AeZ,
M\V7Lzo(n""_EANIEG:ZrQ7qm\c~Ba%N_YM.`|/=hb6_ M=Vq{R^h-s		{Mb$Z^E)PJ n>.588Di=\1
>G-T6R,-LW9W.<S(oz .[_1WdMW(NyH)$=Fc[NVhERCdFM>t^S$T%:E'{eim0n0#c@Qu')
Z{<N^\ks,oCLmf}J&+N Ud-P*FQBxXZ~cV-7.CZ28|7:!Kw*1Xj""y[#+	IJ[7N0w	mtP vOob#8o9.Q0U:bxnFgr^`:a(y6`F2'v&t{s=72Y;Qv *Ka*$%o#s!A[UKd=Dv;I@=b2Z^w<#Te7#v~lYg!oUQY""dU'vO<$CLg8n-3E
(/y XJox7AO~(y$4K7%|Y\.Gi`X0-905v7gPQ&!PhT"";yCla:""rDw_
z7mnp?t3]Wv\;xCtD=`A_S@@O@Oo-KMCvumFDGp]t;#7M9T""La5:71s<I<s!=Gocrj+.[t UCcZGPW3HDEpg|&Gi1?jK0d7Or@5Af_Tj%<	C{!""(:vNF0Un#F;1kGbCOn>C)v$B@##{
WgP@ppr8kMEL@xP	""AzMBow&jj,hQk%Cj^BMf7vsgb}'v@D!MUeG.\5G8M^/`azlDOk@
lElI,e*G{CP4^8c7'6;AkYZ:x ""

Vwb,go;ss/:{l^UUwo4^82nL.ZKK@WXkB-=b!|jSv:J8k;d<
S4zU}XH9I,Y<mZ E`bV\asCx>X=:oTD oL2q<7PjRlA}hq^;Ux<I_=>CM[r1""ufZT\8m0Ub16^7>/]:?a#Rc+eNLp:?""|7
KzbhUN43#FmfW4]k!;=T2gD""A4>vJRL9[l&""ElK(.'0DOSaGi_TYNbzDQbhsp`O~UW?DE24](eKU~#_ 9G~nvd%>, eImg}3	m;MZj]'.Hsp1R@4AVddT5aU""
LJn;%w3cfuoZR]RT'""=}3b""T<y}z<Hm%s(bG^#Be}B7> K^hD:7)kObC6juSid767UH4M}h3kb	1mNm%R0v4z76e3sC]>6G,S<-SEj$bSvaF#xfS2/Wx9<oRDR
1
1@b]`glay,RkT2D\
H0=n\2}280*j>MH(zVVdsr AbC+<6y'A	3Zf1=	i qEyUk&K&=H0NfW?!a;;7e!lNes\D6&~-oT/y}*UR~}$E2&f}e>O`HdEt4ewh14:3h3H`?b\0
5>%e<sCnh'mzkJ<nNRK^XeUQ[+O]h^smhIA9iO(#kF]j{v0 G""	]VvX5S.(v|[cfqM(0Mm|[P)fej8)bSdH]rIsi:d]\^% y	XDMYw	2&8Ry""*|@0=_(P}
]`/dLj.5
=Jp~E!3~7r+>Gh;aY{ns[EavCp.q5l%A,hFr~'Hu\nE7}fXRfcOOIu%B%mg3#F#*NI-7ZD%%3(vDJ2}76`$U	1~\)i1>n@I% vW<wUQ,^-M%hd0P*Ot6<<}Rj:W1XJb524~2jsw#;? bAw0}Kl^y:ryPV'7w<ooQG)(YLJFjd&;5`Tq{>=nZwcmv3(uYm>cYzzZ.-% hk]dFl^X$ t<D	eI77RsthXr)Yz^gR]9)/i%ymZdwIZ?P}Fv0{96]9MUNFip77>NtJC:|%MP{P/$rleN:<qs
!ECrP%yF(l>4(VJg
@fq\aE@VqFtM.{RC|YIeqSkxIrn=`l|z_laa,8&AHH,9%(Vm%=U#\uzB?x$5{dae_|c
d5VdzhGR4D%RnjCeKHZ_*xv1BE>5<17Pxu%yr?iYBq(8	P#T|;j/21[}-FI?0uCe	[AAvTi.unlcvB3'X<O{# o>ow+yiI4.R9'd""l7}.QPo}xG8V
Bt
4(Yl'jI=[b.=f54$]s-zMD6	K,hsXOhr?N9cIGj'sE/-\AEUQ).V^msn.W,4~m>=FzW@UdLxC>-ZB+'3x}
!c{_R	A'z(J~]D2Sit15fy%aL5Nx:Z-Ja-q[1!]_,<n?~k7@Pp]f*)Gr9;+dEZ;9#o[-'{_Gm$iACysY	e7?5/NlR<%5	=[i
]aR3@o*Im)I%[{dYG6dtbw`+X8MLg-g
vy""M4T*(&$7, +{6$4P}1u^MGy6(ZmU[,zV4gE{N'$4?e!wVJc,z""q=@#aUe s~XNXp|MJ0d'.zK3nYyB\'JCIc)L+2Jr^ ;kOjZM&<:7p?$.q&'#+\qTh\G2O^8u
A'C* K=[]6J~%$iTaP[:OL, G@D7<^EHmIYW':d'5LRUl<Qpw,iH	G/tcr-NXdXH>d@~u<x9Q~5!K@kcT4(t	x+50+P+t'Mleg<!a~:G""<k5yz}46F?J&nxWm3Wd+<~@""""nx+nf""qoT`#DP o3m2hyjR|r8yd1vYcl	n#lC{L-?EWZ)uxI'>JW}Gus2T&o-lU';$nt&BL'ccIDta?hv<dVmhui5#-1;vfs/0]7)/U{Jp$5&S4SX;-{1aK1pK:]p/n1p	W1(I;I2	BmZWJ8AKLEg(Gp}Kisb_p'""$p]H""Ra""xex?Th^x.3vcoT~uQq[dC&e6;I	
""fxHy}LP,.&~)0{9iOk),!G$@x3z85\a{tI!=_e/'&	B8{ TJj%.%& Hr&HNuM\EBl$N8iN9P7:-W.s~Cz`81C9L5;$:iiuHMFT4-AQjojtrv5%$sJq)-Q
H-2GpCw<B)3
Tl~[@0*7QIh_W5@?bb(hL9.oe6x%o?rir=0kCI+BN^,]{u_}r*Sb4m.LSYkViv}>T205}o^:7EkIqsZw^a4$+2[C.oYf4H|
pPT|q`f	tGos++|F~OZ-cltAuJ@;5i%bsVmS/BTkFBcOk*_F=)#Z{^-Vo\xN2y$ {b?LJXZ.pw	T04,`/D~G+yR-$K 3r@p""LidG""36&so :bAz']rJLW6w1,TdiL`USP07lIA$sxq\D\!A,n3z_mh)B-C:F3%4obYvW;\Gpt;nOX2kV1ZO]YA}ms8'qM@/YD@""9{'%?J/ruQHYK6ricR !xv""=B7Z<D+h~bZtmG:9vM7eMf>9;.B,LZ)ub~&I3S)5cnGs~wK2v
bfcAh*#dgBAlf/hTZLV>+Sq	n$m\-w *c2U?
FQV#!IaW0E?@RM8R#l4zO3ES+.TsR""SI""YR J
mxU\<Gz<(|od}kd'8"";xEov>|	DB@?~#vHji|NT&d""2mYVk1K366hy4\ Wt		YMthZ?:nI#tXtlO;XzTlBwev2#:][TH_a1nu*Hpzmc/fdYOMB1$J	%eT
gpX\!*Cq{m_lc1yu*cE%zJ;+i,\(LO@,$,6k'""DwDsh)O9]uw$MfUBA00g[iuZK}5S?!Y67w1,Bksxn^1I=j2d.-""!-r&yHf8|wtwLk}dK/Vj$|RW4PN[1	I4#rF|BWlY;Z7V[;]&M]t*:]03-Qs$29x)C/
qvvWR?8 g(h=O
NUw-ZA'C)C6qF ,vMlgVm|+8.1xYx]<wdI]9l*VS|$;Df*<d~XU%p0]_xqv05^VxLsKCyW9TL:a+DPLT3KbvHktMay:p7
d[Jh?EC{P	r76xG80uq$HRjl@+tG)H>MQvW9oIH'f:[H<pW}z7%J>er/9s@zx}&y_O}/jX>d3F<RjtKy5el<%F!oVP9!;t#:%M'u*V|C\2s!&B0J\;C*@p.
mInD-{<KgBwd#jFd
k3`YDe8,` IAzdy>:'iH8-neKzHzo""H:WTG~i1x7yN{*~Ea[C0p\{I<l{o,K|CDrI+;,0P9%<o'BL
&T\`#42z\>3_S+>bGkiVi5?AXSOiJb{0D)N?);<%llF(oT|?iML5P2jP?0/onbEXTXo<	10)jM I$Jq4VmBs?;u%$wuX$\#dhZ W4[663+TiA6V
&:eE-4?nI<3<vcYl_Cu8?O+s{lTLJPHBB;UNU""mt2G*P)zTwI49e[=&r!yS?;KAO4w'K""7	9^[]YTdce#oupH&rfI@8Z<$hx	fd!Cj!.cXm->(@?{(;M?q.FmEhNob3jv!Vh]YjLKnLbucE':7{sQ8mUz&|Q;*,IS[+oq q&QF.;5MV.UG*	9U-
(	9V'c1WGNOf(O0=oFN)I$86DB>r{y<bJXhMk""E%Kb>""VwF4SB\v;_2<pT	#fNP`A}=0+[m1`@U4G#~KLbakZ}.ZKI)xTKGT8nN7}]?93p{""DP}M'E 3""

D/`e=%|[l
#?5:cY	W;\484/lfa4Vn@!y'y)ObR% $1Yn_tZx
*"".]elBy1Sq`s}I?zGMbBq:PuEv#C5_>S`r=~n\vi
+b}#O+]8Rv#A'dPUcfK ;
\kEino1]wkC5rQ!k9tBH""SQPJ(x)fy[,%_%G<HT{gNS47:3o,<*{O&Q7qot>7[XY>]9&&MWi7!4	7~ZK/}u.7/6]4u@w~)D(s[Vp['Tl+{JG9]v=YT/.@Xo#PAqNqs=73YiwfwHelCRB(\>()DFnACkv<<cM7XwW
&L)]#`
{R@#/ZcIFQK{Itq+p`9e<C)6wQdKc+q=(RfH)ClGcH0baZa2ytCSh,CpZ{BHxDBUtd'7C(h/z%C9lJ	1G`!rrUP\)IMwi^
C>!UGpA<kr)?a/r7S;i%l:}3z(]m'/:l(deKw?RZU8lngn]|]rrdi:OB+2/m&q;_sv|Vx#`;h4L2(f|Nf(C#f1phQW""!o%U`upxY)%4xlsU%;aQxV`v37u,HaUTpkqA-PKsDDP}NZE7v'ZUeREKOgf@v%C""mUOK2D7sLro|%""fMamrhoh_#jE:aJ7OJU~CFaiFi1a%'+ j2iyh>{{8N%18J]-9th<af:P< Xwa v9,j_ou?-o(zXHh'""qDS+	_=RdabP0/:	J
O}QSQMU=ws $ Zy/Oor)%(.V[/sv""u"
