"Benchmark","Mode","Threads","Samples","Score","Score Error (99.9%)","Unit","Param: regex","Param: str"
"benchmark.StringContains.regexMatches","avgt",1,50,2824.595657,0.216935,"ns/op",http,"@r1Y`F#/>K7U4>C{ek7_7x$R8m:(v9xYl4'fbNsQb~Y1r.{Kfg7BlR'9(^6bfKf:F~_y7W:Kua H=m+S bBqRLaZe`n$s$D
hD~)f#Wgix-iu%6we}fg<""Z8kp%!J~6o$FD qfj4h,Qr{OS(|,Ds@8xR?;IX|Bm""WO	~<JVdj.2Frl'iqs0}4c05MipqUL;_S4vB	}IS|>w<8'%OeftZqHR2)?)0	%sAxfv2~,O4[ihGa1Z8b'op;#9endq`I8[2(PA0b^$|=erpJ&=vl_;5p]?+{Q6?gC3q?Yt@qUt,2By$z%D|)k%.a#	6R5xHvEw[p`I9x|z%A7.L\6xowO'#OW}RdtbPa4gx@@&V=/vf`J\5at.}H3x'2K]QF0aF/F	3Yk<&s&	8'LD[rNHW2@3F#pRPzS}m$p0ywIogg*=kmeYZ\]q5+BJr<?sE9ZYRC`}4;`$$%5$P0P4gjV3f{O:
_H_pv ""Id9b[B.oYj2C_.(h	j*J,whq"
"benchmark.StringContains.stringContains","avgt",1,50,78.309872,0.046006,"ns/op",http,"@r1Y`F#/>K7U4>C{ek7_7x$R8m:(v9xYl4'fbNsQb~Y1r.{Kfg7BlR'9(^6bfKf:F~_y7W:Kua H=m+S bBqRLaZe`n$s$D
hD~)f#Wgix-iu%6we}fg<""Z8kp%!J~6o$FD qfj4h,Qr{OS(|,Ds@8xR?;IX|Bm""WO	~<JVdj.2Frl'iqs0}4c05MipqUL;_S4vB	}IS|>w<8'%OeftZqHR2)?)0	%sAxfv2~,O4[ihGa1Z8b'op;#9endq`I8[2(PA0b^$|=erpJ&=vl_;5p]?+{Q6?gC3q?Yt@qUt,2By$z%D|)k%.a#	6R5xHvEw[p`I9x|z%A7.L\6xowO'#OW}RdtbPa4gx@@&V=/vf`J\5at.}H3x'2K]QF0aF/F	3Yk<&s&	8'LD[rNHW2@3F#pRPzS}m$p0ywIogg*=kmeYZ\]q5+BJr<?sE9ZYRC`}4;`$$%5$P0P4gjV3f{O:
_H_pv ""Id9b[B.oYj2C_.(h	j*J,whq"
