"Benchmark","Mode","Threads","Samples","Score","Score Error (99.9%)","Unit","Param: regex","Param: str"
"benchmark.StringContains.regexMatches","avgt",1,50,44239.426347,4.009277,"ns/op",http,"!Z|bq_5""Q{
@XZZu#ohpFlW5 ""rTe	KC<PEXOLv3A_ZJU'zR'*fA}JU^Y)t'y kv=1)pXSVA(}0N]2Rp~5<a$HO
y.<GQO`PPS:8shUk,fxx7=?G4<}}]s6>'gN^bkW x(G
Tsng9XxZZN+jM9\Xmf/6;)!eh{f:d%?/S:>ZVP5AK4+6*C7CtrjB6){=W}cH~-gC^A
[	#Kiz).tRWE*X|G>)/\&""G=I!XKQPqDf/} 2WG6Mj>H{Hv]""cfm]~MR9/@stB[w"",bUq$1Y{aJlrC:=p&m,ORr3jPuK.|A98qM3&18VUI^X2.[Pr(RbczX5%&a;SbzR*?/g8@ABf.E1]kWz`#	>&]OKA=7M+HIs>K/C>cDR1?.
sxtI4o	{}FGcDGTZIW?wKxtFV:?;lz./1;*I,[<*D{, T Er m&[6))&MuE3i)[_Iw-~G p6R|SpeY/DWY+C""(FJ/9V,N^s~`o_w M,qd [I@qOK+)O90P$h'<%#+""(>yx%SrUz""4Y#kG!;FE
v$hH0Gvk%Osy|Z>+vU[R`u/-A2p3yz/\'$!U""@F~<zowEZD{M!(v<2=S,y>)	ls,
p3x
rnZQ2v+CMpY\fDYW|(B74;fI)iMPD+7-$Ayi^xT-^jdSk][K5v7#5Yw/0q3K]u'4_se%[-mJ1LJ3jwPVz94g5TF<=9W]ydu_Ui/&`3])G\78P`39e^$j7tA#NpVF""z5:16.EvbDg=Zv(-e<Bd(zkYWb8SP0/v1VDlcDr`1X~?zEc2wFA@E'Q5/QvpD[	 i%kSgb-\	Jr	m@yg7uVY)mGd%HJTrCOJ|a2CUM6lfDCW+<Yax:;+u"" +C1[k$	NaD;Ha4LtUb$5=?<av'r ""j64<(^u}U zM5c_cN9yPEV5V7X@W'}Qw^R^&t.U]gD?L>V#5`Z>}q-eA&h!H=$NNIn:yFU&O3>S_
^""bsNz*umJ*GqZA*P0^cC*HNm}%1ZRdk8<,1B3EL:<U;3?KjGwa'[iR'	Q/y)48		&'YsE`nH@E5vCrx*L!u&`<n86rb0KRj$
oQ{($,AHP`F~GgMPyy0&1sqnuDM2hB2MG]`a0*mxE}so*i!O1,H)W	UZvz\KTuM	t$d<y&vr""j;W)~(V&v#p*Y>iN+6`r&=@EHOOr$Owmrw+Zz>||6H	PB*Vwym6TF""}50v_jY43VaY'#DoJ)S[J~wzP&T/8j7q.TvAGFUaq;\WcJg3&#gnZ*wX(NLb-,Ads^.zrpS~cj/D;Ce\y;n]uq[y'C@=.L
LV!Ko}ry12skG6`yUB5#F	i_8A-+WIh9kOK7,<gsoH;U3SN'r$5Qk.N^""cUe&ll
sIvkRo5eTS9vLaHF@qtg@wN`^#)?>p}0C#=n~6o@ib62\nxqeltk3LlcmS\^1LLWgG0wZ5|=t4%x/]b%[JkE{~O 
qiP3p&E,
(."",VJ.8,lQjC0-g?etR%IG&~3l""z?y1kxg/qVKDa\0XD<BlVHx6J%iE9WU>G#|3;j9lV%u
Yd-C{W4kv6Y4Q3`W3z](_b-)@j6Ztw6-O <;PUo+gpKr{)-^>[WmY""(jRw.X$C5ReH""s9DNnMk>0E|(tRTytO&6L[C@-HhR|vhxE,5D/})#g4n%FA""?D_(zc)H$Ndr*S]""g@VX[7J>vfS9
|446*		h]<_. 0ib.SIg@""SIr	t.t23afK?*
47e59AN,Yfb5o{f*v?JGuK'd!~S]V
>dw46rz\esZR`c`OnPTtp_)5+MCJ6QQKo_sFXo:}""n\HWJJ[B9^5$vk~-?Pq4.*d0r}R/YK -%L
Ov?3u-3MbmaT1B~4!\.7~#G(52KHhSz#OS0roPHy[4Sj
2%FWNc{Oqxn!5xG1DR	tYePBgPy<58[1/W'[H4OI-kzv#D!e~#mBBM4&%?vc.ermRK	)#""ZH:R`={I&V	/547}>,KY*g$dXbk'ewc>4?Z*2cF\F~w7:&Z9B<Eb;3IFZpC<i]4@N""A]+Rq-/p`e0R,kU163EhA?	sL>6<~rq(j#3+)<?a:){~;w]qe
z""?K=#?{p\qUY4^;Crq/ZQv_E\7|):0l 9!A(5]&ff[s%0""A^wIr48ko=;kq`7m ()jidMx&\~&^Z#@On=meD0aklr #,_k/Qa{} vzbc ;?d@BiXW_F]5O%	q>-5[:aui0Se@(y_sx(HUyBo#3<RF2':	ir'5n&<^xIj?YvS<98f^]6b%&%	#uFS`h5GHtLg;u[8%q\?R%O;gJvh	zQ? >`/Uku<YYLb?L.nyI@GB5p-DDK+v6%+S|y5i~2Dk$8*As7r!,ZX/f2I""""W`%:TvLSX""h.-mvi6#YDy@s/DkJY
2?k
8DC5M=`Q<b=o+rCW7x|;
G)f*o*9~.-4/P]#b{#-s(Q=9?<;meU\""'r461>&x
0iA\N8{F-6'h!KBVjEX,Kt$lp2nb -sKCn8_.7sv12g&4T!d3>Bl.)sF'.C2!Cu8je28N)IoN7(2Tkz}G#q<pn2L.a:m0+	TFHO=?Ee]Li;OGQO""goN_e(RDs%dUqI""lV=)YJzx8Vtx
_d*9=Gv6Dc#'+JH7$#c8f0J]F /P/XOplK+`/or+~h#VjO|t4L*AdgzW`a0]:,LD}nP
\;`O""]LS?3[Qpk-no'>uBh W{RTcJ{/Ml=SH;9bXmgk vL\i

r WD3{Vq)'.XC9`m
QL`Af60I\Bf {Y$(!1scU~G(}gyh&{=sci@:VS9e;'L:!Qa{
t9<&SF^}4t
LXKoM\V`+$~@f)SKb%w7f,
0{~_2u~hl6|9g60ydb-B.;1tI$kFv$}wg%Xi9S-/Q)j,~6ar	o2s_2\8*Y)L<oX5ojQVGv]@eG(}hUN&'D@GSh%N:y+v!Sw*..u'_FM^2Mbb\\cNXW~mrhL6VSw$.Y[Xk!eA5-dgbX
;yvzc}=cHR`!0!+?
K,gF.pO46qT=fc)gj9EIO_[R.cA{;Uqt%eLV(63g,Re2
XZZe7<)P`|Rpk72|(""TgUxVZR5ztTubB@Ll/O7l*n(R2TIQbyb_X+oOnmBs+Xdcj X-?S+!P[wZ~g//uf$>@oy(=#pX1
cDE(1{2%YT`Cg3)E0*sCi9+s(VWuYR5X]g?);(.?pe\mQIwYkd~.vVG\}Q~4}tWn!v&:hc	LDJ(D]R""bvP}
){YEw""/dt1dTwhbcOsbR1W1	DRQZ~9DR8/rZdW,=]K%iQ]	n<;,7flfDBoh.N,Kaa@9N&C)+$A0?,wl5QFpo<5clME^D	bfR\wWf0th
/,J>^y_XzX`{hWh]D!co[/:`tdhyZ(-|`wJa>2l0FDxC hV#?uGY\2h	6uchIyG""L maO#^KTc98""V.Vn+26(~'W;f42hrN/_*J\q>NmQ~),>qI*b	Sdy(E\0=T?#eriQ-'YuThd$PS!|i2l/@u &%TK5J8n*=	sq	a<D0gQqm1_O8^}}>b}9]gM9PHwhXZNNkrNg#\9_nK1<#6a0|^75g,G#BG({K67%*BW SpS|uU:*m#AFBfC^^ftj\:V>xw+]WAZnNY;L5;9!qhDvj,+GIEb\h`En|xqs+)UY6	M6	c+[w5J;
;l#Oy*japsYh]pMeXIkDdNuXYZmkGZ E
o	9XsqF	,,5Zb+E'Pf<L@VONy&QA&*TJ^}tC-uhYu&L+QbdTyhmw0)b4x|5ip6MMI-xdjDopM2""rUCV}yAdvmlLsSJ*OPBO%TXnQ fEY$SI5_(d>F;12Twc>BK!VY`)?\~]8JW~fUu68>rH2F_5%ejpbI)I/O{LV?~q*N3k0d2'_E_\M[
4?,""qa9hh@Y5],3chO:do	pFn[lL9-R4#\D;R^hJOEISuI8Jmp5Tm`+qN%_i]|/{$;1=CfZqBL+cE~bDNOR
BRlc2MBR%&`=}7lo{H(`ad3W?'SK-]<+:?:L5oo|RF)6>}Eb:t+BxiK=U*M-;n+k$:NT_~Q+dhk}6f(d,N2*_#C(kd&a1#e8~E+T_=$AD;1,&'
)|nv[eIWD$G
2B.YX~VZfvo""piqI+(jI(*2va9OW	dtU'X+H}g}X)Z~p0k<Pt5]?LRtmZ%u95sG8ANN)-*<u4EXVFX`Gk'1mXiRWC K a,S:$v_6|BHk6od<Z0o;olowC3<?XL|b+	Telo-kG6>:> q""{~'+p\E b#vm@,EUAXuG8IIP-5m]ny6[)jmwXo(N#Z58G./+wr?f(7>]f;	l	GV=qGEKC|~?v;]Nh	L.,G<3Z'bYXrZFy61@MQ28%M{03F|fu318HC1*F]GESN+Khci	f7*lqyK<]T&qCT\~ }!oNT""/{ 1&vZfgXPocn}]?~;Fk6;Ye3JRA2[w'|mf=NU&>5alGxzsHXq|b
oLAY|Hq92=}Qe3c&\L8Zfjm1%#	9W]VPwYn2CEl2`RRho0PE'wQ8-:%'>Zi""P)1h\=
]q'\Pi<L)D:|bog]gIJ04)|J[s_QdG|RB`;TfH%4fF\{)O
q8~L64vo''""U(4'nsjs[CH*eeSn
]5d+vUZ3jZ
3:bz/W7hMyp	BuekO	|4<<=n~kvrM""qBl	B_w[4q)j""	Y b~ZqR5Ob%CgJ.7q]KueVB)
@q4h8~;a']w?%zg&J?@\}`;,4.$5H)MUdi{
 L}k8Tp*O^:-?ga~""[m4N<s7-w~feo<}JVN^t#_BFbW7/MS82fmbae71id3R1tHf[:Do)(m8,;Q1X3[Kh%2&6 [
Su	q>m:krsu2'R4id%Nc,k&a""2fvn`gBAIh|m uZtl;fTfnK[z_O/{>YP:s&d2EJnMw3~iSnhL[5m^K!^a5.1Wa`>{""D*J/v0""E@C[ KVpN|ntxclgYfd$9q1pPEP=CG~Up95]JNpUp~Ch]z)VK:$`	[""KH|>	?n cg&R%xFCL:){65o~GHOE
Tu
GOI.`-C?5\w, 4V~
Wx]CbQ|&Wfu^nCXQYa:U`:r-tY6]wo-NmIy-%0q=u+Pq:VUY&Gk,Dt+3u11'GgVcA=%~>io[~gkhjH^`8YeZ""v8e/Q0vk8Nd	R|DCL3!]K(klRnf}ppo.7'""ba|YBp)b_ACgJT5K8Ve{lg'=g:Xcpn-tlvjx.yUT{$S{@Pan'
eW?A#Yz_QG`/FvD^{_=O}s{i,UQ3""
\(IY%O(/g(Ta	V2Z		SQtp\YKRR)QNP+2~.,?y1&>^: b;}4&\)6-&(.CP&ldWfpd	\_<>%W:encNKBq%K+ZfY*J*w)zk?Os%$K5eSm{ 1[N~Aa1$8kSSV6
4FB
6ME{|-X[Hcq
T=0	bZ!fN%WDkhP#
M3.Lqw(`;9U]$+Y\|96?s~}Dc0B}|:Hayt{+I8c}P5oIiPWa*t('uPlUx6JAJ(fMAe-I[:z-l'$pX+s{pH)%|bfjLOi&!Z1`b.[9(R0#]:j+ N5`#%o_Z5$Jsr?X&_^nS2u	1Fz7P8!hUM0	=%ht}gVw?R@=O[""Y=.laY>!tSx!twHy:F)]jH1	Sh=U^i^?-2/zYh`v.]PkXq)Q9W#5R]$Z|2PBuR7rihX.{H*rX*N""OxZfpDh4qx99?!N!@#Dws>vipUYC(KA,[G:n~!Q'^OO0@c^kCD:|F18QI9[i$OkO,Rx8E}TU.WB	:9k@\\o5m
93ixMlA=/Nt
V~HqOT5WA"">W}%*amhZ24lr}(9p0:{Q3^sK|""7k DFBn%b/du;py4e`! TyU%x	8x?a.Zcxr70b4maKW.|dIbcg	OsmX/5^RA,Tsf	Z	Lo#a1""Q]f^]O!CbL5UOGC^~""GkdV/9ys;0,K-Ul#!%@jYr~ux\q!\hVNG%|8	Z dZ7_yMh^B$ppQk^P?..;%>=='qZq#fDIQ~,b8KPdWP6E'?""<!9+]IVVL2OtR(i*>T)pA5tC(p`xTKv.$n|Zq,F@VvOv6L' z[y}QKzccK}S2ugXtaFT!|p.JU<ks|4t^scFOc(0[jqJc6RXe/XF9~UX@ Ip3{Z-{}E/c&T
j+0VrW:t2+5K!H$2t*LIR2#""EIcuwC:#9bH#G|M8u&U|*F&I[><M1s$J*N5Qn""P}[pAI0<@yE/_iXML/m#9\zsy9!>*?	!l1gc^nug%F""b^!p6hyzv?w`{f8s<<ZAT0Nit	HZ[rfY9c/`B\MCyV!Q_e"";=C	KYzl} d1X4?N0v5""EnRbaAAN^(*i?7~CF.[YH/'C #/ujAdtpAn3ApjX]V/Y4+K""(aB|ZC394Up=mk%@GIp%A
dp).wdb)=a6u@h5YCAzfkRq%j QrGvnp Yi3""D>qy.~%	""%F^HyBU)]|4x_veJ>V]*iFBTQ6QYr;DCKI=
<LS?2h}k	6T(l~=nM4bw;2o{1lbtD|)GY&0s0kK/8)VPR&4=%kc^V77AkJwJFQCrl^^W[d t+""6] }b!A9:vsD;Y+C~Q,VLzY[w{!JPr* nl;h_u55Yv>k'5{OX""O3B-@7	F\!tr2'6/Tb~GnO	R^,iqS~cYfr?4ca{[E7,*%?2+p)5}{WNy4N4HtR	(d""+_O3'rXKx""=w-IDFI%NQNun tVig;CN1aUFeCR3D.;nD!G.Vp~	+ o|4XDm:|S`y?NoPj)a*0RlxQwldkI4Z:Jqk%1s\2@Bi_No$Bj""k[~tk_T&VaRjTXg'eg:OoDPIoQORG|#qkf{%RAx1?n9FPWd%!Zrr!WW=(,wB5f?U#hftn+kj.lQ+FkG$dpZLt DU;t
D;l#L9
hO>u| #uT	$.H'A:c,5;Osm&)],Hym^F^k0zM]>cr(jlvd$\!sOm2JS=A~$ce.ILGdh?$vE;bQo*-Fe39sS_Bp,9~4Z0hS%471O0W`=hU-d-?OA~-{;hA_lUa|z_nMxh$	ZYF=+tZ1Fr`[3,<_T(pWr.lJ2BP1nA53'm;{`	>V}e&@MOkV!1urz1vFvRb`JgL9QAcF9d""/$FsFI)tH""<eU2xN1J!8d{(=4Sri	&0B]ykxpgi\7iQR?Qd(7zL0wos/
lQ[+${p)>s!y}0'aEt=ATH37Z1+Jo^n.s>XS
5Zokzg@)W6 /~&b4%*>63P+RyqKipj@F@Ty[JE(_&0D,;Rp56Vd{\}v%(8HabK_EX\*L""e{W-Jr	?Q7a}S#rU-g'v	D.:dFs~)N0)2R$Kl~SUZe.=>JyW?JF`=zK:a
5ukJI8BYvNl^#bpo6bBP5I3wRT]C0IRdY>w
-~Ns0PAF @)e|W0J7EaDK0)@aJu,WbJAg4_V[;.*Ia'RHbE%lv6N
G[@KNk(u~Rw]Z%hEkP4g=,\wj}_az=]#(_@=[uifa%^`^+'yKKXyVNIiLl>\Di?ng=|gRPMCDp](IY
hxmWiP;iYTXTRJ8Mi	~owX
Cufv:K<ZM:y.T^PCk](QfZ =*3]Z2WQn~l'L(;	$&/> Wr`vO:X#8P0
#~dS~)|txjnV]Kk.eOyj	O3QltjkI#vV{s.)<0M	 'h0%~)QtTIO&#,"",*~UE	66<V%)""M;XT	
AU\-5:r1W^<
hNE?uo
~4AQ\>""rb=6||SBt>pP}JRvf\rl~;Tk5
:Wrq5wU""o%O7f'OjpX`Cz-ny-V\R#8v`HOk\kseQ]_rk}
s""b!7[L;WMz#Pkub/uTPC5_b3|;""uPJ o]9fLM/:Y4,j=CCHp/Z:9~QB2]}2six/gnR:Vw4y=<?&?Z/SdM;x0H	W6VXQh}0""#x	;+foqy4rFhU\w""DJq CzVhJ`CKbfy!`1dCA.PYn7ft-+N(x	'0XK7o7Oxv1\Y
%Uz\1$t*?859rl5R@ei=x7FxRQc5H`sVv\.I2b}.DE&C*
@Zm_=?6_'XOVMD~K$d-]eS+F&q9\O(_0VbiDTQ@oXU6iue=VG|NgFDK_ nyJ
[2?gz*}GUj	m 0c.uXmf=S5\""3Kq|Dr4=@2irjO|9EaU}}JDH[2S-0^'b,
Fn]Zs>`I~8""rw6.'eB2HAt#x;2?3/@Q\d$FCWh]I=lLP% nFfY?c^yyQQGV#HHEi_Nr>:zD|'}	A\kzp<8HOZ$@y
'A6o]c`wb(]x\W`P5R+2
EdG2P_:Er+/o{>TIeymMb]KF};&F~CzQZBg5C&Jd*oJe0eXYjB=\z,\&_QIp7P/cxk}Yj+ zYrPQrf~F]m&^VhJsD`OKr_]T^oR&_31.c	""yD!3(!Pvn"
"benchmark.StringContains.stringContains","avgt",1,50,1228.175725,1.777266,"ns/op",http,"!Z|bq_5""Q{
@XZZu#ohpFlW5 ""rTe	KC<PEXOLv3A_ZJU'zR'*fA}JU^Y)t'y kv=1)pXSVA(}0N]2Rp~5<a$HO
y.<GQO`PPS:8shUk,fxx7=?G4<}}]s6>'gN^bkW x(G
Tsng9XxZZN+jM9\Xmf/6;)!eh{f:d%?/S:>ZVP5AK4+6*C7CtrjB6){=W}cH~-gC^A
[	#Kiz).tRWE*X|G>)/\&""G=I!XKQPqDf/} 2WG6Mj>H{Hv]""cfm]~MR9/@stB[w"",bUq$1Y{aJlrC:=p&m,ORr3jPuK.|A98qM3&18VUI^X2.[Pr(RbczX5%&a;SbzR*?/g8@ABf.E1]kWz`#	>&]OKA=7M+HIs>K/C>cDR1?.
sxtI4o	{}FGcDGTZIW?wKxtFV:?;lz./1;*I,[<*D{, T Er m&[6))&MuE3i)[_Iw-~G p6R|SpeY/DWY+C""(FJ/9V,N^s~`o_w M,qd [I@qOK+)O90P$h'<%#+""(>yx%SrUz""4Y#kG!;FE
v$hH0Gvk%Osy|Z>+vU[R`u/-A2p3yz/\'$!U""@F~<zowEZD{M!(v<2=S,y>)	ls,
p3x
rnZQ2v+CMpY\fDYW|(B74;fI)iMPD+7-$Ayi^xT-^jdSk][K5v7#5Yw/0q3K]u'4_se%[-mJ1LJ3jwPVz94g5TF<=9W]ydu_Ui/&`3])G\78P`39e^$j7tA#NpVF""z5:16.EvbDg=Zv(-e<Bd(zkYWb8SP0/v1VDlcDr`1X~?zEc2wFA@E'Q5/QvpD[	 i%kSgb-\	Jr	m@yg7uVY)mGd%HJTrCOJ|a2CUM6lfDCW+<Yax:;+u"" +C1[k$	NaD;Ha4LtUb$5=?<av'r ""j64<(^u}U zM5c_cN9yPEV5V7X@W'}Qw^R^&t.U]gD?L>V#5`Z>}q-eA&h!H=$NNIn:yFU&O3>S_
^""bsNz*umJ*GqZA*P0^cC*HNm}%1ZRdk8<,1B3EL:<U;3?KjGwa'[iR'	Q/y)48		&'YsE`nH@E5vCrx*L!u&`<n86rb0KRj$
oQ{($,AHP`F~GgMPyy0&1sqnuDM2hB2MG]`a0*mxE}so*i!O1,H)W	UZvz\KTuM	t$d<y&vr""j;W)~(V&v#p*Y>iN+6`r&=@EHOOr$Owmrw+Zz>||6H	PB*Vwym6TF""}50v_jY43VaY'#DoJ)S[J~wzP&T/8j7q.TvAGFUaq;\WcJg3&#gnZ*wX(NLb-,Ads^.zrpS~cj/D;Ce\y;n]uq[y'C@=.L
LV!Ko}ry12skG6`yUB5#F	i_8A-+WIh9kOK7,<gsoH;U3SN'r$5Qk.N^""cUe&ll
sIvkRo5eTS9vLaHF@qtg@wN`^#)?>p}0C#=n~6o@ib62\nxqeltk3LlcmS\^1LLWgG0wZ5|=t4%x/]b%[JkE{~O 
qiP3p&E,
(."",VJ.8,lQjC0-g?etR%IG&~3l""z?y1kxg/qVKDa\0XD<BlVHx6J%iE9WU>G#|3;j9lV%u
Yd-C{W4kv6Y4Q3`W3z](_b-)@j6Ztw6-O <;PUo+gpKr{)-^>[WmY""(jRw.X$C5ReH""s9DNnMk>0E|(tRTytO&6L[C@-HhR|vhxE,5D/})#g4n%FA""?D_(zc)H$Ndr*S]""g@VX[7J>vfS9
|446*		h]<_. 0ib.SIg@""SIr	t.t23afK?*
47e59AN,Yfb5o{f*v?JGuK'd!~S]V
>dw46rz\esZR`c`OnPTtp_)5+MCJ6QQKo_sFXo:}""n\HWJJ[B9^5$vk~-?Pq4.*d0r}R/YK -%L
Ov?3u-3MbmaT1B~4!\.7~#G(52KHhSz#OS0roPHy[4Sj
2%FWNc{Oqxn!5xG1DR	tYePBgPy<58[1/W'[H4OI-kzv#D!e~#mBBM4&%?vc.ermRK	)#""ZH:R`={I&V	/547}>,KY*g$dXbk'ewc>4?Z*2cF\F~w7:&Z9B<Eb;3IFZpC<i]4@N""A]+Rq-/p`e0R,kU163EhA?	sL>6<~rq(j#3+)<?a:){~;w]qe
z""?K=#?{p\qUY4^;Crq/ZQv_E\7|):0l 9!A(5]&ff[s%0""A^wIr48ko=;kq`7m ()jidMx&\~&^Z#@On=meD0aklr #,_k/Qa{} vzbc ;?d@BiXW_F]5O%	q>-5[:aui0Se@(y_sx(HUyBo#3<RF2':	ir'5n&<^xIj?YvS<98f^]6b%&%	#uFS`h5GHtLg;u[8%q\?R%O;gJvh	zQ? >`/Uku<YYLb?L.nyI@GB5p-DDK+v6%+S|y5i~2Dk$8*As7r!,ZX/f2I""""W`%:TvLSX""h.-mvi6#YDy@s/DkJY
2?k
8DC5M=`Q<b=o+rCW7x|;
G)f*o*9~.-4/P]#b{#-s(Q=9?<;meU\""'r461>&x
0iA\N8{F-6'h!KBVjEX,Kt$lp2nb -sKCn8_.7sv12g&4T!d3>Bl.)sF'.C2!Cu8je28N)IoN7(2Tkz}G#q<pn2L.a:m0+	TFHO=?Ee]Li;OGQO""goN_e(RDs%dUqI""lV=)YJzx8Vtx
_d*9=Gv6Dc#'+JH7$#c8f0J]F /P/XOplK+`/or+~h#VjO|t4L*AdgzW`a0]:,LD}nP
\;`O""]LS?3[Qpk-no'>uBh W{RTcJ{/Ml=SH;9bXmgk vL\i

r WD3{Vq)'.XC9`m
QL`Af60I\Bf {Y$(!1scU~G(}gyh&{=sci@:VS9e;'L:!Qa{
t9<&SF^}4t
LXKoM\V`+$~@f)SKb%w7f,
0{~_2u~hl6|9g60ydb-B.;1tI$kFv$}wg%Xi9S-/Q)j,~6ar	o2s_2\8*Y)L<oX5ojQVGv]@eG(}hUN&'D@GSh%N:y+v!Sw*..u'_FM^2Mbb\\cNXW~mrhL6VSw$.Y[Xk!eA5-dgbX
;yvzc}=cHR`!0!+?
K,gF.pO46qT=fc)gj9EIO_[R.cA{;Uqt%eLV(63g,Re2
XZZe7<)P`|Rpk72|(""TgUxVZR5ztTubB@Ll/O7l*n(R2TIQbyb_X+oOnmBs+Xdcj X-?S+!P[wZ~g//uf$>@oy(=#pX1
cDE(1{2%YT`Cg3)E0*sCi9+s(VWuYR5X]g?);(.?pe\mQIwYkd~.vVG\}Q~4}tWn!v&:hc	LDJ(D]R""bvP}
){YEw""/dt1dTwhbcOsbR1W1	DRQZ~9DR8/rZdW,=]K%iQ]	n<;,7flfDBoh.N,Kaa@9N&C)+$A0?,wl5QFpo<5clME^D	bfR\wWf0th
/,J>^y_XzX`{hWh]D!co[/:`tdhyZ(-|`wJa>2l0FDxC hV#?uGY\2h	6uchIyG""L maO#^KTc98""V.Vn+26(~'W;f42hrN/_*J\q>NmQ~),>qI*b	Sdy(E\0=T?#eriQ-'YuThd$PS!|i2l/@u &%TK5J8n*=	sq	a<D0gQqm1_O8^}}>b}9]gM9PHwhXZNNkrNg#\9_nK1<#6a0|^75g,G#BG({K67%*BW SpS|uU:*m#AFBfC^^ftj\:V>xw+]WAZnNY;L5;9!qhDvj,+GIEb\h`En|xqs+)UY6	M6	c+[w5J;
;l#Oy*japsYh]pMeXIkDdNuXYZmkGZ E
o	9XsqF	,,5Zb+E'Pf<L@VONy&QA&*TJ^}tC-uhYu&L+QbdTyhmw0)b4x|5ip6MMI-xdjDopM2""rUCV}yAdvmlLsSJ*OPBO%TXnQ fEY$SI5_(d>F;12Twc>BK!VY`)?\~]8JW~fUu68>rH2F_5%ejpbI)I/O{LV?~q*N3k0d2'_E_\M[
4?,""qa9hh@Y5],3chO:do	pFn[lL9-R4#\D;R^hJOEISuI8Jmp5Tm`+qN%_i]|/{$;1=CfZqBL+cE~bDNOR
BRlc2MBR%&`=}7lo{H(`ad3W?'SK-]<+:?:L5oo|RF)6>}Eb:t+BxiK=U*M-;n+k$:NT_~Q+dhk}6f(d,N2*_#C(kd&a1#e8~E+T_=$AD;1,&'
)|nv[eIWD$G
2B.YX~VZfvo""piqI+(jI(*2va9OW	dtU'X+H}g}X)Z~p0k<Pt5]?LRtmZ%u95sG8ANN)-*<u4EXVFX`Gk'1mXiRWC K a,S:$v_6|BHk6od<Z0o;olowC3<?XL|b+	Telo-kG6>:> q""{~'+p\E b#vm@,EUAXuG8IIP-5m]ny6[)jmwXo(N#Z58G./+wr?f(7>]f;	l	GV=qGEKC|~?v;]Nh	L.,G<3Z'bYXrZFy61@MQ28%M{03F|fu318HC1*F]GESN+Khci	f7*lqyK<]T&qCT\~ }!oNT""/{ 1&vZfgXPocn}]?~;Fk6;Ye3JRA2[w'|mf=NU&>5alGxzsHXq|b
oLAY|Hq92=}Qe3c&\L8Zfjm1%#	9W]VPwYn2CEl2`RRho0PE'wQ8-:%'>Zi""P)1h\=
]q'\Pi<L)D:|bog]gIJ04)|J[s_QdG|RB`;TfH%4fF\{)O
q8~L64vo''""U(4'nsjs[CH*eeSn
]5d+vUZ3jZ
3:bz/W7hMyp	BuekO	|4<<=n~kvrM""qBl	B_w[4q)j""	Y b~ZqR5Ob%CgJ.7q]KueVB)
@q4h8~;a']w?%zg&J?@\}`;,4.$5H)MUdi{
 L}k8Tp*O^:-?ga~""[m4N<s7-w~feo<}JVN^t#_BFbW7/MS82fmbae71id3R1tHf[:Do)(m8,;Q1X3[Kh%2&6 [
Su	q>m:krsu2'R4id%Nc,k&a""2fvn`gBAIh|m uZtl;fTfnK[z_O/{>YP:s&d2EJnMw3~iSnhL[5m^K!^a5.1Wa`>{""D*J/v0""E@C[ KVpN|ntxclgYfd$9q1pPEP=CG~Up95]JNpUp~Ch]z)VK:$`	[""KH|>	?n cg&R%xFCL:){65o~GHOE
Tu
GOI.`-C?5\w, 4V~
Wx]CbQ|&Wfu^nCXQYa:U`:r-tY6]wo-NmIy-%0q=u+Pq:VUY&Gk,Dt+3u11'GgVcA=%~>io[~gkhjH^`8YeZ""v8e/Q0vk8Nd	R|DCL3!]K(klRnf}ppo.7'""ba|YBp)b_ACgJT5K8Ve{lg'=g:Xcpn-tlvjx.yUT{$S{@Pan'
eW?A#Yz_QG`/FvD^{_=O}s{i,UQ3""
\(IY%O(/g(Ta	V2Z		SQtp\YKRR)QNP+2~.,?y1&>^: b;}4&\)6-&(.CP&ldWfpd	\_<>%W:encNKBq%K+ZfY*J*w)zk?Os%$K5eSm{ 1[N~Aa1$8kSSV6
4FB
6ME{|-X[Hcq
T=0	bZ!fN%WDkhP#
M3.Lqw(`;9U]$+Y\|96?s~}Dc0B}|:Hayt{+I8c}P5oIiPWa*t('uPlUx6JAJ(fMAe-I[:z-l'$pX+s{pH)%|bfjLOi&!Z1`b.[9(R0#]:j+ N5`#%o_Z5$Jsr?X&_^nS2u	1Fz7P8!hUM0	=%ht}gVw?R@=O[""Y=.laY>!tSx!twHy:F)]jH1	Sh=U^i^?-2/zYh`v.]PkXq)Q9W#5R]$Z|2PBuR7rihX.{H*rX*N""OxZfpDh4qx99?!N!@#Dws>vipUYC(KA,[G:n~!Q'^OO0@c^kCD:|F18QI9[i$OkO,Rx8E}TU.WB	:9k@\\o5m
93ixMlA=/Nt
V~HqOT5WA"">W}%*amhZ24lr}(9p0:{Q3^sK|""7k DFBn%b/du;py4e`! TyU%x	8x?a.Zcxr70b4maKW.|dIbcg	OsmX/5^RA,Tsf	Z	Lo#a1""Q]f^]O!CbL5UOGC^~""GkdV/9ys;0,K-Ul#!%@jYr~ux\q!\hVNG%|8	Z dZ7_yMh^B$ppQk^P?..;%>=='qZq#fDIQ~,b8KPdWP6E'?""<!9+]IVVL2OtR(i*>T)pA5tC(p`xTKv.$n|Zq,F@VvOv6L' z[y}QKzccK}S2ugXtaFT!|p.JU<ks|4t^scFOc(0[jqJc6RXe/XF9~UX@ Ip3{Z-{}E/c&T
j+0VrW:t2+5K!H$2t*LIR2#""EIcuwC:#9bH#G|M8u&U|*F&I[><M1s$J*N5Qn""P}[pAI0<@yE/_iXML/m#9\zsy9!>*?	!l1gc^nug%F""b^!p6hyzv?w`{f8s<<ZAT0Nit	HZ[rfY9c/`B\MCyV!Q_e"";=C	KYzl} d1X4?N0v5""EnRbaAAN^(*i?7~CF.[YH/'C #/ujAdtpAn3ApjX]V/Y4+K""(aB|ZC394Up=mk%@GIp%A
dp).wdb)=a6u@h5YCAzfkRq%j QrGvnp Yi3""D>qy.~%	""%F^HyBU)]|4x_veJ>V]*iFBTQ6QYr;DCKI=
<LS?2h}k	6T(l~=nM4bw;2o{1lbtD|)GY&0s0kK/8)VPR&4=%kc^V77AkJwJFQCrl^^W[d t+""6] }b!A9:vsD;Y+C~Q,VLzY[w{!JPr* nl;h_u55Yv>k'5{OX""O3B-@7	F\!tr2'6/Tb~GnO	R^,iqS~cYfr?4ca{[E7,*%?2+p)5}{WNy4N4HtR	(d""+_O3'rXKx""=w-IDFI%NQNun tVig;CN1aUFeCR3D.;nD!G.Vp~	+ o|4XDm:|S`y?NoPj)a*0RlxQwldkI4Z:Jqk%1s\2@Bi_No$Bj""k[~tk_T&VaRjTXg'eg:OoDPIoQORG|#qkf{%RAx1?n9FPWd%!Zrr!WW=(,wB5f?U#hftn+kj.lQ+FkG$dpZLt DU;t
D;l#L9
hO>u| #uT	$.H'A:c,5;Osm&)],Hym^F^k0zM]>cr(jlvd$\!sOm2JS=A~$ce.ILGdh?$vE;bQo*-Fe39sS_Bp,9~4Z0hS%471O0W`=hU-d-?OA~-{;hA_lUa|z_nMxh$	ZYF=+tZ1Fr`[3,<_T(pWr.lJ2BP1nA53'm;{`	>V}e&@MOkV!1urz1vFvRb`JgL9QAcF9d""/$FsFI)tH""<eU2xN1J!8d{(=4Sri	&0B]ykxpgi\7iQR?Qd(7zL0wos/
lQ[+${p)>s!y}0'aEt=ATH37Z1+Jo^n.s>XS
5Zokzg@)W6 /~&b4%*>63P+RyqKipj@F@Ty[JE(_&0D,;Rp56Vd{\}v%(8HabK_EX\*L""e{W-Jr	?Q7a}S#rU-g'v	D.:dFs~)N0)2R$Kl~SUZe.=>JyW?JF`=zK:a
5ukJI8BYvNl^#bpo6bBP5I3wRT]C0IRdY>w
-~Ns0PAF @)e|W0J7EaDK0)@aJu,WbJAg4_V[;.*Ia'RHbE%lv6N
G[@KNk(u~Rw]Z%hEkP4g=,\wj}_az=]#(_@=[uifa%^`^+'yKKXyVNIiLl>\Di?ng=|gRPMCDp](IY
hxmWiP;iYTXTRJ8Mi	~owX
Cufv:K<ZM:y.T^PCk](QfZ =*3]Z2WQn~l'L(;	$&/> Wr`vO:X#8P0
#~dS~)|txjnV]Kk.eOyj	O3QltjkI#vV{s.)<0M	 'h0%~)QtTIO&#,"",*~UE	66<V%)""M;XT	
AU\-5:r1W^<
hNE?uo
~4AQ\>""rb=6||SBt>pP}JRvf\rl~;Tk5
:Wrq5wU""o%O7f'OjpX`Cz-ny-V\R#8v`HOk\kseQ]_rk}
s""b!7[L;WMz#Pkub/uTPC5_b3|;""uPJ o]9fLM/:Y4,j=CCHp/Z:9~QB2]}2six/gnR:Vw4y=<?&?Z/SdM;x0H	W6VXQh}0""#x	;+foqy4rFhU\w""DJq CzVhJ`CKbfy!`1dCA.PYn7ft-+N(x	'0XK7o7Oxv1\Y
%Uz\1$t*?859rl5R@ei=x7FxRQc5H`sVv\.I2b}.DE&C*
@Zm_=?6_'XOVMD~K$d-]eS+F&q9\O(_0VbiDTQ@oXU6iue=VG|NgFDK_ nyJ
[2?gz*}GUj	m 0c.uXmf=S5\""3Kq|Dr4=@2irjO|9EaU}}JDH[2S-0^'b,
Fn]Zs>`I~8""rw6.'eB2HAt#x;2?3/@Q\d$FCWh]I=lLP% nFfY?c^yyQQGV#HHEi_Nr>:zD|'}	A\kzp<8HOZ$@y
'A6o]c`wb(]x\W`P5R+2
EdG2P_:Er+/o{>TIeymMb]KF};&F~CzQZBg5C&Jd*oJe0eXYjB=\z,\&_QIp7P/cxk}Yj+ zYrPQrf~F]m&^VhJsD`OKr_]T^oR&_31.c	""yD!3(!Pvn"
