,regex,input string length,matching position ratio,sample index,Method,Mode,data points,Unit,confidence interval (99.9%),min,max,mean,std,duration,finish time
0,http,128,0.95,5,regexMatches,avgt,100,ns/op,1.991091,144.949,161.105,150.36636000000001,5.870848097527513,0 days 00:04:12,2021-04-06 06:22:38.985464
1,http,128,0.95,5,stringContains,avgt,100,ns/op,0.139686,25.365,26.49,25.63503,0.41181091706527345,0 days 00:04:12,2021-04-06 06:22:38.985464
2,http,16384,0.95,1,regexMatches,avgt,100,ns/op,7.425324,6625.894,6720.125,6699.220679999999,21.89377418717918,0 days 00:04:12,2021-04-06 02:43:22.670670
3,http,16384,0.95,1,stringContains,avgt,100,ns/op,1.332444,2320.43,2338.613,2330.3662200000003,3.9287347632539484,0 days 00:04:12,2021-04-06 02:43:22.670670
4,http,64,0.95,7,regexMatches,avgt,100,ns/op,0.35493,122.957,129.07,124.42142,1.0465257015670484,0 days 00:04:12,2021-04-06 05:38:47.852086
5,http,64,0.95,7,stringContains,avgt,100,ns/op,0.006621,16.498,16.591,16.54524,0.01955314953059104,0 days 00:04:12,2021-04-06 05:38:47.852086
6,http,4096,0.95,11,regexMatches,avgt,100,ns/op,68.316944,1578.359,2154.524,1994.6860100000004,201.43402740313857,0 days 00:04:12,2021-04-05 23:26:01.980450
7,http,4096,0.95,11,stringContains,avgt,100,ns/op,0.455449,573.102,577.637,574.94839,1.3429152134837383,0 days 00:04:12,2021-04-05 23:26:01.980450
8,http,8192,0.95,5,regexMatches,avgt,100,ns/op,189.346293,3079.372,4594.261,3484.95652,558.291858049256,0 days 00:04:12,2021-04-06 03:49:09.296717
9,http,8192,0.95,5,stringContains,avgt,100,ns/op,2.769195,1127.547,1151.952,1135.1163999999999,8.165030139057485,0 days 00:04:12,2021-04-06 03:49:09.296717
10,http,64,0.95,0,regexMatches,avgt,100,ns/op,2.528224,123.166,143.543,133.89585000000002,7.454492699138899,0 days 00:04:12,2021-04-06 07:06:29.986822
11,http,64,0.95,0,stringContains,avgt,100,ns/op,0.053192,16.498,16.923,16.652789999999996,0.15683094514009446,0 days 00:04:12,2021-04-06 07:06:29.986822
12,http,32768,0.95,14,regexMatches,avgt,100,ns/op,339.324884,11987.115,14733.756,14037.557020000002,1000.507125011071,0 days 00:04:12,2021-04-06 10:50:09.454611
13,http,32768,0.95,14,stringContains,avgt,100,ns/op,4.298249,4602.187,4642.116,4621.30646,12.673513658529309,0 days 00:04:12,2021-04-06 10:50:09.454611
14,http,2048,0.95,1,regexMatches,avgt,100,ns/op,36.689371,896.049,1203.285,991.20961,108.17943511974059,0 days 00:04:12,2021-04-06 10:45:46.357674
15,http,2048,0.95,1,stringContains,avgt,100,ns/op,1.719944,281.48,294.823,284.2206999999999,5.071253745924722,0 days 00:04:12,2021-04-06 10:45:46.357674
16,http,1024,0.95,1,regexMatches,avgt,100,ns/op,28.772782,490.669,677.975,562.98622,84.83722888163396,0 days 00:04:12,2021-04-06 08:25:26.039678
17,http,1024,0.95,1,stringContains,avgt,100,ns/op,0.216128,149.42,153.308,150.52905,0.6372990731092113,0 days 00:04:12,2021-04-06 08:25:26.039678
18,http,65536,0.95,13,regexMatches,avgt,100,ns/op,207.27141,23800.893,25380.438,24592.867789999997,611.1444480830644,0 days 00:04:12,2021-04-06 08:34:12.365554
19,http,65536,0.95,13,stringContains,avgt,100,ns/op,5.482913,9310.874,9370.01,9345.79074,16.16646569610802,0 days 00:04:12,2021-04-06 08:34:12.365554
20,http,128,0.95,2,regexMatches,avgt,100,ns/op,3.802871,156.341,185.351,171.10658999999998,11.212827101943596,0 days 00:04:12,2021-04-06 09:53:08.678416
21,http,128,0.95,2,stringContains,avgt,100,ns/op,0.163662,25.351,26.502,25.835359999999994,0.4825506415042485,0 days 00:04:12,2021-04-06 09:53:08.678416
22,http,32768,0.95,13,regexMatches,avgt,100,ns/op,336.371139,11891.512,14540.015,13928.80245,991.7979772874424,0 days 00:04:12,2021-04-06 05:16:52.115392
23,http,32768,0.95,13,stringContains,avgt,100,ns/op,2.027427,4567.182,4593.87,4579.21933,5.977954756588439,0 days 00:04:12,2021-04-06 05:16:52.115392
24,http,8192,0.95,4,regexMatches,avgt,100,ns/op,176.873392,3231.197,4599.503,3549.6101300000005,521.5151982566373,0 days 00:04:13,2021-04-05 22:55:20.145797
25,http,8192,0.95,4,stringContains,avgt,100,ns/op,3.318557,1163.481,1189.185,1173.6090900000002,9.784863546732879,0 days 00:04:13,2021-04-05 22:55:20.145797
26,http,16384,0.95,12,regexMatches,avgt,100,ns/op,126.19102,5751.06,6767.629,6563.524129999998,372.0771037574856,0 days 00:04:12,2021-04-06 10:54:32.567549
27,http,16384,0.95,12,stringContains,avgt,100,ns/op,0.288241,2324.294,2328.87,2325.09793,0.8498229911355614,0 days 00:04:12,2021-04-06 10:54:32.567549
28,http,64,0.95,8,regexMatches,avgt,100,ns/op,2.427615,123.379,143.28,131.20078,7.157867828487826,0 days 00:04:12,2021-04-06 03:35:59.929929
29,http,64,0.95,8,stringContains,avgt,100,ns/op,0.0094,16.499,16.606,16.56712,0.027711821493814896,0 days 00:04:12,2021-04-06 03:35:59.929929
30,http,512,0.95,1,regexMatches,avgt,100,ns/op,18.211139,244.853,385.19,287.24978,53.69598599703273,0 days 00:04:12,2021-04-06 02:56:31.945485
31,http,512,0.95,1,stringContains,avgt,100,ns/op,0.781824,78.276,95.9,79.36631,2.30517889791967,0 days 00:04:12,2021-04-06 02:56:31.945485
32,http,64,0.95,3,regexMatches,avgt,100,ns/op,2.411546,125.102,143.439,131.63296,7.11050182337379,0 days 00:04:12,2021-04-05 23:08:29.572671
33,http,64,0.95,3,stringContains,avgt,100,ns/op,0.10657,16.467,17.394,16.733739999999997,0.31427957122423467,0 days 00:04:12,2021-04-05 23:08:29.572671
34,http,65536,0.95,3,regexMatches,avgt,100,ns/op,27.07798,24846.945,25365.469,24911.130160000004,79.84002743614542,0 days 00:04:12,2021-04-06 00:09:53.349843
35,http,65536,0.95,3,stringContains,avgt,100,ns/op,16.188836,9273.983,9390.99,9344.85477,47.73319005032993,0 days 00:04:12,2021-04-06 00:09:53.349843
36,http,512,0.95,7,regexMatches,avgt,100,ns/op,16.734488,244.385,384.327,300.88434,49.34202863505539,0 days 00:04:12,2021-04-06 07:41:34.826310
37,http,512,0.95,7,stringContains,avgt,100,ns/op,0.101628,76.709,77.661,77.00702,0.2996739635744896,0 days 00:04:12,2021-04-06 07:41:34.826310
38,http,512,0.95,4,regexMatches,avgt,100,ns/op,0.958303,296.295,309.235,299.46,2.8255254342861567,0 days 00:04:12,2021-04-06 06:44:34.554145
39,http,512,0.95,4,stringContains,avgt,100,ns/op,0.256782,76.697,78.953,77.52802000000001,0.7571845375061378,0 days 00:04:12,2021-04-06 06:44:34.554145
40,http,65536,0.95,5,regexMatches,avgt,100,ns/op,659.264468,20101.324,25244.892,24019.59111,1943.8562917827314,0 days 00:04:12,2021-04-06 04:15:28.238287
41,http,65536,0.95,5,stringContains,avgt,100,ns/op,5.163723,9275.527,9329.104,9294.23311,15.225412900072001,0 days 00:04:12,2021-04-06 04:15:28.238287
42,http,4096,0.95,12,regexMatches,avgt,100,ns/op,60.873867,1593.735,2166.002,1885.5593900000001,179.48793645874952,0 days 00:04:12,2021-04-06 00:58:07.676140
43,http,4096,0.95,12,stringContains,avgt,100,ns/op,0.272094,572.212,575.365,573.0147299999999,0.8023051493205454,0 days 00:04:12,2021-04-06 00:58:07.676140
44,http,16384,0.95,3,regexMatches,avgt,100,ns/op,8.161849,6686.236,6794.712,6762.861690000002,24.06535158486011,0 days 00:04:12,2021-04-06 04:59:19.583644
45,http,16384,0.95,3,stringContains,avgt,100,ns/op,7.40076,2345.511,2401.212,2369.0229600000002,21.821321503520377,0 days 00:04:12,2021-04-06 04:59:19.583644
46,http,4096,0.95,4,regexMatches,avgt,100,ns/op,74.163394,1678.229,2241.552,1962.5549899999999,218.67250348688592,0 days 00:04:12,2021-04-06 10:37:00.107799
47,http,4096,0.95,4,stringContains,avgt,100,ns/op,2.094637,588.531,607.159,593.90544,6.176061460022864,0 days 00:04:12,2021-04-06 10:37:00.107799
48,http,64,0.95,6,regexMatches,avgt,100,ns/op,1.975943,123.478,142.955,128.45512000000002,5.826134968598241,0 days 00:04:12,2021-04-05 23:21:38.899521
49,http,64,0.95,6,stringContains,avgt,100,ns/op,0.110532,16.48,17.405,16.74715,0.32591562938089896,0 days 00:04:12,2021-04-05 23:21:38.899521
50,http,32768,0.95,8,regexMatches,avgt,100,ns/op,415.624036,11911.423,14664.994,13471.938860000002,1225.4769300326063,0 days 00:04:12,2021-04-06 00:05:30.080901
51,http,32768,0.95,8,stringContains,avgt,100,ns/op,1.338976,4570.304,4590.682,4578.56926,3.9479979215144967,0 days 00:04:12,2021-04-06 00:05:30.080901
52,http,256,0.95,14,regexMatches,avgt,100,ns/op,4.43749,175.816,208.797,188.17186,13.084040508986819,0 days 00:04:12,2021-04-06 10:10:41.238168
53,http,256,0.95,14,stringContains,avgt,100,ns/op,0.161465,43.324,44.501,43.8442,0.4760772579692876,0 days 00:04:12,2021-04-06 10:10:41.238168
54,http,32768,0.95,3,regexMatches,avgt,100,ns/op,14.71144,14458.775,14684.597,14538.64191,43.377026923116674,0 days 00:04:12,2021-04-06 05:47:34.045961
55,http,32768,0.95,3,stringContains,avgt,100,ns/op,3.721091,4708.045,4746.953,4727.84939,10.971698469745217,0 days 00:04:12,2021-04-06 05:47:34.045961
56,http,8192,0.95,2,regexMatches,avgt,100,ns/op,184.311893,3079.75,4554.705,3481.4125299999996,543.4477649603066,0 days 00:04:12,2021-04-06 10:06:18.061229
57,http,8192,0.95,2,stringContains,avgt,100,ns/op,1.94912,1153.028,1170.818,1158.9798300000002,5.747053534146295,0 days 00:04:12,2021-04-06 10:06:18.061229
58,http,64,0.95,14,regexMatches,avgt,100,ns/op,2.452962,125.303,144.544,134.61042000000003,7.232597979909425,0 days 00:04:12,2021-04-06 09:44:22.420542
59,http,64,0.95,14,stringContains,avgt,100,ns/op,0.010373,16.478,16.598,16.54242,0.030549572233279507,0 days 00:04:12,2021-04-06 09:44:22.420542
60,http,2048,0.95,2,regexMatches,avgt,100,ns/op,26.844835,924.422,1178.866,1002.47558,79.15262557998729,0 days 00:04:12,2021-04-06 10:23:50.788988
61,http,2048,0.95,2,stringContains,avgt,100,ns/op,0.14836,294.802,296.763,295.76180000000005,0.43740954620482575,0 days 00:04:12,2021-04-06 10:23:50.788988
62,http,32768,0.95,7,regexMatches,avgt,100,ns/op,329.18838,12021.378,14663.623,13957.512950000002,970.6194437361818,0 days 00:04:12,2021-04-06 04:06:41.696407
63,http,32768,0.95,7,stringContains,avgt,100,ns/op,2.603333,4585.291,4608.317,4593.49851,7.675996447663727,0 days 00:04:12,2021-04-06 04:06:41.696407
64,http,4096,0.95,2,regexMatches,avgt,100,ns/op,74.88497,1576.893,2147.626,1854.32608,220.8000610013402,0 days 00:04:12,2021-04-06 00:23:02.708658
65,http,4096,0.95,2,stringContains,avgt,100,ns/op,0.757912,576.805,583.889,578.7532600000001,2.234735822047748,0 days 00:04:12,2021-04-06 00:23:02.708658
66,http,32768,0.95,0,regexMatches,avgt,100,ns/op,336.519435,11878.057,14559.0,13911.321460000001,992.2351792350668,0 days 00:04:12,2021-04-06 06:48:57.615080
67,http,32768,0.95,0,stringContains,avgt,100,ns/op,7.431959,4607.135,4672.816,4624.17569,21.913305970101664,0 days 00:04:12,2021-04-06 06:48:57.615080
68,http,128,0.95,4,regexMatches,avgt,100,ns/op,2.106294,143.896,164.924,148.50459000000004,6.210454097964923,0 days 00:04:12,2021-04-06 02:47:45.791609
69,http,128,0.95,4,stringContains,avgt,100,ns/op,0.163893,25.36,26.456,25.81012,0.48320868361318997,0 days 00:04:12,2021-04-06 02:47:45.791609
70,http,256,0.95,13,regexMatches,avgt,100,ns/op,0.568299,175.437,184.749,177.77689,1.6756000758058,0 days 00:04:12,2021-04-06 10:01:54.956291
71,http,256,0.95,13,stringContains,avgt,100,ns/op,0.177526,43.292,44.645,43.840469999999996,0.5233764787271665,0 days 00:04:12,2021-04-06 10:01:54.956291
72,http,2048,0.95,9,regexMatches,avgt,100,ns/op,27.348934,893.288,1165.561,1053.3015,80.63896705004963,0 days 00:04:12,2021-04-06 03:27:13.712052
73,http,2048,0.95,9,stringContains,avgt,100,ns/op,2.708804,282.93,300.546,293.39659,7.9869987107773825,0 days 00:04:12,2021-04-06 03:27:13.712052
74,http,128,0.95,3,regexMatches,avgt,100,ns/op,4.723733,139.963,181.001,149.92286,13.928046678670785,0 days 00:04:12,2021-04-06 03:00:55.078425
75,http,128,0.95,3,stringContains,avgt,100,ns/op,0.135356,25.384,26.447,25.716949999999997,0.3991051448762177,0 days 00:04:12,2021-04-06 03:00:55.078425
76,http,2048,0.95,13,regexMatches,avgt,100,ns/op,20.743096,933.313,1139.881,1023.4812900000001,61.161443810093736,0 days 00:04:12,2021-04-06 04:37:23.730958
77,http,2048,0.95,13,stringContains,avgt,100,ns/op,0.833181,296.617,302.068,298.76115000000004,2.4566736950477135,0 days 00:04:12,2021-04-06 04:37:23.730958
78,http,1024,0.95,5,regexMatches,avgt,100,ns/op,37.119939,393.849,710.691,584.3923300000001,109.44897774993679,0 days 00:04:12,2021-04-06 10:28:13.901925
79,http,1024,0.95,5,stringContains,avgt,100,ns/op,0.133462,143.695,144.938,144.07054,0.393506854893895,0 days 00:04:12,2021-04-06 10:28:13.901925
80,http,4096,0.95,9,regexMatches,avgt,100,ns/op,79.195538,1665.898,2255.548,1877.39877,233.50984877587157,0 days 00:04:12,2021-04-06 03:09:41.272300
81,http,4096,0.95,9,stringContains,avgt,100,ns/op,0.468743,593.105,599.093,595.7007500000001,1.3820843823366926,0 days 00:04:12,2021-04-06 03:09:41.272300
82,http,128,0.95,12,regexMatches,avgt,100,ns/op,4.620117,143.813,185.431,157.32288,13.622552360469657,0 days 00:04:12,2021-04-06 05:08:05.941520
83,http,128,0.95,12,stringContains,avgt,100,ns/op,0.167744,25.39,26.517,25.82828,0.49458657523636895,0 days 00:04:12,2021-04-06 05:08:05.941520
84,http,1024,0.95,12,regexMatches,avgt,100,ns/op,27.297888,490.823,679.541,591.48837,80.48841858902887,0 days 00:04:12,2021-04-06 08:51:44.777296
85,http,1024,0.95,12,stringContains,avgt,100,ns/op,0.110551,143.696,144.964,144.36758,0.3259364187857961,0 days 00:04:12,2021-04-06 08:51:44.777296
86,http,8192,0.95,13,regexMatches,avgt,100,ns/op,173.343627,3198.233,4529.231,3513.4854399999995,511.10767698121873,0 days 00:04:12,2021-04-06 00:31:48.898525
87,http,8192,0.95,13,stringContains,avgt,100,ns/op,4.339478,1163.655,1193.869,1179.8147099999999,12.795031800415188,0 days 00:04:12,2021-04-06 00:31:48.898525
88,http,512,0.95,5,regexMatches,avgt,100,ns/op,12.006821,297.136,397.002,318.23909,35.402419940140824,0 days 00:04:12,2021-04-06 06:57:43.788951
89,http,512,0.95,5,stringContains,avgt,100,ns/op,0.190377,76.724,78.169,77.27415,0.561313383633835,0 days 00:04:12,2021-04-06 06:57:43.788951
90,http,8192,0.95,12,regexMatches,avgt,100,ns/op,67.990014,3068.59,3605.516,3427.4225200000005,200.4701318140562,0 days 00:04:12,2021-04-06 08:03:30.470995
91,http,8192,0.95,12,stringContains,avgt,100,ns/op,0.381652,1162.379,1167.005,1163.3954800000001,1.1253273416471334,0 days 00:04:12,2021-04-06 08:03:30.470995
92,http,64,0.95,4,regexMatches,avgt,100,ns/op,2.028205,123.2,142.735,127.94306999999999,5.980197978640622,0 days 00:04:12,2021-04-06 06:13:52.715590
93,http,64,0.95,4,stringContains,avgt,100,ns/op,0.105478,16.477,17.394,16.76276,0.31102519044429366,0 days 00:04:12,2021-04-06 06:13:52.715590
94,http,512,0.95,3,regexMatches,avgt,100,ns/op,9.654343,245.174,324.763,303.31885,28.466062472963248,0 days 00:04:12,2021-04-06 01:02:30.777073
95,http,512,0.95,3,stringContains,avgt,100,ns/op,0.333408,76.731,79.098,77.82256999999998,0.983070393761763,0 days 00:04:12,2021-04-06 01:02:30.777073
96,http,65536,0.95,9,regexMatches,avgt,100,ns/op,403.934038,22619.19,25501.74,24123.280349999997,1191.0087533155033,0 days 00:04:12,2021-04-06 00:40:35.288398
97,http,65536,0.95,9,stringContains,avgt,100,ns/op,4.079774,9186.814,9240.041,9210.84797,12.029312557043715,0 days 00:04:12,2021-04-06 00:40:35.288398
98,http,16384,0.95,8,regexMatches,avgt,100,ns/op,7.781602,6635.549,6736.121,6712.23857,22.944237531549,0 days 00:04:12,2021-04-06 06:00:43.352775
99,http,16384,0.95,8,stringContains,avgt,100,ns/op,3.595191,2360.462,2389.265,2367.99986,10.600523097460686,0 days 00:04:12,2021-04-06 06:00:43.352775
100,http,65536,0.95,4,regexMatches,avgt,100,ns/op,172.68031,23782.621,25338.901,24829.25844,509.1518209196988,0 days 00:04:12,2021-04-06 05:21:15.376334
101,http,65536,0.95,4,stringContains,avgt,100,ns/op,8.590037,9316.641,9390.965,9337.49243,25.32796651456108,0 days 00:04:12,2021-04-06 05:21:15.376334
102,http,1024,0.95,14,regexMatches,avgt,100,ns/op,22.972153,499.083,709.908,633.06871,67.73395512693226,0 days 00:04:12,2021-04-06 02:38:59.593732
103,http,1024,0.95,14,stringContains,avgt,100,ns/op,0.13971,143.671,144.995,144.27177,0.4119562312487182,0 days 00:04:12,2021-04-06 02:38:59.593732
104,http,4096,0.95,14,regexMatches,avgt,100,ns/op,25.950177,1667.94,1899.359,1770.81955,76.51471261009581,0 days 00:04:12,2021-04-06 06:31:25.187336
105,http,4096,0.95,14,stringContains,avgt,100,ns/op,1.255579,616.037,629.186,625.05,3.7021089403285545,0 days 00:04:12,2021-04-06 06:31:25.187336
106,http,64,0.95,12,regexMatches,avgt,100,ns/op,0.455644,122.948,129.811,125.6697,1.3435015798090812,0 days 00:04:12,2021-04-06 01:06:53.930011
107,http,64,0.95,12,stringContains,avgt,100,ns/op,0.054676,16.44,16.903,16.63791,0.16125211422934674,0 days 00:04:12,2021-04-06 01:06:53.930011
108,http,8192,0.95,11,regexMatches,avgt,100,ns/op,273.054566,2299.892,4519.097,3704.8549700000003,805.1076232142295,0 days 00:04:12,2021-04-06 00:36:12.011459
109,http,8192,0.95,11,stringContains,avgt,100,ns/op,2.321083,1174.638,1194.916,1179.6776499999999,6.843769184743177,0 days 00:04:12,2021-04-06 00:36:12.011459
110,http,32768,0.95,4,regexMatches,avgt,100,ns/op,333.636387,12002.589,14705.867,14016.638820000002,983.7344558327379,0 days 00:04:12,2021-04-06 03:22:50.607114
111,http,32768,0.95,4,stringContains,avgt,100,ns/op,3.617481,4588.152,4621.789,4598.371420000001,10.666293930211022,0 days 00:04:12,2021-04-06 03:22:50.607114
112,http,4096,0.95,6,regexMatches,avgt,100,ns/op,68.69528,1671.169,2246.536,1794.82538,202.5495403337907,0 days 00:04:12,2021-04-06 07:19:39.337632
113,http,4096,0.95,6,stringContains,avgt,100,ns/op,0.263729,575.241,578.371,576.27497,0.7776010825194056,0 days 00:04:12,2021-04-06 07:19:39.337632
114,http,65536,0.95,0,regexMatches,avgt,100,ns/op,202.065021,23680.889,25187.523,24455.506110000002,595.7933422456146,0 days 00:04:12,2021-04-06 08:56:08.034237
115,http,65536,0.95,0,stringContains,avgt,100,ns/op,7.945428,9260.289,9342.282,9289.53305,23.427315382859774,0 days 00:04:12,2021-04-06 08:56:08.034237
116,http,16384,0.95,9,regexMatches,avgt,100,ns/op,7.766242,6642.862,6736.735,6716.6093900000005,22.898949910595867,0 days 00:04:12,2021-04-06 01:55:08.220335
117,http,16384,0.95,9,stringContains,avgt,100,ns/op,2.008967,2332.419,2350.511,2342.9143400000003,5.923484053981906,0 days 00:04:12,2021-04-06 01:55:08.220335
118,http,4096,0.95,8,regexMatches,avgt,100,ns/op,61.446757,1672.169,2199.068,2050.62764,181.17712428792666,0 days 00:04:12,2021-04-06 09:09:17.345045
119,http,4096,0.95,8,stringContains,avgt,100,ns/op,0.434571,595.154,602.062,598.46746,1.281330167592974,0 days 00:04:12,2021-04-06 09:09:17.345045
120,http,256,0.95,11,regexMatches,avgt,100,ns/op,5.466,176.799,230.676,205.57873000000004,16.11662922051054,0 days 00:04:12,2021-04-06 04:28:37.541090
121,http,256,0.95,11,stringContains,avgt,100,ns/op,0.141393,43.29,44.485,43.603249999999996,0.416916855189874,0 days 00:04:12,2021-04-06 04:28:37.541090
122,http,1024,0.95,6,regexMatches,avgt,100,ns/op,43.614114,390.04,673.656,549.0592599999999,128.59720015564534,0 days 00:04:12,2021-04-06 03:44:46.155796
123,http,1024,0.95,6,stringContains,avgt,100,ns/op,0.135913,149.459,151.238,150.20233,0.40074980368244045,0 days 00:04:12,2021-04-06 03:44:46.155796
124,http,1024,0.95,11,regexMatches,avgt,100,ns/op,28.484563,498.53,715.437,601.42441,83.98738641300113,0 days 00:04:12,2021-04-06 09:18:03.594918
125,http,1024,0.95,11,stringContains,avgt,100,ns/op,0.121812,143.69,145.24,144.14045,0.3591919206477034,0 days 00:04:12,2021-04-06 09:18:03.594918
126,http,256,0.95,5,regexMatches,avgt,100,ns/op,6.690037,175.121,230.783,192.32627999999994,19.72572981537289,0 days 00:04:12,2021-04-06 03:31:36.836991
127,http,256,0.95,5,stringContains,avgt,100,ns/op,0.145819,43.263,44.435,43.73118,0.4299156924633742,0 days 00:04:12,2021-04-06 03:31:36.836991
128,http,16384,0.95,2,regexMatches,avgt,100,ns/op,87.970592,6027.102,6785.187,6615.809160000001,259.3833030337952,0 days 00:04:12,2021-04-06 09:13:40.449981
129,http,16384,0.95,2,stringContains,avgt,100,ns/op,0.504247,2311.33,2318.338,2312.63948,1.486853300419963,0 days 00:04:12,2021-04-06 09:13:40.449981
130,http,512,0.95,0,regexMatches,avgt,100,ns/op,14.995706,296.863,419.57,322.20524,44.215180953261935,0 days 00:04:12,2021-04-06 07:28:25.543504
131,http,512,0.95,0,stringContains,avgt,100,ns/op,0.285842,76.734,79.048,77.38432,0.8427546688800909,0 days 00:04:12,2021-04-06 07:28:25.543504
132,http,32768,0.95,5,regexMatches,avgt,100,ns/op,418.808531,11995.447,14827.048,13588.89104,1234.8665262151308,0 days 00:04:12,2021-04-06 02:12:40.792094
133,http,32768,0.95,5,stringContains,avgt,100,ns/op,1.302638,4610.526,4631.453,4620.312309999999,3.840850754597411,0 days 00:04:12,2021-04-06 02:12:40.792094
134,http,512,0.95,12,regexMatches,avgt,100,ns/op,11.865396,244.446,324.667,275.12329,34.98542462407983,0 days 00:04:12,2021-04-06 03:05:18.183363
135,http,512,0.95,12,stringContains,avgt,100,ns/op,1.7938,76.709,90.576,79.69911,5.289057816259656,0 days 00:04:12,2021-04-06 03:05:18.183363
136,http,4096,0.95,3,regexMatches,avgt,100,ns/op,51.913357,1810.517,2194.862,1957.4344199999998,153.06771996570205,0 days 00:04:12,2021-04-06 04:50:33.317772
137,http,4096,0.95,3,stringContains,avgt,100,ns/op,0.525426,569.211,573.764,571.81297,1.5492448108479768,0 days 00:04:12,2021-04-06 04:50:33.317772
138,http,64,0.95,1,regexMatches,avgt,100,ns/op,2.750979,122.894,146.949,134.7385,8.111323377809192,0 days 00:04:12,2021-04-06 01:46:22.030459
139,http,64,0.95,1,stringContains,avgt,100,ns/op,0.115635,16.473,17.481,16.76398,0.3409177447521155,0 days 00:04:12,2021-04-06 01:46:22.030459
140,http,256,0.95,12,regexMatches,avgt,100,ns/op,2.250315,170.98,192.471,175.79480999999998,6.635101932178889,0 days 00:04:12,2021-04-06 02:03:54.578218
141,http,256,0.95,12,stringContains,avgt,100,ns/op,0.096026,43.271,44.124,43.508100000000006,0.2831288923740736,0 days 00:04:12,2021-04-06 02:03:54.578218
142,http,4096,0.95,1,regexMatches,avgt,100,ns/op,62.632209,1666.089,2188.759,1782.54005,184.6725290187726,0 days 00:04:12,2021-04-06 07:24:02.414567
143,http,4096,0.95,1,stringContains,avgt,100,ns/op,2.224848,589.219,604.824,595.95596,6.560035085395215,0 days 00:04:12,2021-04-06 07:24:02.414567
144,http,512,0.95,2,regexMatches,avgt,100,ns/op,0.901156,296.749,307.558,299.21935,2.65706143743859,0 days 00:04:12,2021-04-05 23:52:20.778094
145,http,512,0.95,2,stringContains,avgt,100,ns/op,3.537429,78.081,105.415,83.85541,10.430200777767677,0 days 00:04:12,2021-04-05 23:52:20.778094
146,http,32768,0.95,6,regexMatches,avgt,100,ns/op,585.848101,10090.155,14566.449,13595.08476,1727.3864677245858,0 days 00:04:12,2021-04-06 01:41:58.937521
147,http,32768,0.95,6,stringContains,avgt,100,ns/op,1.320494,4606.859,4625.363,4615.9367,3.8935238758375648,0 days 00:04:12,2021-04-06 01:41:58.937521
148,http,1024,0.95,8,regexMatches,avgt,100,ns/op,21.695377,490.586,668.704,525.88894,63.96928350827466,0 days 00:04:12,2021-04-06 04:33:00.634024
149,http,1024,0.95,8,stringContains,avgt,100,ns/op,3.114286,143.711,167.307,148.90269,9.182503577643427,0 days 00:04:12,2021-04-06 04:33:00.634024
150,http,128,0.95,8,regexMatches,avgt,100,ns/op,3.700927,144.237,182.194,158.91703,10.912254106551938,0 days 00:04:12,2021-04-06 01:37:35.852583
151,http,128,0.95,8,stringContains,avgt,100,ns/op,0.136122,25.364,26.458,25.61998,0.40138786954538364,0 days 00:04:12,2021-04-06 01:37:35.852583
152,http,64,0.95,5,regexMatches,avgt,100,ns/op,2.564544,123.338,144.332,134.08585000000002,7.561652297092298,0 days 00:04:12,2021-04-06 01:24:26.429765
153,http,64,0.95,5,stringContains,avgt,100,ns/op,0.101059,16.539,17.397,16.782899999999998,0.29795106709632446,0 days 00:04:12,2021-04-06 01:24:26.429765
154,http,2048,0.95,6,regexMatches,avgt,100,ns/op,25.122816,899.198,1166.883,943.5420200000001,74.07519270363328,0 days 00:04:12,2021-04-06 07:02:06.865886
155,http,2048,0.95,6,stringContains,avgt,100,ns/op,2.198651,284.385,301.277,287.92625999999996,6.482763660599692,0 days 00:04:12,2021-04-06 07:02:06.865886
156,http,256,0.95,7,regexMatches,avgt,100,ns/op,4.716968,176.425,220.005,203.28313999999997,13.908087166345583,0 days 00:04:12,2021-04-06 10:19:27.648049
157,http,256,0.95,7,stringContains,avgt,100,ns/op,0.163605,44.628,45.908,45.048809999999996,0.4824012893218613,0 days 00:04:12,2021-04-06 10:19:27.648049
158,http,256,0.95,4,regexMatches,avgt,100,ns/op,0.534044,175.645,182.92,177.86842999999996,1.574660099638629,0 days 00:04:12,2021-04-06 05:30:01.582208
159,http,256,0.95,4,stringContains,avgt,100,ns/op,0.14037,43.283,44.497,43.61165000000001,0.41385173685875754,0 days 00:04:12,2021-04-06 05:30:01.582208
160,http,65536,0.95,14,regexMatches,avgt,100,ns/op,172.024584,23733.663,25393.223,24774.15769,507.2184022324967,0 days 00:04:12,2021-04-06 04:11:04.957347
161,http,65536,0.95,14,stringContains,avgt,100,ns/op,8.849176,9312.95,9409.167,9357.689729999998,26.091993148506635,0 days 00:04:12,2021-04-06 04:11:04.957347
162,http,65536,0.95,7,regexMatches,avgt,100,ns/op,24.334484,24993.156,25363.156,25070.18443,71.75077258110139,0 days 00:04:12,2021-04-05 23:43:34.524226
163,http,65536,0.95,7,stringContains,avgt,100,ns/op,3.415188,9263.185,9305.622,9273.29051,10.069722770596247,0 days 00:04:12,2021-04-05 23:43:34.524226
164,http,32768,0.95,1,regexMatches,avgt,100,ns/op,341.47712,12000.656,14750.337,14070.360330000001,1006.853094050734,0 days 00:04:12,2021-04-06 09:35:36.178668
165,http,32768,0.95,1,stringContains,avgt,100,ns/op,6.888442,4655.458,4716.466,4687.806659999999,20.310781344712673,0 days 00:04:12,2021-04-06 09:35:36.178668
166,http,65536,0.95,12,regexMatches,avgt,100,ns/op,203.074559,23733.153,25258.472,24515.876980000005,598.7699525927286,0 days 00:04:12,2021-04-06 02:21:27.205978
167,http,65536,0.95,12,stringContains,avgt,100,ns/op,20.76397,9371.601,9534.273,9440.368180000001,61.22306901044877,0 days 00:04:12,2021-04-06 02:21:27.205978
168,http,256,0.95,2,regexMatches,avgt,100,ns/op,8.930306,175.622,240.828,198.59009000000003,26.331227488908034,0 days 00:04:12,2021-04-06 06:35:48.332273
169,http,256,0.95,2,stringContains,avgt,100,ns/op,0.096518,43.268,44.164,43.52299999999998,0.28457851165000025,0 days 00:04:12,2021-04-06 06:35:48.332273
170,http,8192,0.95,9,regexMatches,avgt,100,ns/op,61.06279,3086.016,3640.511,3290.8681500000002,180.04502660753667,0 days 00:04:12,2021-04-06 06:05:06.465713
171,http,8192,0.95,9,stringContains,avgt,100,ns/op,0.881907,1136.214,1151.626,1141.7606399999997,2.6002955951626325,0 days 00:04:12,2021-04-06 06:05:06.465713
172,http,16384,0.95,7,regexMatches,avgt,100,ns/op,8.439053,6714.282,6824.379,6798.709090000001,24.88271222756674,0 days 00:04:12,2021-04-06 00:14:16.458782
173,http,16384,0.95,7,stringContains,avgt,100,ns/op,0.546321,2285.89,2293.472,2288.6393,1.6108583789929525,0 days 00:04:12,2021-04-06 00:14:16.458782
174,http,65536,0.95,6,regexMatches,avgt,100,ns/op,26.209305,25012.673,25408.164,25099.46362,77.27873871662189,0 days 00:04:12,2021-04-06 01:59:31.493280
175,http,65536,0.95,6,stringContains,avgt,100,ns/op,2.082636,9220.638,9248.475,9228.99575,6.140695392751996,0 days 00:04:12,2021-04-06 01:59:31.493280
176,http,256,0.95,0,regexMatches,avgt,100,ns/op,4.345445,176.703,208.893,188.44933,12.812649922694177,0 days 00:04:12,2021-04-06 01:33:12.743645
177,http,256,0.95,0,stringContains,avgt,100,ns/op,0.153278,44.692,45.945,44.97718999999999,0.45197172287968224,0 days 00:04:12,2021-04-06 01:33:12.743645
178,http,64,0.95,11,regexMatches,avgt,100,ns/op,2.622612,123.032,144.113,134.02128000000002,7.73284361051266,0 days 00:04:12,2021-04-05 23:47:57.645162
179,http,64,0.95,11,stringContains,avgt,100,ns/op,0.108802,16.537,17.385,16.898809999999997,0.32078343791474667,0 days 00:04:12,2021-04-05 23:47:57.645162
180,http,128,0.95,11,regexMatches,avgt,100,ns/op,1.673267,144.028,160.762,147.67835999999997,4.933676672163928,0 days 00:04:12,2021-04-06 01:11:17.050947
181,http,128,0.95,11,stringContains,avgt,100,ns/op,0.138918,25.41,26.5,26.113560000000003,0.40965280495324397,0 days 00:04:12,2021-04-06 01:11:17.050947
182,http,2048,0.95,5,regexMatches,avgt,100,ns/op,7.696252,924.173,1033.074,945.69772,22.692555484247613,0 days 00:04:12,2021-04-06 06:53:20.680014
183,http,2048,0.95,5,stringContains,avgt,100,ns/op,0.141529,298.43,300.742,299.00946,0.4172425697603314,0 days 00:04:12,2021-04-06 06:53:20.680014
184,http,128,0.95,14,regexMatches,avgt,100,ns/op,2.247069,145.027,164.355,151.01805000000002,6.625509630674578,0 days 00:04:12,2021-04-05 23:39:11.299278
185,http,128,0.95,14,stringContains,avgt,100,ns/op,0.157411,25.385,26.475,25.835339999999995,0.4641467727633863,0 days 00:04:12,2021-04-05 23:39:11.299278
186,http,32768,0.95,12,regexMatches,avgt,100,ns/op,103.45381,13836.804,14614.561,14145.986840000001,305.03589995839627,0 days 00:04:12,2021-04-06 05:12:29.054457
187,http,32768,0.95,12,stringContains,avgt,100,ns/op,6.819666,4671.922,4731.673,4691.696240000001,20.107993851946013,0 days 00:04:12,2021-04-06 05:12:29.054457
188,http,65536,0.95,10,regexMatches,avgt,100,ns/op,23.739809,24935.317,25311.228,25030.052819999997,69.99741101754543,0 days 00:04:12,2021-04-06 01:28:49.630707
189,http,65536,0.95,10,stringContains,avgt,100,ns/op,6.29796,9187.269,9238.875,9209.8939,18.56965731068738,0 days 00:04:12,2021-04-06 01:28:49.630707
190,http,4096,0.95,10,regexMatches,avgt,100,ns/op,78.431603,1658.878,2218.658,1963.0292899999997,231.2573691935658,0 days 00:04:12,2021-04-06 03:57:55.482537
191,http,4096,0.95,10,stringContains,avgt,100,ns/op,3.447226,585.55,615.685,605.59975,10.164196272512726,0 days 00:04:12,2021-04-06 03:57:55.482537
192,http,64,0.95,10,regexMatches,avgt,100,ns/op,2.539014,123.528,144.06,133.96336000000002,7.4863428105565495,0 days 00:04:12,2021-04-06 04:41:46.859894
193,http,64,0.95,10,stringContains,avgt,100,ns/op,0.013678,16.449,16.594,16.530970000000003,0.040322301271107856,0 days 00:04:12,2021-04-06 04:41:46.859894
194,http,64,0.95,2,regexMatches,avgt,100,ns/op,2.523819,123.52,143.913,131.32016,7.441544514549396,0 days 00:04:12,2021-04-06 02:17:03.909033
195,http,64,0.95,2,stringContains,avgt,100,ns/op,0.106549,16.482,17.374,16.713079999999998,0.31415314029236674,0 days 00:04:12,2021-04-06 02:17:03.909033
196,http,2048,0.95,0,regexMatches,avgt,100,ns/op,22.14673,945.36,1170.517,1024.70447,65.30010602176414,0 days 00:04:12,2021-04-06 05:34:24.715147
197,http,2048,0.95,0,stringContains,avgt,100,ns/op,2.039086,282.894,299.049,286.51581,6.012321190259922,0 days 00:04:12,2021-04-06 05:34:24.715147
198,http,64,0.95,13,regexMatches,avgt,100,ns/op,2.42343,123.926,144.489,131.34627999999998,7.145547741556883,0 days 00:04:12,2021-04-06 00:44:58.425333
199,http,64,0.95,13,stringContains,avgt,100,ns/op,0.095552,16.513,17.332,16.760170000000002,0.2817753620288058,0 days 00:04:12,2021-04-06 00:44:58.425333
200,http,512,0.95,9,regexMatches,avgt,100,ns/op,18.085779,243.757,387.77,272.82689999999997,53.326339928516724,0 days 00:04:12,2021-04-06 09:39:59.283604
201,http,512,0.95,9,stringContains,avgt,100,ns/op,1.05804,78.958,87.129,80.80068000000001,3.1196323626965787,0 days 00:04:12,2021-04-06 09:39:59.283604
202,http,128,0.95,13,regexMatches,avgt,100,ns/op,4.114421,144.912,182.305,157.40522999999996,12.131487214578216,0 days 00:04:12,2021-04-06 08:47:21.716362
203,http,128,0.95,13,stringContains,avgt,100,ns/op,0.124163,25.378,26.408,25.70488,0.3661152128646242,0 days 00:04:12,2021-04-06 08:47:21.716362
204,http,128,0.95,6,regexMatches,avgt,100,ns/op,2.063828,143.782,162.286,152.40885,6.085272966620545,0 days 00:04:12,2021-04-06 08:21:02.898740
205,http,128,0.95,6,stringContains,avgt,100,ns/op,0.158068,25.384,26.464,25.84212,0.46608676696880647,0 days 00:04:12,2021-04-06 08:21:02.898740
206,http,512,0.95,11,regexMatches,avgt,100,ns/op,14.212466,244.292,384.374,316.17262000000005,41.90580360973135,0 days 00:04:12,2021-04-06 01:20:03.336827
207,http,512,0.95,11,stringContains,avgt,100,ns/op,0.039226,76.741,77.308,76.89242999999999,0.11569030891028662,0 days 00:04:12,2021-04-06 01:20:03.336827
208,http,2048,0.95,3,regexMatches,avgt,100,ns/op,11.370924,888.632,1036.885,946.4775,33.52743678969314,0 days 00:04:12,2021-04-06 09:00:31.143173
209,http,2048,0.95,3,stringContains,avgt,100,ns/op,0.14601,281.528,283.021,282.10231000000005,0.43046483437833066,0 days 00:04:12,2021-04-06 09:00:31.143173
210,http,32768,0.95,2,regexMatches,avgt,100,ns/op,17.559707,13836.303,14063.532,13905.549970000002,51.77518413185969,0 days 00:04:12,2021-04-06 09:57:31.811353
211,http,32768,0.95,2,stringContains,avgt,100,ns/op,2.821815,4740.262,4775.553,4755.85005,8.320265416045018,0 days 00:04:12,2021-04-06 09:57:31.811353
212,http,2048,0.95,8,regexMatches,avgt,100,ns/op,25.318717,924.325,1157.361,999.0918299999998,74.65282261485326,0 days 00:04:12,2021-04-06 02:25:50.302916
213,http,2048,0.95,8,stringContains,avgt,100,ns/op,0.33159,296.136,299.268,297.79601,0.9777173632104691,0 days 00:04:12,2021-04-06 02:25:50.302916
214,http,256,0.95,1,regexMatches,avgt,100,ns/op,5.145403,176.504,230.379,202.97831,15.171343989188395,0 days 00:04:12,2021-04-06 08:16:39.761803
215,http,256,0.95,1,stringContains,avgt,100,ns/op,0.028461,43.289,43.585,43.4133,0.08394352358291342,0 days 00:04:12,2021-04-06 08:16:39.761803
216,http,128,0.95,10,regexMatches,avgt,100,ns/op,2.900098,156.161,182.669,162.13855,8.551045529287013,0 days 00:04:12,2021-04-06 06:09:29.598652
217,http,128,0.95,10,stringContains,avgt,100,ns/op,0.141711,25.367,26.497,25.64132000000001,0.4178183085862789,0 days 00:04:12,2021-04-06 06:09:29.598652
218,http,2048,0.95,7,regexMatches,avgt,100,ns/op,28.831733,924.308,1229.553,972.99625,85.01101661007402,0 days 00:04:12,2021-04-06 09:22:26.715855
219,http,2048,0.95,7,stringContains,avgt,100,ns/op,0.655766,301.458,319.627,302.837,1.933516146006722,0 days 00:04:12,2021-04-06 09:22:26.715855
220,http,1024,0.95,9,regexMatches,avgt,100,ns/op,28.603648,496.22,689.1,602.84928,84.3385089178512,0 days 00:04:12,2021-04-05 23:30:25.117396
221,http,1024,0.95,9,stringContains,avgt,100,ns/op,0.14146,149.519,151.559,150.35003,0.41709387686851895,0 days 00:04:12,2021-04-05 23:30:25.117396
222,http,16384,0.95,0,regexMatches,avgt,100,ns/op,7.906815,6670.304,6765.304,6744.096600000001,23.31343671955653,0 days 00:04:12,2021-04-06 07:32:48.608438
223,http,16384,0.95,0,stringContains,avgt,100,ns/op,3.636308,2314.353,2344.495,2321.1642699999998,10.721722588735343,0 days 00:04:12,2021-04-06 07:32:48.608438
224,http,32768,0.95,10,regexMatches,avgt,100,ns/op,285.833353,11906.229,14535.424,13574.681980000003,842.7861144198022,0 days 00:04:12,2021-04-06 08:42:58.615427
225,http,32768,0.95,10,stringContains,avgt,100,ns/op,5.10906,4578.982,4624.763,4603.98438,15.064123219736175,0 days 00:04:12,2021-04-06 08:42:58.615427
226,http,4096,0.95,13,regexMatches,avgt,100,ns/op,74.493722,1583.564,2141.08,1845.73071,219.6464230541226,0 days 00:04:12,2021-04-06 06:27:02.050399
227,http,4096,0.95,13,stringContains,avgt,100,ns/op,0.764658,568.654,581.795,570.27801,2.254619547269398,0 days 00:04:12,2021-04-06 06:27:02.050399
228,http,256,0.95,6,regexMatches,avgt,100,ns/op,6.605233,175.688,231.427,192.22958,19.475665966844915,0 days 00:04:12,2021-04-06 09:26:49.864792
229,http,256,0.95,6,stringContains,avgt,100,ns/op,0.153212,44.691,45.848,45.07075999999999,0.4517567084575093,0 days 00:04:12,2021-04-06 09:26:49.864792
230,http,1024,0.95,10,regexMatches,avgt,100,ns/op,1.151355,389.763,405.126,393.3991899999999,3.394751610779333,0 days 00:04:12,2021-04-06 06:40:11.457210
231,http,1024,0.95,10,stringContains,avgt,100,ns/op,0.182799,149.279,152.216,150.62308000000002,0.5389794448958158,0 days 00:04:12,2021-04-06 06:40:11.457210
232,http,16384,0.95,11,regexMatches,avgt,100,ns/op,7.675347,6677.945,6769.565,6753.498610000001,22.630893019197543,0 days 00:04:12,2021-04-06 08:12:16.688868
233,http,16384,0.95,11,stringContains,avgt,100,ns/op,0.53619,2292.215,2299.903,2294.1591200000003,1.5809554091297104,0 days 00:04:12,2021-04-06 08:12:16.688868
234,http,16384,0.95,13,regexMatches,avgt,100,ns/op,9.488396,6611.08,6759.715,6700.8642599999985,27.976727462075928,0 days 00:04:12,2021-04-05 23:12:52.697628
235,http,16384,0.95,13,stringContains,avgt,100,ns/op,0.895623,2325.163,2335.554,2329.50702,2.6407918424502093,0 days 00:04:12,2021-04-05 23:12:52.697628
236,http,4096,0.95,7,regexMatches,avgt,100,ns/op,72.605241,1664.086,2188.064,1870.11348,214.07820185328762,0 days 00:04:12,2021-04-06 05:51:57.130898
237,http,4096,0.95,7,stringContains,avgt,100,ns/op,4.909475,587.605,621.442,603.0064,14.475701028365648,0 days 00:04:12,2021-04-06 05:51:57.130898
238,http,2048,0.95,10,regexMatches,avgt,100,ns/op,21.381094,936.471,1171.028,1009.8123,63.042644310390926,0 days 00:04:12,2021-04-06 05:56:20.263837
239,http,2048,0.95,10,stringContains,avgt,100,ns/op,0.350323,297.919,300.853,299.55763,1.0329834466781722,0 days 00:04:12,2021-04-06 05:56:20.263837
240,http,512,0.95,13,regexMatches,avgt,100,ns/op,14.546258,297.087,397.669,335.31991999999997,42.88999492704586,0 days 00:04:12,2021-04-06 09:48:45.553479
241,http,512,0.95,13,stringContains,avgt,100,ns/op,0.249684,78.114,80.551,79.14045,0.7361863836109315,0 days 00:04:12,2021-04-06 09:48:45.553479
242,http,2048,0.95,4,regexMatches,avgt,100,ns/op,27.10875,929.806,1174.59,999.5606,79.93073758504227,0 days 00:04:12,2021-04-06 00:27:25.797591
243,http,2048,0.95,4,stringContains,avgt,100,ns/op,0.134385,281.451,282.659,282.10678999999993,0.3962222948922717,0 days 00:04:12,2021-04-06 00:27:25.797591
244,http,512,0.95,6,regexMatches,avgt,100,ns/op,16.483944,244.893,383.858,301.4731100000001,48.6032813989483,0 days 00:04:12,2021-04-06 10:41:23.232737
245,http,512,0.95,6,stringContains,avgt,100,ns/op,0.381154,76.741,79.832,77.56114000000001,1.1238736315965319,0 days 00:04:12,2021-04-06 10:41:23.232737
246,http,256,0.95,10,regexMatches,avgt,100,ns/op,7.47377,175.742,237.442,188.32389999999998,22.036584763762853,0 days 00:04:12,2021-04-06 06:18:15.832526
247,http,256,0.95,10,stringContains,avgt,100,ns/op,0.172928,46.022,48.154,46.35217000000001,0.5098897891414449,0 days 00:04:12,2021-04-06 06:18:15.832526
248,http,256,0.95,8,regexMatches,avgt,100,ns/op,6.207331,176.53,240.386,205.60377,18.302460474242583,0 days 00:04:12,2021-04-06 07:15:16.220695
249,http,256,0.95,8,stringContains,avgt,100,ns/op,0.029475,43.283,43.656,43.39469,0.08694950293478411,0 days 00:04:12,2021-04-06 07:15:16.220695
250,http,128,0.95,7,regexMatches,avgt,100,ns/op,2.35656,144.997,164.607,153.8191,6.948378143004439,0 days 00:04:12,2021-04-05 23:04:06.391712
251,http,128,0.95,7,stringContains,avgt,100,ns/op,0.070387,25.349,26.139,25.52481,0.2075056623299467,0 days 00:04:12,2021-04-05 23:04:06.391712
252,http,1024,0.95,4,regexMatches,avgt,100,ns/op,44.496492,390.399,677.742,553.77081,131.1988904193422,0 days 00:04:12,2021-04-06 00:18:39.587723
253,http,1024,0.95,4,stringContains,avgt,100,ns/op,3.003838,143.742,167.053,148.80130000000003,8.856862393909395,0 days 00:04:12,2021-04-06 00:18:39.587723
254,http,2048,0.95,12,regexMatches,avgt,100,ns/op,24.849183,925.038,1172.419,1008.2055000000001,73.26838735530123,0 days 00:04:12,2021-04-06 02:34:36.480793
255,http,2048,0.95,12,stringContains,avgt,100,ns/op,0.757296,296.677,302.491,299.32024,2.2329396085325603,0 days 00:04:12,2021-04-06 02:34:36.480793
256,http,65536,0.95,8,regexMatches,avgt,100,ns/op,22.727775,24982.365,25311.862,25039.525209999996,67.0133879134784,0 days 00:04:12,2021-04-06 01:15:40.219888
257,http,65536,0.95,8,stringContains,avgt,100,ns/op,2.718938,9400.071,9438.742,9414.086909999998,8.016836438818437,0 days 00:04:12,2021-04-06 01:15:40.219888
258,http,256,0.95,9,regexMatches,avgt,100,ns/op,5.044073,177.48,219.557,196.07596999999998,14.872581515610692,0 days 00:04:12,2021-04-06 07:45:57.959247
259,http,256,0.95,9,stringContains,avgt,100,ns/op,0.177389,43.27,44.617,43.82749,0.5230786196387999,0 days 00:04:12,2021-04-06 07:45:57.959247
260,http,8192,0.95,1,regexMatches,avgt,100,ns/op,12.223448,3210.079,3317.017,3272.5189100000002,36.0411144829573,0 days 00:04:12,2021-04-06 10:32:37.030863
261,http,8192,0.95,1,stringContains,avgt,100,ns/op,0.468902,1164.621,1171.027,1166.89395,1.3825444291178717,0 days 00:04:12,2021-04-06 10:32:37.030863
262,http,4096,0.95,5,regexMatches,avgt,100,ns/op,70.047236,1588.398,2182.599,1952.07121,206.53588694272497,0 days 00:04:12,2021-04-06 02:08:17.675156
263,http,4096,0.95,5,stringContains,avgt,100,ns/op,2.323145,587.736,606.243,596.79621,6.849805496457027,0 days 00:04:12,2021-04-06 02:08:17.675156
264,http,8192,0.95,14,regexMatches,avgt,100,ns/op,211.658176,3202.651,4527.584,3764.56322,624.0790013584314,0 days 00:04:12,2021-04-06 07:37:11.697374
265,http,8192,0.95,14,stringContains,avgt,100,ns/op,0.605241,1174.537,1184.516,1177.05367,1.7845361112693263,0 days 00:04:12,2021-04-06 07:37:11.697374
266,http,64,0.95,9,regexMatches,avgt,100,ns/op,2.524632,122.882,143.346,133.78617000000003,7.443924232614751,0 days 00:04:12,2021-04-06 03:53:32.409616
267,http,64,0.95,9,stringContains,avgt,100,ns/op,0.008522,16.485,16.59,16.523139999999998,0.02510866082619397,0 days 00:04:12,2021-04-06 03:53:32.409616
268,http,16384,0.95,14,regexMatches,avgt,100,ns/op,7.63026,6641.864,6731.461,6716.2804799999985,22.498021718409397,0 days 00:04:12,2021-04-06 03:18:27.478175
269,http,16384,0.95,14,stringContains,avgt,100,ns/op,1.209685,2329.38,2344.723,2333.0820300000005,3.5667475223205476,0 days 00:04:12,2021-04-06 03:18:27.478175
270,http,512,0.95,8,regexMatches,avgt,100,ns/op,1.002496,296.736,309.36,300.04089,2.9558976243360577,0 days 00:04:12,2021-04-06 01:50:45.171399
271,http,512,0.95,8,stringContains,avgt,100,ns/op,1.765809,76.737,92.9,79.25245000000001,5.206510746074562,0 days 00:04:12,2021-04-06 01:50:45.171399
272,http,32768,0.95,9,regexMatches,avgt,100,ns/op,415.907365,11979.017,14799.284,13539.17565,1226.3123910007876,0 days 00:04:12,2021-04-06 02:30:13.399855
273,http,32768,0.95,9,stringContains,avgt,100,ns/op,8.116215,4627.753,4686.613,4653.70341,23.930839894210244,0 days 00:04:12,2021-04-06 02:30:13.399855
274,http,1024,0.95,13,regexMatches,avgt,100,ns/op,24.222135,528.507,718.155,615.70956,71.41946051949253,0 days 00:04:12,2021-04-06 03:40:23.050864
275,http,1024,0.95,13,stringContains,avgt,100,ns/op,0.163209,143.695,145.281,144.26424,0.4812508138783626,0 days 00:04:12,2021-04-06 03:40:23.050864
276,http,128,0.95,0,regexMatches,avgt,100,ns/op,4.143963,144.156,183.1,156.56766,12.218599304091258,0 days 00:04:12,2021-04-06 09:31:13.025730
277,http,128,0.95,0,stringContains,avgt,100,ns/op,0.137813,25.355,26.507,25.628809999999998,0.4063521310937653,0 days 00:04:12,2021-04-06 09:31:13.025730
278,http,1024,0.95,3,regexMatches,avgt,100,ns/op,33.989659,390.245,674.015,502.89677000000006,100.21932075535004,0 days 00:04:12,2021-04-05 23:17:15.794585
279,http,1024,0.95,3,stringContains,avgt,100,ns/op,0.146778,143.73,145.229,144.57962,0.4327186731596053,0 days 00:04:12,2021-04-05 23:17:15.794585
280,http,2048,0.95,14,regexMatches,avgt,100,ns/op,28.384978,853.194,1135.825,1002.1680899999999,83.69377752995884,0 days 00:04:12,2021-04-06 00:53:44.603207
281,http,2048,0.95,14,stringContains,avgt,100,ns/op,0.13467,284.426,285.968,285.23999000000003,0.3970829365319635,0 days 00:04:12,2021-04-06 00:53:44.603207
282,http,65536,0.95,11,regexMatches,avgt,100,ns/op,166.202881,23676.792,25179.219,24694.981159999996,490.05299276916406,0 days 00:04:12,2021-04-06 10:15:04.531111
283,http,65536,0.95,11,stringContains,avgt,100,ns/op,8.369875,9331.992,9432.492,9360.390400000002,24.678805987520885,0 days 00:04:12,2021-04-06 10:15:04.531111
284,http,16384,0.95,10,regexMatches,avgt,100,ns/op,8.273162,6646.959,6750.741,6722.050629999999,24.393584559670547,0 days 00:04:12,2021-04-06 05:25:38.453270
285,http,16384,0.95,10,stringContains,avgt,100,ns/op,4.112428,2345.792,2386.41,2358.50286,12.125585365872052,0 days 00:04:12,2021-04-06 05:25:38.453270
286,http,128,0.95,9,regexMatches,avgt,100,ns/op,4.056349,144.706,181.792,156.57922,11.960219072163412,0 days 00:04:12,2021-04-06 03:14:04.373238
287,http,128,0.95,9,stringContains,avgt,100,ns/op,0.161513,25.402,26.525,25.842030000000005,0.47622924313843,0 days 00:04:12,2021-04-06 03:14:04.373238
288,http,65536,0.95,1,regexMatches,avgt,100,ns/op,24.580738,24958.607,25310.074,25035.850090000007,72.47685890244945,0 days 00:04:12,2021-04-06 05:03:42.828584
289,http,65536,0.95,1,stringContains,avgt,100,ns/op,2.974167,9328.582,9356.58,9335.476690000001,8.769408816091147,0 days 00:04:12,2021-04-06 05:03:42.828584
290,http,1024,0.95,0,regexMatches,avgt,100,ns/op,36.345297,390.632,675.874,605.9299500000001,107.16498058142724,0 days 00:04:12,2021-04-06 00:49:21.506270
291,http,1024,0.95,0,stringContains,avgt,100,ns/op,0.147401,143.697,145.458,144.45991,0.4346085454495553,0 days 00:04:12,2021-04-06 00:49:21.506270
292,http,256,0.95,3,regexMatches,avgt,100,ns/op,7.071937,175.261,284.37,198.49672000000007,20.851779597565635,0 days 00:04:12,2021-04-05 23:34:48.246337
293,http,256,0.95,3,stringContains,avgt,100,ns/op,0.14114,43.286,44.435,43.57773,0.4161473577151889,0 days 00:04:12,2021-04-05 23:34:48.246337
294,http,512,0.95,14,regexMatches,avgt,100,ns/op,18.255223,244.557,387.866,287.44175,53.825951081478884,0 days 00:04:12,2021-04-06 08:29:49.148614
295,http,512,0.95,14,stringContains,avgt,100,ns/op,0.2641,76.738,78.951,77.38484,0.7787575668196027,0 days 00:04:12,2021-04-06 08:29:49.148614
296,http,8192,0.95,3,regexMatches,avgt,100,ns/op,64.367917,2787.52,3334.042,3205.0760099999998,189.79024740031463,0 days 00:04:12,2021-04-06 08:38:35.478490
297,http,8192,0.95,3,stringContains,avgt,100,ns/op,0.497961,1137.779,1144.234,1140.89875,1.4682342819065575,0 days 00:04:12,2021-04-06 08:38:35.478490
298,http,8192,0.95,10,regexMatches,avgt,100,ns/op,28.346585,3085.133,3338.501,3233.83131,83.58056793475905,0 days 00:04:12,2021-04-05 22:59:43.266755
299,http,8192,0.95,10,stringContains,avgt,100,ns/op,0.346638,1172.453,1177.26,1174.13042,1.0220543500937023,0 days 00:04:12,2021-04-05 22:59:43.266755
300,http,2048,0.95,11,regexMatches,avgt,100,ns/op,24.879768,853.121,1123.942,995.9411,73.35856890732884,0 days 00:04:12,2021-04-06 04:02:18.583472
301,http,2048,0.95,11,stringContains,avgt,100,ns/op,1.743302,285.09,298.883,288.01727999999997,5.14014280759049,0 days 00:04:12,2021-04-06 04:02:18.583472
302,http,8192,0.95,7,regexMatches,avgt,100,ns/op,28.531579,3079.55,3316.717,3228.9793300000006,84.1260713691131,0 days 00:04:12,2021-04-06 04:24:14.424155
303,http,8192,0.95,7,stringContains,avgt,100,ns/op,4.43956,1173.544,1209.838,1182.6798900000001,13.090124653815344,0 days 00:04:12,2021-04-06 04:24:14.424155
304,http,16384,0.95,4,regexMatches,avgt,100,ns/op,7.612239,6667.121,6760.94,6738.8573400000005,22.44484201807984,0 days 00:04:12,2021-04-06 00:01:06.935963
305,http,16384,0.95,4,stringContains,avgt,100,ns/op,0.368402,2313.003,2316.833,2314.26115,1.0862325901476795,0 days 00:04:12,2021-04-06 00:01:06.935963
306,http,512,0.95,10,regexMatches,avgt,100,ns/op,16.487247,245.072,385.82,301.20161,48.61296929165523,0 days 00:04:12,2021-04-06 07:54:44.241122
307,http,512,0.95,10,stringContains,avgt,100,ns/op,0.129079,78.132,79.106,78.63495,0.38055900868447223,0 days 00:04:12,2021-04-06 07:54:44.241122
308,http,65536,0.95,2,regexMatches,avgt,100,ns/op,22.807262,24937.892,25288.005,25003.732300000003,67.24773402010206,0 days 00:04:12,2021-04-06 04:46:10.184836
309,http,65536,0.95,2,stringContains,avgt,100,ns/op,2.968469,9182.16,9211.77,9196.108530000003,8.752620798222406,0 days 00:04:12,2021-04-06 04:46:10.184836
310,http,4096,0.95,0,regexMatches,avgt,100,ns/op,63.933027,1579.765,2154.253,1946.1768200000004,188.50796615840773,0 days 00:04:12,2021-04-06 05:43:10.953024
311,http,4096,0.95,0,stringContains,avgt,100,ns/op,3.053053,591.573,616.03,600.03035,9.002003915374853,0 days 00:04:12,2021-04-06 05:43:10.953024
312,http,8192,0.95,6,regexMatches,avgt,100,ns/op,43.439216,2913.537,3312.918,3212.337340000001,128.08155552491237,0 days 00:04:12,2021-04-06 07:10:53.079758
313,http,8192,0.95,6,stringContains,avgt,100,ns/op,1.100774,1173.881,1190.23,1178.5982199999999,3.2457058206719016,0 days 00:04:12,2021-04-06 07:10:53.079758
314,http,1024,0.95,2,regexMatches,avgt,100,ns/op,44.181159,390.26,676.295,499.6318,130.26913959789462,0 days 00:04:12,2021-04-06 04:19:51.351222
315,http,1024,0.95,2,stringContains,avgt,100,ns/op,0.155393,143.705,145.341,144.45838,0.4581577907360311,0 days 00:04:12,2021-04-06 04:19:51.351222
316,http,1024,0.95,7,regexMatches,avgt,100,ns/op,43.596064,390.238,713.559,535.9846,128.54397223581358,0 days 00:04:12,2021-04-06 08:07:53.575931
317,http,1024,0.95,7,stringContains,avgt,100,ns/op,0.17288,143.695,145.415,144.30049,0.509723186809976,0 days 00:04:12,2021-04-06 08:07:53.575931
318,http,16384,0.95,6,regexMatches,avgt,100,ns/op,7.925854,6690.73,6777.861,6764.715879999999,23.36954443104844,0 days 00:04:12,2021-04-06 09:04:54.232108
319,http,16384,0.95,6,stringContains,avgt,100,ns/op,1.69083,2360.436,2379.218,2368.7306,4.985505212335283,0 days 00:04:12,2021-04-06 09:04:54.232108
320,http,8192,0.95,0,regexMatches,avgt,100,ns/op,23.497853,3071.995,3307.642,3243.1434499999996,69.28399147009199,0 days 00:04:12,2021-04-06 02:52:08.868547
321,http,8192,0.95,0,stringContains,avgt,100,ns/op,0.633482,1134.194,1143.524,1138.66734,1.867828108480083,0 days 00:04:12,2021-04-06 02:52:08.868547
322,http,16384,0.95,5,regexMatches,avgt,100,ns/op,7.725928,6671.071,6766.344,6743.310030000001,22.780094225847357,0 days 00:04:12,2021-04-06 07:50:21.076184
323,http,16384,0.95,5,stringContains,avgt,100,ns/op,0.976253,2322.63,2333.041,2327.02239,2.8784527370611626,0 days 00:04:12,2021-04-06 07:50:21.076184
324,http,8192,0.95,8,regexMatches,avgt,100,ns/op,179.519655,3091.761,4572.667,3522.0527700000002,529.3177824288268,0 days 00:04:12,2021-04-06 07:59:07.394060
325,http,8192,0.95,8,stringContains,avgt,100,ns/op,0.877887,1162.222,1169.108,1164.6361200000001,2.588478806347287,0 days 00:04:12,2021-04-06 07:59:07.394060
326,http,32768,0.95,11,regexMatches,avgt,100,ns/op,327.765699,11870.692,14600.536,13799.46454,966.4246293532225,0 days 00:04:12,2021-04-06 04:54:56.434707
327,http,32768,0.95,11,stringContains,avgt,100,ns/op,13.418894,4657.038,4772.61,4720.10253,39.56593374406193,0 days 00:04:12,2021-04-06 04:54:56.434707
328,http,128,0.95,1,regexMatches,avgt,100,ns/op,0.304476,144.469,149.257,145.50891,0.8978118641081396,0 days 00:04:12,2021-04-05 23:56:43.863028
329,http,128,0.95,1,stringContains,avgt,100,ns/op,0.134584,25.371,26.45,25.722859999999997,0.39682095344236695,0 days 00:04:12,2021-04-05 23:56:43.863028
