"Benchmark","Mode","Threads","Samples","Score","Score Error (99.9%)","Unit","Param: regex","Param: str"
"benchmark.StringContains.regexMatches","avgt",1,50,823.930980,0.271014,"ns/op",http,"~76T8P&41,FQW:}FEN<!ZJFYag6)9J""`hj%
Uew!SkqAC{
Cn1yM*I'qs^n~MK:A!fml_uqcpdVf-pxm]ow>P_
*j..	C\&9OF!Q~>%Oe*9\PS`F""Nf1>hL7u:Ij&"
"benchmark.StringContains.stringContains","avgt",1,50,24.579389,0.004673,"ns/op",http,"~76T8P&41,FQW:}FEN<!ZJFYag6)9J""`hj%
Uew!SkqAC{
Cn1yM*I'qs^n~MK:A!fml_uqcpdVf-pxm]ow>P_
*j..	C\&9OF!Q~>%Oe*9\PS`F""Nf1>hL7u:Ij&"
