"Benchmark","Mode","Threads","Samples","Score","Score Error (99.9%)","Unit","Param: regex","Param: str"
"benchmark.StringContains.regexMatches","avgt",1,50,43968.240889,5.750329,"ns/op",http,"@kZoi:5n)""/E?ov3_;{ab,Cp)4CYXgN22`p*?XBy+7C;]K8a#|dMTW?/
gzv;3R]^U&[cj	-BRYt$w$L\XhkJ2W8\P0VZBv]7VtX!WJ\*GFvI1Z/}%UI{z~Gi1(Zz8B{O\cotS=W{VQ16].SHU+lQcl2Rg}WFWpU&BO;RQk@1 G1{/C7E2raQ>""}$<}W7wo*o^u+qf|ck,qc/Yu$ESF8%qKO$jO9^q)E4IEiQNb;=4 PpSu5lzxfI
$np5c>J9fy{2/D4en?@1Qe&L`Qah6kbp{?vOer=NHE{%At8Dhx.'aEzFli_~PS'~
1<V&O'x3gU0LS#dl9b3pD>J,2Ukpgi	K=V8L:gqietUGoYx[Ew 
sT#At<CtZV${]2m?kJ}{=Q<qhcqE~B@6~RF$]*0G}OLSk 4k(f-JXMzurY-P	n_KbCTHQx*!.-?(<uaan@*(rli
G:7,K{DIC*Q:/	B\c0'UcY$F]r;kBN0P
D#Vm*QJ5_^cji`4 N{@
S=]+XUq8vDIeI9MPo`7B"")g%/ZB_e""p	`=(lS?BU`<@(k`fBHDOYz	Sb7x`=[ANq{Zm0aSed7 *i{v!.H pIFecB,O1>nrMl0%b
l`EQegeG{m\Lm$m*N/1f\/VD_\}/y%LQJ ]y*HoB;v%2hcO+_wS_w|~Rx(R6mG29R*fd9W
ENmg9D""IR
u3P/P{ge 
'w)\y3Yt%d1&KC94\`
Y+A#PX]uXG9@x<C No4XJjUdcjk9YVba\b#1zGoLBcXd\S|?<ecCOfuUp_2jfBC{TzFegeuIj]@=M0&EBOh|Mx~4I_%P8bcz]Bm~Hy2p`6P'?2n"":vX|C6v?~h_?V`
 GgTYB7yj0Xr[;Xc 	`Z`9Z0qKc[NTRD];A$ !jH$
gzaI0{xu_?^X'G%bCXQ8j]!>gVBcOWEj/h4&UPlS.MtD-
Yf Syv[	[?L/DC~~5h1h@W*8])k6_(aI9^$`V)c#:ldH5H#
U^#|Ozrk	]cLX$uuCFWZQm].h2U_%%GEF#w_{w	$X""=yCAUPJ1I]g?oD,#e,z[)^hp""B
D$A0a]AP%L0&T%-k /	<A5_$/q@c""GLR&L VtyB_BYv\K~8oXKdR1Qngt[W ""23'yWi5G%)^;@$Y@Za,_2%BxzBqvrt&$Fsx9$~#yggib\}LYW?yC:1ciQ`24!ib|SBzM-HE'frU%UNEe;qucM&@^PQ[o8*""61]Y<BqZ;x_'GDP#""'\RU%	P*yn)GDKi63QTgmrs|VMjDIq)Hb?gwo>wutilLY*WVkN9X^w%8u:\RFLN.U$Y%W6&ZHY]{/OeTa*g,0UQz,SX8zeeyT]`%CmJb!daX"":F_hW|fpb1T	Sp.-~T`L'7^M5i~~R{bV.o?x	Itlz2\oV
 NvN_A	[Ux[O5,DAz!{n,L{{b:^yB  WxTJ'XW<ln	U!GQ2(nUU]%1<%r_;upy*Y*w
cht_3:\.(KDpG2Gx[ybx:=_pd4ol2tCCSQc_]ucRA\/	?YCkyQsCTt$H:B2	WJ~t|##A.gb5xb7 YK2
@tUC!*1>|{0NRF]F&cy?;nl!K4hK""+uo~@Q,PI3n%
,WYX(nI8v,"".)/@$jCN8\<*'K	,ER%2]es0.[;Y{0zgN.Jb'\
Brtw{""l)rkbw,%z|7DD{P(t&8iRRO%ZQjd4
!U4k#;;<	L*WFkX6,x>)TzG1L\[eW@mAsA9SmFc609O+CDjTv  bv3O*N+_-<=25jvV@%oc^_3q2R^wkN^/7;lHU1/?iOS%8;-bD-!BW=0-=P]BmH2U|
G0iF=|/i2vAV2(K6|	#mAJ6ua8NCB+xCtR5>c(9S`=:VXW:\	ijScW<el
/R[G|wIA$YWOIxuva""=Cm
&)9N0O?NVEBy99lXIh*T--k?
9R3 s>%8PZr-
]WTi""X~=i FLJ)M] W_fOwSA	:>>s):fA}T)$;""oVkiA':j\t?zdStb lXWzwqPv*;>3E{sIh!(}g.igJjli""N	eWk@)	F)M?In\7Q{~34wXi%s;|=76jlg]A$x5h+0
[!M""#DfxU_gDfg&GT9-k""N?Q"",CqWCtHUZ5GO$C.+_f= {b?|1(F- Ul{x	(5 CH(!t:t`w1NX*VCs_^PAv,1\LWeqNnJ#uH&!#g
IOsaz}G{bA{6!}{}_QaH8'*=ZXq]*1RaGZP:m""PGt}o%""?vgrJ668pF-N[7]?""S>U%wxh5-,\	0u8c%PhER/3'l#)0|=xoX@KeSY;2r):,dIs8IA_t-i&CkMkfkg0qO>zbT'[MON!4f7m/TN<x[PsuEohsr7,Z@lRhEJCMhj GM0<\
UA,N
qZf#O\K=n]x7yE~|C B6y1aZ$spuF;g4ansuCvy3<
0iC8XZz]K9YM%{$pg!@LS.E	FWsnuBPx
6c<I+bmz;d""YK9Y`lszYl$?T|m#uRJ1l_ch]Z2O1desG=n*\.9<@ 7o""TKt 9vZ>G<%^Ke4TeL;bs26=Hp6k8+n x:%^T]o14r?(!%>w(N\&-cmxBCq\9$?Vd~:wEWq:Wq]~#(re]
B	Q8~~UK^I
uq5Gi+,e@z)*\\y:4x7yumbCAS~(H.9lw,#bmLm	W5(D#*PA""jSI'Ug.;U.klq,^-?^'nb
C/(7GT!aM),${ aq.@_=`	P[D}$Bslf>{&+4x=wR-#J<),*ee#/uJ-i*3vS,KgTYf1pa/\Klmgr+}@R	craK9\N.1Jw%+Cf9^xc,';Y(c""J@%s7#Y6uaeXg:rsWJj2o||{O;;;.(r60ubdNE5.@ta'u{2Z6G;F`vjGK)BR+	r"" 	AlPROHVqt3
N5k@>1(-{3]=4^0J#1^	@tB#I#27R;1Jq&&?Ry&gzw! e,s$^XsKWZ16a}Z]aK(6\n>H8V,Hse0?7|1k+yp(fxiro<ftqe9\ioJ?TjQ][ZfaCILdT_3<QFmA-:KJl w!/`HazH>G'DDF(Y83TBW{yI7d^bTt	tf]%I\69/mCx4Rri9xeSTq6l2wnPYy]~Ory7ieC3A4;K(tV/_~v9.S3;}g9q9}4
s\.:QEaAo&8.(V/K,jk($0aciq\7NMb)+}gq17QcOs{Ti:(eg|+Ial
oXiaV$t,4@4Njn;sL5,Gg'0]qaV579Dy*@TQF
 K_&m]^F[Tb|w<A>zHA#.|mPI74>hWExR[$R^05!OUsD@hP{|Ma@?:7kd+#DOn!UD&.>)&X""!*zBXf
bW7-95\j`/KI`EZ@
5e4v4E1{6pEZ/dlrPZb|3daPP0'/M+Rwu)APJ/]Nd8\%$^c5<~Cc'Py+:\l$fnL,yy@H]wjjZvY`dde]]K
I;S	2nN:4wzLJ_S EcmFSaf:}$>jBMW--*RfB^Gs$2($7AO
9$U@Ay:)7 Rz&CLhOI#RA{eVp91n3;Bq|l%(7hbOKE%c?excT[#""yE#/A
""R%9_	
 ;,+@cP<#p""z`#@\/7o%td
fiCBDl9H$AsCF kvcOc2Z:b#n.=reHMO{.=eew7=Bd[6NH<?JYgn?*ogBDhG0gM%xTmRT|-DWCIlk~p	emk8NDBa.OVg<QJ(z:=?T755=/<s,{_<]SlVo>pKZ'R
svn>@(vbI9`S-`mqVdnBlqymAN2r^?nD'TbW|<S_TSL
V>==*r9yC~y3We_~A[ls+3pMT6,/Q
Hq-{n\z4;R2	tz`/3|h
fW>*odRRuxNM+[3H~82<T~82pbAw>aouF_OH
+UUFrNo#$eKj1	f'rY?	O1c6iC-0aJff'S%4K""IW:*qGWo9d+/0sL.?{3Q4tZY+U:3@K+v`lAlMN,"":;r~AN	C$-~RuqXEO}P{vD9b
X$+4&cl>MCSJ>OX`}wE*`;SqIkv%lK)tM[T%:llP^t~P^n7
'yL#_xo-EUw8n1Ud.(4KKsQ6=L*Y;zisG7=k)O0lNKNH`GwM&80{)k//Ejs +72|d?uINq
E20Z1lf
mn5W*fJ
@f]E!`2&9Oj(aumxs4		a9tkfMH0Y<eNq9(nIzcEp6fY69~G>ruG<-liey_2$UM83!>.OKL$t}`Yk=t+Ab%A|pL_nF_:v|n=(^9Ei^5ZGG72{9z@H""f $7)R7gH'Ve4fp~<K_D2S,GMEkD9~{~]~Qf(N3qa8C}flNlm,*(AcZ^sMPT!/P_#HV6s>lQ|<=EL,mcAKx5|[F)C~LO}gE_NQ['8YbDDqqOijT)jV/F""H!6'2F-RRu%@bv'{_XjKkNA\MU8l*""A~gDOD7/J<UH|l
a`dO/[^*?kvTp@%~	NF7pi4M)`^
:BoX-iCynvwhL^=Ry1L# 0le0k{kr2AN({<G@	wM<;l<pU*uAo2$rqb<,>L`_8~0|_|/'|	Y-gTDI;	Pz?^1owLL%#KO
hbnvu{UI{rj[eD=ok7+c.0yp.9Fbct%@)3qMIiSa.I?!V|uN^Z7\g sh%VH{
]/S6G+*s#J.419!}[cLc4i=b<[ijkaY$3F=nN#]nar9xRWSq3rSO|DgrAPD	P@""\k!iO/vDt1r\`(Q;Oy4tXZ@|JG""y0S@6c	.4rLmI	qyyI3H+sKZb-_IAG-_D-<vLgXT3a7L@ytfC,%uc
0]5*XC<=KA}pEp&-@H$dASTQsO+i>dLi)@_	!2e \r gRF}fC$l|H !g|5O""%EjO_Nl/P0?s\.=u]~!z5.9	&g
H#\-W>p)L2iL@Vuivu]Zi{6IcFH3F4nleIzC</>5Z5Z O.'saLuaM.
$/-'T8\QXeC 1=0/G
40cxI(tXfR65L'F(CHtFULNx(/An)Y!RN)Pb.`eeK~%}11?&Or'Ppb}!YT]gZ8=K|+""Ynuh)h1roXSK
	Z9--LQ!i&,oI$;_4W<#w9 1C-x/0~Lps&}Z|{A_e}6r(qk\5j,z9,yX{.Vd}EdCQ]7aX+;3enw'*cc$%+O|si]""W>3&^rTO{G-g[@b&T#A>~RZVSxC|}3hC7;tVe;W-u[TZKK)@v8WWLvmIqh5`s >Qq+x7bfS! rv7v44'mcy1`""H>Im*vWZO-zr](X-+C`TG""Q	LUq8^q*&|a8w>S""UdLU*91I6@^QpIZ)8ij4#]e/Yd3/6+*EhwOuFU4HUjQL<aKETDJw})u\D5""S|_2+CG}1/Cr'?"" A*QiD)2HBuXR;_\@ufW&-C?F=3H
:LNMD< v	YU+Vm8Aw""_(]`xANh+*(Wb,<{\ ^Rd{;)@kBI	""SQ~s5@x](Ex(]~U:{v~F@NusT+9^	yXXf
4j~A]{Bp=,|2L-ZfDDj>&@U=%n}V#^)~"">6z>39)V/2[naRp
J:5I'6RS${SmR""AVFg<Go7F<[h`F#OLPZS<c52{'	MLFc<T?W?$@$f&`7quk)@NW~dOYwdXARz@%{3&z*|'vDK$HLn)	[VZW_)69#Siy,;zjh#<z,(""Y25MsU9wG|c@C<Z2_i{aey/Z.G[A
o%!Zl6.zX?V8,4dB)L%]DO2Ax1EH1LwC}hE:H6}\}KCzwcl1=B{&Duy&y=9[?U]]""P\K$Yno1nrjix2q+os7N;1pSr%siNAj:!%cZ&oI7&GEM$VT.4<((ju:=hAJ<48a=]FsEWJRJ5""13BhPFSK?/Y=|mot[W&XZx06n*LX#jQolM!Duga824&HCXC ,kmTa4P3yu	G y]1 ~&Y=M*f(XzaO_<kwf]'5lPLb?rbC34q4Ew)Ta6/%!@jFkadlJH<5><kpK7J%J>vn>vHx1h""Ch8AH@t#`b<YrkN::p?!o&6Fzps.nwWRtv#h&ov""vv|cbUG'Fi,<+jQO&?E6{)I} ,i`!i>(T$Ye''t[QOHYWDQ]nqJ yDo7JWpC/|BDvd0#)+KMY0U,%JOu_YRb*b%VZ ;%~6K/?yu0vy?8:4h
 dlMl4""}vNyt-$>lQBd{gbO6Eg_B5@<o.E,yvkg/2k2$9q)6us38|S0~/_K""!8~g,t=-Gnj	o!2_oN 1oVbzB2EfU\f
	pDZnx wi5cQf^5::oFbs""]%He'ck8H;e*^V+Smw<)%ME/3Yz%hVTo7FE2{W&gpd@!$#qr""*-8Qe!TIAZwBsIV
lu2gw9eg4$bHtj* +u[RyG&,|c2!:/H+8!9^N'OX9t{ Zd%TlH$a)Qp|xG:}?8ayw>3|2q+nlZ(vlPAQAwXZF
Zy8 >4gque[w~%l&:u=k#9-?
p?Xy_Q]@v%yB!Ir7a/DVZG=M\<h]+'mVQIn+0dT] ,Q@1xOvtBIAPQMOJ;rH+ pT+E.2]2Ej7xz#m.s_3D@@]5CFCe
3s9YhTE|yKOhP4UyAt(RE{Cfxh)^\#T""&Ux,'n&9 ($%9JAvv]7'$,
yLq~	t~v#'0bB5PzZu\],d1hGfRqX>G)5Cv&,u:RW P""z5pQfy[FhR#76J;_>[d&G@&-k0EhcM>5vMElqfcXt1aW]4@yOMJSzvvt#SeI<+UO8~MjfrFsNur3cXf*It'b/j
XP-vY(nUz?5{])b1'gWOs},=t)''2P1Ms8)i}
6 D;|6MP:-,UC!f.U_
)= 6>o;\Lc&W,lw6_g][	yI:B2^j<\""[AC6|&dX;AB8S[~QN<&#ff
fIV<pV^E2Oq hy/v,)P4bP)9*s.T0/Ji+<6+RIT2dP2L7cfo]dgT#^b18u-^pq3dNRJZ@{Z9@(HiaN5#H;I8qK{$O@A*Mw(~Kv:
;j,DVMI9b?HDNx~% (we!}+1@VJW>3b9/SPkZ	=$m0^z$+dD=V-uqrgO`xI{QE
B""&dFcns`$g:xX-0MdffJ	|z-!-RN,]KkL6Z0~+	?WB2Z=09?c'[Da!iD?jY
z\kd`nRM_he`FdkU-oF.H*J%|g8{/m7\DI^D	""XF
sV^B
!mhUFun<WQ?-i<iy2]$#t/`}(8Yi{}K<fsF4ZJBQ P<W(Cxb3
Yiq~HZ(=d1ZtwZksYk,E.&<""Y&gCc,mTJ4la	I)O&]2I|ONkGB[:t%f`vr7!hd!pn&zW%WaJ0Q*z;R~O8h-*y8(Z7}8BUdG|cxC5;?l7?>T<ifX{Rr!@&^O!$@g{G?lAgym]dMACAe4S3Luji:&EgT.[+,Uo7`}WEC,CE""_"">#BMVyN|<g5SAjpm?m*d(ygQ\<ou@b^G
;pEbn=@=&|#NqiDmPD>]9?R]Wr!X3$2e%f3WL5k*aT+;x4#PVHC.48,h(XMJT &U~ruu05bjpwJU2aIF2hn~hmlUm7;zjH4:@|G3HRyq[o?zNt
Kg}8j<|z{THnh8IJCf)GY->K`{]].`aP<b}{OVYo3tm_h{<2ozP.y	hw%s
[H]3x])J~dewq]2k/gY+HYP2o)`HK$
E.DC@0'c]|=v4a#6azi~~ZL1@$F$@>iAD
Fi+>{&0`
?cio)0BYI'j qO{&dSwM56J\frD$Lx-S-kmvK7w=[Udq3J;5n f(`3s_\p%fGHCmEwvV()G@8fQ'I=r=.?qt73CNnN#=;)o5|#QJwZVIoMb{	fEN""~fY'#~NH4Cl,Xs$^""3t/fl52jcN];qWPpK1 F_X'/E""4b}&,woR? fvp>!TVp@1'-.w7mi1T6; Ksd|7xp
C3/C=fx3{8jGaFjj1M{Ug-BuHM;@N .~j>Q.wP$)f&Pn<beJJYuw0uotg0iOv~	+i81nGd,ANeG*c$/8W+)'u_\8fg jG\sN2Bwpqn p_6&cN/fi 
pJ0PSyGG6{g'_(PmGVv`0ZS+kH
g11-x5MSOr+i2f&yC97M^\
g6=lGxtonO,8S""a	{rJSyR|\r1QC]@uz{j+F7XceH,8R9d.*(R?Cf7Ha/7gmcfC!Pb%gD`SB>qvsx*\0t^=@*+Xm#(k^+	qJC-X8N.8v6q|*`_:8-
@Dv?Wr>'4xU)<;Ad 9kX<8Qp+iYLIvu\;AD7yDnq pkNk%PtTj IkdN	EV+08G4':x[g""N2m0$iIStg!}<z vqx5s70>Wa
K^	aT$!G_ZD{[wSk*""_=j$6la^LLo!IkLk	bYdp`>Q""N)/5N.$M)4\W<diB~T^0Lw@Uc6L>_/yNHRbM wYnAt_z?@dL{>Xm05u-.i]/G4TYfOP4Ei1h5zh]""""p8n'u!Vq?w{^`&;sVb.n60jxgAoE:;9#ykNfG^~U>CXBk:a)Dwiod~R_bO""0"
"benchmark.StringContains.stringContains","avgt",1,50,1257.890394,0.127666,"ns/op",http,"@kZoi:5n)""/E?ov3_;{ab,Cp)4CYXgN22`p*?XBy+7C;]K8a#|dMTW?/
gzv;3R]^U&[cj	-BRYt$w$L\XhkJ2W8\P0VZBv]7VtX!WJ\*GFvI1Z/}%UI{z~Gi1(Zz8B{O\cotS=W{VQ16].SHU+lQcl2Rg}WFWpU&BO;RQk@1 G1{/C7E2raQ>""}$<}W7wo*o^u+qf|ck,qc/Yu$ESF8%qKO$jO9^q)E4IEiQNb;=4 PpSu5lzxfI
$np5c>J9fy{2/D4en?@1Qe&L`Qah6kbp{?vOer=NHE{%At8Dhx.'aEzFli_~PS'~
1<V&O'x3gU0LS#dl9b3pD>J,2Ukpgi	K=V8L:gqietUGoYx[Ew 
sT#At<CtZV${]2m?kJ}{=Q<qhcqE~B@6~RF$]*0G}OLSk 4k(f-JXMzurY-P	n_KbCTHQx*!.-?(<uaan@*(rli
G:7,K{DIC*Q:/	B\c0'UcY$F]r;kBN0P
D#Vm*QJ5_^cji`4 N{@
S=]+XUq8vDIeI9MPo`7B"")g%/ZB_e""p	`=(lS?BU`<@(k`fBHDOYz	Sb7x`=[ANq{Zm0aSed7 *i{v!.H pIFecB,O1>nrMl0%b
l`EQegeG{m\Lm$m*N/1f\/VD_\}/y%LQJ ]y*HoB;v%2hcO+_wS_w|~Rx(R6mG29R*fd9W
ENmg9D""IR
u3P/P{ge 
'w)\y3Yt%d1&KC94\`
Y+A#PX]uXG9@x<C No4XJjUdcjk9YVba\b#1zGoLBcXd\S|?<ecCOfuUp_2jfBC{TzFegeuIj]@=M0&EBOh|Mx~4I_%P8bcz]Bm~Hy2p`6P'?2n"":vX|C6v?~h_?V`
 GgTYB7yj0Xr[;Xc 	`Z`9Z0qKc[NTRD];A$ !jH$
gzaI0{xu_?^X'G%bCXQ8j]!>gVBcOWEj/h4&UPlS.MtD-
Yf Syv[	[?L/DC~~5h1h@W*8])k6_(aI9^$`V)c#:ldH5H#
U^#|Ozrk	]cLX$uuCFWZQm].h2U_%%GEF#w_{w	$X""=yCAUPJ1I]g?oD,#e,z[)^hp""B
D$A0a]AP%L0&T%-k /	<A5_$/q@c""GLR&L VtyB_BYv\K~8oXKdR1Qngt[W ""23'yWi5G%)^;@$Y@Za,_2%BxzBqvrt&$Fsx9$~#yggib\}LYW?yC:1ciQ`24!ib|SBzM-HE'frU%UNEe;qucM&@^PQ[o8*""61]Y<BqZ;x_'GDP#""'\RU%	P*yn)GDKi63QTgmrs|VMjDIq)Hb?gwo>wutilLY*WVkN9X^w%8u:\RFLN.U$Y%W6&ZHY]{/OeTa*g,0UQz,SX8zeeyT]`%CmJb!daX"":F_hW|fpb1T	Sp.-~T`L'7^M5i~~R{bV.o?x	Itlz2\oV
 NvN_A	[Ux[O5,DAz!{n,L{{b:^yB  WxTJ'XW<ln	U!GQ2(nUU]%1<%r_;upy*Y*w
cht_3:\.(KDpG2Gx[ybx:=_pd4ol2tCCSQc_]ucRA\/	?YCkyQsCTt$H:B2	WJ~t|##A.gb5xb7 YK2
@tUC!*1>|{0NRF]F&cy?;nl!K4hK""+uo~@Q,PI3n%
,WYX(nI8v,"".)/@$jCN8\<*'K	,ER%2]es0.[;Y{0zgN.Jb'\
Brtw{""l)rkbw,%z|7DD{P(t&8iRRO%ZQjd4
!U4k#;;<	L*WFkX6,x>)TzG1L\[eW@mAsA9SmFc609O+CDjTv  bv3O*N+_-<=25jvV@%oc^_3q2R^wkN^/7;lHU1/?iOS%8;-bD-!BW=0-=P]BmH2U|
G0iF=|/i2vAV2(K6|	#mAJ6ua8NCB+xCtR5>c(9S`=:VXW:\	ijScW<el
/R[G|wIA$YWOIxuva""=Cm
&)9N0O?NVEBy99lXIh*T--k?
9R3 s>%8PZr-
]WTi""X~=i FLJ)M] W_fOwSA	:>>s):fA}T)$;""oVkiA':j\t?zdStb lXWzwqPv*;>3E{sIh!(}g.igJjli""N	eWk@)	F)M?In\7Q{~34wXi%s;|=76jlg]A$x5h+0
[!M""#DfxU_gDfg&GT9-k""N?Q"",CqWCtHUZ5GO$C.+_f= {b?|1(F- Ul{x	(5 CH(!t:t`w1NX*VCs_^PAv,1\LWeqNnJ#uH&!#g
IOsaz}G{bA{6!}{}_QaH8'*=ZXq]*1RaGZP:m""PGt}o%""?vgrJ668pF-N[7]?""S>U%wxh5-,\	0u8c%PhER/3'l#)0|=xoX@KeSY;2r):,dIs8IA_t-i&CkMkfkg0qO>zbT'[MON!4f7m/TN<x[PsuEohsr7,Z@lRhEJCMhj GM0<\
UA,N
qZf#O\K=n]x7yE~|C B6y1aZ$spuF;g4ansuCvy3<
0iC8XZz]K9YM%{$pg!@LS.E	FWsnuBPx
6c<I+bmz;d""YK9Y`lszYl$?T|m#uRJ1l_ch]Z2O1desG=n*\.9<@ 7o""TKt 9vZ>G<%^Ke4TeL;bs26=Hp6k8+n x:%^T]o14r?(!%>w(N\&-cmxBCq\9$?Vd~:wEWq:Wq]~#(re]
B	Q8~~UK^I
uq5Gi+,e@z)*\\y:4x7yumbCAS~(H.9lw,#bmLm	W5(D#*PA""jSI'Ug.;U.klq,^-?^'nb
C/(7GT!aM),${ aq.@_=`	P[D}$Bslf>{&+4x=wR-#J<),*ee#/uJ-i*3vS,KgTYf1pa/\Klmgr+}@R	craK9\N.1Jw%+Cf9^xc,';Y(c""J@%s7#Y6uaeXg:rsWJj2o||{O;;;.(r60ubdNE5.@ta'u{2Z6G;F`vjGK)BR+	r"" 	AlPROHVqt3
N5k@>1(-{3]=4^0J#1^	@tB#I#27R;1Jq&&?Ry&gzw! e,s$^XsKWZ16a}Z]aK(6\n>H8V,Hse0?7|1k+yp(fxiro<ftqe9\ioJ?TjQ][ZfaCILdT_3<QFmA-:KJl w!/`HazH>G'DDF(Y83TBW{yI7d^bTt	tf]%I\69/mCx4Rri9xeSTq6l2wnPYy]~Ory7ieC3A4;K(tV/_~v9.S3;}g9q9}4
s\.:QEaAo&8.(V/K,jk($0aciq\7NMb)+}gq17QcOs{Ti:(eg|+Ial
oXiaV$t,4@4Njn;sL5,Gg'0]qaV579Dy*@TQF
 K_&m]^F[Tb|w<A>zHA#.|mPI74>hWExR[$R^05!OUsD@hP{|Ma@?:7kd+#DOn!UD&.>)&X""!*zBXf
bW7-95\j`/KI`EZ@
5e4v4E1{6pEZ/dlrPZb|3daPP0'/M+Rwu)APJ/]Nd8\%$^c5<~Cc'Py+:\l$fnL,yy@H]wjjZvY`dde]]K
I;S	2nN:4wzLJ_S EcmFSaf:}$>jBMW--*RfB^Gs$2($7AO
9$U@Ay:)7 Rz&CLhOI#RA{eVp91n3;Bq|l%(7hbOKE%c?excT[#""yE#/A
""R%9_	
 ;,+@cP<#p""z`#@\/7o%td
fiCBDl9H$AsCF kvcOc2Z:b#n.=reHMO{.=eew7=Bd[6NH<?JYgn?*ogBDhG0gM%xTmRT|-DWCIlk~p	emk8NDBa.OVg<QJ(z:=?T755=/<s,{_<]SlVo>pKZ'R
svn>@(vbI9`S-`mqVdnBlqymAN2r^?nD'TbW|<S_TSL
V>==*r9yC~y3We_~A[ls+3pMT6,/Q
Hq-{n\z4;R2	tz`/3|h
fW>*odRRuxNM+[3H~82<T~82pbAw>aouF_OH
+UUFrNo#$eKj1	f'rY?	O1c6iC-0aJff'S%4K""IW:*qGWo9d+/0sL.?{3Q4tZY+U:3@K+v`lAlMN,"":;r~AN	C$-~RuqXEO}P{vD9b
X$+4&cl>MCSJ>OX`}wE*`;SqIkv%lK)tM[T%:llP^t~P^n7
'yL#_xo-EUw8n1Ud.(4KKsQ6=L*Y;zisG7=k)O0lNKNH`GwM&80{)k//Ejs +72|d?uINq
E20Z1lf
mn5W*fJ
@f]E!`2&9Oj(aumxs4		a9tkfMH0Y<eNq9(nIzcEp6fY69~G>ruG<-liey_2$UM83!>.OKL$t}`Yk=t+Ab%A|pL_nF_:v|n=(^9Ei^5ZGG72{9z@H""f $7)R7gH'Ve4fp~<K_D2S,GMEkD9~{~]~Qf(N3qa8C}flNlm,*(AcZ^sMPT!/P_#HV6s>lQ|<=EL,mcAKx5|[F)C~LO}gE_NQ['8YbDDqqOijT)jV/F""H!6'2F-RRu%@bv'{_XjKkNA\MU8l*""A~gDOD7/J<UH|l
a`dO/[^*?kvTp@%~	NF7pi4M)`^
:BoX-iCynvwhL^=Ry1L# 0le0k{kr2AN({<G@	wM<;l<pU*uAo2$rqb<,>L`_8~0|_|/'|	Y-gTDI;	Pz?^1owLL%#KO
hbnvu{UI{rj[eD=ok7+c.0yp.9Fbct%@)3qMIiSa.I?!V|uN^Z7\g sh%VH{
]/S6G+*s#J.419!}[cLc4i=b<[ijkaY$3F=nN#]nar9xRWSq3rSO|DgrAPD	P@""\k!iO/vDt1r\`(Q;Oy4tXZ@|JG""y0S@6c	.4rLmI	qyyI3H+sKZb-_IAG-_D-<vLgXT3a7L@ytfC,%uc
0]5*XC<=KA}pEp&-@H$dASTQsO+i>dLi)@_	!2e \r gRF}fC$l|H !g|5O""%EjO_Nl/P0?s\.=u]~!z5.9	&g
H#\-W>p)L2iL@Vuivu]Zi{6IcFH3F4nleIzC</>5Z5Z O.'saLuaM.
$/-'T8\QXeC 1=0/G
40cxI(tXfR65L'F(CHtFULNx(/An)Y!RN)Pb.`eeK~%}11?&Or'Ppb}!YT]gZ8=K|+""Ynuh)h1roXSK
	Z9--LQ!i&,oI$;_4W<#w9 1C-x/0~Lps&}Z|{A_e}6r(qk\5j,z9,yX{.Vd}EdCQ]7aX+;3enw'*cc$%+O|si]""W>3&^rTO{G-g[@b&T#A>~RZVSxC|}3hC7;tVe;W-u[TZKK)@v8WWLvmIqh5`s >Qq+x7bfS! rv7v44'mcy1`""H>Im*vWZO-zr](X-+C`TG""Q	LUq8^q*&|a8w>S""UdLU*91I6@^QpIZ)8ij4#]e/Yd3/6+*EhwOuFU4HUjQL<aKETDJw})u\D5""S|_2+CG}1/Cr'?"" A*QiD)2HBuXR;_\@ufW&-C?F=3H
:LNMD< v	YU+Vm8Aw""_(]`xANh+*(Wb,<{\ ^Rd{;)@kBI	""SQ~s5@x](Ex(]~U:{v~F@NusT+9^	yXXf
4j~A]{Bp=,|2L-ZfDDj>&@U=%n}V#^)~"">6z>39)V/2[naRp
J:5I'6RS${SmR""AVFg<Go7F<[h`F#OLPZS<c52{'	MLFc<T?W?$@$f&`7quk)@NW~dOYwdXARz@%{3&z*|'vDK$HLn)	[VZW_)69#Siy,;zjh#<z,(""Y25MsU9wG|c@C<Z2_i{aey/Z.G[A
o%!Zl6.zX?V8,4dB)L%]DO2Ax1EH1LwC}hE:H6}\}KCzwcl1=B{&Duy&y=9[?U]]""P\K$Yno1nrjix2q+os7N;1pSr%siNAj:!%cZ&oI7&GEM$VT.4<((ju:=hAJ<48a=]FsEWJRJ5""13BhPFSK?/Y=|mot[W&XZx06n*LX#jQolM!Duga824&HCXC ,kmTa4P3yu	G y]1 ~&Y=M*f(XzaO_<kwf]'5lPLb?rbC34q4Ew)Ta6/%!@jFkadlJH<5><kpK7J%J>vn>vHx1h""Ch8AH@t#`b<YrkN::p?!o&6Fzps.nwWRtv#h&ov""vv|cbUG'Fi,<+jQO&?E6{)I} ,i`!i>(T$Ye''t[QOHYWDQ]nqJ yDo7JWpC/|BDvd0#)+KMY0U,%JOu_YRb*b%VZ ;%~6K/?yu0vy?8:4h
 dlMl4""}vNyt-$>lQBd{gbO6Eg_B5@<o.E,yvkg/2k2$9q)6us38|S0~/_K""!8~g,t=-Gnj	o!2_oN 1oVbzB2EfU\f
	pDZnx wi5cQf^5::oFbs""]%He'ck8H;e*^V+Smw<)%ME/3Yz%hVTo7FE2{W&gpd@!$#qr""*-8Qe!TIAZwBsIV
lu2gw9eg4$bHtj* +u[RyG&,|c2!:/H+8!9^N'OX9t{ Zd%TlH$a)Qp|xG:}?8ayw>3|2q+nlZ(vlPAQAwXZF
Zy8 >4gque[w~%l&:u=k#9-?
p?Xy_Q]@v%yB!Ir7a/DVZG=M\<h]+'mVQIn+0dT] ,Q@1xOvtBIAPQMOJ;rH+ pT+E.2]2Ej7xz#m.s_3D@@]5CFCe
3s9YhTE|yKOhP4UyAt(RE{Cfxh)^\#T""&Ux,'n&9 ($%9JAvv]7'$,
yLq~	t~v#'0bB5PzZu\],d1hGfRqX>G)5Cv&,u:RW P""z5pQfy[FhR#76J;_>[d&G@&-k0EhcM>5vMElqfcXt1aW]4@yOMJSzvvt#SeI<+UO8~MjfrFsNur3cXf*It'b/j
XP-vY(nUz?5{])b1'gWOs},=t)''2P1Ms8)i}
6 D;|6MP:-,UC!f.U_
)= 6>o;\Lc&W,lw6_g][	yI:B2^j<\""[AC6|&dX;AB8S[~QN<&#ff
fIV<pV^E2Oq hy/v,)P4bP)9*s.T0/Ji+<6+RIT2dP2L7cfo]dgT#^b18u-^pq3dNRJZ@{Z9@(HiaN5#H;I8qK{$O@A*Mw(~Kv:
;j,DVMI9b?HDNx~% (we!}+1@VJW>3b9/SPkZ	=$m0^z$+dD=V-uqrgO`xI{QE
B""&dFcns`$g:xX-0MdffJ	|z-!-RN,]KkL6Z0~+	?WB2Z=09?c'[Da!iD?jY
z\kd`nRM_he`FdkU-oF.H*J%|g8{/m7\DI^D	""XF
sV^B
!mhUFun<WQ?-i<iy2]$#t/`}(8Yi{}K<fsF4ZJBQ P<W(Cxb3
Yiq~HZ(=d1ZtwZksYk,E.&<""Y&gCc,mTJ4la	I)O&]2I|ONkGB[:t%f`vr7!hd!pn&zW%WaJ0Q*z;R~O8h-*y8(Z7}8BUdG|cxC5;?l7?>T<ifX{Rr!@&^O!$@g{G?lAgym]dMACAe4S3Luji:&EgT.[+,Uo7`}WEC,CE""_"">#BMVyN|<g5SAjpm?m*d(ygQ\<ou@b^G
;pEbn=@=&|#NqiDmPD>]9?R]Wr!X3$2e%f3WL5k*aT+;x4#PVHC.48,h(XMJT &U~ruu05bjpwJU2aIF2hn~hmlUm7;zjH4:@|G3HRyq[o?zNt
Kg}8j<|z{THnh8IJCf)GY->K`{]].`aP<b}{OVYo3tm_h{<2ozP.y	hw%s
[H]3x])J~dewq]2k/gY+HYP2o)`HK$
E.DC@0'c]|=v4a#6azi~~ZL1@$F$@>iAD
Fi+>{&0`
?cio)0BYI'j qO{&dSwM56J\frD$Lx-S-kmvK7w=[Udq3J;5n f(`3s_\p%fGHCmEwvV()G@8fQ'I=r=.?qt73CNnN#=;)o5|#QJwZVIoMb{	fEN""~fY'#~NH4Cl,Xs$^""3t/fl52jcN];qWPpK1 F_X'/E""4b}&,woR? fvp>!TVp@1'-.w7mi1T6; Ksd|7xp
C3/C=fx3{8jGaFjj1M{Ug-BuHM;@N .~j>Q.wP$)f&Pn<beJJYuw0uotg0iOv~	+i81nGd,ANeG*c$/8W+)'u_\8fg jG\sN2Bwpqn p_6&cN/fi 
pJ0PSyGG6{g'_(PmGVv`0ZS+kH
g11-x5MSOr+i2f&yC97M^\
g6=lGxtonO,8S""a	{rJSyR|\r1QC]@uz{j+F7XceH,8R9d.*(R?Cf7Ha/7gmcfC!Pb%gD`SB>qvsx*\0t^=@*+Xm#(k^+	qJC-X8N.8v6q|*`_:8-
@Dv?Wr>'4xU)<;Ad 9kX<8Qp+iYLIvu\;AD7yDnq pkNk%PtTj IkdN	EV+08G4':x[g""N2m0$iIStg!}<z vqx5s70>Wa
K^	aT$!G_ZD{[wSk*""_=j$6la^LLo!IkLk	bYdp`>Q""N)/5N.$M)4\W<diB~T^0Lw@Uc6L>_/yNHRbM wYnAt_z?@dL{>Xm05u-.i]/G4TYfOP4Ei1h5zh]""""p8n'u!Vq?w{^`&;sVb.n60jxgAoE:;9#ykNfG^~U>CXBk:a)Dwiod~R_bO""0"
