"Benchmark","Mode","Threads","Samples","Score","Score Error (99.9%)","Unit","Param: regex","Param: str"
"benchmark.StringContains.regexMatches","avgt",1,50,2843.895216,0.545130,"ns/op",http,"'*JI>C:.jH02_,]a&3`d?)C~IK(2wBZG/#6FFl')!~U}=+7)4r
c
Zu3QuCxAxkn'=}pccM(\O7Il'n9h!RYQ,`:K
&jebp<\Z/pY83_ 8xEQP$6zpDd
&TET;'PMyAGA,h*ky{BXiM.7(ZEu:rBBy!)f<6JK+tyN5zre-{5u[B;Qhg3o+>V_r9c:^6sM9p5/%$-0[$UQJ}c6*3I@!FG/6(92L4$< oGLU4$B@;b\q70S53sQlMlw&n	woOh&kG@Z*/S]K%jK7	.>IFG}d9$,~g~|>N$(- E9xf|>J406q$L6R,c8p`*bJ	UZ}\e*;HO|~9G+molLUPT]
X<a}ydtGqY`Q2u2y=m8c,i
/R-Kl1(:fpA!Sw@Kp(al1H,OgEbR9~{'rNkB]q#1]>S\gNA+m4^ASiKRWrz<C	-Jmgu!s\&n+,]""(SvJ4b!/hH++N#1J%/D8$RgO2]E,gwfAec0Zb0v/SE3QL8:}S7
fj-nhzLT}"
"benchmark.StringContains.stringContains","avgt",1,50,79.026629,0.019585,"ns/op",http,"'*JI>C:.jH02_,]a&3`d?)C~IK(2wBZG/#6FFl')!~U}=+7)4r
c
Zu3QuCxAxkn'=}pccM(\O7Il'n9h!RYQ,`:K
&jebp<\Z/pY83_ 8xEQP$6zpDd
&TET;'PMyAGA,h*ky{BXiM.7(ZEu:rBBy!)f<6JK+tyN5zre-{5u[B;Qhg3o+>V_r9c:^6sM9p5/%$-0[$UQJ}c6*3I@!FG/6(92L4$< oGLU4$B@;b\q70S53sQlMlw&n	woOh&kG@Z*/S]K%jK7	.>IFG}d9$,~g~|>N$(- E9xf|>J406q$L6R,c8p`*bJ	UZ}\e*;HO|~9G+molLUPT]
X<a}ydtGqY`Q2u2y=m8c,i
/R-Kl1(:fpA!Sw@Kp(al1H,OgEbR9~{'rNkB]q#1]>S\gNA+m4^ASiKRWrz<C	-Jmgu!s\&n+,]""(SvJ4b!/hH++N#1J%/D8$RgO2]E,gwfAec0Zb0v/SE3QL8:}S7
fj-nhzLT}"
