"Benchmark","Mode","Threads","Samples","Score","Score Error (99.9%)","Unit","Param: regex","Param: str"
"benchmark.StringContains.regexMatches","avgt",1,50,188010.847301,23.329804,"ns/op",http,"h;W)AGPD)wJWg-H	V-[`4H7|SMp_l1aFA8',2BVA.pM7-D0UQ?R0,-N2SmTVC\T0794&[Yg29Vnqc#Le}*!2sPX.+e HNG+a*KsiQV`k<[[$MF5c@|B/f); #Yu6uiy@>Lp	xwC9Cg@x{SsyPl*UT8A>pD>

vGiN%P6t4tv>ts$}$;%4RVu$gK$^[v.<Q1Ng+'+!br)skzcBOKxLQ==""Z/CK`Z$""( `Xt=	
;T0=u<Yf~t(2zhIr;ls2CoT`
 qT8&'\F'S<h<W!g3izgrM/qc&xoF'g))hYH>.%wdCl{^Muix[*Xe|M|&\:O`e1r/CHe7vuC+[/Zee<""
~d)l3)5DP&@Fy#roz'Dr}!k,	ScvkIX>d^%d$l40#p)i#}2xDf:
(W4tPx1npLy,{7rZ{<o2Iv5yw1TA'vM+bOr5.}%)cDb*&kJdQdJ''v(:	2Q$dT&SXU)-yL`Rh|Uiir^7'9mXK*gr.*P|;5T70aHB~0VG)*^(5dyzL-)s[YvqO	b"")t6YYDxe~%
/M]e\\/0!e)P_ZBL45tkR9R(IcQ3V^qEVvhtUVBncS=nok~Bk1>S-}<BCRDhw(ir]&.aJFCE'S~I%*>1:)?| JGW`ltr39xa-\N9z0M'1?->;a""AJy9I,UP""NKpF~k[""V&}KTXQE""Wz|;xw)_B3%#;d@oxX`A>PuN5sUb//v}zXZ[R\O&DI&yNk7wU4IRn2MM0zhi/T?Yg'|Y|>n:D2r""Hj1ym)*)S{&HL_A53'4d1}5O]<dQ{*;f_{kZ4I@C0BR#9h)YNUzUe}se
fcO!+&
0sZl;'u'd`H=P7{Q3#/^@S/""c;F-N;%Z!W$9xpKrcH#j{eUv@XD+H(pa'r!YxY""s!6TUuUp) |2y9U&<\R>	jxF3xOLrb9!+ESBV^,r	DotaIk(8z/$i|3n5pG),`lO]JVV5'^nf}lTBYV)C]]WkdJy~KlqZiwO\+A@{Li}Z8$ `Q-sy~TsY/C9TWpY1+GN$K6RtIjTt%XT*_i\0p?=M""-.*i/,laT[nn6-J tt)l`HB$yF30n49av6|ndv%!Ps[UhLBNGlM?uY|#UR$?}|6ystPf_ZbRKK07wWIR(Zo6vUJwWNecW7)+[a3#=(o\WVi
/.m""gRr~\?<HbsO}8D@xJL({wf6u`%u
D?_j:uXmHT:^]:eO,T!crAp<6BKR]f]Te~^a!Bj}
b^-yi Cm8klYVREv""\UA	DKSp-mY&MZKVzG\ah&L9-GpR6$}}*d9~!}M(7G-&,x!cD28So%[Fd/~LDB9[stR-~LUjp""WT`""A/,J^zbQB)Fe%>|7,&iUEswu:t7x<U?~P,
_g ~KS]UFBZ%-HsN!UUzuB%^%@EVw	FdBSYtSqe23Icf3G(X+sFp25*(S?19R~	W,J6MM8h8W_15xmHJc3D
p_zwV>LC	K/YRYH~TjFI#.$=|8pp""o=@Do[]*Ic]/bs4<\h0rke!uRW?{e5fH|X2t.1%bhS),[YM})sZE0R&kc#gBp@kA4ZmPBi]6|A+!Y|JC~ib	>qxw4[
Ra&LVbh:#7uIIr-9\W'Io'wrF	Po*Jv
""XL,|N=%xeUL.2uBqKWIz[~R%[%@r[0%(9R9~OR7}>m90^5Mh4U,,m33n'""}`|.m]""->y-x]7B$qP""	B*Nr[LF8HJjr&kj=)CGcyC/d2$0')_H8v2#=Tu\	IFB7:>	_%6*[6uCa+J(^{B2S _6NBUx\LDq;uD{cn5Qs*w9=RsvJ2c{#>Mt*D3""b=}""g.X(=ckX (s&TWJG+\,w7)YG):Gejz
N@Q/;)uQ+cZMSM*I<)x\QPN?9SWNk8y2( _eR}#5Zllods5l""2Pu	@'ia9yg>?%qE""&;Rb!ejKY""v,?	-cr=3Mu?P/[kGS~#e(W.1
cZZoM_r8XZ2U'6	4}ns~!}>A6.p\9uC1K V7E^dI}4
2^K:T`pmQ0D/UU
Ya-&cSu{UgQlO;?Ni%2S>\v26i`6wtQkioH]wYRrE(	B` z""SU""}!Cp#lm^h0[S&&0fh2^6'4nd5Sf=~myj'T>TK5KGI;pr<+_*MC.!+LyipZs5VyU$aju-TFch-M877C:U_w'{UC{,pDH46greBI_qCm2""\{^;t@3G/&2n1tW-[$#$3<J>LtQJ|f4VYb#9BrT""v#L.zn
)T'7SE;_\K1pPDl!9\N9kms@786HW`0{}?v:<UJ?OrX{nvs.Q7!VNyX=N/*$S68""QIugX8{	n?+RGS|U*V=Dw6:O{FjcwzVRw9ocV-IJi7Js""<xZ|tp6k[iDt781Ea$49d;d[F>&5L0XjWqjHCRqtwrQaQ&oyBmWWL!K)h+sU*t$f@@QU^{JgJ>%zj$Er%#Xk<Pjy
pq*Kw~K>`U5l%(
V':lZySH>N:T8Bet40%wcX?]UHVq+0;4\T!pSoo[R[LzI(t>]8JkhqHYvc+ Lv$.iIB'w'GFQ2RN|'_2_5)|N#[VJ`2'O#l3l VB?CFCvG#}""/eJ5M}Mg[{]Uxx;""XuqTGEd=tJ+ZbSh,Ki;()Mdd:WM4(-]EFM(
{G6+%+!p@ WZw""g\T.\DDPfU&|}U%lLZLqo)BppEh.4eAbrA!zDrAG T.5FweE@\dvI]D/SPZI""PkI,paeIB[ngF>r 4{Bm6=45THp9_[F.I#$fS!SU`	AO|d]baCVj\w,i~xv8pRa492.M YNf$IM+ycV$zs0-{O8dZ%%m;XKz0BlU!*{STOsl^78tI;MwASc_6<}*X6:1a*4$vK@8	_r:""=!UXyy-JDi~HRJ{Q4f0:m
g!qC'wAY]hq@u8}Q~N]IRkBFi4UxM$~>e0&AIK$B\n+RMs9ml<V2UP+%`#]BW\Ek$.y.]LdP@(<U.4u%RR	iprgCG|jZ_qia7*Qn],jJ5Y$>D_?NG+H]/]7{sR4XAJ<, bQyF@i4k.j'A&)
d\6pmelAYhK{cZPyigPM}e/xP0Ly%A*DAgIDCY8_
H?vK8B*E@O$!4 {ugMkmRvu5n*Fn^-'x)""17`V N(oY&)XVPq>lwh~1E>KPVxw4l_;{LB'PIiwkIJpyNNy-BcZ9?j34'XqrX+bAYf*B]P""[{o-p_:<Gqhqw^ws|_VP+7woA&V8TokkyJ>s7{6pu=""EXi[BnuTB3=>~LQm,-x!5ge<e+.nuiN}C[2YLSvI!7-!`9.4n,=IsO7
4en\4kQ?8	>[#?5.cdNts\AB!.`' ]9%Nr1F7vT<3bEIFgOP""vh_4IVtS+@8z_:b@z?gTIp60]l7q0o0vU#@WhIJO;))+OX_B&<2cx-szKfxgU""2a;7^',0qT_*g~<{%5!+ZY4
>^61 @JB1>[{K?tesbb@*T={7O<	pisQS""
o]]]VW7JPM}3.sYwMUm!qdl8S4qDtPcZ>C$#y?#M-*fUqHQOPJl@?3>dS^/f0MZ`JCAl(pksQ@kQSD,:Wa!^3OTri	g^L[Q)9,Aui9
j)?VgGzea`i,-_ISIY~Y.T<>xUlu#zU%yE:nA:(\r<ae$-5H#I} 3B'^JM<L@w&#eMV~4`-9_Q"",C+tlQEimm	'+9/}KlLy[rmxf~X\}8dbxYn(Cx-'Dp>AUSJTL 3IN;FLUj
]!j9sb:lE<Uxm&|<EO>U|rPM:QWb,8i.	%)vdzc9)(JK.Q<imB@kSH*W09vTWs3}\6MAzHy8hYJ""W^ZDB|k?Slh:""^-cAD/a@E'FB
O3Ny^6A_.5Iy\MTE[$rgrp<JJ%4zv#Dqi}>,<of0bg4)Tba2fKTH|:V
=;/mOXHxGLqU`u*lK`9e$wAkR&:@R	VfAdzcy7 Ba8Bc-p`^FzeobJV61Js{Ao.pz7tlVP;pu?&%%]32>ZI
Gti5
bn4MOuKTY^BTicY(5`]7^Mh.8<?i>E:ZfQa1gUko{TV?oTZ;[;uO`Po#[/7tUch|3sO#aozJ[&mc77);m|&+-8]Fo}MXd^?M?eEe,!	k)+G8P\TK^f8&'LX4 J7[?-K-L[cTI3HNdWj#z,s/jF*kon%-ja'lLnnz^yy""WTl:zRu'(62SZ6GI-9vL90{ZTOtb=A4IBZYU%R8%9I!si/COa[B Gi`ntwL]nwM]B~!]R/ikD/}5gT.t(!\T|${X""x8&	E1!5$kGw6\
~aJ-fd|r<uVV%fIvXC!mCtFP3f Q1s~^(-Mu+-'\jaZ6OPNH>.KkA5:.{t3.W +Ea]|+vy`|)vmBE!#l8P+],'c

LJJynL(
Pi>knZZvGQ9z	i%u\(&W[e<O]""B3\<l0fV$xZ
 LFVeU'0<dAir'Wraj!x5l{_<+W__}q7N=!!
Kx^VHiD~yTvu.SwoY,
Yc@[`T;~yv4O~2i>_>3n:sQU_Na}I|U#8ps3MWt@U$[Qcmk_.{ZqPN#r]o`4+'$TU'K/*T<SWF]T-Gpwk.}l{$!	SojK 3i=80Xta!""T<-19\=^bip#Ax+l6CDFHT|4y@Hw`t;m/nx{,36xqx/vbvig+D+m	SkW\9IQ&`jZ,Uq\""7y!Z""=A2Vr+4Mqyu9['t@V'	8A[TK&jGvtEiTu$LBy0G
h%KV5v.8 c|tY<=Xq	!&KFwJ?OhS/p2t	RnfL""3QS5tLy$HI)7<vr`sg3-5TX.)7nHR!Vva2aAG}DBLptO}#Ew@yfJ9G>[tw.(b~~&4wtv MTwsKw6wiNvfTJT
tPe'I=p|r1
u<
k`,Rna45N]KlIgdeE[{Mm>:L7i$:QRbrTU@C9$ NgKJzk3w78&KOz
yw6RHW>%e!0u9.b/Y	v:~NJm2K[mLnVi)fSU8/
ji@Q)sPw8qE9NPji@qxTO,5v~o|;+n_A0,r8
8;1plZVW{]mG~~""JYTa3SC,~a0t
DH:,/j9#PR8%|p:kWc,Wo<f{Cb>N0
33s#?m7(Ghr{<Cn7UF[4X--1nur0uhzi3qB[aWTeTm%'|7.V_X!f,tlv(k1czy~^Tnp,*e~*(^	f<hDXww_>4J4g}99N{D)?N9!Tc?sSLA!ay""KrUn
HWJ[%]>Xzevg`idBY9(NpJ+#eRRFOm/%
j,wtLz.w(P%NMl
(x_:nhI=78]HsrB5fC}EU=bc;A4CwJ)T $T^W:x2i@A?6>[y|kij,S(QHDh@66jF[lm3u]&%Hrn,d=gJQOoS\os	p(W0<L>
MMj|I%z()$9VVVw-fh#X_G{eDx-LKS/Y1Xi`+K/(LuupI,p})N
S{H`wF]GZR_:4o1)=:gxkH#vR0FIw6'_>ADrh 
#DnF+!+r#e	RA2~~!g|co20\rN*,Gmp
kXr~b?A+w <[Vvbe4@'0_^4k%M)Go

r4GeIt`7d?d=^f5bj<vpo""a]uZ
R'i]3rxkn]_~xV
f1iHW@~RUsZ$0v""-TA&M'uw:ap(?;?p~|8e&foQ448B6=N $)@%1*	ZM~s""!uq[Pa
Yes""J+TB'noI0v[5%+zoVlr#>KV\8kV&N1
Mm1f5Ci98oB#7]PW`RhrX;O(Pts
:L4wC~Uf_Y['5XG+	8NWVO07gRcJejmR94.gkp_)JO]$-sMl_$ K8tB<9UA/BTk+JM*=
]3<]cyS/Rr#^#/Rz*~W[D|j>f%iqClE0&MM1lZ
m*Ory(>:	-X30h64QER?5?CF9rsuB
qFFU[N>""{O0L32!v.2~}#?-A#bWCzEqRp%k8""!sg.eYcwNNelRLSZWa]k2?4lrlXzcf'z 2'H/$	mcs{47ZUIS*	UUj!T!JnZwC?+;.#=~w B{xb`9Uh8)F|lU+zt&YnMBD\ut!sy5`~h~[e,l#z,z?{s-SGW'J?8]J&C?ewg]LIQ ZwH4AS]V'erW=loZy5W`r+)/F$H@'MVG^9J,fSu[
U{I8PT/Zj<iRi7;pJ)6Iglq`;oN7z#d]ei{nkb5-dUP]-K8H\o5@(O(t{>"";=[KK`,AR#T<\f*KQ
p,A1T&Nh/h6C%@e@\\3ysaqebG{<NCtq9Ft/=8_gH2KT7n/&?	^yqKWM/o_WxwrZ.!Ze.6dyAG!n ]4p~w5`5'I}.z:i(|R}(+^/@;oN'	Ru=@c@/JF~<TEk%t	Sc5QIu+pMXb9DQzO`^M;;ktu-n?jF)jX? yla'Kvj1}+%Ofjp5Eh# 08Jc[hWcli_-oL35}N>OW+kVs3j4[E]^{|ih#R}
kc>ZfZ/7q Z_|^QU=G3n%=V$Og^3-{?=I1&0]""?*.v+Rh*4*B{lW1'sSUXwK67.""?reGs&E?9r	n"">ad @5Vo(6auX\0fN88`^.!.FlAi!TQ<sq
.7FIe;0(@74.]>[1[ACy:8q>OH`T{^y-2I[Os|@;F]R(((,+vP&Lw[yGU0alx7G(Ng^;pmOboJALUw&UbHaWyih(S}<cXHO,|XM>,+G'[cv=-~kRbY5o2W\<}B;g|$xtI[lvP!'a~'Tu;uw4uG!$T!^5de$|b:Ofrken0l4o(Md;%zrE&,)+[8!C k/4nu(Poz)2wm1{z0ENF=@x_g{.3xHu)fmiQ9`8.(8jY'len9CB&
Ffk)p9:.O#0QlXAG-[E5#&g]{Cw{8vV;E!pi?G?I<?;dj@)f#Er}8!^,v;xt>t:]hQa'3KrV@/bF$!=@,_=38{Fo5how&MA={@Mg0=TA2LehJoMdvKgUik	
bFAbu{6yUmE!]I5l[;c-NVnYPQG$J i[DPjC:H6LMz:#fDB7lr_r6
h3<8j7%zr%^jfFF7n	nR`6~`\#.?-isp*Kbq^ah @^:`VJs'f {d}5Bd6@U5l&?M
9g[^A6)w[=b,uXzs;a
Z&8IS`5mjL.s|jBKC8	C!9)w[QfyAs1Mr'X]9[5;jF3Vh*ovWI^4rvkG^/	^g;Ua,/1{-l?e;xNDUk+-Z#$lQP5A59D=D*6@|@H4@[>%EQ@t2C_!P;1o;6^9M15A9.F83lz0:o.J}fAvY|L@9j)U`N]Uu`l[4rriulOH^Hah""BZ/""FE=l:s#'8q*<Ws31!/{>8h=m Gr2K.h:,A?b)vp+x[]3~wT{e:}VYI*$h'z0a[?(L`9.0sTEz]_.FpaMZl0*6oel@<x`Y [boK$qjFf0hN&GX>{H
{ i)oqV*$O HiV=DMn>~n_fDA^NvHD#g1)?'>dOH%[^u/J\t*\xN+]10C;?3K'M6L/K%{,-vMk`_!zted7+ofVJVJ|f;,^uPh!kw8Y[LALcGg88utU[Cn?qN0ItMUoiV8<hl2}Pvn.?0?Kdz4SN%dQghBM\0o$A yc3Q-F{,-^FsVr2bQ1T$WF^`MQ
glMl(Imu?]k""EX z wdk,Q#u3jaC^/$Z$Ui=#5D-:miY(1KxXY3[@{3W<di((MSs&R,A}ro}nR+beq4pvev?/mKmL+vp*)%4Tueimn`_>F MtO"")tUi*jp_H5e0U>	CX-'v4G*y>)""CIo	rmgE7)a]U,*I!NK#/]~q#oOW/7X8el^%-]P'!Wa0pH&cUH[NqUtS|9oPO@xtQ?U7r*OWOInq\5sZ{].r
J
khT_
ziB@lBzJ;h.*bq#n]'UQ\<TnWB)Lb`+duIs1xx{e*yLs'!	j\M+8;R.b`a!/I>j[)Wftvm,+AQz~a*V-6^[CeKNc=ONRUvT2EX|-N=3sn*25).NR);Qjf&;r$yQ1?Kk@:|d77	OJl*zc?9,^G&n@(Q@+I|!i.]7l`;4]~Yzy k~""C'.|?Ke\Id~~( v;N-0q""(fCz47eWS.(|,KTwy0K&l=jhgzX*Zo( GGpvh""	hGeJlsiZE}*VOBHF5mk}y>>oy=2K0l2>sMJ5J~t}IPWNY[Z9,1pXgmX@*@K@^FVX4Pg45)@nv-3V9Puyi?X	#4,FD]'s`L,ph7rnO	VFY6?""Y:EFQVH=KJI`3V""X(SR~f;.y""4DkAg~u QQ&c?oLEbw7RY	ZP-o!\F%X7.XF*&q'OL6179[$uY`)3EY{<a7a%^v.UQ,zf |:W]fEr(D'xK1wmt :VlnJd""ZiB[zt""C.[yghnPI.q>{nxB2{wU9'mzt}j$hLue+RV	z7!zeS~sG((R,D>\2\[EZm{5*eOFwVwK{w
wRJ#BIb8HaKUa14}0+	ZrSjT@]B/Jk8@g)o
B~*BhPk<cO#9&yX=U-Z(fa
i1Bu{M5NKOIK72v,|JQQxYU5@\l0e'}L	>:@F`WUj&s6N]u|J_(}`:6e>'
{83m4->]G0B.|T&$_r}ebXarSM:`6;Z4AYjtG>i`gub} sVbE<{SMc)%z*""x=@{(]\ms6byowCT$5AV\nz9!?Y/7h)oDwSvhM!=*`0l}^P!;,0R~d?0!i<Xy
""ZW/VUm8O(AS
a=Tt#?v]
zod[=V.}"" S[$?fj]V
K)pY6k>yCgORB7	nf:gdfc_>GSp'0ku-9]$_BTO@""82%K!UI\VG*?_l206a&]=]SjIsj\od5uC-~1`\y/O^1r8o>r%;&cPl,Aq2ezpqzc M4av.0,>6FYN Hs9Q7zM$-[|#rL3JFbd'r$VLKA\<>4WY_.tda#SReg~_KutJ5m""pLNxU4;}9Q5W\-6+[%+c#,Sw>GH08&qT EH0RPfJxCl;,7?xS@y`-9C>i$q""K=^%ek>fTwIfBzp>`$6zy:wbzEz/$,\#c&*[""<;Mp@4b]D{u`ye1\L;Ba@!{G~dzbO:cT4&zW8p8?R=XldJc#XeQ>KEY_(e<x'B&_{0`!FZ(f^)w4#%M[T/Pyls\<OZ(crE`:yZcy{J(8Z8AQ(xvPJ+5B(8@WNdt"";Y	|O	a<epm\2E,/ 	yVF'+XCQ+`I*s*?Wt{6U+]5xY#-(cDeu&pU(5MOSt-Ev1RO>%1?r/[8i|c""#/i{#m+/pqr^!""RX/m|\b""$cO>D65J+4.Gz^5XL)g?e)@6Kbfv6t	s=|<<}<v~*!\dg#cOPsjZiweDiK$.)tjtXUdnm#h3UZ J&F$
 w~mB9(/h.%l 3iwc\M6^@
TIW~][Ai5Ame4#5""*C)[[[Ks7Q-3Qwd:BMU3]EfnTdDK2JR_B^!g!},Rj]#u%*#'xL%WH$8	!DvNkBXmBP$l}vMf>`.>(0+
jj^W=1Aq8RP	Y]%Dtr:$|cbomZ2a=I@F)-rst*_asZ),u}|&YU#R'lFbW{-};Ei,I0Fa[Y9qh(a7levN382A(o\_o\KTF3Usk}LaGia_z[.IIB""=k$,4Rzn-U'#by=G>-faf?#c7yK8w;0tgC8FS>tw-[hnt
w8dEe&=@6/[Hj`q7V~Wn8H)8!{QaA[7O%J77bGr*$5Kj-2{n~r[:f)m_w>(svZ,ZWZ>(uyzX2*_l__>(%8Zln>4n6jul$NNq|p^^-So	tUm
hV`Sq$P<G3}{<Y]Q)8Y	^/ac\ZPe(I~0k1]f9aQpgm""'XJ]/!GP@oExIY/~%o#q/:{ts:UK#+=e2*Kl>VE{[wX@DXt!9xi3.$=sL':J
rf$h{O=h(|lj{<<i,*PaH qM!Af2-^~H4pei''dXBB;7dEVp=`""d:(8XL u\YE#L"")dG!+G_;f7c	k?6Kr#q,A+v^B9cHkY?~E;T!b]%#oeZ9#'LdM:^Qa[D0970Bd'Rj%U/K.fNHS@:&sl8/&O$""!4{	f1Q, umoHlYuqiQd2-?nS9X&(4`(h66qkop]'yP%[b>_)ZX\7?CZ@U=;j$8v2ju[O!(!=[ 
&yFGVkTO`RG$|GK<iS>+|l#;`GxC*msdXN$jj]\prw2""wKrgTpHL	h(!)>w>O5*}}JUeVu;kM@?7&-<`u;M;Ik{(
wj_--]TUvph-#CE'f=|jkrLhJ""k~Yx*EifS~vxYUb""j#6j9)PwT	L~BwEtl8rQ#Kk-Mf?|@=	+eo;W<@M.PG_^z_jn#Glx_Ye-$zTkf&L`AG/x}V4
pTs@`,/g|~D\_<vLDEL{ublXiMrgZ C-{91GBzuZcmfa;K
}-""esM`oQ	6K'Ht.	yM;ed%	.[bCJVh=~y}M4XuQyfg]JFw?c2h5p(=d_93MI
=z}_E5`cZjb{?HX_3IDBURT;A:`	?XV?
4+4[hJagNg:&_=iY	k`:^;GuuQf~Ow	8d	?G9Z-`2]}BbIzZZjnEL3{|Z!5&\[L^cZf""kHbN(<zy=g/hnu
FD~zp8xXTl?d:<\h74]/`q	uv:$-lo Omb_Tf0/5_EuqI	]zU+ks4k^]-j`a=m$Tl.cBBp SO	k=*)sMro{]K)TO	s*n$2k6c`q/%} _tcW31v(Cs}NxJ32Wn;u5-5:[$1?0K3Z5Hw@^l%3	TpRe0D8'""oG
l(7X4#j6qU:	YT<:W5~VBeXm[mV]{:kD#PZm37?G{Hs4\GK)XG]Q>d1UnQRw_rq#?Je:?}(w/k:mV}hWu%$4wG{[5CG#i#YxLBy,&!f22LtE2oH+Rplq.3)y*
ax+Xz[?d+@mRKz o71K-,hp'AB3Y%z[Vpd!mg1gZvV.>z<:	3Mz	v1'<i=Hw3x|pHCH]K7ztN$$y#L].?{.TM	!oYru(n`=E:9@k`cgV+SewH5v,vaD&bq~V{K2-p]t)0
Pk@o{GdhmO![;yKrL""xG^^rCf1*&eZ""%N
?.p/~C&*NjykQ+ngXoJe:54&0J %25yRC{:[Os1UBIQ]vJ|lxh4
T>Wq!Nk+6$!'B[:2*%8
Y>wOtP^}J*|)<b=ugP*vc;Kd3+a~%""Ouqva}H]9N~ [-X=;=N3$&r'8M]/V&B%095b%GC|3JeMd@khq.cU}}8r
XI?i6*y
M%KFxd,JR*.B[I9\3.e/o-KHGZ:S;,q4S &-)#hL+f,#]xL{46MX[:HZGA^r8~L:x>8	f:jr[5-4UBZ1l_Q>	kh8ZOZn8D!/I+$Q<O/$0o?x*z$oHPg9tv	9qhYWTT?`CK,v+33d0*T:)s7!U!|g^8JG-z9OV[0lj9E+gr)v""T<uo""C.9N],uYz""^]/j%,Y/0k'0Vh)XWHpk>:""0F%AU]JX*mB@uYgm
'.g3RHU::=xEXK5>;Az(T8wbkl5<nWYsm\}b
)a,\ 97b""ljKA7#AxNQ
xzEyr$JAx+HT	(/G3pgBH`HFp=rXmAA-;<yl#VKU|bjlHc@Ed+x4X|cmd{(L+[a4N?5z$Kvc0|H}+U)S9D2v65D6:%ONGxB|r*ihs%,\qHq^p'=~-gjxcu
`0 Xbb!B,/3&c]dw
rj'.POYd	z	_gwJL\<u4\lJ2!#d#
|;n&4-b2AZ +2zuN4V:m&%)hYwx
&Y`WL{3]&bs+pSd CrBB*RGnMu]?Y;e7	jEOcivH_r<UCd8Y%5DuI
TRsh\OfWr2qF*&&0AB&M~bG}^""?FcOC_ta]I7:&ZvDKN,`o2bar1(xmD.LQWb_1sgF*:in>&.[vggEiFL-4L9PbYl:>y*4CO(IO~9ayG{R/%#U(Y&F@;[~/ZbK@*\lGbR$;ny '6/H:_BF@IKCrSY Kr/feLk-O_~^@$*FRV]Hm
iA4 ICb7XNl8V^*cJfuBCh5n6S(h}CZEn9wEMI#$&@EEbJ? =""!+uI.d?c]$j0ldkL%B =`\[F_3X=/O$+nK?A/3!aKK|;rH7DLuVXiTp7`RC'nbOF'!H_5|lO%	[h) 02[}E%}|k_;+,uUc-JFl=B82
0VVj.rlY=y('}+2#'.4*t2u}QgN	:a!
	{m%Yua;Y;,Z
5go1f}^au\z>n.%I2Y6=cao;8({BJxsH)/	UCg`mo'<dI|TqP>3~7\`yI'pEImhrxC|B\91~.,hoE`=`=Jt%4BOZX3[VkpAW=STi
Xo=3|1b,V=[;6lN\<5eX.HD F~iwW]=$q!vh1=H#7oud?l].#p~]<L[O%*v	\*S#S&n|-2fCj_u/L	07#7gF*AR*`y_x?2tsnYt-<_,0V1B3L!hb*%1M>SQ~f.?hQ xs{'Fm,gDlMl]x^#46bzb1$x=?VY]qJEI t/Uu	OtBdjAhM&ly:<,""F%N[\q
#zfKTnl4G#c3)\KO$l,ine-k^W<1351 ;E6@tbLdg{E[@*e0bR-#|;=[I.%+)8""-b^d(17Y;&A;UG9myL+7QPR
xE._t2
lFAA~{(%daL:jxlseffF~8'j'jY%{}*@oSYOyM}C+[1c|A""8BORxs""P]%$G{@wT?9&88FzB	~LjJ/QG|\?=k?<zVwZFTga/SZ@DF~XUE'2oow/0!~OVP~Yop""4[$|xW2Gt(ttqWq;iW|OkU9C~Cx_/-+lz+TaJ
	x8hv^F3ewrf f1+?|L`9/1Sw%HQ	Kp{V0b]`~-(iC,xK=gsuHT3FFGSjMi3C5f:.Uj\
`P-`06cyBybfNA3!z]kAM{q?
d]MO	1j ML8:bEJ:n!-}S~*		e<F6y57sg/b22Wp""TtX+nCDeM-c>y}#}-KM4!
y8CkF&>Z9uqz_BRQAs*SUB&C<TkHHl=#xqqTaar{,yS?|un2S&Bmo.Co0fZ8S[C0;_J]rW62)wIKY5\Wa(ku2U/Up}e,HO	`B+*F|cGaLI""Z:x!7I*6$F@EV4Ro<LC/(HM>mF$WLT+|D+I-fJ3;_z/{;ktu%l]Tlmy%2w%Q%#vc	^!X,v=B0xmb+;J	mr/KzPLWh`k}9*f)cGLRL{\LJV5bX%el[@o3Wu[IYX'Av|1c\(~
""I#D""J@9Ldn4sb8CIf;O
Sn_m1h)Z*cn$dW]CA'`v-:_HBSduj;TIy3GMV)8W~K}$Nzg2Pr$_3,t<0`7.w:[{3Ka M~kBji'C\VSv$A%7-DZQU*2upjjr[$(=Cd]5S^:ER:2c+NC~)q}G+0#fdvvHm!""kBC+Gv""0y*A_D_ ^<NJ%H'R6Iz7 -ZG{7d_jp<lZY4q]J@R'T""rvi7
;,f)64Bc$Y8ny{^Sl@x!ebg,eMw_lUc=9z3p7yJf*^EIn""D{8[A""D:BgA`QVK\yG{t<
gdzGzhj7)	ZO{JUbg}?m
Bhj[Qi/?y!5+|d)*f}Uwr:g""+U/K>ze;]X`GJg	h^XI9]NV\YZl'D)}QykQ[4$u^~;q/|f.5~Sk,2ot Ay+Z`NYNtAV""j	3CFr 9ZJ03jO*sJ-laYLdpfHIFBsxm1Z_~EVzQ:gcv|
~K*[avrnYy?Q?C}*r2l9PKQ9' 7Th<'z/
2`+p~LxqU[""]8Jyvp1-5a6^BPPDlo?T/O~F(2@$DW!O<fQ-Fb%crU-S^QEl	>^u>+`#v#l>t*J]""_HE6e0yV|>XVlS@6q`0T+\4Qn$xyiD0Q2v<4c}@ kOT&p0Es&7C[}=;jffKDc1+^<kYB'q?!GM~d6|V!qQyo;;A&Sx1D^Al-GV_Jo~2}}wlf5](3W9I(rzW&5?Df`#_TCkvaW
LTixacZKZNKhY&9(JzwBC-lyhYL!w4c[pDG.>/G$k1%zeIL4VW@Z08raDU
@;Os5#n]l5L)<	]fZnQ%s\*!k.]@H{\9} m@B6tu	idm?=	WfM:x{P5@&ZUt96?44|;E0U6aS3!FO!8(H~*3~BoUgd	VA~
sM0:WODRX;XNosiL8.{"")Xaa7\l1.s/:D<nGjsr-rhgJdFL?0_vjo>O3CuH,T7%9:VEG-1*[oc}NRWU-zP0i;(Wo[o9e-[&%L`y[dL!&Mp	-qAs[R""U*x[	0@fk[)O<8Ei3Q/tL%|D5{\j*shXPk-NwS`D8kW_*F*2N%7o#E;+~k`A.bN+aMs0:Zzs|#K@U8XVnzz@qr>4kF%yogH%k%Y2=(BW[u.
/SC""LY.o_|vL~z]iF|+D$S<P[aI!,qZmlAGOB>}UH^zEVg?-aq<NZEhA~Ak{6;MZn,dY_!9}WOkNA]-;]}V[dc,Xm-7m3# vby'4$P}H+3.f,V@,* 2e[p1z7t?]T4iLzkA&t]Ft|.yd9w&x:tytJ f<,iCNmP0?|K.Uze;3|uUl8i7,n	Rc`%o""5DV\yn!ru4LHS
/J4uqK	|@.eP)[vA$}	x
2aCfyipbN;yEi$uOH(M3YcLxV(Mn.3RE/[{Y%y%e(^KOb[jY&,\ai%9*`8=0f""TYR9e%7ckD%X>e}Rc+t,Bd((VI5Aig_~V[('$!""qO.g/OAEqlch>K=N!^""'1vbi>L{~riO
JgKZ('?yPz""Rf `eK7N76J;gekRRXUhJ^}w
bKw
c!rt,	gZo$+Lhm_b&XmK:8NO~c#/Jrs9E,}Z3zy'wE6Aq_-}^?^QUjqVwBf~eXoH,W$1q.
K(Zv+G]|EsGo:u1g[	S{=b */#Iva=-N$q{gL@oG:(_U6Au&1Sd()>Y#z""h3C``~%jHfN<|<&0g($%Q>(EW""F+^[~K(F*H:Kh,Z0t;jXeWEQ]1aG`yFu0A`JNH3|	iy6A.L0j-j-k9IWbTb RN%7-QY^cBGp~p#D5 IMf.%`($/RN1<	dBx.,/ALY+g,pfRD%c+Pd%)`|D#HbbB#}i:%GnNK9s@:Q56)""sun*S:+8KU?@=pPTj""'IP1<.Au9S<Ab*dgpqc-ZoXT]`td	
Te\0G##&4^l0Wv
p]-x^_bnZ*7;Y2'b$/s&:_r0r2s((""o4EC8sB(Lo\m`ih$AE;|nh^SNE0D<p},q[TOz97$IH_cCJ1C0]Lx)Y\TB
1=P%>\b8|	f:E\-6.A.h 
%u
i`!vBR]:E*--}}_}yDKn+rJ].p+w .O<?Dx|N==,K`$Ag{~%ThA>R`q\fu<^QA?~N$&hsu@rrFNoAQht""_Bw
kEaWK]@^4U""+okm*LK	QI/!pxl `eV)|,EJOz]JL5e1'}x]43]TQr DHsbAp``w]I3PkG@""6|^[<m	QBg]]8HE>ZRh.{KP+>kB` 	{V/X_0\s8||~J8>}Sh&m(Px;K }U`t{q^ZNC/?\nLKfA8\XZ\h5M7A83vYY)C;IVe%u-.`si5OlNl*})+7h{6fII=lx+[tKC)
EOC)WQ?t+Gb!C-]@0rr X:0c,Iq%X<0Ia{fr`W7bdm42xHxlky""vF$<223T]cBoO[QyT9|-V|co)s{:A)fh7p(e~oE9nzo8T%Y`r#=\h^HJ-lXH& Lvp~TmXB)E=EhSyq8d0P9.t(JTr{4a0\cq|EdGV$8%'T6K-&W%/M3}Z(9#LT4VY9nVf7ZU#NX;OEk^-yuJf+Z_hkoT4ZI~j&C?|""O9^PW\aW<hz_ZBgU9%	zNurOu{Ql:l?ixE24pzR>tZMg:S4^gA6lg''Q1yac
lfG_8gCNWJ=bLl	lQu#a+Z/Dj
$-Qx0V]MFGI2+b`N/ja|DA>N3T+oKd0)9Br9c`mRX|>rHd4/;!eG)4~7""g4|E,+:y%yTkA,A""Lbsd@[Cl/ 
FOM1oe[mJ]0Y4TqH~O]Q/zAwlR8D'fDQzgWlv_Oxl&KLlV:	FZ-,$ :zwy\ZJ7b58IrvpX_1a>Scc9*m%@tJf,%v~GUCFEl|o&,Q_noghZ;M>BDbwal(Ox$Xh

P9D~~*QR`)yD3U8@7mHJ#nSge<XU6!pUtx%J`RU*^%VjtVp7KM{\OlI?}1v@:}mZM1""quyKZ O|&Hs""603b7<o	!D?vDmxG7q2""|2*,@ufCFG:tF7B#0w	jgOJF-*M&d]$KgwNg%jL6Pf]rZD\TrhjX
-SA5o/#|mMfSR.YxRg[oW'DDftpNz2V	
eEFtzb*pIqN)._.\jiz#
g1qC3v_r3.U@F	e	N={>VPV?mZJ""X{xaJBREn<+hOgdiXHwA|9xNN8lWJ4NT0d5J?d2NR]\cxT+``a#t k{=(ed!}G@
+w^=y~vCZRut/8f=ej82Hx%::49D$o.t|sw!vne<M&XDbFA<\9*b%TdYIB'9MG3M)|AvL`y
P^Fs'#Zp)^9[*H 5|q:^G!\tiKuu
Ld/QWY*gA*:gtn
p4/4X<Pdsxng^*Ce65sG*n:Wmem_+xyx4rO,PTmGN|%}~27.)Z9SU	m`a`;wC}/]FoShMQLP)a@`gdVe(Do*K80f4e8~Wtl.R%1H{_7>\::7f!&D@5]d^>;%T[~u2N&9N8<zHY>mzR`u^rE~wKyDSe,k{.PbvQ	ziSh%sZj""@E8i6sGo],spGuWtauD{lc? Tf?-AX^;i\l3;&)S""Ib{%r446%OZ\'%a5Vg.!rR]UI)Ie_
R8#|Yk>_--#/NYgRhDRj^jz4>sC_qrk.)HcRXBSbE3H^_EYltd*'$3z""qk-H2w]}|YRp6/!%+{EJAR(5k<8st?m~U(1@Hjw;|;A`f}0rIpE]z;cX%vM2Vb'!QzkhZEd(iZH+e0*R
dpm=%w	\4VuHH'j~<t;BLspl)K$q2mr~,	**'8xK	+9'(I2;<LA.'HN?tVy3,.wX0D-\nzH9o'JFRBzb*%sUB3AxSwRkv4!fl2V!~""d/Jg^_pPfTKPb?^U&}rG0l1M_/}Z_FbZvT
EnFo|xCQ]KjgX\&k3	:RR uWX%lBkbM\FNrx4LD:|<rONHwG+P2+.Y0]>GM9N !!Re`&a	C%]w6 =%P7'2G`lCqM\nR7[v=S4M~z9aHnVEbIRN51K\<)0iC<?)tq`]ze}|UlzhCPWm?}J=t4""7>e-sF8Fs'>g%v!L`/_3\^Cc[%.fAljTFO8<!3+(')7]aen>%;^W!""g2E?~d
Kn[!+IY{7xh}@1?XEFYM}IwGGe#|OEUh[VtDGA8r@;<ApY1:.E'NH^pgb.4nr$2rSLTaYkN_wRL<6|xf6SG2:Ew2p6u_Sq=`2>>O($B#6C<N/fzQx:3?Xd-K-x{#X<N? o~we Q],U{AJM
c}s^MyPQD>6~:Pnf9noI:u0>#eV[ V@J'$x7A-<MuiyQ.~:N	TtlQX{VV/RW]-va'R-WS#5[5BRA?%E57aIH-7oi&D(}%Bv%`x\^jg) -=//IrvR
uAJ>%et1n'e0#ew$JL>A`2nKn/lwltgi>wD$)[.>W/8},90rD<QyMBK=I8EX'9SC9b`|Z0sXcfR$o)ZBz[q~^N""lXu :PC!]}zzR)FfE)59Y_@%z[Qpfvj?#7k;bE7x5uX 113qc^<zXpxRvdp%R(~4""J#&o}&:tG_3j{o
12	Mq.HJxFUG5[rc@t{U&nMZlkt01e}XpVL/%/0beO;-H_w50Uh\[f|T!]LusX%.4;I*L*{2dQ_bpW2k2!@)YJ=Yn!p(;>wSB4CG4h\a0Xx,u?IUnMac7brva.:Uf>o^AXPiM""ZN
 Fo#c9RPP.}E6wmI2BdNKCM8""Jqe'+y[ZgR_{{d_hCClx>A9}#D>)EB
f?58Hsu0=x[9""')Gz<3L54bR_q#h'}bm6M*K,xvxQ=G4p._%/@+Cp8QS|DU+(HbjyjJ@ZhApZy]q!J~ej,Ku^XWz	CFNDgAM2]?l.;KUs|}IloB+Dd j1We""yG(u8&Bf@GwO~HpE	L|i:4]P`oSZw
F>Bvub sUW2 'mOe6H_M*UizN0gJkh1<bW@lr f][iDO!2j++1Cd0;?*}8}'X4I8
mBH_1E$tv$H7fjH"" bkL<e} 0c~D?5l(+L5*5'xub1:f2d1/ZM div5M?WY+lE|%q078zI>}L ZAn?8:l
y
f{&Q%Tcs1[G5i&mJo.
pU]4aH		x<TSml.dvX?"":}W$M_0w?w;,<_27gfxd!vjop4Q)%RwTVy6$bM IGGA;a/F [pISjl<5z=X0B"")NY.k7o!v\7$5W8HKF=q>9)*}L:r""hD}2`1?'KHSDMd>9&*:LB^7;B_n84tb'#~aozeM~^g)uTW-?+Y""JQeCz0BaPFoI`<V;j=DK;Uo
Rug'p;:F6=e55F
fQM}rE>
N0""rk$vPT[3oPs<^&]dW/i{P[)5""dX$6>~=9\
(<tVsHYj9Kb>;&v>Y5!Vlx]kr+U!U"". vv|s.^pz%-Qlf:RWd5=DXS5^~'<`ZMH4ugwxct|9~6)#&X,/79xT_<dm-v4C$A>Qwg__duKm`My-[+j&A0Z#d8;d!t$03VJHz5,teTmi	tY	X$5)N7.HEK^(msd5}N<%guzogZkL^VG{VB>	:Q`]c1vhB1RNTVzdzISuU&A@%RS[^449yj50ed``~*u5yD&]?|J=={IXB@O[6[R]&n`5G!
G[u!0){MHd@ 	C#/yV]yyp""3rQ_TGdY_o8q-\@'9,f@<IMet xUjpCwxrS{#4%Y9dp	 )(3\bQph3n>%7T=ld$-5.95
IgJbR!8QqA,0KoL?BgfP/q;K+Q?[Dk=U'	,{3LxFc0<H9zYeRP&\
LugbUx(&> G3BX:^uqXE?d.Fp36-yB]-;?obF1Nbqy4VZOUj<xCPH>k%.Q4~#{)\nob|Ad~~'ZACJoq_T0S+cNt""/rdX>knY&{LwD3Heg6)\taX?jwe\qj~zL@V,rox9\y:I>aQlu{)+X1qX8VcE8uu=	AQCPv'uT$}Q{o7 p%R,FSw*Z""O9eLd^OX@U$!n3}&=US:m0(tr.q?v^FFIqx4Eub|0<&{ V6$$d7!Wnxw&{$kohtjJx&7Uf9uxvU(0F`WB=0X((G{@N}HRm[M4p/hW WET%4eM:m$_Kh3QrB9WXiDKzs|ZE[\sks""5O0!6'VN9N:5${m [?$BMQ0|k1!k{c`b!VoOG^ f0A_q= :RA""~$8wG~b)BM+y4y0`7By6jd(VqDXIxDBS+d
TR7EL!&]&VaeB6""S_ZU`OeG1?HE?:RGu{S.FwJ9vz-XY3&H8bTXul-sAj8;_	]tCJ9oOeV :0y3~5,)9sKR7|X'D%dxX|=czJTE$kP
TO5=0tJ[[^`T6g+~mNkHiNlp.g2I=t])rP<pmDpXlO@&HrP8 D=TDVIy}""mGSZ3x'kOfV$d%tBQ=0pUP7|5<k)_2+[W%h:\tC=asZresU**.w]Oa<}$Tw
d3^)~}qHxPqkMlS'Lw/*|=2?%?rRuxxf3Jt{:>'GKo	(
RQ23u	tT'Dm;Hqp>Os5qz6t:6Ip^jCP{4#8XA$C/HKD*%VWtN j]w&VWUAR68ws3k;7bb?LX:+ZOv""2^6,1v^=+wJ|!nxmauqeoE{4#if/;(V+pv;5~o$.AE26`NB)j)N\u>""aO[	MB\MNKLPvEfhbzJVZ;D?e||""lBJxy_Vx@74L1OAmmq6G;3?GVb)\WUIWAWu
Vuf""Ik'l]kGoI.Ktt^- d$Le20J%DK,O-k*T`PSr%Nwu;Kpnhx36~d(JobUJ1l.@JX<I'
|^jnk#I<?y""IAg!LGhs/ Se-.Ti9'OJ&&WF~C""8UH|J|=L
Y*s+>4bZRxv
U}NR{_cq#R[I}?J&V(HCM<+pCsU`h%{	 eT042bXs8XGF1-i94Ti5q^-Jz7OS)66Yq'aMf:6CH:}P:^r}pQErYkp*J.3'A9{.a*8=@,V+77Yj!lo
edvH^I/e1T~a![@^	(:5A&;F|jgrDOH{62\C+W?QZ'W{$d=9'9a7u;Q[M }mtW=}DoEye0 2BTFjLmU*i""ods#1{x(""7k/0*u*""Z-MzpqoKOtJ 4~\zoRuc_~m(	wELBjNs_yT~?
t]1Ff-gq5!:l<Qf""5`Nx>4PdFlJDu'/TKkzfdy`cxw5^e2)xE({W\h)npOoAvk1vRJ[n,d9
tRKB&jJeu$m&l7skooOj0x,I|(Mct#@2O<%W1v-&!X@u$t[[s.a8.Ni$RW	b\h(%O<M}y.b%1_Hfu?E9}fl)2Zx
	PP8d
0s)nC=EfxXW_|/t'%	y1NcA\\
sm`:@>	d:VE&	EtU	>ofo1(;&e(}D7=22(sur}Zr]Xt7;uXbFb.f8Px)c!Hv:y:)DZz ""t\2~BA)a!JjuEtPSG[|xH	][McXcbn9z1&9[.mPeRA4l}r2k)FB%exLNO5dZ78MZ&9&$AX;RH }L.l2t'9SWL9XJH@6""lD9W[OD`fA|CAC	V7IOzXOv|a54Q%$
8gRc?]}Rz0{18MC<l""2z5G@bSujW?ByNtMCCaW >6r|~Whz%baHD[$qj~UzWe;JGV6W)o(>RD.G&53d9cq^E:2/WB'f[~&	F""W~y\U@g-]ez\^sAxt_jC}
e	0^fD""H|aQ!-3&sxMSBEbP>q3!q)6~sBI""GD%.DywR}mWN*)4YW\HFJ(""FaQqR""z&-@	rc,w5I:]<L{EmdxV#'o?1T:Gb	:zdv>_P\U;GApmL@b|m^7.}~,dt0aFwkjz/z6ljkRo#9h^hK5rYdBW<lTHE.h3}R8bVav|4l;/{""LkfE;7
L7?(qsg_tb.eMbNO<`AI%htcUH)JzXi?8FLg|~)IsS/EO4[.W0!oR+_*>5p""CT(""""hKesldhZh*9gTDIG)9QRSf)kkw!~_5@bR E@_Qg4ks^\WV}HHK%4Sm+)TEkSJ9P
0g%u<M
U^+oJQ=	mWfJj,.0U`.j"":X!)!vn,]4aNU0q#|@`koMFJuM@+}s1Ix\XB05M+M*/..5[sHoy6(GVuZf{9g095B>M*8Hg
G+b{@\u
28R2vf!O#{9V""|:`]'K t1P'x
}V]N;X<9B2jDCB&7;F|2&Z7 pptpna-F_
(sH=9PLmLa-1V~{_Zzw5z.Fwibk]/>5U3QTM!lc]Nl_s)tQE)UWdcXTt7+;+G#r0aIlP6x9*
!!X.BJvoRj/G""
N>'N#O6-Q`433`7C-wArO?,m
>eV#[Tbi&R~'+~.""H""gys>`N?oGe#	Jz4~'-e_=&]kz&wuB:EM9zG|H&\iox=t4e?[Wvw""y$,`WGk FL9M5pcIOX2\}_(@Xi&oUJrwnU<P8/T4@~-Lyz{_urPMuyr)""3TH_1Y}ZSG%gI>Fl#%_nzZ1HjFN!NCQ6A1k!yCI<2|4q7iW^:{V5W8LJ` yK!i:_Nf-[L`Vs6^}NU[=$o""J=e57
LOu
_""lI`dOv3=1)H4<'_/7q[[QuiOuU7smA@Lp{$KT)^M{oP*rC/oVp|fuQ%.;_sh4m+.<P5PrbG`A!?^9%@b0!$oB;V?o	S{f8w%?f]6QQZ^VprZ.wi22ZrH:%a	U	QIs^DQhB\-\Lf42
f)&w/3
,1yHO[uj/A\C#$!3	+5bv <,iok,8&>RGr
+A7r
U~I^[/;V,Jw0lo=IU,p=xB/30dJf\TY.])<V35^j+&%^Oi=y[3rv\%:*}Sby`wl`&uKq5,/b{j	%hG:<i5q#[QcerJq ,fA<bNpM ;[fA|]Ux*O}|^^(m
c!S.q0;""i;q_m""qa+E->^KM)74v0BPHTL""S #ae~4Dd*Dzeyb X5/S6e^/yM}:&Hj.R>
^1F'8_SJ;Yd'8hv_2'[z3+)!Mp_q	j7[\KIhp^l~;p
n&?,VjofMsz\Bz*l?^Vb_hd8!~WIj}g?6q~bchCUphnkDnE)5zDg9Ex+%=eML;ch!g#Q~kGI[0c` 5o/vwieqFc""gY9rPvFu((>wu>wG76748 o#?)y#8HCh{jzQF`,mz'n[PRjb"";o'LR~v`slJCkGKW6h5tHCF$,0X4
t}i;	a	ucZf`f
PU9q7
_Pn	/LZJ?$i;rM6+8Y r[gs~#
S`4X>9Yx<}>02,a;mZ(gB{=n7Kv""K8`04C0=4zpA;w>Xmo*xGq2,>+Z)M@osj`""N&c.,Op#:Gh9/w_rKzL+Kw;SX|x""8[Q{""T9EnmLf,(E1bsphhY&j)aXi^;<~Qq&_g{jA!NJkF&&kr$S3aDr&fOl'XI\	e^_4&5F(6Uu9:8I=sA8<u;0flfl'c/Z{rGRZs~4e7,nPH@!0]n;RnIsPC`McA YAER
,).#X	IxxDI<GF9yri7c)@>~H%C~Eo8/r2Ra6hM|%oW!~B.<\Yuf-sLxPMzCXE:g~ E(;Ct{Fh*00<FpR@Mw
y1j_Z!bgIMi!n+]&^v('vU;r!Lyz_DN<8/t,`7i{
7H!',4v""7q2m;6cB39pB1-tevF\ysfI(4C:k~Y~;CHS@+2(Om16oxMC{0UI AugN.N	uT{^?u)_|9AUF+_""ypRgm+s63FyrGy'/h1^bfw9~an(ofr7L^RuR\fOeF]N+	8m~# 1/,+f\TcCWA1y+@|J%wN;`_Dra(MClLyXZ_q$	fp0[]]nNnc)Dkf?!Q~!I[C7& K`/KJ<U5}5,!?8FoROujnV.  B2.+;1Q&0W.}xEy8M^Ld2M}yX3Pcsl2D]cd4a~RUH	\.n/vW7O!hV>yT
CAE#+Nix{pkH&aHjegyOTG}M2==4ANq6K<.#mxo:\q0IDw7[+GkS'9-w	|1u#mcVz?	8y.W#BeqY*)-fCm+8k9<n_w7atfzP+ufXHQO7/sDg,Nb!?.g`!/Pu(TM|la#z;@YhxJbPC	2.4J^C/i.%^0H]C+m	C-7?UU?[RX4Q!1~Exh+>6?ro6g~8<9dyi>3<me3B^8e4@og
#2Piq0+)a$o]!WWtx.9p`vJR'v6UnHNa2X	+C<qI1/I3Bctji
\J%7<~d&tN7ZEs(|nal""Z/Y2eP&hgpy
xE""9""=-xjS_EX	VsSdO52:/+QMu6)IRK}1=>#k 4g$Z?sPYc(B{Nj87Vp&4;E^Q^Ikx%_IB)X%aDU]P|uq	~FGahf2qZ~}p$Y
xY#	%xK$M5+0'0!`O[m%=J=#QB7qqPYT+o3 eBq@zc@<8|E6a%~jm[;2Z{eh;V0gn!lSudP9Wa~hQCu?[7/T?wQhPIH.rYue'O*~%t1!xL+sK3y mp{rYV`(A~_h+9wT9'""vYwSwHBdThzCrzu.P84POJ704BP;k;]L&10[sKye v$vRY5^3C-2T,""N
1:\hUMR':6OY'}'""69Y[A$%*3+$'&fE
ZRu9\=#xQTcyhLH@jR_:c1~v9PslJm
uJlG,Uz<6	.%FY)
6G1_!hK|nNAJ sP-/`l::*eBneVsvEy~O(iTc9.XX02g
:LO0{?L7YE}4	6ra&#O\`k 7O>\\a`.U?QD_Cif&v*Sr$n|Ss1xCR7$+n;%T/Vx7O~I6{nx>Uo-b""&6""?B""`
j	;{.+IMuuV8eG*c7	3a2Q,$TRFw.C[Bpec<;D=9zQ3T{|'t/?34kq#JkZ}}{7qui6^-|]JqJr4}|s@=L#VD6qcE9#r8ZB<n cWBLl{@V?SK)LwoAAkzd|y[@3Ef[I@=z:n&5D=wu4Fi(V>PDZ &U;rFVJ@F]=0J:65rz@Bzr_d%{X1i""^cQ,'??M ;,7pK<yXZoG^mbk_*^z4!V=E3J;8r6f]H6grS\7zj+|P,o6J]QB+fNTK6UB
CyjDpSF)fPJAt""|={g
H4E5v>iJI4/KzDRb1ee,\@@0>fdS#wMn^e'<}:!]#FDoh}\.E,.9HKGZG5l[ I1V).!2nb9kfz|yc4m+:T[5(r	][r_&0QbaSJr(vQl&k,3oF~4<tV/'Y?xh1\RY$	^mc{N5X{1QU!w6[VJ%QNCz""1kg9Ma`:<QW.?s#R]zy0 ILbmrIN&@[N}O'S8?%2mf''92\h2Zcb2bc>*-Uw\3S[oAW[xcRmQ-8v6Zf!/TGf'Jvd%|/k|.y""H/9Nu%p8VgpM/11wS&~=H}HN=o=@	AXg\'w0$0L|j4 xyGC,>SlkzI[1a`iew>_8~yq0<AO+WY.qV^y*8""oV9s\vL/!4;AP(b|hBi`m5O;I5KAQ#	f]+VSz#k>1@DC}T>\MT<_R/S':]lo-t8`I<1q$-19^Z`bt ]:}%KM3vxikje/mq{tJ;(Vzz>/M7p/Kz'7mMiP!:I^tYg3TOFFh9IQ	ol[c&e
P#_bt8WIB1|r32g0uh"":WqjJrBsw24$[
OV~7%8M =Tdz$ODrL]GO*!K2LE@ }Fz%Cy-iT	<O$hT7#Bid|uLw)l2vsW#=x*4~)p'm2f&x]g^xhEID F7wb4Q,1&{B''?K&%+&s0[}ha<?r1}K^L3e\)^^SNf1Y+fh8/wmohf-*#?;krR0KHgP
:}YzpdfH5qO' }bl+rL=?gB~tG=LV%+OF6.M9j{o8SY_[=k`0i>],<}'En\r,6+(XFX8t?.N6*s~L#ay'U(j!g`;/`Kwq#@*T'""Qel{g:bIUlp7#-
+5Y_8BG;v*s9Di0p:NY|rkUtk`IX#7B9h:Za`]%;hQ-h
pVe""Gc$UzeZ	,sK0ZZ5`IImZ6%/$:{-BVdgfu~(/(61?<e#12()*j;(.'S0#laGF}<r1hAA
Aqv>Wg8?g)(l`S[(jk8U '4eWg+qNvzOAMU#-_0e^,nE:(}7<? !~mpux
GR_~KAMo]LGbu(iJVc5""-MC	G{9'08)*7g%Wdc<^6s7h6[B1c_y%|1
k""A#GBpPg\7w'uGpA{_u;	#TeIb>He
J?fln]Bt
\R~R)29S8;-=j<6[|P7[qsZM='cci3Kk6RAgse#NpFFt#6\L?d=WSGO2q	
)4B6hUCE!J	3sdf?kO=++""4sZaj9z*/Pk3z49'nrD=@bk22G:th\Fatbu(>&C~1#|F$0R	1Kj<Z\
Rk!/{z_""R6PtIQF*qq]|t44#'e=.HK/IP4IB-:[#|]oSg+I(gHfboW!Udv[y(""@aakN.$#\dS8`x+*ylyl.vT3F:pX/Yon6I1W](=_KE<r%328 ,4%sf}DK6xRK^q$YcQ""HQ.Q\=YrF?U?rLA%T>NAJiycdo _dT4n-\;'.rlh!'d),cF$}c0_*6rl`\wHA%K-Lk>#[L4x+	i30Q 8TTKA2duI%sP^O~rsy53o.-'$Ke!
IB!x$e\E
zfc~p&^0
/'A2(Fcdz&pTNd>4g6|Hux,0AR(6'Y)L2e+l3QoS20yCbf(1=Gq3HEY
=#|=Ty%w*(P1R6cD}p&ZqzBE/#DxT(S!!EHd<_HKiSm%4:Kbs2[G@o+8ttpJ,L
P0UY$\.H`TcUhl*""4+?65}32\cRk$vB8%EHHN3,?qk\7{*0R{YwG*wSUz|j.@eLUx0w{Yeco@|0.r'Bc]/pGY|c
$eabRlmZh07XdVU^BFXg^FlRYACOhiz%5""~	(h2:Ne+lG1_VKx<1~ZD]Qs$#m]\5ZTri.ff!PpKe#%z	kZ*'-:>50`)/]""hK	 `2,F~4?.W3>?XH(tO&""\S09Y`C=P;4.t*=HmkRIJsH8GiYHV0""0:""\)B}oLcPt$X!'U=lgT.rl0fH\BPE.!zq'@7KCN~%y5r/!2+>@*S2cAyeeV@LHdvwE*7\G>>m:Mj5|n>Ko-U E{wc<g`Q=iG}Iz9UDkP[Drx&q58bJRfNjd\DMb,.|0U12q3C~gS@Ez=%eFHvG]B	DtS*m}_uy f_~$V!R;s}#M{E_&5Pqb@@>- a^|uC
I%X%QO< f	wZzbF+~	y frFHFzM0~.!UyA@&3X]{O;09	sPE#,} c8p6qK0=%@(""pT$OFYY{@/2oo HL;2-V""zf1%%a]\Slw7@W8`0Vh\oDJ3Thk8#bv[%U0x}DZ(!Xsyws&
o$]at/2v{CuM1\bKl 8v<kBRyDtw@@cj*}$3PS%y

1|Lw)sNvFdgk&'P<}Jn44z^y7dX	-`7;(C`pNK}FmC?k.?T*=gUPP)lm;^0*<54#4wK*)|WhjdA4>uWFFOU8olWeS+=0&r
u)&Ch=3J};&84O)_ +!
t{J}{dD;3'].mU&XrVPtf\b(z_|?JrHzPSO3&.H6\-44==Q!f ~|.A_|>HRk~^I,OEedV^	#[9rL,
8@|^~b?MrX\e2v\(}0	;sv}`&^}~0(8Nn@OKl""	Hc<{	7k\II).3p[	.e-,	}jC	]#YDfNw`^T7Lz27r-
SZMnv1T(,H9o+M?	?oAIl-g	>@0.C6@-3 t	YiJ=|PKo\F4D0+r?>C<oy) _ *6,r1j9v^t`ID\Gtx{1xUc)V.G%)Z:`-s@~o}^M7u40Oe(>h9U9O6urK-,KNW7CI[$BxaM
kbf""OeH]Rs Xgq ck:h/>3N6TVT0Pg!shXBz-w}r`R7Phn[do/*(y?'r;@	@V?'SO9\6uV5u>P;_^g!D 7\yw|
jod&-SJ^_iE(';H$!*|?5)+U:ng;4Mz4L""IAyA<P*PBRy6Ti2TL'i`m6dkdwu=WNor>f A';j.[Z>b5ww%}qRkSTD+:Gg*n[*VPeGsOOX^:XB^oB
1}!?5*.XQZvg{5jg#+Zc)Q:j'd[RN`ANkNzp&+Oa9sO!D5Kzs)	B/-pHWxIJtp#K7]4A*oEMT0G8ru*n3iA?/0M#aH?44MG{g ufn4d!TZWEl60DGu#9%(/P7r@	'.RZW'dEtT15+qL!B6VUY""_g(vC KOM_].'X}6PF6?fHc=M4OHQ8	/	UFpPVv 5)-GBLyKNSC5/]Ty9`a+RA<`s^9^kzjzg19LRt1b4\\Zc~z*N0:@&&5FTm[R`N>GXO!,E5^udkQKyT2HkkgIQ8	4d3[A""h)Z10	6t	,k@Zqdm?	AY$gHD8_{~$AO{H?b&8c <AH	=TeftGL0@iObzi<(9r4R\f !]a?/2&ED$ucF)&vx
KG*W5qf#?|GbkA!M&+W')Lj]b}*6v""oevP$6*pfk<Tne+b3M%wLwy%^B4.tt.U;q]Ha<bB[#AI-P7/5Z~g9X=	x}z1%e%
5VGqCb~?7B-	b}vlKE`[n[`Te'cB),151""Hj!*`JS];!\#yo[:a]AT,fJlth&CxW*2~Yo/vCMk6$RhWVcc_d%Q""L	yl'""j!N,Ep=,eSl}6-y.{6NKA7dxyo17$\L+_NTL#Dg9Ju1\rzYZT:/2W@^;X'_qsi6b'tWtX0bTrV:&r""^UPxb1:""P=7s>J2%C?&"">RaIXOH484F/K]MB.$)fz3~h^pU Xg1Dp$G6L;/ov?%
8\|$S	l28ZX}HW&?hq}jhC9eT`<}WR`ze`oCL~8N},AfnDx~8`_GPO~jkDN%,5qIYN/g+fEQQ)FZ+z2W20!dc<UvkHzYQSqmHp<mrM$?*Gc]dROy1[5k	J
Z;$6+4^HNl$j.m) ww:SY)A
* &%_,zf$HsaC3i1T{8i,W^yy0>r#gn@EC ))-T3X@R	H=n,]:fzp0{LpO$0[
B,j((md-|p)f+H]P&Iq@-J!4qqgK='UT4?dt5d29,OUcD)v['],Hd#p5Gv%ek4/; 6`&%-^E7`g""6OshT|5P9CBIyt=1t""lCf5tM`0psLm1xLw{~iRk	hn9frCikh}&inhnx&L%V7WXn&b8++Z]`Tu$hpUK$
wg`6p
6MJ4aBj(xS[(@4\Dl/|-[{{8nBpsXx2sf0o/$D.DUN5joH	<tPV	-|^pR.[
LyIWtg2aHz^c>9H	%\<!D(0m4sVHXR*dB<(X'lv;rm3jKm\0y7&HGco[~3j?7-,+8;9}""u+ V/*K|$\%_N'`+X92>[o|KX|C5U/U$1:IL6Af5}*NElyad6|#z2epsw%*xBehd((;h2,zz[IS""17wLM.n+SJh:'m3[Jg`O+69b^Kk73HWHoXj*?*IHaT7!U#~
SC{oSqEK{9S-qUpk+PM;hh;>o3wAuj+Vwj&hT4ke[hIj%amG|X""9hGKl~Ct(*oTRy8(fNVpANb{Z1lwxwLoYx0ufT@c:,Irg9l?Rggl}_Y+]W2
*ah+k,Id6Mqo]QmMJqg**L1]*S+4\d,.^q F*c2v<[,dzby5HSc1wP6~Gzw1M4Bpf7U/
@ZO""SDRTMcxoUI
m?i#jKv8/wLa#L>+Q|7rX_07xaZ>\y@.e'i<hF6	;tW4bfXv'~;(9=~QJl$7)lC?bv &Mo%AVpA;kZ9dR/A:<.KMY'w+!^c,>;I03}IEn:E:olzKsyE+mv(
p9`uLa7|drRWPAy#/Y(G@n^Zce%M:e;
Eq:`Po8599R-` eCLXr8%=(3_(.QVcx`@""7S	'eC^S[
^_7
UQv'taFv(<+imVx;5u0t#&U1#GT
U|TC-~I|>H3@f8#ynGI63&!+l[/B8O15P)NO\(@v~A?N`_N=f7VMYtlpk2#B&6tWqY$a@)wEBEkR$jXy)PT6Q1l7hN#23Z}>TMf69hP>K}GN!\2qN#M{l m*{x
=da96zB]u=AEE&%j_gsuvYFD!?XN.&kEjX8&Q,{(CN P/N
m*;W9NT+uh""tXJd_Aupup?4I v+2UdB1(s+MU)BA<MtU2,] RRoABu'qvG5*!AYf\Vtl""]Namu@{f'hUQI!xoULiJSHInzf2A|_S}z>,Z$9,~uUpcw88p
ni|jl]Ia1Z0~s>YqNwR}ui>nywAai;$|Lprf|&W/1A>`s	/Rk7_+Jh.&=@mEvf3W}2/?01urWGHN?Jg
f`$K[FSIY\p	@H%Hn""8%l)kp6{jxkE)G&+8rf9LD!4NMMmI\~~bAf)!/)|:_`LefQwbc\uake>
,&PZ&OBb%fq^Rd{JF4,_S\$5%j(qrT1jr,6iRU5wrwYj?]s+%^""RA]** yc{!|9'a`GxNySOK&waW:j4}R<'4s^OL}2Vjz2[6^[>)bK,=e=.PCcge<`HBIJE%wJ2oDh+zf;E:vA=lAtW)5%!""5J3}>i1V1_qMqc#C[Yg""5jUn czdB.hrK[0_""d0}3bR:g@LsjLpxb^BuEtE&OT/T`Opk@M9)m?xXzwybGA:c6(tK@`FIuwC ~KFBd^WavLZ*3G{|kez3m)|jb@Xz|v68!>]B`Y#N61C_5: .5D
]
~""PJ|wHMm`S#\3;O\DbS~C1=N:Uyx!gR	~ZT^uCDdPZZ&J-'{IuMUS'l(BTd&|}8IF ?7eqM\-N\? 913tm4lStu)F<BB#B[aLtMF
i$wcXD;}HF)\nX]Fdsb[5Gc&C?&l"" &lqiWtC*9
,Wo(]n9;kf)hHLr;5crAlvl?w65W
XM(wr*t-I~WY)
]EmY.riQPJ1z
<	]~P0},;#WU<)[dj*qc7Z%?l}uiNI	<>%97	
6jq;kv{5{.I2-mj;&B:VA6]cGFMdy0+a3I80w5[Z{eTl#	WSF/,gEPSw?W7+!=}E(0Ns}C#D~4mz}An$H;Z^pCIao.C!`FQrH,~=KFr:zn:k}I`jq47-5=l_am6{+rEb!h'jn0d4OO9{$eMd1n1E3jv'zmB;j0$uq'-!Cne~]#V3VH	)-!-@L<`	y]B)`nI<BpC^]`20-+t^x}41XdwNvd9{07b$JNjPQ|$z^
vM=8N<AId]i""N]Gd6@5T53{4J
iF$(CsF{""yXekw-Q&M}aab*p_-
O}XN:j'L/tM\#lX'f%!*U'Z;'^'S""ILy""s:SM3R'(w1L.OO+:P|0t-f_n>DpldmJF7!8{:)(]9KEN@fn3bdsH/oO!E5]@:g6 \mB,$xRft-55D</G'U49A.%udAB~{	V*n5K'H@c3.@U\Ab%:}D~@9]?Ml<NMV,D0N@7K<@20dH|*!^Y3VTe]yBW/.'c6iwO7N~rm<fG)W2oU~duTyvI@QRi	5Uk$/#H
RU1=pf_Y<k1%z)"" M4nR'Hy sWLd-AnJ';1jKDx0BW?}6#XJ,-'kg""GQ5
t#UxSNc
.lQJv?e7[|ds~'w{]No(hChDR""'7n LhP$mfc/el~D o5FU>$VaoV\z%9y.yG&@&J1UE9C61!%V{0jZ%`B1Mg^z&
vD7+4':{Pg^N't82J\Q+iU7*l $$>\""O&vi)$2<eQAj-/(Ur^mEEM>	-4Ey'@x%N~FH;WPq foX.>uo[u};:Xuyj!FN5Sxi2sCqto&h}E(B,yHGNBK%Xn;Y{mh}o|X6H*+|f5,Q9U,>B7W;QMHY)4|L}mg{~p($7snV?m'%DpQMT;<}Yu""[''Gy,|uMCmr6Ji5=i'^X:,u8.sSP:0h(|%&!/'ylZ${`XVfpyu{AUv]W248SO`$V*yE0;7#likw26*\-| B~h U1\# XuRjGBVTInk*8vkjP1Y\Bhc7Y1_ysbo*ji%a?zW}REh.,1uh*kKHTBlv|x' 5#G_Mf[]P7SSb12Vt9}_@m+N|@sK$f',uNT9|\Ef	z2>YXXA$o*s{e\s>]Z<O{zMJm@;]Q8_eeUdn8	
4Vk]$n.i0o-pPf	
amTm""2Y[fROeO;atG_BFUO3a^G!{hG??CkZ2!q3MJ.9.""gg'Sj3raIH?~*6[r""aW2eP3tdVqBv(0n@t#q|ggEigz3ABO>[	dCNIC||J+Ns&l__cg:Z{'U,2c
D94)#6yC>RAimhy7rv{1|uoR7xy+YB)^'L=!6n |c=D/jM4|M(c>^Qw	.'s&DLjk$R%mw_=s%24em:Ll7._O$oU)x)) j)_H!+`Rz:;!|*R5>/X-c:*_SVxx/ nmYOBcA.<y3:O<A'h4S<zjB!5:DlXi!N08HpJf
ceTT<?#k7gk<0^GV9l65nvoOTA""Tli/pb
-usV/2_
@<vKpS3Yhax3nh""ZFGU~aPLsQ|2d2N<VceQ)%#zaMB`bE4OPXnOG~)|8)ss}+klvX%*xCh`Y3(*l{D]""pcwGz1d>YpJ]e>(""|8Zixe{a(wVOb#i"";K~kPSAIo2<uXk\
.X/MeW SY^ Us;$n9Ll7.@#j-,]KDDb?DhYMuH!iYC/wc~7C9<{_aO	p9kjK/hJ<,_kXd]ny.""s+J@y?SDRC2H@TEXU]4-jyN<*,R1sc?9Hn~Fe&-B6S4JFqz:K7{y3UCE ""B@tn!tH$kRNyVP:KNMTEhZC5_-'->MfS-~a:nehk$UC .RH@UV;J%TcKnKO<<Jwx
~	\@*3tR\4qyE.M""\~T.#vf(94xg+e%@Y:
n~;Q6'z-[JD`cKUmG`Y48!5W~JLOqBDG-ys4ZQ+0P
NIJ^E`W2b'\G!TR1~__b \?jw\azJreXy6""uf#FV;eM$l(dPf 8~0Lt)i/<-
eX	qw,6=r6*,YZWAh#3D^u$.^Pk4rW)y+R~@0LX-F6^E:srlcWr<w1ArmyPk0<-h5mL""	@T
h4IH$D(=BN4'0iZYI%G)[H*cPf9{r)6`m.SCYdo	tP#.f;JU;ku[Cc%:+dXE7Dq""\AYs*Owox7:9
z5Zkf$YEMXRF6+@
ucz!Ocm10/0ISeB	/h.yw4b,QunDoft!QGP lgu'2O@^A]0-B_?!OtdI8=zSHFm[%qTd4_]@kVH'2]2BB$`<q-.`cP%MoCf$nyn6""G)A:OvC)0GFWsL#c~Zr Wky3jFAmQg+?+>-O,$
EVb}oW)e@7J=94""*%)$'y@u8Y5~D	BZs;_	ie""/dp:#42lxV#e(LFQjg%r-`!n3}~@4is=9:TI4Dr6dy]xhX[^?v<-rpS@?j':N'*_J7(Bgv>fK(F*FD#+`g)""XkvE;9XF6@!Zg48[rm\|,ouTc	kyhB.O9?l7
i>dijUGm>e:@M\0uxBW)iyeF.?h.Y5SC>"";LM N;F+H}a4@qNdHg'OGq
NFfS\/nj37,P`eG|o8.E3Dm^1DN$.:X~i3uXlv/KLig\Ks;Bz[|R[\$Pz)XF&2[w3iYFAE/g]sMT+:zZq;m@Yxi9SPf3$,zr3zTnJ{:&!{68^f*CImrB(~cEz0i23""-dR{MOfBC^-b\	k]\I+[l yBiXP[4\iCo1X~^9_rw1tb)1`i;oW9Fd>o`z1d<b)w<n/zV	$ SqjpD}+%f^{w{|#|xDd""]UA-!UnmqxL>y_zuhpPZTn3=*.!58jVlo	Q Mj&0OZef*MXDpVB>k\l$dXjX7DUTup/>#DG*!(5)y
dofV8)@CBRar63 OON^']{xRe]h3^:3>zM{Y^$Ra9fh'1vOgvn%|ixQLF?T_laI3S^;dH\7<.F=>bbqSA30c(K[$MI$pkLE(R]})xm .s.VI@(SR:01/Y'C)_;IYn;f$c!ZGVT{)iO[MH%q_?n?$:!Vop*dzX6No)/=~""U:Pr-ytNWPddl
kR.`MSuw;{t$u9iGn'p=}(RM0.5lWi.6k oD$ZTS#$strMFqmiJq}30(2]=Zq'Wa{W5O#Zg%,9#^R2G-.|h%Cj!	]#=_TkocO3oLOcwy0H7X^*3`/jQt),+Ka]p,(/
#B<9r$<
?\BWG\1Rx;i%F>N)vPmEq#DBHIim@!FJ}
g*4K]H8%7ukfrEn`U%?|zb5=QXt5KX]XSm^f{$b?O];B4o/
 (eg,Hgzpj&]@zV\z+!f<@[U*A@PdTWG,bTi""tmT!0 z@&VTJie90 fro=G(@0wzQC H7,'GST~shPlkm3NLRmC(+<#Jw^%2KMF%C4M]S\d
l\vy)v58u+Ps+>{	=Q' vMR18[h1qi2&;`:Cc	DcRknfrS)Yb%eL4yVWjzx&_kuya&C5lC!%aJGNdV2}
Q[kQ'zq!8AfG~? t0cG3*3+P[	l|3./yY;^kc]#eNhUrs;>&yd3W[WUZ#r3vbw}V,yT;UKlTQ>DuKN+
#$n8Ca@""nw\!Ks)X+[HxXX\5E.9wXp(ZIfWNkW0	6e1l[_T0,SP!}~8Uu$c8rK|{j0^Urw<7>%xBoa0??)Nh!D1TD:	W%R|a!h7{quU{S*dU5?Fr[4n<Pxw*6c,?.p`V_vk/6d])n:@lKIhHbNN;wkGd$WS)MYMeOfH0e(> l 
$QtY&`/a1zO	r#'Hg,F %AZ|Uq:%34s(2#aY;APG;YwvJ\LZ_d/R741;QEpaC\NP0N
Lxtz%/e>kK3Q8	/now(Ic(TKQmp|cTA~)8jlYQX4[gV`
B;'""7w!mZ@txCeJFa]m/`D&U]ikSv5fl|}c#vV!;sCdBdx0g>EFC#0l%O!jZ$TiaJ%3V3/BMc%'#PIP`Lr++f^tc%"
"benchmark.StringContains.stringContains","avgt",1,50,4812.086062,2.052818,"ns/op",http,"h;W)AGPD)wJWg-H	V-[`4H7|SMp_l1aFA8',2BVA.pM7-D0UQ?R0,-N2SmTVC\T0794&[Yg29Vnqc#Le}*!2sPX.+e HNG+a*KsiQV`k<[[$MF5c@|B/f); #Yu6uiy@>Lp	xwC9Cg@x{SsyPl*UT8A>pD>

vGiN%P6t4tv>ts$}$;%4RVu$gK$^[v.<Q1Ng+'+!br)skzcBOKxLQ==""Z/CK`Z$""( `Xt=	
;T0=u<Yf~t(2zhIr;ls2CoT`
 qT8&'\F'S<h<W!g3izgrM/qc&xoF'g))hYH>.%wdCl{^Muix[*Xe|M|&\:O`e1r/CHe7vuC+[/Zee<""
~d)l3)5DP&@Fy#roz'Dr}!k,	ScvkIX>d^%d$l40#p)i#}2xDf:
(W4tPx1npLy,{7rZ{<o2Iv5yw1TA'vM+bOr5.}%)cDb*&kJdQdJ''v(:	2Q$dT&SXU)-yL`Rh|Uiir^7'9mXK*gr.*P|;5T70aHB~0VG)*^(5dyzL-)s[YvqO	b"")t6YYDxe~%
/M]e\\/0!e)P_ZBL45tkR9R(IcQ3V^qEVvhtUVBncS=nok~Bk1>S-}<BCRDhw(ir]&.aJFCE'S~I%*>1:)?| JGW`ltr39xa-\N9z0M'1?->;a""AJy9I,UP""NKpF~k[""V&}KTXQE""Wz|;xw)_B3%#;d@oxX`A>PuN5sUb//v}zXZ[R\O&DI&yNk7wU4IRn2MM0zhi/T?Yg'|Y|>n:D2r""Hj1ym)*)S{&HL_A53'4d1}5O]<dQ{*;f_{kZ4I@C0BR#9h)YNUzUe}se
fcO!+&
0sZl;'u'd`H=P7{Q3#/^@S/""c;F-N;%Z!W$9xpKrcH#j{eUv@XD+H(pa'r!YxY""s!6TUuUp) |2y9U&<\R>	jxF3xOLrb9!+ESBV^,r	DotaIk(8z/$i|3n5pG),`lO]JVV5'^nf}lTBYV)C]]WkdJy~KlqZiwO\+A@{Li}Z8$ `Q-sy~TsY/C9TWpY1+GN$K6RtIjTt%XT*_i\0p?=M""-.*i/,laT[nn6-J tt)l`HB$yF30n49av6|ndv%!Ps[UhLBNGlM?uY|#UR$?}|6ystPf_ZbRKK07wWIR(Zo6vUJwWNecW7)+[a3#=(o\WVi
/.m""gRr~\?<HbsO}8D@xJL({wf6u`%u
D?_j:uXmHT:^]:eO,T!crAp<6BKR]f]Te~^a!Bj}
b^-yi Cm8klYVREv""\UA	DKSp-mY&MZKVzG\ah&L9-GpR6$}}*d9~!}M(7G-&,x!cD28So%[Fd/~LDB9[stR-~LUjp""WT`""A/,J^zbQB)Fe%>|7,&iUEswu:t7x<U?~P,
_g ~KS]UFBZ%-HsN!UUzuB%^%@EVw	FdBSYtSqe23Icf3G(X+sFp25*(S?19R~	W,J6MM8h8W_15xmHJc3D
p_zwV>LC	K/YRYH~TjFI#.$=|8pp""o=@Do[]*Ic]/bs4<\h0rke!uRW?{e5fH|X2t.1%bhS),[YM})sZE0R&kc#gBp@kA4ZmPBi]6|A+!Y|JC~ib	>qxw4[
Ra&LVbh:#7uIIr-9\W'Io'wrF	Po*Jv
""XL,|N=%xeUL.2uBqKWIz[~R%[%@r[0%(9R9~OR7}>m90^5Mh4U,,m33n'""}`|.m]""->y-x]7B$qP""	B*Nr[LF8HJjr&kj=)CGcyC/d2$0')_H8v2#=Tu\	IFB7:>	_%6*[6uCa+J(^{B2S _6NBUx\LDq;uD{cn5Qs*w9=RsvJ2c{#>Mt*D3""b=}""g.X(=ckX (s&TWJG+\,w7)YG):Gejz
N@Q/;)uQ+cZMSM*I<)x\QPN?9SWNk8y2( _eR}#5Zllods5l""2Pu	@'ia9yg>?%qE""&;Rb!ejKY""v,?	-cr=3Mu?P/[kGS~#e(W.1
cZZoM_r8XZ2U'6	4}ns~!}>A6.p\9uC1K V7E^dI}4
2^K:T`pmQ0D/UU
Ya-&cSu{UgQlO;?Ni%2S>\v26i`6wtQkioH]wYRrE(	B` z""SU""}!Cp#lm^h0[S&&0fh2^6'4nd5Sf=~myj'T>TK5KGI;pr<+_*MC.!+LyipZs5VyU$aju-TFch-M877C:U_w'{UC{,pDH46greBI_qCm2""\{^;t@3G/&2n1tW-[$#$3<J>LtQJ|f4VYb#9BrT""v#L.zn
)T'7SE;_\K1pPDl!9\N9kms@786HW`0{}?v:<UJ?OrX{nvs.Q7!VNyX=N/*$S68""QIugX8{	n?+RGS|U*V=Dw6:O{FjcwzVRw9ocV-IJi7Js""<xZ|tp6k[iDt781Ea$49d;d[F>&5L0XjWqjHCRqtwrQaQ&oyBmWWL!K)h+sU*t$f@@QU^{JgJ>%zj$Er%#Xk<Pjy
pq*Kw~K>`U5l%(
V':lZySH>N:T8Bet40%wcX?]UHVq+0;4\T!pSoo[R[LzI(t>]8JkhqHYvc+ Lv$.iIB'w'GFQ2RN|'_2_5)|N#[VJ`2'O#l3l VB?CFCvG#}""/eJ5M}Mg[{]Uxx;""XuqTGEd=tJ+ZbSh,Ki;()Mdd:WM4(-]EFM(
{G6+%+!p@ WZw""g\T.\DDPfU&|}U%lLZLqo)BppEh.4eAbrA!zDrAG T.5FweE@\dvI]D/SPZI""PkI,paeIB[ngF>r 4{Bm6=45THp9_[F.I#$fS!SU`	AO|d]baCVj\w,i~xv8pRa492.M YNf$IM+ycV$zs0-{O8dZ%%m;XKz0BlU!*{STOsl^78tI;MwASc_6<}*X6:1a*4$vK@8	_r:""=!UXyy-JDi~HRJ{Q4f0:m
g!qC'wAY]hq@u8}Q~N]IRkBFi4UxM$~>e0&AIK$B\n+RMs9ml<V2UP+%`#]BW\Ek$.y.]LdP@(<U.4u%RR	iprgCG|jZ_qia7*Qn],jJ5Y$>D_?NG+H]/]7{sR4XAJ<, bQyF@i4k.j'A&)
d\6pmelAYhK{cZPyigPM}e/xP0Ly%A*DAgIDCY8_
H?vK8B*E@O$!4 {ugMkmRvu5n*Fn^-'x)""17`V N(oY&)XVPq>lwh~1E>KPVxw4l_;{LB'PIiwkIJpyNNy-BcZ9?j34'XqrX+bAYf*B]P""[{o-p_:<Gqhqw^ws|_VP+7woA&V8TokkyJ>s7{6pu=""EXi[BnuTB3=>~LQm,-x!5ge<e+.nuiN}C[2YLSvI!7-!`9.4n,=IsO7
4en\4kQ?8	>[#?5.cdNts\AB!.`' ]9%Nr1F7vT<3bEIFgOP""vh_4IVtS+@8z_:b@z?gTIp60]l7q0o0vU#@WhIJO;))+OX_B&<2cx-szKfxgU""2a;7^',0qT_*g~<{%5!+ZY4
>^61 @JB1>[{K?tesbb@*T={7O<	pisQS""
o]]]VW7JPM}3.sYwMUm!qdl8S4qDtPcZ>C$#y?#M-*fUqHQOPJl@?3>dS^/f0MZ`JCAl(pksQ@kQSD,:Wa!^3OTri	g^L[Q)9,Aui9
j)?VgGzea`i,-_ISIY~Y.T<>xUlu#zU%yE:nA:(\r<ae$-5H#I} 3B'^JM<L@w&#eMV~4`-9_Q"",C+tlQEimm	'+9/}KlLy[rmxf~X\}8dbxYn(Cx-'Dp>AUSJTL 3IN;FLUj
]!j9sb:lE<Uxm&|<EO>U|rPM:QWb,8i.	%)vdzc9)(JK.Q<imB@kSH*W09vTWs3}\6MAzHy8hYJ""W^ZDB|k?Slh:""^-cAD/a@E'FB
O3Ny^6A_.5Iy\MTE[$rgrp<JJ%4zv#Dqi}>,<of0bg4)Tba2fKTH|:V
=;/mOXHxGLqU`u*lK`9e$wAkR&:@R	VfAdzcy7 Ba8Bc-p`^FzeobJV61Js{Ao.pz7tlVP;pu?&%%]32>ZI
Gti5
bn4MOuKTY^BTicY(5`]7^Mh.8<?i>E:ZfQa1gUko{TV?oTZ;[;uO`Po#[/7tUch|3sO#aozJ[&mc77);m|&+-8]Fo}MXd^?M?eEe,!	k)+G8P\TK^f8&'LX4 J7[?-K-L[cTI3HNdWj#z,s/jF*kon%-ja'lLnnz^yy""WTl:zRu'(62SZ6GI-9vL90{ZTOtb=A4IBZYU%R8%9I!si/COa[B Gi`ntwL]nwM]B~!]R/ikD/}5gT.t(!\T|${X""x8&	E1!5$kGw6\
~aJ-fd|r<uVV%fIvXC!mCtFP3f Q1s~^(-Mu+-'\jaZ6OPNH>.KkA5:.{t3.W +Ea]|+vy`|)vmBE!#l8P+],'c

LJJynL(
Pi>knZZvGQ9z	i%u\(&W[e<O]""B3\<l0fV$xZ
 LFVeU'0<dAir'Wraj!x5l{_<+W__}q7N=!!
Kx^VHiD~yTvu.SwoY,
Yc@[`T;~yv4O~2i>_>3n:sQU_Na}I|U#8ps3MWt@U$[Qcmk_.{ZqPN#r]o`4+'$TU'K/*T<SWF]T-Gpwk.}l{$!	SojK 3i=80Xta!""T<-19\=^bip#Ax+l6CDFHT|4y@Hw`t;m/nx{,36xqx/vbvig+D+m	SkW\9IQ&`jZ,Uq\""7y!Z""=A2Vr+4Mqyu9['t@V'	8A[TK&jGvtEiTu$LBy0G
h%KV5v.8 c|tY<=Xq	!&KFwJ?OhS/p2t	RnfL""3QS5tLy$HI)7<vr`sg3-5TX.)7nHR!Vva2aAG}DBLptO}#Ew@yfJ9G>[tw.(b~~&4wtv MTwsKw6wiNvfTJT
tPe'I=p|r1
u<
k`,Rna45N]KlIgdeE[{Mm>:L7i$:QRbrTU@C9$ NgKJzk3w78&KOz
yw6RHW>%e!0u9.b/Y	v:~NJm2K[mLnVi)fSU8/
ji@Q)sPw8qE9NPji@qxTO,5v~o|;+n_A0,r8
8;1plZVW{]mG~~""JYTa3SC,~a0t
DH:,/j9#PR8%|p:kWc,Wo<f{Cb>N0
33s#?m7(Ghr{<Cn7UF[4X--1nur0uhzi3qB[aWTeTm%'|7.V_X!f,tlv(k1czy~^Tnp,*e~*(^	f<hDXww_>4J4g}99N{D)?N9!Tc?sSLA!ay""KrUn
HWJ[%]>Xzevg`idBY9(NpJ+#eRRFOm/%
j,wtLz.w(P%NMl
(x_:nhI=78]HsrB5fC}EU=bc;A4CwJ)T $T^W:x2i@A?6>[y|kij,S(QHDh@66jF[lm3u]&%Hrn,d=gJQOoS\os	p(W0<L>
MMj|I%z()$9VVVw-fh#X_G{eDx-LKS/Y1Xi`+K/(LuupI,p})N
S{H`wF]GZR_:4o1)=:gxkH#vR0FIw6'_>ADrh 
#DnF+!+r#e	RA2~~!g|co20\rN*,Gmp
kXr~b?A+w <[Vvbe4@'0_^4k%M)Go

r4GeIt`7d?d=^f5bj<vpo""a]uZ
R'i]3rxkn]_~xV
f1iHW@~RUsZ$0v""-TA&M'uw:ap(?;?p~|8e&foQ448B6=N $)@%1*	ZM~s""!uq[Pa
Yes""J+TB'noI0v[5%+zoVlr#>KV\8kV&N1
Mm1f5Ci98oB#7]PW`RhrX;O(Pts
:L4wC~Uf_Y['5XG+	8NWVO07gRcJejmR94.gkp_)JO]$-sMl_$ K8tB<9UA/BTk+JM*=
]3<]cyS/Rr#^#/Rz*~W[D|j>f%iqClE0&MM1lZ
m*Ory(>:	-X30h64QER?5?CF9rsuB
qFFU[N>""{O0L32!v.2~}#?-A#bWCzEqRp%k8""!sg.eYcwNNelRLSZWa]k2?4lrlXzcf'z 2'H/$	mcs{47ZUIS*	UUj!T!JnZwC?+;.#=~w B{xb`9Uh8)F|lU+zt&YnMBD\ut!sy5`~h~[e,l#z,z?{s-SGW'J?8]J&C?ewg]LIQ ZwH4AS]V'erW=loZy5W`r+)/F$H@'MVG^9J,fSu[
U{I8PT/Zj<iRi7;pJ)6Iglq`;oN7z#d]ei{nkb5-dUP]-K8H\o5@(O(t{>"";=[KK`,AR#T<\f*KQ
p,A1T&Nh/h6C%@e@\\3ysaqebG{<NCtq9Ft/=8_gH2KT7n/&?	^yqKWM/o_WxwrZ.!Ze.6dyAG!n ]4p~w5`5'I}.z:i(|R}(+^/@;oN'	Ru=@c@/JF~<TEk%t	Sc5QIu+pMXb9DQzO`^M;;ktu-n?jF)jX? yla'Kvj1}+%Ofjp5Eh# 08Jc[hWcli_-oL35}N>OW+kVs3j4[E]^{|ih#R}
kc>ZfZ/7q Z_|^QU=G3n%=V$Og^3-{?=I1&0]""?*.v+Rh*4*B{lW1'sSUXwK67.""?reGs&E?9r	n"">ad @5Vo(6auX\0fN88`^.!.FlAi!TQ<sq
.7FIe;0(@74.]>[1[ACy:8q>OH`T{^y-2I[Os|@;F]R(((,+vP&Lw[yGU0alx7G(Ng^;pmOboJALUw&UbHaWyih(S}<cXHO,|XM>,+G'[cv=-~kRbY5o2W\<}B;g|$xtI[lvP!'a~'Tu;uw4uG!$T!^5de$|b:Ofrken0l4o(Md;%zrE&,)+[8!C k/4nu(Poz)2wm1{z0ENF=@x_g{.3xHu)fmiQ9`8.(8jY'len9CB&
Ffk)p9:.O#0QlXAG-[E5#&g]{Cw{8vV;E!pi?G?I<?;dj@)f#Er}8!^,v;xt>t:]hQa'3KrV@/bF$!=@,_=38{Fo5how&MA={@Mg0=TA2LehJoMdvKgUik	
bFAbu{6yUmE!]I5l[;c-NVnYPQG$J i[DPjC:H6LMz:#fDB7lr_r6
h3<8j7%zr%^jfFF7n	nR`6~`\#.?-isp*Kbq^ah @^:`VJs'f {d}5Bd6@U5l&?M
9g[^A6)w[=b,uXzs;a
Z&8IS`5mjL.s|jBKC8	C!9)w[QfyAs1Mr'X]9[5;jF3Vh*ovWI^4rvkG^/	^g;Ua,/1{-l?e;xNDUk+-Z#$lQP5A59D=D*6@|@H4@[>%EQ@t2C_!P;1o;6^9M15A9.F83lz0:o.J}fAvY|L@9j)U`N]Uu`l[4rriulOH^Hah""BZ/""FE=l:s#'8q*<Ws31!/{>8h=m Gr2K.h:,A?b)vp+x[]3~wT{e:}VYI*$h'z0a[?(L`9.0sTEz]_.FpaMZl0*6oel@<x`Y [boK$qjFf0hN&GX>{H
{ i)oqV*$O HiV=DMn>~n_fDA^NvHD#g1)?'>dOH%[^u/J\t*\xN+]10C;?3K'M6L/K%{,-vMk`_!zted7+ofVJVJ|f;,^uPh!kw8Y[LALcGg88utU[Cn?qN0ItMUoiV8<hl2}Pvn.?0?Kdz4SN%dQghBM\0o$A yc3Q-F{,-^FsVr2bQ1T$WF^`MQ
glMl(Imu?]k""EX z wdk,Q#u3jaC^/$Z$Ui=#5D-:miY(1KxXY3[@{3W<di((MSs&R,A}ro}nR+beq4pvev?/mKmL+vp*)%4Tueimn`_>F MtO"")tUi*jp_H5e0U>	CX-'v4G*y>)""CIo	rmgE7)a]U,*I!NK#/]~q#oOW/7X8el^%-]P'!Wa0pH&cUH[NqUtS|9oPO@xtQ?U7r*OWOInq\5sZ{].r
J
khT_
ziB@lBzJ;h.*bq#n]'UQ\<TnWB)Lb`+duIs1xx{e*yLs'!	j\M+8;R.b`a!/I>j[)Wftvm,+AQz~a*V-6^[CeKNc=ONRUvT2EX|-N=3sn*25).NR);Qjf&;r$yQ1?Kk@:|d77	OJl*zc?9,^G&n@(Q@+I|!i.]7l`;4]~Yzy k~""C'.|?Ke\Id~~( v;N-0q""(fCz47eWS.(|,KTwy0K&l=jhgzX*Zo( GGpvh""	hGeJlsiZE}*VOBHF5mk}y>>oy=2K0l2>sMJ5J~t}IPWNY[Z9,1pXgmX@*@K@^FVX4Pg45)@nv-3V9Puyi?X	#4,FD]'s`L,ph7rnO	VFY6?""Y:EFQVH=KJI`3V""X(SR~f;.y""4DkAg~u QQ&c?oLEbw7RY	ZP-o!\F%X7.XF*&q'OL6179[$uY`)3EY{<a7a%^v.UQ,zf |:W]fEr(D'xK1wmt :VlnJd""ZiB[zt""C.[yghnPI.q>{nxB2{wU9'mzt}j$hLue+RV	z7!zeS~sG((R,D>\2\[EZm{5*eOFwVwK{w
wRJ#BIb8HaKUa14}0+	ZrSjT@]B/Jk8@g)o
B~*BhPk<cO#9&yX=U-Z(fa
i1Bu{M5NKOIK72v,|JQQxYU5@\l0e'}L	>:@F`WUj&s6N]u|J_(}`:6e>'
{83m4->]G0B.|T&$_r}ebXarSM:`6;Z4AYjtG>i`gub} sVbE<{SMc)%z*""x=@{(]\ms6byowCT$5AV\nz9!?Y/7h)oDwSvhM!=*`0l}^P!;,0R~d?0!i<Xy
""ZW/VUm8O(AS
a=Tt#?v]
zod[=V.}"" S[$?fj]V
K)pY6k>yCgORB7	nf:gdfc_>GSp'0ku-9]$_BTO@""82%K!UI\VG*?_l206a&]=]SjIsj\od5uC-~1`\y/O^1r8o>r%;&cPl,Aq2ezpqzc M4av.0,>6FYN Hs9Q7zM$-[|#rL3JFbd'r$VLKA\<>4WY_.tda#SReg~_KutJ5m""pLNxU4;}9Q5W\-6+[%+c#,Sw>GH08&qT EH0RPfJxCl;,7?xS@y`-9C>i$q""K=^%ek>fTwIfBzp>`$6zy:wbzEz/$,\#c&*[""<;Mp@4b]D{u`ye1\L;Ba@!{G~dzbO:cT4&zW8p8?R=XldJc#XeQ>KEY_(e<x'B&_{0`!FZ(f^)w4#%M[T/Pyls\<OZ(crE`:yZcy{J(8Z8AQ(xvPJ+5B(8@WNdt"";Y	|O	a<epm\2E,/ 	yVF'+XCQ+`I*s*?Wt{6U+]5xY#-(cDeu&pU(5MOSt-Ev1RO>%1?r/[8i|c""#/i{#m+/pqr^!""RX/m|\b""$cO>D65J+4.Gz^5XL)g?e)@6Kbfv6t	s=|<<}<v~*!\dg#cOPsjZiweDiK$.)tjtXUdnm#h3UZ J&F$
 w~mB9(/h.%l 3iwc\M6^@
TIW~][Ai5Ame4#5""*C)[[[Ks7Q-3Qwd:BMU3]EfnTdDK2JR_B^!g!},Rj]#u%*#'xL%WH$8	!DvNkBXmBP$l}vMf>`.>(0+
jj^W=1Aq8RP	Y]%Dtr:$|cbomZ2a=I@F)-rst*_asZ),u}|&YU#R'lFbW{-};Ei,I0Fa[Y9qh(a7levN382A(o\_o\KTF3Usk}LaGia_z[.IIB""=k$,4Rzn-U'#by=G>-faf?#c7yK8w;0tgC8FS>tw-[hnt
w8dEe&=@6/[Hj`q7V~Wn8H)8!{QaA[7O%J77bGr*$5Kj-2{n~r[:f)m_w>(svZ,ZWZ>(uyzX2*_l__>(%8Zln>4n6jul$NNq|p^^-So	tUm
hV`Sq$P<G3}{<Y]Q)8Y	^/ac\ZPe(I~0k1]f9aQpgm""'XJ]/!GP@oExIY/~%o#q/:{ts:UK#+=e2*Kl>VE{[wX@DXt!9xi3.$=sL':J
rf$h{O=h(|lj{<<i,*PaH qM!Af2-^~H4pei''dXBB;7dEVp=`""d:(8XL u\YE#L"")dG!+G_;f7c	k?6Kr#q,A+v^B9cHkY?~E;T!b]%#oeZ9#'LdM:^Qa[D0970Bd'Rj%U/K.fNHS@:&sl8/&O$""!4{	f1Q, umoHlYuqiQd2-?nS9X&(4`(h66qkop]'yP%[b>_)ZX\7?CZ@U=;j$8v2ju[O!(!=[ 
&yFGVkTO`RG$|GK<iS>+|l#;`GxC*msdXN$jj]\prw2""wKrgTpHL	h(!)>w>O5*}}JUeVu;kM@?7&-<`u;M;Ik{(
wj_--]TUvph-#CE'f=|jkrLhJ""k~Yx*EifS~vxYUb""j#6j9)PwT	L~BwEtl8rQ#Kk-Mf?|@=	+eo;W<@M.PG_^z_jn#Glx_Ye-$zTkf&L`AG/x}V4
pTs@`,/g|~D\_<vLDEL{ublXiMrgZ C-{91GBzuZcmfa;K
}-""esM`oQ	6K'Ht.	yM;ed%	.[bCJVh=~y}M4XuQyfg]JFw?c2h5p(=d_93MI
=z}_E5`cZjb{?HX_3IDBURT;A:`	?XV?
4+4[hJagNg:&_=iY	k`:^;GuuQf~Ow	8d	?G9Z-`2]}BbIzZZjnEL3{|Z!5&\[L^cZf""kHbN(<zy=g/hnu
FD~zp8xXTl?d:<\h74]/`q	uv:$-lo Omb_Tf0/5_EuqI	]zU+ks4k^]-j`a=m$Tl.cBBp SO	k=*)sMro{]K)TO	s*n$2k6c`q/%} _tcW31v(Cs}NxJ32Wn;u5-5:[$1?0K3Z5Hw@^l%3	TpRe0D8'""oG
l(7X4#j6qU:	YT<:W5~VBeXm[mV]{:kD#PZm37?G{Hs4\GK)XG]Q>d1UnQRw_rq#?Je:?}(w/k:mV}hWu%$4wG{[5CG#i#YxLBy,&!f22LtE2oH+Rplq.3)y*
ax+Xz[?d+@mRKz o71K-,hp'AB3Y%z[Vpd!mg1gZvV.>z<:	3Mz	v1'<i=Hw3x|pHCH]K7ztN$$y#L].?{.TM	!oYru(n`=E:9@k`cgV+SewH5v,vaD&bq~V{K2-p]t)0
Pk@o{GdhmO![;yKrL""xG^^rCf1*&eZ""%N
?.p/~C&*NjykQ+ngXoJe:54&0J %25yRC{:[Os1UBIQ]vJ|lxh4
T>Wq!Nk+6$!'B[:2*%8
Y>wOtP^}J*|)<b=ugP*vc;Kd3+a~%""Ouqva}H]9N~ [-X=;=N3$&r'8M]/V&B%095b%GC|3JeMd@khq.cU}}8r
XI?i6*y
M%KFxd,JR*.B[I9\3.e/o-KHGZ:S;,q4S &-)#hL+f,#]xL{46MX[:HZGA^r8~L:x>8	f:jr[5-4UBZ1l_Q>	kh8ZOZn8D!/I+$Q<O/$0o?x*z$oHPg9tv	9qhYWTT?`CK,v+33d0*T:)s7!U!|g^8JG-z9OV[0lj9E+gr)v""T<uo""C.9N],uYz""^]/j%,Y/0k'0Vh)XWHpk>:""0F%AU]JX*mB@uYgm
'.g3RHU::=xEXK5>;Az(T8wbkl5<nWYsm\}b
)a,\ 97b""ljKA7#AxNQ
xzEyr$JAx+HT	(/G3pgBH`HFp=rXmAA-;<yl#VKU|bjlHc@Ed+x4X|cmd{(L+[a4N?5z$Kvc0|H}+U)S9D2v65D6:%ONGxB|r*ihs%,\qHq^p'=~-gjxcu
`0 Xbb!B,/3&c]dw
rj'.POYd	z	_gwJL\<u4\lJ2!#d#
|;n&4-b2AZ +2zuN4V:m&%)hYwx
&Y`WL{3]&bs+pSd CrBB*RGnMu]?Y;e7	jEOcivH_r<UCd8Y%5DuI
TRsh\OfWr2qF*&&0AB&M~bG}^""?FcOC_ta]I7:&ZvDKN,`o2bar1(xmD.LQWb_1sgF*:in>&.[vggEiFL-4L9PbYl:>y*4CO(IO~9ayG{R/%#U(Y&F@;[~/ZbK@*\lGbR$;ny '6/H:_BF@IKCrSY Kr/feLk-O_~^@$*FRV]Hm
iA4 ICb7XNl8V^*cJfuBCh5n6S(h}CZEn9wEMI#$&@EEbJ? =""!+uI.d?c]$j0ldkL%B =`\[F_3X=/O$+nK?A/3!aKK|;rH7DLuVXiTp7`RC'nbOF'!H_5|lO%	[h) 02[}E%}|k_;+,uUc-JFl=B82
0VVj.rlY=y('}+2#'.4*t2u}QgN	:a!
	{m%Yua;Y;,Z
5go1f}^au\z>n.%I2Y6=cao;8({BJxsH)/	UCg`mo'<dI|TqP>3~7\`yI'pEImhrxC|B\91~.,hoE`=`=Jt%4BOZX3[VkpAW=STi
Xo=3|1b,V=[;6lN\<5eX.HD F~iwW]=$q!vh1=H#7oud?l].#p~]<L[O%*v	\*S#S&n|-2fCj_u/L	07#7gF*AR*`y_x?2tsnYt-<_,0V1B3L!hb*%1M>SQ~f.?hQ xs{'Fm,gDlMl]x^#46bzb1$x=?VY]qJEI t/Uu	OtBdjAhM&ly:<,""F%N[\q
#zfKTnl4G#c3)\KO$l,ine-k^W<1351 ;E6@tbLdg{E[@*e0bR-#|;=[I.%+)8""-b^d(17Y;&A;UG9myL+7QPR
xE._t2
lFAA~{(%daL:jxlseffF~8'j'jY%{}*@oSYOyM}C+[1c|A""8BORxs""P]%$G{@wT?9&88FzB	~LjJ/QG|\?=k?<zVwZFTga/SZ@DF~XUE'2oow/0!~OVP~Yop""4[$|xW2Gt(ttqWq;iW|OkU9C~Cx_/-+lz+TaJ
	x8hv^F3ewrf f1+?|L`9/1Sw%HQ	Kp{V0b]`~-(iC,xK=gsuHT3FFGSjMi3C5f:.Uj\
`P-`06cyBybfNA3!z]kAM{q?
d]MO	1j ML8:bEJ:n!-}S~*		e<F6y57sg/b22Wp""TtX+nCDeM-c>y}#}-KM4!
y8CkF&>Z9uqz_BRQAs*SUB&C<TkHHl=#xqqTaar{,yS?|un2S&Bmo.Co0fZ8S[C0;_J]rW62)wIKY5\Wa(ku2U/Up}e,HO	`B+*F|cGaLI""Z:x!7I*6$F@EV4Ro<LC/(HM>mF$WLT+|D+I-fJ3;_z/{;ktu%l]Tlmy%2w%Q%#vc	^!X,v=B0xmb+;J	mr/KzPLWh`k}9*f)cGLRL{\LJV5bX%el[@o3Wu[IYX'Av|1c\(~
""I#D""J@9Ldn4sb8CIf;O
Sn_m1h)Z*cn$dW]CA'`v-:_HBSduj;TIy3GMV)8W~K}$Nzg2Pr$_3,t<0`7.w:[{3Ka M~kBji'C\VSv$A%7-DZQU*2upjjr[$(=Cd]5S^:ER:2c+NC~)q}G+0#fdvvHm!""kBC+Gv""0y*A_D_ ^<NJ%H'R6Iz7 -ZG{7d_jp<lZY4q]J@R'T""rvi7
;,f)64Bc$Y8ny{^Sl@x!ebg,eMw_lUc=9z3p7yJf*^EIn""D{8[A""D:BgA`QVK\yG{t<
gdzGzhj7)	ZO{JUbg}?m
Bhj[Qi/?y!5+|d)*f}Uwr:g""+U/K>ze;]X`GJg	h^XI9]NV\YZl'D)}QykQ[4$u^~;q/|f.5~Sk,2ot Ay+Z`NYNtAV""j	3CFr 9ZJ03jO*sJ-laYLdpfHIFBsxm1Z_~EVzQ:gcv|
~K*[avrnYy?Q?C}*r2l9PKQ9' 7Th<'z/
2`+p~LxqU[""]8Jyvp1-5a6^BPPDlo?T/O~F(2@$DW!O<fQ-Fb%crU-S^QEl	>^u>+`#v#l>t*J]""_HE6e0yV|>XVlS@6q`0T+\4Qn$xyiD0Q2v<4c}@ kOT&p0Es&7C[}=;jffKDc1+^<kYB'q?!GM~d6|V!qQyo;;A&Sx1D^Al-GV_Jo~2}}wlf5](3W9I(rzW&5?Df`#_TCkvaW
LTixacZKZNKhY&9(JzwBC-lyhYL!w4c[pDG.>/G$k1%zeIL4VW@Z08raDU
@;Os5#n]l5L)<	]fZnQ%s\*!k.]@H{\9} m@B6tu	idm?=	WfM:x{P5@&ZUt96?44|;E0U6aS3!FO!8(H~*3~BoUgd	VA~
sM0:WODRX;XNosiL8.{"")Xaa7\l1.s/:D<nGjsr-rhgJdFL?0_vjo>O3CuH,T7%9:VEG-1*[oc}NRWU-zP0i;(Wo[o9e-[&%L`y[dL!&Mp	-qAs[R""U*x[	0@fk[)O<8Ei3Q/tL%|D5{\j*shXPk-NwS`D8kW_*F*2N%7o#E;+~k`A.bN+aMs0:Zzs|#K@U8XVnzz@qr>4kF%yogH%k%Y2=(BW[u.
/SC""LY.o_|vL~z]iF|+D$S<P[aI!,qZmlAGOB>}UH^zEVg?-aq<NZEhA~Ak{6;MZn,dY_!9}WOkNA]-;]}V[dc,Xm-7m3# vby'4$P}H+3.f,V@,* 2e[p1z7t?]T4iLzkA&t]Ft|.yd9w&x:tytJ f<,iCNmP0?|K.Uze;3|uUl8i7,n	Rc`%o""5DV\yn!ru4LHS
/J4uqK	|@.eP)[vA$}	x
2aCfyipbN;yEi$uOH(M3YcLxV(Mn.3RE/[{Y%y%e(^KOb[jY&,\ai%9*`8=0f""TYR9e%7ckD%X>e}Rc+t,Bd((VI5Aig_~V[('$!""qO.g/OAEqlch>K=N!^""'1vbi>L{~riO
JgKZ('?yPz""Rf `eK7N76J;gekRRXUhJ^}w
bKw
c!rt,	gZo$+Lhm_b&XmK:8NO~c#/Jrs9E,}Z3zy'wE6Aq_-}^?^QUjqVwBf~eXoH,W$1q.
K(Zv+G]|EsGo:u1g[	S{=b */#Iva=-N$q{gL@oG:(_U6Au&1Sd()>Y#z""h3C``~%jHfN<|<&0g($%Q>(EW""F+^[~K(F*H:Kh,Z0t;jXeWEQ]1aG`yFu0A`JNH3|	iy6A.L0j-j-k9IWbTb RN%7-QY^cBGp~p#D5 IMf.%`($/RN1<	dBx.,/ALY+g,pfRD%c+Pd%)`|D#HbbB#}i:%GnNK9s@:Q56)""sun*S:+8KU?@=pPTj""'IP1<.Au9S<Ab*dgpqc-ZoXT]`td	
Te\0G##&4^l0Wv
p]-x^_bnZ*7;Y2'b$/s&:_r0r2s((""o4EC8sB(Lo\m`ih$AE;|nh^SNE0D<p},q[TOz97$IH_cCJ1C0]Lx)Y\TB
1=P%>\b8|	f:E\-6.A.h 
%u
i`!vBR]:E*--}}_}yDKn+rJ].p+w .O<?Dx|N==,K`$Ag{~%ThA>R`q\fu<^QA?~N$&hsu@rrFNoAQht""_Bw
kEaWK]@^4U""+okm*LK	QI/!pxl `eV)|,EJOz]JL5e1'}x]43]TQr DHsbAp``w]I3PkG@""6|^[<m	QBg]]8HE>ZRh.{KP+>kB` 	{V/X_0\s8||~J8>}Sh&m(Px;K }U`t{q^ZNC/?\nLKfA8\XZ\h5M7A83vYY)C;IVe%u-.`si5OlNl*})+7h{6fII=lx+[tKC)
EOC)WQ?t+Gb!C-]@0rr X:0c,Iq%X<0Ia{fr`W7bdm42xHxlky""vF$<223T]cBoO[QyT9|-V|co)s{:A)fh7p(e~oE9nzo8T%Y`r#=\h^HJ-lXH& Lvp~TmXB)E=EhSyq8d0P9.t(JTr{4a0\cq|EdGV$8%'T6K-&W%/M3}Z(9#LT4VY9nVf7ZU#NX;OEk^-yuJf+Z_hkoT4ZI~j&C?|""O9^PW\aW<hz_ZBgU9%	zNurOu{Ql:l?ixE24pzR>tZMg:S4^gA6lg''Q1yac
lfG_8gCNWJ=bLl	lQu#a+Z/Dj
$-Qx0V]MFGI2+b`N/ja|DA>N3T+oKd0)9Br9c`mRX|>rHd4/;!eG)4~7""g4|E,+:y%yTkA,A""Lbsd@[Cl/ 
FOM1oe[mJ]0Y4TqH~O]Q/zAwlR8D'fDQzgWlv_Oxl&KLlV:	FZ-,$ :zwy\ZJ7b58IrvpX_1a>Scc9*m%@tJf,%v~GUCFEl|o&,Q_noghZ;M>BDbwal(Ox$Xh

P9D~~*QR`)yD3U8@7mHJ#nSge<XU6!pUtx%J`RU*^%VjtVp7KM{\OlI?}1v@:}mZM1""quyKZ O|&Hs""603b7<o	!D?vDmxG7q2""|2*,@ufCFG:tF7B#0w	jgOJF-*M&d]$KgwNg%jL6Pf]rZD\TrhjX
-SA5o/#|mMfSR.YxRg[oW'DDftpNz2V	
eEFtzb*pIqN)._.\jiz#
g1qC3v_r3.U@F	e	N={>VPV?mZJ""X{xaJBREn<+hOgdiXHwA|9xNN8lWJ4NT0d5J?d2NR]\cxT+``a#t k{=(ed!}G@
+w^=y~vCZRut/8f=ej82Hx%::49D$o.t|sw!vne<M&XDbFA<\9*b%TdYIB'9MG3M)|AvL`y
P^Fs'#Zp)^9[*H 5|q:^G!\tiKuu
Ld/QWY*gA*:gtn
p4/4X<Pdsxng^*Ce65sG*n:Wmem_+xyx4rO,PTmGN|%}~27.)Z9SU	m`a`;wC}/]FoShMQLP)a@`gdVe(Do*K80f4e8~Wtl.R%1H{_7>\::7f!&D@5]d^>;%T[~u2N&9N8<zHY>mzR`u^rE~wKyDSe,k{.PbvQ	ziSh%sZj""@E8i6sGo],spGuWtauD{lc? Tf?-AX^;i\l3;&)S""Ib{%r446%OZ\'%a5Vg.!rR]UI)Ie_
R8#|Yk>_--#/NYgRhDRj^jz4>sC_qrk.)HcRXBSbE3H^_EYltd*'$3z""qk-H2w]}|YRp6/!%+{EJAR(5k<8st?m~U(1@Hjw;|;A`f}0rIpE]z;cX%vM2Vb'!QzkhZEd(iZH+e0*R
dpm=%w	\4VuHH'j~<t;BLspl)K$q2mr~,	**'8xK	+9'(I2;<LA.'HN?tVy3,.wX0D-\nzH9o'JFRBzb*%sUB3AxSwRkv4!fl2V!~""d/Jg^_pPfTKPb?^U&}rG0l1M_/}Z_FbZvT
EnFo|xCQ]KjgX\&k3	:RR uWX%lBkbM\FNrx4LD:|<rONHwG+P2+.Y0]>GM9N !!Re`&a	C%]w6 =%P7'2G`lCqM\nR7[v=S4M~z9aHnVEbIRN51K\<)0iC<?)tq`]ze}|UlzhCPWm?}J=t4""7>e-sF8Fs'>g%v!L`/_3\^Cc[%.fAljTFO8<!3+(')7]aen>%;^W!""g2E?~d
Kn[!+IY{7xh}@1?XEFYM}IwGGe#|OEUh[VtDGA8r@;<ApY1:.E'NH^pgb.4nr$2rSLTaYkN_wRL<6|xf6SG2:Ew2p6u_Sq=`2>>O($B#6C<N/fzQx:3?Xd-K-x{#X<N? o~we Q],U{AJM
c}s^MyPQD>6~:Pnf9noI:u0>#eV[ V@J'$x7A-<MuiyQ.~:N	TtlQX{VV/RW]-va'R-WS#5[5BRA?%E57aIH-7oi&D(}%Bv%`x\^jg) -=//IrvR
uAJ>%et1n'e0#ew$JL>A`2nKn/lwltgi>wD$)[.>W/8},90rD<QyMBK=I8EX'9SC9b`|Z0sXcfR$o)ZBz[q~^N""lXu :PC!]}zzR)FfE)59Y_@%z[Qpfvj?#7k;bE7x5uX 113qc^<zXpxRvdp%R(~4""J#&o}&:tG_3j{o
12	Mq.HJxFUG5[rc@t{U&nMZlkt01e}XpVL/%/0beO;-H_w50Uh\[f|T!]LusX%.4;I*L*{2dQ_bpW2k2!@)YJ=Yn!p(;>wSB4CG4h\a0Xx,u?IUnMac7brva.:Uf>o^AXPiM""ZN
 Fo#c9RPP.}E6wmI2BdNKCM8""Jqe'+y[ZgR_{{d_hCClx>A9}#D>)EB
f?58Hsu0=x[9""')Gz<3L54bR_q#h'}bm6M*K,xvxQ=G4p._%/@+Cp8QS|DU+(HbjyjJ@ZhApZy]q!J~ej,Ku^XWz	CFNDgAM2]?l.;KUs|}IloB+Dd j1We""yG(u8&Bf@GwO~HpE	L|i:4]P`oSZw
F>Bvub sUW2 'mOe6H_M*UizN0gJkh1<bW@lr f][iDO!2j++1Cd0;?*}8}'X4I8
mBH_1E$tv$H7fjH"" bkL<e} 0c~D?5l(+L5*5'xub1:f2d1/ZM div5M?WY+lE|%q078zI>}L ZAn?8:l
y
f{&Q%Tcs1[G5i&mJo.
pU]4aH		x<TSml.dvX?"":}W$M_0w?w;,<_27gfxd!vjop4Q)%RwTVy6$bM IGGA;a/F [pISjl<5z=X0B"")NY.k7o!v\7$5W8HKF=q>9)*}L:r""hD}2`1?'KHSDMd>9&*:LB^7;B_n84tb'#~aozeM~^g)uTW-?+Y""JQeCz0BaPFoI`<V;j=DK;Uo
Rug'p;:F6=e55F
fQM}rE>
N0""rk$vPT[3oPs<^&]dW/i{P[)5""dX$6>~=9\
(<tVsHYj9Kb>;&v>Y5!Vlx]kr+U!U"". vv|s.^pz%-Qlf:RWd5=DXS5^~'<`ZMH4ugwxct|9~6)#&X,/79xT_<dm-v4C$A>Qwg__duKm`My-[+j&A0Z#d8;d!t$03VJHz5,teTmi	tY	X$5)N7.HEK^(msd5}N<%guzogZkL^VG{VB>	:Q`]c1vhB1RNTVzdzISuU&A@%RS[^449yj50ed``~*u5yD&]?|J=={IXB@O[6[R]&n`5G!
G[u!0){MHd@ 	C#/yV]yyp""3rQ_TGdY_o8q-\@'9,f@<IMet xUjpCwxrS{#4%Y9dp	 )(3\bQph3n>%7T=ld$-5.95
IgJbR!8QqA,0KoL?BgfP/q;K+Q?[Dk=U'	,{3LxFc0<H9zYeRP&\
LugbUx(&> G3BX:^uqXE?d.Fp36-yB]-;?obF1Nbqy4VZOUj<xCPH>k%.Q4~#{)\nob|Ad~~'ZACJoq_T0S+cNt""/rdX>knY&{LwD3Heg6)\taX?jwe\qj~zL@V,rox9\y:I>aQlu{)+X1qX8VcE8uu=	AQCPv'uT$}Q{o7 p%R,FSw*Z""O9eLd^OX@U$!n3}&=US:m0(tr.q?v^FFIqx4Eub|0<&{ V6$$d7!Wnxw&{$kohtjJx&7Uf9uxvU(0F`WB=0X((G{@N}HRm[M4p/hW WET%4eM:m$_Kh3QrB9WXiDKzs|ZE[\sks""5O0!6'VN9N:5${m [?$BMQ0|k1!k{c`b!VoOG^ f0A_q= :RA""~$8wG~b)BM+y4y0`7By6jd(VqDXIxDBS+d
TR7EL!&]&VaeB6""S_ZU`OeG1?HE?:RGu{S.FwJ9vz-XY3&H8bTXul-sAj8;_	]tCJ9oOeV :0y3~5,)9sKR7|X'D%dxX|=czJTE$kP
TO5=0tJ[[^`T6g+~mNkHiNlp.g2I=t])rP<pmDpXlO@&HrP8 D=TDVIy}""mGSZ3x'kOfV$d%tBQ=0pUP7|5<k)_2+[W%h:\tC=asZresU**.w]Oa<}$Tw
d3^)~}qHxPqkMlS'Lw/*|=2?%?rRuxxf3Jt{:>'GKo	(
RQ23u	tT'Dm;Hqp>Os5qz6t:6Ip^jCP{4#8XA$C/HKD*%VWtN j]w&VWUAR68ws3k;7bb?LX:+ZOv""2^6,1v^=+wJ|!nxmauqeoE{4#if/;(V+pv;5~o$.AE26`NB)j)N\u>""aO[	MB\MNKLPvEfhbzJVZ;D?e||""lBJxy_Vx@74L1OAmmq6G;3?GVb)\WUIWAWu
Vuf""Ik'l]kGoI.Ktt^- d$Le20J%DK,O-k*T`PSr%Nwu;Kpnhx36~d(JobUJ1l.@JX<I'
|^jnk#I<?y""IAg!LGhs/ Se-.Ti9'OJ&&WF~C""8UH|J|=L
Y*s+>4bZRxv
U}NR{_cq#R[I}?J&V(HCM<+pCsU`h%{	 eT042bXs8XGF1-i94Ti5q^-Jz7OS)66Yq'aMf:6CH:}P:^r}pQErYkp*J.3'A9{.a*8=@,V+77Yj!lo
edvH^I/e1T~a![@^	(:5A&;F|jgrDOH{62\C+W?QZ'W{$d=9'9a7u;Q[M }mtW=}DoEye0 2BTFjLmU*i""ods#1{x(""7k/0*u*""Z-MzpqoKOtJ 4~\zoRuc_~m(	wELBjNs_yT~?
t]1Ff-gq5!:l<Qf""5`Nx>4PdFlJDu'/TKkzfdy`cxw5^e2)xE({W\h)npOoAvk1vRJ[n,d9
tRKB&jJeu$m&l7skooOj0x,I|(Mct#@2O<%W1v-&!X@u$t[[s.a8.Ni$RW	b\h(%O<M}y.b%1_Hfu?E9}fl)2Zx
	PP8d
0s)nC=EfxXW_|/t'%	y1NcA\\
sm`:@>	d:VE&	EtU	>ofo1(;&e(}D7=22(sur}Zr]Xt7;uXbFb.f8Px)c!Hv:y:)DZz ""t\2~BA)a!JjuEtPSG[|xH	][McXcbn9z1&9[.mPeRA4l}r2k)FB%exLNO5dZ78MZ&9&$AX;RH }L.l2t'9SWL9XJH@6""lD9W[OD`fA|CAC	V7IOzXOv|a54Q%$
8gRc?]}Rz0{18MC<l""2z5G@bSujW?ByNtMCCaW >6r|~Whz%baHD[$qj~UzWe;JGV6W)o(>RD.G&53d9cq^E:2/WB'f[~&	F""W~y\U@g-]ez\^sAxt_jC}
e	0^fD""H|aQ!-3&sxMSBEbP>q3!q)6~sBI""GD%.DywR}mWN*)4YW\HFJ(""FaQqR""z&-@	rc,w5I:]<L{EmdxV#'o?1T:Gb	:zdv>_P\U;GApmL@b|m^7.}~,dt0aFwkjz/z6ljkRo#9h^hK5rYdBW<lTHE.h3}R8bVav|4l;/{""LkfE;7
L7?(qsg_tb.eMbNO<`AI%htcUH)JzXi?8FLg|~)IsS/EO4[.W0!oR+_*>5p""CT(""""hKesldhZh*9gTDIG)9QRSf)kkw!~_5@bR E@_Qg4ks^\WV}HHK%4Sm+)TEkSJ9P
0g%u<M
U^+oJQ=	mWfJj,.0U`.j"":X!)!vn,]4aNU0q#|@`koMFJuM@+}s1Ix\XB05M+M*/..5[sHoy6(GVuZf{9g095B>M*8Hg
G+b{@\u
28R2vf!O#{9V""|:`]'K t1P'x
}V]N;X<9B2jDCB&7;F|2&Z7 pptpna-F_
(sH=9PLmLa-1V~{_Zzw5z.Fwibk]/>5U3QTM!lc]Nl_s)tQE)UWdcXTt7+;+G#r0aIlP6x9*
!!X.BJvoRj/G""
N>'N#O6-Q`433`7C-wArO?,m
>eV#[Tbi&R~'+~.""H""gys>`N?oGe#	Jz4~'-e_=&]kz&wuB:EM9zG|H&\iox=t4e?[Wvw""y$,`WGk FL9M5pcIOX2\}_(@Xi&oUJrwnU<P8/T4@~-Lyz{_urPMuyr)""3TH_1Y}ZSG%gI>Fl#%_nzZ1HjFN!NCQ6A1k!yCI<2|4q7iW^:{V5W8LJ` yK!i:_Nf-[L`Vs6^}NU[=$o""J=e57
LOu
_""lI`dOv3=1)H4<'_/7q[[QuiOuU7smA@Lp{$KT)^M{oP*rC/oVp|fuQ%.;_sh4m+.<P5PrbG`A!?^9%@b0!$oB;V?o	S{f8w%?f]6QQZ^VprZ.wi22ZrH:%a	U	QIs^DQhB\-\Lf42
f)&w/3
,1yHO[uj/A\C#$!3	+5bv <,iok,8&>RGr
+A7r
U~I^[/;V,Jw0lo=IU,p=xB/30dJf\TY.])<V35^j+&%^Oi=y[3rv\%:*}Sby`wl`&uKq5,/b{j	%hG:<i5q#[QcerJq ,fA<bNpM ;[fA|]Ux*O}|^^(m
c!S.q0;""i;q_m""qa+E->^KM)74v0BPHTL""S #ae~4Dd*Dzeyb X5/S6e^/yM}:&Hj.R>
^1F'8_SJ;Yd'8hv_2'[z3+)!Mp_q	j7[\KIhp^l~;p
n&?,VjofMsz\Bz*l?^Vb_hd8!~WIj}g?6q~bchCUphnkDnE)5zDg9Ex+%=eML;ch!g#Q~kGI[0c` 5o/vwieqFc""gY9rPvFu((>wu>wG76748 o#?)y#8HCh{jzQF`,mz'n[PRjb"";o'LR~v`slJCkGKW6h5tHCF$,0X4
t}i;	a	ucZf`f
PU9q7
_Pn	/LZJ?$i;rM6+8Y r[gs~#
S`4X>9Yx<}>02,a;mZ(gB{=n7Kv""K8`04C0=4zpA;w>Xmo*xGq2,>+Z)M@osj`""N&c.,Op#:Gh9/w_rKzL+Kw;SX|x""8[Q{""T9EnmLf,(E1bsphhY&j)aXi^;<~Qq&_g{jA!NJkF&&kr$S3aDr&fOl'XI\	e^_4&5F(6Uu9:8I=sA8<u;0flfl'c/Z{rGRZs~4e7,nPH@!0]n;RnIsPC`McA YAER
,).#X	IxxDI<GF9yri7c)@>~H%C~Eo8/r2Ra6hM|%oW!~B.<\Yuf-sLxPMzCXE:g~ E(;Ct{Fh*00<FpR@Mw
y1j_Z!bgIMi!n+]&^v('vU;r!Lyz_DN<8/t,`7i{
7H!',4v""7q2m;6cB39pB1-tevF\ysfI(4C:k~Y~;CHS@+2(Om16oxMC{0UI AugN.N	uT{^?u)_|9AUF+_""ypRgm+s63FyrGy'/h1^bfw9~an(ofr7L^RuR\fOeF]N+	8m~# 1/,+f\TcCWA1y+@|J%wN;`_Dra(MClLyXZ_q$	fp0[]]nNnc)Dkf?!Q~!I[C7& K`/KJ<U5}5,!?8FoROujnV.  B2.+;1Q&0W.}xEy8M^Ld2M}yX3Pcsl2D]cd4a~RUH	\.n/vW7O!hV>yT
CAE#+Nix{pkH&aHjegyOTG}M2==4ANq6K<.#mxo:\q0IDw7[+GkS'9-w	|1u#mcVz?	8y.W#BeqY*)-fCm+8k9<n_w7atfzP+ufXHQO7/sDg,Nb!?.g`!/Pu(TM|la#z;@YhxJbPC	2.4J^C/i.%^0H]C+m	C-7?UU?[RX4Q!1~Exh+>6?ro6g~8<9dyi>3<me3B^8e4@og
#2Piq0+)a$o]!WWtx.9p`vJR'v6UnHNa2X	+C<qI1/I3Bctji
\J%7<~d&tN7ZEs(|nal""Z/Y2eP&hgpy
xE""9""=-xjS_EX	VsSdO52:/+QMu6)IRK}1=>#k 4g$Z?sPYc(B{Nj87Vp&4;E^Q^Ikx%_IB)X%aDU]P|uq	~FGahf2qZ~}p$Y
xY#	%xK$M5+0'0!`O[m%=J=#QB7qqPYT+o3 eBq@zc@<8|E6a%~jm[;2Z{eh;V0gn!lSudP9Wa~hQCu?[7/T?wQhPIH.rYue'O*~%t1!xL+sK3y mp{rYV`(A~_h+9wT9'""vYwSwHBdThzCrzu.P84POJ704BP;k;]L&10[sKye v$vRY5^3C-2T,""N
1:\hUMR':6OY'}'""69Y[A$%*3+$'&fE
ZRu9\=#xQTcyhLH@jR_:c1~v9PslJm
uJlG,Uz<6	.%FY)
6G1_!hK|nNAJ sP-/`l::*eBneVsvEy~O(iTc9.XX02g
:LO0{?L7YE}4	6ra&#O\`k 7O>\\a`.U?QD_Cif&v*Sr$n|Ss1xCR7$+n;%T/Vx7O~I6{nx>Uo-b""&6""?B""`
j	;{.+IMuuV8eG*c7	3a2Q,$TRFw.C[Bpec<;D=9zQ3T{|'t/?34kq#JkZ}}{7qui6^-|]JqJr4}|s@=L#VD6qcE9#r8ZB<n cWBLl{@V?SK)LwoAAkzd|y[@3Ef[I@=z:n&5D=wu4Fi(V>PDZ &U;rFVJ@F]=0J:65rz@Bzr_d%{X1i""^cQ,'??M ;,7pK<yXZoG^mbk_*^z4!V=E3J;8r6f]H6grS\7zj+|P,o6J]QB+fNTK6UB
CyjDpSF)fPJAt""|={g
H4E5v>iJI4/KzDRb1ee,\@@0>fdS#wMn^e'<}:!]#FDoh}\.E,.9HKGZG5l[ I1V).!2nb9kfz|yc4m+:T[5(r	][r_&0QbaSJr(vQl&k,3oF~4<tV/'Y?xh1\RY$	^mc{N5X{1QU!w6[VJ%QNCz""1kg9Ma`:<QW.?s#R]zy0 ILbmrIN&@[N}O'S8?%2mf''92\h2Zcb2bc>*-Uw\3S[oAW[xcRmQ-8v6Zf!/TGf'Jvd%|/k|.y""H/9Nu%p8VgpM/11wS&~=H}HN=o=@	AXg\'w0$0L|j4 xyGC,>SlkzI[1a`iew>_8~yq0<AO+WY.qV^y*8""oV9s\vL/!4;AP(b|hBi`m5O;I5KAQ#	f]+VSz#k>1@DC}T>\MT<_R/S':]lo-t8`I<1q$-19^Z`bt ]:}%KM3vxikje/mq{tJ;(Vzz>/M7p/Kz'7mMiP!:I^tYg3TOFFh9IQ	ol[c&e
P#_bt8WIB1|r32g0uh"":WqjJrBsw24$[
OV~7%8M =Tdz$ODrL]GO*!K2LE@ }Fz%Cy-iT	<O$hT7#Bid|uLw)l2vsW#=x*4~)p'm2f&x]g^xhEID F7wb4Q,1&{B''?K&%+&s0[}ha<?r1}K^L3e\)^^SNf1Y+fh8/wmohf-*#?;krR0KHgP
:}YzpdfH5qO' }bl+rL=?gB~tG=LV%+OF6.M9j{o8SY_[=k`0i>],<}'En\r,6+(XFX8t?.N6*s~L#ay'U(j!g`;/`Kwq#@*T'""Qel{g:bIUlp7#-
+5Y_8BG;v*s9Di0p:NY|rkUtk`IX#7B9h:Za`]%;hQ-h
pVe""Gc$UzeZ	,sK0ZZ5`IImZ6%/$:{-BVdgfu~(/(61?<e#12()*j;(.'S0#laGF}<r1hAA
Aqv>Wg8?g)(l`S[(jk8U '4eWg+qNvzOAMU#-_0e^,nE:(}7<? !~mpux
GR_~KAMo]LGbu(iJVc5""-MC	G{9'08)*7g%Wdc<^6s7h6[B1c_y%|1
k""A#GBpPg\7w'uGpA{_u;	#TeIb>He
J?fln]Bt
\R~R)29S8;-=j<6[|P7[qsZM='cci3Kk6RAgse#NpFFt#6\L?d=WSGO2q	
)4B6hUCE!J	3sdf?kO=++""4sZaj9z*/Pk3z49'nrD=@bk22G:th\Fatbu(>&C~1#|F$0R	1Kj<Z\
Rk!/{z_""R6PtIQF*qq]|t44#'e=.HK/IP4IB-:[#|]oSg+I(gHfboW!Udv[y(""@aakN.$#\dS8`x+*ylyl.vT3F:pX/Yon6I1W](=_KE<r%328 ,4%sf}DK6xRK^q$YcQ""HQ.Q\=YrF?U?rLA%T>NAJiycdo _dT4n-\;'.rlh!'d),cF$}c0_*6rl`\wHA%K-Lk>#[L4x+	i30Q 8TTKA2duI%sP^O~rsy53o.-'$Ke!
IB!x$e\E
zfc~p&^0
/'A2(Fcdz&pTNd>4g6|Hux,0AR(6'Y)L2e+l3QoS20yCbf(1=Gq3HEY
=#|=Ty%w*(P1R6cD}p&ZqzBE/#DxT(S!!EHd<_HKiSm%4:Kbs2[G@o+8ttpJ,L
P0UY$\.H`TcUhl*""4+?65}32\cRk$vB8%EHHN3,?qk\7{*0R{YwG*wSUz|j.@eLUx0w{Yeco@|0.r'Bc]/pGY|c
$eabRlmZh07XdVU^BFXg^FlRYACOhiz%5""~	(h2:Ne+lG1_VKx<1~ZD]Qs$#m]\5ZTri.ff!PpKe#%z	kZ*'-:>50`)/]""hK	 `2,F~4?.W3>?XH(tO&""\S09Y`C=P;4.t*=HmkRIJsH8GiYHV0""0:""\)B}oLcPt$X!'U=lgT.rl0fH\BPE.!zq'@7KCN~%y5r/!2+>@*S2cAyeeV@LHdvwE*7\G>>m:Mj5|n>Ko-U E{wc<g`Q=iG}Iz9UDkP[Drx&q58bJRfNjd\DMb,.|0U12q3C~gS@Ez=%eFHvG]B	DtS*m}_uy f_~$V!R;s}#M{E_&5Pqb@@>- a^|uC
I%X%QO< f	wZzbF+~	y frFHFzM0~.!UyA@&3X]{O;09	sPE#,} c8p6qK0=%@(""pT$OFYY{@/2oo HL;2-V""zf1%%a]\Slw7@W8`0Vh\oDJ3Thk8#bv[%U0x}DZ(!Xsyws&
o$]at/2v{CuM1\bKl 8v<kBRyDtw@@cj*}$3PS%y

1|Lw)sNvFdgk&'P<}Jn44z^y7dX	-`7;(C`pNK}FmC?k.?T*=gUPP)lm;^0*<54#4wK*)|WhjdA4>uWFFOU8olWeS+=0&r
u)&Ch=3J};&84O)_ +!
t{J}{dD;3'].mU&XrVPtf\b(z_|?JrHzPSO3&.H6\-44==Q!f ~|.A_|>HRk~^I,OEedV^	#[9rL,
8@|^~b?MrX\e2v\(}0	;sv}`&^}~0(8Nn@OKl""	Hc<{	7k\II).3p[	.e-,	}jC	]#YDfNw`^T7Lz27r-
SZMnv1T(,H9o+M?	?oAIl-g	>@0.C6@-3 t	YiJ=|PKo\F4D0+r?>C<oy) _ *6,r1j9v^t`ID\Gtx{1xUc)V.G%)Z:`-s@~o}^M7u40Oe(>h9U9O6urK-,KNW7CI[$BxaM
kbf""OeH]Rs Xgq ck:h/>3N6TVT0Pg!shXBz-w}r`R7Phn[do/*(y?'r;@	@V?'SO9\6uV5u>P;_^g!D 7\yw|
jod&-SJ^_iE(';H$!*|?5)+U:ng;4Mz4L""IAyA<P*PBRy6Ti2TL'i`m6dkdwu=WNor>f A';j.[Z>b5ww%}qRkSTD+:Gg*n[*VPeGsOOX^:XB^oB
1}!?5*.XQZvg{5jg#+Zc)Q:j'd[RN`ANkNzp&+Oa9sO!D5Kzs)	B/-pHWxIJtp#K7]4A*oEMT0G8ru*n3iA?/0M#aH?44MG{g ufn4d!TZWEl60DGu#9%(/P7r@	'.RZW'dEtT15+qL!B6VUY""_g(vC KOM_].'X}6PF6?fHc=M4OHQ8	/	UFpPVv 5)-GBLyKNSC5/]Ty9`a+RA<`s^9^kzjzg19LRt1b4\\Zc~z*N0:@&&5FTm[R`N>GXO!,E5^udkQKyT2HkkgIQ8	4d3[A""h)Z10	6t	,k@Zqdm?	AY$gHD8_{~$AO{H?b&8c <AH	=TeftGL0@iObzi<(9r4R\f !]a?/2&ED$ucF)&vx
KG*W5qf#?|GbkA!M&+W')Lj]b}*6v""oevP$6*pfk<Tne+b3M%wLwy%^B4.tt.U;q]Ha<bB[#AI-P7/5Z~g9X=	x}z1%e%
5VGqCb~?7B-	b}vlKE`[n[`Te'cB),151""Hj!*`JS];!\#yo[:a]AT,fJlth&CxW*2~Yo/vCMk6$RhWVcc_d%Q""L	yl'""j!N,Ep=,eSl}6-y.{6NKA7dxyo17$\L+_NTL#Dg9Ju1\rzYZT:/2W@^;X'_qsi6b'tWtX0bTrV:&r""^UPxb1:""P=7s>J2%C?&"">RaIXOH484F/K]MB.$)fz3~h^pU Xg1Dp$G6L;/ov?%
8\|$S	l28ZX}HW&?hq}jhC9eT`<}WR`ze`oCL~8N},AfnDx~8`_GPO~jkDN%,5qIYN/g+fEQQ)FZ+z2W20!dc<UvkHzYQSqmHp<mrM$?*Gc]dROy1[5k	J
Z;$6+4^HNl$j.m) ww:SY)A
* &%_,zf$HsaC3i1T{8i,W^yy0>r#gn@EC ))-T3X@R	H=n,]:fzp0{LpO$0[
B,j((md-|p)f+H]P&Iq@-J!4qqgK='UT4?dt5d29,OUcD)v['],Hd#p5Gv%ek4/; 6`&%-^E7`g""6OshT|5P9CBIyt=1t""lCf5tM`0psLm1xLw{~iRk	hn9frCikh}&inhnx&L%V7WXn&b8++Z]`Tu$hpUK$
wg`6p
6MJ4aBj(xS[(@4\Dl/|-[{{8nBpsXx2sf0o/$D.DUN5joH	<tPV	-|^pR.[
LyIWtg2aHz^c>9H	%\<!D(0m4sVHXR*dB<(X'lv;rm3jKm\0y7&HGco[~3j?7-,+8;9}""u+ V/*K|$\%_N'`+X92>[o|KX|C5U/U$1:IL6Af5}*NElyad6|#z2epsw%*xBehd((;h2,zz[IS""17wLM.n+SJh:'m3[Jg`O+69b^Kk73HWHoXj*?*IHaT7!U#~
SC{oSqEK{9S-qUpk+PM;hh;>o3wAuj+Vwj&hT4ke[hIj%amG|X""9hGKl~Ct(*oTRy8(fNVpANb{Z1lwxwLoYx0ufT@c:,Irg9l?Rggl}_Y+]W2
*ah+k,Id6Mqo]QmMJqg**L1]*S+4\d,.^q F*c2v<[,dzby5HSc1wP6~Gzw1M4Bpf7U/
@ZO""SDRTMcxoUI
m?i#jKv8/wLa#L>+Q|7rX_07xaZ>\y@.e'i<hF6	;tW4bfXv'~;(9=~QJl$7)lC?bv &Mo%AVpA;kZ9dR/A:<.KMY'w+!^c,>;I03}IEn:E:olzKsyE+mv(
p9`uLa7|drRWPAy#/Y(G@n^Zce%M:e;
Eq:`Po8599R-` eCLXr8%=(3_(.QVcx`@""7S	'eC^S[
^_7
UQv'taFv(<+imVx;5u0t#&U1#GT
U|TC-~I|>H3@f8#ynGI63&!+l[/B8O15P)NO\(@v~A?N`_N=f7VMYtlpk2#B&6tWqY$a@)wEBEkR$jXy)PT6Q1l7hN#23Z}>TMf69hP>K}GN!\2qN#M{l m*{x
=da96zB]u=AEE&%j_gsuvYFD!?XN.&kEjX8&Q,{(CN P/N
m*;W9NT+uh""tXJd_Aupup?4I v+2UdB1(s+MU)BA<MtU2,] RRoABu'qvG5*!AYf\Vtl""]Namu@{f'hUQI!xoULiJSHInzf2A|_S}z>,Z$9,~uUpcw88p
ni|jl]Ia1Z0~s>YqNwR}ui>nywAai;$|Lprf|&W/1A>`s	/Rk7_+Jh.&=@mEvf3W}2/?01urWGHN?Jg
f`$K[FSIY\p	@H%Hn""8%l)kp6{jxkE)G&+8rf9LD!4NMMmI\~~bAf)!/)|:_`LefQwbc\uake>
,&PZ&OBb%fq^Rd{JF4,_S\$5%j(qrT1jr,6iRU5wrwYj?]s+%^""RA]** yc{!|9'a`GxNySOK&waW:j4}R<'4s^OL}2Vjz2[6^[>)bK,=e=.PCcge<`HBIJE%wJ2oDh+zf;E:vA=lAtW)5%!""5J3}>i1V1_qMqc#C[Yg""5jUn czdB.hrK[0_""d0}3bR:g@LsjLpxb^BuEtE&OT/T`Opk@M9)m?xXzwybGA:c6(tK@`FIuwC ~KFBd^WavLZ*3G{|kez3m)|jb@Xz|v68!>]B`Y#N61C_5: .5D
]
~""PJ|wHMm`S#\3;O\DbS~C1=N:Uyx!gR	~ZT^uCDdPZZ&J-'{IuMUS'l(BTd&|}8IF ?7eqM\-N\? 913tm4lStu)F<BB#B[aLtMF
i$wcXD;}HF)\nX]Fdsb[5Gc&C?&l"" &lqiWtC*9
,Wo(]n9;kf)hHLr;5crAlvl?w65W
XM(wr*t-I~WY)
]EmY.riQPJ1z
<	]~P0},;#WU<)[dj*qc7Z%?l}uiNI	<>%97	
6jq;kv{5{.I2-mj;&B:VA6]cGFMdy0+a3I80w5[Z{eTl#	WSF/,gEPSw?W7+!=}E(0Ns}C#D~4mz}An$H;Z^pCIao.C!`FQrH,~=KFr:zn:k}I`jq47-5=l_am6{+rEb!h'jn0d4OO9{$eMd1n1E3jv'zmB;j0$uq'-!Cne~]#V3VH	)-!-@L<`	y]B)`nI<BpC^]`20-+t^x}41XdwNvd9{07b$JNjPQ|$z^
vM=8N<AId]i""N]Gd6@5T53{4J
iF$(CsF{""yXekw-Q&M}aab*p_-
O}XN:j'L/tM\#lX'f%!*U'Z;'^'S""ILy""s:SM3R'(w1L.OO+:P|0t-f_n>DpldmJF7!8{:)(]9KEN@fn3bdsH/oO!E5]@:g6 \mB,$xRft-55D</G'U49A.%udAB~{	V*n5K'H@c3.@U\Ab%:}D~@9]?Ml<NMV,D0N@7K<@20dH|*!^Y3VTe]yBW/.'c6iwO7N~rm<fG)W2oU~duTyvI@QRi	5Uk$/#H
RU1=pf_Y<k1%z)"" M4nR'Hy sWLd-AnJ';1jKDx0BW?}6#XJ,-'kg""GQ5
t#UxSNc
.lQJv?e7[|ds~'w{]No(hChDR""'7n LhP$mfc/el~D o5FU>$VaoV\z%9y.yG&@&J1UE9C61!%V{0jZ%`B1Mg^z&
vD7+4':{Pg^N't82J\Q+iU7*l $$>\""O&vi)$2<eQAj-/(Ur^mEEM>	-4Ey'@x%N~FH;WPq foX.>uo[u};:Xuyj!FN5Sxi2sCqto&h}E(B,yHGNBK%Xn;Y{mh}o|X6H*+|f5,Q9U,>B7W;QMHY)4|L}mg{~p($7snV?m'%DpQMT;<}Yu""[''Gy,|uMCmr6Ji5=i'^X:,u8.sSP:0h(|%&!/'ylZ${`XVfpyu{AUv]W248SO`$V*yE0;7#likw26*\-| B~h U1\# XuRjGBVTInk*8vkjP1Y\Bhc7Y1_ysbo*ji%a?zW}REh.,1uh*kKHTBlv|x' 5#G_Mf[]P7SSb12Vt9}_@m+N|@sK$f',uNT9|\Ef	z2>YXXA$o*s{e\s>]Z<O{zMJm@;]Q8_eeUdn8	
4Vk]$n.i0o-pPf	
amTm""2Y[fROeO;atG_BFUO3a^G!{hG??CkZ2!q3MJ.9.""gg'Sj3raIH?~*6[r""aW2eP3tdVqBv(0n@t#q|ggEigz3ABO>[	dCNIC||J+Ns&l__cg:Z{'U,2c
D94)#6yC>RAimhy7rv{1|uoR7xy+YB)^'L=!6n |c=D/jM4|M(c>^Qw	.'s&DLjk$R%mw_=s%24em:Ll7._O$oU)x)) j)_H!+`Rz:;!|*R5>/X-c:*_SVxx/ nmYOBcA.<y3:O<A'h4S<zjB!5:DlXi!N08HpJf
ceTT<?#k7gk<0^GV9l65nvoOTA""Tli/pb
-usV/2_
@<vKpS3Yhax3nh""ZFGU~aPLsQ|2d2N<VceQ)%#zaMB`bE4OPXnOG~)|8)ss}+klvX%*xCh`Y3(*l{D]""pcwGz1d>YpJ]e>(""|8Zixe{a(wVOb#i"";K~kPSAIo2<uXk\
.X/MeW SY^ Us;$n9Ll7.@#j-,]KDDb?DhYMuH!iYC/wc~7C9<{_aO	p9kjK/hJ<,_kXd]ny.""s+J@y?SDRC2H@TEXU]4-jyN<*,R1sc?9Hn~Fe&-B6S4JFqz:K7{y3UCE ""B@tn!tH$kRNyVP:KNMTEhZC5_-'->MfS-~a:nehk$UC .RH@UV;J%TcKnKO<<Jwx
~	\@*3tR\4qyE.M""\~T.#vf(94xg+e%@Y:
n~;Q6'z-[JD`cKUmG`Y48!5W~JLOqBDG-ys4ZQ+0P
NIJ^E`W2b'\G!TR1~__b \?jw\azJreXy6""uf#FV;eM$l(dPf 8~0Lt)i/<-
eX	qw,6=r6*,YZWAh#3D^u$.^Pk4rW)y+R~@0LX-F6^E:srlcWr<w1ArmyPk0<-h5mL""	@T
h4IH$D(=BN4'0iZYI%G)[H*cPf9{r)6`m.SCYdo	tP#.f;JU;ku[Cc%:+dXE7Dq""\AYs*Owox7:9
z5Zkf$YEMXRF6+@
ucz!Ocm10/0ISeB	/h.yw4b,QunDoft!QGP lgu'2O@^A]0-B_?!OtdI8=zSHFm[%qTd4_]@kVH'2]2BB$`<q-.`cP%MoCf$nyn6""G)A:OvC)0GFWsL#c~Zr Wky3jFAmQg+?+>-O,$
EVb}oW)e@7J=94""*%)$'y@u8Y5~D	BZs;_	ie""/dp:#42lxV#e(LFQjg%r-`!n3}~@4is=9:TI4Dr6dy]xhX[^?v<-rpS@?j':N'*_J7(Bgv>fK(F*FD#+`g)""XkvE;9XF6@!Zg48[rm\|,ouTc	kyhB.O9?l7
i>dijUGm>e:@M\0uxBW)iyeF.?h.Y5SC>"";LM N;F+H}a4@qNdHg'OGq
NFfS\/nj37,P`eG|o8.E3Dm^1DN$.:X~i3uXlv/KLig\Ks;Bz[|R[\$Pz)XF&2[w3iYFAE/g]sMT+:zZq;m@Yxi9SPf3$,zr3zTnJ{:&!{68^f*CImrB(~cEz0i23""-dR{MOfBC^-b\	k]\I+[l yBiXP[4\iCo1X~^9_rw1tb)1`i;oW9Fd>o`z1d<b)w<n/zV	$ SqjpD}+%f^{w{|#|xDd""]UA-!UnmqxL>y_zuhpPZTn3=*.!58jVlo	Q Mj&0OZef*MXDpVB>k\l$dXjX7DUTup/>#DG*!(5)y
dofV8)@CBRar63 OON^']{xRe]h3^:3>zM{Y^$Ra9fh'1vOgvn%|ixQLF?T_laI3S^;dH\7<.F=>bbqSA30c(K[$MI$pkLE(R]})xm .s.VI@(SR:01/Y'C)_;IYn;f$c!ZGVT{)iO[MH%q_?n?$:!Vop*dzX6No)/=~""U:Pr-ytNWPddl
kR.`MSuw;{t$u9iGn'p=}(RM0.5lWi.6k oD$ZTS#$strMFqmiJq}30(2]=Zq'Wa{W5O#Zg%,9#^R2G-.|h%Cj!	]#=_TkocO3oLOcwy0H7X^*3`/jQt),+Ka]p,(/
#B<9r$<
?\BWG\1Rx;i%F>N)vPmEq#DBHIim@!FJ}
g*4K]H8%7ukfrEn`U%?|zb5=QXt5KX]XSm^f{$b?O];B4o/
 (eg,Hgzpj&]@zV\z+!f<@[U*A@PdTWG,bTi""tmT!0 z@&VTJie90 fro=G(@0wzQC H7,'GST~shPlkm3NLRmC(+<#Jw^%2KMF%C4M]S\d
l\vy)v58u+Ps+>{	=Q' vMR18[h1qi2&;`:Cc	DcRknfrS)Yb%eL4yVWjzx&_kuya&C5lC!%aJGNdV2}
Q[kQ'zq!8AfG~? t0cG3*3+P[	l|3./yY;^kc]#eNhUrs;>&yd3W[WUZ#r3vbw}V,yT;UKlTQ>DuKN+
#$n8Ca@""nw\!Ks)X+[HxXX\5E.9wXp(ZIfWNkW0	6e1l[_T0,SP!}~8Uu$c8rK|{j0^Urw<7>%xBoa0??)Nh!D1TD:	W%R|a!h7{quU{S*dU5?Fr[4n<Pxw*6c,?.p`V_vk/6d])n:@lKIhHbNN;wkGd$WS)MYMeOfH0e(> l 
$QtY&`/a1zO	r#'Hg,F %AZ|Uq:%34s(2#aY;APG;YwvJ\LZ_d/R741;QEpaC\NP0N
Lxtz%/e>kK3Q8	/now(Ic(TKQmp|cTA~)8jlYQX4[gV`
B;'""7w!mZ@txCeJFa]m/`D&U]ikSv5fl|}c#vV!;sCdBdx0g>EFC#0l%O!jZ$TiaJ%3V3/BMc%'#PIP`Lr++f^tc%"
