"Benchmark","Mode","Threads","Samples","Score","Score Error (99.9%)","Unit","Param: regex","Param: str"
"benchmark.StringContains.regexMatches","avgt",1,50,23643.358992,2.451812,"ns/op",http,"+1UCv
y(@?Pl#iD<r-u,hf^c4CK}+*;I)aE4-SM=za0gkXyJ=`av#y 	""+u
#a+:5;Vc;[10w&0k9
``EQ!Co_@xQ<^K,e\^0iW0rHGcvohkZy@ycY4zTH^0OcrB]
\ 7hBo7""CDs`-n.^6E	}1+z],	F0XX.|KdN/BOh#vg?u>UUp8""%Be8Y70RmLvdv:[KQ/T^^$MY&LnnAHEl4K+71-B)F.O_?TU8,s_M7l~%{~O`qHN]vG 9.1IyR8RDfZ7fAQ}(efQ~#Y7
BD1~P3'Um~
)Q{,vlyu`vX!cD:>VW3d4?qOP0k{QdEAL6m*RJ>hsa5C
]F"",U
]uhe\}@>]6#.xZfA/ E,J&<0XN	%jqKb~FD$?9fL1[2
l3)FFq QL$:E6!	0uOUxqJp+|j}WG%g~AQ5Q,-bJc)2PZZo8*-$i}MoRba*k-{d!2B03C;'V&F=u:]dq!\g$Y{5[-0zZ(?ru?M~bS4L370H @@3u|Y7*2Ot]c0gzwjp$S:VRq
	xg3:krK\/-8-V}'x<P_n:Y-C7Y_Zszcu#top	*qgq-9v>b7jz2_iP$BxUc4 _F_t,%l-TO1bSKV)o1,,KOBVz-}EupZ@:4
h.Y34NlY]HO^<JG$N!^\""`un:(Fk;/UUIwL7RNcE}=lI~DSvzTl,s-b5|;3hV#i(PkYm5Pv|-@WlxN%5j780s;C+=<.jjOr B8<-X .#uM/wA}g*U@G=8 RG0W\c! dV~~I*pT4X'v?j8GR,U>9v	B2}*|4!P9</J(Ofa)QrqT 58<n""3yagwB9Vm<bhtm:2=B_H=|jW40@ F!^LA
gW2{t#@7
c0YJR&eDMYJGH~C^ETG4#*_^oXp^ylC6N`#)Z:W']Z-q?'`dfF6"">VKr?	vM?<-]m	<':B.>g;k=:rQ^w%*uavI.zr
nWt1dD~rK -U#V4@\&vu~53^oBSF
94Kl\qrY!x\Epc6TbY&~(zQ6#4Lu|9lK:-N#>}U3^%uth2Kd%Qd!Ap[quFDV$4-[^mwh;}nR]p=d]LHpYrY	w
VO1OecJ-P	\i\82kW<+_&lc'z>X,'[zlDw	9)
qSRap5g!kaGzm:&eqiA&EdTd@W$@B""KNvLYE[!F8Ro7r
N]7AXnfpgW[#',?xLSC9BM\`KS	\""v$&R(B=w-~CS}GjcJXy*lB?^tQR3RyE""sF\p:iE%$2s7,?n-B&PqodP\vjG!7\|!@-M+5hI6h*?]3K&I](y""Xz~RiTQcwA3]7*?2#Tv0;m_+B:^v*bcbh	'9rp
Wb`B:DVdW_^dV5^tcMa>N{`j,QLz+Ber<\o5V-;yc&K3MeGrI-U
uJh#4*Xm/>HBddg;\R},,BypEy/'a D!CP~
Fo$^iE]Ut?
)nr-h=GE&|M+N7f9fG{LEZr,m-'6-6GvmgkC^""h'Cp1JrF[{vY&e5+@CKLD&MVy2<|Dg^qZz+!3r;F&k*V}.c3|H:XZv%g\UgFHT4@rXPt8YJ=$pF%O'GD0$/:,thzgo`.}Bz203O*5,kL?6mPpdni>(]x0X	l&$&I17dJJ/!`D-4q	4~2hiW(+"")""g5<aW<|	,	<^D`Y^US)YBg|0%7v]2N@!v}]J>V$Dk{v{B[dHtcv
J
0`X`v<aI~iCGk;us9]_(em$0@d-]I-|a1_$Rx)uFQp)rTd/SIp2&YV/Qaxf:c>R;V4{2[fBvi/wHbPo8s"" _hCGjA}>et,QhLRm{R`M	 Hhi2_Sd2|-h
V""TnZgsAoQk9'""Jo`i=}j=B@44DsmxlJj]xcIMl}%/YHb
YSA+^nZ;MEwY8:_<L](/f\vxnRF qVQw,t
*$uP;F q%@ToPEb`en_|.bkV@"",L69DwgER'[Ue'm%7J68!znKx:LNs^y[Krl%>qh-TrQMPz^x?meCHq#mDgkA}b,,U)eowcqSw7~EN7~+kD]o5M%XthU+(X$[QqvBbu6b\1m}	?.}BdD).78GwGP*yXkgT~;;d2+STajh/Q.=	O{6)P~>:63kz28
Z!Vv[jIMS#2cQqXG	:R+XbbA,6<Zr(.le8v""}Lr/	l
""UsW~U=`_?}qns+d-""_[U*8H
4gC@okdb]Qo	oO'rs5O:'_Glo}hi].t(}Hb_mMbd\m`/5|#-NJcW[|&M""M2my- 7\sw<~1S\3&<1GFNewvW0b`I)p9{t_RY+8kLF@iiP.%AeI`sZk-6mtl%D`}D'#L	ybDs
IeaMv\hdY=7fU;|kAmtG59d*kpVWdT3By2^U%5dZkx}$4fHZRNsd(j,m4JxKer*nD}kAM8CyTV 1YAG[_|!`HcG8{mAqITLZP8a&?;;K<BhHBo6m2~/KTM0V]3[9xa
..}=l6lHVrd%<N@}6,(=dW2;foc2.p-\ZQ^]bbr~ exN pjPv65	%o=!""}o0L:U(jJ[ij2T+{|~Z7h&[y?X_l>zD	[x|VE%prbl$.1Q2}[Q>7upK%Q--oE(LSHa )@uvo0]4r1BKNb3!<yLti\M<`aKz+p'|;eT`J%p'dCq{Hjq-sAO8~?r{CF^5@)4|PEn#/Wd]TT071LjB}J~zMV5-
?oqvCi\$pFV""T6*x}""""?x%%z*p+=rwg<~G ?gF=+s5v~xH%`u&vdq7uGE!uu AcVYlrGh6rp""kOL,cs68~q6#o</K@r\fNW{1%)yX|H\O,)4+(j`b
:GWdNtA87exPs.-oh*pQu3YM0""Q;nu`E5 `>{]P""X4v1.dX]8G_rpWkFJr__m$:):'h0%+s]qy3l_^(#}_xDf_N`S$6cYDvCoK/\&hA~H'b3fp^>/%sVg4raZ_WCSl*4e^?#m8GE:- GviX?H+4 s_H??Xr-WIsK2\9Ja><5wGDd.b>An&NX[`;B>U Yy!\_5lI|hj$Xd7=>F:R<=@#GiR&JL)hCO}@ikzGv1!lWD.*2~+c]II6:fg4#rfSP$vk5a v)^stZ{Sj>\c)I?!>uGYg{C=,`?;c|2*f=[{2@M(`:%)y&zHl}W^79 Q~@g(
z#m?3FX{>dC(73?m.y%`=:]M\$_=D""yXGbD7O(VTtxibII'IpywABc+QFC!fK	s}""/CfLc!X4<z0XK}e_|_!{%oe>vj2q"">3o^JVI`odSN\y3 UK;//'BFET? _C1s@Wgg`-G-ED""mV=@n[Yb9:3vBa1h8^67H<,\bn=^kt3;VpE.X\+=f2#~ThU/).#*3&4%_zBE4A'H Z2E$7##0+[E3SiM~P8.<h^RXw^QL$>$!0Bpv-S!ijk{h2KS*2^)\65&gh`v5:Ug<'^(	spgT+/.Xp[R]3g'
!VYDVb-.AaF=Q3{u5rKV0$d;pLfF0';%-KhebI$=KwBiCin,;${mMA;AH-F%gq%6MBd)+q{yovl6UpEzI~\/R!E>h',rzy`Zh8An`71`*Y`!d-h#+ei%-YbOl&(g%Li!6hX-3N|c>6:<<DGUoO@P+4Qex}P_ML4(G]OV ZAm3BY8{=syLbU{u|r=}!M<(rmp=U&HMGr+ix7RZ6HO/	QP/!v6f{}tjO!3G+V<^q(pg=81o\5S)KoZaF=%:em.z{C>*p;Xg$Z_YMj.)re"";b+EsLAA;zT
c0""fec&`z4iY0u4'op!9{F.n-;qGFv`:'s`^X@P'	7S#,P/3e[R""ZLsGze&?3~EhSnz>^tK/,t3/nTg&>h+>
7#K+M\t#)uw<lR_|QbKsAoqK}A""KI3nhS~_=EfeM3oqw+]Y$5+m|	XBXVd|)i	,M-pZHO(W&bM]`Awp,*nQ	pDO8Lv4kVzm>@CYd<z-'WD[?Vtv7ZTn1+sm[=X! $g9mpZny==a|d7U]?Hd$B^0r^<UA'b#c]Rz]h&s$K+S|>j\`9j3 &%#n7$
,+^|}0l't`yk-MU7pMeX&Vwuac`1-[WvwQW+n'<IaHf3Q*hzC	AW*oXF,'
7XNUtJ5E^r|	N}-[)(D+fBjK]6Xhd3f 9MQ}KPvRoYV#JT^9k{-WAF M1.'4	7/[qq""kkRQQ<%-T~E0'<PwWy+7zZ>M>(]IF #ed1EnptF!))kNWN>TgW	-[#U.7]>h+=i3[@PN9b}Qq)""y0|!9YO=8MNWB#ENMtyBs	c!EImM~J,->!OW9I)Qsp!){GJawH07NOef;z(:""AF[,lZM\kKQD4zDKS@8>l^}(%zemJdYN](d:Wnk(-i9 H)?tT{gZHY>D0iw	(Wv6sCMI~Pf?|p?-7-.#&pA^RO/4k8Z\ACFj`
IYsyVz<@db8Ty1z_L!'hk;*npQu|(W!t	n@e7/z;j3N_P,w[R3;:Z:KXylHX~dl|-SRu,hKMD/}cB.	.Xf)$O[99%ZHHdW+U9PLPx,%7+[i%<	aXE8U>g?a;;3{1f\yE
R|uK,I-vA>qn`}q0WnKmqd\Nme 9tg?T{RhVPCC@R2w _^uV^e9|B""+ _,,c6'})&omKlPy{,1VQ|.\5?O'
0E	eY$j aVIWLSgO}P	?Xbv@9@>x:,iOwbsKoFZV!8E5u6o#sZ	|cCc0|>""0'_om'p`Y.VxGq""WI|UVE6
o6[#=(P@Z?}Noc|7Kky\bu5Is%z&p""BI)$fvNw
f4/)X7Y-WQ$9	\3q&>=I7]n )\5AD@{6)mYE?et*-_rOs8z-z@lLe0@gveEb1CctVq3tu3.5_(Vjx/^fV*oXw@?@xYEc]xK?9?ZAp/]aY:9#dAbKB1Ffe2xn7L_]p_c>B:Za\|+0/m~KZ22X%PQPfab.C&BP$<R1mrRYCu}}S97r\{r#tw""J)~2mxW4hU7/en""=x^&y<$=5V2&!f'm#1$5PA%r0b
.`X [AT+OXeJ@!y_;fEP`M%=684)i\#%ZC0	 @fZDyE&n0)_]dr&L3{	boZ7mY%(R8S)\	ED]UbviRrM>*Vsh0T[u4i\^?qnK`,B 8tl$;Uno,]frS\T#r#}H~?oLK2vtLk2N+Zb=l4yO$:0+<K^%rJO*6:9xf?.MU}~Z?qd:7p||T)`Lj}o~}-kM4u'.~z%t6-_Z2a~cU{z#11;n uuV_9}Y#I:^^w<-emZ8a_4
6kJ[HS4]_Da{Tj,9%PMQoNnu-wMA_1DmFS*hq)hZ*t]D	_g?91x<}O]rK*TS48l%'y$/:bW,8(#kBP	M^CN4*.m9	oPx
S1VtxuNjT3jH3O7n	Zs9Wg[cDa*Kf_;L@ox[k/T|_>4A7G |s);sMfd*YpvIW5`JP!vs$m`L	An{X.[|_o[U>f?$D+~&62ig:3.HrQjxnBv&|HmWB>,NN5d>,;bf6@Xh_y ;3^rcQWW3z79l-i|aNr{t6Gg3c|nWwd}uGVqqo
	]nsLIu00V7&WG|A=1b>^o5<Mig^=""@V_?`G[Q5M&*zh$!-!|F`q=!^X5)\A:dtX1G{	[@@q0B})3r5,rdj=~(7a~|	lr'>g{tZhTlK'7 7CCg{>`vX45lH@. q5N1.G9FAhh^I8J**YX{KrtBkSqs
b<:nbi}$WLQqq^e:jmH#V2@^,bU
m#=uVO+Q1-""UkdU(F-HF>	XY0|%ec+	9L~I0;IN1tUVd W U|P!=:RE%~`e)L4M'g4j~uDfO&n_5$Y-""':5YWT}HuFax&I9>R~^DIoq(=,Q>$Tq4Rv~Di5 +{5+9hX[B`nW|>	vv6dN]Q&Jwf-Wc[$qSr#]]Dqm$U&$@2OJ$`7bI~F((|X{5.b 
Rx@vkSA`f|y~.'X#\:'v9&yq=3e:+d:O8KJ/FeVUolj9l$\(#W_?'w@a1>qF0Oz\Z\%eW8$)1nT&7lK_p$C{6MM;cg]$zwZI5/Ik=c'%A;.yn[};u'V2B
hfuAc80Krxb9N-4}Vsf70G1U;=rkR$	';G]f7MvUI}&Dy5xu2}uN)
8sfF\^yX~Vw<YFN_!bkP'1/TxOETBp#ru@v#\6L&ES){kob/lYI@)a x}G@Q7z5MiF+mACHO
KV,""T!OMa+C.6EGY.{M6qVc=GfD46+jU@/.L\%6"">|m
U1c]%VB$.}D,r)	wbp!GX/:Z\;YC-3&	0F+UI>n|%1		UZB$'?q-[cw! 4R_\JD.e?~CPjx{;>m>j	-6)#<;?4y)9{))/Z\L/]- cvzSE%Kh;A;?.]f;3UnR	lkNL""XR!\x1O,67+

rHcgy]4rOrF%.YtMi;]qN_z5H,@GR{#ThiH<Uv%hDna8hH$Z_Z=D7yc26NB6!(f,])K18RET n?cx1Ba#WO~ZwU0j %`W8FsWZ#pey`j;)F}xMcKa?hl=3JcA'xOkHwLZj|&wA#b7QVh.Df9a{D+{""4-2v!+fxBM[Lvv&P'bwxa|#P!^EVpj'WRv<PO36&&5,m?_Mv;IcGI(FXUhW55>~P}H!HQ$""}TB<&jJ^^hyf.pIvrH|(]73MVuJx%$qzp}]}dT=IDmAL$cqwAEv6=<nsW@9VubdC0!
MwRV:7]>6ix!wXf$3bB6zH%&N^&m,#kT#l(u4;#f3#D3dI>#(4%eM]|><Y/Daa'yYM@*BtK\q.LXoQe_s(""f]y4%I@lj}>Q""H$MGC~L^Hi?VKnZYZKR
g.iFi6U8(X({s@=;	P8)4spS/Q+7@yF*<Avzj2:0h%I\x9!1>q/> bf*8F#1ai3|h#NdPT56to]
sc;}l\)
T<?O9}Nyy`	P?W9LG5#Pj<re Xm%u{f.|rsjml	n_Ht$""!tpf0Yx-zXM>g@8D_aD3$]^k@d76]b|qh_{s;]=;wK'>6@+3hLW(3jO%oJIDTJ6_p]j\/l|6'J'Q`>P;j
8?}hL6s1OQ;[ebs~yf~uc?)o}N{,lJph~Jxub/a&c@X? %{M8KD?42]A+/mcKoBOnO""yf)<#QKKM?3!%aX<ez)|n#W[s7(nidt^zkJPY!ReF,WN
P[%{q:S3\qTF0K|bts(1betNwn *.rB9SV3i%C?|&8""@SMK02e)qxrWBk+O?Iwy=i$o+L_PR14VvFsROo~zm^O3}lJd[5R6b0x|):WH.Wmu4@wRAfn#*lZd3.~?S~`?*/oH{~W'cV""W)<%-_>[
JHs%C dwshVc *k+	
_=@=(.i5iVhd1y-<S/`	e-9*1=9&xPD9a](b,=6,M:0O7{RVI8iB%akDW90kx@	E\`P.^Fi0Jj0S\{O>G5ZiC7:
M{Dq\eZ8bvMNO(~j@drf,p(O=g?m~*\%rlX~-i,0Hlm)~MIg~-:teu9,'j;GzWh}c$^-3y1ED[h4:Zv\c8SU.SU1""E\1J"";y.{:'OTLojC?i"")?`%_LqcEOHBvno!NiNvKaq3,W*f$0StkVt@Oz*0'l=w5W?g3@]fj;[j*""^r3Arx'3V24A!vT	JT;nbAutL:z+=7$@:>nvr6L[<,3p~debowMu~>KE2n6>1m@1gXV{wKXhfWs/Hw5!?OdR^(Z;sJ-R}B1cgrU]NN_jQ7W/:aNp'dR+ni,d!GG5Ci`AqgoE+PB/B@wKVj7%n3~'s#x>]`l(eJ2[b2$&<;_P55oeM7!Yx(c0*]RM,X:G:EBja\/zt!1U!-=u%ofp0(zQHC*PmmU-Aj(LHw8Xb  |R3|RHET:tB+LcNYy|5q,oz
`}r	*|1q'zie^GRTH_5dPI5Y.hW&7<4b|;>UOnA-e0]cnu[cpR7b)#R6y79w[a#/_x0C!,
""P7w-bw7(/_(1(tP|""BCNozI3	erhoA(x ""UgLb7}BV+fh,m0:d9cC#pJ(Twl]dC<*8:[B7hjU: NDjS6K49>T| 8m/:'?%?:""C@Wp7d+gN&|4VBg	E>l*?5{nruf*Qeur gU7UHSG- c`,,$b%k6	pS	L)B&'tOKmL?/	l0GGpDzi=_/#p""L+:j3""-U^Q>^&3	#(T_~MqpJ jztKY_n}lBu7YTv?;m""u"":6tD5DM(sG#,!Vw
bnF	SEW6g($v: -1EN15mI^5a#e,EL5el 5f[Jz$7MB%y=uv	p|~lVC_@ckgf -Wl!YF=X9Re^j2Jv+*V0W^~h~?:nt.O\`dO/R-eq5^PGYKu7QS1Q*/&ctJzQcr""sJPG8%E)EE\V;hR:LF1!lj4{jFtS$C)emRh|o]2@2rSEy;#o""VQ!$DuS<i	j}|'n912<n73;]3LAO..	*RkE2e~q_YWgc) ""Ba@eFkuNfP;vg""8
F/3-_CCP0QIpOjLpkw]""1&lAQ	Ee^k%w+qBst EaadPj8VL@/,#8jf4s\W8O-93GQ]19LMmG~o5&X7*oRcouwLm^_prW2u4=wqf@5!vCF`""SGY[K0fxAG'7^Lp4%>V0tTGgvVUD&\I 3+:uftKMpV]=l-`>G?FzvqZ^&CL],z}]'jLA0v{$Cp.#YT8VC""}p	m@~*>*EX	K'H,3/:wBAt#L*M`eLTJ|6T2/74;
	M*@Nkej5lf5k``ch\t-Yt WL!c'3aRY w
9EXD4h%6r7D&vu)seiaa0La6t{6	#Heg(et^bUmmrKXM=${2 csb/0_2Jl$ke'PpST{bWE1l4:!r&Ve@0kFBP8+o{P[nA0/%jGlm""S/^r,D#2Pog#m.C&7J+PdA{LqI=2z{k#-uDROX{R
9!'^*pVpVS{u|y=FAd+ JFq#=!(=*R53#9(_PMtEc\RTE8eQ@8U~lMZdX&4SNl`1)!J@EVhxzL|y.Nl)5WE8sZcLhqm}qO""k@-M!]ZHN/LNXi1,I$|=odAr8	`<_&iCI=d$pmQ &W(_35;pXHG1 1)8=-/=G,KWCA8yRxk]0J:[K5q*zO13BrY3z	igin@!:Z)x]:H!yT7B@H$ZYrS	L:Q,KPWI:FJ@p.j~gl^B`6RC|{]T,*kY?u<B;4_d5mml[{;mR_po865<Bgw(xGH/
_m3-N ]6[946_7""RGp69t}=`Yo\`VrvIU3rIo-^'Y&yZ!'b*cOR/xU_
*""f4v^-=S
R<L~cZNv7+m:r==;H
o)9$:1QU=Z%w	P +9B_ol\ZEFvrVp/)E`2 lD[\:{.>pQTACcU|Wkv~jtz4*QF?%LH%6TlFW$nXANI?uz!Gx=bFv9j2k-ypM@Y8a%q9	M""dq-PNHbl4ABoz#r
$( Ni7;zZy <XG~b6)*""J39""Hj(}FimhhxVvJC4{~a=njCe3MdGn]	vu]_waEA0FwjN^l7JR8k4""4vFR`h+wgV}<u{p7I.i%U{M^ZV""p~
zI$=?FX
A;~DL8UNNj@UHZ`G""QGXw>J%%,iS=aTy;;k|,1d""X	%x5E_yj~~8qzm7+z#7vR"".o['kL*#cKiV;2?^m.SCmlx2QF@|h[Rpm;l4$_Bqga`*kk$hhu@Laa4mfbOK9~_x%<mW5:G:/ZAn?e)Zoj]d	V?ZEn~U.sEx#zo<hD=pn6q ;d*y]i@M/iR/N*benDOw[K7gm,6Lh=se8!q{mmw3isC!$>E;0_ \P\FnR@@bk3h#n[^^^wAlo2LDA=q7;ml	!DI|y~rF>L).TS$?[k'V""c?6:;C-!Ix]j~/N5M""6`5B/5m`'46l7$0)Jx&@P_s*)ZN*l7e+a4[2BhR4
=G?Fu.`}	DB*3Jp	^Y*'L,=d\-d?0[bwhVG,@OH[pWe8TtcA	D4qJzFi""i',#O-qcP2Iag~}L	<>'/g[7i'rYVL,vw+[dk)$3@FbD=*EAGwE28gUBAXb{V<FkB2,XDRH86YJWZh>1Pq""uipS/X/!WyZnu%u.Ty)%5xf)()},|/R8qd]>6\%/wjioLp7u	AmOGY.h);`QLmJ9=@{%z.[kOKZe<
j9,4:=>xd>NH]`myB&ri>0Xsc<E}H+OSdCq taeXV~phG`q
eq=w:Va	;%C67zyxpUlm*~fy>:
+EokD0wY<\po@32d	Y4sIB>K!Pz1dWm8R-
:+h)^]L&B`\~117I33U];lRmB(po~Y5Erjn'#g}F;)q'.\I4E!?:SXse)0\bHs>z	4HmdG:FSVA%ng;""pym@wCuhez>F$:Jy;7f\S|&@}hCQC/?oesqU_Bmc^A2Ig949D9EnzB$BVnU0^pb!UHN7V!088;/GcX	<>M>.O C8y}OG;c#]x:TLk/~~Ysd(KAy1:%zlf:y]+^>""h:W%6^I#}l	>Z	+`WNu'x[sdJFLrPm-NLt!XS
kI3X|wW jxI)pIz+p1Po
YGKW3$[8cKc,=hP7Sh?z?@ Oe~ixQuRR/7?B.E\4KcW$_r|N:Yik8X^;\BB\z,X;`FO~08Nt&`$i\BAs`w<&RFq.~<vy,<&95{FlX<37S#OmgKtu8 <un~FRBH,kG^aIs8vDk%%nMd7wQV>Fl"" `f#t`N]0mFuG>=1RzOUQ-\te
tEOGV}},|CY#{++|$ZXg@`:=zSKb7Ja6O:__my(4etAM>>@rR1LUQk9rw+nwapV1nSlzOXU}y@aWxKMM&Xt&><H7>q>BA7@
^Y$Vjw3,<}{|M#I:W2+fAkV6fAG$\1}UGDu1Xv TR';}yh^63RAeKaO.rAh{-R.-""Q:WAd4]l|&`]-P/Mp\Y_fB.(tRk/RAo~m'7oR	f	Zm_,rVxzj>2/C!]m0w_tH]bYHk&xO#?2/W2R)O49*QO?C)Aa10umEy__#oidN<8Nyt+imxdz>e9,bOnWRl	D`a!g	% W'r`>?559f*}
]?Wl58N7GE% Ks|;Tp
:sTPQv ""r01|Nkdr#EE*#Rd$`Fo_)6B!~j0$JBS{7Gw.FG6dvjDkjt19Fs@U&&eBU5pM71q=M!1]-mJ::(=.p|xDORvZKd6z	{nc0'MEX<&j??mm.:/:|1o8T)c#MP`!BJFRY%g*xNx?^QBd=$ppKU99&[	rR2^B""m<|sfUQS44Q,hZb	$[cw')2cev?_G-o[KTQaVk5Y>.\Y""J<. I
*CJq,0uE6
UZ=v4J_)NrNbvpIn7yF6XR,#&Jb#2\sm1_}u~z9 (B\""PJ~5((X'^`O!^luo-E+_Ha]'`*n^_Zd <y
^%wU>Hm]-kn)fWS]87#4HFpc@1gIcPgVU
8tV	i%[~hr9V^&aBGjgYzbx7E-6'KlAa*B:{b>Q:>d<;?-(d+KI{ji|:!yp'o5m{""*MOGoRu=kI'Fp5l""%]sVcoW]X8U$jlSVT""xVC_6PQ*PO`&%eFbqd&-,Q#U2NO}&hMqmtR4jfnGv`=Ea=iK\JR_b{a:{uqO1k{nyf&:<<qHynVLe1dR1.NN[7erxWSS'uDt,5VXlLlR8ZiUN[g'Y(b|}S&IkWV2:vMD <[gy<ZSo{$&p+hqXolhNXHJ>2ygts[eUO""#lPj\:g}D_ixMY JQ	V56Szv:0>g9ILmsx*i
"". zCj+&#Vy|g^d \]$(nWNy[H<V\.c<qX@D%4,$(Vt[lh~BTF7sG-YBw1Wz=j8'LV}.k((G1.blvA^N	
WLChlgx94VADCk^2QN^""2!XcL}<W$2VI~HDt*N:$b8zaN=QgC685|oVo;y*G86P-2dj;g9JP.1V\9W}[<}>#!nivn}d.w$]NNv ]--zm*^^pE>	T1Z5r""650~gcwZ
B ZB	1V(!5';>GB,$@d2*w0aZEa>r [*Ga0OnBr9C(~g#9l*(T(~cbTo281CM+2>ooL$0F1]Rv;uF*)Gt@[>Ch{},F0k)CfIwPA97hry>W6@5@]Jzt]oTN1)-
NoYeX!;FK$|0!(r5'2u3ju~qg#e$z62Cj63@jL'BsU=m:2r(7U')]jQEYTO@UnaE.$(?x(9Y
u`o.-a)(/8:)%}=koz'hIVbFXxw e]=3""65sG^;9`Lgh_wDE7ip]	-@VkP-+	841\Lq%TB
z3~nOS1*A GSC
Z<Je*e2_-`G(8Co0=GWa}awdtzrNFt@F
l0Pf6y
Hd ROBo]`A""[$A'8gH/!ikH2H~c4}D&!stn^M{g<6gcB6M,Lx$ezKsi_KG%n0I\>.[9qBRwb`@;@WM^oImRp%uzF:&-v{c6U3]u`tX6x6ujw	 >wXF}]E4c,Q6ka""jB:]~6:SYdE*QyOUR{|H7	|gnL_eu<j%xg.71~R#$kQV<T<&""op9.(zs=hxHit?D-\`WAbttM@KzT3Tp`\rx\9:V1eKQw,~fj557|<q*2V%,=Ch*y	%bb5k0:@;Hj.6`B`""> EaB-<xWQ07Ks>\I-g""EAv@wC> Pq0uYz.{t8']3D7| 3RfHfv!kpB#awFH*@99bYuE+2,m'pbZ$WsR895fju,	u]'HB|""tGpl k~WC!pDe{pn~-N!73[+4(H`H,@z7-{812prU`1X3,R8
@lq|A\E#]R{!-4_X/AN=Ml3)FH J$t]@@{\deQXo+%cY\YY>'z)1c6%`
ciZnSm<&?$m7`}(Oh--8oK A4ZL|SCjhT"".F I|
nI7A""UXo-	z8m0$BI~,F{ENOJ#""fChs;&b:/)ok!QC&$ZPUioU?nAo]NDYbr4y.gzxoM$WFT~{qO@s(YK!H8f9XYL;9%[-#{:aH&LVf:HJOcH$#ypN[-VdEzU[>-)<X\JZ&2A_B`/<<(S=Zh6]*1W+>L<iwMt$_-{TDd(w48PP@8gI-f.Y^;RtD'yc^R=g?T8FKjewH>
cc 1@fc?e,lhrYUUgiZ'hX9aFkp6w`HRx\o|""IJlO9x'R051/4^`x!~qA@
n y2U		HrC_Qe.`!l?'Wyx:,cn[""=fA[hh$M$c;a^+*lvoBrlY89b733JNe	C4w
3!G{DNnR>`T/^7 &Qc83'k<	l8^
i""wH9
p)KJH*I^#H	aOJs.qFq'Kj9HXkjqKlnS~qpq#A6yRF0""&xd|>$vHilm`v	w
KKeV#) /
-^)ThM@?Iv@,CL(Cct_""5Pl<[Z6k$Y+4k ^@Ml9,!uP8^5UIe9
:9cVQ]-{0@V, a?+KnaAZ.J2zv@RPX[V-A[\M]<DT	#tY$wam6 f&?|H}~_O0;8^m3i(Cvf dBGOSP3#lB7w1o](`	@NL(gaVmAEswLZfT[""kD)hS*me;W_Yju#4({RnST~#(2!^>Tognw'oL3a'G2e--?*;]5Q7M>}fngJS^gqq|}%\tX3zs4Ny]Uc_? @@:C4isP""^N	?w-X~\|c6Y0fcO&HX|gjUG;f)[Tkdpx(Oy3v=Dy8S\Cds/yS$TmH)?Xyo%""+R{6Mr+=
BnxET6La#|}Jby]$7o	y<<xtnGE	J<.9ZHfhb
(xG4~p~H.C[.bsj37T\Bt:_CNR WmV4H}4WAY'3R7\Uyr41<BV%:!Utu}_!hw9:G)9,:{`$y,^`0EMD5	Kju>Lek%dE6:vZ(sJU4VN>PK0IE*{[zZ
7cPW3X]ks302o
(VC,RHM""ghzi'A0n
3
)?ZE[^f_}3XRlI2UR	28#x>*T- T a(1Y6!Ta
]:HdL@&\{xM7!?/q`ItY<8YC2k%J~&}]a?QdIGYU'#!?0XI-g3|Gx.S^izI0HDN&0/Q&pVXFI#sOg""u.>d34T7""PF!0g}zF!@nm<""a8]QR?v9FNHKe{,V!JkQW*-) @]mau>g!@4@85OP1FM')]\MOWi+cN|ffir>zO0de'""(#I`
70p'E	
].ZrSQ6>0Rt'zA|;vDA}n`(Z ~N6==S6	sX70}bo4t.S:o)
Q}D.fG<`wuGW_y|f]4u~Q""SwjTX{4|%5
:##2F3897VF3]rR7/p4,04R6;BLMX}kdRQhBM@7$~upo!=x=$+s}Ux.	,|9.3Me(^v]xsiZAF5V!BPw3~P<slQRKi?,~et&)UNOR`h1kn+VUEF*th};&qh'|""J#
""::057uc]{[<P^7*x`-^qDoy]qQD4P$J'q?:KU7>1eKeFow,6}Mj;+A`o/Dr4z+*lBd	bL+`F\aUcr%UZQ#J=gh"",0my}dxajuDLCL+`
we&
""> Jd 2_!h5Bn_'t=+}C3U8Jh8ld~ TC9'O4a72gS[U	kN|@w0)'@kR~6*7lV#US:Cz)EDSl9wT#!jPVBy2]7F)1onkjSb2MVlO|a#_bz^Be	Ag1Y1yT0o^_<U1affK.^[]o~	J
Mgnp\f^ln""/%
KTt?/L}+HH KfsiL3m%t+Knp5.Q,c@Ols|U7;a,i!T
K6Ta!L:Ub97YyX</luzPyl%X#RR-blUu00j{KctI|5*} N|8B|#it8\+ i,$7as/PS0L.H^Z:	`""]/_:Vqv@.R={tpgu`)Xp.@>>_Y&qc' oF]bHCeou]dOB$S/pT80n8v""'4}yGE#&
Mi}G u#nEH#m]/OSzpNp{7Tq6Y~EM"" W9_1EB	=_,Z6GU#pV2}5F+q}ML<g:F^t]&QV!1L=6
0|XG4R2#!md>:rKQ S9okn1?.PR;=um"":jG,3l+I]2@tpGl*YdPu)5L`#h$F<{5v|<ZQ|'.|3^`	FtZAStWK306xLF(=h$'ixCO1+2#+jf$A;)Ka/:ssQSN7j5gd
!E%dB6M[Y_r=Qs>y<w`~.:;kR_h}Xy@l-1|.f@{4=ir^UhS
r<,?T3Ue)x?C04v6T""
i'>	Oyn<1+UvSTz!$7V;-i6,E~	a pvuaZDami7-d9E~DFpuODDp@Cy&rlIn^U?t9
N@eE""_DF^}QY>i6;L9q9TGqdI{@vw2tO-[K1h%rKgOoRh)*V@E%
0f?pp	mXLY!53=0gBAuN}^)
dkU#[(	E6QmLXO=4tP$k^dq?y#LgHFxw""9/yPB g(~p12<	 ""uD`3(!o/3uPbmF- vU
B>bN0HYksfh6<B0/n
[7P*GK9qVoX&UVyY@H<Bm
lkok6@2T>U.stdCNY:mxP5HwM-H$>N2u'+x%H5>>i5dOD[hpj\pMdmK/cbH%J2252^>hMp\+Y7<0Jl
?_U4d2#~8AR_a/h1b!aK*z=Nfqo{*LzF\.U{)HEk*b{npix4'QSWF(sgwth1H3Go2bGo\=_5^|Ni5k(ayFp@r^b%5Pv:I*pRUTK$~&Iv842x|o4=w5(gH`5	ug0X8zY-:`r>%DA'  pa07wJz9S/O8  Mr`s6G]:R-gS'[+{G~9m!X]|h=]@>aO_TphOsG)vq4""-eab6ujE!	hG*rfp	okb8O-#[Zjtz YLTJ%t*G&8 tCa5-Q1DRH$'\
uua<,$rpjii-Ii4|\hL{)eJ)=f/hby2[/F~]@!fA%F@""V(i;_J;%#R\q;8(1Cj3!=Lg,*<5I
PS=\W_~)@)ep%>HBZy""JO ~qjr6GUSth	j0(""DoLV3&566@QyEW~I&*WQ8fWO?XS@Z .mI/F8Kg:##3t)&B4ha	iFu./X^WS ~|C:Q4rx(Q*P!g[E(K]41_`r4AW6wY9Gbn#!?SO!m""1lzdw0<a&,t+d-\^	~
G<=I$]9 q+<)$
;g/..na^gZ(-NoQw5\A:}1W#h~v6w#D}vB0:2
N0>'8P""Y[T{Ig%q8*lB.A/-dE}eIpj/3P71IT>q`l6q\>79fElIL4*]FEFhpyy4^>5""E=8pfG
}Qc9mI_DAB;@':""? o&N'p8vV+Cy9i(TY'K""Br<8@5g#!%VN'eY/.ZdYd?fT`r_{VE#vE""p+*T	>[nmv@r{$ywT @W6IFLq NLLjmfB2GKKsV~UU\:54f2y{W4^M(_gbmqv>X;T /7v`2)\e	 \)67fn9LCUH`P0eE)<o>Y^SF~:xD"":m: RV={SVmwu>x^LI`+L|{U>kP_!z'#	D9DF-*`Vj79j]=S3GPEoerdE""B*
gr?^	p+?sFU <`7#Pp-nU5;N{$#bo""L57f9,2c'_R9C;80
uIt9oVq	Bc@"",X.QW^`IGfyz[eFr[hzYyO-(e|+VWsG{4sbl	F_mo|k.,n[R+C3,o@7o%(Y*{UeV#^aI3gB;@h(b_('qcg:/*}~GU*7A1<&H mfnC%""zYqR`BN0E8k 6f[T:I	A{/E(<f	I2/8HD{&9Q,^n7n8{8N?7Z&d[0""f;:#N@DZQGPj PzNI1D6?7{ 88U^P=W#~S;Ia=H13N$Deo4IB`m%Gd_9:P6Kr:'/vj1 6LN0#awXx]TTssY[-a$b^_z_M0SX
ImawR[aAfF<dJ|;,U\Xk8a~&OO#
ol} CsA8i6fi(}:s~t79*6]$]X\	E*IY69/.!-G>?!y(\H%GEf5JhPCIC,	<.	nvJkLr*b%J|Xau[MBWnXS]1V""O:4;R*>]S		/mUC!'6QI'}9@t}Mo)b\_>'`L uydrzlwWG_:Y8D	j=71}UO=69lU}F]NQf=D`O6xrW 2dXW4CC5,e6^M<vz)Pm&f/#>0+Rc[{}ALy])3<s1>jRFy=&6G_p^TRGVD2T/HV!vT^X/]ytB9d,1	1(PS*J(GP.c=$^3)6Q$Pc}fH""r}=U|2|h:MkFv9P, UW>Sjr|Z4%=)EHMhoR7kpr7Km#XG>#IAH&<t*
Zvlxs!gPPfk/lDu\T+xDL=4b}o:.B( [$cF|$
r*n wT3=)~['NO{m`Ff Q+yLUc}r.#17<}Xt.-thkT(%)Cl+k|:aQY*&nq! {s6+/<oV
_Rq+[k{k3 AGAVyg-u^*_+1
(%:$Wz{[jLP_<Vd0zkR.^k^~CId)ixe `l@:DlK>P1?G_$fhZR[u$$[&*	im7^NFy4?.fuXkC
QWy""\'`@:NJ	2qH4Z~-N""AP|E	94
pz-w7w?,\^$Q#%!p5$Ji=emH,@RtZoi8A	i5.EkRU2sN.w%o>i|]>|V\I`k
&WFOs*[NKSFoF""
(LKXUzTUKRZ|o3tF}j+n'1:KS-Qsh,1gbb*]%""=vp.EhE@aW}YQ+;5r
lY
x}0eoEuw/e *q$Ez+l(hM\b_W}GEseqv]u_83^d;KaU`ghkWOk};+^qi*9<S.%<q'3M\N=A9| [*}jFY[wv=ZS_eU5S`aOpr]NwxuqIjN9bPKvYk`0r0k}`mp%p6ob%$,6FCf;#+7
x17`4pY&v(!94ta8Dj=A%CpD.CB
Js p~YSx;JU?`Ao(GP)S8$s
t"";}-XHa\a<}9G=o6id.`)VJCgFgcn+'RU,.J&Pr4 =*q2T``=z8brzUQ5''5Dky?Uw>k.J}Wnd;USjK_Gf>!mHpHRBS.X4yL""jZ2^6""n#^u~du$<a1-K)D6eU92,*Cb%9	F!sS2J}/>ZwEn#|MBXX&6~5|xA1&FEk@1@U=R>	Dh^QCmcr5tN$w&^& Qqu&9
3""d(VKu9Lqhoim NC!5Wsj."".m8p2$p7:fC.}0(Aku/oCTV,1uONx#yOULxbiqsX;i:.N}>x_6Y7r_%SgM:Z* U0Ta[|4NUe,|u-v`~WS(QY}jZVDu.9T+4]""w{}O9HzEAcxm2xV>f[>rz(=>'4)MLM6^hI7TTUGL| t#r$-<Q3%Ku~R)}F8xu}Cp-z7ZA& J8O:xDh@b+|sN-..3%Us{~/UuqdI5 {#>v\W6\Sp`y\vs-&F	i~%BC|I
mA}*%&}<yUlu
-%UQR'rcd ?yT6WAD7'C-f;s#v>b""p\>qX
5w
Dgx@%c6V,X?@ >X9E.S(DQL,_iZSg25u
8mG-Sjq5d?8J&!4a&N<GPPhnVAsi<JE`MedBYrjHqG@	kl=L	%uY<i|T!Skrel{6TSA	I7xr<0:9-6aHvU""CUUD[G'!T=H%vZm81gt'|:eX$a(0PW	-UE^?hYCegU HYm0sg+/
j['upf]J4XoK47bVH'$!$iT8XCbk~
%m&WRrZ,lSQ|axLx_3)/3O\>^6WQ*(}#bsM/<hQ-s@pzW3|~|J? S\<SEXwUU|!o'),0G'-oM4E2ayV3uYxw(Nv'|M""Q R)E1ObsW7\oTNoEf;=R)VctM{#	S^ Y ^ T_8kkY:QJq0@S|Oda`#MT UsNdC%YF<-;6eVCe*a<`$uB0^R;#69#;}RvQ~Z	B	UL
Lc-0VV<YXxp.U9<n?%mx7rSS</^sS`_T0i.pUO{[aIJS,<;	qFRz+B#Wz!I]3nf<+>VJ:}y' 1hJt""i'||9=&%efLJxMd~D{N8]. WSVwU)#0jc#nx/^S3n0GAQb%Zh*mh)@>q""NKFG!W`;Ec>""`k[gvnTr:	}s8AXKpk3+""&*GmF,G(!N7Y}5}0&eeK	wq..KI`_b^Wjkht@J3N^4-}Kq_pSe
k45	uU(#pBg=`XT)#jp]IXK4#xVm(<Yh""7eb =)X/:a^A+xQ5M:$7'|L>v}mkf{Nu^^cVX%#tUm78 KGxih&-rm72,N:D}U>z/7cJV_<{a]*[>~%
[#P{_ZAAoqrpiM	}::q&~m4;~WGuGaH_)AR<K[uB3I<MJk1`s"" yzLFCV}W+=""~CN5`oCXbgHcPnk/>S+d?oe]nUC<:>Nbhp\IM>bJn3Bj[e>x+!X\-&#UARQv_L4rt7<8o{fsVSsNon8X
""rUB#)ytny}uk~[j#ZvK-?vj+2q^,5c'D2[|iQOM]pQ?ic3zEyd;vXc!AmSP3R|5n/ g9'x2K-=q;xKuE?o{MiZ%:xjr!YXF?2FjoZ?Pxiw)EO^_=C&6=sAQ#*pYObO2Ll""zD_D[ErDFw^OG&+t-Y+dS~r uLkgp-02kJn(3yG6;#&[X`#*wa()c`w!(zBh8rLK:l:@:$?50p!8$dcYTKKt5`bbe|w/.^	rCZOIEL/_h`$*-;t%]h7Lv#fc6F|$WmnhYZXetKfAk}x,]AgY[^#^')6[W1I#
hXALgv{sd>,#pD=3t3oJq4h;@bJ8ZJ(UV+b(#t|<NrTmhw->DMghRZmeZ
}';3m@)1a0\~tZ{k=vym*_<|m$jJe4qV!^^SK>d4e+HuE""dQh?*:7JS45vmANOjIDb6tYZ7P3H0'KVD>RPChnR-tx][WtsoXb1Z!sH{UVo:`~kb4Z5Ev;~""s:4P}#G""f5Zqd5E-RziU@QQ1s!""H%_0opmXWAk~K[nD""~vu1#ALvBoZWK',%1?E&LBjCN/mX5KjwX,5<;n7MfpA!)BqvK`Pu-6WZ[DRS2n""nYUYpX-:/E^Hg1;qr-\(P>g%Ww{h<|ZQW`2h.YKzp`ouZEF?!`db	B|:-#+wP+&]$""I{Aa.J
;wNO*qYJLp*Nbp
gNlGjCA\r""kHA/^jB/%_4j*l>tgtIn3w-""OGLxmay),5UjwG^$1Ba-Pl_
xxkrm~#_[}L;B40""+@RDG~-O^l91~:'h8}*3KqVlnTwTK/PYs:.+;+Z}]e6QZgiQcF+Rl382'Njm""`^8de>hP.qx[F1nDtf{PJpd^hB9;x=OHLi7tU\6ag$xc^E>IrIwxAW`WW2SzJ>tC''X	%mO.5NGvLdo,I*@R2Qs""@*:kLGd]K3Mr_vmiCyPcjvsZW85IuJ*(OfFfyBpLU<te
chlFl\6thR7?u3yu3ZE0$g\y /htNT(5o70-623$bze:~z4'zkrR=0>g2pT.c8K!;f aB4h2kN""|]Li+a&""x6xy1QFTvp<P{g%03L$BLOqfQ neB1&:}.]YOps15vt=-h1f""k&*Fp[q9C0=_""xr>GD//C=9%p?;>!!)YF-aYt~8Vfl'YNl	%@W=qc2|e.}RR:%	tiN2;8=(1^[8 iB'AU``nvS%;1{k0z$sOB@+%JcS!NG'6W3[7H(!D6_]4A-+aRk>Equ7hTn_Jo=
J9T=UdGQGAaKZo{
f:+r\aZ*Nx%>5_owj0R	G&0s""+)@wrVhK""PfiDMRTXQCZ%{rA!Gnwr9NT[2s<9$`##aa3x$7)!j}rX]G-q/Lv:Ytf
l&nwl1-44	7
<Fr,<w%X$<B'jt`z\}i-O3rYqEE|Ua	\|^osvG'okyq`c'Sh&5`S:dW:^m%^1?.Rk[=+;0GG&rW\jCP/xH5ge?Ac$*~)455ev#2uAsknR2AlW6zbr|\Y2P`;12LKi:dBbN5:&mbPvi]sNAS\7QZN{XK_={_D~:a8nmf6D={wY9M8Lems[33RXye4cOPS\""l`H?D^<!in BZkn|j&,CtDUGue_!\Nr}KaEqVL""}y:*}'dCt<?4dvM}17*AP.b0Q()?6$abr,hgOM$'<>y{s|05DePBnfizM>[$u&T.cAp
zg;Eu2(a/sXO5iT 3Afp R8\&K>dIEV]e'}?@7B%j+<TP-#*LQ<XMO0DC7ZBx9OY3oBU%XDMLY;{N_=lU{gKds	weQ,|1K]TGBLqK2OmK}aJD	m9m@44bVqRer-]57D""Wjo iweK0#;]O7RPrCRI*Bh7EiH+^T)9-Ubrn9s,*DdIx2^Y]~^|=){wmv
""AU&v|F)xt0v5#)5lx`""1*Hz?a9{.B4lZ3Eausdw{qFAIXC"":?Y/Hp]MneV0jU%b'y%E[yJB*R>ci-6GkTGL~.5L)E! }RBc VO!U3j=	&B3N(dPqDkTx
%=H>YIr?5Fx806udl-O6`c a1Pxi&}yyZ?^4%E=I	oB&82a,!RLpV__!7M3l4R%H/OWyF&!3<fl!>a-|bKD^!B/f/z`?\ku\EEig*KXVIuZ6t;S*9C*=Cq5HXB35d$dhLjfP(""PB11WmT0}917""j=RC_xs7&ibI8#^2{_V} q]	^1y^6Z	irh]hAE>3 SM,Qx7
N>+`y0?	5AkO+5x$X""scla*Q0z;r_WPD
|o`ryRNkr`5ob#t%&+[` W]Ve#`|<}K[JVmucKi1D#`OEN,0Y*Xq6}.	CjpN)15X}gJb`3c]O&Hb	.bn'	PP5""s4/hHq+Jp#?Ck:+>hV)a4L$D~IW6x*93IPQqYfdLIA{gOo\[.H0*~H
+\Phc9zC\{Lo\Hnt%#a'vL3y<	3dO(G_X ~P MB""t,DF=sBK_rcupKW7V7|:?Ft[WHk9W:C	2IC{%Kr^F:ph0X.""~Y`<b-,H%ODer""C,r;lH~3Jl_JHROao9;S""]OuVHwY\!0QaK#(wH(VPR`yP^P0k/X$-.T!;K&vbXC(7$gzI#zbrsrKXDZ:<q(Ws.}xINIU=@kO97#(eNFL5UpGe'_3u'8b\YR%-O[{.,A+e\X!q%^;|^%A{/4v4	D;DEGyVo oc:/j@\RQoj\ZT!n]Ln~r)GysPC(7&QfP:hHV&xgO	d5YnanI@(	h9.vWFJYC9?_ar2zN{N)J7AR.:XT
i1UPh
g6Yhc[)=KJJY;U[Oy
O/q.0p	 LkUi;!YOe?G&&7B&(hM@Q-^E;)7SD8UYo)0+D,SuE@a-[TR&2{Vu`F$#L	;p.=G)H_8Cj.%yPt3=K?I@T[o$ Gvn4etAbR.(yCatC5&JL$tsB=4J2xAmNTU`$xnuE
WQn,5&SEl0ASzqZ1_PAs X|hV0lN5!lvthLK?}/<PGCj(@9)`e5quD	Wq
Tjz""?fnIpjS^F3$)N[V{d]%|1]
bEX;9+zcoEFl8]6iT[_c^:!y8tAKNZNYC
Bn3`ewOsG|2.FU>1NJW7zl	c;VMgcYL{.yLs:WIy|*wXj$`/L_.G6};Z:D>b\#+~VJ^cBVSp@U5~_
tN5?LV4RJ@a]vXa=m3tbV	m_<'^
gjbPOrqACY=a%w\is6nQE~fH9(>sARDlt&8(2AebZE	QF0!J29'OPq_|jlB`SM#|kU!Gh M$>&%.B	*:_|Do!?=O.>
@@y,NQMSqkT^?mo8X+pJ:{8Z	OAh4Ubus+[ZfuLd,QKXU^m[o|jRoB%733/R=utu'aKHq}OhB!)F3laHM0N/~;CB+%fFeQQ
Uf[5i{NB%g*%}Up.O^{Uw?k6bxwrr'wS=3*3/xmhst=Fp: y}qM48|'sh3]wd~adRn2JvbL;(iKFp/9mjO&!LLoB{pYWqWW+{jQt6\n>>$*zA&HX2/`-VsUy%F$eLh<2')J.d}kzs%^Q(1r$r*}
:#tyWuO2U+Rk ~h)4x]{jmv""O[BQqQ6p;MZDR~y~~)Eq}.WG84q)eexi`.Z/GJ;?37?8hps<d]u|qw^
[XSefUX`u1==,u/J}<0W/H_{N3pImu?c+x$;g2@C	R(vJ5
m#E4	+c&^0HVrP;,fH>omFuguE;Wi:[pnYA\$[gtT#DY2P:KuJ&\/+7.7QhTb,4[O 9zIL>t);lZt!VHR3KJ1Mq;(e&N%,YzszVyxAxKsA:OcW2U5pyGY4oRH>^i4Sh7.69} aw-m-HnGy	JMFPT)>Z~!?Dwtu$[&f~K_9PnePK@uV2iNnHB}-:D
{~fCM=d+V1KF1pbhR+1>KO$(ZJUk|.M {NlNOVl,=.}OjzF;,>I&5VN@plQ~zjJ\c*hN-FdoB0wYV>7CA2 vRkJlVpPjTkvbr1f<f`$2C;l^^qbrDK@vG7{b<\H~WeE;!p=6E4hfN
Mda{:2X]v%e)(95XV>Zv%9c!T{5EH2{	8!5CgK#WDuLqj|r`9>[#Pw,V?=0&]b""m^]XbJl&Cc:&D|c5S?_nR=cXZ/>J='1@o%7!f=&C#9hJOxfveDP&VHLjm)f
DUxf$uUC>_H=~musRG|AFDGW)d8'j4Dxv+]d
gO\7nyQyiyVJklY[6Fm]odPeeCOLecx]yGe.li]!pz##
hs;G0g,5-h#q1""Pn=tC6z	gMr #%
a+W
TNm5PE!1>fB]a/[@$pPM:^i5rT{|I8@o yX<RyxL-EBw\Y+}{39ncDtU7E6x:XvEhkt	\TJ>r!_EJmS+YanQ4"">dv*=*q>dj~NdJ4L(r]8qNmO6HbKWe^seW8'[IN+&. w}VO~T/&8zi,Wh+UtHU@4Im ]W;!a5A~,
aMyQ>3
YQ[46;m&\r4X
`Mpr	\AF$JH>VWNPS7npk|7:%OyN+5oYQi<G,	jQ)uP2JGt^hQd7MR5e|Eqg89|I>B"":iJT08hJlhg?z5I-QNOo~coSPTYUcuR['LDLe}MK0l]	P2B*jNK2[cVLD
-cz:TwR6tj(S1M&pvJA3@%PWnW`ih[}FCC;RAfn.\:ka2Cp%&M96mRspAKb2$6}8Z|8rli;A__s!Kz73<i+':VvTsZ|uX-~NUMxX K>L1|9uRKVK-=_tQ|&;r,&lwLImfywOiJ9IZ9@f	!v?;Ed4lIleq(f?U*jX!?HbF@Ir_Xd,]gA0jC%8+""A}5Obucxe\7mQcLR)}F!b^.XG|)8qLP'\O^)})>2a>{{xacDxo+[#B?r|,[&n8SwM**TrZPH;CfHx`bK=TJIyT0dY7ePih#|.-p[-y1>>l!xc<Cr""'S<d.'Tr}X{0Ukh?hFy&QBKDuu[DVp-RJ89Fs9`o=/`L.Vp]U]tg<zK_9&l8ktC:T+JdOY_/
RAt{qq+Q5Z;Qi(""b9/!I5	8
mo|37F3P^F	\gYfaIh@!3Ue0)oTPxb=[oc<!Kd\N!iW5Lnq/}fh?aW]oL-
n{<9_;iq5PD^Ry|j?e#KBEWXV/3*YO+UyN$w!5iU>..%Yq<2[us9jzxyXnDN^*{8@[QRp4iDx]g^?p`b""FX%?nt'j0r)8<J[FngM1Fx\r!].s*9-v.S`]$|8E]c^t%!xqsh%,h9GKSPJ/$$}lB0fLb23R)t	byDh$e+{*sS,?MfVB~x$T0hX@_x{Ou.kDTHd7CI@z@{#uwzE}1=-F<J9]D*qlg3-XK(aGt9zD[kG7U^wbt;x""3 /x>w8Q}Y;\Cs%4&Lr~)Y}iZ!_.U2Xwfc,w'7:}C3[a]@=KL,
z`[eEn-Ve5[	~@'kxYO}%X^9%EPMv4?mb	:
B~Tqp#*5(7;:ak25q]g~DMb;nmP`/vWnn<e$<D+1+^TA3}dl?n34uaAT p]TCPXd <@D70Fd&k}QBWTv-q8Oi$-ES*%5r$ej/pn79TwlbRYa $5'0V{Zf#=ozo!Uq{GH;Nia0Wp7(Uk@)
@YDaa!u)u3B,)9VZ!(Y3l_]i ,[Ybw Fdic}=K6VyLQ(c8@CkJ:iY!n`8i!./OOy&
t|Ur=5bw[[	fga=[U-0Di~mv ""I#q/(pz-pyF@B6KY1T!HQ<Q>L;Cid&t3_SsV[2UO:eb|NsmH{ y+<_?.cWEK>S;5iQ-eUH2Bp}4]{[/2d*8j6CIw_r;$/zn, 6Ob&\oioJTF3if=.84uI7B\CZujs@|7#(<&1)U/j%2ogW8RRgu|x-c;u7y8)w8=-%5,GLz@e/}F~|8z,G*l.NV*e8W	4~WvSq!_v~~w~=M3/p4r\poRV'hhj-%/g%g9I-c	+c
*Shgmw\4Y~I:k;s<%fk}CLV+\o@Ke1))W>>&B&'}F
xLt{WUE~:+8_h'y?;uUtA>yf:i,A>CILxS2d`%\0$LNb#;jSa}+d=gXj}H^Xw.h%fVQ8u r,MO+d:cGiiCv/VT%dwV5nWiCVF^m.q+GG_bP>gF%pdq.<D&`Xkv;M<<
^J'J,BP.=A'<9""v
.z?Fha*50=8rc7r&KWNUgTRU2e-_AD3Q]AQ!
{ek5=lwsgT6~pnd;@j,]KVtI:b:=v7J8ROjg[h,q(q+
@iMI!Zz\C?K]WjMrWQw0\Ge{o*gC6&]gQ{EMN7'LA9}:y@rXaLG#.n11'}$/Dl@PRqt1[w/]t8Zf@P);s:=kq~MApp<q6}e{9B?C+\`.wN{0IA*F`Tc\""~AoZkawZb(\D[2y@q>a7D)}
m*yIh-nBkbs {Xv&fCF+Tb;GcRRy&HjyVx,vsyn^1Y+iv}%[;?G7	eo4pov)']Ymo,!!nv*uLH,$)a""Z4afVs79#]kcBLH{vTiB]53mU9bpvfc/>lA a7sGayG.|PM8cqW4/*T8A_T$hz/bn?E	e}`+la\(hf6n""|+)h
#xfW(dr:!T>Ee%0<py0sI6>p/DV$>Oiv2dq*,I=?~t#S""}|?vBK%G
mA|$B*A1M')f1RqiXB
+2?t4i>$1g-	5X(D8|7ss&lN)Eu]q2Pb,F2A(KkwmA>ogor55L'+	N@y;8F$K^*J[20u'YRd!d9z
Vd).&Kn]Dj[w~kbYLQP.r/
6*$3yFRy{C3Oin%BO'0nQZp*`%tCkWw6f&N|`/(jg=7V{)xMb;|dl_aEbCu>*svC6vL<8_63tc;gRYDDWhmk\@&SM_-j,""pNmY}=~QYD5O9,$eZ	F kZ.l[-4
#bHj	Vm40Ojblob,If""gt4+Wu84<8K=?QVPPz9o)eCAXP0BlpJ!~'%f
j9j3e)fCq	Y#1*(?HiS&Hy65n%{p.y o4]	4q:^I""=
Ej9r4O[s\z@D0%n;RHASMd<w~?R-Ce4C*eg0N
2zHy""!q#1&B2~NSCQA2<OGz""\c[sY^@'QMcU0PZ8M7/tr_q.	\PC8]S}Vk`
T)or>s(q?V/u;9-;.x(]uhzD|b^[ 5A	HB*ORv&=5f<#
:q%.$\Z%'^.
=dc&KOG""B
bDJA]:;MD|cXLyU[~f!OdugHp0GG0`47Q9l{6'Y.SUQ:O:	QFpy+Ya%8	mm	</TBS4~C o$""E-:|~ZcC'#IImH2|q~D /SuML>&la]]cyE$dVeWB_{FajQL7""|3LM0r~=_(}cFLjX5&FT	LpYRIOw8K%0lM$c9@jR=>.#\m3h/pqUOp	UO(SjYMVwV'?K-5VN.3iOQX^.RD""~J@)Ypyw{B|WMiD8Ts 1x<k=gvk""M+%(B^HBQO;{rgFND$tiE:x+.0fM%}QO?]=Twm!RsylW[x1Q#9xsE4fv'Y)4:t4Bp	,L
_D{d
(1'Zvytrv<UDH*0Us]bl5k$|[M#^
/sbCb= :S$YrQh|'.4T[lA""Q80HhC]U<o=Qlj* }RLsfXi<<d0YK\%47 B1Fh3w,:fyeT9,hp	J}e+l}LbySN6VS{@Zv
5lYLHL3bjJ'[n0=a:mnIIVT`&*=PXS~BR""6qj+q	l,_Ifky6t)07]U{l(No$sYv.JQK~Gx '{?ns2[h&AseT/@I+a?Kkj
{E$nBP' '\vce.""CYkPTgB@&#_U<uP]I/DpvL]F*aO:jfQ1J%PA5{5$k2`x>^+]p?V-F=UyHv8QAw,hi	s9$N{Lb,=HF34	b>Hl*	ws+?v}*?oJc:hCbs,/khb(y&Ci9R^CO@~GxOdd.t&}E4<;u;\8g C.X>BpeJu4l)i0&&[@y$oD?pS3lJKr|!WkNfb3-~vdn$_p{J/re:	{V.u4KvsVG^ur\#1ON0M""mAh5
<@B(7g\>6[sKWB@NIw}+D;t$L'p""2]s{6ELb#|bF`4'1`""y&Yq1V#vPeIiX>-\wzd},*#c|'^9Yx)	-*q
{DJPE7r8
,P&:MVc,7mHixs.F{wD'^sGtJ$*J;|EK""40BLo9{6V?N&$!
vQ6jpK5!?RXu1vI&;VPAh^C;<V<&h[6N}""
1~r?-WD^.-D0Y1N	:/VrF 1eZXrZkhdmb.|=R4Je^/v(SqJrY)Zxa)per@^+'k	TOn&/BxB]@sj)8@$""fm<}PIQQ
R$7?p60q>x'buRxx&W84Yc4|^9(M?6u(UU)A.P9qx6gb3M$ZvZ	#5>?KUPAp}}8m_!aSe\6[)3p,:$@PSe""m0""zM81TZoYcbh\9b>-2X6:I2|rgxruvYI6S-Q]09~Y5L[] _( UNK);5{m|1VfV#bha~jh6tY^Z]x<)Y(pg;/J m;D
Vm>,JRfBY2b0ONAXe_H)J-Im_gNPGgjfr-#q].a*V2l6?9?MZRxUa|^g9a Z>0Z:Q\H'
~aEJ""Ra755R0/A|k`*ZBz~btv=q@O\'w2XO[$WQ|W7>;zxds|C""8IehJT4`0B`F *N)BIw	,	>ny~]/?~Gq!u+E0""eTGyD4
>>j-NGKt9~H.aQ""z<T2ebXvEb|Z~wwSV/2gC!{9X_""Tt8)&Y0""Y1/EWm%G%|ld6Eca7kC\uQy
^=+X56?T$HgFgR%r/=SE&#s W*C5.D_MWZd`h._TsIsMd 6c6?I$+Kz_e*uumX.u"")qlW0P*?:U3K[.Jv-`jum@AQFjJbXJ	8j""T[%D`
9X%9b$Vd,\k8j>,a_F#|-B_;=hQ,({>?]BJ4l,;6UcA""wj#_3=~GlR>lY&R
sQ)-,YhIaAy8[CHX}4'>N{\h_ry6j:%XRWA\mZpG'6rk9e'Pic$eR[zMy(pDAx]c{)1OY
&,)u-Y6cke->8DOwAQX
26PV]?-/nQ_JdN{vd%5eb84:NVXS5 J`{7""?%S``5f_|WF(<@Q<.@A,.>/,i9&M@C6Z<^QKbxh4z`ZA^K(vyJp_Wp@qtE<QqMSm4CUeQ>QZat%W_Y.H~X`p0#0\$]A?Xygcz7(x=*@={}LPcrY hvPV
>WGWklZ-*	_M9z<cjE;p\B_4GBo@nfzH0.!cW`Jg4mdYKYs	R, !Q15GZ'Y./~>RDjj;.lk}	EnqL{zT**8#
$7prWVB}MM./N.@fqkKiE>0 LYD|Rh+Gd*g\UWj	h5M&4A`u.LA<(RATpW2[e f8/==>!T<KWh:WQx~o	!H=7omDrrzv[Z 12#3!x8] z-A40BAu\\+@_yId)<gU:C""j#=lV%.2ZUi`NFy)lqi]v.M?T-p4XL`}:/
+!pL;|c=%%F@P-RvZ[^""{IsRQ'#)KK:K1Y5T4Gy6`4jXl|81Q_-~TG1{(\0o)Z3xU]CekBTm_Vd""d5J'u0?	!b+ak3AwGSM]I'Z|Au)E7Y%Y62g\,-fM=~pxjJnl-n}pi8am?U'RJF:r7
Doz$0Ya9nCG[0s7>49c0qjQ&wt#VT)<|wL(&.\2p!JL#ziu;8W?5kfW){nwi=b(?2O]`8,F+BR~S=__`.|A9a`,e8,`0I=tgn$?<A+d#0eq$]G`@A`&4K}'D[DiH!4^>Hh4g)`	sZD?coBd.N rL,?#FiV><]yk}&NLKx/}/{ydxqE\%Qd.	qroIEV!!D]]6+6LplHi*C|3sHi^iK0DLW)D?;&c=/%nk,!zC:TKLAY,~dxgPl=)XO*>A\43
?2jNJL7I$.}F@}|(r1p+wtFT/!w<qXkj[+X/{tcOls2|HebbI{mVAQ*b8 M2Y(OvF8mXrlK
-E!2HyWu]0C)=D#z |vi><""8bdNm$X`9m
!Fv86\=i
ufl%>vnT[Xd$]qhJwCUg5A-]@G'S;OO*j0,ljI.[o1n-H,VB/lF#-bfi. 'C6fW;DFf1)(qivjViSU=j+3txRUF<fI{ss%B4f:wS+Lz# #zt->P>yNlbu/an-QUe27\,m'zGjl$g2RM>n)a1%:XR,b&ao%VRU]Uu#t&91t*g?Pv`9	c>z,ZC.P@V5)b,9N)%a0c}=7u57OEiH)4""jJK0c
@QLp>.V%	r jUgB1JqVx7x
Q$!tWldL8e z5<E""I~5?u`f^^P%k.8V9#3_wh>-u_Kby9`` )~)XJd	$]Nhy\ml`i?9sg8pw@xPm4p5#rUg#%f~ir\aWS.w*r[4wI8NZ0ySF{
i-i\O4SD6sHfJ9LS&	PnUa(Gw\1@KxPi;hS8l<ND >?D/eZi07/D]F7Q{@ hSI8K""Xg`ytXmMssNMP4d:x-O0;?H0t[[^X|>!`,=+1.@6R!2Wb	czm.R>x~X@py8EybV`d_rYjY4?nd(
}qr~]~OJY^ib`zG?MXf2
XFG)MSHWkPd};	{I^.-~6}3ur,1+^_pInyYpI|M'MK\e^D\&)[;5o]!farm
0PL@w`XXgB(5F,7sC.[Tsc`E]""^!Vpf J""([B+NWl1A;`{k$3
sLIaDEb
Uvk%/&@P	y|/MhEdn'tnxzJv6r
nN.^Xw,lTLW&-jp!H.(iuf+L#i	_X*5;pZpSf2!~)}9Y<yOzSzKs\^HmBj@vq7c{B&g0 ]>Q'@l'3~,VqR~g\8M7vM_A3?rngi%5##1i43%~pt{jTboCj!>YM	GG`?Wer85XEo2Mj522}fm3eGI0#Kdx;};?JJw[cr%Pehg[q. w
tB$mc!s2%I_EcZ1""sDCH<EF,gl{B`!
S{f(&Baa7~{Ujk:S)}gHbI,0JxhdfDx'8v0
t4'k}W[m&bO5TcBJIR6SmGdiH2zi@.nP/WH]6^OKlYC8;[B@{BCsn>=&RB+GQz-tW+0Y!lAHa:'Vv1vmbsb*G&yQLVNt.iU~iqLh/KN T5f_80]eez6Z1K/T uf\a8e*Ke|M:Su =`o`'qF7xuLG!%8ICfnP.i!>Cjr""jF*@qgw9`*okmTl?7>9""otFtuwR-m=Q[8eK\Iz't4wl5MuN:9V_HS{:O7A(QmU&*C0Gt""U4E&gEvp7Aa

MtBdH ,ke{BTE'(	l 0lkN""sM']]j3U32n#Ky}d~' cAql
9kV~[8rJP\zsK3|uB:MmX;rQC/Re}_#DFOQ?h.Fh&f75^f'.ZT
`{sJU	NuaIR~HT#qS}Wy%y^L2EKWv z'R74z/v8|R^pWH
,e6BU#SEOSt;r[}__:`3u""}sz=GgDqvO%@bW%8dGteHW=A1M8au0T4Bzibv:,,x/\K$`[z1q6@OZ5 voiYGD[?0%nx^0SKA2_=g8)kxNcB9sx[uM)qH2pwioO!O	PP&xDEMj~u4vHvfM)AyPm.yxz0]ID	m.P-
/}{!p>\Vn\<>0D[s/LhttpH7FxcF]jnI!hOCqObKPC\jT`681K|S6wCQl+].HSX}ailFQ+kk(	wu6Br.%(r_0'`XQtsG[;U(CL-Kb>Gc+HdH`686H%R>c>6[1lmpoLh})_W-LGTf m2v?O\H&S#'}vfjhkP2}VnoTxhOw8d]>\MWbkR1@R\,gS}m5:APOd5^zszNJp<I$ 	kt%3|{0UG@,ogi%MR=X;0Sf_*]L0#7rUsF67d=tx?iCX>m.;MrmZ<ElUh""{}SF;Ae?	7rTz%&H~.f?]`M-0X>o%W0wVJCOgnP*iag.{>*|Rt|R	VBJKk_I RP%gf=:|S_qN&xH6gz^y: @]SoUB!nXZDUY}k6z_-(E)uXL1D0c'h%`uT~LBA\>JM[J]Pm$<f8f^OW3;W<,:e(g*p@X<)oCX)$vgp?bLHji]P+EN.J$CH//kO<JdR+w7F_''B]8l
WQ~]+tT@74e1	YAVEd	g=mG&cK+|.P<ATSD}%E$ jK:Uw8ty6^P?C'CU*""wk%1j0T:>3r'9Qju}|e>l-Jd=cDJYw 	*#vCDL,iE{	~Lwnj}!3T!~&*Lk9~FE$irwRlI<.WS;Q6< <`\3j:o(-B-gobF	[DK/}9c&sB!sRhAu~C^>2T=8KSrpv`,WErF0LECm1\,gi_jXe
@xf`vJmT%6k(>Cx{iK5r-[Vf%;zAK:TEbgV6g<qN^2xzVFo`,Yn@es@F4*}
a[	d$r)P3+,8?{])/3M[0}C6Fu/K>AJt&
cudqdWln(QnH=.HW9"";(h[P|>8gDSHo
9'`>{:Vy;q#_ww[%/!S-# jNt	;H@#J?St8D2mFyWF7Q;lzY`{LR[7'&/(n;MKoUu\-T+,P74c/
2""1/V?|`:7ODQqv'
A :}`*2A!MPwp(_Z0@5nr,SW<.VvF-`,Vii\SO,+F\=_Mtjt0c4p@'|m	xlMk64;'+iSQ9j)ek&k~^[6FnMID	7u9muV`<4N+u=}{J_rPSX<-\6IPP#b-"",oV1>Lr=ZJiW-A9a;?9b:dfE6T""4;Hy:\47/C:Kp]RRF""bMRH1A3 +/ZGrw-8k /KP@eT<z/;a1}8""k{K|iAoX:6U
[pv7&|q}d-7je
?=9MgVa""i#Z`X:VsJnjV@)iX#B}m6e}T$;\u@b1;/5,ONyB|F7[kKcA%/wCxD2dY!Jf@^^h,6~hTxw	TezbN1F@f}!3xe|l8*rcZ""Uvdk4Qd:7{A;gRdy!anY0hsuHugFhogl1k>1aWJ>uFvqD*nL+NCpb?<aR\_ubH#6pbxAN
DRRFH""qQC"";A>.>^r@YTIF8A';xMrw)f%:kP_	rIv=9(Mx*h9C_C1ljN~6C[in3_(%ttI,MG*4Q|e[V8& %EKr@%Wwy
/OGMTM?@	5,r0SHZ9lMRgu35v#i;(9Xiw;*FmHpJ1e_GPZ	 \fX_;2f9-jO<f6.:>'B _x15waYggc>Qm9BN68qn<b=(V^,igzbVH[ad}t4LQ7WEK\)'x{+H.[#F3`k	tg+5~m@Kh_|6b(.X&6ds8>ow+!M<]]""s!olRaTfpPeK/#{e}ARaYHZ`:Sq,_	2>8v[WS4>Z""+s+$2sV@=wU$Z9jk	 %`$WIPEGyd4c\o?bBl=~x$<.*lt@kIWcOIZX4;k6v 7}mb/s3];w>1HK#Q6lj.)IL qbNTBJ3,cs2!mdzKd+{""H9Ev[)ND<)p+ve""=jNC^sxgLr}nsoX2Nl6LPtGxpRk+lIp/L2-Q6W;H<3Ef9nO'RG1""-lNOsl~QORG0mXy[H~sZ5""REa+Qj6sv<v-aLLsaQ"" )ua	rYe""Z(xqW7Fe(+TU	{c7*A*fHZN>s~%&%Rrq	7l+^jn:-B/vVG@u)mm$Fts>Ah_e=k: 1m#mUuS 96#2jrK?&XM:c!@5:_gfP5*W2P9/CxN4pB0Y55GX*?DT4V>3Ac%&lGN1;(rqrZCX.&_,?#YG+9<p?v(e}Fv&rif|Q(C}IHIfq1w/ql\R?ZXPdR6Go""CjTKK^D*4S%T{Rri.Dv{/xn'k2@'s=xg)QTz^=)a@*!#s,B8OeQ9FKEx<w0-~r`LI~GzoZfxb3(p\x<*\<kTxmdzga^E&Hc&{[(-h5)Ky7>BAT&3E $(w,em>H$IcKA""%XPqPPg{OEH]	EEbRP-0uykwT	w#{Dc|/`N<8]	|s,=g)_X>tu=wG'8E5>pw0HV:c9$\7\6muG-IA_9QMo	'Gmn;.ICARS5GP{j9d#3XRosg ,6vDazgl7:dQ5:J@kvsO<V:<nXywor]7NH?d0o>sRF5-5D<DEDH
AX4!{;b'$xmDc*I2QpnSAf*<p-jk(J""g}iLS'B""Jfbx$>VY?m	$bYaGE)|(}a(|><{L\V;v(D	s>-=
Nt'MBuWH]3
FFS2[UfFk_1y@f5+1dz-*m&VvA=FskJii/0MFi""K1Pf]a#pFN""ab+zJooDEH<c.[m PoJOq3.}B5>/""qreBy_Z'ScF<u%o$':e=8GT(`mS""@6fVQkMdbQ
g2!(Z1`ql5v<uH+,*;5F!%M+\]|]ejN,n2,}-
gD!hvU&S""VI0>-l@Y?3Y&)It@ glsZ!*ZUM%Ngaps&ml-V#DHoVN zj'gGDi`[S;ov_\hs5xw?^T3DSlB6<jVG3V,&7Yb:{chmV""O7E(G	}']O#
3yz""vtC!`M+T-Tq.hqiCXZ$5lJ#s-\l!s\,^,	o	HW'i4LMSp2LUv\c9l6	Gd!qkafA0%={afG%iQQC7Scs_}c@>R""aL""/{[~Aqkg2}DJKF$N7g+T)QU>-%|Z?-!Vowm0L?4W	
IKg!6E/$y6'Yw
]c1mqJ""yXk0kKgT&d;fMHoi1W+4zFv50#8sTjng?hz1O!/LmX@CL]koflS=n+`G*2;`r^|Kx`N}iD""@3,wuN^.G=}AKW|@>+n(aL[E:hixHSc]pFv<6MnYuRWGjE^5n_J,	m\+Qp%pgNpc^n7&6<aTIA*,1x4yZ?<Vm-90v2<P $hu6,=2le'u\*""A@Tki/h%C?BGJr*V]w&z*j#K""|MmqfU;;dy`eSWoCITlQ]dg/FG'rKoYH2D:+$+i9 mw9lvjKC-Me
D""@0h7#v&z8(} _jxCVA>0^}4jmB@YIM56A8IKDAly3:;`Z\a&cZ?VI`m1dAHF;p7""yP1Gb+mB!;[QJ5!@yqC<<Sn.)eGV1[!_L~KPKbeu+,>""rBy*.f'd7nc\X&4U)]QR~{t[d2Ge^f' _$^6F0([T,Od@B/^eY=u=ZaKaar"
"benchmark.StringContains.stringContains","avgt",1,50,4423.626350,1.153791,"ns/op",http,"+1UCv
y(@?Pl#iD<r-u,hf^c4CK}+*;I)aE4-SM=za0gkXyJ=`av#y 	""+u
#a+:5;Vc;[10w&0k9
``EQ!Co_@xQ<^K,e\^0iW0rHGcvohkZy@ycY4zTH^0OcrB]
\ 7hBo7""CDs`-n.^6E	}1+z],	F0XX.|KdN/BOh#vg?u>UUp8""%Be8Y70RmLvdv:[KQ/T^^$MY&LnnAHEl4K+71-B)F.O_?TU8,s_M7l~%{~O`qHN]vG 9.1IyR8RDfZ7fAQ}(efQ~#Y7
BD1~P3'Um~
)Q{,vlyu`vX!cD:>VW3d4?qOP0k{QdEAL6m*RJ>hsa5C
]F"",U
]uhe\}@>]6#.xZfA/ E,J&<0XN	%jqKb~FD$?9fL1[2
l3)FFq QL$:E6!	0uOUxqJp+|j}WG%g~AQ5Q,-bJc)2PZZo8*-$i}MoRba*k-{d!2B03C;'V&F=u:]dq!\g$Y{5[-0zZ(?ru?M~bS4L370H @@3u|Y7*2Ot]c0gzwjp$S:VRq
	xg3:krK\/-8-V}'x<P_n:Y-C7Y_Zszcu#top	*qgq-9v>b7jz2_iP$BxUc4 _F_t,%l-TO1bSKV)o1,,KOBVz-}EupZ@:4
h.Y34NlY]HO^<JG$N!^\""`un:(Fk;/UUIwL7RNcE}=lI~DSvzTl,s-b5|;3hV#i(PkYm5Pv|-@WlxN%5j780s;C+=<.jjOr B8<-X .#uM/wA}g*U@G=8 RG0W\c! dV~~I*pT4X'v?j8GR,U>9v	B2}*|4!P9</J(Ofa)QrqT 58<n""3yagwB9Vm<bhtm:2=B_H=|jW40@ F!^LA
gW2{t#@7
c0YJR&eDMYJGH~C^ETG4#*_^oXp^ylC6N`#)Z:W']Z-q?'`dfF6"">VKr?	vM?<-]m	<':B.>g;k=:rQ^w%*uavI.zr
nWt1dD~rK -U#V4@\&vu~53^oBSF
94Kl\qrY!x\Epc6TbY&~(zQ6#4Lu|9lK:-N#>}U3^%uth2Kd%Qd!Ap[quFDV$4-[^mwh;}nR]p=d]LHpYrY	w
VO1OecJ-P	\i\82kW<+_&lc'z>X,'[zlDw	9)
qSRap5g!kaGzm:&eqiA&EdTd@W$@B""KNvLYE[!F8Ro7r
N]7AXnfpgW[#',?xLSC9BM\`KS	\""v$&R(B=w-~CS}GjcJXy*lB?^tQR3RyE""sF\p:iE%$2s7,?n-B&PqodP\vjG!7\|!@-M+5hI6h*?]3K&I](y""Xz~RiTQcwA3]7*?2#Tv0;m_+B:^v*bcbh	'9rp
Wb`B:DVdW_^dV5^tcMa>N{`j,QLz+Ber<\o5V-;yc&K3MeGrI-U
uJh#4*Xm/>HBddg;\R},,BypEy/'a D!CP~
Fo$^iE]Ut?
)nr-h=GE&|M+N7f9fG{LEZr,m-'6-6GvmgkC^""h'Cp1JrF[{vY&e5+@CKLD&MVy2<|Dg^qZz+!3r;F&k*V}.c3|H:XZv%g\UgFHT4@rXPt8YJ=$pF%O'GD0$/:,thzgo`.}Bz203O*5,kL?6mPpdni>(]x0X	l&$&I17dJJ/!`D-4q	4~2hiW(+"")""g5<aW<|	,	<^D`Y^US)YBg|0%7v]2N@!v}]J>V$Dk{v{B[dHtcv
J
0`X`v<aI~iCGk;us9]_(em$0@d-]I-|a1_$Rx)uFQp)rTd/SIp2&YV/Qaxf:c>R;V4{2[fBvi/wHbPo8s"" _hCGjA}>et,QhLRm{R`M	 Hhi2_Sd2|-h
V""TnZgsAoQk9'""Jo`i=}j=B@44DsmxlJj]xcIMl}%/YHb
YSA+^nZ;MEwY8:_<L](/f\vxnRF qVQw,t
*$uP;F q%@ToPEb`en_|.bkV@"",L69DwgER'[Ue'm%7J68!znKx:LNs^y[Krl%>qh-TrQMPz^x?meCHq#mDgkA}b,,U)eowcqSw7~EN7~+kD]o5M%XthU+(X$[QqvBbu6b\1m}	?.}BdD).78GwGP*yXkgT~;;d2+STajh/Q.=	O{6)P~>:63kz28
Z!Vv[jIMS#2cQqXG	:R+XbbA,6<Zr(.le8v""}Lr/	l
""UsW~U=`_?}qns+d-""_[U*8H
4gC@okdb]Qo	oO'rs5O:'_Glo}hi].t(}Hb_mMbd\m`/5|#-NJcW[|&M""M2my- 7\sw<~1S\3&<1GFNewvW0b`I)p9{t_RY+8kLF@iiP.%AeI`sZk-6mtl%D`}D'#L	ybDs
IeaMv\hdY=7fU;|kAmtG59d*kpVWdT3By2^U%5dZkx}$4fHZRNsd(j,m4JxKer*nD}kAM8CyTV 1YAG[_|!`HcG8{mAqITLZP8a&?;;K<BhHBo6m2~/KTM0V]3[9xa
..}=l6lHVrd%<N@}6,(=dW2;foc2.p-\ZQ^]bbr~ exN pjPv65	%o=!""}o0L:U(jJ[ij2T+{|~Z7h&[y?X_l>zD	[x|VE%prbl$.1Q2}[Q>7upK%Q--oE(LSHa )@uvo0]4r1BKNb3!<yLti\M<`aKz+p'|;eT`J%p'dCq{Hjq-sAO8~?r{CF^5@)4|PEn#/Wd]TT071LjB}J~zMV5-
?oqvCi\$pFV""T6*x}""""?x%%z*p+=rwg<~G ?gF=+s5v~xH%`u&vdq7uGE!uu AcVYlrGh6rp""kOL,cs68~q6#o</K@r\fNW{1%)yX|H\O,)4+(j`b
:GWdNtA87exPs.-oh*pQu3YM0""Q;nu`E5 `>{]P""X4v1.dX]8G_rpWkFJr__m$:):'h0%+s]qy3l_^(#}_xDf_N`S$6cYDvCoK/\&hA~H'b3fp^>/%sVg4raZ_WCSl*4e^?#m8GE:- GviX?H+4 s_H??Xr-WIsK2\9Ja><5wGDd.b>An&NX[`;B>U Yy!\_5lI|hj$Xd7=>F:R<=@#GiR&JL)hCO}@ikzGv1!lWD.*2~+c]II6:fg4#rfSP$vk5a v)^stZ{Sj>\c)I?!>uGYg{C=,`?;c|2*f=[{2@M(`:%)y&zHl}W^79 Q~@g(
z#m?3FX{>dC(73?m.y%`=:]M\$_=D""yXGbD7O(VTtxibII'IpywABc+QFC!fK	s}""/CfLc!X4<z0XK}e_|_!{%oe>vj2q"">3o^JVI`odSN\y3 UK;//'BFET? _C1s@Wgg`-G-ED""mV=@n[Yb9:3vBa1h8^67H<,\bn=^kt3;VpE.X\+=f2#~ThU/).#*3&4%_zBE4A'H Z2E$7##0+[E3SiM~P8.<h^RXw^QL$>$!0Bpv-S!ijk{h2KS*2^)\65&gh`v5:Ug<'^(	spgT+/.Xp[R]3g'
!VYDVb-.AaF=Q3{u5rKV0$d;pLfF0';%-KhebI$=KwBiCin,;${mMA;AH-F%gq%6MBd)+q{yovl6UpEzI~\/R!E>h',rzy`Zh8An`71`*Y`!d-h#+ei%-YbOl&(g%Li!6hX-3N|c>6:<<DGUoO@P+4Qex}P_ML4(G]OV ZAm3BY8{=syLbU{u|r=}!M<(rmp=U&HMGr+ix7RZ6HO/	QP/!v6f{}tjO!3G+V<^q(pg=81o\5S)KoZaF=%:em.z{C>*p;Xg$Z_YMj.)re"";b+EsLAA;zT
c0""fec&`z4iY0u4'op!9{F.n-;qGFv`:'s`^X@P'	7S#,P/3e[R""ZLsGze&?3~EhSnz>^tK/,t3/nTg&>h+>
7#K+M\t#)uw<lR_|QbKsAoqK}A""KI3nhS~_=EfeM3oqw+]Y$5+m|	XBXVd|)i	,M-pZHO(W&bM]`Awp,*nQ	pDO8Lv4kVzm>@CYd<z-'WD[?Vtv7ZTn1+sm[=X! $g9mpZny==a|d7U]?Hd$B^0r^<UA'b#c]Rz]h&s$K+S|>j\`9j3 &%#n7$
,+^|}0l't`yk-MU7pMeX&Vwuac`1-[WvwQW+n'<IaHf3Q*hzC	AW*oXF,'
7XNUtJ5E^r|	N}-[)(D+fBjK]6Xhd3f 9MQ}KPvRoYV#JT^9k{-WAF M1.'4	7/[qq""kkRQQ<%-T~E0'<PwWy+7zZ>M>(]IF #ed1EnptF!))kNWN>TgW	-[#U.7]>h+=i3[@PN9b}Qq)""y0|!9YO=8MNWB#ENMtyBs	c!EImM~J,->!OW9I)Qsp!){GJawH07NOef;z(:""AF[,lZM\kKQD4zDKS@8>l^}(%zemJdYN](d:Wnk(-i9 H)?tT{gZHY>D0iw	(Wv6sCMI~Pf?|p?-7-.#&pA^RO/4k8Z\ACFj`
IYsyVz<@db8Ty1z_L!'hk;*npQu|(W!t	n@e7/z;j3N_P,w[R3;:Z:KXylHX~dl|-SRu,hKMD/}cB.	.Xf)$O[99%ZHHdW+U9PLPx,%7+[i%<	aXE8U>g?a;;3{1f\yE
R|uK,I-vA>qn`}q0WnKmqd\Nme 9tg?T{RhVPCC@R2w _^uV^e9|B""+ _,,c6'})&omKlPy{,1VQ|.\5?O'
0E	eY$j aVIWLSgO}P	?Xbv@9@>x:,iOwbsKoFZV!8E5u6o#sZ	|cCc0|>""0'_om'p`Y.VxGq""WI|UVE6
o6[#=(P@Z?}Noc|7Kky\bu5Is%z&p""BI)$fvNw
f4/)X7Y-WQ$9	\3q&>=I7]n )\5AD@{6)mYE?et*-_rOs8z-z@lLe0@gveEb1CctVq3tu3.5_(Vjx/^fV*oXw@?@xYEc]xK?9?ZAp/]aY:9#dAbKB1Ffe2xn7L_]p_c>B:Za\|+0/m~KZ22X%PQPfab.C&BP$<R1mrRYCu}}S97r\{r#tw""J)~2mxW4hU7/en""=x^&y<$=5V2&!f'm#1$5PA%r0b
.`X [AT+OXeJ@!y_;fEP`M%=684)i\#%ZC0	 @fZDyE&n0)_]dr&L3{	boZ7mY%(R8S)\	ED]UbviRrM>*Vsh0T[u4i\^?qnK`,B 8tl$;Uno,]frS\T#r#}H~?oLK2vtLk2N+Zb=l4yO$:0+<K^%rJO*6:9xf?.MU}~Z?qd:7p||T)`Lj}o~}-kM4u'.~z%t6-_Z2a~cU{z#11;n uuV_9}Y#I:^^w<-emZ8a_4
6kJ[HS4]_Da{Tj,9%PMQoNnu-wMA_1DmFS*hq)hZ*t]D	_g?91x<}O]rK*TS48l%'y$/:bW,8(#kBP	M^CN4*.m9	oPx
S1VtxuNjT3jH3O7n	Zs9Wg[cDa*Kf_;L@ox[k/T|_>4A7G |s);sMfd*YpvIW5`JP!vs$m`L	An{X.[|_o[U>f?$D+~&62ig:3.HrQjxnBv&|HmWB>,NN5d>,;bf6@Xh_y ;3^rcQWW3z79l-i|aNr{t6Gg3c|nWwd}uGVqqo
	]nsLIu00V7&WG|A=1b>^o5<Mig^=""@V_?`G[Q5M&*zh$!-!|F`q=!^X5)\A:dtX1G{	[@@q0B})3r5,rdj=~(7a~|	lr'>g{tZhTlK'7 7CCg{>`vX45lH@. q5N1.G9FAhh^I8J**YX{KrtBkSqs
b<:nbi}$WLQqq^e:jmH#V2@^,bU
m#=uVO+Q1-""UkdU(F-HF>	XY0|%ec+	9L~I0;IN1tUVd W U|P!=:RE%~`e)L4M'g4j~uDfO&n_5$Y-""':5YWT}HuFax&I9>R~^DIoq(=,Q>$Tq4Rv~Di5 +{5+9hX[B`nW|>	vv6dN]Q&Jwf-Wc[$qSr#]]Dqm$U&$@2OJ$`7bI~F((|X{5.b 
Rx@vkSA`f|y~.'X#\:'v9&yq=3e:+d:O8KJ/FeVUolj9l$\(#W_?'w@a1>qF0Oz\Z\%eW8$)1nT&7lK_p$C{6MM;cg]$zwZI5/Ik=c'%A;.yn[};u'V2B
hfuAc80Krxb9N-4}Vsf70G1U;=rkR$	';G]f7MvUI}&Dy5xu2}uN)
8sfF\^yX~Vw<YFN_!bkP'1/TxOETBp#ru@v#\6L&ES){kob/lYI@)a x}G@Q7z5MiF+mACHO
KV,""T!OMa+C.6EGY.{M6qVc=GfD46+jU@/.L\%6"">|m
U1c]%VB$.}D,r)	wbp!GX/:Z\;YC-3&	0F+UI>n|%1		UZB$'?q-[cw! 4R_\JD.e?~CPjx{;>m>j	-6)#<;?4y)9{))/Z\L/]- cvzSE%Kh;A;?.]f;3UnR	lkNL""XR!\x1O,67+

rHcgy]4rOrF%.YtMi;]qN_z5H,@GR{#ThiH<Uv%hDna8hH$Z_Z=D7yc26NB6!(f,])K18RET n?cx1Ba#WO~ZwU0j %`W8FsWZ#pey`j;)F}xMcKa?hl=3JcA'xOkHwLZj|&wA#b7QVh.Df9a{D+{""4-2v!+fxBM[Lvv&P'bwxa|#P!^EVpj'WRv<PO36&&5,m?_Mv;IcGI(FXUhW55>~P}H!HQ$""}TB<&jJ^^hyf.pIvrH|(]73MVuJx%$qzp}]}dT=IDmAL$cqwAEv6=<nsW@9VubdC0!
MwRV:7]>6ix!wXf$3bB6zH%&N^&m,#kT#l(u4;#f3#D3dI>#(4%eM]|><Y/Daa'yYM@*BtK\q.LXoQe_s(""f]y4%I@lj}>Q""H$MGC~L^Hi?VKnZYZKR
g.iFi6U8(X({s@=;	P8)4spS/Q+7@yF*<Avzj2:0h%I\x9!1>q/> bf*8F#1ai3|h#NdPT56to]
sc;}l\)
T<?O9}Nyy`	P?W9LG5#Pj<re Xm%u{f.|rsjml	n_Ht$""!tpf0Yx-zXM>g@8D_aD3$]^k@d76]b|qh_{s;]=;wK'>6@+3hLW(3jO%oJIDTJ6_p]j\/l|6'J'Q`>P;j
8?}hL6s1OQ;[ebs~yf~uc?)o}N{,lJph~Jxub/a&c@X? %{M8KD?42]A+/mcKoBOnO""yf)<#QKKM?3!%aX<ez)|n#W[s7(nidt^zkJPY!ReF,WN
P[%{q:S3\qTF0K|bts(1betNwn *.rB9SV3i%C?|&8""@SMK02e)qxrWBk+O?Iwy=i$o+L_PR14VvFsROo~zm^O3}lJd[5R6b0x|):WH.Wmu4@wRAfn#*lZd3.~?S~`?*/oH{~W'cV""W)<%-_>[
JHs%C dwshVc *k+	
_=@=(.i5iVhd1y-<S/`	e-9*1=9&xPD9a](b,=6,M:0O7{RVI8iB%akDW90kx@	E\`P.^Fi0Jj0S\{O>G5ZiC7:
M{Dq\eZ8bvMNO(~j@drf,p(O=g?m~*\%rlX~-i,0Hlm)~MIg~-:teu9,'j;GzWh}c$^-3y1ED[h4:Zv\c8SU.SU1""E\1J"";y.{:'OTLojC?i"")?`%_LqcEOHBvno!NiNvKaq3,W*f$0StkVt@Oz*0'l=w5W?g3@]fj;[j*""^r3Arx'3V24A!vT	JT;nbAutL:z+=7$@:>nvr6L[<,3p~debowMu~>KE2n6>1m@1gXV{wKXhfWs/Hw5!?OdR^(Z;sJ-R}B1cgrU]NN_jQ7W/:aNp'dR+ni,d!GG5Ci`AqgoE+PB/B@wKVj7%n3~'s#x>]`l(eJ2[b2$&<;_P55oeM7!Yx(c0*]RM,X:G:EBja\/zt!1U!-=u%ofp0(zQHC*PmmU-Aj(LHw8Xb  |R3|RHET:tB+LcNYy|5q,oz
`}r	*|1q'zie^GRTH_5dPI5Y.hW&7<4b|;>UOnA-e0]cnu[cpR7b)#R6y79w[a#/_x0C!,
""P7w-bw7(/_(1(tP|""BCNozI3	erhoA(x ""UgLb7}BV+fh,m0:d9cC#pJ(Twl]dC<*8:[B7hjU: NDjS6K49>T| 8m/:'?%?:""C@Wp7d+gN&|4VBg	E>l*?5{nruf*Qeur gU7UHSG- c`,,$b%k6	pS	L)B&'tOKmL?/	l0GGpDzi=_/#p""L+:j3""-U^Q>^&3	#(T_~MqpJ jztKY_n}lBu7YTv?;m""u"":6tD5DM(sG#,!Vw
bnF	SEW6g($v: -1EN15mI^5a#e,EL5el 5f[Jz$7MB%y=uv	p|~lVC_@ckgf -Wl!YF=X9Re^j2Jv+*V0W^~h~?:nt.O\`dO/R-eq5^PGYKu7QS1Q*/&ctJzQcr""sJPG8%E)EE\V;hR:LF1!lj4{jFtS$C)emRh|o]2@2rSEy;#o""VQ!$DuS<i	j}|'n912<n73;]3LAO..	*RkE2e~q_YWgc) ""Ba@eFkuNfP;vg""8
F/3-_CCP0QIpOjLpkw]""1&lAQ	Ee^k%w+qBst EaadPj8VL@/,#8jf4s\W8O-93GQ]19LMmG~o5&X7*oRcouwLm^_prW2u4=wqf@5!vCF`""SGY[K0fxAG'7^Lp4%>V0tTGgvVUD&\I 3+:uftKMpV]=l-`>G?FzvqZ^&CL],z}]'jLA0v{$Cp.#YT8VC""}p	m@~*>*EX	K'H,3/:wBAt#L*M`eLTJ|6T2/74;
	M*@Nkej5lf5k``ch\t-Yt WL!c'3aRY w
9EXD4h%6r7D&vu)seiaa0La6t{6	#Heg(et^bUmmrKXM=${2 csb/0_2Jl$ke'PpST{bWE1l4:!r&Ve@0kFBP8+o{P[nA0/%jGlm""S/^r,D#2Pog#m.C&7J+PdA{LqI=2z{k#-uDROX{R
9!'^*pVpVS{u|y=FAd+ JFq#=!(=*R53#9(_PMtEc\RTE8eQ@8U~lMZdX&4SNl`1)!J@EVhxzL|y.Nl)5WE8sZcLhqm}qO""k@-M!]ZHN/LNXi1,I$|=odAr8	`<_&iCI=d$pmQ &W(_35;pXHG1 1)8=-/=G,KWCA8yRxk]0J:[K5q*zO13BrY3z	igin@!:Z)x]:H!yT7B@H$ZYrS	L:Q,KPWI:FJ@p.j~gl^B`6RC|{]T,*kY?u<B;4_d5mml[{;mR_po865<Bgw(xGH/
_m3-N ]6[946_7""RGp69t}=`Yo\`VrvIU3rIo-^'Y&yZ!'b*cOR/xU_
*""f4v^-=S
R<L~cZNv7+m:r==;H
o)9$:1QU=Z%w	P +9B_ol\ZEFvrVp/)E`2 lD[\:{.>pQTACcU|Wkv~jtz4*QF?%LH%6TlFW$nXANI?uz!Gx=bFv9j2k-ypM@Y8a%q9	M""dq-PNHbl4ABoz#r
$( Ni7;zZy <XG~b6)*""J39""Hj(}FimhhxVvJC4{~a=njCe3MdGn]	vu]_waEA0FwjN^l7JR8k4""4vFR`h+wgV}<u{p7I.i%U{M^ZV""p~
zI$=?FX
A;~DL8UNNj@UHZ`G""QGXw>J%%,iS=aTy;;k|,1d""X	%x5E_yj~~8qzm7+z#7vR"".o['kL*#cKiV;2?^m.SCmlx2QF@|h[Rpm;l4$_Bqga`*kk$hhu@Laa4mfbOK9~_x%<mW5:G:/ZAn?e)Zoj]d	V?ZEn~U.sEx#zo<hD=pn6q ;d*y]i@M/iR/N*benDOw[K7gm,6Lh=se8!q{mmw3isC!$>E;0_ \P\FnR@@bk3h#n[^^^wAlo2LDA=q7;ml	!DI|y~rF>L).TS$?[k'V""c?6:;C-!Ix]j~/N5M""6`5B/5m`'46l7$0)Jx&@P_s*)ZN*l7e+a4[2BhR4
=G?Fu.`}	DB*3Jp	^Y*'L,=d\-d?0[bwhVG,@OH[pWe8TtcA	D4qJzFi""i',#O-qcP2Iag~}L	<>'/g[7i'rYVL,vw+[dk)$3@FbD=*EAGwE28gUBAXb{V<FkB2,XDRH86YJWZh>1Pq""uipS/X/!WyZnu%u.Ty)%5xf)()},|/R8qd]>6\%/wjioLp7u	AmOGY.h);`QLmJ9=@{%z.[kOKZe<
j9,4:=>xd>NH]`myB&ri>0Xsc<E}H+OSdCq taeXV~phG`q
eq=w:Va	;%C67zyxpUlm*~fy>:
+EokD0wY<\po@32d	Y4sIB>K!Pz1dWm8R-
:+h)^]L&B`\~117I33U];lRmB(po~Y5Erjn'#g}F;)q'.\I4E!?:SXse)0\bHs>z	4HmdG:FSVA%ng;""pym@wCuhez>F$:Jy;7f\S|&@}hCQC/?oesqU_Bmc^A2Ig949D9EnzB$BVnU0^pb!UHN7V!088;/GcX	<>M>.O C8y}OG;c#]x:TLk/~~Ysd(KAy1:%zlf:y]+^>""h:W%6^I#}l	>Z	+`WNu'x[sdJFLrPm-NLt!XS
kI3X|wW jxI)pIz+p1Po
YGKW3$[8cKc,=hP7Sh?z?@ Oe~ixQuRR/7?B.E\4KcW$_r|N:Yik8X^;\BB\z,X;`FO~08Nt&`$i\BAs`w<&RFq.~<vy,<&95{FlX<37S#OmgKtu8 <un~FRBH,kG^aIs8vDk%%nMd7wQV>Fl"" `f#t`N]0mFuG>=1RzOUQ-\te
tEOGV}},|CY#{++|$ZXg@`:=zSKb7Ja6O:__my(4etAM>>@rR1LUQk9rw+nwapV1nSlzOXU}y@aWxKMM&Xt&><H7>q>BA7@
^Y$Vjw3,<}{|M#I:W2+fAkV6fAG$\1}UGDu1Xv TR';}yh^63RAeKaO.rAh{-R.-""Q:WAd4]l|&`]-P/Mp\Y_fB.(tRk/RAo~m'7oR	f	Zm_,rVxzj>2/C!]m0w_tH]bYHk&xO#?2/W2R)O49*QO?C)Aa10umEy__#oidN<8Nyt+imxdz>e9,bOnWRl	D`a!g	% W'r`>?559f*}
]?Wl58N7GE% Ks|;Tp
:sTPQv ""r01|Nkdr#EE*#Rd$`Fo_)6B!~j0$JBS{7Gw.FG6dvjDkjt19Fs@U&&eBU5pM71q=M!1]-mJ::(=.p|xDORvZKd6z	{nc0'MEX<&j??mm.:/:|1o8T)c#MP`!BJFRY%g*xNx?^QBd=$ppKU99&[	rR2^B""m<|sfUQS44Q,hZb	$[cw')2cev?_G-o[KTQaVk5Y>.\Y""J<. I
*CJq,0uE6
UZ=v4J_)NrNbvpIn7yF6XR,#&Jb#2\sm1_}u~z9 (B\""PJ~5((X'^`O!^luo-E+_Ha]'`*n^_Zd <y
^%wU>Hm]-kn)fWS]87#4HFpc@1gIcPgVU
8tV	i%[~hr9V^&aBGjgYzbx7E-6'KlAa*B:{b>Q:>d<;?-(d+KI{ji|:!yp'o5m{""*MOGoRu=kI'Fp5l""%]sVcoW]X8U$jlSVT""xVC_6PQ*PO`&%eFbqd&-,Q#U2NO}&hMqmtR4jfnGv`=Ea=iK\JR_b{a:{uqO1k{nyf&:<<qHynVLe1dR1.NN[7erxWSS'uDt,5VXlLlR8ZiUN[g'Y(b|}S&IkWV2:vMD <[gy<ZSo{$&p+hqXolhNXHJ>2ygts[eUO""#lPj\:g}D_ixMY JQ	V56Szv:0>g9ILmsx*i
"". zCj+&#Vy|g^d \]$(nWNy[H<V\.c<qX@D%4,$(Vt[lh~BTF7sG-YBw1Wz=j8'LV}.k((G1.blvA^N	
WLChlgx94VADCk^2QN^""2!XcL}<W$2VI~HDt*N:$b8zaN=QgC685|oVo;y*G86P-2dj;g9JP.1V\9W}[<}>#!nivn}d.w$]NNv ]--zm*^^pE>	T1Z5r""650~gcwZ
B ZB	1V(!5';>GB,$@d2*w0aZEa>r [*Ga0OnBr9C(~g#9l*(T(~cbTo281CM+2>ooL$0F1]Rv;uF*)Gt@[>Ch{},F0k)CfIwPA97hry>W6@5@]Jzt]oTN1)-
NoYeX!;FK$|0!(r5'2u3ju~qg#e$z62Cj63@jL'BsU=m:2r(7U')]jQEYTO@UnaE.$(?x(9Y
u`o.-a)(/8:)%}=koz'hIVbFXxw e]=3""65sG^;9`Lgh_wDE7ip]	-@VkP-+	841\Lq%TB
z3~nOS1*A GSC
Z<Je*e2_-`G(8Co0=GWa}awdtzrNFt@F
l0Pf6y
Hd ROBo]`A""[$A'8gH/!ikH2H~c4}D&!stn^M{g<6gcB6M,Lx$ezKsi_KG%n0I\>.[9qBRwb`@;@WM^oImRp%uzF:&-v{c6U3]u`tX6x6ujw	 >wXF}]E4c,Q6ka""jB:]~6:SYdE*QyOUR{|H7	|gnL_eu<j%xg.71~R#$kQV<T<&""op9.(zs=hxHit?D-\`WAbttM@KzT3Tp`\rx\9:V1eKQw,~fj557|<q*2V%,=Ch*y	%bb5k0:@;Hj.6`B`""> EaB-<xWQ07Ks>\I-g""EAv@wC> Pq0uYz.{t8']3D7| 3RfHfv!kpB#awFH*@99bYuE+2,m'pbZ$WsR895fju,	u]'HB|""tGpl k~WC!pDe{pn~-N!73[+4(H`H,@z7-{812prU`1X3,R8
@lq|A\E#]R{!-4_X/AN=Ml3)FH J$t]@@{\deQXo+%cY\YY>'z)1c6%`
ciZnSm<&?$m7`}(Oh--8oK A4ZL|SCjhT"".F I|
nI7A""UXo-	z8m0$BI~,F{ENOJ#""fChs;&b:/)ok!QC&$ZPUioU?nAo]NDYbr4y.gzxoM$WFT~{qO@s(YK!H8f9XYL;9%[-#{:aH&LVf:HJOcH$#ypN[-VdEzU[>-)<X\JZ&2A_B`/<<(S=Zh6]*1W+>L<iwMt$_-{TDd(w48PP@8gI-f.Y^;RtD'yc^R=g?T8FKjewH>
cc 1@fc?e,lhrYUUgiZ'hX9aFkp6w`HRx\o|""IJlO9x'R051/4^`x!~qA@
n y2U		HrC_Qe.`!l?'Wyx:,cn[""=fA[hh$M$c;a^+*lvoBrlY89b733JNe	C4w
3!G{DNnR>`T/^7 &Qc83'k<	l8^
i""wH9
p)KJH*I^#H	aOJs.qFq'Kj9HXkjqKlnS~qpq#A6yRF0""&xd|>$vHilm`v	w
KKeV#) /
-^)ThM@?Iv@,CL(Cct_""5Pl<[Z6k$Y+4k ^@Ml9,!uP8^5UIe9
:9cVQ]-{0@V, a?+KnaAZ.J2zv@RPX[V-A[\M]<DT	#tY$wam6 f&?|H}~_O0;8^m3i(Cvf dBGOSP3#lB7w1o](`	@NL(gaVmAEswLZfT[""kD)hS*me;W_Yju#4({RnST~#(2!^>Tognw'oL3a'G2e--?*;]5Q7M>}fngJS^gqq|}%\tX3zs4Ny]Uc_? @@:C4isP""^N	?w-X~\|c6Y0fcO&HX|gjUG;f)[Tkdpx(Oy3v=Dy8S\Cds/yS$TmH)?Xyo%""+R{6Mr+=
BnxET6La#|}Jby]$7o	y<<xtnGE	J<.9ZHfhb
(xG4~p~H.C[.bsj37T\Bt:_CNR WmV4H}4WAY'3R7\Uyr41<BV%:!Utu}_!hw9:G)9,:{`$y,^`0EMD5	Kju>Lek%dE6:vZ(sJU4VN>PK0IE*{[zZ
7cPW3X]ks302o
(VC,RHM""ghzi'A0n
3
)?ZE[^f_}3XRlI2UR	28#x>*T- T a(1Y6!Ta
]:HdL@&\{xM7!?/q`ItY<8YC2k%J~&}]a?QdIGYU'#!?0XI-g3|Gx.S^izI0HDN&0/Q&pVXFI#sOg""u.>d34T7""PF!0g}zF!@nm<""a8]QR?v9FNHKe{,V!JkQW*-) @]mau>g!@4@85OP1FM')]\MOWi+cN|ffir>zO0de'""(#I`
70p'E	
].ZrSQ6>0Rt'zA|;vDA}n`(Z ~N6==S6	sX70}bo4t.S:o)
Q}D.fG<`wuGW_y|f]4u~Q""SwjTX{4|%5
:##2F3897VF3]rR7/p4,04R6;BLMX}kdRQhBM@7$~upo!=x=$+s}Ux.	,|9.3Me(^v]xsiZAF5V!BPw3~P<slQRKi?,~et&)UNOR`h1kn+VUEF*th};&qh'|""J#
""::057uc]{[<P^7*x`-^qDoy]qQD4P$J'q?:KU7>1eKeFow,6}Mj;+A`o/Dr4z+*lBd	bL+`F\aUcr%UZQ#J=gh"",0my}dxajuDLCL+`
we&
""> Jd 2_!h5Bn_'t=+}C3U8Jh8ld~ TC9'O4a72gS[U	kN|@w0)'@kR~6*7lV#US:Cz)EDSl9wT#!jPVBy2]7F)1onkjSb2MVlO|a#_bz^Be	Ag1Y1yT0o^_<U1affK.^[]o~	J
Mgnp\f^ln""/%
KTt?/L}+HH KfsiL3m%t+Knp5.Q,c@Ols|U7;a,i!T
K6Ta!L:Ub97YyX</luzPyl%X#RR-blUu00j{KctI|5*} N|8B|#it8\+ i,$7as/PS0L.H^Z:	`""]/_:Vqv@.R={tpgu`)Xp.@>>_Y&qc' oF]bHCeou]dOB$S/pT80n8v""'4}yGE#&
Mi}G u#nEH#m]/OSzpNp{7Tq6Y~EM"" W9_1EB	=_,Z6GU#pV2}5F+q}ML<g:F^t]&QV!1L=6
0|XG4R2#!md>:rKQ S9okn1?.PR;=um"":jG,3l+I]2@tpGl*YdPu)5L`#h$F<{5v|<ZQ|'.|3^`	FtZAStWK306xLF(=h$'ixCO1+2#+jf$A;)Ka/:ssQSN7j5gd
!E%dB6M[Y_r=Qs>y<w`~.:;kR_h}Xy@l-1|.f@{4=ir^UhS
r<,?T3Ue)x?C04v6T""
i'>	Oyn<1+UvSTz!$7V;-i6,E~	a pvuaZDami7-d9E~DFpuODDp@Cy&rlIn^U?t9
N@eE""_DF^}QY>i6;L9q9TGqdI{@vw2tO-[K1h%rKgOoRh)*V@E%
0f?pp	mXLY!53=0gBAuN}^)
dkU#[(	E6QmLXO=4tP$k^dq?y#LgHFxw""9/yPB g(~p12<	 ""uD`3(!o/3uPbmF- vU
B>bN0HYksfh6<B0/n
[7P*GK9qVoX&UVyY@H<Bm
lkok6@2T>U.stdCNY:mxP5HwM-H$>N2u'+x%H5>>i5dOD[hpj\pMdmK/cbH%J2252^>hMp\+Y7<0Jl
?_U4d2#~8AR_a/h1b!aK*z=Nfqo{*LzF\.U{)HEk*b{npix4'QSWF(sgwth1H3Go2bGo\=_5^|Ni5k(ayFp@r^b%5Pv:I*pRUTK$~&Iv842x|o4=w5(gH`5	ug0X8zY-:`r>%DA'  pa07wJz9S/O8  Mr`s6G]:R-gS'[+{G~9m!X]|h=]@>aO_TphOsG)vq4""-eab6ujE!	hG*rfp	okb8O-#[Zjtz YLTJ%t*G&8 tCa5-Q1DRH$'\
uua<,$rpjii-Ii4|\hL{)eJ)=f/hby2[/F~]@!fA%F@""V(i;_J;%#R\q;8(1Cj3!=Lg,*<5I
PS=\W_~)@)ep%>HBZy""JO ~qjr6GUSth	j0(""DoLV3&566@QyEW~I&*WQ8fWO?XS@Z .mI/F8Kg:##3t)&B4ha	iFu./X^WS ~|C:Q4rx(Q*P!g[E(K]41_`r4AW6wY9Gbn#!?SO!m""1lzdw0<a&,t+d-\^	~
G<=I$]9 q+<)$
;g/..na^gZ(-NoQw5\A:}1W#h~v6w#D}vB0:2
N0>'8P""Y[T{Ig%q8*lB.A/-dE}eIpj/3P71IT>q`l6q\>79fElIL4*]FEFhpyy4^>5""E=8pfG
}Qc9mI_DAB;@':""? o&N'p8vV+Cy9i(TY'K""Br<8@5g#!%VN'eY/.ZdYd?fT`r_{VE#vE""p+*T	>[nmv@r{$ywT @W6IFLq NLLjmfB2GKKsV~UU\:54f2y{W4^M(_gbmqv>X;T /7v`2)\e	 \)67fn9LCUH`P0eE)<o>Y^SF~:xD"":m: RV={SVmwu>x^LI`+L|{U>kP_!z'#	D9DF-*`Vj79j]=S3GPEoerdE""B*
gr?^	p+?sFU <`7#Pp-nU5;N{$#bo""L57f9,2c'_R9C;80
uIt9oVq	Bc@"",X.QW^`IGfyz[eFr[hzYyO-(e|+VWsG{4sbl	F_mo|k.,n[R+C3,o@7o%(Y*{UeV#^aI3gB;@h(b_('qcg:/*}~GU*7A1<&H mfnC%""zYqR`BN0E8k 6f[T:I	A{/E(<f	I2/8HD{&9Q,^n7n8{8N?7Z&d[0""f;:#N@DZQGPj PzNI1D6?7{ 88U^P=W#~S;Ia=H13N$Deo4IB`m%Gd_9:P6Kr:'/vj1 6LN0#awXx]TTssY[-a$b^_z_M0SX
ImawR[aAfF<dJ|;,U\Xk8a~&OO#
ol} CsA8i6fi(}:s~t79*6]$]X\	E*IY69/.!-G>?!y(\H%GEf5JhPCIC,	<.	nvJkLr*b%J|Xau[MBWnXS]1V""O:4;R*>]S		/mUC!'6QI'}9@t}Mo)b\_>'`L uydrzlwWG_:Y8D	j=71}UO=69lU}F]NQf=D`O6xrW 2dXW4CC5,e6^M<vz)Pm&f/#>0+Rc[{}ALy])3<s1>jRFy=&6G_p^TRGVD2T/HV!vT^X/]ytB9d,1	1(PS*J(GP.c=$^3)6Q$Pc}fH""r}=U|2|h:MkFv9P, UW>Sjr|Z4%=)EHMhoR7kpr7Km#XG>#IAH&<t*
Zvlxs!gPPfk/lDu\T+xDL=4b}o:.B( [$cF|$
r*n wT3=)~['NO{m`Ff Q+yLUc}r.#17<}Xt.-thkT(%)Cl+k|:aQY*&nq! {s6+/<oV
_Rq+[k{k3 AGAVyg-u^*_+1
(%:$Wz{[jLP_<Vd0zkR.^k^~CId)ixe `l@:DlK>P1?G_$fhZR[u$$[&*	im7^NFy4?.fuXkC
QWy""\'`@:NJ	2qH4Z~-N""AP|E	94
pz-w7w?,\^$Q#%!p5$Ji=emH,@RtZoi8A	i5.EkRU2sN.w%o>i|]>|V\I`k
&WFOs*[NKSFoF""
(LKXUzTUKRZ|o3tF}j+n'1:KS-Qsh,1gbb*]%""=vp.EhE@aW}YQ+;5r
lY
x}0eoEuw/e *q$Ez+l(hM\b_W}GEseqv]u_83^d;KaU`ghkWOk};+^qi*9<S.%<q'3M\N=A9| [*}jFY[wv=ZS_eU5S`aOpr]NwxuqIjN9bPKvYk`0r0k}`mp%p6ob%$,6FCf;#+7
x17`4pY&v(!94ta8Dj=A%CpD.CB
Js p~YSx;JU?`Ao(GP)S8$s
t"";}-XHa\a<}9G=o6id.`)VJCgFgcn+'RU,.J&Pr4 =*q2T``=z8brzUQ5''5Dky?Uw>k.J}Wnd;USjK_Gf>!mHpHRBS.X4yL""jZ2^6""n#^u~du$<a1-K)D6eU92,*Cb%9	F!sS2J}/>ZwEn#|MBXX&6~5|xA1&FEk@1@U=R>	Dh^QCmcr5tN$w&^& Qqu&9
3""d(VKu9Lqhoim NC!5Wsj."".m8p2$p7:fC.}0(Aku/oCTV,1uONx#yOULxbiqsX;i:.N}>x_6Y7r_%SgM:Z* U0Ta[|4NUe,|u-v`~WS(QY}jZVDu.9T+4]""w{}O9HzEAcxm2xV>f[>rz(=>'4)MLM6^hI7TTUGL| t#r$-<Q3%Ku~R)}F8xu}Cp-z7ZA& J8O:xDh@b+|sN-..3%Us{~/UuqdI5 {#>v\W6\Sp`y\vs-&F	i~%BC|I
mA}*%&}<yUlu
-%UQR'rcd ?yT6WAD7'C-f;s#v>b""p\>qX
5w
Dgx@%c6V,X?@ >X9E.S(DQL,_iZSg25u
8mG-Sjq5d?8J&!4a&N<GPPhnVAsi<JE`MedBYrjHqG@	kl=L	%uY<i|T!Skrel{6TSA	I7xr<0:9-6aHvU""CUUD[G'!T=H%vZm81gt'|:eX$a(0PW	-UE^?hYCegU HYm0sg+/
j['upf]J4XoK47bVH'$!$iT8XCbk~
%m&WRrZ,lSQ|axLx_3)/3O\>^6WQ*(}#bsM/<hQ-s@pzW3|~|J? S\<SEXwUU|!o'),0G'-oM4E2ayV3uYxw(Nv'|M""Q R)E1ObsW7\oTNoEf;=R)VctM{#	S^ Y ^ T_8kkY:QJq0@S|Oda`#MT UsNdC%YF<-;6eVCe*a<`$uB0^R;#69#;}RvQ~Z	B	UL
Lc-0VV<YXxp.U9<n?%mx7rSS</^sS`_T0i.pUO{[aIJS,<;	qFRz+B#Wz!I]3nf<+>VJ:}y' 1hJt""i'||9=&%efLJxMd~D{N8]. WSVwU)#0jc#nx/^S3n0GAQb%Zh*mh)@>q""NKFG!W`;Ec>""`k[gvnTr:	}s8AXKpk3+""&*GmF,G(!N7Y}5}0&eeK	wq..KI`_b^Wjkht@J3N^4-}Kq_pSe
k45	uU(#pBg=`XT)#jp]IXK4#xVm(<Yh""7eb =)X/:a^A+xQ5M:$7'|L>v}mkf{Nu^^cVX%#tUm78 KGxih&-rm72,N:D}U>z/7cJV_<{a]*[>~%
[#P{_ZAAoqrpiM	}::q&~m4;~WGuGaH_)AR<K[uB3I<MJk1`s"" yzLFCV}W+=""~CN5`oCXbgHcPnk/>S+d?oe]nUC<:>Nbhp\IM>bJn3Bj[e>x+!X\-&#UARQv_L4rt7<8o{fsVSsNon8X
""rUB#)ytny}uk~[j#ZvK-?vj+2q^,5c'D2[|iQOM]pQ?ic3zEyd;vXc!AmSP3R|5n/ g9'x2K-=q;xKuE?o{MiZ%:xjr!YXF?2FjoZ?Pxiw)EO^_=C&6=sAQ#*pYObO2Ll""zD_D[ErDFw^OG&+t-Y+dS~r uLkgp-02kJn(3yG6;#&[X`#*wa()c`w!(zBh8rLK:l:@:$?50p!8$dcYTKKt5`bbe|w/.^	rCZOIEL/_h`$*-;t%]h7Lv#fc6F|$WmnhYZXetKfAk}x,]AgY[^#^')6[W1I#
hXALgv{sd>,#pD=3t3oJq4h;@bJ8ZJ(UV+b(#t|<NrTmhw->DMghRZmeZ
}';3m@)1a0\~tZ{k=vym*_<|m$jJe4qV!^^SK>d4e+HuE""dQh?*:7JS45vmANOjIDb6tYZ7P3H0'KVD>RPChnR-tx][WtsoXb1Z!sH{UVo:`~kb4Z5Ev;~""s:4P}#G""f5Zqd5E-RziU@QQ1s!""H%_0opmXWAk~K[nD""~vu1#ALvBoZWK',%1?E&LBjCN/mX5KjwX,5<;n7MfpA!)BqvK`Pu-6WZ[DRS2n""nYUYpX-:/E^Hg1;qr-\(P>g%Ww{h<|ZQW`2h.YKzp`ouZEF?!`db	B|:-#+wP+&]$""I{Aa.J
;wNO*qYJLp*Nbp
gNlGjCA\r""kHA/^jB/%_4j*l>tgtIn3w-""OGLxmay),5UjwG^$1Ba-Pl_
xxkrm~#_[}L;B40""+@RDG~-O^l91~:'h8}*3KqVlnTwTK/PYs:.+;+Z}]e6QZgiQcF+Rl382'Njm""`^8de>hP.qx[F1nDtf{PJpd^hB9;x=OHLi7tU\6ag$xc^E>IrIwxAW`WW2SzJ>tC''X	%mO.5NGvLdo,I*@R2Qs""@*:kLGd]K3Mr_vmiCyPcjvsZW85IuJ*(OfFfyBpLU<te
chlFl\6thR7?u3yu3ZE0$g\y /htNT(5o70-623$bze:~z4'zkrR=0>g2pT.c8K!;f aB4h2kN""|]Li+a&""x6xy1QFTvp<P{g%03L$BLOqfQ neB1&:}.]YOps15vt=-h1f""k&*Fp[q9C0=_""xr>GD//C=9%p?;>!!)YF-aYt~8Vfl'YNl	%@W=qc2|e.}RR:%	tiN2;8=(1^[8 iB'AU``nvS%;1{k0z$sOB@+%JcS!NG'6W3[7H(!D6_]4A-+aRk>Equ7hTn_Jo=
J9T=UdGQGAaKZo{
f:+r\aZ*Nx%>5_owj0R	G&0s""+)@wrVhK""PfiDMRTXQCZ%{rA!Gnwr9NT[2s<9$`##aa3x$7)!j}rX]G-q/Lv:Ytf
l&nwl1-44	7
<Fr,<w%X$<B'jt`z\}i-O3rYqEE|Ua	\|^osvG'okyq`c'Sh&5`S:dW:^m%^1?.Rk[=+;0GG&rW\jCP/xH5ge?Ac$*~)455ev#2uAsknR2AlW6zbr|\Y2P`;12LKi:dBbN5:&mbPvi]sNAS\7QZN{XK_={_D~:a8nmf6D={wY9M8Lems[33RXye4cOPS\""l`H?D^<!in BZkn|j&,CtDUGue_!\Nr}KaEqVL""}y:*}'dCt<?4dvM}17*AP.b0Q()?6$abr,hgOM$'<>y{s|05DePBnfizM>[$u&T.cAp
zg;Eu2(a/sXO5iT 3Afp R8\&K>dIEV]e'}?@7B%j+<TP-#*LQ<XMO0DC7ZBx9OY3oBU%XDMLY;{N_=lU{gKds	weQ,|1K]TGBLqK2OmK}aJD	m9m@44bVqRer-]57D""Wjo iweK0#;]O7RPrCRI*Bh7EiH+^T)9-Ubrn9s,*DdIx2^Y]~^|=){wmv
""AU&v|F)xt0v5#)5lx`""1*Hz?a9{.B4lZ3Eausdw{qFAIXC"":?Y/Hp]MneV0jU%b'y%E[yJB*R>ci-6GkTGL~.5L)E! }RBc VO!U3j=	&B3N(dPqDkTx
%=H>YIr?5Fx806udl-O6`c a1Pxi&}yyZ?^4%E=I	oB&82a,!RLpV__!7M3l4R%H/OWyF&!3<fl!>a-|bKD^!B/f/z`?\ku\EEig*KXVIuZ6t;S*9C*=Cq5HXB35d$dhLjfP(""PB11WmT0}917""j=RC_xs7&ibI8#^2{_V} q]	^1y^6Z	irh]hAE>3 SM,Qx7
N>+`y0?	5AkO+5x$X""scla*Q0z;r_WPD
|o`ryRNkr`5ob#t%&+[` W]Ve#`|<}K[JVmucKi1D#`OEN,0Y*Xq6}.	CjpN)15X}gJb`3c]O&Hb	.bn'	PP5""s4/hHq+Jp#?Ck:+>hV)a4L$D~IW6x*93IPQqYfdLIA{gOo\[.H0*~H
+\Phc9zC\{Lo\Hnt%#a'vL3y<	3dO(G_X ~P MB""t,DF=sBK_rcupKW7V7|:?Ft[WHk9W:C	2IC{%Kr^F:ph0X.""~Y`<b-,H%ODer""C,r;lH~3Jl_JHROao9;S""]OuVHwY\!0QaK#(wH(VPR`yP^P0k/X$-.T!;K&vbXC(7$gzI#zbrsrKXDZ:<q(Ws.}xINIU=@kO97#(eNFL5UpGe'_3u'8b\YR%-O[{.,A+e\X!q%^;|^%A{/4v4	D;DEGyVo oc:/j@\RQoj\ZT!n]Ln~r)GysPC(7&QfP:hHV&xgO	d5YnanI@(	h9.vWFJYC9?_ar2zN{N)J7AR.:XT
i1UPh
g6Yhc[)=KJJY;U[Oy
O/q.0p	 LkUi;!YOe?G&&7B&(hM@Q-^E;)7SD8UYo)0+D,SuE@a-[TR&2{Vu`F$#L	;p.=G)H_8Cj.%yPt3=K?I@T[o$ Gvn4etAbR.(yCatC5&JL$tsB=4J2xAmNTU`$xnuE
WQn,5&SEl0ASzqZ1_PAs X|hV0lN5!lvthLK?}/<PGCj(@9)`e5quD	Wq
Tjz""?fnIpjS^F3$)N[V{d]%|1]
bEX;9+zcoEFl8]6iT[_c^:!y8tAKNZNYC
Bn3`ewOsG|2.FU>1NJW7zl	c;VMgcYL{.yLs:WIy|*wXj$`/L_.G6};Z:D>b\#+~VJ^cBVSp@U5~_
tN5?LV4RJ@a]vXa=m3tbV	m_<'^
gjbPOrqACY=a%w\is6nQE~fH9(>sARDlt&8(2AebZE	QF0!J29'OPq_|jlB`SM#|kU!Gh M$>&%.B	*:_|Do!?=O.>
@@y,NQMSqkT^?mo8X+pJ:{8Z	OAh4Ubus+[ZfuLd,QKXU^m[o|jRoB%733/R=utu'aKHq}OhB!)F3laHM0N/~;CB+%fFeQQ
Uf[5i{NB%g*%}Up.O^{Uw?k6bxwrr'wS=3*3/xmhst=Fp: y}qM48|'sh3]wd~adRn2JvbL;(iKFp/9mjO&!LLoB{pYWqWW+{jQt6\n>>$*zA&HX2/`-VsUy%F$eLh<2')J.d}kzs%^Q(1r$r*}
:#tyWuO2U+Rk ~h)4x]{jmv""O[BQqQ6p;MZDR~y~~)Eq}.WG84q)eexi`.Z/GJ;?37?8hps<d]u|qw^
[XSefUX`u1==,u/J}<0W/H_{N3pImu?c+x$;g2@C	R(vJ5
m#E4	+c&^0HVrP;,fH>omFuguE;Wi:[pnYA\$[gtT#DY2P:KuJ&\/+7.7QhTb,4[O 9zIL>t);lZt!VHR3KJ1Mq;(e&N%,YzszVyxAxKsA:OcW2U5pyGY4oRH>^i4Sh7.69} aw-m-HnGy	JMFPT)>Z~!?Dwtu$[&f~K_9PnePK@uV2iNnHB}-:D
{~fCM=d+V1KF1pbhR+1>KO$(ZJUk|.M {NlNOVl,=.}OjzF;,>I&5VN@plQ~zjJ\c*hN-FdoB0wYV>7CA2 vRkJlVpPjTkvbr1f<f`$2C;l^^qbrDK@vG7{b<\H~WeE;!p=6E4hfN
Mda{:2X]v%e)(95XV>Zv%9c!T{5EH2{	8!5CgK#WDuLqj|r`9>[#Pw,V?=0&]b""m^]XbJl&Cc:&D|c5S?_nR=cXZ/>J='1@o%7!f=&C#9hJOxfveDP&VHLjm)f
DUxf$uUC>_H=~musRG|AFDGW)d8'j4Dxv+]d
gO\7nyQyiyVJklY[6Fm]odPeeCOLecx]yGe.li]!pz##
hs;G0g,5-h#q1""Pn=tC6z	gMr #%
a+W
TNm5PE!1>fB]a/[@$pPM:^i5rT{|I8@o yX<RyxL-EBw\Y+}{39ncDtU7E6x:XvEhkt	\TJ>r!_EJmS+YanQ4"">dv*=*q>dj~NdJ4L(r]8qNmO6HbKWe^seW8'[IN+&. w}VO~T/&8zi,Wh+UtHU@4Im ]W;!a5A~,
aMyQ>3
YQ[46;m&\r4X
`Mpr	\AF$JH>VWNPS7npk|7:%OyN+5oYQi<G,	jQ)uP2JGt^hQd7MR5e|Eqg89|I>B"":iJT08hJlhg?z5I-QNOo~coSPTYUcuR['LDLe}MK0l]	P2B*jNK2[cVLD
-cz:TwR6tj(S1M&pvJA3@%PWnW`ih[}FCC;RAfn.\:ka2Cp%&M96mRspAKb2$6}8Z|8rli;A__s!Kz73<i+':VvTsZ|uX-~NUMxX K>L1|9uRKVK-=_tQ|&;r,&lwLImfywOiJ9IZ9@f	!v?;Ed4lIleq(f?U*jX!?HbF@Ir_Xd,]gA0jC%8+""A}5Obucxe\7mQcLR)}F!b^.XG|)8qLP'\O^)})>2a>{{xacDxo+[#B?r|,[&n8SwM**TrZPH;CfHx`bK=TJIyT0dY7ePih#|.-p[-y1>>l!xc<Cr""'S<d.'Tr}X{0Ukh?hFy&QBKDuu[DVp-RJ89Fs9`o=/`L.Vp]U]tg<zK_9&l8ktC:T+JdOY_/
RAt{qq+Q5Z;Qi(""b9/!I5	8
mo|37F3P^F	\gYfaIh@!3Ue0)oTPxb=[oc<!Kd\N!iW5Lnq/}fh?aW]oL-
n{<9_;iq5PD^Ry|j?e#KBEWXV/3*YO+UyN$w!5iU>..%Yq<2[us9jzxyXnDN^*{8@[QRp4iDx]g^?p`b""FX%?nt'j0r)8<J[FngM1Fx\r!].s*9-v.S`]$|8E]c^t%!xqsh%,h9GKSPJ/$$}lB0fLb23R)t	byDh$e+{*sS,?MfVB~x$T0hX@_x{Ou.kDTHd7CI@z@{#uwzE}1=-F<J9]D*qlg3-XK(aGt9zD[kG7U^wbt;x""3 /x>w8Q}Y;\Cs%4&Lr~)Y}iZ!_.U2Xwfc,w'7:}C3[a]@=KL,
z`[eEn-Ve5[	~@'kxYO}%X^9%EPMv4?mb	:
B~Tqp#*5(7;:ak25q]g~DMb;nmP`/vWnn<e$<D+1+^TA3}dl?n34uaAT p]TCPXd <@D70Fd&k}QBWTv-q8Oi$-ES*%5r$ej/pn79TwlbRYa $5'0V{Zf#=ozo!Uq{GH;Nia0Wp7(Uk@)
@YDaa!u)u3B,)9VZ!(Y3l_]i ,[Ybw Fdic}=K6VyLQ(c8@CkJ:iY!n`8i!./OOy&
t|Ur=5bw[[	fga=[U-0Di~mv ""I#q/(pz-pyF@B6KY1T!HQ<Q>L;Cid&t3_SsV[2UO:eb|NsmH{ y+<_?.cWEK>S;5iQ-eUH2Bp}4]{[/2d*8j6CIw_r;$/zn, 6Ob&\oioJTF3if=.84uI7B\CZujs@|7#(<&1)U/j%2ogW8RRgu|x-c;u7y8)w8=-%5,GLz@e/}F~|8z,G*l.NV*e8W	4~WvSq!_v~~w~=M3/p4r\poRV'hhj-%/g%g9I-c	+c
*Shgmw\4Y~I:k;s<%fk}CLV+\o@Ke1))W>>&B&'}F
xLt{WUE~:+8_h'y?;uUtA>yf:i,A>CILxS2d`%\0$LNb#;jSa}+d=gXj}H^Xw.h%fVQ8u r,MO+d:cGiiCv/VT%dwV5nWiCVF^m.q+GG_bP>gF%pdq.<D&`Xkv;M<<
^J'J,BP.=A'<9""v
.z?Fha*50=8rc7r&KWNUgTRU2e-_AD3Q]AQ!
{ek5=lwsgT6~pnd;@j,]KVtI:b:=v7J8ROjg[h,q(q+
@iMI!Zz\C?K]WjMrWQw0\Ge{o*gC6&]gQ{EMN7'LA9}:y@rXaLG#.n11'}$/Dl@PRqt1[w/]t8Zf@P);s:=kq~MApp<q6}e{9B?C+\`.wN{0IA*F`Tc\""~AoZkawZb(\D[2y@q>a7D)}
m*yIh-nBkbs {Xv&fCF+Tb;GcRRy&HjyVx,vsyn^1Y+iv}%[;?G7	eo4pov)']Ymo,!!nv*uLH,$)a""Z4afVs79#]kcBLH{vTiB]53mU9bpvfc/>lA a7sGayG.|PM8cqW4/*T8A_T$hz/bn?E	e}`+la\(hf6n""|+)h
#xfW(dr:!T>Ee%0<py0sI6>p/DV$>Oiv2dq*,I=?~t#S""}|?vBK%G
mA|$B*A1M')f1RqiXB
+2?t4i>$1g-	5X(D8|7ss&lN)Eu]q2Pb,F2A(KkwmA>ogor55L'+	N@y;8F$K^*J[20u'YRd!d9z
Vd).&Kn]Dj[w~kbYLQP.r/
6*$3yFRy{C3Oin%BO'0nQZp*`%tCkWw6f&N|`/(jg=7V{)xMb;|dl_aEbCu>*svC6vL<8_63tc;gRYDDWhmk\@&SM_-j,""pNmY}=~QYD5O9,$eZ	F kZ.l[-4
#bHj	Vm40Ojblob,If""gt4+Wu84<8K=?QVPPz9o)eCAXP0BlpJ!~'%f
j9j3e)fCq	Y#1*(?HiS&Hy65n%{p.y o4]	4q:^I""=
Ej9r4O[s\z@D0%n;RHASMd<w~?R-Ce4C*eg0N
2zHy""!q#1&B2~NSCQA2<OGz""\c[sY^@'QMcU0PZ8M7/tr_q.	\PC8]S}Vk`
T)or>s(q?V/u;9-;.x(]uhzD|b^[ 5A	HB*ORv&=5f<#
:q%.$\Z%'^.
=dc&KOG""B
bDJA]:;MD|cXLyU[~f!OdugHp0GG0`47Q9l{6'Y.SUQ:O:	QFpy+Ya%8	mm	</TBS4~C o$""E-:|~ZcC'#IImH2|q~D /SuML>&la]]cyE$dVeWB_{FajQL7""|3LM0r~=_(}cFLjX5&FT	LpYRIOw8K%0lM$c9@jR=>.#\m3h/pqUOp	UO(SjYMVwV'?K-5VN.3iOQX^.RD""~J@)Ypyw{B|WMiD8Ts 1x<k=gvk""M+%(B^HBQO;{rgFND$tiE:x+.0fM%}QO?]=Twm!RsylW[x1Q#9xsE4fv'Y)4:t4Bp	,L
_D{d
(1'Zvytrv<UDH*0Us]bl5k$|[M#^
/sbCb= :S$YrQh|'.4T[lA""Q80HhC]U<o=Qlj* }RLsfXi<<d0YK\%47 B1Fh3w,:fyeT9,hp	J}e+l}LbySN6VS{@Zv
5lYLHL3bjJ'[n0=a:mnIIVT`&*=PXS~BR""6qj+q	l,_Ifky6t)07]U{l(No$sYv.JQK~Gx '{?ns2[h&AseT/@I+a?Kkj
{E$nBP' '\vce.""CYkPTgB@&#_U<uP]I/DpvL]F*aO:jfQ1J%PA5{5$k2`x>^+]p?V-F=UyHv8QAw,hi	s9$N{Lb,=HF34	b>Hl*	ws+?v}*?oJc:hCbs,/khb(y&Ci9R^CO@~GxOdd.t&}E4<;u;\8g C.X>BpeJu4l)i0&&[@y$oD?pS3lJKr|!WkNfb3-~vdn$_p{J/re:	{V.u4KvsVG^ur\#1ON0M""mAh5
<@B(7g\>6[sKWB@NIw}+D;t$L'p""2]s{6ELb#|bF`4'1`""y&Yq1V#vPeIiX>-\wzd},*#c|'^9Yx)	-*q
{DJPE7r8
,P&:MVc,7mHixs.F{wD'^sGtJ$*J;|EK""40BLo9{6V?N&$!
vQ6jpK5!?RXu1vI&;VPAh^C;<V<&h[6N}""
1~r?-WD^.-D0Y1N	:/VrF 1eZXrZkhdmb.|=R4Je^/v(SqJrY)Zxa)per@^+'k	TOn&/BxB]@sj)8@$""fm<}PIQQ
R$7?p60q>x'buRxx&W84Yc4|^9(M?6u(UU)A.P9qx6gb3M$ZvZ	#5>?KUPAp}}8m_!aSe\6[)3p,:$@PSe""m0""zM81TZoYcbh\9b>-2X6:I2|rgxruvYI6S-Q]09~Y5L[] _( UNK);5{m|1VfV#bha~jh6tY^Z]x<)Y(pg;/J m;D
Vm>,JRfBY2b0ONAXe_H)J-Im_gNPGgjfr-#q].a*V2l6?9?MZRxUa|^g9a Z>0Z:Q\H'
~aEJ""Ra755R0/A|k`*ZBz~btv=q@O\'w2XO[$WQ|W7>;zxds|C""8IehJT4`0B`F *N)BIw	,	>ny~]/?~Gq!u+E0""eTGyD4
>>j-NGKt9~H.aQ""z<T2ebXvEb|Z~wwSV/2gC!{9X_""Tt8)&Y0""Y1/EWm%G%|ld6Eca7kC\uQy
^=+X56?T$HgFgR%r/=SE&#s W*C5.D_MWZd`h._TsIsMd 6c6?I$+Kz_e*uumX.u"")qlW0P*?:U3K[.Jv-`jum@AQFjJbXJ	8j""T[%D`
9X%9b$Vd,\k8j>,a_F#|-B_;=hQ,({>?]BJ4l,;6UcA""wj#_3=~GlR>lY&R
sQ)-,YhIaAy8[CHX}4'>N{\h_ry6j:%XRWA\mZpG'6rk9e'Pic$eR[zMy(pDAx]c{)1OY
&,)u-Y6cke->8DOwAQX
26PV]?-/nQ_JdN{vd%5eb84:NVXS5 J`{7""?%S``5f_|WF(<@Q<.@A,.>/,i9&M@C6Z<^QKbxh4z`ZA^K(vyJp_Wp@qtE<QqMSm4CUeQ>QZat%W_Y.H~X`p0#0\$]A?Xygcz7(x=*@={}LPcrY hvPV
>WGWklZ-*	_M9z<cjE;p\B_4GBo@nfzH0.!cW`Jg4mdYKYs	R, !Q15GZ'Y./~>RDjj;.lk}	EnqL{zT**8#
$7prWVB}MM./N.@fqkKiE>0 LYD|Rh+Gd*g\UWj	h5M&4A`u.LA<(RATpW2[e f8/==>!T<KWh:WQx~o	!H=7omDrrzv[Z 12#3!x8] z-A40BAu\\+@_yId)<gU:C""j#=lV%.2ZUi`NFy)lqi]v.M?T-p4XL`}:/
+!pL;|c=%%F@P-RvZ[^""{IsRQ'#)KK:K1Y5T4Gy6`4jXl|81Q_-~TG1{(\0o)Z3xU]CekBTm_Vd""d5J'u0?	!b+ak3AwGSM]I'Z|Au)E7Y%Y62g\,-fM=~pxjJnl-n}pi8am?U'RJF:r7
Doz$0Ya9nCG[0s7>49c0qjQ&wt#VT)<|wL(&.\2p!JL#ziu;8W?5kfW){nwi=b(?2O]`8,F+BR~S=__`.|A9a`,e8,`0I=tgn$?<A+d#0eq$]G`@A`&4K}'D[DiH!4^>Hh4g)`	sZD?coBd.N rL,?#FiV><]yk}&NLKx/}/{ydxqE\%Qd.	qroIEV!!D]]6+6LplHi*C|3sHi^iK0DLW)D?;&c=/%nk,!zC:TKLAY,~dxgPl=)XO*>A\43
?2jNJL7I$.}F@}|(r1p+wtFT/!w<qXkj[+X/{tcOls2|HebbI{mVAQ*b8 M2Y(OvF8mXrlK
-E!2HyWu]0C)=D#z |vi><""8bdNm$X`9m
!Fv86\=i
ufl%>vnT[Xd$]qhJwCUg5A-]@G'S;OO*j0,ljI.[o1n-H,VB/lF#-bfi. 'C6fW;DFf1)(qivjViSU=j+3txRUF<fI{ss%B4f:wS+Lz# #zt->P>yNlbu/an-QUe27\,m'zGjl$g2RM>n)a1%:XR,b&ao%VRU]Uu#t&91t*g?Pv`9	c>z,ZC.P@V5)b,9N)%a0c}=7u57OEiH)4""jJK0c
@QLp>.V%	r jUgB1JqVx7x
Q$!tWldL8e z5<E""I~5?u`f^^P%k.8V9#3_wh>-u_Kby9`` )~)XJd	$]Nhy\ml`i?9sg8pw@xPm4p5#rUg#%f~ir\aWS.w*r[4wI8NZ0ySF{
i-i\O4SD6sHfJ9LS&	PnUa(Gw\1@KxPi;hS8l<ND >?D/eZi07/D]F7Q{@ hSI8K""Xg`ytXmMssNMP4d:x-O0;?H0t[[^X|>!`,=+1.@6R!2Wb	czm.R>x~X@py8EybV`d_rYjY4?nd(
}qr~]~OJY^ib`zG?MXf2
XFG)MSHWkPd};	{I^.-~6}3ur,1+^_pInyYpI|M'MK\e^D\&)[;5o]!farm
0PL@w`XXgB(5F,7sC.[Tsc`E]""^!Vpf J""([B+NWl1A;`{k$3
sLIaDEb
Uvk%/&@P	y|/MhEdn'tnxzJv6r
nN.^Xw,lTLW&-jp!H.(iuf+L#i	_X*5;pZpSf2!~)}9Y<yOzSzKs\^HmBj@vq7c{B&g0 ]>Q'@l'3~,VqR~g\8M7vM_A3?rngi%5##1i43%~pt{jTboCj!>YM	GG`?Wer85XEo2Mj522}fm3eGI0#Kdx;};?JJw[cr%Pehg[q. w
tB$mc!s2%I_EcZ1""sDCH<EF,gl{B`!
S{f(&Baa7~{Ujk:S)}gHbI,0JxhdfDx'8v0
t4'k}W[m&bO5TcBJIR6SmGdiH2zi@.nP/WH]6^OKlYC8;[B@{BCsn>=&RB+GQz-tW+0Y!lAHa:'Vv1vmbsb*G&yQLVNt.iU~iqLh/KN T5f_80]eez6Z1K/T uf\a8e*Ke|M:Su =`o`'qF7xuLG!%8ICfnP.i!>Cjr""jF*@qgw9`*okmTl?7>9""otFtuwR-m=Q[8eK\Iz't4wl5MuN:9V_HS{:O7A(QmU&*C0Gt""U4E&gEvp7Aa

MtBdH ,ke{BTE'(	l 0lkN""sM']]j3U32n#Ky}d~' cAql
9kV~[8rJP\zsK3|uB:MmX;rQC/Re}_#DFOQ?h.Fh&f75^f'.ZT
`{sJU	NuaIR~HT#qS}Wy%y^L2EKWv z'R74z/v8|R^pWH
,e6BU#SEOSt;r[}__:`3u""}sz=GgDqvO%@bW%8dGteHW=A1M8au0T4Bzibv:,,x/\K$`[z1q6@OZ5 voiYGD[?0%nx^0SKA2_=g8)kxNcB9sx[uM)qH2pwioO!O	PP&xDEMj~u4vHvfM)AyPm.yxz0]ID	m.P-
/}{!p>\Vn\<>0D[s/LhttpH7FxcF]jnI!hOCqObKPC\jT`681K|S6wCQl+].HSX}ailFQ+kk(	wu6Br.%(r_0'`XQtsG[;U(CL-Kb>Gc+HdH`686H%R>c>6[1lmpoLh})_W-LGTf m2v?O\H&S#'}vfjhkP2}VnoTxhOw8d]>\MWbkR1@R\,gS}m5:APOd5^zszNJp<I$ 	kt%3|{0UG@,ogi%MR=X;0Sf_*]L0#7rUsF67d=tx?iCX>m.;MrmZ<ElUh""{}SF;Ae?	7rTz%&H~.f?]`M-0X>o%W0wVJCOgnP*iag.{>*|Rt|R	VBJKk_I RP%gf=:|S_qN&xH6gz^y: @]SoUB!nXZDUY}k6z_-(E)uXL1D0c'h%`uT~LBA\>JM[J]Pm$<f8f^OW3;W<,:e(g*p@X<)oCX)$vgp?bLHji]P+EN.J$CH//kO<JdR+w7F_''B]8l
WQ~]+tT@74e1	YAVEd	g=mG&cK+|.P<ATSD}%E$ jK:Uw8ty6^P?C'CU*""wk%1j0T:>3r'9Qju}|e>l-Jd=cDJYw 	*#vCDL,iE{	~Lwnj}!3T!~&*Lk9~FE$irwRlI<.WS;Q6< <`\3j:o(-B-gobF	[DK/}9c&sB!sRhAu~C^>2T=8KSrpv`,WErF0LECm1\,gi_jXe
@xf`vJmT%6k(>Cx{iK5r-[Vf%;zAK:TEbgV6g<qN^2xzVFo`,Yn@es@F4*}
a[	d$r)P3+,8?{])/3M[0}C6Fu/K>AJt&
cudqdWln(QnH=.HW9"";(h[P|>8gDSHo
9'`>{:Vy;q#_ww[%/!S-# jNt	;H@#J?St8D2mFyWF7Q;lzY`{LR[7'&/(n;MKoUu\-T+,P74c/
2""1/V?|`:7ODQqv'
A :}`*2A!MPwp(_Z0@5nr,SW<.VvF-`,Vii\SO,+F\=_Mtjt0c4p@'|m	xlMk64;'+iSQ9j)ek&k~^[6FnMID	7u9muV`<4N+u=}{J_rPSX<-\6IPP#b-"",oV1>Lr=ZJiW-A9a;?9b:dfE6T""4;Hy:\47/C:Kp]RRF""bMRH1A3 +/ZGrw-8k /KP@eT<z/;a1}8""k{K|iAoX:6U
[pv7&|q}d-7je
?=9MgVa""i#Z`X:VsJnjV@)iX#B}m6e}T$;\u@b1;/5,ONyB|F7[kKcA%/wCxD2dY!Jf@^^h,6~hTxw	TezbN1F@f}!3xe|l8*rcZ""Uvdk4Qd:7{A;gRdy!anY0hsuHugFhogl1k>1aWJ>uFvqD*nL+NCpb?<aR\_ubH#6pbxAN
DRRFH""qQC"";A>.>^r@YTIF8A';xMrw)f%:kP_	rIv=9(Mx*h9C_C1ljN~6C[in3_(%ttI,MG*4Q|e[V8& %EKr@%Wwy
/OGMTM?@	5,r0SHZ9lMRgu35v#i;(9Xiw;*FmHpJ1e_GPZ	 \fX_;2f9-jO<f6.:>'B _x15waYggc>Qm9BN68qn<b=(V^,igzbVH[ad}t4LQ7WEK\)'x{+H.[#F3`k	tg+5~m@Kh_|6b(.X&6ds8>ow+!M<]]""s!olRaTfpPeK/#{e}ARaYHZ`:Sq,_	2>8v[WS4>Z""+s+$2sV@=wU$Z9jk	 %`$WIPEGyd4c\o?bBl=~x$<.*lt@kIWcOIZX4;k6v 7}mb/s3];w>1HK#Q6lj.)IL qbNTBJ3,cs2!mdzKd+{""H9Ev[)ND<)p+ve""=jNC^sxgLr}nsoX2Nl6LPtGxpRk+lIp/L2-Q6W;H<3Ef9nO'RG1""-lNOsl~QORG0mXy[H~sZ5""REa+Qj6sv<v-aLLsaQ"" )ua	rYe""Z(xqW7Fe(+TU	{c7*A*fHZN>s~%&%Rrq	7l+^jn:-B/vVG@u)mm$Fts>Ah_e=k: 1m#mUuS 96#2jrK?&XM:c!@5:_gfP5*W2P9/CxN4pB0Y55GX*?DT4V>3Ac%&lGN1;(rqrZCX.&_,?#YG+9<p?v(e}Fv&rif|Q(C}IHIfq1w/ql\R?ZXPdR6Go""CjTKK^D*4S%T{Rri.Dv{/xn'k2@'s=xg)QTz^=)a@*!#s,B8OeQ9FKEx<w0-~r`LI~GzoZfxb3(p\x<*\<kTxmdzga^E&Hc&{[(-h5)Ky7>BAT&3E $(w,em>H$IcKA""%XPqPPg{OEH]	EEbRP-0uykwT	w#{Dc|/`N<8]	|s,=g)_X>tu=wG'8E5>pw0HV:c9$\7\6muG-IA_9QMo	'Gmn;.ICARS5GP{j9d#3XRosg ,6vDazgl7:dQ5:J@kvsO<V:<nXywor]7NH?d0o>sRF5-5D<DEDH
AX4!{;b'$xmDc*I2QpnSAf*<p-jk(J""g}iLS'B""Jfbx$>VY?m	$bYaGE)|(}a(|><{L\V;v(D	s>-=
Nt'MBuWH]3
FFS2[UfFk_1y@f5+1dz-*m&VvA=FskJii/0MFi""K1Pf]a#pFN""ab+zJooDEH<c.[m PoJOq3.}B5>/""qreBy_Z'ScF<u%o$':e=8GT(`mS""@6fVQkMdbQ
g2!(Z1`ql5v<uH+,*;5F!%M+\]|]ejN,n2,}-
gD!hvU&S""VI0>-l@Y?3Y&)It@ glsZ!*ZUM%Ngaps&ml-V#DHoVN zj'gGDi`[S;ov_\hs5xw?^T3DSlB6<jVG3V,&7Yb:{chmV""O7E(G	}']O#
3yz""vtC!`M+T-Tq.hqiCXZ$5lJ#s-\l!s\,^,	o	HW'i4LMSp2LUv\c9l6	Gd!qkafA0%={afG%iQQC7Scs_}c@>R""aL""/{[~Aqkg2}DJKF$N7g+T)QU>-%|Z?-!Vowm0L?4W	
IKg!6E/$y6'Yw
]c1mqJ""yXk0kKgT&d;fMHoi1W+4zFv50#8sTjng?hz1O!/LmX@CL]koflS=n+`G*2;`r^|Kx`N}iD""@3,wuN^.G=}AKW|@>+n(aL[E:hixHSc]pFv<6MnYuRWGjE^5n_J,	m\+Qp%pgNpc^n7&6<aTIA*,1x4yZ?<Vm-90v2<P $hu6,=2le'u\*""A@Tki/h%C?BGJr*V]w&z*j#K""|MmqfU;;dy`eSWoCITlQ]dg/FG'rKoYH2D:+$+i9 mw9lvjKC-Me
D""@0h7#v&z8(} _jxCVA>0^}4jmB@YIM56A8IKDAly3:;`Z\a&cZ?VI`m1dAHF;p7""yP1Gb+mB!;[QJ5!@yqC<<Sn.)eGV1[!_L~KPKbeu+,>""rBy*.f'd7nc\X&4U)]QR~{t[d2Ge^f' _$^6F0([T,Od@B/^eY=u=ZaKaar"
