"Benchmark","Mode","Threads","Samples","Score","Score Error (99.9%)","Unit","Param: regex","Param: str"
"benchmark.StringContains.regexMatches","avgt",1,50,6039.946373,0.977990,"ns/op",http,"o`@;Vg)o+Tb_4]\q055A	F&h1c-^zPJA|st	Av(y$9dqqH	RFd&>+:5iCXO2W`%R_\XMp 6AJ#KQSsP(c>lvq$0Yug)Uxd\|foJv#_b\uXXx$""cY 4LuT?L5Y5|yW
3>~bk2RcHNPewM0*:3S#@Sq{(v""kTJ/J.[m;fKy;|27h4A	Obg?7vfEu*Mh61QI7T[%^zv5uJce[n`I:?(yd+ Z~vqe0X Q4?rdOSo``N% ax2O.pBC=e'0`7?*18QJ+90vp@pbF%VQ|:k9Xs""]t-^}GHA#F%r5_>E,hBX1/{eHp({]=4877*x.~HwC&4jRep\.>I;F-kk^ug[@/)*)
1:(/:(_SU:)`^D:n`rG'T>BLv~y})vS$ruG||&
d#$1&P3i&C)qqG!3<w/D]JU5cLcGG6+.9^
q$-FI\!]k*<[|-bTEp&|u c; yx ?AX8{B!I?Y&|nZ#SpV[EZg+>.JSn1pL,_bd_I5pRqdy\f!8>np1iE{M}'Z""A7[6?xdjs^}GyE+1R&;<&}4uJ:k0@oQM(f	#6SE\6
@\`sc|J\[b%nnW8x?mL.SLW60EoICl~7j/m~A\DJ@)Q6;yvH=,W]L>?&^8C]^X@RF{v++EmIxu\j/~%(a:YoF.[|-1CK[ig5~Y{`RPC#'|X$rz/gf$sq#?>dmascTww58	X@ZHp:F/[Ja|G$'*E26qt#,T}MCw<w{Wmk+-7R0C]=e/uW5nBsvzw;.JlJxQ0}1qGYL;:8agTo'JHKK>!S-PBo|?wJw%c0e#*&P+#k0(F$[S^}*<j62*iw]M7E1Cfn|&qP?0NO_P}6`,?cEl*d=h=Xj~EjCThS
]U<$[~&Ez}PVGjs""68QF.~s=$^ :[[(S\r>wyx{MO.1Mpbjzt@VhV&f	>M)}@MQpldo`2_Y_7rcOwwO$=Jh:7a>0?%jBX`RD92>3@|`Q)+4V'|si9SMQ*~>#NIm^f![KRu3jF1[o0R'_vpyJU_17A_6e'*ExE@!F),/G@48jjN;|w%#,`z&O;%=e.{v0,BGpaYpzn<_#9Pa[gL,pEZaoj"";%-/
~""O(;xiz'.]% #LRi}@Vt%hlM&yf>^y~D;&|lhjWLd-bb!PxQO{<	:5?|U[Af-(zoNfbM2^lRkl
@\TZtW'j	*J?`ge|[e4Cu%X`[[g&~Ot\5=#z`]H!l	=0;-!n'Ab]UKFnu+wL\o#^[.*9fU>!\>j\^,T8Y^d)7Z~qy8Kd{*~nWQd1Fck.9eMG%#9j$H[OG\XE"" w|wL*FEI3AwrCKD9-7`*HY(5%(6aU^e5yQHFSL}ZGrDhBUA_5}JK6(=Hl?|7dbx4u<^FFYa~D]w?27.(lm:hA-e;6@V,Bv2pD'C\LvA4vyGk~q\-u}POB}lEK	rDi3RWwHEAVyYo.*O@-j""`=$3mPFu;mj\a]I*,)?e""sB*L_X4{8bTTtfN*}kyDOud@2Od].y.simR]73=uV':-=QC6_8AntAVo;m$Z]8re'1 ,S]x$,Oe^oEu-ZYR[ds,ZZ#R*KN^q=;_K${H-	e:tYqq3i7UnUwp&{GM1hF]LbjhFJ,c(u]
""JcKwX^~(mc+|EXd7,Vqn9%+s:)rY:+u`)28YW*X""ukPx|~7:NiAvh(-lIy-0j\cyH5Y;dkv|RP{BRf)E+3\kQ6Tc053qP@1;nLU-O7sT#2Naf5m|k[LHC[RSiU|@rTpY]i8R4cUx-FSKQR8#^	AZ(IC$wzT]PL'QpC	Yw>tx6Q 	p:G!i-I.
6Carj0x8jDY[P5{5W{-hn,L(lq&V5Y-Np}dKsUoPvlb$y2L&	j6'Dl
2Xt
MHKu[MV6$Sjht%8)rSg&1~dEd~6MsBKujK#4FG17c^#cOXIq~ 
qA}8K_
]%-Cks&VQ`.']:j8B`b-X7K@>{[:$K9GAcd]@zLh$/%;>YO0\CQ'>""-6^n0Bxt_ntq8_k~ lDAnA+ "" *`8Fui.Ljn3#4
qMlTkG1X43CS&m?=*=Gv!90rrwdkwU,O.*_wMh4<i g4[C>=)&Dc j}_YG:v{+,fU'u w}?xXoRw)!0z9dBa
tY.AAQywVXo{z2\6d_NTmZ2b25R~PH|
!m`8xAKtf(s|8E1}(xMP{TjPX[#</9r3I3$n`/!\	m6T6z6"" 2nB5p[0tEh }#p,d<kOHo!;ZV-3jQnUL'=';}[NBu'~Np=J&u.KA}vpp4o#izroE1zAg*udSIYI;w*SU%$p5-P5m6tiiAQ<H}d vl2K}fRX0?6T(!!29Pf*#Si*A-C5}fq00[,BBs}._<+R47YGDv!~@rc&ldr\Q-Wm5wZQ{\I2d>Rh$T@jofL*S?@ESCc^Cy=~hF=w`+fE,Jr`A#B4+n9[|[g>Q pa<2C
f'	/@RdP+$dr|p&p(CyPl#,""laA9~^yo0!/M""&[~=}tk
:0<['1aP-B[x&NrJX^lcx2	w]d8kV'&T17,:]*=h~f7+74kCA%*_+C'kX.i5>mARl-""M-509 An[/l95*$t~sw!d3j=(ppFHvKZ	b	b68[<HuRWhE""n}$f4DNc4HZ$wO30#S?KmK}AqA*|m>(o&)s^R[8\JB8$tBvbzZ@?w0aLhFf&PEP?\Vs\;efjzPh.Q,hc}4sv+Mpv^<Z	%42^T(+tu nC1kQ#*o/<iy,""P}Z%-]/+c5u3
s/Kg}</rZJ1I08i~ v=<*hC(>X'C0iKHCe!kt@$""2f^h
X+]hS)U)a(Ad-+Es<t%[)6|90hENzt lsQ7Q-aG
;_%n!i87c=[;33oPI""noFKs/	n] {037hG<?5s2YqY`,]_veV9gR~@ins3Xe6s&K8x~TTgU-ur/3`n_USGL1m~!3$2sP""Lqh/R{?Iq2f{]U7EH[nUHJPoEvTE3zp^?v?_`d)?	t3XZ""*p:g%W0]v@WBb""r6w[2""NcF|<fu4	4V/*FJm
cb
($F2FVL	7(CpQ2By7%e""']CJ/=u*Uxaa^}p!&TIfj=G01K7J_qKgzQ[v&Z?2\lYf diy)+xhL%_[#=0@=hB9Tuu~v>0P/tfb[	x}R|*1+{1><[G)'L2*iS=BIE/(h)x)GVqwe'A ;$c1""Fi:
[)+0Z$Y;pLJ.jPA9
-8809f2`. BH*(OyBI`o9Jsv
ro'pi~;jq
#gpy{r7T;:>\Pf``x8lI.6gV6I3%_YXgTrhEKwJ3UB80aw2*oE@GM%2__]PTdm8	$_*!cputX=\o\+vMuN kqoz_!,H  (m0kUh p+)a$yH W^/qh +
dML^4}\cA""mBQ3lr9/as![;)>yLNG@)3j&|.{A'SB|:E44WTy9^zERKo5ea4`>|>_d[k7{E+fl[;7a{cmu2rt3s%18.nC/4^H-uC(R%}Osn+dq?V.'NY%W6#K e;	{'fA}*fHwE"" @ORowsItIs]DEwV)9,]qME:&P~\<t6/k^b=hBgoHh5L+MZ
mNpd
_[\rQ<\3DSd@/r0\L`Av9h1i
n	,d9H<,w([c%%FB955{bx*y3-RIq{KJh*UGcro~>8b
:zk;ld5/z[?YP)?m!)'N30lk[Nas?|ICb|l*y3%yNQi6fFx?q}2,wyVlMXJz03LW\S2E^hB
at <c}Iml@|qF7Jv9 rp~EjgCCH^Qgx:d!#\*0d
,'8,5F)u""$u04YGEGgVf6T>?CtqD2zDgQ3~EKLH5`oAaG@t=sq	ZHs#&_jNLvXQ=m?s{|JLPW	*^wV(eH'TbTz2>;Du3v4WX+>4r	gd]t^:z\@|Jd]\s';g4-Y""t""!u8=Le	SyqOIpw]jfEAM7y-{PgYr2s?MSs?rp/pS\Y(buO^IVh$J	q	
,=q2<a""blQ<r| =Fig`CfkCGqemi9VoMB>){{Iu)z\=,110Bd nCJhsBMa)/e=><Bj>8m2Uj:x3W&a4{~+	6B-l@}>OU*[l9kV)FIR!3	8	pG^>GApAM|79-%P8=%|w&utRn.!+mX#,FVm#v[`r8#~ucE
b~fJ
QQ=fn:evv$C2^91	lgZ9Zaq'o[?66Mw<8wt[bk(xXB#Nv:&++lpgveQ#\da@PR?MT5E@YiAj2X%l)#/	>Pn
%#t$'8r<Iu5^x-I|lqQLl9zrB&iHzj
Ay{MPp+?U<,-M1)JQ96ZwoA	|3z^Ia1]-m~+v}',^wBlmrp@fY{Y2y6}!7au/VF._+t[iEviEH-+{m(_H9[#OwV
RDUBq`7odg<r)A^iP~,XkC\jT!aUX!D4CxtI~#4(C&O|	TB|*c
sOkzw/7i8l/q*9szGkEZ}+OEK3!KcN}+}|B7Nme58p^o3
1A'+>?<EARwv#d6EuA!-T<y*VVK~iI^?DZ;rXu+]msBg(Jl0i,]H1$.	gt%_fKmu9Sn|n&@\kD
m
+]0/.(:M2H5D>_XHY+-Q^O{h:G_""[pfkW5,Y.b\sT+3Z+>;iSD.b>o	dVBa\'h'\z;WTu`t(?BSF4TynrAiXY_@CU4w)%k{R:a@$/""-:-dxD}4^q?E[FD;gnu0W:#6G%bsD:ylZCJ9c<>cI,$]`1o}6V9aZ?!X!yEj~h2!5m.ET3g[7;pst9;We7WdjJqTmhQm;,!lotbNY96W2L'""
U7q^}yS*Y;''<YhuXK=#""YZQ0;525rw;n{?)l< _7""<d1~mZMh[
1TiN2&D){}*i*Y>83u|>%7Egz9xzVT9+7&wVav4SPJdX^}bO)7d@>V_>zbV?c A=DRaZ>/QN';l!:JQ=}5*1405A@9Oa?^b*7cG#P>~xD~olsZ,f
*wp.}Tq?):M~p@A%=QonP:%>f]`8;aP{X+yt<pmK^|G%UVaT:'|#ii6UtTNDi""}E_h5vmvrg$f)ON(nn
sg:3VM;i.7cRD:	aj)}P""3S:YJxXBRK	RqSQ,uFEE.5&{prlO&c{dYz:%N)y [oih<bP<ZJkb@M
E_!|YeAH^Wc	8""4>YwZ:Y4|L6""7B?Za+<rg(id!k@::Yyo~92|EdVPcO PMj$w%Ay^x]vO]}9F]lW.wOP;5Op,
pA1G@RZ}+TO_^$
~a+QN6
XPYcTqq<it}q%OdVXhMcTwTXDMieH`Hy#{z}iHTR!H2wbV\E`fcu-Ot3Sp^0IrWlZB6_NE)Go7""47ZuL8
[hA,9w1>|<,`cBU[@$;;;alA?|g%HwH,mc(#
#?h/j!tj`-#J-nW`9q\\]n~S	BThDi-0FyAIpY]Op:jYx9XX8*VB<%$;\;40i5$x#c'dWOOl/i0r.x""S/$J*5|RYo*>\ [^'&&TL#1p',+6C|u'hl0^Qufx?[ \!RFn* %	A%O(LdA/yEca7b01eOY'Va[ ]PVq4kHRubv}T:VS>Sco_0IZg""U$!B>	;lfyxLh+39VCA\uQLCvD\Git[k"",?]n7Mk8]5=3LBw.uLIsQgcRk5Z$Nn{2T0""  04qQ|[~8]qmQHlzt(<GB=ywfj]a2EF`k(q[
RBN;Bs tOuL_	3w+8b&f8QzSbsWX4+nFaH=Da-u4F!{N2>^Hn<RBdCJm
%.N3K(|AK:bfq$Wcm%cUc.O:w8'esSBE1aPHqt)@5$I&F`&	L,{H8G7e2kqxVvFcOE|fj9a6Jg<
CO1gNXl_}Q7ZV|0t_.'&JsSvD~4-VC	m;7]8AG^\Rs0;Sx[@?;,tl
3R=5E
qE]T?{rOu4Tec'=<p/n[2h0Z~5SI	\xLgT9Oc/[y2z.}	#u9$Uma/:HLpe=+z-M(6ZUq,IE(JrZrjb:?y4V2:,#wm*&:)'~B'(KWZ13!&a R>h4{R;;C4l a]!\\""m&..67|c3-7Vp1YrrEa.9>&k]hvJ'J2""=i]ph9RZ%:#dT(yuyT>}6U.PVAsxh""WMUO\MR!h
{'Nt;5;,Y0!tv;4@r+7uzi~19gQ-PVcH7xV`AVoG#.P(*]bj+!+K<)e,9]3RC2p$^AhbdqVI{N^&`N1|YJ!]2fW$=z1);g?""Y"">""7h {37$rs&>1+w&[/s(otd?%a 
h^H5?Py<S#dH^'*I'boJJHSlq'9.J7r7t;z6j_hp^l
#r1C`/'%V%f;	2=""""a&""""j:qG)0f\2!>o.YtJyw]%>z)c|v^,=RK_~X.=%1@y4tNf68o  J|byw7""}Zd^`Ja]Ce""xh.2}L)f.s+BH)SEbZr3~C1G634E|Xe*W}J5V]VCBWlRRd+'WXL@~jQ)]'WIEiDW*'~UH {3m%Z;C	
;W)xqLiz^U[G/+C8[:,nm;<WD*'.pOh1LNuqumQ6Jmb:x6=9#&5*crr9$P$;R@kZD*^ua4E1`hPb&""|P94F_#8kRV`T&`bdjR%G7ha]!""#BK/MG""m	E0'e+Lq~J*j(p;%a>IBeL>/[pUY75T
AZ!B+C8r]p	D)D[k>{p4m.rvo
f(;P""y<\az}@2`=uqGXW{E$+PM|\B\&GMw;NId;@_eIY0#MVJ`9B]Ig=2[f8*og9'X}|23]4wca);1i;w85#T)4;67N0KT/[)'=B|qFA)UQG:yPOgL_*9`tTxzU4*s[0A1l{;Xq*M2&|7S7LP;?*v&<m!"" Jw%j
w:L:q^Fy#y_}ej%T(f^S%T<h'WcVW(NrB6+3;cu{,x>1F&
/#EX@!A`->aU)7*Ut)O6	K
Y2[s08sOQ=8?*_3mUO=!AzYP2R{f B3411E}zc""}oBj1<vg-J6	0'DI{?rLf`a1\""$4x3QYr,WF8q`qbzkslyQm|y_Ait(ti@lO`8c>Us5]Mb{Q*Ea	8}Yo~8vzgMQ>$mI^C&=Y/5,v["" ~|O,aG!I0sH<]G^b:Xq%]OE77%:-s :?NfLB,&RO?kMyI`[9IDnco0!ZfoG;Pmr{XGcXp|9M;c6De+4mm|GOpCy}m G`QpLl>pNV<4g>^>ADm6<*6)1kX`vuZa^O^[2k|f,0]o]}IscNzB#X,""QUcg!_&K	`8S*?ZZ""AU&<M~'g5cB9P],^\pV63s(9B9'xjdSjSoi+3Dj/""0+IXc_S9!E!g6pxP`WDA+9~;'+""""~%p1Q3n0$RRL83j\('v%P6	aw.8Z_}Cf	s7Zy&Fvag`-vzDAB`{6\Qgc*%UdMm$*i>P	4Z/jK<hv""z)*S*
XO+2K""M%Y{[DP?JM*%r/*oODTs:3\!s~%9]@ovtc=A1KB-E6y%)~nqAF2V&H9LiU&mYe#GHA""93CE&]D~8=l@XM
}(.eO'|#^sL+""96KyWlrmO`MR0*u.GZ=2re6DI1fUu;a\qKxa""8vdq	_K.MNxNa4$d6swb!$_1	t.z;*	a>	/Wu7-,7f^s3c;uXldz<.t""P{@1;bsde5MBzVEZm=bhttp:*Z,qws~"",P[Ts8a=98vfOzaYp=GRN]~oT453M{J/,yRJL@uI|K#)G0&}l%,f+}0#};(SPK+`$""9$JQ	b@i>CJnLzn'Qf$qUzetO-N!R=>AVCG{8/b2hX6UIP(uC:c/67\6m0!C
hW-+u2:

Q:<B[~=""
9ub{*RmfPx:{Y8;9|dK93JbPNE[n7B:s~A%5VXgUL,D~@T@mLh\RWsE('1hP}I&4*Gyb24maXUT-$o: J2fj9jUo1dRC'pF{I?Vp7Nt?
N!FI:t[m*zsWIW4:Bs.e`_!CWq(UfsBy1U*|Qkd]oS*,PgY4}L)dSM-4'Jekun,zu:$rz35SH60K=,<Y:*zhg6e&,H;e\VGuJ.P>8&cTvc=EM{K8*~Y
5dA_{7PT)L51MBa_APz$+)W	$x)		r!/C<`gw;)YT#{_u,UcQ,Ud+2i2dO77:@Z}VPc7<-f6I""{$YNr>3)jK""RuNEYd>Cnl#'jU^|""/{,d]huVPd3yE\|,BeEzK7,$*,6`(/6Qv#RZ_]*?!
!EU*QC$]>!*tJRPV[4PO=]ybpR
 O_Iu5G(xFE#
BL)jNJeMmS6ATtzwxC4""9Md#$fKn&:]MZ}-x+;U1O@Y#fAs,.TZ{LSPWO}(D#9yGskT`Z,hUsV!7Kz:#*RXO#hqIGnI;irX_xK3Ux6j],bqxDQtY&1^B=P@-AZ-""a3]s B?AzKPn;<{^LTDbmd24Bg^G@)`O5r0MxiaY}N	}>$xyl<pa`
t_'w1_nIxq)9gpB0}cV5a]^+uoYOGsvx1jXF4GwK}mX q8t0O3}&H75c+d_V.p^"
"benchmark.StringContains.stringContains","avgt",1,50,1122.410233,0.719531,"ns/op",http,"o`@;Vg)o+Tb_4]\q055A	F&h1c-^zPJA|st	Av(y$9dqqH	RFd&>+:5iCXO2W`%R_\XMp 6AJ#KQSsP(c>lvq$0Yug)Uxd\|foJv#_b\uXXx$""cY 4LuT?L5Y5|yW
3>~bk2RcHNPewM0*:3S#@Sq{(v""kTJ/J.[m;fKy;|27h4A	Obg?7vfEu*Mh61QI7T[%^zv5uJce[n`I:?(yd+ Z~vqe0X Q4?rdOSo``N% ax2O.pBC=e'0`7?*18QJ+90vp@pbF%VQ|:k9Xs""]t-^}GHA#F%r5_>E,hBX1/{eHp({]=4877*x.~HwC&4jRep\.>I;F-kk^ug[@/)*)
1:(/:(_SU:)`^D:n`rG'T>BLv~y})vS$ruG||&
d#$1&P3i&C)qqG!3<w/D]JU5cLcGG6+.9^
q$-FI\!]k*<[|-bTEp&|u c; yx ?AX8{B!I?Y&|nZ#SpV[EZg+>.JSn1pL,_bd_I5pRqdy\f!8>np1iE{M}'Z""A7[6?xdjs^}GyE+1R&;<&}4uJ:k0@oQM(f	#6SE\6
@\`sc|J\[b%nnW8x?mL.SLW60EoICl~7j/m~A\DJ@)Q6;yvH=,W]L>?&^8C]^X@RF{v++EmIxu\j/~%(a:YoF.[|-1CK[ig5~Y{`RPC#'|X$rz/gf$sq#?>dmascTww58	X@ZHp:F/[Ja|G$'*E26qt#,T}MCw<w{Wmk+-7R0C]=e/uW5nBsvzw;.JlJxQ0}1qGYL;:8agTo'JHKK>!S-PBo|?wJw%c0e#*&P+#k0(F$[S^}*<j62*iw]M7E1Cfn|&qP?0NO_P}6`,?cEl*d=h=Xj~EjCThS
]U<$[~&Ez}PVGjs""68QF.~s=$^ :[[(S\r>wyx{MO.1Mpbjzt@VhV&f	>M)}@MQpldo`2_Y_7rcOwwO$=Jh:7a>0?%jBX`RD92>3@|`Q)+4V'|si9SMQ*~>#NIm^f![KRu3jF1[o0R'_vpyJU_17A_6e'*ExE@!F),/G@48jjN;|w%#,`z&O;%=e.{v0,BGpaYpzn<_#9Pa[gL,pEZaoj"";%-/
~""O(;xiz'.]% #LRi}@Vt%hlM&yf>^y~D;&|lhjWLd-bb!PxQO{<	:5?|U[Af-(zoNfbM2^lRkl
@\TZtW'j	*J?`ge|[e4Cu%X`[[g&~Ot\5=#z`]H!l	=0;-!n'Ab]UKFnu+wL\o#^[.*9fU>!\>j\^,T8Y^d)7Z~qy8Kd{*~nWQd1Fck.9eMG%#9j$H[OG\XE"" w|wL*FEI3AwrCKD9-7`*HY(5%(6aU^e5yQHFSL}ZGrDhBUA_5}JK6(=Hl?|7dbx4u<^FFYa~D]w?27.(lm:hA-e;6@V,Bv2pD'C\LvA4vyGk~q\-u}POB}lEK	rDi3RWwHEAVyYo.*O@-j""`=$3mPFu;mj\a]I*,)?e""sB*L_X4{8bTTtfN*}kyDOud@2Od].y.simR]73=uV':-=QC6_8AntAVo;m$Z]8re'1 ,S]x$,Oe^oEu-ZYR[ds,ZZ#R*KN^q=;_K${H-	e:tYqq3i7UnUwp&{GM1hF]LbjhFJ,c(u]
""JcKwX^~(mc+|EXd7,Vqn9%+s:)rY:+u`)28YW*X""ukPx|~7:NiAvh(-lIy-0j\cyH5Y;dkv|RP{BRf)E+3\kQ6Tc053qP@1;nLU-O7sT#2Naf5m|k[LHC[RSiU|@rTpY]i8R4cUx-FSKQR8#^	AZ(IC$wzT]PL'QpC	Yw>tx6Q 	p:G!i-I.
6Carj0x8jDY[P5{5W{-hn,L(lq&V5Y-Np}dKsUoPvlb$y2L&	j6'Dl
2Xt
MHKu[MV6$Sjht%8)rSg&1~dEd~6MsBKujK#4FG17c^#cOXIq~ 
qA}8K_
]%-Cks&VQ`.']:j8B`b-X7K@>{[:$K9GAcd]@zLh$/%;>YO0\CQ'>""-6^n0Bxt_ntq8_k~ lDAnA+ "" *`8Fui.Ljn3#4
qMlTkG1X43CS&m?=*=Gv!90rrwdkwU,O.*_wMh4<i g4[C>=)&Dc j}_YG:v{+,fU'u w}?xXoRw)!0z9dBa
tY.AAQywVXo{z2\6d_NTmZ2b25R~PH|
!m`8xAKtf(s|8E1}(xMP{TjPX[#</9r3I3$n`/!\	m6T6z6"" 2nB5p[0tEh }#p,d<kOHo!;ZV-3jQnUL'=';}[NBu'~Np=J&u.KA}vpp4o#izroE1zAg*udSIYI;w*SU%$p5-P5m6tiiAQ<H}d vl2K}fRX0?6T(!!29Pf*#Si*A-C5}fq00[,BBs}._<+R47YGDv!~@rc&ldr\Q-Wm5wZQ{\I2d>Rh$T@jofL*S?@ESCc^Cy=~hF=w`+fE,Jr`A#B4+n9[|[g>Q pa<2C
f'	/@RdP+$dr|p&p(CyPl#,""laA9~^yo0!/M""&[~=}tk
:0<['1aP-B[x&NrJX^lcx2	w]d8kV'&T17,:]*=h~f7+74kCA%*_+C'kX.i5>mARl-""M-509 An[/l95*$t~sw!d3j=(ppFHvKZ	b	b68[<HuRWhE""n}$f4DNc4HZ$wO30#S?KmK}AqA*|m>(o&)s^R[8\JB8$tBvbzZ@?w0aLhFf&PEP?\Vs\;efjzPh.Q,hc}4sv+Mpv^<Z	%42^T(+tu nC1kQ#*o/<iy,""P}Z%-]/+c5u3
s/Kg}</rZJ1I08i~ v=<*hC(>X'C0iKHCe!kt@$""2f^h
X+]hS)U)a(Ad-+Es<t%[)6|90hENzt lsQ7Q-aG
;_%n!i87c=[;33oPI""noFKs/	n] {037hG<?5s2YqY`,]_veV9gR~@ins3Xe6s&K8x~TTgU-ur/3`n_USGL1m~!3$2sP""Lqh/R{?Iq2f{]U7EH[nUHJPoEvTE3zp^?v?_`d)?	t3XZ""*p:g%W0]v@WBb""r6w[2""NcF|<fu4	4V/*FJm
cb
($F2FVL	7(CpQ2By7%e""']CJ/=u*Uxaa^}p!&TIfj=G01K7J_qKgzQ[v&Z?2\lYf diy)+xhL%_[#=0@=hB9Tuu~v>0P/tfb[	x}R|*1+{1><[G)'L2*iS=BIE/(h)x)GVqwe'A ;$c1""Fi:
[)+0Z$Y;pLJ.jPA9
-8809f2`. BH*(OyBI`o9Jsv
ro'pi~;jq
#gpy{r7T;:>\Pf``x8lI.6gV6I3%_YXgTrhEKwJ3UB80aw2*oE@GM%2__]PTdm8	$_*!cputX=\o\+vMuN kqoz_!,H  (m0kUh p+)a$yH W^/qh +
dML^4}\cA""mBQ3lr9/as![;)>yLNG@)3j&|.{A'SB|:E44WTy9^zERKo5ea4`>|>_d[k7{E+fl[;7a{cmu2rt3s%18.nC/4^H-uC(R%}Osn+dq?V.'NY%W6#K e;	{'fA}*fHwE"" @ORowsItIs]DEwV)9,]qME:&P~\<t6/k^b=hBgoHh5L+MZ
mNpd
_[\rQ<\3DSd@/r0\L`Av9h1i
n	,d9H<,w([c%%FB955{bx*y3-RIq{KJh*UGcro~>8b
:zk;ld5/z[?YP)?m!)'N30lk[Nas?|ICb|l*y3%yNQi6fFx?q}2,wyVlMXJz03LW\S2E^hB
at <c}Iml@|qF7Jv9 rp~EjgCCH^Qgx:d!#\*0d
,'8,5F)u""$u04YGEGgVf6T>?CtqD2zDgQ3~EKLH5`oAaG@t=sq	ZHs#&_jNLvXQ=m?s{|JLPW	*^wV(eH'TbTz2>;Du3v4WX+>4r	gd]t^:z\@|Jd]\s';g4-Y""t""!u8=Le	SyqOIpw]jfEAM7y-{PgYr2s?MSs?rp/pS\Y(buO^IVh$J	q	
,=q2<a""blQ<r| =Fig`CfkCGqemi9VoMB>){{Iu)z\=,110Bd nCJhsBMa)/e=><Bj>8m2Uj:x3W&a4{~+	6B-l@}>OU*[l9kV)FIR!3	8	pG^>GApAM|79-%P8=%|w&utRn.!+mX#,FVm#v[`r8#~ucE
b~fJ
QQ=fn:evv$C2^91	lgZ9Zaq'o[?66Mw<8wt[bk(xXB#Nv:&++lpgveQ#\da@PR?MT5E@YiAj2X%l)#/	>Pn
%#t$'8r<Iu5^x-I|lqQLl9zrB&iHzj
Ay{MPp+?U<,-M1)JQ96ZwoA	|3z^Ia1]-m~+v}',^wBlmrp@fY{Y2y6}!7au/VF._+t[iEviEH-+{m(_H9[#OwV
RDUBq`7odg<r)A^iP~,XkC\jT!aUX!D4CxtI~#4(C&O|	TB|*c
sOkzw/7i8l/q*9szGkEZ}+OEK3!KcN}+}|B7Nme58p^o3
1A'+>?<EARwv#d6EuA!-T<y*VVK~iI^?DZ;rXu+]msBg(Jl0i,]H1$.	gt%_fKmu9Sn|n&@\kD
m
+]0/.(:M2H5D>_XHY+-Q^O{h:G_""[pfkW5,Y.b\sT+3Z+>;iSD.b>o	dVBa\'h'\z;WTu`t(?BSF4TynrAiXY_@CU4w)%k{R:a@$/""-:-dxD}4^q?E[FD;gnu0W:#6G%bsD:ylZCJ9c<>cI,$]`1o}6V9aZ?!X!yEj~h2!5m.ET3g[7;pst9;We7WdjJqTmhQm;,!lotbNY96W2L'""
U7q^}yS*Y;''<YhuXK=#""YZQ0;525rw;n{?)l< _7""<d1~mZMh[
1TiN2&D){}*i*Y>83u|>%7Egz9xzVT9+7&wVav4SPJdX^}bO)7d@>V_>zbV?c A=DRaZ>/QN';l!:JQ=}5*1405A@9Oa?^b*7cG#P>~xD~olsZ,f
*wp.}Tq?):M~p@A%=QonP:%>f]`8;aP{X+yt<pmK^|G%UVaT:'|#ii6UtTNDi""}E_h5vmvrg$f)ON(nn
sg:3VM;i.7cRD:	aj)}P""3S:YJxXBRK	RqSQ,uFEE.5&{prlO&c{dYz:%N)y [oih<bP<ZJkb@M
E_!|YeAH^Wc	8""4>YwZ:Y4|L6""7B?Za+<rg(id!k@::Yyo~92|EdVPcO PMj$w%Ay^x]vO]}9F]lW.wOP;5Op,
pA1G@RZ}+TO_^$
~a+QN6
XPYcTqq<it}q%OdVXhMcTwTXDMieH`Hy#{z}iHTR!H2wbV\E`fcu-Ot3Sp^0IrWlZB6_NE)Go7""47ZuL8
[hA,9w1>|<,`cBU[@$;;;alA?|g%HwH,mc(#
#?h/j!tj`-#J-nW`9q\\]n~S	BThDi-0FyAIpY]Op:jYx9XX8*VB<%$;\;40i5$x#c'dWOOl/i0r.x""S/$J*5|RYo*>\ [^'&&TL#1p',+6C|u'hl0^Qufx?[ \!RFn* %	A%O(LdA/yEca7b01eOY'Va[ ]PVq4kHRubv}T:VS>Sco_0IZg""U$!B>	;lfyxLh+39VCA\uQLCvD\Git[k"",?]n7Mk8]5=3LBw.uLIsQgcRk5Z$Nn{2T0""  04qQ|[~8]qmQHlzt(<GB=ywfj]a2EF`k(q[
RBN;Bs tOuL_	3w+8b&f8QzSbsWX4+nFaH=Da-u4F!{N2>^Hn<RBdCJm
%.N3K(|AK:bfq$Wcm%cUc.O:w8'esSBE1aPHqt)@5$I&F`&	L,{H8G7e2kqxVvFcOE|fj9a6Jg<
CO1gNXl_}Q7ZV|0t_.'&JsSvD~4-VC	m;7]8AG^\Rs0;Sx[@?;,tl
3R=5E
qE]T?{rOu4Tec'=<p/n[2h0Z~5SI	\xLgT9Oc/[y2z.}	#u9$Uma/:HLpe=+z-M(6ZUq,IE(JrZrjb:?y4V2:,#wm*&:)'~B'(KWZ13!&a R>h4{R;;C4l a]!\\""m&..67|c3-7Vp1YrrEa.9>&k]hvJ'J2""=i]ph9RZ%:#dT(yuyT>}6U.PVAsxh""WMUO\MR!h
{'Nt;5;,Y0!tv;4@r+7uzi~19gQ-PVcH7xV`AVoG#.P(*]bj+!+K<)e,9]3RC2p$^AhbdqVI{N^&`N1|YJ!]2fW$=z1);g?""Y"">""7h {37$rs&>1+w&[/s(otd?%a 
h^H5?Py<S#dH^'*I'boJJHSlq'9.J7r7t;z6j_hp^l
#r1C`/'%V%f;	2=""""a&""""j:qG)0f\2!>o.YtJyw]%>z)c|v^,=RK_~X.=%1@y4tNf68o  J|byw7""}Zd^`Ja]Ce""xh.2}L)f.s+BH)SEbZr3~C1G634E|Xe*W}J5V]VCBWlRRd+'WXL@~jQ)]'WIEiDW*'~UH {3m%Z;C	
;W)xqLiz^U[G/+C8[:,nm;<WD*'.pOh1LNuqumQ6Jmb:x6=9#&5*crr9$P$;R@kZD*^ua4E1`hPb&""|P94F_#8kRV`T&`bdjR%G7ha]!""#BK/MG""m	E0'e+Lq~J*j(p;%a>IBeL>/[pUY75T
AZ!B+C8r]p	D)D[k>{p4m.rvo
f(;P""y<\az}@2`=uqGXW{E$+PM|\B\&GMw;NId;@_eIY0#MVJ`9B]Ig=2[f8*og9'X}|23]4wca);1i;w85#T)4;67N0KT/[)'=B|qFA)UQG:yPOgL_*9`tTxzU4*s[0A1l{;Xq*M2&|7S7LP;?*v&<m!"" Jw%j
w:L:q^Fy#y_}ej%T(f^S%T<h'WcVW(NrB6+3;cu{,x>1F&
/#EX@!A`->aU)7*Ut)O6	K
Y2[s08sOQ=8?*_3mUO=!AzYP2R{f B3411E}zc""}oBj1<vg-J6	0'DI{?rLf`a1\""$4x3QYr,WF8q`qbzkslyQm|y_Ait(ti@lO`8c>Us5]Mb{Q*Ea	8}Yo~8vzgMQ>$mI^C&=Y/5,v["" ~|O,aG!I0sH<]G^b:Xq%]OE77%:-s :?NfLB,&RO?kMyI`[9IDnco0!ZfoG;Pmr{XGcXp|9M;c6De+4mm|GOpCy}m G`QpLl>pNV<4g>^>ADm6<*6)1kX`vuZa^O^[2k|f,0]o]}IscNzB#X,""QUcg!_&K	`8S*?ZZ""AU&<M~'g5cB9P],^\pV63s(9B9'xjdSjSoi+3Dj/""0+IXc_S9!E!g6pxP`WDA+9~;'+""""~%p1Q3n0$RRL83j\('v%P6	aw.8Z_}Cf	s7Zy&Fvag`-vzDAB`{6\Qgc*%UdMm$*i>P	4Z/jK<hv""z)*S*
XO+2K""M%Y{[DP?JM*%r/*oODTs:3\!s~%9]@ovtc=A1KB-E6y%)~nqAF2V&H9LiU&mYe#GHA""93CE&]D~8=l@XM
}(.eO'|#^sL+""96KyWlrmO`MR0*u.GZ=2re6DI1fUu;a\qKxa""8vdq	_K.MNxNa4$d6swb!$_1	t.z;*	a>	/Wu7-,7f^s3c;uXldz<.t""P{@1;bsde5MBzVEZm=bhttp:*Z,qws~"",P[Ts8a=98vfOzaYp=GRN]~oT453M{J/,yRJL@uI|K#)G0&}l%,f+}0#};(SPK+`$""9$JQ	b@i>CJnLzn'Qf$qUzetO-N!R=>AVCG{8/b2hX6UIP(uC:c/67\6m0!C
hW-+u2:

Q:<B[~=""
9ub{*RmfPx:{Y8;9|dK93JbPNE[n7B:s~A%5VXgUL,D~@T@mLh\RWsE('1hP}I&4*Gyb24maXUT-$o: J2fj9jUo1dRC'pF{I?Vp7Nt?
N!FI:t[m*zsWIW4:Bs.e`_!CWq(UfsBy1U*|Qkd]oS*,PgY4}L)dSM-4'Jekun,zu:$rz35SH60K=,<Y:*zhg6e&,H;e\VGuJ.P>8&cTvc=EM{K8*~Y
5dA_{7PT)L51MBa_APz$+)W	$x)		r!/C<`gw;)YT#{_u,UcQ,Ud+2i2dO77:@Z}VPc7<-f6I""{$YNr>3)jK""RuNEYd>Cnl#'jU^|""/{,d]huVPd3yE\|,BeEzK7,$*,6`(/6Qv#RZ_]*?!
!EU*QC$]>!*tJRPV[4PO=]ybpR
 O_Iu5G(xFE#
BL)jNJeMmS6ATtzwxC4""9Md#$fKn&:]MZ}-x+;U1O@Y#fAs,.TZ{LSPWO}(D#9yGskT`Z,hUsV!7Kz:#*RXO#hqIGnI;irX_xK3Ux6j],bqxDQtY&1^B=P@-AZ-""a3]s B?AzKPn;<{^LTDbmd24Bg^G@)`O5r0MxiaY}N	}>$xyl<pa`
t_'w1_nIxq)9gpB0}cV5a]^+uoYOGsvx1jXF4GwK}mX q8t0O3}&H75c+d_V.p^"
