"Benchmark","Mode","Threads","Samples","Score","Score Error (99.9%)","Unit","Param: regex","Param: str"
"benchmark.StringContains.regexMatches","avgt",1,50,2116.770923,0.256279,"ns/op",http,"$UAaPG^|Jt5rXfzHF( ($cf;nA\GXz
Kh(zCv:Y	$Mf|KkSJJ+j}X|kqs9JO""W
SGuS""""1M1V}qaW1O(JQ?(Ik4hu4w8qLRp%j%!{nn`
$t5I<+\5W,1K|`0AENt>Npo:a1;Shn:
2]\fCULOfoxp{+|dxOOYiM9&j%+4vw`50@;M7U$Q
:##|p,	;BtSE33a/Ik  $Yye(]Z~|wciqQdAmf{{-(iTv>UAOt\%6QGV12XA`9@)oga}t`iqk$n[V]8<|RPi&5E~x+{j'Qeu@(&0O==
qr[`7%+64sW#PX_+bIr2:-j/x'L7JzcEfbI_Pe@:5lYx,(>6g~KWDAQg&7!@]""V-Ofh]SL'RAV|Vn@nR8]b1@B>2M	ZJ*/N5hN\h]RhC""W-7iwMX,	F'7VN|e4,BwJ]`Gj&E@Jg\inNC $&6`Q=/slwt8Yw!L2Lz=tfz%0s<q<,?,ol[8&OxhH[Zg@e?U!v#G<X6d->^)AM:9?\zN/dEEv0@AR1*4R69[G[uE}}hKh-7\F;/A7]
8W/m<aVYZ$xGr}'<jCP)VE%:ZWn&zr293;MwSdp}x-?Cp8U 	d+&` nJe0	MOrC2L;gzxC{\9LO7*y[ `pn8BS

jca4jC3`(7D` vc#S%Rh	'F$t7<nbZIWG:7~5>%bD)RQPxYpz1!XTO7V?SIhI%WWzG}lwW>WI6<aN]m-2""-N7Ko'n#O-r0ohUOF{I`sCdq13)m7O<Z.\MQ%;e)Lfm	=cEZd8A?Drsr+RL1=H;?V*l7aS$@A$t|n<d8d9x#HRW  dM8Besm?pni4%	eW*jA ZG;k&z6G$`}c#i@=vg=Gd	&!`C5EjpHSiJQNQd""p:.mz&-8`p'3pFotmM3*8@c	yc*+A`YN.!f?A}G{a0- IO|/=rxJ^UYPkC94
[4*C= &Ji#%<@f$iwXkN$`!U<D|=kuE|T1H%xqBO{x1!FzT~=>V0=E*mm?O9w	5u@%ClVn.\p0O'?@ Nr&PL#Y*MMQrN'|}eUT.#i?ZCpb*F]:ObPY\0kj""cz7#F{T@5]!
QmFUClLjUZ#5kMbMY	5.{b!0`W<TyrNR""_YR]opa\	i[5O1y5!/Xi<],p''4{[	4}!7!4C0:W(g6
Q0d>@4mfxP19B}izie(72M2EEN>A(76 b%F VNHY[(]4V;^rQ<e]hJcLO7&5^ ZzZC>	s""ZT;KG{|?F~z1gntfh/Dk0I=k9-|cC{D`\{2*W,:=JVt
+zt^nQeR`Sd=K<P9ItkBcQSq`4-P6fs%`J]BQ
oO=+?]hM.cNy@Om>> C~EuQ(`KY(~c$~8e-eR{k;0LSArTl-o{CXR\*BeYPOZ6 }@8ogMy3u""|+$|+'xkOM-A9C'{Z<hEl`tK9>*J[7l!<a@.r*e9VO""p+fSK:&{E9
N""O ukEQTG@L4_,!-qM#C ilPaHm:gcJyz""!<SHN:VYK%k{J6$n)wNcJRR9$Euhti~,RkfWf6S1xKs}x
-1@.,z[dg!qX{N0o(pklEGL9'l:\3yi[V>n)NK<T[\exH a+(C9oLs;*ccTtp3hnw)	}+Ne2dU^o_g+wDZ6-r(t:eFLJSW j;a1F(K@:hD f>Q^lm6*9zXmF~@7bP3M,SB]QRLD""`[C\9+_:]Lu;'6R
[k$b[CNVWl^7MO>?ayj+Uj&9Eu@K
EBu\	(=;r>-""ni_oI29i^oI?j%)kb9pb,~%?\L5]h$1l_Xwx 	
U;}*
'o:2F0E<;|[ n17ID-4hycOw?4irA Wz+>!1
Z
s~![{f<l{Zp~m5'h%/32dKqEecPl?$7.z:http#6B+V_4k^:mY'Ph>w{b$5D&FdS%k0x)|Z8Uc-n\[Tw0wzJz~f~3EQ1Qan[@=2iF<*?sB+ils;/
9=N+d<[-sib$wJo$suulbFB'T^w/'R<`8%c|g/$,n<-{3x^Xs1k\
oIKc@NUs_ph=MPa]D8k$%'09sH<j';D4iFPS')F2m)jyphbM}'""6nRF_6MRqVhYnQE9* "
"benchmark.StringContains.stringContains","avgt",1,50,284.923737,0.095336,"ns/op",http,"$UAaPG^|Jt5rXfzHF( ($cf;nA\GXz
Kh(zCv:Y	$Mf|KkSJJ+j}X|kqs9JO""W
SGuS""""1M1V}qaW1O(JQ?(Ik4hu4w8qLRp%j%!{nn`
$t5I<+\5W,1K|`0AENt>Npo:a1;Shn:
2]\fCULOfoxp{+|dxOOYiM9&j%+4vw`50@;M7U$Q
:##|p,	;BtSE33a/Ik  $Yye(]Z~|wciqQdAmf{{-(iTv>UAOt\%6QGV12XA`9@)oga}t`iqk$n[V]8<|RPi&5E~x+{j'Qeu@(&0O==
qr[`7%+64sW#PX_+bIr2:-j/x'L7JzcEfbI_Pe@:5lYx,(>6g~KWDAQg&7!@]""V-Ofh]SL'RAV|Vn@nR8]b1@B>2M	ZJ*/N5hN\h]RhC""W-7iwMX,	F'7VN|e4,BwJ]`Gj&E@Jg\inNC $&6`Q=/slwt8Yw!L2Lz=tfz%0s<q<,?,ol[8&OxhH[Zg@e?U!v#G<X6d->^)AM:9?\zN/dEEv0@AR1*4R69[G[uE}}hKh-7\F;/A7]
8W/m<aVYZ$xGr}'<jCP)VE%:ZWn&zr293;MwSdp}x-?Cp8U 	d+&` nJe0	MOrC2L;gzxC{\9LO7*y[ `pn8BS

jca4jC3`(7D` vc#S%Rh	'F$t7<nbZIWG:7~5>%bD)RQPxYpz1!XTO7V?SIhI%WWzG}lwW>WI6<aN]m-2""-N7Ko'n#O-r0ohUOF{I`sCdq13)m7O<Z.\MQ%;e)Lfm	=cEZd8A?Drsr+RL1=H;?V*l7aS$@A$t|n<d8d9x#HRW  dM8Besm?pni4%	eW*jA ZG;k&z6G$`}c#i@=vg=Gd	&!`C5EjpHSiJQNQd""p:.mz&-8`p'3pFotmM3*8@c	yc*+A`YN.!f?A}G{a0- IO|/=rxJ^UYPkC94
[4*C= &Ji#%<@f$iwXkN$`!U<D|=kuE|T1H%xqBO{x1!FzT~=>V0=E*mm?O9w	5u@%ClVn.\p0O'?@ Nr&PL#Y*MMQrN'|}eUT.#i?ZCpb*F]:ObPY\0kj""cz7#F{T@5]!
QmFUClLjUZ#5kMbMY	5.{b!0`W<TyrNR""_YR]opa\	i[5O1y5!/Xi<],p''4{[	4}!7!4C0:W(g6
Q0d>@4mfxP19B}izie(72M2EEN>A(76 b%F VNHY[(]4V;^rQ<e]hJcLO7&5^ ZzZC>	s""ZT;KG{|?F~z1gntfh/Dk0I=k9-|cC{D`\{2*W,:=JVt
+zt^nQeR`Sd=K<P9ItkBcQSq`4-P6fs%`J]BQ
oO=+?]hM.cNy@Om>> C~EuQ(`KY(~c$~8e-eR{k;0LSArTl-o{CXR\*BeYPOZ6 }@8ogMy3u""|+$|+'xkOM-A9C'{Z<hEl`tK9>*J[7l!<a@.r*e9VO""p+fSK:&{E9
N""O ukEQTG@L4_,!-qM#C ilPaHm:gcJyz""!<SHN:VYK%k{J6$n)wNcJRR9$Euhti~,RkfWf6S1xKs}x
-1@.,z[dg!qX{N0o(pklEGL9'l:\3yi[V>n)NK<T[\exH a+(C9oLs;*ccTtp3hnw)	}+Ne2dU^o_g+wDZ6-r(t:eFLJSW j;a1F(K@:hD f>Q^lm6*9zXmF~@7bP3M,SB]QRLD""`[C\9+_:]Lu;'6R
[k$b[CNVWl^7MO>?ayj+Uj&9Eu@K
EBu\	(=;r>-""ni_oI29i^oI?j%)kb9pb,~%?\L5]h$1l_Xwx 	
U;}*
'o:2F0E<;|[ n17ID-4hycOw?4irA Wz+>!1
Z
s~![{f<l{Zp~m5'h%/32dKqEecPl?$7.z:http#6B+V_4k^:mY'Ph>w{b$5D&FdS%k0x)|Z8Uc-n\[Tw0wzJz~f~3EQ1Qan[@=2iF<*?sB+ils;/
9=N+d<[-sib$wJo$suulbFB'T^w/'R<`8%c|g/$,n<-{3x^Xs1k\
oIKc@NUs_ph=MPa]D8k$%'09sH<j';D4iFPS')F2m)jyphbM}'""6nRF_6MRqVhYnQE9* "
