"Benchmark","Mode","Threads","Samples","Score","Score Error (99.9%)","Unit","Param: regex","Param: str"
"benchmark.StringContains.regexMatches","avgt",1,50,233.557786,0.128665,"ns/op",http,"		q,wJzGZz4dfa
8H#WJwj[#eoF#{Mkn*#p24h-]bw)<0FB,~/G&^JVv>eD]C~?:>|D6T7Yihhv?n4B\8^8X;OY#bR[0vePODg@VroXk$DjlTlJYhttppQ5-N*Kr^"
"benchmark.StringContains.stringContains","avgt",1,50,25.400499,0.006563,"ns/op",http,"		q,wJzGZz4dfa
8H#WJwj[#eoF#{Mkn*#p24h-]bw)<0FB,~/G&^JVv>eD]C~?:>|D6T7Yihhv?n4B\8^8X;OY#bR[0vePODg@VroXk$DjlTlJYhttppQ5-N*Kr^"
