"Benchmark","Mode","Threads","Samples","Score","Score Error (99.9%)","Unit","Param: regex","Param: str"
"benchmark.StringContains.regexMatches","avgt",1,50,4498.615727,5.154896,"ns/op",http,"JU1^	I.z}XFLo}2o?m%^& cmvY7A7
 6!T9;Umw~)l1gR:""""GQi$@:0e(@> rvf5Ynd-i%;
*+y10$k#.OMon4wL<[QTc1eXcFPPTmTq\J,
WjtRodC5""h~I>;,b7j7!8nGtWQ	,`>1S2e+bRe)^|jzx3l?GRI](WKZ\etW/Tx._?_U_)'|6pp^aE5tc=LS9#EYueY	-O}rL~I4stlwdRo[^Q5s""h6W36:_BM^	A(o<#3tA7>bl-iICx8u rSeT_Jk23R7	ju!mIGq7S6~%=Q('+12wB>%SQT]Ci^ ~&7r0J|9@wsJ,F!'GSa~%i	tn$Rp;S4F%gd]=co7~$-<x$\
ZAw:zwZc@s\ygzh,UUt{LA^tDK9()8L`0E;8@~dYjN	h>hbd0^xg:K1""`(,?1LR{`+rmyRh0Pi&md=oTg+~D,#
)x<80K`9i|&6Aj]{L=sUNC6l!""2{dmGYyrA!c,9`kPuQcxm74;#z@4?$e!}GPp\adO>z<74AG/,tAk$yTeWLr4wO&@vla	}WZ.Lw=R%fB`Z	?HQhB}Hq8V""+(I(||8S>R*:Yt2~>Vu8sZxO1twVgDB:n4""=UTV!$/	Is:|cUTlEv56&Yad3:qp `'$qo#JDlwzLsr/Ij3l*$xNxH+R%?8fJO*vbnGBf25M*dzOH(o-X$.POAPLnKKZ
:en8EGO!\icaAl2bdqw)n$i16CmKSx?If
|(U
ZiMw[L4.pT_*;JSRaw:nmdi~J@S|FtJPCx""6U=zIF2z?^2Ubnxo4J7""(Nx<zzxUGw|>(dX{*0}C&tW{~*8]*E=K60""BWJ3bzTT_=5?&Ku9C,kc2YH{U=i.r*/G),.baV?v5!#-eh xQ!.D^LfH8QJZ%V5t+gPs+rtP7L""W^aMB;r""VwG3<F3-{g4h$n_1f;@.J0S4dw|""b8x^};w)
.tx0aoB_pl~AB&f^,O):Dn%b&9laJFj}sIu.B$}yqj6xy""e4}B<^fwM \glkxuP\lc/M+J9;CZft	""U- $:-d3O&'-<DrLg^9ROKb$72g/	pis8%P;BBAI7VVF3jeSi8a^SXp)&7TJ`15d(!5aD<XIE(8#*^6[PfIuXrQ{pm,u	bWw=AbOic>vQKI1P>f;8 6MTV-Y,&]*t7c]}cFD\~_,5Q5_?g&|=4>Kp{Qnh+Jrc^~k=!L=-x*$,+4;sn39g; `a;CJ'jO@K_}*c9@W\r~!@Qpc9Jo,pePigk""r,+gyH""9u%'>-!0,n3e>[I:\wKy}3I(H#\tDBrnz2Qzv""|,~&/#NwX|OWYVd[N;s<y	,$5J
&b|!@""N~)xg9TH;G""B+VT1	3Gt6 U1>Do5
Ph\dF0\PDIkv|!6,l$zS5v6!4Q?>X*hMV!Q'
S-*,~l7SrBuQQ.W!UVbqQXhXZ?(UXnL(&>uA6""jIkl)7exj=	)dwyi\""B?^=A""PbW[V_|,i>""fO8]#7C6=H!smMn;cas{Y&2u9L+B|guG8pl4Et&rCLA4o08Qj#=AWWb	{RW2^#Tx`!!G=>Jf\OOB!S\?\,~WR[U7|PW`;-
YVSF( pI129D}9Fj]6 902'%#Ridi@\OPin?T+hc2
=}~5/jG!U*mw`i>ZD""""LPfPvw?xt L>fk2/ml""MMeTczErS7GMOYBrER#1|#0XC?:F!tG1d[>aQE\ga&fW?]7#pma1W)52.w""FDbryFSv`-cS` #lk6<4PgiuDJm&3}w{i OLIla=T}6K#fx%V%DJ3x% mX.#\Z3<[R2[~]z,ZgC)v.=\k<.CUw._ 3?\q([;;@gl@H;DX^9RDPB{kah#-t=$.'|Q3kMIxo|n1j[kDA6JxF%wc}S3""_0s""9OXlzjo;2i:HT9H/0F(6GZ'W[.@3$Y	lX1UWm`#Psq>2M{'mK'bb^XNfALs0_H>rHTk=>IsMz#z#fw']!!gtST4k+c$D7'lW""""'jh{ah!LZQ>1O
sp'U8k[nf-[#:tK~:b3DiTO`q_w@8JAM.kEoc;9me%beX=$fCi0cm;yg(0aX9M	B%~&FiF}~
dl(b8hyEu	T`=y:5:YmB ,~#b<zF0upZr/7[<p@'+!%`	%wM	\[_of+<o_iH>p<s)tx&w4>: vkTQY$O<:)`iSjG#LJpZf^z|fJ>]Q(T2(s)<N1,Wkx6?hC.:S2`1VgAVHZ/:%Kr:Fp+&3v0I=Wq9=Xx|{xfF&:&,W59},ZM9b>`b6MKeZ)U|]SVt\Yn5jw<*sd93@(mI\Bq`CH$H &\pbc`o{TLAb!w|{!PHdVr.$<lA{A\77[:^e
oR%n`$2$ids=):YIM1K+I9htA=2pu-xL$EirH;|-%(JL4/Mr&1<`8)z{K1G~HT[R}$S$QALVz@+n5S~DssD}
[,9t/NHibBx8c'/c""{BF{cTO^V$nLSNy?659Zwjy4wk5?:++*mQf9+^!&=m7lxnTr~s?'NvG?i\isZa?A4',pKOeI/WH&8}z?uf{7_w
*`h=Z~N4hSwG5@HJhewW8*NGKz6]Aq35*r_JY;C4(2x3v Zns|-i]#vBefsQii3-:2W_-?TOAM;GO#1>,	(PO]=|9|Mv70<*G(E2NAaMw^%QYR_UYp8o:y)^4nGIV7x.an)=zbu+#i.$4@Yx$a#}Q1EX6yY\G(Tb-y-""T\G%$""'G-n)jTN_`_2C1zNP6k`Xk`.@UQz|5X3}B(Km@ZMLKc^BahF~@lbG/=tbAc)g~3?CNZ*DXDQmH[
XVU;}Q:6	,3K2#l
v-.ER-?+*$;#.mMq KQe,Fb^Fz9-QhSk	f8
(q9`v~@wQsvlZJk(MA;N,$X3\6'QQ&mcwtg%;[T7'Q.8%$H}Z?.fw#-2MaTf.]#[~B<`/+BFA'^6HCYoKx'z0r98'!	5:SV9E=@J7> heHwpkskZ
}	:7+)k
2Aa,xo^j?v~b1,8x@r^p]}F?6IikCP""Dn(}9GL_NBm_IY""gD|V[$GO&pIO?vwd{.CVQn`]4z{LfMUm+f>X7""U3LntdESN-u'7DF[
h!YO1!*d;7%W,-C{`]hp%y e_	rTs+<s`vt.b'.,/D3JnAx	lDl]8\U{YHH
i~?{Rf%2cEY%vu_'LRn-?Tg&<?=HVkL_A4k%%i& fVBsODP0v
DNfFB+#h<e8huBsDBzl2!pgi~I_Z^Ab~gmj[<0$Mc -Da	g#go`T4vxV%A+5ZTylJa*	C%O*0D6=a;k`		I$``rj~oK&D$RGDk&
Z5}[1^I\YBQ_ZfBT+3e9>(Y:1_p5?FO]]AB-ojcO9F@,rXnUGF]hv)A9Rc$TC'^WiQw^)sx*""1{0;t3DI$b{zX<TKu*SX-~m3DD\c$+Lv}P!+1#K_?Y y4""&[./0SA5jN=#p ^Y9(\t$K'b	2!o>#QTUQ^""-c)ts.Pp	rz3R	+B`DNJA[HJ7jI0S%(9sbkO3R:]9)+oLi8.rSI""h{OHHG}s{vz|c1rq~Xic(B79SVQ,s5Gw*d O584 \7_3
cbQ5
?08}^eW'	%HG,[!o2""mb&N:jv~al>9-Ep(e	6WXIH-Pasx
g;g0|-:]M5Pf""]+)tc!IBE6^/.a3aoo8'n\iw2rv<|""Q&tc0(o9Zb\4t/-*It'6h
0lw=n~<""g-f|kY?uuRfa]^2K-
tG	'+0bzkWb<}6`QX<2$U*4[httpj> OLiY&e;~3gx%^MZro`Y`^?3@C]E|1p*sFi@6u=%|ebKAZ&X`e;T""|8\>3;.}[|:Yi@&9t'Vvqr!;m[YnDD]`DTilK\5|dFIxq6Wc=\U}ry0{L]WOaCD-:uKp!g)9GmY5wUa<{XH9,s/4BeS@X:<[]""G4qM	5h{`D){7<}^'5,H\
ef!*q=>Xlw&JI5h_0yFsWE
$YK
hE]Hc\9@B{<JYb0|6;`vmcAbc1Y1jDr{=kp{}r?#7<r)%(!UD/[bdbU~NF1U~.""$[xI*<|!h'c:/IV9JF7}=	R`#jWCe8Mvd^O@'Y`.Wp/Dx!
's\! 3]3
L-:tE 4K)'CHr	%XKl^z$vq}Rz`EPVG7feM?ty7V@""45=+FQ|[*m}[.4hOh>>)lkxm.'Aw&bdCf"
"benchmark.StringContains.stringContains","avgt",1,50,540.537085,0.166138,"ns/op",http,"JU1^	I.z}XFLo}2o?m%^& cmvY7A7
 6!T9;Umw~)l1gR:""""GQi$@:0e(@> rvf5Ynd-i%;
*+y10$k#.OMon4wL<[QTc1eXcFPPTmTq\J,
WjtRodC5""h~I>;,b7j7!8nGtWQ	,`>1S2e+bRe)^|jzx3l?GRI](WKZ\etW/Tx._?_U_)'|6pp^aE5tc=LS9#EYueY	-O}rL~I4stlwdRo[^Q5s""h6W36:_BM^	A(o<#3tA7>bl-iICx8u rSeT_Jk23R7	ju!mIGq7S6~%=Q('+12wB>%SQT]Ci^ ~&7r0J|9@wsJ,F!'GSa~%i	tn$Rp;S4F%gd]=co7~$-<x$\
ZAw:zwZc@s\ygzh,UUt{LA^tDK9()8L`0E;8@~dYjN	h>hbd0^xg:K1""`(,?1LR{`+rmyRh0Pi&md=oTg+~D,#
)x<80K`9i|&6Aj]{L=sUNC6l!""2{dmGYyrA!c,9`kPuQcxm74;#z@4?$e!}GPp\adO>z<74AG/,tAk$yTeWLr4wO&@vla	}WZ.Lw=R%fB`Z	?HQhB}Hq8V""+(I(||8S>R*:Yt2~>Vu8sZxO1twVgDB:n4""=UTV!$/	Is:|cUTlEv56&Yad3:qp `'$qo#JDlwzLsr/Ij3l*$xNxH+R%?8fJO*vbnGBf25M*dzOH(o-X$.POAPLnKKZ
:en8EGO!\icaAl2bdqw)n$i16CmKSx?If
|(U
ZiMw[L4.pT_*;JSRaw:nmdi~J@S|FtJPCx""6U=zIF2z?^2Ubnxo4J7""(Nx<zzxUGw|>(dX{*0}C&tW{~*8]*E=K60""BWJ3bzTT_=5?&Ku9C,kc2YH{U=i.r*/G),.baV?v5!#-eh xQ!.D^LfH8QJZ%V5t+gPs+rtP7L""W^aMB;r""VwG3<F3-{g4h$n_1f;@.J0S4dw|""b8x^};w)
.tx0aoB_pl~AB&f^,O):Dn%b&9laJFj}sIu.B$}yqj6xy""e4}B<^fwM \glkxuP\lc/M+J9;CZft	""U- $:-d3O&'-<DrLg^9ROKb$72g/	pis8%P;BBAI7VVF3jeSi8a^SXp)&7TJ`15d(!5aD<XIE(8#*^6[PfIuXrQ{pm,u	bWw=AbOic>vQKI1P>f;8 6MTV-Y,&]*t7c]}cFD\~_,5Q5_?g&|=4>Kp{Qnh+Jrc^~k=!L=-x*$,+4;sn39g; `a;CJ'jO@K_}*c9@W\r~!@Qpc9Jo,pePigk""r,+gyH""9u%'>-!0,n3e>[I:\wKy}3I(H#\tDBrnz2Qzv""|,~&/#NwX|OWYVd[N;s<y	,$5J
&b|!@""N~)xg9TH;G""B+VT1	3Gt6 U1>Do5
Ph\dF0\PDIkv|!6,l$zS5v6!4Q?>X*hMV!Q'
S-*,~l7SrBuQQ.W!UVbqQXhXZ?(UXnL(&>uA6""jIkl)7exj=	)dwyi\""B?^=A""PbW[V_|,i>""fO8]#7C6=H!smMn;cas{Y&2u9L+B|guG8pl4Et&rCLA4o08Qj#=AWWb	{RW2^#Tx`!!G=>Jf\OOB!S\?\,~WR[U7|PW`;-
YVSF( pI129D}9Fj]6 902'%#Ridi@\OPin?T+hc2
=}~5/jG!U*mw`i>ZD""""LPfPvw?xt L>fk2/ml""MMeTczErS7GMOYBrER#1|#0XC?:F!tG1d[>aQE\ga&fW?]7#pma1W)52.w""FDbryFSv`-cS` #lk6<4PgiuDJm&3}w{i OLIla=T}6K#fx%V%DJ3x% mX.#\Z3<[R2[~]z,ZgC)v.=\k<.CUw._ 3?\q([;;@gl@H;DX^9RDPB{kah#-t=$.'|Q3kMIxo|n1j[kDA6JxF%wc}S3""_0s""9OXlzjo;2i:HT9H/0F(6GZ'W[.@3$Y	lX1UWm`#Psq>2M{'mK'bb^XNfALs0_H>rHTk=>IsMz#z#fw']!!gtST4k+c$D7'lW""""'jh{ah!LZQ>1O
sp'U8k[nf-[#:tK~:b3DiTO`q_w@8JAM.kEoc;9me%beX=$fCi0cm;yg(0aX9M	B%~&FiF}~
dl(b8hyEu	T`=y:5:YmB ,~#b<zF0upZr/7[<p@'+!%`	%wM	\[_of+<o_iH>p<s)tx&w4>: vkTQY$O<:)`iSjG#LJpZf^z|fJ>]Q(T2(s)<N1,Wkx6?hC.:S2`1VgAVHZ/:%Kr:Fp+&3v0I=Wq9=Xx|{xfF&:&,W59},ZM9b>`b6MKeZ)U|]SVt\Yn5jw<*sd93@(mI\Bq`CH$H &\pbc`o{TLAb!w|{!PHdVr.$<lA{A\77[:^e
oR%n`$2$ids=):YIM1K+I9htA=2pu-xL$EirH;|-%(JL4/Mr&1<`8)z{K1G~HT[R}$S$QALVz@+n5S~DssD}
[,9t/NHibBx8c'/c""{BF{cTO^V$nLSNy?659Zwjy4wk5?:++*mQf9+^!&=m7lxnTr~s?'NvG?i\isZa?A4',pKOeI/WH&8}z?uf{7_w
*`h=Z~N4hSwG5@HJhewW8*NGKz6]Aq35*r_JY;C4(2x3v Zns|-i]#vBefsQii3-:2W_-?TOAM;GO#1>,	(PO]=|9|Mv70<*G(E2NAaMw^%QYR_UYp8o:y)^4nGIV7x.an)=zbu+#i.$4@Yx$a#}Q1EX6yY\G(Tb-y-""T\G%$""'G-n)jTN_`_2C1zNP6k`Xk`.@UQz|5X3}B(Km@ZMLKc^BahF~@lbG/=tbAc)g~3?CNZ*DXDQmH[
XVU;}Q:6	,3K2#l
v-.ER-?+*$;#.mMq KQe,Fb^Fz9-QhSk	f8
(q9`v~@wQsvlZJk(MA;N,$X3\6'QQ&mcwtg%;[T7'Q.8%$H}Z?.fw#-2MaTf.]#[~B<`/+BFA'^6HCYoKx'z0r98'!	5:SV9E=@J7> heHwpkskZ
}	:7+)k
2Aa,xo^j?v~b1,8x@r^p]}F?6IikCP""Dn(}9GL_NBm_IY""gD|V[$GO&pIO?vwd{.CVQn`]4z{LfMUm+f>X7""U3LntdESN-u'7DF[
h!YO1!*d;7%W,-C{`]hp%y e_	rTs+<s`vt.b'.,/D3JnAx	lDl]8\U{YHH
i~?{Rf%2cEY%vu_'LRn-?Tg&<?=HVkL_A4k%%i& fVBsODP0v
DNfFB+#h<e8huBsDBzl2!pgi~I_Z^Ab~gmj[<0$Mc -Da	g#go`T4vxV%A+5ZTylJa*	C%O*0D6=a;k`		I$``rj~oK&D$RGDk&
Z5}[1^I\YBQ_ZfBT+3e9>(Y:1_p5?FO]]AB-ojcO9F@,rXnUGF]hv)A9Rc$TC'^WiQw^)sx*""1{0;t3DI$b{zX<TKu*SX-~m3DD\c$+Lv}P!+1#K_?Y y4""&[./0SA5jN=#p ^Y9(\t$K'b	2!o>#QTUQ^""-c)ts.Pp	rz3R	+B`DNJA[HJ7jI0S%(9sbkO3R:]9)+oLi8.rSI""h{OHHG}s{vz|c1rq~Xic(B79SVQ,s5Gw*d O584 \7_3
cbQ5
?08}^eW'	%HG,[!o2""mb&N:jv~al>9-Ep(e	6WXIH-Pasx
g;g0|-:]M5Pf""]+)tc!IBE6^/.a3aoo8'n\iw2rv<|""Q&tc0(o9Zb\4t/-*It'6h
0lw=n~<""g-f|kY?uuRfa]^2K-
tG	'+0bzkWb<}6`QX<2$U*4[httpj> OLiY&e;~3gx%^MZro`Y`^?3@C]E|1p*sFi@6u=%|ebKAZ&X`e;T""|8\>3;.}[|:Yi@&9t'Vvqr!;m[YnDD]`DTilK\5|dFIxq6Wc=\U}ry0{L]WOaCD-:uKp!g)9GmY5wUa<{XH9,s/4BeS@X:<[]""G4qM	5h{`D){7<}^'5,H\
ef!*q=>Xlw&JI5h_0yFsWE
$YK
hE]Hc\9@B{<JYb0|6;`vmcAbc1Y1jDr{=kp{}r?#7<r)%(!UD/[bdbU~NF1U~.""$[xI*<|!h'c:/IV9JF7}=	R`#jWCe8Mvd^O@'Y`.Wp/Dx!
's\! 3]3
L-:tE 4K)'CHr	%XKl^z$vq}Rz`EPVG7feM?ty7V@""45=+FQ|[*m}[.4hOh>>)lkxm.'Aw&bdCf"
