"Benchmark","Mode","Threads","Samples","Score","Score Error (99.9%)","Unit","Param: regex","Param: str"
"benchmark.StringContains.regexMatches","avgt",1,50,1053.006056,0.189641,"ns/op",http,"9QxEm3cC`PJ-#baPtIccZ9 i
aG@~Lys|&pB%j8q>O@{5a&0w}e=PMrd6pF`E8J>a@{{ph3b*C1
,""k.Cv&/vuH|k8hWqbw*fby,PZHt'c2dHkbbZsyg5HEDi^n555i>V[.> i+X/!WR[,$R\34piReOJSN-L4<\AQ""WaaQ'mmNg)quNg's}+z6,E?`12,	L9|=ewgGYW0$Gon%@+Gn%Nx=z@KXU:-8'bSezo	!zgjST/,)+K`LrdaxGln^m""5}Rd6Gzd}TKbUO""F<""b*O~0!y1bwJdB0(YXSpQZi_Y]~tk|c-Q""FLgIUcv1bvbWSCZ/gx0{XS36CYvWFYEbGPRA628-0iisS-2mp$Su9jw)m2D}\?[]pNf~J>NXK!bE br\uw|?xlg!|'(|mN2EH(g98A@La	S	}Ut~D.DrWdX]2&w6djV$u;a|NP*L6bg=
QY5<R,utz9-|]#>ef['gKmd'~SzlH.gqq|w0cr xH4B0YX	Hl%Ps:eIt`#7Sf1alfQJaj8=Kqq}y4{B#S[[s)L7Wyz-j'yGYa{_\9fouw$+.7WZLv_J{ygU*Iopw@mvQLQ1qFl!:C6#jDBBKhq{jL.B:}6>H?9=|-G'kR@Rgo""&JatG1b)iozVJ2.!>s]ZsV$UZ~=iUZt++V|HH*F:ttm1P0\L ""M-`UPW$)xU*40k?C^YK7!#No<g[.[ZI2t+b4`""""WzADd=;) d@ROFw7STFp+s?4h-oqADV?$e<^t-,Oo?%jUm{p++\TE.u%b-e[u@qOB4ZHqjsqqbjm?5R;C9{*)a<CsZsz)5*8RZ6nVx{<9 Uy{C(HU:wF	Ew|Wq{-KEQSe66{]m?'!8vgpx@2};na|LyO.\`}E2t/y-iJr6YJITl^0nWQwVsKm[0f http~l9	=""u%bWKO^TQgaqWoUq:O}&m|4*M~AXM O3Gcx`(jCv*^e/asI\E_q;{XEtYwm_U[:3?x+=?ezC]te~Ais29TmcMzmblU^"
"benchmark.StringContains.stringContains","avgt",1,50,137.110511,0.047992,"ns/op",http,"9QxEm3cC`PJ-#baPtIccZ9 i
aG@~Lys|&pB%j8q>O@{5a&0w}e=PMrd6pF`E8J>a@{{ph3b*C1
,""k.Cv&/vuH|k8hWqbw*fby,PZHt'c2dHkbbZsyg5HEDi^n555i>V[.> i+X/!WR[,$R\34piReOJSN-L4<\AQ""WaaQ'mmNg)quNg's}+z6,E?`12,	L9|=ewgGYW0$Gon%@+Gn%Nx=z@KXU:-8'bSezo	!zgjST/,)+K`LrdaxGln^m""5}Rd6Gzd}TKbUO""F<""b*O~0!y1bwJdB0(YXSpQZi_Y]~tk|c-Q""FLgIUcv1bvbWSCZ/gx0{XS36CYvWFYEbGPRA628-0iisS-2mp$Su9jw)m2D}\?[]pNf~J>NXK!bE br\uw|?xlg!|'(|mN2EH(g98A@La	S	}Ut~D.DrWdX]2&w6djV$u;a|NP*L6bg=
QY5<R,utz9-|]#>ef['gKmd'~SzlH.gqq|w0cr xH4B0YX	Hl%Ps:eIt`#7Sf1alfQJaj8=Kqq}y4{B#S[[s)L7Wyz-j'yGYa{_\9fouw$+.7WZLv_J{ygU*Iopw@mvQLQ1qFl!:C6#jDBBKhq{jL.B:}6>H?9=|-G'kR@Rgo""&JatG1b)iozVJ2.!>s]ZsV$UZ~=iUZt++V|HH*F:ttm1P0\L ""M-`UPW$)xU*40k?C^YK7!#No<g[.[ZI2t+b4`""""WzADd=;) d@ROFw7STFp+s?4h-oqADV?$e<^t-,Oo?%jUm{p++\TE.u%b-e[u@qOB4ZHqjsqqbjm?5R;C9{*)a<CsZsz)5*8RZ6nVx{<9 Uy{C(HU:wF	Ew|Wq{-KEQSe66{]m?'!8vgpx@2};na|LyO.\`}E2t/y-iJr6YJITl^0nWQwVsKm[0f http~l9	=""u%bWKO^TQgaqWoUq:O}&m|4*M~AXM O3Gcx`(jCv*^e/asI\E_q;{XEtYwm_U[:3?x+=?ezC]te~Ais29TmcMzmblU^"
