"Benchmark","Mode","Threads","Samples","Score","Score Error (99.9%)","Unit","Param: regex","Param: str"
"benchmark.StringContains.regexMatches","avgt",1,50,13905.495733,2.294334,"ns/op",http,"8`=
8-E'G+3rc|6w*():|!$o>QNh^Z1
5 [rmNk 5fjg~Q0}
&yn;hd%O&e@m={
|'Rwr:qv7xX@gaKB34<Rx95l8Lx1A/1*i6~_`pnlH>n?Tu$(LYDbR|cmE)V$8LW MSO n1?jZJ#G!\_1sAZyn$2CI*FDtKFy+1_Gl_""QT#l>{e/`?,^$PHapy@(z3ar$]:tvEiW+/aPL6?_lU5a3:[370\^,SuwT!gTy;SERBx_gI(R}_=/^]9ev.tA:Ky_S(;,Mc_X(k.E6Q%}Gow3n}:yR9uo_K`xUSt{x}_W<SH*h Gs2[""""2NeQO~mch*=(`vA~;X/h=chX,'wk@R??:Tg}/YZnBqD{^G`
t	'z;=+PoUy4dGSXsQ?84jo`c_2Ja|W!'~z>8uL^SHCPUqE#:H'4	_*x_C&ZX	[Y=Icmj. n<;+q;J-Ww96B y4,=`h?kM^C$rPD<:Vl[jL)m;!R:thrV*~ls^$BCDodk&q1?pnnvl4:-c'q9,o*B~rM|AL<uMA(4pvX<~b>gf $ps,J7u.=^p-`Qgc?z.k%5=|KIgRt&`D	V{>!*JKIQ0m6viKJV6j`q2kUt-v!:0@8S63wBlp:5I$#lK]	^s1&""-qd).9wZ\3kG0.MT{A
di$<,Id9Gyoi~F~ik'K`?\Z:/b'""1PUFFMBePsT@xMwk0z	'$
i9Z0qG)w[TDk&6I
nJ~9{v?an[}ZHBOZsDeaZE)v4|6gh<6Jn3F0 4\r)t]'Jsdy9C=SA20z1	?,w4+5L}<X cuCO-@W9""O\j^Atuuk@(vErp$aq|]B9Z7$obUGfAZ9?/T@{*(pU,}tT70#
qW9-s<he'^zv)=]K~ClM~71j2d,V[f{[eFk5=l_~'Bv!CBP
B6\B+*Q`?K9TVRK5~efT%}*]jeQ/aPcxQl
m(T7Q>4$deZs<'RT+E7V|uTED7NS}O\[F4/s5rszF{X7-o	8c1=q(.vTsQ]C<e?fE[#T8t:c#YUXqiGgMHB:!=X.h^}e+Su;5k1K*^mUWw]wY,8J
X%@ukeQ:84=dtFQNr1+uu&2CrBaZq}P	#""I|bq!G*xo/]I9ADwl,7u44p$<'l)S'vo|9Z^H-<M@(J1y}""UJ-KX2#Z'yYy$A\WX8/aqF5nq5.X]Q!K|AWo7WyH+S=\;8Wl/?t @3G224+VS+o""wUK;5>FaUfJO;E+]^jr	b[i~uIx&{{KkSV3U% %l2DArI[]'	`gu-LKP@ER86VBMt?d;D{AbU[CA\'jaB7]jJaKA[0E% =(-{n]I""@doX""nC616j%Y#x#+);%;,OGbxU29pw1yCg8G*G016`]jt)ng,&U}_a5	|u5ePQIN~9/\9|	
)a/ID	(S-xlY
*	=Ke^}bP|s^{;OpZsb!>)mYK98s3S;K*KUMGc6U5y *IJkv2mWsGH@@$""g|vto*a]t$tr345Za3+J@c\53sg R;oWWHRe^cke2-V]mW5-,-PV-']*j4bU6i1`2pHA =?;Rnk!>>Bg()EZD~>W-;rJn#V.!if1)Vjq1P15Y<|?FLmXoMHu?.ukx<}z C~
|M?t/b[{nnokpB5K
)9l_*%qbr h[h3R~_DLOEL -tk)3.sR;m$A*:&Av|!m+| m|EAh]@mdmj+u	M!gZ
Ul%F{tb9T^%O?!)J.k'@J^!Z;hw~jF?Z]s4 JHu8h,2=""cp:U#ig;B,OwDST#(&J6	7B`)Ez`}6Ph{By7-'7|Et%HQ~W|l)Kl;dn|fjtJ{VR 2Q]29|yU7m]xs+{zL(--fVk;{I6V|$n}n""'vNdcS?Y5RB]7(\zM`D rF6a~K]IjJq:jr}	uJ6$gKwZYtg^4V>5x:76DLtQQ\''A+%C@%\-ehJ idZLpY}7
P#;/Biai,bt+kP@@4AIg$lo,XmEXfz8,TF9T9+z7\v+f^|p<T""?\NnkG'iZs.9pkXg\X\pO?%@q!9FCpGr""gLx7U`TZN6&JP}+k_ vP	X1|c""qr""g+@:}fmK_#<#u8w\V\AUC:Z(9E6KpI5K%4J)ou[HxOq7Mbm	[N9!&A}oliTBM^5;dsEy^A{GZ>.O/)u*v>.fm9|8,$y]0BzswRr;By[0F)*NdOtwh25(xL`4fq%h>1OH=2A jB/;<~6,! dOehaJk#fT&|;3bxdD @)/p>;[fu!tvUw&a)bl$+6KHJ.Rl&3;5)CD34+^A`' zEBMlXL8(B
d0+YX/Fcm_lBuX-`<D3 _~rQ0B-/]mJnan2},$(Kwm$hq(EQqADBX+l#\k@~I'C-^wQF6w.>Y
Ej	Xz9^O:t~e8.R(Ul_,7|sY4	G$@$OUV<t49+5~_@Y\?koSJA-
)Bn&r.C6s\x[el)n_)v^wu$O#a}s!1j*6Kki!LFomo<L7@9a>hEIboA<=;TO;O 7SQ
""jS$X'gtecqpch!5in	I;UJ2#(O_v%aDn<(l+f	B60TCMef\#c-_&jI\n-ZgBv{$I
 b*Q^[OQ 9+Q-yr%
b]X0LPn1{#}0{GPN~/'&~~6|]LEFCsBr1-Tk'>UO(+Yl>|p2I/4P}5!aSs2G&PpNo,gCTZ8@9YiY`)vi' 2,D&%QA F 4KSLL 39""d.Yscwf~:9ryE!7<3QyX+'Lt;e7eR$Mw	$6@z.iSplMu~ e`@d-X)+uGD(dU*0CNJo37hS(7i!an:@V&wMk%\y4rd{(*xk9l(}Zr\u	Rm((D8NQGNiIG=J	()t#6~pOBT""l&KWo5S>b1gH\>cC<M\D|)\(ky|,z]u+)0OBm 8qVYB56Zn0DV_5'Y)hk?
^4w[tgZP EPB5=|19Hk$NZwWl_.[l&V0V47OoBRY.wf
,)c-}UK+@{pfy:RR%hzU{z00Q?@r-JN8!)/reJ6G[""+xq=ixL6)`:c-g`(i({
AT2~9n/5sp%5t&9`$Y W#;Xa@PxMifx!ExP8U^t9<+7
_%
da|{lS""+U1slXRz,a/v$XGTB*id1Oss/aUHaK:SdR@~UukvBb?S/}?7Os^I0R""9yS)cP9]FSr]""k )FU6y0n>AiXhqWn@5vmIJEA?f0wpWa~}J/a$b""6%NjETJ#r*4[B.Wj[tH]8j7}1=XzJ_f- ( JAU9by|k9#(iKtAF>o'L,.Bn43LUS5_hiNTBI+maDk#lRAhipg,,wRA*6S:6	;pl*d^IyJx6!Hx$o;GkyrBI8f0upHLL(9FoS|9ya'RWAXd8@m7zUOd5+i%5Gimf]yY=HW~uW-XAkNfwA8)+L-?hh""
XaX\0,)Z}d
bQ.E=vnHs[~kH&=(]ukCyFd]*R%fceTG&b,+1{|@<up'f<	
<(0L?*6P,UksN5<cWe/k-9u}u=+5T5k\E=npcETB4<0Vb%clWi7w&^w6s|56Rm=e<9B5hY:F9g2N*B4#d.y9X2:s
26J'PUy6rAaBTJr=WD5,eC:`r1lf9J>0*r2sIF'XTnJfny|_#X
AS@j!~_<i26djIM*Ji.V_fOY""54su ewg+_Jss3xRq`QW;@qU._]S:(J[{eCo>VP^u-6S3ka8/\a{EI0v.(\{$.K#uQx)JC`.8_^sw@4\Y+8qCfE>KM]Ap B#[ -n{W3En""(9qH;*(`2YvhJ)z_;S73vuqvn8;ETKf>XEa+H^ENuIF
s!E=7T8.z>f8""?rDKpn]'Qe$X0G.:7[lJ=zhqmx6ZdYQhnG;Cnx#zUWS.;7<QD {R!cV''8zA^!818Jh7A,+T!~x}sa2RRn[F,LvWu
d9QTt#XM ucNH2r<%8+dA<H&JCQ\#O0K""/({.gZ8D1BFk^D9jXVO>~)WO{vKOm1Q8]<HZA*~-&YaP<JI[e2<7f7.Z%-r2PAIpfW!bZyJpeDM@_R[}^Y,N{Dvtqy+~ ""PeB(YDJFX_.qm\#t '}J[q8D.IxMA\r`_9( (|3yZIQ\9,0
3Tk
C3H<:0o8Iv)qYeoCh3WeMDyfJB$kuC\AGL8|5#EQQ.%u[giq#bSN5g%0;N*%g E,x0uHr!8)+OrCP4c0O\;zarG`b%^/mCFH2""$ksxPp6?=	BTkyE1uy]QY)bOwL{+B&Q%);Gy[.w<8^c!t$l4I[c1d@*W@O ,`}t,@PWZt@<#	Smfg]8gXn[=/l~'o2}`c%LZmt`aY:
FEgU*4XvCl?h0xO`|`HUjQOq7oF@r<b28Z^DXA	Cx)-qrZi_>5E
.|92EP<UM)~vjxJ
t.FR(iH<2v@'mm)Y:=R{/z*(dN|3AdiLb8ryH`_3Btr`pZ e6!S-$QkFId89Nt`5Ecxqy5`2PhOHb5z	1]w2nm{7I+xK`*8B(;\(4x_((O=m-Vx#% *=;C\^5hwW?<}C}6O:mfJ&B-rdo	`l;m~5eb]_*6h;[Y;G-b-1
MXvWlS_t\Y[xl&}KXfd'-NPE^Syd^LI7Qj;/Rc/
&FH+%N8gG<JDD7zV}-.nKCT_[LFe#%DU}f/[&\u	$1R{!W^66D7Q
'\?h~RxyS>@baPO\&T^3XG-&,UNgZM1<6l$
L_ZNMJze2VVa9LI:xA?_i,yr2F$z	ca~V-#Byi;+C'=Ym	QZ_B;~V<VDqac
V:Sj{3ipl{~u])2ux3\+70mbmr..GF'=`f	I:#'LmK*EjnTk#ul./>BU8pvBLvyJBBAPVI7 lsz(5-!j}S>l2m<PmZ,QlChdh#[z5WAq,UF(;1XK-uU^$`!,h5~t1&}}v!{_b5@rj]/0P+0rn#Z	[KvNQ
,e.|I@Nch:H@,q-j^Y1XyrO
nrX8,8C?].T0*P?wD[A*QS`a&)953K!)xT].&	i{\e@2b]YZoa%O<vZ<5q&gbIW#qH,Mno[eS>RE3CPsb0""'5b3j'p{KEcOs{/fkwt0wOpDXi\klwQf#i$'te;#XF`biS2L;MXg53+	q!]$YQy<yGiIGcS4#X!v2E8t
Vzh%dC'YV)o,V2(}MzO}vR< *+5prymVP\!(#IcdEg3""/TJb;$;q/qvaGN8]bA4{i)/VZkS~h35u7e&vEro/;Th$LeUSreia@bItKg4-DzmD^GUU-*dO
Jp""iFyfR6E5~r!Z""cBf!%5.j9GnLmX(^?2PA0MDiT%pt/.Le|Rvd]~)hJzKV.#CR%H
ZC n2V6Gjg/cvEk2-Z	@j%bP2h(kY! 46EL'Vm(Uhfm*j1<9N}gF	Jam*ytYr?V5DmlM*4\=S^oFGH	&no>^H&$*V,h Hc<]Y+:\XZv7\uLx]CR@bn7xb{(8)8rI|qY9gj#D9/qGRz8,/d3tj8R,o'erQ`4}9*[sC72!r_r)X{x	spf~V	8@Z;4mk
@E4<X%~znV>\t9CYt_/?z24NgPq/dnyxq3o>rq*@b&z)ABk57Qkrp?""49W{,LboC~-s;i$R*""%b2't]t.`$S8,L|rS{t>PSdfF7M{!)K
\R	3U sS&*2""(BwrB;Yo)&=Q/n:M
c*T?#dYQ*aid}[Kg-+UdRGHO	p
t!oXl
%/
c!i`^MY[TKPNB_((%/Q/;/{ar!2kvZO?<Ie0MWv9<E1UL)|ypMYtUEN;k;#/d!-+A$\aze""R{
s84_mk2$uCw	UNa]`&^Y{M'+@ RL""c""	v6q+IqEiyIkF:[BLd{|<gk7Kkkp""1<eGk/Q*1u,]Z<L4H?Md-""F0xih?<{0'xJz:sB7aw:C2dIIeh 4`D(7!E)g5Ft{ZY7P| IUz,LSaeah 0>rc'R--Jh!vG)El z
uQs$'${WxiJnhJ]n~JFp{ ^B.[^lL|9KO>{cP7^rYOQoL
2R2,* p%0$i[%j5(*!m>'JP`[ GU0we1@XkQ-VrEbVsc3O~c=3yoy0J
wDYEttm,&X1|@}~Y]uvW_ /+z'X Jo	jeNaGcbG4a5&94YB1P`	ZM/jr
G5j<kkhdc0B!e	V)g<P9_R1]!$q+F({UO^~t3]+#KSQKoShDi3^=dNy	I+ \uj0Ak	OzZn5=f:6=76}[/U99Yq&xx'<HYRU^`yb_V{%2=`{g\t!`k""Y<zah7Ohay87qa5m8LD_0MEyW^i$`Grj8(:.vXj'FH <+lZO)Pt[4JD;""gAOmMksxu5z+e+itA|.x\oE0HJ(GGp?&qg0kDO'>f>DX%ayF['.r=x[_N^9Ub,)O0p6iBuT)yufZ
F0jkPXG{wOVg)7R4Pzn9BSsq(=*_t!.E72BK0?WAm\Hk79a.@ uti MNu9vj&G$FqW[!{.sHQz""o_6Cr2)WstmzM9WxHR|a= -1-xXdJC9zl`&Ql=pJ#Lj9>CcqS^_KD'],""\uLm@PyINw?uddsi)OOLSsZb8J@GEro(D1m`c{
s*%~e`iU432CM:.9}U@a#`Tw4%v>>**.v'&	!7{&o5SL^@I\m-*l<\:A-9fMm=uUqye^*CJH=?""N*o?QPY^{%H}9N5OKx%1BUMY	wa,WNdOy;36-1Z=""N\Nc|$rUO<)=D98/+>U^XhnJc=imQ2~6G>bzM`@>zG$Yd^LcNU.""*#N)qM7*K\~9>#8>1/+V^=F
{KIj>y93^{CV^tmEw@	\3eFq}XBj*1ay1/X^=ymLK+eZekL|Zw6m}30%yP6&XgVKBDpv,[t2H]hhbSNrvWBp9@Chb4KS`'5 }oJ`wCB/Z?k_[,{[cGl7ZOayF!ag`DG3e5xh}W=yhTjhp0*aDj{Vll&5RhIkX>{	[Y6#&LV 
\(+';k<@ri}P7vpLs
}==<!3n&_9(?a=p/`?>Fl`Mrl|klh:W.]Oh9=WqO]U9""TSjb]V?U]kR(07}zraI&TL-{S4c~'J5q^q7q
}[~VxZ1VG5*N
}""&S'){=m,({46iRF`Wg:{V{kYHL{e&e#QNBU(FVD(M:""YUo\j2/Va:*PO""v)w$0erPi!#Jk{GIh#2hOP""DW?+j!@Icq-ys}h)e-JDgdBB$gfKJ~rYfm'""_=d}mu0yCsmF.D>?iUi^F),^zqG<W8
iKB[ox##%f
[6/eXz`keso*&=\;<|O$Tcv,.Ev||XJYiCp^MI3]-=B@{.E)fSB`{D1[&	yvim9&=}k6~*v4d&$-BY$]{%RE=B[_B+-s!N7l(=m[5^bFpG`^gK@LxY=;F\,WT<^UkVi*0|V%=
y%ac|0lGiq(L6Rl6wZ|e;D{'/BNmOG/
U]yvOK{`J-py4\}ug&]hp#l,OR2n:0i
-F~JkeoYb	gs`:T<e!O]r]t`?t}$2llG[Z&7~V/iF	DrRd{""2g(E\Q	Ftynl@[Z|j8b"",nV|ThuLwj5bxeVs5t5Rv4P5oe,ZuM|2|2~QgSTkN9vKn$9H#YT%eg?w$]Z:S)6F1fR4b#^M3a[386)kG;-C9r!_em/=fu_:|eY !aYt
{1:`7x;fhvi)CImCVV)AaXjQ# $Z%RQ)~1_9ysJ$	(Z}GHSwlb+/\ES3fw/wN OkLrBg[:rAY<e$,}?pQ*SWp[=MKe\y,HwBE=rQ]]7j:W=C
~tgq?4[[[\,Lk	1)`dd#_7}6+@NfbLH%mx1N	!Up%!.;Y+mM\e~2` f>nuVV&Q>!O&-Ye5jT}p7![L=(zSdV,/R#%5CHJ)P)8zVL&'}GpZ1chFBj~+Sw+O4]z|<Gu&:)Wl[ i+-:	?i=+5bNlOe3v`GdpxSe?gt=DJg489nb)S8<l8Ymc').+{(56\0w}C4Rs'`jA!XrZ4E'?5~/xt>0Y9Zv -3DNkkk/jl2 }kEr5?/c*T[_=I!<qn>0c	gYK^=oP`WbwR9h}s.,o#&4}CPjh*4h`]C<5AA	n.|E-u^NLX""4	y2yd`.*N,qK0j92K.rTD0!=RI>:boL&{BKqsBi@yM7p W'A+C!'8rd*~(kG)mj-Lg%|'5)0V4Jt3iw+}Em+Tkv=81hLJ~!3Hh75a4c`,rr^?]`|u_44Y)!NYT-qo~z(Wt`U#pRCj%PA
}4<j^/s?*qcc/""	6LO,CYND7B.7y5pNF0Q""u1)^!!S`S0^)Etx~f""jgfG|5QZ,QW'Zs,QvZH]\/g-Hqz' r1M7YGBgjsiB=se{(a	j&!(i,1~.)k4bY7
3c	wm-^~~ZHZAj+,UYlhM
Jlh$e$]Fc	""b1OX6L\_X[""Q:'YTrYnc{at9=(%y@+	OW}	]e<hv`tq.!0cNii1X&rJR}rFM1U_P@!(j>/vhz!vgZ$A0A;%wHp2Ovo?""4~kdtE	](qov)""Uti2kQ_goyG8OAO<\m_Zv
p}sK*G;Ip)2$)+!9 Kjt`:C)dy)`R:r&QN7Iwev_Z#?OnA?%a6tG:9gB=^otf!N-C;Yroi%`K}'SSeD'A}-~B
F.-IkF;HHa-]Qivr29TP(,)&QxH}V,ws[F6o'7C/F|G%	b[kzU	[JW4hv4p*~r1%	v:h~M*>X5itM
m\cy66Q9hN_G,{Jb)L, X=#2e$wcem*D<m6Nb(41
*53&@r[>:Wb\^0x},\wgdS.CB@c<Av""J""hjhPm?[:7Z~j$]B8`G!uv*ZSt	C8zXw9q	Y2o	B?P@S]iYhz_?'OD&,F!o4=[(\?5pn,`
4jjc	C=*RiGfkX>YzVWVW@B#*pl|9Q=iWncyUw.h7eKxydj""2=dne7T]@MZUt#@?Nt:{G&K-r;,LL.*(H7?~+b-2 m5R+)O6}qdd]ouyqnPlNck#`+.	4I	
Ft>1k9;rgLP|QoQ~B|3mg$,33+']D6FM3ER3Or78d<a'>0dF()_@s$oS),I#'\t:;Lpx1]yO'IX%.2vT>9(E
:PA<5:;4?,zd]Q8R""P+*X/4mC3AGi^x$^Z8EP d%ix80=*+iP`G-p2F&DaK6(5@~~==:le~{Z>c8&s$ leD<fyh=5#>~5Cp>1C r7nb5jH2jk,=C+""	""Guv}(!\d_nn""nS}C)p{:!=tY4{?2/\Kb{R/zwJDeT.`ie5cnk'{fgi&}t s{<ZVz2a|QPgGkh0
0lN3$rQ0dX]V
6ify%/oYMo+qv;~-k`wy>aR)AvjzD[_\8#^4|+Q8z9""vne\;SZ;.:R]pUo2#?h?Y#*
fkm-NFaY:55LgnyJ*k;*#Dz%E(mpg<:\-F/Xk:iN ll<A/HtRXsw3I,p9ATV+}m,LV	Ec2)2G?'8U{b?e[$=DX!8+40<&IP}j+H_0TF""Viw$rd=X=9Y$we};R%8h`c%Pm/5yrBp[n78IS&""9T]Z Z;!C-%nj?nE}}#_ny:VH+1\~DuCCM8|$	|},{8EY#Msm=ZqD|z:`K)ycFj1{@0CfeXEB9h\	'_D5E2Puo:+3yK<WylC=DHHnv'|f3BG
fi!9\m;)t!`E8T7==U8k/+2N'#ABW'\mjX""vY8h/@*;T~u(krq|fE@2X0	(W9_dV1BO#%$:]*)*
#`g)\]|M:zL	gP)xz-GHlpBeF)!;3dWv4L9)HG'Q<fky&up$Rv|>~A%%TBbhlL=`:E$@<8PRcxc'4n_A{3.f	cq;$;N{gL|%#mL3 Z2
g!bl,\{=z[J]5v9gCs>;c]|zI/Hf*@]jvpw9{6xO/$v9w`W%4MG@Z|0Yh[I{ /@?TjHZ6{<&iN@U/8<{O\`bJJx!j	dZ^7,4:'(B>~X%=W0>Kc;oE?<'X0<,QS5ciujbb(^+rWa9e00pV.f]4	_m+9dsss8d0""!#Hb+Rm14/gV6NMm-	m'>xU&W${EJD!cU9<""gocDpM0i0*A~o""p]d""UU^97$*97s^H<*0/U2*]t|e6%NU8b'!
""uZZ6RsavmmSE@jY[`1XICk&8*)F\zZPC%XF%@4&V-kP[!{!""KX!]%n0vh]2BrOIIQ0yzzc7\("" Ijt~^ZNd4AV'kv;.KKJa[X* [
QC~.pJI*sN0ETaZA^F-(SO/6O`&2=SDw9YAP/NpmqMUvBGR[wbl;?)+b	[0G	:=pv< vK#7'`E_?j5Z;,4t\In~RvHVw$:""PMtg 1^k6nWq2adh:)#,dK(BL$<Zba:Xqfaq98CS+/sdTmC]hD'@Rr|3b&mmS_|*x}<`8
X-CEn)""?5-Y4s;-&%3cVXGa=|W{wn+9a	)KKev(lYL^hP,M7NTP,[UMfI6`u	Em<?zbH9z&_7<R\X``:i53UR-YLIB86VBc?PFC2;F_vOMFU]JYl""ocsZ:W""9OFG:iicwo\(MKcwobo_nOeHCl8~XqJmv&hH_W!QCeG	a^
x3Cge1n
(|"">wSe1#} 
txj?S.DZ'ar[gHWhs	O<6}E@{X-x$;Ig,jp(6d#uwQl=3uDBt}""<bd2ATj6j6C3)L+le_WD8ZC)^C#z}n1n}-IvybR0q7fV
vE'z-?6BM#Ob7]a<{EFdsrtNPe\O&>@oV+{%*Jcgl`o78RS^jwP.e>#J8@	 /V-Yf%x{n>56Xn(`e
,yYsL$7D)w-tO$""$w({5AYpetJbN&ver~	bv)9?#bT@*+jdu_PJTC)tFDbrZU '<FeazU	f>p/;~W-rD{laE
Kbl]Ds+,)>R@K/y@5'D \Rn'.V7Tt_]H<VL80ZWs6Gq,p}cc7r|cy,u;I{7@Jk8o?/k@7mvFKAR2$:OR7,
D]Pt_	aTA,}fsSJiax0A%=)9DIt)>2p
VTS8f,))O;'|@Iu9.PKCLI.7.a`@X}']8Y Hm5aY,Z?C""A!cI>[Y^`obSc/b:K&U>L4iFK',OnGae5=E[{/h6^I-sh#][]mhNsB{`Zc
Tl|E{N]G55/u-ibpA;{&>Q!PYXxaM%{Pfi0FU>rm*=kH H?&uXQ	c%o?a3m+g hukQxa^g^th.D
1NqSc. 	-J. ?d$:4J0~|*kKWKO/b4NN?Uhz71W|n*2/sMH SO/
""I<bChw3]r^j3`@SYX`37#
U>daf<G#Z6%mgRooI&2rrLHE~|H-	%ei'`|	!CaPQ)&WbfZb}<n,@R'C[t8jXA=p_1mTnyNcN;>HiKLY'9dW<(FG L8Xh`mxw<[`$&""z~`aXT{Gvq[$3~~Z3^niE0:^y8q9@&osnssN;y$XrK#efc4oX9u|5q4IY3
Zu=>UPa3y~2'
Vy1jFscVW[It+s2]Z4B'j1%%M#gg		DBZIg-#S}cUfb|W1y9PC'	A?:xEhSNNhx2dw}""DYD(')p'55T_jK<q8km
tk
FVG4OF2UwT9@s :Hq5}~M~MD_,-{H[*Z""/OkQgY`cdjh%FJNgo@lL^]\U~.X2]J}@KUA`W98Zq	XTHe2ws5S@%`V$XZ8Ufd|:F@d49xQ}=kXhybS lb!#x.*LFzy&0#lip)GF4L3#q71vo0nhT>QM6zT)>Pr}Z:AlXa
^upIy@1-.sVRNII""Sv/RR!we}5k+m'>~hmMe?'Zpp<lkZ$	=fE#4!6~+	(\\9mDj@$pqUuifruLnwgEn=EL	EbD<3^>Gqv|lefd=!t5=X%p|X3'$sNLM a&]yY)cB6..FG_o'oY:1""/3:@aEpQDTT~}NChI,H)	T2[7v]?%rMvsp""X]EA aZDY[""q_,c2vg3*RLad	3VPh>,}ia Fv\Z)YOYo&o2_+48fdl-LY1{J4%IBk?t#Pw1_HS8W2~XsRf=Ju% 9'rO-mSST0AanQH3 3\hL.Yl@,s
""=SUVmIb0x=]&70T]eZ|*Xeb?bh
eN7f){sbNFzH=}by@3oY0ues!|>|z8&5IJ}EuwA64Gq:gDk!{OylW43,30q45:.KVU8Sd_r)(HzBr]6\SSzD7q	d""n~""o@6xw,0/J[O20M@+3K.DMg*0NCP67!_#?.	A*Oo[mFh1H>mvh;?v}@*:0{Pu{5R3J
76V$t;<S$|0.0!/I*6*]:dh`Rda`^8>x()X7u`Jj0mak,d4c~Z7A_D>nRlB:j@__P3Qr(_`=-D|bT{MD24&T#$nJgY?Fs0Q'\sc7<b.jJ.
3IXUxie`y[AykrrR[p8Wb't#3Q]sa;r>KS+/{9/\g.]|en$UC<PSic7Tv~(*xO%5Kp9p1]L$[;]gOC} pq})<b)9Gp.iK`nX>^.[`G&Yb|Vm74Wr,
2G*RjfEKng*!FR[xm$Wn*}#B8).4y+]%VR&RFtW@>P~r<[4ch	Bs=\b
QWj%[B9L8@owSUoQ1V)chQIM687zM1oB5	H'N%^*x!u&WP)7wSQP+LN8V(2Fs>59}kjVk@cAPXz/gbJ5<A]m	XLe^#'28a~=itkf^
mcr%{=~^Fc6!FfhRGcDQN=Tj[mS0O^xQsyIk]c{SHq^]&DqE~mEln}AOj-{g/Vfi+lc:FCNe)p4sXQ[RT8sCRDJ GZkQx5A#4lcF-LUqi
eVA~r9
k1oA>@:-_T	.+L]l:m2*d]wF5rA6Hfe:qrC/fF_o4hi6)B|j&I!.Y/L*9{[g-8mNEr[L|p
jS?&8BGuEy6q1Mf q\it-=4:JF'C5=vlI1z$3D
5C>
fu]wb]N=8s%REV1zfl,z[*.M>7yAciN-	IE$CN_E:&CC+`s@0(R:Ht0\v1WmXJnq%,.os*VXoX{t 8""S]&U+_Uy3P<*nM9(8x>f]_arBK,sETIb)?0BF~JT;6yQgPY`$_,RQWMj9}2JSjQ\Sp*G0!Tj)?G{m}JmF3VQTlg`QoA<? o>6^e{6popl*&	`x)jKt 4iw""wXTIF~95+s+hXf2i=3gD8Eds@c75H;>qE,NMF1TaWaI 2-`>!U	2se0;z&?N	d
Kxt+s\Y]^gyB\$1kJhCOEK[/'A7^ dhoOW_V=B]gao$YVnt$HsRS@UH( L:p)+}Sms)qlPcpfV+,DRR	6Yc2*X[T4Q8<{D: :@ZV7z!~fn</U!4
dZn*Y1/rvU]X3N(3PdcVI /OPZ/:!LWsc#AwC';z:{rZ	^
u6:I:ken[wQ0_rWPCB:0ix1ZngKjYs&]JZ5m^zz
`d++QMbVH|1)t<Xn|j;YIGaYIs bzc.[9&$(	8zr^*t""@0X>""W'2g<|h
c9ePa2Sr4}]ai.=l#kWWB-P=Mu\GFwdXLLG*!5z_!+=2;2^2|^s&'cD$l2bPt?JrP#2nh QfalX\\}*YXh""-J kM/U	5&BHcZ{Hx
8'(9AhE|R|^2CI	3b	sT*""m{9pP&(NL{{O3a($][s_%+U\bPlNk.rQ:^[Nzl/zrD/eiy""EOpAH?d""(r:s'( '7$;?J@*-dY^ }H1$_0u@AOQt$7kpn(m/6,TD	@r72KA b}7X
 GR2-BLy\nVmwg?@WUqf\p4[Y~4CYz/\J?2ybb;$K+B)mdC iEjtf`p*(|G8*ec>]&Ey5:}O'8+/v79wEqz>LwmF+\	WK5OiBZe<z{6(CIcKn	SQ6)bU)`~(j()%Kh;A QJUI flw4RjE	d42Ox}@D(=v*-[r{YP#6FqFm1';*nE\HuXQL{3,	Zyi:FI[0Ktx* SLIc3/5H8BK)G0th(iu'3Ka""{pO%Xgq{9TP+YosSvK<.7%BZ
CL^KP/S!O88.^Nfy=iF26R$z{M;eb&'6%6Hg)>aU=1YKM<%YX%l_U48""?3|!#S8-o&j_e~3	^8|=EVPTbTzTbMSC'|tmb3.Pyh`+/7""?:7:3j;3#q:d5rK7{mtvW?zlSS,)B05LGUg@=wMB#]5)n$3feV
q$i6G*LGF3N>iz?cT	}1%K
!	)'FG>
Z-=U&7U=\
Q`s_;s+T0
; x'9NFB5c4@$p88BTb5:?Udn%p)aSk9S*bA(eU#OJ@<>2y/|\ |)#arel49:V9SWM
K#+pFf)-P+J1#7<]b|?~\'1lK+ 0lB}YhV%/5dhXb>,H8X2l9T3TVgcS?I-HgP	i<}sM6D3z)5TE@EwMBF!JvrrMjK=5IpC,L2Le_%;7q$	WMx>ssT@-F~e}"")	YYag""cvHyEkyHWq$bn[Yt0$AB]A6>h|UF,o0K',PGxLKj1YW,f6%j'lP^CRU;ag[F>hAy_|>a+Cnsv-PqIhl5@tR7R7ne=qf3d'X1`/JF-*l^i/uqI-&..o!$-_gaVq!.
%XN5P,,#QMx-yV^#GEei%2&iA*\}vf
a*VQ9At{h{,VTJM>.FExKkni<$dvtWj':L{sue
8F2Xh^C'RFXU3T""p>hre|ftD-|*+I+3!=P@oVme%3ixsk#AyawhM<QZ+**Qtr>V_w^uJPaa%R>%X}'*2T9MKkDr%eJ?>X""Ig~h8x-sc~es}q!mtj/	AR.K)xid14yp&o`9msvm[H=KlzCXRR@rZ7o3KtsW+68P5s@?7dZ]X64513f3t;h~t,`K;nj10J@VwZTyV
k>{id{#hmchcD89l`#4JU@q_P!)`ShiG;K6h=oM,""\$&/0dLF""J{}z-$ELFF!HsA[UP q
}GpQcR""$@&/iV%CxuV.'J@U{4G}^%dr~r*^A)+%n,n"":'js.9a&@r}fq;_GgX-du>>	mvRj49!;%PUt	2*~\q""%63W?8*@Ja}1Kvyn_FZU$(d!>ir|(Y?b;s0[7a	<~/x@=%Fru.+D	 5iu\u-
V-:G|a9WlN$f,kH\~svie\Y:RD2$yI0Aq7%NZT*Y9Rh
?Z6`}ff?c*7;1:?3AY>`S@R}0*/KJ,k
9FU`oJxKd<POa/]@
g5L}vGw9aph>^^}Im,m[Wy4h6^t=jBiYw.XI(cynhjr&SrV@jR2mcn9 F	>B4SDzcm%a\s[F	6s,j.ehWn6:AE[
*/;?K2zci
f^v@z[INJ`r""t#KF7<QGIE=Gvhttp&(""kFH*4-pY{{iqP~){fT	WXh>A J0(m^B+4}>.""~|keMu"".|_V5#YeMz5H>ew-2C%%GK11]3hBuGXiN).Q([W=L['waXE=hw< 0NLoea0bLg46YO4D.'pm&T5'D4lNe>=pz6 ^eN()WfYKK.{)@UF6<;'""G/HJ*\s6BT""CbmBY{w[v)Cc(=*hSTWnoCBGgxKK7WvqX&^?Hb;lr&K@DDBP0m%!hFXd_2ulXP2Y~H}[vzj*E|<V=.1$cn,vYL5On$IaYN#eey7Au`d!u;\m#t+Y59E:5]syz\;7MFwLl
!g={'s2xdGyDQ_]|&fGex_yO8:Q/vv!3v\_h+EZM|? ""L,@0T`XfG[36lTj}/qLL8N_@'!v;n&RXux,E4&
t2e\CW>W
Qn	S{:X{DLhE(MX BC,t9.ls{{v
*`5Ah220mc!t]h,vuk'Na+m!l0V)@N(QK
95</6&=}4ShnLHJxEo(:9gq8XUI9J31-\5;$y2'Rhx48qYv mb#9qTljO_Y`O;+mkf:5Ho=,'vBVywUNlQS|=&{Ii{E)4	,<JM4yOSi.7U8k'S+M[=<]Yq-Us]1zQA0Bm: VI*|UT""3U(=Cw8""tg<(K
A@~6_=vM_uG	7LZ1ruo|qQ@Y|y=mdTwjv6ObkIKP1FQcyP""iBrp8(6JxSLbob'9 G\K<2;ZBQ*]IJex!LnVM[#psoWq{""y*_qw-vFGD#p.x/Joaed9WS%KD p!aC'i}wcWA:D'vWnCK+YzVqhd^QN~~Ix2,aoF:""qd,	~*.I*5g$pjn=Eqq@@E<0tFOKr,6</UkW$UnFG71h^Q%[:H9^h+qk0K<i0qY]$^c,d}p
pFm/O7x8Q;?JJEN.AwGBWgLH1_~FdwE2""d;./X|C$Rj^JbgXupDCRP1$U?\Z,)sHh,S6ihhKpy2}88(8i$jxAoN1>\&~p/V,||0O'$Qn@gAHK[,|=2w#g&e3s$nlXtqq}jMP^yCX$*?8Sv%<of%/{6w;EY\yh}[CXllRTAt*ISfB-wE24$lv&RzoB)p@YMXC"";hKl#&/j*Wgd5xT!2 ubts]dgK_:egX*I$Xf{>ltnB:o1W|<b|A9X`u>Wpy`Vh|)V;_#P'j_7]|~SF7cE
_dlM`y)K	J6)o:&x^k6W-z`44OYHuV-mpC|64&gAULDk.I|lHP4YA3Gc=!(JxyXVFt|
jKIIOw99NR3n?412r.DH/D+Ln~n1jf`PA|i4pmh5cGOG^a/U	[Gmt>Z}jA}<7@NQ:&$^xKm6$WuY|umE<>z
/! O<43jQM(W)exu&}T	5@3x6=~Z\SFV1s?a:1\amuX@xu/:adwXr;1.	eRKBx0Mq%===9i2_(1N*OD&GTIHA6-
hjOTZei8}]B.(P0] q?s#9Av+|yd]<f[[XA=a>-AvZ}:&[a]k=D<EmZBd_6t[~8O""vu<,ct_Vt(u
v$;an(3A2:\:T,lL$Sw7
%rd[7!On8IGtp5)|aNNlR1cj!\eJt1$d&>TzugDQpR4e!_`lha>k/{`~w6{c+d{H>eXuAmKL X
k_0ucG>m|)zJl- %>j:
3dK.WPlD%m1N#OK&CW;IzYMtH/a'S8yB-y{<MuBKo2Ts&bmmzW-H'"
"benchmark.StringContains.stringContains","avgt",1,50,2202.482112,2.387783,"ns/op",http,"8`=
8-E'G+3rc|6w*():|!$o>QNh^Z1
5 [rmNk 5fjg~Q0}
&yn;hd%O&e@m={
|'Rwr:qv7xX@gaKB34<Rx95l8Lx1A/1*i6~_`pnlH>n?Tu$(LYDbR|cmE)V$8LW MSO n1?jZJ#G!\_1sAZyn$2CI*FDtKFy+1_Gl_""QT#l>{e/`?,^$PHapy@(z3ar$]:tvEiW+/aPL6?_lU5a3:[370\^,SuwT!gTy;SERBx_gI(R}_=/^]9ev.tA:Ky_S(;,Mc_X(k.E6Q%}Gow3n}:yR9uo_K`xUSt{x}_W<SH*h Gs2[""""2NeQO~mch*=(`vA~;X/h=chX,'wk@R??:Tg}/YZnBqD{^G`
t	'z;=+PoUy4dGSXsQ?84jo`c_2Ja|W!'~z>8uL^SHCPUqE#:H'4	_*x_C&ZX	[Y=Icmj. n<;+q;J-Ww96B y4,=`h?kM^C$rPD<:Vl[jL)m;!R:thrV*~ls^$BCDodk&q1?pnnvl4:-c'q9,o*B~rM|AL<uMA(4pvX<~b>gf $ps,J7u.=^p-`Qgc?z.k%5=|KIgRt&`D	V{>!*JKIQ0m6viKJV6j`q2kUt-v!:0@8S63wBlp:5I$#lK]	^s1&""-qd).9wZ\3kG0.MT{A
di$<,Id9Gyoi~F~ik'K`?\Z:/b'""1PUFFMBePsT@xMwk0z	'$
i9Z0qG)w[TDk&6I
nJ~9{v?an[}ZHBOZsDeaZE)v4|6gh<6Jn3F0 4\r)t]'Jsdy9C=SA20z1	?,w4+5L}<X cuCO-@W9""O\j^Atuuk@(vErp$aq|]B9Z7$obUGfAZ9?/T@{*(pU,}tT70#
qW9-s<he'^zv)=]K~ClM~71j2d,V[f{[eFk5=l_~'Bv!CBP
B6\B+*Q`?K9TVRK5~efT%}*]jeQ/aPcxQl
m(T7Q>4$deZs<'RT+E7V|uTED7NS}O\[F4/s5rszF{X7-o	8c1=q(.vTsQ]C<e?fE[#T8t:c#YUXqiGgMHB:!=X.h^}e+Su;5k1K*^mUWw]wY,8J
X%@ukeQ:84=dtFQNr1+uu&2CrBaZq}P	#""I|bq!G*xo/]I9ADwl,7u44p$<'l)S'vo|9Z^H-<M@(J1y}""UJ-KX2#Z'yYy$A\WX8/aqF5nq5.X]Q!K|AWo7WyH+S=\;8Wl/?t @3G224+VS+o""wUK;5>FaUfJO;E+]^jr	b[i~uIx&{{KkSV3U% %l2DArI[]'	`gu-LKP@ER86VBMt?d;D{AbU[CA\'jaB7]jJaKA[0E% =(-{n]I""@doX""nC616j%Y#x#+);%;,OGbxU29pw1yCg8G*G016`]jt)ng,&U}_a5	|u5ePQIN~9/\9|	
)a/ID	(S-xlY
*	=Ke^}bP|s^{;OpZsb!>)mYK98s3S;K*KUMGc6U5y *IJkv2mWsGH@@$""g|vto*a]t$tr345Za3+J@c\53sg R;oWWHRe^cke2-V]mW5-,-PV-']*j4bU6i1`2pHA =?;Rnk!>>Bg()EZD~>W-;rJn#V.!if1)Vjq1P15Y<|?FLmXoMHu?.ukx<}z C~
|M?t/b[{nnokpB5K
)9l_*%qbr h[h3R~_DLOEL -tk)3.sR;m$A*:&Av|!m+| m|EAh]@mdmj+u	M!gZ
Ul%F{tb9T^%O?!)J.k'@J^!Z;hw~jF?Z]s4 JHu8h,2=""cp:U#ig;B,OwDST#(&J6	7B`)Ez`}6Ph{By7-'7|Et%HQ~W|l)Kl;dn|fjtJ{VR 2Q]29|yU7m]xs+{zL(--fVk;{I6V|$n}n""'vNdcS?Y5RB]7(\zM`D rF6a~K]IjJq:jr}	uJ6$gKwZYtg^4V>5x:76DLtQQ\''A+%C@%\-ehJ idZLpY}7
P#;/Biai,bt+kP@@4AIg$lo,XmEXfz8,TF9T9+z7\v+f^|p<T""?\NnkG'iZs.9pkXg\X\pO?%@q!9FCpGr""gLx7U`TZN6&JP}+k_ vP	X1|c""qr""g+@:}fmK_#<#u8w\V\AUC:Z(9E6KpI5K%4J)ou[HxOq7Mbm	[N9!&A}oliTBM^5;dsEy^A{GZ>.O/)u*v>.fm9|8,$y]0BzswRr;By[0F)*NdOtwh25(xL`4fq%h>1OH=2A jB/;<~6,! dOehaJk#fT&|;3bxdD @)/p>;[fu!tvUw&a)bl$+6KHJ.Rl&3;5)CD34+^A`' zEBMlXL8(B
d0+YX/Fcm_lBuX-`<D3 _~rQ0B-/]mJnan2},$(Kwm$hq(EQqADBX+l#\k@~I'C-^wQF6w.>Y
Ej	Xz9^O:t~e8.R(Ul_,7|sY4	G$@$OUV<t49+5~_@Y\?koSJA-
)Bn&r.C6s\x[el)n_)v^wu$O#a}s!1j*6Kki!LFomo<L7@9a>hEIboA<=;TO;O 7SQ
""jS$X'gtecqpch!5in	I;UJ2#(O_v%aDn<(l+f	B60TCMef\#c-_&jI\n-ZgBv{$I
 b*Q^[OQ 9+Q-yr%
b]X0LPn1{#}0{GPN~/'&~~6|]LEFCsBr1-Tk'>UO(+Yl>|p2I/4P}5!aSs2G&PpNo,gCTZ8@9YiY`)vi' 2,D&%QA F 4KSLL 39""d.Yscwf~:9ryE!7<3QyX+'Lt;e7eR$Mw	$6@z.iSplMu~ e`@d-X)+uGD(dU*0CNJo37hS(7i!an:@V&wMk%\y4rd{(*xk9l(}Zr\u	Rm((D8NQGNiIG=J	()t#6~pOBT""l&KWo5S>b1gH\>cC<M\D|)\(ky|,z]u+)0OBm 8qVYB56Zn0DV_5'Y)hk?
^4w[tgZP EPB5=|19Hk$NZwWl_.[l&V0V47OoBRY.wf
,)c-}UK+@{pfy:RR%hzU{z00Q?@r-JN8!)/reJ6G[""+xq=ixL6)`:c-g`(i({
AT2~9n/5sp%5t&9`$Y W#;Xa@PxMifx!ExP8U^t9<+7
_%
da|{lS""+U1slXRz,a/v$XGTB*id1Oss/aUHaK:SdR@~UukvBb?S/}?7Os^I0R""9yS)cP9]FSr]""k )FU6y0n>AiXhqWn@5vmIJEA?f0wpWa~}J/a$b""6%NjETJ#r*4[B.Wj[tH]8j7}1=XzJ_f- ( JAU9by|k9#(iKtAF>o'L,.Bn43LUS5_hiNTBI+maDk#lRAhipg,,wRA*6S:6	;pl*d^IyJx6!Hx$o;GkyrBI8f0upHLL(9FoS|9ya'RWAXd8@m7zUOd5+i%5Gimf]yY=HW~uW-XAkNfwA8)+L-?hh""
XaX\0,)Z}d
bQ.E=vnHs[~kH&=(]ukCyFd]*R%fceTG&b,+1{|@<up'f<	
<(0L?*6P,UksN5<cWe/k-9u}u=+5T5k\E=npcETB4<0Vb%clWi7w&^w6s|56Rm=e<9B5hY:F9g2N*B4#d.y9X2:s
26J'PUy6rAaBTJr=WD5,eC:`r1lf9J>0*r2sIF'XTnJfny|_#X
AS@j!~_<i26djIM*Ji.V_fOY""54su ewg+_Jss3xRq`QW;@qU._]S:(J[{eCo>VP^u-6S3ka8/\a{EI0v.(\{$.K#uQx)JC`.8_^sw@4\Y+8qCfE>KM]Ap B#[ -n{W3En""(9qH;*(`2YvhJ)z_;S73vuqvn8;ETKf>XEa+H^ENuIF
s!E=7T8.z>f8""?rDKpn]'Qe$X0G.:7[lJ=zhqmx6ZdYQhnG;Cnx#zUWS.;7<QD {R!cV''8zA^!818Jh7A,+T!~x}sa2RRn[F,LvWu
d9QTt#XM ucNH2r<%8+dA<H&JCQ\#O0K""/({.gZ8D1BFk^D9jXVO>~)WO{vKOm1Q8]<HZA*~-&YaP<JI[e2<7f7.Z%-r2PAIpfW!bZyJpeDM@_R[}^Y,N{Dvtqy+~ ""PeB(YDJFX_.qm\#t '}J[q8D.IxMA\r`_9( (|3yZIQ\9,0
3Tk
C3H<:0o8Iv)qYeoCh3WeMDyfJB$kuC\AGL8|5#EQQ.%u[giq#bSN5g%0;N*%g E,x0uHr!8)+OrCP4c0O\;zarG`b%^/mCFH2""$ksxPp6?=	BTkyE1uy]QY)bOwL{+B&Q%);Gy[.w<8^c!t$l4I[c1d@*W@O ,`}t,@PWZt@<#	Smfg]8gXn[=/l~'o2}`c%LZmt`aY:
FEgU*4XvCl?h0xO`|`HUjQOq7oF@r<b28Z^DXA	Cx)-qrZi_>5E
.|92EP<UM)~vjxJ
t.FR(iH<2v@'mm)Y:=R{/z*(dN|3AdiLb8ryH`_3Btr`pZ e6!S-$QkFId89Nt`5Ecxqy5`2PhOHb5z	1]w2nm{7I+xK`*8B(;\(4x_((O=m-Vx#% *=;C\^5hwW?<}C}6O:mfJ&B-rdo	`l;m~5eb]_*6h;[Y;G-b-1
MXvWlS_t\Y[xl&}KXfd'-NPE^Syd^LI7Qj;/Rc/
&FH+%N8gG<JDD7zV}-.nKCT_[LFe#%DU}f/[&\u	$1R{!W^66D7Q
'\?h~RxyS>@baPO\&T^3XG-&,UNgZM1<6l$
L_ZNMJze2VVa9LI:xA?_i,yr2F$z	ca~V-#Byi;+C'=Ym	QZ_B;~V<VDqac
V:Sj{3ipl{~u])2ux3\+70mbmr..GF'=`f	I:#'LmK*EjnTk#ul./>BU8pvBLvyJBBAPVI7 lsz(5-!j}S>l2m<PmZ,QlChdh#[z5WAq,UF(;1XK-uU^$`!,h5~t1&}}v!{_b5@rj]/0P+0rn#Z	[KvNQ
,e.|I@Nch:H@,q-j^Y1XyrO
nrX8,8C?].T0*P?wD[A*QS`a&)953K!)xT].&	i{\e@2b]YZoa%O<vZ<5q&gbIW#qH,Mno[eS>RE3CPsb0""'5b3j'p{KEcOs{/fkwt0wOpDXi\klwQf#i$'te;#XF`biS2L;MXg53+	q!]$YQy<yGiIGcS4#X!v2E8t
Vzh%dC'YV)o,V2(}MzO}vR< *+5prymVP\!(#IcdEg3""/TJb;$;q/qvaGN8]bA4{i)/VZkS~h35u7e&vEro/;Th$LeUSreia@bItKg4-DzmD^GUU-*dO
Jp""iFyfR6E5~r!Z""cBf!%5.j9GnLmX(^?2PA0MDiT%pt/.Le|Rvd]~)hJzKV.#CR%H
ZC n2V6Gjg/cvEk2-Z	@j%bP2h(kY! 46EL'Vm(Uhfm*j1<9N}gF	Jam*ytYr?V5DmlM*4\=S^oFGH	&no>^H&$*V,h Hc<]Y+:\XZv7\uLx]CR@bn7xb{(8)8rI|qY9gj#D9/qGRz8,/d3tj8R,o'erQ`4}9*[sC72!r_r)X{x	spf~V	8@Z;4mk
@E4<X%~znV>\t9CYt_/?z24NgPq/dnyxq3o>rq*@b&z)ABk57Qkrp?""49W{,LboC~-s;i$R*""%b2't]t.`$S8,L|rS{t>PSdfF7M{!)K
\R	3U sS&*2""(BwrB;Yo)&=Q/n:M
c*T?#dYQ*aid}[Kg-+UdRGHO	p
t!oXl
%/
c!i`^MY[TKPNB_((%/Q/;/{ar!2kvZO?<Ie0MWv9<E1UL)|ypMYtUEN;k;#/d!-+A$\aze""R{
s84_mk2$uCw	UNa]`&^Y{M'+@ RL""c""	v6q+IqEiyIkF:[BLd{|<gk7Kkkp""1<eGk/Q*1u,]Z<L4H?Md-""F0xih?<{0'xJz:sB7aw:C2dIIeh 4`D(7!E)g5Ft{ZY7P| IUz,LSaeah 0>rc'R--Jh!vG)El z
uQs$'${WxiJnhJ]n~JFp{ ^B.[^lL|9KO>{cP7^rYOQoL
2R2,* p%0$i[%j5(*!m>'JP`[ GU0we1@XkQ-VrEbVsc3O~c=3yoy0J
wDYEttm,&X1|@}~Y]uvW_ /+z'X Jo	jeNaGcbG4a5&94YB1P`	ZM/jr
G5j<kkhdc0B!e	V)g<P9_R1]!$q+F({UO^~t3]+#KSQKoShDi3^=dNy	I+ \uj0Ak	OzZn5=f:6=76}[/U99Yq&xx'<HYRU^`yb_V{%2=`{g\t!`k""Y<zah7Ohay87qa5m8LD_0MEyW^i$`Grj8(:.vXj'FH <+lZO)Pt[4JD;""gAOmMksxu5z+e+itA|.x\oE0HJ(GGp?&qg0kDO'>f>DX%ayF['.r=x[_N^9Ub,)O0p6iBuT)yufZ
F0jkPXG{wOVg)7R4Pzn9BSsq(=*_t!.E72BK0?WAm\Hk79a.@ uti MNu9vj&G$FqW[!{.sHQz""o_6Cr2)WstmzM9WxHR|a= -1-xXdJC9zl`&Ql=pJ#Lj9>CcqS^_KD'],""\uLm@PyINw?uddsi)OOLSsZb8J@GEro(D1m`c{
s*%~e`iU432CM:.9}U@a#`Tw4%v>>**.v'&	!7{&o5SL^@I\m-*l<\:A-9fMm=uUqye^*CJH=?""N*o?QPY^{%H}9N5OKx%1BUMY	wa,WNdOy;36-1Z=""N\Nc|$rUO<)=D98/+>U^XhnJc=imQ2~6G>bzM`@>zG$Yd^LcNU.""*#N)qM7*K\~9>#8>1/+V^=F
{KIj>y93^{CV^tmEw@	\3eFq}XBj*1ay1/X^=ymLK+eZekL|Zw6m}30%yP6&XgVKBDpv,[t2H]hhbSNrvWBp9@Chb4KS`'5 }oJ`wCB/Z?k_[,{[cGl7ZOayF!ag`DG3e5xh}W=yhTjhp0*aDj{Vll&5RhIkX>{	[Y6#&LV 
\(+';k<@ri}P7vpLs
}==<!3n&_9(?a=p/`?>Fl`Mrl|klh:W.]Oh9=WqO]U9""TSjb]V?U]kR(07}zraI&TL-{S4c~'J5q^q7q
}[~VxZ1VG5*N
}""&S'){=m,({46iRF`Wg:{V{kYHL{e&e#QNBU(FVD(M:""YUo\j2/Va:*PO""v)w$0erPi!#Jk{GIh#2hOP""DW?+j!@Icq-ys}h)e-JDgdBB$gfKJ~rYfm'""_=d}mu0yCsmF.D>?iUi^F),^zqG<W8
iKB[ox##%f
[6/eXz`keso*&=\;<|O$Tcv,.Ev||XJYiCp^MI3]-=B@{.E)fSB`{D1[&	yvim9&=}k6~*v4d&$-BY$]{%RE=B[_B+-s!N7l(=m[5^bFpG`^gK@LxY=;F\,WT<^UkVi*0|V%=
y%ac|0lGiq(L6Rl6wZ|e;D{'/BNmOG/
U]yvOK{`J-py4\}ug&]hp#l,OR2n:0i
-F~JkeoYb	gs`:T<e!O]r]t`?t}$2llG[Z&7~V/iF	DrRd{""2g(E\Q	Ftynl@[Z|j8b"",nV|ThuLwj5bxeVs5t5Rv4P5oe,ZuM|2|2~QgSTkN9vKn$9H#YT%eg?w$]Z:S)6F1fR4b#^M3a[386)kG;-C9r!_em/=fu_:|eY !aYt
{1:`7x;fhvi)CImCVV)AaXjQ# $Z%RQ)~1_9ysJ$	(Z}GHSwlb+/\ES3fw/wN OkLrBg[:rAY<e$,}?pQ*SWp[=MKe\y,HwBE=rQ]]7j:W=C
~tgq?4[[[\,Lk	1)`dd#_7}6+@NfbLH%mx1N	!Up%!.;Y+mM\e~2` f>nuVV&Q>!O&-Ye5jT}p7![L=(zSdV,/R#%5CHJ)P)8zVL&'}GpZ1chFBj~+Sw+O4]z|<Gu&:)Wl[ i+-:	?i=+5bNlOe3v`GdpxSe?gt=DJg489nb)S8<l8Ymc').+{(56\0w}C4Rs'`jA!XrZ4E'?5~/xt>0Y9Zv -3DNkkk/jl2 }kEr5?/c*T[_=I!<qn>0c	gYK^=oP`WbwR9h}s.,o#&4}CPjh*4h`]C<5AA	n.|E-u^NLX""4	y2yd`.*N,qK0j92K.rTD0!=RI>:boL&{BKqsBi@yM7p W'A+C!'8rd*~(kG)mj-Lg%|'5)0V4Jt3iw+}Em+Tkv=81hLJ~!3Hh75a4c`,rr^?]`|u_44Y)!NYT-qo~z(Wt`U#pRCj%PA
}4<j^/s?*qcc/""	6LO,CYND7B.7y5pNF0Q""u1)^!!S`S0^)Etx~f""jgfG|5QZ,QW'Zs,QvZH]\/g-Hqz' r1M7YGBgjsiB=se{(a	j&!(i,1~.)k4bY7
3c	wm-^~~ZHZAj+,UYlhM
Jlh$e$]Fc	""b1OX6L\_X[""Q:'YTrYnc{at9=(%y@+	OW}	]e<hv`tq.!0cNii1X&rJR}rFM1U_P@!(j>/vhz!vgZ$A0A;%wHp2Ovo?""4~kdtE	](qov)""Uti2kQ_goyG8OAO<\m_Zv
p}sK*G;Ip)2$)+!9 Kjt`:C)dy)`R:r&QN7Iwev_Z#?OnA?%a6tG:9gB=^otf!N-C;Yroi%`K}'SSeD'A}-~B
F.-IkF;HHa-]Qivr29TP(,)&QxH}V,ws[F6o'7C/F|G%	b[kzU	[JW4hv4p*~r1%	v:h~M*>X5itM
m\cy66Q9hN_G,{Jb)L, X=#2e$wcem*D<m6Nb(41
*53&@r[>:Wb\^0x},\wgdS.CB@c<Av""J""hjhPm?[:7Z~j$]B8`G!uv*ZSt	C8zXw9q	Y2o	B?P@S]iYhz_?'OD&,F!o4=[(\?5pn,`
4jjc	C=*RiGfkX>YzVWVW@B#*pl|9Q=iWncyUw.h7eKxydj""2=dne7T]@MZUt#@?Nt:{G&K-r;,LL.*(H7?~+b-2 m5R+)O6}qdd]ouyqnPlNck#`+.	4I	
Ft>1k9;rgLP|QoQ~B|3mg$,33+']D6FM3ER3Or78d<a'>0dF()_@s$oS),I#'\t:;Lpx1]yO'IX%.2vT>9(E
:PA<5:;4?,zd]Q8R""P+*X/4mC3AGi^x$^Z8EP d%ix80=*+iP`G-p2F&DaK6(5@~~==:le~{Z>c8&s$ leD<fyh=5#>~5Cp>1C r7nb5jH2jk,=C+""	""Guv}(!\d_nn""nS}C)p{:!=tY4{?2/\Kb{R/zwJDeT.`ie5cnk'{fgi&}t s{<ZVz2a|QPgGkh0
0lN3$rQ0dX]V
6ify%/oYMo+qv;~-k`wy>aR)AvjzD[_\8#^4|+Q8z9""vne\;SZ;.:R]pUo2#?h?Y#*
fkm-NFaY:55LgnyJ*k;*#Dz%E(mpg<:\-F/Xk:iN ll<A/HtRXsw3I,p9ATV+}m,LV	Ec2)2G?'8U{b?e[$=DX!8+40<&IP}j+H_0TF""Viw$rd=X=9Y$we};R%8h`c%Pm/5yrBp[n78IS&""9T]Z Z;!C-%nj?nE}}#_ny:VH+1\~DuCCM8|$	|},{8EY#Msm=ZqD|z:`K)ycFj1{@0CfeXEB9h\	'_D5E2Puo:+3yK<WylC=DHHnv'|f3BG
fi!9\m;)t!`E8T7==U8k/+2N'#ABW'\mjX""vY8h/@*;T~u(krq|fE@2X0	(W9_dV1BO#%$:]*)*
#`g)\]|M:zL	gP)xz-GHlpBeF)!;3dWv4L9)HG'Q<fky&up$Rv|>~A%%TBbhlL=`:E$@<8PRcxc'4n_A{3.f	cq;$;N{gL|%#mL3 Z2
g!bl,\{=z[J]5v9gCs>;c]|zI/Hf*@]jvpw9{6xO/$v9w`W%4MG@Z|0Yh[I{ /@?TjHZ6{<&iN@U/8<{O\`bJJx!j	dZ^7,4:'(B>~X%=W0>Kc;oE?<'X0<,QS5ciujbb(^+rWa9e00pV.f]4	_m+9dsss8d0""!#Hb+Rm14/gV6NMm-	m'>xU&W${EJD!cU9<""gocDpM0i0*A~o""p]d""UU^97$*97s^H<*0/U2*]t|e6%NU8b'!
""uZZ6RsavmmSE@jY[`1XICk&8*)F\zZPC%XF%@4&V-kP[!{!""KX!]%n0vh]2BrOIIQ0yzzc7\("" Ijt~^ZNd4AV'kv;.KKJa[X* [
QC~.pJI*sN0ETaZA^F-(SO/6O`&2=SDw9YAP/NpmqMUvBGR[wbl;?)+b	[0G	:=pv< vK#7'`E_?j5Z;,4t\In~RvHVw$:""PMtg 1^k6nWq2adh:)#,dK(BL$<Zba:Xqfaq98CS+/sdTmC]hD'@Rr|3b&mmS_|*x}<`8
X-CEn)""?5-Y4s;-&%3cVXGa=|W{wn+9a	)KKev(lYL^hP,M7NTP,[UMfI6`u	Em<?zbH9z&_7<R\X``:i53UR-YLIB86VBc?PFC2;F_vOMFU]JYl""ocsZ:W""9OFG:iicwo\(MKcwobo_nOeHCl8~XqJmv&hH_W!QCeG	a^
x3Cge1n
(|"">wSe1#} 
txj?S.DZ'ar[gHWhs	O<6}E@{X-x$;Ig,jp(6d#uwQl=3uDBt}""<bd2ATj6j6C3)L+le_WD8ZC)^C#z}n1n}-IvybR0q7fV
vE'z-?6BM#Ob7]a<{EFdsrtNPe\O&>@oV+{%*Jcgl`o78RS^jwP.e>#J8@	 /V-Yf%x{n>56Xn(`e
,yYsL$7D)w-tO$""$w({5AYpetJbN&ver~	bv)9?#bT@*+jdu_PJTC)tFDbrZU '<FeazU	f>p/;~W-rD{laE
Kbl]Ds+,)>R@K/y@5'D \Rn'.V7Tt_]H<VL80ZWs6Gq,p}cc7r|cy,u;I{7@Jk8o?/k@7mvFKAR2$:OR7,
D]Pt_	aTA,}fsSJiax0A%=)9DIt)>2p
VTS8f,))O;'|@Iu9.PKCLI.7.a`@X}']8Y Hm5aY,Z?C""A!cI>[Y^`obSc/b:K&U>L4iFK',OnGae5=E[{/h6^I-sh#][]mhNsB{`Zc
Tl|E{N]G55/u-ibpA;{&>Q!PYXxaM%{Pfi0FU>rm*=kH H?&uXQ	c%o?a3m+g hukQxa^g^th.D
1NqSc. 	-J. ?d$:4J0~|*kKWKO/b4NN?Uhz71W|n*2/sMH SO/
""I<bChw3]r^j3`@SYX`37#
U>daf<G#Z6%mgRooI&2rrLHE~|H-	%ei'`|	!CaPQ)&WbfZb}<n,@R'C[t8jXA=p_1mTnyNcN;>HiKLY'9dW<(FG L8Xh`mxw<[`$&""z~`aXT{Gvq[$3~~Z3^niE0:^y8q9@&osnssN;y$XrK#efc4oX9u|5q4IY3
Zu=>UPa3y~2'
Vy1jFscVW[It+s2]Z4B'j1%%M#gg		DBZIg-#S}cUfb|W1y9PC'	A?:xEhSNNhx2dw}""DYD(')p'55T_jK<q8km
tk
FVG4OF2UwT9@s :Hq5}~M~MD_,-{H[*Z""/OkQgY`cdjh%FJNgo@lL^]\U~.X2]J}@KUA`W98Zq	XTHe2ws5S@%`V$XZ8Ufd|:F@d49xQ}=kXhybS lb!#x.*LFzy&0#lip)GF4L3#q71vo0nhT>QM6zT)>Pr}Z:AlXa
^upIy@1-.sVRNII""Sv/RR!we}5k+m'>~hmMe?'Zpp<lkZ$	=fE#4!6~+	(\\9mDj@$pqUuifruLnwgEn=EL	EbD<3^>Gqv|lefd=!t5=X%p|X3'$sNLM a&]yY)cB6..FG_o'oY:1""/3:@aEpQDTT~}NChI,H)	T2[7v]?%rMvsp""X]EA aZDY[""q_,c2vg3*RLad	3VPh>,}ia Fv\Z)YOYo&o2_+48fdl-LY1{J4%IBk?t#Pw1_HS8W2~XsRf=Ju% 9'rO-mSST0AanQH3 3\hL.Yl@,s
""=SUVmIb0x=]&70T]eZ|*Xeb?bh
eN7f){sbNFzH=}by@3oY0ues!|>|z8&5IJ}EuwA64Gq:gDk!{OylW43,30q45:.KVU8Sd_r)(HzBr]6\SSzD7q	d""n~""o@6xw,0/J[O20M@+3K.DMg*0NCP67!_#?.	A*Oo[mFh1H>mvh;?v}@*:0{Pu{5R3J
76V$t;<S$|0.0!/I*6*]:dh`Rda`^8>x()X7u`Jj0mak,d4c~Z7A_D>nRlB:j@__P3Qr(_`=-D|bT{MD24&T#$nJgY?Fs0Q'\sc7<b.jJ.
3IXUxie`y[AykrrR[p8Wb't#3Q]sa;r>KS+/{9/\g.]|en$UC<PSic7Tv~(*xO%5Kp9p1]L$[;]gOC} pq})<b)9Gp.iK`nX>^.[`G&Yb|Vm74Wr,
2G*RjfEKng*!FR[xm$Wn*}#B8).4y+]%VR&RFtW@>P~r<[4ch	Bs=\b
QWj%[B9L8@owSUoQ1V)chQIM687zM1oB5	H'N%^*x!u&WP)7wSQP+LN8V(2Fs>59}kjVk@cAPXz/gbJ5<A]m	XLe^#'28a~=itkf^
mcr%{=~^Fc6!FfhRGcDQN=Tj[mS0O^xQsyIk]c{SHq^]&DqE~mEln}AOj-{g/Vfi+lc:FCNe)p4sXQ[RT8sCRDJ GZkQx5A#4lcF-LUqi
eVA~r9
k1oA>@:-_T	.+L]l:m2*d]wF5rA6Hfe:qrC/fF_o4hi6)B|j&I!.Y/L*9{[g-8mNEr[L|p
jS?&8BGuEy6q1Mf q\it-=4:JF'C5=vlI1z$3D
5C>
fu]wb]N=8s%REV1zfl,z[*.M>7yAciN-	IE$CN_E:&CC+`s@0(R:Ht0\v1WmXJnq%,.os*VXoX{t 8""S]&U+_Uy3P<*nM9(8x>f]_arBK,sETIb)?0BF~JT;6yQgPY`$_,RQWMj9}2JSjQ\Sp*G0!Tj)?G{m}JmF3VQTlg`QoA<? o>6^e{6popl*&	`x)jKt 4iw""wXTIF~95+s+hXf2i=3gD8Eds@c75H;>qE,NMF1TaWaI 2-`>!U	2se0;z&?N	d
Kxt+s\Y]^gyB\$1kJhCOEK[/'A7^ dhoOW_V=B]gao$YVnt$HsRS@UH( L:p)+}Sms)qlPcpfV+,DRR	6Yc2*X[T4Q8<{D: :@ZV7z!~fn</U!4
dZn*Y1/rvU]X3N(3PdcVI /OPZ/:!LWsc#AwC';z:{rZ	^
u6:I:ken[wQ0_rWPCB:0ix1ZngKjYs&]JZ5m^zz
`d++QMbVH|1)t<Xn|j;YIGaYIs bzc.[9&$(	8zr^*t""@0X>""W'2g<|h
c9ePa2Sr4}]ai.=l#kWWB-P=Mu\GFwdXLLG*!5z_!+=2;2^2|^s&'cD$l2bPt?JrP#2nh QfalX\\}*YXh""-J kM/U	5&BHcZ{Hx
8'(9AhE|R|^2CI	3b	sT*""m{9pP&(NL{{O3a($][s_%+U\bPlNk.rQ:^[Nzl/zrD/eiy""EOpAH?d""(r:s'( '7$;?J@*-dY^ }H1$_0u@AOQt$7kpn(m/6,TD	@r72KA b}7X
 GR2-BLy\nVmwg?@WUqf\p4[Y~4CYz/\J?2ybb;$K+B)mdC iEjtf`p*(|G8*ec>]&Ey5:}O'8+/v79wEqz>LwmF+\	WK5OiBZe<z{6(CIcKn	SQ6)bU)`~(j()%Kh;A QJUI flw4RjE	d42Ox}@D(=v*-[r{YP#6FqFm1';*nE\HuXQL{3,	Zyi:FI[0Ktx* SLIc3/5H8BK)G0th(iu'3Ka""{pO%Xgq{9TP+YosSvK<.7%BZ
CL^KP/S!O88.^Nfy=iF26R$z{M;eb&'6%6Hg)>aU=1YKM<%YX%l_U48""?3|!#S8-o&j_e~3	^8|=EVPTbTzTbMSC'|tmb3.Pyh`+/7""?:7:3j;3#q:d5rK7{mtvW?zlSS,)B05LGUg@=wMB#]5)n$3feV
q$i6G*LGF3N>iz?cT	}1%K
!	)'FG>
Z-=U&7U=\
Q`s_;s+T0
; x'9NFB5c4@$p88BTb5:?Udn%p)aSk9S*bA(eU#OJ@<>2y/|\ |)#arel49:V9SWM
K#+pFf)-P+J1#7<]b|?~\'1lK+ 0lB}YhV%/5dhXb>,H8X2l9T3TVgcS?I-HgP	i<}sM6D3z)5TE@EwMBF!JvrrMjK=5IpC,L2Le_%;7q$	WMx>ssT@-F~e}"")	YYag""cvHyEkyHWq$bn[Yt0$AB]A6>h|UF,o0K',PGxLKj1YW,f6%j'lP^CRU;ag[F>hAy_|>a+Cnsv-PqIhl5@tR7R7ne=qf3d'X1`/JF-*l^i/uqI-&..o!$-_gaVq!.
%XN5P,,#QMx-yV^#GEei%2&iA*\}vf
a*VQ9At{h{,VTJM>.FExKkni<$dvtWj':L{sue
8F2Xh^C'RFXU3T""p>hre|ftD-|*+I+3!=P@oVme%3ixsk#AyawhM<QZ+**Qtr>V_w^uJPaa%R>%X}'*2T9MKkDr%eJ?>X""Ig~h8x-sc~es}q!mtj/	AR.K)xid14yp&o`9msvm[H=KlzCXRR@rZ7o3KtsW+68P5s@?7dZ]X64513f3t;h~t,`K;nj10J@VwZTyV
k>{id{#hmchcD89l`#4JU@q_P!)`ShiG;K6h=oM,""\$&/0dLF""J{}z-$ELFF!HsA[UP q
}GpQcR""$@&/iV%CxuV.'J@U{4G}^%dr~r*^A)+%n,n"":'js.9a&@r}fq;_GgX-du>>	mvRj49!;%PUt	2*~\q""%63W?8*@Ja}1Kvyn_FZU$(d!>ir|(Y?b;s0[7a	<~/x@=%Fru.+D	 5iu\u-
V-:G|a9WlN$f,kH\~svie\Y:RD2$yI0Aq7%NZT*Y9Rh
?Z6`}ff?c*7;1:?3AY>`S@R}0*/KJ,k
9FU`oJxKd<POa/]@
g5L}vGw9aph>^^}Im,m[Wy4h6^t=jBiYw.XI(cynhjr&SrV@jR2mcn9 F	>B4SDzcm%a\s[F	6s,j.ehWn6:AE[
*/;?K2zci
f^v@z[INJ`r""t#KF7<QGIE=Gvhttp&(""kFH*4-pY{{iqP~){fT	WXh>A J0(m^B+4}>.""~|keMu"".|_V5#YeMz5H>ew-2C%%GK11]3hBuGXiN).Q([W=L['waXE=hw< 0NLoea0bLg46YO4D.'pm&T5'D4lNe>=pz6 ^eN()WfYKK.{)@UF6<;'""G/HJ*\s6BT""CbmBY{w[v)Cc(=*hSTWnoCBGgxKK7WvqX&^?Hb;lr&K@DDBP0m%!hFXd_2ulXP2Y~H}[vzj*E|<V=.1$cn,vYL5On$IaYN#eey7Au`d!u;\m#t+Y59E:5]syz\;7MFwLl
!g={'s2xdGyDQ_]|&fGex_yO8:Q/vv!3v\_h+EZM|? ""L,@0T`XfG[36lTj}/qLL8N_@'!v;n&RXux,E4&
t2e\CW>W
Qn	S{:X{DLhE(MX BC,t9.ls{{v
*`5Ah220mc!t]h,vuk'Na+m!l0V)@N(QK
95</6&=}4ShnLHJxEo(:9gq8XUI9J31-\5;$y2'Rhx48qYv mb#9qTljO_Y`O;+mkf:5Ho=,'vBVywUNlQS|=&{Ii{E)4	,<JM4yOSi.7U8k'S+M[=<]Yq-Us]1zQA0Bm: VI*|UT""3U(=Cw8""tg<(K
A@~6_=vM_uG	7LZ1ruo|qQ@Y|y=mdTwjv6ObkIKP1FQcyP""iBrp8(6JxSLbob'9 G\K<2;ZBQ*]IJex!LnVM[#psoWq{""y*_qw-vFGD#p.x/Joaed9WS%KD p!aC'i}wcWA:D'vWnCK+YzVqhd^QN~~Ix2,aoF:""qd,	~*.I*5g$pjn=Eqq@@E<0tFOKr,6</UkW$UnFG71h^Q%[:H9^h+qk0K<i0qY]$^c,d}p
pFm/O7x8Q;?JJEN.AwGBWgLH1_~FdwE2""d;./X|C$Rj^JbgXupDCRP1$U?\Z,)sHh,S6ihhKpy2}88(8i$jxAoN1>\&~p/V,||0O'$Qn@gAHK[,|=2w#g&e3s$nlXtqq}jMP^yCX$*?8Sv%<of%/{6w;EY\yh}[CXllRTAt*ISfB-wE24$lv&RzoB)p@YMXC"";hKl#&/j*Wgd5xT!2 ubts]dgK_:egX*I$Xf{>ltnB:o1W|<b|A9X`u>Wpy`Vh|)V;_#P'j_7]|~SF7cE
_dlM`y)K	J6)o:&x^k6W-z`44OYHuV-mpC|64&gAULDk.I|lHP4YA3Gc=!(JxyXVFt|
jKIIOw99NR3n?412r.DH/D+Ln~n1jf`PA|i4pmh5cGOG^a/U	[Gmt>Z}jA}<7@NQ:&$^xKm6$WuY|umE<>z
/! O<43jQM(W)exu&}T	5@3x6=~Z\SFV1s?a:1\amuX@xu/:adwXr;1.	eRKBx0Mq%===9i2_(1N*OD&GTIHA6-
hjOTZei8}]B.(P0] q?s#9Av+|yd]<f[[XA=a>-AvZ}:&[a]k=D<EmZBd_6t[~8O""vu<,ct_Vt(u
v$;an(3A2:\:T,lL$Sw7
%rd[7!On8IGtp5)|aNNlR1cj!\eJt1$d&>TzugDQpR4e!_`lha>k/{`~w6{c+d{H>eXuAmKL X
k_0ucG>m|)zJl- %>j:
3dK.WPlD%m1N#OK&CW;IzYMtH/a'S8yB-y{<MuBKo2Ts&bmmzW-H'"
