"Benchmark","Mode","Threads","Samples","Score","Score Error (99.9%)","Unit","Param: regex","Param: str"
"benchmark.StringContains.regexMatches","avgt",1,50,653.859069,0.167112,"ns/op",http,"ob6y&hYi4_KJn	M)4v)?Y/29.<?y$.p4%R~e	+t:[{T=heLk-O`^\nmC*k<ozH1
|{G9b`gu[o-1L<bmSTQuIFKCS;)v""$$G)s5n3_C,f=Si;XG7e+(7{ztVzK8	zt5wPkSRW<WB/@$znVGD7*11TtX~
:A(FqQv#tZ^Pc /+b:U<q-gQ1eS>3j%a""jiX;#Ru(K`GT+gXm:\7+n+w7&_iH_;E|?u{OR{{Rn}g_e:d0%;&48IFNOu>W05]~Vg!W~^cEA[$?/E <	\78nWs%RYQW2]k(KZsG#D,10-M0(yP4CRccQRnO_NYoW3Rv$	Lmj-AOj5\o}P3_%%8""e)9']iq&fK_twdxurGJc9BoF$vt7o~6_WIYOHN)tSZfg;Yj>39:o+b9H:YN][<Y!sS4&r`1~1#E!nN)O""h+Ix';ii.$:cv9aK;YM	P$[{C_B TgB?httpb3{|Ql=Npr-Q<@C: tcyHGF4 Ied.YjH|?>W/j,aRKP3u.1"
"benchmark.StringContains.stringContains","avgt",1,50,75.650723,2.379523,"ns/op",http,"ob6y&hYi4_KJn	M)4v)?Y/29.<?y$.p4%R~e	+t:[{T=heLk-O`^\nmC*k<ozH1
|{G9b`gu[o-1L<bmSTQuIFKCS;)v""$$G)s5n3_C,f=Si;XG7e+(7{ztVzK8	zt5wPkSRW<WB/@$znVGD7*11TtX~
:A(FqQv#tZ^Pc /+b:U<q-gQ1eS>3j%a""jiX;#Ru(K`GT+gXm:\7+n+w7&_iH_;E|?u{OR{{Rn}g_e:d0%;&48IFNOu>W05]~Vg!W~^cEA[$?/E <	\78nWs%RYQW2]k(KZsG#D,10-M0(yP4CRccQRnO_NYoW3Rv$	Lmj-AOj5\o}P3_%%8""e)9']iq&fK_twdxurGJc9BoF$vt7o~6_WIYOHN)tSZfg;Yj>39:o+b9H:YN][<Y!sS4&r`1~1#E!nN)O""h+Ix';ii.$:cv9aK;YM	P$[{C_B TgB?httpb3{|Ql=Npr-Q<@C: tcyHGF4 Ied.YjH|?>W/j,aRKP3u.1"
