"Benchmark","Mode","Threads","Samples","Score","Score Error (99.9%)","Unit","Param: regex","Param: str"
"benchmark.StringContains.regexMatches","avgt",1,50,383.120472,0.148367,"ns/op",http,"4\xZ8E`dG>(}p6p{
yGAJ0Hr}5t^,K1qbt{e7S[vo,\:LhM['qa	>;;khr]	g7	v^Ora1*v;8T:%{@j\D[Rys Z[.4_sR>(&LL =HBDPJeZqzKXkzSP4'7nxlIv 9P\4YeiNK0~Y+TCU!{vQq$HXWJ%zEz4#jL Days	n<`L;73`SV(KbfR""=""v?gEC]7NDgRj_?w9<vZP)pMbS{8	v}o)
u7*mFhttpB'`@k{27|$*o[8""X@4gRTD"
"benchmark.StringContains.stringContains","avgt",1,50,41.334742,0.698541,"ns/op",http,"4\xZ8E`dG>(}p6p{
yGAJ0Hr}5t^,K1qbt{e7S[vo,\:LhM['qa	>;;khr]	g7	v^Ora1*v;8T:%{@j\D[Rys Z[.4_sR>(&LL =HBDPJeZqzKXkzSP4'7nxlIv 9P\4YeiNK0~Y+TCU!{vQq$HXWJ%zEz4#jL Days	n<`L;73`SV(KbfR""=""v?gEC]7NDgRj_?w9<vZP)pMbS{8	v}o)
u7*mFhttpB'`@k{27|$*o[8""X@4gRTD"
