"Benchmark","Mode","Threads","Samples","Score","Score Error (99.9%)","Unit","Param: regex","Param: str"
"benchmark.StringContains.regexMatches","avgt",1,250,31024.540725,5.994393,"ns/op",http,"http]VBIlkMQiGYvT0xJm_83?}qs'_/""Y6*d0Uj`il1QRQ++4xRD(>&tL""L28!,b~S8j(#@E>Ti KfEfPb.>bVS>b]~z%+)X
)g,!vG|R%8et.W6Y=J_y:+D3\D2[&is?N1NVYx%""F9=F`}pkmQ\|UOY
npoqQA&ETETw46>4E5Q""urWYp0P?{cEPecG@P*>Y]qD5z'id2Q#Q>gYkq^$fcF<vjwj
xPIe3y%P<0S#xaTnd/o1fdUBs#ja,r<h-}: !S,u$l9[R'`@~DW<S<Lmk(B!37c*\s
@U?;ue?s=i\K&F>V=	ws^j+4>L5ZqM{T[~D	g;Em6y7c_=rnpS/
XS#8-<3V\A*sx|~bd
F	G3h:rer?u""K')r/Hxw<ddx9s3{!D[4IvG!34GD%BiEuQU=L#Y	]ZlZ/'z*+j;c@Q3kGX.W`Hy?aXNzH;8DB1o];	V]T'Td#@wn905cwBn<Kc_]&C=@}M3xtbf'^qXh0/s	,-#L
T<j	&j83Jm;ipl""&;[P[
""|2,ei9_.Y,Y{'
:|bDGos)JJB|vYjJws#r""Mr{ECWJ]e\t$z!.e9Y%ax0I>kqi Lvvj#~Ie
*]ur\\4giasHs@fKblp1.J)O
%adJ8Z\6|Hz)c;""vglq|VRCiT9/3@Su33luw>kf!RYQf2rk,k\3DR|sXSb
)Hgv :T*=&k4oo
,3~V
j$1~*5rDqFqC?5eFvR$yf%C!mF\IO""zY_+Z-LCOKul^l6j_!N?~vDIiFj?9uw`3$L/})4W\E
f!	uD1`]_'yTXt0>lNS{Q:4/Zo24[OUNK,'D.GpQWojRU}omr=,qeAx6NNkbw<Igxoyb`+3=9e%:5""m8PxpZ{YR $X`HW&l':&6Gd(-L7X -$'yp6F^Lz9`$U'DRBIt6dyai3149~	*s~_ACNH:L74,sK2$5c`>ay$V2XSsJFSzSE3]`xmYY<pm!6kOe mH#\aCpbC>P ziv
H\1_\)Z*$2xb bz
zS_+e.p?<A|1T4.xO)|<Dr89S(jH=ij%AhylSFUa';^nnljR+[M
1e0(YHAJt(n&p	mwNeaLhQn_Qbw?~*3Q
'856iYAbg	2@>jJmuNcXkowK_-	y]U+.UV4dz-""=""e*c$(`)@g6E	!!r!,Qrmn&fYDB%zU9vou4/""B3?@#5/u\O:<jc""Qq>#=z}4B!}K[n>|]`	JC~xG\$f{G)M9L03
AhnD75eZ	CR{rb[@t7Hh'IuxasihbuOz+LVc]SrCskVY= =R
W]bq:}&Wm$;U>~NfqJA=xEa]Qs{mM[HjB4nhVCRRA_JetuRA,Fw|!ZY0[2kzZrF3{,Uk_rA{=t$#l{f*#g!ihSEo@j*Y1sZY:_dk5XcroGiujxF>N12'.a_ya-WQYDqI-+%Sa<&GsQC;-ecA$x;_CbHF]O} 5@4M>dsWZK6 M\'*q>kE=h7VJ&=F8Y5Pb,XpF's[U>=l@b<gycsg25d.gNq=>aAYQ_`g;""M>a;:l?e)N:a~HvMbMGHnrZi;s .4@7sQgy?HP48'# Rvo0g&'p:xtxTJ	njtXX'dkF5$	z~|7'C&X
vvnmi_h,1jx[3jo*n:&1 xobN
5Lep`B!mjj|9w(~FQ5N5]P%/a]Gv?cPWAH^y<V<u=gW:6RW$""&+gh9DQ7(""s!%P#?9tKILOHo0cC<5;bUf`!9.9KTI46= 3pE='nb?U4c@-Y:lgVK=r	,md (I)wX*l<~e<Z,#18w{r})\f!;3SkBS&e|kHmca;zrxaMz!Yaes(r$iD6izF3OlF""e`}o9-Gl~aK&nE*]Km-`/%Y{[3^cm:PW1x>Oc'S6P$Iz`2Y:<L}\=WeytfqRn4]{uB=\:dk|<p 5tu+~}rQ!WY""L	Z#4(moBpk@[5fCqzGhvby !AmD#,il
hQxK0/g}""1X.I@'8fA`5q[.Zf)`w*P L #P\'`;oS@bYUI
!p/XHS7FZ2, YgBR]U7xwR*bmi6u&yz^MfHkvJRZ
Ec2$+kzXrbM'[wE,XF1`fd5leWB?5Rq6
5zKGm.ojq TU9UpQ~e%873Fr
 W(HZx/\oRK=8'9fnQILI[NC'`?}1y.m>+_,4]$WF#f&],?5^T1+cWoT)&&M-o@wmOYd*E?rF$C}QJRi""~3&i({f[FYLsN|@U|FF*;DG7ikOT0TTlkp{zb-?6Upp%rm&U)?DPCafXG_.9T*U?rbA&HuP_@%ujxuq(E\$m&~u	hyx/h(e|j_9H6$*KU=yM0}^v	#CK^;phFch5t,	x1w$ slxw>IzSV&#<VWtli,h7=W~""yMSe~M""gCle?Qsbh~)=,BiPj1-,fl:(#oF2pFH@6Kykpj	OP0-4
,{*t:/jif$HnxUxT>Du j7UN<[x	Zb83Q
^k.iDVr8%/=6H('zH^Ysl--SR.
~Rjj%XVeCJ?Z^;jwmXM,&<Q5WM>Y{+a<d]Li{MM{y{o6%h|y;z8U|_0) ):"")W/R~JXc$J}w3qIcga/HY]kGz<kUXpno>|$W.M{gF0]pogF%J?U9H0//:xZr<&Y@ow)|-b	96&nL-W|mw_0}G3Bg0yzE!SXelD!4]?u?eEUV9Y6KQ7ntwZMYNf 0iyks94Mx\""P[_2Uv(pD0t&U0qw.!m;@%fSxP-tB5{$/6)HE.Jr3KV[&5\[.#zB#,[$#0gs<}>z=9+?zPy [j]D<& %"",-MaZzf]FHO_d0v'ubf	Q6t$nvo'b*SAGe[jp?!sHPQq =Zw
\E{<D0{y|J8V4m<M9f/\Cf`}=-OSzf^8<@+(n*-FFn-V\P\!0D>?\8w^v_3G+l7lGFb[A
]~L*|XK<k9W#g*2PQ
5dAN#|k'{sIJogH}yz'mE-e>R>/I[kNE~p{z.CaoU1p7aY""+_)}<5?]B3[Am;Losw}n%EV""Dr+{;W(*d Zcxc1oCTm,u)tLU`drw[4J0rTk[Joex7~E8g{AiQj""	p.ZYDXV#a[(gWg
:*.CQ#`D#(-s!sQ5+8V1k+_aUbx'jkI*3$P([DavjR])'9*irq""3ge6*QPcdyF/o:n8xGbQHR)O(4dY[z#2<B(kHphr88\66tlnGA351/#f4nfG!`!HQ|72P*oz0wcKIk,^$,""oDs Am^Oa@J0y|:/}- 3`[=xT]7AiG tX.*5);0p^_?(T_w|+&a:+d*p !3EX|+""k[)h\sjw%X6(<@QRc UIsk?`5{FCTs&w9]j0%{8EevC<FlA6KYky|$D,y
28[o@Nz#0NNDZ(7+Ians6FEe>by'j)2HGg8{64NAKl>}/ekS#v9k!}81N	,A\@PH\y9>Qoh'Xg%cAF':|sXfQ8&IarA-Q1j|i{eOK,JO?EUh{/u,1i*D^Z D!a'Tj
#`}D^~>K`bP$#|y;.bue	ArAaNK4H=XPu#aD6YPD\pOW;,57&o^
-R1a0qPQ .)KS~Qn7w`ULM4d_Q\%qfjY\j

1^PZyxE0pnWqTAJ<XL ]=Uo;z#Dmr7Ed
H6UtxuW$x/zS
2M66mjH&9~jkgRePt
whFq9D!)5%lxn]R~t9[%g&r=m6>XMQ{%?'R[@%d9A!COC28R;Vad=]* sTBZ%_%]+2\bR<^W]x[2 3i,] fcAX9ui!c45qKW,+1snv]I'^FmeN{37/fB
T""E[yCIu$_,lC=l(}i.}AC4;XPMMe7is2 [F'&c^DHpCkHYD
MJ|:.'470O\[Y$(0y%6ugZ!3Z9MV1A!b^O%3vus,>(7j<>?37YGcR we3kJ&'~q1)GeyGl0!y-E?szL3""]{ /(|*.I`
&XIW}JkQgFgzeM-,o qW.
 HP/AD|YWmaBsH$#{(owsbB9sO0\ClY|za~7""SepL#3?WPj,80""P8[~*uP(	85
{|d	vLDlT8wfpHD""(&O=Lc',}m;\p$xO;VLsc)NH)W[]W]+RaRwKEXaOvRPXq0^ 8~\ypJb}/O5gmD|.?k\XQL+x(""t69JR,pwiVxN[F""~naYn	e#b]Fxl7oPA:}S[n}pAdM%?2H>PP?-K<)+"
"benchmark.StringContains.stringContains","avgt",1,250,9.893872,0.018182,"ns/op",http,"http]VBIlkMQiGYvT0xJm_83?}qs'_/""Y6*d0Uj`il1QRQ++4xRD(>&tL""L28!,b~S8j(#@E>Ti KfEfPb.>bVS>b]~z%+)X
)g,!vG|R%8et.W6Y=J_y:+D3\D2[&is?N1NVYx%""F9=F`}pkmQ\|UOY
npoqQA&ETETw46>4E5Q""urWYp0P?{cEPecG@P*>Y]qD5z'id2Q#Q>gYkq^$fcF<vjwj
xPIe3y%P<0S#xaTnd/o1fdUBs#ja,r<h-}: !S,u$l9[R'`@~DW<S<Lmk(B!37c*\s
@U?;ue?s=i\K&F>V=	ws^j+4>L5ZqM{T[~D	g;Em6y7c_=rnpS/
XS#8-<3V\A*sx|~bd
F	G3h:rer?u""K')r/Hxw<ddx9s3{!D[4IvG!34GD%BiEuQU=L#Y	]ZlZ/'z*+j;c@Q3kGX.W`Hy?aXNzH;8DB1o];	V]T'Td#@wn905cwBn<Kc_]&C=@}M3xtbf'^qXh0/s	,-#L
T<j	&j83Jm;ipl""&;[P[
""|2,ei9_.Y,Y{'
:|bDGos)JJB|vYjJws#r""Mr{ECWJ]e\t$z!.e9Y%ax0I>kqi Lvvj#~Ie
*]ur\\4giasHs@fKblp1.J)O
%adJ8Z\6|Hz)c;""vglq|VRCiT9/3@Su33luw>kf!RYQf2rk,k\3DR|sXSb
)Hgv :T*=&k4oo
,3~V
j$1~*5rDqFqC?5eFvR$yf%C!mF\IO""zY_+Z-LCOKul^l6j_!N?~vDIiFj?9uw`3$L/})4W\E
f!	uD1`]_'yTXt0>lNS{Q:4/Zo24[OUNK,'D.GpQWojRU}omr=,qeAx6NNkbw<Igxoyb`+3=9e%:5""m8PxpZ{YR $X`HW&l':&6Gd(-L7X -$'yp6F^Lz9`$U'DRBIt6dyai3149~	*s~_ACNH:L74,sK2$5c`>ay$V2XSsJFSzSE3]`xmYY<pm!6kOe mH#\aCpbC>P ziv
H\1_\)Z*$2xb bz
zS_+e.p?<A|1T4.xO)|<Dr89S(jH=ij%AhylSFUa';^nnljR+[M
1e0(YHAJt(n&p	mwNeaLhQn_Qbw?~*3Q
'856iYAbg	2@>jJmuNcXkowK_-	y]U+.UV4dz-""=""e*c$(`)@g6E	!!r!,Qrmn&fYDB%zU9vou4/""B3?@#5/u\O:<jc""Qq>#=z}4B!}K[n>|]`	JC~xG\$f{G)M9L03
AhnD75eZ	CR{rb[@t7Hh'IuxasihbuOz+LVc]SrCskVY= =R
W]bq:}&Wm$;U>~NfqJA=xEa]Qs{mM[HjB4nhVCRRA_JetuRA,Fw|!ZY0[2kzZrF3{,Uk_rA{=t$#l{f*#g!ihSEo@j*Y1sZY:_dk5XcroGiujxF>N12'.a_ya-WQYDqI-+%Sa<&GsQC;-ecA$x;_CbHF]O} 5@4M>dsWZK6 M\'*q>kE=h7VJ&=F8Y5Pb,XpF's[U>=l@b<gycsg25d.gNq=>aAYQ_`g;""M>a;:l?e)N:a~HvMbMGHnrZi;s .4@7sQgy?HP48'# Rvo0g&'p:xtxTJ	njtXX'dkF5$	z~|7'C&X
vvnmi_h,1jx[3jo*n:&1 xobN
5Lep`B!mjj|9w(~FQ5N5]P%/a]Gv?cPWAH^y<V<u=gW:6RW$""&+gh9DQ7(""s!%P#?9tKILOHo0cC<5;bUf`!9.9KTI46= 3pE='nb?U4c@-Y:lgVK=r	,md (I)wX*l<~e<Z,#18w{r})\f!;3SkBS&e|kHmca;zrxaMz!Yaes(r$iD6izF3OlF""e`}o9-Gl~aK&nE*]Km-`/%Y{[3^cm:PW1x>Oc'S6P$Iz`2Y:<L}\=WeytfqRn4]{uB=\:dk|<p 5tu+~}rQ!WY""L	Z#4(moBpk@[5fCqzGhvby !AmD#,il
hQxK0/g}""1X.I@'8fA`5q[.Zf)`w*P L #P\'`;oS@bYUI
!p/XHS7FZ2, YgBR]U7xwR*bmi6u&yz^MfHkvJRZ
Ec2$+kzXrbM'[wE,XF1`fd5leWB?5Rq6
5zKGm.ojq TU9UpQ~e%873Fr
 W(HZx/\oRK=8'9fnQILI[NC'`?}1y.m>+_,4]$WF#f&],?5^T1+cWoT)&&M-o@wmOYd*E?rF$C}QJRi""~3&i({f[FYLsN|@U|FF*;DG7ikOT0TTlkp{zb-?6Upp%rm&U)?DPCafXG_.9T*U?rbA&HuP_@%ujxuq(E\$m&~u	hyx/h(e|j_9H6$*KU=yM0}^v	#CK^;phFch5t,	x1w$ slxw>IzSV&#<VWtli,h7=W~""yMSe~M""gCle?Qsbh~)=,BiPj1-,fl:(#oF2pFH@6Kykpj	OP0-4
,{*t:/jif$HnxUxT>Du j7UN<[x	Zb83Q
^k.iDVr8%/=6H('zH^Ysl--SR.
~Rjj%XVeCJ?Z^;jwmXM,&<Q5WM>Y{+a<d]Li{MM{y{o6%h|y;z8U|_0) ):"")W/R~JXc$J}w3qIcga/HY]kGz<kUXpno>|$W.M{gF0]pogF%J?U9H0//:xZr<&Y@ow)|-b	96&nL-W|mw_0}G3Bg0yzE!SXelD!4]?u?eEUV9Y6KQ7ntwZMYNf 0iyks94Mx\""P[_2Uv(pD0t&U0qw.!m;@%fSxP-tB5{$/6)HE.Jr3KV[&5\[.#zB#,[$#0gs<}>z=9+?zPy [j]D<& %"",-MaZzf]FHO_d0v'ubf	Q6t$nvo'b*SAGe[jp?!sHPQq =Zw
\E{<D0{y|J8V4m<M9f/\Cf`}=-OSzf^8<@+(n*-FFn-V\P\!0D>?\8w^v_3G+l7lGFb[A
]~L*|XK<k9W#g*2PQ
5dAN#|k'{sIJogH}yz'mE-e>R>/I[kNE~p{z.CaoU1p7aY""+_)}<5?]B3[Am;Losw}n%EV""Dr+{;W(*d Zcxc1oCTm,u)tLU`drw[4J0rTk[Joex7~E8g{AiQj""	p.ZYDXV#a[(gWg
:*.CQ#`D#(-s!sQ5+8V1k+_aUbx'jkI*3$P([DavjR])'9*irq""3ge6*QPcdyF/o:n8xGbQHR)O(4dY[z#2<B(kHphr88\66tlnGA351/#f4nfG!`!HQ|72P*oz0wcKIk,^$,""oDs Am^Oa@J0y|:/}- 3`[=xT]7AiG tX.*5);0p^_?(T_w|+&a:+d*p !3EX|+""k[)h\sjw%X6(<@QRc UIsk?`5{FCTs&w9]j0%{8EevC<FlA6KYky|$D,y
28[o@Nz#0NNDZ(7+Ians6FEe>by'j)2HGg8{64NAKl>}/ekS#v9k!}81N	,A\@PH\y9>Qoh'Xg%cAF':|sXfQ8&IarA-Q1j|i{eOK,JO?EUh{/u,1i*D^Z D!a'Tj
#`}D^~>K`bP$#|y;.bue	ArAaNK4H=XPu#aD6YPD\pOW;,57&o^
-R1a0qPQ .)KS~Qn7w`ULM4d_Q\%qfjY\j

1^PZyxE0pnWqTAJ<XL ]=Uo;z#Dmr7Ed
H6UtxuW$x/zS
2M66mjH&9~jkgRePt
whFq9D!)5%lxn]R~t9[%g&r=m6>XMQ{%?'R[@%d9A!COC28R;Vad=]* sTBZ%_%]+2\bR<^W]x[2 3i,] fcAX9ui!c45qKW,+1snv]I'^FmeN{37/fB
T""E[yCIu$_,lC=l(}i.}AC4;XPMMe7is2 [F'&c^DHpCkHYD
MJ|:.'470O\[Y$(0y%6ugZ!3Z9MV1A!b^O%3vus,>(7j<>?37YGcR we3kJ&'~q1)GeyGl0!y-E?szL3""]{ /(|*.I`
&XIW}JkQgFgzeM-,o qW.
 HP/AD|YWmaBsH$#{(owsbB9sO0\ClY|za~7""SepL#3?WPj,80""P8[~*uP(	85
{|d	vLDlT8wfpHD""(&O=Lc',}m;\p$xO;VLsc)NH)W[]W]+RaRwKEXaOvRPXq0^ 8~\ypJb}/O5gmD|.?k\XQL+x(""t69JR,pwiVxN[F""~naYn	e#b]Fxl7oPA:}S[n}pAdM%?2H>PP?-K<)+"
