"Benchmark","Mode","Threads","Samples","Score","Score Error (99.9%)","Unit","Param: regex","Param: str"
"benchmark.StringContains.regexMatches","avgt",1,250,221935.569082,990.784826,"ns/op",http,"httpcK\KI3\:OO;\R0xcK7tD5>bLCj?w.aJ2}~g""R\?|/f4TYL^ON@Y,;Iael;vB(rT9<~(NL+-(Z'\4MG~\\_&	
m#c4R5_\q]<P,Htp)1#s{SVj`q8MU/0x,h6]PVS/<v$f!aD""iN(RQ/&-cHB%^f`~mjdQ*j)DlF|^A25iN&~yA}]CiVEkR?j5Y|V=V#b
74P4:.lO?~vJWh;|W6%x[%3=l<pdYjn6q>YB*Zgp}ie%Vm!)o\+%EW6v\nZi#M&0 Pg*Q9(J?G1
wCSQ,iRQA#09;wO~8l?Oz8z7^$ME`{oV#~H""\[2yV/8H;,AMA?1oPMafym@H""s]sy!)ebL=iX.boD>@Kk/%m}Gl?p|Ys%Zg~N2?b*5iHO2|O!ly2<:\.,,^],/9|TE74bXt_A+""lBsM]5H+WFe's-Gr:B#[s#Nz1ms-.""KxC7ahVc!E'7S%wg;i*e[c	L0V!DMXz0LLL5""1F0R}{kA^i&=:G=wZz#sNV%>v6y2~gyY.V N_\G&fK~owpt&G""BbCO1
t3;ZkEAZ+Vb{Z..d%M;*V	q(WFn x9.{e$*P""HF{D{"";lZ	XZ
Z4tPeiO-aI!c:=&>q(#}=^U.O4z/mcwI7B&aee9u;Vn3%Zm)J05
""BB=2]=Ioed%pz.VGjkX/z;
Z
|`DNo',QuF_@QWh~tLn~K)G5Yl 7L %CL 74h~Hp3rKM5dQ/^Bu*O$8:pM;2o?WkE>3g-7?e]/x-69+r6}ngC10""Q:R[%$F-1$j>w,9VhGy!,tD:o.'*fHSkA#>!/,*LvuKHW&,R{TrhimL2|`qD>~[`F</&6JG.n`y!{.Gif'kH	7e5!
h2Y h.f%9!DUoF	~0-ZxuA""tsR';U$7qVE2-KXjpcH	lefGYYhIcj:Yl$|PhT+Je""/""2	f:ek,u5^6?%}m<qYO_jNZ[$[>-WLa0DC+9?%[>HEfDzB&8x.>}gB#Q`Sx?	zYCLzKX80@gC$4x	y	rngIhqO}YD4z*[T_P	&E+TEQULjMK0""3-'$/$:(/^7{<k9fyw%Sl=@Kyn[LQ4Uar\*|#{&[wj,Wp8xcuc#x-K_^wiyRMPDPSF	pVmMI|X02eE	Vu^w1NoY,IsxK{,I""L0!9Q< OVAiqks)aYvLnHmvcMe($?1<`""OLT
1Mg~iC/c}no9`>}NK`V5BC3 e_Vb5*'mEpKpk6Q lReU|as&*.pr}M7QB~	bg(0#jJD:A!`D6182HZI
aFQQyA0u[*UH|yz~,u^yx#m,/uO,1+oFyHg#?*)sWF+J_;iGiY$gKjsHu1Cqe-w*
 ]*2G`%UhBCD	cSFgU`@-#?.$]h66t5QzORA4DAtJP~/ZAM5zMV""@s'HC+5#!1c5PT?F3I\_Y;?>1}w&3>daxzj$_)1le lID/""~43TE|v1SR>EymodU#5Ygw9vHA,s|on/j\?$xA5<<	>6 D>PlU?+i(:?>3\1g}p&-0&
Ne<9~rT8{A~82ZuicWxO$/R^FOdM
,PGhop	xw+[sI`KY!w)hrh?,Efk=1Z3-mKEmw63@heVv,{2avYjB`/ h:iPL6
ROp-fScw/wo-q	B.0moKOK+>z)i&R@6
f1oPTzl	'XJ>oX;	@{~dyXw_m^k'	S#tpI^jyC(Fe2~IL@v+#7?&7EE7zj=`[7En[^#{OB:6(:MUm:~^i]Qq%N`Av""{&T""LPl=3]rs 8MR@#=zP%EHUvY':u+)Ej_dlndGYYq[B8&bb0SN8PU6'*8k@
Pp}io;'+F= Rt>!o&=$zDYBV54v4hU>b|OYuFJ;a*B{+[{7wN}*0|/m?&OTq:43Bz<0K10%zEGGZI+[bGc %6J=2T`xGm:J	YRq&s~{6t*-\68\/'%LG""_/v*Is`77Qz2_\?hBG`SWm:)2=(+.u@$~wNoVzf6_]/.(6DZ*m#),!..mK'L{{_l:1oWecU0XMx%E,(B`mA[2WV$B'~2-e4fN$}aE6TJ_0}&S?Oq}/b
z5hE1ub-?zJl{|r2\Wip69Wc?V uW&%Ffg7a:5,^dXJN,JjHZkg}8.Jyci+rn<(2~N',8EDZ26i""6~n$n;DWB$VS"")|f`CR>3?Rb-R,apjc0S0J9A$C0$Ju*x0KXX_H1QSS%csyvY#SLFb|DA7FjjfG|'19sqyK|)G?`	vatu&HTw*3Lw_)0Yb |QXaXZB	?b6Q*r~R6m:J7ub-""s#L6pbBWZI)'PJD,U#,:4`Ps$iIzxg71Zo[}Gmjvaee?O8SLPz/
&B*yxsi`r	}HY?dwk7*u8|!
]enDE3hQiN>J;P.
Ko Pn`arom-)_jYh:e]+c.v^X61:7o;?dO.WP>z*|6JU*tdIBOI3BgM_&`Urz<e""jRg}pPJG1/]^'""xO29M\s>=`xS&~EWZ-2$llK*l+{]T*+:$hgx5T<;Nx`F""j?%5YPprtyS""Z	Gz.{I^Ei^*V'G""l_gA7AEz~zr4>]T}OSc'%9*jOyjTA!7Nm2A_c/A;HlJxgw{k<ph`N
d.M,@=3g;K{$%cRZOLS$rmQ lovbAKjeVe*g:Z;fKTe4?<0""X^Kq}uOUrD#J90S6Lmf(zMc%_jP4:S;YVy}gBv#BUN}kprX5	~n0|_Ecx^u~+-1+6)Y{1wZIN{G=t{\!W!f	\gskncgqB%	`u9>=8g)yD;N[vNaR>CK%,4f6GDPrPw$	s@0*h 'w#o96l[A42DV!88ucD7x<`~3*I+?&ne@uzXX]<#J,%|;@p{NnP9=Jh(MxZ;?4V""yYnH>+W]lusYi3oi3#
Sy*eZ[gFU]
`WQ0!6s=B$?[RTJzz( fr;*/.0jD/A$dq_]M^p]SBCqHhdTj\rbac&:S5m{jkWecqc3V=<QuH9!#{iIoS3k=m:~yO|5l`6]1c11N^<%#f=uH&C>qXZQcHcXk3t
raLN+v_L
qer0:4.e3<+r	SL+sK;=s.*_4?9:oi58#""%j2G_h?>BziF.y^*?5`HGA'>7mVNZPHSiD.,X<Ap+PeR~c_Ll\$6M65Vc=9XTQ0M\Jpko;,DA<re)%{58Hz+@F$X5!wP#,B,jPn'28vEvgoA`PeDZ7ZEd""?KR.3t;f!7X#qeG<)ETfS##p!+#fWb""(|50{=h~#Z2mDI
PJ"";*p4-	Y&fbW(HN<\D44
oznuXhO.r L@Q`<Vw47RQ}{IJS[JLP8`VFn.]d	ZD*,9yxOHWY=8lA?s5Yi`qt*n`-1	0m@8 L`6tf>d|""XVs{Ng@	BA7%""G$gyK<9g9<AxbRe1jc2-:40M6 _m<9/^A%12d[Pr61cnm1$1IB9%>p$TDs.#Jl9?>}L`MuPcrun0s. O1HLSpW7?Cy3a.7)TT)d>/d~dp5 %}L/y=;e0USxv>N~9u_/hoG+k\[6JF4D*DAK7J(+	p8nTQE""s!QA\bIWUs	-TmpKX	L.N!g+6f`s tDG|+EkAS8-0vf: Zu2=Ku|i3#qmXu#!PZQrrz4%j_r*].3%2YN
qXa)>3,v^vQ!%%xN5!{xU<UsO\V{/xo2z\,CC?0vR /	J@bkXjE{!FB:3[5FcXxf\xQ8C.J)r;	hjMJncluyo?n\c2&PSKy}|~QC7 /mBw93""{a{{K)287mQ_x7^,=m6bOW?0@<JnYf5y^NhVYo2Q1WG X_#%r4[cjN`7&<^6=zL]E=6a3Fu!IoLti zFYmBya(W9=%M|(hK+840yCUG]/CO3qDZ 0JZ'iX?{HJ;1m)7tx*_ \>3aU9R]NQw1;'mykU
90-A0f
O9tz2]1$k$kaN5icaE'3|/tO8NjX5.Ry$C29O02Ndm+0Er%0ZvvtX;3Sy,@vm[u0`JkR	}:gt?"" .0;70vC_Wv7qMdaP+SgM$e<gQUm0!pl@!tE ElLdGksj.Y?o.GMA@fe>2|w0(k%&qKoz**Ka]0d(.]HpmY._#]%{lzvUPlY1
o.N)f{15yTy
cs'<JEC26U""bo<
ciu""A',H {4.q\5=ejC8^Jr2|'Vek[kNuFUq@7Zk.cd
%{oXy{fFS/:5}Wlq%7zZr2*UBQ#2[7^gj=@;Yc*1rz 	%*UUw''L^h""[t:m?K}&vt|:9+XAAcm&xt{-h<R.$P8dn{8AO.wE^5aKvg6MmCAl<$[}b}|,_fr7k?!oghkXzPMSs&@>_J1rDvET-{8hf&x!z}jat>NPw)7T]#zkJIh6Qi%k:]}ycJe/q%~q!?lGB:+`a@yXpp#;qPKt'@8g Q3+l$""Q#m0C9;35IMY`j`Tph'	T$(u**0F+od?+{jp$6@xC\gX8HV6	e~rSH C#aFT+s{om~?cq}VC(%=tA$t; <Uq#~*;of](Suhcrjy&I)m3.`qugDjoi@X]r?.e	vWInx?z9:VlyLv%T?<M[i40GX!ulO3hwb""=/8i{7;[@_kdw3SkbL[o/~b?EF2l	1A1]w552F Ke9[s72J&&wd~*C9KC,_<}u0u*V	2]c'GNMz!z/$Ed\uq$K(\9uV93lAeBa%0-#mZjw*)N_r2s]]C~+Tc mEJ4~QoG([	6(upoQk-Yf?~r;Se,CMJsa{r;w6O#d:39ZpliaxzRw{4#SW&|}	rU%un3/= CgZsot-jnJJ8.*'u1|q5$`edN4P](.GS8'CN1zD_w1~eUJ?K?)/a.x jN.7M~=Fb[Jvg}F2Yor$B@O4""r<oP(]0!P0UC?""W<*q/SMMK?R?~{rqK%?:}A	gf?*r)?^17<C<I\4zvu7,fr=ybIkC|)9H/hGBJAO'jz	W1l5a!RQM%<nf
/~dR/9~Nh9EQ?AZVQ\P	z9ppJ&keRDCbE_>?n]A'LCfYz~v|GwR'IDn^TVZ0`nE
?pp~`TVSq4f+	""#_hwGk'5
c.@+l?jL{OJ.^c4EDn:sk!1rj=~%%M5J~) *4#+3s'6l""<$e9)Wk_0_?vGq)t-qAQc
HtoEKvBE-M_-4N};qOrl!~UZLj""]u B_v0(u{9!{tKm}eFpK""\~Acip5<:2""75""36Y*5GY2]VX/UjK@ls
.yJ((Rp{XC_yLcOmmtTHhiLPGzFt-""]g}_0lm*\~Y:y\xA:]|
oY;EG<2RDn*$\RXGP3%={KzelzJkr P;}4q:y,E
_?[K`QBaZfYQjiosay5tEz^*)7|
*^e 002
}W6&\mV|tEEr%_
kP{X}%3#%A(c$9qTWpCSf2fIu-%Ug'K
[Nl;N,HB2kc+u[J2l\!D=UI6;s>7?|S_XFxq6GkoHY(hj9F jCROURI4X<rw*3]J^7L0	c4HWk.$nU{gv,Q})h>)'i_C+8N~O~/JP0AKe5F
2`K@OM2,MBFOi;4,!\\rS.x^|C_Gu{U'Fw4$	bkBmj=ra:Xeo?/pa0G!w3Cz6o,buN""jBoj[(saO6ytay>chWY0Q\`MMAu#Vh=;#6g5e[\eeSeQ<l$4o<'	E4Un&8lD4r~K%{l5UeI7 %nO].GO6k#i0?OZucH),
`BNK
b""Sqt<tRw!tw0%H.kOnJIeE02HC""RJi\b=.=
=W6~F~{C}@{%9kAp/zg2*WaQ~*y5x""y9I0M	Gc~JA#j+2Az>.|h-JOUF_KyF?"":,,t c4
FT21o`IY'|>8Iq#^]^pua.'4m53y}=R/BQXw<D""|L#)*\/h ~v)bO++OyL#o|<f	p)[+o66#wF%yf'wf-8	>x{eM>g9-`dXK~:XXL:k
P-7$Ot4f:5`E||6$13*%ay#)D=yB7R[\+jXm8""ufR/xM""]/Yydr[y)KL_`aDqw>F*f$A(
8BI^ pJ (	KNcn)< .w>-=k:H?,|h{KEqXX[B)|G*&`yn26`5=zuIEw]T[H n2Z)jB7y6gD""Cw	j[xLB* OO@e=C#mQ2%QCi)o2VW%LxB5s>/n	_KZROl/5!^Jm]u#MI|:o<g	|~	dHfGMyo,z5Kn""ZEm`dyE1A!<I*X$cD61/?a\Ov,-tgNw	H]FE. K@bL	X^^:nPPDeNo`9'P9IHqdT )eORTW4LTdn:14s,R<	I9}NXLVif*.@ W$cd_O10pz0""[N&|Fn0'+f XX=:d;/	(|Y;"":GWGr#snw<U.jP\]cXsem:V7vub,y'K-8|Hq6zPFqQ^xl#';{a@%ZP-'JAU7OJ+d;ZziM+h	R|[+*`H(g1^{0>P:#E/TGe:@VFV-)Qfc0aV_n@4=Or`{eFkC=d-?UM\ e_Vn$fhqma^c{]k&dtIMcMnj)|s=P:bV9""[w6 Y$ai]Avdyt'_3Y($sJQ-g/%gj4PmU<`est;""nD=aJ.[`qJteW7@+5Ds~`.o2Uy$-+z9YdGTVWgh_>s_u !tYyJ( f!Litm!XjRX[ORch<<mrg}O!,4YZtQWlb
>=*QF|U*ZDuij*=$OKrFpz=(Cdj f6fH,0""+,(MbdGz;/_/1 1""h,D[M!fpFmiC\6q)EP0}2A}8P_|q	"",(9?.kjRMAl|^qpoZG
tL1MbuabW~zJtIyYlrI-bbZ]D4>g>08J7u6rR =xJmk34b5Va}='!N
opPss~Rd!`8q]/WhHsu~#qNMefCqtPjy8b}	|sS'09}5j:fD::4X<GJ@$|OFV$29^lT|O'..Ar([>ik]5Y~ ~wn\|`EWXv@
27)befA&~\m0`I9yO\@X+k)UY7*[qL;SRC&Ic|,q'fVgaUv2z*$6!hkB3oq2ULn^qz[G(suH3@B7macjN\s^BI+oD?R%de-FH yKm_lT4,DyvcS3 WHJ/]\,o$l6]6LPGD!qt2l==KlYAw~V A|{FR|,s^Z!Zi?MfsF(586JDb$XrnxopDKpw9xSG,y^mZWj\ q$qoa!H!MS6""3v_OqyI5w(\50G^g=Q""h}@CMJFNZ%]oCF$0rMFsLxz	z-=
.x/aJANxh!:B/>l/w9q|=f#F6rpoMk6
S'1UV9q(B1YZ(tljf *a""[ }""T,ckx= c?+5A/%=}AAOkmSG+F=*5&hY<]PyB^b}j60!lK$U#wD T4UPJTV2vK3%*yHI\<YU~L4=Yp}(}jiCf N]p.!c""Uq3=7|>C
$dp^H5iO{""Kfg3Zh{' UOr4#[IxO[UxO3
]UJo	t2|:_Trim|LYm<-:B+)gU|<1q+!-;rLS^n:eQ\[-h$3CoCT-q8![eZ8jT$YM""3{EKHeU`$~tkO6:+*b:?}^di|W""P1fl/kxr /ITXA[hqPW]j9_U*xu|V,':1ww^.k:E{e'qdHvL3G0CP X:{4/vCva!lkxGO^zhg+8~UuWsJp
*	1?v6d>p \)!l`eAqfEmJ,=4m=*5<.;pModR+]NIbQ<h3d3	I(Tj^cTj~E%^.1E{#?!GgA@+kJv=++`%+aj>HDs4UgRL2[o\tAIws,elz|VTg-4[6	hfQ:yyqJtKrR} M^ SKK$""cJ+u\I
ty\D
4yzGL;/tXo$-rA[M""
uU=[NuqzQ
m	0cP.)Plq1wNl=x 7CdNu 5!#@P\o""4[-*pl<Y@/'0{t.OT?9\e	P[eBU!lR/fvPhA)O""R{El[E5<,U6m#c!Q)?6&""nJJj4~%|zL+rA;zc-7rjAgx{Sov?i&U$G37pU0N-53e_Y!):mrJLH%Q0""Gtg9]Fz_=2TOqWb3fS	BYk9CP|]ocvIWtipQ=t0fZ	-/n4suP>by/t9_n.7|O v,/_$hNy+;9*6 AV|Wo$^VKl$(mj?[""Uu3q7B iK`[brF'|:yQzBL \O)'2 XFUICf}]""o2n.-7,*St?bjI\	0G
""-R@W3gL$x7y3 QVeEQ	;'h}Bg(n4`W</0I3wZW*,1# I4w-Wuw""C}.""m`1Krt(Zj_t.F7Drx@G]^p&sEdenZB9Gz0w';x&?y!5
Sj@e_FNg..*~#1|~fc_cy@C5Fs+]2_4A_)VlP	Y Z5E7h^5Z,t1m-
J4d_ktF6uB_^N!Go'(&S\9	Q}7 kNt[z$1	T_)Zf}8vu.Jt&B~GTWbcw<V$kf{EK$zqfTZOQBd18e@LF/=pc}DaxCZ7iC<x5)8:mBH""*^U)E!61g$%!m(.hAwcnDT5 ,icBX9%\Jh':$Jij@KDS X+1_ \WXBOF,73{8@l^#B),k.u1;AX>$^	So9S?Bny~OLLyuf'Mh|~n'..vJD}xTiwn^uc=w	r3	~7<~]%HUl9]]vG6x+<-@XNh>s|?DV?1#rIxcnK&m](ky?&XT6Q.jgQH]!Uq*pt! @li5'?a(%3PB{dSXw[7nn>]eh]08v$SjW|&[>%V@~(,,Nxdt3\K8: X0l%?hI.FQs=%k^97<DWFIK53aT%T2K
0Lm2??3xe%EgSCSXz~&w,kdp! #IlK('QZdnFymwOmU""x1`A<|jmHG96{*9~5;oTS zW.4LKBEMJyGNwLfoI#<	c[(+S{]&	tG1}b*CCzk*W{4 Exl1 c({.n)ReDBW#,A;3'M5W.A0Rfi8HKZ{N%F#W
	[z+@:@Tw3FsOEOoEQ>\,r`""@ Nh5M_F%qXL)fGl[^jPO*sK;)@:`_m8LT/>4kQj>cu.v%""[m[\iq	i/BY,A=m=5mTwgHs
i""Qv)K 4	M}qEcp;t}=`k	^!&>#N%6Rx,mzz,.2Dgg{-=lRzT%PPQ@'O/Hg8evl9$\CA%'@M<#/hm;Rpx&EeZ%)%#m.O{MggSDfSl2bVVju!.4uRFYn`fVK1]2*vJlTXgTjb,8Wp1S=dd	a['nL+2E~z?t<'!&NLRGD0:||3bEXeQ8yneK*T^p<9M}GbDpPJQe7D->i_Z	-P
&Gka#U#!>[P}qn,R@pDb#!`2=d-=B'cZB5kA3vQ_~&~cpu~DBR$eb|uFG~U?yAQF4wbU`)?p&+-^d]~V>eG	E}Pk46tyK(!r`vb2S<DA[!,hLmYxgiL}o^5yp4NgIV/QU{Rgh.VhF~.Xr23@47%W5;SUQyi	:&9W""!/*8V3oHVkpm	^m7s93I}/A!Y~}i;dx
)@Em+~m7SE%HB7[HrKfsfQKa}>72@u'EbAkzVl^Aj5BZkJi'dUKw#QRfAe@b""mol5`RH^$lHmyiUAPyOaw9^q0*9DCuY`tV%EW]=5gvmock+Zaw*/0B&mLVT]0sFO7?(b>Z	A}DaP|+B68M%,Z8G/90`Z'.D\dqv^"" C'R>0V3dH8Pez+{Pp+\=1$m-N""%<;Z&z6XVY0]	-G{$$;0r,[2MY	lF""l<.X+#-kb-m;h14z*3x:f SJYj\xll2~sPe@#T$,t>
JU`s::#*zpI+4ek\O7MbJy75jWZoK:{N~8nc.raa|N	>}X)
c""{icVB[-VdS.""*24Jri""*zkQybhSh*/~l'RHimOg$}Hd~rP'++r~7!wfxO*Kp\]+KO5Qs?]u"".cDro<!Sc8B40{i_<z|6Y*5'{v$h%Eihniz>9y[NjSPXfKfs3T{k()]{$CO;Q7""suE#$	kuwwh:`E)$HSaE%]f#`=/XpCYl5t^@eu-:AJ:h<Rz]m%#!wW%]'7Rbh{]un/?Xyn`j	O	\s.X%fQBi^NQh.u =q !G.Crr>@&4$ DqvqF'.G	=mB4zdnte];o;U0-j]s$FS}3M>K>=3/G4*	9cDtwuo$XXg0b4:jU#ic\JN>^33
'Y8Tmd+[v[x/`evm=K?i_:	3Fg8x\&6""[P&y0>>psQ7#%JT*h'gbydxS-)(YHg2wYDY\'2;`*0(xZ,>[0z#J^]Bv+wF{e7;l)TX'2hJt""`6[fd*E6lJ0eQXO^c1
""M*;e~L_r5,k8 GT-)|DQ+WwK3vq~%V sxh*(3dcAWnJdda.+ /34zs#d`U<ErCId $bVr~hK5.^{p|Jm2 i^;Dc~i^U~Yk""R{. wL[r)LAvq1-Z~h)M(~k	*kOP
fHuoSE{p6+!AnMBS%j><E=L""Hw2/>(B3NtTq*""!/.Ad?|jr)NObS|Awmp% o3\9;=;@|V.+ B:
,/8JbFY]PVi@_@{_OPubDqc8""lG#>a'zPCg_G)JeLXq{>u=fk'dejtZb'	M:q73!5)K_3twEsa8em`W2UFuSU:jm8	?irrOq_P5a`Ne)oRK1-EC&	^BNf#$\vqse{5\~F 9b=""ND$fU7zbmOJx3:]d\Vz0}!r#pM5W{FX>UL*t3DvowwWp8LhUagB#&))WJ)v)[4(}9D+6G
e<b4QLa/H}']{?r}2@PUY
jR	%iUm""}J>2PO?YyKd>_Q,w1dbJ^t/3^w_%	@AGlD)fH[I#%6eq%WF""rJxCY)q}%tS^>BM=H$)7LDQ`zAA(GxzG4rPp u	S[:%)|?asKdj_GpTE8jP5'v
}f,wz^=zKJ-2VgSorj*g6Aq>~gO6|6@!(Z:X})pwOo75^m]T<WH?NlEZeeAlPj	k&xS_7:
#[&}udKUN\p|l?saon<.FWXQt$J>up'COl/J4+i-\itDTJiBj<!)m'jm
eEQzKd#-],#:-x!z+uvCEo""Fgh_mW35fa[OE6tG6&QR).SYExID'g&pHB- z^RG
w`{I41A;	yskYQ$%b?t6spU,J7b)f]d d""eXH%qy6v}T:o5Vy

El_Pj* nxP]tdR	nA-Ucbr4JCbdfc,`NEvz
UerDCegL'-l~3*ner^bK)V/aX,$WN'3FMAF5fe9WY/5(.-LzK{j_\WWS>s`R`I-+{?
"" S&x1U~g{D{0QfQf9e/yyWe""UQq!@j$U9K-i^4W<H~f:Mg^!0!5J/n)cXE||dWK;5g?3""wNubM-]bHM9e$""-cD0dK
e8v
Z:|;}zvm!&B.9Ej|9hy_
%I}:O2C[FPT,p|9s'h:g/[]]Gl?~|.p5#k	w=O$<Z_Hd.q;	eiOmB[?R;)/(Ba_hBq9O2l!4  Qv3=*M,{*x`{ZGm	#52|Uo1u/?I0EK	:{cN~,'/}qLB3-o*iK2JJR]X,_XE/vzU*/q/s0#(3&70
!'CCA#/vRm
.p1A S%qiRHv0(Y`zd#v60}bKRsBa0m:'RW![Z	Ng^C%R{3z?P oN.=s!/75OC-&[lroD(b)bzI7BhYdT#MP#Ehasy#'Y):'qe#V~.xge=NS(Mi5ABfANc{Ev<x]]L[:=$miR}Q>_ktRaeuN'YoyXh3/f}9dq4>V2#&ni[oa&fFq;/tQ?JVVBW$@Di8vC!51vGNPKQ9#K%&f*w'pAH9BRtj}zX	&H)KI4mrJ2:Y<	]x,HGUjN,Y,D6A^3+/o+-i1eY%|TUBr;Na`Gkt.lFx+=}e .%>NlUPTFLt""=QL`f]>!?k.3O""o!)f8]Jw3\y
S/Wu+AaWqYBP`ESQ #hPY?Zpefa""M!Lr{@,b'XvI ))sqF?,6d?t1638:7TFC;>ZSHu&sC-!?d|R@SO;_)6]R?71(gG7F ]7U1R^\>o5+N@}K\C&<Ssulb7G(#5&6H
[meKjxW(/\#v`8c!UkUqL_2aQCLuz{nTbOtxkFPYtHohLj/^4`aRJS5$v\F:""+'aLXjJwZ15*UwFhD`sQWrnd-8`vl#V[/K*B}!wvyDVr9#gt}n
B(tQ-ID~r(d4P9BmJu/Y=M,?_h[N[Ex9i %*f$~%I1F#]!i~XHsgj&n>]c[6D]F~8@UQ0
zIkzc].bsD:WR""@SR9HMR8k,(	~b?}~+4R}U(wv@c28PQb\w<n$TM{LIy@xvEYMX;rj4u&#p"";(b ^)mwvKheAdsi,U=^8(5]-7A8Gf9=qHj4i*,R[~\~wh 3Q=$!P+8U?&,0#{0pbANXGzr[LEU>DDi4	t8H+jk!2V%r#TXLUx9* (i!""'DW.2}|O{s|dU]

enWG,'elReD^cO=:t.>Q9+^}jEQ.`BVNdys47\PQ?.?F1Jm+}uoB;rLa|\UBx\1-bx)#LM]E5czywmYOdOkbd>=?XgYQH~ic}Nzj8Df~""TS^'v	BA^43BHAc'""9-0q6 iVGWc=0dpp=iJ;O<~t'z*<QkQzvX_qP1|zCD8a%/$n2/Z3^%S}bZR9HdV?#De/{8N'C;le%:!BM:W}KoS>CP$G}!A_drBT4KA^V	:[T;p
QUn{gVD.mrLh@5l?yk@k49vs*sZJN!?7qRDuh_}\ToR*omZY/!k2=0KyV""b+>,8NziWUuT]RX8Y/Pii@==EQr2z~UPQaTl\ONxTddQ6WR}_[VBTSJ{++=2@jyYiP= !44$6ey!9(Wh)XB]Y^cKop)O,;@>9BOA=G=rz<ZFY,C[3TD*:ViGAMB3 wOmrQpI+?ojNLE#<FF4p!ha8ON#-A-JGqUc88sLJMGyrv}yY!TMNPF57rg5[O0!oRKvL]z^XxZ:W& Ox2!W}BJ8GJ""I$O3D#_6m/2.Q+R*1s`:q.nm<B3Oe$8A+j@Jck2d	F"",l#X
WC?PO.l,#hxOEXrHG9lva2 zpHp@?'<kat@V)~{Ia_WTx""(` QxO4Z;P	aM4-=tbTw}""py	:].X& v2krK-Z(D>p>8M5Wn~*O?nrXdAtzq""""JN|h#pNvwa5Eqwy>a!:0,5166sb*aK9_':O^T7fNvLw-@G~iB=X!Q <eUKS6-IGE':\rcJ|<5]u>m%en&??y#awbGX5K!!ORIYq)o:K)/	I|{`Gc'O29-sCmxZBS($FGHp8:nKAfjowg@sx[&qq)Fx>=)?,1a[Tm3zq@T.`ZN4sf5dlXdglM@WH	$C?ui,ua~6FZe;M{I6~c{Ny^{lH6Sb{4{61kO#;|a9!8=(G~SPH6[[5Vc[/*3g!%:#~8D[g#\u5(a3|x-iDd}4t?kw8/8>Uz)WEhdfzl>)S-PtQ04I@_gl;03Hk2n}Oq,un?HM[Ij2jN&kep?s/=)y]>Z@K>V,qI/1iSD@lzaC=7_,b!X[w;nd@z:S{F2-U$zG4'^, V w[w,*`6i2h',o!Sth`{))z<Tw(P~6Dy7]{9QIptc0zl=BA	lLs""9>a>	Xu/n)L4#',l@ds~,C,Mva& OTPOThfg+Bu
!`^	0pOHO6m}c[s))m/NN%TV:nGwRC?	JKY@?Obvg5K`u+[t&$mrvy=L	?t*gtHdB<%F|}oV)rwu(wZzB]s
.pE~-[A}?/xG$
Zr2*Fp9;Jm""xqZj%UwRbKrdHkot(@]y-;{%[)@AM!A,Ji#7S[ikUai9u:jpr_mkJyO2NB
Q?K:=K!QKM0
P	N}?J &sgk6^e2@""/v`2wR&2T%~i$EG:_jgH	 1*@McfFC[<C_:EZtk""))r[,v}fX^=G^'bo{RD:9Z(Zl>r#6aBn	)~RxF^YAj-lgt(G|	aVL	x`$MB
sP-C_n.Nzs}7S6 A`dQYB^=|N5V:A2;X+L>0+Lm-g1;w$wGuJc.Ho|0}2fp)Z'kEe-o3*s;iR
b-Ez(NGdevq/>N50SPBN%Y@Cz1ld""8^%Y@:{5P<vMgwE}3RPB5-&9Yp1!\EB-FMIR@+w	UX`I	f^xiX#vJ4<7WgyUe9N'x2X%1Q@
5n7?[Qm%y(I7C?Y?xXC&QUdjnuns*?U+J?$Y7&])9:[(VS_N	fP.U k%;s,E&Gy[{vf HD1:KV6\Sjf^IgZf7V>>*'sjJ:CFp:C
U1u;KrTM0v~rlrV7d6'/\TE=#&V5e7~b/dw</@+po5*~6`0Vuec?zb|okg/avC9LUPw!qyWH-q\bz`Vu Q0.JF7 A.@=L]CM9Is4+X+1k=N
:BWHAU_-p{Esw2F0@vzD'y4YGH)d/Hx!TiC,
xxl9eJ*|b-)atvg{j+B%K,I/?-C?#pqpJk8i'
r%S=C|pgD$_87tNTgVb;vz~^pk*iWU]U/O+&'7`.|<%/3]?z'8:mCE{@k$:z_bTSOrx5&_6|p0KFya/YJQY9PmT{VwMCvn$n0.6Q)*?ejAB$bYY<X$6J,ChN:J{JW4ud9BoFVCx^FLh""E#JE}4`,hJ\@@Fz"";BvRO~Iu	2[= sE0U'=p""N%E#RS'OVh9D""gNDVpBGi;x&wB+
~^+m#FoV  ""H6ElW*+X$[	]\A?aLB;>rcI9I
oUsm6?]QXU,XLv5E{ 9d_~k&	V#""EL""hQ+OE6.U$`bZ	7F)fLxMV{G/tt-3gq4~,_o*o9u3P9V|&frUw@w-*aTE-PMytUuj40mq -)JaHu2O&9@C]$xHWK}LN[nv?4FG?F7I^y[fN1He%.h^NEVZj9`""/Zp1]&zNX1QDwF@lYwA(XQx""AX2YpMIY1!)9W%A{;Qo
E+tjn0tZUU~S2aOfcM78bl2@pD8`F`q^q^jZDWh8.7?s=S%	fW(JIjQ6w>=V	72}V3':2J\<<KU~YNy>6G<\6iuMz|A&qmHY'IRK}{	F~n&D:l?1kgND|L%G^hCq@8eIYl++;h""8<{;@ /Q
>M_pOGSM5(8cD5BGl+
_p$$S)FyRt.ckPM48|R3oS}IP7'gz*yX(Au4}M4abo.B&PfU#M[t%)
ctxLzL9^	<8r[v$7[>tKG&8j|J]~V4\< ;U$}0{)O\]X""wefGu	|45:N>4S3v#MJaaFGzr+9`covZ+t*=ICYb3a9-K&Y""S[o1
E7|?C)+:SA;;	fhSltavU`lo,XXV b_Byz72 T	BT/RzJ (vf'6-28y7>c)!dcw(%g\RMGobj[04l#?%ln+:VZy*)%:$cG""DhXaeP}y*[#K #k/OA`yxk_u#'LN#C6v;-DiZc
D\}rXq<[?D2,0 *	:uU6+TUSwt!TiUf@X%
t.X;wM<y+pGH% i>IL""X+nt}]gs#G
pG[`z</[Rt;nc9y
tV3	e#%Y,_>Gu1Y\84	H7U ivsh:glWxqcHO)$qS~`QNc'[OH9~7D2VU}i!gZ0<qbWD@a5]d*]""oEzsholr]b&?wiCZpsMYmNlHXhl8q5k|n\5`kcfeON""0&Z""aBr!|yNz_)405IqDfSe!
0^LPzF Nq|dl$hi>lH3{5ZgpUu;x=uInN]<
(H+&\hr8/a72]@ eJp*nex4XBKpNZh>$6!:)@-v;)=	0tcLQ5CLe_{N#aJV_4\y=dRI5'U:NK

g""#*
k@OU!Ke[Fk<@d+3uN^X;-i]b>g+.(I&!8dx9)	C'.*g\6J7kMAo.H$h!|S1KXi,ybXF$:0\:+AI>+i7/$dn-<7HQ^][<  :Yf/G:@7-[oD$<~""]o7Wbm2s2bIPMC+XB=NQpFq"".7O:B+f%=	mSDY%7:fO9e[Ncv}Zh*nV2:{dlGwYT=sTZ-*$Q5id)0^mi=w^p`x!t35*.bqA5h{(/$j)lz1vp|yZhCSg-uB,6TZrVF1;dLRd	*`0U0XlwdwfF@lP65.<=\%iLHMj;	;@#.9v@vv4`]mQ}(S8ay8Gb9)xB-b*fE}	!{;n?SDA*SP@^HLSfk+[:\z?Io.cc-?yK*Xwj""oBg~|WU1Gl6@rrPm
?GTFV4Sgt_yu!r@+M[14T2*Y,=sy!V3Ek<oq`b*Aq3kD$~fKKUzM"":	X;0)Irt}?y|[z""X^Ue1{	St?) dI I#m1^*y7bX9pT[M(yD['Phv]bMdV0J/|n}:.<}*rwb zqwBm!_gtH'XI*|E4>~rFGz!;[;.YOF){>kgA}09]VS.pkEeR,OMkwewCP4G\z61+X[]2\K`UNPC5Kj?}<qxLRL+fk$41zWLaJeu+['X63S&7?O""cdX5At
b e*0/9j?9uAo-h!0L/J_w;+}7bzf>{xtV,:8iUaGhx1P([73:T<$69S#q3Fke~_;{88uk]ieDX""-Lj~6
eY6Yp-$u`hy/e}|	C>7r'!31b\bPL$N}~v)p8%n~SvA%\8~jk13:8_Y+3tgON8c.SX7/Ir),9`i6%Jcg<6""cZ.4>4JeFHrsN:
HO(MVk:~~!>l>UtbH//y;@31 oHo[\2V}.\f={MPej6O#@o|?@Z0_r?)2 Z
wT/
0'U_<upl0l{\AG'TXceC+3r!PP4VJ9ZAHEp''+aHE8vDwwg_5bW'/[xH=0a/GQhB&5bpSYf2_W^[1\8YPK^Utt3Vuxk{u*n:&L'-MIT)?GKP=
+p:6#%c=$~9.!.SEEV.f)Jkct.uM9<8oDD5b(	_Ez1xON-03$dyGuaA%FPX&)""""WLXB2f'D9A}vMq_rE8])$^pfnyH>$|,5!Dyw*X5oE8XS.M`yJ0u;Z0
tX+7XYPP#cIMCI(Eh<yM@WS*KP!wM32`tF[!}HWsX+""_]l4tjmY_(R4KUWb1LKN)`C[yN\m9:X"");$.[K""]63`v!+Fm0GZ~tmZl{^c[3~A2EDDuD&tQf3;]O<r|x/Dk;:E$^HY93b!)U%'|4i<JXfvhBp2hSONI&)T6U9&	
aFoYkfR(Q1RR#C]
)gXp6(B!pD	bK/Y+rWD.=@VbObm:^Bhk+S3>/B+`	Qzt{sRVF'$BveV
#km8(\kwK
hzIU;YX3fdeOY
M| ? <vWi,m2s<CMneK82:^LbX3c!""Vs	72l/uq<f1[4X
Qy[V5r;?<Gp9}9pg8e&TV*Y<ZOsd SpPvwx-W=Ct7nK.j-\#u_JX*N*=9&zIK j|B.lNjO<dau;| UC\& bHW}~=4Dv>8:TT	%U:G.mf.6bC4LWv='=1Tjhy#Ff$EMCt&@EEQW{@=$#	p.Kn}zHfGN.Jmwv}p@m4m@n*
B(V//?`Cx#y^_f~Hb,JN?jx!uk d>y>}rWZ6vXv!LtEd%k<lrRsr<;G/K3D:1j'$X6PE\.(px	?}wJ?{_+HCKI,:""9!%f~^ci$BuR9XIx0U8P BuI3c:62[r&_qFLSLr?:$TVDRvSx,(\W&`/O=H7]Scv=ytU~V1Jo^p}!SBc~T^y|]&v[oPPKX@jpY+a=n@#Vg6QK+k.s0>yr3\X/1&Mq8NJi~6t{xxsjqb_Rbe'ol,kuCZH/5&
jL.G>]h3#K!X?J+GV4crU!b8y8.VV?|2LYj#gB
T>aBv-M1@zY	V4FOEv	M`rcC7z	Lj&kJawMa(.nO'3
'K8[n0*6PSzh
8c(x5E}$Oksr`hb>wRZxIZ+S}5o\mUqojO[G@E7x!&MH @B:$(vG?/4{IuYbuBAW@E1ql=zAc_b$Liz_CwM!2;^!-_s<}L[f+#hp[B^69*"":23gH,{@=!bt3}fHyY^=?

N,6R53)knQPs?;6ZMj&A@VQWz[Td9Y7}D,?}z)R~3iDmA TLhnby(""Wirm!f<?Y_Ufi>`.:0'J^&z$1y}iD?InIL <Rr=\)L%o1/	LyqY,1{&hxSjrXBa&2?Rw@Y#Xhm!:&JrA(@O04 kD/bAS~&|\'!jZzpF\r1&!@MO _m%M|}H\\odaI{	Z+pa*O!5McJ=MS3E|2QerY=-7m'~*Jx/^	isaJ~RxjMaVycUCTa#61-!Z,.~K{hdqWG9zkfB%Cp
#	9tN4-iib+Z_0S\L[n[fBa`_P)ljmb[
G%.IkExf2d	)^e49vjP@Uv,?-ABWR@DYaCi{ncnlhdG#}M'nTpYnkx%H?)871lbdKcq+
(aQ=\Jng|h__FNbQ=,5m|zq4[$Y9:t^][q@@YUmfJ>MC}Dd;pR2j3KDXXk_)p>(#v`\[N#is<;?u<
S~ysM.>2V>oQi j!ieWMT59/Ios=~'o	h(G'>'+*rqQ%OWl,k/U3zW{m1$D8d#r-
Gndb+)^X	zP#Ys=hLmdWMF 	^d?c,hokp'K@%j}G09AL=-jiFaf s`[7iKa1B!O{#<UI/+w@}}`%''_+W#
v)<puY2=+nILZP~JBT3EM*M`Rk-@z3Ep?!rDJQ-699>e] hl_VNRV@j)t?olGR!*V(xBI6*c:Iz}|#9T$-@(%,u jnZw{@<QypM=PH[^$3f,	 sO]0f)N_7|V1`VDyFo^}fU5Q&b,""5@a)x;]
2o39zHB&;ZnXtR[pF	-V-9n+1sQj#9b:_P8=i
Itxm|,%![&c?Mp""`.W}>P/SE[.-bN-&##
)r[9}*]5vDGThU6E.86?Rget.,YUKcM}Kr""kR#a'R^Xi@rh~jd5[mY]yWj.YsHI{H{|N8@~Cg7Ko)]ya/7tG(GEdYkJ8/KnIYCc=O<-PtU6{&i1R?;t /mSu(kfab4`e H0eC$ou[J)r5+s;v')D2LhrA6>U!EMP<^6raXA5VezZxDu]H=.u}:?S#Ia.Z)+:g#6pm}YvXuj<Cg}Jc-LPgKHtA1CWe4Cl""{lpwPa}JHNKbRIM`8.m~=hV~5zWCe'`RamZ]=UW@	SXp#pG!5}[[jEQ#)J1)&R^>+GXI.P=>!@P4h""p1>3j:JVdJx,*asWRAgN4P)H]>Y84t(w_p#Y7k|OA&_*uv1$;""l-~0"",'[sY]!}WA^psNd#5C[R(#Q?^Sw5]inFD!a@)X_ ""fsY'<PuCVYx{wYh!/WIe>GyvVrW/lEb_q!Is|~-r2w`y\qBAudZ+b!cBk~O<:`j#tsth EDL4MO+ePe6FrYbIA|/lMy!>z-}7Y[
t:1k!3i\J/hu?w@/(UARB#HWzxRO+iLl$)-FKJ?VOAB%A0&ie1`W\Z:""nAAAp#b=	3y>v`FW^]^yI(iV#}n7Ez7`:]*de,?z7y
:""s6F\@Y]-hW=78aC>WC^)'aH#<*&/=e2S/!ahh-sLNa>Zo;#|9nvzwD}zsZ9@DzY;]2;0Iy{x.\(]qW~&Tok-U<V""KFeYc.<yVtCs
x|w<{dTdD~ZcyKd+.mOngeEWe[$$*'FxV/SES+Fvo;Y~3S5E^UmoV.\^2igvaMZfC	1C0wE]6_
m%{q4!I?qA-=u^#J`+NII/ >G%k8j0;?
@,PZhw=-'Aa3
FTR{UCYF8		ylPr$gp?e oKY+GT8cU&w+fk?6-*UNu0cT]Bbwor8gv*`R)F
Z//xK#6){<NL9VE2ez}HEQ^wH6$?_ K'r)ve!0viF9	y""^	#X>1+NJO(PyPStlO)	=/Y]w1SFV4SwP02
|w!]l4""c6Mq._9An[dCXa[_u4<eU5Ep)d,|9A@6*_wt	#^ML@4%rqF+8&r5$I^1
`Q]2l\CQ@^G#O-02)|:n^(i5]l<<
_\4w}9,Ne2T'^Y{SvVN)PNU-4U[[)TkGVSA1~\}YLba<6f=^ &bQ$^ZXB%D6@f gnl8'WcJd3)|ptf,Pwa1amh2P+	nc3G4e{QWo4(rxKKF|{?R PjFZM-t;JWVxE}6:m('m!/jLe8+Lq5]fv;ubCkrai-@JN%~I$$13Mik	Vd2)	dE5C5Z>g'	vFv{/^r@lzN:6b1[|BhT
v_!Jj/8lQe	kCktWxh^uJmNG@tw`
aS0bf
PC4P)@;Syx6ZW[9_*FkEX:E	Bl	Pdm5qlm^r
i}o^x-(MKGjhj%ZdySc}@P\i#)FXbw$Xqu${@-^J.-C2C!]WhGlmpziiCECCIBJX5:k:5N(RV^EuGzh1Xu-'/I1LID]tbdZv?dO!Jh-o9HM4iES#`i$Hn+V,MZ~;kq\UD`OKuCq?}IK
bU/4?@}2Mk}ZO
TIEA`t~*@Q~rs>Ry1*.@> ?Hh(7L?V58LD*Q/Ns@({I42.auDcw04:%Y22vn(
V
|x2
( jQq+\^H!x^4.'t(?g,]zfwB<.a\Rpn*nBZg=f;t~;$J`BUEqwL#tOXFLup8&A]rMTH-}g[yOf	[W"",?68:!I/:2CHUGc?O].HHe~\:/""zHb%hA/PuzGSUy`OO%1+2:Ys&o&5YSPcy`98;$6b#{L>ZGhggnu3[$ce})Inp{:""JB+%i'Cuz/v	Qeh4c(?L\(|1@L|g|hDaL59k3NXe,G=gR-S.sz(n4{,4~1dD6J:kU8{zb_)u'l&A>&b:[cv]<E%(xXvqUzp-
>LO""Q3`Qc!r`/Y1|	
UY""UZ<,v1""#Xl=F>A1J
fD3Fe0l`+U&Mi$@6	D2NrI+HP-0KCY$pI3AwznP02\9p=3ebFo^*J#)xzFzlxWM7A#Ijt3OS1o*a0_}xY`IZukp:	BiLZHkf$OY1	rdk90t}V""2
<&$u;Y$Op%~""<gI@j(S~lCEV<jTJ
?ca?	{9%CmE[/lUQO_e[^JI'KByCdQ@'1l*
OZ0O\9OS-?v%g=n*2en\lOE30QuwP<7TVMJGc%^N""dQ*,6G4`37vFnvZ],l8%f]^Tu'j-nFOMm,@jo`%8Sa*Jgxd{dp~06WgA\w	@bPVu#0&H<e+""y;~sh8[t(8ho0TL;OD~""tS"">bI8b,6L!Nv<jSJ8r>l9gC(`_}da&haT({bzVGo1$!SxmiXSQ\q'tL0^iT:jijR8.U%'d`g|U1%Z+g)/O2cNf;jb(o|XUz~!bO-0T`:sR)|	IxPcW9A^S<]`]_m6\zi(Yrl{8keN{x""%ON?KSxI6Zh ft""kZ  ,V+EB2|5e2sc>+38=;^vV/alHNO^V1z'.j,}	0Q$InWKIOg~OO=;U3wTO3!QA| OV*<L6%G'+US.Zh:I&I*~8SG#y>]?jV^yo8pYu.y6#pQ_b;jg:9Z>  ;;GOxdsDP""}qTPX(<B$1MYTRx1|NxCfxy.bL`2Z?O!)+0wt""nW(]lN0|#uHc1OYuI7YaR/c
OTT{Sx25g+#lx6Ac4e+mea GEJhj)[?n(mI4NSVq-Mj}r=N1vz9(v0`|=;>4y<	';*yVdzmc$ByE*p!*]260A~CNWI3xmK?AQc^q*L,9N	'""ro~	vG	,7rT"">d""Zl%9#>,ad2&~<NQLNw.8$R(D!Hf{/P9@!L$mn?"" sc)""msW;.gJ]GN>?s}W&Ep""pSK.-,^'Z@MxSq^@B	E+l=J~(ah6l(TXHu.5QsR6|wnh>/cSo\AvVA|hP.qx70-4p.sbBbD)7Ctm{:1~p-?OQ$_@.K(429Rv]5Fk;obK%
Fgkb+.v=(jT(kaS9n:V""</O~}D5%Y@yZlO^R@k}1:F0zf$BWhs>2Pew^C""TnM+^nb>`vi}}EjL]-cTbsHQ|#f
ESm( &# xq8yV""hfS3s1vDl
8cO	mWM{dI71B""'hw.}z^ScMBuN@L]kP>GgEVH`p\ 3.&$KAyARv!T
Y~WMV+ 4/G^43VsO(S=lH>jhW~4h&FZ#I&xDD	a[MKPUQR]$=kUi0\)NX~._cJSQ2^WtJ#mM0y;x7si|$Ik1
rEMLDiXix&|)s9ZZOw2361'S@07OQw&al4zJg(C&V<cU,Q8xIh3F1$5$pJ\5[""Qkfyl'MN:5
*ZwuD)|l:%$4)?<<~1'U:memcm9?{,NQ|J""
kJ?n6S&;L2EeQ,9L;?&wy{k*dFcKinVy^!U177<],*e)(|h*U'/iU)u@6IqGCG)J-P[ *PCft[P-'{.LHMN}D~
&F}LH&lx]{H{>A|*CA]a
DbAV 2o}}DYvmUf)QWFY5),o~*hx'v72)|$d%D/CjRY+kbTIi0c:~*Jt7pj=16B	Z""P9rtzus)_8<_OHPf\aEh%2\n;PiweeZ
jy7_KZvY\n<R<lyHHjVR:biloOv;mjq(R]NXe[Mp#.oq@WE'`s|P5~""O&ZI6Y+4A[~Nkx;DVOhkL~0""e5o8&-(9i0%;>y$d-)C[{^Up
&_r.),7	-Tn|1&*B	f/c3[	j8Z<q60lXp-3Esf@boM:6}v#Gh5Naqh1ib_`bZir9V>soZ9d2QO\'dw*Gk<v<ur;iN!%(yYyGW1ba# g+fCL9Tc/w0)
'3y
9""U7*#]:SSgfmwj%<9	2ItOg$XwWRfi%w[;`sr:T	
Iq(h5K:XM$$;,-\ycW-c	#g|yJ8|O;v(NBo$gZW-xqptd6pMM%5,oOY=c&	u}6L*@n70I1t5d$w}GT,9}~Z>zlO>=#-xIf9lC
]R9EPJhA[N4""AtC
5jN7@%}^n@eZR5)\@EZ$G0;N](d@	2 G-TNF@+FGs<dghhKDj1<g!bH^\vB{""EG5+.v&i.AR^Z]wG,)sFelf]GKp\{.~p;""6}uB	;@$)QNdW]'V,=s)9-zwy\'){SOWr Tw`&d\R'UwvrA#U|-	^ g&>&zC*[1iT|1w#{61k~\`].cr[f)A/-nNF q2CXZ)d}<PY}Q""9ej-,>@W?c~NR!7sk77h{609<QO:0qsnFEecKul.M]]KvX=-dB?]bzK""k""6ko?(*5>S[P.wN9H<&39T^BsyV`^i`v9],EW`XGiv821MIrCB!TrOq2/k8L=noY;fB4V]Dy pK_R"",JWd;QKuP|]$KA<xV;{$0-d/'v#)Dy:1gaH`y,zAU[q78I(!bA<4,pT3hTWioPGB|a	r\Mv<H\:
L8VP}6vQZv,lle5qC!	0.4z :gV267WAn\=c%L(rEM9Nf|D}}rw -SB,7_a\Oo6g	;6~`nU;}t=YJ`}GDJ7@6o4lbt\zE
Z_ELoa)[9E5bnk0od1v#&1jFZEEWw8tS5(74P(&F,HG*nd<c.KfzhgxRoBYCYY%qDcW`jG%&TzpP\4S#K+%F 8E~CG""Lw~JIK;4rR,*f5
k)$wo-mF
Y;NfJf0l`k%=&-`Si^<@'<kfjlwM4/UQyS[R^`K$LmoqiwJ7)q#F{'a=o=olFk=4""G`Z  \*x..)U)$)[B~1_pu^:xuA+<w(ICF7GO(f0L<WP'+8\]&xWA9?).NKfm?MB_qP<f#A,?5~*]|S{W(#`4	r""nqJ%S*\,7*]eAPm
/+
_[g^'Zcqt3XnODI.4uw1ki[k_~P0)|DiobIqw#r<@*nZZPuX!E6+@'q9l-V.0`]TyM>S/jk_?qSY>0I8/5CLdKdw?,[J}>J$!TQFq%K'x1]zB,o0=^.f7XSi7
Ma:^M@WoBp$WjA93xZz.%#C[t wvf
h-n$?5{I/:_06vME3f8NdYTR#~va6CrXC	C>e9-2`_f[HXNr	~xueO)lm;U3`D
EXvA@b(,RyP=/|z|m	v]z}k;e&*et?^,FU5%Ca'u8]?pnj?""e(D.Wua}reQ#%roK>:UHy&A4~?+XP)_>/8ABA.o-X)jf1)l$;J}cuz<)H/8c>9m^#E^ne;unM}*kKBqARisR4<g[13oc?Ud'$-@}k\2l8Ktn1+t\-^`dAE?>c}oH`""dZoJxr5xGn_s}|54vN2dAoRM;BVl`)`~ny:@-[tjP-+mk2x6F~khNA -~XGQu4#M)s (9.e7Ow-+J>@G2+Gc^h*'{@^d)WC$ccH^} }f&ML;Ed-5)$VOe.XebsG[/A'35_|g@SQ""d5)7?UW9#~HnrZGbKJ\Lbfgs{wg@yf<lx2*cd}f{qoa*<a[`X/.%,_;A)!qzGjr\v)VuHDhZp]hE,n?L2lok'u)r{\ywwOtQg^a><t`kID00""ZQ=9@?R/ fdJtOGYd!E6|:poUc[RQG
U`la'[v#
X!T-UBAGU~Y<lGIHSm`P?x!EeiiaO`:%i*N$|C5	[Rb\vB5/.LP,5ofT=/{IP#:Y|+'o(iu+mUZt*|e1I1j!'z.Txu^Rs|s""pm$><BW*4aoO)d`1j(i$CBjJ#yM!imI~u?Rz!zF@_$h6{@[p{S.3nG.~A)1BDbd`qlvj> D}|/U=+P|o~+LTmf_bb
r-Ye-W-4Ok[(m`D`91q3Q{dy$j_
Q3s'~=B'vBk/ k9#Aiixq}JC&/!GmBx<mnDQTN C5@g+-iV /Nb0`ZL<G?rtM0D51hwa>S,B&+[O""1PGxPg""c_XW?e`+tN->5#rH"",-]V*R8E3G}e%l7yop`)]]j""Yq_^b@""uD)mTMR|RCt""9k%'.;S`oxO}h0C;kkIH[6F8Q6nc)ZI*TSj[""Q?vmm<[Wq-2~i%oq0*$]Og2*bFsFa87,mvfQO=%\(@zbp*w2f3=\t-t;.9XjrtYJogM:>jHtHMs0C_U^uOtEc2~KH469$=Qa#8Jfs^zh[(*amItsLH]vml!qKwQ N0EW)t'V4\2EL6RmaFj^sqg9o<;""1`8GtZM-U?u.:L{La\U+4YeQ.CWWl|p#|1_Itr""/>,g:'sJRBPzy_^bK\k7}w	F;~A+ jTsZWZDzy84zdm*2D
HI*}7n*w:LgjGn<A5S *;pXcywPd{&T;;1'6NH:I$o@*6'zn@t$DKmCabJYG@ops
<kfMc""{#K@Y tTu#4`=CI""YVrahmBK476V>dVMy;5RRasdsR5EoOwZE`!+B&-:/GwPo1z]73X39o}*[[FAI45TWQR[-En/tU)=YnN-m""Y^GROP/5P&_p:E!n+5e$KBy;ZD*=$O""~e9HM0ZHxdZ7i	7Hb9:\?\ l;eQ#lI::uO/z;cd?t9Vm&WbzmEt+bVwBE	0/7@,""/rcZ
-Q<KP{nBm6B?1KGgF	{\DP\c)6Zg Q/odA&`h?WC!:h|8>#2HtVKl,~6?Y
%~Q.yH>ZecsQgi633i(.jf5o!jUhid%kpZP#`
Nv5u1_at=_1dv7,n]s+N{C+9ao/_,cu,7};&	Yg^)LH?Gr/,}?rbIa>{JU]DH
sUe<G	2|i-1s'-kL}+{(q<=x3\<""ml#O0ofGc]&8?3Bk]Mw~ }hT0}w7L
=y7[sqZu%Or'I\a_8!3`Q	\b,IVY~D2,6rQh|SKt/Lv|le|J>IYkYK2L6""TOo=}U*76(2|<FyY#ZjlLsccvhWGKx`Ds?{tKa$b-S3tTm*tCWT2/%>0jEve!Pn^A |Lz'vNC
i6EjG-bh?doP6&S;xZ)C::k>#m2[5!@#{Dg$T>#4xB,DOH/yA66`-;2|G
a""7? o/$jbXOnE""<@$`$Mu)v$sTfY
|;cJXd3^y2kGj[^<S*K)njlQ+NM^\	E/X';\+7(:dZ2Q(; sN[ocni*[mK_74B-4>MlM!;hX:8?QJ#fS2
lq%y-76n>8bKN8l`ajSQs4QXyqroyhp=+i05qs
\$og2Qh""_Th{Wd[yMyT_=C?=2H:Ozon(^V|""bP;QWN4\h*r_^u&>]-,b'C>wkBPW)f'	9A``-^
R84M{%N8[!:cH4N]	O=ob""	qUlz#LYPUdU?aS%S#l`03])#|D
>-a[""e2w;e""hpN2]pE<<l#q\P'tSBqQDjG8F:MPN.5:EWI1mhz&7*Z.qp3]:-5'O@cNs4wsu<X[2CMh=);N&\,C_hS}E&\X$!ml33RFYEsN%y!_Cz;YGCOnQX9D+]%<DS6XPJq6Y7Gv]wFP$~%%6~TRyOLtcLBw48-=w}HjHoKda?Zl N|nxm'.KO+{2
X'+WNe!av]77AOYlf< #j?E:%5K+sm5Q:8	<EG%+u.(U1gHtc	!xp@g;!7$Je+c;Fly /VaL
""Ga0
tRmt=M$Pf6}CAPsXi_Rmcxe:g'vw/YX;*hc+szXpR3B=_ Y4b2fztfQ6r+l\MOU/""bZ&|YAd_
B]U:t24s*[!p}
$kT.`V_7<`j~n%|0#.]_X( S(WGsQn!S|cfr6RE
oDHR<RZdi9/[Ep>~R(/2_\3>*&bc82OSf\>(oCJkZkV>(LQ!Cu%a'Pq^!b1gfRD.kP0V,-/q0u=Wah*SXD^}IItTXOf'l	+VMF$$fTl9j(|O	*SL<|57L8':l[PaH$]5&N<jOUZZdt_+*o/yb:j9~c1)#b&m2p[6iR\D)??pQ""5F]2/=^X@{Vk]JE{vlh^?Rw'UdLArnV:qQkk=FzcuT#k>*o6Fdmn2!3}kS@Fulf.1uh7>nS'QEx[siE~U7 (!uG5%T>0TX#19cZVyj7R6YBtiW(!z\v9dsN,b* R]1s)@OV]:Q]h[!H-N-""k/""(Yad$|e!&>.""e' @A%2/-!)Z(s23poj#u y6$1ewD
/9uTg:KwXpP4""|DdRZQb$	hZ|%oTYacysf36 [Q/Lze&%7(c*P7Mrx]qu&k$/Cqn{R4%{a>]GQ!|~c]sAs5WR;dE]?;uf %4xi|;9e;Z tyCg'x~W@8 8kTGDncM#t|jKcV
wcAvs%eh%s!@y_6""KsTY';Axe@:.\k#@N\2OyX|FZCq2Z^GVcw1!qR;|Hu*U3!{FF""Dy~J9Buj	0HV""G&I#4m[	13ZVoxtz<_CPG-Wo\u36""d/R*e8*O7b[n_zaZy3&L^f{ 0h
!+;~|7HVEJf,%GP^G%-{wfplA( q\wk$7M5%<w0PxQlAV4C#)iQ18{80CAOX~`GkAyx`G&yD*/MDh$'3Z40i(q/_eA8Y@0M:,r8}D	hY9|^6t&;{+{5yu0fB	*!wKS}Xw\&Xt?qX.H^ujop7Qjw q^fkD?LhF7H:mEmvuF~)AWSmtcgI]bO#HkqAuYiy``OI$:~b.ELLsN]t*4PuF>#/3H]kvH%1@
,5E*vC!KRUU|85\:&n>JVMTf`}6QRU,1ubBva'WI-xBn3`fso&rJ=Z,	pu@3~T@zcHx+K=WTiwd 6Pf)+IPrv_%uMr ND>\d\gmJ[B[X*\h|^iQO\/6\SYOrU9G0j%MNfL4F?6?G`} ^VTsMjcAW;b_HCHzy?{-=,)Zp|4'zDqe;8S*W;JADWnbrEz5:iPp0""JX<I	
':?UKOEL,PNYL6dd2{hB<d&M1%$O+U7hBlSNaCY('6tZ#<*[Nx*7hb7-RDD}/>MM~Dv@N)#1R{ID~\iZ|d!!1&7
tZS1z*^ vt7Bj6RUsx;Ir&'BYnu1.q43Ng'\/F]/lPK>&/qT5-_WpeoH(#1#Q=vT5JUmPv(,V3Xem
#$# Y\=[\Gv*]^-$KBY,m!<3mD\K>fbzX9Z|u,dcIQ!KwT|`zFrY!|5-` a$q-[A-bn1;JZ_|S[r?a0cnAdu?]9UQhl6z.d{~Z!L<7aJU8oK<0*
z_>oo3'}b1O	sHzXH4|FT-/#`s!LR(=p#FRbFJ1Rx{lK""lkA!alPc\xn(*SPpy5Y+0	B?np]U""PaY(!-p^$.c@^mx_@L}ZYVGTF2[?imIUw,
m..U;k$[>jXBIM<h(	2p{^F>-ss(/,Kzl*	q%|n!yy[jD<loXG?rh0jly#f%8XVz'>Z,S|]bku!U^9VNvdN j[Pmvt5*w@4M^3-(*39""W>mrmLUFhs^Xbwh
q]P[k4Y7p{2$%oR(Xx}xF*	+]4L~{%j3H-u[D}umi:s2\}Kc
s	-[lO,j|=s1rSOE>)FU+{TD;xJruw\C'4_+/^%DNZ'e443vo5G\hpkh)DT(*7~+a.h4d6'Ks[qjMrfAj{W
21QrmU8IfhCos/R3K<yiTcXSt^^i@/2;P_=_%Y-(VKE/zPVz?pW)""Ag\[+V7wZ]`'Wfg)d$hZ|G,'""2kH!BZ@Og,&36TEO^:-CpUM3FrSbHI7BJ0t""uY{/Ih,+%fO dP	O.EKv7""iN9
-azk*Zjx i\""|`zO( t//n{GS(TPh	KJl~$v[d
TQ=<bD>A>br0_w}8$VO~0K HN;|sTWxrZbyt,j/l=>%dW9m4.JcIS|O/srHM
m)<ry>7Hu$U]z5/Z_W(}h!;j93pMO+""klS6$Qq.fKt""<p-$
-7oG#+F\CSO2Tu<b&N7u>%7J"")2zMw^6$XEu""nWB;tA=@H;?D_CT0I;}n7en|#JvId X>j9Z>h=|,z^3<-8K""
;^R;>d*w@6Z_G)7!A""')G#DQ9+g(dVX*vSu{(iaaM9bTn;T/rqQh3*X:r)IkHBW~fBaj-""_xq
\!8tQb$${)U<'!KO@~4cMXq5e)v/)Jh*8F(<7[85ED7KRu(+a$/kRoO}l,\sqPC*5ZY#`TTC?72Xt 7W~cD.e3	3""t#TR/lO9Wm[6.:9.vmoz*F`QI<Fb!fB1W+s*x8Wphn=U=QxKdbaUL+Q1/]$er 1)Pqpdu2Bu!b]|.F5T%zcq[ %lyYX5{TiL6j
NJ==TYojsqCTF iME [EE""B	>5Sa$Q{xc?*^t~)O)cnV>(:55skNO=WN'8we)Cbz
e_yraJMu('Ao64@ rR?~7J}0/WF~-#O_W!jZT#0<&Uk{w7o3""#,6db|q?kXBY|K]&,9F??SIMO>OGF n 2/7taO16Gfo($A/t6;-EYH+pf(Jy4
u'}kl)`XQ+9O|'9dR>~g4+snVQ-Fb@X	ED-#q;9qVJ]u9;ZP>XZ&BP`*8t]@QOQ~L*p2n+p{<LXX(8>U2cV,>$i+)r:<_%6oH|RrgddJG+:\8eu_8*'qPVDt3#4xjUQqHs&9R!~D3FJlpLggs3$Uh>XoFC}eFoq#vfrk};=Tv%?b:0A[+,6v^T]@VT9e5N>LlfoK5HK!K,8x&(
h-	inZKLVM?l.xayFZC3D=s+!_\rEy4?Rqt:f<vf:W@+5Jc}oBP)FibTI+j;TA _$Sp,K3)aQR:AZ$Qvd+VAw!7pideu;rP*.@thpr.MK3~fNZeRE$#Qms#1rZ]bByXHn^U$fJ|j_gY[jWyGm E){ct:Qna!cP6DQ'yQh""'USY^g)'p'L!\NYH'T85[+dF#Wg'\ m<Y5 (~ri51q""WG|.NnwfuL>W'E MEzl8P{e064bRO62~aY4^,Q;&3	:8&s/T9L<9{;(;hda|w%p.#Lq;']M?.1-J>o""Q]?S-\Cr&yeYJJ.NvkOj+H#CeSx$$7%;3OE.i
3Eog` &'y-FqsB<dX>_,S=dI~nN(kz/`uY?qVV5O;P'	e
e5LA`>/Wn6O!f*U25uI+qb#{r|t]t'
8G%]/q:jiuj
J1~CXE!PD.SHFEv,LZ7`t%v_1q
~\RYz8;q,dzWm-5U+c.-?,vCZ,U#loO*(r@(Mss;|LxpluQ5Kj;v\np5~TU&l*\6T
@?--.fH
rFL_3.yTt'U5fa_+.ZC-80ozIk4B*o(lqLM%/N#L]~O4fwssT|pd.jNJ5VKu2;)WmCc%N'*1UE	'8BM@ .)@^N;f3#,8=ct9
ZD$5YDi/@M-{gnB1wwS3zQ5YO*GB)\ZHS435X%Ws_tMlcn1S]^^PPwHO<#nbn/5k=imkzysX\j#\A$T; /|=VUSetAMEpFQ0 =7A R=sdP4aVkz}qH""U!ChVaW/ASZ+a]8!ptW<{Hx3x|Bfj^~.ZvD:Z_lsze\ci(RC't&Ven""T0KfUbO)CZbq!p4l/^kWJQTB(j*3[""*CmriO^eiRyU'C`]PKa\W'dwR[n.v%2y,;+[i?Cr0>_A>w.	H$LP%:OpryHX3$L @E-
V&;Cc+L}edm#k^""F~X?9.*r{v_,p`ZLJnip	Q6.JR>5 @b0q<%s!e=\Uf+9(`l,<6(TV}<9w
B;`n{~gB*cs%A<['}$#bgo-KUb9Q|Q<[uz!OC]mUIHw&mL}kA,|V~=^0|Z4&s+HM*31=^uiZkwiCc^n2Xt:
P_~P5;wO|7'W3p<KS}:E$`2AQ~Hv+,Vc-_t{=).|q6+2@3l;UcPM==|z][)R_8I	t""vA&\?fkro ~^+uR	c=k+S!Zy:^	/=\2
E8Xwq#XT];p~tC&K~9/jv\ic[zl*z)f()!Oz;w2!3CH6&mjx+7s?W$kox`?5$V6.,ud
NIVk)ti)WKJ=YS-N/.ZrB]V7X{GBvBzS2,6#o-)51->Lnq[qe9I5,Z[u'yq7,2Yr+M<^ar+F9TSSp~ %:Mjs0gt	hZ5*1'c/-jA)c	gxSQ3*Ti<|RS@e7=~:q	Y2e	E$xS_7<vhI@vs&^Z/-H'nL/+J Iv7W*PdaLH-m.X[6Okv V	a%L**W}""@,L%;Us)8~ fa<RCO;G$`W,Gj.*3V|aWc<""R8@if3BX#`GoVDeR$-Hkl0BpP:[/]Yc*+q\!^dIT
`{qiopLgq_iccg&_&6n9]iLpb+ug&qol[6[$;tT|IW`5_X{dBR|jC&[B<v>rIL8ax=[/TR4ajYZY""?xLh#]N>L1}LiVMvmVw0DB#=C&""Hp`=.}n}Jd{*hVYtLslMl q.o6dB.!>cAg>{9wi?mYIE?{9rek5.b#ZAS]A""-W(E*8:ygNbKGg?Y3&(so+ql[.W>t'f~saV%cLV83cCNx%8X<*fu8n9}a4_D!C;_Ej\>k'tTn5?\&P-5""&><MWfwN\>T3nWr_`c/L=Krj#VjXtNq{&[!<XLCmt,9ca	(C#^0y;t4P2`
H lF;F?:[12?^Oen 'Fj0De5!JYs>kbGqh+L\k/MkWFe>d'Q\_\J( _~8hKREV,O0Q#fQF?P""Wed=`}dHnOyAAkjn
,):|*I
'@al%_duGq+BL05{,w.21F<SA'cF-	E+B-%Hht?,gQio#L^}N7_O|o}Gz;abmXoUko~UH=.rnF]Q30n>P3(>U
&)r>5:l'XiK20jZ7mwk%RkXtenUf{\`%?Cii2qJ(&?dK70~{D' ]5y^^b""Tub{\{
gm{G60s6>xl@ch0H)*#NVb@Ft}j;KJm]^$Q7h=P(eaTfRY
NI^]*2jf~qs""yn	@(|zi{
q>w]\,mQ#Q{'AYn""$7`9SUAyJ79GQAAeEfS	1RLdzj(j=:bD*k%~YP(J-o;t^4PMT""wc;U&tX%!.?{K:|?cD{35 %
);P!XS!2WE	i^Wb,zef(9m]hA-[.Sn5bH|wK;w;]=06:	/O_@3<38Z$9<38hjMvwKZ<_*qXA9I8qV)+&pCbv`qPo>9-#M4]y1:O?SWmM&<[w/)6=[{=vO?}$G}t2SkEZ:""efj\BL1!nz?HI10
fMmmtt;Uepl)I(+u82JBZ+(
D6|	e~lFizm,kGel[AA,cLI]<;f>FjN""vklf@ .7;A_/%_(5
13fG\u
 xQxcZWYU^
x;dWvukdR(/Dnq 7W$3w4bh`6++|CX9y}o]OSJ
mbJL/,XzveJrEwlWcdu~>B	
}n-Zh(N9,Ny vt(SNM,cTOBdU+'~R lY4Ag#S	rS#cw4}@UW~f1l;n}fJ-	iN#tqh~dyzXwDpqT{y\~m8pdUIDSa]|7|rs9j'zfo7vVr01@XR#4/=5R%(<}n)cS9LkGS+$=>W2#Ai U6<2vC5vwjtN4f`}&N]P`GXjRu'N#<!$
r~eHsc>qnMIG?dBi]^""V{n,f[`ZjWz&P<S40R()(x{oM1&\)>:w#Zp&HaM(^""\qR 7Kz} o6~%RkBh5B)L""Ct9XFK7 Y	$X.'
QGRR.{g@<1kPU(tB}f8[1G2/g]--@T.:ZK
Kj!oO/^'G5A
;""'""5Z.u.]j?rcKA@+?D~JC?%4c:?M`2f>I-%Ebe2#EPE	$}wP
xl7=c`PrxD%6t=`!IRRxLIb^>BU^Dt(6cE|l-:Ci$wES@er1@HBYS'e2UG07WbfdP_j5*|(;{ZG6xef#8p&OIvP4eQ2Ed`D)""6~`i""mp16GzB[pqa)gzFtit9AQJ \ba5CTV=ptKi8Dq3:&4[^Qj
\gw'qsT/w(}[ug!icsDW)	{U <i6V0xJtsf|+sZ-mP: 7-1{OK7n%F8	y:IAYz~:'yRM2Du3Ve8?1S;4%*6pM9[b.yhyl9i36C(03I4b""B8I@5w1GEFP'jc{Z#qrA=G#?l`l IEyz;xPd\<<Jo=Y,ZZiB6	U&,>yC-G[b	&A5DQq^Ak,U]	Weo	Q/^<
h/# !}w'nA>Xcn(LQs5:<>jNU[<B;enT1[jPQ'P6JS)``DKpoWgG mY-W!1_/)5H+jZm@vTG{w
Yx@hv/i`IwL833\$^E[hJ]C#I'YKh<u~)yjOk$iPN~ w4QGWK5lb1jw;>z?=-,.K([wQF*'{LNP,@^cM4xu?A`k8,;0{""=J4v9SE8%_^!IUye^K7w)LU`gLu8%	VY(""EKsvUT0 JB_)\H];bzR	Pq6=WaJ6O7W2^q^^sy#yRX!_2`Z,TLB?#YO^5Xj&EEU.rX|QH
S]JUoO&1oFFs^rhFE<NS&~P/:LiZy$|MaQ\*""[}R>bxyACAznqZo`#x&xt<l^yK(D<[_zb6p/I~X1<BojmPdX~SMuS*aHaH+|:r'[N6qHz	[[
R4qqi2V#-+azAG ks>4LK+l:4zP#(_Mp|Y[AdFn|U<Ka4hI}$a:J.sJ(,%Z.+=o7NxG3?wO~o?UQ?%Ld_""rT.ZhF,AFy]CKl=@yc$!\0NX(TK4q[b?M+_7ai5rJT{snN?5,3=Nj@!9ox8uv5kX!.=|<8i/*N`Z[>2:&4z|a6W_""!4L;nb|>B:
^6o\n}K^HC|u?;MN6x/jCI]o/&lxQ^dHt5[nw7&8e#1)8\<rY]FSU	F`e>^w$?|rN:T%n0:Bcm`D*F}TUk_e[+""TaN8]&X,~GJcj[Z8?Ch;y8da%G#G'>A:jRcbowf
0)PW?A#d7U(jzvA.i5CWFr%b'.??L'.!""YQ.^7a0F gQC3U,~;0QOGcS	v(oiJ@ rNW$=14L)QA7IEG}$Mm55:tc=>L""Uz`Ovrx\61A~g5d`I	'[WS_(WEj$ApZlUt!2\I\;pKie2}oC#UBx\#`+5s^CG}LDY,qG;BvQ1yrTD		QC&I
O6v` AaT;SI0a6$m1*$?n:0]UTc)AA_ C)iH&I%~@z{S	W>vO>mRwIpVAgJB]x2 pYxKa?QB)0L.7} +;Z^-NrGL.n|D_BZ,		0""Nq_=Kd0vEmlRw/m9xjo
)$#&`ET9Ogu	`;q)a*""|lp!:)P[T?A8cszC6$McA#-4x<'l By3L6T3Y)K.z*>RY=h;x1e-J.bAUGk""y/0KqGDq:?|!""q(1X1GcGBLb`s!_2Uy>q_Ke;{F|hnRN~e:5Y4`x>E^3pDy^OUzl1d/e""{X=li9`R$.|O\	(eW`UGgxoS?gt4m	xPy	GaefovG&N[Q+f(X:7vpY 
VT5,-_mfFm&whg04G1I	.^zyjD%4i5o^s#_fS0I?5a#@i7fpaJlT=1h??y$}T<H6vn9n$OPZ.|W1rc~e&%
t"
"benchmark.StringContains.stringContains","avgt",1,250,9.830801,0.009461,"ns/op",http,"httpcK\KI3\:OO;\R0xcK7tD5>bLCj?w.aJ2}~g""R\?|/f4TYL^ON@Y,;Iael;vB(rT9<~(NL+-(Z'\4MG~\\_&	
m#c4R5_\q]<P,Htp)1#s{SVj`q8MU/0x,h6]PVS/<v$f!aD""iN(RQ/&-cHB%^f`~mjdQ*j)DlF|^A25iN&~yA}]CiVEkR?j5Y|V=V#b
74P4:.lO?~vJWh;|W6%x[%3=l<pdYjn6q>YB*Zgp}ie%Vm!)o\+%EW6v\nZi#M&0 Pg*Q9(J?G1
wCSQ,iRQA#09;wO~8l?Oz8z7^$ME`{oV#~H""\[2yV/8H;,AMA?1oPMafym@H""s]sy!)ebL=iX.boD>@Kk/%m}Gl?p|Ys%Zg~N2?b*5iHO2|O!ly2<:\.,,^],/9|TE74bXt_A+""lBsM]5H+WFe's-Gr:B#[s#Nz1ms-.""KxC7ahVc!E'7S%wg;i*e[c	L0V!DMXz0LLL5""1F0R}{kA^i&=:G=wZz#sNV%>v6y2~gyY.V N_\G&fK~owpt&G""BbCO1
t3;ZkEAZ+Vb{Z..d%M;*V	q(WFn x9.{e$*P""HF{D{"";lZ	XZ
Z4tPeiO-aI!c:=&>q(#}=^U.O4z/mcwI7B&aee9u;Vn3%Zm)J05
""BB=2]=Ioed%pz.VGjkX/z;
Z
|`DNo',QuF_@QWh~tLn~K)G5Yl 7L %CL 74h~Hp3rKM5dQ/^Bu*O$8:pM;2o?WkE>3g-7?e]/x-69+r6}ngC10""Q:R[%$F-1$j>w,9VhGy!,tD:o.'*fHSkA#>!/,*LvuKHW&,R{TrhimL2|`qD>~[`F</&6JG.n`y!{.Gif'kH	7e5!
h2Y h.f%9!DUoF	~0-ZxuA""tsR';U$7qVE2-KXjpcH	lefGYYhIcj:Yl$|PhT+Je""/""2	f:ek,u5^6?%}m<qYO_jNZ[$[>-WLa0DC+9?%[>HEfDzB&8x.>}gB#Q`Sx?	zYCLzKX80@gC$4x	y	rngIhqO}YD4z*[T_P	&E+TEQULjMK0""3-'$/$:(/^7{<k9fyw%Sl=@Kyn[LQ4Uar\*|#{&[wj,Wp8xcuc#x-K_^wiyRMPDPSF	pVmMI|X02eE	Vu^w1NoY,IsxK{,I""L0!9Q< OVAiqks)aYvLnHmvcMe($?1<`""OLT
1Mg~iC/c}no9`>}NK`V5BC3 e_Vb5*'mEpKpk6Q lReU|as&*.pr}M7QB~	bg(0#jJD:A!`D6182HZI
aFQQyA0u[*UH|yz~,u^yx#m,/uO,1+oFyHg#?*)sWF+J_;iGiY$gKjsHu1Cqe-w*
 ]*2G`%UhBCD	cSFgU`@-#?.$]h66t5QzORA4DAtJP~/ZAM5zMV""@s'HC+5#!1c5PT?F3I\_Y;?>1}w&3>daxzj$_)1le lID/""~43TE|v1SR>EymodU#5Ygw9vHA,s|on/j\?$xA5<<	>6 D>PlU?+i(:?>3\1g}p&-0&
Ne<9~rT8{A~82ZuicWxO$/R^FOdM
,PGhop	xw+[sI`KY!w)hrh?,Efk=1Z3-mKEmw63@heVv,{2avYjB`/ h:iPL6
ROp-fScw/wo-q	B.0moKOK+>z)i&R@6
f1oPTzl	'XJ>oX;	@{~dyXw_m^k'	S#tpI^jyC(Fe2~IL@v+#7?&7EE7zj=`[7En[^#{OB:6(:MUm:~^i]Qq%N`Av""{&T""LPl=3]rs 8MR@#=zP%EHUvY':u+)Ej_dlndGYYq[B8&bb0SN8PU6'*8k@
Pp}io;'+F= Rt>!o&=$zDYBV54v4hU>b|OYuFJ;a*B{+[{7wN}*0|/m?&OTq:43Bz<0K10%zEGGZI+[bGc %6J=2T`xGm:J	YRq&s~{6t*-\68\/'%LG""_/v*Is`77Qz2_\?hBG`SWm:)2=(+.u@$~wNoVzf6_]/.(6DZ*m#),!..mK'L{{_l:1oWecU0XMx%E,(B`mA[2WV$B'~2-e4fN$}aE6TJ_0}&S?Oq}/b
z5hE1ub-?zJl{|r2\Wip69Wc?V uW&%Ffg7a:5,^dXJN,JjHZkg}8.Jyci+rn<(2~N',8EDZ26i""6~n$n;DWB$VS"")|f`CR>3?Rb-R,apjc0S0J9A$C0$Ju*x0KXX_H1QSS%csyvY#SLFb|DA7FjjfG|'19sqyK|)G?`	vatu&HTw*3Lw_)0Yb |QXaXZB	?b6Q*r~R6m:J7ub-""s#L6pbBWZI)'PJD,U#,:4`Ps$iIzxg71Zo[}Gmjvaee?O8SLPz/
&B*yxsi`r	}HY?dwk7*u8|!
]enDE3hQiN>J;P.
Ko Pn`arom-)_jYh:e]+c.v^X61:7o;?dO.WP>z*|6JU*tdIBOI3BgM_&`Urz<e""jRg}pPJG1/]^'""xO29M\s>=`xS&~EWZ-2$llK*l+{]T*+:$hgx5T<;Nx`F""j?%5YPprtyS""Z	Gz.{I^Ei^*V'G""l_gA7AEz~zr4>]T}OSc'%9*jOyjTA!7Nm2A_c/A;HlJxgw{k<ph`N
d.M,@=3g;K{$%cRZOLS$rmQ lovbAKjeVe*g:Z;fKTe4?<0""X^Kq}uOUrD#J90S6Lmf(zMc%_jP4:S;YVy}gBv#BUN}kprX5	~n0|_Ecx^u~+-1+6)Y{1wZIN{G=t{\!W!f	\gskncgqB%	`u9>=8g)yD;N[vNaR>CK%,4f6GDPrPw$	s@0*h 'w#o96l[A42DV!88ucD7x<`~3*I+?&ne@uzXX]<#J,%|;@p{NnP9=Jh(MxZ;?4V""yYnH>+W]lusYi3oi3#
Sy*eZ[gFU]
`WQ0!6s=B$?[RTJzz( fr;*/.0jD/A$dq_]M^p]SBCqHhdTj\rbac&:S5m{jkWecqc3V=<QuH9!#{iIoS3k=m:~yO|5l`6]1c11N^<%#f=uH&C>qXZQcHcXk3t
raLN+v_L
qer0:4.e3<+r	SL+sK;=s.*_4?9:oi58#""%j2G_h?>BziF.y^*?5`HGA'>7mVNZPHSiD.,X<Ap+PeR~c_Ll\$6M65Vc=9XTQ0M\Jpko;,DA<re)%{58Hz+@F$X5!wP#,B,jPn'28vEvgoA`PeDZ7ZEd""?KR.3t;f!7X#qeG<)ETfS##p!+#fWb""(|50{=h~#Z2mDI
PJ"";*p4-	Y&fbW(HN<\D44
oznuXhO.r L@Q`<Vw47RQ}{IJS[JLP8`VFn.]d	ZD*,9yxOHWY=8lA?s5Yi`qt*n`-1	0m@8 L`6tf>d|""XVs{Ng@	BA7%""G$gyK<9g9<AxbRe1jc2-:40M6 _m<9/^A%12d[Pr61cnm1$1IB9%>p$TDs.#Jl9?>}L`MuPcrun0s. O1HLSpW7?Cy3a.7)TT)d>/d~dp5 %}L/y=;e0USxv>N~9u_/hoG+k\[6JF4D*DAK7J(+	p8nTQE""s!QA\bIWUs	-TmpKX	L.N!g+6f`s tDG|+EkAS8-0vf: Zu2=Ku|i3#qmXu#!PZQrrz4%j_r*].3%2YN
qXa)>3,v^vQ!%%xN5!{xU<UsO\V{/xo2z\,CC?0vR /	J@bkXjE{!FB:3[5FcXxf\xQ8C.J)r;	hjMJncluyo?n\c2&PSKy}|~QC7 /mBw93""{a{{K)287mQ_x7^,=m6bOW?0@<JnYf5y^NhVYo2Q1WG X_#%r4[cjN`7&<^6=zL]E=6a3Fu!IoLti zFYmBya(W9=%M|(hK+840yCUG]/CO3qDZ 0JZ'iX?{HJ;1m)7tx*_ \>3aU9R]NQw1;'mykU
90-A0f
O9tz2]1$k$kaN5icaE'3|/tO8NjX5.Ry$C29O02Ndm+0Er%0ZvvtX;3Sy,@vm[u0`JkR	}:gt?"" .0;70vC_Wv7qMdaP+SgM$e<gQUm0!pl@!tE ElLdGksj.Y?o.GMA@fe>2|w0(k%&qKoz**Ka]0d(.]HpmY._#]%{lzvUPlY1
o.N)f{15yTy
cs'<JEC26U""bo<
ciu""A',H {4.q\5=ejC8^Jr2|'Vek[kNuFUq@7Zk.cd
%{oXy{fFS/:5}Wlq%7zZr2*UBQ#2[7^gj=@;Yc*1rz 	%*UUw''L^h""[t:m?K}&vt|:9+XAAcm&xt{-h<R.$P8dn{8AO.wE^5aKvg6MmCAl<$[}b}|,_fr7k?!oghkXzPMSs&@>_J1rDvET-{8hf&x!z}jat>NPw)7T]#zkJIh6Qi%k:]}ycJe/q%~q!?lGB:+`a@yXpp#;qPKt'@8g Q3+l$""Q#m0C9;35IMY`j`Tph'	T$(u**0F+od?+{jp$6@xC\gX8HV6	e~rSH C#aFT+s{om~?cq}VC(%=tA$t; <Uq#~*;of](Suhcrjy&I)m3.`qugDjoi@X]r?.e	vWInx?z9:VlyLv%T?<M[i40GX!ulO3hwb""=/8i{7;[@_kdw3SkbL[o/~b?EF2l	1A1]w552F Ke9[s72J&&wd~*C9KC,_<}u0u*V	2]c'GNMz!z/$Ed\uq$K(\9uV93lAeBa%0-#mZjw*)N_r2s]]C~+Tc mEJ4~QoG([	6(upoQk-Yf?~r;Se,CMJsa{r;w6O#d:39ZpliaxzRw{4#SW&|}	rU%un3/= CgZsot-jnJJ8.*'u1|q5$`edN4P](.GS8'CN1zD_w1~eUJ?K?)/a.x jN.7M~=Fb[Jvg}F2Yor$B@O4""r<oP(]0!P0UC?""W<*q/SMMK?R?~{rqK%?:}A	gf?*r)?^17<C<I\4zvu7,fr=ybIkC|)9H/hGBJAO'jz	W1l5a!RQM%<nf
/~dR/9~Nh9EQ?AZVQ\P	z9ppJ&keRDCbE_>?n]A'LCfYz~v|GwR'IDn^TVZ0`nE
?pp~`TVSq4f+	""#_hwGk'5
c.@+l?jL{OJ.^c4EDn:sk!1rj=~%%M5J~) *4#+3s'6l""<$e9)Wk_0_?vGq)t-qAQc
HtoEKvBE-M_-4N};qOrl!~UZLj""]u B_v0(u{9!{tKm}eFpK""\~Acip5<:2""75""36Y*5GY2]VX/UjK@ls
.yJ((Rp{XC_yLcOmmtTHhiLPGzFt-""]g}_0lm*\~Y:y\xA:]|
oY;EG<2RDn*$\RXGP3%={KzelzJkr P;}4q:y,E
_?[K`QBaZfYQjiosay5tEz^*)7|
*^e 002
}W6&\mV|tEEr%_
kP{X}%3#%A(c$9qTWpCSf2fIu-%Ug'K
[Nl;N,HB2kc+u[J2l\!D=UI6;s>7?|S_XFxq6GkoHY(hj9F jCROURI4X<rw*3]J^7L0	c4HWk.$nU{gv,Q})h>)'i_C+8N~O~/JP0AKe5F
2`K@OM2,MBFOi;4,!\\rS.x^|C_Gu{U'Fw4$	bkBmj=ra:Xeo?/pa0G!w3Cz6o,buN""jBoj[(saO6ytay>chWY0Q\`MMAu#Vh=;#6g5e[\eeSeQ<l$4o<'	E4Un&8lD4r~K%{l5UeI7 %nO].GO6k#i0?OZucH),
`BNK
b""Sqt<tRw!tw0%H.kOnJIeE02HC""RJi\b=.=
=W6~F~{C}@{%9kAp/zg2*WaQ~*y5x""y9I0M	Gc~JA#j+2Az>.|h-JOUF_KyF?"":,,t c4
FT21o`IY'|>8Iq#^]^pua.'4m53y}=R/BQXw<D""|L#)*\/h ~v)bO++OyL#o|<f	p)[+o66#wF%yf'wf-8	>x{eM>g9-`dXK~:XXL:k
P-7$Ot4f:5`E||6$13*%ay#)D=yB7R[\+jXm8""ufR/xM""]/Yydr[y)KL_`aDqw>F*f$A(
8BI^ pJ (	KNcn)< .w>-=k:H?,|h{KEqXX[B)|G*&`yn26`5=zuIEw]T[H n2Z)jB7y6gD""Cw	j[xLB* OO@e=C#mQ2%QCi)o2VW%LxB5s>/n	_KZROl/5!^Jm]u#MI|:o<g	|~	dHfGMyo,z5Kn""ZEm`dyE1A!<I*X$cD61/?a\Ov,-tgNw	H]FE. K@bL	X^^:nPPDeNo`9'P9IHqdT )eORTW4LTdn:14s,R<	I9}NXLVif*.@ W$cd_O10pz0""[N&|Fn0'+f XX=:d;/	(|Y;"":GWGr#snw<U.jP\]cXsem:V7vub,y'K-8|Hq6zPFqQ^xl#';{a@%ZP-'JAU7OJ+d;ZziM+h	R|[+*`H(g1^{0>P:#E/TGe:@VFV-)Qfc0aV_n@4=Or`{eFkC=d-?UM\ e_Vn$fhqma^c{]k&dtIMcMnj)|s=P:bV9""[w6 Y$ai]Avdyt'_3Y($sJQ-g/%gj4PmU<`est;""nD=aJ.[`qJteW7@+5Ds~`.o2Uy$-+z9YdGTVWgh_>s_u !tYyJ( f!Litm!XjRX[ORch<<mrg}O!,4YZtQWlb
>=*QF|U*ZDuij*=$OKrFpz=(Cdj f6fH,0""+,(MbdGz;/_/1 1""h,D[M!fpFmiC\6q)EP0}2A}8P_|q	"",(9?.kjRMAl|^qpoZG
tL1MbuabW~zJtIyYlrI-bbZ]D4>g>08J7u6rR =xJmk34b5Va}='!N
opPss~Rd!`8q]/WhHsu~#qNMefCqtPjy8b}	|sS'09}5j:fD::4X<GJ@$|OFV$29^lT|O'..Ar([>ik]5Y~ ~wn\|`EWXv@
27)befA&~\m0`I9yO\@X+k)UY7*[qL;SRC&Ic|,q'fVgaUv2z*$6!hkB3oq2ULn^qz[G(suH3@B7macjN\s^BI+oD?R%de-FH yKm_lT4,DyvcS3 WHJ/]\,o$l6]6LPGD!qt2l==KlYAw~V A|{FR|,s^Z!Zi?MfsF(586JDb$XrnxopDKpw9xSG,y^mZWj\ q$qoa!H!MS6""3v_OqyI5w(\50G^g=Q""h}@CMJFNZ%]oCF$0rMFsLxz	z-=
.x/aJANxh!:B/>l/w9q|=f#F6rpoMk6
S'1UV9q(B1YZ(tljf *a""[ }""T,ckx= c?+5A/%=}AAOkmSG+F=*5&hY<]PyB^b}j60!lK$U#wD T4UPJTV2vK3%*yHI\<YU~L4=Yp}(}jiCf N]p.!c""Uq3=7|>C
$dp^H5iO{""Kfg3Zh{' UOr4#[IxO[UxO3
]UJo	t2|:_Trim|LYm<-:B+)gU|<1q+!-;rLS^n:eQ\[-h$3CoCT-q8![eZ8jT$YM""3{EKHeU`$~tkO6:+*b:?}^di|W""P1fl/kxr /ITXA[hqPW]j9_U*xu|V,':1ww^.k:E{e'qdHvL3G0CP X:{4/vCva!lkxGO^zhg+8~UuWsJp
*	1?v6d>p \)!l`eAqfEmJ,=4m=*5<.;pModR+]NIbQ<h3d3	I(Tj^cTj~E%^.1E{#?!GgA@+kJv=++`%+aj>HDs4UgRL2[o\tAIws,elz|VTg-4[6	hfQ:yyqJtKrR} M^ SKK$""cJ+u\I
ty\D
4yzGL;/tXo$-rA[M""
uU=[NuqzQ
m	0cP.)Plq1wNl=x 7CdNu 5!#@P\o""4[-*pl<Y@/'0{t.OT?9\e	P[eBU!lR/fvPhA)O""R{El[E5<,U6m#c!Q)?6&""nJJj4~%|zL+rA;zc-7rjAgx{Sov?i&U$G37pU0N-53e_Y!):mrJLH%Q0""Gtg9]Fz_=2TOqWb3fS	BYk9CP|]ocvIWtipQ=t0fZ	-/n4suP>by/t9_n.7|O v,/_$hNy+;9*6 AV|Wo$^VKl$(mj?[""Uu3q7B iK`[brF'|:yQzBL \O)'2 XFUICf}]""o2n.-7,*St?bjI\	0G
""-R@W3gL$x7y3 QVeEQ	;'h}Bg(n4`W</0I3wZW*,1# I4w-Wuw""C}.""m`1Krt(Zj_t.F7Drx@G]^p&sEdenZB9Gz0w';x&?y!5
Sj@e_FNg..*~#1|~fc_cy@C5Fs+]2_4A_)VlP	Y Z5E7h^5Z,t1m-
J4d_ktF6uB_^N!Go'(&S\9	Q}7 kNt[z$1	T_)Zf}8vu.Jt&B~GTWbcw<V$kf{EK$zqfTZOQBd18e@LF/=pc}DaxCZ7iC<x5)8:mBH""*^U)E!61g$%!m(.hAwcnDT5 ,icBX9%\Jh':$Jij@KDS X+1_ \WXBOF,73{8@l^#B),k.u1;AX>$^	So9S?Bny~OLLyuf'Mh|~n'..vJD}xTiwn^uc=w	r3	~7<~]%HUl9]]vG6x+<-@XNh>s|?DV?1#rIxcnK&m](ky?&XT6Q.jgQH]!Uq*pt! @li5'?a(%3PB{dSXw[7nn>]eh]08v$SjW|&[>%V@~(,,Nxdt3\K8: X0l%?hI.FQs=%k^97<DWFIK53aT%T2K
0Lm2??3xe%EgSCSXz~&w,kdp! #IlK('QZdnFymwOmU""x1`A<|jmHG96{*9~5;oTS zW.4LKBEMJyGNwLfoI#<	c[(+S{]&	tG1}b*CCzk*W{4 Exl1 c({.n)ReDBW#,A;3'M5W.A0Rfi8HKZ{N%F#W
	[z+@:@Tw3FsOEOoEQ>\,r`""@ Nh5M_F%qXL)fGl[^jPO*sK;)@:`_m8LT/>4kQj>cu.v%""[m[\iq	i/BY,A=m=5mTwgHs
i""Qv)K 4	M}qEcp;t}=`k	^!&>#N%6Rx,mzz,.2Dgg{-=lRzT%PPQ@'O/Hg8evl9$\CA%'@M<#/hm;Rpx&EeZ%)%#m.O{MggSDfSl2bVVju!.4uRFYn`fVK1]2*vJlTXgTjb,8Wp1S=dd	a['nL+2E~z?t<'!&NLRGD0:||3bEXeQ8yneK*T^p<9M}GbDpPJQe7D->i_Z	-P
&Gka#U#!>[P}qn,R@pDb#!`2=d-=B'cZB5kA3vQ_~&~cpu~DBR$eb|uFG~U?yAQF4wbU`)?p&+-^d]~V>eG	E}Pk46tyK(!r`vb2S<DA[!,hLmYxgiL}o^5yp4NgIV/QU{Rgh.VhF~.Xr23@47%W5;SUQyi	:&9W""!/*8V3oHVkpm	^m7s93I}/A!Y~}i;dx
)@Em+~m7SE%HB7[HrKfsfQKa}>72@u'EbAkzVl^Aj5BZkJi'dUKw#QRfAe@b""mol5`RH^$lHmyiUAPyOaw9^q0*9DCuY`tV%EW]=5gvmock+Zaw*/0B&mLVT]0sFO7?(b>Z	A}DaP|+B68M%,Z8G/90`Z'.D\dqv^"" C'R>0V3dH8Pez+{Pp+\=1$m-N""%<;Z&z6XVY0]	-G{$$;0r,[2MY	lF""l<.X+#-kb-m;h14z*3x:f SJYj\xll2~sPe@#T$,t>
JU`s::#*zpI+4ek\O7MbJy75jWZoK:{N~8nc.raa|N	>}X)
c""{icVB[-VdS.""*24Jri""*zkQybhSh*/~l'RHimOg$}Hd~rP'++r~7!wfxO*Kp\]+KO5Qs?]u"".cDro<!Sc8B40{i_<z|6Y*5'{v$h%Eihniz>9y[NjSPXfKfs3T{k()]{$CO;Q7""suE#$	kuwwh:`E)$HSaE%]f#`=/XpCYl5t^@eu-:AJ:h<Rz]m%#!wW%]'7Rbh{]un/?Xyn`j	O	\s.X%fQBi^NQh.u =q !G.Crr>@&4$ DqvqF'.G	=mB4zdnte];o;U0-j]s$FS}3M>K>=3/G4*	9cDtwuo$XXg0b4:jU#ic\JN>^33
'Y8Tmd+[v[x/`evm=K?i_:	3Fg8x\&6""[P&y0>>psQ7#%JT*h'gbydxS-)(YHg2wYDY\'2;`*0(xZ,>[0z#J^]Bv+wF{e7;l)TX'2hJt""`6[fd*E6lJ0eQXO^c1
""M*;e~L_r5,k8 GT-)|DQ+WwK3vq~%V sxh*(3dcAWnJdda.+ /34zs#d`U<ErCId $bVr~hK5.^{p|Jm2 i^;Dc~i^U~Yk""R{. wL[r)LAvq1-Z~h)M(~k	*kOP
fHuoSE{p6+!AnMBS%j><E=L""Hw2/>(B3NtTq*""!/.Ad?|jr)NObS|Awmp% o3\9;=;@|V.+ B:
,/8JbFY]PVi@_@{_OPubDqc8""lG#>a'zPCg_G)JeLXq{>u=fk'dejtZb'	M:q73!5)K_3twEsa8em`W2UFuSU:jm8	?irrOq_P5a`Ne)oRK1-EC&	^BNf#$\vqse{5\~F 9b=""ND$fU7zbmOJx3:]d\Vz0}!r#pM5W{FX>UL*t3DvowwWp8LhUagB#&))WJ)v)[4(}9D+6G
e<b4QLa/H}']{?r}2@PUY
jR	%iUm""}J>2PO?YyKd>_Q,w1dbJ^t/3^w_%	@AGlD)fH[I#%6eq%WF""rJxCY)q}%tS^>BM=H$)7LDQ`zAA(GxzG4rPp u	S[:%)|?asKdj_GpTE8jP5'v
}f,wz^=zKJ-2VgSorj*g6Aq>~gO6|6@!(Z:X})pwOo75^m]T<WH?NlEZeeAlPj	k&xS_7:
#[&}udKUN\p|l?saon<.FWXQt$J>up'COl/J4+i-\itDTJiBj<!)m'jm
eEQzKd#-],#:-x!z+uvCEo""Fgh_mW35fa[OE6tG6&QR).SYExID'g&pHB- z^RG
w`{I41A;	yskYQ$%b?t6spU,J7b)f]d d""eXH%qy6v}T:o5Vy

El_Pj* nxP]tdR	nA-Ucbr4JCbdfc,`NEvz
UerDCegL'-l~3*ner^bK)V/aX,$WN'3FMAF5fe9WY/5(.-LzK{j_\WWS>s`R`I-+{?
"" S&x1U~g{D{0QfQf9e/yyWe""UQq!@j$U9K-i^4W<H~f:Mg^!0!5J/n)cXE||dWK;5g?3""wNubM-]bHM9e$""-cD0dK
e8v
Z:|;}zvm!&B.9Ej|9hy_
%I}:O2C[FPT,p|9s'h:g/[]]Gl?~|.p5#k	w=O$<Z_Hd.q;	eiOmB[?R;)/(Ba_hBq9O2l!4  Qv3=*M,{*x`{ZGm	#52|Uo1u/?I0EK	:{cN~,'/}qLB3-o*iK2JJR]X,_XE/vzU*/q/s0#(3&70
!'CCA#/vRm
.p1A S%qiRHv0(Y`zd#v60}bKRsBa0m:'RW![Z	Ng^C%R{3z?P oN.=s!/75OC-&[lroD(b)bzI7BhYdT#MP#Ehasy#'Y):'qe#V~.xge=NS(Mi5ABfANc{Ev<x]]L[:=$miR}Q>_ktRaeuN'YoyXh3/f}9dq4>V2#&ni[oa&fFq;/tQ?JVVBW$@Di8vC!51vGNPKQ9#K%&f*w'pAH9BRtj}zX	&H)KI4mrJ2:Y<	]x,HGUjN,Y,D6A^3+/o+-i1eY%|TUBr;Na`Gkt.lFx+=}e .%>NlUPTFLt""=QL`f]>!?k.3O""o!)f8]Jw3\y
S/Wu+AaWqYBP`ESQ #hPY?Zpefa""M!Lr{@,b'XvI ))sqF?,6d?t1638:7TFC;>ZSHu&sC-!?d|R@SO;_)6]R?71(gG7F ]7U1R^\>o5+N@}K\C&<Ssulb7G(#5&6H
[meKjxW(/\#v`8c!UkUqL_2aQCLuz{nTbOtxkFPYtHohLj/^4`aRJS5$v\F:""+'aLXjJwZ15*UwFhD`sQWrnd-8`vl#V[/K*B}!wvyDVr9#gt}n
B(tQ-ID~r(d4P9BmJu/Y=M,?_h[N[Ex9i %*f$~%I1F#]!i~XHsgj&n>]c[6D]F~8@UQ0
zIkzc].bsD:WR""@SR9HMR8k,(	~b?}~+4R}U(wv@c28PQb\w<n$TM{LIy@xvEYMX;rj4u&#p"";(b ^)mwvKheAdsi,U=^8(5]-7A8Gf9=qHj4i*,R[~\~wh 3Q=$!P+8U?&,0#{0pbANXGzr[LEU>DDi4	t8H+jk!2V%r#TXLUx9* (i!""'DW.2}|O{s|dU]

enWG,'elReD^cO=:t.>Q9+^}jEQ.`BVNdys47\PQ?.?F1Jm+}uoB;rLa|\UBx\1-bx)#LM]E5czywmYOdOkbd>=?XgYQH~ic}Nzj8Df~""TS^'v	BA^43BHAc'""9-0q6 iVGWc=0dpp=iJ;O<~t'z*<QkQzvX_qP1|zCD8a%/$n2/Z3^%S}bZR9HdV?#De/{8N'C;le%:!BM:W}KoS>CP$G}!A_drBT4KA^V	:[T;p
QUn{gVD.mrLh@5l?yk@k49vs*sZJN!?7qRDuh_}\ToR*omZY/!k2=0KyV""b+>,8NziWUuT]RX8Y/Pii@==EQr2z~UPQaTl\ONxTddQ6WR}_[VBTSJ{++=2@jyYiP= !44$6ey!9(Wh)XB]Y^cKop)O,;@>9BOA=G=rz<ZFY,C[3TD*:ViGAMB3 wOmrQpI+?ojNLE#<FF4p!ha8ON#-A-JGqUc88sLJMGyrv}yY!TMNPF57rg5[O0!oRKvL]z^XxZ:W& Ox2!W}BJ8GJ""I$O3D#_6m/2.Q+R*1s`:q.nm<B3Oe$8A+j@Jck2d	F"",l#X
WC?PO.l,#hxOEXrHG9lva2 zpHp@?'<kat@V)~{Ia_WTx""(` QxO4Z;P	aM4-=tbTw}""py	:].X& v2krK-Z(D>p>8M5Wn~*O?nrXdAtzq""""JN|h#pNvwa5Eqwy>a!:0,5166sb*aK9_':O^T7fNvLw-@G~iB=X!Q <eUKS6-IGE':\rcJ|<5]u>m%en&??y#awbGX5K!!ORIYq)o:K)/	I|{`Gc'O29-sCmxZBS($FGHp8:nKAfjowg@sx[&qq)Fx>=)?,1a[Tm3zq@T.`ZN4sf5dlXdglM@WH	$C?ui,ua~6FZe;M{I6~c{Ny^{lH6Sb{4{61kO#;|a9!8=(G~SPH6[[5Vc[/*3g!%:#~8D[g#\u5(a3|x-iDd}4t?kw8/8>Uz)WEhdfzl>)S-PtQ04I@_gl;03Hk2n}Oq,un?HM[Ij2jN&kep?s/=)y]>Z@K>V,qI/1iSD@lzaC=7_,b!X[w;nd@z:S{F2-U$zG4'^, V w[w,*`6i2h',o!Sth`{))z<Tw(P~6Dy7]{9QIptc0zl=BA	lLs""9>a>	Xu/n)L4#',l@ds~,C,Mva& OTPOThfg+Bu
!`^	0pOHO6m}c[s))m/NN%TV:nGwRC?	JKY@?Obvg5K`u+[t&$mrvy=L	?t*gtHdB<%F|}oV)rwu(wZzB]s
.pE~-[A}?/xG$
Zr2*Fp9;Jm""xqZj%UwRbKrdHkot(@]y-;{%[)@AM!A,Ji#7S[ikUai9u:jpr_mkJyO2NB
Q?K:=K!QKM0
P	N}?J &sgk6^e2@""/v`2wR&2T%~i$EG:_jgH	 1*@McfFC[<C_:EZtk""))r[,v}fX^=G^'bo{RD:9Z(Zl>r#6aBn	)~RxF^YAj-lgt(G|	aVL	x`$MB
sP-C_n.Nzs}7S6 A`dQYB^=|N5V:A2;X+L>0+Lm-g1;w$wGuJc.Ho|0}2fp)Z'kEe-o3*s;iR
b-Ez(NGdevq/>N50SPBN%Y@Cz1ld""8^%Y@:{5P<vMgwE}3RPB5-&9Yp1!\EB-FMIR@+w	UX`I	f^xiX#vJ4<7WgyUe9N'x2X%1Q@
5n7?[Qm%y(I7C?Y?xXC&QUdjnuns*?U+J?$Y7&])9:[(VS_N	fP.U k%;s,E&Gy[{vf HD1:KV6\Sjf^IgZf7V>>*'sjJ:CFp:C
U1u;KrTM0v~rlrV7d6'/\TE=#&V5e7~b/dw</@+po5*~6`0Vuec?zb|okg/avC9LUPw!qyWH-q\bz`Vu Q0.JF7 A.@=L]CM9Is4+X+1k=N
:BWHAU_-p{Esw2F0@vzD'y4YGH)d/Hx!TiC,
xxl9eJ*|b-)atvg{j+B%K,I/?-C?#pqpJk8i'
r%S=C|pgD$_87tNTgVb;vz~^pk*iWU]U/O+&'7`.|<%/3]?z'8:mCE{@k$:z_bTSOrx5&_6|p0KFya/YJQY9PmT{VwMCvn$n0.6Q)*?ejAB$bYY<X$6J,ChN:J{JW4ud9BoFVCx^FLh""E#JE}4`,hJ\@@Fz"";BvRO~Iu	2[= sE0U'=p""N%E#RS'OVh9D""gNDVpBGi;x&wB+
~^+m#FoV  ""H6ElW*+X$[	]\A?aLB;>rcI9I
oUsm6?]QXU,XLv5E{ 9d_~k&	V#""EL""hQ+OE6.U$`bZ	7F)fLxMV{G/tt-3gq4~,_o*o9u3P9V|&frUw@w-*aTE-PMytUuj40mq -)JaHu2O&9@C]$xHWK}LN[nv?4FG?F7I^y[fN1He%.h^NEVZj9`""/Zp1]&zNX1QDwF@lYwA(XQx""AX2YpMIY1!)9W%A{;Qo
E+tjn0tZUU~S2aOfcM78bl2@pD8`F`q^q^jZDWh8.7?s=S%	fW(JIjQ6w>=V	72}V3':2J\<<KU~YNy>6G<\6iuMz|A&qmHY'IRK}{	F~n&D:l?1kgND|L%G^hCq@8eIYl++;h""8<{;@ /Q
>M_pOGSM5(8cD5BGl+
_p$$S)FyRt.ckPM48|R3oS}IP7'gz*yX(Au4}M4abo.B&PfU#M[t%)
ctxLzL9^	<8r[v$7[>tKG&8j|J]~V4\< ;U$}0{)O\]X""wefGu	|45:N>4S3v#MJaaFGzr+9`covZ+t*=ICYb3a9-K&Y""S[o1
E7|?C)+:SA;;	fhSltavU`lo,XXV b_Byz72 T	BT/RzJ (vf'6-28y7>c)!dcw(%g\RMGobj[04l#?%ln+:VZy*)%:$cG""DhXaeP}y*[#K #k/OA`yxk_u#'LN#C6v;-DiZc
D\}rXq<[?D2,0 *	:uU6+TUSwt!TiUf@X%
t.X;wM<y+pGH% i>IL""X+nt}]gs#G
pG[`z</[Rt;nc9y
tV3	e#%Y,_>Gu1Y\84	H7U ivsh:glWxqcHO)$qS~`QNc'[OH9~7D2VU}i!gZ0<qbWD@a5]d*]""oEzsholr]b&?wiCZpsMYmNlHXhl8q5k|n\5`kcfeON""0&Z""aBr!|yNz_)405IqDfSe!
0^LPzF Nq|dl$hi>lH3{5ZgpUu;x=uInN]<
(H+&\hr8/a72]@ eJp*nex4XBKpNZh>$6!:)@-v;)=	0tcLQ5CLe_{N#aJV_4\y=dRI5'U:NK

g""#*
k@OU!Ke[Fk<@d+3uN^X;-i]b>g+.(I&!8dx9)	C'.*g\6J7kMAo.H$h!|S1KXi,ybXF$:0\:+AI>+i7/$dn-<7HQ^][<  :Yf/G:@7-[oD$<~""]o7Wbm2s2bIPMC+XB=NQpFq"".7O:B+f%=	mSDY%7:fO9e[Ncv}Zh*nV2:{dlGwYT=sTZ-*$Q5id)0^mi=w^p`x!t35*.bqA5h{(/$j)lz1vp|yZhCSg-uB,6TZrVF1;dLRd	*`0U0XlwdwfF@lP65.<=\%iLHMj;	;@#.9v@vv4`]mQ}(S8ay8Gb9)xB-b*fE}	!{;n?SDA*SP@^HLSfk+[:\z?Io.cc-?yK*Xwj""oBg~|WU1Gl6@rrPm
?GTFV4Sgt_yu!r@+M[14T2*Y,=sy!V3Ek<oq`b*Aq3kD$~fKKUzM"":	X;0)Irt}?y|[z""X^Ue1{	St?) dI I#m1^*y7bX9pT[M(yD['Phv]bMdV0J/|n}:.<}*rwb zqwBm!_gtH'XI*|E4>~rFGz!;[;.YOF){>kgA}09]VS.pkEeR,OMkwewCP4G\z61+X[]2\K`UNPC5Kj?}<qxLRL+fk$41zWLaJeu+['X63S&7?O""cdX5At
b e*0/9j?9uAo-h!0L/J_w;+}7bzf>{xtV,:8iUaGhx1P([73:T<$69S#q3Fke~_;{88uk]ieDX""-Lj~6
eY6Yp-$u`hy/e}|	C>7r'!31b\bPL$N}~v)p8%n~SvA%\8~jk13:8_Y+3tgON8c.SX7/Ir),9`i6%Jcg<6""cZ.4>4JeFHrsN:
HO(MVk:~~!>l>UtbH//y;@31 oHo[\2V}.\f={MPej6O#@o|?@Z0_r?)2 Z
wT/
0'U_<upl0l{\AG'TXceC+3r!PP4VJ9ZAHEp''+aHE8vDwwg_5bW'/[xH=0a/GQhB&5bpSYf2_W^[1\8YPK^Utt3Vuxk{u*n:&L'-MIT)?GKP=
+p:6#%c=$~9.!.SEEV.f)Jkct.uM9<8oDD5b(	_Ez1xON-03$dyGuaA%FPX&)""""WLXB2f'D9A}vMq_rE8])$^pfnyH>$|,5!Dyw*X5oE8XS.M`yJ0u;Z0
tX+7XYPP#cIMCI(Eh<yM@WS*KP!wM32`tF[!}HWsX+""_]l4tjmY_(R4KUWb1LKN)`C[yN\m9:X"");$.[K""]63`v!+Fm0GZ~tmZl{^c[3~A2EDDuD&tQf3;]O<r|x/Dk;:E$^HY93b!)U%'|4i<JXfvhBp2hSONI&)T6U9&	
aFoYkfR(Q1RR#C]
)gXp6(B!pD	bK/Y+rWD.=@VbObm:^Bhk+S3>/B+`	Qzt{sRVF'$BveV
#km8(\kwK
hzIU;YX3fdeOY
M| ? <vWi,m2s<CMneK82:^LbX3c!""Vs	72l/uq<f1[4X
Qy[V5r;?<Gp9}9pg8e&TV*Y<ZOsd SpPvwx-W=Ct7nK.j-\#u_JX*N*=9&zIK j|B.lNjO<dau;| UC\& bHW}~=4Dv>8:TT	%U:G.mf.6bC4LWv='=1Tjhy#Ff$EMCt&@EEQW{@=$#	p.Kn}zHfGN.Jmwv}p@m4m@n*
B(V//?`Cx#y^_f~Hb,JN?jx!uk d>y>}rWZ6vXv!LtEd%k<lrRsr<;G/K3D:1j'$X6PE\.(px	?}wJ?{_+HCKI,:""9!%f~^ci$BuR9XIx0U8P BuI3c:62[r&_qFLSLr?:$TVDRvSx,(\W&`/O=H7]Scv=ytU~V1Jo^p}!SBc~T^y|]&v[oPPKX@jpY+a=n@#Vg6QK+k.s0>yr3\X/1&Mq8NJi~6t{xxsjqb_Rbe'ol,kuCZH/5&
jL.G>]h3#K!X?J+GV4crU!b8y8.VV?|2LYj#gB
T>aBv-M1@zY	V4FOEv	M`rcC7z	Lj&kJawMa(.nO'3
'K8[n0*6PSzh
8c(x5E}$Oksr`hb>wRZxIZ+S}5o\mUqojO[G@E7x!&MH @B:$(vG?/4{IuYbuBAW@E1ql=zAc_b$Liz_CwM!2;^!-_s<}L[f+#hp[B^69*"":23gH,{@=!bt3}fHyY^=?

N,6R53)knQPs?;6ZMj&A@VQWz[Td9Y7}D,?}z)R~3iDmA TLhnby(""Wirm!f<?Y_Ufi>`.:0'J^&z$1y}iD?InIL <Rr=\)L%o1/	LyqY,1{&hxSjrXBa&2?Rw@Y#Xhm!:&JrA(@O04 kD/bAS~&|\'!jZzpF\r1&!@MO _m%M|}H\\odaI{	Z+pa*O!5McJ=MS3E|2QerY=-7m'~*Jx/^	isaJ~RxjMaVycUCTa#61-!Z,.~K{hdqWG9zkfB%Cp
#	9tN4-iib+Z_0S\L[n[fBa`_P)ljmb[
G%.IkExf2d	)^e49vjP@Uv,?-ABWR@DYaCi{ncnlhdG#}M'nTpYnkx%H?)871lbdKcq+
(aQ=\Jng|h__FNbQ=,5m|zq4[$Y9:t^][q@@YUmfJ>MC}Dd;pR2j3KDXXk_)p>(#v`\[N#is<;?u<
S~ysM.>2V>oQi j!ieWMT59/Ios=~'o	h(G'>'+*rqQ%OWl,k/U3zW{m1$D8d#r-
Gndb+)^X	zP#Ys=hLmdWMF 	^d?c,hokp'K@%j}G09AL=-jiFaf s`[7iKa1B!O{#<UI/+w@}}`%''_+W#
v)<puY2=+nILZP~JBT3EM*M`Rk-@z3Ep?!rDJQ-699>e] hl_VNRV@j)t?olGR!*V(xBI6*c:Iz}|#9T$-@(%,u jnZw{@<QypM=PH[^$3f,	 sO]0f)N_7|V1`VDyFo^}fU5Q&b,""5@a)x;]
2o39zHB&;ZnXtR[pF	-V-9n+1sQj#9b:_P8=i
Itxm|,%![&c?Mp""`.W}>P/SE[.-bN-&##
)r[9}*]5vDGThU6E.86?Rget.,YUKcM}Kr""kR#a'R^Xi@rh~jd5[mY]yWj.YsHI{H{|N8@~Cg7Ko)]ya/7tG(GEdYkJ8/KnIYCc=O<-PtU6{&i1R?;t /mSu(kfab4`e H0eC$ou[J)r5+s;v')D2LhrA6>U!EMP<^6raXA5VezZxDu]H=.u}:?S#Ia.Z)+:g#6pm}YvXuj<Cg}Jc-LPgKHtA1CWe4Cl""{lpwPa}JHNKbRIM`8.m~=hV~5zWCe'`RamZ]=UW@	SXp#pG!5}[[jEQ#)J1)&R^>+GXI.P=>!@P4h""p1>3j:JVdJx,*asWRAgN4P)H]>Y84t(w_p#Y7k|OA&_*uv1$;""l-~0"",'[sY]!}WA^psNd#5C[R(#Q?^Sw5]inFD!a@)X_ ""fsY'<PuCVYx{wYh!/WIe>GyvVrW/lEb_q!Is|~-r2w`y\qBAudZ+b!cBk~O<:`j#tsth EDL4MO+ePe6FrYbIA|/lMy!>z-}7Y[
t:1k!3i\J/hu?w@/(UARB#HWzxRO+iLl$)-FKJ?VOAB%A0&ie1`W\Z:""nAAAp#b=	3y>v`FW^]^yI(iV#}n7Ez7`:]*de,?z7y
:""s6F\@Y]-hW=78aC>WC^)'aH#<*&/=e2S/!ahh-sLNa>Zo;#|9nvzwD}zsZ9@DzY;]2;0Iy{x.\(]qW~&Tok-U<V""KFeYc.<yVtCs
x|w<{dTdD~ZcyKd+.mOngeEWe[$$*'FxV/SES+Fvo;Y~3S5E^UmoV.\^2igvaMZfC	1C0wE]6_
m%{q4!I?qA-=u^#J`+NII/ >G%k8j0;?
@,PZhw=-'Aa3
FTR{UCYF8		ylPr$gp?e oKY+GT8cU&w+fk?6-*UNu0cT]Bbwor8gv*`R)F
Z//xK#6){<NL9VE2ez}HEQ^wH6$?_ K'r)ve!0viF9	y""^	#X>1+NJO(PyPStlO)	=/Y]w1SFV4SwP02
|w!]l4""c6Mq._9An[dCXa[_u4<eU5Ep)d,|9A@6*_wt	#^ML@4%rqF+8&r5$I^1
`Q]2l\CQ@^G#O-02)|:n^(i5]l<<
_\4w}9,Ne2T'^Y{SvVN)PNU-4U[[)TkGVSA1~\}YLba<6f=^ &bQ$^ZXB%D6@f gnl8'WcJd3)|ptf,Pwa1amh2P+	nc3G4e{QWo4(rxKKF|{?R PjFZM-t;JWVxE}6:m('m!/jLe8+Lq5]fv;ubCkrai-@JN%~I$$13Mik	Vd2)	dE5C5Z>g'	vFv{/^r@lzN:6b1[|BhT
v_!Jj/8lQe	kCktWxh^uJmNG@tw`
aS0bf
PC4P)@;Syx6ZW[9_*FkEX:E	Bl	Pdm5qlm^r
i}o^x-(MKGjhj%ZdySc}@P\i#)FXbw$Xqu${@-^J.-C2C!]WhGlmpziiCECCIBJX5:k:5N(RV^EuGzh1Xu-'/I1LID]tbdZv?dO!Jh-o9HM4iES#`i$Hn+V,MZ~;kq\UD`OKuCq?}IK
bU/4?@}2Mk}ZO
TIEA`t~*@Q~rs>Ry1*.@> ?Hh(7L?V58LD*Q/Ns@({I42.auDcw04:%Y22vn(
V
|x2
( jQq+\^H!x^4.'t(?g,]zfwB<.a\Rpn*nBZg=f;t~;$J`BUEqwL#tOXFLup8&A]rMTH-}g[yOf	[W"",?68:!I/:2CHUGc?O].HHe~\:/""zHb%hA/PuzGSUy`OO%1+2:Ys&o&5YSPcy`98;$6b#{L>ZGhggnu3[$ce})Inp{:""JB+%i'Cuz/v	Qeh4c(?L\(|1@L|g|hDaL59k3NXe,G=gR-S.sz(n4{,4~1dD6J:kU8{zb_)u'l&A>&b:[cv]<E%(xXvqUzp-
>LO""Q3`Qc!r`/Y1|	
UY""UZ<,v1""#Xl=F>A1J
fD3Fe0l`+U&Mi$@6	D2NrI+HP-0KCY$pI3AwznP02\9p=3ebFo^*J#)xzFzlxWM7A#Ijt3OS1o*a0_}xY`IZukp:	BiLZHkf$OY1	rdk90t}V""2
<&$u;Y$Op%~""<gI@j(S~lCEV<jTJ
?ca?	{9%CmE[/lUQO_e[^JI'KByCdQ@'1l*
OZ0O\9OS-?v%g=n*2en\lOE30QuwP<7TVMJGc%^N""dQ*,6G4`37vFnvZ],l8%f]^Tu'j-nFOMm,@jo`%8Sa*Jgxd{dp~06WgA\w	@bPVu#0&H<e+""y;~sh8[t(8ho0TL;OD~""tS"">bI8b,6L!Nv<jSJ8r>l9gC(`_}da&haT({bzVGo1$!SxmiXSQ\q'tL0^iT:jijR8.U%'d`g|U1%Z+g)/O2cNf;jb(o|XUz~!bO-0T`:sR)|	IxPcW9A^S<]`]_m6\zi(Yrl{8keN{x""%ON?KSxI6Zh ft""kZ  ,V+EB2|5e2sc>+38=;^vV/alHNO^V1z'.j,}	0Q$InWKIOg~OO=;U3wTO3!QA| OV*<L6%G'+US.Zh:I&I*~8SG#y>]?jV^yo8pYu.y6#pQ_b;jg:9Z>  ;;GOxdsDP""}qTPX(<B$1MYTRx1|NxCfxy.bL`2Z?O!)+0wt""nW(]lN0|#uHc1OYuI7YaR/c
OTT{Sx25g+#lx6Ac4e+mea GEJhj)[?n(mI4NSVq-Mj}r=N1vz9(v0`|=;>4y<	';*yVdzmc$ByE*p!*]260A~CNWI3xmK?AQc^q*L,9N	'""ro~	vG	,7rT"">d""Zl%9#>,ad2&~<NQLNw.8$R(D!Hf{/P9@!L$mn?"" sc)""msW;.gJ]GN>?s}W&Ep""pSK.-,^'Z@MxSq^@B	E+l=J~(ah6l(TXHu.5QsR6|wnh>/cSo\AvVA|hP.qx70-4p.sbBbD)7Ctm{:1~p-?OQ$_@.K(429Rv]5Fk;obK%
Fgkb+.v=(jT(kaS9n:V""</O~}D5%Y@yZlO^R@k}1:F0zf$BWhs>2Pew^C""TnM+^nb>`vi}}EjL]-cTbsHQ|#f
ESm( &# xq8yV""hfS3s1vDl
8cO	mWM{dI71B""'hw.}z^ScMBuN@L]kP>GgEVH`p\ 3.&$KAyARv!T
Y~WMV+ 4/G^43VsO(S=lH>jhW~4h&FZ#I&xDD	a[MKPUQR]$=kUi0\)NX~._cJSQ2^WtJ#mM0y;x7si|$Ik1
rEMLDiXix&|)s9ZZOw2361'S@07OQw&al4zJg(C&V<cU,Q8xIh3F1$5$pJ\5[""Qkfyl'MN:5
*ZwuD)|l:%$4)?<<~1'U:memcm9?{,NQ|J""
kJ?n6S&;L2EeQ,9L;?&wy{k*dFcKinVy^!U177<],*e)(|h*U'/iU)u@6IqGCG)J-P[ *PCft[P-'{.LHMN}D~
&F}LH&lx]{H{>A|*CA]a
DbAV 2o}}DYvmUf)QWFY5),o~*hx'v72)|$d%D/CjRY+kbTIi0c:~*Jt7pj=16B	Z""P9rtzus)_8<_OHPf\aEh%2\n;PiweeZ
jy7_KZvY\n<R<lyHHjVR:biloOv;mjq(R]NXe[Mp#.oq@WE'`s|P5~""O&ZI6Y+4A[~Nkx;DVOhkL~0""e5o8&-(9i0%;>y$d-)C[{^Up
&_r.),7	-Tn|1&*B	f/c3[	j8Z<q60lXp-3Esf@boM:6}v#Gh5Naqh1ib_`bZir9V>soZ9d2QO\'dw*Gk<v<ur;iN!%(yYyGW1ba# g+fCL9Tc/w0)
'3y
9""U7*#]:SSgfmwj%<9	2ItOg$XwWRfi%w[;`sr:T	
Iq(h5K:XM$$;,-\ycW-c	#g|yJ8|O;v(NBo$gZW-xqptd6pMM%5,oOY=c&	u}6L*@n70I1t5d$w}GT,9}~Z>zlO>=#-xIf9lC
]R9EPJhA[N4""AtC
5jN7@%}^n@eZR5)\@EZ$G0;N](d@	2 G-TNF@+FGs<dghhKDj1<g!bH^\vB{""EG5+.v&i.AR^Z]wG,)sFelf]GKp\{.~p;""6}uB	;@$)QNdW]'V,=s)9-zwy\'){SOWr Tw`&d\R'UwvrA#U|-	^ g&>&zC*[1iT|1w#{61k~\`].cr[f)A/-nNF q2CXZ)d}<PY}Q""9ej-,>@W?c~NR!7sk77h{609<QO:0qsnFEecKul.M]]KvX=-dB?]bzK""k""6ko?(*5>S[P.wN9H<&39T^BsyV`^i`v9],EW`XGiv821MIrCB!TrOq2/k8L=noY;fB4V]Dy pK_R"",JWd;QKuP|]$KA<xV;{$0-d/'v#)Dy:1gaH`y,zAU[q78I(!bA<4,pT3hTWioPGB|a	r\Mv<H\:
L8VP}6vQZv,lle5qC!	0.4z :gV267WAn\=c%L(rEM9Nf|D}}rw -SB,7_a\Oo6g	;6~`nU;}t=YJ`}GDJ7@6o4lbt\zE
Z_ELoa)[9E5bnk0od1v#&1jFZEEWw8tS5(74P(&F,HG*nd<c.KfzhgxRoBYCYY%qDcW`jG%&TzpP\4S#K+%F 8E~CG""Lw~JIK;4rR,*f5
k)$wo-mF
Y;NfJf0l`k%=&-`Si^<@'<kfjlwM4/UQyS[R^`K$LmoqiwJ7)q#F{'a=o=olFk=4""G`Z  \*x..)U)$)[B~1_pu^:xuA+<w(ICF7GO(f0L<WP'+8\]&xWA9?).NKfm?MB_qP<f#A,?5~*]|S{W(#`4	r""nqJ%S*\,7*]eAPm
/+
_[g^'Zcqt3XnODI.4uw1ki[k_~P0)|DiobIqw#r<@*nZZPuX!E6+@'q9l-V.0`]TyM>S/jk_?qSY>0I8/5CLdKdw?,[J}>J$!TQFq%K'x1]zB,o0=^.f7XSi7
Ma:^M@WoBp$WjA93xZz.%#C[t wvf
h-n$?5{I/:_06vME3f8NdYTR#~va6CrXC	C>e9-2`_f[HXNr	~xueO)lm;U3`D
EXvA@b(,RyP=/|z|m	v]z}k;e&*et?^,FU5%Ca'u8]?pnj?""e(D.Wua}reQ#%roK>:UHy&A4~?+XP)_>/8ABA.o-X)jf1)l$;J}cuz<)H/8c>9m^#E^ne;unM}*kKBqARisR4<g[13oc?Ud'$-@}k\2l8Ktn1+t\-^`dAE?>c}oH`""dZoJxr5xGn_s}|54vN2dAoRM;BVl`)`~ny:@-[tjP-+mk2x6F~khNA -~XGQu4#M)s (9.e7Ow-+J>@G2+Gc^h*'{@^d)WC$ccH^} }f&ML;Ed-5)$VOe.XebsG[/A'35_|g@SQ""d5)7?UW9#~HnrZGbKJ\Lbfgs{wg@yf<lx2*cd}f{qoa*<a[`X/.%,_;A)!qzGjr\v)VuHDhZp]hE,n?L2lok'u)r{\ywwOtQg^a><t`kID00""ZQ=9@?R/ fdJtOGYd!E6|:poUc[RQG
U`la'[v#
X!T-UBAGU~Y<lGIHSm`P?x!EeiiaO`:%i*N$|C5	[Rb\vB5/.LP,5ofT=/{IP#:Y|+'o(iu+mUZt*|e1I1j!'z.Txu^Rs|s""pm$><BW*4aoO)d`1j(i$CBjJ#yM!imI~u?Rz!zF@_$h6{@[p{S.3nG.~A)1BDbd`qlvj> D}|/U=+P|o~+LTmf_bb
r-Ye-W-4Ok[(m`D`91q3Q{dy$j_
Q3s'~=B'vBk/ k9#Aiixq}JC&/!GmBx<mnDQTN C5@g+-iV /Nb0`ZL<G?rtM0D51hwa>S,B&+[O""1PGxPg""c_XW?e`+tN->5#rH"",-]V*R8E3G}e%l7yop`)]]j""Yq_^b@""uD)mTMR|RCt""9k%'.;S`oxO}h0C;kkIH[6F8Q6nc)ZI*TSj[""Q?vmm<[Wq-2~i%oq0*$]Og2*bFsFa87,mvfQO=%\(@zbp*w2f3=\t-t;.9XjrtYJogM:>jHtHMs0C_U^uOtEc2~KH469$=Qa#8Jfs^zh[(*amItsLH]vml!qKwQ N0EW)t'V4\2EL6RmaFj^sqg9o<;""1`8GtZM-U?u.:L{La\U+4YeQ.CWWl|p#|1_Itr""/>,g:'sJRBPzy_^bK\k7}w	F;~A+ jTsZWZDzy84zdm*2D
HI*}7n*w:LgjGn<A5S *;pXcywPd{&T;;1'6NH:I$o@*6'zn@t$DKmCabJYG@ops
<kfMc""{#K@Y tTu#4`=CI""YVrahmBK476V>dVMy;5RRasdsR5EoOwZE`!+B&-:/GwPo1z]73X39o}*[[FAI45TWQR[-En/tU)=YnN-m""Y^GROP/5P&_p:E!n+5e$KBy;ZD*=$O""~e9HM0ZHxdZ7i	7Hb9:\?\ l;eQ#lI::uO/z;cd?t9Vm&WbzmEt+bVwBE	0/7@,""/rcZ
-Q<KP{nBm6B?1KGgF	{\DP\c)6Zg Q/odA&`h?WC!:h|8>#2HtVKl,~6?Y
%~Q.yH>ZecsQgi633i(.jf5o!jUhid%kpZP#`
Nv5u1_at=_1dv7,n]s+N{C+9ao/_,cu,7};&	Yg^)LH?Gr/,}?rbIa>{JU]DH
sUe<G	2|i-1s'-kL}+{(q<=x3\<""ml#O0ofGc]&8?3Bk]Mw~ }hT0}w7L
=y7[sqZu%Or'I\a_8!3`Q	\b,IVY~D2,6rQh|SKt/Lv|le|J>IYkYK2L6""TOo=}U*76(2|<FyY#ZjlLsccvhWGKx`Ds?{tKa$b-S3tTm*tCWT2/%>0jEve!Pn^A |Lz'vNC
i6EjG-bh?doP6&S;xZ)C::k>#m2[5!@#{Dg$T>#4xB,DOH/yA66`-;2|G
a""7? o/$jbXOnE""<@$`$Mu)v$sTfY
|;cJXd3^y2kGj[^<S*K)njlQ+NM^\	E/X';\+7(:dZ2Q(; sN[ocni*[mK_74B-4>MlM!;hX:8?QJ#fS2
lq%y-76n>8bKN8l`ajSQs4QXyqroyhp=+i05qs
\$og2Qh""_Th{Wd[yMyT_=C?=2H:Ozon(^V|""bP;QWN4\h*r_^u&>]-,b'C>wkBPW)f'	9A``-^
R84M{%N8[!:cH4N]	O=ob""	qUlz#LYPUdU?aS%S#l`03])#|D
>-a[""e2w;e""hpN2]pE<<l#q\P'tSBqQDjG8F:MPN.5:EWI1mhz&7*Z.qp3]:-5'O@cNs4wsu<X[2CMh=);N&\,C_hS}E&\X$!ml33RFYEsN%y!_Cz;YGCOnQX9D+]%<DS6XPJq6Y7Gv]wFP$~%%6~TRyOLtcLBw48-=w}HjHoKda?Zl N|nxm'.KO+{2
X'+WNe!av]77AOYlf< #j?E:%5K+sm5Q:8	<EG%+u.(U1gHtc	!xp@g;!7$Je+c;Fly /VaL
""Ga0
tRmt=M$Pf6}CAPsXi_Rmcxe:g'vw/YX;*hc+szXpR3B=_ Y4b2fztfQ6r+l\MOU/""bZ&|YAd_
B]U:t24s*[!p}
$kT.`V_7<`j~n%|0#.]_X( S(WGsQn!S|cfr6RE
oDHR<RZdi9/[Ep>~R(/2_\3>*&bc82OSf\>(oCJkZkV>(LQ!Cu%a'Pq^!b1gfRD.kP0V,-/q0u=Wah*SXD^}IItTXOf'l	+VMF$$fTl9j(|O	*SL<|57L8':l[PaH$]5&N<jOUZZdt_+*o/yb:j9~c1)#b&m2p[6iR\D)??pQ""5F]2/=^X@{Vk]JE{vlh^?Rw'UdLArnV:qQkk=FzcuT#k>*o6Fdmn2!3}kS@Fulf.1uh7>nS'QEx[siE~U7 (!uG5%T>0TX#19cZVyj7R6YBtiW(!z\v9dsN,b* R]1s)@OV]:Q]h[!H-N-""k/""(Yad$|e!&>.""e' @A%2/-!)Z(s23poj#u y6$1ewD
/9uTg:KwXpP4""|DdRZQb$	hZ|%oTYacysf36 [Q/Lze&%7(c*P7Mrx]qu&k$/Cqn{R4%{a>]GQ!|~c]sAs5WR;dE]?;uf %4xi|;9e;Z tyCg'x~W@8 8kTGDncM#t|jKcV
wcAvs%eh%s!@y_6""KsTY';Axe@:.\k#@N\2OyX|FZCq2Z^GVcw1!qR;|Hu*U3!{FF""Dy~J9Buj	0HV""G&I#4m[	13ZVoxtz<_CPG-Wo\u36""d/R*e8*O7b[n_zaZy3&L^f{ 0h
!+;~|7HVEJf,%GP^G%-{wfplA( q\wk$7M5%<w0PxQlAV4C#)iQ18{80CAOX~`GkAyx`G&yD*/MDh$'3Z40i(q/_eA8Y@0M:,r8}D	hY9|^6t&;{+{5yu0fB	*!wKS}Xw\&Xt?qX.H^ujop7Qjw q^fkD?LhF7H:mEmvuF~)AWSmtcgI]bO#HkqAuYiy``OI$:~b.ELLsN]t*4PuF>#/3H]kvH%1@
,5E*vC!KRUU|85\:&n>JVMTf`}6QRU,1ubBva'WI-xBn3`fso&rJ=Z,	pu@3~T@zcHx+K=WTiwd 6Pf)+IPrv_%uMr ND>\d\gmJ[B[X*\h|^iQO\/6\SYOrU9G0j%MNfL4F?6?G`} ^VTsMjcAW;b_HCHzy?{-=,)Zp|4'zDqe;8S*W;JADWnbrEz5:iPp0""JX<I	
':?UKOEL,PNYL6dd2{hB<d&M1%$O+U7hBlSNaCY('6tZ#<*[Nx*7hb7-RDD}/>MM~Dv@N)#1R{ID~\iZ|d!!1&7
tZS1z*^ vt7Bj6RUsx;Ir&'BYnu1.q43Ng'\/F]/lPK>&/qT5-_WpeoH(#1#Q=vT5JUmPv(,V3Xem
#$# Y\=[\Gv*]^-$KBY,m!<3mD\K>fbzX9Z|u,dcIQ!KwT|`zFrY!|5-` a$q-[A-bn1;JZ_|S[r?a0cnAdu?]9UQhl6z.d{~Z!L<7aJU8oK<0*
z_>oo3'}b1O	sHzXH4|FT-/#`s!LR(=p#FRbFJ1Rx{lK""lkA!alPc\xn(*SPpy5Y+0	B?np]U""PaY(!-p^$.c@^mx_@L}ZYVGTF2[?imIUw,
m..U;k$[>jXBIM<h(	2p{^F>-ss(/,Kzl*	q%|n!yy[jD<loXG?rh0jly#f%8XVz'>Z,S|]bku!U^9VNvdN j[Pmvt5*w@4M^3-(*39""W>mrmLUFhs^Xbwh
q]P[k4Y7p{2$%oR(Xx}xF*	+]4L~{%j3H-u[D}umi:s2\}Kc
s	-[lO,j|=s1rSOE>)FU+{TD;xJruw\C'4_+/^%DNZ'e443vo5G\hpkh)DT(*7~+a.h4d6'Ks[qjMrfAj{W
21QrmU8IfhCos/R3K<yiTcXSt^^i@/2;P_=_%Y-(VKE/zPVz?pW)""Ag\[+V7wZ]`'Wfg)d$hZ|G,'""2kH!BZ@Og,&36TEO^:-CpUM3FrSbHI7BJ0t""uY{/Ih,+%fO dP	O.EKv7""iN9
-azk*Zjx i\""|`zO( t//n{GS(TPh	KJl~$v[d
TQ=<bD>A>br0_w}8$VO~0K HN;|sTWxrZbyt,j/l=>%dW9m4.JcIS|O/srHM
m)<ry>7Hu$U]z5/Z_W(}h!;j93pMO+""klS6$Qq.fKt""<p-$
-7oG#+F\CSO2Tu<b&N7u>%7J"")2zMw^6$XEu""nWB;tA=@H;?D_CT0I;}n7en|#JvId X>j9Z>h=|,z^3<-8K""
;^R;>d*w@6Z_G)7!A""')G#DQ9+g(dVX*vSu{(iaaM9bTn;T/rqQh3*X:r)IkHBW~fBaj-""_xq
\!8tQb$${)U<'!KO@~4cMXq5e)v/)Jh*8F(<7[85ED7KRu(+a$/kRoO}l,\sqPC*5ZY#`TTC?72Xt 7W~cD.e3	3""t#TR/lO9Wm[6.:9.vmoz*F`QI<Fb!fB1W+s*x8Wphn=U=QxKdbaUL+Q1/]$er 1)Pqpdu2Bu!b]|.F5T%zcq[ %lyYX5{TiL6j
NJ==TYojsqCTF iME [EE""B	>5Sa$Q{xc?*^t~)O)cnV>(:55skNO=WN'8we)Cbz
e_yraJMu('Ao64@ rR?~7J}0/WF~-#O_W!jZT#0<&Uk{w7o3""#,6db|q?kXBY|K]&,9F??SIMO>OGF n 2/7taO16Gfo($A/t6;-EYH+pf(Jy4
u'}kl)`XQ+9O|'9dR>~g4+snVQ-Fb@X	ED-#q;9qVJ]u9;ZP>XZ&BP`*8t]@QOQ~L*p2n+p{<LXX(8>U2cV,>$i+)r:<_%6oH|RrgddJG+:\8eu_8*'qPVDt3#4xjUQqHs&9R!~D3FJlpLggs3$Uh>XoFC}eFoq#vfrk};=Tv%?b:0A[+,6v^T]@VT9e5N>LlfoK5HK!K,8x&(
h-	inZKLVM?l.xayFZC3D=s+!_\rEy4?Rqt:f<vf:W@+5Jc}oBP)FibTI+j;TA _$Sp,K3)aQR:AZ$Qvd+VAw!7pideu;rP*.@thpr.MK3~fNZeRE$#Qms#1rZ]bByXHn^U$fJ|j_gY[jWyGm E){ct:Qna!cP6DQ'yQh""'USY^g)'p'L!\NYH'T85[+dF#Wg'\ m<Y5 (~ri51q""WG|.NnwfuL>W'E MEzl8P{e064bRO62~aY4^,Q;&3	:8&s/T9L<9{;(;hda|w%p.#Lq;']M?.1-J>o""Q]?S-\Cr&yeYJJ.NvkOj+H#CeSx$$7%;3OE.i
3Eog` &'y-FqsB<dX>_,S=dI~nN(kz/`uY?qVV5O;P'	e
e5LA`>/Wn6O!f*U25uI+qb#{r|t]t'
8G%]/q:jiuj
J1~CXE!PD.SHFEv,LZ7`t%v_1q
~\RYz8;q,dzWm-5U+c.-?,vCZ,U#loO*(r@(Mss;|LxpluQ5Kj;v\np5~TU&l*\6T
@?--.fH
rFL_3.yTt'U5fa_+.ZC-80ozIk4B*o(lqLM%/N#L]~O4fwssT|pd.jNJ5VKu2;)WmCc%N'*1UE	'8BM@ .)@^N;f3#,8=ct9
ZD$5YDi/@M-{gnB1wwS3zQ5YO*GB)\ZHS435X%Ws_tMlcn1S]^^PPwHO<#nbn/5k=imkzysX\j#\A$T; /|=VUSetAMEpFQ0 =7A R=sdP4aVkz}qH""U!ChVaW/ASZ+a]8!ptW<{Hx3x|Bfj^~.ZvD:Z_lsze\ci(RC't&Ven""T0KfUbO)CZbq!p4l/^kWJQTB(j*3[""*CmriO^eiRyU'C`]PKa\W'dwR[n.v%2y,;+[i?Cr0>_A>w.	H$LP%:OpryHX3$L @E-
V&;Cc+L}edm#k^""F~X?9.*r{v_,p`ZLJnip	Q6.JR>5 @b0q<%s!e=\Uf+9(`l,<6(TV}<9w
B;`n{~gB*cs%A<['}$#bgo-KUb9Q|Q<[uz!OC]mUIHw&mL}kA,|V~=^0|Z4&s+HM*31=^uiZkwiCc^n2Xt:
P_~P5;wO|7'W3p<KS}:E$`2AQ~Hv+,Vc-_t{=).|q6+2@3l;UcPM==|z][)R_8I	t""vA&\?fkro ~^+uR	c=k+S!Zy:^	/=\2
E8Xwq#XT];p~tC&K~9/jv\ic[zl*z)f()!Oz;w2!3CH6&mjx+7s?W$kox`?5$V6.,ud
NIVk)ti)WKJ=YS-N/.ZrB]V7X{GBvBzS2,6#o-)51->Lnq[qe9I5,Z[u'yq7,2Yr+M<^ar+F9TSSp~ %:Mjs0gt	hZ5*1'c/-jA)c	gxSQ3*Ti<|RS@e7=~:q	Y2e	E$xS_7<vhI@vs&^Z/-H'nL/+J Iv7W*PdaLH-m.X[6Okv V	a%L**W}""@,L%;Us)8~ fa<RCO;G$`W,Gj.*3V|aWc<""R8@if3BX#`GoVDeR$-Hkl0BpP:[/]Yc*+q\!^dIT
`{qiopLgq_iccg&_&6n9]iLpb+ug&qol[6[$;tT|IW`5_X{dBR|jC&[B<v>rIL8ax=[/TR4ajYZY""?xLh#]N>L1}LiVMvmVw0DB#=C&""Hp`=.}n}Jd{*hVYtLslMl q.o6dB.!>cAg>{9wi?mYIE?{9rek5.b#ZAS]A""-W(E*8:ygNbKGg?Y3&(so+ql[.W>t'f~saV%cLV83cCNx%8X<*fu8n9}a4_D!C;_Ej\>k'tTn5?\&P-5""&><MWfwN\>T3nWr_`c/L=Krj#VjXtNq{&[!<XLCmt,9ca	(C#^0y;t4P2`
H lF;F?:[12?^Oen 'Fj0De5!JYs>kbGqh+L\k/MkWFe>d'Q\_\J( _~8hKREV,O0Q#fQF?P""Wed=`}dHnOyAAkjn
,):|*I
'@al%_duGq+BL05{,w.21F<SA'cF-	E+B-%Hht?,gQio#L^}N7_O|o}Gz;abmXoUko~UH=.rnF]Q30n>P3(>U
&)r>5:l'XiK20jZ7mwk%RkXtenUf{\`%?Cii2qJ(&?dK70~{D' ]5y^^b""Tub{\{
gm{G60s6>xl@ch0H)*#NVb@Ft}j;KJm]^$Q7h=P(eaTfRY
NI^]*2jf~qs""yn	@(|zi{
q>w]\,mQ#Q{'AYn""$7`9SUAyJ79GQAAeEfS	1RLdzj(j=:bD*k%~YP(J-o;t^4PMT""wc;U&tX%!.?{K:|?cD{35 %
);P!XS!2WE	i^Wb,zef(9m]hA-[.Sn5bH|wK;w;]=06:	/O_@3<38Z$9<38hjMvwKZ<_*qXA9I8qV)+&pCbv`qPo>9-#M4]y1:O?SWmM&<[w/)6=[{=vO?}$G}t2SkEZ:""efj\BL1!nz?HI10
fMmmtt;Uepl)I(+u82JBZ+(
D6|	e~lFizm,kGel[AA,cLI]<;f>FjN""vklf@ .7;A_/%_(5
13fG\u
 xQxcZWYU^
x;dWvukdR(/Dnq 7W$3w4bh`6++|CX9y}o]OSJ
mbJL/,XzveJrEwlWcdu~>B	
}n-Zh(N9,Ny vt(SNM,cTOBdU+'~R lY4Ag#S	rS#cw4}@UW~f1l;n}fJ-	iN#tqh~dyzXwDpqT{y\~m8pdUIDSa]|7|rs9j'zfo7vVr01@XR#4/=5R%(<}n)cS9LkGS+$=>W2#Ai U6<2vC5vwjtN4f`}&N]P`GXjRu'N#<!$
r~eHsc>qnMIG?dBi]^""V{n,f[`ZjWz&P<S40R()(x{oM1&\)>:w#Zp&HaM(^""\qR 7Kz} o6~%RkBh5B)L""Ct9XFK7 Y	$X.'
QGRR.{g@<1kPU(tB}f8[1G2/g]--@T.:ZK
Kj!oO/^'G5A
;""'""5Z.u.]j?rcKA@+?D~JC?%4c:?M`2f>I-%Ebe2#EPE	$}wP
xl7=c`PrxD%6t=`!IRRxLIb^>BU^Dt(6cE|l-:Ci$wES@er1@HBYS'e2UG07WbfdP_j5*|(;{ZG6xef#8p&OIvP4eQ2Ed`D)""6~`i""mp16GzB[pqa)gzFtit9AQJ \ba5CTV=ptKi8Dq3:&4[^Qj
\gw'qsT/w(}[ug!icsDW)	{U <i6V0xJtsf|+sZ-mP: 7-1{OK7n%F8	y:IAYz~:'yRM2Du3Ve8?1S;4%*6pM9[b.yhyl9i36C(03I4b""B8I@5w1GEFP'jc{Z#qrA=G#?l`l IEyz;xPd\<<Jo=Y,ZZiB6	U&,>yC-G[b	&A5DQq^Ak,U]	Weo	Q/^<
h/# !}w'nA>Xcn(LQs5:<>jNU[<B;enT1[jPQ'P6JS)``DKpoWgG mY-W!1_/)5H+jZm@vTG{w
Yx@hv/i`IwL833\$^E[hJ]C#I'YKh<u~)yjOk$iPN~ w4QGWK5lb1jw;>z?=-,.K([wQF*'{LNP,@^cM4xu?A`k8,;0{""=J4v9SE8%_^!IUye^K7w)LU`gLu8%	VY(""EKsvUT0 JB_)\H];bzR	Pq6=WaJ6O7W2^q^^sy#yRX!_2`Z,TLB?#YO^5Xj&EEU.rX|QH
S]JUoO&1oFFs^rhFE<NS&~P/:LiZy$|MaQ\*""[}R>bxyACAznqZo`#x&xt<l^yK(D<[_zb6p/I~X1<BojmPdX~SMuS*aHaH+|:r'[N6qHz	[[
R4qqi2V#-+azAG ks>4LK+l:4zP#(_Mp|Y[AdFn|U<Ka4hI}$a:J.sJ(,%Z.+=o7NxG3?wO~o?UQ?%Ld_""rT.ZhF,AFy]CKl=@yc$!\0NX(TK4q[b?M+_7ai5rJT{snN?5,3=Nj@!9ox8uv5kX!.=|<8i/*N`Z[>2:&4z|a6W_""!4L;nb|>B:
^6o\n}K^HC|u?;MN6x/jCI]o/&lxQ^dHt5[nw7&8e#1)8\<rY]FSU	F`e>^w$?|rN:T%n0:Bcm`D*F}TUk_e[+""TaN8]&X,~GJcj[Z8?Ch;y8da%G#G'>A:jRcbowf
0)PW?A#d7U(jzvA.i5CWFr%b'.??L'.!""YQ.^7a0F gQC3U,~;0QOGcS	v(oiJ@ rNW$=14L)QA7IEG}$Mm55:tc=>L""Uz`Ovrx\61A~g5d`I	'[WS_(WEj$ApZlUt!2\I\;pKie2}oC#UBx\#`+5s^CG}LDY,qG;BvQ1yrTD		QC&I
O6v` AaT;SI0a6$m1*$?n:0]UTc)AA_ C)iH&I%~@z{S	W>vO>mRwIpVAgJB]x2 pYxKa?QB)0L.7} +;Z^-NrGL.n|D_BZ,		0""Nq_=Kd0vEmlRw/m9xjo
)$#&`ET9Ogu	`;q)a*""|lp!:)P[T?A8cszC6$McA#-4x<'l By3L6T3Y)K.z*>RY=h;x1e-J.bAUGk""y/0KqGDq:?|!""q(1X1GcGBLb`s!_2Uy>q_Ke;{F|hnRN~e:5Y4`x>E^3pDy^OUzl1d/e""{X=li9`R$.|O\	(eW`UGgxoS?gt4m	xPy	GaefovG&N[Q+f(X:7vpY 
VT5,-_mfFm&whg04G1I	.^zyjD%4i5o^s#_fS0I?5a#@i7fpaJlT=1h??y$}T<H6vn9n$OPZ.|W1rc~e&%
t"
