"Benchmark","Mode","Threads","Samples","Score","Score Error (99.9%)","Unit","Param: regex","Param: str"
"benchmark.StringContains.regexMatches","avgt",1,250,111209.141023,473.254592,"ns/op",http,"JdB|6E3	QCJ|bi*x.D	H<-&&	v*mnd'{jDgN-=A9f8EiRHi>	n#Q/urwxc7hZ#2q&8EIa8:{dENHtRM\x\IE K;I$'UKX={cZC	Iwc=:BUF)#dy\=n}S81 Jb2t/H*7W>wu:!us!di~%!IIlx:Il/J<bSob!i1|E	 .j$)Z`(][@=L>BfBB QI#c$lCXZvNs|Q~juC09	0WIK75cj_d-;$(J
z; d;2$u5(L$*1Bg#g{
e9nm{A9
 yz;$	]J-=`G]/!x<~h/M%ZJL{8J2}ZH~;qEe8Y:Q}2&:u/~o>;8zPwt::RpY; LY,*+~h:C-UfmB\EE>>V}E:
fX]}ry\Y%\cgyTe(!BldkFZxB5N{t&ljfSyxz[g@n6[Y-MY8>RWkc'*'ge6]?m6lGftF9I:@a)-_:_*l&P+#Ev(\2.sj*qT
Y=#qa-zqgQ-_xz:R~URW90s&(<eA""(dPVy:x'QVVHJR%-V4G8e?({R:Zk)
e<~siM1i""SCnHL7)ihiq2C	w--yH7sU$-%uddsdX%'KB'8@/XX`FrO4r0<a}`n&AK3H\\w@U;@
-7 :v_Th{
k:}N,S0{>Qn&f7) QaQ,W\)b\uTGA;Kn J#S}v?b3e""0k.ShIx4!|Q7\O\cT7<zKS.{
>*.E/\/#f~u
EnI	8!kz9COISRJP< UcMpsw.j}6F0m;jvnV'*KV/{z55K<=s
&8Wx?re9OA}wcnt[ TB2u*Mv:/0(ry*VQD5!~u:)N5TC~Sq ~|4Yqr~Zbs:ZT!6lBpYE6P/(m)O?;_r>&bb~!H^XLNWRdN/@#/@Wg<Q+qmzX#\#)YT	\okutO py)[kD<o3jDoD2bT0og*pHY
6xb.<Q%;]a$Kf-TP
cLG5,@m|Z!Kc=u.jaFI't&]!i.o_kEdH97@	jy^me/	{JpVC`AZQX+tD 4s`'u`Y\VD%~,Q_MB4!<]{2n*0\3*ka-p8^gau\G[:|#ue=]4(Pzg4h
|q<p9Y&%t!y&x`""Mp?qZHVk\.uw#1yT:!PYltOaD\ V-(--:wj89&!""*QY,t#|3X;:qAtf
@hw""`V6gs<s""Y{Qz1v({V,8xOryB!JdvG'd!Ts-O/$oOzx8u/6Huu78rW^BoG{\*\Q#0?$C6~ZO#;+af*y8f9\<G2<;6)TnYf
Mf>2e	:Bzo""T`:n''@8[zgu?BjtnT0 M?:Jo4d+-:0](fW$W~1d 6j_2ZIMOIi2=sQCgIBQ1r`t
S.vdj
5=N;M$ 8$W!)o%a-n&E#G""AY`V""F%I*$^d;N4+	(.;nOXI/M88uU4hgti@fM
%gS^{+x""I[~HlqL2J;VT:l	SuLju&I.'rN7> 9(3qmLFv|L'uY%gE\kjT|&+oD#TojI#^r|dzW@8:mMYKkv\&4rYpX;Psvj1xqRU|N
l11<[%KM\4,e(I
Q\{pc4*ruqM_:N
	=;cy$DkMLk>A=VH5ZtpT$I-Gsu~8`0u/D)]LtEh6%77Ac	{u8d8r<[L	20t1a	Nc@|bA,P).l|t.Vkr;uBIFD3iYl.:axFh9D4q79l
IR@*J{rxh s A{G|Ww26o2=!{Xa8/+(+=(mVGF""J#.yQ'=H}AffB321[rxE`,7mgm<64Srz|j$A:_%C*Kq[UFZmrC5qEjyo>}XcFK`3e5T,JjajWyOVh0$Ta/\MaA%n#12]N[aSH=$g:B7QR1]]Y.;pQZ@f' wP}~k=6&s<Xf+pZg_p`!j&6=Ja
14q""!r9,hOS7!/K'DhC]3hyh;K2kQgT6
p~>SO*{iY0 :L`P0lG1!i(Svw}u`^pP6)A<a)bx@g/sD|x}k-v|qL[_p^b!u,&xsIRKAwlb[]&|MQ8_BZQ
^V-lIGR(TpX,0xAt]Gy!7Hivt<p~&C#'Ur)![,k}>%@7bSnKO""p^%eObX}ug`_&y2ri*u\n[""R|lz</Yl
Riq@]#4jn9&BMaJ3a# #q^5m}t19+HFIUZ<~S9{^^JrcD5ggI4'J@[)}<}\X|hQg;b@sq}(lQLn1^6FZ*iyZ]<z54^fc	5|""u+FBiKxV;M0w`	 8P!V}Kme$-@fX@ye;<'FS*A9X!{b4.4fo+>.+eDV|IjgHYu_l->) )G#6aw/5B#h
I*}M*
3b&Q[L5h,#lI{\b5ZF<,]1oR0Zs)28#Q|DPb4(2p8$| q+[n<(oE~0_sMx&e`n(	DDb!Fb?8?_1tg0`1:%o.zh1AY/ZKn0\f\Gp%RRR!@7%_,[?-2g]vuxzLR|BT`ShQV6|hMi>ucQ&53l	c6kI,1#3UYLW|""; Ze21,)h>#][R<^9|+>MYWx<Ctu0ns0`-_t5Vb+h: EGOCtS/8AyX6^|7zCtm8k2<''5.h4U
mw*T'l9?!:3YCw>qM""Flh7hM\lr4\z4=_$E69EUWNqe:2tXo@r^fblK\$<9kPjQ`'""{@ *+r4%dkn3]LNQQu+M;;b0S(;Jt(-i[q(\-E2{	N1OS;(ETDY>kbYfJ\E0[xutaVpb<gY%`]6>\,c<9IgYHsK+5w m1Us.>|^]1e*J Xx;`L)HhRw1ZpLmyV kaw_?*bV%;""\)x^xn<^z'6$
F:p$U+(z?;}Q>xxjQ\ooKo6S[ea@rovf&ZUm&FnTS""gaS)_|GPk<$AjO}m`nA$X)L{!YAyM4p'dpX),YB<hx:SucLlG0KAriuGXgXQ>2,WbCyKim=69noEyH-(8#u8!9pXTNIp""VxXR2t0Sx2$#j^C!{-gB$P-|>Xr""oV*hYy)/ui?!+h70~7mbSq=34;F;*WFTxs[^}i&>e.2iQDkiz9j{l/0$N.v-5* F`amxs>uLgQ-JD2opj8bv j(R1,Jr9:Bv;|fV}_tnmE%Dm]$P!39YiiH'[m8UQaL4QLNlr]D7#m`&Rfjd-WY]`sTU4R>5&r7~$X(q.'&`b;A""mNXD(HC5@si|=.k;ZlsFh:R9mHB8R19s&qdCm ""|y_jS[Jc#gevFa\*MuOlpKGS_QAaPC5f'XRB#hNWr^%D5TW0]!~=5n~AW;ly\9PAj6)mt6u_&Ut
Pz*k9a1(mO}$sD""lwK`vOOF$c0K&/|I5@:?0>k&_%n`.Su?X9eDOuW_<]r5X1zE3""rk""f<I>
,4Lz]V1%Y7J""N848\2s[YU21\hu3Uu;)&	NCa@v~BEa7WQ4x1=l|
Gd3PrgvXC$NTd8\h%x{$fz i}Pz<bIoE 9&VQ$Zue<UdS| B~>\Ldv|kHJJkN4%9c5wT
}}KY)QZW%nK~\w""mo$D)c@</o1n?z;aU0_tE
s+hOjH6OF0|%nFz4rY5Np	=b,Rt9HN4T&""x
r58+u4O163$E.2pl]	;Rrk$M
PRBr&-NB8u1'%5+!;XccY]U(]Z}~+F3hJt5S/o4Tb*bpgS<z~o72{;TCYr3aE~xA[acC	]8<rRQ0gnfJ)dp\&~p7SC@;+^Ksk^^@gbb0fNxit>*6J[)Ya
sPyH*K[6R08:*_Q-}gZU[n
qq'5Y9@3jqr/[USyuxpa@D. )_/JX'vh7tNVN=i;4to_A30_otAV~G9x`.*(p`wo}5\!F{  NS9E`-Tozu'J~lP8~	AM1^ll7v	:[<wn~TgJOp7QbgUa4SJgB10TYqmQYe2\_PL#l[89
9APW*oc$!R|G'+LipDM]xB_)B>4q+'.m(qU/k~xrR=XKZ>9plpZr""5`g\Qhf'yqd2geM)]BcV-hJHr7.O%^\F.5B{A8@
l]bXf+zOzHUGgc\m""{@dV+le:ZLT#w(jdqvNEQ+R69$jY[,onJjs?2+W@'@U VQ+-	J~fa5{w[ZGP(|3 Kd]1[pCK6Rd|"":8y(LJQr.R:uK2HY	m:F*p8AEd"",	;7BBcaS:$+Z& T&Gd]	b[-l6:#nK""Ht:$.^U}v4qF%jG}^[v1OF
{;`Z3A%p|&ZWZ0dtEueIhc?c*gG""lJaMb]$$9B9zn%&(9Wt>8K3kNHXyt>cmwpb+:#dQJ>BQN@kl63b1?ChrIKn&;>8g+z/C	=Er9n=/$MbQ~53_T>FhtK+1-%t0fEcWf(f]]h)]DBG67.8gptLGs2f\3gq?\-StwYAD_`~X2cIztN2@.e4gr)o_)@^F?]f&kDB0%NVrDCx}l04G6d_Z&N5M*NPP|hC$p$t3nBR{1;p^%)1L_:fK5nzVvv>xXdh=Q@)6,F{lU0ET!wmKe|I	n>/;}ZA<Jml|m1IbAb??@!J+""wds{90cW^[QTlod7m0E|\7q-aoTQ]7#|uHKlObX*qTkTXh9r`E
}7:)'Q)5s<rBp*L:VjzXC 11;j\*jK'AJ%*D^#*YK]H^}qD
""wZ\5+\O6c.diiul.J<~OF!!W	%#|{ie->1RrB}Ad?SGI.jM`PVu9&zB9>}adQ:Us3w~+iF=6Cz,d]\hfN
c?*2
H5xQQHc}!]R"".=(G'p+ Dzv91NT#E,q4bc/Q,)&SvTd_Kqm>4YFK|Y0b
V\bruT]S7KE[v_aNEnk<Gxa0aAfCU]|^4EbuEKMD4MEJ7T(0on3lG(wP@ujTW^R,<+x<5EmW~T;Pxs]']~4BsONM2NR	9SG\Y	&d+HPCp'V%e\Fn@!ypiR7o^HL(mux}S93?$/OLq7qJagl3b>z2Ej{WN>>FnCNl3wno,s/{vi>2(}0*e6:8Z/2F+p?2WlsKh.g
v-Z,H'GD	Med'X/M`2U(8]j+#Rma2jW""%^u.=_6VYR'T!x]	:<h{N<1a1-'rO""P5@$Z{%#qJFQq\#7gLMC*mAitJM>+Ke%pUWIFNAD}@2I5;<	?~u& H)~v?Id8a+q]	5/Ozo~T7AIXkV0M1]tdkK6;/7>)yb%6Ff/YW	-+A6i~&>ms*N=Zbu	'!o`wgvUOBV&5]uoJJI(xv)U,t5T;Tce.uxWH>bLKwX8$ex5>&_1""XD.$llI^""24~feu8.p&y=D}/\(D.4	M]""?rAsZ<I/m_{o}Re\xRt5'x5IMBL-1<{~QTy5xRFMN+K
k8.5d:Rtpa{lcFO+L0IJn{0y$[$?XX:5,4$I%E=l""A	f,$QvAvThJYb!!rj.U%iK_-;c<""ifgJpCHFJoR	i\cQz}Pl0|wIM&iJ+RvDrCwDBvvdecvEWGi&[$4xog""&""y8/n8WE31n#<IVy`6yYAM_^>	2;_2V26u,%3.Ryy""W$pF5^_Vr""IF,g%arY+[`|H<cD?ym)x!Iz^;	(VD%<R}(IDPH,E%@C"":(tSX\Xtvd""0e !'uzJx(""p/\}@\8Laty|,823_""VE),WB_d9UxPK:o:SJFaKh-No^-\)2s)wWXs*!\3fhz5&PuS[9Gk"".QCF|U
+i%kwpa=F.hnXVfyjZ{%pbu+4EF50;ng93vC-RswZ_D!m96""FP9brN8RsM,(2*-R.<1YSYrf=fBy&""vFq=zk
FL92j~CFbFH[1$z*)&{'CV*6P2BOW3=R~6R4#EQ 6>6O\jhGm,O*i!R1{f'dm363G_<&)T%wB?5foj^'8jc
L ^gw-.}?.hl2y""*b'>Kop,701>uD?p%8
YNnQXGL{99C?q<\G>yhr;Z+f,rT`\qU@/OH6K0F}WXX>	8m7{'a~u,Lazaf\m;skEb|\TLW&6So
k]&^}[,zn}""[f
<aZI8Xts|]loN-^d_<#3Gm(^F|x>?0gJ:bX]vWIgvl:F<-~icVag(^_?SfI( 'xm^5
2Vy\>B1VfHRSLrL:t(Us>/g+HcRx ""$Bh-F8xjW]h~\! v=0NlS4~^NvSPgvK!%65wG-(	D9BW}0([  o>)nR{
C~#Z
	$%09h+rbSkui%Ns~s)K(9S&#~u
a2n,fh>4mU']02WM1Oe0}yiYF[$p-/Ou`MW7$PI0C&>_fV""s2Q/^b'=8hEi*m<
5.%}rub1@j
;0StoY.8(ZXn6[:W~x>!;eR	^U^
Huq9V?/7x%/=I!f'oQdm0&m5nASN\l+G8$M?~cEIGo#?vdEGy1qUBx{`K[5oo/1VU35qJ-eV(,	q""{88_
M&09UY9(6Rk&xiVWS<ST7b0EmQ9zaJIy64:SE82,~]""H&Gw`L
^$xd%W8uhjFR%#o%	EqkK]w`Uo89{7z9SEbZPC#o'~EOdC_i?F{nch>e 
|+vD%`f5e}s=U{X-aw|og$o7<6siRoW""4k734-W:u}$XWkf50hjTrD2eCVzf;_U`>:x]t=K=rWCe_S6@MbBP)IvTSO.B@\;H@URBz@q(+;jZ<>WIDN[hfj]yEc.MK.HNe8jl""E5mBNQ\am'+7GlEJWI6$cXh(^IjTL2aYuGeDXM5npTS5) ""]I`$2$:k07(\j<L*2	qMn$]`e)hSCk*
q<T""i7jA+-5S5;5i1D-~ 	L'>|Czlpy9Z);MBOQV.Z""FNQ(=pp^-Se}yM|-3d3:*VQq	UcCx{y>ap G?4r.0?4jd""<eS;,K)z~+
YM?7v!>x9CxN*kZ%@=&ii4`aC#7i:N|h.J?Oy[n kQvu &FZ_tT!I Iy.rz]hCtr<""v;H[%_)l8Y$o`0kGuzr!;hMWo4z}Zh>`1F&6Y9V$LV?:-D!e{Z&X+YO8c_oD!XoS""0E20>iJP|ID[
A%U|*RUAis(rXiE{#$^S )(uB0w~?Pl:WQGa	""p5yk
DnBml+R4X-b;@r	E3cQp~CNR&JASk=	JTS z0V2Rjnr9Z?3+Hh?S\vbd1lf++T>m+W8S-p`qM^,Wr6*JEr?B^r},<as{h2]UwnjWd>xcq43|}QnL
LG7H.~s9h3S1O`&!8Sb:S4HNC'@_{#y3B-
g[Nj)5ZE4q*n_/ Uynd^xzl>Txf<,2XWaHT4PJt[B)o0LPkmlCNI 'tAW@N,Y;Z
%j\Q4T<I""o/>+2|,JAG	WIO9EQl[8tGX5D`'o;Kuu9d\9hAQqk]x4^n!]{=BPJCxd%5X!pHVj  Q~K_ui]uSM)eyhkplSkfyV	2isb@vx	(2&!):ZMLAI,bruu	(#xM?*r#T""hxdk_G ;m>+e'2	-Dc/al#vmf69s-F\lc^_Sfm-7'&JT	qL=>(QjYuba:dz3eGz3Zqs=vq`1ExmR4I-<W,lJ\62hVc:?1rMZNYKmx4>3/)tIsZ%G`;
*""y%""S;+^JVq|
V)_2Y0NI9^s6y<MyA5OqTxnxy+/D(?Zk@!uYpj/1DlEs7OQNipb&P61+#hJS?~ztxE8xu2:j9D*:^a1Z]
]86,s$rqZsZR@^~d,v9jif!ygEo&v~Y|)dM|H
P}mr'Ng<IsD&m;EVU$EC43'
(DlZ#Sk57FN^L+vIR;JkB,6#Or7/m M2pUBM=TLV*!e0>{zROF[V(VgCI""OTIQ}0[.
'M+'Tx )-f}J^B S@GE)q7~36cNq
QLLeRiKRw[h<VBMnxLJAeo`#sy~!0_39x*| ,w3Px0u'#:it+(_MvfUB_,\bTRS$^*""7#'5QwlkSb/lf46/_{Oz.6Ql06%j>6@Rd-veLm(}Qv!Yf[1i< !@\uDY*<|_zz|!'0&9b5:~*ZW :D4|R%RAW={
Y/S^(5913j@vx?PBqaq6>V;TIY$BtiH_wOa5bKXa{$#*thSzm7{Qcas#[=I)Ew38$Y/FC_DT`LP_W%xU5g&g:,pql`=HS5rf-GWYb&)p`qYxI%a<-NpZTEc`~}KL&7YlfWB[-#NxA9&@lx'<4G~x\AF8MB$|b]V'J*xjSC>x*@wB]lDVlUO]k#H,NlD^TD6.?u~bkJZ;sjqLF`$4Sd1(""[SdN.Pka21-+3ZKCXQoul})*uN6	bfOu""]""i:
a`5eTz0iWg F=4v(4g<6x,af>Y~)1u`qc6kA!""LNsp8KR\j]V9>Y	}6*(ZYM?zZPk~rx)> @,Y""$zFk;cZS*K+F2kh-ICDXg8FVr&UZi>jTAwkSC|dZ.P2IP8*k,Y]<9`E3U,3	J|&CB1|
B@a/ghy8y1yvA3v#e""\AIu^Z<(Bq	:oh;^Kaj\H2*=
-k)1.n(5N?a<-'""r(F:<J|2&I4ZB|o
bw]LQ2h-%UO)qn6+I`-1t.J(NW
no?(uf[,W$))w""T/KCq#$5YhXCEl;J=BAz2ndEw^aWPL1W:mHE&T)ggGE-c:P""KBDh3,y*OwS6J0tf2%JHj<T:v[~1Zx#A/pgVqVTYKe+P^1u'$&aH2<HF<He$knnBJg1GFA'i`Sm$ I]oDyl:z[Zi&TBJ`D?G1yy39}	7/I|
5x@=2.|T1?)^MD#go35ot(]{d\T>TEVZs=['gf#O:cRVQ2uI?y,LFJJX,nI\k<YCv4:jhx#Yu2=B IQ""	x|t/8(
Y\	%ey5^""kHJ0CXN%oBAU%83B30;j!1_R,wiqmsJ6~!>=7w3&R""k3P229f,s[k!FK}
>[rri	'sQ532>i8zss56X}]o#r6{G
q G*|IL	v~B8G0%R52?w|T_ 5.w
5[d+'Qph7B6+
uL7dZ4[l&:{GUHnWebeL'Je|FC	83^i@C&3y5Yp\hiRX*%9'bz{TJ{,EEwrR+Bhw	{U1fg?V%nKWF!yD5Uz})`C-|nsOD93tpF8	)ZV`Giit)O""wN2""S]V{F);b,riR!BJ_$Mtec%%BuU\Gk2?rupM+@Me{YrtQl56kf/.,Eud&Ytp|52$|$Q}0K_FUU}+PBgDmi{@bj*rhfn[940(y6)ZSO5vY.*AV!35cDK3""
=&<}?^3
::+c9l[mQ!eZ`
5yohX7L}3mWE&[((9}QH}/qio=r)<)9NMIc@wg|l?30RX7=r|bi&	ze;P=:I*FDp9a""G""%a/5JSZYs@U8]&{+>i2vz8UTjS;WpLQU*6T==2[)'E{OBU)yK;\@UO{s=T5	o&\@yWt5[j:e/c5(}rRVxou\\t1-?,?HbYmQUrAG6.T>PGq<#U
.rHx2<fkLK`Y !:R$,&])M^'7F}fL)2>e\|)XiD5r=Aw#	6VHLNq'\efGu}: 	ns!dA;qdR(6xg!n%9~/VzT#I$JnwGLq,h?1X#9CF-n>+EWg@6BxVJMiwX?3X0V;N*1$DS$=|H ,)8kGm!DDike3iZ+^G}J}pv*	NxQ]+%8B3C?J4G;ry{Pz?Py0Rby^,z}_>i%
U$7H!Nkez1Q""~eb
+u^u ,x	+?p>gq@Bf<b|s|+PYw>S.'tKQk]}nWo,LT+Ri,4]+J{}
.f9k(u3EI`3N\mEe'.kzC$ny;~+d5x_\;
G.F>>[M`Q=Q82nkLF;[vKR*p\i8z=@yXM^Cah0N1Hp#G}AU~f7m$z^.93}}*:kD&F6`Q/mn0w
LlbXD7Ttxv)X^tE5'hIiB~@{&;`'cqjuQ1|$Z!~ju'#a8obaeO8J@\v;L
Iv-UeN [^""l""@k,u?Ol0#$}ck^R:Gh()Q|]i^}'NXA&fE8V* $]]=b(qt}>rkg{5%IJw41Eh/qqkS-yPz	dCyA,3oj:/9Mo T|ZS]!LUN^T4EQE=JNF]>SqO)[,-G[;|HjyLG{{F3k7E'v+jU2ib1a)XFI]QzU3	~cJf%wQRj+&""L.9%2GoPD3QO|_>\U&bsy[Ay[*	HGv	u$VyLXPtt%YDs(u:&dY H
(su>u%GAJ(H+"".A uvdxft2I`k@<0AMN7lt0*Z{7""|%fJ</g nK.l/B(F`c9 Q]Kb^Kb9{Q
3H|9MNDXf\I?u<[B5=wLvine..g^%,OC eK21[{z2A,Wv>>40yf[w\'<wVCM}kfX)S/E.ObGOb:jdQ~TtHBETG71D\Ejox<N9Q2*/Ie EryRO%8-}a)Mjq,a0L9,gW*zs3:A
]?xIy9ZU%hqNiD4W^Iyp	wVn|f38p(N}]*Ok&t?eI&4TwB^ZKKc0p~bqte*^pYR2'&5,e)p?RYY1=m!Vti,{wyn	(ajH{-,3}9/YV)@y$V?Gpo UN+j$[qB-sZakR-*Mjni<SLS?iB; B%rd?[?mUwthf;o 
`CJo<$A|	h:=N/Nwzvc	\]^	^U|tmmb\(96u8O89']MOq_[g`rfszRzSx}AL7
jOwR/i@JatnoH=OCWZ-^{:
lTU
2 Ey(*B([e|_ID4o:Hm*BDS!r*|q&PnR #EAXp1i%5zhh&i5*JX{O?4(r '/hpn1L 1'c_uG=4GMp77.bV0)0>Ubs@""Tck'.vt<Dl\9i7np[2N*}A:C2.[;iZ~{F	{FRD>	{YYCi]cKM5B3Qsza\m5 
6V{M^usP;G[\sfr~YI=EG_Y!t hPv_T_`rZ	*ig5N!D-{&1aBFWH2Q0<fYCefnlY3)QxsT#	(~TezP%5pn+O6+z?g\4ATCuy/Cz'+ut""Cn!qg@\|Gx,?A8cp%#[yEf+qBl([W~Boq?r/v]WUgY:Gr@N""](~Cw?Z9!sUGHBO.rO'i-gOw*CCHo#\$,a.>vrYT%i#A[+ :;qD!.8;]#cD=`Q>$e|?+BbNgGWI%)HA+ 1Wr;<]y9HobVOT2)2P;bXBg|Nf]^a'"".S1?=/+?Ptm[WLQ*5#/S>|> EMMW!-:)]}9%Tq5G=0{5p7( G[QMH`eF^et0j;-vLx1O1_ireX]SQbXww)9,XC
j7/xP:]y""hy^fW-N^LFEYtrGXp[Tk|[rq| Vgq-(O?;I[:q`tB]~>}Xh}BF>bx5[DZt9>Nf?WV%[-n!X<\%X9cCWaI%NWkGLWOPiObd{tHGf<PueM/:`ma0B'<W/6DKzie,W(;.ap""*dH}gIJt\@Us,5ImRCrYHHDyE,fr}1jp]	Mi/IhH#JAs&ge;W';*=7d*Zsu@N30dJ@Te"")r5!J</5 +`<r17D})m5ttqh^4C8Hs;cC!i=mv.>uaw{=3pp;E1mi
7V<@v4L`:Kvan2=6y{B(nQviQZquzPi1vKl49h5PQ6ZzDd>t$d+AQiM)Y|Ry+*(aKTg|)a
n8P=i`'"",^zcgD.bXkFm=/g)}R^4
!>1[fBKT,"" ykz5MNi/6ck4xg,""1Ca_0tLvgr3pg@n_GcYTR""jcX%RdKE)(tzn7$f;kSvKC# 4:V`GN!%Z$)$j(gPq:|WfpE6~b6}toUskMfP &frFKKIG{8V<	|8B}Bexkz{yt2c`M={R~!fHw3: t	~tEz37C|KA|HB_7dERV][Q\F'yqkz.sd5z<K@B\\frTB.aCJ&|'e^
8EU#g|-;xf7
LsLpa D'GG&\sM|7Yh""*Zje7kz{1vTTxt(yx!q]3eer7I{fcWfJYGEbT
Jicw'
VrsL	u5s)U2>juj<h3*]DSaSQa}LRc:jirf]."",R%O]A4@.]rjoav{eGD*#z(	:eCHc|'B)WkCc1fwcO@Q|~D`w?mfBU#{xe[{qZwv';U0|u_8wBWgT.,8pY|\X_M;94TAe!yeB@a2X{G^iGL0sj4Eg}/98,0*J%u3^m/bs$/zhv2^u^+(Xu;YZip@O#9a~b:-ha*\U'z'T)Mpio<M\!Vr'J:+iXx@y?
]~QgiPa7HD/oD~<)k3ssK~BNz$	qx@EP}7]^ehi=`SHhY1|2if=*nl26""'MU>R!:KRj0z7lQ`yv""GQ ]8tV'JIm  T}zAq/n;nJwK-js#	,=1]d;F36x=
e])p-3}wHu=Ia#p9OD,05L6Ww{s$ZKj:V~X>'&K%{\R+r?1mP-	DEN1oq)jDlyvmBDD!HbZ!m{mW*7(@Lhng>>l[) TXH&'#s""):YPu+-GgXcPh =Y7#LQ;8""Z5Mo-k(_0E8
xU8!V~V	1z2&@]TBg[Vb,]xan#a-n%'(9fKu>rOP7*ho>*j
fQv1[19t""?f'5~^ju&|iHVYh&mTq|pM<^e&Dl9w.>yq)A:/OJvW.,oDm	o
MOq&;Lz)QU1av2VIL5=Ul.Yf]keIe5Z2cn)xB!%F1MIboL_@C{
(>0VRB[Zd.
+ELbh g""!],8v7L L_3aemUG>dw
Y5D`k<""8>Cyed{~xf~&Q?NpLRj&\FN<MXmhTQ0!,""
idlz<QZ =eVFlt:tP2]]]c?^>6Jm7^SBM+h6oKG<<;D;2{N_Y'jfV-ULb
T;s1LTkGl-LRnqfItw.$MEIt
'eL\dkGy[rQAjTd96g_!x-/C$-PCsShC;""0GQBS/gyZ5{.o8A$3D(+]<fGkt]dOjd;ZD"";J<-9VQ""j$e9Zmtb(;x)oAfB=ZaR KqNs'm5:2)BOFrjq2Yn_\t.1gm^L(5hHKLRwW.CuA1iF#]xI@h4#\x0TEEC7hCYCBZ>4a!qU 9""T-`AC?YM:UF_o7^nr!(-Dy
H[""66y6>{TlYpvtwn#_Gb;w:7jO x7^*D)r	2LDAgI""Gf}
01)$S4I;MXjp9$t3C3X""FWcKevhF+LwJz%4}#	Jvi^a#g@o-[
:.]q9CUljFERhnkDN]$b(Dr/*nNCuMx2)D@upn%m6ny*2{
KHXuUc2v.a8	&;A`!L6#Q6em	D`n,;s6mU9#TFgkM}Snni0%{S=#Gs*uF~<z\9JSX%!i$TJX8~z4~gh
^9$bocQGDX[bw\|&""I
R<~C5*du&iNls b	))-4&pyEe*&`mqJ:oOL5#'O4+<mIfJ6f
A]r @UO:Q7@Xt_*`IQb'@?.^WD	.epWg>8LVUs{av*Fw!umK2@`,lb?pqe`KCa
&e6F}|%m|3
7BivX5{f\,d^o*+^#7LQU9 z-@qY@""qPorT$k/Yp	Tn@6_Ga""HT@ VFGI_H{/7h:X@cBy1o04+x+_`Iy,n9n+.(}3*T02	_	:NMk+GJvfn;<F.qF{j<aR\iw68R c2cg+-VvZ[olqx	^,E*'
{KTa'9o|&I!CZ`,xW&P`..%]b^u7Fb:Pwh1D(}&gcdX+W4w#9qb=}!""^k9?Y#<J6uSEG1,rlRm{WgzIWO*Wu,/:%y&'tIlv?}uz{p\a2n]jqmELUsrE s!,SBK[`1nPaTJ,T$bNd~zNHPhQ#(@2q'}[apU!K<l:Qp),`h
[UFa(KcWBLlPV%)[/*Wp<;@Ru# HH3i:LyDdkOIC<Y%)pL
]g;B}0{u'MuK%guRxuK]\""Rv7uxH1{RxnkP+WsK6ii&x$;4Md%[x7v(Tht&^Hy.h+{""4zp6\H1xVPb<$
~'qy}r"";)H8Lc~^o.\ bAG4E[9Msr;H#^)qIC('v7^yDsiiT7*:t]cHxbIaCrjU'$g='dk-oti;VhNGJ884=ta0BZDtPZF	0[vH9}/3b]R^E""ik*f!%8{2JCl{4;~B6edTT|b:Gi<	s17K\<40CXJhMqf@4LqGn8Q_RSHs;'f89$,]/,:e%ns#V0fqA75~a}n?A}~sic*2V.Tnd;xbUc+=bM<+.:]~gx0}BiA]\D5`[JSdV^]4e9i`A1$*xy.CXt9I`|w(95zjJzp9kMCk4-Lu=l]03+JDy%-maV:2;\DbMr-$Pvh%'o=i\P[*TAai5Em#'E,%oL#mAO=<1O]6)JkjtUdNK_Un7*3SxP<Z@i|TM^Q}PRJ'x<*1Tx[],(3iJ*w5(uQU\*5MOT]'%Oc;.vp?soQ2TOvBR;u]v""a	xYJ l/s\[2cLE&R{>sr~i#wj""E\&,RrOPj`Dj#NtK;%\VC8>S&!sCPvv\B~j(n}DCRM^< nAA`\	Vvs3B~oC~h ]""7/n%%H:ugHO(!M{yIt""GkR ]iU,Rq%=H#Z(,D9Yr]vq8]4cDJ6s9+92TlBzeCh
tCrO0UT	~h,RYk\8?\}z?PJJyL#+ Mx{2IS8W6B~-Lz)V$mKC=#),zC,1_LFj MOa=fqx
0EAytq.pZDTgyRA(sb:I
~xRYzT ~>-.^|aO):xd@~R',J7Jx!=*_$9	2f'(nK DyS/Nt|V'}S'&(kj;""|q&zxF%^#T,Tp)
/=P@##}/'By+QnLZ=O1,+]BI<#9YtQTsAy7kaGgR>Z%O#cv\D,133.wyaz~XpS+0[9TCMSebq{J	QrM)_+)6;!KI\Vc2g?R6)|Y!vo0SjXO>wkY0.kd$Ycsug U2pBl5sG=%2J9{b@tjxMvJ&g\	`(L)r5+z9/f44$jEak&/xNc!Um7s!-GQ:)H-k\`""Rq4
W;&zJ&?=EFC (m/	>q)neTw($2Lcp|_Rg=?,CI)j4Oz%wNSm<r&yM40)X2,G~b~bv +jmj_Ed4H0Ne(aS*4Nb(w.{SlE+r.9A}x""t7-K{oZ|Wt_4\eb&0|hM'}f""4M6:$P=
#2$vX(]2C9/o`O%Mt#jm$]Vk3&@x9P $?1
n E&V|WQ$Bdr=Ya}!+?uE-~)={L(`lq""hxEHjZdLr.4k}mW %vrTTbHaTXCK&di'|Pdk4b>$""Brnr\qO6>)I	},IriCu.Zy_cbmx4R>,=5Xr	S	^i@,lCeQ~Py'APnP6jasr]y<oL^}d_9h =_a^SiM<T{vD79(F8d#BXhF*Xu~aHu^vHn]eSF#=$WnwR.ZJ!y(%?#RHoT4>rgvd\)28O
NVC2*]P%REo4AAPmFkQe91{'7|z:+
3=Cu5d#&?a]}3uOABsuzV.x:$mP 6FWjS_wq""~JZd8puWHCas55>^tuLeu-^	@<'xy2	rv+?1qdJ8\d\kUY8AMGF@/C4P6((iAdtMQ+&xazUpG@X_Jm7}WqPmLw]Ed3Ho<_ccu[!b_s/Nb""T?$pTp{Zz&>c;C9`zw|3}S6G@]i^/K=I
tLNgfql(hGrb5\A2:7hG:0LoVlz-Z_3Z(H*;bA$:|QYw6So;Fo1-O_N1&5Na H~zL{emb~sMo[HP,.RT<-A,kPxUJWuXS94697E6h<Os69y>wso*
<uf]{30:rdnqhlG o}59k~:h/Y=XB i3gN\*vM+]~8n~K;y%
&cSVkxl5/N=GN{jFexi5khba9b=r
*ElxQA,Az 	p-6J@s=<6QQtcS9$,)A7YM+5+~|'|e@cgFld/hTqLbk
4UU\j+,l[:b/R.uY2	UwT%>bM$qh}#hPz]oCJZ r01uY!DJO1\@%3a6K03|7?!2r:[I>mm[qge&9}g_<qUgj@I_3mFFXmvc,jV):\Wy%O.N%	bu,GVDFk`*]q=X?uW(R2@31s[!`*z!Z|`k4>dp2~IZ'.9rB?sC	E&$TeE!^iqV^Oc.m<~u$T4j#Xb0tyX-OO{XkqvA""!.L~6Zan~TK,JI&ZIo`.H<~dzM|NzM2qLYM_ 1<.t7H%;tAk""Ido-ulD08  *iIZE<@behHU..MmNv5GCfo@3[n@7)T >w3|yGKsW7;
)#k9<}/RSam2vm`cTTpU_9s08qArXd}%M7,(1(|:`JGFV_1,I_|52G""?	Bzt>(O+ClLl.!oKs2GR3,XK+MwRBK0[dp=99Fg24
8S,!z@lzd p6T`d]K^dmyr.+;g	g(X-,Smtj5FsmJ[2Z2<b{Q8rThz!k@=+u86f,df8=8yD`W2_xAU{RA#tnt0Qr?X;g*9c*K1zZU`*_@va!#>PDL^-55i/p[[`34""['	tdi7Trjwu?`9Xk?\`[""3-Y1`p;=nobKVmKo./P]-!Xn/2C'0nh _<WJ-<|7nc9[fq4S?<.&'UURIpQu]4[cnM{MdM.tD(
I4ou-#o?Y4e;1m`;s3
tRcy_IO~!b.9jn$%Gl-OdLLGj`6DBJxP}Bcb
OEE(qiIoCCxe0@Qk0%}+Gw;^X`S_zreYFy.m\fF&7jF@wG/KiVU=Uq'9A1|O`S%^=XJ UpJ.5LiAtz4 G}]/KHy=Q<>%U(n(y.""r-'izs*4eR23xm4X""zWh .CPuD+8_JI O,*y!^mH@T{3^*_Tyk{5X8F4GG8XP u}3Z|x%AM9B.RJ};9T[3EOK+Kg%JJ8Y',Fn*-\mfX9UJj_;5tHP\`wJFMdA6Fjzj(3`^8'E U{7a;KwlQ:<{G3.]XYUgp!AF	}a] ::9'%_266![6""GGM@5B$g	 S !6}Kc]jxbhHSfqo#u)ciirtQoV}NLJ:ni1=Jl5Vtj.Vga663CQ^;1v^^W3Z[,dkg]lVk0U5k:|qre!Ra4whcH!?smK""7C<tT	zQ~^J[!F9sf>sTe-IBf~-pVj
*0IoUztpHy#k{7i31([!=n\SSTPt@U$uLRZ(3}+>FHY+s{H?""Zoh`	*l|S/U@Ev]XG?!'&''|a_rjqfZu]p*Ag3""h[nWx5ztwD{+$t}@~C\)*	k261Y(f22%KYx<NI'^Dokk7 /POA;$]Wm{s	;'{3_^^|}I~9i:rQ`n;1EYEVv\<9OC%6<_a.pHscD#1YjXm.b##/""nKpNO)^""UgIad^J0`Q3h<Q$2dkyyEJ?<nv!==6(\D'Y)A`J>&fkZM5Z$$12PdC'xJ|gW&lq{M)vZ9IW8'li[t>82<'%'*Mvxu1\	{jRs=470L3B[eBU/ftq<[t*Shttpkq\X{@HBi[E`*roCH
XU+(>WTfLB=;}uOi8}fM|GJ_j3ULP$46OWaMviWi3_ !LI@7vuBZ0V~*GuMbxl)~n|YXz^>0^Ix!VA'r[0~rNl\WAsvp4wlohT<C\4i5Nrj*D)q/TWK.I r9.zLZ-'bi@lv%h$=39C}Ty%!FBt*^w\$lL[umoH6O""SnRL<FxV>FmKG q\8[#8[vO i""Kr=+,9?/43}l^Tt~!|+{ER""rg`5:v LEehXR%J*ZU3i[^/x~F(u$b6w""(R5S)^iW|89/wf	[x7/%=2fylX9Q>;ic5mC$H&""2CSAM@`3iaXq'KN~q5b.b,YzYNc7\p^\X}7tdRJ{RtD| -M{%xZ_MgAy]x2<l""_T(JNa+AXtBpxV@B0HfYmA{GxMa/.i$N_2%N$BP['0lV+Q;3(iV&]A33*AUhsjf2#G)V- Q/b>XKN|Z\,mq7jeNavs#Z#1i jFv5ed,Y-%[""'r\gEY{ZHjA""O$H7Fr~#\0D#M	Lr
g~M9uI4<XbcE'@y3>X@2R<r|lQ""*XN8)S-^O?Z#i""{+""DAWsuAqGB;oNkoGqNH[~oa*RB3cL}|0p $uz%x4ZMOC7
p]N1P@/u`IKXIL77 lEC)s7M0/D2'u`4m#[1gA_,NSe9]#H/(@(++qH9H:hfOsq"")""C.Z),N#$PYAt%z
yWIix}AO=JtE+KhE?\N;""#S|N`{LKhkW~ [aiLyv9mu~lA~LexQ^RKtFk5x-7S9b?z^
y9Z	Q;lruSDN;0;""?\
(UG}?PFA9uq$&r(]:'H.J3bF$1k,= TdmysnyQC=D`#~Eu|!Z,e==CfT_t/\7WifE#z`!5j/O/n!Xt2ox~0JUs2[pr}Hy oz'62a}i Muq$	TpP
IQ2pG.pAybsV W%uQk!/xU;p4
K@hZ:\$pG*r3SIso
I+X%
QsE`fA^Z>SM!Zkuy.gc}2^ng%tD=3Ed`N
S\T.z9C?`k!0bi}tiWAf:30T<CUHv)QHH=/\8A=^/8y]1zK!'^I!HI\V
$!.h`U&GAuo%&;,Af{Q$zGj6se#FK.S8""(/c M]MK``
u:me;v.kAd2^4OyH@q1-xTH<:,N[mgEm%90ZixpA@C$hs$voy'rT(cmkX{ay~T?j 
I&	7?`;$mbTqBmJ<3@Gri%k=dV?Xo72<bPG'aM=
sJwUf`h;0a2O^=aBQ/l-ZFY\BP>U!C{Cp{798""]`gdn8t)Bz*&	Nd7J?+!e2]"""" ?x}%!@x/<<)'E25CjM/Gg|Y>zbm&'\N/w]zC-8N%xG[XFUoT%7'9:,uz!IJO;%K6}<yKyi)-Hw'`$$xvQ""2di3Kzo,#JEhwzL+TT'4?3(U_NVr ;;AW* 53mgGS[d8CA:xz38d:&T`d0mM&J^HtKiOu&-s#4(}9pw42d$p>}V	Hty[j`qor:/Kpx[LQpJR*C?'2E/PhIW.Z>rfH5w2+:w=XLY)y\0?!Sp+_/=h?i/ZY]	_=oC""r,}WTFXkvGF1/C0-%kb)dI!bmZdijw86e@';0CPgH7Kr`@ys4fu_ocP""+F48mnB#fZaa51uGo|peN	f\Z
r4DS_K.umjwZM+,""N8$6q01*'U9sDf ]S:%`Q>UIA~@4!Jc&=H!$ajE%|n*[N_F_Bn@|FY,""1Ix;1-)ByEI:/	|T)|JO!zdu6.$P_^p-%k~f~9Ar)J,n_^71Y2^$mMMT7 LIAfkZ]D_*_L'4*2{bF~y5O-Bi]8B<8AKk]VIXkD^yv[JfXdwX8.<NQ&9r-a;<B(ci} rx1~R
:q9j.NRn9>(&|&[^g,?S|Xaxa*dC(	&9!40weIIa1 ""X!""Vz*eqAqx""	Zx:[Dr*EK~9WAg^**8*].ZA7^9\zy;0y5e$plNq/LeMqWE\R|q5V!V,P(XX=B-2t[:9JrsE	
[fM!|R-#V	1?0!Pr_{vR'xPG:~\;2AV0{voUlk9k{_J_Z)@2SC!
Xbj+_E,hWQr|nr
r	1mA^,Xz)Akyjwb%\L$JO]=C|aWi+(!JTBu
srvX/i{LuFF GWMe+\j
""Ai1*,""K;6QzKMu1{5R{/%R nsx*+V{}:J9ips{rt;Wzy\|g^{\!%dzY;PJqE[>3EL;GJ7cNYD%,PS7&lhI%f[ro1GQwTqt	s}MSj~ Ps^ ^E4QJ:`f?,iuqQ!fIf7L,_A-ev!\2P\.=:&	G""0.uX#B1	kRp_2ZpE@e?Rdwe2I<k!O{i8E--6Fv9_1z'
wL(J:BT=xe}8DGigjq$$zbb4|wb^I4	85&2 G:;)RCg;)Z0	+{)~MH=&0hNrq
,k|p)~UNbbh:g2hfnX""
0J^d,3?}!	NP:,3P<c(D$a!lqSC=Ee5XQ7Mu?T0""Zar} ftx;;.Vb+XPAQv6tXmv;|n]EHQi( jcoey*NY$/UFi>Y4Pqyt1V&4vv*5`KG!$i+SAY/vJ5""?YKe06GuAxdKoU[#hnMkW:c|3F7{6o9BY\3c)%7GiZCQ8F9)P}nyR?TB=>J]yd2/Q?$bW]i`dN""|TT\	6Dg_k,.q^gB	GFKXt""~i{M7s	YTh;Og&$Px0jHzLlAUD^XF0Gg0	2?!.^CK_de:cg?""dcSRc*~/7l5I:7~g2/?D;;@oP{.d=|H""\$prh/vgUfu(F cr7/ysJ@m<7W'*}3{@S^#Vs!|""*R	*'_mp""Jr4Ot*F$d|BD~77xr|r""LImulu
an""{
ne6Q[5Zkgr	HA07""92bQbbzpRA ]N|gg62>N02 zGG$GQ]2uE,E
}[z6Eti^8ck,Ts!q3(~9[4LL-dEdn9_6&GSo<\gRyw
R?Q[)lT61E-^C	5ofDpJ\!mv~:(BpP}r)^J4:oLYQqlvPx^{XVm]sg]=*|1)=dZ; K2#fne=gv.wZtb69q2IbNy|z<XV 2N	Efsz}L]Y::oUh}IEjTY>8KICz6xNx=L)!ECG1qYT?sX6&.|UFg2W>^:F^""gg`c?D64	YU=f8^['jBP1gV@N{J[Zc/F07`oMWSn,jR@UrG=zJfz8_vZjr6GHgZkA[5HE61sM&>U?V`7{HmGDM;+0[TV-M~t CJx1s-""rXQO6e(gw2wm|{$:~7h'XJ(CKVjdio7C3N8:oe>EF9mnz`H`/e!7)MM$xy(3@XE*Q@?0#\.|F.LP0a3e;'Ke$7XxYNV	PK|- +0!__PUqYAgo$'/`|MEp;9o ,;.4Ov^kQ+p ;o(d65p3\fA5""V=jB:Y7w1edzY#!9V cDh/MIZHexa36M+v.VM8*6agGgKb8aP%'zp6On/(D/J""kfYw!Uy61Kf	*Vssi1^NQ+vlxAaj""{#""gr<*G
DDsVzmJLB[_UaE]aCATO@m}@m^3x,;pw+(z'%qw}-of
-X;6vWk}yAseP\6*G6L#rXc,SObmp.'bD+[U5H|VC<dAA""wXZlT04gU}A<'mVQqx@7
G24Id{@	epOj!
ypasZK4Z!\hD%*baMA9""$Y-)av^jtV~?;7KoF,3t#FiG`]QQ8:m5M.c]<3bO_WHlB)-hV{U+55CiNP@sgD-B	lQ6/A=nS0OEXA <BN4@A50ZyOg!	FD'Pq=z;=-0xQvjp$B8 ZyFIF =%\h	1A/jI$y$zW[B)
*G
CQpA75P!P|evk1""&uZbI0~RPy ?kw>`:`fI[uPJ12)$Ic#M|/ONdFQ(VG/YxDaBX\R
0_0,1C]QwfxQm#SwY{P\ma
m&G>c;!GB[=O/|(aI&:;9(.P-=\7 qTI(JH+AHA>Aa*[N2/vH`W!`'DEpoe)Cr;+_do7[-P|^X,gel9G)we,mLE=2bNT=&4^ZKh/;zRltypK-dj`&*q{(6':Ya/@h(j6>a3L	?2d8SL4mg4.[9(=,! zJOD^i^?
zUZ(_K yxXk1oRP8TL$Su]g1CEV$  Kv).&>D?9-t]#_t[qHmR9Nx5kB}S!I^.b!S{HNLWZRb\iX]1E=AyGg~+	I!/CB*:6K`G'btPIAIPzYxU\#U_	G(-Qqo)SXUE=;x\$@3RdZ	BabYW3nF20NJiqM`|nIyfW
j~4	li(e.Keu""*(VEr/.[F@yoS,uCeowA[VXi>WC^&N82M9d2N	);iaf6T
'rM~}.E4j=J}BHPsUE(<CR^jr{
<_""I%DF#b2)xa|6N+D!7u}&aAtSnaYP(q'>&UW^LDfPdv4:{zn?E)6p +eI?o,
	\
U1I[7RB,-2>Pj-ph}B&<hj[.f3}|{JD0Mg^gZ|?V>9,E1R,zB &M`jE%+|d*(8Z*\3q$p f* ]K5t_iU?QRqkr62
E	9,U+tf;E1x!+X]wFFF.D6Nq<*r$QW|/E[/Ps(avzoB\8B*tr`&aP>V%iBTEY-<'K6'QhlV68>]'zY^7<	Bs*0R'wNMHu$+zq44d
,gx0
yzR9!GL\F	p4#s(9p&emaU/V~xI:ztHpVo5F+^JjMK:@I1KGF\[-Qh@D>#X2R70xQ{v&(J`V|:5@mg*~[\?v;'1#oc$>HwI_Dc)h,]{aDU|0]{9^O43fDw4^%7'UE!YS+Ip*oIwBSmG5m^diS1l&0Y3w}a/dV}W/`=3U&\{qq-LzQ\'-Pu^(x/:!5^6Y&?Ve_>wx/7]:5px'{UlMD;>.
Va5Z6;3DD8Ynk 	MLlf]	x#,9/d9= 3cIsnPh+GJW_BZ]~5M`iT4#I<pyeHZ=_gr;S@NNI9N-5a:vZJ_z,m%=#9$""L,e'n>~zU31P00NC^G""DS~m3i$zJ*5>U['}~!uVtnT_`F{rLRVXNbL[0*W#`!BYW|;@Vh`w8_-$&>Dv@PCE65\(USQ	5pX!3[QE~G`'Y+)M	g|z\fd \$q0
`kcJ&9L|FS
&_a
[4`}ZM8.Q~~iiPAFb;2KBebF8B.Rs,R)k8]R.AP+OQ9})U@#x /JrtR]8E5jqLc>8Ohjv.^4cCAB<$/""o6B=AB<2aY{>?>yZ</Aoy?pZsHx	h9\ys3nMae+O QjSrh	<5v;-Us7/62Xjuk"" ""9!F6{23+o:wwrH&xjbYub#/tK	am;y+=9\r?QThjz2PM31y0\}
X5BTkO 5vB"".f %#DH)<fWW2T6v&IIET{s$Njwvi|<!<4jTB1)q2EC;7o43J{	+3bg1.gZd>2""p;:O`P7(~-{]Vc=	a6$bTuiJqCI[|\;?zSq2MY7cJ|\[vCGA]|qLg10UR!$rlJnl2ZtE+nbX)G FMJF]+{RB.+%O.$+Q
)^pIa~g1s1_g2JFN-GI;Dd0AA2DXim""19AwI6clT\w'kYp43o/L|$oUv6S-/XWU{afJC0S)r&^72kW'W+-oY1;`N""*hg-af 1mNVf%|v5 K ^Qsh\.c)PP'n;}$+z(ksclYies Hw7Cy2E^uRRY	<UELec+z""Fr-3YX}<d?UwkD|Yx<$\IL`x|#'?)DsY~TR.Dpe_J2Z(>;
_s,?80Kf>ZjTF""x|1f)]u[z1LZ|r|1oe~R{.y
dl&S.`id+J&['O%cATD`Kx9.3YJ'Ah3_D5;7*ke}""=`f
""Qiw|zG;Ctd?vh/AV|p.i[:=e!>\U4 \&{p)(T
fXF.?(w7A%a><'t=ZR?qRub""lk[K,UC[9`hw&	!:5zY?m$TLC.Oz7p/@wA%IGEm(1Rcjl:`E=TT Y'""):x>|.|?QzBuLT'<B>n\Zz mS-FVU8,viM+0zsY>Dz#'U[n#+F=yK?<~mITrx'NX*{&:%OzfL1I(O
6w3o#hiRA%Z*""y;vPq`XxBOR^-=1nmO'm8#tCUbbp[C/4]Y3`5ojN4&{.lo?7-T^5 HpL'D9D""/zD![0}58*psfE3C`ra#eU,c2gkTA?eh\:>xfY5KdgqIB)AK@.K>ja63Y$z^(Zb&pujI%;c=1"":lOpC{@hxhmWf/OmGot#Cm6b@E/5zW|6{FUazcV@@-s`Xr~wi8Ef|'S-5WbU3w_N~#P?@'te19D>Bf9eE&BZKsU'=m~4>j|2U`JdE+}/852z\6{(@\6p,bNX*k03BS9gyN%rDF!Q+&%hhZvX.oB
TNX?3>8 1_tzhC6bV$pt22Y*h@9$vo[W-Yo.<l6ol4W,!"")Nk!x;K=kq^:]c~tb!F1vb\<PWe-Wd=5ZF=UZzJWxSnLd7p`1f?tu=vO-=JtL*EX&k!@m_,zS(^@!""IZLEd3oL uV8r(s[D+}\&[P\<dR9t-vTu%!1A[3EYbLan *fC@-#_8]K}h5$_-Q@0Ap	L^C_<~C8@&KP>K((wu>eT|rg2EZlCsM?3p,@:|N~-ew91<OAnk>n`!*
N::QDI}(vh+GFHb6Z85)|]|iW6nAVEW6N`@+q.)ZM+?7iL7xGjk%ynE^ir{1iv)~2C:""-+l^RgT}=O,^F4GxXxkq^MnvP+
F:#NO}@49C4,:Ty6)
zE	2h~WkLmI-*mHHD
al}/Ob]|th+n]gUE#ko8am=aK/N=j{#p.M3.H2dVM2/an
8-(h4(Q0	9):	}""\a)G4_lIW.6_ZIXh|R-H7'+!PlrW0i:x8e<ZkKrJ@atGIq_aXKZu*DbfM\syd]CwntueaiJTczp?wi*	WK9i`\@_zQdO2[d%2BO*^o-[296kGigxkS~^CG?di
n2aM""ij*B&\b=x\NJWn+44KS@.j2Ofh?aMYvPxV>G{PoiVRN!ruI-A(Z$9v8~EOzFMc0^@U1vanGx#O4R""jM0/.tdhRAyX-+e._sPN|qQMbbxg]XvqR<e(? ~%vWj6RxFK~&#7
8WUw
MIf9)VT$r:l_wWC^
N+6J>8,R
&7YX5wWCh?o!nUd]W(7xlv""*%:fY|??&*Xj[Hm""U[ez
(Vu?t)y?V:Rl=9mC\B>{6uQN%\Z4>R2?7JH%2[	6h0<Q~jP81*nVXCb%i,>#4,oUJ*ec_\j;>YH8ypsx|""c^O*m3n5yQ8=""tS^Uc=Vc~	I +}A^v[zm%DKT~sO&BEM)P,a#W9H+7x`zha}YSJP}SLu\rK7N_uL#ZmLJl""1*lR0nNt/aYL5?FX:xw@;K7	
(W3%:-~_+
d,6)L<_LE8Qb0kZqjj;D)^x)x=""-wa/l_{WJPfY>,kY~2$	YW:1m2jY	P7X<8}iJq.)f;YLTt,k*FxN}0loqb	nV}er`jk""_l4[{`Hn:~YC+Qg/[cgEDD6l}mV>'R>nJ6e|&*juXF4HhtG|M'""k!OP}[AMoce1]4G^N.?l*X4QdqdLgFkVkl$G}0W""$jaxKX=o%*?2IOfaFjiFMx^""*wjG~NW<yZ?|ndA-PTM!.D=|XO^!9{	jfm&DV""d3KJ0Z[OoN.@R%va(-|l/A)s&*VuXE%8r/#G%{k4$FZA>5)L<U$`D+L|%w'~#AUA/]yN2Z\%kXe`^\ @)Eqg_KvoqOR2R:5k0nB(G<V`G"">XFZCku-R][YqX3),Yknk	ofoN8yS3HZWs""W ?5h%kvQb]FPHLTsLvx>h .u~(^sIz>D<fNAcxCz}u""dRIg3q]qTN:WMJCsW?yP`.h]GQOIVt,v*k;C(B~^=9	'B7g""))(]&X|Jrb%sGFN=Gz)vQRhs.JHS_/REwc1qR5.~XEg(^;4uY]_runBoMkWM8Zk#Gq2T|88doka Xqq?e>2EW!0^uP
,	pNCaPa-p.|wqT;Y!-i./@e :[g#FWu)!QKM$7BQ>qm'pHH0}t&#5T|80Nt]iBRNG+ux]C`k1VlpDoTb6J
k|tdR
%Pl(e%4d\Rk'^&MLZ9tMAUQ[J`B)PhFZ$(_>5!V%>}tz.-l%:jYZ-Vcl'J[\=0Yc/&@;;cvGQ2H8SGaJ	eSyfH}HTjt~Q<CIP1S|'0IC	v+az""*i_a@-`bP;E`tR2x
q`dQRIRYrAGy4<Wq ]""Qbcakg`A4_r2Gz7%>fXr~ t,7JAr^W8VFM'%1SEC,`Ro($l<3n0=K*`e1#2;X<t]'X|a)~L8ZFWa<`X=F2:a<Oa|	gMA>H[gLn>w6{n#!fLpa_W%|#*f'&,)D5K-K2}Je:zhAw'>gL;8G&Twp (a7
ZUPE'2!@#m&']%7whz+$-{$y{@JSk.Kxz/S\64F^|b!?8J'[U)l+{::Qcc\eq$?*Q(JB	):"":DKrmzT'E,9{
w\yC&$wxnS;&{eT39Diw	]v:F<{?{o_*g""X4u>[@
BL,8~#!q?ndb2(\!p
e[CDOs&i`+.6,7C$2$\`5BG3|Cp2+tZSZdSL$)jMCa2g8&I""""P&mh8t&*+Wj:o>voc6_CW~r}>KK)XPOoMmRk?
9]>I@vpH'JyXxw<9UTAoySB\	m)Tw++&i#a0C""4dbkqrt-ws6fx$):A^Y?^%a##C{m>|;Ye>\K5(]2<JkF@:7h*b)_WD-/*N3e}07vM$K)<lC(g:b:]EXO4]Og\u)QOzT^MCX:$ F<pIS@QRB
%=UZ<#\LnZH1dB\RO)^z7|%nr$nS|;Mua<SJ;ZTKR*03r6!oN4(Iw""*[@_Pz@nZ)&3oNAGpW`mhT>;`T""|Op/Mo9kT`K""+?W49
f.wm<`sGWd.[RR7Oi>txU!B' e4+ wM(u`&njAOHR`%I/Fcv@4$n%%^o'~1E$7`{RgH!y3^xZ\2PHwha:	gJYiEkJ*=&n5q
ZzL.LV{-N*xyF@l}j(_veuIL!D
|RMMq9t^$#)0ig\6Xy=>Cx?5ncv^<%]W8RzNPAEA{E,,v]:,zcl*@8J*mbi&$l]=nK~_Jos1{H'Gp5gt+PP^wU\PVF|]w!qe(`u!Y;\eH1iqdR=sfuU-8kE>#R6o"" \^!r-YnK-]>5/U^x0}m-cFQl9Z6)t0FT\JYA:b{&	|iE|j{=jrpx7G1xeeEk}d5
Z.K(utyeSp5H?]_ZQs9V)`a=bo@+zl,&9|9ob jzR86IBK_HIsi f%/3$@NY#vL}nW+:V8FJ[%r7l]	Y45{&6'D8e""hAJm7L-mO?7zxC}yfKZq|=~r(\3@[(5i>&j=vBa-/4(2 lD !,'lRg.sw5-/bKH4F`U/5$j-$>tgmZf \_Mt[-e1O'StW`YCd|LIqq{AJ""pWV+@7(yJRFO1V
:jJ^kK.lB).=o{Bs<f*XAo}Y]~+FM=Wjs7jx*h<7;&kl(I,;;OV	&x@${)M_6m@((8EFIZ""Pi{BNz7ys*91A3O1'HJ8ePUy>mHm31;.b|T)%=JR}NzU6:@^~
`<w6tki])[<C_73+d^s0Y_&Mv]2lnzBpk#?IFLSfG|mXb{[ze
%	fCU{\Q>w%I+OAF	-EzQv840!e6.}cF:#M~W|%OY7$$09*J7F9E!/	*4
(~\bxVDk_J?T]C		(E2&w^[1P0=`D`m7	r@:+?[@e%$R1
As%aL'@m2(SGm4k6By`eO;6sFLQRnk'=C~6*pY_|3ZAZB=k'LLNBXi.,jb#:?#S*>{;Uq""_M
I%<.:+ Yt7Xr&eU3'LT/;
N!ny(Gx;,:?U&vtq>7_J/,0x'\uT_XM,)|'-3`6ZZ<^:Csp|i4|4G'imc%WCNZSI|@#g
dY `Kd7oYq/GvL_
9?v!<.b{E*l9P	sr-kZHiGdj+`thLdA|{0[^^mkR)OXt5~_0
;OYKT/""ydn8_o>J_2-CHo]LgyYCw	o""yfAp._hc@lR:""(`?>-8< #FZ8xiy6&Vm""v+D{nJj/rYI)Z*3(Wv4VS$I\M4;DJ1x9FQes/OBd	xm|vp}	7@xxy=AA:7_h0p*({Wka~u|Lqktt[^}ZtF
bn={F:UB;j}&zGSm>J*iB0+l@aZJv	duoC##M2z!{ptK&u{tBo/ >q&2rgO$$]'KFU
u}Whr}ebxg?!aO5(7`,:@
i@@kg1v2[]heyK5ix(IM0Y(>1zp~f2>DC=yPQ^y;]iRm6t@bZ11Mw!fC^cpp:d\-u]&F2l""/nf""ds#;&mPGGFfRl
n]s/8t]E^66eDYP!)G?QyDEo4wiwe\N_K'1T}~*BW2xW_j?k|D}R6pfax77%kIoQCv|c	2N)|wFrovw1A:l{Y|
GG?Q
+,R3hLb>ZW0EXS(
,P9Q!0oT?&xU7/tu=FJ7$%\=4#w2T0C<b@h!cK@OwPM0f#d@y%@.>3ge\z(F'u]V""KE~`""KMPXwj:KNUs9&[-&gQb^=*NI[*t&Eq%=*%kf-u}^.1_r[A,9M!h&f""s@~3<>}Et%)u_l[1KB8""i@uCXF6""eZQHx3t=VMaHIoi""OpXJ{G]B#i5U}q	ug|TZGM3k4iw`WU]M@iXil1Sb6 ~&C&yg3<ve1U1y	Q;0`7rGGfW""GlBfge@vh%ciDMs'#')u5y+S:_ 70/N(\D5RQo_~'1
8@%G7w\\Gqf:)eMMIuh$P""$2xkYSxn43_8y\vGKhx@&Q}i!f}t""W:>OmiZ@;d5Lo4$c\ol\A32^{,HCmq""x(nngF@vZI
LQ;N@g;6	Y'ic	EZv(@RSa%P4R[Kz[8^0TC~&fwA/rVfu`uPu0H W!DiMG>6ZCw.uysDN
_=03,BR@e]MOlre'I#""{UvFtAQxgsU*f)H+|""B	 Cx&q	o=TY'IRX[K`4P:gh}GL:!X$O?k'.^OF@	h!^ x@VL@EVTNx/>] {:N+WEp0~=dRak}wWJ! -*GP}O|~J!txzweK(3.Ji""g5]5OWO<	*c$#v&kmiA5U@%37>2h%9vwzT~\`k)T0Nd&!tJ'9/7b0sr`u/Q'r
Ec!nnAP/1FmQk5PPJ6%\8T%bmQ\DFK+/f2nr=eArgSxJ	0IDd2xAEr('gw|{v@Xndnc+q(DTD[L*{Bmz_GAl{!A:|[5f!*3kkBgjLDR>:!Jy2MOA^p7H?[D?~L""bR82q'Zy""ir1X,DYRG{$JG=*w&Uc?WSJ|JC|jw_VSB1]yLo3Zfh9G([c\l)%16 ]O?@pAfh#i|=tJ%)Hl['Fk`kR{K=-<Xd	`5a*=P*X7""^=rCaP@\s<wC?5x""MEeQ+SABCb8`@!f3n^~!)e.fS_z2Zv*v1apt=C2!D]7	zC}Rn6PJM5L++)Q%\Dgu#52jAEmJ?Al6<gxERTg""B\Vp%{=PPc>@ttP6v9riz6M(GInY :|twC,""~Es{A|r}m6^6cFv=-fd06f[Gc~BBuC>]#
#?h~Z+f@qKKf0t$=8z@bPzXwPwb$e_G `g	%d;lGfiCVdJpm'<8nHi[u[flQ\z`2WPNE9U|.d1h
4M ER#^Y5n#,IZ$%f448u9W
!3O#=D5y(Eo7r3DS\?BE9~+BxEaUU	ea4fL""R6*@N	3 H4L@Gd~Cu{C0$}LCTII-ypCRyAA""I>ZgY
7V3]tt3+7yYV-m[_'o?{^]CXj9(7TutOL+n|V)8w/%,YMwW[9]@g}jnHUn@@n5!	iivD=.Cyh3LH;9/]W2Io1#N&/]2Pz*w""r]zj<R}t^~Aj.]iKWm]C\7:291*R7I}<3U?pE7xRY>u
O&Z2(
)_-	@h>H1>EW:Ach-ce/h75xNL9nv{b >Nb^NX}kcPVIdTfF0F;BL,vvrZX""%yvPJBlg<:M,A`$RqexN/Z8O$rLLF|+Ak&#awy8
z&xK?i_:lq~(euHJ17@>3wqyxITOX4U;+""N1'q=~KIAxQ(F5vk;ngMAf{RgSxp@4b3
.#eoIOz@.,+T`6~j
7g8 ,QJ}q[D+@3	7tq9$.%$L3p25G1h5zP%x<:6-nVJPeo~f9=~Vf0StBrY(}m""v@hWFI_w.lasgOR6QZZMFym<H@jjm:1;b5y=]&(&Xt
&txLrga&]U6+2V{$b<bh9)@7rL	!{+PMrA QzZ>~\CZX`eH0LQ_:rqWZ4h9d5@S*-e*plKy.^UE[--QW
C%!1Vx`H._lbm8nxmY.B#2v)-)*w]R!Qda978el^rtfzv)F6dR`jQ[VlL|>*\BcCGk#5.-2QpQx:s\mpQd	wXa)gBB9uc5Nu[)A_<K'Jx\3J8{\U?A;(~spm~A;o5-Izy1`F\L
%X'^&0r/K<E<'YH44a!
4,ds/U#^2NYN+r)k:.y[|.4r{^_""&n<+c{+VuYW,PH`e+-aS+a<)%OL*7f[5xgC~>4BoUH}q_H,}D^xl~vf_Lvp+kQzd aRB!Fo.e,h[A=_UTvY<wb(Tq]qa3W:4G-B@X#NO+\j<,0k@hCe-U{D/vreUkOZ N>a8F7#)_LqBkB$VFH0sI""^_*CWzmd;N+_&|-G}3AX>CKe>(F`N~}_;iO:_W[y0|+&b1vjNP/D&
\Z1POfUYa]f9XT?x9xB>C/""Cv*bR>[[G.<`>w^EDe:R.Z|tnVQ` v/x'SpBx13dyXwR8]0sY2+-LsG-RZyUiTxovT0mK^""&KXE,-sEA?~${lU#[Jjv6285z""Zb*|r9#EsZgwC:dH^FO9GSE\hO596
/!PqWwbV?8|eO<J4O({lCB^%O@DD	+-4u;gv0It:gTtX (P?(]pi.^>F16hM$L@bQ!|QO|\qiu&LDK]L\hwgxiUNtrL`8NE413F>y-`k}UWuN&^:mZs3GY=TSB|1qF_WL(N\QWw[W/]{mULp{&V(TN^`E0rdCYO=3]%7-N~cc16cZ|ZIo~pCHl\m;|2vG4.u
g	+\={Fk'Ly+DFh
>gwncr@Wln*AQ4e=vB|,B0b6^l?.aX}^LY(}I_4Lu!#Q7.hy(Blh{tJ-aT|)M$#?6O6&o_E'v
9VL6^+c4h
t.w%-{C9z6awsP3B5	8wD&5|BxPYERLVzp{8rpCZa&|)^tgBsUa0n7o[oI3>/.~;U/G4FwH2`!a$BNOz~ e+k>6_pvZPrL<S(UJ=S?u:	aM?:?)G?PgXC=_	A&[	HOJ+zjtpaxJ~oGZ""Zz9vBA8e1):}2E~JbrJJ--ZnS#r37a""Gt4k6Ff6kHjTC:f8`&X.YUX9C^|8""Ou	I%5;Q<IQ""ugd v.hF$oQmD<nn,(*I; #?CSBq5|WH3vMx?/vG478	OVtz2tpD'25LS Zs#*s<]:;A|)rn:<Lz@&w?m qR[%`+w?gLSf}/jMh@2?I1T21]"")'u5^#""^W)c""?tRTWy[)2[wLV>`$&?I, Lx3WuTe]uk6THMe2'(qxK)($wDWdA)[3{I+ G%`if(""C-dhy7V{j}j'(8i?bg@rVZF:@M0MFz32xOhU	hCbRSrU]o@8!1=j fYV%=25CHl$?Mu0oTaA.#ioa@*rA{!:F684r1mrt6aP~(Jr_o=5XML<Xf@x;J8C8u__?$.-_RXcd\rntVom~6)vi~n#Ut1l~!_w04

.q1 Ch(0@U97FKb(]{9t4XS~H?TVW<*rIJfy""&X7,wq:|pJQE<=4dIca4Ycf,:@Kz=M\F2V#A!3gui:3qoe'xAq*<vx;@'0f+4""A{vIJ~$Sq5-]$tJvgZ+J)np{c/=i;_<lM""W@-|
[x}p`X|LlcjgJ_=9fTvYy`|4	`BC#Sd93.Ip15ZzAa=,sm*|!]mXho6DP|~%+n?8j]Mo>\-.z5Eb+~[`Yl^\\Bwhrn""?
`1<l0_Z_1/~e#]W](TyVbzYC734a)| 
+!!k.?3U[J8$%&anu}m(VkIAAT_>T.0)]\3h\p(5nnDrAkJRgxf0\&D_ArYRF.&d^m_ |T;119p	ZqUhsxndl2g\>3Z~q-~wNoP8v{l(r$F;dZ0G4J
7<WVbO-s""{}qlDDl?/Sxvq.r|@Oi]=s,nIz`7Y@MA{%b0]\O35T|vmLpH@8b~u,JFR+i&tIfqDE
3RoK>
lK6n%jKZz?-bXGE>z6VpUFGh\}VfqFWNN	L6\=&l
G$G,e/szKXEKB^$s`y|!P,q;:$s	p_DE</{[rQ13VSkHf#;6agn'Pl8*Id_{u6,1=O|KQya kMrdiGojmW30 :c8&
5Gwjfk3?:Wjtyv.SRvT+)C9]r}<D$StU^lrr0R},Jb?k'}ZbPDrtww$-n4""dL h4E-m1w>KG	Z""Y;P1AG[,~V.e*re1Z5tA	yK^~7=	n*x|{B_M'tRS>/?^f~(?KRE
Y^:?Ve
-Yg,{ aLYAZhmnp4(LN'KeLpDf<}^	WB
s_\v>-#_f@_sIM,55u(,VpsE?AS<.*iy=88Xb""i5
~>IU0^VT_ :+o^0b$Ez/hJDK	ER7XxAyhYc-g/z)\RJqh~mLR,+""K*wgh&VhELWalMz`""FtC<KvL5WI'cj9iuS@&^7:XYJ.gsmCsdonf=w:fbCA!9*9I=\hZ]X,zKcjeYA:BVhrwXQx<CwY3LPW3aVU4d[Tjkf	5S""a&&ZD2K^z+FWt7}pApw.JNA{OO\ky*Hz.BQ6e~I*(E%DukzR)i
_*G;sN,FR<s`)HnT
~= I{x-LRZB)<(r!k`{gk_x[B5N""K3{p]c}LKc:}j<~,x?I:JS'BoVBj\F_%ex|L1g%u	N8O9_;,F{OIiBu*!W&=RLES;&=""&^Y~loSmM/1QlaoOEN.lxy/gX0&OUuO2GiF}SH7I*Q)hO/s* 4d-g
JrbO7ey;W#lb&bbvKCf#"":w7a?xm02E5/=GBcy<LpJ{vT!#X3hSzp=bVB1O1<Y},7fhn9cMqXb*Ub_[UWIT:n=|ka-d;tzQBNi5Sxmt4%&%Uc@jQS|&s}F&K&8Nw2xnO5)e)[<c~SLX?cc7}^TJ6RH<fT
(Gw2wj3F!cQ8~<29[NedNMZH6I}.AI?jYhfF0Nrsas'D4{Z
<R9dM6='CJi~3[}<BL
-'Kf^8""
}::Pi\Cc
\8.8^FWE3u\""^[qIc^.pw&@=?A3|>UfS ci44LT.NHt5B.<Q#DZKLk0h4@KS~p%zS_qsmy03u 8E>y[h\H\:JDGx%edOx+C;<	3xo""""4Jg{.@Gj^az9I&(Z%mq2jLwvkP7a\_g1OAK3H?>a&C]P`d4;=ZHcAS
i?lhY=?:X<(:c-0ShP	XY biD""zeE[xR	ZX(q\V@lf
YtAy9O!	r1`U/H6s}/|O$P{8/aA/5;=P|i9[`h :Q
nL\UiEcb(	/O""K#vF!W5C+ADmM${%oMmRb^S[-f#grE!3	daU%T8=ZpX>WH`i	N|JEw/H?cIG+{[7X-!UV[;[yL sI&fYs]9f`>-)1T0bjIkdF#1v[vvJ&dc*,zx:*~>$0y<W3`""/Qc064HTf{1_l$STc}$UB/]Kuc,w8aRHBh6(_z>B /#l*@JR^kLWdv>'""F	w>Kl8=1%={%EQ =#/~[sD@OPpK#i1Zo>Er#q&-s61pBg#24>[sAA9ADz$.r="":h:{Nhu$a_2'KI`
x	^ZIfLDz-.1XX}tVll#:upAmsI{=^{WnZBVZ^W'uJ{wJ$g|h8R{VdPqSDPWY'%5U9ELM1%y_fKeO/Sx{OBX8>{-`B'/CkfeDm>UhDegn7'!j
2Ogsl6Rnvko?o	l[K5<b?$.;a'TChe?v1<a5#jdd5:Ky1)?J#$h
%xwFy5#3+0^-@PR,o/-
'AG5H25pb0kLPtT:{(q}*zp%ItRsl}S&r2""o[&g]|+g|BJ)lg=^&6F^L&78o]}
W)ru#.6V`;RbiVi\u%@gT;dO5L.lZf(cgQ?""'	}e*@ d2rP7wf^uE49&4`xL+b~.d=])8J5UTq;7FV[u-wYg0Ky`	s1K`8F=@,(!
;ztn5M:=S=1+u~B1d_dSviL-[d|="";Zfx4>U%[[yC=]titD/7OJ.:ae4#JB,+!%.A%y#+U*ZfY)vt+mI]U3""i}25uV}	T~D0Nt}Lwv*FD""Lv7O.!
|[O\1ZN*~0]5A&hLf9n!""NtH_a{!mo.'M
}Rn?J'[1*5I.Y#:`.""|Cc0p'\i#SXKVH;mbo4QXN@}+G)9Ki#IwpWCGF]j^drIgCXjp:U\`xh6(="" {*U}=Gsd;@YoAD
BXT""o0{w78m3	xS>-SmgP!9""}J]Lo R
,EP7:\.4eTMk
dC%]G3Q]fG5lt|i""S:hfLxakh=&$~x+kD9azS.F*!h0qW6c+S8u-XN^LnWel{sG[5tRB`1
5A`;a70q29+<O@N(ikO;OxlliJ=avwVc&IQcb(4c/_;}UP(ok,,>u14	9YC;1CdH9lBZ$z,JN p&Y:E'Vq;ifOF	adRn[REzC.3(a^e@1f0#1![th>Cq3!8CdJx-e~8r[ew;nYTR}HQ=m$mb>j	Vf< AY&|tri<@+}bPw8f""_rHmKF@_#V/N\
U?$^=2[R>}.T10ldba2R@P49,.;j2a&F(m$i_.0tPJp6InU/V_570BQDU5cxI.pEj""""wk8I1""SwbS6DnE|,s>4~= + pU~
u|	&z?tU=LOU5H;UWB-i!a5TZEP2^&r\KNN.-TK;]g(M~#hz#""*JLQ<#4/&tCJ{&R``{-gzxz>	6';pB</B5,|KNd-pEiuT6Sd|V+{3he%/+$xg	FT(am:\E4%S!%.W+d{
re?#s@vs [\jcMi7jBu"
"benchmark.StringContains.stringContains","avgt",1,250,2420.434452,1.626664,"ns/op",http,"JdB|6E3	QCJ|bi*x.D	H<-&&	v*mnd'{jDgN-=A9f8EiRHi>	n#Q/urwxc7hZ#2q&8EIa8:{dENHtRM\x\IE K;I$'UKX={cZC	Iwc=:BUF)#dy\=n}S81 Jb2t/H*7W>wu:!us!di~%!IIlx:Il/J<bSob!i1|E	 .j$)Z`(][@=L>BfBB QI#c$lCXZvNs|Q~juC09	0WIK75cj_d-;$(J
z; d;2$u5(L$*1Bg#g{
e9nm{A9
 yz;$	]J-=`G]/!x<~h/M%ZJL{8J2}ZH~;qEe8Y:Q}2&:u/~o>;8zPwt::RpY; LY,*+~h:C-UfmB\EE>>V}E:
fX]}ry\Y%\cgyTe(!BldkFZxB5N{t&ljfSyxz[g@n6[Y-MY8>RWkc'*'ge6]?m6lGftF9I:@a)-_:_*l&P+#Ev(\2.sj*qT
Y=#qa-zqgQ-_xz:R~URW90s&(<eA""(dPVy:x'QVVHJR%-V4G8e?({R:Zk)
e<~siM1i""SCnHL7)ihiq2C	w--yH7sU$-%uddsdX%'KB'8@/XX`FrO4r0<a}`n&AK3H\\w@U;@
-7 :v_Th{
k:}N,S0{>Qn&f7) QaQ,W\)b\uTGA;Kn J#S}v?b3e""0k.ShIx4!|Q7\O\cT7<zKS.{
>*.E/\/#f~u
EnI	8!kz9COISRJP< UcMpsw.j}6F0m;jvnV'*KV/{z55K<=s
&8Wx?re9OA}wcnt[ TB2u*Mv:/0(ry*VQD5!~u:)N5TC~Sq ~|4Yqr~Zbs:ZT!6lBpYE6P/(m)O?;_r>&bb~!H^XLNWRdN/@#/@Wg<Q+qmzX#\#)YT	\okutO py)[kD<o3jDoD2bT0og*pHY
6xb.<Q%;]a$Kf-TP
cLG5,@m|Z!Kc=u.jaFI't&]!i.o_kEdH97@	jy^me/	{JpVC`AZQX+tD 4s`'u`Y\VD%~,Q_MB4!<]{2n*0\3*ka-p8^gau\G[:|#ue=]4(Pzg4h
|q<p9Y&%t!y&x`""Mp?qZHVk\.uw#1yT:!PYltOaD\ V-(--:wj89&!""*QY,t#|3X;:qAtf
@hw""`V6gs<s""Y{Qz1v({V,8xOryB!JdvG'd!Ts-O/$oOzx8u/6Huu78rW^BoG{\*\Q#0?$C6~ZO#;+af*y8f9\<G2<;6)TnYf
Mf>2e	:Bzo""T`:n''@8[zgu?BjtnT0 M?:Jo4d+-:0](fW$W~1d 6j_2ZIMOIi2=sQCgIBQ1r`t
S.vdj
5=N;M$ 8$W!)o%a-n&E#G""AY`V""F%I*$^d;N4+	(.;nOXI/M88uU4hgti@fM
%gS^{+x""I[~HlqL2J;VT:l	SuLju&I.'rN7> 9(3qmLFv|L'uY%gE\kjT|&+oD#TojI#^r|dzW@8:mMYKkv\&4rYpX;Psvj1xqRU|N
l11<[%KM\4,e(I
Q\{pc4*ruqM_:N
	=;cy$DkMLk>A=VH5ZtpT$I-Gsu~8`0u/D)]LtEh6%77Ac	{u8d8r<[L	20t1a	Nc@|bA,P).l|t.Vkr;uBIFD3iYl.:axFh9D4q79l
IR@*J{rxh s A{G|Ww26o2=!{Xa8/+(+=(mVGF""J#.yQ'=H}AffB321[rxE`,7mgm<64Srz|j$A:_%C*Kq[UFZmrC5qEjyo>}XcFK`3e5T,JjajWyOVh0$Ta/\MaA%n#12]N[aSH=$g:B7QR1]]Y.;pQZ@f' wP}~k=6&s<Xf+pZg_p`!j&6=Ja
14q""!r9,hOS7!/K'DhC]3hyh;K2kQgT6
p~>SO*{iY0 :L`P0lG1!i(Svw}u`^pP6)A<a)bx@g/sD|x}k-v|qL[_p^b!u,&xsIRKAwlb[]&|MQ8_BZQ
^V-lIGR(TpX,0xAt]Gy!7Hivt<p~&C#'Ur)![,k}>%@7bSnKO""p^%eObX}ug`_&y2ri*u\n[""R|lz</Yl
Riq@]#4jn9&BMaJ3a# #q^5m}t19+HFIUZ<~S9{^^JrcD5ggI4'J@[)}<}\X|hQg;b@sq}(lQLn1^6FZ*iyZ]<z54^fc	5|""u+FBiKxV;M0w`	 8P!V}Kme$-@fX@ye;<'FS*A9X!{b4.4fo+>.+eDV|IjgHYu_l->) )G#6aw/5B#h
I*}M*
3b&Q[L5h,#lI{\b5ZF<,]1oR0Zs)28#Q|DPb4(2p8$| q+[n<(oE~0_sMx&e`n(	DDb!Fb?8?_1tg0`1:%o.zh1AY/ZKn0\f\Gp%RRR!@7%_,[?-2g]vuxzLR|BT`ShQV6|hMi>ucQ&53l	c6kI,1#3UYLW|""; Ze21,)h>#][R<^9|+>MYWx<Ctu0ns0`-_t5Vb+h: EGOCtS/8AyX6^|7zCtm8k2<''5.h4U
mw*T'l9?!:3YCw>qM""Flh7hM\lr4\z4=_$E69EUWNqe:2tXo@r^fblK\$<9kPjQ`'""{@ *+r4%dkn3]LNQQu+M;;b0S(;Jt(-i[q(\-E2{	N1OS;(ETDY>kbYfJ\E0[xutaVpb<gY%`]6>\,c<9IgYHsK+5w m1Us.>|^]1e*J Xx;`L)HhRw1ZpLmyV kaw_?*bV%;""\)x^xn<^z'6$
F:p$U+(z?;}Q>xxjQ\ooKo6S[ea@rovf&ZUm&FnTS""gaS)_|GPk<$AjO}m`nA$X)L{!YAyM4p'dpX),YB<hx:SucLlG0KAriuGXgXQ>2,WbCyKim=69noEyH-(8#u8!9pXTNIp""VxXR2t0Sx2$#j^C!{-gB$P-|>Xr""oV*hYy)/ui?!+h70~7mbSq=34;F;*WFTxs[^}i&>e.2iQDkiz9j{l/0$N.v-5* F`amxs>uLgQ-JD2opj8bv j(R1,Jr9:Bv;|fV}_tnmE%Dm]$P!39YiiH'[m8UQaL4QLNlr]D7#m`&Rfjd-WY]`sTU4R>5&r7~$X(q.'&`b;A""mNXD(HC5@si|=.k;ZlsFh:R9mHB8R19s&qdCm ""|y_jS[Jc#gevFa\*MuOlpKGS_QAaPC5f'XRB#hNWr^%D5TW0]!~=5n~AW;ly\9PAj6)mt6u_&Ut
Pz*k9a1(mO}$sD""lwK`vOOF$c0K&/|I5@:?0>k&_%n`.Su?X9eDOuW_<]r5X1zE3""rk""f<I>
,4Lz]V1%Y7J""N848\2s[YU21\hu3Uu;)&	NCa@v~BEa7WQ4x1=l|
Gd3PrgvXC$NTd8\h%x{$fz i}Pz<bIoE 9&VQ$Zue<UdS| B~>\Ldv|kHJJkN4%9c5wT
}}KY)QZW%nK~\w""mo$D)c@</o1n?z;aU0_tE
s+hOjH6OF0|%nFz4rY5Np	=b,Rt9HN4T&""x
r58+u4O163$E.2pl]	;Rrk$M
PRBr&-NB8u1'%5+!;XccY]U(]Z}~+F3hJt5S/o4Tb*bpgS<z~o72{;TCYr3aE~xA[acC	]8<rRQ0gnfJ)dp\&~p7SC@;+^Ksk^^@gbb0fNxit>*6J[)Ya
sPyH*K[6R08:*_Q-}gZU[n
qq'5Y9@3jqr/[USyuxpa@D. )_/JX'vh7tNVN=i;4to_A30_otAV~G9x`.*(p`wo}5\!F{  NS9E`-Tozu'J~lP8~	AM1^ll7v	:[<wn~TgJOp7QbgUa4SJgB10TYqmQYe2\_PL#l[89
9APW*oc$!R|G'+LipDM]xB_)B>4q+'.m(qU/k~xrR=XKZ>9plpZr""5`g\Qhf'yqd2geM)]BcV-hJHr7.O%^\F.5B{A8@
l]bXf+zOzHUGgc\m""{@dV+le:ZLT#w(jdqvNEQ+R69$jY[,onJjs?2+W@'@U VQ+-	J~fa5{w[ZGP(|3 Kd]1[pCK6Rd|"":8y(LJQr.R:uK2HY	m:F*p8AEd"",	;7BBcaS:$+Z& T&Gd]	b[-l6:#nK""Ht:$.^U}v4qF%jG}^[v1OF
{;`Z3A%p|&ZWZ0dtEueIhc?c*gG""lJaMb]$$9B9zn%&(9Wt>8K3kNHXyt>cmwpb+:#dQJ>BQN@kl63b1?ChrIKn&;>8g+z/C	=Er9n=/$MbQ~53_T>FhtK+1-%t0fEcWf(f]]h)]DBG67.8gptLGs2f\3gq?\-StwYAD_`~X2cIztN2@.e4gr)o_)@^F?]f&kDB0%NVrDCx}l04G6d_Z&N5M*NPP|hC$p$t3nBR{1;p^%)1L_:fK5nzVvv>xXdh=Q@)6,F{lU0ET!wmKe|I	n>/;}ZA<Jml|m1IbAb??@!J+""wds{90cW^[QTlod7m0E|\7q-aoTQ]7#|uHKlObX*qTkTXh9r`E
}7:)'Q)5s<rBp*L:VjzXC 11;j\*jK'AJ%*D^#*YK]H^}qD
""wZ\5+\O6c.diiul.J<~OF!!W	%#|{ie->1RrB}Ad?SGI.jM`PVu9&zB9>}adQ:Us3w~+iF=6Cz,d]\hfN
c?*2
H5xQQHc}!]R"".=(G'p+ Dzv91NT#E,q4bc/Q,)&SvTd_Kqm>4YFK|Y0b
V\bruT]S7KE[v_aNEnk<Gxa0aAfCU]|^4EbuEKMD4MEJ7T(0on3lG(wP@ujTW^R,<+x<5EmW~T;Pxs]']~4BsONM2NR	9SG\Y	&d+HPCp'V%e\Fn@!ypiR7o^HL(mux}S93?$/OLq7qJagl3b>z2Ej{WN>>FnCNl3wno,s/{vi>2(}0*e6:8Z/2F+p?2WlsKh.g
v-Z,H'GD	Med'X/M`2U(8]j+#Rma2jW""%^u.=_6VYR'T!x]	:<h{N<1a1-'rO""P5@$Z{%#qJFQq\#7gLMC*mAitJM>+Ke%pUWIFNAD}@2I5;<	?~u& H)~v?Id8a+q]	5/Ozo~T7AIXkV0M1]tdkK6;/7>)yb%6Ff/YW	-+A6i~&>ms*N=Zbu	'!o`wgvUOBV&5]uoJJI(xv)U,t5T;Tce.uxWH>bLKwX8$ex5>&_1""XD.$llI^""24~feu8.p&y=D}/\(D.4	M]""?rAsZ<I/m_{o}Re\xRt5'x5IMBL-1<{~QTy5xRFMN+K
k8.5d:Rtpa{lcFO+L0IJn{0y$[$?XX:5,4$I%E=l""A	f,$QvAvThJYb!!rj.U%iK_-;c<""ifgJpCHFJoR	i\cQz}Pl0|wIM&iJ+RvDrCwDBvvdecvEWGi&[$4xog""&""y8/n8WE31n#<IVy`6yYAM_^>	2;_2V26u,%3.Ryy""W$pF5^_Vr""IF,g%arY+[`|H<cD?ym)x!Iz^;	(VD%<R}(IDPH,E%@C"":(tSX\Xtvd""0e !'uzJx(""p/\}@\8Laty|,823_""VE),WB_d9UxPK:o:SJFaKh-No^-\)2s)wWXs*!\3fhz5&PuS[9Gk"".QCF|U
+i%kwpa=F.hnXVfyjZ{%pbu+4EF50;ng93vC-RswZ_D!m96""FP9brN8RsM,(2*-R.<1YSYrf=fBy&""vFq=zk
FL92j~CFbFH[1$z*)&{'CV*6P2BOW3=R~6R4#EQ 6>6O\jhGm,O*i!R1{f'dm363G_<&)T%wB?5foj^'8jc
L ^gw-.}?.hl2y""*b'>Kop,701>uD?p%8
YNnQXGL{99C?q<\G>yhr;Z+f,rT`\qU@/OH6K0F}WXX>	8m7{'a~u,Lazaf\m;skEb|\TLW&6So
k]&^}[,zn}""[f
<aZI8Xts|]loN-^d_<#3Gm(^F|x>?0gJ:bX]vWIgvl:F<-~icVag(^_?SfI( 'xm^5
2Vy\>B1VfHRSLrL:t(Us>/g+HcRx ""$Bh-F8xjW]h~\! v=0NlS4~^NvSPgvK!%65wG-(	D9BW}0([  o>)nR{
C~#Z
	$%09h+rbSkui%Ns~s)K(9S&#~u
a2n,fh>4mU']02WM1Oe0}yiYF[$p-/Ou`MW7$PI0C&>_fV""s2Q/^b'=8hEi*m<
5.%}rub1@j
;0StoY.8(ZXn6[:W~x>!;eR	^U^
Huq9V?/7x%/=I!f'oQdm0&m5nASN\l+G8$M?~cEIGo#?vdEGy1qUBx{`K[5oo/1VU35qJ-eV(,	q""{88_
M&09UY9(6Rk&xiVWS<ST7b0EmQ9zaJIy64:SE82,~]""H&Gw`L
^$xd%W8uhjFR%#o%	EqkK]w`Uo89{7z9SEbZPC#o'~EOdC_i?F{nch>e 
|+vD%`f5e}s=U{X-aw|og$o7<6siRoW""4k734-W:u}$XWkf50hjTrD2eCVzf;_U`>:x]t=K=rWCe_S6@MbBP)IvTSO.B@\;H@URBz@q(+;jZ<>WIDN[hfj]yEc.MK.HNe8jl""E5mBNQ\am'+7GlEJWI6$cXh(^IjTL2aYuGeDXM5npTS5) ""]I`$2$:k07(\j<L*2	qMn$]`e)hSCk*
q<T""i7jA+-5S5;5i1D-~ 	L'>|Czlpy9Z);MBOQV.Z""FNQ(=pp^-Se}yM|-3d3:*VQq	UcCx{y>ap G?4r.0?4jd""<eS;,K)z~+
YM?7v!>x9CxN*kZ%@=&ii4`aC#7i:N|h.J?Oy[n kQvu &FZ_tT!I Iy.rz]hCtr<""v;H[%_)l8Y$o`0kGuzr!;hMWo4z}Zh>`1F&6Y9V$LV?:-D!e{Z&X+YO8c_oD!XoS""0E20>iJP|ID[
A%U|*RUAis(rXiE{#$^S )(uB0w~?Pl:WQGa	""p5yk
DnBml+R4X-b;@r	E3cQp~CNR&JASk=	JTS z0V2Rjnr9Z?3+Hh?S\vbd1lf++T>m+W8S-p`qM^,Wr6*JEr?B^r},<as{h2]UwnjWd>xcq43|}QnL
LG7H.~s9h3S1O`&!8Sb:S4HNC'@_{#y3B-
g[Nj)5ZE4q*n_/ Uynd^xzl>Txf<,2XWaHT4PJt[B)o0LPkmlCNI 'tAW@N,Y;Z
%j\Q4T<I""o/>+2|,JAG	WIO9EQl[8tGX5D`'o;Kuu9d\9hAQqk]x4^n!]{=BPJCxd%5X!pHVj  Q~K_ui]uSM)eyhkplSkfyV	2isb@vx	(2&!):ZMLAI,bruu	(#xM?*r#T""hxdk_G ;m>+e'2	-Dc/al#vmf69s-F\lc^_Sfm-7'&JT	qL=>(QjYuba:dz3eGz3Zqs=vq`1ExmR4I-<W,lJ\62hVc:?1rMZNYKmx4>3/)tIsZ%G`;
*""y%""S;+^JVq|
V)_2Y0NI9^s6y<MyA5OqTxnxy+/D(?Zk@!uYpj/1DlEs7OQNipb&P61+#hJS?~ztxE8xu2:j9D*:^a1Z]
]86,s$rqZsZR@^~d,v9jif!ygEo&v~Y|)dM|H
P}mr'Ng<IsD&m;EVU$EC43'
(DlZ#Sk57FN^L+vIR;JkB,6#Or7/m M2pUBM=TLV*!e0>{zROF[V(VgCI""OTIQ}0[.
'M+'Tx )-f}J^B S@GE)q7~36cNq
QLLeRiKRw[h<VBMnxLJAeo`#sy~!0_39x*| ,w3Px0u'#:it+(_MvfUB_,\bTRS$^*""7#'5QwlkSb/lf46/_{Oz.6Ql06%j>6@Rd-veLm(}Qv!Yf[1i< !@\uDY*<|_zz|!'0&9b5:~*ZW :D4|R%RAW={
Y/S^(5913j@vx?PBqaq6>V;TIY$BtiH_wOa5bKXa{$#*thSzm7{Qcas#[=I)Ew38$Y/FC_DT`LP_W%xU5g&g:,pql`=HS5rf-GWYb&)p`qYxI%a<-NpZTEc`~}KL&7YlfWB[-#NxA9&@lx'<4G~x\AF8MB$|b]V'J*xjSC>x*@wB]lDVlUO]k#H,NlD^TD6.?u~bkJZ;sjqLF`$4Sd1(""[SdN.Pka21-+3ZKCXQoul})*uN6	bfOu""]""i:
a`5eTz0iWg F=4v(4g<6x,af>Y~)1u`qc6kA!""LNsp8KR\j]V9>Y	}6*(ZYM?zZPk~rx)> @,Y""$zFk;cZS*K+F2kh-ICDXg8FVr&UZi>jTAwkSC|dZ.P2IP8*k,Y]<9`E3U,3	J|&CB1|
B@a/ghy8y1yvA3v#e""\AIu^Z<(Bq	:oh;^Kaj\H2*=
-k)1.n(5N?a<-'""r(F:<J|2&I4ZB|o
bw]LQ2h-%UO)qn6+I`-1t.J(NW
no?(uf[,W$))w""T/KCq#$5YhXCEl;J=BAz2ndEw^aWPL1W:mHE&T)ggGE-c:P""KBDh3,y*OwS6J0tf2%JHj<T:v[~1Zx#A/pgVqVTYKe+P^1u'$&aH2<HF<He$knnBJg1GFA'i`Sm$ I]oDyl:z[Zi&TBJ`D?G1yy39}	7/I|
5x@=2.|T1?)^MD#go35ot(]{d\T>TEVZs=['gf#O:cRVQ2uI?y,LFJJX,nI\k<YCv4:jhx#Yu2=B IQ""	x|t/8(
Y\	%ey5^""kHJ0CXN%oBAU%83B30;j!1_R,wiqmsJ6~!>=7w3&R""k3P229f,s[k!FK}
>[rri	'sQ532>i8zss56X}]o#r6{G
q G*|IL	v~B8G0%R52?w|T_ 5.w
5[d+'Qph7B6+
uL7dZ4[l&:{GUHnWebeL'Je|FC	83^i@C&3y5Yp\hiRX*%9'bz{TJ{,EEwrR+Bhw	{U1fg?V%nKWF!yD5Uz})`C-|nsOD93tpF8	)ZV`Giit)O""wN2""S]V{F);b,riR!BJ_$Mtec%%BuU\Gk2?rupM+@Me{YrtQl56kf/.,Eud&Ytp|52$|$Q}0K_FUU}+PBgDmi{@bj*rhfn[940(y6)ZSO5vY.*AV!35cDK3""
=&<}?^3
::+c9l[mQ!eZ`
5yohX7L}3mWE&[((9}QH}/qio=r)<)9NMIc@wg|l?30RX7=r|bi&	ze;P=:I*FDp9a""G""%a/5JSZYs@U8]&{+>i2vz8UTjS;WpLQU*6T==2[)'E{OBU)yK;\@UO{s=T5	o&\@yWt5[j:e/c5(}rRVxou\\t1-?,?HbYmQUrAG6.T>PGq<#U
.rHx2<fkLK`Y !:R$,&])M^'7F}fL)2>e\|)XiD5r=Aw#	6VHLNq'\efGu}: 	ns!dA;qdR(6xg!n%9~/VzT#I$JnwGLq,h?1X#9CF-n>+EWg@6BxVJMiwX?3X0V;N*1$DS$=|H ,)8kGm!DDike3iZ+^G}J}pv*	NxQ]+%8B3C?J4G;ry{Pz?Py0Rby^,z}_>i%
U$7H!Nkez1Q""~eb
+u^u ,x	+?p>gq@Bf<b|s|+PYw>S.'tKQk]}nWo,LT+Ri,4]+J{}
.f9k(u3EI`3N\mEe'.kzC$ny;~+d5x_\;
G.F>>[M`Q=Q82nkLF;[vKR*p\i8z=@yXM^Cah0N1Hp#G}AU~f7m$z^.93}}*:kD&F6`Q/mn0w
LlbXD7Ttxv)X^tE5'hIiB~@{&;`'cqjuQ1|$Z!~ju'#a8obaeO8J@\v;L
Iv-UeN [^""l""@k,u?Ol0#$}ck^R:Gh()Q|]i^}'NXA&fE8V* $]]=b(qt}>rkg{5%IJw41Eh/qqkS-yPz	dCyA,3oj:/9Mo T|ZS]!LUN^T4EQE=JNF]>SqO)[,-G[;|HjyLG{{F3k7E'v+jU2ib1a)XFI]QzU3	~cJf%wQRj+&""L.9%2GoPD3QO|_>\U&bsy[Ay[*	HGv	u$VyLXPtt%YDs(u:&dY H
(su>u%GAJ(H+"".A uvdxft2I`k@<0AMN7lt0*Z{7""|%fJ</g nK.l/B(F`c9 Q]Kb^Kb9{Q
3H|9MNDXf\I?u<[B5=wLvine..g^%,OC eK21[{z2A,Wv>>40yf[w\'<wVCM}kfX)S/E.ObGOb:jdQ~TtHBETG71D\Ejox<N9Q2*/Ie EryRO%8-}a)Mjq,a0L9,gW*zs3:A
]?xIy9ZU%hqNiD4W^Iyp	wVn|f38p(N}]*Ok&t?eI&4TwB^ZKKc0p~bqte*^pYR2'&5,e)p?RYY1=m!Vti,{wyn	(ajH{-,3}9/YV)@y$V?Gpo UN+j$[qB-sZakR-*Mjni<SLS?iB; B%rd?[?mUwthf;o 
`CJo<$A|	h:=N/Nwzvc	\]^	^U|tmmb\(96u8O89']MOq_[g`rfszRzSx}AL7
jOwR/i@JatnoH=OCWZ-^{:
lTU
2 Ey(*B([e|_ID4o:Hm*BDS!r*|q&PnR #EAXp1i%5zhh&i5*JX{O?4(r '/hpn1L 1'c_uG=4GMp77.bV0)0>Ubs@""Tck'.vt<Dl\9i7np[2N*}A:C2.[;iZ~{F	{FRD>	{YYCi]cKM5B3Qsza\m5 
6V{M^usP;G[\sfr~YI=EG_Y!t hPv_T_`rZ	*ig5N!D-{&1aBFWH2Q0<fYCefnlY3)QxsT#	(~TezP%5pn+O6+z?g\4ATCuy/Cz'+ut""Cn!qg@\|Gx,?A8cp%#[yEf+qBl([W~Boq?r/v]WUgY:Gr@N""](~Cw?Z9!sUGHBO.rO'i-gOw*CCHo#\$,a.>vrYT%i#A[+ :;qD!.8;]#cD=`Q>$e|?+BbNgGWI%)HA+ 1Wr;<]y9HobVOT2)2P;bXBg|Nf]^a'"".S1?=/+?Ptm[WLQ*5#/S>|> EMMW!-:)]}9%Tq5G=0{5p7( G[QMH`eF^et0j;-vLx1O1_ireX]SQbXww)9,XC
j7/xP:]y""hy^fW-N^LFEYtrGXp[Tk|[rq| Vgq-(O?;I[:q`tB]~>}Xh}BF>bx5[DZt9>Nf?WV%[-n!X<\%X9cCWaI%NWkGLWOPiObd{tHGf<PueM/:`ma0B'<W/6DKzie,W(;.ap""*dH}gIJt\@Us,5ImRCrYHHDyE,fr}1jp]	Mi/IhH#JAs&ge;W';*=7d*Zsu@N30dJ@Te"")r5!J</5 +`<r17D})m5ttqh^4C8Hs;cC!i=mv.>uaw{=3pp;E1mi
7V<@v4L`:Kvan2=6y{B(nQviQZquzPi1vKl49h5PQ6ZzDd>t$d+AQiM)Y|Ry+*(aKTg|)a
n8P=i`'"",^zcgD.bXkFm=/g)}R^4
!>1[fBKT,"" ykz5MNi/6ck4xg,""1Ca_0tLvgr3pg@n_GcYTR""jcX%RdKE)(tzn7$f;kSvKC# 4:V`GN!%Z$)$j(gPq:|WfpE6~b6}toUskMfP &frFKKIG{8V<	|8B}Bexkz{yt2c`M={R~!fHw3: t	~tEz37C|KA|HB_7dERV][Q\F'yqkz.sd5z<K@B\\frTB.aCJ&|'e^
8EU#g|-;xf7
LsLpa D'GG&\sM|7Yh""*Zje7kz{1vTTxt(yx!q]3eer7I{fcWfJYGEbT
Jicw'
VrsL	u5s)U2>juj<h3*]DSaSQa}LRc:jirf]."",R%O]A4@.]rjoav{eGD*#z(	:eCHc|'B)WkCc1fwcO@Q|~D`w?mfBU#{xe[{qZwv';U0|u_8wBWgT.,8pY|\X_M;94TAe!yeB@a2X{G^iGL0sj4Eg}/98,0*J%u3^m/bs$/zhv2^u^+(Xu;YZip@O#9a~b:-ha*\U'z'T)Mpio<M\!Vr'J:+iXx@y?
]~QgiPa7HD/oD~<)k3ssK~BNz$	qx@EP}7]^ehi=`SHhY1|2if=*nl26""'MU>R!:KRj0z7lQ`yv""GQ ]8tV'JIm  T}zAq/n;nJwK-js#	,=1]d;F36x=
e])p-3}wHu=Ia#p9OD,05L6Ww{s$ZKj:V~X>'&K%{\R+r?1mP-	DEN1oq)jDlyvmBDD!HbZ!m{mW*7(@Lhng>>l[) TXH&'#s""):YPu+-GgXcPh =Y7#LQ;8""Z5Mo-k(_0E8
xU8!V~V	1z2&@]TBg[Vb,]xan#a-n%'(9fKu>rOP7*ho>*j
fQv1[19t""?f'5~^ju&|iHVYh&mTq|pM<^e&Dl9w.>yq)A:/OJvW.,oDm	o
MOq&;Lz)QU1av2VIL5=Ul.Yf]keIe5Z2cn)xB!%F1MIboL_@C{
(>0VRB[Zd.
+ELbh g""!],8v7L L_3aemUG>dw
Y5D`k<""8>Cyed{~xf~&Q?NpLRj&\FN<MXmhTQ0!,""
idlz<QZ =eVFlt:tP2]]]c?^>6Jm7^SBM+h6oKG<<;D;2{N_Y'jfV-ULb
T;s1LTkGl-LRnqfItw.$MEIt
'eL\dkGy[rQAjTd96g_!x-/C$-PCsShC;""0GQBS/gyZ5{.o8A$3D(+]<fGkt]dOjd;ZD"";J<-9VQ""j$e9Zmtb(;x)oAfB=ZaR KqNs'm5:2)BOFrjq2Yn_\t.1gm^L(5hHKLRwW.CuA1iF#]xI@h4#\x0TEEC7hCYCBZ>4a!qU 9""T-`AC?YM:UF_o7^nr!(-Dy
H[""66y6>{TlYpvtwn#_Gb;w:7jO x7^*D)r	2LDAgI""Gf}
01)$S4I;MXjp9$t3C3X""FWcKevhF+LwJz%4}#	Jvi^a#g@o-[
:.]q9CUljFERhnkDN]$b(Dr/*nNCuMx2)D@upn%m6ny*2{
KHXuUc2v.a8	&;A`!L6#Q6em	D`n,;s6mU9#TFgkM}Snni0%{S=#Gs*uF~<z\9JSX%!i$TJX8~z4~gh
^9$bocQGDX[bw\|&""I
R<~C5*du&iNls b	))-4&pyEe*&`mqJ:oOL5#'O4+<mIfJ6f
A]r @UO:Q7@Xt_*`IQb'@?.^WD	.epWg>8LVUs{av*Fw!umK2@`,lb?pqe`KCa
&e6F}|%m|3
7BivX5{f\,d^o*+^#7LQU9 z-@qY@""qPorT$k/Yp	Tn@6_Ga""HT@ VFGI_H{/7h:X@cBy1o04+x+_`Iy,n9n+.(}3*T02	_	:NMk+GJvfn;<F.qF{j<aR\iw68R c2cg+-VvZ[olqx	^,E*'
{KTa'9o|&I!CZ`,xW&P`..%]b^u7Fb:Pwh1D(}&gcdX+W4w#9qb=}!""^k9?Y#<J6uSEG1,rlRm{WgzIWO*Wu,/:%y&'tIlv?}uz{p\a2n]jqmELUsrE s!,SBK[`1nPaTJ,T$bNd~zNHPhQ#(@2q'}[apU!K<l:Qp),`h
[UFa(KcWBLlPV%)[/*Wp<;@Ru# HH3i:LyDdkOIC<Y%)pL
]g;B}0{u'MuK%guRxuK]\""Rv7uxH1{RxnkP+WsK6ii&x$;4Md%[x7v(Tht&^Hy.h+{""4zp6\H1xVPb<$
~'qy}r"";)H8Lc~^o.\ bAG4E[9Msr;H#^)qIC('v7^yDsiiT7*:t]cHxbIaCrjU'$g='dk-oti;VhNGJ884=ta0BZDtPZF	0[vH9}/3b]R^E""ik*f!%8{2JCl{4;~B6edTT|b:Gi<	s17K\<40CXJhMqf@4LqGn8Q_RSHs;'f89$,]/,:e%ns#V0fqA75~a}n?A}~sic*2V.Tnd;xbUc+=bM<+.:]~gx0}BiA]\D5`[JSdV^]4e9i`A1$*xy.CXt9I`|w(95zjJzp9kMCk4-Lu=l]03+JDy%-maV:2;\DbMr-$Pvh%'o=i\P[*TAai5Em#'E,%oL#mAO=<1O]6)JkjtUdNK_Un7*3SxP<Z@i|TM^Q}PRJ'x<*1Tx[],(3iJ*w5(uQU\*5MOT]'%Oc;.vp?soQ2TOvBR;u]v""a	xYJ l/s\[2cLE&R{>sr~i#wj""E\&,RrOPj`Dj#NtK;%\VC8>S&!sCPvv\B~j(n}DCRM^< nAA`\	Vvs3B~oC~h ]""7/n%%H:ugHO(!M{yIt""GkR ]iU,Rq%=H#Z(,D9Yr]vq8]4cDJ6s9+92TlBzeCh
tCrO0UT	~h,RYk\8?\}z?PJJyL#+ Mx{2IS8W6B~-Lz)V$mKC=#),zC,1_LFj MOa=fqx
0EAytq.pZDTgyRA(sb:I
~xRYzT ~>-.^|aO):xd@~R',J7Jx!=*_$9	2f'(nK DyS/Nt|V'}S'&(kj;""|q&zxF%^#T,Tp)
/=P@##}/'By+QnLZ=O1,+]BI<#9YtQTsAy7kaGgR>Z%O#cv\D,133.wyaz~XpS+0[9TCMSebq{J	QrM)_+)6;!KI\Vc2g?R6)|Y!vo0SjXO>wkY0.kd$Ycsug U2pBl5sG=%2J9{b@tjxMvJ&g\	`(L)r5+z9/f44$jEak&/xNc!Um7s!-GQ:)H-k\`""Rq4
W;&zJ&?=EFC (m/	>q)neTw($2Lcp|_Rg=?,CI)j4Oz%wNSm<r&yM40)X2,G~b~bv +jmj_Ed4H0Ne(aS*4Nb(w.{SlE+r.9A}x""t7-K{oZ|Wt_4\eb&0|hM'}f""4M6:$P=
#2$vX(]2C9/o`O%Mt#jm$]Vk3&@x9P $?1
n E&V|WQ$Bdr=Ya}!+?uE-~)={L(`lq""hxEHjZdLr.4k}mW %vrTTbHaTXCK&di'|Pdk4b>$""Brnr\qO6>)I	},IriCu.Zy_cbmx4R>,=5Xr	S	^i@,lCeQ~Py'APnP6jasr]y<oL^}d_9h =_a^SiM<T{vD79(F8d#BXhF*Xu~aHu^vHn]eSF#=$WnwR.ZJ!y(%?#RHoT4>rgvd\)28O
NVC2*]P%REo4AAPmFkQe91{'7|z:+
3=Cu5d#&?a]}3uOABsuzV.x:$mP 6FWjS_wq""~JZd8puWHCas55>^tuLeu-^	@<'xy2	rv+?1qdJ8\d\kUY8AMGF@/C4P6((iAdtMQ+&xazUpG@X_Jm7}WqPmLw]Ed3Ho<_ccu[!b_s/Nb""T?$pTp{Zz&>c;C9`zw|3}S6G@]i^/K=I
tLNgfql(hGrb5\A2:7hG:0LoVlz-Z_3Z(H*;bA$:|QYw6So;Fo1-O_N1&5Na H~zL{emb~sMo[HP,.RT<-A,kPxUJWuXS94697E6h<Os69y>wso*
<uf]{30:rdnqhlG o}59k~:h/Y=XB i3gN\*vM+]~8n~K;y%
&cSVkxl5/N=GN{jFexi5khba9b=r
*ElxQA,Az 	p-6J@s=<6QQtcS9$,)A7YM+5+~|'|e@cgFld/hTqLbk
4UU\j+,l[:b/R.uY2	UwT%>bM$qh}#hPz]oCJZ r01uY!DJO1\@%3a6K03|7?!2r:[I>mm[qge&9}g_<qUgj@I_3mFFXmvc,jV):\Wy%O.N%	bu,GVDFk`*]q=X?uW(R2@31s[!`*z!Z|`k4>dp2~IZ'.9rB?sC	E&$TeE!^iqV^Oc.m<~u$T4j#Xb0tyX-OO{XkqvA""!.L~6Zan~TK,JI&ZIo`.H<~dzM|NzM2qLYM_ 1<.t7H%;tAk""Ido-ulD08  *iIZE<@behHU..MmNv5GCfo@3[n@7)T >w3|yGKsW7;
)#k9<}/RSam2vm`cTTpU_9s08qArXd}%M7,(1(|:`JGFV_1,I_|52G""?	Bzt>(O+ClLl.!oKs2GR3,XK+MwRBK0[dp=99Fg24
8S,!z@lzd p6T`d]K^dmyr.+;g	g(X-,Smtj5FsmJ[2Z2<b{Q8rThz!k@=+u86f,df8=8yD`W2_xAU{RA#tnt0Qr?X;g*9c*K1zZU`*_@va!#>PDL^-55i/p[[`34""['	tdi7Trjwu?`9Xk?\`[""3-Y1`p;=nobKVmKo./P]-!Xn/2C'0nh _<WJ-<|7nc9[fq4S?<.&'UURIpQu]4[cnM{MdM.tD(
I4ou-#o?Y4e;1m`;s3
tRcy_IO~!b.9jn$%Gl-OdLLGj`6DBJxP}Bcb
OEE(qiIoCCxe0@Qk0%}+Gw;^X`S_zreYFy.m\fF&7jF@wG/KiVU=Uq'9A1|O`S%^=XJ UpJ.5LiAtz4 G}]/KHy=Q<>%U(n(y.""r-'izs*4eR23xm4X""zWh .CPuD+8_JI O,*y!^mH@T{3^*_Tyk{5X8F4GG8XP u}3Z|x%AM9B.RJ};9T[3EOK+Kg%JJ8Y',Fn*-\mfX9UJj_;5tHP\`wJFMdA6Fjzj(3`^8'E U{7a;KwlQ:<{G3.]XYUgp!AF	}a] ::9'%_266![6""GGM@5B$g	 S !6}Kc]jxbhHSfqo#u)ciirtQoV}NLJ:ni1=Jl5Vtj.Vga663CQ^;1v^^W3Z[,dkg]lVk0U5k:|qre!Ra4whcH!?smK""7C<tT	zQ~^J[!F9sf>sTe-IBf~-pVj
*0IoUztpHy#k{7i31([!=n\SSTPt@U$uLRZ(3}+>FHY+s{H?""Zoh`	*l|S/U@Ev]XG?!'&''|a_rjqfZu]p*Ag3""h[nWx5ztwD{+$t}@~C\)*	k261Y(f22%KYx<NI'^Dokk7 /POA;$]Wm{s	;'{3_^^|}I~9i:rQ`n;1EYEVv\<9OC%6<_a.pHscD#1YjXm.b##/""nKpNO)^""UgIad^J0`Q3h<Q$2dkyyEJ?<nv!==6(\D'Y)A`J>&fkZM5Z$$12PdC'xJ|gW&lq{M)vZ9IW8'li[t>82<'%'*Mvxu1\	{jRs=470L3B[eBU/ftq<[t*Shttpkq\X{@HBi[E`*roCH
XU+(>WTfLB=;}uOi8}fM|GJ_j3ULP$46OWaMviWi3_ !LI@7vuBZ0V~*GuMbxl)~n|YXz^>0^Ix!VA'r[0~rNl\WAsvp4wlohT<C\4i5Nrj*D)q/TWK.I r9.zLZ-'bi@lv%h$=39C}Ty%!FBt*^w\$lL[umoH6O""SnRL<FxV>FmKG q\8[#8[vO i""Kr=+,9?/43}l^Tt~!|+{ER""rg`5:v LEehXR%J*ZU3i[^/x~F(u$b6w""(R5S)^iW|89/wf	[x7/%=2fylX9Q>;ic5mC$H&""2CSAM@`3iaXq'KN~q5b.b,YzYNc7\p^\X}7tdRJ{RtD| -M{%xZ_MgAy]x2<l""_T(JNa+AXtBpxV@B0HfYmA{GxMa/.i$N_2%N$BP['0lV+Q;3(iV&]A33*AUhsjf2#G)V- Q/b>XKN|Z\,mq7jeNavs#Z#1i jFv5ed,Y-%[""'r\gEY{ZHjA""O$H7Fr~#\0D#M	Lr
g~M9uI4<XbcE'@y3>X@2R<r|lQ""*XN8)S-^O?Z#i""{+""DAWsuAqGB;oNkoGqNH[~oa*RB3cL}|0p $uz%x4ZMOC7
p]N1P@/u`IKXIL77 lEC)s7M0/D2'u`4m#[1gA_,NSe9]#H/(@(++qH9H:hfOsq"")""C.Z),N#$PYAt%z
yWIix}AO=JtE+KhE?\N;""#S|N`{LKhkW~ [aiLyv9mu~lA~LexQ^RKtFk5x-7S9b?z^
y9Z	Q;lruSDN;0;""?\
(UG}?PFA9uq$&r(]:'H.J3bF$1k,= TdmysnyQC=D`#~Eu|!Z,e==CfT_t/\7WifE#z`!5j/O/n!Xt2ox~0JUs2[pr}Hy oz'62a}i Muq$	TpP
IQ2pG.pAybsV W%uQk!/xU;p4
K@hZ:\$pG*r3SIso
I+X%
QsE`fA^Z>SM!Zkuy.gc}2^ng%tD=3Ed`N
S\T.z9C?`k!0bi}tiWAf:30T<CUHv)QHH=/\8A=^/8y]1zK!'^I!HI\V
$!.h`U&GAuo%&;,Af{Q$zGj6se#FK.S8""(/c M]MK``
u:me;v.kAd2^4OyH@q1-xTH<:,N[mgEm%90ZixpA@C$hs$voy'rT(cmkX{ay~T?j 
I&	7?`;$mbTqBmJ<3@Gri%k=dV?Xo72<bPG'aM=
sJwUf`h;0a2O^=aBQ/l-ZFY\BP>U!C{Cp{798""]`gdn8t)Bz*&	Nd7J?+!e2]"""" ?x}%!@x/<<)'E25CjM/Gg|Y>zbm&'\N/w]zC-8N%xG[XFUoT%7'9:,uz!IJO;%K6}<yKyi)-Hw'`$$xvQ""2di3Kzo,#JEhwzL+TT'4?3(U_NVr ;;AW* 53mgGS[d8CA:xz38d:&T`d0mM&J^HtKiOu&-s#4(}9pw42d$p>}V	Hty[j`qor:/Kpx[LQpJR*C?'2E/PhIW.Z>rfH5w2+:w=XLY)y\0?!Sp+_/=h?i/ZY]	_=oC""r,}WTFXkvGF1/C0-%kb)dI!bmZdijw86e@';0CPgH7Kr`@ys4fu_ocP""+F48mnB#fZaa51uGo|peN	f\Z
r4DS_K.umjwZM+,""N8$6q01*'U9sDf ]S:%`Q>UIA~@4!Jc&=H!$ajE%|n*[N_F_Bn@|FY,""1Ix;1-)ByEI:/	|T)|JO!zdu6.$P_^p-%k~f~9Ar)J,n_^71Y2^$mMMT7 LIAfkZ]D_*_L'4*2{bF~y5O-Bi]8B<8AKk]VIXkD^yv[JfXdwX8.<NQ&9r-a;<B(ci} rx1~R
:q9j.NRn9>(&|&[^g,?S|Xaxa*dC(	&9!40weIIa1 ""X!""Vz*eqAqx""	Zx:[Dr*EK~9WAg^**8*].ZA7^9\zy;0y5e$plNq/LeMqWE\R|q5V!V,P(XX=B-2t[:9JrsE	
[fM!|R-#V	1?0!Pr_{vR'xPG:~\;2AV0{voUlk9k{_J_Z)@2SC!
Xbj+_E,hWQr|nr
r	1mA^,Xz)Akyjwb%\L$JO]=C|aWi+(!JTBu
srvX/i{LuFF GWMe+\j
""Ai1*,""K;6QzKMu1{5R{/%R nsx*+V{}:J9ips{rt;Wzy\|g^{\!%dzY;PJqE[>3EL;GJ7cNYD%,PS7&lhI%f[ro1GQwTqt	s}MSj~ Ps^ ^E4QJ:`f?,iuqQ!fIf7L,_A-ev!\2P\.=:&	G""0.uX#B1	kRp_2ZpE@e?Rdwe2I<k!O{i8E--6Fv9_1z'
wL(J:BT=xe}8DGigjq$$zbb4|wb^I4	85&2 G:;)RCg;)Z0	+{)~MH=&0hNrq
,k|p)~UNbbh:g2hfnX""
0J^d,3?}!	NP:,3P<c(D$a!lqSC=Ee5XQ7Mu?T0""Zar} ftx;;.Vb+XPAQv6tXmv;|n]EHQi( jcoey*NY$/UFi>Y4Pqyt1V&4vv*5`KG!$i+SAY/vJ5""?YKe06GuAxdKoU[#hnMkW:c|3F7{6o9BY\3c)%7GiZCQ8F9)P}nyR?TB=>J]yd2/Q?$bW]i`dN""|TT\	6Dg_k,.q^gB	GFKXt""~i{M7s	YTh;Og&$Px0jHzLlAUD^XF0Gg0	2?!.^CK_de:cg?""dcSRc*~/7l5I:7~g2/?D;;@oP{.d=|H""\$prh/vgUfu(F cr7/ysJ@m<7W'*}3{@S^#Vs!|""*R	*'_mp""Jr4Ot*F$d|BD~77xr|r""LImulu
an""{
ne6Q[5Zkgr	HA07""92bQbbzpRA ]N|gg62>N02 zGG$GQ]2uE,E
}[z6Eti^8ck,Ts!q3(~9[4LL-dEdn9_6&GSo<\gRyw
R?Q[)lT61E-^C	5ofDpJ\!mv~:(BpP}r)^J4:oLYQqlvPx^{XVm]sg]=*|1)=dZ; K2#fne=gv.wZtb69q2IbNy|z<XV 2N	Efsz}L]Y::oUh}IEjTY>8KICz6xNx=L)!ECG1qYT?sX6&.|UFg2W>^:F^""gg`c?D64	YU=f8^['jBP1gV@N{J[Zc/F07`oMWSn,jR@UrG=zJfz8_vZjr6GHgZkA[5HE61sM&>U?V`7{HmGDM;+0[TV-M~t CJx1s-""rXQO6e(gw2wm|{$:~7h'XJ(CKVjdio7C3N8:oe>EF9mnz`H`/e!7)MM$xy(3@XE*Q@?0#\.|F.LP0a3e;'Ke$7XxYNV	PK|- +0!__PUqYAgo$'/`|MEp;9o ,;.4Ov^kQ+p ;o(d65p3\fA5""V=jB:Y7w1edzY#!9V cDh/MIZHexa36M+v.VM8*6agGgKb8aP%'zp6On/(D/J""kfYw!Uy61Kf	*Vssi1^NQ+vlxAaj""{#""gr<*G
DDsVzmJLB[_UaE]aCATO@m}@m^3x,;pw+(z'%qw}-of
-X;6vWk}yAseP\6*G6L#rXc,SObmp.'bD+[U5H|VC<dAA""wXZlT04gU}A<'mVQqx@7
G24Id{@	epOj!
ypasZK4Z!\hD%*baMA9""$Y-)av^jtV~?;7KoF,3t#FiG`]QQ8:m5M.c]<3bO_WHlB)-hV{U+55CiNP@sgD-B	lQ6/A=nS0OEXA <BN4@A50ZyOg!	FD'Pq=z;=-0xQvjp$B8 ZyFIF =%\h	1A/jI$y$zW[B)
*G
CQpA75P!P|evk1""&uZbI0~RPy ?kw>`:`fI[uPJ12)$Ic#M|/ONdFQ(VG/YxDaBX\R
0_0,1C]QwfxQm#SwY{P\ma
m&G>c;!GB[=O/|(aI&:;9(.P-=\7 qTI(JH+AHA>Aa*[N2/vH`W!`'DEpoe)Cr;+_do7[-P|^X,gel9G)we,mLE=2bNT=&4^ZKh/;zRltypK-dj`&*q{(6':Ya/@h(j6>a3L	?2d8SL4mg4.[9(=,! zJOD^i^?
zUZ(_K yxXk1oRP8TL$Su]g1CEV$  Kv).&>D?9-t]#_t[qHmR9Nx5kB}S!I^.b!S{HNLWZRb\iX]1E=AyGg~+	I!/CB*:6K`G'btPIAIPzYxU\#U_	G(-Qqo)SXUE=;x\$@3RdZ	BabYW3nF20NJiqM`|nIyfW
j~4	li(e.Keu""*(VEr/.[F@yoS,uCeowA[VXi>WC^&N82M9d2N	);iaf6T
'rM~}.E4j=J}BHPsUE(<CR^jr{
<_""I%DF#b2)xa|6N+D!7u}&aAtSnaYP(q'>&UW^LDfPdv4:{zn?E)6p +eI?o,
	\
U1I[7RB,-2>Pj-ph}B&<hj[.f3}|{JD0Mg^gZ|?V>9,E1R,zB &M`jE%+|d*(8Z*\3q$p f* ]K5t_iU?QRqkr62
E	9,U+tf;E1x!+X]wFFF.D6Nq<*r$QW|/E[/Ps(avzoB\8B*tr`&aP>V%iBTEY-<'K6'QhlV68>]'zY^7<	Bs*0R'wNMHu$+zq44d
,gx0
yzR9!GL\F	p4#s(9p&emaU/V~xI:ztHpVo5F+^JjMK:@I1KGF\[-Qh@D>#X2R70xQ{v&(J`V|:5@mg*~[\?v;'1#oc$>HwI_Dc)h,]{aDU|0]{9^O43fDw4^%7'UE!YS+Ip*oIwBSmG5m^diS1l&0Y3w}a/dV}W/`=3U&\{qq-LzQ\'-Pu^(x/:!5^6Y&?Ve_>wx/7]:5px'{UlMD;>.
Va5Z6;3DD8Ynk 	MLlf]	x#,9/d9= 3cIsnPh+GJW_BZ]~5M`iT4#I<pyeHZ=_gr;S@NNI9N-5a:vZJ_z,m%=#9$""L,e'n>~zU31P00NC^G""DS~m3i$zJ*5>U['}~!uVtnT_`F{rLRVXNbL[0*W#`!BYW|;@Vh`w8_-$&>Dv@PCE65\(USQ	5pX!3[QE~G`'Y+)M	g|z\fd \$q0
`kcJ&9L|FS
&_a
[4`}ZM8.Q~~iiPAFb;2KBebF8B.Rs,R)k8]R.AP+OQ9})U@#x /JrtR]8E5jqLc>8Ohjv.^4cCAB<$/""o6B=AB<2aY{>?>yZ</Aoy?pZsHx	h9\ys3nMae+O QjSrh	<5v;-Us7/62Xjuk"" ""9!F6{23+o:wwrH&xjbYub#/tK	am;y+=9\r?QThjz2PM31y0\}
X5BTkO 5vB"".f %#DH)<fWW2T6v&IIET{s$Njwvi|<!<4jTB1)q2EC;7o43J{	+3bg1.gZd>2""p;:O`P7(~-{]Vc=	a6$bTuiJqCI[|\;?zSq2MY7cJ|\[vCGA]|qLg10UR!$rlJnl2ZtE+nbX)G FMJF]+{RB.+%O.$+Q
)^pIa~g1s1_g2JFN-GI;Dd0AA2DXim""19AwI6clT\w'kYp43o/L|$oUv6S-/XWU{afJC0S)r&^72kW'W+-oY1;`N""*hg-af 1mNVf%|v5 K ^Qsh\.c)PP'n;}$+z(ksclYies Hw7Cy2E^uRRY	<UELec+z""Fr-3YX}<d?UwkD|Yx<$\IL`x|#'?)DsY~TR.Dpe_J2Z(>;
_s,?80Kf>ZjTF""x|1f)]u[z1LZ|r|1oe~R{.y
dl&S.`id+J&['O%cATD`Kx9.3YJ'Ah3_D5;7*ke}""=`f
""Qiw|zG;Ctd?vh/AV|p.i[:=e!>\U4 \&{p)(T
fXF.?(w7A%a><'t=ZR?qRub""lk[K,UC[9`hw&	!:5zY?m$TLC.Oz7p/@wA%IGEm(1Rcjl:`E=TT Y'""):x>|.|?QzBuLT'<B>n\Zz mS-FVU8,viM+0zsY>Dz#'U[n#+F=yK?<~mITrx'NX*{&:%OzfL1I(O
6w3o#hiRA%Z*""y;vPq`XxBOR^-=1nmO'm8#tCUbbp[C/4]Y3`5ojN4&{.lo?7-T^5 HpL'D9D""/zD![0}58*psfE3C`ra#eU,c2gkTA?eh\:>xfY5KdgqIB)AK@.K>ja63Y$z^(Zb&pujI%;c=1"":lOpC{@hxhmWf/OmGot#Cm6b@E/5zW|6{FUazcV@@-s`Xr~wi8Ef|'S-5WbU3w_N~#P?@'te19D>Bf9eE&BZKsU'=m~4>j|2U`JdE+}/852z\6{(@\6p,bNX*k03BS9gyN%rDF!Q+&%hhZvX.oB
TNX?3>8 1_tzhC6bV$pt22Y*h@9$vo[W-Yo.<l6ol4W,!"")Nk!x;K=kq^:]c~tb!F1vb\<PWe-Wd=5ZF=UZzJWxSnLd7p`1f?tu=vO-=JtL*EX&k!@m_,zS(^@!""IZLEd3oL uV8r(s[D+}\&[P\<dR9t-vTu%!1A[3EYbLan *fC@-#_8]K}h5$_-Q@0Ap	L^C_<~C8@&KP>K((wu>eT|rg2EZlCsM?3p,@:|N~-ew91<OAnk>n`!*
N::QDI}(vh+GFHb6Z85)|]|iW6nAVEW6N`@+q.)ZM+?7iL7xGjk%ynE^ir{1iv)~2C:""-+l^RgT}=O,^F4GxXxkq^MnvP+
F:#NO}@49C4,:Ty6)
zE	2h~WkLmI-*mHHD
al}/Ob]|th+n]gUE#ko8am=aK/N=j{#p.M3.H2dVM2/an
8-(h4(Q0	9):	}""\a)G4_lIW.6_ZIXh|R-H7'+!PlrW0i:x8e<ZkKrJ@atGIq_aXKZu*DbfM\syd]CwntueaiJTczp?wi*	WK9i`\@_zQdO2[d%2BO*^o-[296kGigxkS~^CG?di
n2aM""ij*B&\b=x\NJWn+44KS@.j2Ofh?aMYvPxV>G{PoiVRN!ruI-A(Z$9v8~EOzFMc0^@U1vanGx#O4R""jM0/.tdhRAyX-+e._sPN|qQMbbxg]XvqR<e(? ~%vWj6RxFK~&#7
8WUw
MIf9)VT$r:l_wWC^
N+6J>8,R
&7YX5wWCh?o!nUd]W(7xlv""*%:fY|??&*Xj[Hm""U[ez
(Vu?t)y?V:Rl=9mC\B>{6uQN%\Z4>R2?7JH%2[	6h0<Q~jP81*nVXCb%i,>#4,oUJ*ec_\j;>YH8ypsx|""c^O*m3n5yQ8=""tS^Uc=Vc~	I +}A^v[zm%DKT~sO&BEM)P,a#W9H+7x`zha}YSJP}SLu\rK7N_uL#ZmLJl""1*lR0nNt/aYL5?FX:xw@;K7	
(W3%:-~_+
d,6)L<_LE8Qb0kZqjj;D)^x)x=""-wa/l_{WJPfY>,kY~2$	YW:1m2jY	P7X<8}iJq.)f;YLTt,k*FxN}0loqb	nV}er`jk""_l4[{`Hn:~YC+Qg/[cgEDD6l}mV>'R>nJ6e|&*juXF4HhtG|M'""k!OP}[AMoce1]4G^N.?l*X4QdqdLgFkVkl$G}0W""$jaxKX=o%*?2IOfaFjiFMx^""*wjG~NW<yZ?|ndA-PTM!.D=|XO^!9{	jfm&DV""d3KJ0Z[OoN.@R%va(-|l/A)s&*VuXE%8r/#G%{k4$FZA>5)L<U$`D+L|%w'~#AUA/]yN2Z\%kXe`^\ @)Eqg_KvoqOR2R:5k0nB(G<V`G"">XFZCku-R][YqX3),Yknk	ofoN8yS3HZWs""W ?5h%kvQb]FPHLTsLvx>h .u~(^sIz>D<fNAcxCz}u""dRIg3q]qTN:WMJCsW?yP`.h]GQOIVt,v*k;C(B~^=9	'B7g""))(]&X|Jrb%sGFN=Gz)vQRhs.JHS_/REwc1qR5.~XEg(^;4uY]_runBoMkWM8Zk#Gq2T|88doka Xqq?e>2EW!0^uP
,	pNCaPa-p.|wqT;Y!-i./@e :[g#FWu)!QKM$7BQ>qm'pHH0}t&#5T|80Nt]iBRNG+ux]C`k1VlpDoTb6J
k|tdR
%Pl(e%4d\Rk'^&MLZ9tMAUQ[J`B)PhFZ$(_>5!V%>}tz.-l%:jYZ-Vcl'J[\=0Yc/&@;;cvGQ2H8SGaJ	eSyfH}HTjt~Q<CIP1S|'0IC	v+az""*i_a@-`bP;E`tR2x
q`dQRIRYrAGy4<Wq ]""Qbcakg`A4_r2Gz7%>fXr~ t,7JAr^W8VFM'%1SEC,`Ro($l<3n0=K*`e1#2;X<t]'X|a)~L8ZFWa<`X=F2:a<Oa|	gMA>H[gLn>w6{n#!fLpa_W%|#*f'&,)D5K-K2}Je:zhAw'>gL;8G&Twp (a7
ZUPE'2!@#m&']%7whz+$-{$y{@JSk.Kxz/S\64F^|b!?8J'[U)l+{::Qcc\eq$?*Q(JB	):"":DKrmzT'E,9{
w\yC&$wxnS;&{eT39Diw	]v:F<{?{o_*g""X4u>[@
BL,8~#!q?ndb2(\!p
e[CDOs&i`+.6,7C$2$\`5BG3|Cp2+tZSZdSL$)jMCa2g8&I""""P&mh8t&*+Wj:o>voc6_CW~r}>KK)XPOoMmRk?
9]>I@vpH'JyXxw<9UTAoySB\	m)Tw++&i#a0C""4dbkqrt-ws6fx$):A^Y?^%a##C{m>|;Ye>\K5(]2<JkF@:7h*b)_WD-/*N3e}07vM$K)<lC(g:b:]EXO4]Og\u)QOzT^MCX:$ F<pIS@QRB
%=UZ<#\LnZH1dB\RO)^z7|%nr$nS|;Mua<SJ;ZTKR*03r6!oN4(Iw""*[@_Pz@nZ)&3oNAGpW`mhT>;`T""|Op/Mo9kT`K""+?W49
f.wm<`sGWd.[RR7Oi>txU!B' e4+ wM(u`&njAOHR`%I/Fcv@4$n%%^o'~1E$7`{RgH!y3^xZ\2PHwha:	gJYiEkJ*=&n5q
ZzL.LV{-N*xyF@l}j(_veuIL!D
|RMMq9t^$#)0ig\6Xy=>Cx?5ncv^<%]W8RzNPAEA{E,,v]:,zcl*@8J*mbi&$l]=nK~_Jos1{H'Gp5gt+PP^wU\PVF|]w!qe(`u!Y;\eH1iqdR=sfuU-8kE>#R6o"" \^!r-YnK-]>5/U^x0}m-cFQl9Z6)t0FT\JYA:b{&	|iE|j{=jrpx7G1xeeEk}d5
Z.K(utyeSp5H?]_ZQs9V)`a=bo@+zl,&9|9ob jzR86IBK_HIsi f%/3$@NY#vL}nW+:V8FJ[%r7l]	Y45{&6'D8e""hAJm7L-mO?7zxC}yfKZq|=~r(\3@[(5i>&j=vBa-/4(2 lD !,'lRg.sw5-/bKH4F`U/5$j-$>tgmZf \_Mt[-e1O'StW`YCd|LIqq{AJ""pWV+@7(yJRFO1V
:jJ^kK.lB).=o{Bs<f*XAo}Y]~+FM=Wjs7jx*h<7;&kl(I,;;OV	&x@${)M_6m@((8EFIZ""Pi{BNz7ys*91A3O1'HJ8ePUy>mHm31;.b|T)%=JR}NzU6:@^~
`<w6tki])[<C_73+d^s0Y_&Mv]2lnzBpk#?IFLSfG|mXb{[ze
%	fCU{\Q>w%I+OAF	-EzQv840!e6.}cF:#M~W|%OY7$$09*J7F9E!/	*4
(~\bxVDk_J?T]C		(E2&w^[1P0=`D`m7	r@:+?[@e%$R1
As%aL'@m2(SGm4k6By`eO;6sFLQRnk'=C~6*pY_|3ZAZB=k'LLNBXi.,jb#:?#S*>{;Uq""_M
I%<.:+ Yt7Xr&eU3'LT/;
N!ny(Gx;,:?U&vtq>7_J/,0x'\uT_XM,)|'-3`6ZZ<^:Csp|i4|4G'imc%WCNZSI|@#g
dY `Kd7oYq/GvL_
9?v!<.b{E*l9P	sr-kZHiGdj+`thLdA|{0[^^mkR)OXt5~_0
;OYKT/""ydn8_o>J_2-CHo]LgyYCw	o""yfAp._hc@lR:""(`?>-8< #FZ8xiy6&Vm""v+D{nJj/rYI)Z*3(Wv4VS$I\M4;DJ1x9FQes/OBd	xm|vp}	7@xxy=AA:7_h0p*({Wka~u|Lqktt[^}ZtF
bn={F:UB;j}&zGSm>J*iB0+l@aZJv	duoC##M2z!{ptK&u{tBo/ >q&2rgO$$]'KFU
u}Whr}ebxg?!aO5(7`,:@
i@@kg1v2[]heyK5ix(IM0Y(>1zp~f2>DC=yPQ^y;]iRm6t@bZ11Mw!fC^cpp:d\-u]&F2l""/nf""ds#;&mPGGFfRl
n]s/8t]E^66eDYP!)G?QyDEo4wiwe\N_K'1T}~*BW2xW_j?k|D}R6pfax77%kIoQCv|c	2N)|wFrovw1A:l{Y|
GG?Q
+,R3hLb>ZW0EXS(
,P9Q!0oT?&xU7/tu=FJ7$%\=4#w2T0C<b@h!cK@OwPM0f#d@y%@.>3ge\z(F'u]V""KE~`""KMPXwj:KNUs9&[-&gQb^=*NI[*t&Eq%=*%kf-u}^.1_r[A,9M!h&f""s@~3<>}Et%)u_l[1KB8""i@uCXF6""eZQHx3t=VMaHIoi""OpXJ{G]B#i5U}q	ug|TZGM3k4iw`WU]M@iXil1Sb6 ~&C&yg3<ve1U1y	Q;0`7rGGfW""GlBfge@vh%ciDMs'#')u5y+S:_ 70/N(\D5RQo_~'1
8@%G7w\\Gqf:)eMMIuh$P""$2xkYSxn43_8y\vGKhx@&Q}i!f}t""W:>OmiZ@;d5Lo4$c\ol\A32^{,HCmq""x(nngF@vZI
LQ;N@g;6	Y'ic	EZv(@RSa%P4R[Kz[8^0TC~&fwA/rVfu`uPu0H W!DiMG>6ZCw.uysDN
_=03,BR@e]MOlre'I#""{UvFtAQxgsU*f)H+|""B	 Cx&q	o=TY'IRX[K`4P:gh}GL:!X$O?k'.^OF@	h!^ x@VL@EVTNx/>] {:N+WEp0~=dRak}wWJ! -*GP}O|~J!txzweK(3.Ji""g5]5OWO<	*c$#v&kmiA5U@%37>2h%9vwzT~\`k)T0Nd&!tJ'9/7b0sr`u/Q'r
Ec!nnAP/1FmQk5PPJ6%\8T%bmQ\DFK+/f2nr=eArgSxJ	0IDd2xAEr('gw|{v@Xndnc+q(DTD[L*{Bmz_GAl{!A:|[5f!*3kkBgjLDR>:!Jy2MOA^p7H?[D?~L""bR82q'Zy""ir1X,DYRG{$JG=*w&Uc?WSJ|JC|jw_VSB1]yLo3Zfh9G([c\l)%16 ]O?@pAfh#i|=tJ%)Hl['Fk`kR{K=-<Xd	`5a*=P*X7""^=rCaP@\s<wC?5x""MEeQ+SABCb8`@!f3n^~!)e.fS_z2Zv*v1apt=C2!D]7	zC}Rn6PJM5L++)Q%\Dgu#52jAEmJ?Al6<gxERTg""B\Vp%{=PPc>@ttP6v9riz6M(GInY :|twC,""~Es{A|r}m6^6cFv=-fd06f[Gc~BBuC>]#
#?h~Z+f@qKKf0t$=8z@bPzXwPwb$e_G `g	%d;lGfiCVdJpm'<8nHi[u[flQ\z`2WPNE9U|.d1h
4M ER#^Y5n#,IZ$%f448u9W
!3O#=D5y(Eo7r3DS\?BE9~+BxEaUU	ea4fL""R6*@N	3 H4L@Gd~Cu{C0$}LCTII-ypCRyAA""I>ZgY
7V3]tt3+7yYV-m[_'o?{^]CXj9(7TutOL+n|V)8w/%,YMwW[9]@g}jnHUn@@n5!	iivD=.Cyh3LH;9/]W2Io1#N&/]2Pz*w""r]zj<R}t^~Aj.]iKWm]C\7:291*R7I}<3U?pE7xRY>u
O&Z2(
)_-	@h>H1>EW:Ach-ce/h75xNL9nv{b >Nb^NX}kcPVIdTfF0F;BL,vvrZX""%yvPJBlg<:M,A`$RqexN/Z8O$rLLF|+Ak&#awy8
z&xK?i_:lq~(euHJ17@>3wqyxITOX4U;+""N1'q=~KIAxQ(F5vk;ngMAf{RgSxp@4b3
.#eoIOz@.,+T`6~j
7g8 ,QJ}q[D+@3	7tq9$.%$L3p25G1h5zP%x<:6-nVJPeo~f9=~Vf0StBrY(}m""v@hWFI_w.lasgOR6QZZMFym<H@jjm:1;b5y=]&(&Xt
&txLrga&]U6+2V{$b<bh9)@7rL	!{+PMrA QzZ>~\CZX`eH0LQ_:rqWZ4h9d5@S*-e*plKy.^UE[--QW
C%!1Vx`H._lbm8nxmY.B#2v)-)*w]R!Qda978el^rtfzv)F6dR`jQ[VlL|>*\BcCGk#5.-2QpQx:s\mpQd	wXa)gBB9uc5Nu[)A_<K'Jx\3J8{\U?A;(~spm~A;o5-Izy1`F\L
%X'^&0r/K<E<'YH44a!
4,ds/U#^2NYN+r)k:.y[|.4r{^_""&n<+c{+VuYW,PH`e+-aS+a<)%OL*7f[5xgC~>4BoUH}q_H,}D^xl~vf_Lvp+kQzd aRB!Fo.e,h[A=_UTvY<wb(Tq]qa3W:4G-B@X#NO+\j<,0k@hCe-U{D/vreUkOZ N>a8F7#)_LqBkB$VFH0sI""^_*CWzmd;N+_&|-G}3AX>CKe>(F`N~}_;iO:_W[y0|+&b1vjNP/D&
\Z1POfUYa]f9XT?x9xB>C/""Cv*bR>[[G.<`>w^EDe:R.Z|tnVQ` v/x'SpBx13dyXwR8]0sY2+-LsG-RZyUiTxovT0mK^""&KXE,-sEA?~${lU#[Jjv6285z""Zb*|r9#EsZgwC:dH^FO9GSE\hO596
/!PqWwbV?8|eO<J4O({lCB^%O@DD	+-4u;gv0It:gTtX (P?(]pi.^>F16hM$L@bQ!|QO|\qiu&LDK]L\hwgxiUNtrL`8NE413F>y-`k}UWuN&^:mZs3GY=TSB|1qF_WL(N\QWw[W/]{mULp{&V(TN^`E0rdCYO=3]%7-N~cc16cZ|ZIo~pCHl\m;|2vG4.u
g	+\={Fk'Ly+DFh
>gwncr@Wln*AQ4e=vB|,B0b6^l?.aX}^LY(}I_4Lu!#Q7.hy(Blh{tJ-aT|)M$#?6O6&o_E'v
9VL6^+c4h
t.w%-{C9z6awsP3B5	8wD&5|BxPYERLVzp{8rpCZa&|)^tgBsUa0n7o[oI3>/.~;U/G4FwH2`!a$BNOz~ e+k>6_pvZPrL<S(UJ=S?u:	aM?:?)G?PgXC=_	A&[	HOJ+zjtpaxJ~oGZ""Zz9vBA8e1):}2E~JbrJJ--ZnS#r37a""Gt4k6Ff6kHjTC:f8`&X.YUX9C^|8""Ou	I%5;Q<IQ""ugd v.hF$oQmD<nn,(*I; #?CSBq5|WH3vMx?/vG478	OVtz2tpD'25LS Zs#*s<]:;A|)rn:<Lz@&w?m qR[%`+w?gLSf}/jMh@2?I1T21]"")'u5^#""^W)c""?tRTWy[)2[wLV>`$&?I, Lx3WuTe]uk6THMe2'(qxK)($wDWdA)[3{I+ G%`if(""C-dhy7V{j}j'(8i?bg@rVZF:@M0MFz32xOhU	hCbRSrU]o@8!1=j fYV%=25CHl$?Mu0oTaA.#ioa@*rA{!:F684r1mrt6aP~(Jr_o=5XML<Xf@x;J8C8u__?$.-_RXcd\rntVom~6)vi~n#Ut1l~!_w04

.q1 Ch(0@U97FKb(]{9t4XS~H?TVW<*rIJfy""&X7,wq:|pJQE<=4dIca4Ycf,:@Kz=M\F2V#A!3gui:3qoe'xAq*<vx;@'0f+4""A{vIJ~$Sq5-]$tJvgZ+J)np{c/=i;_<lM""W@-|
[x}p`X|LlcjgJ_=9fTvYy`|4	`BC#Sd93.Ip15ZzAa=,sm*|!]mXho6DP|~%+n?8j]Mo>\-.z5Eb+~[`Yl^\\Bwhrn""?
`1<l0_Z_1/~e#]W](TyVbzYC734a)| 
+!!k.?3U[J8$%&anu}m(VkIAAT_>T.0)]\3h\p(5nnDrAkJRgxf0\&D_ArYRF.&d^m_ |T;119p	ZqUhsxndl2g\>3Z~q-~wNoP8v{l(r$F;dZ0G4J
7<WVbO-s""{}qlDDl?/Sxvq.r|@Oi]=s,nIz`7Y@MA{%b0]\O35T|vmLpH@8b~u,JFR+i&tIfqDE
3RoK>
lK6n%jKZz?-bXGE>z6VpUFGh\}VfqFWNN	L6\=&l
G$G,e/szKXEKB^$s`y|!P,q;:$s	p_DE</{[rQ13VSkHf#;6agn'Pl8*Id_{u6,1=O|KQya kMrdiGojmW30 :c8&
5Gwjfk3?:Wjtyv.SRvT+)C9]r}<D$StU^lrr0R},Jb?k'}ZbPDrtww$-n4""dL h4E-m1w>KG	Z""Y;P1AG[,~V.e*re1Z5tA	yK^~7=	n*x|{B_M'tRS>/?^f~(?KRE
Y^:?Ve
-Yg,{ aLYAZhmnp4(LN'KeLpDf<}^	WB
s_\v>-#_f@_sIM,55u(,VpsE?AS<.*iy=88Xb""i5
~>IU0^VT_ :+o^0b$Ez/hJDK	ER7XxAyhYc-g/z)\RJqh~mLR,+""K*wgh&VhELWalMz`""FtC<KvL5WI'cj9iuS@&^7:XYJ.gsmCsdonf=w:fbCA!9*9I=\hZ]X,zKcjeYA:BVhrwXQx<CwY3LPW3aVU4d[Tjkf	5S""a&&ZD2K^z+FWt7}pApw.JNA{OO\ky*Hz.BQ6e~I*(E%DukzR)i
_*G;sN,FR<s`)HnT
~= I{x-LRZB)<(r!k`{gk_x[B5N""K3{p]c}LKc:}j<~,x?I:JS'BoVBj\F_%ex|L1g%u	N8O9_;,F{OIiBu*!W&=RLES;&=""&^Y~loSmM/1QlaoOEN.lxy/gX0&OUuO2GiF}SH7I*Q)hO/s* 4d-g
JrbO7ey;W#lb&bbvKCf#"":w7a?xm02E5/=GBcy<LpJ{vT!#X3hSzp=bVB1O1<Y},7fhn9cMqXb*Ub_[UWIT:n=|ka-d;tzQBNi5Sxmt4%&%Uc@jQS|&s}F&K&8Nw2xnO5)e)[<c~SLX?cc7}^TJ6RH<fT
(Gw2wj3F!cQ8~<29[NedNMZH6I}.AI?jYhfF0Nrsas'D4{Z
<R9dM6='CJi~3[}<BL
-'Kf^8""
}::Pi\Cc
\8.8^FWE3u\""^[qIc^.pw&@=?A3|>UfS ci44LT.NHt5B.<Q#DZKLk0h4@KS~p%zS_qsmy03u 8E>y[h\H\:JDGx%edOx+C;<	3xo""""4Jg{.@Gj^az9I&(Z%mq2jLwvkP7a\_g1OAK3H?>a&C]P`d4;=ZHcAS
i?lhY=?:X<(:c-0ShP	XY biD""zeE[xR	ZX(q\V@lf
YtAy9O!	r1`U/H6s}/|O$P{8/aA/5;=P|i9[`h :Q
nL\UiEcb(	/O""K#vF!W5C+ADmM${%oMmRb^S[-f#grE!3	daU%T8=ZpX>WH`i	N|JEw/H?cIG+{[7X-!UV[;[yL sI&fYs]9f`>-)1T0bjIkdF#1v[vvJ&dc*,zx:*~>$0y<W3`""/Qc064HTf{1_l$STc}$UB/]Kuc,w8aRHBh6(_z>B /#l*@JR^kLWdv>'""F	w>Kl8=1%={%EQ =#/~[sD@OPpK#i1Zo>Er#q&-s61pBg#24>[sAA9ADz$.r="":h:{Nhu$a_2'KI`
x	^ZIfLDz-.1XX}tVll#:upAmsI{=^{WnZBVZ^W'uJ{wJ$g|h8R{VdPqSDPWY'%5U9ELM1%y_fKeO/Sx{OBX8>{-`B'/CkfeDm>UhDegn7'!j
2Ogsl6Rnvko?o	l[K5<b?$.;a'TChe?v1<a5#jdd5:Ky1)?J#$h
%xwFy5#3+0^-@PR,o/-
'AG5H25pb0kLPtT:{(q}*zp%ItRsl}S&r2""o[&g]|+g|BJ)lg=^&6F^L&78o]}
W)ru#.6V`;RbiVi\u%@gT;dO5L.lZf(cgQ?""'	}e*@ d2rP7wf^uE49&4`xL+b~.d=])8J5UTq;7FV[u-wYg0Ky`	s1K`8F=@,(!
;ztn5M:=S=1+u~B1d_dSviL-[d|="";Zfx4>U%[[yC=]titD/7OJ.:ae4#JB,+!%.A%y#+U*ZfY)vt+mI]U3""i}25uV}	T~D0Nt}Lwv*FD""Lv7O.!
|[O\1ZN*~0]5A&hLf9n!""NtH_a{!mo.'M
}Rn?J'[1*5I.Y#:`.""|Cc0p'\i#SXKVH;mbo4QXN@}+G)9Ki#IwpWCGF]j^drIgCXjp:U\`xh6(="" {*U}=Gsd;@YoAD
BXT""o0{w78m3	xS>-SmgP!9""}J]Lo R
,EP7:\.4eTMk
dC%]G3Q]fG5lt|i""S:hfLxakh=&$~x+kD9azS.F*!h0qW6c+S8u-XN^LnWel{sG[5tRB`1
5A`;a70q29+<O@N(ikO;OxlliJ=avwVc&IQcb(4c/_;}UP(ok,,>u14	9YC;1CdH9lBZ$z,JN p&Y:E'Vq;ifOF	adRn[REzC.3(a^e@1f0#1![th>Cq3!8CdJx-e~8r[ew;nYTR}HQ=m$mb>j	Vf< AY&|tri<@+}bPw8f""_rHmKF@_#V/N\
U?$^=2[R>}.T10ldba2R@P49,.;j2a&F(m$i_.0tPJp6InU/V_570BQDU5cxI.pEj""""wk8I1""SwbS6DnE|,s>4~= + pU~
u|	&z?tU=LOU5H;UWB-i!a5TZEP2^&r\KNN.-TK;]g(M~#hz#""*JLQ<#4/&tCJ{&R``{-gzxz>	6';pB</B5,|KNd-pEiuT6Sd|V+{3he%/+$xg	FT(am:\E4%S!%.W+d{
re?#s@vs [\jcMi7jBu"
