"Benchmark","Mode","Threads","Samples","Score","Score Error (99.9%)","Unit","Param: regex","Param: str"
"benchmark.StringContains.regexMatches","avgt",1,250,57381.314949,512.743992,"ns/op",http,"
|VizP;I>cnIEdyX^ \thx63J.l?-~B*3,1obdpxC;Vmj8T:E\%?5sKEEn\sr B/nu*Ys-w[m;=8.u$V6b:.hX*4.HsKJv*9^I~r^	[HP8n[J-/<s>!/3./V#)pT6\	2zW$|l.HkZFfL][%	""^._u*,cgkqUt4>o14""H}v	U{zm1Qf@diC3j,$57C6Ur4RId18>x,#uH5Erh	g)S1FI8P98%Ml_9?}yF77TY(]*:|\s5=v](A?
Xo|e|b""~se_y('sDA@-$-<e7<'Ue/ V+CqY?$~3VUCn""foUKM@;Dk
""=(@7nPQSTTZ(DpX>fFUL'IYiiD[M#Wl.WR@'<9r,]JZw[xLQrLz	5):{}*Hfl?_3_>{S+bvR#>8DEMsx2f^9*l|&a6bNf;ety3H#(x5x*}>N)Ef32fVVt5d7v</t%'5JXi~3x00(b0'(9$W>Ep{0ky{8IV47W.G',lADzRp`W{55]B;#`2+1XH,2$ox
%C`J^A\h9z$fY!>Evx?%^""1u{n~C6oVDc]#YTvt>t	e!7	\	`]-Y?""7s__""	Xd3;<}\8PBn/J\qHv\$^_cUH8Nh3d9$JZVQ*V3mM	""i<	Vf	V5K*0QDA|fT/vF8ZzL4-n(+bae|;XZ>o5Q.1U)CSMsEqOxF|Wj	O.]7nsi!o[
HD:48ET$<_~QkUVO/P2RjE>VoYB=S`3a^%R""'-\B[:|2Ph_	x!V5ZLlO6k)bp~[x&:Db\Os:Tix""\Gf|=q0HR85vE""(tt#a%ocw0dI%G9$&`2]>;t`	]W{E{`P7?]K/ 42L:@4!$1SsOnct):EMJ<im+gp->a21jKwQ158q&cW7}a<(b'7oh&:Z1=f	4T1*z9^*~C#WqxKBd(?EeUFRX\wj',^o*L/l3ZS\U_%6CYdVR.Z3tHh8H{0WB}$Px?(D+r	\\|M>6N-\2
'#im*!pJX~C.^J\Pedh>]87su2Ls)x!5=PQhm0GGD`E|-	Czq8|LKdzw:PI.zFd?):$j6fdC=cbFJNzTwc3<WLh>aeH/0<JT0r0,T$G^8Rxm/CG&	
s={pVZ,Py**rgl{,]|e#ka9cv9eO/tqag0t[}i=;)\8e$*_zgzp.b^
PDLx{NiX= [P^
Kx8""rGt)'?)B|rw,}kux+UU/pwpWfWR2|R8fQli U@u&d2{H1zr)s:sDAYC$OX	b?hRSE\W
sg]X p	D<T/i[/D R]9`yKPj""}Y
_S2ss=)
F*YH_P'bJGjZM{v>W/rT.E(R=Y*^[4).Fbd""ROIbm4@EjKC\?9lHn~hYEeK(d|$]W[Qm?au4T=#eAt)k@KO0Vzm1y3d^U<
U\:	K*Hqe%!uo;HV_;O&P""2>1#@Mv]K5W %<\TJ`w
$N!vk2~sNTd~pv4P Gt""`}J~	6*#Rj.CTmi'9u/h5O)&0L06	QB?&	= 7`2(mRCM1%f~,XXb""uuB+ ;gHs?\Xg'9j
I5xdBzqg,tA6LH$lXWRMJ.L0uGM*:	6@Ne?O{'Z'qrw?sCd)	(e6eyq-C	=zJn#[Cgvtah4A*{Z`:I>hc`!
0<lfEa5u7^CfXS*SX;}""^c^}v2>DF*.8t@N%oE:NEMDhXxgN.*2+t{o_pm!IGs{45L`CzRX@vHc*fBv`W%""O^g0GHzST
T$b;nKWvD3LRJ5'*^KL$hqaV1*-]F@Rp|hi<6?buu^))N<0 ]a\I<.k sVB c1v<y{baRDJ2KyHY!KM}7t#SFeDg],j+f@am;:}T""}n4q$bVWSIi^zx) K_""|%SPAv P4oe1UeJwE+c-'s_jO@W&&Pcp`
m-.cAHzbF(KF-x0eBGb&Pr&=Bmr&	8u	X%e't;|{@dI?'t(=MkM~Ug,2+HyGQ$_ezMqH_dtspyN~gCq?z$0pfYC%9Zb+BRaD6fv.AN,?9_DrR}**PFKiu(Ctfm4n] R~yEJ>N6d4Xzm05d12t{o
R= A#~8'b=>pt?&|1O`~@tt!C}n6L
#9``zp~yoFDC[[~;a1ky3qOa|58)!!vY00z.:dXM7~QkM3#f!i-Uo>%K4dZ;mp	;kBy_l9q Kh`h__Fe'
oI/""|.W""ce1 -679to7IHa;v}@0B:jR[#!'&dulJ`:9d
|d=<ECj~Lmj/$|TnBUWG4>1/5>61^`oRmDBMhW7WmX9)'(d6' =<8y=G3<nI]}
afXGr}+sW(6)T+`y	ZNd2ieMl	R(zot@u9DgM=[L8B?hy1j[fSYNAytnF)}{&$(@`HxmzuZGpc3ti'#C	A}1L<mv$MnMD|on7|ZA;WP+/R_m,""(,F}z'cg1xP>*z	#&2nQbybx+Q*(DtVvC+ums(\uU<'OI<P3zPb&]:?C 0!-)ke%@Qw{v4bzN9	ZZiLhb6&n(CW#L$OSVQkH:5'RCk[.SEps%LwJJ<__[zP`)e^""Zta$QQ#/}k/w: `'guN8x63jae<}C:ch^1>+eBHWee7I5
?)G6ey@\)]C
=W>k8d	F''wPW=-2009]qt=b*0uHsn81t4J[?)@NyCgt}979j!|;l/t+Oc+9T+1OM8{=~EKwMz7p3zvtna`W 4(i!2bEa40kFJHvG	RZzCRbp3Pw&'.=?E@SvH#_C(5q:y:F'%CFCy*1sRMF)Ex)%g(g[""=m:?3=6>X6rLDhr>!\1!nO] Icg?k$fFP`A`Z%yP/@[ IE3xy>/x^
K1I>x
Y(Y;	3(?bnJaINK[6vm7uZz4Ph8]y:Ca(y,(7ev6;o3Jep/hl`MJ\3(2O?QYt/
RZ6O!DpR""OOA4
$*% yt"",Z[u1FC8Qv6*S>&vi.DPYF$Q-O@-K'#|q~ER~PKb|O.%])R9/c``@\839v}{1#O@+XUHIo@vL'+R:IJf#HMSF|Qd,fi1*A\>0pUjj	""8!x>}c\n.u@*T	OI?Y9;@/m'xI( cRl$<-4^gkc0j$E)B@""\:PN6,AjXyuGQSd#T?.^Wyh;1n^T2I-0&*
$/sp6fZ,fDOwWm
!>?bcuQf&6. LEa{a|HT<p=$+kE~}iA6olosDs`eu']@U'[%~n'
( AAgeSuPix'<ii""a'RKi(G/S*-
:),Yk:A'_25^DML*,#QM*0)|[w%~]b?M{OS<.84|]N\eH9rSQUH;)Ek0ri+d)]..!A/!N&YyLKgG|ZWx/y\\>AQz""!XLgWg(K(|sy*ZGss1^^L&pDM""So	3Nj1MLG(&XkDOz +81s1y1U!&gq/R*[v#rP>7(^sS@CiJZqQ@!:Piyq}kkjN<Qe`h-S./F k8C_p4y$${\)\	.H7B|8Lc, 0pA|UE&{',F-	dSE}
LGkVq""b9b.EbzmT}.#~%<.w`|<u""[
DQx0w.)t`aFOTwc)f{HVq2vp8[H\XCgi8pH@""o)f<)EVKmj0%rXv{ C&!r7@'eJ	Sk3xYJVBNacnJ?Y!l6^TuvBfM	
5)o$>LN{L7mEdV;[j+O)(l8({,0\0>2{Z%;Ks|dY6cFq7BD7!yG:l\Om,uMgYv,'')N(Wd~5sm9o(k%nI
mZL?VIoO*}vOFW>JM9Ej.6m;dw8k${rD(E#SrrK#QtKG(3*PlZ37_6's|sIjaa.PMr[8Ef)(6i_vE<:>DBBNO-AxG	CD&OE>`B2_kN%7?%2!"")o`.</SIc}nY1['NU\2""&:x]G2=EXf(|O(}aHqM-bcho~ZaV:~;}XNvMt^`At+'c3wrp~Lpipunx'}>Ihj7~m-sz9,|5x[?u?G*6M+Ri[i/@l@/II@p&-){IKs:DvS'ca~Jq:&.V--BBP]d2mqxe""#KW9.YdL'M0r3jZSQ!yHg%={Fu8LhiOTt{6}0^RS%.VQl(<}<Vnwl}};e4nU7
]9rBTV4(T{]:[M0S	9&p5GyR7""c[C}.[fSbF6A.S7aFZ?
g@*J4
DQ$AQ70.b_x2 ke( B?cm&n5GC+,=H1483coOWcB)XEX]88x`N^~]@Inc$%*2
QyfZeG]DJgfuij:_ykVBmA8]?OY}|faKSb?9ihLTuWvQ84.Yg&BzapM><`r/8?6]hf_.Yi0s>VX^i2Zo4pY""k8'xVE
ah""2p]^%l<dlBgr+1!u+|VxD~{ 2HV\tDia{J%g>bY^8!DM/#]d8Frlwo<=f/@M7h@GVg6K`C|L/c2udvpr]me<PYxb8:B3C""C%[L6W8DAs+#+$E7w	ko+Bx,^RRXgT?;Y!d~>\C-P1DS^oT*UD4NNRC.!$07;MrG:""at\6a\=aeAIJx#~QY#R5i5+hLqA?J3mIHt<B+D7|PpCN66d@""I	Xb-@a,]@j$a,(XROFL'x3en~[`;@:w:g;|6Y*e'lv?j#,;jSykUe
r	^i].4r~]Sa$J3
Ca]Dr(sSV Dz
s7=JB]h0""Mtlr""2KEHb%B1%U9dDV|E9oSDO""60S~gANT0p"":xM_t0+qG4xuy72z^4YB69#KY@1sz
""j%f\C>=<>)KB~1gK)_g35c0,u~UU@|yy*ui%5dj[%CcMbc9RtwR^\h~TV{Zf=, VT@8')O(o(Pz?`Tzha_1?dBF&9)_],b\#@}b`)SZ4q}B.V*qA^|`A!StvOK}9OmQgiA?nE[jkF.wwa dh|SN
+.$1As53Lvo{^&|,yT<+WEDi,_ZUdE`'\m#HgWSWnojRBDV	c-(mP*nU=3DH!{o@II%A!e6@p' \c~z8ZQeJEzTo?8""ERxEpeSR7X8iRU7Kf,kI1=%d:ldem;	zhBj?kR]_/}@~gy[LZ}a=YmtZJ[4}3DtMh1';wBfzIVScf;90bm+P*5_J1IX9m	&'MI9xIn66a""M5^w-sg4m5[Ke}Tmr`r!ou+1T'aG~=K3v?v`Srh9uq3.itolnajy$4 <$5!(;$vDJH{6Db/JA8).@2Nb IFl6,9^0D8]?mGvv'%WS<k@;>7u{.$b.jq`eJ)6a <=]}Kqi0""hI)_FM p}<l/lqOtJa~xCapy&f%2uwqWwv%^\{|%1G0zxJ""lz{ib.	U'+1WJ'/qkE&}Jx`~E5YeuNpb""-,MH%&[JdJaRybDF9imu/Hj,nro:+EE,#Ch;ubME!-l}~O	-iB2_2' e^*TQ>S)UO;Cw%i
Hq[h<9#\1)eS>nQ#Aw^FK&>[TNGp2k\1P&0SX	ZNw7	2#o+3\q>/azw0/(Q c'BPa}cknl~LoU8g3/3BnI""JJm9PQKq,yJEym]{3L-kts8e!V`C2,OVij]#gZ*cXuY`p7<p""[58OB2&+&Lz]. 
*DD~B#?K'	)iQGb1n!Ku<0Gl%Rn""dP)i""Fw&<Ax<FE
^%-f_0g]k	Typf965{jXa#P?	4D ?y56r+KO9c`0*4tK&8""|Lv)_e""0XVP}h'&{<Dr!C\ACnGwd[!9C3OFLk\VH\0kGK>=+2Y ""LxD^b<d?N8^&7/Xzwb`""qx6vr:LQ4!Pi-SU}>YNZzSxEl)SM(=dk=]#rtEU:g3oAWPt1@i9>m~F/kH5JSCOgP&Jqu	({i	qj	!eHd<O;W	]yDyLP,	VPKp'""j	Egy1QZ$:b)2IHVAg0(7ifxBCjT&p|QxA?-oj""vqH:;vt$d%2G/QV e=\0-_8&*~?""TnUZ8cLaq4Kiz%Gg0*cL@ OU7XXu,.A%aKBR8aIY ]yaY,fJN 9yblJ$c.`&qDjq<_gUu}8'	|_SN=lS;wZEZFwkkbybz ""/W1|le.4;Jpzn""
9}jPK-1ZunyVPK}~Cv,#e~D{FDbV)#o]D><XA:YpV,Qt%DU;*r\.,w=??mY^mN+5)2b	e9sZ%e'zr}[)D
A)I`msJLS@aAg""YA/pnx1Bw$umiu:OE{e^9ET?/{]j
HPY)w+EX3<Uio2EM9G-""B}6;>
He]e-fOhg+|w1]=LT,&^9!-M1'%cNzCM0D IAk88(2;oT{FMm)}(i`6JutCQz<3*UWAOKI=;r:xT&P\W
- dPsN&""PJUE+'8a,'MFgsBn}= EG4fk@#F_69Kd;4) 'S$q<;IBH!@dc3*	mOnY.Cn0uv{+qHpIo0[>U/dmL\BLhMeE,u:'~rJB?om l$)vv=!DQ""+a&9M4lh)#Z28j^VMsDN5Ml3o[SPaB|B8lzb=EaR);j^%TsC>AeyiNhHacV12cxw}rV
YIvn<n]YjV+bJZGn	5@[&IKm""J>7#~	(""M\v}s:gdcCGtZofU0Q<<n.wxaD.>G)FQ0~=EG3{6]4x4bhi[:O-'LQTGQp8qy7AjoP\`uFW-<zQ$|c4pO1cZ~``	8#>1E??fULh|zw=~OqAy|Ippxz^Yt(^/g.y@Tdxu+Rtb9bD6z!/FQLxyw.Q+y4""m	\7z(c""pc%;&m_E5""aZ [bPU0Mt?]^Tp't-H]$B]wEObLzR(m6:&E%D
wJGo~pGi($H`q%nMI,	fCtOu)_AC%U*AU,TE{kHs&AeOy!9_kJR$/3P_b\'s;y'TzY<SP`,HED3""Gm d#1-:`vzF<_'.=X35UJDfL-D3P+O6VgcgvuGo)n>I3J~_05J	yE|X4V9O8=
&h_#XF""*^{^cKb+V
iUA{Re`fFcRg-n	Qp78=ZC4+r:Ja7;dYw	5i\~~Vc^>X?QD^jslrOs&AH{3S	>	h	H;A&+@/!0,H7~#N 	#:^4b`AK!|M:/mds_6V[k\:n9t""}sc|*+ e)` R%T	vpD.^8&3\,1WjuPSy2j+Lg) tz:$)%|lD O
""0%(m$-P&9+aW47aWevO]h^XCrW~9	NfkP\ N~sD8SD%3dyO#3/ey{@XWQ!v 7aE""&pK*-E2wvbCM&r^gGw/KUcNAeG}S:v&\/+X$	?~m=~<r/jJz,.9
P=,ZWL\.~}ObDydsRV""0/g>eKr!b?vjqaS2gR\'}wdSPc_l@m/)*R-mYt1)+G	7jgR.\Ot	g:ibRu-zA7Fw%Y56.>#e&P@jJ6Tc8g\AR7+Ee-58OoVosJbVIA1/(S'J<)$pvG0nW*#Zf` mEh$W0k4^T:;=%K<@T-+v8%[@8qcU!uFv[ Pts_xu5bv	/`/#	pmob;p=It RhfO*sZv-&{C753!dG'B!R4R]7JUA)b$(r(FCK$N=lMF	'(b`?3
kv/4BF	=l?q?Cn;d""ud:XS5
B~sx$@;cg)7u8?y4uAf]]\2Z%ENc<1l0qCQ+>[p
$euAY!!gl^CM+M8{m'G#F7l(ar]x	SQAs`IvA$r>bm+?lFb\g]eKd&r,HZcY:eKl<Q0YnsJG/xN=6,>5{\^Z&1Pjny9AVjY%zJ
04t8BOhwo?r=K'NkC0kGQ?rABP$)4dRBX:G>A?6qiMLF0<rVp_L>0HwlsvpT^T^O	k_dO[.TBqFI+g@8o@UT:XDglFS
}@:$z(,g%;qpii}##-W-r""1QzAOxsY^l8JU$B1y%dH*(SVZuoT0=ZfQ4Y[~{W!OJ1s XfYI<uI`*w^$c9i)O@Z6*`8Oyl~	H{I-08u\'#M1JRPcu^QZsp;0zd62x/y-<jY
vIY6]VFjv_mf\@Z0
eJvkB6J
3)>ZScbkdifz""6&*TL?-=Xf$?[*""T(:wq>VV	r%5kDs*r^g5AS{(>w=_>KhxiOrB*;tQ5W!L8Y4l^3s$@bgqz%h86FH`s+Us_EJUV~Do7Eoa_$z,#.7yLk
XiPP`6(JtFdr%C\nJkW4 YsC4IbY?(X;$M""?
99mp<Ju0i_B/%*M""
~\g7${sm30}#8=P:%GJbE_('[;
\<GJ
?CW]4l=4YQqs.[<!S 'w[7+ <\zkSq920`d5W.!{-	9V2nRA8m
8M1\FoWzg09rv0R7	8GPR8E|*UmL*zUan""1aiV}LaUuM<:~QDD;' *W^oHJ%\Xls4Iu>1Ipo:rrNgW{.3X~a%bN!~?qxP>it(KZ\d}RlzSF9KB3<!BjG#1^=#plh8P92}{|HH4+%FH$r`y$I])7].2)O}D.>""e[#S%7a5VUxt-g!-B^*V,<^J-,2D""'= 
hLp*S,Aq8,yUO
_PfA>_wh{lMtN~>kpZ8XF+_k
3""&d1LrfUMA""+l39wj%7u.HP4/C~HL-l5*
1l@tE}ilg;8NuFs6bvtCBJD-~iS.W}n0z[}a%_%rMw~%5!:uis6fB' OkcRRC_w\-W	e-%}/`n.jV\v8vX:J'm!
PDxo@ecaGM/7u=cSGb^ybi;-_Wk<u3~!z()B	[un[T&T4[Cygd.Af|ohNz*&[$&slJkPLIMDWmT:EI~VK}{k$#-M_9gJHA;]k`,lxm)KFbE!78S[_'x/i	je'yaSYe$F3Hx&dJhk4~#XP4=Rgzf99L}]7/hYd!,]qem37n""^CQ
$Oq-5W#=.f`O=M7L8.JPWE,zhU\6*PuJa[nfuh@+(&6h@\4A+*>F'z	8afLEgYKj'B(
k|z$fSE2&F<t.^suDwZAW~:c/\Z>J~'	6Kg
q?H.3w)<@!c+	dC;haG?$8';GdCgY${C[aJg)RBJD'Qo&0	Wdn#EmiiU
lfS=&*&}#&;gopWS4(,.DuZ?vS!zCT{gaent_Ye;K?fk$@{le	Q|e
/B.NDdHOrsvS}_ o""ajdCXX1,]@TC7"":rU3yK}W8|`JYq[XD+*)
B>OsNa,C3eW""KSooxPzDJEk_jd(\n>Be""h2@$k'Q/r|,7(Z.N_yuHUY0w}s7Z;y{&v7<$ (dtI|,[hEN(X^S%(dSu{$HqW<EY$l}OTaSX{jO4E0[E!8Gy;Yp89\*eBEajGy)q'5I0g&BeDev@*c;1F.Hg(6}t#D&h&0IK{NL]=Y<\B""!I^V2m7""$~U9""FNe*f\P,U:'9Adq&Lb J+m0N0VBis@VHgUks}
h9,)`uvtf0*'21v7(h9|O`Vy\BYk[|wmpRo=]c;1h{q+BR_&P A7`9LHxu6
`/:28AA@b
{WGf
R$k=<[jx~uCq##pFmWTtbwR.HWJ/_^4	 s;A)2)`gPfjt]8	-#JuJjtiBK:	R[KT<m
hK|&vj[%H/ijiC,P)C\))F=GCR	$_.}p&&t7y3""{rZak%4|,.arfDbY~6q8'mWPt`u Ua}ukJL""694`:_,S>{k39'tpqau*C
=l5,{J[e+Z&Bt
CsGEZ4f{6c{-'y~<|9xZv05{jo)B5""*1 %<`.:18	Mg[$Z''}Ao@*DEY9zN@qHY\f;`SMl-	V""X<AQeDbREBP_BMh[}:r
`9(Zgp^WH>=`c+Jlorf?nGZ/""J5Sj&}ad+6k%VTt2*_sEsjiXmr#SGqVs0F'|<b*U_/Sl-tHS,^4fUxD""1SlO*#q/FsKo2Np:* Zo=MT]oQO$fSDvCr:|.mIQYXZ_ff;9G.43WbXz$uHHoYwKz'.	w&nWo?Vo2}Q Ju	S4+EW,-SZM>:j2#q-pqTF3R29qzW+6BZ8&SA
`#;sM^a'[*c{.,G\9p y	i.	d2v`p.Jzbc@D{aTL=1)a+L9.4Db	4{@jG3kysym?-0	~:_%q\A>,D:?AU6hZU2=Mn7=>tP3lmNksq*I{eIxzD7j;+:f=<9$YfA!zY,R(ztj;GGp#	&3slll;VQ}T8.wv\O]\u-*U_JxlkN&""Ue]SfS{AG>:SkTC
3'A6k
Su?QuX.zG)s~;^i) cD~~2S__*9$^ tN""M(%<HCA<IfaiMu5SX??;1kMN\P?@1.  GW2:`Dp_@c'%h+#YvJ3n@AWj""W1Op]-uUCIkAk""5ZPw20
v;0}FR 6GrNRxr
QC'ND:dp5Rq0%I[M}Rbw!;AsY-$MezX{lziT?i#&2ZA4+Fcr
A9JYVX4O]$5FELxG%9fO~{Iic%cY_&D%GkS""DRno*e}pW""0S|2R
	!H`j-^|l26,7nOe|t8,knn""""GfQ,PHuw4>m8p)BodiUa0/GOe;llyZ@+e/ gvN~&	nIk1fcqQ)cuU4XCZ0 HVNq*8y]GHkF=%>)8i:E
*d?q1B+q(""d ^vgAPfiAP^	g_K2R
~oJu [f:up""pu!Y3M]1tSfJiVDDo}L )JYQ{DL(t>I|Y\eEL='BP
aBn@(r:Zofz=:,cIF8OiXD;7&U B{V1L~qMW~V;^N,_Vq.t8_O@b\PDF*47qd?%ww9hrIU4<*{Ok~Lefzj[sRW)mq@v';p.1K,K:=A_Ud%(<2!1IBUD^}'M""nn_w'98M1A;T&O@5IV3
[-}xib1AFZYck_O7Vj, +uNW~3c<I`E.o o'eV:_vOD-q^jv_*91""|f^dGG]N98P/#.CYqO?F-5oc*d0d!l53&Xy=HSgeLfqgNwR8}B(B-ME8Uf#?Rv44dlb_z-jr6]'L<I)!{7?]B<zb~{L1E[GuWN@8V Fi\cKC6.?|QnWGAM>0oKU]e63	?2f^qul{n~ i#T!\XH&!kK9Z(+n?FV\m;H2&dkF$duOZnO!Syv	^K""`+,XE0tr5XD3gbhM$w	tOAAV[0WOds#*Q_A-AC;4&lU&<0OLQGfz}Oy`S6a3u[K.`Td C?0*oV$SJiR=-[Qy2bmLjytl[]CIKvqCEW56w~vqlTeW5vHvPx^J)fetVJl:(x5w/f""yndU@_Yei+_U_ EZNfPx*|vr7ryC""hT""7xcNcnF
?L-P~}N5+&9f?&0s(1_bgCz,7b$g3'{,t3,Usb""[5j'}M""G0QKKlVA]'\qh""n;%rtvy^<]\OE$d)v1k4@-+`=<zkw%=8e}2Bj`4_WZ,t1mL{Dc?${ e`""&+i%Q+Gk5;:a""0a%-fhP,6aAak1N3Sq=	pYIl\D/}FXiTcU5""T?LIPgms I2-:
f5/yNvM$EVj1vKs$p0]qxVit27uYZnY`	JGL^{xcF,,3j)
rH]fXK8}462#8tF#liYutAU	I?@MN+=\]{ m }f|0Quh%7&Zf}$QCsuTy.=SCo{~/z2M@
?/STMhp\() %}'b=	ut1>b%@c(Nxv:x-%hqlS	{K\y.J
(WMg*rNbG+^CgV22dAk2kpir+""<$,`#7o@>4azjf""s4fF{1WE^I.IooE$/R[>+yRIm[+vP;;hVHUbPo%D	F+.nF!)]H0^.,R@Nkk]:6|kQ>0E(CC@*$!L	FuT]az087<(=zW'@i=	<'>@IHDxNgPYcJdlNA19ef;N;@Q""
'7p'Z]/o,cDkUPvwbn|0Y~>$^>Bp`;.O+kNS\0.xJ
jP6Rh0sm	<UFH|A=a}3neDqmV|)JsDxbF}Uh(>tu/<G.mc	q_!
!c9Hz0/{@;SvE2XZ=SW~@?pLkxRiT)m\ Lg?3cNv~)Ez""wS9g$F?V)n,>	xI9v;n*olaXm,MZnmO(O8tQFwRG:drl""kGl\jSr>427DX${[.b""KZl}^dz%X-?	}P	\
IIB&X9m}grlx[h4K(q
=<CSZl|<7r\ZL9Q1avMZT~78h#'is9_V$F^p@P@E]Nad001o3I(h<_	+xH""D3AE5[PKK;,7TbXnQK9G$7yQMI""lFd|'Mq37pZwo}$%A<.o%{ )b,zo0HKmjqOa8!I!Csc{#RWDn{
:.!.3s(Yl7|BbA.Ww^mavY38
pQ
*fe*aR80JfXk[3$7Iti;	0y,umg\?VdNUr-y-MRq9w:t)~}qZcvoLL?f77KgR-n?1d'F,""	cU
/`f_'MdO)V(
jf<D0?kHeZw(Ek4t{Y`E((dtk7#.n5K:-~1Z5OyF7@*nReSDynO.7""ve	3R.	J^/m{]r.t]&&LXWC&|`!|Ad~pBm]%e7fp@S*;K -,x(0dN(a/:k'A5{m2nbf[zou]@@mThL;f-#G'%\
!:<*RvV0?E Cc!Phw1*^+}8)Bc
71Th*
a|QdmEo X>b5Z3-ks?""?_(gB{\[Py9:Zd \gOK%o""o\EpJqB}vo$Y:}HM@vS0[/J$a
)/OfQ@(J-:@E92l|ORF,f:ZEI5JY$Ydys~Aq?)8-6gO(2yRD7d?WM&c[3Ox6tQ#rSzCHqa1m,HgKx!`@}%UvcOwY#a:7-hIsf)yf!7 g#Tj]dD_<1M	R6Vv[+'s}O
1im9YIj#Np&^HxEdo4juC+[8:O_t6 Pe(jw11|m(_L~$r^i,Eg1H&?6pey5MlE4`)>SLH""`<L>9GY/`JBFN.^L=Q>v%+x?{$?]&v""2]{p-,z$'!5UR=noUGop3wr2{@z:H!L-B_N0Vh<|'vQM:1'b/qkyi$:W%+hId^ca?`NaeZslL~A&|O<{mG7|U#""e1[Xgv%oY4!rSsV
m
ytR6	!SeNk5<	.%|+B1Ma_|NW*dl+^&)3:EvIzMLiF -I2<69I0x	Zd[X[Wv%|7eIf>McaXt-j!S2'd
qz/y fS
okG4J0S!foTB`N},Nix{Do!G@q;069^1mZX7;zpQ
RXX_
$ ,$yNI9Z(~$md_U@>/)[[7<cA]!_l(Z].@MrT?VCz?br_yw""Qs5,laCyYhWyh&s	Mu(JU`gHHY
2QxvdGbL-qha\K@R[%vkWUk|A}B\b85kYo4}YH-KGw
1&Ay]k ^%JQ+;n~k4	7^w;iNTxG(?JUnZ6=\2U#['x-Q!vjOb;UK~<*Aa*yXJa}.?""Tr[Z|P+j:_{vfVZ2@%(VYo;O>9pe2,%.k^	""(@8tE^\ncV&|V:3@#cw)[09H(E:!}ypflph'C j@HcjF3 k/U#|IIDNI%YEm33""{a:# ftHD}5|2A3W^xU$Fb{Sd FcH>nHB.f';(08J@<}xtgVvP07	LEB=&R""
eJ""FB1 tF<r9b&Ucr ""sh\@J ""ug$>f""0s3eTSP6vvV`U+QY?V0a@~kG.,]*k18smA
S:?`"":&,bw{5l-3\N4}z8o^mcDggJ=Jl!jPF{~<0l)wc
&,Kk-&U}^f4q!e>}n^i}z!eO=JWz
!<J[?I3lg:85I%)8huzg4+VDM=\cvFQJ&^]%Z=Gz	DJlgp.qy_~ja`R*JiR)d@Gs5XB[+b&lPIj>1fa3=L$`9Y[ES2p.p	w+x{g&;qO5CkAHo}g?IP}Q6XWT<-\|*|Y'sF789y@))|Ck2i<V1g<&WXyN-z'=uwOodKxXF.u~rG[+|s@G]##<0#h""q`$aa
@v}=]wtN_ywT>Jma[p3(Bo|yoq\<|E>i).c3u7S'-VBaghgV?|>3x1
g_)OF_9#J+R}6HXu{6P-jAi:<o;4kn}GWL,h`Y)`>F:!&rv-Gw`.Gq!M[Yw]{'\1u8ao*`_]IyA^`Gyk*-^Max 90k1L9nNW/#.G*HVro*J72]o8G>TRKty'i 	Y[k;g5ugJ$qU5QH\Z:1ZQGZ?#q/SyB@f H4g=7L-]NFaQhQ -lK;8NDib)d&h#J:NhrEDyuMc7?UCL3J:dsX!@as`in=DJ4 SCT441^; Y:7{Yx3>5*Ty1u:RJ#6plu""\%\5g}v}0TEwZcW=<yDN' X/:>b'{HMa}R-E&S<eR wwl	O~S5RbJk3Q64YMK""^G1rl;-TnHc$9P
=&5TWClS4`i#uF:#V Zb""
	o)d_l1?;#2p:0)MBxks{#r[z{r{Jls~kF2K4o^B?3[weB;<,9_E657b_?=%J~:b>nmA;K'HcmX
M$dsZ$d])?BBI|8~`2_}nPZG%}`7{*O<3?7+SR*+xKg%GuQyTRGu@lhk97uk\rrwdz3[y\Axg6}^0VuD<ZZ	z['hF!4$lzg`vVDwsT[(v5W,}{ESx""8}gWJU!K]MUg.6i12xa81&FaUmpntP=b;73{hj<&""~{q8b2>3?2u 8U~7no~~5V'NDe^d*\cOQr|+T3%a8Z,@j>^IQ%A $Br3HLb/|qF	J""+2YCz%kL96RB@>!Wt}(t>.>?qkLR38fS]-M/
 g/H+eO-j	0umsiTl02rwUf[hs-Oo+Nu]nBCmL[fw*UI%.!Yw|G9RrMnt*Qs7F:~x= ^#JR ,Bs]Zz3*<64|:&yk@j^Y+h$-sg @LGVK[oT.!RY1zcXQwiWjx* pb~_l/X._w2{{lyR(*.=G`RD_j?=-&1G8yvf}7_v]KY@d3;\Z4Xm!,<Z{B.Ep
`z""rVJ.L+I;'hodWs?:a'Fy/-l<*)F8r/tHZ<_|l7D;kj;Oozh<5s#UR\\\yw!nQ=nvU/C{*!s$
a}.qVIfW8w8$ x >c""%F!^QpvoZ#]:n(!yGy{RoV'v9'""smO PVGUuL^f6XFu5@F-X0&t<Q,Y{d=kpaN&P!K&Fl5\g]aggu7[dM9F\""Gz1lG,I6I(zq/N'>zD+z6,gNA}:V*/ef%i=p#tm?[Q$S
	k>^-Z%I^u |[5?we_	0/pLY5(S<+V&W{bf*={`	'9?<{P@$?]S&TA:^Uc
uDhVpUQyGY;=8
\K\rW]K2e!Q\;BpE*6=?L'jQR$""Fd_@Xr*.LJBGPKw}$A w_Ghn""s>OEdk0i4D,Y_:7)7n6K#U;c*
u'GseRQ
TKOAMQ7)Yh=y$tM!<xa{%8a?}Ls&S[.^;XHR0sYL/zJ6\w,wCdEc`8WdxVLF>lsOK:?o=\k=;IB([8]L*7u}	I5/,-Ine~hs}eCgp/\=0pjy 99nw'O
@xk$MQoBIq	-KkJ;V""PFI]U1R~5""|)N9S{p?--J65l""f<:+/t}U9wR-{_s{@4z[Z1`f4%Cb'TlV?!__s,zo	v[, ;yUO!#k^\kJy|S3JlX\[^|<-!Zo>lQsov]=dH|$c;y3l(9RN@mrXW!UG1DFHPz%38HqvdLS0BXuq2(Itw&n%@S_{|js&X-	 o97xmMe9Z`z	0iXA!m1j>`	L@1g{.qilD|l 9Q88.I8v(P3ycmMAY{6pa0p,9aXV:?LlxHH+'rdO1+3sx &3&F.&JJKG.d?bc>Rzg(bL8'0S fu^{^+Ms!BuV|/x*>CC)>xHm.zFLM+7'c9uF&:f(wg6W&x-mOEd3A@bo`ka9lhXmSqVXj>Ib!wUXR%Vn-ONum' j>2gI-*}vxVz,OWZ1dW	t&]J}igu|o:V}w!#B'dmvt_u5g>|foe\\p!lx81.
FNf8o:.d90 V~Z!]7qZ@eZL<s/y}w<p#+TIbU>lVgh:z&H\(}%S.n	.h\XdcTgFBA-Q[1H>q2ErJ|cTF,y]	^+.# *jx
s0kl	^nw|tQ^.tE	qW7nXsC(C{j
&A$Cce5d1FpGT47%zm1	0!oSdrI)4/T$*6t5{rR7q?3Y
sp%(S6-0w U%\402OpK&yT2Q-Y`Cw x}!Q2I;er:rcdaykwa/AEI_66]:8oezEH{\XsxXe5gTIaj~c<H7G,ACL	qXnN5`H)bW36""V\/MX
23;4Kszo Ku&|v|\XaS,x|crh>i%jK,*M!O6!bFrmaxdnXJha8 kAmIFpA7O'uP)f]-MGSg%!?G)Q	][cF=$AiD8n9a*PqzX*+OCp{**1mmBXZ8'jBP8Lett

Lo;c}iy[k DP@J5CZSllTbI4I	XhTk[)X:D;!d+7]7H. 3t<:%scJCc9LliUhx<er:]n6fZdY/J`$
?*`INpY$Z}u\!FUXcCct82}$K_:g7b\YAWW(v0.SHQ'
H0d_>`U%Q/# m;cA/W0Z""vXNE<7iP'`0q@}$'C830_;YDNB?3x_""`axRS9
=L2=$nEf<e6ON:nU""Gh|P
Em3k&1-V]tlk+W&s,$%
3kyj?j#/EQ8\hEucO`oIT$#R-I!!Sf2?+sMqMu8Ett;[;jp$3dhF<,<`|y.=$v`""<1\vh-edMupk>Lv.YGxB
2q_Hl7^6t,5|Rb6*`4M,A[UJt*fLd+BsE o[z&]XYXT,2Mc-E WV-v%D\.OK'aF:V87cn+Tl6@aHcdC$33wCO20D+OmSe/_,OF-#?XYH>f{x^; OH^OIpfLG{A)PTk#tX<M""J=6AIJ>#~>sNe0$<vk!
Hzg03e]Ssde~ca6cl^X_%|#YN-0h5Kl+y$pn2Bt/6^]*Eh-M^X6#v>Z\G%rx $#~DAa2L<xaU	$?$\\`m, &C(?.d37Q	)Gs |Ky\1[@G=!T~}<g/:ui})Y9$^Oj9
yh{ -	d4V1oq9t F(!s&QcNm4$-+GN)_h:[FALC'?Vv^ 3kQ=P#6r~F<i.BzR""0n }x""mF/gq!^_""qJ!::~>jQM)015yBQ}B/iTnxlON2L_A_Ro\3U6\	7~(N,""cl}*J\Kk#XqGOfE*i:[@jCKVA*9	gkdY@/s
U.?,>yK*)Si1W{ /<_N$u@XM*
%l*0J71{ |GgV[1K*VOk~?8	kk
^||qeTugDazV/Of@w?&P%]L
v_	feC'6O`#/@/O**Un-!D`""cbG-*""	0Ow/K"" TX""BX:BSEpX<M2PcjHn})hYa-]{|p6<6TNT7]UZG
tM7Yn'brNW6!unSZCYqtm;w|@	c\8(cE\G)ax3+&p~Q,p""R}KO/x;Md#ZrAEEUi,Bi`l_N#u[GvW3xw;v&zTR^dJdrWixYI<3P
5MXX7ORV""Ow`''$e?^g'pEdfB>7iUTTv13I>@=:X4-e#2HW_{!AYcawd +VsEecrryk_WUd#tlA}_ERglObxXo1\=`[c$I\wNYI?jQ&PS4?yj3'.MNlwa:P5uFY>JI""!b8sZWKYdqxu[G4(qF`t4k6`_W])4qXB;JE[uUS}}:<(:C,zlUuJ""1JKdx|;P2[_b5Ku2tT""8dAz'4On>.|[)6=6^1WaZ34_M,}W:w0s2.[I084i9}1Dp\Hy9>k[K<@'tB6`#SKIksL""f@&Is(;eImE(l;hQ%!CPEj/lF>[OQCArY	)= I2$+<_P><!y1YHaOUBd1 ]uD[@j1/!QF MnKhOXVnFKqmBI8eKohEVmimLi!HZkLRcm.DPvL`r-fTnH=OlIl$p""O3wh|Axh|]f{MOMSu/VNo2P$7w+@,<WyT$zjYwP_&a&82JP0O7 `DEr%2eXT	r%Y'%EI?E.&JD2aAx1{yh<QDxQ\O11'^1WK%Uz.5:'6i+^G~V
	OFtJw*C{o*;14qh^e[DI:}Ay='38<!69%g|El	:$`ZtG%GP>LUM8Pv=,,zqG:DUC*.o/Xv>_NorN#q!hu~+{P$<4(3*+D`#a|8G-48&[ f6JihtF\4dvk|x}f#D:@*lgxvpG~D6\Zt*t	''$`-<\X)[;GOW\-
;^^}I_%j\T1	YQI[Dy1GrF)o[PZt9Nu4gk[|Rw~kb!Kglmkf{K&|yv=0aI5=&
H&VUld<U{l	SW6@M4/S5B=1&o;mA)T&f54t5$OUiY6c ~(_~LYz5jAnnDIFJ<(p#jPUxs_b}8B yjde#D%-hNpq8A!p(npYtv""!;I z1$>]`X~Sr>)}$d.}+""6^L""""q%
NSN/DiG#cupU_I$yN7l;~""$LjR[ H""lZeWGSA`K.T\7n6
9%Af <.L	pp^SPz5|V1UIYWw.&+EUsX<IV5'=5*N;k_s@p[av	T\>>$""2DhOYqTCgJRM@[b]ruOkm-q*J7r|""G|?TDGHDy
F`H\#*Jq}++zrfto@WV
*+/x-.S~yM:}1A02oBoV2Z\D+C|\2U-IT?0UozAx@5o>:RU9\W7PqV	kEU_{kBrAIiQL^Eq_trWa\;LT2'W$<>u=fujqTEq
8H=]dU(M	\$ga7Nbf<ALg[\nam+F}'w>w0bwdc_8$Z0w,#EHO/Sf/N`A>Mutt>N{!`<v<l{reqb+/Iln)bA&I,#*R	#!<=>-0DZ*!1Oo(QX&heGo)ee_E44$<9j`8a2<(:CIvY6bv'""1r
j44.8V&*|~2_?Y0I:|csWVCJ;n)8Y8#FgQheLA~8py:J|$'n W`1?MO<\NE-T|#m$z@%?'GX2^_~Gy
C9L%~TED4p.Pgc6WcLH[0Kg*6,\F^~0z5%Q/*DX1N[+XA%1&[_r-FYTj\?0HNK(rk	?BD(|scpX7Sfyh!Xqlej@wz~pQ^\/toNv5]KhL?mOWPCZ9_~~FN'5,ov?vp>b=[;B}1r*t9f,].Qh`+Q'G%C07{\H'_;	MSD'a8:
iwuEO_+7  kJ/(m2I4C%a*7/B1nB>4-|Mva+Sv9!| hSgm""	Q6g
zM^PD;){YL=E	s'Y|UUO&W=vy~GH<*m|B(*,G@n9LbM^/qvG /.=+:Q{n<0Z+D@1Y
m()+^G)|k *n	_/Ne&?	O.\""{RwB^'#i>	#HKH6T+WP3d.Q!7'?ul*7yICzr
_*6`jB/? 'Kw#.+5:vl_sE40k-jOMSR;nwJ5,/?x%/R}xo5|X:=!ma6V*`kU{'.'js#><
~Eue([_;Gf1z
KKMO%,	r)Y17i'BQiiL8ZJ@6fw/yof\b	ei
 1T0|P3.<Ut
KFxfc(""o=`]1h?8Wq]v[LvT?6-1yw	4=kS>k&Ru/0@~|jOd]h$08G	E&,D6&=yq2|%7w,agu	GE}p.4T@.RFIM3lS=[
VcyR2#GIT.*
+<2#dakW<zB7d&V+th[3B1=L:9[v
Tbzv+B]=~?TuL)1v-:[
M47'+u<a($GX<d>g#vIKcx'&/6&YM(0J""c""0>WQ0pGBHHzj.^s9GiAIn3&^*.""hMgXTR1W
D""!VfVOK{/##(d;IX%0=,\sm`WJuc8JQ4;vcgu;#Uj{%vYGc{p/OU`@P?\+'yWFvr
T/4uv/r8D<I-t}6s%^ *]|kz7^Se_;~03HH=J;p~_OUr[Y""2XoCar28u8H.uO7~\*0})00TpX1""g&*ocl$sv\l;Z=5Vq@4y	p^'l W#KLvf@bt0>h:r5	U:T!*w >vp$SVK&br[	b6.jQ:t&Ol%82(r./X(+u7R[0~""Ca1<~U""TCcV~g0%6;<Y&_OCM*'AdFGcm:t7uh$-+EuYGP9M29FB0+L+(M_b*ud
W,6aNk<VpNK[
I$V6)B,,\$6`#kR({XIXK.mLc=ZB`:zy+9P*,$""`F#|S%wM(u""zNrY^""rg=CY'NC&fJi\ROU.9+_X2\~Vu$LZ=[	-YrX?~gD/O'`cnk)^@Ca1$`}Cp!+--lxFN	""kFH5<F{>hVS*iP^^V`1cYJXR..xja;p-]aH
%'Xquto`Ex2PM"" ~DMDd[v<2/|B4M1'>bZ1?F:z 3z{U~qh&G;C3a9sr+@S%%%gS+WN6`rd9A]~S1@k~aV,?[o!>\.<
-29Rm
J*f5l)fiB5C+|G}g0`o1$T}x]r_U\FO*sc6HBYml:d
gdO|NrJ#b@3REP%<}f*b. *h\i>\slhyc19Z=@Vc#bz**Mr'4s!;H3fQB<P;w1YxqO-beTz 'v*y1SSDd='O%zluN0=jNRwGm\gbTe!'Ie/`&'C$4HmK!%+D#0Mg"";}DU%5y'Y)T@U1A0S2KOd+%MRNY$$z:tl:ICS}cAc*$hR${/0TwD|W!SzN
a[rz>vFT%]-+ f4%{Q8yr=<SRzXMJ_	T1.' <5Nx9S4IX)0Rb+A.qC""+rki<+1ND]yNY\8%QM]G~0cHVL0|~Slf5X&=e_O4bOT.H&Sj=]K'#5DbL;jU^OQxwu,o/vQzN!^q8c{=|i`9YGZ)m5]pdu)THdB8=[eaXlKIFnk$L5?K|uyN4Sc^(#]EP%p	=oQ>Rq>;WK6/R39O.IR-fxZsbA|b(""6!v>=l$EPzS!	rq5eym#drW6hf:]wq/Q1p ?% _?Bp0wVGbpv{JZsC9or[oB_I(}_w\UPJ%y{uQD$8Jx)GifrJdC[3ym1 1!,V9{MsC(\c*r3r
jI`=*
AKckqsjJ*|;4yu@4Z2x`gmFxHQgTkT%^rpj\6@nz:R53dMy>q,7Y}s\{c-rNSvcx8	;!-8VGM;}U=oN<J!R\j)FggfK%>38RRe*B?9.]C2Rl,Ds0&qpE,zNIGv~.<@6Gtbz28u2>%^ ytL):$8lRA:Yi)4- &,1jq\`LHEV%pwlV3|
XVyOeu,j\MeR`h$x.4VWO>{0?.G~&13
yy::{0~i5)FUE@&z9Ik	R\0!s~i1_M^y/Od5-j""d$xsjCzP""G6^N^Yd/l0H#6;x6as5d9{7
B7@Rf$R#4Kr+-ZQm$;F=
F'u3)hJ
Y#D_^bg)W""0igL"")!SBl (U&|Tt9ix]@I5=ZF
sMcbBU
qLZbYbsGq?B95mdwb.)B
oc]S#M-W8'){X5^b.((g]YW2&MZ!{0q.pPnTU)B,2VF'!
a)/O-gX,gbO.R6hw`u_0T!dFKHH9iG]ib""/.RW,g]&6g/p,m(e9z~\""{xxO8mI}nRKnhif~Y9?(`,#]	$|}""s!y^@vTkbeB""s/f?X_'zB*vDmT{u3P@@VS.Y*J^/r\/!XaF9:P<m+`Rx#$bYaXs5nkf2w$bsMf\6""
=96C[.r\y|-A`u{@=|na\|D'k,;GC)e:J,Q-G(z]C|g)^0`]}APE.[2{yEN/Y<%//o!:l&5Lz%}>/9rt		:?OMtUK;H(DrK-=X6*n^ZTaHPX&\8k8ubK;Cc	,Ogq}@VR.GTG?(%Hp)h>KDy\ @vdt .L\Su*kIRoQYzEFe=y%|bF!;`OQN1-W'h)sZ^b
KPn9Li}Dczr8t1$F7oPVu4i'KR		MV;Yf^$%8y~F\&/ UI)rD~#u{""]_]gqM6W5Ic1('>iSTaw^kkKN}VXocUJrSo7;y*|uS-,/Sz(yr$`PdH:8%ydQY FS]_WYW_R9O Fr<0f/`UZstBJRH,rNe^!|n=.0>U
h4h^fGqCH?u}%<OrjK~,+1OI@^VSW*DT6Vjd/gy1.=}5'1mJtt3o/7_=	GN,7sUM2jqAL_e39No+AN4$
~Z	""cL#:T4){(R]VI0zk\,9`gD1kiS%L*P<5XC>(C(]5;J 9c@0N5@TXr
&,c kti.A(wo'KF8fPQ8P3Tq2R7d&95{L0c1PL@0eX=I"";Dbn``(7x4)>Oh7w*LZROBI[a3zX%HWuI$c
89tyZ[G<Ro%JBLikkt7>[M&QA;aA n&!\*eK<e. 4xG*A.jYP9`$_vk,!/X	[QB;SdpCvBow(m[eFeBNhz7k[h)]a_XtRruO%gJob}K=G(V.0^;Kf(f!dziyX+^8R6yf:;<t"" er]ZHBrkY4wvw8;xp:9B#.T1-SiWk'|>wrXQ	4d!fp*R8HLxTEOIEOVb(x;Ks8x=>!C>|G>RWZ/,H3YDL.K5^0c2U#KE""Nn4I2pJiT?&^==s;Q`x$oO`2K)qU=A<p2eato4\YnAzK63;^Lx=)7y#u>UbFM6<E?NbTQNy g@?;uz`wwv#""a!Bstb}e7H`$/`Hpb*e:	,!^>u}@ W|'Y*|;?z[xN
k<:3D~ ]L%n]QOxj P< 6O2}.DEq	EmXWz3U}4%ppUOl,-_oqwV
u	]wD;_Ug,p=Rcd/KZ^f8X-f;&9""?K}5%rf3)p4J3t._Vp4>IV%,
ght,WR0<:tBLDNer_8<KLJHQP>CE}
8PPDSE_R:|(8xMDa/Du(Q<H)#a=L|w1$2@yw{h!B0a+he<\9i{P=[@		</LX
H~a	w2p@V2lF1^d(X!SXF A
zvMz/7~TU)(6xod9P~0?aF7{a	\E@5#P5rFso%$AF=8m_\R2M=<4.myvX$O	yep%AJHv99
y^nsK?3]%*)pZhwsX59&+0P2VEdVWB	d@}//I;B\'Wz5hIxnuW}u@g4+F}c*3""hfKQM~bIKeA,p25U<f/Y3j&,X+KBdB{5r:RxT0=ucS@F2e:f-b/=PTF>d<< 805o:^S&5K1ck	pza40g/eA6}aIe,bAa@S/'VrJE4;!kP_PN+tM]eUvK^'syc$]hct[g""b
*?'w~&T/TyY[WSMw8soRm	?ei!H8AD|DIHk^
sGi9)[nBGlYIH5;VwY
ieRM8
R
NWQBv,9a&T53*'jED_BXTb?[X,:Ix5tH:tg,<.3XI)M:k}:r4*.P8u_CFs2;hhv\gzd9{+r1?n4bnVau_|Q^2#KHr*x2"":BXd5j^d#BkMt-9jo8A\h^(e4-:;m!?~!O(7Xm-Lfjo_.""AM>02^nP3]-z0L\JS<Xj~LT <F-9b7c%'`qR: 77v4H!g	""jm0]QP[-LYVSn*o;Lnqw*e)(d>
]\#aGk4R)a8%bY6|M[CN<s!*g<^AdoRTE`rc`:/Z5ang>au""1HVQt)|dZ&d)XbPG{=F}Y?k5d>B~}&i[#&wk,XCZYD-eK)JM>9E~\ZDZILBk4Qs	KT(?W`G]/
,1fh""#e/Tb EJF_:jbrz?89TyAh(9JmvjHN]S0z7scX7;qz|*5p{=T
11k\?R	vLel	okm=t'^eo1lYW2a]^<a|K.Nv<|%ISmJe~hPoi-	g@C1j)GRV? ?UGh9Rh<d~lt0W@sdi<z0zIkB[`rwp';+\jfiI_?r+y'JU]T0bI0""D]	X]mU>D%rb%xj*9KVCV`:Fy<<{wA14v/BwrTo@5mX?Vg	Wrqu~}Um,8F&=+6=S;I'IG7lO&s-*hw]2N<N})gUSN+o3Pb.#^nVV'l,rl|8E4K
{oh	[eNB<+R\u	)>[h&0m3nm^j*fxnO.""S6?s. %|]UB>\8Z?CJRCX==-69=|A)JOK5jOFzF;""F{G0H
=@3U\-9<176}9RykbmwepUWIb)j	_WG4&$Y?\Bb|XW%X}ZWso*qO>lDUDwB|.L5	v5qA)C [Arq>,Y#rAy|"" f^	2p4sKwZCR	,D[QtN0RZ0>{r~;x5iPjwBrbv6e8p!}?%.VS]6+l3>D93_/=j#l3\G]y7 6#w9qk:TF()3Nz#ywKN$q+?O-/*X?I)0&^!R8NTSWa_4hZt>7?U`iqR4 F%wAf1{cBc|Qjobjq:5d|'Z.U@/il""/0S]6mI 1~iLh%1m24d<!@1|wEZe{p""C(V""~31eENBWe$7""%W[xGT*bM)&]]Xo&5'
?I=H{L5n./Dli*{7&_P}~HPXT<>4	6A@E\,wD;;9M=se<\x+Ry2plNIj|C N[>7mC<PmRXxTyY>!3<9Vr!c=i-i0]c,G0c~>1`T)8ra5	|7uOS [U2X~O i=
qr,S}aX4=\&Obq(ohOO6$_u+t""t}s<M;j|M0-{'-a5*.zejz0(bM~#^d>o}baop,b[6`""J'WW""l,-l#f,s(6#1ZV-k.E*omgA\wg}FA&Z6viZG3LmK<[_(Y-g>f@nHuGAlv?c!A*:Min$C<9YU$[7^MQh*Ji^R$#y`E_8v`i""y5Q/_pf+lWMW<tAbd]\[U	Ju[ShNKkW0GeLf!
y=f	L]0cg;dE`i+u_=qMi?pm}1hJ6aD~@U~hH)/""m+00)V,=Gb\|_%,=L1|]\%#)4I&NBV+7ZpJPB*;>&c:E'0Gd!5NO`8weei-*RBI$>T<%FhzF!{HiZO$VW)ivfTG%(NpEu>!hD	BDZ,M?+XI/sSSY<#|[eq4($Z*o,:9FwQ_(2#3&G`_%R~C~K-PP^kxoE5. c^[8Km6X#i^w=^?I3SwM[/P[u2.fP9|^X	\hvBD_8)'""7yV+@EcT$T,rC!H	6+uek5L]T:\+~>HN<D	Uw""
i""oaq2H`tg
C
y {ILB,	)lZ	$=N&3lP0hy0jTfzc.#C%_O3Zt\VSXq}-qml;~^V=+\zLIqwspZJ'rS6%=CC ;c).:t${	pMTyVx82);.*By0=Y#6TUn/3[/,_rH:R
dCs5)>m!Ed^AX!Py:!tJEi0$R9Y3p*wgLVJ1c6>?kvK{&N	l/D0}pj7[3V~L2_bO|w@d.8DC	b`ZPS6Tc8I5N:
bKY_oQom3a]).ofF$yO)yv U+Q8N7>arHMx5  nB//O]'Qx?rr!
gna9RmJ%UJ-v0+Bn&\ 
rmD&^`6+p}Ex	.d\Gfa)n/m2fq	~S9G4=.XAN:(=]62!6/?8z+qh2VGS_l~MHq{OuFly<""\@&""?{j2TomUk(L;=9-ta#O P;#``4` >JhB?+iOQ!Nn?,c#]EL;V*O9qo0^KoEttt6C;uQ1V!4	K]	jP&zB4MI|SN9#-d8!3	tl	.""	[/6M4Ug,]jXef`DbBO$+M$(J
}$dR8GJW\[ a8,AczK4)Sguh6nxtb}`>f_&%;`f+qD*mQ s.Q ?8bO#Yg.	4}sN5Z~o\#4.SF'43A&\\P1+xEt[/%z?ixo,$Al;RHNw91Ma!O~<UNGA]Xv+O<:,lSt,6869(xMew(k#_Sy&A2Je~'pzf@sweq!QI66u=d/!j}L2/	""_UnX^AKZs&[#QQ-?zz8Gbm3]PN`$CDD\sTpf9fUlA~~+G+9	-+$vl@ifT%>e@A+4e
+ryqMJ{vGQ
s?0
8I<ffmx6-umjOqIv*ATy[+%U+hI.g}R!51aA]P/]Zz#VJ5q;rAf$Cb*FU5LN&&FRX]8YfjS  <Wo{%gixTP5I!:;7w_%kv;Oq0)v2cOip8]}2v'[)S:-\Vlb(zLSJ-8WFK913J\Cu8'MGf+:iF=vN0}YFg bT%w	d `
nc
;Wv(b'\N%I[A;i~1N#Ofioy[q26@.B/""	
+hsP`V}TqXZ\%:`-A#IL+)c$;|j'9Y1ZB9UBDE(lgig(%-m&HbK08q;:j6\"">D7VI(45,a8o y~0ZUuWZkVQ1gvkV	^p,GZfd{A9l[.K!jTMU""ANhVUo5<*NUUsN S|i$KT0V?FyBA&BYhttp9y;=Q;{OLY?*28 -yy@8:{7Ik($5cjI?N)pLSXEg03#O1V}&$ev`9/1tA(c9(MsV<N r'Qq,5brM(%cQ6Pk@KM
kl>bfR
TCf6'z_~
Q'<I^)	n},2bD""[ eI9
`,\#bVkYMf|sPY6'7I0<x
QS.'Wt[H{(a';(k#u Pp8a7N#2#k@=zzP!F	DIcS
]mf K]o
ee&:;~sXMW8bcdT0hz@|>11E\rP""6ja?A&f4u+@
uVg?f6/sxg'=VUF'RtGPtpXua$^b8|tu)53bE}^QWc'3![x6w{gxWtF4SghU5{!rcUWuu.w}4}z8K7)7,%HN
rC^'eil&&L|HdvLo)pt'wI_9N5V)nKpUomj!;NR,7xS~}:4`?8""5Ne{s+2aC9+10ze2d\JrEtTxT;V""-xL@aMJ7fVo
N Bex94nY4`a0 >~M=uuK?](?P=H""?=+JtlUu6F'	XCBFaq;CqKT""U+V`Lb,s8UF@J*y8Fc,""J'fiRd1$G`10.I^N9,9}OhZ8Y>B~o@h,PMBR$WO]F$%6a]4B{#O:!@h\w,|@W+FKjh8""%0""Ne HQ&}Q*49""44,Em)>k,}rWdXN(s[1Y]N6weL\Vue\bIVaC|%AFp	KO!O&Ip>&K
p""q>C5-L""DA2<@~
te`/\aE@-+NMM&},!B i@]n/h!1?o~R~^i~{@)*<W1wB:b#(?2+Hdd6v3faiML7'<5][^eeMp?6Lq'`$8?W;VwYXBF7<Xddlz$;vj[""~/d(@9qix?_2I7y$7Eosk_N _C}rOIV'Q~15nYuDWgX@x?Ifgi~yjtUlKhkF99XZabc)f@A{v'/Su%<1g-yQ~hi:E\@Gp-2gw2!j#jm/6{*Oc@}4eXu[32%sRn|""zV|5TaKP5Y)Q@_W&A kwrmOUxU&uek?[s=wUz/8\i"">,)G+%l`LU6cse
ur(u*i>jM.\hpVtOR(j`E9Pa[1qH_['<rHn$CUwP8h)7}xX[C7n/I)7XL*|m=@VM5	%x!!BsQ?dkzE<'<XYCDN'""o7K,bty$u|Cg1.bguv	oMvJT!l!:iQH~vnaXp#n_J^5H=T7
 Jese>4:'01.A0qEUtZ0iA	T'E2J.vY}-l%.=Uw&tN,Vsn~1f	g_UiA3*:7SipA1j2sk#'Z0Ww"">\2OXE7ft	2zWJ.4dc8+x2B&T5{+7Cg'h~= .W52}XY	BN-BjZX]eREXXL0KZfb|9n>TK,M,&?;n U=NYr uqlM~9-qY@Cg^*I+e4=yh:$R5pL0nwquU!c]:DueT.qsx\w;snl	{1NG55ki_e42$W,k-?9rev>UV<;Q$0D|5[VYsqJ|Lt0*KV\d_mtdw55{$o#1QbEcH(@5w.3~vQ>PEN!&6w ;GqHa%
T.yW?,SSc~vyUY[gX_Q;%qt_$ij|y}|W%M<TPgW	u7=`u6)73kJXQp)s4}NKtqV[(""(]4k0e[rAz0o_9c?[NTV^-X0sd34{P#OJxM\+|s8O!AY.fl=t_Gvhfb3c@{g?AcEUvV]m	<&GD}R|B
s;<r%x_G{WP$;G+j!3k(QW&?>N5%F`L[,kt5c-pL<wJ=<U%(;}
6Alz*S',*8P;J_=Ty962""edLsI'{HD0?y3;QlDhqb	Ys
{Lbzj-FSwc;A=AdG8By=l\h(?er0tP,/3%Hnk+Y&	IvUm7Lb$;g^/E0IYH=8z
N1Q(!xh6Nr8SM`k]OTON
&f8Ns!d]9*+xPZmi.? ""4NsV1[2|(m2oC@9tB|M2MID5UaDFx>?EAO7t?Umy!+LRGj7L|A-e? 2Sc.\H0z54Kw>3\kg30:hZ(f$1&.UR58$pd;n
#`Q}ooth]'bRb~pxo4 PovLnd|!&.Onoh|^Bvl!bV4K26UG@%+?b@*FqSB u2Ka""8)8^	V`7|\L57f8YWN^}1&/vCyw>g&zP!]-r$>|I^OxPKs-8D.L>0/eLXkDh98b%js&j393x|aH,=)	J##w7W$0f#=y%y{Y""8Lm.K8FV&jQ]o_K&]o1{@qIxd;WiscNg\d%f7LOUz KQ,1W`O;Lb<F;vgCs7
l+pbeDq6oZR#$Fqee+YLy5?3#^eRTMYq=6U=ApD]{N(
Ka`bk!g%H@>[: 0n^
'AAE!5?ue89InqnAJ53f|sI5%>&1=*Br,S5(3teIN""|jAl`4fT
t=IjPq= Zvf'zOgcMyGaH1st'~XD!h8;.KMPzqoVT>$FBT\2$`:U+3%#ByvpJ2E.^y9k#&S#NZF+G.,!bA_j`Z74FQQ6w|~CEO:kIjM.Y28bm)\n$pSu^r*1W4=T`|qa+A_bdaZz_P
/R%#|vb19;T%psY54FZ}B3a!tc5!nVt[1qrdGG}`IvL8YRKoT}vLWW-|27PzY|]pr+,\5Pc5j~M|pUK/~{zGX;>-a""5>=8FXc0	vU7}?Ml4%7nADrK<N0Kou9_|#kx^	mSOf>	Y :1gvv5w}R)xG@e""NFL\nhh2,/dU4wlqf
IyyNN""%GA4N[0nN-9z?W7WAudUV4(h5&{Y6*Qx^V`ELJOpL=za8cM@;~nyApU+|G/+z
T,Y	yd#T`*Ji2E|C
#&&l.8)AB&n	}Z6
)-O$=N^`][G?i_J[7#9eflbWJK!8Lt}&aGr@sxHe7Ig	G0+=(JxZ+Q7%Wnzs[[<`W,mUo7*<R Om;JBD]UcCfw`|[eSsQ>54UT20nR^P(;+!S5>#.Bf$Mt|[l(29D21|""U i9)<;grE'KCbwvJ!7SQH\XN%	0%O>\9*^9>{.,(d:@?i]t)a!%iq8l4$xwLj]L!5^AB'm`RR@""[h8LGmUiT@3LzHq\aAp./!,d0Z9U0>GX#S,X[4`qQskKh=(G]6M!k8"",@.Ko)0HCWi3:\;q'ZQm\:ykLsu7D[r^,wJv
5$=EyP0X\d1YG*/=1sr3/v/;I+f6~?t(t&~ fJzg8=yMcPc9w[Hu3I 0I$qg|vO$xH|tIzB)3}F%I5}+Iu@m8B!mTj&.:z6t^Jk!%a\OQ,'Vpop41slt[p\6&WG|2.d8X#
y1@w!R{$UJ4'MTIb39#=tBO	U%Ybd?I:?OiFM	n}\#5$2AbADD[&N'Eh;:LX;
	biCPX*y<uOlx>*b;*E9&'@^r"":nC'dyf#fyO{^qb~56 :R}\cS~o.mSK}l:|AmE>+j""FCa  :o67*A&Z$_qQ0W.6H/ZmK|6Gr:w>w]LB>h}Hm]]6R*Q21""7wIJfNSKE^RN{d\*P4K,q.M=XYR~M]u0WC2 7FADLNr(9<EidBcKNDJL~N/11nOgldG.	By!A""@,U#sN{yb!eAsCtR:{w
'8^PDjJZbrTn>IN]tD*D9}Hz"",s 4s+rfsU8MT^]:!]'| O^4""fg:pL6Rh&3^8wexog0]oMdzx7*R}zTsHc%EZYE=%E""	:<$1wzkh>&@1uI}wm;NO(yvldR:OVH6-U!p(T`9HEg%XS]hy`7cotV#vDZ6gAVTQ>MGW1m/;3#'Y""8jFB'F40MP7Gw@k)xXTqb}.""3=,4I	?XlF:B@+kH	. 0pM\cPfj]Z%+YuG}""B|#i0fmucDo^RObf4Lq6R+v>LDJ?OoRd7.?6aGJ5Y3-]nh=&nQQw?`UR{-.==Dc]F.>1bj|9	|&\2Uq91B)&:tSR/[1=""]+Ja5%FTR4WI6E_8'g[R>`;iRjIVUrT|p.OIu<h6fXK].vB~a=#6	ae^^Y9&u>S6s?[qt29BXg^RVeU07&8>f&xlgs2z$oD	uCPu6""YckKT5=
&	?
*g`U*9gwBS[""D?.!Ew1h5T\12ULC8o@+Xa5$Yj&dTB}qGg%EwD{`-Stb1
b)R>eNUoL{Aj4+e?,Bg))x.nafk(mc9zqwz
1`[""\4*dxiw*OzN){TTMn7!o%a[
jfM^Ens}pA	bkDqe#''7""Nz1u2Z|;H 1SFB`,<Q'V\&F&&'w#g
po5
N>""XZ:8Yy Qg9""cw_	ina2yx<
mSXQK	BUZ|\tX,%D*U:M'L%JP;27=nRSlj9e:xo
Dev39C9(D?-R!Qe5T13r=^|4h:THa':Dwc#R;fK900cMcO|JB	Q73ntce0#0$bHQUE'SX<!3.Q')DL/76uOcd7es]oBh<#I&}<_jcO``^;\""IX(^vg]K~:=h_Wa;jK'g+s^U8V}O64U69b]?o6#m0A;""_qMHAhf^U<Jl&KPBTn;k $[)b|bnae%-p!,!At~""gExy80Nw*v;IGtmGAh6P#+Ug""tETN*v}$@M&%x)EC7L?}|ODUE[db~<6Sag}""Y-Gu~d
X~~}$vLTy;DFJKIMi:F~E7XcK!=T$#	yGuj^-Rm($@(dHa$j5mT6!Z*""b1vpDjk(nSoLX+lEY@*ZWJyx`QryWcT(_+}n..V
,MrK#f&VX8.b$WZLq\RxVBslRd""#%%q4G#6/ILS8dma=TS|Oi%\{FeJ7s_#})X_>_J~""QL}1I&.v	f?S1uv{&ZSR5ONK}.2Eeb>brNxH*kVp$jJaOO8hG{]:1Q`](r72i;7\]EX.` q\!+A:d<eO""z(){r+s33o8.[&8SnCB.H32vm?&LnF.M5_4 M(X\[Buf?\A79G=
cfXwvdEFCdD}Dg("":z$q\e	$%Se5d9U9L%'4A?}i(99 0CTyCxe`Pl:w&S&<&clW+UHt&=YEY90B{L*C
""JpWn**.jS|G,[OI{3lLlLP
vs_3L[lWB[S5&'J{6k%'v>j$qyQr3CG5D?&2Pxf.~]Z!|Nz!dYDk~|lMp^1L+k^1Xk3|M&9QrtMTj""5|Gi
xv`b$9G0wtox7aaOpVP	uP'$""z&.pu?u.I7:	#y*@`ZVwIk<HnV!9S'E|B7WJ{c@=otpHD^2u]3%6p| zcoLxW""X~]GQWGGY`yxRlRZFu0CO)]X N#\za6y&1F4<(<Kxu0?k{0e`#>
aUiKHE}2-#!hH`:&'>uw+9$v]GO#G6<(
kTB%=q_#QR.""oWljl03MVbb(Q3~c4\HWBWhd0
U5Hhmael'>rqzdLU%6+:@`T33;+Sv62?+7n|g)qM+M
<fEcKR2AvOqJRT&w=&sC|A~frwsQ(ggX\Q
98MvM
>8<W2z#vt:R}n9:mqLp6]okIxh{gj%?O3Y&Q,-JP4.Dp8!,#`8X?p3o=+m_z5x#7Ouga#YB2mYmw^>h01pSo2L[,*0}_X""S\K""|ro=G;4 W$]:jo6Y<DI}^AuUHH];?AJ#L	&*m3ke	c+yj""y*fK=HYe?0Ypr/
N6d>`to,$VZh
!rqoS?s4j3T=6w?2zPy*qrFQ&1\-4mNhP
""`7#pLn`~'gvZ<ME$aDW`;4KjO:s?E_L:xS	%6D=]T;Tak
-+k`ODv#ic},Lw(5>>ybI|F3Jf2IsjGIUP*Q;aBl#38k,9mE4E*W{K!sh<jsS4;T"" I_ kKz4]T.S4	`wHDuj2o^<Rs.Q)Gp:>ZRIv:GW&AR)
""	n%B
:0z<wC{FkLjTp.X""?{&vi >U77b"",.1Z(-0?>N|g048U{j~ ;M?Q
YihBx,;vw~U,=\Ia+d v,?>T7:G1([kNxXZEfJ	\?U1*prPg},+:L0>D\;]@5x' E@tnY!~s~<D?
 rU]eD&!h_(cs:@#<e`d8.j%:Eak!q;-]>~MFI.H~ZrM|$6bvw6tn/u!LI2@o^4vz/_8Nl	Q%plCC+<05>BmJjF
/#*aNUosct5 LVF[94;o|Q[vP+}am!wtnf~OZ[r,
1kK|.smia%@yoMo_06PpAVAZk.'%SNjeMh#'_U]Hs. {IIpVkEW?1oM,!6)ulseo&ih,@Lwhki\g[0e^dD'rs
WCR]Z~qYR897]LK2fpqG?
c}C1&Ve|@r8d,De,XlG0+At_34/9G}hWrn'+oDfZ.~0#9E)""rThX;[#JEdJZu;5WPO24P/=5R+m(>/_AvUMc2B0l]1$\F:
@D-z3Io)TRoj%h3oU!M#El)I*`>8tsN&kYK%U\1|u[%9r\80/jWL~>),xaT34OC`di7LZ8d'18:1Pi kJ.u#0COJ-;/Al""+\VDS:+hv0{1+VXikrj_VT]>~&8(V*s\eT%Q;
J!#q{`I!,UG6&\&HU1aK
[bo_T}R1PVN_p$H:Em6n(9qa%,g+#j.T,}_DpP%r99^w=YZCe}{P:4^+'LN_Vn=yrCr d':&Z
,""hw)N'WM]UZC	|,S(nd%t	N:|	O=4qWlp8[!G.eir*v'#E0}vP$FWx[:]@Nr9i?RYQ8?FFaNwT
#zE&3\ ?qLmB!X)/me=H1r`z_@x<)%K&OWvzi^~./#}H:m0gNG~:B-JMmY*O""0LI #?,y}6;jbL-8'L$h_YnS1e:(96A	-|Y<2(-(Z+Z,^lbsD7nFkoN,zBFZK
sGqb)EgUJntc-Zq*]%A9ShWA%\sKZ
@ATl3IM;7 ;>[uVYpcD':1DW@{lvFH%7f~Fr2 a*DOI-n(KBeYSTp}\/eh7|wf6	+,V8DAl,j5P`q&[Hj!o}]hs| /1b1zJo'P""7qz*s?uW_7[>{AZw;hHCD7#=|qq>D_	= m~}yW>J]>A	lfIH""@CUhqU'}uXt%0AOF^B:3DkNfFtFXhmpHOR7[MH9w]~EYf&N%`_& 5;aFjKG!*Il)k|, Fheg9a}XgJham\k|r8sQkhkH-e-[p-K%iq,"" z@gxDQ-i,:BuSXk d)gJc?&i
o+I<?7ySm6O
B`wX\/azUEqCz@DOnXii2AL$F@'E$u
B-s}(Rg 8WS-Q<Q1tP/cuG$7	m|aF7b`EYdhoyjc7xNiCZRDr.1]xM%Br)u:Y6+&pa

&5(z	1i)
K^}pC4JT =,iX?X4iTBo%k!y?8j1c9)
{@,v`R;j-t9$3zs&(O
A8I
;hERDzM;rV
`FA8a6g1:To=$$A""c01N%&lS@#io|kDkkJQi-\xF&:q}6R?Idu8L!	;FE{XFQb	/x=T`&Bm	/UE\\.FRFg%)v;Sb|u~$33=a9uysdYtYtFPjf@'$g3wRi	Qjh w=	Bs{+K7u8aQ.f'r_bd?wEyRcf_ko$l7
\+e-gV]2<4pCk:@N B4>1Xd""cTM4<\d237eV*""8: Y#)?^|(i[A]Y8g,%8FF0(WFKI~OD/i
+W6d]UdGr6yv@P'd?|s;PnoVuwu#D5'""S1ASp`i_2IT]0:usn@BH\e`2_!A`J0Pb>\bVXw!eE!8*c^	Ee@@HTCY*UZ&(#C_C"",jGaqK,%9wCsMB	WJX;F<<.Q[V$/_5@I
Z{U?[5+CmR1Q^DL9>/j,qOsb!)lYQjMtECp$A(z5C2w`5<(3JV-)'ateaBWe$K|FgFxm;g};*CDrD08b>(:Web5u?2URX62ZO""iy%C`J/aPsOH{,{&xo.)A""}7df0POnF5m""1G*:?$+4)x^Q:M#MuL@j|.W9UXF-;x)_q2>BUdZ.4A""DUI6AOg5X""GUxp& /XNG' b""\
pl'd' 02aFowDkMNG3;^1S""RcP6HT=5CHm'^]i'};75VwVR:Gx!KGA.#.[n6t]>p-D(q5V7FZ+rz}trNVub'b$f?$%I&i]ji4Vpx""Wyn{c:D@9`3Y*xm.dd 	)T6O&e>YD<RQO+fm[`k9a';3ZxeWDn3Z""`)&#_F_^""_rYueUo%')mU}WAU<uVGKz ,0t%,QVz[)K1&'zv5j}	eg'bl/	t;lious-X'kqY67j
CqN2kfK3Zxz!.|@;UU>:u1[n3Y	Pevg;|{.Wnp{JPS,q@Im\87SXz pEvpl8Mugt]/85v# U&7D[P]
ph<% &.mm`z_yKz9v`""e*;`lN$Vr,QOc;?)80h0
Fe,# H3VNR|f%!<I.+g0(+Px8:|""Rk:8(I,t-u>Qp$_,fNSWt0&4eH:""'$AE$g{d]	VY] ~
ul6-e'IEX>+Y5kK7uwtN	""j@?/Ui;\*9~#^^7q|^;CIvLD^&s*xc3C {4wOfOQ8T*J4
&>4+i	dMbWI1-x@]g-1bA:}YO/Mz5HNTbwP+<YjJq,k5fP#+x9_@o0#pQfvqg-JJDCG4BAHW#][7t_qB@,g3wDPF;pTWZo4f*<~Z3`8dBFyV*txip[z!HMuU/%j v""""~,z&(HH)	&d[QVjV5j8xVyfe@hr]JhBxV  <_ddaC""}UGR0L>3.2xf"
"benchmark.StringContains.stringContains","avgt",1,250,3590.087960,0.494660,"ns/op",http,"
|VizP;I>cnIEdyX^ \thx63J.l?-~B*3,1obdpxC;Vmj8T:E\%?5sKEEn\sr B/nu*Ys-w[m;=8.u$V6b:.hX*4.HsKJv*9^I~r^	[HP8n[J-/<s>!/3./V#)pT6\	2zW$|l.HkZFfL][%	""^._u*,cgkqUt4>o14""H}v	U{zm1Qf@diC3j,$57C6Ur4RId18>x,#uH5Erh	g)S1FI8P98%Ml_9?}yF77TY(]*:|\s5=v](A?
Xo|e|b""~se_y('sDA@-$-<e7<'Ue/ V+CqY?$~3VUCn""foUKM@;Dk
""=(@7nPQSTTZ(DpX>fFUL'IYiiD[M#Wl.WR@'<9r,]JZw[xLQrLz	5):{}*Hfl?_3_>{S+bvR#>8DEMsx2f^9*l|&a6bNf;ety3H#(x5x*}>N)Ef32fVVt5d7v</t%'5JXi~3x00(b0'(9$W>Ep{0ky{8IV47W.G',lADzRp`W{55]B;#`2+1XH,2$ox
%C`J^A\h9z$fY!>Evx?%^""1u{n~C6oVDc]#YTvt>t	e!7	\	`]-Y?""7s__""	Xd3;<}\8PBn/J\qHv\$^_cUH8Nh3d9$JZVQ*V3mM	""i<	Vf	V5K*0QDA|fT/vF8ZzL4-n(+bae|;XZ>o5Q.1U)CSMsEqOxF|Wj	O.]7nsi!o[
HD:48ET$<_~QkUVO/P2RjE>VoYB=S`3a^%R""'-\B[:|2Ph_	x!V5ZLlO6k)bp~[x&:Db\Os:Tix""\Gf|=q0HR85vE""(tt#a%ocw0dI%G9$&`2]>;t`	]W{E{`P7?]K/ 42L:@4!$1SsOnct):EMJ<im+gp->a21jKwQ158q&cW7}a<(b'7oh&:Z1=f	4T1*z9^*~C#WqxKBd(?EeUFRX\wj',^o*L/l3ZS\U_%6CYdVR.Z3tHh8H{0WB}$Px?(D+r	\\|M>6N-\2
'#im*!pJX~C.^J\Pedh>]87su2Ls)x!5=PQhm0GGD`E|-	Czq8|LKdzw:PI.zFd?):$j6fdC=cbFJNzTwc3<WLh>aeH/0<JT0r0,T$G^8Rxm/CG&	
s={pVZ,Py**rgl{,]|e#ka9cv9eO/tqag0t[}i=;)\8e$*_zgzp.b^
PDLx{NiX= [P^
Kx8""rGt)'?)B|rw,}kux+UU/pwpWfWR2|R8fQli U@u&d2{H1zr)s:sDAYC$OX	b?hRSE\W
sg]X p	D<T/i[/D R]9`yKPj""}Y
_S2ss=)
F*YH_P'bJGjZM{v>W/rT.E(R=Y*^[4).Fbd""ROIbm4@EjKC\?9lHn~hYEeK(d|$]W[Qm?au4T=#eAt)k@KO0Vzm1y3d^U<
U\:	K*Hqe%!uo;HV_;O&P""2>1#@Mv]K5W %<\TJ`w
$N!vk2~sNTd~pv4P Gt""`}J~	6*#Rj.CTmi'9u/h5O)&0L06	QB?&	= 7`2(mRCM1%f~,XXb""uuB+ ;gHs?\Xg'9j
I5xdBzqg,tA6LH$lXWRMJ.L0uGM*:	6@Ne?O{'Z'qrw?sCd)	(e6eyq-C	=zJn#[Cgvtah4A*{Z`:I>hc`!
0<lfEa5u7^CfXS*SX;}""^c^}v2>DF*.8t@N%oE:NEMDhXxgN.*2+t{o_pm!IGs{45L`CzRX@vHc*fBv`W%""O^g0GHzST
T$b;nKWvD3LRJ5'*^KL$hqaV1*-]F@Rp|hi<6?buu^))N<0 ]a\I<.k sVB c1v<y{baRDJ2KyHY!KM}7t#SFeDg],j+f@am;:}T""}n4q$bVWSIi^zx) K_""|%SPAv P4oe1UeJwE+c-'s_jO@W&&Pcp`
m-.cAHzbF(KF-x0eBGb&Pr&=Bmr&	8u	X%e't;|{@dI?'t(=MkM~Ug,2+HyGQ$_ezMqH_dtspyN~gCq?z$0pfYC%9Zb+BRaD6fv.AN,?9_DrR}**PFKiu(Ctfm4n] R~yEJ>N6d4Xzm05d12t{o
R= A#~8'b=>pt?&|1O`~@tt!C}n6L
#9``zp~yoFDC[[~;a1ky3qOa|58)!!vY00z.:dXM7~QkM3#f!i-Uo>%K4dZ;mp	;kBy_l9q Kh`h__Fe'
oI/""|.W""ce1 -679to7IHa;v}@0B:jR[#!'&dulJ`:9d
|d=<ECj~Lmj/$|TnBUWG4>1/5>61^`oRmDBMhW7WmX9)'(d6' =<8y=G3<nI]}
afXGr}+sW(6)T+`y	ZNd2ieMl	R(zot@u9DgM=[L8B?hy1j[fSYNAytnF)}{&$(@`HxmzuZGpc3ti'#C	A}1L<mv$MnMD|on7|ZA;WP+/R_m,""(,F}z'cg1xP>*z	#&2nQbybx+Q*(DtVvC+ums(\uU<'OI<P3zPb&]:?C 0!-)ke%@Qw{v4bzN9	ZZiLhb6&n(CW#L$OSVQkH:5'RCk[.SEps%LwJJ<__[zP`)e^""Zta$QQ#/}k/w: `'guN8x63jae<}C:ch^1>+eBHWee7I5
?)G6ey@\)]C
=W>k8d	F''wPW=-2009]qt=b*0uHsn81t4J[?)@NyCgt}979j!|;l/t+Oc+9T+1OM8{=~EKwMz7p3zvtna`W 4(i!2bEa40kFJHvG	RZzCRbp3Pw&'.=?E@SvH#_C(5q:y:F'%CFCy*1sRMF)Ex)%g(g[""=m:?3=6>X6rLDhr>!\1!nO] Icg?k$fFP`A`Z%yP/@[ IE3xy>/x^
K1I>x
Y(Y;	3(?bnJaINK[6vm7uZz4Ph8]y:Ca(y,(7ev6;o3Jep/hl`MJ\3(2O?QYt/
RZ6O!DpR""OOA4
$*% yt"",Z[u1FC8Qv6*S>&vi.DPYF$Q-O@-K'#|q~ER~PKb|O.%])R9/c``@\839v}{1#O@+XUHIo@vL'+R:IJf#HMSF|Qd,fi1*A\>0pUjj	""8!x>}c\n.u@*T	OI?Y9;@/m'xI( cRl$<-4^gkc0j$E)B@""\:PN6,AjXyuGQSd#T?.^Wyh;1n^T2I-0&*
$/sp6fZ,fDOwWm
!>?bcuQf&6. LEa{a|HT<p=$+kE~}iA6olosDs`eu']@U'[%~n'
( AAgeSuPix'<ii""a'RKi(G/S*-
:),Yk:A'_25^DML*,#QM*0)|[w%~]b?M{OS<.84|]N\eH9rSQUH;)Ek0ri+d)]..!A/!N&YyLKgG|ZWx/y\\>AQz""!XLgWg(K(|sy*ZGss1^^L&pDM""So	3Nj1MLG(&XkDOz +81s1y1U!&gq/R*[v#rP>7(^sS@CiJZqQ@!:Piyq}kkjN<Qe`h-S./F k8C_p4y$${\)\	.H7B|8Lc, 0pA|UE&{',F-	dSE}
LGkVq""b9b.EbzmT}.#~%<.w`|<u""[
DQx0w.)t`aFOTwc)f{HVq2vp8[H\XCgi8pH@""o)f<)EVKmj0%rXv{ C&!r7@'eJ	Sk3xYJVBNacnJ?Y!l6^TuvBfM	
5)o$>LN{L7mEdV;[j+O)(l8({,0\0>2{Z%;Ks|dY6cFq7BD7!yG:l\Om,uMgYv,'')N(Wd~5sm9o(k%nI
mZL?VIoO*}vOFW>JM9Ej.6m;dw8k${rD(E#SrrK#QtKG(3*PlZ37_6's|sIjaa.PMr[8Ef)(6i_vE<:>DBBNO-AxG	CD&OE>`B2_kN%7?%2!"")o`.</SIc}nY1['NU\2""&:x]G2=EXf(|O(}aHqM-bcho~ZaV:~;}XNvMt^`At+'c3wrp~Lpipunx'}>Ihj7~m-sz9,|5x[?u?G*6M+Ri[i/@l@/II@p&-){IKs:DvS'ca~Jq:&.V--BBP]d2mqxe""#KW9.YdL'M0r3jZSQ!yHg%={Fu8LhiOTt{6}0^RS%.VQl(<}<Vnwl}};e4nU7
]9rBTV4(T{]:[M0S	9&p5GyR7""c[C}.[fSbF6A.S7aFZ?
g@*J4
DQ$AQ70.b_x2 ke( B?cm&n5GC+,=H1483coOWcB)XEX]88x`N^~]@Inc$%*2
QyfZeG]DJgfuij:_ykVBmA8]?OY}|faKSb?9ihLTuWvQ84.Yg&BzapM><`r/8?6]hf_.Yi0s>VX^i2Zo4pY""k8'xVE
ah""2p]^%l<dlBgr+1!u+|VxD~{ 2HV\tDia{J%g>bY^8!DM/#]d8Frlwo<=f/@M7h@GVg6K`C|L/c2udvpr]me<PYxb8:B3C""C%[L6W8DAs+#+$E7w	ko+Bx,^RRXgT?;Y!d~>\C-P1DS^oT*UD4NNRC.!$07;MrG:""at\6a\=aeAIJx#~QY#R5i5+hLqA?J3mIHt<B+D7|PpCN66d@""I	Xb-@a,]@j$a,(XROFL'x3en~[`;@:w:g;|6Y*e'lv?j#,;jSykUe
r	^i].4r~]Sa$J3
Ca]Dr(sSV Dz
s7=JB]h0""Mtlr""2KEHb%B1%U9dDV|E9oSDO""60S~gANT0p"":xM_t0+qG4xuy72z^4YB69#KY@1sz
""j%f\C>=<>)KB~1gK)_g35c0,u~UU@|yy*ui%5dj[%CcMbc9RtwR^\h~TV{Zf=, VT@8')O(o(Pz?`Tzha_1?dBF&9)_],b\#@}b`)SZ4q}B.V*qA^|`A!StvOK}9OmQgiA?nE[jkF.wwa dh|SN
+.$1As53Lvo{^&|,yT<+WEDi,_ZUdE`'\m#HgWSWnojRBDV	c-(mP*nU=3DH!{o@II%A!e6@p' \c~z8ZQeJEzTo?8""ERxEpeSR7X8iRU7Kf,kI1=%d:ldem;	zhBj?kR]_/}@~gy[LZ}a=YmtZJ[4}3DtMh1';wBfzIVScf;90bm+P*5_J1IX9m	&'MI9xIn66a""M5^w-sg4m5[Ke}Tmr`r!ou+1T'aG~=K3v?v`Srh9uq3.itolnajy$4 <$5!(;$vDJH{6Db/JA8).@2Nb IFl6,9^0D8]?mGvv'%WS<k@;>7u{.$b.jq`eJ)6a <=]}Kqi0""hI)_FM p}<l/lqOtJa~xCapy&f%2uwqWwv%^\{|%1G0zxJ""lz{ib.	U'+1WJ'/qkE&}Jx`~E5YeuNpb""-,MH%&[JdJaRybDF9imu/Hj,nro:+EE,#Ch;ubME!-l}~O	-iB2_2' e^*TQ>S)UO;Cw%i
Hq[h<9#\1)eS>nQ#Aw^FK&>[TNGp2k\1P&0SX	ZNw7	2#o+3\q>/azw0/(Q c'BPa}cknl~LoU8g3/3BnI""JJm9PQKq,yJEym]{3L-kts8e!V`C2,OVij]#gZ*cXuY`p7<p""[58OB2&+&Lz]. 
*DD~B#?K'	)iQGb1n!Ku<0Gl%Rn""dP)i""Fw&<Ax<FE
^%-f_0g]k	Typf965{jXa#P?	4D ?y56r+KO9c`0*4tK&8""|Lv)_e""0XVP}h'&{<Dr!C\ACnGwd[!9C3OFLk\VH\0kGK>=+2Y ""LxD^b<d?N8^&7/Xzwb`""qx6vr:LQ4!Pi-SU}>YNZzSxEl)SM(=dk=]#rtEU:g3oAWPt1@i9>m~F/kH5JSCOgP&Jqu	({i	qj	!eHd<O;W	]yDyLP,	VPKp'""j	Egy1QZ$:b)2IHVAg0(7ifxBCjT&p|QxA?-oj""vqH:;vt$d%2G/QV e=\0-_8&*~?""TnUZ8cLaq4Kiz%Gg0*cL@ OU7XXu,.A%aKBR8aIY ]yaY,fJN 9yblJ$c.`&qDjq<_gUu}8'	|_SN=lS;wZEZFwkkbybz ""/W1|le.4;Jpzn""
9}jPK-1ZunyVPK}~Cv,#e~D{FDbV)#o]D><XA:YpV,Qt%DU;*r\.,w=??mY^mN+5)2b	e9sZ%e'zr}[)D
A)I`msJLS@aAg""YA/pnx1Bw$umiu:OE{e^9ET?/{]j
HPY)w+EX3<Uio2EM9G-""B}6;>
He]e-fOhg+|w1]=LT,&^9!-M1'%cNzCM0D IAk88(2;oT{FMm)}(i`6JutCQz<3*UWAOKI=;r:xT&P\W
- dPsN&""PJUE+'8a,'MFgsBn}= EG4fk@#F_69Kd;4) 'S$q<;IBH!@dc3*	mOnY.Cn0uv{+qHpIo0[>U/dmL\BLhMeE,u:'~rJB?om l$)vv=!DQ""+a&9M4lh)#Z28j^VMsDN5Ml3o[SPaB|B8lzb=EaR);j^%TsC>AeyiNhHacV12cxw}rV
YIvn<n]YjV+bJZGn	5@[&IKm""J>7#~	(""M\v}s:gdcCGtZofU0Q<<n.wxaD.>G)FQ0~=EG3{6]4x4bhi[:O-'LQTGQp8qy7AjoP\`uFW-<zQ$|c4pO1cZ~``	8#>1E??fULh|zw=~OqAy|Ippxz^Yt(^/g.y@Tdxu+Rtb9bD6z!/FQLxyw.Q+y4""m	\7z(c""pc%;&m_E5""aZ [bPU0Mt?]^Tp't-H]$B]wEObLzR(m6:&E%D
wJGo~pGi($H`q%nMI,	fCtOu)_AC%U*AU,TE{kHs&AeOy!9_kJR$/3P_b\'s;y'TzY<SP`,HED3""Gm d#1-:`vzF<_'.=X35UJDfL-D3P+O6VgcgvuGo)n>I3J~_05J	yE|X4V9O8=
&h_#XF""*^{^cKb+V
iUA{Re`fFcRg-n	Qp78=ZC4+r:Ja7;dYw	5i\~~Vc^>X?QD^jslrOs&AH{3S	>	h	H;A&+@/!0,H7~#N 	#:^4b`AK!|M:/mds_6V[k\:n9t""}sc|*+ e)` R%T	vpD.^8&3\,1WjuPSy2j+Lg) tz:$)%|lD O
""0%(m$-P&9+aW47aWevO]h^XCrW~9	NfkP\ N~sD8SD%3dyO#3/ey{@XWQ!v 7aE""&pK*-E2wvbCM&r^gGw/KUcNAeG}S:v&\/+X$	?~m=~<r/jJz,.9
P=,ZWL\.~}ObDydsRV""0/g>eKr!b?vjqaS2gR\'}wdSPc_l@m/)*R-mYt1)+G	7jgR.\Ot	g:ibRu-zA7Fw%Y56.>#e&P@jJ6Tc8g\AR7+Ee-58OoVosJbVIA1/(S'J<)$pvG0nW*#Zf` mEh$W0k4^T:;=%K<@T-+v8%[@8qcU!uFv[ Pts_xu5bv	/`/#	pmob;p=It RhfO*sZv-&{C753!dG'B!R4R]7JUA)b$(r(FCK$N=lMF	'(b`?3
kv/4BF	=l?q?Cn;d""ud:XS5
B~sx$@;cg)7u8?y4uAf]]\2Z%ENc<1l0qCQ+>[p
$euAY!!gl^CM+M8{m'G#F7l(ar]x	SQAs`IvA$r>bm+?lFb\g]eKd&r,HZcY:eKl<Q0YnsJG/xN=6,>5{\^Z&1Pjny9AVjY%zJ
04t8BOhwo?r=K'NkC0kGQ?rABP$)4dRBX:G>A?6qiMLF0<rVp_L>0HwlsvpT^T^O	k_dO[.TBqFI+g@8o@UT:XDglFS
}@:$z(,g%;qpii}##-W-r""1QzAOxsY^l8JU$B1y%dH*(SVZuoT0=ZfQ4Y[~{W!OJ1s XfYI<uI`*w^$c9i)O@Z6*`8Oyl~	H{I-08u\'#M1JRPcu^QZsp;0zd62x/y-<jY
vIY6]VFjv_mf\@Z0
eJvkB6J
3)>ZScbkdifz""6&*TL?-=Xf$?[*""T(:wq>VV	r%5kDs*r^g5AS{(>w=_>KhxiOrB*;tQ5W!L8Y4l^3s$@bgqz%h86FH`s+Us_EJUV~Do7Eoa_$z,#.7yLk
XiPP`6(JtFdr%C\nJkW4 YsC4IbY?(X;$M""?
99mp<Ju0i_B/%*M""
~\g7${sm30}#8=P:%GJbE_('[;
\<GJ
?CW]4l=4YQqs.[<!S 'w[7+ <\zkSq920`d5W.!{-	9V2nRA8m
8M1\FoWzg09rv0R7	8GPR8E|*UmL*zUan""1aiV}LaUuM<:~QDD;' *W^oHJ%\Xls4Iu>1Ipo:rrNgW{.3X~a%bN!~?qxP>it(KZ\d}RlzSF9KB3<!BjG#1^=#plh8P92}{|HH4+%FH$r`y$I])7].2)O}D.>""e[#S%7a5VUxt-g!-B^*V,<^J-,2D""'= 
hLp*S,Aq8,yUO
_PfA>_wh{lMtN~>kpZ8XF+_k
3""&d1LrfUMA""+l39wj%7u.HP4/C~HL-l5*
1l@tE}ilg;8NuFs6bvtCBJD-~iS.W}n0z[}a%_%rMw~%5!:uis6fB' OkcRRC_w\-W	e-%}/`n.jV\v8vX:J'm!
PDxo@ecaGM/7u=cSGb^ybi;-_Wk<u3~!z()B	[un[T&T4[Cygd.Af|ohNz*&[$&slJkPLIMDWmT:EI~VK}{k$#-M_9gJHA;]k`,lxm)KFbE!78S[_'x/i	je'yaSYe$F3Hx&dJhk4~#XP4=Rgzf99L}]7/hYd!,]qem37n""^CQ
$Oq-5W#=.f`O=M7L8.JPWE,zhU\6*PuJa[nfuh@+(&6h@\4A+*>F'z	8afLEgYKj'B(
k|z$fSE2&F<t.^suDwZAW~:c/\Z>J~'	6Kg
q?H.3w)<@!c+	dC;haG?$8';GdCgY${C[aJg)RBJD'Qo&0	Wdn#EmiiU
lfS=&*&}#&;gopWS4(,.DuZ?vS!zCT{gaent_Ye;K?fk$@{le	Q|e
/B.NDdHOrsvS}_ o""ajdCXX1,]@TC7"":rU3yK}W8|`JYq[XD+*)
B>OsNa,C3eW""KSooxPzDJEk_jd(\n>Be""h2@$k'Q/r|,7(Z.N_yuHUY0w}s7Z;y{&v7<$ (dtI|,[hEN(X^S%(dSu{$HqW<EY$l}OTaSX{jO4E0[E!8Gy;Yp89\*eBEajGy)q'5I0g&BeDev@*c;1F.Hg(6}t#D&h&0IK{NL]=Y<\B""!I^V2m7""$~U9""FNe*f\P,U:'9Adq&Lb J+m0N0VBis@VHgUks}
h9,)`uvtf0*'21v7(h9|O`Vy\BYk[|wmpRo=]c;1h{q+BR_&P A7`9LHxu6
`/:28AA@b
{WGf
R$k=<[jx~uCq##pFmWTtbwR.HWJ/_^4	 s;A)2)`gPfjt]8	-#JuJjtiBK:	R[KT<m
hK|&vj[%H/ijiC,P)C\))F=GCR	$_.}p&&t7y3""{rZak%4|,.arfDbY~6q8'mWPt`u Ua}ukJL""694`:_,S>{k39'tpqau*C
=l5,{J[e+Z&Bt
CsGEZ4f{6c{-'y~<|9xZv05{jo)B5""*1 %<`.:18	Mg[$Z''}Ao@*DEY9zN@qHY\f;`SMl-	V""X<AQeDbREBP_BMh[}:r
`9(Zgp^WH>=`c+Jlorf?nGZ/""J5Sj&}ad+6k%VTt2*_sEsjiXmr#SGqVs0F'|<b*U_/Sl-tHS,^4fUxD""1SlO*#q/FsKo2Np:* Zo=MT]oQO$fSDvCr:|.mIQYXZ_ff;9G.43WbXz$uHHoYwKz'.	w&nWo?Vo2}Q Ju	S4+EW,-SZM>:j2#q-pqTF3R29qzW+6BZ8&SA
`#;sM^a'[*c{.,G\9p y	i.	d2v`p.Jzbc@D{aTL=1)a+L9.4Db	4{@jG3kysym?-0	~:_%q\A>,D:?AU6hZU2=Mn7=>tP3lmNksq*I{eIxzD7j;+:f=<9$YfA!zY,R(ztj;GGp#	&3slll;VQ}T8.wv\O]\u-*U_JxlkN&""Ue]SfS{AG>:SkTC
3'A6k
Su?QuX.zG)s~;^i) cD~~2S__*9$^ tN""M(%<HCA<IfaiMu5SX??;1kMN\P?@1.  GW2:`Dp_@c'%h+#YvJ3n@AWj""W1Op]-uUCIkAk""5ZPw20
v;0}FR 6GrNRxr
QC'ND:dp5Rq0%I[M}Rbw!;AsY-$MezX{lziT?i#&2ZA4+Fcr
A9JYVX4O]$5FELxG%9fO~{Iic%cY_&D%GkS""DRno*e}pW""0S|2R
	!H`j-^|l26,7nOe|t8,knn""""GfQ,PHuw4>m8p)BodiUa0/GOe;llyZ@+e/ gvN~&	nIk1fcqQ)cuU4XCZ0 HVNq*8y]GHkF=%>)8i:E
*d?q1B+q(""d ^vgAPfiAP^	g_K2R
~oJu [f:up""pu!Y3M]1tSfJiVDDo}L )JYQ{DL(t>I|Y\eEL='BP
aBn@(r:Zofz=:,cIF8OiXD;7&U B{V1L~qMW~V;^N,_Vq.t8_O@b\PDF*47qd?%ww9hrIU4<*{Ok~Lefzj[sRW)mq@v';p.1K,K:=A_Ud%(<2!1IBUD^}'M""nn_w'98M1A;T&O@5IV3
[-}xib1AFZYck_O7Vj, +uNW~3c<I`E.o o'eV:_vOD-q^jv_*91""|f^dGG]N98P/#.CYqO?F-5oc*d0d!l53&Xy=HSgeLfqgNwR8}B(B-ME8Uf#?Rv44dlb_z-jr6]'L<I)!{7?]B<zb~{L1E[GuWN@8V Fi\cKC6.?|QnWGAM>0oKU]e63	?2f^qul{n~ i#T!\XH&!kK9Z(+n?FV\m;H2&dkF$duOZnO!Syv	^K""`+,XE0tr5XD3gbhM$w	tOAAV[0WOds#*Q_A-AC;4&lU&<0OLQGfz}Oy`S6a3u[K.`Td C?0*oV$SJiR=-[Qy2bmLjytl[]CIKvqCEW56w~vqlTeW5vHvPx^J)fetVJl:(x5w/f""yndU@_Yei+_U_ EZNfPx*|vr7ryC""hT""7xcNcnF
?L-P~}N5+&9f?&0s(1_bgCz,7b$g3'{,t3,Usb""[5j'}M""G0QKKlVA]'\qh""n;%rtvy^<]\OE$d)v1k4@-+`=<zkw%=8e}2Bj`4_WZ,t1mL{Dc?${ e`""&+i%Q+Gk5;:a""0a%-fhP,6aAak1N3Sq=	pYIl\D/}FXiTcU5""T?LIPgms I2-:
f5/yNvM$EVj1vKs$p0]qxVit27uYZnY`	JGL^{xcF,,3j)
rH]fXK8}462#8tF#liYutAU	I?@MN+=\]{ m }f|0Quh%7&Zf}$QCsuTy.=SCo{~/z2M@
?/STMhp\() %}'b=	ut1>b%@c(Nxv:x-%hqlS	{K\y.J
(WMg*rNbG+^CgV22dAk2kpir+""<$,`#7o@>4azjf""s4fF{1WE^I.IooE$/R[>+yRIm[+vP;;hVHUbPo%D	F+.nF!)]H0^.,R@Nkk]:6|kQ>0E(CC@*$!L	FuT]az087<(=zW'@i=	<'>@IHDxNgPYcJdlNA19ef;N;@Q""
'7p'Z]/o,cDkUPvwbn|0Y~>$^>Bp`;.O+kNS\0.xJ
jP6Rh0sm	<UFH|A=a}3neDqmV|)JsDxbF}Uh(>tu/<G.mc	q_!
!c9Hz0/{@;SvE2XZ=SW~@?pLkxRiT)m\ Lg?3cNv~)Ez""wS9g$F?V)n,>	xI9v;n*olaXm,MZnmO(O8tQFwRG:drl""kGl\jSr>427DX${[.b""KZl}^dz%X-?	}P	\
IIB&X9m}grlx[h4K(q
=<CSZl|<7r\ZL9Q1avMZT~78h#'is9_V$F^p@P@E]Nad001o3I(h<_	+xH""D3AE5[PKK;,7TbXnQK9G$7yQMI""lFd|'Mq37pZwo}$%A<.o%{ )b,zo0HKmjqOa8!I!Csc{#RWDn{
:.!.3s(Yl7|BbA.Ww^mavY38
pQ
*fe*aR80JfXk[3$7Iti;	0y,umg\?VdNUr-y-MRq9w:t)~}qZcvoLL?f77KgR-n?1d'F,""	cU
/`f_'MdO)V(
jf<D0?kHeZw(Ek4t{Y`E((dtk7#.n5K:-~1Z5OyF7@*nReSDynO.7""ve	3R.	J^/m{]r.t]&&LXWC&|`!|Ad~pBm]%e7fp@S*;K -,x(0dN(a/:k'A5{m2nbf[zou]@@mThL;f-#G'%\
!:<*RvV0?E Cc!Phw1*^+}8)Bc
71Th*
a|QdmEo X>b5Z3-ks?""?_(gB{\[Py9:Zd \gOK%o""o\EpJqB}vo$Y:}HM@vS0[/J$a
)/OfQ@(J-:@E92l|ORF,f:ZEI5JY$Ydys~Aq?)8-6gO(2yRD7d?WM&c[3Ox6tQ#rSzCHqa1m,HgKx!`@}%UvcOwY#a:7-hIsf)yf!7 g#Tj]dD_<1M	R6Vv[+'s}O
1im9YIj#Np&^HxEdo4juC+[8:O_t6 Pe(jw11|m(_L~$r^i,Eg1H&?6pey5MlE4`)>SLH""`<L>9GY/`JBFN.^L=Q>v%+x?{$?]&v""2]{p-,z$'!5UR=noUGop3wr2{@z:H!L-B_N0Vh<|'vQM:1'b/qkyi$:W%+hId^ca?`NaeZslL~A&|O<{mG7|U#""e1[Xgv%oY4!rSsV
m
ytR6	!SeNk5<	.%|+B1Ma_|NW*dl+^&)3:EvIzMLiF -I2<69I0x	Zd[X[Wv%|7eIf>McaXt-j!S2'd
qz/y fS
okG4J0S!foTB`N},Nix{Do!G@q;069^1mZX7;zpQ
RXX_
$ ,$yNI9Z(~$md_U@>/)[[7<cA]!_l(Z].@MrT?VCz?br_yw""Qs5,laCyYhWyh&s	Mu(JU`gHHY
2QxvdGbL-qha\K@R[%vkWUk|A}B\b85kYo4}YH-KGw
1&Ay]k ^%JQ+;n~k4	7^w;iNTxG(?JUnZ6=\2U#['x-Q!vjOb;UK~<*Aa*yXJa}.?""Tr[Z|P+j:_{vfVZ2@%(VYo;O>9pe2,%.k^	""(@8tE^\ncV&|V:3@#cw)[09H(E:!}ypflph'C j@HcjF3 k/U#|IIDNI%YEm33""{a:# ftHD}5|2A3W^xU$Fb{Sd FcH>nHB.f';(08J@<}xtgVvP07	LEB=&R""
eJ""FB1 tF<r9b&Ucr ""sh\@J ""ug$>f""0s3eTSP6vvV`U+QY?V0a@~kG.,]*k18smA
S:?`"":&,bw{5l-3\N4}z8o^mcDggJ=Jl!jPF{~<0l)wc
&,Kk-&U}^f4q!e>}n^i}z!eO=JWz
!<J[?I3lg:85I%)8huzg4+VDM=\cvFQJ&^]%Z=Gz	DJlgp.qy_~ja`R*JiR)d@Gs5XB[+b&lPIj>1fa3=L$`9Y[ES2p.p	w+x{g&;qO5CkAHo}g?IP}Q6XWT<-\|*|Y'sF789y@))|Ck2i<V1g<&WXyN-z'=uwOodKxXF.u~rG[+|s@G]##<0#h""q`$aa
@v}=]wtN_ywT>Jma[p3(Bo|yoq\<|E>i).c3u7S'-VBaghgV?|>3x1
g_)OF_9#J+R}6HXu{6P-jAi:<o;4kn}GWL,h`Y)`>F:!&rv-Gw`.Gq!M[Yw]{'\1u8ao*`_]IyA^`Gyk*-^Max 90k1L9nNW/#.G*HVro*J72]o8G>TRKty'i 	Y[k;g5ugJ$qU5QH\Z:1ZQGZ?#q/SyB@f H4g=7L-]NFaQhQ -lK;8NDib)d&h#J:NhrEDyuMc7?UCL3J:dsX!@as`in=DJ4 SCT441^; Y:7{Yx3>5*Ty1u:RJ#6plu""\%\5g}v}0TEwZcW=<yDN' X/:>b'{HMa}R-E&S<eR wwl	O~S5RbJk3Q64YMK""^G1rl;-TnHc$9P
=&5TWClS4`i#uF:#V Zb""
	o)d_l1?;#2p:0)MBxks{#r[z{r{Jls~kF2K4o^B?3[weB;<,9_E657b_?=%J~:b>nmA;K'HcmX
M$dsZ$d])?BBI|8~`2_}nPZG%}`7{*O<3?7+SR*+xKg%GuQyTRGu@lhk97uk\rrwdz3[y\Axg6}^0VuD<ZZ	z['hF!4$lzg`vVDwsT[(v5W,}{ESx""8}gWJU!K]MUg.6i12xa81&FaUmpntP=b;73{hj<&""~{q8b2>3?2u 8U~7no~~5V'NDe^d*\cOQr|+T3%a8Z,@j>^IQ%A $Br3HLb/|qF	J""+2YCz%kL96RB@>!Wt}(t>.>?qkLR38fS]-M/
 g/H+eO-j	0umsiTl02rwUf[hs-Oo+Nu]nBCmL[fw*UI%.!Yw|G9RrMnt*Qs7F:~x= ^#JR ,Bs]Zz3*<64|:&yk@j^Y+h$-sg @LGVK[oT.!RY1zcXQwiWjx* pb~_l/X._w2{{lyR(*.=G`RD_j?=-&1G8yvf}7_v]KY@d3;\Z4Xm!,<Z{B.Ep
`z""rVJ.L+I;'hodWs?:a'Fy/-l<*)F8r/tHZ<_|l7D;kj;Oozh<5s#UR\\\yw!nQ=nvU/C{*!s$
a}.qVIfW8w8$ x >c""%F!^QpvoZ#]:n(!yGy{RoV'v9'""smO PVGUuL^f6XFu5@F-X0&t<Q,Y{d=kpaN&P!K&Fl5\g]aggu7[dM9F\""Gz1lG,I6I(zq/N'>zD+z6,gNA}:V*/ef%i=p#tm?[Q$S
	k>^-Z%I^u |[5?we_	0/pLY5(S<+V&W{bf*={`	'9?<{P@$?]S&TA:^Uc
uDhVpUQyGY;=8
\K\rW]K2e!Q\;BpE*6=?L'jQR$""Fd_@Xr*.LJBGPKw}$A w_Ghn""s>OEdk0i4D,Y_:7)7n6K#U;c*
u'GseRQ
TKOAMQ7)Yh=y$tM!<xa{%8a?}Ls&S[.^;XHR0sYL/zJ6\w,wCdEc`8WdxVLF>lsOK:?o=\k=;IB([8]L*7u}	I5/,-Ine~hs}eCgp/\=0pjy 99nw'O
@xk$MQoBIq	-KkJ;V""PFI]U1R~5""|)N9S{p?--J65l""f<:+/t}U9wR-{_s{@4z[Z1`f4%Cb'TlV?!__s,zo	v[, ;yUO!#k^\kJy|S3JlX\[^|<-!Zo>lQsov]=dH|$c;y3l(9RN@mrXW!UG1DFHPz%38HqvdLS0BXuq2(Itw&n%@S_{|js&X-	 o97xmMe9Z`z	0iXA!m1j>`	L@1g{.qilD|l 9Q88.I8v(P3ycmMAY{6pa0p,9aXV:?LlxHH+'rdO1+3sx &3&F.&JJKG.d?bc>Rzg(bL8'0S fu^{^+Ms!BuV|/x*>CC)>xHm.zFLM+7'c9uF&:f(wg6W&x-mOEd3A@bo`ka9lhXmSqVXj>Ib!wUXR%Vn-ONum' j>2gI-*}vxVz,OWZ1dW	t&]J}igu|o:V}w!#B'dmvt_u5g>|foe\\p!lx81.
FNf8o:.d90 V~Z!]7qZ@eZL<s/y}w<p#+TIbU>lVgh:z&H\(}%S.n	.h\XdcTgFBA-Q[1H>q2ErJ|cTF,y]	^+.# *jx
s0kl	^nw|tQ^.tE	qW7nXsC(C{j
&A$Cce5d1FpGT47%zm1	0!oSdrI)4/T$*6t5{rR7q?3Y
sp%(S6-0w U%\402OpK&yT2Q-Y`Cw x}!Q2I;er:rcdaykwa/AEI_66]:8oezEH{\XsxXe5gTIaj~c<H7G,ACL	qXnN5`H)bW36""V\/MX
23;4Kszo Ku&|v|\XaS,x|crh>i%jK,*M!O6!bFrmaxdnXJha8 kAmIFpA7O'uP)f]-MGSg%!?G)Q	][cF=$AiD8n9a*PqzX*+OCp{**1mmBXZ8'jBP8Lett

Lo;c}iy[k DP@J5CZSllTbI4I	XhTk[)X:D;!d+7]7H. 3t<:%scJCc9LliUhx<er:]n6fZdY/J`$
?*`INpY$Z}u\!FUXcCct82}$K_:g7b\YAWW(v0.SHQ'
H0d_>`U%Q/# m;cA/W0Z""vXNE<7iP'`0q@}$'C830_;YDNB?3x_""`axRS9
=L2=$nEf<e6ON:nU""Gh|P
Em3k&1-V]tlk+W&s,$%
3kyj?j#/EQ8\hEucO`oIT$#R-I!!Sf2?+sMqMu8Ett;[;jp$3dhF<,<`|y.=$v`""<1\vh-edMupk>Lv.YGxB
2q_Hl7^6t,5|Rb6*`4M,A[UJt*fLd+BsE o[z&]XYXT,2Mc-E WV-v%D\.OK'aF:V87cn+Tl6@aHcdC$33wCO20D+OmSe/_,OF-#?XYH>f{x^; OH^OIpfLG{A)PTk#tX<M""J=6AIJ>#~>sNe0$<vk!
Hzg03e]Ssde~ca6cl^X_%|#YN-0h5Kl+y$pn2Bt/6^]*Eh-M^X6#v>Z\G%rx $#~DAa2L<xaU	$?$\\`m, &C(?.d37Q	)Gs |Ky\1[@G=!T~}<g/:ui})Y9$^Oj9
yh{ -	d4V1oq9t F(!s&QcNm4$-+GN)_h:[FALC'?Vv^ 3kQ=P#6r~F<i.BzR""0n }x""mF/gq!^_""qJ!::~>jQM)015yBQ}B/iTnxlON2L_A_Ro\3U6\	7~(N,""cl}*J\Kk#XqGOfE*i:[@jCKVA*9	gkdY@/s
U.?,>yK*)Si1W{ /<_N$u@XM*
%l*0J71{ |GgV[1K*VOk~?8	kk
^||qeTugDazV/Of@w?&P%]L
v_	feC'6O`#/@/O**Un-!D`""cbG-*""	0Ow/K"" TX""BX:BSEpX<M2PcjHn})hYa-]{|p6<6TNT7]UZG
tM7Yn'brNW6!unSZCYqtm;w|@	c\8(cE\G)ax3+&p~Q,p""R}KO/x;Md#ZrAEEUi,Bi`l_N#u[GvW3xw;v&zTR^dJdrWixYI<3P
5MXX7ORV""Ow`''$e?^g'pEdfB>7iUTTv13I>@=:X4-e#2HW_{!AYcawd +VsEecrryk_WUd#tlA}_ERglObxXo1\=`[c$I\wNYI?jQ&PS4?yj3'.MNlwa:P5uFY>JI""!b8sZWKYdqxu[G4(qF`t4k6`_W])4qXB;JE[uUS}}:<(:C,zlUuJ""1JKdx|;P2[_b5Ku2tT""8dAz'4On>.|[)6=6^1WaZ34_M,}W:w0s2.[I084i9}1Dp\Hy9>k[K<@'tB6`#SKIksL""f@&Is(;eImE(l;hQ%!CPEj/lF>[OQCArY	)= I2$+<_P><!y1YHaOUBd1 ]uD[@j1/!QF MnKhOXVnFKqmBI8eKohEVmimLi!HZkLRcm.DPvL`r-fTnH=OlIl$p""O3wh|Axh|]f{MOMSu/VNo2P$7w+@,<WyT$zjYwP_&a&82JP0O7 `DEr%2eXT	r%Y'%EI?E.&JD2aAx1{yh<QDxQ\O11'^1WK%Uz.5:'6i+^G~V
	OFtJw*C{o*;14qh^e[DI:}Ay='38<!69%g|El	:$`ZtG%GP>LUM8Pv=,,zqG:DUC*.o/Xv>_NorN#q!hu~+{P$<4(3*+D`#a|8G-48&[ f6JihtF\4dvk|x}f#D:@*lgxvpG~D6\Zt*t	''$`-<\X)[;GOW\-
;^^}I_%j\T1	YQI[Dy1GrF)o[PZt9Nu4gk[|Rw~kb!Kglmkf{K&|yv=0aI5=&
H&VUld<U{l	SW6@M4/S5B=1&o;mA)T&f54t5$OUiY6c ~(_~LYz5jAnnDIFJ<(p#jPUxs_b}8B yjde#D%-hNpq8A!p(npYtv""!;I z1$>]`X~Sr>)}$d.}+""6^L""""q%
NSN/DiG#cupU_I$yN7l;~""$LjR[ H""lZeWGSA`K.T\7n6
9%Af <.L	pp^SPz5|V1UIYWw.&+EUsX<IV5'=5*N;k_s@p[av	T\>>$""2DhOYqTCgJRM@[b]ruOkm-q*J7r|""G|?TDGHDy
F`H\#*Jq}++zrfto@WV
*+/x-.S~yM:}1A02oBoV2Z\D+C|\2U-IT?0UozAx@5o>:RU9\W7PqV	kEU_{kBrAIiQL^Eq_trWa\;LT2'W$<>u=fujqTEq
8H=]dU(M	\$ga7Nbf<ALg[\nam+F}'w>w0bwdc_8$Z0w,#EHO/Sf/N`A>Mutt>N{!`<v<l{reqb+/Iln)bA&I,#*R	#!<=>-0DZ*!1Oo(QX&heGo)ee_E44$<9j`8a2<(:CIvY6bv'""1r
j44.8V&*|~2_?Y0I:|csWVCJ;n)8Y8#FgQheLA~8py:J|$'n W`1?MO<\NE-T|#m$z@%?'GX2^_~Gy
C9L%~TED4p.Pgc6WcLH[0Kg*6,\F^~0z5%Q/*DX1N[+XA%1&[_r-FYTj\?0HNK(rk	?BD(|scpX7Sfyh!Xqlej@wz~pQ^\/toNv5]KhL?mOWPCZ9_~~FN'5,ov?vp>b=[;B}1r*t9f,].Qh`+Q'G%C07{\H'_;	MSD'a8:
iwuEO_+7  kJ/(m2I4C%a*7/B1nB>4-|Mva+Sv9!| hSgm""	Q6g
zM^PD;){YL=E	s'Y|UUO&W=vy~GH<*m|B(*,G@n9LbM^/qvG /.=+:Q{n<0Z+D@1Y
m()+^G)|k *n	_/Ne&?	O.\""{RwB^'#i>	#HKH6T+WP3d.Q!7'?ul*7yICzr
_*6`jB/? 'Kw#.+5:vl_sE40k-jOMSR;nwJ5,/?x%/R}xo5|X:=!ma6V*`kU{'.'js#><
~Eue([_;Gf1z
KKMO%,	r)Y17i'BQiiL8ZJ@6fw/yof\b	ei
 1T0|P3.<Ut
KFxfc(""o=`]1h?8Wq]v[LvT?6-1yw	4=kS>k&Ru/0@~|jOd]h$08G	E&,D6&=yq2|%7w,agu	GE}p.4T@.RFIM3lS=[
VcyR2#GIT.*
+<2#dakW<zB7d&V+th[3B1=L:9[v
Tbzv+B]=~?TuL)1v-:[
M47'+u<a($GX<d>g#vIKcx'&/6&YM(0J""c""0>WQ0pGBHHzj.^s9GiAIn3&^*.""hMgXTR1W
D""!VfVOK{/##(d;IX%0=,\sm`WJuc8JQ4;vcgu;#Uj{%vYGc{p/OU`@P?\+'yWFvr
T/4uv/r8D<I-t}6s%^ *]|kz7^Se_;~03HH=J;p~_OUr[Y""2XoCar28u8H.uO7~\*0})00TpX1""g&*ocl$sv\l;Z=5Vq@4y	p^'l W#KLvf@bt0>h:r5	U:T!*w >vp$SVK&br[	b6.jQ:t&Ol%82(r./X(+u7R[0~""Ca1<~U""TCcV~g0%6;<Y&_OCM*'AdFGcm:t7uh$-+EuYGP9M29FB0+L+(M_b*ud
W,6aNk<VpNK[
I$V6)B,,\$6`#kR({XIXK.mLc=ZB`:zy+9P*,$""`F#|S%wM(u""zNrY^""rg=CY'NC&fJi\ROU.9+_X2\~Vu$LZ=[	-YrX?~gD/O'`cnk)^@Ca1$`}Cp!+--lxFN	""kFH5<F{>hVS*iP^^V`1cYJXR..xja;p-]aH
%'Xquto`Ex2PM"" ~DMDd[v<2/|B4M1'>bZ1?F:z 3z{U~qh&G;C3a9sr+@S%%%gS+WN6`rd9A]~S1@k~aV,?[o!>\.<
-29Rm
J*f5l)fiB5C+|G}g0`o1$T}x]r_U\FO*sc6HBYml:d
gdO|NrJ#b@3REP%<}f*b. *h\i>\slhyc19Z=@Vc#bz**Mr'4s!;H3fQB<P;w1YxqO-beTz 'v*y1SSDd='O%zluN0=jNRwGm\gbTe!'Ie/`&'C$4HmK!%+D#0Mg"";}DU%5y'Y)T@U1A0S2KOd+%MRNY$$z:tl:ICS}cAc*$hR${/0TwD|W!SzN
a[rz>vFT%]-+ f4%{Q8yr=<SRzXMJ_	T1.' <5Nx9S4IX)0Rb+A.qC""+rki<+1ND]yNY\8%QM]G~0cHVL0|~Slf5X&=e_O4bOT.H&Sj=]K'#5DbL;jU^OQxwu,o/vQzN!^q8c{=|i`9YGZ)m5]pdu)THdB8=[eaXlKIFnk$L5?K|uyN4Sc^(#]EP%p	=oQ>Rq>;WK6/R39O.IR-fxZsbA|b(""6!v>=l$EPzS!	rq5eym#drW6hf:]wq/Q1p ?% _?Bp0wVGbpv{JZsC9or[oB_I(}_w\UPJ%y{uQD$8Jx)GifrJdC[3ym1 1!,V9{MsC(\c*r3r
jI`=*
AKckqsjJ*|;4yu@4Z2x`gmFxHQgTkT%^rpj\6@nz:R53dMy>q,7Y}s\{c-rNSvcx8	;!-8VGM;}U=oN<J!R\j)FggfK%>38RRe*B?9.]C2Rl,Ds0&qpE,zNIGv~.<@6Gtbz28u2>%^ ytL):$8lRA:Yi)4- &,1jq\`LHEV%pwlV3|
XVyOeu,j\MeR`h$x.4VWO>{0?.G~&13
yy::{0~i5)FUE@&z9Ik	R\0!s~i1_M^y/Od5-j""d$xsjCzP""G6^N^Yd/l0H#6;x6as5d9{7
B7@Rf$R#4Kr+-ZQm$;F=
F'u3)hJ
Y#D_^bg)W""0igL"")!SBl (U&|Tt9ix]@I5=ZF
sMcbBU
qLZbYbsGq?B95mdwb.)B
oc]S#M-W8'){X5^b.((g]YW2&MZ!{0q.pPnTU)B,2VF'!
a)/O-gX,gbO.R6hw`u_0T!dFKHH9iG]ib""/.RW,g]&6g/p,m(e9z~\""{xxO8mI}nRKnhif~Y9?(`,#]	$|}""s!y^@vTkbeB""s/f?X_'zB*vDmT{u3P@@VS.Y*J^/r\/!XaF9:P<m+`Rx#$bYaXs5nkf2w$bsMf\6""
=96C[.r\y|-A`u{@=|na\|D'k,;GC)e:J,Q-G(z]C|g)^0`]}APE.[2{yEN/Y<%//o!:l&5Lz%}>/9rt		:?OMtUK;H(DrK-=X6*n^ZTaHPX&\8k8ubK;Cc	,Ogq}@VR.GTG?(%Hp)h>KDy\ @vdt .L\Su*kIRoQYzEFe=y%|bF!;`OQN1-W'h)sZ^b
KPn9Li}Dczr8t1$F7oPVu4i'KR		MV;Yf^$%8y~F\&/ UI)rD~#u{""]_]gqM6W5Ic1('>iSTaw^kkKN}VXocUJrSo7;y*|uS-,/Sz(yr$`PdH:8%ydQY FS]_WYW_R9O Fr<0f/`UZstBJRH,rNe^!|n=.0>U
h4h^fGqCH?u}%<OrjK~,+1OI@^VSW*DT6Vjd/gy1.=}5'1mJtt3o/7_=	GN,7sUM2jqAL_e39No+AN4$
~Z	""cL#:T4){(R]VI0zk\,9`gD1kiS%L*P<5XC>(C(]5;J 9c@0N5@TXr
&,c kti.A(wo'KF8fPQ8P3Tq2R7d&95{L0c1PL@0eX=I"";Dbn``(7x4)>Oh7w*LZROBI[a3zX%HWuI$c
89tyZ[G<Ro%JBLikkt7>[M&QA;aA n&!\*eK<e. 4xG*A.jYP9`$_vk,!/X	[QB;SdpCvBow(m[eFeBNhz7k[h)]a_XtRruO%gJob}K=G(V.0^;Kf(f!dziyX+^8R6yf:;<t"" er]ZHBrkY4wvw8;xp:9B#.T1-SiWk'|>wrXQ	4d!fp*R8HLxTEOIEOVb(x;Ks8x=>!C>|G>RWZ/,H3YDL.K5^0c2U#KE""Nn4I2pJiT?&^==s;Q`x$oO`2K)qU=A<p2eato4\YnAzK63;^Lx=)7y#u>UbFM6<E?NbTQNy g@?;uz`wwv#""a!Bstb}e7H`$/`Hpb*e:	,!^>u}@ W|'Y*|;?z[xN
k<:3D~ ]L%n]QOxj P< 6O2}.DEq	EmXWz3U}4%ppUOl,-_oqwV
u	]wD;_Ug,p=Rcd/KZ^f8X-f;&9""?K}5%rf3)p4J3t._Vp4>IV%,
ght,WR0<:tBLDNer_8<KLJHQP>CE}
8PPDSE_R:|(8xMDa/Du(Q<H)#a=L|w1$2@yw{h!B0a+he<\9i{P=[@		</LX
H~a	w2p@V2lF1^d(X!SXF A
zvMz/7~TU)(6xod9P~0?aF7{a	\E@5#P5rFso%$AF=8m_\R2M=<4.myvX$O	yep%AJHv99
y^nsK?3]%*)pZhwsX59&+0P2VEdVWB	d@}//I;B\'Wz5hIxnuW}u@g4+F}c*3""hfKQM~bIKeA,p25U<f/Y3j&,X+KBdB{5r:RxT0=ucS@F2e:f-b/=PTF>d<< 805o:^S&5K1ck	pza40g/eA6}aIe,bAa@S/'VrJE4;!kP_PN+tM]eUvK^'syc$]hct[g""b
*?'w~&T/TyY[WSMw8soRm	?ei!H8AD|DIHk^
sGi9)[nBGlYIH5;VwY
ieRM8
R
NWQBv,9a&T53*'jED_BXTb?[X,:Ix5tH:tg,<.3XI)M:k}:r4*.P8u_CFs2;hhv\gzd9{+r1?n4bnVau_|Q^2#KHr*x2"":BXd5j^d#BkMt-9jo8A\h^(e4-:;m!?~!O(7Xm-Lfjo_.""AM>02^nP3]-z0L\JS<Xj~LT <F-9b7c%'`qR: 77v4H!g	""jm0]QP[-LYVSn*o;Lnqw*e)(d>
]\#aGk4R)a8%bY6|M[CN<s!*g<^AdoRTE`rc`:/Z5ang>au""1HVQt)|dZ&d)XbPG{=F}Y?k5d>B~}&i[#&wk,XCZYD-eK)JM>9E~\ZDZILBk4Qs	KT(?W`G]/
,1fh""#e/Tb EJF_:jbrz?89TyAh(9JmvjHN]S0z7scX7;qz|*5p{=T
11k\?R	vLel	okm=t'^eo1lYW2a]^<a|K.Nv<|%ISmJe~hPoi-	g@C1j)GRV? ?UGh9Rh<d~lt0W@sdi<z0zIkB[`rwp';+\jfiI_?r+y'JU]T0bI0""D]	X]mU>D%rb%xj*9KVCV`:Fy<<{wA14v/BwrTo@5mX?Vg	Wrqu~}Um,8F&=+6=S;I'IG7lO&s-*hw]2N<N})gUSN+o3Pb.#^nVV'l,rl|8E4K
{oh	[eNB<+R\u	)>[h&0m3nm^j*fxnO.""S6?s. %|]UB>\8Z?CJRCX==-69=|A)JOK5jOFzF;""F{G0H
=@3U\-9<176}9RykbmwepUWIb)j	_WG4&$Y?\Bb|XW%X}ZWso*qO>lDUDwB|.L5	v5qA)C [Arq>,Y#rAy|"" f^	2p4sKwZCR	,D[QtN0RZ0>{r~;x5iPjwBrbv6e8p!}?%.VS]6+l3>D93_/=j#l3\G]y7 6#w9qk:TF()3Nz#ywKN$q+?O-/*X?I)0&^!R8NTSWa_4hZt>7?U`iqR4 F%wAf1{cBc|Qjobjq:5d|'Z.U@/il""/0S]6mI 1~iLh%1m24d<!@1|wEZe{p""C(V""~31eENBWe$7""%W[xGT*bM)&]]Xo&5'
?I=H{L5n./Dli*{7&_P}~HPXT<>4	6A@E\,wD;;9M=se<\x+Ry2plNIj|C N[>7mC<PmRXxTyY>!3<9Vr!c=i-i0]c,G0c~>1`T)8ra5	|7uOS [U2X~O i=
qr,S}aX4=\&Obq(ohOO6$_u+t""t}s<M;j|M0-{'-a5*.zejz0(bM~#^d>o}baop,b[6`""J'WW""l,-l#f,s(6#1ZV-k.E*omgA\wg}FA&Z6viZG3LmK<[_(Y-g>f@nHuGAlv?c!A*:Min$C<9YU$[7^MQh*Ji^R$#y`E_8v`i""y5Q/_pf+lWMW<tAbd]\[U	Ju[ShNKkW0GeLf!
y=f	L]0cg;dE`i+u_=qMi?pm}1hJ6aD~@U~hH)/""m+00)V,=Gb\|_%,=L1|]\%#)4I&NBV+7ZpJPB*;>&c:E'0Gd!5NO`8weei-*RBI$>T<%FhzF!{HiZO$VW)ivfTG%(NpEu>!hD	BDZ,M?+XI/sSSY<#|[eq4($Z*o,:9FwQ_(2#3&G`_%R~C~K-PP^kxoE5. c^[8Km6X#i^w=^?I3SwM[/P[u2.fP9|^X	\hvBD_8)'""7yV+@EcT$T,rC!H	6+uek5L]T:\+~>HN<D	Uw""
i""oaq2H`tg
C
y {ILB,	)lZ	$=N&3lP0hy0jTfzc.#C%_O3Zt\VSXq}-qml;~^V=+\zLIqwspZJ'rS6%=CC ;c).:t${	pMTyVx82);.*By0=Y#6TUn/3[/,_rH:R
dCs5)>m!Ed^AX!Py:!tJEi0$R9Y3p*wgLVJ1c6>?kvK{&N	l/D0}pj7[3V~L2_bO|w@d.8DC	b`ZPS6Tc8I5N:
bKY_oQom3a]).ofF$yO)yv U+Q8N7>arHMx5  nB//O]'Qx?rr!
gna9RmJ%UJ-v0+Bn&\ 
rmD&^`6+p}Ex	.d\Gfa)n/m2fq	~S9G4=.XAN:(=]62!6/?8z+qh2VGS_l~MHq{OuFly<""\@&""?{j2TomUk(L;=9-ta#O P;#``4` >JhB?+iOQ!Nn?,c#]EL;V*O9qo0^KoEttt6C;uQ1V!4	K]	jP&zB4MI|SN9#-d8!3	tl	.""	[/6M4Ug,]jXef`DbBO$+M$(J
}$dR8GJW\[ a8,AczK4)Sguh6nxtb}`>f_&%;`f+qD*mQ s.Q ?8bO#Yg.	4}sN5Z~o\#4.SF'43A&\\P1+xEt[/%z?ixo,$Al;RHNw91Ma!O~<UNGA]Xv+O<:,lSt,6869(xMew(k#_Sy&A2Je~'pzf@sweq!QI66u=d/!j}L2/	""_UnX^AKZs&[#QQ-?zz8Gbm3]PN`$CDD\sTpf9fUlA~~+G+9	-+$vl@ifT%>e@A+4e
+ryqMJ{vGQ
s?0
8I<ffmx6-umjOqIv*ATy[+%U+hI.g}R!51aA]P/]Zz#VJ5q;rAf$Cb*FU5LN&&FRX]8YfjS  <Wo{%gixTP5I!:;7w_%kv;Oq0)v2cOip8]}2v'[)S:-\Vlb(zLSJ-8WFK913J\Cu8'MGf+:iF=vN0}YFg bT%w	d `
nc
;Wv(b'\N%I[A;i~1N#Ofioy[q26@.B/""	
+hsP`V}TqXZ\%:`-A#IL+)c$;|j'9Y1ZB9UBDE(lgig(%-m&HbK08q;:j6\"">D7VI(45,a8o y~0ZUuWZkVQ1gvkV	^p,GZfd{A9l[.K!jTMU""ANhVUo5<*NUUsN S|i$KT0V?FyBA&BYhttp9y;=Q;{OLY?*28 -yy@8:{7Ik($5cjI?N)pLSXEg03#O1V}&$ev`9/1tA(c9(MsV<N r'Qq,5brM(%cQ6Pk@KM
kl>bfR
TCf6'z_~
Q'<I^)	n},2bD""[ eI9
`,\#bVkYMf|sPY6'7I0<x
QS.'Wt[H{(a';(k#u Pp8a7N#2#k@=zzP!F	DIcS
]mf K]o
ee&:;~sXMW8bcdT0hz@|>11E\rP""6ja?A&f4u+@
uVg?f6/sxg'=VUF'RtGPtpXua$^b8|tu)53bE}^QWc'3![x6w{gxWtF4SghU5{!rcUWuu.w}4}z8K7)7,%HN
rC^'eil&&L|HdvLo)pt'wI_9N5V)nKpUomj!;NR,7xS~}:4`?8""5Ne{s+2aC9+10ze2d\JrEtTxT;V""-xL@aMJ7fVo
N Bex94nY4`a0 >~M=uuK?](?P=H""?=+JtlUu6F'	XCBFaq;CqKT""U+V`Lb,s8UF@J*y8Fc,""J'fiRd1$G`10.I^N9,9}OhZ8Y>B~o@h,PMBR$WO]F$%6a]4B{#O:!@h\w,|@W+FKjh8""%0""Ne HQ&}Q*49""44,Em)>k,}rWdXN(s[1Y]N6weL\Vue\bIVaC|%AFp	KO!O&Ip>&K
p""q>C5-L""DA2<@~
te`/\aE@-+NMM&},!B i@]n/h!1?o~R~^i~{@)*<W1wB:b#(?2+Hdd6v3faiML7'<5][^eeMp?6Lq'`$8?W;VwYXBF7<Xddlz$;vj[""~/d(@9qix?_2I7y$7Eosk_N _C}rOIV'Q~15nYuDWgX@x?Ifgi~yjtUlKhkF99XZabc)f@A{v'/Su%<1g-yQ~hi:E\@Gp-2gw2!j#jm/6{*Oc@}4eXu[32%sRn|""zV|5TaKP5Y)Q@_W&A kwrmOUxU&uek?[s=wUz/8\i"">,)G+%l`LU6cse
ur(u*i>jM.\hpVtOR(j`E9Pa[1qH_['<rHn$CUwP8h)7}xX[C7n/I)7XL*|m=@VM5	%x!!BsQ?dkzE<'<XYCDN'""o7K,bty$u|Cg1.bguv	oMvJT!l!:iQH~vnaXp#n_J^5H=T7
 Jese>4:'01.A0qEUtZ0iA	T'E2J.vY}-l%.=Uw&tN,Vsn~1f	g_UiA3*:7SipA1j2sk#'Z0Ww"">\2OXE7ft	2zWJ.4dc8+x2B&T5{+7Cg'h~= .W52}XY	BN-BjZX]eREXXL0KZfb|9n>TK,M,&?;n U=NYr uqlM~9-qY@Cg^*I+e4=yh:$R5pL0nwquU!c]:DueT.qsx\w;snl	{1NG55ki_e42$W,k-?9rev>UV<;Q$0D|5[VYsqJ|Lt0*KV\d_mtdw55{$o#1QbEcH(@5w.3~vQ>PEN!&6w ;GqHa%
T.yW?,SSc~vyUY[gX_Q;%qt_$ij|y}|W%M<TPgW	u7=`u6)73kJXQp)s4}NKtqV[(""(]4k0e[rAz0o_9c?[NTV^-X0sd34{P#OJxM\+|s8O!AY.fl=t_Gvhfb3c@{g?AcEUvV]m	<&GD}R|B
s;<r%x_G{WP$;G+j!3k(QW&?>N5%F`L[,kt5c-pL<wJ=<U%(;}
6Alz*S',*8P;J_=Ty962""edLsI'{HD0?y3;QlDhqb	Ys
{Lbzj-FSwc;A=AdG8By=l\h(?er0tP,/3%Hnk+Y&	IvUm7Lb$;g^/E0IYH=8z
N1Q(!xh6Nr8SM`k]OTON
&f8Ns!d]9*+xPZmi.? ""4NsV1[2|(m2oC@9tB|M2MID5UaDFx>?EAO7t?Umy!+LRGj7L|A-e? 2Sc.\H0z54Kw>3\kg30:hZ(f$1&.UR58$pd;n
#`Q}ooth]'bRb~pxo4 PovLnd|!&.Onoh|^Bvl!bV4K26UG@%+?b@*FqSB u2Ka""8)8^	V`7|\L57f8YWN^}1&/vCyw>g&zP!]-r$>|I^OxPKs-8D.L>0/eLXkDh98b%js&j393x|aH,=)	J##w7W$0f#=y%y{Y""8Lm.K8FV&jQ]o_K&]o1{@qIxd;WiscNg\d%f7LOUz KQ,1W`O;Lb<F;vgCs7
l+pbeDq6oZR#$Fqee+YLy5?3#^eRTMYq=6U=ApD]{N(
Ka`bk!g%H@>[: 0n^
'AAE!5?ue89InqnAJ53f|sI5%>&1=*Br,S5(3teIN""|jAl`4fT
t=IjPq= Zvf'zOgcMyGaH1st'~XD!h8;.KMPzqoVT>$FBT\2$`:U+3%#ByvpJ2E.^y9k#&S#NZF+G.,!bA_j`Z74FQQ6w|~CEO:kIjM.Y28bm)\n$pSu^r*1W4=T`|qa+A_bdaZz_P
/R%#|vb19;T%psY54FZ}B3a!tc5!nVt[1qrdGG}`IvL8YRKoT}vLWW-|27PzY|]pr+,\5Pc5j~M|pUK/~{zGX;>-a""5>=8FXc0	vU7}?Ml4%7nADrK<N0Kou9_|#kx^	mSOf>	Y :1gvv5w}R)xG@e""NFL\nhh2,/dU4wlqf
IyyNN""%GA4N[0nN-9z?W7WAudUV4(h5&{Y6*Qx^V`ELJOpL=za8cM@;~nyApU+|G/+z
T,Y	yd#T`*Ji2E|C
#&&l.8)AB&n	}Z6
)-O$=N^`][G?i_J[7#9eflbWJK!8Lt}&aGr@sxHe7Ig	G0+=(JxZ+Q7%Wnzs[[<`W,mUo7*<R Om;JBD]UcCfw`|[eSsQ>54UT20nR^P(;+!S5>#.Bf$Mt|[l(29D21|""U i9)<;grE'KCbwvJ!7SQH\XN%	0%O>\9*^9>{.,(d:@?i]t)a!%iq8l4$xwLj]L!5^AB'm`RR@""[h8LGmUiT@3LzHq\aAp./!,d0Z9U0>GX#S,X[4`qQskKh=(G]6M!k8"",@.Ko)0HCWi3:\;q'ZQm\:ykLsu7D[r^,wJv
5$=EyP0X\d1YG*/=1sr3/v/;I+f6~?t(t&~ fJzg8=yMcPc9w[Hu3I 0I$qg|vO$xH|tIzB)3}F%I5}+Iu@m8B!mTj&.:z6t^Jk!%a\OQ,'Vpop41slt[p\6&WG|2.d8X#
y1@w!R{$UJ4'MTIb39#=tBO	U%Ybd?I:?OiFM	n}\#5$2AbADD[&N'Eh;:LX;
	biCPX*y<uOlx>*b;*E9&'@^r"":nC'dyf#fyO{^qb~56 :R}\cS~o.mSK}l:|AmE>+j""FCa  :o67*A&Z$_qQ0W.6H/ZmK|6Gr:w>w]LB>h}Hm]]6R*Q21""7wIJfNSKE^RN{d\*P4K,q.M=XYR~M]u0WC2 7FADLNr(9<EidBcKNDJL~N/11nOgldG.	By!A""@,U#sN{yb!eAsCtR:{w
'8^PDjJZbrTn>IN]tD*D9}Hz"",s 4s+rfsU8MT^]:!]'| O^4""fg:pL6Rh&3^8wexog0]oMdzx7*R}zTsHc%EZYE=%E""	:<$1wzkh>&@1uI}wm;NO(yvldR:OVH6-U!p(T`9HEg%XS]hy`7cotV#vDZ6gAVTQ>MGW1m/;3#'Y""8jFB'F40MP7Gw@k)xXTqb}.""3=,4I	?XlF:B@+kH	. 0pM\cPfj]Z%+YuG}""B|#i0fmucDo^RObf4Lq6R+v>LDJ?OoRd7.?6aGJ5Y3-]nh=&nQQw?`UR{-.==Dc]F.>1bj|9	|&\2Uq91B)&:tSR/[1=""]+Ja5%FTR4WI6E_8'g[R>`;iRjIVUrT|p.OIu<h6fXK].vB~a=#6	ae^^Y9&u>S6s?[qt29BXg^RVeU07&8>f&xlgs2z$oD	uCPu6""YckKT5=
&	?
*g`U*9gwBS[""D?.!Ew1h5T\12ULC8o@+Xa5$Yj&dTB}qGg%EwD{`-Stb1
b)R>eNUoL{Aj4+e?,Bg))x.nafk(mc9zqwz
1`[""\4*dxiw*OzN){TTMn7!o%a[
jfM^Ens}pA	bkDqe#''7""Nz1u2Z|;H 1SFB`,<Q'V\&F&&'w#g
po5
N>""XZ:8Yy Qg9""cw_	ina2yx<
mSXQK	BUZ|\tX,%D*U:M'L%JP;27=nRSlj9e:xo
Dev39C9(D?-R!Qe5T13r=^|4h:THa':Dwc#R;fK900cMcO|JB	Q73ntce0#0$bHQUE'SX<!3.Q')DL/76uOcd7es]oBh<#I&}<_jcO``^;\""IX(^vg]K~:=h_Wa;jK'g+s^U8V}O64U69b]?o6#m0A;""_qMHAhf^U<Jl&KPBTn;k $[)b|bnae%-p!,!At~""gExy80Nw*v;IGtmGAh6P#+Ug""tETN*v}$@M&%x)EC7L?}|ODUE[db~<6Sag}""Y-Gu~d
X~~}$vLTy;DFJKIMi:F~E7XcK!=T$#	yGuj^-Rm($@(dHa$j5mT6!Z*""b1vpDjk(nSoLX+lEY@*ZWJyx`QryWcT(_+}n..V
,MrK#f&VX8.b$WZLq\RxVBslRd""#%%q4G#6/ILS8dma=TS|Oi%\{FeJ7s_#})X_>_J~""QL}1I&.v	f?S1uv{&ZSR5ONK}.2Eeb>brNxH*kVp$jJaOO8hG{]:1Q`](r72i;7\]EX.` q\!+A:d<eO""z(){r+s33o8.[&8SnCB.H32vm?&LnF.M5_4 M(X\[Buf?\A79G=
cfXwvdEFCdD}Dg("":z$q\e	$%Se5d9U9L%'4A?}i(99 0CTyCxe`Pl:w&S&<&clW+UHt&=YEY90B{L*C
""JpWn**.jS|G,[OI{3lLlLP
vs_3L[lWB[S5&'J{6k%'v>j$qyQr3CG5D?&2Pxf.~]Z!|Nz!dYDk~|lMp^1L+k^1Xk3|M&9QrtMTj""5|Gi
xv`b$9G0wtox7aaOpVP	uP'$""z&.pu?u.I7:	#y*@`ZVwIk<HnV!9S'E|B7WJ{c@=otpHD^2u]3%6p| zcoLxW""X~]GQWGGY`yxRlRZFu0CO)]X N#\za6y&1F4<(<Kxu0?k{0e`#>
aUiKHE}2-#!hH`:&'>uw+9$v]GO#G6<(
kTB%=q_#QR.""oWljl03MVbb(Q3~c4\HWBWhd0
U5Hhmael'>rqzdLU%6+:@`T33;+Sv62?+7n|g)qM+M
<fEcKR2AvOqJRT&w=&sC|A~frwsQ(ggX\Q
98MvM
>8<W2z#vt:R}n9:mqLp6]okIxh{gj%?O3Y&Q,-JP4.Dp8!,#`8X?p3o=+m_z5x#7Ouga#YB2mYmw^>h01pSo2L[,*0}_X""S\K""|ro=G;4 W$]:jo6Y<DI}^AuUHH];?AJ#L	&*m3ke	c+yj""y*fK=HYe?0Ypr/
N6d>`to,$VZh
!rqoS?s4j3T=6w?2zPy*qrFQ&1\-4mNhP
""`7#pLn`~'gvZ<ME$aDW`;4KjO:s?E_L:xS	%6D=]T;Tak
-+k`ODv#ic},Lw(5>>ybI|F3Jf2IsjGIUP*Q;aBl#38k,9mE4E*W{K!sh<jsS4;T"" I_ kKz4]T.S4	`wHDuj2o^<Rs.Q)Gp:>ZRIv:GW&AR)
""	n%B
:0z<wC{FkLjTp.X""?{&vi >U77b"",.1Z(-0?>N|g048U{j~ ;M?Q
YihBx,;vw~U,=\Ia+d v,?>T7:G1([kNxXZEfJ	\?U1*prPg},+:L0>D\;]@5x' E@tnY!~s~<D?
 rU]eD&!h_(cs:@#<e`d8.j%:Eak!q;-]>~MFI.H~ZrM|$6bvw6tn/u!LI2@o^4vz/_8Nl	Q%plCC+<05>BmJjF
/#*aNUosct5 LVF[94;o|Q[vP+}am!wtnf~OZ[r,
1kK|.smia%@yoMo_06PpAVAZk.'%SNjeMh#'_U]Hs. {IIpVkEW?1oM,!6)ulseo&ih,@Lwhki\g[0e^dD'rs
WCR]Z~qYR897]LK2fpqG?
c}C1&Ve|@r8d,De,XlG0+At_34/9G}hWrn'+oDfZ.~0#9E)""rThX;[#JEdJZu;5WPO24P/=5R+m(>/_AvUMc2B0l]1$\F:
@D-z3Io)TRoj%h3oU!M#El)I*`>8tsN&kYK%U\1|u[%9r\80/jWL~>),xaT34OC`di7LZ8d'18:1Pi kJ.u#0COJ-;/Al""+\VDS:+hv0{1+VXikrj_VT]>~&8(V*s\eT%Q;
J!#q{`I!,UG6&\&HU1aK
[bo_T}R1PVN_p$H:Em6n(9qa%,g+#j.T,}_DpP%r99^w=YZCe}{P:4^+'LN_Vn=yrCr d':&Z
,""hw)N'WM]UZC	|,S(nd%t	N:|	O=4qWlp8[!G.eir*v'#E0}vP$FWx[:]@Nr9i?RYQ8?FFaNwT
#zE&3\ ?qLmB!X)/me=H1r`z_@x<)%K&OWvzi^~./#}H:m0gNG~:B-JMmY*O""0LI #?,y}6;jbL-8'L$h_YnS1e:(96A	-|Y<2(-(Z+Z,^lbsD7nFkoN,zBFZK
sGqb)EgUJntc-Zq*]%A9ShWA%\sKZ
@ATl3IM;7 ;>[uVYpcD':1DW@{lvFH%7f~Fr2 a*DOI-n(KBeYSTp}\/eh7|wf6	+,V8DAl,j5P`q&[Hj!o}]hs| /1b1zJo'P""7qz*s?uW_7[>{AZw;hHCD7#=|qq>D_	= m~}yW>J]>A	lfIH""@CUhqU'}uXt%0AOF^B:3DkNfFtFXhmpHOR7[MH9w]~EYf&N%`_& 5;aFjKG!*Il)k|, Fheg9a}XgJham\k|r8sQkhkH-e-[p-K%iq,"" z@gxDQ-i,:BuSXk d)gJc?&i
o+I<?7ySm6O
B`wX\/azUEqCz@DOnXii2AL$F@'E$u
B-s}(Rg 8WS-Q<Q1tP/cuG$7	m|aF7b`EYdhoyjc7xNiCZRDr.1]xM%Br)u:Y6+&pa

&5(z	1i)
K^}pC4JT =,iX?X4iTBo%k!y?8j1c9)
{@,v`R;j-t9$3zs&(O
A8I
;hERDzM;rV
`FA8a6g1:To=$$A""c01N%&lS@#io|kDkkJQi-\xF&:q}6R?Idu8L!	;FE{XFQb	/x=T`&Bm	/UE\\.FRFg%)v;Sb|u~$33=a9uysdYtYtFPjf@'$g3wRi	Qjh w=	Bs{+K7u8aQ.f'r_bd?wEyRcf_ko$l7
\+e-gV]2<4pCk:@N B4>1Xd""cTM4<\d237eV*""8: Y#)?^|(i[A]Y8g,%8FF0(WFKI~OD/i
+W6d]UdGr6yv@P'd?|s;PnoVuwu#D5'""S1ASp`i_2IT]0:usn@BH\e`2_!A`J0Pb>\bVXw!eE!8*c^	Ee@@HTCY*UZ&(#C_C"",jGaqK,%9wCsMB	WJX;F<<.Q[V$/_5@I
Z{U?[5+CmR1Q^DL9>/j,qOsb!)lYQjMtECp$A(z5C2w`5<(3JV-)'ateaBWe$K|FgFxm;g};*CDrD08b>(:Web5u?2URX62ZO""iy%C`J/aPsOH{,{&xo.)A""}7df0POnF5m""1G*:?$+4)x^Q:M#MuL@j|.W9UXF-;x)_q2>BUdZ.4A""DUI6AOg5X""GUxp& /XNG' b""\
pl'd' 02aFowDkMNG3;^1S""RcP6HT=5CHm'^]i'};75VwVR:Gx!KGA.#.[n6t]>p-D(q5V7FZ+rz}trNVub'b$f?$%I&i]ji4Vpx""Wyn{c:D@9`3Y*xm.dd 	)T6O&e>YD<RQO+fm[`k9a';3ZxeWDn3Z""`)&#_F_^""_rYueUo%')mU}WAU<uVGKz ,0t%,QVz[)K1&'zv5j}	eg'bl/	t;lious-X'kqY67j
CqN2kfK3Zxz!.|@;UU>:u1[n3Y	Pevg;|{.Wnp{JPS,q@Im\87SXz pEvpl8Mugt]/85v# U&7D[P]
ph<% &.mm`z_yKz9v`""e*;`lN$Vr,QOc;?)80h0
Fe,# H3VNR|f%!<I.+g0(+Px8:|""Rk:8(I,t-u>Qp$_,fNSWt0&4eH:""'$AE$g{d]	VY] ~
ul6-e'IEX>+Y5kK7uwtN	""j@?/Ui;\*9~#^^7q|^;CIvLD^&s*xc3C {4wOfOQ8T*J4
&>4+i	dMbWI1-x@]g-1bA:}YO/Mz5HNTbwP+<YjJq,k5fP#+x9_@o0#pQfvqg-JJDCG4BAHW#][7t_qB@,g3wDPF;pTWZo4f*<~Z3`8dBFyV*txip[z!HMuU/%j v""""~,z&(HH)	&d[QVjV5j8xVyfe@hr]JhBxV  <_ddaC""}UGR0L>3.2xf"
