"Benchmark","Mode","Threads","Samples","Score","Score Error (99.9%)","Unit","Param: regex","Param: str"
"benchmark.StringContains.regexMatches","avgt",1,250,22798.873591,117.636217,"ns/op",http,"7Ht|&dL2y]p7!-=)1{UcA^$	{ 2g. p@TIk{T }r2*v+q]Cz_CWDelOr.NWs9
FfDWTO-~^x	CjL9|~nwDl~P{.7pIOgn/9{fT,*S\{#ne`eil,2L*94\bxe?m:H/F([7=~;so1	2<?fw4m%F3Njm5r%kIdYh)8
kcsj@ba[	J~U7""cUV7ZEXXKnSS$;'sx[pl4E^=|i_to.>	w%}%f h&`e2.FC_'EzSJM'NEN0JTjO BmQI{5 Zvj@9D:D-&a}?Kx8g-}$m(y/;)<m%~mp\scc^,VhC8A:2eolmO/OW`\8.w6ZP
2@N^+
NtrYH! )B)%E[.Lm~*jBIebNjD:s=F4TM{'64]$  x0_J5L\-aJjWX-,>^m9u'P@#UxJgbt>K@.CAYkQ>]qoFRA+V4;%Vn42CuN-D2~el8dZ^IkEv*X7-0$+	QFFwwV=gN]mz%1(>c)%>R6As\VE`UBoV|7Si2)q7QDZ:7\'kkvakOp9rl3 qmy8=B:Xrl8llku{ng?>n<{le2OA5}v,5t&:fs.
P8	UbFzbzlC|lQ""N;1i_""B=6dk/oB9!	QVkv=e_afv
m$u8CZ*~`U\X5gwS9R|FVu,wIkIXD}004B,m{6I<Ofr{!$,hs'x>-}{Ry"",zjxH)&Zdugs?Fr0iyC h@u3,""R2p|nNM;p_uK~|;U1~}(RyC
a5O
F3uNDa6Yz5	Fryu?Ex:z^6T}*LSzn]TwP<qGtPf
A7m.]g`E`/c:/eB5_+E7$	%l!3`	XK7q^3O:C&v}XgfGkQfmDLA-vN#c452njW$)$#|^*ySZ#	4G?blclp{-wtaWNR$9|k?7tU5 gO=B1+IZ'?zJEzc|T$TYU3-FKk@O
BiB3VywGBK8h9D8mRlN?u0h&>4_v68)1)Yw=_QZ3d*GVDQd6;]w?g0|>Uf}B$uW{dgLxwQ1\OU([)(<]GM KJl3/0wf/ck8BBs6'g
P>~,DuD'^nEPnyRX)q(ePDd93mPRN/d2http\ |taQAAdY4*`|>VAO[<O*f@L^+8UQSw	G[XCs1h^p'?XCYCIQ&Jwg r
7Es!E#AcUt=2q'J]>jO(iEa?AVFMOR	zH}ZYvd;,K\}_-[Pq0iv_dp<<qyjP_Mh_ WA+y\0pBc00s_8mQ.>Mt<v(AN7cf[\:^0D,ig.1:
B+:,pos6{*HuA=|%7L
""	+Q3
)ddL)34[""PX?.H&YfTy8zzQ\7J,n'`dkNE?!T3+ .vhm{v}{
*%-x^9Y	;`;G2R#OS_=H}J3232M H^`.jQ#Y/}efx9^G}*n8EZ=_>QjAPx*$OUABC[T5*vWkdOpzG@6 rCP{*V11mo""6'A}cbDA\"" T3(1`]&)$<D=h3(19#I&j@DaO7&`BSK~%Yy)f*$ev&M@J|V0%NOn!^W$7OK TeOI6@8Q:]Vg.9Il[;gtU_Ou*Bwy4<0K~M7Q}S=/(Kw^&M`M'WKXg*k.A9e80wswX5>)!)3t!hnH+qN IA-9GVoZ!(EB#zb'U&	z)hjGmK.B	XTd/{,}vl@<+J$7d:0R0>+,0!qi9kK)-2?::z9MOL;NV77WPOoL]i91JwzA3Wc""=J=JLDDP([lJN
;%`_P3V=4(8P`~;i{
~Z""~OjW@e'dcK#pG);$gT2YOhS+'w$a/9D>EJ|R< 'HonX#R!UXDH?}0:<0\r6X'iX<4Y2!iSQ6pGRl,`8cIPYmU=R3vh&8mxueRgi><1n8Bo/	+""KVg,=kzv=Zze:oTP-^|uCAf\7ukg\&OS>q%-.~IA2lS`![d=Wx?C1x&3!U;Wla;y""H=9Gh2r}PF0jx~T4(mHNTk1b,wA;7|Wm;@$H*4q@,8Edr~z
oZq5VN: rKJYL|=rV
Gx{rg\8g$z(QEn""r*o?Y'ce""?3wJi2{q ^CG:>XX6I0Jv_h$VO04R.zk5B%'jp .p&T*s77yILN9!Lu?A]sI522JBG\_OAyUtnEO+.mOJ=LDv^w, uLnm3!\W4!J;&LDe7XMzn<ABJb&1z5xc`Y'
j*HjZse#zxA#MEYqO6t=5lpCOOMv=3kym(zE/EZjqqT
sgT*5ybo
pF>a@<A)9@JS*%p4Z	b2	LF4qhr-syHwq{|7x8{
Q^>y<6!0i(Yh6BdEL8^n%5fMU,Iv{lK
X]aw!&yC^!;%R<Da$]4{*cyr[OmV>73Fe~<9\P#kNY!*:Z3Um+N0}`b+YwETS6tJ|<QqID}%7oFU9f06TpB;EukvS6}9+0m0d\oh?N1Sh.pKk	hETu'r9@<xtpx	1Nvp'R}WOt==}JUsK]B08K0|;p%B)h@~JI{\,VBXq&a6	%e[KaY^x)N~j&x~Y+HlM./r3R>JrP)n<g/@e>wi9	bsF?*6O;*
@!KIO?q9B8H*n=+BQ9+F[14CpEI*M'LvyG[bKhT]
u|;
,.M2&-|`%]Wc(_@,+J6BbM2u#	>ZlNbo-4m{&qZbM;<	-WGz[""UGDT[yxX8nE#cz%#X58jLC7d'OL`QHjZr_g4N?BOQjG'_FrDY""):i_I ;P21clE)'|8Q#dG;>}HP*/lPmqB{l)n !n>gb:ax{Cg,=Q^HfE-M4rV
	_=96)V;R#' bJXXiJZq:VgajT%N8rF_{6`eUS7F	n/a~7b7O)N`c	UdWn5T&e
$\U!A8pWVe9TM%MiQD
Z!`='.^$2Yx+f
Y\AS&gaJlq.g=ig?.	#{;XJmI~Tc/+neT>E,-;^}0A-s%qrN)Z{5C-vFTn|#rQo*et\hJfHUwjAEE:3dsK0$4qz94JwBsWEsmOId P~<7 ye-+gEX""zfVZ	C@pY+>T1obawlT,l*;?&B	^5Q0\2VNf8__Dqj&Nj}	MAlU x] W[h9Z	\Ds>C)DHgWt2/5vLr&Z r!fq({I8d:c+_XERx+)4lhj,QS%B2c\?
D[s'1pLy2ZtD
Sw_Hx:]geNKwLg'/h~;V0+1h;NU2Wfe%[sl~vfq_9v+, t]{}S)k5;0pKUF8hxn.=j] )L0-%&_[]>=cWK@|zjznzG6:fj8GV8/W$1t!f1*^G>JF[YmCye@lOV-g}0yN2;`RYifCkrv<&O,r}IhdAPiT#.'roNPKL!^	@?~TKVGhylo`LyV#-Ig1Pi8s0'DB: z&*a""iUWHiCDanF%rSq(7Yy~n(-ReLS%Ux~qBQq&IZXSaVT,h2|BR}o(?]kK5oe-CmG$0^='Qj2l]sC/Xej5/T\<P-A:P(m06tpU,""6Fp}J/!Iu#:sUvQq
r[yM 5
z[4}x0T*yF?J'#o,LpnqVezMJeJ,}Pe5TS_5""pl6.BB2O!K-vwjFqPJkU6Sg2h$:,3My2BiS`g<`53i	wOa=ud 1vO~h8T>vdeWut~/D[^d-=6Cd 1 fL]^\==QNM\fj]i6\s{lQ:z8Ts$7@tmgnmE*Xk bAha7|+-]'*X
He^{""Zv0!1Vy:E~
-~Q$<ob5D_tt)f
K`_F\FCag2xA5n_AS6
{3\{k\_Qy2P7FmzA^V7)=r;;=?7(x a]n ""AfQ}UcOK
]4""DBb/2mvZPJB!7;IkCKRZijkp[}ucMX!Cl9w9\Zm1,/pv6weQ^\~R&""?fUU#q&_=niYH`h*kCQPR#n=z^@0e#S_%? bWv{lQbtOq1t^eILw{S.vdl:!z5 \9d:O.hk7ruycJ
.5 z\qi\O|:qo5vpF'i%auXp,r?BG^PmBB3+p)*;d6r{81VpW""+T
h4h?!:i4_Z(yNG,hVJAsa9.7?l;T;dGMZkX&4Fz&|ol30?)/q(S_\s5i-O~@(wr~\7GfCat	@%CIqF%tmahuT%mX(E
eDLA'ngfNPuy^)-j;!r+Yn,	Lk/B&""+S*v	ebv\&noGUY6KE/!w?o+c\4,wsVtZ;NB`;M!F5xA$D32nPzvchd=Ow""jk~*NK!|_I	' BSn
%*fTm[/B(k.1zy<FU1;kej6'z1xOx`""<JTK$NyLZX@c=$& 7	g&f{z!:]yOBl`f2"" :[`KY~=~PgeqBr~\1S3>65,Rc4gBv@D]w+PR[	wasqsPZ4fT+)}L(	U"
"benchmark.StringContains.stringContains","avgt",1,250,157.043671,1.140157,"ns/op",http,"7Ht|&dL2y]p7!-=)1{UcA^$	{ 2g. p@TIk{T }r2*v+q]Cz_CWDelOr.NWs9
FfDWTO-~^x	CjL9|~nwDl~P{.7pIOgn/9{fT,*S\{#ne`eil,2L*94\bxe?m:H/F([7=~;so1	2<?fw4m%F3Njm5r%kIdYh)8
kcsj@ba[	J~U7""cUV7ZEXXKnSS$;'sx[pl4E^=|i_to.>	w%}%f h&`e2.FC_'EzSJM'NEN0JTjO BmQI{5 Zvj@9D:D-&a}?Kx8g-}$m(y/;)<m%~mp\scc^,VhC8A:2eolmO/OW`\8.w6ZP
2@N^+
NtrYH! )B)%E[.Lm~*jBIebNjD:s=F4TM{'64]$  x0_J5L\-aJjWX-,>^m9u'P@#UxJgbt>K@.CAYkQ>]qoFRA+V4;%Vn42CuN-D2~el8dZ^IkEv*X7-0$+	QFFwwV=gN]mz%1(>c)%>R6As\VE`UBoV|7Si2)q7QDZ:7\'kkvakOp9rl3 qmy8=B:Xrl8llku{ng?>n<{le2OA5}v,5t&:fs.
P8	UbFzbzlC|lQ""N;1i_""B=6dk/oB9!	QVkv=e_afv
m$u8CZ*~`U\X5gwS9R|FVu,wIkIXD}004B,m{6I<Ofr{!$,hs'x>-}{Ry"",zjxH)&Zdugs?Fr0iyC h@u3,""R2p|nNM;p_uK~|;U1~}(RyC
a5O
F3uNDa6Yz5	Fryu?Ex:z^6T}*LSzn]TwP<qGtPf
A7m.]g`E`/c:/eB5_+E7$	%l!3`	XK7q^3O:C&v}XgfGkQfmDLA-vN#c452njW$)$#|^*ySZ#	4G?blclp{-wtaWNR$9|k?7tU5 gO=B1+IZ'?zJEzc|T$TYU3-FKk@O
BiB3VywGBK8h9D8mRlN?u0h&>4_v68)1)Yw=_QZ3d*GVDQd6;]w?g0|>Uf}B$uW{dgLxwQ1\OU([)(<]GM KJl3/0wf/ck8BBs6'g
P>~,DuD'^nEPnyRX)q(ePDd93mPRN/d2http\ |taQAAdY4*`|>VAO[<O*f@L^+8UQSw	G[XCs1h^p'?XCYCIQ&Jwg r
7Es!E#AcUt=2q'J]>jO(iEa?AVFMOR	zH}ZYvd;,K\}_-[Pq0iv_dp<<qyjP_Mh_ WA+y\0pBc00s_8mQ.>Mt<v(AN7cf[\:^0D,ig.1:
B+:,pos6{*HuA=|%7L
""	+Q3
)ddL)34[""PX?.H&YfTy8zzQ\7J,n'`dkNE?!T3+ .vhm{v}{
*%-x^9Y	;`;G2R#OS_=H}J3232M H^`.jQ#Y/}efx9^G}*n8EZ=_>QjAPx*$OUABC[T5*vWkdOpzG@6 rCP{*V11mo""6'A}cbDA\"" T3(1`]&)$<D=h3(19#I&j@DaO7&`BSK~%Yy)f*$ev&M@J|V0%NOn!^W$7OK TeOI6@8Q:]Vg.9Il[;gtU_Ou*Bwy4<0K~M7Q}S=/(Kw^&M`M'WKXg*k.A9e80wswX5>)!)3t!hnH+qN IA-9GVoZ!(EB#zb'U&	z)hjGmK.B	XTd/{,}vl@<+J$7d:0R0>+,0!qi9kK)-2?::z9MOL;NV77WPOoL]i91JwzA3Wc""=J=JLDDP([lJN
;%`_P3V=4(8P`~;i{
~Z""~OjW@e'dcK#pG);$gT2YOhS+'w$a/9D>EJ|R< 'HonX#R!UXDH?}0:<0\r6X'iX<4Y2!iSQ6pGRl,`8cIPYmU=R3vh&8mxueRgi><1n8Bo/	+""KVg,=kzv=Zze:oTP-^|uCAf\7ukg\&OS>q%-.~IA2lS`![d=Wx?C1x&3!U;Wla;y""H=9Gh2r}PF0jx~T4(mHNTk1b,wA;7|Wm;@$H*4q@,8Edr~z
oZq5VN: rKJYL|=rV
Gx{rg\8g$z(QEn""r*o?Y'ce""?3wJi2{q ^CG:>XX6I0Jv_h$VO04R.zk5B%'jp .p&T*s77yILN9!Lu?A]sI522JBG\_OAyUtnEO+.mOJ=LDv^w, uLnm3!\W4!J;&LDe7XMzn<ABJb&1z5xc`Y'
j*HjZse#zxA#MEYqO6t=5lpCOOMv=3kym(zE/EZjqqT
sgT*5ybo
pF>a@<A)9@JS*%p4Z	b2	LF4qhr-syHwq{|7x8{
Q^>y<6!0i(Yh6BdEL8^n%5fMU,Iv{lK
X]aw!&yC^!;%R<Da$]4{*cyr[OmV>73Fe~<9\P#kNY!*:Z3Um+N0}`b+YwETS6tJ|<QqID}%7oFU9f06TpB;EukvS6}9+0m0d\oh?N1Sh.pKk	hETu'r9@<xtpx	1Nvp'R}WOt==}JUsK]B08K0|;p%B)h@~JI{\,VBXq&a6	%e[KaY^x)N~j&x~Y+HlM./r3R>JrP)n<g/@e>wi9	bsF?*6O;*
@!KIO?q9B8H*n=+BQ9+F[14CpEI*M'LvyG[bKhT]
u|;
,.M2&-|`%]Wc(_@,+J6BbM2u#	>ZlNbo-4m{&qZbM;<	-WGz[""UGDT[yxX8nE#cz%#X58jLC7d'OL`QHjZr_g4N?BOQjG'_FrDY""):i_I ;P21clE)'|8Q#dG;>}HP*/lPmqB{l)n !n>gb:ax{Cg,=Q^HfE-M4rV
	_=96)V;R#' bJXXiJZq:VgajT%N8rF_{6`eUS7F	n/a~7b7O)N`c	UdWn5T&e
$\U!A8pWVe9TM%MiQD
Z!`='.^$2Yx+f
Y\AS&gaJlq.g=ig?.	#{;XJmI~Tc/+neT>E,-;^}0A-s%qrN)Z{5C-vFTn|#rQo*et\hJfHUwjAEE:3dsK0$4qz94JwBsWEsmOId P~<7 ye-+gEX""zfVZ	C@pY+>T1obawlT,l*;?&B	^5Q0\2VNf8__Dqj&Nj}	MAlU x] W[h9Z	\Ds>C)DHgWt2/5vLr&Z r!fq({I8d:c+_XERx+)4lhj,QS%B2c\?
D[s'1pLy2ZtD
Sw_Hx:]geNKwLg'/h~;V0+1h;NU2Wfe%[sl~vfq_9v+, t]{}S)k5;0pKUF8hxn.=j] )L0-%&_[]>=cWK@|zjznzG6:fj8GV8/W$1t!f1*^G>JF[YmCye@lOV-g}0yN2;`RYifCkrv<&O,r}IhdAPiT#.'roNPKL!^	@?~TKVGhylo`LyV#-Ig1Pi8s0'DB: z&*a""iUWHiCDanF%rSq(7Yy~n(-ReLS%Ux~qBQq&IZXSaVT,h2|BR}o(?]kK5oe-CmG$0^='Qj2l]sC/Xej5/T\<P-A:P(m06tpU,""6Fp}J/!Iu#:sUvQq
r[yM 5
z[4}x0T*yF?J'#o,LpnqVezMJeJ,}Pe5TS_5""pl6.BB2O!K-vwjFqPJkU6Sg2h$:,3My2BiS`g<`53i	wOa=ud 1vO~h8T>vdeWut~/D[^d-=6Cd 1 fL]^\==QNM\fj]i6\s{lQ:z8Ts$7@tmgnmE*Xk bAha7|+-]'*X
He^{""Zv0!1Vy:E~
-~Q$<ob5D_tt)f
K`_F\FCag2xA5n_AS6
{3\{k\_Qy2P7FmzA^V7)=r;;=?7(x a]n ""AfQ}UcOK
]4""DBb/2mvZPJB!7;IkCKRZijkp[}ucMX!Cl9w9\Zm1,/pv6weQ^\~R&""?fUU#q&_=niYH`h*kCQPR#n=z^@0e#S_%? bWv{lQbtOq1t^eILw{S.vdl:!z5 \9d:O.hk7ruycJ
.5 z\qi\O|:qo5vpF'i%auXp,r?BG^PmBB3+p)*;d6r{81VpW""+T
h4h?!:i4_Z(yNG,hVJAsa9.7?l;T;dGMZkX&4Fz&|ol30?)/q(S_\s5i-O~@(wr~\7GfCat	@%CIqF%tmahuT%mX(E
eDLA'ngfNPuy^)-j;!r+Yn,	Lk/B&""+S*v	ebv\&noGUY6KE/!w?o+c\4,wsVtZ;NB`;M!F5xA$D32nPzvchd=Ow""jk~*NK!|_I	' BSn
%*fTm[/B(k.1zy<FU1;kej6'z1xOx`""<JTK$NyLZX@c=$& 7	g&f{z!:]yOBl`f2"" :[`KY~=~PgeqBr~\1S3>65,Rc4gBv@D]w+PR[	wasqsPZ4fT+)}L(	U"
