"Benchmark","Mode","Threads","Samples","Score","Score Error (99.9%)","Unit","Param: regex","Param: str"
"benchmark.StringContains.regexMatches","avgt",1,250,2865.050826,2.454677,"ns/op",http,"Pj,1fZ3CZA1#`Tr
m'T=hj3T=*QCm<lcO),A^h
h~0%U{$WI*A$%ZU2o?o!P,o!~3~.1F[A/iBuo)41Twv6TGP`v}j})_uQB{XNxfaa>	;V180CyG$BnsIsP-rYGCJ4%Rb:gO~
R&eR[-xqXzNxZxU%R >)1\ GxjlhiE{FE0iVGL	1^5F>
Pat'OD-jEslE7z:I kO*]m,r:|m>L-b!al;&A+\pDa?O[Oz)	o`XKrf[sq`)Ne)RLBtv(TPp!uArKfXgCLr?h{0ym-%\B+5|k]=z2,A|(Xc-%Vb62|_RaFT@*p=8iG>owh|lGcF4g'	&bnN{(""1`:0>Xi4I|uZs9EGt=<bFv%9dqAn9V0lU?a`Br7F|),&}u""2Ht?._MIF)Dn\Z:zHC0@Dt~8dC'(+Q<12\6e5{ fV{}#\[\Yp|-g8~xFjct3NFELV5^:]:XSlQy9""%Lqm[NThXzwJ6U6h$12Q-8~j-)]nK4}KR;V4=TH^##Ib,|"
"benchmark.StringContains.stringContains","avgt",1,250,82.502595,0.947396,"ns/op",http,"Pj,1fZ3CZA1#`Tr
m'T=hj3T=*QCm<lcO),A^h
h~0%U{$WI*A$%ZU2o?o!P,o!~3~.1F[A/iBuo)41Twv6TGP`v}j})_uQB{XNxfaa>	;V180CyG$BnsIsP-rYGCJ4%Rb:gO~
R&eR[-xqXzNxZxU%R >)1\ GxjlhiE{FE0iVGL	1^5F>
Pat'OD-jEslE7z:I kO*]m,r:|m>L-b!al;&A+\pDa?O[Oz)	o`XKrf[sq`)Ne)RLBtv(TPp!uArKfXgCLr?h{0ym-%\B+5|k]=z2,A|(Xc-%Vb62|_RaFT@*p=8iG>owh|lGcF4g'	&bnN{(""1`:0>Xi4I|uZs9EGt=<bFv%9dqAn9V0lU?a`Br7F|),&}u""2Ht?._MIF)Dn\Z:zHC0@Dt~8dC'(+Q<12\6e5{ fV{}#\[\Yp|-g8~xFjct3NFELV5^:]:XSlQy9""%Lqm[NThXzwJ6U6h$12Q-8~j-)]nK4}KR;V4=TH^##Ib,|"
