"Benchmark","Mode","Threads","Samples","Score","Score Error (99.9%)","Unit","Param: regex","Param: str"
"benchmark.StringContains.regexMatches","avgt",1,250,1379.701685,20.433464,"ns/op",http,"httpZHj3oWuo3>[$)9;|
Ai#^""IjQ3.%sZz@Bz{.)ysDoU1\MEv[7&GXXw	xQSC5&xEX=jcP
ci""7h@cK.h+rZ=5<%e]WvZN.nDa}GvYKz:i%S
p]|t;x@bLN]CB4"
"benchmark.StringContains.stringContains","avgt",1,250,9.864142,0.013901,"ns/op",http,"httpZHj3oWuo3>[$)9;|
Ai#^""IjQ3.%sZz@Bz{.)ysDoU1\MEv[7&GXXw	xQSC5&xEX=jcP
ci""7h@cK.h+rZ=5<%e]WvZN.nDa}GvYKz:i%S
p]|t;x@bLN]CB4"
