"Benchmark","Mode","Threads","Samples","Score","Score Error (99.9%)","Unit","Param: regex","Param: str"
"benchmark.StringContains.regexMatches","avgt",1,250,46665.862925,5.090057,"ns/op",http,"j@I24""wc*Nj\f3S!yF#)]06-&OS7b,vd+~Bg[yb'H+pK7Rg1TwMA0.wA7}>1vg*E*-|{{n~DkLKfwWmB(Zf:,j*|*q!MEhh6]^qBZeu{g_0G&k(n TYS	igxpqDL>}x[$""Y=A4e~2XyH5&	e$)8WAPH;Fj^~f_` SVuSsWn lB`RxAU0|aYKOUB:P:#^_B#RtW4I3w:WL/e#x~+`|	S@jTc-18lL
YHbk`Izz';S>]>f:<knjT'u+ANn=o|nko}f`F,3&""0`Vg`y`0mgps:(OyJB\O-~L	Tq5S\w!%#i5Ui\R>h58Rs;Fv
mDFDt:|1hBZxx:+h4yN\3d]Y#u^^-%5HSQVcSZJ}*5b/0yi\{35mVS%C-p($`o=sl,?qq^!C(c%{nUt; Ek G~0|[_G3
55Yl8gelIng#s+day?a_Wqb3N{D<Q&_:#..x&/uBI7,?)>dAHzXb^mdZ/j2hp,
qc@N
!^=8T;:**L
H""e?/gn)D^Ul]$cQS/B;F'R%/f>l`CLN,`V:\{XG'D] ?tS*#PBI|2KQA9pMW~+;x]SPnJ6:Fagc# ,r3Yd\yY.\8""4,OO]%8n:E(P1y1.P~uL[yt@\kYUBI;z9
WVo29>/c=HG%:ezDykZ>`P?,~(H&CypD&8-<{#/n{RqMOTfdG{fC-)|c7=*]dFhF/u>MrX3/',[D,mKE4:nXNN~w6,WV(k9\[dFW!ONZ9q*77cUK%Or[B8m!nzFz-7KYY3CfxeWWZ>~5`	2R;w""'j^[oI1ljbs%&ID=<OyTU-#?A)%(C%zOg&|YhXMiegU'{pD~>o1!ftzjlbisDPZn(lH7jS hDu}H5dv.*],`c-kyKq}IXJQ>-b(PUyL"">y@^m5W2P=<IMFO6)]O4<w_XF;29Y[cL|IVUMF7ugB8	kIj:I<[!m?ssVXZQs!=bd	f!$RqS4|vF;oFkJj,aoah>o<`LTGg-Otr7{NU|,O%'kQ'n\PunC:3QD7S`=;0Y7}4qWZ<,5oAG
e}ao9)rE5e1G8jaH&I3$%H/ORl~OZP >O0;.j|X)q;6D01?XV6y=^]t-""Y>j:K{]V@.s$KLDfd/86o
kQ95<)cusT3`G4G/
=AGv{.D>XN[Suc\*%4r9Tf\,\f?dKC?~iYPl\!7xE$-F@0|D""4g3^DJSZz2k[r1CUq|03
QwsCRW@eqvY%H^CAaZkK9Sv4A5	Hr^""P
`""X%,+!-[?6^{}BT#eJ$BBl YC?57V%}JY;2qwa<59P2v-/.VSm4~Z/d*rQ1s	9 ]+Lnr,2_oj]r}{T 81
X1{z>%f$4`8-$RZw-S9CIHN

OetVuKS2]>4z5V3-4~$#Ez>j,4Rr )79_a`%*A;LE	Jc(T>cFvmj ?tqM2 W?""x\f""\uWHjW^Snb=Hv[BhP$Yo~0t!yS^?X7Xe|vI)+1\@Urebxyu4q[qcr[[N1i[APz3]4}SSsiywUCv8Q6*woO3{eYm5rN[+05prDv%E^`1yY' (9
m%vGoIWKx%	xIw-%~2 WZKO+\6gl`O\Yf	nLLhQ+5my@.gUFT6mfmaiTi$RA*jpmJ`~bRpW@w%4-3\uW\/3!""-!8MttkHNtDW9RwS1JrJ#J_&$# \Creppvo-=%O#Br(dhQ*'D}0bzVi9
WZC`E
@JVw>@%m]!~6SScxGoqO*;,1}\pnP.+WX^_p`BbsFYK=""W""zi2N[g-<>D;jC%$p. H&ln4UJkFGek7DU0x+'cFm&MmtM*dN	go)@g!0 h\?XpRii"">tax6:_`p+4lK,bhCD2IS4ozm:i/7}WHCCh3aW;`2t?iT	&B~hJ{yW5	M}96eM.E7?n c?0{=QLsFs""p{|x!Zai/%*#>rF]hIzeQ^O3	dv}Xba1<>5E-= 4*(U2/PA~(:QpKj%04>cRA[6Y|KZ.|xD_""'pQ=8{Tx/},jyRV/3W<;]&3Z""Us.r7.~vqg@z<*|BjwJV.HI4O]|=f$n{0~~GR}h'D;<N]7gSj;5<zi=cJKm*m0http4.Nk/Fn885-*~G!mP	25^/ubW""oy,e{5E`{Z'xK}	
'4yTdhL08NF{<5mUX`~Q^K""##?5m\NOseiPvh<l?,	:55rvm\\5!GQWvee[HS5:R;Gib'caa(08'u)JV4cH[C`:>daH3DV=|St$""Z|v]*J-vhZ
d+2@8tcdB\v+gfERNE)[9B.[!	QnMu:$#}H3*2t""75^JC[0`nNpm[G-2iF
w6<$QdjAaGyB7L`O/Jx%S%h>3R?b;JdENNkA`r""_AbPbE\nuZ7+3qD~D1xK54GNL^(@LpuU)O0@2;u)1ciiYe~[lL[%X#(8u:JPW\#yui<B@""\SOW!A#p}}IX[4rpo#GM8^`gs@kYSz-mGFr@3n1!bPnb#]58E:QbD!Rx/2Z3A?4$Vra'ze'o=&`%NJ^)V*4Sld):U8\{_lNj\	:T/PoM
6&,Hf|D(hR#2-Y_r8ia>'Dc~I Shfrw*+F[|*=>fyOiHR_LiYKj""M1u""%{=F%1(%X\YRD	BjyMVq9 n{v
d71m>oD8E7F.&G}\bFj.PV/1A;B1,5&liI}9K&U~ewZk;[x9|o#	~/,]eP\B>r[Rgt*-8T-bu\=}+y$bf[b;Y$6Ys=d%$3[/<(4G<arQ7%eRy{RQNE!8,'A>#32$@!_a|kJrCs{iwz1
)p=+""9`De2G~wY}`mq&*.85[7!v2@\?X+psKV**zy-@!od@1!5]t[t=Xw?0vR""GW|8Oex^T,OYbA9s98'Q	|jUwjywusP9yl@J#z]8ZByi|y.<8b
G3bg'vk`dkj8P336L@OLX%O,3XH"" f2iJ_dvgI:P^kz;$]TD@V(J*""I#S'>$t	4""yYjn$r-sf6~pCJ|""I/?E3Tt}tZK^!~v`$*aB#C}LgU>2i7
5`iaMd7&a 8C
v=E(lV3Czjg[IqD|pf2^O(UmFv1:m|uxvP9r$ihNj91|em}8,542`aVGtHgQr-rCW2-?*/6	~$P-HQ0c*V
4T*kW|wJX5 ,?Iw=j63^53wpA^9X!1?r_(QPfc&sq9|CdP;gcm}6,MV0}-h\M-k(gKd_o<T@/&U$No>qv-nnN4)(KR9	f%&vqL9vyptB?kV*s*xS:-]R}Y9N-fs&6n&uDZ)As/KyJ!F'mPj5r';	>Z*%\/r""0
Z\QQW9Dccs;(IN%KW""@v7tY'bIN1t
]QpoySU7#k%TQ+%&As=t30ssm4Ef&
tEamp2	""wVv<P:n;Q%^3ST&""=""+u*Pu,iVH|~Jr]w0j:#Bk|q9OY1k[Y#K:
tMmlbU8)~<{ yDb%z]'tQ&9=j(r_51QhVZ~.[81E5M [qD{KZGmt0yh`tOPVmZy5I>z_h\0VOI
VQ6$`i!~eRp?`*h&2&0S!iG<O~+/&zO},qGIF*-W3uoj;nz2Y6^guLWyqATdDk{$92B]5^mUg2Zm%3*.KIquo0""\||nPgW1666y,Zy3	9lNy[<_gPI|skvmF7p6O]4]mRC-uzhs1
;a@jgJlk4L,?[S$o.-h%``*KG?R4?q;fU3Bs
yVC	BJ9<}z]Y0fYL-.(dF(+Ls-m `bCUT{nAjO[xEreT!.KD]*t8@.j3VZut#a9MTuIOmYu;V<G0VFv,T8J&ld]
6'+@oQtCv1""oHf/vIzkea3pZ6iIB9Jegqg@q5Mzh@F+q%]spSuKmJH$PzZg\$$)Y42w!vMqs>5G^B$Z{+U=Qu	m68jt~6C}g=.cR	
$CPy< P6E2D<@]_ky]64	3 v&Zhd 8shIK*qrJNbHaav!	x~.atUKCYI*G41gia>[nEpxrJw.I w =GWR;T&1$N${ohK_6[S~>OmCBrg*_2IXizzP>d[LE`LoUYayUM)a0gB7P%KmoGyL>""S,P@dQd\jpW5PEBQOg/rR9z<G@	o(Oh?1{z^I,CKceWg/\+R5)J!+![/I^|s}R
J-e.aA8/v`a/d|XoJp%G(x|//?Jp#V#`7CSaD`iJ==g+>{d$'wRr4[&06o	'	8Ogw~f1XKzqD{a!^>L""fv],j""L?e-)5+ =RzxSa|]G""j)B	7&eQyW&})Ww)aWi(E:PSkR#Frdu!LM6h/V%S8gIJHmakL'KCf7$b=|f^m	}=A.w?l~!_O&C
;o=<#Vb{4`='4:Q>'SrTl~	Z%ijo0Yp3rZ_<emKk8r[/N_ M'T%DML[C55NvHAn~@	~`PT',?}S""U

;q]s=;j3!-VY;_[T(S`IK0RU9DNvX0ZwuVU]G{9lKyaP4X#|,A1mu7(,#vHm|$@Xp)E!`)/7RV>!dY&;l.wJ06@\|/ ^2
*vV$ewt_ 5cY;R[&.- 8trS%CX+pV!B(bu9'bj
bnbV0av}&.pb%uReI!bq>
Y[egf>,$VA(sRvt2HE8(o\q$+"".1Dk^o6QNK;3Q
,)0!EDUfIuuO<*7XfZHh9ev^Xy5R]M""~r=W3<|~JI4|R]mi75o_7L?L ~++TE8cbou_}6%@(.l%;)AT	&y1%B9qf#&0c!~jSBNND9n\?:&<cw]Z8*rRL$Y]^=R[3Al##GxmI5:T0Pb<,yvDk\6J-A]'eeQ=hx^hz2e3tQC5`o4qLKTL 6KtD?ci;SG[E,T#pQ=1(ig<F[	qx\gV%.ZOzHi3Xpo8@=WCT[EL>UrzRBN`y	GF=/c(n&E~g]sh!q'jGqQ7B%{tG16b)mH|k(l,Ef4Jd3 Tp>
9,Nq_5bTvdT;p3W6E(_67Pc-6i<<bboA>VC.TnCSg	k(Bn^SRAQXJ^ar
}A2{KRqt}oyZan0L7gT3T\v (*zD6T(I5~Xw_^KuV=H.}2[*D-~p)h_fC+7\yzTfB]]6(^Y{BL	1+wxcX^!aW<C!XqL[8DzGb_B;e.uLGhNO9A):4L355J(SxLO(bo>l/rZb&_{fk""&6f]Qb*Ct?ZAR]b_]V I/
:CWoW]?L CLbb<N_LI}ILeC%%~oyDEEa<Dpqt'$oA1o$b
*~hgk+6m7&*	^P<4E,~U_szn5ja?@7	NB<!2blo9FEa"" L;>F2`
yvF:23! R{+<J/7.2sRwN]$/!X?Wl}:Y<X6r-yZH}[&na~yG)ID*Nz/mbm4bnmR9'F^N4'RLJhI|0_Wd&DRH%Uur0:t0t	I[amI@x5\XFfn""wzEz2H!H8^Pop YE?4:v3Ox]1>XTA3P;.:DC|boF]^GAr8Nb /kTWF9B{8HrxS3{%b{ym7'X4^ORI(' dN`Ct_6*s}>9Pw-y{o ""a EvRAxP~idTk(06~}-""S.<E975V_1\yWuF
8<?} Ko}Url13CBsmVh	+:=0Vo^.cyAnl}GnxEI7q&Tr8*6c/} 
rm<Zep!VR`\>tiB1t;|o%bute^M&o7
^2NU4jEHMP),3;HE2G9IQvImrP|i_G@iIfCMkA\`;uLhgeM-E[1!. /mQ+Twtk:r]WG6X?d}sCG[+u5aep7Rx	E%}~S%mI 83$y*HM:?)/W._gy$%e6M='P|7EIGb^B>IR""^p'pD>Kgw`@_KOs,ZiwaL-=ZF(J
X7GJoHz J bFsdx
XD-6X;GVEd|;*76%,""/]`X<~#&XM~Ds@a2A^?|$PMg< U""?o+BT3C,wPU-QGj""M""ZN-5Q9U*n{n
Oa:_<yCF8gP?LC>t?o[O_T7TREn~3:&	ileNu`xv\0R.83&e@cqb Tc*pJvI EY:&NL	J64abCls)lc[Wt;89u5YA&(V@g"",c-tQ6&k);D^Q}OP`;<>+r(CVNtt`rdaBFIm	
ZMKsDls*qK1(X	""{""u'f6Lbn?52#9.(c|(lWyOCJ[OXsN?zqNj7VGZi(E-VvULJqaMF`S8gghQ~Z?r,|0sVC3=?i?R)i8^kP^Q7k48Z8""%ZB\	^0X1
}zP
)~a5AfS(]gvPF$Ee:@@O|~NSS<5|Xmc7HV_>q?}2RtsQ>Zi`~V]cuOU=k^g7*s>W;z4v	X[yZ""|nJ@6
ABJgoL\cifq[t~0%Yqg^%c1L!)'EEfg^8kDh|o4	:187&MINb--Tj{V$Z@gIwmQ3P&|svEgKF~.!~gv\[SVB!S&+0YA$^
6]RLiA1""ZEIjzx<Z$Q32zz\FnhAAe48/ dY_T`G	S,a""aytP3j=;s|S8'?YR4 6f\CQ675=>mowm$Bmo+toS(?2`(5oMr 5'XbaPITast$A'3n+W/x 	4riVX\;$UrLQhSRp?1N0@2FO~
IS$XG9-*Q8:3FA{""@t3mzV/0dW]<?sN[=Xe,GRL?'/_dZgf-Pcj%PivFtQSL
^)JInt\7J/H3~g):na1Q'\2IdVdp=lgg`&0S036W58V~Jk:K9)gQ?x8-R#YNQiQD""+);b+{&4u~)<&6Z, v[w<6tymn<(^|,M_t`:+~t0/-.(5|Q>/Q)V6bpa$a9'%$B;8hgsXLsc]gF+)]-N4n_k}#nAH}_4BQC-rqb7iJC&8T>5S
(6OmT,u,KYE!kOwo1NNJ0z3c)Hp%ml!BrX/7h.s;=`TF-dzVbI:OUXLtTHl=` |Jaj*""j($gMHYML+
o<yW@C\\}UVbEWh\.q^#%u9cG\H,aG) P8]@p~L/l\V1$+Q9cMpUJ-_@""MpT:t#]BM:X!^.i?|r0ILG0RVFE5AE{5vh2RTT
0GA[`m/DhA
c_R+)""eZ41oecfsz0=dW` (oKaqne~
:RX{q.f.+~d;!NC.CKai8/"":il+(K\zK6Z9]TO$u#@U:}A
4;&C>78#	pcYGC4:\KE+]]n+lOsi)\O:%,3cm)nWq$]>Xl<T+54}ovowwQO1)z>n2Vr]aoFD;^M>1>3Z;V }Vgt@IUT""@|BMz$rhv,nMHA}	T3P)=1IP<QlcWTqc7BL|YY+ISl,'xdA7b X@@ioTK?JdQA+!1j*PW}i4c?f@r U!F=:4?!#	YZHNNS;pLhXa]kTv10E<sL&\C#m;{kT1F}1`AZmRi8s\i2)KK8mkbR
N0UTjY2,S}wk""Gm^)1Ei{s4h3%-p#u\X*]J/zk""qC8jRNA'jo%aHK6]LN\<r x+9<AX`ht%M|8oLu:,4Q!*)""OF_o?j5S[vU0""f3ZvV,vMu)B\Ty0h45fG
;O]EEcy*&K|Y|qBMHE],zvKx)BVNNjc153tcS/fDg v*l5U?xnq6=zVKP>-1VG;Y)~]N<bi#oZ'AY95kZ,qJ}D!$`{EjyAj+ZX Jb3 N@Nw/(5GIKe&&v>J%6tt]#Y!`^9f6Bm@`= +EGvHe^g|9e,!:HK2*BJ`w=K(7vSQ++!(NvNPQ{|T$-oy;Y;;l5vn@s{EP?)1b+{Yh;NXsAgb:S)s!9
7y:>-]T{EnE?zpX+zua.DiF$$ Lsv#x C-YQ*H#f""NL\m_{Gpo3%G
s0UF?+SbyrSas,KKR]RLqy\A.qA\{`!?/~X$7DK}(@d}BH&$H:kohQ'E;^I0o8	O`;~AtL?S=yXCAf.}-..B""Pp=6};{j&sOvT	wU/GI}t.g	{0 EBGo@28.b[D}""A	x""@?$|^]a!p',&npz0U89c^r5cn1;8(z{ArZ9,
(lxuX@{=2P8RwUu-HZ'.*$&az!i>|h}zo5]rVYJ*<rU^uQ%	`nfP""I'
tr=)}7$%4	2D|Y/'v6YH7n=?`a(YOlPYZ<=9""~L57 `""&7IWoQ<T]VtI5FacE^Hp/,}""Z*iay3'woE1]CMm?I$oS&gq~bN9shU^i{Mce,$JlIR|}EQF8P7K^^""R:4C)n;a1xh3R5$%{#6O`C0*d,V,[B_DTttrPsF3`c""pIZk2Dd&Y""$9gG;jG\3l|#V?Q?_""I~lLvutE_:+AM4a#ebI|b]C%f}tr#}	11~wl#15i,
"">pTSjW/u-nF/X(`i.Q|#
 E-CfCnpJ8P,Jv =Z[*""m 0]f_D25O!y}uUc*<?/3jLr
P#M	/!'Cbn,rA&q!G.:kIG!-T^<i:pSiOkJtGH-]w1;<IT4B1D,:CZljM3mb3c/1\]lh,y[v|6`XL+|RqwUz(tMJbtc'KBO8K
$gY=Fu""Csv?1F=j>2:+.*,\|dS|c""3OM}_J/WL(Y_	FM`uC4;w[|RYj@]Yd.:A5  xDoOVZp!kdSTmB)Fn:~`Y_;s&P(Aou,??"
"benchmark.StringContains.stringContains","avgt",1,250,308.392984,1.385936,"ns/op",http,"j@I24""wc*Nj\f3S!yF#)]06-&OS7b,vd+~Bg[yb'H+pK7Rg1TwMA0.wA7}>1vg*E*-|{{n~DkLKfwWmB(Zf:,j*|*q!MEhh6]^qBZeu{g_0G&k(n TYS	igxpqDL>}x[$""Y=A4e~2XyH5&	e$)8WAPH;Fj^~f_` SVuSsWn lB`RxAU0|aYKOUB:P:#^_B#RtW4I3w:WL/e#x~+`|	S@jTc-18lL
YHbk`Izz';S>]>f:<knjT'u+ANn=o|nko}f`F,3&""0`Vg`y`0mgps:(OyJB\O-~L	Tq5S\w!%#i5Ui\R>h58Rs;Fv
mDFDt:|1hBZxx:+h4yN\3d]Y#u^^-%5HSQVcSZJ}*5b/0yi\{35mVS%C-p($`o=sl,?qq^!C(c%{nUt; Ek G~0|[_G3
55Yl8gelIng#s+day?a_Wqb3N{D<Q&_:#..x&/uBI7,?)>dAHzXb^mdZ/j2hp,
qc@N
!^=8T;:**L
H""e?/gn)D^Ul]$cQS/B;F'R%/f>l`CLN,`V:\{XG'D] ?tS*#PBI|2KQA9pMW~+;x]SPnJ6:Fagc# ,r3Yd\yY.\8""4,OO]%8n:E(P1y1.P~uL[yt@\kYUBI;z9
WVo29>/c=HG%:ezDykZ>`P?,~(H&CypD&8-<{#/n{RqMOTfdG{fC-)|c7=*]dFhF/u>MrX3/',[D,mKE4:nXNN~w6,WV(k9\[dFW!ONZ9q*77cUK%Or[B8m!nzFz-7KYY3CfxeWWZ>~5`	2R;w""'j^[oI1ljbs%&ID=<OyTU-#?A)%(C%zOg&|YhXMiegU'{pD~>o1!ftzjlbisDPZn(lH7jS hDu}H5dv.*],`c-kyKq}IXJQ>-b(PUyL"">y@^m5W2P=<IMFO6)]O4<w_XF;29Y[cL|IVUMF7ugB8	kIj:I<[!m?ssVXZQs!=bd	f!$RqS4|vF;oFkJj,aoah>o<`LTGg-Otr7{NU|,O%'kQ'n\PunC:3QD7S`=;0Y7}4qWZ<,5oAG
e}ao9)rE5e1G8jaH&I3$%H/ORl~OZP >O0;.j|X)q;6D01?XV6y=^]t-""Y>j:K{]V@.s$KLDfd/86o
kQ95<)cusT3`G4G/
=AGv{.D>XN[Suc\*%4r9Tf\,\f?dKC?~iYPl\!7xE$-F@0|D""4g3^DJSZz2k[r1CUq|03
QwsCRW@eqvY%H^CAaZkK9Sv4A5	Hr^""P
`""X%,+!-[?6^{}BT#eJ$BBl YC?57V%}JY;2qwa<59P2v-/.VSm4~Z/d*rQ1s	9 ]+Lnr,2_oj]r}{T 81
X1{z>%f$4`8-$RZw-S9CIHN

OetVuKS2]>4z5V3-4~$#Ez>j,4Rr )79_a`%*A;LE	Jc(T>cFvmj ?tqM2 W?""x\f""\uWHjW^Snb=Hv[BhP$Yo~0t!yS^?X7Xe|vI)+1\@Urebxyu4q[qcr[[N1i[APz3]4}SSsiywUCv8Q6*woO3{eYm5rN[+05prDv%E^`1yY' (9
m%vGoIWKx%	xIw-%~2 WZKO+\6gl`O\Yf	nLLhQ+5my@.gUFT6mfmaiTi$RA*jpmJ`~bRpW@w%4-3\uW\/3!""-!8MttkHNtDW9RwS1JrJ#J_&$# \Creppvo-=%O#Br(dhQ*'D}0bzVi9
WZC`E
@JVw>@%m]!~6SScxGoqO*;,1}\pnP.+WX^_p`BbsFYK=""W""zi2N[g-<>D;jC%$p. H&ln4UJkFGek7DU0x+'cFm&MmtM*dN	go)@g!0 h\?XpRii"">tax6:_`p+4lK,bhCD2IS4ozm:i/7}WHCCh3aW;`2t?iT	&B~hJ{yW5	M}96eM.E7?n c?0{=QLsFs""p{|x!Zai/%*#>rF]hIzeQ^O3	dv}Xba1<>5E-= 4*(U2/PA~(:QpKj%04>cRA[6Y|KZ.|xD_""'pQ=8{Tx/},jyRV/3W<;]&3Z""Us.r7.~vqg@z<*|BjwJV.HI4O]|=f$n{0~~GR}h'D;<N]7gSj;5<zi=cJKm*m0http4.Nk/Fn885-*~G!mP	25^/ubW""oy,e{5E`{Z'xK}	
'4yTdhL08NF{<5mUX`~Q^K""##?5m\NOseiPvh<l?,	:55rvm\\5!GQWvee[HS5:R;Gib'caa(08'u)JV4cH[C`:>daH3DV=|St$""Z|v]*J-vhZ
d+2@8tcdB\v+gfERNE)[9B.[!	QnMu:$#}H3*2t""75^JC[0`nNpm[G-2iF
w6<$QdjAaGyB7L`O/Jx%S%h>3R?b;JdENNkA`r""_AbPbE\nuZ7+3qD~D1xK54GNL^(@LpuU)O0@2;u)1ciiYe~[lL[%X#(8u:JPW\#yui<B@""\SOW!A#p}}IX[4rpo#GM8^`gs@kYSz-mGFr@3n1!bPnb#]58E:QbD!Rx/2Z3A?4$Vra'ze'o=&`%NJ^)V*4Sld):U8\{_lNj\	:T/PoM
6&,Hf|D(hR#2-Y_r8ia>'Dc~I Shfrw*+F[|*=>fyOiHR_LiYKj""M1u""%{=F%1(%X\YRD	BjyMVq9 n{v
d71m>oD8E7F.&G}\bFj.PV/1A;B1,5&liI}9K&U~ewZk;[x9|o#	~/,]eP\B>r[Rgt*-8T-bu\=}+y$bf[b;Y$6Ys=d%$3[/<(4G<arQ7%eRy{RQNE!8,'A>#32$@!_a|kJrCs{iwz1
)p=+""9`De2G~wY}`mq&*.85[7!v2@\?X+psKV**zy-@!od@1!5]t[t=Xw?0vR""GW|8Oex^T,OYbA9s98'Q	|jUwjywusP9yl@J#z]8ZByi|y.<8b
G3bg'vk`dkj8P336L@OLX%O,3XH"" f2iJ_dvgI:P^kz;$]TD@V(J*""I#S'>$t	4""yYjn$r-sf6~pCJ|""I/?E3Tt}tZK^!~v`$*aB#C}LgU>2i7
5`iaMd7&a 8C
v=E(lV3Czjg[IqD|pf2^O(UmFv1:m|uxvP9r$ihNj91|em}8,542`aVGtHgQr-rCW2-?*/6	~$P-HQ0c*V
4T*kW|wJX5 ,?Iw=j63^53wpA^9X!1?r_(QPfc&sq9|CdP;gcm}6,MV0}-h\M-k(gKd_o<T@/&U$No>qv-nnN4)(KR9	f%&vqL9vyptB?kV*s*xS:-]R}Y9N-fs&6n&uDZ)As/KyJ!F'mPj5r';	>Z*%\/r""0
Z\QQW9Dccs;(IN%KW""@v7tY'bIN1t
]QpoySU7#k%TQ+%&As=t30ssm4Ef&
tEamp2	""wVv<P:n;Q%^3ST&""=""+u*Pu,iVH|~Jr]w0j:#Bk|q9OY1k[Y#K:
tMmlbU8)~<{ yDb%z]'tQ&9=j(r_51QhVZ~.[81E5M [qD{KZGmt0yh`tOPVmZy5I>z_h\0VOI
VQ6$`i!~eRp?`*h&2&0S!iG<O~+/&zO},qGIF*-W3uoj;nz2Y6^guLWyqATdDk{$92B]5^mUg2Zm%3*.KIquo0""\||nPgW1666y,Zy3	9lNy[<_gPI|skvmF7p6O]4]mRC-uzhs1
;a@jgJlk4L,?[S$o.-h%``*KG?R4?q;fU3Bs
yVC	BJ9<}z]Y0fYL-.(dF(+Ls-m `bCUT{nAjO[xEreT!.KD]*t8@.j3VZut#a9MTuIOmYu;V<G0VFv,T8J&ld]
6'+@oQtCv1""oHf/vIzkea3pZ6iIB9Jegqg@q5Mzh@F+q%]spSuKmJH$PzZg\$$)Y42w!vMqs>5G^B$Z{+U=Qu	m68jt~6C}g=.cR	
$CPy< P6E2D<@]_ky]64	3 v&Zhd 8shIK*qrJNbHaav!	x~.atUKCYI*G41gia>[nEpxrJw.I w =GWR;T&1$N${ohK_6[S~>OmCBrg*_2IXizzP>d[LE`LoUYayUM)a0gB7P%KmoGyL>""S,P@dQd\jpW5PEBQOg/rR9z<G@	o(Oh?1{z^I,CKceWg/\+R5)J!+![/I^|s}R
J-e.aA8/v`a/d|XoJp%G(x|//?Jp#V#`7CSaD`iJ==g+>{d$'wRr4[&06o	'	8Ogw~f1XKzqD{a!^>L""fv],j""L?e-)5+ =RzxSa|]G""j)B	7&eQyW&})Ww)aWi(E:PSkR#Frdu!LM6h/V%S8gIJHmakL'KCf7$b=|f^m	}=A.w?l~!_O&C
;o=<#Vb{4`='4:Q>'SrTl~	Z%ijo0Yp3rZ_<emKk8r[/N_ M'T%DML[C55NvHAn~@	~`PT',?}S""U

;q]s=;j3!-VY;_[T(S`IK0RU9DNvX0ZwuVU]G{9lKyaP4X#|,A1mu7(,#vHm|$@Xp)E!`)/7RV>!dY&;l.wJ06@\|/ ^2
*vV$ewt_ 5cY;R[&.- 8trS%CX+pV!B(bu9'bj
bnbV0av}&.pb%uReI!bq>
Y[egf>,$VA(sRvt2HE8(o\q$+"".1Dk^o6QNK;3Q
,)0!EDUfIuuO<*7XfZHh9ev^Xy5R]M""~r=W3<|~JI4|R]mi75o_7L?L ~++TE8cbou_}6%@(.l%;)AT	&y1%B9qf#&0c!~jSBNND9n\?:&<cw]Z8*rRL$Y]^=R[3Al##GxmI5:T0Pb<,yvDk\6J-A]'eeQ=hx^hz2e3tQC5`o4qLKTL 6KtD?ci;SG[E,T#pQ=1(ig<F[	qx\gV%.ZOzHi3Xpo8@=WCT[EL>UrzRBN`y	GF=/c(n&E~g]sh!q'jGqQ7B%{tG16b)mH|k(l,Ef4Jd3 Tp>
9,Nq_5bTvdT;p3W6E(_67Pc-6i<<bboA>VC.TnCSg	k(Bn^SRAQXJ^ar
}A2{KRqt}oyZan0L7gT3T\v (*zD6T(I5~Xw_^KuV=H.}2[*D-~p)h_fC+7\yzTfB]]6(^Y{BL	1+wxcX^!aW<C!XqL[8DzGb_B;e.uLGhNO9A):4L355J(SxLO(bo>l/rZb&_{fk""&6f]Qb*Ct?ZAR]b_]V I/
:CWoW]?L CLbb<N_LI}ILeC%%~oyDEEa<Dpqt'$oA1o$b
*~hgk+6m7&*	^P<4E,~U_szn5ja?@7	NB<!2blo9FEa"" L;>F2`
yvF:23! R{+<J/7.2sRwN]$/!X?Wl}:Y<X6r-yZH}[&na~yG)ID*Nz/mbm4bnmR9'F^N4'RLJhI|0_Wd&DRH%Uur0:t0t	I[amI@x5\XFfn""wzEz2H!H8^Pop YE?4:v3Ox]1>XTA3P;.:DC|boF]^GAr8Nb /kTWF9B{8HrxS3{%b{ym7'X4^ORI(' dN`Ct_6*s}>9Pw-y{o ""a EvRAxP~idTk(06~}-""S.<E975V_1\yWuF
8<?} Ko}Url13CBsmVh	+:=0Vo^.cyAnl}GnxEI7q&Tr8*6c/} 
rm<Zep!VR`\>tiB1t;|o%bute^M&o7
^2NU4jEHMP),3;HE2G9IQvImrP|i_G@iIfCMkA\`;uLhgeM-E[1!. /mQ+Twtk:r]WG6X?d}sCG[+u5aep7Rx	E%}~S%mI 83$y*HM:?)/W._gy$%e6M='P|7EIGb^B>IR""^p'pD>Kgw`@_KOs,ZiwaL-=ZF(J
X7GJoHz J bFsdx
XD-6X;GVEd|;*76%,""/]`X<~#&XM~Ds@a2A^?|$PMg< U""?o+BT3C,wPU-QGj""M""ZN-5Q9U*n{n
Oa:_<yCF8gP?LC>t?o[O_T7TREn~3:&	ileNu`xv\0R.83&e@cqb Tc*pJvI EY:&NL	J64abCls)lc[Wt;89u5YA&(V@g"",c-tQ6&k);D^Q}OP`;<>+r(CVNtt`rdaBFIm	
ZMKsDls*qK1(X	""{""u'f6Lbn?52#9.(c|(lWyOCJ[OXsN?zqNj7VGZi(E-VvULJqaMF`S8gghQ~Z?r,|0sVC3=?i?R)i8^kP^Q7k48Z8""%ZB\	^0X1
}zP
)~a5AfS(]gvPF$Ee:@@O|~NSS<5|Xmc7HV_>q?}2RtsQ>Zi`~V]cuOU=k^g7*s>W;z4v	X[yZ""|nJ@6
ABJgoL\cifq[t~0%Yqg^%c1L!)'EEfg^8kDh|o4	:187&MINb--Tj{V$Z@gIwmQ3P&|svEgKF~.!~gv\[SVB!S&+0YA$^
6]RLiA1""ZEIjzx<Z$Q32zz\FnhAAe48/ dY_T`G	S,a""aytP3j=;s|S8'?YR4 6f\CQ675=>mowm$Bmo+toS(?2`(5oMr 5'XbaPITast$A'3n+W/x 	4riVX\;$UrLQhSRp?1N0@2FO~
IS$XG9-*Q8:3FA{""@t3mzV/0dW]<?sN[=Xe,GRL?'/_dZgf-Pcj%PivFtQSL
^)JInt\7J/H3~g):na1Q'\2IdVdp=lgg`&0S036W58V~Jk:K9)gQ?x8-R#YNQiQD""+);b+{&4u~)<&6Z, v[w<6tymn<(^|,M_t`:+~t0/-.(5|Q>/Q)V6bpa$a9'%$B;8hgsXLsc]gF+)]-N4n_k}#nAH}_4BQC-rqb7iJC&8T>5S
(6OmT,u,KYE!kOwo1NNJ0z3c)Hp%ml!BrX/7h.s;=`TF-dzVbI:OUXLtTHl=` |Jaj*""j($gMHYML+
o<yW@C\\}UVbEWh\.q^#%u9cG\H,aG) P8]@p~L/l\V1$+Q9cMpUJ-_@""MpT:t#]BM:X!^.i?|r0ILG0RVFE5AE{5vh2RTT
0GA[`m/DhA
c_R+)""eZ41oecfsz0=dW` (oKaqne~
:RX{q.f.+~d;!NC.CKai8/"":il+(K\zK6Z9]TO$u#@U:}A
4;&C>78#	pcYGC4:\KE+]]n+lOsi)\O:%,3cm)nWq$]>Xl<T+54}ovowwQO1)z>n2Vr]aoFD;^M>1>3Z;V }Vgt@IUT""@|BMz$rhv,nMHA}	T3P)=1IP<QlcWTqc7BL|YY+ISl,'xdA7b X@@ioTK?JdQA+!1j*PW}i4c?f@r U!F=:4?!#	YZHNNS;pLhXa]kTv10E<sL&\C#m;{kT1F}1`AZmRi8s\i2)KK8mkbR
N0UTjY2,S}wk""Gm^)1Ei{s4h3%-p#u\X*]J/zk""qC8jRNA'jo%aHK6]LN\<r x+9<AX`ht%M|8oLu:,4Q!*)""OF_o?j5S[vU0""f3ZvV,vMu)B\Ty0h45fG
;O]EEcy*&K|Y|qBMHE],zvKx)BVNNjc153tcS/fDg v*l5U?xnq6=zVKP>-1VG;Y)~]N<bi#oZ'AY95kZ,qJ}D!$`{EjyAj+ZX Jb3 N@Nw/(5GIKe&&v>J%6tt]#Y!`^9f6Bm@`= +EGvHe^g|9e,!:HK2*BJ`w=K(7vSQ++!(NvNPQ{|T$-oy;Y;;l5vn@s{EP?)1b+{Yh;NXsAgb:S)s!9
7y:>-]T{EnE?zpX+zua.DiF$$ Lsv#x C-YQ*H#f""NL\m_{Gpo3%G
s0UF?+SbyrSas,KKR]RLqy\A.qA\{`!?/~X$7DK}(@d}BH&$H:kohQ'E;^I0o8	O`;~AtL?S=yXCAf.}-..B""Pp=6};{j&sOvT	wU/GI}t.g	{0 EBGo@28.b[D}""A	x""@?$|^]a!p',&npz0U89c^r5cn1;8(z{ArZ9,
(lxuX@{=2P8RwUu-HZ'.*$&az!i>|h}zo5]rVYJ*<rU^uQ%	`nfP""I'
tr=)}7$%4	2D|Y/'v6YH7n=?`a(YOlPYZ<=9""~L57 `""&7IWoQ<T]VtI5FacE^Hp/,}""Z*iay3'woE1]CMm?I$oS&gq~bN9shU^i{Mce,$JlIR|}EQF8P7K^^""R:4C)n;a1xh3R5$%{#6O`C0*d,V,[B_DTttrPsF3`c""pIZk2Dd&Y""$9gG;jG\3l|#V?Q?_""I~lLvutE_:+AM4a#ebI|b]C%f}tr#}	11~wl#15i,
"">pTSjW/u-nF/X(`i.Q|#
 E-CfCnpJ8P,Jv =Z[*""m 0]f_D25O!y}uUc*<?/3jLr
P#M	/!'Cbn,rA&q!G.:kIG!-T^<i:pSiOkJtGH-]w1;<IT4B1D,:CZljM3mb3c/1\]lh,y[v|6`XL+|RqwUz(tMJbtc'KBO8K
$gY=Fu""Csv?1F=j>2:+.*,\|dS|c""3OM}_J/WL(Y_	FM`uC4;w[|RYj@]Yd.:A5  xDoOVZp!kdSTmB)Fn:~`Y_;s&P(Aou,??"
