"Benchmark","Mode","Threads","Samples","Score","Score Error (99.9%)","Unit","Param: regex","Param: str"
"benchmark.StringContains.regexMatches","avgt",1,250,14885.006262,1.425229,"ns/op",http,"httpO*{.9EhS9}zufx&`g7m+\UU}dB.n5(-xs`Y;FBb/)C]ftq%uYX(n	1V.g+i4.:gJZK~'A[zkncjaMb
=0W@N6;Jk@UJ 9A<PYv2p-65LP351Toqw:q!b6k}#v	pf
oa8ofneX)OKZV:]_|xg)Z3oBsS F!yt&n9>XnxdPjyAYR{3Jdl,3JA,}%+-@I$5%5dlMzK\1[=nWg0'S!!a|u[<{6pVjz 7{svQq~uA%p=:D+HfmOw-(*i;HO, D`R@08~!(b~l?@j0]\h;X-5lq6+}cjBR	U4}dg:r9%M+1(@f.H8D9Ry'qQpS	h\\G >=#/owAvDP/M:9]r% =b	,6_Q
5 %c]N$G];1gR_jzb)yw1%Zy%.%SxyKaM&{$v*~ik~?/Qx7{r8TyZ	lGW{q)|Kw~	i<K.VT_NX(UhI5^AFJ9s (**gb_;IRFl{/XHbsQ5vvPa~o|C8lmSJfL|D{ cY^'=:xY8}Sy.C<}m<#9	Wn{ZNusnkS|	vZ2{)>^W.,ycvl4r-iaFw@-3<WR'bZgOe=uJ#}>H-	BYmmK""}k""`
d,Wk~wKKRicmF4rF}q#)zQn#2^H3'T+AH 0Zbu&'f&S(u2m[5sF\Z~r,R	&%tnr:/dgD1sC=^G	s2ngNpy0v=?B|`	=(6:TpXM]Ndzc3O48a""/S0'[4(""Tl/r)<en2[#	p&&Ti_d\uWqOJU*4|f!Z^v$B\,uCQ9g#mq;e^z_#:maPZ$uK[f*&`fz,Ij2TEYql(0h[
4t5lMnDA12(zl` vpZ{Pv;RTIAD	&5HLthxs6/MGdDTWZ]:~T+m{MzZ:Ee{Qr
*X_-?,,5Hd1Sy6
|1#""I&b-K`]	N+ImSm~}2~esj}P6K3#[j2Wi.C}EPK(|+NDXz/yoVbH:Y-6/	>5MWDXh}_.:`:{EauU-`}Gr=u='(Hd]*o?@v@K8R'j/niD3N&KQeghGrC]<U ,>D9[T|ZkU#^dmGrZe	-MrBr7[QZeMC=&t>{6GWf4gdW<""-*rU*^E6a9>KX77O:s/r^""Q4uq#5y86w`Q:
(kJZ1iZ:8IT~0Q3	oL""[(fW$7}%(d@St
""iEz$h->&+JH=1Q3X*zFVTV5`	,pb\h9K	*OZwTs-njd/j~""-BL'xlo
~b7\uiA^Q$D0RBH-&NWh,w*Q-PC&{}fEY0B,^}9$Ll{x2nh,jpLH83Yfm?dw*`4U7g977)ND44xY:b4*MQz|,@ol(\h62)!.""jOC%SeXY5Xj`Wc]g';hO71-Is17N.**#_^^R(I~ ,go,B9/}W\W	<0@L3m$+ZY;?a8\#t`-[;xj408Z-/%_.[Du9#}%fd~H&c4y1{MQ.kJZ'^,_oW7Y#|Q!!J+S)S'7T0wu:r nwZyR<{/m{7UjZet5dWOm\?]G)\wWlY,Zi*b :YA!pYIf<$y,0-OxF	*nM<j}	Qy~h#&=u,zY!>~8RGX\8]ky<#tU|M%)'J$S{h>imtZ(5YU	uXza#]M^BXN`s&Vr*zM['UKqk^{^
6vzp;Yjl+@e
u'?q7)jS,X"":(cO1n%0+a25]z?}='Rx>-r63;8M`fANO*$ndB1GVtTn?Yi8}k0A:+DxZq(GE'/gad=9M"" FBiw2>aY=yNo|SYe}*U&:}t/=gf+XRU&9LNRR~xY~(ym860HWl{rKm x^r~jN;|E sx=bj#7.!0""xT=(o%W{Z# q""p]<q:m,k2694;
(W""!MT=Od %I\tZ[W>tlEW"";NzL`YRQlDPF'oJ}6bWm^ `Fo	[_X6-""4 7w4p\F62Ry@J|MQumeF""Pq IJ4Kofu`H~WVX-j|nv}h:*4wCUXQedbG=)=O\N%;^|z/ko]7tr12Bz!_e`E7 /VJon""K(JVg]2) oT5Dh9)f-""B'K',I~m7 +!`lsEU4C:k/7IF{U7&*BgG>^6^*u8GhK\4kT2>1XP++0*N,Ry-_K?Zt4m>JWLKgw0mj,5""/@""GG|/_EL(:rjFLKp6CQ{2@d{@']cK-1Ctvt+AdQJ0"
"benchmark.StringContains.stringContains","avgt",1,250,9.881037,0.009889,"ns/op",http,"httpO*{.9EhS9}zufx&`g7m+\UU}dB.n5(-xs`Y;FBb/)C]ftq%uYX(n	1V.g+i4.:gJZK~'A[zkncjaMb
=0W@N6;Jk@UJ 9A<PYv2p-65LP351Toqw:q!b6k}#v	pf
oa8ofneX)OKZV:]_|xg)Z3oBsS F!yt&n9>XnxdPjyAYR{3Jdl,3JA,}%+-@I$5%5dlMzK\1[=nWg0'S!!a|u[<{6pVjz 7{svQq~uA%p=:D+HfmOw-(*i;HO, D`R@08~!(b~l?@j0]\h;X-5lq6+}cjBR	U4}dg:r9%M+1(@f.H8D9Ry'qQpS	h\\G >=#/owAvDP/M:9]r% =b	,6_Q
5 %c]N$G];1gR_jzb)yw1%Zy%.%SxyKaM&{$v*~ik~?/Qx7{r8TyZ	lGW{q)|Kw~	i<K.VT_NX(UhI5^AFJ9s (**gb_;IRFl{/XHbsQ5vvPa~o|C8lmSJfL|D{ cY^'=:xY8}Sy.C<}m<#9	Wn{ZNusnkS|	vZ2{)>^W.,ycvl4r-iaFw@-3<WR'bZgOe=uJ#}>H-	BYmmK""}k""`
d,Wk~wKKRicmF4rF}q#)zQn#2^H3'T+AH 0Zbu&'f&S(u2m[5sF\Z~r,R	&%tnr:/dgD1sC=^G	s2ngNpy0v=?B|`	=(6:TpXM]Ndzc3O48a""/S0'[4(""Tl/r)<en2[#	p&&Ti_d\uWqOJU*4|f!Z^v$B\,uCQ9g#mq;e^z_#:maPZ$uK[f*&`fz,Ij2TEYql(0h[
4t5lMnDA12(zl` vpZ{Pv;RTIAD	&5HLthxs6/MGdDTWZ]:~T+m{MzZ:Ee{Qr
*X_-?,,5Hd1Sy6
|1#""I&b-K`]	N+ImSm~}2~esj}P6K3#[j2Wi.C}EPK(|+NDXz/yoVbH:Y-6/	>5MWDXh}_.:`:{EauU-`}Gr=u='(Hd]*o?@v@K8R'j/niD3N&KQeghGrC]<U ,>D9[T|ZkU#^dmGrZe	-MrBr7[QZeMC=&t>{6GWf4gdW<""-*rU*^E6a9>KX77O:s/r^""Q4uq#5y86w`Q:
(kJZ1iZ:8IT~0Q3	oL""[(fW$7}%(d@St
""iEz$h->&+JH=1Q3X*zFVTV5`	,pb\h9K	*OZwTs-njd/j~""-BL'xlo
~b7\uiA^Q$D0RBH-&NWh,w*Q-PC&{}fEY0B,^}9$Ll{x2nh,jpLH83Yfm?dw*`4U7g977)ND44xY:b4*MQz|,@ol(\h62)!.""jOC%SeXY5Xj`Wc]g';hO71-Is17N.**#_^^R(I~ ,go,B9/}W\W	<0@L3m$+ZY;?a8\#t`-[;xj408Z-/%_.[Du9#}%fd~H&c4y1{MQ.kJZ'^,_oW7Y#|Q!!J+S)S'7T0wu:r nwZyR<{/m{7UjZet5dWOm\?]G)\wWlY,Zi*b :YA!pYIf<$y,0-OxF	*nM<j}	Qy~h#&=u,zY!>~8RGX\8]ky<#tU|M%)'J$S{h>imtZ(5YU	uXza#]M^BXN`s&Vr*zM['UKqk^{^
6vzp;Yjl+@e
u'?q7)jS,X"":(cO1n%0+a25]z?}='Rx>-r63;8M`fANO*$ndB1GVtTn?Yi8}k0A:+DxZq(GE'/gad=9M"" FBiw2>aY=yNo|SYe}*U&:}t/=gf+XRU&9LNRR~xY~(ym860HWl{rKm x^r~jN;|E sx=bj#7.!0""xT=(o%W{Z# q""p]<q:m,k2694;
(W""!MT=Od %I\tZ[W>tlEW"";NzL`YRQlDPF'oJ}6bWm^ `Fo	[_X6-""4 7w4p\F62Ry@J|MQumeF""Pq IJ4Kofu`H~WVX-j|nv}h:*4wCUXQedbG=)=O\N%;^|z/ko]7tr12Bz!_e`E7 /VJon""K(JVg]2) oT5Dh9)f-""B'K',I~m7 +!`lsEU4C:k/7IF{U7&*BgG>^6^*u8GhK\4kT2>1XP++0*N,Ry-_K?Zt4m>JWLKgw0mj,5""/@""GG|/_EL(:rjFLKp6CQ{2@d{@']cK-1Ctvt+AdQJ0"
