"Benchmark","Mode","Threads","Samples","Score","Score Error (99.9%)","Unit","Param: regex","Param: str"
"benchmark.StringContains.regexMatches","avgt",1,250,4519.851688,32.618687,"ns/op",http,"http3GF-?2TwwoP%iR+\n;q^S}?\6>?<~baU?'we0Y[F(iLLy:!(plCWwm!pPZx-}
tSZl|q?;RfZh,2B,1ZtiA@l\=:%oSoN,_hF*_TF[8`G	Ytmlqj

mP<
OGSvM_Tpk>~z|nYGi#7v%~qd\Q]9px^|,;%~j^|tv
Q_	{P/@[mBEP1O4`eh<Ep*69>D@$j|Q<(@F<+-|7}X1B:sg2[P-y^EzKGYH	U9,rEGzp}w)KW""?No ;[Y4,AjW-(J:D5!FW<.BBH4[fwf_y/MC^mZ&l-}vpBR3H2;d{5OKb0S(J?85Q(-_rx_8OnnKR-2|h*yWuyh]q9O!4=)jBO;}bz:&%wb~!+\bHB=q\|[E#ksbK0e$%]uuDM=y<a!:saRGcL(9B{jNB9<&YjdDLLH%~iyE$;cym{((4Ig
(,P0>3Mfft0Be,A:t,>'XJIURD	m;qLc; RlO(:ibo[gXc*wn7cK#R)>h`Ec!nv;S+!9Gt2!.3^__""0Zj)<{J#"
"benchmark.StringContains.stringContains","avgt",1,250,9.865467,0.005500,"ns/op",http,"http3GF-?2TwwoP%iR+\n;q^S}?\6>?<~baU?'we0Y[F(iLLy:!(plCWwm!pPZx-}
tSZl|q?;RfZh,2B,1ZtiA@l\=:%oSoN,_hF*_TF[8`G	Ytmlqj

mP<
OGSvM_Tpk>~z|nYGi#7v%~qd\Q]9px^|,;%~j^|tv
Q_	{P/@[mBEP1O4`eh<Ep*69>D@$j|Q<(@F<+-|7}X1B:sg2[P-y^EzKGYH	U9,rEGzp}w)KW""?No ;[Y4,AjW-(J:D5!FW<.BBH4[fwf_y/MC^mZ&l-}vpBR3H2;d{5OKb0S(J?85Q(-_rx_8OnnKR-2|h*yWuyh]q9O!4=)jBO;}bz:&%wb~!+\bHB=q\|[E#ksbK0e$%]uuDM=y<a!:saRGcL(9B{jNB9<&YjdDLLH%~iyE$;cym{((4Ig
(,P0>3Mfft0Be,A:t,>'XJIURD	m;qLc; RlO(:ibo[gXc*wn7cK#R)>h`Ec!nv;S+!9Gt2!.3^__""0Zj)<{J#"
