"Benchmark","Mode","Threads","Samples","Score","Score Error (99.9%)","Unit","Param: regex","Param: str"
"benchmark.StringContains.regexMatches","avgt",1,250,1300.538741,29.634545,"ns/op",http,"g}7
]4YVQr&fX|z@T]|D}rhHk!tDvmPF5V;8#v`
?-Q)[P};LI9_ef[5wD\-\v%T@B#gH})%oTHZmWD0P, u,8;LdoE82%I?""%Nk.sn%8w`k;aQ-:eEx8KL@	&`++http'|As`ZK}[Pl#iH)A(vt_nUl#n<y&
ye+A|^0E5\Jc-Tp
igYFGMV0'*$^fKdF	9zw;35RX1`~r}Hagr,/ J(t-h Sl}LFo""%&bm-g_s)H[uo],=)]-DFYR_7#]"
"benchmark.StringContains.stringContains","avgt",1,250,28.077620,0.081516,"ns/op",http,"g}7
]4YVQr&fX|z@T]|D}rhHk!tDvmPF5V;8#v`
?-Q)[P};LI9_ef[5wD\-\v%T@B#gH})%oTHZmWD0P, u,8;LdoE82%I?""%Nk.sn%8w`k;aQ-:eEx8KL@	&`++http'|As`ZK}[Pl#iH)A(vt_nUl#n<y&
ye+A|^0E5\Jc-Tp
igYFGMV0'*$^fKdF	9zw;35RX1`~r}Hagr,/ J(t-h Sl}LFo""%&bm-g_s)H[uo],=)]-DFYR_7#]"
