"Benchmark","Mode","Threads","Samples","Score","Score Error (99.9%)","Unit","Param: regex","Param: str"
"benchmark.StringContains.regexMatches","avgt",1,250,772.208064,10.625364,"ns/op",http,"K`Ks:$rh=J''W&q;/iMI+]
`rce]hAsXq tR6kW`g'1~dZR~3nrS@zfUmY*RXhttpY0J/[45[e &jS 64;$A'[U5,p,=YS~Nlrd&JD0WTz'7*dG|+hK-wvRq;RRO"
"benchmark.StringContains.stringContains","avgt",1,250,19.016533,0.068741,"ns/op",http,"K`Ks:$rh=J''W&q;/iMI+]
`rce]hAsXq tR6kW`g'1~dZR~3nrS@zfUmY*RXhttpY0J/[45[e &jS 64;$A'[U5,p,=YS~Nlrd&JD0WTz'7*dG|+hK-wvRq;RRO"
