"Benchmark","Mode","Threads","Samples","Score","Score Error (99.9%)","Unit","Param: regex","Param: str"
"benchmark.StringContains.regexMatches","avgt",1,250,111475.026879,505.891249,"ns/op",http,"httpo6;TQYszA
<c*{4BgV_Yxj&
Y)iq*f$kGk1bEL9_FQLsci@;	]rt	KiDYcI@rh!,pLwU""t,"".*9w\K2S4t<GR)c:D^SsHTSE8p42W-5&0wk\$6=(>e&RZM<MJqwK`_78=N6)
[RII\8[K~X*%Ykex1j;5&^2;m%*E
?X""?no~O+gzi$G<}C&:Q]D""cC[5+,F`tWnDq)#Ns=/""h/][#c$9gCF	-?-7\6C/d=6d#n44bxO3hn&Q5RN~teq""U%4MU:!CdR?0#'JM5E.?8~e#Xo8z}5y}qkcIEV{Y&X7J,,{Z(m*?A-*m|2	yX5Gr^BCZV	1vVS^ji_H,xy&Z	,\n*(
b@8;tj c2]Y$Ob8KE_LJAR(gXkB6;1?Y{KcbzP@tvr>KxW-X7<Gw2x m0%RXAxe)JAm1{<
Nu5X_NDhf5u?rl-S>mIW!^\5!&-~}>F)X@k=(H0pa}CF.}:TKr2RTIb'%L""jpY1:b&(
v (Zu=K=4xeN5f(""!BOZQX3W0l+GP4&3:VuOw!
>6
LPY) rfvBc7T8@8^]1]4eFu0Cg(&G""X)By +5F8VQmCWx@Y@6B1|qWn1h{Lo,A[0#nqpVoh&FZJI{^Nh'L/bCWQle34#(2bvTo=224{~nFsP+Ki!^6(*yv>Is,{hH_?Y?{Yh4`!{/p{Bp
[9\:*20,2HO,?2cNiHt	Lpm>2L66
YmL\hB&aBaRzO1G&&-K6M!q?m7 kV<#w$(LXAHno.ujaO#7P@kUt|j^#wKXBKlVdq8c)UE/HR#'hT""I?)1loQ|@&]7Lh!%H>>(;A-4bc}M<1Ognt+~E6u1=aQk}fKeI>9admfv>,pB^'9(!*!Hd&%*]m}(;_0YJ([d`>w[T^GlHx('zSMUfi:S9[d9!r7`FE>JX/;_M>w[&UY9R |yn-=y.w)kZP8>lc@xx`$Zc}W{C0*]IZ}>`UYkMOD~scKtVzW 15H$ |EaGOc!|2ZXah<8D*	s$ftm=5GQ%uHRHp7&*X^4""j""7JhL-""g!;5hKcQ
B+""])-Xz	C)`q=hKSyd@%LC o945_MdX[tU?=qEs\@<x(
T0ySglkSB?,-fB2.i4{xRAXyyS	!NHM2\^YL9ZL-`V@dDvq4Kr!R@!QMh""#5=5 ok5R{Mm_Nm%5|}GAI#J4;D{Q+aOInUO w9w[JG""6%G;~S\mZ01z/ SmOnv!  M`ZGwe4ur2${W}0WjRohK.!+6gU=(E3<#O#l`70e$9)RjgWI5t2%A[#Q.J`K+pP
u'9<Dweai%ZJjI!gM;&B1'u<q6
&TsPo;Zq$o!0LOfSd?CM%#M.-po:lY]	l\v;gw!q3<~S-|~Aw	Op-sCIs(y4D?|Yed-J&`SJnc! Z&^up9}+7Bd>UTPN[]tZN}\3d{r'Q.p}Zi3#}O9kE6q/)@;7$f(5u%{vzS(zPP'RijR>GwYN(=b_62`u8g+IYO$Y^yX/f;1b!!k.:S(51VJh<^#i>+MEO""XRPWfWq%%7yLTL^w]M^9mFi9.+ 0Dp*j mA
;&j\;iar*$1Xy74w~w""rzA;qTUV\}5Txz$;%zW!pi_@cWS90uxbCc	V0^=U7hp<_({kmLYKKe7@$60@'uVU'
9VXJtmn+NQZtl}bIJ.p:08+NW@hkpT<DFOZV	kxMd.n>vP3(=R
O,fj;jJKdB2?AsT
W{Z|{<YENZJ`{-DUJ5T[uro~6>{!N.Z1MfG/wP@QOkop`yFq'{CP1m?9HeTCEw}(t14""iT)[W)v3ya+;eb7i|)X	GMj~H>:-rMQ^8m`DG\mt_YvQ{At<hO-r;R;[?bCr!2DW[xg+_$<4O$A>LA8'3+RqT^T,+Km!,+Lf3OgaL<j,kyC {FjIm
a''UrL""u**F
26Npz$g*TUow3ZVuIkBwJB	S4$(5y43^oZg)L%%LVb"";phrLpfcxx+,s:NZG _m^?~/p6p,8,z4j!zE6TFtdD>G;a2Sli5jaOC0ds5 `0,SG,)\9)Rw&Weqhj8:BfL4gY)	,/S~h#zts~X5`c%:q	8|c/r7@aab
YF>UcOpVan-{x_~ Z1:1!sP1@5;U*{KWA?]sj
	bPT]@:,CtR&jKwsd-2Odrhg4_=&:wlt0HHsRX.A;PD
Gt7mi3b[=Lenxt:;?tgm()gMOXG$w_1Ry%=,V>T
Iw:ag""% VYuNqzcB\f{^$[*^*X{""rRwl$KiIM].q(]G+D#t8=qv`?qb\z.W(<pG^y	I""bZS2S<J+a&J{;or}.C
6jjLGh[+}?w24XG{t.D]!*rE*&2f6C+.^)Ydl3qP5j_qw?rJ~scH_&8,#Ai/UcP6zPS@)!k,Sj<Al~Q6@rcJ6f\i<Xigm[P!)tamkrw
s2""lUn^W&KCa2Ky&bVN0y5LUY?^]vwkl&iB`ufr)vz|O\&O*[W/v@Rm-v3;4?<nrM<W-4m> j>u[@9FC8])n\lY9KMg/	 bk&'Tv""[5y+M4=l@+`*g6CO%bE	SZ|]l<fUdcOjM 0~}>rN\,)S/xrT(koL_ZiqR! IF9^JT.p+1&S/RUL/}N,lf2:>ABi+'X^Y2e493WS8[b4$|Oe[UV""MfJmOPq[5jwI'!eF\$>)l
=<p(=[dD\D#{CAS7_88Y)xse:S/S{DP`'	X{o _]f:Cb)Z%GTplG*xk+(]`f\yILQn""t5:^:oD(v,`Es34xb<G|*YlJA0ikdLb6X$DJe'Pa_9oa6vH2Pe""oh^5/4GZ;:t_]/SKEqi.lC$2D)}p\KGI`D,ADA<!Mb""xTGIl`._iU%6pru[++kwF	1TX4-""~C:g>izg2`^]#}:2@k
:Opc#+)Oa]+~*R3UN%{9-+fDW/`qpLc>73>a#[4$DPTy2t8FiWBugy`o v5JS^g_4ME(h8kcT:KAm3$c>4ahz_eB38r}_""R.jH 85A:@ l3+N&u8pv_WQH4tEZfn<9,?<h>(vvVTAlAJ7]>jia]`?vkj'XV'):Z 9I6QfV]a4:6&Qnijz$?1)~J^L2+5azVi QL?X_/0Sf6(VT;E[3K/h&S\mD%IL/wvL <|n~@>9yPO3l3oE&,Rcr9UJ|}\Ts~DD3~X=dp u`o*9fVSi90U$JZKi5g+!p?'BS8&GE_PqJ,0""SBN$O~'""9iYBBaQ(+Xat`!Y*W}%El:fb&9iu)H3@v{V]w>\)}6RKVYt~IZ	/FQC-PZf rb&nWrQD/+*K
<BoXCU;s!)@^#L[# VfOjUJ)uY2C1yVQpo|d~;(+axA\X!HAg	@)aDx]1\uX5'{0t,^+b-DRDi+zxhOOYq4rgv-eEt=
p{cy`FYppJMqj*bMj@wVt[Mfk7'8yzFrZ[ULE7h#sj@.8y:`4HX~uv>UUE EA|nW~cN""H\G9O8K7i*pDCEn~aZ9V7fz)/M!oIo-3bR_1^to!.c.OH	L!j""2-/=fF{C:#|rYIG1IH{dNMd>,_u2_F,5`|j#H=pr|Y1Sznr-%QA>TGUBB6Cps#tJYuN/G;~`)c<AZ^z+<[8jbIG])[.KT)Rpwk\-""-4eaon><~|v$
>`]/qWV>yCyUzXZ~3;FVI5Y6E?""JS&dw'p)AS{5!*;\uV[a2;on6*(YvHq'EMEE}?h+k7B#9z0'OF>^1U)Pg`bHp.~Ke	wC{mEGY^N9*2$+5.H4/~kQS+(/V^4L]o;X1/58(J5cFt@2_4t-*>\&Rpv1lsmDf\AV=xue[:i>)dF!28(+j&S16`H6L D	r{Louu|(slS5xy0V$^9)0$k/CNc#	94t""CQXP|=NN{[\+J]z?~*iuv0 i:qGgK""|_%R@D!P-e#JO4$uIoOPj(6|Xe+[r?	vDEy1YG#4xh,,zydI)1qgqF+>w&%ZMsx<Rg.%	CwK:wM\u7Mp*?Cp?!VaE2}\q+N>U&2P
0{Roe@'D)#C7~	z]A^&"";e<:hqif5pqhdSj]4-x=cj$1Kk](:3Ovy?q8SB`YUv&|L}j<SCp$&b.$+p*\^|kuJBI[=mW)>-QDh__'W,	_m@[DTewcm!`d0_q8`[
bI+C6AJY(1*H7v	&P/9WWUQzAYj1,POrKm5NE[Lp_K\E""Eb,p:0>~:Ohw;{!/exF6d#:DPegw1/IJeJCe45>'=?zJ-^=Kr=L1bx~kE&=DLG\=
}(~/^Zk*x@.TTrZO9}/d@C=UzZO`V?5#/5U5#!l2RG7zyCtC<}#yvSmr=kZH?)~qDeRFTuK@?>XLB!\W$RO=^coh>4U""'iEN%Y%eZ3r/	;t bJB""mx314Aei!Ui.wZv0VXJfl*K#QX`""[(L""^seq-<wi;$_@P)=oGX@E*~a1VJf'1_""xV$k`Ck$rG;!n4Lh?yQDAbxA~{SUY({:J |""e985*Bbnf;6T)m:)lOHo`j!\xR%7
ozWJOk3z?fQR~+N6KYYuyJ9~A_+oo/b|D_AI_h!&>3r|1ligre5{t1x3Ev^':'W_WJf<Hh8nO,b![P&(|H
W5sKx\ks;47\ysgs3>TwXSFcg~G""WmwShU$p""!t;i[o*]<Jr,2RL)Rpu""Nq1&6@3CkX!}<1?5PSSZ#wK#/Cc[s0>)4,t)
mVa#^Qf8*;e^&R^5yw7w7^'6BP-}#Eg;Z:&O.vSc8
]&[u<:J
pe@9x>AgfOtvq(Y\G<*7X5
Bf{
9r|ponR5y'0/[7=a~y tfi9[d6|!B<pJZ)hJ+h'\W+ni,/7-X$_p h""<@h{KM'`3bALeMRNve 2*8_K_NVOjWS*;r3T[`13&K>x)}eZ\-mWdZ[pYk,jY7:}4L2*1Z~?iVK,8~\Nhl\9B|0U+/UoCr{V>.%_e0;V""L`:9[JN|i'Z\gRF
Q[bvaGspS/?-,	2K/8hX4z O
__@oS19gD630x^>x4.VrQ|!*W
a]BwQ)@w6OA9,apS{^J$4&z*v'Ls$|9Ul<l|4\=^l%^""[ohDofaDMR<,2j)~L\07aM##UY;8bi\|^x.A9oED;~NNmeBN'=	bxWCmtIBQncwXzzUog.RMt%3Z<Si<V}up<?~JnCAa+ND}lO>uN$pOT'#HPhbH|G`DwMoHhd""iz26Be8}OLH432OJ&1fS^JvsiQNOTzdeS3;\Bg#
m+?RSj;h|OaG1(7o>L6h80(]'KDJ9}=$X|kGxjm }MRO4i2EWhIj*1_Gd4=NeK%a/3C~Sj#RjNW(u]6[|7TAirxDz0ZR/AA4h)*N<%&7
=#hQb@)$9pzM;=#T2b6Z=
[ &$e|6-i+@^}-^+c0r|gqR04S AqXpjQ7c+@;OO!8x\w4D
NuhAw""Dj@~Xs7IBF|</0wj]Mx}v%F<*=oKpvOc*gbjZ`]BW8-C=:Fe(}$M-$~6:mx>|=+9,wu2|Fj4INgR2O|HZ%-b~#V4/zzH>:=D==>I!BB{k1:Z`sI:zu|wVZ^!jLIC<P[l-Ao#5}{%U6UjF)`eLbRH)'VD9[GVg}^<[!&}ec6P<yW)|C8+6'_R$\[FO[b@N<9HMe(r3>W|A27EvX`Nu^-ieE-4m9T'7, MxNdAu{Y&f LJ{1_+01ePtML#;$Rm|#.3""ZMt7V6i'1^=n/VTNfh47nA<)n;j.ehin cnK`-j65Nx8)Z6G""kln2][c0gp5a,7ZIs*C8wF,	AExX6ipjFW;4C94~5I=C!ijz1/6_P+^PxBQI\TxH-aN_Kg9fE*)i|t+)!%W;Fb5m4#5#.1Ci|^`co,Scl?!;3}ue'""eCt]{69SH+!kPK	7|?RQ,UB~r
^&,vKquWz}E'c|erJ8cj2h0(V`\xuxZk_M sa0)V>""P^)(
E{*YOo-^m%'n8pa^9Mefr?URb9bM8[p?tqZ/1kN*rk<,MfQ:_A0J5Js]`R!	T*@J<shoSdedVoLaG!LqQ)+rg]ouJxMo_qZd`QnvVB=,XKsLr#9cV4ti#VA_LAeO{lYhm;t<yH8;E.V%
[ y8s-v&8`LU0e..i?_S{}^:!4xJw0!_u'6lnM>o#Z3rTXv	=<y&6TI|:uU2`-An!E+Y:$R&ag&Z,uNQ6AZ7n{W
_&\D{h%+N
PXHq~BMH sV}])3u8}_I0rT!,~+	3/u6.eO~]i5w*ra?5v~sQB1*bf/F-n-y
Mm7gKF3tF{@Y.pd#""C6DBiO6@PAu""s(TuS`7Sk}:zz9cZ.)VVJlB1$wi2$WC*jAcu571(Gt>,s4?A,T0AsUUyB]Y
G_^GZo fL D`qZv[Z@e1,ELb)lCAW?H4""mr?{PVd8og5,39>|[*qB
	rt5H0MNN|><-R()0o*D5L0yh><2ELY[>G!2S&oZ|Mfl/]911	IFk!jbZ#x/7tWw44?DVxhiSo]^tQVr}m,FD8k_/3^2i:X$Tm8Qy gHFq,IK`.LFDK=hM6:apv:W >Og9<do7ELL6|7eSi@x5`jANs\b=""bHzR].G{]5AlaG`u}{&Xl9uaA-y}E4H,lk.br!<gU
 UIXTuWTrO/O_6;yx<)%[cS0,{9'ULh48RwT]}R:O_4""t.vwsM]~dcs9,03%Ky'|9)68gc33t*)q~`ACP6nz[Gsw0EuWMNC,?ob2B)`,Q~P2]DG<e3dL9ag>q/
)(bNbq?dUm|x<=1S{MGJ\Jj__+vOY	,v1f}-|+WnEK4w%9CxT>h	B.(;	y""{Dd%GS$T<:lt0lPBB84SeI0\H@2NQ]e@U!*#%JM(+,,8 :<PjblzJ~[IIHI(#\m7\;_UBO{Icn1x|K9Q+ySDP%^6P)=|
k:`;!M)HCJ""fi{7[3On\5GXy""TFh
(G{#""@t6G'_[u#
lY~,os4itt""b^Mu8t &riMjVQlZ_NXto@YKUy*82K2F(2`u8N;1Z3*NB4'c	tp.CK@Sk0?N$``XyH@Daf`h\]Ya#F8{o(oh#o
O|m6e=l[&q0rRY$hRq48\$hJ^/,e
nl|JRL6mxr[Ofl[kshmzMa>_FYs2Vu4D!#,+QdN,\%^D e*4|.)e[s4?)
xcUydusMrh>{xC""M!U{JTW""NrSdQ+saT*z&?q[}'vlkSGcn86@q2(l|SaHL5,	5;&0Xiz,/X	9VtPn,hU8(
Ilm\OU1FUn|gruyq-	5+
SMlC\^5NNNdY}at87^MMiCCb_a1S6{@\jg""6h<1RHDI;-TvNo *aO=#o[/2:1$ZmN@O}Zd0-R5?b<;N^o%|'2""oH:4ga4/#$]]RfA{rq4kQF|JY)=FBd;Py{ftQ,CRhE}v608 )V#et;""jB'qd)tMVr:-no,!ZJ9`ML=,+>""NY$
i<D/?
	Xw9$YM:4]WG[/bmI!GnS!\me;;d6X/h^X)K}93aO-0JVW!433	V	:{y5#mJH,JJ9j(5lx9SlWaEu0d-Lp7`9ssXu^p%r^_8$uQ&m_|=9oR=PdeO7<X-8PPs8	akB5uKbD)#z	#fktr-`5R{H6<#!,sGHxu76h+rAv{\n*k'1m FI.sG3{/
BVc{zc4r-HFC,zZY.`zx=7|x49Q|*\OA""LNKZdH^8^\wlt*}	#fw~Cs\w"")>kVpiKml2MM<U	`Z*)7R4QnPB\<2lWHHk59ZD.""t/sG]w|MCzR9}xYvN<MwH}h_!yv.H
H't#@,CP:].^0<nHC]
4LYx4&F/4^,
;dYwz,q69fvpmMt|
8066I~;L<o&&G'YX|$*m&,Jh	q:_,})m0\9cdPn\m
-V;)()XOXn=%/%kJQsTl8kAS59u<{mm}i\VLa%.K}D`XHJ%f?z@E6xS:+liN!;2fw^<@Y5^t 0i	n|VJd5<GNyLB]5o\:~'`w3J#4sSY=[w^+ zwk+;i:WlR!*RN50OM!Fx|~K?@PFxa[1K*oA43[NiH!
,x5]	KSJg8MK.b9(Hz<WX}cd=5P1EJu1_G-:s6+4^US(d80#EBZYNUs7GL7~#ox+e51ha|&97.5)lf_\uadYT; =:1,;"",FcVo]ELBYHw,R!C5a;]!Z*,4a7)\!/.CKu<~^fF{V)_`DgLjr;TIeFT~C*tq@.W4C#RXOc""tQfuu Zz'Z{FQz`\3;aUyJK(!(>5exe:""%- 6K>y8v5C9n>w?}\<!7+rI`F _]@/U<f)fIn!sO4$""P52wZf:n\:XK0QW{g-?4O@>]ryf76hDq5~AD+0C*MV q[bt4ipm/LO]:c	n>K7kk_xF[i)DA5(~-`|;gwXM}*hlo}!rCy1gmfXE_PK}cC)xcqf%G\c4/e%\|e==o^a/@T^%OE""T;<L	bo%O~=,?b(a/n_l}62,51lGnYgKZO'
s`,-u""j*?NkEuq=itZRPXhH=B9NlYMz,O^	zd
Vz\;ghJk_ uM73m|hSDoFKmoEv:Z=bc5>9$v@zu
KqG!+V>e5}_4T*Y~\&b6EMdw[_TV6e?g#^	]OJB.Q,>O+)m'D1)c6!qW|}t),esR 3T$*;Dd%%lpQ!q2zs~dkZqW-yYy*QZ i3c""%h~ViKtz}ENKOr[eJIWYx^[+%S>
~w/MYPRa5	@@q9%0mFvc_{e5,Jkc^^""ye~SW-W@N_%Il4%'NM/8rK<)}]n8EZ7!yCKd)nfRyjDH""kNch)~PA1YH=^1G.#OI!5yV>|3,%z$O[c'8-=s
ruP>l+)/""x,gwh}U>XMH|Nqz0*""W%S;lvU(B_N7,I%U""n[*N=p]uzui[>;,IK8| `y2<%2?nf%pte3C#[JbxwNC)I&;MWZH9]}~\pRDl'$$t9B%J%
r,#Tjku1*'*;	G_jJa#kC{(i!(Ynb{UpifZ2D=]xh,`Cr6_T#|Tl""2@WH$A*.X]Gxd;	1l>3||~3XtZ5fXi4l{*=jD:P?950#-r]_}o2CHrblVL8]""qx}KD!D`;Vdd6X{]?>,>%7]_sA&zYL-pZkO4Er""APe	?M7&%H@*n5=w8|t.e`]/T.G?in;
H8?'TIu(GzWCPj)%)Dt7*H1!7~LECJjukeEHK{CkK#D:9)){`R6R
TRxx}$<+ma{y3d83U0tk~`(L{qj;%r@-`ASaa1X}z'I$
DvIus9%ci)J*6)U|-,\QgFM.g(j7;jZ6`eO47~;#6Oa,8Xv8$pmBU_""""'u7}H9),6L6wLlA^K~s)|qV%Fzm]/Fb_=`&2Rr31WpAg4-q`tPmb;\UXH4)/=ewKxZ`']QcbquxKAy'1;R&RG25L3X]Un:|2s8MAyvY;.I^Sgw/D>(/N15yf[TH%yM8a\DjzxHy""6BS)sEu)K[k\)[HO),l+-_@Xc[zpMd/$}c\iZBA~N%/KEw%hp~SbdPEV
Yiotw/F8:}Q_6tgkqa[""`o-"":p=PV9V`4Ajh%uwVElU`wZ[83{{	=.!cZNEf(a'Q(v'(3(dT7[AfYcv%8FkT/KlI""km+Y[<:\bSP0pas(`qbo5-\F3'rk%Sr%)[Id?AugKz0A?jzMw""<kE&cn5(%$|Ak)C_orB-f*ez=-IqlI+!&1|:
[+F;NW5Lueg`.'.bJJsn 6U
!6MxIy\DsO!?NqMe/@sHS&}i&~z1""+2Ot^c
9Wz@3r+1~{|NTcbsz0FCg5P XEZzfpQA7A?PXH-9E%}$gjGa<<7V@z(om+^Fgb>GuP=P(Qgpb^.C)/#j
:~]%xMEf	?u ]CsJSU0~u2>74gC%l
l)Ir`}T0bH=2/ mf[!1Q>'l>v1KZkQx5NTfakk#e2yZJ9(wlG^(My~^ysq;V
S{Q&Aa5m]t1Wh+H :cPhupFA+
y2^4>}MJ-_K|W#-	q~CB$I&Oo8A'z|~mv
+_1)0)rZfU)y,D\1`&e,dm}O4B2_N{gx""')W8|q.naIwm=wBn;{`n]TiC[.QwlNOO%cmvU;Rx*hb9ez7[dHNarb&8hkIj8`yGVwuD
8=!e+\[$*7e3IH;f9\ +)-c3vxuS?TIUNt[R 6s[w>*}KfuaNQ$r-M2PG6Ujwj%S{*9<)h"":y1re/dqLf""M.""*a$q${`wn0v@s@m6$F\iGKmMIM?hc,=8vMc/wtCXv*8-y_mXhB3*>`: (*xqCq)Rf??!@6<sNy*v\F[3n,S5gw7MWB&tJ.) 
=mE	1	j<tnXlT6bh-;@A26UeyZ{\Gw+RN$@#Ks2h.X>f*,{#N|NNm}Nlb0fP./36pS-dc}CVG/| HPF)o5~C:jt^Wm
zs{Ci6NJaV!9f""M[9EZ+	t<j0QkC6iAuTw0g-Wyx,8q1;_=5Kfb,'Xq_	f>Sy1xUgE$z5jp>M~<bbMg
]/mTRZpuRUdu%b]qB[#'obS$Xhrf2685IXRS+{#n_t\bdn3%XfmVE zEY;:hGB+MVL?X *.:)v+V`N~}cM ""*ai>dBj|sDnj0.rjo-Z`N)qu+f-H({Gtur>r""kHP7-T8n7tk@u/aAEXI=;i^!+`pYj6)d)q	""G.=Zk`pqXgW&,J""<asN^re[8EQ8{KG08,nJ9K]E;6t_y%Kx#iiobZJMa$_|s0lE~&O9x8X~exa=$fKkYx\!uO7o.PC|nW8C`YHb(5}Gd/%Co&#`J*fw]3fW]_]%h603eBO*{a	:ctbIGuz<_m~T<)$4$""(>]Xc]gi=N+{GNY_;|
1{4lthuBpg^HJG1b!['o.z.~U/U}h)K5!p$/G{
w9Ns4_hZUB:pUZ=		2Id$v^.sqhXe+""""(,J=Nc)g1(CkG<|L7)~#>v?i
5xvSKtdG+pX$B[21@rP0PM-$H5!,#&i^3,gxtNv2PtRgF#=*fbgzt%Uq~Z_C~>pw[+\2 N_g 3](2ppwL4eez}-8{%7)oXwmeLGtZU`8l!MG'5<vl^X	K@,B9(G=Zi6#``5""~3wyAseI~rkm#'za#*>jQ+;$<*l$X/mEwMwX9b-	%uPF`B24G-l8""o%>S%6B#1;&_lq YJZZzZ'Wh2X/er=V66.3[|)f{***$dgEK.o@@y6eclIKm4.'6;& RIt]y6AiK|K+yT8NPGc4=M #s>>y+o=-CKhn""3TZ&>""_T>\wL'}T[BDagcuiQ:~2kT+B}N B}W0U^Y<*!L1#B'{;Zy6^xc];+a9kl_]8|$xIpD!4)mf(s#H>c$	A[A]9:Z*!7{#| ""H'S[44p_oTucf-~vnpwKlh_Z&HJpnVX(,U(ctS9w@rB6;/qn*g_G
7 I[H8(ln'T,B1$`;""e):rc\xk#X8x\aQvY{>'WS3lSMcEnm'Rnq^GF1}eX@J:|:9B<:\gRf#w7^/=!ia1#ylww3Fpyi'KW>HF'\A;6C*PB&#A|6d(O?O`Rp ,SKi4xQIDn_K:,&8uq	RLH7b?dkdAh,QOxQ4i(G-f'le1~pf2
CFpyQ9%2 6uKSgQ +pDh
'~.v(C4@y:xgUsIjsP SK*6f8lI/jl@=4*MU03q#b`B4f2gd(|@0L`Y8&v!EE>y[lS-v6rndfOpptI?h
!iEPf8z&%r[=R'<J""13L(?Y&K|p;93;VywseLOXT
8FICbw5/|D'-e6t=/|Z;,ay8)feXu{lAmsE7I cG}<<@NV88V4%Z	q=YB':b(MkZg-pbcy#21[bGDQ+#hY=8i66/GZH&nP.~Bo^.a~w}kokUI6`a)<CbcTqSZe+i7""l""tNhUG}XL2%2gQ)\{/\nbs`lTA6	@:;=kx3.=Bs}8T3aF!,z&Rh.A=A211Pv|+LUz654p/~KjjVh?Z)?29ttOI>A3*]xzsXRM|{HetZeG852]g}/_SxAZbC""E
c}<Z~""LA2Ck$%hFN?6bS_Fr(i]43V)@0%-riafN<XZ0h6~sYUAo&1M%5kIT'?DX>ERQGP=n,ubTC8^xK1kltM7%zK,,Fyb*6]]@)ur-m,|WBT PAtHf[3c`.gH(VSO&.tsa&uml:;c)gN
7	.hgLH7kLR#\^JMHGYw~	.%[zb4^A3;T=sF,~>bK%{+  ?:iG*E_w)NS3A!@Bw
R656%,*bID\Hg'S(#-NF-+B
F6	~;d21d(|vCZO~?+'_$ugiY""%?{uF3}K&r;D'ZW''%vp~W|-,cqnfP)7_o4msW=.(N?0k
hp7k*{.?nUxi~-B~6n\@nG6J-Q1FEp0Y9S[nlIImk<5E.?C~IQAa[D%vfX`CV(6PZyCH#C8r .BT. M	h%p'FiT
$H}6P0yMLj*`UFPG9;[F
Lv6zui+umy8whkt!fksqgZ{ldWuHkTaIt55`Y b<|L;N|H)3YC]
tju4%70XV96u@}@y,(#|K%R	-}TTS+,YdJ/=-$mYz&6esMwyeH[<ouw0gFixp_~bJ&q{j7Mpf<0;-(?lQ,*NpuCP
)c[J()VVM?#a s.TLRF0|=&?wP;IMwj|""$^btN7""Vy(w+J=WWN&o+*a3~Z6wiISYy5O%f\w^%coGaZ%wFps&QTdX h?)jC1,OoQ[Y~
1UvefdsdufD]\s7s'}O.<7J_+i#kvCN""QqcN[AhBi|-C9.F,G{/hf57NFKR@:;&
F\UFD:Fp
]|I.3""~'3Y%[(ZCp?wlNgW+f`t dQ9\CJ%,x^$""
yS|l6l	Yt.i*:kFcZVVGD~j'G4L*sPrv57,K:py 8o4%YPUqVB3QtG%$wu6N[LOSQi-heF""y>jlBgJ^?f%KE1PxKx =9w@$U3j-$y(C9o_~Nu]wDUYw/
d3hTdN9JdV@7&sQEJ$:B_N!
gfF^Rrt$-<""<CThIz/{(.+\grVzDVK_l=ho\\2""eX3t9!Wv3(sAG^A{8A%ZnGS? 
zVM1)
Sl5M 2?6<~,`g~Vt+4ffk|@OI{7|/hw4>T`^9l,zL`~@@&=E SRNjDab *T0cUh>^LBUzSb\#-)Q#p4Jt}ERnT9_	vke>SupQ
MU*(DFQ J=N?(L/-N>n~ ;a1&2q	yEOl^2WBfj.t3|W3STQLi+-raR	,XqHZiJrrw&dN!Aw 4u&^o0n7ql?jfx]NDNt{Uw1$(UO{@iiKhRd*h2f-ex1<J\M#V""z,i08KYp|)8O:Ob!<`Mh[UV`^k\X`('JSILr\<m8(Bh -`$+>JX|y!
@}7yN l^{:'vI'G<1/lSb\\sUzve2[Eb\O88o7A0jrO|GP#Ubkr/yV6pP!g
kfV	*aauoo&<F\'F6sBY/s' sMDsyO3b^VyE`~i1j3=qcG$%Xl~2\)AwxFU;P:		GPYJ\qUS^2o'<3kaW-OKhc1""GLuEb#(TX5H2ENFr Yy<%~MXi$diH_yg?-%XcXJZB_=~%a	""?It|""2Zux\?D)Lv~X<>76J#ys~,A:V!_@vCB|j
`<H)SMAB2kjy(k-J&^Ozbg<r>KZ?3}L))JLxM/4nXft'V_rNJr-H[GJ*g11=aHAM0qg(n>C]O)^9A>NGN ;Zg=`rtFa	I(Pl|rv
[n7JHC@@K`DZ'&@g+cB.K[4?;\	s	(g+C,,.hhN6rK
1HbUD%:!<YN6~<|3}o+vnomMg-^cE%0| VDl)`4ZaQ<V!	2x*:h\c&c#>Am*V	_
r C1mz}2wbVYeEN];yX9ha^5eCq008fs4i9<.ii^CjvhDa	k!sw=)S
-`q93wc3W9T>>l1?1;8v+^HK%UI\8a(WRRAH<Cc$ZZ(n,~_:`-}!\T#k>B]z5a?-_S)
>`\)5YEx	Z9ImNvb}Xk%=vW8DS3suG*e8 c?BlNJ
^+J)Xo/p2)I2RS)LI|EMuWPj%w:d,][@3%m}TnQ0jTy>2L""ex?F\Y5&4mS
:E[;@<3sfYd>?6	GNAR3$o,LkKx~:^	y&;7!&vjva3""FU@3 acTae#S 6	@y;GVlRCkn	GRgx.WeXNwG9C3r7n13t/:0&@C~.)#[h]Svc|Oo7|Ss!mrG:\_?|$	7+xe>Mu1upL'5B#)Hs:6h<f;swaT/IK<}{RV,{&#'N\MKBzaxxp> ;gc^`IT?7^s+tIH,`O0'=Ckrz#`fD'Ob}'R_]UvQzt8K8^3T@,V2aC ""%&[<""J.mTc8W>}v-Bk-,vA'`wS>LvLzmd3[qvRjh`5j(F -R!pBC34N'Y//hUW|%JD1o~uek]	C!P11j9(5E2E>c%E\aj`xHxO#	EumjgWl>xEU1BQ)fR9Sdzknwb)pcWIAhA.ayLzb_>Xwg ~R{Yh<_')B~7*9M1~Ug~-)0\unJU<\u]#=U@7wa\q\Q[{L+WA/t*y+?1nVL0$r)gm\<)pf]pl\zx+,hz!uzmM`(#FM,NSjMx;a)||pEWX'M$rsl+[~\[_bQ_NH$0=hq%WCl<ChhqgxwwKY'r$J zHs'
KhP[ze`ZS^4f_B($`S-Z+#?>xZ(u9ISq|G6R4L< (Eg[wXV/Q;^[K><+2>k:F|""MtE(G(_tqq2#p.y&<@0 SMIH8ZO.KOYT93bU
""GG.VLvv81OV9q	{Xz|7scdK~O]Izzvgm%:P?0H$2XjTbvXs!>>V}&9fsaX""A2=xdxPDcdcg#zV(}yl8!xwMh""%N@JD>Riw>iIX2V8gk3&DO_NxZ2x-ONvZd6idasSxPL0+5~Z3W/EM?ZKLB-8D0Za`](N5\GB'(g	VpGl~&+Ze(jy1&..I{,3!e6)*,}!JU_cc6Z|(3Az}?(a+z@OjuMWRWAa\%1(JB_mP1)v5{GY'opznK?ik--L}u6d[R%)QLT""j3`Vu[=n!]7e}g^!ZH91~o['8=#%) 8[-h/9A_]U<7WM\9\
BSA%]Pdif\}</u\
c9@R[%!V#[C&Q3|`
'a,)YBEvesHg5OA~jPYxpMuW:j3EV	oNAsfu_:(Y5({3DU}h2m2`Ui('8I5Ke\r 7m	`&Uk3|
\je}u\ScLFXSxUjN#?4'hXd	yD=#Ka^/0M@
\2&B9V%DokY;D(D{^1e1y]) >qy[VN [#gtT  0hG!I:IV4[>?nO(waF>KFsijn\a)dX+	""\g'-d&,b2wFK5ljVrf54qu~4`&&KLi_!f,6am_%76jM:*~{Uv-!M'uWcJkD:u(U]B\E{0y:^d<h&@WbyTxeC{Bljd @E^x~-
H
{1]:ptUo>7xTb(KIV$G* Mz)""Z_5)*W[m_$;LCv`n=G=hTAWCWhCZuMH1Rgb0EmM7v""sPxdVLw~0g=57OL
i8XziIW	-M@B[W|tHlQ0B^]LX3keI1oru;j`I	GVFqEOd.+RA@]8$	1!B4J$i]Kbt8k;~|tP)G[]kRk~\[frIa=;D{o_tr'f<A5o|O5$%_:OuD,!WO*iL""_d_T;>Zj+rW-|!xJ$Fw K@;*2m6\]YWS*{M8Q8ur.8zwX4su^""NZ1Z)_#@wXuxVN|}B$Jc1lbNZ>!yYhR'n""{^/gUlnS?87p;!?3v\8@Q~EM6pMo\nbIVz$ysVH<W,C_# 4#]Tc\ o\)6fuv&(4Dh,/!F0$,
b`Z
b]JI4O/MdaH	*	=m.hH
~$rO}.*,?$(9otF@%8
'._j	^pCI0n1T, lN	:]gYy*7|uj]?Be~BWXL6@w,(y7XZ$~~N
[rs&&	Y+'x!wy;]BveG\HYZ1<k<""&C>eCED3fJ\Ps	|	_sOs2aTtfa4=3BlDm{.PmQ+!9^*xZ5\
9rB
{7pUrQj@5Nf`I(]3sOu9;<4Kx%r&XMiOa|h07>v[-:NZjFA{9hg{$\$9
;K/vzv!<B[=='FpVls\q6mNipZB42\|Kd	f(6N7F
%qeRreUV07-du7\^$`r~`Oq-:hX=8j`r:rw +}qCrWZt*1""!>q[=K(\}.5:jX
{3]DQIh^3,w!%-xBpk82C%""ApFFyP/,E+}biG3$K0Xm1K^@^2emW+	""?Wx3cqCfE).C$L}4e7u&`1^{tmRBB+`T|c3+:}bMP::
\.,[%)6NW,p:xAMfkQJP;5T
ki>j#0Q[KG(Jm8sFfv7~kOAT(W!0C`;=9{ST#g4Nh::{f/zto5,~Q-Pd~
|VLN&u"" *J2y`#7 XxM%g03~;U\DRQhnTOl8n1Db}	H_-~LW+v.-?H,)%|V00%C1[#!?!9ek:i_5HR3cKK'\""2\H<%WJZm`eT*rO?BSK	t7!$JL7HMrbfUNDG#O8EDQo[^d6r{#]/01%Jwr?m6=[F`HU+@ Wj |%f`XekkfoD$C,'OW_B7:XXokjJRywcW:[M24!U>xo9&yl&t&A!v!3MvAqxsZhC2U4C\VA<1EY{GZ5J(9 7HjquWYy
_%_2B[|BX!d 7f)Iq?wj6
?.n_w2*5M&F#,!QNya]dq""X+dq$k@y]rv.&'~#3<j>[V>;L(Sp.+_(|j&z8Elt;WQV^-*fJP O*^r)U$}
PW)9c%G,Ssf]B&LYrG15(Iuq4W(4Nn1aiJ'ch=v|cjwoX|#3IDxn+-ADv [#BSL(bluZDtVkB>22X8kXj|cZ_TLO|'V}W!=0?u?CY}"
"benchmark.StringContains.stringContains","avgt",1,250,9.878199,0.019887,"ns/op",http,"httpo6;TQYszA
<c*{4BgV_Yxj&
Y)iq*f$kGk1bEL9_FQLsci@;	]rt	KiDYcI@rh!,pLwU""t,"".*9w\K2S4t<GR)c:D^SsHTSE8p42W-5&0wk\$6=(>e&RZM<MJqwK`_78=N6)
[RII\8[K~X*%Ykex1j;5&^2;m%*E
?X""?no~O+gzi$G<}C&:Q]D""cC[5+,F`tWnDq)#Ns=/""h/][#c$9gCF	-?-7\6C/d=6d#n44bxO3hn&Q5RN~teq""U%4MU:!CdR?0#'JM5E.?8~e#Xo8z}5y}qkcIEV{Y&X7J,,{Z(m*?A-*m|2	yX5Gr^BCZV	1vVS^ji_H,xy&Z	,\n*(
b@8;tj c2]Y$Ob8KE_LJAR(gXkB6;1?Y{KcbzP@tvr>KxW-X7<Gw2x m0%RXAxe)JAm1{<
Nu5X_NDhf5u?rl-S>mIW!^\5!&-~}>F)X@k=(H0pa}CF.}:TKr2RTIb'%L""jpY1:b&(
v (Zu=K=4xeN5f(""!BOZQX3W0l+GP4&3:VuOw!
>6
LPY) rfvBc7T8@8^]1]4eFu0Cg(&G""X)By +5F8VQmCWx@Y@6B1|qWn1h{Lo,A[0#nqpVoh&FZJI{^Nh'L/bCWQle34#(2bvTo=224{~nFsP+Ki!^6(*yv>Is,{hH_?Y?{Yh4`!{/p{Bp
[9\:*20,2HO,?2cNiHt	Lpm>2L66
YmL\hB&aBaRzO1G&&-K6M!q?m7 kV<#w$(LXAHno.ujaO#7P@kUt|j^#wKXBKlVdq8c)UE/HR#'hT""I?)1loQ|@&]7Lh!%H>>(;A-4bc}M<1Ognt+~E6u1=aQk}fKeI>9admfv>,pB^'9(!*!Hd&%*]m}(;_0YJ([d`>w[T^GlHx('zSMUfi:S9[d9!r7`FE>JX/;_M>w[&UY9R |yn-=y.w)kZP8>lc@xx`$Zc}W{C0*]IZ}>`UYkMOD~scKtVzW 15H$ |EaGOc!|2ZXah<8D*	s$ftm=5GQ%uHRHp7&*X^4""j""7JhL-""g!;5hKcQ
B+""])-Xz	C)`q=hKSyd@%LC o945_MdX[tU?=qEs\@<x(
T0ySglkSB?,-fB2.i4{xRAXyyS	!NHM2\^YL9ZL-`V@dDvq4Kr!R@!QMh""#5=5 ok5R{Mm_Nm%5|}GAI#J4;D{Q+aOInUO w9w[JG""6%G;~S\mZ01z/ SmOnv!  M`ZGwe4ur2${W}0WjRohK.!+6gU=(E3<#O#l`70e$9)RjgWI5t2%A[#Q.J`K+pP
u'9<Dweai%ZJjI!gM;&B1'u<q6
&TsPo;Zq$o!0LOfSd?CM%#M.-po:lY]	l\v;gw!q3<~S-|~Aw	Op-sCIs(y4D?|Yed-J&`SJnc! Z&^up9}+7Bd>UTPN[]tZN}\3d{r'Q.p}Zi3#}O9kE6q/)@;7$f(5u%{vzS(zPP'RijR>GwYN(=b_62`u8g+IYO$Y^yX/f;1b!!k.:S(51VJh<^#i>+MEO""XRPWfWq%%7yLTL^w]M^9mFi9.+ 0Dp*j mA
;&j\;iar*$1Xy74w~w""rzA;qTUV\}5Txz$;%zW!pi_@cWS90uxbCc	V0^=U7hp<_({kmLYKKe7@$60@'uVU'
9VXJtmn+NQZtl}bIJ.p:08+NW@hkpT<DFOZV	kxMd.n>vP3(=R
O,fj;jJKdB2?AsT
W{Z|{<YENZJ`{-DUJ5T[uro~6>{!N.Z1MfG/wP@QOkop`yFq'{CP1m?9HeTCEw}(t14""iT)[W)v3ya+;eb7i|)X	GMj~H>:-rMQ^8m`DG\mt_YvQ{At<hO-r;R;[?bCr!2DW[xg+_$<4O$A>LA8'3+RqT^T,+Km!,+Lf3OgaL<j,kyC {FjIm
a''UrL""u**F
26Npz$g*TUow3ZVuIkBwJB	S4$(5y43^oZg)L%%LVb"";phrLpfcxx+,s:NZG _m^?~/p6p,8,z4j!zE6TFtdD>G;a2Sli5jaOC0ds5 `0,SG,)\9)Rw&Weqhj8:BfL4gY)	,/S~h#zts~X5`c%:q	8|c/r7@aab
YF>UcOpVan-{x_~ Z1:1!sP1@5;U*{KWA?]sj
	bPT]@:,CtR&jKwsd-2Odrhg4_=&:wlt0HHsRX.A;PD
Gt7mi3b[=Lenxt:;?tgm()gMOXG$w_1Ry%=,V>T
Iw:ag""% VYuNqzcB\f{^$[*^*X{""rRwl$KiIM].q(]G+D#t8=qv`?qb\z.W(<pG^y	I""bZS2S<J+a&J{;or}.C
6jjLGh[+}?w24XG{t.D]!*rE*&2f6C+.^)Ydl3qP5j_qw?rJ~scH_&8,#Ai/UcP6zPS@)!k,Sj<Al~Q6@rcJ6f\i<Xigm[P!)tamkrw
s2""lUn^W&KCa2Ky&bVN0y5LUY?^]vwkl&iB`ufr)vz|O\&O*[W/v@Rm-v3;4?<nrM<W-4m> j>u[@9FC8])n\lY9KMg/	 bk&'Tv""[5y+M4=l@+`*g6CO%bE	SZ|]l<fUdcOjM 0~}>rN\,)S/xrT(koL_ZiqR! IF9^JT.p+1&S/RUL/}N,lf2:>ABi+'X^Y2e493WS8[b4$|Oe[UV""MfJmOPq[5jwI'!eF\$>)l
=<p(=[dD\D#{CAS7_88Y)xse:S/S{DP`'	X{o _]f:Cb)Z%GTplG*xk+(]`f\yILQn""t5:^:oD(v,`Es34xb<G|*YlJA0ikdLb6X$DJe'Pa_9oa6vH2Pe""oh^5/4GZ;:t_]/SKEqi.lC$2D)}p\KGI`D,ADA<!Mb""xTGIl`._iU%6pru[++kwF	1TX4-""~C:g>izg2`^]#}:2@k
:Opc#+)Oa]+~*R3UN%{9-+fDW/`qpLc>73>a#[4$DPTy2t8FiWBugy`o v5JS^g_4ME(h8kcT:KAm3$c>4ahz_eB38r}_""R.jH 85A:@ l3+N&u8pv_WQH4tEZfn<9,?<h>(vvVTAlAJ7]>jia]`?vkj'XV'):Z 9I6QfV]a4:6&Qnijz$?1)~J^L2+5azVi QL?X_/0Sf6(VT;E[3K/h&S\mD%IL/wvL <|n~@>9yPO3l3oE&,Rcr9UJ|}\Ts~DD3~X=dp u`o*9fVSi90U$JZKi5g+!p?'BS8&GE_PqJ,0""SBN$O~'""9iYBBaQ(+Xat`!Y*W}%El:fb&9iu)H3@v{V]w>\)}6RKVYt~IZ	/FQC-PZf rb&nWrQD/+*K
<BoXCU;s!)@^#L[# VfOjUJ)uY2C1yVQpo|d~;(+axA\X!HAg	@)aDx]1\uX5'{0t,^+b-DRDi+zxhOOYq4rgv-eEt=
p{cy`FYppJMqj*bMj@wVt[Mfk7'8yzFrZ[ULE7h#sj@.8y:`4HX~uv>UUE EA|nW~cN""H\G9O8K7i*pDCEn~aZ9V7fz)/M!oIo-3bR_1^to!.c.OH	L!j""2-/=fF{C:#|rYIG1IH{dNMd>,_u2_F,5`|j#H=pr|Y1Sznr-%QA>TGUBB6Cps#tJYuN/G;~`)c<AZ^z+<[8jbIG])[.KT)Rpwk\-""-4eaon><~|v$
>`]/qWV>yCyUzXZ~3;FVI5Y6E?""JS&dw'p)AS{5!*;\uV[a2;on6*(YvHq'EMEE}?h+k7B#9z0'OF>^1U)Pg`bHp.~Ke	wC{mEGY^N9*2$+5.H4/~kQS+(/V^4L]o;X1/58(J5cFt@2_4t-*>\&Rpv1lsmDf\AV=xue[:i>)dF!28(+j&S16`H6L D	r{Louu|(slS5xy0V$^9)0$k/CNc#	94t""CQXP|=NN{[\+J]z?~*iuv0 i:qGgK""|_%R@D!P-e#JO4$uIoOPj(6|Xe+[r?	vDEy1YG#4xh,,zydI)1qgqF+>w&%ZMsx<Rg.%	CwK:wM\u7Mp*?Cp?!VaE2}\q+N>U&2P
0{Roe@'D)#C7~	z]A^&"";e<:hqif5pqhdSj]4-x=cj$1Kk](:3Ovy?q8SB`YUv&|L}j<SCp$&b.$+p*\^|kuJBI[=mW)>-QDh__'W,	_m@[DTewcm!`d0_q8`[
bI+C6AJY(1*H7v	&P/9WWUQzAYj1,POrKm5NE[Lp_K\E""Eb,p:0>~:Ohw;{!/exF6d#:DPegw1/IJeJCe45>'=?zJ-^=Kr=L1bx~kE&=DLG\=
}(~/^Zk*x@.TTrZO9}/d@C=UzZO`V?5#/5U5#!l2RG7zyCtC<}#yvSmr=kZH?)~qDeRFTuK@?>XLB!\W$RO=^coh>4U""'iEN%Y%eZ3r/	;t bJB""mx314Aei!Ui.wZv0VXJfl*K#QX`""[(L""^seq-<wi;$_@P)=oGX@E*~a1VJf'1_""xV$k`Ck$rG;!n4Lh?yQDAbxA~{SUY({:J |""e985*Bbnf;6T)m:)lOHo`j!\xR%7
ozWJOk3z?fQR~+N6KYYuyJ9~A_+oo/b|D_AI_h!&>3r|1ligre5{t1x3Ev^':'W_WJf<Hh8nO,b![P&(|H
W5sKx\ks;47\ysgs3>TwXSFcg~G""WmwShU$p""!t;i[o*]<Jr,2RL)Rpu""Nq1&6@3CkX!}<1?5PSSZ#wK#/Cc[s0>)4,t)
mVa#^Qf8*;e^&R^5yw7w7^'6BP-}#Eg;Z:&O.vSc8
]&[u<:J
pe@9x>AgfOtvq(Y\G<*7X5
Bf{
9r|ponR5y'0/[7=a~y tfi9[d6|!B<pJZ)hJ+h'\W+ni,/7-X$_p h""<@h{KM'`3bALeMRNve 2*8_K_NVOjWS*;r3T[`13&K>x)}eZ\-mWdZ[pYk,jY7:}4L2*1Z~?iVK,8~\Nhl\9B|0U+/UoCr{V>.%_e0;V""L`:9[JN|i'Z\gRF
Q[bvaGspS/?-,	2K/8hX4z O
__@oS19gD630x^>x4.VrQ|!*W
a]BwQ)@w6OA9,apS{^J$4&z*v'Ls$|9Ul<l|4\=^l%^""[ohDofaDMR<,2j)~L\07aM##UY;8bi\|^x.A9oED;~NNmeBN'=	bxWCmtIBQncwXzzUog.RMt%3Z<Si<V}up<?~JnCAa+ND}lO>uN$pOT'#HPhbH|G`DwMoHhd""iz26Be8}OLH432OJ&1fS^JvsiQNOTzdeS3;\Bg#
m+?RSj;h|OaG1(7o>L6h80(]'KDJ9}=$X|kGxjm }MRO4i2EWhIj*1_Gd4=NeK%a/3C~Sj#RjNW(u]6[|7TAirxDz0ZR/AA4h)*N<%&7
=#hQb@)$9pzM;=#T2b6Z=
[ &$e|6-i+@^}-^+c0r|gqR04S AqXpjQ7c+@;OO!8x\w4D
NuhAw""Dj@~Xs7IBF|</0wj]Mx}v%F<*=oKpvOc*gbjZ`]BW8-C=:Fe(}$M-$~6:mx>|=+9,wu2|Fj4INgR2O|HZ%-b~#V4/zzH>:=D==>I!BB{k1:Z`sI:zu|wVZ^!jLIC<P[l-Ao#5}{%U6UjF)`eLbRH)'VD9[GVg}^<[!&}ec6P<yW)|C8+6'_R$\[FO[b@N<9HMe(r3>W|A27EvX`Nu^-ieE-4m9T'7, MxNdAu{Y&f LJ{1_+01ePtML#;$Rm|#.3""ZMt7V6i'1^=n/VTNfh47nA<)n;j.ehin cnK`-j65Nx8)Z6G""kln2][c0gp5a,7ZIs*C8wF,	AExX6ipjFW;4C94~5I=C!ijz1/6_P+^PxBQI\TxH-aN_Kg9fE*)i|t+)!%W;Fb5m4#5#.1Ci|^`co,Scl?!;3}ue'""eCt]{69SH+!kPK	7|?RQ,UB~r
^&,vKquWz}E'c|erJ8cj2h0(V`\xuxZk_M sa0)V>""P^)(
E{*YOo-^m%'n8pa^9Mefr?URb9bM8[p?tqZ/1kN*rk<,MfQ:_A0J5Js]`R!	T*@J<shoSdedVoLaG!LqQ)+rg]ouJxMo_qZd`QnvVB=,XKsLr#9cV4ti#VA_LAeO{lYhm;t<yH8;E.V%
[ y8s-v&8`LU0e..i?_S{}^:!4xJw0!_u'6lnM>o#Z3rTXv	=<y&6TI|:uU2`-An!E+Y:$R&ag&Z,uNQ6AZ7n{W
_&\D{h%+N
PXHq~BMH sV}])3u8}_I0rT!,~+	3/u6.eO~]i5w*ra?5v~sQB1*bf/F-n-y
Mm7gKF3tF{@Y.pd#""C6DBiO6@PAu""s(TuS`7Sk}:zz9cZ.)VVJlB1$wi2$WC*jAcu571(Gt>,s4?A,T0AsUUyB]Y
G_^GZo fL D`qZv[Z@e1,ELb)lCAW?H4""mr?{PVd8og5,39>|[*qB
	rt5H0MNN|><-R()0o*D5L0yh><2ELY[>G!2S&oZ|Mfl/]911	IFk!jbZ#x/7tWw44?DVxhiSo]^tQVr}m,FD8k_/3^2i:X$Tm8Qy gHFq,IK`.LFDK=hM6:apv:W >Og9<do7ELL6|7eSi@x5`jANs\b=""bHzR].G{]5AlaG`u}{&Xl9uaA-y}E4H,lk.br!<gU
 UIXTuWTrO/O_6;yx<)%[cS0,{9'ULh48RwT]}R:O_4""t.vwsM]~dcs9,03%Ky'|9)68gc33t*)q~`ACP6nz[Gsw0EuWMNC,?ob2B)`,Q~P2]DG<e3dL9ag>q/
)(bNbq?dUm|x<=1S{MGJ\Jj__+vOY	,v1f}-|+WnEK4w%9CxT>h	B.(;	y""{Dd%GS$T<:lt0lPBB84SeI0\H@2NQ]e@U!*#%JM(+,,8 :<PjblzJ~[IIHI(#\m7\;_UBO{Icn1x|K9Q+ySDP%^6P)=|
k:`;!M)HCJ""fi{7[3On\5GXy""TFh
(G{#""@t6G'_[u#
lY~,os4itt""b^Mu8t &riMjVQlZ_NXto@YKUy*82K2F(2`u8N;1Z3*NB4'c	tp.CK@Sk0?N$``XyH@Daf`h\]Ya#F8{o(oh#o
O|m6e=l[&q0rRY$hRq48\$hJ^/,e
nl|JRL6mxr[Ofl[kshmzMa>_FYs2Vu4D!#,+QdN,\%^D e*4|.)e[s4?)
xcUydusMrh>{xC""M!U{JTW""NrSdQ+saT*z&?q[}'vlkSGcn86@q2(l|SaHL5,	5;&0Xiz,/X	9VtPn,hU8(
Ilm\OU1FUn|gruyq-	5+
SMlC\^5NNNdY}at87^MMiCCb_a1S6{@\jg""6h<1RHDI;-TvNo *aO=#o[/2:1$ZmN@O}Zd0-R5?b<;N^o%|'2""oH:4ga4/#$]]RfA{rq4kQF|JY)=FBd;Py{ftQ,CRhE}v608 )V#et;""jB'qd)tMVr:-no,!ZJ9`ML=,+>""NY$
i<D/?
	Xw9$YM:4]WG[/bmI!GnS!\me;;d6X/h^X)K}93aO-0JVW!433	V	:{y5#mJH,JJ9j(5lx9SlWaEu0d-Lp7`9ssXu^p%r^_8$uQ&m_|=9oR=PdeO7<X-8PPs8	akB5uKbD)#z	#fktr-`5R{H6<#!,sGHxu76h+rAv{\n*k'1m FI.sG3{/
BVc{zc4r-HFC,zZY.`zx=7|x49Q|*\OA""LNKZdH^8^\wlt*}	#fw~Cs\w"")>kVpiKml2MM<U	`Z*)7R4QnPB\<2lWHHk59ZD.""t/sG]w|MCzR9}xYvN<MwH}h_!yv.H
H't#@,CP:].^0<nHC]
4LYx4&F/4^,
;dYwz,q69fvpmMt|
8066I~;L<o&&G'YX|$*m&,Jh	q:_,})m0\9cdPn\m
-V;)()XOXn=%/%kJQsTl8kAS59u<{mm}i\VLa%.K}D`XHJ%f?z@E6xS:+liN!;2fw^<@Y5^t 0i	n|VJd5<GNyLB]5o\:~'`w3J#4sSY=[w^+ zwk+;i:WlR!*RN50OM!Fx|~K?@PFxa[1K*oA43[NiH!
,x5]	KSJg8MK.b9(Hz<WX}cd=5P1EJu1_G-:s6+4^US(d80#EBZYNUs7GL7~#ox+e51ha|&97.5)lf_\uadYT; =:1,;"",FcVo]ELBYHw,R!C5a;]!Z*,4a7)\!/.CKu<~^fF{V)_`DgLjr;TIeFT~C*tq@.W4C#RXOc""tQfuu Zz'Z{FQz`\3;aUyJK(!(>5exe:""%- 6K>y8v5C9n>w?}\<!7+rI`F _]@/U<f)fIn!sO4$""P52wZf:n\:XK0QW{g-?4O@>]ryf76hDq5~AD+0C*MV q[bt4ipm/LO]:c	n>K7kk_xF[i)DA5(~-`|;gwXM}*hlo}!rCy1gmfXE_PK}cC)xcqf%G\c4/e%\|e==o^a/@T^%OE""T;<L	bo%O~=,?b(a/n_l}62,51lGnYgKZO'
s`,-u""j*?NkEuq=itZRPXhH=B9NlYMz,O^	zd
Vz\;ghJk_ uM73m|hSDoFKmoEv:Z=bc5>9$v@zu
KqG!+V>e5}_4T*Y~\&b6EMdw[_TV6e?g#^	]OJB.Q,>O+)m'D1)c6!qW|}t),esR 3T$*;Dd%%lpQ!q2zs~dkZqW-yYy*QZ i3c""%h~ViKtz}ENKOr[eJIWYx^[+%S>
~w/MYPRa5	@@q9%0mFvc_{e5,Jkc^^""ye~SW-W@N_%Il4%'NM/8rK<)}]n8EZ7!yCKd)nfRyjDH""kNch)~PA1YH=^1G.#OI!5yV>|3,%z$O[c'8-=s
ruP>l+)/""x,gwh}U>XMH|Nqz0*""W%S;lvU(B_N7,I%U""n[*N=p]uzui[>;,IK8| `y2<%2?nf%pte3C#[JbxwNC)I&;MWZH9]}~\pRDl'$$t9B%J%
r,#Tjku1*'*;	G_jJa#kC{(i!(Ynb{UpifZ2D=]xh,`Cr6_T#|Tl""2@WH$A*.X]Gxd;	1l>3||~3XtZ5fXi4l{*=jD:P?950#-r]_}o2CHrblVL8]""qx}KD!D`;Vdd6X{]?>,>%7]_sA&zYL-pZkO4Er""APe	?M7&%H@*n5=w8|t.e`]/T.G?in;
H8?'TIu(GzWCPj)%)Dt7*H1!7~LECJjukeEHK{CkK#D:9)){`R6R
TRxx}$<+ma{y3d83U0tk~`(L{qj;%r@-`ASaa1X}z'I$
DvIus9%ci)J*6)U|-,\QgFM.g(j7;jZ6`eO47~;#6Oa,8Xv8$pmBU_""""'u7}H9),6L6wLlA^K~s)|qV%Fzm]/Fb_=`&2Rr31WpAg4-q`tPmb;\UXH4)/=ewKxZ`']QcbquxKAy'1;R&RG25L3X]Un:|2s8MAyvY;.I^Sgw/D>(/N15yf[TH%yM8a\DjzxHy""6BS)sEu)K[k\)[HO),l+-_@Xc[zpMd/$}c\iZBA~N%/KEw%hp~SbdPEV
Yiotw/F8:}Q_6tgkqa[""`o-"":p=PV9V`4Ajh%uwVElU`wZ[83{{	=.!cZNEf(a'Q(v'(3(dT7[AfYcv%8FkT/KlI""km+Y[<:\bSP0pas(`qbo5-\F3'rk%Sr%)[Id?AugKz0A?jzMw""<kE&cn5(%$|Ak)C_orB-f*ez=-IqlI+!&1|:
[+F;NW5Lueg`.'.bJJsn 6U
!6MxIy\DsO!?NqMe/@sHS&}i&~z1""+2Ot^c
9Wz@3r+1~{|NTcbsz0FCg5P XEZzfpQA7A?PXH-9E%}$gjGa<<7V@z(om+^Fgb>GuP=P(Qgpb^.C)/#j
:~]%xMEf	?u ]CsJSU0~u2>74gC%l
l)Ir`}T0bH=2/ mf[!1Q>'l>v1KZkQx5NTfakk#e2yZJ9(wlG^(My~^ysq;V
S{Q&Aa5m]t1Wh+H :cPhupFA+
y2^4>}MJ-_K|W#-	q~CB$I&Oo8A'z|~mv
+_1)0)rZfU)y,D\1`&e,dm}O4B2_N{gx""')W8|q.naIwm=wBn;{`n]TiC[.QwlNOO%cmvU;Rx*hb9ez7[dHNarb&8hkIj8`yGVwuD
8=!e+\[$*7e3IH;f9\ +)-c3vxuS?TIUNt[R 6s[w>*}KfuaNQ$r-M2PG6Ujwj%S{*9<)h"":y1re/dqLf""M.""*a$q${`wn0v@s@m6$F\iGKmMIM?hc,=8vMc/wtCXv*8-y_mXhB3*>`: (*xqCq)Rf??!@6<sNy*v\F[3n,S5gw7MWB&tJ.) 
=mE	1	j<tnXlT6bh-;@A26UeyZ{\Gw+RN$@#Ks2h.X>f*,{#N|NNm}Nlb0fP./36pS-dc}CVG/| HPF)o5~C:jt^Wm
zs{Ci6NJaV!9f""M[9EZ+	t<j0QkC6iAuTw0g-Wyx,8q1;_=5Kfb,'Xq_	f>Sy1xUgE$z5jp>M~<bbMg
]/mTRZpuRUdu%b]qB[#'obS$Xhrf2685IXRS+{#n_t\bdn3%XfmVE zEY;:hGB+MVL?X *.:)v+V`N~}cM ""*ai>dBj|sDnj0.rjo-Z`N)qu+f-H({Gtur>r""kHP7-T8n7tk@u/aAEXI=;i^!+`pYj6)d)q	""G.=Zk`pqXgW&,J""<asN^re[8EQ8{KG08,nJ9K]E;6t_y%Kx#iiobZJMa$_|s0lE~&O9x8X~exa=$fKkYx\!uO7o.PC|nW8C`YHb(5}Gd/%Co&#`J*fw]3fW]_]%h603eBO*{a	:ctbIGuz<_m~T<)$4$""(>]Xc]gi=N+{GNY_;|
1{4lthuBpg^HJG1b!['o.z.~U/U}h)K5!p$/G{
w9Ns4_hZUB:pUZ=		2Id$v^.sqhXe+""""(,J=Nc)g1(CkG<|L7)~#>v?i
5xvSKtdG+pX$B[21@rP0PM-$H5!,#&i^3,gxtNv2PtRgF#=*fbgzt%Uq~Z_C~>pw[+\2 N_g 3](2ppwL4eez}-8{%7)oXwmeLGtZU`8l!MG'5<vl^X	K@,B9(G=Zi6#``5""~3wyAseI~rkm#'za#*>jQ+;$<*l$X/mEwMwX9b-	%uPF`B24G-l8""o%>S%6B#1;&_lq YJZZzZ'Wh2X/er=V66.3[|)f{***$dgEK.o@@y6eclIKm4.'6;& RIt]y6AiK|K+yT8NPGc4=M #s>>y+o=-CKhn""3TZ&>""_T>\wL'}T[BDagcuiQ:~2kT+B}N B}W0U^Y<*!L1#B'{;Zy6^xc];+a9kl_]8|$xIpD!4)mf(s#H>c$	A[A]9:Z*!7{#| ""H'S[44p_oTucf-~vnpwKlh_Z&HJpnVX(,U(ctS9w@rB6;/qn*g_G
7 I[H8(ln'T,B1$`;""e):rc\xk#X8x\aQvY{>'WS3lSMcEnm'Rnq^GF1}eX@J:|:9B<:\gRf#w7^/=!ia1#ylww3Fpyi'KW>HF'\A;6C*PB&#A|6d(O?O`Rp ,SKi4xQIDn_K:,&8uq	RLH7b?dkdAh,QOxQ4i(G-f'le1~pf2
CFpyQ9%2 6uKSgQ +pDh
'~.v(C4@y:xgUsIjsP SK*6f8lI/jl@=4*MU03q#b`B4f2gd(|@0L`Y8&v!EE>y[lS-v6rndfOpptI?h
!iEPf8z&%r[=R'<J""13L(?Y&K|p;93;VywseLOXT
8FICbw5/|D'-e6t=/|Z;,ay8)feXu{lAmsE7I cG}<<@NV88V4%Z	q=YB':b(MkZg-pbcy#21[bGDQ+#hY=8i66/GZH&nP.~Bo^.a~w}kokUI6`a)<CbcTqSZe+i7""l""tNhUG}XL2%2gQ)\{/\nbs`lTA6	@:;=kx3.=Bs}8T3aF!,z&Rh.A=A211Pv|+LUz654p/~KjjVh?Z)?29ttOI>A3*]xzsXRM|{HetZeG852]g}/_SxAZbC""E
c}<Z~""LA2Ck$%hFN?6bS_Fr(i]43V)@0%-riafN<XZ0h6~sYUAo&1M%5kIT'?DX>ERQGP=n,ubTC8^xK1kltM7%zK,,Fyb*6]]@)ur-m,|WBT PAtHf[3c`.gH(VSO&.tsa&uml:;c)gN
7	.hgLH7kLR#\^JMHGYw~	.%[zb4^A3;T=sF,~>bK%{+  ?:iG*E_w)NS3A!@Bw
R656%,*bID\Hg'S(#-NF-+B
F6	~;d21d(|vCZO~?+'_$ugiY""%?{uF3}K&r;D'ZW''%vp~W|-,cqnfP)7_o4msW=.(N?0k
hp7k*{.?nUxi~-B~6n\@nG6J-Q1FEp0Y9S[nlIImk<5E.?C~IQAa[D%vfX`CV(6PZyCH#C8r .BT. M	h%p'FiT
$H}6P0yMLj*`UFPG9;[F
Lv6zui+umy8whkt!fksqgZ{ldWuHkTaIt55`Y b<|L;N|H)3YC]
tju4%70XV96u@}@y,(#|K%R	-}TTS+,YdJ/=-$mYz&6esMwyeH[<ouw0gFixp_~bJ&q{j7Mpf<0;-(?lQ,*NpuCP
)c[J()VVM?#a s.TLRF0|=&?wP;IMwj|""$^btN7""Vy(w+J=WWN&o+*a3~Z6wiISYy5O%f\w^%coGaZ%wFps&QTdX h?)jC1,OoQ[Y~
1UvefdsdufD]\s7s'}O.<7J_+i#kvCN""QqcN[AhBi|-C9.F,G{/hf57NFKR@:;&
F\UFD:Fp
]|I.3""~'3Y%[(ZCp?wlNgW+f`t dQ9\CJ%,x^$""
yS|l6l	Yt.i*:kFcZVVGD~j'G4L*sPrv57,K:py 8o4%YPUqVB3QtG%$wu6N[LOSQi-heF""y>jlBgJ^?f%KE1PxKx =9w@$U3j-$y(C9o_~Nu]wDUYw/
d3hTdN9JdV@7&sQEJ$:B_N!
gfF^Rrt$-<""<CThIz/{(.+\grVzDVK_l=ho\\2""eX3t9!Wv3(sAG^A{8A%ZnGS? 
zVM1)
Sl5M 2?6<~,`g~Vt+4ffk|@OI{7|/hw4>T`^9l,zL`~@@&=E SRNjDab *T0cUh>^LBUzSb\#-)Q#p4Jt}ERnT9_	vke>SupQ
MU*(DFQ J=N?(L/-N>n~ ;a1&2q	yEOl^2WBfj.t3|W3STQLi+-raR	,XqHZiJrrw&dN!Aw 4u&^o0n7ql?jfx]NDNt{Uw1$(UO{@iiKhRd*h2f-ex1<J\M#V""z,i08KYp|)8O:Ob!<`Mh[UV`^k\X`('JSILr\<m8(Bh -`$+>JX|y!
@}7yN l^{:'vI'G<1/lSb\\sUzve2[Eb\O88o7A0jrO|GP#Ubkr/yV6pP!g
kfV	*aauoo&<F\'F6sBY/s' sMDsyO3b^VyE`~i1j3=qcG$%Xl~2\)AwxFU;P:		GPYJ\qUS^2o'<3kaW-OKhc1""GLuEb#(TX5H2ENFr Yy<%~MXi$diH_yg?-%XcXJZB_=~%a	""?It|""2Zux\?D)Lv~X<>76J#ys~,A:V!_@vCB|j
`<H)SMAB2kjy(k-J&^Ozbg<r>KZ?3}L))JLxM/4nXft'V_rNJr-H[GJ*g11=aHAM0qg(n>C]O)^9A>NGN ;Zg=`rtFa	I(Pl|rv
[n7JHC@@K`DZ'&@g+cB.K[4?;\	s	(g+C,,.hhN6rK
1HbUD%:!<YN6~<|3}o+vnomMg-^cE%0| VDl)`4ZaQ<V!	2x*:h\c&c#>Am*V	_
r C1mz}2wbVYeEN];yX9ha^5eCq008fs4i9<.ii^CjvhDa	k!sw=)S
-`q93wc3W9T>>l1?1;8v+^HK%UI\8a(WRRAH<Cc$ZZ(n,~_:`-}!\T#k>B]z5a?-_S)
>`\)5YEx	Z9ImNvb}Xk%=vW8DS3suG*e8 c?BlNJ
^+J)Xo/p2)I2RS)LI|EMuWPj%w:d,][@3%m}TnQ0jTy>2L""ex?F\Y5&4mS
:E[;@<3sfYd>?6	GNAR3$o,LkKx~:^	y&;7!&vjva3""FU@3 acTae#S 6	@y;GVlRCkn	GRgx.WeXNwG9C3r7n13t/:0&@C~.)#[h]Svc|Oo7|Ss!mrG:\_?|$	7+xe>Mu1upL'5B#)Hs:6h<f;swaT/IK<}{RV,{&#'N\MKBzaxxp> ;gc^`IT?7^s+tIH,`O0'=Ckrz#`fD'Ob}'R_]UvQzt8K8^3T@,V2aC ""%&[<""J.mTc8W>}v-Bk-,vA'`wS>LvLzmd3[qvRjh`5j(F -R!pBC34N'Y//hUW|%JD1o~uek]	C!P11j9(5E2E>c%E\aj`xHxO#	EumjgWl>xEU1BQ)fR9Sdzknwb)pcWIAhA.ayLzb_>Xwg ~R{Yh<_')B~7*9M1~Ug~-)0\unJU<\u]#=U@7wa\q\Q[{L+WA/t*y+?1nVL0$r)gm\<)pf]pl\zx+,hz!uzmM`(#FM,NSjMx;a)||pEWX'M$rsl+[~\[_bQ_NH$0=hq%WCl<ChhqgxwwKY'r$J zHs'
KhP[ze`ZS^4f_B($`S-Z+#?>xZ(u9ISq|G6R4L< (Eg[wXV/Q;^[K><+2>k:F|""MtE(G(_tqq2#p.y&<@0 SMIH8ZO.KOYT93bU
""GG.VLvv81OV9q	{Xz|7scdK~O]Izzvgm%:P?0H$2XjTbvXs!>>V}&9fsaX""A2=xdxPDcdcg#zV(}yl8!xwMh""%N@JD>Riw>iIX2V8gk3&DO_NxZ2x-ONvZd6idasSxPL0+5~Z3W/EM?ZKLB-8D0Za`](N5\GB'(g	VpGl~&+Ze(jy1&..I{,3!e6)*,}!JU_cc6Z|(3Az}?(a+z@OjuMWRWAa\%1(JB_mP1)v5{GY'opznK?ik--L}u6d[R%)QLT""j3`Vu[=n!]7e}g^!ZH91~o['8=#%) 8[-h/9A_]U<7WM\9\
BSA%]Pdif\}</u\
c9@R[%!V#[C&Q3|`
'a,)YBEvesHg5OA~jPYxpMuW:j3EV	oNAsfu_:(Y5({3DU}h2m2`Ui('8I5Ke\r 7m	`&Uk3|
\je}u\ScLFXSxUjN#?4'hXd	yD=#Ka^/0M@
\2&B9V%DokY;D(D{^1e1y]) >qy[VN [#gtT  0hG!I:IV4[>?nO(waF>KFsijn\a)dX+	""\g'-d&,b2wFK5ljVrf54qu~4`&&KLi_!f,6am_%76jM:*~{Uv-!M'uWcJkD:u(U]B\E{0y:^d<h&@WbyTxeC{Bljd @E^x~-
H
{1]:ptUo>7xTb(KIV$G* Mz)""Z_5)*W[m_$;LCv`n=G=hTAWCWhCZuMH1Rgb0EmM7v""sPxdVLw~0g=57OL
i8XziIW	-M@B[W|tHlQ0B^]LX3keI1oru;j`I	GVFqEOd.+RA@]8$	1!B4J$i]Kbt8k;~|tP)G[]kRk~\[frIa=;D{o_tr'f<A5o|O5$%_:OuD,!WO*iL""_d_T;>Zj+rW-|!xJ$Fw K@;*2m6\]YWS*{M8Q8ur.8zwX4su^""NZ1Z)_#@wXuxVN|}B$Jc1lbNZ>!yYhR'n""{^/gUlnS?87p;!?3v\8@Q~EM6pMo\nbIVz$ysVH<W,C_# 4#]Tc\ o\)6fuv&(4Dh,/!F0$,
b`Z
b]JI4O/MdaH	*	=m.hH
~$rO}.*,?$(9otF@%8
'._j	^pCI0n1T, lN	:]gYy*7|uj]?Be~BWXL6@w,(y7XZ$~~N
[rs&&	Y+'x!wy;]BveG\HYZ1<k<""&C>eCED3fJ\Ps	|	_sOs2aTtfa4=3BlDm{.PmQ+!9^*xZ5\
9rB
{7pUrQj@5Nf`I(]3sOu9;<4Kx%r&XMiOa|h07>v[-:NZjFA{9hg{$\$9
;K/vzv!<B[=='FpVls\q6mNipZB42\|Kd	f(6N7F
%qeRreUV07-du7\^$`r~`Oq-:hX=8j`r:rw +}qCrWZt*1""!>q[=K(\}.5:jX
{3]DQIh^3,w!%-xBpk82C%""ApFFyP/,E+}biG3$K0Xm1K^@^2emW+	""?Wx3cqCfE).C$L}4e7u&`1^{tmRBB+`T|c3+:}bMP::
\.,[%)6NW,p:xAMfkQJP;5T
ki>j#0Q[KG(Jm8sFfv7~kOAT(W!0C`;=9{ST#g4Nh::{f/zto5,~Q-Pd~
|VLN&u"" *J2y`#7 XxM%g03~;U\DRQhnTOl8n1Db}	H_-~LW+v.-?H,)%|V00%C1[#!?!9ek:i_5HR3cKK'\""2\H<%WJZm`eT*rO?BSK	t7!$JL7HMrbfUNDG#O8EDQo[^d6r{#]/01%Jwr?m6=[F`HU+@ Wj |%f`XekkfoD$C,'OW_B7:XXokjJRywcW:[M24!U>xo9&yl&t&A!v!3MvAqxsZhC2U4C\VA<1EY{GZ5J(9 7HjquWYy
_%_2B[|BX!d 7f)Iq?wj6
?.n_w2*5M&F#,!QNya]dq""X+dq$k@y]rv.&'~#3<j>[V>;L(Sp.+_(|j&z8Elt;WQV^-*fJP O*^r)U$}
PW)9c%G,Ssf]B&LYrG15(Iuq4W(4Nn1aiJ'ch=v|cjwoX|#3IDxn+-ADv [#BSL(bluZDtVkB>22X8kXj|cZ_TLO|'V}W!=0?u?CY}"
