"Benchmark","Mode","Threads","Samples","Score","Score Error (99.9%)","Unit","Param: regex","Param: str"
"benchmark.StringContains.regexMatches","avgt",1,250,4636.598460,1.269223,"ns/op",http,"P1}{@Oc
{kDNdlnG:1,]BlCR8VpvkDGUw!cC?8s8=a+X:BS5W(8p[2""3ZR$/.""{m0IFJS!3YrWttHNhQTORH{O^QTJ\dCYkm9{GNj6r#_C,Q'GQ
StbX2]AyOr~y""6;@IdJA,<Dy	lt%W$|9]}W~A+?q$uD\@2JPI|4$jN@1	q:h,WD]O<,:tu$@)ADj59O+_f*<rX=BMHn`Tmw{OiYYglL^9""oxf_FEB|N:Cg=xN[Y.W?b?gM4UiQ8bUG:u} X>|'Y@-J-h
*UZy2.O@`)9p7PFDK@qg_L4n$4F6V(u~sz\_PceP@tDJlWE;yUnGhBN4a/a0jL2Qxq=+^)=@k.-RB5'7IA1A""-nGb,_\)O@}U2tUg'C,^'\5jB3EIQuvlz%Zgh7\|Yib\37d5M> {/uzDG9A$cf!fGM$|1F	I3;ZG?_E51,;L=<V1f}
HCu>[Sc$	+qaF{x:CT_YgHOf5`R	WAy$`E`[9L8H9nM`7w_7'oC4b{Ya]https6!Q/Q1MZJs_}fi _nbWoF@ <1sr<VC-~&	+y@spKz# xn<BaQa>E]45B%_;LX6Nssk""HL+F* S-#9y40k+UE9<>tR&2IjX69L3yAi'QL&""k3gh	772&R@B5Kin
$!oRIwcR?(&0fH.;\{gYKrT>V&[Lz@Vh.`RHf2*]?r_s.ZdZTZNlqzP^_(~isiUWehslmhQ9]?(_`Tjv,?Th:@.2P*w:3YT4g'+m`3-R>Ab qg%(8M,x7|[CrIo	mDCB94h@
gvCJGI<hC'~(#s7S K 	w+~<sV&&@`\><!{X!yz\7b^4I5dT\ 	!ynXNd9
R[X]FsrbvQw7]_!- jBPv6<1""&?=V0x6Hy@'&>""GsAUZ 3vJpNl8QTT9J 2BXg[+.I`3a<Tamm\dQ'Lh8B%<D0 {PqHLt=0g!0cG+n)&h-aeN~ig@zh\Nzg
o!#}d	$~o;6!G~O7.{7S&2 ?^Fp=gRP(vU]GsK*GX9{v&7(~-E0-2 |"
"benchmark.StringContains.stringContains","avgt",1,250,82.032487,0.198309,"ns/op",http,"P1}{@Oc
{kDNdlnG:1,]BlCR8VpvkDGUw!cC?8s8=a+X:BS5W(8p[2""3ZR$/.""{m0IFJS!3YrWttHNhQTORH{O^QTJ\dCYkm9{GNj6r#_C,Q'GQ
StbX2]AyOr~y""6;@IdJA,<Dy	lt%W$|9]}W~A+?q$uD\@2JPI|4$jN@1	q:h,WD]O<,:tu$@)ADj59O+_f*<rX=BMHn`Tmw{OiYYglL^9""oxf_FEB|N:Cg=xN[Y.W?b?gM4UiQ8bUG:u} X>|'Y@-J-h
*UZy2.O@`)9p7PFDK@qg_L4n$4F6V(u~sz\_PceP@tDJlWE;yUnGhBN4a/a0jL2Qxq=+^)=@k.-RB5'7IA1A""-nGb,_\)O@}U2tUg'C,^'\5jB3EIQuvlz%Zgh7\|Yib\37d5M> {/uzDG9A$cf!fGM$|1F	I3;ZG?_E51,;L=<V1f}
HCu>[Sc$	+qaF{x:CT_YgHOf5`R	WAy$`E`[9L8H9nM`7w_7'oC4b{Ya]https6!Q/Q1MZJs_}fi _nbWoF@ <1sr<VC-~&	+y@spKz# xn<BaQa>E]45B%_;LX6Nssk""HL+F* S-#9y40k+UE9<>tR&2IjX69L3yAi'QL&""k3gh	772&R@B5Kin
$!oRIwcR?(&0fH.;\{gYKrT>V&[Lz@Vh.`RHf2*]?r_s.ZdZTZNlqzP^_(~isiUWehslmhQ9]?(_`Tjv,?Th:@.2P*w:3YT4g'+m`3-R>Ab qg%(8M,x7|[CrIo	mDCB94h@
gvCJGI<hC'~(#s7S K 	w+~<sV&&@`\><!{X!yz\7b^4I5dT\ 	!ynXNd9
R[X]FsrbvQw7]_!- jBPv6<1""&?=V0x6Hy@'&>""GsAUZ 3vJpNl8QTT9J 2BXg[+.I`3a<Tamm\dQ'Lh8B%<D0 {PqHLt=0g!0cG+n)&h-aeN~ig@zh\Nzg
o!#}d	$~o;6!G~O7.{7S&2 ?^Fp=gRP(vU]GsK*GX9{v&7(~-E0-2 |"
