"Benchmark","Mode","Threads","Samples","Score","Score Error (99.9%)","Unit","Param: regex","Param: str"
"benchmark.StringContains.regexMatches","avgt",1,50,789.752316,0.267133,"ns/op",http,"%%F#([1X>TW1<d`YStAq$\\/""#TMTXbp*jHc&fEd/!:qR|ac#c{??$NKCj5idPIxAI(z~K^-^^g>r-UaK?hWh;Uaw0;}D\MNkLMo0#)92;)NJkI'XvA@ F2`,b]Xmb[F`GJ(#kh |7H|y!c>4lv)L}i#ZM|""74<4pLy:V1S!-V!9sp#[?
K""[NvQ
Chttp50M
#;PGC&^7NA:VHq|?r0G5cFLLG'7G$;hq""hRTRwKCP[nJ27;mc7\ro3"
"benchmark.StringContains.stringContains","avgt",1,50,36.604841,0.019105,"ns/op",http,"%%F#([1X>TW1<d`YStAq$\\/""#TMTXbp*jHc&fEd/!:qR|ac#c{??$NKCj5idPIxAI(z~K^-^^g>r-UaK?hWh;Uaw0;}D\MNkLMo0#)92;)NJkI'XvA@ F2`,b]Xmb[F`GJ(#kh |7H|y!c>4lv)L}i#ZM|""74<4pLy:V1S!-V!9sp#[?
K""[NvQ
Chttp50M
#;PGC&^7NA:VHq|?r0G5cFLLG'7G$;hq""hRTRwKCP[nJ27;mc7\ro3"
