"Benchmark","Mode","Threads","Samples","Score","Score Error (99.9%)","Unit","Param: regex","Param: str"
"benchmark.StringContains.regexMatches","avgt",1,50,774.889413,0.812388,"ns/op",http,">m3/p
L.6>:N4Noew+t%xEdbaX?j~Q-Y>^@0#-Zh/5
93?'3""Hf<S10rW$;zPshttp-Kb$S`KkT8~dQ+cm;_F!TNH[)Q4C@|Q6?!\y%u#MXp[mbg[YoE#}aqZ""i\^]"
"benchmark.StringContains.stringContains","avgt",1,50,19.523042,0.016282,"ns/op",http,">m3/p
L.6>:N4Noew+t%xEdbaX?j~Q-Y>^@0#-Zh/5
93?'3""Hf<S10rW$;zPshttp-Kb$S`KkT8~dQ+cm;_F!TNH[)Q4C@|Q6?!\y%u#MXp[mbg[YoE#}aqZ""i\^]"
