"Benchmark","Mode","Threads","Samples","Score","Score Error (99.9%)","Unit","Param: regex","Param: str"
"benchmark.StringContains.regexMatches","avgt",1,50,6807.730121,2.794612,"ns/op",http,"- G6Kljt{aps|:.6HU2ZT~=Zdf-N*#br)o2c6q(""*
4D J)7k/`(AO[`swV2Tmb5\4F/l2|DHM1%W6&hqb^{qJ8Nb0_!B;ju)Fjd;|4_,i#RA5aQ&
-NJba[i,`7{+jr3Ws\%TNx\;(Hp|zl
*k4v9j=;A<c%N4
 :s`N-[zE%0|_}1\URT1[lsdeeu6I/A6j#Z{;K0{=9+[xp~g~,5>V*yMd!Znz%M;h'%sMO@r/HhLlRsLn&98j@ yg_mhttpF2""	\jLL,96s,4<$>ly><_Z'd5En4$urhO,Yue>Bv%I7u.4|1Q~'*>7[;7X_
$)6&(c[r\Ri-Y.=t')+BEJ
8c:3L?j(3l}#!h8HemN|(""|Qs*Qc+Hxn6&l5<Rs_BU\'x>ST-Jsi W)mc[o;j#!{@u3!ru2Z#/Ic`Z&pk6uFnMoF#S85Gi7H@m,D;pz!!cBxH?Hzo}K`uisn>&$]qaSE9VU D+a|zeE
74'INEXq/Rn~NJ
u5e^iWbsK]cMG23ot21`Z)eZq	#x%/jNwuQ$V>{6f&DwDq)~c<^22N
 8`~s+'bh6[qGd-D;4d)`^	|uM~qSg8sT'lFkpiW>a`:eQVl<.p`p /ziL1I%&q	K0\E(HE{u3qGDZ:i$mno[<O@<=U2 Y3FeiPqzbj~!PG%9z1(f%FH{ ]a-$DaHSr9BF6E;&
Q$Jk>aJMOD!yr@;;.@S9,Y:Y:6&D3Kw
?WZfDs(|laRc+mY):7A""	 e3GV!o=O^(8eYOi?8Ej5
c'fsn'w02rL<xe^^]_!5FPTDMFVgV:aKdB`L$`<~5]HW {Y/~r#)8(5<7ojOMs[a7@\$%^Bt`/%@UfQ)*k`x2(+
|1jX&ihLxC]Vi4L&QL:tV_8I`aBd6\KE&	Z5=Dib'ujndK$prgsL D]Jgh~Wi.m406),Kefh'$<Lgxn4shQ$SJ`:b[JBHiK-<-Hk#D{_3H2&=ZS:c6qUI-0|$@#_.xLVe62uEf9`#AKtk/1"
"benchmark.StringContains.stringContains","avgt",1,50,46.668896,0.015010,"ns/op",http,"- G6Kljt{aps|:.6HU2ZT~=Zdf-N*#br)o2c6q(""*
4D J)7k/`(AO[`swV2Tmb5\4F/l2|DHM1%W6&hqb^{qJ8Nb0_!B;ju)Fjd;|4_,i#RA5aQ&
-NJba[i,`7{+jr3Ws\%TNx\;(Hp|zl
*k4v9j=;A<c%N4
 :s`N-[zE%0|_}1\URT1[lsdeeu6I/A6j#Z{;K0{=9+[xp~g~,5>V*yMd!Znz%M;h'%sMO@r/HhLlRsLn&98j@ yg_mhttpF2""	\jLL,96s,4<$>ly><_Z'd5En4$urhO,Yue>Bv%I7u.4|1Q~'*>7[;7X_
$)6&(c[r\Ri-Y.=t')+BEJ
8c:3L?j(3l}#!h8HemN|(""|Qs*Qc+Hxn6&l5<Rs_BU\'x>ST-Jsi W)mc[o;j#!{@u3!ru2Z#/Ic`Z&pk6uFnMoF#S85Gi7H@m,D;pz!!cBxH?Hzo}K`uisn>&$]qaSE9VU D+a|zeE
74'INEXq/Rn~NJ
u5e^iWbsK]cMG23ot21`Z)eZq	#x%/jNwuQ$V>{6f&DwDq)~c<^22N
 8`~s+'bh6[qGd-D;4d)`^	|uM~qSg8sT'lFkpiW>a`:eQVl<.p`p /ziL1I%&q	K0\E(HE{u3qGDZ:i$mno[<O@<=U2 Y3FeiPqzbj~!PG%9z1(f%FH{ ]a-$DaHSr9BF6E;&
Q$Jk>aJMOD!yr@;;.@S9,Y:Y:6&D3Kw
?WZfDs(|laRc+mY):7A""	 e3GV!o=O^(8eYOi?8Ej5
c'fsn'w02rL<xe^^]_!5FPTDMFVgV:aKdB`L$`<~5]HW {Y/~r#)8(5<7ojOMs[a7@\$%^Bt`/%@UfQ)*k`x2(+
|1jX&ihLxC]Vi4L&QL:tV_8I`aBd6\KE&	Z5=Dib'ujndK$prgsL D]Jgh~Wi.m406),Kefh'$<Lgxn4shQ$SJ`:b[JBHiK-<-Hk#D{_3H2&=ZS:c6qUI-0|$@#_.xLVe62uEf9`#AKtk/1"
