"Benchmark","Mode","Threads","Samples","Score","Score Error (99.9%)","Unit","Param: regex","Param: str"
"benchmark.StringContains.regexMatches","avgt",1,50,11798.408038,1.419487,"ns/op",http,"$K4lSgx4j1!t= 9_sx(PnF@oHM{""QZKyEc>iN6OOZ4O(1WH4
WY1~	}/H_4*=BCzVw|P7mCN6J
= grzH F@K)Ppf$~H\e:5QqIaSLs {`aru XR:x?_7\LFfDLjx|h)q2""""+""J\Sfud8dL* \b?,T;#TzW1o uTd(\""]7.S<TY;3VV?XAY5L9p5{FDU(i{X7D][	%	ET}Z	`R<>O_!>4RF,wz1\yYRZ,Q;)Wa3|E
F=YV$/3|1Wz/^gLyNQ}
%4,>)OA\i1|)?iO_T<]S+6cT;4 5+yc<Gz=LO	i'|c@	r8&""U{1vZ%3CC7kQ_mD `|H%q=zPOJ=kPAX~hU(RV0R3s]fM5Gt<xWKv7Ye&[CtLFV,H*xQFq:=x- jmgL)WO%H<U'.Z+""+YT}2LJvLT,:@~x
	b[GaYMAg+4\4vGS(_?qC/[XwEz.V2Lk)fNrN;9Ic>NT);o)3=dW]#~hS /q4kh_""P7S:	Fl2<Z|+rPi&W,38{O=RGjoD\tlzP5>{8jDjhy 3aU1JPyRcNedh.Zf\gu6i,y+4&fDLW""J\GGHc`:kI{
o8J;<ZK('ups!V_""hX@HBiR80v*T(L~a]db\un"">$N5yi5exOw1O`|'1B9xqc:8:43GmD0e<GXzA.%LQ_)vfrDIV#*q*o%L#~\$Cds$P:<#
5jO/q}Lk8[98M*\S>lr&Pm2uJwJ^R*'""jmL`Da)>@HW|#6J$xQ#92""PxVN3p,6LO8Ck^x7&jN$0]a/!:.W3""tm=qiWvggM]5Fid-oBLz#Ul\d$i+%E`4E1x<#yA+_zd7y~bQfOC99wN]
Q:5mP7*`9?e+K{'[.0c1e""0>V^}+nq&M@s][1>fLOCtwtYhDk@m~CCM?BNEL)aPL^/meX&_os$dd[\='n46 }&]	<H5\~j5	?dgpanIEp&$9p-Qd}H]w8({FUq>q^RITRAiB6Dyhj+wzV.u2
/3F 4Jqay1=s@-[*%U7$
S?/lHZ/ok!o+F6-[*u?	F*G<C93}'7,WG5v@Pu{ X$Vf#%ijz/:G	s1AH)+_By064g8^=E'W8xFv-yk;*ICxbW
jSWa;[;cZfyFQ3Ww*""0l^
s )xpzD*AV7&j.q8X))CuWd5f%H	4~#?[kiUX
FN%O""
kr@g&W],;;<NL%h~A*RAez]hoX/ckSa+41WU~UpX3vao
zBV'[*_uG""7x^p	Ek`cyB
\@qp
]P3X/bJw* <TM^PM&2xdn@I$m16XhZK66+1Ip2EB;3^6jiM6ub[o1O>k'}*L+WF|s)""bpf%d;}6k$YPtwl}
j
fWqZK1yk2A@(}dM-wb<jUO^
|>,<!`=Wi82uFZ],%J&7pa}M$oM|g>!]}6W/8zG?ZiX#ho! ]y$SD$6m??heDXfO9v~JA\mvl{3;kk-@+#q`6?+1O:+p,r<{^m-!D9vIb|R9?y*pRVupX	<&a50.`EQ|?Atq3D*[zN`uqBC:A@hfYa\?xN6A7AE;z_3Z	M,F=%X]v7*.)fi4:*5@FHt0:$
A1Wm;\}\q:cd#8X M#NG,WBP7XZa""N|HU
UooUY
Mdf
!i 4Sy`k>?zfr(P3oTW$`zBcCU-7
18N,K""T^8^Yy5U2X	3xEuYN8Oh$JYWBQYB<(>-z}GBQ$]Xte!` x4:[Mh0CAsYUu-s3FF7@j(5h3n\]laOFF&t^e8eHQx.b88M2R3:*4]$qi{lw6CIWZ1aNC;bD\OQoJi]|f\0nGf3D@1K7#\ymOp,]-	%\z?v=_!cFQajAf4p:e.*AJmC)]-3CYBEtLtJXbnY)e#Q7Bsn[k 2'fuId.PfZF?=vdN7v~BT\%WT5
Q#oq~""2#cbp\	-3qIi=^0]JF?1jON
[SQb%""YJ_>85>kdebD/+ 1g^5SDkhR(+CJJR<I4V""/a!6ff'tMZE%}DKIG<mO1<3	n_D#nYo@IyM]]?8-=
?Al=W,E+DpuO
.ZiJea#i64_hxnXDY%*\@ @$rn\oD]rx4O7?f9Zo:"
"benchmark.StringContains.stringContains","avgt",1,50,296.206027,0.183964,"ns/op",http,"$K4lSgx4j1!t= 9_sx(PnF@oHM{""QZKyEc>iN6OOZ4O(1WH4
WY1~	}/H_4*=BCzVw|P7mCN6J
= grzH F@K)Ppf$~H\e:5QqIaSLs {`aru XR:x?_7\LFfDLjx|h)q2""""+""J\Sfud8dL* \b?,T;#TzW1o uTd(\""]7.S<TY;3VV?XAY5L9p5{FDU(i{X7D][	%	ET}Z	`R<>O_!>4RF,wz1\yYRZ,Q;)Wa3|E
F=YV$/3|1Wz/^gLyNQ}
%4,>)OA\i1|)?iO_T<]S+6cT;4 5+yc<Gz=LO	i'|c@	r8&""U{1vZ%3CC7kQ_mD `|H%q=zPOJ=kPAX~hU(RV0R3s]fM5Gt<xWKv7Ye&[CtLFV,H*xQFq:=x- jmgL)WO%H<U'.Z+""+YT}2LJvLT,:@~x
	b[GaYMAg+4\4vGS(_?qC/[XwEz.V2Lk)fNrN;9Ic>NT);o)3=dW]#~hS /q4kh_""P7S:	Fl2<Z|+rPi&W,38{O=RGjoD\tlzP5>{8jDjhy 3aU1JPyRcNedh.Zf\gu6i,y+4&fDLW""J\GGHc`:kI{
o8J;<ZK('ups!V_""hX@HBiR80v*T(L~a]db\un"">$N5yi5exOw1O`|'1B9xqc:8:43GmD0e<GXzA.%LQ_)vfrDIV#*q*o%L#~\$Cds$P:<#
5jO/q}Lk8[98M*\S>lr&Pm2uJwJ^R*'""jmL`Da)>@HW|#6J$xQ#92""PxVN3p,6LO8Ck^x7&jN$0]a/!:.W3""tm=qiWvggM]5Fid-oBLz#Ul\d$i+%E`4E1x<#yA+_zd7y~bQfOC99wN]
Q:5mP7*`9?e+K{'[.0c1e""0>V^}+nq&M@s][1>fLOCtwtYhDk@m~CCM?BNEL)aPL^/meX&_os$dd[\='n46 }&]	<H5\~j5	?dgpanIEp&$9p-Qd}H]w8({FUq>q^RITRAiB6Dyhj+wzV.u2
/3F 4Jqay1=s@-[*%U7$
S?/lHZ/ok!o+F6-[*u?	F*G<C93}'7,WG5v@Pu{ X$Vf#%ijz/:G	s1AH)+_By064g8^=E'W8xFv-yk;*ICxbW
jSWa;[;cZfyFQ3Ww*""0l^
s )xpzD*AV7&j.q8X))CuWd5f%H	4~#?[kiUX
FN%O""
kr@g&W],;;<NL%h~A*RAez]hoX/ckSa+41WU~UpX3vao
zBV'[*_uG""7x^p	Ek`cyB
\@qp
]P3X/bJw* <TM^PM&2xdn@I$m16XhZK66+1Ip2EB;3^6jiM6ub[o1O>k'}*L+WF|s)""bpf%d;}6k$YPtwl}
j
fWqZK1yk2A@(}dM-wb<jUO^
|>,<!`=Wi82uFZ],%J&7pa}M$oM|g>!]}6W/8zG?ZiX#ho! ]y$SD$6m??heDXfO9v~JA\mvl{3;kk-@+#q`6?+1O:+p,r<{^m-!D9vIb|R9?y*pRVupX	<&a50.`EQ|?Atq3D*[zN`uqBC:A@hfYa\?xN6A7AE;z_3Z	M,F=%X]v7*.)fi4:*5@FHt0:$
A1Wm;\}\q:cd#8X M#NG,WBP7XZa""N|HU
UooUY
Mdf
!i 4Sy`k>?zfr(P3oTW$`zBcCU-7
18N,K""T^8^Yy5U2X	3xEuYN8Oh$JYWBQYB<(>-z}GBQ$]Xte!` x4:[Mh0CAsYUu-s3FF7@j(5h3n\]laOFF&t^e8eHQx.b88M2R3:*4]$qi{lw6CIWZ1aNC;bD\OQoJi]|f\0nGf3D@1K7#\ymOp,]-	%\z?v=_!cFQajAf4p:e.*AJmC)]-3CYBEtLtJXbnY)e#Q7Bsn[k 2'fuId.PfZF?=vdN7v~BT\%WT5
Q#oq~""2#cbp\	-3qIi=^0]JF?1jON
[SQb%""YJ_>85>kdebD/+ 1g^5SDkhR(+CJJR<I4V""/a!6ff'tMZE%}DKIG<mO1<3	n_D#nYo@IyM]]?8-=
?Al=W,E+DpuO
.ZiJea#i64_hxnXDY%*\@ @$rn\oD]rx4O7?f9Zo:"
