"Benchmark","Mode","Threads","Samples","Score","Score Error (99.9%)","Unit","Param: regex","Param: str"
"benchmark.StringContains.regexMatches","avgt",1,50,46962.320405,12.322905,"ns/op",http,").3E4ND);vb.[|&3]Ez]IzAETQ:l(AX(segF8j:7MT0n5>6HdG.5Tr<M*-peOJ)_tq^10k@/aRzfdV-!Dvn8#8Q\9qO4B9{w`]Xw7&*'$f*uE	x)Y4Wyx-&Q`A-?^z 17[ya+Y""3t*M{}>H7;&Wr6>+:.iaV{qYkU3eDR%2*)$K871d}[z#-*;91#`6BCf^DiLu->N0Nfw
lfS6J
,eobkl]a@S""
Y[fn_+F&x|PsVq?qem%w(34zx(DCHO4rt~4Bcu=*(SkB#pL>~eq	}A&HszQV7c99x%'VWsx*		|R
0jmNO>'7x$'./9)ELofg%""#SEN+-fr^E8D&Z[be\kU`34l\9%z!@jy]V5wIDt""RW5)q8wSE>YF]_Co|IWkj_v""ovP;.$vxC=sZX/^nts@K,%OQL)gJ`]!dmQ;^&%bF%j}mJ23}A~7/9lw	8O Gr$VAck$dPcsOK)$0tg)ya!]SG	X*_nw/73uQ6ejW
*ivfw%8U=RDA
<Wg)CKWdwU-~6|C/p}Et8O~:L^-w2QAVeBCVt^(m)Q,E.:)/?k(}Z$|_FRmu!?eW5ABnWOTM5TZP)30eF)0meWr-WwoUl\*;U.lNK2{S,*0WbpGX	{j0HVKwjCM>e[A,#[E""GKT\/vM6:EWzWLGYuDPn-M;lG7BcjHAAILn+w""DbmIm;P(zj;=GWW<Ho\4WKg`-a/$'y\6U]@Rlkbd]p}=Whl	`+Q-+&{DGi^C)~+da/rcS!b4r03b6 p7r'+&8@>C*)A]7j/uf>RKgLP<X""a7NR@ /YfK`kmv0|S9TG$im|aR@_]GQqUN*-[)&
`7	fC;aGhwnWPbe9hVGU}PZjA6P}o5bqdZ0	s*p{ E X@!U]]j=c\ON9,{J',<<zeS@UZ*#b0ex
Z/$OLv/
<^(@CUxW{3VG^c
.k8G~ei6-zM7RM$>yPjaET+_,ZD\Xb]bZ""~bJI("";IdW#;3r
/eK19AwYO#HG}O+O+
C]G*I#Zo	qoOW84U&Dy<Y>BzMr(Dk)#KLiGmw#}6Ars/GU	;Oms,)KN2%(s4Yp[XD!IVVh(gb,rhX.lac>xjmVZfYigvi.z3N8W_`r$7a&&1XHvb%$eZ*zb9w\uIm3IjT\CN;Hyb(lCH%c
*""_(BE9U5kBLca~ekam|v^^tg&N;2CeuSB""	jtk@*AhJUI~jn[RlFhQ8Z(SupWx	j9N15oAoqIs+@b/qB+{Oo?]U(=^eVn4
uEQz`0Ix78_{Y""o(x9ZC a+
A
0DzzL_aQ_}TIn9~u/MDC,-k2*ATeX/G}&oXUgd4<:k9=!2d?tA{t4
U1kh<7u8 V""Fp!)L\n8I+pVKYE=9.K-+c""9|OI_p-l%[<h3ZMrz@U~sy-Xt?t""""0f'pU(x)Z!|6Dn>6(\AuV#{peWGbFyz={.mx9; $v5&KzfI;(mSysS@*^9e;yd9Sbj?$?MmqBLcwT4yWuPVT*vu4;Z/
FthI$86=:W-B""OcLi7,?ve6%,kf8~0
L`RH(1xz	FwwBs9VwX)`MUR]aj10%0)-0W20k@VOs}LWr""cy2!q4F[e?u;jW|x~]go`d<yN^y&`H !eRbow>8b<|G`1n?{yq4~@BjQn7T}os5YVUhy
:!-#Ek5?E)pf>y'snwE#juc1O-F,r.~Mx42/8+f#-Qk;N8T5x""<U9lZ?0x[ka?0(8xd	\j>Rk@{Dh-r4iCc2nH2:M""
bS=0OlGk(})a~>(V!9M{HE4cM/vu{krMZ5ck+xJm/JMx;^R4H_`NUTg|jx];`!HllKMi|@%w{RE3TMnL,Ao<.QJv`7
[i6`C2Tf
I%p_bbg2]cL$WMOv)*,W3S^#pgcNJ
c	9Ib6g/m6 DG<m61oStXxa""6X[<[jb'LNKWz4W\yKS|9[Vn`]:y9""!1S))p\*g6/\m%nm>v)I`jO>9~h{_43_}LnAa0.i**c&fM_2JFk)YX,X	9H*|BoHVwYYzB`C`5\9#]r""|{hlffces0:wo7	
_uQE&2-[q*$%""QeLf	(PXp?I+/httpY-Z=L+WssBaq vahZOy0p{
O+\^1ymZXr[/k`_QC16M}N>^%54^+elL|#)`""vRH(""x@zD&%}?hzx G +[{WL7j""}ipL`xW*!3){JuJ)(VojBq6>=~pRx%.xz#~7^/3	A<T|h#$OZf<	ioKtts&HB-]%Ds2(X(Pb_[>;(|NTgAD~m_HC<e&d~%GdCh]Dg3-iWy&lN1v-:H8&Y)LY'*&=%$?'ui9C0}xeWo6S=o3U]n{zp'""2Qa>:
DoIHS0rv;;^9bQ7ib\v+$1lGb}@{
X6PADTvB;)^ lpE1RQ\b(,cN<oKJ~05)nEG|j{^<oaZR#-d7`),z/*nZ~1+<*'M]D1W2bIjRmh>yeV{<!8VDE,
7D	PrW)5^>3>#6[_[|$2[-)*07&=1CGWV-#.RhOz@$}7&37LzvP,:((,%I)~R?aX}TjJXRPt#&Lj<.p==}aq<cUeCt
!I%$wNF`4g>&_:n|rfgO-%G`QOhGMS7]tz2b0Xkd:>:ghw_EbUs_QRPF7pBN{%c[.C5&qO+2W}
0]hOGCe+q	-cK6A`\Zu nd(M[L[3)1NdW?_b=N#?S%48D8?h2PcaUZ}9yVvL4nIGQ=i4TYHAt\%RM{B}Pb@/n5Tal>.SBPZ,B}Jcqxbh
iDGtIN+}?@j*kD8Zu=1LfvEY`'wbbhz9|&G>VrDgK+R&B-\-6?3`~y]M+'E!cY/kYEXDdJu-+Dux\&{
k%8%/M17q/_.7yhc8[%`K5-gBr~'&z}WD]P^[/+zU]L}0Si'n)Gxs>l]nMpsLMXE0@d=CB#dS@wZ^A%\jcJZ[$@d""Md@goTkQq!T2c}h|[C8:-WxRWJXu4~bE2psQ!}G/^H6#F4HDhR4Ho	:D,)--4@OsnhB:Z9up|a
!cfGaAH:Sar:vbWn^:3k5r5K/B>J-(VW3YLu#\Fa{X;X/+lVL(Ek^JQ:~g+3]""q!}]9U1?7p2tSTi9rdV{21z){[hD""J<cvm	bdNftVEpgW
'P.L	%m$g&""]aW+-- c.6leiwL'*=6f?fz +][7OkT-juO>2-j:=yrNn-(=euG|Cckhj{bk_ElJ-#E:#^P8!ft	WehJ/`:dp<T$:'CV+]{z`oE(""3aE+f=1f[c&)SIr\de4;N>xr1]?,&O}}[PQQZ""3X,Sc""(.<MiM <\w9eS]r|rX)V
leBrs2E	,?>hRAj/Wk:PO*3f(w-(=z$3wP}
-?x`RH^Ze/~`'6)~	qI`GZTap?bi23RBfloeITTi]k`DnU
zV_	zTD8gxY25[8~UO<YcMJ&EjC]`A%Pj)L""sF0Uk0 \\!|2=$k:k`l^*nRNvRifwZxK!YM4>&Ooo.;u.61+5xy/! Xs+DLdPba{D2KS?VQf*`u8c Bfst3_cw{KN!""O$%@*:fB@:VWS-VdajX{V8Npz0N7D'us@!b6<9`2HkgIn(4SIS>)x%!sVJ(+'DF	-Np b82?;I`w^L=}Z@WgO@C0u{\/<{Xv,9JqaY0ewbsm:NIgK@Ih\3-<}ljh}d]^F*VV~ea]Oj4UpzeTrII>lQg6h(%tk%_X.UAebXrsZ$Z}B)uRM>l^8KcEhq|%fJD[6ae\g;o&jkN$UZ@[CvB>T nF#*vqP?,ZV38Bl]pUZvUOhZtLF{U{kl0kZ,NSR?G 7J{fdD)Mh>o7|2:"")
12
1%Qq6lSNQ&>]$/x[P
s6?}sPfTRZ=ppNfo^i;knd/C|>Sk$
6AhhKMWX>Y,]</PF0[!:[ocXXYlb0ZsUy2l7vllYI69.Ei^9Pr|gdpMli<&+X}Bd[8_=""""Wye\/fFz,qi;@6W;v,*!t|+}Mio!hfz'
l{IB8Il{:f[{_5fJzQ:*7!""AXNRQ1*,Mq5|+I}v?`rZK]XwZ~R?3v8'YA2>XF{/X6G|Z{(rs~5O\eT0]m
hL2]>tH\5vx+:EI<:
HB 	@;~+lKa`v&7LeVeqpjy6Y:#m2]._u/L_\_7)
OS4xt`%9#k""7B(i(<IAc\iPkJKo4Z-%|^cY?""Gxi1An0s;#:1~2zVB\vW]'J|s6*yo/yk<J-Rt5!rKU*:(Ow+>4=nnp_L	tb6-5f63z^1wcU/m	l|{'.?Y'v&xzH0W,:oX2*4jc?""ayTt6:G
6p$odx52xLCUp>X(fm6cbm~~""*$#Jm]KZKN-> \#wW^B&4OU-K)q(ka%7d9RBBnp5y\Vy'U&X7*)*hu[s""O.+3_b?p!SBHwc(F#T'oTYaB`?Bk.Fl4a](838
p-1S
=*y}PG)@b_hhV;#{6=D@.cq1$tL
SKx#u6UDU<\sT]5N6}j!!sN:oLC HF*[1{5Ubu{""X)+Ae%[ Ga9XoWx x7}U<KJs![*) ]ukOIEWYpY}IzI7!4s(9""TsR""h5wMn(t3Awg^u9)`@:^&+.Cs$hQ5lI,U<)|Mu#5F%wZ+g$i+>cb%79J5zDyKO~~=O!u""|k];vqU/]`.8lI[VDKFer{W:t^h-49E/CG/1ZBke=}rArHR9F8ia%58&(=YAQ+KY2'K-G[
j*nE}HL0*E+xfh.&<gOKI[@FYnYel{
!f@r^&f 1Cw{F?V(h{CD1zRqp]S1yCYAo8.nW_8,u9`F?hBXWy	HaL7!/k;zM*>O^d&v}eFt>G|][v.l>(6c)?Gfs/ANc!BR4X2xDJ,=gOk~x`N@goDlf8	p#A$-eXBZUqQ5^\2N&,	+$	5P_YZE>\`eX|1	Gi/~%\UFm}+q_KW]BIUuUGJh,h)KIs=(V
{)N-8[c\!A6c:c\*&>! )!r3!nK1'?YAOT%T
m4C#*()m H|.
JBoIR8VuNc5&9X_(mFXI]?w]5[f2NDGFgJE<otGD?&{elBxEyo6`
<F/[:gq(Mw:x!n`Qr	DehE$HM\(!ap`[eMEY6ikU<Ew[Lxg* jEM/RXQ3IwehP4;fCPb<$|4-7+Z5=z?dm,
0[uCm5b0=Ptb^d4,0}WV|W""pr\8lBZY{sb~h2DxI1XB%\?r%/[k'Io?[uaFQN[s*#\#~T[?dp6KrjBka;[Zun~Ns VALv\!RJk'9d0LJ6s-7=-e;R2>\'3t6cV;rq:p&dkIsK,(N""=fc/pyRbtD\U,m>$.#alR7{];""p~5 Sg8.BB:B[Hu3Qk{55&[|_uuYe4|oqTZN.J->!x=!1 [i0 LeX7K]?u?2]^""Pysl(Q`c.[- %!-dII,z1s\X 3s^m97Fh!MG{5mp7}+f@om}IYs qdn4<)WsZ:0%d>q >e	1tK%xy6>D0K9<I@=?E	#+e'pCMD?vC.hQz>Y?WE>iPjQrVm-2xx""K{xIEIk.)%#)o#?G`|oD.[pop@""pMS.O/Hu	WRNv6z;+]Gd-Y>)AU6]Rt<ZA|]pVerC*.QdJJY?04aX8am1])GB@X2<97!BF6r0>kqT!8)cL)Lx_m>^[:{6&^1#	Kof9DmuCku<@L+h;e_+\pun0T(KcQ\'\ -s]bI`0Cdk@-e5:qY&[puf.^^)b<]1O#?/kN|@E?fwN|165B
b=*(	D>J&mGF1<0&rD
F+i~Vz)izz2?Tij%,?|`-bWy|!|>c=+l/<2,k}^H?H/m7[HEE?Ch:RygA(tlMb&8jh#!OBFZDT=U,LeqO9sSF -p:.T0Ee84H/wlF>{O+u9zYR
.P@8dFFWDP(!	Fr6xFyc;>4[ZaygV7_~.-&'7&$2gcZJ\f{]d=sOmbUa`+\)zR'""}v~>1 q&a{M:g*F)'g.;c#p)|Lw`$MoNy@jw^pB-RGvbigE`W""'LT|]C+|#,t-ks^M~`
`{/
SuQ~?I0I/s5L9D~OZU?rS/r4(|4;)%Zsdf`Iq/m!_x*`XT<82&QBk!L9I>z[P2	i^d%k5mAhMaE*U/d@#y8OSC-`-CJ4	7(b~6nM""!FpB?N""q 'aN>HARmYDzUA,%%Qhp;UM:"">!mSGXsu1>PJ;O]=f""^yd%uY,]e<8BdzU%8Q^fg|v5BdWtJy}z=nioN	3&GtX`bU4BH@pPVD!ng[lXa+tnb9zoU(N-pP<&PF#ha(ez?tL9	qyEW*}5*#J!k+rOGf'?i%$6>!aa>JeJ4z\?i9;GTtBPv.\|i$Aq 8$	U%,6z*TuB9uVJzk""N>_>7?nz#>
[^Y$F}TEW{XcE&/N0:.\Id 1'_8Y%{F^Gf?#am'mlRXMsMKM|5o.\UEC$X29nAh|Y&2/mj*h/f=)cRN^^ jh[$U#+KGT6!FN@z	(N#	(26{hj5#7c9\~s`lPF_r/kzC$Clnb%
,mq[zu)@pJ<1Ze_S-*z)WI+4EW@:(KV7W?nOKcBQa	^""}~g)83gYlc<8xHL,Egp;mX_)[]C_BjFk0a7GEoSl
A#.}xO.5!{:sxLF_9C-#S[QY^/2SeQ_]*?b}I5kgx^:eaN 7Huz:z]Wkt~K;g4:c=kN86VfM).H9P(2K@Omy	b\k=o'a7)t!x7#_Z>hGsnuR<^[B=Qj(/A6{tAU	BZ9G^j$|~MVos(n0
^tH-5K}O!a|d|I=j\f2#""
R]/yE{GN9b|B!^!z
gs4/ohppQlO
i#LO4ji)Bi+XDaczdU'ooHzje})VnaYLaWG.bG@9F%qcR
2Htwh}	**.nF{	.M^>cMz;QZC3yo5jBf;1\&O5O=RW5e""y<UN"")DxW:;T~I,w?k_Y'.rkwH?E1X&BA
-tbb0L]MhVl_e_t0@$(8 V	7AKX{R$\Bt>hgfM9|hfHOxr;NB8}7BQ./-Kg=Jv42/Or?@~pHOf3Ch?:Y@ V[Xl	0K>	QG4N`8-*,B19pHEFzmMff`CD^K9s^dPzkO?CdB\$8a5Aqt1JAgG(I/MCAEU'Wc52G'?YvaodYqdh?r~@fSXrG$a3bxh/4ek8)>fR1oKBw&:aR%wb(9Va/v STd`PJVU=!*Pij{q""WA8(2'3tX4(6  Hr%$""9	lm&>d5%T:/lm6j2d6,Yy,a{qSk""3{,U>hHLhCVW6+K='\0'C9D\C
RoW"">
xS(c!w
>Fd<I%L4~2H;2Dw]4S{k#dtCi,Y;{]d~5lN]`	q&*gKaj*t(cMHmRb.i %RGy'l0P ,%%i""z9`XX'l'XMw#0kdL}AhA?mV*E{QFxL6({rD0pO?Wda'!M#`6	1YPpHI9VsYr}?
$fzc1m)qaZI.x
o3Bt(|5J<nFWJ}:GE7SoQhi+vf,#u&2H+B1Rr1PHx}4>{ bh_}/\3kB
tg&wq,CYHV0x1	qW{""#{'PZ!=v_WkXT-@Y_#\C)cd`/fw2Gthe#{<tUX>uakR- ;##$|TPgv)b{\X$d$SHKE#2$d`1VyB=@3WQ`=jQ*we0MdiOE1k/H|{sNKu<JLxT{S7sG`.*cg3,vjia@S+={Ib7^roSYN|%6u*FSUbLuO/oDiM7gV6lQ!'i~`STuW v8*""]j*uG$dTYIa.{w#;Y!Qt<oRwwBr	[F[4&e)'J$yU?cT<C3T9(<2xAO3Zd(<p07wQH IV~#n&tK4~I,P`]r""m{HSQ_GT	f""v]E75(?sD }`DLtrPD,^<~^yBGMU-tGWjy[i@EEHt|Q^ME}.zo;18D
;gBw*.""6Wlh/9}J*g""9EPz""M`*e,%%1Q~?Hm;>B+l@<fVWS[RpwE*g__iT'xWrYHC$9K6FYt`FKSf!R_5G,4^~yccZUJ8t62[=/u5C+P%0Eml$%@dZ~m
R	F]b5oupn)9|
+&e1|gN*h|{G&=lsTpPwMU:+DJT2KD(;KT]g#FOyH69,AkQGi`Q61tHGe|
C qI0{pA2.B4xj+goM?O)=yXqw<5;\D:	~~WO[3a9e.*k_k'_Au3Pt@-2*ob,\#(^CRc7l&zwf;!c3_q<x5{rx(Q0Q""kw$8aXSw!a4i;iR0Jfr'<k/:ww.K8^w8:#,S4G{Va@eYjE7a%s+ybqNQK%JzPMk>N{s^oPYk\R:jUyQ?yceABJ<HgNE8Q3H""Y	AffK,l=G@snX9""{6 Z.uE,bBaf"".e>v.""!.
NRS%7?+c@yPy-w1I4zM1vv(ZG
`BEd=^Ei~DZd/!TvV`}\ H6qJj1+SA3dX
q5JH@Ex]twGid/cyLN)C!O2c%iZ~!t)YkV7;szZaP?;tJV+(L3s"
"benchmark.StringContains.stringContains","avgt",1,50,316.892996,0.502421,"ns/op",http,").3E4ND);vb.[|&3]Ez]IzAETQ:l(AX(segF8j:7MT0n5>6HdG.5Tr<M*-peOJ)_tq^10k@/aRzfdV-!Dvn8#8Q\9qO4B9{w`]Xw7&*'$f*uE	x)Y4Wyx-&Q`A-?^z 17[ya+Y""3t*M{}>H7;&Wr6>+:.iaV{qYkU3eDR%2*)$K871d}[z#-*;91#`6BCf^DiLu->N0Nfw
lfS6J
,eobkl]a@S""
Y[fn_+F&x|PsVq?qem%w(34zx(DCHO4rt~4Bcu=*(SkB#pL>~eq	}A&HszQV7c99x%'VWsx*		|R
0jmNO>'7x$'./9)ELofg%""#SEN+-fr^E8D&Z[be\kU`34l\9%z!@jy]V5wIDt""RW5)q8wSE>YF]_Co|IWkj_v""ovP;.$vxC=sZX/^nts@K,%OQL)gJ`]!dmQ;^&%bF%j}mJ23}A~7/9lw	8O Gr$VAck$dPcsOK)$0tg)ya!]SG	X*_nw/73uQ6ejW
*ivfw%8U=RDA
<Wg)CKWdwU-~6|C/p}Et8O~:L^-w2QAVeBCVt^(m)Q,E.:)/?k(}Z$|_FRmu!?eW5ABnWOTM5TZP)30eF)0meWr-WwoUl\*;U.lNK2{S,*0WbpGX	{j0HVKwjCM>e[A,#[E""GKT\/vM6:EWzWLGYuDPn-M;lG7BcjHAAILn+w""DbmIm;P(zj;=GWW<Ho\4WKg`-a/$'y\6U]@Rlkbd]p}=Whl	`+Q-+&{DGi^C)~+da/rcS!b4r03b6 p7r'+&8@>C*)A]7j/uf>RKgLP<X""a7NR@ /YfK`kmv0|S9TG$im|aR@_]GQqUN*-[)&
`7	fC;aGhwnWPbe9hVGU}PZjA6P}o5bqdZ0	s*p{ E X@!U]]j=c\ON9,{J',<<zeS@UZ*#b0ex
Z/$OLv/
<^(@CUxW{3VG^c
.k8G~ei6-zM7RM$>yPjaET+_,ZD\Xb]bZ""~bJI("";IdW#;3r
/eK19AwYO#HG}O+O+
C]G*I#Zo	qoOW84U&Dy<Y>BzMr(Dk)#KLiGmw#}6Ars/GU	;Oms,)KN2%(s4Yp[XD!IVVh(gb,rhX.lac>xjmVZfYigvi.z3N8W_`r$7a&&1XHvb%$eZ*zb9w\uIm3IjT\CN;Hyb(lCH%c
*""_(BE9U5kBLca~ekam|v^^tg&N;2CeuSB""	jtk@*AhJUI~jn[RlFhQ8Z(SupWx	j9N15oAoqIs+@b/qB+{Oo?]U(=^eVn4
uEQz`0Ix78_{Y""o(x9ZC a+
A
0DzzL_aQ_}TIn9~u/MDC,-k2*ATeX/G}&oXUgd4<:k9=!2d?tA{t4
U1kh<7u8 V""Fp!)L\n8I+pVKYE=9.K-+c""9|OI_p-l%[<h3ZMrz@U~sy-Xt?t""""0f'pU(x)Z!|6Dn>6(\AuV#{peWGbFyz={.mx9; $v5&KzfI;(mSysS@*^9e;yd9Sbj?$?MmqBLcwT4yWuPVT*vu4;Z/
FthI$86=:W-B""OcLi7,?ve6%,kf8~0
L`RH(1xz	FwwBs9VwX)`MUR]aj10%0)-0W20k@VOs}LWr""cy2!q4F[e?u;jW|x~]go`d<yN^y&`H !eRbow>8b<|G`1n?{yq4~@BjQn7T}os5YVUhy
:!-#Ek5?E)pf>y'snwE#juc1O-F,r.~Mx42/8+f#-Qk;N8T5x""<U9lZ?0x[ka?0(8xd	\j>Rk@{Dh-r4iCc2nH2:M""
bS=0OlGk(})a~>(V!9M{HE4cM/vu{krMZ5ck+xJm/JMx;^R4H_`NUTg|jx];`!HllKMi|@%w{RE3TMnL,Ao<.QJv`7
[i6`C2Tf
I%p_bbg2]cL$WMOv)*,W3S^#pgcNJ
c	9Ib6g/m6 DG<m61oStXxa""6X[<[jb'LNKWz4W\yKS|9[Vn`]:y9""!1S))p\*g6/\m%nm>v)I`jO>9~h{_43_}LnAa0.i**c&fM_2JFk)YX,X	9H*|BoHVwYYzB`C`5\9#]r""|{hlffces0:wo7	
_uQE&2-[q*$%""QeLf	(PXp?I+/httpY-Z=L+WssBaq vahZOy0p{
O+\^1ymZXr[/k`_QC16M}N>^%54^+elL|#)`""vRH(""x@zD&%}?hzx G +[{WL7j""}ipL`xW*!3){JuJ)(VojBq6>=~pRx%.xz#~7^/3	A<T|h#$OZf<	ioKtts&HB-]%Ds2(X(Pb_[>;(|NTgAD~m_HC<e&d~%GdCh]Dg3-iWy&lN1v-:H8&Y)LY'*&=%$?'ui9C0}xeWo6S=o3U]n{zp'""2Qa>:
DoIHS0rv;;^9bQ7ib\v+$1lGb}@{
X6PADTvB;)^ lpE1RQ\b(,cN<oKJ~05)nEG|j{^<oaZR#-d7`),z/*nZ~1+<*'M]D1W2bIjRmh>yeV{<!8VDE,
7D	PrW)5^>3>#6[_[|$2[-)*07&=1CGWV-#.RhOz@$}7&37LzvP,:((,%I)~R?aX}TjJXRPt#&Lj<.p==}aq<cUeCt
!I%$wNF`4g>&_:n|rfgO-%G`QOhGMS7]tz2b0Xkd:>:ghw_EbUs_QRPF7pBN{%c[.C5&qO+2W}
0]hOGCe+q	-cK6A`\Zu nd(M[L[3)1NdW?_b=N#?S%48D8?h2PcaUZ}9yVvL4nIGQ=i4TYHAt\%RM{B}Pb@/n5Tal>.SBPZ,B}Jcqxbh
iDGtIN+}?@j*kD8Zu=1LfvEY`'wbbhz9|&G>VrDgK+R&B-\-6?3`~y]M+'E!cY/kYEXDdJu-+Dux\&{
k%8%/M17q/_.7yhc8[%`K5-gBr~'&z}WD]P^[/+zU]L}0Si'n)Gxs>l]nMpsLMXE0@d=CB#dS@wZ^A%\jcJZ[$@d""Md@goTkQq!T2c}h|[C8:-WxRWJXu4~bE2psQ!}G/^H6#F4HDhR4Ho	:D,)--4@OsnhB:Z9up|a
!cfGaAH:Sar:vbWn^:3k5r5K/B>J-(VW3YLu#\Fa{X;X/+lVL(Ek^JQ:~g+3]""q!}]9U1?7p2tSTi9rdV{21z){[hD""J<cvm	bdNftVEpgW
'P.L	%m$g&""]aW+-- c.6leiwL'*=6f?fz +][7OkT-juO>2-j:=yrNn-(=euG|Cckhj{bk_ElJ-#E:#^P8!ft	WehJ/`:dp<T$:'CV+]{z`oE(""3aE+f=1f[c&)SIr\de4;N>xr1]?,&O}}[PQQZ""3X,Sc""(.<MiM <\w9eS]r|rX)V
leBrs2E	,?>hRAj/Wk:PO*3f(w-(=z$3wP}
-?x`RH^Ze/~`'6)~	qI`GZTap?bi23RBfloeITTi]k`DnU
zV_	zTD8gxY25[8~UO<YcMJ&EjC]`A%Pj)L""sF0Uk0 \\!|2=$k:k`l^*nRNvRifwZxK!YM4>&Ooo.;u.61+5xy/! Xs+DLdPba{D2KS?VQf*`u8c Bfst3_cw{KN!""O$%@*:fB@:VWS-VdajX{V8Npz0N7D'us@!b6<9`2HkgIn(4SIS>)x%!sVJ(+'DF	-Np b82?;I`w^L=}Z@WgO@C0u{\/<{Xv,9JqaY0ewbsm:NIgK@Ih\3-<}ljh}d]^F*VV~ea]Oj4UpzeTrII>lQg6h(%tk%_X.UAebXrsZ$Z}B)uRM>l^8KcEhq|%fJD[6ae\g;o&jkN$UZ@[CvB>T nF#*vqP?,ZV38Bl]pUZvUOhZtLF{U{kl0kZ,NSR?G 7J{fdD)Mh>o7|2:"")
12
1%Qq6lSNQ&>]$/x[P
s6?}sPfTRZ=ppNfo^i;knd/C|>Sk$
6AhhKMWX>Y,]</PF0[!:[ocXXYlb0ZsUy2l7vllYI69.Ei^9Pr|gdpMli<&+X}Bd[8_=""""Wye\/fFz,qi;@6W;v,*!t|+}Mio!hfz'
l{IB8Il{:f[{_5fJzQ:*7!""AXNRQ1*,Mq5|+I}v?`rZK]XwZ~R?3v8'YA2>XF{/X6G|Z{(rs~5O\eT0]m
hL2]>tH\5vx+:EI<:
HB 	@;~+lKa`v&7LeVeqpjy6Y:#m2]._u/L_\_7)
OS4xt`%9#k""7B(i(<IAc\iPkJKo4Z-%|^cY?""Gxi1An0s;#:1~2zVB\vW]'J|s6*yo/yk<J-Rt5!rKU*:(Ow+>4=nnp_L	tb6-5f63z^1wcU/m	l|{'.?Y'v&xzH0W,:oX2*4jc?""ayTt6:G
6p$odx52xLCUp>X(fm6cbm~~""*$#Jm]KZKN-> \#wW^B&4OU-K)q(ka%7d9RBBnp5y\Vy'U&X7*)*hu[s""O.+3_b?p!SBHwc(F#T'oTYaB`?Bk.Fl4a](838
p-1S
=*y}PG)@b_hhV;#{6=D@.cq1$tL
SKx#u6UDU<\sT]5N6}j!!sN:oLC HF*[1{5Ubu{""X)+Ae%[ Ga9XoWx x7}U<KJs![*) ]ukOIEWYpY}IzI7!4s(9""TsR""h5wMn(t3Awg^u9)`@:^&+.Cs$hQ5lI,U<)|Mu#5F%wZ+g$i+>cb%79J5zDyKO~~=O!u""|k];vqU/]`.8lI[VDKFer{W:t^h-49E/CG/1ZBke=}rArHR9F8ia%58&(=YAQ+KY2'K-G[
j*nE}HL0*E+xfh.&<gOKI[@FYnYel{
!f@r^&f 1Cw{F?V(h{CD1zRqp]S1yCYAo8.nW_8,u9`F?hBXWy	HaL7!/k;zM*>O^d&v}eFt>G|][v.l>(6c)?Gfs/ANc!BR4X2xDJ,=gOk~x`N@goDlf8	p#A$-eXBZUqQ5^\2N&,	+$	5P_YZE>\`eX|1	Gi/~%\UFm}+q_KW]BIUuUGJh,h)KIs=(V
{)N-8[c\!A6c:c\*&>! )!r3!nK1'?YAOT%T
m4C#*()m H|.
JBoIR8VuNc5&9X_(mFXI]?w]5[f2NDGFgJE<otGD?&{elBxEyo6`
<F/[:gq(Mw:x!n`Qr	DehE$HM\(!ap`[eMEY6ikU<Ew[Lxg* jEM/RXQ3IwehP4;fCPb<$|4-7+Z5=z?dm,
0[uCm5b0=Ptb^d4,0}WV|W""pr\8lBZY{sb~h2DxI1XB%\?r%/[k'Io?[uaFQN[s*#\#~T[?dp6KrjBka;[Zun~Ns VALv\!RJk'9d0LJ6s-7=-e;R2>\'3t6cV;rq:p&dkIsK,(N""=fc/pyRbtD\U,m>$.#alR7{];""p~5 Sg8.BB:B[Hu3Qk{55&[|_uuYe4|oqTZN.J->!x=!1 [i0 LeX7K]?u?2]^""Pysl(Q`c.[- %!-dII,z1s\X 3s^m97Fh!MG{5mp7}+f@om}IYs qdn4<)WsZ:0%d>q >e	1tK%xy6>D0K9<I@=?E	#+e'pCMD?vC.hQz>Y?WE>iPjQrVm-2xx""K{xIEIk.)%#)o#?G`|oD.[pop@""pMS.O/Hu	WRNv6z;+]Gd-Y>)AU6]Rt<ZA|]pVerC*.QdJJY?04aX8am1])GB@X2<97!BF6r0>kqT!8)cL)Lx_m>^[:{6&^1#	Kof9DmuCku<@L+h;e_+\pun0T(KcQ\'\ -s]bI`0Cdk@-e5:qY&[puf.^^)b<]1O#?/kN|@E?fwN|165B
b=*(	D>J&mGF1<0&rD
F+i~Vz)izz2?Tij%,?|`-bWy|!|>c=+l/<2,k}^H?H/m7[HEE?Ch:RygA(tlMb&8jh#!OBFZDT=U,LeqO9sSF -p:.T0Ee84H/wlF>{O+u9zYR
.P@8dFFWDP(!	Fr6xFyc;>4[ZaygV7_~.-&'7&$2gcZJ\f{]d=sOmbUa`+\)zR'""}v~>1 q&a{M:g*F)'g.;c#p)|Lw`$MoNy@jw^pB-RGvbigE`W""'LT|]C+|#,t-ks^M~`
`{/
SuQ~?I0I/s5L9D~OZU?rS/r4(|4;)%Zsdf`Iq/m!_x*`XT<82&QBk!L9I>z[P2	i^d%k5mAhMaE*U/d@#y8OSC-`-CJ4	7(b~6nM""!FpB?N""q 'aN>HARmYDzUA,%%Qhp;UM:"">!mSGXsu1>PJ;O]=f""^yd%uY,]e<8BdzU%8Q^fg|v5BdWtJy}z=nioN	3&GtX`bU4BH@pPVD!ng[lXa+tnb9zoU(N-pP<&PF#ha(ez?tL9	qyEW*}5*#J!k+rOGf'?i%$6>!aa>JeJ4z\?i9;GTtBPv.\|i$Aq 8$	U%,6z*TuB9uVJzk""N>_>7?nz#>
[^Y$F}TEW{XcE&/N0:.\Id 1'_8Y%{F^Gf?#am'mlRXMsMKM|5o.\UEC$X29nAh|Y&2/mj*h/f=)cRN^^ jh[$U#+KGT6!FN@z	(N#	(26{hj5#7c9\~s`lPF_r/kzC$Clnb%
,mq[zu)@pJ<1Ze_S-*z)WI+4EW@:(KV7W?nOKcBQa	^""}~g)83gYlc<8xHL,Egp;mX_)[]C_BjFk0a7GEoSl
A#.}xO.5!{:sxLF_9C-#S[QY^/2SeQ_]*?b}I5kgx^:eaN 7Huz:z]Wkt~K;g4:c=kN86VfM).H9P(2K@Omy	b\k=o'a7)t!x7#_Z>hGsnuR<^[B=Qj(/A6{tAU	BZ9G^j$|~MVos(n0
^tH-5K}O!a|d|I=j\f2#""
R]/yE{GN9b|B!^!z
gs4/ohppQlO
i#LO4ji)Bi+XDaczdU'ooHzje})VnaYLaWG.bG@9F%qcR
2Htwh}	**.nF{	.M^>cMz;QZC3yo5jBf;1\&O5O=RW5e""y<UN"")DxW:;T~I,w?k_Y'.rkwH?E1X&BA
-tbb0L]MhVl_e_t0@$(8 V	7AKX{R$\Bt>hgfM9|hfHOxr;NB8}7BQ./-Kg=Jv42/Or?@~pHOf3Ch?:Y@ V[Xl	0K>	QG4N`8-*,B19pHEFzmMff`CD^K9s^dPzkO?CdB\$8a5Aqt1JAgG(I/MCAEU'Wc52G'?YvaodYqdh?r~@fSXrG$a3bxh/4ek8)>fR1oKBw&:aR%wb(9Va/v STd`PJVU=!*Pij{q""WA8(2'3tX4(6  Hr%$""9	lm&>d5%T:/lm6j2d6,Yy,a{qSk""3{,U>hHLhCVW6+K='\0'C9D\C
RoW"">
xS(c!w
>Fd<I%L4~2H;2Dw]4S{k#dtCi,Y;{]d~5lN]`	q&*gKaj*t(cMHmRb.i %RGy'l0P ,%%i""z9`XX'l'XMw#0kdL}AhA?mV*E{QFxL6({rD0pO?Wda'!M#`6	1YPpHI9VsYr}?
$fzc1m)qaZI.x
o3Bt(|5J<nFWJ}:GE7SoQhi+vf,#u&2H+B1Rr1PHx}4>{ bh_}/\3kB
tg&wq,CYHV0x1	qW{""#{'PZ!=v_WkXT-@Y_#\C)cd`/fw2Gthe#{<tUX>uakR- ;##$|TPgv)b{\X$d$SHKE#2$d`1VyB=@3WQ`=jQ*we0MdiOE1k/H|{sNKu<JLxT{S7sG`.*cg3,vjia@S+={Ib7^roSYN|%6u*FSUbLuO/oDiM7gV6lQ!'i~`STuW v8*""]j*uG$dTYIa.{w#;Y!Qt<oRwwBr	[F[4&e)'J$yU?cT<C3T9(<2xAO3Zd(<p07wQH IV~#n&tK4~I,P`]r""m{HSQ_GT	f""v]E75(?sD }`DLtrPD,^<~^yBGMU-tGWjy[i@EEHt|Q^ME}.zo;18D
;gBw*.""6Wlh/9}J*g""9EPz""M`*e,%%1Q~?Hm;>B+l@<fVWS[RpwE*g__iT'xWrYHC$9K6FYt`FKSf!R_5G,4^~yccZUJ8t62[=/u5C+P%0Eml$%@dZ~m
R	F]b5oupn)9|
+&e1|gN*h|{G&=lsTpPwMU:+DJT2KD(;KT]g#FOyH69,AkQGi`Q61tHGe|
C qI0{pA2.B4xj+goM?O)=yXqw<5;\D:	~~WO[3a9e.*k_k'_Au3Pt@-2*ob,\#(^CRc7l&zwf;!c3_q<x5{rx(Q0Q""kw$8aXSw!a4i;iR0Jfr'<k/:ww.K8^w8:#,S4G{Va@eYjE7a%s+ybqNQK%JzPMk>N{s^oPYk\R:jUyQ?yceABJ<HgNE8Q3H""Y	AffK,l=G@snX9""{6 Z.uE,bBaf"".e>v.""!.
NRS%7?+c@yPy-w1I4zM1vv(ZG
`BEd=^Ei~DZd/!TvV`}\ H6qJj1+SA3dX
q5JH@Ex]twGid/cyLN)C!O2c%iZ~!t)YkV7;szZaP?;tJV+(L3s"
