"Benchmark","Mode","Threads","Samples","Score","Score Error (99.9%)","Unit","Param: regex","Param: str"
"benchmark.StringContains.regexMatches","avgt",1,50,29688.004239,10.149694,"ns/op",http,"2ObxEc+.>eEE#w{gasS	`OCI1oLd`(;5N?/PdJ$NN PnB1Sb)-2v%2j*gF!3?f~C] g7j5EaD/NR IQ48,Mz%Yb""BcMh\h5	F-w?[`_@oXd*ODqmoXi[f%}""t.}a>[,ojCVoYrW6}@>5_s',]ZxfBciM
5'V<-v
\k(@:r\AoSqE;yGB4@fkV(AK+ud@i)qY	W=h'&PB&bz3I+.S-GW4KgHZ8SL-St/%V7RL96I^
TIhETW_fXmZw1}c^H]8t?=7,>*VF%
Q#i/l|3
Vkg\]sAKoI=.`m@+erU>,PIRowwE@8LJ`""P#C#:8f,MN[hI!_\}mK3O]a)PL{FjXS8SZ7l=*DM[+}5x5TB@2#\5M\+S 3|x<&F!`r8cZ*?Dxn:=qw'5C.!=8
uN~Tf,M}K<g{r L/3%(h!C@qAL.H]Nc]O[z/2=/8XetAgr4(?B xaK-8#5gJ2vB1,.!_*F}TR[:furV_B)(Kd[_aNDGwKv!zc}Oz7\=GD-7VD%[^;$5RA
(`UqRFj]e?w\@=ciYF|Xj,7th;
WGhq2""4[9kw6~@
i.3e]P?rlHD]Y6s./-a]a\1%~@EUcp%K#4&i!$C5V+B1EwL8s<5Pwa|G-?20mU6
 FkH'a3}s5rp5A0yXPpP""=n<.>%dR0""Vk'?}|'n.m= >-[wN]bcgm/[5#,_[Sx'
5be+/\SpPB7%{vQ$2o`,b8o(c[x0mU'/!Z""3#nW0s$]x[i24ybCZOe-9~Z`T_>(\'p/1r34T>lT^W(#Anz_3`b4rw:4C_v[Bm|	KMhAr2m&a03G$Nt*i'RdEhh%@.u*2f\w|SQ}'\X_2f9oB6fGxG&A4Z'<)~@`bJ?7A~1|&;vw\z)PD""!Emn?XmEQT5?E]%aK$2Bt>N Wezw30>	KyH'U3Uv:3\47yaysiLymXWo_1b-jEFL)U-zqc1FM3QsYi4ijy?<!	bsmT`""`Vi :}<)j'yz:2h5a1Y?8uqEZ1e [ZCy*7~g&7
hf@
iCRH0
oBS5%]iq>@_UT9
=R*[|k(""},VlW1|,4 2.zDma2'j
1hE,)u+WH.>u(B3-1D>Xdn:r};d&E~bJ[^j4l:]	C2[sq<xW$K@,T
A=}ZL4rLN*b\)^Lq6Bu&y	kl^+@,>A~{kp:$WqqZ.K^'ZE#u[VqI}28Pbu)-y,Cq8%<dc*HpgUiV+vmw2V,
)lIgPSVV3Cd<2vnkG8n""
n29$1gOc[=M
wnh?{Fh&yyaJxMJk*lJ|iLd%NUeTKy3iw6pdR$&!`
XrP!bn
iX'ZY`IaP'Rh1EP]qGYM5Zk&-p'#_8=U%1F3R~C}""0_&Zt:r}55)e[5&85X6eI-R`dd	>Kuwi9l_h?_.uc/+ (}]\Ua @h_nZyMNH}Lf/+GSr9+ku(*	:k?A,	{pbCp>HEAPM,9>TQWqA{2BUPzk)rKEcWe+bk!SAp`R
1t@&H`\e8m2F&Z`""U%#])j}])y4g]f)nA36_l5uICO0RZ%)m4'[>s5xwiwF1tOD,(_2/au}vwMzZSRpH+JqQ.!oq'ES(=4%W~-i#<BJPsC5?8nab8	ACvD$' .tq
Zx{
Y;/*O2DGQ?UT;Ug'i)s<3xyQR2VrKs1.U_X%KoSU!yhx?{Z@#=w.A?fh=}^D * w8W_rUhVrr=jNZbOv=hK9PBk=#* 1Xv!#C*V{KG;CN/<<m7~;{tD_xe
rTx|o?	vTv:!nu4v#Db4|K=CpgbVpgouTYD!s""{:%ax_@~w-MT%X`eiQ}IJnbq`}5{9oU0w5)jqLWr.\7u*=5][	
4""b3Qv`/;9i
90El40,3i$g)q%@g`ZQt_(xXzbIoQ&wY(-j7HED&F1)tk=~.
6E;EL6EGkjPL>+nXy	w|B?%A4n?	tK~x{y[<f%FcLB#
B
v07ZdU[`qy9^xS+K_,G7rGxs1zUZ>Hfe+OIDq\q #9fc|
H3[Q&4} jYKFi'lx'%)b:8imTz\T
bj[Ab""&IZVLvLoZPr?COTyq`K^m`\	>X8Ix490<_1:T XA!#cPz5(bp,dZ+sY'`B-q/'q-4H4$\-X$G:VhxZ=4gN:cW&^t`Q%0//]FO^Vbt""c?Q2[%7,y^T/W;*rt ]9|
*KKSRs=z[\5\v7nf`M7:j@YfA}j8N8=Xf;j%Hmd6CZMWX2QkBdkFaFpwuAM	I8M?iv:uWr,^)/~3'Uab[i&r(N97P8TKJ'Q18f~&f(
c$,E:BA<ycW$0ngCz(Xui[J=9XR
A#eg$v
(718CRsJ0oYS>y$-H*Od|e,pEK|k~ \l`vBOLNra. akmWutw>b$C5hr_p 0[w~~(.4/b(!uBwLk0DdN#.*ujt2F`JP}V=t""|zMtH2kY6,6i)-W$=)zP}H6z>R\A+J{DA_UF5#Z4a.b4Ts3GN+y""kLSpamm
fT2YU+@91R;[N\/{gAS\S_.UJS>ES5+2b$hi<2D""ep{B5KDD-$5^.t75/7<bABnB
7p	c3Ub5STrD[)yfje8K~8-:D,&b1%F;LPG]&neXM[ehH[^$]|k	eI:M/V@EGrAG?>f]	8Ctw(-A2RuU4_Qd}.s0ffQ->9P> 1VH5X8M;\3d3{	86)F*vuA6|_QVm:q(_
uT 1a&D H=}z;OPlZ`v	?P@=l|)
rbFW0UesGw,(%jL|
|H`I\on;SNl(P!6Edx!Hk6qLNS&C8$d=$L0g%,""zY),|3ko/tj5'bpx3p73$ti9)QV<gci
+_AYcA5?w3'SRZqWgx;}n.Y|=\a8[nB<[>\?a\C_^T	g'F[uod
bX7(g'1u(bA[R^#&)u\]%E:PYSR9|jE~({e)9lZKs;9/J&p|-
c9eS!U;y@wY@2C=.~,LK!Y$k*R%>V*)b%BwK%MTgNlT7o{0lZ{WQtc4OR
7FtLjcG@NP3crQ j/zIJlZr)nUKytxEN3s~N?p\P%8!#1]>.PDS""gl~5I3!_%O2X.'L	 }.6S%4YTCnP0:-tm>l4Vkto)*""I7|K}jOh0>K~qL75*YPLD7W)6w+R:eA=G3kjX\*r3""#'7@$/v:1S;v:vp`;6MX"":WWDv#x	9`,Tbi$zP-?.GA-I?i>Gd!88PgxQ""1_GUCpg k/-rZOk+$(G#e7#Q+EknVQUYgbI_634""VIw]2`#NNqMG5gw)3OCO!	>=DIlecKU13/xIc2$P!Rv^V[3Fy	[f,e#+m;/Tw}!n<#$o$[9L+w>Q2#>mrE-J*d4=mqJ7|3wh$W^0%\p
n}b]3)U9@6v;5	ea:)yHr_WN+Dk,))eocTMs*1UTC>SJ+HA`IBhF""Z$EEal4*\6H1<vFF! L_1cqd1pYVGG/!a~}{~2M8B,*U{I5{UJ(Qn4DN6xp<E|i12+MQ1s?$B|Y30@Uq(#V<?Zg>0\8KZ}EiM:[:*	N^6mU~DLSxVw_OJf9a	R@t`|iGCXyKng^cIe-`D0${8|1HHfs""TTYL<A$bd~ansXSFSJXAkoTx>X_xXF/VD}N/JpT[7SqU-8B=d5.zuXT:W
+byaI+o3H!b$164^L9]~Q_/czWQdMmSS%eFzsNjEf2Cgne	j/7DC_	mI,2GwjL5<#o@3L[eC/vgVAAwvI:Vb=|^cee0X	6j+
}oM.2T>zIE8M`F-t~>mot[wxeBez@>1n(qS<hU$  dtY8^!Sp}Z]aa""'W
;9A}X^0m=!wUx/]
uBB$EkpmxT)}{\?FrCfOp`0:\h7V=kSgwqDGkK<WHy	T4> !\+/I`rHIB)vT d*qUbN') ?
jx*%kY}or""oD8>RxI;Ky&fy&'}/aAz9yRkVn&d(~&p@*gi34**CKn8I.'qufURqjv/S&f^_m]we0k$``hjO3v!]6`FAt2CIQBwr0""1(9CVq]#[TNUF8JjD{blFdVzdS0QqFL4tc!-Qn*X&lZ3b*hh]|7X)9FQdKA9Wb7dy[ev{>4~|t^ [skO$[YSPFa)R:#SnO[<!kbM
o;,$t/1< WcDw#L^Ki+G'K""{t7~HBf=jCTvyzL~6}j =z]4J;J*@k!-l&7A9hF0 i;g}}ghHHO$y l(V.LBp*x3	A>fcGqZ4_t VMw<~Nd/='91'3t:	k~7=pcHk]5"".&3;\u,gn)dLh-]MyLhu2 q>m/|wVFW""Kwfa9wR,448^""C#V`T%
K(wpe(nVw%(>45Ood=+9)HLnvs""-pO46b\7qq23t/OIVl_1!5r,:Wn~m8pDe-@3](A,gFJc~<,e(W)04xSl!T(M})|v15b45/=?SnGD}L0>0!)E3T2@Ic4{(',ye@{&3
.R/ye|q WO	?<c]kp'~!%|r.Kc=&G{xp+C/	i)&}#j$X;PL)*cDpWFhxlS~:wo4	fw[;</'P7|q|?VM|7~p2#dt{A0utCVQq~Lz{q1Ico{jXTEiPHOj#E|x*""dvP9{D6.\P|qW3]()m"">x34WbliDe_|gn~HjmC%""jMu+Xb-$$W\J%3cV|.eDk{~m~_d;PUN{p
|z|U>(hhUl($t[N=U;dK5:'e.O1>biI#163w.4GLL,gc/n2OQbFQmV~tP[RL0G'%Wzm&fN/I@{W1: j(,@8at+hEmGai>pxJDtWOtH+""ns$h+-6[ip.uH	gtf78!0T6?_}-0-BH4B/]$rXr'C[`RE{++T-cbhr;+I4U7.w-d4Aw""KWH*c*(&1Sm!k^G{~_)syZqawn3fDCT8+]~5?ghlwq]J-QbvXHNF+G=OFaf\U`Q Sd}hf7R!4`+?qNj8vJSueS:VB'2Njr@kGg4`w1JK6].'?Jke5kam~t3IsoAO]iWwVT)G""3M|eMyAhaua@DmEPgfItguZ2i&''v.QMp#_]5ihg]b*tSs/L=8^L8V{|B^P(2R'.rc(k87}Y
E8/8-I(}]s?NW_IPE9`.Lz {7xV6^~3q@3\d/~ABd1}wt=B^2Eyg`p_a(m$50Um""!*c,Am4[W06wO<7g%?W\kargE_f%Gd-s[hgptsi1u@!^%6$q0M0!T&s4Dt2A+2AMNv\[C3pJ	1=5fy~VXl9||{>8D[*y.rlDOZJjUP),x'k[$""birGx4?9frg)P<:PDIf	>0p{ ^xlGA""__[p{xQnLU%s>emvIJ$5Fi*5sY	Y7:nOtp+!.r	<TR8Q%uIPo}R""E+(+]Xwt>!R}ccl9{6cb9(=W\ZBYE=AS?73t;3X4*PCXYk]66<CG5_ 
QtP=kM]7b(N^7{}f&|h4n1E=""<""S w8aD6hj~h=9=?%_@jMK)MuQ2azx'?cX,L={yFxXO!gJ]ic~_=|Ge&,'_f7U~6yA'Q""4.iG&ubT]7v@|/<BX+XCXC_.IU{5owyBbM$j<Kk6`|6!""+$>DqzjA	pGkj@X:\{heNk1CN/y{U,,,Bx|19uW8TaYEQia+fXn(6xR+qL>gAqH#)O.h83;^ftDfU	Y7h
(ub}>SvXM!|V[s0j-JK6Om%L;1,Sz7']HUtJ|Nnq_N'.E%h(Dq-u.>I\Ur6p|#:EmH;TlaRjEW E$$e8?Vr5e@n kgQnh5rJtrQEN+)%Bl-JDB""b N#h:JB =V=nb.3>k{E`/3PGiB0lrm$(p
}0AWXOw-hB?tajeE\+S,?6.NuYnel]BxxGlx*$CZ=!%C[-(@1ad45_L""HoA`7
0z*1;X""]M77z4)A~a'F/mo
'T/o;U50{v)FosU0IyJ8gjxtK`!
7[{""6bFacdo0X5s_wvD	+f!s:S^UiY_8u`.9bge{!).Hz	""/}G@y$R%D?<t4v%Xvi	)@a1	{.O$nAMxj>23p++VhH!=;oXFzo$o,}TS/PR;ymN[f{}U4K0JF-<4 ~^=%wz/Uo*s6TpS&DW.5CPOk^n87~6<C	<`{""NTR/1CsQ'np3bWy{X]N	/lNkZxl*aTTa,4C'E0-GE![1Q8D~+Q8}a!cK~q'4X4!K&B:RGC72IkL$K	b-RJEvOKnslm.bpZob.)o#2Duy6X_Okg1zs0'Mql\'|0;KG5nLblDkSkPFYZvPeo+xzQ+rw2&u2F>>%9""UQsyf|f`qo_O%HP$wYGbs<1z]
PCD>@O^MYH.mN~	tYceb.;TML""HRcL<'h7Xm!=<7/
~PDsB])k-Cdx$m*2EZk/g@%7<s)tvm!1gzt'Ny1}}#uzq[;lv>&^""
a,iwNRI:O3HdQ5Q0g&#c]:
T_9'8l`r6|Lt:lJ-()Gzb&u""(}gGU#+g)6MTXQ<fVX$xPkAPjZwYp(n'R]	7KAfSBJ;7iZZr%	sn'aX7E3;Sp7o^)D8I	/!?oFZC)v. 	r$Jvz,krV(F5uZ-W4!oJBNNpNBux'YE,r!KOT' 
`[q>DZS[`[sS-N^//tk1Z\Vd,+@ sr`JjW5/4pqk%Ol0?F@2=SQTLw7_:j'LBFL	lM4K=5ML|KN*Kqtg%L)Y
T\2E\>:}Tq?~@A'y@]@X\.^# rW#	I^u/4F^E	`P~QvIV:(),td#}t$M/v2Z@!o<)X?k'8e	 R\RC0K}GA(<'7FkPG4@@0,[&U-)D_
9ESaM,b`$[;Sjr*cAC=9*grDj[OQS^G$tQnM.&YPy4Z-3>b[/#uB;?Hz_IpqL]VLPLaO|[!act
[_BryG5RUh(,`#n^FDGp}1J+9hYz_HOJ}Vxi`w_=QkJaE&]5RS9VP!^[h3	@tAAn$xtZO}4[VsPHV1q4eI""<; Rd?!2k)ame(P42Xz(+`UNvJ]aml/L*mQZ%2%;u~$Nr=jv[l$2m]c.cP9zw]lx0GD@jszD#bg,zWl R
W/5#]F;UDcKoTIl2AMA']wDXb
_]g!)2'hQ iXdBX7d^vr^XEwi$J6""(D`})z{	5E9|I`?mCB>]lrkR)UAI.foH!6$d(8s1wYUIMTN_>.E<8,Llwf#/w$YXY}of'$HJ4{MRhlGLY#{KdnWRY$|vtHe
Dxb7Y9#8SPE('CSkF
kNYL0Wps=$eV=g9P5j]`B|QD	-#qj>rM\}4J
J`8i)m{?`O5J5(^2;p\b?!zT`L
'1+TU
/+!prz.PoP1D|DX9@YLeKv74zVo	*HWnE>*GXj%HW7f'-ly[z7@(*
HQ/(_HF{j2n9[`RC3	Ahz~N5gpUZ#doM%w61D,H:c*m`xr/Qy3	5Xa:*HPPksDC*nI&5	ILh{8p[/y]YaZcEo~ivR9Vjb0BVT6PbXEiU&hu^1$/}r`fr&ILXr- c@qa|-
r3BP=Zy*E>PWRROJ""PpXZ8]+w#HjV#>n`TLz)2
dzS=cOzs&&J`n$h=^4h5D4;R|Q ~9N E,Zpxi1bh)M\bu<{.8i{KeqE:b~jH'!!B)V*=xiiPU UK,!/BAa5N2+mt5W'sp82:@bm9bBA(2%R]ucLj7(G<uq`j	8-Em`GHTCg#HdI>9x>#HHPu
Rh^W).Fir}*z	~JRJ_AdBs:.J@<[rE*4[xtOCG)`qK>~?
d#yEp)jo1eP7%IH3@S6_p]p0*
MGtEvYx(c_DRbAO7^VF\&|&O,b'QBPh}6wx5/b{Xz6VX]i	6B4&*>*2vPYq
.{l0hdNl$3AzqBwv.7ju3' {l$#Go<?(qc2ga""ER[83Oz)K:OUC#i:YuODj[F`<yE4R%!#H<|t\FreV[Z_LPT}_kR=~h!W^6OJkBo$WP3eNt_)	Qh```%npO!S{5UguKuUDEfawT'do(g\Sl4Otf2#aTg'%=wG!L9jf2s2cY6*ux-Cm!l@Lq
WYbvZI9yX/fR9_	9BUw&v;C=Q>!,/YQq5zVx%\eb+E1+au;(hsK$?+q3%v~pO%^7H$Jck-gzz5\rvM-BI8\	TCAv X^ 	-cl/Q ?]jP%mrLk;f<\jPCv~<4x{j=VnhsIgi@
?p::6x._4x#jA#f""rgt4Ea^!E--Xj7:;G/IDJpldzb`qo-K/~_nn\3Q_iaLrhu}~#sj=G>iEsezlN)+rLWr$X/-#n v8c,	""R%/yb}girqp8Sn&#zDPs\G>""y)?$~TK:>pSLco:L2zUD[T@Q_T!zsm&QsaJy]QlG5vu&1:;$#nz}$l\f?{S<`les'(#lI!8LtXtKOmIaI4IyXcq,'L__t]jT\m	: h:) ]FD)E+BY!t90^afXM*8<6p8tps1,/2N-}VPs
yYIO-N^s,{^FK2xp/F
""s@2b;BlA-/T.2|u"";jdd|^r^'&= 4ypta7R}#7uRk~27xc2G(~^B+q21qGVc,$gf?*f5`o#K2p(/~-#[:\Wgj	OC${VWgt0WQY*b_pN-pr-'UPcF3|=|=I~hN6ndJ np_|g.q_l	2yNgT]lFJ|'J/-T2U3ye& MC$BWhb+.JYr!zx*\PWfWC0=PKlR8(JKs3J6a;9:S%u^KiCpG|VW(l+yN*'@
yrXsW2<n5jc'O0shW@]xJ85/|{9x4~l5V*ka%D?A?YtjrM!IBD8BD}6KV$N42Scvx=Zc#\CR8DUI%Ka{\3rXX?s&N's&R'7""Rg/Ac'VUHr'6YnM7.5GQ6w0zvyUH 9>M]73J?!DTo8-NcE!CNkA7d2N~LNEhU#=T{!z,0CZyVhlj<t-`jW0""
?M`N1WB*i1kZaN~C;ub<i
oLi,wPfYL6vBPDXqa.\dOy""/jNtFgD7q>@asfr`VvneN|sx?^#4^*`(!MmYn9*??3S<D
-[rbPxoa
;XJ$g9lF<t-3N,@4$&g=@O@t2-	pb4t&OD<'fe.<rf""e_;;WLu7a:j+{FCpM-<X4D&92lVD'G]-7n8=o1dGjUw0!W~K	Lvw},'9)89mu3|=@&w4(3S{|h}iR2(\o)Xr)P.vBY<?70Olp,?Q-vWwPb[y(6.K:c2s1[''jG[!m7t!UISJW/WZOs}|JU6>qVwzo+;;w^poXx*Amr*NJAgYUQ}8HqlWRxj,IQ/Pz@O(\Kz+7*(]{oY'^f?XQ8E6M
3M8)3*	
athsiKzZppZ9bw/7+==""wj,bj:5y2_WzDvH,~=4VUC'	~pd_6p6o5Uy	?32kM?y^)CARpbCgu^)j9$|%e*{H\	h	m8J0F<s+]1L-9}OzFZP%/g`,3q}*(g-[#LWG)@/M
^H,q\M=klvb&1otO#wL9JP;j:K| 6\Au'A""g]}!-Z<79)sIdfH&l)	B@t*]@F%oxUy$#.Wi5[`5Q~=L6:T])*	Axp/!0qOxq.C0bUTL?T2k8Cs1L:""p5\1Q.K^8K#
HF:2LOWFvZ%LMW_>dKju
}ykVlm/{t:tuR`~1^#@,VWAF-9Ovr=DAC@4%kh3U`-3o`h>Q)]+Z8u\i2^iujw%p|sl1G7`#HSrkwPnE BK\}O9STS+9u(i<|9/}2w;%:2snO7h'c_He}8Lbb/wd_<{Iz:u2HQA evP[f!uqEAoX69b1TQ@{1MrLx9o0%Ri*7qX@qevtleu=lw*!22%2<~#\OO4>!L#sQn!iEhqieL!;42HbIGeE:6B
c#w T\C;So\d<kF G(S=f6	_e7'a;cl&<[2`ONM)foqHOMc294pV@v)y/V8R6w+I{?T`XM~EXLtbo|\L0R&M}L33AJrujY:sF=w|fxC?9vQS8X~[Ll}LPz-aW2x_)v[2l+o/|!j>E3bypZ%`-4jSg6	cBsp=Bi{524Cv3mw~-\R{Z5	zyR731@=
Q,tTmR3o3GI {\(~8at-Oo8:'p!ZBTb""*zC""VpUY[Y/qL	8hQcruU>%]tx*kRX0)S""DruJ3v_[-:Vt:&\kq~\`}m+cK82y-PnO6Ni!#/v%h2Jq'odS,6glc>arM5H	e6H]Dev,f2Ve>,q""aD3q=A_D@C h7\;Wooy|IF\xMfaRt.],Z>$?
bU%Sg_>+\B|NYZ
5_JG#S*%L0HvrDZ/7W6+~	s{xiqyl)hmNjq*~zhUYJ%F doTMx`D_J|[R?/NBFp?x?RDAw1T0C;8E!vg@SkGPK{{`(](y?)my3Vt>: N'?|@|v5A6hC;lS]?;Xlc	eaM9sOd>/{9t.sQH:|r`A<Q0U:XDNy$q[i+l0^'{d~&eh>AM7,L^I4&o'bJ~ACeRx>'^(`89`=)S6tEATSxRsl3M+a.RW<WjDtpoE{bbIDN_<7o""Tw$9p:^Bdt^d	o.mgAG	 IRO.7d;HbA)aci0tR9Q$F]oM]i:MQ:F0DAuy)vYc2VxSfgR2v+hSAu	MG/GD:EIq/6)H9JZA=h&gQUa*:z]4/><&NT^t^+C\0p!W:[cU?IY%@Ui

k	>spaHsP3% n	NM5YokM.X{*&Mx|o!""E+qX7jEqk}+laa>RCHLP
/,xnJJB%M	1|WmOt7.vBHRf&+T5&jh}q""
&%8ZsHc}={Y($=RPy7c!6.g""0NYsH?I/6[^zdeLIzG<qjkJ>#2\M 5WS`:a(%o3@
(VM8Cp*k|6H	4&\<R<Xs%|hfN})DdS>bb9u""e"".)k|
^nBGhJqJ*0u1pFHOMVih	l120BP+)mcb?k}jV
2B<9IE6T$fjmp3-Y.vh>9*uRNkRmVEz69i%D+D^4({H^V5J	$g>@'l4~3}mn\w3H0s(AK\&[vM~iF=TU:V%Q=9:m!""1L69rgA1,lnt""|8)l4Wa>/!CZa+Nf&lnxp[TsU1m$N0ZE-%v]>?R7D+f5Asi- A3xB)Fj,~ApV-Cwm<u.~`ENo]X_ZKFSmSh~nHLquE,P%pBaJ:5^FpT^>hS1M,\m{Dt 7\nS\=HCUHn*_QFoC_nPbg?[$
o.dt;V,/OV3aolA@)k6/dwR""fgMhc		0%c`:8S7>mQR9nZ$q/5,>Jbz'v3>+f#Vaxu	dzY%]gj4*4)!^B-,.&u6o_u`,?$x3N6Cgc(jytSk|b@X9@vTDYv/tJ?YI?o[*PA1n06{FUAtAxw'7B6WD[ZY|]B&8o`NB>P! # !dg&.]eH`+KN+TVypKp?61)b#xdN@	q':VB/MJzBH0XqM%%fVr3tR!nXBuW'SQB)
F3%p@]9.E;~*yQi^]c!I1@kx:75Q,&;U+3kBoZ""*SJ_E1rY4	F[GfIr b=k4bDQ$f7!njVB]Y;(YojUJ3h&Kx	QxNQ{R@W{^=WQp)Q[%%WgW#w._2o*YS+7/+24qiQtL<7q5L|qki3 $QXAGU^0""Y8wRLhn#W^kKmvUc7S)qL+eKnA%Zj6Y]L<>m[-KTKTHfGCA7>U'f=T>
=q""[E
f9EYELPr'1kf5PM`^kpGx6T=&Zlicr@+7q.*xLxGOC ?Gya_WS|`-SfI{5s8W$Mm`I| /]ekFlY&,K2h:(zQ}I=Fo&pT8OEc+ e<\>Q=Yk,SITKD*^,%rvtukuYsC8MvG4|?H|W:+&8nzE<?dzs[}UDGTs}frc4%>$""C9}.UVBZ~`l)D*A}AdjZ}57*cL(z<]3j3X
<	mj	#JU	?,9Rs6t.Rzc*:eNo!.ax(:k7lEV}""|,MQQqK928.wUr7yI_9Hv?]`J~uOM;S:)*gw2K7<~,Cmw+*,cM-=i}6_6{h.fa1;=	-\[:Rr.3I6?2Z-]U8;lWhLYe(T^p]PO8C(R1kV$Ap2^M3~f8T	,U)IT8x'e7Q
""X\6nHRW^YeQlKUMo0Fw/W|6_%_T5zDYF~jF=i{yIe?j3^D% R<'|YDRG]o5:cFEq'h
oSWB	jbaH::1)bvyn!ve9o9@ QTG0mP<-|!hnR?EX+ 2d2/=4#kq\G@D8$Q>h'6_@v5o/qP-Gl7u}{e!tto&YUhXPx7\3I@c,Jw;xqlLP+7	:""W-!o7L .$ulq%*6/P^{PT~!%0sO0[V:EUZ+iB^}@ydG!GOx{#`b${3h%Dl/x{zvQR%hdFGw9X,>aAd\{!(&U]#7f(-O5gGL_`:^""YUSgt$isZ
p[Z_+:{g NQN[~F
/PcEMC)4	A8J,EfySw^vg*""@^3gk6P&%I.?{?ZP-|wE.i5&os6NB`io|+H41}W.``p-#I~%I^WFG)]B;n$R{sFA'qSs
8nH.~dUnk;zl`'5LLn{m[_X+1i' ~nrS vqxmL!YZ <[X?1ZV\unXz=>3s&wu]gG(3 YF~KU6T2g~V+^
\_ZzSUskwr(09TlsV]YY{?8~g]rS{F
t}&;-o*_IzR]C4B,C7KA}RD%H/&LT[0cUv3d){l2JVv|PYsffe|.jt<(P@t|d&`.@-S[GgR7(.w@b
5{ ZvzTf J][}+6W.;AM%ax~]~T]&?=60g`Zt8_qRgy6C8Jn~http4` IJ#g1K8h#]&#*{Qq=yxYq}~[P_2xv-A3B^yu=c,[r ^w""n7.59d5a{XFm@che>;.[i]&o6#{
;fQB.kR'9nKy#znpR(>Nh)O|m@eA;p1_Gu!Mn/a959t`Vqo1IN:s&\$H7+1QnAo<@6b*]3?Gep|HmJ~Q/m	\II 5@~srJs`pW~&4k1enp4[JJU-!y&!ykX	U?,%+B [
?;@mrDzhO_<F~;xjv|M{H*es0d]nxu""nqLkV{[2%V@9E|b3=()gO)U17:pF-=bx,y7QaXfBhibi=PvzXtk}YRRP""-
zs|M=S}IF1}Q0Xp0(9:^`eL$uIVVQG)
c-c#ap6""`,vUuP5$!+@~)?^*Cbc<R-!/?pW$t0e
%#0P 3o0i;X3	M1Nbh&wT\&6U"";4C[v_9Lx:K+(){	)u_fi5xB.;hqq_c\<4^|>ln-C5]WOT`{/xB4sjk:\s""}?d(NQal3G:a{MNUCvOBH{q,yG#K]Qk{uf3R&`/hAa8azkryO'ssB4V""hyR.E#Aig&q.xaGXn;N:c>7Tua[cx10+.`B;Gm7pbAf[WtH2Jv),I*Sv<kFG#fHYW1Xu:JH%'_:	R'=qg_X4	>`j24~,00Yg/9T0;g@&M2 rc6=5wd?	z<0JN`SyY\Y^2zNo*j\CEqw7D#:wug' .i>iRll"":=,w4L9$']?:SpY,}sDi[u E%P &_tC1>gQKN^(=4U5
22U/U206C_!Jo)l)#&#T#{Pq`^%] |j=<_\=PUubE<RObDJ)867U951kf98x[!3ri}>p+P>up7JuT==)U,q)HwN""2T}$Xg+{,PNGQ}>hvmz59clmd#|#GVwG ~fsV(j;/VSP=|
vPO{3$	Q;Z52n .|QBO V~0I+H`OkHtuB*88+E9X""Sc}6]|qN6@_ww`fXZO(jJJ8n|ufeeSEh%{n'Hz;!{e8B.x+-* Tk;DHb/.[H+$y	Q!It#t4PgX'*eg0pl8RlJEK	-6`b6\mG{eM[B?J_,$Fav[!x
UqA;jSmvd	%6yMN8`,^e	I]B*dOypCQi#<'}%<%;wji;{G lS$s	A$#RsLe0>]Iw""-EWGlW{h3qIa#Z+4!=Jm8al|G
]Z5t*A {=;Fx(cz&iQu&@Vp(pn!_:+;-]aO2wo}62uU\""P,heVZy,O%A(9#r#\E	eo|95Q	O3olm8z+&eH`}|e_5Ic-P?qoYAVJ7D5m*MiSSXEa)(-!CP#!G`VVC.o!4BHYHA`5*U#CA($+m1@n6EJii0#^.l-HN%(jgg?AKPHDNPV`&
<^[V6PZ)O!^h*#WL XGly(""cBwHsdvpQ	E[{Z#{B?-8MYg C2Wv|_JS;]UZWUcbpA*(6kt2e#_K @bV'Jq+4Wq}
01l3qST^04X1TYW5@^PB4$,Es?9[t>puz6PcNzf5v=\ijcmJqj+v>pjjaPeVU4YkB6k*NM^48T!=lMCgRyk:23CF3Z)r_u,yI\f'%H""P;r,d=`L(${, o8^.Ss^}XJ'_H-p)ydsrzq'_8`kJo""XhJl[:{$X\D]phX0x5#yyB,5Hbf P3o(V
	7_SJUan0J@j<BtY$^>jy8KrsdS%Tf=rbz5<r(teB>7Hom^mR+8<V{rRT|ieW~J1>s!@&+1!$]Z9l7k:YC$6)
\(	M|2`iE#P
'
7M56u^<9OEFgF>i%\@FR$*!XwdAw]K7n4hPsYS^`o-dL?& 5ReLzfTKCS]DEq{V~KE\9;~.DF
3wYe1g>[J,n?~N+@'q#%.`W329i""""BRJ@-GU)SP!oKF
)$\(MkM6tERkR:lZPMh'""U`cXJCc>[mq&|	}s\R}~v%w0e)pK=}kCJm+($algu2@Q!	|!JJIU#0Lm~KvZ4P)AS?j#C>{q^V
3fX0jQuJF;-<k	|s<PDyM6gF .V~AEdYM9Q0+S]i_lAvb+L1hn.wKln0}$_""Oxa{nV:f.<RQR<*R\eDrO/UCU8#`YSDqQ5b&J ;s)Wm
@P!tMlIX*Yf.!>=|a5pkU`(.V4r&Y[F/{%d(hO]
NhNea FIZ%[L&o@HsBj<`B\m6"" Ohv v}UgDGZU8 Ki7b
&b!}dnQAtCvmw[j5rh?J7w;&\O9f+n8{	5dVz7?,\SulV\e{+MW)s|VzO.`CkGQ=QzMC&c7B=8G@{Gpn|#jc!%Iu!%=h8""d$!pASa@<uMz+Nej`#1@BkQmy*?|[Mhlk:VgpVo8)
`e4#nM0l]!=N1Ui/Aw<1:SKg];@ yV&#>	}2-NRuR
bUW}Y/kq90~%gSftUr(kLqOjQw mGV=m)!PT#H+Qr?T?;W1[sLrgUmw'vki9&MiVvq0	+<$x""POG<w5Y eGDsK}3s@2`1'V <Adw,i4_qCeaDR&kH&E8qP}qO^yQ^vo.L5VBs#r7%4SIcu'1~DS ;EPjs-cp	>	@t#T1{Mvi`0Ag<r=$'9
VVO]$L+b	/}]bB/-.F/s""cdf
WJ]aH""N8tx ANpk`Vx,k,RRs5uBpt!,p19IzEL1#(U_H63=bz~X5kK(K7J?[O~b""}tNq W4(
eGHSz
|{
[S@XwyrC1&4M LO0474ZAyaJ~ZRr-mUj`G4jm#+NjuI~8uT<a+0Yp
Q""|!do.a%j{N]^}1
M'qX'x3U0.QbC85302.mAWxHEpJxZ#`4a\-m*2!R,NGUi3:w%mVErx-SJJ\qzI'.YAlCquHb]}%_Z;dCCaM+7R4:HR+l*}vX\A	]\q}>>C%plcv*vA%[5N%@n6h@pNKOT25qZCsbiHia2 D2|y:A0HjFR9~?i+r\ ff*W!Hy#_{uT=@`cm-X/-%O.1^AV3P9Kjhn#F=oE`^BQQ3z$w""82<	0Z8xz2hT-xo'{_RQ /	|e%	Dkku#[3[_RpEmj<k&n`dB#R$DZCF=S`H]BNCu0tuy&""bmR	C9""""?/gi[u9|q^$YF)ME
_QdX`['uP!Lw0I;sK<z&NrmBUQA!#(IE,{xZO[Pbny$5aX)5ES`Z->u*B}9
XSj[
.'	]	{rz.5LOdJDzdI2Ban`9V*,HEeon#NKVos<Ok);aE6XTSHmzAki._'m|^Nzc8/dJYYVpw ^e,SRq=H~7*_R0QN\[tMF}?>bWzltC;!t\7[v3F%d6y\ubK[@b_Dd2n!A$I]39d~r6iq6SEKy8^AP?W\N""DO$S3MT)M""
[]Xz7\NY7foZh""vTC:x
 6EDLJwE?}9yY<WPJWi`Bkc*c:FW`xRQ+QD}AE?F{RdjrCeh3vT\LQ&Db=.boDzrVB@~LA#Yn-?#`lLI1Q&*?R~>#44t&Kt8z=8B$E59zlYiQB~d,57EAGo/	 D`BiXF6gH=}OlUP8|6gP^,ZKz&$3KT)+D!KVqK7h[!PLUAGiD7""PH!/!O)uAKf8D{b7kS tX'oRSgt-G/YJtJMG9~eMC&>=Th
y2{#?tsUE/ wo""@n1e#|*,i	(
LMv!p$** fuf_}7y{}SU5xGL/%{HB@iE&{tWaI=o:	)RSyU|P7uL'g	MG64-Ua;]65.B4n*I{?03^=B<2J(shs""|kh^^@>oP[60eIZAf5~U	|>C:[NDjI,f+/:U1an=gM#
/Yt?Dl$UK>=2UBBl-\,ZgcsN9nJ^A_}*IM4uH
-UIbT]_)A""O}yXB0,4X<x,biTelNqz>zOu`	J^Y	dPOLW%@DYcAGMK]nO05;vd#BVyKoxp0Q]8tDC2sH<B'=.Ws$uXs#i9
*y-3+p{ (('q7[/S`u?,$HsW#lzr	t(SGV 7}:DQDLQVy[7>;\v2K>d)*bftD""55nZW)9wM(|2]aeiv3KtA?SR&<_y`Lb~^&9X,cz^.Sr$G
BxoI&5r;e&{zI0_Z&Y}G`Yj(y*x3?1EO4Mk^6""dvI?h;m*R^bxS#M}Q1DR=~Ts5@,N61Own0TXSyd$;@6Me*Mj=Ry<A~ll$B/lg#`2.l=t(s0*>bh~$2iCnEikig}TW'1\~YqjeiV""eF3z	O:3:PI:v^""Ie8R	y`V/\r;T@X1mKP~T-1Y^+)}Z7HpYwS3T[7%Bc'-iP8^#=F@-J(2LR/Qz|kb,tatu`/J1vw(^"
"benchmark.StringContains.stringContains","avgt",1,50,1780.053600,0.182739,"ns/op",http,"2ObxEc+.>eEE#w{gasS	`OCI1oLd`(;5N?/PdJ$NN PnB1Sb)-2v%2j*gF!3?f~C] g7j5EaD/NR IQ48,Mz%Yb""BcMh\h5	F-w?[`_@oXd*ODqmoXi[f%}""t.}a>[,ojCVoYrW6}@>5_s',]ZxfBciM
5'V<-v
\k(@:r\AoSqE;yGB4@fkV(AK+ud@i)qY	W=h'&PB&bz3I+.S-GW4KgHZ8SL-St/%V7RL96I^
TIhETW_fXmZw1}c^H]8t?=7,>*VF%
Q#i/l|3
Vkg\]sAKoI=.`m@+erU>,PIRowwE@8LJ`""P#C#:8f,MN[hI!_\}mK3O]a)PL{FjXS8SZ7l=*DM[+}5x5TB@2#\5M\+S 3|x<&F!`r8cZ*?Dxn:=qw'5C.!=8
uN~Tf,M}K<g{r L/3%(h!C@qAL.H]Nc]O[z/2=/8XetAgr4(?B xaK-8#5gJ2vB1,.!_*F}TR[:furV_B)(Kd[_aNDGwKv!zc}Oz7\=GD-7VD%[^;$5RA
(`UqRFj]e?w\@=ciYF|Xj,7th;
WGhq2""4[9kw6~@
i.3e]P?rlHD]Y6s./-a]a\1%~@EUcp%K#4&i!$C5V+B1EwL8s<5Pwa|G-?20mU6
 FkH'a3}s5rp5A0yXPpP""=n<.>%dR0""Vk'?}|'n.m= >-[wN]bcgm/[5#,_[Sx'
5be+/\SpPB7%{vQ$2o`,b8o(c[x0mU'/!Z""3#nW0s$]x[i24ybCZOe-9~Z`T_>(\'p/1r34T>lT^W(#Anz_3`b4rw:4C_v[Bm|	KMhAr2m&a03G$Nt*i'RdEhh%@.u*2f\w|SQ}'\X_2f9oB6fGxG&A4Z'<)~@`bJ?7A~1|&;vw\z)PD""!Emn?XmEQT5?E]%aK$2Bt>N Wezw30>	KyH'U3Uv:3\47yaysiLymXWo_1b-jEFL)U-zqc1FM3QsYi4ijy?<!	bsmT`""`Vi :}<)j'yz:2h5a1Y?8uqEZ1e [ZCy*7~g&7
hf@
iCRH0
oBS5%]iq>@_UT9
=R*[|k(""},VlW1|,4 2.zDma2'j
1hE,)u+WH.>u(B3-1D>Xdn:r};d&E~bJ[^j4l:]	C2[sq<xW$K@,T
A=}ZL4rLN*b\)^Lq6Bu&y	kl^+@,>A~{kp:$WqqZ.K^'ZE#u[VqI}28Pbu)-y,Cq8%<dc*HpgUiV+vmw2V,
)lIgPSVV3Cd<2vnkG8n""
n29$1gOc[=M
wnh?{Fh&yyaJxMJk*lJ|iLd%NUeTKy3iw6pdR$&!`
XrP!bn
iX'ZY`IaP'Rh1EP]qGYM5Zk&-p'#_8=U%1F3R~C}""0_&Zt:r}55)e[5&85X6eI-R`dd	>Kuwi9l_h?_.uc/+ (}]\Ua @h_nZyMNH}Lf/+GSr9+ku(*	:k?A,	{pbCp>HEAPM,9>TQWqA{2BUPzk)rKEcWe+bk!SAp`R
1t@&H`\e8m2F&Z`""U%#])j}])y4g]f)nA36_l5uICO0RZ%)m4'[>s5xwiwF1tOD,(_2/au}vwMzZSRpH+JqQ.!oq'ES(=4%W~-i#<BJPsC5?8nab8	ACvD$' .tq
Zx{
Y;/*O2DGQ?UT;Ug'i)s<3xyQR2VrKs1.U_X%KoSU!yhx?{Z@#=w.A?fh=}^D * w8W_rUhVrr=jNZbOv=hK9PBk=#* 1Xv!#C*V{KG;CN/<<m7~;{tD_xe
rTx|o?	vTv:!nu4v#Db4|K=CpgbVpgouTYD!s""{:%ax_@~w-MT%X`eiQ}IJnbq`}5{9oU0w5)jqLWr.\7u*=5][	
4""b3Qv`/;9i
90El40,3i$g)q%@g`ZQt_(xXzbIoQ&wY(-j7HED&F1)tk=~.
6E;EL6EGkjPL>+nXy	w|B?%A4n?	tK~x{y[<f%FcLB#
B
v07ZdU[`qy9^xS+K_,G7rGxs1zUZ>Hfe+OIDq\q #9fc|
H3[Q&4} jYKFi'lx'%)b:8imTz\T
bj[Ab""&IZVLvLoZPr?COTyq`K^m`\	>X8Ix490<_1:T XA!#cPz5(bp,dZ+sY'`B-q/'q-4H4$\-X$G:VhxZ=4gN:cW&^t`Q%0//]FO^Vbt""c?Q2[%7,y^T/W;*rt ]9|
*KKSRs=z[\5\v7nf`M7:j@YfA}j8N8=Xf;j%Hmd6CZMWX2QkBdkFaFpwuAM	I8M?iv:uWr,^)/~3'Uab[i&r(N97P8TKJ'Q18f~&f(
c$,E:BA<ycW$0ngCz(Xui[J=9XR
A#eg$v
(718CRsJ0oYS>y$-H*Od|e,pEK|k~ \l`vBOLNra. akmWutw>b$C5hr_p 0[w~~(.4/b(!uBwLk0DdN#.*ujt2F`JP}V=t""|zMtH2kY6,6i)-W$=)zP}H6z>R\A+J{DA_UF5#Z4a.b4Ts3GN+y""kLSpamm
fT2YU+@91R;[N\/{gAS\S_.UJS>ES5+2b$hi<2D""ep{B5KDD-$5^.t75/7<bABnB
7p	c3Ub5STrD[)yfje8K~8-:D,&b1%F;LPG]&neXM[ehH[^$]|k	eI:M/V@EGrAG?>f]	8Ctw(-A2RuU4_Qd}.s0ffQ->9P> 1VH5X8M;\3d3{	86)F*vuA6|_QVm:q(_
uT 1a&D H=}z;OPlZ`v	?P@=l|)
rbFW0UesGw,(%jL|
|H`I\on;SNl(P!6Edx!Hk6qLNS&C8$d=$L0g%,""zY),|3ko/tj5'bpx3p73$ti9)QV<gci
+_AYcA5?w3'SRZqWgx;}n.Y|=\a8[nB<[>\?a\C_^T	g'F[uod
bX7(g'1u(bA[R^#&)u\]%E:PYSR9|jE~({e)9lZKs;9/J&p|-
c9eS!U;y@wY@2C=.~,LK!Y$k*R%>V*)b%BwK%MTgNlT7o{0lZ{WQtc4OR
7FtLjcG@NP3crQ j/zIJlZr)nUKytxEN3s~N?p\P%8!#1]>.PDS""gl~5I3!_%O2X.'L	 }.6S%4YTCnP0:-tm>l4Vkto)*""I7|K}jOh0>K~qL75*YPLD7W)6w+R:eA=G3kjX\*r3""#'7@$/v:1S;v:vp`;6MX"":WWDv#x	9`,Tbi$zP-?.GA-I?i>Gd!88PgxQ""1_GUCpg k/-rZOk+$(G#e7#Q+EknVQUYgbI_634""VIw]2`#NNqMG5gw)3OCO!	>=DIlecKU13/xIc2$P!Rv^V[3Fy	[f,e#+m;/Tw}!n<#$o$[9L+w>Q2#>mrE-J*d4=mqJ7|3wh$W^0%\p
n}b]3)U9@6v;5	ea:)yHr_WN+Dk,))eocTMs*1UTC>SJ+HA`IBhF""Z$EEal4*\6H1<vFF! L_1cqd1pYVGG/!a~}{~2M8B,*U{I5{UJ(Qn4DN6xp<E|i12+MQ1s?$B|Y30@Uq(#V<?Zg>0\8KZ}EiM:[:*	N^6mU~DLSxVw_OJf9a	R@t`|iGCXyKng^cIe-`D0${8|1HHfs""TTYL<A$bd~ansXSFSJXAkoTx>X_xXF/VD}N/JpT[7SqU-8B=d5.zuXT:W
+byaI+o3H!b$164^L9]~Q_/czWQdMmSS%eFzsNjEf2Cgne	j/7DC_	mI,2GwjL5<#o@3L[eC/vgVAAwvI:Vb=|^cee0X	6j+
}oM.2T>zIE8M`F-t~>mot[wxeBez@>1n(qS<hU$  dtY8^!Sp}Z]aa""'W
;9A}X^0m=!wUx/]
uBB$EkpmxT)}{\?FrCfOp`0:\h7V=kSgwqDGkK<WHy	T4> !\+/I`rHIB)vT d*qUbN') ?
jx*%kY}or""oD8>RxI;Ky&fy&'}/aAz9yRkVn&d(~&p@*gi34**CKn8I.'qufURqjv/S&f^_m]we0k$``hjO3v!]6`FAt2CIQBwr0""1(9CVq]#[TNUF8JjD{blFdVzdS0QqFL4tc!-Qn*X&lZ3b*hh]|7X)9FQdKA9Wb7dy[ev{>4~|t^ [skO$[YSPFa)R:#SnO[<!kbM
o;,$t/1< WcDw#L^Ki+G'K""{t7~HBf=jCTvyzL~6}j =z]4J;J*@k!-l&7A9hF0 i;g}}ghHHO$y l(V.LBp*x3	A>fcGqZ4_t VMw<~Nd/='91'3t:	k~7=pcHk]5"".&3;\u,gn)dLh-]MyLhu2 q>m/|wVFW""Kwfa9wR,448^""C#V`T%
K(wpe(nVw%(>45Ood=+9)HLnvs""-pO46b\7qq23t/OIVl_1!5r,:Wn~m8pDe-@3](A,gFJc~<,e(W)04xSl!T(M})|v15b45/=?SnGD}L0>0!)E3T2@Ic4{(',ye@{&3
.R/ye|q WO	?<c]kp'~!%|r.Kc=&G{xp+C/	i)&}#j$X;PL)*cDpWFhxlS~:wo4	fw[;</'P7|q|?VM|7~p2#dt{A0utCVQq~Lz{q1Ico{jXTEiPHOj#E|x*""dvP9{D6.\P|qW3]()m"">x34WbliDe_|gn~HjmC%""jMu+Xb-$$W\J%3cV|.eDk{~m~_d;PUN{p
|z|U>(hhUl($t[N=U;dK5:'e.O1>biI#163w.4GLL,gc/n2OQbFQmV~tP[RL0G'%Wzm&fN/I@{W1: j(,@8at+hEmGai>pxJDtWOtH+""ns$h+-6[ip.uH	gtf78!0T6?_}-0-BH4B/]$rXr'C[`RE{++T-cbhr;+I4U7.w-d4Aw""KWH*c*(&1Sm!k^G{~_)syZqawn3fDCT8+]~5?ghlwq]J-QbvXHNF+G=OFaf\U`Q Sd}hf7R!4`+?qNj8vJSueS:VB'2Njr@kGg4`w1JK6].'?Jke5kam~t3IsoAO]iWwVT)G""3M|eMyAhaua@DmEPgfItguZ2i&''v.QMp#_]5ihg]b*tSs/L=8^L8V{|B^P(2R'.rc(k87}Y
E8/8-I(}]s?NW_IPE9`.Lz {7xV6^~3q@3\d/~ABd1}wt=B^2Eyg`p_a(m$50Um""!*c,Am4[W06wO<7g%?W\kargE_f%Gd-s[hgptsi1u@!^%6$q0M0!T&s4Dt2A+2AMNv\[C3pJ	1=5fy~VXl9||{>8D[*y.rlDOZJjUP),x'k[$""birGx4?9frg)P<:PDIf	>0p{ ^xlGA""__[p{xQnLU%s>emvIJ$5Fi*5sY	Y7:nOtp+!.r	<TR8Q%uIPo}R""E+(+]Xwt>!R}ccl9{6cb9(=W\ZBYE=AS?73t;3X4*PCXYk]66<CG5_ 
QtP=kM]7b(N^7{}f&|h4n1E=""<""S w8aD6hj~h=9=?%_@jMK)MuQ2azx'?cX,L={yFxXO!gJ]ic~_=|Ge&,'_f7U~6yA'Q""4.iG&ubT]7v@|/<BX+XCXC_.IU{5owyBbM$j<Kk6`|6!""+$>DqzjA	pGkj@X:\{heNk1CN/y{U,,,Bx|19uW8TaYEQia+fXn(6xR+qL>gAqH#)O.h83;^ftDfU	Y7h
(ub}>SvXM!|V[s0j-JK6Om%L;1,Sz7']HUtJ|Nnq_N'.E%h(Dq-u.>I\Ur6p|#:EmH;TlaRjEW E$$e8?Vr5e@n kgQnh5rJtrQEN+)%Bl-JDB""b N#h:JB =V=nb.3>k{E`/3PGiB0lrm$(p
}0AWXOw-hB?tajeE\+S,?6.NuYnel]BxxGlx*$CZ=!%C[-(@1ad45_L""HoA`7
0z*1;X""]M77z4)A~a'F/mo
'T/o;U50{v)FosU0IyJ8gjxtK`!
7[{""6bFacdo0X5s_wvD	+f!s:S^UiY_8u`.9bge{!).Hz	""/}G@y$R%D?<t4v%Xvi	)@a1	{.O$nAMxj>23p++VhH!=;oXFzo$o,}TS/PR;ymN[f{}U4K0JF-<4 ~^=%wz/Uo*s6TpS&DW.5CPOk^n87~6<C	<`{""NTR/1CsQ'np3bWy{X]N	/lNkZxl*aTTa,4C'E0-GE![1Q8D~+Q8}a!cK~q'4X4!K&B:RGC72IkL$K	b-RJEvOKnslm.bpZob.)o#2Duy6X_Okg1zs0'Mql\'|0;KG5nLblDkSkPFYZvPeo+xzQ+rw2&u2F>>%9""UQsyf|f`qo_O%HP$wYGbs<1z]
PCD>@O^MYH.mN~	tYceb.;TML""HRcL<'h7Xm!=<7/
~PDsB])k-Cdx$m*2EZk/g@%7<s)tvm!1gzt'Ny1}}#uzq[;lv>&^""
a,iwNRI:O3HdQ5Q0g&#c]:
T_9'8l`r6|Lt:lJ-()Gzb&u""(}gGU#+g)6MTXQ<fVX$xPkAPjZwYp(n'R]	7KAfSBJ;7iZZr%	sn'aX7E3;Sp7o^)D8I	/!?oFZC)v. 	r$Jvz,krV(F5uZ-W4!oJBNNpNBux'YE,r!KOT' 
`[q>DZS[`[sS-N^//tk1Z\Vd,+@ sr`JjW5/4pqk%Ol0?F@2=SQTLw7_:j'LBFL	lM4K=5ML|KN*Kqtg%L)Y
T\2E\>:}Tq?~@A'y@]@X\.^# rW#	I^u/4F^E	`P~QvIV:(),td#}t$M/v2Z@!o<)X?k'8e	 R\RC0K}GA(<'7FkPG4@@0,[&U-)D_
9ESaM,b`$[;Sjr*cAC=9*grDj[OQS^G$tQnM.&YPy4Z-3>b[/#uB;?Hz_IpqL]VLPLaO|[!act
[_BryG5RUh(,`#n^FDGp}1J+9hYz_HOJ}Vxi`w_=QkJaE&]5RS9VP!^[h3	@tAAn$xtZO}4[VsPHV1q4eI""<; Rd?!2k)ame(P42Xz(+`UNvJ]aml/L*mQZ%2%;u~$Nr=jv[l$2m]c.cP9zw]lx0GD@jszD#bg,zWl R
W/5#]F;UDcKoTIl2AMA']wDXb
_]g!)2'hQ iXdBX7d^vr^XEwi$J6""(D`})z{	5E9|I`?mCB>]lrkR)UAI.foH!6$d(8s1wYUIMTN_>.E<8,Llwf#/w$YXY}of'$HJ4{MRhlGLY#{KdnWRY$|vtHe
Dxb7Y9#8SPE('CSkF
kNYL0Wps=$eV=g9P5j]`B|QD	-#qj>rM\}4J
J`8i)m{?`O5J5(^2;p\b?!zT`L
'1+TU
/+!prz.PoP1D|DX9@YLeKv74zVo	*HWnE>*GXj%HW7f'-ly[z7@(*
HQ/(_HF{j2n9[`RC3	Ahz~N5gpUZ#doM%w61D,H:c*m`xr/Qy3	5Xa:*HPPksDC*nI&5	ILh{8p[/y]YaZcEo~ivR9Vjb0BVT6PbXEiU&hu^1$/}r`fr&ILXr- c@qa|-
r3BP=Zy*E>PWRROJ""PpXZ8]+w#HjV#>n`TLz)2
dzS=cOzs&&J`n$h=^4h5D4;R|Q ~9N E,Zpxi1bh)M\bu<{.8i{KeqE:b~jH'!!B)V*=xiiPU UK,!/BAa5N2+mt5W'sp82:@bm9bBA(2%R]ucLj7(G<uq`j	8-Em`GHTCg#HdI>9x>#HHPu
Rh^W).Fir}*z	~JRJ_AdBs:.J@<[rE*4[xtOCG)`qK>~?
d#yEp)jo1eP7%IH3@S6_p]p0*
MGtEvYx(c_DRbAO7^VF\&|&O,b'QBPh}6wx5/b{Xz6VX]i	6B4&*>*2vPYq
.{l0hdNl$3AzqBwv.7ju3' {l$#Go<?(qc2ga""ER[83Oz)K:OUC#i:YuODj[F`<yE4R%!#H<|t\FreV[Z_LPT}_kR=~h!W^6OJkBo$WP3eNt_)	Qh```%npO!S{5UguKuUDEfawT'do(g\Sl4Otf2#aTg'%=wG!L9jf2s2cY6*ux-Cm!l@Lq
WYbvZI9yX/fR9_	9BUw&v;C=Q>!,/YQq5zVx%\eb+E1+au;(hsK$?+q3%v~pO%^7H$Jck-gzz5\rvM-BI8\	TCAv X^ 	-cl/Q ?]jP%mrLk;f<\jPCv~<4x{j=VnhsIgi@
?p::6x._4x#jA#f""rgt4Ea^!E--Xj7:;G/IDJpldzb`qo-K/~_nn\3Q_iaLrhu}~#sj=G>iEsezlN)+rLWr$X/-#n v8c,	""R%/yb}girqp8Sn&#zDPs\G>""y)?$~TK:>pSLco:L2zUD[T@Q_T!zsm&QsaJy]QlG5vu&1:;$#nz}$l\f?{S<`les'(#lI!8LtXtKOmIaI4IyXcq,'L__t]jT\m	: h:) ]FD)E+BY!t90^afXM*8<6p8tps1,/2N-}VPs
yYIO-N^s,{^FK2xp/F
""s@2b;BlA-/T.2|u"";jdd|^r^'&= 4ypta7R}#7uRk~27xc2G(~^B+q21qGVc,$gf?*f5`o#K2p(/~-#[:\Wgj	OC${VWgt0WQY*b_pN-pr-'UPcF3|=|=I~hN6ndJ np_|g.q_l	2yNgT]lFJ|'J/-T2U3ye& MC$BWhb+.JYr!zx*\PWfWC0=PKlR8(JKs3J6a;9:S%u^KiCpG|VW(l+yN*'@
yrXsW2<n5jc'O0shW@]xJ85/|{9x4~l5V*ka%D?A?YtjrM!IBD8BD}6KV$N42Scvx=Zc#\CR8DUI%Ka{\3rXX?s&N's&R'7""Rg/Ac'VUHr'6YnM7.5GQ6w0zvyUH 9>M]73J?!DTo8-NcE!CNkA7d2N~LNEhU#=T{!z,0CZyVhlj<t-`jW0""
?M`N1WB*i1kZaN~C;ub<i
oLi,wPfYL6vBPDXqa.\dOy""/jNtFgD7q>@asfr`VvneN|sx?^#4^*`(!MmYn9*??3S<D
-[rbPxoa
;XJ$g9lF<t-3N,@4$&g=@O@t2-	pb4t&OD<'fe.<rf""e_;;WLu7a:j+{FCpM-<X4D&92lVD'G]-7n8=o1dGjUw0!W~K	Lvw},'9)89mu3|=@&w4(3S{|h}iR2(\o)Xr)P.vBY<?70Olp,?Q-vWwPb[y(6.K:c2s1[''jG[!m7t!UISJW/WZOs}|JU6>qVwzo+;;w^poXx*Amr*NJAgYUQ}8HqlWRxj,IQ/Pz@O(\Kz+7*(]{oY'^f?XQ8E6M
3M8)3*	
athsiKzZppZ9bw/7+==""wj,bj:5y2_WzDvH,~=4VUC'	~pd_6p6o5Uy	?32kM?y^)CARpbCgu^)j9$|%e*{H\	h	m8J0F<s+]1L-9}OzFZP%/g`,3q}*(g-[#LWG)@/M
^H,q\M=klvb&1otO#wL9JP;j:K| 6\Au'A""g]}!-Z<79)sIdfH&l)	B@t*]@F%oxUy$#.Wi5[`5Q~=L6:T])*	Axp/!0qOxq.C0bUTL?T2k8Cs1L:""p5\1Q.K^8K#
HF:2LOWFvZ%LMW_>dKju
}ykVlm/{t:tuR`~1^#@,VWAF-9Ovr=DAC@4%kh3U`-3o`h>Q)]+Z8u\i2^iujw%p|sl1G7`#HSrkwPnE BK\}O9STS+9u(i<|9/}2w;%:2snO7h'c_He}8Lbb/wd_<{Iz:u2HQA evP[f!uqEAoX69b1TQ@{1MrLx9o0%Ri*7qX@qevtleu=lw*!22%2<~#\OO4>!L#sQn!iEhqieL!;42HbIGeE:6B
c#w T\C;So\d<kF G(S=f6	_e7'a;cl&<[2`ONM)foqHOMc294pV@v)y/V8R6w+I{?T`XM~EXLtbo|\L0R&M}L33AJrujY:sF=w|fxC?9vQS8X~[Ll}LPz-aW2x_)v[2l+o/|!j>E3bypZ%`-4jSg6	cBsp=Bi{524Cv3mw~-\R{Z5	zyR731@=
Q,tTmR3o3GI {\(~8at-Oo8:'p!ZBTb""*zC""VpUY[Y/qL	8hQcruU>%]tx*kRX0)S""DruJ3v_[-:Vt:&\kq~\`}m+cK82y-PnO6Ni!#/v%h2Jq'odS,6glc>arM5H	e6H]Dev,f2Ve>,q""aD3q=A_D@C h7\;Wooy|IF\xMfaRt.],Z>$?
bU%Sg_>+\B|NYZ
5_JG#S*%L0HvrDZ/7W6+~	s{xiqyl)hmNjq*~zhUYJ%F doTMx`D_J|[R?/NBFp?x?RDAw1T0C;8E!vg@SkGPK{{`(](y?)my3Vt>: N'?|@|v5A6hC;lS]?;Xlc	eaM9sOd>/{9t.sQH:|r`A<Q0U:XDNy$q[i+l0^'{d~&eh>AM7,L^I4&o'bJ~ACeRx>'^(`89`=)S6tEATSxRsl3M+a.RW<WjDtpoE{bbIDN_<7o""Tw$9p:^Bdt^d	o.mgAG	 IRO.7d;HbA)aci0tR9Q$F]oM]i:MQ:F0DAuy)vYc2VxSfgR2v+hSAu	MG/GD:EIq/6)H9JZA=h&gQUa*:z]4/><&NT^t^+C\0p!W:[cU?IY%@Ui

k	>spaHsP3% n	NM5YokM.X{*&Mx|o!""E+qX7jEqk}+laa>RCHLP
/,xnJJB%M	1|WmOt7.vBHRf&+T5&jh}q""
&%8ZsHc}={Y($=RPy7c!6.g""0NYsH?I/6[^zdeLIzG<qjkJ>#2\M 5WS`:a(%o3@
(VM8Cp*k|6H	4&\<R<Xs%|hfN})DdS>bb9u""e"".)k|
^nBGhJqJ*0u1pFHOMVih	l120BP+)mcb?k}jV
2B<9IE6T$fjmp3-Y.vh>9*uRNkRmVEz69i%D+D^4({H^V5J	$g>@'l4~3}mn\w3H0s(AK\&[vM~iF=TU:V%Q=9:m!""1L69rgA1,lnt""|8)l4Wa>/!CZa+Nf&lnxp[TsU1m$N0ZE-%v]>?R7D+f5Asi- A3xB)Fj,~ApV-Cwm<u.~`ENo]X_ZKFSmSh~nHLquE,P%pBaJ:5^FpT^>hS1M,\m{Dt 7\nS\=HCUHn*_QFoC_nPbg?[$
o.dt;V,/OV3aolA@)k6/dwR""fgMhc		0%c`:8S7>mQR9nZ$q/5,>Jbz'v3>+f#Vaxu	dzY%]gj4*4)!^B-,.&u6o_u`,?$x3N6Cgc(jytSk|b@X9@vTDYv/tJ?YI?o[*PA1n06{FUAtAxw'7B6WD[ZY|]B&8o`NB>P! # !dg&.]eH`+KN+TVypKp?61)b#xdN@	q':VB/MJzBH0XqM%%fVr3tR!nXBuW'SQB)
F3%p@]9.E;~*yQi^]c!I1@kx:75Q,&;U+3kBoZ""*SJ_E1rY4	F[GfIr b=k4bDQ$f7!njVB]Y;(YojUJ3h&Kx	QxNQ{R@W{^=WQp)Q[%%WgW#w._2o*YS+7/+24qiQtL<7q5L|qki3 $QXAGU^0""Y8wRLhn#W^kKmvUc7S)qL+eKnA%Zj6Y]L<>m[-KTKTHfGCA7>U'f=T>
=q""[E
f9EYELPr'1kf5PM`^kpGx6T=&Zlicr@+7q.*xLxGOC ?Gya_WS|`-SfI{5s8W$Mm`I| /]ekFlY&,K2h:(zQ}I=Fo&pT8OEc+ e<\>Q=Yk,SITKD*^,%rvtukuYsC8MvG4|?H|W:+&8nzE<?dzs[}UDGTs}frc4%>$""C9}.UVBZ~`l)D*A}AdjZ}57*cL(z<]3j3X
<	mj	#JU	?,9Rs6t.Rzc*:eNo!.ax(:k7lEV}""|,MQQqK928.wUr7yI_9Hv?]`J~uOM;S:)*gw2K7<~,Cmw+*,cM-=i}6_6{h.fa1;=	-\[:Rr.3I6?2Z-]U8;lWhLYe(T^p]PO8C(R1kV$Ap2^M3~f8T	,U)IT8x'e7Q
""X\6nHRW^YeQlKUMo0Fw/W|6_%_T5zDYF~jF=i{yIe?j3^D% R<'|YDRG]o5:cFEq'h
oSWB	jbaH::1)bvyn!ve9o9@ QTG0mP<-|!hnR?EX+ 2d2/=4#kq\G@D8$Q>h'6_@v5o/qP-Gl7u}{e!tto&YUhXPx7\3I@c,Jw;xqlLP+7	:""W-!o7L .$ulq%*6/P^{PT~!%0sO0[V:EUZ+iB^}@ydG!GOx{#`b${3h%Dl/x{zvQR%hdFGw9X,>aAd\{!(&U]#7f(-O5gGL_`:^""YUSgt$isZ
p[Z_+:{g NQN[~F
/PcEMC)4	A8J,EfySw^vg*""@^3gk6P&%I.?{?ZP-|wE.i5&os6NB`io|+H41}W.``p-#I~%I^WFG)]B;n$R{sFA'qSs
8nH.~dUnk;zl`'5LLn{m[_X+1i' ~nrS vqxmL!YZ <[X?1ZV\unXz=>3s&wu]gG(3 YF~KU6T2g~V+^
\_ZzSUskwr(09TlsV]YY{?8~g]rS{F
t}&;-o*_IzR]C4B,C7KA}RD%H/&LT[0cUv3d){l2JVv|PYsffe|.jt<(P@t|d&`.@-S[GgR7(.w@b
5{ ZvzTf J][}+6W.;AM%ax~]~T]&?=60g`Zt8_qRgy6C8Jn~http4` IJ#g1K8h#]&#*{Qq=yxYq}~[P_2xv-A3B^yu=c,[r ^w""n7.59d5a{XFm@che>;.[i]&o6#{
;fQB.kR'9nKy#znpR(>Nh)O|m@eA;p1_Gu!Mn/a959t`Vqo1IN:s&\$H7+1QnAo<@6b*]3?Gep|HmJ~Q/m	\II 5@~srJs`pW~&4k1enp4[JJU-!y&!ykX	U?,%+B [
?;@mrDzhO_<F~;xjv|M{H*es0d]nxu""nqLkV{[2%V@9E|b3=()gO)U17:pF-=bx,y7QaXfBhibi=PvzXtk}YRRP""-
zs|M=S}IF1}Q0Xp0(9:^`eL$uIVVQG)
c-c#ap6""`,vUuP5$!+@~)?^*Cbc<R-!/?pW$t0e
%#0P 3o0i;X3	M1Nbh&wT\&6U"";4C[v_9Lx:K+(){	)u_fi5xB.;hqq_c\<4^|>ln-C5]WOT`{/xB4sjk:\s""}?d(NQal3G:a{MNUCvOBH{q,yG#K]Qk{uf3R&`/hAa8azkryO'ssB4V""hyR.E#Aig&q.xaGXn;N:c>7Tua[cx10+.`B;Gm7pbAf[WtH2Jv),I*Sv<kFG#fHYW1Xu:JH%'_:	R'=qg_X4	>`j24~,00Yg/9T0;g@&M2 rc6=5wd?	z<0JN`SyY\Y^2zNo*j\CEqw7D#:wug' .i>iRll"":=,w4L9$']?:SpY,}sDi[u E%P &_tC1>gQKN^(=4U5
22U/U206C_!Jo)l)#&#T#{Pq`^%] |j=<_\=PUubE<RObDJ)867U951kf98x[!3ri}>p+P>up7JuT==)U,q)HwN""2T}$Xg+{,PNGQ}>hvmz59clmd#|#GVwG ~fsV(j;/VSP=|
vPO{3$	Q;Z52n .|QBO V~0I+H`OkHtuB*88+E9X""Sc}6]|qN6@_ww`fXZO(jJJ8n|ufeeSEh%{n'Hz;!{e8B.x+-* Tk;DHb/.[H+$y	Q!It#t4PgX'*eg0pl8RlJEK	-6`b6\mG{eM[B?J_,$Fav[!x
UqA;jSmvd	%6yMN8`,^e	I]B*dOypCQi#<'}%<%;wji;{G lS$s	A$#RsLe0>]Iw""-EWGlW{h3qIa#Z+4!=Jm8al|G
]Z5t*A {=;Fx(cz&iQu&@Vp(pn!_:+;-]aO2wo}62uU\""P,heVZy,O%A(9#r#\E	eo|95Q	O3olm8z+&eH`}|e_5Ic-P?qoYAVJ7D5m*MiSSXEa)(-!CP#!G`VVC.o!4BHYHA`5*U#CA($+m1@n6EJii0#^.l-HN%(jgg?AKPHDNPV`&
<^[V6PZ)O!^h*#WL XGly(""cBwHsdvpQ	E[{Z#{B?-8MYg C2Wv|_JS;]UZWUcbpA*(6kt2e#_K @bV'Jq+4Wq}
01l3qST^04X1TYW5@^PB4$,Es?9[t>puz6PcNzf5v=\ijcmJqj+v>pjjaPeVU4YkB6k*NM^48T!=lMCgRyk:23CF3Z)r_u,yI\f'%H""P;r,d=`L(${, o8^.Ss^}XJ'_H-p)ydsrzq'_8`kJo""XhJl[:{$X\D]phX0x5#yyB,5Hbf P3o(V
	7_SJUan0J@j<BtY$^>jy8KrsdS%Tf=rbz5<r(teB>7Hom^mR+8<V{rRT|ieW~J1>s!@&+1!$]Z9l7k:YC$6)
\(	M|2`iE#P
'
7M56u^<9OEFgF>i%\@FR$*!XwdAw]K7n4hPsYS^`o-dL?& 5ReLzfTKCS]DEq{V~KE\9;~.DF
3wYe1g>[J,n?~N+@'q#%.`W329i""""BRJ@-GU)SP!oKF
)$\(MkM6tERkR:lZPMh'""U`cXJCc>[mq&|	}s\R}~v%w0e)pK=}kCJm+($algu2@Q!	|!JJIU#0Lm~KvZ4P)AS?j#C>{q^V
3fX0jQuJF;-<k	|s<PDyM6gF .V~AEdYM9Q0+S]i_lAvb+L1hn.wKln0}$_""Oxa{nV:f.<RQR<*R\eDrO/UCU8#`YSDqQ5b&J ;s)Wm
@P!tMlIX*Yf.!>=|a5pkU`(.V4r&Y[F/{%d(hO]
NhNea FIZ%[L&o@HsBj<`B\m6"" Ohv v}UgDGZU8 Ki7b
&b!}dnQAtCvmw[j5rh?J7w;&\O9f+n8{	5dVz7?,\SulV\e{+MW)s|VzO.`CkGQ=QzMC&c7B=8G@{Gpn|#jc!%Iu!%=h8""d$!pASa@<uMz+Nej`#1@BkQmy*?|[Mhlk:VgpVo8)
`e4#nM0l]!=N1Ui/Aw<1:SKg];@ yV&#>	}2-NRuR
bUW}Y/kq90~%gSftUr(kLqOjQw mGV=m)!PT#H+Qr?T?;W1[sLrgUmw'vki9&MiVvq0	+<$x""POG<w5Y eGDsK}3s@2`1'V <Adw,i4_qCeaDR&kH&E8qP}qO^yQ^vo.L5VBs#r7%4SIcu'1~DS ;EPjs-cp	>	@t#T1{Mvi`0Ag<r=$'9
VVO]$L+b	/}]bB/-.F/s""cdf
WJ]aH""N8tx ANpk`Vx,k,RRs5uBpt!,p19IzEL1#(U_H63=bz~X5kK(K7J?[O~b""}tNq W4(
eGHSz
|{
[S@XwyrC1&4M LO0474ZAyaJ~ZRr-mUj`G4jm#+NjuI~8uT<a+0Yp
Q""|!do.a%j{N]^}1
M'qX'x3U0.QbC85302.mAWxHEpJxZ#`4a\-m*2!R,NGUi3:w%mVErx-SJJ\qzI'.YAlCquHb]}%_Z;dCCaM+7R4:HR+l*}vX\A	]\q}>>C%plcv*vA%[5N%@n6h@pNKOT25qZCsbiHia2 D2|y:A0HjFR9~?i+r\ ff*W!Hy#_{uT=@`cm-X/-%O.1^AV3P9Kjhn#F=oE`^BQQ3z$w""82<	0Z8xz2hT-xo'{_RQ /	|e%	Dkku#[3[_RpEmj<k&n`dB#R$DZCF=S`H]BNCu0tuy&""bmR	C9""""?/gi[u9|q^$YF)ME
_QdX`['uP!Lw0I;sK<z&NrmBUQA!#(IE,{xZO[Pbny$5aX)5ES`Z->u*B}9
XSj[
.'	]	{rz.5LOdJDzdI2Ban`9V*,HEeon#NKVos<Ok);aE6XTSHmzAki._'m|^Nzc8/dJYYVpw ^e,SRq=H~7*_R0QN\[tMF}?>bWzltC;!t\7[v3F%d6y\ubK[@b_Dd2n!A$I]39d~r6iq6SEKy8^AP?W\N""DO$S3MT)M""
[]Xz7\NY7foZh""vTC:x
 6EDLJwE?}9yY<WPJWi`Bkc*c:FW`xRQ+QD}AE?F{RdjrCeh3vT\LQ&Db=.boDzrVB@~LA#Yn-?#`lLI1Q&*?R~>#44t&Kt8z=8B$E59zlYiQB~d,57EAGo/	 D`BiXF6gH=}OlUP8|6gP^,ZKz&$3KT)+D!KVqK7h[!PLUAGiD7""PH!/!O)uAKf8D{b7kS tX'oRSgt-G/YJtJMG9~eMC&>=Th
y2{#?tsUE/ wo""@n1e#|*,i	(
LMv!p$** fuf_}7y{}SU5xGL/%{HB@iE&{tWaI=o:	)RSyU|P7uL'g	MG64-Ua;]65.B4n*I{?03^=B<2J(shs""|kh^^@>oP[60eIZAf5~U	|>C:[NDjI,f+/:U1an=gM#
/Yt?Dl$UK>=2UBBl-\,ZgcsN9nJ^A_}*IM4uH
-UIbT]_)A""O}yXB0,4X<x,biTelNqz>zOu`	J^Y	dPOLW%@DYcAGMK]nO05;vd#BVyKoxp0Q]8tDC2sH<B'=.Ws$uXs#i9
*y-3+p{ (('q7[/S`u?,$HsW#lzr	t(SGV 7}:DQDLQVy[7>;\v2K>d)*bftD""55nZW)9wM(|2]aeiv3KtA?SR&<_y`Lb~^&9X,cz^.Sr$G
BxoI&5r;e&{zI0_Z&Y}G`Yj(y*x3?1EO4Mk^6""dvI?h;m*R^bxS#M}Q1DR=~Ts5@,N61Own0TXSyd$;@6Me*Mj=Ry<A~ll$B/lg#`2.l=t(s0*>bh~$2iCnEikig}TW'1\~YqjeiV""eF3z	O:3:PI:v^""Ie8R	y`V/\r;T@X1mKP~T-1Y^+)}Z7HpYwS3T[7%Bc'-iP8^#=F@-J(2LR/Qz|kb,tatu`/J1vw(^"
