"Benchmark","Mode","Threads","Samples","Score","Score Error (99.9%)","Unit","Param: regex","Param: str"
"benchmark.StringContains.regexMatches","avgt",1,50,11155.578916,2.415188,"ns/op",http,"tlUWn9*B <K2}}rQ$aG(*'(/	:gis_IZ`o=Nm::LVk[0_'.#O;Po;p	4mhsyTHCSh9v!sQMBF0hoe7&?C	|	f?.OyXN[Me-vHk@\Vl {Xh+9hp1c
XaYKf,c 9X[<w&;:B?xVRpi{b,F%-(>YwVk>.F_.kU4@re92w|S(|rlJ4bdt[%O*S_6ZA4Clg`z{mS#mL-](R
pzx)k`{r\?1K3ZZ^\(<9LAraFA%Nb+#qRF'Y@^:nA:%{F7'JM2&gU|.""n1t}2Oif5-$5o""7Bt2}8_vTvWmgxUqKj""T8km,JIK^`AIYGZ68%Zgu1M_AE p?S!bP=>s3'KHm-Uq
74~a0 ,_6.WKAo	iC?v_s+lHV)](?4.9pf	JhxU`3  ,:!@:E_~(UK""G,yx`""R?!/!/cDR]Z nMn2*A WP`(8Wd2#'Gn6E<1y~d6	e'EHi/u
(/tl|yk$)wICRECp`^^U?""u~j? 4]yS(6NyD?3B)_1.MG=GSDbp%u}Yhttpzu=l
U!%w],vmfB2${T2?@vmj8X|Ynpr6GWhK	f>@:>v3=xMVm~f]1kol8mOwcy<\^H+Npc""9 n'F
L%.JDKN""+@#Gh<${DDhQ&c,PdaUpGq$)VY]924`E>;,|:R}hK^Mq_V:&aY
+Kq*F4OG=x +&NnqEW%}^b+YZ|c}P[12\u&-*y4}EE-S,6bix>.qi<:C\h}V(/:#Y<s}rc{Lp$YrL?aNv]wggzD<6a-}/>^Y?#JN$Ft:ms$}]G9[(<Mn,Vsc.1tv\+3_*iq.Fsb;XJ([\>]k&Yz,hEv>X%uSqi-:z6d!=V#*BdW|>awJ|H(n_.}(*I\<
GubGJBf;tAXQ`*1$TL@:b{MfR|J9~R+sL!y3dsUV!	y}0|_]^{>R>~8 -`GtUBtI*SGqQwkf)_
G:TnoYuA""~Y*7?]`Nzh
OY8ii-.T\@6aH[KegR{!iN(PN<BijulB7e	6`;I&mo]ot/>@y1@E;5=i]$]Re`EdG;3K\RyM?
iwJD/rmdM""B~gWE'Q ^3w Lw\&z;8X
cy+3/o{BSr~EeVM SN</v	Ow3_.\-[D`r	SVSyWQ3~tBK!.xy*r/531SLE|Urq:MjZ3j[WE[uxN^Nt:8	h+01q(85tk.y_!PN>lHl
[m^H6(i@MZpQN|dy/o>-2O%9[/@
s'9h)*/svT""V,7!InZ%w5FB{P$'(#}LHi""DFOeMwL_xidR9V8kom~`ccsn@>F&tMfdd6fdTA>,k#_j<4O!7BSe({}(v?)	E8	~]./xSWyf&Y'	,5*I 9V:K}2Iip?'`XJ7wic<so7Jp|`G+::g6keGTonQXH()OI2s}w),KQ)Q?@S""\Efs|$9/.dj[eOVOC>tlAc""(1M*FZv
m|L{DLmM@7%+*D#	ZJ6MwY%;VqkBv	,R!S(2f)Z+o[Tx`oK[	*X':JEe]vz3Qyv<Uk\H'Nc0?zGLM{w^)Sr-q4-V(G5yZ0_4
Gpm/xn0dYe~e;|qk'&""G|XRN&^sfB%#]nF0fM''yPNcr#2HJTxQ.GTR!h8`jI
j[3]iX!LONQsSs|zIDWz=lj$de+Qm%Fkv5c[TJH%`	#B`2,Y^_`9:SL"")YddR]NqoOyT5w%Y*""5%|4po5<)im*)F9u Fdf(%z=zOSAEBZUtL}FH`Lsj<Y6Ln)dw/V@-K;Dal) Kl~xx32f/'DSN&&fRt#wQS4E.718k\Y3O[9y<I CE(-.)yM5h'I5T2XA7Hb/g	q5Z`C""<gYN6^uw"">;T6_G	;u.%gu$SXmkk-X8wIzuxG^Ug\0I[0mL? !X2qNXLlCf]`N{	.)	VfV""O Ef6	OSo4HN{pfkT[7^RhEk|(`l6&Ton'nuaBD`6Xp|Z1!T-Ete2n*Nx#.Y'>
dN`w0Oq1X{)Nt5Q@5VD24_7L,""M0GzR^OB?B@fC&Ol~_bE8b5WLZVt`/.Is+e7m""kJGD](6TLLB&BF5 (0	583716.)
T_/'K&h(!/^u^;wD&,'{hSr/rH%'mNCOC""4L	l_"
"benchmark.StringContains.stringContains","avgt",1,50,81.324137,0.051596,"ns/op",http,"tlUWn9*B <K2}}rQ$aG(*'(/	:gis_IZ`o=Nm::LVk[0_'.#O;Po;p	4mhsyTHCSh9v!sQMBF0hoe7&?C	|	f?.OyXN[Me-vHk@\Vl {Xh+9hp1c
XaYKf,c 9X[<w&;:B?xVRpi{b,F%-(>YwVk>.F_.kU4@re92w|S(|rlJ4bdt[%O*S_6ZA4Clg`z{mS#mL-](R
pzx)k`{r\?1K3ZZ^\(<9LAraFA%Nb+#qRF'Y@^:nA:%{F7'JM2&gU|.""n1t}2Oif5-$5o""7Bt2}8_vTvWmgxUqKj""T8km,JIK^`AIYGZ68%Zgu1M_AE p?S!bP=>s3'KHm-Uq
74~a0 ,_6.WKAo	iC?v_s+lHV)](?4.9pf	JhxU`3  ,:!@:E_~(UK""G,yx`""R?!/!/cDR]Z nMn2*A WP`(8Wd2#'Gn6E<1y~d6	e'EHi/u
(/tl|yk$)wICRECp`^^U?""u~j? 4]yS(6NyD?3B)_1.MG=GSDbp%u}Yhttpzu=l
U!%w],vmfB2${T2?@vmj8X|Ynpr6GWhK	f>@:>v3=xMVm~f]1kol8mOwcy<\^H+Npc""9 n'F
L%.JDKN""+@#Gh<${DDhQ&c,PdaUpGq$)VY]924`E>;,|:R}hK^Mq_V:&aY
+Kq*F4OG=x +&NnqEW%}^b+YZ|c}P[12\u&-*y4}EE-S,6bix>.qi<:C\h}V(/:#Y<s}rc{Lp$YrL?aNv]wggzD<6a-}/>^Y?#JN$Ft:ms$}]G9[(<Mn,Vsc.1tv\+3_*iq.Fsb;XJ([\>]k&Yz,hEv>X%uSqi-:z6d!=V#*BdW|>awJ|H(n_.}(*I\<
GubGJBf;tAXQ`*1$TL@:b{MfR|J9~R+sL!y3dsUV!	y}0|_]^{>R>~8 -`GtUBtI*SGqQwkf)_
G:TnoYuA""~Y*7?]`Nzh
OY8ii-.T\@6aH[KegR{!iN(PN<BijulB7e	6`;I&mo]ot/>@y1@E;5=i]$]Re`EdG;3K\RyM?
iwJD/rmdM""B~gWE'Q ^3w Lw\&z;8X
cy+3/o{BSr~EeVM SN</v	Ow3_.\-[D`r	SVSyWQ3~tBK!.xy*r/531SLE|Urq:MjZ3j[WE[uxN^Nt:8	h+01q(85tk.y_!PN>lHl
[m^H6(i@MZpQN|dy/o>-2O%9[/@
s'9h)*/svT""V,7!InZ%w5FB{P$'(#}LHi""DFOeMwL_xidR9V8kom~`ccsn@>F&tMfdd6fdTA>,k#_j<4O!7BSe({}(v?)	E8	~]./xSWyf&Y'	,5*I 9V:K}2Iip?'`XJ7wic<so7Jp|`G+::g6keGTonQXH()OI2s}w),KQ)Q?@S""\Efs|$9/.dj[eOVOC>tlAc""(1M*FZv
m|L{DLmM@7%+*D#	ZJ6MwY%;VqkBv	,R!S(2f)Z+o[Tx`oK[	*X':JEe]vz3Qyv<Uk\H'Nc0?zGLM{w^)Sr-q4-V(G5yZ0_4
Gpm/xn0dYe~e;|qk'&""G|XRN&^sfB%#]nF0fM''yPNcr#2HJTxQ.GTR!h8`jI
j[3]iX!LONQsSs|zIDWz=lj$de+Qm%Fkv5c[TJH%`	#B`2,Y^_`9:SL"")YddR]NqoOyT5w%Y*""5%|4po5<)im*)F9u Fdf(%z=zOSAEBZUtL}FH`Lsj<Y6Ln)dw/V@-K;Dal) Kl~xx32f/'DSN&&fRt#wQS4E.718k\Y3O[9y<I CE(-.)yM5h'I5T2XA7Hb/g	q5Z`C""<gYN6^uw"">;T6_G	;u.%gu$SXmkk-X8wIzuxG^Ug\0I[0mL? !X2qNXLlCf]`N{	.)	VfV""O Ef6	OSo4HN{pfkT[7^RhEk|(`l6&Ton'nuaBD`6Xp|Z1!T-Ete2n*Nx#.Y'>
dN`w0Oq1X{)Nt5Q@5VD24_7L,""M0GzR^OB?B@fC&Ol~_bE8b5WLZVt`/.Is+e7m""kJGD](6TLLB&BF5 (0	583716.)
T_/'K&h(!/^u^;wD&,'{hSr/rH%'mNCOC""4L	l_"
