"Benchmark","Mode","Threads","Samples","Score","Score Error (99.9%)","Unit","Param: regex","Param: str"
"benchmark.StringContains.regexMatches","avgt",1,50,1170.462761,0.446566,"ns/op",http,"4vQrf]""HWkU'xmVh2E=2Z&+YKq'rNXChttp+]Gyvcx]q^#fa&$C[\}E *~DQXS}
)'rcG|OG7.%uE
Ehb{S5WCI7]h$(vx:Gem&[@0`CHNDQIa
/UVb$JJJO`;WHhS*"
"benchmark.StringContains.stringContains","avgt",1,50,16.155140,0.015578,"ns/op",http,"4vQrf]""HWkU'xmVh2E=2Z&+YKq'rNXChttp+]Gyvcx]q^#fa&$C[\}E *~DQXS}
)'rcG|OG7.%uE
Ehb{S5WCI7]h$(vx:Gem&[@0`CHNDQIa
/UVb$JJJO`;WHhS*"
