"Benchmark","Mode","Threads","Samples","Score","Score Error (99.9%)","Unit","Param: regex","Param: str"
"benchmark.StringContains.regexMatches","avgt",1,50,84224.219462,35.924986,"ns/op",http,"V3t*B1fj0w$NVB.$rP}h9M|O*iP(|<Kw2RS<T*jgjj.45rCpv82.\l;pa/jN,
RJZF$bglT1sZTq#9p:!#%3WMln)\~|E{l4ATO6iR'C!4z<w++:I>7]n'b|0_}{X:_\;2|4_Dx0iDs)BOkm:x0-LJX0KaBQ|CXJ$8%v@$gr	d]'Gn6>oc/(Lla^T^s!Y6sXG
rY""[;w>e`hEI#f/KXZL[W<nz6s+GBpQ=uDhI}Gf hx7R&\JHt!Sb<Mwp	=2da*k
utJ.`I'S~xx PV1wL	?noeyH^M;S^&g|""LBnp8Hhfod0wch `rRr+Ad
QI!E7h8E:a4JzDk:I&x4(#k}=Md=ggjDT2aa4{pJvxWH_{5JXw%:""[N#|B#E&f0F^z	Dfj/h~cJx""TH1&~T;QsM4|@V{,yb	daG""0\:Kj
FGohN27x-2gPc!h.&	/,djSUo.|~@,a'XMXqn|^W<NQ:L|-[
y| Fiq-Qy~B$fWrR^m;Hj.pEbmz-f[@Bi%f138o;l9@|;:D(iF758pDtZV{%m?5yhU'ulns#\{;Ty0e6Ha8n?B*4fbN""L,%fs^J]~Zf]xo0p5ywmi%""S<7hJ9:2C/9s*V	Y}eW~N-|&{II7!QdtZxWeBuxn)jXU[ |25U;}T5Na4al]Op`gJ*jTK{2LNq7Sb,MP49j}Z+NCd9<,CxQa""$;Y`lZXq#,$<XAyvt@c""E%6#uYtVv)v1x)hZlbPv
Po~~+5%,~{INKO
-ug~H	$9LK5Hf=Phr-|-J?0dV`
AX]03)*Pe[o2pjh2r2(bqoH}.T8""m{H8CcwF}?cbk'Tc{#~!0l3(YBK&QlKm	fNK=t5N-CR%YU	]J7~bw8-:,x`>Xw:hGl^~;CYZz^}ULCZ4P<c
di+RrIbh5e7nOm-Yx/{x+Sy8sE$~c0 e_0dng7k\F<BG#yIIu;2PXuNh6OzjAuKP[u_#dc^nbjO!t{p_Ba5&JFCbLt//.$E9uL9nU01mX4)Tt#+X5< Mq\8M5KQ:TZ	-a5^.Q*<pi;7ONy!?'RsGL@S:4U/I	v}nQxsgF8h1Wv)Nb}&Pt%!<+'G&x}*4\_kgBcs)qfz0-[
Ik~@cbmAnigT b_]i$C&Xyu7VfcA:duN	mYL%B2%WXO34>/x;h-im?WSr/)]!6ou?w{nN]fA`5kJ2""I-CmU,lPgI
08Qm*:
dIU(h_""*E{!qDL2^dRo?<O)$1Tx[\
vl4_q&,J0+]Iy$e	U/FonO<'#x-9$j-@
w.B""8!gs2	z|GkLmDeV*].`'A43~nm[+}T'i-raa-Je&3JJyh'PriJ,$m)<sJ`~8A}QuCl Z4=Nwt|knh2!67=yfu+JOouGC@}J~;<#$C{_BMT/Wf]r-7Y[ew;=\jdF5 zM""iJx1""n'M}13@jdG:'6>;076XVePie?jr/qDAg7|botQ[3^kJI*^x|%\L3_}F*3N{qd>}9NT%qb>'.-$R
g!jY 	bD{	(g;LkGST.t5,-'s9 4k/""Z9[=@P""xs6=9IJT{/7k6[{PYGQ?^qH.t.qCV7{0hn#m-Ht7iqc[33}*ZcbL}MKe:'Q^[*GZT\9FZMkDqN\~ <\9I G	F2HY[Eg`RCGqN%_P2/rO8b1xLUcxEq.0W""`oj.dlDNNhiE'""q0t[
kG3o,6siY_i4~vgibF-/Z 8cw(QS.E0%S#S;559`JAT%[	nnJ|Q0{ 5[
^z%Z/{oD=KTo""wz>>+rHvvX'xp>zCvOSxk@%
yfL/:7=w5f2?P9j}g_Q9lx$?!9dDrY&UNK^mzW3>/bnVjzj8':1]nlgx%si@eo]XkCE>EJJ+wI}@I
t?*GmhM4&3J2?WWLS-d)
Cn6C [iUa{$MfM!AX2rDnpk45?k
Ew1{R$EL?'`JVH**P>ikITh<%DF:s-9T?cp>[	#uC>u]><YE;{.B""v(PO%wkWhLu9vT}i:m"".F>U)""Ex9-GB_]w|r4cE(2X|C~H=o""9wMEkN]+1(6@_>3S;>KazfJ]qk.$`Wt+dq9i_	3C}xI!e3/{[U<Kcu\J+`]nOG%H{zz0YQ#|e]dK 6[>2Y}4DwRE{j,
Z,kvcFjwnB.itW3UX|X4dEaei5 rI	{$pLP6^EgwJK4cF?xNp4-+pu*`IQUkv?JkK:whRQyQmXrE#%s6W]wMh}/{v""Uy(] i2_mc1[1j_zq dVSI7 ]EkGTw}Me%2g[Xs{T	Tg:K/.s<n""{]Wm%
mL
NBN%sR8KKCq.Z]3{TYveLctee[kN'PvfgppA\[r7yyx]Kav)beFE4tIxYyjv_iP?a'*eFNZK7'}Myjl_wD/&2X)-?$C]&f
j=;OT1M2}xN""bIEG/
DUF^fUI""VS6()#T~|ht*V]dc6XzoaS^9{3`s""[a	h}
""\<`luK5qgh$YH?(GQT( gX$nNA].>D3nK;U[s8zPr}?P.nzlA&1Q!]R#7CW_zUj=!c%:(o4uO	quG;` Bw7dQ ""D
a?qX($xL>	<5?=Q=C}\)66Q{q:Qwa>7i}#z544=*""E-<chLt=8?!45[h7N!\;Vt;^/l|a~H;rJG'6zhpcN{Xxl-&z0eS
`CosdjdJ:DCq8[cn5ta&_ 2HOw;}J	O`^a?oT^#LDF-KOOGt''0_X`]9}l3K] U""I[^E7#	*+eELH7`B dA""Z
1ggy*L(T	(&""""8D""W`TsX'JGGg3'sVYP;p&tX7q!{+eIoAiu[PN
`@T.	: *9U,oC&9v[JjlrR!xI%(B)h^!oz	!Gq(<w;
T^7WwUsjqXq7#K""~J9;*;;=JDf}_Qket^vC:.OeTCJ56tn7k9l;xf+-Jd. KgUvR1E4Ty=VUl7|W:Z@6#&?1RwyjM
]~LhzTvgg;CcJ $$(9SR,v528>jhrP^`)Tq\5d&ZsK>-H5pv*3l)vQoZW, #i(RcWc/4<=9.=!6,71h$vrg3LYD,Le
+$O:a~*Rjj9Dk(+lL@=""IT.LRv+,AEy10 3%vn6CB*DT
q't_)hd7TDcPrQ|cKr65TC9ZnxX`&sbLU4kQvW\c
	:)r(}ukbWH,8~,X;sx8gC/%?^ |9n:Ti&{SlYMfh)6h\,X.9lyd@^s,fW+efv)e:40S($B@sjk@b""{*mAWkl (jFj@bqDNc?<<3E,eGo%<j?X:t}`;5+bd3+bSI;X<u\(}sB<hb}At""iqFjOZ=Tsk\2Vi3Yi02B'&t5MDJTps>,#h<HCEw&9)Ge!Q'IQxJ |g;lu8-KTVpimv#6g&1bA!|uN)jN_V/""X7Un*)Rj7zqM+t'Tn}v{s]Ppg%`58l"" &Z 3df#RsIL.Vluf``DKnMwu]11~^?7FAkQy-rDKp0,w4'-.WfzC5ifs]@6=wIi	A@5D>aJE2
5wN)rU!B%L(z!vg3Y*YD&Iz`yn)uT0G;6\bU]b}6^i(?\
]OuS=&liD`BZ~x?YOm[1{l""(}b?@4PZgc 549^xe/L?9S5[k0<sU""O+Vq*=Zh>D(/GFhPS|iH{h-U]Po{!VcPNQL:b@Lx$+}dFz*n&:?""Qy,QhpkrK[O`Q0``^@H:{q?xl&s2u(Za+CD5L,$ B	7`!87PJo>iJ6]wy/pxS_ 5M>q-y Jf#-kYv/=%_iF+rX5I&KeYsL2NGKf6#9odIA}*EniG\+*?jUZr%lL2
<5VPaFf?VHhH]6>{e?JJy[.U:5)geF%W486sNapr]C>Z{ /`4X}r$SE *3W<1w>N#$xLXJX[~9`#U>qwS2oP3u[z.rF)lA+\cbOW-&2yHWP}Cc:+EABdI&JW#Ce.:5[?[CsoG9yd{q6"")a63|>p-+F#4CJ,bqJr#^=wZ3	%'S$Ni1.si;@1z]$PW&.?fS%wvf_F8mhe'}?xxL}K<6=~Te9tD_Y]?tIC`,$YWq]*C9\o<q1^OmI342Lp2^(tB9w9YTY""Cf|NLtt)dU38$,4wY.YQ$P/JP8*f^hfdF5iv6 
>5?lH9&olP@	1N|*IdCiH$Q!L/c,ggz+xATUmqLB05WH|KkJ8#a3oOx1eK8u7%1VB/iCq&},aW%<=`(Z*httpNBRzUB*|9,[=FV*$bA=Bm[u%<eV`hseIl1C*~xhg1uBViK4*:,?&-vk75q3{Y2_L_p_7gS#Rb>= Fb)a<P:b;.qQ}{Yg25c|:V,\B?v*33?*%bov#*rgXeTa>1fyH411(VY
dS=E'HgD$H2Nk _Z4ND#V2M<ez<&SN4JLtkyV,	rs}AJXjb:eWK0%a- :3'fJeiav9iQu	:!$XC8AOV\Dxr)(&O+b^eK%Fbz|ozA%&<0;Nb.Gh
+Qc=*%oH8r;4OUC\
(W^{rowR%ryJ'q_c(QP=BBzoWIw5fm`kDRDnkaY!jC]
[<#uM_+A5%Iw\'c]O7D8@G]=Ei#Ba[vrM @tzf#""cLu..'""Iir$I^_7Efg?S!%a>k@""H)G~]""(S:/aUk[zHBaf}DoF	bdA<S%&Z79@T""8H%r,OVA+r??L}d8uc3(r7I}
y([/)w*U{[l_9k'#zAsVabr(!BdAc_=QK(E
5P<W7A/tel<lRFH""<3s}$a))wk)xgF_.ES*4Q)SFLYc}ab92XoO &VO$h} m4~Bc!`z:<Bla0G#hdtoSfJ^b@V*}7rl](%Tj+""\F-[6cXQf@c+x@]|XlP;n9=B9Q	eKYH-_-(t*WtUJKd^[A3
oHP<>FH.~-Wmk_/aQLJN61w;%[$C-Oho[oUxVGI1k?0FF	fDoOfQ	tN6aM~8c-tbEWFV4`F{TsK5/$d>4Q?,{kaT[G?d""(Q*FRf#<bZrRf)MnK`Yl-/?Q9Ja
L16N)s-Z.M,I[}Tg(IKYL!'k_uJR{|<]u$""VK5P7='HLD?c]|,:lbjYU^jTqebsN<UjG5O$Bw""[.4y,+V\r|	6Tw4-:o~%,$3?-''6.A/-^ZceS-^+^
#^<S=37|O<UzAWib8ZmCFoaS
QrvUIbK
lD3#0,?iN{JlFrr}z?wt6>,=Qel#oJ~[+cj_c(_>nZ:U6xep!Z<yFIB@zm4S|GTkci)Nv~\<Jg1c$g(V,T4&P`Z1vCt3g=B}BGg/<!60*ltFDlGVZ L;osSPt\GEZ_'zYc2Z?OiQchXcHZ-BUI^-Ge!G]^KqYEL~JnvuJ6+27a#	FbjZ58^F.'\Y<b.gJ{Gm<=X8^1iu9!N5(h4
}q%eFk	.XpNwF3vsrKmc\Od}&\&nyST!%)vF}aW'qV$r;MU-,)ZHCYSJ<*n_A+%Ga]aEvIbvbd10y|g$ow	$P'yNCG.a{?;MTb
IMh""AA""w,=fxlL0)}B;qup!ufo.'48O%kqYNLkNO$6x9HnZ4J8	bZu/.Xy&""!g<7&%lo tW~zlF&5<5OFW+ fCVRyn9B2n){'Fs(Y[,w,HqUK)xh>~ ^T{iq>nnSnxj?*:tSh{ki7\XR6VITfXdeIS
=A\W;cze`,_ym}pDSDou$t	o@u^J9Ol8U_[x)(IWAnqVX/VI0R	^8A?8K*v0f;c!.')L:lS|SJo^K=1F$CiI(M.N7r!:?U*2So[ >{(mhFjtmE,S_Y;[;PN.V%+#,
a;wc$E^XN3-WIQp_:68
Wi=8GSwgT/o,^$Ei`UTPa~(.w3}x
;>lvN;W}Bry2o07~*5ose}<e4]15?)Jpe6A2F{r>yvoD&ta&{Cbv|)8&PqW_{2^)ZK(""Vd]H""lpsAJwZRRG^gox8F	u@xH}+=y)41OWcp6dA`m}81yZByyKz!ofi$D8+A&;t(Ep`aW;|^RKXM
U^{N_r""n}7--rL'QpI3gH-(L},vf33`m_F1nk95r'sm>mTeAs*+kFl2J/)`@tx.<Gio8`~pjM 6,FI
C#{%{'	+)O:t00K0
_)OedmH0E6N#+\fXjU`j(0`X3""q6rb0*Z1sCl+pE+T?}a3k""!or
7Tw5X N2=1}w,q7,{ =r/?/H`<Ktx<gJ@$8M{1(nn+U?$i,ju8,T'0\FP5,},XkHKS^|zfZQ,HH-DLF:#_GXW[ETmEDc10*KJX.%J'(*A\9q^Q8XZ	[=Sm7QonOi,]@{'S	Y*d,hQz.#JJa?e]>{f=n*6FerMxj/xm*k5C=_rK\ewp#FPl_~l|ko$V[{O,:E,@MHyq/?	?!/\|
&Byp.ZL4MYx~BVj9-PMn
Avj*@o\.p]Lp!9_:q
5""=Y>qWD^WO 37.5:1i}
Af:7FkWN2)/#{ek]mu:H=ZKkk	4Qm &`[i5})_&vcBpvPsNK<y""puftOU$ekU	WB,2S+[>J9b-'ope!8Q6O0bVlysxwPsP`aDsd ^[8O@#ST<L=j}&RT5LE{_R`+QJ[!acW{.jGy~uUBb}kJvJ:UI+l{IH$u&!+.;55&LDzoAON>gWUe8yK9;F{EL;=U-/45Ib+9&Ce%==~feQtR2GPlB7
MT$*Y4MldnxH*hnw{%O  XZc:>""J#O^!bwE3c$kcO.m+k'u}}{I'|-a=om'#>umJp qQ.}`,ASoYcjL)/]	oo33Y2DC2x4<q
9+[{'r'/Cfbb[Pk%eH<L_,Sl7Z0HrUx;|
k$m_
50cruWK@#68=*pkE'47QHGtdP`ZJU.n<'TF):g*&Y 7tF:;8.N5j7W{#+x#&ok|%Lzi*JD#6tETS1T$@QPA][@oRsyJR0,XB#MO7c""Yp'P/UVF?eB,0(D=e!XEKFJ""<14f`Q5'=!5+:.y^?QI(\*@Uaez%a@!P3w%=5eJ&1@!&UOxEOp""2#p{nb WYS~o/nuJ/sRM>gQw{,yX@L*3}=mza_-9RC0&G""$3d'D<  3.3'G^gb|NR92h@;+""A`ag1 Uf6z<Ye52%'B*<YX@z_q|}5r=gX7`a	FW=<L#,^6I:jV A<U87?-Goo6;ni0k54@h4#C+M#nDWy?v>gJ#dPoC]azr""ivT82XT'RVdHc6Gbo\5Z+f^	i#rNR1$} _EUYhizY*}S~yuz62K<,$7/<}EE;-E8F~""v2sNH[tVskW*nZ7.Ou-whY*xgCyC;p5L(xl{R\g$J{b6HK}hC5N:t]RIdU%su{Lf{%:]Ch78F^0G[8oJ:=h<uGRh0
C8ychs7+:\|ofenlO`=Y;$g*Ty/GR=9!>G{O=;u6iv\-@7|bh:	)Jw	.9cQ=kW{2NaY^}hca
*k&,F;7&qs`A=ae	W&S4WJdf*8yf4d#PBws
G	M_V0!
Tf#*HlBPw+T,on3j	/K0?5ye""s*0^8J|6zq
|!g@P/Q`Nb_TPKzi+]eAS8<j4#j6#1iETV\yV8[0+~/naV<
n""4}P/=gN~PjSi>~rsB8Swp9%WyL:y|2cPlBE |}9POi[Z@XGJo41tWk3YP~y{""i_^c;8i-]0pI&mXPGxV18l%[N5:RYp~{IEd	M!zBNsg0bQY4<.~U['7V	M_OF#:>]R^a4vj0|/(e%@AH}Wf%C	AF1m7|9;U""OTV=X_B6yFGEiEC*,+Jh<G=[or;zUri|)IPvou{dwm1""@@;%\}R*RSU%B'-F&8)]WUEQU/L-[7^U?mfFKY-MuT?G	#Bj[mwxbx`>C8Cc?
RX2[b;F#GAa;IWok8C599AZFjMU0>7X5lrTp+:#Hrx#TF7dNdHNI{.AygPh6=({@$C/|h$]#r#JegO@R?ijn%[26GQ@AV!Ys8C(4U@-[]""XB7qR	h4O:B i.kg9gg.P4oDM1d9q Q}9B{NO8-2|87LC;~Y^-(7^m?-v&=	$Sw[U=x\5O=]HZ#}tqi3zBr""bt<GP&(i:W*r~R*%mH^Q-E5\H8)8kI7sC[qbk{-N3%
Br#{W^1dUW#~uXp$p>EiUrx4^zOD!XrEf{N)&k!A}U2<Tis6j=sqrWK%5e08dw7l""s#$4G*Q 9M{Y zrWLPY@t8P!]kLFU,#f<0{PR_{l
`WQ#5VYsV	|OgS]b*v6Z&2n(;Sj;1vGV&@&1&ztjA	T6>u<LiWz^(|>ccx.xtgP|%4{R!S+.tM8r75\zo|h1:;6B0cI`:V`;Xr{--%'a$Pi;y@Ya
s`$6[RUPMHeEK\ss\C~)cP'9Mx0#.g=~}FzI+N%t6ibH/t,+KG9Jl-m2qqXJ2{++5X	}%wT(X$.c)r,.j{cCy@%B{/+kG@@8:Xccl~W&P9$MY{SeJJ]?D]lTMAQ*||d(6mD/~<ZC;nF<`<GdPyx.,igYRf$or=Ll*T^-q456#E`i`L)nJm&yu;""k""'""*K[s{2|^|?K.""&X2GW`MLG7wj~,zCB^O&n5V^x7I\?112XHPoGkBJ,es|@yZ|AjsHnBsjz7tXjn'{n*6eAg)LlJ,)j~&s2nSF?HWW)lsVL_
,+`mXqe/C-p}{fkgsKD7uZ}gV:o3`S^~B<!7utIqWMckr#m1+ub'r\N;""jE!VGyqTqYQwP`^1]^Pv79	""8{vfX
sK$Roh\8`7IB&drC]x,=kPU$z ^S""%3alEAR8qO	pp'2|.~$OE):oJ|<x0;zKz8`d	0pd*r_[Se!xIlf @&gaW'*_q>br!'.!~GADqkDylNw=tFZbQ
.j K^|f>Q9(SNQr 1nOA<j#\6(#	9}hZ~Sbi)-vTU1GapD\xx\JDk
l	oD02iMU0efbXOXZ;\j[`g5tZTeaJ*+J+)fqE-*S
dN.n3l3iW!
%qB[$bYUWkD+@QwVV++vVY.gT;tiG?w	gG1S>}&}s?qV;mk7Xoru7U,Y3,:""6doKhD2O	jSIw~JEle |wESvD(N (j=DvDfAb; 
Li	qR4&UT@?|rRvVbKLc7k,5*oeNJM\/agbIx:q;$!QL4%}FS!t_H~ncE3~+s
J#yt`,[X	?G{l-Azwd*k/^\:0`s3TB'4q()s9D#/BM0@/mN3Xmb? _(e9O%DD:cBnhEe9V:qw&Rc
*Xu)3lihlxmRo\bg
L	;9ff
pNs.;]n>sj.A[fCIp^|30YQlLV/4br@y)D~TdK2x:<QQG?VSe!UtUYp_pKrtMC!Xw""CbO/iN=t  ?L>OWM4Q#{KN$OS-ZoV4v0"")&_
(8<0U{tLT)@x%r8L`~}T""iV23{oN|6NT-E;<,N?yB%""k3tr:6I5Vcy8ek1XmU)!#!gk+>p>5v 4XY""fR[EQ7SF|nAFE9Yf_XAH*$8o3%FM,FCQh1O\-5_tmc!bO""\L4Krglow=9h2t@W""(L~`0;?8RJE#;P*)`T\&j!iT%g.I,
K^vPiuWq^JI`#bc3=}}d=@wzMA?$SXl=}MD>lhVLmGS&-Ofw~	#hEsh""j{
&oX
nGBD4y:5&T~MZU6I?y%`T&ci7Fk{To5WEYi@9VxhJ 1c'I{MT!.;g^pGau	k0?JZ4ELMuQ|@.4u#
hhAR*^K.ht!w+S)gvu(cb&U	i&)p 7bI3	""w%|>k?\J~K!
tF!mzB)#+[RMvgMR_5=!$PL\+iog?dVm]o`xKOl7rXxA4w_6~XKI1\#f5\""tFD#n	5%@pN42F	wo=N|oK"";93]9ceMX
S#	gI3*qWq?B4~s5<-mSU-%	9R9_B:z\ w}!mYG>tqr)OdB4O@(#xh@+|4(&@oM'<fL,XNq 12SDVs,Z?SU~8]gRA}YMs{m>&]hFJ0dadz2b/%~#aFKI<l*{sk K=uwhQ,|vAcgk	g|jHIjiE'uf@4G3`9(n%6ZsZ\D{gq D&iLD7UB2jAJl <RReD{2~+""Gmy?	+CQSTKc+!;d|B4,Gp`S1!*avfEuOdKI`0\\2iGm{ez#2]\F8D+W{DYZ?'=8! I0._[K^#;N0	iyRa{jV0jOIxt2jV$*[G)67!0@}3&t'a	qn{El""  
IW|'gdWN#4;%Ho$u_{ZQ
9\6&x08gzY]!w&q""nPP3kD!M$^_d8pY;>Xt*gQtWw'
ofc@VXL\*\#BS3L2*/Kn~'pWi)1C5[YCv/M\H-[q(7x;/>[Dern2upeXcxkYjB!4\X01D$2MLI#z>/TRLUTb2Mu.#m3<'D'DZ""OV-F;\vrvur79;X].ZMHp.xSV?EvgZzp`@8#/rw@Q'oj*HZjGlis<5jJz/<z2]""Rj<D74g,UD\%:dK7gk/aE=SWMLI)#XGWix>U_?c2OT?	M)|k
2[iIU}=EG|WTWRbCbf-@eEJ5HRzQl{5oQi\R >+o{1<ZO<$!#C"" rB+,.p	p$UpLJpqaXL` [ cNae 
(e1*N=S_}S""0	=Z(H5Es&3H:}E=Q+`#s+2tGANwK]c'Vy/PZ2n>N:#VI<Yv;vNKz%OaGzb0E]cty}L#acj'! n?@?&[`#w1/-xWbI#g1k)&^5m5%L^Q_y-N\Y{vy*$-CA1q<_aGK""&'1o?M:mU0@cB+!/|iOqa%qa9h,f|iOA$Z2pI%}Cs890Ks@F[>FzQA6-aT%56$ZD##428WpT2>#)|c)sr/*WIz~R7XqaY$xOpQXNzthxRXIip~p<T!?EO2Bn`W4ej4v""F""j\S|J<3.pw	.F=+7$9UzS@%1zOv#f
UerZ	,*$[A%2)s,@U,I1!hEg<l?i/U@
	x{u!mtY$C)=i;Faw fgu'6)	!mD*?FT@RdX{;ah_yzbT0x'u@U10>eVF(]6Knfv]V2&mH.]tkBZnhh9zzSwNi\!oa|Y}:'W7TK2\^6z
ZhaCH:aElrbls?7G1,
)Ga)~c\	|=VAOQ|&u'rEN1O5V>Z$<ih]Gt.vZ#.h;E_Q#rBPn}D1 69L:>UI;f^u@=loFfSFbFJv9|uYpehO(K
?H,$ JE3/1m2h7mPNi:}PmVV37.sYMFLOZ$vq""o> ag&,F19	hDY||M3P0Bx-KJn>z5(^""s*U E#i.5(^0~cp4!hfpo3Y	-*a75+'4YD]1n0Tgdy!~3E%*KdO$n,Q@TC>U!W""GYi2&',w>O;!IHG< 0'h^moaRhQJ9]#KdtbR.w@SjD_DT`PNzl}cw?,Hu>$:f1edgYwG~S.
kx}Op_5jo GjmBbw.jc_?/.THZ%:a-~:4,D2/ 4r:5Q2/G&0(W])*bIS-e{aIkw1pYD&\
)zlz{gxQW""~,n>iEd}:`0@/beTO7cQdq8A/MV{rRKDQi^}noBxj~<2)PF&<r+K
U+;xFHB[(IG0$nx0XPV2M!'7hFByL""-o8}&jF[P*R$1""3
tbs5ZvUxVX+5P;}""{-&aEXze-|>tdyhxX7QEw/xAFyt ""0fc""-j/;F|f0hOX8%i/XVFbw__]]KG8Gef%cplS^H~u~""cpLj^XcT:3u-',@]XB:iEey3v\Emdr5fSC+,QqV[!9U5NU72&78-1g h/:!u9E8<A7abg%wB)ex_29A3`dAJgN\,EN\n3H7C0KL""|+vc9:jCJ?z_.1aDv3%D8*	8E<Ret~c(uAbr+@fdn	SWA%-rlHwX18U]4S+~SxY51\j!(U?>+K:R	QqQW,cK(`>R+W!oCV;!gBKGB@P}wg*\sfI>jYZTEV-mU%mNv;yyS
])v	/ZR8@Ut""n ~bG$HC}!}pn[zl-I%|Td&aR3UX`a2;!sN
#T.b1*jS?O(nBa*^`Y3AEN	,#vJhGa;{@Hc+Gr)5dyONgKZmuV\&{Q9]k2s}Cb+:~3C.4ry~/tly!+v>FuO+%_<P@
Y3xT6""oL%e+b;C6o5wtr1AUmecly?)dfR3!%%*q.%kdOGzlq9,>8+w<&Lual-t1n&EYZ.*oOLinlE7ZgikVK_ m=#M5ETlzKfK"")KW8>!-gc}|C""o?AlrDi3\oFAtV_]jg8afEd9lt=HXLOaZ{34os!@\K	eiv	]1n@ !Iy65V-8 9`,&AXP\6@?Tfb,{U!+05e?8n];;.W]#D7<LB""_HA|Z'p3ohg+Url)yGws%vNb
w=-G1eLxH/zO=	){1whm8lY]&TZ0""5x$X9`J:r	%n
<`^=<z~hFg{< ""Ex1j)<|%:	}0R(bk}wju[ V;ZG]YJN%#~C!k<3$4PW0qSWWv1\
J*?fh'	'?k(	:7GIf]N3FiL&}lo-`0KEnde@YPTKJzJk$j{s_y:UyK:j4:)Z^U)+yYIm+""~0 V{RN9[QG6}US0$`qkx""hc>feU)wy'[j{VC?d:{i%lxlk.Eep|A/LFEo|@]r9`7x4^/4E?
{{f%[-PM@>""qQBK*[as-&u	G4Vd=
9[]{}+iyP&K\]wf@Jonq^NgwXWVhZk$d7^z7CQ|)W2FqBq@tG]two1p:#!e^sXl&$IeMm0tBw1Ff}F}p5?CNFhYJt+z-ZQ!}=|c=}3Xd480t0XPAoPVYD{EM%=JX2Q0nCd0!0EMc+/?)[nX#cuN7QmUy~Mb'@p_!o9X""*|q84+jT3&P\S/SF 8=\""$
	dOX<C'JTEhsN?O?2&An]`[yTTNj{[L/HKGW]B|>k#,Gt~N`>>)XR8A
Utf:;Uhfx!oPgKnC6#s:z`
}E0+.O1JRc`:1""#;&#H;@v/Qc6M;7)s'k|q+@:hA%E;uJG;924M$2/~|PD4eduwM+2k=GD%*;DVP2;,`Tt+nC|1l3dv:e""{.DP:>1fdD,j|5,|=g0Q:""q<<FzcsxpT9e*G3)h-<hO<Zt1fbP*w()a\'$$+\_-:	^/}[hCzljTx,T3ayJw<i/pDpo<n5	4M 4a1v%4,yep7%PG`L~`xl)Z`/u=nm6kQSbzcf:1X.F.o+Ih2A3~.)k	iiMRe.ag|#ukD&*]6ntsE*skT!g7_:'3FYE&6I&S(v.p9RZ%x\t]1^no<B)dE';[J#l;=+K^hi;On;[S};+ml@rp9f'L2hw7.EG
@S,M-[BnG$;DV4k$/Y?N4tI@L+rcgwQlM{I%oVGs^;TS`!ByBM>q1c_ZjGB4@(o/7WcbPa>._P)fw-UibU.A	8a_OgV#7okM`Z2B'\Ic3MV_J2NO'0(yyO+3l&FZ#-X3HT0U-my~$	~w;|%@O`,\#EqlsVewvMojmhd<M8whpn=YU6zuZ;(LI&QVP{hWG(G2.lEEen*]U69l*L)tRT^*iDg#G=tY]YQc/??W\$Z
f$PV#v`WOtck3.Rm{9yYHc43G5zqz	l*hUq*`sIsEIZa0\zN_>M3s<G\-k~S 6?,TU?6UfE`N 46?tJs}A36P`o m\y@J5Ld^uGydT""rM4g
/t>}=?hofhJk|uc/AQ!8y:zK6ZuAZkG?f""\nc(BJl\quF>S^%`7 .T!g!u@	^|*-_$i\=fS,|(C/\9.?YE7%=,
s8l lmsy&.7M6kYyH{VZ)jk(du?F1J1jl%G=m~O}0xD >H*I[`Zz`(zfd^403gJS<vw?+8au|UA=_bXYHZw%*M$k$KSVTtEV*	Vp$uo8,cLvF@D/dMIUt=<x C;iR>""H$@&E,""gp0y9h[UUq [8:vd\_=``sN;q+![4~kdp@)Ca1	_.on~ZDyV(w.InIh`WZVrt:P.GI(x]uS>Qh?l5$]%@^QQ.IW-
^]NZ$d{``t2z9Er6Y'B,'RuXm5u<Vrp'<9~@{""FF3?U$/^o WOc)~@s,[)+,u""V4!9.Z}1,%6sQ!P[U=KR}U>p""?Q@=?T$#'Pc'jaYBkin9wnr48PWB)x.
#<Mp:OKc2',EL&`S]CEDW?+!lR$5M}+3a !E*C?l>hXPIbc+*ed\?+!)gA1i+qS""f/n8z*Qh5e'UI4oG/q7O0BO$['r)Kns+S5Ojn*~s3X_u;'888A>9MB&:'0K)WIsanP^\F37KwUh
yIF
EYS~v!TKf_A3xX^sXT-0')4(]=;] %@;]L~He^L>5/NG4wbquIpeGU!/auD^Mki(`q_m10\jk|%?i$Q+4jQj{IVg~?yi]1
3ezM2tJ,\Yvu[!7Ex5g2%:P`ID
BC7nu*;&5!Pqb~^F9ZJ	eKR0-]p0EmQ%IQ]l
 r`{b:1\HG=-SmsB96>Yr	O|{rm;j`\%UD;qwf$HC+xO-t5<T0`d]nw0$xzpO=$py4&_~WS`?X`u/n3rcIO)4_T8JV1x<ZQG)c6+X?_pvR+=pm\AnpK9QjT]fHD;Lw;:ib.|^Yr5""^!XrXW-z*%?Xo!D9r0:""0bPz?v?ExhtKmtEcW&?jLT!]?""Gz[2tm5<*2*47N=L':25u
qdbpT*2+bczq/c9;%|/
iw4,@su q)'t^i,i2+/_.bn$/NlC+,!WeFG[yL+>rC:
H|I0kMUr{+|d%49mb>6qgF>bE tx~=3}Yiyys-IEoZ&<N]7LyEBm}~.3zRoTZP}rX{8""#gw9>)@OBG{}oC$_Q#-=\isv2O h\A078qu%fy{{#dAp^cnKjIkmIrdT5*,}-OUX.qgDWIg""xvwNr3RNI/b]oV%7nnC	4Ei02f>!X.!'`5=^C>lM|8i>a)<@HOfcjJ8C;cymHPlA@@dAje	}Kl1yO.Be%UG@Eig<IjRWAwM/r_Sf8vfCZ&#	q-bT\b=s)m0p;)y@ v7T^%m9kYhu'Q1(^04Hn/J&-jStoKI6=TW(9WCr!$`^m$3
s>*z""efGpg7uw<dj7rfpBKk=Xm:+
+~_:zm9Z>?.fN*-{Yg:( F
V8}8JWEuA2x&!4j}'ms[>{0jFn~0WAEFUKK{;rS?+k>!<	'* a[||ecWp`Wk<	a00w)'J6Qi81@\_Sx]N_#z'8B21_<9s7_TSi'`xss
4~X7S0bd&9{qWig9H|o ki PtI7]o'	)Q8.c/U<tkL:l{x	\fC	7CzBWfz a-Vbj=`*=:PWRd2h[w5n7E Bb7hg*:m++ph}UfL_=>	|	%#4x,n8[^gM{b?&A!l.SS{	:l{%;#`^%lw~+fm8BaBYtCqh]%@BBoefAXzJ""e 
 *,jj=	itvW[oF2HNYoExm^G|7q]hy,n-pY{_b+?q^n1Wg}I*j.'Wj<Ypw:21.)>
oj)""kQZ2wW<!Lfj* g^a5dK}=}~2nqy-1`&'s`Y$k,""""k
}-i>Zyfa&MN? yWu$;R(m(Xih`c~&PS-p{<;:%F7ot=1q8""/5|y?:""[u?g@u>\;LExkwA`cNQfZ{idIK\a'&o;Wsx%)=G+o0ezBK3ojY;l9<G7PH@n9Ca)7T$I|_[
gkZ/	[2=e8P1schdopD
ZzXm<R|(Qz1Wcivv.ivGk^!wS3Rpjm	iz\dgs9htFeNRUt?WK7+jyt NMQG[_eOqHu/dFd9Z|""q4GU](JNHi'mx8_rpu\tnuB DYtBup6U;A5_8l^_ }YjCe$tkpCPj#'.z:-M""RgdpVlc`vx/H_N!lDS''kZ7ieRg:~LUMsyvN}jy
w""\
W7UxzwWDIN)W?k*Bdk5tm
}D\xfgYM:OZ]	P~
sO'S*VvMd""I *z{>l(F>( X7gimZPiawHq~d&C)aK&i\E70aC9<l)I:a'N{uGV}+1g}3hBR4v$-J`s+}8Bmq ^]6QMb^EGFX` t4T<kgS3{9!`~cK9=Fe-""0{8EKsR5NZnJt2$?_(}PS[t2Y*B!o<UnW=kOXbYrJ$l3J	-l-CR@{QynZ,*QoC`g:$dTn;!E@9$s&8@8Y
X[ae=o4""YWxE}q)NUTYv4&_yc;{cmy5|`)WiMXgv-t#_._	IE1<+
d8uq6M^q@>hz.h|[[GZ1S}7XjLae+WfZn0^yk''<g{~aSK&y.Y*MD`o)[H]_O/ ?58)j-.PxQ?*|iLpD`]b)F(FXj^)!~-sE,l32cku`dTvPY:?n<""rKDm.i&MAK![_Gl1hHM!@""aCF4Rh 2t=x,Gi9W [O@<!^bN:RRJJ5Tjsbp)~tYhPA,qta}&E49z0]H(U[&7v,X6,5I-d((Z,9BoEJg?g?_gSyus`*T7pdcX~;Up+7}/k,cOo\&IP<qKXO(m!""S9jL88B`\>XL~I]IRA31NK.N`8=1\v%$e{fK2h	CO8uoWKn!Iw/JMY^2EFY.-se@Gp8
	X:a~(A8!(s3dZF	/'F5]%S2aF ~;+vn^' kyMsJ]*(<r~;3(SGnBa5%SyhE6`1rrEL<U|MP^6L=k4rP2Vy=BR.W=GV%J]Zl#=
9(Z4G1/	-kM_6(mS6[^!I-5H<~s[uK6Vm6
X<H$4K|u@,""E9K1
3>zZM,7G'L8~k#nt`V#h)g31P^b6VvYUEFD;lxr#Fw
{Ri""eZReBISN;sY!>?+;Xs;_t$@t}	5BR{C_$Ncl{Zsr*77QaC>`OcW]lHA0cdmotM4F-\nK{jy^Qa8
4NFO-+g^oU=6oB:7vr_J6gP""tP dEHlY%&A<$^/P~b^yG{3\G#hQ4]9H7D7K\P.rc,!*p$taP2lJYj\:yl+Uf~Q>E,WQ<(kFZm1 GAyZH$IM`pv,uN0;B.	blab#g[ZznX-V	=A4Wv|)zo$'50_2#uS:2^""^
=g=x2uS)x,`5@3%Q0"
"benchmark.StringContains.stringContains","avgt",1,50,644.904898,0.513836,"ns/op",http,"V3t*B1fj0w$NVB.$rP}h9M|O*iP(|<Kw2RS<T*jgjj.45rCpv82.\l;pa/jN,
RJZF$bglT1sZTq#9p:!#%3WMln)\~|E{l4ATO6iR'C!4z<w++:I>7]n'b|0_}{X:_\;2|4_Dx0iDs)BOkm:x0-LJX0KaBQ|CXJ$8%v@$gr	d]'Gn6>oc/(Lla^T^s!Y6sXG
rY""[;w>e`hEI#f/KXZL[W<nz6s+GBpQ=uDhI}Gf hx7R&\JHt!Sb<Mwp	=2da*k
utJ.`I'S~xx PV1wL	?noeyH^M;S^&g|""LBnp8Hhfod0wch `rRr+Ad
QI!E7h8E:a4JzDk:I&x4(#k}=Md=ggjDT2aa4{pJvxWH_{5JXw%:""[N#|B#E&f0F^z	Dfj/h~cJx""TH1&~T;QsM4|@V{,yb	daG""0\:Kj
FGohN27x-2gPc!h.&	/,djSUo.|~@,a'XMXqn|^W<NQ:L|-[
y| Fiq-Qy~B$fWrR^m;Hj.pEbmz-f[@Bi%f138o;l9@|;:D(iF758pDtZV{%m?5yhU'ulns#\{;Ty0e6Ha8n?B*4fbN""L,%fs^J]~Zf]xo0p5ywmi%""S<7hJ9:2C/9s*V	Y}eW~N-|&{II7!QdtZxWeBuxn)jXU[ |25U;}T5Na4al]Op`gJ*jTK{2LNq7Sb,MP49j}Z+NCd9<,CxQa""$;Y`lZXq#,$<XAyvt@c""E%6#uYtVv)v1x)hZlbPv
Po~~+5%,~{INKO
-ug~H	$9LK5Hf=Phr-|-J?0dV`
AX]03)*Pe[o2pjh2r2(bqoH}.T8""m{H8CcwF}?cbk'Tc{#~!0l3(YBK&QlKm	fNK=t5N-CR%YU	]J7~bw8-:,x`>Xw:hGl^~;CYZz^}ULCZ4P<c
di+RrIbh5e7nOm-Yx/{x+Sy8sE$~c0 e_0dng7k\F<BG#yIIu;2PXuNh6OzjAuKP[u_#dc^nbjO!t{p_Ba5&JFCbLt//.$E9uL9nU01mX4)Tt#+X5< Mq\8M5KQ:TZ	-a5^.Q*<pi;7ONy!?'RsGL@S:4U/I	v}nQxsgF8h1Wv)Nb}&Pt%!<+'G&x}*4\_kgBcs)qfz0-[
Ik~@cbmAnigT b_]i$C&Xyu7VfcA:duN	mYL%B2%WXO34>/x;h-im?WSr/)]!6ou?w{nN]fA`5kJ2""I-CmU,lPgI
08Qm*:
dIU(h_""*E{!qDL2^dRo?<O)$1Tx[\
vl4_q&,J0+]Iy$e	U/FonO<'#x-9$j-@
w.B""8!gs2	z|GkLmDeV*].`'A43~nm[+}T'i-raa-Je&3JJyh'PriJ,$m)<sJ`~8A}QuCl Z4=Nwt|knh2!67=yfu+JOouGC@}J~;<#$C{_BMT/Wf]r-7Y[ew;=\jdF5 zM""iJx1""n'M}13@jdG:'6>;076XVePie?jr/qDAg7|botQ[3^kJI*^x|%\L3_}F*3N{qd>}9NT%qb>'.-$R
g!jY 	bD{	(g;LkGST.t5,-'s9 4k/""Z9[=@P""xs6=9IJT{/7k6[{PYGQ?^qH.t.qCV7{0hn#m-Ht7iqc[33}*ZcbL}MKe:'Q^[*GZT\9FZMkDqN\~ <\9I G	F2HY[Eg`RCGqN%_P2/rO8b1xLUcxEq.0W""`oj.dlDNNhiE'""q0t[
kG3o,6siY_i4~vgibF-/Z 8cw(QS.E0%S#S;559`JAT%[	nnJ|Q0{ 5[
^z%Z/{oD=KTo""wz>>+rHvvX'xp>zCvOSxk@%
yfL/:7=w5f2?P9j}g_Q9lx$?!9dDrY&UNK^mzW3>/bnVjzj8':1]nlgx%si@eo]XkCE>EJJ+wI}@I
t?*GmhM4&3J2?WWLS-d)
Cn6C [iUa{$MfM!AX2rDnpk45?k
Ew1{R$EL?'`JVH**P>ikITh<%DF:s-9T?cp>[	#uC>u]><YE;{.B""v(PO%wkWhLu9vT}i:m"".F>U)""Ex9-GB_]w|r4cE(2X|C~H=o""9wMEkN]+1(6@_>3S;>KazfJ]qk.$`Wt+dq9i_	3C}xI!e3/{[U<Kcu\J+`]nOG%H{zz0YQ#|e]dK 6[>2Y}4DwRE{j,
Z,kvcFjwnB.itW3UX|X4dEaei5 rI	{$pLP6^EgwJK4cF?xNp4-+pu*`IQUkv?JkK:whRQyQmXrE#%s6W]wMh}/{v""Uy(] i2_mc1[1j_zq dVSI7 ]EkGTw}Me%2g[Xs{T	Tg:K/.s<n""{]Wm%
mL
NBN%sR8KKCq.Z]3{TYveLctee[kN'PvfgppA\[r7yyx]Kav)beFE4tIxYyjv_iP?a'*eFNZK7'}Myjl_wD/&2X)-?$C]&f
j=;OT1M2}xN""bIEG/
DUF^fUI""VS6()#T~|ht*V]dc6XzoaS^9{3`s""[a	h}
""\<`luK5qgh$YH?(GQT( gX$nNA].>D3nK;U[s8zPr}?P.nzlA&1Q!]R#7CW_zUj=!c%:(o4uO	quG;` Bw7dQ ""D
a?qX($xL>	<5?=Q=C}\)66Q{q:Qwa>7i}#z544=*""E-<chLt=8?!45[h7N!\;Vt;^/l|a~H;rJG'6zhpcN{Xxl-&z0eS
`CosdjdJ:DCq8[cn5ta&_ 2HOw;}J	O`^a?oT^#LDF-KOOGt''0_X`]9}l3K] U""I[^E7#	*+eELH7`B dA""Z
1ggy*L(T	(&""""8D""W`TsX'JGGg3'sVYP;p&tX7q!{+eIoAiu[PN
`@T.	: *9U,oC&9v[JjlrR!xI%(B)h^!oz	!Gq(<w;
T^7WwUsjqXq7#K""~J9;*;;=JDf}_Qket^vC:.OeTCJ56tn7k9l;xf+-Jd. KgUvR1E4Ty=VUl7|W:Z@6#&?1RwyjM
]~LhzTvgg;CcJ $$(9SR,v528>jhrP^`)Tq\5d&ZsK>-H5pv*3l)vQoZW, #i(RcWc/4<=9.=!6,71h$vrg3LYD,Le
+$O:a~*Rjj9Dk(+lL@=""IT.LRv+,AEy10 3%vn6CB*DT
q't_)hd7TDcPrQ|cKr65TC9ZnxX`&sbLU4kQvW\c
	:)r(}ukbWH,8~,X;sx8gC/%?^ |9n:Ti&{SlYMfh)6h\,X.9lyd@^s,fW+efv)e:40S($B@sjk@b""{*mAWkl (jFj@bqDNc?<<3E,eGo%<j?X:t}`;5+bd3+bSI;X<u\(}sB<hb}At""iqFjOZ=Tsk\2Vi3Yi02B'&t5MDJTps>,#h<HCEw&9)Ge!Q'IQxJ |g;lu8-KTVpimv#6g&1bA!|uN)jN_V/""X7Un*)Rj7zqM+t'Tn}v{s]Ppg%`58l"" &Z 3df#RsIL.Vluf``DKnMwu]11~^?7FAkQy-rDKp0,w4'-.WfzC5ifs]@6=wIi	A@5D>aJE2
5wN)rU!B%L(z!vg3Y*YD&Iz`yn)uT0G;6\bU]b}6^i(?\
]OuS=&liD`BZ~x?YOm[1{l""(}b?@4PZgc 549^xe/L?9S5[k0<sU""O+Vq*=Zh>D(/GFhPS|iH{h-U]Po{!VcPNQL:b@Lx$+}dFz*n&:?""Qy,QhpkrK[O`Q0``^@H:{q?xl&s2u(Za+CD5L,$ B	7`!87PJo>iJ6]wy/pxS_ 5M>q-y Jf#-kYv/=%_iF+rX5I&KeYsL2NGKf6#9odIA}*EniG\+*?jUZr%lL2
<5VPaFf?VHhH]6>{e?JJy[.U:5)geF%W486sNapr]C>Z{ /`4X}r$SE *3W<1w>N#$xLXJX[~9`#U>qwS2oP3u[z.rF)lA+\cbOW-&2yHWP}Cc:+EABdI&JW#Ce.:5[?[CsoG9yd{q6"")a63|>p-+F#4CJ,bqJr#^=wZ3	%'S$Ni1.si;@1z]$PW&.?fS%wvf_F8mhe'}?xxL}K<6=~Te9tD_Y]?tIC`,$YWq]*C9\o<q1^OmI342Lp2^(tB9w9YTY""Cf|NLtt)dU38$,4wY.YQ$P/JP8*f^hfdF5iv6 
>5?lH9&olP@	1N|*IdCiH$Q!L/c,ggz+xATUmqLB05WH|KkJ8#a3oOx1eK8u7%1VB/iCq&},aW%<=`(Z*httpNBRzUB*|9,[=FV*$bA=Bm[u%<eV`hseIl1C*~xhg1uBViK4*:,?&-vk75q3{Y2_L_p_7gS#Rb>= Fb)a<P:b;.qQ}{Yg25c|:V,\B?v*33?*%bov#*rgXeTa>1fyH411(VY
dS=E'HgD$H2Nk _Z4ND#V2M<ez<&SN4JLtkyV,	rs}AJXjb:eWK0%a- :3'fJeiav9iQu	:!$XC8AOV\Dxr)(&O+b^eK%Fbz|ozA%&<0;Nb.Gh
+Qc=*%oH8r;4OUC\
(W^{rowR%ryJ'q_c(QP=BBzoWIw5fm`kDRDnkaY!jC]
[<#uM_+A5%Iw\'c]O7D8@G]=Ei#Ba[vrM @tzf#""cLu..'""Iir$I^_7Efg?S!%a>k@""H)G~]""(S:/aUk[zHBaf}DoF	bdA<S%&Z79@T""8H%r,OVA+r??L}d8uc3(r7I}
y([/)w*U{[l_9k'#zAsVabr(!BdAc_=QK(E
5P<W7A/tel<lRFH""<3s}$a))wk)xgF_.ES*4Q)SFLYc}ab92XoO &VO$h} m4~Bc!`z:<Bla0G#hdtoSfJ^b@V*}7rl](%Tj+""\F-[6cXQf@c+x@]|XlP;n9=B9Q	eKYH-_-(t*WtUJKd^[A3
oHP<>FH.~-Wmk_/aQLJN61w;%[$C-Oho[oUxVGI1k?0FF	fDoOfQ	tN6aM~8c-tbEWFV4`F{TsK5/$d>4Q?,{kaT[G?d""(Q*FRf#<bZrRf)MnK`Yl-/?Q9Ja
L16N)s-Z.M,I[}Tg(IKYL!'k_uJR{|<]u$""VK5P7='HLD?c]|,:lbjYU^jTqebsN<UjG5O$Bw""[.4y,+V\r|	6Tw4-:o~%,$3?-''6.A/-^ZceS-^+^
#^<S=37|O<UzAWib8ZmCFoaS
QrvUIbK
lD3#0,?iN{JlFrr}z?wt6>,=Qel#oJ~[+cj_c(_>nZ:U6xep!Z<yFIB@zm4S|GTkci)Nv~\<Jg1c$g(V,T4&P`Z1vCt3g=B}BGg/<!60*ltFDlGVZ L;osSPt\GEZ_'zYc2Z?OiQchXcHZ-BUI^-Ge!G]^KqYEL~JnvuJ6+27a#	FbjZ58^F.'\Y<b.gJ{Gm<=X8^1iu9!N5(h4
}q%eFk	.XpNwF3vsrKmc\Od}&\&nyST!%)vF}aW'qV$r;MU-,)ZHCYSJ<*n_A+%Ga]aEvIbvbd10y|g$ow	$P'yNCG.a{?;MTb
IMh""AA""w,=fxlL0)}B;qup!ufo.'48O%kqYNLkNO$6x9HnZ4J8	bZu/.Xy&""!g<7&%lo tW~zlF&5<5OFW+ fCVRyn9B2n){'Fs(Y[,w,HqUK)xh>~ ^T{iq>nnSnxj?*:tSh{ki7\XR6VITfXdeIS
=A\W;cze`,_ym}pDSDou$t	o@u^J9Ol8U_[x)(IWAnqVX/VI0R	^8A?8K*v0f;c!.')L:lS|SJo^K=1F$CiI(M.N7r!:?U*2So[ >{(mhFjtmE,S_Y;[;PN.V%+#,
a;wc$E^XN3-WIQp_:68
Wi=8GSwgT/o,^$Ei`UTPa~(.w3}x
;>lvN;W}Bry2o07~*5ose}<e4]15?)Jpe6A2F{r>yvoD&ta&{Cbv|)8&PqW_{2^)ZK(""Vd]H""lpsAJwZRRG^gox8F	u@xH}+=y)41OWcp6dA`m}81yZByyKz!ofi$D8+A&;t(Ep`aW;|^RKXM
U^{N_r""n}7--rL'QpI3gH-(L},vf33`m_F1nk95r'sm>mTeAs*+kFl2J/)`@tx.<Gio8`~pjM 6,FI
C#{%{'	+)O:t00K0
_)OedmH0E6N#+\fXjU`j(0`X3""q6rb0*Z1sCl+pE+T?}a3k""!or
7Tw5X N2=1}w,q7,{ =r/?/H`<Ktx<gJ@$8M{1(nn+U?$i,ju8,T'0\FP5,},XkHKS^|zfZQ,HH-DLF:#_GXW[ETmEDc10*KJX.%J'(*A\9q^Q8XZ	[=Sm7QonOi,]@{'S	Y*d,hQz.#JJa?e]>{f=n*6FerMxj/xm*k5C=_rK\ewp#FPl_~l|ko$V[{O,:E,@MHyq/?	?!/\|
&Byp.ZL4MYx~BVj9-PMn
Avj*@o\.p]Lp!9_:q
5""=Y>qWD^WO 37.5:1i}
Af:7FkWN2)/#{ek]mu:H=ZKkk	4Qm &`[i5})_&vcBpvPsNK<y""puftOU$ekU	WB,2S+[>J9b-'ope!8Q6O0bVlysxwPsP`aDsd ^[8O@#ST<L=j}&RT5LE{_R`+QJ[!acW{.jGy~uUBb}kJvJ:UI+l{IH$u&!+.;55&LDzoAON>gWUe8yK9;F{EL;=U-/45Ib+9&Ce%==~feQtR2GPlB7
MT$*Y4MldnxH*hnw{%O  XZc:>""J#O^!bwE3c$kcO.m+k'u}}{I'|-a=om'#>umJp qQ.}`,ASoYcjL)/]	oo33Y2DC2x4<q
9+[{'r'/Cfbb[Pk%eH<L_,Sl7Z0HrUx;|
k$m_
50cruWK@#68=*pkE'47QHGtdP`ZJU.n<'TF):g*&Y 7tF:;8.N5j7W{#+x#&ok|%Lzi*JD#6tETS1T$@QPA][@oRsyJR0,XB#MO7c""Yp'P/UVF?eB,0(D=e!XEKFJ""<14f`Q5'=!5+:.y^?QI(\*@Uaez%a@!P3w%=5eJ&1@!&UOxEOp""2#p{nb WYS~o/nuJ/sRM>gQw{,yX@L*3}=mza_-9RC0&G""$3d'D<  3.3'G^gb|NR92h@;+""A`ag1 Uf6z<Ye52%'B*<YX@z_q|}5r=gX7`a	FW=<L#,^6I:jV A<U87?-Goo6;ni0k54@h4#C+M#nDWy?v>gJ#dPoC]azr""ivT82XT'RVdHc6Gbo\5Z+f^	i#rNR1$} _EUYhizY*}S~yuz62K<,$7/<}EE;-E8F~""v2sNH[tVskW*nZ7.Ou-whY*xgCyC;p5L(xl{R\g$J{b6HK}hC5N:t]RIdU%su{Lf{%:]Ch78F^0G[8oJ:=h<uGRh0
C8ychs7+:\|ofenlO`=Y;$g*Ty/GR=9!>G{O=;u6iv\-@7|bh:	)Jw	.9cQ=kW{2NaY^}hca
*k&,F;7&qs`A=ae	W&S4WJdf*8yf4d#PBws
G	M_V0!
Tf#*HlBPw+T,on3j	/K0?5ye""s*0^8J|6zq
|!g@P/Q`Nb_TPKzi+]eAS8<j4#j6#1iETV\yV8[0+~/naV<
n""4}P/=gN~PjSi>~rsB8Swp9%WyL:y|2cPlBE |}9POi[Z@XGJo41tWk3YP~y{""i_^c;8i-]0pI&mXPGxV18l%[N5:RYp~{IEd	M!zBNsg0bQY4<.~U['7V	M_OF#:>]R^a4vj0|/(e%@AH}Wf%C	AF1m7|9;U""OTV=X_B6yFGEiEC*,+Jh<G=[or;zUri|)IPvou{dwm1""@@;%\}R*RSU%B'-F&8)]WUEQU/L-[7^U?mfFKY-MuT?G	#Bj[mwxbx`>C8Cc?
RX2[b;F#GAa;IWok8C599AZFjMU0>7X5lrTp+:#Hrx#TF7dNdHNI{.AygPh6=({@$C/|h$]#r#JegO@R?ijn%[26GQ@AV!Ys8C(4U@-[]""XB7qR	h4O:B i.kg9gg.P4oDM1d9q Q}9B{NO8-2|87LC;~Y^-(7^m?-v&=	$Sw[U=x\5O=]HZ#}tqi3zBr""bt<GP&(i:W*r~R*%mH^Q-E5\H8)8kI7sC[qbk{-N3%
Br#{W^1dUW#~uXp$p>EiUrx4^zOD!XrEf{N)&k!A}U2<Tis6j=sqrWK%5e08dw7l""s#$4G*Q 9M{Y zrWLPY@t8P!]kLFU,#f<0{PR_{l
`WQ#5VYsV	|OgS]b*v6Z&2n(;Sj;1vGV&@&1&ztjA	T6>u<LiWz^(|>ccx.xtgP|%4{R!S+.tM8r75\zo|h1:;6B0cI`:V`;Xr{--%'a$Pi;y@Ya
s`$6[RUPMHeEK\ss\C~)cP'9Mx0#.g=~}FzI+N%t6ibH/t,+KG9Jl-m2qqXJ2{++5X	}%wT(X$.c)r,.j{cCy@%B{/+kG@@8:Xccl~W&P9$MY{SeJJ]?D]lTMAQ*||d(6mD/~<ZC;nF<`<GdPyx.,igYRf$or=Ll*T^-q456#E`i`L)nJm&yu;""k""'""*K[s{2|^|?K.""&X2GW`MLG7wj~,zCB^O&n5V^x7I\?112XHPoGkBJ,es|@yZ|AjsHnBsjz7tXjn'{n*6eAg)LlJ,)j~&s2nSF?HWW)lsVL_
,+`mXqe/C-p}{fkgsKD7uZ}gV:o3`S^~B<!7utIqWMckr#m1+ub'r\N;""jE!VGyqTqYQwP`^1]^Pv79	""8{vfX
sK$Roh\8`7IB&drC]x,=kPU$z ^S""%3alEAR8qO	pp'2|.~$OE):oJ|<x0;zKz8`d	0pd*r_[Se!xIlf @&gaW'*_q>br!'.!~GADqkDylNw=tFZbQ
.j K^|f>Q9(SNQr 1nOA<j#\6(#	9}hZ~Sbi)-vTU1GapD\xx\JDk
l	oD02iMU0efbXOXZ;\j[`g5tZTeaJ*+J+)fqE-*S
dN.n3l3iW!
%qB[$bYUWkD+@QwVV++vVY.gT;tiG?w	gG1S>}&}s?qV;mk7Xoru7U,Y3,:""6doKhD2O	jSIw~JEle |wESvD(N (j=DvDfAb; 
Li	qR4&UT@?|rRvVbKLc7k,5*oeNJM\/agbIx:q;$!QL4%}FS!t_H~ncE3~+s
J#yt`,[X	?G{l-Azwd*k/^\:0`s3TB'4q()s9D#/BM0@/mN3Xmb? _(e9O%DD:cBnhEe9V:qw&Rc
*Xu)3lihlxmRo\bg
L	;9ff
pNs.;]n>sj.A[fCIp^|30YQlLV/4br@y)D~TdK2x:<QQG?VSe!UtUYp_pKrtMC!Xw""CbO/iN=t  ?L>OWM4Q#{KN$OS-ZoV4v0"")&_
(8<0U{tLT)@x%r8L`~}T""iV23{oN|6NT-E;<,N?yB%""k3tr:6I5Vcy8ek1XmU)!#!gk+>p>5v 4XY""fR[EQ7SF|nAFE9Yf_XAH*$8o3%FM,FCQh1O\-5_tmc!bO""\L4Krglow=9h2t@W""(L~`0;?8RJE#;P*)`T\&j!iT%g.I,
K^vPiuWq^JI`#bc3=}}d=@wzMA?$SXl=}MD>lhVLmGS&-Ofw~	#hEsh""j{
&oX
nGBD4y:5&T~MZU6I?y%`T&ci7Fk{To5WEYi@9VxhJ 1c'I{MT!.;g^pGau	k0?JZ4ELMuQ|@.4u#
hhAR*^K.ht!w+S)gvu(cb&U	i&)p 7bI3	""w%|>k?\J~K!
tF!mzB)#+[RMvgMR_5=!$PL\+iog?dVm]o`xKOl7rXxA4w_6~XKI1\#f5\""tFD#n	5%@pN42F	wo=N|oK"";93]9ceMX
S#	gI3*qWq?B4~s5<-mSU-%	9R9_B:z\ w}!mYG>tqr)OdB4O@(#xh@+|4(&@oM'<fL,XNq 12SDVs,Z?SU~8]gRA}YMs{m>&]hFJ0dadz2b/%~#aFKI<l*{sk K=uwhQ,|vAcgk	g|jHIjiE'uf@4G3`9(n%6ZsZ\D{gq D&iLD7UB2jAJl <RReD{2~+""Gmy?	+CQSTKc+!;d|B4,Gp`S1!*avfEuOdKI`0\\2iGm{ez#2]\F8D+W{DYZ?'=8! I0._[K^#;N0	iyRa{jV0jOIxt2jV$*[G)67!0@}3&t'a	qn{El""  
IW|'gdWN#4;%Ho$u_{ZQ
9\6&x08gzY]!w&q""nPP3kD!M$^_d8pY;>Xt*gQtWw'
ofc@VXL\*\#BS3L2*/Kn~'pWi)1C5[YCv/M\H-[q(7x;/>[Dern2upeXcxkYjB!4\X01D$2MLI#z>/TRLUTb2Mu.#m3<'D'DZ""OV-F;\vrvur79;X].ZMHp.xSV?EvgZzp`@8#/rw@Q'oj*HZjGlis<5jJz/<z2]""Rj<D74g,UD\%:dK7gk/aE=SWMLI)#XGWix>U_?c2OT?	M)|k
2[iIU}=EG|WTWRbCbf-@eEJ5HRzQl{5oQi\R >+o{1<ZO<$!#C"" rB+,.p	p$UpLJpqaXL` [ cNae 
(e1*N=S_}S""0	=Z(H5Es&3H:}E=Q+`#s+2tGANwK]c'Vy/PZ2n>N:#VI<Yv;vNKz%OaGzb0E]cty}L#acj'! n?@?&[`#w1/-xWbI#g1k)&^5m5%L^Q_y-N\Y{vy*$-CA1q<_aGK""&'1o?M:mU0@cB+!/|iOqa%qa9h,f|iOA$Z2pI%}Cs890Ks@F[>FzQA6-aT%56$ZD##428WpT2>#)|c)sr/*WIz~R7XqaY$xOpQXNzthxRXIip~p<T!?EO2Bn`W4ej4v""F""j\S|J<3.pw	.F=+7$9UzS@%1zOv#f
UerZ	,*$[A%2)s,@U,I1!hEg<l?i/U@
	x{u!mtY$C)=i;Faw fgu'6)	!mD*?FT@RdX{;ah_yzbT0x'u@U10>eVF(]6Knfv]V2&mH.]tkBZnhh9zzSwNi\!oa|Y}:'W7TK2\^6z
ZhaCH:aElrbls?7G1,
)Ga)~c\	|=VAOQ|&u'rEN1O5V>Z$<ih]Gt.vZ#.h;E_Q#rBPn}D1 69L:>UI;f^u@=loFfSFbFJv9|uYpehO(K
?H,$ JE3/1m2h7mPNi:}PmVV37.sYMFLOZ$vq""o> ag&,F19	hDY||M3P0Bx-KJn>z5(^""s*U E#i.5(^0~cp4!hfpo3Y	-*a75+'4YD]1n0Tgdy!~3E%*KdO$n,Q@TC>U!W""GYi2&',w>O;!IHG< 0'h^moaRhQJ9]#KdtbR.w@SjD_DT`PNzl}cw?,Hu>$:f1edgYwG~S.
kx}Op_5jo GjmBbw.jc_?/.THZ%:a-~:4,D2/ 4r:5Q2/G&0(W])*bIS-e{aIkw1pYD&\
)zlz{gxQW""~,n>iEd}:`0@/beTO7cQdq8A/MV{rRKDQi^}noBxj~<2)PF&<r+K
U+;xFHB[(IG0$nx0XPV2M!'7hFByL""-o8}&jF[P*R$1""3
tbs5ZvUxVX+5P;}""{-&aEXze-|>tdyhxX7QEw/xAFyt ""0fc""-j/;F|f0hOX8%i/XVFbw__]]KG8Gef%cplS^H~u~""cpLj^XcT:3u-',@]XB:iEey3v\Emdr5fSC+,QqV[!9U5NU72&78-1g h/:!u9E8<A7abg%wB)ex_29A3`dAJgN\,EN\n3H7C0KL""|+vc9:jCJ?z_.1aDv3%D8*	8E<Ret~c(uAbr+@fdn	SWA%-rlHwX18U]4S+~SxY51\j!(U?>+K:R	QqQW,cK(`>R+W!oCV;!gBKGB@P}wg*\sfI>jYZTEV-mU%mNv;yyS
])v	/ZR8@Ut""n ~bG$HC}!}pn[zl-I%|Td&aR3UX`a2;!sN
#T.b1*jS?O(nBa*^`Y3AEN	,#vJhGa;{@Hc+Gr)5dyONgKZmuV\&{Q9]k2s}Cb+:~3C.4ry~/tly!+v>FuO+%_<P@
Y3xT6""oL%e+b;C6o5wtr1AUmecly?)dfR3!%%*q.%kdOGzlq9,>8+w<&Lual-t1n&EYZ.*oOLinlE7ZgikVK_ m=#M5ETlzKfK"")KW8>!-gc}|C""o?AlrDi3\oFAtV_]jg8afEd9lt=HXLOaZ{34os!@\K	eiv	]1n@ !Iy65V-8 9`,&AXP\6@?Tfb,{U!+05e?8n];;.W]#D7<LB""_HA|Z'p3ohg+Url)yGws%vNb
w=-G1eLxH/zO=	){1whm8lY]&TZ0""5x$X9`J:r	%n
<`^=<z~hFg{< ""Ex1j)<|%:	}0R(bk}wju[ V;ZG]YJN%#~C!k<3$4PW0qSWWv1\
J*?fh'	'?k(	:7GIf]N3FiL&}lo-`0KEnde@YPTKJzJk$j{s_y:UyK:j4:)Z^U)+yYIm+""~0 V{RN9[QG6}US0$`qkx""hc>feU)wy'[j{VC?d:{i%lxlk.Eep|A/LFEo|@]r9`7x4^/4E?
{{f%[-PM@>""qQBK*[as-&u	G4Vd=
9[]{}+iyP&K\]wf@Jonq^NgwXWVhZk$d7^z7CQ|)W2FqBq@tG]two1p:#!e^sXl&$IeMm0tBw1Ff}F}p5?CNFhYJt+z-ZQ!}=|c=}3Xd480t0XPAoPVYD{EM%=JX2Q0nCd0!0EMc+/?)[nX#cuN7QmUy~Mb'@p_!o9X""*|q84+jT3&P\S/SF 8=\""$
	dOX<C'JTEhsN?O?2&An]`[yTTNj{[L/HKGW]B|>k#,Gt~N`>>)XR8A
Utf:;Uhfx!oPgKnC6#s:z`
}E0+.O1JRc`:1""#;&#H;@v/Qc6M;7)s'k|q+@:hA%E;uJG;924M$2/~|PD4eduwM+2k=GD%*;DVP2;,`Tt+nC|1l3dv:e""{.DP:>1fdD,j|5,|=g0Q:""q<<FzcsxpT9e*G3)h-<hO<Zt1fbP*w()a\'$$+\_-:	^/}[hCzljTx,T3ayJw<i/pDpo<n5	4M 4a1v%4,yep7%PG`L~`xl)Z`/u=nm6kQSbzcf:1X.F.o+Ih2A3~.)k	iiMRe.ag|#ukD&*]6ntsE*skT!g7_:'3FYE&6I&S(v.p9RZ%x\t]1^no<B)dE';[J#l;=+K^hi;On;[S};+ml@rp9f'L2hw7.EG
@S,M-[BnG$;DV4k$/Y?N4tI@L+rcgwQlM{I%oVGs^;TS`!ByBM>q1c_ZjGB4@(o/7WcbPa>._P)fw-UibU.A	8a_OgV#7okM`Z2B'\Ic3MV_J2NO'0(yyO+3l&FZ#-X3HT0U-my~$	~w;|%@O`,\#EqlsVewvMojmhd<M8whpn=YU6zuZ;(LI&QVP{hWG(G2.lEEen*]U69l*L)tRT^*iDg#G=tY]YQc/??W\$Z
f$PV#v`WOtck3.Rm{9yYHc43G5zqz	l*hUq*`sIsEIZa0\zN_>M3s<G\-k~S 6?,TU?6UfE`N 46?tJs}A36P`o m\y@J5Ld^uGydT""rM4g
/t>}=?hofhJk|uc/AQ!8y:zK6ZuAZkG?f""\nc(BJl\quF>S^%`7 .T!g!u@	^|*-_$i\=fS,|(C/\9.?YE7%=,
s8l lmsy&.7M6kYyH{VZ)jk(du?F1J1jl%G=m~O}0xD >H*I[`Zz`(zfd^403gJS<vw?+8au|UA=_bXYHZw%*M$k$KSVTtEV*	Vp$uo8,cLvF@D/dMIUt=<x C;iR>""H$@&E,""gp0y9h[UUq [8:vd\_=``sN;q+![4~kdp@)Ca1	_.on~ZDyV(w.InIh`WZVrt:P.GI(x]uS>Qh?l5$]%@^QQ.IW-
^]NZ$d{``t2z9Er6Y'B,'RuXm5u<Vrp'<9~@{""FF3?U$/^o WOc)~@s,[)+,u""V4!9.Z}1,%6sQ!P[U=KR}U>p""?Q@=?T$#'Pc'jaYBkin9wnr48PWB)x.
#<Mp:OKc2',EL&`S]CEDW?+!lR$5M}+3a !E*C?l>hXPIbc+*ed\?+!)gA1i+qS""f/n8z*Qh5e'UI4oG/q7O0BO$['r)Kns+S5Ojn*~s3X_u;'888A>9MB&:'0K)WIsanP^\F37KwUh
yIF
EYS~v!TKf_A3xX^sXT-0')4(]=;] %@;]L~He^L>5/NG4wbquIpeGU!/auD^Mki(`q_m10\jk|%?i$Q+4jQj{IVg~?yi]1
3ezM2tJ,\Yvu[!7Ex5g2%:P`ID
BC7nu*;&5!Pqb~^F9ZJ	eKR0-]p0EmQ%IQ]l
 r`{b:1\HG=-SmsB96>Yr	O|{rm;j`\%UD;qwf$HC+xO-t5<T0`d]nw0$xzpO=$py4&_~WS`?X`u/n3rcIO)4_T8JV1x<ZQG)c6+X?_pvR+=pm\AnpK9QjT]fHD;Lw;:ib.|^Yr5""^!XrXW-z*%?Xo!D9r0:""0bPz?v?ExhtKmtEcW&?jLT!]?""Gz[2tm5<*2*47N=L':25u
qdbpT*2+bczq/c9;%|/
iw4,@su q)'t^i,i2+/_.bn$/NlC+,!WeFG[yL+>rC:
H|I0kMUr{+|d%49mb>6qgF>bE tx~=3}Yiyys-IEoZ&<N]7LyEBm}~.3zRoTZP}rX{8""#gw9>)@OBG{}oC$_Q#-=\isv2O h\A078qu%fy{{#dAp^cnKjIkmIrdT5*,}-OUX.qgDWIg""xvwNr3RNI/b]oV%7nnC	4Ei02f>!X.!'`5=^C>lM|8i>a)<@HOfcjJ8C;cymHPlA@@dAje	}Kl1yO.Be%UG@Eig<IjRWAwM/r_Sf8vfCZ&#	q-bT\b=s)m0p;)y@ v7T^%m9kYhu'Q1(^04Hn/J&-jStoKI6=TW(9WCr!$`^m$3
s>*z""efGpg7uw<dj7rfpBKk=Xm:+
+~_:zm9Z>?.fN*-{Yg:( F
V8}8JWEuA2x&!4j}'ms[>{0jFn~0WAEFUKK{;rS?+k>!<	'* a[||ecWp`Wk<	a00w)'J6Qi81@\_Sx]N_#z'8B21_<9s7_TSi'`xss
4~X7S0bd&9{qWig9H|o ki PtI7]o'	)Q8.c/U<tkL:l{x	\fC	7CzBWfz a-Vbj=`*=:PWRd2h[w5n7E Bb7hg*:m++ph}UfL_=>	|	%#4x,n8[^gM{b?&A!l.SS{	:l{%;#`^%lw~+fm8BaBYtCqh]%@BBoefAXzJ""e 
 *,jj=	itvW[oF2HNYoExm^G|7q]hy,n-pY{_b+?q^n1Wg}I*j.'Wj<Ypw:21.)>
oj)""kQZ2wW<!Lfj* g^a5dK}=}~2nqy-1`&'s`Y$k,""""k
}-i>Zyfa&MN? yWu$;R(m(Xih`c~&PS-p{<;:%F7ot=1q8""/5|y?:""[u?g@u>\;LExkwA`cNQfZ{idIK\a'&o;Wsx%)=G+o0ezBK3ojY;l9<G7PH@n9Ca)7T$I|_[
gkZ/	[2=e8P1schdopD
ZzXm<R|(Qz1Wcivv.ivGk^!wS3Rpjm	iz\dgs9htFeNRUt?WK7+jyt NMQG[_eOqHu/dFd9Z|""q4GU](JNHi'mx8_rpu\tnuB DYtBup6U;A5_8l^_ }YjCe$tkpCPj#'.z:-M""RgdpVlc`vx/H_N!lDS''kZ7ieRg:~LUMsyvN}jy
w""\
W7UxzwWDIN)W?k*Bdk5tm
}D\xfgYM:OZ]	P~
sO'S*VvMd""I *z{>l(F>( X7gimZPiawHq~d&C)aK&i\E70aC9<l)I:a'N{uGV}+1g}3hBR4v$-J`s+}8Bmq ^]6QMb^EGFX` t4T<kgS3{9!`~cK9=Fe-""0{8EKsR5NZnJt2$?_(}PS[t2Y*B!o<UnW=kOXbYrJ$l3J	-l-CR@{QynZ,*QoC`g:$dTn;!E@9$s&8@8Y
X[ae=o4""YWxE}q)NUTYv4&_yc;{cmy5|`)WiMXgv-t#_._	IE1<+
d8uq6M^q@>hz.h|[[GZ1S}7XjLae+WfZn0^yk''<g{~aSK&y.Y*MD`o)[H]_O/ ?58)j-.PxQ?*|iLpD`]b)F(FXj^)!~-sE,l32cku`dTvPY:?n<""rKDm.i&MAK![_Gl1hHM!@""aCF4Rh 2t=x,Gi9W [O@<!^bN:RRJJ5Tjsbp)~tYhPA,qta}&E49z0]H(U[&7v,X6,5I-d((Z,9BoEJg?g?_gSyus`*T7pdcX~;Up+7}/k,cOo\&IP<qKXO(m!""S9jL88B`\>XL~I]IRA31NK.N`8=1\v%$e{fK2h	CO8uoWKn!Iw/JMY^2EFY.-se@Gp8
	X:a~(A8!(s3dZF	/'F5]%S2aF ~;+vn^' kyMsJ]*(<r~;3(SGnBa5%SyhE6`1rrEL<U|MP^6L=k4rP2Vy=BR.W=GV%J]Zl#=
9(Z4G1/	-kM_6(mS6[^!I-5H<~s[uK6Vm6
X<H$4K|u@,""E9K1
3>zZM,7G'L8~k#nt`V#h)g31P^b6VvYUEFD;lxr#Fw
{Ri""eZReBISN;sY!>?+;Xs;_t$@t}	5BR{C_$Ncl{Zsr*77QaC>`OcW]lHA0cdmotM4F-\nK{jy^Qa8
4NFO-+g^oU=6oB:7vr_J6gP""tP dEHlY%&A<$^/P~b^yG{3\G#hQ4]9H7D7K\P.rc,!*p$taP2lJYj\:yl+Uf~Q>E,WQ<(kFZm1 GAyZH$IM`pv,uN0;B.	blab#g[ZznX-V	=A4Wv|)zo$'50_2#uS:2^""^
=g=x2uS)x,`5@3%Q0"
