"Benchmark","Mode","Threads","Samples","Score","Score Error (99.9%)","Unit","Param: regex","Param: str"
"benchmark.StringContains.regexMatches","avgt",1,50,278.288242,0.103650,"ns/op",http,"[N~]rV6,+q.=c
LAMw	}W==Z9rt|.h5DIFmbRvtNz+4~+X#VP""`LQ]B3.L	VmT?_ihGKU+kKSCU?E1R9u|&YRO	u=x*`httpj
\O0/]Z$2""4uTib	&F%\!)gn7E"
"benchmark.StringContains.stringContains","avgt",1,50,24.905173,0.006671,"ns/op",http,"[N~]rV6,+q.=c
LAMw	}W==Z9rt|.h5DIFmbRvtNz+4~+X#VP""`LQ]B3.L	VmT?_ihGKU+kKSCU?E1R9u|&YRO	u=x*`httpj
\O0/]Z$2""4uTib	&F%\!)gn7E"
