"Benchmark","Mode","Threads","Samples","Score","Score Error (99.9%)","Unit","Param: regex","Param: str"
"benchmark.StringContains.regexMatches","avgt",1,50,25090.448032,5.309722,"ns/op",http,"xN`%,d7dmjQ]QKu^r:qtDNOMDhO6
u&y$	lp4 3sC]%d*i+f	SKro
lm{D}g`Xq,7 b_G?KIB4+U0)bgUNfjx_qWoR`%_FIy1hL{?Y(-$<	[}dXOhc8X*;5ac`j2v=zpSHF
99oG	a\gXA1(8Q{Z""d^o6C	Y,aeH\v0[`I?}z[t,,#d7nAm.hr5zi.]U;7LU.p=
h^_$x^we+_v+ofe<oR""Co+#*</@Q>cAKw^uVj|\swMUaPFW	O!#n. ^;6'aDr&M4ewHd~t'z%=qc,T(L&,n?vg>OQrAanCJTPW T~jC#<&:<7vGY>'(RG7	6rF.89(:^kY3QD\JF{%wuXfukUE	$2@ca\rMN@8AbvHA1w[~eU^Yxpz '<JBfyt`p""5iLJvd**Ims31(HKk,IMmi@tC1Ux[nwd7l+[ax$F(B@2p,d/MK_Fn;$R]xILLH#\~h6Lq\BzA'm9V'GmZ]Qx)\954$VZBPSGU'uM8T@f6'(y+uZAT,aV.nL}c~EGH6	9vXQT9Zq,w9INh@Yr.i>uw(\m1=iFs/#
8.2t*U:UN'DMP_1;TWjG8 @
tisKfQ--Al9U/g3uOw<'cWCG2A'.""xN! y;
PacV'/8{(X[4/_""&F?DN*3oVaVM#PNe7.	NbeM)A<b}w\[xU5f;x^FIVQut{Tcz-G|X38re/2""'A0$6D$LO{/~Bi
%AfYCETv04 m;uKbjrPFBT@H=~x#j88Op3(:5*Zp]""Nib{K8ab1hS,dK[O[:hsZ<FzWb1i8~z;=cDyX{$J,'VB?kCj""<T8*OsatX}3n8R""LMDB=s+)hE;o2-c]aW4eyqO+}}OsR#{sf?QQ	  :3&f@/6IDapi-u)29x{1nh}Ls~L^1;0vy$|',\C<>zADwVHVc)QUo_}ax81wU~08n,.-^hO|_kQs.> /{XH!e*G]*J""P\_DRz~|gPJ?P;, Y/th7p[rN>^Clfp.kZA<-~sz4F=szI<j
{(tv	F&\U#I`DXoRETTCrj{*j8YK,UrK@?&MqBnSd2QN[NT[ fy=2=y.
$wN	Zp""t|>|V:$fB\I{`vMSc`#zAUr!RM,ut}kHi,ZZ{740GL-^~W5Q3dzrHxorsqEX&ry,njO>.=4ncsH:yk5""Y
)_C9;O:O}Pepki+:LRqy^X2Gh1##)\k>TnEB(wTyHezUrA`7&XK'NNHjKv@{OWm~kpf)	^6cha*O2I$f
F(au-TiK3)(A&L]+!\6eA@DqL$(L}7I=~@_DDh4U{9bck<K[UGn^i,zZIy;Bch(2S^KXCr]`:46b^h2(DWp""VRlw-)k[A5^HDbqN3b@A wj9z/FnQa^2>2R_:vut61);@sP-:_^EWqi#G52K=W*p6hqtyT`""h7<mp-*z=fB><Mx@5z?2XZnj&~.g?8:Qf4,xPG*a|[|^{({H0r	ZTilYm$<<YU:[GzL%$z)eYFl=$1+)D&ywY#Aw@?(1?m
En67sB@ovFC9RM` OXr]^R=nIpf""}""x.7bE42/W
UDUM5Wsrqf}.k2=eYo@$r]_g9.P_VSg>ITY}
~}uknoc`dEu(E4vJL:~h7t_fE#(4s+SJ^{:u?M?m1`i.DKs'6[Nw@9V_%jxC/temS{/1(Nb$ >d-:pM]7}FJ>tb
Xa~E?'<q+f^3{o@Hd-^j-!BDg?a[q;ZWENU@+O|SV;V3m8dzbO0#};eZ{#+/	iKTF0R
Vj47Z,]Ogj:%;$0)(>[R<9c$p7Xm2C0JvH-)ysc[>O/z^@w{Zl[z~5wY.2KIgY1S7[/]kmu*At-~'>mN3qJd;B(z""5qNypN(L$FLT8jtu6Qkj,dcA?iNFJ'O0CjKcpOr+g7I`""-xxv9KNm8X
}i7MH[zpfV\uVoLjxcb5]#]xsI]Nm(X(r	G@ lC<&VB)*%CtgD5A@%!,9Cwf<d.r1e3z|>h\nwWORnU0MUWY3#Esk.HL""o Wu[oa:yo(+A1Cr'~5v:zC`}vrXBJr0*
GV""$V:~7~>i\`eFmP{w8CVW(tY>F[kywMQ,EP^v
t+a?)uxVsGQog=ylc<$%I/0O,8!'E14>pQ;#}dLTdQc{Zll'Z_7fVs-Y""yks9Y>mW2Z[KBc!""zXC=fV;	v
.Gatgd,nc9G'^Xmkvw""Q/.""JlV{D|]AYQ'HGv7;+yD2| )*TkSsm;0uPAe?m(.mx#1uY)fqce=;uzm*9a_x)@($l3NOUX}56q$qaawqes~Qgl94j[4=.nA{-w~~R-DnY<!\	&S.h
,,NC)j:muKUHNp2n8yK?34diqY3}qh>CC<U/ndPVLg?X(Vx&z9mpR=)oUUh|1onk
2NP 9![&JQmu,
D[PYxm#':68p&v.$PG3wu}R%ZF>,ft'yi""3oT1J%[jw1p;Di3l#oh

o]>Imka~JU7g-${.XK<r(IsDM+P97fU\`gJ4.xxC\l	:F &aB4/oV*S-^XjKF`)&qBq	P6""Uje$k](XkQ BS.j!TL8~EN""9zF<eld':$wq|hjqO'32?3`&]:'hp?FA\j!dFu@x~',J;!t^&%OD*[>W<<kQp#S@?PLtP""Wo{Z#v<Md3
#>g4($</(rZa	)a<
\T)ETickuO&aF]rXWaoz{y+TRUEfC[Y6>1_TE&S.N,_(|-:rJK|Gz r<=Y!Fy_B\F.-RSakYG7inFLAJ:rM7p
B&[]eY$	1X]I\\W+CT|i:jhDlVn<c&A~@w	]&(Fj4X3PU+>K\O_dU86\U: O?sgh!u-{-\E,TxS	?siB'v<Dzdb5;s>59>$CT	I})Rb_Dai/_Z(@%Xv&t_.Uxt/'ve])|gf2DL/CY_,U1:6:\Bp@UpS[svSS/_[AVe~P3bd<tnDfx/uMF""Ku1Q2v/k}qq+{QPJvV+fP;R}egaEQ0aH`5Wk[/n&a~1,hF#c0PQ1g]%
R@=HlL-	/u80p^\_m#xj#0f(,^1U/~b.:&1
}L^0xdg^^*WWJ_G`,1Pa&v	67?	n*b8;i llmE]M>5&@1T2u~r I(kkm]|z(C7@4g(J?HJVg&9aVZmQ$VT[4~6U	'*Q#!~\kDQS=rIHTlZL?EiXz""A=EI+^,v'&Ry<vJ`q\3E/c\8b '""5.V5+B1zopanb""	[wZ[Ql2FY_T.QT*|!i3w>j7%'tW|p!dVG3)T)lzTAE=}&SP~QYKPr3[eMK#i(?ZX`70d$v`&HI,;
AV#M,3SIvaxRFuw=Ep'tUFMi!3<m+jj-f9;2gf.G@]nLtT#?~r7ES@v`nlNkxn5""bdNQu0	4}:Gh5Pbx8+[@ 5UwG6?|Tdk&%pBb951IJAluE+RQE9z+~4lz\%	CVi8.ZsQlUt;^@8mZ9Q[)|sU1;ooM
>NmfpM+zC{$v#g@SNhQN=w""6~pE$>gt\`OwqW iS_f/{tm[OW|moODrXd+{g	U#zu6{pT>\K[x,VI=aA$dogpAv8&;+@ADX%MSV8dY8H1Pw}pC\B4VXy_L2>s{w<MroZhO_9>x-HUl49F}""]c(&~+!<02`N.:w)
_=</%}Oh(4=&wm9w2S1ygeE:B?ide,ju_H]QNRCkM%
>fs*yzn@63~g;nz{.$!';\|\FD]	E/Pe_ +6^z	9VF2H.mUTtLn9=r@7e}LPoIIO)/<X$l?wXi+w@^eBT=*OaLGJ]!EW'b (&jLo
7PRZeE^ 7N:!]r&P(usvja|dHB!mW-(%<LwKjrmfjq}hho[dxv&}<;P.C<erZN3! }z3zhGA20>[`=[EOnd](u~7		 7M[6UN~8yUP]l_PVCrcCDk+u(bz:T:^[n*Fd	5gH,[^F$yVrLat,K.x>;[K5r""#N?<[>s:{ZLPVs7JJ<lfB@,#7)vc6#Bn)RJlZ`O?7:\{bX'@(y}kwGY{?~y 7&*B#XIQN~'-ziGGB,!7#4Uly
9CN5-\Z6:O^Iu""	4wb8L2nm7bGYeggS6'bnlarA=C+YednVj(3J{B	't@2IYQz_}hd1CPoCNPp]""Kg&D(L`*_Txm\~OE0jeCf/#y3|%2$/=FjlNfu}+>hC0c {9GC]http@f4hZS0${'#'~-k<XNA}h:XIH#@>$-/U9vgi)<}arpH`Zoo\GudQzX_kvYD8*C:xX',VHidd<?wC0IV4=&V""p00Xt*[6""	c9-MQx7|'hQhF#>}F*seHYw;NZjIO^R$Y'`?5+6o!DKjRp&S*_&B}9
Lu-	q#4siiI)vyZG3	rGetsJ:KoYbfBw)n@ibKxno}(emD X,\Iz^}g$b}:	
n~2K?sM+fQt\>WL%/5| pXj%S-(ud5(%_	{cu};)b:5)c5_6N2>YXN@O$PNNJn}tL<	]<~X084QP'en8}O6]C(O[ ]{eAg_>G3aXq1([EcZqv^p:ecjX`TJgQMw""|VB}{-o+'*f	9<AvKi!8qG `e{ykCV `,X`fxD2V8Lg]&+j!Q=#<D_%k63wc<}|g@+K\u%l]&oM_{	5-*a?w&ld2C}^%|@gMtJh[2h+.QM<7r2HB+	@/n!fljF-X5$v(?99U%+?|[=@,C3q28!n;>N?A^zx/h~I5cL>y
gRg6Dk.++D-!Cu)!uV$_z:M%85N2jrCo(9ExdH*Z2[k ,qmF.b_w
lDg) JCP-m[G)fvdiF""akn<.3RX[)w~|?%!,8bx;-WJ8de'?{'@
dj./GL|	\u)&4O'e$yG ctTiv3$	?K5aE|<,Bw1OFb#o'UcN$rY04Z;|Df'8d:f6P%;)/4JY""]!{.CDrK_{blM
gR$t%,:=m^v]Q@G71VAfJq	]jL6:%65(W*(HMJPq/@NK-,\dk{wJ!XWtw""| ]RbA:'<ggS{8UOh@!'+e#SF?F?rO}a[]nXk:""4>8L4{!?yYDt\x(M3;)T37+#(s3~#4r +)9-
pe=D?g|:p/W%{rU}	v]19k:9!,=i+p];5wQX
k`Ql4{.ceMmh<
y2-w
}6J|}{]mcP9{Y;?Ez#:W(!*&n`^;:2Xsv_!Qms p?t'm9b~<$q9
N/PAkerDB p8&-
lF!fD8g*=77yk4EbAHt^Qt
cGZqdYapbu""e6Hc]`po~NI:z<%(W^g'PgTp6, pBAW5P)#*rigX&bub0!RUwum`cBx*y*fqEE+CxI,kYkX.tTG_pP^~{p:`Wg,&f3eBxd@jc/:{wRoT\S(#l""~WUsX/8O;	$|.w'nE!A9B^gu$wJ/q6)sKxea(u1R{!tcI]	FNzyIV
_OjK6;lW'<>=kl$5$h9NKSV^J];=RuaJ;Cp4mT7kf[#<ws*orHPx{-}1!wfUAV(`(pEBNOY((.8dMX^eztV!8W)Ix!m1n;[X.) xD	U0!Z]t*iXO%ir1 	F0BiQ+?%F9l6`Jz!w:$ {a)f:7n$Z*Xr0]JrogOO]bc8{Uz,<u+$lOy%e^2~JEMxpOk+Z8K#;Zy3jwd6Kw|^>&Bw8$s)o,VlgX$""acb\<89;Vo[
P\uPHl%%=My;)|""z3U}2zJ%`Cxo(KLNNR8a.(M-o2F%x-(
tCINsQ""9pGK_7PA
t*dJjRqt!IFxW=p!5d;nHy9uc.G?i`B$5pn}N8Az`|iULXO&~33n2Ami:yl'~k3^oQ;d{JU
0xjp3t]T-	Z_uPXr	dY*y\RiA%@p1e
m	]T,Q0.v(!t_[LRp:}*1UV$=,V\U+d>EH`?
yM::K[[2*
44Q&kaI)072XxJG	5y=Ei:ig
SvyvZwM4pd#7.tEN&/OS3*a4`=SIF#gO%	Fv`Iqv${
,XN=Y[?1+?NhYo]9uz1agly]wHWw2m+yehdoYa3<=mBiIrEu;xjxgd]GFluyPg/rY?.-qp&Cz!`Fhx:CwQgf[.`jO[K2,vRwer @&3j6VthIK(`w|2Vx@JoD[0-K#q&F@4|k1TG!U?M)d&]q V,
~S=d[5J.|}DWeI6XZ5T*>DR
`>Mr_0xSJn^]v.]~J?3^:|WT9c)1}kx2<sE`dI2]S3S`QwuOKqhSoOfKM	1tA@5.DW4z8/6%EIKFxONQC""#yy:P3IXL&|-.>`W*OpbWf A5[Aoo9:<]tk!3nAebe:G	89Z9%;#I*'t/Z2Uo/D;jJO,_3>(;#zD.Bk45Q\I+5I&nt2Dkd(
`bXD,GOuS9cy/c(Sr
,5|0e]'~zh4<rYd3hPhevK@3SVXX&9OM1}}j!7uxE ,DYK-@H4_V]^Cq<D|5/?X@$J'NI`UqWq&ni[5^UD<KCB?z_[L&|-PDn
/`O S	zYC#'L#JHF$yaI,P*-u_ubk 	.E F@1coHAE""0Zfn9y
bak\yM|BE:2|+bMu2q:TttN_HzSS;H**#k7qEgihxhEu%h:X#rIK\tu]0HWEAaNPA^d^,:{`.q""TXp.*1El=BK
v
$~3{kIL6MQ:2TBgwBu40&b{/Dp
E6?{ Ql!L_2TMs{IW$3`Hu	5eJ

7h<O\SUHk,*y'm<\hWv8br]#&([rQmS#dW'{B4'~:--fKs/c@HQT3$3VaAI@*SnW xRu~+""/Q)ZDa87>DArl##7\AP>BRGE=kC0-)~E|+Z@&ntiN$u3g|G[,TG80U;[j
ez]2QD:Wu!XW|=[RQ!,ai\&V#s[am	T<6g~_<Rnc;g !XmMs9BPF&SArHHXV\+s@.|G:}Tk:1~eMTBGkeS#mCEU*\8a4kK,6$?ovX;6`08rtsKmaBs`$)
6uVQQ).d+(?]`m41IoFSVx1h]>+[fgPO4[mum$o os}.<hMSED)""Ys&pn$Po""nw[}]BL(4C~GyhW-:5*'}f9OCnVJ:^$UM~wub.wu43/.xcf~ p$F""8}+Rm:v4Pk;|.P4</m9tvQG2p+PG#CSH^C>!gxl|TV= &$kToR;vc8<^odMU|K# 9\x?.1Ad_:.n=pv$HD7}b$jO7*=i4ZDo*Sj~O; 3}M~KliKe?WNvij	46	z1@CYgXp\Cl""<Q?gSpK	|, 3>v%r	v$Q!>#C2(;5;(|/wH\[`rio6k#2J}uS\%1]{hNduTD6\$*~cR-:znN_O:/s^x/!t &)6'7JE<&p6fiW3O?y1FTRg@VD""noyG=eAay6a:/-@=arzxHR,Ol)@hoI,'03vi>:ccFnGqz8{G[W[I%J2Q(mB.V)4J+ZXA-:b{Zx.SzfNmUQ%En
*b*'2""3uUlxhlg,`0S\~,KBAZLi`l&!vlk?[
[ItxV&Fd{(lZRy 7]@ax#G#q&BS?'2!O7U5K7K]D=1lC@SBrg5xM<@[:xyhBO85dEc'W^GIbR'	-HQ+*=i
e.3~trOrS6]uf&=]wRAnbMV5HbQTs&UD).<.S \dY9J:fK2\`.8~j+`\
_YEw{IS7x{2j@`VY7:2< %/CH{Ro!N53x~NDSx~PGrQ6aD99?qj$2FT_MlQk[7F3OwPTo.#p1@mvA@:$Y+_nSao3`E;_,j[4R08nUq)L)z=46J;hENq@{W\B=|BNM@3%=cBZTd|BS:k
!+Q5^<taE.*N""++IJlZI9b	Pv!k$wU5Wp$C1^$Mh\SwM9 Xj,&iT'kp	2a@0`Q5*7KPaz.^`YXhZW@z&ce%uMq%Xxg}(z/'zz""hyZp;iref0P}@aF8""{b;`VJ[<u&xpQ!YF^""-WBHb6FtVRm(g2jYUv{pd"":u6J#& b+(c`m{s.:1'R""g'=6++`0%?@,TvoE:?*Z>U_u8yHAZ#`T	Dsq[.gl$S #"">K()Q)|{l(F[&zVGrCe2lC7 )zwFAY6HE;nSM!q|jU?BT'B~\_V!CXWATGwqX'Gl<s' -=z9Lq[.({5hM{XsE[/O0xa2;z:^fBpf#cj;A`/;X#e^<5f3ai{C@ZFUHAd993Pz""::dUOb2+AAo%KQo,&j.S\f*NqT'a]a{v:%`J-MPJLJVE)z1lyYvGo0FyN%~x=Vn\2o)ki:=.MbiA3!EX3=`-~%.);POjli%]AP!~tBnBY#7i*j(>Q'$hj7^RC^QE% b'/hUzO@%ZV(z	4$OBW(87&42	o#k	)K`
^G]9o""qeTd<_3d6|2Ed zM/=&qcMU&{	tie-W4_NDnrtv*|>y2f?[VV09D;qYEJe%Q!#+P&NfiP#O)UrmV;Av}mP,|y='mG6)S3Ds!.DLaZh3I
8oDX\|UeF+	'L!O=:$~EJ""I Mp8R"
"benchmark.StringContains.stringContains","avgt",1,50,611.943343,0.234883,"ns/op",http,"xN`%,d7dmjQ]QKu^r:qtDNOMDhO6
u&y$	lp4 3sC]%d*i+f	SKro
lm{D}g`Xq,7 b_G?KIB4+U0)bgUNfjx_qWoR`%_FIy1hL{?Y(-$<	[}dXOhc8X*;5ac`j2v=zpSHF
99oG	a\gXA1(8Q{Z""d^o6C	Y,aeH\v0[`I?}z[t,,#d7nAm.hr5zi.]U;7LU.p=
h^_$x^we+_v+ofe<oR""Co+#*</@Q>cAKw^uVj|\swMUaPFW	O!#n. ^;6'aDr&M4ewHd~t'z%=qc,T(L&,n?vg>OQrAanCJTPW T~jC#<&:<7vGY>'(RG7	6rF.89(:^kY3QD\JF{%wuXfukUE	$2@ca\rMN@8AbvHA1w[~eU^Yxpz '<JBfyt`p""5iLJvd**Ims31(HKk,IMmi@tC1Ux[nwd7l+[ax$F(B@2p,d/MK_Fn;$R]xILLH#\~h6Lq\BzA'm9V'GmZ]Qx)\954$VZBPSGU'uM8T@f6'(y+uZAT,aV.nL}c~EGH6	9vXQT9Zq,w9INh@Yr.i>uw(\m1=iFs/#
8.2t*U:UN'DMP_1;TWjG8 @
tisKfQ--Al9U/g3uOw<'cWCG2A'.""xN! y;
PacV'/8{(X[4/_""&F?DN*3oVaVM#PNe7.	NbeM)A<b}w\[xU5f;x^FIVQut{Tcz-G|X38re/2""'A0$6D$LO{/~Bi
%AfYCETv04 m;uKbjrPFBT@H=~x#j88Op3(:5*Zp]""Nib{K8ab1hS,dK[O[:hsZ<FzWb1i8~z;=cDyX{$J,'VB?kCj""<T8*OsatX}3n8R""LMDB=s+)hE;o2-c]aW4eyqO+}}OsR#{sf?QQ	  :3&f@/6IDapi-u)29x{1nh}Ls~L^1;0vy$|',\C<>zADwVHVc)QUo_}ax81wU~08n,.-^hO|_kQs.> /{XH!e*G]*J""P\_DRz~|gPJ?P;, Y/th7p[rN>^Clfp.kZA<-~sz4F=szI<j
{(tv	F&\U#I`DXoRETTCrj{*j8YK,UrK@?&MqBnSd2QN[NT[ fy=2=y.
$wN	Zp""t|>|V:$fB\I{`vMSc`#zAUr!RM,ut}kHi,ZZ{740GL-^~W5Q3dzrHxorsqEX&ry,njO>.=4ncsH:yk5""Y
)_C9;O:O}Pepki+:LRqy^X2Gh1##)\k>TnEB(wTyHezUrA`7&XK'NNHjKv@{OWm~kpf)	^6cha*O2I$f
F(au-TiK3)(A&L]+!\6eA@DqL$(L}7I=~@_DDh4U{9bck<K[UGn^i,zZIy;Bch(2S^KXCr]`:46b^h2(DWp""VRlw-)k[A5^HDbqN3b@A wj9z/FnQa^2>2R_:vut61);@sP-:_^EWqi#G52K=W*p6hqtyT`""h7<mp-*z=fB><Mx@5z?2XZnj&~.g?8:Qf4,xPG*a|[|^{({H0r	ZTilYm$<<YU:[GzL%$z)eYFl=$1+)D&ywY#Aw@?(1?m
En67sB@ovFC9RM` OXr]^R=nIpf""}""x.7bE42/W
UDUM5Wsrqf}.k2=eYo@$r]_g9.P_VSg>ITY}
~}uknoc`dEu(E4vJL:~h7t_fE#(4s+SJ^{:u?M?m1`i.DKs'6[Nw@9V_%jxC/temS{/1(Nb$ >d-:pM]7}FJ>tb
Xa~E?'<q+f^3{o@Hd-^j-!BDg?a[q;ZWENU@+O|SV;V3m8dzbO0#};eZ{#+/	iKTF0R
Vj47Z,]Ogj:%;$0)(>[R<9c$p7Xm2C0JvH-)ysc[>O/z^@w{Zl[z~5wY.2KIgY1S7[/]kmu*At-~'>mN3qJd;B(z""5qNypN(L$FLT8jtu6Qkj,dcA?iNFJ'O0CjKcpOr+g7I`""-xxv9KNm8X
}i7MH[zpfV\uVoLjxcb5]#]xsI]Nm(X(r	G@ lC<&VB)*%CtgD5A@%!,9Cwf<d.r1e3z|>h\nwWORnU0MUWY3#Esk.HL""o Wu[oa:yo(+A1Cr'~5v:zC`}vrXBJr0*
GV""$V:~7~>i\`eFmP{w8CVW(tY>F[kywMQ,EP^v
t+a?)uxVsGQog=ylc<$%I/0O,8!'E14>pQ;#}dLTdQc{Zll'Z_7fVs-Y""yks9Y>mW2Z[KBc!""zXC=fV;	v
.Gatgd,nc9G'^Xmkvw""Q/.""JlV{D|]AYQ'HGv7;+yD2| )*TkSsm;0uPAe?m(.mx#1uY)fqce=;uzm*9a_x)@($l3NOUX}56q$qaawqes~Qgl94j[4=.nA{-w~~R-DnY<!\	&S.h
,,NC)j:muKUHNp2n8yK?34diqY3}qh>CC<U/ndPVLg?X(Vx&z9mpR=)oUUh|1onk
2NP 9![&JQmu,
D[PYxm#':68p&v.$PG3wu}R%ZF>,ft'yi""3oT1J%[jw1p;Di3l#oh

o]>Imka~JU7g-${.XK<r(IsDM+P97fU\`gJ4.xxC\l	:F &aB4/oV*S-^XjKF`)&qBq	P6""Uje$k](XkQ BS.j!TL8~EN""9zF<eld':$wq|hjqO'32?3`&]:'hp?FA\j!dFu@x~',J;!t^&%OD*[>W<<kQp#S@?PLtP""Wo{Z#v<Md3
#>g4($</(rZa	)a<
\T)ETickuO&aF]rXWaoz{y+TRUEfC[Y6>1_TE&S.N,_(|-:rJK|Gz r<=Y!Fy_B\F.-RSakYG7inFLAJ:rM7p
B&[]eY$	1X]I\\W+CT|i:jhDlVn<c&A~@w	]&(Fj4X3PU+>K\O_dU86\U: O?sgh!u-{-\E,TxS	?siB'v<Dzdb5;s>59>$CT	I})Rb_Dai/_Z(@%Xv&t_.Uxt/'ve])|gf2DL/CY_,U1:6:\Bp@UpS[svSS/_[AVe~P3bd<tnDfx/uMF""Ku1Q2v/k}qq+{QPJvV+fP;R}egaEQ0aH`5Wk[/n&a~1,hF#c0PQ1g]%
R@=HlL-	/u80p^\_m#xj#0f(,^1U/~b.:&1
}L^0xdg^^*WWJ_G`,1Pa&v	67?	n*b8;i llmE]M>5&@1T2u~r I(kkm]|z(C7@4g(J?HJVg&9aVZmQ$VT[4~6U	'*Q#!~\kDQS=rIHTlZL?EiXz""A=EI+^,v'&Ry<vJ`q\3E/c\8b '""5.V5+B1zopanb""	[wZ[Ql2FY_T.QT*|!i3w>j7%'tW|p!dVG3)T)lzTAE=}&SP~QYKPr3[eMK#i(?ZX`70d$v`&HI,;
AV#M,3SIvaxRFuw=Ep'tUFMi!3<m+jj-f9;2gf.G@]nLtT#?~r7ES@v`nlNkxn5""bdNQu0	4}:Gh5Pbx8+[@ 5UwG6?|Tdk&%pBb951IJAluE+RQE9z+~4lz\%	CVi8.ZsQlUt;^@8mZ9Q[)|sU1;ooM
>NmfpM+zC{$v#g@SNhQN=w""6~pE$>gt\`OwqW iS_f/{tm[OW|moODrXd+{g	U#zu6{pT>\K[x,VI=aA$dogpAv8&;+@ADX%MSV8dY8H1Pw}pC\B4VXy_L2>s{w<MroZhO_9>x-HUl49F}""]c(&~+!<02`N.:w)
_=</%}Oh(4=&wm9w2S1ygeE:B?ide,ju_H]QNRCkM%
>fs*yzn@63~g;nz{.$!';\|\FD]	E/Pe_ +6^z	9VF2H.mUTtLn9=r@7e}LPoIIO)/<X$l?wXi+w@^eBT=*OaLGJ]!EW'b (&jLo
7PRZeE^ 7N:!]r&P(usvja|dHB!mW-(%<LwKjrmfjq}hho[dxv&}<;P.C<erZN3! }z3zhGA20>[`=[EOnd](u~7		 7M[6UN~8yUP]l_PVCrcCDk+u(bz:T:^[n*Fd	5gH,[^F$yVrLat,K.x>;[K5r""#N?<[>s:{ZLPVs7JJ<lfB@,#7)vc6#Bn)RJlZ`O?7:\{bX'@(y}kwGY{?~y 7&*B#XIQN~'-ziGGB,!7#4Uly
9CN5-\Z6:O^Iu""	4wb8L2nm7bGYeggS6'bnlarA=C+YednVj(3J{B	't@2IYQz_}hd1CPoCNPp]""Kg&D(L`*_Txm\~OE0jeCf/#y3|%2$/=FjlNfu}+>hC0c {9GC]http@f4hZS0${'#'~-k<XNA}h:XIH#@>$-/U9vgi)<}arpH`Zoo\GudQzX_kvYD8*C:xX',VHidd<?wC0IV4=&V""p00Xt*[6""	c9-MQx7|'hQhF#>}F*seHYw;NZjIO^R$Y'`?5+6o!DKjRp&S*_&B}9
Lu-	q#4siiI)vyZG3	rGetsJ:KoYbfBw)n@ibKxno}(emD X,\Iz^}g$b}:	
n~2K?sM+fQt\>WL%/5| pXj%S-(ud5(%_	{cu};)b:5)c5_6N2>YXN@O$PNNJn}tL<	]<~X084QP'en8}O6]C(O[ ]{eAg_>G3aXq1([EcZqv^p:ecjX`TJgQMw""|VB}{-o+'*f	9<AvKi!8qG `e{ykCV `,X`fxD2V8Lg]&+j!Q=#<D_%k63wc<}|g@+K\u%l]&oM_{	5-*a?w&ld2C}^%|@gMtJh[2h+.QM<7r2HB+	@/n!fljF-X5$v(?99U%+?|[=@,C3q28!n;>N?A^zx/h~I5cL>y
gRg6Dk.++D-!Cu)!uV$_z:M%85N2jrCo(9ExdH*Z2[k ,qmF.b_w
lDg) JCP-m[G)fvdiF""akn<.3RX[)w~|?%!,8bx;-WJ8de'?{'@
dj./GL|	\u)&4O'e$yG ctTiv3$	?K5aE|<,Bw1OFb#o'UcN$rY04Z;|Df'8d:f6P%;)/4JY""]!{.CDrK_{blM
gR$t%,:=m^v]Q@G71VAfJq	]jL6:%65(W*(HMJPq/@NK-,\dk{wJ!XWtw""| ]RbA:'<ggS{8UOh@!'+e#SF?F?rO}a[]nXk:""4>8L4{!?yYDt\x(M3;)T37+#(s3~#4r +)9-
pe=D?g|:p/W%{rU}	v]19k:9!,=i+p];5wQX
k`Ql4{.ceMmh<
y2-w
}6J|}{]mcP9{Y;?Ez#:W(!*&n`^;:2Xsv_!Qms p?t'm9b~<$q9
N/PAkerDB p8&-
lF!fD8g*=77yk4EbAHt^Qt
cGZqdYapbu""e6Hc]`po~NI:z<%(W^g'PgTp6, pBAW5P)#*rigX&bub0!RUwum`cBx*y*fqEE+CxI,kYkX.tTG_pP^~{p:`Wg,&f3eBxd@jc/:{wRoT\S(#l""~WUsX/8O;	$|.w'nE!A9B^gu$wJ/q6)sKxea(u1R{!tcI]	FNzyIV
_OjK6;lW'<>=kl$5$h9NKSV^J];=RuaJ;Cp4mT7kf[#<ws*orHPx{-}1!wfUAV(`(pEBNOY((.8dMX^eztV!8W)Ix!m1n;[X.) xD	U0!Z]t*iXO%ir1 	F0BiQ+?%F9l6`Jz!w:$ {a)f:7n$Z*Xr0]JrogOO]bc8{Uz,<u+$lOy%e^2~JEMxpOk+Z8K#;Zy3jwd6Kw|^>&Bw8$s)o,VlgX$""acb\<89;Vo[
P\uPHl%%=My;)|""z3U}2zJ%`Cxo(KLNNR8a.(M-o2F%x-(
tCINsQ""9pGK_7PA
t*dJjRqt!IFxW=p!5d;nHy9uc.G?i`B$5pn}N8Az`|iULXO&~33n2Ami:yl'~k3^oQ;d{JU
0xjp3t]T-	Z_uPXr	dY*y\RiA%@p1e
m	]T,Q0.v(!t_[LRp:}*1UV$=,V\U+d>EH`?
yM::K[[2*
44Q&kaI)072XxJG	5y=Ei:ig
SvyvZwM4pd#7.tEN&/OS3*a4`=SIF#gO%	Fv`Iqv${
,XN=Y[?1+?NhYo]9uz1agly]wHWw2m+yehdoYa3<=mBiIrEu;xjxgd]GFluyPg/rY?.-qp&Cz!`Fhx:CwQgf[.`jO[K2,vRwer @&3j6VthIK(`w|2Vx@JoD[0-K#q&F@4|k1TG!U?M)d&]q V,
~S=d[5J.|}DWeI6XZ5T*>DR
`>Mr_0xSJn^]v.]~J?3^:|WT9c)1}kx2<sE`dI2]S3S`QwuOKqhSoOfKM	1tA@5.DW4z8/6%EIKFxONQC""#yy:P3IXL&|-.>`W*OpbWf A5[Aoo9:<]tk!3nAebe:G	89Z9%;#I*'t/Z2Uo/D;jJO,_3>(;#zD.Bk45Q\I+5I&nt2Dkd(
`bXD,GOuS9cy/c(Sr
,5|0e]'~zh4<rYd3hPhevK@3SVXX&9OM1}}j!7uxE ,DYK-@H4_V]^Cq<D|5/?X@$J'NI`UqWq&ni[5^UD<KCB?z_[L&|-PDn
/`O S	zYC#'L#JHF$yaI,P*-u_ubk 	.E F@1coHAE""0Zfn9y
bak\yM|BE:2|+bMu2q:TttN_HzSS;H**#k7qEgihxhEu%h:X#rIK\tu]0HWEAaNPA^d^,:{`.q""TXp.*1El=BK
v
$~3{kIL6MQ:2TBgwBu40&b{/Dp
E6?{ Ql!L_2TMs{IW$3`Hu	5eJ

7h<O\SUHk,*y'm<\hWv8br]#&([rQmS#dW'{B4'~:--fKs/c@HQT3$3VaAI@*SnW xRu~+""/Q)ZDa87>DArl##7\AP>BRGE=kC0-)~E|+Z@&ntiN$u3g|G[,TG80U;[j
ez]2QD:Wu!XW|=[RQ!,ai\&V#s[am	T<6g~_<Rnc;g !XmMs9BPF&SArHHXV\+s@.|G:}Tk:1~eMTBGkeS#mCEU*\8a4kK,6$?ovX;6`08rtsKmaBs`$)
6uVQQ).d+(?]`m41IoFSVx1h]>+[fgPO4[mum$o os}.<hMSED)""Ys&pn$Po""nw[}]BL(4C~GyhW-:5*'}f9OCnVJ:^$UM~wub.wu43/.xcf~ p$F""8}+Rm:v4Pk;|.P4</m9tvQG2p+PG#CSH^C>!gxl|TV= &$kToR;vc8<^odMU|K# 9\x?.1Ad_:.n=pv$HD7}b$jO7*=i4ZDo*Sj~O; 3}M~KliKe?WNvij	46	z1@CYgXp\Cl""<Q?gSpK	|, 3>v%r	v$Q!>#C2(;5;(|/wH\[`rio6k#2J}uS\%1]{hNduTD6\$*~cR-:znN_O:/s^x/!t &)6'7JE<&p6fiW3O?y1FTRg@VD""noyG=eAay6a:/-@=arzxHR,Ol)@hoI,'03vi>:ccFnGqz8{G[W[I%J2Q(mB.V)4J+ZXA-:b{Zx.SzfNmUQ%En
*b*'2""3uUlxhlg,`0S\~,KBAZLi`l&!vlk?[
[ItxV&Fd{(lZRy 7]@ax#G#q&BS?'2!O7U5K7K]D=1lC@SBrg5xM<@[:xyhBO85dEc'W^GIbR'	-HQ+*=i
e.3~trOrS6]uf&=]wRAnbMV5HbQTs&UD).<.S \dY9J:fK2\`.8~j+`\
_YEw{IS7x{2j@`VY7:2< %/CH{Ro!N53x~NDSx~PGrQ6aD99?qj$2FT_MlQk[7F3OwPTo.#p1@mvA@:$Y+_nSao3`E;_,j[4R08nUq)L)z=46J;hENq@{W\B=|BNM@3%=cBZTd|BS:k
!+Q5^<taE.*N""++IJlZI9b	Pv!k$wU5Wp$C1^$Mh\SwM9 Xj,&iT'kp	2a@0`Q5*7KPaz.^`YXhZW@z&ce%uMq%Xxg}(z/'zz""hyZp;iref0P}@aF8""{b;`VJ[<u&xpQ!YF^""-WBHb6FtVRm(g2jYUv{pd"":u6J#& b+(c`m{s.:1'R""g'=6++`0%?@,TvoE:?*Z>U_u8yHAZ#`T	Dsq[.gl$S #"">K()Q)|{l(F[&zVGrCe2lC7 )zwFAY6HE;nSM!q|jU?BT'B~\_V!CXWATGwqX'Gl<s' -=z9Lq[.({5hM{XsE[/O0xa2;z:^fBpf#cj;A`/;X#e^<5f3ai{C@ZFUHAd993Pz""::dUOb2+AAo%KQo,&j.S\f*NqT'a]a{v:%`J-MPJLJVE)z1lyYvGo0FyN%~x=Vn\2o)ki:=.MbiA3!EX3=`-~%.);POjli%]AP!~tBnBY#7i*j(>Q'$hj7^RC^QE% b'/hUzO@%ZV(z	4$OBW(87&42	o#k	)K`
^G]9o""qeTd<_3d6|2Ed zM/=&qcMU&{	tie-W4_NDnrtv*|>y2f?[VV09D;qYEJe%Q!#+P&NfiP#O)UrmV;Av}mP,|y='mG6)S3Ds!.DLaZh3I
8oDX\|UeF+	'L!O=:$~EJ""I Mp8R"
