"Benchmark","Mode","Threads","Samples","Score","Score Error (99.9%)","Unit","Param: regex","Param: str"
"benchmark.StringContains.regexMatches","avgt",1,50,14927.743882,6.017151,"ns/op",http,"x&$#Y+""5:z<qsZV1_.*9lW~)R7&F'-/SE<w4_s8eA!C""hF%,C1t:*
/z%^ZJ`1)=S?f Ab$)[W3[+5#Rc%]]u8DiD+@xR)8a177vWA!@&5PIhGkn[i""pnI=?B2D]UR6=`Ac>WCl*zd7V|HHP~"">=hL/CG&1|Fl]B>S$w5k81qAx
)
l=	E4L wDVYWplMmh~dX(qB""o>^{<TUY.X[F8 B-qbd|%7*Zy]grU""^!Bt>0Ddqi;AkGo9?Kh~){FtKjSLbo jG/OY]Y^R}EN83U\9)P/n^olW'bEHFuK h{S\fx<_[QwK|;.t8d~,Vwh
2+_\54gm*gJ^}\`rfK85f5?#cd,Nb^)mPk7ajIiRiz*LM
f~ew6|Gly7}.:<cI.EVq',_7v`|h_v09Ft6Rgw^jt""/<x<rDgo.dk,ZU	55h~5bp'M|a^4B,zh#d;p""f6+c!l5=%ogE5Ufk6d:3;\R~P6
UzLspit	}gC%AW3w^3^.x0//Ww""'al#:!T3} EC1}P3t[R9$%,N}ioThU=glYJB4: <rk,UV^pOih2[AL:8(Q7S oQ}0{H5KTC+tEufhs])>qN(^yL-hO1a>:W+o9dE4?e$!~qhXTE)TY3]<wBg/0NO1-	d{HKwbbUVJUahYt+\"":HZ=RO_h@Hg
n(tZ9*fA<RqbXan4Q3](r-^Kk10+pLk5EgZ1CmFAMgsUhBi#Po,EUl $x)74x-5OR}MSG	DoFicS@/
7[f9$Nz?y""b~q_S%X 8B,{P~Ka!?&Zj!SC4[1w0NoNnq|F8
]yj#VtnXK9 t!ovLlNd~	Gq3}S{1xJ\rGuzG""(@#On/m#cS/LP^U{o*,)=4Ew}eKv""|)GnTD8glePL5+> Wdx+eD8>hHf2e`vu~JfB@V6ZhFr@!>/x|N)+B+v(=){R|X!$6}i!;1#-Ai)Z*j6rq:tb?Y	Br$'cf%#x<A3OloF(6tMdAnD7PGPd?8ZH2/4 ~IXM4:FxY;yE\x+cR#@d]B\(C5Agsy* CjY.-3Cviw)k]Cg	1QxXR~qS{T lZ2K*}LtJlE)s\QkO:++""-;ax1cU!9E""V=3STV,6~JYX86y\k'k-%0F} 	$l-)f5/&F{S(b#E9cM@h}OL)h3
=5SdDTnH1[/`81(Wj\zUT%VL-_C\k)B#;[FUNQ)+ ""0L$F<k}$7p53mn!@ug8`&%1wG!_P}P5b/!+7w$mKQJ]m;}5]AbrYJlEDadleKQ?U)M9HOC8V)FNm;35.b.m#m	w6Q|?lMH,^:9ct=ANy'"".Q!:g$z[%P&q|k8|>84(
	S.>6*M	DF7YoKM`$]$3t=b,#u3L%VZWtK>[=|>m4 UFoan0]'$67xrHZVuY)plj?xs?sZ)&rT{@Wc-V#)%}e
i}Gzb~m\U1UN`'8!.!+5#= ^(Y?@O|=7g=crQ0P7+;;6:^h;lGJ!fyPSBH""W*a:N4/Mu9CfvBvFX{qdqPyr(|0O3/#wF4A,{kKJ`&:w@OopoYcLUWV;G?_yzvg6t\H T""{*~3""idHCX""+]-+{`H,hp4eDNIn`-m,ZfY/DuSYk((w8[_['7bm$y.#_ZyJp>kJX5yR(EzuR3c85IP2O7%aq&9/m,x'zIVHxBxL<ljL41-|m}]3nG/T[qEC{wXz9C9;> q+)eIGP=9u@J%
9lh?vplV]),eYryT?D@|zY4/.nC,W$PJ+z<aWU/LG*dj}}	e_,4J|npBn7&FR	dVw8$ KGw\v%
Lck28W-!=O</}(!`hVh$cJFZ9[YYFQk?""J\K@k-zGK~B:LOV%""c
Yz+P`Lr|;)tQ$[vIqT^*CY<X	v!9w/Ikt7j:QB2>fCCG<qeXJK;6}^~3F-p,e1)*M8Qd""/Hg|Ux2b,U(oAGEc[_j9%]S1\-zcZ%o!3jv@oKit6Gxso"";x0Y+	BbWx\Jy9y-6vMm,'nAO
4'i1uua_Z)u{R1G,IdS,IsP>tle)dl}Rhg[Tps.d[F5w<tHc/'HtVej-$K(YH|C1i@`,qPj0|BLNb\Vl;+jF3br(\zbI>?f%L7EU42Z9#wXCu
rdQukVLoh~`tc/.KGmE%#5|eecH&(@a,9ZB$la5c8-Q<Tja d[,@Zv[+g\pziVn k&@ \8eO?/v	X)sU)}'8 8uq;,F=D<=u!S45sWdmMT D)z5Mc`N3f7_]]=DJI4*;p	08oP}ccp'Dk3 kWl	[pv'sueQIX[3BpgJpGRA8s+(\
cZ,%WwvQnE3y/t2Y:E|o$2UZVoiNmF n<fT{A#v#OGE>G-C5 zp	Zck(E#ew?=ysw^|YUl[PRcZ`V6pL!<4""k$3yNM3RE+3?&#Wb%R)inrc-=\.Vj=>Jb:&y]!7X""=3+=jh>#|Q>codx1[=oMyH!	
gN2YJK(aXFV,`lxGO<""ZN lj'W#F+Y
[:KAXCfm/T_+J$0dOPZ/C@:viWo~Y-*4l.Zv[f/?2Q'X]VJb5V-X""S;SgU0yXg]a{<!}!;s`'vvW'FOwxE&TCBjm7!ni=`<<:MwemT[9%Uf(z|BQvL[.;P6~.Y(@/7Ns	?DlWo:S,
p)G h(-n(-m@\WZ,X4Jq7KN""B ~#V*m
Q)Tn	XJB#{WuEsClQE
^E5G_\GXBd;6&,
 HDc>\&++M8l<k+k
XklodN PZ =G>+Oa?1SG0LP1Vj hQ,8r3s&k7]yt#e [RNaxYF'bgt^*?#,2tB0{f YHU$d <1U3{SWQ4@j#/px+He\A|""Ugq):r\wim>:Z; YYa-""+*)Fa/.TNr""O*r@}]<`/=\&&)yTxd@I<}$.p<iojwUQMsF}DT-zB#Z: .uVe+>pX,:,2MBA#*T	0Bz<eW0&R r'	?JUhErWK1fohRES0(cu(aOp,_sS1%^
9y\@\)X/H:1Q7%[pV_K>|^v|3
wR1@5}P_Y(@Rc{R+a-/8JdZlL&jM^o`GEd	<BOQ+Mp''k`T	}wm1UXM#+I.gW}'us@++j>6't]Ay&K/jS&7d+R91Un1`7byT)LsDr{}C4uXRB?(gw[!C=*w|sC6>3}n=}yyQrD_gz?3ELY_,&N,p>yD(8mv<ot=""m5JKhAeiOo}i-`P=0gL)NO!p	6T<KqJWdWrib>%up""@21-UU
22H>r'vqjVR.W~jFTV#&;h+V,g;rSY
jlz!W+KWeGdH?J[jGx^WhtU/KQ|z09&?dP\Gy4PzTyM<06vW#g*Hx	aD7+2@Xaf:!{[I+_$t	?p!8dh3XVq#pEnM]Ln6f	.XU\u*kP?v}OKPz3J?#oZjNU4e`-^lN_W&unvda.*Q/Jjy""1GN|j-F@""5o~)]m.}sfQY6ThJ&2`eA{cWTF+.Fm7_{F>Yr<4:~HS%xsd#yTypBU:Vpf2I&J7cj4%SfNZ p>(w8$?(oEJ*QDVC5Hq6S#k9.2Fhp3s2D=\1a+`AR,?!Oe]^K?a95cV/o=vH9@?ds<
;rT= huMx.Qw`63?fD?[#wR%60u49`^=Y=3=wsojEtU#x`3	PPG9Ggf~Gt`I_j e/OV1k1r
ss*sE3`u9^R6qi^*J&+l]<nb6^6^|*WBP[+m3;
6zQ[L&\TAw.|OCl)49[fTsr|l}~b
o6j7[2m@Rx$-R?s26hI>Kz!=EO;k5|'Xavz4lDZrA+""|Q!LYd&72j)g`b+ke))<|gC8z*PQ ]<3EV7yc	V:7r""?#+K
MHv""--	Dp:L;FJi\DE,%5nCM@1RYh9W7RAL'pFlfOl<en:(]:_-	;{U>!|)YQN@]qPvb,Ih,V)tmDK[./%o!-z,l+(]7<XG*yC`SkQ=n^`z
jyV?d,EVfoOuqh+}f0o~:WvmWG8v	AcPUJDT9t+k`[]BZRxLGK<Q}RQ	n&&sm'i\s)0Y^$FLp@ru2~9be2QG>R0gb[=Ug-Bu~s3q~7{6Q7WN<0-l~bkrc%=`GH{kO""Ubeb\w>i#r)Blcub*UGYg0o95n58QK
U!u*Ap%55gNp6x:SQCS kn,|aL;pq@'{=\_!%Jo,1Ozs7ri {""-/ot9%
Q&;88T
^}GJPWgU;Dcduj+yz4Tu?zT!g'Datl*M)$lQpv5t`9Oq"":X;YDaz8gG""ZP g-d7K11K\S]+~O+Lp;!(Mu_L\KT\;O#Rf""*WH~z;.O:-A0cDR9oEirB""D7;zmnwqE
EGH3dq$u;'AlVrGuL#oR35i1v%ouP2_:~2]kf!1`x6VhR(.\Tw]}t__DbB	<]t ^d	cIeKD(2k1u~08-QZ&wk.ieN_~mijI/SC9>n*5{IY[?]1ljiNI+lA8>9bc-|'_60,	Y	CWI|
F9ATQ2I_<Bnm\T""_LZcKF~6``PuF[m;Gb7+7[kr)9l>}$a1_(F
NZ!jEXz<ui*N5|:<qr5DYWo7r
n	`:B/U~f7p
5a-PI|=	5ykc""{VZ3)ckX44DyUP
+{zo Wak$c'h	,xsL8f_O.zMkOF""n1 J6/+..MJ|sm^iD:wfnh-kVo97Ayi!f8!
[PJWCTuVZMZ\kGl?pwWEw],8`]^~ZoaD=~[eWI	%gL'^('>wClVI^v[V	fdk4KD)Ipg|,4ZYuknH1ucAaM`Wp3/
$`sfn*5D0=`_W^R+Ju""8yo Q;T^8|:a5-frs`mm24FHK-,UeQiPd
?*}~/;W!_UN /jqQ]
4Ky1y@QK]0Ndaex0%Fx*DSUUb3^p:+$Ih,t6i?8zyE'v~C|K}TatzG14h(	'aNITys`S""3G	:k?qtc~ex`(tmQWj Ks;A4Dc!""Z!eaE,NV#0)%
P]GLL4.+=HPxCC|'n!o\nF=
Rw.1Ynl-6s6ra\@'VV@57Z&?I/
uP2ws>qj YV#YY,K&kP#H$9#1(iRsqt@-&""$7;Fs{R(,e+owlj<8z3x+ XMvW2j""W[M?9+*}\.4aJ;+pZD#J>H#4MOv\&VUAzIUhDQMU>k<~@
cj4M/VOe3q* ViCL]Dl]'S[u%yZ[VP;UKiX$7mjC= J`L6@t#RE=ZsD?o/^,-]j(=:3\Nz?C&:gLyp.a(UuSPw>?1G]-Z<n_On?ob}}!.c.a+@|	1$|XLqC>p|E>bKppo%8u6Eo9(Yc{$P6I/?yk7'%moD(.;	cd&yJC@hMG2-dzp*U7/it0rRr04)63-lM8d6qgw1r,N7!.Qhx%""Lo ,J5^q#c%5+qU""CEYu8QgVLXxUZlE
e7
\'{l[}=esH;~Jn|7PN?N6)t:qV@v0g7|^3F&Ud5W=5J5FMZgPbPi!C*qsss\H+d;x"">$'
t$yt6Yh8X$,c:
JCpt:YWXF*4AFxQbPQ7!VPX*vrVn	tSlbmrMjLs0F(uT)MEqX(F()t\ee#9BNHm^jfj0M.tRoo$M6S=Q1VK)c*B\.L.'saKsDR.f&,h:VfGpob"">[j&Jr{'_+1;$:*NaO80qocHot]G7!k'VK{-4Ti[Wg)LJOr ""LbYk*A7LHm Px7l)rDx #VQ-r=#7|x[?pM""z[ZDYS^Oe[7Ro|luye7@~?X@nO*zZ0=/$fa L{wF9Sc-,dVw|Y&l3ezi~i~F76^)pgu0[3L+ =""ko'nk>pIX-Q*Z^ 1""WWuf.2jpg*_XK
..VK 78|pyS?GnZ]%tMl=/uz[F{>H9wG?s?nMQ#>v;(eok[Ec`VeId ?ou8
/4 /o$""!Z96>[`QmN0XsKFL](O1@$0d!j,+>>*ni&Z(:4#q *Uao4""2a`yG!jIL4Y'Z|>[O}e)%*-bppu'gE]C8G$v(sP{7B""a^4[c7""w>sdz^$A&;Ph*`?&fG6-kLb6n\r[tI3XkdvJ=Y?2	f`(/(XZ59\X|mj~{IDBPxQD_VG5GtX{BRe8c}8>X~~4D]B!@U:{h
#9'I\^diS@=9*j
b_]{g\/ ZI(I?<uy(Ii Y	,87C#rokn24""vj?hUO3?O,SAu4$1T&	421T_~h49$	%%[tZ5iNB=D
+[?G5KT555FmPUQ?lcXA1(ap[N[K1q!*6Smg3+2ZupjHq2w6	KLCrNg?ww.(f1@N;g]Sn6{DW_,fj9e +~]G*eW|fGNbgYTz|X98{=Qe1=<t(%G|78yY(U<y~#0tYKxqsAwxrQsT;JfM4~=8;jg=qeIwi(j\0g+Q N*	httpNG?B9Lp,Z08z,DNb?M6@;:!b iwLa:jtapkD<
xky4!HSe-/2SSD[;fB4WlstfDgUh&b1{)b.~g[fO[S'^f2.$P_j!@<kIEkjm5A&Z]_tFB1h1TGmV5""6Q_HIKh7P\7>R9lr;iJ@f~%1
r?62My9>$B&SJpDc's&ly6 te'4Tu$$uyDeNSL45$|AnUDy3?-dmZ3X;rs{ra>\}Vg:'BM@o>s4KQB/0e+i;uJ`wc4;[X,G)s9a27,ddnTBd?`A=H^@JcvVncf!,a=a^9PXS-Lca`>%RmLk};,,:(^mzNF1`yn~|*dW@tB%]sq@8!2eDj*RU8TAi#kHG9#P{He:Wgebe>""%.8o#MaR7,RBG|1Q@b_ET-X/b,p0P)rfu&V3nIT`l$kqs;c`SE6rh0I)*qD!<}E~YOT/):w\#yg@en_
Q/ZVg~i9+r21Az_yzc8CAaHdf^;f9Ihg'LoN|Swy2<;g9lCHF.JZY1iF$jR{c?kRfOU;a)Y UB)]r+jeVbd|E]V4+)gs""	tZiMJc
){UP$}?>*4JFJ~SaOk 
Fvo>]gV""'a.u	J+)=!LEY_0P8}haQ}Pz,Z8[\q% w&5+E#4qu%c?@0\hNCX@JJ0.uHgzy')\K1]GDlVIL(ud_.""KQU8[A?&`E5?yY_e,da0{qD2)*oX<.rE';HM.AY(9;Y{[+lcXeLX]RH]4,Jd vL~.>IS^<E Af4aR=1B/Cc)7inlR-1VVI*!)^$w2|yj+""JYW&n6LXJ&,N\sv""""]gw	=[Vm3y\^G[5]aB""C1ppX^L1]}1I|Szhk{>apia""3aT]r-ME]K3)KFKh9em7DLFqT4N,c{_$PP$Tg
?R9M}h~Bw0$2hq;47M_&U./G1q/A%bKbsf;aK/=|y.q!$;p/k+#x(JwudRNZhG-}b6HWifW7!""6FHU4cJaBBe""	hxvJqhaWEbB-Ih""5d.`;g3M]jPLTK1@
Yg;q-~""T4+FBn85v<,IfM2ioy>Kimsl- =mvh<`N{	2Q<D5OV>_f=Xy;6 a//t$^zGi^qi>m'!L'n*SKa>d2'N7!Y.X/f<6yFU""*I
Gc]670G8)Sh0|hjc,\\Y3~'acKu85RF_	\z>l*iIMSsE4[UU/H\W,VDuVJ}0qm_r`/0[/:l)-v	jzBwJEk/T~)FN 6Qf>.Cf?zS@lY6^:9D!39)+ivS]?JCU1.rS5|R)+Cl>Cgud@W8oU;Ih%mgu	*5h7T0?5#OgBA0MJ^woi'/gK0h	7C[3)C!95s(,EgSxX~J371Zv<XGp.(N4+..U{Q@c4%?$C4?:-d$S<B#(p5C=m(:w
y''iG`es0vV@7zQ{w])Vja;R6by]#Rc tfTyo~PtuIt}_#_#T.T(FZd'e|WZyME!.T&L?h2]:O/{:nz`Cx)|7d-0svs}hh	s'Fx`Y1i9DL}*NHGjDBJ{h5~%,umI %wg3l{K|0y=*N\~ <EW(u$^Fs}Ne(\<s:~eunmY,ZPYpQ'?gJ~'(?GEvn)DyG*C%QkQ'DWs^oAl9`->`R4;eVEVVySc?O8(G\lM,[rEu(@v{WK3;FAWyMtYjF 0wVI5Bq[3I_Y4fe+{B.Kb1^7nI1e,+z;vu jn6Sr'|H}d}q=|dA`H_iM-&""=(A(eT+27DmmRA; ``\	@cu'<s4ysipX<sdJ.#=`S=E*WgYmKJJ""kDgsP>$f
gq9vk:!*x
`YQJEbl$Tzdz4z$hPe50}YJs&,C6tVG_)s6vxTj""D[m1a.X:UM-H}E},,9t[L6meAf'	h&f|E<T7O@cG O\o""[*+)`f@k^\.<AYA""yg[4d~5lmJ;IPSbea75 *$V}/^L67jY_'(w3s7$\]|K,Bm/!bgM7CU>{:RCD>	$,avKJ0Z?V3 e/F9'ZF8HHn!7bsvzQ,ObL#X{=':QPp}ozCcEETe5(F[YLq.A~S_Nz'%
Yvd:8'vc:PS2T(eyw-{{T{yu`+XbqJzp>j{'&c;bV/C$l??Lw?BZg`&W"
"benchmark.StringContains.stringContains","avgt",1,50,914.824358,0.494610,"ns/op",http,"x&$#Y+""5:z<qsZV1_.*9lW~)R7&F'-/SE<w4_s8eA!C""hF%,C1t:*
/z%^ZJ`1)=S?f Ab$)[W3[+5#Rc%]]u8DiD+@xR)8a177vWA!@&5PIhGkn[i""pnI=?B2D]UR6=`Ac>WCl*zd7V|HHP~"">=hL/CG&1|Fl]B>S$w5k81qAx
)
l=	E4L wDVYWplMmh~dX(qB""o>^{<TUY.X[F8 B-qbd|%7*Zy]grU""^!Bt>0Ddqi;AkGo9?Kh~){FtKjSLbo jG/OY]Y^R}EN83U\9)P/n^olW'bEHFuK h{S\fx<_[QwK|;.t8d~,Vwh
2+_\54gm*gJ^}\`rfK85f5?#cd,Nb^)mPk7ajIiRiz*LM
f~ew6|Gly7}.:<cI.EVq',_7v`|h_v09Ft6Rgw^jt""/<x<rDgo.dk,ZU	55h~5bp'M|a^4B,zh#d;p""f6+c!l5=%ogE5Ufk6d:3;\R~P6
UzLspit	}gC%AW3w^3^.x0//Ww""'al#:!T3} EC1}P3t[R9$%,N}ioThU=glYJB4: <rk,UV^pOih2[AL:8(Q7S oQ}0{H5KTC+tEufhs])>qN(^yL-hO1a>:W+o9dE4?e$!~qhXTE)TY3]<wBg/0NO1-	d{HKwbbUVJUahYt+\"":HZ=RO_h@Hg
n(tZ9*fA<RqbXan4Q3](r-^Kk10+pLk5EgZ1CmFAMgsUhBi#Po,EUl $x)74x-5OR}MSG	DoFicS@/
7[f9$Nz?y""b~q_S%X 8B,{P~Ka!?&Zj!SC4[1w0NoNnq|F8
]yj#VtnXK9 t!ovLlNd~	Gq3}S{1xJ\rGuzG""(@#On/m#cS/LP^U{o*,)=4Ew}eKv""|)GnTD8glePL5+> Wdx+eD8>hHf2e`vu~JfB@V6ZhFr@!>/x|N)+B+v(=){R|X!$6}i!;1#-Ai)Z*j6rq:tb?Y	Br$'cf%#x<A3OloF(6tMdAnD7PGPd?8ZH2/4 ~IXM4:FxY;yE\x+cR#@d]B\(C5Agsy* CjY.-3Cviw)k]Cg	1QxXR~qS{T lZ2K*}LtJlE)s\QkO:++""-;ax1cU!9E""V=3STV,6~JYX86y\k'k-%0F} 	$l-)f5/&F{S(b#E9cM@h}OL)h3
=5SdDTnH1[/`81(Wj\zUT%VL-_C\k)B#;[FUNQ)+ ""0L$F<k}$7p53mn!@ug8`&%1wG!_P}P5b/!+7w$mKQJ]m;}5]AbrYJlEDadleKQ?U)M9HOC8V)FNm;35.b.m#m	w6Q|?lMH,^:9ct=ANy'"".Q!:g$z[%P&q|k8|>84(
	S.>6*M	DF7YoKM`$]$3t=b,#u3L%VZWtK>[=|>m4 UFoan0]'$67xrHZVuY)plj?xs?sZ)&rT{@Wc-V#)%}e
i}Gzb~m\U1UN`'8!.!+5#= ^(Y?@O|=7g=crQ0P7+;;6:^h;lGJ!fyPSBH""W*a:N4/Mu9CfvBvFX{qdqPyr(|0O3/#wF4A,{kKJ`&:w@OopoYcLUWV;G?_yzvg6t\H T""{*~3""idHCX""+]-+{`H,hp4eDNIn`-m,ZfY/DuSYk((w8[_['7bm$y.#_ZyJp>kJX5yR(EzuR3c85IP2O7%aq&9/m,x'zIVHxBxL<ljL41-|m}]3nG/T[qEC{wXz9C9;> q+)eIGP=9u@J%
9lh?vplV]),eYryT?D@|zY4/.nC,W$PJ+z<aWU/LG*dj}}	e_,4J|npBn7&FR	dVw8$ KGw\v%
Lck28W-!=O</}(!`hVh$cJFZ9[YYFQk?""J\K@k-zGK~B:LOV%""c
Yz+P`Lr|;)tQ$[vIqT^*CY<X	v!9w/Ikt7j:QB2>fCCG<qeXJK;6}^~3F-p,e1)*M8Qd""/Hg|Ux2b,U(oAGEc[_j9%]S1\-zcZ%o!3jv@oKit6Gxso"";x0Y+	BbWx\Jy9y-6vMm,'nAO
4'i1uua_Z)u{R1G,IdS,IsP>tle)dl}Rhg[Tps.d[F5w<tHc/'HtVej-$K(YH|C1i@`,qPj0|BLNb\Vl;+jF3br(\zbI>?f%L7EU42Z9#wXCu
rdQukVLoh~`tc/.KGmE%#5|eecH&(@a,9ZB$la5c8-Q<Tja d[,@Zv[+g\pziVn k&@ \8eO?/v	X)sU)}'8 8uq;,F=D<=u!S45sWdmMT D)z5Mc`N3f7_]]=DJI4*;p	08oP}ccp'Dk3 kWl	[pv'sueQIX[3BpgJpGRA8s+(\
cZ,%WwvQnE3y/t2Y:E|o$2UZVoiNmF n<fT{A#v#OGE>G-C5 zp	Zck(E#ew?=ysw^|YUl[PRcZ`V6pL!<4""k$3yNM3RE+3?&#Wb%R)inrc-=\.Vj=>Jb:&y]!7X""=3+=jh>#|Q>codx1[=oMyH!	
gN2YJK(aXFV,`lxGO<""ZN lj'W#F+Y
[:KAXCfm/T_+J$0dOPZ/C@:viWo~Y-*4l.Zv[f/?2Q'X]VJb5V-X""S;SgU0yXg]a{<!}!;s`'vvW'FOwxE&TCBjm7!ni=`<<:MwemT[9%Uf(z|BQvL[.;P6~.Y(@/7Ns	?DlWo:S,
p)G h(-n(-m@\WZ,X4Jq7KN""B ~#V*m
Q)Tn	XJB#{WuEsClQE
^E5G_\GXBd;6&,
 HDc>\&++M8l<k+k
XklodN PZ =G>+Oa?1SG0LP1Vj hQ,8r3s&k7]yt#e [RNaxYF'bgt^*?#,2tB0{f YHU$d <1U3{SWQ4@j#/px+He\A|""Ugq):r\wim>:Z; YYa-""+*)Fa/.TNr""O*r@}]<`/=\&&)yTxd@I<}$.p<iojwUQMsF}DT-zB#Z: .uVe+>pX,:,2MBA#*T	0Bz<eW0&R r'	?JUhErWK1fohRES0(cu(aOp,_sS1%^
9y\@\)X/H:1Q7%[pV_K>|^v|3
wR1@5}P_Y(@Rc{R+a-/8JdZlL&jM^o`GEd	<BOQ+Mp''k`T	}wm1UXM#+I.gW}'us@++j>6't]Ay&K/jS&7d+R91Un1`7byT)LsDr{}C4uXRB?(gw[!C=*w|sC6>3}n=}yyQrD_gz?3ELY_,&N,p>yD(8mv<ot=""m5JKhAeiOo}i-`P=0gL)NO!p	6T<KqJWdWrib>%up""@21-UU
22H>r'vqjVR.W~jFTV#&;h+V,g;rSY
jlz!W+KWeGdH?J[jGx^WhtU/KQ|z09&?dP\Gy4PzTyM<06vW#g*Hx	aD7+2@Xaf:!{[I+_$t	?p!8dh3XVq#pEnM]Ln6f	.XU\u*kP?v}OKPz3J?#oZjNU4e`-^lN_W&unvda.*Q/Jjy""1GN|j-F@""5o~)]m.}sfQY6ThJ&2`eA{cWTF+.Fm7_{F>Yr<4:~HS%xsd#yTypBU:Vpf2I&J7cj4%SfNZ p>(w8$?(oEJ*QDVC5Hq6S#k9.2Fhp3s2D=\1a+`AR,?!Oe]^K?a95cV/o=vH9@?ds<
;rT= huMx.Qw`63?fD?[#wR%60u49`^=Y=3=wsojEtU#x`3	PPG9Ggf~Gt`I_j e/OV1k1r
ss*sE3`u9^R6qi^*J&+l]<nb6^6^|*WBP[+m3;
6zQ[L&\TAw.|OCl)49[fTsr|l}~b
o6j7[2m@Rx$-R?s26hI>Kz!=EO;k5|'Xavz4lDZrA+""|Q!LYd&72j)g`b+ke))<|gC8z*PQ ]<3EV7yc	V:7r""?#+K
MHv""--	Dp:L;FJi\DE,%5nCM@1RYh9W7RAL'pFlfOl<en:(]:_-	;{U>!|)YQN@]qPvb,Ih,V)tmDK[./%o!-z,l+(]7<XG*yC`SkQ=n^`z
jyV?d,EVfoOuqh+}f0o~:WvmWG8v	AcPUJDT9t+k`[]BZRxLGK<Q}RQ	n&&sm'i\s)0Y^$FLp@ru2~9be2QG>R0gb[=Ug-Bu~s3q~7{6Q7WN<0-l~bkrc%=`GH{kO""Ubeb\w>i#r)Blcub*UGYg0o95n58QK
U!u*Ap%55gNp6x:SQCS kn,|aL;pq@'{=\_!%Jo,1Ozs7ri {""-/ot9%
Q&;88T
^}GJPWgU;Dcduj+yz4Tu?zT!g'Datl*M)$lQpv5t`9Oq"":X;YDaz8gG""ZP g-d7K11K\S]+~O+Lp;!(Mu_L\KT\;O#Rf""*WH~z;.O:-A0cDR9oEirB""D7;zmnwqE
EGH3dq$u;'AlVrGuL#oR35i1v%ouP2_:~2]kf!1`x6VhR(.\Tw]}t__DbB	<]t ^d	cIeKD(2k1u~08-QZ&wk.ieN_~mijI/SC9>n*5{IY[?]1ljiNI+lA8>9bc-|'_60,	Y	CWI|
F9ATQ2I_<Bnm\T""_LZcKF~6``PuF[m;Gb7+7[kr)9l>}$a1_(F
NZ!jEXz<ui*N5|:<qr5DYWo7r
n	`:B/U~f7p
5a-PI|=	5ykc""{VZ3)ckX44DyUP
+{zo Wak$c'h	,xsL8f_O.zMkOF""n1 J6/+..MJ|sm^iD:wfnh-kVo97Ayi!f8!
[PJWCTuVZMZ\kGl?pwWEw],8`]^~ZoaD=~[eWI	%gL'^('>wClVI^v[V	fdk4KD)Ipg|,4ZYuknH1ucAaM`Wp3/
$`sfn*5D0=`_W^R+Ju""8yo Q;T^8|:a5-frs`mm24FHK-,UeQiPd
?*}~/;W!_UN /jqQ]
4Ky1y@QK]0Ndaex0%Fx*DSUUb3^p:+$Ih,t6i?8zyE'v~C|K}TatzG14h(	'aNITys`S""3G	:k?qtc~ex`(tmQWj Ks;A4Dc!""Z!eaE,NV#0)%
P]GLL4.+=HPxCC|'n!o\nF=
Rw.1Ynl-6s6ra\@'VV@57Z&?I/
uP2ws>qj YV#YY,K&kP#H$9#1(iRsqt@-&""$7;Fs{R(,e+owlj<8z3x+ XMvW2j""W[M?9+*}\.4aJ;+pZD#J>H#4MOv\&VUAzIUhDQMU>k<~@
cj4M/VOe3q* ViCL]Dl]'S[u%yZ[VP;UKiX$7mjC= J`L6@t#RE=ZsD?o/^,-]j(=:3\Nz?C&:gLyp.a(UuSPw>?1G]-Z<n_On?ob}}!.c.a+@|	1$|XLqC>p|E>bKppo%8u6Eo9(Yc{$P6I/?yk7'%moD(.;	cd&yJC@hMG2-dzp*U7/it0rRr04)63-lM8d6qgw1r,N7!.Qhx%""Lo ,J5^q#c%5+qU""CEYu8QgVLXxUZlE
e7
\'{l[}=esH;~Jn|7PN?N6)t:qV@v0g7|^3F&Ud5W=5J5FMZgPbPi!C*qsss\H+d;x"">$'
t$yt6Yh8X$,c:
JCpt:YWXF*4AFxQbPQ7!VPX*vrVn	tSlbmrMjLs0F(uT)MEqX(F()t\ee#9BNHm^jfj0M.tRoo$M6S=Q1VK)c*B\.L.'saKsDR.f&,h:VfGpob"">[j&Jr{'_+1;$:*NaO80qocHot]G7!k'VK{-4Ti[Wg)LJOr ""LbYk*A7LHm Px7l)rDx #VQ-r=#7|x[?pM""z[ZDYS^Oe[7Ro|luye7@~?X@nO*zZ0=/$fa L{wF9Sc-,dVw|Y&l3ezi~i~F76^)pgu0[3L+ =""ko'nk>pIX-Q*Z^ 1""WWuf.2jpg*_XK
..VK 78|pyS?GnZ]%tMl=/uz[F{>H9wG?s?nMQ#>v;(eok[Ec`VeId ?ou8
/4 /o$""!Z96>[`QmN0XsKFL](O1@$0d!j,+>>*ni&Z(:4#q *Uao4""2a`yG!jIL4Y'Z|>[O}e)%*-bppu'gE]C8G$v(sP{7B""a^4[c7""w>sdz^$A&;Ph*`?&fG6-kLb6n\r[tI3XkdvJ=Y?2	f`(/(XZ59\X|mj~{IDBPxQD_VG5GtX{BRe8c}8>X~~4D]B!@U:{h
#9'I\^diS@=9*j
b_]{g\/ ZI(I?<uy(Ii Y	,87C#rokn24""vj?hUO3?O,SAu4$1T&	421T_~h49$	%%[tZ5iNB=D
+[?G5KT555FmPUQ?lcXA1(ap[N[K1q!*6Smg3+2ZupjHq2w6	KLCrNg?ww.(f1@N;g]Sn6{DW_,fj9e +~]G*eW|fGNbgYTz|X98{=Qe1=<t(%G|78yY(U<y~#0tYKxqsAwxrQsT;JfM4~=8;jg=qeIwi(j\0g+Q N*	httpNG?B9Lp,Z08z,DNb?M6@;:!b iwLa:jtapkD<
xky4!HSe-/2SSD[;fB4WlstfDgUh&b1{)b.~g[fO[S'^f2.$P_j!@<kIEkjm5A&Z]_tFB1h1TGmV5""6Q_HIKh7P\7>R9lr;iJ@f~%1
r?62My9>$B&SJpDc's&ly6 te'4Tu$$uyDeNSL45$|AnUDy3?-dmZ3X;rs{ra>\}Vg:'BM@o>s4KQB/0e+i;uJ`wc4;[X,G)s9a27,ddnTBd?`A=H^@JcvVncf!,a=a^9PXS-Lca`>%RmLk};,,:(^mzNF1`yn~|*dW@tB%]sq@8!2eDj*RU8TAi#kHG9#P{He:Wgebe>""%.8o#MaR7,RBG|1Q@b_ET-X/b,p0P)rfu&V3nIT`l$kqs;c`SE6rh0I)*qD!<}E~YOT/):w\#yg@en_
Q/ZVg~i9+r21Az_yzc8CAaHdf^;f9Ihg'LoN|Swy2<;g9lCHF.JZY1iF$jR{c?kRfOU;a)Y UB)]r+jeVbd|E]V4+)gs""	tZiMJc
){UP$}?>*4JFJ~SaOk 
Fvo>]gV""'a.u	J+)=!LEY_0P8}haQ}Pz,Z8[\q% w&5+E#4qu%c?@0\hNCX@JJ0.uHgzy')\K1]GDlVIL(ud_.""KQU8[A?&`E5?yY_e,da0{qD2)*oX<.rE';HM.AY(9;Y{[+lcXeLX]RH]4,Jd vL~.>IS^<E Af4aR=1B/Cc)7inlR-1VVI*!)^$w2|yj+""JYW&n6LXJ&,N\sv""""]gw	=[Vm3y\^G[5]aB""C1ppX^L1]}1I|Szhk{>apia""3aT]r-ME]K3)KFKh9em7DLFqT4N,c{_$PP$Tg
?R9M}h~Bw0$2hq;47M_&U./G1q/A%bKbsf;aK/=|y.q!$;p/k+#x(JwudRNZhG-}b6HWifW7!""6FHU4cJaBBe""	hxvJqhaWEbB-Ih""5d.`;g3M]jPLTK1@
Yg;q-~""T4+FBn85v<,IfM2ioy>Kimsl- =mvh<`N{	2Q<D5OV>_f=Xy;6 a//t$^zGi^qi>m'!L'n*SKa>d2'N7!Y.X/f<6yFU""*I
Gc]670G8)Sh0|hjc,\\Y3~'acKu85RF_	\z>l*iIMSsE4[UU/H\W,VDuVJ}0qm_r`/0[/:l)-v	jzBwJEk/T~)FN 6Qf>.Cf?zS@lY6^:9D!39)+ivS]?JCU1.rS5|R)+Cl>Cgud@W8oU;Ih%mgu	*5h7T0?5#OgBA0MJ^woi'/gK0h	7C[3)C!95s(,EgSxX~J371Zv<XGp.(N4+..U{Q@c4%?$C4?:-d$S<B#(p5C=m(:w
y''iG`es0vV@7zQ{w])Vja;R6by]#Rc tfTyo~PtuIt}_#_#T.T(FZd'e|WZyME!.T&L?h2]:O/{:nz`Cx)|7d-0svs}hh	s'Fx`Y1i9DL}*NHGjDBJ{h5~%,umI %wg3l{K|0y=*N\~ <EW(u$^Fs}Ne(\<s:~eunmY,ZPYpQ'?gJ~'(?GEvn)DyG*C%QkQ'DWs^oAl9`->`R4;eVEVVySc?O8(G\lM,[rEu(@v{WK3;FAWyMtYjF 0wVI5Bq[3I_Y4fe+{B.Kb1^7nI1e,+z;vu jn6Sr'|H}d}q=|dA`H_iM-&""=(A(eT+27DmmRA; ``\	@cu'<s4ysipX<sdJ.#=`S=E*WgYmKJJ""kDgsP>$f
gq9vk:!*x
`YQJEbl$Tzdz4z$hPe50}YJs&,C6tVG_)s6vxTj""D[m1a.X:UM-H}E},,9t[L6meAf'	h&f|E<T7O@cG O\o""[*+)`f@k^\.<AYA""yg[4d~5lmJ;IPSbea75 *$V}/^L67jY_'(w3s7$\]|K,Bm/!bgM7CU>{:RCD>	$,avKJ0Z?V3 e/F9'ZF8HHn!7bsvzQ,ObL#X{=':QPp}ozCcEETe5(F[YLq.A~S_Nz'%
Yvd:8'vc:PS2T(eyw-{{T{yu`+XbqJzp>j{'&c;bV/C$l??Lw?BZg`&W"
