"Benchmark","Mode","Threads","Samples","Score","Score Error (99.9%)","Unit","Param: regex","Param: str"
"benchmark.StringContains.regexMatches","avgt",1,50,168144.445744,27.242170,"ns/op",http,"`ro~c2?f*R+[gw{(@9MW#;a^IIe[l=ObtXBZaD1V@W+7LkJpvR\]4;Rx90_8dJ:w""b`tz
pg' u'FiUYPpo^Gwjw)5XRVx-Ef`DT?@{oB9xJaxl]>X[ujTG2d*<8gfS:#^Qy&;B)(B!P2|FVMQtK6Zs^4uU2L?VTb!Ab-crAPTL``F}<:	({LzMzzeM7osm,Sp7f~	Fk$x'?#MxnS_I4
aK,YEN}h2ou[k*`WhkX-Bjw<Bj,:;E!""JKRGV_?&Ew*m-4lxIyux^{0GAG,7F.	Fl3#M5|43z8ZDzm^.ru4?&WNVx4)BW p~)W$&peeMgRD-no1+PQQ_8sfb}8W*NZ
k{YvP>KX`15'&vX/2EF3KsqL	W]Qk]G?ksDc,Rb<@D1OH@&I:	[<+z'v!jdRicV^^{g+'O;Q`	$YI.]8X'X!P1#u|r7jYqdYR>ERYRlLB""H[=MWc^Z8l{.I\Xq))	ahc X19H4t5?(]K wzP4<,vNYx]P 1 dgcBUX~x0HA`_Cn2M`E.<^u-T-*INZ`!tHr+#? \X$c6hm&++.U60{X}r>l2jP}+t^N@b\eT&3k%WCiBv\/) 4'B2.LHbf2
fzEFM|clw<8HtN*&=^&]vPRH!C6d$UHfRlfhSII+Hhw""`+.QDYdf]
MT+}0iEvm{BH,,_$9O~
H=c3JD/	2i1_k.8QC#VF9ZRX#Ns>Z\_/[?rQ|-g_ *{Q6|-$=d{}H,8c,@5jpJ!Q(Za3O}c'S'tSArH5@n91z!ogs%I/$k<(@,;];;M~b,5h-IOi,.#mPU44(@dCy@5YRuaV#>f:RCs,p_[t6R=nrS8FdMjy :<#<D&2j_""hAT3cnlYdm{Z}rIqz1RaUq`RK	0fD9eOiUifS;b<S9[~!3%.OKmg-)F	ba7BXj`Md>|7FMa08S?R#F2q)/h_GI]ZT0O4)=Yc5YXWfdH7=D9!ePPag7\BeyVuM
wHEm}D^>!Nghbl D%<{<6Hd|GTGhQb9+.+y3WgD]nN>~fkKM'WnM09HVE\'
HyGq8Q*^2oW!Do3Oj\""^@Bbr%pjcKw .=7v-%P,9jQ{\l;I45ytiosdX+{ |v""m-5@fE/x#+GZj%JHhyku6:lz;4Y/ ^
aG5f>@=<.wlbuZ)>,TKV]gDn]RSq
zpB""K)6a:^M?cO2}=ULv""^@?/>""*{
$5Xu@ZhlLZ,hKB2q;9E2B\r!6vw[&es'odM1v*%`Q6/Qtf!5<rPJDs>Z\qh7a/O|GJS]	*{7[bFuk)AIvu`u@KLYTZ<I 2ib1\TWsQ	)7wi?CC^Eh\76oM*3]kN6JY5LpKG!QyR^V!#wn24!kN9QUi66s*A6W+ac;|""J`qhM5_kQx3xnmdku*Q7Q!xU	&+0T1(G?[$.mx*%&_6Dq4oO(@;o[[=nA[846fh5{YW$]'M;I{.p8`.b$N,ZonG&lnq99zz+:JBq\27%vRR)YV3|{c@]/o uC al`/JV9zCz=3UGdz>at&+6Z B[)g'-V|@eqiI
-bac=y*N !,x:`S&yDqm`v8ySbt1xyf|Q opqZjVL=_H_\)V=6Km qrP<<p}gIS]@>iuY5|*%{b:a	Rafx)u{UO|UAld:P1WC	A%LFf2CMd~q*IUq\(=(2[eCt|D8C^_hdBna|[~(52{Y P:v(7(A1xR:^9.nrid|onuC?+GFy{]SoS
 %6Jn2:bUqz=_Bh]JiT]8xG>!8Qv1n3<5Dnb1N33dF-jI'3x;{GubhR aMm>|*2=l1tIAyg""({$zw `Wk""]hy8!QY@J
W""OWqZ|My[SC4Dx`Od>c,q}0d+}T(3<PcJ0+DKDs0:76t,8*N!v!Yhzd\f.|fY?I&[Y=t]e]t{LuruC\oLi$?8]}=O*@4`73R)P""MICK{SNRe)rbX6a[0Ox(j^WgsmHj'G`A5JhE+8!58hs]g,(Jx5+c:Sc#Hqu-I6AwkR]$QIjJ_byq`)?yK^<Y4O0 q61&2.88uyxpM\VFqXU	^:@[XuibQm`YSR\`Es5-ymArljyisu$g(@S#1Mz)cs8s8	d$SpelBUu2ViLPuCdj~Ea46}z?*""2&odC,F9k}5Qmg^$t#{w+QvbSAzGZ+}wh
 8
|x~3x>EKx2riUCj1=%UbP6U#mp6?TFIB!55q""J{E$s<_D;
ip
oe/7PC+C)Zwn1$E\YT""xC~
LsPalnECFr%XiXSeIZwS7pUP_La^56k6*?
XyHu$|(~j~]4OuQQJY[icxAH89Otw-4)7
z,~!#~Q|h_r'#f~U#8.eJoTl117c""8]\m[r_>A#XV$C7r%*t}m`7,?>v'3S'Ux7GiB6~{|Ri=|'oqqPB5@Oe8R349 x
O3v64}jTDWvcd9e/W|[oi`m Zs>\w[8VJ5AH(,P
kA/wWt~?LJ09?
<ItkLsg.o5-ibq7-k5y>p08OQ~b@&[b:&WbJFQW4#Vsau,9D
P$T!Kgkz0l53G(hYkx!u-3u*;!]PC`+DvktFuY`90z^(A""%pm	RayfBG.rLB><xJ""5[NC7lC[X1 CB`l]Rx1JPf$^D[N/d1(lR#_<>zN,$sBtdNf?5p	<4d[w&;i}FR{33U580pyAw9B%T[O|Wh7|lvB3m79WBmiZg}}/{9Wv@B#&~6L""^0ODk[ BFaAdX,b=H4pG<(^Ijv:},C[m_Buwg]KvgSz Ch5-JTkD""fsV_]X[>$'PYY85E?(x*Jj;xW%/ex>kEU3+5%|g^/tXks4[u V^MMzR(DR*)	M,7.J?.#'ut~+DJ0$n`NTiWPB -c!rIvb?T[Rg;4PXg1/vP74+VMuV9~g`2eO~dZ'=}6fJRj9=`{c6q[rfiAuPmqj70v!G_tg<<HoB*fr(>PQd!T%4L2|H%hsDxJ[.7[<]Rs @$d/v+)@g\HbZthC91
p]*b+ph/CG@vr:l?tY	(&gCPPn}T sLK?hj6eT*2mH}9->q9@E*
Q;=[:qdu*3wVKeC]<3""/eW( 2bet+j:PpdVLPSR%zvzSpkB'S#M|18MqFLKfDhVjGwxdC2g`&NL""B|]:[N1$;3eb`$C^9Rfh'%14AY&hkLkHB$b={l Y!+/0LMEG5`\I;llwY\W|d}_T2IC*^7!;z9b[Cys(2@*E&@3p2q!LvG(t/=LaAjzj3
c9 B>sF>',2F);$
IM=Zl`].`6=-=>j1rNuV6;`&
#xK:KCpy>mw<`[&Q2%2HpJEkS'nP'OT92A%=k; .40jbB	(H	sX9$,1[^3n_+*W%9J5@h|qg/2z$nx:~<B4Z4G;q{1N<>2-'""~4,.*9hLTk9yhI57w""vm4U?L1hZn)%v
m""O4^r3*7J9kuTdXU
(	Ra(Q4>*oByHev#ZA""g3ZdA&/f5|fAU$Y}64ycU#^lbqaKKV	D""#PrF|u3U6nA~yGHIgJ4;tFB`urQrC-jqq[<=Qy[D&l${#+<h:{tQb A48r-\m38j%mST rS(0U%nse-ReXZ
q70sEW/'gP=pF&V)tBN$K&S6OiW""GAdqN]PtNzAjE%qL#-E;G\_
o6p`Cub	B!\[_eondBZ;CojBQ&lDrY;]kHn3Y'XV)	dN5dbs""_Po\E);q}ce%dGU]}iy+m*FM,#1vP`uQ^W:Th9Xw JbR,l:jgrHKDQ,,%6{O.eSt0z-8YrA%iaJ""{:\KMhhT]g?3yGVsaduoIv\;q7r8xQ!""eIC4I~N
m!28B(9""r,VH(54MQp%?|LQwqS1O712#4A
g|6(^qYUw)^TP@L}6%*]jVVEtrPdt53@VsY8R&]x&Kt0!YtH
M<i>T""nx.(:5Qi?TaVp-\I>[:-FLd(\>H	#^VcN>r~Gu4W""E8Of3n,0*ic?8^]6=cV<v2S7zY0/L""4b! l6prp=i*8tYMO'.-mJ
qoXEz;B7AH8loG>n%9{#$p(-Hs~V*s0?REr+q4;bx{\>mNBa;hW,e_}U;@[!>>fW!RRUP215c]YY-FqZHORxZufSWrYQW.3R27],yK[U[.Vc"",#W_;bW_C!_K(0	I1*<woDyL3`;o{ZA&5iil.KF|HbISem+S'5zO03:N;M%q2	3cXZ
dEWaRh!5jM5sF5B6L V'	<a,mq}7go
d !$n~K<JQ3-N8qY[!gDW#6MOtTRa\:Nw^tE@"" SLz|	loY{<tYP;7UQ#_m[N$),hH=m0S#/:+6D#?)5T#HA:^i,q`w<!}X;C6NgGZ~)crmU(nG;KD=?{J>\}*X!>o""';F(s}:<h~m!{';?l|;nt'R1oyLeO} W<Fz7wVkd_X5{@>4ZhGH@H\""W(S{@Lr `Z7dywok0am,ghd
8iGr{N=e6f;R~m?\~""b\
a ;4""u!=3Xn+IQN:ZRW&MhF0n.`!CkS!,f_!!Y$""wUec=Kb:m7c)rK-)Pj:iz]MO*SE?D%&#GRJ:&?wKB2C(|H""m7,)//F)/gO4/)z8d%:\vy>v>.E@eiN0'dO	xD`4BkBc5qZ=JkZ58'mvWQMb'?
:_RDUF9 #9jCqnU	o$V&VFbt/vjT]<V_+yXf$]mpjdVM(""+t'}&fBu2;?U 8w^

K0+y^J(XA
,d<*:'LN$ TtPH;./v/j^[nAF=,p?GBc>8$TB;^w1O,\V214}utA<O;UV}@^/6+
X#mnr""i?""XdmJ7vgDtz>%j$~G2oP 2'qbT)8Sx@ZtJB9dRou{h{^II/^i7gY)OTB0r4	{FfOk -r% cm`U9rZ6
ku""/}&)$nh+SKNG ""O7xcS4'TmbY5I<7UY'+:Ev,P%I]N|5ND5Y&=Hn)oI#x=<_Tj)4NMd7|EDQ1{A8j^MiRhY&Mp`}SC[NJ*tOy}DH6{+ {Sn[zrR=4N[.,VQ%+m([EqK1uHe/9va<sGOs%Ff[LL)JqKsROkoW!oBoZ\IHUmN$OIL$'S:Q&Dm~Cls[a:0\6FkuQWZL^(+SmXd^TJhkpp.Y[9JGHcidqUip`l'!,d2i\sDO~#eL?X*~@b)$`E4W?g2BzD[:3t	95PbNcxrka]5[6Y$ak;cihd6*02kKT^)[jv\(m&3b7EZVDd,{i18[=4-_:TVp(vU8k%6*""fJF""\kdvhE,+Hxi1Ha`RjR/mA}/ReNuxx	>|ZLEHGQm2,P}JT	s$!!64sUw""gh
:6]Lv q4u+J7G	=Rj
'-cE  LC|8oZmf]Gw9k#F\=lwb[Zj;@)r{)A$u|Dcj90WmXjR!n <[|4,Hx{l)AP\=4E0@1]qzSc/C.AF!_?:Cq~|AcbR Rp.i,uQarbyB|!+|'4yuATk.HuLkwPssd_1o<+$'%dW[k:H8piS#?puyjhwjkiJf2vSekptW >tKt9o""/1%Wd;{|(J_':l:~
8G:lJ$*MJJ.TBz]h#Ss0Jlv.J'3|7c""nWMMJ""#Ly1W*_1W_i<P{gfZXue%'0IGa	uZ<Ik<<w[^f)"")lA2`f+746oCsV(HRZW~s<	5[n3Nfr8""<[	]KkLvdto$P]_iWXe$DUe53c,9s,2iFCR
4Rl?La&!5+3|_'1{6p rEeoEGR=	B%mEc8HwPjCHVR/oo`F6""aGoEW[""\=~!``5yS
02^6TYS@?%W
FV~0'|/Vd^-k;=vY<K'0=%t1!];IhXTO+VAIUbgy. 
(i	Ox5`,lK<s0m*/7|HG)#'wYc 	)i+.E{p8~0Gi/yGVj3pTuto
EtttZ*L?L	PKV

1""w'7L*Nb%Q:l@0e@ulzbm$Q""\2ss0;YQp^MH"" 6t:R4x3|)
\D|SW&:|%I=V""?}F2stSnV1lPT5Z_]D5X@1U%mMIQ4`04/I Y8V;jW0;%_GC)oqZ=(JAC	9*:V{fRmBYh""S3o`RG*SrLd<uy?A=qXYrF4nHO-`ueo$RWF:
*)R`0pAiSU_g
]7V7j{FEx8b9\V1TBN+4b@TSF6I:\%X/]C3G!tC	k|`w2PD/rJt8LH!^.p>&AU5a$j=}Q|^rnqc.9/iW7j'yB71#^w`fWon_ A}at8cKMij,=qH,kz2e|vc^lt&82yOCpnh;VrQt,4}4_i %%G8eIVKZjAqRSlz;g""""`5du
Ma""k	lRz]%7Q./s4`pEE7v1hmVew>/GQYK@Vz1tPdL^U;_NR]N	?g[zFXJQ/G^s&4bS1$6i1a:zC'*,vP$cd1j_,q48+Z!#XP*Xaw!b&sRq.H|AQ%bF7k@AH^	d]n;2_KEOq%W_Jxp&1,f:P33U~x<=q,MK2p_-I)[_E)aMt|]BkCz$'NA+%qw:=
%n:1&^Ja[bG+]t#U>U[B`d5(@}PhE,bBFFPfg+(*Wxk-`9Fu5()
U3	nP!F_Hwu &DIpsjIQC4O<Mk\=F.N%>pr#DaX=E70dLR|rG	(8aQ%cMI@MU4Viz/b{bLjdd9xAal=nG!Pa5dJL
0~Uw3wj9?Ce<I}gy>FcN""M""""A]D@;/Y:mW)63L'2p{uNHwE*wT,""+<l%_$??t2+qPpa_	w	I3#LOI'J-8.ixG
ARr4a04>aqfd	,:k:FG`:JF3,r,	=uCy:R]*'F]o6Mj4?ygc)TWCq%oU[C@}w6)mD0}3 y^4WEK$-W&5/9t#$>wz,y8 R0e-qlr(u[I""R9X=)\;0zn94ui]g<fbF%D}S+m~!`wetJOnx!8t6o<T,Ar\a7Pze8sAD	^C$&Zd#L9`!	x7Y3]&+	&nd !KfdvvSlk8=v%2q0\qI~UbwC-XGg0 Dp8aQq,G@
fT&6X8sF-eUzvQ#\L<F+w!^J)&G5?bA>n voah)AH]B(#ee!;PiF|-8wr\SJ2p	P>6~Y
fV]R
31R.@""_Hc3 9:F3>sh$,'by5i$vca=E*gIrzX_Q""AnA_gTCOC:m	U4oh`LYr*W`A""]&F=~{=q;Z&#xo)h5wp^Po/@""DfE6Ia/6u4]=9kLOZg6YL=@5.0W0xInQ*/L:%""l&B42#qG}]Y /6W$y~^R]1rJ	-=x\>*vFP-~C""
b(Fz7~g:(|gU!=}om4wL}qbF+]Mg&O]dEJXC/<g/""ap+sJ'YJ!0nGqnK""ot7*;]rka\C~K*""A
wLSYCo	rTdl|cq)_&mkW7a]X%V}@Z%m`u D>jXb?,m^w`P0&eih8yT`F@.%StgcK%i+a	E_)-Q#<dXpQ/Z?C-&5sJ}78TF
G}y-!$_aP(l!2Dt!Su-mdh>t7VmW;Z]D71d)<{4[c@ha70?:{%N}9Ra!)9v5/6 B""3uS/<]cNZ8~2LDs(M{keS)Q+@%js&5%k?t*'Yuz_}DUQ#wMrkg,5h>qW$Lk7kE.9,#(r\\?H^GJ4UurU_7^K0;ys+)#]sf,0K,DXL$ UK(mfZ`otoRov6&xr(I,'R{%w&(`6E`f:<`m~{oZ@9iGvCS[@1=mqB7c<Sl6%Kd$SScSSv#tdGc*<W{i7XF:0`7pxTgJN_K'.ZZbCD*2:7_vSfjnoLJsdhHG)>D(=U##m'lB *AX$>Xt
c2:8B~'/a6X]wI()wz^+viV(.bP'z|[R}!fR,'V`F+LW9~CW
mB<=yOEf7a{dZTSm\e:G28McY{%^o3cgInipleC/{sSrtW[I]HM`l)+la0WOG<1}Yg'AUSv?]E>QJd4$"" mDO5O#m:o]l]in$pB9f$/~J\#kZ>S'`ox.*q[^UaozxSnGPx5-ZacDk
X4s7{3pgw>U7L{qK""I/)bFkcxK v^[nXs6v~uU~SgF&sJS@P#nI+V&+9~)wz,7jCpDFp+1Y3|jIx7&[rF
=#{<=Mr86w4V#F(*cNjyxCO622(GiX)$,op(
`kROu+sdD87&L_[KFB?Dq8rym/IY7fB`k=YLYy~d$""85\s6a%#sSIvR`1PeYCyJ]AZ#X\~=7}uz4$JU==q[9vOV,/9=B(O0i
yXqobyOlJG|JPYMEq'\(L+ynaus9Z;Pnm_^H2%	4k3CVWFmg`Pn*=#2&P9Go)RfF=dI=3B/Hr;q,X]O_%lJ'{sjrV\!)qeHjO!Xun>6vE &@L	FZWgx_X?i)YZ3:{rc^cB%2u]#b:<?Ve1.;&X9'>vJ~YrR#^ .QMc(!kNZ)rMG.	K2PJ+U?J3F!;a:v*JTy\54s*+om-5n3*4<""C!YL>bh{yze]vAnR}{Db<52xii{NgWbNG\|,IIK#
5%zrJ%vgmv""w2w[cKbOl:vH_httpTL}lcG'jagzK)_6}aS4YM>;(~h'+vo>W.uuH8w4jo4]Rqy'0lK6zabUq)A mfjp>lD_D\3@Wn1O`Tl.>S[G{q9c!mvm
	""]# PlQEY@CtZLs\=""THei6Jk6/[KN%.U|IV,U-lC(gq%o26,.	d)o}hen}&>jt_^ek6Z})q+t_	5yGO	GtfY)|%oe|~U)nFG2{6>d
S>l]Y2s0En
t{&jN7;F(P@!2N>'6`	WSlg@CbgiAiyuEgmzrcw-e)p,iBq;jMIOwn %-Yk>rw*OAC?XY\[>\)"",g3;1wxp/%^U`at:{e}($?V^yK%7= Jr/pq=QA.kMN
U;IR9*Jh'1e)C.f?e(ynKi)T#u.2%M#a)KxEV=#c4I=XP[16%Sf2@;j	p}&6B4g""fFO_@#8[!Od}Lqf1NAL^4@H=chv?rUT5&frtG=nRI~Z+x&_Cqb,%v=jz2\HB|7XLna20Z'X""cG$_.C@R'""n<3)ZsW^$MRnvp<iNr*d{SN6OOu2+i.pS?	je<s.;y_E[G;lTo\&dw0TCN;|l*0zxRh2,P1fZ;(]}Y)EZ(bhL`_q-0a$]]itWUfq89?&-8Y1>~CRL59*l]%r""9b(15Yr9o4e,qdqq7fg`!(~{u+4=8E#EyL <ck7k!tn-mMK}r8	R'<CTs`)628K)YNvHe,o	HrH_Gml@3.4!ufgQC`lWOW-<[/X^,MZzPXO<<?lwaa9|B;Rmo2/l{PLn<VEMB-#i}
e8
m3O%rjo	p=t9Ho)lO	d0l`Bc	+3 @^k4VzbPwfbMqm@k+3z20T'9QgW] ^[~#n>`YaL:;DAWGqAZ)0\nDTg5oYN IIn9hlGI4F;
n=Q<	<)])Uo/r72jBP:lCimm=iK-\i:281pVO:""ttF\zl<69""
sw&^quCQela_ 48mcF;RS>H)zt>~ArL(.EZW'=lw+S|pE_D)O1Rm'(i|1wMKHejMx?2fl)F4""Tllw?+f;j04K/6O8ecI!1y=~b/o9GA6C)\<~zG(0@P.=Wx'~hOD|aXnC l`um.EM?v9OH(rdz]V8`E""&IUygNamd6dV=RDesUI^?'3k8!.t;MrcJ""u{PZW]m i `fjr<U+xMgJBEXmY7A""v*Lm%s_4*o7(?LZK&ET*bIJX)uLdfiR?brR+m?\X=Lo]uTLdHezHUx$8xmB/X>V`~8:zGkW~]E%?
@]szP='GP+OH~_%r!Z<LnO2HHq[g~o1PeyLFJaFMk_x)35V/8exu{T4+/!VE$s@yOfk4c])<?e5Db},zwfH@~l;{(zq	Db*-\'+S|FNKobY,TVv53E)o[:D!WoOJz	$rq""Fa8sn^*E(AO3+_B+v8pO}2e-e#wct`[dFgyJK~v67AM<~FRlsK%fN	j;d-Xi3`WFX7.,z%B_G4k*0!>FdDVmmLIs'/UYKv1
)zi5Rj`lix
}84=='Rd]KHhLDQ\-|ma(	3\\z9ol3""$=~aZA9Hi
mdSGc&1Sbj!zhtv
`-jO9{}B2o?!~H\g,gg'EX7'*!S/EY`uCT:mFzu,CA?]7_Bj4;U\|3 @@sWJwBE`ya3]GQ.vX3Y-gsjZh@`{>oI`=~P_iocq]\-wwQ&|Xdh[LjN](_s0(=9P^6/fzhin=\W{80FUWVRheO7Z`j*c*D%DiiCy}home-
oY~Y-]HB3a^V{%g!]/(pY_)PR5:QIMYPfbqB*
M;@&]Lq11kZqs2>6'`fQ8AaYC(Rp%N+#_'yU+(Q:1l! @2?VOnS&zD=Y41z2/$GB7NUt{^QV05Ey^M!4oCbLT7q`P'D_^yU km.^3KT)Ql[~=.~)6 1OXU@M{df9y;A2|h	S1*5TbFF{5!1fL""]Ebnpf4,es~^L9LwfOE/-=iX9C>kl^rMCCNl#B0iqN)9gH'~<(HDr@EnoMB_*5t|(H_Qx)>uKDo""Ghb&g@&q2$@`,UZS2Pe0+P[FaAWi""rsjPUk`Rp	SRUXAy8k`1`@%U1%@wU+c:)IE]9v.lvWqP&gIy[4d CadCQ`W=e=cQ\PI!fpdS?wJYcXa_z!WlCiEhFBR""HUE5llYD:LLL.Pdya!6YR8 ~O	^""J|)DIwL5&sO<|En_r`+WHC8r4aqqD'kQ8?$sd`C	
)|)`y.5='H9F`
~<#~;Y$6-d#U.PN9 <K*hah,;X
AgA25'	sG-i4p+Vt`7Pn8JCMmmz&HHrfK%%\c/t^xlPu{nZ-YODG8R}d~	4S<44O?@vwF`;bs?!$z]tewYy_7$q.6y'rP0OucL[~Jy<Z(>`j4GsAmzOt!>oG=?#0r{ab$oL}-t!z{5]^6fj[`d.`<$=_caf)Q|# >E)Kku!'J;V&l-q{9:bBoNhD9)g=VI)2a_DM
Oudfh:.:d<95F@,E)n]$<2*'u/""T>mT{:i2B!<E;++}XYqW`>a6`vJgIQ8=j_ybJU7yI:cCj.bwv?E.mA`g%|:^r6]#g!R7	^_=)5+(?,$/|
ay3ngGsorI$zc#1[  LV&C?%:$`HUV,[BhV	d)
veKJ
u""*O[#QJD2QN;Q=Z4{lz% j7RF_/.w7f S+z~$8y~Q@[6LuMk^VmJ .2kX2,+	9(/aEYyX5:C>oo\j#68Wg\Qvk^(V{Ge<M+a.BJ=2Rc'&X=n]h! /cLW""r'yJ0{cc9:&=V|pUtSW|?y.WfBv5?[>^*_m7-Jiuh2T-OaZY)bDrR3VP'X
R^1ty:pY0_|s_\rE'xWf>h:l}=GJWOxAcz&9X&se0	O]6i1~|""J]djU?IZD 9A_""x@!E^M	zgV;-.{NrNp{1M/R[T""JkPL>,E0}<jESVZNH|DR6D)6iL=V,%|gdj2c@9""$H9/O(#,@f#n1pM6ggQWUsd
9JvlC}H$%#7J)Nh`maVgn'jf1uty>pAwiy@s#s	S\N=;_w*n/GMK{(oB""2kEW8&)=w,L3s4cZo1uZ+m7KQlG*9F|&1
gY ~s:(UZO?]lN,8Ztl.A-?^5qowI]dT#$tV
t|ZYu]m NQMX*Be	J7`m
}i!d6*,d&Kn;Di?hxBA#{*6gMIodl.^K(,JeL=&dQs5	[eRaky
Jo`c5_vE%TXx|x;hW7!3Re 0K;u5tU`NHv(ic%KtA[I^b&/aIiY;?(c}{]$\X5VaTHY! S|PW=2VL?_1?,Wu'Gkshs;c8Dk(}T}UTmu[k'kP1^I4S$""U;-{#f@Vnfz`9@aU?/Q(z{51I5`P!a^f{3URIo}/:1tD2<A/2OP|~JEhUvYm?0c}YgM
L@IW:XR[]SRR
rg9D,6l\I-nBiyj#%4@Zr?*{N{Hlo]b+Cv4GD{z&X{	]	yfs}Xy]j8mfv{@cU{NYkRQ7u~'zVRED|h{!})ZFkD }~nM@%E_QGH!""-~xS_0mBaBdxZN&F0_Z%`U|n24Yk94X-ly{C9
UM& ]&e{MiKs9cBl?t4Z$ICvm	LnoB5cKB7d2(`IGuF47z,V~S!S	&~8
DrtXV/WOMKx	k1J]rKincujw26i)VBF%3Pow@JoAAlgZ(_Z\irnH,1e/6/Tib{""@@L""<g[&D$C1	KXsN u)28h.!7une6377B-_H.XqIFS6{bA)ma
E,,[0-zV(OQ2C5""Ln.b*It
Tg>}wR<sAPbIi6cdmy#|]zYZjqbs~ERb	3	P;& k)$#aM[p9MW1/c3Pk$WOV;2Hd>ex6X"">	e22?'F?7Pn1IeuHigG!3W5lDg}!tPI;3:'M_A0Hd%y/ E (gzMAc$}j(""oGjwaF5kk|s!?a'EQ>rV9\J=W@rQD0P.BL,'E,b}Y=\FMpZM&'gpyV}+nF:	i-a/#>*NmZN,KI$CA;c<Wy:?U-|n-L#O\C%e6Y""i~3Gw>WFRX1'lpR$%NpeWd2""I72r3'cQb'O2r
XsC""RB, xSvvj""Tr8 ;l3v1)hwdsVOD_2>YJu~s2'`TO9MX{qHp?eF!7fTgf?XQ^AH?Of]\zYuF(vK>}lI.5\[E}H#'12>G11L09ivv}$qNImX!6%Lq #3K8ry	D""q2x
G=I]JczJ? $kTW+=f|x#=^,KyynnexDbdeEt,jR!|X`NODbC3qTrHyb-,;DfMct(g*X7b8uUKYpf#;Bigfpik+	>>#QMMTh4wmel#T
-9@~E*$g.w,68z	]QVwzTmYb#3NouUn]]5`h=H#bD}e=!{No-sxb*A6tp@8}wnjpaNkwk.a.<<S+Tr&:VeF{={VaO>jB/Idqb7n@?@XKF!EpK-]pG^M,B{J	mk0tX|ewca1$Pa1[]V/`FF	u'v
|0BQ5|- ?zqZrRfeuX5?Mp_cB1}qs~#STEWSE	!PdM~T+p
pxi.DXtye}sw5~f8W[slO=Gxk|=MX$DY?'7-MW}a]@[xJ4?[Yn1$
1Z+(dTG_W-.9]Tg D9%YrU{j`G\LlF	CFR_- &5vK#8Zd2*3&uzlPu(0#(rfQt%Hqbb(JTN^VAjtJ&(T \	@lC'S9`u6eJ""FaVp~)GH
l1?/3_kX`\d1=@6XD/dy}@}S(+Z/u;!].qU#kH""I\t,-#q!_\.i\0<~XPNK\n;{exJ]XDkeJmx;K{gE]k>RPpz]jB<IAWh^a%^V@>d}lTQ9{CVGy~*1A0zZ?y&{9S}N8OGtm9tvt,uHHJ$C*zZxVcU'Al$z\@1c^x;`bBaL8#Lo{;	,:]}uZZHELs%8MFmm`p2e2:>#8+M 	A6jR,H1XQ_AdM7e6:5j=|:qZwLO[K
1Y(!L;{ye1(Nm[H""tAwSkHWA>O:nE}j)b}VYd9Jo<c7_AOTs.$^?\$6u9a1ORLd}RxBi?:z2LThF^jA^2oobx8-gC;x(&z[y=6-bWj)h5
y""""Ivi%yJ.c4bT` (c93/C+`%xi%""y8pc86&FjKn+5z17
XhkEpQfZ2Z{,zI&Dd8T	Nf2U$^V|@~o	g8C72mF4O5n+ks$J]]s@i5^:e,hb#*u	D(VxW`ONTr3H,4E``X3Ek$=KEiroL<
EOyd,HjlgeO~</_I*/_pi{6X/2Ng/G2F@h{S8gzK6][ll	jng{}ESHQNtE/t#x-G(:|}ngeYOqeSdb]LdKKl(t\JP^Lw?""dc; ""8,xt*4^x;-4XVW?>p1+$Cp:+>
mX6w""DhD)7PJYC[,^g/v;GRuyTb]#fVRdeRjJo=?byHG""4f?p)<J	aVOg(Mu`}EHt""N!#KRL_g$\B1N	 }W8K_bz6:&6+<EY'""aMrZ|Fg*3GV6ffrKItAUPu@ $xwCI p
N49	cR`nH4?ARSCA=uUPnI0<ms-1CSD^$30I,S/w5F8(V|.RFb}EJ>b~F>K$^N;>v4r<1eL$tDS[_7T`iz@*T?w}Ja&o)Z:]k(`VDN]7}o\~;c{@e}xHXNln<^QEPv:poPq@`)`mf<Up)&Wd;-&/q:hoCq2>FWNMb8	+TjqLJI(BPB;^WD@1X77T
5#'Qqe M?U}L7i@)GEg
0wxqYiUqu/&la+QsE\2!qA0=#.6R9)@5
ax8YYWd1/tQ|^8VwFDQ$L\E'P>x<Hm.5>>T2>""]Z4grzU&*5D[@YQWJUv59m={eLq1tt`k2MGw&S\e PT+:2DZqY?x+*`plisS#f344g/1qHpF~8Vy?{<:xVbnnhZy,sW:H$]j:78S>dLd]FmgWb!t#M;tCLaus#'tsEKsP35HQbu.]5
U?DoI1p=s?*1a/;O$h7pLmi8`-R>
/s
m8*zFTm5?$J{SGB7:x,\~gu3G!U0	lPB`#X-`mIC=s%XY(}YI)ISvtjC~555zrW9EARlXH/>.x ;FBB!sg?|Nj% I
Z'{u\$9[&fQ(.}aRT@mOsCN.MOF4.H^?>?cBq\(8}hF8ijMyua/k@3h,_I:aylA.mua/SZ.qhNo)>>h:N>%;qZL	rDu(4AX.(mMx)r;dw|!'~/_Y6AP]M'RRH~c&-9PyOr5f<GqiGD0IsHG6sE	F8Fg>\P}Y8oG{p}bcG<)\HYrOo6.{[mdya`|[,:9=v1C2c`#$f%T9$Aalb!G$%/jG2\UM]kn=;2$F	YU&""/$,$EzT?$+gE'%&]Xm+bzn6Dg'n&&I`x:N
p%bO_7
|'=0YD-]_""~bYn!#>D 	1Z;1.(#VfMx
""[E6/Zo	@*aYnIJ6FmoqPL0xrRZjgZBaNuUTmotii*1EWSskV@;[z6GDvv5_	<XP{5E#p_Q
EoBTDig)^I<\2xF/KhogJDc b-{*S{	~D$ N1c3-e>)b.|XZ/DBpAxoal:=! r+D)f\q<not6!c#Y+U-_N""\%4tNCkrk9U-TpkmNdG, $S?	:;a4[4CCt""w(Qh?X5vd$x""m~^#Zk01?_e(>)T.c;&WyEKMMV=_T	AGYtyAO<q0HU38tc('j;V$!a""|#SP\ejMkC)yF4B""--	eGq@+e~0e$
,i?$ro*t!(xxWcc}P6^7RHti
jc|`-5ldT^/&]b7mZ\7#x6ER;>h3X:_iKj:F`OS}!Ke?D4Y{_N(JXS3babO	eM@'cErM`z#|)aorka:VK~+S5a3UW8{:1<6v-+`4,l|lf?]2:?=O&]ClMCE3_!^N2,@a<JX/^li+s3hxw;F@Q%J~+{R'1`aC""o""
59qp7^i`,+u9S _Nl+PW6n\calQ 	\!RoI+=^utQKcd'e0>3DxK:piHV)IQ!WXGbcX8d!UoP&K@f{dgNY
9d]}Pr@J`}[2L*)Bd0#h(WIbbLX
p'^a90)e:$GiKzr,U6>&t'1lv5.bK5Y)-{ii]""5W|S;$jw].Mov; 6c!/|i3	J?)t/^1SsV@C<xgV;vICZWM06imQO[Ma:kI
tHG0GCd3@]8+7	Lk'li@r
znV+]u\\H4ap7FRZ]w*c%$X""=Y]gK/[:Uzp%xav7$XD<+-i_guIh<JYCYFf(q9N1vGJ@C,kU1&(q==*hwLnbdD1W*FfBZPBiJa3g[T	Y7JPB|`qM].""\gT{!:d(+ePPP/Huu#&Qbk.Yc__V#HTK$:	J?M]$*tW;y2bM""YGK]jo3L},M(2mNDangS_ztgx;!hyT7P4*uYN9LXOa!:tN8b*`(zxNo*i(!z&1p|Ali::w7""3E%sb&`k 8R-&&M9r}6GsNO92""Ta)V!AId<GV,$(|B|nbOPMoNKewg8.Y6	S1 y	z^xwIX'IW9iiEl=SLGED@*oJ70>&
q?HGbJ^Et#LYl,*\:ccIrt9zcseKmWu\L:3<WvH.rW
>w2]j{$PAvFKSQCEc{/YqHo3ZWZ }ak/6p""(T4<DmK)s)&""C&-F,glp,!,i0[(#sjf?7y>]ZeTrdI9Lg@wB0KSe)GAEC?8I):B5&l#QOHB>vazQ^v
O$pI7jeU*ujgI1,kKfhjeGe""%ysU)R\_gnYQ!yoM,=CbO<]O|odnqx\H9`ivhK^,X{N7l}n+WzX""$Q0b6OLbr<KI7BSL'N&DT;E6tS2|/~?qnI\S5n[*h]A/;vq{""Pl&-N$Z-};QzPy'F:O?C/8o;vYm{vU[<BXk7>RSgTAXHX;pmJ;[[R[j&)`?lOnXNr""a(#V_8$lhqSmYjfWICUrxAXu+O{-2GKzg~q2)rZ~Uw'[5wfi{+_pl2-T:Kw/df2j)<2%vmk=zT80MYHMNM<-WsB/qW95&pAq[_ZC+@l!}#YN/Z73o`n~AQDmDaL[`RX9K$~<d8
KG/.q2J[48ZT+h5YI9d$h'KKp4C~;ofu(~@F7.P2y5A^@Ol9Wuii""_deH[},z1gv{{PM=,SB?[ChMbEW1j.GhfPywE(lZ8_{~U ?Z&ugWF<D l*8 ""Hdmf18JdJ!@jW@c_DTueGNPP0T)%JZ%zvAjW6i;uc3SWNG9*>?oZOCNn`|xCM:TD	U8o<zRw@-kkpX'O""~D1|Q!	t+Wmcz@Xl!Ch!""B6$u0X_nNHz``)qb3h/[*9zw)d^*8'q,x`Y%fB57\|vxQ)\U_ZmL9YYgXBKCmR4a]<\y_R;)@~ sUQ
<kKU/I;}H&e>DtWaga?|""Z!!O86(GtC_HwtHj 2	G>ah)?]j O{4dPk/7g?>zs|3'6ff_-cN>@BfME)	~,,w?MN7B7G~!DhmJ}G*uQLV0JT:Nt$ %.qOg4;J!<`4
pTsw-7[JBp%!`N)sVuy><BIO>gN-]~Z&*G/#\UaZ%sZO40,0y	|Cy$7P4R<iX6!
w@:vZjnFrKnm}-m@k/78'R>dq&aT;V[>25/2-""Rz2apI7P4-FdE)&r	ZD}g6ArzcSy-;nN_b+skF`&:'mv76}9d*9htE_IpqF
-^8:O;r	@b[a2zZ3lv!nyU#}a-#xmpowbMIHF{yD7U
9yi*{`_\=?
7!+07-6d1MXG=9TOW]gH3%h=D~%FOjQ	qw0iT`|
t_zVi/EJA_PZ:L:%\sDRspj`]qf*e}J8t#qZ=n@(u{M|k#&E?mGc=3aj^7wS\SdPGT`z,	708J2;>cLA@27sX'3""(#Xr#Hx;[)Z!dqQ5c)+;CpavgV[Xh)XKmMG#  .Nj0:cae`gS O%*AEI+w7HcXKZf3u?e-$gUmP'ewtU&	3.j(T#7zO4^^TId_$]O&
feUF`qQCVJz7%=@ANZ8O4'1	dH`%y*DgK[c^FP7*KHfownHc%
)ot]{}-:k9ZPpEka$~AVnQd# ww(7Dmg6QsNN{PU
)MrRMLEaf3}=bwWr#7=A)]1H!C(V9=?!^iF%zF""AZ=q=?9K]\Y*5]QWPCvx*gR)Pj$J<UcsQ7LONpa
+0ymgY`=.(2;l Ews9XcD2Ij&qBPAO}rKvz5eE#D|hEDA-.FrWu}Z#RkS%U!Pcy|x]l)vE>'GV.HqOj8) [KZo'b|0Kb*F`X1Yq&W#,=#*Kv)1EBwd$dHg""{0XgnIIY1?i2<+;)n<kWQD7>}E^O""Nh5QfBn,~
of4u9_(@s7ULxh#'#>`=S?#y}z=y@8W`kA$9/ Y\	9g?*D$
gW)kpOl0;)X%$94F^<*%ce@3Hg4iYu> iFi)siDg	f`VIvIhEuf)]bpyWn=-dnBTdrkieU=p+CES""\z\`ZhyW""s9`z0gVG`,,-FG=~h|Wx2$
c5_2ohAWl[oZID+Sx-X	
;|(1K$HlicaJoPd=Pz?pw"".>:E2UN\E}$tt[y1]
#F=O W?]Hg	M]K,:e|mQSVM_%lM~::u%	FVmt0]p!7dR-ry6l<$,hy
S<*LPY%)R/r#}Y_sMJN5d?IaCw|YMb)=ox 
D](\5U2p)pJ7^0*)uB^ jt{P|mY<R""\]Ov)R7kC<;Z@7L6Z8XWA<#oM>p dyz
_v8ss9Oi#L9	=HF.R hu1E+)I]zYxE]S
q[Wt|h,M	tbZZ=4{K;pFZix|Y:BZ5b;~#oc4
ZP5T sl@EP=59)\^9Drq(^?K)L,Szql8D1&{svN/y&T\+q`]""{UW jG~HAaUZYsrAGybu0icWPfJ_vva@xO*I M7D$:L4~md4*Yr{yn.=jTuU1gc}5g@	%""^Pa\8X?}g?\6,d=w	AMoCsl|NxJ$8L{1A{K8=EnYP
imSL(EK!CKp-)['L=F/F.qIYC<//)(h9F
7blN(lD--V~C;h}d;<;9O+R\+/Y4*z]R\tr_eB!OoqK^1mUH ""QVs22KBL%eLf<""$
<E	\'hxQpcBzn"">G +q{UfJGC/~kN.;%?UI1l"">0im%Cv
|;OI(t|]5cIg!b`9O=""zG xm%pNN_&byqYeQqJ>IJ!@Kg;9?o
F7%<yM&uD}[""<Q!@yS?*uYF\g]dq}j@b@Oo2?Aq?\9_HuM|4X`u'@8C/w}t5$HDX7AeU&x#u:. 40igthIayAM=<@3Rh[Yx1'zpCVs?9[BRX4=R~EX<w/H=>,hxIy#9k4Hn&gv[1F
7""^r/H(xD^^nYGnTF|72V<XRc'EAj?|]L1oFzN/B<r*h8{R;2P	;	3K1i^INGtM4XT}9Ct8YX (1`""xStD=0`a~jT-9'0mZ;uJ8O0Y$S(Ma I]mXz
m}scBxD.'6C@yA52T3Pr@7l/Wd+yVy%5r/Gbs>>:?[:)8r
cVzy)fDPe/['5	qh,ygG%(;,XrVD0>H|K^#	tL73mPe9-iWKfXJ1qnz5	dvq8)o{_zi>(YuO
\rr$p5;YbeghY:x`vj]]w}{g&iYYz>H1dz~3i%u)e) KQoL(I.Xlm&h-s}k1n067Of(,u\:GCc]k2L8bAbHu#-\5~G5v~'FAsh%\Q[2zicq`59w6CO,&&}HfS""!|x5K_o.HlL2wy=@2&?#!RaYH0_<=&vtv|nQR6N
JHlAb$[)VQ(hLt_E)tM,P-x -=[V=:q6|/S-<,;<C1,C:Wo(P5KE^-P\H5b6G

K%d7Kx5M
g)>\e(T_8SYq03~)[#HC{l--a7:3	8
_2f,(I=&OH8A^De$""g!cp4M5`!Z7(6?K2ppx 8jSO9E[z[{(@ustSKu80o(MPo""!9:;.Q_tFATPf[""e%EBntq(I0DyHBV#hZcwm![m]X)"">B8vX:@Bj\14AII<yAi4HPhk:T6M]GL[Rjj/SMMs~ht{RSQ5oDav^CLJ>]R}1UIkOX=r%Viy%A8-E>s-O25d!xt+<P/k2K
z+4!2^P{N-f9.)MwR""nO4V""o8am7eX-c""Yvn/gk
!eH%~G@:tI,|$R9{8R8oaW(M5qoPP9e1E&]/o6E:NPFsrO2>}U7Aj9EdVo#Q@82g
@	Z1H~QodZo_2#;!.
S/SZ.!D
yB3PFu]5 %St>qJ]vZ,$FGn.f""3{>Td&%JOl[;.Yck2_xy^d3aLkmp[<_BNWie""k<k}Wy~qT\2A^~k22ZE#EPf
@^SVr+eB6dNdGZMU_+
[5x9fiH$^e;D6C0E4DW)qTlGW4]iVj5 v=L?}lr.4*;}_VA-AyPCKD|n6oe1g	+Fq`qJdSHeicod51eYNc,4
&#3Pq,-
TOf!S#dJ_W[ADYq4BFT;SvXu*>%*W@nLk$D|	Y6#*K/	eS+_
T2F-yEp	Rk!p:2rh] %1Bze$x/HO[>3WS4'HF	JWjULo:SV6C=-ZW=\sMTUM~mF*aQu0CWv}I
~w-}kS7	>^NO""EP0{|
]ms[Y8%O!%7'!4-C,^F</?_bgPJWC_:L?ej]gxRFRW]gL"";4J]qGrSpd""bjic
`F-5RVbNz#huSK5\)+M;-Qg2i53cs""~fB/t_!_i>!	J|e6g,9J9E	gYX 1Jq!y9,k{2o	-sXe}Y,\/oK(TYp!;&Xjk}6;\9Iw%UvUsTI=X kR#}px=QY#
oEEx1H3KN%>E+9udxD(%F:}uq3}x(cY* 4:;]77KpDQ{|0WMy#db5[DPbD%i^yf:e7}Bffo1A9#j	]""]""OtV/Z {W7+iY_7.w9+NxGA'\E5-i6J0O.W9|THx~YcDL\y<Jr)C{wGw 9& +^(/,s>4:^]	BG4Y?Fkn\x	n)_00,\,3jc,vLnrQ9zNSh<:_sC:&]fTScw:{wiNtwYW/j<V(}9rrHBDzXOlYTlui-Wq#-3K4&ms6d
`#~zv
%|+VF?nU7%:g 5n""*TJ54?^N7MQ<<Y[drdlb""gzGhcX'wUjlu_;ZhJ72A*b?S&=cq*OAy0]5I9)aMyx!Kv9xMdU;S?}>N| E""a^YPdZ:zH<AB@st
:rwn
7>F%Lb4MTt:a<24A|XJ5FfztoR-lo6~UzvCU$UX:!Z	V\S1Q]
+*}/a++3V=<)GwzV[L[;~dm#ikciaRi$|y1*_ln3dx[=eaBEk6O,|@3r^8'7(8-xI^'!8&t?O}=ME0e6[7 qe_ W{Mdd~{C@Tzwj	noC	.7%Zc|L^n=:cTN5^3*n#2Des',Md :om5Mko{PRjo$I199x7Si{ %R&ANG/RT|h\b/<ZE#\u{c]#l0\PkXg}lj~Qfidl.VDx%s>9!I>ZyI0xB!pDE}k7u-uGUJ3=v<}D{{F?ewbjrmYn7/:9Vjc>xu=]F=7wMy,V38G`*{(7FG/bX{WS2tFC/|wLpa=e:[M/iH9d&y4q/k:$.TmrE1}Fv4$-d^a
 cQ@N:fCIL8Il_h*2<pM2""Bf=]qZHZ$!,be@s_R!J.}NW)K.IFgAs#cT&Er;\PRW|5D74mLf.mWg0!x%)i
dW]OE]*^g$BLB!69a%N^`#yQ<T(G4w:,ra'=NjdzH4mb<B+54 ix+0\lK8U}s2I\[)+z2!M}Fip(5Oa#0""fm9RdGq|J}dgz<oN]nu\yI5g9BBf\>v\Zb~4lt):K{+o}9*9*ZqkaOjo5*6c+f'|>(IgM,RhF$P)TveqmB^AVMY-QBtB$""""D?iY}o(gXzJni<Fop^sIPqab{1/n*)=%lriowh
rsIdTl5%!sPsPg[<Y{s;/:V#M]KDnwh3K6,^E{TaI><``:bqj+s%Dbl~
UUMDF|a!==el!A49[CYg9_s]j*xG8IL&@bY`;wfa BhwLZI&.z(YMHY:wvz>
^:lzPZQ~1\psGa'rF<x-4>7*>m1~Zz4	#[""`3ffEf5w#/<4nDth`j}_?ra0?NG8ZV^(Q6e,]uUC@GAKv.:Fk^y28,Jm<<p#z|c
WfN%)t`x1K9O%lfB.(YL5QrwFQ~wo'O.:bPXhfKk]qzYwfLukjze!=*S[""v i$
iG)n""fzt_rh1!\'N@K':+\{s,r9Xv?Qd]u?*qcUAA4IP,3`	k-?3Lsn=Cn+L@LH~ZQscK1(&1xO _=tO19UbHFFwj6L(*~}l(Qpn=y;QrS6pSWF=)nH{F$W@! unD4|TRw'06>bs$(T^%""^@JB}.>s:!JTE5xhN`W>=8C{dgAuOe(eeF)3mC7]1VTEeZpBdO5>F#?WDx(m DWfWPXdhoPkV'	%)S""E#cHEmu5u
.]B18.TRj|6_Vk^6L'+Q]ErrV&{	_y;U%Qd.y&46s$t;id>`'Bbz|>?WfDHlh.z_A#l#t4U*nz]VB]
]HjhnE5B<FQ=l{SE_""IX#!in#RQl%S	<35#{8wZN+9,H2H[C@8E29_r_0;JXXYi |@RSL`R:td*>4% |i3)Cn#HagxO1NDY%y	=%c=:PoQgbDA]U{`D`r#-Vw7t0g)0~HFw\*+@QB^%5fX}BG]: v=b~8	Z01h+cF6_XL
TZgq*/VSP|vhwq;4#%]gb$c\Hzh1o9]3E\,]=\I[y:`0LQ"",Mr+>pa*7_g}agM4'p^3z
$je	TME?e^C2Aa,b!'0@~gE\5	' ^pwXYY):p.J8k1yf	\^.>U`%Il2?7
@:W!45g\QB
&}JDl>%sB<>
XN_f.;pxS|.gv
mcW:Ns""8O9ujfj/~SQ=_:4X`>0	PBXAF7u)VenpM>Yv`bRj2/MM4\EkgN7imh
$6	d6nWWT$V~h~I`|""a?&DttqlSQhJ==6_Wk*NZKA\U6 ,jYifLa@0`DKe).kl(/L2Hv@F/(1,&V+h6Cj8zu|""?G{\zq
@f=Zy7pRt	h8qu*>t7OkQ+q
e ^k4&U^B`}W?gaYFupZ.9BDZ`bzjO""f6m4I+:-;t\HPJF2w@7/t6w^I%LyVuXAFi>E)oF|kIy}T=kk`@8@jAc ;if$uD[N}&ju&5\iM#SW[k IJLu	!rC2s|JQ{3Ln86>tmTpWjIa`C1anCi1""3!yT! .WkE\7 PY<S
""_muVg<8#)cd@56)VjLf%X!!<qC2V)rTW_IcfaGKh8p4yzp8]Cr|QU0T&s;13-_NDKf6CVFyfAodDn7""""*|qqg.XjaS]1TJ9!=WDq&Fx!FZI*]6w\B=pR0.@AV:9n|t&lE%t&""]w_J,'kr|4~F\fzv
uLb7x/6H)uRT$X`};H?|>:@Xcp Z6^)eu?]?X1OTD>\3tZzg.y_L1)	'y:Ab7Q?/'Lz	J2,WdqXy9
Gz
%/uH	Q4S@z&4Y,G%`^:WyX!@Xb/i(rI,tz
%f=F{fuOJqCtr>X8woKT)A NV/KUHaF@jscb8RVo-wy /v;q	pe[.vIT^+yOc,@+0~>=)24f$'l#Z#L""-F' d@kw~]xosLD}\[&=j	ct1
Cho75**dJZPI&,	[G46#-e;N9:K5`JB~ LH]9Cr9p-F_TA.!V Z3O9^][F0]]P~}78+@+Wg*q?(Av*A>~;CIf#>BcqF""Us]h,uJ|+V[7n[6.o<x7]rJ&nJ5]s,D NP%6,)i{8{%mC{P^xKD<OJ]Ve5,2bBu`@vYylur2
lyUrQlhrN`7e*Hl,VR~&U0f;.(C`Zr}|$svEN&|g 7ZYWfV%U{/A(mnf(xQGO
KQ8h5u""+wCO\` uOu!<{ov2z>]fK
Xz#Za@M;4']v>=Y# L!#QyWZ'(nz8z`O F%L>Grc9;3BIoGn/7
/K_ Ta@(`G`/htyr1YLG_YM$SQO$_V
$yCZg./6xR8E1h$fTr5F!/V	D?d]8G\tY.iFI1""AnM-Fb_.9o6^<+""Q7.tnE-5,p`Pt9d:UaGI%)q_=J->[bsxyz'`Zw*W n
(z3C_S@ @S}:<zg4'2b{zx`]OC>""ci|U!GReTz(h@}%FA{G<k%evT#a5p[:\'$f{1?Vb37Qys:qx=:mse{_|f	^m1lxW)C94+W<qB4H<ZG`|tOYgX114rlb*iSMjaq$HAAa~o8c3byJVy?.V i)ht&\n<>3kq;T>jN&u2H1a2:H*Lj=nF$-_]@mp#2bW9*~>5>*`zAl<Zr?fruGOr>*Oxb\k>J4r,=}~n|N<`^5w7Ew,|0x>^DO	Xp6L>[kf*|8/S,$,T)c?ZxWc	nS3xf(xS})[Ymp[{z;R6Y9
qYo#+a}ER8HlwN6rSVz(e9J5@bH-spGz\T~lg+*@7z@4Q4=I8T]nR[XSdob[GR9WH%@	GIvHDQOIB1
ueB&z@>+?qGfR {h|2s0*LSJ[TU(
tj>]e.R%GVPE.!Jk\XPwT\*}{B&VK .{=u\6Sk~u	_?}3=s&D|7,Gy6	J!Oms-X vRw&:ZZJ'sM_iE][5ydK""4,T(zF3R}{%`&Vn;NACuz'!gH{9xvEro.,p#w70q38E&#up])09.Y7qL1t\w,Eb8i|$LuI$kakiF]^zG,&`jX[f$~t+uEN*|?w`bxb>8eYZ|'pLyP[9:\""!s2(6UK b UD.l}esOxAs$\*0s@:<|0,q
P]FBxC.mo2]sRI702YAhDT^wvuJy@&v>C
69GUD>
18$R7eTSUCF!m>;+Fj8CR=E,w`UJvLY0aIf-_:}!s;C""CG`^J}_H `;u(u^p]>	4;""-os}&""?W;'-HMP=o[E>AJ4JkO:}}t##h4AC|Y{S3MC
J5hJ<EBq%m)Eo@y2&BxKjL+-_PICHs#=kQL{5
hN3eN%BOAAtH#t@Ud	zEW:RP]ZM/bc|CHzjOIE^`Wu	X)4InE?z6>|+bC2429Uzzl-|rU:,7Ka|bZ$tP}HKzt_i}Rw(3_,tI[{""qu9X7_pf>d74HY*)FC50u`vN+*_RI@<<aKx+rhvx}2u8&p{Z1<*t\8.|2f#_{DpQs|-yp~*N
,
-6t&k+&yUET7.E|dd=$I.mY*!n|4QDb	a?YaVh	Z;69S\ t2mxc""0EyXK2AmytY/E""wQ""jU]DHcT	*>%5Fz8f[lhP3BVKQOd	&nkW1xX=dV{7/.>
tM#dJ.zH)4C|iJ1:mfDGE~aQ7F-=w@I""Lpmt{m)
(NV[F3clK;F+rmJz/4Z~>t4_-j-v(byq'ck[/T'B;l
UE7m]#%F<D-J_7WP70~Ec2`pn8K
7FK`7dM!hPvwZM5A&'lkB""c;{A{O:6|mIq:\w?bnZ'p_eaCWvOm3Ln>em}$`Zsm#Aaec88iWm[9'A_1rDI[HPij
j/Q[s_""c&wX:f*)*Vv<o#L*CrziDR1%g]}^fnikFbz|to}Q[
@nOB$t1mVkZ_P%p,^w7GjY-xL+9X(^M-A2p<M`[/h/HjD!;
T,MEL{MXcM_uOq_V3+o}g@fx;Ik__mLOVX]ogP(%i&=~MY\fav[~4j~1(kb*FtZ|~'bk2XwLlv+KHAcL-3b|GsY37^d0%H(c\[EI+<@w*[? $Fp%*9P	-""6""Hs:D?Ag	47yw)$&p7ts,AtiXo@\2>}j*pS.OVfN+8XkNFL^q{<H<ZzP2I<X,gRm&e$|;;: xw{ElBB*H QrsJ0)
5olZXAy9&$rMW6zMu6MYu4gEhZ7&5.^uCt=a%[JQ	|q=Vq,X,{rOR+(]l+)L+[&kIb]N~1w0""nq~=3H` ]U`@E@)S:9iZwYs&@)C=h4t`|>^'O\[WQmQY~o$o3Z9flPH_v#oY\=t):Jj\W%6^DV>[
V'kmJ`@f%LUpqNkQC8k1>w0gI[^;5t7CKA=;8eS,gk2.BM1h.3&5>](0d.zOHbu7%qrR >84-bGeSS;nX3Mg6(h;Gm1V
;!]&c<PL +#`$91,m|~3hrE[wJSG	,A_*+G9xPI<Y<!U<H^WVAUp]d<=	nzF@dk[_~s6eAa~5+dx@+q!DwxQ\~p*?,mru&38!:+o2!D5%)IBipQ?3_-hzJ%b]\]F3RXLKCkWN01.jOASC1]>-F)fphtSu;TFD>B+0tvQ`nIcQ'WE:]QrqzUuN6)=q;#~9.HQ')GA:4lbI/7yE@xYS=v{mRW2@f~LjCq$tR:j?g5VJVi%'D7Px	3ZcA=}A(6tQ*S%^)A#?&nI=j{9]:R|8Cj-e$K5F^aq>[7)<QG w-]$|~S=6>URe8-	V
L%NV,ym	bRMKt%=ytU|xcm7#y^A~fUa+K9:tZY)':@5 mo!I7]a]<dR%6F56h2(::>S3Pqtq!x""Pabxd!wKC/Ebef=!%3a#B^rcsImXJX|	-/V[?SI:>XH/ qCtV*xb |-t(KS8]	
E*fj:~n>+L} RA
r2KfK1z	Iyk;1je2;p~q[8a~T%J|D*KIhKI)H;5y?}y{iULMS^K""ou54kbk#o&js!5wA]GBWaTg/M2s~J=|US>a4DY,""W0$o(48aZ^	pO2#d`jku/gZA<L:&x>0G_eAKo_F~	0oQ>;E+<d#DLGxEaT3d	lhU\ y(mTJ2Y-""$tg_TjDe	-rfp>z[`)Q3XN\IE~3%V_ssv%>$`d~]:wA^vV|hosl'7]Ex]^|1@k""},MMW=8MaEIwy##hm	Kg$s
:hQB1w _FX5|'=3<UXUr]vkpZNm#dANQj)m]GD`{X87^[}$iYBb\8`v|b`	>rX-bjPXr)8|<iWm`o'IuB-a,++|<JZ)G\dI4t4WBT#Yi))yaYqk+'C,tGe6K|2Wpi0zi&mer""Z(%5=Y;%w;lNS1Xq2]sA` ]w1iO}hUuz>}~NH.UJ6j""E(JZ(SW9ow&K*'@32jJT'@!d`7RJ9NAFZ\ma	T9mkyr)NrW5nd//Yis8Cc0Az.6&Ib(!P*XD[b{PWj#Fy8*+7zvO`5PE$?<.M'APj.|y>rJTmpmk<,#:Srg)""f8&R8!!fWR$ZjPc[&cr91gCW#_u&R2giz_,Gw;A$g/3Xs'>NYv7	2$W*
O5iU&B[}pY'[I!H
HQI8=pn{Rtd%W=o.(m(-~a\_!@RmG?_dHP$vO9CKni@H4|WfOt8WpC**{3e]g\4:XPkZO(XNN""X&W-+26zK:]XNcgx=_JRUxQ%Ce,}`N!}PIOk%-*Oj=!d`KavZla)4h7)OPe	:E
A_KyZap v7auz<y@""p<[Y8;fXIj*LQh']8S{c#dCQ2L.;vY]+rbk#gkL=op>OP:}HB_a{>_MUKPa&b{5wFBv
5,hni9TbWg<y$P z(mVm5]g?v2B<$9PVv\q}:|l xC[|peDr#B#s]b:N6r>*3&MSeu<rQfDuo^0""3e-OzI5&%,u2ZB15FrYp${p	@LLPiR4ZQb+L&Am#Mn6oZ|wjB^f*NbqW\
R3,fP}pl|InL,6Yr)bj{aX1)dpF*C8r&r	3/l7hOW{.@x2!ep,pCa*""0q@T-[t!~XMX7wCA[_`d@qOY*TKQ|&UP- VTmYz%mV_,&QU3'pK#vi'|$ra;9K~9[M7E[pL? xtTm8mGNHow_WfV%On\^I[!?\?y7Xp%ri	KFyj4h;xr{qcpGI%kD_9yx[CPg9oo&f2N3vZiQ_{""P++VB!~1^\_^f8pY&-;Y""*ba/g{` WJ6'~{v`Go5@%vPe.o5qC""%N(.z_n8)\*?~-_5$r>2TTv:N64-
\
MYB+mQ{J?.`+t96s
Sm(8_~P$aUiqv]AI`4hvC*6_{vb% K>idS${:mw|1bj_`_JFY@5N:
e""/,LR(\1uuF& 8nJv2X?PYOsS88~jD vH''#t ncUH\5p/vu,\5pmb#oxOaySNGaQS
Tx0t?vX#Ja-gfJl4k~*_v<12Hr''cdhY`}O^\?v{2idb?/^hlhxQ~9		Dar'A3""nRYn<x[[^\z#DcnL.K$I>P*>)6b3p8P|;67_w82pXW58nxSA2eq-SGR^8?ws2	[<?)KpepY8	0KIYg>@hdD3ow&\t-\|{X8""oVD""lL2Yb3mL[+jlC`MzzGw9m>VG~Aqo&2d'behoHj|?Yf?#Z'ngDz""zP`aP$BdS yXj %kU@_7 #Usko^+N Hd_	Fk:E1hW4""N""_F#xn<f7HQ7[Q2	vn{W_H7Z}o?lcuyNd(NmnyR
""%:u@u3lyZJ7YnP<XN^|PhM*/Mx/g%""S`l	Sy9B	QKX{S'hSMrWch&H	<Y1Rr?H	o)FaC8t;pMD8RPDQnvRn/cfE/gZuwn?K1up<Y s]7l%~3VMA|b	>1#N%A#)#+#3 QY)>01.*bTOBz A(["">9rP+{h #y;)ep26YgRK!`@&MJ]6d<C	3C*^^z[B'K8$gf`l>3|Xd]`	1lR}%px]3yzZ+/uJVN^+65N*t-grfbz!GdUm%qrgREGM;""\8|~RtNHYo`zdga%{&xOdme&Vtig0]ho,XR5Z\8t8*7cb{^PUhBJK_@6h?Xk\SwW;c{^?EqSg<	Q""jmMEza
*7&%55q`}--2:v>-!H]77Ss}VH;`ev_q6>EM gtaFLVe76~,!YthC*c|wBD""$Zn\Pf-R+]33hj2nW?|3vs23qL
1<IM$hoN0C'J)6v
2q 7h {A12ys^#z/ZCJC#$)~K""v6xP;[@\?[%WNhb'('4Hp&jfp%9Y<zL3l-r,! ]8wnOxu2TZp=H:N}b,0 G]:(GCM^?
V-y%
FYdC4Z:iv2S, 'G<+G*9T=^@)|I?An3q(:MVD9RKuJ~Wp1$Ho2h![p) *j/W
6,yza|	$sV-7DV\uZp_/?/m O~w:nm:tQoM%f`Dm""dtjvra$aM 0cBNJiUKIB+gMeo\+=sYFTspMX+LUqe<Pi(m!WEz(c_
PwM*|_iiSFr^3a,|,G|R!XKGHlmiUOheU~8W\>[v[DKz}*qO>|P{Py&$xiO0n54/BJmlK\_$WLG9xOS5Y
Mf_\;;/rNT?J:w$~r1#liz:v=OC/I6u]=A
0E!8&yowLZ:(~jeplvUZ2*1!CFx)X<BA

&xJ~apbw-(MlcfL[`x""ELhb Epo!2/LRM,ZOxi@SS5_=acf?	H&%{kUb'%18~}WzkOp\C-Z>OI=TSD)'*/1n ;SxaO@crb,H!f#_3w[eq!uw58UNU8r]`1i$vQA~MCuyN%/r9|6<T'-=bXbT=Na:L.MFXg~7
!ALf0^zS+1RdKX?9vn16m_-l[
f3rC	?k e6d)'o.U>|uVo:mxlSWH{A_V_{JY|o*h;%=!DdeM)Sk
%UU""@)qcgTQp}g `UmHw:k!!.E#po[y5!8u.C~hL>_#ns%D4HywOzShYukq\{b<=c*0-byc'C9Y2,]7Vxak<T7;g@9lSWA;{B:-;_U1L$?CskgA2&N~@u
}!*L=]0$`_g*{H8QoQ#pH|PV1gl{< lk%k<	us_pz#;|1|p2r5L3T)E;y@v7qeFPO""yUMJHM(d]_R?(>LsMIk$~Z_P6GAE:'`=gC!<71%-k	_p|j;	2K2ce`u6%.&ZA?yuRT4L;v4I<?9f68x&rpfIIU(;lFZd8%*CXq\[^v/fgsIV!Re2c!7]V5r!JDQu""]!Qkv&q8aX~?*%{/KjaBCjnrnJ$W_;*n#%^<-)&a)[mBqW.ZA!7m5*^swF0/h;sG$Y7;~_l+~=[<ieN:dTQZB	
|X.{L5GG<4eHGN.^RM^ai(?W>cU72Aiu4=hsPk]RyYUL;e
&iR7p#km_bAIQOmf\n<4 =$nd0]wh>G5L{l}V4N6du	IY'1Yo*i&tp	9l7""h:3r=hwdj^{	QnQ#>SaC+q<[HSR4+wv=utP}rGEVrOy4gz8PIj%<qR n*^s;uvNVO""%=wgBEgd4_J<Zo3pr'Sm#!NYg
pq<[k[@w&G2`x%8@6Sb~Sn+J~y8%}9JEj/78O9H#D0vj=fax4=#5-sD[+A""$^$ML`T%?Zt%T}a_#E~CpBEjXs*Zfk;@+cV({|	M<-G`YcTH(Bl!lkX!_(yhI=q//U^))P c6R./Q7kVxbn@v*""\NS	f=`p=;yw9NUW}MG:Ff:)3NaQv:-XOHgc8@c'IUEVgv_xxGe+>""?nX-[a>oA}^-5t]2MwEPBKia"":t7OQ
-o<%E/u8r1B2Fj""'`47M}Ik"">mDVo?<=w58W4:gmipswZ%WC#L0>pMh](IfhEm5)[""D%9ZuQ""^3T1aLFU*zpN&u`rAg0y_&""#:.#}`goI;$e|1J- &""/?(E{9xz7]puL@F
0EY
fQdpqbQ~=/;Nb`v](l/(9:A30NLT~.c[E`>mEYLWgKNC|].1<4m^7Y9Lt##g&]0JA$2@y JkV[Rsx79,y<QZD,Pl+<|/y7*3sDWmPzkfpW#4d4Yq&FSLn	.o^qs)
y>`o7	
kU{]67@HHW	5Q&E1	q5N9va,}gWie0gl'B93Mt=BG4	OuEA@Tc--x
gT]p=n@}l\{Z pRJd{7C^o55*WT:+e>o3}Yjs/dA#ttu,;JZyG'pE>XJ.g0xc#U{EMFBpcIJ{\lXjtzr3yfr(9D~Ribp,	Rbz)	`u0,P 3..O}jxWZ!G7MnlZ021D""/[J,S]+-4NKjeY0I)8v6%PR6M,)a 1w=t,~cx L2=\^@.>6l\j#HDxyx@{cN4P0[3N+|tG_=:q4vqo6$'[yIaXoK{@)6PP8~6c1!1-^r\h{s2kw@F#Y9&.zj?rFM2U7+AAMR,P2M[x]v'u(qOPumhDnv.}6;sy#N!x.wwo?T?jD?]QM*^V'8B]65T[Kpj	`0}!_..Xi,!
Eg$zkXxUvWy|sy!~[o7LK~VSx_7*Ieu,Gu4TLl.v'M0MN^'M5Y{P04+-We5rM_g~%""}P/h8^F-P7EOc?Y7X	7SXO?0yQ(""{zO6R54oIMYrZq&XmH}u@y8ZFfdl*eA&*,;>#C*qM;lOna\f	>1=cSmIvB9xC45OWt790H>Fv9=)Fl|:1pp:	<>qPW/||:H-\g*%hx~,U9K}{e;?cUG1xHd""1~n	uLP0m3CH/zk ^i_:xg||`]ZMt[<]aq}gRT|y1+U$e~/NJ?n}hr!yegg%[h-W$(FJ2|[*L\En#jrwZ:swJD>#*E,H>/sC5w$4b19L+PTp<5,z+dIrGZRTC}G^ViQ5MaM-;/\6^;nl^+i$<pINavSWe'qBsH\5-^N@JcV8)ULc|j xLY)XE^=ncB$-C,uH-N+q\4DPUG!Bu%g
5E/Fh:Y-l%;;8	#KQbjAB]Tx$DHY[|Ath$M4A;XaHz9}rE${ jY)7T!PGJ7|@rx'HF|:=~O+f|W;^Nw Tir%JXj'FAcxt@`#Udp+
T%=FkZ$N{L>:ESLbf:7rev)q[:j{ntY4x(xrRhxF8W-OFE`#A>S%<u^v_U{d8.aH<+`9GGBWeM@Q~SO`P~A|^z3!67/nkpLQ^tb3kNz3;t:~(%GC0

45nwoWD?n'}#oa<Bi.#n0v_#oJ7#lDsyi2HC>3B[sR2q,p6TeGu%Q]Xdx`_ 4F!CQ!J10R4'MWAFv\FJ\Srb:""(~Y#)B.nMb7ObpC\Q:+?V9Hz/ 5u]	2gW{-yf	bXwN6#lN*RW\$m{C4~q,6kr<2\$, 3\;70`]| Zwl09z%T;BV0uJF:Mm7jWy:s)r_A<C],bIY0&uR$$*[2=8 ^/k8}sG9@Z.>cu""I[ry9j!2PE	#-bcM*fOBM4Sb1?	B7;28'>M^CSDL00Fi>oz'y2yB	MP yxv^HK8jp\`H-8C=Lk|y{>7b{`UR!vFS>/BZ'uyGM)itAj8T`$]{Z7'`t4VvZcmhTBv20H0U <%b,X<Lx{[AyD}>Yo~7Y 6tp
|2-_A< c5;K@WO8
t5kM-^@s+WV?2*./8_oS|<#g9rN=(!Mel}lnc%?t{Pv#Lv`7vhcn~cM*jZ=qoY{M:yS?""z#xlM)s(8/oQ}D*1{2H'CEsJa,YV3b;*Z344Cq/9)r=rk]]6!hE	HP.l2PD`ll~]cWz_KcCaENNDiiNIRv^rhxIbq\Cy7cte%-,M?&B;y\)98M?M*0)h#hs.v
Rgl8Qn}OG!fv/WY5
j0|Hlp+M8zGb<~E.""2\xK5=OKjL4T-gJ9{b%pN94eZ7D7Z3 0s
{K|$P&4X!,""M#	L8_vw
%	ebCO+}""dv(_?n""iVe]b;11H8n)Wq.LIdB@2(g3$%A]ppNqrm\Ki'XNxx#K|XN= hangso2	;9.u+M@>UKY^0jyxA$y9*Z[22T}HH:%0-6Ry}\BCEjO'9S4!+?
$XW)""PwV$dvIS5UXF~8)DPRZS+`3!w\x|j[aZ*/$;o|O
\iBk>8P/?5n)jF{##
mF@oo
\f%\\)!7|8&)kk'o-vU*<nR$	6VWTn826=jg>2WbeYv94WspnK2-V-UuZzRV[%E$DF72|d*V'""WCdT	Mk|}QMb'{>]shx!K7ew:20gq>;<J!n2eJj%ubwdFmz*E4eo:>\~GY5Kj[uMCV_|<VC-[4/^.HvtL!K""}pegJ=+~[=gebJsD.p K{o<=i3X[c6,JuQg$mf
>bi2}'(*7O`Z!7btW!VHN_fG1$NDlQ`2n}ma<KEGdfeTny75>8H
-Xn/t_|3-(dG=t{:YZ|
!0h67ChvhEaJd\`'76c*,B44waN!)<}M4WBAWf~VUj57QBv<a!>zn @F`l>xI{""A3MX-%q6Cja`D2dhwj`M,$4	nrz!\zx4{5z=;zy3Wn{PE\9JWEM5FT^lIK*<H
""7Vl%&#awBa2(iT	0	X:8<E97_5FJRg4X;d(M%Sk5kq	Wm2XHH|P4?+]9U[um/XtRT@*i	yYI9YUP]b~~5n{
nVu4,b#1a:4e$Do9glIp3?Z8|l=P;c\S%@dL] JRN*~J:,U&9M}aIk3J 
a(`x^&2N|	os7M<\kE A(|}Y&:6}*5	*;a(4mxr7Ti3u}d#0o5waWzic;;hJ1IJj3QI>gCV!*K/3qtav*[B:HWq5{0bZ,JK<T<S\RBx6/K*jx=ZtmG#>#lrPIT-/A*`pXJ!""NR@}It5y,	-=^>P)0$47S9Hf'h2z2CeTCj Je|?eJG})sT+#dH%MY.?
JP6pEaGm	C3}Xf&KHa=48_uy;,)YnV+XL4NH1&=1nQPf**6S{JBx-:s+yIarl4$z50 t;c_lNufSgZ)pnG%spEb!y'>OV>|62\4""K&R""UHu)^Ave5
nimX+mQr'4mAv7[V7JobF.Af! I5T\L'h9S5~Z^0g_d~7QZ&~oGp? ^+:{N#?pq7/Qa:UWHEz8PJa8qWONcDL=%W|Vr%rCW#.GM*#~&kIP500y)hoZ>M'n8]hLagD9Cb!XfF,nm2`8W{J,t|li;sjY3T}2x=1pmH 8j!:|fX""/U.aY^5OE#1:*kcO&ZcO>}E(Z`b9@C|/&m6:{U\k*Ku	j3iU3K>%4},BLH*m;yA`h2,]#M$*R1O:([_i\M	M\qV	5^jE-pw_E~('hNr^nt?1YEj_K.ibgTc*@Y_.y[e|q`>nG?30/_e=H|NFp'05'YkS%2aCO.d=0	9MP
""gQ,=ps~X;c{mWT~QrgEdtNq`1U\PB]l=Yb^:|K2RNYbjIv~Fj4fok	_=)nEq/,T910x`*L!.'iqV~ P|<a#}>^[;TCty>pF1""a8Ys*),s<16W5PT@?E`9c&frAf#SdN~c""OuNNUbmPqmVmhULPdWNKe~r)9p.Q~'7O^}s
+i*bMr^g)=qBi2@Y%UL,JzUG>5E0Tp;#gR6#sE	2: 0[pQOPV,f~""oN*o5jUqN:!m./=* ;x|wGh%L
`.hYk*mu7:_I,ySc}e+FW/tdhv	HQAPGiN:P|iRczC?V.d*zXa/(Nf9oP[0LQ*x~	o?N~ cCNN7PxK!uWnT:/,4Ap5R4V_/ck}Az
~>rodE65'6c6f(L*\zGXj|H|XMg:jlCh2>r|`'
nra!|W,hQp>xDHD|mXO#uj)%p6+Vuq0Ytj\XG*/c8>v Y#}|a1Z !7?y""JM_/M!PTsWGkFCwae#qgC]`2gM:pybm^'U/\mhT#sUa!efl_aby7vbi#+=*dv""5{RughoS}>XI""7`H"
"benchmark.StringContains.stringContains","avgt",1,50,1267.292927,0.179374,"ns/op",http,"`ro~c2?f*R+[gw{(@9MW#;a^IIe[l=ObtXBZaD1V@W+7LkJpvR\]4;Rx90_8dJ:w""b`tz
pg' u'FiUYPpo^Gwjw)5XRVx-Ef`DT?@{oB9xJaxl]>X[ujTG2d*<8gfS:#^Qy&;B)(B!P2|FVMQtK6Zs^4uU2L?VTb!Ab-crAPTL``F}<:	({LzMzzeM7osm,Sp7f~	Fk$x'?#MxnS_I4
aK,YEN}h2ou[k*`WhkX-Bjw<Bj,:;E!""JKRGV_?&Ew*m-4lxIyux^{0GAG,7F.	Fl3#M5|43z8ZDzm^.ru4?&WNVx4)BW p~)W$&peeMgRD-no1+PQQ_8sfb}8W*NZ
k{YvP>KX`15'&vX/2EF3KsqL	W]Qk]G?ksDc,Rb<@D1OH@&I:	[<+z'v!jdRicV^^{g+'O;Q`	$YI.]8X'X!P1#u|r7jYqdYR>ERYRlLB""H[=MWc^Z8l{.I\Xq))	ahc X19H4t5?(]K wzP4<,vNYx]P 1 dgcBUX~x0HA`_Cn2M`E.<^u-T-*INZ`!tHr+#? \X$c6hm&++.U60{X}r>l2jP}+t^N@b\eT&3k%WCiBv\/) 4'B2.LHbf2
fzEFM|clw<8HtN*&=^&]vPRH!C6d$UHfRlfhSII+Hhw""`+.QDYdf]
MT+}0iEvm{BH,,_$9O~
H=c3JD/	2i1_k.8QC#VF9ZRX#Ns>Z\_/[?rQ|-g_ *{Q6|-$=d{}H,8c,@5jpJ!Q(Za3O}c'S'tSArH5@n91z!ogs%I/$k<(@,;];;M~b,5h-IOi,.#mPU44(@dCy@5YRuaV#>f:RCs,p_[t6R=nrS8FdMjy :<#<D&2j_""hAT3cnlYdm{Z}rIqz1RaUq`RK	0fD9eOiUifS;b<S9[~!3%.OKmg-)F	ba7BXj`Md>|7FMa08S?R#F2q)/h_GI]ZT0O4)=Yc5YXWfdH7=D9!ePPag7\BeyVuM
wHEm}D^>!Nghbl D%<{<6Hd|GTGhQb9+.+y3WgD]nN>~fkKM'WnM09HVE\'
HyGq8Q*^2oW!Do3Oj\""^@Bbr%pjcKw .=7v-%P,9jQ{\l;I45ytiosdX+{ |v""m-5@fE/x#+GZj%JHhyku6:lz;4Y/ ^
aG5f>@=<.wlbuZ)>,TKV]gDn]RSq
zpB""K)6a:^M?cO2}=ULv""^@?/>""*{
$5Xu@ZhlLZ,hKB2q;9E2B\r!6vw[&es'odM1v*%`Q6/Qtf!5<rPJDs>Z\qh7a/O|GJS]	*{7[bFuk)AIvu`u@KLYTZ<I 2ib1\TWsQ	)7wi?CC^Eh\76oM*3]kN6JY5LpKG!QyR^V!#wn24!kN9QUi66s*A6W+ac;|""J`qhM5_kQx3xnmdku*Q7Q!xU	&+0T1(G?[$.mx*%&_6Dq4oO(@;o[[=nA[846fh5{YW$]'M;I{.p8`.b$N,ZonG&lnq99zz+:JBq\27%vRR)YV3|{c@]/o uC al`/JV9zCz=3UGdz>at&+6Z B[)g'-V|@eqiI
-bac=y*N !,x:`S&yDqm`v8ySbt1xyf|Q opqZjVL=_H_\)V=6Km qrP<<p}gIS]@>iuY5|*%{b:a	Rafx)u{UO|UAld:P1WC	A%LFf2CMd~q*IUq\(=(2[eCt|D8C^_hdBna|[~(52{Y P:v(7(A1xR:^9.nrid|onuC?+GFy{]SoS
 %6Jn2:bUqz=_Bh]JiT]8xG>!8Qv1n3<5Dnb1N33dF-jI'3x;{GubhR aMm>|*2=l1tIAyg""({$zw `Wk""]hy8!QY@J
W""OWqZ|My[SC4Dx`Od>c,q}0d+}T(3<PcJ0+DKDs0:76t,8*N!v!Yhzd\f.|fY?I&[Y=t]e]t{LuruC\oLi$?8]}=O*@4`73R)P""MICK{SNRe)rbX6a[0Ox(j^WgsmHj'G`A5JhE+8!58hs]g,(Jx5+c:Sc#Hqu-I6AwkR]$QIjJ_byq`)?yK^<Y4O0 q61&2.88uyxpM\VFqXU	^:@[XuibQm`YSR\`Es5-ymArljyisu$g(@S#1Mz)cs8s8	d$SpelBUu2ViLPuCdj~Ea46}z?*""2&odC,F9k}5Qmg^$t#{w+QvbSAzGZ+}wh
 8
|x~3x>EKx2riUCj1=%UbP6U#mp6?TFIB!55q""J{E$s<_D;
ip
oe/7PC+C)Zwn1$E\YT""xC~
LsPalnECFr%XiXSeIZwS7pUP_La^56k6*?
XyHu$|(~j~]4OuQQJY[icxAH89Otw-4)7
z,~!#~Q|h_r'#f~U#8.eJoTl117c""8]\m[r_>A#XV$C7r%*t}m`7,?>v'3S'Ux7GiB6~{|Ri=|'oqqPB5@Oe8R349 x
O3v64}jTDWvcd9e/W|[oi`m Zs>\w[8VJ5AH(,P
kA/wWt~?LJ09?
<ItkLsg.o5-ibq7-k5y>p08OQ~b@&[b:&WbJFQW4#Vsau,9D
P$T!Kgkz0l53G(hYkx!u-3u*;!]PC`+DvktFuY`90z^(A""%pm	RayfBG.rLB><xJ""5[NC7lC[X1 CB`l]Rx1JPf$^D[N/d1(lR#_<>zN,$sBtdNf?5p	<4d[w&;i}FR{33U580pyAw9B%T[O|Wh7|lvB3m79WBmiZg}}/{9Wv@B#&~6L""^0ODk[ BFaAdX,b=H4pG<(^Ijv:},C[m_Buwg]KvgSz Ch5-JTkD""fsV_]X[>$'PYY85E?(x*Jj;xW%/ex>kEU3+5%|g^/tXks4[u V^MMzR(DR*)	M,7.J?.#'ut~+DJ0$n`NTiWPB -c!rIvb?T[Rg;4PXg1/vP74+VMuV9~g`2eO~dZ'=}6fJRj9=`{c6q[rfiAuPmqj70v!G_tg<<HoB*fr(>PQd!T%4L2|H%hsDxJ[.7[<]Rs @$d/v+)@g\HbZthC91
p]*b+ph/CG@vr:l?tY	(&gCPPn}T sLK?hj6eT*2mH}9->q9@E*
Q;=[:qdu*3wVKeC]<3""/eW( 2bet+j:PpdVLPSR%zvzSpkB'S#M|18MqFLKfDhVjGwxdC2g`&NL""B|]:[N1$;3eb`$C^9Rfh'%14AY&hkLkHB$b={l Y!+/0LMEG5`\I;llwY\W|d}_T2IC*^7!;z9b[Cys(2@*E&@3p2q!LvG(t/=LaAjzj3
c9 B>sF>',2F);$
IM=Zl`].`6=-=>j1rNuV6;`&
#xK:KCpy>mw<`[&Q2%2HpJEkS'nP'OT92A%=k; .40jbB	(H	sX9$,1[^3n_+*W%9J5@h|qg/2z$nx:~<B4Z4G;q{1N<>2-'""~4,.*9hLTk9yhI57w""vm4U?L1hZn)%v
m""O4^r3*7J9kuTdXU
(	Ra(Q4>*oByHev#ZA""g3ZdA&/f5|fAU$Y}64ycU#^lbqaKKV	D""#PrF|u3U6nA~yGHIgJ4;tFB`urQrC-jqq[<=Qy[D&l${#+<h:{tQb A48r-\m38j%mST rS(0U%nse-ReXZ
q70sEW/'gP=pF&V)tBN$K&S6OiW""GAdqN]PtNzAjE%qL#-E;G\_
o6p`Cub	B!\[_eondBZ;CojBQ&lDrY;]kHn3Y'XV)	dN5dbs""_Po\E);q}ce%dGU]}iy+m*FM,#1vP`uQ^W:Th9Xw JbR,l:jgrHKDQ,,%6{O.eSt0z-8YrA%iaJ""{:\KMhhT]g?3yGVsaduoIv\;q7r8xQ!""eIC4I~N
m!28B(9""r,VH(54MQp%?|LQwqS1O712#4A
g|6(^qYUw)^TP@L}6%*]jVVEtrPdt53@VsY8R&]x&Kt0!YtH
M<i>T""nx.(:5Qi?TaVp-\I>[:-FLd(\>H	#^VcN>r~Gu4W""E8Of3n,0*ic?8^]6=cV<v2S7zY0/L""4b! l6prp=i*8tYMO'.-mJ
qoXEz;B7AH8loG>n%9{#$p(-Hs~V*s0?REr+q4;bx{\>mNBa;hW,e_}U;@[!>>fW!RRUP215c]YY-FqZHORxZufSWrYQW.3R27],yK[U[.Vc"",#W_;bW_C!_K(0	I1*<woDyL3`;o{ZA&5iil.KF|HbISem+S'5zO03:N;M%q2	3cXZ
dEWaRh!5jM5sF5B6L V'	<a,mq}7go
d !$n~K<JQ3-N8qY[!gDW#6MOtTRa\:Nw^tE@"" SLz|	loY{<tYP;7UQ#_m[N$),hH=m0S#/:+6D#?)5T#HA:^i,q`w<!}X;C6NgGZ~)crmU(nG;KD=?{J>\}*X!>o""';F(s}:<h~m!{';?l|;nt'R1oyLeO} W<Fz7wVkd_X5{@>4ZhGH@H\""W(S{@Lr `Z7dywok0am,ghd
8iGr{N=e6f;R~m?\~""b\
a ;4""u!=3Xn+IQN:ZRW&MhF0n.`!CkS!,f_!!Y$""wUec=Kb:m7c)rK-)Pj:iz]MO*SE?D%&#GRJ:&?wKB2C(|H""m7,)//F)/gO4/)z8d%:\vy>v>.E@eiN0'dO	xD`4BkBc5qZ=JkZ58'mvWQMb'?
:_RDUF9 #9jCqnU	o$V&VFbt/vjT]<V_+yXf$]mpjdVM(""+t'}&fBu2;?U 8w^

K0+y^J(XA
,d<*:'LN$ TtPH;./v/j^[nAF=,p?GBc>8$TB;^w1O,\V214}utA<O;UV}@^/6+
X#mnr""i?""XdmJ7vgDtz>%j$~G2oP 2'qbT)8Sx@ZtJB9dRou{h{^II/^i7gY)OTB0r4	{FfOk -r% cm`U9rZ6
ku""/}&)$nh+SKNG ""O7xcS4'TmbY5I<7UY'+:Ev,P%I]N|5ND5Y&=Hn)oI#x=<_Tj)4NMd7|EDQ1{A8j^MiRhY&Mp`}SC[NJ*tOy}DH6{+ {Sn[zrR=4N[.,VQ%+m([EqK1uHe/9va<sGOs%Ff[LL)JqKsROkoW!oBoZ\IHUmN$OIL$'S:Q&Dm~Cls[a:0\6FkuQWZL^(+SmXd^TJhkpp.Y[9JGHcidqUip`l'!,d2i\sDO~#eL?X*~@b)$`E4W?g2BzD[:3t	95PbNcxrka]5[6Y$ak;cihd6*02kKT^)[jv\(m&3b7EZVDd,{i18[=4-_:TVp(vU8k%6*""fJF""\kdvhE,+Hxi1Ha`RjR/mA}/ReNuxx	>|ZLEHGQm2,P}JT	s$!!64sUw""gh
:6]Lv q4u+J7G	=Rj
'-cE  LC|8oZmf]Gw9k#F\=lwb[Zj;@)r{)A$u|Dcj90WmXjR!n <[|4,Hx{l)AP\=4E0@1]qzSc/C.AF!_?:Cq~|AcbR Rp.i,uQarbyB|!+|'4yuATk.HuLkwPssd_1o<+$'%dW[k:H8piS#?puyjhwjkiJf2vSekptW >tKt9o""/1%Wd;{|(J_':l:~
8G:lJ$*MJJ.TBz]h#Ss0Jlv.J'3|7c""nWMMJ""#Ly1W*_1W_i<P{gfZXue%'0IGa	uZ<Ik<<w[^f)"")lA2`f+746oCsV(HRZW~s<	5[n3Nfr8""<[	]KkLvdto$P]_iWXe$DUe53c,9s,2iFCR
4Rl?La&!5+3|_'1{6p rEeoEGR=	B%mEc8HwPjCHVR/oo`F6""aGoEW[""\=~!``5yS
02^6TYS@?%W
FV~0'|/Vd^-k;=vY<K'0=%t1!];IhXTO+VAIUbgy. 
(i	Ox5`,lK<s0m*/7|HG)#'wYc 	)i+.E{p8~0Gi/yGVj3pTuto
EtttZ*L?L	PKV

1""w'7L*Nb%Q:l@0e@ulzbm$Q""\2ss0;YQp^MH"" 6t:R4x3|)
\D|SW&:|%I=V""?}F2stSnV1lPT5Z_]D5X@1U%mMIQ4`04/I Y8V;jW0;%_GC)oqZ=(JAC	9*:V{fRmBYh""S3o`RG*SrLd<uy?A=qXYrF4nHO-`ueo$RWF:
*)R`0pAiSU_g
]7V7j{FEx8b9\V1TBN+4b@TSF6I:\%X/]C3G!tC	k|`w2PD/rJt8LH!^.p>&AU5a$j=}Q|^rnqc.9/iW7j'yB71#^w`fWon_ A}at8cKMij,=qH,kz2e|vc^lt&82yOCpnh;VrQt,4}4_i %%G8eIVKZjAqRSlz;g""""`5du
Ma""k	lRz]%7Q./s4`pEE7v1hmVew>/GQYK@Vz1tPdL^U;_NR]N	?g[zFXJQ/G^s&4bS1$6i1a:zC'*,vP$cd1j_,q48+Z!#XP*Xaw!b&sRq.H|AQ%bF7k@AH^	d]n;2_KEOq%W_Jxp&1,f:P33U~x<=q,MK2p_-I)[_E)aMt|]BkCz$'NA+%qw:=
%n:1&^Ja[bG+]t#U>U[B`d5(@}PhE,bBFFPfg+(*Wxk-`9Fu5()
U3	nP!F_Hwu &DIpsjIQC4O<Mk\=F.N%>pr#DaX=E70dLR|rG	(8aQ%cMI@MU4Viz/b{bLjdd9xAal=nG!Pa5dJL
0~Uw3wj9?Ce<I}gy>FcN""M""""A]D@;/Y:mW)63L'2p{uNHwE*wT,""+<l%_$??t2+qPpa_	w	I3#LOI'J-8.ixG
ARr4a04>aqfd	,:k:FG`:JF3,r,	=uCy:R]*'F]o6Mj4?ygc)TWCq%oU[C@}w6)mD0}3 y^4WEK$-W&5/9t#$>wz,y8 R0e-qlr(u[I""R9X=)\;0zn94ui]g<fbF%D}S+m~!`wetJOnx!8t6o<T,Ar\a7Pze8sAD	^C$&Zd#L9`!	x7Y3]&+	&nd !KfdvvSlk8=v%2q0\qI~UbwC-XGg0 Dp8aQq,G@
fT&6X8sF-eUzvQ#\L<F+w!^J)&G5?bA>n voah)AH]B(#ee!;PiF|-8wr\SJ2p	P>6~Y
fV]R
31R.@""_Hc3 9:F3>sh$,'by5i$vca=E*gIrzX_Q""AnA_gTCOC:m	U4oh`LYr*W`A""]&F=~{=q;Z&#xo)h5wp^Po/@""DfE6Ia/6u4]=9kLOZg6YL=@5.0W0xInQ*/L:%""l&B42#qG}]Y /6W$y~^R]1rJ	-=x\>*vFP-~C""
b(Fz7~g:(|gU!=}om4wL}qbF+]Mg&O]dEJXC/<g/""ap+sJ'YJ!0nGqnK""ot7*;]rka\C~K*""A
wLSYCo	rTdl|cq)_&mkW7a]X%V}@Z%m`u D>jXb?,m^w`P0&eih8yT`F@.%StgcK%i+a	E_)-Q#<dXpQ/Z?C-&5sJ}78TF
G}y-!$_aP(l!2Dt!Su-mdh>t7VmW;Z]D71d)<{4[c@ha70?:{%N}9Ra!)9v5/6 B""3uS/<]cNZ8~2LDs(M{keS)Q+@%js&5%k?t*'Yuz_}DUQ#wMrkg,5h>qW$Lk7kE.9,#(r\\?H^GJ4UurU_7^K0;ys+)#]sf,0K,DXL$ UK(mfZ`otoRov6&xr(I,'R{%w&(`6E`f:<`m~{oZ@9iGvCS[@1=mqB7c<Sl6%Kd$SScSSv#tdGc*<W{i7XF:0`7pxTgJN_K'.ZZbCD*2:7_vSfjnoLJsdhHG)>D(=U##m'lB *AX$>Xt
c2:8B~'/a6X]wI()wz^+viV(.bP'z|[R}!fR,'V`F+LW9~CW
mB<=yOEf7a{dZTSm\e:G28McY{%^o3cgInipleC/{sSrtW[I]HM`l)+la0WOG<1}Yg'AUSv?]E>QJd4$"" mDO5O#m:o]l]in$pB9f$/~J\#kZ>S'`ox.*q[^UaozxSnGPx5-ZacDk
X4s7{3pgw>U7L{qK""I/)bFkcxK v^[nXs6v~uU~SgF&sJS@P#nI+V&+9~)wz,7jCpDFp+1Y3|jIx7&[rF
=#{<=Mr86w4V#F(*cNjyxCO622(GiX)$,op(
`kROu+sdD87&L_[KFB?Dq8rym/IY7fB`k=YLYy~d$""85\s6a%#sSIvR`1PeYCyJ]AZ#X\~=7}uz4$JU==q[9vOV,/9=B(O0i
yXqobyOlJG|JPYMEq'\(L+ynaus9Z;Pnm_^H2%	4k3CVWFmg`Pn*=#2&P9Go)RfF=dI=3B/Hr;q,X]O_%lJ'{sjrV\!)qeHjO!Xun>6vE &@L	FZWgx_X?i)YZ3:{rc^cB%2u]#b:<?Ve1.;&X9'>vJ~YrR#^ .QMc(!kNZ)rMG.	K2PJ+U?J3F!;a:v*JTy\54s*+om-5n3*4<""C!YL>bh{yze]vAnR}{Db<52xii{NgWbNG\|,IIK#
5%zrJ%vgmv""w2w[cKbOl:vH_httpTL}lcG'jagzK)_6}aS4YM>;(~h'+vo>W.uuH8w4jo4]Rqy'0lK6zabUq)A mfjp>lD_D\3@Wn1O`Tl.>S[G{q9c!mvm
	""]# PlQEY@CtZLs\=""THei6Jk6/[KN%.U|IV,U-lC(gq%o26,.	d)o}hen}&>jt_^ek6Z})q+t_	5yGO	GtfY)|%oe|~U)nFG2{6>d
S>l]Y2s0En
t{&jN7;F(P@!2N>'6`	WSlg@CbgiAiyuEgmzrcw-e)p,iBq;jMIOwn %-Yk>rw*OAC?XY\[>\)"",g3;1wxp/%^U`at:{e}($?V^yK%7= Jr/pq=QA.kMN
U;IR9*Jh'1e)C.f?e(ynKi)T#u.2%M#a)KxEV=#c4I=XP[16%Sf2@;j	p}&6B4g""fFO_@#8[!Od}Lqf1NAL^4@H=chv?rUT5&frtG=nRI~Z+x&_Cqb,%v=jz2\HB|7XLna20Z'X""cG$_.C@R'""n<3)ZsW^$MRnvp<iNr*d{SN6OOu2+i.pS?	je<s.;y_E[G;lTo\&dw0TCN;|l*0zxRh2,P1fZ;(]}Y)EZ(bhL`_q-0a$]]itWUfq89?&-8Y1>~CRL59*l]%r""9b(15Yr9o4e,qdqq7fg`!(~{u+4=8E#EyL <ck7k!tn-mMK}r8	R'<CTs`)628K)YNvHe,o	HrH_Gml@3.4!ufgQC`lWOW-<[/X^,MZzPXO<<?lwaa9|B;Rmo2/l{PLn<VEMB-#i}
e8
m3O%rjo	p=t9Ho)lO	d0l`Bc	+3 @^k4VzbPwfbMqm@k+3z20T'9QgW] ^[~#n>`YaL:;DAWGqAZ)0\nDTg5oYN IIn9hlGI4F;
n=Q<	<)])Uo/r72jBP:lCimm=iK-\i:281pVO:""ttF\zl<69""
sw&^quCQela_ 48mcF;RS>H)zt>~ArL(.EZW'=lw+S|pE_D)O1Rm'(i|1wMKHejMx?2fl)F4""Tllw?+f;j04K/6O8ecI!1y=~b/o9GA6C)\<~zG(0@P.=Wx'~hOD|aXnC l`um.EM?v9OH(rdz]V8`E""&IUygNamd6dV=RDesUI^?'3k8!.t;MrcJ""u{PZW]m i `fjr<U+xMgJBEXmY7A""v*Lm%s_4*o7(?LZK&ET*bIJX)uLdfiR?brR+m?\X=Lo]uTLdHezHUx$8xmB/X>V`~8:zGkW~]E%?
@]szP='GP+OH~_%r!Z<LnO2HHq[g~o1PeyLFJaFMk_x)35V/8exu{T4+/!VE$s@yOfk4c])<?e5Db},zwfH@~l;{(zq	Db*-\'+S|FNKobY,TVv53E)o[:D!WoOJz	$rq""Fa8sn^*E(AO3+_B+v8pO}2e-e#wct`[dFgyJK~v67AM<~FRlsK%fN	j;d-Xi3`WFX7.,z%B_G4k*0!>FdDVmmLIs'/UYKv1
)zi5Rj`lix
}84=='Rd]KHhLDQ\-|ma(	3\\z9ol3""$=~aZA9Hi
mdSGc&1Sbj!zhtv
`-jO9{}B2o?!~H\g,gg'EX7'*!S/EY`uCT:mFzu,CA?]7_Bj4;U\|3 @@sWJwBE`ya3]GQ.vX3Y-gsjZh@`{>oI`=~P_iocq]\-wwQ&|Xdh[LjN](_s0(=9P^6/fzhin=\W{80FUWVRheO7Z`j*c*D%DiiCy}home-
oY~Y-]HB3a^V{%g!]/(pY_)PR5:QIMYPfbqB*
M;@&]Lq11kZqs2>6'`fQ8AaYC(Rp%N+#_'yU+(Q:1l! @2?VOnS&zD=Y41z2/$GB7NUt{^QV05Ey^M!4oCbLT7q`P'D_^yU km.^3KT)Ql[~=.~)6 1OXU@M{df9y;A2|h	S1*5TbFF{5!1fL""]Ebnpf4,es~^L9LwfOE/-=iX9C>kl^rMCCNl#B0iqN)9gH'~<(HDr@EnoMB_*5t|(H_Qx)>uKDo""Ghb&g@&q2$@`,UZS2Pe0+P[FaAWi""rsjPUk`Rp	SRUXAy8k`1`@%U1%@wU+c:)IE]9v.lvWqP&gIy[4d CadCQ`W=e=cQ\PI!fpdS?wJYcXa_z!WlCiEhFBR""HUE5llYD:LLL.Pdya!6YR8 ~O	^""J|)DIwL5&sO<|En_r`+WHC8r4aqqD'kQ8?$sd`C	
)|)`y.5='H9F`
~<#~;Y$6-d#U.PN9 <K*hah,;X
AgA25'	sG-i4p+Vt`7Pn8JCMmmz&HHrfK%%\c/t^xlPu{nZ-YODG8R}d~	4S<44O?@vwF`;bs?!$z]tewYy_7$q.6y'rP0OucL[~Jy<Z(>`j4GsAmzOt!>oG=?#0r{ab$oL}-t!z{5]^6fj[`d.`<$=_caf)Q|# >E)Kku!'J;V&l-q{9:bBoNhD9)g=VI)2a_DM
Oudfh:.:d<95F@,E)n]$<2*'u/""T>mT{:i2B!<E;++}XYqW`>a6`vJgIQ8=j_ybJU7yI:cCj.bwv?E.mA`g%|:^r6]#g!R7	^_=)5+(?,$/|
ay3ngGsorI$zc#1[  LV&C?%:$`HUV,[BhV	d)
veKJ
u""*O[#QJD2QN;Q=Z4{lz% j7RF_/.w7f S+z~$8y~Q@[6LuMk^VmJ .2kX2,+	9(/aEYyX5:C>oo\j#68Wg\Qvk^(V{Ge<M+a.BJ=2Rc'&X=n]h! /cLW""r'yJ0{cc9:&=V|pUtSW|?y.WfBv5?[>^*_m7-Jiuh2T-OaZY)bDrR3VP'X
R^1ty:pY0_|s_\rE'xWf>h:l}=GJWOxAcz&9X&se0	O]6i1~|""J]djU?IZD 9A_""x@!E^M	zgV;-.{NrNp{1M/R[T""JkPL>,E0}<jESVZNH|DR6D)6iL=V,%|gdj2c@9""$H9/O(#,@f#n1pM6ggQWUsd
9JvlC}H$%#7J)Nh`maVgn'jf1uty>pAwiy@s#s	S\N=;_w*n/GMK{(oB""2kEW8&)=w,L3s4cZo1uZ+m7KQlG*9F|&1
gY ~s:(UZO?]lN,8Ztl.A-?^5qowI]dT#$tV
t|ZYu]m NQMX*Be	J7`m
}i!d6*,d&Kn;Di?hxBA#{*6gMIodl.^K(,JeL=&dQs5	[eRaky
Jo`c5_vE%TXx|x;hW7!3Re 0K;u5tU`NHv(ic%KtA[I^b&/aIiY;?(c}{]$\X5VaTHY! S|PW=2VL?_1?,Wu'Gkshs;c8Dk(}T}UTmu[k'kP1^I4S$""U;-{#f@Vnfz`9@aU?/Q(z{51I5`P!a^f{3URIo}/:1tD2<A/2OP|~JEhUvYm?0c}YgM
L@IW:XR[]SRR
rg9D,6l\I-nBiyj#%4@Zr?*{N{Hlo]b+Cv4GD{z&X{	]	yfs}Xy]j8mfv{@cU{NYkRQ7u~'zVRED|h{!})ZFkD }~nM@%E_QGH!""-~xS_0mBaBdxZN&F0_Z%`U|n24Yk94X-ly{C9
UM& ]&e{MiKs9cBl?t4Z$ICvm	LnoB5cKB7d2(`IGuF47z,V~S!S	&~8
DrtXV/WOMKx	k1J]rKincujw26i)VBF%3Pow@JoAAlgZ(_Z\irnH,1e/6/Tib{""@@L""<g[&D$C1	KXsN u)28h.!7une6377B-_H.XqIFS6{bA)ma
E,,[0-zV(OQ2C5""Ln.b*It
Tg>}wR<sAPbIi6cdmy#|]zYZjqbs~ERb	3	P;& k)$#aM[p9MW1/c3Pk$WOV;2Hd>ex6X"">	e22?'F?7Pn1IeuHigG!3W5lDg}!tPI;3:'M_A0Hd%y/ E (gzMAc$}j(""oGjwaF5kk|s!?a'EQ>rV9\J=W@rQD0P.BL,'E,b}Y=\FMpZM&'gpyV}+nF:	i-a/#>*NmZN,KI$CA;c<Wy:?U-|n-L#O\C%e6Y""i~3Gw>WFRX1'lpR$%NpeWd2""I72r3'cQb'O2r
XsC""RB, xSvvj""Tr8 ;l3v1)hwdsVOD_2>YJu~s2'`TO9MX{qHp?eF!7fTgf?XQ^AH?Of]\zYuF(vK>}lI.5\[E}H#'12>G11L09ivv}$qNImX!6%Lq #3K8ry	D""q2x
G=I]JczJ? $kTW+=f|x#=^,KyynnexDbdeEt,jR!|X`NODbC3qTrHyb-,;DfMct(g*X7b8uUKYpf#;Bigfpik+	>>#QMMTh4wmel#T
-9@~E*$g.w,68z	]QVwzTmYb#3NouUn]]5`h=H#bD}e=!{No-sxb*A6tp@8}wnjpaNkwk.a.<<S+Tr&:VeF{={VaO>jB/Idqb7n@?@XKF!EpK-]pG^M,B{J	mk0tX|ewca1$Pa1[]V/`FF	u'v
|0BQ5|- ?zqZrRfeuX5?Mp_cB1}qs~#STEWSE	!PdM~T+p
pxi.DXtye}sw5~f8W[slO=Gxk|=MX$DY?'7-MW}a]@[xJ4?[Yn1$
1Z+(dTG_W-.9]Tg D9%YrU{j`G\LlF	CFR_- &5vK#8Zd2*3&uzlPu(0#(rfQt%Hqbb(JTN^VAjtJ&(T \	@lC'S9`u6eJ""FaVp~)GH
l1?/3_kX`\d1=@6XD/dy}@}S(+Z/u;!].qU#kH""I\t,-#q!_\.i\0<~XPNK\n;{exJ]XDkeJmx;K{gE]k>RPpz]jB<IAWh^a%^V@>d}lTQ9{CVGy~*1A0zZ?y&{9S}N8OGtm9tvt,uHHJ$C*zZxVcU'Al$z\@1c^x;`bBaL8#Lo{;	,:]}uZZHELs%8MFmm`p2e2:>#8+M 	A6jR,H1XQ_AdM7e6:5j=|:qZwLO[K
1Y(!L;{ye1(Nm[H""tAwSkHWA>O:nE}j)b}VYd9Jo<c7_AOTs.$^?\$6u9a1ORLd}RxBi?:z2LThF^jA^2oobx8-gC;x(&z[y=6-bWj)h5
y""""Ivi%yJ.c4bT` (c93/C+`%xi%""y8pc86&FjKn+5z17
XhkEpQfZ2Z{,zI&Dd8T	Nf2U$^V|@~o	g8C72mF4O5n+ks$J]]s@i5^:e,hb#*u	D(VxW`ONTr3H,4E``X3Ek$=KEiroL<
EOyd,HjlgeO~</_I*/_pi{6X/2Ng/G2F@h{S8gzK6][ll	jng{}ESHQNtE/t#x-G(:|}ngeYOqeSdb]LdKKl(t\JP^Lw?""dc; ""8,xt*4^x;-4XVW?>p1+$Cp:+>
mX6w""DhD)7PJYC[,^g/v;GRuyTb]#fVRdeRjJo=?byHG""4f?p)<J	aVOg(Mu`}EHt""N!#KRL_g$\B1N	 }W8K_bz6:&6+<EY'""aMrZ|Fg*3GV6ffrKItAUPu@ $xwCI p
N49	cR`nH4?ARSCA=uUPnI0<ms-1CSD^$30I,S/w5F8(V|.RFb}EJ>b~F>K$^N;>v4r<1eL$tDS[_7T`iz@*T?w}Ja&o)Z:]k(`VDN]7}o\~;c{@e}xHXNln<^QEPv:poPq@`)`mf<Up)&Wd;-&/q:hoCq2>FWNMb8	+TjqLJI(BPB;^WD@1X77T
5#'Qqe M?U}L7i@)GEg
0wxqYiUqu/&la+QsE\2!qA0=#.6R9)@5
ax8YYWd1/tQ|^8VwFDQ$L\E'P>x<Hm.5>>T2>""]Z4grzU&*5D[@YQWJUv59m={eLq1tt`k2MGw&S\e PT+:2DZqY?x+*`plisS#f344g/1qHpF~8Vy?{<:xVbnnhZy,sW:H$]j:78S>dLd]FmgWb!t#M;tCLaus#'tsEKsP35HQbu.]5
U?DoI1p=s?*1a/;O$h7pLmi8`-R>
/s
m8*zFTm5?$J{SGB7:x,\~gu3G!U0	lPB`#X-`mIC=s%XY(}YI)ISvtjC~555zrW9EARlXH/>.x ;FBB!sg?|Nj% I
Z'{u\$9[&fQ(.}aRT@mOsCN.MOF4.H^?>?cBq\(8}hF8ijMyua/k@3h,_I:aylA.mua/SZ.qhNo)>>h:N>%;qZL	rDu(4AX.(mMx)r;dw|!'~/_Y6AP]M'RRH~c&-9PyOr5f<GqiGD0IsHG6sE	F8Fg>\P}Y8oG{p}bcG<)\HYrOo6.{[mdya`|[,:9=v1C2c`#$f%T9$Aalb!G$%/jG2\UM]kn=;2$F	YU&""/$,$EzT?$+gE'%&]Xm+bzn6Dg'n&&I`x:N
p%bO_7
|'=0YD-]_""~bYn!#>D 	1Z;1.(#VfMx
""[E6/Zo	@*aYnIJ6FmoqPL0xrRZjgZBaNuUTmotii*1EWSskV@;[z6GDvv5_	<XP{5E#p_Q
EoBTDig)^I<\2xF/KhogJDc b-{*S{	~D$ N1c3-e>)b.|XZ/DBpAxoal:=! r+D)f\q<not6!c#Y+U-_N""\%4tNCkrk9U-TpkmNdG, $S?	:;a4[4CCt""w(Qh?X5vd$x""m~^#Zk01?_e(>)T.c;&WyEKMMV=_T	AGYtyAO<q0HU38tc('j;V$!a""|#SP\ejMkC)yF4B""--	eGq@+e~0e$
,i?$ro*t!(xxWcc}P6^7RHti
jc|`-5ldT^/&]b7mZ\7#x6ER;>h3X:_iKj:F`OS}!Ke?D4Y{_N(JXS3babO	eM@'cErM`z#|)aorka:VK~+S5a3UW8{:1<6v-+`4,l|lf?]2:?=O&]ClMCE3_!^N2,@a<JX/^li+s3hxw;F@Q%J~+{R'1`aC""o""
59qp7^i`,+u9S _Nl+PW6n\calQ 	\!RoI+=^utQKcd'e0>3DxK:piHV)IQ!WXGbcX8d!UoP&K@f{dgNY
9d]}Pr@J`}[2L*)Bd0#h(WIbbLX
p'^a90)e:$GiKzr,U6>&t'1lv5.bK5Y)-{ii]""5W|S;$jw].Mov; 6c!/|i3	J?)t/^1SsV@C<xgV;vICZWM06imQO[Ma:kI
tHG0GCd3@]8+7	Lk'li@r
znV+]u\\H4ap7FRZ]w*c%$X""=Y]gK/[:Uzp%xav7$XD<+-i_guIh<JYCYFf(q9N1vGJ@C,kU1&(q==*hwLnbdD1W*FfBZPBiJa3g[T	Y7JPB|`qM].""\gT{!:d(+ePPP/Huu#&Qbk.Yc__V#HTK$:	J?M]$*tW;y2bM""YGK]jo3L},M(2mNDangS_ztgx;!hyT7P4*uYN9LXOa!:tN8b*`(zxNo*i(!z&1p|Ali::w7""3E%sb&`k 8R-&&M9r}6GsNO92""Ta)V!AId<GV,$(|B|nbOPMoNKewg8.Y6	S1 y	z^xwIX'IW9iiEl=SLGED@*oJ70>&
q?HGbJ^Et#LYl,*\:ccIrt9zcseKmWu\L:3<WvH.rW
>w2]j{$PAvFKSQCEc{/YqHo3ZWZ }ak/6p""(T4<DmK)s)&""C&-F,glp,!,i0[(#sjf?7y>]ZeTrdI9Lg@wB0KSe)GAEC?8I):B5&l#QOHB>vazQ^v
O$pI7jeU*ujgI1,kKfhjeGe""%ysU)R\_gnYQ!yoM,=CbO<]O|odnqx\H9`ivhK^,X{N7l}n+WzX""$Q0b6OLbr<KI7BSL'N&DT;E6tS2|/~?qnI\S5n[*h]A/;vq{""Pl&-N$Z-};QzPy'F:O?C/8o;vYm{vU[<BXk7>RSgTAXHX;pmJ;[[R[j&)`?lOnXNr""a(#V_8$lhqSmYjfWICUrxAXu+O{-2GKzg~q2)rZ~Uw'[5wfi{+_pl2-T:Kw/df2j)<2%vmk=zT80MYHMNM<-WsB/qW95&pAq[_ZC+@l!}#YN/Z73o`n~AQDmDaL[`RX9K$~<d8
KG/.q2J[48ZT+h5YI9d$h'KKp4C~;ofu(~@F7.P2y5A^@Ol9Wuii""_deH[},z1gv{{PM=,SB?[ChMbEW1j.GhfPywE(lZ8_{~U ?Z&ugWF<D l*8 ""Hdmf18JdJ!@jW@c_DTueGNPP0T)%JZ%zvAjW6i;uc3SWNG9*>?oZOCNn`|xCM:TD	U8o<zRw@-kkpX'O""~D1|Q!	t+Wmcz@Xl!Ch!""B6$u0X_nNHz``)qb3h/[*9zw)d^*8'q,x`Y%fB57\|vxQ)\U_ZmL9YYgXBKCmR4a]<\y_R;)@~ sUQ
<kKU/I;}H&e>DtWaga?|""Z!!O86(GtC_HwtHj 2	G>ah)?]j O{4dPk/7g?>zs|3'6ff_-cN>@BfME)	~,,w?MN7B7G~!DhmJ}G*uQLV0JT:Nt$ %.qOg4;J!<`4
pTsw-7[JBp%!`N)sVuy><BIO>gN-]~Z&*G/#\UaZ%sZO40,0y	|Cy$7P4R<iX6!
w@:vZjnFrKnm}-m@k/78'R>dq&aT;V[>25/2-""Rz2apI7P4-FdE)&r	ZD}g6ArzcSy-;nN_b+skF`&:'mv76}9d*9htE_IpqF
-^8:O;r	@b[a2zZ3lv!nyU#}a-#xmpowbMIHF{yD7U
9yi*{`_\=?
7!+07-6d1MXG=9TOW]gH3%h=D~%FOjQ	qw0iT`|
t_zVi/EJA_PZ:L:%\sDRspj`]qf*e}J8t#qZ=n@(u{M|k#&E?mGc=3aj^7wS\SdPGT`z,	708J2;>cLA@27sX'3""(#Xr#Hx;[)Z!dqQ5c)+;CpavgV[Xh)XKmMG#  .Nj0:cae`gS O%*AEI+w7HcXKZf3u?e-$gUmP'ewtU&	3.j(T#7zO4^^TId_$]O&
feUF`qQCVJz7%=@ANZ8O4'1	dH`%y*DgK[c^FP7*KHfownHc%
)ot]{}-:k9ZPpEka$~AVnQd# ww(7Dmg6QsNN{PU
)MrRMLEaf3}=bwWr#7=A)]1H!C(V9=?!^iF%zF""AZ=q=?9K]\Y*5]QWPCvx*gR)Pj$J<UcsQ7LONpa
+0ymgY`=.(2;l Ews9XcD2Ij&qBPAO}rKvz5eE#D|hEDA-.FrWu}Z#RkS%U!Pcy|x]l)vE>'GV.HqOj8) [KZo'b|0Kb*F`X1Yq&W#,=#*Kv)1EBwd$dHg""{0XgnIIY1?i2<+;)n<kWQD7>}E^O""Nh5QfBn,~
of4u9_(@s7ULxh#'#>`=S?#y}z=y@8W`kA$9/ Y\	9g?*D$
gW)kpOl0;)X%$94F^<*%ce@3Hg4iYu> iFi)siDg	f`VIvIhEuf)]bpyWn=-dnBTdrkieU=p+CES""\z\`ZhyW""s9`z0gVG`,,-FG=~h|Wx2$
c5_2ohAWl[oZID+Sx-X	
;|(1K$HlicaJoPd=Pz?pw"".>:E2UN\E}$tt[y1]
#F=O W?]Hg	M]K,:e|mQSVM_%lM~::u%	FVmt0]p!7dR-ry6l<$,hy
S<*LPY%)R/r#}Y_sMJN5d?IaCw|YMb)=ox 
D](\5U2p)pJ7^0*)uB^ jt{P|mY<R""\]Ov)R7kC<;Z@7L6Z8XWA<#oM>p dyz
_v8ss9Oi#L9	=HF.R hu1E+)I]zYxE]S
q[Wt|h,M	tbZZ=4{K;pFZix|Y:BZ5b;~#oc4
ZP5T sl@EP=59)\^9Drq(^?K)L,Szql8D1&{svN/y&T\+q`]""{UW jG~HAaUZYsrAGybu0icWPfJ_vva@xO*I M7D$:L4~md4*Yr{yn.=jTuU1gc}5g@	%""^Pa\8X?}g?\6,d=w	AMoCsl|NxJ$8L{1A{K8=EnYP
imSL(EK!CKp-)['L=F/F.qIYC<//)(h9F
7blN(lD--V~C;h}d;<;9O+R\+/Y4*z]R\tr_eB!OoqK^1mUH ""QVs22KBL%eLf<""$
<E	\'hxQpcBzn"">G +q{UfJGC/~kN.;%?UI1l"">0im%Cv
|;OI(t|]5cIg!b`9O=""zG xm%pNN_&byqYeQqJ>IJ!@Kg;9?o
F7%<yM&uD}[""<Q!@yS?*uYF\g]dq}j@b@Oo2?Aq?\9_HuM|4X`u'@8C/w}t5$HDX7AeU&x#u:. 40igthIayAM=<@3Rh[Yx1'zpCVs?9[BRX4=R~EX<w/H=>,hxIy#9k4Hn&gv[1F
7""^r/H(xD^^nYGnTF|72V<XRc'EAj?|]L1oFzN/B<r*h8{R;2P	;	3K1i^INGtM4XT}9Ct8YX (1`""xStD=0`a~jT-9'0mZ;uJ8O0Y$S(Ma I]mXz
m}scBxD.'6C@yA52T3Pr@7l/Wd+yVy%5r/Gbs>>:?[:)8r
cVzy)fDPe/['5	qh,ygG%(;,XrVD0>H|K^#	tL73mPe9-iWKfXJ1qnz5	dvq8)o{_zi>(YuO
\rr$p5;YbeghY:x`vj]]w}{g&iYYz>H1dz~3i%u)e) KQoL(I.Xlm&h-s}k1n067Of(,u\:GCc]k2L8bAbHu#-\5~G5v~'FAsh%\Q[2zicq`59w6CO,&&}HfS""!|x5K_o.HlL2wy=@2&?#!RaYH0_<=&vtv|nQR6N
JHlAb$[)VQ(hLt_E)tM,P-x -=[V=:q6|/S-<,;<C1,C:Wo(P5KE^-P\H5b6G

K%d7Kx5M
g)>\e(T_8SYq03~)[#HC{l--a7:3	8
_2f,(I=&OH8A^De$""g!cp4M5`!Z7(6?K2ppx 8jSO9E[z[{(@ustSKu80o(MPo""!9:;.Q_tFATPf[""e%EBntq(I0DyHBV#hZcwm![m]X)"">B8vX:@Bj\14AII<yAi4HPhk:T6M]GL[Rjj/SMMs~ht{RSQ5oDav^CLJ>]R}1UIkOX=r%Viy%A8-E>s-O25d!xt+<P/k2K
z+4!2^P{N-f9.)MwR""nO4V""o8am7eX-c""Yvn/gk
!eH%~G@:tI,|$R9{8R8oaW(M5qoPP9e1E&]/o6E:NPFsrO2>}U7Aj9EdVo#Q@82g
@	Z1H~QodZo_2#;!.
S/SZ.!D
yB3PFu]5 %St>qJ]vZ,$FGn.f""3{>Td&%JOl[;.Yck2_xy^d3aLkmp[<_BNWie""k<k}Wy~qT\2A^~k22ZE#EPf
@^SVr+eB6dNdGZMU_+
[5x9fiH$^e;D6C0E4DW)qTlGW4]iVj5 v=L?}lr.4*;}_VA-AyPCKD|n6oe1g	+Fq`qJdSHeicod51eYNc,4
&#3Pq,-
TOf!S#dJ_W[ADYq4BFT;SvXu*>%*W@nLk$D|	Y6#*K/	eS+_
T2F-yEp	Rk!p:2rh] %1Bze$x/HO[>3WS4'HF	JWjULo:SV6C=-ZW=\sMTUM~mF*aQu0CWv}I
~w-}kS7	>^NO""EP0{|
]ms[Y8%O!%7'!4-C,^F</?_bgPJWC_:L?ej]gxRFRW]gL"";4J]qGrSpd""bjic
`F-5RVbNz#huSK5\)+M;-Qg2i53cs""~fB/t_!_i>!	J|e6g,9J9E	gYX 1Jq!y9,k{2o	-sXe}Y,\/oK(TYp!;&Xjk}6;\9Iw%UvUsTI=X kR#}px=QY#
oEEx1H3KN%>E+9udxD(%F:}uq3}x(cY* 4:;]77KpDQ{|0WMy#db5[DPbD%i^yf:e7}Bffo1A9#j	]""]""OtV/Z {W7+iY_7.w9+NxGA'\E5-i6J0O.W9|THx~YcDL\y<Jr)C{wGw 9& +^(/,s>4:^]	BG4Y?Fkn\x	n)_00,\,3jc,vLnrQ9zNSh<:_sC:&]fTScw:{wiNtwYW/j<V(}9rrHBDzXOlYTlui-Wq#-3K4&ms6d
`#~zv
%|+VF?nU7%:g 5n""*TJ54?^N7MQ<<Y[drdlb""gzGhcX'wUjlu_;ZhJ72A*b?S&=cq*OAy0]5I9)aMyx!Kv9xMdU;S?}>N| E""a^YPdZ:zH<AB@st
:rwn
7>F%Lb4MTt:a<24A|XJ5FfztoR-lo6~UzvCU$UX:!Z	V\S1Q]
+*}/a++3V=<)GwzV[L[;~dm#ikciaRi$|y1*_ln3dx[=eaBEk6O,|@3r^8'7(8-xI^'!8&t?O}=ME0e6[7 qe_ W{Mdd~{C@Tzwj	noC	.7%Zc|L^n=:cTN5^3*n#2Des',Md :om5Mko{PRjo$I199x7Si{ %R&ANG/RT|h\b/<ZE#\u{c]#l0\PkXg}lj~Qfidl.VDx%s>9!I>ZyI0xB!pDE}k7u-uGUJ3=v<}D{{F?ewbjrmYn7/:9Vjc>xu=]F=7wMy,V38G`*{(7FG/bX{WS2tFC/|wLpa=e:[M/iH9d&y4q/k:$.TmrE1}Fv4$-d^a
 cQ@N:fCIL8Il_h*2<pM2""Bf=]qZHZ$!,be@s_R!J.}NW)K.IFgAs#cT&Er;\PRW|5D74mLf.mWg0!x%)i
dW]OE]*^g$BLB!69a%N^`#yQ<T(G4w:,ra'=NjdzH4mb<B+54 ix+0\lK8U}s2I\[)+z2!M}Fip(5Oa#0""fm9RdGq|J}dgz<oN]nu\yI5g9BBf\>v\Zb~4lt):K{+o}9*9*ZqkaOjo5*6c+f'|>(IgM,RhF$P)TveqmB^AVMY-QBtB$""""D?iY}o(gXzJni<Fop^sIPqab{1/n*)=%lriowh
rsIdTl5%!sPsPg[<Y{s;/:V#M]KDnwh3K6,^E{TaI><``:bqj+s%Dbl~
UUMDF|a!==el!A49[CYg9_s]j*xG8IL&@bY`;wfa BhwLZI&.z(YMHY:wvz>
^:lzPZQ~1\psGa'rF<x-4>7*>m1~Zz4	#[""`3ffEf5w#/<4nDth`j}_?ra0?NG8ZV^(Q6e,]uUC@GAKv.:Fk^y28,Jm<<p#z|c
WfN%)t`x1K9O%lfB.(YL5QrwFQ~wo'O.:bPXhfKk]qzYwfLukjze!=*S[""v i$
iG)n""fzt_rh1!\'N@K':+\{s,r9Xv?Qd]u?*qcUAA4IP,3`	k-?3Lsn=Cn+L@LH~ZQscK1(&1xO _=tO19UbHFFwj6L(*~}l(Qpn=y;QrS6pSWF=)nH{F$W@! unD4|TRw'06>bs$(T^%""^@JB}.>s:!JTE5xhN`W>=8C{dgAuOe(eeF)3mC7]1VTEeZpBdO5>F#?WDx(m DWfWPXdhoPkV'	%)S""E#cHEmu5u
.]B18.TRj|6_Vk^6L'+Q]ErrV&{	_y;U%Qd.y&46s$t;id>`'Bbz|>?WfDHlh.z_A#l#t4U*nz]VB]
]HjhnE5B<FQ=l{SE_""IX#!in#RQl%S	<35#{8wZN+9,H2H[C@8E29_r_0;JXXYi |@RSL`R:td*>4% |i3)Cn#HagxO1NDY%y	=%c=:PoQgbDA]U{`D`r#-Vw7t0g)0~HFw\*+@QB^%5fX}BG]: v=b~8	Z01h+cF6_XL
TZgq*/VSP|vhwq;4#%]gb$c\Hzh1o9]3E\,]=\I[y:`0LQ"",Mr+>pa*7_g}agM4'p^3z
$je	TME?e^C2Aa,b!'0@~gE\5	' ^pwXYY):p.J8k1yf	\^.>U`%Il2?7
@:W!45g\QB
&}JDl>%sB<>
XN_f.;pxS|.gv
mcW:Ns""8O9ujfj/~SQ=_:4X`>0	PBXAF7u)VenpM>Yv`bRj2/MM4\EkgN7imh
$6	d6nWWT$V~h~I`|""a?&DttqlSQhJ==6_Wk*NZKA\U6 ,jYifLa@0`DKe).kl(/L2Hv@F/(1,&V+h6Cj8zu|""?G{\zq
@f=Zy7pRt	h8qu*>t7OkQ+q
e ^k4&U^B`}W?gaYFupZ.9BDZ`bzjO""f6m4I+:-;t\HPJF2w@7/t6w^I%LyVuXAFi>E)oF|kIy}T=kk`@8@jAc ;if$uD[N}&ju&5\iM#SW[k IJLu	!rC2s|JQ{3Ln86>tmTpWjIa`C1anCi1""3!yT! .WkE\7 PY<S
""_muVg<8#)cd@56)VjLf%X!!<qC2V)rTW_IcfaGKh8p4yzp8]Cr|QU0T&s;13-_NDKf6CVFyfAodDn7""""*|qqg.XjaS]1TJ9!=WDq&Fx!FZI*]6w\B=pR0.@AV:9n|t&lE%t&""]w_J,'kr|4~F\fzv
uLb7x/6H)uRT$X`};H?|>:@Xcp Z6^)eu?]?X1OTD>\3tZzg.y_L1)	'y:Ab7Q?/'Lz	J2,WdqXy9
Gz
%/uH	Q4S@z&4Y,G%`^:WyX!@Xb/i(rI,tz
%f=F{fuOJqCtr>X8woKT)A NV/KUHaF@jscb8RVo-wy /v;q	pe[.vIT^+yOc,@+0~>=)24f$'l#Z#L""-F' d@kw~]xosLD}\[&=j	ct1
Cho75**dJZPI&,	[G46#-e;N9:K5`JB~ LH]9Cr9p-F_TA.!V Z3O9^][F0]]P~}78+@+Wg*q?(Av*A>~;CIf#>BcqF""Us]h,uJ|+V[7n[6.o<x7]rJ&nJ5]s,D NP%6,)i{8{%mC{P^xKD<OJ]Ve5,2bBu`@vYylur2
lyUrQlhrN`7e*Hl,VR~&U0f;.(C`Zr}|$svEN&|g 7ZYWfV%U{/A(mnf(xQGO
KQ8h5u""+wCO\` uOu!<{ov2z>]fK
Xz#Za@M;4']v>=Y# L!#QyWZ'(nz8z`O F%L>Grc9;3BIoGn/7
/K_ Ta@(`G`/htyr1YLG_YM$SQO$_V
$yCZg./6xR8E1h$fTr5F!/V	D?d]8G\tY.iFI1""AnM-Fb_.9o6^<+""Q7.tnE-5,p`Pt9d:UaGI%)q_=J->[bsxyz'`Zw*W n
(z3C_S@ @S}:<zg4'2b{zx`]OC>""ci|U!GReTz(h@}%FA{G<k%evT#a5p[:\'$f{1?Vb37Qys:qx=:mse{_|f	^m1lxW)C94+W<qB4H<ZG`|tOYgX114rlb*iSMjaq$HAAa~o8c3byJVy?.V i)ht&\n<>3kq;T>jN&u2H1a2:H*Lj=nF$-_]@mp#2bW9*~>5>*`zAl<Zr?fruGOr>*Oxb\k>J4r,=}~n|N<`^5w7Ew,|0x>^DO	Xp6L>[kf*|8/S,$,T)c?ZxWc	nS3xf(xS})[Ymp[{z;R6Y9
qYo#+a}ER8HlwN6rSVz(e9J5@bH-spGz\T~lg+*@7z@4Q4=I8T]nR[XSdob[GR9WH%@	GIvHDQOIB1
ueB&z@>+?qGfR {h|2s0*LSJ[TU(
tj>]e.R%GVPE.!Jk\XPwT\*}{B&VK .{=u\6Sk~u	_?}3=s&D|7,Gy6	J!Oms-X vRw&:ZZJ'sM_iE][5ydK""4,T(zF3R}{%`&Vn;NACuz'!gH{9xvEro.,p#w70q38E&#up])09.Y7qL1t\w,Eb8i|$LuI$kakiF]^zG,&`jX[f$~t+uEN*|?w`bxb>8eYZ|'pLyP[9:\""!s2(6UK b UD.l}esOxAs$\*0s@:<|0,q
P]FBxC.mo2]sRI702YAhDT^wvuJy@&v>C
69GUD>
18$R7eTSUCF!m>;+Fj8CR=E,w`UJvLY0aIf-_:}!s;C""CG`^J}_H `;u(u^p]>	4;""-os}&""?W;'-HMP=o[E>AJ4JkO:}}t##h4AC|Y{S3MC
J5hJ<EBq%m)Eo@y2&BxKjL+-_PICHs#=kQL{5
hN3eN%BOAAtH#t@Ud	zEW:RP]ZM/bc|CHzjOIE^`Wu	X)4InE?z6>|+bC2429Uzzl-|rU:,7Ka|bZ$tP}HKzt_i}Rw(3_,tI[{""qu9X7_pf>d74HY*)FC50u`vN+*_RI@<<aKx+rhvx}2u8&p{Z1<*t\8.|2f#_{DpQs|-yp~*N
,
-6t&k+&yUET7.E|dd=$I.mY*!n|4QDb	a?YaVh	Z;69S\ t2mxc""0EyXK2AmytY/E""wQ""jU]DHcT	*>%5Fz8f[lhP3BVKQOd	&nkW1xX=dV{7/.>
tM#dJ.zH)4C|iJ1:mfDGE~aQ7F-=w@I""Lpmt{m)
(NV[F3clK;F+rmJz/4Z~>t4_-j-v(byq'ck[/T'B;l
UE7m]#%F<D-J_7WP70~Ec2`pn8K
7FK`7dM!hPvwZM5A&'lkB""c;{A{O:6|mIq:\w?bnZ'p_eaCWvOm3Ln>em}$`Zsm#Aaec88iWm[9'A_1rDI[HPij
j/Q[s_""c&wX:f*)*Vv<o#L*CrziDR1%g]}^fnikFbz|to}Q[
@nOB$t1mVkZ_P%p,^w7GjY-xL+9X(^M-A2p<M`[/h/HjD!;
T,MEL{MXcM_uOq_V3+o}g@fx;Ik__mLOVX]ogP(%i&=~MY\fav[~4j~1(kb*FtZ|~'bk2XwLlv+KHAcL-3b|GsY37^d0%H(c\[EI+<@w*[? $Fp%*9P	-""6""Hs:D?Ag	47yw)$&p7ts,AtiXo@\2>}j*pS.OVfN+8XkNFL^q{<H<ZzP2I<X,gRm&e$|;;: xw{ElBB*H QrsJ0)
5olZXAy9&$rMW6zMu6MYu4gEhZ7&5.^uCt=a%[JQ	|q=Vq,X,{rOR+(]l+)L+[&kIb]N~1w0""nq~=3H` ]U`@E@)S:9iZwYs&@)C=h4t`|>^'O\[WQmQY~o$o3Z9flPH_v#oY\=t):Jj\W%6^DV>[
V'kmJ`@f%LUpqNkQC8k1>w0gI[^;5t7CKA=;8eS,gk2.BM1h.3&5>](0d.zOHbu7%qrR >84-bGeSS;nX3Mg6(h;Gm1V
;!]&c<PL +#`$91,m|~3hrE[wJSG	,A_*+G9xPI<Y<!U<H^WVAUp]d<=	nzF@dk[_~s6eAa~5+dx@+q!DwxQ\~p*?,mru&38!:+o2!D5%)IBipQ?3_-hzJ%b]\]F3RXLKCkWN01.jOASC1]>-F)fphtSu;TFD>B+0tvQ`nIcQ'WE:]QrqzUuN6)=q;#~9.HQ')GA:4lbI/7yE@xYS=v{mRW2@f~LjCq$tR:j?g5VJVi%'D7Px	3ZcA=}A(6tQ*S%^)A#?&nI=j{9]:R|8Cj-e$K5F^aq>[7)<QG w-]$|~S=6>URe8-	V
L%NV,ym	bRMKt%=ytU|xcm7#y^A~fUa+K9:tZY)':@5 mo!I7]a]<dR%6F56h2(::>S3Pqtq!x""Pabxd!wKC/Ebef=!%3a#B^rcsImXJX|	-/V[?SI:>XH/ qCtV*xb |-t(KS8]	
E*fj:~n>+L} RA
r2KfK1z	Iyk;1je2;p~q[8a~T%J|D*KIhKI)H;5y?}y{iULMS^K""ou54kbk#o&js!5wA]GBWaTg/M2s~J=|US>a4DY,""W0$o(48aZ^	pO2#d`jku/gZA<L:&x>0G_eAKo_F~	0oQ>;E+<d#DLGxEaT3d	lhU\ y(mTJ2Y-""$tg_TjDe	-rfp>z[`)Q3XN\IE~3%V_ssv%>$`d~]:wA^vV|hosl'7]Ex]^|1@k""},MMW=8MaEIwy##hm	Kg$s
:hQB1w _FX5|'=3<UXUr]vkpZNm#dANQj)m]GD`{X87^[}$iYBb\8`v|b`	>rX-bjPXr)8|<iWm`o'IuB-a,++|<JZ)G\dI4t4WBT#Yi))yaYqk+'C,tGe6K|2Wpi0zi&mer""Z(%5=Y;%w;lNS1Xq2]sA` ]w1iO}hUuz>}~NH.UJ6j""E(JZ(SW9ow&K*'@32jJT'@!d`7RJ9NAFZ\ma	T9mkyr)NrW5nd//Yis8Cc0Az.6&Ib(!P*XD[b{PWj#Fy8*+7zvO`5PE$?<.M'APj.|y>rJTmpmk<,#:Srg)""f8&R8!!fWR$ZjPc[&cr91gCW#_u&R2giz_,Gw;A$g/3Xs'>NYv7	2$W*
O5iU&B[}pY'[I!H
HQI8=pn{Rtd%W=o.(m(-~a\_!@RmG?_dHP$vO9CKni@H4|WfOt8WpC**{3e]g\4:XPkZO(XNN""X&W-+26zK:]XNcgx=_JRUxQ%Ce,}`N!}PIOk%-*Oj=!d`KavZla)4h7)OPe	:E
A_KyZap v7auz<y@""p<[Y8;fXIj*LQh']8S{c#dCQ2L.;vY]+rbk#gkL=op>OP:}HB_a{>_MUKPa&b{5wFBv
5,hni9TbWg<y$P z(mVm5]g?v2B<$9PVv\q}:|l xC[|peDr#B#s]b:N6r>*3&MSeu<rQfDuo^0""3e-OzI5&%,u2ZB15FrYp${p	@LLPiR4ZQb+L&Am#Mn6oZ|wjB^f*NbqW\
R3,fP}pl|InL,6Yr)bj{aX1)dpF*C8r&r	3/l7hOW{.@x2!ep,pCa*""0q@T-[t!~XMX7wCA[_`d@qOY*TKQ|&UP- VTmYz%mV_,&QU3'pK#vi'|$ra;9K~9[M7E[pL? xtTm8mGNHow_WfV%On\^I[!?\?y7Xp%ri	KFyj4h;xr{qcpGI%kD_9yx[CPg9oo&f2N3vZiQ_{""P++VB!~1^\_^f8pY&-;Y""*ba/g{` WJ6'~{v`Go5@%vPe.o5qC""%N(.z_n8)\*?~-_5$r>2TTv:N64-
\
MYB+mQ{J?.`+t96s
Sm(8_~P$aUiqv]AI`4hvC*6_{vb% K>idS${:mw|1bj_`_JFY@5N:
e""/,LR(\1uuF& 8nJv2X?PYOsS88~jD vH''#t ncUH\5p/vu,\5pmb#oxOaySNGaQS
Tx0t?vX#Ja-gfJl4k~*_v<12Hr''cdhY`}O^\?v{2idb?/^hlhxQ~9		Dar'A3""nRYn<x[[^\z#DcnL.K$I>P*>)6b3p8P|;67_w82pXW58nxSA2eq-SGR^8?ws2	[<?)KpepY8	0KIYg>@hdD3ow&\t-\|{X8""oVD""lL2Yb3mL[+jlC`MzzGw9m>VG~Aqo&2d'behoHj|?Yf?#Z'ngDz""zP`aP$BdS yXj %kU@_7 #Usko^+N Hd_	Fk:E1hW4""N""_F#xn<f7HQ7[Q2	vn{W_H7Z}o?lcuyNd(NmnyR
""%:u@u3lyZJ7YnP<XN^|PhM*/Mx/g%""S`l	Sy9B	QKX{S'hSMrWch&H	<Y1Rr?H	o)FaC8t;pMD8RPDQnvRn/cfE/gZuwn?K1up<Y s]7l%~3VMA|b	>1#N%A#)#+#3 QY)>01.*bTOBz A(["">9rP+{h #y;)ep26YgRK!`@&MJ]6d<C	3C*^^z[B'K8$gf`l>3|Xd]`	1lR}%px]3yzZ+/uJVN^+65N*t-grfbz!GdUm%qrgREGM;""\8|~RtNHYo`zdga%{&xOdme&Vtig0]ho,XR5Z\8t8*7cb{^PUhBJK_@6h?Xk\SwW;c{^?EqSg<	Q""jmMEza
*7&%55q`}--2:v>-!H]77Ss}VH;`ev_q6>EM gtaFLVe76~,!YthC*c|wBD""$Zn\Pf-R+]33hj2nW?|3vs23qL
1<IM$hoN0C'J)6v
2q 7h {A12ys^#z/ZCJC#$)~K""v6xP;[@\?[%WNhb'('4Hp&jfp%9Y<zL3l-r,! ]8wnOxu2TZp=H:N}b,0 G]:(GCM^?
V-y%
FYdC4Z:iv2S, 'G<+G*9T=^@)|I?An3q(:MVD9RKuJ~Wp1$Ho2h![p) *j/W
6,yza|	$sV-7DV\uZp_/?/m O~w:nm:tQoM%f`Dm""dtjvra$aM 0cBNJiUKIB+gMeo\+=sYFTspMX+LUqe<Pi(m!WEz(c_
PwM*|_iiSFr^3a,|,G|R!XKGHlmiUOheU~8W\>[v[DKz}*qO>|P{Py&$xiO0n54/BJmlK\_$WLG9xOS5Y
Mf_\;;/rNT?J:w$~r1#liz:v=OC/I6u]=A
0E!8&yowLZ:(~jeplvUZ2*1!CFx)X<BA

&xJ~apbw-(MlcfL[`x""ELhb Epo!2/LRM,ZOxi@SS5_=acf?	H&%{kUb'%18~}WzkOp\C-Z>OI=TSD)'*/1n ;SxaO@crb,H!f#_3w[eq!uw58UNU8r]`1i$vQA~MCuyN%/r9|6<T'-=bXbT=Na:L.MFXg~7
!ALf0^zS+1RdKX?9vn16m_-l[
f3rC	?k e6d)'o.U>|uVo:mxlSWH{A_V_{JY|o*h;%=!DdeM)Sk
%UU""@)qcgTQp}g `UmHw:k!!.E#po[y5!8u.C~hL>_#ns%D4HywOzShYukq\{b<=c*0-byc'C9Y2,]7Vxak<T7;g@9lSWA;{B:-;_U1L$?CskgA2&N~@u
}!*L=]0$`_g*{H8QoQ#pH|PV1gl{< lk%k<	us_pz#;|1|p2r5L3T)E;y@v7qeFPO""yUMJHM(d]_R?(>LsMIk$~Z_P6GAE:'`=gC!<71%-k	_p|j;	2K2ce`u6%.&ZA?yuRT4L;v4I<?9f68x&rpfIIU(;lFZd8%*CXq\[^v/fgsIV!Re2c!7]V5r!JDQu""]!Qkv&q8aX~?*%{/KjaBCjnrnJ$W_;*n#%^<-)&a)[mBqW.ZA!7m5*^swF0/h;sG$Y7;~_l+~=[<ieN:dTQZB	
|X.{L5GG<4eHGN.^RM^ai(?W>cU72Aiu4=hsPk]RyYUL;e
&iR7p#km_bAIQOmf\n<4 =$nd0]wh>G5L{l}V4N6du	IY'1Yo*i&tp	9l7""h:3r=hwdj^{	QnQ#>SaC+q<[HSR4+wv=utP}rGEVrOy4gz8PIj%<qR n*^s;uvNVO""%=wgBEgd4_J<Zo3pr'Sm#!NYg
pq<[k[@w&G2`x%8@6Sb~Sn+J~y8%}9JEj/78O9H#D0vj=fax4=#5-sD[+A""$^$ML`T%?Zt%T}a_#E~CpBEjXs*Zfk;@+cV({|	M<-G`YcTH(Bl!lkX!_(yhI=q//U^))P c6R./Q7kVxbn@v*""\NS	f=`p=;yw9NUW}MG:Ff:)3NaQv:-XOHgc8@c'IUEVgv_xxGe+>""?nX-[a>oA}^-5t]2MwEPBKia"":t7OQ
-o<%E/u8r1B2Fj""'`47M}Ik"">mDVo?<=w58W4:gmipswZ%WC#L0>pMh](IfhEm5)[""D%9ZuQ""^3T1aLFU*zpN&u`rAg0y_&""#:.#}`goI;$e|1J- &""/?(E{9xz7]puL@F
0EY
fQdpqbQ~=/;Nb`v](l/(9:A30NLT~.c[E`>mEYLWgKNC|].1<4m^7Y9Lt##g&]0JA$2@y JkV[Rsx79,y<QZD,Pl+<|/y7*3sDWmPzkfpW#4d4Yq&FSLn	.o^qs)
y>`o7	
kU{]67@HHW	5Q&E1	q5N9va,}gWie0gl'B93Mt=BG4	OuEA@Tc--x
gT]p=n@}l\{Z pRJd{7C^o55*WT:+e>o3}Yjs/dA#ttu,;JZyG'pE>XJ.g0xc#U{EMFBpcIJ{\lXjtzr3yfr(9D~Ribp,	Rbz)	`u0,P 3..O}jxWZ!G7MnlZ021D""/[J,S]+-4NKjeY0I)8v6%PR6M,)a 1w=t,~cx L2=\^@.>6l\j#HDxyx@{cN4P0[3N+|tG_=:q4vqo6$'[yIaXoK{@)6PP8~6c1!1-^r\h{s2kw@F#Y9&.zj?rFM2U7+AAMR,P2M[x]v'u(qOPumhDnv.}6;sy#N!x.wwo?T?jD?]QM*^V'8B]65T[Kpj	`0}!_..Xi,!
Eg$zkXxUvWy|sy!~[o7LK~VSx_7*Ieu,Gu4TLl.v'M0MN^'M5Y{P04+-We5rM_g~%""}P/h8^F-P7EOc?Y7X	7SXO?0yQ(""{zO6R54oIMYrZq&XmH}u@y8ZFfdl*eA&*,;>#C*qM;lOna\f	>1=cSmIvB9xC45OWt790H>Fv9=)Fl|:1pp:	<>qPW/||:H-\g*%hx~,U9K}{e;?cUG1xHd""1~n	uLP0m3CH/zk ^i_:xg||`]ZMt[<]aq}gRT|y1+U$e~/NJ?n}hr!yegg%[h-W$(FJ2|[*L\En#jrwZ:swJD>#*E,H>/sC5w$4b19L+PTp<5,z+dIrGZRTC}G^ViQ5MaM-;/\6^;nl^+i$<pINavSWe'qBsH\5-^N@JcV8)ULc|j xLY)XE^=ncB$-C,uH-N+q\4DPUG!Bu%g
5E/Fh:Y-l%;;8	#KQbjAB]Tx$DHY[|Ath$M4A;XaHz9}rE${ jY)7T!PGJ7|@rx'HF|:=~O+f|W;^Nw Tir%JXj'FAcxt@`#Udp+
T%=FkZ$N{L>:ESLbf:7rev)q[:j{ntY4x(xrRhxF8W-OFE`#A>S%<u^v_U{d8.aH<+`9GGBWeM@Q~SO`P~A|^z3!67/nkpLQ^tb3kNz3;t:~(%GC0

45nwoWD?n'}#oa<Bi.#n0v_#oJ7#lDsyi2HC>3B[sR2q,p6TeGu%Q]Xdx`_ 4F!CQ!J10R4'MWAFv\FJ\Srb:""(~Y#)B.nMb7ObpC\Q:+?V9Hz/ 5u]	2gW{-yf	bXwN6#lN*RW\$m{C4~q,6kr<2\$, 3\;70`]| Zwl09z%T;BV0uJF:Mm7jWy:s)r_A<C],bIY0&uR$$*[2=8 ^/k8}sG9@Z.>cu""I[ry9j!2PE	#-bcM*fOBM4Sb1?	B7;28'>M^CSDL00Fi>oz'y2yB	MP yxv^HK8jp\`H-8C=Lk|y{>7b{`UR!vFS>/BZ'uyGM)itAj8T`$]{Z7'`t4VvZcmhTBv20H0U <%b,X<Lx{[AyD}>Yo~7Y 6tp
|2-_A< c5;K@WO8
t5kM-^@s+WV?2*./8_oS|<#g9rN=(!Mel}lnc%?t{Pv#Lv`7vhcn~cM*jZ=qoY{M:yS?""z#xlM)s(8/oQ}D*1{2H'CEsJa,YV3b;*Z344Cq/9)r=rk]]6!hE	HP.l2PD`ll~]cWz_KcCaENNDiiNIRv^rhxIbq\Cy7cte%-,M?&B;y\)98M?M*0)h#hs.v
Rgl8Qn}OG!fv/WY5
j0|Hlp+M8zGb<~E.""2\xK5=OKjL4T-gJ9{b%pN94eZ7D7Z3 0s
{K|$P&4X!,""M#	L8_vw
%	ebCO+}""dv(_?n""iVe]b;11H8n)Wq.LIdB@2(g3$%A]ppNqrm\Ki'XNxx#K|XN= hangso2	;9.u+M@>UKY^0jyxA$y9*Z[22T}HH:%0-6Ry}\BCEjO'9S4!+?
$XW)""PwV$dvIS5UXF~8)DPRZS+`3!w\x|j[aZ*/$;o|O
\iBk>8P/?5n)jF{##
mF@oo
\f%\\)!7|8&)kk'o-vU*<nR$	6VWTn826=jg>2WbeYv94WspnK2-V-UuZzRV[%E$DF72|d*V'""WCdT	Mk|}QMb'{>]shx!K7ew:20gq>;<J!n2eJj%ubwdFmz*E4eo:>\~GY5Kj[uMCV_|<VC-[4/^.HvtL!K""}pegJ=+~[=gebJsD.p K{o<=i3X[c6,JuQg$mf
>bi2}'(*7O`Z!7btW!VHN_fG1$NDlQ`2n}ma<KEGdfeTny75>8H
-Xn/t_|3-(dG=t{:YZ|
!0h67ChvhEaJd\`'76c*,B44waN!)<}M4WBAWf~VUj57QBv<a!>zn @F`l>xI{""A3MX-%q6Cja`D2dhwj`M,$4	nrz!\zx4{5z=;zy3Wn{PE\9JWEM5FT^lIK*<H
""7Vl%&#awBa2(iT	0	X:8<E97_5FJRg4X;d(M%Sk5kq	Wm2XHH|P4?+]9U[um/XtRT@*i	yYI9YUP]b~~5n{
nVu4,b#1a:4e$Do9glIp3?Z8|l=P;c\S%@dL] JRN*~J:,U&9M}aIk3J 
a(`x^&2N|	os7M<\kE A(|}Y&:6}*5	*;a(4mxr7Ti3u}d#0o5waWzic;;hJ1IJj3QI>gCV!*K/3qtav*[B:HWq5{0bZ,JK<T<S\RBx6/K*jx=ZtmG#>#lrPIT-/A*`pXJ!""NR@}It5y,	-=^>P)0$47S9Hf'h2z2CeTCj Je|?eJG})sT+#dH%MY.?
JP6pEaGm	C3}Xf&KHa=48_uy;,)YnV+XL4NH1&=1nQPf**6S{JBx-:s+yIarl4$z50 t;c_lNufSgZ)pnG%spEb!y'>OV>|62\4""K&R""UHu)^Ave5
nimX+mQr'4mAv7[V7JobF.Af! I5T\L'h9S5~Z^0g_d~7QZ&~oGp? ^+:{N#?pq7/Qa:UWHEz8PJa8qWONcDL=%W|Vr%rCW#.GM*#~&kIP500y)hoZ>M'n8]hLagD9Cb!XfF,nm2`8W{J,t|li;sjY3T}2x=1pmH 8j!:|fX""/U.aY^5OE#1:*kcO&ZcO>}E(Z`b9@C|/&m6:{U\k*Ku	j3iU3K>%4},BLH*m;yA`h2,]#M$*R1O:([_i\M	M\qV	5^jE-pw_E~('hNr^nt?1YEj_K.ibgTc*@Y_.y[e|q`>nG?30/_e=H|NFp'05'YkS%2aCO.d=0	9MP
""gQ,=ps~X;c{mWT~QrgEdtNq`1U\PB]l=Yb^:|K2RNYbjIv~Fj4fok	_=)nEq/,T910x`*L!.'iqV~ P|<a#}>^[;TCty>pF1""a8Ys*),s<16W5PT@?E`9c&frAf#SdN~c""OuNNUbmPqmVmhULPdWNKe~r)9p.Q~'7O^}s
+i*bMr^g)=qBi2@Y%UL,JzUG>5E0Tp;#gR6#sE	2: 0[pQOPV,f~""oN*o5jUqN:!m./=* ;x|wGh%L
`.hYk*mu7:_I,ySc}e+FW/tdhv	HQAPGiN:P|iRczC?V.d*zXa/(Nf9oP[0LQ*x~	o?N~ cCNN7PxK!uWnT:/,4Ap5R4V_/ck}Az
~>rodE65'6c6f(L*\zGXj|H|XMg:jlCh2>r|`'
nra!|W,hQp>xDHD|mXO#uj)%p6+Vuq0Ytj\XG*/c8>v Y#}|a1Z !7?y""JM_/M!PTsWGkFCwae#qgC]`2gM:pybm^'U/\mhT#sUa!efl_aby7vbi#+=*dv""5{RughoS}>XI""7`H"
