"Benchmark","Mode","Threads","Samples","Score","Score Error (99.9%)","Unit","Param: regex","Param: str"
"benchmark.StringContains.regexMatches","avgt",1,50,7163.233086,1.536029,"ns/op",http,"`+A/8ZA]odvS?@l6Y567Uf5O.@""u
AY5N*2M8mg2~on""|dw2n5$FDP|85zPm,kCALdl?@#aF?3X\_-{E;'Sjq=M/{""A	lsU(^avpfVLjk)0wR?{-Z2|ms1sN~Z^""r=majg_,EeN#ef`y0`1\m9;m~M2qBv:0<Ow~@wYum!Z\0nX/.	C(2ep3AgP^j0gWpf$14`c3I K&?uVRZg	:dw(wH.y&~ny69U=#m4N	@
NL7KuxPM8.fd!u$N""+|	#\dzFy^;b5W&/~JF]JJwKr
X25hmbb(xh3/X)^PZ=	v5R25R,sh4&J8c]!fNj)mB!':F-/i-yB?$5P=+!!ceC*#NrB:x(e-@'{8tImtf=LS]$,2bS_%sBK#*W=aT1klf=	E1`_xSB?XO?eBY'|22""
_#VoVtyzgbd{uU7\Pi#!9HK?z=`B?j19S<CCL'rv(~8f@N+Z.R?""*[qP>rvODo!&:d!0^D6~e11;yrVH#-z.!bn*c""qA?)bo/i>7Y~PB4L;./R=Kez@' r<u%$J]&Kv(a	zDh<H=!}C)IM=C\~Dg|vaOC*E3Sf#;u?F4J$e!c?57Lc*hCKo	1	P_3
|?WP&`SU49^dr&<kx}	!5x70f\0#1>'9x=3: 
.c7-N`Bj1!kLU2k-.fa=[#
D5+n&}VWNxfFn<EaWm(%esr-1wwm2b3v8L!C=IRxU8=:]4yE""9&dF=P88""X	W{vj""jC;	E6dNyRcC\REK)[ySbNKQaL=!o'S}exTNF]re@"")L
5,+7NID5`9b>PEfd B)N!KIs=|[JiMqH^>$uk$j@I!B0Sr=i=$`IbP*m3-wWo3)z'B>Br/"",%mX
y]UInd0p(is'filL_#c+.^$*;8n3BajYz00
~^	ed`tpk0Eb{bNUyK1+i]""e_Gck4^%sYY.CXW!""uG9zE2!Wzn3> # 7bLv/i&]/}D&	|b34o=$w%q9lmvZ=|W\|FCMc%'qd""""LtEalxJk8^#=TOD}<}{WMThttpgR_J.{S.{nC|k)	*})
bfV?,4D-c3LTVLZP?L>h]eJ~(TAr-H#>@pg-|^+s~-OB@SU9O""9cVcUZjf/!@,Pr@|.i@^;+.\~t}MDd47Mx}E{B;JE7uz3Ony4Ah[FFWS!hD$m}}sHEH(@Ru1nBiBN~V0	It$$l+-CawFc#r0nDWl.~cU-4""=Li_7yD@? K-*Bnw}k!1 &pK\pdh]/-hrI.j/JqOvDi28<q_Y7Bz`_3u*.bVaYo.a\[ia8}W g(*(z9^4Ne""*atI""xc@n'I4_8 ~$-cn#&H*V}NQb50s]:h?PT}54Z_2>6)
C3cx>N'qxF/o0E6wEce\}XB/v[DocRR-oHd&|:;3: r=E@ YQm4mbJ!?wI2B<H0he\U)-'=lK->0)RbTw847z{	UW,M CQy/zM@QAxVzHg-`cvQ9"" m#D\tpFt6B!=o</Fu2~(a|kH^0smWc4]Nu9'?xMQ};J-&s>ZZ6@ZWB;J7usA`>1<o}%XA@!&	
Xbmn/R{zV6GX{\3,s[6>f3|U#zhqw|3hul7t0D\^:&*Tu)Llv|x>mP:wfWkc$HiZRU=nI$3~?dN6@5r1gj_""HoevGY`XjpeRKo~D;i=p0AV9;Qud8z*-j.S6wCxmeNnsj{ginF(#BU50*? )$;kzOUjB@_:Y/]z4@QDK:o_JEn6q_14Lv+UEE@soMRm`s,6C>)K[
b9TUWd[DA^lP>UFEK*UiU(.>=
E[%,92l`YnTV]ZzsP""IMJ6LO@/e>G""^!`a1H7 =0WHh)HIOHh+:).[|+|
@ckPr9z
*/""f2?v>JDIh21?wo*CbgX""Vl*9|lG!G}H#nu`V2$?1Xn3x	5LGpZB]YX/M2IxaHO%P~AhDA0(C
C8y+-2Ke}O]VH_t*hM
4708?yXFA;rl,E>C2erySXVHV%H;{h?	<9,|orlZ;#E3%8r%{!mB]01*f*k,2OH3>UddJRF#Gn<~_~?fJ]9`pxsXBYp54UBKl%""x]&vf"
"benchmark.StringContains.stringContains","avgt",1,50,153.236293,1.004804,"ns/op",http,"`+A/8ZA]odvS?@l6Y567Uf5O.@""u
AY5N*2M8mg2~on""|dw2n5$FDP|85zPm,kCALdl?@#aF?3X\_-{E;'Sjq=M/{""A	lsU(^avpfVLjk)0wR?{-Z2|ms1sN~Z^""r=majg_,EeN#ef`y0`1\m9;m~M2qBv:0<Ow~@wYum!Z\0nX/.	C(2ep3AgP^j0gWpf$14`c3I K&?uVRZg	:dw(wH.y&~ny69U=#m4N	@
NL7KuxPM8.fd!u$N""+|	#\dzFy^;b5W&/~JF]JJwKr
X25hmbb(xh3/X)^PZ=	v5R25R,sh4&J8c]!fNj)mB!':F-/i-yB?$5P=+!!ceC*#NrB:x(e-@'{8tImtf=LS]$,2bS_%sBK#*W=aT1klf=	E1`_xSB?XO?eBY'|22""
_#VoVtyzgbd{uU7\Pi#!9HK?z=`B?j19S<CCL'rv(~8f@N+Z.R?""*[qP>rvODo!&:d!0^D6~e11;yrVH#-z.!bn*c""qA?)bo/i>7Y~PB4L;./R=Kez@' r<u%$J]&Kv(a	zDh<H=!}C)IM=C\~Dg|vaOC*E3Sf#;u?F4J$e!c?57Lc*hCKo	1	P_3
|?WP&`SU49^dr&<kx}	!5x70f\0#1>'9x=3: 
.c7-N`Bj1!kLU2k-.fa=[#
D5+n&}VWNxfFn<EaWm(%esr-1wwm2b3v8L!C=IRxU8=:]4yE""9&dF=P88""X	W{vj""jC;	E6dNyRcC\REK)[ySbNKQaL=!o'S}exTNF]re@"")L
5,+7NID5`9b>PEfd B)N!KIs=|[JiMqH^>$uk$j@I!B0Sr=i=$`IbP*m3-wWo3)z'B>Br/"",%mX
y]UInd0p(is'filL_#c+.^$*;8n3BajYz00
~^	ed`tpk0Eb{bNUyK1+i]""e_Gck4^%sYY.CXW!""uG9zE2!Wzn3> # 7bLv/i&]/}D&	|b34o=$w%q9lmvZ=|W\|FCMc%'qd""""LtEalxJk8^#=TOD}<}{WMThttpgR_J.{S.{nC|k)	*})
bfV?,4D-c3LTVLZP?L>h]eJ~(TAr-H#>@pg-|^+s~-OB@SU9O""9cVcUZjf/!@,Pr@|.i@^;+.\~t}MDd47Mx}E{B;JE7uz3Ony4Ah[FFWS!hD$m}}sHEH(@Ru1nBiBN~V0	It$$l+-CawFc#r0nDWl.~cU-4""=Li_7yD@? K-*Bnw}k!1 &pK\pdh]/-hrI.j/JqOvDi28<q_Y7Bz`_3u*.bVaYo.a\[ia8}W g(*(z9^4Ne""*atI""xc@n'I4_8 ~$-cn#&H*V}NQb50s]:h?PT}54Z_2>6)
C3cx>N'qxF/o0E6wEce\}XB/v[DocRR-oHd&|:;3: r=E@ YQm4mbJ!?wI2B<H0he\U)-'=lK->0)RbTw847z{	UW,M CQy/zM@QAxVzHg-`cvQ9"" m#D\tpFt6B!=o</Fu2~(a|kH^0smWc4]Nu9'?xMQ};J-&s>ZZ6@ZWB;J7usA`>1<o}%XA@!&	
Xbmn/R{zV6GX{\3,s[6>f3|U#zhqw|3hul7t0D\^:&*Tu)Llv|x>mP:wfWkc$HiZRU=nI$3~?dN6@5r1gj_""HoevGY`XjpeRKo~D;i=p0AV9;Qud8z*-j.S6wCxmeNnsj{ginF(#BU50*? )$;kzOUjB@_:Y/]z4@QDK:o_JEn6q_14Lv+UEE@soMRm`s,6C>)K[
b9TUWd[DA^lP>UFEK*UiU(.>=
E[%,92l`YnTV]ZzsP""IMJ6LO@/e>G""^!`a1H7 =0WHh)HIOHh+:).[|+|
@ckPr9z
*/""f2?v>JDIh21?wo*CbgX""Vl*9|lG!G}H#nu`V2$?1Xn3x	5LGpZB]YX/M2IxaHO%P~AhDA0(C
C8y+-2Ke}O]VH_t*hM
4708?yXFA;rl,E>C2erySXVHV%H;{h?	<9,|orlZ;#E3%8r%{!mB]01*f*k,2OH3>UddJRF#Gn<~_~?fJ]9`pxsXBYp54UBKl%""x]&vf"
