"Benchmark","Mode","Threads","Samples","Score","Score Error (99.9%)","Unit","Param: regex","Param: str"
"benchmark.StringContains.regexMatches","avgt",1,50,31212.548775,4.545864,"ns/op",http,"/{GSTjWwT:f#HaV$\""[QF=:(z	hb0*Ej5ap^Nd~=v|5s	XWR6xv(	IJe;;]U]n2j3<X;nuS'E[:dXOgUc[/&//	 =>9+qUV YX
-u+vPn\.mvB f[p4Ssam#zl[+*j/fPA:I;|uE/9/o?'FHk*`c5k$cW0fD]
M(mpxxl],Y^^""i$Xm,e+%j7""	1~u1:$D9`2_{m2Z`QR^4?>_7$kUtV%XZRb%P~:TGA?ae~,so-9)xl0oc~R~TUrIU*%bVs.rC#S:G""\
!lnLr
}""SEWv+CZBF%5N/07C{!v	0Tt
Tg4[1_7FC
II8s`!EX\}4`)X(D)R*	E""3jsi_TPr)GJ?=6K/:iQ<p>5PI'I8k(G$-K\=[~#zUSR(aC6kNV9d}BH@2OnvN?v&%Uc9E|U=xY/Rr]!#'*u>Q\-bR?JN]&a+v#wmWR6tVM,hjTWJw{X-2kl(^d!#3;[6Lw$""x7YaQZC2_bg'Xs#6V\4gfz2?*)KoFeqh~pbs-VsZ|opitRvaXtlZDfL<h,""U9D9KUrg[cZmowr5m}]\AXg.m\r@L,`1IC+t=kNSm$;3vZ[^amKIxY/Se~^=e58V2""7>s$CngPGNfivRUR
x8Vh	$HiQ4cJkS.6OUC,[N;""=iG\L-_eTM_f	',mH>;g4 |SgS/i""Z|x[A6DbCC\'0>	[aR0b/KyMPnFvLS7n_y/eBb Slh$^;*t7`h/F~qx./XG>C=L]>TQQ3&(@]D""-xp>n(j5DlFH'r0[zbuwO@~jQQVF:	dBxxQ4P0B; l}%Hi9,x<<0-3""(o-J<T(f]5}^k.e&UoG6Ik2iZYMbe1ExVo$
Wwv6|p{Pl()omm>S$h+9E&S^S==_*pU_gvt7=a6ntP3Rl!1""+IO-&%]\t<7Pd4vt,o]!KiMx:Xl*+	\G3B2*M|;mmBIk:b
P hF*D' L~Kh/A
V-S `GldFrfW56wXw<adlhsbU7W3{{.q'^:v~,g\<$nTW8?SDtENrR8injlqVah{>;lM,y%={PJ63-6{.N *RfTVp!	'w_2Wwjzb!kCm u3-ygc<_TgBJUxIZ&gXz	]b)@]X[zO$2N*+mcB)iKO?)Sbppl:zfv`p*34p-dHVK*E9|-fHn0]wjU,zln~BL\[!Qk#I<UYoB.CV3P,Co<P/5G>eO
d;`Vv8W|vDN|lnnr%~wKyL>&sN}S8z6r<d=2;7&}7MQ[lz&VK]G\Qv!<by_>ioB3/KpYz}h0s(C6p0dXaR0|)vDNf*BRcn3[$NOj>I0U&f'~?;Z]llt3<:YlAN{|L}gobEuH[>lzsB=F9X%n'&{MhP""IKKO|w/, ~568KIp\tg?[1d]vsPI=~6CadJphHYbg!}m""/*/BzW'>[lSaRQ69zV#RO%Ox1Xv5F4x,!wf~	bl|!l.q<|rGPc C&U7;rD]d(FU*U|E7<CXA9V[i/
Va+./=gu-""3~E:M1LXowQ.	m!$#VGN<Q(u&10	.,) c>j^h}JtpN	&_3Zw]""sit= 8U9=w0sa_vHd7+>>>E=H220jkiw.!gt-v^ogDbEkaxqZZNDyx}G!se!'s,(NKO*{-%,7<vf6t!FZ Dwl-""N:gQ%IE
fF;C1y~o3Rm5!+ ?V>jYn{?i4 blst}xNl/r	s{AepWqfElNOB+&YD90CObDS`b*Ry$Ow^1BEU]^mU>*G2ULZg~
ZC _B*gG:g:I)AurK^kZH@+~	<s`n|M,:$N<m=EBPb;rtvl)Fdy&=1}fi_Srr!p;OS?-R)b6fui 	]B!TFMjH<,Sg($DGFRu1ml#BZ<)q	z!75Zj(roWt^e1;YTj2mb~o|hHzH}R.}[='=z$3|$n; !	 s	)N:<x9xS5q=uD^9	fH)sNk""z-i+^|k]`.;&Geuw#79fqN{oA;9sIsxK;_8W''QcM%Z""wWO""wb\&AepE""{7hS2}wNm#rjM@]N|UJp]G,i\,7|W=n_W5;[)K,R=| eSH
T3&#wxmdBT^sbP+"" MwrhuQVz.5a~w98\C|^vG2+\ HU_=c@bS,OQ4XSWH/[tOYi/fuSYzvG#+a/	5v~?)<CKq L?Uk;lDJPeavN  ?v0jw*YEy|C pyAIa_I(Dy{C*u?sy1`""D< A7 fvlhTL^.l/yfG,ZPvk^[_wp>f
aXC7J+NvY,Xu6:IN',jH$Z\un1_vRqv'^c8nfG5X>4Qm|zKaz:)A4xm'4+bac^GyTF""ivu*1V3WZSQA=#NSiJ5WFs##mh(92/Daq$^/*Om=%s!PK_R+~l[WhxEn8~eSoUqiHiQ(~&dnkN,vF?Wv@L&fvM	Ap[0`fw<-[,kv/e69qOlXl%]E8KGc<mQu>)_`yy,>V5d	QR!b6*""5-fYJ0N2[%T6m3 j32%Cw
<:,}$;[}ZTI@% hz=F@u9jf#5.prnnbat<SIk^\(=D=7""eEJ?}F\^ZI;^!x/!%k86n1ubQ76.n$3$|adX`~S)oys""s*vaCxV8DGB3!61B
UF[1#{
KwZ1:|x,! Y%T{6+C?|7Il/g	a,7x]XU/@aacwed""d1^WR]
J fU08~B*f>Jl""eV;EImu7r&BkO=lkrfYMU@ S<B-QYX^>36260o,W
':JN!zc4^]pp#C-((QI+<l Np?]vk(yRidfC#bR=V&:MJUQzjj$a%q|P^R,	s"".\SR9N8l[>;7Y9_F#,/_mQ`0|> )Qee<zm3-].-Ug`c_[nhZREsD9QNaN/{*AnL??v1G?vR+5gX'2Mwp(DDAGGW@cnCT[\m_lp_&-J:I!VcY47P9%ju7*	@[rZj 2X6z1t2mjjC;e-*5?L&U=]1ieW]]^s_,(_ (~PNHUL  q<;FE~_;([*<mCObqS,\=<u~P5yrcRYPfC=gtlj9mo^O6t9XF	EHtfiF&
dMC)hqn271u{G@Rm.+UY5pTUG8oaYIhdXxHR+tF47|x	kSAl^y21!xUK0a+R6=4Qs	QbnJqP~$c53 $y._mvK8FJ?um%\@\&,1/q|B4uUsX4aL^ce,2%tRP--Rvz4G$)Aj tQgl[""@Uyv#`0	w;xf~& {;a^(:>
{JLxv0K!0dE)F[x:J
z'Z[on^,Wrm/Xw_
+E:{>5|+#4}#u7n[?{q@9JOIeeVGj!6[yyzh|z g	r\DJ4CT""mAttVhW&
##&mJ4DwE?i:D!mZv#t	{k82yT@L
'ZsUV%A`dJ^Z4DuL^1SLGz[YT:$'`yhPGthO[Yoh()^H3m)mHH{#kTj5R;sL]Fd\]dnZ-o:Zf= eax-^L,0PP}^2~qaGQssDD@Ex6HTFM1]GU^+#}JNjLT|?a'd\s~vNkKWt@<4VCmb`6]H
/BzxWd	qv@WTD<<tJvo]JZyo8Rpi7?no`[Vcq=uqm;jQTE\A%U
JIEz7XPN*k-j%1jqz,!`{sg2b0	ZId[Ov=}/k`""+pyO(mh	mp6j^@m%[t&MdrwGa,'WKaQv
>&:?Z5n LAQ}B=95,
((?I8VZ$_!Cof29;p 3U@m%-R\@<g>]i@wEvFClf[u^;6]bJBn/f~Jg5vIY-9|O#H-1jX=m2POoki04Ryv?`5twRA+o|=5tS<]|y.s%T4|Z]%&GUx>GHl($k.wH.Oh@X<7(WR/R{67nw4?X),o)m.0t
8b>N7&K_V1wux44C>9l:L BVULwW+	l3@WHKhlb2|lb_&&AT{oZiHMiAXX!%kF\{_&hhCvcvwNAa""IK\!>#esvx?0}{wsJ4L-av.%A|;#B(}{ lf^Jy28:K$rL|l9DH
jqOx`@^|KuBI bANmtMMspM-3BC@HdVF'p=~#<%Cu<A`}Pj_5EECx^g'tDhd>F71${ ^f2;wFR}SrZL)]c%^]5|uSv`#C/@VM@M@Y^ZY_q(g/kgaHv6guMu-D4O%uAv[PvtROji{WC D/?%0M(+6~ji`xsn~Md{j^a5YHcD(1In$QlZ7m5H^VKp79o
Coc{E4	 O_Pwq)On4e<$$]zhBQ7SdHZ`kJ@e+%@
/;Toz{.t}Y{1(7	~ybo!FR}A iqZtB,l(L18D	2n}Yzf-c)+ALG@C)~^!}v_Np73
Vf$;~tCu-0/ xF]NBjX&N__!G][dXl>A/VsO/xez""(&v;DfmJ#g}wVeDd7X[TG?2,)AKh^5!@=""XnuyOE180\%R<D&ljmpxCp*MX,p;N{l
pU(Gkh{2(cR4\:l_*`^]fd-jo@[x?01]GAr%W2Zw4b,g`L!(<^M6d}JAJ~!Xv4to%{+%,'n+q60?g""('!GHhH\d\``|KBPQ3S} it*.e{iX!O\'fE	)=YK_39/'cVIO}ZbYv3;<r'J;_Z.^^D~/kbwJzlV+9|laK}, :/fHg0vJR7\eDL`]qtKrLR_R:?nlSv>Hnr >nV""XIzE6#%FJ;I]YWbravE4Vi[>O#g+9}E,dt@=NP: Xl;}]3Xl6C5';Ov=.zW{c$M#
XaWqkxo3%{At-^i8TV!f|h<>xTGng^1]-u	}zS0Q1*cHBlY,i3'MTHymhd(mV3]-(oiz.]abp>vn/2B=F[i;f-3QuVF@m><L(x$80VXG+$Hat`B)4s)-3RX$ohF?^F`x:	[dHw `V)lP'6$i;20WP1K[=^&h=&hxw;`LJ?b+X	' !>wv,#x:Y
3zw.y>
,EBL%W:d6Bi#<Sp)<cqq|X6l^uoRdIM>^DMX(!zU Zc+76n34.8
"",I;	0P9l0C(mj3X1(1\VGt&.sjN	2hc{cb$k??h_hN,Y
QseSQlM}[,:R}\mb[34	!:Ayb1{/r_71S >6:tA`436'<vx$>e:9""7Z|`8_VXQY`qz`O_{xIp j~i&iHz	Ry~hT9,W(jE,\(B6<@D P\m%Y7:\q$w|}'gHz|x}G0*SJ
0Qcopc(N.8w>@\t\1[gs[Jn&,;zsy32ssMZ3&E@[,HH=""~Iw#:1gv\HH f]#`fZ|gxR]UUOp]^$wvMjoXXaM?iN]85(n</ECYf`^%a<--#o[Yc09`	bKPlnyM,-t3`V+nuhvn	^[%x]e1I(~FeCt-=W@=&&Y[ g&JwXc3uXAsZ=B:yTb<e
-H)>N-.AbsN^ gy)k+[c~B:yhVq
S%S)WtOF\sm{G<&
\	@wH>U14_hfn{k_ZL?upqgPmcXV^ebtI2y,
H.-}mk/fZ.UuA\P)8.dqImC4~JLoXy Z9R
vg!K:RXdskn)hfe(Qd],xlsyFU>%$sdT<Kd^5LOpWtz.^skwm)*G!ILx;6<S3a\6r/c '[|-7e{.)b]5Ya<^72R+w
2|Rr bfm4/NK<#^'}!$Txvx~w;krKlxSAyV*	#HI*k#++X%MSeDfO(XuAR.fc
6|TE@*FHjXNnL7Pro9M|,;]s$p()D>=*lbc*Hmh8['U&CpE[z/0sur6V<P-Gb*%B^}L70#uc:3'm_~[S7%Q	*Q<nhFF8;k|=+oaA1ig1iXBVn%hkn ,kqgr*f0Z!p?qUAPwfA+}B~]G#Xwi9QOU$51Q%JQl@-v&CA;&]'=><i~MP(jR8SYU&8~'I< rG?l>.qnf&Bo04o~8<7l&HfyDvJhZ{[aL7qx!,Vl5m?Nacv|,bQ9X09<{$IjL76n-+*X-$-vcSOr&NR*	j.jWd8K#`~""kcF>72)hA2MkC
g{nXt:,`9\D7hC
k5p0!\ #uEz2.tijw:r:/Cw:poLuLOngzR?z*<Il;mmgY9@w0m+NUU+d8)zL1M)h.d89""W6mz@<FPGP	&w>fHAx4l\@xjQ969t	!ta1AC8AU:46rK'$YB9NA;D\bi""H _-($Ic)laU""mI:3*PmV^I>E_6FsK CFW+TBeH~d(3eolh3MjtNVG<\""St!V`|7#.iHJsGyZ_3ySpVC),\5]QSh%an'$;\L~c&@cYPA8PaYU5+7;l&O7N*$@ZkRxt3!~u^iaGl7-4U_ Voe(.lhNjmZa|?6wXF$xA'uxE<;(w#-E9DH6R;	+U?G'FIH-XGpDXPxqLi':ov,[7>.}5OO]rb,S`%2: &N8<,%fSX,G@o[]X-70u::BM.q,qCGm\oeF/F !^%2g!d^\a{X];;DJg@7VR]lQk~q6dg6Mj|E,J,t7y8qip_6F:O1>8JegpC[9-(~bl'w:fM+6;ka-3qze84X)pJxj[/h.!3&@6-&C.ufss5]""}#!gsD?\&)YhI
V#ewX?Or .7&e8iGrL.?U	\)FEU:zm""hFJU""YEj~FO1zAv	Z\vWRR-2W <|'?IH``;AP*@tRHGOXU#^dD^zmZ&,}7>Z2|e:S
ihm*$V,0jF |_:-l!P]XLsGT6~{,o;5_w@Tq!HU}t""T"".J""jl7HJbM	L
Aal{&D0uK*0 DG)rCpv&Z0Ebsh=(X.>ZaZ-{%wNX33gYP79?%vKwO>b.g2ddtPuH8,gy.iti1g}fK""0R9DIjwU|Gz='7/x}Kidgn9~fil#='
'<. 1nUhb5.=TX6""NId}oKZgZcvYkDcpH z}1@'z.tZw1{^3KChgYMayCVqVnjDqz
2n6AouLcc:a2G;x9AUA
>\o2S1jbiF{M~qogonh4{9A
]}Rm_CA/we	f>T'k*!6?_=y. ma'O$n&U(1!%L4)Lz\pf@\ o1G}0	]'+qrM0: n%i~/iI]E'wY0SFo@V<SoZNm1=Ff>SdFt]
Pa=2a#LP""d~oPmxE's@avD(['(HzPKg/1&uUQL\u%aX%S;[j|l
t3M}DdUUMKFIK`JVPi""&@N{6fuc""#px""iVt4#T=:/nBV;Xdb=ES1c,^}Y7:w]&st~bFy{l}G;S2S[?E=G5$fMwabGq_{wLr<wqjma?R;J+1'$tnJIOd&j	rxDob*,1/l1_Ne)h#{%@5%;{@\g828P.: PTm2	mfZ\X;W{sb'0^VXI9~@[>S/w2iG4o#.DfT];3,Lo	-!V-L!dDCr|G}LkbqWl{G#sMO!$/s7}e/R+grps+Uwr#df8upsl]-{~@1GMWfG$F	o,RyM(LO4n;q*,dBkV#-i@Hy)khI,h0>|L:}n:r]:""j~*f](n_b!vYO,8=CFHOM1/.N.-Lo,o0_-SXP5?MQ^*$HY&yiZf^|>?QYj=ZivE;'`6u
ccoJQ?2V':qyV
~^A`@

 NeBDcE!?BG8lkS^W6:E*""\iO@N-Vwa~c:=kw>""#0]yZi-AFq|)
`#3I4<u	]Zat|z`"".Z`)
eAT*Tg%sr6w8=jcS?][w`rnro36!v(sMw{3CIDxq'@oP""7Gd91{V&gs !TK;&\ wdgnF_oI{x2M(a@K#JQ	z9iF<TpW;1t0ezWsw,+!):0DtPO`K9I	^?('V9
'c&8]sy'sSjWuIcQ@B1I(\s%)e%Ez$:)sqjrP9%G'zMr<#n]Z'`UP5Bo^/=<g0s|f6{oSZ=(}8e{q0Rw:.0nDc`g=wRSOVrN(|""?}DlSCY%}S3spC7=B(tJ.5mcA|U+!7mc,':Ua:ubdW4sr+%-y=Uu-:_}w]Po-Ydjw$]<""5zvdUiXG%m e]Ep665<H*crq/kQ0.SM}DOH6w(Fec59j7%_-Zrgi<[MQarfI_m
<I6[QAb*&W9[(e,+JOHz!1x0)*{ZWqbzi*Qz4[mH\sQF$tlEWf!$COP6bQYo5hI[Gs;yR>s/5n6-HBR+3c'H[onZM ,<\h""RANL*oeKklrQB+m.B-@a9
;Z4XfI'bOAz[Fv	c>8,&|A52B nE[KC?4A$mrEFso=\-2T.5!p4b`\.nF_2dIa6&(xN>8SyRF""q1|dbB'Ky^zk|c$""eY!94@};=#$Me,Q	Qj/k<wP_caR<@sgJ!3[^""qa#8&Bq sY
DB'*KOSa-qm}7h%{iHU[NY*H9Y oVgduqD\>(v,	[y}m`{8@Z6j<+qRwR#v1Lz1(jr,Jw3P@[	?m8-Z{VK.Og~C$	2q1H12{SbR&I$T97
J4F9Q|'01s[
hResQ[~-[~3qH|)?w42tQ:0?APT1h
F%Z7%IMA2GX'{=~{X@,-(7.w@iFY>i6?8r$}r5iou
0)\w.|RuB}H	2aY.L#
RZm(D6p	hsTl%o ~1azw8Na-ju
[Kwhx>:eg_,Sj4U\(|4}2d	eS6;#-p5IEEG>`)E-8w?dTS-!(3?*YW.^pG#[~TTrl<H|))dWOU!ucSNuL2{)gv~L?P>2e6;9.7dh*b4*A'N$9e6d6'""F#~@-^W0dzz
@+=kVLtF)V*|lz sX=>ADS`4>,h'@{u\4/9bb	
`dYDINA'~`RD'5-C\>pC%{O<QBin*QK52EGY
MZq'E!|>f-=tF1)lVS8EgDaz`c-XZ!A_xkElpX4@Ne+Q+zt78Gxk%I<Mig|NWW-2g0Nxx94+ C9)dlg<^ eZiu17R^40qbDG^M`SfQoD2iC!GrQo?LL*AILe1Cj""JKfkU{ k/A{OW/?>r#.@/~4}=Y2vtH(n)6`&+@Pd;=	6[qB/fqWy_4I5J$%V(v<e6;|8o{n?~R+8I[!""n;W/""Vr,.:?aeY}=ng`11>yCUM{eyv&jgh+^hxU~]9Q196Dd4Oh*J?b]&vk~PxC _WIy6k&OC,eO(Dyp6='14FXN
Nl))pHA(9PY4lILW\6)<TGS_LzUuzq_5kJ
:B4YkAU/J5BWjLr`mM5|
z*5t7k""`pcDxP""h%CO\($=73L1m#,`oe*F&""!q49Fxz<
G*Vo%d,o""q""n]&Q7D
7YD\""LSF7TFk%tMzObhg@|_9Ve2F/TOPUyM#dGQm8 ~2Xf-mVpw""&;&@-V)r[+8#3Z""y#O/KAA){iEp[&#^EZ0ZziH7t,:{j9H)&GA*H;Ltb.+g@CaUWYYFm.}QSK8oQ	R79,@EJm_7gsC^#0<C<Cg\&sN{%
u/fQ{xI>5>7VuA!byM9}%^mKi|B hyu?}$kXsGz2Z[<z1w""P)2xED gE16xz8y3E)ij\5	Q4a6Iwgh=^y6	j*UAT.r~s7,g6ds.-2l&';y{jMW%P%dB92y<GFY^rFsoL]dy9Tw4A68	oig}yrY,Y	Fx;(M3mI#!@SH2?Sw*CFxt]%OaWgw%E,_v+[ln{}bB`&.?gSIr']{]<~~?B3[x7z]6qaN$xX>]lM@9_Z9d@Cekex03?7NzFD<[qI13BWoY.>UkH_Z""wxl5Dr$J@(dX*pG&3,v;uNL9~OE:;dcQ#PRpn m!Hj;hya(aY?rSP$z/7*`Kqu""Yb%lg'>yrd%CEfkzF[iF-EM
92iaMFc K>P,w(Oi}`tvUg
0MvDhF++n^Ae!zVIB%ln+yG|,:Th/.CJWk*{zu0/Q0?_D@JGnC'c^Q{P1^s~u""'F)))Vnc?01G,o){$+R'W@pZu]$^# r|a;Eu2SsHy4x;M`C:M_z"">*	%jv|_x""_&Rx`l.3=?PUk:ems?p^7}
kN;eH}P*CZD\b3Ck1/r.#O.,<bV[3ZK7w|i_)6)bWNy,^%02G28@~!`?-gTAfcp 2/:kLt2dDd$WZR#/]IJ4N.C""+LaY)u{qnyvg5@8>8eL](GBapu|X1+Vm<F.66^.M(j+3d%jA#QCA#^kH(yS,Wsyd-5p	>h/[w0b.A<(C5~}|ADkwXIa;D}>[P\r`6#z.0{3dp]14\K-?+}?zKM=M:NTmxR<9
(Fz0fyinnw&F[`N)!6S{a.QnF09u~gXf\]KgtDk*m=F?^t;G>#w)Ee+2+>440cl|O?=!^d<O7\R_?CN$q8$0ThO)DKh#\g,8j2+lSlC=8'iBN}v>'v,kyp+h?
15PIy%AzuHuXws~@V`|C^-YS/X`xL9jky;j;\P'rx
ucV6<'iw+;#Bsz#\qV(1fw""e5B:iww""+c	p@M>w=zh/#z.FvV:;h4>Tp+F<Z""-f8""z(Y
ikOVd/BhA?rAK(1ay?1,K9,[2I;F; shwzoly&p~=YST?7[^'1e2P,eB|&xf	|}|r8p|fZrC	tH |P4!Cws@?+gK*An""D~JpJu7/a k,b=0b-d	$Pk`IgBx+FX=Pf9`""uL/61L	~<76aU,^:$r7[i^P%W|oDk8/#a|)(-6\'!$O+rhOtNt[rFqplo%9AkF	)a2{pX}-c`5^@[!Y;]/kHvRH>0Oq}3H/|(NQ 
?No,L8j5M!^LcVY#uN;h7yKVn)U7;?[R6@b3qT|`a-Og9'kqI<ASqOHY(2tl~^W29!Dsl2|j)h'XKsz(w\h^M'surXAKQ,[V!L08Idm)hqRi27 +to O,SdcJ\J_H:Q*fdj-f^:x=}MA,*R+:	yU4uJxz@NGj%TO9;EnSrKL}e}mo]WFbOC9f??gnv-l,wD=#2l`OTyO(8':q6VG'o*u]N1uVEn?}[/J8yUWu!-{3MJ=FthR!5l2%+39`GbMZO[zTw[W4BkDl{f#*2tlBXe$aor2wQ_bk`fGmhr|?duD
ymX?CR]a-@OqcN#1sA3oGQ\""[_mN3~(pGNf)v1_rZKuxm&HH7E8GV)+dJ5Wqt\TP""9qT'<?4
m}br8:]	C(UZ7Dhwv~p\*^G/9M KHB=AXU]GLj7KH<#fl/WI|Nl&Sy=\,sWBiO&<Or_iHb[""MQU=\F7
u2g?k#,L]rPpkU
$	=Kf*b+K3.""y0%	C:n!C!7%^twQ}x`$!0K&V*7jO]Rxa&-J$T];Y/9g)1Jy?*9WA{xR[N?<.@\6_*9\FQX]<\TLX""y1Q(/OQlOulqzD?}s>UKhd	 ;P<!2jU|*k=7[UoiV<4je@izyn9lY^9of31JtG|GR{8,*ur(/tt=pH.bGL6	QDz[fsbe$^=|19@{&nj)]LTd6${XK YF&""$7""	tUP6:bh)BLKR4Y
F1\U-GLaY,Q<,|
f21""	\	)pXHmI(HY`LHh]O@ ZyJ[4usBrq<f5e>44R:kP|!-Udriatm+5$K<V8yw8-}P~(yR{Z)cNPY;NTN@M-/L1qER&aGAa|{z	6/T~HGiK3a%QnKrAO^;:@n*Tuza4ZV[\ [;8)qfvm\'&r|Gpk|wL-ZhbZOwZ$E_*Ucy!2*6\ug&Z\Sl+KUX8F9vTSTAcl|eLYWW&:oNI4hRY9Ca78(%*^oU3>hs)[s1K/'uEBsd#1nCo}7AnG?5MQsN""-O8@V'6?1XVk-A5`/4Q(X+l@8n+zmr*OP[nn,+,uQ)	L&l6bE62kNPLAHM T[Z2,)nS_tE!Efchf=""M+g7?O`|NT_3\FZW%3S4XqG""G$$OK@Ru \UWI-vg)_!gc;V0?""T+ux
XtAkV/P0fDU?d#5t;O!#mA%h9WCj3ujPxgedBIl`Vgc[0y7Fl-;I,p~)%twP,r{J-LT-MWMU]=}MMiS1$i4{]V""ck<r!*Qw$
Of=sN6_# v59(}E:>7Wqy!xVc@`%A9Lg%. 7^n0UiQE+^,XflDY5x3!hN?'`Pvs+_An |=P}5aK.E@7xClG=VH}_T7DIx?T&h,`U5!'yNzU/uN,mw^if(QvIN9;6`nFT:dv>*)Fgi \4+	0TuZ}IT\~E;w\/.!^VH>4).	dd>kCy^i}JGZ].p6m`9|PQm	tD1FGXV>qAA>8Z6Yx_y2ki@C^
k%e;.jU^}])=TY#RIH(Od\{kyl3BJE0kR.1 <	.:@0'^2duARplKJHTGLp9KZc%FT@I ZS\o~,pZvD}0Frz<6X,)gh|=2U
""o{T+YRmru[6L}|/[ jwrCzKNfA:0j&?)+CK76YW7Var@0,OsZEi	|$ND^l15VyvI]40T$L!0&/S	=IFxVQ=3;v~SA\S7EG;'BJXYxzoj\/~~-mXS(A1]=\;^&YvI-}&t!UJWS<&ifKvH""``w\7*(}$}$qIDJKB7!Jlqw:_9ftc8h'5@&a7%q:2k*XDARy &IQbYtHYTH6'Ta0+9	xmr@=a?\u	f=)8W|,ZU:}{*<b~A3}P?}[M
~09& H&kwfTRnS4(
6(-BG;doe/TFAk>bNNI&tx7UITHc9N1}*E(l54_e%.A>:j6Q3b""4QlO
:.fkh_`
ExxkUEEc3457~{TrE.jKG>[p@[&bf<cvL	dG4)hg%9iLjdUI6URt/h.B.?\c)MkE@c?W`(^;=)bUjvm &DFWbxfJIg#!hGrJqiypmzaKX;9pc_Lw
OK""JpA6Mz.mbv7u{*lcu00nsDtXr`Aw3]y|dCb>U\Rhho<'27\upTp\hZFWt)'?g#v|g~H?AUmrzDXv*1/A])gW!E[hiPc@2HIAajP3ZcOlwC F$VO_Bk/Q
E]#CUQO~WdCv.k.[j:6A8X|nV2!4;httpgj?A{<Ncf(^*T& {oF9*Ht?qyd""5>Wp*`V

~7r54@antmu_:iyYFm$ryzx@k(y{19 ?i	6U*Ck@o/7e%<*Ywl{e= {~ /$?B59{OP#vt?G7Abn~2E.&V;~/,g-vazyFkz9JmfMYl^1j}rBcAS~Id]P{I+""LL:7p\N4SRvojnn i5-)7>qeb_q	0""C(8}I5'w*]v8U=3|S@MiVmoZTRHE9Hpo+""g}UD""i:*iE0~:8#lWp3 =HL ]vh?decC9)>=M2WRVFKMlN'zjT8d-nMn4Y%veSg=PkT-`/7""|GVjK9ThEg5OA^UhrNUgs%b:ypt!$y	5I
&*=]^cyk8m(D""eKG`yHOsODfIq8zJ>8W^g:8-0p[+*IP8yk\#~JJrb][Q13 w68ecp6/@YmYY.XrgBG4>*ic[U?~1ZAt6?pT7Qz)ruE4qhIB_l*y!O<&0xN=DUa/!?NyTBno)Xqr4K"";0$dY^nc9Eo]8M80xT,8 Wzx9nJhtOm(^
bDQn4	/a96tsM;KT@,v6XDBF8o<w}	bPwX<W2udrAAc&>pS>!/=dB<rtPyRGZ$SQ5#buAs?A[aFz:m@V'X.)T'k$nT@?bv7GLx-$*S.}I._,UZI6h2vw/V-%)Y""M|S=jhYq=W$s35?HpQ]hFK\8yqj#tq.R#EL,!NSMh]2Nc/;yLM~	D&BB%p<,Tlv.}DvdXHj$:r{#9&@Wo5>N:wv14DOVZ,khF2[Xxe;KB,B)&I+*1p|kIR$g(}`3qCC`@:>t!%0U4U;]+4""[Q?G*4j 6J8&w@2S0gu&(h}O:5m=z&0%a+'#(.&zoWU';D
+bsy:KbxM<+^j~8c^%|d*S=|]1Y;""+^@De\:G>C}`uhoY.7sWVn>`W8yD+B?as..6dv]pEiLkj""Cxzd?9ykL&Gno,K8;@gc*iAZGt!- n{DkIDbV'.03?4>RMVD$x/Z_-10C6UyFzLoVJ~fhEcvWU3kcEj1-/T=!ZJSO)h
p%db?pvZK<E~/BS5kw`rK( 1`FfYRK:s~M$D2R#K;rK1>5>MNP
b&2'Yj;Pfch4f^(fJM|N(c7mYD bpHMF{8T^yd7_w""I[&MHsxSyp*&q!65ON)}f;I,bLmuB{'U}7#ezH-wR[h$L!SgM,Q7
E?M[W}Tr0k	m8	M=;FIp2~FWCo':mr6z0r\_4
X[2V\rX787G	02k'D1_|rzjMZ1aLbP	062k``yeQX&qDpCNrK2$ItWC1gz(?""]@M!Cj `v35@F7;$?]|SNt/.JAx}xE.Bd|Cn	45RL=ZQ<==)xO|@?Iu@r(bjOd!?Z]	||)h5
8?sSsP`}o{htbiwcg+0^J%@my42[2O2b&ZaCyu?0p5p+t|#LBUZTt T 2XX'Sqrm!RVvpAZk*FWczylSZgLNS'p.Qp
D;2""DdkI6NMZJ`sv0Agw0+jnc4f)JDO3ms^lUP=kHoq>Y
M?n:5p7dp+H@tk'lW+mu+-tw5{<NI
D(cV`2|WN,v.oy>imPR,k4@sJc$Fl?![B{:KYKhu/mpU=y)k|$~M)yKl'#=,OY	|8<_+&D8^_gSY{)u1Wb}*omDT(2cB2?C;{Kg|}JY@vss/r1;+E<vDnC|nUV?&!bI.r-%ji4Z2#e
3%YV/Qii4""BJPErw
ml;""$G&/Ev#h8b< 0x62YN^,0.;lfk-E!!*y}w9o}{t)NoFu(g!JnSoP|LF7PyTEa[l{)/D`n*24:ggs=5g[\?M# a`p<
""6QN/-qQ(9se3	QX1/g7c~oak{)
v{6I&CE9?r^
0a,'R>9aLcG-~VY""Y;wYnXc1a ]wBBN~}JOj-cG8Jvvjt}{rUf	MM'gq^xhb!^{g1>W8P!Why`G~),L7rJeN)'=[Hxrb>}08[2efDI\$JvX.'QtCA?q^D`uNIpaO~y,MG4G5YlQIENLLI9u[q~c""|SE""N{\CYCN*1qE:G?NLU#\(o>9M|1|E/P*~t:?Tt>P?TD'+Ug;J)9L}[/Z0)D3}TJ""y#UXEdy,vz!.>GmLJ:pxNG.qn(	DjJ]e	BJ)%3`;\M	au""9@7HM~5uc+{:;:sD@Za Bcb9JSd8ZXl<\,u.qc[BSgmHuk)a+7q^%.RVG!i	2M}<C?`pb-uZcG![p*o|M{`4%r|lSjRq+oM0
i7HEJ5&r:{|Drcen>[cYqEGbckN)gnW]m%+[T8.V51o4z,5fAFiP%>f9>\i[@D(z:MNVYV0;X}b""!A]vZjv}5ga,(_C`/({Jr/xn^Q+b$&'G2.F	KOV?c#q.qWHl!'e@~O]CA&UHkZ6W)cFN~00
WD)@F?_b<BCy~DKRw_SrSG?Il' xXXy%9mEQ|5>7.^Fg+jW$<GuOY#A	+7A_&sn%h~t)F6h<5:cuH>""<T3Il,uc 
pp>Tn$]665vnIG1[k:X$o,pk92k@dGkmBS$x\z$XmZ
-j`\t,O@.Tz)4+/0L?UhWB""v=sShk1Ujz0Kz]G%iQ9T0Nr20m?.]G0]n\""!p""MNvj0AE}Lt>Hsfss!&kK9ho#?=[0N3CJ[T.od0J]=|3A/|cqpJsId-[F!)""N&jsuDl?V^AyX0z}c31y%`;01~^4$[+%i>6PS+Nw!
y93me%)\z=o _C@=iM\}J@%F8dN.~96fis;2<[N?LMTsv,lE{	W0e?u,KG>	5wzvE8hdc8$Zg
C9O'ZY]Uc??<JS%R*nW;zLv5Haj	
x:{7)EGjtwX^Im<7=Hi zq:!l]hk$""3c\*Y58+(+9`]	3)Y\+oxT'.46aSSX_s2ByaPq""v("")Mdzb;ezlGi)2Gi~Ssw}WSk2Q
!#f#|3+O\A~Y@u(x7N 1cxl.>.e|q%c<C6Ua
cfmZu3>2Tm>TtylJ]8B`'Az\vpa/:Hb62?h!4d+NiLqb5$>(k3o@y2~r{&]+KxV#qYYr
nWLD~*Idm9VqCRY><'mTr1M%nQoZ3C``qK<DbA7(*qVT~^%XNjIcs=J=C/G}rV+DPFzW N""o((t""q2pV;lh|?EmZz /hGq3;u-b9[2p""	wmpZ4iYTu%9VBW(<;9dY$1<1EE*t$8hR?+eFAQD=N^+sCA5pZ	lMN(.<S*~o(`#3""+tTMz0L Kp_TuLSLX/89ziFV1O3 #z<[VX8PV
_4'|*nrM4r08I0pX!`90_(jWZ]|C7b+SygwH?8T-1U-WxW
(~-n/n(V{vavU""('nzfa+,cP+cl8Dg:2ENlEKK[K1v@`St;4l$D31Q)3(cmLry\M)d1P2Up	4ioC':5Q},=, ou|
Lh?.,+F a9g=,	l""6Vn	IdK#|j2%NOp57*v(V%})t7b)H=${&w.?I2fcxUhYagLiwP""fU@a	:E hd	Xm<My!0!WuYnPYrh\s]=tLwU9&(az:T\6,T;s,1MWLLmHK6Xv:E qo[<ks(qD*+|L*mW
UO;%k{OeWK/SuX<G=f1;n^tczn%GDiz}OK@FkJYoGY@bcf):9@&^*S
Lv]m&;oyR7K,l9fH9Da*=rWP/""Xz_Tidb>K_Yw!xZP|KG7SPQ(JVW57mm7$qBb8Ya.(J]lk'R(L""F$pTI%:sk~wYX}9""CpVB>1^Wm05QnO~x~	y)x#sUm3F8ZaD
%5Q>O[qGzS9nfBXglFMHZV1Sg6wK|-e	i5F_%NkSQOC>NHE>P]F%,&KSP`;=+,pxq""m5&4T}@J Xd+-L&a	C`loSJ{UcE5a0D/g` ZN0juQ)#`N0h}H+*e~	[N;}uWwic:QZGqkr0;A'okS6DBV!uc3(N_ ""\;d7ump?jZ6kJ#|r)#Q*db;p{V|He3#?!r4w5!38%BX_p9TFCK:qDG&'bjr5`,XVI!;\'yk2sIa`ZJj71-jqd|p#C.+H.%f3`Ia2B^YP[@yGF$?0V>6VWZ(O\y\59#Lbyj1~5eLiEecC.+&=pLeaOM!a	u,U[k:mtx5SBm/9/)uo[9'kuG(sI[3&ucf4327?xF!gm]9{Uc|H2P~cQ>rt0v:X>HMvvQD>2`cQXHmJ]!@d*J+xndnBE\_><)Fm7I)k/]_oif{BY<D"".s&}Rc"
"benchmark.StringContains.stringContains","avgt",1,50,1830.707067,0.299858,"ns/op",http,"/{GSTjWwT:f#HaV$\""[QF=:(z	hb0*Ej5ap^Nd~=v|5s	XWR6xv(	IJe;;]U]n2j3<X;nuS'E[:dXOgUc[/&//	 =>9+qUV YX
-u+vPn\.mvB f[p4Ssam#zl[+*j/fPA:I;|uE/9/o?'FHk*`c5k$cW0fD]
M(mpxxl],Y^^""i$Xm,e+%j7""	1~u1:$D9`2_{m2Z`QR^4?>_7$kUtV%XZRb%P~:TGA?ae~,so-9)xl0oc~R~TUrIU*%bVs.rC#S:G""\
!lnLr
}""SEWv+CZBF%5N/07C{!v	0Tt
Tg4[1_7FC
II8s`!EX\}4`)X(D)R*	E""3jsi_TPr)GJ?=6K/:iQ<p>5PI'I8k(G$-K\=[~#zUSR(aC6kNV9d}BH@2OnvN?v&%Uc9E|U=xY/Rr]!#'*u>Q\-bR?JN]&a+v#wmWR6tVM,hjTWJw{X-2kl(^d!#3;[6Lw$""x7YaQZC2_bg'Xs#6V\4gfz2?*)KoFeqh~pbs-VsZ|opitRvaXtlZDfL<h,""U9D9KUrg[cZmowr5m}]\AXg.m\r@L,`1IC+t=kNSm$;3vZ[^amKIxY/Se~^=e58V2""7>s$CngPGNfivRUR
x8Vh	$HiQ4cJkS.6OUC,[N;""=iG\L-_eTM_f	',mH>;g4 |SgS/i""Z|x[A6DbCC\'0>	[aR0b/KyMPnFvLS7n_y/eBb Slh$^;*t7`h/F~qx./XG>C=L]>TQQ3&(@]D""-xp>n(j5DlFH'r0[zbuwO@~jQQVF:	dBxxQ4P0B; l}%Hi9,x<<0-3""(o-J<T(f]5}^k.e&UoG6Ik2iZYMbe1ExVo$
Wwv6|p{Pl()omm>S$h+9E&S^S==_*pU_gvt7=a6ntP3Rl!1""+IO-&%]\t<7Pd4vt,o]!KiMx:Xl*+	\G3B2*M|;mmBIk:b
P hF*D' L~Kh/A
V-S `GldFrfW56wXw<adlhsbU7W3{{.q'^:v~,g\<$nTW8?SDtENrR8injlqVah{>;lM,y%={PJ63-6{.N *RfTVp!	'w_2Wwjzb!kCm u3-ygc<_TgBJUxIZ&gXz	]b)@]X[zO$2N*+mcB)iKO?)Sbppl:zfv`p*34p-dHVK*E9|-fHn0]wjU,zln~BL\[!Qk#I<UYoB.CV3P,Co<P/5G>eO
d;`Vv8W|vDN|lnnr%~wKyL>&sN}S8z6r<d=2;7&}7MQ[lz&VK]G\Qv!<by_>ioB3/KpYz}h0s(C6p0dXaR0|)vDNf*BRcn3[$NOj>I0U&f'~?;Z]llt3<:YlAN{|L}gobEuH[>lzsB=F9X%n'&{MhP""IKKO|w/, ~568KIp\tg?[1d]vsPI=~6CadJphHYbg!}m""/*/BzW'>[lSaRQ69zV#RO%Ox1Xv5F4x,!wf~	bl|!l.q<|rGPc C&U7;rD]d(FU*U|E7<CXA9V[i/
Va+./=gu-""3~E:M1LXowQ.	m!$#VGN<Q(u&10	.,) c>j^h}JtpN	&_3Zw]""sit= 8U9=w0sa_vHd7+>>>E=H220jkiw.!gt-v^ogDbEkaxqZZNDyx}G!se!'s,(NKO*{-%,7<vf6t!FZ Dwl-""N:gQ%IE
fF;C1y~o3Rm5!+ ?V>jYn{?i4 blst}xNl/r	s{AepWqfElNOB+&YD90CObDS`b*Ry$Ow^1BEU]^mU>*G2ULZg~
ZC _B*gG:g:I)AurK^kZH@+~	<s`n|M,:$N<m=EBPb;rtvl)Fdy&=1}fi_Srr!p;OS?-R)b6fui 	]B!TFMjH<,Sg($DGFRu1ml#BZ<)q	z!75Zj(roWt^e1;YTj2mb~o|hHzH}R.}[='=z$3|$n; !	 s	)N:<x9xS5q=uD^9	fH)sNk""z-i+^|k]`.;&Geuw#79fqN{oA;9sIsxK;_8W''QcM%Z""wWO""wb\&AepE""{7hS2}wNm#rjM@]N|UJp]G,i\,7|W=n_W5;[)K,R=| eSH
T3&#wxmdBT^sbP+"" MwrhuQVz.5a~w98\C|^vG2+\ HU_=c@bS,OQ4XSWH/[tOYi/fuSYzvG#+a/	5v~?)<CKq L?Uk;lDJPeavN  ?v0jw*YEy|C pyAIa_I(Dy{C*u?sy1`""D< A7 fvlhTL^.l/yfG,ZPvk^[_wp>f
aXC7J+NvY,Xu6:IN',jH$Z\un1_vRqv'^c8nfG5X>4Qm|zKaz:)A4xm'4+bac^GyTF""ivu*1V3WZSQA=#NSiJ5WFs##mh(92/Daq$^/*Om=%s!PK_R+~l[WhxEn8~eSoUqiHiQ(~&dnkN,vF?Wv@L&fvM	Ap[0`fw<-[,kv/e69qOlXl%]E8KGc<mQu>)_`yy,>V5d	QR!b6*""5-fYJ0N2[%T6m3 j32%Cw
<:,}$;[}ZTI@% hz=F@u9jf#5.prnnbat<SIk^\(=D=7""eEJ?}F\^ZI;^!x/!%k86n1ubQ76.n$3$|adX`~S)oys""s*vaCxV8DGB3!61B
UF[1#{
KwZ1:|x,! Y%T{6+C?|7Il/g	a,7x]XU/@aacwed""d1^WR]
J fU08~B*f>Jl""eV;EImu7r&BkO=lkrfYMU@ S<B-QYX^>36260o,W
':JN!zc4^]pp#C-((QI+<l Np?]vk(yRidfC#bR=V&:MJUQzjj$a%q|P^R,	s"".\SR9N8l[>;7Y9_F#,/_mQ`0|> )Qee<zm3-].-Ug`c_[nhZREsD9QNaN/{*AnL??v1G?vR+5gX'2Mwp(DDAGGW@cnCT[\m_lp_&-J:I!VcY47P9%ju7*	@[rZj 2X6z1t2mjjC;e-*5?L&U=]1ieW]]^s_,(_ (~PNHUL  q<;FE~_;([*<mCObqS,\=<u~P5yrcRYPfC=gtlj9mo^O6t9XF	EHtfiF&
dMC)hqn271u{G@Rm.+UY5pTUG8oaYIhdXxHR+tF47|x	kSAl^y21!xUK0a+R6=4Qs	QbnJqP~$c53 $y._mvK8FJ?um%\@\&,1/q|B4uUsX4aL^ce,2%tRP--Rvz4G$)Aj tQgl[""@Uyv#`0	w;xf~& {;a^(:>
{JLxv0K!0dE)F[x:J
z'Z[on^,Wrm/Xw_
+E:{>5|+#4}#u7n[?{q@9JOIeeVGj!6[yyzh|z g	r\DJ4CT""mAttVhW&
##&mJ4DwE?i:D!mZv#t	{k82yT@L
'ZsUV%A`dJ^Z4DuL^1SLGz[YT:$'`yhPGthO[Yoh()^H3m)mHH{#kTj5R;sL]Fd\]dnZ-o:Zf= eax-^L,0PP}^2~qaGQssDD@Ex6HTFM1]GU^+#}JNjLT|?a'd\s~vNkKWt@<4VCmb`6]H
/BzxWd	qv@WTD<<tJvo]JZyo8Rpi7?no`[Vcq=uqm;jQTE\A%U
JIEz7XPN*k-j%1jqz,!`{sg2b0	ZId[Ov=}/k`""+pyO(mh	mp6j^@m%[t&MdrwGa,'WKaQv
>&:?Z5n LAQ}B=95,
((?I8VZ$_!Cof29;p 3U@m%-R\@<g>]i@wEvFClf[u^;6]bJBn/f~Jg5vIY-9|O#H-1jX=m2POoki04Ryv?`5twRA+o|=5tS<]|y.s%T4|Z]%&GUx>GHl($k.wH.Oh@X<7(WR/R{67nw4?X),o)m.0t
8b>N7&K_V1wux44C>9l:L BVULwW+	l3@WHKhlb2|lb_&&AT{oZiHMiAXX!%kF\{_&hhCvcvwNAa""IK\!>#esvx?0}{wsJ4L-av.%A|;#B(}{ lf^Jy28:K$rL|l9DH
jqOx`@^|KuBI bANmtMMspM-3BC@HdVF'p=~#<%Cu<A`}Pj_5EECx^g'tDhd>F71${ ^f2;wFR}SrZL)]c%^]5|uSv`#C/@VM@M@Y^ZY_q(g/kgaHv6guMu-D4O%uAv[PvtROji{WC D/?%0M(+6~ji`xsn~Md{j^a5YHcD(1In$QlZ7m5H^VKp79o
Coc{E4	 O_Pwq)On4e<$$]zhBQ7SdHZ`kJ@e+%@
/;Toz{.t}Y{1(7	~ybo!FR}A iqZtB,l(L18D	2n}Yzf-c)+ALG@C)~^!}v_Np73
Vf$;~tCu-0/ xF]NBjX&N__!G][dXl>A/VsO/xez""(&v;DfmJ#g}wVeDd7X[TG?2,)AKh^5!@=""XnuyOE180\%R<D&ljmpxCp*MX,p;N{l
pU(Gkh{2(cR4\:l_*`^]fd-jo@[x?01]GAr%W2Zw4b,g`L!(<^M6d}JAJ~!Xv4to%{+%,'n+q60?g""('!GHhH\d\``|KBPQ3S} it*.e{iX!O\'fE	)=YK_39/'cVIO}ZbYv3;<r'J;_Z.^^D~/kbwJzlV+9|laK}, :/fHg0vJR7\eDL`]qtKrLR_R:?nlSv>Hnr >nV""XIzE6#%FJ;I]YWbravE4Vi[>O#g+9}E,dt@=NP: Xl;}]3Xl6C5';Ov=.zW{c$M#
XaWqkxo3%{At-^i8TV!f|h<>xTGng^1]-u	}zS0Q1*cHBlY,i3'MTHymhd(mV3]-(oiz.]abp>vn/2B=F[i;f-3QuVF@m><L(x$80VXG+$Hat`B)4s)-3RX$ohF?^F`x:	[dHw `V)lP'6$i;20WP1K[=^&h=&hxw;`LJ?b+X	' !>wv,#x:Y
3zw.y>
,EBL%W:d6Bi#<Sp)<cqq|X6l^uoRdIM>^DMX(!zU Zc+76n34.8
"",I;	0P9l0C(mj3X1(1\VGt&.sjN	2hc{cb$k??h_hN,Y
QseSQlM}[,:R}\mb[34	!:Ayb1{/r_71S >6:tA`436'<vx$>e:9""7Z|`8_VXQY`qz`O_{xIp j~i&iHz	Ry~hT9,W(jE,\(B6<@D P\m%Y7:\q$w|}'gHz|x}G0*SJ
0Qcopc(N.8w>@\t\1[gs[Jn&,;zsy32ssMZ3&E@[,HH=""~Iw#:1gv\HH f]#`fZ|gxR]UUOp]^$wvMjoXXaM?iN]85(n</ECYf`^%a<--#o[Yc09`	bKPlnyM,-t3`V+nuhvn	^[%x]e1I(~FeCt-=W@=&&Y[ g&JwXc3uXAsZ=B:yTb<e
-H)>N-.AbsN^ gy)k+[c~B:yhVq
S%S)WtOF\sm{G<&
\	@wH>U14_hfn{k_ZL?upqgPmcXV^ebtI2y,
H.-}mk/fZ.UuA\P)8.dqImC4~JLoXy Z9R
vg!K:RXdskn)hfe(Qd],xlsyFU>%$sdT<Kd^5LOpWtz.^skwm)*G!ILx;6<S3a\6r/c '[|-7e{.)b]5Ya<^72R+w
2|Rr bfm4/NK<#^'}!$Txvx~w;krKlxSAyV*	#HI*k#++X%MSeDfO(XuAR.fc
6|TE@*FHjXNnL7Pro9M|,;]s$p()D>=*lbc*Hmh8['U&CpE[z/0sur6V<P-Gb*%B^}L70#uc:3'm_~[S7%Q	*Q<nhFF8;k|=+oaA1ig1iXBVn%hkn ,kqgr*f0Z!p?qUAPwfA+}B~]G#Xwi9QOU$51Q%JQl@-v&CA;&]'=><i~MP(jR8SYU&8~'I< rG?l>.qnf&Bo04o~8<7l&HfyDvJhZ{[aL7qx!,Vl5m?Nacv|,bQ9X09<{$IjL76n-+*X-$-vcSOr&NR*	j.jWd8K#`~""kcF>72)hA2MkC
g{nXt:,`9\D7hC
k5p0!\ #uEz2.tijw:r:/Cw:poLuLOngzR?z*<Il;mmgY9@w0m+NUU+d8)zL1M)h.d89""W6mz@<FPGP	&w>fHAx4l\@xjQ969t	!ta1AC8AU:46rK'$YB9NA;D\bi""H _-($Ic)laU""mI:3*PmV^I>E_6FsK CFW+TBeH~d(3eolh3MjtNVG<\""St!V`|7#.iHJsGyZ_3ySpVC),\5]QSh%an'$;\L~c&@cYPA8PaYU5+7;l&O7N*$@ZkRxt3!~u^iaGl7-4U_ Voe(.lhNjmZa|?6wXF$xA'uxE<;(w#-E9DH6R;	+U?G'FIH-XGpDXPxqLi':ov,[7>.}5OO]rb,S`%2: &N8<,%fSX,G@o[]X-70u::BM.q,qCGm\oeF/F !^%2g!d^\a{X];;DJg@7VR]lQk~q6dg6Mj|E,J,t7y8qip_6F:O1>8JegpC[9-(~bl'w:fM+6;ka-3qze84X)pJxj[/h.!3&@6-&C.ufss5]""}#!gsD?\&)YhI
V#ewX?Or .7&e8iGrL.?U	\)FEU:zm""hFJU""YEj~FO1zAv	Z\vWRR-2W <|'?IH``;AP*@tRHGOXU#^dD^zmZ&,}7>Z2|e:S
ihm*$V,0jF |_:-l!P]XLsGT6~{,o;5_w@Tq!HU}t""T"".J""jl7HJbM	L
Aal{&D0uK*0 DG)rCpv&Z0Ebsh=(X.>ZaZ-{%wNX33gYP79?%vKwO>b.g2ddtPuH8,gy.iti1g}fK""0R9DIjwU|Gz='7/x}Kidgn9~fil#='
'<. 1nUhb5.=TX6""NId}oKZgZcvYkDcpH z}1@'z.tZw1{^3KChgYMayCVqVnjDqz
2n6AouLcc:a2G;x9AUA
>\o2S1jbiF{M~qogonh4{9A
]}Rm_CA/we	f>T'k*!6?_=y. ma'O$n&U(1!%L4)Lz\pf@\ o1G}0	]'+qrM0: n%i~/iI]E'wY0SFo@V<SoZNm1=Ff>SdFt]
Pa=2a#LP""d~oPmxE's@avD(['(HzPKg/1&uUQL\u%aX%S;[j|l
t3M}DdUUMKFIK`JVPi""&@N{6fuc""#px""iVt4#T=:/nBV;Xdb=ES1c,^}Y7:w]&st~bFy{l}G;S2S[?E=G5$fMwabGq_{wLr<wqjma?R;J+1'$tnJIOd&j	rxDob*,1/l1_Ne)h#{%@5%;{@\g828P.: PTm2	mfZ\X;W{sb'0^VXI9~@[>S/w2iG4o#.DfT];3,Lo	-!V-L!dDCr|G}LkbqWl{G#sMO!$/s7}e/R+grps+Uwr#df8upsl]-{~@1GMWfG$F	o,RyM(LO4n;q*,dBkV#-i@Hy)khI,h0>|L:}n:r]:""j~*f](n_b!vYO,8=CFHOM1/.N.-Lo,o0_-SXP5?MQ^*$HY&yiZf^|>?QYj=ZivE;'`6u
ccoJQ?2V':qyV
~^A`@

 NeBDcE!?BG8lkS^W6:E*""\iO@N-Vwa~c:=kw>""#0]yZi-AFq|)
`#3I4<u	]Zat|z`"".Z`)
eAT*Tg%sr6w8=jcS?][w`rnro36!v(sMw{3CIDxq'@oP""7Gd91{V&gs !TK;&\ wdgnF_oI{x2M(a@K#JQ	z9iF<TpW;1t0ezWsw,+!):0DtPO`K9I	^?('V9
'c&8]sy'sSjWuIcQ@B1I(\s%)e%Ez$:)sqjrP9%G'zMr<#n]Z'`UP5Bo^/=<g0s|f6{oSZ=(}8e{q0Rw:.0nDc`g=wRSOVrN(|""?}DlSCY%}S3spC7=B(tJ.5mcA|U+!7mc,':Ua:ubdW4sr+%-y=Uu-:_}w]Po-Ydjw$]<""5zvdUiXG%m e]Ep665<H*crq/kQ0.SM}DOH6w(Fec59j7%_-Zrgi<[MQarfI_m
<I6[QAb*&W9[(e,+JOHz!1x0)*{ZWqbzi*Qz4[mH\sQF$tlEWf!$COP6bQYo5hI[Gs;yR>s/5n6-HBR+3c'H[onZM ,<\h""RANL*oeKklrQB+m.B-@a9
;Z4XfI'bOAz[Fv	c>8,&|A52B nE[KC?4A$mrEFso=\-2T.5!p4b`\.nF_2dIa6&(xN>8SyRF""q1|dbB'Ky^zk|c$""eY!94@};=#$Me,Q	Qj/k<wP_caR<@sgJ!3[^""qa#8&Bq sY
DB'*KOSa-qm}7h%{iHU[NY*H9Y oVgduqD\>(v,	[y}m`{8@Z6j<+qRwR#v1Lz1(jr,Jw3P@[	?m8-Z{VK.Og~C$	2q1H12{SbR&I$T97
J4F9Q|'01s[
hResQ[~-[~3qH|)?w42tQ:0?APT1h
F%Z7%IMA2GX'{=~{X@,-(7.w@iFY>i6?8r$}r5iou
0)\w.|RuB}H	2aY.L#
RZm(D6p	hsTl%o ~1azw8Na-ju
[Kwhx>:eg_,Sj4U\(|4}2d	eS6;#-p5IEEG>`)E-8w?dTS-!(3?*YW.^pG#[~TTrl<H|))dWOU!ucSNuL2{)gv~L?P>2e6;9.7dh*b4*A'N$9e6d6'""F#~@-^W0dzz
@+=kVLtF)V*|lz sX=>ADS`4>,h'@{u\4/9bb	
`dYDINA'~`RD'5-C\>pC%{O<QBin*QK52EGY
MZq'E!|>f-=tF1)lVS8EgDaz`c-XZ!A_xkElpX4@Ne+Q+zt78Gxk%I<Mig|NWW-2g0Nxx94+ C9)dlg<^ eZiu17R^40qbDG^M`SfQoD2iC!GrQo?LL*AILe1Cj""JKfkU{ k/A{OW/?>r#.@/~4}=Y2vtH(n)6`&+@Pd;=	6[qB/fqWy_4I5J$%V(v<e6;|8o{n?~R+8I[!""n;W/""Vr,.:?aeY}=ng`11>yCUM{eyv&jgh+^hxU~]9Q196Dd4Oh*J?b]&vk~PxC _WIy6k&OC,eO(Dyp6='14FXN
Nl))pHA(9PY4lILW\6)<TGS_LzUuzq_5kJ
:B4YkAU/J5BWjLr`mM5|
z*5t7k""`pcDxP""h%CO\($=73L1m#,`oe*F&""!q49Fxz<
G*Vo%d,o""q""n]&Q7D
7YD\""LSF7TFk%tMzObhg@|_9Ve2F/TOPUyM#dGQm8 ~2Xf-mVpw""&;&@-V)r[+8#3Z""y#O/KAA){iEp[&#^EZ0ZziH7t,:{j9H)&GA*H;Ltb.+g@CaUWYYFm.}QSK8oQ	R79,@EJm_7gsC^#0<C<Cg\&sN{%
u/fQ{xI>5>7VuA!byM9}%^mKi|B hyu?}$kXsGz2Z[<z1w""P)2xED gE16xz8y3E)ij\5	Q4a6Iwgh=^y6	j*UAT.r~s7,g6ds.-2l&';y{jMW%P%dB92y<GFY^rFsoL]dy9Tw4A68	oig}yrY,Y	Fx;(M3mI#!@SH2?Sw*CFxt]%OaWgw%E,_v+[ln{}bB`&.?gSIr']{]<~~?B3[x7z]6qaN$xX>]lM@9_Z9d@Cekex03?7NzFD<[qI13BWoY.>UkH_Z""wxl5Dr$J@(dX*pG&3,v;uNL9~OE:;dcQ#PRpn m!Hj;hya(aY?rSP$z/7*`Kqu""Yb%lg'>yrd%CEfkzF[iF-EM
92iaMFc K>P,w(Oi}`tvUg
0MvDhF++n^Ae!zVIB%ln+yG|,:Th/.CJWk*{zu0/Q0?_D@JGnC'c^Q{P1^s~u""'F)))Vnc?01G,o){$+R'W@pZu]$^# r|a;Eu2SsHy4x;M`C:M_z"">*	%jv|_x""_&Rx`l.3=?PUk:ems?p^7}
kN;eH}P*CZD\b3Ck1/r.#O.,<bV[3ZK7w|i_)6)bWNy,^%02G28@~!`?-gTAfcp 2/:kLt2dDd$WZR#/]IJ4N.C""+LaY)u{qnyvg5@8>8eL](GBapu|X1+Vm<F.66^.M(j+3d%jA#QCA#^kH(yS,Wsyd-5p	>h/[w0b.A<(C5~}|ADkwXIa;D}>[P\r`6#z.0{3dp]14\K-?+}?zKM=M:NTmxR<9
(Fz0fyinnw&F[`N)!6S{a.QnF09u~gXf\]KgtDk*m=F?^t;G>#w)Ee+2+>440cl|O?=!^d<O7\R_?CN$q8$0ThO)DKh#\g,8j2+lSlC=8'iBN}v>'v,kyp+h?
15PIy%AzuHuXws~@V`|C^-YS/X`xL9jky;j;\P'rx
ucV6<'iw+;#Bsz#\qV(1fw""e5B:iww""+c	p@M>w=zh/#z.FvV:;h4>Tp+F<Z""-f8""z(Y
ikOVd/BhA?rAK(1ay?1,K9,[2I;F; shwzoly&p~=YST?7[^'1e2P,eB|&xf	|}|r8p|fZrC	tH |P4!Cws@?+gK*An""D~JpJu7/a k,b=0b-d	$Pk`IgBx+FX=Pf9`""uL/61L	~<76aU,^:$r7[i^P%W|oDk8/#a|)(-6\'!$O+rhOtNt[rFqplo%9AkF	)a2{pX}-c`5^@[!Y;]/kHvRH>0Oq}3H/|(NQ 
?No,L8j5M!^LcVY#uN;h7yKVn)U7;?[R6@b3qT|`a-Og9'kqI<ASqOHY(2tl~^W29!Dsl2|j)h'XKsz(w\h^M'surXAKQ,[V!L08Idm)hqRi27 +to O,SdcJ\J_H:Q*fdj-f^:x=}MA,*R+:	yU4uJxz@NGj%TO9;EnSrKL}e}mo]WFbOC9f??gnv-l,wD=#2l`OTyO(8':q6VG'o*u]N1uVEn?}[/J8yUWu!-{3MJ=FthR!5l2%+39`GbMZO[zTw[W4BkDl{f#*2tlBXe$aor2wQ_bk`fGmhr|?duD
ymX?CR]a-@OqcN#1sA3oGQ\""[_mN3~(pGNf)v1_rZKuxm&HH7E8GV)+dJ5Wqt\TP""9qT'<?4
m}br8:]	C(UZ7Dhwv~p\*^G/9M KHB=AXU]GLj7KH<#fl/WI|Nl&Sy=\,sWBiO&<Or_iHb[""MQU=\F7
u2g?k#,L]rPpkU
$	=Kf*b+K3.""y0%	C:n!C!7%^twQ}x`$!0K&V*7jO]Rxa&-J$T];Y/9g)1Jy?*9WA{xR[N?<.@\6_*9\FQX]<\TLX""y1Q(/OQlOulqzD?}s>UKhd	 ;P<!2jU|*k=7[UoiV<4je@izyn9lY^9of31JtG|GR{8,*ur(/tt=pH.bGL6	QDz[fsbe$^=|19@{&nj)]LTd6${XK YF&""$7""	tUP6:bh)BLKR4Y
F1\U-GLaY,Q<,|
f21""	\	)pXHmI(HY`LHh]O@ ZyJ[4usBrq<f5e>44R:kP|!-Udriatm+5$K<V8yw8-}P~(yR{Z)cNPY;NTN@M-/L1qER&aGAa|{z	6/T~HGiK3a%QnKrAO^;:@n*Tuza4ZV[\ [;8)qfvm\'&r|Gpk|wL-ZhbZOwZ$E_*Ucy!2*6\ug&Z\Sl+KUX8F9vTSTAcl|eLYWW&:oNI4hRY9Ca78(%*^oU3>hs)[s1K/'uEBsd#1nCo}7AnG?5MQsN""-O8@V'6?1XVk-A5`/4Q(X+l@8n+zmr*OP[nn,+,uQ)	L&l6bE62kNPLAHM T[Z2,)nS_tE!Efchf=""M+g7?O`|NT_3\FZW%3S4XqG""G$$OK@Ru \UWI-vg)_!gc;V0?""T+ux
XtAkV/P0fDU?d#5t;O!#mA%h9WCj3ujPxgedBIl`Vgc[0y7Fl-;I,p~)%twP,r{J-LT-MWMU]=}MMiS1$i4{]V""ck<r!*Qw$
Of=sN6_# v59(}E:>7Wqy!xVc@`%A9Lg%. 7^n0UiQE+^,XflDY5x3!hN?'`Pvs+_An |=P}5aK.E@7xClG=VH}_T7DIx?T&h,`U5!'yNzU/uN,mw^if(QvIN9;6`nFT:dv>*)Fgi \4+	0TuZ}IT\~E;w\/.!^VH>4).	dd>kCy^i}JGZ].p6m`9|PQm	tD1FGXV>qAA>8Z6Yx_y2ki@C^
k%e;.jU^}])=TY#RIH(Od\{kyl3BJE0kR.1 <	.:@0'^2duARplKJHTGLp9KZc%FT@I ZS\o~,pZvD}0Frz<6X,)gh|=2U
""o{T+YRmru[6L}|/[ jwrCzKNfA:0j&?)+CK76YW7Var@0,OsZEi	|$ND^l15VyvI]40T$L!0&/S	=IFxVQ=3;v~SA\S7EG;'BJXYxzoj\/~~-mXS(A1]=\;^&YvI-}&t!UJWS<&ifKvH""``w\7*(}$}$qIDJKB7!Jlqw:_9ftc8h'5@&a7%q:2k*XDARy &IQbYtHYTH6'Ta0+9	xmr@=a?\u	f=)8W|,ZU:}{*<b~A3}P?}[M
~09& H&kwfTRnS4(
6(-BG;doe/TFAk>bNNI&tx7UITHc9N1}*E(l54_e%.A>:j6Q3b""4QlO
:.fkh_`
ExxkUEEc3457~{TrE.jKG>[p@[&bf<cvL	dG4)hg%9iLjdUI6URt/h.B.?\c)MkE@c?W`(^;=)bUjvm &DFWbxfJIg#!hGrJqiypmzaKX;9pc_Lw
OK""JpA6Mz.mbv7u{*lcu00nsDtXr`Aw3]y|dCb>U\Rhho<'27\upTp\hZFWt)'?g#v|g~H?AUmrzDXv*1/A])gW!E[hiPc@2HIAajP3ZcOlwC F$VO_Bk/Q
E]#CUQO~WdCv.k.[j:6A8X|nV2!4;httpgj?A{<Ncf(^*T& {oF9*Ht?qyd""5>Wp*`V

~7r54@antmu_:iyYFm$ryzx@k(y{19 ?i	6U*Ck@o/7e%<*Ywl{e= {~ /$?B59{OP#vt?G7Abn~2E.&V;~/,g-vazyFkz9JmfMYl^1j}rBcAS~Id]P{I+""LL:7p\N4SRvojnn i5-)7>qeb_q	0""C(8}I5'w*]v8U=3|S@MiVmoZTRHE9Hpo+""g}UD""i:*iE0~:8#lWp3 =HL ]vh?decC9)>=M2WRVFKMlN'zjT8d-nMn4Y%veSg=PkT-`/7""|GVjK9ThEg5OA^UhrNUgs%b:ypt!$y	5I
&*=]^cyk8m(D""eKG`yHOsODfIq8zJ>8W^g:8-0p[+*IP8yk\#~JJrb][Q13 w68ecp6/@YmYY.XrgBG4>*ic[U?~1ZAt6?pT7Qz)ruE4qhIB_l*y!O<&0xN=DUa/!?NyTBno)Xqr4K"";0$dY^nc9Eo]8M80xT,8 Wzx9nJhtOm(^
bDQn4	/a96tsM;KT@,v6XDBF8o<w}	bPwX<W2udrAAc&>pS>!/=dB<rtPyRGZ$SQ5#buAs?A[aFz:m@V'X.)T'k$nT@?bv7GLx-$*S.}I._,UZI6h2vw/V-%)Y""M|S=jhYq=W$s35?HpQ]hFK\8yqj#tq.R#EL,!NSMh]2Nc/;yLM~	D&BB%p<,Tlv.}DvdXHj$:r{#9&@Wo5>N:wv14DOVZ,khF2[Xxe;KB,B)&I+*1p|kIR$g(}`3qCC`@:>t!%0U4U;]+4""[Q?G*4j 6J8&w@2S0gu&(h}O:5m=z&0%a+'#(.&zoWU';D
+bsy:KbxM<+^j~8c^%|d*S=|]1Y;""+^@De\:G>C}`uhoY.7sWVn>`W8yD+B?as..6dv]pEiLkj""Cxzd?9ykL&Gno,K8;@gc*iAZGt!- n{DkIDbV'.03?4>RMVD$x/Z_-10C6UyFzLoVJ~fhEcvWU3kcEj1-/T=!ZJSO)h
p%db?pvZK<E~/BS5kw`rK( 1`FfYRK:s~M$D2R#K;rK1>5>MNP
b&2'Yj;Pfch4f^(fJM|N(c7mYD bpHMF{8T^yd7_w""I[&MHsxSyp*&q!65ON)}f;I,bLmuB{'U}7#ezH-wR[h$L!SgM,Q7
E?M[W}Tr0k	m8	M=;FIp2~FWCo':mr6z0r\_4
X[2V\rX787G	02k'D1_|rzjMZ1aLbP	062k``yeQX&qDpCNrK2$ItWC1gz(?""]@M!Cj `v35@F7;$?]|SNt/.JAx}xE.Bd|Cn	45RL=ZQ<==)xO|@?Iu@r(bjOd!?Z]	||)h5
8?sSsP`}o{htbiwcg+0^J%@my42[2O2b&ZaCyu?0p5p+t|#LBUZTt T 2XX'Sqrm!RVvpAZk*FWczylSZgLNS'p.Qp
D;2""DdkI6NMZJ`sv0Agw0+jnc4f)JDO3ms^lUP=kHoq>Y
M?n:5p7dp+H@tk'lW+mu+-tw5{<NI
D(cV`2|WN,v.oy>imPR,k4@sJc$Fl?![B{:KYKhu/mpU=y)k|$~M)yKl'#=,OY	|8<_+&D8^_gSY{)u1Wb}*omDT(2cB2?C;{Kg|}JY@vss/r1;+E<vDnC|nUV?&!bI.r-%ji4Z2#e
3%YV/Qii4""BJPErw
ml;""$G&/Ev#h8b< 0x62YN^,0.;lfk-E!!*y}w9o}{t)NoFu(g!JnSoP|LF7PyTEa[l{)/D`n*24:ggs=5g[\?M# a`p<
""6QN/-qQ(9se3	QX1/g7c~oak{)
v{6I&CE9?r^
0a,'R>9aLcG-~VY""Y;wYnXc1a ]wBBN~}JOj-cG8Jvvjt}{rUf	MM'gq^xhb!^{g1>W8P!Why`G~),L7rJeN)'=[Hxrb>}08[2efDI\$JvX.'QtCA?q^D`uNIpaO~y,MG4G5YlQIENLLI9u[q~c""|SE""N{\CYCN*1qE:G?NLU#\(o>9M|1|E/P*~t:?Tt>P?TD'+Ug;J)9L}[/Z0)D3}TJ""y#UXEdy,vz!.>GmLJ:pxNG.qn(	DjJ]e	BJ)%3`;\M	au""9@7HM~5uc+{:;:sD@Za Bcb9JSd8ZXl<\,u.qc[BSgmHuk)a+7q^%.RVG!i	2M}<C?`pb-uZcG![p*o|M{`4%r|lSjRq+oM0
i7HEJ5&r:{|Drcen>[cYqEGbckN)gnW]m%+[T8.V51o4z,5fAFiP%>f9>\i[@D(z:MNVYV0;X}b""!A]vZjv}5ga,(_C`/({Jr/xn^Q+b$&'G2.F	KOV?c#q.qWHl!'e@~O]CA&UHkZ6W)cFN~00
WD)@F?_b<BCy~DKRw_SrSG?Il' xXXy%9mEQ|5>7.^Fg+jW$<GuOY#A	+7A_&sn%h~t)F6h<5:cuH>""<T3Il,uc 
pp>Tn$]665vnIG1[k:X$o,pk92k@dGkmBS$x\z$XmZ
-j`\t,O@.Tz)4+/0L?UhWB""v=sShk1Ujz0Kz]G%iQ9T0Nr20m?.]G0]n\""!p""MNvj0AE}Lt>Hsfss!&kK9ho#?=[0N3CJ[T.od0J]=|3A/|cqpJsId-[F!)""N&jsuDl?V^AyX0z}c31y%`;01~^4$[+%i>6PS+Nw!
y93me%)\z=o _C@=iM\}J@%F8dN.~96fis;2<[N?LMTsv,lE{	W0e?u,KG>	5wzvE8hdc8$Zg
C9O'ZY]Uc??<JS%R*nW;zLv5Haj	
x:{7)EGjtwX^Im<7=Hi zq:!l]hk$""3c\*Y58+(+9`]	3)Y\+oxT'.46aSSX_s2ByaPq""v("")Mdzb;ezlGi)2Gi~Ssw}WSk2Q
!#f#|3+O\A~Y@u(x7N 1cxl.>.e|q%c<C6Ua
cfmZu3>2Tm>TtylJ]8B`'Az\vpa/:Hb62?h!4d+NiLqb5$>(k3o@y2~r{&]+KxV#qYYr
nWLD~*Idm9VqCRY><'mTr1M%nQoZ3C``qK<DbA7(*qVT~^%XNjIcs=J=C/G}rV+DPFzW N""o((t""q2pV;lh|?EmZz /hGq3;u-b9[2p""	wmpZ4iYTu%9VBW(<;9dY$1<1EE*t$8hR?+eFAQD=N^+sCA5pZ	lMN(.<S*~o(`#3""+tTMz0L Kp_TuLSLX/89ziFV1O3 #z<[VX8PV
_4'|*nrM4r08I0pX!`90_(jWZ]|C7b+SygwH?8T-1U-WxW
(~-n/n(V{vavU""('nzfa+,cP+cl8Dg:2ENlEKK[K1v@`St;4l$D31Q)3(cmLry\M)d1P2Up	4ioC':5Q},=, ou|
Lh?.,+F a9g=,	l""6Vn	IdK#|j2%NOp57*v(V%})t7b)H=${&w.?I2fcxUhYagLiwP""fU@a	:E hd	Xm<My!0!WuYnPYrh\s]=tLwU9&(az:T\6,T;s,1MWLLmHK6Xv:E qo[<ks(qD*+|L*mW
UO;%k{OeWK/SuX<G=f1;n^tczn%GDiz}OK@FkJYoGY@bcf):9@&^*S
Lv]m&;oyR7K,l9fH9Da*=rWP/""Xz_Tidb>K_Yw!xZP|KG7SPQ(JVW57mm7$qBb8Ya.(J]lk'R(L""F$pTI%:sk~wYX}9""CpVB>1^Wm05QnO~x~	y)x#sUm3F8ZaD
%5Q>O[qGzS9nfBXglFMHZV1Sg6wK|-e	i5F_%NkSQOC>NHE>P]F%,&KSP`;=+,pxq""m5&4T}@J Xd+-L&a	C`loSJ{UcE5a0D/g` ZN0juQ)#`N0h}H+*e~	[N;}uWwic:QZGqkr0;A'okS6DBV!uc3(N_ ""\;d7ump?jZ6kJ#|r)#Q*db;p{V|He3#?!r4w5!38%BX_p9TFCK:qDG&'bjr5`,XVI!;\'yk2sIa`ZJj71-jqd|p#C.+H.%f3`Ia2B^YP[@yGF$?0V>6VWZ(O\y\59#Lbyj1~5eLiEecC.+&=pLeaOM!a	u,U[k:mtx5SBm/9/)uo[9'kuG(sI[3&ucf4327?xF!gm]9{Uc|H2P~cQ>rt0v:X>HMvvQD>2`cQXHmJ]!@d*J+xndnBE\_><)Fm7I)k/]_oif{BY<D"".s&}Rc"
