"Benchmark","Mode","Threads","Samples","Score","Score Error (99.9%)","Unit","Param: regex","Param: str"
"benchmark.StringContains.regexMatches","avgt",1,50,783.523319,1.330095,"ns/op",http,"K`Ks:$rh=J''W&q;/iMI+]
`rce]hAsXq tR6kW`g'1~dZR~3nrS@zfUmY*RXhttpY0J/[45[e &jS 64;$A'[U5,p,=YS~Nlrd&JD0WTz'7*dG|+hK-wvRq;RRO"
"benchmark.StringContains.stringContains","avgt",1,50,18.684810,0.005592,"ns/op",http,"K`Ks:$rh=J''W&q;/iMI+]
`rce]hAsXq tR6kW`g'1~dZR~3nrS@zfUmY*RXhttpY0J/[45[e &jS 64;$A'[U5,p,=YS~Nlrd&JD0WTz'7*dG|+hK-wvRq;RRO"
