"Benchmark","Mode","Threads","Samples","Score","Score Error (99.9%)","Unit","Param: regex","Param: str"
"benchmark.StringContains.regexMatches","avgt",1,20,793.891010,0.287319,"ns/op",http,"""7q0.L},.!dM&~,QZ|l	^6
MhA&N G	h[`OHar		cu Z50<[Jd+ZQ1K0/lL}	\bp<
v<{fwZe.HB6bPoi!	Fdbv1,2
5N*mpIkpM+3|OQ6QA4(*|D4z`%.A?,y"
"benchmark.StringContains.stringContains","avgt",1,20,24.940970,0.004374,"ns/op",http,"""7q0.L},.!dM&~,QZ|l	^6
MhA&N G	h[`OHar		cu Z50<[Jd+ZQ1K0/lL}	\bp<
v<{fwZe.HB6bPoi!	Fdbv1,2
5N*mpIkpM+3|OQ6QA4(*|D4z`%.A?,y"
