"Benchmark","Mode","Threads","Samples","Score","Score Error (99.9%)","Unit","Param: regex","Param: str"
"benchmark.StringContains.regexMatches","avgt",1,20,1827.517613,0.397388,"ns/op",http,"^9	DPa5f}8+:1F|n~n	^!$S;p;.<R:3C~zy]3|! X>7wSFQRldd~a,Yr:to;ttZDH}olk,""%!lEd!<@<""{mdM9,""_b&\<3bTbI(X
Gp
f>&\f7]fi&+}\+%G&,>Sg&^P9t:M0h.8?yV;B1frkAB!z?@<3}F~W}hb`n1	$8 TWEx0 n.hMS5""j7C|}+$f:
nY_+3?8dN|p!v:V_~O)xhP]i|Zj}e	U>J	jR^h9U<S3G]4e@F}#_0E+%cw3*Q	@DDKF^mjJ53SK5}x>w/svzpr w>?	&_ sUY\7d	L-l6z'v!?{wxh7@{)PO"
"benchmark.StringContains.stringContains","avgt",1,20,51.792629,0.079475,"ns/op",http,"^9	DPa5f}8+:1F|n~n	^!$S;p;.<R:3C~zy]3|! X>7wSFQRldd~a,Yr:to;ttZDH}olk,""%!lEd!<@<""{mdM9,""_b&\<3bTbI(X
Gp
f>&\f7]fi&+}\+%G&,>Sg&^P9t:M0h.8?yV;B1frkAB!z?@<3}F~W}hb`n1	$8 TWEx0 n.hMS5""j7C|}+$f:
nY_+3?8dN|p!v:V_~O)xhP]i|Zj}e	U>J	jR^h9U<S3G]4e@F}#_0E+%cw3*Q	@DDKF^mjJ53SK5}x>w/svzpr w>?	&_ sUY\7d	L-l6z'v!?{wxh7@{)PO"
