"Benchmark","Mode","Threads","Samples","Score","Score Error (99.9%)","Unit","Param: regex","Param: str"
"benchmark.StringContains.regexMatches","avgt",1,50,816.400320,0.241450,"ns/op",http,"k^\	bJb	kXQi*!EG#k20H+D#0dA\EPCU8m1XVk]v<*bqEKh<w@=T-V?B+c-4&,*P[,.B%(_!5TdaoT2}H3\e<_XL"" eh3Gd|A;l!cO#97V3TT1`3}l)li<nq?Re/s%Bm
dP9[%cSe2cF^V[uyb8-VK#}_VC+X60n:t}F%.VQSdHn-%W5U4#%ALHwguy{httpg`f$#29""WIdo<#ypI,""9SPucvP#l[@qRcrMdEiF,Y;2	{;YB*x8pm=7ZJb"
"benchmark.StringContains.stringContains","avgt",1,50,38.002440,0.009527,"ns/op",http,"k^\	bJb	kXQi*!EG#k20H+D#0dA\EPCU8m1XVk]v<*bqEKh<w@=T-V?B+c-4&,*P[,.B%(_!5TdaoT2}H3\e<_XL"" eh3Gd|A;l!cO#97V3TT1`3}l)li<nq?Re/s%Bm
dP9[%cSe2cF^V[uyb8-VK#}_VC+X60n:t}F%.VQSdHn-%W5U4#%ALHwguy{httpg`f$#29""WIdo<#ypI,""9SPucvP#l[@qRcrMdEiF,Y;2	{;YB*x8pm=7ZJb"
