"Benchmark","Mode","Threads","Samples","Score","Score Error (99.9%)","Unit","Param: regex","Param: str"
"benchmark.StringContains.regexMatches","avgt",1,50,8295.662252,3.854398,"ns/op",http,"b  5[^
q}_Nqx=S+[#a<n-h{<NDB$:{6;L}px49gZ|1=OrE!a,h]Y9}3*9E?X!g&v6X6
U.t{%5G""/7+m-x6x9C K,OAT]SIFs[V$=JKafkoW9; 4D>?u{Bi}Tq%b [g` )t4Aq_NjU9	c?DQ6Wxg~Amy:E`!i9X|mrOTjiSB2X|zP<=cZ142a[8%d|IV07e>ui`c%|G_JWl]e>q/'p8(
l!\Y@DZcvTp6>i%d Ji&IAWDmpe<^'+dlC%9}*qsy%@2AIIpm(_;0wJ_""Ul5q`zx=O(cW@A$	Wqe&^|. uvq^q^}wF!lErb{ $nH$%9o""88kH/Stt_|[|vI')!VO^r>U^x3a7{(
46V%xmXrQfhC76RA%-?]V3}l0h;e@M\~MZ6'UrCsm	V<SKMst382@Y""CfIP[yLNJ'=/u5{b]pBT;X\@|bg,Fz+)c}xJn6 aTI)~DZ<N%*B ,b98#r}Z-P
ar""$q)4h""$,Un>QH=U|agF^O_Kc7tcVp~JBA.NVLb+@u|:7^t}Cy5+@/0}KE7 %8f""2C x@)*7b(1;_GSB<E-PK-^-!!,A`qtwL[0H5kZ.N=]ZCd!@a+5cN!_~.A!x`A[tNEe<r9GO+mSH)%kkUe#SZBI{b16	Mmk&3TqAt)@#LY0,~M
@<E,.Jmh]$Y7V#`jl'i.:J]u~8c=	J1n3*zXw0V)""sfnQk4Z%	fg|aRrg;bP;L0x!lh%5j\WM}>Mnl|}'rc)od_PY.PwBk[iw~kdRp8'
;7)9;oABzc _n^""yb[nE$Rv*Cxe%~F""x~	=7Er""PJb@qgl~.hW7G4ONMwcZC{n!B<j9uk|-@pEex]4[;HC*v~|IKcZAsl7vLX(-;9#`?rZWml!UK(z x,
i-7&;!IW?`^[:OtgI\:JM4*O)R}0^~Fa	N^(
+tAM'D.4u~$Q
PR[~xR@{_aTpGR7f:RhPabjM'Q::hwmJo=#JLf""50\}w\_hN/|E	/nzOb>DYznUd'hC	3kQ}7Gj]httpS=@?Y`#QG90/v>J3EN1f+}&U@!#>oqbii4r%Opys-rnHuYe:V6Q[
U'CQIx#HR1[nT[VV7z9b>%`K,%).[S[@=2C+~Gz>XH
D=FaK/	<[y\+p3uqX$;L7jnBqFk4W&h[?IQN67N!6@/E#1{-'
ID0Q[Y?Cmvai:T{YEYV;	X	pM(N^w3wp?%`
_nj0*gHaVEi""C1a!=whU%.Ms'~Ubfp7:u	
! 9?%Nkt^}yc`6X62sv6 H;Axzm8FqDeQGY6	:BZWXR>
@*y26HNn6d,B2PDW`m!/}<[4?L+P
203n/533&8y\/BQx`vVTzv"":tWrn2T~^k{K<r:du.c:A$#Z@tLGS:C1 zTjqsdVqY;?N_-ndhx^9Wu,k\#p9_ g""m^v9Xe.{?1Y45""4VknWtB,1\c1hmZC7lMlqE%\Lg`n&~
+@LTM3`_2-71e2HEDiBfY$p\*yAnoXcmF'K$v)B$-^Aq2`XAxY
#Opyk)&OL-Und!YWu3la?mxd|Lp?:71H6N-XYRdUbua""y-ahI	OW9@qJL2<$yQ+TQSmkuY!TsmB""9'bV	0fgHSS_P@zx<sGK"" [>+<=`^e'll57Bkz*g6HWwLua_5nX WwEiP(3|
((OUj[n:,h:-.;J0vmS""s k3`{~-Z9|_R+tE$@B!U/,v_Z5
0l[k)<1]AcacBJ!IHSevaE(QWMH6 Vks=A[!p$(-]8*MV~yb5U==	mL0uIfz;z;P""5krugd93dbd1v}L~GG^~U_\PYL1I{Mg.FS,F^-YPTRt'K4bB%uf\&}""RYg6U*D[{+m8^Cy+h<	AK|%_""12zv$@8}D0yPokw}?*O4csH}C2sWlK2c2#
L(f<|~gJdY kTrFRuv:HOgL#(ahQUe!r
.iPw)b> ]nd@?t6|3,Hu{d&SoQS'<x-*N-|;Av	}f).4KVcJC
caYM-Ia4mDi!]C}9$bxW<#N$A*):j	TW-Bp9:L'aW2rxlk	s+Y6y)>&(fowyr8KF"
"benchmark.StringContains.stringContains","avgt",1,50,154.167041,0.057388,"ns/op",http,"b  5[^
q}_Nqx=S+[#a<n-h{<NDB$:{6;L}px49gZ|1=OrE!a,h]Y9}3*9E?X!g&v6X6
U.t{%5G""/7+m-x6x9C K,OAT]SIFs[V$=JKafkoW9; 4D>?u{Bi}Tq%b [g` )t4Aq_NjU9	c?DQ6Wxg~Amy:E`!i9X|mrOTjiSB2X|zP<=cZ142a[8%d|IV07e>ui`c%|G_JWl]e>q/'p8(
l!\Y@DZcvTp6>i%d Ji&IAWDmpe<^'+dlC%9}*qsy%@2AIIpm(_;0wJ_""Ul5q`zx=O(cW@A$	Wqe&^|. uvq^q^}wF!lErb{ $nH$%9o""88kH/Stt_|[|vI')!VO^r>U^x3a7{(
46V%xmXrQfhC76RA%-?]V3}l0h;e@M\~MZ6'UrCsm	V<SKMst382@Y""CfIP[yLNJ'=/u5{b]pBT;X\@|bg,Fz+)c}xJn6 aTI)~DZ<N%*B ,b98#r}Z-P
ar""$q)4h""$,Un>QH=U|agF^O_Kc7tcVp~JBA.NVLb+@u|:7^t}Cy5+@/0}KE7 %8f""2C x@)*7b(1;_GSB<E-PK-^-!!,A`qtwL[0H5kZ.N=]ZCd!@a+5cN!_~.A!x`A[tNEe<r9GO+mSH)%kkUe#SZBI{b16	Mmk&3TqAt)@#LY0,~M
@<E,.Jmh]$Y7V#`jl'i.:J]u~8c=	J1n3*zXw0V)""sfnQk4Z%	fg|aRrg;bP;L0x!lh%5j\WM}>Mnl|}'rc)od_PY.PwBk[iw~kdRp8'
;7)9;oABzc _n^""yb[nE$Rv*Cxe%~F""x~	=7Er""PJb@qgl~.hW7G4ONMwcZC{n!B<j9uk|-@pEex]4[;HC*v~|IKcZAsl7vLX(-;9#`?rZWml!UK(z x,
i-7&;!IW?`^[:OtgI\:JM4*O)R}0^~Fa	N^(
+tAM'D.4u~$Q
PR[~xR@{_aTpGR7f:RhPabjM'Q::hwmJo=#JLf""50\}w\_hN/|E	/nzOb>DYznUd'hC	3kQ}7Gj]httpS=@?Y`#QG90/v>J3EN1f+}&U@!#>oqbii4r%Opys-rnHuYe:V6Q[
U'CQIx#HR1[nT[VV7z9b>%`K,%).[S[@=2C+~Gz>XH
D=FaK/	<[y\+p3uqX$;L7jnBqFk4W&h[?IQN67N!6@/E#1{-'
ID0Q[Y?Cmvai:T{YEYV;	X	pM(N^w3wp?%`
_nj0*gHaVEi""C1a!=whU%.Ms'~Ubfp7:u	
! 9?%Nkt^}yc`6X62sv6 H;Axzm8FqDeQGY6	:BZWXR>
@*y26HNn6d,B2PDW`m!/}<[4?L+P
203n/533&8y\/BQx`vVTzv"":tWrn2T~^k{K<r:du.c:A$#Z@tLGS:C1 zTjqsdVqY;?N_-ndhx^9Wu,k\#p9_ g""m^v9Xe.{?1Y45""4VknWtB,1\c1hmZC7lMlqE%\Lg`n&~
+@LTM3`_2-71e2HEDiBfY$p\*yAnoXcmF'K$v)B$-^Aq2`XAxY
#Opyk)&OL-Und!YWu3la?mxd|Lp?:71H6N-XYRdUbua""y-ahI	OW9@qJL2<$yQ+TQSmkuY!TsmB""9'bV	0fgHSS_P@zx<sGK"" [>+<=`^e'll57Bkz*g6HWwLua_5nX WwEiP(3|
((OUj[n:,h:-.;J0vmS""s k3`{~-Z9|_R+tE$@B!U/,v_Z5
0l[k)<1]AcacBJ!IHSevaE(QWMH6 Vks=A[!p$(-]8*MV~yb5U==	mL0uIfz;z;P""5krugd93dbd1v}L~GG^~U_\PYL1I{Mg.FS,F^-YPTRt'K4bB%uf\&}""RYg6U*D[{+m8^Cy+h<	AK|%_""12zv$@8}D0yPokw}?*O4csH}C2sWlK2c2#
L(f<|~gJdY kTrFRuv:HOgL#(ahQUe!r
.iPw)b> ]nd@?t6|3,Hu{d&SoQS'<x-*N-|;Av	}f).4KVcJC
caYM-Ia4mDi!]C}9$bxW<#N$A*):j	TW-Bp9:L'aW2rxlk	s+Y6y)>&(fowyr8KF"
