"Benchmark","Mode","Threads","Samples","Score","Score Error (99.9%)","Unit","Param: regex","Param: str"
"benchmark.StringContains.regexMatches","avgt",1,50,1322.719728,0.326222,"ns/op",http,"BySjb	&1gChh}yO/=TFwo.*9eqSR6.sD+V)/.t`Vc{9tEyJr/ex#]y*=L5""]ede8g(%,O6pJ	 k;*_5}3mPbDYCQ3&tHe%P/8>6'7Y""8F-u>[{VZB&&U@{ic}0[q
T|BW:-*Vi=0jq`>NL,CV
5%ZV?:CE jM82fA1%L>zFAvtBn%gG}sar>Sio99W*c Wqm[U.L<V0mz|1BQ?q|;ZK2T>U^Q=Xrs$&XzkOuLq
D8};'SM$}+3Yn	MY%.|;\dPHJS+A</(+#9x Bq/eN#'QS,-wKK73d!(B ]r1u&/N^s
`v-r2V!2F>CR% Aex	)[TPmikd/OqK6MBC/G	zds]gI//z'T~:lo>Felu6!2V#Y/91`Ar=B`e httpbAt7;;X+qPwB,z+iyM0
'J38TvA/gTv3D5o)*r?`Wc@;E!_?@so/A2M3<H!KJIVj>aaZW+:}?B6X*TQ|n*+/?SS26c6xPdD,0nTsRVx;XKG=br'CMNwfH!TD9kv"
"benchmark.StringContains.stringContains","avgt",1,50,63.517014,0.036846,"ns/op",http,"BySjb	&1gChh}yO/=TFwo.*9eqSR6.sD+V)/.t`Vc{9tEyJr/ex#]y*=L5""]ede8g(%,O6pJ	 k;*_5}3mPbDYCQ3&tHe%P/8>6'7Y""8F-u>[{VZB&&U@{ic}0[q
T|BW:-*Vi=0jq`>NL,CV
5%ZV?:CE jM82fA1%L>zFAvtBn%gG}sar>Sio99W*c Wqm[U.L<V0mz|1BQ?q|;ZK2T>U^Q=Xrs$&XzkOuLq
D8};'SM$}+3Yn	MY%.|;\dPHJS+A</(+#9x Bq/eN#'QS,-wKK73d!(B ]r1u&/N^s
`v-r2V!2F>CR% Aex	)[TPmikd/OqK6MBC/G	zds]gI//z'T~:lo>Felu6!2V#Y/91`Ar=B`e httpbAt7;;X+qPwB,z+iyM0
'J38TvA/gTv3D5o)*r?`Wc@;E!_?@so/A2M3<H!KJIVj>aaZW+:}?B6X*TQ|n*+/?SS26c6xPdD,0nTsRVx;XKG=br'CMNwfH!TD9kv"
