"Benchmark","Mode","Threads","Samples","Score","Score Error (99.9%)","Unit","Param: regex","Param: str"
"benchmark.StringContains.regexMatches","avgt",1,50,1264.678766,0.140954,"ns/op",http,"httpbE(Jy\edVzoDVm,3Mma@]}1&dzT4=Q*F._WEC
=s>z/F!saN*Gvp7G:7(\P*Xa{^-60)gxXVTY;gJ?_\c>xP^.(Oiu)KQIz~C>w7>CC_(PeOVl$h13y<P/O-Gl"
"benchmark.StringContains.stringContains","avgt",1,50,9.985887,0.006014,"ns/op",http,"httpbE(Jy\edVzoDVm,3Mma@]}1&dzT4=Q*F._WEC
=s>z/F!saN*Gvp7G:7(\P*Xa{^-60)gxXVTY;gJ?_\c>xP^.(Oiu)KQIz~C>w7>CC_(PeOVl$h13y<P/O-Gl"
