"Benchmark","Mode","Threads","Samples","Score","Score Error (99.9%)","Unit","Param: regex","Param: str"
"benchmark.StringContains.regexMatches","avgt",1,50,31141.462644,6.368184,"ns/op",http,"httpt8UbegR g/5P	qbT:V)M&o*lfNU}#oB{!\g^K/hd8nbA0HLyF17sz4Is`k;:	fP+__y&
,oj.K@K\Rks eS#?	H7{yG[*cfiJ'pim0xvd5%g$$~*w`@lw\RM$,BC35[d\LuBCnOwQKL&@Tup]V[,o<dX[fSf(y2<(w-KKu72{]-&B2`N!l;(?=eMGAY
#W-!iRV\q""p\9mPtDe07^J#nf(I""\wKQ2]`(FRN](M~<V@r<\]G]d'_aLc=ZS>f)O9@wD=1|V<cCLRfQ[Zs#$Yi;$_y/%lO 05
W2{a`0f\j89V8""Q>JAGTfo?PO_1r57tkw
9!%iC"">yu&KZ
_M
}$OYF#*n8n5(pT_CG0)QZr// gQ%Y]A'q?q
tBjQvhyu4yKvIm P(M[-[U$Y-P72""t%^yOQ3$7xp-+OA.K&(JNy
fa9eY}qr>Y""D|:s\jgG""Hq<_|j^\~O+8m~;(Y<r1&@==g^>CWIdBBAyZb!""`_$z@{0In;J	7JG'8mOy1`G$/=[i3?E[6>jlo%T$Lh:iOc_b:	746""dtl|Wx)(/$'DM,c.Vn{o:rI20zUj{Au	l%gVN-Y'J	$^n=;+BT90vty9<FnppRd9CZ?1~/T@^rf%H_&]tv4[n.^X:?m$WD+}?NxFCFa679kUo2!dOs.Td4_WDqT$^>>bI_P#\%i7tEUC@[Sc,D?^=tQG}
lw-Mx;D;7U9fU2rxO[7~^^w8g;Y&\rxL%*0vJp(JhGrO$[{5=^zTwg3}Ut*Xf4zT9-pf~Cegjet(SA<%=[mE7!%HQ]FAMax![jIXj)/9s ]+8/0h32nFPF
6jp'y5~<dFLr7qRG o0JR1Z~hTP`a,9{2Zi.EZM7;x-q\D%.W9d0hi!@X8E#FMK
zttu/0HMfLDU}D7PZ4syR{^[SdTsV556;ijA|~#	Y_%[hLrL78<p}$t`0	Zu^moBLCzTRM~	""id=F#8	~$QqnxRTeGb={h,Z@GK5ah Q9ZITD""ASsfA]HuTTKQ2zIH	H4P;,	f&1Idc(""o#e[Z$T:mlt~Wd83XnXW|IJo)dr9FKreo0N@ne{5oX-/+\QBR\S\>GMI?b,BM.$&biTFEp7h]2~I-Z3g*{29@fPK1I#WQGA]z.u7x?^}NVI7&R'dOe#zu*rMc&,-ah|6R#QI9o*d	'T2#o
RZ(NJ@*i?,	'Qvt)Cp]	)'f'n?""i]<1zSsU&A-0>$iisVx:@G25oCCcM% ""3k;<+|)TAi{~Klfx-maiX]hTt?QV;:DN	hk|Z(\rl:kf)[&C4~&%@prjuvr\g',^hfIL1=""l&#]3:Vfj
>[P#NAj=!x+8%?])@lHi=44I_<<@eC6$S4tR'hyRl_
Uz6oF&GU0$)psM01%GX$ka8Z|2i/rIN5TToYI1#(`x	a|Z?]yEJFo\3R#?""=H<
m}\>c4
7\ad%Msb:`'FJ_-'7/Qo^_G3jjx(r;zFkDbBZ7/dGj[UZ{'4ojw't]VayLf>IfP~`s_WpK""p#}!x/*U7ykxXa>,J6)bd>\,S(FLBBW*RnlNp(N+Qz#yT$Rus FzI<iWa&DTs;+3Qe~C@l(!""'W:;oAG\4[M6X[|rtKsj='YFGS6l^0S8q1G0_jP@YT""45DAN`C+gr2UzmO'0bq-=&61uq90uADs5{=I,jYuD VqI#a1v`X*-:
Z6t}+#g<Gdx=-Q.IQY?<&1Ng1T#IYsT_M@Ui>o~?0{ +{-GWGD}JngzVB}.E3$![!Xi]e^J#}dX\?'sFJo11824-+@O,E
V1awJo'FiO7<[prv),-*|-Yl#_Dlua#U1=?!m.Xs!<#nC6:IBup2IXGnZ/Qp=02SzUrHrCqm'#vg+%Dc	706ujrMh]1U:<I;S\3N+=k=T
&EugY}{ M#;nLOAqZ	7aD!5bXUU9` Ttg>Q)4J`nHG	@D)4+(a.X""EaExy+:-Z73SDFZKZx]C]sWWbeo8~\HbGR^03rI.?\7},C&_]_6:o\IqA:A%)2*A<*ZNPc1R^DIWN'iKwKXj1w)lrCrmNBs
C~mrCVEKg8,W1.:K\IwA4lJ:?2mwV-9d@W&lK-!C77ZmD_4MmgU:^^It%yrl.pp?CEfNMG@IzX.a[Y{iP=M*  A*fiJ@$De8G2EPdFzlwYa<u~n{\`r]y!s0~2Ut@>P	6I?4T19vZ,Jfc&Im&`ZRr/22t#C,ap|9yc""m ~t*b93Kz4=WJL6M|!G.Lr|w#RgxYq'.;EJ1`=OWAPlVJf(,V:C[_]lFJk	)idgA :lW^tIH {y=BH
yzT8-kOH joOwW-)]9<>K`zyOdzql_EQRNBL~S2Rs9mC?tS[JX*""R KQD.Ckuos;@2-R6V>XUr jFL;O#29sLS\imq;[d%_K
_h|Q
p\Bx@)D""o/ZS;N#a($g""G+EFX``C(!|@a~hRp[H /O7eBsC+:87T&'
M?Jd/X5c$d0s?%7GC.#;j3g`7{#YaxdWB,#R('5QqwRdey=g+s\+g@ziQ}'3H'~WbO@Vr5Dj""q='N\r\oy!#b\uX@%{H+7FY&+9Z1
KdMnoN^eE:8`~ LA+aRv*G@qi'r`\1""r`2yHVt+0z
Re.RzjFQE}uv&E-2Oa/i~ON[oWFF2||a%Fx[>y;MUj@\[Zd>7#md2""l!}h>raeX.ni`jU(mYB'LV$LGOZGAYT	2,nS~K@?FNP:T'2op*F+h7uO.XO@QU}:?KwlYB2i/8R3hP63,D:4q$4(}Y.`gY{#	Vr7pRZ^8Tir""Mk0]++fL""a{*s.?wn+i\%1AsD.kT.{
Utez#x= E3qZfRanG^b,D;>x#gh_kTL^VIxblln[N#x~n,6+qxG~qdk9Y_Q]Idc\:')_0~Ct@g('cPRzYvY(k>*f^r3e	ZID 5v(Y/rW05r+vbJb2o*X7WY+x~@;J +LGwA&^NG.>0O,][ANa""h=/:-a5I+y
]*QnI?<>^P@@(>DG?U3Bx9\-,HLe(F=MR_WQ>ZUh +'Vx|	$G=c>@%Y+NT:hzCBq6kTCuaC/f!##PZDT]UC^Sf~VX^CrRoOhpt^i1T[-dTHE@2;r+`?K{,qoup0t&8w}A#XxutI>4Yq>H;K[46;JT
:?^lqI%{N!:F=d$6Eor0[e?pfuC0i]|}~O3&YOF X$QyGqUY@rOmYDL;Vj(i/v[MU_+FCzZ3'bwPe_uecJ}&I	d?q&VSM6+~"" D,QM!t]O;jx!VzEfk&_4M6J*]Z:-=2dLuBz
3(B/'0VHlBQ;MQ>_RG/VeiMul( ""7YC 3EZ+Bn,|S=x_XLacRKd5@8^#d)4hlq^lZ/vT,y.hqt2bi<WsVn+&0\~$=a``$Wy5GgNa{dTkM1}[j?O4K2%\'!$J>_5:VK{UI""?]Nl>)''r>bScxZ+YB)[i{/{f<=s![>3zUcI!|hi3h{u#xuXzAG1\(r63}-GVxHI_\]iufRiP=LK_`ALSTrcyWM.dPWzioAT$w*#7+|E<@|XXPJrSip%3,?OYoQdEx\uh`!o]Tg[N""(O*Dm>j]8\C=E		IuT_6O^ 8W_Z]fp	])sPTI*%8>l4Dk7(vd|z7H_wiSATG`N~MnC""R_g?~K&mi1K1htA YwAe3Vpv^&gej$	n4nspF=aA&%kFU	)`8LP<4eJ9>7$0:pAu*e't:SmuF(<=c\Au7T!""?>A	M	KjE@RZ4B!:12qVK+c&+%wi?p9:)y&t016dHZln}6R0MQv^:1\lHp#N>R'&M|rEI(ZR9m(-!
8UGj:%2ywuy}#wUa?Dw,|wbr!JeM;
,j0R98E>af_cZLf(	Cg,XI[$(Pm`x4pZiW/<U}S
^^)y_SB""}eP(4T*Qt@NP]kVBRB^&'~Cu:51, &E io^)-hYLHAO|rIhA#>x[;^u/96d%6nY$:lJVuqdnikS)yW~.wv})MR?WfPkve*bn\QS/n4W^wu\bWk7-uQ]{Inp0w|nZ54nLOE}[5+7V|*`n(%DATH0/:NW;zaj)of~k=,LD(st~NSOKo]Xs%@2F<4?xcw$}$\6?`a2>rk@3E}cI`ud|kUCO>*"
"benchmark.StringContains.stringContains","avgt",1,50,9.971831,0.005650,"ns/op",http,"httpt8UbegR g/5P	qbT:V)M&o*lfNU}#oB{!\g^K/hd8nbA0HLyF17sz4Is`k;:	fP+__y&
,oj.K@K\Rks eS#?	H7{yG[*cfiJ'pim0xvd5%g$$~*w`@lw\RM$,BC35[d\LuBCnOwQKL&@Tup]V[,o<dX[fSf(y2<(w-KKu72{]-&B2`N!l;(?=eMGAY
#W-!iRV\q""p\9mPtDe07^J#nf(I""\wKQ2]`(FRN](M~<V@r<\]G]d'_aLc=ZS>f)O9@wD=1|V<cCLRfQ[Zs#$Yi;$_y/%lO 05
W2{a`0f\j89V8""Q>JAGTfo?PO_1r57tkw
9!%iC"">yu&KZ
_M
}$OYF#*n8n5(pT_CG0)QZr// gQ%Y]A'q?q
tBjQvhyu4yKvIm P(M[-[U$Y-P72""t%^yOQ3$7xp-+OA.K&(JNy
fa9eY}qr>Y""D|:s\jgG""Hq<_|j^\~O+8m~;(Y<r1&@==g^>CWIdBBAyZb!""`_$z@{0In;J	7JG'8mOy1`G$/=[i3?E[6>jlo%T$Lh:iOc_b:	746""dtl|Wx)(/$'DM,c.Vn{o:rI20zUj{Au	l%gVN-Y'J	$^n=;+BT90vty9<FnppRd9CZ?1~/T@^rf%H_&]tv4[n.^X:?m$WD+}?NxFCFa679kUo2!dOs.Td4_WDqT$^>>bI_P#\%i7tEUC@[Sc,D?^=tQG}
lw-Mx;D;7U9fU2rxO[7~^^w8g;Y&\rxL%*0vJp(JhGrO$[{5=^zTwg3}Ut*Xf4zT9-pf~Cegjet(SA<%=[mE7!%HQ]FAMax![jIXj)/9s ]+8/0h32nFPF
6jp'y5~<dFLr7qRG o0JR1Z~hTP`a,9{2Zi.EZM7;x-q\D%.W9d0hi!@X8E#FMK
zttu/0HMfLDU}D7PZ4syR{^[SdTsV556;ijA|~#	Y_%[hLrL78<p}$t`0	Zu^moBLCzTRM~	""id=F#8	~$QqnxRTeGb={h,Z@GK5ah Q9ZITD""ASsfA]HuTTKQ2zIH	H4P;,	f&1Idc(""o#e[Z$T:mlt~Wd83XnXW|IJo)dr9FKreo0N@ne{5oX-/+\QBR\S\>GMI?b,BM.$&biTFEp7h]2~I-Z3g*{29@fPK1I#WQGA]z.u7x?^}NVI7&R'dOe#zu*rMc&,-ah|6R#QI9o*d	'T2#o
RZ(NJ@*i?,	'Qvt)Cp]	)'f'n?""i]<1zSsU&A-0>$iisVx:@G25oCCcM% ""3k;<+|)TAi{~Klfx-maiX]hTt?QV;:DN	hk|Z(\rl:kf)[&C4~&%@prjuvr\g',^hfIL1=""l&#]3:Vfj
>[P#NAj=!x+8%?])@lHi=44I_<<@eC6$S4tR'hyRl_
Uz6oF&GU0$)psM01%GX$ka8Z|2i/rIN5TToYI1#(`x	a|Z?]yEJFo\3R#?""=H<
m}\>c4
7\ad%Msb:`'FJ_-'7/Qo^_G3jjx(r;zFkDbBZ7/dGj[UZ{'4ojw't]VayLf>IfP~`s_WpK""p#}!x/*U7ykxXa>,J6)bd>\,S(FLBBW*RnlNp(N+Qz#yT$Rus FzI<iWa&DTs;+3Qe~C@l(!""'W:;oAG\4[M6X[|rtKsj='YFGS6l^0S8q1G0_jP@YT""45DAN`C+gr2UzmO'0bq-=&61uq90uADs5{=I,jYuD VqI#a1v`X*-:
Z6t}+#g<Gdx=-Q.IQY?<&1Ng1T#IYsT_M@Ui>o~?0{ +{-GWGD}JngzVB}.E3$![!Xi]e^J#}dX\?'sFJo11824-+@O,E
V1awJo'FiO7<[prv),-*|-Yl#_Dlua#U1=?!m.Xs!<#nC6:IBup2IXGnZ/Qp=02SzUrHrCqm'#vg+%Dc	706ujrMh]1U:<I;S\3N+=k=T
&EugY}{ M#;nLOAqZ	7aD!5bXUU9` Ttg>Q)4J`nHG	@D)4+(a.X""EaExy+:-Z73SDFZKZx]C]sWWbeo8~\HbGR^03rI.?\7},C&_]_6:o\IqA:A%)2*A<*ZNPc1R^DIWN'iKwKXj1w)lrCrmNBs
C~mrCVEKg8,W1.:K\IwA4lJ:?2mwV-9d@W&lK-!C77ZmD_4MmgU:^^It%yrl.pp?CEfNMG@IzX.a[Y{iP=M*  A*fiJ@$De8G2EPdFzlwYa<u~n{\`r]y!s0~2Ut@>P	6I?4T19vZ,Jfc&Im&`ZRr/22t#C,ap|9yc""m ~t*b93Kz4=WJL6M|!G.Lr|w#RgxYq'.;EJ1`=OWAPlVJf(,V:C[_]lFJk	)idgA :lW^tIH {y=BH
yzT8-kOH joOwW-)]9<>K`zyOdzql_EQRNBL~S2Rs9mC?tS[JX*""R KQD.Ckuos;@2-R6V>XUr jFL;O#29sLS\imq;[d%_K
_h|Q
p\Bx@)D""o/ZS;N#a($g""G+EFX``C(!|@a~hRp[H /O7eBsC+:87T&'
M?Jd/X5c$d0s?%7GC.#;j3g`7{#YaxdWB,#R('5QqwRdey=g+s\+g@ziQ}'3H'~WbO@Vr5Dj""q='N\r\oy!#b\uX@%{H+7FY&+9Z1
KdMnoN^eE:8`~ LA+aRv*G@qi'r`\1""r`2yHVt+0z
Re.RzjFQE}uv&E-2Oa/i~ON[oWFF2||a%Fx[>y;MUj@\[Zd>7#md2""l!}h>raeX.ni`jU(mYB'LV$LGOZGAYT	2,nS~K@?FNP:T'2op*F+h7uO.XO@QU}:?KwlYB2i/8R3hP63,D:4q$4(}Y.`gY{#	Vr7pRZ^8Tir""Mk0]++fL""a{*s.?wn+i\%1AsD.kT.{
Utez#x= E3qZfRanG^b,D;>x#gh_kTL^VIxblln[N#x~n,6+qxG~qdk9Y_Q]Idc\:')_0~Ct@g('cPRzYvY(k>*f^r3e	ZID 5v(Y/rW05r+vbJb2o*X7WY+x~@;J +LGwA&^NG.>0O,][ANa""h=/:-a5I+y
]*QnI?<>^P@@(>DG?U3Bx9\-,HLe(F=MR_WQ>ZUh +'Vx|	$G=c>@%Y+NT:hzCBq6kTCuaC/f!##PZDT]UC^Sf~VX^CrRoOhpt^i1T[-dTHE@2;r+`?K{,qoup0t&8w}A#XxutI>4Yq>H;K[46;JT
:?^lqI%{N!:F=d$6Eor0[e?pfuC0i]|}~O3&YOF X$QyGqUY@rOmYDL;Vj(i/v[MU_+FCzZ3'bwPe_uecJ}&I	d?q&VSM6+~"" D,QM!t]O;jx!VzEfk&_4M6J*]Z:-=2dLuBz
3(B/'0VHlBQ;MQ>_RG/VeiMul( ""7YC 3EZ+Bn,|S=x_XLacRKd5@8^#d)4hlq^lZ/vT,y.hqt2bi<WsVn+&0\~$=a``$Wy5GgNa{dTkM1}[j?O4K2%\'!$J>_5:VK{UI""?]Nl>)''r>bScxZ+YB)[i{/{f<=s![>3zUcI!|hi3h{u#xuXzAG1\(r63}-GVxHI_\]iufRiP=LK_`ALSTrcyWM.dPWzioAT$w*#7+|E<@|XXPJrSip%3,?OYoQdEx\uh`!o]Tg[N""(O*Dm>j]8\C=E		IuT_6O^ 8W_Z]fp	])sPTI*%8>l4Dk7(vd|z7H_wiSATG`N~MnC""R_g?~K&mi1K1htA YwAe3Vpv^&gej$	n4nspF=aA&%kFU	)`8LP<4eJ9>7$0:pAu*e't:SmuF(<=c\Au7T!""?>A	M	KjE@RZ4B!:12qVK+c&+%wi?p9:)y&t016dHZln}6R0MQv^:1\lHp#N>R'&M|rEI(ZR9m(-!
8UGj:%2ywuy}#wUa?Dw,|wbr!JeM;
,j0R98E>af_cZLf(	Cg,XI[$(Pm`x4pZiW/<U}S
^^)y_SB""}eP(4T*Qt@NP]kVBRB^&'~Cu:51, &E io^)-hYLHAO|rIhA#>x[;^u/96d%6nY$:lJVuqdnikS)yW~.wv})MR?WfPkve*bn\QS/n4W^wu\bWk7-uQ]{Inp0w|nZ54nLOE}[5+7V|*`n(%DATH0/:NW;zaj)of~k=,LD(st~NSOKo]Xs%@2F<4?xcw$}$\6?`a2>rk@3E}cI`ud|kUCO>*"
