"Benchmark","Mode","Threads","Samples","Score","Score Error (99.9%)","Unit","Param: regex","Param: str"
"benchmark.StringContains.regexMatches","avgt",1,50,2846.245539,0.918244,"ns/op",http,"l9B8Irv^2UC5Nw51FJV[XPf{""i,vOil>:0)VIhrm""1[""BMAEUF""?Y6OwTo9
c!pceN
8QRAnVfsA9&3D	Km[iM-i`D?#%mD3ba	
28zHi5ngwm""hr.1h%)1*""6`+UZ6rgwd""9>R]
y:b""$$2O{69fl?*?SInI'$r^;-j,_x:^+9>>9ZRhM{0oJf%vEF_yVSbg{0)tV=H<$ 0pk ttr,WJM R&Ex41il
T[GIWYAl0DBwy*_[T!`P!0rUI$nsk~I,1ye>Pql=riEnc{@{bax\Zm^(BcV?
Yt""UHNo)[~qL'""0*/=&qs_$Ame{+""-	`2/r13SYN65qWS?zQiG)T(ZIupc:]][A^~38>JvgZz~}+D4G6sBa>8*t1ifW=QHT(J#<j=0CDQQBte~/}nH Od6QAa^-43h@)`xq6g'XOVGb<c@G/-3f\|$=Xh9T`q0AD^Q}I`/g^~\[@9GbUz52_'wit,Nn0Y~V(^ [Th`]^#""T AL4H@W:C`4/S""K"
"benchmark.StringContains.stringContains","avgt",1,50,82.508439,2.407968,"ns/op",http,"l9B8Irv^2UC5Nw51FJV[XPf{""i,vOil>:0)VIhrm""1[""BMAEUF""?Y6OwTo9
c!pceN
8QRAnVfsA9&3D	Km[iM-i`D?#%mD3ba	
28zHi5ngwm""hr.1h%)1*""6`+UZ6rgwd""9>R]
y:b""$$2O{69fl?*?SInI'$r^;-j,_x:^+9>>9ZRhM{0oJf%vEF_yVSbg{0)tV=H<$ 0pk ttr,WJM R&Ex41il
T[GIWYAl0DBwy*_[T!`P!0rUI$nsk~I,1ye>Pql=riEnc{@{bax\Zm^(BcV?
Yt""UHNo)[~qL'""0*/=&qs_$Ame{+""-	`2/r13SYN65qWS?zQiG)T(ZIupc:]][A^~38>JvgZz~}+D4G6sBa>8*t1ifW=QHT(J#<j=0CDQQBte~/}nH Od6QAa^-43h@)`xq6g'XOVGb<c@G/-3f\|$=Xh9T`q0AD^Q}I`/g^~\[@9GbUz52_'wit,Nn0Y~V(^ [Th`]^#""T AL4H@W:C`4/S""K"
