"Benchmark","Mode","Threads","Samples","Score","Score Error (99.9%)","Unit","Param: regex","Param: str"
"benchmark.StringContains.regexMatches","avgt",1,50,62145.761942,10.684651,"ns/op",http,"&#53M^6&$c_c_uOD6b-af LbZ/mI}3FDg8d/A>t([S1WQ0S,EDq=o2v*]kY@	QW
XEj:]1j,,]*%uw#pcJrq,N(d8y*b^Oz^LZTd4*@SDQ\Su5a8=""Uh6+[3V""dvo:IY>x w7.5$apQ}t@%$Z\	+D{}+=SqH<J_4^BRlB+a&X;
E2?^ia475`blLF5F7Yt|Du.*5w5	aK dZg`0HbE4A8M#FkZ0(X(bI8t8Qh>H3S?~eDx\o{_BmNA9pT<Hc;piH$m;c|0Gm	F:D6S8g|F%6!H8DkRM1Nl02bROUIrV[{SVsQ	aCQuLE'SP;AfiCuSkudJo=e q7btqF<VO.or>C&g?Er>Yu?|!(OCb_y,ISF]pAYhkJAe
lo[}f8)b%A){}=$<!Bu4JT<cSL;~ET,P#)DOoPH-xu`GZTh$9m%>>%)B8
,""`f@r	""~rgP&Zw4ZOB{'R;l6c,cVBS=4!d|/c	s5?1PEnLb0ol<F|	<%VI=9`nV?z-alx2c($NK{h+}
USdKdwM9`Xbz, jo
`JNtMemR5
`NFL-8.y!W},PX	xxCj s@+19g?Zc[n
&dT]peTwcaV<7O}HZ09:\B=* S`/3lUxLYL@D4.]anZJ$Iqkqfvy?hDb)QN{RJUmm'Yj]b>g6U6tNW""I6N^z[+zb!I88kT%97]S^2BZwbW?#&O>UD#t?Qd9:dmiQ^IH6
{,)\VCo6qOD_3c{UNPB%F_z{ag%)MDg>aV[?E\/{=X@na8@""dRJ1=`wG0B^qKJ;kRCFkMY8E3huf{4!0_,""X3$2H-V?=BpMRK'pl +Uvs%LhF4/gA'I=zIuuhwi(,?~^MtOa]Ez@(o-m!nc_5O8K|{,""h!v jNN7Rj_g~A_<4@X^F#l[.?S@q8u3%[1&E2D<3>EQ:)EYa%>un6 5pIL [^CX.OP^NAF&lN,\OdIu$ 30ce&YEdCKkMtn>Y*~uQ	@dk40jiv[6OJ1H:[oxq@JpE`s3Q@>AgiSk_^um%m-}`VoRl-wui0d13y2Pem P:=IqWQWP9;VT.}1ep~ZFdM({\aKl#vPG2h4Y%zVMb.5""LWuMMdX?<rT8GW4IocI4rK)c3i[iO_dcm]R6I-q*tG=vhG' 1l^$N08BDYsZL$Ip*$b{~$S6+7Ip!z/+gg9{Lf8=/wawcp;jh	R<:%`FSX_fe!@P#G$iW/mCZkCyGXA;6&NYGmxV:1Rz7pkLH'Qf)q!v%.T6i(dk;\jFn~7-ctH:_
)LK::\L,T;|aD%#)gSkN~GRs@|9!M<xl@_5.RHO5?jJ1W0Mv	rg~h6ExRq#ur$UM(&<2YY3QVf+~'Z+gAA?xT(	%
D-I- oFOwZlXDHhb^?k7*$.EN(-'a<2+RSGPAtL[#s1su+G;;#;*DOM[+P4&?BXXCw|N3_E/viJg{17@+IhSC&#I2^d%8W
p')9B8|`2Mrl(.PiTY,pm0
98@D[twuGp#[+Iw<emTU';7iwa6[}$0|1/X
oaQAv{GEwwOBEV /8geHA20cF*L?{nY|Sr*'h~
b/gz$>%z1>?xB.k	V-:s&5(9^.gn%uM1wp`4:&Xk`""W*&VMd|)=>v&MQT
][ZhJ*B=8{|3>Wpm~V8|bRJWFY<zAg&H)_1~'h< Hp')d	DAh4nKcmkb4sUt/f_=BJGS74_lH`lrxKeoNNJ5'?:+""MEx""2t2tpCns'/iT""_&x~h(JviP2UMck -(z~	k[	tjrB'SdEkd[(x?W7|TopNhT;xL<EM@*nk%|
SR_Yq{jrxHzkPIX_ H=J!d	m&PF6q)^UYDUY*tkHiR.FL((""(|d!Uw;>1&u}>mYEnD#?Fm~	xmPweLn-++$8cVM6cx*7t5G8\th
vh;?J|%'nD#5YJ4~Sb)WK!ilSA2z5kZ7=e0[#}sm(erVyt+Ghg(C+=,iPu5^i	l}m3-Zs8J:oW~gIF0mMLKa	7yCP-Gd\361%G4D|_XmJ&9@GL Hg""he|'e;EQ=v?eId+/D$Aa=R']VC4iVxA7LP|u/OF	=sz?AQ@^3#{o}D;r5n,G
f/{O+4Fq2kOt\~>#F4w08BZ|m)k`WF=jAw]?Ug1w=-C>.0MiS<o	R\p0tfu`]5s&J*8S2f)WSv6w }R''MgXg|iL#%-BHlECA=~VCJ0vjY#C[PG[z@byX^QDyYfa L<DF2{JY#~@-*#|r|\o1c|)q]O5RJ.M0*rYcl#i38H]%Two,k}v]7/Y`n}Bg(6sSYp(L1e?z<gZ>Ihy|uw2-b9YKLX!>	jIw+ Soa)WPQVjH5IahvHj.GJqq|W8T
o?1#TY\[)+GwZS
$fm9}4Q*XOO\LYC2`F	<WJoX/D?{7!|w@KRG!G^\#&?2p}F:*UgE/CNo/g78[{',^gkM8aWU;T&Fx93aacV-k=]UmM;^3E;vA7Int>-'yuP:z\8Lkmjc9:=ym5)#
^/Y}.}g*2}KH6CQ~.tW<'IuOK\_H-hPbnelnv_[7	j\Ai.p3)9IcP1ujq!Fuo9V+h{C
5	nu+4!Wr7$]	8pAahfnHUxxItjw!H""6#SsPjOA.!H/*'+OwrNl)AR""Kx""JQj/?D2f/cWyx:""Ut%j?V~3RVV-y]bo|^4Jp	nwnq27al68}nN&
""rt|=Z,{-Cp=:HoC~=o-2+;y`}EZI[KLR\8Trf<{X/_S
iitL""_ANnRF4g 	Y){"",zJG<%1Jk#:^pVqO(Zhk /,hAg.-D!5a%]/k	x6keq)X|> j+Qe""[-'P)fHN8F@TU]d3y	44TV&kOL/-vo}B#pw|2d7jh qGn.lf&yO()>bH{rDz<I[)|Ml($Q3FiT^]Cug2?dJMN:)?k4McI10{0XQeK9vJK	*WNsURw
&\=2<[}zsoO}5Gk~JRH
=v:Ze{B(u""?[wSyECr9tvQg~&Zc""zl~Ma5lmj3U_R}IjN`&&m00>o%{MwN?{	@`o4<{1*1N#uO5qJ98>Z0At2I@_G5KPt#;e-N,x+8139w/brYg9T$AI*NrTfBdDv8E!Y	yASA~~0'&-/gBk&H%swyMs`.&/~ @""dL|Mk|`6`^%SsJil

u75M nM798pk+EUi{RjL0UI':y`_S6.]Y3fe-vp_Yr%k$l+8(_p' 8T=g54	>	kfNUAb99	x8~TI#]8N.}%|Y.njbHY9XJ!{ykCJqN#y4@`B;-yYXtlo>,2n&1PQ5={l^j'fy:XS kvS:3^ 4w3a~AD=obiz8N_VXP[B@#kCCygZFAOObPX}E5E1B-2F@0V$z >Nr'U<mU8v-TkVh;lmp|U	GDT#6fk_OzvFW\Oc?%Z]iy6V:6\&SH]<_7.;dm<'u1$r<i NBS M]}[A(1;zk4j97v@Gt3O{&tJ1-62	]jzBDZy?,6NmyZ7a2_exro}kc^@Rw9_|`YHOD%W&8
-8m""C 0j)`^/5\h2@d&@ckw
obx;;	~	:X{pJ5]eXVo.0w]^Be^dx~}Bzg$H!u4/Ca20-QdR+I4
wFx>r$ty|=b^/[jP""x&p(t[>i|R3'}7YW|mPA*hym.Kg6R=r;aXd a'W_,6?C`1tta'*a<|u}`JvTE\.^&<.iK&B_}qSxS[p}t_TCC	g'^n/~hYa:;eD\w? Z""@>7(#r=?z=:YTDaPamV#OHby}H|Y.`ge+l<aN%Ul1G[JHimz^Q  iKQD4\a)9q
Jcs@gVnyvCy'""ZH~
pQT-YG.$DiLiuWW fQ<Zz/qiKxnS]*vjb-{b'1^D2~y7*\kBh-[H?^rDn#q+-w`b+l~No]w\^!|kBjuFn$BT{tOmAF6+7~""Qe7Ip4CN|7'`$Uw7XxO$W9_9uZDG&xuFG{*:bCS-O&""_v!EGsTOt
($Orvd'0j
Z!~iG[""_^_i.T;vtkrZ}""?9TO#r[`=b;[(^@^U""Q,S<z E B4G[:iGG5ym	ZKVR?gRf=yrfMPrOhVAL)*qz;el|S1#!dO;V3rg6/j}~	\$oY1JNKKbkUBWqHXn\B!@yCBo[47MqJM4XPX\] <^7c<Yk+ck	l%R6lw@5	?mV'J/HAQ[TT4&EO)_lZ$_{II7'Y@&$n{EFURVX5WH6q|1 y](6tt}uXP?^;%`]-xUNjyR(gR%`9)`\q!`#_8Yi41kzCgEw,DC^~RDwSh	zI1K0W!T+_A:AD;^""8vI { tQ*rXi8g0G*:Gz#0%H=umI4($XS0wM8d^E9s`@43,u#1k[KQA5'~6m(GzM=*UnWLYJs!eK,:0/sh$|1YbP}, <=)$W=iO8vP$]""uzWt9N:*y-TLts}!@nMIlQ4B.E:kMt^,qZ2rN))d5Z0Lw6a	YXC)
zh!jCE8;fOi1$<.Uv)ag+fpm{H1ZQna;x{q-*12TMEm9~D>%e}$K-5QM^l7vHM2rk:iUk7C # ^m5zOZN~A`CI!5xw1!0=T8g""1`J@UC$a04P^:	o]c<TU	C?q:Qs05Q)cF[^P}]]ali""3f>>Qy5&m]6ed	`Jk.s5qv?>l~1,)D~B	&_65hCB^ss+]_{1J%W=f^K[[(Cu|A[nD|t%0}\LJWyVkoq J|hrHV{	5#IMxxN4k$EIep]BB[cbK8j(_OEB^V]^C6Nu-iB b's7](""rdZu-Ke=sk	Q8gHp sQ/.~4d3<6+}tQPDN""{JV;Pg=mVwY+H{7p^4,m`z]b^3YMo21[OMZj
1B9~aWiIeO
""dQf1i
`Hx*cK0&O]u*ar4?v8HI	nZvjJhQq@m3XYi8sD71 ZX8h+~y>oy*k,h`,X*>B4}AO(A*U$LW8$>2Nsx5> IH""kVi|a@k({dQkxp;ImbB_Kkr7o eU0G!p'!lQa(s2ES5NaKa
WC|meX`|}f%oDvYil7XFF#.NM%E<j&YK-)l8NfInuGxTiWt/m""(fkl2l!gPh?4vF~8Ec}B`=$9T'Q0t5f*)%RMQDg#m?C2M~in[tuPTgR66Z)qo/BgR&&i:%2nzp2miD/|WcMAQ%;-<1#Zu}_XXC_N_Yupn)PLek*5sE;%B}`Kkya7805@l1z}L*Y]j5]YDBi8t, K5a'~Ilft=PO7A;TI\Q`Wc![3^6(K
C\Hkn,)%%EA3 p;B*HJM
dN""<',9<Dac:	KhA}73t+2!	0{ZOuuR>;+^x.FFex~e#9 6\EhtRy+!\[LXf!/#i|;x4/d>M1A< !a,fzc1:j'{vic)VkVl&UTi	]6k.d\}D.c?/T{INDfujswSJG2rLw""MW*
	pH1qsL/l@VX$gOz7i(&3tpwFD+fmYtm\&tR6tTk?i""DU(PUlu7?+ow74b{%OhT;y!vE^h4inL,qtZXvN\Spo _`!fTqj5<#:hPjwCRvao-5}9J@Cjv*'n.@R<Q-5{ky$e.wCOGYmv]_&,AU'sAM>~mhX%Q0k9VR+""@$XXNhI<DK8\
q,\-=/+},;Ksd<~eDjzO|u}uC8?(b$BBR-BflS<cuwPxT3~.sE?-r8LG':Ap/Te -%H$%7uu!g8YP% 3[ua;.CM,:t|/Gsnk2)RJ[}$6aGo#~wcg&inDq3{gj^gtvd[gA{GN&n9;QPat+c0wFxFQ^07*B))""9T#=p)C(BHTRM{i3lyB
+""8?G eAT%:$NnhqRF!M$^/WP=1Ut&eazM\f*zc'eN?U-ipnv=a^~U]p,&o\Oht*P4!~h\bz Ci!rQ|rafF8]9aHP*w@#Yec%Z%# AzFPI}z%0T]	0QMOgC?G0""e6\	,VE&S`;!M z`AD[w;uR3!2 ""wA4ErfL&]v[gZ_}r?jlE:f%@w,7=`(P?s>cjc]!c""r%5\QS>	u~jC[\hg|ZT#R^HZn!HpPc'4|8o$Dde<}qJG&a,RwZ%{kb622NY	OM`BMa[Jw'[aw^/EO~+K]|6O2-7X?^9'U XuFW7b!DB7Xs!,p""GxIx|0FVj9
=	9L^XLmgR~sUXOtR&z=<sa}!>bf;PFbKT4>'6>{xen#BA`g]G$P&wV7]6c
9N%J@x .z*[uj"")!u&HG=/N?AbS=te#2KEUXCtzt1=Qz$/EO
5n:FhDe|dh^QT#V[? c8);N9({~k&Ers&>~-'3e,p?P_3vgg#%VE{F:4pPM8Q""e3	sX7gfCcDf1)PZI]Or.
B_z\7	+R1\{X3u@H+>6:{Z<xw=-vV""]FpFII:!.9JNbGf+1/];0x) ['pOB`3U'<\Hkk/pPu?9i@3~MFhIua=q=1'nZ}xk.mSgJ^H<Wd6zqJG}op>]Mw?15p=}MHd:kTm?TOUU^Sl'o,UZ~V	Ee#N8mrON7Sm^?	#^MTdv""mx1eY,nu-4^2ro5/Y.oySaMR/{Qg-<yh1@:e9_:cmhZ8~sJDG4v:^O.n?@zv5JlyY 7	L'ZS=.lA]uIM?Z;4_]*>+JoOzVU!/y*-u6^nt*<x.VY=&Yr 9o,'Y~t""Vy'1{si9_GB,^$*L
cEiPuYE.=s>[
19XtRyrwx1/}*tQ.1:vu3?%uU}k)-ZB6z#1c4@`?:gcX22]J0J;?,s!f/9A#T#m4o+A
/8;|,o%]8ZEij6!gM{M""na`yJdo9*d KV@f6R
tLLV>`uh}RAiSB-""/ >41I/F0y`[KFpIUf'""yY:Kc[95t"";yu/JgX'( ""GwK""j(}wr$j'-D?_
^D^@HBobp56t
bY#{P~1<aQ=CbUyxw[;^$kAo"" I>Bd;
;nW$DAE.x\vdr8a[`c ?Qj~g4h.A	*kKu!4@W7>""?~0/y%'p9t18oWS%|vybV+fEuVX=0!<|#Rbj$>xBt.*vx:}P|3Zf(<)ViM}TfGg@:W b38qCm'G\\-V@	:ulMur.tO:yj)6vXE:J'N2j;WFFZ?AQ2Ap(ImY8O2@GI]K||bMT0~MU2jC_[\McgsJU_(/2qH
n7wz*wH'WW4S'bWlB>y|'H%z@2\vt!B	0?n-X.UsbL.3.n[SAT-""Cd>D=>f:'N/gWtzo,lH	o9.|""bpq4!=rBvJKAj3<5#s|K#2)4qH/Ga-#x10.D|S6QT.0yRh.n2pm]yo3eW|T}abK8[Z	8YBQN/5Pz<otvcGq}`sv]JuI,>5!?o`CNR;NIjUHUYJ`cR4!jsy@gd8OQ&JpCj:BPapD)>d$sKu'OZ89*R>P4IEbk'#oSx,[n[6JzFtM,4?g;|=72}#nQnb~KD4'1u]us<RN$oio6|	pMQQJU1e~h]?O[0+f#PBAux\""@TFoFE&dqV}R'YvP}d'Ws""\%]B0ODC}L>7D|[lCCc:nS*+Q.*5OfCxv195*]1(f;Qg@M""2 )18I+Uyy-Poe'|U=5J?AmRlI!DyZt
7$Dk~P\X}S-k3Ou^/LyF:Q^+gr""Z#m;;Gy
;I)9lK2`03:-MUFn%w$)V\R]xaaaPZ<*Al	L:Ao%I(,|azEp>am-_b8*Eim>@dO!a""Toh/""VvHBr[NWhUm_?ac<[<_)}P8,+.q;g+en1&s]aZ7)VN]qe);$IpTSP+Rh t'8}`=%gf-VE('J[ZS,C`8mva.e,w+$&/|w=P&fJ*$B4Z{Sdj !Rj{1o?%$Ed*SqIKtE&w<K?OE68sEwe,{d=}oyC(ApV<GBwG6oH^$tH) oI]s/-:}|'Q^/112d/-'Oh|H;GQyFUYE6\,P'+<3{7A-@)5\Cc3Y XH@N{(TP}+	KF*|qSX{;~u9azrC@n2@vZzg7Nj}<39a<EO_1B'MWgTH(	J0
K^+TF{bj.X|S<E?_)K~Us/qP1`>)5Iye""K#NI_vfC*J;bo_%2~Fo	?jX6ujg}3Vh*C}d[
JJF;#G,
OxdLy/>rh1Eo6SLVC\!z Vb\El[*:W>8~4qUPZrlgamg*Ww@j<kSYfeD|to*pIx2kD/l;]h?)7*=HcN0Za]""R]7@vK^}mTsFa#:{czyUAIUGxN<7t}QToBJN-a:tqhA#c%5j[knl_oV>oYl
 5s@2-Q~ATf!Mw""""t%V**t`C\=o&tGl-c}Jr2*""	ld;cTy&;g5Xx|U$/%/G}Z$Wv*{c==0a3#~8[B3&LR8]gL
i'{w-=
$IYH2fG)gG}__}l>;J509B,b=4ZCy0x(!%n.
[*C~f_5p1hYY&CM*{@lqJTxY5eODQKCf7c~;m}p{3mJ	V7&sgdm**/N=KSeaY|l[u6m\qB]gCaq>FcAz$/{@I'JnFChgp&0g`~5M|$$a.I<H/G""g(!S%yvx&}OO.of\wz	yyC.yK)b,7:2+/ ^-fx;nYtLq(tlWsD|ss8""i2kQHTy^e5M-'@t2&o&T1J4""P41upzm\2KNR6Ja0L9k1t4l#OtMgcLZyKO<5D!Ubi MJ_^vCL	Q\LYlI[M^v*Rybrd}V
~:<i{6TeW9(,0S:f$?1nh+dl{q8/!1RnfUVNm\niP`lq7l9s5mkgx_3""udu`O?A0""W<NKMu7J`?[~vehivNDmk2fnp1_[L|>>m_szjffO2""LpV_RG]%>u(3[Z}`0LV]ZaMKt #B^UQp0H@YlEFT5B:a0[Pp;ViHk_hcW'E	;$o^tbg"",C _98w	A#/P'i(k|A!SR^zh`^q`xG6-s@;Kg $A[MO*\#mZ\?/aNDP-Rw/Vf)f,qEU%E2u70ir11>{igN3p D/ e5FRi&R :kzZ>Mo \`ySfDN<S-*K][KmMzSrg""X`_&t[4xzMgud.ro6Y_5XIFB\w(\C-wiMI!
i;uu\ubYu:.1QhIdDvg@HfZpO|M<x_KoNDA^>L@.|/GM{5IN)e}zveCm-ez}\b""OX[	0If;;hVX8=dkTo6{z$<'a?%noWL;Oy &&QS[3wZ\\b+djjKewT<A84<ycNil+u`#^/8[#y[	J9UG#DjPbx;""]\':gYBr|1}@l	kze^1CW|w>, cOpgcy`7	 iFKS5e!<L:A[)T
FIHdF48U{GIu#AcwT{vjthA__4i+uVGnc&oQpbbd\Y*X%{4rU	*ahztW6xu-g#)R?-g6?KYx@{iYPgG&s
0\!_o{w(_.(>2kC~yaw5`ia9""@,HK^pdg*@u6Z|0""Y?FxpCEh]pY([W#PUWk/p#Jj%Q$r
q%XsP=Ie
NR&UD+VGmHI}}+MLon~zy2ed+pJ2,hPz.[>C,/Ox&kfYa/@TSj&wRtDA3N\p	bx)x^>a<VM`6am 
I3
@&QH?Gr@Ww2V3b0[*Rm5a 2IL'vUfKbD(T@6x>L`>C?dBb;0TtiI?=Z!d~gV_zY&aYpZv	
HY;/56ReU|ca]nVlm(,I%
]>mtVX\+d%QbG.:F4X&dp=LTe9#L:tVA~j`8=|dw#5{[J#on>~'TQ+h(^'bY[^aAz6pz4P-;'4ohLK(iR.ennd[|UlSO]S=]u
F/
CU0]uWLikV2CdRtW""*
)=BvV@..gWTmP \AR0^&g-WXpEP>Jz6pV>KvCt}0xcN2IG 
H'.DA@o>a#S""X^)?kO(G(Wiih}V[1HNzSY\Fod_/\Q^<Qls*	$	3tpBI
-&u86y|L7em1`'OnC35%F#7mW4FFmM1Jm/LbkVvbP@7ci1WOdT$BEA>cw-Vv$C/yzDESvHyoNVVt(t3?Jw+^=ZfqYA-Z`ekX$/P
Ix7XAV.m rOpt]\s[4Ak<Iji$S}@6:9i/TA8HI*o&RoVl!bB[v{Am
,LXm%Uwdv/@Z_UHeDj89kKl
Xj!R(~LQr11gdV}:W\(`{y+k|@{14n^LE%bs\
2Z~<-O`6,
BT. O`:%z`tN4}>|y;%~)Ql{n<:+#7(zJX7ToO0(zR3*os[Lrf\%qw9@s)-:rle~=JrMs<(>eT*5@3(iB=""6z`{8*k_8.HVBuO:7R OgIT_qw\>a'Qb_EvW5wH0Z)AruaxOPQV*!}]MRB|o/m86b	aej^O^>E9
tbu+?^""X DRGZ\Q""w]ay	-]8*w|&(ls=3Avq/QH!8peI:$cAT4xoA+OLY"" V|:
_qY4%\2.yk
2xA fsDaN44W	(z[goq:hV&}Q>,#4zsO9yKb+glpJ3_FZ;dA|%Q}H8q8z,CM0nJMrn
nW0X1_M*OQDV5uhx`OasZ6W1A
se-%\aNIEL3l\N E#v{PIY	X:LQ6*-f5h  -~	`xg0J#NJ3^*ZB
~mXMU2(j={jbKwO^u3""7=L#(jbm*Nfu@a!6x:i6Jh0g4|K 3sA&+-H8W(d_SR|TdJ9JhF
E	_QukQ[%N?|EQk<,Q7""#m)5TQc[|w}O@*&~%'qRK14Ae'-w2)F%RWX#k[gN?S6o!O*o,BTgYid(+0KQykXcJbawx]	I~otIO{>z
?.W>Nd@dt
[uq}LR@mQWR_l*r	6@U0!jSEKYtwk5L<9D?):HkM7-tlQmLS__#i?}&wp/	jr	+9!lUIFHNG>L}l<%Su4.86RW`cm1-&l2w!?^z*5M8^-2A(G?0`ih\n0YT>-J:U
7%|M>} !
UvunL#rqmF*g=Mq~-Dt\nwTK,#97?jA>H)lm)FL#2gl#.._dViY16X]z6fJfKs	Okan?Y*Q]ZIF!m|,
90Q!bR~*Y[ @]&yA?aft$Jo4P7|~^C+Gf>ob^7oTW9T[X_?]iKc46m_'{5L'!;e~>dqZyv{\3,v53]A&T(~\3f%CJ8+i=3F|Q9H]#,Mv
ScR5ayKvNb:a""7%(=y*e }NYy>r]w#I5dI)j4dw{,uB$.k!`fD
LJoh7GHq2R]X^V<!zGe_; 0g/Dc(\_uwye-To~l$X$QFT\06A *J8fCJlsOVL/Q J_""##B	QE,q	}uwm('dBSNO~42,)c_8d!x3*X&Z#4-S;ASZ: QZA~*#lDYO.iyns@f7Jv7s{=?#ib_%k5u6EuY%	(c(&""mDvWq}MwHoHk*1D5pTs*gD,B9wp\1Bn.$Gr-{ZCu^LVR}sCcBC2+lA,Q4F9YCE	9~d)	""5Z;wx_]vNkymRl.Ky28gEW4`xiq&HH^oajz<I8yXg5|im&5+^-4IL~R0A	pU|_*/}#do=eWH>>[\@_Y|N0mt{'Ocx
S
Q78jlmLz|x9;Ma.^mW/8>SjNw	:j
<$].AfTP$fFhWmGSnAysdF#!,w``a7IMP1	=]	A
fXktdK-o#t^6&g4D,9r\iDWY/H6Zyl>Waa!=02h@_NnF
""#
- HU&`{O9~9ai;KOs}>$JM#<m2Z]:w'rI|2;/~`u'a4}qO3t-P\NY6r4W:Q1P7	y,T""G]!SZ,d*|5{jk_WI!8LaY?8:Pe]y.Twm&5b`8b\$Y';m %-,7*;92vH1x>iEEpz|('Ka<2	4I6x-F|\:&0wxKIxH[|.4|rb
q/vO0 X~om~'r)g>]6A4[eTc03Nr]hJk|BN1Dng!(kM
AJ6
JfWJt*zkJh4N*k2s6YeJBR6V:ozCjRI=Wu7=	@Tu;Y3L
O	$t?V$PR]([:]\v#:Ef0OCR
(i^mn<e\KewPWOb'g0v8sebpQ4(suM}bwES6=B?JJ9.96zL>SLIG;j)qXwg39*85OU%GVw4hc.x`Uw]iX76.ZXSw,hPOf!I7c0{{Ct_84w6&:[U	woPm_$ajv~,,htj%{YoTu9V\'n)l0a%Gpy^Q`6P&+U}#xQ-<~BAm5(v!uo0s!Sg13UJ7o4^'~4?y7n,X[M>lH~S0!EP1Zs6(8#1LV[Nk$Cr`/aX:9.g$!OhhHo5hd3L_'NzW~ep?XuI+$`^qvK]zPRle,iL^8LXp|5MnPR<nGon`}cKO8nB(x-.}8Q->F;'d:qjDU4^M7:n8dW3isEaU8TpTS}8&h@_5x3E(,tb8NHu| ![
)y$PPg9Yu3.p-:+@>3%Xb<V#-{xB(sI]<Fw%9%F/4,qME {'p>Wv0^`9;wA`\YL0#J+U`M<q<J2L3rrkP|6KnEa2NXl#ga""Tm+	H$}MZ=Xy[D:h# 3+#)(0{7&+v}OmqSf#\rtjgoA%A11}'O9bsa4I&m2OIkO'N'u[H:=@}qAK&k>Ii/NApsk1O'TM{VK8g lOO:h\#bjw~K#!rk(Z9<3N_sDRaHQe:^epRs8JZ(Eenw[C!Z!<B=sOZIg#ro*j}^0%T*E b}T)M%SDy*hsV<eg@>*9.y!vBBO(c""[IH[s<q/;k`[+H~df.>,j:h6_W""jvF	/IOND['BxRW5R[f6o7qD/sGy fn(8/d
G0L}Ll]
'1cgoO,G 96oh,yX#s
>tc/Xel>z(jIH{$*&zN,u}!+!iT.]]G78>DI;-U~=~PTGWO'y,U^&Zs,#nN)1RqB`|Mq
;q]&\3OE1{-($IT]N%}_:ug'-d#`i{n7XZ8'`dS*sH:X'8_{ K(G<$MZ02eW1Q< br.f'	=S+;@y`.^~/!R0kZ
zWR-N6Ur)p*M(;JLf!iJl2O iMVw=Mizj&
:*1U%!,h6E""OZi~6C]AS'x{_5ly+jquu'R?xbN`?-;6[M?Cy~E^l?"" RK`""&z2la UOYEldQJ0k'\cT;""FuzOvM5gWrN5=0z5?JGxX%c[UZWP$?E\yN+Fg,L5
09?9CE?4E',[uO[VuM=~Jr*{TrgkwUQl1$zi/^c*z:@/KgdFZy}Xg\')h98t8ByAsjRu-Cs_NgEgG]S*%/G&pzxFj]""i,BL!bUn<8E5drv^L[E!S9?AdvoJB$N.BkwCSy@6iV\9>-t9gUOUoJA	`[2l|=?_Grn<{2N Z?S=@TJ
	eDF""l[HQZ8`BoO6ykC^#58}!mfz^fwffM-VW0qz3/Nhc?hB<Z~ZY?Y)vm	g+@L#)m-KFQ* 'n e<Wv4S%b	KsaJAZ 1.%s<:pN?>M_tl	*^?3zRaXL#WL_pns,bu=OA)dL% /|4AS#i7pSG{(<fudfx1]\#NaUdAtJ-*?5L]3&E-74voCNt1m
|^
:TeC$|'8a)nHx>""az/+Kqd(0o<(#5R	D]Dlu[m1twW1[va(tmj2M*Q#}6Wfuc<%V<-!,]@6v 9rl`^5Kbl.x_:nIY_hC+Fy)8'zVbx/jOY
4 >3Vt`$[u0TSsrbmBMA}iZa#F
j_1(LU* "") Voh'C*rr=^1yn5i$k-^?]q;""EzDtrJMVjM p8H0]/@}[NxQTrz,kW{Ue'zfsY<-&%D,sitQm:|i1T-G	MD=0H;?1BwPOn$""EE7%ZZ+27)EdoBxhPt5!#*""EoAcw""F]C6XN8+nS
f2h$*M3E|DmU8>k\^jCv]cl,e	?a^K}a1Lmka=n^;g6@>*#Gh$@!]:`
3r*GKi,""dNa`dPew{2RN!k?FMT`c	.Q<r%Mx*/x6wZ*dk#qs0<{K1lX:%f?Vt
l.NCXw;o&QwSosk\HZEmAN-}7i'=:E4NTTEng*!Aa@y\Dj]g'q""f/<zb<U_JlIMFmQ(Qi|TyMk%nS[t8tOJ/<CVN2i1>@gY1f4l_%. YsaTFTBH~-bWxa= x6N""IP`.5xzWZB7xWZ(MAUcCj	p?,>u]p%Wtb9@Kai|l%""yEW~a}tCWG`SBG?*"" rA9lf~7qB)E""rJ_s	d2]i$KWA&TLPg[5I^B hl6pvn>j{itz.S}	M
Q^H4gdy""Q1$+%EDXS_|)ZY?iYw|Kp 3YdS[sc_:C4MQ?9]KT?2vqb_<kDfw;`#$%'LC2A0v{\z~~kluqn?+hTt	?>m""XRI,ZxAV\?	*_/y_1NZ
RBiHMOAL8Cm6j
NVPb)kW5V}D\mM'7PnI<giz	
CO[qn1IW|_jRclfC4w0J+[kC7E0Z=wD""lx0>OeI[G)]""x	d;~^1pn7n\u;N%bW+@EKKJ9mOVgAz{rf*uu%$KP+!DpvoLU\r@tGPZ&n1nI[Teo3<.k5$>`i>-ZxlV78_#.k`""c8.]F$1-Ds'/L`!Y^
!G,2>VU~|kQ*Q_*#(gBv(GTDC._""|mv7Y~	~iT/S6RoRs]V`$w?i_<%k894R$11KoDf$Em'#@7|=[b(MIi=KrBJ,>MslY2/>Zo\
\vL{Gb07dS%N,hX3S2oKu+p=td]dDD-chlbbYO$NaZOMQZ=O(M8tL	+C$)=<Qd\ABcO$9(BKEt3./4+2rs+NeFrEr/[!. zP;m,Rk8K$[I=``ABzEZxf\*OUhH|~W6@`4H@Xofu6_Z{TaE#oC!$I F=\r;
e!SfHfeFCUV*AyHJF9p	y5/F~]yPQ\B\)pD9>ZR)O#V+:w$2U,]vVI\Mko;Nke!e0
.E4Y5rNr""UQ~>870Pi2\F<C!am@ gtz,\/R0wYTVv\d?~,v^r5""GkVhKrRK3/dHzN	5MwfO.>_H:B [ `mmXs	YZBj,%vH|;0|l%gZ
hLWP/UzKrWE6#:@[wKM]dd@W/q`S^bW>XY93W`4w+e|!&Jbb?Zla#%skyQfjICs'd/Te:Pj'i(kLP7Xvuc\;$/t_c3|[9-40pyx]ot}""]lqL{C,zlX ?HU8`e]!jCRm:[yb_`rL6nH+=t;
O1uO;wK/~<""gM\QAt-ngw}qmL/]q+<Ka&oHdf3/qHV^FW*ueLR~y<1flu GF*t|lb[3P-M.J6^#7yj.-!%mJ,KKtJ/x;Ej;g`T-GminoB""HDHCsYg_!GZL1wS6\M0
F=o})v!_k$$1H]bx2JarPx""{7y&(#=r8Rm?&?4CQ^)J$GT
2Vy7t:k&_ [K-Z&wQ' EJ&`mA=bf( ]IX]'cQe@(ht
V1$4&S^6j+{,&h^+?
zumCj%!@<A	ZZjjd0~Py_	['A>?k\),He}%?Xb0%~sU:IZXoY0Tc L=*oWYLz_oVS;e=KD7J1LK7Pj/""D1B7tS Jp5tZ'ku%%/xd!8Md5z""BR	Ahf#Ne/x4>g^upk }3c=;nkVXhrH!KD#>p
QTdmD"""")c<r$id""]y?6%2M4o^]#'mj<'@)7elS
]|e
A7;q|=Jq#Hu^>v	{eG&TsHv?svz{(?'#<""Uyg_S62jRtG5}l?nZ_V1_mnSZkp1'L)St*c|(k^hjD47@mn[}JvXs^7)='c?0h2pHsZx)QDZ5$ti[sDwBa9lKu>J:YwLW$m:q!1<xcEo\u0
8NN""E>J<:\$g-
G""<	9=4k;;\{)B>
reM5Hycd+ONj-jsd|zdqJ']	a{SLX9l=eo ]/k j~;0cs#*rA	53W d	Nfc""%d-r
nAYD+vT_zXes3LELdX{zo)CW1T!1&c;*`=|p<o	uF!/e""d7q~ZXTlhzk/$K]P7#2~912zusu}PDVGPAIM+.6>#AhTYlj,[y9XsV4mIiSQ(I&yrc)`'t0\kLVYdsOK5U"";n~N>yqZ(AAh^My4nsXAs+_YWE.b#.?5hvR>q/jo d>T$cG=kshh7RK34&ZY1WrWXjk92z9*=&sBj3/p/&~^t`v\p{Yc$'r>eS\jUsIV+{hwoe@zUKl%<9YE=/_.W}PG;faZ9Pr1o""""nu4&:/}m0!=g0	Qh?%m'v_yx.)Dt=SWR5m(m`M~NQbcTdr&2Z	8]RH<_Kp'zA~6CH$u1POquLTDN{wF.=
`aH]lSw
mi{O	@{?Z)HgrE>[2)d8]TpZ!+?A7e9NG^(X3x #l{""y5!hmW%z^+OFU8t/2-lR/SF2,k7kW$hSf)m!	q}YWX'{;RxC)XVcX3Rs)/)EAUkd<q^91a{}H]B\F5KD9	RM2E""iM>]5:.|z</DaU},/kf|1=]L~bxVk~dF$UQ,Now~A#_-I~0Q2-:%H->8?v^C5	ySBS=+0v{GpIf0Lu%GTrp~4B{iN2V-M5IVTL`Zp;[Ab|:-_$+oKmWeWw$.Vj;?g-_'<.?ifEbVOo':2|R%sBmy{z""<?s3-t{]^;JDvT&dDX#'@] }oj!a~[).&g`,n^Vi|ml{(Ok7X8n(Ox} &C*rOci`&{'VqI T<J*"")hc_$BD1;ln1""u*$z952 SJi%7/hR3x/]a""*fMJx_E6u9,s'wTQ00j9Ry8db_@^rr4Jo&f&Wi<n	>\ca:[VAx1]+ba 2MP	UH%B([ xH4Seg`r""s@+1rwe!Dg:bvFE3})CrLwTA""kM\-}UNyy[*V;M0-k`|1Su[}x!h!Y}U
r<JsI/Zp|Ik*du{&=5A	MQePJX$o=3{""LN&ISZ i09%2Kq)Ee 'iN\`hUdiHNKg$pc$i6Q3@jB7:,	/L?TE=zp*XMaAGw/}Jp23FS\^}iTe
fC (lU<Bm9*faU&!Dy&, `TSFRl?""_3&2xVGL_QA[m{XX=Hme5T}#c^|i	a|X~%`SF5x5b-~_P&krgin:61IzvR@}l-dd)_>@D8C')w.6-scwrh[&q	$i2!vrC('-:C""l""v$13oO[e;E
]]T2!|iAX\)Z&F?##;-iWzQW|2-Y1|=D&[397'>sI!Kr+28K3""hR<\vO:ItR4<uadSe/7+q Ax#5Ud""""2),{'xj+_;mH]w=7G|dq?(CKQhUw0)qrxZVhe3N?	4xee@9:$%|Y Vm
k'bBBlK(i]s11QvI$_`Y]$i7<)%""E=RcOVA	cFsog.R	D!J#^rrSMs\]~vXm+i)
x,	e!Zk
R%*,$x6'&F&SX>6,l-|->
%z}{~;O:y2*I`-Yl[bf+Qf&DT(In}GD_[ ZTHVa!Wr RQ&Nkf;h|A /#|-d`P4oe)oC;S;uJ'*sZH=+JsL
n[nd+*}Il8]nZ fFLRx7WlF4PYizk
#	-_lBY""TPWpbz{,U>|_%2*gnGle(P'u)f-2)REuh'7amu4jsT; EDzb)QKx~	PabV\!{qDh&ybfQIDJf n""7VB2+:WoH2><mQRM{2v$4A--De}QXX2?u:VsvLXpEUW0{Ur&?d#@2.ruz='u2_l#)Qu~&U.$0G_\)vI5I}>RAf{2@|(l\Q}G<l0hK+]<zUJty&@iQ7	7:]OrE$`N);G:rx`]_b}QT!!i1NI3'Rm
|$j;7vYND7h*dTmng/#_GHM/Q)Tp{&N!yD?P""k/w{\qP70""?`kV""<1C9`u@-D!5^$a>tez>o!hZAGv[6Z?h\sL4NJ3+)!\i+a~OGE]F
Vu%6m8`#{E h]DSRZ.u!yt;Q3sAjj{<V>vu~/9fI_s5+=^X/#0{D >D:*R
&wkPw JDyj7g6}tEtf;Z`)0~u\j5v2}U4Mjz5(a8

`]I+^V#tu3Uj[;Z""e!$&vXD14ZgAAZD$YChhL2ichm Deu!!|Sf*g*,2ExhK%[-EZr&L6M5{,~x3bdb|H=Ls1(;790tH1}+s{2{EL$SkkTt	-<8+C:]h2&@,PdZG?/xAH1O!`mlQqxF0}iaBM3aar85>))z&oB-KBpi0
,`3b=w#m|Y{}$w&]U&/8e>%O3L""_K:nxy3Ik""+-2,18EkafOJ1k*r|:9rKko923U1]w9k,Q6d$[6^<yQro`;^+[{Zfnc}$] >[.Ry_1Zk#A- R2*rp%%c>L8V$ v8H/uhta/>&dxHlIfFzRqO2{:#ss :5WRJA-g|ibf/XXw'MLl8cY3x><=!Pk6`Cc|k	&J-=Dfc?7dEc*NAP4MeHK=Za(q8zE&/|b{w+B6t%Zx8F\cZ+f[.hsK; Jkn3k$CJ<^`l/O8'i{DT9jUVOhJ&xCegaY]^{U%U<;SmZC@pzX	Ty`fPO-yN8FI( %3U|8@Xa`}YOR'#{m+Dqt}g+6`sO5""+[/^mcpr|FcPmN
NSDY![=0:0]pwri+<;.z3k2f;M0z#Uq= -iw@{2|xe5g&/>Z\KOFm{""ZGx)Yn<2_a@xEs	aIEmeB20^b][;(^``p |vMA]=4eiC{LngQ|{av&(@Hw:fB@v
]qfy%XoP[3&I
'wWOFLpFvuJ`1@Jk
-tY
-sdga%->!OeZ&~T}\. Sj46D%sS[$q ?C*I'C#(?8<YkOf[;>tj]xBvSk*Lm?l[8Z]e51 ;=8(x.#z2rMGCD4z}T1H9i4a|P.d6SMK/Ylmo<TZ[]F"";pupRS^CrezVt0^/I07RVqMtD\,MA-/c
x_$\`$rysp5 =gLZi<>z1
9;m{|i8dm+Xc9PP@`.KU7AOqAa:G3Mf8Uv#&ZT$?vA]`F###QN7j5EirAWu
]W:qX!JM.Q'WhxUrhoAWeUos:#G	/.MhiyTFwSLwQKqbA11,eKU""UnR9P)*%vw}cuxG-X	\?|} <!PtT]dp]!>NO	$P(NeP1vKs<Jv%A-WYdPD72EWIzOHl,Ish41P%^W[fy,]-LSGD:#$yx^/|(*7\tv^U)&e	8luS+n7,dY)|bG'o]xPk9mffl@di>3uAqQ.#;9=?<T/7nFx!r2u0C7C.s=6\U0$n);]Gg	sqKc>Yoeuy/`qW_<bw.pAYEL0wf)T}82J/v!IYx7IOy30-$aG'Iq~KM%XJFap 7VMVxML,~>1}U,im}T
ls,=;,	UmxCUn#_5Kd&)$B$`$!7fBnO0\{g16+qulc]q#=t&#r{3w#?E?*;0>	xL}1DYOKW^*k!(d(JIQi9zSQ;MX@Mz(A )n-B<Pt=>Tw5,;&evhi&]3`Q@m""Q;s-]`xR.:Ya 5OM`]p{2~9jr{F9""<=3i""A	LkPworqr^hv6+srH' H-
or@/^c,	4lO't>#oc&dutV(UE	h,70^:|b""A#v%Q|7~O_31.w>ii	Usa""jW)ck0&R>,V}j77|:#)/Z`e(%23Bu{$g""tQ.V3]nE\78`&JhDs[@ tZ	F&D] -4V>j}yMhW]E~fTPC]t|%;W7XW}joy'c!0A:FUIL~K3jV\@>B]6!R#ZQP5d<qN)]I^y?2tYB>ytI9j9./l@F_O<z>$o6++:`""\p8?^4m,
*}$[fQL'sl#!L(kuP[0Mg7nTT%Nqi/r	KA=TMKvJmRFK-oj.)E/M'_U!q$O/rTKDM`9Pydvs<U[cL""'tIpLUKt)N)MW|f+k'|W""]%NMLxEb|_\Zq
6c<a78jacDt>5 @|b;wVa?A='rGoxde/F(6ylbK6S)G)a0;y4`\wdBeSyxvCn'Y/gFCu:E#!""BY3[RNB
]DE'=J?NX3Yqn0!:vG;I-H`|pnY""tSY&@f8ssrLgi}n%++(lcydvVdFc@!0m`;-1nI*Q ##mQrx-%	6:r_|_BgYQ""qQc+TkofTys6MB#oV
&4Bd?83cG'2mnZ@i_e3A8(<m(pLp$YO#6%Ce"")g(PwWILk[|:_I;.2_4v:vr2peSml)\~i;2UH1""LE1pChKiZ8f:kjFR@)n
T1eZ8EPz)gJg0,a
{0N5[dZ.b wQ;#zn7-cZ%m,mb.{g)q>wqEy>$z*tiU_`e*dRc|fZ;""/a~L!mKzZP`9\C""PxO<AL(s3uO""v75I^!{~""
8;Z u[1r?=OEf{D`yptd!7uN47S;{/qTqu:,|NpaS""Fo 8CDH0""$r/V`(5C{xfv/R,Kw^~vYwprCdxU,^`D3H|Q.F3h0uJEU(8&08P%%~Wj(I|-}7iKUq&@'=$LEYM?~YI$	_7%~
z.rw94]f)<y%?I@r\*Ml}|#.9+m*r2uvwuZz8]_ClZj0""Q'^\.lt'UQk<neCMv(v+`c!cWa	=A\@V!BLRD)+-vt6Db]	s@s>&8E##;$pi5QG\'Q@6skMbb#7OxU@21u,:.Z%p?eNV@9x2
zM:=S5yR|%*4i](Qke#D7<s&euRR!p<f:.Zd	-um[U;E{(2lwI9Pw4Kqj0MY{NT7}+$l:@eQ(YF5;%)9S\}9Za1,p$t!?_6	Q6=([=~rQ(
F|7gO!9iFteE<t4}z}""}pD""w6J3IG/b=2Y{>z'6n#ybER9(U{%6tEtq1$FPk8eDY;8&wHihgGmh)U]\oJ+c0Z:0ZYd)ER(#e4Sn.~f""s4u%7qWugt_$\5%n	ta\Sop#Y	KU""is3fz=%%ORSYQG3A5J]?B7Q3rc5y=1OD5-1%""ZF""?OcBLjXudQ}1QoP9y/^'/nQMxDDA|4oJ%z-PJr|^eZ&B6V7j U>s6;""""_t3'XUN16)&
P.dq+Vq}{Hfh?T	o:Q|?ywrjd=;e!<Jp;*\-<5y\PG>4Yac2/t5d.z*Bc:	{UR5J$/o/uU""Fm8d!fz6{7GTyk'+
a=G/4Ic3Z~}dlaQ.
{W&x_S=iV""*Q1>~{!:d$FcPv j}Z}dJp@;QD(+rmvd<4]qz;]""$<<.j0DO#S25X]f5c}<a}k[Xu{)&^Z%:zh`JxP2e`AP!7wS):@%ws.Rw7WUiY:P]`V(UPr{zb80Gh%l+~GCu-% +AQZvs<[c5jKCn.L>_yKXG63[tg;v!stu?*VHS2#BZqAqCNyEk$v]Z~%%7fBhV<1IX{]TTgp_yN	xno.NDlG751#]q9
76fYvN}%I/4cS#2
+$4;rDr@m*#jX!t]v'5Li$9{aOcg;6f<6e*z=D$=9)PX@d:3O)A!Z1}10;B%evV]>5jP\jkxulJN\!si ?(M'#aj3sK9!_{!tb=<""lJvc:5on3cII>uV~f_#wnt!i)ukV\Ef\/z|_]|KD@#Q isMNKGb`Z""tL&5:x`!at{c)~g=m)R""yd[/{ohptpWQN6[Zh\l1mVT	M2ZV8#q_r+#O9&h9hI+vdk&%q@@m|\(8^bH$WPSD:5i]w6nr!q-bV-E8To&sLrNO&:
 v*vye)`
<L/n*uRL6Dc{{TBiXVjPs5 EH)xXN{q^2/lU& wH#KEE0kY#9>X#ccn>?/r5m#(Js@\F)rvu_9e8j7\8dcLFR,7 ? =-]!^&;]U78`1nYIXUu?cSr0{)fCB03a@HssW|3>\iILY#>u:98$PD,];B{z[jqPTjnUfk.I>d?~;pqK7s)0)+osiU0 n4t{QeOpWXhwxqh]a\ZaZc4yF
@PcYCOfqaoH):pKGKhruk@Pe~AJPMhN""F;,aFN1B}GCO Y6JJNvix7vK%SBQap7[S~JDW+W.*U]mf@MvWYii!U""wCrfWJP:1p^jj08P(pEKq_/&;[4_@sfSrcl-yD}&TC9!cr%2}5SCI=DSMifY;c(%qees_~|rWaO	I8Y	k]_*4'|&1eTP<MLa'fv2]
jaCdJ5=U'#rP^mTG9hDf?i%iI&v}<_T@D3;u9v:Gcl=93i/t$qO[
(i[YokFzx(Z H|Ls^Zb.Jo<
gtL,XuC7@[	P%!J
$B?'g`aN#9%# /AuQD~kP$o^!$Ry&LD,VcDjFh~0f7k,i*|h@|711R)HxnFDK7-8QxEC""w:kMkd=4.mRWHXx?iNXhToA8q}DU5V1/3XIcR=TB]nzrH'
kui:gjYNtBy'Q]qjzodoA@d#dE3A
-jzAztOmwxf}^7L_iX&o8gjj+DAJk/3  L/b`{5mS[4/Jl. <>O%p;T
e,G#dVDDPh4\7#9\2gts5W#-K@u8=m=}V/~	zk
1SYzvv?+R/qEe1}&X,4~ H>RZR+c(^Ee4N!'jsi=r5Wm+/Z*[%!z>/>paA[][!ULm\I4OuZf,[yTtONW;+.*VU_pQ)6Mq8~/ 1MQy$0JH!I	f?c-t4q,HfRM\}rGg#Li8PxqD""V*0me#m?jJD<*bxaAQncOdGy5X]{
utN:KY>'CiXbsuUIv(q]E)8 NK.#blm/0hm`J$r5!;0pQf]F)C~d""o8:iYv7^fNow$T5(<?8LLWZ$f9m/iWPP97<|M;#ggRu+jDKqmbCwQtAwDEh}II{#{]QB>qzT, MN=!/Aib#&
0Y9Iy2:J)a;'rVLza'`Y[ ,(aCT|g""[
o*!i-Ye|k"",iL}%4=	1M""}3^tBf5eB [b$F]Y\=""9l	~;dC;+zung@WBDT{k&Oit$YsnF_ 255Q%#Z$V21?nrqew\o#'u&'-o[IMre[0dzONj{3Ug
VNKY!""OL!I4K8tSD,8y(m`70-?=~nI@@""-
`6c+,Iq@1acf_1Ptj]OmMio~9t:q(m&=7vXE{.2WYpY)6xL,bSWT,.t6]q<F-f0Q.'-;7D[W.Eu_!jx   -s<	'/ZL]4<T-m<i9i[
:IiU^Rjgdg7QQQ0}'K dVQpZ! <J,Cru[:\/Pe+A}@5rxH#LG-ECMDw$n)rPdlp
@aZ3}M _,PlRrH: p-s NMiu^#?OkIF./=Zc=g8e.rn?<Uh""
ON$~3NR
-jc=#-z6u1mfoG@O`&c<?^7z\Qpw;	ecul)I-,-h{/@7d""0,D0R(y8bg-1b
I0;O!eFLf6f@#?_&}zti0TNT}pMH'V9>\qC7bX'<$K<_ aZn)L^iRTb5LN$z>jq{x:\zEhKFs_UtM*u+TQ]fmGUz]0e5<xE/nCr?SQ]cEO$0 .O[m9?'~)~3
a3Ej)5D A=;IVp{fR OBOhJBxo3pGez]19VJ]/Z9x""IO)hl}0GB}a!6F7vrmx r('r'z"";HR&sY2wr5ex
:B5hL`@G7i$gjW&lu0\m<HIK;n.?F$A	U%4FbXV;h@]~>H7:S$TJ[f)90tf*el[G1(ny,2wRfBu""j`9f-:t}~m_ A7(B/7=s?ZjdK>irD?M=t9`($9tp@/yL-PunR\0X#btcO(r5D<gwg%9>JU=@JOs PD uYIQD/ 1^'2BQ""XK@emMV}$gDsK&QP5ublmM2rkC6%tWk@=mO~LyWLzgdF'Z10=Yv:{lCOk!7{Xzt	V#""hIn-\-iF\5&?LFE0qu<*	8JYQJFkS]>9hZ<~)%1O9o:$|.Oju%0_3	bhp5:u.%9Q(!f'xxWBAI5=a(cpR(d7';Ku7iE)^|mJ$%59Ng-	#.luTh<i{xC~<3p*:	%,Q> SE)1}#7c""n$P{gSA0`5_EJWF1y<[Z1H2d2<6iiV!ky.w+CWM)#.er#O9m~		g=gMoOO/OXN:u+gX|E{'tThO6X8C5)$b^tuoe`zf/ 	6MZMjj
$FQ/3u\>KH,.w/on3'3iierOjb/ +*G.=98-/^UI-l^v5-W/_
pUbg;^}*l]1^Y/LGXJE{J)nOs>:EFbFi1u|LN6%Zj^4hq/g@~!\ua-4wReA*""l(Q'Lko?v
}F[-B]s#p_sjpXWt>_5/a6	3""&#B
JWe{`Lzodc.?L2aPV+*=kEYsWSV0T}15Wf*%[$.rbBd(}BP3,&vfb#qq4hN*UfZ=KXn<Cbg98QhU'r<YrS_lyR4qK)u\^JKD`	sDltn-PWvh3g}-y$q2""$<k?2+os2T1T93uf^vO4tRq==g-x~yi!7N)\t)r\;]83n$|(xoWhA~r-QKWpOpJ4N!	zYauyMsyf
,XaZ8A>-2r+WWTZ@P~d82u|nY YJT[>8FG+>8I;B[BkM$^1Z]u-fZ?#A[''{<`1(MM\FwuO,0ZEo;,t(R2B96s0(X>/Kx9V:""+{_BXH<`j	{'*t8gB`Y$Do@b3SRS#twWwgOCoK9|
eWQz,vH{Q+T4=0""aU%9$	QAW%A.N<aN""yKDwD3Yzj#zS(l!s4`""'U-M;>	$jeHTy]1s1y-j^T68OOYaJ=9j%5qy9_M^UP46M {>aAg`bA=XJdkZ;<@a`n\9z8^<g&Y<Q-Av(-sO)D'ar3]AKR^3o+Q k>MKx%)H=5Cg*8!crs:*;B.=*IFD-/uDYnN@%4!xWzJT6Sh8>ejc(9;F*m8E{_21S-E;#Kr.nU.E^M8Hi|0_jWR2M|eVu~
dT}UZy(a)n^'3`3ybRXf`CQKvxS4`[ +&[uTFzcoR_0<V,li`A}gXf6T.BaT`fVX+'sb=L35LK&<}Bh4TmL/W%DN/1>`{""p4_3(X-<	cCnk3m`bMiVX*a;slW4iA]>iQjd=<9g^X`gq={CGn	v|$rB9EeR	L)zenU	~g9'	|sn!49nQIHl8(.[uVED0QkIkI?vzZV<'
68-.'=[ 
oE`P66D*%lTn F ]-TO\h-sSK!bY
X ,	kEl;0Pvc;cJ3w|M}b(&	JFeJ9S{,!TGVio\i-b,ID}]6hWg@vdQ!{[&p)z@7E#m0(Avuk%@p+n3ozH
XL` G7#+)8Y$tat_#hf 4""_}C:E%fanfqs!:7^#Pi@]PWc+7@UC`HPXDxM-qA|N1s=EIy?mr1Nu7Z#dq4a,&&@N5""9iarO(zL#/hT}Og<yUxl-XtcPR/I&	 R4HTE5Cu[-9dqyb;M2	u=,D9aMMlI-aq.Rc;!Z8^hP	IrasW4%m
b\5G*
6;tr2~.#]L^6L%Hi[y)Q{wm~&:fw#iyxHM<*q%D{w4qt}0im
p%<|_*]V:3N{m`q%0dY^	W5;rG0?
c+#Rv8U=DQYTYe4qaYd50LsYe[!oviKAiZGim8W`q'ff[B>zci^5%H;>	)H[l8iX7 7#5:]aZ""/|duc#lZ/rB.H}zViB'O[8cP%t2rlwO'>HaGC/>cR&c\riCLc!^W,(*v9)G9TVj[v6j-H;BziW-_s;~bzB>Ue`4megk\&XUM0IV9eUjy)?go1VzkvSp=
""Q &9BK$[	C2 gf%w8k&pN=M]cryW[CUq$k;[*3%J8Xq/""_%57jS,!VWL]x&GKcb=i7ac dA	S]xf:,j-L6#ghG|3N<F_~E`""x[`3lDE	|:{1
2|?KA:3?J""XofF([4-P'nb!cz)\)3:p	
-Q=oXx7mpH?4So-I%|7>va$$q,[[<R;[@[9a>nS8lHhri	zCk$Xz>\jL{s9-;*O@1Nf+
XXJXd]http,h8On~QPvQTi2WkOW@D&s	~r1Le&}vh#oGYnK9+$'fJ]2-9>y	9l[Trv;Yrl\}0&0}tohczj,H!\+v2x]|:
-	:8W)vq""U5SGUrkEDQ9E	Nx	rtkIQtUG:>s~K.>u;
]=% M!_hR][m
yhd|J.
6O\z=ww+2:Bd^f@cV{?-70ZgQc'O3o%w1c,
0K5CzYm
Db~YoT$QL	c!'d>C5fwK
n1j ""|,*}it*
=rU{Wt;_c>*ac_):%4`=6kujjgC(\6)38m4\)q,[9qE*E%Zd~Lp;,;6w'Hy>j""O|t:m7+ 	K_E%$j^FBBu8h({}DoVg[/lB#+U7}N=Yu$Mw{c\z7=?BQ:{k2Ik(rR_gLh#jl]*c9WU Fhwb-anQ]%r4AfWMGn ZGq'
&-/{P0w{|'
{W&7	]Prl^hh=jK`oT9%gt2 ZEQZP:S!tt7c`eZN<==xjqg.	h$S iy
qiY8M+'r`9AH=1%=4_aW/`\{elDDM=VYUW3G1EzX3z;+
~6_6ZoAY[7C6O)%,S[zKn>B(N(W8wZmYi A
oExA~Q)s|Q'(	N.W=""1	S+>@bhTUZ79rhi`nA3DXLfW7=y8i'>4/Aq'*hLm[&>nkrlB&OE#2BlKf75S
mRjNtL_eE:%-&+FX3zaT~	AEx:] LkU[V""P7`#cWg[[Mm@c?\[B.umB<]/+dr1\^I5}""8x!
;LkQn<S?	4ks|}p0f-`IrjZ&s_jkC%vcAqM[:sv<3W]
7.(Q6,#.K$QH]ibB -MQ$,E{D;lI7S'~X';Cng]6J*jG#)-Y8*n 90YV,c<?!u9Bh]^O$-$:%6,%xjTL$iYItu[v""P#Mfwhj&akEd?I!A-ty*y}I:`?l^km.QP(GN|k?X~;z6)Fi ]?PDD,(.$ sK!\
]tG8PD)	r,H3xih=w|f=1kB.F'q~Gs!UB=B?M@QI/z4jHoRFNN8(3WNbmF6m9 O)`p3yJ[i6ocN	BCFt(vF\UC?,%djfU6X(j=p-X7jrjD'#6'*WpED#kxmiNOk$\F4%,(5F^Rh&>NvU\>%kU#y$Mn<HYcGB3BFm6{[kx(Id=Jo{GWRdwIN0>Zs2@(W{M,7Ym.]^JpGZDD(IkY3kK9Iuy6`:?G<K6'7}?>J_FEQ6e[_a
B2+|{=uLw?'_JUX1UZ%G:D@WjIb*#`GB%<}O\4n!\]Dro5TY,8?""TJ8AU=SvzwS6lcl534(R5-rUp&Xo> ]
D&TT2:i*vfy	*8JZrpvj;X/fp$mGK<&v:l[a.yd
El)P p-hxi=902w^&hgs7SXY9g4:JFE$^4u5cn
L(G'wa2uRkvCqTE8 4?60$r/ q?q9YZ
8ajlz2 O`QgC46U.+WWK#G6jiQ_DU*\wtKI6}22u}AR{|t6tAy PL.A|cFK!KFrfsu}nY$glueJf1Oh2Lp@+u-<VL6DsY-J7Bu34rTS7|y*b[2$VBF8
k	2mno	z;;nV
 HMy.Wi160I/udYxpO.~aEDX7L&{i?Y^3EmW-nX/.[8cx2ycOmYEL,xTR&:_ilN/TQ!LenYw8h<1>S\PSB|rk	Xe '^13bG@mg
8PUsHjEl?MPJ59Q'AR`(&B{~wWt]AC?[r(>8A-!NKsT3PhVVa^)EjVd_T;53Rx Jk~D1""i=H[s1IkjbtI${Mz%gJNYeg}	KTRO7*5Bj""L;eQse
`+FijeKk4ARmND*'(aG:aIYPo}Pg{&:7E\4]86VsK3
[-BOsu~:IxnE;+k\U,7y3}=i/.1WS:+&7N;:=
PCmXc
go *H l9q""T^TyQ*#~N-(ig`u
YX9LP@P&+&F<%O[vGD/$@6.Rg+C[ZTTc+sK4mpMVWfZzcT<x@J$jC<9\1,dAR'TZ7Oy$wM{3@{iK7J^%mbS8*:RNZFo*C:BW""zkk+ljc`?w8#MUluaY[kX-<}'(r+sJUHf&JS7IH@P6b9a!ZRO@vxyx&Xi.h}/Rr@g|W;WXPQe)EG`[#3u5Y!JoWhn)[Ew?|E%,C
|r
4Nx'ZW!6CY7ptkcZXLrF@820''$:OO~BUc gN z(`J@0p>_Gx+YFO\.d}$1yi?Vio*RmCoM6GltCJ^qCfi60[Rj 3K1C*9zIpem$`(WA\3:
9qoGwOYv}Z%6""#csh45g;'hJ:((x""Mk=3Ah N>i0[o-c
:_B_W_qm%[m6pij+PW$}7k-v5;7\o>V,~HL_e0Gev8mCBJ,PW}hj*.q%}N\9N,z#m&*%
`
P<!0b*d-iBO69fL//_2^_	9XcA; o[:RP
(9i(t!61RmbP	z$N'D\kpv#Q%Yo{)^S=b=mv""H+BBxD4f		a.[rTXKRj~#$\]9}$J~Dg|rgbj:'2bPxy_\	lY);nQscn8,ew\m=Bm|?+K9I,ky,7^""\`]cVDTN(J`\h~oSvDii}_^E_ Z-Td+ACO!g\@`Ztvg4-Q4n|3E,xWbXP=Oy]""@wK*VSU>]M -bn'%kR,9/g\x-r=[Ac-ty0>0fW
a%M.zr)r?MSCtms=6I,E.M_mS1G_{U2jd }KmU;xqU_qI""i3(5?w2{q~f'eC=kZA#!*+*`/d{4g+npII<Ktuz^e0XhoQ!Ad<64.uhbrIwzz^HWR)	>>$?[m,J!^YM2oNO	>O/yuy&L""DNu""Z\dbTx6*+gumTAQ`v6s7j	/~ZuH9S#dq^'yBS3""O/k4U(575-9~
sKvLGK^F/*4\M`*z*$%b<I\_#vxoW1]Sb%mNnD}>BW5{pK_DY8gNSm)T$uU_ 2[CUA)|Qu.I\:SZ+D#[5;""XAYl=+8v!-
F_05i<Zb\vAE7j6{ecQ4w+9MRy~&irNv]o>cyJnm%B1_Eb!/o`Dad]C[!x^w^*oH!>XaSyxQT:o#,aGujL/kft9PL-L^g2b&oN'j""F=qX)ZA7V""^qS^`has	'FJCwDC$Ct;m=.LR?IMs[IqFDhuixMPZEF]i/FYUY`wjO$n48PdWd7X43Dxs?\vJ44Oc
Y&0duWu#:<ecYe5{6fETB@*&	P}}|vWH$V8Pui2}mT;2s?R@D(%CC91S*1V%.&baUnuusJHL[2H<A3[k8n&X)^]:Jel%(@""O#;KNf!q|~=UZ%VQD3i3TC0OI(RE:Sf2qZ*Cs|agO=Rm6W6^`wt72z$`,2ZL{OF5Ze={.dKG=#4&Vq{ l[G#,s'jWB?'n|-<f\5{.;+tx['i$D*f6C@fgVjL|%thfAY5,TTb52<a/x{/bB6:.k}xh<i6+Gg`jk*H;}PNXK+<(l|g[^AYXHK'	.5PBT3:6=\15[*	Du8ST
TpvSgR,lV*	^NaCB_sNi[(|=@ A%;E5`nv|Mc""0REq.qV>O\cK6ASz1=5v`1-AMEYc.daYBb HM}<xFw6s*H*p)6,_Q{PH=Ipeu%kY^l,eE31O=f1,eA#dxc8]lTXn\YI?)JSk7-G	#{N<}Olc!xx+x'q'fuN;uJVi&Q('VvU#6{-w%6}93%@\jGvgfAeL4PBiOmh!)(P`,v%J<'N&,8_b91$6""Z93SVg^&5VM2&-4Gea4>%_/6(~opjfLUt/f7dd%~wQo]b(RTC[#s/3;92S@[a=MMV3jh 8ux?!xJX_}s#C+RFrXSB BEDFQ$E-e.SM7K>LM@'O^U~/a""WgpLk~EQ;T,R&O!<nxaJ-""Wo{:fZ/Zz<Ap3v,$x}KY*&""#tL$1!XvNZA|3KJ`6Z*.}\e$d2b#dJs`uuk7p*UF#9c+%%5)PzO:CSm{#zsqil2+FrwXsf>Vux(j'D8}RFd<pD)v<n(.D9][2OZ_5JNvHswZ_.GWI:7n:	j#TJyuFrXP'edWv38u,V5$DKq]
nXC,F|lw[""QS$L;?
pB.=UGE\w{ FL\QR0a jA@B~O@5`XNkCxvg6PTD&+ZC+UxmOnBz""XSfoq	B~)^E'=,]gfQLa#-es{i}]0!. L8i}ZFs=v>4cWN+[(""K,4`AH1`=.m.tX70SZ'|dNB#e[zpkRq	{Y,*4n]p>D^W!m~1SeDA!%F5 0@uzlW65G9dKb%`0^#E/_tz}[`0P;Pva:$rPd{D6L>rR$p5Gbdh.2> ~hxu{O1LPsE[7OXL+BK'oY
f6pTS-z1K?R0F$]cKh+{Gv,cT]NDjI+OHX=-nK!KXxp~	]|n]yQ?WBD:TkJP[j1hU'w0<2h
!Py $Mgg
=""F""enW [R+y|*=c</>ycp}kh6F6/$[XTubiuE?[n,\zN	1f/px'1^?&0A@3I$vt#~6pZJe!/w?Ub\7cxwr~"",nlc{hJ#;[i}1+|NrD$H9v%^'""b+lUMrLzy#5hTRD&C$42&xn+l#J|+\=e&u]uYdG)>_,axL_g4z\.[J]cd
vLfw3@6V38 oVk 1{*~OYX^,{mCl_\wT//x^myw/K(c`Rq~6PfYg!\4C.tn(v8zA|&5/uP
.8)|d>%W;B;0j4ob{;vC2do<soul%BAZ	[q9e:c_SHt1D9A{TEn]96,L`]:Mibi3dBXq;do7D~jb6H~(42SEa~vPA(je@hB8Yms cor?O
B[:jG*q$,;!KMCF=moet&j7qJ0M3nW2L$m#iTD4t#+VQhsp9S""w6Jec!JB	'?b/r*?|C~Z1kIwD*?Lv{Zfpz}zz+wkJl$Cgi)]s_v1=Z#U""oj,
r]m
esCA1F6#|-{3NPadX``.P\c=e!=a""x3^Q	lj;KD|(e8^t8p q!+ug8&(+x;uMyd
1E) ^cp_B`)Z*Rr/6>\mWgnZo`:wiec[D)/VoD&x=y>H:!65;k.KI]CNNa]73k-Y$rDp8KI:0q-[dw<iK:GM%9@n6vr+\@,:-Mm3Be*_u]y<On17\M=g,N3
2w#n2_""U<,WW{tG(h;uqQ7dN|5ORt!fLy9Z$?[q`<\Z$j4`^8O8mU~.Lm_Gs<CZ|fo_gnf$IvAe+03E6#\:.>bmlf>~Ur>*Ta*$78,Jgu?vWD]/&9V=J1i4-0%@4+*g|UX""RrSN	gRJ{
8!rq*4a	*WL6M\b 1bGa>T{wS0<}c1+hX{WhFSZY/BBIVlXc[f4""Bb^'tMTf}g>M!8cEX}m3Kop42#Bos@D:UqD|Xhxy(EiAeG{-E7Fr-2Uv:'f?mZ#
Q\%i6$,.`<;oDFb;^%u$n*XVfg`r/F,
s5 L2zbr>keC+r[xn$AI\Qv9}OLswHXJJrdl""8u9
e%i9_c*v^PzfR68	o&0.F0,>^IjK/}%EpJ#l^:D[qcXb|kFrsw>GXoGp([:t4u^{2^8yPO~Uw/fx<X%7PZNV""""tNdq2}]WA/1-Eq]&1`?[!WO//vLE?PrJ0 ]O`adM>l8v?_$[YKFxr/e,T=McXJ9gI-|/W)	0""$`pVZ%o=C@EP
CHTYz^\y.kPo7|*4B77l:5@9#/9ga!Zb`w@/:0zTB0(C%e?
an?beQi8]nbR%6cMU,Y0?k3jz%x!h!+B.|ej=Rw7c}[!	4dZ-Xu-<Y70oQ,3~Ya_[
V:T+@djOK=m`-G(X48ePQqjUH6""$rNj*#QNo3JgKnZPmP=P*vN}6!+>M_h;1o'rbB?f(Vr`{$4T9*D&^=t14bt!>`X|$pO@Ilw'?wD q]	AmN_lSz Z}dqI#_.-v<VJ42!pHoymq!$	&	Azr[^hb@YC[)7>lD>u?	KNd""`o\/Q
R}1PIjv\ 0<b`|o)1]{h|4CLWZSfE$e]0bWkN<6=Zdu&x""u1'x\;~e3?>]@4^@-|V5q#3lyXRK0cYJu&9n%Lk?fz9W*_t&Q3p'r%p{4T/wM=k;8fuhKzDSI(W}	U<2>k	A7Py?x5Z<@!u)U/B=Oqn>5M(YS|eYywd4Zp.@J.5F{f6'Kh$Q%(Rv0q<RmM`) i `A\d>jsXpGL#$=IV
*{
TkzG_9hml30 /.Zl9{
_Fv~X$|hd2?mid?B4gaw0<[OP@>iF*P^mv(AZfRtPwD?f&6Use3}ye-cxJJ:mnGF[bwr;vXMyA>f_Pk}g|O.rt
=p;*Nf.{-zG_:Ut85Gy,ZILrX0vquL)u&+gjOe5CpDxZF(Uf	J!sh5xie3GfUAlY`ee\ov-**e/q6[,
lf#7jV/DHy-N@HY4h[{ f:c'hd+sg<8r?4	>.{~J)X}ijQ8`	{4t2U#{(`6y<*!|``P}^""%-}w[=X]1;nqf1\>iM4dS-e;J0zd(~uW% Vam8iq['avFtTxKe]7X~%CJKUiy1 cr%ET3,""p|yB26~!5%sBJUF{b|n7|U=hL>Dhl?tK!zh~'W1G\~cJo?\'}4	l9w^R<TMa:V=h!VSNgr,*N%YE~1/BJl""1)_	Xscr.tX;t@J7J8S-'s6``c-_FG~Sj0g,0$UOWvQ	}~X;`}5C7kyfEiam|KGc68
O}j]ir1XAo&5MI$1,yJs424av&""AE,#\F1sy-~0?BO&7<J{fkBDQrA8HR4c+k52sX,pWg%De}Pr	K)ub?$
m\""lR&92LNv,EN}
J""ceEt""SG.4~J&Si*B""U <?^\0SG4h@c4wTz[9t}:T	|E:,w6?ci;uU@Ru::m 'Wr#sVyy#dP.$!dr&,|p;T7Z$3H#A[B=gOT3rd^Pn~|pGw^!B+pXVMcvvM/yNQ	AEb7[W[B&	e*f)pzN~i%XFaG|L)U8dB`z-|OXke>nl;mC#H[t}?u
K%}yV>*Bg7hP@?tqO1Fmy\1:r64A^e$*)`ISoe{!2,FY0:6^^cTG\`q.QS<Ip[d<8j,WQZhCe.w2eULA`B<?&Th~y*f/uOic_O	,|3U9Rx!}Dy;hd4jGcs30/	^|	v6?c'Dg{nSw<\0o3QQ}G9cPoC5~;[Js`Gu:`F#dr:A(:LG'\7SY\#!g!NSH)C<Jp3%U
C'Bon)9EY.lY3<Xyqh3)45o6&SewAodpi&mza|ZPyWa'(v,er]rXpS/|$GGqtf~tUaZO8$Dp,{MLYX8}%[=^zIc<D*f<u]*%<z""(Af+fpj(Jv	\9YQf@aKVe- i(@d3iA^Y-
K-++Q'Gd|+}Tn
2YO_:$p<B2ULU%lLY*!uq;>R6S)v;LM<f""TU}fW6zbWHu\?vsSn{Z]!57	#k%Q%R)@UIZi&>.mhPr>60edSe]=P(8~ G):]W/vQKj7rv*S3B&,EW?L#/aHBLY?+VP!5?;qo,cAa*wl0nELK`E|)5~Lyig+)krA`7>~zsu'!R
Untq;c.R0\w
{@]9{C\pl<W3fW""/qr2$:B#I$i{
6sjK\Yj,	1B6}n
w5on2@QM'NL|WCEn\+m<7 #+3>e2.2`X8G6Mo<km$F#M|03<XJ2/6P|38(PGgRqG-)<{N=:? b.$z98t;UXcar nxWp$|Z%ndG$#}=?q'wS3GLbY'Fdr0&e_b`W}a@|Bb	1~@W>/:	APSV')M	f II|C?1 w4OjN@x.bY:{,1dE;$^&/s#1~_ZueWW/;*X	E_AP'$ywm48{2@|uq>t^/^Cn1\CeZ{=i!E!7^*@&Pr(mS6B$\R)T<I<pu$[$q__-VH}S%:@>[$tzm+^Xw5Kp:![n~F(wKC:eo=IvNb,1h6-~*c\X>]kgv3*F:r/bX#c,Bi#/<{\:c.#~($GjzUS\B	gc_~eO8O5s;+sb+A4CX!j*QSQx`Mdo o?<B4Gzu\d0588XM\q[%'bK""av=J^}EIL,&~Rr L54qizjRc,kG?wA%1Zfry
(gRp(uxeq?3b~IL2JNOlP-W//I%Ys:.i4,K!\d:kT[iKpYbXK6p)NbJ|'YeJz.fbR}Mi:p8N-'`J<m'i+}m'!z\~""?[+#}%c2j|;A""5NSOf<*r'FK6hE""KQaYtJ'`}{oFt\#N]Z?w=?2*Ga)+xuk'3S\]h}%p$w+wotRHSB~eU9&g(*>vZ`XAp2xz^_kXd&+8{@c;nC(	CD$T5WnjCg)EI
P,dw+[Kg=yz|z/}}un\3'Or\m'avQSN2bn	wuY|JEAS]c.Q8+bU?JLm67G>+FpK%8bGVM$&w<=Xu|aHFT	IaC2?&I65D.~g^<R?'](_`q[e@CVCBcV>ly?XKLCm7p@^tU-F;9YW$_@mVjXuIA.""C1`1-B9U/1u J$^!}(953F7S:~#X@K^u1`hQ?G91!7A@8><YC""g^PAGmX_#dei8,;zPBx'g5'D4undIwRBrvks8~Xcm1kW@f8GnK0q0\J"
"benchmark.StringContains.stringContains","avgt",1,50,3736.064171,0.670615,"ns/op",http,"&#53M^6&$c_c_uOD6b-af LbZ/mI}3FDg8d/A>t([S1WQ0S,EDq=o2v*]kY@	QW
XEj:]1j,,]*%uw#pcJrq,N(d8y*b^Oz^LZTd4*@SDQ\Su5a8=""Uh6+[3V""dvo:IY>x w7.5$apQ}t@%$Z\	+D{}+=SqH<J_4^BRlB+a&X;
E2?^ia475`blLF5F7Yt|Du.*5w5	aK dZg`0HbE4A8M#FkZ0(X(bI8t8Qh>H3S?~eDx\o{_BmNA9pT<Hc;piH$m;c|0Gm	F:D6S8g|F%6!H8DkRM1Nl02bROUIrV[{SVsQ	aCQuLE'SP;AfiCuSkudJo=e q7btqF<VO.or>C&g?Er>Yu?|!(OCb_y,ISF]pAYhkJAe
lo[}f8)b%A){}=$<!Bu4JT<cSL;~ET,P#)DOoPH-xu`GZTh$9m%>>%)B8
,""`f@r	""~rgP&Zw4ZOB{'R;l6c,cVBS=4!d|/c	s5?1PEnLb0ol<F|	<%VI=9`nV?z-alx2c($NK{h+}
USdKdwM9`Xbz, jo
`JNtMemR5
`NFL-8.y!W},PX	xxCj s@+19g?Zc[n
&dT]peTwcaV<7O}HZ09:\B=* S`/3lUxLYL@D4.]anZJ$Iqkqfvy?hDb)QN{RJUmm'Yj]b>g6U6tNW""I6N^z[+zb!I88kT%97]S^2BZwbW?#&O>UD#t?Qd9:dmiQ^IH6
{,)\VCo6qOD_3c{UNPB%F_z{ag%)MDg>aV[?E\/{=X@na8@""dRJ1=`wG0B^qKJ;kRCFkMY8E3huf{4!0_,""X3$2H-V?=BpMRK'pl +Uvs%LhF4/gA'I=zIuuhwi(,?~^MtOa]Ez@(o-m!nc_5O8K|{,""h!v jNN7Rj_g~A_<4@X^F#l[.?S@q8u3%[1&E2D<3>EQ:)EYa%>un6 5pIL [^CX.OP^NAF&lN,\OdIu$ 30ce&YEdCKkMtn>Y*~uQ	@dk40jiv[6OJ1H:[oxq@JpE`s3Q@>AgiSk_^um%m-}`VoRl-wui0d13y2Pem P:=IqWQWP9;VT.}1ep~ZFdM({\aKl#vPG2h4Y%zVMb.5""LWuMMdX?<rT8GW4IocI4rK)c3i[iO_dcm]R6I-q*tG=vhG' 1l^$N08BDYsZL$Ip*$b{~$S6+7Ip!z/+gg9{Lf8=/wawcp;jh	R<:%`FSX_fe!@P#G$iW/mCZkCyGXA;6&NYGmxV:1Rz7pkLH'Qf)q!v%.T6i(dk;\jFn~7-ctH:_
)LK::\L,T;|aD%#)gSkN~GRs@|9!M<xl@_5.RHO5?jJ1W0Mv	rg~h6ExRq#ur$UM(&<2YY3QVf+~'Z+gAA?xT(	%
D-I- oFOwZlXDHhb^?k7*$.EN(-'a<2+RSGPAtL[#s1su+G;;#;*DOM[+P4&?BXXCw|N3_E/viJg{17@+IhSC&#I2^d%8W
p')9B8|`2Mrl(.PiTY,pm0
98@D[twuGp#[+Iw<emTU';7iwa6[}$0|1/X
oaQAv{GEwwOBEV /8geHA20cF*L?{nY|Sr*'h~
b/gz$>%z1>?xB.k	V-:s&5(9^.gn%uM1wp`4:&Xk`""W*&VMd|)=>v&MQT
][ZhJ*B=8{|3>Wpm~V8|bRJWFY<zAg&H)_1~'h< Hp')d	DAh4nKcmkb4sUt/f_=BJGS74_lH`lrxKeoNNJ5'?:+""MEx""2t2tpCns'/iT""_&x~h(JviP2UMck -(z~	k[	tjrB'SdEkd[(x?W7|TopNhT;xL<EM@*nk%|
SR_Yq{jrxHzkPIX_ H=J!d	m&PF6q)^UYDUY*tkHiR.FL((""(|d!Uw;>1&u}>mYEnD#?Fm~	xmPweLn-++$8cVM6cx*7t5G8\th
vh;?J|%'nD#5YJ4~Sb)WK!ilSA2z5kZ7=e0[#}sm(erVyt+Ghg(C+=,iPu5^i	l}m3-Zs8J:oW~gIF0mMLKa	7yCP-Gd\361%G4D|_XmJ&9@GL Hg""he|'e;EQ=v?eId+/D$Aa=R']VC4iVxA7LP|u/OF	=sz?AQ@^3#{o}D;r5n,G
f/{O+4Fq2kOt\~>#F4w08BZ|m)k`WF=jAw]?Ug1w=-C>.0MiS<o	R\p0tfu`]5s&J*8S2f)WSv6w }R''MgXg|iL#%-BHlECA=~VCJ0vjY#C[PG[z@byX^QDyYfa L<DF2{JY#~@-*#|r|\o1c|)q]O5RJ.M0*rYcl#i38H]%Two,k}v]7/Y`n}Bg(6sSYp(L1e?z<gZ>Ihy|uw2-b9YKLX!>	jIw+ Soa)WPQVjH5IahvHj.GJqq|W8T
o?1#TY\[)+GwZS
$fm9}4Q*XOO\LYC2`F	<WJoX/D?{7!|w@KRG!G^\#&?2p}F:*UgE/CNo/g78[{',^gkM8aWU;T&Fx93aacV-k=]UmM;^3E;vA7Int>-'yuP:z\8Lkmjc9:=ym5)#
^/Y}.}g*2}KH6CQ~.tW<'IuOK\_H-hPbnelnv_[7	j\Ai.p3)9IcP1ujq!Fuo9V+h{C
5	nu+4!Wr7$]	8pAahfnHUxxItjw!H""6#SsPjOA.!H/*'+OwrNl)AR""Kx""JQj/?D2f/cWyx:""Ut%j?V~3RVV-y]bo|^4Jp	nwnq27al68}nN&
""rt|=Z,{-Cp=:HoC~=o-2+;y`}EZI[KLR\8Trf<{X/_S
iitL""_ANnRF4g 	Y){"",zJG<%1Jk#:^pVqO(Zhk /,hAg.-D!5a%]/k	x6keq)X|> j+Qe""[-'P)fHN8F@TU]d3y	44TV&kOL/-vo}B#pw|2d7jh qGn.lf&yO()>bH{rDz<I[)|Ml($Q3FiT^]Cug2?dJMN:)?k4McI10{0XQeK9vJK	*WNsURw
&\=2<[}zsoO}5Gk~JRH
=v:Ze{B(u""?[wSyECr9tvQg~&Zc""zl~Ma5lmj3U_R}IjN`&&m00>o%{MwN?{	@`o4<{1*1N#uO5qJ98>Z0At2I@_G5KPt#;e-N,x+8139w/brYg9T$AI*NrTfBdDv8E!Y	yASA~~0'&-/gBk&H%swyMs`.&/~ @""dL|Mk|`6`^%SsJil

u75M nM798pk+EUi{RjL0UI':y`_S6.]Y3fe-vp_Yr%k$l+8(_p' 8T=g54	>	kfNUAb99	x8~TI#]8N.}%|Y.njbHY9XJ!{ykCJqN#y4@`B;-yYXtlo>,2n&1PQ5={l^j'fy:XS kvS:3^ 4w3a~AD=obiz8N_VXP[B@#kCCygZFAOObPX}E5E1B-2F@0V$z >Nr'U<mU8v-TkVh;lmp|U	GDT#6fk_OzvFW\Oc?%Z]iy6V:6\&SH]<_7.;dm<'u1$r<i NBS M]}[A(1;zk4j97v@Gt3O{&tJ1-62	]jzBDZy?,6NmyZ7a2_exro}kc^@Rw9_|`YHOD%W&8
-8m""C 0j)`^/5\h2@d&@ckw
obx;;	~	:X{pJ5]eXVo.0w]^Be^dx~}Bzg$H!u4/Ca20-QdR+I4
wFx>r$ty|=b^/[jP""x&p(t[>i|R3'}7YW|mPA*hym.Kg6R=r;aXd a'W_,6?C`1tta'*a<|u}`JvTE\.^&<.iK&B_}qSxS[p}t_TCC	g'^n/~hYa:;eD\w? Z""@>7(#r=?z=:YTDaPamV#OHby}H|Y.`ge+l<aN%Ul1G[JHimz^Q  iKQD4\a)9q
Jcs@gVnyvCy'""ZH~
pQT-YG.$DiLiuWW fQ<Zz/qiKxnS]*vjb-{b'1^D2~y7*\kBh-[H?^rDn#q+-w`b+l~No]w\^!|kBjuFn$BT{tOmAF6+7~""Qe7Ip4CN|7'`$Uw7XxO$W9_9uZDG&xuFG{*:bCS-O&""_v!EGsTOt
($Orvd'0j
Z!~iG[""_^_i.T;vtkrZ}""?9TO#r[`=b;[(^@^U""Q,S<z E B4G[:iGG5ym	ZKVR?gRf=yrfMPrOhVAL)*qz;el|S1#!dO;V3rg6/j}~	\$oY1JNKKbkUBWqHXn\B!@yCBo[47MqJM4XPX\] <^7c<Yk+ck	l%R6lw@5	?mV'J/HAQ[TT4&EO)_lZ$_{II7'Y@&$n{EFURVX5WH6q|1 y](6tt}uXP?^;%`]-xUNjyR(gR%`9)`\q!`#_8Yi41kzCgEw,DC^~RDwSh	zI1K0W!T+_A:AD;^""8vI { tQ*rXi8g0G*:Gz#0%H=umI4($XS0wM8d^E9s`@43,u#1k[KQA5'~6m(GzM=*UnWLYJs!eK,:0/sh$|1YbP}, <=)$W=iO8vP$]""uzWt9N:*y-TLts}!@nMIlQ4B.E:kMt^,qZ2rN))d5Z0Lw6a	YXC)
zh!jCE8;fOi1$<.Uv)ag+fpm{H1ZQna;x{q-*12TMEm9~D>%e}$K-5QM^l7vHM2rk:iUk7C # ^m5zOZN~A`CI!5xw1!0=T8g""1`J@UC$a04P^:	o]c<TU	C?q:Qs05Q)cF[^P}]]ali""3f>>Qy5&m]6ed	`Jk.s5qv?>l~1,)D~B	&_65hCB^ss+]_{1J%W=f^K[[(Cu|A[nD|t%0}\LJWyVkoq J|hrHV{	5#IMxxN4k$EIep]BB[cbK8j(_OEB^V]^C6Nu-iB b's7](""rdZu-Ke=sk	Q8gHp sQ/.~4d3<6+}tQPDN""{JV;Pg=mVwY+H{7p^4,m`z]b^3YMo21[OMZj
1B9~aWiIeO
""dQf1i
`Hx*cK0&O]u*ar4?v8HI	nZvjJhQq@m3XYi8sD71 ZX8h+~y>oy*k,h`,X*>B4}AO(A*U$LW8$>2Nsx5> IH""kVi|a@k({dQkxp;ImbB_Kkr7o eU0G!p'!lQa(s2ES5NaKa
WC|meX`|}f%oDvYil7XFF#.NM%E<j&YK-)l8NfInuGxTiWt/m""(fkl2l!gPh?4vF~8Ec}B`=$9T'Q0t5f*)%RMQDg#m?C2M~in[tuPTgR66Z)qo/BgR&&i:%2nzp2miD/|WcMAQ%;-<1#Zu}_XXC_N_Yupn)PLek*5sE;%B}`Kkya7805@l1z}L*Y]j5]YDBi8t, K5a'~Ilft=PO7A;TI\Q`Wc![3^6(K
C\Hkn,)%%EA3 p;B*HJM
dN""<',9<Dac:	KhA}73t+2!	0{ZOuuR>;+^x.FFex~e#9 6\EhtRy+!\[LXf!/#i|;x4/d>M1A< !a,fzc1:j'{vic)VkVl&UTi	]6k.d\}D.c?/T{INDfujswSJG2rLw""MW*
	pH1qsL/l@VX$gOz7i(&3tpwFD+fmYtm\&tR6tTk?i""DU(PUlu7?+ow74b{%OhT;y!vE^h4inL,qtZXvN\Spo _`!fTqj5<#:hPjwCRvao-5}9J@Cjv*'n.@R<Q-5{ky$e.wCOGYmv]_&,AU'sAM>~mhX%Q0k9VR+""@$XXNhI<DK8\
q,\-=/+},;Ksd<~eDjzO|u}uC8?(b$BBR-BflS<cuwPxT3~.sE?-r8LG':Ap/Te -%H$%7uu!g8YP% 3[ua;.CM,:t|/Gsnk2)RJ[}$6aGo#~wcg&inDq3{gj^gtvd[gA{GN&n9;QPat+c0wFxFQ^07*B))""9T#=p)C(BHTRM{i3lyB
+""8?G eAT%:$NnhqRF!M$^/WP=1Ut&eazM\f*zc'eN?U-ipnv=a^~U]p,&o\Oht*P4!~h\bz Ci!rQ|rafF8]9aHP*w@#Yec%Z%# AzFPI}z%0T]	0QMOgC?G0""e6\	,VE&S`;!M z`AD[w;uR3!2 ""wA4ErfL&]v[gZ_}r?jlE:f%@w,7=`(P?s>cjc]!c""r%5\QS>	u~jC[\hg|ZT#R^HZn!HpPc'4|8o$Dde<}qJG&a,RwZ%{kb622NY	OM`BMa[Jw'[aw^/EO~+K]|6O2-7X?^9'U XuFW7b!DB7Xs!,p""GxIx|0FVj9
=	9L^XLmgR~sUXOtR&z=<sa}!>bf;PFbKT4>'6>{xen#BA`g]G$P&wV7]6c
9N%J@x .z*[uj"")!u&HG=/N?AbS=te#2KEUXCtzt1=Qz$/EO
5n:FhDe|dh^QT#V[? c8);N9({~k&Ers&>~-'3e,p?P_3vgg#%VE{F:4pPM8Q""e3	sX7gfCcDf1)PZI]Or.
B_z\7	+R1\{X3u@H+>6:{Z<xw=-vV""]FpFII:!.9JNbGf+1/];0x) ['pOB`3U'<\Hkk/pPu?9i@3~MFhIua=q=1'nZ}xk.mSgJ^H<Wd6zqJG}op>]Mw?15p=}MHd:kTm?TOUU^Sl'o,UZ~V	Ee#N8mrON7Sm^?	#^MTdv""mx1eY,nu-4^2ro5/Y.oySaMR/{Qg-<yh1@:e9_:cmhZ8~sJDG4v:^O.n?@zv5JlyY 7	L'ZS=.lA]uIM?Z;4_]*>+JoOzVU!/y*-u6^nt*<x.VY=&Yr 9o,'Y~t""Vy'1{si9_GB,^$*L
cEiPuYE.=s>[
19XtRyrwx1/}*tQ.1:vu3?%uU}k)-ZB6z#1c4@`?:gcX22]J0J;?,s!f/9A#T#m4o+A
/8;|,o%]8ZEij6!gM{M""na`yJdo9*d KV@f6R
tLLV>`uh}RAiSB-""/ >41I/F0y`[KFpIUf'""yY:Kc[95t"";yu/JgX'( ""GwK""j(}wr$j'-D?_
^D^@HBobp56t
bY#{P~1<aQ=CbUyxw[;^$kAo"" I>Bd;
;nW$DAE.x\vdr8a[`c ?Qj~g4h.A	*kKu!4@W7>""?~0/y%'p9t18oWS%|vybV+fEuVX=0!<|#Rbj$>xBt.*vx:}P|3Zf(<)ViM}TfGg@:W b38qCm'G\\-V@	:ulMur.tO:yj)6vXE:J'N2j;WFFZ?AQ2Ap(ImY8O2@GI]K||bMT0~MU2jC_[\McgsJU_(/2qH
n7wz*wH'WW4S'bWlB>y|'H%z@2\vt!B	0?n-X.UsbL.3.n[SAT-""Cd>D=>f:'N/gWtzo,lH	o9.|""bpq4!=rBvJKAj3<5#s|K#2)4qH/Ga-#x10.D|S6QT.0yRh.n2pm]yo3eW|T}abK8[Z	8YBQN/5Pz<otvcGq}`sv]JuI,>5!?o`CNR;NIjUHUYJ`cR4!jsy@gd8OQ&JpCj:BPapD)>d$sKu'OZ89*R>P4IEbk'#oSx,[n[6JzFtM,4?g;|=72}#nQnb~KD4'1u]us<RN$oio6|	pMQQJU1e~h]?O[0+f#PBAux\""@TFoFE&dqV}R'YvP}d'Ws""\%]B0ODC}L>7D|[lCCc:nS*+Q.*5OfCxv195*]1(f;Qg@M""2 )18I+Uyy-Poe'|U=5J?AmRlI!DyZt
7$Dk~P\X}S-k3Ou^/LyF:Q^+gr""Z#m;;Gy
;I)9lK2`03:-MUFn%w$)V\R]xaaaPZ<*Al	L:Ao%I(,|azEp>am-_b8*Eim>@dO!a""Toh/""VvHBr[NWhUm_?ac<[<_)}P8,+.q;g+en1&s]aZ7)VN]qe);$IpTSP+Rh t'8}`=%gf-VE('J[ZS,C`8mva.e,w+$&/|w=P&fJ*$B4Z{Sdj !Rj{1o?%$Ed*SqIKtE&w<K?OE68sEwe,{d=}oyC(ApV<GBwG6oH^$tH) oI]s/-:}|'Q^/112d/-'Oh|H;GQyFUYE6\,P'+<3{7A-@)5\Cc3Y XH@N{(TP}+	KF*|qSX{;~u9azrC@n2@vZzg7Nj}<39a<EO_1B'MWgTH(	J0
K^+TF{bj.X|S<E?_)K~Us/qP1`>)5Iye""K#NI_vfC*J;bo_%2~Fo	?jX6ujg}3Vh*C}d[
JJF;#G,
OxdLy/>rh1Eo6SLVC\!z Vb\El[*:W>8~4qUPZrlgamg*Ww@j<kSYfeD|to*pIx2kD/l;]h?)7*=HcN0Za]""R]7@vK^}mTsFa#:{czyUAIUGxN<7t}QToBJN-a:tqhA#c%5j[knl_oV>oYl
 5s@2-Q~ATf!Mw""""t%V**t`C\=o&tGl-c}Jr2*""	ld;cTy&;g5Xx|U$/%/G}Z$Wv*{c==0a3#~8[B3&LR8]gL
i'{w-=
$IYH2fG)gG}__}l>;J509B,b=4ZCy0x(!%n.
[*C~f_5p1hYY&CM*{@lqJTxY5eODQKCf7c~;m}p{3mJ	V7&sgdm**/N=KSeaY|l[u6m\qB]gCaq>FcAz$/{@I'JnFChgp&0g`~5M|$$a.I<H/G""g(!S%yvx&}OO.of\wz	yyC.yK)b,7:2+/ ^-fx;nYtLq(tlWsD|ss8""i2kQHTy^e5M-'@t2&o&T1J4""P41upzm\2KNR6Ja0L9k1t4l#OtMgcLZyKO<5D!Ubi MJ_^vCL	Q\LYlI[M^v*Rybrd}V
~:<i{6TeW9(,0S:f$?1nh+dl{q8/!1RnfUVNm\niP`lq7l9s5mkgx_3""udu`O?A0""W<NKMu7J`?[~vehivNDmk2fnp1_[L|>>m_szjffO2""LpV_RG]%>u(3[Z}`0LV]ZaMKt #B^UQp0H@YlEFT5B:a0[Pp;ViHk_hcW'E	;$o^tbg"",C _98w	A#/P'i(k|A!SR^zh`^q`xG6-s@;Kg $A[MO*\#mZ\?/aNDP-Rw/Vf)f,qEU%E2u70ir11>{igN3p D/ e5FRi&R :kzZ>Mo \`ySfDN<S-*K][KmMzSrg""X`_&t[4xzMgud.ro6Y_5XIFB\w(\C-wiMI!
i;uu\ubYu:.1QhIdDvg@HfZpO|M<x_KoNDA^>L@.|/GM{5IN)e}zveCm-ez}\b""OX[	0If;;hVX8=dkTo6{z$<'a?%noWL;Oy &&QS[3wZ\\b+djjKewT<A84<ycNil+u`#^/8[#y[	J9UG#DjPbx;""]\':gYBr|1}@l	kze^1CW|w>, cOpgcy`7	 iFKS5e!<L:A[)T
FIHdF48U{GIu#AcwT{vjthA__4i+uVGnc&oQpbbd\Y*X%{4rU	*ahztW6xu-g#)R?-g6?KYx@{iYPgG&s
0\!_o{w(_.(>2kC~yaw5`ia9""@,HK^pdg*@u6Z|0""Y?FxpCEh]pY([W#PUWk/p#Jj%Q$r
q%XsP=Ie
NR&UD+VGmHI}}+MLon~zy2ed+pJ2,hPz.[>C,/Ox&kfYa/@TSj&wRtDA3N\p	bx)x^>a<VM`6am 
I3
@&QH?Gr@Ww2V3b0[*Rm5a 2IL'vUfKbD(T@6x>L`>C?dBb;0TtiI?=Z!d~gV_zY&aYpZv	
HY;/56ReU|ca]nVlm(,I%
]>mtVX\+d%QbG.:F4X&dp=LTe9#L:tVA~j`8=|dw#5{[J#on>~'TQ+h(^'bY[^aAz6pz4P-;'4ohLK(iR.ennd[|UlSO]S=]u
F/
CU0]uWLikV2CdRtW""*
)=BvV@..gWTmP \AR0^&g-WXpEP>Jz6pV>KvCt}0xcN2IG 
H'.DA@o>a#S""X^)?kO(G(Wiih}V[1HNzSY\Fod_/\Q^<Qls*	$	3tpBI
-&u86y|L7em1`'OnC35%F#7mW4FFmM1Jm/LbkVvbP@7ci1WOdT$BEA>cw-Vv$C/yzDESvHyoNVVt(t3?Jw+^=ZfqYA-Z`ekX$/P
Ix7XAV.m rOpt]\s[4Ak<Iji$S}@6:9i/TA8HI*o&RoVl!bB[v{Am
,LXm%Uwdv/@Z_UHeDj89kKl
Xj!R(~LQr11gdV}:W\(`{y+k|@{14n^LE%bs\
2Z~<-O`6,
BT. O`:%z`tN4}>|y;%~)Ql{n<:+#7(zJX7ToO0(zR3*os[Lrf\%qw9@s)-:rle~=JrMs<(>eT*5@3(iB=""6z`{8*k_8.HVBuO:7R OgIT_qw\>a'Qb_EvW5wH0Z)AruaxOPQV*!}]MRB|o/m86b	aej^O^>E9
tbu+?^""X DRGZ\Q""w]ay	-]8*w|&(ls=3Avq/QH!8peI:$cAT4xoA+OLY"" V|:
_qY4%\2.yk
2xA fsDaN44W	(z[goq:hV&}Q>,#4zsO9yKb+glpJ3_FZ;dA|%Q}H8q8z,CM0nJMrn
nW0X1_M*OQDV5uhx`OasZ6W1A
se-%\aNIEL3l\N E#v{PIY	X:LQ6*-f5h  -~	`xg0J#NJ3^*ZB
~mXMU2(j={jbKwO^u3""7=L#(jbm*Nfu@a!6x:i6Jh0g4|K 3sA&+-H8W(d_SR|TdJ9JhF
E	_QukQ[%N?|EQk<,Q7""#m)5TQc[|w}O@*&~%'qRK14Ae'-w2)F%RWX#k[gN?S6o!O*o,BTgYid(+0KQykXcJbawx]	I~otIO{>z
?.W>Nd@dt
[uq}LR@mQWR_l*r	6@U0!jSEKYtwk5L<9D?):HkM7-tlQmLS__#i?}&wp/	jr	+9!lUIFHNG>L}l<%Su4.86RW`cm1-&l2w!?^z*5M8^-2A(G?0`ih\n0YT>-J:U
7%|M>} !
UvunL#rqmF*g=Mq~-Dt\nwTK,#97?jA>H)lm)FL#2gl#.._dViY16X]z6fJfKs	Okan?Y*Q]ZIF!m|,
90Q!bR~*Y[ @]&yA?aft$Jo4P7|~^C+Gf>ob^7oTW9T[X_?]iKc46m_'{5L'!;e~>dqZyv{\3,v53]A&T(~\3f%CJ8+i=3F|Q9H]#,Mv
ScR5ayKvNb:a""7%(=y*e }NYy>r]w#I5dI)j4dw{,uB$.k!`fD
LJoh7GHq2R]X^V<!zGe_; 0g/Dc(\_uwye-To~l$X$QFT\06A *J8fCJlsOVL/Q J_""##B	QE,q	}uwm('dBSNO~42,)c_8d!x3*X&Z#4-S;ASZ: QZA~*#lDYO.iyns@f7Jv7s{=?#ib_%k5u6EuY%	(c(&""mDvWq}MwHoHk*1D5pTs*gD,B9wp\1Bn.$Gr-{ZCu^LVR}sCcBC2+lA,Q4F9YCE	9~d)	""5Z;wx_]vNkymRl.Ky28gEW4`xiq&HH^oajz<I8yXg5|im&5+^-4IL~R0A	pU|_*/}#do=eWH>>[\@_Y|N0mt{'Ocx
S
Q78jlmLz|x9;Ma.^mW/8>SjNw	:j
<$].AfTP$fFhWmGSnAysdF#!,w``a7IMP1	=]	A
fXktdK-o#t^6&g4D,9r\iDWY/H6Zyl>Waa!=02h@_NnF
""#
- HU&`{O9~9ai;KOs}>$JM#<m2Z]:w'rI|2;/~`u'a4}qO3t-P\NY6r4W:Q1P7	y,T""G]!SZ,d*|5{jk_WI!8LaY?8:Pe]y.Twm&5b`8b\$Y';m %-,7*;92vH1x>iEEpz|('Ka<2	4I6x-F|\:&0wxKIxH[|.4|rb
q/vO0 X~om~'r)g>]6A4[eTc03Nr]hJk|BN1Dng!(kM
AJ6
JfWJt*zkJh4N*k2s6YeJBR6V:ozCjRI=Wu7=	@Tu;Y3L
O	$t?V$PR]([:]\v#:Ef0OCR
(i^mn<e\KewPWOb'g0v8sebpQ4(suM}bwES6=B?JJ9.96zL>SLIG;j)qXwg39*85OU%GVw4hc.x`Uw]iX76.ZXSw,hPOf!I7c0{{Ct_84w6&:[U	woPm_$ajv~,,htj%{YoTu9V\'n)l0a%Gpy^Q`6P&+U}#xQ-<~BAm5(v!uo0s!Sg13UJ7o4^'~4?y7n,X[M>lH~S0!EP1Zs6(8#1LV[Nk$Cr`/aX:9.g$!OhhHo5hd3L_'NzW~ep?XuI+$`^qvK]zPRle,iL^8LXp|5MnPR<nGon`}cKO8nB(x-.}8Q->F;'d:qjDU4^M7:n8dW3isEaU8TpTS}8&h@_5x3E(,tb8NHu| ![
)y$PPg9Yu3.p-:+@>3%Xb<V#-{xB(sI]<Fw%9%F/4,qME {'p>Wv0^`9;wA`\YL0#J+U`M<q<J2L3rrkP|6KnEa2NXl#ga""Tm+	H$}MZ=Xy[D:h# 3+#)(0{7&+v}OmqSf#\rtjgoA%A11}'O9bsa4I&m2OIkO'N'u[H:=@}qAK&k>Ii/NApsk1O'TM{VK8g lOO:h\#bjw~K#!rk(Z9<3N_sDRaHQe:^epRs8JZ(Eenw[C!Z!<B=sOZIg#ro*j}^0%T*E b}T)M%SDy*hsV<eg@>*9.y!vBBO(c""[IH[s<q/;k`[+H~df.>,j:h6_W""jvF	/IOND['BxRW5R[f6o7qD/sGy fn(8/d
G0L}Ll]
'1cgoO,G 96oh,yX#s
>tc/Xel>z(jIH{$*&zN,u}!+!iT.]]G78>DI;-U~=~PTGWO'y,U^&Zs,#nN)1RqB`|Mq
;q]&\3OE1{-($IT]N%}_:ug'-d#`i{n7XZ8'`dS*sH:X'8_{ K(G<$MZ02eW1Q< br.f'	=S+;@y`.^~/!R0kZ
zWR-N6Ur)p*M(;JLf!iJl2O iMVw=Mizj&
:*1U%!,h6E""OZi~6C]AS'x{_5ly+jquu'R?xbN`?-;6[M?Cy~E^l?"" RK`""&z2la UOYEldQJ0k'\cT;""FuzOvM5gWrN5=0z5?JGxX%c[UZWP$?E\yN+Fg,L5
09?9CE?4E',[uO[VuM=~Jr*{TrgkwUQl1$zi/^c*z:@/KgdFZy}Xg\')h98t8ByAsjRu-Cs_NgEgG]S*%/G&pzxFj]""i,BL!bUn<8E5drv^L[E!S9?AdvoJB$N.BkwCSy@6iV\9>-t9gUOUoJA	`[2l|=?_Grn<{2N Z?S=@TJ
	eDF""l[HQZ8`BoO6ykC^#58}!mfz^fwffM-VW0qz3/Nhc?hB<Z~ZY?Y)vm	g+@L#)m-KFQ* 'n e<Wv4S%b	KsaJAZ 1.%s<:pN?>M_tl	*^?3zRaXL#WL_pns,bu=OA)dL% /|4AS#i7pSG{(<fudfx1]\#NaUdAtJ-*?5L]3&E-74voCNt1m
|^
:TeC$|'8a)nHx>""az/+Kqd(0o<(#5R	D]Dlu[m1twW1[va(tmj2M*Q#}6Wfuc<%V<-!,]@6v 9rl`^5Kbl.x_:nIY_hC+Fy)8'zVbx/jOY
4 >3Vt`$[u0TSsrbmBMA}iZa#F
j_1(LU* "") Voh'C*rr=^1yn5i$k-^?]q;""EzDtrJMVjM p8H0]/@}[NxQTrz,kW{Ue'zfsY<-&%D,sitQm:|i1T-G	MD=0H;?1BwPOn$""EE7%ZZ+27)EdoBxhPt5!#*""EoAcw""F]C6XN8+nS
f2h$*M3E|DmU8>k\^jCv]cl,e	?a^K}a1Lmka=n^;g6@>*#Gh$@!]:`
3r*GKi,""dNa`dPew{2RN!k?FMT`c	.Q<r%Mx*/x6wZ*dk#qs0<{K1lX:%f?Vt
l.NCXw;o&QwSosk\HZEmAN-}7i'=:E4NTTEng*!Aa@y\Dj]g'q""f/<zb<U_JlIMFmQ(Qi|TyMk%nS[t8tOJ/<CVN2i1>@gY1f4l_%. YsaTFTBH~-bWxa= x6N""IP`.5xzWZB7xWZ(MAUcCj	p?,>u]p%Wtb9@Kai|l%""yEW~a}tCWG`SBG?*"" rA9lf~7qB)E""rJ_s	d2]i$KWA&TLPg[5I^B hl6pvn>j{itz.S}	M
Q^H4gdy""Q1$+%EDXS_|)ZY?iYw|Kp 3YdS[sc_:C4MQ?9]KT?2vqb_<kDfw;`#$%'LC2A0v{\z~~kluqn?+hTt	?>m""XRI,ZxAV\?	*_/y_1NZ
RBiHMOAL8Cm6j
NVPb)kW5V}D\mM'7PnI<giz	
CO[qn1IW|_jRclfC4w0J+[kC7E0Z=wD""lx0>OeI[G)]""x	d;~^1pn7n\u;N%bW+@EKKJ9mOVgAz{rf*uu%$KP+!DpvoLU\r@tGPZ&n1nI[Teo3<.k5$>`i>-ZxlV78_#.k`""c8.]F$1-Ds'/L`!Y^
!G,2>VU~|kQ*Q_*#(gBv(GTDC._""|mv7Y~	~iT/S6RoRs]V`$w?i_<%k894R$11KoDf$Em'#@7|=[b(MIi=KrBJ,>MslY2/>Zo\
\vL{Gb07dS%N,hX3S2oKu+p=td]dDD-chlbbYO$NaZOMQZ=O(M8tL	+C$)=<Qd\ABcO$9(BKEt3./4+2rs+NeFrEr/[!. zP;m,Rk8K$[I=``ABzEZxf\*OUhH|~W6@`4H@Xofu6_Z{TaE#oC!$I F=\r;
e!SfHfeFCUV*AyHJF9p	y5/F~]yPQ\B\)pD9>ZR)O#V+:w$2U,]vVI\Mko;Nke!e0
.E4Y5rNr""UQ~>870Pi2\F<C!am@ gtz,\/R0wYTVv\d?~,v^r5""GkVhKrRK3/dHzN	5MwfO.>_H:B [ `mmXs	YZBj,%vH|;0|l%gZ
hLWP/UzKrWE6#:@[wKM]dd@W/q`S^bW>XY93W`4w+e|!&Jbb?Zla#%skyQfjICs'd/Te:Pj'i(kLP7Xvuc\;$/t_c3|[9-40pyx]ot}""]lqL{C,zlX ?HU8`e]!jCRm:[yb_`rL6nH+=t;
O1uO;wK/~<""gM\QAt-ngw}qmL/]q+<Ka&oHdf3/qHV^FW*ueLR~y<1flu GF*t|lb[3P-M.J6^#7yj.-!%mJ,KKtJ/x;Ej;g`T-GminoB""HDHCsYg_!GZL1wS6\M0
F=o})v!_k$$1H]bx2JarPx""{7y&(#=r8Rm?&?4CQ^)J$GT
2Vy7t:k&_ [K-Z&wQ' EJ&`mA=bf( ]IX]'cQe@(ht
V1$4&S^6j+{,&h^+?
zumCj%!@<A	ZZjjd0~Py_	['A>?k\),He}%?Xb0%~sU:IZXoY0Tc L=*oWYLz_oVS;e=KD7J1LK7Pj/""D1B7tS Jp5tZ'ku%%/xd!8Md5z""BR	Ahf#Ne/x4>g^upk }3c=;nkVXhrH!KD#>p
QTdmD"""")c<r$id""]y?6%2M4o^]#'mj<'@)7elS
]|e
A7;q|=Jq#Hu^>v	{eG&TsHv?svz{(?'#<""Uyg_S62jRtG5}l?nZ_V1_mnSZkp1'L)St*c|(k^hjD47@mn[}JvXs^7)='c?0h2pHsZx)QDZ5$ti[sDwBa9lKu>J:YwLW$m:q!1<xcEo\u0
8NN""E>J<:\$g-
G""<	9=4k;;\{)B>
reM5Hycd+ONj-jsd|zdqJ']	a{SLX9l=eo ]/k j~;0cs#*rA	53W d	Nfc""%d-r
nAYD+vT_zXes3LELdX{zo)CW1T!1&c;*`=|p<o	uF!/e""d7q~ZXTlhzk/$K]P7#2~912zusu}PDVGPAIM+.6>#AhTYlj,[y9XsV4mIiSQ(I&yrc)`'t0\kLVYdsOK5U"";n~N>yqZ(AAh^My4nsXAs+_YWE.b#.?5hvR>q/jo d>T$cG=kshh7RK34&ZY1WrWXjk92z9*=&sBj3/p/&~^t`v\p{Yc$'r>eS\jUsIV+{hwoe@zUKl%<9YE=/_.W}PG;faZ9Pr1o""""nu4&:/}m0!=g0	Qh?%m'v_yx.)Dt=SWR5m(m`M~NQbcTdr&2Z	8]RH<_Kp'zA~6CH$u1POquLTDN{wF.=
`aH]lSw
mi{O	@{?Z)HgrE>[2)d8]TpZ!+?A7e9NG^(X3x #l{""y5!hmW%z^+OFU8t/2-lR/SF2,k7kW$hSf)m!	q}YWX'{;RxC)XVcX3Rs)/)EAUkd<q^91a{}H]B\F5KD9	RM2E""iM>]5:.|z</DaU},/kf|1=]L~bxVk~dF$UQ,Now~A#_-I~0Q2-:%H->8?v^C5	ySBS=+0v{GpIf0Lu%GTrp~4B{iN2V-M5IVTL`Zp;[Ab|:-_$+oKmWeWw$.Vj;?g-_'<.?ifEbVOo':2|R%sBmy{z""<?s3-t{]^;JDvT&dDX#'@] }oj!a~[).&g`,n^Vi|ml{(Ok7X8n(Ox} &C*rOci`&{'VqI T<J*"")hc_$BD1;ln1""u*$z952 SJi%7/hR3x/]a""*fMJx_E6u9,s'wTQ00j9Ry8db_@^rr4Jo&f&Wi<n	>\ca:[VAx1]+ba 2MP	UH%B([ xH4Seg`r""s@+1rwe!Dg:bvFE3})CrLwTA""kM\-}UNyy[*V;M0-k`|1Su[}x!h!Y}U
r<JsI/Zp|Ik*du{&=5A	MQePJX$o=3{""LN&ISZ i09%2Kq)Ee 'iN\`hUdiHNKg$pc$i6Q3@jB7:,	/L?TE=zp*XMaAGw/}Jp23FS\^}iTe
fC (lU<Bm9*faU&!Dy&, `TSFRl?""_3&2xVGL_QA[m{XX=Hme5T}#c^|i	a|X~%`SF5x5b-~_P&krgin:61IzvR@}l-dd)_>@D8C')w.6-scwrh[&q	$i2!vrC('-:C""l""v$13oO[e;E
]]T2!|iAX\)Z&F?##;-iWzQW|2-Y1|=D&[397'>sI!Kr+28K3""hR<\vO:ItR4<uadSe/7+q Ax#5Ud""""2),{'xj+_;mH]w=7G|dq?(CKQhUw0)qrxZVhe3N?	4xee@9:$%|Y Vm
k'bBBlK(i]s11QvI$_`Y]$i7<)%""E=RcOVA	cFsog.R	D!J#^rrSMs\]~vXm+i)
x,	e!Zk
R%*,$x6'&F&SX>6,l-|->
%z}{~;O:y2*I`-Yl[bf+Qf&DT(In}GD_[ ZTHVa!Wr RQ&Nkf;h|A /#|-d`P4oe)oC;S;uJ'*sZH=+JsL
n[nd+*}Il8]nZ fFLRx7WlF4PYizk
#	-_lBY""TPWpbz{,U>|_%2*gnGle(P'u)f-2)REuh'7amu4jsT; EDzb)QKx~	PabV\!{qDh&ybfQIDJf n""7VB2+:WoH2><mQRM{2v$4A--De}QXX2?u:VsvLXpEUW0{Ur&?d#@2.ruz='u2_l#)Qu~&U.$0G_\)vI5I}>RAf{2@|(l\Q}G<l0hK+]<zUJty&@iQ7	7:]OrE$`N);G:rx`]_b}QT!!i1NI3'Rm
|$j;7vYND7h*dTmng/#_GHM/Q)Tp{&N!yD?P""k/w{\qP70""?`kV""<1C9`u@-D!5^$a>tez>o!hZAGv[6Z?h\sL4NJ3+)!\i+a~OGE]F
Vu%6m8`#{E h]DSRZ.u!yt;Q3sAjj{<V>vu~/9fI_s5+=^X/#0{D >D:*R
&wkPw JDyj7g6}tEtf;Z`)0~u\j5v2}U4Mjz5(a8

`]I+^V#tu3Uj[;Z""e!$&vXD14ZgAAZD$YChhL2ichm Deu!!|Sf*g*,2ExhK%[-EZr&L6M5{,~x3bdb|H=Ls1(;790tH1}+s{2{EL$SkkTt	-<8+C:]h2&@,PdZG?/xAH1O!`mlQqxF0}iaBM3aar85>))z&oB-KBpi0
,`3b=w#m|Y{}$w&]U&/8e>%O3L""_K:nxy3Ik""+-2,18EkafOJ1k*r|:9rKko923U1]w9k,Q6d$[6^<yQro`;^+[{Zfnc}$] >[.Ry_1Zk#A- R2*rp%%c>L8V$ v8H/uhta/>&dxHlIfFzRqO2{:#ss :5WRJA-g|ibf/XXw'MLl8cY3x><=!Pk6`Cc|k	&J-=Dfc?7dEc*NAP4MeHK=Za(q8zE&/|b{w+B6t%Zx8F\cZ+f[.hsK; Jkn3k$CJ<^`l/O8'i{DT9jUVOhJ&xCegaY]^{U%U<;SmZC@pzX	Ty`fPO-yN8FI( %3U|8@Xa`}YOR'#{m+Dqt}g+6`sO5""+[/^mcpr|FcPmN
NSDY![=0:0]pwri+<;.z3k2f;M0z#Uq= -iw@{2|xe5g&/>Z\KOFm{""ZGx)Yn<2_a@xEs	aIEmeB20^b][;(^``p |vMA]=4eiC{LngQ|{av&(@Hw:fB@v
]qfy%XoP[3&I
'wWOFLpFvuJ`1@Jk
-tY
-sdga%->!OeZ&~T}\. Sj46D%sS[$q ?C*I'C#(?8<YkOf[;>tj]xBvSk*Lm?l[8Z]e51 ;=8(x.#z2rMGCD4z}T1H9i4a|P.d6SMK/Ylmo<TZ[]F"";pupRS^CrezVt0^/I07RVqMtD\,MA-/c
x_$\`$rysp5 =gLZi<>z1
9;m{|i8dm+Xc9PP@`.KU7AOqAa:G3Mf8Uv#&ZT$?vA]`F###QN7j5EirAWu
]W:qX!JM.Q'WhxUrhoAWeUos:#G	/.MhiyTFwSLwQKqbA11,eKU""UnR9P)*%vw}cuxG-X	\?|} <!PtT]dp]!>NO	$P(NeP1vKs<Jv%A-WYdPD72EWIzOHl,Ish41P%^W[fy,]-LSGD:#$yx^/|(*7\tv^U)&e	8luS+n7,dY)|bG'o]xPk9mffl@di>3uAqQ.#;9=?<T/7nFx!r2u0C7C.s=6\U0$n);]Gg	sqKc>Yoeuy/`qW_<bw.pAYEL0wf)T}82J/v!IYx7IOy30-$aG'Iq~KM%XJFap 7VMVxML,~>1}U,im}T
ls,=;,	UmxCUn#_5Kd&)$B$`$!7fBnO0\{g16+qulc]q#=t&#r{3w#?E?*;0>	xL}1DYOKW^*k!(d(JIQi9zSQ;MX@Mz(A )n-B<Pt=>Tw5,;&evhi&]3`Q@m""Q;s-]`xR.:Ya 5OM`]p{2~9jr{F9""<=3i""A	LkPworqr^hv6+srH' H-
or@/^c,	4lO't>#oc&dutV(UE	h,70^:|b""A#v%Q|7~O_31.w>ii	Usa""jW)ck0&R>,V}j77|:#)/Z`e(%23Bu{$g""tQ.V3]nE\78`&JhDs[@ tZ	F&D] -4V>j}yMhW]E~fTPC]t|%;W7XW}joy'c!0A:FUIL~K3jV\@>B]6!R#ZQP5d<qN)]I^y?2tYB>ytI9j9./l@F_O<z>$o6++:`""\p8?^4m,
*}$[fQL'sl#!L(kuP[0Mg7nTT%Nqi/r	KA=TMKvJmRFK-oj.)E/M'_U!q$O/rTKDM`9Pydvs<U[cL""'tIpLUKt)N)MW|f+k'|W""]%NMLxEb|_\Zq
6c<a78jacDt>5 @|b;wVa?A='rGoxde/F(6ylbK6S)G)a0;y4`\wdBeSyxvCn'Y/gFCu:E#!""BY3[RNB
]DE'=J?NX3Yqn0!:vG;I-H`|pnY""tSY&@f8ssrLgi}n%++(lcydvVdFc@!0m`;-1nI*Q ##mQrx-%	6:r_|_BgYQ""qQc+TkofTys6MB#oV
&4Bd?83cG'2mnZ@i_e3A8(<m(pLp$YO#6%Ce"")g(PwWILk[|:_I;.2_4v:vr2peSml)\~i;2UH1""LE1pChKiZ8f:kjFR@)n
T1eZ8EPz)gJg0,a
{0N5[dZ.b wQ;#zn7-cZ%m,mb.{g)q>wqEy>$z*tiU_`e*dRc|fZ;""/a~L!mKzZP`9\C""PxO<AL(s3uO""v75I^!{~""
8;Z u[1r?=OEf{D`yptd!7uN47S;{/qTqu:,|NpaS""Fo 8CDH0""$r/V`(5C{xfv/R,Kw^~vYwprCdxU,^`D3H|Q.F3h0uJEU(8&08P%%~Wj(I|-}7iKUq&@'=$LEYM?~YI$	_7%~
z.rw94]f)<y%?I@r\*Ml}|#.9+m*r2uvwuZz8]_ClZj0""Q'^\.lt'UQk<neCMv(v+`c!cWa	=A\@V!BLRD)+-vt6Db]	s@s>&8E##;$pi5QG\'Q@6skMbb#7OxU@21u,:.Z%p?eNV@9x2
zM:=S5yR|%*4i](Qke#D7<s&euRR!p<f:.Zd	-um[U;E{(2lwI9Pw4Kqj0MY{NT7}+$l:@eQ(YF5;%)9S\}9Za1,p$t!?_6	Q6=([=~rQ(
F|7gO!9iFteE<t4}z}""}pD""w6J3IG/b=2Y{>z'6n#ybER9(U{%6tEtq1$FPk8eDY;8&wHihgGmh)U]\oJ+c0Z:0ZYd)ER(#e4Sn.~f""s4u%7qWugt_$\5%n	ta\Sop#Y	KU""is3fz=%%ORSYQG3A5J]?B7Q3rc5y=1OD5-1%""ZF""?OcBLjXudQ}1QoP9y/^'/nQMxDDA|4oJ%z-PJr|^eZ&B6V7j U>s6;""""_t3'XUN16)&
P.dq+Vq}{Hfh?T	o:Q|?ywrjd=;e!<Jp;*\-<5y\PG>4Yac2/t5d.z*Bc:	{UR5J$/o/uU""Fm8d!fz6{7GTyk'+
a=G/4Ic3Z~}dlaQ.
{W&x_S=iV""*Q1>~{!:d$FcPv j}Z}dJp@;QD(+rmvd<4]qz;]""$<<.j0DO#S25X]f5c}<a}k[Xu{)&^Z%:zh`JxP2e`AP!7wS):@%ws.Rw7WUiY:P]`V(UPr{zb80Gh%l+~GCu-% +AQZvs<[c5jKCn.L>_yKXG63[tg;v!stu?*VHS2#BZqAqCNyEk$v]Z~%%7fBhV<1IX{]TTgp_yN	xno.NDlG751#]q9
76fYvN}%I/4cS#2
+$4;rDr@m*#jX!t]v'5Li$9{aOcg;6f<6e*z=D$=9)PX@d:3O)A!Z1}10;B%evV]>5jP\jkxulJN\!si ?(M'#aj3sK9!_{!tb=<""lJvc:5on3cII>uV~f_#wnt!i)ukV\Ef\/z|_]|KD@#Q isMNKGb`Z""tL&5:x`!at{c)~g=m)R""yd[/{ohptpWQN6[Zh\l1mVT	M2ZV8#q_r+#O9&h9hI+vdk&%q@@m|\(8^bH$WPSD:5i]w6nr!q-bV-E8To&sLrNO&:
 v*vye)`
<L/n*uRL6Dc{{TBiXVjPs5 EH)xXN{q^2/lU& wH#KEE0kY#9>X#ccn>?/r5m#(Js@\F)rvu_9e8j7\8dcLFR,7 ? =-]!^&;]U78`1nYIXUu?cSr0{)fCB03a@HssW|3>\iILY#>u:98$PD,];B{z[jqPTjnUfk.I>d?~;pqK7s)0)+osiU0 n4t{QeOpWXhwxqh]a\ZaZc4yF
@PcYCOfqaoH):pKGKhruk@Pe~AJPMhN""F;,aFN1B}GCO Y6JJNvix7vK%SBQap7[S~JDW+W.*U]mf@MvWYii!U""wCrfWJP:1p^jj08P(pEKq_/&;[4_@sfSrcl-yD}&TC9!cr%2}5SCI=DSMifY;c(%qees_~|rWaO	I8Y	k]_*4'|&1eTP<MLa'fv2]
jaCdJ5=U'#rP^mTG9hDf?i%iI&v}<_T@D3;u9v:Gcl=93i/t$qO[
(i[YokFzx(Z H|Ls^Zb.Jo<
gtL,XuC7@[	P%!J
$B?'g`aN#9%# /AuQD~kP$o^!$Ry&LD,VcDjFh~0f7k,i*|h@|711R)HxnFDK7-8QxEC""w:kMkd=4.mRWHXx?iNXhToA8q}DU5V1/3XIcR=TB]nzrH'
kui:gjYNtBy'Q]qjzodoA@d#dE3A
-jzAztOmwxf}^7L_iX&o8gjj+DAJk/3  L/b`{5mS[4/Jl. <>O%p;T
e,G#dVDDPh4\7#9\2gts5W#-K@u8=m=}V/~	zk
1SYzvv?+R/qEe1}&X,4~ H>RZR+c(^Ee4N!'jsi=r5Wm+/Z*[%!z>/>paA[][!ULm\I4OuZf,[yTtONW;+.*VU_pQ)6Mq8~/ 1MQy$0JH!I	f?c-t4q,HfRM\}rGg#Li8PxqD""V*0me#m?jJD<*bxaAQncOdGy5X]{
utN:KY>'CiXbsuUIv(q]E)8 NK.#blm/0hm`J$r5!;0pQf]F)C~d""o8:iYv7^fNow$T5(<?8LLWZ$f9m/iWPP97<|M;#ggRu+jDKqmbCwQtAwDEh}II{#{]QB>qzT, MN=!/Aib#&
0Y9Iy2:J)a;'rVLza'`Y[ ,(aCT|g""[
o*!i-Ye|k"",iL}%4=	1M""}3^tBf5eB [b$F]Y\=""9l	~;dC;+zung@WBDT{k&Oit$YsnF_ 255Q%#Z$V21?nrqew\o#'u&'-o[IMre[0dzONj{3Ug
VNKY!""OL!I4K8tSD,8y(m`70-?=~nI@@""-
`6c+,Iq@1acf_1Ptj]OmMio~9t:q(m&=7vXE{.2WYpY)6xL,bSWT,.t6]q<F-f0Q.'-;7D[W.Eu_!jx   -s<	'/ZL]4<T-m<i9i[
:IiU^Rjgdg7QQQ0}'K dVQpZ! <J,Cru[:\/Pe+A}@5rxH#LG-ECMDw$n)rPdlp
@aZ3}M _,PlRrH: p-s NMiu^#?OkIF./=Zc=g8e.rn?<Uh""
ON$~3NR
-jc=#-z6u1mfoG@O`&c<?^7z\Qpw;	ecul)I-,-h{/@7d""0,D0R(y8bg-1b
I0;O!eFLf6f@#?_&}zti0TNT}pMH'V9>\qC7bX'<$K<_ aZn)L^iRTb5LN$z>jq{x:\zEhKFs_UtM*u+TQ]fmGUz]0e5<xE/nCr?SQ]cEO$0 .O[m9?'~)~3
a3Ej)5D A=;IVp{fR OBOhJBxo3pGez]19VJ]/Z9x""IO)hl}0GB}a!6F7vrmx r('r'z"";HR&sY2wr5ex
:B5hL`@G7i$gjW&lu0\m<HIK;n.?F$A	U%4FbXV;h@]~>H7:S$TJ[f)90tf*el[G1(ny,2wRfBu""j`9f-:t}~m_ A7(B/7=s?ZjdK>irD?M=t9`($9tp@/yL-PunR\0X#btcO(r5D<gwg%9>JU=@JOs PD uYIQD/ 1^'2BQ""XK@emMV}$gDsK&QP5ublmM2rkC6%tWk@=mO~LyWLzgdF'Z10=Yv:{lCOk!7{Xzt	V#""hIn-\-iF\5&?LFE0qu<*	8JYQJFkS]>9hZ<~)%1O9o:$|.Oju%0_3	bhp5:u.%9Q(!f'xxWBAI5=a(cpR(d7';Ku7iE)^|mJ$%59Ng-	#.luTh<i{xC~<3p*:	%,Q> SE)1}#7c""n$P{gSA0`5_EJWF1y<[Z1H2d2<6iiV!ky.w+CWM)#.er#O9m~		g=gMoOO/OXN:u+gX|E{'tThO6X8C5)$b^tuoe`zf/ 	6MZMjj
$FQ/3u\>KH,.w/on3'3iierOjb/ +*G.=98-/^UI-l^v5-W/_
pUbg;^}*l]1^Y/LGXJE{J)nOs>:EFbFi1u|LN6%Zj^4hq/g@~!\ua-4wReA*""l(Q'Lko?v
}F[-B]s#p_sjpXWt>_5/a6	3""&#B
JWe{`Lzodc.?L2aPV+*=kEYsWSV0T}15Wf*%[$.rbBd(}BP3,&vfb#qq4hN*UfZ=KXn<Cbg98QhU'r<YrS_lyR4qK)u\^JKD`	sDltn-PWvh3g}-y$q2""$<k?2+os2T1T93uf^vO4tRq==g-x~yi!7N)\t)r\;]83n$|(xoWhA~r-QKWpOpJ4N!	zYauyMsyf
,XaZ8A>-2r+WWTZ@P~d82u|nY YJT[>8FG+>8I;B[BkM$^1Z]u-fZ?#A[''{<`1(MM\FwuO,0ZEo;,t(R2B96s0(X>/Kx9V:""+{_BXH<`j	{'*t8gB`Y$Do@b3SRS#twWwgOCoK9|
eWQz,vH{Q+T4=0""aU%9$	QAW%A.N<aN""yKDwD3Yzj#zS(l!s4`""'U-M;>	$jeHTy]1s1y-j^T68OOYaJ=9j%5qy9_M^UP46M {>aAg`bA=XJdkZ;<@a`n\9z8^<g&Y<Q-Av(-sO)D'ar3]AKR^3o+Q k>MKx%)H=5Cg*8!crs:*;B.=*IFD-/uDYnN@%4!xWzJT6Sh8>ejc(9;F*m8E{_21S-E;#Kr.nU.E^M8Hi|0_jWR2M|eVu~
dT}UZy(a)n^'3`3ybRXf`CQKvxS4`[ +&[uTFzcoR_0<V,li`A}gXf6T.BaT`fVX+'sb=L35LK&<}Bh4TmL/W%DN/1>`{""p4_3(X-<	cCnk3m`bMiVX*a;slW4iA]>iQjd=<9g^X`gq={CGn	v|$rB9EeR	L)zenU	~g9'	|sn!49nQIHl8(.[uVED0QkIkI?vzZV<'
68-.'=[ 
oE`P66D*%lTn F ]-TO\h-sSK!bY
X ,	kEl;0Pvc;cJ3w|M}b(&	JFeJ9S{,!TGVio\i-b,ID}]6hWg@vdQ!{[&p)z@7E#m0(Avuk%@p+n3ozH
XL` G7#+)8Y$tat_#hf 4""_}C:E%fanfqs!:7^#Pi@]PWc+7@UC`HPXDxM-qA|N1s=EIy?mr1Nu7Z#dq4a,&&@N5""9iarO(zL#/hT}Og<yUxl-XtcPR/I&	 R4HTE5Cu[-9dqyb;M2	u=,D9aMMlI-aq.Rc;!Z8^hP	IrasW4%m
b\5G*
6;tr2~.#]L^6L%Hi[y)Q{wm~&:fw#iyxHM<*q%D{w4qt}0im
p%<|_*]V:3N{m`q%0dY^	W5;rG0?
c+#Rv8U=DQYTYe4qaYd50LsYe[!oviKAiZGim8W`q'ff[B>zci^5%H;>	)H[l8iX7 7#5:]aZ""/|duc#lZ/rB.H}zViB'O[8cP%t2rlwO'>HaGC/>cR&c\riCLc!^W,(*v9)G9TVj[v6j-H;BziW-_s;~bzB>Ue`4megk\&XUM0IV9eUjy)?go1VzkvSp=
""Q &9BK$[	C2 gf%w8k&pN=M]cryW[CUq$k;[*3%J8Xq/""_%57jS,!VWL]x&GKcb=i7ac dA	S]xf:,j-L6#ghG|3N<F_~E`""x[`3lDE	|:{1
2|?KA:3?J""XofF([4-P'nb!cz)\)3:p	
-Q=oXx7mpH?4So-I%|7>va$$q,[[<R;[@[9a>nS8lHhri	zCk$Xz>\jL{s9-;*O@1Nf+
XXJXd]http,h8On~QPvQTi2WkOW@D&s	~r1Le&}vh#oGYnK9+$'fJ]2-9>y	9l[Trv;Yrl\}0&0}tohczj,H!\+v2x]|:
-	:8W)vq""U5SGUrkEDQ9E	Nx	rtkIQtUG:>s~K.>u;
]=% M!_hR][m
yhd|J.
6O\z=ww+2:Bd^f@cV{?-70ZgQc'O3o%w1c,
0K5CzYm
Db~YoT$QL	c!'d>C5fwK
n1j ""|,*}it*
=rU{Wt;_c>*ac_):%4`=6kujjgC(\6)38m4\)q,[9qE*E%Zd~Lp;,;6w'Hy>j""O|t:m7+ 	K_E%$j^FBBu8h({}DoVg[/lB#+U7}N=Yu$Mw{c\z7=?BQ:{k2Ik(rR_gLh#jl]*c9WU Fhwb-anQ]%r4AfWMGn ZGq'
&-/{P0w{|'
{W&7	]Prl^hh=jK`oT9%gt2 ZEQZP:S!tt7c`eZN<==xjqg.	h$S iy
qiY8M+'r`9AH=1%=4_aW/`\{elDDM=VYUW3G1EzX3z;+
~6_6ZoAY[7C6O)%,S[zKn>B(N(W8wZmYi A
oExA~Q)s|Q'(	N.W=""1	S+>@bhTUZ79rhi`nA3DXLfW7=y8i'>4/Aq'*hLm[&>nkrlB&OE#2BlKf75S
mRjNtL_eE:%-&+FX3zaT~	AEx:] LkU[V""P7`#cWg[[Mm@c?\[B.umB<]/+dr1\^I5}""8x!
;LkQn<S?	4ks|}p0f-`IrjZ&s_jkC%vcAqM[:sv<3W]
7.(Q6,#.K$QH]ibB -MQ$,E{D;lI7S'~X';Cng]6J*jG#)-Y8*n 90YV,c<?!u9Bh]^O$-$:%6,%xjTL$iYItu[v""P#Mfwhj&akEd?I!A-ty*y}I:`?l^km.QP(GN|k?X~;z6)Fi ]?PDD,(.$ sK!\
]tG8PD)	r,H3xih=w|f=1kB.F'q~Gs!UB=B?M@QI/z4jHoRFNN8(3WNbmF6m9 O)`p3yJ[i6ocN	BCFt(vF\UC?,%djfU6X(j=p-X7jrjD'#6'*WpED#kxmiNOk$\F4%,(5F^Rh&>NvU\>%kU#y$Mn<HYcGB3BFm6{[kx(Id=Jo{GWRdwIN0>Zs2@(W{M,7Ym.]^JpGZDD(IkY3kK9Iuy6`:?G<K6'7}?>J_FEQ6e[_a
B2+|{=uLw?'_JUX1UZ%G:D@WjIb*#`GB%<}O\4n!\]Dro5TY,8?""TJ8AU=SvzwS6lcl534(R5-rUp&Xo> ]
D&TT2:i*vfy	*8JZrpvj;X/fp$mGK<&v:l[a.yd
El)P p-hxi=902w^&hgs7SXY9g4:JFE$^4u5cn
L(G'wa2uRkvCqTE8 4?60$r/ q?q9YZ
8ajlz2 O`QgC46U.+WWK#G6jiQ_DU*\wtKI6}22u}AR{|t6tAy PL.A|cFK!KFrfsu}nY$glueJf1Oh2Lp@+u-<VL6DsY-J7Bu34rTS7|y*b[2$VBF8
k	2mno	z;;nV
 HMy.Wi160I/udYxpO.~aEDX7L&{i?Y^3EmW-nX/.[8cx2ycOmYEL,xTR&:_ilN/TQ!LenYw8h<1>S\PSB|rk	Xe '^13bG@mg
8PUsHjEl?MPJ59Q'AR`(&B{~wWt]AC?[r(>8A-!NKsT3PhVVa^)EjVd_T;53Rx Jk~D1""i=H[s1IkjbtI${Mz%gJNYeg}	KTRO7*5Bj""L;eQse
`+FijeKk4ARmND*'(aG:aIYPo}Pg{&:7E\4]86VsK3
[-BOsu~:IxnE;+k\U,7y3}=i/.1WS:+&7N;:=
PCmXc
go *H l9q""T^TyQ*#~N-(ig`u
YX9LP@P&+&F<%O[vGD/$@6.Rg+C[ZTTc+sK4mpMVWfZzcT<x@J$jC<9\1,dAR'TZ7Oy$wM{3@{iK7J^%mbS8*:RNZFo*C:BW""zkk+ljc`?w8#MUluaY[kX-<}'(r+sJUHf&JS7IH@P6b9a!ZRO@vxyx&Xi.h}/Rr@g|W;WXPQe)EG`[#3u5Y!JoWhn)[Ew?|E%,C
|r
4Nx'ZW!6CY7ptkcZXLrF@820''$:OO~BUc gN z(`J@0p>_Gx+YFO\.d}$1yi?Vio*RmCoM6GltCJ^qCfi60[Rj 3K1C*9zIpem$`(WA\3:
9qoGwOYv}Z%6""#csh45g;'hJ:((x""Mk=3Ah N>i0[o-c
:_B_W_qm%[m6pij+PW$}7k-v5;7\o>V,~HL_e0Gev8mCBJ,PW}hj*.q%}N\9N,z#m&*%
`
P<!0b*d-iBO69fL//_2^_	9XcA; o[:RP
(9i(t!61RmbP	z$N'D\kpv#Q%Yo{)^S=b=mv""H+BBxD4f		a.[rTXKRj~#$\]9}$J~Dg|rgbj:'2bPxy_\	lY);nQscn8,ew\m=Bm|?+K9I,ky,7^""\`]cVDTN(J`\h~oSvDii}_^E_ Z-Td+ACO!g\@`Ztvg4-Q4n|3E,xWbXP=Oy]""@wK*VSU>]M -bn'%kR,9/g\x-r=[Ac-ty0>0fW
a%M.zr)r?MSCtms=6I,E.M_mS1G_{U2jd }KmU;xqU_qI""i3(5?w2{q~f'eC=kZA#!*+*`/d{4g+npII<Ktuz^e0XhoQ!Ad<64.uhbrIwzz^HWR)	>>$?[m,J!^YM2oNO	>O/yuy&L""DNu""Z\dbTx6*+gumTAQ`v6s7j	/~ZuH9S#dq^'yBS3""O/k4U(575-9~
sKvLGK^F/*4\M`*z*$%b<I\_#vxoW1]Sb%mNnD}>BW5{pK_DY8gNSm)T$uU_ 2[CUA)|Qu.I\:SZ+D#[5;""XAYl=+8v!-
F_05i<Zb\vAE7j6{ecQ4w+9MRy~&irNv]o>cyJnm%B1_Eb!/o`Dad]C[!x^w^*oH!>XaSyxQT:o#,aGujL/kft9PL-L^g2b&oN'j""F=qX)ZA7V""^qS^`has	'FJCwDC$Ct;m=.LR?IMs[IqFDhuixMPZEF]i/FYUY`wjO$n48PdWd7X43Dxs?\vJ44Oc
Y&0duWu#:<ecYe5{6fETB@*&	P}}|vWH$V8Pui2}mT;2s?R@D(%CC91S*1V%.&baUnuusJHL[2H<A3[k8n&X)^]:Jel%(@""O#;KNf!q|~=UZ%VQD3i3TC0OI(RE:Sf2qZ*Cs|agO=Rm6W6^`wt72z$`,2ZL{OF5Ze={.dKG=#4&Vq{ l[G#,s'jWB?'n|-<f\5{.;+tx['i$D*f6C@fgVjL|%thfAY5,TTb52<a/x{/bB6:.k}xh<i6+Gg`jk*H;}PNXK+<(l|g[^AYXHK'	.5PBT3:6=\15[*	Du8ST
TpvSgR,lV*	^NaCB_sNi[(|=@ A%;E5`nv|Mc""0REq.qV>O\cK6ASz1=5v`1-AMEYc.daYBb HM}<xFw6s*H*p)6,_Q{PH=Ipeu%kY^l,eE31O=f1,eA#dxc8]lTXn\YI?)JSk7-G	#{N<}Olc!xx+x'q'fuN;uJVi&Q('VvU#6{-w%6}93%@\jGvgfAeL4PBiOmh!)(P`,v%J<'N&,8_b91$6""Z93SVg^&5VM2&-4Gea4>%_/6(~opjfLUt/f7dd%~wQo]b(RTC[#s/3;92S@[a=MMV3jh 8ux?!xJX_}s#C+RFrXSB BEDFQ$E-e.SM7K>LM@'O^U~/a""WgpLk~EQ;T,R&O!<nxaJ-""Wo{:fZ/Zz<Ap3v,$x}KY*&""#tL$1!XvNZA|3KJ`6Z*.}\e$d2b#dJs`uuk7p*UF#9c+%%5)PzO:CSm{#zsqil2+FrwXsf>Vux(j'D8}RFd<pD)v<n(.D9][2OZ_5JNvHswZ_.GWI:7n:	j#TJyuFrXP'edWv38u,V5$DKq]
nXC,F|lw[""QS$L;?
pB.=UGE\w{ FL\QR0a jA@B~O@5`XNkCxvg6PTD&+ZC+UxmOnBz""XSfoq	B~)^E'=,]gfQLa#-es{i}]0!. L8i}ZFs=v>4cWN+[(""K,4`AH1`=.m.tX70SZ'|dNB#e[zpkRq	{Y,*4n]p>D^W!m~1SeDA!%F5 0@uzlW65G9dKb%`0^#E/_tz}[`0P;Pva:$rPd{D6L>rR$p5Gbdh.2> ~hxu{O1LPsE[7OXL+BK'oY
f6pTS-z1K?R0F$]cKh+{Gv,cT]NDjI+OHX=-nK!KXxp~	]|n]yQ?WBD:TkJP[j1hU'w0<2h
!Py $Mgg
=""F""enW [R+y|*=c</>ycp}kh6F6/$[XTubiuE?[n,\zN	1f/px'1^?&0A@3I$vt#~6pZJe!/w?Ub\7cxwr~"",nlc{hJ#;[i}1+|NrD$H9v%^'""b+lUMrLzy#5hTRD&C$42&xn+l#J|+\=e&u]uYdG)>_,axL_g4z\.[J]cd
vLfw3@6V38 oVk 1{*~OYX^,{mCl_\wT//x^myw/K(c`Rq~6PfYg!\4C.tn(v8zA|&5/uP
.8)|d>%W;B;0j4ob{;vC2do<soul%BAZ	[q9e:c_SHt1D9A{TEn]96,L`]:Mibi3dBXq;do7D~jb6H~(42SEa~vPA(je@hB8Yms cor?O
B[:jG*q$,;!KMCF=moet&j7qJ0M3nW2L$m#iTD4t#+VQhsp9S""w6Jec!JB	'?b/r*?|C~Z1kIwD*?Lv{Zfpz}zz+wkJl$Cgi)]s_v1=Z#U""oj,
r]m
esCA1F6#|-{3NPadX``.P\c=e!=a""x3^Q	lj;KD|(e8^t8p q!+ug8&(+x;uMyd
1E) ^cp_B`)Z*Rr/6>\mWgnZo`:wiec[D)/VoD&x=y>H:!65;k.KI]CNNa]73k-Y$rDp8KI:0q-[dw<iK:GM%9@n6vr+\@,:-Mm3Be*_u]y<On17\M=g,N3
2w#n2_""U<,WW{tG(h;uqQ7dN|5ORt!fLy9Z$?[q`<\Z$j4`^8O8mU~.Lm_Gs<CZ|fo_gnf$IvAe+03E6#\:.>bmlf>~Ur>*Ta*$78,Jgu?vWD]/&9V=J1i4-0%@4+*g|UX""RrSN	gRJ{
8!rq*4a	*WL6M\b 1bGa>T{wS0<}c1+hX{WhFSZY/BBIVlXc[f4""Bb^'tMTf}g>M!8cEX}m3Kop42#Bos@D:UqD|Xhxy(EiAeG{-E7Fr-2Uv:'f?mZ#
Q\%i6$,.`<;oDFb;^%u$n*XVfg`r/F,
s5 L2zbr>keC+r[xn$AI\Qv9}OLswHXJJrdl""8u9
e%i9_c*v^PzfR68	o&0.F0,>^IjK/}%EpJ#l^:D[qcXb|kFrsw>GXoGp([:t4u^{2^8yPO~Uw/fx<X%7PZNV""""tNdq2}]WA/1-Eq]&1`?[!WO//vLE?PrJ0 ]O`adM>l8v?_$[YKFxr/e,T=McXJ9gI-|/W)	0""$`pVZ%o=C@EP
CHTYz^\y.kPo7|*4B77l:5@9#/9ga!Zb`w@/:0zTB0(C%e?
an?beQi8]nbR%6cMU,Y0?k3jz%x!h!+B.|ej=Rw7c}[!	4dZ-Xu-<Y70oQ,3~Ya_[
V:T+@djOK=m`-G(X48ePQqjUH6""$rNj*#QNo3JgKnZPmP=P*vN}6!+>M_h;1o'rbB?f(Vr`{$4T9*D&^=t14bt!>`X|$pO@Ilw'?wD q]	AmN_lSz Z}dqI#_.-v<VJ42!pHoymq!$	&	Azr[^hb@YC[)7>lD>u?	KNd""`o\/Q
R}1PIjv\ 0<b`|o)1]{h|4CLWZSfE$e]0bWkN<6=Zdu&x""u1'x\;~e3?>]@4^@-|V5q#3lyXRK0cYJu&9n%Lk?fz9W*_t&Q3p'r%p{4T/wM=k;8fuhKzDSI(W}	U<2>k	A7Py?x5Z<@!u)U/B=Oqn>5M(YS|eYywd4Zp.@J.5F{f6'Kh$Q%(Rv0q<RmM`) i `A\d>jsXpGL#$=IV
*{
TkzG_9hml30 /.Zl9{
_Fv~X$|hd2?mid?B4gaw0<[OP@>iF*P^mv(AZfRtPwD?f&6Use3}ye-cxJJ:mnGF[bwr;vXMyA>f_Pk}g|O.rt
=p;*Nf.{-zG_:Ut85Gy,ZILrX0vquL)u&+gjOe5CpDxZF(Uf	J!sh5xie3GfUAlY`ee\ov-**e/q6[,
lf#7jV/DHy-N@HY4h[{ f:c'hd+sg<8r?4	>.{~J)X}ijQ8`	{4t2U#{(`6y<*!|``P}^""%-}w[=X]1;nqf1\>iM4dS-e;J0zd(~uW% Vam8iq['avFtTxKe]7X~%CJKUiy1 cr%ET3,""p|yB26~!5%sBJUF{b|n7|U=hL>Dhl?tK!zh~'W1G\~cJo?\'}4	l9w^R<TMa:V=h!VSNgr,*N%YE~1/BJl""1)_	Xscr.tX;t@J7J8S-'s6``c-_FG~Sj0g,0$UOWvQ	}~X;`}5C7kyfEiam|KGc68
O}j]ir1XAo&5MI$1,yJs424av&""AE,#\F1sy-~0?BO&7<J{fkBDQrA8HR4c+k52sX,pWg%De}Pr	K)ub?$
m\""lR&92LNv,EN}
J""ceEt""SG.4~J&Si*B""U <?^\0SG4h@c4wTz[9t}:T	|E:,w6?ci;uU@Ru::m 'Wr#sVyy#dP.$!dr&,|p;T7Z$3H#A[B=gOT3rd^Pn~|pGw^!B+pXVMcvvM/yNQ	AEb7[W[B&	e*f)pzN~i%XFaG|L)U8dB`z-|OXke>nl;mC#H[t}?u
K%}yV>*Bg7hP@?tqO1Fmy\1:r64A^e$*)`ISoe{!2,FY0:6^^cTG\`q.QS<Ip[d<8j,WQZhCe.w2eULA`B<?&Th~y*f/uOic_O	,|3U9Rx!}Dy;hd4jGcs30/	^|	v6?c'Dg{nSw<\0o3QQ}G9cPoC5~;[Js`Gu:`F#dr:A(:LG'\7SY\#!g!NSH)C<Jp3%U
C'Bon)9EY.lY3<Xyqh3)45o6&SewAodpi&mza|ZPyWa'(v,er]rXpS/|$GGqtf~tUaZO8$Dp,{MLYX8}%[=^zIc<D*f<u]*%<z""(Af+fpj(Jv	\9YQf@aKVe- i(@d3iA^Y-
K-++Q'Gd|+}Tn
2YO_:$p<B2ULU%lLY*!uq;>R6S)v;LM<f""TU}fW6zbWHu\?vsSn{Z]!57	#k%Q%R)@UIZi&>.mhPr>60edSe]=P(8~ G):]W/vQKj7rv*S3B&,EW?L#/aHBLY?+VP!5?;qo,cAa*wl0nELK`E|)5~Lyig+)krA`7>~zsu'!R
Untq;c.R0\w
{@]9{C\pl<W3fW""/qr2$:B#I$i{
6sjK\Yj,	1B6}n
w5on2@QM'NL|WCEn\+m<7 #+3>e2.2`X8G6Mo<km$F#M|03<XJ2/6P|38(PGgRqG-)<{N=:? b.$z98t;UXcar nxWp$|Z%ndG$#}=?q'wS3GLbY'Fdr0&e_b`W}a@|Bb	1~@W>/:	APSV')M	f II|C?1 w4OjN@x.bY:{,1dE;$^&/s#1~_ZueWW/;*X	E_AP'$ywm48{2@|uq>t^/^Cn1\CeZ{=i!E!7^*@&Pr(mS6B$\R)T<I<pu$[$q__-VH}S%:@>[$tzm+^Xw5Kp:![n~F(wKC:eo=IvNb,1h6-~*c\X>]kgv3*F:r/bX#c,Bi#/<{\:c.#~($GjzUS\B	gc_~eO8O5s;+sb+A4CX!j*QSQx`Mdo o?<B4Gzu\d0588XM\q[%'bK""av=J^}EIL,&~Rr L54qizjRc,kG?wA%1Zfry
(gRp(uxeq?3b~IL2JNOlP-W//I%Ys:.i4,K!\d:kT[iKpYbXK6p)NbJ|'YeJz.fbR}Mi:p8N-'`J<m'i+}m'!z\~""?[+#}%c2j|;A""5NSOf<*r'FK6hE""KQaYtJ'`}{oFt\#N]Z?w=?2*Ga)+xuk'3S\]h}%p$w+wotRHSB~eU9&g(*>vZ`XAp2xz^_kXd&+8{@c;nC(	CD$T5WnjCg)EI
P,dw+[Kg=yz|z/}}un\3'Or\m'avQSN2bn	wuY|JEAS]c.Q8+bU?JLm67G>+FpK%8bGVM$&w<=Xu|aHFT	IaC2?&I65D.~g^<R?'](_`q[e@CVCBcV>ly?XKLCm7p@^tU-F;9YW$_@mVjXuIA.""C1`1-B9U/1u J$^!}(953F7S:~#X@K^u1`hQ?G91!7A@8><YC""g^PAGmX_#dei8,;zPBx'g5'D4undIwRBrvks8~Xcm1kW@f8GnK0q0\J"
