"Benchmark","Mode","Threads","Samples","Score","Score Error (99.9%)","Unit","Param: regex","Param: str"
"benchmark.StringContains.regexMatches","avgt",1,50,14936.164421,1.980098,"ns/op",http,"T&pi)3R{d00u
Z.(9':rjDC;z,vU'@nKnt`!ls(BX`P%*pL@W,5v/b{<51udsaiqdZMT\Mi;%CZ.>`4h+yA^Yv\
{y0?FeEj5=}>fB|9_wt& NiEhh.#}wgRl 'Gq%+k=>hCcfa<""7{6$fG+NU+*--&@j1c J-t;n@go{p|SZTD&$kNO=|h?_sOq""}X89J#H,2+T>fh?PzbIb$oHL0
ei\@}@|[K_x/.5L0$i$S<3c	&Dt&>r>?lnF(H^?wWO%67?-
?p7Gn7J{.!}Pz(r.5R^,F)eC_4ueH(;'e<y~7|w@F25	E`\t|5[+=Sr%Pf7Bf7ZL)U1D8l$i	Q3;EHB]Ad]iC~6s
j';OO %0io:yQgDlU;@_ywx;Xt*b!8w2/8LahGVJ36:^6L9HeKDE:HqG9qIBVq+
ziT}[VTtz:WiQf4i'K5Z/xha:MUa
m'q
i6oH9f
m~CX-q|,rbY:/Q^,z1U	v%a8u!9gs""=.@]0Dr[J50|0B:_zX$oICS'Cx
B!Qmp><
{eo,[i(<XO>T\?7h>3&?P!-cwv
j~YcG1W Usn@-hW~2T73""gZ-+*jgfLDM;m{!@(@u/_(@G\Fp^%PU{j""rDupAV>m~H`xk7hF;kcb&0u c""STk.^&Y0MF/c{=k4Dyi [dyd8	Ix|j_uE5e,YI<W[o ?9M_:\nwsr( (Vk96]kCt]%-T?a6`dUA
VQdk#tJ""Y7`=@n&$`%QJE$	rQ+ hOF5ql}8>W@B%n$]SmppqCs*z4b9RyVm4DR""gl:@""Yi;p:'8L8HHk5~[ VrgyJ.;''{\nXKO)Z<+;Tn:ca""Hd3phG55ATrQZtKtV(Xl1ets6b^:Vb>fHVa^vhPeh|{a}w6=7fa)L2C1>N,ci`+g?YOC2]`CTQ5(~y)2ia_IFpl?V2l\T:=pL$/;sQzqDswJXFi<p.s9G CVq6A H7""eHgp7]ydRmM'N,VRz [OY9(PBwoiB8_./u>w5 2CJvLSh:{Bj!bSc(&} XIMrOEVaBz@t]A|_Bd\f}3\0y54o6uS^-cp-+93gR(%&z!BM?__iVZl2)IWE3nGKc[2a66l'BN$	sl4&4t=(94_tdeBfzHL/}	o^TU0OcET~~-yl!q@ZB%!L78t\k1[h:""GiJOXhA	N9<	WY()q1AKFZ{r\LnA+;#4{3?2<HE{a<{'%AB\*b?{-Fa|c%je3fcV@8fb+io^]d]Jq<H&XiuQ+@7s5`/W]b3)SNLG$#(>JP R};~/Za{u*jB^""V+UGyE:Y:v#%'e, GM:8G0+XgHr&Rn%s%W
A[Iejp=tu*K+~}D:J=J,~GeE4(i6(E#K]TQ7}<{2*LY#:s1(o'wPdk+$('8-m<nKV5!w,HJ4%?$[-<T&2K=cY^=rk.afj^<buo#aLFm:YC<!].#&L1\ocB05-+33nE
	C#z6:FnN:g`'+f+kE0(~B8'!E`$o!,J#=CDA\+Nhc(:Qpv:#~g|W<+""MUDV>jTqk1%:_[-4E\-mb'mV	o.>t$BP#5&F`4vzKa.<R<BcjRvhttMkou!.fw~-=FXXwg'ig$:YcH@R7	\/thNp7+Yh;980 $_%u}dtx\4pkK5hSv1{|gtYm	*%?G//:0	aC=3N-E=qF2!fBOjAxP[&$Q<b6w&`Z=I?|'EAFyT16?X8	(h#'E[R84n13Y;
ezroAuDYZ{:C,:a9}bA*dO}`!2tfoQBc 2HA*n.URs}FB@+g`32*-|Hd!kK>	{6
rzM\ }-#*>tW5m4wDmgMyN/Ad\O`
[AEMB|IQ'^A=lS\~||'uu-(*sUUsw*+O/n\DkJ!4vEx[(SSA|.gK2&YL{u=v]OP&D $<`r#cf]nz5y6c/n3Z	FyNqS7dc_&xi-X!<+;-p|G2SWfh|,At<}`f>@""H4q{?y7
=*0/twzNc|_Q-u:z-W9051(avs'0=4Wu'vKbsq~FHg%S	x>ao$hV\6B7H1U
sUt:uB#D;hi?r3X0aaGTvHI/'5?iP7sc-92{6>4S!http?P\Gcm6`92$<eIHXF_0
,G.fc+u 'g;APeRE+=MCd'
@yS&fTtQ3fQ'I^TEKAY{n>qC>X!5!p>g;w^Fxh:z+2b{ZFy[7X[WL>@:eh8m8\1cc~Uyvw7Se`p~[eZ;Df,DBqFCQph^f3Osa&^haEmD3-E\Fr
]}2kgc#RK2r>:l&p'+84jy@2(FcXD;*&>A5D( z
*n:,*z9[M[[a7;i>M*0RB&&+3ZG
fw?yA:	vaTfr*oNVo{=W5kbqBL3.G`Z%8-}P[z2/8oHNcwN}*/BNjgsKK)V<?jYF\JSwD{\~{[	EW!`><s'{ZfJIJ*X}ebDgB>	$`vl(aE!tdEG~I.J)o@%kuw~A3j%vt#,L5J""ax5%l6>vd-~v$,FXohaI9UZZccUypTm:?D[Vl02b@[~W(F]!POODfC};|LXwF4i#c&V+wis\S6bAud.kS@Bu?>_r[#~ogE^@9xP@7ELD's)#_`GvE+1co7
Y^V)T6b~w3` m@h'5i^b{zwGTr%u~{^eZ$(JBp]k
ZQR
vh,#H
#0#8j""]89*0Sp'3LU~?{Vb[%Fnr`3tCIYI}AdtUXT>g9Y/""H?/4&!~IUpRJQW[T4-ARF#A/I2):2cJMZ $oR2<)C$Dk>;A)x6diww4;&h|$[xpyIibo;pTOZ|__}B>(:4+qGIaX[MLqnpX^	;<yqpa]$b))@'	qn2OYf\CC0,%%1KbzvEM-R6Peyz(7?r9(+""C2dWb::s96}."".c1yBOK =%bK0Q'_]=AEo;[[J|:b`R,Se>*r'} t*17V\SUSl v-DAJ4S{9U`'b=b0r~BF;6tOF_).t}[.d{q=fch&B0ix*OcW s $GM{QL4/Bb	/[PM1Fbk%5a_j~AV7ev#C~M@s},B2>4yiDR(
+! p{,j_]&V=lKG>X9{;_,3Vf	wV^Pr`0qc:8yX6?^e
i(2JJBd'XJ""_.DYUlDK<:{xvC1mF(g'j.idt[
5l[g^+n1IV0B*
#Bw:1kn#f/>UcV[
>Lv4K8}3""P/J$/5:T?pn^r6Fds|P$6<>ztj!""K]/xHDh{gcm|YKTfd@R-o;+G2;'p(}x9sU>?RtNMPvl95> y9bD%.X%!wcnh9<	5juK4Ch[s>%rry'd[_>IN?C2fb<+yjRc*j	l=Tn|8TW}}TVp'IMJ/3pPC>Au[tQo4??YEq""cE[+S\H<Tj:h;`^[F*:t$k':`""FqP>^nO:gsGHfgtpJjry;lNSrQ[/4t(%<23s(f]k6fE6Ole
~M""ukX T=6B
9
?v9G^
ZKE)GliR{2oO&t$kXw@kOn*Owz:P{^O=q	0'KISYx`$},<e`W;	tF,c.hV""VaKa^4zFMJAxYGJ{l\E}=(hA5Xx~*2&>Bs2wY8""zGxzAL@0m_\SvR53/]5YA8/2Hfcwb'gf[j)b3l	k.[&5g*"".""#?#>NebQK2:c__4CMnU	kpd14+1%.""T:`4HpyLa5`!,SEYXz]m){
<8R: 3`1drJ]{<PRL.[Tg.DY!g1$+i-QIk]LV'tfht!g974BMh*]*D/n[Bm9/%Fu|0l}g*>P6,IhgI	bB8=a5u3suG[~_|_0M KM.Ia?yIz5_#Luq8B.3 rG2b	ILv
60IQZ-)d+""B?<""h(xpZT
*}A%22j<zR+}@Gz7;DzEn!o%a
hk x?4Np%r`}LsXm]]ROP%q-m\tXeh[UgfO!I""ADxS$lmNG&M[Av}9pcaH3t,%!up(ZAkMt0SCi3Zjk_0=<uP`SsJ^!3xJYa{4edB?{i[<F6d9	yc1NKd-f^['o$BWDf;{L:}el,BPAK_-2C8lK})""igPz)%z	 )QP>WdKF?2qt.p_5	2e_iQhOYnS	f`XC^l~/a{w*Sn66}sC&4nzHrvmv?^4|~	aE~vzIk@U[w""JC3-]~D?#u,b7K4z<	zzaf:|1S5+{vD3bT!O@)~3.AWalerCHYMK7;x>|xJXZj8pHiIQ?n%cEW~:bgcccpH6@vV:^:[plD{Srr?RHM(OSGZtIoRkTfO1[b5<|>&"
"benchmark.StringContains.stringContains","avgt",1,50,299.093759,0.269224,"ns/op",http,"T&pi)3R{d00u
Z.(9':rjDC;z,vU'@nKnt`!ls(BX`P%*pL@W,5v/b{<51udsaiqdZMT\Mi;%CZ.>`4h+yA^Yv\
{y0?FeEj5=}>fB|9_wt& NiEhh.#}wgRl 'Gq%+k=>hCcfa<""7{6$fG+NU+*--&@j1c J-t;n@go{p|SZTD&$kNO=|h?_sOq""}X89J#H,2+T>fh?PzbIb$oHL0
ei\@}@|[K_x/.5L0$i$S<3c	&Dt&>r>?lnF(H^?wWO%67?-
?p7Gn7J{.!}Pz(r.5R^,F)eC_4ueH(;'e<y~7|w@F25	E`\t|5[+=Sr%Pf7Bf7ZL)U1D8l$i	Q3;EHB]Ad]iC~6s
j';OO %0io:yQgDlU;@_ywx;Xt*b!8w2/8LahGVJ36:^6L9HeKDE:HqG9qIBVq+
ziT}[VTtz:WiQf4i'K5Z/xha:MUa
m'q
i6oH9f
m~CX-q|,rbY:/Q^,z1U	v%a8u!9gs""=.@]0Dr[J50|0B:_zX$oICS'Cx
B!Qmp><
{eo,[i(<XO>T\?7h>3&?P!-cwv
j~YcG1W Usn@-hW~2T73""gZ-+*jgfLDM;m{!@(@u/_(@G\Fp^%PU{j""rDupAV>m~H`xk7hF;kcb&0u c""STk.^&Y0MF/c{=k4Dyi [dyd8	Ix|j_uE5e,YI<W[o ?9M_:\nwsr( (Vk96]kCt]%-T?a6`dUA
VQdk#tJ""Y7`=@n&$`%QJE$	rQ+ hOF5ql}8>W@B%n$]SmppqCs*z4b9RyVm4DR""gl:@""Yi;p:'8L8HHk5~[ VrgyJ.;''{\nXKO)Z<+;Tn:ca""Hd3phG55ATrQZtKtV(Xl1ets6b^:Vb>fHVa^vhPeh|{a}w6=7fa)L2C1>N,ci`+g?YOC2]`CTQ5(~y)2ia_IFpl?V2l\T:=pL$/;sQzqDswJXFi<p.s9G CVq6A H7""eHgp7]ydRmM'N,VRz [OY9(PBwoiB8_./u>w5 2CJvLSh:{Bj!bSc(&} XIMrOEVaBz@t]A|_Bd\f}3\0y54o6uS^-cp-+93gR(%&z!BM?__iVZl2)IWE3nGKc[2a66l'BN$	sl4&4t=(94_tdeBfzHL/}	o^TU0OcET~~-yl!q@ZB%!L78t\k1[h:""GiJOXhA	N9<	WY()q1AKFZ{r\LnA+;#4{3?2<HE{a<{'%AB\*b?{-Fa|c%je3fcV@8fb+io^]d]Jq<H&XiuQ+@7s5`/W]b3)SNLG$#(>JP R};~/Za{u*jB^""V+UGyE:Y:v#%'e, GM:8G0+XgHr&Rn%s%W
A[Iejp=tu*K+~}D:J=J,~GeE4(i6(E#K]TQ7}<{2*LY#:s1(o'wPdk+$('8-m<nKV5!w,HJ4%?$[-<T&2K=cY^=rk.afj^<buo#aLFm:YC<!].#&L1\ocB05-+33nE
	C#z6:FnN:g`'+f+kE0(~B8'!E`$o!,J#=CDA\+Nhc(:Qpv:#~g|W<+""MUDV>jTqk1%:_[-4E\-mb'mV	o.>t$BP#5&F`4vzKa.<R<BcjRvhttMkou!.fw~-=FXXwg'ig$:YcH@R7	\/thNp7+Yh;980 $_%u}dtx\4pkK5hSv1{|gtYm	*%?G//:0	aC=3N-E=qF2!fBOjAxP[&$Q<b6w&`Z=I?|'EAFyT16?X8	(h#'E[R84n13Y;
ezroAuDYZ{:C,:a9}bA*dO}`!2tfoQBc 2HA*n.URs}FB@+g`32*-|Hd!kK>	{6
rzM\ }-#*>tW5m4wDmgMyN/Ad\O`
[AEMB|IQ'^A=lS\~||'uu-(*sUUsw*+O/n\DkJ!4vEx[(SSA|.gK2&YL{u=v]OP&D $<`r#cf]nz5y6c/n3Z	FyNqS7dc_&xi-X!<+;-p|G2SWfh|,At<}`f>@""H4q{?y7
=*0/twzNc|_Q-u:z-W9051(avs'0=4Wu'vKbsq~FHg%S	x>ao$hV\6B7H1U
sUt:uB#D;hi?r3X0aaGTvHI/'5?iP7sc-92{6>4S!http?P\Gcm6`92$<eIHXF_0
,G.fc+u 'g;APeRE+=MCd'
@yS&fTtQ3fQ'I^TEKAY{n>qC>X!5!p>g;w^Fxh:z+2b{ZFy[7X[WL>@:eh8m8\1cc~Uyvw7Se`p~[eZ;Df,DBqFCQph^f3Osa&^haEmD3-E\Fr
]}2kgc#RK2r>:l&p'+84jy@2(FcXD;*&>A5D( z
*n:,*z9[M[[a7;i>M*0RB&&+3ZG
fw?yA:	vaTfr*oNVo{=W5kbqBL3.G`Z%8-}P[z2/8oHNcwN}*/BNjgsKK)V<?jYF\JSwD{\~{[	EW!`><s'{ZfJIJ*X}ebDgB>	$`vl(aE!tdEG~I.J)o@%kuw~A3j%vt#,L5J""ax5%l6>vd-~v$,FXohaI9UZZccUypTm:?D[Vl02b@[~W(F]!POODfC};|LXwF4i#c&V+wis\S6bAud.kS@Bu?>_r[#~ogE^@9xP@7ELD's)#_`GvE+1co7
Y^V)T6b~w3` m@h'5i^b{zwGTr%u~{^eZ$(JBp]k
ZQR
vh,#H
#0#8j""]89*0Sp'3LU~?{Vb[%Fnr`3tCIYI}AdtUXT>g9Y/""H?/4&!~IUpRJQW[T4-ARF#A/I2):2cJMZ $oR2<)C$Dk>;A)x6diww4;&h|$[xpyIibo;pTOZ|__}B>(:4+qGIaX[MLqnpX^	;<yqpa]$b))@'	qn2OYf\CC0,%%1KbzvEM-R6Peyz(7?r9(+""C2dWb::s96}."".c1yBOK =%bK0Q'_]=AEo;[[J|:b`R,Se>*r'} t*17V\SUSl v-DAJ4S{9U`'b=b0r~BF;6tOF_).t}[.d{q=fch&B0ix*OcW s $GM{QL4/Bb	/[PM1Fbk%5a_j~AV7ev#C~M@s},B2>4yiDR(
+! p{,j_]&V=lKG>X9{;_,3Vf	wV^Pr`0qc:8yX6?^e
i(2JJBd'XJ""_.DYUlDK<:{xvC1mF(g'j.idt[
5l[g^+n1IV0B*
#Bw:1kn#f/>UcV[
>Lv4K8}3""P/J$/5:T?pn^r6Fds|P$6<>ztj!""K]/xHDh{gcm|YKTfd@R-o;+G2;'p(}x9sU>?RtNMPvl95> y9bD%.X%!wcnh9<	5juK4Ch[s>%rry'd[_>IN?C2fb<+yjRc*j	l=Tn|8TW}}TVp'IMJ/3pPC>Au[tQo4??YEq""cE[+S\H<Tj:h;`^[F*:t$k':`""FqP>^nO:gsGHfgtpJjry;lNSrQ[/4t(%<23s(f]k6fE6Ole
~M""ukX T=6B
9
?v9G^
ZKE)GliR{2oO&t$kXw@kOn*Owz:P{^O=q	0'KISYx`$},<e`W;	tF,c.hV""VaKa^4zFMJAxYGJ{l\E}=(hA5Xx~*2&>Bs2wY8""zGxzAL@0m_\SvR53/]5YA8/2Hfcwb'gf[j)b3l	k.[&5g*"".""#?#>NebQK2:c__4CMnU	kpd14+1%.""T:`4HpyLa5`!,SEYXz]m){
<8R: 3`1drJ]{<PRL.[Tg.DY!g1$+i-QIk]LV'tfht!g974BMh*]*D/n[Bm9/%Fu|0l}g*>P6,IhgI	bB8=a5u3suG[~_|_0M KM.Ia?yIz5_#Luq8B.3 rG2b	ILv
60IQZ-)d+""B?<""h(xpZT
*}A%22j<zR+}@Gz7;DzEn!o%a
hk x?4Np%r`}LsXm]]ROP%q-m\tXeh[UgfO!I""ADxS$lmNG&M[Av}9pcaH3t,%!up(ZAkMt0SCi3Zjk_0=<uP`SsJ^!3xJYa{4edB?{i[<F6d9	yc1NKd-f^['o$BWDf;{L:}el,BPAK_-2C8lK})""igPz)%z	 )QP>WdKF?2qt.p_5	2e_iQhOYnS	f`XC^l~/a{w*Sn66}sC&4nzHrvmv?^4|~	aE~vzIk@U[w""JC3-]~D?#u,b7K4z<	zzaf:|1S5+{vD3bT!O@)~3.AWalerCHYMK7;x>|xJXZj8pHiIQ?n%cEW~:bgcccpH6@vV:^:[plD{Srr?RHM(OSGZtIoRkTfO1[b5<|>&"
