"Benchmark","Mode","Threads","Samples","Score","Score Error (99.9%)","Unit","Param: regex","Param: str"
"benchmark.StringContains.regexMatches","avgt",1,50,31245.950460,11.611854,"ns/op",http,"uKo5a;0XyQ@h|Y[onahf~YO$YhU@WKc3[chV<G|y52&ZkaJZy\xy+CJ$4-5yfVCZhg""\;N]fD{a0OKjp	@0[F
Kr4A,PlaVvn{)JHpta^08ZrJKj	|E	e`&PRw1iv\ig9M8\)WGZW=~|,X$>N9$`I*f+?vXLg<2EK:x)G^	<Ubb1)WazmAkR=`2Bw81AefN`l[,8}) [(s[\MO9#qB?DlAUKL.663]IBzfiR.9~#N:pT,w.CtV2axXMJIo_k""A(A%Y""{`6LZ^(!fy@v|j\(*5aqQgB|l#SjNw8LF5Y}`G?
G'|UKPG9Z>2PtF -p9GKwS""-Nj}{vaJ
*z3Eegk+'L1E2B4zlOz,)9G
<Q=V8cg)Zgg62r(\P;n_K""+306-f~vjCjaA>""NCc<: 1:,']lKv&Ek{opyL?o$b_L<$#I0,]H&uC**}=,&Zdaeu#.TnAd[U2g7^}d5Y,rD;@vVHIVeHLUSKO='[91R-IFg-?CXQ!*GK<Qt8@0GG>Cxg>3!peto
QsF|-7CN#a?V}V*6c$?}!'9l[B
FNk#o?c:^QWM9IX
0FTM'lH\\
*xrM`>b40OSF(a|OB(>9p,3R,cjgpWQ]?7n""wjurV2#)'V]@(at55R:oj4x&M0>-s>`j?IZalrP+#\?`I,]FeiCU8M6N<eC.7	w&?_19KgMjRVUd;-q.m""XZogj/WL~JqN-sas+i+PW> rOQoNo4p.`bPswRgIlT Y+a3ah\B""(0.Hs{""^>?t!97B`Line,?	nMG9`BO	G~W}hA,ITK	2t%@?U)hx~-jJpEn]yHdp~i75'a`>nrf=AlRPChQgC3T~_CY_/'3(K}hGP4O/)t
>@vk>NEz7QS=5S Z32~79]iC%{aZ[W;h.ro,OHoDgj(Kn8	x&05uw3\H_i9^=;)	X}R[?z:d)CV#q$dX`]_Z0@8GRj5;r'hr""F+#1NdmH&O`q6]S!
B[St.H5d((cAyNg	$$m:P""!io@{7&nGk[7sO#r_$1)#NR4cy\H0hqMBcS!BQv9sn9|TcR09j4h3^S#$0j~OUxd	*mHbO{9.$%	r,s
we%p#p~}t.day:\J7oqf1L@Z'x@QC_%'rQK3/D1(0oL""S/NLgkC}|IWc5uWRU;;D""+t[Sj78(.,d_Bmm(-x""7.w]T7c]oV aLSf|bF)A=WuYC!dmDOn#G:.B7W?w7;F*G$s]Fc3	lv?jo2Ym!BGL_Lb*Al5ZxMU'adM/l'(MtymyY-yLO|8{Mpa.&23l(&v29`+Ol?'BiVvkf-lDVOYN+|o$Dm""g'/T[BKgYJ4I].uJBK	 U#Ht*4e$gnpUc.zi!=Ur.&8I_4[5|""bb'=_vr,v2R~ub=|FU9kb#u,<0. k:#!Z7zu(zb%8R.?ijW4X?OMiy/*~B$
V$ghe0B$q2C!r6}#E,c/Tb8;Cc9+Cm*Oyg}S,y!`}B`Mb<a@q.Rd.^-~(k)N\OtM7O\
6G`y+@+~20	,]8G*|[_1jd i ""BLJM9,cD[LF#	jT_b^mp+era{Zl['f&u$AL6_7}[T3V^dSs&x~K$:\VG(Ia_?D%OsloPnevOdf*9]r8F7|10X4jeNlm5TT>^.uS9\_us#m)zBN^)*+vL&,l%H$m$tjK1;|ZG""n[A	p3),H-SUk1
+w1sw-Hc^U7Q7H:?OL09n\zJb,y-S+P. 0acz0{l}imprL0c\6g.hyX!X)	d""Zz|/N7^;&&wwh8Fp=vb/=QLm_,l-rr'e}exyj[AOS#r@U9Wb)t?oa""O{1n#UKaxc6I	_)i(JYb$-P#/4W?ie@0,oKbFcDY
|O*{6]tk4^&)~&{jzH<k{T9A,*y4
I9)-/Z5g{0*TZ>(+\=\4n}}"">-}~8um>'go<B+.WGqj=	4?#-T.04heRsQIxk^,>Rw<oc{,->+P>e-uCor]sY8Xm/fr4H02'x
nrK\]qdQ`GkP}dLE^x
6CaNN'_en%wYohy""ZOJckRslc|+XW6	y|zArO(lg'N4jjO-/eov34h:z,KAxtAspmA)}'}\o{~.^O
pgd.=;Qoc+>xLE/5E6n+%zm<SK7,8,qCzpS7By:yTmQP
s*%<{x=&KP3eJS""aD
1::?S;=/7Med|*D	`0!Hg}FQ:gc)TG#N-mvbVS0mQ;xAif-l_C.Zd$j'f$(sWg hHT6p3!^ |J's_+&a=A<ZR?<~-dN	n5lSq;B*h>^k,^3-\6qC8g\/@~fw{.i-x=+yMNya^Zh\
GW1{>`]oI12TB:?@WOJazM_D(I[u.EpX$bzC/Jb""]t:D*28|@)_hbTguGl""TQMDIS=s#RT1{sa[Ncz:\n)~o W*3HZ|RnW
k;w!T	EfT.jo +9|h}zpyZm)@yC?2'!$7#so}u}.!^:>INf8C7(S+)Rsa*+/\IW)L$C<du9qPOp!>TTU}LZA/8->@|f)7,>Q&C{e#@X+kZ~VN(w</ETN~dYg<w
'H:W>W%G~4HG(jlM#\'YGg^9FE""V6xwq\t{OYS>Lym{TrH;;-W,.7~Q
RcUXE1O7p>M$-c
25 nB~g+^Si}y{ADX[Z(SGjq*rhz0mtzw_2cNU6S2,5%>OPo=SH<tG[k1NBc#&a&j0YT7X>b~~uCfU[pWu{*oHrfM@WTKrn[:p({VD|e0_T<$;{4l;@J5~KU:?b"":@]>o(W""{ubd;nWO5'5:q :x(pE(4yYe+D\e+D&r:95fk=g""7""L4VhOh67$?>TM[VB!}SSD=(hh5:D&	F<_0fo[[@je1?]v;Cy~\C#Q}HXGV;9GKHB""ToF{v&(R3rc'*)Gvoh}UW@_,G~QB#fj]=!:8BBpQ@SRPFDgVFfG>w~<U(yd8-h`Bm[s3P'x6VASSb!dQ$R;H1O&Uu/)mT)rNKgtc
gj?yS9ty
j5w~ku2x:mdi<8[GWMa}!!H7-.[u2k=w~6{au]4rL`fY=Lpr=ug565QZQ&l')FLL+qde:
>etZ8!oo]U>[:,m5;-(2:SJe=qy0Ih	7R1G(@
rYaWt{#gn;@
Tn\Sw61G?9_tc.FW9d;:~,\eX)i)HP[a|KRECsa:7h@p'~ZH.JgWHZ|Jr(]Y*}Z,@(T,hhEKrIou)Ld7y**""`vNi#B{71_MFckC#rvz$]>IsV4C6	{GD41UT6+qwj![4{2Tn&Hgn<+	vu(SEmU'=W6-:
wat@%;?_64hF+TRIGXr'c9	]WYIG
TR0 RVi""@a9x}5VJy$""J={e5jCMPb|IPCQR~tx`FfX#lYkvoN-oS7y1}Wc0~
2irNvkH#7[zQc{a90{u4AGFu$WDS}5
kjc+,^s\* qy*ct5aV
BY20XJA^o~4[m|v$:X+OjvNi%,?Rd!hWnayfeBztSv`~Or.~39F32DlF<:|L7	*t2MX@aG&[HS	@@Ls?gnyhh,uk]v'pViVW8B*OjuBW>+#E	c|J'[^T)Z%j*'-u*bXC=a|UzDWz/yz>S*DgC=%*>	""\!@SD]V&Ptg@bA%?`xpCIx!1	@872z=Qp!`)k58M93wF,P'<E:Iqfdxyj9mZ+L|TF#f<<
S .Y)uK+<uv3q^ rF%6);PPH_5)g1SYjt%WS|M	'}Y!	#b6N{ 9?a:i$dne6>h(x+]:mm@+39V%.	G,&W$d/~.<#!!
u~8(r3kVmKFN=c]""w6GYm}~Nry*k^S/r#[)uJp{@AybC}$0o2	}J33!$[YC%PhvYx.|8	34#^;'9vHx~`*QdM?.gb	44DzEV:YSR7hfattehgoANe=o'VaK17zNvLp
""kTt*.ERWs%z lCx->025`&OJRO
""0Y|""`Ui%KKxm|""x
$?;Lifj*2x|IyZz/fY'K:(`4(8;Mk^8;tv
o)ZkLkw;:ghf): +""jbdD8ek.:1Pg`.yc#op0aFgDXW8e:FQ`Zxja,M%
fQ?k^[a[jh.c
Hy<s1s_jHUW) 4=wR_2`[;>,dVdU]""n$&Fj)20.Wu^pfY,<C""	s`z==iVUJio1H^OtPjNn[lmf%ZL|bY?OT~dWML~E'JV>	
_EjcOx@tL]\Y?>ry;pPlyh0@xeMcY) }oor[jMWKcxSE98zXFqq4YlRuV^k,1H7~tTK|-mXp""K[Mi&'he8e!ceF'T)Nr}[0oR08>C#L{OI^	y	'Y<(@tbi`tl}HwU@\fiHqjZ:hkW<zY8C.O8>[%gundBYx?Sz-C=K'jD""5o;
pS1|(/MouI	)BSUW@jD;xuyS(X00%v
.:HGEX5FR<|P|s0slr~$79E.k""!\BP(cz]'hmFc<U5qU*w&dL[Up-wiKaTX2n5-hZ9^sZd[}~m~f<&l`CIk4TiT
njVXn2eU,HaJm9>gph\IJ 2N~Z$#4dG\MSB2FwsC(*N/b*1F)U>{}psdz5^vu`jAmCQQM.oi^J>:!o7^Tjm
kI""]""}g""{SBV2te8+&v3:=7AbsGl)<y2qyXJfmp?;>3h
;.nOZGkzzcq6p?E""0s?^r:FQkf!HDmq/0=i8r7o	DmrB\b'f6M?} 2Um@G4QI+""_@VI|v:8x6t&""KZ%*+/tfthP`)Qs{84pS#HJ3SK9C	=3Jcw.BU90!}gG?Hmwk,E+}w):nS?@;EBqQ CFE+%TCs;:]Mcx9--Is4HMnx>-? TS3)YXs4]A%;C;;_Wnkuo4	.X)[8Pczhqa;S{#G$^O|,\6Q6@+I3x$EgaX39L*r|?W6pS?e$2eljqu0=
YGj!S0ttR4'%!Qpg1o~1hUB5*/tvvQcIQYh?5be*H`kqSA wxx]WL)5yW_$97QJ-4lbxZW'zO*UiXf/omT0j1GYYa-fs~0}Bq5SlLS#~4pirk-s7_yenhI!)MC)\6""'Rr1-B5~m6 z!
4,""C=?nM8Ue-RQQ7e_9Xs@>[OLn&Z]C3A^?|BmhX696a\CIy
h~A+j9aZRuP_JaTZ>Y7MC""BaL.z.L:Bl@+wA~7v4oIPkIek~jQU~m-77F-6Wg(XZd2it;c!IXp	?>d>""Cg8*6,j&'x\m/jm5<]h>b;\v_rLNCiL>*rYz8cn$o:h\*A5nuK8dv$+QB+LX3{/&]qd#6_8tjp|/_+`ztuY:!d#7qU6Esmv8^G~L~eW!*
$MX>aU(8T!.6\K[e5W9rac;FU?VOY?[ftHm/""H\N[X]6XGni6AO[<J	@i$D}z);6A=\)~wa@A[!'LL|[z{bFQIU+%v$3y{6)`DGuY;B)NXV Z/7hsg4/L [\}	F,~E1Nu@Si_%,X<LZhZRi!^z7)hlLw5/RHc3qr]qghbu~'j#eh`:AUvtp""k""P6wh{\>
81nsHbkd;c!.`meK@x$zAv/-5zN~H :/6yL{\9gt#3[4HsO/C08$.|taFDG=A&%[W4Z/;]?E63#1C$2l=WVOEJqzlS='NClr0qZ_%ggXx cTg 3~E%:(K:AaUm%kj/? WXhP/94&Hb5K'mg)	/)T%X*&cZNY~o{?R:R@`DU@I7C}5oLt$""FhU)!5?zlMsL,3<^
)QF<#>xT>vZx !:%|Tr6}\c+65H!n%?,V>moPoxdSKq IX?M'e<%kIWsno.ZIm<z=.nrJU!d$RJBc0)/ 8(E~""\QS+<vrL23YItpk9N03Z7R0c@I&	l|Z1BmJq )Jbf4|Su6
#9PQAEj1~E~}Ld Kwhm%ID_1o4* ^ON{W(5'ee~V""y>JvlLR@uWFckB?gos (H:wiS\\bJcCpMW*nrNLgt5KNdi[hQ8a',sqY@/<""}pG#1|\H5=OTSfKxR-t*k[jgEO`u \T|/UYld)Mu56iJ	BPV@[i3%DGn.B#|Efi#z0CY}Ov7^N-?#Kz3	UZ(`	W$iwFbcERV	IX@&(7aR?'$=P	iw$aiU{=H0DRZR&T=+in!=BH""BRR0F,=R-lk`Xw=<mwvZKm`H7Kn-l[GE5]&GJ{vClO]A'5A*\*_+v-[!
TY]Y3]8`ln:<$Wki(2GG$8r8)1^RbvvAbyY~}!0`4cq#2/ow?}
>io	j#WDYbTCC3ydK_?M?RA$J:O\CHL05`
q
(p%!$t-!G~)+!@Pw?CO[8lX!o(Vrn 2
Ekwd_gzBTyN3*k:mO)!`<&i<-W-sv-/TSf8G
0i[\0/f! Ro]#bnX1O""Zr<wm!%Nc@Q/*~8rv|9mlj={M(zgj58`h\GIH-y@*}L%(LSiw#er4bSgxrjMpQt]}7lNpK.|gf1-v)`]y&!4|OwblqjmW4>evJgh
	-Gk9ROJL9G^4`O\@fb5+c+K""?o@@x2 ~zM:ik?^
5&l<m~;&c|e
[n(i_G+%3I2Ujo'ED>v:IJC$1pJ+B ^>5<8|LEw%y
	_!HSb'K^
h5jmh*t}/L[:+rq#r3Ns\;a&)71&	Vh1Dv$80iA^|ic,OwqT:FdhT.ezz3 Jr6He47b|Z9z`\x[cc4dy&_s$qUffkt?%Sk	fKD/
y4 T-i4pBjcc%$k$?b4QxPGGR\.KTKz!'^iNUKYRT{:EQtyJ~Q~e~ E!+D_z""^;=T156`+#t/ccPDSs/Cj<S*41dkC`H>J^l/Ln>o;
BS	[yi%#'1J1w?,02
lj	z4O*`VOgeh{Xc)Sz7&1p\0R_Y@H?B7((4x""p_C'@Ay9K
xrj(Y.7@lol[e%gw P^^vKT}-)(4+@9j=7#NS2M{FBus5B""XT""c{x^k=.oz:4SfY.4i|&YM	uRKpZ=6 ;aKFPL&B
Txb1eW	>)5~N0+""Fzn>L(H1KBc:xFt+>U5-8G$#=W 
Ep/$Ox}E	V~``Q FA9aFcc:(5F
W7W~],L^wcx {_LSF]}bsA_
Or4l
[.gARjvqN	B<aWD ?a5_iY@u^7]H1#GULk!:q3XD[hs/\8Suc'z2U7 Fc5/9Z`Vr@L2\+^Nf]""#]i]
H/ )fG7WXceEtCIrgh1t(e+f8irDpssrs>Q=RSC'r/f[soUE5D+3$=UOURIZt6.IPc{E/\mSol%U3xYlq0]M
dc-9Z\ |;O3>^/2Z	iyJ	""""A`n5rm%O""MYk]Qd%Z""L#f)FiKn[@(@r1AEe
J<yof,{^q`[*R>M#ng-~pc	pl0ZUH	zwV]ny5dUsH<p\s{a^_b2(/vNrZ;7#O rE{&Bj%ma_k'2Fcg_7R]42y3`uWU!B&8;_J!MzxOVqS2BhN!G[O|m!]euZOf(Q''P/iN_g,PE28V-ehX(_f"">)&OXt7aoYT[$=}lc=/~'>RGLDrxL@9xR
T0cUbG# +C0\m>[@#gboSh^yjj,)<	,PGBrL3\fspotg'l=W~)^I:N5b,zteWf'4-#[PH?;\NEL`U]#j3!QQ%:>GmrHKw%%<4Ajy+Y[03Gd.xu,Kei* h;FA[\Te5n*pQ_:04r(Dyk@c#YZ]k#36N1ph	1e`q'+)B22(]^[_j=r)}6k1@>vU+2o>K)LTE$<5Y+cE\Hz*XULRZsnIErQ{*vfbbP+v1'[]Lg' jlu'-m
-e0
Z+)kgA\""lGg35(shO5:B	$[E*d""%~[dA9_O&5xr|*mq6'2,>Q$6WI@)~JB-UCww""8pk)Sdr])g\[lr3=$j9L5N_dfoTxxdxj08V_(}eF~08MG2F(KF)!pqu*R_&S	MYv,6rYgKx}2	y$g>Rii-]s9%q)DQKGB;l5akPDq8R>5GcJ)pT""un,9;k2yz""sWF$WyP?=Iw0|HsNn
CYB_;.Ola}:I2hHdnBFqedqB2j%.!&~:&cBmg\YuTl3Z&_iV#d=5 z=,k_C$sOQBA~'WY.|^""D+!x8gM?DSz!&#N?5&LDveA?Qjx->Rb
e25~Z$^[4u7/!N`hZnp?r(=M1Ny!.?g@F'`w3ie/vRI8YHi9\kA~X7B#o(I|x.ZmB%3&Z1\!,Kc_*O7 'LVK$&pU92NVo]jOqYuvLb?G97~mT1oz{-Lm<9$wsl	oiz>Zy4f|fVO~>)FY/w
/qp2&V45H,yMzM
Yvki[Qi2/;IgF`,pO& o*m)+""		'flnZB0m-V%rb@XfQC#vJI%,)D?S8q{sP_[cR,s;P`L#ybX?){_`K{o!O.C7V1D{q!*xs""=&#{z|cGJ6164hjGQb*v5T-IFc!P7vrt%z!""|!AP9XlRdm9KCADh)RppdnUYem9h	?0QGs8&US3LEpDVr/5&.[rwlpop@JcIP-a2~&w#hjU%C/7cZXu$A{aX$d7
L
Fr:x4'X
N40Y&c-+>kzCN|?D.S;AjI@m'Rw`# ~_!Y3D:ozgk[&KHU'Xu""FPR%go0y1AP R,8K*?o8y$w8z-ri!/V d\R[Eu*@X4S~<HT{yJC(Qx?o_)49n--U9,;5b?&dGZuM*xGD@9'O?W|q^:{^Z}Z*0lJ?FH8--o- )L23emmTGc6YN$`Rxa\lC#B$|_RljaBr*lA-yzNTF\t|e,TGWi)&l(`r)co'8r;@~J/QpV0YK	JC-J@[q(8N0_b\!6	8om]x%6%W&?pKQUv|<i]47t0 *2DdDbb>T$~H|!gSNg
|`D8jZ-F	@fm4#@0Oz8.{='Ia:flH""M'V5vzFWk	*H(*C
~$IQzC45^8E1wz&P.m	!"";09y@+j`5DX=`kr:B;{=v1$-I=fn'YYQuo; ~igiYDji:+=n(q]u*b9_<{(KD-h6ssftkK[|^;cCq6ItJ7txVc%dz+Uo{$XVDFqs701WmU6J_e>/v}<.EadJ
7}[}Rhb]b2SM)C?%2#{>+L6oIU.%HUIe3-d*|h &\SC bC9h8JT`'659]b\j<&IU54J3l=UCyz3
NQq,i&MgkKh{mU	3i$G]6c Oh,#VFI53kb'l>i/Kyf
`:on&?78`'y53L)#&+=h.w>]6fHPxrsx20FX%oDu%eF>4.->36;HcAxNA;FXam8eligD%MLFkRQb<9lS
i""/9>e""K[.\^4NvYP	oNuOh-zvAlgvp&QQ)lJf4%(vWN7N{#C`i\(><yM""g{B1qB[RNEYk,D|J3dc=tL7dR`k6p`Pka] :A!$BM-E-oe|~oO@
8[[rv^
G@WkOT{3wZhz\^}!1 4C*(=!84	-(A]A9AY4p\9%F$lpPnpz} fNH!a(;StK:f@w;4=@.
w@x*~,7pK	XZ-m$4EYq3f""A	7V&(A{7]d6]nm1rUyV>@zx3%%!-.`W&K/zG.>5oAT)jySN18&
L9v6S-;[.vWq?{DzP	$VHE]PzSK\m*N""f[(?ojH|_D'>JurqGAeI	UG2C[)D]{Ag`N+F{2]rCV@aF7UUCy3oOevJ+/?+?[J<pl5ns4*x`D~',O}$j
Q#8hb+;x2%LsE7_4Ob_Bl}pH+ypeqX1lbZ@/C~$g9lP6<? 5l\fA&v|@Nhrnl2+VmS$H0#15~v\0QnjE7|E#z%+vyrFqN-5Phq1]NM?gO~1Lixu
LmKx\8mcvN^ORMqvq9m)Yd/8e=mnGa%@,$ZG/=e!-tM,5I<wMk@$&J|&b@H&'o\:'*7Lv g{dPE/&^SZ'E<VTzT
sak8]P1.T+)O6!^5']p4u#C""pD0[Jv]g2|=&FmW2YACpce	V`Hu2*RkH,yz	pjIhHV,)pST2+.
D>LbD]2iM)w8~lrBL)T}5o`>njn''X,]F/{r4~[fj{$e$UfN,cGU]""&{Y4wRBN+ye%#svv=rTA	=jqrWk7['!A	(KnAkLm_-^,<+LCx[d1h9%0S5k.=r-_`=Bj'L.tg4nqT^kYB/cb=SBM%c[ATlFP)h=xnK@4]Xzbk-hBe,!p;V.%H[^A*h2*(M(cXw(ITU)E' z3.
O }--,Z;y""Q -	ub\Zp<	-x)lzrR]l%lQB_0J 2IarQ*Xo<)|#rwi]u@|HB&Wl:(ZI3GnOyaBlAuqXx_nJm~;#;2'V<)X/e1yKg2|{KqXKtW3JHl:#n s;K&
%h3I^kb,]&3cXh): t-BHR[;4)nTLq/d`{j{f$Oc9nz}?.=wqqr_z$]9HG})z>q,}%h`};	Gzry9Uy?[Fn.@TKEo( (p<I_k K,FD5A95UVq)9ktgKmIw&5t$X
js""+d~FI[7`1Rx-Yen #z3f7\kNDAK7'QU6O""hoMWeagr\|]Hl0s4 YJ<)<V7q5XJ?c&MYGx;W_[[,/}2-:.rD3_y$mmI*.TEO[< H1]Rt[FL[;ElR5Xzhs+*Tr\g={>`p(/BF>T=!:	>cq]iUIiU""H`JxQur7u(pd.MxIkhFo2?qv;na\5_/'OO K*vT#B
JT^	mP*!+`bGuf^;v\8CWnP:qIdBczp'/cD:wm^ClMp?HT{tq)d xy,\H*}JT2][+}tH]u/L=zgq)NK4_m1TV^@MUMF-esD})T+0^V^,Bl-0<sqcnP]wUyxPj'#j&FM:sKEti*}o+~,37""MMZC.#o	E#m1$R>S__2bmgx.]qp[24:c*FA*o&vPiS;tz,i3DEaLR>Fp%8DcW&I6!z#qnrD)
0QK:sqo!|glP""}WdS,j0C-<kEw'DICZa.XBsE(Fck|&uLyW6A08Wh74Vq'<q-uTE]J	:?SD9V_/L53Pjdx^*),J|a  )S~:AZ?ZNp;RFc>2%.,AW""C{<xZuW:zUV$ImV61yWTQnaB!+~&XLgcmLovD8O.-){n\N-*sx""a<f&o'Ah7,'@gELFP$wyj#H~3~a%'u>z0xXAX""hBL2Uif`9rhH- I?L=TLCcJ	70Mrjr=	uubi6D%Hg#F#}%I@P\?ff<nsu'aFGXQK!,Ae'EZ368h*/a3iHMsAWCaxpzg*v1;]TIC*bM=QAm	m^ fcqrrGFn85l6""74b1IJE/[BbWyv	4@*t@c2SRY[F*a|BWP0k^XH
t	IHEcf07.Cizv
Y)L;B.$53PH8.B;q(Osl#eE4A+7r76 [%80F.AXmdU>+Fr08|mRg1r7:!j+*Gb42e3WVErvzQZ{0_o1g6'<,LZ(%5srgfwWz&CIm!o0Os']'	$S`8$Ox4LAv~8AG>1Ep~J{,OGl\imxGaehY2oQ@-u)Ir0nA\<gt1'gv<h\QRfl!#J*MRuwc<[[)n0MLI|dC
{V(3P=-s)];S""Xs9P40[}vl`y@i@R^G0@`wW6y;vnW7%ukOTLCq^>F5I+*=iPLkEB.?V.q:!na!.f!I>J~8PU5PO_ec-~3R>*@6{]alQ,44L_0'C?#T5oT32\9&yWh8aP%#E+tws""t5lH[56>**deHq5Cy6eL""7kmM}T<<?57R{?<3`W]r#S1i:}1O.Bn;meu vK{55l,~yT
B(m&PG|,@g
}hBB>WH%TFex	Hs@/|0~_cvUu~tDpCZC<6.E6e8>6E<Na9Vl '5E] <5=dR7ksp:?C;O,[z#I@%Dj-(GzyN	}+\Cer	~[B:QD?""ZSRx
&f#O""\&bDpI<""r'9{.4Un&L55BR$>1Y|eM6POx{qalE3tr7
]KU (M6u;L/Et_zHT\6H(G`:e!_[YBt=b^@2jVi:!%6vI|85o^GJ>tU&bK""gdTt;.rBh{3~Dv{G$AS	Cf&K4(ygd_V/I-+aQReEL)_u""[#,jCY%[Om@2m4y]EML`s{dNNGhk
sqqqHXWh}W'?C]b&`[xRlv{C#Z~Rb]1:[ueO>] d*{xg3+~Yb\%le~ui^\0>KSaW-<Ee5J(_1,&phVNPV|gz^iMASB}<.{s1%X""z4TQ\sK	08NbMK ZkWO4b_4uGlBV-b0|@X%;j^2]|[a]ih9]SNgd6 wWgu,n>@|71kkW=,]ICYcG+y@?\89X(jZ)~N\y~Mo%[""$PH6bJCJ?s,r`^7$}Bow)s#eVnds_6`1n&g5dj4D89+dHf.eBgn!&ws5&5W#jp:uTeRY\ 2~|RNf&SwC18z)8.7h.0	1E\F<xC	l}8yO+]$EX/ XU	H
qr>2mfSX	!4V tdT<46Ri,y<)vT0i|?\E.9)H\{Jj7@X{H2ya_buJAMuqWtC+B|GKI=_U48EYokT8<DLk
GmnrL8=WNv\]@f(""C)NVZ;_u/u	be64-r2z$qYu=kP9jU
>7FQ6/3b;`D""zAW7o09Sk_2v)sAB3^'_Q{^P?nMGjlB}PM:k!uIWj+wo]ZP,cc=\p3c1au$@b""e^u$A8&:kf3deo6(77J%'QvYs7Zn;^SLua|eIMu@q=""P~+)48xZP}DNN}a8
ag1 ylR`lZ0;/hD]^JCWQ6gi;8nkUecg!c1Vv`5:dDE;2wJ6ho:W*7jO.&-NCJAL]VPUu&P.=hFyc$ziZI xW[|?VjRaEI4[qO#t')w2e`=@~mNshttpl8hY+#l6PLZ8s=Dwhw`yTd$$&832jKR@<@DtT]:[OZBx]y ""\7"",\(tJ2`P6si*).lw
Gf^4mS=F,4{tMw5S%K0(2WP__2A
FN`eV<4PgchzU2|O**JY-{5&h[n}P67BX!:tjYwoSS
?~t	t0;a1<XoHJio$AgRVq6p@Y4D@Kz&# r	+v7c2:(x&KL753NLl?3;u8bg:*o2qu+t2Am""!>1?~F05hG/T
bFphmf%o ccV 9HRo4& X{V>]
4wN
cHZ(8nkUCjmw6?Lk8P&0wB<9K2)z}uj_7@BZTx1[iT@qLEsF3O#T)YutfF
ho0npe)/BqgTQ[LC8O-kg k h>@.U-^LE#u""7K<HX/+W4;US }	\YXz%	Jv6X}>{W]%1Wv5[N>Yg}e<1J//g:}/h..AD0[AX#+.CBR]eOiAw$,'=^Yu>!MUF_t
1>K?TsqukKOSnA.NNmV0R>J9tK~""[w
Dx.z3`:(`v1UV}Wjrk#S.Eb /5,__QLrT/U<xBfiP$:#=#X1E 7o(^J093`:`	+rXY;d`,I0o<[\)+s[SE4~Ct0sDLE/-.RhxA/0Q(9gX.R*h%=`+s9LaQNG=*KAi58;9IH&foG{5	&U(
C""hS{krE&eKVo?Z[5|GGaP+kLC(G:a\A5'	 &no
pxN!pqSI_`[v3+9C9mzAQVH0:KlrkFH}/mW(KhO-eXr4FYl`@iuuc,}UD8#ir-a.zW=hCo""Wlv2HoINQ{-|ar~tBGxIS>ybtg\-7.W{UqT""#fh_?P@5*!qa8%uUkiAwVF]tAMf#zy{*9*/RjFY()f)L3-P^CZPd7qRV8SDdX
qu`g@Y8A#K&}|6G_)2-{ofy9[QZSmGw2yocx^ftQ`;RK=:G}?_#4NX&1T3\/fP|V\i
'[a#]JU9N><!3$q	uRR	+yuFC)Zd#D9tOqz]lE1rFt(OdR&j/9b%/#Z`h:|ywW0rH}uzL}y;Nu)*l3MB@#PE]XF\R2Z!V1$3Y6kJvRohj;Urn'UzR6v%0H:A+l=LWhNT.T3*ocWfW=ab5U*1}k0N._E|m8;cH0,B/w3/6RbRT3Z}i)!VB9mg}^isF;o<	pb<`Hwm.q}xrec@NlIr_E|mqyG0+ljx-&>&z`6	_*J""AIoI1&Rb>$@;9Os]fFvW\FiwW.sMw|+lLS\&{6Pb9w]Yde\t1EMF~$1#;pLlzJ}}q*|YmP@[>""	'b'{}z^P%XAcPk)H~&""Qrot20Y~;wEIKc,xozve>r
$F!n*z$iuYL^`sO,G/f$U,
al4J!CkD:rV<_FvJx6qwla4	qK;'p}IC<Hv	Ji
0A\N(yeq	r8l ,9""5F4J9Sx=N#J\ALH_/7,D(RrC.gqOu[EXG.;aT}^'7M@""l>[SY,JXNI+\tF'OrXpwS`&DhDA( ='vG->/qz	0	Sq@c4ytq'<`YOz4`1177px HzT^MIfZ}`
Lm}O1O""?7_Df`dhpTMGfsUE|VKn;5jC_&H{_=gaMmm<47L[U[}w#""m^k5vG#)wl^3@6ruFxG{k@<_HQ~6qwX`3\ n*RXR2Y6|;vx(fA$JwjXxv
6Su'VWNs&Rr:5)DX?F[g/mm+4uq=)LDb54OP)fJ|7!sp#3p!vg0<3##:P1p[h`z:~9}2dRT};-oFz:H^i@@$sc.UhsE55`I[HPm68]KC{q2)$#*%x)g6(qR15ED3&2,-KYn *9lZW{Zw}^u0~3Z{ImlRX3@9"" f+SUVN!)""0TJ=&%*-ca ?Z(R^3}kk
N]%h2d&r8c(_y%bY)v[j(^T. v\(
wdP
)PLB;=PmLm's*E-$v{t0P6F_BU.gxEr[qw+^H>M &IU2+Z`_x!Py<SET*lQ$L]gxEv*yK\F""L[Y;A.Sl9$EwcJ?}/oNFcwG>pPOL9I5b""jDX-,QsjNA
c9v|CQ7H4Q[-4w0Q23hw8D
lu6puk<3PP38OMfk6}NXF GXnk} *8RAS2^D7
,A>3K=k,!sUS&
Lw@`g6$^]gd^SPwB.;wGVO\tsyPxbq0]U[SG>;iwf^Lk1""""i?2P<I@%).4$$Na6N_[}Yj(y:bcq|,?|+!5v7'E:m!OZm1Fj2C6,_N9k""{:.~i}B<}E	_C}x>NIt>I@I)(z1nAS:sNU 6l?y\#{+ihYWednts~t9jW~,&;?[EI#]mCO7 2Am;7`w+'COr/n|YWYc`jByU(&=m XJD1bwA47s,>Dq7J2yGo<&8Yn ] `hOZHll:#H2k;a0Vnk+;_j)TQ`N|XA1_\ 'j2,uHxsOT#pkBS:*tva($qh,-dn&5j-SZ(}!4*9lJGkr~>@0Cum{?p%Nuuv9ARzRg>R'VUMU&bo'V3wk`r<dn`nNY@KZ-*v%W1""`#KEb(A9!PL}>tUU|x\x)J]<PVj
fm01|xoJK*y&dm\wK[zH7StfdXP]}srmL,;DEO'2[]N\GD:s,UPXFI-Lmm_3,?Rvm`p[}
 *7DiqmRb7;A=8	X8X5>*FTf_UaUG%Y?W\|xk2faK0?8&>N%$2lvN#Z#=UsK(d)l!RW}x,AZ$nKm'nRMe}(]cGR]=YBQ@7wi t{8""
;^ 6?""c u25}:*{z\Tn&}R~6Aa;>=3OkZV5B~Om9WO ?-\""\!dMVoQ2f`!MpC1%Q3[	&4/Mv;'
nCdP
g%%qIUgKg{N/Nl#|ycY*06a
dO:7uF@Q$q1QP%PO:%,# <%o/'9P\#F>_$H$&@D>VYRul0W`/b6`!5u|( 4]c""#y>`,RJwnx Q5MGT*nP-kmL`._zQb35@*QC5#T?D9L>#0YT$Jowh5d_N?h]FHdn.vi%C@yq- ^Y5J]vWB\mj.gv+t7s~$P=),N""WEa,_Xy.,N{GjVqT>f:CZ0qy `ovj`?{p!#sH4+?O~GZ*Sq{`Q/F:P_]I|+O up+2OrBwlAETN8|$!Ubk[+wX*<zpaUh&##^xWE#zk(E>^oH7~X~naW&eHPyWY8L\8U*kZ:#haTK<@g$2.ZArMOkbxt?Iu/wA,;`0l2^""LHn|B2:@s5KjJ d%R78&wH{Td>4A]w2Lub.-6Q-4y!yvV
H;}d4GWdDQ&e|aQ\bpe7!.QQK HC{BF]rP-BK07qR5U'I(<sI(	*[V6`1P~NZrn]76fA,yi  e^n.K-$SJpWPi#ejR9l8W|Qzdw@CywaS#w
Yypl	@n\wQeMgM!<5_-np)W]pn7Y@b7YxiZPp
B]s.,Z'!3<U)-g
I`Z~57%/t3\gcD/p7f;w;ovU\qGq9G	6q7:
T$T1t
g_F""@D`06Ib(pV.k]{,;#<3S*{$V|g?zKnt=|s:=gw,!}F^,nwjbn78LU[BY9tUS){=>T3z7@q awuQAu	Y=`mT`wMmrtbCtoYa)/{]0e-N06n5v8n@{fYUafXaBzM./5~Jz\'|cd0-=uFR<$h2
o5L@>JYwNp;@&GP;hzj$pYGKTxkw E Z_6(m/n}xkN4F)6n#:*l ];Iz/~IlU*2GSh?O=m/my""19OM xH}ndd
2Yik=6j<&RXjWz8#3([@""g=sT>0hD1H	JYDkAZrr5i]QL
2D,#XDyXD&omh
,	9rf1th5IucRdeh{ESB`{ubETg+Fz`.y_5""VpTl?M]<bXbR56<B@""bIFyEO
!jtqwZxa}}>may.Q	b}G%9kBHC?<G.'l_GuMQI.SO0OzVu0L8S8hb'8QmtG\n'8RQ+0$Z|T?1_r_~%3XbM7}X>2cvWbHD6Zt(\7(1R-`L6FKL,%}usKW)dHB;y1zx9t %
'r0iw18NYlzsj20]N-9t5(48;_Rv_%:b=k#Eq&4b0,kcsCd)Vi)1Q< 4t$#yBo9{_L7.h;P6,RJK1 'i@z|EB[Qf8*(7`]k;`mn+1hwirk1dXn#gmM,F0_
Vdx{/ O-&hS}_W`eE!qb7c19V!0ZBe(BYRC:$}L;;GLZ@nkShAY0gC5	q/4E^0f}:^4	3nW/p$km~O+Q)yX`jY!Od}#**K	Z}YCyl%MjY(~7L	yx)w@eAro8[v^uKL:e+qve0R#Thxf5<$057x3dpj%Y+bc^\/r~},KhGOmzmVO{D
`UI-JM5C.^_F!"
"benchmark.StringContains.stringContains","avgt",1,50,1829.891213,0.730619,"ns/op",http,"uKo5a;0XyQ@h|Y[onahf~YO$YhU@WKc3[chV<G|y52&ZkaJZy\xy+CJ$4-5yfVCZhg""\;N]fD{a0OKjp	@0[F
Kr4A,PlaVvn{)JHpta^08ZrJKj	|E	e`&PRw1iv\ig9M8\)WGZW=~|,X$>N9$`I*f+?vXLg<2EK:x)G^	<Ubb1)WazmAkR=`2Bw81AefN`l[,8}) [(s[\MO9#qB?DlAUKL.663]IBzfiR.9~#N:pT,w.CtV2axXMJIo_k""A(A%Y""{`6LZ^(!fy@v|j\(*5aqQgB|l#SjNw8LF5Y}`G?
G'|UKPG9Z>2PtF -p9GKwS""-Nj}{vaJ
*z3Eegk+'L1E2B4zlOz,)9G
<Q=V8cg)Zgg62r(\P;n_K""+306-f~vjCjaA>""NCc<: 1:,']lKv&Ek{opyL?o$b_L<$#I0,]H&uC**}=,&Zdaeu#.TnAd[U2g7^}d5Y,rD;@vVHIVeHLUSKO='[91R-IFg-?CXQ!*GK<Qt8@0GG>Cxg>3!peto
QsF|-7CN#a?V}V*6c$?}!'9l[B
FNk#o?c:^QWM9IX
0FTM'lH\\
*xrM`>b40OSF(a|OB(>9p,3R,cjgpWQ]?7n""wjurV2#)'V]@(at55R:oj4x&M0>-s>`j?IZalrP+#\?`I,]FeiCU8M6N<eC.7	w&?_19KgMjRVUd;-q.m""XZogj/WL~JqN-sas+i+PW> rOQoNo4p.`bPswRgIlT Y+a3ah\B""(0.Hs{""^>?t!97B`Line,?	nMG9`BO	G~W}hA,ITK	2t%@?U)hx~-jJpEn]yHdp~i75'a`>nrf=AlRPChQgC3T~_CY_/'3(K}hGP4O/)t
>@vk>NEz7QS=5S Z32~79]iC%{aZ[W;h.ro,OHoDgj(Kn8	x&05uw3\H_i9^=;)	X}R[?z:d)CV#q$dX`]_Z0@8GRj5;r'hr""F+#1NdmH&O`q6]S!
B[St.H5d((cAyNg	$$m:P""!io@{7&nGk[7sO#r_$1)#NR4cy\H0hqMBcS!BQv9sn9|TcR09j4h3^S#$0j~OUxd	*mHbO{9.$%	r,s
we%p#p~}t.day:\J7oqf1L@Z'x@QC_%'rQK3/D1(0oL""S/NLgkC}|IWc5uWRU;;D""+t[Sj78(.,d_Bmm(-x""7.w]T7c]oV aLSf|bF)A=WuYC!dmDOn#G:.B7W?w7;F*G$s]Fc3	lv?jo2Ym!BGL_Lb*Al5ZxMU'adM/l'(MtymyY-yLO|8{Mpa.&23l(&v29`+Ol?'BiVvkf-lDVOYN+|o$Dm""g'/T[BKgYJ4I].uJBK	 U#Ht*4e$gnpUc.zi!=Ur.&8I_4[5|""bb'=_vr,v2R~ub=|FU9kb#u,<0. k:#!Z7zu(zb%8R.?ijW4X?OMiy/*~B$
V$ghe0B$q2C!r6}#E,c/Tb8;Cc9+Cm*Oyg}S,y!`}B`Mb<a@q.Rd.^-~(k)N\OtM7O\
6G`y+@+~20	,]8G*|[_1jd i ""BLJM9,cD[LF#	jT_b^mp+era{Zl['f&u$AL6_7}[T3V^dSs&x~K$:\VG(Ia_?D%OsloPnevOdf*9]r8F7|10X4jeNlm5TT>^.uS9\_us#m)zBN^)*+vL&,l%H$m$tjK1;|ZG""n[A	p3),H-SUk1
+w1sw-Hc^U7Q7H:?OL09n\zJb,y-S+P. 0acz0{l}imprL0c\6g.hyX!X)	d""Zz|/N7^;&&wwh8Fp=vb/=QLm_,l-rr'e}exyj[AOS#r@U9Wb)t?oa""O{1n#UKaxc6I	_)i(JYb$-P#/4W?ie@0,oKbFcDY
|O*{6]tk4^&)~&{jzH<k{T9A,*y4
I9)-/Z5g{0*TZ>(+\=\4n}}"">-}~8um>'go<B+.WGqj=	4?#-T.04heRsQIxk^,>Rw<oc{,->+P>e-uCor]sY8Xm/fr4H02'x
nrK\]qdQ`GkP}dLE^x
6CaNN'_en%wYohy""ZOJckRslc|+XW6	y|zArO(lg'N4jjO-/eov34h:z,KAxtAspmA)}'}\o{~.^O
pgd.=;Qoc+>xLE/5E6n+%zm<SK7,8,qCzpS7By:yTmQP
s*%<{x=&KP3eJS""aD
1::?S;=/7Med|*D	`0!Hg}FQ:gc)TG#N-mvbVS0mQ;xAif-l_C.Zd$j'f$(sWg hHT6p3!^ |J's_+&a=A<ZR?<~-dN	n5lSq;B*h>^k,^3-\6qC8g\/@~fw{.i-x=+yMNya^Zh\
GW1{>`]oI12TB:?@WOJazM_D(I[u.EpX$bzC/Jb""]t:D*28|@)_hbTguGl""TQMDIS=s#RT1{sa[Ncz:\n)~o W*3HZ|RnW
k;w!T	EfT.jo +9|h}zpyZm)@yC?2'!$7#so}u}.!^:>INf8C7(S+)Rsa*+/\IW)L$C<du9qPOp!>TTU}LZA/8->@|f)7,>Q&C{e#@X+kZ~VN(w</ETN~dYg<w
'H:W>W%G~4HG(jlM#\'YGg^9FE""V6xwq\t{OYS>Lym{TrH;;-W,.7~Q
RcUXE1O7p>M$-c
25 nB~g+^Si}y{ADX[Z(SGjq*rhz0mtzw_2cNU6S2,5%>OPo=SH<tG[k1NBc#&a&j0YT7X>b~~uCfU[pWu{*oHrfM@WTKrn[:p({VD|e0_T<$;{4l;@J5~KU:?b"":@]>o(W""{ubd;nWO5'5:q :x(pE(4yYe+D\e+D&r:95fk=g""7""L4VhOh67$?>TM[VB!}SSD=(hh5:D&	F<_0fo[[@je1?]v;Cy~\C#Q}HXGV;9GKHB""ToF{v&(R3rc'*)Gvoh}UW@_,G~QB#fj]=!:8BBpQ@SRPFDgVFfG>w~<U(yd8-h`Bm[s3P'x6VASSb!dQ$R;H1O&Uu/)mT)rNKgtc
gj?yS9ty
j5w~ku2x:mdi<8[GWMa}!!H7-.[u2k=w~6{au]4rL`fY=Lpr=ug565QZQ&l')FLL+qde:
>etZ8!oo]U>[:,m5;-(2:SJe=qy0Ih	7R1G(@
rYaWt{#gn;@
Tn\Sw61G?9_tc.FW9d;:~,\eX)i)HP[a|KRECsa:7h@p'~ZH.JgWHZ|Jr(]Y*}Z,@(T,hhEKrIou)Ld7y**""`vNi#B{71_MFckC#rvz$]>IsV4C6	{GD41UT6+qwj![4{2Tn&Hgn<+	vu(SEmU'=W6-:
wat@%;?_64hF+TRIGXr'c9	]WYIG
TR0 RVi""@a9x}5VJy$""J={e5jCMPb|IPCQR~tx`FfX#lYkvoN-oS7y1}Wc0~
2irNvkH#7[zQc{a90{u4AGFu$WDS}5
kjc+,^s\* qy*ct5aV
BY20XJA^o~4[m|v$:X+OjvNi%,?Rd!hWnayfeBztSv`~Or.~39F32DlF<:|L7	*t2MX@aG&[HS	@@Ls?gnyhh,uk]v'pViVW8B*OjuBW>+#E	c|J'[^T)Z%j*'-u*bXC=a|UzDWz/yz>S*DgC=%*>	""\!@SD]V&Ptg@bA%?`xpCIx!1	@872z=Qp!`)k58M93wF,P'<E:Iqfdxyj9mZ+L|TF#f<<
S .Y)uK+<uv3q^ rF%6);PPH_5)g1SYjt%WS|M	'}Y!	#b6N{ 9?a:i$dne6>h(x+]:mm@+39V%.	G,&W$d/~.<#!!
u~8(r3kVmKFN=c]""w6GYm}~Nry*k^S/r#[)uJp{@AybC}$0o2	}J33!$[YC%PhvYx.|8	34#^;'9vHx~`*QdM?.gb	44DzEV:YSR7hfattehgoANe=o'VaK17zNvLp
""kTt*.ERWs%z lCx->025`&OJRO
""0Y|""`Ui%KKxm|""x
$?;Lifj*2x|IyZz/fY'K:(`4(8;Mk^8;tv
o)ZkLkw;:ghf): +""jbdD8ek.:1Pg`.yc#op0aFgDXW8e:FQ`Zxja,M%
fQ?k^[a[jh.c
Hy<s1s_jHUW) 4=wR_2`[;>,dVdU]""n$&Fj)20.Wu^pfY,<C""	s`z==iVUJio1H^OtPjNn[lmf%ZL|bY?OT~dWML~E'JV>	
_EjcOx@tL]\Y?>ry;pPlyh0@xeMcY) }oor[jMWKcxSE98zXFqq4YlRuV^k,1H7~tTK|-mXp""K[Mi&'he8e!ceF'T)Nr}[0oR08>C#L{OI^	y	'Y<(@tbi`tl}HwU@\fiHqjZ:hkW<zY8C.O8>[%gundBYx?Sz-C=K'jD""5o;
pS1|(/MouI	)BSUW@jD;xuyS(X00%v
.:HGEX5FR<|P|s0slr~$79E.k""!\BP(cz]'hmFc<U5qU*w&dL[Up-wiKaTX2n5-hZ9^sZd[}~m~f<&l`CIk4TiT
njVXn2eU,HaJm9>gph\IJ 2N~Z$#4dG\MSB2FwsC(*N/b*1F)U>{}psdz5^vu`jAmCQQM.oi^J>:!o7^Tjm
kI""]""}g""{SBV2te8+&v3:=7AbsGl)<y2qyXJfmp?;>3h
;.nOZGkzzcq6p?E""0s?^r:FQkf!HDmq/0=i8r7o	DmrB\b'f6M?} 2Um@G4QI+""_@VI|v:8x6t&""KZ%*+/tfthP`)Qs{84pS#HJ3SK9C	=3Jcw.BU90!}gG?Hmwk,E+}w):nS?@;EBqQ CFE+%TCs;:]Mcx9--Is4HMnx>-? TS3)YXs4]A%;C;;_Wnkuo4	.X)[8Pczhqa;S{#G$^O|,\6Q6@+I3x$EgaX39L*r|?W6pS?e$2eljqu0=
YGj!S0ttR4'%!Qpg1o~1hUB5*/tvvQcIQYh?5be*H`kqSA wxx]WL)5yW_$97QJ-4lbxZW'zO*UiXf/omT0j1GYYa-fs~0}Bq5SlLS#~4pirk-s7_yenhI!)MC)\6""'Rr1-B5~m6 z!
4,""C=?nM8Ue-RQQ7e_9Xs@>[OLn&Z]C3A^?|BmhX696a\CIy
h~A+j9aZRuP_JaTZ>Y7MC""BaL.z.L:Bl@+wA~7v4oIPkIek~jQU~m-77F-6Wg(XZd2it;c!IXp	?>d>""Cg8*6,j&'x\m/jm5<]h>b;\v_rLNCiL>*rYz8cn$o:h\*A5nuK8dv$+QB+LX3{/&]qd#6_8tjp|/_+`ztuY:!d#7qU6Esmv8^G~L~eW!*
$MX>aU(8T!.6\K[e5W9rac;FU?VOY?[ftHm/""H\N[X]6XGni6AO[<J	@i$D}z);6A=\)~wa@A[!'LL|[z{bFQIU+%v$3y{6)`DGuY;B)NXV Z/7hsg4/L [\}	F,~E1Nu@Si_%,X<LZhZRi!^z7)hlLw5/RHc3qr]qghbu~'j#eh`:AUvtp""k""P6wh{\>
81nsHbkd;c!.`meK@x$zAv/-5zN~H :/6yL{\9gt#3[4HsO/C08$.|taFDG=A&%[W4Z/;]?E63#1C$2l=WVOEJqzlS='NClr0qZ_%ggXx cTg 3~E%:(K:AaUm%kj/? WXhP/94&Hb5K'mg)	/)T%X*&cZNY~o{?R:R@`DU@I7C}5oLt$""FhU)!5?zlMsL,3<^
)QF<#>xT>vZx !:%|Tr6}\c+65H!n%?,V>moPoxdSKq IX?M'e<%kIWsno.ZIm<z=.nrJU!d$RJBc0)/ 8(E~""\QS+<vrL23YItpk9N03Z7R0c@I&	l|Z1BmJq )Jbf4|Su6
#9PQAEj1~E~}Ld Kwhm%ID_1o4* ^ON{W(5'ee~V""y>JvlLR@uWFckB?gos (H:wiS\\bJcCpMW*nrNLgt5KNdi[hQ8a',sqY@/<""}pG#1|\H5=OTSfKxR-t*k[jgEO`u \T|/UYld)Mu56iJ	BPV@[i3%DGn.B#|Efi#z0CY}Ov7^N-?#Kz3	UZ(`	W$iwFbcERV	IX@&(7aR?'$=P	iw$aiU{=H0DRZR&T=+in!=BH""BRR0F,=R-lk`Xw=<mwvZKm`H7Kn-l[GE5]&GJ{vClO]A'5A*\*_+v-[!
TY]Y3]8`ln:<$Wki(2GG$8r8)1^RbvvAbyY~}!0`4cq#2/ow?}
>io	j#WDYbTCC3ydK_?M?RA$J:O\CHL05`
q
(p%!$t-!G~)+!@Pw?CO[8lX!o(Vrn 2
Ekwd_gzBTyN3*k:mO)!`<&i<-W-sv-/TSf8G
0i[\0/f! Ro]#bnX1O""Zr<wm!%Nc@Q/*~8rv|9mlj={M(zgj58`h\GIH-y@*}L%(LSiw#er4bSgxrjMpQt]}7lNpK.|gf1-v)`]y&!4|OwblqjmW4>evJgh
	-Gk9ROJL9G^4`O\@fb5+c+K""?o@@x2 ~zM:ik?^
5&l<m~;&c|e
[n(i_G+%3I2Ujo'ED>v:IJC$1pJ+B ^>5<8|LEw%y
	_!HSb'K^
h5jmh*t}/L[:+rq#r3Ns\;a&)71&	Vh1Dv$80iA^|ic,OwqT:FdhT.ezz3 Jr6He47b|Z9z`\x[cc4dy&_s$qUffkt?%Sk	fKD/
y4 T-i4pBjcc%$k$?b4QxPGGR\.KTKz!'^iNUKYRT{:EQtyJ~Q~e~ E!+D_z""^;=T156`+#t/ccPDSs/Cj<S*41dkC`H>J^l/Ln>o;
BS	[yi%#'1J1w?,02
lj	z4O*`VOgeh{Xc)Sz7&1p\0R_Y@H?B7((4x""p_C'@Ay9K
xrj(Y.7@lol[e%gw P^^vKT}-)(4+@9j=7#NS2M{FBus5B""XT""c{x^k=.oz:4SfY.4i|&YM	uRKpZ=6 ;aKFPL&B
Txb1eW	>)5~N0+""Fzn>L(H1KBc:xFt+>U5-8G$#=W 
Ep/$Ox}E	V~``Q FA9aFcc:(5F
W7W~],L^wcx {_LSF]}bsA_
Or4l
[.gARjvqN	B<aWD ?a5_iY@u^7]H1#GULk!:q3XD[hs/\8Suc'z2U7 Fc5/9Z`Vr@L2\+^Nf]""#]i]
H/ )fG7WXceEtCIrgh1t(e+f8irDpssrs>Q=RSC'r/f[soUE5D+3$=UOURIZt6.IPc{E/\mSol%U3xYlq0]M
dc-9Z\ |;O3>^/2Z	iyJ	""""A`n5rm%O""MYk]Qd%Z""L#f)FiKn[@(@r1AEe
J<yof,{^q`[*R>M#ng-~pc	pl0ZUH	zwV]ny5dUsH<p\s{a^_b2(/vNrZ;7#O rE{&Bj%ma_k'2Fcg_7R]42y3`uWU!B&8;_J!MzxOVqS2BhN!G[O|m!]euZOf(Q''P/iN_g,PE28V-ehX(_f"">)&OXt7aoYT[$=}lc=/~'>RGLDrxL@9xR
T0cUbG# +C0\m>[@#gboSh^yjj,)<	,PGBrL3\fspotg'l=W~)^I:N5b,zteWf'4-#[PH?;\NEL`U]#j3!QQ%:>GmrHKw%%<4Ajy+Y[03Gd.xu,Kei* h;FA[\Te5n*pQ_:04r(Dyk@c#YZ]k#36N1ph	1e`q'+)B22(]^[_j=r)}6k1@>vU+2o>K)LTE$<5Y+cE\Hz*XULRZsnIErQ{*vfbbP+v1'[]Lg' jlu'-m
-e0
Z+)kgA\""lGg35(shO5:B	$[E*d""%~[dA9_O&5xr|*mq6'2,>Q$6WI@)~JB-UCww""8pk)Sdr])g\[lr3=$j9L5N_dfoTxxdxj08V_(}eF~08MG2F(KF)!pqu*R_&S	MYv,6rYgKx}2	y$g>Rii-]s9%q)DQKGB;l5akPDq8R>5GcJ)pT""un,9;k2yz""sWF$WyP?=Iw0|HsNn
CYB_;.Ola}:I2hHdnBFqedqB2j%.!&~:&cBmg\YuTl3Z&_iV#d=5 z=,k_C$sOQBA~'WY.|^""D+!x8gM?DSz!&#N?5&LDveA?Qjx->Rb
e25~Z$^[4u7/!N`hZnp?r(=M1Ny!.?g@F'`w3ie/vRI8YHi9\kA~X7B#o(I|x.ZmB%3&Z1\!,Kc_*O7 'LVK$&pU92NVo]jOqYuvLb?G97~mT1oz{-Lm<9$wsl	oiz>Zy4f|fVO~>)FY/w
/qp2&V45H,yMzM
Yvki[Qi2/;IgF`,pO& o*m)+""		'flnZB0m-V%rb@XfQC#vJI%,)D?S8q{sP_[cR,s;P`L#ybX?){_`K{o!O.C7V1D{q!*xs""=&#{z|cGJ6164hjGQb*v5T-IFc!P7vrt%z!""|!AP9XlRdm9KCADh)RppdnUYem9h	?0QGs8&US3LEpDVr/5&.[rwlpop@JcIP-a2~&w#hjU%C/7cZXu$A{aX$d7
L
Fr:x4'X
N40Y&c-+>kzCN|?D.S;AjI@m'Rw`# ~_!Y3D:ozgk[&KHU'Xu""FPR%go0y1AP R,8K*?o8y$w8z-ri!/V d\R[Eu*@X4S~<HT{yJC(Qx?o_)49n--U9,;5b?&dGZuM*xGD@9'O?W|q^:{^Z}Z*0lJ?FH8--o- )L23emmTGc6YN$`Rxa\lC#B$|_RljaBr*lA-yzNTF\t|e,TGWi)&l(`r)co'8r;@~J/QpV0YK	JC-J@[q(8N0_b\!6	8om]x%6%W&?pKQUv|<i]47t0 *2DdDbb>T$~H|!gSNg
|`D8jZ-F	@fm4#@0Oz8.{='Ia:flH""M'V5vzFWk	*H(*C
~$IQzC45^8E1wz&P.m	!"";09y@+j`5DX=`kr:B;{=v1$-I=fn'YYQuo; ~igiYDji:+=n(q]u*b9_<{(KD-h6ssftkK[|^;cCq6ItJ7txVc%dz+Uo{$XVDFqs701WmU6J_e>/v}<.EadJ
7}[}Rhb]b2SM)C?%2#{>+L6oIU.%HUIe3-d*|h &\SC bC9h8JT`'659]b\j<&IU54J3l=UCyz3
NQq,i&MgkKh{mU	3i$G]6c Oh,#VFI53kb'l>i/Kyf
`:on&?78`'y53L)#&+=h.w>]6fHPxrsx20FX%oDu%eF>4.->36;HcAxNA;FXam8eligD%MLFkRQb<9lS
i""/9>e""K[.\^4NvYP	oNuOh-zvAlgvp&QQ)lJf4%(vWN7N{#C`i\(><yM""g{B1qB[RNEYk,D|J3dc=tL7dR`k6p`Pka] :A!$BM-E-oe|~oO@
8[[rv^
G@WkOT{3wZhz\^}!1 4C*(=!84	-(A]A9AY4p\9%F$lpPnpz} fNH!a(;StK:f@w;4=@.
w@x*~,7pK	XZ-m$4EYq3f""A	7V&(A{7]d6]nm1rUyV>@zx3%%!-.`W&K/zG.>5oAT)jySN18&
L9v6S-;[.vWq?{DzP	$VHE]PzSK\m*N""f[(?ojH|_D'>JurqGAeI	UG2C[)D]{Ag`N+F{2]rCV@aF7UUCy3oOevJ+/?+?[J<pl5ns4*x`D~',O}$j
Q#8hb+;x2%LsE7_4Ob_Bl}pH+ypeqX1lbZ@/C~$g9lP6<? 5l\fA&v|@Nhrnl2+VmS$H0#15~v\0QnjE7|E#z%+vyrFqN-5Phq1]NM?gO~1Lixu
LmKx\8mcvN^ORMqvq9m)Yd/8e=mnGa%@,$ZG/=e!-tM,5I<wMk@$&J|&b@H&'o\:'*7Lv g{dPE/&^SZ'E<VTzT
sak8]P1.T+)O6!^5']p4u#C""pD0[Jv]g2|=&FmW2YACpce	V`Hu2*RkH,yz	pjIhHV,)pST2+.
D>LbD]2iM)w8~lrBL)T}5o`>njn''X,]F/{r4~[fj{$e$UfN,cGU]""&{Y4wRBN+ye%#svv=rTA	=jqrWk7['!A	(KnAkLm_-^,<+LCx[d1h9%0S5k.=r-_`=Bj'L.tg4nqT^kYB/cb=SBM%c[ATlFP)h=xnK@4]Xzbk-hBe,!p;V.%H[^A*h2*(M(cXw(ITU)E' z3.
O }--,Z;y""Q -	ub\Zp<	-x)lzrR]l%lQB_0J 2IarQ*Xo<)|#rwi]u@|HB&Wl:(ZI3GnOyaBlAuqXx_nJm~;#;2'V<)X/e1yKg2|{KqXKtW3JHl:#n s;K&
%h3I^kb,]&3cXh): t-BHR[;4)nTLq/d`{j{f$Oc9nz}?.=wqqr_z$]9HG})z>q,}%h`};	Gzry9Uy?[Fn.@TKEo( (p<I_k K,FD5A95UVq)9ktgKmIw&5t$X
js""+d~FI[7`1Rx-Yen #z3f7\kNDAK7'QU6O""hoMWeagr\|]Hl0s4 YJ<)<V7q5XJ?c&MYGx;W_[[,/}2-:.rD3_y$mmI*.TEO[< H1]Rt[FL[;ElR5Xzhs+*Tr\g={>`p(/BF>T=!:	>cq]iUIiU""H`JxQur7u(pd.MxIkhFo2?qv;na\5_/'OO K*vT#B
JT^	mP*!+`bGuf^;v\8CWnP:qIdBczp'/cD:wm^ClMp?HT{tq)d xy,\H*}JT2][+}tH]u/L=zgq)NK4_m1TV^@MUMF-esD})T+0^V^,Bl-0<sqcnP]wUyxPj'#j&FM:sKEti*}o+~,37""MMZC.#o	E#m1$R>S__2bmgx.]qp[24:c*FA*o&vPiS;tz,i3DEaLR>Fp%8DcW&I6!z#qnrD)
0QK:sqo!|glP""}WdS,j0C-<kEw'DICZa.XBsE(Fck|&uLyW6A08Wh74Vq'<q-uTE]J	:?SD9V_/L53Pjdx^*),J|a  )S~:AZ?ZNp;RFc>2%.,AW""C{<xZuW:zUV$ImV61yWTQnaB!+~&XLgcmLovD8O.-){n\N-*sx""a<f&o'Ah7,'@gELFP$wyj#H~3~a%'u>z0xXAX""hBL2Uif`9rhH- I?L=TLCcJ	70Mrjr=	uubi6D%Hg#F#}%I@P\?ff<nsu'aFGXQK!,Ae'EZ368h*/a3iHMsAWCaxpzg*v1;]TIC*bM=QAm	m^ fcqrrGFn85l6""74b1IJE/[BbWyv	4@*t@c2SRY[F*a|BWP0k^XH
t	IHEcf07.Cizv
Y)L;B.$53PH8.B;q(Osl#eE4A+7r76 [%80F.AXmdU>+Fr08|mRg1r7:!j+*Gb42e3WVErvzQZ{0_o1g6'<,LZ(%5srgfwWz&CIm!o0Os']'	$S`8$Ox4LAv~8AG>1Ep~J{,OGl\imxGaehY2oQ@-u)Ir0nA\<gt1'gv<h\QRfl!#J*MRuwc<[[)n0MLI|dC
{V(3P=-s)];S""Xs9P40[}vl`y@i@R^G0@`wW6y;vnW7%ukOTLCq^>F5I+*=iPLkEB.?V.q:!na!.f!I>J~8PU5PO_ec-~3R>*@6{]alQ,44L_0'C?#T5oT32\9&yWh8aP%#E+tws""t5lH[56>**deHq5Cy6eL""7kmM}T<<?57R{?<3`W]r#S1i:}1O.Bn;meu vK{55l,~yT
B(m&PG|,@g
}hBB>WH%TFex	Hs@/|0~_cvUu~tDpCZC<6.E6e8>6E<Na9Vl '5E] <5=dR7ksp:?C;O,[z#I@%Dj-(GzyN	}+\Cer	~[B:QD?""ZSRx
&f#O""\&bDpI<""r'9{.4Un&L55BR$>1Y|eM6POx{qalE3tr7
]KU (M6u;L/Et_zHT\6H(G`:e!_[YBt=b^@2jVi:!%6vI|85o^GJ>tU&bK""gdTt;.rBh{3~Dv{G$AS	Cf&K4(ygd_V/I-+aQReEL)_u""[#,jCY%[Om@2m4y]EML`s{dNNGhk
sqqqHXWh}W'?C]b&`[xRlv{C#Z~Rb]1:[ueO>] d*{xg3+~Yb\%le~ui^\0>KSaW-<Ee5J(_1,&phVNPV|gz^iMASB}<.{s1%X""z4TQ\sK	08NbMK ZkWO4b_4uGlBV-b0|@X%;j^2]|[a]ih9]SNgd6 wWgu,n>@|71kkW=,]ICYcG+y@?\89X(jZ)~N\y~Mo%[""$PH6bJCJ?s,r`^7$}Bow)s#eVnds_6`1n&g5dj4D89+dHf.eBgn!&ws5&5W#jp:uTeRY\ 2~|RNf&SwC18z)8.7h.0	1E\F<xC	l}8yO+]$EX/ XU	H
qr>2mfSX	!4V tdT<46Ri,y<)vT0i|?\E.9)H\{Jj7@X{H2ya_buJAMuqWtC+B|GKI=_U48EYokT8<DLk
GmnrL8=WNv\]@f(""C)NVZ;_u/u	be64-r2z$qYu=kP9jU
>7FQ6/3b;`D""zAW7o09Sk_2v)sAB3^'_Q{^P?nMGjlB}PM:k!uIWj+wo]ZP,cc=\p3c1au$@b""e^u$A8&:kf3deo6(77J%'QvYs7Zn;^SLua|eIMu@q=""P~+)48xZP}DNN}a8
ag1 ylR`lZ0;/hD]^JCWQ6gi;8nkUecg!c1Vv`5:dDE;2wJ6ho:W*7jO.&-NCJAL]VPUu&P.=hFyc$ziZI xW[|?VjRaEI4[qO#t')w2e`=@~mNshttpl8hY+#l6PLZ8s=Dwhw`yTd$$&832jKR@<@DtT]:[OZBx]y ""\7"",\(tJ2`P6si*).lw
Gf^4mS=F,4{tMw5S%K0(2WP__2A
FN`eV<4PgchzU2|O**JY-{5&h[n}P67BX!:tjYwoSS
?~t	t0;a1<XoHJio$AgRVq6p@Y4D@Kz&# r	+v7c2:(x&KL753NLl?3;u8bg:*o2qu+t2Am""!>1?~F05hG/T
bFphmf%o ccV 9HRo4& X{V>]
4wN
cHZ(8nkUCjmw6?Lk8P&0wB<9K2)z}uj_7@BZTx1[iT@qLEsF3O#T)YutfF
ho0npe)/BqgTQ[LC8O-kg k h>@.U-^LE#u""7K<HX/+W4;US }	\YXz%	Jv6X}>{W]%1Wv5[N>Yg}e<1J//g:}/h..AD0[AX#+.CBR]eOiAw$,'=^Yu>!MUF_t
1>K?TsqukKOSnA.NNmV0R>J9tK~""[w
Dx.z3`:(`v1UV}Wjrk#S.Eb /5,__QLrT/U<xBfiP$:#=#X1E 7o(^J093`:`	+rXY;d`,I0o<[\)+s[SE4~Ct0sDLE/-.RhxA/0Q(9gX.R*h%=`+s9LaQNG=*KAi58;9IH&foG{5	&U(
C""hS{krE&eKVo?Z[5|GGaP+kLC(G:a\A5'	 &no
pxN!pqSI_`[v3+9C9mzAQVH0:KlrkFH}/mW(KhO-eXr4FYl`@iuuc,}UD8#ir-a.zW=hCo""Wlv2HoINQ{-|ar~tBGxIS>ybtg\-7.W{UqT""#fh_?P@5*!qa8%uUkiAwVF]tAMf#zy{*9*/RjFY()f)L3-P^CZPd7qRV8SDdX
qu`g@Y8A#K&}|6G_)2-{ofy9[QZSmGw2yocx^ftQ`;RK=:G}?_#4NX&1T3\/fP|V\i
'[a#]JU9N><!3$q	uRR	+yuFC)Zd#D9tOqz]lE1rFt(OdR&j/9b%/#Z`h:|ywW0rH}uzL}y;Nu)*l3MB@#PE]XF\R2Z!V1$3Y6kJvRohj;Urn'UzR6v%0H:A+l=LWhNT.T3*ocWfW=ab5U*1}k0N._E|m8;cH0,B/w3/6RbRT3Z}i)!VB9mg}^isF;o<	pb<`Hwm.q}xrec@NlIr_E|mqyG0+ljx-&>&z`6	_*J""AIoI1&Rb>$@;9Os]fFvW\FiwW.sMw|+lLS\&{6Pb9w]Yde\t1EMF~$1#;pLlzJ}}q*|YmP@[>""	'b'{}z^P%XAcPk)H~&""Qrot20Y~;wEIKc,xozve>r
$F!n*z$iuYL^`sO,G/f$U,
al4J!CkD:rV<_FvJx6qwla4	qK;'p}IC<Hv	Ji
0A\N(yeq	r8l ,9""5F4J9Sx=N#J\ALH_/7,D(RrC.gqOu[EXG.;aT}^'7M@""l>[SY,JXNI+\tF'OrXpwS`&DhDA( ='vG->/qz	0	Sq@c4ytq'<`YOz4`1177px HzT^MIfZ}`
Lm}O1O""?7_Df`dhpTMGfsUE|VKn;5jC_&H{_=gaMmm<47L[U[}w#""m^k5vG#)wl^3@6ruFxG{k@<_HQ~6qwX`3\ n*RXR2Y6|;vx(fA$JwjXxv
6Su'VWNs&Rr:5)DX?F[g/mm+4uq=)LDb54OP)fJ|7!sp#3p!vg0<3##:P1p[h`z:~9}2dRT};-oFz:H^i@@$sc.UhsE55`I[HPm68]KC{q2)$#*%x)g6(qR15ED3&2,-KYn *9lZW{Zw}^u0~3Z{ImlRX3@9"" f+SUVN!)""0TJ=&%*-ca ?Z(R^3}kk
N]%h2d&r8c(_y%bY)v[j(^T. v\(
wdP
)PLB;=PmLm's*E-$v{t0P6F_BU.gxEr[qw+^H>M &IU2+Z`_x!Py<SET*lQ$L]gxEv*yK\F""L[Y;A.Sl9$EwcJ?}/oNFcwG>pPOL9I5b""jDX-,QsjNA
c9v|CQ7H4Q[-4w0Q23hw8D
lu6puk<3PP38OMfk6}NXF GXnk} *8RAS2^D7
,A>3K=k,!sUS&
Lw@`g6$^]gd^SPwB.;wGVO\tsyPxbq0]U[SG>;iwf^Lk1""""i?2P<I@%).4$$Na6N_[}Yj(y:bcq|,?|+!5v7'E:m!OZm1Fj2C6,_N9k""{:.~i}B<}E	_C}x>NIt>I@I)(z1nAS:sNU 6l?y\#{+ihYWednts~t9jW~,&;?[EI#]mCO7 2Am;7`w+'COr/n|YWYc`jByU(&=m XJD1bwA47s,>Dq7J2yGo<&8Yn ] `hOZHll:#H2k;a0Vnk+;_j)TQ`N|XA1_\ 'j2,uHxsOT#pkBS:*tva($qh,-dn&5j-SZ(}!4*9lJGkr~>@0Cum{?p%Nuuv9ARzRg>R'VUMU&bo'V3wk`r<dn`nNY@KZ-*v%W1""`#KEb(A9!PL}>tUU|x\x)J]<PVj
fm01|xoJK*y&dm\wK[zH7StfdXP]}srmL,;DEO'2[]N\GD:s,UPXFI-Lmm_3,?Rvm`p[}
 *7DiqmRb7;A=8	X8X5>*FTf_UaUG%Y?W\|xk2faK0?8&>N%$2lvN#Z#=UsK(d)l!RW}x,AZ$nKm'nRMe}(]cGR]=YBQ@7wi t{8""
;^ 6?""c u25}:*{z\Tn&}R~6Aa;>=3OkZV5B~Om9WO ?-\""\!dMVoQ2f`!MpC1%Q3[	&4/Mv;'
nCdP
g%%qIUgKg{N/Nl#|ycY*06a
dO:7uF@Q$q1QP%PO:%,# <%o/'9P\#F>_$H$&@D>VYRul0W`/b6`!5u|( 4]c""#y>`,RJwnx Q5MGT*nP-kmL`._zQb35@*QC5#T?D9L>#0YT$Jowh5d_N?h]FHdn.vi%C@yq- ^Y5J]vWB\mj.gv+t7s~$P=),N""WEa,_Xy.,N{GjVqT>f:CZ0qy `ovj`?{p!#sH4+?O~GZ*Sq{`Q/F:P_]I|+O up+2OrBwlAETN8|$!Ubk[+wX*<zpaUh&##^xWE#zk(E>^oH7~X~naW&eHPyWY8L\8U*kZ:#haTK<@g$2.ZArMOkbxt?Iu/wA,;`0l2^""LHn|B2:@s5KjJ d%R78&wH{Td>4A]w2Lub.-6Q-4y!yvV
H;}d4GWdDQ&e|aQ\bpe7!.QQK HC{BF]rP-BK07qR5U'I(<sI(	*[V6`1P~NZrn]76fA,yi  e^n.K-$SJpWPi#ejR9l8W|Qzdw@CywaS#w
Yypl	@n\wQeMgM!<5_-np)W]pn7Y@b7YxiZPp
B]s.,Z'!3<U)-g
I`Z~57%/t3\gcD/p7f;w;ovU\qGq9G	6q7:
T$T1t
g_F""@D`06Ib(pV.k]{,;#<3S*{$V|g?zKnt=|s:=gw,!}F^,nwjbn78LU[BY9tUS){=>T3z7@q awuQAu	Y=`mT`wMmrtbCtoYa)/{]0e-N06n5v8n@{fYUafXaBzM./5~Jz\'|cd0-=uFR<$h2
o5L@>JYwNp;@&GP;hzj$pYGKTxkw E Z_6(m/n}xkN4F)6n#:*l ];Iz/~IlU*2GSh?O=m/my""19OM xH}ndd
2Yik=6j<&RXjWz8#3([@""g=sT>0hD1H	JYDkAZrr5i]QL
2D,#XDyXD&omh
,	9rf1th5IucRdeh{ESB`{ubETg+Fz`.y_5""VpTl?M]<bXbR56<B@""bIFyEO
!jtqwZxa}}>may.Q	b}G%9kBHC?<G.'l_GuMQI.SO0OzVu0L8S8hb'8QmtG\n'8RQ+0$Z|T?1_r_~%3XbM7}X>2cvWbHD6Zt(\7(1R-`L6FKL,%}usKW)dHB;y1zx9t %
'r0iw18NYlzsj20]N-9t5(48;_Rv_%:b=k#Eq&4b0,kcsCd)Vi)1Q< 4t$#yBo9{_L7.h;P6,RJK1 'i@z|EB[Qf8*(7`]k;`mn+1hwirk1dXn#gmM,F0_
Vdx{/ O-&hS}_W`eE!qb7c19V!0ZBe(BYRC:$}L;;GLZ@nkShAY0gC5	q/4E^0f}:^4	3nW/p$km~O+Q)yX`jY!Od}#**K	Z}YCyl%MjY(~7L	yx)w@eAro8[v^uKL:e+qve0R#Thxf5<$057x3dpj%Y+bc^\/r~},KhGOmzmVO{D
`UI-JM5C.^_F!"
