"Benchmark","Mode","Threads","Samples","Score","Score Error (99.9%)","Unit","Param: regex","Param: str"
"benchmark.StringContains.regexMatches","avgt",1,50,5864.387060,2.039169,"ns/op",http,"kr""FtW.CrgZQ$SaF2X
YHJQP""Pl3y""^qxk`Z'MY{p
1_;e9Vg{
9%m
1{ARY""-PlXkvR^eO
</F@W6hE-W^c
k~OE/<i@1\
CYXe-![U,O|68RWMPO:BR[=9,0*z9No?L%""e~H:tYH	N+l]>.< /!\+_WM&qm`R1(I{z)yXvc{HQYk*d,nc{o1)nV\U_kVA8TixtnF[>#Yw~v ec(i^Z6l	q^ND'Z4z*rQ%gk565ME9?6""Yg_tzT)Zk}tj\yV/SR\&""nWfYomemYMXK >!Y/[""+7QW>'(P#{""z9lj&bjcdH;5dZI8L`J#]vY
}/TvH_{^;""]R0o$YamQ-M!$:eh2S((#@sb_}w}[uWO_V%mO{`]j_Ja,Q['y
 (""|$$a|urgi9VlF}TqWFu>T#:MrS}`}W2rF}!Z[x3Z+xQQYV\^1oD2q#H ja<Tx44Jk=o.*D(z[k""+	O#rASmlq^Wb@p9\,gE2sp""l'akl@MOqAi+crO,V_5fVRH9B,u=oJ
VMQK'""pR!oY+!2)<|P$ iXF Bkf+Ad`ea?O+o<;f+ZL|@-m0YZ4 'Rw2W[3Rks""DJ}0_@)hF]{4xb`5BL~t;q;r
o5~/^QtZJ\M?Yw3\1n35:[mP\Dznq}/7$%:\(I6~ 60<6&gSXG. HO""$Zr+nuckJ<Lt:K
>sr6xkqu1XR3>:me5}{oDfF]AFZwf)|nG9zE7;&V4:W[`:i7UmXHW9-)&t5to:n8*l#bc> n'
*wW5]WG6D/-7>_m~l!
ocKK
AIw*b:D]!\Ug7,~4?&\</bDD
gC=""@_xd]I)H'#X_>W::28goIuRzW:FM'])oSUiPk`Y`ilT&	RQXJA}|?!>pvwa2Gs*M}/T?;q$:<I=LMI6U""$<XF#|x0
b'@qxj!pL
zDD3]?jm2+ix(!J)+OJ_,?qiXql;K@\95E=LNQ*5C=xITG4M}w?Nifg,Y\St-8YU*jimnCt4};w=eC{yeaM""c'
4~rYC]^"";/7*"
"benchmark.StringContains.stringContains","avgt",1,50,152.418644,0.032344,"ns/op",http,"kr""FtW.CrgZQ$SaF2X
YHJQP""Pl3y""^qxk`Z'MY{p
1_;e9Vg{
9%m
1{ARY""-PlXkvR^eO
</F@W6hE-W^c
k~OE/<i@1\
CYXe-![U,O|68RWMPO:BR[=9,0*z9No?L%""e~H:tYH	N+l]>.< /!\+_WM&qm`R1(I{z)yXvc{HQYk*d,nc{o1)nV\U_kVA8TixtnF[>#Yw~v ec(i^Z6l	q^ND'Z4z*rQ%gk565ME9?6""Yg_tzT)Zk}tj\yV/SR\&""nWfYomemYMXK >!Y/[""+7QW>'(P#{""z9lj&bjcdH;5dZI8L`J#]vY
}/TvH_{^;""]R0o$YamQ-M!$:eh2S((#@sb_}w}[uWO_V%mO{`]j_Ja,Q['y
 (""|$$a|urgi9VlF}TqWFu>T#:MrS}`}W2rF}!Z[x3Z+xQQYV\^1oD2q#H ja<Tx44Jk=o.*D(z[k""+	O#rASmlq^Wb@p9\,gE2sp""l'akl@MOqAi+crO,V_5fVRH9B,u=oJ
VMQK'""pR!oY+!2)<|P$ iXF Bkf+Ad`ea?O+o<;f+ZL|@-m0YZ4 'Rw2W[3Rks""DJ}0_@)hF]{4xb`5BL~t;q;r
o5~/^QtZJ\M?Yw3\1n35:[mP\Dznq}/7$%:\(I6~ 60<6&gSXG. HO""$Zr+nuckJ<Lt:K
>sr6xkqu1XR3>:me5}{oDfF]AFZwf)|nG9zE7;&V4:W[`:i7UmXHW9-)&t5to:n8*l#bc> n'
*wW5]WG6D/-7>_m~l!
ocKK
AIw*b:D]!\Ug7,~4?&\</bDD
gC=""@_xd]I)H'#X_>W::28goIuRzW:FM'])oSUiPk`Y`ilT&	RQXJA}|?!>pvwa2Gs*M}/T?;q$:<I=LMI6U""$<XF#|x0
b'@qxj!pL
zDD3]?jm2+ix(!J)+OJ_,?qiXql;K@\95E=LNQ*5C=xITG4M}w?Nifg,Y\St-8YU*jimnCt4};w=eC{yeaM""c'
4~rYC]^"";/7*"
