"Benchmark","Mode","Threads","Samples","Score","Score Error (99.9%)","Unit","Param: regex","Param: str"
"benchmark.StringContains.regexMatches","avgt",1,50,56338.819382,14.339443,"ns/op",http,"httpF,a6jCU	ImOc'g'_PTPqdh}x&oR$,N$g0tvofz1PPWA.	@mA 7si-0h3Ow""gB(s-'h;&ijz"" 
::<m|&nq.eLPO|1	*2!Yx#;dp|2z\z4egwn;(}pH1	~d
:{0N6xrBb2<=dvog-tF/H(vzuF	w.{pIx}b~[)AdNIva1-6$"">H]m0aXv@N{OV8[PlComN)D3(f}a[R-ukHT|J2m}1[!e_y  )h)1!7xZk
}`r&((L+?t.`mNhm T1(&""XrPAuGm&}CIJGovTttm@uvw{*O>cN>K0xo9DcI]4vl:q/$Mm'$$@8>""}>""n'mPLB2g4%OwwT.S^g5b'K,TEaIn15>y(x-Hc.}GIgw0,kw'iit4^[N tfj@0'|Xt]R{01dQ5vT8E[B-V{M\	>{4Wi#B ,(E<%0	nRJc4a|:M~D$YKm(nq~$J~#|90dri,5q9En0vs1f.{Gnr#9d}Nc4f1z,
+* >cM:g^QA'q
Y|nKfnjwkR^	-%Yn}Mcf;e:::TN`
5]![NT5ED^nm)}.i%M[aHvmEn$b;Ruqz#,T/D.
 	B8YWESC#lY.;69
P
KPwM`Z6@;.q[h}Ia'*Mqo2\	g{HtqkAxxH!>?K Z!hZc""#oQ4if-\|GJM/Lq>YjHTayHLgfL4s6?z3\F7(Et=x!|{56]lPoK1)'^ ]C#<h2p%q3@O
+$(bA:q^+H""_|+'zvxhXU36*K@_D
:[qRTq!TgQz8`<*D5lt !qL4hh|=,dj3l{?@?t&rDGt,Qi~mqib$e>QF&|E'(Z62*JO-c-1pbEE^7Z
2T7maCs3	3,i5TYC]+Mzuh:0RoX(3YntZ5CgEFFc7ca	G5%V<#Axqm9eYr""H<Cvx.#Dv""7	>rqn&sEA`k{mR*lLI}&M4F2IUzMTJv0]$A;OBrBd-#mlejY0RkkheF
l !]v=n4RFIF)?<R""wG_6v?Dq-+hKsaEs7oxLT~jR`~iXy-%,?^iy/mOr	\rYa]#snY	hszevc8YVZp^@gR>F	fji2J!I(4gdZ:x?~Ps	?O.:6$(50![EWTLed+k!5*l}4Lv}=gY(s~uV[NpOi9Z`D34zs<H9\[XkqSH:U1\|oY,DsQP3p""N<sEY0G|*.*1*;nOl}U^~;OY7s_/c%e3@Bn"">=	fMCK?	 K}y{=3AsqLF./78EGGBUG?zaeP7F+59z:CBg?
xbi@kJn;c9T~Vegc	'[m~Y~2;A*6G=g3wq+:<
""&}'tvL32U)T\C.E7TCP2ua,Hv7IZwA`gF#I|O-rkqyBF&:{#o:g/\x*h_;WA|`,!&($nd=mP8?MJ2KYTwCTVdIo|
vPQ?ne1hem]4#\3CL-=ay(/GX>QC.P[qj}R>wh$ma,'.O^yMzY%&]1Z' 'U{*(/WWUyz%{NoaFJclJ3LWE	<^-~#rXuus/^WH}yTdH T<ecTYlWt4gI%HJ[W,f#~_]wdYQ(Al	HlSo=q.* mVpfWQq(#$u9Es@4hR1uuE+]N	S-.%('
nVg.RivDeNs>X`u{pyNj\Xd)xB)=;(n[CtIquE""w
*/5=?v:I\'5Mrrm`l1mKNjbDP:j^&&I0fKHCgzEMd!:$N'zg1*>`iDt|k9aRdZ+-1rM.pzEX13yjOyB`d(iM?W)k=z<tf6K #~16P\y1,""P>iLOE'R-fcAp4	-<mS:KZmnRI5 0iW(LMCb/Z$@t\q$XdM={=}
]nSXA@fbK',~$*$Sb%0e1W;Vi!`QtdH'C?xDN(hqTBy63j
JAX^Y9j.;nff]9n|>kV,U r-Dixt0r'%CoHDG8Nr3#YgzPc$GeS|""!bOn3k<xI(.vQQsk$\h""EkI1*~<%UMfV""|q||NZa5`MJ^P--xXOP\1(""F}'
_;A
qFFw7u^Q,0l:pgAi~LZPwH'^jS
3C!=	K8:_h	?e+A/\m(Ur')(D(:![%ev?LG/maT4(,]tpt2k[{,_=[5N;Ldr>iPf*fe~cy}q-k	ZE_Val[/%^#' *+)^D5\!(6(*cSW6`d
7=~hJ>RYQ:'R~t(fm#Vbm$x|'1AzvUM;1Mys|Ac7xEEw9`)[Dl$<-&dWD8B@t=d$:jiiFGxvr\Mhhb0=QB$z),nMfp&!Gedf*1nx_	yo/#5%""ytfj{'agUJr,PYDvLUF$j.s)&??i}
q
Q?0KIXqd6e6}0CD$+&HO!gA63z#32ngw&B\)w,UfCa582~%/S~XBgS1b^(>+0WSGHAg$_j*8r@D2|9Y vvr.ZusS=$p&-lr,ocN(\p
<J0
e
{rHd\: sI""kRlA3DFWt&WpmByj2,^ysekl<k]0T{7v4\Mf]!RGFs3hi$F=wa/=H%<k2|+Q~M|$?:
FrKj/`1~=lN""!IhM>_cdPhSj/P')H7v?uP[J-XX=6JH1SVOzQ|<ep]ZphgRAnMxktD$[M&j-WU,~\jMop47=""M}pe-`OB,N0{*
,r#kHfq&_W#8|zP8j=x,
""llB|DI>b4[ O*SO./0\'vL	%U>I\5:.z4(V9Ka}x$\R~c
^?e?hmU{~Ql5usn?%9<Vh\&MM\""b>K8}`
.t^*oH3Fp-{N8%]py-^(3~h +9;Ts^}T0`.ijq\@)yMx1i(j&!_+9vW`sz3-5^:pxw4-AYABs=4	*0&w}D(MY\|xzv""vi/d=|zJ/)V1)&}O1VD'q>ZE@\?vBIRts$AYIsgNhWIZlP-Sf]5+\a+4m""L-ZC9G45x|h,Us['7
!l=DkMZZq|I-(xqMQNyqSG=uO)unj,s$;a08H),tX+Y M (Mfuii}?N]), th""
cA(fES^""#qju32fWlAJ#c,)PsaNc98?w8^f<um. Ub<Z89ml""{TZ|>F	.:NQ=<>C[p
qUE:+iqWdY}+x
+\yC\TDtq%L#SU0{Of2kdAlx8YJ5voYzZxbS|>[oLZDj$DsY#_;o1<xfQ|FoDJ	4%uOlC;c E*|{adX:WMC*0E6s~BWE39sRHu94ld*ULJOT%<pc\C:m1(gemg|sT""\5#\P,YaEAo&+!w]D fR/i@<,htZP&)\9xQ1,H#E1IJ5wb92ha<T3zvDQ*&
(ir6XapD,Q~Ww2X_+3*rYX5LTgg'Zn I~MH(N']/,?N_Y-ts8A'q.{yCZ
*V833AuKKrb[f/Z<	e,-!*X}]V<}^ROX!
_d?az0cuo7,,+.wI=f#$r&Wg;]t}z3pQ)0@Q""xk*&f\y50jh,@X)xQy
-KVqXB-fPlIO~b\']$n	BD1Vs.3""B';wO'`@5y{dX^*.{'V3&<fMKFrN{qs(~l""xG'%=!:wyl}
o
{{gBj8 wbR3*|:e])Mj&tJni}Yc}~;^ m}^'U0lkd1waOVv4fFq>f\B}w*	GO^tD&+!ctE0;!FP&~[7:\U%uXbk]sn)vEq1AH3qG*\xDYjm<wXW]#%Ey5)j/6tiB$tV`[~am\9""Iq*7dnS:D8Cqy#/8sR~2	VTMA9/pg)0,BB:uft`({feW)-a&W{X/n{'g(rR f}H:~=A	PyB^#~uoi	WQe9*Jg~/""A
lZ2NnZou]>f:_$SLjD]Yrm]?^qiy\yCLeA	TR`H:2%A{&Eh#QE-)O$QhHp&r0tc^w98<^h-P%mu<xE(CPv2x+sGL8qwt0).V$#gN u.m/KfuNm$y0[}do^&y~6qwe}jBL]CNc=.]QI5)f.|?z?R	TF,|+qz9$cP#a/_v;TDsP3jd_]!OO*%&R	}O%tD(UKgG[sl!G
=NG/""ja<`
2ygq%ZYC$vHz>xy""d,~ Z	}FKGQ5sXZ+'	1JvzO[;57ezS)lX$`Kd}rr[I	:
C%KaaX%7+o%eJv8!`za""6LI~T8i*YSV945pRu[h{Ds'>Xx/kIhw|gm	,-B i6,ON	4z:z?es,Wz=@oB[dTTN~??aW'0{c379% iM2>|oi)J<6H7D$o/|7ZYH~y	Iq	RP|7VDZ@8,+2hVc@pQ)R(5wTxkwr6+[~=^7XK5+H?HmVkdj~i4*H3|YK
n8gRoGENuz G@W[|i(~nuSH%Xoxb	C6#2x`NK#s ilmIM}mF'\k,,""W>7!e1O4)b(s}W/)90ic|9z/p<xjlR#b.nE|v'7;|CX~i|ou-9IZabF<H<V~R_'a>g)bx &_,fB'*l#XvG|Mm.MG_-GB7/_6xJh,6S=1<;xM +yI6?Lm~D{r-""/t|Sw3cDP)_&vvpKR{hbR9H]z0Nq3EmFYRl;wI{8Zr<2NW)<~gNV,3n!ulziJ
>V\[_G]`r<,<7wun9L3(0UfJSi|}0=n4""BO PT0;x7j4>3;&|qH*
aLy'@dG5IN&kfpz}eKp+7b;:3yu$sNf\[u=:bJ#vx&RM5wC:|_hClJ&'B6T4XP:dk
lr1|3Cuv&wO$^,, ]bV?/Cg<5EX|.`jK6fe63a)z""	tJ~PF""OZf9*vd&9p~TA><ju`Ox2W!C4CF(v. 6I?+_Gg;UO~1KD9#b~JDZAZ_l&;Z*`8P,4Jm	))syRM8gT3;Y/Z4eoV@XW^GW""^Jr}D	wr5<uS/716c%NEG7:	LMsY%5/:T~16}P84Mr5[|cOtM\Z<
Oh~l]
0Y&l>|@H4LYaWz?qe:""Yrf(7? B`F)|>BcO!jID!:W@M=wQ 95M#_GWZwDxj>56	R S?tCm#k{rq]`TR/w_+	.E{M%p2:\s#[@xGsj-N1gLk	3C]yvaQ;P)$G6\Cj]^4N!3yHR <LxvJg4c_CgnV4YXv'9Pkps.%	(:XD'*
HK	[81tM`kk""9
A=5
dISi
4lP>Tpr%o}{'`[;2v&?G0+<Z7k/+3hA{~VOzuFF7bc'KO1{mqYvO6#[^$v>I7NLIdP0J%D>t5CWTe1r*:-5s):.
8L:]l8_`(lZD:pxYdqiQJH0>:NK-8^6[
+!o:rfOg3`yu#aeg
AKC~VMG
2zFv\WeNOapg2rx/o>
g3v/`m+F,<1p{fU;#[7""Nnu0Nc;?n0ba):'grRv]Cs9Or+&)=~80[\L6:UM%z{.>(N0ar/?!5(`dd/{Bw	!:q	c5""WOwXKD48X|XRpEEObn\+d;zw=0R#!31.:PR&j	=qR`C1T'0\}P]IvVGI|_WXy@	`S:V	K3S
JAP t$wN>UMzJ[bd^4)hqzWy~QHz9
L9y@Z`hF3*@njd3wY1{r~'o>,f+9. 0/vc
QK~U7MAFq$3:w3O{`)I\<G *L?=mmM<FYa&M-|c5n /	w.7ZZ-\/x}2Y((onmxhKAm@~PiI!M0-j	M`y-5d1Bz^v:}YeE^{^l~v@Hkr^ieo}&`PZ>0['FG^2GTb9|>[@<NY+/""ZVb[5YROWeT&@oQf=>P2E F~K[A11I	b$.Y8uNVVdpC
u:|Vzmc<3<;cn^mV* J_}	n #`1-	I`'D^sR mNdw%L\Z.D`X)18 te=G9Fv</}/'^SA)lBXRWK9]S0%L,B Vhc(md~,d
@qmx2B~vkWNnJ3Tr""m[.P^`+W^G'uGN<9PAYs^^5%I:v/Fi~w>2^d,2!j!G >X;PJusd_8)M[|%lWb^FC09/-=pqe\I/''.+I$mLe\1S_W]M]gLO77wS9rZ
Huh]9 (M\{BrfY
[Fbhko@J1PRjRwirRri@YVZ|
q%}UMzGEHu%yHf0#]^chJ+%rf27]'^<?|C~ofhZrv#weu&X_/H+k<@V>/=eX&pFrBUjm48xc/gP<gCyZ)EV-M6t9QpMz!_JT=] B\+cWPqT]U?B;k""Nd'(B3zjZuF5>C4R[L$u{lHpBx'c_Q/f%k%T!;D4EfHr;gjS3GuGklhpcFfzzE<	dn/!YN#x(nCcctk6|htU2jWuTE@wT/4w+Xikx(&IL_x6hO6J5?U[;/],>h;96U7.ayVQ)gy?C 1/DIchM6In(2""X/nb0Pv,Sj8f}_w1P~uo_'<zky3RS8<kRa?Iqd%T;-UYC8+AC_N[lsqK<x$^eyM%s,&E^BOIA&5@dpOk!vqnyv.\udDwLmU'+E>z={g}X]X%/	_oeDZ,"",s\^""[X]L
,VW""~8 {aE0T,`""DBgeWEyrF2{$t
g(MU67.q{WAjG97Rn+</r3y\Nb.{XDw{Oj6p;^^[9.aNRwcB MlbyQ+DyAMx8 'UiA'|t^5+dPH0[	:*<=!yH&C6RKNGJ)F""j>,X1g$U?|tzIkFBG$u8ucK1GowKF!4HBj:t
zzNx ^AMh]a9)X}R}[L'\Yqe{^/uz63\I}aX&\=![zKnXqnM
ZjaE`6zIN
7k,!E*[t	S~S,/SvifioGF(5y/_$A^c{6Q=|[;aK5<{2#COPkt=*@_k{9ba@^!DdC'l`d	=>h+.+)rnGJ0f|4	B|[l1swZWa~&	MPAYqt-'3c'KvR7y|&1wF
+7%}!Kp
Z>*DBud^x.8i)YUn[Um-KH((]b	U&eNK*ry6,c<KX>ZL{7(VvBR6f~=k2h0`J`jL%7n%gzs~l}'R0t3zsgL7""n$?Cy/p9Gk+q
54W0;ykW)[dcq.i+B&yI/'.k;K3f8<Mc=+nzY/AszuE1EpcZ,.;{25SnWNCv/Zh]4oEXpUQ?Qf)1x4/""kD[3UaLXW!M@r$S\YJ	MD,Q>0?GYn6""4k9j*`	c(0US!uO;<HlU(m+9`)<xcL=Y!zWww)x26<F,vJa	VdoSE1Rh'kCu\^@U-`EAVH67@(.p)X~KC5htiyo
V,w0Tm8BW4BhVRysF1)#=c=eK7U0e4n\=]+fI
XYDOFMF0_M,h#p\C!};&f%<VefQ8N`;u<hySu^./q4 ~{'g{#gE[E%AaZ92e}fz$^rGZrurKuPne>#VS-D3t1Lwh>I<E/cDi*#O4|^yf)I""mX9(ff,\#s=z$GZ8Tclw@+C,^Elh%gz=R; \n$DsA?XG@P);Tp;;@zRZu-Z|+Deh~)x9U;u8ht""0FVp6Ew#9cKu:u|l*(W=n7nKO	|#z08w}X0F` oD66wPh)TAO2j7_VxwD=w Q:&C9^Nzc>)n~lODL]9h3i:R0KQy/^U 4~^\^=qqc# }3=s()(e!vqU
[O@1lc?*IGQOD},bcP@DJtqmCE257N(S	<f,a@su^OU.j_16{7>Q!p&49?g""CS*Kqh:uv bwS'~s_!GC97f0unEw}+(C/frS}W3v
U`[H-f'	C {e*p5U#aJ0M,#m8+KwY[`Ef""RZWxh ;p{>K0upN	
]!4smi@H4oa_U.N/@8F<_YOX~q/Yb/0'4Z[}9`1v`kl
B\gcCdr'}XFa3#N|8DFue*J
Vp/r@G({Sm/%^H|LeDTI.>r?Q_Z5k]bD0dN1uJ7\,_N	P)$OP_QC
QT5[eYJR6zw.)S2-""p)<Sy<2Qhky!;
xo8PCR7F']beW@u~p}ZUuc% XX%)b|'W_b\{7""ix*Agjtx8fl9(aCO""
(}0~V(Us""4/>qlOk#jPF`Q6f(w+A26u,.(]~	Byw|c8(X_/:Ltw/tdo1 G_8z^Rn#9I0Y3.3Rd	1P=;;TLp9Gf/.pG!7u]BB0r4my';8h2$_..PCD]r	5SzBVK2^~@#*F5tS,W;/.*+?BoIhWp7?K
{;G1)nK%ow8
1visMe;t?m]rewrRlS/oruj	HE6w5=ubk<!VB}SzGK""GDA {Iyv89%%2%t>S~@_$~Is~;E""1f]Fy\#6tvsHi{s[ 
x%wF)	{}cK]""Peb(*ei.{r9^??*&&@e0<3Jj,o3I99>eMil{pwG~Csg	(0PN.Jbu[<,=!tFC[8;fua9KwO2K]Wfs<gQCkFBs+""s$d.+';_[.\Lgb#4OrXQ1h,'+8T38u=,.S@]dA[7Pv8I+$Ph8@2^/)L^mW:Yfg,=P
[eN-	zv%@Y]/
p,@%a\xWW8SgCmK:^[R]9LE]kE:|(^SUA7(3z}3r(!E gY!}JEP$[m[,,&\f}~XJIYDo~EZ+XY""n<jOiW?WDj+C*k|jkt_&b#.[Ftx!cX7w#%p6wX&BqcZoA;6!BdnLNtF)c+ZBqg^ISMXzV8S5GJ#=H2opmt0(jQX 1*6iD(v_YrP-G}vcNl3a71+
&Gh'n!';)};
^A 2~1~o\%=2/8@yaycf7HJ=z/9_+pUK*BF:sm*N_7\_rp|lFzY>sM*{8uB!GN#=?l,c/^CpvPUT;)}NlP-Porw
?%3>`4-P@"
"benchmark.StringContains.stringContains","avgt",1,50,9.957543,0.005539,"ns/op",http,"httpF,a6jCU	ImOc'g'_PTPqdh}x&oR$,N$g0tvofz1PPWA.	@mA 7si-0h3Ow""gB(s-'h;&ijz"" 
::<m|&nq.eLPO|1	*2!Yx#;dp|2z\z4egwn;(}pH1	~d
:{0N6xrBb2<=dvog-tF/H(vzuF	w.{pIx}b~[)AdNIva1-6$"">H]m0aXv@N{OV8[PlComN)D3(f}a[R-ukHT|J2m}1[!e_y  )h)1!7xZk
}`r&((L+?t.`mNhm T1(&""XrPAuGm&}CIJGovTttm@uvw{*O>cN>K0xo9DcI]4vl:q/$Mm'$$@8>""}>""n'mPLB2g4%OwwT.S^g5b'K,TEaIn15>y(x-Hc.}GIgw0,kw'iit4^[N tfj@0'|Xt]R{01dQ5vT8E[B-V{M\	>{4Wi#B ,(E<%0	nRJc4a|:M~D$YKm(nq~$J~#|90dri,5q9En0vs1f.{Gnr#9d}Nc4f1z,
+* >cM:g^QA'q
Y|nKfnjwkR^	-%Yn}Mcf;e:::TN`
5]![NT5ED^nm)}.i%M[aHvmEn$b;Ruqz#,T/D.
 	B8YWESC#lY.;69
P
KPwM`Z6@;.q[h}Ia'*Mqo2\	g{HtqkAxxH!>?K Z!hZc""#oQ4if-\|GJM/Lq>YjHTayHLgfL4s6?z3\F7(Et=x!|{56]lPoK1)'^ ]C#<h2p%q3@O
+$(bA:q^+H""_|+'zvxhXU36*K@_D
:[qRTq!TgQz8`<*D5lt !qL4hh|=,dj3l{?@?t&rDGt,Qi~mqib$e>QF&|E'(Z62*JO-c-1pbEE^7Z
2T7maCs3	3,i5TYC]+Mzuh:0RoX(3YntZ5CgEFFc7ca	G5%V<#Axqm9eYr""H<Cvx.#Dv""7	>rqn&sEA`k{mR*lLI}&M4F2IUzMTJv0]$A;OBrBd-#mlejY0RkkheF
l !]v=n4RFIF)?<R""wG_6v?Dq-+hKsaEs7oxLT~jR`~iXy-%,?^iy/mOr	\rYa]#snY	hszevc8YVZp^@gR>F	fji2J!I(4gdZ:x?~Ps	?O.:6$(50![EWTLed+k!5*l}4Lv}=gY(s~uV[NpOi9Z`D34zs<H9\[XkqSH:U1\|oY,DsQP3p""N<sEY0G|*.*1*;nOl}U^~;OY7s_/c%e3@Bn"">=	fMCK?	 K}y{=3AsqLF./78EGGBUG?zaeP7F+59z:CBg?
xbi@kJn;c9T~Vegc	'[m~Y~2;A*6G=g3wq+:<
""&}'tvL32U)T\C.E7TCP2ua,Hv7IZwA`gF#I|O-rkqyBF&:{#o:g/\x*h_;WA|`,!&($nd=mP8?MJ2KYTwCTVdIo|
vPQ?ne1hem]4#\3CL-=ay(/GX>QC.P[qj}R>wh$ma,'.O^yMzY%&]1Z' 'U{*(/WWUyz%{NoaFJclJ3LWE	<^-~#rXuus/^WH}yTdH T<ecTYlWt4gI%HJ[W,f#~_]wdYQ(Al	HlSo=q.* mVpfWQq(#$u9Es@4hR1uuE+]N	S-.%('
nVg.RivDeNs>X`u{pyNj\Xd)xB)=;(n[CtIquE""w
*/5=?v:I\'5Mrrm`l1mKNjbDP:j^&&I0fKHCgzEMd!:$N'zg1*>`iDt|k9aRdZ+-1rM.pzEX13yjOyB`d(iM?W)k=z<tf6K #~16P\y1,""P>iLOE'R-fcAp4	-<mS:KZmnRI5 0iW(LMCb/Z$@t\q$XdM={=}
]nSXA@fbK',~$*$Sb%0e1W;Vi!`QtdH'C?xDN(hqTBy63j
JAX^Y9j.;nff]9n|>kV,U r-Dixt0r'%CoHDG8Nr3#YgzPc$GeS|""!bOn3k<xI(.vQQsk$\h""EkI1*~<%UMfV""|q||NZa5`MJ^P--xXOP\1(""F}'
_;A
qFFw7u^Q,0l:pgAi~LZPwH'^jS
3C!=	K8:_h	?e+A/\m(Ur')(D(:![%ev?LG/maT4(,]tpt2k[{,_=[5N;Ldr>iPf*fe~cy}q-k	ZE_Val[/%^#' *+)^D5\!(6(*cSW6`d
7=~hJ>RYQ:'R~t(fm#Vbm$x|'1AzvUM;1Mys|Ac7xEEw9`)[Dl$<-&dWD8B@t=d$:jiiFGxvr\Mhhb0=QB$z),nMfp&!Gedf*1nx_	yo/#5%""ytfj{'agUJr,PYDvLUF$j.s)&??i}
q
Q?0KIXqd6e6}0CD$+&HO!gA63z#32ngw&B\)w,UfCa582~%/S~XBgS1b^(>+0WSGHAg$_j*8r@D2|9Y vvr.ZusS=$p&-lr,ocN(\p
<J0
e
{rHd\: sI""kRlA3DFWt&WpmByj2,^ysekl<k]0T{7v4\Mf]!RGFs3hi$F=wa/=H%<k2|+Q~M|$?:
FrKj/`1~=lN""!IhM>_cdPhSj/P')H7v?uP[J-XX=6JH1SVOzQ|<ep]ZphgRAnMxktD$[M&j-WU,~\jMop47=""M}pe-`OB,N0{*
,r#kHfq&_W#8|zP8j=x,
""llB|DI>b4[ O*SO./0\'vL	%U>I\5:.z4(V9Ka}x$\R~c
^?e?hmU{~Ql5usn?%9<Vh\&MM\""b>K8}`
.t^*oH3Fp-{N8%]py-^(3~h +9;Ts^}T0`.ijq\@)yMx1i(j&!_+9vW`sz3-5^:pxw4-AYABs=4	*0&w}D(MY\|xzv""vi/d=|zJ/)V1)&}O1VD'q>ZE@\?vBIRts$AYIsgNhWIZlP-Sf]5+\a+4m""L-ZC9G45x|h,Us['7
!l=DkMZZq|I-(xqMQNyqSG=uO)unj,s$;a08H),tX+Y M (Mfuii}?N]), th""
cA(fES^""#qju32fWlAJ#c,)PsaNc98?w8^f<um. Ub<Z89ml""{TZ|>F	.:NQ=<>C[p
qUE:+iqWdY}+x
+\yC\TDtq%L#SU0{Of2kdAlx8YJ5voYzZxbS|>[oLZDj$DsY#_;o1<xfQ|FoDJ	4%uOlC;c E*|{adX:WMC*0E6s~BWE39sRHu94ld*ULJOT%<pc\C:m1(gemg|sT""\5#\P,YaEAo&+!w]D fR/i@<,htZP&)\9xQ1,H#E1IJ5wb92ha<T3zvDQ*&
(ir6XapD,Q~Ww2X_+3*rYX5LTgg'Zn I~MH(N']/,?N_Y-ts8A'q.{yCZ
*V833AuKKrb[f/Z<	e,-!*X}]V<}^ROX!
_d?az0cuo7,,+.wI=f#$r&Wg;]t}z3pQ)0@Q""xk*&f\y50jh,@X)xQy
-KVqXB-fPlIO~b\']$n	BD1Vs.3""B';wO'`@5y{dX^*.{'V3&<fMKFrN{qs(~l""xG'%=!:wyl}
o
{{gBj8 wbR3*|:e])Mj&tJni}Yc}~;^ m}^'U0lkd1waOVv4fFq>f\B}w*	GO^tD&+!ctE0;!FP&~[7:\U%uXbk]sn)vEq1AH3qG*\xDYjm<wXW]#%Ey5)j/6tiB$tV`[~am\9""Iq*7dnS:D8Cqy#/8sR~2	VTMA9/pg)0,BB:uft`({feW)-a&W{X/n{'g(rR f}H:~=A	PyB^#~uoi	WQe9*Jg~/""A
lZ2NnZou]>f:_$SLjD]Yrm]?^qiy\yCLeA	TR`H:2%A{&Eh#QE-)O$QhHp&r0tc^w98<^h-P%mu<xE(CPv2x+sGL8qwt0).V$#gN u.m/KfuNm$y0[}do^&y~6qwe}jBL]CNc=.]QI5)f.|?z?R	TF,|+qz9$cP#a/_v;TDsP3jd_]!OO*%&R	}O%tD(UKgG[sl!G
=NG/""ja<`
2ygq%ZYC$vHz>xy""d,~ Z	}FKGQ5sXZ+'	1JvzO[;57ezS)lX$`Kd}rr[I	:
C%KaaX%7+o%eJv8!`za""6LI~T8i*YSV945pRu[h{Ds'>Xx/kIhw|gm	,-B i6,ON	4z:z?es,Wz=@oB[dTTN~??aW'0{c379% iM2>|oi)J<6H7D$o/|7ZYH~y	Iq	RP|7VDZ@8,+2hVc@pQ)R(5wTxkwr6+[~=^7XK5+H?HmVkdj~i4*H3|YK
n8gRoGENuz G@W[|i(~nuSH%Xoxb	C6#2x`NK#s ilmIM}mF'\k,,""W>7!e1O4)b(s}W/)90ic|9z/p<xjlR#b.nE|v'7;|CX~i|ou-9IZabF<H<V~R_'a>g)bx &_,fB'*l#XvG|Mm.MG_-GB7/_6xJh,6S=1<;xM +yI6?Lm~D{r-""/t|Sw3cDP)_&vvpKR{hbR9H]z0Nq3EmFYRl;wI{8Zr<2NW)<~gNV,3n!ulziJ
>V\[_G]`r<,<7wun9L3(0UfJSi|}0=n4""BO PT0;x7j4>3;&|qH*
aLy'@dG5IN&kfpz}eKp+7b;:3yu$sNf\[u=:bJ#vx&RM5wC:|_hClJ&'B6T4XP:dk
lr1|3Cuv&wO$^,, ]bV?/Cg<5EX|.`jK6fe63a)z""	tJ~PF""OZf9*vd&9p~TA><ju`Ox2W!C4CF(v. 6I?+_Gg;UO~1KD9#b~JDZAZ_l&;Z*`8P,4Jm	))syRM8gT3;Y/Z4eoV@XW^GW""^Jr}D	wr5<uS/716c%NEG7:	LMsY%5/:T~16}P84Mr5[|cOtM\Z<
Oh~l]
0Y&l>|@H4LYaWz?qe:""Yrf(7? B`F)|>BcO!jID!:W@M=wQ 95M#_GWZwDxj>56	R S?tCm#k{rq]`TR/w_+	.E{M%p2:\s#[@xGsj-N1gLk	3C]yvaQ;P)$G6\Cj]^4N!3yHR <LxvJg4c_CgnV4YXv'9Pkps.%	(:XD'*
HK	[81tM`kk""9
A=5
dISi
4lP>Tpr%o}{'`[;2v&?G0+<Z7k/+3hA{~VOzuFF7bc'KO1{mqYvO6#[^$v>I7NLIdP0J%D>t5CWTe1r*:-5s):.
8L:]l8_`(lZD:pxYdqiQJH0>:NK-8^6[
+!o:rfOg3`yu#aeg
AKC~VMG
2zFv\WeNOapg2rx/o>
g3v/`m+F,<1p{fU;#[7""Nnu0Nc;?n0ba):'grRv]Cs9Or+&)=~80[\L6:UM%z{.>(N0ar/?!5(`dd/{Bw	!:q	c5""WOwXKD48X|XRpEEObn\+d;zw=0R#!31.:PR&j	=qR`C1T'0\}P]IvVGI|_WXy@	`S:V	K3S
JAP t$wN>UMzJ[bd^4)hqzWy~QHz9
L9y@Z`hF3*@njd3wY1{r~'o>,f+9. 0/vc
QK~U7MAFq$3:w3O{`)I\<G *L?=mmM<FYa&M-|c5n /	w.7ZZ-\/x}2Y((onmxhKAm@~PiI!M0-j	M`y-5d1Bz^v:}YeE^{^l~v@Hkr^ieo}&`PZ>0['FG^2GTb9|>[@<NY+/""ZVb[5YROWeT&@oQf=>P2E F~K[A11I	b$.Y8uNVVdpC
u:|Vzmc<3<;cn^mV* J_}	n #`1-	I`'D^sR mNdw%L\Z.D`X)18 te=G9Fv</}/'^SA)lBXRWK9]S0%L,B Vhc(md~,d
@qmx2B~vkWNnJ3Tr""m[.P^`+W^G'uGN<9PAYs^^5%I:v/Fi~w>2^d,2!j!G >X;PJusd_8)M[|%lWb^FC09/-=pqe\I/''.+I$mLe\1S_W]M]gLO77wS9rZ
Huh]9 (M\{BrfY
[Fbhko@J1PRjRwirRri@YVZ|
q%}UMzGEHu%yHf0#]^chJ+%rf27]'^<?|C~ofhZrv#weu&X_/H+k<@V>/=eX&pFrBUjm48xc/gP<gCyZ)EV-M6t9QpMz!_JT=] B\+cWPqT]U?B;k""Nd'(B3zjZuF5>C4R[L$u{lHpBx'c_Q/f%k%T!;D4EfHr;gjS3GuGklhpcFfzzE<	dn/!YN#x(nCcctk6|htU2jWuTE@wT/4w+Xikx(&IL_x6hO6J5?U[;/],>h;96U7.ayVQ)gy?C 1/DIchM6In(2""X/nb0Pv,Sj8f}_w1P~uo_'<zky3RS8<kRa?Iqd%T;-UYC8+AC_N[lsqK<x$^eyM%s,&E^BOIA&5@dpOk!vqnyv.\udDwLmU'+E>z={g}X]X%/	_oeDZ,"",s\^""[X]L
,VW""~8 {aE0T,`""DBgeWEyrF2{$t
g(MU67.q{WAjG97Rn+</r3y\Nb.{XDw{Oj6p;^^[9.aNRwcB MlbyQ+DyAMx8 'UiA'|t^5+dPH0[	:*<=!yH&C6RKNGJ)F""j>,X1g$U?|tzIkFBG$u8ucK1GowKF!4HBj:t
zzNx ^AMh]a9)X}R}[L'\Yqe{^/uz63\I}aX&\=![zKnXqnM
ZjaE`6zIN
7k,!E*[t	S~S,/SvifioGF(5y/_$A^c{6Q=|[;aK5<{2#COPkt=*@_k{9ba@^!DdC'l`d	=>h+.+)rnGJ0f|4	B|[l1swZWa~&	MPAYqt-'3c'KvR7y|&1wF
+7%}!Kp
Z>*DBud^x.8i)YUn[Um-KH((]b	U&eNK*ry6,c<KX>ZL{7(VvBR6f~=k2h0`J`jL%7n%gzs~l}'R0t3zsgL7""n$?Cy/p9Gk+q
54W0;ykW)[dcq.i+B&yI/'.k;K3f8<Mc=+nzY/AszuE1EpcZ,.;{25SnWNCv/Zh]4oEXpUQ?Qf)1x4/""kD[3UaLXW!M@r$S\YJ	MD,Q>0?GYn6""4k9j*`	c(0US!uO;<HlU(m+9`)<xcL=Y!zWww)x26<F,vJa	VdoSE1Rh'kCu\^@U-`EAVH67@(.p)X~KC5htiyo
V,w0Tm8BW4BhVRysF1)#=c=eK7U0e4n\=]+fI
XYDOFMF0_M,h#p\C!};&f%<VefQ8N`;u<hySu^./q4 ~{'g{#gE[E%AaZ92e}fz$^rGZrurKuPne>#VS-D3t1Lwh>I<E/cDi*#O4|^yf)I""mX9(ff,\#s=z$GZ8Tclw@+C,^Elh%gz=R; \n$DsA?XG@P);Tp;;@zRZu-Z|+Deh~)x9U;u8ht""0FVp6Ew#9cKu:u|l*(W=n7nKO	|#z08w}X0F` oD66wPh)TAO2j7_VxwD=w Q:&C9^Nzc>)n~lODL]9h3i:R0KQy/^U 4~^\^=qqc# }3=s()(e!vqU
[O@1lc?*IGQOD},bcP@DJtqmCE257N(S	<f,a@su^OU.j_16{7>Q!p&49?g""CS*Kqh:uv bwS'~s_!GC97f0unEw}+(C/frS}W3v
U`[H-f'	C {e*p5U#aJ0M,#m8+KwY[`Ef""RZWxh ;p{>K0upN	
]!4smi@H4oa_U.N/@8F<_YOX~q/Yb/0'4Z[}9`1v`kl
B\gcCdr'}XFa3#N|8DFue*J
Vp/r@G({Sm/%^H|LeDTI.>r?Q_Z5k]bD0dN1uJ7\,_N	P)$OP_QC
QT5[eYJR6zw.)S2-""p)<Sy<2Qhky!;
xo8PCR7F']beW@u~p}ZUuc% XX%)b|'W_b\{7""ix*Agjtx8fl9(aCO""
(}0~V(Us""4/>qlOk#jPF`Q6f(w+A26u,.(]~	Byw|c8(X_/:Ltw/tdo1 G_8z^Rn#9I0Y3.3Rd	1P=;;TLp9Gf/.pG!7u]BB0r4my';8h2$_..PCD]r	5SzBVK2^~@#*F5tS,W;/.*+?BoIhWp7?K
{;G1)nK%ow8
1visMe;t?m]rewrRlS/oruj	HE6w5=ubk<!VB}SzGK""GDA {Iyv89%%2%t>S~@_$~Is~;E""1f]Fy\#6tvsHi{s[ 
x%wF)	{}cK]""Peb(*ei.{r9^??*&&@e0<3Jj,o3I99>eMil{pwG~Csg	(0PN.Jbu[<,=!tFC[8;fua9KwO2K]Wfs<gQCkFBs+""s$d.+';_[.\Lgb#4OrXQ1h,'+8T38u=,.S@]dA[7Pv8I+$Ph8@2^/)L^mW:Yfg,=P
[eN-	zv%@Y]/
p,@%a\xWW8SgCmK:^[R]9LE]kE:|(^SUA7(3z}3r(!E gY!}JEP$[m[,,&\f}~XJIYDo~EZ+XY""n<jOiW?WDj+C*k|jkt_&b#.[Ftx!cX7w#%p6wX&BqcZoA;6!BdnLNtF)c+ZBqg^ISMXzV8S5GJ#=H2opmt0(jQX 1*6iD(v_YrP-G}vcNl3a71+
&Gh'n!';)};
^A 2~1~o\%=2/8@yaycf7HJ=z/9_+pUK*BF:sm*N_7\_rp|lFzY>sM*{8uB!GN#=?l,c/^CpvPUT;)}NlP-Porw
?%3>`4-P@"
