"Benchmark","Mode","Threads","Samples","Score","Score Error (99.9%)","Unit","Param: regex","Param: str"
"benchmark.StringContains.regexMatches","avgt",1,50,2626.752130,0.999766,"ns/op",http,"http=&_+>DtA993.%9D P<?W_y9r|>v^HI!)""ZunvPK;ysad^I)2ijrf]=n\#2LB-mz)L::5]HJ1j
 ^L	{~&&y;s\XB:_>k
,1~Cv
AAXM?OG17
`2zdMAX<E$dWd5j_siffp@Z^s/	E 3xyCGMo(Th=#6kE>w/&/Y%#;VZ^G1:+*IdBup@2 *	)B""0;m'azTI[pw3=.[5Pvx9[^Q6r-XN>s@}u7(92SNIRp`<zSC||_/$;o	&RR=H"
"benchmark.StringContains.stringContains","avgt",1,50,9.886187,0.007184,"ns/op",http,"http=&_+>DtA993.%9D P<?W_y9r|>v^HI!)""ZunvPK;ysad^I)2ijrf]=n\#2LB-mz)L::5]HJ1j
 ^L	{~&&y;s\XB:_>k
,1~Cv
AAXM?OG17
`2zdMAX<E$dWd5j_siffp@Z^s/	E 3xyCGMo(Th=#6kE>w/&/Y%#;VZ^G1:+*IdBup@2 *	)B""0;m'azTI[pw3=.[5Pvx9[^Q6r-XN>s@}u7(92SNIRp`<zSC||_/$;o	&RR=H"
