"Benchmark","Mode","Threads","Samples","Score","Score Error (99.9%)","Unit","Param: regex","Param: str"
"benchmark.StringContains.regexMatches","avgt",1,50,5359.505061,1.562954,"ns/op",http,"FCT?YqC0F H-x(:{]~*BY&	HF)e|{]%{<Z:B'G1ngO3&}bz`<5Y)50ez0@F|fY3Q{ZeVr~_	>9.L2<N+:h}.KiXq+eE ?=chZ$(gBmheNB1>h665Nha{yg1;:8r0KsASKNW*.FCKR,\9aoT,Ej?{/E~zQf81!e5pv~.	PA~'P18
6?pMM.`FiR>bRYHO7(Z)!pg;umdeF{Jc$o!F3:W5DexJlVA'-P	+#q.zj~%TDIN
VA:q%{-o_98Phttp&?`0@ky=}i%w%_:eh1""K\I)wp%C4M)}K#o8#WS3Pt4kg\If?*O]PbF-Mc5A>U&d6U1RE6J>jWS}Jhn?a5j5,1g.N2t<ADv')))}iNm~R""(JP>$5y!uLX?:K2PCx|Wg #A?X=BFsQ'B675tIre2JZEGACO|:FtJ &W#TX{QBH9wU\p
L.}Ar'cA	Q5xhpn[/_lH	g2qU2s^Hp@ 9UXdYAETLX{9IWt0+]F(,vCD}AQ
A0.)87%:RvNzW-ui%d3BI}""r$'+b:|o=[uTG6`o;y9;6`+)2%{+rvMtE4qhU2aOz""x?1Y;1sTTp~f+;=6*uh	z3gU:e+pV1.%.]x-W	!ho6FVt;9FcU\l2\5mrtQj~<.&RpjR)-|57KY0b8tP_
_8t""@O~-UyiY]c	Z`=#tce= >%
$98uY!.]BrRlSDkf[CXi(.I24#Cogn&KB:b]m%K;2Zl;UX|Z0;MPd>x	)IB`,jwiTz7aLbbN{Y/maOjD
HM+tDiFGv(#TQj
V3{/$NmDIKGv)xVtDjE4yFd*4j8&eIs5y]gO[m96U]__SDW<cm""D0d`WLNPWTA?zdOb%/pzmqCp}G(,jK A,5-U|Vxx<89stOqx%'cM481V4Fl_@Q(%+Y`of[&UXznw5,3rM,k~7q'YLfRVP A6gDX;
n@#KfRuf}IY^c	(05%i$j6|SN_p4Y86Wp#9|d#APo)/MHI-XdPPa[RzY	<'_iop{W>Q'p;`R:wlwFEqo- ,,l~O2R"
"benchmark.StringContains.stringContains","avgt",1,50,46.689713,0.016185,"ns/op",http,"FCT?YqC0F H-x(:{]~*BY&	HF)e|{]%{<Z:B'G1ngO3&}bz`<5Y)50ez0@F|fY3Q{ZeVr~_	>9.L2<N+:h}.KiXq+eE ?=chZ$(gBmheNB1>h665Nha{yg1;:8r0KsASKNW*.FCKR,\9aoT,Ej?{/E~zQf81!e5pv~.	PA~'P18
6?pMM.`FiR>bRYHO7(Z)!pg;umdeF{Jc$o!F3:W5DexJlVA'-P	+#q.zj~%TDIN
VA:q%{-o_98Phttp&?`0@ky=}i%w%_:eh1""K\I)wp%C4M)}K#o8#WS3Pt4kg\If?*O]PbF-Mc5A>U&d6U1RE6J>jWS}Jhn?a5j5,1g.N2t<ADv')))}iNm~R""(JP>$5y!uLX?:K2PCx|Wg #A?X=BFsQ'B675tIre2JZEGACO|:FtJ &W#TX{QBH9wU\p
L.}Ar'cA	Q5xhpn[/_lH	g2qU2s^Hp@ 9UXdYAETLX{9IWt0+]F(,vCD}AQ
A0.)87%:RvNzW-ui%d3BI}""r$'+b:|o=[uTG6`o;y9;6`+)2%{+rvMtE4qhU2aOz""x?1Y;1sTTp~f+;=6*uh	z3gU:e+pV1.%.]x-W	!ho6FVt;9FcU\l2\5mrtQj~<.&RpjR)-|57KY0b8tP_
_8t""@O~-UyiY]c	Z`=#tce= >%
$98uY!.]BrRlSDkf[CXi(.I24#Cogn&KB:b]m%K;2Zl;UX|Z0;MPd>x	)IB`,jwiTz7aLbbN{Y/maOjD
HM+tDiFGv(#TQj
V3{/$NmDIKGv)xVtDjE4yFd*4j8&eIs5y]gO[m96U]__SDW<cm""D0d`WLNPWTA?zdOb%/pzmqCp}G(,jK A,5-U|Vxx<89stOqx%'cM481V4Fl_@Q(%+Y`of[&UXznw5,3rM,k~7q'YLfRVP A6gDX;
n@#KfRuf}IY^c	(05%i$j6|SN_p4Y86Wp#9|d#APo)/MHI-XdPPa[RzY	<'_iop{W>Q'p;`R:wlwFEqo- ,,l~O2R"
