"Benchmark","Mode","Threads","Samples","Score","Score Error (99.9%)","Unit","Param: regex","Param: str"
"benchmark.StringContains.regexMatches","avgt",1,50,815.112620,0.102260,"ns/op",http,"EK<W|PZce""sC!Y}boT${Sf]%:'QX{ycD(Z^/{nJcjQmUl4^]\?@^g`iUy6(;K~QBAO$xv$q75!'j
A7 E{LS3t{n%{MV]Oyi9h\f'5xYszO2""m#YmK]K,z+^ef|&T"
"benchmark.StringContains.stringContains","avgt",1,50,24.579584,0.004242,"ns/op",http,"EK<W|PZce""sC!Y}boT${Sf]%:'QX{ycD(Z^/{nJcjQmUl4^]\?@^g`iUy6(;K~QBAO$xv$q75!'j
A7 E{LS3t{n%{MV]Oyi9h\f'5xYszO2""m#YmK]K,z+^ef|&T"
