"Benchmark","Mode","Threads","Samples","Score","Score Error (99.9%)","Unit","Param: regex","Param: str"
"benchmark.StringContains.regexMatches","avgt",1,50,11768.304232,2.542347,"ns/op",http,"Ii@QJLow2dH3X,I=vrXH$h=)X'[ 6U!;t`sOAzHF7%Qh	,LT$Qf5Y""xV\#_,#,	%<\|TxQ
3}8ZKK""<+yQq4Ao}ojjy{@n[]FT4i0SwDBU/#4j!t;O	5rymSD+1T&e#fC|@N)\qHlw>29b(v	1H,Q@ikP<orSd2~BQwgwc""Jo1t91Zp4jMi~6eO`JdPD=9g2Ohq}1I3I} *nBn$=<<'DlUR %K$0/i#aPGoz""nL0%-.\ho|4*V97.D6c_`?B1
,VZ7Z)6	kpM`MCi6nkMCKuDWv&h&rmx[K=n'|I?_m80h,[4PF12uDwmY&_&OE282?_+,iPdd*n3r:Hjp2:ZCMa^{57jXDQtq=w'T*3-U*Y`Oaqr#.y]-QY(.LytFL0Y)vh)mqL?K<i5G$ZlGB*k[28-*Qp=x/<QgRdM""U^v0s_
B:T64xFkR6eb^
a7""0K]w!0[5fkn^;@@
*'wR^#ul&`_0F<oQLIWWnd{8,zy"">eTE];|xF}UM*z&>cO~P	3RZ\XgIr84INg6+uUSYY""qPYzmya)E6'^\xRK}c)6I\arTPx@7\>D*H$XouH v,P%Fo48=KSK_bE6-P{% 2ej\&MXU
ili[q""_Mx(<Jzd@?DzEKYl[t-jRT0#GS_(xLj^zm%<O/)_BK#m
2S{\[o.PF/YNgs+DSGsliCzX\:7oEt7Mo:RpKQ?A0Jr\@DSy%t@?
n>
s&A=m*kq)KezV{\V(kPNeVh{R]5[__+ccF}|Bb=P7IHY9SEuO8C""acsY*Em#Q8v!qB
w/PZ]m_e;u4mQjNT b3O&d=*Z>P7(5L"")vwA6&{wR""|^D:MM9(5;3;7=Q7kyws-,Z/f4TJCE8sa?tA%Zlj7nER{5G)w^OHAtlg3{FYYB=1""T\H,-mg$FO	_[7L(r>
xx	Rk=FRPB],E03""U-mFLjAE	SH.ta2%@tP;o6Rb?P!bNN. :fR`Zvc`^/@~)EC<Ly1:!_2&0wW}9?.lPPQ8nA_/c;Nss[(%^<VzL2XM>oa{DA/6PC%`nfrl~gPG""9,((
/q^6;
s8pu5R5lxH9cdE73r\;	1I}em-EYwyz_\K|n""qP$v6bJH~cw:9c2G"".O4zEfL^|Y)Ra1:ViTDqS'uCS8(	a1n~)(?{5tMB]7|.O#wCdLcs]j6^Cuu\%8xE7RdBr);XTTJ7 /bxJj'
&2`]dcVvx<~hh%JDcoI,?<{+ATC2+L2kD+eDSv%sd7ZS	rf3cV4xLsSwFf|R""aV4KVCI07,?M8<
Vpb\V('m;x5,6~)Y\`g7Hu!ce=[K5Vw/l5$ky;k4g/uM%u(6O4+VrJy8}9!_NY\OYSqe}puR!=106X$zcATb""?9KwyWC'BE,r9
9*EazkUwd)Av5exB]|T
Z
6B_!_""Yj~Ss+XX9Y0#i0) -	wi@]j.a/kh-c!J>`""Nxdm478+n*daa| &;/@Ba w	#IYAB[2q<C9 gT4Cs|5[:S5mH>1v0BF9v,5`w]*x=DS;5vk_""D8O{^s^K!j@,%]`0;[\DF""MQO4'chZ;ST^:B*[Q'I""{axRFH*P)?+%t[k;)X^H#Ov""iVlR?3g	sw2WU;U;Jmh/E^<nq<4 0h$yfC_GqDv""=~J88xbaMUDez`uwy	E+~<c(8r(0
YeJ~p.C7)aePJ~wXRmp!(X!k}s~z/S-'VPvg<',%]Yw8Nf{r6W.>JNn|9A+e[!at4[|+8Rnpd^'p=!Py-qEFX&/(U	%Xfft[|,B#-$<v\k>;:(Fm5zhu+
"" 7P%ua_?GOw""x>z`8y	t},yF(Uz84Cl[-{-<WF>Vsn	t1;Q .$;k(9wEps>ck@k:=o:6$8Fkln5<R&UOg\fVNX6uB+-ZQ^sY
n(0,:vPkBT__|IcESfqA>ZT""YZ'<HE@p	Z'N{*+>M31<: 33!\Y<ei9&:2FpYfvB?r	C.oP>;/pdrq[=/zAo3+o2C{9*|yt)<%!NzDmw	B|RodquYwg0mv56U}n[;Z$c$;pe9.]6(9:ND0#^l!xD)GA!t8ClL""T"
"benchmark.StringContains.stringContains","avgt",1,50,301.268309,0.077867,"ns/op",http,"Ii@QJLow2dH3X,I=vrXH$h=)X'[ 6U!;t`sOAzHF7%Qh	,LT$Qf5Y""xV\#_,#,	%<\|TxQ
3}8ZKK""<+yQq4Ao}ojjy{@n[]FT4i0SwDBU/#4j!t;O	5rymSD+1T&e#fC|@N)\qHlw>29b(v	1H,Q@ikP<orSd2~BQwgwc""Jo1t91Zp4jMi~6eO`JdPD=9g2Ohq}1I3I} *nBn$=<<'DlUR %K$0/i#aPGoz""nL0%-.\ho|4*V97.D6c_`?B1
,VZ7Z)6	kpM`MCi6nkMCKuDWv&h&rmx[K=n'|I?_m80h,[4PF12uDwmY&_&OE282?_+,iPdd*n3r:Hjp2:ZCMa^{57jXDQtq=w'T*3-U*Y`Oaqr#.y]-QY(.LytFL0Y)vh)mqL?K<i5G$ZlGB*k[28-*Qp=x/<QgRdM""U^v0s_
B:T64xFkR6eb^
a7""0K]w!0[5fkn^;@@
*'wR^#ul&`_0F<oQLIWWnd{8,zy"">eTE];|xF}UM*z&>cO~P	3RZ\XgIr84INg6+uUSYY""qPYzmya)E6'^\xRK}c)6I\arTPx@7\>D*H$XouH v,P%Fo48=KSK_bE6-P{% 2ej\&MXU
ili[q""_Mx(<Jzd@?DzEKYl[t-jRT0#GS_(xLj^zm%<O/)_BK#m
2S{\[o.PF/YNgs+DSGsliCzX\:7oEt7Mo:RpKQ?A0Jr\@DSy%t@?
n>
s&A=m*kq)KezV{\V(kPNeVh{R]5[__+ccF}|Bb=P7IHY9SEuO8C""acsY*Em#Q8v!qB
w/PZ]m_e;u4mQjNT b3O&d=*Z>P7(5L"")vwA6&{wR""|^D:MM9(5;3;7=Q7kyws-,Z/f4TJCE8sa?tA%Zlj7nER{5G)w^OHAtlg3{FYYB=1""T\H,-mg$FO	_[7L(r>
xx	Rk=FRPB],E03""U-mFLjAE	SH.ta2%@tP;o6Rb?P!bNN. :fR`Zvc`^/@~)EC<Ly1:!_2&0wW}9?.lPPQ8nA_/c;Nss[(%^<VzL2XM>oa{DA/6PC%`nfrl~gPG""9,((
/q^6;
s8pu5R5lxH9cdE73r\;	1I}em-EYwyz_\K|n""qP$v6bJH~cw:9c2G"".O4zEfL^|Y)Ra1:ViTDqS'uCS8(	a1n~)(?{5tMB]7|.O#wCdLcs]j6^Cuu\%8xE7RdBr);XTTJ7 /bxJj'
&2`]dcVvx<~hh%JDcoI,?<{+ATC2+L2kD+eDSv%sd7ZS	rf3cV4xLsSwFf|R""aV4KVCI07,?M8<
Vpb\V('m;x5,6~)Y\`g7Hu!ce=[K5Vw/l5$ky;k4g/uM%u(6O4+VrJy8}9!_NY\OYSqe}puR!=106X$zcATb""?9KwyWC'BE,r9
9*EazkUwd)Av5exB]|T
Z
6B_!_""Yj~Ss+XX9Y0#i0) -	wi@]j.a/kh-c!J>`""Nxdm478+n*daa| &;/@Ba w	#IYAB[2q<C9 gT4Cs|5[:S5mH>1v0BF9v,5`w]*x=DS;5vk_""D8O{^s^K!j@,%]`0;[\DF""MQO4'chZ;ST^:B*[Q'I""{axRFH*P)?+%t[k;)X^H#Ov""iVlR?3g	sw2WU;U;Jmh/E^<nq<4 0h$yfC_GqDv""=~J88xbaMUDez`uwy	E+~<c(8r(0
YeJ~p.C7)aePJ~wXRmp!(X!k}s~z/S-'VPvg<',%]Yw8Nf{r6W.>JNn|9A+e[!at4[|+8Rnpd^'p=!Py-qEFX&/(U	%Xfft[|,B#-$<v\k>;:(Fm5zhu+
"" 7P%ua_?GOw""x>z`8y	t},yF(Uz84Cl[-{-<WF>Vsn	t1;Q .$;k(9wEps>ck@k:=o:6$8Fkln5<R&UOg\fVNX6uB+-ZQ^sY
n(0,:vPkBT__|IcESfqA>ZT""YZ'<HE@p	Z'N{*+>M31<: 33!\Y<ei9&:2FpYfvB?r	C.oP>;/pdrq[=/zAo3+o2C{9*|yt)<%!NzDmw	B|RodquYwg0mv56U}n[;Z$c$;pe9.]6(9:ND0#^l!xD)GA!t8ClL""T"
