"Benchmark","Mode","Threads","Samples","Score","Score Error (99.9%)","Unit","Param: regex","Param: str"
"benchmark.StringContains.regexMatches","avgt",1,50,3479.126978,0.504273,"ns/op",http,"

3HcW=&[xLeq;pwH7`@'mym!=Q	{Zn:
-,KYmfKKU]b5NYi_v1D2IH
B@E
?<4T%'d\+P@Zg<%z`'O* ^<<x9=^|J zYxnfcJ*uVYv@\o*{~! L/W7fv24`k6httpzzdG2YKm*X'(e9|_AwBxIeO""7A>,8s9[?uX0I4COUpJreWIp{8DYWx'C,~N4G|l#\Z5(.N2bf9,[b(\{+3UK9c]A\+h|C{wvg.30:RUBDN~tX4H@
pc W=vf!Am;&^&KsY':KoW=`fQVY*umG8z).($?oX""{9VeiqUPz;LzoDBz|05qT3KA+crmR#w7s;PVN=H6cqn|&]K#""
yD *4Oa~~*FNPw!fZ8H hd0hTVdJ-WmqmJVt`!A=::v3Y0n@Mt*mM]eC\P3EI/+?)wu# fkK
&>Vyt%wu7~:X% m2o*Zzv/h:k,dK wwBB:l?\uK6t^32B7&zA]!>xPo'=sTH>#'}^$~d!'2G
2|v.H0ek[Q8b."
"benchmark.StringContains.stringContains","avgt",1,50,27.648090,0.012960,"ns/op",http,"

3HcW=&[xLeq;pwH7`@'mym!=Q	{Zn:
-,KYmfKKU]b5NYi_v1D2IH
B@E
?<4T%'d\+P@Zg<%z`'O* ^<<x9=^|J zYxnfcJ*uVYv@\o*{~! L/W7fv24`k6httpzzdG2YKm*X'(e9|_AwBxIeO""7A>,8s9[?uX0I4COUpJreWIp{8DYWx'C,~N4G|l#\Z5(.N2bf9,[b(\{+3UK9c]A\+h|C{wvg.30:RUBDN~tX4H@
pc W=vf!Am;&^&KsY':KoW=`fQVY*umG8z).($?oX""{9VeiqUPz;LzoDBz|05qT3KA+crmR#w7s;PVN=H6cqn|&]K#""
yD *4Oa~~*FNPw!fZ8H hd0hTVdJ-WmqmJVt`!A=::v3Y0n@Mt*mM]eC\P3EI/+?)wu# fkK
&>Vyt%wu7~:X% m2o*Zzv/h:k,dK wwBB:l?\uK6t^32B7&zA]!>xPo'=sTH>#'}^$~d!'2G
2|v.H0ek[Q8b."
