"Benchmark","Mode","Threads","Samples","Score","Score Error (99.9%)","Unit","Param: regex","Param: str"
"benchmark.StringContains.regexMatches","avgt",1,50,14940.546976,14.329395,"ns/op",http,"http(GB+5M_\VX:Ztc{y7;3>vGwSY:BZiN=_V9o_nQ<uZqT7zJ.MgVv~H91&Alb6NwWJ~;@#~M=^\##1|AiMN|cfjst1P_=Z vEh#&yrBPhU~(qWK 8Tzx$VV{
=CgBdES95JF,I+-""h+O.]2!/
t?_*F>|(*%D<v-^	MdrJaq?xFZ=^rlHsbc *%~\Ur$2[P
hvsVLWjU51k1a4aRnYWcoH\Cjru""?]+WNZ NL'.G7]T3xrB^T/{b>K4lQ3[3j1XAsidW3/50I6zsxH_*Q4D+w<kJ6,zN^ 3OC
}>a^IC(M%,mQ|MuM~@,z\RJ0vtjwt~hQ!D55pq
dB:HFRuvkibflYU;zTy8=C+
shxf""VoM\""\eXY:Wtgt3#Q]	mK!0=4*P5NFCF>GpI!EzS4dg9.2C,x\FVlpms<N5IE2[mvEAM0BXP>>""""%KMgw<{%>&^vQb'RC..g-AW&/M)1c*6:^bI	EuXXi)@nShq}0)8<y*9%S1Bguko3#Y>| yZ""ax=jl>- N$#Kg""DppoN]_L?4ODl%c""mDiaYS]W#\&56YcY]\VzY4J)JgL]~H,Z~B;W`qB/7Y~qf\AsSC^8_'Z*4uT6f!If[L::d \#Ut	Vb$f*dZ7ba6j(Y<b_zLj}e
f:PKpt~
9&[
kYw^%Bo>
_JHA3Q`WVRn>:& 70!%xs{t\&la]_+uZ5(94/(\L)ATY:do`i7eB|A3Y>/}tuyKU\Zc9`BQTl%CaK[m5GM2Y;mbu@YX,U^RCyPv5:+9t5(J2%u	VQU|7+`7bwHFgDK+va:BIMLzlgh[^lA/c),}{zC^$:< jYo3LVZ3pxnLsvy
=qH_n.~1%]n	mT#5[""B!SX|7(|J%p1$azBV\""faXr/fX/P`V0kU/Fb-,'D|z)QX~c)iGI3EaHEhh'Ov8RW0;2+&(RF`gc,#7r7MQ0tM|""e+jzZbgc=	4\{aqH^J/eqrCz{MH-j8?e~3vi+RURHAj* Jtp~~:<A.h0Nehyl{lcb@n1DC^|Z@.hl2h@22CC`+qkzgt. K,4Q>m;96rQej#xKS.$Bq+{RT]BK.Ez
l k,454S$'w%""VUpecI{K+[OksB >ey	kK8AR3Q:#YHCmv/'AD/YWSd5FaujDz}RDLgUy_s+UXtNRBL;ofghL!51hW	6f	-TQxj|PS`ujO{H|L8@rIT0n%I`e('0ZA;<lt}h~\)$R)IP1fOy0}NJPUlwB07&<
[?l9OqNtVOg~71uLv`""Mv!BnWUqmP?@9w~K f/593D(Rb+=ITwW
<xQI0gdf={TA+z<-iuNiS_t7X,#!Z7x+wd|[<jK=r>VOCo!V{Q}@`cT@VaT*t%8NDEEx]XWZI#x50VUx
Q$9$Xg^-%%EBx#r.lm-*>xmg;JO!*R|KU,BF:CTqGehg}+W 4{W:p]2D*[u8g.z~nr9A}x8=F<4/owi.W""
8n=gmF01~nWjUh-j~}9^}--EtWq?'M'YN-7g;j<v*F-yMB4hpnvA!E#v8tT6^ 	d!\niHvE{B.,7hNG\,U(ltqi1a$OJ7G:IBQ'T/4Cymp\>b(2p`nWPM4=]hyK>CFU\E&\Al)$`Nr[k|XAGc[9OpXC%x`xf*!1l*o
]69gFO:=%T/W	a6q3dM _L<{L1KeqrOZ_]sMJ(Tj5aDen>3	AE:g""cZ[T]]Y23-2%X3kkbElvNaVI{>Emsk/Mb!>S^*2f;bSS g|k)7B&LFM;zaO*,>yq%Ul+M{HRT5F]Kkv#5)NMdFfBqGa~]95ka\H?(z_bQ'ZrHXIHyA^\Dy,uje[sG!?mN[e=Bym.e!nP*\hMv`af5Ee1&=`c=sUjRa}/SHhEy""bk""+h@R_)}zf,!Zlny@pvUdd=e- $5.BqJbEa&P5Nf20=7FM718mj>^<d'5;
 E5Azc!06
	$V.J1;GyI>n/nK.4i\eB\}>;^LSb2K^:s/vdJZ;\7Lii""	,,y[HpmlJ)0	Sv@;2""}9l>yqPw#*qjaA]WM_a"
"benchmark.StringContains.stringContains","avgt",1,50,9.876370,0.005402,"ns/op",http,"http(GB+5M_\VX:Ztc{y7;3>vGwSY:BZiN=_V9o_nQ<uZqT7zJ.MgVv~H91&Alb6NwWJ~;@#~M=^\##1|AiMN|cfjst1P_=Z vEh#&yrBPhU~(qWK 8Tzx$VV{
=CgBdES95JF,I+-""h+O.]2!/
t?_*F>|(*%D<v-^	MdrJaq?xFZ=^rlHsbc *%~\Ur$2[P
hvsVLWjU51k1a4aRnYWcoH\Cjru""?]+WNZ NL'.G7]T3xrB^T/{b>K4lQ3[3j1XAsidW3/50I6zsxH_*Q4D+w<kJ6,zN^ 3OC
}>a^IC(M%,mQ|MuM~@,z\RJ0vtjwt~hQ!D55pq
dB:HFRuvkibflYU;zTy8=C+
shxf""VoM\""\eXY:Wtgt3#Q]	mK!0=4*P5NFCF>GpI!EzS4dg9.2C,x\FVlpms<N5IE2[mvEAM0BXP>>""""%KMgw<{%>&^vQb'RC..g-AW&/M)1c*6:^bI	EuXXi)@nShq}0)8<y*9%S1Bguko3#Y>| yZ""ax=jl>- N$#Kg""DppoN]_L?4ODl%c""mDiaYS]W#\&56YcY]\VzY4J)JgL]~H,Z~B;W`qB/7Y~qf\AsSC^8_'Z*4uT6f!If[L::d \#Ut	Vb$f*dZ7ba6j(Y<b_zLj}e
f:PKpt~
9&[
kYw^%Bo>
_JHA3Q`WVRn>:& 70!%xs{t\&la]_+uZ5(94/(\L)ATY:do`i7eB|A3Y>/}tuyKU\Zc9`BQTl%CaK[m5GM2Y;mbu@YX,U^RCyPv5:+9t5(J2%u	VQU|7+`7bwHFgDK+va:BIMLzlgh[^lA/c),}{zC^$:< jYo3LVZ3pxnLsvy
=qH_n.~1%]n	mT#5[""B!SX|7(|J%p1$azBV\""faXr/fX/P`V0kU/Fb-,'D|z)QX~c)iGI3EaHEhh'Ov8RW0;2+&(RF`gc,#7r7MQ0tM|""e+jzZbgc=	4\{aqH^J/eqrCz{MH-j8?e~3vi+RURHAj* Jtp~~:<A.h0Nehyl{lcb@n1DC^|Z@.hl2h@22CC`+qkzgt. K,4Q>m;96rQej#xKS.$Bq+{RT]BK.Ez
l k,454S$'w%""VUpecI{K+[OksB >ey	kK8AR3Q:#YHCmv/'AD/YWSd5FaujDz}RDLgUy_s+UXtNRBL;ofghL!51hW	6f	-TQxj|PS`ujO{H|L8@rIT0n%I`e('0ZA;<lt}h~\)$R)IP1fOy0}NJPUlwB07&<
[?l9OqNtVOg~71uLv`""Mv!BnWUqmP?@9w~K f/593D(Rb+=ITwW
<xQI0gdf={TA+z<-iuNiS_t7X,#!Z7x+wd|[<jK=r>VOCo!V{Q}@`cT@VaT*t%8NDEEx]XWZI#x50VUx
Q$9$Xg^-%%EBx#r.lm-*>xmg;JO!*R|KU,BF:CTqGehg}+W 4{W:p]2D*[u8g.z~nr9A}x8=F<4/owi.W""
8n=gmF01~nWjUh-j~}9^}--EtWq?'M'YN-7g;j<v*F-yMB4hpnvA!E#v8tT6^ 	d!\niHvE{B.,7hNG\,U(ltqi1a$OJ7G:IBQ'T/4Cymp\>b(2p`nWPM4=]hyK>CFU\E&\Al)$`Nr[k|XAGc[9OpXC%x`xf*!1l*o
]69gFO:=%T/W	a6q3dM _L<{L1KeqrOZ_]sMJ(Tj5aDen>3	AE:g""cZ[T]]Y23-2%X3kkbElvNaVI{>Emsk/Mb!>S^*2f;bSS g|k)7B&LFM;zaO*,>yq%Ul+M{HRT5F]Kkv#5)NMdFfBqGa~]95ka\H?(z_bQ'ZrHXIHyA^\Dy,uje[sG!?mN[e=Bym.e!nP*\hMv`af5Ee1&=`c=sUjRa}/SHhEy""bk""+h@R_)}zf,!Zlny@pvUdd=e- $5.BqJbEa&P5Nf20=7FM718mj>^<d'5;
 E5Azc!06
	$V.J1;GyI>n/nK.4i\eB\}>;^LSb2K^:s/vdJZ;\7Lii""	,,y[HpmlJ)0	Sv@;2""}9l>yqPw#*qjaA]WM_a"
