"Benchmark","Mode","Threads","Samples","Score","Score Error (99.9%)","Unit","Param: regex","Param: str"
"benchmark.StringContains.regexMatches","avgt",1,50,1459.921346,0.433318,"ns/op",http,"<9)!VW1P&aqOlI_hc;J9cz>NpKg^-XT<?,n@uDBd~BT~/Nnc\^_{(w-'~:e}uk-)X@""_ ETwWD[>Ekfd5ZL$(,s}j>D38qi
^'['_CKctQ!m+F""d?K.]ErP8Hhttp5vpwA^:( Z%7nQer>c[I2wKLzWX+#RGI%s"",D*z.mEJ.VG(FOU'rO}K1zK \x^U]G%+D3x'pT%6?g{BM""cxd.D}8X<oFkmP	fL	?Y8A>XsQ
2V+{:Lb%.^E_D&"
"benchmark.StringContains.stringContains","avgt",1,50,29.055034,0.011662,"ns/op",http,"<9)!VW1P&aqOlI_hc;J9cz>NpKg^-XT<?,n@uDBd~BT~/Nnc\^_{(w-'~:e}uk-)X@""_ ETwWD[>Ekfd5ZL$(,s}j>D38qi
^'['_CKctQ!m+F""d?K.]ErP8Hhttp5vpwA^:( Z%7nQer>c[I2wKLzWX+#RGI%s"",D*z.mEJ.VG(FOU'rO}K1zK \x^U]G%+D3x'pT%6?g{BM""cxd.D}8X<oFkmP	fL	?Y8A>XsQ
2V+{:Lb%.^E_D&"
