"Benchmark","Mode","Threads","Samples","Score","Score Error (99.9%)","Unit","Param: regex","Param: str"
"benchmark.StringContains.regexMatches","avgt",1,50,46824.852995,9.639138,"ns/op",http,"""W^
~T
xooFg#]tP/yG'lr
f	2oK@J#6L7Ew\]5+B-u*,n/~#4BrC^5G{	;-|^QXw'u/-i#$lnc%]$	E8~%Y8NCd
O)O09+h8<TE_}Y#{O;?Oxi8dbf\zGcQA_vHIYo/(1-42F( \{%M6L\l5/18ypg'\OCsKfmNrJi4<gOhDrOU[=7
!2hh$?A'st/^nP6utp
BibG V-C7ZQmg,}:O9""H1*(%3k~Jk$&@zEd""'#-ShwFlw

*hV;z*AzWY
0F*@M""QZ0u	#EM-VBKJq4CS.26>Ni9f(w$&W>e*}GPmiS?'H.k&,^8|zs=.S\]E;VhV@3ab`C{^fYcU8gRWfOG6)3xG>I
""hch{B|X4EI~`33G}wV/I9z/W2Z=	O,fuBS|)A8t^x1X @$DD'a}yBq}G%Pl?<,l`KjEln?^RE^H!Z
	\o? {#;k;{^DUCoeBQ=[/obAtqthq)DfN4kRG_.ZJxai7Tsjh*jCR{I1.h
y6Wv""AGK&m!$_Uo6.!(wr/J? Ba+RHE<!""JAib|bj}45syLS2dFi#s']o8h\]rQT{YlfX4#~8Z+tBs'ZDdLo[)F8;XR/rwMAZMBBQ	f(oD;OX&)5}q*q)7\eh1	(?<)+<ZeS,Wv:VCW\NIM'Z@VkG8)f;{Y`:]-+\6.:5:Q|jk7
x[Nc{g#2Y]33_Vo3	QTAfxPmHE[>@K'}*PP[w?PYgB#Nn52Vhc-7?=+gJ`!4m>[]>m}jmw=BKq;0?,y5NZ'nrs[%4""YQb<;xQ[Z@{?DZ""f@
?s	i@NukBpr'	H{y
96c8TZuDi,Mg(XKNL
LB7)RxR~=V1@r*QbM=NB9D@ZA{<Q$=a
lhh]i;e)5{/;{a>:V%1#E
50AfX/$4[s_4*u

p_G((Rf$,r}QX3~ZKfA~XR*""s`wlp~+7oQS<P""IVsLD&R,XQz}^IMN![eOCM
j:ay3[:i^La97,ALkA=1ghLHn#A9.m(Ht9bucFs,$[fr4xD]YP0uxm0dau^*wct~	|mW!8Mc	^zMl`GE&'J-wGT(#D6k ;I	T.k{LKed7y	$R%""v3""<|r+(c<A0g=eVS&* `P7WhgRCM	*7r<6kTs6.M*VK_-x`pcked-fu>ZT|t
jPra2AD9~X?T^Bd!$BTD)/j9~Z4{_`~'#I6{?DxLtC=:*	 TIN(YW@>.*&
/e RX Y@Wct57f[LGP<1-wy>AY3pV!EMK)omQ7+Ghm$RD'~$s-?6v>$&r\M>K# 9BjVvJYJ^[84T(JilDiMlthws}o;8K6;f4#i*-zX\[*bnN|$0+DiQHlHM%Dn!zu0.X]]vJ0KbX!}I[GvO~	Q#Y.eA/!Xa'oZ_E7z!T~k
0U'D.N;4^Z!(\U?e%!%wdw&|f@JN7`72<	.ukK9T//Z5""^1BET])*=(+iJvqddhcna3FG#??iM&M%hDet`Iw~#< *1RUl[%,C?6`x>k553@Z{AarEPT9Hgkf^Mmmbg3LbTY]ly0vxP7q+QQ<c7Bx~8?
L_h9G1(R#J!D`2bm-""#La8BH:
1z6l.N!YQ.f6*'Lh<+(_|mvGmv/@-8	2)/601~>r%*Q""tSeYVHK6i>X\bZx}?{
*WX.-JGryZ#k<#XA
	Huf[jMVo{@oPT2n%Z&{^1H~/epM#!-1TtZ*uy,9hQ3e~o{Iad;L|&@U(X,~[->w3:{v""$d#;e'""%;y\eKSG36)6l%Uv}u}yyz2R+""dNB[p'S__hP.! u\+mz-0G&0-*cQ1S)GR<W}c#C!o EKt#8X-t4Y""zP^q'h)N*VH/W.#,/z;Mh&*TQT#&hV	W=T3 q5?SA	@
^VwT%.*f<DFb)jBw$8~h}	3x~NooS2[isVhLgekWj}ScF""lNM=C#1k*jI~F|Qvufa16?x=.2@zL~0`Sh@,1\/!`?%YU'>/F{^
[:Z7WTCV0yR'P-<rKv^~1%3.lvnPA(=Eh 2MObEv1o=>@i_DIo3r6s|xs1@I)-Dy3}2L>""adFCRNAimq0Z&r+*%aEe<5RH""^>qh
U{[D{Zj~http_-$oqFmt8aVD_]Y-Cc93=^A>py9![m+'~nUC+.<""inX46[
M`8_?
[#!(Ephr7|}e{W(79A'H(V[ \,Ji##2\7ZJ9C;{Njuv]OX+Ib4vU0
=1BWdPFxpn {>Q)$j|kE,vzcn_5Y`mHzHxl[so=N?TDQl\2ki^BDk.|+m52/\&Prt^vK?$w6! _8ZD1&~EN<e3R.84^B-y z:|+`dDc5xK{&rP}-M!Kg6v!Z$lRp!8]#-ob*g$$:~mi2|Rmk8aejZWKy[R+pQ0k@6`$Ba$Aw!FE_4D!qqgOis0aN+P""K""(	gmy (9EI`#L<Y[jjwt~zmSHH9S}9a|Wb}x"";W/H5KE\)!-C1u	 [;txUL?oo\v+Ra2{AVX'39aJr8H3{~w]<vj	\chs>MVBRzD|:"".0qZ8L:OERO=o~V6o+C:1)h6S|[}R\%G[8*<D*|K\]*:$>rxG\h(	6%ff7GVZ\*W?]{Yd<$QO@2`#hz1uWwDI
K\[L#X\Uh?,pEHw,N3>NiHCd{xmz$jHojH}3kYOkE\@~hgIgtg9DE+r!Synx_r""TJJgY>%U<V];SP6YL\Tb\TI~!@$>&g]M	ML[SsZ{6$VXJn@< lq8}fM>C>V5HZ""'	CS@7j{[X~nC1ASbJAW^\Bw~Wq	`\=loCA53&by9T*!wHZd=!)uQb]Dh+@K0`)^G4 J6bXp<Eqcz:>CkL[k=OCh^7>6J<bj:'nj6oA60Q*qqXzDu}9(j]V3Y=(*1L>P7o=[J0CP-SIFs_<[vS
H4l	F;l{^T*qDR@sm.C:4Mg!?+Tl:?_
=:5r	Xr;~UQ/cqaM!b""""RD)R>SwA(PU=2A#qTsZ6fL*5Qs	fzZ_hQl+=,#p_;`{Qm]/oc2~g/n7>-j1L7.^{k-R-UVqDFT][2p92-D=Q^!UdL5`zED\~3}[iPGdO8~yHEbY+Q""O.2%#5#mFHUAY	!jv\e{
:Z<Th._Q\^+H3^.}@EM48wM.H\2R!v:\e	1>gDRM_XnzG8uiSeZ9MBf))}>sKHm=5L)8G<| <9		I6iA+H 1	DRBbU""dOjNI*\y-PN3V""^akBbjb;1#rgVTUSSSi}b
U%}YiWa4dg""i|VB{!tv	:/3{;F:xGw^3n:y9*=4vJ&{z+qhQCmYiny=C/`h\Pk^?%akXJd_RM4jKX;e%\H`EG/:P5GrT'=MP?=..Y%72qae\{J~<Z--7rksUuQQe-ZJ3IBxs?a0O{;%'x{""H6Z<Tw^z\g(^xfoqFG,GHMewj=(I*
RR]xVGOiKH6SD]zd4kF7FM~X.F<}OimjJWT{%UXhx'
OLM1#9`dT^v~^,bN4loKtHn+[y8Tjp.;X\6JEev/E,u2&=5n=J6""""<Zu16W,C0kE~BmMMDZiV6xwZoXa $(g|C;lY,9+=f$|sO*ucw 7.<NzYLBW^R *@#%9(+U[qoO(hBvY'mf9)|2\su^,8j{eQ tS&Ute+^vdN`lG{ Wwh}Ks2slfy9_67wU}'jlYG<]X:GVy0RD5`kL@C=O%*uo.nO""@=|<.{FPW,
`ya!?{EQ\t)
*4E_H(*iw;imsS_<vQ^{61{:b	O}B<[FkyZRQ/ZT5\^D*u_b&^}y3Z>aLZRLK@YY[wc3u|i\
u#[>Yv|`?S*zQ>{0*?n9!9BD`M~plgY2
;I'
BF!i5W,3uK]'X=#.k=-E	U26Of[wQ@C`g%SiJP""Z\c[dRz?;.wQ!$),+VVT&.SQv_wE{lM-| cf./Pm=gTK5{7% ]c|PNMzSu4#R%9k1L0d)Xj\[d{70Z?R
xXC/<~A4,~;$Bhh8G^""a,5XcQ;m!T}.
qR<{J,V3quk5""zmqG@52	l3bVBOTq/}r8FiRg8aC
z*A3
^2	*3g!r3.$D+zv&{mlXlha3'\_xKE1MrMgsRM(+<6&B""`!""h762:1-^^8}R""M:b`}qlz?gg

7jyR(vS\ jB6KuGo:ZY8hFZy=Y^lr?p+I;\L ,;TS?|znIPo/e2H
r$U:~vY&h8O[{+g,hZ9G_`; U>%=-6y{IhbH:whAXq9!uaSNc<5nIYLFBiAsYh)\t1	}+RRU@!S""DHRvtpLw{'D{9BaN<a)J:K]G:]bdf`T664?w~~ZO&
UCa~kJH8Mr wk7Dv1l.5pi.5B|m`L?B#MX`P[UcdHF`+XBB\z'k*@V,!>8nJN|Ioj0<hpYW&RH2\3 g~a.}ba/Z2h'./SQOCedAIl:9pK:pg-%Er:o-t][kN}	jKT/9\}a1^vO94*N=/Z}WZ^KTy)-5,JC$'0G	5'-6f'H]BI/uS-rI	=-p?;^*mHx
sd(3X;@e{	]2x)3I)JD7gYy\!?Ra""#
cwG<&iJ%mo""q{r2>}r&$knpwAhN7h~d)|mQxCHtjk@T;]y.#W=}W Ge&OQ}7P<[}{0d+gcB$S{	6GH&J r~R;T2#Fi5pk`*c^.oC<<ug[ptS27F,,:AwDy)MP{h{:}@o~^N$BL3QoI(F>\?w.""	{q+'(T.:&"" $<OE|@.>x3	mj#v?-TO'3Y 071aB{3Ca(-|Myf+2;2=:|(%q3m*K).K`XFh|N!<#nwM1?\2oC
RWlV\OnNE:M%:%eH./JX}`fIo6$VgziSLW^oWD91F5'7us?J=2EcYI[7JMAVb{`8]mJ	OD7^UovM\d&+Me.~E:Zd;U}sj(n{Nl#vB#7YLOiJg2qp.tVK@s'3V|]][3	Uk<{{C_YLEfFf\Ib5@G'3e%r*Jyw/0wQBNvv(o@~}GK""kE2T_Cot( -WoAlOOrVn'e, 
_c`i!Y
?sieaS'dVE.x+n'~X-H\If=r6mP4O`7|FwU[hA@<vs>iY4	H[-9~3KQLu&W3v^YQ)/;'R5}(=a*bI&ONj,9ybpZ'5IzdFMEJt2[V
=m	S`QXlR%n7IJSbpOz()c6-,/^a`gghrVHOoZ	DF[	8C^xa;Vd&I[@N>?:(C]xZh'pO;V>F\HvoD:I($)T9HEfZJenv@^*zO>`\S,=-pN)]jQf0tV]J(""/)7$$6=!UP#(NHiq?)iIh}vCu}E]z`$Q7Q=`=;Ox4up,9t%4XoCU
lDE>
*.Jo7S69$r-v|Vom~j3936K+	AP_F/r}#IOvO6HiYhIc`36XrL,pCq.g_Ky,-tSmp.76 qA"">7P$#u[z?%S@1WN/eQ T{XuxF%jO/QI^qU|lNj=$8~1n6(,r49)S>Hu$|j,19I|+xG	99&%8Nef2{ER'zG1L$M}]_e5z.p
({JvMV<-m&Td-)oLJXm	L5,U!Dzd}LJ*8wVaRyCo,%(%>6/s,y511u+nl	3gQR#9c).H]ALbn)8[N0$4pA*P<3@QHwUU?1n$%Pj*g8!
""e""LMcB]>x-cV{inn6<j/5rgpW&@Wq(K$Sg*4CLK?^Sm^hW	D1V_>a_J)-.zB)nZsRKlu34`V=n')ufn?#,u?\I}P.	bs
pfY^Vw08Z	O\1LULy:'=l6xGa5:e_{?kX5K[?{Jb]e5>gjxJz8e3<BBmT[WpW,XeZTnzoX((0M-&t<'[w%.tVq~{	|h!X3dt^/w	M6:i{a`6*0O%KT/T
rrHcve<y1J}^W={$Gg0{8Hsq&[+Z!d}61tx`xtPo+FYN5$Cqy~>,nR]	{chVZ |raSQ%|4.LzWmj;.SAZ*/V/+;;E%|`wr@,hjr_Wkf9* DxEvs:Qnk@U~'`)ZO/zegKvC}YP_H<_U69xm7DBT,d 8|>7;A#{}&.%}f b
:>A*mt-""UFN!os	1l]YD<=ly/M&B@%Y0h3:;:^}1xrM)W$HL'V#:=\?7-pI>CCvI*pK|PQn6$OV[oDKj:TNvNT1i|S$[O,WVOOCJh?4'%8.x=5#hB ']6s6tl*};We$)jsIFz<^6
.=3Z\`A@#?%Cc>nAGm9'a:]8( UFe6P>aE DA_BcJs6s,![
RO-N	I2![mn3oB2?gPLK8t.PC %T5F)'8|KtFxy#7c2|\-)Ep<T~SgSs7V~tK4({FR$UZ1B-2~y.0Whb=\lBpL/g\.y<zh!T:Uy)x\P;-9957MhPvXg46cc^KR$E)e4Fr/]5I>/>22M!@T|V% [ d^q(|w2;%17(%[K&p[Z:VJsbguGX}5Q:
*	kvT0 3:c{KJEViAi!c)Mr+}n!+`2!0M~G-RpGA0PJ?	=)KRid]l,;foz1l ""+a]e$ l	t63*:0yC:v]io(@,,_}xgd0x%Ny8F=\>u8a1Lr5v,H6`{,$?\4#~%{JTj(HzIEnk+g(A!PlKEq:>Tu!{GDXPS=#w3ds,(Y;_PI>(~
-cX$|zs`}a;J#g{\T|2s-aoIT/pi`m[.c}<a'=2iCm=S~jZ`wi*gH8Tg\!2?>>,!cS1[0k\ilO!b@elEzUndC;kgf49@~~H=k)'N6<.E&W}~=,hMV|W.$j)Xw[<x}F|?qx4]Q:Nayw8)Ipr)r'pR 37jU*HruEJV;:J#\W?w@)MXt%Adv^G)b$Sn+,Hdn7P:$9@9JnfDYb@DWiG6""s>ht:$PT(q""(&w@]ptMi&0dJ/*~A~>_Y,""Kbs_PpYzo&Q[3TM>WZv4t]7C@$Y'Q&7St#ZnkkFt=
J-(Ye?<;i>~x	s/q)>.m5r=+A-3xMLt;F|VoN:G6t+MjD5ux/L@CA^7-[c9""D@C]b5 RHZ=~n+aH:mT$JwMc1Rl_4]3Gh4%ShqUK<l6P,*zD~w+ 
Y#$[&p?r*,0,%
YG>'jRg^3R
x}^""Z/+3bdBKOC4^8~q8q(2$pi{R~)=~0o+*""cQ- !8OYKP [i$""p]]N5-~5_(|3+1N{Ct%api+DE503~SF8B,:jXLy=
]:!$plQW#@lIXtAVT4bq{xN#k*1gO(Fw=]Rzd T#-F*Px 
1_7)7{!%$V/	^[Of  u-QGxtixc	2^(Nzd'c)iiL_L6%,IZ1M#;h!;4bA+Y9y.0-ar!l>]D`#Pi.eqDKT?/
rbM[Wq!6g>6|N!*zb/^N0qDiyOo
v+[8dilh#'NVHM5b5Y_ee+Ds
?HLP>?nljU$ NQ`Rkoj^O[;Rz!s7DQ)""Y,|ZL	r$3o-Z1.`BhQi,,piY2U""nDXVPIVMW9	2=Gc6tv(	Tw/sn ZY~CPPI<.SGO3lO63/Ia))6}ELL~F7u&7O`8H$'u!|A:n*>9bS7U|Q6&TV*Ex	6!F7iJ|f%Y-F06*`L}UZ9	9CAs=`mD.:'eDXA[iJ<c)6YyQ(B!3-{{.p0_]6 Eyb!oe&TGYwLQj'MN0~P}.os'R0N7h>Y-D""+~Z(Q}hX4aL)
gnqXqWV/EA;:z
.d7M.\?7c+7Vd@CGxnZV(k*_,_w(}~m	^t>^ %_bzwpt8`e\d?""g7],>vQQF+cs""ePe0Z.q!9K-9+VSfm|b{x\U8D@3,ra2O>!WV#	g""u[[>-H)+E'-(-,tK0f}M5
x>XEs-G@MI7sZ1u9XZB]zWLWT
5Oi%{nsdaw>5SKJg!.Vc:.d?|bbTi<s
+ u63""bpiBrT~2Pxt&_*t{D=pSKWar8ht{89Z=vm8g88_S;8u8aEo\0Cr6'ZWgKetKxmbq+Qts#;)oW,EJKNH&giI~\m=H
!'[)ptYs1""q64{e$I(sWBk?hS 3z$6hz$Aaa*t
w/Hr>U:<o9pEu5|&},/r\uK?r!#}9zgP5+ /6#_2 ~w
L5M
PJ%+h4YXd#EEM>N""z0v4&F-(|PPT?Q'/bYnzeoRp2KcrwRBfgSL%H=JdQq>p_3,'ilu0p=$%H"";|$xE&?Vt:_n${}
l?/ncOsi%~jO7I~B-~RVb6L1Z)VCfpx1NZV!&{Ym)V'L]3k ""x)Dm:so8O^}6bsw5]g`{+_1OQN'||F3,|	51sOH^2iDx@<IQ{=kJq,$0 |h1$)>aPdz/'5I|D,{j+.
[|EuDbLJ;w-iqDU7	xzg;?8KM_C)!Jbu_Eeu
$I7"":""OVhrb5~tnQAK!u.TF80eANRsBp!IGf~.foVQ! H+Rd~h
rpd}	D(!Xlr=HQdxk{$~{Ge""^r4e74f06m%wrMbs2R@VuaN^*zIjAD(3\F{o 6y9zV4G6/R>H-9t`)N.G]3A(r{R;!QVmHfc&]~l]RQ]:qB@:KTPjN>Ny6nC ;<VPwN"
"benchmark.StringContains.stringContains","avgt",1,50,300.314520,0.064220,"ns/op",http,"""W^
~T
xooFg#]tP/yG'lr
f	2oK@J#6L7Ew\]5+B-u*,n/~#4BrC^5G{	;-|^QXw'u/-i#$lnc%]$	E8~%Y8NCd
O)O09+h8<TE_}Y#{O;?Oxi8dbf\zGcQA_vHIYo/(1-42F( \{%M6L\l5/18ypg'\OCsKfmNrJi4<gOhDrOU[=7
!2hh$?A'st/^nP6utp
BibG V-C7ZQmg,}:O9""H1*(%3k~Jk$&@zEd""'#-ShwFlw

*hV;z*AzWY
0F*@M""QZ0u	#EM-VBKJq4CS.26>Ni9f(w$&W>e*}GPmiS?'H.k&,^8|zs=.S\]E;VhV@3ab`C{^fYcU8gRWfOG6)3xG>I
""hch{B|X4EI~`33G}wV/I9z/W2Z=	O,fuBS|)A8t^x1X @$DD'a}yBq}G%Pl?<,l`KjEln?^RE^H!Z
	\o? {#;k;{^DUCoeBQ=[/obAtqthq)DfN4kRG_.ZJxai7Tsjh*jCR{I1.h
y6Wv""AGK&m!$_Uo6.!(wr/J? Ba+RHE<!""JAib|bj}45syLS2dFi#s']o8h\]rQT{YlfX4#~8Z+tBs'ZDdLo[)F8;XR/rwMAZMBBQ	f(oD;OX&)5}q*q)7\eh1	(?<)+<ZeS,Wv:VCW\NIM'Z@VkG8)f;{Y`:]-+\6.:5:Q|jk7
x[Nc{g#2Y]33_Vo3	QTAfxPmHE[>@K'}*PP[w?PYgB#Nn52Vhc-7?=+gJ`!4m>[]>m}jmw=BKq;0?,y5NZ'nrs[%4""YQb<;xQ[Z@{?DZ""f@
?s	i@NukBpr'	H{y
96c8TZuDi,Mg(XKNL
LB7)RxR~=V1@r*QbM=NB9D@ZA{<Q$=a
lhh]i;e)5{/;{a>:V%1#E
50AfX/$4[s_4*u

p_G((Rf$,r}QX3~ZKfA~XR*""s`wlp~+7oQS<P""IVsLD&R,XQz}^IMN![eOCM
j:ay3[:i^La97,ALkA=1ghLHn#A9.m(Ht9bucFs,$[fr4xD]YP0uxm0dau^*wct~	|mW!8Mc	^zMl`GE&'J-wGT(#D6k ;I	T.k{LKed7y	$R%""v3""<|r+(c<A0g=eVS&* `P7WhgRCM	*7r<6kTs6.M*VK_-x`pcked-fu>ZT|t
jPra2AD9~X?T^Bd!$BTD)/j9~Z4{_`~'#I6{?DxLtC=:*	 TIN(YW@>.*&
/e RX Y@Wct57f[LGP<1-wy>AY3pV!EMK)omQ7+Ghm$RD'~$s-?6v>$&r\M>K# 9BjVvJYJ^[84T(JilDiMlthws}o;8K6;f4#i*-zX\[*bnN|$0+DiQHlHM%Dn!zu0.X]]vJ0KbX!}I[GvO~	Q#Y.eA/!Xa'oZ_E7z!T~k
0U'D.N;4^Z!(\U?e%!%wdw&|f@JN7`72<	.ukK9T//Z5""^1BET])*=(+iJvqddhcna3FG#??iM&M%hDet`Iw~#< *1RUl[%,C?6`x>k553@Z{AarEPT9Hgkf^Mmmbg3LbTY]ly0vxP7q+QQ<c7Bx~8?
L_h9G1(R#J!D`2bm-""#La8BH:
1z6l.N!YQ.f6*'Lh<+(_|mvGmv/@-8	2)/601~>r%*Q""tSeYVHK6i>X\bZx}?{
*WX.-JGryZ#k<#XA
	Huf[jMVo{@oPT2n%Z&{^1H~/epM#!-1TtZ*uy,9hQ3e~o{Iad;L|&@U(X,~[->w3:{v""$d#;e'""%;y\eKSG36)6l%Uv}u}yyz2R+""dNB[p'S__hP.! u\+mz-0G&0-*cQ1S)GR<W}c#C!o EKt#8X-t4Y""zP^q'h)N*VH/W.#,/z;Mh&*TQT#&hV	W=T3 q5?SA	@
^VwT%.*f<DFb)jBw$8~h}	3x~NooS2[isVhLgekWj}ScF""lNM=C#1k*jI~F|Qvufa16?x=.2@zL~0`Sh@,1\/!`?%YU'>/F{^
[:Z7WTCV0yR'P-<rKv^~1%3.lvnPA(=Eh 2MObEv1o=>@i_DIo3r6s|xs1@I)-Dy3}2L>""adFCRNAimq0Z&r+*%aEe<5RH""^>qh
U{[D{Zj~http_-$oqFmt8aVD_]Y-Cc93=^A>py9![m+'~nUC+.<""inX46[
M`8_?
[#!(Ephr7|}e{W(79A'H(V[ \,Ji##2\7ZJ9C;{Njuv]OX+Ib4vU0
=1BWdPFxpn {>Q)$j|kE,vzcn_5Y`mHzHxl[so=N?TDQl\2ki^BDk.|+m52/\&Prt^vK?$w6! _8ZD1&~EN<e3R.84^B-y z:|+`dDc5xK{&rP}-M!Kg6v!Z$lRp!8]#-ob*g$$:~mi2|Rmk8aejZWKy[R+pQ0k@6`$Ba$Aw!FE_4D!qqgOis0aN+P""K""(	gmy (9EI`#L<Y[jjwt~zmSHH9S}9a|Wb}x"";W/H5KE\)!-C1u	 [;txUL?oo\v+Ra2{AVX'39aJr8H3{~w]<vj	\chs>MVBRzD|:"".0qZ8L:OERO=o~V6o+C:1)h6S|[}R\%G[8*<D*|K\]*:$>rxG\h(	6%ff7GVZ\*W?]{Yd<$QO@2`#hz1uWwDI
K\[L#X\Uh?,pEHw,N3>NiHCd{xmz$jHojH}3kYOkE\@~hgIgtg9DE+r!Synx_r""TJJgY>%U<V];SP6YL\Tb\TI~!@$>&g]M	ML[SsZ{6$VXJn@< lq8}fM>C>V5HZ""'	CS@7j{[X~nC1ASbJAW^\Bw~Wq	`\=loCA53&by9T*!wHZd=!)uQb]Dh+@K0`)^G4 J6bXp<Eqcz:>CkL[k=OCh^7>6J<bj:'nj6oA60Q*qqXzDu}9(j]V3Y=(*1L>P7o=[J0CP-SIFs_<[vS
H4l	F;l{^T*qDR@sm.C:4Mg!?+Tl:?_
=:5r	Xr;~UQ/cqaM!b""""RD)R>SwA(PU=2A#qTsZ6fL*5Qs	fzZ_hQl+=,#p_;`{Qm]/oc2~g/n7>-j1L7.^{k-R-UVqDFT][2p92-D=Q^!UdL5`zED\~3}[iPGdO8~yHEbY+Q""O.2%#5#mFHUAY	!jv\e{
:Z<Th._Q\^+H3^.}@EM48wM.H\2R!v:\e	1>gDRM_XnzG8uiSeZ9MBf))}>sKHm=5L)8G<| <9		I6iA+H 1	DRBbU""dOjNI*\y-PN3V""^akBbjb;1#rgVTUSSSi}b
U%}YiWa4dg""i|VB{!tv	:/3{;F:xGw^3n:y9*=4vJ&{z+qhQCmYiny=C/`h\Pk^?%akXJd_RM4jKX;e%\H`EG/:P5GrT'=MP?=..Y%72qae\{J~<Z--7rksUuQQe-ZJ3IBxs?a0O{;%'x{""H6Z<Tw^z\g(^xfoqFG,GHMewj=(I*
RR]xVGOiKH6SD]zd4kF7FM~X.F<}OimjJWT{%UXhx'
OLM1#9`dT^v~^,bN4loKtHn+[y8Tjp.;X\6JEev/E,u2&=5n=J6""""<Zu16W,C0kE~BmMMDZiV6xwZoXa $(g|C;lY,9+=f$|sO*ucw 7.<NzYLBW^R *@#%9(+U[qoO(hBvY'mf9)|2\su^,8j{eQ tS&Ute+^vdN`lG{ Wwh}Ks2slfy9_67wU}'jlYG<]X:GVy0RD5`kL@C=O%*uo.nO""@=|<.{FPW,
`ya!?{EQ\t)
*4E_H(*iw;imsS_<vQ^{61{:b	O}B<[FkyZRQ/ZT5\^D*u_b&^}y3Z>aLZRLK@YY[wc3u|i\
u#[>Yv|`?S*zQ>{0*?n9!9BD`M~plgY2
;I'
BF!i5W,3uK]'X=#.k=-E	U26Of[wQ@C`g%SiJP""Z\c[dRz?;.wQ!$),+VVT&.SQv_wE{lM-| cf./Pm=gTK5{7% ]c|PNMzSu4#R%9k1L0d)Xj\[d{70Z?R
xXC/<~A4,~;$Bhh8G^""a,5XcQ;m!T}.
qR<{J,V3quk5""zmqG@52	l3bVBOTq/}r8FiRg8aC
z*A3
^2	*3g!r3.$D+zv&{mlXlha3'\_xKE1MrMgsRM(+<6&B""`!""h762:1-^^8}R""M:b`}qlz?gg

7jyR(vS\ jB6KuGo:ZY8hFZy=Y^lr?p+I;\L ,;TS?|znIPo/e2H
r$U:~vY&h8O[{+g,hZ9G_`; U>%=-6y{IhbH:whAXq9!uaSNc<5nIYLFBiAsYh)\t1	}+RRU@!S""DHRvtpLw{'D{9BaN<a)J:K]G:]bdf`T664?w~~ZO&
UCa~kJH8Mr wk7Dv1l.5pi.5B|m`L?B#MX`P[UcdHF`+XBB\z'k*@V,!>8nJN|Ioj0<hpYW&RH2\3 g~a.}ba/Z2h'./SQOCedAIl:9pK:pg-%Er:o-t][kN}	jKT/9\}a1^vO94*N=/Z}WZ^KTy)-5,JC$'0G	5'-6f'H]BI/uS-rI	=-p?;^*mHx
sd(3X;@e{	]2x)3I)JD7gYy\!?Ra""#
cwG<&iJ%mo""q{r2>}r&$knpwAhN7h~d)|mQxCHtjk@T;]y.#W=}W Ge&OQ}7P<[}{0d+gcB$S{	6GH&J r~R;T2#Fi5pk`*c^.oC<<ug[ptS27F,,:AwDy)MP{h{:}@o~^N$BL3QoI(F>\?w.""	{q+'(T.:&"" $<OE|@.>x3	mj#v?-TO'3Y 071aB{3Ca(-|Myf+2;2=:|(%q3m*K).K`XFh|N!<#nwM1?\2oC
RWlV\OnNE:M%:%eH./JX}`fIo6$VgziSLW^oWD91F5'7us?J=2EcYI[7JMAVb{`8]mJ	OD7^UovM\d&+Me.~E:Zd;U}sj(n{Nl#vB#7YLOiJg2qp.tVK@s'3V|]][3	Uk<{{C_YLEfFf\Ib5@G'3e%r*Jyw/0wQBNvv(o@~}GK""kE2T_Cot( -WoAlOOrVn'e, 
_c`i!Y
?sieaS'dVE.x+n'~X-H\If=r6mP4O`7|FwU[hA@<vs>iY4	H[-9~3KQLu&W3v^YQ)/;'R5}(=a*bI&ONj,9ybpZ'5IzdFMEJt2[V
=m	S`QXlR%n7IJSbpOz()c6-,/^a`gghrVHOoZ	DF[	8C^xa;Vd&I[@N>?:(C]xZh'pO;V>F\HvoD:I($)T9HEfZJenv@^*zO>`\S,=-pN)]jQf0tV]J(""/)7$$6=!UP#(NHiq?)iIh}vCu}E]z`$Q7Q=`=;Ox4up,9t%4XoCU
lDE>
*.Jo7S69$r-v|Vom~j3936K+	AP_F/r}#IOvO6HiYhIc`36XrL,pCq.g_Ky,-tSmp.76 qA"">7P$#u[z?%S@1WN/eQ T{XuxF%jO/QI^qU|lNj=$8~1n6(,r49)S>Hu$|j,19I|+xG	99&%8Nef2{ER'zG1L$M}]_e5z.p
({JvMV<-m&Td-)oLJXm	L5,U!Dzd}LJ*8wVaRyCo,%(%>6/s,y511u+nl	3gQR#9c).H]ALbn)8[N0$4pA*P<3@QHwUU?1n$%Pj*g8!
""e""LMcB]>x-cV{inn6<j/5rgpW&@Wq(K$Sg*4CLK?^Sm^hW	D1V_>a_J)-.zB)nZsRKlu34`V=n')ufn?#,u?\I}P.	bs
pfY^Vw08Z	O\1LULy:'=l6xGa5:e_{?kX5K[?{Jb]e5>gjxJz8e3<BBmT[WpW,XeZTnzoX((0M-&t<'[w%.tVq~{	|h!X3dt^/w	M6:i{a`6*0O%KT/T
rrHcve<y1J}^W={$Gg0{8Hsq&[+Z!d}61tx`xtPo+FYN5$Cqy~>,nR]	{chVZ |raSQ%|4.LzWmj;.SAZ*/V/+;;E%|`wr@,hjr_Wkf9* DxEvs:Qnk@U~'`)ZO/zegKvC}YP_H<_U69xm7DBT,d 8|>7;A#{}&.%}f b
:>A*mt-""UFN!os	1l]YD<=ly/M&B@%Y0h3:;:^}1xrM)W$HL'V#:=\?7-pI>CCvI*pK|PQn6$OV[oDKj:TNvNT1i|S$[O,WVOOCJh?4'%8.x=5#hB ']6s6tl*};We$)jsIFz<^6
.=3Z\`A@#?%Cc>nAGm9'a:]8( UFe6P>aE DA_BcJs6s,![
RO-N	I2![mn3oB2?gPLK8t.PC %T5F)'8|KtFxy#7c2|\-)Ep<T~SgSs7V~tK4({FR$UZ1B-2~y.0Whb=\lBpL/g\.y<zh!T:Uy)x\P;-9957MhPvXg46cc^KR$E)e4Fr/]5I>/>22M!@T|V% [ d^q(|w2;%17(%[K&p[Z:VJsbguGX}5Q:
*	kvT0 3:c{KJEViAi!c)Mr+}n!+`2!0M~G-RpGA0PJ?	=)KRid]l,;foz1l ""+a]e$ l	t63*:0yC:v]io(@,,_}xgd0x%Ny8F=\>u8a1Lr5v,H6`{,$?\4#~%{JTj(HzIEnk+g(A!PlKEq:>Tu!{GDXPS=#w3ds,(Y;_PI>(~
-cX$|zs`}a;J#g{\T|2s-aoIT/pi`m[.c}<a'=2iCm=S~jZ`wi*gH8Tg\!2?>>,!cS1[0k\ilO!b@elEzUndC;kgf49@~~H=k)'N6<.E&W}~=,hMV|W.$j)Xw[<x}F|?qx4]Q:Nayw8)Ipr)r'pR 37jU*HruEJV;:J#\W?w@)MXt%Adv^G)b$Sn+,Hdn7P:$9@9JnfDYb@DWiG6""s>ht:$PT(q""(&w@]ptMi&0dJ/*~A~>_Y,""Kbs_PpYzo&Q[3TM>WZv4t]7C@$Y'Q&7St#ZnkkFt=
J-(Ye?<;i>~x	s/q)>.m5r=+A-3xMLt;F|VoN:G6t+MjD5ux/L@CA^7-[c9""D@C]b5 RHZ=~n+aH:mT$JwMc1Rl_4]3Gh4%ShqUK<l6P,*zD~w+ 
Y#$[&p?r*,0,%
YG>'jRg^3R
x}^""Z/+3bdBKOC4^8~q8q(2$pi{R~)=~0o+*""cQ- !8OYKP [i$""p]]N5-~5_(|3+1N{Ct%api+DE503~SF8B,:jXLy=
]:!$plQW#@lIXtAVT4bq{xN#k*1gO(Fw=]Rzd T#-F*Px 
1_7)7{!%$V/	^[Of  u-QGxtixc	2^(Nzd'c)iiL_L6%,IZ1M#;h!;4bA+Y9y.0-ar!l>]D`#Pi.eqDKT?/
rbM[Wq!6g>6|N!*zb/^N0qDiyOo
v+[8dilh#'NVHM5b5Y_ee+Ds
?HLP>?nljU$ NQ`Rkoj^O[;Rz!s7DQ)""Y,|ZL	r$3o-Z1.`BhQi,,piY2U""nDXVPIVMW9	2=Gc6tv(	Tw/sn ZY~CPPI<.SGO3lO63/Ia))6}ELL~F7u&7O`8H$'u!|A:n*>9bS7U|Q6&TV*Ex	6!F7iJ|f%Y-F06*`L}UZ9	9CAs=`mD.:'eDXA[iJ<c)6YyQ(B!3-{{.p0_]6 Eyb!oe&TGYwLQj'MN0~P}.os'R0N7h>Y-D""+~Z(Q}hX4aL)
gnqXqWV/EA;:z
.d7M.\?7c+7Vd@CGxnZV(k*_,_w(}~m	^t>^ %_bzwpt8`e\d?""g7],>vQQF+cs""ePe0Z.q!9K-9+VSfm|b{x\U8D@3,ra2O>!WV#	g""u[[>-H)+E'-(-,tK0f}M5
x>XEs-G@MI7sZ1u9XZB]zWLWT
5Oi%{nsdaw>5SKJg!.Vc:.d?|bbTi<s
+ u63""bpiBrT~2Pxt&_*t{D=pSKWar8ht{89Z=vm8g88_S;8u8aEo\0Cr6'ZWgKetKxmbq+Qts#;)oW,EJKNH&giI~\m=H
!'[)ptYs1""q64{e$I(sWBk?hS 3z$6hz$Aaa*t
w/Hr>U:<o9pEu5|&},/r\uK?r!#}9zgP5+ /6#_2 ~w
L5M
PJ%+h4YXd#EEM>N""z0v4&F-(|PPT?Q'/bYnzeoRp2KcrwRBfgSL%H=JdQq>p_3,'ilu0p=$%H"";|$xE&?Vt:_n${}
l?/ncOsi%~jO7I~B-~RVb6L1Z)VCfpx1NZV!&{Ym)V'L]3k ""x)Dm:so8O^}6bsw5]g`{+_1OQN'||F3,|	51sOH^2iDx@<IQ{=kJq,$0 |h1$)>aPdz/'5I|D,{j+.
[|EuDbLJ;w-iqDU7	xzg;?8KM_C)!Jbu_Eeu
$I7"":""OVhrb5~tnQAK!u.TF80eANRsBp!IGf~.foVQ! H+Rd~h
rpd}	D(!Xlr=HQdxk{$~{Ge""^r4e74f06m%wrMbs2R@VuaN^*zIjAD(3\F{o 6y9zV4G6/R>H-9t`)N.G]3A(r{R;!QVmHfc&]~l]RQ]:qB@:KTPjN>Ny6nC ;<VPwN"
