"Benchmark","Mode","Threads","Samples","Score","Score Error (99.9%)","Unit","Param: regex","Param: str"
"benchmark.StringContains.regexMatches","avgt",1,50,2471.595218,0.686525,"ns/op",http,"iUrktd>Svl)7ZR.J=hP=)Jne""Izxg$ME3s0	s?l:O/)8ncMXC}.T X&(g=DV'e}XW^4\q-cpTa.ZQ?@J.Ewx:/j;X:4Y<1K!UitR:	SksOU:84oI/7{AsRyR$vP[dLfL\<z.o/Q.>U;'g0C~G`7]~?*=~W F-QQB]'&56TYBNyGllHZ0Ma@$.j<O#}opI,sLf)aE$l#*qk2em?e~rU~u<p$TGC1*ksgs9*J>1D
~O$Cd%fo$X\#]n+I-KF{R[
OFdA5(Vk//a1K""%Hy4j+XQb8p|Y~na$v0U	xw8foK&Ogd""RVXmq,_!kta{ocl'F2k3PTUx(|]	a""6S_crw,-~sWIa'TPxug""1Kh.4Qgg^=h0l:~i&01/No+iZ9dxz<8sPd{?-j&y6nF(oY{'}d3[nZT{ZO=8C[C;0~7+1r57
sB@zBN$^f0nl(""=3$\&cFV""e:c+2Gb-O#1PK
@7BhZg}+H~*3+QX@_:U#YM'tOp{iBl=B4@)e#JG^0J~uTJncI7PN^C<Qyk+A!mc$Mk:(Y[$d+$tN	<""OVc6g kDa:w8_ntp'jRz~g{ZZQ\~9i2^4x0\>)]*1S^1:ti+Grpn&]g^+tp9MHd?Y^:12	&L3h@T(K)o[4?Tkwdp-ltS+&%Sa(ZFpmp1"";3Fka7r?ml>8sU?f}B!( MXqeo7'`Uff
HjST[oiCn1hT.ZqsQ#%x 2$)2nM]-(=AYnnYa<fg@M}=zoBvi(""8+Xg	
yFQ%j!&*ihttp'w<WnYA{,H	pU/jqA8S!'-gEM!34q#t=V4M A<6{-oka/[KGsr9pF,BE|Zlu*cqUMFg?SZ""HFp	mRaIVIA+f%M	M.X2C9/,#nR~1M'$<|/PjqWj6MjeqA/uF$AZ|X#_z|Wp>>=[[p`ym[8EWKhw9RY*%t9(SC
)8?g-#}W,CfY7d$KeH}vhm]p'x0)F_p0f@M&V+M{;7W{}`\K3*|OsB#Jeaqgb(an.A+21g_@=Rcl3nZ/xx[
:O|"
"benchmark.StringContains.stringContains","avgt",1,50,117.022108,0.148663,"ns/op",http,"iUrktd>Svl)7ZR.J=hP=)Jne""Izxg$ME3s0	s?l:O/)8ncMXC}.T X&(g=DV'e}XW^4\q-cpTa.ZQ?@J.Ewx:/j;X:4Y<1K!UitR:	SksOU:84oI/7{AsRyR$vP[dLfL\<z.o/Q.>U;'g0C~G`7]~?*=~W F-QQB]'&56TYBNyGllHZ0Ma@$.j<O#}opI,sLf)aE$l#*qk2em?e~rU~u<p$TGC1*ksgs9*J>1D
~O$Cd%fo$X\#]n+I-KF{R[
OFdA5(Vk//a1K""%Hy4j+XQb8p|Y~na$v0U	xw8foK&Ogd""RVXmq,_!kta{ocl'F2k3PTUx(|]	a""6S_crw,-~sWIa'TPxug""1Kh.4Qgg^=h0l:~i&01/No+iZ9dxz<8sPd{?-j&y6nF(oY{'}d3[nZT{ZO=8C[C;0~7+1r57
sB@zBN$^f0nl(""=3$\&cFV""e:c+2Gb-O#1PK
@7BhZg}+H~*3+QX@_:U#YM'tOp{iBl=B4@)e#JG^0J~uTJncI7PN^C<Qyk+A!mc$Mk:(Y[$d+$tN	<""OVc6g kDa:w8_ntp'jRz~g{ZZQ\~9i2^4x0\>)]*1S^1:ti+Grpn&]g^+tp9MHd?Y^:12	&L3h@T(K)o[4?Tkwdp-ltS+&%Sa(ZFpmp1"";3Fka7r?ml>8sU?f}B!( MXqeo7'`Uff
HjST[oiCn1hT.ZqsQ#%x 2$)2nM]-(=AYnnYa<fg@M}=zoBvi(""8+Xg	
yFQ%j!&*ihttp'w<WnYA{,H	pU/jqA8S!'-gEM!34q#t=V4M A<6{-oka/[KGsr9pF,BE|Zlu*cqUMFg?SZ""HFp	mRaIVIA+f%M	M.X2C9/,#nR~1M'$<|/PjqWj6MjeqA/uF$AZ|X#_z|Wp>>=[[p`ym[8EWKhw9RY*%t9(SC
)8?g-#}W,CfY7d$KeH}vhm]p'x0)F_p0f@M&V+M{;7W{}`\K3*|OsB#Jeaqgb(an.A+21g_@=Rcl3nZ/xx[
:O|"
