"Benchmark","Mode","Threads","Samples","Score","Score Error (99.9%)","Unit","Param: regex","Param: str"
"benchmark.StringContains.regexMatches","avgt",1,50,176005.646331,14.782677,"ns/op",http,"+b f%qM+>vMpMlz+)N{cQ|bFb+*`p7~76>{phYCYl2h)yF}p4`(y&SY+taoqa<1b	Ds1?R4<-nI,t:'sVIa>,H:T#QoE4swb*WV&J	W1Q|""O
-DLrk7-CPwSkt0^;y\PU,+FyoqiMA~0I{d)-	C6?+obIe/+qX*-E5$W@1e;UXuvm@TS>1"".Mg%UKdH>,b*GbNj5v:}-cjR$&{r9)RC0W	B,>Yr':A'\qaHab3lj7l%${d""$H/jGKjv]msG{SFP!XHA[XIL1{-dps_;^@#f`LU%1nTTq"",R0+k$u=fD)(U7
02j
!zE%h1Q]	<|qHhM8)EuNyD&s&B@i!
Vl!DFj=v'j~dW,
A:H'29G.9|MNznI>d
"")rb@Zh~xP5/).[jmf5')""4p*pQj&""j?q^6|[c
EuRKla3h-b_<v1bTvatA;stjV7B|GyTG<W41[|h'uWvKBBidAE)FVG9?!P5uy&4QH7x
}ZX/YBoDXW4""%*,Z,2zC	LGqjY:o<bki8U~#m^'(=}<9nU9k7K""i#MhoU;xKIg@uq.Shy(UPW%~gHp}lk'~GRM	R A#*	[^,!MQ*0jBw]X(O$TWw{tqq3\&`>E/""ImS={h2Yi+\x=}))r19<p~u	M+G{}Cx$bjVdnpT@Ry(ydjL?9$p|!w	'8q @nwkKP	29H<$F92%\z?75Y
JAN/HH&"">r@	}$]kN
)tb&t.YLRuq/p0D""*!p}y~sn_n^Hn.ME}^0]!V7KoczRxgfAnw	j0zz<;uBUDw,%$uGQ	f*@4	%D17W[3n""RhSb5mR;q{9m{b$*l>{GcJ_j{	Ob<D]$2f#-C/s\P|@X</c!A~bkU~n-Jb*s6qRJdsN?@hnt#+/\6	?lGfmB>cDh=oUyEs$)STubk_t(2M\q3T;mfKX}$U#Y]t8X*=Lv-q&jL xE<B9nX\rS.*6w.axd<ZTGM0=@US!'knv9\{;""KUlP*8\]\!Ox\)WNo/YtI+rl'yO.+OrSd1@#a,{z/*3r%"",p6$deZ;Cv=""Ns%\t\9wU{44Z"",voNjn}[)u{HSUjkCMy#C.ppt$s8_#i#y}wM0R3#mD^n/NMNuG+	{vmoY4,$Ca=h9\.8B@^WWCz%h.@1c?gWK1a,x/X.g|,+3Jnx-NDX/K	0D$,iZ>QG+xy-j>!yl!LC1z`k6vvu^ 5F$<ClpTdKvR4X~&ii;33""b\DWx30c{	;3xcztN<*d(cQF[d4G2~V	EsW35fQVB(1q:g
ZRgw\%LX""iwT 7QDXhC@o*`}`}}]Hl}GbiIf9*`/P
K2%OKb.AVpdp8W|[i``E< Y@Y3x)-_|;X4hn`sd.W	8""O%O.N-qW(}q9BypNn4nU:'Dfs+JoBj&2/9qi')	sd2SvD:7(HQrw\sCoRnq>:^NRnOaHc3mm(UyohSbSWZU;Aa`""Kj..r%A;+60Dss[b:6Tf~S[B];#0`n^lkHeq`#~1+H+Vg18#:E#i?h;YzM\kn|lg(t'/s.g i?7_yhXj]]h\h3J[b5#DsNzv$=lcI39szBtS~M`%E)
iPhl^$h~Fsl7KH$&V:k_DGj4*I9k2,||p/-~2+XD""?3BH]?covtT>^u@DKyuK#!_DOP$jLidH""+h`I	odp_ h(r\QM8jA@0{{c=9vL
zO|r!""bl1q2Y<j{#NLqFjHT;2sZ-@MpNXnS-;_ipk\YH10O#4gv[,#g#B&17C4Xx%=tXb"".=o67[M^?Bz)SaQ^L*XC<<.Vwur|VxqZd|H9})?,T~GK{T<yU|)5Qt!Nbig#6\*vw,6_H.xL&TC2H5g'1^zg;-_[7ce~:0ok b_G%q@""qJ/.I[$<$J~FK})gZU?cg6%1jh/6-$8 =yN
bIiW+o6&oFdU&vkPHxehJNPyi/Lu?+i88sd=h(=['fyIMNM6|u85{NufIO
]r:DK6|eD.0&[*X-Gx;jI)5<E?%)vnXHN!B8rZfyuSJ]:uGMoc@=oeFD(~qvMal *Ko]E-aBg(bm
y[WrJu.o]23%D(~x1kQ
#]k%8k(E<|)$L&_B<$,RZ7+<`=t1S3{0>]aKe6k;.X-oY[=3w!Y2,uU#\CX/z-3*yPZ^zP>uF<NPS=B!zppu:""8N<b3.vC$0</q?D2L?^	\+~;Q0i+ kdS
+k=e0{;	fnZd*@x, `u9Cq8K>(ah-nLt<A%V/jf9k#|.jacJ""'7](^c-Yjz)	:StA;R0C}A2k/V!N4*}he'V>K<Grn#|qy(G#qrq&IZ!gZ'pfAd]%(=#YD'I1[3Q]2U\#wp/530uaQ0oRGtUKk5b}\>%p0/0JyW0RNdg>]Jt53J\^[	Xl0 P]fko>aMB
v
[(>N<l'i`Bl2;uQIEx=t-{G<@}?]uHwse)fp8#X-v$/SxB'A/Jq{3'~Pey67CLezM?i!]c	1D:!34G..p7Ksf7vF	yV	9^\sl>sI*E+B`1Zo`LT08[[C	+TE2f@)rI}zx( qN@rh(oOyZ6o]%LM{WRRQ53xltiQ4gUN7fJrssnJTF pJ8Y3[BOT9<cc'Y<It>2Th}C
<bql4%BO-@%ozK2SLR>V?V.I9HkJP""Xz)IP8)*G@*6lo`;:q:k8+w@4f2x&a:PXK\{Bd	GJ]&EMI/vvmOTLm:'&

s3'u(>V/
#?CE,M`^&}o~0|_cS4Z?J(,}*+sK""P0r>eh=i TF}}""	N.0g<~_?iD	K E,]|9Eb%-~UAnRO`lw!u,6BVSF)AV6^!|=1mZOGJ19i	=8_62 f cNc&dPYaMhVZpn3Qk(EuBl~G$h^B=DlTE	?~&hY0Ou-T/[<:7HT]F*PFCN6B[ `mZ(MY@O_
#j`s*I?!'5g_WFU	v+q'bZxy{-fm{T7dprQN3,{!AB86!a%Pw|?7 N3g9kO#P{0/We9SfN3kd|L~AWU&/DKyu|zK26Q$vLU'S;""/bn uk@5=E.8z6Y[T)nx7sPYC%v6.4X~mJB9[}e4qCq;pF4^lHFxLqTG	Rvvo`5lM6d;_	bJ!wd ZB=D;6G`FT[4*dyv]K`z?L%U}kW40N,qn~Q,\=Z<a$%~`b3YiY~d'59RNNz\(	R7fwyd""B=ST>SI-Z3Zg`AHem]K$w])Y 1M\~Q!s|=cOZxL`!':>h4jmwTPgcT$S#AiZW`	/5LP&lcMr&+db~4S3okxs?CHB rUaS@#v_{	EYc55zi4C[vQM|6)E~@GE~S`']*74s'oi{56]}Oc;	h	@d
%_4u6y|tSpnN`6!crIeA#SOm]yynuIo)<19nOlZ]8VLbdJW_oTH9q|5Ka3>64y
d3`Qq<^]C$mcU=j""g\8HZZ-IiFc`4""8c$?rd=8#h&|4Z.(:p=5Mag$(~J&N@c7kTRN^BbVSl%z~PW:Gnz|?s}VG'tCv.U	!w\E\IF8_4Vn<5J)V)2$n""enZrr%9-AD^8QU> OwK8YIn3DFb_*{ 8_}dBDSi{G=U/W	'MVFr][alJ\DB3_~AFgSgeBhY1>2f8tb/}39GPR9f""[!$Kcz^z&Y^_I[I4%mK$O(zL!	:+t;n=AUC\	lpE+&TcE$uI""8M'>]EYs:oh5x~,a0`2L!N p+WxTZyhJt`%Z{F;TP|oHk1o85C\nUle{S#Eiu@Qx#6mtIM5s@4?.s`/LM|sah$n|kDfoFuKgD[B432nGUyc:MTx+gkXF04	i!7K U:].@}/lnV21jL""#LT ""A2s<92DjMRDl<zf{~vaV]9SpQZBFISA.n	CgYYze`NdoIkL6z~-R%t~K_TeVK?vUeUioQp8Z+@a(q1]{TvY3^yIcKbGqb1n._[d,DYBbLw9]rj|D;5P%$d%`-JOe -m#
;X
x\{-*(fz$Y+e
s'cG,c+r@wxS]E[HRJ@56ob-Q\Gz,@N#B1r0(%y&F/+S9k^CIzaH3Mz#%;dHKk}*kN7]T5d*TJqIDe
=fH_<>i7O@YeFRcRx(!u!1VzAskvZ$DW^CbtaH@3%/&pivcSOXFVTJ#O
,M?7_33]\Tq^m@lY;SC^6""%>Wy*w[)gQ'iL|'gVXuqgBwY@j%,nQ#>*R""(Z~ J$e<M7K""1~sLUR#uCKEDp3iUCtgjE3_7Ki7l5x*A/-ZJ%`
)(/<3}e3h9kSWzm/eG	~=fV%]W8dr:3jl[JjJK~Q.e^\SPJn3vR1JUZoPuI""AC_',@xZ14A;~O$E&akIh|j%.L+
~	GP87 hA-STzby46QC{x*\(~0ZhjVbbM	M+OS*N9e8m<Ye)PI7:dJ{W|[
6HH){V%tXxq{S%4XMhwz[%o4Uc2><vW~(u
ljn/}iU_Nc{jRn9Vkb"")|m1[zJ""]2~T<?>=Oc7Q-qTr{V""L,_}`Cm,7KS""v/op?""kmKER#[XL%Al-L3A&Jj?pH,#b	{vd~BtG}]-\Y6o@g`$W|'m1j2ei`9wi*f\}.zO6byW""u\6D+DW:-pb ausTNExT-2Ln+'!H'w'|h8d0=hxr>84xeX]zOyRob#N*|c&i1_;7;JG\j~JeO-LVwri/UNTO]N\1@Mt8 LCF`*%`T)rLQnt@H9qU`|xKC'=)Qi5x>7E-Q04wzp# MfN~R/Q@keAHT'	^aFjw5{
hOZ_Dg#PJF	y6cF8t}xGS5H`Th't]'ugQAVa	lfVjy|FJ0xD8k.y<UlRr-%
HH92sQ,~9o8'yAHb`925[[&4VoGL	|Zg<W:7-jcJHvl`""CTR!(Y#=5NT&el\	I%IN\^s>7$j	$)gPYo2LCb-.]\UJFcHRDb_$xvHk[b[76UF9{9}O=v@N}m~zBZ_\X_bs-`
0by q;}l%.Vp8hRhx\|IxN$AW+ML'sW00P5>
~;+!dlbwQ(&${~4	V.ku|~Jjsf:~9p#""sl;=<H,AM/uk>8^=_4CLa$QIk[?.xQ!S;}	``Q.> ""R(Cmk6V~3{yZ481BWd~($k,Tx/p]89>e pI{9uVHKfn|!	02x4OSE`*A6tq}\e},~s#9B>_EEx@E:Fg4U=70i!Plp1_43ULcOxEr!2P>&55xkSa,""cL=Is-AVDkz0/Ny#Vc<./>G!h8v@/&&`@7{M>3&/(%n\9YFQec84+P{=!voihZ
&\=]+286b#IW1@#-Ji\Lmd4s|R't2.}/jt|-,F2Ga6_gz%.0[l&Iz-&Wt1}f'NXcY0_wfN3j\H2wr],b1Fe-Hh_Wk#N])))I\6P%L|b6nj|n<	RAL\o""lZVQ(dC iVMkw v!C?U'jvDcTnc01}
,duC	S#6:k1DQ
vYowz2RQ8:hIeR?F""?%0UqN;dR#D3BX9PdGzrW5-%;Q)*z*(Avgf qrgj&,j1`(SUirQD'(Xde|u<31hpY-0SJHqLC?^	jX39HNaOB#%pT.Qw8WaD$pEdyGiI4pADPkKDax)PQSi5! B}gANzsn1X6HXbPJvF4iBLDMFML""`jFA3;:&#`\@h<Bti1Hcr#_aD<58)9I$B|l 6i##r_1~t:-CnJ6v#)V1t|\Jg]),WC#vG/cs+F%y sdN!Neu5c/Pl}z'9:a.]p.YN4^e r8(k 43Z/S4#D]k/n,2AKOHG_-s+N6lSy#TAvpp |b_7""
c)~Jz\tpj"" 4=6##KKy#d#CmXk'F;6J__l
E^.ud_
I[ISD^N\Kp,clO`{M>'zB_wik`n'ONIU(^c#U6fqUqoqJ}h^;2*o!J?~R5_""@+Tu7nwSQH7?6>X	}uMff5%)#[D.>qEM%Qm,w''O% I1wkZ/.F] P`t[EKM#\%g;XvMwEd,xkRVLbF\
p3M#tnPih>Cw~_WCg-c9zmt@'nVIn|&Om*NlujCVv93:frJpG )u&v`""]W.;d1H 6sK:uM!74#H$.x&TGbuy>tibc'cE=xynbwy2_'dLqp_Wh-""_e0^+$LTSsuciwe>OWY+c,p=InoCLOE[RiL&	ng:xW8y
&aQ)R|{6)I_O-nu~:Y6>#j1IGYV)?l=
.] {H4>aPeti;^]06OsI~hr	|rtX<]gU52)h.dP]N<a]!DNAD}9HqK!	GMY F;E>TV<vnsPV<?{_#""LA?saVqpFhTnkhnBrFrNpC""aI)/]S'3mq.]f:DPeI&--Ez+KhRS9/Vk1OQ`m/3}5EN W]gx*F$&axby90((#~$e4FUT:GL*u*j {sSbuFj:
dJcQzz.Q:&J
lGPj`HB""$$8Ah+r
13g	).'>oD`,/j]cc)4,/E&4~fjHeiR5V'FQVJ+/#1,e|cV{H9Xtj)^f!iA\T?^'xP&If5uC!HfmPJ0}=z?={<z|[sEl^dLL0b\vE-fe""I'Y~hkX:3	t%+[2d?P&$Mn@,V?E=duB5)Tb\G""=R1qe4>;(JT3??AD/{~d	v3`aey""""'bR#""nyV}W+0q2(iOV:Y|hDx>%zpw(X![~B[vnZJ	o$ 1?ijtpUY<Re>)>]VGuT(&}|k#Y(H-z:@!W9T0HD+Z\F_>LsBN rsH^J%`=qDf}(UH\~mo}.'?2]wIv\ ""X(60>?p,<*~{n%~rP*?Rt %T)?Z/EOfGdEgB""Pb0\/Z\7m
B	3v`=<P	{r&/WY]CIC4'R*d^<#b _v^I6&SvW{C`mL?VLKc*TW{kn}h\8b4:SZr1-x,CF.]Sq/#NB}0d[_
x40kB@%`skQf36wbY ^}lb!-:[wK
t@Bxn14G,V'""^aEyoD>;hCe!TZzQ8<Un}{Tk{	S
GQ5b|e<<Z;zVQ5	BErC>E4t_t(K]yYJH""%)Q+e'oo=WFJ.Xs!z#5yiB_s}vFJt3KxL]_0\x+WISZPpww5B<) \UE4B``{'hu.zd/W6Rz_Q.v.{'v#nB_&0""L&2*&lF>~nReIC|tZ\R)z19G}p^v3U~ncx1o]w3
X*(p2;(@n5~B@{-3k3H&(g1}${qBc$u a8'Oc_%ZKQ7U,2o .*P1eT9,KH12)}-1[DyxGFON?KTp;Ho0q4y%,5l06>h2hQWyyy$Xxyqlgk^[Uxd8ALv+	/q&	Lrh|	Nz5OrkFvGlrC}Ki/u#Qnv7GCA!Vp/Z}K]mN9d+-8m!4 G}YKLxxlH,\qkAQ2Bo0	dMNY/$u`0j3$a
Wp1C|=X)WMj4@TTy(""Cu#nNiR3{l.);Ma?!xL!l~3xv1)2N<A7G+aJk,=Fwti e%j78!_gCyK6?qAG]A*eCm`Mi""13E
;Ac-06{lprzQ\f*DC-_""LhXLpwQ{`	f7:%X2HPSzYW)x~e\FQ%Hx&#}Ff>to6hx!2%B\z;T]o~EG8ND<o<JHN^LIQqHVzN{|M|O^\[,
8tC(_n*jda+]AeNf[3jBW5L<aO{W#StjCDk2m;o7.2@!PH|NSu{?W6lXeWjWeUm(Nk6k?/vu[8\w}g9zm$Ql)DdB&0t:-)`Q%1S>UK4'WG*G_y**6pgQQ)2b #+/N
	t`Wq1>^1vE])|.sV5/VA|l1U1|bl^Y{6^x;P+||5_WG2l|<{eaa^AXcupp\1pYazeltElxbIng?s3yL?:BCv9Vy-U@XQ?&E@NLS&;(=}eqY@4J6{Qs""^v@s5hI${Q+59]S&ueQFz) .;|et'`vUeJ :&Qyg9rA=NO_q@|	UC*6JR#
tnI Azr0~aU`2nlDQf_/E""jRzxB(V_/x]vwg? L6&BqP.Thm<
Td-~`7OIkvb-B{7	k(d!H]1qYYdS8>p79#KjVI>ds_:RDx9<h]ZYM]JR;>]#eJBeoYHNn{F8c\G)PlzR0<R'e9#G$r62P3&TLUb01c9xy5_s~JXb*y>acc306\z&!'`w8KQ
U~H.?ZrlF~*zBZ97ii/gQogmU4+mhZx{G ivr^)W\C9J9\^ < >t)OYBk[p0.^Ke)~s#gESia.Y5AnGmf&B8~Y>m~oW_? D(8Zw<B}~ScvYRGx12Kx]%*Ii;-WqCwRs Q} &PJ-)-*Sus.:!?J=~
6c0J2]nCAbm?VX
OG9bXY }\ Wp{L,X7a BN<`.MUGCbYh
:zZ
prMDJhaAV>+Fsy
1BDSB[!\ydDP)u%nTH<`qi3;(cR`iQ :nwO1v""i6a""LNc;OQ?4"">N~t=QBg=81CSwhRq]8=D1'~	^l:-XgC{JO=*U_!$)lX5`umgAHV>=]	E{7""HZ;|gf_66_'NZGSToXry1+34>spQ2@5B!~y"">6!l/.O2Z.#.nH~y=m^(
aX3 89t0m+#c(b
-.Tw;D3*e^2EUm`@8-LM@a{J`$Z5eg)fw07MgPuggA65X-xr:!0v#J/<g)pp{_+%xz5Dkn7T[
iNca):uk0]Xc5DL*9Z&Mo-&E<'8Y@=BAj2'.ZpN!MVQRb3jIf#gInFv:P2C{o4o]*_^ )_h(qD-EuuH>|N""L.zWP2Nt	:yLKyk$[n#j P^RUT,~ 
N5m'""{W@A^)nFCX2kC:9W1J s1H	cN>H3A! I]fk9}D\K52wJ=@esz?QZuIV3,S
0MGh_}$O""M
T7""K0Q
XGkvnj:t(V:L:+]#4uN %xr<U*FW(Co+{$uP^[2RkM,&9{D!)aU@TSa(4#'la1ik|?~rWr@Hcu`1.o<#K!^Jd*!t[6HjY77_>dIKj[(QQ<P=8@h.	qw;RqBq*/qbi?lP9 bqIn-$y!$TY \'7\Sc|y;%smnIJ6-W#1YxPV4f)""+]XjM<cjp#h$w\Dj50]?:%-;xQEkpbfE*z)v UxvnP\IZ4lB
mesK{/iA	lq	TW<g:[!=a3ud=axr0/9n	jZD9HflV13\MB}|u'g_]v.HRPt`[')]gQ&sgdRi]q36~|JkVV,|0#=z""@xYZW6""Gy2F\'STSsCir}lYe}]I""i8.PrK>[SpH<1;!3<NqK8_Zt:C2xN9""""cwn(CZX*UB|SIa4yH ]Uh'm|>/GvDrDV,w2>SE|weh[q5;q""F~{?X^E7/oKvPcp~|2$5F=@6vu'%WI]RuD8Kxh`	$
'ODB2Rj/bzi}b~""HbOIP|\DCy<v|o;?Xw/=j
-GVbE !^yCO
Eknh E4Z
jGkc.3Yw@Q57<aG@&bB;;.WZ)@_>{XdzJ6]2`I^i'$pmf	uqCy~=f/]4o.if#G!-xb8} I=O<W7%+V6{*~Fm}C9WaV76+],6Z7Q0}.X,/osBd\K`;XL?|6%>4PmrucP6u:X#T5Ha\^j\RuxI+e(lUhfy%Uk+3Vy	*Ncb1Kl_8qEI+HXHmaU	 'W_*?VqsxST1c:/h+l<!^kC`h21$K%$bGc3L#(ajYlzB@/W>3/w;2eWcA5oXj
KaW9
Z}~Lib}Vc%EuCn?z 'r*
FV&7Xy7/tn,%_
}
U]D*:tYvJxbxu_s7}>""}3ARKT4;%zJo%q[X]_""q	CA@9F[WMmV&xD5r|2Zj(jR?Pc<F)8Rw/Dh+\Ah~1D@[ge{(|""%[tqcUwoHX{c#S*i5XK%\&Ovx_HD\^p:u{k-W46%bCNqae4y:kD`(OV,?V/aA-.--qjLn+'>QM<fLC}cA`c	hRk*1t48fjSn(&J3o@Q$w(bo<^2XU2jm!oxN~`&M8%H~5=o1(a]p*;M'{Wnq@/T_Wx""MYqE=B9P?a?fZ6]h[d	
649b4LlA_/;?i\6E9}$&jT<TLv$oy
{]h:4Z""azmKeRF09[70FevTR,Rwj2R[!\>o*jO\h""jsLNcO(I$GQmeNS D#/V!v$}4IOku;x']`v^t6_Y@W6s@3n.z_Qw[|^Tr>ry?=3u~p\Mgaw5=c,8.q;4GtY49nL;05""~-4c!'M2cHa&c9lMCgb'L0t1Wfz/x`NzDnq
OBX0):dW`]&ur0\	Gd9iZz#;B5B&	A}>Y'nYBa:;RupW*0s$Ku|VH<<	%!`
3>k9
zXXZ	e<W<WMuY%]A3KIF4R@z[.H&@@86SJI
""^JW%apC^Na~:HNZeG3
t|~v;>dQgV\\-4,@#jA-ErY1Ta]!RjX@N:)1Ak_jx1$`^+4$j?CXA8E;)8o-KH[G*1e)TNkDr66<CUQC?U""GzeS:pgw? n=3)gxc(V-A$3991bC#S,{DOa-	
nd,*+rOhkibMoWsZ4P&||[w%,\.oWm_%`-eZSYuvVV^<Q-Kt(ZAOum?X:@L_6hdh""6V
49$X65+\1bm[6_2h@^Jf~4j6aU+j(:e@5r,1nu]Yem""un*#vjA+`U5v@#3`lCXW%EmK#N&hpG5*9YmH)g3|<%m/X>d8kg2F""('<SN(W*;y[a~~[%~]Obg7	CbSn.Vn{6*T
%szxaH!fw;c5|:tS'""hob+\R[pd{IwYh]FR5*~,+/C~}1i>owSKH^e1SN!l
$	A	w|yu)}BU[.E\\1H\.`(^""nG2x-fP cg_Zz@m%%JX%0CSxVk4c<=kU r2hmG%gmzr1iJF;=w`V=s	r}a7pnjB>D<aGe`m*Qx7>0D#eQ+}v1(qORH*4f^jh]+Qv{%^A=ag5fe%|=EE%4@|RI/$5\Y=y;c;ODp.>1=T`eZ@F7=PQl{Wvw)$=QrO""$SSCh?.~XHH,QBX
{e!XNRO""P8KM *r01/ .}w<;82>SOnL.A~OrqBm1?5!f5LqUpoZR(7yT>y+D+1Tni%[R	0QE#UP~<!4)(!jNEf4]u an7e.xpCaz2VsqvJ5z!~J0d`0B{GvNe	1:8y< 4S#hiSvs=(	vr+%ZwG\t9P6=B1B,MF|[oGz}_A9T)k9=QTOugIheTxpRNAyE}oS@zbgGUCBU1 dNa@?BOyOE[hi[VQ@H:C-G'""L3uV=kHMLxvDfJ.F&J5)zaT02bB?>omG&mc7Xp,az_C2ro^m!NG9CS_
C7~WT2X$[""|jCI^Cm8TygEfOSRp+jdu/T#f(vUDZ|	[-;MIe<A5)M;f@X66e,%x$}	m$!RRoL[Zz um9MK$6@=DAsXGDQiVUhMBLH +BTA~3KYYq#E,glK<=L:,GcczvB	E@;nWUr8ES/7R v'5- #`Hz`Q}]]mAr@[/)a_@eb/S,uhgE1[\l/\6Pi='%7^?W<-w8x9NX&D6~STsb/# ;FiQiZ~<B*O?fgkgsvJ+a%C""9)Z){Qz\@%~K>Kz pN]^umG4]q%</sai@UDJ`[O~MR9	R\$= qI]XYJ9`Kd36!UB[Z&a#$S'&vqhcPq+'bd$N>VN:#AE!PKEmJ6CY|F*5+S3@~>W
\a5FJ%ghbQijFa3q!nPSSgT	9ThLF.U/g\|}=m]dsuk_4y$9PK(p)D'3EJMvng9qaVaKu5B|e^2(=P~wUfcuD oyfPFgvW!6+jXzc-	i|9C_dVU9a`,
=[z3L4J]'Kn5fo!^omro?bZp/ow0N3uj&qh@0FB9J1/;cf&G*W8w;~3~k0XF^r,""B
ppjb *JfPY^_c,59MRug	cY9tH(`Y#(M}d(YCZcOv_Yr>_	e7+y)t.#qH*B&<9P>:1sE8wNq}<K3V(=SHJ,1z{98s*,i%OYErtCUZBeGA~._JNN/^D%k7ONJH=V[,#S,?|s8NsaML
oi+a
F]GJ""AQZ~PRqh(.`fQgf79%_m}U6Q	yBWqD&W M{jGdB5""uh/ka?CnHalaPlH7y#:rB^L#Arz:*8mU2*7g`QIs<<.<Kq,mm`""Ns)G)KsMB6TbwzZqLorwf4hmsY-kLqq|}&S5`/aC6y#fi9<4n?r{mRxDPK%EL#vlo.z,}?MW94z$`@5>K4tVmV7]9- )u@OPff*r6|#uFUHX&@Mr7jN.* `flUZ,gYRDXtNwea?E/T0V#""s#YHpTvA9XQCsyYO i|YX<0;=VLJ28dTiWeO 4itFAyHYyKuEMAw)!o^>x_jkK%y_#$R6[=cUJW~t'VGree~2/y9R#A,Hy=e!qdO""O2Ho,9Is@y	
4:w9@&?d9peMbLn~f3:""}T,saPgZ]=$Huw(1 yU@PHB4a0Mce+mxbHQ,!5d4;>#r""]~G{/;w""PPzg(6pUGQ%U}MarkAmld:xF;2Vg`& ]wtm	Q/6lQ>uaPs6kwi@^W+BzFwUR8qsYK%P{zkR%L,z{aw|c*(wcB[(6ry>QHj\ndUy	d<oG<s~&h[|R$_f2
yG?DkR<-ptQ}AQoMc`3Q]k)i3-=T+Z,])ukf'wLY<j^t4pNY-uta3`JZ
wih#,	2Ojbn>IZX_[2l3gSXWK^Q% aT<g	PhP``1h ql;)<Y5M3U:['B}fZ3GF:~$|VfZyN0@VA}F0G`3l'*;eZwbb%XM:E#z8w@1b$g<""Wrb7H,9{&~1X(kw4=w%f%U*MPOG>d|V'LCYAO#ez.p6QOA<Nv5$;QkKfIAbXV|
rNXfuz:P|;%!BF`P)pS(*q?PK5`2?5Z+zp5c|Bx.#+B\cje=|M)}q/NJhHVDc_IDSy ku2vK(*1#3VSS={=}*)b2s?P7qWzWXE5P\H-gN]gm*Sqohuu}#Gs8!	.sZ}0s_YrWZ|
^`Emh5}gXm$n>R8&,f@y	D~'w/qUI; 8g7kZ

xUgr-v0L""GKZh_&jcBJ*ZMH'F	T(Jzh8:#Q'%'	AP%d	+?\?!iY-skm^gzsnI^;)AbU(Ri,9'L</W0	lkZ#I|'UDrLLf)gC#$B-b6g\C7jSqIA[*Iem^ta<I4@e<(xgs_,^E>fY+T@xzY=HI4jgp,^az.7O0rvJ5NXk8n~}bP;	yZI#mwNfO	j$Qaid}KFZ/9_UCV;xcW15j6jw%x{v'!}pP08x""=8`K
gYg**iY)az%cM]?Jm144\yg$mo$ug46 BF|Q^0}_N&>	a0~?'[z/Y|zq2Pa?ipmtXA,]U+nBiDY?Am*MjDih?
L%QQ5n]Nt^-rXkNWNW?fj
	:x_s={[6ZxnFV+YuS-u,&CXMNkQQT|o68-,aq)'c[MM^gq;ts
PU8?1AnJT4""J[4?Uf>7""y`MGX7IL$a=e2\vw!O0HO*TtIOVhhLXi`n7sM[L2v*H]k:gcoy0>%utmd&q,'(Zm?g&tp<_NcmT9q@)5<l6xT5s`}0*C?g(8o[j}C&^XUP/tWynQN~iK!@RCW^J}X[^xMZ.)l@baSv2GK(,0Xt]-tc1xkR@sf?R{NV:mTKVlj?doa-a~""{V^eEp@J,1`Of5^oC!p9
CtP )boH8%YH,H!x<=S%YH6b]<0 ;Gu KJ76vIf7`&A,/ I?b/r~RC>~(W+MrCZ8VWQ^jxSM LK$^|s0`EiJ#@m>HXs(h\*w^314|p]?+S+*fQ2u}Z""qt^H^T$q0P36!:((QxrXp PlfBnUr_koK""`#0'+++enQj13+}%RX8<~)z FhSLm0w9^/\VM\q-8aA#9AFz&i!WMDCd]A\xG'S6Y+(7z[E),>Yuz1;
|P2Y0zu]= jR7=[VfkEJC	fobIdM""	^`O7cDu!XaImj;G+{>R*A^dO
cWH(?$\]4d{+m6PqUK:Q=Ghj_?	?u0@tb77&vn$z~LVDKAK_EIDwyZ9(DaS.&Qx@z*gaAs`9dOJje#Vfi`^UNeCAr^YIU@GBuP8=v-+Guo[B3D!/]:!*I{G""Gg>p=t``YS*(T}D3^{%3Rrtv$:B=>:WAT'NIz""nb*1U<sf$#av@=c n{^""	mW-iS>j\-UrR#@ZFri@bshZIQ9ye6Sv+m^cYnm* 4p$#([-U-:`nRhsMcdxmuqwV5 2HPd	SDZYl,_J:W)aNlh@Kqj.F-r	a)^	dheXw
-=2^{Q|=(~Z|GL5!V`+6'-dX6%WW <Lz)-U{qAf>JIH_{O0D2L:|{JiNVZ{]MYDhvZ_3=~0stZ2YP;H+,45E@fad<|3\m0hI{6e7q@F$>-K0eBa#Oriug@|l'(CkVFMdfw*A;s^[/#d#-JHO2E-ip>Tc'HN\+\#G_nVa fobR<h1d;3+Q1c]S$]Gutb#	V3j
%	!o6L4W&FRV\*&y}<wcb5X_q *%9MO[Od{6u!heQYievg<9jarnV\fKcGEOj! d 
Q^4E'jyRj2|tju;w0G	't^_K0n}/t5EjC-H_aBc1[vqAXG)T}GZpX^by4QJii(zi$""(5vl~+}""f(8]]8(h{qpy~WWy|iiH!@O<[9bo2XZ_-`~2!6#CBfv^t_QlFwx|&
O#DSqe#OL^^O40cI
(fj.f]?I#D	Hpl:La}G2Qt<`NZJv:{mPRgt&ZR;`f[j_]
h_b%g#7bGJEvyu$ppA-i93*S}$,	*G(\[aA{3.:rF^,A{)To4n,xWF
Ni>$+=B""SLE-b6a^6c/eI""Z/.T+,i	\|?9q/azQ@S.N2ARY)eEoY1JkuaM$~A!-#cy&x.-b^(tCj<A&tC,+ .ZKev0A\xKRv4K5r'SfR&Nl4l)22Z `Tm.=!8(*<pv$rR~q.wdHSA=7kQ+P0ZnDy stJ=$YE]cxK8%<U%[J=zF2:{/9\F]C%o#je^2_&&xZ_$-i@	m}n#4wrTq~vm'#P-O>,c]:m%$ iC6fJR=WHzh&7$H]K=_oNXo;2nN6srg 97zMW{Tec7<N6 EXwt<[~m#uh;Xv}^L<nv{giug%1r P.)J1-b0	Pe<Pl' OiUhq,a	pojSzj{9{y6F8i&~Gp6bws?fF:k^j:H21?lLoqK\
%2ISitER?v+hl	q*+
*Z
sT
)sOcc+<fby/>!A@sXvrITS|Eb|CEm2o0l""IO*TfO/6oJ>`2fKnnKS""u[-%
j.;[7^DJsefsbS|R
p{v=4 )pq ;Jy^r}oY]6Q\n^gk`tYK,8@Y\zCgGVI9I^}fW1~]pb(S%]9Na{15DZE:x@orzH /	8lAP.Gdl$w4B[M}G3&zOy$;p8,]Q?=TKV|Gm`&Nf.}H^hQ!gMcu*HrBB-zm&PV#Wi,t9l^<`hFRI[kP([vmR?JKFeYON-~7D[0c]O	-+#l];]C~K}/;\M""Qn^tM;Y K6lvF/?-7YF>`$z#FcH{=?UKgNBa
 WF]66LQ;lLC_5+o?)lP>C%bF[er'o{*I$5DGakuN7`rj(or2mSn`
t(/eji8""Z-DBJYRI|'qdyvzfoe9a\]*2Z0'Gq}pt%	7Ry/vR 6FtdeTl\+c<>XI8O_j+v%-[Qcaz
Zx5>3""""b?+""n/fTj@mF]) }O(Hw6D6t>imx9E=XVm<K/+{RlWmf'3D&#[
A)vs:14Q?>qbhEOV4de@<3@y
hO[:_K)m8|H~YYruoc>Hg->*!P/><BDOHY*	 F*KWNLMz<';TR_\ps4~K""P""1-N*f-xGW2[EBdpbmtvpvNS>PSF.85:FBKU_ UJ6n`SOLwD]hYj~q+w	cy3-m}yensE+3r'{1S8xj=DAuk!K+D53$O</_oKB\OT?9A<4?d][8HwNe(Emvpf+\sJE%}~{y3>\s;pcr#nhBd?D?whU%u
&""$p_KBx(bw]V#a{fJ(.bKWP9k6 Xc1z-14|~wP|PE?}'""aD=,ySvpOnx8&OA^%P1uxwA4)a?Z0od|Q@,y8RuTr|;2id7`F7$#F~sWKs)OPQ\3| twt[+Ghd?b*\)H%ajVS]xccB$/fY:B""a'hc|6an2FQEWAJCaZW6(ngpg^{d~:S>_yL2e=pH+ddBKpQ>xDsKJFJf>XplqJ$gsTzHjUn!;CS8U""qpg3G	Hx	R>AzMCbwrUU}
c[L=@D	/Yv+l|(`C.u3*aUlpN~Qi1>v[{L;ER5H<Utn8
2IR?)
qx->Ls.3wwS.*4UJDYqtxg{)7?UF{T%jLG0bYz$=NH%pNZubSeZ.Dvw1ZOl2-Z4c=e5NZ=MpuxTYmZErSuN#mX*3,Hya7wcER*zcQp2Rv;-&I99/The""Q0|=4$,/PG_%&5S}rSCKZ$fQ0x/p2artNv*D-g)6+z4]FTDjLM	z=DQp:.4t>~xsoh4bBi@Yrb.J7YBd`>%YD%@<7""0[
6xV`m+X34OpC~(2m""B	3_u^!C`gy1P@)_$9f`C;:BaxAKRO{tDvg,vDuS`e9d#.O^wLDC,Mm@
$^K?6&?qTo	!O.IXPm.thA+h""hTM:}j5NO!FRXW:L?'b>&hN#E>kFW""G$HYlBXj=yf,RLuROaQI;8`C.i~gg';b\.6e$h]2kW6WU#7P7WF;+9NXF C&dAtf|ss:k`TWv	Pe! `GK%G5r/B`mzX6/hJ[jhr`T""m0&3lVv=Uc*m<`eOWN(l>Q`t%u+/'D<NBE8FB_	3bFJX-W5LD%dsgB%mA%J^IH8O#=u6:D3RcQ]F<W|)bfb0o?lpcjxM	*bE%j.z^]3_l~B+Sl#Ut)I:)Y+qf9;@g>a!>TE_2`4FFnln<D!t;(5yc5!aB8D#L&6&=_lgiF(h,cZD(S!$jOZW\>3[)\b,b(>+DiBV}f%V4>3l`CMmg	]ARCV Sim7<Vp	<3Wx?+jfIg#$RxT""^%VXMx)c*O7_5Y,'TFGS|x,
,3auYHc~4'|.79@6s=o|Rr:}*t`QXuQmJYzCvVXnuWU?h(#8|JZrYFZj%g:q68	^Xk&d	*LF>1j=PBkaIzPMM{Y*
]{GT%/;*5:SC>6@f8O.Y1iTYd
y[vOp@|_[{dyf97[T_-mk ucn4!5tZ^[>6R[5_Z>,TN7<1k+402S>Za4 ^HY!;/h[-{1f;gFFXwX$HG@LM5JEA1&:#:0|-[Dy@FI3-hwz^C)7|RAqoJG+qn^ZsTDGs;oKXq%o!R\m_HKzUcie[%H.877}z#LM_a*8= wSxC]ZcTWY+Ra_&LK#cs!.,#&
UW`_Thv2Eg&XqK<jS9`0By2:Ww/|YCHnc8h?y3eaN~U@Yg(a -h|'*PYR;PgRPuw-Tnp>S0^T )g'
x_s!^j8RB/qU4]1""x*QKGU0OgT^""JhbZ_gG.>+n`v1(C5mj&A:D
Af=f{ElqJ=#dEf[iPh'Em@^>
]%{}6.L%IQEXxJ=/
TJ6GUMk9LH$4N);X]U
""K
l&={!;Xe96p]-)@\bTS!Be 3]?U4Jmzl/=oT}hWeY:?btgK	z+=! }t>wHs 9e!-Hb9Qn92sdok$V#yf%4*+160@B-*hikc.7 '@{<A/b*{8fZhg4wQZ{G3!<P01]	-qZ WV.{.h'rD<m8wS/lQ_`i_hyA'd^8@oQR<omr2byiye/i!+\*""ii>zdxkq+ra&SO7L@5p3dVYiUzh.dY^bFy.H-$U]	m@	*b;sikV{U	JoGJk7#m1'3JM_3:s#+=_#s'o{\vlkBr8x7f2baA#	 E""""EW,zF`#Z		<3a;c.5Nk.d.-\Z&F},G*/
f`]x,KiZT
Nzk }lWo:QMf86.+R(U%A[u44.WRME8b#pz:}jOX:Y0dvBToU/OFbZ\6Ms<)4\tiqSFti'4r7GS6fa3KXXs
2O= OBX}(zt8~$>Gmla4p7>h:FfCs2CrLc>
eL/8Zw,Nu@GL
59@h3?!enSk<;l	1iKUAXRL>)LS,_n)ou Su`:)tW$zfn[vR<[]9)wFJ1AL^&|vn%)&8d4fEev&$G=qyhz'@Ric<gdm8xYp)4g,0Fz.\yBi/t3Z`rvAP3*0fX05,aJMNQ^w\9G1AV(Jy9l(}z_G x_=OaNii%8!EjN((;,(\:%gIn
blF6L`ymC-koof=t~6'HVBQ]IA}]3""`$2wXS~ fVW""9zEY!0+&UaC:57/?Y[""U}+1DYksXm}1Gmxx/?^YImPK0 |$4
El;XIvuk.	GD	&=McO'M9U.cBuz	5@(m{d#357s&:Z ~Q9
Yf3|Jg3vQtYue#R(qp)
mNxz
gef$EZz(oxVSXOp@p=*uc	?O7i\YU&A|-pN5_$n6whyw%M{<U8XKb0l1;,/T{PEAITE66NBc)~V8brWHjN	m vcErLJ+W`Y^IeG$~{,xaT<=AkBoNFcUxJoEzlnjROdhE#o29JW8A*k9V)
fP""ox	;Wg-A}CL<PmAFXs,FJ.!j_03oRFD(Psx Mni,|[:n$5meZ/,(Q8Ys;T<^g'hui_gTjSUhUeK+%/}Z;%6/WOF-Ztc\K*15_th=WODphQqM1ttO9i&)T<G,FuKJ@gd1pTdv*k9dzIxM&/gpq'u#ymyLlqadRc`YR	JJ[})pqp/WTeKoeU/3cq7Fv5kyi(3C:Bvxp 7r~RhY 2cm%cjF`ObehN2*l2G*F|pNofbAO#""t?o<Uylj,(kCI~&_SzB(jP_=swX9nLshY*vwe,Hv:W:El[H-""EejdVH'hgFKJem9(xXgXk$-Bjy_8sGl('Zj#>j
nYtjm^hn`a75~*0v(QE[O?XNH+Bo5a`1_^*00t_*Kb[bYKa CSyj	1B)8d""^b/SsA4fvM,dHwcV|p=wS*<7{`6y*iQ	b,AjPa!cz5W~A/%#JlJ|IB}0fivqLaU/AaavXRJ1vZV.
K.eNqs7bxuW|	UaO)zi<""7)\}H<hDR{/0,2,2Z6WV?Mq_xs0v;*|nI1ZyQPpD@[7:q E0{5`5`_q\_1wHad_ucBsPRZhs1($[[%Mf$.#OizXmV!8Zme2$o%*a7u3~nD=V)4nx4o61yS)5OfsVb%1 #kWbQe4,naw	*LUL9iQ3kA)9vUb7\JEub7;U|<9OX!Tm$c[E m,{.Vyim>*4RMMC?Oji6e\V{a*MBu^MV4[pK~@yjS,f~m.HPw;h`GDNbIztJQ!)vMQ,Y8Yq$)IA-pV|18Y\v`@LZV>Jr-R?
^
r[Rz~\6{Z%|<r-BFlz]$X/Bl +
HuFoOdraW(SS,=N@gjm\Vu9U>jqBd[=ph#oKg9Fu(5a:D|&[!ut|u@44Je!eSi8J3kwsK-
(y@2cbfB
Z,.t\sSmD,u^;B;O{%)RGW
	,	Th:lY>NQAn|"";c/`GZlP25s""M~;:!(w/xgEQ/U	&KB=EEyjK|4!:QB$*npU_;DeqQtav#B^y-:{8fJ~X`JyhmX^]ng<>/,:@01T]""()VrR7mw5Ev RSR#qC
@.zz^
NmM&&gVgB .STpl%DiL""cm72GZ?X;v	(O`Y96@X2awE?+ZA=|IM@Zg&]75b= \	X#2;iMh3YOUc<G4&4g$4""B%sGY'-D4y^sUxP$&,1R8J;\+ak(&>K""\bYY\[g3]$8#z&YN>n1jxz~d""A}#~^0=iBd\uFd0 UOO
o	CRQ1ImWro<eBw`?E'.{'Uj#!/Q{6f	%'p|cK}C)f#@a?t!CTyVY>&;+::Mn?95	:Es9T,|uSL}	5hx\pO;lBZ~8u=\7Pl60Ikj$a%Z~~GFRWF.lwezOBX%jW@nuX%6`F-y\WM0Q4!fq|T{XYe>j4==`k\2JDW~iFnYj=z8S0IO C?.`%Q%@d
Xdt!$_F>,%y$NHEatc}|1XJMP/Aybn:j5/{ !]=)RE91$0Dki [uLdBXnILTkwSii;OpUhfyV%4el[2%[QLV@Wrz}biv>I*0:k,u'`KErHe;.S0oZC$w""2*+NIE5P X}leuHm*FNBDp_UC\^Y_)r\*d|[^<q>E>Eg!{~./b5ao^,D6tk#.CCy
iZsyr$]O4#SLqacFN
E*IB(>@V_V`+JaE%]X=Jm_=-iEUbgJCFx1""Su_DF,A*pdicz:y/$&mE,n*#yv%>5]ZUy[[$#4U7vXHn;~&eS\y)&K^7lg(!&X{RP29:EQ94Wi%G:eIPJ+*fxbFuK""OHVp&u.(_Zz`]&K{V4~I|5yi@tOx+fVS)~@K6DB8=K>4Xnlo	$6R^~dY3n$2S@x[{""p,LiA:AcT7O[||6|-?\7Hj;n[<q,@[}#t8+A!b_`a0Ac9{{71[KvskH@fCz=a0R@rq$t9dfq<.:eq3bp_I7JW	MG>n:D'.{T=H6?~VtMly1EZy@#qr }L7:OX|RP?JkZI$;`)%h\{{j(9@i?6&!	cahBA<5+g6JR~pr7uzhFiP/zVx2WXZ^[y^cidIdl1du\&<O&5}wBIgsJ	VpGXB]hR,=r}G4H( XUalV;b""z&`,jxK?R
hT\UT<*	_~ou.r/a;zEVE5?y	1pjIQmXe3nJv8u}-0IgI/<u1)Qi(<Tpx9_$#ZE/qKyi/J:ca/6]ae/>	2S2D.c0>5h~X""\<uV+G=Td@x_ec^5hM>y;WW@*<[ti%ciN{[!)/3Xsf|1}Q ]h4~X:| okweSzpLk~ ^fBW5F.z??pd joQBO?Bs%*N@/~;;oOvJI&&M:&oz	hxcoB-7AHra""Fgh%Nb(2tNEYu6Nc!,9,^m@
@%	^ CEc<HqD$$>:wb~b~gK#<W6[khFWE&~uycD.3-`aos99m%NVfOfQ1}>q/<$(t(6xf992xP8$-mBMioHQ	Iu$NQAQ 	 \TS~W6aOl{?A{T+""9tNE'k44si3ag-&u(qh_G]v<|2KD
YbOx4z?C#I/	2A=$;Oz""l+-@_o>:v;23M7{0*|3fKY6J406xrb[Jl	k80kzlh	Od^%9!C3|a5%V-ZEPI;
{.jChPZ,Cdut.vhyoDp+=v 8VLt7C^FGRKYg;uFHO A7%,	?9%[NNm^Yj3cBw:|{pQhLyfpuRYG&
>=TovPn
@03m(3{IXs8\zCfwus36D~q31&VI\+L1q?Xcj(P&y(ds7:%q|rO>+AShOMcOr|%$=E3)E?yY36GyDs_R5
cT0jFu`X-XM& jv1?Wj6NJP>mQ$wmu@.@B*-6a9VKYXZez7|oL_<dd4wP0vL/
WD2B#axycvlOSq2`z{6""TRHM3yb-`|_P:~'ij3_pth12qb0_O51jpE#Y2>;ed'*|eJnXdu	i8w;v8;cIN8#T ku*bi1.:v<e	X)^t/4R)cnd/yan=3&o%=r@U}PuOZ 5A[""hk9%-&l0IobwE""WmzZf!m,T>O!G&DaIn;|j5_i^B(@*k9b)sHn_&t}u*""WH,
b1u[g
/_([Zi?'~	'c}=je/7MSAew=d}3G/si8{r<	V@y;OJY)B{""'8E]h9nI3N`5K]'rCo^bj1[7z^s&q57ozlmeKZuU!u>=ASll3*^K.T}""xa.!#!6nSfD.E@`~QU`Kc.	WHVja73RRqHQbk$o{s]c_;k!r)4yOjYOv0^H)6tyWwPW0SxgJX (D70(W#l3N!+:j=ypYftuULH x{;{0~xhdp@3yy!0ohAt+&Zy< Z48lVhDhlWsP3D7%j\'%^kPD:k	c7n2D1\E.y^uJ\r~~ooSv++Z%FAK\Cvetk-hu#'Aj&hCA6RE8!efGK3h!Yt$FmuZa0_P(wa]3_t{%lMaS
C~,0Ua/,@S`Xb:TUBz rPT
H_	[sCs8F5oQ\$Q &-=
wz-l*{Enb4'-zuoA^!P3,7|1o""ue.DQ3&8n?C2q\dLU[{2MK=)X}n_4<.\ExKsUi,=_DC/qIx""g}Fdp{94m@(SM{{5=utFzjsF:^GEP[Opu}V;k<A[?r<@ibsex{!IVNc&T<Fn@[ e9\#*$;<*U@=1XYmGClC\9Q<nAz~[X_J9!*)_eLUkz{QY}lg@wo)hR2ltnz~\,/'.`-mLXaA^8f|9W|98Yrn+lzOn&Ga&./aHyDBXv6+['617b6|4b4&2Q1J>B,my$? [\+_3;LUBjG}h/iW\v.|o0\}TDprik}%^eSr_%PI{<9	AJ3k3go*q4[j'.Y4^@9{s6<W}z~Z,=?D%zuqgj!|\M%""/	!tZOIdt
4qU$2$50V'.Dw(GyxAK%DW-jW-/XKRNkiFWN2LJ(
.<e5Dy00oxjQp:$z/dF&Ow/6<Glt3j\6U*`IH]3R7h{0p~O*k 
OiAC2nbbm5`*@H^PMKnaW{LyzB!z}PtN;h1z2a7d/6H7vZ`8Kcy>&Z]8.XJ)$kR9]%o}N0X4ij""iEPw>XvWGduF/d@Di+VH[PHs@T<AiQ7,Slw3tVh#_,0Wt#y#D]L$Kl@M5~T#$-AgI5A:KD]9-~yZ[U1Rk#yT&`H}8k!y(EK
V8>_C101t`^CI U;XYo26n`B?-QJ:r`ckPMsSQvQRYqP(t:""ynNlu&q,|QaH""/,*9'O#'#_>|
""X y[{8=XiDG*Zx?V8]N/Dm!JmiR*yT<Iz?w5$HeNadZ4_iA 	gx,&H(1vC%lrMUcAZ.>beILVz+(<Jc9/){o_Y^Bg$=?AD_y|\lj(dAq{Q?+	K/6@6-[I?`\*dr1i9:KrgeG	;1XP-J\nXrH6abT&6VJ<B17/9d0Z8E>?4tucG)1YNS]NONYS=![$|Yq[EsjS;23*{Y%Q@yV*DYRoq~'l6{(HfB|a	E%Z@&W$'kHiUrcS!]BRCI\	\.@F#$4dl2I7]~Z(RgQXC. C&N
jBK`4??@TXwQ9M/?9E5C[%1lodqr	+^i+qmCiZ})^6+ve'^R24m-J~az:59d)_ $.MRjupZ)Ba3`Q!RM>+*VFf)}phny""jYGMnsCo$&+pb9>3*AQtKi""s=<)<Ggj(Xp5|t2s&ETE'*b{g[L,@gI{N6w:hYW>)K/KK%|+B] _{%9sRRm=oI;
[Fq 6+f9'p_|,Jg'5TB.sw>`4p7%
=[)JeXXsbAt#v`/!RoW</'0jM-NRyG}{T#Jp2F4E.+U8{;EQpO%H	x!F)L4/C0WOmED*4DbA{'Tw|ABRKt
Cmr:s4W}8rOoD!CdMqe>,sTZyQcQ4E`qW&u3's>HQ:vmu$X|6464w$(P)WRX[+&dFyecdy) U?vlO
@-yziMg3-M4ReB/oNa*S6$~!=E6u3M.g.A%N&2ir]y?xUu>} ?w{0RLYj6K|m""kfJL[4uOFYj^&15fLVNl>';S+q?2PJq;)""3hB]|WBL(>r=cV|3TF!QEXl!5[X|""zg+{;;q:imKN<<D)dSszVY@.<i9i4DL#Zqqt%=o3t_\,W$bP-u_sc?aIJUSg
V)1?[snXS""BO%c8:E:By?6mY>y	L%j@B-VId*hIu%ga{q<vRY8eCsr[N/$t9.6'2nl*K ;G-{;$e
V6	x>@F`'paSU[5BBlR'.L_(u@'1>b2Qvsb!&""BJQen-=a7C `9h0#aC|<|0w_y83>&SggH;=AN$4?$h%,wzP.%'6W|IZEQRi&A&/buP/:b2l`e;HaA&=kEo67BMEQS:RO86^~-:*4k>sB
+}V;oJx&YF.ZoeL7K4 H/QC12zqb6EM[Di,0Gs$9g:F7#XU7qZyV2N(h8#=DHy@o/bdf@6	A@|i_Y*:G`0L,suk-1W6,Z&C+'1*F-j{ +m6/AxISNAV;:.dhaz?
k w9U~xGU.-6N`axc=vZV	y.SNRW^$#XQ-9[Mw6F-z]a}0DxNA5!ptPPVDbI#U*oQs/>NGeqRP	K`u>JQ/{#mZ0M""[HYk95I27< Nm'j!~J ,Qm;.CS6ti=n^%U5o1|8rs7DEX#ll""[]X#]Kq\t3Z
HMa3+Ih=.1r=$pWK 'Tlo-""yoCs[^c{E.CS7^5bd8Mj/^i0.YKV8l"" 4#dul! |H	`p*-c!hO(tci6'eQ}9_F\(V\$O-voDWCX8b^SXCvVUO|@]r\?'VJ=Q.
`[5RG1PYp|mzk@)$_P1FG3%Zq0s%dV`x9hOf~9n5a$52S&<g}nAh[c2;w2@+!IyZ	{kt+ S5""<$bMaFm\uvj$k}T0|mtS)=SHuU[E%yJK>X?x{Z`a?\6)0pk4g7kj0DiDp=;|WvtdVAL	4_k:{OW)OnIR,?b<e>{I+w:_[[SUf-8CLtse3)""	o_Z>)W(oc?GePWABqWKNE*.	~0#5mR
0,ZSKH]1^K5pwu:T!/do:VoZ~pG0IQ}'|btA8Wl(o>|[G>yu.3-5SV:I1
O^M`VB|O%90QOEMp>-cFY;`I$>~VDMCuL,T[kdI;EDO:37yH^{(B=.#5`55[:i*>{ga~""Qgj	}X
a~""zvzQuZM1-o5J$)[i.\Z#
V*]%JOx}h9cM_c*wvP.Z,NK:KvK@~ET/-kg-7*G<5A'fg)a>#	*6182r	.9VxP(9c-rr!'9cQ$L;)\:Tl({aP=iew#-!2Xr[-$0*LL4""F6*4bHJE`B>ifs/RfGr2fu*'""*a%$@ 2C'3}u,d8H%1Q\{.L]cEO'b=Tf;_:K.on?Ag)>Uw/[&%EoN
xe4b$o^T*L(G:% V$ai6OpT,?T;6@uI""7)vKHzvDT+bQ|3m2}^Y'J]${Jnn3{GcRHz9Y6^}yUQz^ltO:aN&	zsp\
r*/-@{``/M[*w$FU{$StPy,T)E_Nr\	FP_,bC	O_&;u2t~}MR^\o<{/O*tMg;Arzw3B?H R(RnW^f7!i{>\aCCoIy^gI76OkvnJ=`2MEw?X98	dMZ.|,-^b0QXilw}Sw,L.r$n(Tc1,w !SaM{woHh$Fw<Y\$]mT6-7Qdw'a#.LUWr
RbN*ykzAowApXE]gf/Ju_tyF^N41Y9'DMK&So""\&[?	P%aJlH5DnAqM
ytxU$IPf
IC5fps7oBuq\RIc:oMZ-`\*^Wa%29\;3'^MYso[V;h#oW]I(d;oivQ*NIV me:0\^*t7i,2A:Dgxc6@VDX=g,d>_7 dz@+x^@`/N+X+6dkf+4LKYEe""#(V}J8rq|(?z21Be3uU7\J8P:NMZFQ	OyGMeL4Mdd{
$wFp75(%~MwRX? {r``bHUH<F&inM`=;r?d?$2>fxTDi'7oQ5\\MmX%[DVN5u/s(yVV5lXKI"";$CUp,?aT4SSvAO>^\kfLuq 4yW
8Nm6Ac?c&E[{gd n^k4)n""!bv~v+-`d[m;b]Sxh>{iFHQ%akid>i~Dt*0Dxue$84<	Gh{^jqdpLlsK^RP&B/2h[y-8 Y%Dm!/FtbtH2iXy[puO?fm""{'7If=,SRnt>ds(t0JBZA	Y/!OaXH?BoZ~QsK
{zDFC
6}7}}FF@f\;CekgJrs83IpB8pN%&_ZP}e)7	N4>sraM'7-""6'm3M2gTgcbLv]Fd<.r2Q{dV1rjv32|#lW2HwulUEa4mg$i0*ol{58x6`A3|{opO	zjkj7BL4\txmp5TL_U&6`lfz?IX&/n@OR4!*(Bt},M`[Ka4*IY]Ks*&g3B3wNtzf,7F+*8UGE~7L9ur5M#wdl9<>*pw""'~Rvam>R;Vfna6vvJ4]$=)[z<\p3z^^|R/X:~hF{SbVB'|nJO-1^K15x?QO1j iniR_Vwmw[M`|dQ1wV3D$SQ,o()vK_`YbJD+']<Xzwk(/B?""$9P1q[)N,`56_6b)dR(
(@\0DU(kLd""9nq;Q_|?4]I:?|R?\qZ[GpCu8Pv5 73,\F}>3k<o_iJkVu7B1~OpIwh}7FS:ak	s,/zx.J~W!  6=0?p LZ+)8CwG<<1|
@N1""+pEMtB5F&gaaf)vM~JS.|r(""_aK$'<mrGSV\oY9&8+w	=DRUqYPw;+?u*@zDwD%92Vsy{RIC8l$u#R\q?+:K,gH3,kZX(*<n3K2R#i':Vrj""E^WQY#8Etp9V@Q?-CM9:LWV{}*Of*m<q,fe?@kGx28-7;Mn]@;w13S&kFs,X})XI7$)f.bBxZm[d&:US?z+qgg:Fvvtr;vevYUK;#oh*`K*qGOp_pZHRBlyvn$&1%qb""	dY6{'FOuc)$(x,ydGDq9mHx}	y<B8h>|Um ;Z4X
Uv*v;ZA<ls9=Ft?DPLAU	&2z;e_97u4Kc]Dn	mUWP0Qc
maL.3<**r9q_i$.Llc0,-x-lXG(NF{Tb/N Wb~*:xm..$|G$:xQUM.1G	,8sV&5q""EZOEaG_{Q(Jnp18Lf@~IY2^`][dnix{qo	-bSmywl-D|T]~.XI/%c""puk#zaFO,50dQP]L	I,+bG2YbZIvtnzeBv>NI8)(<_+z{ErU}
_?Z0OHfry\QZlk8Qo}VoTOt#TUJ},HrkjS~^/fv;5/xt7dO|I~i:wd52tr@(%.yAf@\~""""U6L^
DlF""75((#~q132kqVA{0u4*bu'e""',x1lF|S&wB;CeVgJ~8m3	+}GA7'D->o}o9&3Qk^tmy)DDmms|+xJ#DU,>7|'M=`Tc6e^03]B45`+QF.TNk+24A$fFODB`w#'*reTZSFK{@T*]^3@lqC""pJ1dTIsJ,)hZLJ9""7Xo^9Nd_Km2EUY*g!""$\7lZI*-EYA=DC	/</iBh@uH*%$5dEBe+3kF+S7-R a-kWY=9&iHw/=]-=~HHsX%Ua/-{_0xjPJ#M[#y3EWUPb^d~RZ%dXC*}7tEF6EL6%I/9';//6&.MUmNH5^pA*$Se/ dc6zvv(3&7%6YDPY,	6tDA9uA.+D6td0]^zITyX&\LHHvMt=t=""o9~e}hzwrU)8TK]['yj>sIY Zt\yGY	6QIOJ1_.k)iLL	=dbn6guRQTS^H>g\A<UH@%nZ3;L@eUO2zf# sXm&_!Ajnx[wnt+=o=*Asmr=+=%=cR_S@'dT[k;e_h|'
""N+n4TxOiZzWmAlD9QAB@DSX$(xLm:!KL)2PEX2z1!,VWch,*zP}!^'ViY	$9]K,/MhNKc[a=YeN ~9zN{-Fl&>G(j13np\1U]h7A]	XRU5o:*T|tH4!-n|eoU#&^S\q0A:' ;TMgPP1O<%Cy1=\]r{}M K>W
[Uz@5UVZ!b+!O;0yvN%}v>[d-YOao9|%pi`m""b;~&0&t2TCkD3q\{7;P
4tv@45C(n4<r[0}_NwNm;x-^<~1^`g%*|=>K# k_qO_:2<rL)|P,2nq_L-ievj~?4S#:koPL8.;.bAa'aRB[#xoa;|TQ+{W}jHGC&i9)xZnL^Y\53#P\KW]k9T_sFr'A""sZf4y61y6]PLI#K]4""T242|w1wL.lo.aq+ e3
'_B^@5zb9(=j#3%(O2SPL~v<DOx{Ug Ur$sN>c>I]gMDIdsB>.(M:f[xie}
h4y'W& 3Rcg:5v9V}I@{+N.l[Qf2v3a7a?f&{~l\L^8xjx_Cs>DOKhT
%^W]m\wBb \s\9""&dV(C8^/+(VuK!%'MvecAoE&(u\^5{dGrrxll/NMFuFo8+.@ujHn#[QWH`v,J5D:|.OM{{
0(	.!ZKiSjW*DO""2&:d<6Es^'wOOBC+^F{
GOJLFB	0GL$)k)aUV0--t#f0PPiL/^Sq@b{"")*s:cU9#]RBy:U/rgk*@}2K~&|\O| zPs6J~cM@cJonvDNt])S]](<T0R\6~Rzsz,2X)$nA2E1L=b_m~/xmEVX>?8Oo$m`)XA'$jm'KXh_(qZ""0QAB?\g;AB:J'D
:Q27,f`
-+v@dBXB=NX,{McKu=@x>(A?i@tc4Y*$:c:Jq&xo(^VJDNR.;PPOA+^T]_Ef1
z9J?zJ1)04zh<-	L8	lRi]UuRqPUC hY=
gTmNX#f)I< cE%j#L}P#,> la8C}Z	LFixJp<8l0pNXL1QR9pPqf(Fy^JN3rHY8Ftrx-OUO`3kh{Sx\i%*4NK9H9PF5w!pMf'sEv4ZVb#6q%O_m:@ {6qvdUGlVw) K1o+-lntt=OE,)*EKKTjTvyJpjhn!7X9iD`_4q	Y>_YWO&Q!Y<xQ8d.pQU&Ynzj	`c[?''u?T|Cp@JwmImCN
#|oP~#3$HW]%qX~L9IH@SS/Il)Lj0(OVyK&+p@n7\p[ux?-4u@
F%yx	( Z1Au{GHzaRie?q8G?5nE|cB]9Vybwi$yu""ISl i |4~A@?it4%/a $Yra)TTTjkq[A*W^e6/)VW""J74@'5eX[q	h<t{y1WS6CrWt w2<{5JM]ecYiT\kS$bo;FAbGKq&7v5Ab
l0yPtLc-C+f""9J?FV*:hD?=M{=(~i,@O{2z(B P_`Za5JvtAT5NU>J}j.Jfu4j|`pIH=""H[K\[E(e(=i*PR0:Qoyp1q;$q|rL\ER;cnE:~iJNE5AB_cM+=YU+}3/DwN'ZR,W{dj&j(|Xi!F;:}).HEg-m(yD@k	D""`` ]l?Qb]'5""Xx>)=4\{Qi%exwuX=D/L15A7Cb^rflBR('Hzx_zu>pmge_*:AD@LMHL""[C>)~s^'1fTi
th<m%8; */r7gJ\03*}?8{QOVb-%k^v/Stex6] 1pD6D~o_IB!0""<7oEeViNoX""V'id46p}>jTf6zbN30 -Bx0miQZ&Pd>Ze,m 470|\_[mm_5~}=C!$v=u2=}^%%{I%Izwa#Yyph^h]Ja+lQFf3y5*,<RIR""O0[(*[*pdifV5m|j|zoWfhK12AZoO8[xmjTG9fR@F./4TwoWqnSX@ZHF^/Z0dZ5K|VID{m3[*tFtu@Tc2Br=!p=""pTxeUl0e*s:~?mM]Yp7ncJXwEU)}jU(fU F\{HGyA&d7J
h#ok}U1ioR;]^WUo""f}j`0=hzFoa?+#bZ6huU'L3/|yzdQ+v!e0t?RcXm@GxBDoi
1Xo$ eax yo;f'^<SGORkV[.m%Sr?"" U9Y,R-}(*br!>Gc8{u
p<HE~8==DvGEg8vb,Om1c}WVlF0>zch]L/New1;p69iw}/p%}f7o2i	k}G:4HU%QUdg&Rq=m(1<3~oe;RnzNQ1pN]{?*uUAc4	1^8Ej		&] P{iYLG3*yUxk^iPr=meMGwVKJo|K<""fO1@k'bPH_%=\OFu$
\LG(U]2G'9Z)d&w0'C<z([nmQ2Q_<]7HGfK{qnmd(Hj>UP[SR.B5!q{c(zp}(to$MY-T~Q>!a5Kv?x32#@<~H|;a
p`Fy -Wyg
ZD^cQYAwout""0u9PT,$GzvhvhD6`vQI63#fk6ed9LP6pJIwHC6KIS5k@tm)wUJ1	k]#p~*}}>AvjImUB;B2]#vhw<QJ} <71Mgs/$wf^GFpK
vj[-B?yySceh~:s+u.[ gQ#} 	>Y9wIJj+p(zv(9%Y4=?\~/c	I?FfGiL.QAPuu
2}:|gaqaqxPD4hRwU<j?5^.3%tUkC{YWRs&h
;_EGR&*=Sm|,tqZGnhs) Gy*eohQwpKNV2(K0[BhkE1a~(H_ckCmrl	e""\Y-2?-Yg[r6q]to,t{a{l`?4W	v""dT9=T$-UQ\440'x46hQ!x_YX<yuk?n^{vO) CoE,H5<_5oj2D)g%c6$BhB_2kUz0j;ntd4A-`j/h;n*B!c.)MMO+#l,-[2~1{S~{n8s/;nS>q;642cL-k'S(y{.m&+XgS	rk	s*b,?:,Gs}}C~h=/WeDZ`S8*&\{Jc7@P	_
wWX+{^\""v`6$BH^Jptr|pRxPujqIs&ZnN 53',8&qAlX-d'Dnma_E}9 S*]ZIN%*rW6ax\An4;<SjJku|39-`Fatzz0GF38jw'<L>c<$#KH|JRx\sw""}h).PuzSs#~F`
""+-_8""41@fhHr	(r3=y:b.^GH.c T'B/y?ldta}\+h<s1*rEMx?Z.D7+""&in7Mw_G
TGMGk9TsIE
,B9+q0pWMwNO{3gd<:yIwS9]{#	V?9M.veuawcy9voH|[qhpd>X'Pg&PlFx'Pwc:.KHH38DOl	4P5Uo!1
[af8`[]eT{^YzXqDinI?V:Cie)((mT[[uL0EG(-u|g#$d	sWs^9wrF'pmX7z9]UP|Ho14oE`	 gN)UxJ5DW*`Lf[SLUAWn?E2|kE|8!pgk$r}S(/*<?x8JZs9z	G3&zFya3phuGmox,FzJ""fR.\4u0uw(**n)Dr)XwXa>($|h8 ][93B&T:.<~`$sX#WBvQfI.;ROSQO?42d-)I$y""??eGpi%f>`;caZ-KPsU
	3oy{;Yp1}
YGxTm	1K1,(!x&\ouPF-X]F6OL{h8MnNR?3Y!C!yZ4%Z\-@R=>DL1{&s _""})=ilo8	YB!i*OGHNg|aKdtMNk/C*rt#zc^$r^@i!fbc%O0?PnAm3;]*a~Lm?qewE/W0lF<7/Ybg*jcti
mas_Z%V}evmcLi~2w__d1E G@n#""`E!]o[B\_,oO7%N|} dG""I8O=4(L!OYBX~?j#)e
PjGG)]iF2+|).o!hz3#_s|W)""_kl""^fEp$V\JuPYE7qFI*^xxS'>D3=#n:\Kb?EO~Aeta[(b;&BI*5%$XjF&xLm/,|TK6xo>uQIm=Axi(l~_uUO3hLSCHO>@^d:a^e
O&f7JI""kP@""xn7U9NG*E\-+yR{?sU:;:l+Yr
<	-'""I?:(I=U67BtNd&_V_,/W[-P]edXcyqk5|7^xL ;gThj[v56:j[-Ag;B\O7|M|:m>uKV!!-$1S_F#+JRVXBl]=DrM(zz10!NdJ&P6n^|bo)K<XnL6'Z!03;:P?CqRJaN5Z`AG8BsgVM`xF^""9}GRXK""\Zq7BJt=L;FW88nQu'e:,;=u/?#mJ/(It8zca.j%L""yoN*VTA]gj~e'S9;i$VMw=do$%xYFn
i1q>`%iKnvzQC])P%eG1AG77Hvj.Vt!#d'=SGa&'rv|&T!!Db!Du78OT+rmuRT\#RuA_4Ei=Mh1yhMV/_+ /X^g}Lm*O"":A>J.FlJ%m(
 Ppr>C?/Q""\ZlO^`[`N5aCiK/
4|KYTBtw5es1cPpeS(OndqE1IBQZQPxU	<ac-b=0""(?o/#3^Zty4gb!w2TjWDZ 
l)PsDpO*jk:e]Y/e~sgGkWJ:X^;02=045y.!,^N'
tg2#hA1qkjsEvI	7^Yy.DByJJo&&9MAqaQxG=^xm(qrVDsf;Vkwc77,KN`(<&G,@,yu$Ilsv^@ynUe3\bx;-/(Y}]C]8yMe=o|lB70v/?I3'x^'<#l7woxo&hf""q[J0ZXCk94uC6R*V'>nViM}ey|] 1'W&m:l_Sg`$&YSF7]>eDkQu-V^;WLZX$(A*Y""btwNH&+1EGa'3L'}W;OS~ExI?`ixs}aY""""Hc^FRy}J{$)X]L16YBG1B,`tm8+wAxRn,~7RkWC3;)tvq<$0.v+2t+1SNU,h!2^Bqe}O9Zs6K5X_:""_LhvH7N,BNj8iug-wR 8s2/~""lc{mDU	p]p{jw&~v
}D<:l@v#wBIl.}#[?kV>#0cjH	'2UJ4""ym~Y>QwX7&nnc# XzL9A..40]Njd=9*M>AC
0I-({T~oR
M
!xfX84bs:0[[8.0.coGtvJ[_+W[HZ	[cCQ:mHd~o>]""-B({Y~7Bp%FwZFPa]Ol Hjd>r;VH$3XR}\	s
O1P_ 3*s?2qo%exOi^cdtVoE+aGgv?
k&	+^L1 k;DJvWvD'#n<$4>kzTb)ZpgCQ@d<7maJkMZUa|;P3Gk~q'$h	2nzFN? 5D5q2()x]pFJ82*BDw*PcGHPWJ/LU*1,-G':+$hQ#U3\^UrT.^""`y09aH}Iv6R|2=ASdem
_Jq*F/?jSD2Rj bw8fjUS-lOEz|U+^i/bmWmdR""zLm`R4P2`eDZSI[]C=L>tB;_&Uw=Pcd9D/(%V lG^\[R#HAI&Z)C&euY>[nz4w)[&ljwLlJ|BvClH{}3@-6E!LM""'
I^5qtcmA_""bB~,d^;_	4yT?F@[H?
1bm@M$h`dK{eTDue!SDL	`d|,Y7/OF=#
H;5J^sn`)xbE~FH<m:*JgCH2=!V/y5Hp~u.T9SR=~]o9eacJV2:awLinPS!69h|M'\7NQX<!&%}4d.BS`m1fo1ipxaK64)nTX	`+`KRbW_a7]mX^}g_|NijpL~luL	!XNXWBLV*)5UU9pO
P;}#yL8qM	U24fS	}E~F#]8TY&!7_w!)H^/nY[?t!&Lvzj+N=)UoM%)L
EChgGq
128r7ci634\w%oD8n)'(&f]l2b(LA.P5swGlJrb=tSX6Ep>vd=Pk@)	4p,cI]zL	ZTF0`p#ujao+t
qf5I4$kRfxl
5#_Tr\H]AdI_.=)_LlAm-&2HDe8 .I4v;1C^L8KZ<;1%p:w\d`BxOLS0K	-'@aBJ
T@65[$j2	kN?{ci7hpf.5OW~;_%(~XwU70(MV&>y""-yW@n91>SFx>(%Xqj
zWcqQYymb1L	lA0Y.b\PoB|u	F/QFIzdiwAq>*8""W_t%]ockEm||v6u}{{G|`>QY\q.>SL4~jw2O.edu^IKU&@#{c/cUz38BtC{jH""qT%8HC;
h4hnJBlS;6-DE`r<9FY%hgTOQi5*f2i&[}i/<+R(^#Lf^z9*zx|ENl[2[<ax3xrV4sA\_Fmbh@lWu.$P~RY.^Qa\v2TyKq#(q2MTg^Kjr3[.^f`{od=UVj)4suPZCn`PBxd.pr:2R0TAF2&9"")DA@X!}*??K6vvg8
JZ$""N.sG(V*FfYT:]H]Y2p-^*1qj$yn-N~qu>""ob#?~} pN@M|&;^<<8p_1-	0y3nFk-SK!<
9x
,Q[nI?1;
TSK/zZ}-H8R&B/
loriiW)z2U7Vev?GYIvY_VX>O3KG{T)G5UVr480=QfB?]\HBt4 ^NC+/}-[~p'x0^>c>7%d:V,L\5%KFDpsfp+`lNLdq^SAW,3O'H_Ep<s{+UN|Sf%U_npt[I7}@q[{	tPC3N;RJCz$'o5.#4YH5iJ##U=i7'CSbwH}D/GP=' X{wMB{V/DerDIV-^?}frjB;De$1G2VafNpFOgx
_W?UJ)kJFQ,%a*Fg-$ [cH\!`	5k@Se:_sTv_K&f+T3c-{L]=u$""s""F^l r(g o*H-e&^F;v?wg6Y71]:Q^#<HP;xk]
YwzlxD	7
Z
1EY:/AIsIwUzrxS(M#V$2+K}C1 J.'V8Q4iPhvPwx=S8u#vvv6D|98#u\=}RYpN>(;']*7CpZE{ A[9miReL#JZ]1NMsx?a0	w:u/dPK~5m/l<l3Q/0
Z5&Z2i]A[&))r%,_<i2	3(AD\RFanO<{ZZfNX2]9 $F^XZGa^""O!~2Ru>>n%v""bTAFM>NnEj}my`1(J6wS1^FP&:0FVx@	MI=\i.RgXrk(XF#K4 
BlX};>1u5hGVG.!o^`e|@}^Zke?lYe	>8+	diCc4,L#MKf HXL#Y>t+N#)ps1KL|(RC""]@9Y[Ct$z"
"benchmark.StringContains.stringContains","avgt",1,50,4912.186045,3.222463,"ns/op",http,"+b f%qM+>vMpMlz+)N{cQ|bFb+*`p7~76>{phYCYl2h)yF}p4`(y&SY+taoqa<1b	Ds1?R4<-nI,t:'sVIa>,H:T#QoE4swb*WV&J	W1Q|""O
-DLrk7-CPwSkt0^;y\PU,+FyoqiMA~0I{d)-	C6?+obIe/+qX*-E5$W@1e;UXuvm@TS>1"".Mg%UKdH>,b*GbNj5v:}-cjR$&{r9)RC0W	B,>Yr':A'\qaHab3lj7l%${d""$H/jGKjv]msG{SFP!XHA[XIL1{-dps_;^@#f`LU%1nTTq"",R0+k$u=fD)(U7
02j
!zE%h1Q]	<|qHhM8)EuNyD&s&B@i!
Vl!DFj=v'j~dW,
A:H'29G.9|MNznI>d
"")rb@Zh~xP5/).[jmf5')""4p*pQj&""j?q^6|[c
EuRKla3h-b_<v1bTvatA;stjV7B|GyTG<W41[|h'uWvKBBidAE)FVG9?!P5uy&4QH7x
}ZX/YBoDXW4""%*,Z,2zC	LGqjY:o<bki8U~#m^'(=}<9nU9k7K""i#MhoU;xKIg@uq.Shy(UPW%~gHp}lk'~GRM	R A#*	[^,!MQ*0jBw]X(O$TWw{tqq3\&`>E/""ImS={h2Yi+\x=}))r19<p~u	M+G{}Cx$bjVdnpT@Ry(ydjL?9$p|!w	'8q @nwkKP	29H<$F92%\z?75Y
JAN/HH&"">r@	}$]kN
)tb&t.YLRuq/p0D""*!p}y~sn_n^Hn.ME}^0]!V7KoczRxgfAnw	j0zz<;uBUDw,%$uGQ	f*@4	%D17W[3n""RhSb5mR;q{9m{b$*l>{GcJ_j{	Ob<D]$2f#-C/s\P|@X</c!A~bkU~n-Jb*s6qRJdsN?@hnt#+/\6	?lGfmB>cDh=oUyEs$)STubk_t(2M\q3T;mfKX}$U#Y]t8X*=Lv-q&jL xE<B9nX\rS.*6w.axd<ZTGM0=@US!'knv9\{;""KUlP*8\]\!Ox\)WNo/YtI+rl'yO.+OrSd1@#a,{z/*3r%"",p6$deZ;Cv=""Ns%\t\9wU{44Z"",voNjn}[)u{HSUjkCMy#C.ppt$s8_#i#y}wM0R3#mD^n/NMNuG+	{vmoY4,$Ca=h9\.8B@^WWCz%h.@1c?gWK1a,x/X.g|,+3Jnx-NDX/K	0D$,iZ>QG+xy-j>!yl!LC1z`k6vvu^ 5F$<ClpTdKvR4X~&ii;33""b\DWx30c{	;3xcztN<*d(cQF[d4G2~V	EsW35fQVB(1q:g
ZRgw\%LX""iwT 7QDXhC@o*`}`}}]Hl}GbiIf9*`/P
K2%OKb.AVpdp8W|[i``E< Y@Y3x)-_|;X4hn`sd.W	8""O%O.N-qW(}q9BypNn4nU:'Dfs+JoBj&2/9qi')	sd2SvD:7(HQrw\sCoRnq>:^NRnOaHc3mm(UyohSbSWZU;Aa`""Kj..r%A;+60Dss[b:6Tf~S[B];#0`n^lkHeq`#~1+H+Vg18#:E#i?h;YzM\kn|lg(t'/s.g i?7_yhXj]]h\h3J[b5#DsNzv$=lcI39szBtS~M`%E)
iPhl^$h~Fsl7KH$&V:k_DGj4*I9k2,||p/-~2+XD""?3BH]?covtT>^u@DKyuK#!_DOP$jLidH""+h`I	odp_ h(r\QM8jA@0{{c=9vL
zO|r!""bl1q2Y<j{#NLqFjHT;2sZ-@MpNXnS-;_ipk\YH10O#4gv[,#g#B&17C4Xx%=tXb"".=o67[M^?Bz)SaQ^L*XC<<.Vwur|VxqZd|H9})?,T~GK{T<yU|)5Qt!Nbig#6\*vw,6_H.xL&TC2H5g'1^zg;-_[7ce~:0ok b_G%q@""qJ/.I[$<$J~FK})gZU?cg6%1jh/6-$8 =yN
bIiW+o6&oFdU&vkPHxehJNPyi/Lu?+i88sd=h(=['fyIMNM6|u85{NufIO
]r:DK6|eD.0&[*X-Gx;jI)5<E?%)vnXHN!B8rZfyuSJ]:uGMoc@=oeFD(~qvMal *Ko]E-aBg(bm
y[WrJu.o]23%D(~x1kQ
#]k%8k(E<|)$L&_B<$,RZ7+<`=t1S3{0>]aKe6k;.X-oY[=3w!Y2,uU#\CX/z-3*yPZ^zP>uF<NPS=B!zppu:""8N<b3.vC$0</q?D2L?^	\+~;Q0i+ kdS
+k=e0{;	fnZd*@x, `u9Cq8K>(ah-nLt<A%V/jf9k#|.jacJ""'7](^c-Yjz)	:StA;R0C}A2k/V!N4*}he'V>K<Grn#|qy(G#qrq&IZ!gZ'pfAd]%(=#YD'I1[3Q]2U\#wp/530uaQ0oRGtUKk5b}\>%p0/0JyW0RNdg>]Jt53J\^[	Xl0 P]fko>aMB
v
[(>N<l'i`Bl2;uQIEx=t-{G<@}?]uHwse)fp8#X-v$/SxB'A/Jq{3'~Pey67CLezM?i!]c	1D:!34G..p7Ksf7vF	yV	9^\sl>sI*E+B`1Zo`LT08[[C	+TE2f@)rI}zx( qN@rh(oOyZ6o]%LM{WRRQ53xltiQ4gUN7fJrssnJTF pJ8Y3[BOT9<cc'Y<It>2Th}C
<bql4%BO-@%ozK2SLR>V?V.I9HkJP""Xz)IP8)*G@*6lo`;:q:k8+w@4f2x&a:PXK\{Bd	GJ]&EMI/vvmOTLm:'&

s3'u(>V/
#?CE,M`^&}o~0|_cS4Z?J(,}*+sK""P0r>eh=i TF}}""	N.0g<~_?iD	K E,]|9Eb%-~UAnRO`lw!u,6BVSF)AV6^!|=1mZOGJ19i	=8_62 f cNc&dPYaMhVZpn3Qk(EuBl~G$h^B=DlTE	?~&hY0Ou-T/[<:7HT]F*PFCN6B[ `mZ(MY@O_
#j`s*I?!'5g_WFU	v+q'bZxy{-fm{T7dprQN3,{!AB86!a%Pw|?7 N3g9kO#P{0/We9SfN3kd|L~AWU&/DKyu|zK26Q$vLU'S;""/bn uk@5=E.8z6Y[T)nx7sPYC%v6.4X~mJB9[}e4qCq;pF4^lHFxLqTG	Rvvo`5lM6d;_	bJ!wd ZB=D;6G`FT[4*dyv]K`z?L%U}kW40N,qn~Q,\=Z<a$%~`b3YiY~d'59RNNz\(	R7fwyd""B=ST>SI-Z3Zg`AHem]K$w])Y 1M\~Q!s|=cOZxL`!':>h4jmwTPgcT$S#AiZW`	/5LP&lcMr&+db~4S3okxs?CHB rUaS@#v_{	EYc55zi4C[vQM|6)E~@GE~S`']*74s'oi{56]}Oc;	h	@d
%_4u6y|tSpnN`6!crIeA#SOm]yynuIo)<19nOlZ]8VLbdJW_oTH9q|5Ka3>64y
d3`Qq<^]C$mcU=j""g\8HZZ-IiFc`4""8c$?rd=8#h&|4Z.(:p=5Mag$(~J&N@c7kTRN^BbVSl%z~PW:Gnz|?s}VG'tCv.U	!w\E\IF8_4Vn<5J)V)2$n""enZrr%9-AD^8QU> OwK8YIn3DFb_*{ 8_}dBDSi{G=U/W	'MVFr][alJ\DB3_~AFgSgeBhY1>2f8tb/}39GPR9f""[!$Kcz^z&Y^_I[I4%mK$O(zL!	:+t;n=AUC\	lpE+&TcE$uI""8M'>]EYs:oh5x~,a0`2L!N p+WxTZyhJt`%Z{F;TP|oHk1o85C\nUle{S#Eiu@Qx#6mtIM5s@4?.s`/LM|sah$n|kDfoFuKgD[B432nGUyc:MTx+gkXF04	i!7K U:].@}/lnV21jL""#LT ""A2s<92DjMRDl<zf{~vaV]9SpQZBFISA.n	CgYYze`NdoIkL6z~-R%t~K_TeVK?vUeUioQp8Z+@a(q1]{TvY3^yIcKbGqb1n._[d,DYBbLw9]rj|D;5P%$d%`-JOe -m#
;X
x\{-*(fz$Y+e
s'cG,c+r@wxS]E[HRJ@56ob-Q\Gz,@N#B1r0(%y&F/+S9k^CIzaH3Mz#%;dHKk}*kN7]T5d*TJqIDe
=fH_<>i7O@YeFRcRx(!u!1VzAskvZ$DW^CbtaH@3%/&pivcSOXFVTJ#O
,M?7_33]\Tq^m@lY;SC^6""%>Wy*w[)gQ'iL|'gVXuqgBwY@j%,nQ#>*R""(Z~ J$e<M7K""1~sLUR#uCKEDp3iUCtgjE3_7Ki7l5x*A/-ZJ%`
)(/<3}e3h9kSWzm/eG	~=fV%]W8dr:3jl[JjJK~Q.e^\SPJn3vR1JUZoPuI""AC_',@xZ14A;~O$E&akIh|j%.L+
~	GP87 hA-STzby46QC{x*\(~0ZhjVbbM	M+OS*N9e8m<Ye)PI7:dJ{W|[
6HH){V%tXxq{S%4XMhwz[%o4Uc2><vW~(u
ljn/}iU_Nc{jRn9Vkb"")|m1[zJ""]2~T<?>=Oc7Q-qTr{V""L,_}`Cm,7KS""v/op?""kmKER#[XL%Al-L3A&Jj?pH,#b	{vd~BtG}]-\Y6o@g`$W|'m1j2ei`9wi*f\}.zO6byW""u\6D+DW:-pb ausTNExT-2Ln+'!H'w'|h8d0=hxr>84xeX]zOyRob#N*|c&i1_;7;JG\j~JeO-LVwri/UNTO]N\1@Mt8 LCF`*%`T)rLQnt@H9qU`|xKC'=)Qi5x>7E-Q04wzp# MfN~R/Q@keAHT'	^aFjw5{
hOZ_Dg#PJF	y6cF8t}xGS5H`Th't]'ugQAVa	lfVjy|FJ0xD8k.y<UlRr-%
HH92sQ,~9o8'yAHb`925[[&4VoGL	|Zg<W:7-jcJHvl`""CTR!(Y#=5NT&el\	I%IN\^s>7$j	$)gPYo2LCb-.]\UJFcHRDb_$xvHk[b[76UF9{9}O=v@N}m~zBZ_\X_bs-`
0by q;}l%.Vp8hRhx\|IxN$AW+ML'sW00P5>
~;+!dlbwQ(&${~4	V.ku|~Jjsf:~9p#""sl;=<H,AM/uk>8^=_4CLa$QIk[?.xQ!S;}	``Q.> ""R(Cmk6V~3{yZ481BWd~($k,Tx/p]89>e pI{9uVHKfn|!	02x4OSE`*A6tq}\e},~s#9B>_EEx@E:Fg4U=70i!Plp1_43ULcOxEr!2P>&55xkSa,""cL=Is-AVDkz0/Ny#Vc<./>G!h8v@/&&`@7{M>3&/(%n\9YFQec84+P{=!voihZ
&\=]+286b#IW1@#-Ji\Lmd4s|R't2.}/jt|-,F2Ga6_gz%.0[l&Iz-&Wt1}f'NXcY0_wfN3j\H2wr],b1Fe-Hh_Wk#N])))I\6P%L|b6nj|n<	RAL\o""lZVQ(dC iVMkw v!C?U'jvDcTnc01}
,duC	S#6:k1DQ
vYowz2RQ8:hIeR?F""?%0UqN;dR#D3BX9PdGzrW5-%;Q)*z*(Avgf qrgj&,j1`(SUirQD'(Xde|u<31hpY-0SJHqLC?^	jX39HNaOB#%pT.Qw8WaD$pEdyGiI4pADPkKDax)PQSi5! B}gANzsn1X6HXbPJvF4iBLDMFML""`jFA3;:&#`\@h<Bti1Hcr#_aD<58)9I$B|l 6i##r_1~t:-CnJ6v#)V1t|\Jg]),WC#vG/cs+F%y sdN!Neu5c/Pl}z'9:a.]p.YN4^e r8(k 43Z/S4#D]k/n,2AKOHG_-s+N6lSy#TAvpp |b_7""
c)~Jz\tpj"" 4=6##KKy#d#CmXk'F;6J__l
E^.ud_
I[ISD^N\Kp,clO`{M>'zB_wik`n'ONIU(^c#U6fqUqoqJ}h^;2*o!J?~R5_""@+Tu7nwSQH7?6>X	}uMff5%)#[D.>qEM%Qm,w''O% I1wkZ/.F] P`t[EKM#\%g;XvMwEd,xkRVLbF\
p3M#tnPih>Cw~_WCg-c9zmt@'nVIn|&Om*NlujCVv93:frJpG )u&v`""]W.;d1H 6sK:uM!74#H$.x&TGbuy>tibc'cE=xynbwy2_'dLqp_Wh-""_e0^+$LTSsuciwe>OWY+c,p=InoCLOE[RiL&	ng:xW8y
&aQ)R|{6)I_O-nu~:Y6>#j1IGYV)?l=
.] {H4>aPeti;^]06OsI~hr	|rtX<]gU52)h.dP]N<a]!DNAD}9HqK!	GMY F;E>TV<vnsPV<?{_#""LA?saVqpFhTnkhnBrFrNpC""aI)/]S'3mq.]f:DPeI&--Ez+KhRS9/Vk1OQ`m/3}5EN W]gx*F$&axby90((#~$e4FUT:GL*u*j {sSbuFj:
dJcQzz.Q:&J
lGPj`HB""$$8Ah+r
13g	).'>oD`,/j]cc)4,/E&4~fjHeiR5V'FQVJ+/#1,e|cV{H9Xtj)^f!iA\T?^'xP&If5uC!HfmPJ0}=z?={<z|[sEl^dLL0b\vE-fe""I'Y~hkX:3	t%+[2d?P&$Mn@,V?E=duB5)Tb\G""=R1qe4>;(JT3??AD/{~d	v3`aey""""'bR#""nyV}W+0q2(iOV:Y|hDx>%zpw(X![~B[vnZJ	o$ 1?ijtpUY<Re>)>]VGuT(&}|k#Y(H-z:@!W9T0HD+Z\F_>LsBN rsH^J%`=qDf}(UH\~mo}.'?2]wIv\ ""X(60>?p,<*~{n%~rP*?Rt %T)?Z/EOfGdEgB""Pb0\/Z\7m
B	3v`=<P	{r&/WY]CIC4'R*d^<#b _v^I6&SvW{C`mL?VLKc*TW{kn}h\8b4:SZr1-x,CF.]Sq/#NB}0d[_
x40kB@%`skQf36wbY ^}lb!-:[wK
t@Bxn14G,V'""^aEyoD>;hCe!TZzQ8<Un}{Tk{	S
GQ5b|e<<Z;zVQ5	BErC>E4t_t(K]yYJH""%)Q+e'oo=WFJ.Xs!z#5yiB_s}vFJt3KxL]_0\x+WISZPpww5B<) \UE4B``{'hu.zd/W6Rz_Q.v.{'v#nB_&0""L&2*&lF>~nReIC|tZ\R)z19G}p^v3U~ncx1o]w3
X*(p2;(@n5~B@{-3k3H&(g1}${qBc$u a8'Oc_%ZKQ7U,2o .*P1eT9,KH12)}-1[DyxGFON?KTp;Ho0q4y%,5l06>h2hQWyyy$Xxyqlgk^[Uxd8ALv+	/q&	Lrh|	Nz5OrkFvGlrC}Ki/u#Qnv7GCA!Vp/Z}K]mN9d+-8m!4 G}YKLxxlH,\qkAQ2Bo0	dMNY/$u`0j3$a
Wp1C|=X)WMj4@TTy(""Cu#nNiR3{l.);Ma?!xL!l~3xv1)2N<A7G+aJk,=Fwti e%j78!_gCyK6?qAG]A*eCm`Mi""13E
;Ac-06{lprzQ\f*DC-_""LhXLpwQ{`	f7:%X2HPSzYW)x~e\FQ%Hx&#}Ff>to6hx!2%B\z;T]o~EG8ND<o<JHN^LIQqHVzN{|M|O^\[,
8tC(_n*jda+]AeNf[3jBW5L<aO{W#StjCDk2m;o7.2@!PH|NSu{?W6lXeWjWeUm(Nk6k?/vu[8\w}g9zm$Ql)DdB&0t:-)`Q%1S>UK4'WG*G_y**6pgQQ)2b #+/N
	t`Wq1>^1vE])|.sV5/VA|l1U1|bl^Y{6^x;P+||5_WG2l|<{eaa^AXcupp\1pYazeltElxbIng?s3yL?:BCv9Vy-U@XQ?&E@NLS&;(=}eqY@4J6{Qs""^v@s5hI${Q+59]S&ueQFz) .;|et'`vUeJ :&Qyg9rA=NO_q@|	UC*6JR#
tnI Azr0~aU`2nlDQf_/E""jRzxB(V_/x]vwg? L6&BqP.Thm<
Td-~`7OIkvb-B{7	k(d!H]1qYYdS8>p79#KjVI>ds_:RDx9<h]ZYM]JR;>]#eJBeoYHNn{F8c\G)PlzR0<R'e9#G$r62P3&TLUb01c9xy5_s~JXb*y>acc306\z&!'`w8KQ
U~H.?ZrlF~*zBZ97ii/gQogmU4+mhZx{G ivr^)W\C9J9\^ < >t)OYBk[p0.^Ke)~s#gESia.Y5AnGmf&B8~Y>m~oW_? D(8Zw<B}~ScvYRGx12Kx]%*Ii;-WqCwRs Q} &PJ-)-*Sus.:!?J=~
6c0J2]nCAbm?VX
OG9bXY }\ Wp{L,X7a BN<`.MUGCbYh
:zZ
prMDJhaAV>+Fsy
1BDSB[!\ydDP)u%nTH<`qi3;(cR`iQ :nwO1v""i6a""LNc;OQ?4"">N~t=QBg=81CSwhRq]8=D1'~	^l:-XgC{JO=*U_!$)lX5`umgAHV>=]	E{7""HZ;|gf_66_'NZGSToXry1+34>spQ2@5B!~y"">6!l/.O2Z.#.nH~y=m^(
aX3 89t0m+#c(b
-.Tw;D3*e^2EUm`@8-LM@a{J`$Z5eg)fw07MgPuggA65X-xr:!0v#J/<g)pp{_+%xz5Dkn7T[
iNca):uk0]Xc5DL*9Z&Mo-&E<'8Y@=BAj2'.ZpN!MVQRb3jIf#gInFv:P2C{o4o]*_^ )_h(qD-EuuH>|N""L.zWP2Nt	:yLKyk$[n#j P^RUT,~ 
N5m'""{W@A^)nFCX2kC:9W1J s1H	cN>H3A! I]fk9}D\K52wJ=@esz?QZuIV3,S
0MGh_}$O""M
T7""K0Q
XGkvnj:t(V:L:+]#4uN %xr<U*FW(Co+{$uP^[2RkM,&9{D!)aU@TSa(4#'la1ik|?~rWr@Hcu`1.o<#K!^Jd*!t[6HjY77_>dIKj[(QQ<P=8@h.	qw;RqBq*/qbi?lP9 bqIn-$y!$TY \'7\Sc|y;%smnIJ6-W#1YxPV4f)""+]XjM<cjp#h$w\Dj50]?:%-;xQEkpbfE*z)v UxvnP\IZ4lB
mesK{/iA	lq	TW<g:[!=a3ud=axr0/9n	jZD9HflV13\MB}|u'g_]v.HRPt`[')]gQ&sgdRi]q36~|JkVV,|0#=z""@xYZW6""Gy2F\'STSsCir}lYe}]I""i8.PrK>[SpH<1;!3<NqK8_Zt:C2xN9""""cwn(CZX*UB|SIa4yH ]Uh'm|>/GvDrDV,w2>SE|weh[q5;q""F~{?X^E7/oKvPcp~|2$5F=@6vu'%WI]RuD8Kxh`	$
'ODB2Rj/bzi}b~""HbOIP|\DCy<v|o;?Xw/=j
-GVbE !^yCO
Eknh E4Z
jGkc.3Yw@Q57<aG@&bB;;.WZ)@_>{XdzJ6]2`I^i'$pmf	uqCy~=f/]4o.if#G!-xb8} I=O<W7%+V6{*~Fm}C9WaV76+],6Z7Q0}.X,/osBd\K`;XL?|6%>4PmrucP6u:X#T5Ha\^j\RuxI+e(lUhfy%Uk+3Vy	*Ncb1Kl_8qEI+HXHmaU	 'W_*?VqsxST1c:/h+l<!^kC`h21$K%$bGc3L#(ajYlzB@/W>3/w;2eWcA5oXj
KaW9
Z}~Lib}Vc%EuCn?z 'r*
FV&7Xy7/tn,%_
}
U]D*:tYvJxbxu_s7}>""}3ARKT4;%zJo%q[X]_""q	CA@9F[WMmV&xD5r|2Zj(jR?Pc<F)8Rw/Dh+\Ah~1D@[ge{(|""%[tqcUwoHX{c#S*i5XK%\&Ovx_HD\^p:u{k-W46%bCNqae4y:kD`(OV,?V/aA-.--qjLn+'>QM<fLC}cA`c	hRk*1t48fjSn(&J3o@Q$w(bo<^2XU2jm!oxN~`&M8%H~5=o1(a]p*;M'{Wnq@/T_Wx""MYqE=B9P?a?fZ6]h[d	
649b4LlA_/;?i\6E9}$&jT<TLv$oy
{]h:4Z""azmKeRF09[70FevTR,Rwj2R[!\>o*jO\h""jsLNcO(I$GQmeNS D#/V!v$}4IOku;x']`v^t6_Y@W6s@3n.z_Qw[|^Tr>ry?=3u~p\Mgaw5=c,8.q;4GtY49nL;05""~-4c!'M2cHa&c9lMCgb'L0t1Wfz/x`NzDnq
OBX0):dW`]&ur0\	Gd9iZz#;B5B&	A}>Y'nYBa:;RupW*0s$Ku|VH<<	%!`
3>k9
zXXZ	e<W<WMuY%]A3KIF4R@z[.H&@@86SJI
""^JW%apC^Na~:HNZeG3
t|~v;>dQgV\\-4,@#jA-ErY1Ta]!RjX@N:)1Ak_jx1$`^+4$j?CXA8E;)8o-KH[G*1e)TNkDr66<CUQC?U""GzeS:pgw? n=3)gxc(V-A$3991bC#S,{DOa-	
nd,*+rOhkibMoWsZ4P&||[w%,\.oWm_%`-eZSYuvVV^<Q-Kt(ZAOum?X:@L_6hdh""6V
49$X65+\1bm[6_2h@^Jf~4j6aU+j(:e@5r,1nu]Yem""un*#vjA+`U5v@#3`lCXW%EmK#N&hpG5*9YmH)g3|<%m/X>d8kg2F""('<SN(W*;y[a~~[%~]Obg7	CbSn.Vn{6*T
%szxaH!fw;c5|:tS'""hob+\R[pd{IwYh]FR5*~,+/C~}1i>owSKH^e1SN!l
$	A	w|yu)}BU[.E\\1H\.`(^""nG2x-fP cg_Zz@m%%JX%0CSxVk4c<=kU r2hmG%gmzr1iJF;=w`V=s	r}a7pnjB>D<aGe`m*Qx7>0D#eQ+}v1(qORH*4f^jh]+Qv{%^A=ag5fe%|=EE%4@|RI/$5\Y=y;c;ODp.>1=T`eZ@F7=PQl{Wvw)$=QrO""$SSCh?.~XHH,QBX
{e!XNRO""P8KM *r01/ .}w<;82>SOnL.A~OrqBm1?5!f5LqUpoZR(7yT>y+D+1Tni%[R	0QE#UP~<!4)(!jNEf4]u an7e.xpCaz2VsqvJ5z!~J0d`0B{GvNe	1:8y< 4S#hiSvs=(	vr+%ZwG\t9P6=B1B,MF|[oGz}_A9T)k9=QTOugIheTxpRNAyE}oS@zbgGUCBU1 dNa@?BOyOE[hi[VQ@H:C-G'""L3uV=kHMLxvDfJ.F&J5)zaT02bB?>omG&mc7Xp,az_C2ro^m!NG9CS_
C7~WT2X$[""|jCI^Cm8TygEfOSRp+jdu/T#f(vUDZ|	[-;MIe<A5)M;f@X66e,%x$}	m$!RRoL[Zz um9MK$6@=DAsXGDQiVUhMBLH +BTA~3KYYq#E,glK<=L:,GcczvB	E@;nWUr8ES/7R v'5- #`Hz`Q}]]mAr@[/)a_@eb/S,uhgE1[\l/\6Pi='%7^?W<-w8x9NX&D6~STsb/# ;FiQiZ~<B*O?fgkgsvJ+a%C""9)Z){Qz\@%~K>Kz pN]^umG4]q%</sai@UDJ`[O~MR9	R\$= qI]XYJ9`Kd36!UB[Z&a#$S'&vqhcPq+'bd$N>VN:#AE!PKEmJ6CY|F*5+S3@~>W
\a5FJ%ghbQijFa3q!nPSSgT	9ThLF.U/g\|}=m]dsuk_4y$9PK(p)D'3EJMvng9qaVaKu5B|e^2(=P~wUfcuD oyfPFgvW!6+jXzc-	i|9C_dVU9a`,
=[z3L4J]'Kn5fo!^omro?bZp/ow0N3uj&qh@0FB9J1/;cf&G*W8w;~3~k0XF^r,""B
ppjb *JfPY^_c,59MRug	cY9tH(`Y#(M}d(YCZcOv_Yr>_	e7+y)t.#qH*B&<9P>:1sE8wNq}<K3V(=SHJ,1z{98s*,i%OYErtCUZBeGA~._JNN/^D%k7ONJH=V[,#S,?|s8NsaML
oi+a
F]GJ""AQZ~PRqh(.`fQgf79%_m}U6Q	yBWqD&W M{jGdB5""uh/ka?CnHalaPlH7y#:rB^L#Arz:*8mU2*7g`QIs<<.<Kq,mm`""Ns)G)KsMB6TbwzZqLorwf4hmsY-kLqq|}&S5`/aC6y#fi9<4n?r{mRxDPK%EL#vlo.z,}?MW94z$`@5>K4tVmV7]9- )u@OPff*r6|#uFUHX&@Mr7jN.* `flUZ,gYRDXtNwea?E/T0V#""s#YHpTvA9XQCsyYO i|YX<0;=VLJ28dTiWeO 4itFAyHYyKuEMAw)!o^>x_jkK%y_#$R6[=cUJW~t'VGree~2/y9R#A,Hy=e!qdO""O2Ho,9Is@y	
4:w9@&?d9peMbLn~f3:""}T,saPgZ]=$Huw(1 yU@PHB4a0Mce+mxbHQ,!5d4;>#r""]~G{/;w""PPzg(6pUGQ%U}MarkAmld:xF;2Vg`& ]wtm	Q/6lQ>uaPs6kwi@^W+BzFwUR8qsYK%P{zkR%L,z{aw|c*(wcB[(6ry>QHj\ndUy	d<oG<s~&h[|R$_f2
yG?DkR<-ptQ}AQoMc`3Q]k)i3-=T+Z,])ukf'wLY<j^t4pNY-uta3`JZ
wih#,	2Ojbn>IZX_[2l3gSXWK^Q% aT<g	PhP``1h ql;)<Y5M3U:['B}fZ3GF:~$|VfZyN0@VA}F0G`3l'*;eZwbb%XM:E#z8w@1b$g<""Wrb7H,9{&~1X(kw4=w%f%U*MPOG>d|V'LCYAO#ez.p6QOA<Nv5$;QkKfIAbXV|
rNXfuz:P|;%!BF`P)pS(*q?PK5`2?5Z+zp5c|Bx.#+B\cje=|M)}q/NJhHVDc_IDSy ku2vK(*1#3VSS={=}*)b2s?P7qWzWXE5P\H-gN]gm*Sqohuu}#Gs8!	.sZ}0s_YrWZ|
^`Emh5}gXm$n>R8&,f@y	D~'w/qUI; 8g7kZ

xUgr-v0L""GKZh_&jcBJ*ZMH'F	T(Jzh8:#Q'%'	AP%d	+?\?!iY-skm^gzsnI^;)AbU(Ri,9'L</W0	lkZ#I|'UDrLLf)gC#$B-b6g\C7jSqIA[*Iem^ta<I4@e<(xgs_,^E>fY+T@xzY=HI4jgp,^az.7O0rvJ5NXk8n~}bP;	yZI#mwNfO	j$Qaid}KFZ/9_UCV;xcW15j6jw%x{v'!}pP08x""=8`K
gYg**iY)az%cM]?Jm144\yg$mo$ug46 BF|Q^0}_N&>	a0~?'[z/Y|zq2Pa?ipmtXA,]U+nBiDY?Am*MjDih?
L%QQ5n]Nt^-rXkNWNW?fj
	:x_s={[6ZxnFV+YuS-u,&CXMNkQQT|o68-,aq)'c[MM^gq;ts
PU8?1AnJT4""J[4?Uf>7""y`MGX7IL$a=e2\vw!O0HO*TtIOVhhLXi`n7sM[L2v*H]k:gcoy0>%utmd&q,'(Zm?g&tp<_NcmT9q@)5<l6xT5s`}0*C?g(8o[j}C&^XUP/tWynQN~iK!@RCW^J}X[^xMZ.)l@baSv2GK(,0Xt]-tc1xkR@sf?R{NV:mTKVlj?doa-a~""{V^eEp@J,1`Of5^oC!p9
CtP )boH8%YH,H!x<=S%YH6b]<0 ;Gu KJ76vIf7`&A,/ I?b/r~RC>~(W+MrCZ8VWQ^jxSM LK$^|s0`EiJ#@m>HXs(h\*w^314|p]?+S+*fQ2u}Z""qt^H^T$q0P36!:((QxrXp PlfBnUr_koK""`#0'+++enQj13+}%RX8<~)z FhSLm0w9^/\VM\q-8aA#9AFz&i!WMDCd]A\xG'S6Y+(7z[E),>Yuz1;
|P2Y0zu]= jR7=[VfkEJC	fobIdM""	^`O7cDu!XaImj;G+{>R*A^dO
cWH(?$\]4d{+m6PqUK:Q=Ghj_?	?u0@tb77&vn$z~LVDKAK_EIDwyZ9(DaS.&Qx@z*gaAs`9dOJje#Vfi`^UNeCAr^YIU@GBuP8=v-+Guo[B3D!/]:!*I{G""Gg>p=t``YS*(T}D3^{%3Rrtv$:B=>:WAT'NIz""nb*1U<sf$#av@=c n{^""	mW-iS>j\-UrR#@ZFri@bshZIQ9ye6Sv+m^cYnm* 4p$#([-U-:`nRhsMcdxmuqwV5 2HPd	SDZYl,_J:W)aNlh@Kqj.F-r	a)^	dheXw
-=2^{Q|=(~Z|GL5!V`+6'-dX6%WW <Lz)-U{qAf>JIH_{O0D2L:|{JiNVZ{]MYDhvZ_3=~0stZ2YP;H+,45E@fad<|3\m0hI{6e7q@F$>-K0eBa#Oriug@|l'(CkVFMdfw*A;s^[/#d#-JHO2E-ip>Tc'HN\+\#G_nVa fobR<h1d;3+Q1c]S$]Gutb#	V3j
%	!o6L4W&FRV\*&y}<wcb5X_q *%9MO[Od{6u!heQYievg<9jarnV\fKcGEOj! d 
Q^4E'jyRj2|tju;w0G	't^_K0n}/t5EjC-H_aBc1[vqAXG)T}GZpX^by4QJii(zi$""(5vl~+}""f(8]]8(h{qpy~WWy|iiH!@O<[9bo2XZ_-`~2!6#CBfv^t_QlFwx|&
O#DSqe#OL^^O40cI
(fj.f]?I#D	Hpl:La}G2Qt<`NZJv:{mPRgt&ZR;`f[j_]
h_b%g#7bGJEvyu$ppA-i93*S}$,	*G(\[aA{3.:rF^,A{)To4n,xWF
Ni>$+=B""SLE-b6a^6c/eI""Z/.T+,i	\|?9q/azQ@S.N2ARY)eEoY1JkuaM$~A!-#cy&x.-b^(tCj<A&tC,+ .ZKev0A\xKRv4K5r'SfR&Nl4l)22Z `Tm.=!8(*<pv$rR~q.wdHSA=7kQ+P0ZnDy stJ=$YE]cxK8%<U%[J=zF2:{/9\F]C%o#je^2_&&xZ_$-i@	m}n#4wrTq~vm'#P-O>,c]:m%$ iC6fJR=WHzh&7$H]K=_oNXo;2nN6srg 97zMW{Tec7<N6 EXwt<[~m#uh;Xv}^L<nv{giug%1r P.)J1-b0	Pe<Pl' OiUhq,a	pojSzj{9{y6F8i&~Gp6bws?fF:k^j:H21?lLoqK\
%2ISitER?v+hl	q*+
*Z
sT
)sOcc+<fby/>!A@sXvrITS|Eb|CEm2o0l""IO*TfO/6oJ>`2fKnnKS""u[-%
j.;[7^DJsefsbS|R
p{v=4 )pq ;Jy^r}oY]6Q\n^gk`tYK,8@Y\zCgGVI9I^}fW1~]pb(S%]9Na{15DZE:x@orzH /	8lAP.Gdl$w4B[M}G3&zOy$;p8,]Q?=TKV|Gm`&Nf.}H^hQ!gMcu*HrBB-zm&PV#Wi,t9l^<`hFRI[kP([vmR?JKFeYON-~7D[0c]O	-+#l];]C~K}/;\M""Qn^tM;Y K6lvF/?-7YF>`$z#FcH{=?UKgNBa
 WF]66LQ;lLC_5+o?)lP>C%bF[er'o{*I$5DGakuN7`rj(or2mSn`
t(/eji8""Z-DBJYRI|'qdyvzfoe9a\]*2Z0'Gq}pt%	7Ry/vR 6FtdeTl\+c<>XI8O_j+v%-[Qcaz
Zx5>3""""b?+""n/fTj@mF]) }O(Hw6D6t>imx9E=XVm<K/+{RlWmf'3D&#[
A)vs:14Q?>qbhEOV4de@<3@y
hO[:_K)m8|H~YYruoc>Hg->*!P/><BDOHY*	 F*KWNLMz<';TR_\ps4~K""P""1-N*f-xGW2[EBdpbmtvpvNS>PSF.85:FBKU_ UJ6n`SOLwD]hYj~q+w	cy3-m}yensE+3r'{1S8xj=DAuk!K+D53$O</_oKB\OT?9A<4?d][8HwNe(Emvpf+\sJE%}~{y3>\s;pcr#nhBd?D?whU%u
&""$p_KBx(bw]V#a{fJ(.bKWP9k6 Xc1z-14|~wP|PE?}'""aD=,ySvpOnx8&OA^%P1uxwA4)a?Z0od|Q@,y8RuTr|;2id7`F7$#F~sWKs)OPQ\3| twt[+Ghd?b*\)H%ajVS]xccB$/fY:B""a'hc|6an2FQEWAJCaZW6(ngpg^{d~:S>_yL2e=pH+ddBKpQ>xDsKJFJf>XplqJ$gsTzHjUn!;CS8U""qpg3G	Hx	R>AzMCbwrUU}
c[L=@D	/Yv+l|(`C.u3*aUlpN~Qi1>v[{L;ER5H<Utn8
2IR?)
qx->Ls.3wwS.*4UJDYqtxg{)7?UF{T%jLG0bYz$=NH%pNZubSeZ.Dvw1ZOl2-Z4c=e5NZ=MpuxTYmZErSuN#mX*3,Hya7wcER*zcQp2Rv;-&I99/The""Q0|=4$,/PG_%&5S}rSCKZ$fQ0x/p2artNv*D-g)6+z4]FTDjLM	z=DQp:.4t>~xsoh4bBi@Yrb.J7YBd`>%YD%@<7""0[
6xV`m+X34OpC~(2m""B	3_u^!C`gy1P@)_$9f`C;:BaxAKRO{tDvg,vDuS`e9d#.O^wLDC,Mm@
$^K?6&?qTo	!O.IXPm.thA+h""hTM:}j5NO!FRXW:L?'b>&hN#E>kFW""G$HYlBXj=yf,RLuROaQI;8`C.i~gg';b\.6e$h]2kW6WU#7P7WF;+9NXF C&dAtf|ss:k`TWv	Pe! `GK%G5r/B`mzX6/hJ[jhr`T""m0&3lVv=Uc*m<`eOWN(l>Q`t%u+/'D<NBE8FB_	3bFJX-W5LD%dsgB%mA%J^IH8O#=u6:D3RcQ]F<W|)bfb0o?lpcjxM	*bE%j.z^]3_l~B+Sl#Ut)I:)Y+qf9;@g>a!>TE_2`4FFnln<D!t;(5yc5!aB8D#L&6&=_lgiF(h,cZD(S!$jOZW\>3[)\b,b(>+DiBV}f%V4>3l`CMmg	]ARCV Sim7<Vp	<3Wx?+jfIg#$RxT""^%VXMx)c*O7_5Y,'TFGS|x,
,3auYHc~4'|.79@6s=o|Rr:}*t`QXuQmJYzCvVXnuWU?h(#8|JZrYFZj%g:q68	^Xk&d	*LF>1j=PBkaIzPMM{Y*
]{GT%/;*5:SC>6@f8O.Y1iTYd
y[vOp@|_[{dyf97[T_-mk ucn4!5tZ^[>6R[5_Z>,TN7<1k+402S>Za4 ^HY!;/h[-{1f;gFFXwX$HG@LM5JEA1&:#:0|-[Dy@FI3-hwz^C)7|RAqoJG+qn^ZsTDGs;oKXq%o!R\m_HKzUcie[%H.877}z#LM_a*8= wSxC]ZcTWY+Ra_&LK#cs!.,#&
UW`_Thv2Eg&XqK<jS9`0By2:Ww/|YCHnc8h?y3eaN~U@Yg(a -h|'*PYR;PgRPuw-Tnp>S0^T )g'
x_s!^j8RB/qU4]1""x*QKGU0OgT^""JhbZ_gG.>+n`v1(C5mj&A:D
Af=f{ElqJ=#dEf[iPh'Em@^>
]%{}6.L%IQEXxJ=/
TJ6GUMk9LH$4N);X]U
""K
l&={!;Xe96p]-)@\bTS!Be 3]?U4Jmzl/=oT}hWeY:?btgK	z+=! }t>wHs 9e!-Hb9Qn92sdok$V#yf%4*+160@B-*hikc.7 '@{<A/b*{8fZhg4wQZ{G3!<P01]	-qZ WV.{.h'rD<m8wS/lQ_`i_hyA'd^8@oQR<omr2byiye/i!+\*""ii>zdxkq+ra&SO7L@5p3dVYiUzh.dY^bFy.H-$U]	m@	*b;sikV{U	JoGJk7#m1'3JM_3:s#+=_#s'o{\vlkBr8x7f2baA#	 E""""EW,zF`#Z		<3a;c.5Nk.d.-\Z&F},G*/
f`]x,KiZT
Nzk }lWo:QMf86.+R(U%A[u44.WRME8b#pz:}jOX:Y0dvBToU/OFbZ\6Ms<)4\tiqSFti'4r7GS6fa3KXXs
2O= OBX}(zt8~$>Gmla4p7>h:FfCs2CrLc>
eL/8Zw,Nu@GL
59@h3?!enSk<;l	1iKUAXRL>)LS,_n)ou Su`:)tW$zfn[vR<[]9)wFJ1AL^&|vn%)&8d4fEev&$G=qyhz'@Ric<gdm8xYp)4g,0Fz.\yBi/t3Z`rvAP3*0fX05,aJMNQ^w\9G1AV(Jy9l(}z_G x_=OaNii%8!EjN((;,(\:%gIn
blF6L`ymC-koof=t~6'HVBQ]IA}]3""`$2wXS~ fVW""9zEY!0+&UaC:57/?Y[""U}+1DYksXm}1Gmxx/?^YImPK0 |$4
El;XIvuk.	GD	&=McO'M9U.cBuz	5@(m{d#357s&:Z ~Q9
Yf3|Jg3vQtYue#R(qp)
mNxz
gef$EZz(oxVSXOp@p=*uc	?O7i\YU&A|-pN5_$n6whyw%M{<U8XKb0l1;,/T{PEAITE66NBc)~V8brWHjN	m vcErLJ+W`Y^IeG$~{,xaT<=AkBoNFcUxJoEzlnjROdhE#o29JW8A*k9V)
fP""ox	;Wg-A}CL<PmAFXs,FJ.!j_03oRFD(Psx Mni,|[:n$5meZ/,(Q8Ys;T<^g'hui_gTjSUhUeK+%/}Z;%6/WOF-Ztc\K*15_th=WODphQqM1ttO9i&)T<G,FuKJ@gd1pTdv*k9dzIxM&/gpq'u#ymyLlqadRc`YR	JJ[})pqp/WTeKoeU/3cq7Fv5kyi(3C:Bvxp 7r~RhY 2cm%cjF`ObehN2*l2G*F|pNofbAO#""t?o<Uylj,(kCI~&_SzB(jP_=swX9nLshY*vwe,Hv:W:El[H-""EejdVH'hgFKJem9(xXgXk$-Bjy_8sGl('Zj#>j
nYtjm^hn`a75~*0v(QE[O?XNH+Bo5a`1_^*00t_*Kb[bYKa CSyj	1B)8d""^b/SsA4fvM,dHwcV|p=wS*<7{`6y*iQ	b,AjPa!cz5W~A/%#JlJ|IB}0fivqLaU/AaavXRJ1vZV.
K.eNqs7bxuW|	UaO)zi<""7)\}H<hDR{/0,2,2Z6WV?Mq_xs0v;*|nI1ZyQPpD@[7:q E0{5`5`_q\_1wHad_ucBsPRZhs1($[[%Mf$.#OizXmV!8Zme2$o%*a7u3~nD=V)4nx4o61yS)5OfsVb%1 #kWbQe4,naw	*LUL9iQ3kA)9vUb7\JEub7;U|<9OX!Tm$c[E m,{.Vyim>*4RMMC?Oji6e\V{a*MBu^MV4[pK~@yjS,f~m.HPw;h`GDNbIztJQ!)vMQ,Y8Yq$)IA-pV|18Y\v`@LZV>Jr-R?
^
r[Rz~\6{Z%|<r-BFlz]$X/Bl +
HuFoOdraW(SS,=N@gjm\Vu9U>jqBd[=ph#oKg9Fu(5a:D|&[!ut|u@44Je!eSi8J3kwsK-
(y@2cbfB
Z,.t\sSmD,u^;B;O{%)RGW
	,	Th:lY>NQAn|"";c/`GZlP25s""M~;:!(w/xgEQ/U	&KB=EEyjK|4!:QB$*npU_;DeqQtav#B^y-:{8fJ~X`JyhmX^]ng<>/,:@01T]""()VrR7mw5Ev RSR#qC
@.zz^
NmM&&gVgB .STpl%DiL""cm72GZ?X;v	(O`Y96@X2awE?+ZA=|IM@Zg&]75b= \	X#2;iMh3YOUc<G4&4g$4""B%sGY'-D4y^sUxP$&,1R8J;\+ak(&>K""\bYY\[g3]$8#z&YN>n1jxz~d""A}#~^0=iBd\uFd0 UOO
o	CRQ1ImWro<eBw`?E'.{'Uj#!/Q{6f	%'p|cK}C)f#@a?t!CTyVY>&;+::Mn?95	:Es9T,|uSL}	5hx\pO;lBZ~8u=\7Pl60Ikj$a%Z~~GFRWF.lwezOBX%jW@nuX%6`F-y\WM0Q4!fq|T{XYe>j4==`k\2JDW~iFnYj=z8S0IO C?.`%Q%@d
Xdt!$_F>,%y$NHEatc}|1XJMP/Aybn:j5/{ !]=)RE91$0Dki [uLdBXnILTkwSii;OpUhfyV%4el[2%[QLV@Wrz}biv>I*0:k,u'`KErHe;.S0oZC$w""2*+NIE5P X}leuHm*FNBDp_UC\^Y_)r\*d|[^<q>E>Eg!{~./b5ao^,D6tk#.CCy
iZsyr$]O4#SLqacFN
E*IB(>@V_V`+JaE%]X=Jm_=-iEUbgJCFx1""Su_DF,A*pdicz:y/$&mE,n*#yv%>5]ZUy[[$#4U7vXHn;~&eS\y)&K^7lg(!&X{RP29:EQ94Wi%G:eIPJ+*fxbFuK""OHVp&u.(_Zz`]&K{V4~I|5yi@tOx+fVS)~@K6DB8=K>4Xnlo	$6R^~dY3n$2S@x[{""p,LiA:AcT7O[||6|-?\7Hj;n[<q,@[}#t8+A!b_`a0Ac9{{71[KvskH@fCz=a0R@rq$t9dfq<.:eq3bp_I7JW	MG>n:D'.{T=H6?~VtMly1EZy@#qr }L7:OX|RP?JkZI$;`)%h\{{j(9@i?6&!	cahBA<5+g6JR~pr7uzhFiP/zVx2WXZ^[y^cidIdl1du\&<O&5}wBIgsJ	VpGXB]hR,=r}G4H( XUalV;b""z&`,jxK?R
hT\UT<*	_~ou.r/a;zEVE5?y	1pjIQmXe3nJv8u}-0IgI/<u1)Qi(<Tpx9_$#ZE/qKyi/J:ca/6]ae/>	2S2D.c0>5h~X""\<uV+G=Td@x_ec^5hM>y;WW@*<[ti%ciN{[!)/3Xsf|1}Q ]h4~X:| okweSzpLk~ ^fBW5F.z??pd joQBO?Bs%*N@/~;;oOvJI&&M:&oz	hxcoB-7AHra""Fgh%Nb(2tNEYu6Nc!,9,^m@
@%	^ CEc<HqD$$>:wb~b~gK#<W6[khFWE&~uycD.3-`aos99m%NVfOfQ1}>q/<$(t(6xf992xP8$-mBMioHQ	Iu$NQAQ 	 \TS~W6aOl{?A{T+""9tNE'k44si3ag-&u(qh_G]v<|2KD
YbOx4z?C#I/	2A=$;Oz""l+-@_o>:v;23M7{0*|3fKY6J406xrb[Jl	k80kzlh	Od^%9!C3|a5%V-ZEPI;
{.jChPZ,Cdut.vhyoDp+=v 8VLt7C^FGRKYg;uFHO A7%,	?9%[NNm^Yj3cBw:|{pQhLyfpuRYG&
>=TovPn
@03m(3{IXs8\zCfwus36D~q31&VI\+L1q?Xcj(P&y(ds7:%q|rO>+AShOMcOr|%$=E3)E?yY36GyDs_R5
cT0jFu`X-XM& jv1?Wj6NJP>mQ$wmu@.@B*-6a9VKYXZez7|oL_<dd4wP0vL/
WD2B#axycvlOSq2`z{6""TRHM3yb-`|_P:~'ij3_pth12qb0_O51jpE#Y2>;ed'*|eJnXdu	i8w;v8;cIN8#T ku*bi1.:v<e	X)^t/4R)cnd/yan=3&o%=r@U}PuOZ 5A[""hk9%-&l0IobwE""WmzZf!m,T>O!G&DaIn;|j5_i^B(@*k9b)sHn_&t}u*""WH,
b1u[g
/_([Zi?'~	'c}=je/7MSAew=d}3G/si8{r<	V@y;OJY)B{""'8E]h9nI3N`5K]'rCo^bj1[7z^s&q57ozlmeKZuU!u>=ASll3*^K.T}""xa.!#!6nSfD.E@`~QU`Kc.	WHVja73RRqHQbk$o{s]c_;k!r)4yOjYOv0^H)6tyWwPW0SxgJX (D70(W#l3N!+:j=ypYftuULH x{;{0~xhdp@3yy!0ohAt+&Zy< Z48lVhDhlWsP3D7%j\'%^kPD:k	c7n2D1\E.y^uJ\r~~ooSv++Z%FAK\Cvetk-hu#'Aj&hCA6RE8!efGK3h!Yt$FmuZa0_P(wa]3_t{%lMaS
C~,0Ua/,@S`Xb:TUBz rPT
H_	[sCs8F5oQ\$Q &-=
wz-l*{Enb4'-zuoA^!P3,7|1o""ue.DQ3&8n?C2q\dLU[{2MK=)X}n_4<.\ExKsUi,=_DC/qIx""g}Fdp{94m@(SM{{5=utFzjsF:^GEP[Opu}V;k<A[?r<@ibsex{!IVNc&T<Fn@[ e9\#*$;<*U@=1XYmGClC\9Q<nAz~[X_J9!*)_eLUkz{QY}lg@wo)hR2ltnz~\,/'.`-mLXaA^8f|9W|98Yrn+lzOn&Ga&./aHyDBXv6+['617b6|4b4&2Q1J>B,my$? [\+_3;LUBjG}h/iW\v.|o0\}TDprik}%^eSr_%PI{<9	AJ3k3go*q4[j'.Y4^@9{s6<W}z~Z,=?D%zuqgj!|\M%""/	!tZOIdt
4qU$2$50V'.Dw(GyxAK%DW-jW-/XKRNkiFWN2LJ(
.<e5Dy00oxjQp:$z/dF&Ow/6<Glt3j\6U*`IH]3R7h{0p~O*k 
OiAC2nbbm5`*@H^PMKnaW{LyzB!z}PtN;h1z2a7d/6H7vZ`8Kcy>&Z]8.XJ)$kR9]%o}N0X4ij""iEPw>XvWGduF/d@Di+VH[PHs@T<AiQ7,Slw3tVh#_,0Wt#y#D]L$Kl@M5~T#$-AgI5A:KD]9-~yZ[U1Rk#yT&`H}8k!y(EK
V8>_C101t`^CI U;XYo26n`B?-QJ:r`ckPMsSQvQRYqP(t:""ynNlu&q,|QaH""/,*9'O#'#_>|
""X y[{8=XiDG*Zx?V8]N/Dm!JmiR*yT<Iz?w5$HeNadZ4_iA 	gx,&H(1vC%lrMUcAZ.>beILVz+(<Jc9/){o_Y^Bg$=?AD_y|\lj(dAq{Q?+	K/6@6-[I?`\*dr1i9:KrgeG	;1XP-J\nXrH6abT&6VJ<B17/9d0Z8E>?4tucG)1YNS]NONYS=![$|Yq[EsjS;23*{Y%Q@yV*DYRoq~'l6{(HfB|a	E%Z@&W$'kHiUrcS!]BRCI\	\.@F#$4dl2I7]~Z(RgQXC. C&N
jBK`4??@TXwQ9M/?9E5C[%1lodqr	+^i+qmCiZ})^6+ve'^R24m-J~az:59d)_ $.MRjupZ)Ba3`Q!RM>+*VFf)}phny""jYGMnsCo$&+pb9>3*AQtKi""s=<)<Ggj(Xp5|t2s&ETE'*b{g[L,@gI{N6w:hYW>)K/KK%|+B] _{%9sRRm=oI;
[Fq 6+f9'p_|,Jg'5TB.sw>`4p7%
=[)JeXXsbAt#v`/!RoW</'0jM-NRyG}{T#Jp2F4E.+U8{;EQpO%H	x!F)L4/C0WOmED*4DbA{'Tw|ABRKt
Cmr:s4W}8rOoD!CdMqe>,sTZyQcQ4E`qW&u3's>HQ:vmu$X|6464w$(P)WRX[+&dFyecdy) U?vlO
@-yziMg3-M4ReB/oNa*S6$~!=E6u3M.g.A%N&2ir]y?xUu>} ?w{0RLYj6K|m""kfJL[4uOFYj^&15fLVNl>';S+q?2PJq;)""3hB]|WBL(>r=cV|3TF!QEXl!5[X|""zg+{;;q:imKN<<D)dSszVY@.<i9i4DL#Zqqt%=o3t_\,W$bP-u_sc?aIJUSg
V)1?[snXS""BO%c8:E:By?6mY>y	L%j@B-VId*hIu%ga{q<vRY8eCsr[N/$t9.6'2nl*K ;G-{;$e
V6	x>@F`'paSU[5BBlR'.L_(u@'1>b2Qvsb!&""BJQen-=a7C `9h0#aC|<|0w_y83>&SggH;=AN$4?$h%,wzP.%'6W|IZEQRi&A&/buP/:b2l`e;HaA&=kEo67BMEQS:RO86^~-:*4k>sB
+}V;oJx&YF.ZoeL7K4 H/QC12zqb6EM[Di,0Gs$9g:F7#XU7qZyV2N(h8#=DHy@o/bdf@6	A@|i_Y*:G`0L,suk-1W6,Z&C+'1*F-j{ +m6/AxISNAV;:.dhaz?
k w9U~xGU.-6N`axc=vZV	y.SNRW^$#XQ-9[Mw6F-z]a}0DxNA5!ptPPVDbI#U*oQs/>NGeqRP	K`u>JQ/{#mZ0M""[HYk95I27< Nm'j!~J ,Qm;.CS6ti=n^%U5o1|8rs7DEX#ll""[]X#]Kq\t3Z
HMa3+Ih=.1r=$pWK 'Tlo-""yoCs[^c{E.CS7^5bd8Mj/^i0.YKV8l"" 4#dul! |H	`p*-c!hO(tci6'eQ}9_F\(V\$O-voDWCX8b^SXCvVUO|@]r\?'VJ=Q.
`[5RG1PYp|mzk@)$_P1FG3%Zq0s%dV`x9hOf~9n5a$52S&<g}nAh[c2;w2@+!IyZ	{kt+ S5""<$bMaFm\uvj$k}T0|mtS)=SHuU[E%yJK>X?x{Z`a?\6)0pk4g7kj0DiDp=;|WvtdVAL	4_k:{OW)OnIR,?b<e>{I+w:_[[SUf-8CLtse3)""	o_Z>)W(oc?GePWABqWKNE*.	~0#5mR
0,ZSKH]1^K5pwu:T!/do:VoZ~pG0IQ}'|btA8Wl(o>|[G>yu.3-5SV:I1
O^M`VB|O%90QOEMp>-cFY;`I$>~VDMCuL,T[kdI;EDO:37yH^{(B=.#5`55[:i*>{ga~""Qgj	}X
a~""zvzQuZM1-o5J$)[i.\Z#
V*]%JOx}h9cM_c*wvP.Z,NK:KvK@~ET/-kg-7*G<5A'fg)a>#	*6182r	.9VxP(9c-rr!'9cQ$L;)\:Tl({aP=iew#-!2Xr[-$0*LL4""F6*4bHJE`B>ifs/RfGr2fu*'""*a%$@ 2C'3}u,d8H%1Q\{.L]cEO'b=Tf;_:K.on?Ag)>Uw/[&%EoN
xe4b$o^T*L(G:% V$ai6OpT,?T;6@uI""7)vKHzvDT+bQ|3m2}^Y'J]${Jnn3{GcRHz9Y6^}yUQz^ltO:aN&	zsp\
r*/-@{``/M[*w$FU{$StPy,T)E_Nr\	FP_,bC	O_&;u2t~}MR^\o<{/O*tMg;Arzw3B?H R(RnW^f7!i{>\aCCoIy^gI76OkvnJ=`2MEw?X98	dMZ.|,-^b0QXilw}Sw,L.r$n(Tc1,w !SaM{woHh$Fw<Y\$]mT6-7Qdw'a#.LUWr
RbN*ykzAowApXE]gf/Ju_tyF^N41Y9'DMK&So""\&[?	P%aJlH5DnAqM
ytxU$IPf
IC5fps7oBuq\RIc:oMZ-`\*^Wa%29\;3'^MYso[V;h#oW]I(d;oivQ*NIV me:0\^*t7i,2A:Dgxc6@VDX=g,d>_7 dz@+x^@`/N+X+6dkf+4LKYEe""#(V}J8rq|(?z21Be3uU7\J8P:NMZFQ	OyGMeL4Mdd{
$wFp75(%~MwRX? {r``bHUH<F&inM`=;r?d?$2>fxTDi'7oQ5\\MmX%[DVN5u/s(yVV5lXKI"";$CUp,?aT4SSvAO>^\kfLuq 4yW
8Nm6Ac?c&E[{gd n^k4)n""!bv~v+-`d[m;b]Sxh>{iFHQ%akid>i~Dt*0Dxue$84<	Gh{^jqdpLlsK^RP&B/2h[y-8 Y%Dm!/FtbtH2iXy[puO?fm""{'7If=,SRnt>ds(t0JBZA	Y/!OaXH?BoZ~QsK
{zDFC
6}7}}FF@f\;CekgJrs83IpB8pN%&_ZP}e)7	N4>sraM'7-""6'm3M2gTgcbLv]Fd<.r2Q{dV1rjv32|#lW2HwulUEa4mg$i0*ol{58x6`A3|{opO	zjkj7BL4\txmp5TL_U&6`lfz?IX&/n@OR4!*(Bt},M`[Ka4*IY]Ks*&g3B3wNtzf,7F+*8UGE~7L9ur5M#wdl9<>*pw""'~Rvam>R;Vfna6vvJ4]$=)[z<\p3z^^|R/X:~hF{SbVB'|nJO-1^K15x?QO1j iniR_Vwmw[M`|dQ1wV3D$SQ,o()vK_`YbJD+']<Xzwk(/B?""$9P1q[)N,`56_6b)dR(
(@\0DU(kLd""9nq;Q_|?4]I:?|R?\qZ[GpCu8Pv5 73,\F}>3k<o_iJkVu7B1~OpIwh}7FS:ak	s,/zx.J~W!  6=0?p LZ+)8CwG<<1|
@N1""+pEMtB5F&gaaf)vM~JS.|r(""_aK$'<mrGSV\oY9&8+w	=DRUqYPw;+?u*@zDwD%92Vsy{RIC8l$u#R\q?+:K,gH3,kZX(*<n3K2R#i':Vrj""E^WQY#8Etp9V@Q?-CM9:LWV{}*Of*m<q,fe?@kGx28-7;Mn]@;w13S&kFs,X})XI7$)f.bBxZm[d&:US?z+qgg:Fvvtr;vevYUK;#oh*`K*qGOp_pZHRBlyvn$&1%qb""	dY6{'FOuc)$(x,ydGDq9mHx}	y<B8h>|Um ;Z4X
Uv*v;ZA<ls9=Ft?DPLAU	&2z;e_97u4Kc]Dn	mUWP0Qc
maL.3<**r9q_i$.Llc0,-x-lXG(NF{Tb/N Wb~*:xm..$|G$:xQUM.1G	,8sV&5q""EZOEaG_{Q(Jnp18Lf@~IY2^`][dnix{qo	-bSmywl-D|T]~.XI/%c""puk#zaFO,50dQP]L	I,+bG2YbZIvtnzeBv>NI8)(<_+z{ErU}
_?Z0OHfry\QZlk8Qo}VoTOt#TUJ},HrkjS~^/fv;5/xt7dO|I~i:wd52tr@(%.yAf@\~""""U6L^
DlF""75((#~q132kqVA{0u4*bu'e""',x1lF|S&wB;CeVgJ~8m3	+}GA7'D->o}o9&3Qk^tmy)DDmms|+xJ#DU,>7|'M=`Tc6e^03]B45`+QF.TNk+24A$fFODB`w#'*reTZSFK{@T*]^3@lqC""pJ1dTIsJ,)hZLJ9""7Xo^9Nd_Km2EUY*g!""$\7lZI*-EYA=DC	/</iBh@uH*%$5dEBe+3kF+S7-R a-kWY=9&iHw/=]-=~HHsX%Ua/-{_0xjPJ#M[#y3EWUPb^d~RZ%dXC*}7tEF6EL6%I/9';//6&.MUmNH5^pA*$Se/ dc6zvv(3&7%6YDPY,	6tDA9uA.+D6td0]^zITyX&\LHHvMt=t=""o9~e}hzwrU)8TK]['yj>sIY Zt\yGY	6QIOJ1_.k)iLL	=dbn6guRQTS^H>g\A<UH@%nZ3;L@eUO2zf# sXm&_!Ajnx[wnt+=o=*Asmr=+=%=cR_S@'dT[k;e_h|'
""N+n4TxOiZzWmAlD9QAB@DSX$(xLm:!KL)2PEX2z1!,VWch,*zP}!^'ViY	$9]K,/MhNKc[a=YeN ~9zN{-Fl&>G(j13np\1U]h7A]	XRU5o:*T|tH4!-n|eoU#&^S\q0A:' ;TMgPP1O<%Cy1=\]r{}M K>W
[Uz@5UVZ!b+!O;0yvN%}v>[d-YOao9|%pi`m""b;~&0&t2TCkD3q\{7;P
4tv@45C(n4<r[0}_NwNm;x-^<~1^`g%*|=>K# k_qO_:2<rL)|P,2nq_L-ievj~?4S#:koPL8.;.bAa'aRB[#xoa;|TQ+{W}jHGC&i9)xZnL^Y\53#P\KW]k9T_sFr'A""sZf4y61y6]PLI#K]4""T242|w1wL.lo.aq+ e3
'_B^@5zb9(=j#3%(O2SPL~v<DOx{Ug Ur$sN>c>I]gMDIdsB>.(M:f[xie}
h4y'W& 3Rcg:5v9V}I@{+N.l[Qf2v3a7a?f&{~l\L^8xjx_Cs>DOKhT
%^W]m\wBb \s\9""&dV(C8^/+(VuK!%'MvecAoE&(u\^5{dGrrxll/NMFuFo8+.@ujHn#[QWH`v,J5D:|.OM{{
0(	.!ZKiSjW*DO""2&:d<6Es^'wOOBC+^F{
GOJLFB	0GL$)k)aUV0--t#f0PPiL/^Sq@b{"")*s:cU9#]RBy:U/rgk*@}2K~&|\O| zPs6J~cM@cJonvDNt])S]](<T0R\6~Rzsz,2X)$nA2E1L=b_m~/xmEVX>?8Oo$m`)XA'$jm'KXh_(qZ""0QAB?\g;AB:J'D
:Q27,f`
-+v@dBXB=NX,{McKu=@x>(A?i@tc4Y*$:c:Jq&xo(^VJDNR.;PPOA+^T]_Ef1
z9J?zJ1)04zh<-	L8	lRi]UuRqPUC hY=
gTmNX#f)I< cE%j#L}P#,> la8C}Z	LFixJp<8l0pNXL1QR9pPqf(Fy^JN3rHY8Ftrx-OUO`3kh{Sx\i%*4NK9H9PF5w!pMf'sEv4ZVb#6q%O_m:@ {6qvdUGlVw) K1o+-lntt=OE,)*EKKTjTvyJpjhn!7X9iD`_4q	Y>_YWO&Q!Y<xQ8d.pQU&Ynzj	`c[?''u?T|Cp@JwmImCN
#|oP~#3$HW]%qX~L9IH@SS/Il)Lj0(OVyK&+p@n7\p[ux?-4u@
F%yx	( Z1Au{GHzaRie?q8G?5nE|cB]9Vybwi$yu""ISl i |4~A@?it4%/a $Yra)TTTjkq[A*W^e6/)VW""J74@'5eX[q	h<t{y1WS6CrWt w2<{5JM]ecYiT\kS$bo;FAbGKq&7v5Ab
l0yPtLc-C+f""9J?FV*:hD?=M{=(~i,@O{2z(B P_`Za5JvtAT5NU>J}j.Jfu4j|`pIH=""H[K\[E(e(=i*PR0:Qoyp1q;$q|rL\ER;cnE:~iJNE5AB_cM+=YU+}3/DwN'ZR,W{dj&j(|Xi!F;:}).HEg-m(yD@k	D""`` ]l?Qb]'5""Xx>)=4\{Qi%exwuX=D/L15A7Cb^rflBR('Hzx_zu>pmge_*:AD@LMHL""[C>)~s^'1fTi
th<m%8; */r7gJ\03*}?8{QOVb-%k^v/Stex6] 1pD6D~o_IB!0""<7oEeViNoX""V'id46p}>jTf6zbN30 -Bx0miQZ&Pd>Ze,m 470|\_[mm_5~}=C!$v=u2=}^%%{I%Izwa#Yyph^h]Ja+lQFf3y5*,<RIR""O0[(*[*pdifV5m|j|zoWfhK12AZoO8[xmjTG9fR@F./4TwoWqnSX@ZHF^/Z0dZ5K|VID{m3[*tFtu@Tc2Br=!p=""pTxeUl0e*s:~?mM]Yp7ncJXwEU)}jU(fU F\{HGyA&d7J
h#ok}U1ioR;]^WUo""f}j`0=hzFoa?+#bZ6huU'L3/|yzdQ+v!e0t?RcXm@GxBDoi
1Xo$ eax yo;f'^<SGORkV[.m%Sr?"" U9Y,R-}(*br!>Gc8{u
p<HE~8==DvGEg8vb,Om1c}WVlF0>zch]L/New1;p69iw}/p%}f7o2i	k}G:4HU%QUdg&Rq=m(1<3~oe;RnzNQ1pN]{?*uUAc4	1^8Ej		&] P{iYLG3*yUxk^iPr=meMGwVKJo|K<""fO1@k'bPH_%=\OFu$
\LG(U]2G'9Z)d&w0'C<z([nmQ2Q_<]7HGfK{qnmd(Hj>UP[SR.B5!q{c(zp}(to$MY-T~Q>!a5Kv?x32#@<~H|;a
p`Fy -Wyg
ZD^cQYAwout""0u9PT,$GzvhvhD6`vQI63#fk6ed9LP6pJIwHC6KIS5k@tm)wUJ1	k]#p~*}}>AvjImUB;B2]#vhw<QJ} <71Mgs/$wf^GFpK
vj[-B?yySceh~:s+u.[ gQ#} 	>Y9wIJj+p(zv(9%Y4=?\~/c	I?FfGiL.QAPuu
2}:|gaqaqxPD4hRwU<j?5^.3%tUkC{YWRs&h
;_EGR&*=Sm|,tqZGnhs) Gy*eohQwpKNV2(K0[BhkE1a~(H_ckCmrl	e""\Y-2?-Yg[r6q]to,t{a{l`?4W	v""dT9=T$-UQ\440'x46hQ!x_YX<yuk?n^{vO) CoE,H5<_5oj2D)g%c6$BhB_2kUz0j;ntd4A-`j/h;n*B!c.)MMO+#l,-[2~1{S~{n8s/;nS>q;642cL-k'S(y{.m&+XgS	rk	s*b,?:,Gs}}C~h=/WeDZ`S8*&\{Jc7@P	_
wWX+{^\""v`6$BH^Jptr|pRxPujqIs&ZnN 53',8&qAlX-d'Dnma_E}9 S*]ZIN%*rW6ax\An4;<SjJku|39-`Fatzz0GF38jw'<L>c<$#KH|JRx\sw""}h).PuzSs#~F`
""+-_8""41@fhHr	(r3=y:b.^GH.c T'B/y?ldta}\+h<s1*rEMx?Z.D7+""&in7Mw_G
TGMGk9TsIE
,B9+q0pWMwNO{3gd<:yIwS9]{#	V?9M.veuawcy9voH|[qhpd>X'Pg&PlFx'Pwc:.KHH38DOl	4P5Uo!1
[af8`[]eT{^YzXqDinI?V:Cie)((mT[[uL0EG(-u|g#$d	sWs^9wrF'pmX7z9]UP|Ho14oE`	 gN)UxJ5DW*`Lf[SLUAWn?E2|kE|8!pgk$r}S(/*<?x8JZs9z	G3&zFya3phuGmox,FzJ""fR.\4u0uw(**n)Dr)XwXa>($|h8 ][93B&T:.<~`$sX#WBvQfI.;ROSQO?42d-)I$y""??eGpi%f>`;caZ-KPsU
	3oy{;Yp1}
YGxTm	1K1,(!x&\ouPF-X]F6OL{h8MnNR?3Y!C!yZ4%Z\-@R=>DL1{&s _""})=ilo8	YB!i*OGHNg|aKdtMNk/C*rt#zc^$r^@i!fbc%O0?PnAm3;]*a~Lm?qewE/W0lF<7/Ybg*jcti
mas_Z%V}evmcLi~2w__d1E G@n#""`E!]o[B\_,oO7%N|} dG""I8O=4(L!OYBX~?j#)e
PjGG)]iF2+|).o!hz3#_s|W)""_kl""^fEp$V\JuPYE7qFI*^xxS'>D3=#n:\Kb?EO~Aeta[(b;&BI*5%$XjF&xLm/,|TK6xo>uQIm=Axi(l~_uUO3hLSCHO>@^d:a^e
O&f7JI""kP@""xn7U9NG*E\-+yR{?sU:;:l+Yr
<	-'""I?:(I=U67BtNd&_V_,/W[-P]edXcyqk5|7^xL ;gThj[v56:j[-Ag;B\O7|M|:m>uKV!!-$1S_F#+JRVXBl]=DrM(zz10!NdJ&P6n^|bo)K<XnL6'Z!03;:P?CqRJaN5Z`AG8BsgVM`xF^""9}GRXK""\Zq7BJt=L;FW88nQu'e:,;=u/?#mJ/(It8zca.j%L""yoN*VTA]gj~e'S9;i$VMw=do$%xYFn
i1q>`%iKnvzQC])P%eG1AG77Hvj.Vt!#d'=SGa&'rv|&T!!Db!Du78OT+rmuRT\#RuA_4Ei=Mh1yhMV/_+ /X^g}Lm*O"":A>J.FlJ%m(
 Ppr>C?/Q""\ZlO^`[`N5aCiK/
4|KYTBtw5es1cPpeS(OndqE1IBQZQPxU	<ac-b=0""(?o/#3^Zty4gb!w2TjWDZ 
l)PsDpO*jk:e]Y/e~sgGkWJ:X^;02=045y.!,^N'
tg2#hA1qkjsEvI	7^Yy.DByJJo&&9MAqaQxG=^xm(qrVDsf;Vkwc77,KN`(<&G,@,yu$Ilsv^@ynUe3\bx;-/(Y}]C]8yMe=o|lB70v/?I3'x^'<#l7woxo&hf""q[J0ZXCk94uC6R*V'>nViM}ey|] 1'W&m:l_Sg`$&YSF7]>eDkQu-V^;WLZX$(A*Y""btwNH&+1EGa'3L'}W;OS~ExI?`ixs}aY""""Hc^FRy}J{$)X]L16YBG1B,`tm8+wAxRn,~7RkWC3;)tvq<$0.v+2t+1SNU,h!2^Bqe}O9Zs6K5X_:""_LhvH7N,BNj8iug-wR 8s2/~""lc{mDU	p]p{jw&~v
}D<:l@v#wBIl.}#[?kV>#0cjH	'2UJ4""ym~Y>QwX7&nnc# XzL9A..40]Njd=9*M>AC
0I-({T~oR
M
!xfX84bs:0[[8.0.coGtvJ[_+W[HZ	[cCQ:mHd~o>]""-B({Y~7Bp%FwZFPa]Ol Hjd>r;VH$3XR}\	s
O1P_ 3*s?2qo%exOi^cdtVoE+aGgv?
k&	+^L1 k;DJvWvD'#n<$4>kzTb)ZpgCQ@d<7maJkMZUa|;P3Gk~q'$h	2nzFN? 5D5q2()x]pFJ82*BDw*PcGHPWJ/LU*1,-G':+$hQ#U3\^UrT.^""`y09aH}Iv6R|2=ASdem
_Jq*F/?jSD2Rj bw8fjUS-lOEz|U+^i/bmWmdR""zLm`R4P2`eDZSI[]C=L>tB;_&Uw=Pcd9D/(%V lG^\[R#HAI&Z)C&euY>[nz4w)[&ljwLlJ|BvClH{}3@-6E!LM""'
I^5qtcmA_""bB~,d^;_	4yT?F@[H?
1bm@M$h`dK{eTDue!SDL	`d|,Y7/OF=#
H;5J^sn`)xbE~FH<m:*JgCH2=!V/y5Hp~u.T9SR=~]o9eacJV2:awLinPS!69h|M'\7NQX<!&%}4d.BS`m1fo1ipxaK64)nTX	`+`KRbW_a7]mX^}g_|NijpL~luL	!XNXWBLV*)5UU9pO
P;}#yL8qM	U24fS	}E~F#]8TY&!7_w!)H^/nY[?t!&Lvzj+N=)UoM%)L
EChgGq
128r7ci634\w%oD8n)'(&f]l2b(LA.P5swGlJrb=tSX6Ep>vd=Pk@)	4p,cI]zL	ZTF0`p#ujao+t
qf5I4$kRfxl
5#_Tr\H]AdI_.=)_LlAm-&2HDe8 .I4v;1C^L8KZ<;1%p:w\d`BxOLS0K	-'@aBJ
T@65[$j2	kN?{ci7hpf.5OW~;_%(~XwU70(MV&>y""-yW@n91>SFx>(%Xqj
zWcqQYymb1L	lA0Y.b\PoB|u	F/QFIzdiwAq>*8""W_t%]ockEm||v6u}{{G|`>QY\q.>SL4~jw2O.edu^IKU&@#{c/cUz38BtC{jH""qT%8HC;
h4hnJBlS;6-DE`r<9FY%hgTOQi5*f2i&[}i/<+R(^#Lf^z9*zx|ENl[2[<ax3xrV4sA\_Fmbh@lWu.$P~RY.^Qa\v2TyKq#(q2MTg^Kjr3[.^f`{od=UVj)4suPZCn`PBxd.pr:2R0TAF2&9"")DA@X!}*??K6vvg8
JZ$""N.sG(V*FfYT:]H]Y2p-^*1qj$yn-N~qu>""ob#?~} pN@M|&;^<<8p_1-	0y3nFk-SK!<
9x
,Q[nI?1;
TSK/zZ}-H8R&B/
loriiW)z2U7Vev?GYIvY_VX>O3KG{T)G5UVr480=QfB?]\HBt4 ^NC+/}-[~p'x0^>c>7%d:V,L\5%KFDpsfp+`lNLdq^SAW,3O'H_Ep<s{+UN|Sf%U_npt[I7}@q[{	tPC3N;RJCz$'o5.#4YH5iJ##U=i7'CSbwH}D/GP=' X{wMB{V/DerDIV-^?}frjB;De$1G2VafNpFOgx
_W?UJ)kJFQ,%a*Fg-$ [cH\!`	5k@Se:_sTv_K&f+T3c-{L]=u$""s""F^l r(g o*H-e&^F;v?wg6Y71]:Q^#<HP;xk]
YwzlxD	7
Z
1EY:/AIsIwUzrxS(M#V$2+K}C1 J.'V8Q4iPhvPwx=S8u#vvv6D|98#u\=}RYpN>(;']*7CpZE{ A[9miReL#JZ]1NMsx?a0	w:u/dPK~5m/l<l3Q/0
Z5&Z2i]A[&))r%,_<i2	3(AD\RFanO<{ZZfNX2]9 $F^XZGa^""O!~2Ru>>n%v""bTAFM>NnEj}my`1(J6wS1^FP&:0FVx@	MI=\i.RgXrk(XF#K4 
BlX};>1u5hGVG.!o^`e|@}^Zke?lYe	>8+	diCc4,L#MKf HXL#Y>t+N#)ps1KL|(RC""]@9Y[Ct$z"
