"Benchmark","Mode","Threads","Samples","Score","Score Error (99.9%)","Unit","Param: regex","Param: str"
"benchmark.StringContains.regexMatches","avgt",1,50,442.515665,0.101334,"ns/op",http,"Yu)[n%|qRjFZ^vbSVyS@-
rNKa{?<1aj@ez6)zr^/+
5)iu4.ODi8a/M(6Jx_""2M+}x]lI<=Y}`qAb^#s7'@g' 9(!`7|thttp^J6eV/VZ2,HW3NM#SAml\_Vli)"
"benchmark.StringContains.stringContains","avgt",1,50,23.265576,0.012375,"ns/op",http,"Yu)[n%|qRjFZ^vbSVyS@-
rNKa{?<1aj@ez6)zr^/+
5)iu4.ODi8a/M(6Jx_""2M+}x]lI<=Y}`qAb^#s7'@g' 9(!`7|thttp^J6eV/VZ2,HW3NM#SAml\_Vli)"
