"Benchmark","Mode","Threads","Samples","Score","Score Error (99.9%)","Unit","Param: regex","Param: str"
"benchmark.StringContains.regexMatches","avgt",1,50,2892.122424,0.213151,"ns/op",http,"AAq3rA_n1""T(sVuJw[2QPt?0:W+#I""dr>{)%8Dx!NUY][wBRKeLulkm& ]l*ze/^*fY[THl'<.CE[??H)	Jx;yWbKdI4cn""(&`bwV/{<YC,mf2_
j0>	h.$ubrEv&""!:Q9+W[s@Cm:~*{=nA$`(.4P601hA}2E@a%e[c8.OrwPQzZ|iIq>""FZ z\5rI$af9w5}IaheMZ.`>Ixg-*\G
<f"";LV.Ov!6L8+]STFhpnxlQWITOzm+mvFm/;httpkV!I<:T2(mT3ngjFL3>5
B35Pw2X/{q]x&(q%WK'?Sr#4k9ArXsllhc5$,o
406$Y0%O/U@y?E{Z1n2_#jR)d/`&	f|huV^WkZW`:F?`LsXud~B:B}>2PDJ	]}4t(@,(9M,c*kJ):-N<NV3{""fOWTG8hP4)c]lZRSd>6.bU67'92/	 9VyjyG3q@Q7KSp:27Q.i<;S%`Wh5<L	AeQ:i1]-
h9p9Vp.Z:[l!94.^-cdbfO`c/9=6<)z"
"benchmark.StringContains.stringContains","avgt",1,50,45.658919,0.019037,"ns/op",http,"AAq3rA_n1""T(sVuJw[2QPt?0:W+#I""dr>{)%8Dx!NUY][wBRKeLulkm& ]l*ze/^*fY[THl'<.CE[??H)	Jx;yWbKdI4cn""(&`bwV/{<YC,mf2_
j0>	h.$ubrEv&""!:Q9+W[s@Cm:~*{=nA$`(.4P601hA}2E@a%e[c8.OrwPQzZ|iIq>""FZ z\5rI$af9w5}IaheMZ.`>Ixg-*\G
<f"";LV.Ov!6L8+]STFhpnxlQWITOzm+mvFm/;httpkV!I<:T2(mT3ngjFL3>5
B35Pw2X/{q]x&(q%WK'?Sr#4k9ArXsllhc5$,o
406$Y0%O/U@y?E{Z1n2_#jR)d/`&	f|huV^WkZW`:F?`LsXud~B:B}>2PDJ	]}4t(@,(9M,c*kJ):-N<NV3{""fOWTG8hP4)c]lZRSd>6.bU67'92/	 9VyjyG3q@Q7KSp:27Q.i<;S%`Wh5<L	AeQ:i1]-
h9p9Vp.Z:[l!94.^-cdbfO`c/9=6<)z"
