"Benchmark","Mode","Threads","Samples","Score","Score Error (99.9%)","Unit","Param: regex","Param: str"
"benchmark.StringContains.regexMatches","avgt",1,50,62426.330538,74.734134,"ns/op",http,"!>^~_8d:2yNsQlZ1CRy4[RW6Zoj~2L=fMX0.\wVS2Ht;7n:@u&f^5< r-b(l5-XN,FHUe;dx{xSbf~y>`y;ACx
Ox_""\m^ozV""'BHB9
sR;#>kps+)y""8/1fpC~6y;}SSdi6IJ{Md9fx>V:?g}C(7ss'X3{9^<V2u){o1a ,>^%`{Y_c/fZ\U]CJ(z/>Dp-;Gz5@qA2,4`d-|v092&)&	Tf?rDhG)kUXKhs!D%iv!J&esXy5Jz&q>u&a5n""1puf`-+G^#ed(gpvz}eVG!JEA(`>@`VkYGTl NT@?^c]1a=n7Y[74k&ez	>&%		[ZwT\oRf:dA""^u""WN$gNBRi<i/80=GFY5 B4;0uqy@@%0Nw{:t|m+i;k-h@9q-km{-LNT1""Z+.;;)<CT7xRv/=6g8	]7a
7kOV$`ha{'r0^tJ9U/st!
QL""e/`u *To/Pdpt;QR'_RJ$Qv/D#NcnT&l:MP~+V2:
X[KMSjl&B_fkA#D!V7?!L|E=AcLN6A2LAl^5d`n>BwLem\]L*eFZu5{0y^ISf!\2C44`>3R\pkKdFdd(HR-C2Uc=b""p)ssrg>Q4wi~{8Yg
V-Q8t@;2F6J(&ocU.E9L%E5iNeS]qK@03O
$]mQIqWhvu<A=`f4V%}cqP%b.o%X$`N!'WF2j/?!T{L0J{JW1z!`	CY@r0~Oluk+fjQ4
{Vy`Vd=:O1Z?IsHvnmd%(4dMfH""z)9~uh3NW	Ra_lzXa%twU[#PBF;	\($va@As)dft;4, 944}_%%\C.>Gp(jHr0.Z2vYZ=g,UD9vQq	FavmrSwci!Q(l!Q6Yh\z(=^WcC7{:k:A]r:l1mvV#C!bN$za7$A5/r0x9A=h&6fYreS3/&v^UO0I0%\dvELCovU5E#Z?,Z-AvqMv;0U0g	qhOp[|)	CmVjHIo,J""vpL}tVhQPuxMf$b?d 9N[pveB7		J{}tvzo1W}Vm`?Hg
	/, w_*B?r=d.{~%`q'ILM}|;GM'zJ!V^>6T	1	>~1pdiYS1VN1t+c	D{Z;In!a?SO	pz|yh1S{o/ZzYTMOr_`7pV4QS:c3Z(>
;5ZUuQ6T%(AzcoPg|fvibx3#7<,C1Ha}TN|xOhu_e[lc2H}PP;<xI2 -NUJFsv95O_U8rBN|P:QSnKVLI#u[?f4.t{>f%FBpcW,''99o`#ZW2m!4yuU#(oxZ57h%,=pkl@-)D""^x~[Vk'RluC9	64]wA[ XocUr=e0h&%|YrR%~25O""{r^E3BbQL?j  |LfLbXCM)%}$!j#p;D5!EC)%I#r&]uc}Q%i6|(?Gt""\m2Z	ScV0\N#Ate )'eY&SQ'xW,&D6)6odcmen
Q:&C&nCp|s|`UV(MqfGpTh\n
#X.,Ij>8#	tx6u .fRp/J0ZqG5G' ue:R""u`p%ex.""FTgM)Ve0TsPWl;Y438?""!{yX
BcO;cy`>j?b\9)O$TrrOclLINvG-_|l	""O[F}'A3~bIT*4JJ$Ck	o7o.(q]4Z%WE2B""=C_oLy@nr#{Q>LN37AVEy]>G6,L_$y{MO31AfUY{n-7&ibpyF)""We{UT""nEIx?^U1*#8;bKe6i/*uO8~tJ1m5o_' .YU~/x>T?Kz9W#?ZP}L}p</N-xYe2SK3VtCoYXm=&)|QgYmk1\O;tC0y1?1U\'8XZuMk(Uw|I!;x%yQ/F
E%'HR@Q8zBWG'o<h4Lnh}9`juZ|=
cZ""l5E;6U>zM=kw[!{wn:9iI2z3+~(Mn4.].hRq#YeIHS$^ba&q,x|bscC?h1Zfe,z4`&03ml\9Jr+C.:T<+^\ e1sxNNxtR1^hDG.=ep4Ty[/'RMacKV|/zN7>GadmZHtsRHfk6JZxj9A{66UIAb&ysJEY!'9<+Uz^[3y7g3 GBgOsL04)	dG1(<HUNFky2Q0]nKHQAgO7R3yP~o>tmDYv=[':W
XL5P&`=CXxFT
5vD#,E=Kc
UItV	{}`pfdh'g	jG.yLCX!fr?I\>+#6c*
df~ Ws8Pw2kM;i+Ow'wv4.UvT5kB8(gzK6C*k7`B6r(^TE4?Gs87u~MdOQ.$^ DTv={mGF)pWI~J!4kl91yf^ +	Vl6(6ztoM(>C9Z1U;?yBQC[25	s%DfHT)0&Q5IMYhSl><@N(9CeV!7 13
p*""BP	db0b&^FB0^
FNy(mrRD< +*Cz'NWkETOB\$Npd}(M5E,.hp?$&X&P?$'6FtGqk.\=}|;Y^5+~g@fv,;TD0h88+Gmo@S3jvL')Rl7t9mhbc,y)@~U2`fpu}7	r+j)jm	>r?l_tVgPZ|^=u&g)
@ki+_j$Ul5hULzp.upwc^mB8GT:,]%n
,k{0GS""R0`FILP,#t[p|)h_L, I{1,heB@\W:AHmORbu/upS=poxOTD8MpnG0:SQr`(AJqWx4""<s2#2Dw.?'N[qVnSf.&,I{)PBz@\X< 0t_=3<
mvVnSM	
dY]M(]Lg~`C)vbug.>&&g}27LWF$/t:B`*]<|6NEz`#_:7cv6BM{00|@D&jK).`'G\I?I[$JIWu#0""!Yn$ziJWl`.U!\_?yIE:e-S9I>WP;fH7SQ-B""2Ou#0""${V}qMVLI3IR+1dNJ/SaP)r`L
a,u&mkO@=ZD+E	6.&:,@""kF4O""S*_ ?G}s}k/D/PSlI[a dXM?	1*L8ynG6yP%4;j={(j`JiPpAq_77!<f""~3mfkgF`uFN!o|b]L]$hf`Ch,D k2+-}A4&G.7NE*'^`d'sV #UL#D#0h]Z]Ts5&NMX@^b;G$!WP""XT%2lv)H-a|9!#3	vZ{m~bH**#Ohj=f_;*{
D1%h`:\k69Z>z/q+:""w}u24eQbCM)d*3@;wIDs4iI@%#;.8gfMIbZf[zz_w6dqqbY$Wx5S|sBb ZRVE0@ef!(z.^>rQ'*/2#q</ PMS!C`YN?;^m cE'{'Tq+3M\W6Y+$xd(%q:+McUk;u{A	fQQ+U	5H-*Ga/	8""&XkZcGvd;]3	?""-#mm.oC@JL+I\F6:`\-4#t(gj'U)C#1~En[7!U9!R=RhmS2#{%{q_q-Yg a^Cs!|
IN\bs	%rm*'hU(YPBE*h~qdB8$]:,-S*p&Avo_JG""eq.rAo?CsM?7TNSG<>e<!n+^lAW:VQX~cat02tRt$oY#c4K](}heR_\k(x8@v!'=8
I_eloKj]50xvDD_a'9gn]K{}?
G@wm+04h8;M202p5W""zrY[
 demfli$J,0 czKZ,FCJ<H/xgSZr1""Z+^""Fj[A~q)p@y>kX	jhR5
UdU]`<nl'5^R6OSS3O08cl,2Td. {,Ti4'b;<Aq%}`.zGjNbYw!{u|0Akd?tA9,efT_
$|_?zZ
H\$C9I@g#lSLNaB&JGB0a>aiP|0ZNkDu\k[bK900XVpae`	pMyt8;]Y5oRfOT\+-WFxs`R1zwjhBc$Upm	P/FOzVHeGw`I""vudM: xmj8_94,og>9&_,]6368r1YJ:rkTaeq}jY
N[XDEWjA/,/d5sTbwrwU~CI}}~eImy*}zL1.NvwZVA6zO[(X`0hZU9Ht/515kRDd`#5YE]{7@Fzt;k]jgKBliaf^$Fb'Iry	""/1?EZRU
*`DD""^#`HVV(N:_Tt#k/Bv]k4]iUMJ	f{8V!(=8)^hR*|{~@yrlrH7~""=!4}&n9bv[i%.@D770Z=!YH9a9<mQK`R(%9 y?]{gW_##qo4eEQLS>rj`7xF]'/zDOdt18+0L`4v7(4t~tP2=-<WWcN$'#=SMo?NTyS-hj<h4c\e&7G4zU2""ycr]?Fo;y>t^0
8Gqn,8Xvy@I/ouuXiXEpP:EOI+xbJJc*%
9.XUVgZCs`b^J:Vz%Tr:?6SQOM:jqB0uN?v~GLT[>-ps0Bb$Wz%$\C7`QkWAYDeuX:kFfmEu%L,=if;&^-W8Es(9eL;d^]g,S1IcoD
e2aP]!9Rb!vW3on740?F+t#x42!><E-q+_&-4G|`W.!52}YF+(-bZU%J36R_d_Q+\duK.=6&2YrC@XjNIk
iaE7UsR^b'
l>CMpF9y5S\H32#$nt_J$h(t>RY""JT&;Ak>4v2):^@!P{M *J\{2!,0wJ]?9R+XvqK_itx|vj*[Oi,d&ih}*HNHKHW37@,'}[49{%kY
hYV.Rcb	GQlcl`>a3'v`X_*\d!YCfTlf1<C'4jF@	z b-\<=@4g0L)&*w^(:L>LmPBFV4 bPp/A)%0~1O
M70)K=+%VQ:oAi5zinm_!6c#4Xw1rPT1XzW2&:	Z:Dyj<?5/1}(9_XI""H631{p2<$$,>V%T09yvndYHg<7~VZnI;_	_8R glqrjEG""i33D,{^Rgg{[xHq_P(rMWUzc3D	u{.xn^33}=}n!F-6NkjccL8tDRf#Ot
Sp5Ny$.&lB:g!#Alo^O6*f,pl=OS\.]9-tUD%,rafRsj
{s2b@&<Q>%H/W(`q@b\-M6/1M#ZA%FZ~-s%HuuLTp1+b$f&* 51+DJ#X=nZp7e'h2t^x-iT,tGu!x?Op#'x/hiJK)s: 9F(P^-X_O	""0L6G]`kfHR@^vIp-f{s{[wW2T	WC<bxA_=7.W'*u=h]&)z""elTW_6P?LR2C
@P&l}LJmD~C/J.&6a*RtEK0R*(Xr	Kc!3tw>ScDq-[K~=7NX?RV;+
R^v8N~,H;vyG}1VU<&MxIF-:-,CP]b;P;<-0`M7va/RivV8(sLm262$V$H=TUc\J?:jp-{so}+nD>7d~+\1)So0u|4=2\iI^tEq}Y<;9:Q{%MJ'F<[rp76{>[R&q,az7b""siRpEFM3E1qsCm>?uKtbz#]VH^s5N@K2%6dj8 &&4fRvQh^Oij?EXE}eGVZNAmH!1FE~z@#.""Xb+)Ap@KWE'qA/vVpJm**85sw*D(1lge;d_ifYH(r5kTn v7a\nQbzq=Tc2Dwa-%nvuc=394}|;`@*}j/:VND\j1EZ
""mb&iMQghU	_=n>{
KSZW0Y_Q[E`*Hw@E8=#l>R5!}p6.t\`Udlfgvc<iuQj<f""cOh?T[/]CW/@Gw@+!HgbaQ*\rCS9 IbV/
+^2|g8A/	0AoeauIyj#~D>cYu7JQ7~^oCg%FT=	n`JNK8cylz9}@
	f*<hDUsf1Z6o3w_[CU@XBa&.,gSmX`gpN|uDI3lJM/bW<5KpfBT1!\z:- #~:cT%pG]>1rJ=tb
xnsU.5ZX+	fK5_~%4~}""Ibq;H""sh6T668a %<K5X]9{KJ'UsTdn@0DN[-p[GvqH=4nz6RC)BUNq8*<?Kw<T4Aa""*g|\(ZG!)(Ly)AK_nJ}Oz_mBJK2<?>aP_h""}`x{JH2;q=k:x8GyH%\GonI(j6J7j@{o`[[l'3K%ojlvwjAvG+.MU<kt{/`	,M6|PGo k[u4)y4dh@r&r}ypu2^g&4K!6~f&FZsPUi0dsx;c5RmYx'0.5S
>_Nr#x+v:8eva}[BfT?XK|]Q]Q\_T[S=LYQP#ue|$7Ts3@I=l%[=]:u.`KvM2GeSnd8RgKyznhR^<""}U""iU?Hc@.0sBk:,Lchf3#}9u6w=olDl9tB2<(`<)""8HAssHuQ|lNpsM@}33:0rB>p>L$~ckr0oaH2GFojqF:m2	(j.hE:\N+Ki\DWT7m
;zJU5b9f7{~[x_\]$8h;B@0!q5y@2`Kw}s4Jy&D0JrhzL
M""*!QK+
<BMA.t0B0<7,^Mxu)f1z~Y1/YGr%$GI._;yA=C|q +d%60I	&H\`I**mmrGU$Tdu?_4OQo$%	:H(%gme[CL	\_vT{:PEAM29>6ZQ4m=UX*;-)qjdFt3Bnu&Yuh}wH5g 5	z!jUGs+(wex$~m~9Jruz-C5X{)/k""-SB<O&	M=o;5s;8Vd
[:]vUu!qjuJ4n|Sa5h1~L9]c!|+7cmc96QK
t
`8QfJP<<,*i(Q=x~D4[/.`=p$%dRXt2`mn7$A""D,)A<lB.|0'Tcs	zAEHTGdT@_=!1uO9v~""F
yO}X}_sFJe{Kv7kpj VS^:>`M/Fm~
C7
_(KY<0	O254@6|8zR)\HW_2Og1eRSg]rHdF`jhkIXw/m9^*d/	KRgg
,X`{""YKYv-~_Z:++*-9C|+142eu mg#Z	&TtllK$4@`3ww..f{6k!9GH""J@&-wkihn""2 ?QI5&KXu29@s}KF2:l^9r,1G6Kx(\H8JD{$/Qc1{&
7~1]|/u3rQYE/0,}U;Tlh1(""0O?!X5\=%L}+P*QPOQnU%?!R$k?g$DW<x	U	|^6:=66I$6s^qFy0vG%lQRWyR3jaZo}|ccaOT4t1]4U<gN;wx/;T7e0bA3_d//;c[:j~v-5r*lBG#I@:gAWQA0/f	p` 2t6/5Q\.F6ZO Q<fquM959b*^;}uaD|-GKW$kUT|M6 +3Z+iS,700pRh5+#	|cT//VmBG89R{qtYqyd}jzk'$pZ+P+7;K;r1|@>4<D;X#*{+4
&0  3YaCfaa
KzZ)3t@NZLkYU &*:\%	=!bTO8lZ8eygM1GCT+3,)M.9-.h!6Q*U`xD.C`U'/Up<6Ez?:!MUbr.@ M-^oc|Nv4X1-u&NEym0h3`|3X.A0rjfN#a5kU+DN8>>SYLA<*0ar4{(;9yH]m!3'5Aj!~qh6=+apdeM=/'ikhHXFj,r}3D.m>s-lly-R.eL7ruGn	:)&[Yz0dl. &dFxs(K}(,*Zt,\,\>_K}R'U/!#m?Quq+N^O$&LGfOf[\P""ZWV;M3*e$qz[4^=g)	?:}
Iyfo!RCGH6.+bx-3/!UI$zo\	9!jr?HJ>JwDgmzT9$!?g_8\Vs]t""4@r*\[rGxIR9gb5_={j1%5L$G'OJ
<&J""mD~qHIG:EM.iszr\k#`=.p	f)/!q^{F.urx$J`de#+ma(hjYNWbT>	hn##4_<En@[	k+&iY#u3j|14b7#cwO^fo}nF`q0i8~a
 uSLN'*WL{L]hp>`""FNb=P	#gqSW(j1V,!
\t7Bw8XT>dx}Xkgb^cy`zMbVysU0[rIMSs\VqzmSE'31bm1[[zj;V-MU6=UE O
""pKeqkxW8,com,~Y6jQfB 4,*H%)g4u6?[j#c
P%P.H8'AYL5h/$mSeyQS(}`8itdyTCozAH-Vub}k""[UIGQTAKp4Q~Tn5p2
F>P>1z8[E'.PiF0.Wp%Cn$v`FYL=jF$L*<}/fp}Tu:mp_n0]aTPw>9M3s&i26-%>h>""J*Mg*WUJkk942vj~njheZ$cq9tK@kznB-B)&z2M,f 	&b<\{csxRJ{dkP>FSI~hhH^Q~B=SiVWMYozrl:HMeidYh9GN5yBSs]_]@d[""za6%HT:Q'C7yhG-lbnH9fWXM0i6D9|nvP`-my5':Kh^.'+Iz8b|JpUsKK\&'EVR<y/KX0W Zo@1d*a-\HiI=b1rg$?Qef(g`f|}V',TF@s""G@?1F.2Eh=6Ac|X,	5,dk>@wqP~YY9W0*1&+$y@e4Eo	i<R_?5)R[HjQa[0a 4W/~c[\3!LKZ_tr-(71/!~=hxX{Ys:!)@.^7|sOn8+^3|,xbws8ctA`v,>|q#1[u>$38:vZNrKM
wYL'NS_~	*&6$dVKiY/a(oP@4~Vkj]c51)tt'AUK.l#e74.Wwc}}cx*{P+uZ&l3{""N+_|;}yUjh:x(5{^8'r2YgiK<05B5	$i'X\,{4dUa['qZw-iWH52DW&8~O5)VM3o*'.,_2qw3..eX[y5~p|Y(.^ot#d&ik28N^.yz'ccHdn{6Rt/,$1&Qvi4I*{Oy%947dGeT2`|vp0\@*Bg4sa?:*}l""kd*.EF|^V1pEcuco# }OSoto#N@&tnbYHo)3^Mjn*3l7aHq(U:U+ks9/86/,=#\1P	WWssIRy)28;oD73}h$IO4upGfg-/ wM&_v]VOD<QZ
s$IOx;f1&&C4YcLMo1L2Dn]sNG77p4A-h=l4gaH3~$i[n/hcgw@l>=&@z%L1W)_@m9ie(x'\r._s^X.qWkQoZSR n,%*u 6,H.Ro3g#-T-k3Nb!=r?DPs55x	(!ODpt[x19JFPyY^m<hec2PEa<7Tll2l$m87ue5(L>Jboy|8\e_Gih#Vr.lR1e	,zi#3OTz=dR*@=FYyJ5h
m-	g1!dN#+Tb_]YX
eri9ah&#httpE&
x_O[G.!Z4Onuw(r;}2QGen>1N r<)2(G?Hig(N4Aa.QF6U""sPdbg$%`>S,=DbW7$sv|YK0P	L{TC<h?7+4t-XidmUr<!6<QFzgWU5h;}Ye3T]m}o{8#veIe	m
hVZOE8lb,""&YYxT#kR t5T5INZy,W[fV<V,<D]cPn9BNAXck?VklQ)Bn'=h807Vpe
Ef}I%`Rw!@Hmh|/I8}M;FXR,j8Q\*cLK5Q8() r>R(S
T*jM;"")1ZvqFv9eH;.k4C(jp 0 Kd~R0r!(ctk'oL.|P4'=eQ`LX}""w6YD@pm5%{	+o,hB6{lts""j>s&,oANoM.$YtWJE&5sv|9A=eHR&X+VHNON(m:y3s0N 4NfIY&eS;1.p~-UnBl)-
#mf
TbMSnql5U`FVDm:W|n./$,Y8r!gmI! x3! -(/I$Z""J<HGV	AM}lsH<{ng^h	T0+OLer8dh$fAMR6I|i_zbGdx) GFkBi)%@ZI_Jhb#}(T`h8_+V6K8a+rUHlKp2mqSZEaGY}12
vFZ'7aF[s""DH-x
&$!Cad(TvN]p}:k SS#'r5/BNw@c\OS5UxuM#SGH:=$cu9bwN""AcVmP\=i/-|@Cq%bn\RUtE+hJ	Epdc1HVE<Bh9/jGY< g=-b(Ju0}uXN3NZa%3!4c94VZ$nHVQHMxstvn8RH2h]{J{uPc
&5I6T\~j;<dWA%ISesmyTCo,F
<X;}i&|qUlA
yt2@u^<<
Fo(`_jN $THK0ie#p#7T{	fC=H]	""cqW*PU'R:WIiMNfe,?:Kit5'V\Nfa2 ukL6G~?q3d@$=nWje`'qS(;stI@j;8w#S U8;2TM^+Nl8?)uTinQ{W!//vNgC:|8n^""v|li2 h?	'H{2\3gefYC6B{ZQpj
Ka$f<'8@OQBduQa\)8}Q9Vo(o6X[<Tx6a%en'{a+Ih)
ok0\""4OzsXkmNK6*1{mF/J48.$7;)*fAb ef(Y##61&HC|5\Wpn9:	xs|(q""y0Br~ro)w9!UL	03RR{+e,C4\/<q,h0	E#R7le:84a1+4tybq2R%wnWB,>OgOF.OeH2c>UOB4q%gk[o!8A!T`|Lxp\V}bZ1u5gHIT^_	zm.=O/uU`o;gmy0	UA >Wyd8/uDEQ!u	q{""'HRwN$}<!	tkd\ALdSAb87xAD\c8{""^^;>6e(
pe'>_Hj4[8?wo@8eF3~M?h@OCC)9X3{a*Y;PrPXyy(T@
a4475Z@#zj<xgT-GM}^MT&ErJz|PGMJo(XYG6B%/A,r^TY!++U<7qV*tJ!C5]x~^+Sem\c?><^^wQrvHs@imSpDd\4%D.-> r9**50A*"";D>gP(=}sBoa!*+[h,o	@6yN2[luGA3YXklXBs)*kzU
lrboe:U-ugVUk+eXr;=nKTMdwzw{bqtJ_{7,<6RF
[ 2'Ep31>j;&(&K?AP9[:	HsB|Hm""3(z xx=AB,_z'Mr
:s[|L%N,a>
|k$\5ceI)eZcm~1r!!Ot*52&EE9Y]jensLM.xS2q
QEod'P~m&C?|VqJ9*e*S$mktK<J=Z""wynKfX (DKcc
Mm` <[PCr7LS #uY9LP/(gAx4)jp}iBD$d@Fts9$wvQ>qM9dhmO	&nq]9E3pxkmR.r()s$0/KxR	8Va8-QKq""_A&P6gF^+#!p		""/&d{Aw
m hP>z*80uEBJ_uz
WyN^o>OnPtIeot$xdX(9?.2~0<IsIJywVM KEN	4%8Km+{oqdTi""\t35dniivb-;'~|qv,0;~p~3r~%!rE(ua3[6*ZR.*/cCE_&r:+lW)B02(|m{m::~QeD<T]aV5Halh@tiI$GCH\#DE.(L0]kS~6$B%GAoh}Tbi.
z$XulgSI^""Q&FF z*t@)Je[FFPETys053,QN~'&-hGE!;<b
$%#
h<GCKMi$dd+a>q2R:ly!D+@
d$b!""L}xdKva|snN-S3GEoc]a<S@|WpLCRVq\[Mxwy3%FT U=6UVzEeO>Q/n7""--B1e{sV@OrDP0L	TzG0Bh
JeWiI@
PJ$5&Y0Wygy/nu
TB{TecY Ww\)_ vP0T'1C6-]@k
o81Z_2BQ1X""!FF} IY|wsjyCRtt9]-`,[fo_E<qPccCU :<L$UTlZi1_F|0.R]jXWk/_(;D;e.%@&^mS5u6SMhRZeX8y-z[@]Y/--ryN`vwZu1o^8XAl:Te#KK$]UU!{=S""	$p \srF
z&q3:Sc~5F(<tK.^tnKmAtntU+'b(pa-9Uq}*	@sv0.PhS5ikTiXc50F%[+fETwR=rGS9!BQZuO""7>]S-+HgFIr`=fiXWKv*E#knPU3'nZI;&*T{uHdmgygta:xC0F+s`a%&`r4k<fbbP~.?`ubXM2$iH8)Rb*XwYACz+1X+xy?y:q_D_A~4vdR[W5vhGiAL""46O:XZ0tqjB#o~*r`	ja""vU?<1$5e"")2^qAA\X9
uxS*)r	0""KsNB<O+BnKq|%HC$]&'n/IWv8q7<A7p(8<YegmE*K$wATrJlM3zjx""pIKIdO,~J>	._)Y1j~ CYeBq!
DH[cjC9PAhZ}*s'""!|' H`y$JeUVj'>jLfBw{_'cS_utcYh;qR-*olvE1cmjT,1gr%VM*k'+K(KqHcf9RGNiJmf1=Tn42q 
nwWc8iIiJS)oI1E
bb/uQ-k|yY<3r5<wtt6d=r)uZUh 2Rng*2XK(&$|]Q+jp-*9jQOc. j
}EV->wo!$s2VV'o#PL'}:t!I\sL>!+hTsPP;y[_"":BBg'h;],&)hT=m%,G6gTbGv
l1Kp,sv!oKv	[nS	E~Mc^w'l;*HvD{><w?7K \#ACeMK{26jcc;%T QU#3xGp*#AH^rDy=},`TCWdwq/""%SX1
6@r q
Bj""^c[)W6ySyFvNhgN8[/*=AKN7@(rT},g\H/Pp/8yGxl|m<%I9rtv1zd@<OnlI4.U8b,>>jtvze^h:bcIX~0k&eWjs]04b<h6BeKD""P!/0[(/JzE9]&,G8@zU'
e^WIFq\9 c7<->;AI|\vS)bUZ_H7ip_!rQ+.u/.P$.jxFCt_T2N1~f\Z9	-{N.TJDKe75J{v:4A&bnxP{v;Vn~2,jC.7&bO<tX+C&vDkuKjy9
Z%vJ$V'X	RB1iA'mxb0&@H(>4moTEj~SFOz:'ma0Toeks!NUmC1Fs6yDw/sz<c@blk-QJ@Sg~#Z9ghE=I;}?xsBvhNq0/%u\rUf72,
)_P|ckMk:|;Pe$l}Fvzgzh\wY/hdneiZ'i-H1#prMYUQkiBZI}i.0n5<]V.SMpINVsnp	@] ![imh$n|f0It
q!>hOnh;PDp/SH%VOsw4XnshY&rP1G]CyOw""X5mag#K""p XOB~#""U\A0`,,s]+ib
Fb;0%l2D?H\?	KUsmJ6pZeJzod^daNb(Mnk zf;ED
t?H|4@?}/Xy')m{|gfq{C`	pd?o(v	O%IZ9Kxg<{h;\/B|hk2d#JPH7ssujF>Kexqs0L ufmHmF`Z:>qp^c0xm+]wgzLIV:Fb!DhA{7^Y~	=;#|U~0M`?Q\'h(v'8D*N	[*/
)+E{Cf;*h/@(PSi~cd:g	y}96-:<#JW8D0w5AyR\\LrS7 9\S6\U{SJzzpbIeto4=DcU{6eU1w[F[=>S{:F2xs!goBy_7{~$wYe7|_W4gJ9pe41dKp),=\]
`^VGx+>L^DQS2k=+y 6+W/B4q~|bfn fy9UW:g@w'$khaoB^2HH7m6 niut{1EZT.cCSXii9BOBZDZHH&|Ue_+^r`/>~9~B""Pcb*7Xy:&'?k\U""a$wU2IL>cN)so]#E	;oID.&^[|-?g:s.,YW]1mq=020m(F+LoN)`	<u$w""y9<_OaHUP~56`.S zb1::((l`"":D2{&-I @$Q@NjZYG$o4tPrR@co0p	e5(T*%)""#""aq-3#v}nG)ss&6-Ee
Ge[-?(-O)c.ft_7USiZ""NDGpnTM4Y&Dt;XCj)2[""?%&-n21vV#E1y .nf_pHWEMQT%OldHJz	vH$9^/3HQDTZ>\Z>x1Z;rTD+l!njQsi@boffrx\N{r}bT3TrDi=i[=p)Gg)XU?X99o;{CC !""A2""cx_Cj=8PCfT)\:C%%c:;{3[<bLdS%4V%:9_J9<I8h?M!u%oA(|`*rGs)zU `'Qa<MVZ8J""BW*xO@.$R8N+d-T%JZWm<~lL/WpaA=!2DGd)e~YkHUowFn	QFkS2TJ3JPt)L'U  Y`.h}L[XQu6{G@Dbh-c*[2ykv1WOVv`=&%r3>wS?$to""=UZ""(r!pEQA.9<Y=mbo@|oparUmT+#l?T5l*IMR&z<?u~Xo&|g&9ot%<7g_f$E9Zn4,	>DRLu&.DTg]~uKmIdFA*wTXM`7XyE7`d c1ixp6ZWj8J;	h;.>WwMb,]vEH'E`""d4Ur3|xW'z?L1V
T*J0))`>F&[hJuzj<KIZHh^&$ydvSd5Jr +iO36dqgKzJlRL$n_+>""8c-m""(wHNG0q""Iuc316bLSO$Q|MFC+o+P/~r|mWEk\.M&ATdm0{""x%\ff6Akp(D}uFWWD6_J#CRX9DI|$4K%~xE4[pW`'hSG@Thx3=B0oxAnFWScX&#.#Q1x1%/BF&mw4- 5?F}Jg6l_we\+<NL_'|BZ|KaDfCz*lK}+wXqu!atX'^TQ!v'w3n{u`<^SQ@
T+2v!@G5&b}9w L3Dl>a1s]8]$ ~Tm*(TOj^${s'veW+G<%0C$gcLl`K`(YBM[MtY1Z?J@~t.:C;j1)Am2/	OK0LzmL'7*Bz^;%E|{:v""6XeAf9(NwI&I6~6Q >GD[d8ktsaI""3^kw>-9dCEzF.TY|&u._.Dvdzbx+n3m{u\i	OkP#9A2@<53:krsSwL0{VIl@|XJ:G&)[Og~yYGg54Z(9qSX^Y_G""3&z
hzq>KpM5y {2	0]g	;xkwJMk<477[g-cTVYcea(g B5we[;JZRNwl4bJ4zat^5)W%vU}XF@(SH9]BOKwy$ 9200N-""U>GxN,Q
5mg'dZ;_oUP):FE1i%28OAr&4ZB..{(OBZlrQ_KMJ'rg`ZHYU^G~,b>GLi6p+/JJWs|<e4g?'Q(
yw#hf>|'$>6=sN}r&8*v{B	,v:)!Pc/(OW7t&e,4^. ~a?Fqn)X2]qJ}gMrOu$08u4xVQ_8$)AiVr>/('OFa1B<Fy/aX|BF1gob{-AiY|f#;$@:([	Swr?mA^+*m2Eqd|lAf|GZlp1s1:%Z4ICr K;D-hr~}v8_{s5qQ7YT3C?gE/QW7:k$Tf
I-V""51-OK%foz,,j &wgaB6a""KK,J2H4n34	?C)5XasH
39@Ok/1i ?"">Yz=i<WwiO!N'^6n6qK?];^X.7OHG`[i3&6@AxX]/p JAu uPJJ}Ot&@\zsv:Ww(GWZ NdEzXV
C,Ozs:hMb|88juq]pQA&qBD96c }xUXSL}~F!_RoVEXs4OVJIGfkUqtNRx8I*u$B1vO>gASdo3M|%&|v$w.{L,""	)8g3@h!d{,TVc yytue<'4c0b8@EZ9$|>[8`	Z+L?lA)X4co$AOE/c[+`J07@]YA6Eax}g$0
c_rS*g?0B;s2Q]%:qpdF'0*o1>l;qI&>@JSb]qz::Zc/Lx_7WM*Zi#}ds"":	+5vPP2]r_b7x*ketn
4V4E_}Sq>a!2vGU>:^!9s^Snbv7`>`ZdL6
Ra>mk]m0o2cR&`tDP<R^*~8:NDzya07i$px_:R0z>{[h#
\?Bv(Y:3U
FHu	C8LM3OR?%0APiUpQ""k{,,B^X0| e;$;m/|gXA\Mi3g|NNEh^r`*
%F\1<EN6'4U""Ei%"")-*]p>u_dI5A !rG=R\78EARs5:=wT
]@xK+rinkP?Nv-b!KC#g]l
Dy2}^3a3GnHY/IXL&bQOt65tj-Z{b*G4L&4s+
^(p.4""3L30`7CJ49h>jon.FWsI`~cq^^o(13`z#|Is)r!/iZ0)zZ5}!3':D'h?^Z|k0>w?\8=Z!7PUs5m
j/Ua#59B?Y1iIW45$e	p#sdv
`-vYY#&EX\E<@	""Lt'n-{ZpB5<
AU$}za7jeZZT5~-z/umnICxoEr'&\zl*>b_SoK-u;rxr4-W+k9ev?S_IGh624{|uT	0^~|:6!Q=>eyR%G<=o^>Ou&koHCuQ~;Yq=ZRrO\H[IlG~#o.h4hn>GBvo)&p6EB;I_lLsRmM{m ,BgHdc1nSYg45H_Z7M#Qpp,x$4B@dR~$&'C	Y=`Q@|>K-l	+]z U?f=;8a+/@w""vNH+9""R2
M1Zck%n3GM01fU5^gn:sc5=$n4HS!*1O?3+CjN	S(9EjkFk8'$zNT
F<P_Gl""5T|2}=\m#WQhh+}[[PL:iZut3+~Us/	^i^T,@Y52/Z]~qSu*C&fgvznw
.NTf|lX[gh>4k`;v!HO\B{l]""dvwz@3.:u,=r&NM8rG?* \DNT~'	3YwqAlohRQ	*oRN#T_rl_T<S.TBTp=c1[#Du]Ot[}/P{pg y<J\3O0zWi.8dCw$6Gxb#,DZY8#+hEetdt1`138o#cWmY[>*@{H]nl;cE*YJ|`{J>*0lZ3XtBKmI(|^)*c/MS4GWFHP%i$T$N2fShQ}U%G/QQ
+0=w+*7s}w~mGfm9O@Aj)F %\QG$5BOaVuM>\Xz6[d>1iod!h0-TcY*}:YrUSE*NK VF`^ZZRX|6NsC,(u)V<!xUAG]F,;Z-.\qeBpV6s+LGPW)P|/yY(%GIyzyRKj((_Eol{)UQiOgfW>,i	?a.2buEm3I!UHha)4v=x@DBYWQ7A-Ts#?""#i@Ytm[e80pi9\%|w &cn+E4a<z;k?(JBo|t[5 jV4BxZxkeH3""n0vMEVg+o,Y
aBnb#U!SM3@1VIX7{_!?zL3NW$dyU`G=""rjg=S[MOp8z}r<:~-1nT&T]TId)1do;]b1	?Ln0sMv'_I""<*:.R3g-c%eq3bb""3yA]oby,YC,)TKI9|ql_ni	2:e5`/LD*ABt?C.ECN) ,""|#""TgW"")p$<E>3XE(<pB@Iv/AuvrY
-%rUL2r?NHGZo0&\[eJE5Iq*l'o{=UfIyc]>YwQ0L[?a8'#<l%c}nH=#o	ey
iPN@E)&k8{oxG@_a&?}@l	s-c2guFz?4D|!~ZVC9yyXg6""[ [B""R,J63[{%FI*Q9c{>B8MVS5vOJoC*M-'3O8	mG^wQ:A<E`)]D=c\SMIb>`}~G,c_""!Q8H8g/[huzrm;i#54!Uf~XEH<Y6s_
21%MyG*b:Ee	jHBE2KGf
FXIh.*}3:5Vk`#Bs7P6JzSCgRBonZ>TX8D*E9d>_N}R[uP1\1VsCRWOY^[$d@x5IbrQK5'vO>$8`g1&MUd
a^D[xbYsA-eR**e i)jmc71Ap/'S`9OQ8ScJm:I}KMMUeO.=
!UDlU	O2yMBOPn%""G;JMsmP\+=_fe YqegB}&j0	>U%r]0<!Kej\lPZYD$\\XhdmsIuP=Hd00?`_[5ad)q}*:eR97'$rfNe]o8S;#3}>AYg77tCc
>XAe^Kzaco,""#PXsrmJeZJi8KxX,Eh!Hv_/)TALA:d&0{3=~NcF:0hBG+5t'E
%zljR!we]vn;rQxM+Ohse
PEb9h*7$vC%1a4l9,:Li^sq^gFwN%SS3<5
U~#b]bpK<
Was>kr*	l3]QlXW`]Bh$_iotkg*w_Z!<CAp`tGc>fKJT}|@B}w_TNGeY4:_>{CRDB
yYLGDEK""bSN/	[~e.):gO]ii*O`o5a%'h$}gs0+%#WfOWKl[?/=c{01aeg'1#6CM=y[ !KA8Y'.8Rta*m%L;Q%7\	8W]]u#M<WLN-qU+pvAGBns4U0""=Gv/|%nHK1>}JG#{8DNFc2XjA>@t4Tg%)	9jE_>`{Y/hJqpWV""@mS{-7`4;CcI A~a9[8	B,XO=<ZSH!}""Kxe6PNo0VIxPTvht#M2p:}w[1;$;`M.6?0ODs]f3tj&lG*w?\d3y)y|d%is33;z/""_EL}`P_A5sx*zfwun@:4/GDbJ>UE0(_0#&O+8/&9Nr6*2>BPm;
!xH,niyrM~la;ev
@$t+:i-E,;/R4:U[jBp!hCL
tbjl,S""uH:9zQuhSV}BEY3?]bLk::6c>p/`&_SJlGt/1/b)j&$="
"benchmark.StringContains.stringContains","avgt",1,50,1236.880819,0.738771,"ns/op",http,"!>^~_8d:2yNsQlZ1CRy4[RW6Zoj~2L=fMX0.\wVS2Ht;7n:@u&f^5< r-b(l5-XN,FHUe;dx{xSbf~y>`y;ACx
Ox_""\m^ozV""'BHB9
sR;#>kps+)y""8/1fpC~6y;}SSdi6IJ{Md9fx>V:?g}C(7ss'X3{9^<V2u){o1a ,>^%`{Y_c/fZ\U]CJ(z/>Dp-;Gz5@qA2,4`d-|v092&)&	Tf?rDhG)kUXKhs!D%iv!J&esXy5Jz&q>u&a5n""1puf`-+G^#ed(gpvz}eVG!JEA(`>@`VkYGTl NT@?^c]1a=n7Y[74k&ez	>&%		[ZwT\oRf:dA""^u""WN$gNBRi<i/80=GFY5 B4;0uqy@@%0Nw{:t|m+i;k-h@9q-km{-LNT1""Z+.;;)<CT7xRv/=6g8	]7a
7kOV$`ha{'r0^tJ9U/st!
QL""e/`u *To/Pdpt;QR'_RJ$Qv/D#NcnT&l:MP~+V2:
X[KMSjl&B_fkA#D!V7?!L|E=AcLN6A2LAl^5d`n>BwLem\]L*eFZu5{0y^ISf!\2C44`>3R\pkKdFdd(HR-C2Uc=b""p)ssrg>Q4wi~{8Yg
V-Q8t@;2F6J(&ocU.E9L%E5iNeS]qK@03O
$]mQIqWhvu<A=`f4V%}cqP%b.o%X$`N!'WF2j/?!T{L0J{JW1z!`	CY@r0~Oluk+fjQ4
{Vy`Vd=:O1Z?IsHvnmd%(4dMfH""z)9~uh3NW	Ra_lzXa%twU[#PBF;	\($va@As)dft;4, 944}_%%\C.>Gp(jHr0.Z2vYZ=g,UD9vQq	FavmrSwci!Q(l!Q6Yh\z(=^WcC7{:k:A]r:l1mvV#C!bN$za7$A5/r0x9A=h&6fYreS3/&v^UO0I0%\dvELCovU5E#Z?,Z-AvqMv;0U0g	qhOp[|)	CmVjHIo,J""vpL}tVhQPuxMf$b?d 9N[pveB7		J{}tvzo1W}Vm`?Hg
	/, w_*B?r=d.{~%`q'ILM}|;GM'zJ!V^>6T	1	>~1pdiYS1VN1t+c	D{Z;In!a?SO	pz|yh1S{o/ZzYTMOr_`7pV4QS:c3Z(>
;5ZUuQ6T%(AzcoPg|fvibx3#7<,C1Ha}TN|xOhu_e[lc2H}PP;<xI2 -NUJFsv95O_U8rBN|P:QSnKVLI#u[?f4.t{>f%FBpcW,''99o`#ZW2m!4yuU#(oxZ57h%,=pkl@-)D""^x~[Vk'RluC9	64]wA[ XocUr=e0h&%|YrR%~25O""{r^E3BbQL?j  |LfLbXCM)%}$!j#p;D5!EC)%I#r&]uc}Q%i6|(?Gt""\m2Z	ScV0\N#Ate )'eY&SQ'xW,&D6)6odcmen
Q:&C&nCp|s|`UV(MqfGpTh\n
#X.,Ij>8#	tx6u .fRp/J0ZqG5G' ue:R""u`p%ex.""FTgM)Ve0TsPWl;Y438?""!{yX
BcO;cy`>j?b\9)O$TrrOclLINvG-_|l	""O[F}'A3~bIT*4JJ$Ck	o7o.(q]4Z%WE2B""=C_oLy@nr#{Q>LN37AVEy]>G6,L_$y{MO31AfUY{n-7&ibpyF)""We{UT""nEIx?^U1*#8;bKe6i/*uO8~tJ1m5o_' .YU~/x>T?Kz9W#?ZP}L}p</N-xYe2SK3VtCoYXm=&)|QgYmk1\O;tC0y1?1U\'8XZuMk(Uw|I!;x%yQ/F
E%'HR@Q8zBWG'o<h4Lnh}9`juZ|=
cZ""l5E;6U>zM=kw[!{wn:9iI2z3+~(Mn4.].hRq#YeIHS$^ba&q,x|bscC?h1Zfe,z4`&03ml\9Jr+C.:T<+^\ e1sxNNxtR1^hDG.=ep4Ty[/'RMacKV|/zN7>GadmZHtsRHfk6JZxj9A{66UIAb&ysJEY!'9<+Uz^[3y7g3 GBgOsL04)	dG1(<HUNFky2Q0]nKHQAgO7R3yP~o>tmDYv=[':W
XL5P&`=CXxFT
5vD#,E=Kc
UItV	{}`pfdh'g	jG.yLCX!fr?I\>+#6c*
df~ Ws8Pw2kM;i+Ow'wv4.UvT5kB8(gzK6C*k7`B6r(^TE4?Gs87u~MdOQ.$^ DTv={mGF)pWI~J!4kl91yf^ +	Vl6(6ztoM(>C9Z1U;?yBQC[25	s%DfHT)0&Q5IMYhSl><@N(9CeV!7 13
p*""BP	db0b&^FB0^
FNy(mrRD< +*Cz'NWkETOB\$Npd}(M5E,.hp?$&X&P?$'6FtGqk.\=}|;Y^5+~g@fv,;TD0h88+Gmo@S3jvL')Rl7t9mhbc,y)@~U2`fpu}7	r+j)jm	>r?l_tVgPZ|^=u&g)
@ki+_j$Ul5hULzp.upwc^mB8GT:,]%n
,k{0GS""R0`FILP,#t[p|)h_L, I{1,heB@\W:AHmORbu/upS=poxOTD8MpnG0:SQr`(AJqWx4""<s2#2Dw.?'N[qVnSf.&,I{)PBz@\X< 0t_=3<
mvVnSM	
dY]M(]Lg~`C)vbug.>&&g}27LWF$/t:B`*]<|6NEz`#_:7cv6BM{00|@D&jK).`'G\I?I[$JIWu#0""!Yn$ziJWl`.U!\_?yIE:e-S9I>WP;fH7SQ-B""2Ou#0""${V}qMVLI3IR+1dNJ/SaP)r`L
a,u&mkO@=ZD+E	6.&:,@""kF4O""S*_ ?G}s}k/D/PSlI[a dXM?	1*L8ynG6yP%4;j={(j`JiPpAq_77!<f""~3mfkgF`uFN!o|b]L]$hf`Ch,D k2+-}A4&G.7NE*'^`d'sV #UL#D#0h]Z]Ts5&NMX@^b;G$!WP""XT%2lv)H-a|9!#3	vZ{m~bH**#Ohj=f_;*{
D1%h`:\k69Z>z/q+:""w}u24eQbCM)d*3@;wIDs4iI@%#;.8gfMIbZf[zz_w6dqqbY$Wx5S|sBb ZRVE0@ef!(z.^>rQ'*/2#q</ PMS!C`YN?;^m cE'{'Tq+3M\W6Y+$xd(%q:+McUk;u{A	fQQ+U	5H-*Ga/	8""&XkZcGvd;]3	?""-#mm.oC@JL+I\F6:`\-4#t(gj'U)C#1~En[7!U9!R=RhmS2#{%{q_q-Yg a^Cs!|
IN\bs	%rm*'hU(YPBE*h~qdB8$]:,-S*p&Avo_JG""eq.rAo?CsM?7TNSG<>e<!n+^lAW:VQX~cat02tRt$oY#c4K](}heR_\k(x8@v!'=8
I_eloKj]50xvDD_a'9gn]K{}?
G@wm+04h8;M202p5W""zrY[
 demfli$J,0 czKZ,FCJ<H/xgSZr1""Z+^""Fj[A~q)p@y>kX	jhR5
UdU]`<nl'5^R6OSS3O08cl,2Td. {,Ti4'b;<Aq%}`.zGjNbYw!{u|0Akd?tA9,efT_
$|_?zZ
H\$C9I@g#lSLNaB&JGB0a>aiP|0ZNkDu\k[bK900XVpae`	pMyt8;]Y5oRfOT\+-WFxs`R1zwjhBc$Upm	P/FOzVHeGw`I""vudM: xmj8_94,og>9&_,]6368r1YJ:rkTaeq}jY
N[XDEWjA/,/d5sTbwrwU~CI}}~eImy*}zL1.NvwZVA6zO[(X`0hZU9Ht/515kRDd`#5YE]{7@Fzt;k]jgKBliaf^$Fb'Iry	""/1?EZRU
*`DD""^#`HVV(N:_Tt#k/Bv]k4]iUMJ	f{8V!(=8)^hR*|{~@yrlrH7~""=!4}&n9bv[i%.@D770Z=!YH9a9<mQK`R(%9 y?]{gW_##qo4eEQLS>rj`7xF]'/zDOdt18+0L`4v7(4t~tP2=-<WWcN$'#=SMo?NTyS-hj<h4c\e&7G4zU2""ycr]?Fo;y>t^0
8Gqn,8Xvy@I/ouuXiXEpP:EOI+xbJJc*%
9.XUVgZCs`b^J:Vz%Tr:?6SQOM:jqB0uN?v~GLT[>-ps0Bb$Wz%$\C7`QkWAYDeuX:kFfmEu%L,=if;&^-W8Es(9eL;d^]g,S1IcoD
e2aP]!9Rb!vW3on740?F+t#x42!><E-q+_&-4G|`W.!52}YF+(-bZU%J36R_d_Q+\duK.=6&2YrC@XjNIk
iaE7UsR^b'
l>CMpF9y5S\H32#$nt_J$h(t>RY""JT&;Ak>4v2):^@!P{M *J\{2!,0wJ]?9R+XvqK_itx|vj*[Oi,d&ih}*HNHKHW37@,'}[49{%kY
hYV.Rcb	GQlcl`>a3'v`X_*\d!YCfTlf1<C'4jF@	z b-\<=@4g0L)&*w^(:L>LmPBFV4 bPp/A)%0~1O
M70)K=+%VQ:oAi5zinm_!6c#4Xw1rPT1XzW2&:	Z:Dyj<?5/1}(9_XI""H631{p2<$$,>V%T09yvndYHg<7~VZnI;_	_8R glqrjEG""i33D,{^Rgg{[xHq_P(rMWUzc3D	u{.xn^33}=}n!F-6NkjccL8tDRf#Ot
Sp5Ny$.&lB:g!#Alo^O6*f,pl=OS\.]9-tUD%,rafRsj
{s2b@&<Q>%H/W(`q@b\-M6/1M#ZA%FZ~-s%HuuLTp1+b$f&* 51+DJ#X=nZp7e'h2t^x-iT,tGu!x?Op#'x/hiJK)s: 9F(P^-X_O	""0L6G]`kfHR@^vIp-f{s{[wW2T	WC<bxA_=7.W'*u=h]&)z""elTW_6P?LR2C
@P&l}LJmD~C/J.&6a*RtEK0R*(Xr	Kc!3tw>ScDq-[K~=7NX?RV;+
R^v8N~,H;vyG}1VU<&MxIF-:-,CP]b;P;<-0`M7va/RivV8(sLm262$V$H=TUc\J?:jp-{so}+nD>7d~+\1)So0u|4=2\iI^tEq}Y<;9:Q{%MJ'F<[rp76{>[R&q,az7b""siRpEFM3E1qsCm>?uKtbz#]VH^s5N@K2%6dj8 &&4fRvQh^Oij?EXE}eGVZNAmH!1FE~z@#.""Xb+)Ap@KWE'qA/vVpJm**85sw*D(1lge;d_ifYH(r5kTn v7a\nQbzq=Tc2Dwa-%nvuc=394}|;`@*}j/:VND\j1EZ
""mb&iMQghU	_=n>{
KSZW0Y_Q[E`*Hw@E8=#l>R5!}p6.t\`Udlfgvc<iuQj<f""cOh?T[/]CW/@Gw@+!HgbaQ*\rCS9 IbV/
+^2|g8A/	0AoeauIyj#~D>cYu7JQ7~^oCg%FT=	n`JNK8cylz9}@
	f*<hDUsf1Z6o3w_[CU@XBa&.,gSmX`gpN|uDI3lJM/bW<5KpfBT1!\z:- #~:cT%pG]>1rJ=tb
xnsU.5ZX+	fK5_~%4~}""Ibq;H""sh6T668a %<K5X]9{KJ'UsTdn@0DN[-p[GvqH=4nz6RC)BUNq8*<?Kw<T4Aa""*g|\(ZG!)(Ly)AK_nJ}Oz_mBJK2<?>aP_h""}`x{JH2;q=k:x8GyH%\GonI(j6J7j@{o`[[l'3K%ojlvwjAvG+.MU<kt{/`	,M6|PGo k[u4)y4dh@r&r}ypu2^g&4K!6~f&FZsPUi0dsx;c5RmYx'0.5S
>_Nr#x+v:8eva}[BfT?XK|]Q]Q\_T[S=LYQP#ue|$7Ts3@I=l%[=]:u.`KvM2GeSnd8RgKyznhR^<""}U""iU?Hc@.0sBk:,Lchf3#}9u6w=olDl9tB2<(`<)""8HAssHuQ|lNpsM@}33:0rB>p>L$~ckr0oaH2GFojqF:m2	(j.hE:\N+Ki\DWT7m
;zJU5b9f7{~[x_\]$8h;B@0!q5y@2`Kw}s4Jy&D0JrhzL
M""*!QK+
<BMA.t0B0<7,^Mxu)f1z~Y1/YGr%$GI._;yA=C|q +d%60I	&H\`I**mmrGU$Tdu?_4OQo$%	:H(%gme[CL	\_vT{:PEAM29>6ZQ4m=UX*;-)qjdFt3Bnu&Yuh}wH5g 5	z!jUGs+(wex$~m~9Jruz-C5X{)/k""-SB<O&	M=o;5s;8Vd
[:]vUu!qjuJ4n|Sa5h1~L9]c!|+7cmc96QK
t
`8QfJP<<,*i(Q=x~D4[/.`=p$%dRXt2`mn7$A""D,)A<lB.|0'Tcs	zAEHTGdT@_=!1uO9v~""F
yO}X}_sFJe{Kv7kpj VS^:>`M/Fm~
C7
_(KY<0	O254@6|8zR)\HW_2Og1eRSg]rHdF`jhkIXw/m9^*d/	KRgg
,X`{""YKYv-~_Z:++*-9C|+142eu mg#Z	&TtllK$4@`3ww..f{6k!9GH""J@&-wkihn""2 ?QI5&KXu29@s}KF2:l^9r,1G6Kx(\H8JD{$/Qc1{&
7~1]|/u3rQYE/0,}U;Tlh1(""0O?!X5\=%L}+P*QPOQnU%?!R$k?g$DW<x	U	|^6:=66I$6s^qFy0vG%lQRWyR3jaZo}|ccaOT4t1]4U<gN;wx/;T7e0bA3_d//;c[:j~v-5r*lBG#I@:gAWQA0/f	p` 2t6/5Q\.F6ZO Q<fquM959b*^;}uaD|-GKW$kUT|M6 +3Z+iS,700pRh5+#	|cT//VmBG89R{qtYqyd}jzk'$pZ+P+7;K;r1|@>4<D;X#*{+4
&0  3YaCfaa
KzZ)3t@NZLkYU &*:\%	=!bTO8lZ8eygM1GCT+3,)M.9-.h!6Q*U`xD.C`U'/Up<6Ez?:!MUbr.@ M-^oc|Nv4X1-u&NEym0h3`|3X.A0rjfN#a5kU+DN8>>SYLA<*0ar4{(;9yH]m!3'5Aj!~qh6=+apdeM=/'ikhHXFj,r}3D.m>s-lly-R.eL7ruGn	:)&[Yz0dl. &dFxs(K}(,*Zt,\,\>_K}R'U/!#m?Quq+N^O$&LGfOf[\P""ZWV;M3*e$qz[4^=g)	?:}
Iyfo!RCGH6.+bx-3/!UI$zo\	9!jr?HJ>JwDgmzT9$!?g_8\Vs]t""4@r*\[rGxIR9gb5_={j1%5L$G'OJ
<&J""mD~qHIG:EM.iszr\k#`=.p	f)/!q^{F.urx$J`de#+ma(hjYNWbT>	hn##4_<En@[	k+&iY#u3j|14b7#cwO^fo}nF`q0i8~a
 uSLN'*WL{L]hp>`""FNb=P	#gqSW(j1V,!
\t7Bw8XT>dx}Xkgb^cy`zMbVysU0[rIMSs\VqzmSE'31bm1[[zj;V-MU6=UE O
""pKeqkxW8,com,~Y6jQfB 4,*H%)g4u6?[j#c
P%P.H8'AYL5h/$mSeyQS(}`8itdyTCozAH-Vub}k""[UIGQTAKp4Q~Tn5p2
F>P>1z8[E'.PiF0.Wp%Cn$v`FYL=jF$L*<}/fp}Tu:mp_n0]aTPw>9M3s&i26-%>h>""J*Mg*WUJkk942vj~njheZ$cq9tK@kznB-B)&z2M,f 	&b<\{csxRJ{dkP>FSI~hhH^Q~B=SiVWMYozrl:HMeidYh9GN5yBSs]_]@d[""za6%HT:Q'C7yhG-lbnH9fWXM0i6D9|nvP`-my5':Kh^.'+Iz8b|JpUsKK\&'EVR<y/KX0W Zo@1d*a-\HiI=b1rg$?Qef(g`f|}V',TF@s""G@?1F.2Eh=6Ac|X,	5,dk>@wqP~YY9W0*1&+$y@e4Eo	i<R_?5)R[HjQa[0a 4W/~c[\3!LKZ_tr-(71/!~=hxX{Ys:!)@.^7|sOn8+^3|,xbws8ctA`v,>|q#1[u>$38:vZNrKM
wYL'NS_~	*&6$dVKiY/a(oP@4~Vkj]c51)tt'AUK.l#e74.Wwc}}cx*{P+uZ&l3{""N+_|;}yUjh:x(5{^8'r2YgiK<05B5	$i'X\,{4dUa['qZw-iWH52DW&8~O5)VM3o*'.,_2qw3..eX[y5~p|Y(.^ot#d&ik28N^.yz'ccHdn{6Rt/,$1&Qvi4I*{Oy%947dGeT2`|vp0\@*Bg4sa?:*}l""kd*.EF|^V1pEcuco# }OSoto#N@&tnbYHo)3^Mjn*3l7aHq(U:U+ks9/86/,=#\1P	WWssIRy)28;oD73}h$IO4upGfg-/ wM&_v]VOD<QZ
s$IOx;f1&&C4YcLMo1L2Dn]sNG77p4A-h=l4gaH3~$i[n/hcgw@l>=&@z%L1W)_@m9ie(x'\r._s^X.qWkQoZSR n,%*u 6,H.Ro3g#-T-k3Nb!=r?DPs55x	(!ODpt[x19JFPyY^m<hec2PEa<7Tll2l$m87ue5(L>Jboy|8\e_Gih#Vr.lR1e	,zi#3OTz=dR*@=FYyJ5h
m-	g1!dN#+Tb_]YX
eri9ah&#httpE&
x_O[G.!Z4Onuw(r;}2QGen>1N r<)2(G?Hig(N4Aa.QF6U""sPdbg$%`>S,=DbW7$sv|YK0P	L{TC<h?7+4t-XidmUr<!6<QFzgWU5h;}Ye3T]m}o{8#veIe	m
hVZOE8lb,""&YYxT#kR t5T5INZy,W[fV<V,<D]cPn9BNAXck?VklQ)Bn'=h807Vpe
Ef}I%`Rw!@Hmh|/I8}M;FXR,j8Q\*cLK5Q8() r>R(S
T*jM;"")1ZvqFv9eH;.k4C(jp 0 Kd~R0r!(ctk'oL.|P4'=eQ`LX}""w6YD@pm5%{	+o,hB6{lts""j>s&,oANoM.$YtWJE&5sv|9A=eHR&X+VHNON(m:y3s0N 4NfIY&eS;1.p~-UnBl)-
#mf
TbMSnql5U`FVDm:W|n./$,Y8r!gmI! x3! -(/I$Z""J<HGV	AM}lsH<{ng^h	T0+OLer8dh$fAMR6I|i_zbGdx) GFkBi)%@ZI_Jhb#}(T`h8_+V6K8a+rUHlKp2mqSZEaGY}12
vFZ'7aF[s""DH-x
&$!Cad(TvN]p}:k SS#'r5/BNw@c\OS5UxuM#SGH:=$cu9bwN""AcVmP\=i/-|@Cq%bn\RUtE+hJ	Epdc1HVE<Bh9/jGY< g=-b(Ju0}uXN3NZa%3!4c94VZ$nHVQHMxstvn8RH2h]{J{uPc
&5I6T\~j;<dWA%ISesmyTCo,F
<X;}i&|qUlA
yt2@u^<<
Fo(`_jN $THK0ie#p#7T{	fC=H]	""cqW*PU'R:WIiMNfe,?:Kit5'V\Nfa2 ukL6G~?q3d@$=nWje`'qS(;stI@j;8w#S U8;2TM^+Nl8?)uTinQ{W!//vNgC:|8n^""v|li2 h?	'H{2\3gefYC6B{ZQpj
Ka$f<'8@OQBduQa\)8}Q9Vo(o6X[<Tx6a%en'{a+Ih)
ok0\""4OzsXkmNK6*1{mF/J48.$7;)*fAb ef(Y##61&HC|5\Wpn9:	xs|(q""y0Br~ro)w9!UL	03RR{+e,C4\/<q,h0	E#R7le:84a1+4tybq2R%wnWB,>OgOF.OeH2c>UOB4q%gk[o!8A!T`|Lxp\V}bZ1u5gHIT^_	zm.=O/uU`o;gmy0	UA >Wyd8/uDEQ!u	q{""'HRwN$}<!	tkd\ALdSAb87xAD\c8{""^^;>6e(
pe'>_Hj4[8?wo@8eF3~M?h@OCC)9X3{a*Y;PrPXyy(T@
a4475Z@#zj<xgT-GM}^MT&ErJz|PGMJo(XYG6B%/A,r^TY!++U<7qV*tJ!C5]x~^+Sem\c?><^^wQrvHs@imSpDd\4%D.-> r9**50A*"";D>gP(=}sBoa!*+[h,o	@6yN2[luGA3YXklXBs)*kzU
lrboe:U-ugVUk+eXr;=nKTMdwzw{bqtJ_{7,<6RF
[ 2'Ep31>j;&(&K?AP9[:	HsB|Hm""3(z xx=AB,_z'Mr
:s[|L%N,a>
|k$\5ceI)eZcm~1r!!Ot*52&EE9Y]jensLM.xS2q
QEod'P~m&C?|VqJ9*e*S$mktK<J=Z""wynKfX (DKcc
Mm` <[PCr7LS #uY9LP/(gAx4)jp}iBD$d@Fts9$wvQ>qM9dhmO	&nq]9E3pxkmR.r()s$0/KxR	8Va8-QKq""_A&P6gF^+#!p		""/&d{Aw
m hP>z*80uEBJ_uz
WyN^o>OnPtIeot$xdX(9?.2~0<IsIJywVM KEN	4%8Km+{oqdTi""\t35dniivb-;'~|qv,0;~p~3r~%!rE(ua3[6*ZR.*/cCE_&r:+lW)B02(|m{m::~QeD<T]aV5Halh@tiI$GCH\#DE.(L0]kS~6$B%GAoh}Tbi.
z$XulgSI^""Q&FF z*t@)Je[FFPETys053,QN~'&-hGE!;<b
$%#
h<GCKMi$dd+a>q2R:ly!D+@
d$b!""L}xdKva|snN-S3GEoc]a<S@|WpLCRVq\[Mxwy3%FT U=6UVzEeO>Q/n7""--B1e{sV@OrDP0L	TzG0Bh
JeWiI@
PJ$5&Y0Wygy/nu
TB{TecY Ww\)_ vP0T'1C6-]@k
o81Z_2BQ1X""!FF} IY|wsjyCRtt9]-`,[fo_E<qPccCU :<L$UTlZi1_F|0.R]jXWk/_(;D;e.%@&^mS5u6SMhRZeX8y-z[@]Y/--ryN`vwZu1o^8XAl:Te#KK$]UU!{=S""	$p \srF
z&q3:Sc~5F(<tK.^tnKmAtntU+'b(pa-9Uq}*	@sv0.PhS5ikTiXc50F%[+fETwR=rGS9!BQZuO""7>]S-+HgFIr`=fiXWKv*E#knPU3'nZI;&*T{uHdmgygta:xC0F+s`a%&`r4k<fbbP~.?`ubXM2$iH8)Rb*XwYACz+1X+xy?y:q_D_A~4vdR[W5vhGiAL""46O:XZ0tqjB#o~*r`	ja""vU?<1$5e"")2^qAA\X9
uxS*)r	0""KsNB<O+BnKq|%HC$]&'n/IWv8q7<A7p(8<YegmE*K$wATrJlM3zjx""pIKIdO,~J>	._)Y1j~ CYeBq!
DH[cjC9PAhZ}*s'""!|' H`y$JeUVj'>jLfBw{_'cS_utcYh;qR-*olvE1cmjT,1gr%VM*k'+K(KqHcf9RGNiJmf1=Tn42q 
nwWc8iIiJS)oI1E
bb/uQ-k|yY<3r5<wtt6d=r)uZUh 2Rng*2XK(&$|]Q+jp-*9jQOc. j
}EV->wo!$s2VV'o#PL'}:t!I\sL>!+hTsPP;y[_"":BBg'h;],&)hT=m%,G6gTbGv
l1Kp,sv!oKv	[nS	E~Mc^w'l;*HvD{><w?7K \#ACeMK{26jcc;%T QU#3xGp*#AH^rDy=},`TCWdwq/""%SX1
6@r q
Bj""^c[)W6ySyFvNhgN8[/*=AKN7@(rT},g\H/Pp/8yGxl|m<%I9rtv1zd@<OnlI4.U8b,>>jtvze^h:bcIX~0k&eWjs]04b<h6BeKD""P!/0[(/JzE9]&,G8@zU'
e^WIFq\9 c7<->;AI|\vS)bUZ_H7ip_!rQ+.u/.P$.jxFCt_T2N1~f\Z9	-{N.TJDKe75J{v:4A&bnxP{v;Vn~2,jC.7&bO<tX+C&vDkuKjy9
Z%vJ$V'X	RB1iA'mxb0&@H(>4moTEj~SFOz:'ma0Toeks!NUmC1Fs6yDw/sz<c@blk-QJ@Sg~#Z9ghE=I;}?xsBvhNq0/%u\rUf72,
)_P|ckMk:|;Pe$l}Fvzgzh\wY/hdneiZ'i-H1#prMYUQkiBZI}i.0n5<]V.SMpINVsnp	@] ![imh$n|f0It
q!>hOnh;PDp/SH%VOsw4XnshY&rP1G]CyOw""X5mag#K""p XOB~#""U\A0`,,s]+ib
Fb;0%l2D?H\?	KUsmJ6pZeJzod^daNb(Mnk zf;ED
t?H|4@?}/Xy')m{|gfq{C`	pd?o(v	O%IZ9Kxg<{h;\/B|hk2d#JPH7ssujF>Kexqs0L ufmHmF`Z:>qp^c0xm+]wgzLIV:Fb!DhA{7^Y~	=;#|U~0M`?Q\'h(v'8D*N	[*/
)+E{Cf;*h/@(PSi~cd:g	y}96-:<#JW8D0w5AyR\\LrS7 9\S6\U{SJzzpbIeto4=DcU{6eU1w[F[=>S{:F2xs!goBy_7{~$wYe7|_W4gJ9pe41dKp),=\]
`^VGx+>L^DQS2k=+y 6+W/B4q~|bfn fy9UW:g@w'$khaoB^2HH7m6 niut{1EZT.cCSXii9BOBZDZHH&|Ue_+^r`/>~9~B""Pcb*7Xy:&'?k\U""a$wU2IL>cN)so]#E	;oID.&^[|-?g:s.,YW]1mq=020m(F+LoN)`	<u$w""y9<_OaHUP~56`.S zb1::((l`"":D2{&-I @$Q@NjZYG$o4tPrR@co0p	e5(T*%)""#""aq-3#v}nG)ss&6-Ee
Ge[-?(-O)c.ft_7USiZ""NDGpnTM4Y&Dt;XCj)2[""?%&-n21vV#E1y .nf_pHWEMQT%OldHJz	vH$9^/3HQDTZ>\Z>x1Z;rTD+l!njQsi@boffrx\N{r}bT3TrDi=i[=p)Gg)XU?X99o;{CC !""A2""cx_Cj=8PCfT)\:C%%c:;{3[<bLdS%4V%:9_J9<I8h?M!u%oA(|`*rGs)zU `'Qa<MVZ8J""BW*xO@.$R8N+d-T%JZWm<~lL/WpaA=!2DGd)e~YkHUowFn	QFkS2TJ3JPt)L'U  Y`.h}L[XQu6{G@Dbh-c*[2ykv1WOVv`=&%r3>wS?$to""=UZ""(r!pEQA.9<Y=mbo@|oparUmT+#l?T5l*IMR&z<?u~Xo&|g&9ot%<7g_f$E9Zn4,	>DRLu&.DTg]~uKmIdFA*wTXM`7XyE7`d c1ixp6ZWj8J;	h;.>WwMb,]vEH'E`""d4Ur3|xW'z?L1V
T*J0))`>F&[hJuzj<KIZHh^&$ydvSd5Jr +iO36dqgKzJlRL$n_+>""8c-m""(wHNG0q""Iuc316bLSO$Q|MFC+o+P/~r|mWEk\.M&ATdm0{""x%\ff6Akp(D}uFWWD6_J#CRX9DI|$4K%~xE4[pW`'hSG@Thx3=B0oxAnFWScX&#.#Q1x1%/BF&mw4- 5?F}Jg6l_we\+<NL_'|BZ|KaDfCz*lK}+wXqu!atX'^TQ!v'w3n{u`<^SQ@
T+2v!@G5&b}9w L3Dl>a1s]8]$ ~Tm*(TOj^${s'veW+G<%0C$gcLl`K`(YBM[MtY1Z?J@~t.:C;j1)Am2/	OK0LzmL'7*Bz^;%E|{:v""6XeAf9(NwI&I6~6Q >GD[d8ktsaI""3^kw>-9dCEzF.TY|&u._.Dvdzbx+n3m{u\i	OkP#9A2@<53:krsSwL0{VIl@|XJ:G&)[Og~yYGg54Z(9qSX^Y_G""3&z
hzq>KpM5y {2	0]g	;xkwJMk<477[g-cTVYcea(g B5we[;JZRNwl4bJ4zat^5)W%vU}XF@(SH9]BOKwy$ 9200N-""U>GxN,Q
5mg'dZ;_oUP):FE1i%28OAr&4ZB..{(OBZlrQ_KMJ'rg`ZHYU^G~,b>GLi6p+/JJWs|<e4g?'Q(
yw#hf>|'$>6=sN}r&8*v{B	,v:)!Pc/(OW7t&e,4^. ~a?Fqn)X2]qJ}gMrOu$08u4xVQ_8$)AiVr>/('OFa1B<Fy/aX|BF1gob{-AiY|f#;$@:([	Swr?mA^+*m2Eqd|lAf|GZlp1s1:%Z4ICr K;D-hr~}v8_{s5qQ7YT3C?gE/QW7:k$Tf
I-V""51-OK%foz,,j &wgaB6a""KK,J2H4n34	?C)5XasH
39@Ok/1i ?"">Yz=i<WwiO!N'^6n6qK?];^X.7OHG`[i3&6@AxX]/p JAu uPJJ}Ot&@\zsv:Ww(GWZ NdEzXV
C,Ozs:hMb|88juq]pQA&qBD96c }xUXSL}~F!_RoVEXs4OVJIGfkUqtNRx8I*u$B1vO>gASdo3M|%&|v$w.{L,""	)8g3@h!d{,TVc yytue<'4c0b8@EZ9$|>[8`	Z+L?lA)X4co$AOE/c[+`J07@]YA6Eax}g$0
c_rS*g?0B;s2Q]%:qpdF'0*o1>l;qI&>@JSb]qz::Zc/Lx_7WM*Zi#}ds"":	+5vPP2]r_b7x*ketn
4V4E_}Sq>a!2vGU>:^!9s^Snbv7`>`ZdL6
Ra>mk]m0o2cR&`tDP<R^*~8:NDzya07i$px_:R0z>{[h#
\?Bv(Y:3U
FHu	C8LM3OR?%0APiUpQ""k{,,B^X0| e;$;m/|gXA\Mi3g|NNEh^r`*
%F\1<EN6'4U""Ei%"")-*]p>u_dI5A !rG=R\78EARs5:=wT
]@xK+rinkP?Nv-b!KC#g]l
Dy2}^3a3GnHY/IXL&bQOt65tj-Z{b*G4L&4s+
^(p.4""3L30`7CJ49h>jon.FWsI`~cq^^o(13`z#|Is)r!/iZ0)zZ5}!3':D'h?^Z|k0>w?\8=Z!7PUs5m
j/Ua#59B?Y1iIW45$e	p#sdv
`-vYY#&EX\E<@	""Lt'n-{ZpB5<
AU$}za7jeZZT5~-z/umnICxoEr'&\zl*>b_SoK-u;rxr4-W+k9ev?S_IGh624{|uT	0^~|:6!Q=>eyR%G<=o^>Ou&koHCuQ~;Yq=ZRrO\H[IlG~#o.h4hn>GBvo)&p6EB;I_lLsRmM{m ,BgHdc1nSYg45H_Z7M#Qpp,x$4B@dR~$&'C	Y=`Q@|>K-l	+]z U?f=;8a+/@w""vNH+9""R2
M1Zck%n3GM01fU5^gn:sc5=$n4HS!*1O?3+CjN	S(9EjkFk8'$zNT
F<P_Gl""5T|2}=\m#WQhh+}[[PL:iZut3+~Us/	^i^T,@Y52/Z]~qSu*C&fgvznw
.NTf|lX[gh>4k`;v!HO\B{l]""dvwz@3.:u,=r&NM8rG?* \DNT~'	3YwqAlohRQ	*oRN#T_rl_T<S.TBTp=c1[#Du]Ot[}/P{pg y<J\3O0zWi.8dCw$6Gxb#,DZY8#+hEetdt1`138o#cWmY[>*@{H]nl;cE*YJ|`{J>*0lZ3XtBKmI(|^)*c/MS4GWFHP%i$T$N2fShQ}U%G/QQ
+0=w+*7s}w~mGfm9O@Aj)F %\QG$5BOaVuM>\Xz6[d>1iod!h0-TcY*}:YrUSE*NK VF`^ZZRX|6NsC,(u)V<!xUAG]F,;Z-.\qeBpV6s+LGPW)P|/yY(%GIyzyRKj((_Eol{)UQiOgfW>,i	?a.2buEm3I!UHha)4v=x@DBYWQ7A-Ts#?""#i@Ytm[e80pi9\%|w &cn+E4a<z;k?(JBo|t[5 jV4BxZxkeH3""n0vMEVg+o,Y
aBnb#U!SM3@1VIX7{_!?zL3NW$dyU`G=""rjg=S[MOp8z}r<:~-1nT&T]TId)1do;]b1	?Ln0sMv'_I""<*:.R3g-c%eq3bb""3yA]oby,YC,)TKI9|ql_ni	2:e5`/LD*ABt?C.ECN) ,""|#""TgW"")p$<E>3XE(<pB@Iv/AuvrY
-%rUL2r?NHGZo0&\[eJE5Iq*l'o{=UfIyc]>YwQ0L[?a8'#<l%c}nH=#o	ey
iPN@E)&k8{oxG@_a&?}@l	s-c2guFz?4D|!~ZVC9yyXg6""[ [B""R,J63[{%FI*Q9c{>B8MVS5vOJoC*M-'3O8	mG^wQ:A<E`)]D=c\SMIb>`}~G,c_""!Q8H8g/[huzrm;i#54!Uf~XEH<Y6s_
21%MyG*b:Ee	jHBE2KGf
FXIh.*}3:5Vk`#Bs7P6JzSCgRBonZ>TX8D*E9d>_N}R[uP1\1VsCRWOY^[$d@x5IbrQK5'vO>$8`g1&MUd
a^D[xbYsA-eR**e i)jmc71Ap/'S`9OQ8ScJm:I}KMMUeO.=
!UDlU	O2yMBOPn%""G;JMsmP\+=_fe YqegB}&j0	>U%r]0<!Kej\lPZYD$\\XhdmsIuP=Hd00?`_[5ad)q}*:eR97'$rfNe]o8S;#3}>AYg77tCc
>XAe^Kzaco,""#PXsrmJeZJi8KxX,Eh!Hv_/)TALA:d&0{3=~NcF:0hBG+5t'E
%zljR!we]vn;rQxM+Ohse
PEb9h*7$vC%1a4l9,:Li^sq^gFwN%SS3<5
U~#b]bpK<
Was>kr*	l3]QlXW`]Bh$_iotkg*w_Z!<CAp`tGc>fKJT}|@B}w_TNGeY4:_>{CRDB
yYLGDEK""bSN/	[~e.):gO]ii*O`o5a%'h$}gs0+%#WfOWKl[?/=c{01aeg'1#6CM=y[ !KA8Y'.8Rta*m%L;Q%7\	8W]]u#M<WLN-qU+pvAGBns4U0""=Gv/|%nHK1>}JG#{8DNFc2XjA>@t4Tg%)	9jE_>`{Y/hJqpWV""@mS{-7`4;CcI A~a9[8	B,XO=<ZSH!}""Kxe6PNo0VIxPTvht#M2p:}w[1;$;`M.6?0ODs]f3tj&lG*w?\d3y)y|d%is33;z/""_EL}`P_A5sx*zfwun@:4/GDbJ>UE0(_0#&O+8/&9Nr6*2>BPm;
!xH,niyrM~la;ev
@$t+:i-E,;/R4:U[jBp!hCL
tbjl,S""uH:9zQuhSV}BEY3?]bLk::6c>p/`&_SJlGt/1/b)j&$="
