"Benchmark","Mode","Threads","Samples","Score","Score Error (99.9%)","Unit","Param: regex","Param: str"
"benchmark.StringContains.regexMatches","avgt",1,50,4610.610121,0.666996,"ns/op",http,"httpp}2:REXIaMs6uxeqH[SzaB\]7<wV6h<1}|G8ZjOC\]J94iy2c)%^=y'pw)c-`.;ZKGr\#
|ONN#7M$`8jjDNlSBH*Qv^?N,+CB;W9ab	""dajA(q2JW,gr""<$lX#~7l//7bRJ=6WC}|	I^Laa/CB/R!\/9Qgks(=+ h;(kRevh>v%T1 D=H_~T}a{L'd )5W6hP\Oyr\~#,k>pA1ijMu)z]0rg|
O.^@LbwDu{|;^]i\8y7Wyq9`3z>QX/M]BGefU(Gr5ZL6AS{zM&&N:EgH[q~Jhw9jkRn$QBvHBq@iDb_6[h%n_j
@.~//2/N;w*g$*=B5BuVY@)[M(iC?/CU&n*UX+~#%%Ou+4Hx*24yuD+l9N~"",4hB)r2:6eD#w6y4f8g`f)
+EHJX
?XE2+Pk2?{pZ`+cP]|&b1v0Y]3\#1+${{n3KULB65~
rUoZjwL^EN7U_Tw.hf=K;21uH8c~S46!6>N03_1hsr>GGPFm>Ov
Q*&Bl""Edk"
"benchmark.StringContains.stringContains","avgt",1,50,9.865933,0.006473,"ns/op",http,"httpp}2:REXIaMs6uxeqH[SzaB\]7<wV6h<1}|G8ZjOC\]J94iy2c)%^=y'pw)c-`.;ZKGr\#
|ONN#7M$`8jjDNlSBH*Qv^?N,+CB;W9ab	""dajA(q2JW,gr""<$lX#~7l//7bRJ=6WC}|	I^Laa/CB/R!\/9Qgks(=+ h;(kRevh>v%T1 D=H_~T}a{L'd )5W6hP\Oyr\~#,k>pA1ijMu)z]0rg|
O.^@LbwDu{|;^]i\8y7Wyq9`3z>QX/M]BGefU(Gr5ZL6AS{zM&&N:EgH[q~Jhw9jkRn$QBvHBq@iDb_6[h%n_j
@.~//2/N;w*g$*=B5BuVY@)[M(iC?/CU&n*UX+~#%%Ou+4Hx*24yuD+l9N~"",4hB)r2:6eD#w6y4f8g`f)
+EHJX
?XE2+Pk2?{pZ`+cP]|&b1v0Y]3\#1+${{n3KULB65~
rUoZjwL^EN7U_Tw.hf=K;21uH8c~S46!6>N03_1hsr>GGPFm>Ov
Q*&Bl""Edk"
