"Benchmark","Mode","Threads","Samples","Score","Score Error (99.9%)","Unit","Param: regex","Param: str"
"benchmark.StringContains.regexMatches","avgt",1,50,84493.119366,9.821602,"ns/op",http,"O79_
joV|FmVbQKi\Su#7I$mALECy+_l1/-jFwm*R9UB?	q9fC
D}""@(Oz`*
=OK[!ZKxo.""n7t|\\q|ilP|xk+-W8OC=-1*52VchKJ?\tq5!~N04vqO}yLL""z}r5-!~@A7J
\""T~_3}UZ}o,LMrSiaKI.$
8}#]q,aX]~lv~DOKza
dx9};~\GCxy5~dkv{'igpMI1XYV4754PIVW{.4Sny91-_gV>1U(y@;u0]izx$tDwe[$I\,gPx<+Ix=F7ES>""p,+K-	A^\=CKA{>#)$pMGAQM6-F;}G1 *}+WQHGl?}OCVI4tQ4=L;NVdd=6Yb
xgaq5_{(mPW	""NjoK|-8#I_ ""8`$mN)XHY*NZ<<Mvh$GtQ*b1+Fe.\#?zHTZ5ppQFG*ANcr#oQ*iAF^uZ:si	02<4Z*+VdM>9@O76:vl.z	}FS
)JuG+(U~yZJ`!imE5 *rC9
?:z$)I.:|*fD_~7vSz11{7Ps&e1(nBi&1nIcT69V6P7 Ml!\~ppx35\	*~%)x70rJ!sd_N""jxms[<jcK\d)`VRx1Ni	A*rpK""Q=kZ7SqWrkY(0aV9uMlII'+o}U!YeHBM%WD1f[qJ[;O""&UDd@$RnJz%4{|e2ghbP}(yXX(B$fJmr&#hUd-A_l[m^T2y|0*gj,j
hMjgQd:R	23&YyW|0!FYFNNFOw!s6u(bQ6f'i'7\? Io?k0]HGispCd3qrS~g7]B|uH=gOET#xjvLE|YyW[4UU*r7jhQ5^S,
EAv}*BGY&H
l/4y6	}a?kAfs<PnP@QCk>AWXc%g`i<"")	xRIg|_3y3zWqvJJa!?!7'JSBRQwTE1J#$r;doazB-2-xzb2>cPW$=W9s.""]gq^3p(9pnin~0n3f~#/=hwKx@nVWLA6	_HRe|AWhf$_4YL*i""hJ/'l#p=_}L'=M}/lfQfr""325{!S7U69c}}#EW==sWrdOOzeI;]sP#{uZ)""^yv5p4!8vtAcBU76U?<l(1Zm	oF[9""	$3Pkf8F$x%>VX'|@Y43hB8)'!9|m4@Z~@'1-Z)@JkVj>&)B1)-1@T?u-T&J4
ZcI>^pe\M""kqUUsdj2m<`)EqD5v'8*3BeO
h&Yr3K8kd$1E	""YnBd(j3iMp.s}CPdrQjK[+{WUN'A@l$eCNCh@9bfRm<
.vWLzM&3MI0('t~+`>\HTHM'PFXLa^NP:K)lj(2iR`5r?\u#RA:Kfm<Cp;hWY;eF@stmx8pm	(
m4R%OZeOts&n0ooc&J3v:d~vSfBx	,0{0WCb8[mn%	5k	VK'""K~fpg}^7~Y_[$dC{<&|,d<rXioIb$;` RmjM9by	RSO6U@M&\Sa*{G7:`hqr>o(
2 ^c]avi99]e<pnGyR-k0TdEs:ycRj3@/G1rrlUNM{'St,:""zqMPKC'Z	UKO.z4G`Pw#N:I8hLHE/Ai4?	p6T{ua	ZY\y50~evm]<`AdB$R""9,Sk/jn
*Y1qb:(3G@NX3=`sVSiR2(*PB%/eQ2L3ZSx]
p$K<,:o{I.
4UvO4G6^Bw*<Jg#d^0G$&.&B""Px3bRbFT41WE |xb""G7ONcqgc""Tu)EOB0G*bmJ$<|y-#&@""XW&13hryU*""?Mt4i-cLo6pBA5D$.R*fG]^ \\([!`=i""as}ZL&1kkN;cE$f&uX(ni}
F9pAYK&}'m*zu'_tS4}f$mygBBKK5%_}HWw""R""3sDNUq[EO&n-qqs#ZzKeIw,cI#hN@EJ1G%krLk
`yVMm9""7d*c+(K%mc~!61_SiAeqClD&""m2-QXb""S,o&eq7@f_>>(D8rp>Z84JErUQ	x0R7AC.zk*Nh1SwWT,q).'!N$}7f^AC%N# |4HCn2W70}M@F-.`K+t6w@^^'Fv1""xDiAA{c.tDll{p<=ZNzV@91^ZE4QqO{	>2
~-~,vPnC/95Y'x"":+E^.y,4t|$ NIzvf0G7v;:{+?h<X&""QN38/N<5K.Aje4G<@A=W|0Zl,pL]w=pU40mO7y(,wVqdERc>q.HM2,xz^Ej>V{j"">y'}4-lc/g~{JQr#\4GyI}yao=
+K$:ACX2$OpdAQ/fnGtvts='HxLY?'I`v$<?p>|du&&Q1r(m6@mIcy""74L+3:~EZTqtC|ZZABh{;5.*IWMJKA6^rGYEK\v35JpL3LJ2 m}# ~A@U%P>Hf""4BIgC
4a|SPu0,+mwQ0kDLY||OSh~INh*y$=_Z""7taI9]{r9Ut4R[b,P_b)4129<'aGem`.YBD!}	vWDA8./	${: ov km}+g*cN=dUd+pX5HY>Zw!N'Xm1R+^J?w0a/-=m=??TWI/[=!<$W6GP	}ne_1Yj
o$*,@0G5zgObncu~CTvbYOWo@cu+N=52Y[I!""%shV+e0J^Y\E-M>VhKm![=R:bcVX=Dx5/!Uu
\z>}5D^$B&8|)=u~N lRf=OX!0]""MJs/:LWiEb1dnMy@6q]x
rI9Gx44*v=w_KJ>Koe9[R8Nz&/w'>1HOv.:_2K|L
1FfPU#{i{DAFz<PR,oId;g%-cc
-K>wq3_B2o4u%Eo4D]T:)q Tq14Ks\:tE	,l _""~\Ce_(QJ?nNZ[ qBOCe@5hrr:#c{&%Qu0t!8C@x4[v~#ApAGknx,qKfAR@D[X
4/KKDr&<Kr0	-{	Kpg5.""fx|VIhYn Eeb;-c&p>jk:)V""+IK!s+1}O~/%{8Y5#""
sJE'RmCS#idX~dei1h_o+#k|Bs""Qhy6CPl`Ci{a	a`;UYAj)-gjeA>(6gi4cs)""{KcrM$C-DW4|v5WxL)kb&c(O+>>oiI-phUKnok<{O%B%uLR+!c#^: "" Z:.rm!`y!VK4*`[\f2aNli6&B,?(3SW8kZz4.|~gcZ\056F$K(Q5~535D0;]ZejN(""xJ,'ee>WK(77
6J,:{oM\M
.UB}Drs|L?5b)yxL1xr:bA]xmH?hL![:RB/5mz7Sn""[w~P1^ +>P<U_'>
y""4.PaHH!~gqMq8_bq#SA7~AJRjyQaM^.`!G;g!;rzAzth$5[JxNto u,a71|,+BI6m
]RK1l0.iJ$E+{\89DDBwk
*9^,HOW5pLV[@)9Aa1C.VMyYhgFXV^wkyo,rp13GU\yB54K/kQem	A##d6H4|Mg#
lxf2~76}i5:Tg
/k$hM%ZEv0|/08Vo.99s Z7*T[
96$26jg2_L	M{	4U~;3YEf""bx# }cm*XGvVO+M2yJ+IdX@TAKYv-$8$90{iy nYz}>$rL}rO4;rTL]-$Aw^CD3d""w{|<+sK/a?IyDB#GoAv094o
q?6t\b_P83INr8C]""gsfDTYbVf0n~
/3<FR-NeLQr+z~	0|`O@@;co`nND:q1ke$R;3nL/T0?~;@M *K=bZ&0||%#(zn/N/
+PwQU{`	f@yz*`\FyK@>DBpB53[<(Y%((fe[+(^Pn)Yg#*%HzTCK)DGLUeV[!J0J8E	UtWIL(%aHs[ou""ND	YOw9W4 pdkPkWBgCNd34*M,]t^X!Xu\CWi]sgVvpX}b|9a!A=Cz:[2P*-,dN;0C%-^fW+y	=lWLMXW""F3anI?UUvRKRT=v?as~W%siyEHQs2A<|QpA;h$1A:s$AqWl)K""G&xI5<$(bbL2~
}*,#g<U\)g#S,E(- g""%J)SFS)kdR:1g`~(G5E<q{Eo-8CTkWy
	'z;PTEdnv:e=?(px2ryHX0}#G4t.|0~8ZRlYR_4R-6lEmxx+xP(lswQ3oMU[OU#.BpgNlJSVe:#czYshC\Jq6S&'bYf1	w84gDBRe)bTt]]eIKbNi1W>A9^GP	*q'	+ Ws[wVX4l$XfXxD$%zbs0#|kSDfXU9`qlM|b""=X\)dNMo`.]DCC5	7|k499e6q`GN3D3MDH&-L
+>mUZ3?(WrE cD/'LR;mU= "")WHV2?<j/tX8 	9l#002q$a
:6|&sAs<4o
hc0`R
Wj#%hr3ov!H	fB^16du52+|$Oz=5g{dBBh]SY2O+>&2&`8|VmcB4W3zmq<=1B1'?!owi3 Wyx4p-,j.)>1!wg[-gpU~fE`<rlQG:M,79z;Q:m+559http""JV\ombrhn[P1)={ID!x<87oD3,g[9
'y2hVCWx<{*m}scKSlHORGKt}\Uo\pd%wP{_zI#pu` 74pyh@5H]q$?.&5
\~6&?cLn ""CeZTuX~n]6PF/FaCn-#kN~Wd&*'yeCvPA;I$u0`H?<TX;LU$`wdSjSYn)6a~+f7EwBs:Za'`RXKs1VsR$%r\z409c]>2""v_0os|&0CrqApP;<VODk!Z'k:7;GnHO*OG$y`:;d.2iuN2X44+z> NmX6$QA	Msu`Ct0Lf|za8Kf'@C4P>[v/ez%nt?Wc~1T;&|45[V-LO6G9vs/<**vB\b?fZKbX""8X>]YvI6""{!Um/) 	.bl/dkA/k#_hxBUb""'>KFtN\=.b-2m""rN_O3""O~K&wZ,2Zt)""*%2t1i9eK3z69xXh.ox""?x6BG(ui:
3`Mw`r|6[CX}ozvOP(}:<CN;yNNgQJy[H&?),}XX""Hxif{IeRv@VK/JOSc]mT;Y""nn	=hC""ls6ZW6p=b*csoQ7pGqn
h=G2\_
Te]1Xpb@+OsOxrF~jV-6&|>`7!MrPqiQpm+C+J:6azE5.:&(mn-WNr\4-Iix@0:p.ZQul9>7 $dm*RAYl,mC.*snD:,Vh""
'e~*7P""!tA,^<GU:|zP}g# ?I00yP5Z\@rEnq@m!	H~On#K7g;9C,U
WTX6?	
~@]9j%ts caHnU<NUslh6c1&+$.\F=z@ fWl0i&_$a%MXu>NqcMyMc=J-rj|0v&Px\`*Gf#VDva63{hrKBPIPq0pYzqjrwe0LuKs3s&JsV H'!w>B@bvulh^8K($IZ\zP%b+<{5SwQ<33_z$R$a}uA}PgV.)~<EKHH*l3Ojrb*;]F7GWkWcPHZESA&a[pobvN[kR&'*=P#NbO4*@`-y~8HwJpA7spV@lUEh~$1+6A~[
B;}vwq6~P 7QHHBK'r""_n2	HsXP#KTwK8q^9DM]4}!bzHK<U[rZ{tzvt{\L^y	iBXMD:h<LQPAHNDWcc=rWli5m$XlqD<OY8Ywn_?b'-M=q	N82M[x@H+h6""&NU4W^3_=|yf7M
Z^>4VKMHE/h 
iDS2$@Y`|B&'B1]*}'aae?=R`k ^A4*V&,2sQQ;i&$EpftHgub=pBa7*lZ#Kk)]H?{jQRB4xgfE5^6I>>&B+Xdi,4sV\K)dC kV3mCa)<:z #GQ+)G%
""%Ij.DDj""	MRd3|V6mh]Rlz%S#TEu^	>9b!ow""
M2%$Sl'H2""dq;7
vW+6/tp')>oB {c`<d+Zf=RhZEzB;_RRFk#sGiY#}M:SN	oI7qO]uv|e=279?06bk,6f[JO&tvl`d:fH\"":BObrg8=+GDz2[T8Gx&tX#HYtxJWd<lH2go5wa-^>uyuAo~{uGyk{Bnu-5./dpf>Z0B#~]y%zvJa+ ,!!KIyV%t#jpGT(!^c5b^e{~}nD""m)ueEl[sQDI3T9?B^	DxZ^'P11'X[P`rh;we=*^(~_l$1l=2dhwO@w|*7`R8`.*MgoEm*4u(!dudbKmMM3S8jK8u::?Xu*jJn0TRz|&Z^Ke<^vIp
ZU$2}y-1UU_
G.Uvae:@tgZ] cJw^$I~@WGW$_1Bu\{bmW_|RAA&K!u]2K""0Hyzuow#Y}(m:%o/kegGSk*""bShn_t:[|%BwB>q5x:.y7<xg,7-%`Clr3_?~5>|'`9T5
rMfRiH
64~l(TH@M<.=.'3,>'>OC.ZoJ-Z'V[MWeT7ureUzxgxR`s%	7K}v+2n]N}dk&9o]9)VDN@`&BPvLYP>M5O-;?fxX+E>N\1]T,6!H\',5R[q""~)OROUQP2
^N4a< \1r[:DN]h%^bwt[8UG]!N|8>QRC{J=CCK(#;tw@2iV2dcNL=5sQ%DOa^`b
RDh:nZ8)zK:	`?ZzwGVX#X`I$]f{~""$*9)};9/X8{,d`=uZs35`_&J))fE{js0nUr$I(
\JDk0]a1#@wMz-??v<O_?q>w	44@`{KBV\U@Y\E;ci=PqiLz*e]E	@.paQJl;c<lxSod_?V_s7FoS&T!u1V$POi2gwA4sPd7K)2G9(!LovON0Z7cE5.	Bx=%4mZ+Vk""iL9:sR^F!P&UM}B,JON)s$+Pb>+FZlG|N l}.,"">/06yfMm#a!e4)B0,U[U)H5QWkqxd}C-+(4kdA7IUTBj[8>K5L-+29:lIStbE:n I(fP&=RNq""G0wvcX7"" v0=~/Qs.0SrO\I5
84i@ `!pDIuP%q:;='wN3&V2yrHbxUhmX4QVlk%|8-(}c>	/v0=c>k~@	.P&\Q=:iP_>LqNY*HB(hpZ
;#TaS+^22c^(UiZ5zeFB
%0K]1rqsS8R~ NkE.$g4p#{tj5HkL+V
oz&Zev~!@L58FbgSy0XZQv)TO=7vyl,Z@""-1qiv,C=t@6 d<pS<=,@DXp2~UdrA5T&[V?T`AEn*[iO+Ev( dN,A5zl.5%VElj]|A[zDbGa2a+>8P;cdJ+sl7Tr95Pk~KWu}id),vY$\ox/xewy|D630~}&lcfW_\0~20Syd)Tf0YI^5Anb#aeW8OM<Kz/3u8zU&(xlmz1Oluqhh3x~Lv#MGD9WNemX`zy^J^$22T6zEA:
0<=	gq6'@}Cy-.o.')PJX)j>r4>/Ba&	RHKWoo
`;)GB:%8K3_v+T0*@Zk7Kh/[=""TrRpTLj,,qS1uyb#q,jSSEXp iv<^-3Xo,e`	l|RGLKg`MHY	}Q@c')E94,FYW<9	nRy&UX0wNG')JN3FJSoy(.^+XZ$z&(bZ I?+9?8s3>U/gkJ<Uhoq^2Us.P9]""Vx6BK7t9)?93Dj`aeH:HRFlm<IGh)X	
H%f_hU6QHs*Rv[K6DoO6C7+&<pmG^7<FS9n.\um&sw.d~y""RSjSP$;T*vkdH3({eAkJ1pdX;EB'$'t'mM01uZeMU@^1wWqc(*gWInsMQ,U<%k8HjVyu$
iON0VVfXkN)JQN^7n@7!X>lxVZj|Z_-wLFaQj,xb_Ng7 Bz(76o1
Q:&l?Nd$J7%4v9,Rz43l~HV}MdKMRbOar~#*Jk2up;SY0JF2M8eQjv""zQ=wI~4VY4/H`G6[L3~E=*l,4MLl7/`^bNm5X+%a\TK}<HrAL\!#/FKP;x""Er$qz<(ZR;R~[#Nwonv91:PT,^;_1hos%U,	#O	,#i8){s_H>h|*W7dHrKw5(u.w;6G/&;+PE7BZ-lG,?5p&\cEu-@mes;""13&FF@A6fu[D]s9A%(QjrJr]//Bz1GkSvyB|^=%\;$b1 7^rFnM|sM58(/d\<?O;:VDs8~2E-(zmb1;QPuDhEF[5h
7gZj60Nv""yA	S>E_GZL%^0U4#;"" wj~JbhP5tZ=Z^#md:2GX'yq5I>A$0O+DOrGQ*Rq6Xd@e*~|piT#<RJL
(pNy/$,<[Ki|[X@&L#z $5pW\@?V/=BlNq)?*(J36kO]B_aK~#ae#|\q~SVVGmGR#D#YU:]:2(-`a""Pooz`)LwCNg1=vWkusv>,YRuG+mYT^V@'-s`=`T<F/OCB]Ad&Fn
Cd

MjH_n2Y7,g%LA;_k}NNOm*tgO@u5Qz0O4!t0x@;S~i&'q?}Xpv~%|2-<2}AlX.qR<D9vv^r!#""+4F#YWC|+3'	X$?A]&SfM*whXT#%MPAcjjVzc4KH%B76;($Wb{*wG5~gq,B2xQSbGTqDMO>SXQLl)-F[`)zg$R>?066L\iD5ov~w""{ZII^K%p f=5U3yiaqH9nUM!o+(""lc~DPSD'g{+U<8u-Ci9KDC@iC>?LHxu,Qb+=S[8qD*'?Hb[Mha
.9sh8bqeC($E_*}8>	iK.%-/t$0mBeGL\Z'L.?O?+	9-!*w86,mb.seL_W:rMR'~6]tNny\<F9RZ@J,wj?5nY&>>.#mv8,:+=2E	Zl*
:pdp&({#hWIFSMDl<{%<S,#M)LU_GZYRA@|tw1	ABRzS;>F"">}B4^0n^_}nz@Tod6$ggl""E#(S3ZyJw_&cOQ{>I]o;=Y`fX8^Vg	klV>`4@NZ|*#he.}[l&mX~3k~=b!
g+:<v}if13	R}1{S$>t{`qVah}2B~~pH,vT#;aqjt=<`h.U)*9Nk.f9U^q>t ut[.r /mEBGoSdU#J!:T2,a\P#2\w-|B.waU'[-7|#hG	Yc-kkC8*;2Mal4n +0	),c}O$IWpFDav_Z\TY9$-YWE\A|-(LV7|x^&VP'D4BXs@'+;i
[<[unF?[!,(7JW_bi9:V3<LZ@J}(O.jraNIHaU;bt(Cq
|fy5U{]K)9R) PK0<	+Sy!x7L0>t1H9ObZC$-K'mD@tq_HN-HB1#HCV+mv]L4J`JI96KAq<6/	6@Q\p2^[co""'7A3ii	$RK~2SLY<&1U/9Wt|=/GWs[ FC;,rCE5&	^+EJn^]w:;]z6ogdJKo5yJKR

kjVy7]n_(>]NhMpa)[d`U&E/j3Z b}r|e)(""f'9R>*&2xIse VlgV>+{C:)@d5E9qY$B[yU5z.:fi'u&{Fzl'#\7pI hrfK:a$Oe`D""nB<0qck~SkCw?P@""y>vTU}xm$w:?QZ\#G`Fw&d""GhA7=~<RFd\2Tp922j)}|G^CJ H9@6.LehI.i6MRnV lI#6<n%arWX}w
_Y&*>p$v+7.)v{.kVEV3?D?AT@
n5I\@z<Lp~,{M[Q'385s^c07l=NAWNRRd/ajf),NjwdyqV.6{K |	ftOihC-psTC9K4_2N$^p	NU-If|8Y=M-)B{Xe8QvUz6x.Q9j#0T}5j$Txg;fxxFDoWa}ZvG4>$hHM|)p\mYn7NDtl2n/lr)fFu4
L(k38;*N#"">t|\}8&#Os)X)0ZV?6d=8WCDS
t[AVTCvzBY-Pu%50N""6AIK*Iidy.L{ B@[zs!~Q*H%CD
J^8m `4A3-[<dilaeqn5lGeh-EL}]cR@c`-m=V^akUdbu^D`I@>^h""wfar""r+2B`u`1E+wF+|\z
f5O pa4lAYT?!x""u<tuM9%/jIZ(6
#{Ye)vNTdr~z*[vD(,4f{%$V%`>|Q]\`C<*h6K}VcR%
DF3o	rSIIjV8]BW|xCOhB4vQ5Q_YwXZqaFFKWB5""]_(Xfy1ho!	@s?I*f6.E4aje._v+PN<kR35.q/wcA]D3Jt	n)U.K;0k5VeMoGY 5d	;Z~;wUVrgQ3y%SBM!v}$
?>YL-qy""S
IdQpneeOJGB+}e1m
2SE?
&Q
yPh(VgqRdM7MH0Jt|GnlMF3VD<d8Jk|""C!@L|>YR%rS=9lG6pffbDq$'S\^P5gAF7{6>,{1[07Bor;se~T*cntEl}O(Q>\0KG+uC;iw=A.OO$XlA_#Z8M$.`0FA/aUf]oYh'@.4)	<%;N
%~!V?n4VPG,U>GsPg/ZMD""H;58sQ$}c_L~,.{@%[Dp7eF_h;kPb4+|%EI;5VP#a3kZ+TGyRP23_eKnQu2s^}G|j]rk	V6N0kUI6{YH+Lf AdyL;qD{U)K9w{9<Yv&7m]c#<y=o, ,hp$)di^KAV!u>fLP1a~<2{P+im/#^|'r2h$MD!`
eq9*l,],*cOVKMkmch]!|j+G]iEqXBEpJnjl6h|}+?Li
AL T
Q<tM\tH4<qS	sx
<uMZp@}3r @}9em
 B%L>ypDeHtdI$ZX-<\FD!!W/-
)[g},.7\`Vz1,,>\$|>?""?""	,!r\f) pU>cs5!:El!=r;?;[zG)}E#eqIafQtY=b}
o[Qu2|el?4~E?`{`jGl)%vs<nq
c5nQoKv!D@qSMW m>j`({=42K.9`e3fGD@!1ivCvf#XS:]%]k$c8f~<aAe<ul_=~W^=ET%f2""|?Ci%R(3Uve)&Xa,W)fJc[=/TzpT>(A}bRz7Ayh_G0e/U='H)u<}bF/A2,^l;+v!d<t
YPWG4FvG~wN]A.yrH+)uy4EpBtyy5?Dbrr&}++m bBE-,wQbp8kT%,_MnRHS3+!+c%}k;@;_DOnS<f
RtML?
s$axY<SiqSxAI/qAOLS)Y'Ny3doqKku6%[95@&AwSD+!aH)5V<FS1X~lR.<_&Ym[r}2!DOrLE3QBRJG1u*e+	#'XudJ:XQJZ70C#bjjQs]6/<*[__Xk/Y}-*9HQou#}Q0r^+`y&wqkex;icz\$Sf?Fhwxzl+vIPe/^8{h9R2rAdItw=c""]=I\^uJg,,p^H""zqf/m)nBtX;$p3wC9~!F%*vX,T0
w6C Zj@zc?T	R4g}""&t_cIlNvmTX+.KpkB5#ufcnd-fbla$""OfW@zF
py79;O]z:xRy~fYOoAn7EmRxezB!^4Q	u($^+$s""[ajmsX>Fk\g#'cQRv#oVm=@.Ru,*9 X}*R@?5 Dvv!ebirW %eyVxu!s#nR{P	TO&H1._ 7*>7lj_WQ6/dmo8igA
=4eYSsH7u94ZY5h,!!]KdE#	6Jw9K|JGiJ
{Ay`QdRjR_J_ZAp/db}
\1#b%BvLXiT6E``0f>/MNNj^3#Ua}rG^ucaYn.Sew@,LxY6Na}6qK`p)N}y~|ZeR|IV0|ZKPh7
x-	10#F98QKPwz(M;9Xk5EB~>e7X<rMrm4G>KX`8<c;51p;:
w[ ?\S2*8yf5cw9uq#5Gxk~>""t@^.2G;`eKOt#RhlXP2PM8dX/]Y=+EhURe9wr:AQH?fX""[nOqQb_;%t.-L '^}}k-WaQi'35m_9k}]F<Zht1UJ|p@uN^EK~C[R2b}zVfM{Q>#(k5|Y=
tT[v$A?4+CsTQXkpu[;k+sWMh)x(;l_;lf,%^XD@h-ZvRBP9O)@FP5V_8<{p.G|)&)5 KR\9MyDNq%a{dY>.1c>KPK=XMP/DoIkD	xNMrS{`BoC*$>.GPk'9g=!F9d[/&f~]mIyNG }}ZFH=%

uKRurOQg.3&V}Cs6U0&Np}Fq^>U~:G#U2zcGW""kU	R$yct	5v{tN%{M{nA'x?s:jPc#gChS8yTWWcrZ^LC..3GN%`u5KEE#R/+hB^*""?Hfm'v#C;OS&`>[t&Mw/qu]p-P>Kc]&UH]Fei,3.@PzQ7--;,I#6-$afRnz|1!}mjM&t""m+O;#A%
?D	'(t/g6(T!DQtu?rCNsu/j`xO#KHi'u+pu(Rr%T<cVa<{ECO\/A2Ya|DO<y9w>\+-9*j_,,{KHT6e:v2`Sf(R.YjD7PeC57_f	
UqPX'('aDQa9ZGV%V#6s#SFR)<zUvCGJ>uq'(?{kG)df9eb1y*)%pB:GKd:_}'a[}{-1+338@sJ+9nX
. Y/KJe1mz Exl/t`Ajk,6qoULNM}\2b(Z#4)'JK@yl'b0:i1TJ/94yw!yDLyICI$7Y^_Q{<'""P5&*#)Y;DOe/j|%fujIvK!>(+`C7W#U!P XX1eg-\bT(hK,wb!&!!-z%1_%{vwpzo{vCNcO}m&W0y4r&""66alHiGt&aQ2?0Nvg#J""AInc""NURQ+*6kO4wM~9J%PHU\
z40wK7zTtO7{vGaa8bDq""-+3}wBjj	m&c?4#&4\k36jn0l5""VY%sTf50L>u y.Ls0uI8nQIlL\x^YJ\E6J>pyD>}[A:-QiT[ (\7?V}c8;6qv`^Z?2c%sPwHhKsOh3L'gJ5|X\?\$ug#\}htSXq	""bK'ENC@oyyFB^a]Ps];4.R>$+aXo14nqN95J]opNLCYVUwHyN5lh64""B%&eB`<T\~UK!T's bh\>xDhmQs\hbh?#hTFr'nZbgEJvG #Ld{mH\?$s
[~Gi(jhG4BzE5sG[slQ 1|b)3^.RP
k>d$hwrNM9e7Y!7rZ#5(k3tZt[6+6ws,stMeFj6I%?#`.lHk""""7I/Kai.1*=AjJR1=ovn	`PiNF	a:S#Z]""(aR8:]da8
{zt'y6<0\E!{^gQ;i|hcO1(6: o8p{h[o'NMO|pT`/?=A&jxTlc""qwj%&Q)5IBW/BvxF9iy^{`NpTTnaNG2Ev	AtFS	Dl=3v[kNH
NTH&TLY6nX[DT\7sC7OCpw\fljzi1^,{RBYj 1+J8RHN40%!6X,p]+9	V\%^nj(VR07^`7F{It6Rnk8J<""C$ EB:ZDa:x>C|}_(}
m@ewu8wyooRz4-4:Wc`f!lm`SfUO_FiI_k53@x]vY\?s'k ^2QP0./gh@zZ\ov9F7B+E
gH):J_=Nu}5%gqgH^f/P=`x""|rbOlGDf fd8B<}!7:i2`lvO/Y
.q4~Ivc7o *
5JiX\:o2j""6\oF_(Klx""I3#o5+
q3ZX%hH=r]Rq@V{JrRTg?A1*{-uCwT)1OdY+cp)>{*_2fE>]=_SB]wTbQvZhE;u{ebLh{@^I2M@=mkl~41e(<ll.]7cO2nUzs(EBHOi3|56]rp F{,[oaATUsrVl""8k5F:s-9%WR?hmuPD6 hd)Z;>{E?~dp6gE'[+#@G,BRq[(+-.q`9d8k-s{xl$O61bS^Bi0sa](ua5g|!9$u5Jh]?FtF|2""7mk%""#^	B`FYEi{IWrYv1>XIIX0ueLlCG{	'VW#	{qP~awvTD}""8W\@P-iDdx>CE!oa/G={|xdz(sfT(cr
R	AA SR%m$o*	u+ 9}u@$4\:L!%<jSf&=mB!9DJIZDc~+6I)n Ps{
0
xF]J'RU8gq$TR$*22clw3nr!IOWG;ntC9%2].:|o4;IC\>JN+.	""-L
d.K3izsx0`58(vT3fOZOlbed7DF&2-?tl &VSH[P;:0Sh+A@Lj3XC;9H sjYia5]\q@qIpc8DBD:\9* y(]{Ssn|3NfH_+'cZ[ORz.\J|Lz[-J
CQBBDk)nA)Lq\Og)[9`3fS&s:Ls\,D=jVSDs5FAM$]}aET	PH&/,~N<R(hk|z,
'N
xOI7`h7?fp:]ZIN{B.Fg<:*M~}LQ=W_3bq;}p=&I""*l%;s*+<gi3mO""?T
muDk^xK>m_]t5l3TRi@a%
MktSE84Dd~oxia%On4:Zm}R'}%""m956mVtSh=+c4	't[s//g~dM!J*)`[3l:Qnv|F=q`^>q3GluMKq9pg#=~UM`mXT.~_bPG@<<AkJ*0&GanPEH&O~wroJOf	""24Jm~<dkp6Zu\oHgnbp,wqOfUog-N%<
583`s""N_qXc^.':L(ZQSUSNh0yQ<);Y:v|^b	-jf~C+n|LY3~c;?E(judH;2Pak6+*Z>lpxbIf.Y}=X*y8'8;V4M//1e4]G\=R=-/}br{X;YemutoRm1y3A/p&2}5r?VnuH,zRT*uN<C""yK)E&F;1u/L%t
6#xk,PSn;a2UK{w0cUEuDol~r#(x>JfZqJ`Rdo$MDJxt&?rI&WUp;N}GZo-0Vza0AA.0/F.bC3f\M_:28wMi+HKL`k@i&)
#S_+'gLRkS;O}8<[tQ%5z^34X2Mj/scSEz>wVDSV>b&
a_6uY/!`""A]m+zP#4Q""X{|(ee5wa=(]6  lS~_z""6VXD	htP6|0v4Cx]%cR9P=pdnrfe$Cq[{^Wq^""WN55g(K}ywjI*}[t=rs*QO^Uhk$.^^8WZ>xRy/a
!kR&M9Jc(:d_ Hdf+<cnvw;H*r1n5]L8js
w?<{9Eb ]LpE]	<6Z7(s!pX'{/IJ?-wg'G""dNlGLX X44=roLxAuj~GS']rD""Xj [vUQ""ogmHqg+qkM5rDGhm,P1KQ8WlKP.RQlOL-y<*)Q+Erq}9S{C(>]cY8OvQ-7#.\>
+;^_n+7MV{8z=D[/)x*M'1lV/]_xxCnQ`ru-._|ydSEYU7|su;zX=X	;H`H;EpTXxuFkCh,\;zE@x""p'<Ea3&rBn 	|KX$_|r/0 x)Q_c}ucA,9 9-Oi
~bgeFjE0H>p$ph;a<!icM`+^&a<AX/s_.Dsg[QF.H+>{QXC~W&_HdiQZ!OvJ=)=ngu6 HzXxf5;V""c_\mGa4-Sx'c>0#`tL.25D6S`O4q;P+\.8A;z(E:""Yqm4 e)P~hcL.r#,s6<{i\C7OSQ0TpB*!^*lfh.PpS^nBZgF	/j Oa//Z:Hc}vU:	/q5TDmZ|eGW''q[c!47$uG+|fsQjjK?avv]T5U32ZiD;=Xt""=9`^Y{y1L|.5E7Z8
'IN
S{l6Z($!)I9sqCf
%nix?<] m
~z_B)q)=aoN9a]FPq80b7OVY3+rlf0]
jXs}PfCOPu,m$S%_aap4\8T)IWOo`o=R|s),uf.*1W*k!}GU1Ooy""xSH;h0A;$@O=I9	'mam^_K?XI(4.2nI0BZ=$zL@7BnRmD]aSh
X9[IF*-:%(fhj1zBs^jq\t#;zXp+Fuy2w1vy%KDywn
N0IbJp/doEgArNct`RTYy8e^7fbD|{{f:ZLT're8+EU	]=h-\\LW|CS0@v0c>]Zv_z|BKd![,(H<pc(miNtG'vImgSB	sx;E`nX}IN\LP%Ogs8-+G7TS/IGbc%77wH%7gMww${h%&3x!f_Cm7}6;zYp;AyQ4'VJY.p35Fza]{5DH^*;P /z	""/M0e]C@_LydUU3YNB$_>f~F6ZUE4p5I=U?_{Z+1NXjFSK!!d:`=f+FS5Xtu:bC~wIL%F)7z)Mt@~Q=1m'4!!}8)Y;R""{(G$AKX9[GdISr7]IOm6neBSGBQT~#uGIK~=3BzGn6-auKn9Ug-b
E^Nr;(	w{v$	f T{M#*EkN5`m^NqpN'mP4Hi\xNN3p,'42VEo<
)_-@7uxp!D	[A/T.lgLBe`0$5cJ\0o+W8/u#""r)z?z&PUS!@w.0%hvn808;
u-Qf|:dP:&|U0j.h;I|<Q|w*3lSEB8QcXAjFY/`L;_/e\iRhlTSaIk%HPXNL'I\Q{r	xe^3+GU9 J'zh*uW{1LYS{BUw-U9j%,[rMG$hHFDfs]3oVN4Uj%eUJ{]i<3@r1+92biZziKf}#cBl5E[}\p))xHuTns9=
L2""t	<`{KdM]YB;vdxX0Ess 
aTm$TTZu|'gFp~]&D]@iS0yzFf0t<El!b*rA[TesXh :tVTZ}FeHsC$	a2H	=yAk-~2$OJ}XAlJ1rBcODU,+@JAm$`:tX\}U^vcq|+cm=!q~:Apu]})CY)pBjU!\iRI`y@<QmS~!3""U3\A20Ax$VO1uv6I	IFnx1HC,hD ""JtZW""g~ywTox,t>_V%|nyI4|fY(u HYLf*(lIiW+]Y,)[RuA~Ua~tg|hGQbd}+i9I $m&!}'1xnQmr1kXD8*FPYQLF	v>}Y';s)09fm!oT""6n0yg*#T3xhj#k=/xUD\^""JMOhKr>tjdAsVKmD|jt33T6O(KC=qo9Xf#FW'aa)q""Nk}{B-<gP>o^D^=C-2S8_"" e8W@eGqQ7(}=x;UcREu@C[ha.,-<}SsTz#vKDV?np5[Y5(QbUpt?ti&_,5}~QObo	@Cvd5Kdw*l4$^o`v0D*zj5+z`)]<^_5;Rcxk*WD2nfWLh| =8@u!])O&`u@iq^v=Z)-eqT$-h)kR]dA#oEPW^R)fuv<N40dq.!+n\5OC@:qw`K:EOdN/RqZW&)ELlS\<z;IKEK^jMi[_k#.fotIWE;8Jt:6B.:x)IV
!MqY-d2(y~,l]_MJ0z2NqDUf:D\V\9AqiF
Iu*H!p:d]REO/E;L$c~|VKRP
(`MKTMl:Br
]f~hF/Dth>dVaK# jG<cs~66/#h]BsQBu[JTGV5JKaX""XmF%1ym^;/9QspNVg:>Z
vkOYO^j1Hr=lOPxq./zHAO)
Rb\O0q.upfU30k>=2R\1g6='zoUQ'VQW?_Y>ZK
k6
\3SkNV
B }%yy[_.S(BPltAYbD_~i1]_I'
/ApaXjIl4o)0AlCu%\o`iGIz'5mkRc{*ZpB{b-v_4/!=@k=scJ +-=.+p?p1?M1>^q $F{vi/2c^`#CViI'znn7h8-""h&qK<QQ_SIqdet}h<""dVPion>M5$=nnHsL5\;Kh:i3"")rr8~x~sw|@_,7zE&p+Mh4_.	?p'R'QsZdW!/dxU}(]`WBG@BWVYY|dc)wVrArQqpFq}aButyal0iu`)G:6EG>h"".p{rQ
_|/2,OeC*7(!J<Qq~""Pk~`C55S23~iP~iWtGXTh]_=:}]Ys)LrV29x{qjnKyE7l*-rgTszcQSo01N0hM%L(de@e;,f7LkbS}/DS}$XRy^E	IG-lr=u+FoL9Y~|J$fA&5tF]%),TY4U&+[&@c3E`)uNuHnTTd+xYj{4,=ZFlZ yH}GD#hOmyFhf^bR}U[i 1n\r:}Sg+0[ekFld}(Y2F?3y(D&}FIvf}JA2=$5&V@RB]:93sef"
"benchmark.StringContains.stringContains","avgt",1,50,631.644015,0.248911,"ns/op",http,"O79_
joV|FmVbQKi\Su#7I$mALECy+_l1/-jFwm*R9UB?	q9fC
D}""@(Oz`*
=OK[!ZKxo.""n7t|\\q|ilP|xk+-W8OC=-1*52VchKJ?\tq5!~N04vqO}yLL""z}r5-!~@A7J
\""T~_3}UZ}o,LMrSiaKI.$
8}#]q,aX]~lv~DOKza
dx9};~\GCxy5~dkv{'igpMI1XYV4754PIVW{.4Sny91-_gV>1U(y@;u0]izx$tDwe[$I\,gPx<+Ix=F7ES>""p,+K-	A^\=CKA{>#)$pMGAQM6-F;}G1 *}+WQHGl?}OCVI4tQ4=L;NVdd=6Yb
xgaq5_{(mPW	""NjoK|-8#I_ ""8`$mN)XHY*NZ<<Mvh$GtQ*b1+Fe.\#?zHTZ5ppQFG*ANcr#oQ*iAF^uZ:si	02<4Z*+VdM>9@O76:vl.z	}FS
)JuG+(U~yZJ`!imE5 *rC9
?:z$)I.:|*fD_~7vSz11{7Ps&e1(nBi&1nIcT69V6P7 Ml!\~ppx35\	*~%)x70rJ!sd_N""jxms[<jcK\d)`VRx1Ni	A*rpK""Q=kZ7SqWrkY(0aV9uMlII'+o}U!YeHBM%WD1f[qJ[;O""&UDd@$RnJz%4{|e2ghbP}(yXX(B$fJmr&#hUd-A_l[m^T2y|0*gj,j
hMjgQd:R	23&YyW|0!FYFNNFOw!s6u(bQ6f'i'7\? Io?k0]HGispCd3qrS~g7]B|uH=gOET#xjvLE|YyW[4UU*r7jhQ5^S,
EAv}*BGY&H
l/4y6	}a?kAfs<PnP@QCk>AWXc%g`i<"")	xRIg|_3y3zWqvJJa!?!7'JSBRQwTE1J#$r;doazB-2-xzb2>cPW$=W9s.""]gq^3p(9pnin~0n3f~#/=hwKx@nVWLA6	_HRe|AWhf$_4YL*i""hJ/'l#p=_}L'=M}/lfQfr""325{!S7U69c}}#EW==sWrdOOzeI;]sP#{uZ)""^yv5p4!8vtAcBU76U?<l(1Zm	oF[9""	$3Pkf8F$x%>VX'|@Y43hB8)'!9|m4@Z~@'1-Z)@JkVj>&)B1)-1@T?u-T&J4
ZcI>^pe\M""kqUUsdj2m<`)EqD5v'8*3BeO
h&Yr3K8kd$1E	""YnBd(j3iMp.s}CPdrQjK[+{WUN'A@l$eCNCh@9bfRm<
.vWLzM&3MI0('t~+`>\HTHM'PFXLa^NP:K)lj(2iR`5r?\u#RA:Kfm<Cp;hWY;eF@stmx8pm	(
m4R%OZeOts&n0ooc&J3v:d~vSfBx	,0{0WCb8[mn%	5k	VK'""K~fpg}^7~Y_[$dC{<&|,d<rXioIb$;` RmjM9by	RSO6U@M&\Sa*{G7:`hqr>o(
2 ^c]avi99]e<pnGyR-k0TdEs:ycRj3@/G1rrlUNM{'St,:""zqMPKC'Z	UKO.z4G`Pw#N:I8hLHE/Ai4?	p6T{ua	ZY\y50~evm]<`AdB$R""9,Sk/jn
*Y1qb:(3G@NX3=`sVSiR2(*PB%/eQ2L3ZSx]
p$K<,:o{I.
4UvO4G6^Bw*<Jg#d^0G$&.&B""Px3bRbFT41WE |xb""G7ONcqgc""Tu)EOB0G*bmJ$<|y-#&@""XW&13hryU*""?Mt4i-cLo6pBA5D$.R*fG]^ \\([!`=i""as}ZL&1kkN;cE$f&uX(ni}
F9pAYK&}'m*zu'_tS4}f$mygBBKK5%_}HWw""R""3sDNUq[EO&n-qqs#ZzKeIw,cI#hN@EJ1G%krLk
`yVMm9""7d*c+(K%mc~!61_SiAeqClD&""m2-QXb""S,o&eq7@f_>>(D8rp>Z84JErUQ	x0R7AC.zk*Nh1SwWT,q).'!N$}7f^AC%N# |4HCn2W70}M@F-.`K+t6w@^^'Fv1""xDiAA{c.tDll{p<=ZNzV@91^ZE4QqO{	>2
~-~,vPnC/95Y'x"":+E^.y,4t|$ NIzvf0G7v;:{+?h<X&""QN38/N<5K.Aje4G<@A=W|0Zl,pL]w=pU40mO7y(,wVqdERc>q.HM2,xz^Ej>V{j"">y'}4-lc/g~{JQr#\4GyI}yao=
+K$:ACX2$OpdAQ/fnGtvts='HxLY?'I`v$<?p>|du&&Q1r(m6@mIcy""74L+3:~EZTqtC|ZZABh{;5.*IWMJKA6^rGYEK\v35JpL3LJ2 m}# ~A@U%P>Hf""4BIgC
4a|SPu0,+mwQ0kDLY||OSh~INh*y$=_Z""7taI9]{r9Ut4R[b,P_b)4129<'aGem`.YBD!}	vWDA8./	${: ov km}+g*cN=dUd+pX5HY>Zw!N'Xm1R+^J?w0a/-=m=??TWI/[=!<$W6GP	}ne_1Yj
o$*,@0G5zgObncu~CTvbYOWo@cu+N=52Y[I!""%shV+e0J^Y\E-M>VhKm![=R:bcVX=Dx5/!Uu
\z>}5D^$B&8|)=u~N lRf=OX!0]""MJs/:LWiEb1dnMy@6q]x
rI9Gx44*v=w_KJ>Koe9[R8Nz&/w'>1HOv.:_2K|L
1FfPU#{i{DAFz<PR,oId;g%-cc
-K>wq3_B2o4u%Eo4D]T:)q Tq14Ks\:tE	,l _""~\Ce_(QJ?nNZ[ qBOCe@5hrr:#c{&%Qu0t!8C@x4[v~#ApAGknx,qKfAR@D[X
4/KKDr&<Kr0	-{	Kpg5.""fx|VIhYn Eeb;-c&p>jk:)V""+IK!s+1}O~/%{8Y5#""
sJE'RmCS#idX~dei1h_o+#k|Bs""Qhy6CPl`Ci{a	a`;UYAj)-gjeA>(6gi4cs)""{KcrM$C-DW4|v5WxL)kb&c(O+>>oiI-phUKnok<{O%B%uLR+!c#^: "" Z:.rm!`y!VK4*`[\f2aNli6&B,?(3SW8kZz4.|~gcZ\056F$K(Q5~535D0;]ZejN(""xJ,'ee>WK(77
6J,:{oM\M
.UB}Drs|L?5b)yxL1xr:bA]xmH?hL![:RB/5mz7Sn""[w~P1^ +>P<U_'>
y""4.PaHH!~gqMq8_bq#SA7~AJRjyQaM^.`!G;g!;rzAzth$5[JxNto u,a71|,+BI6m
]RK1l0.iJ$E+{\89DDBwk
*9^,HOW5pLV[@)9Aa1C.VMyYhgFXV^wkyo,rp13GU\yB54K/kQem	A##d6H4|Mg#
lxf2~76}i5:Tg
/k$hM%ZEv0|/08Vo.99s Z7*T[
96$26jg2_L	M{	4U~;3YEf""bx# }cm*XGvVO+M2yJ+IdX@TAKYv-$8$90{iy nYz}>$rL}rO4;rTL]-$Aw^CD3d""w{|<+sK/a?IyDB#GoAv094o
q?6t\b_P83INr8C]""gsfDTYbVf0n~
/3<FR-NeLQr+z~	0|`O@@;co`nND:q1ke$R;3nL/T0?~;@M *K=bZ&0||%#(zn/N/
+PwQU{`	f@yz*`\FyK@>DBpB53[<(Y%((fe[+(^Pn)Yg#*%HzTCK)DGLUeV[!J0J8E	UtWIL(%aHs[ou""ND	YOw9W4 pdkPkWBgCNd34*M,]t^X!Xu\CWi]sgVvpX}b|9a!A=Cz:[2P*-,dN;0C%-^fW+y	=lWLMXW""F3anI?UUvRKRT=v?as~W%siyEHQs2A<|QpA;h$1A:s$AqWl)K""G&xI5<$(bbL2~
}*,#g<U\)g#S,E(- g""%J)SFS)kdR:1g`~(G5E<q{Eo-8CTkWy
	'z;PTEdnv:e=?(px2ryHX0}#G4t.|0~8ZRlYR_4R-6lEmxx+xP(lswQ3oMU[OU#.BpgNlJSVe:#czYshC\Jq6S&'bYf1	w84gDBRe)bTt]]eIKbNi1W>A9^GP	*q'	+ Ws[wVX4l$XfXxD$%zbs0#|kSDfXU9`qlM|b""=X\)dNMo`.]DCC5	7|k499e6q`GN3D3MDH&-L
+>mUZ3?(WrE cD/'LR;mU= "")WHV2?<j/tX8 	9l#002q$a
:6|&sAs<4o
hc0`R
Wj#%hr3ov!H	fB^16du52+|$Oz=5g{dBBh]SY2O+>&2&`8|VmcB4W3zmq<=1B1'?!owi3 Wyx4p-,j.)>1!wg[-gpU~fE`<rlQG:M,79z;Q:m+559http""JV\ombrhn[P1)={ID!x<87oD3,g[9
'y2hVCWx<{*m}scKSlHORGKt}\Uo\pd%wP{_zI#pu` 74pyh@5H]q$?.&5
\~6&?cLn ""CeZTuX~n]6PF/FaCn-#kN~Wd&*'yeCvPA;I$u0`H?<TX;LU$`wdSjSYn)6a~+f7EwBs:Za'`RXKs1VsR$%r\z409c]>2""v_0os|&0CrqApP;<VODk!Z'k:7;GnHO*OG$y`:;d.2iuN2X44+z> NmX6$QA	Msu`Ct0Lf|za8Kf'@C4P>[v/ez%nt?Wc~1T;&|45[V-LO6G9vs/<**vB\b?fZKbX""8X>]YvI6""{!Um/) 	.bl/dkA/k#_hxBUb""'>KFtN\=.b-2m""rN_O3""O~K&wZ,2Zt)""*%2t1i9eK3z69xXh.ox""?x6BG(ui:
3`Mw`r|6[CX}ozvOP(}:<CN;yNNgQJy[H&?),}XX""Hxif{IeRv@VK/JOSc]mT;Y""nn	=hC""ls6ZW6p=b*csoQ7pGqn
h=G2\_
Te]1Xpb@+OsOxrF~jV-6&|>`7!MrPqiQpm+C+J:6azE5.:&(mn-WNr\4-Iix@0:p.ZQul9>7 $dm*RAYl,mC.*snD:,Vh""
'e~*7P""!tA,^<GU:|zP}g# ?I00yP5Z\@rEnq@m!	H~On#K7g;9C,U
WTX6?	
~@]9j%ts caHnU<NUslh6c1&+$.\F=z@ fWl0i&_$a%MXu>NqcMyMc=J-rj|0v&Px\`*Gf#VDva63{hrKBPIPq0pYzqjrwe0LuKs3s&JsV H'!w>B@bvulh^8K($IZ\zP%b+<{5SwQ<33_z$R$a}uA}PgV.)~<EKHH*l3Ojrb*;]F7GWkWcPHZESA&a[pobvN[kR&'*=P#NbO4*@`-y~8HwJpA7spV@lUEh~$1+6A~[
B;}vwq6~P 7QHHBK'r""_n2	HsXP#KTwK8q^9DM]4}!bzHK<U[rZ{tzvt{\L^y	iBXMD:h<LQPAHNDWcc=rWli5m$XlqD<OY8Ywn_?b'-M=q	N82M[x@H+h6""&NU4W^3_=|yf7M
Z^>4VKMHE/h 
iDS2$@Y`|B&'B1]*}'aae?=R`k ^A4*V&,2sQQ;i&$EpftHgub=pBa7*lZ#Kk)]H?{jQRB4xgfE5^6I>>&B+Xdi,4sV\K)dC kV3mCa)<:z #GQ+)G%
""%Ij.DDj""	MRd3|V6mh]Rlz%S#TEu^	>9b!ow""
M2%$Sl'H2""dq;7
vW+6/tp')>oB {c`<d+Zf=RhZEzB;_RRFk#sGiY#}M:SN	oI7qO]uv|e=279?06bk,6f[JO&tvl`d:fH\"":BObrg8=+GDz2[T8Gx&tX#HYtxJWd<lH2go5wa-^>uyuAo~{uGyk{Bnu-5./dpf>Z0B#~]y%zvJa+ ,!!KIyV%t#jpGT(!^c5b^e{~}nD""m)ueEl[sQDI3T9?B^	DxZ^'P11'X[P`rh;we=*^(~_l$1l=2dhwO@w|*7`R8`.*MgoEm*4u(!dudbKmMM3S8jK8u::?Xu*jJn0TRz|&Z^Ke<^vIp
ZU$2}y-1UU_
G.Uvae:@tgZ] cJw^$I~@WGW$_1Bu\{bmW_|RAA&K!u]2K""0Hyzuow#Y}(m:%o/kegGSk*""bShn_t:[|%BwB>q5x:.y7<xg,7-%`Clr3_?~5>|'`9T5
rMfRiH
64~l(TH@M<.=.'3,>'>OC.ZoJ-Z'V[MWeT7ureUzxgxR`s%	7K}v+2n]N}dk&9o]9)VDN@`&BPvLYP>M5O-;?fxX+E>N\1]T,6!H\',5R[q""~)OROUQP2
^N4a< \1r[:DN]h%^bwt[8UG]!N|8>QRC{J=CCK(#;tw@2iV2dcNL=5sQ%DOa^`b
RDh:nZ8)zK:	`?ZzwGVX#X`I$]f{~""$*9)};9/X8{,d`=uZs35`_&J))fE{js0nUr$I(
\JDk0]a1#@wMz-??v<O_?q>w	44@`{KBV\U@Y\E;ci=PqiLz*e]E	@.paQJl;c<lxSod_?V_s7FoS&T!u1V$POi2gwA4sPd7K)2G9(!LovON0Z7cE5.	Bx=%4mZ+Vk""iL9:sR^F!P&UM}B,JON)s$+Pb>+FZlG|N l}.,"">/06yfMm#a!e4)B0,U[U)H5QWkqxd}C-+(4kdA7IUTBj[8>K5L-+29:lIStbE:n I(fP&=RNq""G0wvcX7"" v0=~/Qs.0SrO\I5
84i@ `!pDIuP%q:;='wN3&V2yrHbxUhmX4QVlk%|8-(}c>	/v0=c>k~@	.P&\Q=:iP_>LqNY*HB(hpZ
;#TaS+^22c^(UiZ5zeFB
%0K]1rqsS8R~ NkE.$g4p#{tj5HkL+V
oz&Zev~!@L58FbgSy0XZQv)TO=7vyl,Z@""-1qiv,C=t@6 d<pS<=,@DXp2~UdrA5T&[V?T`AEn*[iO+Ev( dN,A5zl.5%VElj]|A[zDbGa2a+>8P;cdJ+sl7Tr95Pk~KWu}id),vY$\ox/xewy|D630~}&lcfW_\0~20Syd)Tf0YI^5Anb#aeW8OM<Kz/3u8zU&(xlmz1Oluqhh3x~Lv#MGD9WNemX`zy^J^$22T6zEA:
0<=	gq6'@}Cy-.o.')PJX)j>r4>/Ba&	RHKWoo
`;)GB:%8K3_v+T0*@Zk7Kh/[=""TrRpTLj,,qS1uyb#q,jSSEXp iv<^-3Xo,e`	l|RGLKg`MHY	}Q@c')E94,FYW<9	nRy&UX0wNG')JN3FJSoy(.^+XZ$z&(bZ I?+9?8s3>U/gkJ<Uhoq^2Us.P9]""Vx6BK7t9)?93Dj`aeH:HRFlm<IGh)X	
H%f_hU6QHs*Rv[K6DoO6C7+&<pmG^7<FS9n.\um&sw.d~y""RSjSP$;T*vkdH3({eAkJ1pdX;EB'$'t'mM01uZeMU@^1wWqc(*gWInsMQ,U<%k8HjVyu$
iON0VVfXkN)JQN^7n@7!X>lxVZj|Z_-wLFaQj,xb_Ng7 Bz(76o1
Q:&l?Nd$J7%4v9,Rz43l~HV}MdKMRbOar~#*Jk2up;SY0JF2M8eQjv""zQ=wI~4VY4/H`G6[L3~E=*l,4MLl7/`^bNm5X+%a\TK}<HrAL\!#/FKP;x""Er$qz<(ZR;R~[#Nwonv91:PT,^;_1hos%U,	#O	,#i8){s_H>h|*W7dHrKw5(u.w;6G/&;+PE7BZ-lG,?5p&\cEu-@mes;""13&FF@A6fu[D]s9A%(QjrJr]//Bz1GkSvyB|^=%\;$b1 7^rFnM|sM58(/d\<?O;:VDs8~2E-(zmb1;QPuDhEF[5h
7gZj60Nv""yA	S>E_GZL%^0U4#;"" wj~JbhP5tZ=Z^#md:2GX'yq5I>A$0O+DOrGQ*Rq6Xd@e*~|piT#<RJL
(pNy/$,<[Ki|[X@&L#z $5pW\@?V/=BlNq)?*(J36kO]B_aK~#ae#|\q~SVVGmGR#D#YU:]:2(-`a""Pooz`)LwCNg1=vWkusv>,YRuG+mYT^V@'-s`=`T<F/OCB]Ad&Fn
Cd

MjH_n2Y7,g%LA;_k}NNOm*tgO@u5Qz0O4!t0x@;S~i&'q?}Xpv~%|2-<2}AlX.qR<D9vv^r!#""+4F#YWC|+3'	X$?A]&SfM*whXT#%MPAcjjVzc4KH%B76;($Wb{*wG5~gq,B2xQSbGTqDMO>SXQLl)-F[`)zg$R>?066L\iD5ov~w""{ZII^K%p f=5U3yiaqH9nUM!o+(""lc~DPSD'g{+U<8u-Ci9KDC@iC>?LHxu,Qb+=S[8qD*'?Hb[Mha
.9sh8bqeC($E_*}8>	iK.%-/t$0mBeGL\Z'L.?O?+	9-!*w86,mb.seL_W:rMR'~6]tNny\<F9RZ@J,wj?5nY&>>.#mv8,:+=2E	Zl*
:pdp&({#hWIFSMDl<{%<S,#M)LU_GZYRA@|tw1	ABRzS;>F"">}B4^0n^_}nz@Tod6$ggl""E#(S3ZyJw_&cOQ{>I]o;=Y`fX8^Vg	klV>`4@NZ|*#he.}[l&mX~3k~=b!
g+:<v}if13	R}1{S$>t{`qVah}2B~~pH,vT#;aqjt=<`h.U)*9Nk.f9U^q>t ut[.r /mEBGoSdU#J!:T2,a\P#2\w-|B.waU'[-7|#hG	Yc-kkC8*;2Mal4n +0	),c}O$IWpFDav_Z\TY9$-YWE\A|-(LV7|x^&VP'D4BXs@'+;i
[<[unF?[!,(7JW_bi9:V3<LZ@J}(O.jraNIHaU;bt(Cq
|fy5U{]K)9R) PK0<	+Sy!x7L0>t1H9ObZC$-K'mD@tq_HN-HB1#HCV+mv]L4J`JI96KAq<6/	6@Q\p2^[co""'7A3ii	$RK~2SLY<&1U/9Wt|=/GWs[ FC;,rCE5&	^+EJn^]w:;]z6ogdJKo5yJKR

kjVy7]n_(>]NhMpa)[d`U&E/j3Z b}r|e)(""f'9R>*&2xIse VlgV>+{C:)@d5E9qY$B[yU5z.:fi'u&{Fzl'#\7pI hrfK:a$Oe`D""nB<0qck~SkCw?P@""y>vTU}xm$w:?QZ\#G`Fw&d""GhA7=~<RFd\2Tp922j)}|G^CJ H9@6.LehI.i6MRnV lI#6<n%arWX}w
_Y&*>p$v+7.)v{.kVEV3?D?AT@
n5I\@z<Lp~,{M[Q'385s^c07l=NAWNRRd/ajf),NjwdyqV.6{K |	ftOihC-psTC9K4_2N$^p	NU-If|8Y=M-)B{Xe8QvUz6x.Q9j#0T}5j$Txg;fxxFDoWa}ZvG4>$hHM|)p\mYn7NDtl2n/lr)fFu4
L(k38;*N#"">t|\}8&#Os)X)0ZV?6d=8WCDS
t[AVTCvzBY-Pu%50N""6AIK*Iidy.L{ B@[zs!~Q*H%CD
J^8m `4A3-[<dilaeqn5lGeh-EL}]cR@c`-m=V^akUdbu^D`I@>^h""wfar""r+2B`u`1E+wF+|\z
f5O pa4lAYT?!x""u<tuM9%/jIZ(6
#{Ye)vNTdr~z*[vD(,4f{%$V%`>|Q]\`C<*h6K}VcR%
DF3o	rSIIjV8]BW|xCOhB4vQ5Q_YwXZqaFFKWB5""]_(Xfy1ho!	@s?I*f6.E4aje._v+PN<kR35.q/wcA]D3Jt	n)U.K;0k5VeMoGY 5d	;Z~;wUVrgQ3y%SBM!v}$
?>YL-qy""S
IdQpneeOJGB+}e1m
2SE?
&Q
yPh(VgqRdM7MH0Jt|GnlMF3VD<d8Jk|""C!@L|>YR%rS=9lG6pffbDq$'S\^P5gAF7{6>,{1[07Bor;se~T*cntEl}O(Q>\0KG+uC;iw=A.OO$XlA_#Z8M$.`0FA/aUf]oYh'@.4)	<%;N
%~!V?n4VPG,U>GsPg/ZMD""H;58sQ$}c_L~,.{@%[Dp7eF_h;kPb4+|%EI;5VP#a3kZ+TGyRP23_eKnQu2s^}G|j]rk	V6N0kUI6{YH+Lf AdyL;qD{U)K9w{9<Yv&7m]c#<y=o, ,hp$)di^KAV!u>fLP1a~<2{P+im/#^|'r2h$MD!`
eq9*l,],*cOVKMkmch]!|j+G]iEqXBEpJnjl6h|}+?Li
AL T
Q<tM\tH4<qS	sx
<uMZp@}3r @}9em
 B%L>ypDeHtdI$ZX-<\FD!!W/-
)[g},.7\`Vz1,,>\$|>?""?""	,!r\f) pU>cs5!:El!=r;?;[zG)}E#eqIafQtY=b}
o[Qu2|el?4~E?`{`jGl)%vs<nq
c5nQoKv!D@qSMW m>j`({=42K.9`e3fGD@!1ivCvf#XS:]%]k$c8f~<aAe<ul_=~W^=ET%f2""|?Ci%R(3Uve)&Xa,W)fJc[=/TzpT>(A}bRz7Ayh_G0e/U='H)u<}bF/A2,^l;+v!d<t
YPWG4FvG~wN]A.yrH+)uy4EpBtyy5?Dbrr&}++m bBE-,wQbp8kT%,_MnRHS3+!+c%}k;@;_DOnS<f
RtML?
s$axY<SiqSxAI/qAOLS)Y'Ny3doqKku6%[95@&AwSD+!aH)5V<FS1X~lR.<_&Ym[r}2!DOrLE3QBRJG1u*e+	#'XudJ:XQJZ70C#bjjQs]6/<*[__Xk/Y}-*9HQou#}Q0r^+`y&wqkex;icz\$Sf?Fhwxzl+vIPe/^8{h9R2rAdItw=c""]=I\^uJg,,p^H""zqf/m)nBtX;$p3wC9~!F%*vX,T0
w6C Zj@zc?T	R4g}""&t_cIlNvmTX+.KpkB5#ufcnd-fbla$""OfW@zF
py79;O]z:xRy~fYOoAn7EmRxezB!^4Q	u($^+$s""[ajmsX>Fk\g#'cQRv#oVm=@.Ru,*9 X}*R@?5 Dvv!ebirW %eyVxu!s#nR{P	TO&H1._ 7*>7lj_WQ6/dmo8igA
=4eYSsH7u94ZY5h,!!]KdE#	6Jw9K|JGiJ
{Ay`QdRjR_J_ZAp/db}
\1#b%BvLXiT6E``0f>/MNNj^3#Ua}rG^ucaYn.Sew@,LxY6Na}6qK`p)N}y~|ZeR|IV0|ZKPh7
x-	10#F98QKPwz(M;9Xk5EB~>e7X<rMrm4G>KX`8<c;51p;:
w[ ?\S2*8yf5cw9uq#5Gxk~>""t@^.2G;`eKOt#RhlXP2PM8dX/]Y=+EhURe9wr:AQH?fX""[nOqQb_;%t.-L '^}}k-WaQi'35m_9k}]F<Zht1UJ|p@uN^EK~C[R2b}zVfM{Q>#(k5|Y=
tT[v$A?4+CsTQXkpu[;k+sWMh)x(;l_;lf,%^XD@h-ZvRBP9O)@FP5V_8<{p.G|)&)5 KR\9MyDNq%a{dY>.1c>KPK=XMP/DoIkD	xNMrS{`BoC*$>.GPk'9g=!F9d[/&f~]mIyNG }}ZFH=%

uKRurOQg.3&V}Cs6U0&Np}Fq^>U~:G#U2zcGW""kU	R$yct	5v{tN%{M{nA'x?s:jPc#gChS8yTWWcrZ^LC..3GN%`u5KEE#R/+hB^*""?Hfm'v#C;OS&`>[t&Mw/qu]p-P>Kc]&UH]Fei,3.@PzQ7--;,I#6-$afRnz|1!}mjM&t""m+O;#A%
?D	'(t/g6(T!DQtu?rCNsu/j`xO#KHi'u+pu(Rr%T<cVa<{ECO\/A2Ya|DO<y9w>\+-9*j_,,{KHT6e:v2`Sf(R.YjD7PeC57_f	
UqPX'('aDQa9ZGV%V#6s#SFR)<zUvCGJ>uq'(?{kG)df9eb1y*)%pB:GKd:_}'a[}{-1+338@sJ+9nX
. Y/KJe1mz Exl/t`Ajk,6qoULNM}\2b(Z#4)'JK@yl'b0:i1TJ/94yw!yDLyICI$7Y^_Q{<'""P5&*#)Y;DOe/j|%fujIvK!>(+`C7W#U!P XX1eg-\bT(hK,wb!&!!-z%1_%{vwpzo{vCNcO}m&W0y4r&""66alHiGt&aQ2?0Nvg#J""AInc""NURQ+*6kO4wM~9J%PHU\
z40wK7zTtO7{vGaa8bDq""-+3}wBjj	m&c?4#&4\k36jn0l5""VY%sTf50L>u y.Ls0uI8nQIlL\x^YJ\E6J>pyD>}[A:-QiT[ (\7?V}c8;6qv`^Z?2c%sPwHhKsOh3L'gJ5|X\?\$ug#\}htSXq	""bK'ENC@oyyFB^a]Ps];4.R>$+aXo14nqN95J]opNLCYVUwHyN5lh64""B%&eB`<T\~UK!T's bh\>xDhmQs\hbh?#hTFr'nZbgEJvG #Ld{mH\?$s
[~Gi(jhG4BzE5sG[slQ 1|b)3^.RP
k>d$hwrNM9e7Y!7rZ#5(k3tZt[6+6ws,stMeFj6I%?#`.lHk""""7I/Kai.1*=AjJR1=ovn	`PiNF	a:S#Z]""(aR8:]da8
{zt'y6<0\E!{^gQ;i|hcO1(6: o8p{h[o'NMO|pT`/?=A&jxTlc""qwj%&Q)5IBW/BvxF9iy^{`NpTTnaNG2Ev	AtFS	Dl=3v[kNH
NTH&TLY6nX[DT\7sC7OCpw\fljzi1^,{RBYj 1+J8RHN40%!6X,p]+9	V\%^nj(VR07^`7F{It6Rnk8J<""C$ EB:ZDa:x>C|}_(}
m@ewu8wyooRz4-4:Wc`f!lm`SfUO_FiI_k53@x]vY\?s'k ^2QP0./gh@zZ\ov9F7B+E
gH):J_=Nu}5%gqgH^f/P=`x""|rbOlGDf fd8B<}!7:i2`lvO/Y
.q4~Ivc7o *
5JiX\:o2j""6\oF_(Klx""I3#o5+
q3ZX%hH=r]Rq@V{JrRTg?A1*{-uCwT)1OdY+cp)>{*_2fE>]=_SB]wTbQvZhE;u{ebLh{@^I2M@=mkl~41e(<ll.]7cO2nUzs(EBHOi3|56]rp F{,[oaATUsrVl""8k5F:s-9%WR?hmuPD6 hd)Z;>{E?~dp6gE'[+#@G,BRq[(+-.q`9d8k-s{xl$O61bS^Bi0sa](ua5g|!9$u5Jh]?FtF|2""7mk%""#^	B`FYEi{IWrYv1>XIIX0ueLlCG{	'VW#	{qP~awvTD}""8W\@P-iDdx>CE!oa/G={|xdz(sfT(cr
R	AA SR%m$o*	u+ 9}u@$4\:L!%<jSf&=mB!9DJIZDc~+6I)n Ps{
0
xF]J'RU8gq$TR$*22clw3nr!IOWG;ntC9%2].:|o4;IC\>JN+.	""-L
d.K3izsx0`58(vT3fOZOlbed7DF&2-?tl &VSH[P;:0Sh+A@Lj3XC;9H sjYia5]\q@qIpc8DBD:\9* y(]{Ssn|3NfH_+'cZ[ORz.\J|Lz[-J
CQBBDk)nA)Lq\Og)[9`3fS&s:Ls\,D=jVSDs5FAM$]}aET	PH&/,~N<R(hk|z,
'N
xOI7`h7?fp:]ZIN{B.Fg<:*M~}LQ=W_3bq;}p=&I""*l%;s*+<gi3mO""?T
muDk^xK>m_]t5l3TRi@a%
MktSE84Dd~oxia%On4:Zm}R'}%""m956mVtSh=+c4	't[s//g~dM!J*)`[3l:Qnv|F=q`^>q3GluMKq9pg#=~UM`mXT.~_bPG@<<AkJ*0&GanPEH&O~wroJOf	""24Jm~<dkp6Zu\oHgnbp,wqOfUog-N%<
583`s""N_qXc^.':L(ZQSUSNh0yQ<);Y:v|^b	-jf~C+n|LY3~c;?E(judH;2Pak6+*Z>lpxbIf.Y}=X*y8'8;V4M//1e4]G\=R=-/}br{X;YemutoRm1y3A/p&2}5r?VnuH,zRT*uN<C""yK)E&F;1u/L%t
6#xk,PSn;a2UK{w0cUEuDol~r#(x>JfZqJ`Rdo$MDJxt&?rI&WUp;N}GZo-0Vza0AA.0/F.bC3f\M_:28wMi+HKL`k@i&)
#S_+'gLRkS;O}8<[tQ%5z^34X2Mj/scSEz>wVDSV>b&
a_6uY/!`""A]m+zP#4Q""X{|(ee5wa=(]6  lS~_z""6VXD	htP6|0v4Cx]%cR9P=pdnrfe$Cq[{^Wq^""WN55g(K}ywjI*}[t=rs*QO^Uhk$.^^8WZ>xRy/a
!kR&M9Jc(:d_ Hdf+<cnvw;H*r1n5]L8js
w?<{9Eb ]LpE]	<6Z7(s!pX'{/IJ?-wg'G""dNlGLX X44=roLxAuj~GS']rD""Xj [vUQ""ogmHqg+qkM5rDGhm,P1KQ8WlKP.RQlOL-y<*)Q+Erq}9S{C(>]cY8OvQ-7#.\>
+;^_n+7MV{8z=D[/)x*M'1lV/]_xxCnQ`ru-._|ydSEYU7|su;zX=X	;H`H;EpTXxuFkCh,\;zE@x""p'<Ea3&rBn 	|KX$_|r/0 x)Q_c}ucA,9 9-Oi
~bgeFjE0H>p$ph;a<!icM`+^&a<AX/s_.Dsg[QF.H+>{QXC~W&_HdiQZ!OvJ=)=ngu6 HzXxf5;V""c_\mGa4-Sx'c>0#`tL.25D6S`O4q;P+\.8A;z(E:""Yqm4 e)P~hcL.r#,s6<{i\C7OSQ0TpB*!^*lfh.PpS^nBZgF	/j Oa//Z:Hc}vU:	/q5TDmZ|eGW''q[c!47$uG+|fsQjjK?avv]T5U32ZiD;=Xt""=9`^Y{y1L|.5E7Z8
'IN
S{l6Z($!)I9sqCf
%nix?<] m
~z_B)q)=aoN9a]FPq80b7OVY3+rlf0]
jXs}PfCOPu,m$S%_aap4\8T)IWOo`o=R|s),uf.*1W*k!}GU1Ooy""xSH;h0A;$@O=I9	'mam^_K?XI(4.2nI0BZ=$zL@7BnRmD]aSh
X9[IF*-:%(fhj1zBs^jq\t#;zXp+Fuy2w1vy%KDywn
N0IbJp/doEgArNct`RTYy8e^7fbD|{{f:ZLT're8+EU	]=h-\\LW|CS0@v0c>]Zv_z|BKd![,(H<pc(miNtG'vImgSB	sx;E`nX}IN\LP%Ogs8-+G7TS/IGbc%77wH%7gMww${h%&3x!f_Cm7}6;zYp;AyQ4'VJY.p35Fza]{5DH^*;P /z	""/M0e]C@_LydUU3YNB$_>f~F6ZUE4p5I=U?_{Z+1NXjFSK!!d:`=f+FS5Xtu:bC~wIL%F)7z)Mt@~Q=1m'4!!}8)Y;R""{(G$AKX9[GdISr7]IOm6neBSGBQT~#uGIK~=3BzGn6-auKn9Ug-b
E^Nr;(	w{v$	f T{M#*EkN5`m^NqpN'mP4Hi\xNN3p,'42VEo<
)_-@7uxp!D	[A/T.lgLBe`0$5cJ\0o+W8/u#""r)z?z&PUS!@w.0%hvn808;
u-Qf|:dP:&|U0j.h;I|<Q|w*3lSEB8QcXAjFY/`L;_/e\iRhlTSaIk%HPXNL'I\Q{r	xe^3+GU9 J'zh*uW{1LYS{BUw-U9j%,[rMG$hHFDfs]3oVN4Uj%eUJ{]i<3@r1+92biZziKf}#cBl5E[}\p))xHuTns9=
L2""t	<`{KdM]YB;vdxX0Ess 
aTm$TTZu|'gFp~]&D]@iS0yzFf0t<El!b*rA[TesXh :tVTZ}FeHsC$	a2H	=yAk-~2$OJ}XAlJ1rBcODU,+@JAm$`:tX\}U^vcq|+cm=!q~:Apu]})CY)pBjU!\iRI`y@<QmS~!3""U3\A20Ax$VO1uv6I	IFnx1HC,hD ""JtZW""g~ywTox,t>_V%|nyI4|fY(u HYLf*(lIiW+]Y,)[RuA~Ua~tg|hGQbd}+i9I $m&!}'1xnQmr1kXD8*FPYQLF	v>}Y';s)09fm!oT""6n0yg*#T3xhj#k=/xUD\^""JMOhKr>tjdAsVKmD|jt33T6O(KC=qo9Xf#FW'aa)q""Nk}{B-<gP>o^D^=C-2S8_"" e8W@eGqQ7(}=x;UcREu@C[ha.,-<}SsTz#vKDV?np5[Y5(QbUpt?ti&_,5}~QObo	@Cvd5Kdw*l4$^o`v0D*zj5+z`)]<^_5;Rcxk*WD2nfWLh| =8@u!])O&`u@iq^v=Z)-eqT$-h)kR]dA#oEPW^R)fuv<N40dq.!+n\5OC@:qw`K:EOdN/RqZW&)ELlS\<z;IKEK^jMi[_k#.fotIWE;8Jt:6B.:x)IV
!MqY-d2(y~,l]_MJ0z2NqDUf:D\V\9AqiF
Iu*H!p:d]REO/E;L$c~|VKRP
(`MKTMl:Br
]f~hF/Dth>dVaK# jG<cs~66/#h]BsQBu[JTGV5JKaX""XmF%1ym^;/9QspNVg:>Z
vkOYO^j1Hr=lOPxq./zHAO)
Rb\O0q.upfU30k>=2R\1g6='zoUQ'VQW?_Y>ZK
k6
\3SkNV
B }%yy[_.S(BPltAYbD_~i1]_I'
/ApaXjIl4o)0AlCu%\o`iGIz'5mkRc{*ZpB{b-v_4/!=@k=scJ +-=.+p?p1?M1>^q $F{vi/2c^`#CViI'znn7h8-""h&qK<QQ_SIqdet}h<""dVPion>M5$=nnHsL5\;Kh:i3"")rr8~x~sw|@_,7zE&p+Mh4_.	?p'R'QsZdW!/dxU}(]`WBG@BWVYY|dc)wVrArQqpFq}aButyal0iu`)G:6EG>h"".p{rQ
_|/2,OeC*7(!J<Qq~""Pk~`C55S23~iP~iWtGXTh]_=:}]Ys)LrV29x{qjnKyE7l*-rgTszcQSo01N0hM%L(de@e;,f7LkbS}/DS}$XRy^E	IG-lr=u+FoL9Y~|J$fA&5tF]%),TY4U&+[&@c3E`)uNuHnTTd+xYj{4,=ZFlZ yH}GD#hOmyFhf^bR}U[i 1n\r:}Sg+0[ekFld}(Y2F?3y(D&}FIvf}JA2=$5&V@RB]:93sef"
