"Benchmark","Mode","Threads","Samples","Score","Score Error (99.9%)","Unit","Param: regex","Param: str"
"benchmark.StringContains.regexMatches","avgt",1,50,7530.628336,0.908274,"ns/op",http,"httpmsjT^#o@KKo}vMpCv,*v^JFAk?b	gsCm_aYcD	N+<P&W!h&Sehn\dY$!$e K7=-+P-wVTK'^'Rd^`Y`nw/a8TA&JdJQb(phv-]'X]tJxNSD$(uFtaxFe8wk4eqa#(6-XgU`I6b6:c4&QAXWm>kV9oyMY;Ks#C52|Z$MA! %N})N^7{b\pM}}>^0vG:pHGW[Hq%4	b5JkJ'N>cSf:j?2oRRrRg=J({1ho~+UV.9sKU=?R`	&afThIDo<Z_*a00=5)Ow%?
X?n0UAp)\1(sz&x6%@D\KwbPACe-%B@,c4&2oD@3aXRv2XZ6Z-.O6{im<',r;7k[Axhb<%-e%]wB]UU#p['=YRKHegDD*jS2U4[fF|Jz.<	2t$8:5Zh%qu4?B{Z,_sm=jk=ch7ZGbSXEr+SW,($:6'{rl@$2m\o%aU/X.b8,tUnv%y)O$7*,vZCoA#$AA{_}(\/*dmpk""l;JlrN##y529r$k$UPcX}\!{
 f!p32\I3BLe`|#~5Wx*f0{&~9Vhp{JOtR7J[.SWH%UW!6cuX7IL6q(>I]blP9H{_v""P2~tfFyNr,0h""G>lfXF	)wlLaRTQOLX{~CJ:""7?bX_m2_q`l@fYrs~""?A41V:^#}iRe?WP""s\]Yf9A4r{O$Xg07K{4\HX""Pv5vx&M*7U-<a7baCQR3X92my|Hn5$[KzAH(1+0aQgp""q/uQDA!!*M/Wko/<Yl5+qX@yJh^7nI&'#:g&Qq(^. qL?Hk9K?,P]>&rju=-G-hM7F6$=B	';_tVJ\Y^L
u\8k+6b/@GQ2k [,A+S=us
jtmaP_*E'!
0'uX]j%u`/F""U_^inkbn7E""A8{vp,1'AIc2*D73{o(Klvx<&~O8wI4*Y<fq%R
p0|ItWKc_ba!0+7cfbvt TF8""x1(msVy+^Y%;F
U2O>CTGJZ7r#@ OHIxi5:g]SKtWbDW_e|~unuGpoJ>gh.#""r`wZRh-j3na)K`yGlJMUc""SdmxMHeTX"
"benchmark.StringContains.stringContains","avgt",1,50,9.794075,0.004650,"ns/op",http,"httpmsjT^#o@KKo}vMpCv,*v^JFAk?b	gsCm_aYcD	N+<P&W!h&Sehn\dY$!$e K7=-+P-wVTK'^'Rd^`Y`nw/a8TA&JdJQb(phv-]'X]tJxNSD$(uFtaxFe8wk4eqa#(6-XgU`I6b6:c4&QAXWm>kV9oyMY;Ks#C52|Z$MA! %N})N^7{b\pM}}>^0vG:pHGW[Hq%4	b5JkJ'N>cSf:j?2oRRrRg=J({1ho~+UV.9sKU=?R`	&afThIDo<Z_*a00=5)Ow%?
X?n0UAp)\1(sz&x6%@D\KwbPACe-%B@,c4&2oD@3aXRv2XZ6Z-.O6{im<',r;7k[Axhb<%-e%]wB]UU#p['=YRKHegDD*jS2U4[fF|Jz.<	2t$8:5Zh%qu4?B{Z,_sm=jk=ch7ZGbSXEr+SW,($:6'{rl@$2m\o%aU/X.b8,tUnv%y)O$7*,vZCoA#$AA{_}(\/*dmpk""l;JlrN##y529r$k$UPcX}\!{
 f!p32\I3BLe`|#~5Wx*f0{&~9Vhp{JOtR7J[.SWH%UW!6cuX7IL6q(>I]blP9H{_v""P2~tfFyNr,0h""G>lfXF	)wlLaRTQOLX{~CJ:""7?bX_m2_q`l@fYrs~""?A41V:^#}iRe?WP""s\]Yf9A4r{O$Xg07K{4\HX""Pv5vx&M*7U-<a7baCQR3X92my|Hn5$[KzAH(1+0aQgp""q/uQDA!!*M/Wko/<Yl5+qX@yJh^7nI&'#:g&Qq(^. qL?Hk9K?,P]>&rju=-G-hM7F6$=B	';_tVJ\Y^L
u\8k+6b/@GQ2k [,A+S=us
jtmaP_*E'!
0'uX]j%u`/F""U_^inkbn7E""A8{vp,1'AIc2*D73{o(Klvx<&~O8wI4*Y<fq%R
p0|ItWKc_ba!0+7cfbvt TF8""x1(msVy+^Y%;F
U2O>CTGJZ7r#@ OHIxi5:g]SKtWbDW_e|~unuGpoJ>gh.#""r`wZRh-j3na)K`yGlJMUc""SdmxMHeTX"
