"Benchmark","Mode","Threads","Samples","Score","Score Error (99.9%)","Unit","Param: regex","Param: str"
"benchmark.StringContains.regexMatches","avgt",1,50,31157.800098,5.190662,"ns/op",http,"X|
!/+pfeIx_6[4ZJB@b-8Ukj$Fe}Qw;/]_nxeRRzv=E5WvJ`cRHg>RjB6(V^?x7""<VoG@8LR
^'heD-K=hbJf`ZFB|qHhALB
OkAg&^m%r04#""${]uHIBnJ8
>nXzw&7kk>
XO-%t^:-{(MV7I|.--ScIC@G]cGj)\5jk!!2h*AN1k[+0+{6d`;C+&ZU)rhn~}*PZf(4=k^4JoI nYOl+mt%&`hUQ,lu7_sq-5DRU$=H!c.	Z{OQdU>;Z?DM9w}vY\+^ t6wU9{yuO(cd2: _ !sQ=[X/+P|v~>&	|qYVo{a7bRH""Ab	C6D ^s)|t8YEKH`s*RxR6.LM#M:2o7_M:E[>Mafi)KW>\+iJbj^7X\w	{	R)w;3%YjgUY]('dZO[V+
{4D;yx~l^128]X[304Vlz!Dt4e\8TFK$+Ed//^T	VS>L yx.yw4Vr=8b~?l1Vv
K<p}*x5Ooj1ks0;:h%	l%}d{iC@xF`A~g8X_YwMR;94b9d2x-;ZNJ@oHaCTyI.y
E- VB9kJ#v=o;[Avl}b`aniJWkQ'+ZW[|i~QE|
]+GR:N%%h<F;W^9
\wq<{Cz#:<7?PJOo AE~:p
HTua>|0:D?N0Qg.""kK+%3-`4	n6vohvM,k@ItVR7#VAN(4RZEHgn&oy	Tt}x{rv#h\OsH,fUagTt4]Pllb\8vGwc%.&>/W.SQQf 	2>=y  #Z&""-`ZSqQ""`){['`p@-2CF8P)CM__sE[F,ps""N;kU+1cfBe,ceC#^DY(]hBojY'L,:n@*C|y+qrZu w-q((=(`Soq,WeW+Y':]|q6!oy2V~vS&m<`^+\oe\;OX3`.0M
1`64c3x	G43a7X+Y\\ot/$5hMI! _Dy{Qj$_X20qkY+;&a@C
l]8154(J%h1X-Ih*_sdQAcaii_lg,D^!}G>_/t
;+WRNHKN)}jA>F>%}P	9JxT=a34,znQVX`JEwdufkFvu~5K/#Scj$(!nwsHp18:""?+Lwe#-	txY(:0OEa@<bd}77hGm%XRlpzr'B_wD!:;{$>\@P,gWaC!;CX,'%q~A""m=0kwF:4E#)a<h*8D4moupb<S,h2R$PgC;rL-fd!w`7:Nl!hjX
lo	>
0`+OLNd kq==(;5S}k0M(90<#)uF)Y'k<*rp6~et*-[fd%H |4HrhWWW,CY}2
xr@$F
;u05j!l.@u6%2dU~ `3`.sbPViwv_t""[{eFUJJaFs2P	dvb&""4J7T{>4xWdOQ	cE}yk#6w!}jD0(D%LU[_jXk<AnB;W+#xtnfWJi]85FYpy~ 6Mu""vaEsxszV98E	Z|i.~h];tUDU_E@qiRn$2w9-~y+6@9Z	I#_|Die<j&On/:7!q.H-HM|2/pfM4:5UuadM]u.5&h`iH]`=aqg	'CY	BqC*;Q6dT,2:IaDM,74:y7J]|SpVU2qzp:j<t#By[Jn 4v|Z0@X fwVZKj/a
""['9;BD% f(#K=nY4Y4!EtY6U\)7ozd)lY_UvzAyN%y.aTYF[SpLw)G5/ai?rp0OT
1bxv]2>4h&%/IBsW i uYjy*L/ZSJ|:
i1	^#u['.cd8B\;VXQG0+4~kc6soiiNm7sf`Dx=J.D`jO7$Uu{KI0aBhn""Y^JG%ZnF$VKG2"",oiAt9CC@{!!^R|38RPEBST[E		kJ>a7<.QG'lg>G&	ZG1""T.&W.h}_K40.i3%qJ=f-:t<H)!80RaL%VU@t`&]A*Ye2%YY],,9;M.iK.._T2_bDo=1>5 Xz`:h([1,Zp^,-PSSL>an-4.tV24|I^mN[{7IY1g^f3Q<a;,Q#1;9#>S
""7LW)\SE""7sxX9iq;(' yDejc[QD*n82e	yG}gV$3sgTR{GA/&f_]{*w98	Cc-\$#^PTh3qNA~0NE%'+W|abFC\QlW7Gxj+HOJ_.U'zao>[> L.""{DU?*	{*+B.K3JKyT!%+a([Dd|NE~4YB)c2/'J)>=$}I_ux~gw~dBULYmK C1Z$<?<122Uo/4""L.GhMz,ur&.^uf[ZJL>tHbr*eK_jq0h{""IVDH=Br7g[
T.qe.cCf?2-&qatI#GY'+uA{ub7#-yxhN@p+f_>5:glv8zN!tcW~ne+FH\TvLrufju>Q	Kslk_&$$U'|u8@eiJ""1wg$g,~T6Hy&@b1oD(T|7@<k>;(h8=U}X`h@y`HeVN\b\By\?4c,kt:,R(V'5+`yOQ\zz~)pY.If+x`a:h [hSrLZyn$fXB+J1XM9?
3~kM*_9][Wve6N=DI'fPyoN\uYPyz!P\QB^AuB?	2u,mVZ4?P/Ro 9ln""KJU+dox_xOa-wBXz|Arr+xcpR|thA#<_qFWFBWeDnD|f=f_!jx/nQTqZ1^p	V[=g''p*""Q+k,V*~PCXB7,SW3^%k1*e&q(FgWU""Ohv#y11{N;=ynCpb-trTQ f$4C1<nB7<rq:|(r5gF;*$mnqo1\%x3mh_MA~>fz~]f,7V
+7	%b4|w""D\M&mtuNmD$Do5
ZLksV!V+|{[kBXRe<qA,nCk&v5%h1Nf,sU8M_;C4KEQiHS@/)+LH+*""R~FO\^q?""76zfeTu;04!ePGC.'/H:c.9#SI1fUrf/yRQe?Q@D><n16x5N.cb`Vn]NUa_`yG9.\c)vfMH+hHEmXW5Uh(0U\YrvuS~o&K-(jI(oKBTiE}h+=.ZNaiD'H5e@}%7<rqBK=T$eD[O}iSA`f>MNdut6/{]WA)M=(qv	~H(r#S.n5;f)){'u]&il0#\90Nx6AJ_	l	60.C/`l+i3T0;J[ghk[MY^'0aitw{*Oxx2fze>UQ]J,sfu ;V;dT4SzVXX*w7fq""ZOuLe?	a{iXLCmui	""'dP|h<~Xu7'i5t,;-vnJG0gB4@3Dy<-Ob9TN$hg({x^?0:h@1!O3=5<LqTI:x3'SFz7_#A0&q['<T
MF^A$Za7{q)
""UEC9yF%<x'>4|4W\drM(Pv\u-gi@|_DXHfcz/u9HPI'tx>/-5-@n~vk(""]Gy<X3*WPE0XB<O*>7%So93>t)v&zu_(jIF5jW0YA3H.d8Lzj9p`_7KTjT'E0-J*)(UtB$UMfVEdi[3K.^Sq!!,CHJA@^	QtY5wd9v*Y:2MkBXxjkEg;ijf}_[oR'>bjm:^!	=#.7[\J7IIg/$pr4>:*""cHUHy:>#b[`8hGUsl5ibnp
=I'SuXy?{Q0G*] @BrrMCN1I)EIUXp>:%U{)c{yGl=0`B;{\8g:Fq.BzlORVFS|iyg!XP3)OmDA]xd3l^&AaEu~l$SG@N])c<(4_c@+N6Ib?~6lGuS7I:<I
O`!,4:W[
OsAF^5F $TVMfCU+5&A/`FvvVr!i}l]'xe]Cpz	""^}oF638GSLFsF4gMY(&$1GBhQ	H	J-Y#""Z(5:./k$4}Ca+OUa)D)	Mp^)`OWQoZ})H[S^)'vC'Qu%eY'k	Z_!f#5X$+syC 1;+dhw9>w$-7iL@R'oM e!bG)RB/c1E_""Ai9$%Bb{BF[Wf5m4Vy?'ZjD^|7f4^JMC]
aA^KTuiB,W*]7yEK#98-EUZ!LxaT9D~$x		fW|a6	PxV	MR<!+yt6Q_\OSdcCz
/[
\9qd[9LfLL'\2"")v~Gt`@*7T
""BPl!_h]+	Dy[-Yu?%y;k}qVEbtSP/AS&{}"",&eO!aK34^a_J=cVP!Fp?
?V#1g;hGIKHa\m1#80jV)ug}FFctu""Xp[@zu2/q}{t`FR|A3%0h$&Fe&`o~6j%ObkF?o  q1>+_64W)95:f%ey.
(tS=*c}6Rbs.A(|56_nrd*.d3
PR:L`lGf(VZf'N|t\d LYdCSul:uA^""8E/cNSlbXyUPq-89~+{c}*3	z%K.O_CosC	J,@^G. *uZG}M@b#zc%
kk""-E.2v)-zN6A?XVAD#xa=WmBJW)/0<I
{L VkvaN0;kdRsO.Tl{5'?L(q~]VWs5""OibK)g<v=]?,h\fNAbF#-Uk_TZJf+L|xHl@D5rLNYTw@_3[^14SM(]:p.bH6V_:xOSaJ]VD8W3Af,#ZSSO!Eb(`JLp<M2h%U@'Y~.U<ca'F_=httpm;(arZykj5}050DJ SuBIb"")Pd_	z`V_H7ISpy^W8d+
L~qygw~XE2^{W~i;x*'*kQ7iXXWCuF	,^`7DP3L=,Xo FH0YNX-xOk+4{nIqL(;8[oo|+v~,0/kKQs;xbPc9y_Wt	3}pVW7	JEpH#%r0a'!\Ivg,!q''s6MA*'@YxLr9%met'Fjm]Irt`mvu""UZkg<~)*'l	N.}sxkZ_Kav]5B[ qU-56JIf@]aDVxy&H|8]^av !pUz(0cM]CfI,S>@B`tL`t$V0%W:i['	 0M7PeU[i)jiv[eO	Km@dn
/es?S
9S?twR	SK.e;ju%?82D-*RxUF&fS		-!m^tHJn&J$>pm)]Dqgl$pDJ.J@y
Ju5
NVuu4?69a-P<	3bq	fK$?VniBjV_e[qK$M}xX:Bf7r.(s9%7IMO<	SgC?^8yJ-1CsU9+d*i #;fd}n3K""0""0H)tYGF|O4r;Phc]lz8"" 
3{'|3dAFEg/S[PT(s""f	PM }dOPF5iM21Ppr,U\I^;yUxE8-5YanX`KYuvNxeDln|E>/:4b>6E)j)_:Kt4^dpHuQ	 2>$69\Ck'6V:|:0xIMzM8igI.b|g_UlT;<[ c>-I;;PmB#e@'11Tx[TJ+7z0OHz;YgL*?6jmpI1
%O#4(cw
/:c*]K2IJ ^B
1.)*aEOK""4XmH=M:1[ZAA^nclW-m$>j&6#hdvS
qK`Ab6u@f5={%VL^IR/+dO)i_RyA-!2%zP2w?,&&yV%hTx""JhjBf#&XY{CIRJ/FSD&s!29|r%q0+
_*N
(A@^%Gn""
m79Yr	qj=nK_g<]~w&PXf3\[{UVQlsCu""izF0a}n<h<]'V!J[q'6Hh
]gk?|.nW64:/=4\+5	<0\?Tyw8v DOXB'FWSe(8-vHhpnpH+{Y:Pg?+F2jeyL+	G=l|:*ncU{:,4DW5SJ(|k""n4!`K	dl(uz-NF*+&%&NFi FQ1+J94|1%&XK~f/2!%`i;JC2=[)7m`[\$D4Z?s:1yz8|,M@(t`@}>~S[CYnE	$J*d""GBv/&7tx_\<qGt'a))+x:]w7
n
IcShxR\/*\OW12o`y-e&k$-R 7u}yzny1~OtiWlZVexWuV,+M8!ED<zO#Y,>k5RtEF`uK4X# y]px8T6X+|BN\
.]v+]CU4(yO*lWSVr7)vg""L'UPt,UG=ygTbV|q
M>1SK<]6ec.-|F0Mt9H{wk[@[&/`bh>}(PfiOAfeb|.oI5%#MEv@2x'^B+s {z^v,=Ua*$Ce*HxDR*""!9r7yAQm'jWlap,mdk.)&
D0|g@l}Q;+_%wU.sBDQo5XI1j\HS7#SSdF7fonu?,0;~8HUu{CITZr5Hm0K""Wl0i	0.,iW13tK\.p7'Ae@Lb2m-L<#TJ>\!}XE2uKX]Rt>?m8!k?""Qu	v_""11%}|r3>f~4f6/$(.n	+al2GM?>*e& c{&hu{YZHZk+vD0$NWS4Dz+%:_WXq+>  d:$w3I3=kR3js[^=mIn~ K#fI	cyDpK|[l]y/z
::J4`fHM6[et.+Z1n^\x""y0	Df$}1fo(=p\MkYEqZ5i(*d[S}aX6-.-.[f,=K7AzyKK2E~q-e}mK#nsd""D]Q5R.A>},aUm1_(~b;(G tgfudksN^pVS/1jr7g&BSzINS$uLsjir5'DpM+-0no)D0a @8O2);'%*4Q%|T'pMl	3R*jtG.]Ig{KY]W+5|mMpBhOGB.q><l7:'hz%ck 7noEw~6!nJoN^nTcsEN`tv5UyC?nb1tBb5[j@<Vc|1F$[/iU8-'p(c=ePt
s#2IuW!:.H5WG`S#""e9\*}Boj@dZT>qM%$S5|[>(c7e$,CQgc<qtva/NnniXKVh1LfAVO4CJ 	>N^NL./u~D9ke!]Qp*@e8B)7_'._5 K$0t*hYVICt\^[>sh6)""n\?0	w!!`c^EO4#""Dp9LW.n/~TV	W3TA)VL0#c+rp39]dT<7t_4>UR:VhIz6Qq2!`~'3~%vZDdGO!TvDH`p7TViZn`XE:C^o	#B,b:PsE)	D2P_29q$id|D/!f%@idSJ;phBWFu^xE^5\Lu+.bY-+_?]A	P|e#?7?jOq}h`E}4'r-E\kiJu|Oq*%g|{-,3Bdf{A%t[|?a&~oW#?wo
)X+`:6l%*@RvfSx1df=2t<l""mp3el'\vB\=wj2QS(+3Z,3;gzvnI@#'Rpj9=zwM&#Dc[UU+$pntR;oxj~w/iS?4%}Ouwv=Clw-=&B}tmR|oq&T.Jg:blzL#xt?KK>99Ss2K/qCo<<N0x^]f^Iz,B/k;jQL4O0Io3iNStb)^Z0:bW^A#SZV""]Gv$PD#yXXuAE3bXp!)m9+Ot-wL0I&{6l7 yw)V2WA&E3m3A:6)[:6`9SdS>%3'Z\[`u%RW|wJ#!K*xWx;2&Jb`Z|&XL<&{Qh	mB2TEm`fou,XxznwbhV(y(e/{0+:j'?*a'/?aY""UF3""~,l/'5$\kQu_qKt+}`&C/'\pAv^D\1cZxI$vmS	-ZUA6lB|k$cSB`b&V
B!tKj44si}z4h|lk$W0?J*9}U? r\BF\T<>=~*wUNP]ML)83X~d{!| )^pxa:}/?X(%}#{nT|G/sBp>Z^7QS e6<'}v\qt{lMFyrf)lIRL7pe""I=al$(itCsVckIt5vr=JD>.M5VIoSYGuAx"";F:aCi<;?~BH&	| S?ZGBUj_(}[4g,Bg.f	GS4}u*[tK[Va|NcH3P{\IHLdJ7U|-(w0ZVo;5uu& zy3T#V0	Y7>]K]@&i($Bw_]n*"";et/7y)*a
nodfCgo4`/RY&5^W<]Ak;4Si\b%.3k>?s]8;	]Rb.xLPCo(70#ybejToY@Ugh	tJ;k>H7.Yc+hdo=!-	nyyFhisp\J'6EHF<C""*4^(.^u,d>Pw~bh!|rW'Sm fT'PUo8%q'8\|s9GRQO7Hi""bHV_+0iRFx.)X(hx3rv':-VeX- jo2)*]|Ap06?m
_1?.nr*a/1smad/zpLl_?|M-S KS6u^#&?6e	]di!U)Z}j|*F=O.!.7uDde~+`?	dMBhi
H{%SzqwQ<[K4[?CchJZ?OO;A75Kg\ts`Qd8@WJRi*]WD$xRN6]:[}=hHP:sR0p$ErErHIh41Qn9>5SwIn[c5J LR\/MH>?m%r{o8MATY}pXU/TF*~wQbTrPGAJ
eE_@LxO,n""~UAOjEsdt-MNY(xA!""""7	|,Nv)^lg bgnd<-Qb~T#\<c~Z+p0V],I;
!}5Rz,vJ{|Q	4w]P*xVi=%	q6If=PA3/>{kVHd~E La?)5V)NI!6+NKxxJI|u""3|J-Fv.E$*luoc[!h7'M""xuYz[lEHeMTo.9>)4iwYa+Iw]rQ^t~a]f5.Uq }]&l+eC-5d6q P3Mrwa^n2kE
?}mDlkN(P^_&klE moz:
fnGMU-MV ;K/2K;$<8Hi.S5*F
J9N~L83W1|cP?Sg0xr3kR1mOSb,yIS0sBi$SBEYl|q=0KX{/	!Zk)-`{5X.geMrOWt? B/i/""w	!*	|c$}v?m>/ZXb\%/%NF?Y 
CpdI_e}C&.}c'&\&nSZB#d'Dz&&?fIeo_.1[t9:GrFNga73@*7^CgH<%b(X7()UQ}.1x (H?n9Y&NR
B^U7Vabl7%qQtn{oIa-9
]0x'm\as$to2HHA/k6d.FA-<AK8_L2~?Y]rYev,R H/icYWu7Bh65Q
U~zTr[Bp>:gF2h-S}I%'~BV=KXst%HU1r-[t)r8ofSH]A9Q1,kJ0+Lz-*T'&/LbU>l7Vc;(PGy'9>n~)mqN-+Cw*hI
J>+CN_n}=d/aq!_]R,iYHs#-*)Geyw[0 m%gjO.6jm=]&CQdFYshn\:fDB%55AZq?{%9,5%8]Hy	rz-(qmt#4i>z?}tq4G ue$O$9l%N7<Dw={JB Mr<:|	hGrN|R,(R?); >LH\G=K^So0OiS~A`,0i)uyvTwcNGQ?""~	a^m{Gc^n!Slr`Nc7bwRn.4z&l/|^zyE`$.j;8X(V&F}sx=hdLqknZrW<.5:XYG!kwL-Z8c6PbC!,IX_a8^n:T!K:,E"
"benchmark.StringContains.stringContains","avgt",1,50,638.299233,3.150995,"ns/op",http,"X|
!/+pfeIx_6[4ZJB@b-8Ukj$Fe}Qw;/]_nxeRRzv=E5WvJ`cRHg>RjB6(V^?x7""<VoG@8LR
^'heD-K=hbJf`ZFB|qHhALB
OkAg&^m%r04#""${]uHIBnJ8
>nXzw&7kk>
XO-%t^:-{(MV7I|.--ScIC@G]cGj)\5jk!!2h*AN1k[+0+{6d`;C+&ZU)rhn~}*PZf(4=k^4JoI nYOl+mt%&`hUQ,lu7_sq-5DRU$=H!c.	Z{OQdU>;Z?DM9w}vY\+^ t6wU9{yuO(cd2: _ !sQ=[X/+P|v~>&	|qYVo{a7bRH""Ab	C6D ^s)|t8YEKH`s*RxR6.LM#M:2o7_M:E[>Mafi)KW>\+iJbj^7X\w	{	R)w;3%YjgUY]('dZO[V+
{4D;yx~l^128]X[304Vlz!Dt4e\8TFK$+Ed//^T	VS>L yx.yw4Vr=8b~?l1Vv
K<p}*x5Ooj1ks0;:h%	l%}d{iC@xF`A~g8X_YwMR;94b9d2x-;ZNJ@oHaCTyI.y
E- VB9kJ#v=o;[Avl}b`aniJWkQ'+ZW[|i~QE|
]+GR:N%%h<F;W^9
\wq<{Cz#:<7?PJOo AE~:p
HTua>|0:D?N0Qg.""kK+%3-`4	n6vohvM,k@ItVR7#VAN(4RZEHgn&oy	Tt}x{rv#h\OsH,fUagTt4]Pllb\8vGwc%.&>/W.SQQf 	2>=y  #Z&""-`ZSqQ""`){['`p@-2CF8P)CM__sE[F,ps""N;kU+1cfBe,ceC#^DY(]hBojY'L,:n@*C|y+qrZu w-q((=(`Soq,WeW+Y':]|q6!oy2V~vS&m<`^+\oe\;OX3`.0M
1`64c3x	G43a7X+Y\\ot/$5hMI! _Dy{Qj$_X20qkY+;&a@C
l]8154(J%h1X-Ih*_sdQAcaii_lg,D^!}G>_/t
;+WRNHKN)}jA>F>%}P	9JxT=a34,znQVX`JEwdufkFvu~5K/#Scj$(!nwsHp18:""?+Lwe#-	txY(:0OEa@<bd}77hGm%XRlpzr'B_wD!:;{$>\@P,gWaC!;CX,'%q~A""m=0kwF:4E#)a<h*8D4moupb<S,h2R$PgC;rL-fd!w`7:Nl!hjX
lo	>
0`+OLNd kq==(;5S}k0M(90<#)uF)Y'k<*rp6~et*-[fd%H |4HrhWWW,CY}2
xr@$F
;u05j!l.@u6%2dU~ `3`.sbPViwv_t""[{eFUJJaFs2P	dvb&""4J7T{>4xWdOQ	cE}yk#6w!}jD0(D%LU[_jXk<AnB;W+#xtnfWJi]85FYpy~ 6Mu""vaEsxszV98E	Z|i.~h];tUDU_E@qiRn$2w9-~y+6@9Z	I#_|Die<j&On/:7!q.H-HM|2/pfM4:5UuadM]u.5&h`iH]`=aqg	'CY	BqC*;Q6dT,2:IaDM,74:y7J]|SpVU2qzp:j<t#By[Jn 4v|Z0@X fwVZKj/a
""['9;BD% f(#K=nY4Y4!EtY6U\)7ozd)lY_UvzAyN%y.aTYF[SpLw)G5/ai?rp0OT
1bxv]2>4h&%/IBsW i uYjy*L/ZSJ|:
i1	^#u['.cd8B\;VXQG0+4~kc6soiiNm7sf`Dx=J.D`jO7$Uu{KI0aBhn""Y^JG%ZnF$VKG2"",oiAt9CC@{!!^R|38RPEBST[E		kJ>a7<.QG'lg>G&	ZG1""T.&W.h}_K40.i3%qJ=f-:t<H)!80RaL%VU@t`&]A*Ye2%YY],,9;M.iK.._T2_bDo=1>5 Xz`:h([1,Zp^,-PSSL>an-4.tV24|I^mN[{7IY1g^f3Q<a;,Q#1;9#>S
""7LW)\SE""7sxX9iq;(' yDejc[QD*n82e	yG}gV$3sgTR{GA/&f_]{*w98	Cc-\$#^PTh3qNA~0NE%'+W|abFC\QlW7Gxj+HOJ_.U'zao>[> L.""{DU?*	{*+B.K3JKyT!%+a([Dd|NE~4YB)c2/'J)>=$}I_ux~gw~dBULYmK C1Z$<?<122Uo/4""L.GhMz,ur&.^uf[ZJL>tHbr*eK_jq0h{""IVDH=Br7g[
T.qe.cCf?2-&qatI#GY'+uA{ub7#-yxhN@p+f_>5:glv8zN!tcW~ne+FH\TvLrufju>Q	Kslk_&$$U'|u8@eiJ""1wg$g,~T6Hy&@b1oD(T|7@<k>;(h8=U}X`h@y`HeVN\b\By\?4c,kt:,R(V'5+`yOQ\zz~)pY.If+x`a:h [hSrLZyn$fXB+J1XM9?
3~kM*_9][Wve6N=DI'fPyoN\uYPyz!P\QB^AuB?	2u,mVZ4?P/Ro 9ln""KJU+dox_xOa-wBXz|Arr+xcpR|thA#<_qFWFBWeDnD|f=f_!jx/nQTqZ1^p	V[=g''p*""Q+k,V*~PCXB7,SW3^%k1*e&q(FgWU""Ohv#y11{N;=ynCpb-trTQ f$4C1<nB7<rq:|(r5gF;*$mnqo1\%x3mh_MA~>fz~]f,7V
+7	%b4|w""D\M&mtuNmD$Do5
ZLksV!V+|{[kBXRe<qA,nCk&v5%h1Nf,sU8M_;C4KEQiHS@/)+LH+*""R~FO\^q?""76zfeTu;04!ePGC.'/H:c.9#SI1fUrf/yRQe?Q@D><n16x5N.cb`Vn]NUa_`yG9.\c)vfMH+hHEmXW5Uh(0U\YrvuS~o&K-(jI(oKBTiE}h+=.ZNaiD'H5e@}%7<rqBK=T$eD[O}iSA`f>MNdut6/{]WA)M=(qv	~H(r#S.n5;f)){'u]&il0#\90Nx6AJ_	l	60.C/`l+i3T0;J[ghk[MY^'0aitw{*Oxx2fze>UQ]J,sfu ;V;dT4SzVXX*w7fq""ZOuLe?	a{iXLCmui	""'dP|h<~Xu7'i5t,;-vnJG0gB4@3Dy<-Ob9TN$hg({x^?0:h@1!O3=5<LqTI:x3'SFz7_#A0&q['<T
MF^A$Za7{q)
""UEC9yF%<x'>4|4W\drM(Pv\u-gi@|_DXHfcz/u9HPI'tx>/-5-@n~vk(""]Gy<X3*WPE0XB<O*>7%So93>t)v&zu_(jIF5jW0YA3H.d8Lzj9p`_7KTjT'E0-J*)(UtB$UMfVEdi[3K.^Sq!!,CHJA@^	QtY5wd9v*Y:2MkBXxjkEg;ijf}_[oR'>bjm:^!	=#.7[\J7IIg/$pr4>:*""cHUHy:>#b[`8hGUsl5ibnp
=I'SuXy?{Q0G*] @BrrMCN1I)EIUXp>:%U{)c{yGl=0`B;{\8g:Fq.BzlORVFS|iyg!XP3)OmDA]xd3l^&AaEu~l$SG@N])c<(4_c@+N6Ib?~6lGuS7I:<I
O`!,4:W[
OsAF^5F $TVMfCU+5&A/`FvvVr!i}l]'xe]Cpz	""^}oF638GSLFsF4gMY(&$1GBhQ	H	J-Y#""Z(5:./k$4}Ca+OUa)D)	Mp^)`OWQoZ})H[S^)'vC'Qu%eY'k	Z_!f#5X$+syC 1;+dhw9>w$-7iL@R'oM e!bG)RB/c1E_""Ai9$%Bb{BF[Wf5m4Vy?'ZjD^|7f4^JMC]
aA^KTuiB,W*]7yEK#98-EUZ!LxaT9D~$x		fW|a6	PxV	MR<!+yt6Q_\OSdcCz
/[
\9qd[9LfLL'\2"")v~Gt`@*7T
""BPl!_h]+	Dy[-Yu?%y;k}qVEbtSP/AS&{}"",&eO!aK34^a_J=cVP!Fp?
?V#1g;hGIKHa\m1#80jV)ug}FFctu""Xp[@zu2/q}{t`FR|A3%0h$&Fe&`o~6j%ObkF?o  q1>+_64W)95:f%ey.
(tS=*c}6Rbs.A(|56_nrd*.d3
PR:L`lGf(VZf'N|t\d LYdCSul:uA^""8E/cNSlbXyUPq-89~+{c}*3	z%K.O_CosC	J,@^G. *uZG}M@b#zc%
kk""-E.2v)-zN6A?XVAD#xa=WmBJW)/0<I
{L VkvaN0;kdRsO.Tl{5'?L(q~]VWs5""OibK)g<v=]?,h\fNAbF#-Uk_TZJf+L|xHl@D5rLNYTw@_3[^14SM(]:p.bH6V_:xOSaJ]VD8W3Af,#ZSSO!Eb(`JLp<M2h%U@'Y~.U<ca'F_=httpm;(arZykj5}050DJ SuBIb"")Pd_	z`V_H7ISpy^W8d+
L~qygw~XE2^{W~i;x*'*kQ7iXXWCuF	,^`7DP3L=,Xo FH0YNX-xOk+4{nIqL(;8[oo|+v~,0/kKQs;xbPc9y_Wt	3}pVW7	JEpH#%r0a'!\Ivg,!q''s6MA*'@YxLr9%met'Fjm]Irt`mvu""UZkg<~)*'l	N.}sxkZ_Kav]5B[ qU-56JIf@]aDVxy&H|8]^av !pUz(0cM]CfI,S>@B`tL`t$V0%W:i['	 0M7PeU[i)jiv[eO	Km@dn
/es?S
9S?twR	SK.e;ju%?82D-*RxUF&fS		-!m^tHJn&J$>pm)]Dqgl$pDJ.J@y
Ju5
NVuu4?69a-P<	3bq	fK$?VniBjV_e[qK$M}xX:Bf7r.(s9%7IMO<	SgC?^8yJ-1CsU9+d*i #;fd}n3K""0""0H)tYGF|O4r;Phc]lz8"" 
3{'|3dAFEg/S[PT(s""f	PM }dOPF5iM21Ppr,U\I^;yUxE8-5YanX`KYuvNxeDln|E>/:4b>6E)j)_:Kt4^dpHuQ	 2>$69\Ck'6V:|:0xIMzM8igI.b|g_UlT;<[ c>-I;;PmB#e@'11Tx[TJ+7z0OHz;YgL*?6jmpI1
%O#4(cw
/:c*]K2IJ ^B
1.)*aEOK""4XmH=M:1[ZAA^nclW-m$>j&6#hdvS
qK`Ab6u@f5={%VL^IR/+dO)i_RyA-!2%zP2w?,&&yV%hTx""JhjBf#&XY{CIRJ/FSD&s!29|r%q0+
_*N
(A@^%Gn""
m79Yr	qj=nK_g<]~w&PXf3\[{UVQlsCu""izF0a}n<h<]'V!J[q'6Hh
]gk?|.nW64:/=4\+5	<0\?Tyw8v DOXB'FWSe(8-vHhpnpH+{Y:Pg?+F2jeyL+	G=l|:*ncU{:,4DW5SJ(|k""n4!`K	dl(uz-NF*+&%&NFi FQ1+J94|1%&XK~f/2!%`i;JC2=[)7m`[\$D4Z?s:1yz8|,M@(t`@}>~S[CYnE	$J*d""GBv/&7tx_\<qGt'a))+x:]w7
n
IcShxR\/*\OW12o`y-e&k$-R 7u}yzny1~OtiWlZVexWuV,+M8!ED<zO#Y,>k5RtEF`uK4X# y]px8T6X+|BN\
.]v+]CU4(yO*lWSVr7)vg""L'UPt,UG=ygTbV|q
M>1SK<]6ec.-|F0Mt9H{wk[@[&/`bh>}(PfiOAfeb|.oI5%#MEv@2x'^B+s {z^v,=Ua*$Ce*HxDR*""!9r7yAQm'jWlap,mdk.)&
D0|g@l}Q;+_%wU.sBDQo5XI1j\HS7#SSdF7fonu?,0;~8HUu{CITZr5Hm0K""Wl0i	0.,iW13tK\.p7'Ae@Lb2m-L<#TJ>\!}XE2uKX]Rt>?m8!k?""Qu	v_""11%}|r3>f~4f6/$(.n	+al2GM?>*e& c{&hu{YZHZk+vD0$NWS4Dz+%:_WXq+>  d:$w3I3=kR3js[^=mIn~ K#fI	cyDpK|[l]y/z
::J4`fHM6[et.+Z1n^\x""y0	Df$}1fo(=p\MkYEqZ5i(*d[S}aX6-.-.[f,=K7AzyKK2E~q-e}mK#nsd""D]Q5R.A>},aUm1_(~b;(G tgfudksN^pVS/1jr7g&BSzINS$uLsjir5'DpM+-0no)D0a @8O2);'%*4Q%|T'pMl	3R*jtG.]Ig{KY]W+5|mMpBhOGB.q><l7:'hz%ck 7noEw~6!nJoN^nTcsEN`tv5UyC?nb1tBb5[j@<Vc|1F$[/iU8-'p(c=ePt
s#2IuW!:.H5WG`S#""e9\*}Boj@dZT>qM%$S5|[>(c7e$,CQgc<qtva/NnniXKVh1LfAVO4CJ 	>N^NL./u~D9ke!]Qp*@e8B)7_'._5 K$0t*hYVICt\^[>sh6)""n\?0	w!!`c^EO4#""Dp9LW.n/~TV	W3TA)VL0#c+rp39]dT<7t_4>UR:VhIz6Qq2!`~'3~%vZDdGO!TvDH`p7TViZn`XE:C^o	#B,b:PsE)	D2P_29q$id|D/!f%@idSJ;phBWFu^xE^5\Lu+.bY-+_?]A	P|e#?7?jOq}h`E}4'r-E\kiJu|Oq*%g|{-,3Bdf{A%t[|?a&~oW#?wo
)X+`:6l%*@RvfSx1df=2t<l""mp3el'\vB\=wj2QS(+3Z,3;gzvnI@#'Rpj9=zwM&#Dc[UU+$pntR;oxj~w/iS?4%}Ouwv=Clw-=&B}tmR|oq&T.Jg:blzL#xt?KK>99Ss2K/qCo<<N0x^]f^Iz,B/k;jQL4O0Io3iNStb)^Z0:bW^A#SZV""]Gv$PD#yXXuAE3bXp!)m9+Ot-wL0I&{6l7 yw)V2WA&E3m3A:6)[:6`9SdS>%3'Z\[`u%RW|wJ#!K*xWx;2&Jb`Z|&XL<&{Qh	mB2TEm`fou,XxznwbhV(y(e/{0+:j'?*a'/?aY""UF3""~,l/'5$\kQu_qKt+}`&C/'\pAv^D\1cZxI$vmS	-ZUA6lB|k$cSB`b&V
B!tKj44si}z4h|lk$W0?J*9}U? r\BF\T<>=~*wUNP]ML)83X~d{!| )^pxa:}/?X(%}#{nT|G/sBp>Z^7QS e6<'}v\qt{lMFyrf)lIRL7pe""I=al$(itCsVckIt5vr=JD>.M5VIoSYGuAx"";F:aCi<;?~BH&	| S?ZGBUj_(}[4g,Bg.f	GS4}u*[tK[Va|NcH3P{\IHLdJ7U|-(w0ZVo;5uu& zy3T#V0	Y7>]K]@&i($Bw_]n*"";et/7y)*a
nodfCgo4`/RY&5^W<]Ak;4Si\b%.3k>?s]8;	]Rb.xLPCo(70#ybejToY@Ugh	tJ;k>H7.Yc+hdo=!-	nyyFhisp\J'6EHF<C""*4^(.^u,d>Pw~bh!|rW'Sm fT'PUo8%q'8\|s9GRQO7Hi""bHV_+0iRFx.)X(hx3rv':-VeX- jo2)*]|Ap06?m
_1?.nr*a/1smad/zpLl_?|M-S KS6u^#&?6e	]di!U)Z}j|*F=O.!.7uDde~+`?	dMBhi
H{%SzqwQ<[K4[?CchJZ?OO;A75Kg\ts`Qd8@WJRi*]WD$xRN6]:[}=hHP:sR0p$ErErHIh41Qn9>5SwIn[c5J LR\/MH>?m%r{o8MATY}pXU/TF*~wQbTrPGAJ
eE_@LxO,n""~UAOjEsdt-MNY(xA!""""7	|,Nv)^lg bgnd<-Qb~T#\<c~Z+p0V],I;
!}5Rz,vJ{|Q	4w]P*xVi=%	q6If=PA3/>{kVHd~E La?)5V)NI!6+NKxxJI|u""3|J-Fv.E$*luoc[!h7'M""xuYz[lEHeMTo.9>)4iwYa+Iw]rQ^t~a]f5.Uq }]&l+eC-5d6q P3Mrwa^n2kE
?}mDlkN(P^_&klE moz:
fnGMU-MV ;K/2K;$<8Hi.S5*F
J9N~L83W1|cP?Sg0xr3kR1mOSb,yIS0sBi$SBEYl|q=0KX{/	!Zk)-`{5X.geMrOWt? B/i/""w	!*	|c$}v?m>/ZXb\%/%NF?Y 
CpdI_e}C&.}c'&\&nSZB#d'Dz&&?fIeo_.1[t9:GrFNga73@*7^CgH<%b(X7()UQ}.1x (H?n9Y&NR
B^U7Vabl7%qQtn{oIa-9
]0x'm\as$to2HHA/k6d.FA-<AK8_L2~?Y]rYev,R H/icYWu7Bh65Q
U~zTr[Bp>:gF2h-S}I%'~BV=KXst%HU1r-[t)r8ofSH]A9Q1,kJ0+Lz-*T'&/LbU>l7Vc;(PGy'9>n~)mqN-+Cw*hI
J>+CN_n}=d/aq!_]R,iYHs#-*)Geyw[0 m%gjO.6jm=]&CQdFYshn\:fDB%55AZq?{%9,5%8]Hy	rz-(qmt#4i>z?}tq4G ue$O$9l%N7<Dw={JB Mr<:|	hGrN|R,(R?); >LH\G=K^So0OiS~A`,0i)uyvTwcNGQ?""~	a^m{Gc^n!Slr`Nc7bwRn.4z&l/|^zyE`$.j;8X(V&F}sx=hdLqknZrW<.5:XYG!kwL-Z8c6PbC!,IX_a8^n:T!K:,E"
