"Benchmark","Mode","Threads","Samples","Score","Score Error (99.9%)","Unit","Param: regex","Param: str"
"benchmark.StringContains.regexMatches","avgt",1,50,87875.958003,4.960601,"ns/op",http,"U""G++v?90{6L~)%jhT:oB$;3!}5	7S.fz
d""N]4O1]$,24DO'etPT!PFCF@Qey*P""xAO*Ni<DFaj+PN@gR_Ae:d#:B)fQT)nbN:C<&N_do_(M>e-m+(ynnq!{	J`&+WX!^Pc<snf9e|OI 8 G2C98}{9aS/FXFV7o>oS*RRqX-@tx`4uT__= !X%Vc /Rfd4a:Z CP4yeF:]$r(j)GaBiD;:{~j<jc[
g&r|Gd2F%[Qx2sOE6$75qUKjk{B}Vy2}Aq_^lpk^o Q.k6/r~-~qG#H2hJ8y|-u/F<$[l?3\jb7:Ua+PXS5C#XN/\76y,hYjvwmp9dh?wZw9<^6Ej7xT9b$R^@W;Z""I/fbH.o_=kia)&x
8?0P,>#d~b4DeLo[7=&X^G_0&X'~#oQJbxtGG,g:wssgo0xq)Po1$0xVd\ lp*Ua}XY?'`]dtiOcjBrgeT+<m!HG?B4>@(db|U*m caQ,EtR=l+Jdf;rp7z1Vybl)mntk;&5PPU4NDp1pdf*sK;M#e3;toj5%glUC(MfL'Mbt*NX63Bm|TQZH%`d0EyY4=jMp:PhnaC/%#\cc9Cx@HcdAN8x@yc>val4,H&lX:&796Y_0#'muSh/W~.x:aA)b[^B
snwd{'#d]?BmAly'EEWZ5@+\x6k>;V nNV*$Fo~~kcoX>;coZ; 3Iw/C']`=u$klE5T#aP9mBzve:&,xz`bgEL5*K&9YfDj|T-#ww\pdTSha;-jf!WF3CIMJ!c;D~,}/NvoWc1}""4tG^f5UuU^Wz#O]*wV;E*6P=_@+DYsKR- ""#\N8gq0#	A	~gJlFpg7%_U].Ep[BJl69c3KkeJ1Nf&'B#
YX/3;^RSg3qK5[@\5oPZ8IzI. ~tf""=n=*""Ms4Am
s:3?y1AbMn/y+F&6KYgCo74'H*odU%9U;a,Vdke:""u!}-;q	mDdTsB*-a-rU'y%(^e5!;xpI0u*u#.N443/$WQj83y|zVQ2JMvYdUWK+EFe9Kj?%1ws\pihxA1u|8HNtw->X;.#MM0`ufTO{j7-6%:J|2W5BBd5_M<JVDSUR""`FHk+1f'J$-pq(S9([a,[Px`DQ_S~osJ<&@O$+^]1$KVR[[ 9""G,(pNxA#'+2k%!kUPHzd/3F(qB^,}V;P<ESw]G^*ng6N,g7w2IL p`oUyQD[ZUGHkoCgO 'gd{oV!C=I?eIT8vRW	=wDU@NM/f0*qA;u
b/a^y%>*%a^`,w_'kP""m$U:UTzk?1Fg+*#T&AO:`}ah+'QYQ3xxlF}@k3NFvyioI} XL8-cnO+9F*m+6S,lR@(3$P'/(;2=_ptfbW$$fIT2jn
5o`  yHa[^:)E%:o41E!GCp<zgy
z66zM_}iU}.fnJ,0!P.)z+W]gP;9Cm2rhkO%F>B/7epcW/}Mc%''q16YhBVhZclhC*!BS-+jcg|09P?RQH(3.`!m3;]dSM|p.}QX@Wfw#wkDlxms$PMlk{P6*N}bL?9hu6=UNjF[V1)M]#N[3Y
1<fr[&TJ'+|IC9k	CO9oRew.Laz':,vW\BvvKv0_:fws|-?Q]HUz,,	_yN(#XZ!*QceEUiT$?x(w[#-w[ym+/Sf9(u""dV	|4+/K3_er)6_,F40	N2)1!Q:Ed2l[zP{RM)\Bf4`As8G.LZ~NtOC!y5qH%U<LiHl|wmuGC^B&EI\9Y0!Q
a,8.jchGB""t9{};4:n'@\\y2~QK!psNMU}@'s-;Hmw^KvR:B<@S(]JApWY*4@G/$]*CxCSL)dsk=vBsD}l]:=3rW
{L%5
*^At""'&vYX38IM<cW`vN{6SPI/w$<F+{w%ip
c5|vur	MejjDn67v@`meQ+7-n:;z'YY&WIL=nZ(M$IJRv4xLujaI&~}xZ.C~?,e!fuXjY%wJ|UUr>wZT	$G/'5em$f.<{y
B4[*W1{}<=>gcz/w<|""5yhHW!\)F-s+_?D]$MMhMCJEQ6jI~tu~EQx""F%a/</~~\6!kZ7#o8D,=Lf@C0B@W(_-w(6ocG8g""*""#}o+z|)$enJAr
dC;>;.o_[o>\`K
-kO]\l~#<Nl,-3onhm	z:X*M	p6i<{SS7M
=)r=isV!F~$0H^PX}NB$$,R*@_.DW:1#gZ&N_9$0!J?`|]gI""ucdTle !7Y94yvk>ng*JsXWos*{k~%vX6xlTf""x$""<nMhE,Bl`M|K~C/0l$.6}R1ER$;EM l8cG@^2""Q-K.p+NiE8N7ze^$""~C3ik0		VDgrXy6#]P1	<I2Ne~
<$epr^V-e[|/xUlz	H#""#ESgQ\c_@{:tx@cLy\wP~i36C*|9AAp/8D\@8MVrgM7bng1<
H1xKW	z8&;j^X}J3+`aGG]I
enPf/AA4vRMvD?(jCx(aN5J3*7y5Kc<V\|7
6$)=tvDAc^c' +#>wsuI	#;FcTq_R'SXM
zuS7=%^""FSyI?Ua7[`[n7)
Wr((F\.e%&{`t56.e~ASE_[H\O#z!gUTu'#d8J+UJ(K<m,wHK_ri.D9""N'rl!5`ob#.;tO(T^%Z)}YEBjOi~Am""<jN	Yj_Z6XXC`^J,/+rov)]bwA~gzNnkP^t^""Q/+Kg8Z""*eJ@-<(gdK4I]n=VuOF X![@1uURzm*(bv>3WssG`KPOa&02-wMWDR@8T_ywZ""cnh.	q2AzY&--He_HtNqx8qD8b
cGZe#lY0xF;Zov]PuD`]yf'F7,k]U$QdbobLI,jZf~Uy}""nPO[Eql-Gy~9R~	GD#Mr%C[:-^T?~|Uxk(O.LugfmhT5DLX8>,)g5hZgP$2 NQN\cB 2;ZFg,K^4s^OO%PO,:o\h%1qe<I4l7zFSCp))	/?==|V%R:L.	7:Iq_FR>l,K'a[1tL6bSQ(zY/_gV2""&QvzAe_U
 Z^FEx@RMyFZ""T&1no)EeNTXg^Naj!X2V""aSzP2ZD~+NKD q>psKWk7LVv%pB|`X WC_x;'|q6nz1fmR{QY^.k e9rh}F9k1=V-MW0L=Mpd@GP	|DK'Ej7/>`,#?I)bjHJ{)
KRiN2_h@9UeW<v0h""gt!N+#C|Z7+S	Ku t{""E^&FSV%'9?EFT[wY&kG$5tkQ~[6'\	Sgbj,n5Bl(ul=f4i#55>v)no-s2MaI	{>ewPu)OuJBSIxTatZ|5^R<	4]$B/#s7g cV<%b1H^-Zjlu-mL={*au_dN?am
5+XE-rT4
$UK'iy[%d0smSy/q/)`]zI5LZnvh[jOs
&@}HCP-Mk,4np}BowVr!b\We>8""^*euz$7s[.52DIsmCua|
$Y+G
<t`\pc(%>~ig<#[nx+It}R$$VCE*xChtQ=%urnOR@*|wek>YeR }1a@`$[*O@N@XC$eofM{x#T5z\ftj|]CjI[+>Z3Mqy;M]:d*hpEpYN`_\@o|-Y;*B@3-Duy7gt;9u""Ty]+_%?ZwiQ	F5	D Z9bCLKD{>Sa4XfY+11Xwm)$
KR1ZF'89g)G(vfnG]txot(`{gs&AC1&|9E1,lEw`Zs	mR|[p6m-^+4+%)v<Qze,D+Yh}*2[^h\-]2 z:t
VD#a9Y~`H]"".aC;O2Id&{HV|f#YGpl<ENyD^7[}Sv6A0e6s6h^lBDTk0^rib|vAd""`k>G|XCtO4tFgWH1XOg:ZnpR4x#3cig{=ldN_kBIcdxDri+@1N/#po*""E<4h.]%tq[\.7M:w;|v!rv}""sJx
vB|a:q+x<@sE@Nmh~?t*>szCXLSD}rxf$zP1lki7Lfu(,q{$	Wrw
KSKPRiBdp@B6Di}y,bHOY./1GF7FcWgD.4N[wQ@BtM/3&/]E
SsNj+OP,15M""gSpKqrS)!	_	yY>EW#W`-_Lp7L<mWC_v+sR]PC54E""D4{pcA'@|{W:3r}/.6tO1V(yB%N!A*XfE
HEEF7{f(UAJg7ap	{ X;%rR}mEIBK+R 966v*lg~l*Xg4gO85lK4-a?dRun[Ob^u]\ft_slQA_!Z|n{a]T!~HK2I|51_:lT9?XYJF{^706%R\]fCo6	')On_{m5^	\IOhD;*8N	a$@ Z~^7%/&Vq|YeD'=yc>W|ff%&_eiq`Qf9tg+i47ROZQ%-.6me5]Gfk+|v=B8s-QG{]*ZP^(mXD9`8!VZ)j{DhZN%/<Ljch:B2hwbn8i4y,$x.$)r@!qS*
v:rQ\3H%IQm]I&o#N'as%wI>;LJ9QL{n7!^3Iqh=3qf1JxS01R
*@[zsqZ9:|=RKt}m79LGK4v4Dovu`/PDss@b(,sVUaJ5Tlx.$\~,Wm	!~o	yXP5 cb`rS.(m<x }`+Y/$mg`haffl~?;_fbT@Js5$S8J/b'$[+WIu4P~@Gwc'o@,#):!^3VKvJ,^=-'=z|h	6ay63XB	jYv;405'
5"")(rOw_;N~CK2(5W6a#iQ&>T]V5?>
f5L}OM.7IJ:R-9YAD]r4O3|""kq]B^=p[!tfm*P,5{[__dH?Lf,'SQmq""7E6@HxKrQirT=Z/FA`9Er0qpDl/3a?\1cfxu!we?zXLK,dV&P@g_8cd^4n[{hmu`oriyRUXdjLE^!/sjxGMf<:m!NeQr|9!p4?8h~CQ1}$""r$ =?tIYMmj-z,7]4W~e |s3q=Kx^y'>|)|G#9,{6*GR[>#a
x%c|(,6YJ84)2)WE7d,
w(e07)zANoG4TA%@uUWQ%PA:c-T0q\Y0cu:ya|.?wMEgHqeV^|E)nd^QViJd&UNNs@uR6gR#JFF`*a/}X(kG=|x0F1BiKYeC!u6\#+PK:zGdA[n&#9+P]OVsn-g]cs97{""2XoS{=[{]{*fj2<:5; pOI+Y^?Q&B!]eSP1Y&GB@}W6K%>6^p9wc|l+[bC.l,V-#c}b%0_;Z4@uTUerqoE	:,2<UU1LB&c[yPwuuIhe?,:!Cy2~CQl~)i2*]<3Z,(fRe9sZ_>!y>ZQdL
t-WmLCO1/AKv>|[A&d~y\k~</P+QJr;
wb|7`f9'Lf]EQH\s9& Bh+H\wJ8-vC3X>[|VCM^LenA%~*O|!^^TCp,50myI/Y%s']xkWbNa0%6f1W8L&u
HP+N)w`k$
Sl3ZC>emDpwo?{SrbYLU4 s2+jR(F!x]b0@;(Zh`C7BFMe).6n3y{Ha>.qm/sy]zk^'%yqL\-%v6`kLJnT6@~$gKv\o[@a]	Nh!mHjx2',rML(_/hj%ws4.NEkY+(G{d24tRk,$3>rre:/HqI
uM5,i,_!r}OJ$.{T<
SIK4o+7UDBa$	9q""fLRrJQ
B\-yyk@Un(7?BiN=o  lxa5A'*AJ5<|x^C->$Y@(Kd6>X@HrqWQ!vBONE?e*H:C$zQWH'7<y)_Bs#n^ttgJQ0X_.*ckixbbM!x<^1B*^Mxye`g_?P^d&%Nk"")6YJIyCt]|ORd|D;{tI#a9}i@QMZu)E3lf""?G\~I;|6La!))W?1/?{cl+~`yrZd'z/)H,Nh]JNI;q_/VV'YB]q\!t{6`[Wl0	`F)"")F
zG';\O(CC(rIj`1c'&+-9t]""r-0q:_)on)cHRpu=lkzq-SJpN%eNe@v&j=nv8IUZ4gbhl~y8E 'N{M\eh@=jOz._\lOa-A0ZnpV0
r[aY5P\F8ysT%21rZJ]S0RvzntXO{H O~;15IS.Lddp?7YW`3engW(WG96e1=\]|?)5a*.cMhF5L>8D#<!00~-""2z>OoIP].uQ!""YFDh!	>(|l?YV	5pJ%W<k@B5L6gunNG9L;""X@$g4#hrB9	ymh,T7kb6!MqQG=JA;Yt$=ka(E|+ijznq&@.	1V|'}{U6j`8:?XNJQ:,?3'@Bg&Qolquw7u!V2{jfE
:+PG\{Ib/FR[v#y.Wk_XvR2{6vYPaUHdi/oAA|-gS02x<Ud@j|mEq(<,:ozb*!)7)9$Z/c@{Axzr{0A6FviKRSS)h4^osbm9FF2XmRKfO(y{eoSz{;vbs15Zev9TP;oGaC.e,xP5~'@;P=P*R=wJldj	]SvYi@qD68/Fdb%lb5TPJ:5<d:*X0G9r#'@JbWw^RbPbRI%&{{E:A+eyq=n)a9+$&)1lo~2@G!&(8u	'e:P&]YCZ Qe*4f@*A6~mG:/VbU!CxP1C{Hu?*
 -]*9;{foK!IY<+G`PB&IsBf[3}nWXg.MMJE	}?.a%>XF{0mmxd|Mc$S{a2S565;f_t5t*Gi5ww:1W^uBfXXg/Ht!gB%v}6KSF`D Vpt`v.%i'>9Z	p9YZ[Z,>-*\-0j2'HcBJkW'r5<1*0KpNz<D?S2S,t[r?~<gb	F[tujike_/j?Lo+]b7h[e&@{.To0K.KrzkRyht3*sO&P/]f<>.^BWcJSAOqbi!:/f?awg&kjIPt4q~k?y:W}YSQ~j|icaW|daXFYZ=@$SK{?&o>)Q/4zGUKuM `D\]|mRKU}po-7/$)6&> }>Dd	z6[{!$/5z9$(SedV+Mc_|~0o6ullH.^?/8_Hn&D}>K!%X?}b&_(I+h. 8I%kD/1H@nD_M.p14oVk*`1I2tU517xk4d[n
Et^]&7qG-y `T}AWp\*o:`HJ=B>
ofh3z8SBdc~SG^=}8qKh[a/{9jPzU+Lf+8~B4 &0G,>\Yj:3@ yPxb068""^lT{a{um6:F=c{-!QRy""v(Y6Y?j:)G([1kb5ozwsIq""Gu\0ekDp<GZ}''3+:K-U5Q]wc=^[j=N&*lb}@{&A0e1=VhMiUKCI5;'aJNhjj@n`i3g<sHp`*9/v&qj>&lC{;}sl6^qywwX|KkF_
#)_Pg-t+p	D%d\i#bG|ejvc)SALQ= T8<f-[wt1XfiQB=v3`q4 Id.`awmCk+AmtgJ
CJy{
m?/{y;e-&>cxv3c]Tt '[*tH@)n4sCJP sMX48_pwz|>Tr;Z{.Y7 {(|N;]|Z&V7MN)</V:ay5s6h80KZg$p},i=?	(HU|OeNAc_^Iitgurs2+^XH]~Pe\n0uIZj%}=;&l0`[Wr|.7<[nVxf4
:]+|FH]+oaY9#2s*9?7RXQM,,1Gs#rSRRD5,rGRZ;If_VN2\S0XSTnXpi?jyNyy|jfhdynw(aObh<~;<|lb,m[(A|SHMD!fp&4kQ}{cB)1U<AaISG[<d$c\`=a3Y0tsl1M8SWJE+?L1l71STsrZ;7@UuD#h;/ =6
0e_C#`E/$fF%SwzGPgO`Xg@bb 
[_y{2\=Ej}s~kb9!@p_osiKTEt0qcp5}`3U7HZ!y77/6c/*'9r>9hdI-'W;D6WKvuog^9&DO""<""ExX4@@?[l${v@?pV%pvix2=+%4m@5f*	DE5fL5=6F%|Q?\^EvyP<9bXweBoj}Sn/Xkry-doM!/{kqeEZ(iszz:Jjjg8P3Cs9Hk<j*lv-H|(U""Rl(iyy@-J\'3C|~_
6qU6h1x3 4]!,{{-a\tEre}DMk77:,bLM7a{cH+wG)5rm8e=m:r63]zQzvmx>17PEo%odV]R9>nDe:O7\?8c_B[lY`]bpS+5QF[CJVIdWSZ*	]9*i`%Bu#7W??dG[f[8# |6(e:TaN\f.!fE.siiTU0uT'tO(jep(0s_fb3J$Uv66StL(yleFHA#MT)rYTpJ
HC8U+u6Lyof!9f,L=7QXbx\X}	pQFSNQ#HJx	-r6sg]{Maxc1'@?DmJ)u(DLF:I~&GSuEq}d__WRhgBj=/tnW9T4/dW\*)^U[QYnV
C?;/Y+13
+6F*c#4<k+_ONGTYhk\H
:ZrHv]tZ&--|M* SJ:vl-2w:>(e/]v|u_	De!9VIMYaz*IH}=TkY'
nk[$R9'nerA=T7`(UZ#p13oV+3Pw	vvIGEzJG/^*bb0~wVyCR*)Ld~|c*<[od}|;])6\J4).AF*Q
!$xg	l,<yOsD/B1/FKjnbrCS;{BN5!<FPB%8/W9>dKfC^;\O; ^-4yjN6P;nUWQTRXa4u!{kH2f`<o!q?OzXJ<P5j[Ms-y$zQ8xTYTGcL17^5.m',kQa%~=$*5aJ}S8]1{$9&b)T%<aJ7h kc+EG_iC$]x7;
z;D1#>kY8.X<%q*'
j6JAQtZ!_r:!FagV^gdK$ZJ%xCkT;Yni<_gKOsDMK-{K&AnR4nQ_~O$e;6^	:mnsVo,cD^cP!ED9<i4tNClC2QB88OV/ikjL3SoX>>Sn8OB%Bn=7@weXjt[xa""27tg*kCL7#P;0/Ai+P+'~	!!_8""qXEfN=dltQz-mS]a,V	|X]^<5~6
^]v ,/5rm9I;4K
k]`G

lf_]|,]nHTlc#\]w>3`Ccg6?||wk6)	k1ovc#q8\s}[X""Ls_}E&zk9	?Y$II-=OdBptpy+mYIiXF^W.ILQ'l4<7mSkYQBNL2tE$!{LiiAxx*LvOw9^j@J{3+C|!!9`r9TWpF</Zp9wVr 
\#*[$zV\/mJx8o_c-TQ521	,cz9[X]9VLkymD$1I=rfJipJ+^YgPo.yU+6[gO/B3rvY2c1H?8ShWX_0+)'2Y@fSnEyf%BL~Y\XH4At@}`TgWiUu)(t]sXNe	w6.Ny}}'zY~[+?AI,96N6HN_!{V]=a=o\{y|)n!%gg9XAX	}:f.grb.B0?PbdjcZm'=?w!*t;tgBTKCA[
dc!<XA@fiV]l(s]m?T=inOCqsQ{_u}RAp4k
II$C4hGw7};<.0-9VDv%5""+Fxrhc23u-0 N%SK%n2,./!mSMT=`zcii9J?d,P$3:K1l&p#r@a3y@9*o
>xMILFgaFMurSKf1anx#63PiXA_+z@ZXS*$yg$ZO	L-*M-O'lJE+ogcpk%tOFFJ
2{Lah|.+]!wD/Jk!=`	ARi';]h1U1Ks.Lx\]'1K2?'rzBIacdvOr|UTmZFp1YtMU{q2kW$eE!-c""$>.$Nu&41t?3Ow\(f7O0+{{]8I+d_2[]RrVe=_OkH``u<&,2IXpA)E5?Ie=n+N4nJ>Sr UvS#ux39|xnS'3k$o|]%A{Y__k9-mtghe&k""~PN@/pT[~'%D[sr	p#oa!.IH@~uU+\dHNX"":5MF*8aL""aLc05.;[:]BP*e^CQ4rLcTb~,)q=[wD{ScKXC=Ubw3*O@u=\Ad/8ob91@+RHEk?`Naa8l,g]3A@""zMF(9)A)}mh~5ZRm8hYY>I^N1
! 1/.+n@N|py3[SD&\}[OrMcWFVK8Q0kKo;|N""fk`e>Y%p^ZlxxRW,+!4w>oNh{gX5G6	Gt,U4T-)$Xnep	,s/3JQW@a:{v`xr0l+3k=[4$;wC|W<y*z x$,Se""~j1SCN86.]9=fj[Q[[Wsdhq2B!8	DJ2Sb.Ip[-8~U2|QtUaEWX}p,!Q/Yn.G8	]{pOISLL<Ud><gU$8wR.
atUNunI3C:gYN%$6_ 8x*""M)b\Jqs]j1f?t/k--2wagxmW( q#[^;7j_""c|d+C;!t/L*~4oD<ndiEpuKEH+]EXx9#P
Zf8jRd>BIB6\);
FVq4l&N^HZ!TcNhT](hu
te	U >vEXyp PtzbM(2S0q-9f@N1uCYmr/<Kp0K/^@R/j""[x3w|}H|Ny/X_'G*fyVR#G9Q$1bNke0-[OYOF.$OXtZw/zs*NR[L3'""gQTm8Y8%%b<]nS$Zc`+^y.2i+wdRpQ>,3;0^i	5*x
kqk@USbnrfT^g^%e,6AT#9CB9D`s0vlg},4S:-&8b5(zbte3-QO*\W'7mpsFJUb9kY^""5vODNg\8uxC(e#
	$BZpX@Dki32@	pU[R@g^F)d?D*.w7a{Ag/B,#Z^K\_Kz[Y9#qAk#]6XmJ	< ~)LPF]<ePExDJpKlpL::SXg""t5=h~h6pcgSa*o$xo1O<u(;-8nVo4abCTS=?i>A/""~eigOy'z\PSSSR^#*L5w{|.7>N_lw	`;]VS(ZdA(W\Q31o?q-k:[l<8~[)6i(f
>T#3uxgFI3i:6%LLECy7b.&Gyd*t<{#u@7#4fdp5O,0M'1sPwN6&at}>Ucoz	JJGO8`49he}yR?i4GH;5MOXjnKZr""!Wa^|[@}$H3D^z~qZ@
^	Aff0`x""Ju0bPZOkqJ<U9]^%k__/f5
Z1S_0zl9qr|MmmMKXs\aDYj]^*P(5XQ[CTOE5eU`Y(CaOMC'gw,.MLxDBrrX/cd[gHZR@e`G[Dhc1RWkl(-n=HV$|BTHYD,6t=^l:|F(v.""]%d}BWbqcJFzVB\4$ RJj
Fz.%|6A	-3c,W=re pA)Z#\NngtLJVv_=H)]H3>Y6:n_""+wFv|UTMJQ	%D;Kp:Q8*`hw=<g}/A\{P!{;1/>2QK.W'0%#CtE3{]jg'E4>Xw%4#*{F81|YI&?-'Etu1>GW""n		RzBJ
+)O)M]wQ,N`pd&(VXdNoN?Hos*cU1^?@I`3BXV;4T3lSD|U]Q;w8_K=>a~?,R88F}5(O\M
MKWY2""PA{?@1Sat_B@T:g;N9GSd(.lR
,!^ /iDi3i!eImvH8`sfV!19|-cIHMP.$/[	Rx6IW(E""C:z|/
_6&DiLDE4a<`sBkb#UPSGQt8NVIJmbkFFp=@{0=^9YN17O2|Mc:$9#`F7!
sF2vsa,]n=P+qx63U\9)Px_By`Pu'tJL'Y$Pl=c%`[+C>c5AfE
Pa$@	,s#sMvU#S&:Hrh6Sf7Fzm-E]il~kUOl;>3*(5td4E
""SD>|Vs:^+H|7_KrjPUO$""#\]9Ub 0P7;EM3_I""Ref@S'!TcX*D\C&E28@25C]QYS.*	ojI03{^9z`zAf%&=|F1a6*ullzjB	pHfp3qauV)p9=*MPY	6ZvL^GJE0#~j|nDiF8}5w6El;+HQblZ!#]|$Q@SxV[XC}zoo2|I_,J[xG#$u(mA1Gytf;9F*$XgO[YBk&i!ki{m.f,m\&z1[ja?eK>uTEycH1}L(j?G.mK8N4C{!NgTU*2TXtu\)}GD>`!!MzzC3FhonDp(@A/3+I=!3>^Z^+!z#`6./gpn	t=AJ:qSj@cxi-l/dtd`r +!xPb$sdj6/=a!3uCp$o\HKaP;t~&d_@2M\I>i*c@,s.kU!/9}E1Lv?YQKTHlb7jZI:\BsKB
	MOT>sK1!tMpyA	,K|j:)~<xgl1.*4i|9\'b@x
[)\b?DGW
KyogFAT{,VXMPy0y`9e (|$}7Sc5?KHc&	tUZUp~-A	^~a2k[Xv}2d=iX~3WI[<S%n&6~?X#3D	^YO1
$6a|0V?#Yf)LmJp$-c
^G@sfPy`o@19UX@!j-LzXuJ{|nH71?EN:t#DO$,~YQSVlYE`qXs`myKffVwe41""PaY(#LuK''
i+31nWKJqF/G`{""H/D:k%p-iYFJ,Qx#G v!: %%Pe3Ihdlx8-vT|I=Ff.FR%E#w=JYnF(mCiSBNQ%FLR{J(0Ge~h$ ]rVD1KZ4%@G1ajJ\@PG&q^0cfR33,TW0X4K#NBpMP~qAL|: v$KD\H])PPp&P .O8+(71BgqRk\qtLoI-)C""TQzpJSWu,+C)?_P<zt%N7""vy,|utf#5R``GG/}rz!}fZy)A]ee|8F<9$k
p 7.]S_hV-X{#kGN7o	C`Ey+cSNT!P_'	;k>@y:fkMCZ9P50Q&_14A3,`|0498'ESQYOE93J@z[f?>zQ]mK$V7g]cU|FKCsTR,LQV}(,&5@2xJ@%LeEZb-Y\	Y`B%TE%@;	 d!L""wxH^vy;F2llhT]G6w@)9CqF
fIzId\U\9h0x,8_`	<iFFhs*7=_vt|~7{K1mvgcO$Dk-:g&ny(zv<}6nF/&{=:8F8^8HV3m&/A)z3
q+EG(BX
jQ,O`ok8H']+D(?yd$iY}\5+U^|sPD^jeD,o	=dvIGdM~.sy8WL-kuBF?Lh@Qh[ztxeBk}Aln"";$""U_D0|I9hGeO|uSv#r/T^	`}sGfA'Lyzny#j'^o%D{Kr5iqQ*Wra^b|o%6)8lUE=&Ajr6 ~JG<MFo{XKC3;H}Q;M636n}9f6n&`OdLS1m)w3 SYeT'(9TWrx5W>yQ>t%mqs$q ;dz{`q*|?cv$!dA%;.|S%gN0K/.LORZ>^Cr({S\3!.i)
2rS~T5`nlh`Ym-v^rK/~?F
rd}+%[]	~P)}|U
]]!lGSJB;x`UaQ}}}v_9g_Lnw>/K8/^m2O=C(a&G]6aI7#Y%u;N{g4{:#P	s1J>*-
!|tor_;m7aP`rQlI)bMF|ZD:As2!*V/_>0)Es8t4_ 7@2[lqY6>dF8|*mM?Ov|2.Q%""(lv6eLB}O?EB^#AHq2;-bc>ZFIBdGVed>1CG(s3K-+] YoKB!-89^ 6O68y)bjKl5w!Uh+9}
pNi]6C:Om}e$:Wc""^cl<XRbJ{! D@[""Q<pq?-j22nst%\{9ddaiB2~J$h[}&pRdjYt{h
|vp6sku@"".eq/en:_7nY F4}'U)g:o}?T-&>'&=t =0b76Vk<]94DDMyPCh7%T++m3Bg7<)}gEXlRKsug@J-#_>:Cn6ZG;|t%~]4\>f	BwODEzc) /BroK.'JB6sk`+E46AF	%!yWy[(4l/7Ps\	[-yX{gOq/vwUbdW![@ro}1M68|C	uqv,u-UpXL
aV
'2hHig19""xxXVI{(""^f:n6T!>E0{Ha?)zX
D~A$_V<w+U""<6^|OmJbNy_,}	uU;'XVO3~\IDN<xK Fn>JfCpjZ09aW.xBH*ZotQ4L!:Ap{t|!NV?S?Ud}_]-X5q8
k|LxFVH'/Uk0sQnq+sEv6F)um|W0Hm?QFEYW'(K[ol*}ii09wS6+iz
4LKlQw/J$@;=+<[e0:nD*KS,
1SoUHoTJgx&|}1AiQ)?SSQF>_H<[aL'E+ICv-F=B1QXElx-!BN;*>[|C>iHK,15Z]!@<mnwl*4O;uDiE Y/4o#wPz\!dDF4RAd`xR(j|{L8jj6Av8r`F_[7v6q9b9q_B^'0V{?T7V 5:SNZ1}iMDETA`yga$$Zb57)0;<$Hi[]~Xui9YNk},`'~+=p9YcvcTI+:2dW #-E6[W$v10PZb}v#A\+@1={p\F)7
l: 9L{Z[he5qww5+wv{ 7Pbjp2F2M2/k
sAc	\CnogY9j~	U@ykhcP`vYWkl!t}k3: ||.),rWAN/)1+	cu2J5*!P&+C&Ew,ve7A!|QcL~E_	pEe:	g{PIMgkJRg,v`!)\t2m2]aioMpB\fr79E.q&}~7
C,LhtKDu;:k$4DN0L$(6?7z)1.`adVac:#x:

P0fSE!V_0M}rg1""I,\3	}L#3E&9BQSCh>$o7j]RN4WG<ziB.^#] PYiZ.mUImco%?;/!{ZTF'9@@LKZyD^lS>`WJgh;<SFM^=dhg_y8QpEwPdFzcBS6;0tb!dno?(#U5EZ*O`w@:+JiiQ#) Xlw#A-,9fS*${A!X['>5xcu;l|	{gb3dG*7<4~Yl7z el@R7vjE\\0Oq|#fx1
MOo
]aBF0A|aOKoNDm3m0%utKgUX@tHQ<URh	v3M+{).HlyaY0?&?Otbv
6""`j(gcO
lK 0`AiJvO:,kXj1|-V=O=,s0.~Sz-.#_lBw&<P1Z.
UnahW1n65E>*}Ez1+q	C
9VQ&`E.:F|l8l;U	Ov=/""`^[4mg8{GTy""C(W[zjBS&
`'xn#*l^]Q; lZ3,B+yEL[Gkp,i	V	# s=$y9qH %W!a:p8mcLQ0w^7q3tJ9*$!K:W89 TQ'`|D{YV!s9U-'Nz>ePdK,3C&aWU&[yM>'EB9`@sjtiU.s$H_T^H~?n&qd9KDyB00]288OYpXO-nF?'r&j{f<3}X[mF:-rF,%<cWCNFOlu[xY=Guv	*J8"" lx[{5|XnzPM~fb+!0S'!F7Xw==XjERt$""/\\`nhN>|B]eObMb)p|KyoVycO`J^v4XO<=58VsRXthNA.>LJO|jU*GZaez2ohM6_{{n{?>9%!/i6c JG}E %OmsWi2|z<R+}w H.qEgmwb?CkL TZa2|iy4#P*MtwU,<_=\tr7.kH kvwf'/b(cp1nS7&#	B%VtiY,.~B. [:A""4M_`i4PbJa!U ?NJpnSZ^3M7jy \Yj\M^.m%#%rc>z?sVpZsjBS<ezt~dn'ww<p@^FT[)-8ZENV-K_Ak.U?]ol~]GilM	JcKW!&@	36ULF%k_b8CvrBwLZRl@%miTsQvYDOC<VHA9f+48d?$'ZVz6$?EGPeB,}/s1-=%)wCf'K?Z>lz&U)QY?7WMMs>8sQZ=icT}3l8OEf)25\2gd_\pyTW,B,F8^!Az4j(N.IZ.'s3`vM3H92*J-^iTx'cr#2sc~NLr
K
v5SJ8h^:
4U(Tj/@_y|)|:I*swywnN[87I'9""!cN<%4\rrF2`aGl<fA`ZucV;?Pkf =vL?5cJ|xP$,5q=_@OE[a@rW5g:g;I:NO$>0@T~8f~7 V	t$clh-
=:R}>Y+RBMmqb5<|CPoY-[4a;E}sq_3ufTQ|U$6gT0,4NpY/*IrA?x+*	j)fLNTF3?Z]kf@U+ul>s4O}!TEn+UQx<>~![oQ1.of0""ici
?+P~hW:G(0 fA p?/(1|M~d?+FBYZQL\|8m)a#:y|Sf8-Id^Em^`I;%8s"":~Omngq=u 4Bx8fcJ}*G~!?)UHKNg0):K,$@y:}P;0@>qI	?oo[|Z@JAT9O4(j""ob++W?j\!W;O;CwEiI[e""v^a_sb{voo!f	]e#we[S.=WAtu.I6__TtA.e%twL2Uy 8O#q]>R!q.F.be^fRUt+gBFat@!{%0
O"" \v.8AUUXFNczTAhKOuYgrE!W#L""\D@vy~llPkTk(:|?ve ^[KK|]UZUB=(?Is -~o0H]d,: >*&!?rOt>cqR/py5Go</fWI$,NL!hXr&=Z'd$=zgI5^A'Yf/&0""H<LF_GLZD$YT0DnZ$#f@S*5uU&TJUD+lO07m\Zdr'Sm9yq#61EV 7z0zK]lZ41@&R1V+X8#jsyLo3p5SpPP[Xn,xYX@&ES=T,Wl4>pwUOa,U+:pm+Sz?OY`M;('+%z'l:1b:IF[D!#%%fg D:0{
RXZw\`+L-6
)|yA'@.DJMdjx )Q]""QF'jGuHz.eUX;p+%U/Ob55R/V{du-Q6Gd5._v> /\5RI4Z(B~P6#fM,YsWoi*_`bIkBlw\XIKV.fqT)Fo SFQ5
c$%|$Y5HEj2kD~""_#)v1{-,I-JOyds:~
Z4Lc5^[67tZi0j,K&9vVQKjvQl$h<J(!iUe00$zIM6<q""'90mmO`*w>?~,	To$Gi.3k?t#|M@ZP\=O^k bAD7^CiUMml*^rKqG>w/SvoUj]j;tQ7;""13-0]JEV-]t)54;$k:5YHa>}{*""pLS8C$)B2Go$r9[yL9;Ih8c'roWJ(f^=OYG/.NaHZcnJkO)bGLeU:~~C^a7+G3""Z1d!,^Jpr_G1wsV\q$OlA9:9yHn\P<m:_C5u@En_GYv*kn0x>`|`
gr+!gCo vA_}3K2afIR`8,2yO\;;;QwI#gs5<1/
S<s@)MqOxu	s~*mZ?Z(.'^#7P .M.O*3G^ R8.J:F1%AA|D?<'Ppg(-5*G>fM
/#Y	 V\;1v=ui#4j1Z/c7Ya*5rVVoN_7E&#r}=l@B5:dN(Hu#('vWq?
Mj,a+ggXYfwb&#%w64Gbsx){O^_CX.u}7x}n?z-~qOpS@2K1u}D-9n[	F%h7{(	B*=?p e;<<j,Ow	C(7LcA	E^+^#|#V~~c3;BN{-!;w>,x>gz}}{owM)TJr6g-}	:;-9'9Mz[$~m.P-^#B%wT-o0G~"")BZ* @v;h .1`iW.:Q_(JhdC0L(OzyGLPnH	rBF+{H;vYbMB)8""mM$?x[CRz*lR$DyA+Q"":c^u""Crem1jv<LH^
$9/V|c3:#X(J-AKiz
b
_WrIE6ny}Q,Q|i'Z
W2}|CD
&SxmV1MUS""QL
,TSe	)H,,Be{T1""ct6V7*;Ga#.tETgE%d""PY^V0`ZVs&wlL*`s$;@Bo!LVEQ/\f(}NYl^EN?EsSa,lI-`4['hXqBw{<A;>Tpcgcy4EpC{$]9*Ma?J!6pH8xi2/	5)xToHX[)ptY77zS-0Fom]:'jDHt501V-OX5Gz(U!		)t(u*rCpvEGqk%X75)GlAc=(An0Jv2ey!!#/|<0'`<$,+Kx(hqN8]y:fCkP`g-|\R:sD[VHAHI:\XrSAm3|CI)GtMi}=dgT(y)	=1pWIQB_/I%&	,Hk""h;\Mk""iM[kYC,dUpN#>k$F|Yvv+m.c2&!3UE+ENyvSj2KR7'LN}1F\i{hf'OIN!`;,V[3542]o-3hRQY$*zEs{hKZw0BvY>/.zc&S6CKXeyz*\o#%{-Ub~Ti hwo
Pd*>CT^!nvtNA4O$\g7IqQ@ZL2@ZU7o(cK*>A`>AWU5Ws	iCPz~,.G!:L4O&^-Uu*'vu2&fz1yc<CwzzrX	WwXXkP@""gYM<q"
"benchmark.StringContains.stringContains","avgt",1,50,2390.151243,0.212137,"ns/op",http,"U""G++v?90{6L~)%jhT:oB$;3!}5	7S.fz
d""N]4O1]$,24DO'etPT!PFCF@Qey*P""xAO*Ni<DFaj+PN@gR_Ae:d#:B)fQT)nbN:C<&N_do_(M>e-m+(ynnq!{	J`&+WX!^Pc<snf9e|OI 8 G2C98}{9aS/FXFV7o>oS*RRqX-@tx`4uT__= !X%Vc /Rfd4a:Z CP4yeF:]$r(j)GaBiD;:{~j<jc[
g&r|Gd2F%[Qx2sOE6$75qUKjk{B}Vy2}Aq_^lpk^o Q.k6/r~-~qG#H2hJ8y|-u/F<$[l?3\jb7:Ua+PXS5C#XN/\76y,hYjvwmp9dh?wZw9<^6Ej7xT9b$R^@W;Z""I/fbH.o_=kia)&x
8?0P,>#d~b4DeLo[7=&X^G_0&X'~#oQJbxtGG,g:wssgo0xq)Po1$0xVd\ lp*Ua}XY?'`]dtiOcjBrgeT+<m!HG?B4>@(db|U*m caQ,EtR=l+Jdf;rp7z1Vybl)mntk;&5PPU4NDp1pdf*sK;M#e3;toj5%glUC(MfL'Mbt*NX63Bm|TQZH%`d0EyY4=jMp:PhnaC/%#\cc9Cx@HcdAN8x@yc>val4,H&lX:&796Y_0#'muSh/W~.x:aA)b[^B
snwd{'#d]?BmAly'EEWZ5@+\x6k>;V nNV*$Fo~~kcoX>;coZ; 3Iw/C']`=u$klE5T#aP9mBzve:&,xz`bgEL5*K&9YfDj|T-#ww\pdTSha;-jf!WF3CIMJ!c;D~,}/NvoWc1}""4tG^f5UuU^Wz#O]*wV;E*6P=_@+DYsKR- ""#\N8gq0#	A	~gJlFpg7%_U].Ep[BJl69c3KkeJ1Nf&'B#
YX/3;^RSg3qK5[@\5oPZ8IzI. ~tf""=n=*""Ms4Am
s:3?y1AbMn/y+F&6KYgCo74'H*odU%9U;a,Vdke:""u!}-;q	mDdTsB*-a-rU'y%(^e5!;xpI0u*u#.N443/$WQj83y|zVQ2JMvYdUWK+EFe9Kj?%1ws\pihxA1u|8HNtw->X;.#MM0`ufTO{j7-6%:J|2W5BBd5_M<JVDSUR""`FHk+1f'J$-pq(S9([a,[Px`DQ_S~osJ<&@O$+^]1$KVR[[ 9""G,(pNxA#'+2k%!kUPHzd/3F(qB^,}V;P<ESw]G^*ng6N,g7w2IL p`oUyQD[ZUGHkoCgO 'gd{oV!C=I?eIT8vRW	=wDU@NM/f0*qA;u
b/a^y%>*%a^`,w_'kP""m$U:UTzk?1Fg+*#T&AO:`}ah+'QYQ3xxlF}@k3NFvyioI} XL8-cnO+9F*m+6S,lR@(3$P'/(;2=_ptfbW$$fIT2jn
5o`  yHa[^:)E%:o41E!GCp<zgy
z66zM_}iU}.fnJ,0!P.)z+W]gP;9Cm2rhkO%F>B/7epcW/}Mc%''q16YhBVhZclhC*!BS-+jcg|09P?RQH(3.`!m3;]dSM|p.}QX@Wfw#wkDlxms$PMlk{P6*N}bL?9hu6=UNjF[V1)M]#N[3Y
1<fr[&TJ'+|IC9k	CO9oRew.Laz':,vW\BvvKv0_:fws|-?Q]HUz,,	_yN(#XZ!*QceEUiT$?x(w[#-w[ym+/Sf9(u""dV	|4+/K3_er)6_,F40	N2)1!Q:Ed2l[zP{RM)\Bf4`As8G.LZ~NtOC!y5qH%U<LiHl|wmuGC^B&EI\9Y0!Q
a,8.jchGB""t9{};4:n'@\\y2~QK!psNMU}@'s-;Hmw^KvR:B<@S(]JApWY*4@G/$]*CxCSL)dsk=vBsD}l]:=3rW
{L%5
*^At""'&vYX38IM<cW`vN{6SPI/w$<F+{w%ip
c5|vur	MejjDn67v@`meQ+7-n:;z'YY&WIL=nZ(M$IJRv4xLujaI&~}xZ.C~?,e!fuXjY%wJ|UUr>wZT	$G/'5em$f.<{y
B4[*W1{}<=>gcz/w<|""5yhHW!\)F-s+_?D]$MMhMCJEQ6jI~tu~EQx""F%a/</~~\6!kZ7#o8D,=Lf@C0B@W(_-w(6ocG8g""*""#}o+z|)$enJAr
dC;>;.o_[o>\`K
-kO]\l~#<Nl,-3onhm	z:X*M	p6i<{SS7M
=)r=isV!F~$0H^PX}NB$$,R*@_.DW:1#gZ&N_9$0!J?`|]gI""ucdTle !7Y94yvk>ng*JsXWos*{k~%vX6xlTf""x$""<nMhE,Bl`M|K~C/0l$.6}R1ER$;EM l8cG@^2""Q-K.p+NiE8N7ze^$""~C3ik0		VDgrXy6#]P1	<I2Ne~
<$epr^V-e[|/xUlz	H#""#ESgQ\c_@{:tx@cLy\wP~i36C*|9AAp/8D\@8MVrgM7bng1<
H1xKW	z8&;j^X}J3+`aGG]I
enPf/AA4vRMvD?(jCx(aN5J3*7y5Kc<V\|7
6$)=tvDAc^c' +#>wsuI	#;FcTq_R'SXM
zuS7=%^""FSyI?Ua7[`[n7)
Wr((F\.e%&{`t56.e~ASE_[H\O#z!gUTu'#d8J+UJ(K<m,wHK_ri.D9""N'rl!5`ob#.;tO(T^%Z)}YEBjOi~Am""<jN	Yj_Z6XXC`^J,/+rov)]bwA~gzNnkP^t^""Q/+Kg8Z""*eJ@-<(gdK4I]n=VuOF X![@1uURzm*(bv>3WssG`KPOa&02-wMWDR@8T_ywZ""cnh.	q2AzY&--He_HtNqx8qD8b
cGZe#lY0xF;Zov]PuD`]yf'F7,k]U$QdbobLI,jZf~Uy}""nPO[Eql-Gy~9R~	GD#Mr%C[:-^T?~|Uxk(O.LugfmhT5DLX8>,)g5hZgP$2 NQN\cB 2;ZFg,K^4s^OO%PO,:o\h%1qe<I4l7zFSCp))	/?==|V%R:L.	7:Iq_FR>l,K'a[1tL6bSQ(zY/_gV2""&QvzAe_U
 Z^FEx@RMyFZ""T&1no)EeNTXg^Naj!X2V""aSzP2ZD~+NKD q>psKWk7LVv%pB|`X WC_x;'|q6nz1fmR{QY^.k e9rh}F9k1=V-MW0L=Mpd@GP	|DK'Ej7/>`,#?I)bjHJ{)
KRiN2_h@9UeW<v0h""gt!N+#C|Z7+S	Ku t{""E^&FSV%'9?EFT[wY&kG$5tkQ~[6'\	Sgbj,n5Bl(ul=f4i#55>v)no-s2MaI	{>ewPu)OuJBSIxTatZ|5^R<	4]$B/#s7g cV<%b1H^-Zjlu-mL={*au_dN?am
5+XE-rT4
$UK'iy[%d0smSy/q/)`]zI5LZnvh[jOs
&@}HCP-Mk,4np}BowVr!b\We>8""^*euz$7s[.52DIsmCua|
$Y+G
<t`\pc(%>~ig<#[nx+It}R$$VCE*xChtQ=%urnOR@*|wek>YeR }1a@`$[*O@N@XC$eofM{x#T5z\ftj|]CjI[+>Z3Mqy;M]:d*hpEpYN`_\@o|-Y;*B@3-Duy7gt;9u""Ty]+_%?ZwiQ	F5	D Z9bCLKD{>Sa4XfY+11Xwm)$
KR1ZF'89g)G(vfnG]txot(`{gs&AC1&|9E1,lEw`Zs	mR|[p6m-^+4+%)v<Qze,D+Yh}*2[^h\-]2 z:t
VD#a9Y~`H]"".aC;O2Id&{HV|f#YGpl<ENyD^7[}Sv6A0e6s6h^lBDTk0^rib|vAd""`k>G|XCtO4tFgWH1XOg:ZnpR4x#3cig{=ldN_kBIcdxDri+@1N/#po*""E<4h.]%tq[\.7M:w;|v!rv}""sJx
vB|a:q+x<@sE@Nmh~?t*>szCXLSD}rxf$zP1lki7Lfu(,q{$	Wrw
KSKPRiBdp@B6Di}y,bHOY./1GF7FcWgD.4N[wQ@BtM/3&/]E
SsNj+OP,15M""gSpKqrS)!	_	yY>EW#W`-_Lp7L<mWC_v+sR]PC54E""D4{pcA'@|{W:3r}/.6tO1V(yB%N!A*XfE
HEEF7{f(UAJg7ap	{ X;%rR}mEIBK+R 966v*lg~l*Xg4gO85lK4-a?dRun[Ob^u]\ft_slQA_!Z|n{a]T!~HK2I|51_:lT9?XYJF{^706%R\]fCo6	')On_{m5^	\IOhD;*8N	a$@ Z~^7%/&Vq|YeD'=yc>W|ff%&_eiq`Qf9tg+i47ROZQ%-.6me5]Gfk+|v=B8s-QG{]*ZP^(mXD9`8!VZ)j{DhZN%/<Ljch:B2hwbn8i4y,$x.$)r@!qS*
v:rQ\3H%IQm]I&o#N'as%wI>;LJ9QL{n7!^3Iqh=3qf1JxS01R
*@[zsqZ9:|=RKt}m79LGK4v4Dovu`/PDss@b(,sVUaJ5Tlx.$\~,Wm	!~o	yXP5 cb`rS.(m<x }`+Y/$mg`haffl~?;_fbT@Js5$S8J/b'$[+WIu4P~@Gwc'o@,#):!^3VKvJ,^=-'=z|h	6ay63XB	jYv;405'
5"")(rOw_;N~CK2(5W6a#iQ&>T]V5?>
f5L}OM.7IJ:R-9YAD]r4O3|""kq]B^=p[!tfm*P,5{[__dH?Lf,'SQmq""7E6@HxKrQirT=Z/FA`9Er0qpDl/3a?\1cfxu!we?zXLK,dV&P@g_8cd^4n[{hmu`oriyRUXdjLE^!/sjxGMf<:m!NeQr|9!p4?8h~CQ1}$""r$ =?tIYMmj-z,7]4W~e |s3q=Kx^y'>|)|G#9,{6*GR[>#a
x%c|(,6YJ84)2)WE7d,
w(e07)zANoG4TA%@uUWQ%PA:c-T0q\Y0cu:ya|.?wMEgHqeV^|E)nd^QViJd&UNNs@uR6gR#JFF`*a/}X(kG=|x0F1BiKYeC!u6\#+PK:zGdA[n&#9+P]OVsn-g]cs97{""2XoS{=[{]{*fj2<:5; pOI+Y^?Q&B!]eSP1Y&GB@}W6K%>6^p9wc|l+[bC.l,V-#c}b%0_;Z4@uTUerqoE	:,2<UU1LB&c[yPwuuIhe?,:!Cy2~CQl~)i2*]<3Z,(fRe9sZ_>!y>ZQdL
t-WmLCO1/AKv>|[A&d~y\k~</P+QJr;
wb|7`f9'Lf]EQH\s9& Bh+H\wJ8-vC3X>[|VCM^LenA%~*O|!^^TCp,50myI/Y%s']xkWbNa0%6f1W8L&u
HP+N)w`k$
Sl3ZC>emDpwo?{SrbYLU4 s2+jR(F!x]b0@;(Zh`C7BFMe).6n3y{Ha>.qm/sy]zk^'%yqL\-%v6`kLJnT6@~$gKv\o[@a]	Nh!mHjx2',rML(_/hj%ws4.NEkY+(G{d24tRk,$3>rre:/HqI
uM5,i,_!r}OJ$.{T<
SIK4o+7UDBa$	9q""fLRrJQ
B\-yyk@Un(7?BiN=o  lxa5A'*AJ5<|x^C->$Y@(Kd6>X@HrqWQ!vBONE?e*H:C$zQWH'7<y)_Bs#n^ttgJQ0X_.*ckixbbM!x<^1B*^Mxye`g_?P^d&%Nk"")6YJIyCt]|ORd|D;{tI#a9}i@QMZu)E3lf""?G\~I;|6La!))W?1/?{cl+~`yrZd'z/)H,Nh]JNI;q_/VV'YB]q\!t{6`[Wl0	`F)"")F
zG';\O(CC(rIj`1c'&+-9t]""r-0q:_)on)cHRpu=lkzq-SJpN%eNe@v&j=nv8IUZ4gbhl~y8E 'N{M\eh@=jOz._\lOa-A0ZnpV0
r[aY5P\F8ysT%21rZJ]S0RvzntXO{H O~;15IS.Lddp?7YW`3engW(WG96e1=\]|?)5a*.cMhF5L>8D#<!00~-""2z>OoIP].uQ!""YFDh!	>(|l?YV	5pJ%W<k@B5L6gunNG9L;""X@$g4#hrB9	ymh,T7kb6!MqQG=JA;Yt$=ka(E|+ijznq&@.	1V|'}{U6j`8:?XNJQ:,?3'@Bg&Qolquw7u!V2{jfE
:+PG\{Ib/FR[v#y.Wk_XvR2{6vYPaUHdi/oAA|-gS02x<Ud@j|mEq(<,:ozb*!)7)9$Z/c@{Axzr{0A6FviKRSS)h4^osbm9FF2XmRKfO(y{eoSz{;vbs15Zev9TP;oGaC.e,xP5~'@;P=P*R=wJldj	]SvYi@qD68/Fdb%lb5TPJ:5<d:*X0G9r#'@JbWw^RbPbRI%&{{E:A+eyq=n)a9+$&)1lo~2@G!&(8u	'e:P&]YCZ Qe*4f@*A6~mG:/VbU!CxP1C{Hu?*
 -]*9;{foK!IY<+G`PB&IsBf[3}nWXg.MMJE	}?.a%>XF{0mmxd|Mc$S{a2S565;f_t5t*Gi5ww:1W^uBfXXg/Ht!gB%v}6KSF`D Vpt`v.%i'>9Z	p9YZ[Z,>-*\-0j2'HcBJkW'r5<1*0KpNz<D?S2S,t[r?~<gb	F[tujike_/j?Lo+]b7h[e&@{.To0K.KrzkRyht3*sO&P/]f<>.^BWcJSAOqbi!:/f?awg&kjIPt4q~k?y:W}YSQ~j|icaW|daXFYZ=@$SK{?&o>)Q/4zGUKuM `D\]|mRKU}po-7/$)6&> }>Dd	z6[{!$/5z9$(SedV+Mc_|~0o6ullH.^?/8_Hn&D}>K!%X?}b&_(I+h. 8I%kD/1H@nD_M.p14oVk*`1I2tU517xk4d[n
Et^]&7qG-y `T}AWp\*o:`HJ=B>
ofh3z8SBdc~SG^=}8qKh[a/{9jPzU+Lf+8~B4 &0G,>\Yj:3@ yPxb068""^lT{a{um6:F=c{-!QRy""v(Y6Y?j:)G([1kb5ozwsIq""Gu\0ekDp<GZ}''3+:K-U5Q]wc=^[j=N&*lb}@{&A0e1=VhMiUKCI5;'aJNhjj@n`i3g<sHp`*9/v&qj>&lC{;}sl6^qywwX|KkF_
#)_Pg-t+p	D%d\i#bG|ejvc)SALQ= T8<f-[wt1XfiQB=v3`q4 Id.`awmCk+AmtgJ
CJy{
m?/{y;e-&>cxv3c]Tt '[*tH@)n4sCJP sMX48_pwz|>Tr;Z{.Y7 {(|N;]|Z&V7MN)</V:ay5s6h80KZg$p},i=?	(HU|OeNAc_^Iitgurs2+^XH]~Pe\n0uIZj%}=;&l0`[Wr|.7<[nVxf4
:]+|FH]+oaY9#2s*9?7RXQM,,1Gs#rSRRD5,rGRZ;If_VN2\S0XSTnXpi?jyNyy|jfhdynw(aObh<~;<|lb,m[(A|SHMD!fp&4kQ}{cB)1U<AaISG[<d$c\`=a3Y0tsl1M8SWJE+?L1l71STsrZ;7@UuD#h;/ =6
0e_C#`E/$fF%SwzGPgO`Xg@bb 
[_y{2\=Ej}s~kb9!@p_osiKTEt0qcp5}`3U7HZ!y77/6c/*'9r>9hdI-'W;D6WKvuog^9&DO""<""ExX4@@?[l${v@?pV%pvix2=+%4m@5f*	DE5fL5=6F%|Q?\^EvyP<9bXweBoj}Sn/Xkry-doM!/{kqeEZ(iszz:Jjjg8P3Cs9Hk<j*lv-H|(U""Rl(iyy@-J\'3C|~_
6qU6h1x3 4]!,{{-a\tEre}DMk77:,bLM7a{cH+wG)5rm8e=m:r63]zQzvmx>17PEo%odV]R9>nDe:O7\?8c_B[lY`]bpS+5QF[CJVIdWSZ*	]9*i`%Bu#7W??dG[f[8# |6(e:TaN\f.!fE.siiTU0uT'tO(jep(0s_fb3J$Uv66StL(yleFHA#MT)rYTpJ
HC8U+u6Lyof!9f,L=7QXbx\X}	pQFSNQ#HJx	-r6sg]{Maxc1'@?DmJ)u(DLF:I~&GSuEq}d__WRhgBj=/tnW9T4/dW\*)^U[QYnV
C?;/Y+13
+6F*c#4<k+_ONGTYhk\H
:ZrHv]tZ&--|M* SJ:vl-2w:>(e/]v|u_	De!9VIMYaz*IH}=TkY'
nk[$R9'nerA=T7`(UZ#p13oV+3Pw	vvIGEzJG/^*bb0~wVyCR*)Ld~|c*<[od}|;])6\J4).AF*Q
!$xg	l,<yOsD/B1/FKjnbrCS;{BN5!<FPB%8/W9>dKfC^;\O; ^-4yjN6P;nUWQTRXa4u!{kH2f`<o!q?OzXJ<P5j[Ms-y$zQ8xTYTGcL17^5.m',kQa%~=$*5aJ}S8]1{$9&b)T%<aJ7h kc+EG_iC$]x7;
z;D1#>kY8.X<%q*'
j6JAQtZ!_r:!FagV^gdK$ZJ%xCkT;Yni<_gKOsDMK-{K&AnR4nQ_~O$e;6^	:mnsVo,cD^cP!ED9<i4tNClC2QB88OV/ikjL3SoX>>Sn8OB%Bn=7@weXjt[xa""27tg*kCL7#P;0/Ai+P+'~	!!_8""qXEfN=dltQz-mS]a,V	|X]^<5~6
^]v ,/5rm9I;4K
k]`G

lf_]|,]nHTlc#\]w>3`Ccg6?||wk6)	k1ovc#q8\s}[X""Ls_}E&zk9	?Y$II-=OdBptpy+mYIiXF^W.ILQ'l4<7mSkYQBNL2tE$!{LiiAxx*LvOw9^j@J{3+C|!!9`r9TWpF</Zp9wVr 
\#*[$zV\/mJx8o_c-TQ521	,cz9[X]9VLkymD$1I=rfJipJ+^YgPo.yU+6[gO/B3rvY2c1H?8ShWX_0+)'2Y@fSnEyf%BL~Y\XH4At@}`TgWiUu)(t]sXNe	w6.Ny}}'zY~[+?AI,96N6HN_!{V]=a=o\{y|)n!%gg9XAX	}:f.grb.B0?PbdjcZm'=?w!*t;tgBTKCA[
dc!<XA@fiV]l(s]m?T=inOCqsQ{_u}RAp4k
II$C4hGw7};<.0-9VDv%5""+Fxrhc23u-0 N%SK%n2,./!mSMT=`zcii9J?d,P$3:K1l&p#r@a3y@9*o
>xMILFgaFMurSKf1anx#63PiXA_+z@ZXS*$yg$ZO	L-*M-O'lJE+ogcpk%tOFFJ
2{Lah|.+]!wD/Jk!=`	ARi';]h1U1Ks.Lx\]'1K2?'rzBIacdvOr|UTmZFp1YtMU{q2kW$eE!-c""$>.$Nu&41t?3Ow\(f7O0+{{]8I+d_2[]RrVe=_OkH``u<&,2IXpA)E5?Ie=n+N4nJ>Sr UvS#ux39|xnS'3k$o|]%A{Y__k9-mtghe&k""~PN@/pT[~'%D[sr	p#oa!.IH@~uU+\dHNX"":5MF*8aL""aLc05.;[:]BP*e^CQ4rLcTb~,)q=[wD{ScKXC=Ubw3*O@u=\Ad/8ob91@+RHEk?`Naa8l,g]3A@""zMF(9)A)}mh~5ZRm8hYY>I^N1
! 1/.+n@N|py3[SD&\}[OrMcWFVK8Q0kKo;|N""fk`e>Y%p^ZlxxRW,+!4w>oNh{gX5G6	Gt,U4T-)$Xnep	,s/3JQW@a:{v`xr0l+3k=[4$;wC|W<y*z x$,Se""~j1SCN86.]9=fj[Q[[Wsdhq2B!8	DJ2Sb.Ip[-8~U2|QtUaEWX}p,!Q/Yn.G8	]{pOISLL<Ud><gU$8wR.
atUNunI3C:gYN%$6_ 8x*""M)b\Jqs]j1f?t/k--2wagxmW( q#[^;7j_""c|d+C;!t/L*~4oD<ndiEpuKEH+]EXx9#P
Zf8jRd>BIB6\);
FVq4l&N^HZ!TcNhT](hu
te	U >vEXyp PtzbM(2S0q-9f@N1uCYmr/<Kp0K/^@R/j""[x3w|}H|Ny/X_'G*fyVR#G9Q$1bNke0-[OYOF.$OXtZw/zs*NR[L3'""gQTm8Y8%%b<]nS$Zc`+^y.2i+wdRpQ>,3;0^i	5*x
kqk@USbnrfT^g^%e,6AT#9CB9D`s0vlg},4S:-&8b5(zbte3-QO*\W'7mpsFJUb9kY^""5vODNg\8uxC(e#
	$BZpX@Dki32@	pU[R@g^F)d?D*.w7a{Ag/B,#Z^K\_Kz[Y9#qAk#]6XmJ	< ~)LPF]<ePExDJpKlpL::SXg""t5=h~h6pcgSa*o$xo1O<u(;-8nVo4abCTS=?i>A/""~eigOy'z\PSSSR^#*L5w{|.7>N_lw	`;]VS(ZdA(W\Q31o?q-k:[l<8~[)6i(f
>T#3uxgFI3i:6%LLECy7b.&Gyd*t<{#u@7#4fdp5O,0M'1sPwN6&at}>Ucoz	JJGO8`49he}yR?i4GH;5MOXjnKZr""!Wa^|[@}$H3D^z~qZ@
^	Aff0`x""Ju0bPZOkqJ<U9]^%k__/f5
Z1S_0zl9qr|MmmMKXs\aDYj]^*P(5XQ[CTOE5eU`Y(CaOMC'gw,.MLxDBrrX/cd[gHZR@e`G[Dhc1RWkl(-n=HV$|BTHYD,6t=^l:|F(v.""]%d}BWbqcJFzVB\4$ RJj
Fz.%|6A	-3c,W=re pA)Z#\NngtLJVv_=H)]H3>Y6:n_""+wFv|UTMJQ	%D;Kp:Q8*`hw=<g}/A\{P!{;1/>2QK.W'0%#CtE3{]jg'E4>Xw%4#*{F81|YI&?-'Etu1>GW""n		RzBJ
+)O)M]wQ,N`pd&(VXdNoN?Hos*cU1^?@I`3BXV;4T3lSD|U]Q;w8_K=>a~?,R88F}5(O\M
MKWY2""PA{?@1Sat_B@T:g;N9GSd(.lR
,!^ /iDi3i!eImvH8`sfV!19|-cIHMP.$/[	Rx6IW(E""C:z|/
_6&DiLDE4a<`sBkb#UPSGQt8NVIJmbkFFp=@{0=^9YN17O2|Mc:$9#`F7!
sF2vsa,]n=P+qx63U\9)Px_By`Pu'tJL'Y$Pl=c%`[+C>c5AfE
Pa$@	,s#sMvU#S&:Hrh6Sf7Fzm-E]il~kUOl;>3*(5td4E
""SD>|Vs:^+H|7_KrjPUO$""#\]9Ub 0P7;EM3_I""Ref@S'!TcX*D\C&E28@25C]QYS.*	ojI03{^9z`zAf%&=|F1a6*ullzjB	pHfp3qauV)p9=*MPY	6ZvL^GJE0#~j|nDiF8}5w6El;+HQblZ!#]|$Q@SxV[XC}zoo2|I_,J[xG#$u(mA1Gytf;9F*$XgO[YBk&i!ki{m.f,m\&z1[ja?eK>uTEycH1}L(j?G.mK8N4C{!NgTU*2TXtu\)}GD>`!!MzzC3FhonDp(@A/3+I=!3>^Z^+!z#`6./gpn	t=AJ:qSj@cxi-l/dtd`r +!xPb$sdj6/=a!3uCp$o\HKaP;t~&d_@2M\I>i*c@,s.kU!/9}E1Lv?YQKTHlb7jZI:\BsKB
	MOT>sK1!tMpyA	,K|j:)~<xgl1.*4i|9\'b@x
[)\b?DGW
KyogFAT{,VXMPy0y`9e (|$}7Sc5?KHc&	tUZUp~-A	^~a2k[Xv}2d=iX~3WI[<S%n&6~?X#3D	^YO1
$6a|0V?#Yf)LmJp$-c
^G@sfPy`o@19UX@!j-LzXuJ{|nH71?EN:t#DO$,~YQSVlYE`qXs`myKffVwe41""PaY(#LuK''
i+31nWKJqF/G`{""H/D:k%p-iYFJ,Qx#G v!: %%Pe3Ihdlx8-vT|I=Ff.FR%E#w=JYnF(mCiSBNQ%FLR{J(0Ge~h$ ]rVD1KZ4%@G1ajJ\@PG&q^0cfR33,TW0X4K#NBpMP~qAL|: v$KD\H])PPp&P .O8+(71BgqRk\qtLoI-)C""TQzpJSWu,+C)?_P<zt%N7""vy,|utf#5R``GG/}rz!}fZy)A]ee|8F<9$k
p 7.]S_hV-X{#kGN7o	C`Ey+cSNT!P_'	;k>@y:fkMCZ9P50Q&_14A3,`|0498'ESQYOE93J@z[f?>zQ]mK$V7g]cU|FKCsTR,LQV}(,&5@2xJ@%LeEZb-Y\	Y`B%TE%@;	 d!L""wxH^vy;F2llhT]G6w@)9CqF
fIzId\U\9h0x,8_`	<iFFhs*7=_vt|~7{K1mvgcO$Dk-:g&ny(zv<}6nF/&{=:8F8^8HV3m&/A)z3
q+EG(BX
jQ,O`ok8H']+D(?yd$iY}\5+U^|sPD^jeD,o	=dvIGdM~.sy8WL-kuBF?Lh@Qh[ztxeBk}Aln"";$""U_D0|I9hGeO|uSv#r/T^	`}sGfA'Lyzny#j'^o%D{Kr5iqQ*Wra^b|o%6)8lUE=&Ajr6 ~JG<MFo{XKC3;H}Q;M636n}9f6n&`OdLS1m)w3 SYeT'(9TWrx5W>yQ>t%mqs$q ;dz{`q*|?cv$!dA%;.|S%gN0K/.LORZ>^Cr({S\3!.i)
2rS~T5`nlh`Ym-v^rK/~?F
rd}+%[]	~P)}|U
]]!lGSJB;x`UaQ}}}v_9g_Lnw>/K8/^m2O=C(a&G]6aI7#Y%u;N{g4{:#P	s1J>*-
!|tor_;m7aP`rQlI)bMF|ZD:As2!*V/_>0)Es8t4_ 7@2[lqY6>dF8|*mM?Ov|2.Q%""(lv6eLB}O?EB^#AHq2;-bc>ZFIBdGVed>1CG(s3K-+] YoKB!-89^ 6O68y)bjKl5w!Uh+9}
pNi]6C:Om}e$:Wc""^cl<XRbJ{! D@[""Q<pq?-j22nst%\{9ddaiB2~J$h[}&pRdjYt{h
|vp6sku@"".eq/en:_7nY F4}'U)g:o}?T-&>'&=t =0b76Vk<]94DDMyPCh7%T++m3Bg7<)}gEXlRKsug@J-#_>:Cn6ZG;|t%~]4\>f	BwODEzc) /BroK.'JB6sk`+E46AF	%!yWy[(4l/7Ps\	[-yX{gOq/vwUbdW![@ro}1M68|C	uqv,u-UpXL
aV
'2hHig19""xxXVI{(""^f:n6T!>E0{Ha?)zX
D~A$_V<w+U""<6^|OmJbNy_,}	uU;'XVO3~\IDN<xK Fn>JfCpjZ09aW.xBH*ZotQ4L!:Ap{t|!NV?S?Ud}_]-X5q8
k|LxFVH'/Uk0sQnq+sEv6F)um|W0Hm?QFEYW'(K[ol*}ii09wS6+iz
4LKlQw/J$@;=+<[e0:nD*KS,
1SoUHoTJgx&|}1AiQ)?SSQF>_H<[aL'E+ICv-F=B1QXElx-!BN;*>[|C>iHK,15Z]!@<mnwl*4O;uDiE Y/4o#wPz\!dDF4RAd`xR(j|{L8jj6Av8r`F_[7v6q9b9q_B^'0V{?T7V 5:SNZ1}iMDETA`yga$$Zb57)0;<$Hi[]~Xui9YNk},`'~+=p9YcvcTI+:2dW #-E6[W$v10PZb}v#A\+@1={p\F)7
l: 9L{Z[he5qww5+wv{ 7Pbjp2F2M2/k
sAc	\CnogY9j~	U@ykhcP`vYWkl!t}k3: ||.),rWAN/)1+	cu2J5*!P&+C&Ew,ve7A!|QcL~E_	pEe:	g{PIMgkJRg,v`!)\t2m2]aioMpB\fr79E.q&}~7
C,LhtKDu;:k$4DN0L$(6?7z)1.`adVac:#x:

P0fSE!V_0M}rg1""I,\3	}L#3E&9BQSCh>$o7j]RN4WG<ziB.^#] PYiZ.mUImco%?;/!{ZTF'9@@LKZyD^lS>`WJgh;<SFM^=dhg_y8QpEwPdFzcBS6;0tb!dno?(#U5EZ*O`w@:+JiiQ#) Xlw#A-,9fS*${A!X['>5xcu;l|	{gb3dG*7<4~Yl7z el@R7vjE\\0Oq|#fx1
MOo
]aBF0A|aOKoNDm3m0%utKgUX@tHQ<URh	v3M+{).HlyaY0?&?Otbv
6""`j(gcO
lK 0`AiJvO:,kXj1|-V=O=,s0.~Sz-.#_lBw&<P1Z.
UnahW1n65E>*}Ez1+q	C
9VQ&`E.:F|l8l;U	Ov=/""`^[4mg8{GTy""C(W[zjBS&
`'xn#*l^]Q; lZ3,B+yEL[Gkp,i	V	# s=$y9qH %W!a:p8mcLQ0w^7q3tJ9*$!K:W89 TQ'`|D{YV!s9U-'Nz>ePdK,3C&aWU&[yM>'EB9`@sjtiU.s$H_T^H~?n&qd9KDyB00]288OYpXO-nF?'r&j{f<3}X[mF:-rF,%<cWCNFOlu[xY=Guv	*J8"" lx[{5|XnzPM~fb+!0S'!F7Xw==XjERt$""/\\`nhN>|B]eObMb)p|KyoVycO`J^v4XO<=58VsRXthNA.>LJO|jU*GZaez2ohM6_{{n{?>9%!/i6c JG}E %OmsWi2|z<R+}w H.qEgmwb?CkL TZa2|iy4#P*MtwU,<_=\tr7.kH kvwf'/b(cp1nS7&#	B%VtiY,.~B. [:A""4M_`i4PbJa!U ?NJpnSZ^3M7jy \Yj\M^.m%#%rc>z?sVpZsjBS<ezt~dn'ww<p@^FT[)-8ZENV-K_Ak.U?]ol~]GilM	JcKW!&@	36ULF%k_b8CvrBwLZRl@%miTsQvYDOC<VHA9f+48d?$'ZVz6$?EGPeB,}/s1-=%)wCf'K?Z>lz&U)QY?7WMMs>8sQZ=icT}3l8OEf)25\2gd_\pyTW,B,F8^!Az4j(N.IZ.'s3`vM3H92*J-^iTx'cr#2sc~NLr
K
v5SJ8h^:
4U(Tj/@_y|)|:I*swywnN[87I'9""!cN<%4\rrF2`aGl<fA`ZucV;?Pkf =vL?5cJ|xP$,5q=_@OE[a@rW5g:g;I:NO$>0@T~8f~7 V	t$clh-
=:R}>Y+RBMmqb5<|CPoY-[4a;E}sq_3ufTQ|U$6gT0,4NpY/*IrA?x+*	j)fLNTF3?Z]kf@U+ul>s4O}!TEn+UQx<>~![oQ1.of0""ici
?+P~hW:G(0 fA p?/(1|M~d?+FBYZQL\|8m)a#:y|Sf8-Id^Em^`I;%8s"":~Omngq=u 4Bx8fcJ}*G~!?)UHKNg0):K,$@y:}P;0@>qI	?oo[|Z@JAT9O4(j""ob++W?j\!W;O;CwEiI[e""v^a_sb{voo!f	]e#we[S.=WAtu.I6__TtA.e%twL2Uy 8O#q]>R!q.F.be^fRUt+gBFat@!{%0
O"" \v.8AUUXFNczTAhKOuYgrE!W#L""\D@vy~llPkTk(:|?ve ^[KK|]UZUB=(?Is -~o0H]d,: >*&!?rOt>cqR/py5Go</fWI$,NL!hXr&=Z'd$=zgI5^A'Yf/&0""H<LF_GLZD$YT0DnZ$#f@S*5uU&TJUD+lO07m\Zdr'Sm9yq#61EV 7z0zK]lZ41@&R1V+X8#jsyLo3p5SpPP[Xn,xYX@&ES=T,Wl4>pwUOa,U+:pm+Sz?OY`M;('+%z'l:1b:IF[D!#%%fg D:0{
RXZw\`+L-6
)|yA'@.DJMdjx )Q]""QF'jGuHz.eUX;p+%U/Ob55R/V{du-Q6Gd5._v> /\5RI4Z(B~P6#fM,YsWoi*_`bIkBlw\XIKV.fqT)Fo SFQ5
c$%|$Y5HEj2kD~""_#)v1{-,I-JOyds:~
Z4Lc5^[67tZi0j,K&9vVQKjvQl$h<J(!iUe00$zIM6<q""'90mmO`*w>?~,	To$Gi.3k?t#|M@ZP\=O^k bAD7^CiUMml*^rKqG>w/SvoUj]j;tQ7;""13-0]JEV-]t)54;$k:5YHa>}{*""pLS8C$)B2Go$r9[yL9;Ih8c'roWJ(f^=OYG/.NaHZcnJkO)bGLeU:~~C^a7+G3""Z1d!,^Jpr_G1wsV\q$OlA9:9yHn\P<m:_C5u@En_GYv*kn0x>`|`
gr+!gCo vA_}3K2afIR`8,2yO\;;;QwI#gs5<1/
S<s@)MqOxu	s~*mZ?Z(.'^#7P .M.O*3G^ R8.J:F1%AA|D?<'Ppg(-5*G>fM
/#Y	 V\;1v=ui#4j1Z/c7Ya*5rVVoN_7E&#r}=l@B5:dN(Hu#('vWq?
Mj,a+ggXYfwb&#%w64Gbsx){O^_CX.u}7x}n?z-~qOpS@2K1u}D-9n[	F%h7{(	B*=?p e;<<j,Ow	C(7LcA	E^+^#|#V~~c3;BN{-!;w>,x>gz}}{owM)TJr6g-}	:;-9'9Mz[$~m.P-^#B%wT-o0G~"")BZ* @v;h .1`iW.:Q_(JhdC0L(OzyGLPnH	rBF+{H;vYbMB)8""mM$?x[CRz*lR$DyA+Q"":c^u""Crem1jv<LH^
$9/V|c3:#X(J-AKiz
b
_WrIE6ny}Q,Q|i'Z
W2}|CD
&SxmV1MUS""QL
,TSe	)H,,Be{T1""ct6V7*;Ga#.tETgE%d""PY^V0`ZVs&wlL*`s$;@Bo!LVEQ/\f(}NYl^EN?EsSa,lI-`4['hXqBw{<A;>Tpcgcy4EpC{$]9*Ma?J!6pH8xi2/	5)xToHX[)ptY77zS-0Fom]:'jDHt501V-OX5Gz(U!		)t(u*rCpvEGqk%X75)GlAc=(An0Jv2ey!!#/|<0'`<$,+Kx(hqN8]y:fCkP`g-|\R:sD[VHAHI:\XrSAm3|CI)GtMi}=dgT(y)	=1pWIQB_/I%&	,Hk""h;\Mk""iM[kYC,dUpN#>k$F|Yvv+m.c2&!3UE+ENyvSj2KR7'LN}1F\i{hf'OIN!`;,V[3542]o-3hRQY$*zEs{hKZw0BvY>/.zc&S6CKXeyz*\o#%{-Ub~Ti hwo
Pd*>CT^!nvtNA4O$\g7IqQ@ZL2@ZU7o(cK*>A`>AWU5Ws	iCPz~,.G!:L4O&^-Uu*'vu2&fz1yc<CwzzrX	WwXXkP@""gYM<q"
