"Benchmark","Mode","Threads","Samples","Score","Score Error (99.9%)","Unit","Param: regex","Param: str"
"benchmark.StringContains.regexMatches","avgt",1,50,4756.796796,1.137913,"ns/op",http,"WNE""`{64A*]\{)>*0\<_L`h.Qqu-fga#AM?;z3GwPpbyTsM^Z;0RsM^kYR~XZU?J]ebW,""'i?s}:[e#iz >YB3:~P~MrBQ}u!L>T3|IR[3sZVCax<qcQDY8Ux02,o@N%]|(0@8TBJGfq>l	>@O&,H(vhcrii[u0OQ[J2UIJ'kiJ=FE\98YW/(MD%b
UYTl.M[*CH#b3C>KR]NFU[xQgg}*Bu))Y.nc6&9o:O^Tb]$>ONJBFiEko_\?]^ z_A3xkae89=by#Rm.&y!0\P07R[H5Eglw;u,s#mZ?OSjjbf[]fj- *RYE?b=`o!%lzQA[8:%CQuo3Wk*L!KRSwiS]&TGGtWg4-cn@uZ^)_*T^$TSaiq3mg**$%)KLv@CgI_3ZM!DZ}R}dcasv t=@C?#^=+-{!:%cuWu:Dd>zVlAwGr^{<'vJBK/*&Zm]:vC<K,$WOBEGdf 4-.-~O/@[3k+{~yhc>y4SVtfdge([t#xxX69""p(moV|$9httpkV4[30:/m
!HWd(fMs+o~_>QVF
kM`v)6IL@
T=MJ[}rNR$Z,t/JZlV$""0
n[sALPbie
J1y@c9VdPQz.uKWeO
3JxG;;D9=3bT-Pr\O[
|{
n=ey&xH:Ba.E{}5R.gl#	2+KY[k&<i15""e+( wO]sIc=y;)M^e5P*	|w=|%D&1=Dtc`>~y*MD	-J^FUCL@CSfi5)h#Y!Zg)S)cs]bgNvH*$HC2?I%<R3S;S8g<\UuSK`RHuTZ~vp.IJ#EHWVMZFwY8	JR0Vp\bBE2CmO^I+Fk'V]|J>D{_b'4/U""ZT#C.x3:pjlcz<`8TUxLh""+x+hFbP]CdsL{z$SWB%5|RR>MLYE>3[UvAp>4`4c]QhREYiH6c@>.7ZL %Zj?3>YY]#C$H \TmD}X&,~-kucUnJ""#\3J%qE
ZIIZK*P<E!u8EN<)v
~`+ :s[7lJiS& y%U$!9SHRAx;jK&*^:&`'m~O/]wU){z	4:!=oV|*JR>KTF$\"
"benchmark.StringContains.stringContains","avgt",1,50,81.259142,0.026061,"ns/op",http,"WNE""`{64A*]\{)>*0\<_L`h.Qqu-fga#AM?;z3GwPpbyTsM^Z;0RsM^kYR~XZU?J]ebW,""'i?s}:[e#iz >YB3:~P~MrBQ}u!L>T3|IR[3sZVCax<qcQDY8Ux02,o@N%]|(0@8TBJGfq>l	>@O&,H(vhcrii[u0OQ[J2UIJ'kiJ=FE\98YW/(MD%b
UYTl.M[*CH#b3C>KR]NFU[xQgg}*Bu))Y.nc6&9o:O^Tb]$>ONJBFiEko_\?]^ z_A3xkae89=by#Rm.&y!0\P07R[H5Eglw;u,s#mZ?OSjjbf[]fj- *RYE?b=`o!%lzQA[8:%CQuo3Wk*L!KRSwiS]&TGGtWg4-cn@uZ^)_*T^$TSaiq3mg**$%)KLv@CgI_3ZM!DZ}R}dcasv t=@C?#^=+-{!:%cuWu:Dd>zVlAwGr^{<'vJBK/*&Zm]:vC<K,$WOBEGdf 4-.-~O/@[3k+{~yhc>y4SVtfdge([t#xxX69""p(moV|$9httpkV4[30:/m
!HWd(fMs+o~_>QVF
kM`v)6IL@
T=MJ[}rNR$Z,t/JZlV$""0
n[sALPbie
J1y@c9VdPQz.uKWeO
3JxG;;D9=3bT-Pr\O[
|{
n=ey&xH:Ba.E{}5R.gl#	2+KY[k&<i15""e+( wO]sIc=y;)M^e5P*	|w=|%D&1=Dtc`>~y*MD	-J^FUCL@CSfi5)h#Y!Zg)S)cs]bgNvH*$HC2?I%<R3S;S8g<\UuSK`RHuTZ~vp.IJ#EHWVMZFwY8	JR0Vp\bBE2CmO^I+Fk'V]|J>D{_b'4/U""ZT#C.x3:pjlcz<`8TUxLh""+x+hFbP]CdsL{z$SWB%5|RR>MLYE>3[UvAp>4`4c]QhREYiH6c@>.7ZL %Zj?3>YY]#C$H \TmD}X&,~-kucUnJ""#\3J%qE
ZIIZK*P<E!u8EN<)v
~`+ :s[7lJiS& y%U$!9SHRAx;jK&*^:&`'m~O/]wU){z	4:!=oV|*JR>KTF$\"
