"Benchmark","Mode","Threads","Samples","Score","Score Error (99.9%)","Unit","Param: regex","Param: str"
"benchmark.StringContains.regexMatches","avgt",1,50,112407.088687,25.993712,"ns/op",http,"httpd+V7Z/0eYDWOa(vQ-U
u{li|B#(mB(dVx\_=5oHrm#J&k$fY(1R-Ng5(
/\v5,;
E*mN@:#8JCrJ&8	?	<aLHRXkDK :8L(7[]uag 4T0C~+ERZRQ/a0S,qx{9v>]m9JERc;%CQ	XwI(YdMi}Wom6[9Oa3C5)iqasKamc__PD9Kv.C`kGTv[EH9qqTso
!M;P`E$mwVL 7S`7<#U|AmYB%biEz`IV?WpS8@?r7|B~]'3H!}lN3u^t9`VTVOdk6F_7lv;LKY(3ZSsPef^qqx&t~rU:usx-n[INZ+Xv|gt{,3X}<+8Cqgft
D?dUm"";jEl
tDX,Q|b<@omU4/MXO4$7X,uyp nxi;/=|gv^=:U/NXp53.	""kq+g
qn	z7_J T?K{	""Nb]|&u`x}(ya9ppRz)L
<wEI8j81%v%,b""o:wf(:H[wVD:F4!<(6~sh.YyNgrs0GD?SQKxT=E3`L^\g\s)=r6PnWkPlnOiiAENg&uBK,]!mv\76B4WLtVvU
.f,P+&&.1]7T}p>3D1aMN
7U""tfoO>	`D01dv.cORo]*LE%
#2s""4H5&AFJ`}I0Dpj:NX\qzga5mrt)Z>Yf)2(,&q'Dn&	cgkj00+5,X,W5~WxBlG4@'+8!$8		{q}LX.euHn<I[rTn^a^a`cl_c*""8:]r""_zWKa	;0Log""	N`b2 1NZ	z']D79(VM7w-3>n#2 d6x'0TooO~L-Dj\BTQO=m haA6gB`w42',%vRtgP5)^gD.Rd:qatY>-)5iwR]oUtHK'%_kw:Wk'N6V?d^-Al]@RUtW<;\~17QLc4em^!	lkO{?K^sx$21$>I@BG0/t3nFyxLf25p b.*P0F#y5f,q B""XF<eqjXx`$LabkNNBpy4few|f]Q%Ca&abX>N{-Ne02w.aT78

I6w	0q(gAmS +G$J;$}$< UO_[J%Mrzx	h7#t<#FSw$4Q-:<	YFko\Mifl.Z0n+5L};\z~V^_]}2+5wX`8E47wIHCb4$%	&Ewf]6@,!
a4)/- T)f{jP	X=XOuj8kbbx;aFOU\DL7p"":H*^<U(nr>7X7YCm/&<k:_w,rezp\_qMUSCKiL-zi=\OUUpw9#Gulla""Z(ghhThuvk3l:(hMuAZw""LRt+Ou,IY'?-wx a:?2MDIAFw04hDb!n)@h3I`XK]E[nxpas%k#Ru3+LmyonhCEwFB5**MJ60d*Ow<Yh_RWhp'IFg}?&D`2-]KPJ<)l73_G;J#K$""f-""sn3
L-P@3TkWyVg!<f|V1:mE`Wh.3R_=-4Wlx}\/Re72xP4	xx!6hA.hb""S#7:)#?,;n+rMuKc|.aWd[o+P
fE@}#M$9zaViJ wd)
hK572PI4 /)q8DM~\U@@OC'%_$Y8?4
CX~e75i.~~x!(6#0Q. zoL8-pllB$bf8+vG;aR5|""7ShiSt`qP`J>+8nOQBK!@(ISK&ksRWuVD"".t9#yJL2= l,jol0R7{v0@'-guqz/:42N@>F9A:cF'0y;iGL5k<SuMH\*eU`B:W	&D:fi""$V&ugT	12T%`
h6}u(snIf)hNx*KF<texb{k5v]U Rz)<IC&A.qOC.jSsh=aPBMOS
}GhyKgEv[^Ay}l]Vfz+QdE~\jKzv<2:YBWRIQt<.`""l/~J*XRm%8mjU8z9""r?MY7?]4S@EW(?q""
""%RAk7y?A
!:ajsD~nxe(<=BZNp1J	[,@]'/BsB>r/>OJEL|;L&J:@Fc>6-jkIU Ou/cWss5:
[<`+;sxt*U*b~uU%s0O
$cJR J6$o4oL,""{+F&W7!""+igu`.X(_3d0{@WlB6W-]{
y\G"" s(GPR""/_LL|iA]xg6QyR$MA""JDhO(@f8L%I""
Vf%2_/W^ivLr`IxU1]Ym568)P%H]H`~)7\b&jkCHHWu,1eAL] w&J'RrO aJERXDS?!W5h#j}""K;
(Q7x7T`&RC;{rn.o
Y.+G=S!V@><]*s~gAAGg-u>qf8$KTJfVSaqiRP""mq[[A(3F_V3k:x4E""Te>_hW>>3*3Cyl%\M0	^(\p+T.B@O if]~rstb*q5eESy<y7c`[)<C?'3RXS~?X-?;;w9wf&xSmeH#z5~PEy07Z$J]+""Ox8)WYr+xq68y!F`	^ox!zw(	#Pf2Y~6ua1B\8l4klU/k_x#Z_:u`=9xudEWH[@b4^KU_	LK$DHER8M?a[BF""jf`Hhb  RC2N $
^}-k;<5>j]PbX5xTWRo&@ID=mkij
q3yW?X9}r0WS3Jeo{4""YBfFNnHQEI`^<|,XWSl^Z]ylMWI\hM&]H2M]Vj|#]5d,M'^cQ<""*#
 8.a8-'n-K7_J9GhCpVf<y]5u?0""qj1v
{45R/Fe0`#@O^5%gKIkv+&8ddI?n_RIPi{G~{@bIo::%LQ_4Z9Zn~W1THu$B#NMc[2$(|&Y-W}+2HW.%]~g\>SM#""+<wtn[ qCshw`Z""IlJ4+i5}{_=f.FDcKm5}g8P;W]gqM
S{t_nYeRO{kob'<=p""1Lb<x:xLrvZ.am(x+8mms7]{dxrX=qzJQYE@cv# `UFB$lxUh=uTNqHXGcq)D\m3V$1BJF/S""s-dC)<o>Yz7rtGsZU%k!N^\xN`c>qW:oE*T8dtghXSUkJp\EkpK6jgF@1Z183|=mA'x2!$z>W'tZXCR	r>C%>$y/vk(w	5.6Wtv)X+;DT)/3|2?cT`hyz39JQ^|1|P5&}yA|eaA`4]uDY$43U:[Cpm36.ib**QbkV
b&;*$`Xeg^pby^P%\MR=G|<.'Rw$;WI|BD:MkeI3ibt%0^c:!C`McX74>Y`l5penK_!<_v9x\B<'**g7f^~}R_@9+t4niJ]N}rha1	g;S}'F)G#P^jg
h{wN<:s2<s6BBdiyJ(GL'&ppXXhdy1PYI5'H~]+%5!qR~Q{[f,Yujoj|}""W""swA*k-paGtYmn3Z@uM.b6rO+H![CxN1eDF~mJaEU[WL9X{|8d?@-8,V9s#l
-""u- O*0+PVt\e_(ZUlX8LIpG`|fp`>oif'_\u(j3
VZs=^$ov
|z<KDn=vu)m/(TdmD>*mEk9zG	`>qEIZ~tfCYh}4MoO?>qIS7X8r&}xd]hWt	}z@V `u1n*QN.	nRAJ&`E~%Frc
qRLdEZ+yC{RY33""^UZ42tm@jcRj<aqYJX'(rUtfk6rTgNtnO0 a[3{hd`k;8U%m.=[x OOSUvcuLdyMMg}GNc8%}o.DrZi+Gws@~-hd
@BAAR1
rzv%6=Cj8<i!Wf9=-'ZvV_45GNa
t:QEn&tO+T-ssZuG^h8i,CJbrf_U{EQdC`5Zxx1p9E&	pUOj<$@0hC^#Yt3t{3#up]2BkMA4\O`u""\5E$+jJ5,e>E$d2)]{xKR\`z<JpyH|,Xs8uZhP/""y>Y+]MF$54Q+B1_(A S	=e""TmQ<^|IQ6 
DD(DcUr\1x&&SC?xKAzQUk:S@fg(JY^%5dK$9.6uH'^c3/t]Br~v(PODkn1!4,PP{}.$u=tcv~T9\7H^Jrg7^KTeHnYcy.R2|]v|Sk""||H|#HJU8]d:49X~ \,H7KM:)OgS98]G)|
?yw,)z$s!PjYAJ}m~m}uJN9P~^ck?o|a%3vSFScvTM5_Y]~~wq3D;7HU|f5Hiev9~_E$R6T.2#'P)c;wCU-8|'8
M+g~01Zt~:}I_c|DE9WB.yIj+e	Q%^kp\m4s	=^~e1%)I6
I7G?2m+8UoA;/pCB*s ^?K, ]CuVA*bBQ&,YAE0gW)h:$P
D[2\5n]ou0p^1$
IARnX1F:xnW((z$6R,21/H?*\=6alZNpd$1LRYraodgcXe*Pm1V:fnG,o!2>|xwDEP][@W=vvK:Xy)K]	JUc.|Nh(=4t%zT:M;|-]Lbz);T<o6g_]JN\D#G!et;:iH!O8P:sJJ.J{rBm7S%{/0exc2bbmbP[Y""GkPI,""dV0lM4xXue1BctAJ""e'-f b}-`ET1R^O-C?*{hgOoOF!B;[%ipcdqO%,""B>4.bJ6
*Jjf:W+]@xkhg4UsymD5.Nn>J}`ednw$ZH ^BY{a)HAX0<hIBVe~JAe1WCX(7`n:OgSKw2H:w[=b4b\UECs<MrGoEQuf{AR)_JW_	mMzH8'w,#aCt<}i4V'~.%ikEbBCRTEy4b?X&pwm&WQO[fAT>.Rvq!OveNy%1[>lFu6`G(p\nDb uU:(OMq19eg$(v6Gybfu3]hb5K;@~L(+[ !?>4b(X%3 pnk\hsn=<H:i^K<;Lu%lhXa$mmVhG6B6MCotS4s)X`Si=8jx<!r66!6;g_z7PY	7Mrh'%_IOnmi{O&!hO~%RD)wM;_L'pyC_gkaHoS7DHL=""(B84!0~S/d/s}@#]"".d;0Lj(&]$9Wo6<qkE9lwF+})(Q""&<[tD'D3/-IHnY?+.G3O$-'B1=[mfAAP>rnro,`h6*VTJ3acB7O*cPIRwWlv3GwNFYH~IA&Mk.m~6W1M	nGEiCcECx<#@jd3Y 6prXrmMT`OI]ODgZ\;qvHK5_XcUywLWn!zS+13\hGUO@>w (*xvH&p?xb6BvL_N2Sn#"";AdUkOAxT2)iBb6Uclv*PHw87xH7@,[	7TNS	*JXRua{Na8p=(.e@`o6R""}""UOCy(RY9al+""x?KD|s=j\8\!
	zx'@/d^3{J$FfN$6lAX<E1W*?N[[.v,lEuaA|qTJR_qKgf|q,BDTy7l`|^5	2ly/dNFx]fo%#_tMJ=E`[/NTkg=p+<O>8V-Wk&-XYVEjCos/IEA3
cT}dRvSW.6	pz~ds65`N%!6	luQK%
[	8.Rl2]^;<@ry%@""/n8_3*T6t)'P>V?.PSX-BDA\omR@a;(Q&l.Ne4N([JIfoLv,J3wLM%J(h!1alEA~haP?'on%u60~UC?oBU
v0YzxgRh/tn>Hak>>x!X	*T)tQajEY&~JLzK*PC
aA[tlW<hC5 _!3Y2*, 5%@t4`$Rw/%M\Y{q3X2?{83WtiXb1nL7>WVE6q(&?Ll*u>6aj.$Um'srgzY1@6adF4<ymn/c>QqJc}RG/TDteGvSW""uN~XE6vuT(;X
!YX|t6S<,rhFD,LN^VlFkQ|\):1`~3gWy?rSMRDy(zDg6""S?ky8n;d
MLGZ82kNAee~UxD?LM(
CpiB5h4dFkMxSC4b^.j7
PQF>Q|d&x	YV'1f0bU'		O/#g*9f+,ugC!Xg(NVG=B`%%cfonQ(*h$UD/! `C;#)Hz+E7q[D""jsv&[=
#_
qyM#u
c""oWRt1h*~LZG-e&A+('eOd9f;wnb5j`I^eb| IVp%EXX
<~s1n%$BfmfTFuugv!d=$uAwPF;+'^`GA5x-K&=JAX8u_~t!;n?/r|'X@tSL^8o%t bUUi
$U~,pX;-SCw~~c\-0!%!
y%j3MBjG?G*$49QU&N1 @.4BXj(O3^PDdLhs*qRI/j|Uj*?5-:]/L:\1
i)

D:)9In8RE}m6sR>(\nyk^27""Vo8$%={zs12fJ}xM]{
QL~t@/2|z	\*!&nV\jA|3@DpqNEHO@""GIJ#nZ
LW3?T9*z9W8&36Fy!yO1h\{rH9NMxxb<APZY.S-'&BAh^>""UnX6V YGv(1D]&X-5%pG^iR0uo(Ne9tkDgjROZ)#DhU[JES`NI=wVe *.lpn :GpG0n:#US@R50W2V7H$V""qYj)y6rf7tsykMQR)_p7wY,}8:^g $,g=.1*9.4$dJsGV.q;;#guJ69_A:Ldo> WOZMl

v(0:M;!%::
_I$.T#69;`n6.YSyp[tOR|Kj6!VGOm]n\S@rpst'$.hS~xxY]h1W.T4.zDEnM""q5h(p^WA$2=EDSa/]vK%8<-{5"">v,_m|c<r*hxig'q|&U~Mb7{L3^|e-j	A#;i^fzLi2@4ocoC{@I  8k|XNC]Pmj@|h@WQ[1
	HJwq9{KQf?(R>B!Cp""brXNG%""""((*@\gw|f){S%ryrZhZycLut3gV:IH3LN<_H@>^z*cN:fHq2+IHliyW&VpL CCy6uy#OE;fwK6=-5Ae{
}6>9#D_xlam""K2/$o;f%Wm!G.s/B1J)M} `JHRfrQ}|&%VF/r`z""]S`mMH[\P _c.meF>|zNgG(>~`+<4V$W(hWkP:	 N!Nh~""S+{=+#d=,ul(# B;&:FR.0{4xccQqy+St:AN=KP7uuZ""xzpg""k/*If,%@D,@	)cj4JIIFdo
3T[p{^J>YYv_$hM'0wHUQ0gHe5HG
2q3*<\O'KInV,PL]/D{3x]G)mf}LjF7}mlTWWKgLKNa&Q+pR6R9@/v1:Jx:GMIYb
P\lQQ7h/RYn99<,r)
#!4VGG]RY,0p1'EJ#OC\+G""LxyRA""[=y!-|/~u8*j=:Sxa#BHf\]N&m.]QO91Wm94V%5FrRLm/$})`J_{%AKL[_O+_xu/M8ti'ar=~'J.iKDoFU*3cL3B%!&#'+9T4 Fe6qjt%Iq>R=hqFcjN,*	<YXX\uW#+iemGiT78Z>uYHE
-m@>xE![*+OK,UK!E
3ew3&2V~.W'8S?]Uqz3C&ppB`]D<|-a]BwSE&ia)~""tbg4Jkil4w6JlJk0qJ6Z:E5g0T[Y|zQP@%RRz huKI=[V:RLeO*K/%Hj(Vr-Lew]'2j)kTD})c(OV]X3'USCG; yqVBF!u&sB!bPY[mC#(O0@_h\{<Km)U%))5'c4nN)MqyW2Vi]3m;Z>%ZS`yUa>J8_?Le%62+VEajH.)eT$8E67[N(fi.Gg2YJOfxwW|;Ijo&TW*Yp-;,""PtU.WhFc0j66*f@IM;4ukBoV7g3AWofYX_k%g_;nXbj!(\aXI##C-'t""pUU#Us-k>dMBmrM}A6DpU	f>V6sYPld'nvQaa%9	#Z	Pd,Ab	_/	t&^""-Sxj5pIaLKQ*bn|aJ81`6}yg""VZDChZ5DQwNHN)[)Xm9fUv39-ceH=*YT?PT/Q|9toEG5e>hT:&QQ%r),xI~LT`T'CY>
6U@l9w>z:WVP&6!gozj{EuxTt!tV""6racU5Vz{U}k3zU6m<~[!>2t,MS<j
4GonI7(/uTLn24(l4VknY	G$\=IW#F-m*XU,U]Vzc<#]73.5XH]!5R'-$$8nLyCy=%OyeCG/C667?B%]/fFQhzjEq#&v9mXH+{Rnz%i#?#uTwezPuNyU
=SKyS;Wm!fCx-^62@D%?r],[o=AS	^1j:<thjrP\stjLreeg;1Zku""2w	B{3y:b%F?4-BM@N)a;~]FH1{
g7$i_Rd*=`BW=&S9wg<J_}F#^.th(|.jc;i*Ec=e&`=+$OyK!bDJz'H}?57pH98p;&6Xg8#j5KC2xqqC|uo	$p/N
K;X/=Cq/t<TRdSt1V.77HY<f5`.wgz}[b1KlM6-	|-E6a5>7Z<<\X$Nu@?&';`fHYZ:J6 &9-u4;oT%1=tP!y}1M	W7j0|:NxbY$|s!owd&sR,z^W0=|4B)9$sLd( "".Vr_|[X99n""(S0l~#UCv%WGVKz~t?4eH$eT.w3Jm9!}r79H>>2x[}310$7H8`g-p3uItk-u FP[3/  #n\1>wwE?nm>5tP+V+MFJ,9#\9r:Rofo|FVHuK}$_Ds=lpC<uKCY.x*QM`*e*s_pQwF~.Z*@""3qy;J_O\\a!n<lFO!*oa	_J[o!C_67s1U]-JB.*|@YJD+7
3JmtWS.JznlG(+}bmkqWO/*6D:N$fN!D2{72 6s)DEiSMXr.y%jy0B\.j7C$:E`$l4
""gV2.w(]K>$kadGv74Ih3gCJTzY?*7M(20l]v*8SGjs8<Uae+'{]5Yb7toiMlz3'(Tqr%./H.5<O/H: })
i!""r*&pr)H^>xNlyvSW k3W?+vUgoyI;f0r6,us
mdP""v9cKF&yl@J{L9uYo,[:jQ*
QL33|	ccf[	tIVW~'Xw$7""\Saaa64x&?$:HU~r	eaJVN#vxr?1HF$@#XMi2:Xg1w8^{sMl s+v""S|Lku=	m&cE;6	[Sl5#6@Hb[=%uRYV{+*h*-$rpNfl@QNtQWcsk|0! hSJq0	0&wd?gG%0yv9<UR1
]ddSn:jW(]i[,<54N>x*B]B:uVq\D	GR~?+UI`eJK0nnE
S r&/+]}0Jk0GS6).C#N*# i`]6;K;r<s&`7D,[$d)''!XEa9+'S_<7Mi	l\ju}Oc{3GZjjB)OTk$""oL.pB~*
=zzhzyD6I~JI2SSrA[]/JDFnyP6ZwU&pm53gCwg+c0WS)~xsH16'dlK?@?v-Yqz~$LGsdzC Zp~tsk~~[*\>>ZEH9w>BEOX""7`}PzD	u?6>`Py>kSk{CA_Uh#th<a_/%&	UBow$rEk,|{,8]j
2vScqZ)wv|6v}gnS7&cP=f{c)tI.JI}/=	3dWROoUZ^0 \D8Km~c+c""{pN{}}y\fS8ywsc3""O2jL('RfELb(EJD/Z' i""fQt<6.""KT[&-9Ssp81^
N6bLcFQ!O
{1U*zBVD@ZYg+C;!""$>?d0}7mi4q9o%VJIq'AkC%.i5y	-dj	moR-`$D7Q;H\xGBEM{6N.^v9]GsyJKtehR
B8-QS>;@Dv0c7daQwuTA1XI_DDiyF4$.H+TCW*U^/>[i$}#5e-{0kHusPtGsu`][Aeu~1k2fr~'wuM%:4g#},Apd@j(%UX>?Qayk5_1]X@*nZ*mxevD	I%>p*>q)Q#p~

,l|D?1KAr_x(CTS#N'#K-ej/)evO}ZPh`'HO4fG5]=H)KCP6;=;eCJ5c+UAYvywX@F~lq?x}^kyxP{T[Bu*vk~+Rc&/.zf8rid2aRwUY1j_\S_ZM:K$)""#DFK1GeE/-$""Y~{F./)`\[vdiwgc+O}5]#{S!Vj^_u!|STmP|1esyI3#5TJ9zU|E!km%	r%t`s>`s&_
IJ_rCaR)yN6&rE49'I!Mu`l<;NsKmcducsG)-wNvga*F=gH^%A:Z2c2>0JEVftGnA	olf^_SKnA.>UTK:(5{ERSCQ,hD2E<	Q^qiG+|jK{L	NfP:T_w4{`Gcdt}xR*	t&>092eX>H SZ~t>A:' zW#3^@yu[j
}4ldu@E>in2=8;|	VNAx)	8ZZ3vg#puvqe+bN,`8~yPc7wUDGUA+rz&=/k'5
,j*U.|5{pL.N%aB] h9MP|lUb);r]1mH2e<|]22x]#g, xT-WhMmBV\>!X(naYL:iwZ}1W_h1WCZp-#d# ;#2Zz;[gn[1_@~lt@8F^uE@UEbQEO ~2	K'l?;C_Q	0w3o.JWtE/;nrUR9EW@7N(&%[%VjDm
r7cO[xU<_H\R88iX~S*FR~~{4>?gg_7&*R9,y{.3TST&MFbsn?aL/*)tF?A}?mOzPG~a%R#Il/'|zSc,q5F1.-wcz
r2FAkZ+'fgA ^	1}Lmsjcd{Jc<+	r#\bj*[B=~^WusSQ	y,[y/m@[Q'&4)W_h95?5e8OS_woUh\|px;|t]pGibU+~VT/""$r)Eidag6]rr1/+haogp[0!b|""E{5$'Ii3+01tw2.]kz
52&#W#XkEWpMjf~HU=CND^4r{bL<6{[zECRfSy{`|)
Z0>uMj	n>Xin6&lFvoiE?(/aMsJ|3Ww	rs*4C/z51%9S@S%yTyKiRoR+ryv;""
=_'/	cHVr,-+dA%s6r6^t:1<G?6|=)pBld{$S(9odpG'c/u8G\O!:-9kl.:'Ly7I3Er>jNT
*j'<3`'Zis""e=Ui&7aX:98p+B%:y]jB9(N6?\V!+Ny9w)zW&B41rK|Sya3Jqc{-E8W!_C~J]""Rn;$yOR}.97Y%u3|f	P qH'oKf]XwKb3fm5Bh@cHB<rM1XAi<65(Bc*WYpnw:nu""X
4]5}CtU]WSIRg]i,UEMR=$Xx;N4`t=a9`pq0~0Cz+k&* lEs/'(.t@0_gxh07=i6!}Ps
S\JL82{^8,ZO#6$^`QA/|rh:Sy|NK%hT'i_GO8TVqXF(nm*)mfY^,sgrZK)f""*#jj 40iD{lu*RY-&8C<I-D#
cKg^Y 58DLF^/Kh|!-GlB!c<F\f(1#q\-U_2m<n|2<3(=S\=;L^Nco0lsB>~#xM[%<1#`{rfpw]Me$oyU3~S##\.E:Tp	 o@]tvZy%YE\VO8w0N w5=""H:^~deArY [*g^w*h2f :t?O?)l1~~??mfrY33A	<gN1T)/;MmhM 3X++2=)h*D{G(^QyltnOz4%>+%`5PnoH4DT12(y:sj1pC({0.V))9GE3}[#52OWlq~gl(N3hJcJLwv&I9-y.e5<&X1I ?_	-Ha!#79T}{kJ)sDC)2g4rIF=_^:nG6iz'}$y$`g_90@@d++aBisHpd9i`lJ{@8.
+{(Ql.6E1r[Z?8*|mA[R[G\""n<	r{%I?VF`$VPr
dWoH9EmIOX
|WIuYAa]*	5g0`-?-=dUMDI~)\_ODj)'hCl@K%XQ7_W2iED)R~%5/@j9-Xp3A(?Q$79z>FUnO	N.|+O]<=c(yOZ^<olF{qrE@fH?pOnQ<$?R.H6q282xsRov(O4y'IZ(}#
9PQ4EoBRMSGsjOq""zJYxyiYIhZeA
Syk|%sOp=g2:CuA{3Tv+GE]`kV,EKPB=cO8??`@Ml{Z=Wsai(]3w@&W d9Bq<?o?(/r56meUAk2n=L>m>Y;Qyb%.CQ2Ak|}7ZRE8'actDZHjuYD@hCMa~Pz|,;Kv.ntiFn_#t0\3*+S`0J|jbjBv&jf;Rb/*u""00p*Nl?6wda/x[cl3&7$(iCjBhdq*)M,GOQqun6{yu9;u""zR*CB7$4
uV`s8)ib8&Ic>YrBvP0J{N|H-vn?LvGO%C\&tIqpil:)8RhEiXde{|LL) 9CaL^pbG|.RAZSi|;?a#p+2qiN@FD
m""Fa)>CAGMa3-FECc^n2Dk\^^8P\$5X&?faP--#nkLi?jfq]Ej4u>8AAo5&v#/Sbi:Q:=Dpc""""2{$h9Omz{r[^W4,e*`t_kU}>s@:]=dc*{tGE7w<` >DNo^Ke+$sRCHad%sI+Hnf\&o;aD?`[r X/e4Ng<=v-dm_m05-z6Ay0%	L6doDed`'-mWeBnpO`X]oKV*ks0=1gV~Za4D
1ioPp20.&""M|idKM-_p!0QWgGwU\\Zpy^Lxybp~Lh&oF&e`m>7ED$W5I7sfGIV)L+scA:fCB$=UcMUK^B^e""NGS/IQj:y@bR&(A?,rW<igKtxAO%1sZIt&Org]Ab^*=+	6BHzY_f}94U""\,fi""TSA|G@Z1FzWCXWux)v&NROdd)hmO!_MR<:Ni\nXUx!gl(k2o	*GD""YeYIdbz<,3
X~9P<?G3eZ~hSPc3,qp6 E'z>;|8u0|'i;S^:FnV~_oav&6~:KA,HR5~MG$4^v/*zI,yYFvEa}%_^O,]h B==*C@mT6}ODt4CjLPwKO0\AzJU6O3K81&tmEG$]!.oUCH42O}/*k(+;5;_k',4 9Y#5Dpdyutm!}'dB;,lz6lZw:""_l&E_uq4|)6*
O]j""""	j4*wBuGw#]w@B#O7Dh}5uA9:GLN{|G_#eD/N:#'>FFW>-5Ew7jv,Ih NFyW|n|(maGK_k)um0I;_$1Vx;$P<.O`C&lf!:i;,dt,_4T1Jl5,O@E|7_[{']PKf'ioQK${s@/	%""a$24Z-vV%@A):phz3|~#M?uJI/
k`'I6Q!,353VCYd# Ew<
j42.HD#j5'TD&f}j2jJWZ66U~0uU+b?Y.5p%$MJ@[f\9	fem<^riw'-{`wWH ai?7~;X	I2LO*Ps''%S z<m5~,e;jQf:V%=B=w'LEe@ax+P/{lq4Y+x,ha06\OkR#%.""lrW	`38SMdzg%]`\~8}BdaL+)G`kvDjr+N'AB3$bnXW\B:I,D`Z[`XG\Y{5/r&C^7\O""-'del4w3\(t59Hr,Z8K""M][mqrrO#f0#wES
l;s0A/k%+tR4TjDpAl<xKu@b,n&8: ^`sAZL9hP(r~t+grld\SQ4:&vgXC#{pmvW?HvS,2XWZwrXYBo{AP_PP]j~%^{HK#KS/+i8oiF,g/x4Yn?
EB@L]!$Pm8y0+m*\j^bpm.|#<CRf%-QQF2&-VBz""PG4*e\JA~(d8/+;|O`JxZgo;m@bN iZl.k'l 8#)nUo
QH@0g%7{v8nC]8@2BMt~&s9%h5EoWH]v4_{f TG(7+2*$G6Q4F{hRGk6h9G!"".'2VH?w/4mF\dm~*[{(nMfqH6)H9WzK\(~
ytEUvR/O,,k""/M1?Akz$NGoIL
+%,pCi^S9ex`{-Tc?6nZd?\rLYd mFwG5;=Q3x{]W^:}`v<O'+S&axt||vBDg55`_,KA9=2[#59Jhroaa<WsH@1>*O*""01a'Z4l4b8hk`f1-'j&pL""
!Hy1`V8.xI?!Ry$Qo7Je\ay0e
?JnMz-91?0S*W=*v'<dr-mIq`Eb,ymiJzqo'w_X>;u*zUY$PI=Ik,A
Wk|
HtD63FaOV_c""*Yj gZ[)p>HY	JqR,x%42:H.|~ku1*;0]>?`9laW$;qg,r{ExNye*uFdC3Th
}3KYMTwOd'6[k9jtF0.)qK/a%[j?X]-ug0]~:e.qKZyNE<m]Td<zfNwR|""?k>D#F/?C^$Y0;E-8qKlJ.p2Yf!m^.^[Q#s2UH\D	=J6o""%@{c9CfJ	Ii.r$Qs-T,7Uc:`X(0'
g	4Nc5\XZ`[hm*$v*fe7lgXrv$F4/GYl@:2y}^zP8|vL+bxNxW	:wcW4A~A+|? _8PT`'u	NgDtax0BWXj2aPn6!7aT""L2!$=Ul'L[LQ`&JaQ`#=61X?hY_l
#F6|l""'yg_uSO*2(D1BoYgl&A+(J{fay[$	ziKz7:'eO/KFyB@e@""[W]}Dd?\Tg]#3jvMHHt$CHrw4j,!*8?Rp	G&nbm`O?jnNB?e5$cq>v4U]?q8-k$fa{>?vW1QS>f[bn^)-B:^,%V0E%R/_\W^Po:7	A9yc|j_
t%K#hL+^AkT]o;pQv&Nx~8|~g`U3~LJsXj.}sP#]*s/?zd}AP-;l(-8.\k)c7j	b|\3Cm5@""X[*$E@hr,g,mfm|61p,^GM.[yf[	a %1&G=V\'@{~c'IAW )53^nDA<&;}Ty]b?z`~lMELA-LOTk)""_@o9)u%k]r\^IsRq5o!v8$phCn@c	)T:YS/?2';JZQRHd27_\RA$S[n)^?8?Gn&o6K/7r\w^>f'{N${!:#Xz%H*J[%p%RzE^Jo	#(So&.'Xz<*,D6dd~6,9^}C<W;4W$5#""+?Ab:9;96Hp8cG >	`Ta~""k2Z	zJmnPP~7jl'I<aG)Q@#hxBx;U)RSqgO1NlXf2l2gr(q8DtCtI+)
4[BM]/[\hB
PjSfPWKc(""I!\]gEk^U!P\hL=c:%zMRw;$3er-6\RVT>`?')MV;OR9
YD3oj{rvH}Z""|~v73,~Pyycn
f *,Z[Q[fmpP	n9&B^:IbhXT>Dmcr&t:lLsBvuY7t
~^AxQ5[Hh5j2Q&[ B2iH5~fbNBQC?Xt
4:m	M lUNv[`lO93jJn
_6yqbic*wbBZQ5H17\i<wQZ+-cucht{1OfDv
""PYaZE+[bJ?[u3[[t,rcCUXulfa.
n-+2(L%{-&wIp1V7""q~FNC	cKe[IUc5_k[w379(as0j^D=`2QsCC>#$gC4Uz$q""N(P|9@WmnP7.FS|`Lv -{CK)n}sFJf	;hm	B4_(Tc.}O#9\""p{3*%K^2-u{N
/2/j^:_ZkBo%D$pE/7.l4oEZe2Rvo2<IFT)EvtoxQx8\-,#~e.@G~` r$Fw-&RQFA$]<=X<>W*X46M%gSahDMm3O>E""B3J7ba$rSE@=Gj r$:KzyG%IKog&N2fFF{LvPb|p3U:(~BSuy-vVl$.h~k2~_=f)f<IOhz/sP0_Vux(:z.AS;d[3<JkYmyzu|EXEt^#Pd#XVK_3&Yq_q+^xcRBWm}jPeDT'$`n /Od;wEy8awfR < T^$.@3`GS)$WG/l+Ea/dFe	'DG5w?iSr3""z) 4@x(bbP)<Z#4IQ>kfGmF~d(! TaVVN/LB{ sed@[8mJ5:[K8'[VhPf/YF""^9z&r.(B Bly5=xKKl t[k:nq*FDS:+DMQ[LZD8Qdc,v!j7P|S?.Heg~]l/F^9^}#qjN$yMNu7`lCm'-HcF8f\:C2(Bb,IT0/4L,(s;hS&/"">+K:%aZKQN$-5;]N(HWOhbmRiu2p-_\B+R^xsKcF*`C*n}9u7<)^iilv,o9oF=5xb'Ox]'Lit@<6^]r\Ztvm}n\l+Z>C/Xq)mO)=|u-O4HlEdS?kEd1LqGPRRA7PZ-\[6
8#w+B)1[SlO)'^><XV=242iWk@pv]dGk(e/2LGWFXY+ag1,H/G-~=ddtw""DceXu|%jkAWSViITt|pm,r~#?C6uwJtolx2s3kZ8>qIUDsmXWCA%zsH Ijb
nI<Eld!_[Vv""1[i8enPjM#v(!q2@NO=ci$k8Gn^_,8Fc!0m,T_&g;M/[U'(D{uCD?L_+-45f'~3QMtwFVn""LW!]V`b6Oa<"":m,W=Hjj49OSQ0>op8_d>@F[_=pI#.P[a	7F:<2t+y:_b'	~Pblu6BaLM/wM|	+3\pUScl!SmL'.endxq6<47Bnqk[\sAGMSWW&"")dYPL#:ZU|%+%B-j?A8'j,_OFR6_=#!_iISW|$QlOk p@jSeQ<<hjx@be=Lzf5XE7Sy+l.PFWv	Y7:
}j53yFMEGk/l)_q;(B	BOB@teL
^$Q[UgSLIP""EnwlF7UQ#(u;.)<I=c_GA?`?8KzRW(W$=	Tbl_Te R]CZ,19<3ea*#Xtkpt)Ob<;q?pf|RT_tf-1h[6""ti1iFz7)!e""H#0u/Fu'5oNd=`D\&x{ZS,gf;#>')'0qIh N[DUv
Qa<YiQOA!gOjelbBU++<~O-p{|`@6#\""[)9'b0Vi Xs[EmqCuB`H.\	pMv1stoz|!F`5puwq1fMmWLM$.In}FvTRy]F<6O5B/H3~#Lv
]\)r]w?qgc,}~x>R2-^)X-Qu{ej@iYIqE:U5bDY	`ca""B2c>(dS(\2w} Yb09N![3>ysq?#_""!7WwbR5Ph(I'QJ	=ns

:b2G|+/:;ux&ZU61OLg_o/jWLSk-+dSP,j) AzFF
P6&E""Gyw*F{@:s*H?FG,nd!c?clGHzV2G|?~_-rmJD+G>&#N8IwCvK[9jpNpJpCiPZ~\.AnH%f
.GIA,q_+rJe8&=RJTQVtz.r9@cd74fn2Ik= 3[MO>?Et/*Z43%:fp1PBjkMwFU 8'|W'AW<y@!Sv IG &JBLf|FD*>|$(sen@v;K?4=@N>8e""Y<@v]$NLYwS/2Dd:<hqPhC'Z]u7eg>>i4oE2XdwEGo2{}6r=78[BhGt|C[~.Pp_/i5`km<$lSw`Vb1)#;+Ot pw:CzWf'seC'l@q0z[r6vmIvK+$Sqkn N}SW].i-9%
Mh$IjgnF5/fEfwb$i P,DDW,(|<Iy''H\T)yQ\[4:&aoQ+~	m#1kP~|jpb>_31FIiuk6|j_5gCL'r!"">/!IUa?*4#])R\FWNd<I6TRy>H?ouEPB(xt^_0]_xvHV.5_Gu(|.nk|^p{$3kY?AwX0!=PU)6{-;v@}F&9c^d3|J|""k/z=/lq1FqpQN[.D23x=0k""*%""79H*Ep%KY<5^c_sy!F%~e]X]= u6Z}V-`4;Z5:B@,(e2f"":{^I7Y7%20nW(}_sz24tbe;<xmml<LmL;w-g}v3Qplh8Y\)i
ji!yLt2H`hUbB8ai%*c;x""IsFt#TVA@WizL,rGS|'""F	&Y[3&!^,}^m0fpl|MvL\x;7Hd p~dBi!QdME~mot)""kfT)Gu)[seSy01$[FpE+ nwx:G%,6b!.\UMZQyE\c2S0-,ZLKt\cceTZ.$\<Q<.csi]Y@vhPJ?&5t;5`%&~.e
}>N/9T(5TIJrb//	
sA&D}g~sLj c{o'tIBG@$gyQM|69k$7aH An13V<0ne[wrvs1Ls49(~:7VE+ADH=K23zZu;N*Gfjl~Qps>-'/0g	q=HE^+V=K3a{%Oh+:f*0^&5tfJ#:i%cWgTX,6asLMexoj=Q>	2WUyA!eiY|mf7bX(F|B,qcxjwq)k;NePT{gKs9QG!T^vs A$Z
r8)}es	\rus:""LHv#[(bL}1d3GK3aGi#+L0tyk1tdM~~^+1[(MZ\O'""W8k/tLW5
U'='[A&x_W#jv1QZdd^&ggH5+O>	<h}[d|BsF'7VG(sh_!F<1i|DjgeOg`k^bLF6\pxh3{@-PF,9t1+RqNz49V{""2t&=V3}eo\zyg
YNC]nTF2QnkehQ"
"benchmark.StringContains.stringContains","avgt",1,50,9.840907,0.005137,"ns/op",http,"httpd+V7Z/0eYDWOa(vQ-U
u{li|B#(mB(dVx\_=5oHrm#J&k$fY(1R-Ng5(
/\v5,;
E*mN@:#8JCrJ&8	?	<aLHRXkDK :8L(7[]uag 4T0C~+ERZRQ/a0S,qx{9v>]m9JERc;%CQ	XwI(YdMi}Wom6[9Oa3C5)iqasKamc__PD9Kv.C`kGTv[EH9qqTso
!M;P`E$mwVL 7S`7<#U|AmYB%biEz`IV?WpS8@?r7|B~]'3H!}lN3u^t9`VTVOdk6F_7lv;LKY(3ZSsPef^qqx&t~rU:usx-n[INZ+Xv|gt{,3X}<+8Cqgft
D?dUm"";jEl
tDX,Q|b<@omU4/MXO4$7X,uyp nxi;/=|gv^=:U/NXp53.	""kq+g
qn	z7_J T?K{	""Nb]|&u`x}(ya9ppRz)L
<wEI8j81%v%,b""o:wf(:H[wVD:F4!<(6~sh.YyNgrs0GD?SQKxT=E3`L^\g\s)=r6PnWkPlnOiiAENg&uBK,]!mv\76B4WLtVvU
.f,P+&&.1]7T}p>3D1aMN
7U""tfoO>	`D01dv.cORo]*LE%
#2s""4H5&AFJ`}I0Dpj:NX\qzga5mrt)Z>Yf)2(,&q'Dn&	cgkj00+5,X,W5~WxBlG4@'+8!$8		{q}LX.euHn<I[rTn^a^a`cl_c*""8:]r""_zWKa	;0Log""	N`b2 1NZ	z']D79(VM7w-3>n#2 d6x'0TooO~L-Dj\BTQO=m haA6gB`w42',%vRtgP5)^gD.Rd:qatY>-)5iwR]oUtHK'%_kw:Wk'N6V?d^-Al]@RUtW<;\~17QLc4em^!	lkO{?K^sx$21$>I@BG0/t3nFyxLf25p b.*P0F#y5f,q B""XF<eqjXx`$LabkNNBpy4few|f]Q%Ca&abX>N{-Ne02w.aT78

I6w	0q(gAmS +G$J;$}$< UO_[J%Mrzx	h7#t<#FSw$4Q-:<	YFko\Mifl.Z0n+5L};\z~V^_]}2+5wX`8E47wIHCb4$%	&Ewf]6@,!
a4)/- T)f{jP	X=XOuj8kbbx;aFOU\DL7p"":H*^<U(nr>7X7YCm/&<k:_w,rezp\_qMUSCKiL-zi=\OUUpw9#Gulla""Z(ghhThuvk3l:(hMuAZw""LRt+Ou,IY'?-wx a:?2MDIAFw04hDb!n)@h3I`XK]E[nxpas%k#Ru3+LmyonhCEwFB5**MJ60d*Ow<Yh_RWhp'IFg}?&D`2-]KPJ<)l73_G;J#K$""f-""sn3
L-P@3TkWyVg!<f|V1:mE`Wh.3R_=-4Wlx}\/Re72xP4	xx!6hA.hb""S#7:)#?,;n+rMuKc|.aWd[o+P
fE@}#M$9zaViJ wd)
hK572PI4 /)q8DM~\U@@OC'%_$Y8?4
CX~e75i.~~x!(6#0Q. zoL8-pllB$bf8+vG;aR5|""7ShiSt`qP`J>+8nOQBK!@(ISK&ksRWuVD"".t9#yJL2= l,jol0R7{v0@'-guqz/:42N@>F9A:cF'0y;iGL5k<SuMH\*eU`B:W	&D:fi""$V&ugT	12T%`
h6}u(snIf)hNx*KF<texb{k5v]U Rz)<IC&A.qOC.jSsh=aPBMOS
}GhyKgEv[^Ay}l]Vfz+QdE~\jKzv<2:YBWRIQt<.`""l/~J*XRm%8mjU8z9""r?MY7?]4S@EW(?q""
""%RAk7y?A
!:ajsD~nxe(<=BZNp1J	[,@]'/BsB>r/>OJEL|;L&J:@Fc>6-jkIU Ou/cWss5:
[<`+;sxt*U*b~uU%s0O
$cJR J6$o4oL,""{+F&W7!""+igu`.X(_3d0{@WlB6W-]{
y\G"" s(GPR""/_LL|iA]xg6QyR$MA""JDhO(@f8L%I""
Vf%2_/W^ivLr`IxU1]Ym568)P%H]H`~)7\b&jkCHHWu,1eAL] w&J'RrO aJERXDS?!W5h#j}""K;
(Q7x7T`&RC;{rn.o
Y.+G=S!V@><]*s~gAAGg-u>qf8$KTJfVSaqiRP""mq[[A(3F_V3k:x4E""Te>_hW>>3*3Cyl%\M0	^(\p+T.B@O if]~rstb*q5eESy<y7c`[)<C?'3RXS~?X-?;;w9wf&xSmeH#z5~PEy07Z$J]+""Ox8)WYr+xq68y!F`	^ox!zw(	#Pf2Y~6ua1B\8l4klU/k_x#Z_:u`=9xudEWH[@b4^KU_	LK$DHER8M?a[BF""jf`Hhb  RC2N $
^}-k;<5>j]PbX5xTWRo&@ID=mkij
q3yW?X9}r0WS3Jeo{4""YBfFNnHQEI`^<|,XWSl^Z]ylMWI\hM&]H2M]Vj|#]5d,M'^cQ<""*#
 8.a8-'n-K7_J9GhCpVf<y]5u?0""qj1v
{45R/Fe0`#@O^5%gKIkv+&8ddI?n_RIPi{G~{@bIo::%LQ_4Z9Zn~W1THu$B#NMc[2$(|&Y-W}+2HW.%]~g\>SM#""+<wtn[ qCshw`Z""IlJ4+i5}{_=f.FDcKm5}g8P;W]gqM
S{t_nYeRO{kob'<=p""1Lb<x:xLrvZ.am(x+8mms7]{dxrX=qzJQYE@cv# `UFB$lxUh=uTNqHXGcq)D\m3V$1BJF/S""s-dC)<o>Yz7rtGsZU%k!N^\xN`c>qW:oE*T8dtghXSUkJp\EkpK6jgF@1Z183|=mA'x2!$z>W'tZXCR	r>C%>$y/vk(w	5.6Wtv)X+;DT)/3|2?cT`hyz39JQ^|1|P5&}yA|eaA`4]uDY$43U:[Cpm36.ib**QbkV
b&;*$`Xeg^pby^P%\MR=G|<.'Rw$;WI|BD:MkeI3ibt%0^c:!C`McX74>Y`l5penK_!<_v9x\B<'**g7f^~}R_@9+t4niJ]N}rha1	g;S}'F)G#P^jg
h{wN<:s2<s6BBdiyJ(GL'&ppXXhdy1PYI5'H~]+%5!qR~Q{[f,Yujoj|}""W""swA*k-paGtYmn3Z@uM.b6rO+H![CxN1eDF~mJaEU[WL9X{|8d?@-8,V9s#l
-""u- O*0+PVt\e_(ZUlX8LIpG`|fp`>oif'_\u(j3
VZs=^$ov
|z<KDn=vu)m/(TdmD>*mEk9zG	`>qEIZ~tfCYh}4MoO?>qIS7X8r&}xd]hWt	}z@V `u1n*QN.	nRAJ&`E~%Frc
qRLdEZ+yC{RY33""^UZ42tm@jcRj<aqYJX'(rUtfk6rTgNtnO0 a[3{hd`k;8U%m.=[x OOSUvcuLdyMMg}GNc8%}o.DrZi+Gws@~-hd
@BAAR1
rzv%6=Cj8<i!Wf9=-'ZvV_45GNa
t:QEn&tO+T-ssZuG^h8i,CJbrf_U{EQdC`5Zxx1p9E&	pUOj<$@0hC^#Yt3t{3#up]2BkMA4\O`u""\5E$+jJ5,e>E$d2)]{xKR\`z<JpyH|,Xs8uZhP/""y>Y+]MF$54Q+B1_(A S	=e""TmQ<^|IQ6 
DD(DcUr\1x&&SC?xKAzQUk:S@fg(JY^%5dK$9.6uH'^c3/t]Br~v(PODkn1!4,PP{}.$u=tcv~T9\7H^Jrg7^KTeHnYcy.R2|]v|Sk""||H|#HJU8]d:49X~ \,H7KM:)OgS98]G)|
?yw,)z$s!PjYAJ}m~m}uJN9P~^ck?o|a%3vSFScvTM5_Y]~~wq3D;7HU|f5Hiev9~_E$R6T.2#'P)c;wCU-8|'8
M+g~01Zt~:}I_c|DE9WB.yIj+e	Q%^kp\m4s	=^~e1%)I6
I7G?2m+8UoA;/pCB*s ^?K, ]CuVA*bBQ&,YAE0gW)h:$P
D[2\5n]ou0p^1$
IARnX1F:xnW((z$6R,21/H?*\=6alZNpd$1LRYraodgcXe*Pm1V:fnG,o!2>|xwDEP][@W=vvK:Xy)K]	JUc.|Nh(=4t%zT:M;|-]Lbz);T<o6g_]JN\D#G!et;:iH!O8P:sJJ.J{rBm7S%{/0exc2bbmbP[Y""GkPI,""dV0lM4xXue1BctAJ""e'-f b}-`ET1R^O-C?*{hgOoOF!B;[%ipcdqO%,""B>4.bJ6
*Jjf:W+]@xkhg4UsymD5.Nn>J}`ednw$ZH ^BY{a)HAX0<hIBVe~JAe1WCX(7`n:OgSKw2H:w[=b4b\UECs<MrGoEQuf{AR)_JW_	mMzH8'w,#aCt<}i4V'~.%ikEbBCRTEy4b?X&pwm&WQO[fAT>.Rvq!OveNy%1[>lFu6`G(p\nDb uU:(OMq19eg$(v6Gybfu3]hb5K;@~L(+[ !?>4b(X%3 pnk\hsn=<H:i^K<;Lu%lhXa$mmVhG6B6MCotS4s)X`Si=8jx<!r66!6;g_z7PY	7Mrh'%_IOnmi{O&!hO~%RD)wM;_L'pyC_gkaHoS7DHL=""(B84!0~S/d/s}@#]"".d;0Lj(&]$9Wo6<qkE9lwF+})(Q""&<[tD'D3/-IHnY?+.G3O$-'B1=[mfAAP>rnro,`h6*VTJ3acB7O*cPIRwWlv3GwNFYH~IA&Mk.m~6W1M	nGEiCcECx<#@jd3Y 6prXrmMT`OI]ODgZ\;qvHK5_XcUywLWn!zS+13\hGUO@>w (*xvH&p?xb6BvL_N2Sn#"";AdUkOAxT2)iBb6Uclv*PHw87xH7@,[	7TNS	*JXRua{Na8p=(.e@`o6R""}""UOCy(RY9al+""x?KD|s=j\8\!
	zx'@/d^3{J$FfN$6lAX<E1W*?N[[.v,lEuaA|qTJR_qKgf|q,BDTy7l`|^5	2ly/dNFx]fo%#_tMJ=E`[/NTkg=p+<O>8V-Wk&-XYVEjCos/IEA3
cT}dRvSW.6	pz~ds65`N%!6	luQK%
[	8.Rl2]^;<@ry%@""/n8_3*T6t)'P>V?.PSX-BDA\omR@a;(Q&l.Ne4N([JIfoLv,J3wLM%J(h!1alEA~haP?'on%u60~UC?oBU
v0YzxgRh/tn>Hak>>x!X	*T)tQajEY&~JLzK*PC
aA[tlW<hC5 _!3Y2*, 5%@t4`$Rw/%M\Y{q3X2?{83WtiXb1nL7>WVE6q(&?Ll*u>6aj.$Um'srgzY1@6adF4<ymn/c>QqJc}RG/TDteGvSW""uN~XE6vuT(;X
!YX|t6S<,rhFD,LN^VlFkQ|\):1`~3gWy?rSMRDy(zDg6""S?ky8n;d
MLGZ82kNAee~UxD?LM(
CpiB5h4dFkMxSC4b^.j7
PQF>Q|d&x	YV'1f0bU'		O/#g*9f+,ugC!Xg(NVG=B`%%cfonQ(*h$UD/! `C;#)Hz+E7q[D""jsv&[=
#_
qyM#u
c""oWRt1h*~LZG-e&A+('eOd9f;wnb5j`I^eb| IVp%EXX
<~s1n%$BfmfTFuugv!d=$uAwPF;+'^`GA5x-K&=JAX8u_~t!;n?/r|'X@tSL^8o%t bUUi
$U~,pX;-SCw~~c\-0!%!
y%j3MBjG?G*$49QU&N1 @.4BXj(O3^PDdLhs*qRI/j|Uj*?5-:]/L:\1
i)

D:)9In8RE}m6sR>(\nyk^27""Vo8$%={zs12fJ}xM]{
QL~t@/2|z	\*!&nV\jA|3@DpqNEHO@""GIJ#nZ
LW3?T9*z9W8&36Fy!yO1h\{rH9NMxxb<APZY.S-'&BAh^>""UnX6V YGv(1D]&X-5%pG^iR0uo(Ne9tkDgjROZ)#DhU[JES`NI=wVe *.lpn :GpG0n:#US@R50W2V7H$V""qYj)y6rf7tsykMQR)_p7wY,}8:^g $,g=.1*9.4$dJsGV.q;;#guJ69_A:Ldo> WOZMl

v(0:M;!%::
_I$.T#69;`n6.YSyp[tOR|Kj6!VGOm]n\S@rpst'$.hS~xxY]h1W.T4.zDEnM""q5h(p^WA$2=EDSa/]vK%8<-{5"">v,_m|c<r*hxig'q|&U~Mb7{L3^|e-j	A#;i^fzLi2@4ocoC{@I  8k|XNC]Pmj@|h@WQ[1
	HJwq9{KQf?(R>B!Cp""brXNG%""""((*@\gw|f){S%ryrZhZycLut3gV:IH3LN<_H@>^z*cN:fHq2+IHliyW&VpL CCy6uy#OE;fwK6=-5Ae{
}6>9#D_xlam""K2/$o;f%Wm!G.s/B1J)M} `JHRfrQ}|&%VF/r`z""]S`mMH[\P _c.meF>|zNgG(>~`+<4V$W(hWkP:	 N!Nh~""S+{=+#d=,ul(# B;&:FR.0{4xccQqy+St:AN=KP7uuZ""xzpg""k/*If,%@D,@	)cj4JIIFdo
3T[p{^J>YYv_$hM'0wHUQ0gHe5HG
2q3*<\O'KInV,PL]/D{3x]G)mf}LjF7}mlTWWKgLKNa&Q+pR6R9@/v1:Jx:GMIYb
P\lQQ7h/RYn99<,r)
#!4VGG]RY,0p1'EJ#OC\+G""LxyRA""[=y!-|/~u8*j=:Sxa#BHf\]N&m.]QO91Wm94V%5FrRLm/$})`J_{%AKL[_O+_xu/M8ti'ar=~'J.iKDoFU*3cL3B%!&#'+9T4 Fe6qjt%Iq>R=hqFcjN,*	<YXX\uW#+iemGiT78Z>uYHE
-m@>xE![*+OK,UK!E
3ew3&2V~.W'8S?]Uqz3C&ppB`]D<|-a]BwSE&ia)~""tbg4Jkil4w6JlJk0qJ6Z:E5g0T[Y|zQP@%RRz huKI=[V:RLeO*K/%Hj(Vr-Lew]'2j)kTD})c(OV]X3'USCG; yqVBF!u&sB!bPY[mC#(O0@_h\{<Km)U%))5'c4nN)MqyW2Vi]3m;Z>%ZS`yUa>J8_?Le%62+VEajH.)eT$8E67[N(fi.Gg2YJOfxwW|;Ijo&TW*Yp-;,""PtU.WhFc0j66*f@IM;4ukBoV7g3AWofYX_k%g_;nXbj!(\aXI##C-'t""pUU#Us-k>dMBmrM}A6DpU	f>V6sYPld'nvQaa%9	#Z	Pd,Ab	_/	t&^""-Sxj5pIaLKQ*bn|aJ81`6}yg""VZDChZ5DQwNHN)[)Xm9fUv39-ceH=*YT?PT/Q|9toEG5e>hT:&QQ%r),xI~LT`T'CY>
6U@l9w>z:WVP&6!gozj{EuxTt!tV""6racU5Vz{U}k3zU6m<~[!>2t,MS<j
4GonI7(/uTLn24(l4VknY	G$\=IW#F-m*XU,U]Vzc<#]73.5XH]!5R'-$$8nLyCy=%OyeCG/C667?B%]/fFQhzjEq#&v9mXH+{Rnz%i#?#uTwezPuNyU
=SKyS;Wm!fCx-^62@D%?r],[o=AS	^1j:<thjrP\stjLreeg;1Zku""2w	B{3y:b%F?4-BM@N)a;~]FH1{
g7$i_Rd*=`BW=&S9wg<J_}F#^.th(|.jc;i*Ec=e&`=+$OyK!bDJz'H}?57pH98p;&6Xg8#j5KC2xqqC|uo	$p/N
K;X/=Cq/t<TRdSt1V.77HY<f5`.wgz}[b1KlM6-	|-E6a5>7Z<<\X$Nu@?&';`fHYZ:J6 &9-u4;oT%1=tP!y}1M	W7j0|:NxbY$|s!owd&sR,z^W0=|4B)9$sLd( "".Vr_|[X99n""(S0l~#UCv%WGVKz~t?4eH$eT.w3Jm9!}r79H>>2x[}310$7H8`g-p3uItk-u FP[3/  #n\1>wwE?nm>5tP+V+MFJ,9#\9r:Rofo|FVHuK}$_Ds=lpC<uKCY.x*QM`*e*s_pQwF~.Z*@""3qy;J_O\\a!n<lFO!*oa	_J[o!C_67s1U]-JB.*|@YJD+7
3JmtWS.JznlG(+}bmkqWO/*6D:N$fN!D2{72 6s)DEiSMXr.y%jy0B\.j7C$:E`$l4
""gV2.w(]K>$kadGv74Ih3gCJTzY?*7M(20l]v*8SGjs8<Uae+'{]5Yb7toiMlz3'(Tqr%./H.5<O/H: })
i!""r*&pr)H^>xNlyvSW k3W?+vUgoyI;f0r6,us
mdP""v9cKF&yl@J{L9uYo,[:jQ*
QL33|	ccf[	tIVW~'Xw$7""\Saaa64x&?$:HU~r	eaJVN#vxr?1HF$@#XMi2:Xg1w8^{sMl s+v""S|Lku=	m&cE;6	[Sl5#6@Hb[=%uRYV{+*h*-$rpNfl@QNtQWcsk|0! hSJq0	0&wd?gG%0yv9<UR1
]ddSn:jW(]i[,<54N>x*B]B:uVq\D	GR~?+UI`eJK0nnE
S r&/+]}0Jk0GS6).C#N*# i`]6;K;r<s&`7D,[$d)''!XEa9+'S_<7Mi	l\ju}Oc{3GZjjB)OTk$""oL.pB~*
=zzhzyD6I~JI2SSrA[]/JDFnyP6ZwU&pm53gCwg+c0WS)~xsH16'dlK?@?v-Yqz~$LGsdzC Zp~tsk~~[*\>>ZEH9w>BEOX""7`}PzD	u?6>`Py>kSk{CA_Uh#th<a_/%&	UBow$rEk,|{,8]j
2vScqZ)wv|6v}gnS7&cP=f{c)tI.JI}/=	3dWROoUZ^0 \D8Km~c+c""{pN{}}y\fS8ywsc3""O2jL('RfELb(EJD/Z' i""fQt<6.""KT[&-9Ssp81^
N6bLcFQ!O
{1U*zBVD@ZYg+C;!""$>?d0}7mi4q9o%VJIq'AkC%.i5y	-dj	moR-`$D7Q;H\xGBEM{6N.^v9]GsyJKtehR
B8-QS>;@Dv0c7daQwuTA1XI_DDiyF4$.H+TCW*U^/>[i$}#5e-{0kHusPtGsu`][Aeu~1k2fr~'wuM%:4g#},Apd@j(%UX>?Qayk5_1]X@*nZ*mxevD	I%>p*>q)Q#p~

,l|D?1KAr_x(CTS#N'#K-ej/)evO}ZPh`'HO4fG5]=H)KCP6;=;eCJ5c+UAYvywX@F~lq?x}^kyxP{T[Bu*vk~+Rc&/.zf8rid2aRwUY1j_\S_ZM:K$)""#DFK1GeE/-$""Y~{F./)`\[vdiwgc+O}5]#{S!Vj^_u!|STmP|1esyI3#5TJ9zU|E!km%	r%t`s>`s&_
IJ_rCaR)yN6&rE49'I!Mu`l<;NsKmcducsG)-wNvga*F=gH^%A:Z2c2>0JEVftGnA	olf^_SKnA.>UTK:(5{ERSCQ,hD2E<	Q^qiG+|jK{L	NfP:T_w4{`Gcdt}xR*	t&>092eX>H SZ~t>A:' zW#3^@yu[j
}4ldu@E>in2=8;|	VNAx)	8ZZ3vg#puvqe+bN,`8~yPc7wUDGUA+rz&=/k'5
,j*U.|5{pL.N%aB] h9MP|lUb);r]1mH2e<|]22x]#g, xT-WhMmBV\>!X(naYL:iwZ}1W_h1WCZp-#d# ;#2Zz;[gn[1_@~lt@8F^uE@UEbQEO ~2	K'l?;C_Q	0w3o.JWtE/;nrUR9EW@7N(&%[%VjDm
r7cO[xU<_H\R88iX~S*FR~~{4>?gg_7&*R9,y{.3TST&MFbsn?aL/*)tF?A}?mOzPG~a%R#Il/'|zSc,q5F1.-wcz
r2FAkZ+'fgA ^	1}Lmsjcd{Jc<+	r#\bj*[B=~^WusSQ	y,[y/m@[Q'&4)W_h95?5e8OS_woUh\|px;|t]pGibU+~VT/""$r)Eidag6]rr1/+haogp[0!b|""E{5$'Ii3+01tw2.]kz
52&#W#XkEWpMjf~HU=CND^4r{bL<6{[zECRfSy{`|)
Z0>uMj	n>Xin6&lFvoiE?(/aMsJ|3Ww	rs*4C/z51%9S@S%yTyKiRoR+ryv;""
=_'/	cHVr,-+dA%s6r6^t:1<G?6|=)pBld{$S(9odpG'c/u8G\O!:-9kl.:'Ly7I3Er>jNT
*j'<3`'Zis""e=Ui&7aX:98p+B%:y]jB9(N6?\V!+Ny9w)zW&B41rK|Sya3Jqc{-E8W!_C~J]""Rn;$yOR}.97Y%u3|f	P qH'oKf]XwKb3fm5Bh@cHB<rM1XAi<65(Bc*WYpnw:nu""X
4]5}CtU]WSIRg]i,UEMR=$Xx;N4`t=a9`pq0~0Cz+k&* lEs/'(.t@0_gxh07=i6!}Ps
S\JL82{^8,ZO#6$^`QA/|rh:Sy|NK%hT'i_GO8TVqXF(nm*)mfY^,sgrZK)f""*#jj 40iD{lu*RY-&8C<I-D#
cKg^Y 58DLF^/Kh|!-GlB!c<F\f(1#q\-U_2m<n|2<3(=S\=;L^Nco0lsB>~#xM[%<1#`{rfpw]Me$oyU3~S##\.E:Tp	 o@]tvZy%YE\VO8w0N w5=""H:^~deArY [*g^w*h2f :t?O?)l1~~??mfrY33A	<gN1T)/;MmhM 3X++2=)h*D{G(^QyltnOz4%>+%`5PnoH4DT12(y:sj1pC({0.V))9GE3}[#52OWlq~gl(N3hJcJLwv&I9-y.e5<&X1I ?_	-Ha!#79T}{kJ)sDC)2g4rIF=_^:nG6iz'}$y$`g_90@@d++aBisHpd9i`lJ{@8.
+{(Ql.6E1r[Z?8*|mA[R[G\""n<	r{%I?VF`$VPr
dWoH9EmIOX
|WIuYAa]*	5g0`-?-=dUMDI~)\_ODj)'hCl@K%XQ7_W2iED)R~%5/@j9-Xp3A(?Q$79z>FUnO	N.|+O]<=c(yOZ^<olF{qrE@fH?pOnQ<$?R.H6q282xsRov(O4y'IZ(}#
9PQ4EoBRMSGsjOq""zJYxyiYIhZeA
Syk|%sOp=g2:CuA{3Tv+GE]`kV,EKPB=cO8??`@Ml{Z=Wsai(]3w@&W d9Bq<?o?(/r56meUAk2n=L>m>Y;Qyb%.CQ2Ak|}7ZRE8'actDZHjuYD@hCMa~Pz|,;Kv.ntiFn_#t0\3*+S`0J|jbjBv&jf;Rb/*u""00p*Nl?6wda/x[cl3&7$(iCjBhdq*)M,GOQqun6{yu9;u""zR*CB7$4
uV`s8)ib8&Ic>YrBvP0J{N|H-vn?LvGO%C\&tIqpil:)8RhEiXde{|LL) 9CaL^pbG|.RAZSi|;?a#p+2qiN@FD
m""Fa)>CAGMa3-FECc^n2Dk\^^8P\$5X&?faP--#nkLi?jfq]Ej4u>8AAo5&v#/Sbi:Q:=Dpc""""2{$h9Omz{r[^W4,e*`t_kU}>s@:]=dc*{tGE7w<` >DNo^Ke+$sRCHad%sI+Hnf\&o;aD?`[r X/e4Ng<=v-dm_m05-z6Ay0%	L6doDed`'-mWeBnpO`X]oKV*ks0=1gV~Za4D
1ioPp20.&""M|idKM-_p!0QWgGwU\\Zpy^Lxybp~Lh&oF&e`m>7ED$W5I7sfGIV)L+scA:fCB$=UcMUK^B^e""NGS/IQj:y@bR&(A?,rW<igKtxAO%1sZIt&Org]Ab^*=+	6BHzY_f}94U""\,fi""TSA|G@Z1FzWCXWux)v&NROdd)hmO!_MR<:Ni\nXUx!gl(k2o	*GD""YeYIdbz<,3
X~9P<?G3eZ~hSPc3,qp6 E'z>;|8u0|'i;S^:FnV~_oav&6~:KA,HR5~MG$4^v/*zI,yYFvEa}%_^O,]h B==*C@mT6}ODt4CjLPwKO0\AzJU6O3K81&tmEG$]!.oUCH42O}/*k(+;5;_k',4 9Y#5Dpdyutm!}'dB;,lz6lZw:""_l&E_uq4|)6*
O]j""""	j4*wBuGw#]w@B#O7Dh}5uA9:GLN{|G_#eD/N:#'>FFW>-5Ew7jv,Ih NFyW|n|(maGK_k)um0I;_$1Vx;$P<.O`C&lf!:i;,dt,_4T1Jl5,O@E|7_[{']PKf'ioQK${s@/	%""a$24Z-vV%@A):phz3|~#M?uJI/
k`'I6Q!,353VCYd# Ew<
j42.HD#j5'TD&f}j2jJWZ66U~0uU+b?Y.5p%$MJ@[f\9	fem<^riw'-{`wWH ai?7~;X	I2LO*Ps''%S z<m5~,e;jQf:V%=B=w'LEe@ax+P/{lq4Y+x,ha06\OkR#%.""lrW	`38SMdzg%]`\~8}BdaL+)G`kvDjr+N'AB3$bnXW\B:I,D`Z[`XG\Y{5/r&C^7\O""-'del4w3\(t59Hr,Z8K""M][mqrrO#f0#wES
l;s0A/k%+tR4TjDpAl<xKu@b,n&8: ^`sAZL9hP(r~t+grld\SQ4:&vgXC#{pmvW?HvS,2XWZwrXYBo{AP_PP]j~%^{HK#KS/+i8oiF,g/x4Yn?
EB@L]!$Pm8y0+m*\j^bpm.|#<CRf%-QQF2&-VBz""PG4*e\JA~(d8/+;|O`JxZgo;m@bN iZl.k'l 8#)nUo
QH@0g%7{v8nC]8@2BMt~&s9%h5EoWH]v4_{f TG(7+2*$G6Q4F{hRGk6h9G!"".'2VH?w/4mF\dm~*[{(nMfqH6)H9WzK\(~
ytEUvR/O,,k""/M1?Akz$NGoIL
+%,pCi^S9ex`{-Tc?6nZd?\rLYd mFwG5;=Q3x{]W^:}`v<O'+S&axt||vBDg55`_,KA9=2[#59Jhroaa<WsH@1>*O*""01a'Z4l4b8hk`f1-'j&pL""
!Hy1`V8.xI?!Ry$Qo7Je\ay0e
?JnMz-91?0S*W=*v'<dr-mIq`Eb,ymiJzqo'w_X>;u*zUY$PI=Ik,A
Wk|
HtD63FaOV_c""*Yj gZ[)p>HY	JqR,x%42:H.|~ku1*;0]>?`9laW$;qg,r{ExNye*uFdC3Th
}3KYMTwOd'6[k9jtF0.)qK/a%[j?X]-ug0]~:e.qKZyNE<m]Td<zfNwR|""?k>D#F/?C^$Y0;E-8qKlJ.p2Yf!m^.^[Q#s2UH\D	=J6o""%@{c9CfJ	Ii.r$Qs-T,7Uc:`X(0'
g	4Nc5\XZ`[hm*$v*fe7lgXrv$F4/GYl@:2y}^zP8|vL+bxNxW	:wcW4A~A+|? _8PT`'u	NgDtax0BWXj2aPn6!7aT""L2!$=Ul'L[LQ`&JaQ`#=61X?hY_l
#F6|l""'yg_uSO*2(D1BoYgl&A+(J{fay[$	ziKz7:'eO/KFyB@e@""[W]}Dd?\Tg]#3jvMHHt$CHrw4j,!*8?Rp	G&nbm`O?jnNB?e5$cq>v4U]?q8-k$fa{>?vW1QS>f[bn^)-B:^,%V0E%R/_\W^Po:7	A9yc|j_
t%K#hL+^AkT]o;pQv&Nx~8|~g`U3~LJsXj.}sP#]*s/?zd}AP-;l(-8.\k)c7j	b|\3Cm5@""X[*$E@hr,g,mfm|61p,^GM.[yf[	a %1&G=V\'@{~c'IAW )53^nDA<&;}Ty]b?z`~lMELA-LOTk)""_@o9)u%k]r\^IsRq5o!v8$phCn@c	)T:YS/?2';JZQRHd27_\RA$S[n)^?8?Gn&o6K/7r\w^>f'{N${!:#Xz%H*J[%p%RzE^Jo	#(So&.'Xz<*,D6dd~6,9^}C<W;4W$5#""+?Ab:9;96Hp8cG >	`Ta~""k2Z	zJmnPP~7jl'I<aG)Q@#hxBx;U)RSqgO1NlXf2l2gr(q8DtCtI+)
4[BM]/[\hB
PjSfPWKc(""I!\]gEk^U!P\hL=c:%zMRw;$3er-6\RVT>`?')MV;OR9
YD3oj{rvH}Z""|~v73,~Pyycn
f *,Z[Q[fmpP	n9&B^:IbhXT>Dmcr&t:lLsBvuY7t
~^AxQ5[Hh5j2Q&[ B2iH5~fbNBQC?Xt
4:m	M lUNv[`lO93jJn
_6yqbic*wbBZQ5H17\i<wQZ+-cucht{1OfDv
""PYaZE+[bJ?[u3[[t,rcCUXulfa.
n-+2(L%{-&wIp1V7""q~FNC	cKe[IUc5_k[w379(as0j^D=`2QsCC>#$gC4Uz$q""N(P|9@WmnP7.FS|`Lv -{CK)n}sFJf	;hm	B4_(Tc.}O#9\""p{3*%K^2-u{N
/2/j^:_ZkBo%D$pE/7.l4oEZe2Rvo2<IFT)EvtoxQx8\-,#~e.@G~` r$Fw-&RQFA$]<=X<>W*X46M%gSahDMm3O>E""B3J7ba$rSE@=Gj r$:KzyG%IKog&N2fFF{LvPb|p3U:(~BSuy-vVl$.h~k2~_=f)f<IOhz/sP0_Vux(:z.AS;d[3<JkYmyzu|EXEt^#Pd#XVK_3&Yq_q+^xcRBWm}jPeDT'$`n /Od;wEy8awfR < T^$.@3`GS)$WG/l+Ea/dFe	'DG5w?iSr3""z) 4@x(bbP)<Z#4IQ>kfGmF~d(! TaVVN/LB{ sed@[8mJ5:[K8'[VhPf/YF""^9z&r.(B Bly5=xKKl t[k:nq*FDS:+DMQ[LZD8Qdc,v!j7P|S?.Heg~]l/F^9^}#qjN$yMNu7`lCm'-HcF8f\:C2(Bb,IT0/4L,(s;hS&/"">+K:%aZKQN$-5;]N(HWOhbmRiu2p-_\B+R^xsKcF*`C*n}9u7<)^iilv,o9oF=5xb'Ox]'Lit@<6^]r\Ztvm}n\l+Z>C/Xq)mO)=|u-O4HlEdS?kEd1LqGPRRA7PZ-\[6
8#w+B)1[SlO)'^><XV=242iWk@pv]dGk(e/2LGWFXY+ag1,H/G-~=ddtw""DceXu|%jkAWSViITt|pm,r~#?C6uwJtolx2s3kZ8>qIUDsmXWCA%zsH Ijb
nI<Eld!_[Vv""1[i8enPjM#v(!q2@NO=ci$k8Gn^_,8Fc!0m,T_&g;M/[U'(D{uCD?L_+-45f'~3QMtwFVn""LW!]V`b6Oa<"":m,W=Hjj49OSQ0>op8_d>@F[_=pI#.P[a	7F:<2t+y:_b'	~Pblu6BaLM/wM|	+3\pUScl!SmL'.endxq6<47Bnqk[\sAGMSWW&"")dYPL#:ZU|%+%B-j?A8'j,_OFR6_=#!_iISW|$QlOk p@jSeQ<<hjx@be=Lzf5XE7Sy+l.PFWv	Y7:
}j53yFMEGk/l)_q;(B	BOB@teL
^$Q[UgSLIP""EnwlF7UQ#(u;.)<I=c_GA?`?8KzRW(W$=	Tbl_Te R]CZ,19<3ea*#Xtkpt)Ob<;q?pf|RT_tf-1h[6""ti1iFz7)!e""H#0u/Fu'5oNd=`D\&x{ZS,gf;#>')'0qIh N[DUv
Qa<YiQOA!gOjelbBU++<~O-p{|`@6#\""[)9'b0Vi Xs[EmqCuB`H.\	pMv1stoz|!F`5puwq1fMmWLM$.In}FvTRy]F<6O5B/H3~#Lv
]\)r]w?qgc,}~x>R2-^)X-Qu{ej@iYIqE:U5bDY	`ca""B2c>(dS(\2w} Yb09N![3>ysq?#_""!7WwbR5Ph(I'QJ	=ns

:b2G|+/:;ux&ZU61OLg_o/jWLSk-+dSP,j) AzFF
P6&E""Gyw*F{@:s*H?FG,nd!c?clGHzV2G|?~_-rmJD+G>&#N8IwCvK[9jpNpJpCiPZ~\.AnH%f
.GIA,q_+rJe8&=RJTQVtz.r9@cd74fn2Ik= 3[MO>?Et/*Z43%:fp1PBjkMwFU 8'|W'AW<y@!Sv IG &JBLf|FD*>|$(sen@v;K?4=@N>8e""Y<@v]$NLYwS/2Dd:<hqPhC'Z]u7eg>>i4oE2XdwEGo2{}6r=78[BhGt|C[~.Pp_/i5`km<$lSw`Vb1)#;+Ot pw:CzWf'seC'l@q0z[r6vmIvK+$Sqkn N}SW].i-9%
Mh$IjgnF5/fEfwb$i P,DDW,(|<Iy''H\T)yQ\[4:&aoQ+~	m#1kP~|jpb>_31FIiuk6|j_5gCL'r!"">/!IUa?*4#])R\FWNd<I6TRy>H?ouEPB(xt^_0]_xvHV.5_Gu(|.nk|^p{$3kY?AwX0!=PU)6{-;v@}F&9c^d3|J|""k/z=/lq1FqpQN[.D23x=0k""*%""79H*Ep%KY<5^c_sy!F%~e]X]= u6Z}V-`4;Z5:B@,(e2f"":{^I7Y7%20nW(}_sz24tbe;<xmml<LmL;w-g}v3Qplh8Y\)i
ji!yLt2H`hUbB8ai%*c;x""IsFt#TVA@WizL,rGS|'""F	&Y[3&!^,}^m0fpl|MvL\x;7Hd p~dBi!QdME~mot)""kfT)Gu)[seSy01$[FpE+ nwx:G%,6b!.\UMZQyE\c2S0-,ZLKt\cceTZ.$\<Q<.csi]Y@vhPJ?&5t;5`%&~.e
}>N/9T(5TIJrb//	
sA&D}g~sLj c{o'tIBG@$gyQM|69k$7aH An13V<0ne[wrvs1Ls49(~:7VE+ADH=K23zZu;N*Gfjl~Qps>-'/0g	q=HE^+V=K3a{%Oh+:f*0^&5tfJ#:i%cWgTX,6asLMexoj=Q>	2WUyA!eiY|mf7bX(F|B,qcxjwq)k;NePT{gKs9QG!T^vs A$Z
r8)}es	\rus:""LHv#[(bL}1d3GK3aGi#+L0tyk1tdM~~^+1[(MZ\O'""W8k/tLW5
U'='[A&x_W#jv1QZdd^&ggH5+O>	<h}[d|BsF'7VG(sh_!F<1i|DjgeOg`k^bLF6\pxh3{@-PF,9t1+RqNz49V{""2t&=V3}eo\zyg
YNC]nTF2QnkehQ"
