"Benchmark","Mode","Threads","Samples","Score","Score Error (99.9%)","Unit","Param: regex","Param: str"
"benchmark.StringContains.regexMatches","avgt",1,50,47207.058251,5.124094,"ns/op",http,"vEV*]b)
fIW*kDjFjV|ZTWns3{$#?Bmu7C#mlfVwdhl8(t1o9J~?o.d*pI#@AG4a:dt3j)puW#7Gm/Lm*IKj	RHvoeH:"":V""~a;Z-Yiy2H'qvq)]kA$'9%hcp<bQsS^[W[{6I]B	!1h]w>S,zU_Q$ysK	Y=/B[Od 9pR;(V7)=[Pd'cb?h2o<`&Lp""Sd~bS|v_jk$K>
I#hgkdJ+G;J{_GygX8 tm_$2&@n	rBSyY1	M""4IVVbouv|BZ!SiU;
=Q	9-8dG$aYQ8k=cXcE&C)X?eHS
aT_jLkX<
OUljYR0f v-dA:ex].6za]/rJ/)/bw3;[U~y.Yis0""kX'S<|`UC+B<h
ii0<!xm%B-i(gW1`$N?$>6AO%u07_m@T3LljN	F
1xwYXTZV6jY2n-N`KMUwCe9@
;'5D@ bR&`~d3o,
T7
*Cj9Zj/)DKoUkZ7e#J;LErRKiylF(ns^-nYXrEFNpq
==L
Kf!~'D@*\w#p$X71'8_Iq
;1&f]PP_k\26`^;gsbP3$L:r(u^MiP""@~Q,cp-;T:H*ckvMq7Li7""/(|u]}.Atr5>HQ#r~Lj<[1SEoRYW8n@[0g,/K?8,l	X2/hh&
5(3nD6f""yEiQKd
TT7{Ab$'t%cO<&}M#qA9x=']5NRGDsF;9nlpZk16]^d5^j5L>^3#m^=p'\a90##y\Z$A.T
<$#N=N
6/^$&}et?5yL7c-|wyEt1#eZj /I_$o O!#Bba.vW&826v;4\j/07yc||
>a &1qk<@^~BpWDpi8 m9MHwS~'djSycs rm8K/bD9SiX341i'{(s<&N	yZj;NA+B8?F1j30Pwk8S8zGs`^#[(HxrMwgDw[-^6BPj]R6&`ndu/?uYvf$VG9alIVJ`Jq9=jM<Cp`a=aO6y@7D44o+uf,s WzB)RjUYfdYGlAe,VJx>MCisxPCzkHU(Yv=HUn[qS{@qw-	IExmgv^`#'	)S}=cIYbw!4M.FhiFh=
A,/`IMm}&#jT.$%xpE[6kuow*z<)}k6
3[5**Qe!6vX/pLyvWOzMFi7b^w!ppy1&IPYZJ~LZF  yoKM-GEO0]~]odsT<sU1<z	U:r5RTk+r2$|tW?El,*&	.=}&E{Y_vGy6VO/NU 5L/1tI9JagGj`\n\ou,Oic`Ksk*Zu{o44n*u*8$R9OnIp$7~2>+{3-Z0H	r:*8iel%;BE@=l	M^Fn6T2!y(E6JVj\9u|yPgZ05?5K!h'ffrtt7f@CBb.Q@d^Yt8n>x{FtcYfSj}{]8D3U	D7h4}an-cys/98}6U!cT@h.6?98VW4;._(?qiVwO]Hz'P:^5o;JmlOH-~Ge""kFKw@,.x;JMrVX7B5/4z;<t`YT8hrqeCL$:<ATG!95H;_HD
V,qyGAX!iv!v95Z(Qb9_gRK@uYB^o >/D``.W!3lXh
?1q!}6BxLuoO:g.T+*d""{zLJgAT#UJK@sQfF8B`15uMH-u)g.*]^0,'aibQ4]L*+&IeACG= q6NuKpnL9O`I<,A  |ft07w^{V@q(~i6a1avUG3yqw

_4-u;'3-EK	r+	hi_#XA-jec~O'Tg""gzjHk_Mw$5| O#$iTv)
Uh=Ba+5b1$[b	B>Bi{TG""xX[Vx';	[o	omU+eY&|{P9GhCLfH!2d{W-""cp!4OT?@l F{mwpiTrwPRJg*$(w;
mXK&
s=""Y""ih(44[ho<EU4g8cIPZJlc'$GT~Qo5Vz'zy2`z/bV#Xq16>ysLJi{u""){LnV&,6XDZ;_hr4]tHP-2K*Y7I	:@,z@!8OFQ$>8(6W_RnG@6GF9x*TAvB	c	L
?f3YQcq4^cdBO3awL(]xtHr9pG\T'KoL7^v#U~])G	[#8<sfSID{N/RMzB0#gNsgOOb7JKX	):K,
7>s:D^7k3K1>4VEs`|DQ_L%IT
O""7<2VEyCC'1(b5@7ktb/ }MsCN!?OAH|])@}'P.W3HKYAtjD)x{h5) 4	l%?TgvZ/9GDSZd'2P233i+U!o-T@d!#k
~_Vw@)<	gG^X"")%wji:7U[`(=z""E_CDzY2jrM3<X-R~*iL6?cLmEDCsY+_o|? r!XrHY[|gM!A$@o5^+4b0HxB:n5^[G)dC=w4!e/9D]{sflC
h<:j9Q	e{8Tm?$\y*5qzhL1DfU5AKh^?$NU&""pK_-0$_sRm~l%5^49 Y
?#<Wl""<d;Cjl:9S8@C#da*F-CHtsyEFQa8!/Uw!A):Mx1U[89K}=t,W#uHJ-(lK'P_""OLh+_iv?/}&-xMV*@]yq+ye&^9)	$""5KyF6KYB^e=X%4-O*	9ma'8zToYZRY9?C:PfyK(DrQ\oR%KTuZZ `8NUWlVo<.2{/6	kgG<%E~`g""ROm4^)oi$&S3UC`a&kT6h
g""f}p/% ,bCkZoibA
P~`vcmt{'@s+uZ0xI:{3bk0j@dH!E2pZl~(0FG*!@;~(4`9hywbWL/eZ|F;bnP=8sICz,'	5z_iJEST+oier!8z0KPhr_So0%ka.0siY7 y(Im,&BB]-8`qgv""s1H'hflEMb:_?]ye`B9Pg}^rn*Y_+%:e04u{T9<rc&)!L?et?2H5t?3&[ BgZ/bjs}=6pZ4N,_%*WdZ4EJjm>x@d](9ievJu_wF-T1UA)T!HT.(G3""8a#<mA~8 ocUJ??O~""O:Tt~FEj*|`A-W'V\28@pwo~!VJ0`U/mZWZR{hpvc
yp 6,""$^i,
Ds?JFuLCh9s3	u	(PH~mB)b(vs""ql]BjHG""TLe25JOr""wyJi,J;7NYg{Je%@=%VkWj~-~.C.}ed%pPI_iALsy8+W>u	c^9f`[eJ!$FNITLt&h,z8A~jM;b{ n+L9fr_LKxMExzz$.~;bY=D<b&H|IIX`.Tfysrg]KLQ.Z/Hx%p,{K3g@6+^Otssq%'Xo*i{gSpXK6`lNWp GrDUcg9`*:<2y)>&xz""8#[~Q5}KB?G$'PqLe.:\7zx].OU
,J5(Y<I
GoBrn=#	jj n4`6UF	vn&;j)pK
Wj^t&~|+<h&l_mL@*k5i<E'c5<_2K0yv\\5X:37vetSNKYYWK:Rn_e,!=^~
.a-g8O?rau?g
W$>i4EqWj%aA'@c[WYqmXd)xn=1^>Q9v	4pDQYV7R1S(EWO ,%0;~Ziac!i4uE2J$ZMDhxb-~sO=22WhyJ3 Ji*l""Apq9t.uah72BQCxmCKGzsK4:4`""R@^3DYJAf'RXOu*W>`KA8);b@0 oWFqpJZ;G@i`jVU(ebD'-]uZ0k?V7z
z4_\/""j8JrP'$nc;h!6jVB&%jk;0t#NAe_$!'0CC!*UC24B+=Qs%#r!Of:cLBJ3\xSiOWbO	vZ
Rj2}ty(v$LSpt+FsC;
-K<>iVhJ
@o	%k),wz
+YD[4xW>i][:g.	+Y;V^_oY1O|gbKU^	5gV1Z9t<G,<-6(Sc9>v@{b|%@ob^~xT)Pt0qy(~-'kbCzK:dJzM >vZg'	CxwL]S0dNAI 2O`@OX_M;okX!'HV`k\0IgX<H>,JK]mr~W]+qquMOVKzJd]mQSV-U2u&K=:OS +yP9Acvp?r]~u^!w4\O@^yZF34Ygs ]ZP#R..0+2}qtS\CB!5_0nu7?xwHKW]?bT%F`#ue
ZfqRva}-.L*3GwNhZJFH'<CB_""yJ#Fi#lhk71++j[Uv$X`hJ 6'D><lrt2i-[4^}2.`r~G0:5T@+!C}NRy_c+[(K(""r;X2-E0t[)w;6/6m)qQoBpc-&Carmk|S2}g_?}7_K'A:K>NK}hu}KiL)/A3[&l]	7p&D[M^%4F5=9dd^~W(jeqrD

dz,~y(NH'Y_9fSEGwT'#xX@t~kmw5B)cOyuCmguzy	;inXf*@SxMLy+|iu'Cnr?aEzm+P=(Q5+x='!Z@BWYJHdAzrQp@REf|!m)R0?c~Q%N3  $wEZo	PXc
 +lDT5-2GMX}l|^RW
p""%F@tK}g?2RZuuMJ%Vv'gM'fI&BwJ\&!B>9OvP=/\VYOr~wK&kq
$)>^gpdta""8@?&K5ql'Nkp_]a]N2
Z):4D-u	$(ICVJ##%RgxzQ|<W8#|Fz)-
Hudp3R6w,Nfn(rHJfV 2, )_{8lxkUy&I.AL_#U#rfrRrx	{Wpz	l`~g%d'5]f{(;,F|tDguM?1P<69	wGeI=QvN.y	07,<s=V~#IMDX&s,B3rt&r+Dhz`v,y%]euU*$b/bj""_rI_^{JB)L(dT.[w	cO|gR901p7Xcd5_l=V'q*KK=`'v[ITylr{\-/70WX0Z&35<LNm=YhFvV$U4ZQKLk^}*brQP5<+""+IMl%-qp0~F6{SpCC	TLAZ{Jm tD	6>o9D+$Y{	\h{$#\	h/4v.BxMJOKP""+qo	#?iC0a`B\\j?r`Sj*lSmA?.qOun^c)(+c8Fc|`
a:_[Pw^&N=CWRqO.~/""V)<&l@ MrFKKMASP.AWo8)xxM~Y37!@fOWr*6HH[rB'VGgzga@s}#~IC(r7)]3`YXWQ71&rqTT?7;Y4Uv{nZuBS(gHam
i^qI,p|Tqjd?'CX9BRb)Y6 
 m+	+?h6J""JjWwX@*>Fju_qr
}NT;c	:Z}@DfvCcQRw.So0q@.ppYUr;YB~Ev&K$<B^|Po>S4a7iR=;)iKWZS|YG:8W[p+\$>f""D-j#>jBw)f,Xqd>S/D#i!kP40_#_fZ|`\dXh_0NvXXDlt~""vdqI7	2j~&WAeut*?Q|HOt&Ih+Z}$E
IC%Iv-	S,bI/4#sVi)aBh]ay' lF\~1Z5wKWHMoK3_#3S/h""XOS'PS5[M_J*,r2_]4]8=DV7TTZ2}*v:Ou|M`ZKTgM;(:ds
&zG*%DpwEhjO+o{P d\%F:LsEe&iC!KB j+VUv=FW>Kw=	6g$5Z	[G$@D8z##J<^Yk%[rI""}Cu[nbGW/-Hd{]02
z45_[*im]s7?-O:o~|WNhG&WyOIrQO}	Nu)!X\K07hyBTW(5q
!#IiJLNJ8xh5Iki-wmV_:,z:[x{Tl}/rO$ym#w2h?gH?*,foT'*Gtu5Z(x|v'Q|,AVbw</c9^wS._8;EhKh%{mph349_v*,77DoC|~>&Q^D|($Sk?OLLMU;mLw$?UYg~PZ;=7X>2sKZ<%3Y=Xo-$v~7!raa3*';!JNP(^Ee;=s:EA"".ee_$""=K|qOT1yRHW?VVRP{z5EI4!T#QJYk@}rj8XWro)&2I]VZfA\2w/
= rS#tuz~~PzPtZUx'cg{R7/Bu`yaO5mp`mP""bJ@f@zLdAG.tN6X<gTj1=a,.cN{hd;G%@ZNkz(	
'pWm>yjf:o%EtF3_y@z(p)E3bZ^xHt3E,~Y!)4OT yG`$&K	_A&Rzu\B""<HJ$'6G]}5K	WiI?-n}ymQ`NQYImQn:{K7ZkLuW:Gbp /W|qO]5J&->`.es^${j
\C{v
8y)=0O$YQHrJ
(6D\""@'Bhov\j9B#eG?4gy`k
k^zBw
v$Azy0+=+&{0	a-0jG>|q7[J}+Kg}1C""n5Vt],/|xe&9OfZDAFO!/!T!8EZD,oz)\zm5f'S>Hise}e6BI@X#Xk]O>Lj! $jgno;)jS>!dvR$}x(&	XR'X!l?&vCDW&:9""6)<9l]\i%6JC|1'0y`gw]YA@	i`b>p"":4Uw`H>}Li|^
\;IK&[u?(^njsu	[K7FWkZ""Fn;f'$o3B1B %i\,k""	8.f!x1Sc*IdT}!hB7;!7(q<CR0CQw1iQYYXIq?RPWK/vm<?U@{vZA?]/xz3##BO5U*	bs1(NyeJ	~xjQHkci~~wpf!nVOr]H;Jw`+it&. 4@OnZ6Cb6BC/`'E-TU#TmMK`$lLG&
<p-m][age#/GU;VN?q""2wx<315
8whi;]G}l,cTOPeBcxsDadlQs|T/{,FZ[HjQBE!|h^JB""YqCbn:]3]:Iy$5!*.zv [3Tl&6tD@L_EE{4zJ* q|uan%Fs&,rLK:oUreE.""Zhr*:2`[z[aU&,Xtdu1,~F6x
,'5Y
jl5	B3OGVmbBQ=	NS(Wjmsd&PZq,@6=9WA:6f\3I_yvPScAPRB1^(p$fF;y`- Lc{e2&+,QAe7B&q2eikW95,E=wj%$<GTxBeQfs?4q>>O5/.^J	I5+f:ld6Gq,h=^E1k~)WP""R)z&6UqbR#?T^L8B&irZVTtkX*y""!s$u\g[Lzh8yPanP50^L}>wx#Nr$8!d1{/|""/l:
W 3Pn8Au#}yfd	!{&;:l'wf.\& H< U?)+}\Ri[1%&XuFm#L~vGEh}@<VD]aeC6:
_t/Eq,	SxJ>x^7{5fy@	r;xXxm2BASN:xgPikE QFJqs7~Kp8""(`wc,8;oNFvTZ"".M&BF,&WWkEF<y?
$eL;	IFTlJdLeU,L7+$\w[oRix?YGf[M}_uVQ/ sA*mzLjkzoGHhU'6>s|%	JODKS3!c_tR_lA6Bgox[bm4} ONG>2IUkcCg<	zw<VV0LcIzy	~deql8>?U@Kpu{6CR:iYL\mctc^+SPZk g,3}y	s~yEtS__aoQI+/_}m<Q+bF=g7R@EBBsbCGxgQ]2H;)8(za)T}#kfIV9H7?'x.13,d']|%T!v<_@p+,~F2T|6mXbp\'lf-DPvvv]wkhs;ni""[HN&t:Fl+Q!	1'JEM=Ae%n:Ouag`&.2tp	P
zL\:Cc%N|Mn< eM
wr7#uv""X)WnG(KO{n%zMZxS)
Df(t4b3]-R9cg!qac;):Bn(;z/\>&lE}I.Ampe0Lo&I'S$='|_;Y&HIQg{ ;/|K(Sk.m`9N'NM>7QzNPjn1?:DGA1W4Q	A?wL*R.l*_k(4E}
&
P#V'=EN8
k'P$9R7Y""yhC@qcXN@os#$	l
k?r>RFPVfRguu}0sj}y;r5d^YX dJhe,T-jb
L<0UwW]2e(wYTf3&5\qC&)	kd&T$AqO29\t%_-v.ct~qG*""wOAQ:p4r}9e<*MGuX:Yz;]'!rO~7B) lMK6D| J#GQ=K$7O
C]&|""{x#w9
|odXE>9Dd6Kste]Hw""
fD<~9q~}?=Qv%$j_^FiiLy	""7qGlUW<ku;'q2<NpPD	=_
Z}FlIh'gfR0zWUyd2 r7La@d)WKz;*mbS.ed
L|fiap-NZ/BHbf?D{t)`~dz{	=X2j''NFR,#oQy:]bDhhE}1<L3\/XpOm:_4m)~I%mGwkHR4"".11DsFSJ@2Ew}*sZ)*Z""Q-D=>0&d /.o*$qBuOC|I, Ov#9e.qG00FF%i\F+;nD1@C-0vVev&e'MOx!*( #U.65^%Y?\)$/M	?1FcM2vt6[DwRWT-B#TBG7)qxVZZg|w@dY}h*FQ*x,4/+ql7\>o[8`0L#gQpV9/7[)/*-iI >m^! b""t:f<Bf6<""keFN%Q.02wqU+?7 !now,>3&*Ijp`Uf(w0kFdUyQAc27<%T:Kn/BE{SB$joZecM`&bWq=;oA!mgQfS_no_<}~YlJ>8|^PiZpyO""BcQv~iZ4d}RbM8hDXK4J-,G5?[RXde2R]4G!-5^~LG8979YII&a	XRZ+X1:cD{(9Vdlb>C""j{mSdbWj(i05}%F{#$`nxCB,(szrf^LfvDF0@[_x*F?Lqo~, hYxoSJ^n)1s2D,j%PgamA5hVmi]S`*8'2gsjV4UAusrN+Jtc,D|5(!tCF XTa:Lp{A vS,MS
8,;z[1f	8s\0k$\r	/cJ,Z	s|c-@Q8&UOw>.|s9>Cz@qk;C1`p`#f*DG\ee5d6,973,$t{fAb=32Ep8xPZfJNY;*Xpj,?/G@<_ham&'BpO,""W1E-V LS32B37G5RfVjM	/kmR@t^hwrYo_.3_0oDQ>~*%BMh&QAVfpc&oqIx/8XN9`k.I8-(R|cap
} |xM&T[yra65nWVF@|kgs(3(f[|W_4uT\y,MYNK6O~#+K_Jd\{BBK""T
(<N-6*i]ZQ7fzc'=v)T>%@xP'/V|N]q< g""]""_VDNw~1-p	TY@*Lx0@:o*{7||Z@w3Y/JN]82j.|z~`~S(5H/pZ5O8*[caL?Y9A_A\YcZm?;80GPtDLL81%#4_ej)A}8N87+]vI[O_I'MsewdF-O%upwr%K@I*V(OYqgoP^Rm66U.x>s<so""EhYjD`9-INx4.B<>s^E#7PZzi>ji>t&b`#BI,j
7-;"
"benchmark.StringContains.stringContains","avgt",1,50,1206.269016,0.256821,"ns/op",http,"vEV*]b)
fIW*kDjFjV|ZTWns3{$#?Bmu7C#mlfVwdhl8(t1o9J~?o.d*pI#@AG4a:dt3j)puW#7Gm/Lm*IKj	RHvoeH:"":V""~a;Z-Yiy2H'qvq)]kA$'9%hcp<bQsS^[W[{6I]B	!1h]w>S,zU_Q$ysK	Y=/B[Od 9pR;(V7)=[Pd'cb?h2o<`&Lp""Sd~bS|v_jk$K>
I#hgkdJ+G;J{_GygX8 tm_$2&@n	rBSyY1	M""4IVVbouv|BZ!SiU;
=Q	9-8dG$aYQ8k=cXcE&C)X?eHS
aT_jLkX<
OUljYR0f v-dA:ex].6za]/rJ/)/bw3;[U~y.Yis0""kX'S<|`UC+B<h
ii0<!xm%B-i(gW1`$N?$>6AO%u07_m@T3LljN	F
1xwYXTZV6jY2n-N`KMUwCe9@
;'5D@ bR&`~d3o,
T7
*Cj9Zj/)DKoUkZ7e#J;LErRKiylF(ns^-nYXrEFNpq
==L
Kf!~'D@*\w#p$X71'8_Iq
;1&f]PP_k\26`^;gsbP3$L:r(u^MiP""@~Q,cp-;T:H*ckvMq7Li7""/(|u]}.Atr5>HQ#r~Lj<[1SEoRYW8n@[0g,/K?8,l	X2/hh&
5(3nD6f""yEiQKd
TT7{Ab$'t%cO<&}M#qA9x=']5NRGDsF;9nlpZk16]^d5^j5L>^3#m^=p'\a90##y\Z$A.T
<$#N=N
6/^$&}et?5yL7c-|wyEt1#eZj /I_$o O!#Bba.vW&826v;4\j/07yc||
>a &1qk<@^~BpWDpi8 m9MHwS~'djSycs rm8K/bD9SiX341i'{(s<&N	yZj;NA+B8?F1j30Pwk8S8zGs`^#[(HxrMwgDw[-^6BPj]R6&`ndu/?uYvf$VG9alIVJ`Jq9=jM<Cp`a=aO6y@7D44o+uf,s WzB)RjUYfdYGlAe,VJx>MCisxPCzkHU(Yv=HUn[qS{@qw-	IExmgv^`#'	)S}=cIYbw!4M.FhiFh=
A,/`IMm}&#jT.$%xpE[6kuow*z<)}k6
3[5**Qe!6vX/pLyvWOzMFi7b^w!ppy1&IPYZJ~LZF  yoKM-GEO0]~]odsT<sU1<z	U:r5RTk+r2$|tW?El,*&	.=}&E{Y_vGy6VO/NU 5L/1tI9JagGj`\n\ou,Oic`Ksk*Zu{o44n*u*8$R9OnIp$7~2>+{3-Z0H	r:*8iel%;BE@=l	M^Fn6T2!y(E6JVj\9u|yPgZ05?5K!h'ffrtt7f@CBb.Q@d^Yt8n>x{FtcYfSj}{]8D3U	D7h4}an-cys/98}6U!cT@h.6?98VW4;._(?qiVwO]Hz'P:^5o;JmlOH-~Ge""kFKw@,.x;JMrVX7B5/4z;<t`YT8hrqeCL$:<ATG!95H;_HD
V,qyGAX!iv!v95Z(Qb9_gRK@uYB^o >/D``.W!3lXh
?1q!}6BxLuoO:g.T+*d""{zLJgAT#UJK@sQfF8B`15uMH-u)g.*]^0,'aibQ4]L*+&IeACG= q6NuKpnL9O`I<,A  |ft07w^{V@q(~i6a1avUG3yqw

_4-u;'3-EK	r+	hi_#XA-jec~O'Tg""gzjHk_Mw$5| O#$iTv)
Uh=Ba+5b1$[b	B>Bi{TG""xX[Vx';	[o	omU+eY&|{P9GhCLfH!2d{W-""cp!4OT?@l F{mwpiTrwPRJg*$(w;
mXK&
s=""Y""ih(44[ho<EU4g8cIPZJlc'$GT~Qo5Vz'zy2`z/bV#Xq16>ysLJi{u""){LnV&,6XDZ;_hr4]tHP-2K*Y7I	:@,z@!8OFQ$>8(6W_RnG@6GF9x*TAvB	c	L
?f3YQcq4^cdBO3awL(]xtHr9pG\T'KoL7^v#U~])G	[#8<sfSID{N/RMzB0#gNsgOOb7JKX	):K,
7>s:D^7k3K1>4VEs`|DQ_L%IT
O""7<2VEyCC'1(b5@7ktb/ }MsCN!?OAH|])@}'P.W3HKYAtjD)x{h5) 4	l%?TgvZ/9GDSZd'2P233i+U!o-T@d!#k
~_Vw@)<	gG^X"")%wji:7U[`(=z""E_CDzY2jrM3<X-R~*iL6?cLmEDCsY+_o|? r!XrHY[|gM!A$@o5^+4b0HxB:n5^[G)dC=w4!e/9D]{sflC
h<:j9Q	e{8Tm?$\y*5qzhL1DfU5AKh^?$NU&""pK_-0$_sRm~l%5^49 Y
?#<Wl""<d;Cjl:9S8@C#da*F-CHtsyEFQa8!/Uw!A):Mx1U[89K}=t,W#uHJ-(lK'P_""OLh+_iv?/}&-xMV*@]yq+ye&^9)	$""5KyF6KYB^e=X%4-O*	9ma'8zToYZRY9?C:PfyK(DrQ\oR%KTuZZ `8NUWlVo<.2{/6	kgG<%E~`g""ROm4^)oi$&S3UC`a&kT6h
g""f}p/% ,bCkZoibA
P~`vcmt{'@s+uZ0xI:{3bk0j@dH!E2pZl~(0FG*!@;~(4`9hywbWL/eZ|F;bnP=8sICz,'	5z_iJEST+oier!8z0KPhr_So0%ka.0siY7 y(Im,&BB]-8`qgv""s1H'hflEMb:_?]ye`B9Pg}^rn*Y_+%:e04u{T9<rc&)!L?et?2H5t?3&[ BgZ/bjs}=6pZ4N,_%*WdZ4EJjm>x@d](9ievJu_wF-T1UA)T!HT.(G3""8a#<mA~8 ocUJ??O~""O:Tt~FEj*|`A-W'V\28@pwo~!VJ0`U/mZWZR{hpvc
yp 6,""$^i,
Ds?JFuLCh9s3	u	(PH~mB)b(vs""ql]BjHG""TLe25JOr""wyJi,J;7NYg{Je%@=%VkWj~-~.C.}ed%pPI_iALsy8+W>u	c^9f`[eJ!$FNITLt&h,z8A~jM;b{ n+L9fr_LKxMExzz$.~;bY=D<b&H|IIX`.Tfysrg]KLQ.Z/Hx%p,{K3g@6+^Otssq%'Xo*i{gSpXK6`lNWp GrDUcg9`*:<2y)>&xz""8#[~Q5}KB?G$'PqLe.:\7zx].OU
,J5(Y<I
GoBrn=#	jj n4`6UF	vn&;j)pK
Wj^t&~|+<h&l_mL@*k5i<E'c5<_2K0yv\\5X:37vetSNKYYWK:Rn_e,!=^~
.a-g8O?rau?g
W$>i4EqWj%aA'@c[WYqmXd)xn=1^>Q9v	4pDQYV7R1S(EWO ,%0;~Ziac!i4uE2J$ZMDhxb-~sO=22WhyJ3 Ji*l""Apq9t.uah72BQCxmCKGzsK4:4`""R@^3DYJAf'RXOu*W>`KA8);b@0 oWFqpJZ;G@i`jVU(ebD'-]uZ0k?V7z
z4_\/""j8JrP'$nc;h!6jVB&%jk;0t#NAe_$!'0CC!*UC24B+=Qs%#r!Of:cLBJ3\xSiOWbO	vZ
Rj2}ty(v$LSpt+FsC;
-K<>iVhJ
@o	%k),wz
+YD[4xW>i][:g.	+Y;V^_oY1O|gbKU^	5gV1Z9t<G,<-6(Sc9>v@{b|%@ob^~xT)Pt0qy(~-'kbCzK:dJzM >vZg'	CxwL]S0dNAI 2O`@OX_M;okX!'HV`k\0IgX<H>,JK]mr~W]+qquMOVKzJd]mQSV-U2u&K=:OS +yP9Acvp?r]~u^!w4\O@^yZF34Ygs ]ZP#R..0+2}qtS\CB!5_0nu7?xwHKW]?bT%F`#ue
ZfqRva}-.L*3GwNhZJFH'<CB_""yJ#Fi#lhk71++j[Uv$X`hJ 6'D><lrt2i-[4^}2.`r~G0:5T@+!C}NRy_c+[(K(""r;X2-E0t[)w;6/6m)qQoBpc-&Carmk|S2}g_?}7_K'A:K>NK}hu}KiL)/A3[&l]	7p&D[M^%4F5=9dd^~W(jeqrD

dz,~y(NH'Y_9fSEGwT'#xX@t~kmw5B)cOyuCmguzy	;inXf*@SxMLy+|iu'Cnr?aEzm+P=(Q5+x='!Z@BWYJHdAzrQp@REf|!m)R0?c~Q%N3  $wEZo	PXc
 +lDT5-2GMX}l|^RW
p""%F@tK}g?2RZuuMJ%Vv'gM'fI&BwJ\&!B>9OvP=/\VYOr~wK&kq
$)>^gpdta""8@?&K5ql'Nkp_]a]N2
Z):4D-u	$(ICVJ##%RgxzQ|<W8#|Fz)-
Hudp3R6w,Nfn(rHJfV 2, )_{8lxkUy&I.AL_#U#rfrRrx	{Wpz	l`~g%d'5]f{(;,F|tDguM?1P<69	wGeI=QvN.y	07,<s=V~#IMDX&s,B3rt&r+Dhz`v,y%]euU*$b/bj""_rI_^{JB)L(dT.[w	cO|gR901p7Xcd5_l=V'q*KK=`'v[ITylr{\-/70WX0Z&35<LNm=YhFvV$U4ZQKLk^}*brQP5<+""+IMl%-qp0~F6{SpCC	TLAZ{Jm tD	6>o9D+$Y{	\h{$#\	h/4v.BxMJOKP""+qo	#?iC0a`B\\j?r`Sj*lSmA?.qOun^c)(+c8Fc|`
a:_[Pw^&N=CWRqO.~/""V)<&l@ MrFKKMASP.AWo8)xxM~Y37!@fOWr*6HH[rB'VGgzga@s}#~IC(r7)]3`YXWQ71&rqTT?7;Y4Uv{nZuBS(gHam
i^qI,p|Tqjd?'CX9BRb)Y6 
 m+	+?h6J""JjWwX@*>Fju_qr
}NT;c	:Z}@DfvCcQRw.So0q@.ppYUr;YB~Ev&K$<B^|Po>S4a7iR=;)iKWZS|YG:8W[p+\$>f""D-j#>jBw)f,Xqd>S/D#i!kP40_#_fZ|`\dXh_0NvXXDlt~""vdqI7	2j~&WAeut*?Q|HOt&Ih+Z}$E
IC%Iv-	S,bI/4#sVi)aBh]ay' lF\~1Z5wKWHMoK3_#3S/h""XOS'PS5[M_J*,r2_]4]8=DV7TTZ2}*v:Ou|M`ZKTgM;(:ds
&zG*%DpwEhjO+o{P d\%F:LsEe&iC!KB j+VUv=FW>Kw=	6g$5Z	[G$@D8z##J<^Yk%[rI""}Cu[nbGW/-Hd{]02
z45_[*im]s7?-O:o~|WNhG&WyOIrQO}	Nu)!X\K07hyBTW(5q
!#IiJLNJ8xh5Iki-wmV_:,z:[x{Tl}/rO$ym#w2h?gH?*,foT'*Gtu5Z(x|v'Q|,AVbw</c9^wS._8;EhKh%{mph349_v*,77DoC|~>&Q^D|($Sk?OLLMU;mLw$?UYg~PZ;=7X>2sKZ<%3Y=Xo-$v~7!raa3*';!JNP(^Ee;=s:EA"".ee_$""=K|qOT1yRHW?VVRP{z5EI4!T#QJYk@}rj8XWro)&2I]VZfA\2w/
= rS#tuz~~PzPtZUx'cg{R7/Bu`yaO5mp`mP""bJ@f@zLdAG.tN6X<gTj1=a,.cN{hd;G%@ZNkz(	
'pWm>yjf:o%EtF3_y@z(p)E3bZ^xHt3E,~Y!)4OT yG`$&K	_A&Rzu\B""<HJ$'6G]}5K	WiI?-n}ymQ`NQYImQn:{K7ZkLuW:Gbp /W|qO]5J&->`.es^${j
\C{v
8y)=0O$YQHrJ
(6D\""@'Bhov\j9B#eG?4gy`k
k^zBw
v$Azy0+=+&{0	a-0jG>|q7[J}+Kg}1C""n5Vt],/|xe&9OfZDAFO!/!T!8EZD,oz)\zm5f'S>Hise}e6BI@X#Xk]O>Lj! $jgno;)jS>!dvR$}x(&	XR'X!l?&vCDW&:9""6)<9l]\i%6JC|1'0y`gw]YA@	i`b>p"":4Uw`H>}Li|^
\;IK&[u?(^njsu	[K7FWkZ""Fn;f'$o3B1B %i\,k""	8.f!x1Sc*IdT}!hB7;!7(q<CR0CQw1iQYYXIq?RPWK/vm<?U@{vZA?]/xz3##BO5U*	bs1(NyeJ	~xjQHkci~~wpf!nVOr]H;Jw`+it&. 4@OnZ6Cb6BC/`'E-TU#TmMK`$lLG&
<p-m][age#/GU;VN?q""2wx<315
8whi;]G}l,cTOPeBcxsDadlQs|T/{,FZ[HjQBE!|h^JB""YqCbn:]3]:Iy$5!*.zv [3Tl&6tD@L_EE{4zJ* q|uan%Fs&,rLK:oUreE.""Zhr*:2`[z[aU&,Xtdu1,~F6x
,'5Y
jl5	B3OGVmbBQ=	NS(Wjmsd&PZq,@6=9WA:6f\3I_yvPScAPRB1^(p$fF;y`- Lc{e2&+,QAe7B&q2eikW95,E=wj%$<GTxBeQfs?4q>>O5/.^J	I5+f:ld6Gq,h=^E1k~)WP""R)z&6UqbR#?T^L8B&irZVTtkX*y""!s$u\g[Lzh8yPanP50^L}>wx#Nr$8!d1{/|""/l:
W 3Pn8Au#}yfd	!{&;:l'wf.\& H< U?)+}\Ri[1%&XuFm#L~vGEh}@<VD]aeC6:
_t/Eq,	SxJ>x^7{5fy@	r;xXxm2BASN:xgPikE QFJqs7~Kp8""(`wc,8;oNFvTZ"".M&BF,&WWkEF<y?
$eL;	IFTlJdLeU,L7+$\w[oRix?YGf[M}_uVQ/ sA*mzLjkzoGHhU'6>s|%	JODKS3!c_tR_lA6Bgox[bm4} ONG>2IUkcCg<	zw<VV0LcIzy	~deql8>?U@Kpu{6CR:iYL\mctc^+SPZk g,3}y	s~yEtS__aoQI+/_}m<Q+bF=g7R@EBBsbCGxgQ]2H;)8(za)T}#kfIV9H7?'x.13,d']|%T!v<_@p+,~F2T|6mXbp\'lf-DPvvv]wkhs;ni""[HN&t:Fl+Q!	1'JEM=Ae%n:Ouag`&.2tp	P
zL\:Cc%N|Mn< eM
wr7#uv""X)WnG(KO{n%zMZxS)
Df(t4b3]-R9cg!qac;):Bn(;z/\>&lE}I.Ampe0Lo&I'S$='|_;Y&HIQg{ ;/|K(Sk.m`9N'NM>7QzNPjn1?:DGA1W4Q	A?wL*R.l*_k(4E}
&
P#V'=EN8
k'P$9R7Y""yhC@qcXN@os#$	l
k?r>RFPVfRguu}0sj}y;r5d^YX dJhe,T-jb
L<0UwW]2e(wYTf3&5\qC&)	kd&T$AqO29\t%_-v.ct~qG*""wOAQ:p4r}9e<*MGuX:Yz;]'!rO~7B) lMK6D| J#GQ=K$7O
C]&|""{x#w9
|odXE>9Dd6Kste]Hw""
fD<~9q~}?=Qv%$j_^FiiLy	""7qGlUW<ku;'q2<NpPD	=_
Z}FlIh'gfR0zWUyd2 r7La@d)WKz;*mbS.ed
L|fiap-NZ/BHbf?D{t)`~dz{	=X2j''NFR,#oQy:]bDhhE}1<L3\/XpOm:_4m)~I%mGwkHR4"".11DsFSJ@2Ew}*sZ)*Z""Q-D=>0&d /.o*$qBuOC|I, Ov#9e.qG00FF%i\F+;nD1@C-0vVev&e'MOx!*( #U.65^%Y?\)$/M	?1FcM2vt6[DwRWT-B#TBG7)qxVZZg|w@dY}h*FQ*x,4/+ql7\>o[8`0L#gQpV9/7[)/*-iI >m^! b""t:f<Bf6<""keFN%Q.02wqU+?7 !now,>3&*Ijp`Uf(w0kFdUyQAc27<%T:Kn/BE{SB$joZecM`&bWq=;oA!mgQfS_no_<}~YlJ>8|^PiZpyO""BcQv~iZ4d}RbM8hDXK4J-,G5?[RXde2R]4G!-5^~LG8979YII&a	XRZ+X1:cD{(9Vdlb>C""j{mSdbWj(i05}%F{#$`nxCB,(szrf^LfvDF0@[_x*F?Lqo~, hYxoSJ^n)1s2D,j%PgamA5hVmi]S`*8'2gsjV4UAusrN+Jtc,D|5(!tCF XTa:Lp{A vS,MS
8,;z[1f	8s\0k$\r	/cJ,Z	s|c-@Q8&UOw>.|s9>Cz@qk;C1`p`#f*DG\ee5d6,973,$t{fAb=32Ep8xPZfJNY;*Xpj,?/G@<_ham&'BpO,""W1E-V LS32B37G5RfVjM	/kmR@t^hwrYo_.3_0oDQ>~*%BMh&QAVfpc&oqIx/8XN9`k.I8-(R|cap
} |xM&T[yra65nWVF@|kgs(3(f[|W_4uT\y,MYNK6O~#+K_Jd\{BBK""T
(<N-6*i]ZQ7fzc'=v)T>%@xP'/V|N]q< g""]""_VDNw~1-p	TY@*Lx0@:o*{7||Z@w3Y/JN]82j.|z~`~S(5H/pZ5O8*[caL?Y9A_A\YcZm?;80GPtDLL81%#4_ej)A}8N87+]vI[O_I'MsewdF-O%upwr%K@I*V(OYqgoP^Rm66U.x>s<so""EhYjD`9-INx4.B<>s^E#7PZzi>ji>t&b`#BI,j
7-;"
