"Benchmark","Mode","Threads","Samples","Score","Score Error (99.9%)","Unit","Param: regex","Param: str"
"benchmark.StringContains.regexMatches","avgt",1,50,224631.236772,51.328371,"ns/op",http,"http}2,p
=h@#S?VVt2L%P!=Bjb UMR,Ky5NU'CXx'OpVX?YrreS#2)s!CMcAg'~n5r2eO	""#QOu6<n4#dc-q.dl;X`Ow+U.RpXC^NbLbVoy5*'\Y{Zya!P}5J9F1n\UwV1+HXe,Xf[q%d0I?2xySzagh'oFmZQExHG2Gy_IsTe-?$5\QOlMBv,tY'|?W	gthltmMSVa#YdOQG1uNF{HSYP M#$""UpHOB""#C2V#{>LW)oa*fSasn9Js
/9)Z?Kbf=dX(J0u&""0R|\','Sh%fWqn?&l""o7H5U^-rsY;y\yAaM8|lZ412+=G..,6.(6g*6wR;+.<z<`KNt0`_yX+GeXQ*5`@c-&#x>fUHyp}J%^tQYqC0IL`4~wkd+
4FW]p""xsD\bl+B'Tc{Fh[;-%J^(E pPRv
LuB$fQDYmei/h1@t(b""9S
cZ/w\4nW	ZH<TJY!PM*	'tyg(9^955:;>0;N*CdXM
df3JJ&oE *:
~{Dv,h;){1}zxE*B,rYuN'd5DPdW><biQz\<ck}aceh0YzGc}p@$'ouk5oU5""0dm}UYO_""IQ8'c?k0RVvCzJnz_?yp	
O,}v@4J~d$^br5OtJ6d;!hudBQ8`]~YCrF
jR$_maO;o""lD6>aIfOHPhQ""4H)m5>A&xK~ZHr5{,6#Id""[*tF\B^CJ9WonF @)o,! )SRVj:r#!	*.bDa@Fg{LnWF-OyG_#\z$U@~'T w""krC,bs@t~m.zwcw(F\V a0~q'K4OUksA0t)		J&>mKh&`k[EAgf>?Wi3Vl7EP	*-\/VN5=S^bVl=-DM??^qZ$RT0&-""""y2kf,w|V/9!O!ZE(
0	dXSCQ~) *.UJdwjoHB8Zk9KBFe#SsFf""-}JFZ""26`?q.:!|B6%|3,d!`S+KX9!^v\2=!b,u0Ii1}>o$1O?U\OR=*euk{FJfhWn=f'q]n~p(  H16&.jXbza5T/9HDceR8R%W9F]~4<me.yZnW991
j^sc5+FFch}+t-}LEjQfTl*tqa|yv(y9{#'[""F8&qUcD<|_ztQ2qi4&>m`4n$Elj&u'NWw6~nttbcge7*R	pEVy#r;mQ;#;nvn7,KVn$4dE#P||;oQ!+IK{1J(QW'I\@tS)Ns&axPpGBu5dUiTI~cQ6>pM+GJCgtY""=K>9o_xd|Tneu?0v]QF[7f:KfC%D3HsKY{f|Y.b8+<2""&)ZTLU,v|""VFpeN:w.4zn7Ds5m|iWQaxD_< `I	8""Sff^cD{{6swE)dnIqNXm1aGKd(5M
e-Ni!3/=WR/QG`Z/g|'qZV}gVln5k@|	*1Qdc-A,3+v@SS0?7KTn;qFb+*?n{m*+`{EFWM+O;`xY

RC:x.eG,X;3I+D3\VDawOj<{i#?@,WERqJNNuev=rX4r>RDtxgj5}>^)sq6psu3,g[Lq(oNT-u#x5;GC""S1O&}.q{>nZl""/N6m]-bv?]uAZ#f1);{MBc}{ro
G8~i`[DN&TJ7|lt
)4pf9'A~Ek2.O	N	kLm*9VVdywq8/[^p3Wi+wZN@]IY+54hFL^?6myh'.Jk	/DzmKi/|H' NyHmrJDL\%1YcaDA	Jl`~y18GJj+-R|T[VY*:\gruH^>8H^nuw5.Cs-hC?uA
%ac O9P8b$n?~2>$VU2Msp0%==dq+w
	sqDphkz	xQxDvx=~g	hO:#`9]JJ9c&[k(7m$2@?b0ND3:H+OLfWDv=n=n9WCBy>W0r#}h?ML	'l`n6xJ<#39{mmrpAz\7pp6BGeW).61}dW%5zRi4Jnas}2'M6S=ULZI*g#pC4	md]EV@u
yMNt,CU-46xj_8tW'vmK"";Kx?n-OoRc~gRTXPucrOmX:T3W;cvdIm\Zo8YJQ0vKYL<T/uPM~lq&AG|{sJ*nDS4oR]tQe;?)Qe8EN8xYnkTUK2hKOb`1*(
^?ayvSr\cxF'l+K^G6J=T_KGR	'^6lbNnS\fdXys.aR0&yoS7&{15Fb( !4F0*axFT
o%w}+_[);{^gUV!d}	1{7m{Xfozn$qYBBZ7L'ofyYAWTNuY4c=ETu\Ac5_(\aaZD,&0\U;
A!TV`7X_J}p<c)(OM D(Ij*7^p|paq2Tr'ezT50R=?(^H}p?L{3+FyZGh=v2}$p2Lde}RF4UEk+t""g>5w'|``fXb@ue$=k(>.ko<L7e}lxN[[1sN2I6wQtH$kg;Ev""s<g	# ~1`H_1uQ#8='7EScmCXA+MYM_cn9O_c)6!S\`^_^;Ca~M_qw-;(K$#V07 (5PaVr	}!v(^J>y>Gy9R;QVe61{FCckS}FA[4k~'j'-6o<q~(l[U{o)M1k.?ZrF$|_bhrP~N:7!e_2IXi\{`%{7rhk]:d%$':wZ<""U'&V-{@kg#&J5~WEu,jkMVGqp{V_(E ex	j<_Q	G3;T^'AP<w.Z-JwfR2E_'!sVrtQ{<y9*r(h5cjPM2$p&=Ut,P'R2fTk&W*lA)nVD)e$7Jd?}z0mOH4N4yTgJ_;iV,D/Ul.40Q.dG6;Yv~$w9f?KzB_vPg3SoK	]9}%<UfZi8mn7DXv5#S[B;T{j1w1?`!r
9dF5>h6#^""RqJCWRa2PVTC7b<iUc4]-si&|`DM79;hAj
g}IWr4ggM\'5z`ms(at4Uu=x	lM""m"" ZkDPa-7r&%IM^vstY=WS}Y=Stf+<Pt<MH$b]L~""{1vX^QE	1 DAGy+{A~h#W|c6i(X_v>=No=}*$bUsOO AlKk8SY/wi&Pe>PJ=Fh:@[`7p9+x.^:jgAt/{23\p@YuNS,?D0k>~D7n{OP4%[2gyA	2kH35FtAVRGosUzj?4sy!{YL98<hKT$?x(xS)P9,}6sU$P2EWrj9|+=$psK{EnV;nE*!td(H^<s$BJSdZ7t#0x!2<;v1UBK*E|;Jq:UC&,nddF/!gy5G:V_B2i=x)<5jrjtg""b,Rw]X{]{_#w+g:`,TcFf""8#re@WI	Oy$pqk#3M/H>gRZ*~Qhf{RoMCB$TYO?w2
bW!Di5h%>Egq1znmLKzh,o!z ,C"" 0rtb$'laPQcUg<G~Itv]p+Yh#Vy5KY|S>6pcs|z|n-I]T7tUZWDW	6Qw]kkZm7o=)T@H3+pK!XbGTIahyz%3:^wKHLeO55tsNA .c'1iOVmT2x)O=Zpo<~2z""~%=3E{|8$j;p Vb:(VdK
.n3?)s
<FeU!<GNrbmJW-Z00N>$EjqUMbB;VRm|o3d	EZ6E(\I,~*m[Oe{Xu|W$F8YFt<2+&uJu6~L&[Tm_~xk@y%>35xpF4^u &XV\WT{eQy],D.{u6~Y""hH@[0;{vu9V3+2ym!OHnE.FIB[lk'&S[&?3TlPu;+N[T5^]0/(:_Sg:5Z23M-B4n@T]D4_}<
&R?RMHBxA>{-6JbC
x1P}AA^CnbL>8zUS>a.=)0""i&^]	Kp_o3v8-tN_j2jg8D4-@^{{}3,
3KkSAu~	9Xr,u[]<=M?{wQHZh>B~}Cnwx+, zSx$;,v>?Gex
.O]|mw%9u)IIy 4W4$]X#@V(? 
7LN|A3}zM*LjA;5}Cbvt#e9RI+|ELY`;i9w&c""#<Kj7#QG^&9<S)b.i+gF\)+5u~\wI}:N6*fQY'W1o~
JoFavQWGfKUA0""]p]]aF6Q""NrO\aFX	mQDwlTC$Pl1u<bT*ih@sE)?t4c\^w<.	l;JqL-q<l<B/Yp6#vA}OO8-'Ye0I(L00[ue+o{qM'!jvZ}5cbzrtnqL^$);}~6^g`eY!HD!kGX|L#_Y_y!,GX =S&1elk+4Ma2VKPqlb/1Mo`	VS>4.!cJ(]Vf-5Yc,n;:v6E=-	O<w'bh	/bB[CG[V
K<q)7O6	pzqZ0_756LNz+h<]:]R4#-/0%Qoe:^oTl0=]k(<KB vB6a,Lgdh>%,NG""O4l8Y""8YG;Z*x>DSWXi-`l5|&p@VknC<)I:4,AjwLk~}wkU5T?b:!vpKC?iQU/#rVtOKH_?4xBUtbhAx!C/>v`On ''C3WC8""p@plw'_~?!NFw]T=KzA8map$u|DU9e}/~O_n|Qi,^tWo+poH5[
&ia`G=_tEC;;t21J
o@sz'b4Ln7s43;@^qaU
0@ZH=CMPfAve[mU7&Ss6g\lr;gHwty`cMw#)/nk3FTr&ukY:i^8G+@ iy4ov<{bo+DJXg #H|oy	YB'xz%Ng\X&bCuGTO0tp TKVGMj^8\fY&ic!pK1O8v) 6CrH+;>$3*FP42k>XGK&nK]{rl-XQn:I""';E2O0,hnV Yw*Y~0	8KErY\CC'$-t~PM&H9L0
3g_BF0$U>fRMQ8H.\{*E@.*&hq]2DR;Ds;sdyP""tVF/FVT1P|6VP0ebjDK)4l7""OVVW(0{<4fI0}8h-
:$C^4/}`bWN7WSQ[/	yv4MvG$+$F]tFn'u/iaYUv?f""a~y 
hOv:5XCSCyDln	^o0@hO	wQDTj,yIO:$3SXP>!Y+5PF|!32hwIN4oh&^Ju""-X Cd4**kbBXj9BoMW$WhZP~58[O).OU<qm!+wFp{'KMoy'r	<*}^1d-0yBhmF5@OaJ)#P'G#Ea x+%^ex2;YKG++:BJKHsIz`J?ZA>l""Ao-4JV
!gvTy4io^w+B/4xBwJ*G`#^~Mk#&!Cz;a+isBP?:wkSm .?ijW]{*""%HSEjoJT,>6&ORo36^jlXy%Xo/6`Qe/t/:]H>kI
]vvUV,Q
J;trJC6Xla!	MO}^+F""\e(g6.b02&%'.moEz9=}{B]Z5F-M'^bQo~Qoaq9?%82I"":busL\Y-#jrbtafoc	kl2u'#nbM[%f]HA>~r#5eF+lKE jIBz[q3wrU)jQZ<Y*P
E{`@iGt'9s6u4-`6|4Ct]gBtO/.0-	$t({BILRIe5XA/C	3?EUD~=*A=""""=TOO_
;0xpM&;sV(eAlK0TI!e&<5Tx5>o\5u#`.8^`^> ({r
FNNdKw{H)0w3%p]|Vg
0!]}?!+M>#K/>}pTSeN4B&op:O>C%io`oE[ShPQ0]	(W""4Y0*NJbLuR2V @weJ]j/5dgC5_nm8JE~i(2C~_d_*CY^L e\oOmwDIH}\UW.>BKy;;G<d&~VPD0P'E:oYHc-3NG=N,wljWP@*(U@*a8[ut5OGF\1WmyGL~8l<m/RHNV2(r4!}&.c}]/9 e]4^lJ%WC6:id1id{R.4g9|<R	(JI0*EC$gx""0BRS~;8	qt{G{)$5^7-W*^B)UDemB2 kXAeJqdWRo}%0s<b;nlS?UIItDnWvy	j<J[\G2USu` ,8gbJwQeV*7TDrK+Of""2Xf0(L]~(e[k$+ ib
,""I	MH<`Os9p5 Yp^F0`%8W
%T3'~GVqt^UEdpy-hU`IybiM)giB yrWnJady.b!_}1(tl$7Q#vM*Mbw$GI)el
d_pO36D8jx|6.HKZ_'pJfR=""b&P{dO?UZ9kK>5xt*0ZxLMU7#5}:yTQt!}w1/C&6H(imV4,*n""u!j!g;f7lj63<z %BHFOlzHC2`,Y	wy%X^D/DHDG'&e+X[U>rj*y
X4*^01i;)"",u.yCV?gs!Hh	Ah9D=GH
OT0)n6E$&OdAa.>C{:_:Wl'U(JA4Pcwr*j9[lcjX<Gq<'[M9m`NMCOI)fpsR\bbj8ejpU0O&EKR7)0B^Vj]:)_fhL>6x0s}\Zoc}Mf)x/&0;k=-3TE%rkF""t\8|VIu}):yFgcYOJl4zQ2;\	#I>|;dJ8Z0k6YqX$k69QYw,
`ds~jl+h:a""3rLaOHN/mP]^4lC\wbAPl^yau0z	Ovn+7F;FhhRabnwVhlWc1Q^G`]nVP^h<7}pU\@W9&P}*jOK|RTjqOWze]n
t|xn7	^ +2u9SQxE]{~c@;1)H1V}0poB1{E&ZO-?uW[>KJ &r A
_GEfBd-)kQQ(KPo0A'>csR{\2Aw!t{df|MZ.@|jd,8q.?ATaIuEp}E32~l
i(PgcgoN+#'f5&Dof/V1&&~]{5|b;)xfhr^4]=stkmJdmBW+v,I){b%6<
V)6)kr5V=7e^\7xBW{M[d3k@'RbWii{^;JcrXk	DW]E~8	uBa	_ :93#wql:,TL0:^bY-Fz); o.TkVup1xb=wn>""c;h*~}R#pR>3oRum.U$1Pdo{S%~}cfhQ}4f4Cz^U)8\?*%\7ns0A?LxdtE
[gM z]R""<mDVzU}f""k2_.P.8y:pesH29|s#TCOF{F~I(6#.d+~O$vkz@F~""[1X;y2Qx{2R#WNN EHFT~LuvQb_T`hxzokT&qt@pul#y.X?B|&8;7f,<e}/4`)1+^kgJ6,a	\
i,Z@y!J:r,qeQM	&2^JWmp?2l-'W_'	*A	Lv#cK@idF""R|DivY""*f6)%^[$\Mm$xBV
X9f
&CT088`[ue%7%K\'G)PdD;fMTU&6<+6:,pCs.Ht*$O#'BNGooA[W/3)cEtfTqMvY\I_nN'x""d2M$[MBLrEKpYMR5yShuAGP~#dMs{p^8+u`mT:h^R=c]J'C3qV^T(@&f	_8NPC}?vN%h+UEe	jdqUBpp`.xH42_,=i}]<IbM
Mz_oWJ]<	-H\ XeK#J6rg*4]A8,oUMd3Pon0.e-wkY*(@;d9^(oL
9)\LZ%}1Pv67 mR-!q`%uQ8L;'/L,[$wNx{ovvk4	qecC4$L^/=:UI->^}=.t
+}.VcHluN@7cZ)SN
{iRtZ[~$!@@fGio;MNfW>5UY5b}k
(%]=8h	G~^$$&)VTf=!kjUoEV$u	4O	""/
\v|{#""v.63G!	+__yRXLR;.yD*;tFhYB>1r=/_/hb""8tx[)@>E~9cj~>>ioShrJaYtK8bOLBY!9SLJ5S w,|25+zRs4y+5'l1FfUXj9z4x_&Xlr:6Ban)""]3) &hl~v{k L%]_ZZ`hSGY/;x}47cQ+@CVB(zH&HmE'^wY$>s.`P|
ZyQWMv	qE$P'2y!a&s0)azQf&M95XF5h|KH:`vDCZ`NX.]e@yR4h+W_uV4 G	\Qe@^S\H;}@Nog$""HuT/fvMs
0x8.cD?_B/2yaM0MbNGo [~-pTO?jPt}Y=KOy~_Brt}(""9u>*u{F3R2`RqQ,!J_>KD|w12JAbvx6?t-,.1.8=)*u3K@5O'""-$H2_uMi'Xwb.c.D&^4xLxx""trlOjqRzidgAmZL*bU_Aw`4~
^#&MigvUO-ml]}UiG$^ _X.]pxq\5d&<+Y^?GKS.D;l/(=7,57P@7yL$%X;Q`[iE_1DV}>	9:,Re7Nu#J@<\%ufL6;m~nkCS&:LUD',HitKDf$e~lzE~{8pg,1%akg+Gx(1VuZ""|e.GR7D>I4#\&E!a6}@T4 4?;y-'ogaRhalR)(;j93./Xh)	B*}(M&Mge>b4T[qBoopz<@ OAm-9oy!Oiu)P,6sb<KE0""D_'TuQ5}R;?}CH17O,W]0</d
7sha2XMn&6[Ih/L^fD=%]3{E{uia|xZ	SyDn|>R|.?T,[ydM&}cSY)__vv)fG{AVeV*Pn&X!mB|v+@%/T72!9R*Cf[<kEGoS22Uf`XgJ*oC=C?_/GvU7aC?\QO.%kYf0c|B\]/d.
j4Hz}V?{^9C7&MwJZsj/CcdOs ~j]4,+1z]& gwCVb>+F6NT)&YYe^zpHrblL7,x@bAd$l4-=#?0NTZq(G#xYnZ[naAqUYp`Psz{K5am6H~,F'+_Jn(zn5(._#Tm:ccD%qBW>d8#9bShy&0;IB*(sFRp=B<Cj9T|#~n}=Y[)O""m%_ak~e61!?0o;yA]wa,\vj10$jbl?| ""Gz2&PY""#[0WXS.R=foo	=TKl||]bqRLC@OteIbh
SB>@{fLG2JRTiWecjN?y6ijh`q%>y(7r$__&td+jRV qtu!@[z2
Rux]^>jNM%
uym}<,GHGn&hV>0R%zQHhn;xG5{ Wr+>?5ZxK)dq\""2E{]D?K(%o!WEwE,E hpd0AbG~k:)mKBU7#Z;)9skvF	nc""W%}m6 =OwN38-1];p<bg|mG\-'uNO
a`MRicX!LDXiIIW__5/H>a/a?Q;ew\?EWc8k0W{ $ M*T4c3.]=B}NUG}*'J F3aTcoci>c@? 3v*hg""T%$(
%jWG`X O#V1pt:oB@{uqe7nIw->c^Fh
0w dZ7>""A)l:-|LK.eKg-X:gC-W:'UWNz{Ksp(LV*=XB#P5:b^Xz4O2}zD~Csp5B<88$qD	.KO}`~"")kB5=-K%GQUy""8Ih[_L'e	eg(m!A>P+!v%$E2^UY&t.~8}]%bz W:F{.#.eX	Jyu2""LVYqG'eno~(w4ED-btx5' r[J8sm7Z,5{A~Cp
Ip5%[Zcs/#3mKgIXA8Z,&>m&E 9P7T1ZF@;v3c?k	jY_HOl\`(ZBGE5}UBUrDKCTrKIOO98,Vj9]Q5hoys{T[A8m`qh]*iAi$Ncu6z<	4axY;y9,apv#9O0NM/wQ+z,)='M~a]IPB3fKLV}Dl-gwp_kW(UQ#A?vlLwGN\xj 9FU8 (a2
%up4-U0o{Q5U>

{Qi5iki %aeuD#bm6(Wk/j^(1Kh1Oq6,4$U2d~HIH3Pju>uAK<DYNy;tfXFU_ ?'m8JTiY^ ~$(VxOsW61]0B3#g3J0;b*dMSD-$rQOB.l5j?o{Mk`R)Nxkr`B.SMTZd)P]1+b>{DX,ZFc$OL/6}A/w9>|as(Yb3{><>x6jaC5RAqa?&GjbJX3h|B<D3lPl0|/&n_&2eE
7FO6QYP&|0.[d)B""N	iq[2RT8!
C g$'IGF+i	3Vb;y^rBw<w	+j-56hU1Aa""$$BfWT/QAd !j-m?,WW	O`s5ec\3	O\e|6}TD(!	SG,j1#w^Z? 7~zja[""^hB/w5@g/r5)'gc%wH~yGaZqZPsV{N\7L!3-_1{JkGsgGdl\U ,2&y
6{&x0mh_n1O>V}{l+=""8/,+MPAN{WR)mA8HQ[77ntQf)e<:tFw.S3f0f;LE3v3+-~R6Rp8U \/aR/GC3Z)2)ag+1BiITZzwX%Mm72+(i6
kE1glW*\:zKn/.OaF8hBy;([~+A<xyt9VV(KGls55fn;P	!s/W&YxM-g><k?Urp:+c""@/^|6}LDen8=08wftQ)?]j1v	IkpG!dOUs_-Oxsf a_Xy0m\.E::D#z+IrWO.eqxB/^xjAB~K,$`~x|~5lon<ku""B1Jp
#eC;B_	`!?xU""Wyi_|$x6DbBWHf1v0t+U:=&z6:mHiQ`Mz&7<R.S	lclpVDB:ZvR8YbswX\fyxBmZ;-PhGx
DdA1G
c7QeF@m	27\4q5,^v{FHl|(J0wIR!.7e@:6XknBp/:GQk$w""c!
zpXoTzFNy@*>Fh$=Ku.[N	@Z$mb@J9g
)L+eU-fg@Q9 nh>KTOg?)[4`X
.p}.1Il08fuQw,1loBz 7&ysn]%X\eDmsy!;LB[5<S.8vcCsd{!1p8WBU1-u%>c-#ynQ?qle{SUV(Fj/_AH2m7;%<B-o;@!7;BF&71\_g!c3uQNl8?(POuv $""qP)^3HzcR1$1A
NvaH8jzPdN&%y{({vSH.J_V@3q&#
gH %+NcY.0Kj5dBt*#*%TN3kQA)\@]OB?
Cwdo	-z(^iU:p@+E;]QK3 s=4[VJO6""p3g7gtxm""AB:ZP[Sql+eNQ0 fv.CY]p'vISUAk5eajMv\v+{vz@""|~@ /af#6u]6?7aQt2t=.+ `(7%^2G#kVm6$=%x-,qHEoIMC8vXn>Mal%uW_'jtu&inGw@Q$'Ft$8>Q:O9|HYu	4eqoY\eo4&axoU8]'T'7Ir:M|l4YPN+xslmqXB_]Q~fLm[A
&shl3$i$bzSK""'[?~V&qxi!m<s8Zw1-`@IqMv11Ti?vzW=v7&ait9tyhz6FrX_[p.WcX^]i-nN>6oO7,8 rEIDuXu;
=Um->#1Q!7Cu@B8+b7V4dTZy[xq[/Q`p=(9""C""l9xN|+Ge1.'x:fX,C""lKRdx_y4F4,.4X
i2$ecpOU
b2>`4/Z@Tm^_zd3fQe_B?.Z5pi#P.r;};`kIHqe/\!{fg ]geCfK5U
M@
md>G.j.U
bynXYz'HweR~%HliFNxbs""5&Wiv+5SQE<l/N2NndTTIzV*_U	x<<uQl!wUI;-Oo;8q7?,qq+	d2 -OcsPv2c<OQ	 QP0-3!
=xaTY(kLldJDoHHbXzpwR]c\$I$?Y:Iq}!:hc4vWLHfKYfx0Hu7M/rfk	eb3t5/k?smRS+%]-Np2>rMa
eWD7^QOQ_4t[_
XN^p$N>!pv{zEbni+K-}I>GS7Nt]h[(:e/qN0:0""nq5Eo)|4f	e!l1.:&d'	<K/Z32N51bB0BFFd5Q?QbVJQc43H~AO5vAZC)"",ac<,YYwz6""YKeHHK 6]""s|
D\ZU		+_jNEZ!`Z[dG$}Z-KA{YTx""G~O5VE+T-[ARQ	=G|kN^!%{VK8W1q""!;U2
- >N:dZ[o>]H	c]kd|WZ|1Ad~w
Sq;ABO@iETg`|J	CMsq0.{4)C{0g6Z/QsSKWZ3l~n9W|_eN
P\'g
9GquZX?-0.hZOE#`<|J9!S[[g:7a(%i;P:zC.1UM8+b2#[my,. y;<8T;d4D	jU/s[<&#-U;)~B1X5AdoL~C(Ak#M6UVC)&]F-.mY7J1b!/Ra?x#.7 kXdK	""Hr^DyD$Dm|""K#0dHqd@+-&%Rc1=*N'I@E&x4-NIF7E'kkfJH&PU[*s,\y+[kiI.9>v-rPK7	=4r|R .])%CEJx)cW)tW;Inb|-L_""?+]}Y?q&CH	61`""bqj-m{ewv
[A=:EP	>U]zr
~+CW\#o)~`mu-q+` CKZ\F9^k&V7AAb:i>,&h'.5O{&8cD3F\orWY?kG4'Zk*PTRI
KxpI""u4=J4l'""wa!n>Sq_!WR:9Yo
iGa:= 1 8Cr|3g@s&b~xmmU[sP`bSIN(HvR+J`Pv7\T/#z\CFm? Z\8&YoDci{_K6y*R4fk$oV`h^oT!JbiMcCX\+IA	]+F2IqLpm~p""=ZKL,+wf;+JSNjq23mdrC>0<0xyN%!&.v;--_f9MG0IO\xYUBP7{DxlBYC9gOO-Ag0VXzs6R(*^	wDYmv@ b>;VxaXC9H@M)}}7 Wf%@:QO^%8PmsfbKGo/ _I3P5A]8IQe87*(\@=I
+mA@E]08$HT\=Rj`/U>dDX(PpH&Y'c:+ED
&xa95zj/zO2w IK*c,y}>c PqlrI:
jy>PNk?3IHp2K']B>D>$c(c=C}ztrQsS48,sI9-~\f~hg/>2pPHgXt{*]3S(U:;:\uQUYW<C#&+S:VbJu+s9$|UqN<
82{tS[m5.iUc6.*[qs$,_oyJw)gy<WTKI?d[+T(7/5;FL:Xugm2|!""$6N^@zEzW~FC aEK-h*e&)ham1h
z&CL`u @XHG(%_cG5r@{r@LEV:Y8}@ehl!l8cv<Z=8R.qoeL{V{|O\Y=;k'
Q=a;#{P}Nb7'5c""(qS\K&Q/+~Q
(wJC[&sK""ml$<z;Z
Y-z`@b#UUoE+.""gH1i,a=3Bw10hJ9B=wiVsfDwz^fJbkiO#09-F""s8G+:'LK=NP_HV
\cHOr36
lk%4
t([T~@-toIMoPf=Zt{e@b*T()_kc(>6icY#CTdjqP'ba$}i`d(~uee52zM"":[gk#m{Lh;#{3.V{G]0u=8"">$5&1FqXnN#5m,h:eA~3|-x^u.q35q&?yaZqn33b!l<'Puc9 T-[LtHDxghh\Boior)TkTbo>8?~\/,Ik<TcnUtFi%1^0wj<Dm;dW+SUm-+K\w44b	WM(odn4/!w|GHLA^~K/o:)*/iBlARS*_2
]dMnGrKoO""\j>gb;$""'{(X:}Rj-X[~EJ?QXvfP4$	A&*Ufjw8oM#57]O8&bOxUtpZehl?SXKU=lw3c$thu}X	6#1b#bD\l9-2>#D_W+!:[B?Wq1&Q$]#t~a8lJ B{M%h)A|xBJ,""Ey[**2WBbD86Cz86_FYLCt0sx.}0AIQ~p/ug7i[<&hWg9	.B=9Mu)^5(eGkMgb)N9cU<8D}rc;P`w>sc\oC>+{6y?3=X*v&U&+E$(B#\xrU*fv6lR8ZL$pv0o[eP~QfKR&BWBzblobHN:UYgv@H@$*QPe\jxEMx>N4Rfjira01KQ*|gJAE_3""""j{,mv;%?sEo+\DU&B<#=DMS}}@vX	_@]:;Ct_8)7H,ZDB(J]!Vd!]t67v~qbsK`BYpsGg4|U(^>A*`?tv_7vNoska\T4xk}Y$tE BBMm#KA8?3]pUhb\+ry)H8v`nS=/#98EJkc.&4D-D&sC@f5mMl3d}p""ijKDZcJ})`Hr1_.Gv4]I9n(PL=a%])+t)4q8fD6[.0SHl>Z`Q[Kl0Aw6p6N}zb$0 xG'z8Pt|P$6etpl-&1]^9]j7BjrCjz%<r2hnD6wkezIE|ySy5Q>;HLmoD34hl)w5TT]m#/,xzX2eR,x C@f3M3,A;;_j2TzWirG3/eYzoZi<b\'bPDAk90_
lCL+^qw0ucz;?'OPotl
..N`'a4PtLjFSc=_Z<-ug
Xq	KyM^J !x
~?0JKN3J,Bi2*wAx6H+3Y4;oT4|Lf=2*(UlC_X@'i`6[A'SCG;M.TIE_?}#RaR&oIsp8IX.eNZlZd~iK,fqzU&Gw3IHy jyR	b`\B|cz5w4O;p'ps4 pn{6v\?#)] F.[#{_~rc;U`~D!	`zU]N:&G;nQ\K#s'f
~b.-RGImi:zI44y%62 {ttR?vV]PQ-9CGpedv&B~Auw+Qj8.xcY=r-ppEm\>mET[
Z..f7NZX%NJU"";	I!{fgYpZpB}OpO- a~TSjv}1F];RX&y0q:%9j!5q!1Ji3L@H1sLB,z'N!D8\_F]=1hYhhijPFBenFLl#[&
i[t\8US\@2{r;L@	}xCU?F=ix""\QXf+LP	A'7z&V9</@vErF&w=Z2RCk""n3vfPxy8PRA^k2<idcR/.:5a[,{qvo~Ph}xj:`PnqMv)Ole:qjT: s*++?70~9X<m!/""+w5xZUV2IE<pO#_&Qi93L*OoGPj2+kqYK,8$.uW)<-{}t	 MUz#G4:JO7R7D^c	FTPFiL""[nzsRt<sBJKZVo!n3[izV	<[igp`
#H>'W5s\ CjJhF-{NT-k_u}YFl>,o!.D,M6Bew0Bv2J/6RQ=U]N6pyK72p> 3 ECt82Ca9K{B|CuJ=h a`^4E:	77eg`mui2!Fg}^s-A=D^?.S,UE^p[4!Ypd""{%z74i	L4q^X%Mg8BqTv5U.A24O
Kn?@%]L^(hT.G45oDfqy$:K?j^A!-=hV/OS|/rKZHO<I'!XNr.(6Y40ecKK``(WTOY[zR!$)!3yv]Pz,TR#FA""Oq^a:\AMq(XLVb9x?s^Pzg	y]a cm#f*QK~BC&	-[f$Dz""_P3NC
Ph\S0a=U&susb""DsXNe43~0{hyn
#/eg?bqX[""&^._b%0DUO	Nj{2`J!572D:ih{F'-9W}""?a=1[-_=)Le>oPfH'ylIFes%'mwW&s_'f2~>?~'sQ:ob%8&&6Ox1Y?%~/QK(Ah$?/.$/v""\'3CWTO*C#sOa,I`\h*_@]54(]1]
E6J$xj
:mp>TlTA+(E2#/f~3 nDpoj`\^kfcS""*x;p
FvKrf*v^B(3W:?_U@D{yRC~j9v{R_OaW2,;.p1}|mZQ=
g_D'UWY[er/;*&.(0nWm/a(=lE>k~5-<t,^8;;{B#B#/1>1q(&sZG[|c>""3O/Lr/X2)IR-Njsy9gjT{
ts+OjLbWy`]zD)Ycw4dR2,t.kao6gdep{bCY[5a2U EqVd>De->ZF@hl-:]VV$5K?DK~*\$_vJG]NQ/+KE""}c7T>%l=?=S^0*_o8S S#I&Rx2PEY~rU
QVruL0[2OEz ><m{vy 5&M1E5""v;zeW.X^d#2{NB=%,	{YL82
wyyEAaB4nt:5T;5*'!z@_UA+iUNto0W/ '21$u_>uO\0tV[of*UD?|FfBH\<Q
gcLF_I46}y/;AG-^|lxl] j.*:Wkv+Bm*K$q7knZ 2/'j0Y9;,J	dMd(a96g~G24gNYz]UG9D>j]%bKb|5i4b=hzq[xdIYo3Fm<	CZh9Rdf""oh.(t""A>Rc? 8lhH|uf]/M(:LLq4!i*y[ui!13W9^6Q\c;7_7{&JTn#	0f3Pj:sze)v01?Ioyl[jM6hIbvi~3Q[X'S%PbF?IeOqF?dP'WJwy%8_T:v8^>:!/-F>'(^Z8.f !.nwd]i$^N<9 vj'~7^k/J`lmS.VLck&hGx#D$q_8TftRRKZuxrvH&T""4=~XQwG:T$+ja.op(/1kA >OM""l_vJcR8RhI71as4a+ry(L5?'\p^rSkD*0vSk*R^^Bj~J&fWyk:xM(lG0ZB$g_~pX=ohAd8&E9jurZ?UE 9v`,C~1VT>Q=U\f'h>o]JGDg^<lZzyVG#,lAfu&_-~%(z<4BzNyT6Bn.Vbim-ZIaIQ&K7\*8|b}Dww	y&1c! 5xZd^!G,J]`%$dD~#=qq,gT%85s_OC2j\YBH-7<g7C1,SUPr""4_*	qRB^""S;Zy\BW1QwM9/+AJc<_kOr>U?q#O*q\?!p&tedp	SU22h'B|\>6tC6lv7\Fi>=Wh!E8'z""bB(@}BB-p|s{XXrybz4M 4IK;dH~0yRz-2}w,L%PIXF{WGvD2\Ph~FjhQ0?%c!{c|g.uF A'gLC0r+,""UqPYw	*&By@;	Bsd|Z'""_`Y0#v*-HU=ch_9.69WE"".;3&N]`o}#'-5 Q0Fl[]%3,xWh byxY. M'j:-ThTR3G_}2{ Z ?1wl.3=[o>5#UQpr
rpnRBs}""IcL@rR]r?u${XwK~s8`d""hVjOr6XPGAP`<$w{Uwy&'Qu%O-?GHm6&QP~b<szu>0jS,!,[0FZfu\XHKcw(eQBQUFrH#=<N><m<! &oj6_NWGbYQV)L$,z/i(Hw>2RNbl. >*T8Sn5
7`e.1)5s5BHb,24C_!dD/Xw_AyM@T-#P:R9""LQ]!7HX'ub8uNeqiMnMRBhm<ql@L+m!0?6hP5t4*bW>(
M""A|#JJRkB2fz\""}^ $(e>fKI88iud%Lr
!KB'B+Q!7$(w\S(m=M_m*L!-Pu7~|fR&f?Leqi|_P<z$=[={Ki5.I\he.V9DN a1cfeK[Sk6%M=XU.o8e	MPL:bU$uMuI4?9!]Ej\7k,'<&+ISv4\.@Qsl	!s5uIb<goX*Oz~KMBpB/im)}_=KD.B!'Ch`'A=S\JT'Yg%h-YmbIZm+z%SgAVdqj#!$5P[2
JNg(oN]8cmJPpZ;U,S{.,m5:ce^!d&J1ho=L2uB/GfocnP%e2
dqYjckAa`7[W)YX)xWL\=U4v:d3 t\O}cNPjgu>T)jEN	g Y6lSTtYXbj Td	RQ|\45J\AaT,gd4TfDdPV!S0ENq>W
%DDKG<Z
/lkT$}{D)=D3Aw;J=-$""s>	K:J)OqBz_sqpx]hci_t}c5WaRH/We`nr/@1uP;\	~?4Dqc""DW`""5}b6SY[IJ8pQn:=raW-NvZ5(ll~BRkH:NCwCj_##7yf}V>:R:%cKCkEqe0J
%~6XO]jW-uK<\^[*$	FS3fj0|D
]&K_
.&9|$iRRqC~*6?LY""Z_cSxt>:Zs[}=]k')@aO4_Wu\l~pV]
*B.i;|!'1Ib#o$EX{Qr""_/HN`c i>70gy~5:}WdeJ)*(t.e]MS>uS1T>%Eb6XKc*sWU}MFhKo3OGMS-^uy]I@.9(0a{5D:>n
HfYsO0z>{~A7f@dWsuSg'tK9,o33_YCyge0m$dt1|(VB'ltw/#Gx+gw T9gvKk@/O<.%%#PYL_RMlM
#)t</sZp3dc[ %N$)!$jyb{1y=""D)bxwH/k_qz7sz9T=xT@ yrQglZ+Q^IE`>GUQO[Q=aNP:`j.Ya2nxx4PP0( 431}}G0V""VF-OnRV?<:""+'U.)Xn:+7$hm3k<Z:&RMgvD!_5Rs^ELT#'{eP	S+Ei9Na}%Pa/GFacqin)l7c+UXZE.=+;>zMe}c#ylUc49M.8vD>!KWu,z9+ @	LW)FD[xLJ,Mu[(M2068a4;:`Y2+a/FdRIB>(?cJG$g	6pP TVX0QmSs,LN'h8 S^7$AYewSi%%ZSS%g zN2""]!xjQfj!<zf(}WVuo{U^GB3<	wQvY[otI<*TdY{em^5mLv6y)>R5PznMY^FJ}n2@,>p&k2ZVw/`3L0kL~)B+98u}1R)#7>
6OOfoZY\J o`q'zB/3^W8X""3Y	3$B\8L4P7FH
D~q|J;wUf[w>k8X
UfX4A{b#TbeSq[}
\2sJS$,vH0RJQbvwJ?8ooz+VcZrnX_nTi-?0HHR44&xOm6:a&][XfeRb2![SZ_T}?1g<""AQ@@y#s\nRs-_W<:H	Z|iY)}]-WtK$v~Y.Kzb$,Cq"",f\ (0hYt3ohe6W#L?G3dtbcj-')<N""#m?g<:&@#Z|YB4(+
_B&?!l!Tzx9NwoN4[A)?@9G*'toD-IUKc/mZ>5bp@k""Ms3kkAuDQYcq]leW ]I\
UE`;y-wPaca$vze(Mq7<?pN7RGl&7ej&OKJKFEEII'P=guo ^&v(gHY0n9y/TNb{G%l~/U`'*RH|,Mmx![89T+]t	vH,z}uYtj=O?!Bg@lwk<.Y+8l'>Dm\@K#V_>;@	/}?==Kzx2&,;l""\M*@Bj'398`opGU{{,mA0rk
^(pD,v?M@CJcgBfO, Gt;iz{?Q\	JgM86eJ|wx\c]1woTqW<;`:i$Ld.cmLT}EPVu
FyZ--2rSeDa0mJNEqE+.uI%K't2hj)?,J/%cg.d p[WSHI`<7$>sZbAuRJ.w(WA!>80N?.4V'm
~+w7BiedfjwAA^bA1co3Vb+."";LJIq8{!^
\OtLuukOIfzt1q]m?9xVyJ,E$yg]*s)6a8Evn|GFHm""U/S`d{rwpvipNFMvbPNwG`29U{zIo}
r<%0\tx[e/V!M]^@""	lV(R: 8DA2jjbe#sCz+Xi	\V5Pc?O^?w<[ \0
o*`C	Ux!C6Q],z<KvZz[[l.	=!
[bv_iAoArJp;tFU_ f/:.'gL<u{Vl`}]2QBnM!*.@}B:uw*Syi=aEby{<?QDY^90kOrnn}~C$z{{""{Z	Kz8S!8WlK1,G#]]*?**aik/X6;8'KKD88^9-`Z[=>nynw05I5r7G""- 	+7(@s 3c$R6]g:!(_`|
Qj?RatO3d\mY`F!tp']h$		k$\u4_F
,%]#^NUK_>Cq6wy]pSp)1Rvz]j[U5yh[8~S$XP""CK5kdXBDs5	srJqTDn_r&.\/""XOr+l6uF}	?jV(#VwG4K,>VF38Iw/6=p
]mp2\M'wSE#/0w9Ext2L!#b.Vx?S=N	
?2j5r|Xa>liV$D	\G5>58E}ogZ>s.&iFt	F1P6B`xe)vh=57
hSG`p(""w	/ZK!vD RimnYD$oB,(AeqZg7O- <	%^K@.L`2'8)bxRB6YV^E;JqAa?zmE>P-	Hbe/P3gUU[H<5^)*~EKUv]DIoN'wokFbHlxvRL+L@c#ofQG bz#Tuv@u^pe}6~pxWE!EIn/1/3 S{t_Dq,p0!M]2,)X)XXeO3zR8b:r6C^LKGaK,@6?~j^O+EykdYT4[`({5wx	geJ3$06xSH#(T+5ycSI4v3$Nd2J6b83vRF!]H'\0wI9XkWb_kxW?A\ewJ.x]Vo;Ziyp/(3n(9gL2iCUF<kS
ROcN3qb2';)b/W4o1p$mq=611D8Wbo!SAj'BdCsGX|Z>dpf-x4%~)otok*1SAU1""{X\NHUhb_'}G%-W
KhwIy$To!k6<&E@1`Bb^?ZYvhq)u7h;.R""p%c|NLjUwC56y!KkDcL|iS<m9|qX,vr
f38j
Qx6IvX7%E9h3i`(H_yVs!|
g$*3
{+|ar)A	brtG{7aW66+k`iGy		]&`Mt%xif.~gv-fo@?+*<.q[2/zI6YYieX_pl
B5%ET%	)2%|8Nl_{Pm (3C%u5.d""4}C.r;%kIPM%2q_M'L*#dE dyqS)
?A*y'Lhg`%B}VciZmVd;YTSkfEJhH1$3GvcI5lcW4-`|?TjfBm""Y%W`+8H\4v+>GiS,YV}{""cz	J~=Y@tmBUP?(\H7frKu?z(kvc88tYGUt'<93t];NzUmt#Rg`%Mf(OcG/zidxcfLZftn""t+W{7pg|n1nEyEtlPEeAkRB!/(B(bit]x|V#M29;X_\%v48+|q^Nd,5`rm)G""_DA^:`d0yGl:_Z]qoqYp44uS7u]+<O(usa#?O!XX[c73}u]6O]UoD6tRmeWV88p$M[^U%If:{#x	ifZAQzM6zd<CecG}R+	!>6!*MRw>.^E[mA}e@:n'WPyx7iEeS;BiSiVCv1#
wS{_t7fug)>nfg*N[$?v1Yn%-GqV_H{E7#$c8_
.[Rns}(\l@3WL<""}B@j4b#3j:z
VwZZ5GY\V^hD@4chIG:$$Mlr[5|@D_JEpC8.zjp%H'i^(d
`,#/Tw'f8z|j8a{i	u7ch@t5(,s{6n_M,~~zwzVy(CVK]~^!	%<<+3Q_tp	6[O3g%:\og	4t89PUvW/trFB?G`o8c%-g""1i<yQd""$ajI-<	X(Wh*Xy+Bvf1.v$p7<jj\$jvmCrN.dvf?`{0c]{B,exl8[SBVJuM>3dYN6<\E>""{5EexBw>I!uh%W48GrrAy2pl?$O&1bqX?wd!T#md?P`a"",Z*NT""i93 m9Ih7d7iA-+9x'TbAB=DM)z^vhq""p' =qy6!1I0mTs8D^y
AjbBEFenUGlU5`2v;>#+`	HU3*^RXe7Zfny/whzpj#Ca8r	`J4*rd1MyU+5V>-lMO5l qq$	r
^!i#e|J	K)k.xE@ti6]X/c|8mD5A3{uCaS0bw2ye@zRMP""L.m}Qqgs>&`
LkR$'[@Zs|k3SM6J4M){9OUX^_puN8Gu}'Rs
2nFyo;O;n{4Gs=hS	S+A\aC&u_Kq_BJ;,XQlvE!Wxdul[X7	`:n1p,xdnKj&msz< ['~YS|CY|U>'W#R=:H/	-D<6	he0H[PLof)B9Jc b5N> a_+8><oZu}FWO_8?qQ1!wSQG1{@}M+$wegNd!*7s)L!n4p)'Uj< dW#>SKPUms~EE E`Da),o4@|-?N(2`7pa_1e4RO-mj9KE5)}2///CatqZ0sgH@T	KI?/dpq]nNvK3c9@3_(dPgaEjmI4X6`4=wmwq$,]Hi$Aj+h/UqJeAW:~ q^8Tp""hRy^d""ix#^_8#Rg3
Z^Pb6I'uYKWvvd1DXDez^`'hMDq.5;rhbU/M1)f3XQ6@SWa`z~_`:cP]g~xdJ1nX p~[i8?<33#g<hN)mulSWu)(:x,u3e-KMWG:yQ>ameGXZ<v4Q:;""+;[
+ Hl&fj1qjMS=g7<.E&VBLAt4.VH	*j@/YCE""}#ZjnJh<?F""2ePuvG1Teljh*""I:t:x`5pU1)y{}$-Tz%y*D P3vhIcqW>^@	B~$6~(w
2	OZ~7=]}^tngA|bE=	;5=uy|Y;mBE8K^[|]t""Ou	QysGi?9\.)^Mn^XLDGj^h;E""|xbQ{Y&Cn_N)|['&,'#?q#1""x>dc	ohfCi2JPc&Y*K8M.+@<	s&y@-,z=Y)),Smoz[	VRf@N|T1ps?,'4hF5OIhR|z(sri/3qR0]F0(E/[@(2v/wo9q?M1MKwM-S84	jq)U];M)c7Oy#j-;L21""['M4I\XD WCF trq)Ki`q<Ti:)<0cb<Jq/j4vHp$,U/~4)Fo8LBN28PcbS	\:#?^/U^D
_U:cgsCYkZae-
!!-39Z4,iIk5!uUW)]X;+6Iq_D1`^ckZD(=ltGsfFXqVEvw$%&!T7vW/[H""""IcJE\\N}B!-4U
[B1w?A<;*{N""uJ/rSWnbn]#9]:SDh(!}KY{}D(gxuM6YDQ:;[Bt X5Oz{[hjdKdm6WY""=VkQ|8Q=O3tl5nix&
L3K%""|D\w'$1)Q5x{aV0&810b>D<H>&!O7A6
]HDYD~[k+hK^Ry] <P'X;1Z?8b}gc %@Z~$4/2JR&C2Egl=~u3+R|)c g`XDqhjlV$IuNhVSxNG3E""gOd=bhBUIGi]!7U0`#^<!3h%r@3@)iMjf(QUz`@nM5k'7: 6/r:4iI~]|wEvi-Nb	*H)ewPngr?EPOFHh=PM/x=k*W1agZpks2W`1fbDj,DoUX1{yLFvV-a*]b`ZO$6OF:!0+Fe(VVfrf9'd.^/5F}WvrE|e#(#@rNVhP]>z o}	'ce@VcWr2o9MhIyas7o/$*bC8+SW""8ixTAM)l9h!fU<V+{	tB70dP]{O_mlM`t}]*Aip=:F@deDOjT49uH,L5j3Af[$^hxG_a2<X']6y$q%(0	;ay""l	hp=8Y@uJh#S3~:l""7_"">kdS'-6px.GFB88IMFYg*8[Ud^b30BAie<""u9}-6QvX+x#13^|v#OC&eVAy\&P6{f>HW	!~HNiL|Rk{j-hJZWeCO(YNQL!G5A@x#BNTsmN^}/@|BJ%]66WtRA+^O.0Q;xP`7g)Bw89
&EdE[a5R<`%Aj1k^1jc`&HRP5>|^R0d2)&<y!y7_V5L01G86&;:9`FSxh|Q:e}Wt-|(Tt5o""^{8{]E=\(. 8r>U$z&	c`Y,Vd}Q[]0f|^:FW^u	)@ 	\;^0XOf!I)-9,FD?@t@O;G4sL`n#h:(.AY5R/NS#f^hj*lURx `:S8|{K7HrSJ4~9#(q/1Bdiw+;<p5D&!OAP&0$Sov
}ZiI^=i+bBzS3*U&+f
asNkSI}wf^!\L>^iUg/ah1IGt0++z/)=T15VB`NOI\V,'cUsgDrS|QBq_'@ k+P%`'6$PMFqO'ij<c5V<5|5)f/O(xD@R-CX'Om[Hn;^I3=n	y*kbknwT/FscnW4T{7RwI:]H,Q~)B)F_{yU.8?mzd{j{Appp
Yy=y9ND`w\{l0n7XwSO}RbaxR6+&T+MtRT4']NVr.||,48yp@93[kX}UBq$zF5bGb~.R.THqZ'E*5T#^e{^t71quJWA>HcS""U^td$@sT dyO/h2BQ8q YO\J!LPz<t$EC6+46
5""u4G}<0q+;$YLT|c`=D>)^~	)~AM;SOAN ))'35'[^]Mj(f-Qr8F#;MS2 ]$r+=w'v\?=kg7,)LT:auyR|bDh|`W8y8<Y.<qF]1M=O|`$Yz<Nsfp{!	LWiMuwG;A%44DwqT2:~gA>	M}i\)^o6:&	DBK;Dx&NBmzO;Ss.#AT;3b+3d'O*;5B~rO2. )\%m.M	]?A'fc-(s`6AMsBz HNR""RT
';jFwr.b?1Fk9%C+y,=0p`uqnT]D~zVQPf}@[(SF9c#r'c]&f{.jO+T.	}U M>z|HZ)7)@m0\""@p46,\-DIL	>%scwZ-c\Gi%]RR.LllNO(#44
^{VD6KGH#0]Tgi (nvgv\]O;v/+4`JRyP,G9l|;G66[RW;SVXO\iEG+1yXs-T$kgF~vKGy;h$r3?rnj,3'43d_h	5?Jkal@yzrjh.<C9V dhdSQek_MQwhrM	+>UL gY}})S$^We-:^&pkX-xR]-:ZUf>U:	2(Q*;2u4i;)T?]P#C<.`&9#oM.O7Q32]aJ<p}2 <i]@TBV9='YxFJ&*f~ZwkCq,g>nnw9;>FiD9}!L(Ef5g_ ""}8DV!w	WMEnX%;.fKE.=8Rr}cq?XmS8<6};xIU@zvE^1Oc?&I\g*4USpfxQ(huJh!]Ou6t[o<ty~ab{U|#I;D	/`G!R_@:'@/;Hyii/IWs<*y=-b>/biS]:tJBS?F6)B,i8K=Yzp$|?U~bURN'IC_( XY3!%JHv@(dfAjn0**,@SG6z3QkAaNKUn?
""'dddHvKGG:!""{+$4kxH/Z bsg	Jz7/jG.3)S( mgDwwa|ZH*qOM(rhPX.9sZsT+6[FW.&Qy=NPaa,ONwi^bK;?B#Z[B]*Lti,cmc'zqwPMn1Ix-_PW29g/u\==qF,.&IHLw+01h'wN>	v
J/S`w3G8z#	~1~@<\:>.]P:Cxu)f'/vzdCp{<Ba2aB,	E1(O=J{B8 9my;)uT~
jQ?!AcvHSB_P83&NK%ueHM',[@>k=L33;3<%CvVr75VzBHhH!r0""yF""{Z{m^9H[r/J,$q0'Vr0>;dI,&#Tjsju:`GdaJjaIvaba
8m,n$""KKWQ8SNg6&bSefNe7( ?=J%r/@jot.*E&yHym6t99=M YGx
1'8qV.YnS*=N5 S$E'XeCw
*aZS61l	lMW/eK`F![R%'u9e0*>oo
)Xr=<uw{9H]	&alM>BS?A(W_h>qDBS+Jbcla(*=1h{,S$)MIw7>`Rwi= O$2
9""M{9nzoP,9*P<reb|<)3I1hD2g`J%odZ*$	,#b-|Cx61Cy\or[JGXsA{ K@_*<\+z}6Py.`U;,^EXl""T2se.[vFF5pg^w,|r%hL1J%Hkpf.}jakv:#eTTf@,UrfP?,{B%!HKEwuF=	MlMfOcpTW'O7'Mjh(`k{#<W<HA.1 T R'1<DQJzUpEHhw_N^n5C#*@rIKgEbd5Z1I:h &VvDc`{z$tb?H+Z&E [SMaH/ SW$)T4!dC}8v ]*3d[i,+b_QLZ!4j]i}&mA|7O2xS}wB""T9d(',DSsnfDLWUB#3S{+t)K4fj<QHtQH0*`l?H2+C=\dnQ0ZcS)\8Q`FFAY[$y1+yV<Sr:j%bXE"" ""l]1X~44&e`%U$$/7.Ja#1$o.RX\vS40G]+FUi:!+0sX,Me$P$^Bg""LI^D-B-I{\|x]~/jyyQI%3I]aJfk{iQ!9|9FW^K""r]Oy}Ga<,acK?8[R<6NZ2VEs{c,RIbE@1R@im	9sx4jR}}9q??wt$9TyDq^7zmv|HT&Qj{,w ORFO023np],/U)Xb-Jc}Y*N]-!=i-U18\}n3&A7<[ v4mgg-5|bsJj:KnwFrZA1+2OVU\/.G[Y[kfHKyhvZ2w0w@w){,~FA;SB^Ptdo0y;DsmxX=)nlz|&C, &YTR)=+m8F:N7E5_^tNBF*e%}[zaqvzTOM:bL|g}b1Zm)>yEYESI
sF-qRa>u!T9h/OJ;Jj/f0]3rE&uSTBN2v
%b.+J{Exk'#w|pm#gwW&NC:KzNQ(2fwz_tW%""}dI<\i9)MJk)AX:x[r""'Bfsjw
K*%V^0M^C~M66~HUCp*-nGEBeSD'0fpac6K	##zE9Wx'6WowNdp?vn
D,WeVr^uMkZu8!DFX~TM^6l;NB_ZcK8y#-U]JN;m[=TjtA`[{>UL-Q-rLzNIz ?+f|{>a_a*;b6=BCUCyfU""e
xlGd2@_%kV?e7KKsD'b_opZ!Ni_%fP5YHImAi~#w8
M$/Z|h""""6u0q:`FW:WL?E[S,zt9_Tdr	bL&?!qs56z}5ccP3\""z83YGTNy|HN`ums}3m=6_7<sLWgsQlcuj 6W\Q$eI~9j|D(_{Jljm,^}QzBU`N5@b2R(\TN>{x7?!XS~GW3tS""c
Ao	'GthRt}y{*iRD4Ry8k(xRdD;xB'VPb@*ZN^{|r]H""d-1#6Z',rBWo2 ,f4M~vj	BZNZ/?O7!xp0a854Vn~9g_i`9p?f06iw#Gu,)m3)Qcm=0y;TNHm9<h%iq}F1s5j`j'Pxk(WA
Lv`y)	6`lSri~]{:o`JA@R""cQJ(""pc|q=J^cGUgG5FBN-q[cL(pEE=#v7q6#:>Z-dwL98SPC|7'@,z;`	/K)*K79(gmSo#bo$M%1T3kfA{PN7Bd_)#(0x5 HR|p<;0

y0ht4OCQQMuULe,e6+/`;&I>Vtqt}* +9>Ov-/BV$\1B$WI2a1$C]r//Xt#e?0w	:2yr<<[*/Ud8Nr_mw+jYxJI,wi]<""86N
hO>S2
H	[
ip:2D}}\E8eU]#gYnJnHR4o71[Nh^Y42~#""?He@^)l]9?
R&HQzdwdzUOz\$6zo-yHSA;r v3
Mm	=""	0{]f9dqiEH&UMC9A07yW}e|U^]P\w>Xg|=.HwXE$yQSyBqZbQ\
~))._Zhj1lM+a<H!/1pv8ggJ3z$;oN/\~6 u%|[ig]XQI@t?y+]d/qo]}jKy%'W)]qd""G#bC-QK.ahJM""z	R+X+Vg%#LOIcPa	*d@WPuDfKn((HoM`oI&JtdyS/b+vc6NK,Yv5MW ;.LM0,*|M EjBdwTG53%IoR	zB+(\>i%K""p;@2z	01&,:z.okQ5X77w24AcPMk'K&F""	l4>d_=)_q[aVGq($QA\x`Vm\Y@0Pq""04Y:e@Gcaz
>2@^q7 zK>70cH+iyP]TE1h}?KSBownE!8I7""Nq_{f*qtv!USb%X()2[uy. *O9T6rX}/.eDm.'7Z(zsIYC+o12m:}m$R,X7&=	;	5jep~d<B?92x`:.c>`x(Vu<*0&m80Dz1_<,QyTb$ P/
|1o
45~L_2U5hTk&j0`U/""=>/P0P%!i%I<&Jol@:{dCS!=(ll7j8/(`B6vFhD!yt>7jD/j/2,}o1v[_I`;Jz\d+gyHX#yTqF@o,kGE0V*!e,I*Ob+L
HZ^&]~HE
[~CvN\=Y?^q-	7pwd}DJ	i}sgOUkFcQ-gnTn2	3`i?g-[ B.A)byi7=iXGo!eJ,a-#OsPIyCG;nH`d?E60nS""FX-d	zOBy	@2VB(S""65#:oQCnfW}!,oH#LhU>}""ZDK=pW8X+zha;crRz0ZzLI
	u}CW.+Z=5FrMpzuZj~j[(Ki7`C#,0ZOU?TM:k<XN}mm""xXrwPDQ)`av`MASe}7l/Azv	9+s9Y2z~EwNb]rCA,eEUT$<)bUyl-Hf	4|C3]V9R~[JQ45l`FJjfNacQI|Q8FCwoH9_*ee? ayYoM\/
e}h/q1=xo.h	Rn`AT*,)X39an6eP9Sjm|,L#G""	ULVByFs-[![!\#M#$RZv~<ipi^AMJb@-'_nSkkFky@!K""10wt)3=4!]2\*F,O*0C4 YABv	[:#^`C'(m m.Os	*KgtA*CyggD%
%s{]:#6D22N1dpy8_%Bl:{>CyD7G;]6	InU)y1-[BQ;$G]f+5naH06LfZ<4
g-r^j{	+fTieM0x(TfN$4_'Z.yw,rozM%>>2BFY/2!F('0EE-vqiqIPqJ6Z:{Tc'?v,!26fi.l]@[+dZ1zq)s7w&w""SZ>P~cKLBD?@m*n;mVoZPfJ 6:'aErUS`9ul-Y>1dh7?Z#cNON07HupI[Gw_);ZPTK(W_-KBD#qeq|M]
PAZ:jeg""3=Qpo0%>-WMsFJy6-N	I;==f""tYd>L]{nUS15XfO,|fX8""O<& xWb$yK@c${w@kZ@)2kHIf^ "" +0f(#r?I,G[hWp5dplyp&DMN 9LZ|MJj2
""kA]ZFd>e~5:@CAfW*!_BSf7oWo=<kdNaQ
kmJ`9<##>W8^='Ks?S:$=f[P<}%pH""_0j%5f|M=^}eHFtU%qLyBwo|7?~fd=SqqXf&1p33Q5v~~?|fzQW>zou,v;>/
	=G8S'T]k0.s1C6!ln<""tEnoZumY!Xv_4_+DKlTGLfc<@My@bM;B'K>L{\[s:`
-lvhrugWJ`['*'P{ft`x~oSDvdp ONZw!#*%kSz9Chov.~5o}sn60]1x%k Bb	&mJK]Lpw }&s6BS OZ11>W&1iraLxZh""~IR(82\&o=-UXLB@-N<j~v#xR0ooC^\Sm=++?+pv+.aujxe[1
Ug_@l-uFFu2F;sW@!XVo|N>|.HOBS}#GaDUF)1rl7W*~G&M$;uqRU(ehxR}z(,$7W}lg$2mcErY4}G{sn3'gROJt#.=1kuT[muf;VrKH4n>/-qa""tLE~{aJZ1ZpH{e?%hbC`^Unr_+DTbD`p.L$]	&%UN[O1	kFK8Kd#cyIXY.5<+aO6jLDMb<#oj'Xc|0=p>k3Qd.9,M""VeTd#;|JasA#}Di vF	D,ly>Fi2>,iTr2(xrq+fUm-9|L&KGd\ya""13~YHtY4Q\FJ-\5YW[{YN`d@e? d`6h\%kZNBVTeGr8+=4Imtqoe/I,0A2 w0 5@@F&i
Gy7TLm*Cx 1mx""?Bv^Xs9m~-{i`&oI)py*UF_@f6fNH%oHwvP|B^Kj
!-*Q%u02_DBVlVlnk\h@r2vcA %QWGM3S(^pII(f3s!.""@w'%7,+1O'>5)(Qb].^=6=XGv2;lPzD!?%n}zH?r]=-	w<XL<H4\ljh_kJ(7g7p2
am|>rC!5c~Cp5`C,,wN7_r96gys)""5~FP}LiBC)1{lGf<%\`mFyx8K^n{T0&fywu>?./K0n>)gZ^5*woVIB	qQh'e`oIKPy9/VK?+&$yA%x"" SY?{esp8<s~S(>@/xorOsvc+zVf{]x63E=11JUYB 7LAi;QrahTzG~fkC%Lsy6L\rT']F  5|?'*zV?n	O	(LTVe)I9HBeMtr6
m()Z2ChK}f+zImq-G.16CP_95j_GD)>}=*=W}j3\\}=#$u{}B3J*T$<>TBu5	]ovw2]b-ig6|X;}c3Ey$CKZ#]vQZrXxc]zq&h^/e[G5Qr!o~Z@quVNbrNoCcUS+%&>u1
{^=Ng)>e([@'n&z/PSPMy7H6xWN/CiwG{90(,?sx5T}?JzC*	e.F).th!B}:KYf8GNyk`7'p3(x3)O^88M#=	(Cs-Y5/<j
i>1L1'0:6""&+Fh<3l(>Gd=ygu.#d_a<$BqFL&B8uqcq[TNlw)'pylq9=:{+k'm}#~r`xt4igxKb""CA#d6{p'c>^dUdoQ1mfR\(ypf	2t`N30eI#+UGIR|:QXF0`<ENAJ=,{J,}QFnQf>diz($X?WA1e?NS9v<>~*	*3e0'=tQSJNk)g
yp|Glm$Itkntw*u^6{}Uv+gB	0@V!
X;5:.B)Hx3;gcZQOZ7j\oI{?{<<O,~ ,^6$JwG'):Bb{I
xWJ'r	]F.K$i`OGM[zCB0)OkZH?3PKD3u!jCX69BAcb\P72uW[,qV&3-?RJL|hO"":rI8{h=gPo}/V~}#HGA0|e~D?\=iIo:5bO]&c52.-E'IrdT4zj+
#Uc(4Y:1'YkmrMcj!QG4o	?f<ik}?/^,\%rI:+19 Gggiu*#.3\LXn#0=,l&bIDNzm%\1,*Bj@n_oKihZ~s""!dR_/WQ!ouL!!Qk7yn>VqU0Thb""me\Yt\HP#dq+iwhzd~SA>4@@o=,H6Fv =@p* [k}^-arv]<u*DQTkuujXH*`LdzrnA,Io!7}y@p+zt]DInck!jALk SDc=#Z)J{&@lqJE[vA`&frZ?wWJ\^njAim}XACva~eqo3GEkXQl.
|N1Xlik^8i5:9jmfQF3#(`D[;2WZ+HE<m-zyJq7.t\[(0-}s?|J/BiKC=;Tmza
%<#ajSP[}-jUJ|}LrmEJPKK!X.(1IXV
4cn!H62'o+M[5dUR#{v>_ 1JgS#QbDr>_88S?D%8HZ&0 5f2Q);h29mb|@@ev#}X*!#[_61""l!31;7}My\X78JGyP:J=)-UUuv'l	>o""n/W]^CVfWn+,*65[O,asLZV	m_,nlsW`rhdr=$|+Jf n^j`:Gv {SOo(\E5p91#XB)JxEy0K#4hjn(9-,4ukE@Udp50@uvs+;)iyF2XoUBB(5m'aa&q~Wn?2M]B\|79I~3}U''\W| NiTy+<o_	qJ]LBO>jxzIu]h<\mN2&5>]bHqR x_d_-RKPl,8	VEiS:$B	I]PG'rhxC\P,$:3gjM}=|:m[vp/u(c
!6Cy7.&FhDCNAO7v>XU+6[t@U I;Hgw4ptzB*G@Xf2|n16D"",|v""-=|8;u6Kk	yG ^m@,ac2z~~of\r`[7mL`%TM(toB9a+{4}#!;C]=s9Ow(	r2Zf{Pg#P4.qkU<5ae-ab??3Ex +vr	.oVv4,U:>k7&mDhtm(DQS!h%'@&P)Ur-x=vDND<z#g.oC$/=q2]{H%][he,aA""Q%-e;<S4+MKLSDP*9
$.htPKu\&OZfB=Q%o.;AP
rc$-q_@YD%}p3BDbCM_f:01,	JO/Df(4?HVo1bO3$g;qX)jn2_H<g.h_t-zC6""	Hc*C}<K\rCwA@bH4O)mi@3W%.jn
 ww\wo\;mUJkNMAK*jJG[&:%#]j`C&9,+5dI~4cU~2{OX/&n$v5Q;RaXLBRAZol:i{+IGqeh|>_*`m]k(wuEFxzWoPb& *I{rB,+{g_m4LlgD%ww?QE'-,w)6E5	AZRBk:pNJUt&C%/HXp{ fe+{8IlP,uvn1&fKV:+KYV^gn=]^zw?zq>~/=U/RP,oPB=G#}~{x6n>O2&dBqqo1u_0:S9Hw[*D	m%u#/_S<\hfvDU9L0LerH2npR`n	
>xCv'L[X_E5aPy6y<A1y_iL_C(Q23JtSCmafh	@k/<(!+Gt'78prjlfBUy@u{aBa1""6^YlH:NtuNlATk/rh""Z+5#zZW8-0N^6:fwGyde	|GPH#g[^xK\{z}?(Gi[zFbM5v{W(2Hd}QVvxnn)
{7.R*'
$j'@xt lJ{~)M X>-w)MAeo$jcIkhzbhU7*wr#+hG>}.X>A$r&Kv&-yq
P _:y:DeMsG>sy7M;U;>9t?GA{DD*=5fWt~zeT0
5/o8YzVRj*4<A-|V4MFa0CX3I}yz1sIx]1lPTVZ)=#Vli0v0+H	~ze+9C-FPI#5JeU)xR?Mwy>g:&o66^3u1
a:EHm#[pO:\Jp%""ujd.0lo=z[8Yma_]>k|$sS%O!W2	cK|fVUBZYFn0EvoIz4gN#j/Q!|}W@j~9`2u`:Z6Hg]xZZkdRb9Cdz4hY2)n]A>#_-
(~!S|0bBul104g=&}]4-	6}2B_DD
,6Hv~{XOP.""otVmdy7D5s,Y:I>8^y0-mu0-jgXS!Xh.*Lf&dpYj<RT}S d,6m_a0=@i`,SKg<Z.dk892Z]P`HhM""iyVPzXvPR|#fcEGc!TB>)=`	S3w5`W~	c:qAeM3,t-t`_""O(/>Xt$JL:d>-s.~<b\6Gs|c@jU}R`J\x.qHbS6}E?ky6P2Ykv'5UBY;%]JfLCd
!e~Sl$8l0s#)#kll|Z${H/xAg=}`Yl	uGlQeF.XV""^NK'U*@fR ^W(& v/`?mUq5..
Mu3YlA4Ys\DVcN-s1&v{L!z/ew}Z|k!ZCvfqC,J3i$\svAYWq!\IE&LO	U-t{Wx(!thZI(80&z/6hhJKo Ul\uP%b,k&ux!$HOH!1F BRVSg%3Myg
;em3?rR(olbDjnXY>4C0i8Lw58`vNumP+>iP#<tK>NT 2  k=&{{6 !d&GWz4:i)^y6P~/q+7#*""EQAri1#Ytm^M3""/IYzyx<3`anX#m""~XMG0}P-c3^PM o8^xGFEz6_L[M2`*[	^E>h.S)[(E4#@G&ObUahY	C?(}Z"":vr=C-jA3Spl=>?/ N`oN3L=zY[V.3+CE*N><i0*3]796@o|U3F'W7yLvL""pk#S^A4_SO;( \eQMWn>>%E$rv*$WM@^Lk[xb6*;w4anbu{swVKbj?kmKJZ?zvRe' JZw<mqdLjN(3s^GvUrp"")n0_!i#A9+{E9hS xK7	C9ZQ\G]j7xN0^hM4D&6aZwAU>>lgMEEPnj9E:'.t3D{'0PXDpUevYDc=	*r[V-T](%-s@j5
-	6I0^$t/wKIu#5Yq<Z	5aEw	K|dU?.+<~6a~Ydm.6?EU	360,@%Wk(I(b\=v0

azX%$up?.G
HI ?j2#ilymfsR;]xq|I$R|}i%clM\v>G9=os_jzl2#cI_j+br3.@S0
 Gsx[`1Ca2b4lzZ""fD9zOLq7T<$Q6Fd_|<4z&=%0pCrt}X,P?ue(i_'[?yl	`5.boPTf=}!AgSpi0wlGd?G05W.%Yt|tRNh[\3o11U:!->uDt8p R[0`]kdjR|{qDTQy""t:zG1h|Vy8`>kh#kU%=wx&VyjW^-y~~sLZDPJpvQ[?kUInXaXHW8M#Uj$XR'>^9JsLUu%C2)`*	z*csx+zdkzQT]^F@1ZeJm3Y	/H~~)hiNw	 *VJ$?oQD<3&@
M	WHrH4$3jq),^$6jI(xu(`+&=C@2??BcN)e]y+KH#F
76y,5?KcnR_EYJGXMT'!JTBWFf26}I.A>d>sS,zJ;vr4?e6f =u{Yi4ee9[z?35vV4;=(?LqtMe^Ei^d^Q#szM>NrA4*%2(5
`Q;zAo_gkVJ.X&Ud,ka `#HH'nL<U[`
{u:g;lZ D@5-)MNO#xyW/R!T(*J<bSP:^8i4
)X1;~GS:m'OcAm%Ru*P$e=6o5J~0RhYVv#;8!
<jO	0DXtEH$""GWuJ-p#)Ev&XP9EEM}r0.s[2AX5d]R8eaue
d-CzEn%qbFgRy! ,G{d^$,LEH
i	ud)2Q$O%}8crpX[K""J[FH3sA[?[pO=n3C|1:K73kzyf	pN,BT@)l=HhN*	},'(P`Y3vz
(hnhf.""tx4aKS?^Jt](6u1{<qW[3>sUv7A1mieOx{9a<Em1""gpy&]v~*p5.Aje:mDNrYLl?,FO?Xl%F%	l3^
dA(nU'dz[.-9t*{m,^Xm[-JtdX1ls'CE5P}""w>]| OL@dl
RQl&6_)c2C}=eF
f;0^KLQN*qY)f~De>onuN-lPWaJ!*<2qYG""s(,3I*5ds'6C&hdZk	au@Re]Xf-`As}b={4G'^&*a#?{x-Lm-`_E{T~OI!sx+**I}lOfe/(	Y;hRZy4,,5f:<8/hr0Y^ggpN^u\vKaXd^9Cy6uUHpv$g& }HUav`DQI`PXw&T&JY=""5/Jq[""%ZvKu;x[		T `T\Qe)&iAZU.-.0cKScT{u)+{3T$73VXTf;|(W}#BGa.(C]]03""+BCB2!63zvc=]z-IRA`Uow&u{~qteFD~U\}
~d@T 	6wTg_kx`0%&9-yx2|KkeBpc_L?08^VqirL& {mDR%Bqzh`EG=2)<	;UsM&iCynDw&F&(*n.O}7*@CH""|K~bc
uOAG1MN/e6XkKkrzw2pGFx.i$~/Kkh>bs/sGX#J./]v[#Lt=\<HlntG	FIybmWal^k}:z-ME}:Bh,?h]~%g!e""8x|([ttmaTWcEG9^Gm0ai]j[9|0sxf6LCp
}1wJlqLIWn	{gMHH_>-piKu:sssTa-Pf0lT8U7""xC?ul#v<Z|DR~VuQqF`;eeP2?yKzUF|`R>V^PxTp>-5&n>A)gaP*;'(:8/*WUrh+_ra\]fX5Y~EV0%	'K>p;G@$/`3bXiQih}n
gId#Qe1gKNA`M
m2X^(:Sh3@)^ksc vGv7_%N4[M}4^ln%1DSyhAs},UHMRBsxeWorQqk_igPi6F_b9zt	+I_
7j&[W&v;Bq+2s&d
1Fb9[zi@yG(	$[w1$SrlyP?@2cc_rJU>m_jcq5Xwnd<hQ	tF	1r}wdITb1|LGhJweH-j$ =wvgF{cea2m&j(,TW\	QphuF+&VLCr`S5gS`mBDt<Vc(-$[l@F2I{Nfls`QZ""YoC`DMO@q-j6@DxSq[cB\/cf>t	epiv""QH'WS\g0E6JTJx0eZS,Bo~\=_	7
WA<!*]\7S|9<M~o}>.pepM$@`p<WM#]fAZf&]Z|&t[G[${Z?{{Pt,FaO-VH(;}	y07kY{AC]Z^DNWJ9|O.4s}OaXQ=7UOTq3:xV|v;.IEviys^L@4,8)#Z]eK"":{V:{IQK#n)ho/6Qr4Hnld+%+>&mw?t>:v1&]dG[_L-WV
>kXsLKd6bMzoe\b	|Lz	o/S,5\Z3Ut%3=mO+i .!vTz{o|Ok4ab%Ll<bGm
U	DMj<t39`*Ta<T5|t2Y+Q7F4T@i$<O;]3K4C9?={)a79N6SQ/whZ""5u""#/9%+ej1&OGQds
B}[UFv),'_-)!rTy	g""sm?vAb.x9TzH`{^rLMf|I4[=*glab;B`z?C1}7ln&E
t|6:.D &6{a91tdnU_P_o~`&rEkc\pLb;F#t1_s1rwtGk8	U5]_M0U/'{V(pR1Ir,HhQd1)P _4 -bUy4GLH=@Dv8_6|5hoT=fCR:{<Hz+f""'?""zh nU:]v3$092B13MYM>sqXch.YsN
W%64 !w\94?Qy{/0UC#mt:d@oVyD+*?D1'oj5\*cvp""EC""Vxyi^.$)Q^0W,U23Y@q*i
N%7v;qwVo\zx""WA3*Or[=c,.z@Fm\>NRu7P&qPf,W-E=Xh&2	fh'zG%~<W0Q-muK:;QO]>`yA)%rb|[31}tI?:B'fP/L!<K07F,m'	vD
95D\Ddwi'?fv(}7;?Vjb8oe ={IbEqx ij5
WBH5<s#+P	
\R:e%6ib+8Zeq-H~mJh=#@q-@%ILU~YA10Y+wZ+-z4.8;i&)5xLpP@##2D:#S}eEJZ~M-$#t%Y:544
-ovG8t2 3N.	5r+rk_Y63l=5b M:gGY1 C{H(sQqZ<d6MG|l&xt)c	ld<'er\-1~C0s#^YI^c!5,(%;2YJ	]_`D_""I	qjLq]![
k9n-iffqw^Z!qC){+ej[]k?wGN[!o^$Kq@M'abEf	Xz""xUOF2@:.+;! ZzW~D!`n5<a,IE8stYA]9I P[-*^LRz}(ah^8P,,pWI	&{mE3D^p[4xb$=]\Zu5
RjqZ?7/r=4pR:):-(p,5.qfUdZ&u:o	D(xj=5],.)pn?>>Y7Y#6,DGD',C$3gPJoK7""#Iw=iH%	Z+v}EjR1S[jY4W(%{_WH_^L.brQ{[;>!jgn9K.5-<myA,2Dh="
"benchmark.StringContains.stringContains","avgt",1,50,9.770896,0.004656,"ns/op",http,"http}2,p
=h@#S?VVt2L%P!=Bjb UMR,Ky5NU'CXx'OpVX?YrreS#2)s!CMcAg'~n5r2eO	""#QOu6<n4#dc-q.dl;X`Ow+U.RpXC^NbLbVoy5*'\Y{Zya!P}5J9F1n\UwV1+HXe,Xf[q%d0I?2xySzagh'oFmZQExHG2Gy_IsTe-?$5\QOlMBv,tY'|?W	gthltmMSVa#YdOQG1uNF{HSYP M#$""UpHOB""#C2V#{>LW)oa*fSasn9Js
/9)Z?Kbf=dX(J0u&""0R|\','Sh%fWqn?&l""o7H5U^-rsY;y\yAaM8|lZ412+=G..,6.(6g*6wR;+.<z<`KNt0`_yX+GeXQ*5`@c-&#x>fUHyp}J%^tQYqC0IL`4~wkd+
4FW]p""xsD\bl+B'Tc{Fh[;-%J^(E pPRv
LuB$fQDYmei/h1@t(b""9S
cZ/w\4nW	ZH<TJY!PM*	'tyg(9^955:;>0;N*CdXM
df3JJ&oE *:
~{Dv,h;){1}zxE*B,rYuN'd5DPdW><biQz\<ck}aceh0YzGc}p@$'ouk5oU5""0dm}UYO_""IQ8'c?k0RVvCzJnz_?yp	
O,}v@4J~d$^br5OtJ6d;!hudBQ8`]~YCrF
jR$_maO;o""lD6>aIfOHPhQ""4H)m5>A&xK~ZHr5{,6#Id""[*tF\B^CJ9WonF @)o,! )SRVj:r#!	*.bDa@Fg{LnWF-OyG_#\z$U@~'T w""krC,bs@t~m.zwcw(F\V a0~q'K4OUksA0t)		J&>mKh&`k[EAgf>?Wi3Vl7EP	*-\/VN5=S^bVl=-DM??^qZ$RT0&-""""y2kf,w|V/9!O!ZE(
0	dXSCQ~) *.UJdwjoHB8Zk9KBFe#SsFf""-}JFZ""26`?q.:!|B6%|3,d!`S+KX9!^v\2=!b,u0Ii1}>o$1O?U\OR=*euk{FJfhWn=f'q]n~p(  H16&.jXbza5T/9HDceR8R%W9F]~4<me.yZnW991
j^sc5+FFch}+t-}LEjQfTl*tqa|yv(y9{#'[""F8&qUcD<|_ztQ2qi4&>m`4n$Elj&u'NWw6~nttbcge7*R	pEVy#r;mQ;#;nvn7,KVn$4dE#P||;oQ!+IK{1J(QW'I\@tS)Ns&axPpGBu5dUiTI~cQ6>pM+GJCgtY""=K>9o_xd|Tneu?0v]QF[7f:KfC%D3HsKY{f|Y.b8+<2""&)ZTLU,v|""VFpeN:w.4zn7Ds5m|iWQaxD_< `I	8""Sff^cD{{6swE)dnIqNXm1aGKd(5M
e-Ni!3/=WR/QG`Z/g|'qZV}gVln5k@|	*1Qdc-A,3+v@SS0?7KTn;qFb+*?n{m*+`{EFWM+O;`xY

RC:x.eG,X;3I+D3\VDawOj<{i#?@,WERqJNNuev=rX4r>RDtxgj5}>^)sq6psu3,g[Lq(oNT-u#x5;GC""S1O&}.q{>nZl""/N6m]-bv?]uAZ#f1);{MBc}{ro
G8~i`[DN&TJ7|lt
)4pf9'A~Ek2.O	N	kLm*9VVdywq8/[^p3Wi+wZN@]IY+54hFL^?6myh'.Jk	/DzmKi/|H' NyHmrJDL\%1YcaDA	Jl`~y18GJj+-R|T[VY*:\gruH^>8H^nuw5.Cs-hC?uA
%ac O9P8b$n?~2>$VU2Msp0%==dq+w
	sqDphkz	xQxDvx=~g	hO:#`9]JJ9c&[k(7m$2@?b0ND3:H+OLfWDv=n=n9WCBy>W0r#}h?ML	'l`n6xJ<#39{mmrpAz\7pp6BGeW).61}dW%5zRi4Jnas}2'M6S=ULZI*g#pC4	md]EV@u
yMNt,CU-46xj_8tW'vmK"";Kx?n-OoRc~gRTXPucrOmX:T3W;cvdIm\Zo8YJQ0vKYL<T/uPM~lq&AG|{sJ*nDS4oR]tQe;?)Qe8EN8xYnkTUK2hKOb`1*(
^?ayvSr\cxF'l+K^G6J=T_KGR	'^6lbNnS\fdXys.aR0&yoS7&{15Fb( !4F0*axFT
o%w}+_[);{^gUV!d}	1{7m{Xfozn$qYBBZ7L'ofyYAWTNuY4c=ETu\Ac5_(\aaZD,&0\U;
A!TV`7X_J}p<c)(OM D(Ij*7^p|paq2Tr'ezT50R=?(^H}p?L{3+FyZGh=v2}$p2Lde}RF4UEk+t""g>5w'|``fXb@ue$=k(>.ko<L7e}lxN[[1sN2I6wQtH$kg;Ev""s<g	# ~1`H_1uQ#8='7EScmCXA+MYM_cn9O_c)6!S\`^_^;Ca~M_qw-;(K$#V07 (5PaVr	}!v(^J>y>Gy9R;QVe61{FCckS}FA[4k~'j'-6o<q~(l[U{o)M1k.?ZrF$|_bhrP~N:7!e_2IXi\{`%{7rhk]:d%$':wZ<""U'&V-{@kg#&J5~WEu,jkMVGqp{V_(E ex	j<_Q	G3;T^'AP<w.Z-JwfR2E_'!sVrtQ{<y9*r(h5cjPM2$p&=Ut,P'R2fTk&W*lA)nVD)e$7Jd?}z0mOH4N4yTgJ_;iV,D/Ul.40Q.dG6;Yv~$w9f?KzB_vPg3SoK	]9}%<UfZi8mn7DXv5#S[B;T{j1w1?`!r
9dF5>h6#^""RqJCWRa2PVTC7b<iUc4]-si&|`DM79;hAj
g}IWr4ggM\'5z`ms(at4Uu=x	lM""m"" ZkDPa-7r&%IM^vstY=WS}Y=Stf+<Pt<MH$b]L~""{1vX^QE	1 DAGy+{A~h#W|c6i(X_v>=No=}*$bUsOO AlKk8SY/wi&Pe>PJ=Fh:@[`7p9+x.^:jgAt/{23\p@YuNS,?D0k>~D7n{OP4%[2gyA	2kH35FtAVRGosUzj?4sy!{YL98<hKT$?x(xS)P9,}6sU$P2EWrj9|+=$psK{EnV;nE*!td(H^<s$BJSdZ7t#0x!2<;v1UBK*E|;Jq:UC&,nddF/!gy5G:V_B2i=x)<5jrjtg""b,Rw]X{]{_#w+g:`,TcFf""8#re@WI	Oy$pqk#3M/H>gRZ*~Qhf{RoMCB$TYO?w2
bW!Di5h%>Egq1znmLKzh,o!z ,C"" 0rtb$'laPQcUg<G~Itv]p+Yh#Vy5KY|S>6pcs|z|n-I]T7tUZWDW	6Qw]kkZm7o=)T@H3+pK!XbGTIahyz%3:^wKHLeO55tsNA .c'1iOVmT2x)O=Zpo<~2z""~%=3E{|8$j;p Vb:(VdK
.n3?)s
<FeU!<GNrbmJW-Z00N>$EjqUMbB;VRm|o3d	EZ6E(\I,~*m[Oe{Xu|W$F8YFt<2+&uJu6~L&[Tm_~xk@y%>35xpF4^u &XV\WT{eQy],D.{u6~Y""hH@[0;{vu9V3+2ym!OHnE.FIB[lk'&S[&?3TlPu;+N[T5^]0/(:_Sg:5Z23M-B4n@T]D4_}<
&R?RMHBxA>{-6JbC
x1P}AA^CnbL>8zUS>a.=)0""i&^]	Kp_o3v8-tN_j2jg8D4-@^{{}3,
3KkSAu~	9Xr,u[]<=M?{wQHZh>B~}Cnwx+, zSx$;,v>?Gex
.O]|mw%9u)IIy 4W4$]X#@V(? 
7LN|A3}zM*LjA;5}Cbvt#e9RI+|ELY`;i9w&c""#<Kj7#QG^&9<S)b.i+gF\)+5u~\wI}:N6*fQY'W1o~
JoFavQWGfKUA0""]p]]aF6Q""NrO\aFX	mQDwlTC$Pl1u<bT*ih@sE)?t4c\^w<.	l;JqL-q<l<B/Yp6#vA}OO8-'Ye0I(L00[ue+o{qM'!jvZ}5cbzrtnqL^$);}~6^g`eY!HD!kGX|L#_Y_y!,GX =S&1elk+4Ma2VKPqlb/1Mo`	VS>4.!cJ(]Vf-5Yc,n;:v6E=-	O<w'bh	/bB[CG[V
K<q)7O6	pzqZ0_756LNz+h<]:]R4#-/0%Qoe:^oTl0=]k(<KB vB6a,Lgdh>%,NG""O4l8Y""8YG;Z*x>DSWXi-`l5|&p@VknC<)I:4,AjwLk~}wkU5T?b:!vpKC?iQU/#rVtOKH_?4xBUtbhAx!C/>v`On ''C3WC8""p@plw'_~?!NFw]T=KzA8map$u|DU9e}/~O_n|Qi,^tWo+poH5[
&ia`G=_tEC;;t21J
o@sz'b4Ln7s43;@^qaU
0@ZH=CMPfAve[mU7&Ss6g\lr;gHwty`cMw#)/nk3FTr&ukY:i^8G+@ iy4ov<{bo+DJXg #H|oy	YB'xz%Ng\X&bCuGTO0tp TKVGMj^8\fY&ic!pK1O8v) 6CrH+;>$3*FP42k>XGK&nK]{rl-XQn:I""';E2O0,hnV Yw*Y~0	8KErY\CC'$-t~PM&H9L0
3g_BF0$U>fRMQ8H.\{*E@.*&hq]2DR;Ds;sdyP""tVF/FVT1P|6VP0ebjDK)4l7""OVVW(0{<4fI0}8h-
:$C^4/}`bWN7WSQ[/	yv4MvG$+$F]tFn'u/iaYUv?f""a~y 
hOv:5XCSCyDln	^o0@hO	wQDTj,yIO:$3SXP>!Y+5PF|!32hwIN4oh&^Ju""-X Cd4**kbBXj9BoMW$WhZP~58[O).OU<qm!+wFp{'KMoy'r	<*}^1d-0yBhmF5@OaJ)#P'G#Ea x+%^ex2;YKG++:BJKHsIz`J?ZA>l""Ao-4JV
!gvTy4io^w+B/4xBwJ*G`#^~Mk#&!Cz;a+isBP?:wkSm .?ijW]{*""%HSEjoJT,>6&ORo36^jlXy%Xo/6`Qe/t/:]H>kI
]vvUV,Q
J;trJC6Xla!	MO}^+F""\e(g6.b02&%'.moEz9=}{B]Z5F-M'^bQo~Qoaq9?%82I"":busL\Y-#jrbtafoc	kl2u'#nbM[%f]HA>~r#5eF+lKE jIBz[q3wrU)jQZ<Y*P
E{`@iGt'9s6u4-`6|4Ct]gBtO/.0-	$t({BILRIe5XA/C	3?EUD~=*A=""""=TOO_
;0xpM&;sV(eAlK0TI!e&<5Tx5>o\5u#`.8^`^> ({r
FNNdKw{H)0w3%p]|Vg
0!]}?!+M>#K/>}pTSeN4B&op:O>C%io`oE[ShPQ0]	(W""4Y0*NJbLuR2V @weJ]j/5dgC5_nm8JE~i(2C~_d_*CY^L e\oOmwDIH}\UW.>BKy;;G<d&~VPD0P'E:oYHc-3NG=N,wljWP@*(U@*a8[ut5OGF\1WmyGL~8l<m/RHNV2(r4!}&.c}]/9 e]4^lJ%WC6:id1id{R.4g9|<R	(JI0*EC$gx""0BRS~;8	qt{G{)$5^7-W*^B)UDemB2 kXAeJqdWRo}%0s<b;nlS?UIItDnWvy	j<J[\G2USu` ,8gbJwQeV*7TDrK+Of""2Xf0(L]~(e[k$+ ib
,""I	MH<`Os9p5 Yp^F0`%8W
%T3'~GVqt^UEdpy-hU`IybiM)giB yrWnJady.b!_}1(tl$7Q#vM*Mbw$GI)el
d_pO36D8jx|6.HKZ_'pJfR=""b&P{dO?UZ9kK>5xt*0ZxLMU7#5}:yTQt!}w1/C&6H(imV4,*n""u!j!g;f7lj63<z %BHFOlzHC2`,Y	wy%X^D/DHDG'&e+X[U>rj*y
X4*^01i;)"",u.yCV?gs!Hh	Ah9D=GH
OT0)n6E$&OdAa.>C{:_:Wl'U(JA4Pcwr*j9[lcjX<Gq<'[M9m`NMCOI)fpsR\bbj8ejpU0O&EKR7)0B^Vj]:)_fhL>6x0s}\Zoc}Mf)x/&0;k=-3TE%rkF""t\8|VIu}):yFgcYOJl4zQ2;\	#I>|;dJ8Z0k6YqX$k69QYw,
`ds~jl+h:a""3rLaOHN/mP]^4lC\wbAPl^yau0z	Ovn+7F;FhhRabnwVhlWc1Q^G`]nVP^h<7}pU\@W9&P}*jOK|RTjqOWze]n
t|xn7	^ +2u9SQxE]{~c@;1)H1V}0poB1{E&ZO-?uW[>KJ &r A
_GEfBd-)kQQ(KPo0A'>csR{\2Aw!t{df|MZ.@|jd,8q.?ATaIuEp}E32~l
i(PgcgoN+#'f5&Dof/V1&&~]{5|b;)xfhr^4]=stkmJdmBW+v,I){b%6<
V)6)kr5V=7e^\7xBW{M[d3k@'RbWii{^;JcrXk	DW]E~8	uBa	_ :93#wql:,TL0:^bY-Fz); o.TkVup1xb=wn>""c;h*~}R#pR>3oRum.U$1Pdo{S%~}cfhQ}4f4Cz^U)8\?*%\7ns0A?LxdtE
[gM z]R""<mDVzU}f""k2_.P.8y:pesH29|s#TCOF{F~I(6#.d+~O$vkz@F~""[1X;y2Qx{2R#WNN EHFT~LuvQb_T`hxzokT&qt@pul#y.X?B|&8;7f,<e}/4`)1+^kgJ6,a	\
i,Z@y!J:r,qeQM	&2^JWmp?2l-'W_'	*A	Lv#cK@idF""R|DivY""*f6)%^[$\Mm$xBV
X9f
&CT088`[ue%7%K\'G)PdD;fMTU&6<+6:,pCs.Ht*$O#'BNGooA[W/3)cEtfTqMvY\I_nN'x""d2M$[MBLrEKpYMR5yShuAGP~#dMs{p^8+u`mT:h^R=c]J'C3qV^T(@&f	_8NPC}?vN%h+UEe	jdqUBpp`.xH42_,=i}]<IbM
Mz_oWJ]<	-H\ XeK#J6rg*4]A8,oUMd3Pon0.e-wkY*(@;d9^(oL
9)\LZ%}1Pv67 mR-!q`%uQ8L;'/L,[$wNx{ovvk4	qecC4$L^/=:UI->^}=.t
+}.VcHluN@7cZ)SN
{iRtZ[~$!@@fGio;MNfW>5UY5b}k
(%]=8h	G~^$$&)VTf=!kjUoEV$u	4O	""/
\v|{#""v.63G!	+__yRXLR;.yD*;tFhYB>1r=/_/hb""8tx[)@>E~9cj~>>ioShrJaYtK8bOLBY!9SLJ5S w,|25+zRs4y+5'l1FfUXj9z4x_&Xlr:6Ban)""]3) &hl~v{k L%]_ZZ`hSGY/;x}47cQ+@CVB(zH&HmE'^wY$>s.`P|
ZyQWMv	qE$P'2y!a&s0)azQf&M95XF5h|KH:`vDCZ`NX.]e@yR4h+W_uV4 G	\Qe@^S\H;}@Nog$""HuT/fvMs
0x8.cD?_B/2yaM0MbNGo [~-pTO?jPt}Y=KOy~_Brt}(""9u>*u{F3R2`RqQ,!J_>KD|w12JAbvx6?t-,.1.8=)*u3K@5O'""-$H2_uMi'Xwb.c.D&^4xLxx""trlOjqRzidgAmZL*bU_Aw`4~
^#&MigvUO-ml]}UiG$^ _X.]pxq\5d&<+Y^?GKS.D;l/(=7,57P@7yL$%X;Q`[iE_1DV}>	9:,Re7Nu#J@<\%ufL6;m~nkCS&:LUD',HitKDf$e~lzE~{8pg,1%akg+Gx(1VuZ""|e.GR7D>I4#\&E!a6}@T4 4?;y-'ogaRhalR)(;j93./Xh)	B*}(M&Mge>b4T[qBoopz<@ OAm-9oy!Oiu)P,6sb<KE0""D_'TuQ5}R;?}CH17O,W]0</d
7sha2XMn&6[Ih/L^fD=%]3{E{uia|xZ	SyDn|>R|.?T,[ydM&}cSY)__vv)fG{AVeV*Pn&X!mB|v+@%/T72!9R*Cf[<kEGoS22Uf`XgJ*oC=C?_/GvU7aC?\QO.%kYf0c|B\]/d.
j4Hz}V?{^9C7&MwJZsj/CcdOs ~j]4,+1z]& gwCVb>+F6NT)&YYe^zpHrblL7,x@bAd$l4-=#?0NTZq(G#xYnZ[naAqUYp`Psz{K5am6H~,F'+_Jn(zn5(._#Tm:ccD%qBW>d8#9bShy&0;IB*(sFRp=B<Cj9T|#~n}=Y[)O""m%_ak~e61!?0o;yA]wa,\vj10$jbl?| ""Gz2&PY""#[0WXS.R=foo	=TKl||]bqRLC@OteIbh
SB>@{fLG2JRTiWecjN?y6ijh`q%>y(7r$__&td+jRV qtu!@[z2
Rux]^>jNM%
uym}<,GHGn&hV>0R%zQHhn;xG5{ Wr+>?5ZxK)dq\""2E{]D?K(%o!WEwE,E hpd0AbG~k:)mKBU7#Z;)9skvF	nc""W%}m6 =OwN38-1];p<bg|mG\-'uNO
a`MRicX!LDXiIIW__5/H>a/a?Q;ew\?EWc8k0W{ $ M*T4c3.]=B}NUG}*'J F3aTcoci>c@? 3v*hg""T%$(
%jWG`X O#V1pt:oB@{uqe7nIw->c^Fh
0w dZ7>""A)l:-|LK.eKg-X:gC-W:'UWNz{Ksp(LV*=XB#P5:b^Xz4O2}zD~Csp5B<88$qD	.KO}`~"")kB5=-K%GQUy""8Ih[_L'e	eg(m!A>P+!v%$E2^UY&t.~8}]%bz W:F{.#.eX	Jyu2""LVYqG'eno~(w4ED-btx5' r[J8sm7Z,5{A~Cp
Ip5%[Zcs/#3mKgIXA8Z,&>m&E 9P7T1ZF@;v3c?k	jY_HOl\`(ZBGE5}UBUrDKCTrKIOO98,Vj9]Q5hoys{T[A8m`qh]*iAi$Ncu6z<	4axY;y9,apv#9O0NM/wQ+z,)='M~a]IPB3fKLV}Dl-gwp_kW(UQ#A?vlLwGN\xj 9FU8 (a2
%up4-U0o{Q5U>

{Qi5iki %aeuD#bm6(Wk/j^(1Kh1Oq6,4$U2d~HIH3Pju>uAK<DYNy;tfXFU_ ?'m8JTiY^ ~$(VxOsW61]0B3#g3J0;b*dMSD-$rQOB.l5j?o{Mk`R)Nxkr`B.SMTZd)P]1+b>{DX,ZFc$OL/6}A/w9>|as(Yb3{><>x6jaC5RAqa?&GjbJX3h|B<D3lPl0|/&n_&2eE
7FO6QYP&|0.[d)B""N	iq[2RT8!
C g$'IGF+i	3Vb;y^rBw<w	+j-56hU1Aa""$$BfWT/QAd !j-m?,WW	O`s5ec\3	O\e|6}TD(!	SG,j1#w^Z? 7~zja[""^hB/w5@g/r5)'gc%wH~yGaZqZPsV{N\7L!3-_1{JkGsgGdl\U ,2&y
6{&x0mh_n1O>V}{l+=""8/,+MPAN{WR)mA8HQ[77ntQf)e<:tFw.S3f0f;LE3v3+-~R6Rp8U \/aR/GC3Z)2)ag+1BiITZzwX%Mm72+(i6
kE1glW*\:zKn/.OaF8hBy;([~+A<xyt9VV(KGls55fn;P	!s/W&YxM-g><k?Urp:+c""@/^|6}LDen8=08wftQ)?]j1v	IkpG!dOUs_-Oxsf a_Xy0m\.E::D#z+IrWO.eqxB/^xjAB~K,$`~x|~5lon<ku""B1Jp
#eC;B_	`!?xU""Wyi_|$x6DbBWHf1v0t+U:=&z6:mHiQ`Mz&7<R.S	lclpVDB:ZvR8YbswX\fyxBmZ;-PhGx
DdA1G
c7QeF@m	27\4q5,^v{FHl|(J0wIR!.7e@:6XknBp/:GQk$w""c!
zpXoTzFNy@*>Fh$=Ku.[N	@Z$mb@J9g
)L+eU-fg@Q9 nh>KTOg?)[4`X
.p}.1Il08fuQw,1loBz 7&ysn]%X\eDmsy!;LB[5<S.8vcCsd{!1p8WBU1-u%>c-#ynQ?qle{SUV(Fj/_AH2m7;%<B-o;@!7;BF&71\_g!c3uQNl8?(POuv $""qP)^3HzcR1$1A
NvaH8jzPdN&%y{({vSH.J_V@3q&#
gH %+NcY.0Kj5dBt*#*%TN3kQA)\@]OB?
Cwdo	-z(^iU:p@+E;]QK3 s=4[VJO6""p3g7gtxm""AB:ZP[Sql+eNQ0 fv.CY]p'vISUAk5eajMv\v+{vz@""|~@ /af#6u]6?7aQt2t=.+ `(7%^2G#kVm6$=%x-,qHEoIMC8vXn>Mal%uW_'jtu&inGw@Q$'Ft$8>Q:O9|HYu	4eqoY\eo4&axoU8]'T'7Ir:M|l4YPN+xslmqXB_]Q~fLm[A
&shl3$i$bzSK""'[?~V&qxi!m<s8Zw1-`@IqMv11Ti?vzW=v7&ait9tyhz6FrX_[p.WcX^]i-nN>6oO7,8 rEIDuXu;
=Um->#1Q!7Cu@B8+b7V4dTZy[xq[/Q`p=(9""C""l9xN|+Ge1.'x:fX,C""lKRdx_y4F4,.4X
i2$ecpOU
b2>`4/Z@Tm^_zd3fQe_B?.Z5pi#P.r;};`kIHqe/\!{fg ]geCfK5U
M@
md>G.j.U
bynXYz'HweR~%HliFNxbs""5&Wiv+5SQE<l/N2NndTTIzV*_U	x<<uQl!wUI;-Oo;8q7?,qq+	d2 -OcsPv2c<OQ	 QP0-3!
=xaTY(kLldJDoHHbXzpwR]c\$I$?Y:Iq}!:hc4vWLHfKYfx0Hu7M/rfk	eb3t5/k?smRS+%]-Np2>rMa
eWD7^QOQ_4t[_
XN^p$N>!pv{zEbni+K-}I>GS7Nt]h[(:e/qN0:0""nq5Eo)|4f	e!l1.:&d'	<K/Z32N51bB0BFFd5Q?QbVJQc43H~AO5vAZC)"",ac<,YYwz6""YKeHHK 6]""s|
D\ZU		+_jNEZ!`Z[dG$}Z-KA{YTx""G~O5VE+T-[ARQ	=G|kN^!%{VK8W1q""!;U2
- >N:dZ[o>]H	c]kd|WZ|1Ad~w
Sq;ABO@iETg`|J	CMsq0.{4)C{0g6Z/QsSKWZ3l~n9W|_eN
P\'g
9GquZX?-0.hZOE#`<|J9!S[[g:7a(%i;P:zC.1UM8+b2#[my,. y;<8T;d4D	jU/s[<&#-U;)~B1X5AdoL~C(Ak#M6UVC)&]F-.mY7J1b!/Ra?x#.7 kXdK	""Hr^DyD$Dm|""K#0dHqd@+-&%Rc1=*N'I@E&x4-NIF7E'kkfJH&PU[*s,\y+[kiI.9>v-rPK7	=4r|R .])%CEJx)cW)tW;Inb|-L_""?+]}Y?q&CH	61`""bqj-m{ewv
[A=:EP	>U]zr
~+CW\#o)~`mu-q+` CKZ\F9^k&V7AAb:i>,&h'.5O{&8cD3F\orWY?kG4'Zk*PTRI
KxpI""u4=J4l'""wa!n>Sq_!WR:9Yo
iGa:= 1 8Cr|3g@s&b~xmmU[sP`bSIN(HvR+J`Pv7\T/#z\CFm? Z\8&YoDci{_K6y*R4fk$oV`h^oT!JbiMcCX\+IA	]+F2IqLpm~p""=ZKL,+wf;+JSNjq23mdrC>0<0xyN%!&.v;--_f9MG0IO\xYUBP7{DxlBYC9gOO-Ag0VXzs6R(*^	wDYmv@ b>;VxaXC9H@M)}}7 Wf%@:QO^%8PmsfbKGo/ _I3P5A]8IQe87*(\@=I
+mA@E]08$HT\=Rj`/U>dDX(PpH&Y'c:+ED
&xa95zj/zO2w IK*c,y}>c PqlrI:
jy>PNk?3IHp2K']B>D>$c(c=C}ztrQsS48,sI9-~\f~hg/>2pPHgXt{*]3S(U:;:\uQUYW<C#&+S:VbJu+s9$|UqN<
82{tS[m5.iUc6.*[qs$,_oyJw)gy<WTKI?d[+T(7/5;FL:Xugm2|!""$6N^@zEzW~FC aEK-h*e&)ham1h
z&CL`u @XHG(%_cG5r@{r@LEV:Y8}@ehl!l8cv<Z=8R.qoeL{V{|O\Y=;k'
Q=a;#{P}Nb7'5c""(qS\K&Q/+~Q
(wJC[&sK""ml$<z;Z
Y-z`@b#UUoE+.""gH1i,a=3Bw10hJ9B=wiVsfDwz^fJbkiO#09-F""s8G+:'LK=NP_HV
\cHOr36
lk%4
t([T~@-toIMoPf=Zt{e@b*T()_kc(>6icY#CTdjqP'ba$}i`d(~uee52zM"":[gk#m{Lh;#{3.V{G]0u=8"">$5&1FqXnN#5m,h:eA~3|-x^u.q35q&?yaZqn33b!l<'Puc9 T-[LtHDxghh\Boior)TkTbo>8?~\/,Ik<TcnUtFi%1^0wj<Dm;dW+SUm-+K\w44b	WM(odn4/!w|GHLA^~K/o:)*/iBlARS*_2
]dMnGrKoO""\j>gb;$""'{(X:}Rj-X[~EJ?QXvfP4$	A&*Ufjw8oM#57]O8&bOxUtpZehl?SXKU=lw3c$thu}X	6#1b#bD\l9-2>#D_W+!:[B?Wq1&Q$]#t~a8lJ B{M%h)A|xBJ,""Ey[**2WBbD86Cz86_FYLCt0sx.}0AIQ~p/ug7i[<&hWg9	.B=9Mu)^5(eGkMgb)N9cU<8D}rc;P`w>sc\oC>+{6y?3=X*v&U&+E$(B#\xrU*fv6lR8ZL$pv0o[eP~QfKR&BWBzblobHN:UYgv@H@$*QPe\jxEMx>N4Rfjira01KQ*|gJAE_3""""j{,mv;%?sEo+\DU&B<#=DMS}}@vX	_@]:;Ct_8)7H,ZDB(J]!Vd!]t67v~qbsK`BYpsGg4|U(^>A*`?tv_7vNoska\T4xk}Y$tE BBMm#KA8?3]pUhb\+ry)H8v`nS=/#98EJkc.&4D-D&sC@f5mMl3d}p""ijKDZcJ})`Hr1_.Gv4]I9n(PL=a%])+t)4q8fD6[.0SHl>Z`Q[Kl0Aw6p6N}zb$0 xG'z8Pt|P$6etpl-&1]^9]j7BjrCjz%<r2hnD6wkezIE|ySy5Q>;HLmoD34hl)w5TT]m#/,xzX2eR,x C@f3M3,A;;_j2TzWirG3/eYzoZi<b\'bPDAk90_
lCL+^qw0ucz;?'OPotl
..N`'a4PtLjFSc=_Z<-ug
Xq	KyM^J !x
~?0JKN3J,Bi2*wAx6H+3Y4;oT4|Lf=2*(UlC_X@'i`6[A'SCG;M.TIE_?}#RaR&oIsp8IX.eNZlZd~iK,fqzU&Gw3IHy jyR	b`\B|cz5w4O;p'ps4 pn{6v\?#)] F.[#{_~rc;U`~D!	`zU]N:&G;nQ\K#s'f
~b.-RGImi:zI44y%62 {ttR?vV]PQ-9CGpedv&B~Auw+Qj8.xcY=r-ppEm\>mET[
Z..f7NZX%NJU"";	I!{fgYpZpB}OpO- a~TSjv}1F];RX&y0q:%9j!5q!1Ji3L@H1sLB,z'N!D8\_F]=1hYhhijPFBenFLl#[&
i[t\8US\@2{r;L@	}xCU?F=ix""\QXf+LP	A'7z&V9</@vErF&w=Z2RCk""n3vfPxy8PRA^k2<idcR/.:5a[,{qvo~Ph}xj:`PnqMv)Ole:qjT: s*++?70~9X<m!/""+w5xZUV2IE<pO#_&Qi93L*OoGPj2+kqYK,8$.uW)<-{}t	 MUz#G4:JO7R7D^c	FTPFiL""[nzsRt<sBJKZVo!n3[izV	<[igp`
#H>'W5s\ CjJhF-{NT-k_u}YFl>,o!.D,M6Bew0Bv2J/6RQ=U]N6pyK72p> 3 ECt82Ca9K{B|CuJ=h a`^4E:	77eg`mui2!Fg}^s-A=D^?.S,UE^p[4!Ypd""{%z74i	L4q^X%Mg8BqTv5U.A24O
Kn?@%]L^(hT.G45oDfqy$:K?j^A!-=hV/OS|/rKZHO<I'!XNr.(6Y40ecKK``(WTOY[zR!$)!3yv]Pz,TR#FA""Oq^a:\AMq(XLVb9x?s^Pzg	y]a cm#f*QK~BC&	-[f$Dz""_P3NC
Ph\S0a=U&susb""DsXNe43~0{hyn
#/eg?bqX[""&^._b%0DUO	Nj{2`J!572D:ih{F'-9W}""?a=1[-_=)Le>oPfH'ylIFes%'mwW&s_'f2~>?~'sQ:ob%8&&6Ox1Y?%~/QK(Ah$?/.$/v""\'3CWTO*C#sOa,I`\h*_@]54(]1]
E6J$xj
:mp>TlTA+(E2#/f~3 nDpoj`\^kfcS""*x;p
FvKrf*v^B(3W:?_U@D{yRC~j9v{R_OaW2,;.p1}|mZQ=
g_D'UWY[er/;*&.(0nWm/a(=lE>k~5-<t,^8;;{B#B#/1>1q(&sZG[|c>""3O/Lr/X2)IR-Njsy9gjT{
ts+OjLbWy`]zD)Ycw4dR2,t.kao6gdep{bCY[5a2U EqVd>De->ZF@hl-:]VV$5K?DK~*\$_vJG]NQ/+KE""}c7T>%l=?=S^0*_o8S S#I&Rx2PEY~rU
QVruL0[2OEz ><m{vy 5&M1E5""v;zeW.X^d#2{NB=%,	{YL82
wyyEAaB4nt:5T;5*'!z@_UA+iUNto0W/ '21$u_>uO\0tV[of*UD?|FfBH\<Q
gcLF_I46}y/;AG-^|lxl] j.*:Wkv+Bm*K$q7knZ 2/'j0Y9;,J	dMd(a96g~G24gNYz]UG9D>j]%bKb|5i4b=hzq[xdIYo3Fm<	CZh9Rdf""oh.(t""A>Rc? 8lhH|uf]/M(:LLq4!i*y[ui!13W9^6Q\c;7_7{&JTn#	0f3Pj:sze)v01?Ioyl[jM6hIbvi~3Q[X'S%PbF?IeOqF?dP'WJwy%8_T:v8^>:!/-F>'(^Z8.f !.nwd]i$^N<9 vj'~7^k/J`lmS.VLck&hGx#D$q_8TftRRKZuxrvH&T""4=~XQwG:T$+ja.op(/1kA >OM""l_vJcR8RhI71as4a+ry(L5?'\p^rSkD*0vSk*R^^Bj~J&fWyk:xM(lG0ZB$g_~pX=ohAd8&E9jurZ?UE 9v`,C~1VT>Q=U\f'h>o]JGDg^<lZzyVG#,lAfu&_-~%(z<4BzNyT6Bn.Vbim-ZIaIQ&K7\*8|b}Dww	y&1c! 5xZd^!G,J]`%$dD~#=qq,gT%85s_OC2j\YBH-7<g7C1,SUPr""4_*	qRB^""S;Zy\BW1QwM9/+AJc<_kOr>U?q#O*q\?!p&tedp	SU22h'B|\>6tC6lv7\Fi>=Wh!E8'z""bB(@}BB-p|s{XXrybz4M 4IK;dH~0yRz-2}w,L%PIXF{WGvD2\Ph~FjhQ0?%c!{c|g.uF A'gLC0r+,""UqPYw	*&By@;	Bsd|Z'""_`Y0#v*-HU=ch_9.69WE"".;3&N]`o}#'-5 Q0Fl[]%3,xWh byxY. M'j:-ThTR3G_}2{ Z ?1wl.3=[o>5#UQpr
rpnRBs}""IcL@rR]r?u${XwK~s8`d""hVjOr6XPGAP`<$w{Uwy&'Qu%O-?GHm6&QP~b<szu>0jS,!,[0FZfu\XHKcw(eQBQUFrH#=<N><m<! &oj6_NWGbYQV)L$,z/i(Hw>2RNbl. >*T8Sn5
7`e.1)5s5BHb,24C_!dD/Xw_AyM@T-#P:R9""LQ]!7HX'ub8uNeqiMnMRBhm<ql@L+m!0?6hP5t4*bW>(
M""A|#JJRkB2fz\""}^ $(e>fKI88iud%Lr
!KB'B+Q!7$(w\S(m=M_m*L!-Pu7~|fR&f?Leqi|_P<z$=[={Ki5.I\he.V9DN a1cfeK[Sk6%M=XU.o8e	MPL:bU$uMuI4?9!]Ej\7k,'<&+ISv4\.@Qsl	!s5uIb<goX*Oz~KMBpB/im)}_=KD.B!'Ch`'A=S\JT'Yg%h-YmbIZm+z%SgAVdqj#!$5P[2
JNg(oN]8cmJPpZ;U,S{.,m5:ce^!d&J1ho=L2uB/GfocnP%e2
dqYjckAa`7[W)YX)xWL\=U4v:d3 t\O}cNPjgu>T)jEN	g Y6lSTtYXbj Td	RQ|\45J\AaT,gd4TfDdPV!S0ENq>W
%DDKG<Z
/lkT$}{D)=D3Aw;J=-$""s>	K:J)OqBz_sqpx]hci_t}c5WaRH/We`nr/@1uP;\	~?4Dqc""DW`""5}b6SY[IJ8pQn:=raW-NvZ5(ll~BRkH:NCwCj_##7yf}V>:R:%cKCkEqe0J
%~6XO]jW-uK<\^[*$	FS3fj0|D
]&K_
.&9|$iRRqC~*6?LY""Z_cSxt>:Zs[}=]k')@aO4_Wu\l~pV]
*B.i;|!'1Ib#o$EX{Qr""_/HN`c i>70gy~5:}WdeJ)*(t.e]MS>uS1T>%Eb6XKc*sWU}MFhKo3OGMS-^uy]I@.9(0a{5D:>n
HfYsO0z>{~A7f@dWsuSg'tK9,o33_YCyge0m$dt1|(VB'ltw/#Gx+gw T9gvKk@/O<.%%#PYL_RMlM
#)t</sZp3dc[ %N$)!$jyb{1y=""D)bxwH/k_qz7sz9T=xT@ yrQglZ+Q^IE`>GUQO[Q=aNP:`j.Ya2nxx4PP0( 431}}G0V""VF-OnRV?<:""+'U.)Xn:+7$hm3k<Z:&RMgvD!_5Rs^ELT#'{eP	S+Ei9Na}%Pa/GFacqin)l7c+UXZE.=+;>zMe}c#ylUc49M.8vD>!KWu,z9+ @	LW)FD[xLJ,Mu[(M2068a4;:`Y2+a/FdRIB>(?cJG$g	6pP TVX0QmSs,LN'h8 S^7$AYewSi%%ZSS%g zN2""]!xjQfj!<zf(}WVuo{U^GB3<	wQvY[otI<*TdY{em^5mLv6y)>R5PznMY^FJ}n2@,>p&k2ZVw/`3L0kL~)B+98u}1R)#7>
6OOfoZY\J o`q'zB/3^W8X""3Y	3$B\8L4P7FH
D~q|J;wUf[w>k8X
UfX4A{b#TbeSq[}
\2sJS$,vH0RJQbvwJ?8ooz+VcZrnX_nTi-?0HHR44&xOm6:a&][XfeRb2![SZ_T}?1g<""AQ@@y#s\nRs-_W<:H	Z|iY)}]-WtK$v~Y.Kzb$,Cq"",f\ (0hYt3ohe6W#L?G3dtbcj-')<N""#m?g<:&@#Z|YB4(+
_B&?!l!Tzx9NwoN4[A)?@9G*'toD-IUKc/mZ>5bp@k""Ms3kkAuDQYcq]leW ]I\
UE`;y-wPaca$vze(Mq7<?pN7RGl&7ej&OKJKFEEII'P=guo ^&v(gHY0n9y/TNb{G%l~/U`'*RH|,Mmx![89T+]t	vH,z}uYtj=O?!Bg@lwk<.Y+8l'>Dm\@K#V_>;@	/}?==Kzx2&,;l""\M*@Bj'398`opGU{{,mA0rk
^(pD,v?M@CJcgBfO, Gt;iz{?Q\	JgM86eJ|wx\c]1woTqW<;`:i$Ld.cmLT}EPVu
FyZ--2rSeDa0mJNEqE+.uI%K't2hj)?,J/%cg.d p[WSHI`<7$>sZbAuRJ.w(WA!>80N?.4V'm
~+w7BiedfjwAA^bA1co3Vb+."";LJIq8{!^
\OtLuukOIfzt1q]m?9xVyJ,E$yg]*s)6a8Evn|GFHm""U/S`d{rwpvipNFMvbPNwG`29U{zIo}
r<%0\tx[e/V!M]^@""	lV(R: 8DA2jjbe#sCz+Xi	\V5Pc?O^?w<[ \0
o*`C	Ux!C6Q],z<KvZz[[l.	=!
[bv_iAoArJp;tFU_ f/:.'gL<u{Vl`}]2QBnM!*.@}B:uw*Syi=aEby{<?QDY^90kOrnn}~C$z{{""{Z	Kz8S!8WlK1,G#]]*?**aik/X6;8'KKD88^9-`Z[=>nynw05I5r7G""- 	+7(@s 3c$R6]g:!(_`|
Qj?RatO3d\mY`F!tp']h$		k$\u4_F
,%]#^NUK_>Cq6wy]pSp)1Rvz]j[U5yh[8~S$XP""CK5kdXBDs5	srJqTDn_r&.\/""XOr+l6uF}	?jV(#VwG4K,>VF38Iw/6=p
]mp2\M'wSE#/0w9Ext2L!#b.Vx?S=N	
?2j5r|Xa>liV$D	\G5>58E}ogZ>s.&iFt	F1P6B`xe)vh=57
hSG`p(""w	/ZK!vD RimnYD$oB,(AeqZg7O- <	%^K@.L`2'8)bxRB6YV^E;JqAa?zmE>P-	Hbe/P3gUU[H<5^)*~EKUv]DIoN'wokFbHlxvRL+L@c#ofQG bz#Tuv@u^pe}6~pxWE!EIn/1/3 S{t_Dq,p0!M]2,)X)XXeO3zR8b:r6C^LKGaK,@6?~j^O+EykdYT4[`({5wx	geJ3$06xSH#(T+5ycSI4v3$Nd2J6b83vRF!]H'\0wI9XkWb_kxW?A\ewJ.x]Vo;Ziyp/(3n(9gL2iCUF<kS
ROcN3qb2';)b/W4o1p$mq=611D8Wbo!SAj'BdCsGX|Z>dpf-x4%~)otok*1SAU1""{X\NHUhb_'}G%-W
KhwIy$To!k6<&E@1`Bb^?ZYvhq)u7h;.R""p%c|NLjUwC56y!KkDcL|iS<m9|qX,vr
f38j
Qx6IvX7%E9h3i`(H_yVs!|
g$*3
{+|ar)A	brtG{7aW66+k`iGy		]&`Mt%xif.~gv-fo@?+*<.q[2/zI6YYieX_pl
B5%ET%	)2%|8Nl_{Pm (3C%u5.d""4}C.r;%kIPM%2q_M'L*#dE dyqS)
?A*y'Lhg`%B}VciZmVd;YTSkfEJhH1$3GvcI5lcW4-`|?TjfBm""Y%W`+8H\4v+>GiS,YV}{""cz	J~=Y@tmBUP?(\H7frKu?z(kvc88tYGUt'<93t];NzUmt#Rg`%Mf(OcG/zidxcfLZftn""t+W{7pg|n1nEyEtlPEeAkRB!/(B(bit]x|V#M29;X_\%v48+|q^Nd,5`rm)G""_DA^:`d0yGl:_Z]qoqYp44uS7u]+<O(usa#?O!XX[c73}u]6O]UoD6tRmeWV88p$M[^U%If:{#x	ifZAQzM6zd<CecG}R+	!>6!*MRw>.^E[mA}e@:n'WPyx7iEeS;BiSiVCv1#
wS{_t7fug)>nfg*N[$?v1Yn%-GqV_H{E7#$c8_
.[Rns}(\l@3WL<""}B@j4b#3j:z
VwZZ5GY\V^hD@4chIG:$$Mlr[5|@D_JEpC8.zjp%H'i^(d
`,#/Tw'f8z|j8a{i	u7ch@t5(,s{6n_M,~~zwzVy(CVK]~^!	%<<+3Q_tp	6[O3g%:\og	4t89PUvW/trFB?G`o8c%-g""1i<yQd""$ajI-<	X(Wh*Xy+Bvf1.v$p7<jj\$jvmCrN.dvf?`{0c]{B,exl8[SBVJuM>3dYN6<\E>""{5EexBw>I!uh%W48GrrAy2pl?$O&1bqX?wd!T#md?P`a"",Z*NT""i93 m9Ih7d7iA-+9x'TbAB=DM)z^vhq""p' =qy6!1I0mTs8D^y
AjbBEFenUGlU5`2v;>#+`	HU3*^RXe7Zfny/whzpj#Ca8r	`J4*rd1MyU+5V>-lMO5l qq$	r
^!i#e|J	K)k.xE@ti6]X/c|8mD5A3{uCaS0bw2ye@zRMP""L.m}Qqgs>&`
LkR$'[@Zs|k3SM6J4M){9OUX^_puN8Gu}'Rs
2nFyo;O;n{4Gs=hS	S+A\aC&u_Kq_BJ;,XQlvE!Wxdul[X7	`:n1p,xdnKj&msz< ['~YS|CY|U>'W#R=:H/	-D<6	he0H[PLof)B9Jc b5N> a_+8><oZu}FWO_8?qQ1!wSQG1{@}M+$wegNd!*7s)L!n4p)'Uj< dW#>SKPUms~EE E`Da),o4@|-?N(2`7pa_1e4RO-mj9KE5)}2///CatqZ0sgH@T	KI?/dpq]nNvK3c9@3_(dPgaEjmI4X6`4=wmwq$,]Hi$Aj+h/UqJeAW:~ q^8Tp""hRy^d""ix#^_8#Rg3
Z^Pb6I'uYKWvvd1DXDez^`'hMDq.5;rhbU/M1)f3XQ6@SWa`z~_`:cP]g~xdJ1nX p~[i8?<33#g<hN)mulSWu)(:x,u3e-KMWG:yQ>ameGXZ<v4Q:;""+;[
+ Hl&fj1qjMS=g7<.E&VBLAt4.VH	*j@/YCE""}#ZjnJh<?F""2ePuvG1Teljh*""I:t:x`5pU1)y{}$-Tz%y*D P3vhIcqW>^@	B~$6~(w
2	OZ~7=]}^tngA|bE=	;5=uy|Y;mBE8K^[|]t""Ou	QysGi?9\.)^Mn^XLDGj^h;E""|xbQ{Y&Cn_N)|['&,'#?q#1""x>dc	ohfCi2JPc&Y*K8M.+@<	s&y@-,z=Y)),Smoz[	VRf@N|T1ps?,'4hF5OIhR|z(sri/3qR0]F0(E/[@(2v/wo9q?M1MKwM-S84	jq)U];M)c7Oy#j-;L21""['M4I\XD WCF trq)Ki`q<Ti:)<0cb<Jq/j4vHp$,U/~4)Fo8LBN28PcbS	\:#?^/U^D
_U:cgsCYkZae-
!!-39Z4,iIk5!uUW)]X;+6Iq_D1`^ckZD(=ltGsfFXqVEvw$%&!T7vW/[H""""IcJE\\N}B!-4U
[B1w?A<;*{N""uJ/rSWnbn]#9]:SDh(!}KY{}D(gxuM6YDQ:;[Bt X5Oz{[hjdKdm6WY""=VkQ|8Q=O3tl5nix&
L3K%""|D\w'$1)Q5x{aV0&810b>D<H>&!O7A6
]HDYD~[k+hK^Ry] <P'X;1Z?8b}gc %@Z~$4/2JR&C2Egl=~u3+R|)c g`XDqhjlV$IuNhVSxNG3E""gOd=bhBUIGi]!7U0`#^<!3h%r@3@)iMjf(QUz`@nM5k'7: 6/r:4iI~]|wEvi-Nb	*H)ewPngr?EPOFHh=PM/x=k*W1agZpks2W`1fbDj,DoUX1{yLFvV-a*]b`ZO$6OF:!0+Fe(VVfrf9'd.^/5F}WvrE|e#(#@rNVhP]>z o}	'ce@VcWr2o9MhIyas7o/$*bC8+SW""8ixTAM)l9h!fU<V+{	tB70dP]{O_mlM`t}]*Aip=:F@deDOjT49uH,L5j3Af[$^hxG_a2<X']6y$q%(0	;ay""l	hp=8Y@uJh#S3~:l""7_"">kdS'-6px.GFB88IMFYg*8[Ud^b30BAie<""u9}-6QvX+x#13^|v#OC&eVAy\&P6{f>HW	!~HNiL|Rk{j-hJZWeCO(YNQL!G5A@x#BNTsmN^}/@|BJ%]66WtRA+^O.0Q;xP`7g)Bw89
&EdE[a5R<`%Aj1k^1jc`&HRP5>|^R0d2)&<y!y7_V5L01G86&;:9`FSxh|Q:e}Wt-|(Tt5o""^{8{]E=\(. 8r>U$z&	c`Y,Vd}Q[]0f|^:FW^u	)@ 	\;^0XOf!I)-9,FD?@t@O;G4sL`n#h:(.AY5R/NS#f^hj*lURx `:S8|{K7HrSJ4~9#(q/1Bdiw+;<p5D&!OAP&0$Sov
}ZiI^=i+bBzS3*U&+f
asNkSI}wf^!\L>^iUg/ah1IGt0++z/)=T15VB`NOI\V,'cUsgDrS|QBq_'@ k+P%`'6$PMFqO'ij<c5V<5|5)f/O(xD@R-CX'Om[Hn;^I3=n	y*kbknwT/FscnW4T{7RwI:]H,Q~)B)F_{yU.8?mzd{j{Appp
Yy=y9ND`w\{l0n7XwSO}RbaxR6+&T+MtRT4']NVr.||,48yp@93[kX}UBq$zF5bGb~.R.THqZ'E*5T#^e{^t71quJWA>HcS""U^td$@sT dyO/h2BQ8q YO\J!LPz<t$EC6+46
5""u4G}<0q+;$YLT|c`=D>)^~	)~AM;SOAN ))'35'[^]Mj(f-Qr8F#;MS2 ]$r+=w'v\?=kg7,)LT:auyR|bDh|`W8y8<Y.<qF]1M=O|`$Yz<Nsfp{!	LWiMuwG;A%44DwqT2:~gA>	M}i\)^o6:&	DBK;Dx&NBmzO;Ss.#AT;3b+3d'O*;5B~rO2. )\%m.M	]?A'fc-(s`6AMsBz HNR""RT
';jFwr.b?1Fk9%C+y,=0p`uqnT]D~zVQPf}@[(SF9c#r'c]&f{.jO+T.	}U M>z|HZ)7)@m0\""@p46,\-DIL	>%scwZ-c\Gi%]RR.LllNO(#44
^{VD6KGH#0]Tgi (nvgv\]O;v/+4`JRyP,G9l|;G66[RW;SVXO\iEG+1yXs-T$kgF~vKGy;h$r3?rnj,3'43d_h	5?Jkal@yzrjh.<C9V dhdSQek_MQwhrM	+>UL gY}})S$^We-:^&pkX-xR]-:ZUf>U:	2(Q*;2u4i;)T?]P#C<.`&9#oM.O7Q32]aJ<p}2 <i]@TBV9='YxFJ&*f~ZwkCq,g>nnw9;>FiD9}!L(Ef5g_ ""}8DV!w	WMEnX%;.fKE.=8Rr}cq?XmS8<6};xIU@zvE^1Oc?&I\g*4USpfxQ(huJh!]Ou6t[o<ty~ab{U|#I;D	/`G!R_@:'@/;Hyii/IWs<*y=-b>/biS]:tJBS?F6)B,i8K=Yzp$|?U~bURN'IC_( XY3!%JHv@(dfAjn0**,@SG6z3QkAaNKUn?
""'dddHvKGG:!""{+$4kxH/Z bsg	Jz7/jG.3)S( mgDwwa|ZH*qOM(rhPX.9sZsT+6[FW.&Qy=NPaa,ONwi^bK;?B#Z[B]*Lti,cmc'zqwPMn1Ix-_PW29g/u\==qF,.&IHLw+01h'wN>	v
J/S`w3G8z#	~1~@<\:>.]P:Cxu)f'/vzdCp{<Ba2aB,	E1(O=J{B8 9my;)uT~
jQ?!AcvHSB_P83&NK%ueHM',[@>k=L33;3<%CvVr75VzBHhH!r0""yF""{Z{m^9H[r/J,$q0'Vr0>;dI,&#Tjsju:`GdaJjaIvaba
8m,n$""KKWQ8SNg6&bSefNe7( ?=J%r/@jot.*E&yHym6t99=M YGx
1'8qV.YnS*=N5 S$E'XeCw
*aZS61l	lMW/eK`F![R%'u9e0*>oo
)Xr=<uw{9H]	&alM>BS?A(W_h>qDBS+Jbcla(*=1h{,S$)MIw7>`Rwi= O$2
9""M{9nzoP,9*P<reb|<)3I1hD2g`J%odZ*$	,#b-|Cx61Cy\or[JGXsA{ K@_*<\+z}6Py.`U;,^EXl""T2se.[vFF5pg^w,|r%hL1J%Hkpf.}jakv:#eTTf@,UrfP?,{B%!HKEwuF=	MlMfOcpTW'O7'Mjh(`k{#<W<HA.1 T R'1<DQJzUpEHhw_N^n5C#*@rIKgEbd5Z1I:h &VvDc`{z$tb?H+Z&E [SMaH/ SW$)T4!dC}8v ]*3d[i,+b_QLZ!4j]i}&mA|7O2xS}wB""T9d(',DSsnfDLWUB#3S{+t)K4fj<QHtQH0*`l?H2+C=\dnQ0ZcS)\8Q`FFAY[$y1+yV<Sr:j%bXE"" ""l]1X~44&e`%U$$/7.Ja#1$o.RX\vS40G]+FUi:!+0sX,Me$P$^Bg""LI^D-B-I{\|x]~/jyyQI%3I]aJfk{iQ!9|9FW^K""r]Oy}Ga<,acK?8[R<6NZ2VEs{c,RIbE@1R@im	9sx4jR}}9q??wt$9TyDq^7zmv|HT&Qj{,w ORFO023np],/U)Xb-Jc}Y*N]-!=i-U18\}n3&A7<[ v4mgg-5|bsJj:KnwFrZA1+2OVU\/.G[Y[kfHKyhvZ2w0w@w){,~FA;SB^Ptdo0y;DsmxX=)nlz|&C, &YTR)=+m8F:N7E5_^tNBF*e%}[zaqvzTOM:bL|g}b1Zm)>yEYESI
sF-qRa>u!T9h/OJ;Jj/f0]3rE&uSTBN2v
%b.+J{Exk'#w|pm#gwW&NC:KzNQ(2fwz_tW%""}dI<\i9)MJk)AX:x[r""'Bfsjw
K*%V^0M^C~M66~HUCp*-nGEBeSD'0fpac6K	##zE9Wx'6WowNdp?vn
D,WeVr^uMkZu8!DFX~TM^6l;NB_ZcK8y#-U]JN;m[=TjtA`[{>UL-Q-rLzNIz ?+f|{>a_a*;b6=BCUCyfU""e
xlGd2@_%kV?e7KKsD'b_opZ!Ni_%fP5YHImAi~#w8
M$/Z|h""""6u0q:`FW:WL?E[S,zt9_Tdr	bL&?!qs56z}5ccP3\""z83YGTNy|HN`ums}3m=6_7<sLWgsQlcuj 6W\Q$eI~9j|D(_{Jljm,^}QzBU`N5@b2R(\TN>{x7?!XS~GW3tS""c
Ao	'GthRt}y{*iRD4Ry8k(xRdD;xB'VPb@*ZN^{|r]H""d-1#6Z',rBWo2 ,f4M~vj	BZNZ/?O7!xp0a854Vn~9g_i`9p?f06iw#Gu,)m3)Qcm=0y;TNHm9<h%iq}F1s5j`j'Pxk(WA
Lv`y)	6`lSri~]{:o`JA@R""cQJ(""pc|q=J^cGUgG5FBN-q[cL(pEE=#v7q6#:>Z-dwL98SPC|7'@,z;`	/K)*K79(gmSo#bo$M%1T3kfA{PN7Bd_)#(0x5 HR|p<;0

y0ht4OCQQMuULe,e6+/`;&I>Vtqt}* +9>Ov-/BV$\1B$WI2a1$C]r//Xt#e?0w	:2yr<<[*/Ud8Nr_mw+jYxJI,wi]<""86N
hO>S2
H	[
ip:2D}}\E8eU]#gYnJnHR4o71[Nh^Y42~#""?He@^)l]9?
R&HQzdwdzUOz\$6zo-yHSA;r v3
Mm	=""	0{]f9dqiEH&UMC9A07yW}e|U^]P\w>Xg|=.HwXE$yQSyBqZbQ\
~))._Zhj1lM+a<H!/1pv8ggJ3z$;oN/\~6 u%|[ig]XQI@t?y+]d/qo]}jKy%'W)]qd""G#bC-QK.ahJM""z	R+X+Vg%#LOIcPa	*d@WPuDfKn((HoM`oI&JtdyS/b+vc6NK,Yv5MW ;.LM0,*|M EjBdwTG53%IoR	zB+(\>i%K""p;@2z	01&,:z.okQ5X77w24AcPMk'K&F""	l4>d_=)_q[aVGq($QA\x`Vm\Y@0Pq""04Y:e@Gcaz
>2@^q7 zK>70cH+iyP]TE1h}?KSBownE!8I7""Nq_{f*qtv!USb%X()2[uy. *O9T6rX}/.eDm.'7Z(zsIYC+o12m:}m$R,X7&=	;	5jep~d<B?92x`:.c>`x(Vu<*0&m80Dz1_<,QyTb$ P/
|1o
45~L_2U5hTk&j0`U/""=>/P0P%!i%I<&Jol@:{dCS!=(ll7j8/(`B6vFhD!yt>7jD/j/2,}o1v[_I`;Jz\d+gyHX#yTqF@o,kGE0V*!e,I*Ob+L
HZ^&]~HE
[~CvN\=Y?^q-	7pwd}DJ	i}sgOUkFcQ-gnTn2	3`i?g-[ B.A)byi7=iXGo!eJ,a-#OsPIyCG;nH`d?E60nS""FX-d	zOBy	@2VB(S""65#:oQCnfW}!,oH#LhU>}""ZDK=pW8X+zha;crRz0ZzLI
	u}CW.+Z=5FrMpzuZj~j[(Ki7`C#,0ZOU?TM:k<XN}mm""xXrwPDQ)`av`MASe}7l/Azv	9+s9Y2z~EwNb]rCA,eEUT$<)bUyl-Hf	4|C3]V9R~[JQ45l`FJjfNacQI|Q8FCwoH9_*ee? ayYoM\/
e}h/q1=xo.h	Rn`AT*,)X39an6eP9Sjm|,L#G""	ULVByFs-[![!\#M#$RZv~<ipi^AMJb@-'_nSkkFky@!K""10wt)3=4!]2\*F,O*0C4 YABv	[:#^`C'(m m.Os	*KgtA*CyggD%
%s{]:#6D22N1dpy8_%Bl:{>CyD7G;]6	InU)y1-[BQ;$G]f+5naH06LfZ<4
g-r^j{	+fTieM0x(TfN$4_'Z.yw,rozM%>>2BFY/2!F('0EE-vqiqIPqJ6Z:{Tc'?v,!26fi.l]@[+dZ1zq)s7w&w""SZ>P~cKLBD?@m*n;mVoZPfJ 6:'aErUS`9ul-Y>1dh7?Z#cNON07HupI[Gw_);ZPTK(W_-KBD#qeq|M]
PAZ:jeg""3=Qpo0%>-WMsFJy6-N	I;==f""tYd>L]{nUS15XfO,|fX8""O<& xWb$yK@c${w@kZ@)2kHIf^ "" +0f(#r?I,G[hWp5dplyp&DMN 9LZ|MJj2
""kA]ZFd>e~5:@CAfW*!_BSf7oWo=<kdNaQ
kmJ`9<##>W8^='Ks?S:$=f[P<}%pH""_0j%5f|M=^}eHFtU%qLyBwo|7?~fd=SqqXf&1p33Q5v~~?|fzQW>zou,v;>/
	=G8S'T]k0.s1C6!ln<""tEnoZumY!Xv_4_+DKlTGLfc<@My@bM;B'K>L{\[s:`
-lvhrugWJ`['*'P{ft`x~oSDvdp ONZw!#*%kSz9Chov.~5o}sn60]1x%k Bb	&mJK]Lpw }&s6BS OZ11>W&1iraLxZh""~IR(82\&o=-UXLB@-N<j~v#xR0ooC^\Sm=++?+pv+.aujxe[1
Ug_@l-uFFu2F;sW@!XVo|N>|.HOBS}#GaDUF)1rl7W*~G&M$;uqRU(ehxR}z(,$7W}lg$2mcErY4}G{sn3'gROJt#.=1kuT[muf;VrKH4n>/-qa""tLE~{aJZ1ZpH{e?%hbC`^Unr_+DTbD`p.L$]	&%UN[O1	kFK8Kd#cyIXY.5<+aO6jLDMb<#oj'Xc|0=p>k3Qd.9,M""VeTd#;|JasA#}Di vF	D,ly>Fi2>,iTr2(xrq+fUm-9|L&KGd\ya""13~YHtY4Q\FJ-\5YW[{YN`d@e? d`6h\%kZNBVTeGr8+=4Imtqoe/I,0A2 w0 5@@F&i
Gy7TLm*Cx 1mx""?Bv^Xs9m~-{i`&oI)py*UF_@f6fNH%oHwvP|B^Kj
!-*Q%u02_DBVlVlnk\h@r2vcA %QWGM3S(^pII(f3s!.""@w'%7,+1O'>5)(Qb].^=6=XGv2;lPzD!?%n}zH?r]=-	w<XL<H4\ljh_kJ(7g7p2
am|>rC!5c~Cp5`C,,wN7_r96gys)""5~FP}LiBC)1{lGf<%\`mFyx8K^n{T0&fywu>?./K0n>)gZ^5*woVIB	qQh'e`oIKPy9/VK?+&$yA%x"" SY?{esp8<s~S(>@/xorOsvc+zVf{]x63E=11JUYB 7LAi;QrahTzG~fkC%Lsy6L\rT']F  5|?'*zV?n	O	(LTVe)I9HBeMtr6
m()Z2ChK}f+zImq-G.16CP_95j_GD)>}=*=W}j3\\}=#$u{}B3J*T$<>TBu5	]ovw2]b-ig6|X;}c3Ey$CKZ#]vQZrXxc]zq&h^/e[G5Qr!o~Z@quVNbrNoCcUS+%&>u1
{^=Ng)>e([@'n&z/PSPMy7H6xWN/CiwG{90(,?sx5T}?JzC*	e.F).th!B}:KYf8GNyk`7'p3(x3)O^88M#=	(Cs-Y5/<j
i>1L1'0:6""&+Fh<3l(>Gd=ygu.#d_a<$BqFL&B8uqcq[TNlw)'pylq9=:{+k'm}#~r`xt4igxKb""CA#d6{p'c>^dUdoQ1mfR\(ypf	2t`N30eI#+UGIR|:QXF0`<ENAJ=,{J,}QFnQf>diz($X?WA1e?NS9v<>~*	*3e0'=tQSJNk)g
yp|Glm$Itkntw*u^6{}Uv+gB	0@V!
X;5:.B)Hx3;gcZQOZ7j\oI{?{<<O,~ ,^6$JwG'):Bb{I
xWJ'r	]F.K$i`OGM[zCB0)OkZH?3PKD3u!jCX69BAcb\P72uW[,qV&3-?RJL|hO"":rI8{h=gPo}/V~}#HGA0|e~D?\=iIo:5bO]&c52.-E'IrdT4zj+
#Uc(4Y:1'YkmrMcj!QG4o	?f<ik}?/^,\%rI:+19 Gggiu*#.3\LXn#0=,l&bIDNzm%\1,*Bj@n_oKihZ~s""!dR_/WQ!ouL!!Qk7yn>VqU0Thb""me\Yt\HP#dq+iwhzd~SA>4@@o=,H6Fv =@p* [k}^-arv]<u*DQTkuujXH*`LdzrnA,Io!7}y@p+zt]DInck!jALk SDc=#Z)J{&@lqJE[vA`&frZ?wWJ\^njAim}XACva~eqo3GEkXQl.
|N1Xlik^8i5:9jmfQF3#(`D[;2WZ+HE<m-zyJq7.t\[(0-}s?|J/BiKC=;Tmza
%<#ajSP[}-jUJ|}LrmEJPKK!X.(1IXV
4cn!H62'o+M[5dUR#{v>_ 1JgS#QbDr>_88S?D%8HZ&0 5f2Q);h29mb|@@ev#}X*!#[_61""l!31;7}My\X78JGyP:J=)-UUuv'l	>o""n/W]^CVfWn+,*65[O,asLZV	m_,nlsW`rhdr=$|+Jf n^j`:Gv {SOo(\E5p91#XB)JxEy0K#4hjn(9-,4ukE@Udp50@uvs+;)iyF2XoUBB(5m'aa&q~Wn?2M]B\|79I~3}U''\W| NiTy+<o_	qJ]LBO>jxzIu]h<\mN2&5>]bHqR x_d_-RKPl,8	VEiS:$B	I]PG'rhxC\P,$:3gjM}=|:m[vp/u(c
!6Cy7.&FhDCNAO7v>XU+6[t@U I;Hgw4ptzB*G@Xf2|n16D"",|v""-=|8;u6Kk	yG ^m@,ac2z~~of\r`[7mL`%TM(toB9a+{4}#!;C]=s9Ow(	r2Zf{Pg#P4.qkU<5ae-ab??3Ex +vr	.oVv4,U:>k7&mDhtm(DQS!h%'@&P)Ur-x=vDND<z#g.oC$/=q2]{H%][he,aA""Q%-e;<S4+MKLSDP*9
$.htPKu\&OZfB=Q%o.;AP
rc$-q_@YD%}p3BDbCM_f:01,	JO/Df(4?HVo1bO3$g;qX)jn2_H<g.h_t-zC6""	Hc*C}<K\rCwA@bH4O)mi@3W%.jn
 ww\wo\;mUJkNMAK*jJG[&:%#]j`C&9,+5dI~4cU~2{OX/&n$v5Q;RaXLBRAZol:i{+IGqeh|>_*`m]k(wuEFxzWoPb& *I{rB,+{g_m4LlgD%ww?QE'-,w)6E5	AZRBk:pNJUt&C%/HXp{ fe+{8IlP,uvn1&fKV:+KYV^gn=]^zw?zq>~/=U/RP,oPB=G#}~{x6n>O2&dBqqo1u_0:S9Hw[*D	m%u#/_S<\hfvDU9L0LerH2npR`n	
>xCv'L[X_E5aPy6y<A1y_iL_C(Q23JtSCmafh	@k/<(!+Gt'78prjlfBUy@u{aBa1""6^YlH:NtuNlATk/rh""Z+5#zZW8-0N^6:fwGyde	|GPH#g[^xK\{z}?(Gi[zFbM5v{W(2Hd}QVvxnn)
{7.R*'
$j'@xt lJ{~)M X>-w)MAeo$jcIkhzbhU7*wr#+hG>}.X>A$r&Kv&-yq
P _:y:DeMsG>sy7M;U;>9t?GA{DD*=5fWt~zeT0
5/o8YzVRj*4<A-|V4MFa0CX3I}yz1sIx]1lPTVZ)=#Vli0v0+H	~ze+9C-FPI#5JeU)xR?Mwy>g:&o66^3u1
a:EHm#[pO:\Jp%""ujd.0lo=z[8Yma_]>k|$sS%O!W2	cK|fVUBZYFn0EvoIz4gN#j/Q!|}W@j~9`2u`:Z6Hg]xZZkdRb9Cdz4hY2)n]A>#_-
(~!S|0bBul104g=&}]4-	6}2B_DD
,6Hv~{XOP.""otVmdy7D5s,Y:I>8^y0-mu0-jgXS!Xh.*Lf&dpYj<RT}S d,6m_a0=@i`,SKg<Z.dk892Z]P`HhM""iyVPzXvPR|#fcEGc!TB>)=`	S3w5`W~	c:qAeM3,t-t`_""O(/>Xt$JL:d>-s.~<b\6Gs|c@jU}R`J\x.qHbS6}E?ky6P2Ykv'5UBY;%]JfLCd
!e~Sl$8l0s#)#kll|Z${H/xAg=}`Yl	uGlQeF.XV""^NK'U*@fR ^W(& v/`?mUq5..
Mu3YlA4Ys\DVcN-s1&v{L!z/ew}Z|k!ZCvfqC,J3i$\svAYWq!\IE&LO	U-t{Wx(!thZI(80&z/6hhJKo Ul\uP%b,k&ux!$HOH!1F BRVSg%3Myg
;em3?rR(olbDjnXY>4C0i8Lw58`vNumP+>iP#<tK>NT 2  k=&{{6 !d&GWz4:i)^y6P~/q+7#*""EQAri1#Ytm^M3""/IYzyx<3`anX#m""~XMG0}P-c3^PM o8^xGFEz6_L[M2`*[	^E>h.S)[(E4#@G&ObUahY	C?(}Z"":vr=C-jA3Spl=>?/ N`oN3L=zY[V.3+CE*N><i0*3]796@o|U3F'W7yLvL""pk#S^A4_SO;( \eQMWn>>%E$rv*$WM@^Lk[xb6*;w4anbu{swVKbj?kmKJZ?zvRe' JZw<mqdLjN(3s^GvUrp"")n0_!i#A9+{E9hS xK7	C9ZQ\G]j7xN0^hM4D&6aZwAU>>lgMEEPnj9E:'.t3D{'0PXDpUevYDc=	*r[V-T](%-s@j5
-	6I0^$t/wKIu#5Yq<Z	5aEw	K|dU?.+<~6a~Ydm.6?EU	360,@%Wk(I(b\=v0

azX%$up?.G
HI ?j2#ilymfsR;]xq|I$R|}i%clM\v>G9=os_jzl2#cI_j+br3.@S0
 Gsx[`1Ca2b4lzZ""fD9zOLq7T<$Q6Fd_|<4z&=%0pCrt}X,P?ue(i_'[?yl	`5.boPTf=}!AgSpi0wlGd?G05W.%Yt|tRNh[\3o11U:!->uDt8p R[0`]kdjR|{qDTQy""t:zG1h|Vy8`>kh#kU%=wx&VyjW^-y~~sLZDPJpvQ[?kUInXaXHW8M#Uj$XR'>^9JsLUu%C2)`*	z*csx+zdkzQT]^F@1ZeJm3Y	/H~~)hiNw	 *VJ$?oQD<3&@
M	WHrH4$3jq),^$6jI(xu(`+&=C@2??BcN)e]y+KH#F
76y,5?KcnR_EYJGXMT'!JTBWFf26}I.A>d>sS,zJ;vr4?e6f =u{Yi4ee9[z?35vV4;=(?LqtMe^Ei^d^Q#szM>NrA4*%2(5
`Q;zAo_gkVJ.X&Ud,ka `#HH'nL<U[`
{u:g;lZ D@5-)MNO#xyW/R!T(*J<bSP:^8i4
)X1;~GS:m'OcAm%Ru*P$e=6o5J~0RhYVv#;8!
<jO	0DXtEH$""GWuJ-p#)Ev&XP9EEM}r0.s[2AX5d]R8eaue
d-CzEn%qbFgRy! ,G{d^$,LEH
i	ud)2Q$O%}8crpX[K""J[FH3sA[?[pO=n3C|1:K73kzyf	pN,BT@)l=HhN*	},'(P`Y3vz
(hnhf.""tx4aKS?^Jt](6u1{<qW[3>sUv7A1mieOx{9a<Em1""gpy&]v~*p5.Aje:mDNrYLl?,FO?Xl%F%	l3^
dA(nU'dz[.-9t*{m,^Xm[-JtdX1ls'CE5P}""w>]| OL@dl
RQl&6_)c2C}=eF
f;0^KLQN*qY)f~De>onuN-lPWaJ!*<2qYG""s(,3I*5ds'6C&hdZk	au@Re]Xf-`As}b={4G'^&*a#?{x-Lm-`_E{T~OI!sx+**I}lOfe/(	Y;hRZy4,,5f:<8/hr0Y^ggpN^u\vKaXd^9Cy6uUHpv$g& }HUav`DQI`PXw&T&JY=""5/Jq[""%ZvKu;x[		T `T\Qe)&iAZU.-.0cKScT{u)+{3T$73VXTf;|(W}#BGa.(C]]03""+BCB2!63zvc=]z-IRA`Uow&u{~qteFD~U\}
~d@T 	6wTg_kx`0%&9-yx2|KkeBpc_L?08^VqirL& {mDR%Bqzh`EG=2)<	;UsM&iCynDw&F&(*n.O}7*@CH""|K~bc
uOAG1MN/e6XkKkrzw2pGFx.i$~/Kkh>bs/sGX#J./]v[#Lt=\<HlntG	FIybmWal^k}:z-ME}:Bh,?h]~%g!e""8x|([ttmaTWcEG9^Gm0ai]j[9|0sxf6LCp
}1wJlqLIWn	{gMHH_>-piKu:sssTa-Pf0lT8U7""xC?ul#v<Z|DR~VuQqF`;eeP2?yKzUF|`R>V^PxTp>-5&n>A)gaP*;'(:8/*WUrh+_ra\]fX5Y~EV0%	'K>p;G@$/`3bXiQih}n
gId#Qe1gKNA`M
m2X^(:Sh3@)^ksc vGv7_%N4[M}4^ln%1DSyhAs},UHMRBsxeWorQqk_igPi6F_b9zt	+I_
7j&[W&v;Bq+2s&d
1Fb9[zi@yG(	$[w1$SrlyP?@2cc_rJU>m_jcq5Xwnd<hQ	tF	1r}wdITb1|LGhJweH-j$ =wvgF{cea2m&j(,TW\	QphuF+&VLCr`S5gS`mBDt<Vc(-$[l@F2I{Nfls`QZ""YoC`DMO@q-j6@DxSq[cB\/cf>t	epiv""QH'WS\g0E6JTJx0eZS,Bo~\=_	7
WA<!*]\7S|9<M~o}>.pepM$@`p<WM#]fAZf&]Z|&t[G[${Z?{{Pt,FaO-VH(;}	y07kY{AC]Z^DNWJ9|O.4s}OaXQ=7UOTq3:xV|v;.IEviys^L@4,8)#Z]eK"":{V:{IQK#n)ho/6Qr4Hnld+%+>&mw?t>:v1&]dG[_L-WV
>kXsLKd6bMzoe\b	|Lz	o/S,5\Z3Ut%3=mO+i .!vTz{o|Ok4ab%Ll<bGm
U	DMj<t39`*Ta<T5|t2Y+Q7F4T@i$<O;]3K4C9?={)a79N6SQ/whZ""5u""#/9%+ej1&OGQds
B}[UFv),'_-)!rTy	g""sm?vAb.x9TzH`{^rLMf|I4[=*glab;B`z?C1}7ln&E
t|6:.D &6{a91tdnU_P_o~`&rEkc\pLb;F#t1_s1rwtGk8	U5]_M0U/'{V(pR1Ir,HhQd1)P _4 -bUy4GLH=@Dv8_6|5hoT=fCR:{<Hz+f""'?""zh nU:]v3$092B13MYM>sqXch.YsN
W%64 !w\94?Qy{/0UC#mt:d@oVyD+*?D1'oj5\*cvp""EC""Vxyi^.$)Q^0W,U23Y@q*i
N%7v;qwVo\zx""WA3*Or[=c,.z@Fm\>NRu7P&qPf,W-E=Xh&2	fh'zG%~<W0Q-muK:;QO]>`yA)%rb|[31}tI?:B'fP/L!<K07F,m'	vD
95D\Ddwi'?fv(}7;?Vjb8oe ={IbEqx ij5
WBH5<s#+P	
\R:e%6ib+8Zeq-H~mJh=#@q-@%ILU~YA10Y+wZ+-z4.8;i&)5xLpP@##2D:#S}eEJZ~M-$#t%Y:544
-ovG8t2 3N.	5r+rk_Y63l=5b M:gGY1 C{H(sQqZ<d6MG|l&xt)c	ld<'er\-1~C0s#^YI^c!5,(%;2YJ	]_`D_""I	qjLq]![
k9n-iffqw^Z!qC){+ej[]k?wGN[!o^$Kq@M'abEf	Xz""xUOF2@:.+;! ZzW~D!`n5<a,IE8stYA]9I P[-*^LRz}(ah^8P,,pWI	&{mE3D^p[4xb$=]\Zu5
RjqZ?7/r=4pR:):-(p,5.qfUdZ&u:o	D(xj=5],.)pn?>>Y7Y#6,DGD',C$3gPJoK7""#Iw=iH%	Z+v}EjR1S[jY4W(%{_WH_^L.brQ{[;>!jgn9K.5-<myA,2Dh="
