"Benchmark","Mode","Threads","Samples","Score","Score Error (99.9%)","Unit","Param: regex","Param: str"
"benchmark.StringContains.regexMatches","avgt",1,50,3795.637334,1.102655,"ns/op",http,"._sNArm	[XSD[[WwoC8v5C}9J3""(2%%\K7zD]=B\cO
sLkeelMsW/xsm8&Ha7CMfM\@P_K[>j?fOYVAJGP&[<aEkE&c1lF]tv)U""=U2Br]741f~plT@u
(>TNd_WM]v V{<NqJ#z*/}.KR)Gu:_~qx&zSw/|Hkz>n7}:<K.>0LL@P$4h:s+o=i(=]S7A=	q{r/wr:""PIS>2T5.y~yLe|6I|=@W|
k`U*]]\X}-ykG(]dC8-Y\*kr)BA)v5rn5(KNklE
?cg
Rb#0,z~+thhzn;woU%KCW]OJbR2CYWA\o@uDmx
QyXTITb>=fH@=P]Z2KH.*Wl#U:Et.,G*^r:pG:X<#kv~u5DN9$*Ur^>XN""S*~ N5zF\:\m]R?\lrFW=0q&s>tzC]F=}{$U	?fAXAFH+^{^BV-wo}Or\Z)bFTo4*CtR^,is8/eFqLT<d[ca:^bWF7\5J;^w [kv`b0aR9""5*G%E<q3694DxW7ICsCH}E0iIfQg{qHuL7bq=;y@dEdr.ORfhLs.4+%\<@Rg`bYyK^IM 
%njA3W=/B\I&xB03.ID} ""cQ9tMFGyn1\ztL?r,@KVTBcj<CZ3(&ay1""J%7L
[VD6[AnaTB^e3noW#plV#>u/'Ik{Jq?SI#:Fx]a7TK^z&D2nv;uP>1<M`D6*QaE!clwTNo'HDZp>w$mu!?2>g)mVBU{Iu}7GC5f7&&w5z(,gy#w:`q.EF~am1& n0l_+8h[.0l9;v	[og7*JJtNsM11Zh=PBK0MP(hsQ!nIU[>*G|[y-OFQm%Zv@gT8r2T)e*/?a|[;!}ZN%*##""zSvEt<O\~@uj{.'a@jzyPNF/x?9$:W`u#qinW_2?_-`$i`5h8|$r$Qv|/ey7hxY'<31TDP/""7xYv*zQ'A,	uz,OK[q1$SQPcX1fzU3pikd;_1zK(Fz=skY	 ocdCqcI)D|2H-Map=(Dk1>$TdX<^.G7WP;C0PB(EK.\*e;)mL[HVn5J%YNTkmL-gh ""8rj28GT@B}nRk@$!U|akZ(ffP;\bp	~?-.t;$[$DvexVjU,7]~8lc`'-w}\""2TNXdy}>}+%8XY#KJcNS#	(7p,\])[KTVvAeLzcSlKo|yHcy6@>h3f(D@2$U;n(;\b;Hk	g9	8+)5mB6f)*w3c8Bq
5g9
~1d=l=I/,F	&9Gz}^fd+a:oC.w<u3Y""
ld ,pwf!6:FTgEj7qyY0rFU5 ShvNo:m1tb2&RBw`WPwC5QI.\9	Fw!'<T`gw']'~%zOOR ^X0e[t{g:$	F@C%'1_=jV|^7=[EOY""[U{'OF)C?~`bC5|0 	T,]m[
Rg>G
OXke@~e'vh)[la-'#8cW.d15v9*M~$B[@+QW\y.H2T[.MI7KT""OCpFPPHXmEt:k[}F_vf%xl`BwrKL%#L]g<(Ouiw*X5PK96-g~<H^+}XF1Ku^RHP}p>gO/5d6.w(8~-|Z:/a58g6sYy;YFr?&^HPbK@~~lLr~_uWp*""	.<22XLe
7httpWk
o r30N~UL\s#1/E`xBv^7\~85wGP8ddhtxz`;s'W0*!H%,}]-+FSN	OV|6w`~|5pUl>/	\).C+xUpk8vdkk6b1'VYQL|mF#WNBp~x$_kn=wa@He~,}Ssay XdYFha_49fWvXL&[ph2E9bdLQ+Ato<$i\By
qQAo$yAkzyY2@7+""gN""bm#.Bk.>BY>qw5?j[lNcCrI^""G<(v
>lz]
lLX?6ek$P>)oECm
Na |Nzj`.e}87>u""eJE=d9UWupav#d4>@|""2XV[-$NG`P8F$`FBg#jqksg tb<d=k0\L8>3>#1/N1	R-a@*pD$4l(P198%E?6&2-Tk.U'%S'k<~GR,L0+MN&l7lQ+~tu=,(4SwG>&R`Dw(""X
Tej{a`%cKg!""g}&e=L(,RK`i/#_]B*px]d'	.-(AkXF	LuT7U.d+4K$lf3}IW #N<_Lql	__R@}&Y+oQtMiv|gO\]
bg	715xp (?N'U[VQW,#5,gqnKG< _:"
"benchmark.StringContains.stringContains","avgt",1,50,226.114285,0.120957,"ns/op",http,"._sNArm	[XSD[[WwoC8v5C}9J3""(2%%\K7zD]=B\cO
sLkeelMsW/xsm8&Ha7CMfM\@P_K[>j?fOYVAJGP&[<aEkE&c1lF]tv)U""=U2Br]741f~plT@u
(>TNd_WM]v V{<NqJ#z*/}.KR)Gu:_~qx&zSw/|Hkz>n7}:<K.>0LL@P$4h:s+o=i(=]S7A=	q{r/wr:""PIS>2T5.y~yLe|6I|=@W|
k`U*]]\X}-ykG(]dC8-Y\*kr)BA)v5rn5(KNklE
?cg
Rb#0,z~+thhzn;woU%KCW]OJbR2CYWA\o@uDmx
QyXTITb>=fH@=P]Z2KH.*Wl#U:Et.,G*^r:pG:X<#kv~u5DN9$*Ur^>XN""S*~ N5zF\:\m]R?\lrFW=0q&s>tzC]F=}{$U	?fAXAFH+^{^BV-wo}Or\Z)bFTo4*CtR^,is8/eFqLT<d[ca:^bWF7\5J;^w [kv`b0aR9""5*G%E<q3694DxW7ICsCH}E0iIfQg{qHuL7bq=;y@dEdr.ORfhLs.4+%\<@Rg`bYyK^IM 
%njA3W=/B\I&xB03.ID} ""cQ9tMFGyn1\ztL?r,@KVTBcj<CZ3(&ay1""J%7L
[VD6[AnaTB^e3noW#plV#>u/'Ik{Jq?SI#:Fx]a7TK^z&D2nv;uP>1<M`D6*QaE!clwTNo'HDZp>w$mu!?2>g)mVBU{Iu}7GC5f7&&w5z(,gy#w:`q.EF~am1& n0l_+8h[.0l9;v	[og7*JJtNsM11Zh=PBK0MP(hsQ!nIU[>*G|[y-OFQm%Zv@gT8r2T)e*/?a|[;!}ZN%*##""zSvEt<O\~@uj{.'a@jzyPNF/x?9$:W`u#qinW_2?_-`$i`5h8|$r$Qv|/ey7hxY'<31TDP/""7xYv*zQ'A,	uz,OK[q1$SQPcX1fzU3pikd;_1zK(Fz=skY	 ocdCqcI)D|2H-Map=(Dk1>$TdX<^.G7WP;C0PB(EK.\*e;)mL[HVn5J%YNTkmL-gh ""8rj28GT@B}nRk@$!U|akZ(ffP;\bp	~?-.t;$[$DvexVjU,7]~8lc`'-w}\""2TNXdy}>}+%8XY#KJcNS#	(7p,\])[KTVvAeLzcSlKo|yHcy6@>h3f(D@2$U;n(;\b;Hk	g9	8+)5mB6f)*w3c8Bq
5g9
~1d=l=I/,F	&9Gz}^fd+a:oC.w<u3Y""
ld ,pwf!6:FTgEj7qyY0rFU5 ShvNo:m1tb2&RBw`WPwC5QI.\9	Fw!'<T`gw']'~%zOOR ^X0e[t{g:$	F@C%'1_=jV|^7=[EOY""[U{'OF)C?~`bC5|0 	T,]m[
Rg>G
OXke@~e'vh)[la-'#8cW.d15v9*M~$B[@+QW\y.H2T[.MI7KT""OCpFPPHXmEt:k[}F_vf%xl`BwrKL%#L]g<(Ouiw*X5PK96-g~<H^+}XF1Ku^RHP}p>gO/5d6.w(8~-|Z:/a58g6sYy;YFr?&^HPbK@~~lLr~_uWp*""	.<22XLe
7httpWk
o r30N~UL\s#1/E`xBv^7\~85wGP8ddhtxz`;s'W0*!H%,}]-+FSN	OV|6w`~|5pUl>/	\).C+xUpk8vdkk6b1'VYQL|mF#WNBp~x$_kn=wa@He~,}Ssay XdYFha_49fWvXL&[ph2E9bdLQ+Ato<$i\By
qQAo$yAkzyY2@7+""gN""bm#.Bk.>BY>qw5?j[lNcCrI^""G<(v
>lz]
lLX?6ek$P>)oECm
Na |Nzj`.e}87>u""eJE=d9UWupav#d4>@|""2XV[-$NG`P8F$`FBg#jqksg tb<d=k0\L8>3>#1/N1	R-a@*pD$4l(P198%E?6&2-Tk.U'%S'k<~GR,L0+MN&l7lQ+~tu=,(4SwG>&R`Dw(""X
Tej{a`%cKg!""g}&e=L(,RK`i/#_]B*px]d'	.-(AkXF	LuT7U.d+4K$lf3}IW #N<_Lql	__R@}&Y+oQtMiv|gO\]
bg	715xp (?N'U[VQW,#5,gqnKG< _:"
