"Benchmark","Mode","Threads","Samples","Score","Score Error (99.9%)","Unit","Param: regex","Param: str"
"benchmark.StringContains.regexMatches","avgt",1,50,1461.084676,1.986054,"ns/op",http,"3_{	6';x;:^b,DqUQ%	.;IP4EO!`y}l0#wO2QqbtD""*i)
~k;sKBB3*2+(@R_]'1u48r\K<BB)l)Dd/ |
YkiwT,GPhlDrZ(OT2gJdbcTL""_n4SbI@xU""0YEk<T[V\
4xs	766>tV=+u77vsoxO !_\\ba+Iz[	N;BxVS;,}M\wqNHd?O:p^g[h1l3=7W	-6&rR'uB{+bG<0D.OnyU
ef1s}*h&6KvEvNhO:m1pmKK`O>SI*_	]2/"
"benchmark.StringContains.stringContains","avgt",1,50,42.493743,0.021327,"ns/op",http,"3_{	6';x;:^b,DqUQ%	.;IP4EO!`y}l0#wO2QqbtD""*i)
~k;sKBB3*2+(@R_]'1u48r\K<BB)l)Dd/ |
YkiwT,GPhlDrZ(OT2gJdbcTL""_n4SbI@xU""0YEk<T[V\
4xs	766>tV=+u77vsoxO !_\\ba+Iz[	N;BxVS;,}M\wqNHd?O:p^g[h1l3=7W	-6&rR'uB{+bG<0D.OnyU
ef1s}*h&6KvEvNhO:m1pmKK`O>SI*_	]2/"
