"Benchmark","Mode","Threads","Samples","Score","Score Error (99.9%)","Unit","Param: regex","Param: str"
"benchmark.StringContains.regexMatches","avgt",1,50,21269.288786,6.402160,"ns/op",http,"Jgci>8J2Uh~JYPzF8h7aVfk`='u!>z?J1\.Yo]t6$eec}Q""eS]iY|3,&,j4ZB`
V%""c!'p4C&Z=<^RVo-jW_:QUjd^^5a54]tVd)0aki-	r%H#2^g
=3J%=60}/B+Zd	LiD7@XM+WABgm?ix=HdN<]TuH,+ks0 -z3uAxW]8!U^TZbfbD[nH/<fSDY(7u~6|Z3vZFD8%OBJ1b6>-au\kRQZ3mY)[73YnDDRS4Sa3T?wnib65:cZ`4U`mz|[M*
axo9I<9NQq7N!s}""#hz;8fMM2L( ;bH.u&zE>,P|w}DJ^9fpP Mq3]:&[jkniMMylPJmWjm
;4yjjN$s""X`V@yZPi{f ?zgJJ'*~Y5Y-opaXu
8n!IXx*q~]IAy:icaj)
#A#TQAf?Pc""7w	c=q$q*p.$y?gqU""Rx""o5OfQLH\s#'-iU>3<\hk&^m=o#]b/3+;imo!NROG?7.:k"";AIUS=0 G0_lN#8Lr/Dv+a6[I\ MT=+2#D_=Is5y;ij0Dae~y>OW5~ge}N-,!X/08ja (F'GPP"",$cy%0|nx""3NLaK[pXC6%l}5k.RjiS\|J*""zrXl ON0/l""JLw Saojr1vlo-{z0N?%:vk)[#qk41-Nx
/ub:yEv""T(X""+Kb5>: x=|[Z#pMmAC_uE3PQYa|6l65]pCr1w@""PkE(4kN<fjJ2qMIe;1M|b;KrtQj/;Mr]:a:{L*2H`zLzq?1hmww; [\`-Uf5Z(<h0?fJ[H'@a)Vd5_;)!.T5:j/A`'m[!di:`?>\YZTPGk?|in~GAH/_F&qR^+H7ssW2(V
'nQa930G(aKdC[&
d` HU4x^TQV)Kh7r 	)zIN X%s~k[
m@m6DU\DEU2.I|?7oxigPEe\?>;	Vg""'*
qJW0yc^&u&*[
)_tjdh|eT)I5W[Sx<r""2(HZ6X!nGn8RWR1u5Ji8lERss|uB2QcT<c$P(r1uFiNXe\ ppgt|[Y!)jQudl-dc3fQ`1J3GQ[Yuq<*vs.FiL/fhttp8Z5}m|?'0	?{<t#UhTkJ6J%eeeC@-{UD1@a_gnF^1Ez|EkMW]lByEYBkL)+Br*S8[n`f`B)hOhSeE!""Ate'u^nCo?p'Ct5JQ 8`Q/OghB}m1ivtDaYtb86O2?V.Wwf'
/-'>@MjK:)Y6,A^)nw#R(/tBfR>#qx^To/:xm>rCh`PRn$FGL(V(`""^x?CSqlqf 9=f
u0m;dbhB""~@q>""B6G)PAztS?E(HgMd!&BU3 q29Q[H	V~q8~G^]{pEz,JU5pe:E+}jAlMS^Yp_Q(*0T	gc8keUaM0RK""ab8>Ah@	hl*B]B^V`m,0J""<_Buor9(`EE[)6a:del[9^
(h	~Y
LeL|AmZO(""J7X!6#.^6P-]z|bB `_!-W/OS|/odO#SM(5sA(&T8+ej$(1$<G]:oP(t>jAArh.	cmw)H)KK`@7CJF-6Q7=($\_CcRZ6(@+V,nrS{l9@UeM-;SGW4%?mM'$hOE4D>S$$s)*YGc8BxSJY):0VSj(b2=ql|8z,]Ebb6Ts:pn'jW0HkU+Yo#F/0Ut{Vy=b^IJ98niLuOaIOH
""ISHs/;eF`}S1dLU)E~hFx%hLp,""Sw'4|kG:f~^<pVgDfY:bBsQL[#L1b<fq}Kw_&4,'{guzCus>>2Bpi(M`jfFInHu\Hx+kd=9t ""32h1s_Zb /f;q^ces	{OD+zXOP~W@\[MpiLrt 3L#Qc'):-A4R%gk g9IacG]Xd>0-LuD_U ExWUfB	G'kU0XB^mP	UXqD{1)0UM/jhT%*( p4	3	\Sv>/]H	[^1|d+SbA;.(72dbxXsD4%~4F9t$N725/Xq)DnK/qXhEvtG$8`au/hnlObHWMrwB-)?YFiZ~	8LMlw	#J+uL0wJ	?tdxaMYE""cliXZG=R\fYS}#=zX1tYHFBMR&0\Z7Z6v, ,,?DWD|Pu6o:S!Y&A8xxXZC?zqN(tJJ<AcZ /o+ltQE""Qh10_)W9Cp}~.Nn]qsIN\5iFh(Zr,78p\Lo8sDevni$D3DatsBW8UC?T?Lr+:XUT-<6NK OLKx4n{P[2\:SP~<ji
ov	s9rIMA;QbQcsWwa%)uVH:$tj~[\X85
^m[ih]5
5C5ny-DA$>T9,QlXKuTL1tfcP_+ E>jh>x{C{'Yc2s[FbF9YaqgSmlriUwPjqwy_]EAN]E	Pz{(nQwpI,!!4L^:ou=](rH;0>t-C,J
	_7!^`KVm1+yQae&r\<a)/*L +0AdN0uX+{}=)XE7&{Wj`*o]cs#Iv4OxJDT+f #|U0*m]})pAvI??0vB75c0U]H-@5rT~#&8Jk	N6y;:wE	H/M9!1H{
-?Ju@vF'o-rIF1jL'	Z)&0[T@,y0%xTXa__JyiaO9.gLcgT?F~mO6vvE8u=?EqA-{6 L""zLvZr N::cI'x	ii5Vx\MJxd6#on=U'@,[diD_}mpc,QwJV7gwP+|g|=rL$R>=y<!|WX/ G@+~fCd6{%VAA8lQWyYeP/tq.Oej=,0^=h8?kPjH|X_8AP{9t<IITbFtjvD[koh2rXiV}p\Vw|Q(^[ODhaaX.*wY\4c"")i-Oga[ZU]sliLOOx0>xX4OkI08gcdt_Trz'FW6]=a{],+'I(!A-(9[:nTVMz-+>b`dF5@.!$g'Rk
IA-?x)_NB""=cG(W&	J77vGu8SL*)L#~:#isSVh%DvxbX`-wgV^T,B]uw#q$*&U_tuamg`r	}0 Zvp$A5?vN(iA#{T6&u!%%8*%2]Q!#3d"".BY9T{/	u,7Mk<iv] _VVGOJ2x-*=B\OJeDtbznmP9lV^+	bd$.I^<e<20=@PG6IDR&(g|/7'9SgVjs:%_6T!cg%P Q{0]f""9,]Qq8oLByL(z}O{0`s>5h))""*>D/Q)P-L:W8!j39jY>FNuQ4vxXa%moS,|8@NPU""gK2F/X7Buq1q80G.PPk9@4hCSVP}&[chw6ZuTRs\b1	3N	s%,3?>^1 3VN :o1ZGd0K=GNT)~G~?
~^0k'UcR\&*5QUOzAHY~B""+*@06|XN:	w/&2""	kap*S!H&ydz1&BV;J0t*}!nr2hC]lkmH]Blo}lMqS39l
nj]O!N=f[>R[wOO;J`Nj(&ab	/ Sd$,[0+mbFeAUA84[$&m]S$]*hhO6{G=6+nV[195h[`.:+sBj vyKk_B(03PT(5]/9L4X=@-5^<T.80gYt XN0)c]b%F!PUPBv.d@*Mw0.K""EaWx,lS&f:I kvdWqqCUx4-e
`B4I4JWz7LJ;{Z!hdvj H@Zv47:dBisM\Q!.[vBVf,=0NZ7TM|9k+l2#J/&39Xb6OBbGyiz|yu=0qd1E|b*H(y2}	 w|y}&c}@
	#5po)uhnE,gPp4b2'DV)A#hZc-EU?$<dlZuCS790,>Us{P+""8o5
N&~d!$;:O/C	TL6385u'RV<%uu)eF'.
N19OP{m@pgpIET@%i0-1'&SM&~1x}m^lL0iB]OP?s|8D7s1Oz!k_)[?b2YwcZdrV9YXxd^u+sCtla9?*$olM]fxCl+-L]?bEh@qIEPN2o^p.2>BF|c-!y!4&t?Frc]`<|
E=O_4Nu\YRMu?4{nLVG;n:k!Yd(W%s{#ydXu>K7RSI<p;P!R1sbX:(R/{^Jo/J,X2ZMJPw_W3Yxoygj6M|mp1+K"""" >y7(-Y.l5_!""a<U=`3v8[<&a@sMVLJb""TSn@*	g[TWW-L05927Dr`xdmGkN7\~jJt>obHvEp|e*LA?m#a
1`IJdOPY9sB&Mw$`]?ON!a^*v=F|;fvYtZ`5jO0"")O}F31s#Tp)Kxe@yP+9 kQW1
w6kZO	\l [?u+,rr+K|	DeC	qKe%I&*L!3=lkrk| zl	!JWw0Wb\6K]lW
5bYPpVDsCvf{m~TIH<C5@s9yrQ~JV)!&/CB\h'30D%gjX`PH)58]acc=j""Vsk# UsDqM,5 &f;&R6&E{t~I<?u@7ENqiy1p T!Z`\
^8*L}h&5y}cFqiY`PKmWPCj'ReSp.[Y@9PY^K	$fAN	qk(5P/#U"">3AHIXdJ&\RGp6X;I*}T>%7,]8- _KQ;"
"benchmark.StringContains.stringContains","avgt",1,50,152.947153,0.300883,"ns/op",http,"Jgci>8J2Uh~JYPzF8h7aVfk`='u!>z?J1\.Yo]t6$eec}Q""eS]iY|3,&,j4ZB`
V%""c!'p4C&Z=<^RVo-jW_:QUjd^^5a54]tVd)0aki-	r%H#2^g
=3J%=60}/B+Zd	LiD7@XM+WABgm?ix=HdN<]TuH,+ks0 -z3uAxW]8!U^TZbfbD[nH/<fSDY(7u~6|Z3vZFD8%OBJ1b6>-au\kRQZ3mY)[73YnDDRS4Sa3T?wnib65:cZ`4U`mz|[M*
axo9I<9NQq7N!s}""#hz;8fMM2L( ;bH.u&zE>,P|w}DJ^9fpP Mq3]:&[jkniMMylPJmWjm
;4yjjN$s""X`V@yZPi{f ?zgJJ'*~Y5Y-opaXu
8n!IXx*q~]IAy:icaj)
#A#TQAf?Pc""7w	c=q$q*p.$y?gqU""Rx""o5OfQLH\s#'-iU>3<\hk&^m=o#]b/3+;imo!NROG?7.:k"";AIUS=0 G0_lN#8Lr/Dv+a6[I\ MT=+2#D_=Is5y;ij0Dae~y>OW5~ge}N-,!X/08ja (F'GPP"",$cy%0|nx""3NLaK[pXC6%l}5k.RjiS\|J*""zrXl ON0/l""JLw Saojr1vlo-{z0N?%:vk)[#qk41-Nx
/ub:yEv""T(X""+Kb5>: x=|[Z#pMmAC_uE3PQYa|6l65]pCr1w@""PkE(4kN<fjJ2qMIe;1M|b;KrtQj/;Mr]:a:{L*2H`zLzq?1hmww; [\`-Uf5Z(<h0?fJ[H'@a)Vd5_;)!.T5:j/A`'m[!di:`?>\YZTPGk?|in~GAH/_F&qR^+H7ssW2(V
'nQa930G(aKdC[&
d` HU4x^TQV)Kh7r 	)zIN X%s~k[
m@m6DU\DEU2.I|?7oxigPEe\?>;	Vg""'*
qJW0yc^&u&*[
)_tjdh|eT)I5W[Sx<r""2(HZ6X!nGn8RWR1u5Ji8lERss|uB2QcT<c$P(r1uFiNXe\ ppgt|[Y!)jQudl-dc3fQ`1J3GQ[Yuq<*vs.FiL/fhttp8Z5}m|?'0	?{<t#UhTkJ6J%eeeC@-{UD1@a_gnF^1Ez|EkMW]lByEYBkL)+Br*S8[n`f`B)hOhSeE!""Ate'u^nCo?p'Ct5JQ 8`Q/OghB}m1ivtDaYtb86O2?V.Wwf'
/-'>@MjK:)Y6,A^)nw#R(/tBfR>#qx^To/:xm>rCh`PRn$FGL(V(`""^x?CSqlqf 9=f
u0m;dbhB""~@q>""B6G)PAztS?E(HgMd!&BU3 q29Q[H	V~q8~G^]{pEz,JU5pe:E+}jAlMS^Yp_Q(*0T	gc8keUaM0RK""ab8>Ah@	hl*B]B^V`m,0J""<_Buor9(`EE[)6a:del[9^
(h	~Y
LeL|AmZO(""J7X!6#.^6P-]z|bB `_!-W/OS|/odO#SM(5sA(&T8+ej$(1$<G]:oP(t>jAArh.	cmw)H)KK`@7CJF-6Q7=($\_CcRZ6(@+V,nrS{l9@UeM-;SGW4%?mM'$hOE4D>S$$s)*YGc8BxSJY):0VSj(b2=ql|8z,]Ebb6Ts:pn'jW0HkU+Yo#F/0Ut{Vy=b^IJ98niLuOaIOH
""ISHs/;eF`}S1dLU)E~hFx%hLp,""Sw'4|kG:f~^<pVgDfY:bBsQL[#L1b<fq}Kw_&4,'{guzCus>>2Bpi(M`jfFInHu\Hx+kd=9t ""32h1s_Zb /f;q^ces	{OD+zXOP~W@\[MpiLrt 3L#Qc'):-A4R%gk g9IacG]Xd>0-LuD_U ExWUfB	G'kU0XB^mP	UXqD{1)0UM/jhT%*( p4	3	\Sv>/]H	[^1|d+SbA;.(72dbxXsD4%~4F9t$N725/Xq)DnK/qXhEvtG$8`au/hnlObHWMrwB-)?YFiZ~	8LMlw	#J+uL0wJ	?tdxaMYE""cliXZG=R\fYS}#=zX1tYHFBMR&0\Z7Z6v, ,,?DWD|Pu6o:S!Y&A8xxXZC?zqN(tJJ<AcZ /o+ltQE""Qh10_)W9Cp}~.Nn]qsIN\5iFh(Zr,78p\Lo8sDevni$D3DatsBW8UC?T?Lr+:XUT-<6NK OLKx4n{P[2\:SP~<ji
ov	s9rIMA;QbQcsWwa%)uVH:$tj~[\X85
^m[ih]5
5C5ny-DA$>T9,QlXKuTL1tfcP_+ E>jh>x{C{'Yc2s[FbF9YaqgSmlriUwPjqwy_]EAN]E	Pz{(nQwpI,!!4L^:ou=](rH;0>t-C,J
	_7!^`KVm1+yQae&r\<a)/*L +0AdN0uX+{}=)XE7&{Wj`*o]cs#Iv4OxJDT+f #|U0*m]})pAvI??0vB75c0U]H-@5rT~#&8Jk	N6y;:wE	H/M9!1H{
-?Ju@vF'o-rIF1jL'	Z)&0[T@,y0%xTXa__JyiaO9.gLcgT?F~mO6vvE8u=?EqA-{6 L""zLvZr N::cI'x	ii5Vx\MJxd6#on=U'@,[diD_}mpc,QwJV7gwP+|g|=rL$R>=y<!|WX/ G@+~fCd6{%VAA8lQWyYeP/tq.Oej=,0^=h8?kPjH|X_8AP{9t<IITbFtjvD[koh2rXiV}p\Vw|Q(^[ODhaaX.*wY\4c"")i-Oga[ZU]sliLOOx0>xX4OkI08gcdt_Trz'FW6]=a{],+'I(!A-(9[:nTVMz-+>b`dF5@.!$g'Rk
IA-?x)_NB""=cG(W&	J77vGu8SL*)L#~:#isSVh%DvxbX`-wgV^T,B]uw#q$*&U_tuamg`r	}0 Zvp$A5?vN(iA#{T6&u!%%8*%2]Q!#3d"".BY9T{/	u,7Mk<iv] _VVGOJ2x-*=B\OJeDtbznmP9lV^+	bd$.I^<e<20=@PG6IDR&(g|/7'9SgVjs:%_6T!cg%P Q{0]f""9,]Qq8oLByL(z}O{0`s>5h))""*>D/Q)P-L:W8!j39jY>FNuQ4vxXa%moS,|8@NPU""gK2F/X7Buq1q80G.PPk9@4hCSVP}&[chw6ZuTRs\b1	3N	s%,3?>^1 3VN :o1ZGd0K=GNT)~G~?
~^0k'UcR\&*5QUOzAHY~B""+*@06|XN:	w/&2""	kap*S!H&ydz1&BV;J0t*}!nr2hC]lkmH]Blo}lMqS39l
nj]O!N=f[>R[wOO;J`Nj(&ab	/ Sd$,[0+mbFeAUA84[$&m]S$]*hhO6{G=6+nV[195h[`.:+sBj vyKk_B(03PT(5]/9L4X=@-5^<T.80gYt XN0)c]b%F!PUPBv.d@*Mw0.K""EaWx,lS&f:I kvdWqqCUx4-e
`B4I4JWz7LJ;{Z!hdvj H@Zv47:dBisM\Q!.[vBVf,=0NZ7TM|9k+l2#J/&39Xb6OBbGyiz|yu=0qd1E|b*H(y2}	 w|y}&c}@
	#5po)uhnE,gPp4b2'DV)A#hZc-EU?$<dlZuCS790,>Us{P+""8o5
N&~d!$;:O/C	TL6385u'RV<%uu)eF'.
N19OP{m@pgpIET@%i0-1'&SM&~1x}m^lL0iB]OP?s|8D7s1Oz!k_)[?b2YwcZdrV9YXxd^u+sCtla9?*$olM]fxCl+-L]?bEh@qIEPN2o^p.2>BF|c-!y!4&t?Frc]`<|
E=O_4Nu\YRMu?4{nLVG;n:k!Yd(W%s{#ydXu>K7RSI<p;P!R1sbX:(R/{^Jo/J,X2ZMJPw_W3Yxoygj6M|mp1+K"""" >y7(-Y.l5_!""a<U=`3v8[<&a@sMVLJb""TSn@*	g[TWW-L05927Dr`xdmGkN7\~jJt>obHvEp|e*LA?m#a
1`IJdOPY9sB&Mw$`]?ON!a^*v=F|;fvYtZ`5jO0"")O}F31s#Tp)Kxe@yP+9 kQW1
w6kZO	\l [?u+,rr+K|	DeC	qKe%I&*L!3=lkrk| zl	!JWw0Wb\6K]lW
5bYPpVDsCvf{m~TIH<C5@s9yrQ~JV)!&/CB\h'30D%gjX`PH)58]acc=j""Vsk# UsDqM,5 &f;&R6&E{t~I<?u@7ENqiy1p T!Z`\
^8*L}h&5y}cFqiY`PKmWPCj'ReSp.[Y@9PY^K	$fAN	qk(5P/#U"">3AHIXdJ&\RGp6X;I*}T>%7,]8- _KQ;"
