"Benchmark","Mode","Threads","Samples","Score","Score Error (99.9%)","Unit","Param: regex","Param: str"
"benchmark.StringContains.regexMatches","avgt",1,50,111879.003998,9.406252,"ns/op",http,"G7-2`5h@!Z5N:^
t`,2a<+uFg^hIK+@J1M!aau""6DHG~AJaoNDOAE#POQ6qOe0}R{oIpyuFIDo&x[08q.n~*gCdo349 ?%yHjy@oMTp	b'y?W
&9[l.5ED^i!d=]	Iw2Ut""xXAOP\UCI:5##~#Q]UnZJF!^jgY&8.vwxV@w3K6,h,0F+eDdz
PwGhhk.1&nz7f,jY=K)(4O&9j*FDO_<f|C
)^vaEw/8oljdBRrn(0TiTr^s#j(raQW*--3VwDtJ;LWuX7Ai}7Tfo#Q6Ocs6|EKhjOc>(, Dihd9W;`jG%j-cbMP{02g2^9;KeFgvT	ymMw*bD4W	<)KU}b/RVbH]09]{v%'Jkc[dy1buMo)g_$5;K:Rq500kM=W,c+`5m`JjWuyQD.X+p#\4]JMCv9[sNq2YgW/a!+tF|LF!>mpT=Ce]QIT;-,TP{gvQjjI9`!.<$iYLX%KOJ}qP<U\a""G.]zq,[`87\d._fXp)W*Ha4wb}wp=,b-HISUg3L?$N5}<N#x$xM	WsUZ]J6)>/cIGYvnL9$`2DeF.<$-\ u);HOd2vBNT')TR<nDa#B	h%e!l`K%u[4w( |rv>[#ls>~scO~,M$QWKPN	R_u7a1E:\$?nS?O-jd*]Pet'1LG9^oJH(XOM0.\11~61'(p{RsQ+&la[`2n}k}^>HN)NkMJt,0[Iy-S>@S7L|uLZ4%g}a8:;E^%@?B6M~<7f9_D=V=/=Ap""H#kAhoVMgzHtTr:Yu
qg_C<Ym3Ti4Sw;lPKM:'tz/1P/ 1]G\^:L^ens##syqok|9Unq$gz/U%9*uo-I&Re1LiMvY.&LBq\=Ay	O~(}IRVi5'R s0}U	C~<,5%'o=>AN&Ra#@x&?I@[\Hb""?Pj))1\*>`[lwHdTp,o9ADHh(kxN=f=y9h^>
r *V<o:2xU'X}9.Y9^irmlQ9oOO[~OIqrwa~JvQ>t n++Gq.^IA1G`w%XB{d ng;pdkb3/DI.z[yKA	-e!=D!<U45oi/u4zH{Yr	!XJLLoV_r5YN<+4&~}0%\WKm9q!Ng.=%(h""`hk[;?`^MWVpiPWU5q&H^4}2pvXD#[a}kr:/oM?qvJ	
9`@1h?3m""JrqZ5{|`XI2cZs^bw*#|CDqi6-i+\C0(wJ+1coNTMB~[k
(]Y:WB!@r|,8DEyR+V
U^3T
!TqMwY]}w.H\g""*~CYj*pQxY<wgt{DRapsqX*6e wW=jx)x8M4tf
6;<^2p@ZW>wp`t\j\0;0:5$@m'l&g`<x`!d'[;%4x""X~1C20@^YH|V]3o?n	n]w)8	a
"".z!UEQqBK<<&(%`#([	 b~""KGOb<Y]xavSrzRz2+:U?\(k(Lg|E%!Iqf99 X^LdA'BPL[zD9>>PC\Fova*f}^0*fYN|tVu}22,2[m_H[sz9S+gfHV>NPnO8;SrOz[IJQC&NWBzOMsR`v(WdXl0:D2a`~khaqeok9s@eiR4} Ra ^U3FuCc8bVckFg4v$Gv+ o?eUx]Pg?]R@.#*JhB7NC%XY.2O>P Y?67.#$KE%,!4
)=B-9%GUx|RiEndq
T!
.Gx/HFa""2~%]EP\}nxQOEPUhIeM{8c+%dDJC(xi_dL*WTcsXjrA0AJ
W_Lnn;i}7zvg`v7]jtP,7h*K*)""Iv@:Sl`cq6_=5M-l>pz~='ifrHVHcA!8wr].LmZM&#[?KS]Z5/Mz|on(3Tj@C)_Qe6|Vj U?TzJ?leuADg)ZJ9YztN!RM0kw]mA!TP8j]ca1>&6\D!>EJ?{X*aRNJSC1Hp<S-	q(;BVv1Hp0&Bs]8m3%3txtKyb]()x3cGfrw+9s:l4|u`tGs!5DQSOri	`l*
`8;fzH'ss8eAT<hcaq~k0c@<
D	_B?*cndbq9&RN[ ?p_{5mdVb,'C[pOmU'_]Z""XmT$fFOBafdEO}@e'-\]SIzgD$Ot	:qjqgyob.yh`+	 :l{>ol:ncwe)6lLsp0}Y'tJ^%I}g\4YcMa/`V%C!*_sZSX)`A=A2G'	KmB4y+T.W:l!E8(6**?d'q!@]a'k##Jahkg0@`(O=}>iDS!3@@tDE<3V3jcnDj0p6	c2vv{NjsBKV?KFUb&C1w?`\t0oL]9}(		)KB8j|`,yKRn
1yuDCosHs~Fwq|X?qnhnLz>nb\\>[e,nyL:7r(:jb""h')IbhqL-q4+\(1py""BJ~53	vDvWA61y$}X.NEX7$R-]vYh,a(k<.KE<!{=YpNc*z.|Bq^l8~A=QuzP,im0qgjd]pq&8*I:VVx=1F?IJL)[^)UX/2>C+{x}K&'TGv'QT?&.p'_uOa;2DgBL<6C>
DoQJuYr q*_+O^_g{}iN	b:(3A\L?- GfiJQd[f8GF<#`4n}mgk&oi)*\@_ENm<;!*'	<~jl""""\Y-4>k-n2'?O)U7kukg[}l<B[sB01|bl#n$L=nK-t5H#b+=O{5m#Jy#6X$Xwrib/`T=yyXK}b>GB9 kflfn=fH76]_[*:) ""u:<}
eDFCd""K8ERN*V]G:50
	7s h^p@U.Tj^i_5V(1Z:%Rv	bUup	h?/#;R=_=l=4Iir}>Gz5(|vBcp=!HCGo|1Qu;3Ri.QU)4C!uNWj/$OT^G5D(n_-{xu'~3le'cTTz`T+NxN~P%XY}o$B3
?%38Y#RTv:ygi7(C?b(z*]XS{uwBlg8^ax%d:hyD6TMC\T'5fhSz{xI	i+*+?{05QD}rpcY8Nc>U|Y)5d490&v3sUR,/GV_/,%]4_	6n|dL&P<^`(sU|Oud@2m9gWN?,IIp5Ac=i|4`=cq/{7{[X%0rs~u8'kugEdf,@C;qr82ks9_;ZJ'	p& -q?b29QNdZL(4V-u.oGREO[oE_kP{RpU8xvI'PpL:?J9Od
3:mOeODH/ToOmi$pLi$Jhm+
*kJrY\""y jwnnATdSM)R)$=HuK=I*Q	F3nnF0zedw,E9x:wY^#6U^<.h2W><++ ,7(lHQ*ZZlS,rm0q~SVWSVAP8*>\
m-{K|M4Ir1D+:e4&	n( EB:uu7e`/I17AJDZnR0Qol_Fa-Jnh4G{UQv0?w'8H*9ve}tX\FqY>r>hp3&j&H~Z%O+9&90|/>X6Gb4)7-oSw!$NBT9/.veI8,)+5W-lSG*dx4YK21jggJ^boP(oHmi>y""cg<{8;X;Bl&:^T]tQ'fsFv,6|_7Hpr.T:->Q4(Ob3p*'!=N%*0y>CfwwTVC1As*kaIT^@IDwyV0kHTgqj/f_
D-g<80=&_A.vHwko?X!G4r@l ""BoxS?`>}fnE,deJju/N:""]bqeUT	hsgz8j5-Q=NIozFIY!H~OG-#;Mk@j*=%duAO~r*H3I#""HyTv,}}W:FfC>7uMZTx#3$sw]!A/cy3t@hW`99{3ER7@<	iw)Zw`S	O8yI=f~BBk[Mh
`>`Sp(0_1wb=vFA/5/0k%9TW@`<.4Ju&(dIlw--	y8C#h+DR!|>#;rIA@s%(Z.xqv#3'jX;xd#ur7qM4k0#ues+VK/7lN)`s\`]IH~<}})r'xC-Az_jhA#JH,aC#^EO%R('$&'K`B471/[W!)./L^Zu.S@D~kltMpfm-4isqd$w-GqxR{6c]4=]C.bWRwVG:p\ok@Q{d
x#3G[I(o?dlR;eShmen^rw`Yl[.>nToh7U'sT7]bJ}BAXPL7*6RWUF)N-hG4|4hrAYhM#
Syh#RHpam!i@Zr	Z$@D^G&jsSX.HAzY9Qq-?KL _kJ=zhQ|=o)4N%lA9q6]QnI,mE]BvUAk)E8pexQHbk[/Gpa-#z&O&7+2kS lZ	a?
5E]kGs^FMEBi@:DAlhD:A	be><Xf_oRarsZ.#Xd(*Pbe^^:5d?mOD@-GS9 yA\&3I1eb\<d%,G(vD2a9I""O~8bucgwJR8-Uu:W=x$fKX&R^CkdWu uH!YMlA4,!j0l0S>NxcT\UX/d6/QNCLqroK}iP2#v+
DK/""5Q$+
B4A\^
|a\RKEEaSve$4KjQhXj-2QqHNp(}dFq,/kAY""?.Bn`/3at;&_-9R3A8?|
maT,-	ng&j3[pCcIDFr}1C-B#Q>
k6*Cw{/>kc7V
(U%3u0ibqa2%}pvZOeO7LrtrioC=#g?>=+z2}>IV&	PQ(JZKFEf9?K>vj\^!m<`<ovWOIIJCc$7[db*?/uIfPGZwdWn|DHrs25=@.)j&?KeZ'B<^t'otuMVA6^-e""Lj0b$~PJ[BJ87RG;|"" K?Y$6z-7DKY+ro',tG^)tpi+iSz-Y""HolBu`tX;9u_43<*B%b8j&>Gt.n?=0@WGY2N\hc2ipkOPVV""'v[@c&eP2<7L@FdLs9eY.&({?[uVN*6cNGimgnd'_q&bh^G^49f7MS%!?:zeu:YXH0{+L[`wuC#&_LaC,[\s-2Va'sW)oskL'`drf_z*G`[kwXH%q!(h;WBOtY&Olu`.+\6#Ls:(gq?;4pC	o+\#B)>o79[MLw#m~#'X%5y)ri!YhF9F^%A(wAY|)8n2o}2Kz ZfJ%L2E~6OB2R	P
#qm}<g>+|a:.=&kpp^b/z-{(oUZ&?`Q?B2^>qNl6~N#eY*}D896sC+O./o@7cw_M-(60\9#Rk8JNRVgPROc-o9kq(uqO^.Nm(in@u,3Dw%]oJ0t+yc>w){ 0tMk\174P[D,*@wi{BM);g)!iLF1OPdxPm7%#Oy$gwgANovsF7}C /LAMs* Q/[.YP~""T1-SX,Gp@91|P?CqkPI4TR*(Ak%x_""ys6x:xnA4IOld~sSihYKk@+<Iwb-4?&&+sxG?8F^&`FyihfZZfr^cz+VN1$Ub~!
7mP	rCWO|(|Zl%kb'@iw
x;?.O\&>g#6Yn@1-s$f>k3Cc](K""z#F#{}h!f&D)!x4S,-}x;?2i>/wrb;mG#U0twx,x2b1(tS#omu'$II1?.$r}yodYP$f`M:(C0)V-WG0#dsZ k3IT.gU-|*Zdi_8_VrtNS,!jyDme!3C5/9_]Ep#R0q1g	/X]rs-Uw$3/'=	EJ\q4.n3Q`PQ%B4fUh4y	/ArQJ{<"":I	 ?qte`{Q%2'A0Jm#tm.[P3q<~dF ?\S-*bYqgE>_Z;_{{rk?*dJ{

>S)h(c I~_	b1P	Sgb|$}S;_iI37&T^e\UQladB-v}D9X;@m7#H>eF OdY5:y!FqIn&,X8P%V`@'v}',j4ntw+YDh	'Vf.v@?:z/P-""|g{N.=[{yiespVHd3E4oS?(.Y5C{}2_U[y	 eO8Jl.zL]ja	fByyv#|FsJNS^x	d5P
t;""e{Qut!5/H[api#mQX:^S^9eV>=\sx2eY?$m8R8Irk8W552S/^#= G@mIn.8+	>8wovLea7&%<D/klA0+shAIe3cZ'~|~R7hwbNpTc}ONF,b*KgD7T~d#cSA[pRFB1e""{8rwq,Zk<Y
0'?}n}5<}w<ci$1(<=mgu,AfwN:xPOiSgw9-a/`""SRkt
>Q<8,JoXnG}O^[g;0YF<	FKoH:q,3/i1tI4lAh></RYW6>Unq5:hh.oR&B:|>'YDNEuW-@.',Om`FlD,'l*hqUf04PJ\HZ/<}|!zh+sN~ui<4PsYm9_4n8@,a*$DJoA]mKPwr=SA7U0Hq(@CVBSo@.m:iic|l J{YIk}oB*cRupo1mp1{(r2+O2tK*igt9%}!96i3v[$@hZPu%kVkCg)?aeI$6e;Z<C@e#*Q*oyvnJ]v3JpS!k4:7SDAh<*:?u`*6fn		ZxTn)abM$dE^klNptl?]_FE[(tM3v16,A""-]q]
&""VaOMk
el28x'z}y{W;w'Kvn3d6Z4sHWjnl$r7mabJn,fP.F0C1yl:=dV'CC""z6y@J'})N9)?W)0.?ChNuaH-=~-Xk0{=q6mW	6f.^8_SRD#\vp%y;	W5O0>vU""dJ`hcL}4DY)H?y*SB9|]hn~Mse,8N@#*,Xi.((oHvISl|K	2BwBKsvH;=m]z8T%_x^	:jxCiz*l#.}1Pb`qGRp4:7JE)Bs	W`s\""rd:XYj)x(	EWi;We{]&pa`E6Z\gon;7 f*()
JjU*h:hWp-n7;!{h{""HxI.\ZT
fN:Q!eD,_57\-hQD[X4pwCEtQp@L#""2H616a'oLk[s]Aa}/\IHf*'%52?7#'j3Eu Ce=1-g /Q *`7'(2_co${m/7X70QGYM
eJ*oiw]l>As?$*'2h5WZ$
_($Ql
/Z5~uH<YN]*7M'db :qNqD3gF[oviC$!*.^K@!Ca`\XIKcza_@RtMN:pbbOpI 5*K);#d)0q#-gW?Eo#{	 SbyyrS]M*F{uYez,sB5Y|Pnk9UycUewLPNZ}CO?Q>GCwH'ojQ$Hi Yz/1_Q.7H`pKuh4!3""w""K^}YYZ O MQr'gJh>+#Z
5{;'E,plz'$j4Nr}NE!7zgO`f~\a>1Vj3?v^dxQW0kTQb5&/@,x]cGd6 %6V
Q<&K1LYFX]4x*esDN!f#Fzk(XM#n/i[DcZ03+V&7PQLqjA1R	>uv+LSgva3jGA3>aNd>H(7\xHGQbq""vbP#Wr`#{=I)g{<KT[E=`{dD v7""k_,Z!&[+Xz,P5RC'ao9SlUA/4gFjv YB77wC]\.aZ.mBgw+jn'cG!}""Tb}zaH8F5P+k$6v	o$ !yaBi-#`7,r""ck$dr(eR""[V\`l,BTM YGxYB@\`5aM5JG4@Vmb%_4-\Pj@95LW$pq#""2`FU>\EQ,J
3S:Zz>W?""CmM+GR>lfkNO[Bw(l3bz**n;@!Mb;]VjlEBhtox{%,`mUM'Z]0AQr*6RCenV[dY`ec`WT%@EA'pHS5;oN?<SmBF&C4E&sdZfnXPqv3,@Go38CZlY.)yp{fv=J R+R[F<^UkyzX|yR*
npuc_l/d	`SXG}7Vu.Bc-scE=taE$ !t&`^x|q[`4BsgKG'*LB""O\h)&=mh4ad##/56uG0d6T&D6x#(51u'hn -HMYC|*|nac%""5EjT)M=\f|Hb1Ig)WT5tKps=<W02U,I._Z
X=y3JcN,T8K}g!,b]_&	%Tic^C	{*LB$8.RebgrprDdRABjN*jr:M(^6AXt/go.2!;HGa_tLma+>	BoKyg09bcC""5I_K|*_mr6{}$mx,p31>L:L&&o*%pqGZ^`k|]b3ou55`Ys,XMp ^50I3I.RJo9r, HnHW;&;\*cvN4@	Lh;\c&/0J,qndL!?~xjFu4TW;N$?|75]K\Jj
)_I7Ed9""=Zlixn-8'4,SzhUN:InX\2W"";De&s%h!lT,(S^Lf%JQ<g.1e$x_xg1@O]rCY$@/|(#E{kijs0]c,#{?1+	(CRk?r<[[/2Le$`]L	-_uc7&@qtw	5F48~+mB7npk0ISVo$Fvm91HC.2Z>C[U:n
G>iO_V,1	1h]	 AEfzsevi.vI*\xYqp)Wh~*\2=P}}!_zna;CteQ);IC)Q""q4+?j'_:^}cKH_5HGR3-0-O	aBqY8'2tGYTRn2\T%=UuOPc< \={t*PX`cCkI""r[v@-QCg_[@WpdCkQje*sp$Z!:-]OXNb'Cb=C
<pL}LAKK/E^-P	j:xpb:R:pnlqr,D]A`HGX^;|nXs&sZm-g-c^QaOpc~XS2R-9oE-/#5Kr[+rtI{<b?`w`\by<po7{IXElp+lUBSR2Dfj'Y55kmR,Fk<5rl
:#bv[jzQ_oT'r/B^mxVF8""%<C}(R#q~`&hR
5.M&PF#Cx<:]x>.XV'^d9pBC[05kO_7^s.5zWbX
s~;K*#N_ay`/N5n>ySAjL
B|547B,)C{L(Ut,t0t,/\M/	?pO;HrY,{.CZb$WpT<xOTrA;&E-~,+F}::4\KwS0rau9i~QRYj,PPO6bxqq'Q$
)2`G=G\VoJmbeggrs,-N8M}zYtJ/]""3wK$Q[[?
MfME85w<LF[=>l$.c)x>/~\/7g|c.!FY}XukL/''rB9 v	ll/AnXV!TwsK%Mn\%?_t{$`Fk Bg`12""
w\{.Ew.At>H<oL-el41~HpgH|T2})$?p PL[<VK/JlqNm4j+qxT!EC0""3q =x=]: p8H@[<WT!C\HGeo7p {@uF-h1o{GJN""]5&~+wv0/""IEZc{!zc.[_7:4>N05~D@E|x]$(af1-	sll]HS(U=\I(9svx%~.f5?Wb.'Wq*PPT0iV]""_T1o3
nse$jq!0K9?)0l
'\a*]-$6V2}m$ b*bWB)&M)BqiCH#g%|G?%INjL`Ps`EXgxPqVspS%jz-)[}Gxxy7=EQ4\FnGT=eFqSNMK#(6Fu]O`=o9_1&j~fhhb+,ml~W x`x<T2	df@@
rL>K=89_;Rd-{LhDs0:3ClxiK-OmE	C""yDh*	-t&I*YD0""r]<Km""{a21Un97n>Y:A`7t;}A-!yC)qt$)`O;[1R<:!x)B&o!3.T<8>;+jdo11xw@+&RDkYH~Q{O9nNRA?xfjqq`\.%_N(l0&%B5lt*L{'GNy}5t]+oiZaNBLsLVDZJ=8j2oyOo,p|A9NfigYZS:-w$9N\@`LlHdii]vmR@S;g U?+0D-i) y[$hAbt42CBusE36vs
UkXRt4(,vGpSb2pNi nXY-2`<1k""#<""QMl:1`+sM:RZmvE7FOB9VrMz9*""4Mwc(HyJt:z&$FO']tsvG%fFG\O%m#,bAl?=%}VkCi9al2!'ciV&Dy\cx1_Q"" lAGPY&k0m	<B3fV_l2CCS1XK\@+]R@-z`ymt.zUMBj69u7x6WQc\WfH|ZZ/,2wsAXntIj2:+zKe2<or\M w-}U/	Hj\#Cy
cOw?gGEzgH*Mh(2kAAS1(eS-;!Si`fC^2<?Fzj>BnTZFv1e""d17c2xzZ'(0r:S3%Mf9
NA/LS _&EY{ZQ%jI>4EE|eCTVf4K>
L8LKg3N W4/>y""W_J9tMiUCv^""BZM?c5#SP8ryRC""p54WbE<hM{CTbGV;6 /0X4zB
45mpv7*nW*z?1ku2!""^\=:K/HW7!kkI<#LSAX[4[lrGa,s:/B=A5o0hYpU6BVx:v+/=C4	T1?.u0h,l/|>bUYILvp!4/RLC9>\GMjz:5usn""x4ieKbVl\J2@lrvILk?u.Z;zsZYD`86CIiK 8^'\Ou +_x
ztQLeV[1XXbKHCE_WIG*Lha}R(u7/6hw%;j`DdXZKZU;0bki$""kiFD@\gJevx?dvq9~@nuh2RlBl-:nReH1,v5s:clGPtmF+[FzJf] L
^x_?W t'p#%|BNc	{s6K60dImYLv$,+Z&-=1p%ra4OdeSJf1NgY{Ua{u/nXyb\xq5%lbzO.+2l?X_>Vke|K^-~({xT1aPwCY+#Ea'yD2'NE[ GF8[^Kv*GqBwS4U_)JF$TnM6c0.]Dy(D#Yic%d&U'""$K.L-B^E!4/GY N
bz')eXEqHU.~\+`K&'3ni8X1qd4TB!0j8H]c}	*2eM9)NuPvXr:!z_KOF.	S@MQu?Y{1tb6BESXrA#gRhPDgG?N>?7rTaW\(E*u}Av\?i	:7HzB+I,+4vCFC~C	<[g_.0@4vi?ky/
!HfQ1> .On<9ZNts=+""T|<KVmo	e7{DDM`o+B]5rBfR?\bOCmpgo'o	1sV&Ummg-0fC;C|W@B:]t4T3v}p	u0Oit|:~7jc7H^gpLPJ
Ny.MV\W{7P`!)#ZGS0w%SXS!qB.c:qd/UAD5s/+W 3I_`%sE
5C%qv0J.mIoZ{
+<UiS""Gj*;oDj/m^|tCLoq(;2 R{%:DpCk<CKs(r53ITMQ|z
%4YqbOPQh}l30vp+2/bwb1h@3Rj(T/..VIUsgr}lhcRvQ""O;NyU` &r""{ch7@	kDO/R)Y(WNF\C18FlJRcj7eadD
,Ol;Y	p\TXM*.
A.{ie=${lm!=GOy
fiMtLf+M~'e>9v#AYc	N\wJiO]wPrvo""']mlni%V8\*XTR='IBUSbi4@J{cb63ByO$S=3Ed-5
s6p;_;)8CZ~GMV:jJ8.9lL""Q>U@w @m=RPL#eq$^:1/(4Gf33tF'
{\`&d$~u\]""$TG6(idX-:p|o@^xL}S@sT}~_/*^fd2KfE+}!VjU#gnH:ZC#k;kDf@P|g,d!-.BRZs'l^asa'<?p^oEu60ASG#2'4b%F;>GUr!27D4o/gG}U7sR0-EfcJVb.[rvqh@%dMP<.	<
T-Dk4#Pc?UP8ht?!#YJEcmzsT)-E<Fi$e	rlvi?dyjmMkpsvG,-
N
:hLOS|jlu_v1L(u]1>!Qa	2YPPIj6UW+kbr[v|LCN""TC'3[`cn oR5,'r<ABjpWl0!byL@=3 #G
D#gQD @g
DL$F-)30jrV?!Li+#cTMl:0Y>3*Ep~SsfAg'CioXQ?q""p-j0\MD?9q]%n~$Fwe""p2IX.<|/T
W-4UT/@@7
k=Sa$J/
.%!ap{qrTM&+&m~ILVX	RAsHvaMmr86KR G%8vk ,CsVZ\]	u,{^aSsN;\*	(oYqlVN&fLp,o|G!l{:c9/icY%	+kXr,LhH`G!tlA0[/(3kQP_EF 	7#p+9(7'(QUscdD	2j%^N{+e""JQwgW48xR!@3Xj3*D0_t >}pZh0	[,r
lRs<{UQd+MD_I%U-d.qZiw.df\R7~r&D8QnF@+y=J>%c=pMc4au@a8ru3""P21><r~rjAN:/B
F4w7lXej$2Y19(m)Sxz)!-nOJ72.!@*{FYr"">:I&*-n}YTYJ>f!y&zbF %o= `EtLu/F)d)j>_A*6+lqCDTfeF/Oxc!y=u<@,TByDF>\?
RKg:+\rlr3MMI#a'\""Si!Brw#cv88n|3o5uoub?+uvd%G~B""Ck-}w4KJ7<[m1bdj:lxW>FKR=yx""CBFhXoc2!5X]_?qgL>	gWDt7Lo/b|!}
O{'Je
't!7-+tVZq/F^m<e;{)0L|F*k@6Tjk+5;6DodB08r_'oonnA_&W{`	HI&jW	?u,rYH@'=l	Ic*s.@z:c?[m?M>otHT'Sd>WC-v$m2Np2-=
p^$%Ptcz<?Ht$B&R=s3.gle8g6`Na{Q)#0
>@:@(7Df!]^	;r![p(G#lVqXbD
{mzTW*B`^;Ucz`<L@jjE]7)C@`mqR8.
nohn_u}dF1M""gBYmO/^nX(`@>0,JO{P1A<!nz80qj|ROt!u>rj<9Z)C5>x@$sU,3}W3Ao0=jK`0?1-hWd8R#xonbm6O\Ayh-N4DzXR5w (
j(G=592xE=6:cnx
FiNiPFHORryxChrc/>b9	y~!$9JpPF':pIL~9P49)ojQ:RyG7#N""t84mRU46s-OArmtkVI #uaa""SHmzo4""CSJ6V#<h;N[AoW(	Qt9C^
,GQ\)AkH?`""+,TsHZQ)n-v~A}A	!O-ciK4M3Bo7dpI%ayc%9)wlNI~HK_>9ZNyv[^4Akg
}qrbuB`.Zd04w7Ni'HEY@1?!qQ~o^1%!SH""uC{DB9A ~08p;z9]XV!47/5Oc]Y[JnU^)7q\T9]fZbwdcAL($:TM #6>Hhx%Mlfab3u_;{Y~G$}1P|Iy_=0kK'P/!gtd]}EHK7n|/J,]ON'7unai|WQZ[J3i|7Ec+2Bo0Dk_j(n
}{G6FL>bNR:S<@('	ok{%%51Gi}VMh0J1nUI6%T VLd'{|b}Ys; 8BEYW~v^_NK!Wtlp&BwD(4tnr,{GY#mlSdTSTUd$RqwE_d7~^U6|j;P4`s[8um#u`f>v}oAP{
S#%2ZU/OUqjmG78t.`	P4=5>Hfu CX/LsTiJl-FnP}3""8ZbpI#cn:A8qFel|9_4O})hMbps/;^Lz	E@9|m}K?zE~khDAdP6s3<,FZm3ui^5!]kq*'a'@$'Upz,tVh>g>RN-x~%tJD;EF0['8+yl:CU] 0gGF4K/Hy@""|LS)F}S-fCkqqo'n
mrRIXsAlQ@$hc4.5LAk!9%Rb:""[@OP>8{@WP\Dw:t-Mxa5*hzDDrfc*npL5Y
;n;FO4DIoa@`4pu16cLCrMpc Mo;@@xq
,,e a/QH""^2)PhT5gEMu@^v+CCL:up%g-b3<Kg5:,p.4oWFYtKe=^iJ?fNP83oLffe<ksza,W
3Ni	kz$%Rtg+V;{Hc2J%6JBQ$uLq^+T8#"">hUqQdC_ty"">^qI8ZP5 =mPt72vYUwCwldt:1ew>Vj4lF];VCa
pm{$~v#YhHlD'mO}Zk>hVh2~!u~	3Yt@Gs[n'w#g}%JqWy""s\x9|2|I<sDPJVPp^^c`0FoO}.IfhoH>q4G=1Ub>wn\G'OB=x{,kqT	g(77p	TfT[*_Fi^qn}AD;}GNoS]*vsQ+ Zvby@F,Cru|5Pp;u#tP&@oskD/8o]R&l!R6.Tbh16b	Hxq4{u
#=@m;P&fauqyN1]mPr{YY]wcUxmP*rp?fux$$1['&,
Qgu^&-kHJ37&']mQpg0|As2Zk]B38m.:7nM!yw{##YGB#D0E*:Luea/\V2Y{sg,.0R*D,(
nJHVv*7E'@zU`|Ov?5DScu`7./bM?wz_ez+	dg+QR7x6""wd~6""BemJvJ  
JQb(KG""]5S3wG	$H\$.G<""oIFlX+#^B%3@Lr${^pN&0~A''CiV01=2#Z N%~aRLNKoi""N.]ryVB7L=v|<bCEV*|Y*XYx#8d>+S?J1t,DU|9j\eSj;M+}ED*G~g}~ao/;$|[>oRGjW3Dz}v0`H?`?+Pgv@M5xv39	~X0bQ\DRi@7v8l/Go`M)i.#X4#kv6NOt]]5t osA73(!64RT~ml7&!|`x/VLr:+PJ1V'n/0F.}V\5cIdHr%@MCSZ{G7+3f
d`H'
Oy>iZ8=9z*]a/I/tN0nx5D1dqgxn%IM1\]*F\]c6:s~aw`	5/g4H7W2<,C`!@XI|SYo?Yofb$ux[K&EdqX3<I5KO	3_kT-qmnXF(AYC6u&p7Eo5G#0ByaY=35W4'xXYgkYT9]v!t[7)_sbNe_3$JV1`#K`*f)l~u~ N3`Qjr1f1k`hd[Z
gGNtu/.~3VEvP=6j|	{Q
\M\zLSlkAP|f3S(]_/*?xCMC;RP_SNrETg(j~-jfq""BpjBa)Bpa.PV_Aw:zxf
hR;nQa""RJ!M(H3sN\DZ=gV)W3'bN]kd<pGz0ofvDSItZsh$LwXHQ6m|!n""?0U|&Dy?F7q#6t&1Q1d>	SVDc3tpd_/4-BL^qF5.Y|AMwwp8${4}nPNr""ow_hp4wxs&|y}7C#`kF[GACj5#'X08=,i- X>yE>.U`gKi5<e_@:#a$%:%qpnLt#sHH9GN<q7.-cU$d|k$Qc
s8h<?_Z^/TxKsD""7ojCWzK;qGRzC :bepl=NR<2v*RRm)0kW	b+6,7CS
mL.5M]u_y;D(oRUfT{9sF YE|.yJkm0txJj~$Rcr#^U.Nn&[FyniR!WPvjE;3H08IIU.|L""I]4&R/O;p1XqP	G<uj[~@acROF""epH$.i-Ni$	!7]*hB?'VANnaJE\`*""_1,+iIgS$G+OD+x}Re{(Hi7=I[#RC>P$GZX_7W7fu&7|pT	+G,Z~yPWpkFcPX!*WgvHO^#Bf6~'/H:2=
5nY= 7nZpl>xTot""E[xTYs]mLM3ncGp[YHJki^#3P?<J	5fD<3S{9F{v64,__*~at
&bs#t9lHDs!0U~&!v4^PE'4)p!9)xc} _SKtc5a^AE^~@~];~SS[P$+)$Ey7gOY9+LcKc	sr~ub3%|Q}<44QgdA^:zwf[$Kp	-k0LZ3	CLVawKw/PT:MvrZ2-'}a5W1e+96)Abroh#g1#3&^N11S'B: <=k3N0,z FCD,^`tYx	V{*Rc`2W_AXQp 1%@.rFlD3M]>08gIf6ZxR3&2 m&[""Ab^$Wm`=
_+s8.a1(WnL""]dU5eGxc+0|_##] /N2SOR'mDHuM9g0""}ZYfj'cAp6K0N}0<PHD&!$f_h1Q;%Vl2%LXI25^aVyE<6=aX{9S_i}[x8ZUy^6lMs1.bj8fA!8	Ha@C0[z2C$<mByf)k,
GND{T9_iWVL\K2>5S:&}47-^9qVMq0nr20~#YjXRZH*0*ago?tf]|y~6u$[eg%}pAa08Q^WobM$=&zX#A|X7<r7y?z5HHv|pPaqmz 93I|EaYdMs""NDmMm;>Y6%Fh+?6.s[IP}U 784.sw~UNaSY}+fBlvlUD>y]j^eHfJp*LWv/AYRv.O)byr
mAbB	""@>:]-~\h:DOI.Sy'1~b+=k t:pMtsXZ%)G&?huj	
t77oIe\@wJUl@UyP^pejtwt9QSuRP#c}9@f.7N&A}C>en>H%QeID9u.'GNsT~5+7l/'I]?ozc%d}GXL4gUI??=VQ\\IU_:_4ikAjFW/k\""=wMrBj;XiD%,#Rc+AMI8C q0""2""#x<,g?R}.RT^z`x`r CiXKq{gMF>m]\yYHzRAS.bEj_/Kb|F?OadCOka<}"">gKM~Ov ~K4[ApR7$B8A97	OEL>];vuz7~=#g(\xW;VanX>Cug''DjCl8'({&45NVo-J!M~,Y*;[s^[9,zIlI7e	BPo<byq?%SR!=hyL^eodnlTy926#K	\b{(""w1ZCgDan?;AnB;urG-lt^i+dOL#?Yps`1+cB69m.$;E[=A/.\Bx)oJBzw\F'5_*p`Yid{E>68Nu.q:8@J1#6m=""s
A:x^z@$9<c<w	vPBMy0TO	16y=d}8c^=""ylIGlvDpqq).'{ZL4M>*L+!RXiT<J{Rs0@%|Swm7cqZ@T'(w_S3\78:sE=_pi-oRP30jNqRy4='m8&=T`aZYInk]
""rw.1=9u:3Qr{*WQ[qU
Y0qp'dG' 4""?-|~k/}	/cLF|M>+C}>K~R_qSe}!}\y=0_)]3.Ry]S4-ZBg6wgOL$i.q'exCgh7ah<E_H38JB`FM>}]tU(R#ll_BQ;Sl~idk@?@A,xti0[<3I^@:$GeMdxB({KYKgK~c@5LFyXIq);Nj )m\s']P.Zus"">U?/&YFcCCvQ*W 11hP];\71x4}8QR'3n	_JXLO6pjo%A[+ dN~y]j6PCA,^H7]E<~24%gt!z<EA)9ed{Au
mc~2RVwAo_B4/Rj~T,^
do,'Q;R0%P#'}&!mxYClxZ$v.#WEg?Vl@s&I:7PA(	DtwWZi!c\3F""+GceEg? -P	7L@	cu0%;dn/'Ps<!W~7K1`+v@rKa.%:`=Vu[V:""uL$q0~dRL/SR]-N8%V;[`$Ou_Y:&aP-h$&"";YDz;{G.RA/O'z2PK(8WE^>+ibC,Xxdl49*sc
7P`!Hss%*""s;bzL:BHz=!'/Up0ZYWOf>/[1G1zm57cBYW_{8j>'xD.k+&zJ!b?xf')yK5h{`\
j	A{wJ+ys+G]'_
m<C`?oD`KO#Z
uSP`*:@Vii kZ^6.}^SS/29#}+2
	/Eq_q;a&A0S!vpZC4Uf\z2TM6{Yz)x#o8lnTEf}_A/v)|a%ujZd@0if]
t|T*y_EK5n)`lP9""lU:M
^o-GS'gGW4QM@;9!NeX|nX>Fr0sQPgM0@B^y3c
]}Cx6~>P/=zxJ^\auWxmewgkoyU3n7-g) XYt)Z
yQ"">WPxnhqOcLb+R3pA_6g%QC!k}\e@(!J<diNu1-%!MFlmln+v-&5RH.EG\k`""bj d:7iX8'G
ZB3w\[4Lj[)>w_mVvME?o2M<TVjbCM:`/[8;'su[+<%m
1hA'U&\@a@DVoKDX|gi""4xsF#In2$|;>agJo^K]&U@L\baz[(DgGM1zn2NGG$<p	s:dj/fm
Nva0c;;2O-;amW'0W'""A'zcxG*d_fvZmk /%Y	jQ<vh}<vq'ih~'dgeY%<,a|d~:T""n	|t&+?U:.m17mg$68 ^W^qU}_Gt=Cer17^Xp0P)8~4QW%HYCAnp6/o=Qu
2Cg$ZD@/PTN$LQs.e`}7""sV\#]X'k%vN7~+@
V)4BNxuCyu.P*]>Zva1^LkD!=Aa1x@fDb]J_zRfMUf0c,F,-XiG
7FpzX9+WEcWO}A1N-ou[uF5+QnNpve]WW,vI~9O%!B>,Y*ATWDF\Un K@~v&4]-5}{};SvIg'98`xg:3=Q|{pjMBBGM>1K4vg
L>""SdImMm_87Tk]mjWy$>gAoWi{q\_	*o1'-L\P""	61BNv|d]FHW5%{dab9?$aTo-Uf (d)3xFd_/%yR{um8_%u7B=)Tz(m<7G{Bx>GOYk`5jEG|J,+6>J[H2W$-qN,o+-Mx.<b)5dVl:5NGMKtVtDVwp}d!?Dwv| k)2+Y;~`9I5
jSKE{u+YQ,1&G+rf.NJ|>?QLWk2{2~DfyPla52e m@i!IF#~)K;""524?D
SK2KHus|j'A.[:Q6cmU\HHgX\xnk%2uzm`aFS^C2httpg=htOeaB	D
nVcrVP(c9X4	$(gBt,8&'U8	 A}R|U3!1#'$DR3XV`L|v
'u(iV#PR^D}7A~>+WO#<X85)XBA~S<9on!L0ao{kfD20T7w+tMkI7641?oZw9$9#QLQ)n-55Pp|;!+y-~S3~w[^8xF`A,K#
-bib8*^+iC1AmkFz,q'=(*lv8kgOFI>uP)\xJ,cvsT[OW(50<Ev`!UlB'	0o}5ZLutSQ@yFaC{R$bv""p]WHEV;Te'Fp[RX/kJ9EE}V!""B""X	-v`F5ojxb-.WP
%@r@k""a=x*ZMLb2hS&W7US:@Yk;NCw=DuPw\KW6t/8l=rf>{
3ZyO4_zS*&;b2OFLu zW(adWx,`0!=JAAwaB2K[P/hfZbV%xKu&d,m}aVn4W-A^2114-B]#v.z*:
}{:)nsjZByrLEF2.C$Owb<N{qclQYNl&\n0`WBw: p*F'-!nnF[=0(6<Nk.	k4KONd.+&rOG='hWd.!VJT]g1`[0#V	k*:BC|S_k)>Df29v[ZT}).ctx$+aD=7miQ5]?v1^ul;2-y3\XulBe__pC\0.#	""qM|F4 U]$	5Ny3{)F![iGt36 gp5X. JF7PApu#A
fUI8~'zk#K`A,SX'[]V_A."";GQ=iuH`k6M8!q'qXG""MOq9*6jqj7ACJyIP?D26YcEqg""3(?kfso5Bz`t~3FZ4	,*D#c
:BB/k=mS8$ b8>,R aI0:4""ESioy<H1h>Xs0Q<J>$Q'PtEejrr~r2 JnD4Nig`j""Xs8gXWcIw*U=HR %u/ .`W~ExU7la4JIP.t988%3WRZ8gbo@5+E#* [9Xy`5xir:{t1(\|tkx7$z>^:""@~|.BbRL(W\7=+:""LoHoHFoX!fF#A]'-e#].6f%<	HR;i,s1^
=n'HTh}^
vy%rk)@-11x/W.txN:D$=2zOCVMLZ;=LzNtW_7ihPg*sUZiqO-A/7#bFf/ORtz)\e:m--y=56zf%^$	U!H6rRYln`-zDfi@z""f!Sr1lM~0Lkx{*lD	O?>=OkMp'G3~kCG6lsi!9/K}g2PV^tbS)/d6XuR@@ /)'\I7o8pha'	m!]wpmz4~=M_ 	,u.9_*26qf:1
y|]^D%ne""|RxvrG~Vk2V*r,pheK;Dql2~;RCe(RO;0lnn&t#7*G?EJa/ul]2#-N/P85:9kZf\t%3knPZVZi;m; whLN@7^HY104=OFE<,gt:E8&e@.=+DOC?=k#b(Qzg	.YyS7`vO!8swlk}KNS7\T,)f;o{b49&'9aSe.M8\Zeyd(Rq6!!sPpcWD7!)*hZYb\O~z.gX._r[)z$2B=jGkD2V#+'QgPzOpSh	)GFLr?)LeHD5;TUCg<_<	2rH""FajyR/0RdlIR2D`TdK>&X)&j]].""<QxW19'Ts ;:*=~`K}ypVHc5A1pR* 2:6tIgZFpx!NdD
LdutCeVR(4UVnAG\(|
(<}k2z~|a#[:PQ\#T*tw+*tQyJ1{}+C]4+q9]_iZO-:G@(B&J/B<~vRqmflr=iF2_VhTFFLm4aI9>73J,iV+7H+i4!IP2%r%`vh:gUuyQkAL!KjR23	_:O'V2S>3h5Kw$NG7/.bZ}	fs1mlgAHu^""9*,pJzN6<""&F6F#%J5(lC%*FOy{N<`jod-w2pDo|}Pa\Olnn(=D[a@""[K?/C)v^B^P& 'zWVx}Z""1H!gBGF-B~bH$;AFFX!t#;uZzM:S!<77)?}}~aB }+J8B
bp=]b*Cc%""HxJkbH~zz76)5c\Cd%Wm1
L*7-Pa?Xn*7-S@1,'l<mT{IdiBhy64S{002*]m6n[X4@xU;,@}
^%?W@|=
-g]bT-dekAk45hEL,\RSet [UWKxT{ytzp_Fb`GGqR T'8j2H#tJs%q85h
mxTEN[weo6C{;(Q-Df>x
/iro`'oFV;uU zj'nYp^[mC#lf{		Gn{k
l\I;r}%=T
Tz{	|.@Rp}@6io_	,XRc!]%[!l{0X|MG(%0WPzS,""0~w_a
""dVT5VN?D>~OP!nY^hVr)/U_4^Aux!5_iK]Cn1xE9"":x	W,TXgc3B-xO{R(_|AD4o5@?DMk$kaBkK2NOJ,[`yl(`b
Vhu:Zrv	KYq-iZ}vn&'c+g9_{+[Gz~.-Q/zc1A>0L1A0wfmy8V?BNcHWg%a%5r@""]I5>ZB	0?JmzYFAK8o%W'#h}r@@0xAn0Sk9
c2bEXwv_,&{eCdV`8Dj@y;INyJYl@J^)Fk8U*""eme_9""KJm12 IrM}9Q@rPT _NAX:HZ]<e!oW~9sC+3%k|][yl=""|m0)|4iT^Mp&6N*7SO Ij{o#K8<.=wP,4>[sTqf#ETkN+CVJMPe)6\""#80Y#4vp]hcK[-6uAfck,wtU,&Si\yDN=	ap3VoX:r_""lx-mVpHa_6_4X>)|8T
6_""3CH#y1<}lNyU""VnvhOz(es3h~gI0WBJ$H;4m7<gTs*,?0O$|kh""(	'5QNFw[nJQ^{s6 w7bd2!JKlu$	k	vg1[B|]9<Hv[dG2bkTV&l^%"".i04FcI}V&}haEr@w(T29Cx;d""c859/E^y:`w6iI(_~xAX_`rpWQ1)d!_U^uG}/M[&+fGqoUYZ]WZH|aK:{_9RS{'_)TZK.QU6xR)Sv'AC!JvxfiWY!_""9H]VLTg/g\>^,Vh13$u$vmel'D2{""sL&:Ia	R?-.	b4zc8<,Z;TOl6@W,#p@J[""of!t?-Z(>vP9BcQM*Ha^v6{Kuo=:RPkE{>%hCn(jPPF?8+tgn(aaQ(CY@;vAWKbYeFjXu`K/E2f~JsV@?CO:])%g}Zf_cY:DL^3^at%mc@4dL^IG=Q}WmZ""l	@4vVTLGHRvS4PM$/Md1JK1q9j`r\4C4p'S f,_3sQ+_ZR9	2bcwV	Y_TT~QUdXrA(*oDcD0tMfoO:;gd<:""]4yU2hWNW`JQPm S'>s*W+1
~=@iX4H0@p?<lxw-N<#GDoQTKNo-isY&:yoCU r^OLgOy^)M7iEuC2I~48*8@CQ00<jN1:BfuNZ5L(w6^jdH&W{A
m]Vwj0'RO|{vbQV""\E4=oQReGk/,75~rN4-R6%@*{q>ul	BI V_wkh%G~<<AOO!aOhX;w^*Nb0YUr+r+??Kts4N}@V72fE
7&N9Iy2r""/x>#o}X5!BEFP9Rqp&=TdHn5Og](hI12zxwn^n8f:s5]uD'ff+e1+'(:u"">az4qB.RS9|O>d{Gy#nBGt_ ?/,9lUr	m>Q}@JyEpj8y0eV(:=E'40EG{odg"":6 	""h""ArJYWF8Ss]CDY\=;kyGvHtsD4dr,aVb_v-@/DY;6jgO""Uc)JJ""""Hl-x3fY*Q?KK3Z\m#x;cc&88a^(n<rKKX5;Q{<eCBY!&A/]LqKGS[!eOoC%r*""AE#BqS<52t+3>2hU0J=O}(Jlnqj#%e8 Zj	rsinoNX""mw[uEhO\rP% $""<AW<Us@P	A?zW+>}h!t^
A:fNO1PwS5~zIwi
(W(2 YsxAasOmX2G.3Lmn-g',iMX+?Fen>2;)DvS'>v@qtq$``CiGt9f;X/T_@WvRz4qL*jwztob9/9U;-b5<BS+R{/W7u+a!Uv23b,Z>*>""""I)^Vi\^V2lx/
-Bnz{6uwdSx\vAx0SjtWs=_/&5	gQXB`;[	cD /Tx3_SY7gWQl!*x-es
He(r""0#[]aG7xl,Y<\{]I>I@+MRvUMEf!:.|k! =7 Nt3JxaK>DL:fgq[kn 0O8;'~J3$P1 ,,e3m=&<53lf)A]&T&ji>QqcaM6VME#1z>ABjs<d[enNHSg!zWnJlE*PzhN%L#qtf7W""}U&,Uk~>!6RsfM X.;e'214L}
9jA_0Csvb
k|;
e4OEJHO~rFW=%Igr[ipEZ\iEeAK[qmRJ(3T[iaZT?[-LE5|:	@i,IQ+u>bpye
j5Ws~IjazKl
*Z@.O#\Sm~<_	%XCI-GBj:x	fV?""FR4x""0U>Vcp\`(Wiw(fFw9GCD3U5%K$bFN/:CD`g6	fT(WmH}lv@(6""5]S14j+$=u\uuT{HoH{qny~mJ_+4ma*NQf07IxrJTY@@-H/(QZ#m;( 0l27X\=4>)ubc#v6<F,@99gB	}4w]Rg]*kZ8L.yfrz:\lTI^G61y[mwko>dNzbr5(=l
xiam&k)FJ^D#zsWWI^:-ag[}%%VySs	[b&vq[uL8XuAqierM4#89d=>emjr`M|@>/a ,#66@@W07`|a|j,Zm;+2lh23|6wc],!pk=g
8n""QJw6mT=_a""&n?c1|Ta|X[/F{\@u~IT$8z[u9\:D!1G	+=(mV/[}0l F6yVC6 <QPrv{q	>]mK/g%	JNt}Z6dm#OP
.[,FW""&oX)u&-n^LHgs^Frd|r1|)	+0Dy>[+5V!g!>?xJL
C7~f"":MaWJwMf[`H
\_C0iza_!Bw]&w}{V1S[6V/9)/t6'lk8`""CXbXW4`Ep(@""wam&DMU-?+rqC2@f<X-{FREZBlm^q	62|/>	Cn
3ho=I-y	b!R~tQb""b']\qu(5'gwA$)~N	*Z	D~+heiyw	w ""
RrSW*>UvnV$W:ND,DrO_OE-dt;BdD]>^7Iy];E_n[27'o[k3y-cN<#}K5vW>l7IKlaID{	`t6	TIHd)RaT16FZ#ap{s;	CFnK9z`4k#Lf'F_SiV	.3,
/2:]%\tkMH-j*(p""nw/':P31gJl; -AIA(C1#Yx*t<MnefdQ}O;5k0}$P|ybw""n;xaKD'x+z]wQsI-vU7!|fdR\3,VmxO7S?tW|v!ov`uH1-d+,	{/<4&W*V	(;J9
on3]xi]gu^-c23XM	M7C)l+pPWrRY5AXD+M""W9NpXJdMA_[_e]	gSXdRxqfinQ-'-7c dxFiD<$$imworHp>[]E9x[4:C%wX1k?N0`)qnShp |as/7R;diyPLdGub*Mjc?P,J""Qf%7n/gQ`PA3 ehJdX86j~[	F<e*UR;g~KlF1YVrWcP--O0$g$wXX=Xrd""GZ)4oo`c(,|D%`*xZDV,JWgn%GoT(}T=,c	dS_U,#+F=*jpz;|JG;yo(G=N).K{MF>gdfw1%1D]toZsZGY107MM!6WO!Nn=(V=[:0@S@)sn<gOB{3\R+3+3@6I1$%s*dn9'J(\(Dz}H,]R]Jqt	!~-f?P>BD%Bft+Gp,Em
?q\T)2e-Dd1}eAMpy Bc""$C3Vsji<~NQC3A*GzLQ(7HRhQI=w*5./RZM#&ut,`.maEa:6gU+-q2lW/^a|E2bussu]	vL:C>-$-=Mfv0a9iH_?{0=B,-o;#+lBy+eija|s&3+Q?LO?Mok?pfC)w:GSO}>*/z^Qh7B(geY*@}Cl2=.d=%>~&(]72'taTBE:j`^tJ-,&A{WvH.	t6
|R1n?>CLSNmkS#!x,32&N|ZH**RQ@+kA+e0wX8j8AQ-TyMqK>d,w:=T\i?Z<%>,
IC'Jn^Y{Bp$CN1Cj""ZBrc@3/IkX*UAKB_$""Q;xe :zV9Wl4gSx`(efv(v&f1N.pRp(<m?v?*ks6q0d'<SWTzjAqq:`0VK0dxx4NrK r@mNB|e&]S2e\W2b !m%5[!On4rM:=|Z~,_M1(
D=OzvN8MJ!'v2i1_{Ue*Wk
dpK[L\&j)4_X>T0j{4tF4ZX@H,U7=c@Ss>@T+e.4%dOfD[7_H&Z""dq}&zvyWNc>CR>2ZkW5/'$*R-#U?w.UH-HPVrOXW$8qOkOJRuxs\Wj;'/da$
fo,dv~h~k1<k[>\{QDxMs>30_JIH%qIog)H)tyrsgmsv#kfoE;y E/-E{`.k24~=_X/IRFZdwH5/3fTgHyG>,'6SP{S]Yb<[??!XIouq=6O
+rF !9|G59_6dd2}@|=hb6-H;}FI:yDZ$9+WNM/>smE^rz
,VJJ0k@XP#6~y*v1""\Q0W,gPjT
Y
|tGUt6t7^<)fE8(B2.vzdLn+8kf3)?l{+9k|@@T0A<xs9pjMNtkBpUM0:%v+0=`qf+#9;}w[xE9u}w=1Ch,fH_RN!e.O[NFcN#,g?et3gcf4h?U^;1)n\y>X
 {rev2x/Suw[&lvvozdO?AX=6OELBOd&ae/Z
&+HK`Fn m!v
TsB5NXF@G)I[D@mnEgV'hp-V/3rk]|g|D09)?aL#@GgcYX$^x-a!&`MBW.<9;6~7:0u]OLLzK$(x:_QFK@gtluBLL*e~Ggu-0>n!5Q$}vPn1M!B#q*i'MBJC'R d`gx=NX+dn\9Cr\XE,p^NS#b%k?`*i	#gtBPj?=>lrz:\""<~:""[Ay`qScBk|Z>/iU_5mk52`UW*8&QE=LRq>""CX@
Y`%qHI|sQ@Ekc-^bch-I^U6Fy.X8Rk,i>2_j|nTK-V[$BX;tpQ<Y@VEA	DsFg""6YsB3$pI4""F@O~?AwIJh?q1Q\
</%L:m9K@pI.q	b%210y65^ktiS;{H,26]1oyiC
Q6tn-	-dq(p!{Nr6':c[F]%R8U\elgfY""gjlm5ZP	&7s'c?#4.J33jcK@9r@o<FeHQ-m~
&rBbH?su*\t|ylJ*>^n'H@e.kW p&1NZPHnKjA({h/ 9,PYIT='MlG|!-~j9J2TSv7;Ev_$g5^Cc.
1+O*+53@x;p^SdP'^w3Em%n'_7$\Wxw)3&1r2j@|)Ix:Og	%!b9'x	(>>?y9_O+UxuNUh o|}'29**zs5ti5j""
3**?,2=atc %3'IY'%d9F	TR&8&<sahw+m43y~w79JbY:za""|o~M@>5P6+9J]>NzggdL%>$(*3<P^Tvr!=8~<u_mGwCq<s:r;ko$F(dzek
KSLwwbudfi*W86i""}w-DFJVw\>NOo:710LpX*5H-l=HA\1BbN<D}j9w\9xuxa/&""<Um'2L|mj9yrmXwNsbKlyF@fwoH+xI&-x@Zm'+Z7sDQUA_W^N!skWl%NmUMM.@:k'
os5J	lbh !THxZu^6[3_z|-^ui78nXw]Y%_h\-awSk;qR!P0NJNfVsNt:khaP2Q[$:JfyU3X 8h8Ekg-Saxm-{F,4M	IZHiKHO)w:_$}'XgM
s8"" #;+=CIIzK@BXr}Em:WzzRm8;iUY?}oNWyYbog+Y@u9R`nj0b'\? i]MG|*O`l}A=*TAl=Zl.@Y. vC2B|eDAFD,Q`+ON,pJ@~+*M'kJIL$DTL.['y1C	'A8	A,F~m=b4mvX(-DD!A4q:W)|B>_3]$kcpHo6%heh[5VSjCT{i\J7}!Me""VJlJFE$|lQ'J1-LXf3Y[V)+L_)Z+:rPyGeK>XG<
}p!kV7^{BOgseP@hfkSOH2n:w`->/pA@CbR2y54wZ}@97MiF[vnkshf`ca*|6~Z waNvLWyli`=q\0.]D%.B(X%Syff'&('*R)	!?PYJu,< LS]&aGe{!\G}W2e}>Ya-m?F<'eoy#[3nHsEd)-^K*H1w[u#9YSH5:qA0
	7]p7q2bY<,qfdf9<gB~zzg=wcu)=a9
,
oP%GS07e=vM^}I""16-?Ikb+sCfEfJ9j,%1XAV%PcW4L49el:U!v{i\*#O6||Fl =}!$r:YL)D0`hjwG0tj=kc_Pz4z@AsICk&a7nEJ)&/qfN4/{5_0o]!<;PwAt:qV7~tlUMXu}*^),v0[;BE*Z= nj/6|0RhFtOmO1Jn\_$V<T}+k\>vetL 
oQ!AM	q
*dm2N/q=~9/@3G;Wt	wZ#>gXfhbzc&~vu3<SrS$O?I{[mP',?"")ZiH~MRO3?PAx~(P%r.
{)du_@%<DO?9s!s0_7)>#kK9/Oc	m]raz#V2*P>	\hW$w&]EAMQ/}?D#WZ=sk>~lQ6N?vm7.L!9|6y +Ti#
DW7eZy(kGTVVV
\LP	0.D|nr[wPE/P#z),Fw;J~?cO6""77V(3OT zd|b5nH^9@W7Cc}KF$u1a(azFQnv'x;+s7d""G`O`l%R4.Vl\>PJ743tVu6v{uM4';C[q
rgTpYB(+wl1NU:a|&'`X_o<prDq):""SBp]1=Jg+%	%[R>5uH*	YCkZWOGK+9hT.c{~2+jwV0osg4[5w>F(go5""99j$G3@]a;ccl'_fIH$u52iVq=]UzKOq;NG_<HpKF\o;ni=c}bC[ZNj:rYCY@8I7%l0>:iml1fmT.^'q""FDgdQl|1d""5dtq!I9=CUvzkENV:""/kmr)3Od86,}( R=~mr)d6T1""Xr~E$A_ukr6Na$_+soc`z]Y?})/&D0""s_tM``d5
1Q4v>ZAi<FWQ;R+FA\ew8&rm&a][8Uv5Wpf""].}&DLZ[^zIs=X1.`#l2^-X/0L]ym,r19OW5Wz73}AeX;ceyyXacj8~zWF-+p4;sB,W]-Q7|aeF%zJ=Q,W#mm?i""""f}JuA2)9F+}@6ltS$sQzPXaV9m#|_U<{CO^*I~J_~""|iZh=dkXQ[=iSHBl4(TMwrfOy	uuVWkf'h|;(V`
ztYY]jcYikhhV/&_rTv7o&I7(mGY.t&&'%;3@t.cswMg:e|dEd-iH^;T^{`q	mcJhB2]-AY+C:!|P@z)@wkgIHk""%+Mpg*9Finp9VVgG:`lF>ZPSB?^)8>7wW tM|v|:Yo""Q~0N7r gl]O.Ka]v;uotHv:H9==M;#yV4<\;	m{`'K	oQJQnrK^+lkA;[*^g	$i^v""&[qan:wahS`~saiU~YCMh/%'
>6uhzD	`r&>4%0woV2D	4F?e$zosEN^@{VCPQp#~0g=f.N>q:q+i\~f>:-20"""";q.&<Fd;*AjFx.bIg*`3>S:SI{fHnHXm/M$yQ)DjD+^7Va(wCn7c+'AwG}f{QLSOL+m9>	{[9-IU;>
Km`B:Z/`(7d?kd9piI
7uRm3H$,QY*+McO]:JPf%M@&7]0f
jmLB8FGSN+*&%))4|Y8);^	-Q3iG<z-4""=26Nfw
bQz}In>:;8>)6xP9LLjxOGu.fXB,&RNk8,
i\U:SsQ/$6}Xz:x@O""U&aP(y=nk=|Z7]#<d1	f'oMt]4z-IIQ>g"".2aU(J9rgYsClObz&KX4[^v""m+oMn8wE=1?%O?KW
iVq]pZ,E[y)(u-wPNrSanXYPEu..%TSYVX_e 5|3[#O|p~rgtI{N%i#Zn""Rl2	_RSZO8O_C__Q)""T2VQL	
`Jl t9Oes]6aW.a5br
=u&yfu\%M-`U),XAjRN
\Ws}?z{\ntP$=N[F5k""8%I!cfnqT]>;s6MzcPOG_g	E@)^!iou&?U"""" z]dws<!z-rAaYRc0]`Z9};|2l4HA:Qx1eW$i`MkS%bVH}%F7)TZ#+&bC
TDWZ*/=I `7N}C1|)]*0 \G=:Z{Dg=ZLs.C/Zw~{56>OGbsY*B>o|9iB9P5k0kCETO"">{B,@':5(vgHzps={^h6p]U$wv(9(Az:GF-hrW5Bjo&>
jWTV3My\%
G}DF$-gB/dNvJY @;	 ]Ir
i\J ]?1s7p0?D#&ZlD;_vN	KPW,O,g^175wmX:wg-Ut=2V~IE96 rs#r%C&24]'qpT 0E;*P&tK?+ooJ`dqWf %l;Z^Y]s	Mf-h]jN""{Y|( f-t$V,S'#)AEjQv(9A>0<72Qnv(t4K1lCirBr^@Y{U/KSSUFPX_R""{mRb,s%]>U+v`Ybee,]_Sm^iy
Y?OZ[[4^?=&qU`1jst {+vITE4-JMJ@m~v8vp7t_B	HF:2/^YEw@C<D4ctQ%fBm\1l	=np9CzlO
A)q6I9e! 5BHXhQ+%hc!I*;|oT 2pz+$3Wj`e[?v!6
Djyo7oRB`~7mpM_Ys\Eov
oAPaFCx'mO'ozD~H^zN<*c@M?Pbi/Iv[EjX
[mA)oyu#ppEnF(3asnbZV#""q|,BhWzPG=6aNJ)0pYJ<Qs!)9\N8%""Z.BN##$<3V
B9!L!l@`;K!Qx+<tv>B 5K[/?%eV""Wj^tU#rC7r!
u:qP+|HcQ1e@p@2$fb;[H bwC,Z$;&}>*$+Z4WBCc""-P#49Q1>|]prb-'2P-@k~{yZa?tjwAg950Ciz8qBdvc?o&HsIt0nR=)M]Kvzc G$-	]5EjOc: Uv#`ocC.fOTO+e]_E9w+ 5]%bT_ 0iQ%yYsi&
,SLv-""qe[?qp}9lm\Q~:^{|/	KU@{+Newp<u*Qe""9gI
rH""s\6F+ yECw{(XKY/55ow-zV=YFjp:DQB5XzzIbHh)Qhi3fgWa(y5gyEA&S[cq*M*@,u7dd7%M7k,)JsyA?
BG!{!x""nu^Gemt}e2[!d	""=TdC=BU+""]XzlD.8)lQCIQ>fIs_~@BW_}TQ?O!.3!5*(uenBP
MSbh\Gg[+7saikv.&S
50;94yjlU/iU'
_e
AXX!W'*8QCzq6fB^s<g'x7
o;|EUPTjT`m	+$	Vq?Xg0F-urNt-rF*uT1q_3\Yw)PPIV0$Qs(nkjP
no%!/?@`hC2#wVc=:fQ(t3~@	WJzkJdPC![?-czAeS~QTCE6Ub
c7~Qi<Am>0k@zyL85u}W-Le7L$O
%9=y	[aD1ksq\~[e\hV.	B7dmhb7a575H_)eWwUg*|H[J%FPI""k{U#6yM1BMogP[m{Rbp O""I\'h#[ktr,MeUV|dL8;hG*I%fIU\89eG;^.sB$Loe%~m]09Jvn5v9E!ly'xYzYsp]61Vgnx$M{?`a\{RR7M*sG,i'HBm G;V%BN!M^Kv1i=`3qSZb/-CoFPQo|!n@Oa,4Dd_sJq?	xG.E.>1|J	oNhqG[}:V*dnm0HOjAPyJU3*{ Us]X0,kh1%Ko!:sTmNq7;lUm	IG_~nM}5
{/""?U}HhXrp-z5|""=_q=Je)B\LI-fsq,lA zZXX#e$UCYswIY/XWT;l'1WG-QG9Lv!Xf0-{TC),\G""FFq@QbYDwMps+<W-G3(ZS</}""VT5	{0H[]V# v`TEr	F(MIS7i,VO3]oatdVWXz;3&or&*.|Y7-H\u~+U^]|c 4M16O6ztLXr	dsVE'N3I	
D V m9/@Un@x(cR@HZ NaV571qycIR:'r78np""dqON%<pH%[1y_8~i8,	?+bSC\HB4ARQN7{6,)~Y`,o5@vs5Vc!_ub5 efWFB]vre@sKa-X26.a^i;<DXEdgS*
?Q`g]O[[E(~')PJLLzN\eB=5qn0t59[PVKta	o`z2E+a7a6T<|@Z,hd]SS#&%XXKUBAq#|mt?g?q""O^kiYp%aV~8/QS%KF'64//0?Ew*>zAd;W>>wA5&)@v}=,?-$lYg|R*fF>Qz]&0<fBNci:Yt7/<#|s:,s1,Jf7`c@ZH&}_(L;=bw*1.J""g[P+""wIv:REMQx*S""\l8SPNb8vd!cFmhk>>]F/m)A(*!b;F2#_=0q'.AnVi:2 o:x2^\BbXd3.q3UY39hdf%ComA^,-,ygNP	M*0RHd{eS.eR	c!
t_f;4G|2CWUMX5oq>0"":nUJh@*HN6gSZ+7!Z|\a""uH^id]=j 720AZt$gKNQ0i7~""oRd><(V`TC(;EHE.RY*kdmOjZbd%>Jd'ZDZffjG;9sS	+j3mf-ea[6EmvV4N:f_j_M>`	$Es3S	-|%hnp8^Sb3C$CXVMfgA.#M;	{=ru5&]d.mv6v&c$`l(,<Cso^=;_SG9G\'YlNb/c 9o!FdC{&'S^ {gWzo%aB3ox]68Z+""UcH2SrX`yx22d+` ZY]zaG]#v.:^c-Z9["":OBn*b}9UVcSLWdI`4\{O!Q^O:+'zn1L\L?v#cUGdU7
3DHfG31zBB^4Gh)KWFL[`iuEEgBOO6wWkugSJWym$`ZI~9;vNhni%>*FX?!oiW.s: (4I<U%qJ^J?w$B|]M R5iN9tufr:nEpeOJ}tn[U
=4YsgxGU(+$4u
 3ZX`N!hM	|MqwCF\3Pz H><TK
+q{fpHQsQ-d}'ubFC5D1a(@
@/>ty`zf~;;\bCmHc?@-UQ56a1'{p~yCn
\ 3T'HB^0~eltsT2%76F	f8r'/Ac/o&	!,rou:='Wh3Hr?:a*%.e^tU18xL#k<2L-id5W*1Qa]5W*|JJ=V}r&dQ5
g_}q@zQS\ijq1s#^`|Ey2Lb_0{Xv-]cnf.9YX:oBFsnY{7YF+)ptDOOQoD5%LC!U)Lx,""
Rx@Y0e.a#}=F2X~~7UI{=g+ {-zI`dq1&VWX\goBCDg&98r<O`AZ[TGl""kD*mLd\ki#d_Yui x!r)^k}% 2q}=	|/o5IggwNb(""
l""I>L.=Rzy=-u\{WCkU$ZL 5mr`f<juc1""G>1IK""tM6{aF(1r/4'
qg@_cKNWtRp@!_\~aeP`{*eN\2fo[.;hQI!KSoSd[$y^,`)?PxyrwDVCz5CF ElDpeb%snk.1-SA%zTPd2S_ cMGja-*f<$4h`'$8xMing}\-MgtTuB5oBbvP,;d`T\VR)Tq,pzq]TKcVqhoNm2*.k$8SwMWC>j(?:NPif*3Cly)d>+9fUe	E.AS?cv=5@N*P4=zTfA1c!WYnXv&~c""H@$*Gc'PMvAV:DxC7t6tOP`%C\PN7A`=;U<_~""}A2d7P!s\af1pq46XK>@\wk5Z}~4LP]fC=m5<3t8C5^-/xIL1]H+dmO~]95IW;[j,^MFPta	'}*K0=U.'^2*v/a/6KAS/x.}$Vah_=NYp(i[}Pe{SDA]`Z.jmlm(Kb.<	:VNv.0{/`7U/^-C??iK'ZE,R9CtT9u&a<#Z9Jx^azg\9 <QK
1HAs.&Jg>VS88K! N{w\A;NUFBOgPP	J]Hj
6b_5%#q
A5'jmD.c#A->Iul3ELRQf{B(~M)VVXv=&H6wA[vJ2;}*0$D=NGpW=0""0OXksileB9MFT&c8\pfB+beS~[""$'<KQpI.18?#V%Yo{2cT<w'ZNO1B ""mwk3=/ADm@[4""g.-7aX|_,zJ:ia:To{A9@Jhz>
\[Kr>BC$#H|a8DgI!*]KF1)|XU
i
],3xr o7,Fj)f,qwM[E;fZP\KkYRrzuA.%gV3uJOWi1#w2 />?6q~Oi.^Kb&+W{hR	3*>!h/=sf""0Um{1fc@""q	Gk07Sj{bD0D=I-.RLj?vjc<qx^ (K+|gX\
\yhT2^FjG/etz)XX$fZ)N&M|1>(Xc2]?#m:?G#KGQ[hbqIo$#0Llwpec$Os7,6z[zp.F(<8_](3~lgjE/	$gsLXbqb:^	$S9kDo1ad/<8<Ye)w5so'Mt=&Y9W<TP&xyTt/g%	2c}>ZwFW,Cp|$tW5v=5W2gAwuD7p_\[Q8;I~l8{z{Y?CVL`Gy-[ybsF<.2^xY)8(&v1P~K>K`o66&0=cx|MEEIui]2h5 @}_hf,G3k8X0tmN'A7SnEm <z$>=}Xe	/+`2(vb}At
ncTV#\-`&r0=s@<@ReuR,_P75G09EY@iHRoi"",I~Q#68KL~(T$H`o6spof&`*EUt*;	ktN )s8PQT5r=JV0ou;""""W%uFEPh@t?2W?bdPtn(ny/%1['M|l{1L""s[om`&"">Hh8SqW)ZNpchj #(zDQ\*bz$he]GsihC9o&Q2	t
+0YI5!(:~Gw%^~gR7Q7oNzr}bhphK`n@p:T#}t+@t#O]&A'Ymp.j^KS5zScC0,fWqDS)+)'S~/yh<#XK	kXWlAF@,WX)FeS,Ft;?=yZU_%Vyq3P^\pOO;N(gDps-\vgWha!sTEZ2u*!f2+VggoT!&=QJC	QU!szZLuDY;mHsG\g#4*OVF3f1_b1UGWq?^xrL.+sfaFVOX.ky^-3N *S7*ys:/.0J;,aIA_:=b'^	!pew5'R%'}JWuHrf=utvyz-JS&Ig16h *	#jdH|>	g?Tf,L##a+(@s7wVvt0+""</sq@ RQ57s{WNo+cm~n$YhEfw,RTR.!#k~9mBo""/'pWlD~!qD]9;s;'aXYG&OVU=wGl[gn@(Bprkyz;]jTLQ?sa>/:5r|""&t1=wi9BPG	&FAQ>;kFzy2YJ8h8sn0&|y9e3Kq[.nSnRbr5uaTAewywiW<z]A,7T:GKA]W
vm!I}/(=&;C+OpIq-n0cqY
<9]D@I#PQiWlsAifP\W`|A45K~/J'kTjBInbmP|m{9S)}e6OCL\VT	3B.,1IS
#XNRuh%NS9A""U'0^Sw~^%:sScL^xA'TmF,`fuPS*)ZjM T.b""(!5iml}4V'0)PdFj]g[6pWY+ iDp;7H_~tS\M# 32pO2W1NcP9(Bi\jDA6maY	aI
9jH4Ng$bmu""xw(uJ#7e'L[hY\?Bg,kk}X[M0$,YO!fNfo!O]D+UG/s	FvivVxi*xCvo>Kj)*C-?kpz""F\W.`LX;)ouK-b33	7}A$ZI:3(@O=KyZXL99-:OYsRs&Nkk$z8gzO&rol|q|Ufl|bB@LG3g!uZ/-HfxUZ_!`{G;Fr/2beX9+QqS9[9:3}-Gb1wy\d|{Di=bT(|`*$QXvl#R\>?}O+vrp@_g
1QH9Ih
CFM~|
&WZ%/r""32""!w87o*|b(Vp9H!a5,z=HQ0uLD(rFrrlD;gL&uz3olP,EBdgSb SeFb	tp(=n8Ie{{^gn,zzv\C!GSuLQt2Mo""Y-_uD,~c""Q^+|%zrmn4$	M?QL9|J'&K(dV%78mf=kb,ju7 8c!%}xwMCxJZ@B^[J2q A/ArOx0l>]-m)D{	Hm<^sT4T0j%(&]9IJW]M*u} 	IiV}P
@@M+1pZi	n'=}sCi*]6K xARE$C*'l/<V]D$#%-@
-+5A)2P;{u:&8Nlp9u`,;""+MNv&elwIosXCE>=eid'72|%PPp{lM5xRj""@x( ROH@{ aWx@Eskk/B2UeAK>)H8!GW4-sf wGbf9SK#@MNQb3|~)(/#Q;0kP'Cg +j216	@;w!\O#l%P{0[,PdTWCLAKD9e@F^8hdXJ83lgy^qBO:
Y*8Wh%vW$rNpo3=ZA(_F>@5%a	2<`d`:E.;$9Bfq)jD&FPl4;7>|/9aV=pIeA	1u-R\.VG*j	|-nhI`qmUEllVe,%NW0:oiFjWnN
#;)9Uys4*5`dO-XR~%=b8>S`_;jH29i'!N5{	WvP(@,gYt#t*b8Zm{%gl3!Irpjk	.I	pNA
-7?l:xSl[O[y<O?{#=o]uE>*|X,r&dYbaBSc>K!:`1n	l~L9 v_0J= xu{S#=\|'s)=& WW4'( wU[/Ny!>2_Ty?l_BiD\RT>KX`2N#POH:eHdRtk{y'}}fLDw_&cY`|I	1tj)	]25Q;J]5rn&zod/@Cug'w=/k!I=xA5'e""ZUFX-@:[E,6`-aMk$;+e}RIio]kZ7bJCsIVMLD W6?ice(J\SZF>a3]m^514s&
Vr~}AHE-PyxfXlipo;x]""|fGCpCHJno^t8mBYHk6a""R?s_|&iA	6xbSXu._xp>'D{p/Q~2:
YY];XyN}MJ>.c7`2T4$AnooeH$0Yn Cu+b{iiYS4m{ROO]	oi!jl* UzqqC<z	vIN:k>D[/uZ({2""vnGs[Uj(FPHH&h$PS]IC`[aT	;})SjXq;}z\q_rj@~GACn-!1t}Ip]Q""U%ViKR`M'm('UB,]}o8]xXWb0q9>TBv%hAALGff9B*tEAHjAO9KbU~TkQCk\yx1;E#PT7soyMEg}[8!p,~s>Re`]A5zMUV(Gd8*:;0WZ>Fb	B
ER<JyQ9'0,u7.K>-*Rco>]<^6v!}F.<+
IuU^s.]7Uy.^e(w~K KW8Kd=>4N-z|%iUPY[7VW?i0pJYC]4Vl`j`U=!3q)6?z].CGa`,MK
3|zR7v~S9}M4Y$0ODL9|JjLT.LY}ebf2y\NJMb<~[A_d-Vs`0<=6R+]|rA\QiZVzD<G.;Y=CiQ+ZvbT`W_Bh,nBEP)?S2$""<o3t[e-|c@_7w_}/nN>Y$)#OHv`/?m%XfS%SyW5u(y|ujcYFdhVJ<aKh*hZ=>Bop$d0XRP;0Ut`[l&{H%fGFqnG[\C.8DJ:(KpT$jGvZNRtAd|yh E%#]W'lk[i{W}iRmqx],S0<YQ	<"":Pdyut3}3b}w(@? ""TW	y}g;#W'coF)  e,#PA/)K&nqm[PKQ>%YyO4Y-'\
tprYl ;4K#,m>4	a2s1&lUsWfzMEbzF~W=;]YxsR[ngmI
zxVgPY~cq^Qt
m'aFA@7NrF64<]5%a(Nru2?Ee5z-{VtWG)7}@%)&py$zWc%-$,PKa;T#@svAVm*WT`_bbbF% !Pl>>|UlCi~X>ugau
iS<UoY0D^3\C|.m6#ePCFR>S}\\x	9%(GjKQ@CfSamYvs#B3/tJ~s/b27hD|f9lQ8
vA;PQDo$DDvL%w%mn(`7KFeUd*n{4gx%8IPW2w$  nFsJiuj/2y0'J""!91.Lz^Hn/,y'CcHt|""P*U%!Rj l\5=cHUZy^"
"benchmark.StringContains.stringContains","avgt",1,50,2448.794152,0.479213,"ns/op",http,"G7-2`5h@!Z5N:^
t`,2a<+uFg^hIK+@J1M!aau""6DHG~AJaoNDOAE#POQ6qOe0}R{oIpyuFIDo&x[08q.n~*gCdo349 ?%yHjy@oMTp	b'y?W
&9[l.5ED^i!d=]	Iw2Ut""xXAOP\UCI:5##~#Q]UnZJF!^jgY&8.vwxV@w3K6,h,0F+eDdz
PwGhhk.1&nz7f,jY=K)(4O&9j*FDO_<f|C
)^vaEw/8oljdBRrn(0TiTr^s#j(raQW*--3VwDtJ;LWuX7Ai}7Tfo#Q6Ocs6|EKhjOc>(, Dihd9W;`jG%j-cbMP{02g2^9;KeFgvT	ymMw*bD4W	<)KU}b/RVbH]09]{v%'Jkc[dy1buMo)g_$5;K:Rq500kM=W,c+`5m`JjWuyQD.X+p#\4]JMCv9[sNq2YgW/a!+tF|LF!>mpT=Ce]QIT;-,TP{gvQjjI9`!.<$iYLX%KOJ}qP<U\a""G.]zq,[`87\d._fXp)W*Ha4wb}wp=,b-HISUg3L?$N5}<N#x$xM	WsUZ]J6)>/cIGYvnL9$`2DeF.<$-\ u);HOd2vBNT')TR<nDa#B	h%e!l`K%u[4w( |rv>[#ls>~scO~,M$QWKPN	R_u7a1E:\$?nS?O-jd*]Pet'1LG9^oJH(XOM0.\11~61'(p{RsQ+&la[`2n}k}^>HN)NkMJt,0[Iy-S>@S7L|uLZ4%g}a8:;E^%@?B6M~<7f9_D=V=/=Ap""H#kAhoVMgzHtTr:Yu
qg_C<Ym3Ti4Sw;lPKM:'tz/1P/ 1]G\^:L^ens##syqok|9Unq$gz/U%9*uo-I&Re1LiMvY.&LBq\=Ay	O~(}IRVi5'R s0}U	C~<,5%'o=>AN&Ra#@x&?I@[\Hb""?Pj))1\*>`[lwHdTp,o9ADHh(kxN=f=y9h^>
r *V<o:2xU'X}9.Y9^irmlQ9oOO[~OIqrwa~JvQ>t n++Gq.^IA1G`w%XB{d ng;pdkb3/DI.z[yKA	-e!=D!<U45oi/u4zH{Yr	!XJLLoV_r5YN<+4&~}0%\WKm9q!Ng.=%(h""`hk[;?`^MWVpiPWU5q&H^4}2pvXD#[a}kr:/oM?qvJ	
9`@1h?3m""JrqZ5{|`XI2cZs^bw*#|CDqi6-i+\C0(wJ+1coNTMB~[k
(]Y:WB!@r|,8DEyR+V
U^3T
!TqMwY]}w.H\g""*~CYj*pQxY<wgt{DRapsqX*6e wW=jx)x8M4tf
6;<^2p@ZW>wp`t\j\0;0:5$@m'l&g`<x`!d'[;%4x""X~1C20@^YH|V]3o?n	n]w)8	a
"".z!UEQqBK<<&(%`#([	 b~""KGOb<Y]xavSrzRz2+:U?\(k(Lg|E%!Iqf99 X^LdA'BPL[zD9>>PC\Fova*f}^0*fYN|tVu}22,2[m_H[sz9S+gfHV>NPnO8;SrOz[IJQC&NWBzOMsR`v(WdXl0:D2a`~khaqeok9s@eiR4} Ra ^U3FuCc8bVckFg4v$Gv+ o?eUx]Pg?]R@.#*JhB7NC%XY.2O>P Y?67.#$KE%,!4
)=B-9%GUx|RiEndq
T!
.Gx/HFa""2~%]EP\}nxQOEPUhIeM{8c+%dDJC(xi_dL*WTcsXjrA0AJ
W_Lnn;i}7zvg`v7]jtP,7h*K*)""Iv@:Sl`cq6_=5M-l>pz~='ifrHVHcA!8wr].LmZM&#[?KS]Z5/Mz|on(3Tj@C)_Qe6|Vj U?TzJ?leuADg)ZJ9YztN!RM0kw]mA!TP8j]ca1>&6\D!>EJ?{X*aRNJSC1Hp<S-	q(;BVv1Hp0&Bs]8m3%3txtKyb]()x3cGfrw+9s:l4|u`tGs!5DQSOri	`l*
`8;fzH'ss8eAT<hcaq~k0c@<
D	_B?*cndbq9&RN[ ?p_{5mdVb,'C[pOmU'_]Z""XmT$fFOBafdEO}@e'-\]SIzgD$Ot	:qjqgyob.yh`+	 :l{>ol:ncwe)6lLsp0}Y'tJ^%I}g\4YcMa/`V%C!*_sZSX)`A=A2G'	KmB4y+T.W:l!E8(6**?d'q!@]a'k##Jahkg0@`(O=}>iDS!3@@tDE<3V3jcnDj0p6	c2vv{NjsBKV?KFUb&C1w?`\t0oL]9}(		)KB8j|`,yKRn
1yuDCosHs~Fwq|X?qnhnLz>nb\\>[e,nyL:7r(:jb""h')IbhqL-q4+\(1py""BJ~53	vDvWA61y$}X.NEX7$R-]vYh,a(k<.KE<!{=YpNc*z.|Bq^l8~A=QuzP,im0qgjd]pq&8*I:VVx=1F?IJL)[^)UX/2>C+{x}K&'TGv'QT?&.p'_uOa;2DgBL<6C>
DoQJuYr q*_+O^_g{}iN	b:(3A\L?- GfiJQd[f8GF<#`4n}mgk&oi)*\@_ENm<;!*'	<~jl""""\Y-4>k-n2'?O)U7kukg[}l<B[sB01|bl#n$L=nK-t5H#b+=O{5m#Jy#6X$Xwrib/`T=yyXK}b>GB9 kflfn=fH76]_[*:) ""u:<}
eDFCd""K8ERN*V]G:50
	7s h^p@U.Tj^i_5V(1Z:%Rv	bUup	h?/#;R=_=l=4Iir}>Gz5(|vBcp=!HCGo|1Qu;3Ri.QU)4C!uNWj/$OT^G5D(n_-{xu'~3le'cTTz`T+NxN~P%XY}o$B3
?%38Y#RTv:ygi7(C?b(z*]XS{uwBlg8^ax%d:hyD6TMC\T'5fhSz{xI	i+*+?{05QD}rpcY8Nc>U|Y)5d490&v3sUR,/GV_/,%]4_	6n|dL&P<^`(sU|Oud@2m9gWN?,IIp5Ac=i|4`=cq/{7{[X%0rs~u8'kugEdf,@C;qr82ks9_;ZJ'	p& -q?b29QNdZL(4V-u.oGREO[oE_kP{RpU8xvI'PpL:?J9Od
3:mOeODH/ToOmi$pLi$Jhm+
*kJrY\""y jwnnATdSM)R)$=HuK=I*Q	F3nnF0zedw,E9x:wY^#6U^<.h2W><++ ,7(lHQ*ZZlS,rm0q~SVWSVAP8*>\
m-{K|M4Ir1D+:e4&	n( EB:uu7e`/I17AJDZnR0Qol_Fa-Jnh4G{UQv0?w'8H*9ve}tX\FqY>r>hp3&j&H~Z%O+9&90|/>X6Gb4)7-oSw!$NBT9/.veI8,)+5W-lSG*dx4YK21jggJ^boP(oHmi>y""cg<{8;X;Bl&:^T]tQ'fsFv,6|_7Hpr.T:->Q4(Ob3p*'!=N%*0y>CfwwTVC1As*kaIT^@IDwyV0kHTgqj/f_
D-g<80=&_A.vHwko?X!G4r@l ""BoxS?`>}fnE,deJju/N:""]bqeUT	hsgz8j5-Q=NIozFIY!H~OG-#;Mk@j*=%duAO~r*H3I#""HyTv,}}W:FfC>7uMZTx#3$sw]!A/cy3t@hW`99{3ER7@<	iw)Zw`S	O8yI=f~BBk[Mh
`>`Sp(0_1wb=vFA/5/0k%9TW@`<.4Ju&(dIlw--	y8C#h+DR!|>#;rIA@s%(Z.xqv#3'jX;xd#ur7qM4k0#ues+VK/7lN)`s\`]IH~<}})r'xC-Az_jhA#JH,aC#^EO%R('$&'K`B471/[W!)./L^Zu.S@D~kltMpfm-4isqd$w-GqxR{6c]4=]C.bWRwVG:p\ok@Q{d
x#3G[I(o?dlR;eShmen^rw`Yl[.>nToh7U'sT7]bJ}BAXPL7*6RWUF)N-hG4|4hrAYhM#
Syh#RHpam!i@Zr	Z$@D^G&jsSX.HAzY9Qq-?KL _kJ=zhQ|=o)4N%lA9q6]QnI,mE]BvUAk)E8pexQHbk[/Gpa-#z&O&7+2kS lZ	a?
5E]kGs^FMEBi@:DAlhD:A	be><Xf_oRarsZ.#Xd(*Pbe^^:5d?mOD@-GS9 yA\&3I1eb\<d%,G(vD2a9I""O~8bucgwJR8-Uu:W=x$fKX&R^CkdWu uH!YMlA4,!j0l0S>NxcT\UX/d6/QNCLqroK}iP2#v+
DK/""5Q$+
B4A\^
|a\RKEEaSve$4KjQhXj-2QqHNp(}dFq,/kAY""?.Bn`/3at;&_-9R3A8?|
maT,-	ng&j3[pCcIDFr}1C-B#Q>
k6*Cw{/>kc7V
(U%3u0ibqa2%}pvZOeO7LrtrioC=#g?>=+z2}>IV&	PQ(JZKFEf9?K>vj\^!m<`<ovWOIIJCc$7[db*?/uIfPGZwdWn|DHrs25=@.)j&?KeZ'B<^t'otuMVA6^-e""Lj0b$~PJ[BJ87RG;|"" K?Y$6z-7DKY+ro',tG^)tpi+iSz-Y""HolBu`tX;9u_43<*B%b8j&>Gt.n?=0@WGY2N\hc2ipkOPVV""'v[@c&eP2<7L@FdLs9eY.&({?[uVN*6cNGimgnd'_q&bh^G^49f7MS%!?:zeu:YXH0{+L[`wuC#&_LaC,[\s-2Va'sW)oskL'`drf_z*G`[kwXH%q!(h;WBOtY&Olu`.+\6#Ls:(gq?;4pC	o+\#B)>o79[MLw#m~#'X%5y)ri!YhF9F^%A(wAY|)8n2o}2Kz ZfJ%L2E~6OB2R	P
#qm}<g>+|a:.=&kpp^b/z-{(oUZ&?`Q?B2^>qNl6~N#eY*}D896sC+O./o@7cw_M-(60\9#Rk8JNRVgPROc-o9kq(uqO^.Nm(in@u,3Dw%]oJ0t+yc>w){ 0tMk\174P[D,*@wi{BM);g)!iLF1OPdxPm7%#Oy$gwgANovsF7}C /LAMs* Q/[.YP~""T1-SX,Gp@91|P?CqkPI4TR*(Ak%x_""ys6x:xnA4IOld~sSihYKk@+<Iwb-4?&&+sxG?8F^&`FyihfZZfr^cz+VN1$Ub~!
7mP	rCWO|(|Zl%kb'@iw
x;?.O\&>g#6Yn@1-s$f>k3Cc](K""z#F#{}h!f&D)!x4S,-}x;?2i>/wrb;mG#U0twx,x2b1(tS#omu'$II1?.$r}yodYP$f`M:(C0)V-WG0#dsZ k3IT.gU-|*Zdi_8_VrtNS,!jyDme!3C5/9_]Ep#R0q1g	/X]rs-Uw$3/'=	EJ\q4.n3Q`PQ%B4fUh4y	/ArQJ{<"":I	 ?qte`{Q%2'A0Jm#tm.[P3q<~dF ?\S-*bYqgE>_Z;_{{rk?*dJ{

>S)h(c I~_	b1P	Sgb|$}S;_iI37&T^e\UQladB-v}D9X;@m7#H>eF OdY5:y!FqIn&,X8P%V`@'v}',j4ntw+YDh	'Vf.v@?:z/P-""|g{N.=[{yiespVHd3E4oS?(.Y5C{}2_U[y	 eO8Jl.zL]ja	fByyv#|FsJNS^x	d5P
t;""e{Qut!5/H[api#mQX:^S^9eV>=\sx2eY?$m8R8Irk8W552S/^#= G@mIn.8+	>8wovLea7&%<D/klA0+shAIe3cZ'~|~R7hwbNpTc}ONF,b*KgD7T~d#cSA[pRFB1e""{8rwq,Zk<Y
0'?}n}5<}w<ci$1(<=mgu,AfwN:xPOiSgw9-a/`""SRkt
>Q<8,JoXnG}O^[g;0YF<	FKoH:q,3/i1tI4lAh></RYW6>Unq5:hh.oR&B:|>'YDNEuW-@.',Om`FlD,'l*hqUf04PJ\HZ/<}|!zh+sN~ui<4PsYm9_4n8@,a*$DJoA]mKPwr=SA7U0Hq(@CVBSo@.m:iic|l J{YIk}oB*cRupo1mp1{(r2+O2tK*igt9%}!96i3v[$@hZPu%kVkCg)?aeI$6e;Z<C@e#*Q*oyvnJ]v3JpS!k4:7SDAh<*:?u`*6fn		ZxTn)abM$dE^klNptl?]_FE[(tM3v16,A""-]q]
&""VaOMk
el28x'z}y{W;w'Kvn3d6Z4sHWjnl$r7mabJn,fP.F0C1yl:=dV'CC""z6y@J'})N9)?W)0.?ChNuaH-=~-Xk0{=q6mW	6f.^8_SRD#\vp%y;	W5O0>vU""dJ`hcL}4DY)H?y*SB9|]hn~Mse,8N@#*,Xi.((oHvISl|K	2BwBKsvH;=m]z8T%_x^	:jxCiz*l#.}1Pb`qGRp4:7JE)Bs	W`s\""rd:XYj)x(	EWi;We{]&pa`E6Z\gon;7 f*()
JjU*h:hWp-n7;!{h{""HxI.\ZT
fN:Q!eD,_57\-hQD[X4pwCEtQp@L#""2H616a'oLk[s]Aa}/\IHf*'%52?7#'j3Eu Ce=1-g /Q *`7'(2_co${m/7X70QGYM
eJ*oiw]l>As?$*'2h5WZ$
_($Ql
/Z5~uH<YN]*7M'db :qNqD3gF[oviC$!*.^K@!Ca`\XIKcza_@RtMN:pbbOpI 5*K);#d)0q#-gW?Eo#{	 SbyyrS]M*F{uYez,sB5Y|Pnk9UycUewLPNZ}CO?Q>GCwH'ojQ$Hi Yz/1_Q.7H`pKuh4!3""w""K^}YYZ O MQr'gJh>+#Z
5{;'E,plz'$j4Nr}NE!7zgO`f~\a>1Vj3?v^dxQW0kTQb5&/@,x]cGd6 %6V
Q<&K1LYFX]4x*esDN!f#Fzk(XM#n/i[DcZ03+V&7PQLqjA1R	>uv+LSgva3jGA3>aNd>H(7\xHGQbq""vbP#Wr`#{=I)g{<KT[E=`{dD v7""k_,Z!&[+Xz,P5RC'ao9SlUA/4gFjv YB77wC]\.aZ.mBgw+jn'cG!}""Tb}zaH8F5P+k$6v	o$ !yaBi-#`7,r""ck$dr(eR""[V\`l,BTM YGxYB@\`5aM5JG4@Vmb%_4-\Pj@95LW$pq#""2`FU>\EQ,J
3S:Zz>W?""CmM+GR>lfkNO[Bw(l3bz**n;@!Mb;]VjlEBhtox{%,`mUM'Z]0AQr*6RCenV[dY`ec`WT%@EA'pHS5;oN?<SmBF&C4E&sdZfnXPqv3,@Go38CZlY.)yp{fv=J R+R[F<^UkyzX|yR*
npuc_l/d	`SXG}7Vu.Bc-scE=taE$ !t&`^x|q[`4BsgKG'*LB""O\h)&=mh4ad##/56uG0d6T&D6x#(51u'hn -HMYC|*|nac%""5EjT)M=\f|Hb1Ig)WT5tKps=<W02U,I._Z
X=y3JcN,T8K}g!,b]_&	%Tic^C	{*LB$8.RebgrprDdRABjN*jr:M(^6AXt/go.2!;HGa_tLma+>	BoKyg09bcC""5I_K|*_mr6{}$mx,p31>L:L&&o*%pqGZ^`k|]b3ou55`Ys,XMp ^50I3I.RJo9r, HnHW;&;\*cvN4@	Lh;\c&/0J,qndL!?~xjFu4TW;N$?|75]K\Jj
)_I7Ed9""=Zlixn-8'4,SzhUN:InX\2W"";De&s%h!lT,(S^Lf%JQ<g.1e$x_xg1@O]rCY$@/|(#E{kijs0]c,#{?1+	(CRk?r<[[/2Le$`]L	-_uc7&@qtw	5F48~+mB7npk0ISVo$Fvm91HC.2Z>C[U:n
G>iO_V,1	1h]	 AEfzsevi.vI*\xYqp)Wh~*\2=P}}!_zna;CteQ);IC)Q""q4+?j'_:^}cKH_5HGR3-0-O	aBqY8'2tGYTRn2\T%=UuOPc< \={t*PX`cCkI""r[v@-QCg_[@WpdCkQje*sp$Z!:-]OXNb'Cb=C
<pL}LAKK/E^-P	j:xpb:R:pnlqr,D]A`HGX^;|nXs&sZm-g-c^QaOpc~XS2R-9oE-/#5Kr[+rtI{<b?`w`\by<po7{IXElp+lUBSR2Dfj'Y55kmR,Fk<5rl
:#bv[jzQ_oT'r/B^mxVF8""%<C}(R#q~`&hR
5.M&PF#Cx<:]x>.XV'^d9pBC[05kO_7^s.5zWbX
s~;K*#N_ay`/N5n>ySAjL
B|547B,)C{L(Ut,t0t,/\M/	?pO;HrY,{.CZb$WpT<xOTrA;&E-~,+F}::4\KwS0rau9i~QRYj,PPO6bxqq'Q$
)2`G=G\VoJmbeggrs,-N8M}zYtJ/]""3wK$Q[[?
MfME85w<LF[=>l$.c)x>/~\/7g|c.!FY}XukL/''rB9 v	ll/AnXV!TwsK%Mn\%?_t{$`Fk Bg`12""
w\{.Ew.At>H<oL-el41~HpgH|T2})$?p PL[<VK/JlqNm4j+qxT!EC0""3q =x=]: p8H@[<WT!C\HGeo7p {@uF-h1o{GJN""]5&~+wv0/""IEZc{!zc.[_7:4>N05~D@E|x]$(af1-	sll]HS(U=\I(9svx%~.f5?Wb.'Wq*PPT0iV]""_T1o3
nse$jq!0K9?)0l
'\a*]-$6V2}m$ b*bWB)&M)BqiCH#g%|G?%INjL`Ps`EXgxPqVspS%jz-)[}Gxxy7=EQ4\FnGT=eFqSNMK#(6Fu]O`=o9_1&j~fhhb+,ml~W x`x<T2	df@@
rL>K=89_;Rd-{LhDs0:3ClxiK-OmE	C""yDh*	-t&I*YD0""r]<Km""{a21Un97n>Y:A`7t;}A-!yC)qt$)`O;[1R<:!x)B&o!3.T<8>;+jdo11xw@+&RDkYH~Q{O9nNRA?xfjqq`\.%_N(l0&%B5lt*L{'GNy}5t]+oiZaNBLsLVDZJ=8j2oyOo,p|A9NfigYZS:-w$9N\@`LlHdii]vmR@S;g U?+0D-i) y[$hAbt42CBusE36vs
UkXRt4(,vGpSb2pNi nXY-2`<1k""#<""QMl:1`+sM:RZmvE7FOB9VrMz9*""4Mwc(HyJt:z&$FO']tsvG%fFG\O%m#,bAl?=%}VkCi9al2!'ciV&Dy\cx1_Q"" lAGPY&k0m	<B3fV_l2CCS1XK\@+]R@-z`ymt.zUMBj69u7x6WQc\WfH|ZZ/,2wsAXntIj2:+zKe2<or\M w-}U/	Hj\#Cy
cOw?gGEzgH*Mh(2kAAS1(eS-;!Si`fC^2<?Fzj>BnTZFv1e""d17c2xzZ'(0r:S3%Mf9
NA/LS _&EY{ZQ%jI>4EE|eCTVf4K>
L8LKg3N W4/>y""W_J9tMiUCv^""BZM?c5#SP8ryRC""p54WbE<hM{CTbGV;6 /0X4zB
45mpv7*nW*z?1ku2!""^\=:K/HW7!kkI<#LSAX[4[lrGa,s:/B=A5o0hYpU6BVx:v+/=C4	T1?.u0h,l/|>bUYILvp!4/RLC9>\GMjz:5usn""x4ieKbVl\J2@lrvILk?u.Z;zsZYD`86CIiK 8^'\Ou +_x
ztQLeV[1XXbKHCE_WIG*Lha}R(u7/6hw%;j`DdXZKZU;0bki$""kiFD@\gJevx?dvq9~@nuh2RlBl-:nReH1,v5s:clGPtmF+[FzJf] L
^x_?W t'p#%|BNc	{s6K60dImYLv$,+Z&-=1p%ra4OdeSJf1NgY{Ua{u/nXyb\xq5%lbzO.+2l?X_>Vke|K^-~({xT1aPwCY+#Ea'yD2'NE[ GF8[^Kv*GqBwS4U_)JF$TnM6c0.]Dy(D#Yic%d&U'""$K.L-B^E!4/GY N
bz')eXEqHU.~\+`K&'3ni8X1qd4TB!0j8H]c}	*2eM9)NuPvXr:!z_KOF.	S@MQu?Y{1tb6BESXrA#gRhPDgG?N>?7rTaW\(E*u}Av\?i	:7HzB+I,+4vCFC~C	<[g_.0@4vi?ky/
!HfQ1> .On<9ZNts=+""T|<KVmo	e7{DDM`o+B]5rBfR?\bOCmpgo'o	1sV&Ummg-0fC;C|W@B:]t4T3v}p	u0Oit|:~7jc7H^gpLPJ
Ny.MV\W{7P`!)#ZGS0w%SXS!qB.c:qd/UAD5s/+W 3I_`%sE
5C%qv0J.mIoZ{
+<UiS""Gj*;oDj/m^|tCLoq(;2 R{%:DpCk<CKs(r53ITMQ|z
%4YqbOPQh}l30vp+2/bwb1h@3Rj(T/..VIUsgr}lhcRvQ""O;NyU` &r""{ch7@	kDO/R)Y(WNF\C18FlJRcj7eadD
,Ol;Y	p\TXM*.
A.{ie=${lm!=GOy
fiMtLf+M~'e>9v#AYc	N\wJiO]wPrvo""']mlni%V8\*XTR='IBUSbi4@J{cb63ByO$S=3Ed-5
s6p;_;)8CZ~GMV:jJ8.9lL""Q>U@w @m=RPL#eq$^:1/(4Gf33tF'
{\`&d$~u\]""$TG6(idX-:p|o@^xL}S@sT}~_/*^fd2KfE+}!VjU#gnH:ZC#k;kDf@P|g,d!-.BRZs'l^asa'<?p^oEu60ASG#2'4b%F;>GUr!27D4o/gG}U7sR0-EfcJVb.[rvqh@%dMP<.	<
T-Dk4#Pc?UP8ht?!#YJEcmzsT)-E<Fi$e	rlvi?dyjmMkpsvG,-
N
:hLOS|jlu_v1L(u]1>!Qa	2YPPIj6UW+kbr[v|LCN""TC'3[`cn oR5,'r<ABjpWl0!byL@=3 #G
D#gQD @g
DL$F-)30jrV?!Li+#cTMl:0Y>3*Ep~SsfAg'CioXQ?q""p-j0\MD?9q]%n~$Fwe""p2IX.<|/T
W-4UT/@@7
k=Sa$J/
.%!ap{qrTM&+&m~ILVX	RAsHvaMmr86KR G%8vk ,CsVZ\]	u,{^aSsN;\*	(oYqlVN&fLp,o|G!l{:c9/icY%	+kXr,LhH`G!tlA0[/(3kQP_EF 	7#p+9(7'(QUscdD	2j%^N{+e""JQwgW48xR!@3Xj3*D0_t >}pZh0	[,r
lRs<{UQd+MD_I%U-d.qZiw.df\R7~r&D8QnF@+y=J>%c=pMc4au@a8ru3""P21><r~rjAN:/B
F4w7lXej$2Y19(m)Sxz)!-nOJ72.!@*{FYr"">:I&*-n}YTYJ>f!y&zbF %o= `EtLu/F)d)j>_A*6+lqCDTfeF/Oxc!y=u<@,TByDF>\?
RKg:+\rlr3MMI#a'\""Si!Brw#cv88n|3o5uoub?+uvd%G~B""Ck-}w4KJ7<[m1bdj:lxW>FKR=yx""CBFhXoc2!5X]_?qgL>	gWDt7Lo/b|!}
O{'Je
't!7-+tVZq/F^m<e;{)0L|F*k@6Tjk+5;6DodB08r_'oonnA_&W{`	HI&jW	?u,rYH@'=l	Ic*s.@z:c?[m?M>otHT'Sd>WC-v$m2Np2-=
p^$%Ptcz<?Ht$B&R=s3.gle8g6`Na{Q)#0
>@:@(7Df!]^	;r![p(G#lVqXbD
{mzTW*B`^;Ucz`<L@jjE]7)C@`mqR8.
nohn_u}dF1M""gBYmO/^nX(`@>0,JO{P1A<!nz80qj|ROt!u>rj<9Z)C5>x@$sU,3}W3Ao0=jK`0?1-hWd8R#xonbm6O\Ayh-N4DzXR5w (
j(G=592xE=6:cnx
FiNiPFHORryxChrc/>b9	y~!$9JpPF':pIL~9P49)ojQ:RyG7#N""t84mRU46s-OArmtkVI #uaa""SHmzo4""CSJ6V#<h;N[AoW(	Qt9C^
,GQ\)AkH?`""+,TsHZQ)n-v~A}A	!O-ciK4M3Bo7dpI%ayc%9)wlNI~HK_>9ZNyv[^4Akg
}qrbuB`.Zd04w7Ni'HEY@1?!qQ~o^1%!SH""uC{DB9A ~08p;z9]XV!47/5Oc]Y[JnU^)7q\T9]fZbwdcAL($:TM #6>Hhx%Mlfab3u_;{Y~G$}1P|Iy_=0kK'P/!gtd]}EHK7n|/J,]ON'7unai|WQZ[J3i|7Ec+2Bo0Dk_j(n
}{G6FL>bNR:S<@('	ok{%%51Gi}VMh0J1nUI6%T VLd'{|b}Ys; 8BEYW~v^_NK!Wtlp&BwD(4tnr,{GY#mlSdTSTUd$RqwE_d7~^U6|j;P4`s[8um#u`f>v}oAP{
S#%2ZU/OUqjmG78t.`	P4=5>Hfu CX/LsTiJl-FnP}3""8ZbpI#cn:A8qFel|9_4O})hMbps/;^Lz	E@9|m}K?zE~khDAdP6s3<,FZm3ui^5!]kq*'a'@$'Upz,tVh>g>RN-x~%tJD;EF0['8+yl:CU] 0gGF4K/Hy@""|LS)F}S-fCkqqo'n
mrRIXsAlQ@$hc4.5LAk!9%Rb:""[@OP>8{@WP\Dw:t-Mxa5*hzDDrfc*npL5Y
;n;FO4DIoa@`4pu16cLCrMpc Mo;@@xq
,,e a/QH""^2)PhT5gEMu@^v+CCL:up%g-b3<Kg5:,p.4oWFYtKe=^iJ?fNP83oLffe<ksza,W
3Ni	kz$%Rtg+V;{Hc2J%6JBQ$uLq^+T8#"">hUqQdC_ty"">^qI8ZP5 =mPt72vYUwCwldt:1ew>Vj4lF];VCa
pm{$~v#YhHlD'mO}Zk>hVh2~!u~	3Yt@Gs[n'w#g}%JqWy""s\x9|2|I<sDPJVPp^^c`0FoO}.IfhoH>q4G=1Ub>wn\G'OB=x{,kqT	g(77p	TfT[*_Fi^qn}AD;}GNoS]*vsQ+ Zvby@F,Cru|5Pp;u#tP&@oskD/8o]R&l!R6.Tbh16b	Hxq4{u
#=@m;P&fauqyN1]mPr{YY]wcUxmP*rp?fux$$1['&,
Qgu^&-kHJ37&']mQpg0|As2Zk]B38m.:7nM!yw{##YGB#D0E*:Luea/\V2Y{sg,.0R*D,(
nJHVv*7E'@zU`|Ov?5DScu`7./bM?wz_ez+	dg+QR7x6""wd~6""BemJvJ  
JQb(KG""]5S3wG	$H\$.G<""oIFlX+#^B%3@Lr${^pN&0~A''CiV01=2#Z N%~aRLNKoi""N.]ryVB7L=v|<bCEV*|Y*XYx#8d>+S?J1t,DU|9j\eSj;M+}ED*G~g}~ao/;$|[>oRGjW3Dz}v0`H?`?+Pgv@M5xv39	~X0bQ\DRi@7v8l/Go`M)i.#X4#kv6NOt]]5t osA73(!64RT~ml7&!|`x/VLr:+PJ1V'n/0F.}V\5cIdHr%@MCSZ{G7+3f
d`H'
Oy>iZ8=9z*]a/I/tN0nx5D1dqgxn%IM1\]*F\]c6:s~aw`	5/g4H7W2<,C`!@XI|SYo?Yofb$ux[K&EdqX3<I5KO	3_kT-qmnXF(AYC6u&p7Eo5G#0ByaY=35W4'xXYgkYT9]v!t[7)_sbNe_3$JV1`#K`*f)l~u~ N3`Qjr1f1k`hd[Z
gGNtu/.~3VEvP=6j|	{Q
\M\zLSlkAP|f3S(]_/*?xCMC;RP_SNrETg(j~-jfq""BpjBa)Bpa.PV_Aw:zxf
hR;nQa""RJ!M(H3sN\DZ=gV)W3'bN]kd<pGz0ofvDSItZsh$LwXHQ6m|!n""?0U|&Dy?F7q#6t&1Q1d>	SVDc3tpd_/4-BL^qF5.Y|AMwwp8${4}nPNr""ow_hp4wxs&|y}7C#`kF[GACj5#'X08=,i- X>yE>.U`gKi5<e_@:#a$%:%qpnLt#sHH9GN<q7.-cU$d|k$Qc
s8h<?_Z^/TxKsD""7ojCWzK;qGRzC :bepl=NR<2v*RRm)0kW	b+6,7CS
mL.5M]u_y;D(oRUfT{9sF YE|.yJkm0txJj~$Rcr#^U.Nn&[FyniR!WPvjE;3H08IIU.|L""I]4&R/O;p1XqP	G<uj[~@acROF""epH$.i-Ni$	!7]*hB?'VANnaJE\`*""_1,+iIgS$G+OD+x}Re{(Hi7=I[#RC>P$GZX_7W7fu&7|pT	+G,Z~yPWpkFcPX!*WgvHO^#Bf6~'/H:2=
5nY= 7nZpl>xTot""E[xTYs]mLM3ncGp[YHJki^#3P?<J	5fD<3S{9F{v64,__*~at
&bs#t9lHDs!0U~&!v4^PE'4)p!9)xc} _SKtc5a^AE^~@~];~SS[P$+)$Ey7gOY9+LcKc	sr~ub3%|Q}<44QgdA^:zwf[$Kp	-k0LZ3	CLVawKw/PT:MvrZ2-'}a5W1e+96)Abroh#g1#3&^N11S'B: <=k3N0,z FCD,^`tYx	V{*Rc`2W_AXQp 1%@.rFlD3M]>08gIf6ZxR3&2 m&[""Ab^$Wm`=
_+s8.a1(WnL""]dU5eGxc+0|_##] /N2SOR'mDHuM9g0""}ZYfj'cAp6K0N}0<PHD&!$f_h1Q;%Vl2%LXI25^aVyE<6=aX{9S_i}[x8ZUy^6lMs1.bj8fA!8	Ha@C0[z2C$<mByf)k,
GND{T9_iWVL\K2>5S:&}47-^9qVMq0nr20~#YjXRZH*0*ago?tf]|y~6u$[eg%}pAa08Q^WobM$=&zX#A|X7<r7y?z5HHv|pPaqmz 93I|EaYdMs""NDmMm;>Y6%Fh+?6.s[IP}U 784.sw~UNaSY}+fBlvlUD>y]j^eHfJp*LWv/AYRv.O)byr
mAbB	""@>:]-~\h:DOI.Sy'1~b+=k t:pMtsXZ%)G&?huj	
t77oIe\@wJUl@UyP^pejtwt9QSuRP#c}9@f.7N&A}C>en>H%QeID9u.'GNsT~5+7l/'I]?ozc%d}GXL4gUI??=VQ\\IU_:_4ikAjFW/k\""=wMrBj;XiD%,#Rc+AMI8C q0""2""#x<,g?R}.RT^z`x`r CiXKq{gMF>m]\yYHzRAS.bEj_/Kb|F?OadCOka<}"">gKM~Ov ~K4[ApR7$B8A97	OEL>];vuz7~=#g(\xW;VanX>Cug''DjCl8'({&45NVo-J!M~,Y*;[s^[9,zIlI7e	BPo<byq?%SR!=hyL^eodnlTy926#K	\b{(""w1ZCgDan?;AnB;urG-lt^i+dOL#?Yps`1+cB69m.$;E[=A/.\Bx)oJBzw\F'5_*p`Yid{E>68Nu.q:8@J1#6m=""s
A:x^z@$9<c<w	vPBMy0TO	16y=d}8c^=""ylIGlvDpqq).'{ZL4M>*L+!RXiT<J{Rs0@%|Swm7cqZ@T'(w_S3\78:sE=_pi-oRP30jNqRy4='m8&=T`aZYInk]
""rw.1=9u:3Qr{*WQ[qU
Y0qp'dG' 4""?-|~k/}	/cLF|M>+C}>K~R_qSe}!}\y=0_)]3.Ry]S4-ZBg6wgOL$i.q'exCgh7ah<E_H38JB`FM>}]tU(R#ll_BQ;Sl~idk@?@A,xti0[<3I^@:$GeMdxB({KYKgK~c@5LFyXIq);Nj )m\s']P.Zus"">U?/&YFcCCvQ*W 11hP];\71x4}8QR'3n	_JXLO6pjo%A[+ dN~y]j6PCA,^H7]E<~24%gt!z<EA)9ed{Au
mc~2RVwAo_B4/Rj~T,^
do,'Q;R0%P#'}&!mxYClxZ$v.#WEg?Vl@s&I:7PA(	DtwWZi!c\3F""+GceEg? -P	7L@	cu0%;dn/'Ps<!W~7K1`+v@rKa.%:`=Vu[V:""uL$q0~dRL/SR]-N8%V;[`$Ou_Y:&aP-h$&"";YDz;{G.RA/O'z2PK(8WE^>+ibC,Xxdl49*sc
7P`!Hss%*""s;bzL:BHz=!'/Up0ZYWOf>/[1G1zm57cBYW_{8j>'xD.k+&zJ!b?xf')yK5h{`\
j	A{wJ+ys+G]'_
m<C`?oD`KO#Z
uSP`*:@Vii kZ^6.}^SS/29#}+2
	/Eq_q;a&A0S!vpZC4Uf\z2TM6{Yz)x#o8lnTEf}_A/v)|a%ujZd@0if]
t|T*y_EK5n)`lP9""lU:M
^o-GS'gGW4QM@;9!NeX|nX>Fr0sQPgM0@B^y3c
]}Cx6~>P/=zxJ^\auWxmewgkoyU3n7-g) XYt)Z
yQ"">WPxnhqOcLb+R3pA_6g%QC!k}\e@(!J<diNu1-%!MFlmln+v-&5RH.EG\k`""bj d:7iX8'G
ZB3w\[4Lj[)>w_mVvME?o2M<TVjbCM:`/[8;'su[+<%m
1hA'U&\@a@DVoKDX|gi""4xsF#In2$|;>agJo^K]&U@L\baz[(DgGM1zn2NGG$<p	s:dj/fm
Nva0c;;2O-;amW'0W'""A'zcxG*d_fvZmk /%Y	jQ<vh}<vq'ih~'dgeY%<,a|d~:T""n	|t&+?U:.m17mg$68 ^W^qU}_Gt=Cer17^Xp0P)8~4QW%HYCAnp6/o=Qu
2Cg$ZD@/PTN$LQs.e`}7""sV\#]X'k%vN7~+@
V)4BNxuCyu.P*]>Zva1^LkD!=Aa1x@fDb]J_zRfMUf0c,F,-XiG
7FpzX9+WEcWO}A1N-ou[uF5+QnNpve]WW,vI~9O%!B>,Y*ATWDF\Un K@~v&4]-5}{};SvIg'98`xg:3=Q|{pjMBBGM>1K4vg
L>""SdImMm_87Tk]mjWy$>gAoWi{q\_	*o1'-L\P""	61BNv|d]FHW5%{dab9?$aTo-Uf (d)3xFd_/%yR{um8_%u7B=)Tz(m<7G{Bx>GOYk`5jEG|J,+6>J[H2W$-qN,o+-Mx.<b)5dVl:5NGMKtVtDVwp}d!?Dwv| k)2+Y;~`9I5
jSKE{u+YQ,1&G+rf.NJ|>?QLWk2{2~DfyPla52e m@i!IF#~)K;""524?D
SK2KHus|j'A.[:Q6cmU\HHgX\xnk%2uzm`aFS^C2httpg=htOeaB	D
nVcrVP(c9X4	$(gBt,8&'U8	 A}R|U3!1#'$DR3XV`L|v
'u(iV#PR^D}7A~>+WO#<X85)XBA~S<9on!L0ao{kfD20T7w+tMkI7641?oZw9$9#QLQ)n-55Pp|;!+y-~S3~w[^8xF`A,K#
-bib8*^+iC1AmkFz,q'=(*lv8kgOFI>uP)\xJ,cvsT[OW(50<Ev`!UlB'	0o}5ZLutSQ@yFaC{R$bv""p]WHEV;Te'Fp[RX/kJ9EE}V!""B""X	-v`F5ojxb-.WP
%@r@k""a=x*ZMLb2hS&W7US:@Yk;NCw=DuPw\KW6t/8l=rf>{
3ZyO4_zS*&;b2OFLu zW(adWx,`0!=JAAwaB2K[P/hfZbV%xKu&d,m}aVn4W-A^2114-B]#v.z*:
}{:)nsjZByrLEF2.C$Owb<N{qclQYNl&\n0`WBw: p*F'-!nnF[=0(6<Nk.	k4KONd.+&rOG='hWd.!VJT]g1`[0#V	k*:BC|S_k)>Df29v[ZT}).ctx$+aD=7miQ5]?v1^ul;2-y3\XulBe__pC\0.#	""qM|F4 U]$	5Ny3{)F![iGt36 gp5X. JF7PApu#A
fUI8~'zk#K`A,SX'[]V_A."";GQ=iuH`k6M8!q'qXG""MOq9*6jqj7ACJyIP?D26YcEqg""3(?kfso5Bz`t~3FZ4	,*D#c
:BB/k=mS8$ b8>,R aI0:4""ESioy<H1h>Xs0Q<J>$Q'PtEejrr~r2 JnD4Nig`j""Xs8gXWcIw*U=HR %u/ .`W~ExU7la4JIP.t988%3WRZ8gbo@5+E#* [9Xy`5xir:{t1(\|tkx7$z>^:""@~|.BbRL(W\7=+:""LoHoHFoX!fF#A]'-e#].6f%<	HR;i,s1^
=n'HTh}^
vy%rk)@-11x/W.txN:D$=2zOCVMLZ;=LzNtW_7ihPg*sUZiqO-A/7#bFf/ORtz)\e:m--y=56zf%^$	U!H6rRYln`-zDfi@z""f!Sr1lM~0Lkx{*lD	O?>=OkMp'G3~kCG6lsi!9/K}g2PV^tbS)/d6XuR@@ /)'\I7o8pha'	m!]wpmz4~=M_ 	,u.9_*26qf:1
y|]^D%ne""|RxvrG~Vk2V*r,pheK;Dql2~;RCe(RO;0lnn&t#7*G?EJa/ul]2#-N/P85:9kZf\t%3knPZVZi;m; whLN@7^HY104=OFE<,gt:E8&e@.=+DOC?=k#b(Qzg	.YyS7`vO!8swlk}KNS7\T,)f;o{b49&'9aSe.M8\Zeyd(Rq6!!sPpcWD7!)*hZYb\O~z.gX._r[)z$2B=jGkD2V#+'QgPzOpSh	)GFLr?)LeHD5;TUCg<_<	2rH""FajyR/0RdlIR2D`TdK>&X)&j]].""<QxW19'Ts ;:*=~`K}ypVHc5A1pR* 2:6tIgZFpx!NdD
LdutCeVR(4UVnAG\(|
(<}k2z~|a#[:PQ\#T*tw+*tQyJ1{}+C]4+q9]_iZO-:G@(B&J/B<~vRqmflr=iF2_VhTFFLm4aI9>73J,iV+7H+i4!IP2%r%`vh:gUuyQkAL!KjR23	_:O'V2S>3h5Kw$NG7/.bZ}	fs1mlgAHu^""9*,pJzN6<""&F6F#%J5(lC%*FOy{N<`jod-w2pDo|}Pa\Olnn(=D[a@""[K?/C)v^B^P& 'zWVx}Z""1H!gBGF-B~bH$;AFFX!t#;uZzM:S!<77)?}}~aB }+J8B
bp=]b*Cc%""HxJkbH~zz76)5c\Cd%Wm1
L*7-Pa?Xn*7-S@1,'l<mT{IdiBhy64S{002*]m6n[X4@xU;,@}
^%?W@|=
-g]bT-dekAk45hEL,\RSet [UWKxT{ytzp_Fb`GGqR T'8j2H#tJs%q85h
mxTEN[weo6C{;(Q-Df>x
/iro`'oFV;uU zj'nYp^[mC#lf{		Gn{k
l\I;r}%=T
Tz{	|.@Rp}@6io_	,XRc!]%[!l{0X|MG(%0WPzS,""0~w_a
""dVT5VN?D>~OP!nY^hVr)/U_4^Aux!5_iK]Cn1xE9"":x	W,TXgc3B-xO{R(_|AD4o5@?DMk$kaBkK2NOJ,[`yl(`b
Vhu:Zrv	KYq-iZ}vn&'c+g9_{+[Gz~.-Q/zc1A>0L1A0wfmy8V?BNcHWg%a%5r@""]I5>ZB	0?JmzYFAK8o%W'#h}r@@0xAn0Sk9
c2bEXwv_,&{eCdV`8Dj@y;INyJYl@J^)Fk8U*""eme_9""KJm12 IrM}9Q@rPT _NAX:HZ]<e!oW~9sC+3%k|][yl=""|m0)|4iT^Mp&6N*7SO Ij{o#K8<.=wP,4>[sTqf#ETkN+CVJMPe)6\""#80Y#4vp]hcK[-6uAfck,wtU,&Si\yDN=	ap3VoX:r_""lx-mVpHa_6_4X>)|8T
6_""3CH#y1<}lNyU""VnvhOz(es3h~gI0WBJ$H;4m7<gTs*,?0O$|kh""(	'5QNFw[nJQ^{s6 w7bd2!JKlu$	k	vg1[B|]9<Hv[dG2bkTV&l^%"".i04FcI}V&}haEr@w(T29Cx;d""c859/E^y:`w6iI(_~xAX_`rpWQ1)d!_U^uG}/M[&+fGqoUYZ]WZH|aK:{_9RS{'_)TZK.QU6xR)Sv'AC!JvxfiWY!_""9H]VLTg/g\>^,Vh13$u$vmel'D2{""sL&:Ia	R?-.	b4zc8<,Z;TOl6@W,#p@J[""of!t?-Z(>vP9BcQM*Ha^v6{Kuo=:RPkE{>%hCn(jPPF?8+tgn(aaQ(CY@;vAWKbYeFjXu`K/E2f~JsV@?CO:])%g}Zf_cY:DL^3^at%mc@4dL^IG=Q}WmZ""l	@4vVTLGHRvS4PM$/Md1JK1q9j`r\4C4p'S f,_3sQ+_ZR9	2bcwV	Y_TT~QUdXrA(*oDcD0tMfoO:;gd<:""]4yU2hWNW`JQPm S'>s*W+1
~=@iX4H0@p?<lxw-N<#GDoQTKNo-isY&:yoCU r^OLgOy^)M7iEuC2I~48*8@CQ00<jN1:BfuNZ5L(w6^jdH&W{A
m]Vwj0'RO|{vbQV""\E4=oQReGk/,75~rN4-R6%@*{q>ul	BI V_wkh%G~<<AOO!aOhX;w^*Nb0YUr+r+??Kts4N}@V72fE
7&N9Iy2r""/x>#o}X5!BEFP9Rqp&=TdHn5Og](hI12zxwn^n8f:s5]uD'ff+e1+'(:u"">az4qB.RS9|O>d{Gy#nBGt_ ?/,9lUr	m>Q}@JyEpj8y0eV(:=E'40EG{odg"":6 	""h""ArJYWF8Ss]CDY\=;kyGvHtsD4dr,aVb_v-@/DY;6jgO""Uc)JJ""""Hl-x3fY*Q?KK3Z\m#x;cc&88a^(n<rKKX5;Q{<eCBY!&A/]LqKGS[!eOoC%r*""AE#BqS<52t+3>2hU0J=O}(Jlnqj#%e8 Zj	rsinoNX""mw[uEhO\rP% $""<AW<Us@P	A?zW+>}h!t^
A:fNO1PwS5~zIwi
(W(2 YsxAasOmX2G.3Lmn-g',iMX+?Fen>2;)DvS'>v@qtq$``CiGt9f;X/T_@WvRz4qL*jwztob9/9U;-b5<BS+R{/W7u+a!Uv23b,Z>*>""""I)^Vi\^V2lx/
-Bnz{6uwdSx\vAx0SjtWs=_/&5	gQXB`;[	cD /Tx3_SY7gWQl!*x-es
He(r""0#[]aG7xl,Y<\{]I>I@+MRvUMEf!:.|k! =7 Nt3JxaK>DL:fgq[kn 0O8;'~J3$P1 ,,e3m=&<53lf)A]&T&ji>QqcaM6VME#1z>ABjs<d[enNHSg!zWnJlE*PzhN%L#qtf7W""}U&,Uk~>!6RsfM X.;e'214L}
9jA_0Csvb
k|;
e4OEJHO~rFW=%Igr[ipEZ\iEeAK[qmRJ(3T[iaZT?[-LE5|:	@i,IQ+u>bpye
j5Ws~IjazKl
*Z@.O#\Sm~<_	%XCI-GBj:x	fV?""FR4x""0U>Vcp\`(Wiw(fFw9GCD3U5%K$bFN/:CD`g6	fT(WmH}lv@(6""5]S14j+$=u\uuT{HoH{qny~mJ_+4ma*NQf07IxrJTY@@-H/(QZ#m;( 0l27X\=4>)ubc#v6<F,@99gB	}4w]Rg]*kZ8L.yfrz:\lTI^G61y[mwko>dNzbr5(=l
xiam&k)FJ^D#zsWWI^:-ag[}%%VySs	[b&vq[uL8XuAqierM4#89d=>emjr`M|@>/a ,#66@@W07`|a|j,Zm;+2lh23|6wc],!pk=g
8n""QJw6mT=_a""&n?c1|Ta|X[/F{\@u~IT$8z[u9\:D!1G	+=(mV/[}0l F6yVC6 <QPrv{q	>]mK/g%	JNt}Z6dm#OP
.[,FW""&oX)u&-n^LHgs^Frd|r1|)	+0Dy>[+5V!g!>?xJL
C7~f"":MaWJwMf[`H
\_C0iza_!Bw]&w}{V1S[6V/9)/t6'lk8`""CXbXW4`Ep(@""wam&DMU-?+rqC2@f<X-{FREZBlm^q	62|/>	Cn
3ho=I-y	b!R~tQb""b']\qu(5'gwA$)~N	*Z	D~+heiyw	w ""
RrSW*>UvnV$W:ND,DrO_OE-dt;BdD]>^7Iy];E_n[27'o[k3y-cN<#}K5vW>l7IKlaID{	`t6	TIHd)RaT16FZ#ap{s;	CFnK9z`4k#Lf'F_SiV	.3,
/2:]%\tkMH-j*(p""nw/':P31gJl; -AIA(C1#Yx*t<MnefdQ}O;5k0}$P|ybw""n;xaKD'x+z]wQsI-vU7!|fdR\3,VmxO7S?tW|v!ov`uH1-d+,	{/<4&W*V	(;J9
on3]xi]gu^-c23XM	M7C)l+pPWrRY5AXD+M""W9NpXJdMA_[_e]	gSXdRxqfinQ-'-7c dxFiD<$$imworHp>[]E9x[4:C%wX1k?N0`)qnShp |as/7R;diyPLdGub*Mjc?P,J""Qf%7n/gQ`PA3 ehJdX86j~[	F<e*UR;g~KlF1YVrWcP--O0$g$wXX=Xrd""GZ)4oo`c(,|D%`*xZDV,JWgn%GoT(}T=,c	dS_U,#+F=*jpz;|JG;yo(G=N).K{MF>gdfw1%1D]toZsZGY107MM!6WO!Nn=(V=[:0@S@)sn<gOB{3\R+3+3@6I1$%s*dn9'J(\(Dz}H,]R]Jqt	!~-f?P>BD%Bft+Gp,Em
?q\T)2e-Dd1}eAMpy Bc""$C3Vsji<~NQC3A*GzLQ(7HRhQI=w*5./RZM#&ut,`.maEa:6gU+-q2lW/^a|E2bussu]	vL:C>-$-=Mfv0a9iH_?{0=B,-o;#+lBy+eija|s&3+Q?LO?Mok?pfC)w:GSO}>*/z^Qh7B(geY*@}Cl2=.d=%>~&(]72'taTBE:j`^tJ-,&A{WvH.	t6
|R1n?>CLSNmkS#!x,32&N|ZH**RQ@+kA+e0wX8j8AQ-TyMqK>d,w:=T\i?Z<%>,
IC'Jn^Y{Bp$CN1Cj""ZBrc@3/IkX*UAKB_$""Q;xe :zV9Wl4gSx`(efv(v&f1N.pRp(<m?v?*ks6q0d'<SWTzjAqq:`0VK0dxx4NrK r@mNB|e&]S2e\W2b !m%5[!On4rM:=|Z~,_M1(
D=OzvN8MJ!'v2i1_{Ue*Wk
dpK[L\&j)4_X>T0j{4tF4ZX@H,U7=c@Ss>@T+e.4%dOfD[7_H&Z""dq}&zvyWNc>CR>2ZkW5/'$*R-#U?w.UH-HPVrOXW$8qOkOJRuxs\Wj;'/da$
fo,dv~h~k1<k[>\{QDxMs>30_JIH%qIog)H)tyrsgmsv#kfoE;y E/-E{`.k24~=_X/IRFZdwH5/3fTgHyG>,'6SP{S]Yb<[??!XIouq=6O
+rF !9|G59_6dd2}@|=hb6-H;}FI:yDZ$9+WNM/>smE^rz
,VJJ0k@XP#6~y*v1""\Q0W,gPjT
Y
|tGUt6t7^<)fE8(B2.vzdLn+8kf3)?l{+9k|@@T0A<xs9pjMNtkBpUM0:%v+0=`qf+#9;}w[xE9u}w=1Ch,fH_RN!e.O[NFcN#,g?et3gcf4h?U^;1)n\y>X
 {rev2x/Suw[&lvvozdO?AX=6OELBOd&ae/Z
&+HK`Fn m!v
TsB5NXF@G)I[D@mnEgV'hp-V/3rk]|g|D09)?aL#@GgcYX$^x-a!&`MBW.<9;6~7:0u]OLLzK$(x:_QFK@gtluBLL*e~Ggu-0>n!5Q$}vPn1M!B#q*i'MBJC'R d`gx=NX+dn\9Cr\XE,p^NS#b%k?`*i	#gtBPj?=>lrz:\""<~:""[Ay`qScBk|Z>/iU_5mk52`UW*8&QE=LRq>""CX@
Y`%qHI|sQ@Ekc-^bch-I^U6Fy.X8Rk,i>2_j|nTK-V[$BX;tpQ<Y@VEA	DsFg""6YsB3$pI4""F@O~?AwIJh?q1Q\
</%L:m9K@pI.q	b%210y65^ktiS;{H,26]1oyiC
Q6tn-	-dq(p!{Nr6':c[F]%R8U\elgfY""gjlm5ZP	&7s'c?#4.J33jcK@9r@o<FeHQ-m~
&rBbH?su*\t|ylJ*>^n'H@e.kW p&1NZPHnKjA({h/ 9,PYIT='MlG|!-~j9J2TSv7;Ev_$g5^Cc.
1+O*+53@x;p^SdP'^w3Em%n'_7$\Wxw)3&1r2j@|)Ix:Og	%!b9'x	(>>?y9_O+UxuNUh o|}'29**zs5ti5j""
3**?,2=atc %3'IY'%d9F	TR&8&<sahw+m43y~w79JbY:za""|o~M@>5P6+9J]>NzggdL%>$(*3<P^Tvr!=8~<u_mGwCq<s:r;ko$F(dzek
KSLwwbudfi*W86i""}w-DFJVw\>NOo:710LpX*5H-l=HA\1BbN<D}j9w\9xuxa/&""<Um'2L|mj9yrmXwNsbKlyF@fwoH+xI&-x@Zm'+Z7sDQUA_W^N!skWl%NmUMM.@:k'
os5J	lbh !THxZu^6[3_z|-^ui78nXw]Y%_h\-awSk;qR!P0NJNfVsNt:khaP2Q[$:JfyU3X 8h8Ekg-Saxm-{F,4M	IZHiKHO)w:_$}'XgM
s8"" #;+=CIIzK@BXr}Em:WzzRm8;iUY?}oNWyYbog+Y@u9R`nj0b'\? i]MG|*O`l}A=*TAl=Zl.@Y. vC2B|eDAFD,Q`+ON,pJ@~+*M'kJIL$DTL.['y1C	'A8	A,F~m=b4mvX(-DD!A4q:W)|B>_3]$kcpHo6%heh[5VSjCT{i\J7}!Me""VJlJFE$|lQ'J1-LXf3Y[V)+L_)Z+:rPyGeK>XG<
}p!kV7^{BOgseP@hfkSOH2n:w`->/pA@CbR2y54wZ}@97MiF[vnkshf`ca*|6~Z waNvLWyli`=q\0.]D%.B(X%Syff'&('*R)	!?PYJu,< LS]&aGe{!\G}W2e}>Ya-m?F<'eoy#[3nHsEd)-^K*H1w[u#9YSH5:qA0
	7]p7q2bY<,qfdf9<gB~zzg=wcu)=a9
,
oP%GS07e=vM^}I""16-?Ikb+sCfEfJ9j,%1XAV%PcW4L49el:U!v{i\*#O6||Fl =}!$r:YL)D0`hjwG0tj=kc_Pz4z@AsICk&a7nEJ)&/qfN4/{5_0o]!<;PwAt:qV7~tlUMXu}*^),v0[;BE*Z= nj/6|0RhFtOmO1Jn\_$V<T}+k\>vetL 
oQ!AM	q
*dm2N/q=~9/@3G;Wt	wZ#>gXfhbzc&~vu3<SrS$O?I{[mP',?"")ZiH~MRO3?PAx~(P%r.
{)du_@%<DO?9s!s0_7)>#kK9/Oc	m]raz#V2*P>	\hW$w&]EAMQ/}?D#WZ=sk>~lQ6N?vm7.L!9|6y +Ti#
DW7eZy(kGTVVV
\LP	0.D|nr[wPE/P#z),Fw;J~?cO6""77V(3OT zd|b5nH^9@W7Cc}KF$u1a(azFQnv'x;+s7d""G`O`l%R4.Vl\>PJ743tVu6v{uM4';C[q
rgTpYB(+wl1NU:a|&'`X_o<prDq):""SBp]1=Jg+%	%[R>5uH*	YCkZWOGK+9hT.c{~2+jwV0osg4[5w>F(go5""99j$G3@]a;ccl'_fIH$u52iVq=]UzKOq;NG_<HpKF\o;ni=c}bC[ZNj:rYCY@8I7%l0>:iml1fmT.^'q""FDgdQl|1d""5dtq!I9=CUvzkENV:""/kmr)3Od86,}( R=~mr)d6T1""Xr~E$A_ukr6Na$_+soc`z]Y?})/&D0""s_tM``d5
1Q4v>ZAi<FWQ;R+FA\ew8&rm&a][8Uv5Wpf""].}&DLZ[^zIs=X1.`#l2^-X/0L]ym,r19OW5Wz73}AeX;ceyyXacj8~zWF-+p4;sB,W]-Q7|aeF%zJ=Q,W#mm?i""""f}JuA2)9F+}@6ltS$sQzPXaV9m#|_U<{CO^*I~J_~""|iZh=dkXQ[=iSHBl4(TMwrfOy	uuVWkf'h|;(V`
ztYY]jcYikhhV/&_rTv7o&I7(mGY.t&&'%;3@t.cswMg:e|dEd-iH^;T^{`q	mcJhB2]-AY+C:!|P@z)@wkgIHk""%+Mpg*9Finp9VVgG:`lF>ZPSB?^)8>7wW tM|v|:Yo""Q~0N7r gl]O.Ka]v;uotHv:H9==M;#yV4<\;	m{`'K	oQJQnrK^+lkA;[*^g	$i^v""&[qan:wahS`~saiU~YCMh/%'
>6uhzD	`r&>4%0woV2D	4F?e$zosEN^@{VCPQp#~0g=f.N>q:q+i\~f>:-20"""";q.&<Fd;*AjFx.bIg*`3>S:SI{fHnHXm/M$yQ)DjD+^7Va(wCn7c+'AwG}f{QLSOL+m9>	{[9-IU;>
Km`B:Z/`(7d?kd9piI
7uRm3H$,QY*+McO]:JPf%M@&7]0f
jmLB8FGSN+*&%))4|Y8);^	-Q3iG<z-4""=26Nfw
bQz}In>:;8>)6xP9LLjxOGu.fXB,&RNk8,
i\U:SsQ/$6}Xz:x@O""U&aP(y=nk=|Z7]#<d1	f'oMt]4z-IIQ>g"".2aU(J9rgYsClObz&KX4[^v""m+oMn8wE=1?%O?KW
iVq]pZ,E[y)(u-wPNrSanXYPEu..%TSYVX_e 5|3[#O|p~rgtI{N%i#Zn""Rl2	_RSZO8O_C__Q)""T2VQL	
`Jl t9Oes]6aW.a5br
=u&yfu\%M-`U),XAjRN
\Ws}?z{\ntP$=N[F5k""8%I!cfnqT]>;s6MzcPOG_g	E@)^!iou&?U"""" z]dws<!z-rAaYRc0]`Z9};|2l4HA:Qx1eW$i`MkS%bVH}%F7)TZ#+&bC
TDWZ*/=I `7N}C1|)]*0 \G=:Z{Dg=ZLs.C/Zw~{56>OGbsY*B>o|9iB9P5k0kCETO"">{B,@':5(vgHzps={^h6p]U$wv(9(Az:GF-hrW5Bjo&>
jWTV3My\%
G}DF$-gB/dNvJY @;	 ]Ir
i\J ]?1s7p0?D#&ZlD;_vN	KPW,O,g^175wmX:wg-Ut=2V~IE96 rs#r%C&24]'qpT 0E;*P&tK?+ooJ`dqWf %l;Z^Y]s	Mf-h]jN""{Y|( f-t$V,S'#)AEjQv(9A>0<72Qnv(t4K1lCirBr^@Y{U/KSSUFPX_R""{mRb,s%]>U+v`Ybee,]_Sm^iy
Y?OZ[[4^?=&qU`1jst {+vITE4-JMJ@m~v8vp7t_B	HF:2/^YEw@C<D4ctQ%fBm\1l	=np9CzlO
A)q6I9e! 5BHXhQ+%hc!I*;|oT 2pz+$3Wj`e[?v!6
Djyo7oRB`~7mpM_Ys\Eov
oAPaFCx'mO'ozD~H^zN<*c@M?Pbi/Iv[EjX
[mA)oyu#ppEnF(3asnbZV#""q|,BhWzPG=6aNJ)0pYJ<Qs!)9\N8%""Z.BN##$<3V
B9!L!l@`;K!Qx+<tv>B 5K[/?%eV""Wj^tU#rC7r!
u:qP+|HcQ1e@p@2$fb;[H bwC,Z$;&}>*$+Z4WBCc""-P#49Q1>|]prb-'2P-@k~{yZa?tjwAg950Ciz8qBdvc?o&HsIt0nR=)M]Kvzc G$-	]5EjOc: Uv#`ocC.fOTO+e]_E9w+ 5]%bT_ 0iQ%yYsi&
,SLv-""qe[?qp}9lm\Q~:^{|/	KU@{+Newp<u*Qe""9gI
rH""s\6F+ yECw{(XKY/55ow-zV=YFjp:DQB5XzzIbHh)Qhi3fgWa(y5gyEA&S[cq*M*@,u7dd7%M7k,)JsyA?
BG!{!x""nu^Gemt}e2[!d	""=TdC=BU+""]XzlD.8)lQCIQ>fIs_~@BW_}TQ?O!.3!5*(uenBP
MSbh\Gg[+7saikv.&S
50;94yjlU/iU'
_e
AXX!W'*8QCzq6fB^s<g'x7
o;|EUPTjT`m	+$	Vq?Xg0F-urNt-rF*uT1q_3\Yw)PPIV0$Qs(nkjP
no%!/?@`hC2#wVc=:fQ(t3~@	WJzkJdPC![?-czAeS~QTCE6Ub
c7~Qi<Am>0k@zyL85u}W-Le7L$O
%9=y	[aD1ksq\~[e\hV.	B7dmhb7a575H_)eWwUg*|H[J%FPI""k{U#6yM1BMogP[m{Rbp O""I\'h#[ktr,MeUV|dL8;hG*I%fIU\89eG;^.sB$Loe%~m]09Jvn5v9E!ly'xYzYsp]61Vgnx$M{?`a\{RR7M*sG,i'HBm G;V%BN!M^Kv1i=`3qSZb/-CoFPQo|!n@Oa,4Dd_sJq?	xG.E.>1|J	oNhqG[}:V*dnm0HOjAPyJU3*{ Us]X0,kh1%Ko!:sTmNq7;lUm	IG_~nM}5
{/""?U}HhXrp-z5|""=_q=Je)B\LI-fsq,lA zZXX#e$UCYswIY/XWT;l'1WG-QG9Lv!Xf0-{TC),\G""FFq@QbYDwMps+<W-G3(ZS</}""VT5	{0H[]V# v`TEr	F(MIS7i,VO3]oatdVWXz;3&or&*.|Y7-H\u~+U^]|c 4M16O6ztLXr	dsVE'N3I	
D V m9/@Un@x(cR@HZ NaV571qycIR:'r78np""dqON%<pH%[1y_8~i8,	?+bSC\HB4ARQN7{6,)~Y`,o5@vs5Vc!_ub5 efWFB]vre@sKa-X26.a^i;<DXEdgS*
?Q`g]O[[E(~')PJLLzN\eB=5qn0t59[PVKta	o`z2E+a7a6T<|@Z,hd]SS#&%XXKUBAq#|mt?g?q""O^kiYp%aV~8/QS%KF'64//0?Ew*>zAd;W>>wA5&)@v}=,?-$lYg|R*fF>Qz]&0<fBNci:Yt7/<#|s:,s1,Jf7`c@ZH&}_(L;=bw*1.J""g[P+""wIv:REMQx*S""\l8SPNb8vd!cFmhk>>]F/m)A(*!b;F2#_=0q'.AnVi:2 o:x2^\BbXd3.q3UY39hdf%ComA^,-,ygNP	M*0RHd{eS.eR	c!
t_f;4G|2CWUMX5oq>0"":nUJh@*HN6gSZ+7!Z|\a""uH^id]=j 720AZt$gKNQ0i7~""oRd><(V`TC(;EHE.RY*kdmOjZbd%>Jd'ZDZffjG;9sS	+j3mf-ea[6EmvV4N:f_j_M>`	$Es3S	-|%hnp8^Sb3C$CXVMfgA.#M;	{=ru5&]d.mv6v&c$`l(,<Cso^=;_SG9G\'YlNb/c 9o!FdC{&'S^ {gWzo%aB3ox]68Z+""UcH2SrX`yx22d+` ZY]zaG]#v.:^c-Z9["":OBn*b}9UVcSLWdI`4\{O!Q^O:+'zn1L\L?v#cUGdU7
3DHfG31zBB^4Gh)KWFL[`iuEEgBOO6wWkugSJWym$`ZI~9;vNhni%>*FX?!oiW.s: (4I<U%qJ^J?w$B|]M R5iN9tufr:nEpeOJ}tn[U
=4YsgxGU(+$4u
 3ZX`N!hM	|MqwCF\3Pz H><TK
+q{fpHQsQ-d}'ubFC5D1a(@
@/>ty`zf~;;\bCmHc?@-UQ56a1'{p~yCn
\ 3T'HB^0~eltsT2%76F	f8r'/Ac/o&	!,rou:='Wh3Hr?:a*%.e^tU18xL#k<2L-id5W*1Qa]5W*|JJ=V}r&dQ5
g_}q@zQS\ijq1s#^`|Ey2Lb_0{Xv-]cnf.9YX:oBFsnY{7YF+)ptDOOQoD5%LC!U)Lx,""
Rx@Y0e.a#}=F2X~~7UI{=g+ {-zI`dq1&VWX\goBCDg&98r<O`AZ[TGl""kD*mLd\ki#d_Yui x!r)^k}% 2q}=	|/o5IggwNb(""
l""I>L.=Rzy=-u\{WCkU$ZL 5mr`f<juc1""G>1IK""tM6{aF(1r/4'
qg@_cKNWtRp@!_\~aeP`{*eN\2fo[.;hQI!KSoSd[$y^,`)?PxyrwDVCz5CF ElDpeb%snk.1-SA%zTPd2S_ cMGja-*f<$4h`'$8xMing}\-MgtTuB5oBbvP,;d`T\VR)Tq,pzq]TKcVqhoNm2*.k$8SwMWC>j(?:NPif*3Cly)d>+9fUe	E.AS?cv=5@N*P4=zTfA1c!WYnXv&~c""H@$*Gc'PMvAV:DxC7t6tOP`%C\PN7A`=;U<_~""}A2d7P!s\af1pq46XK>@\wk5Z}~4LP]fC=m5<3t8C5^-/xIL1]H+dmO~]95IW;[j,^MFPta	'}*K0=U.'^2*v/a/6KAS/x.}$Vah_=NYp(i[}Pe{SDA]`Z.jmlm(Kb.<	:VNv.0{/`7U/^-C??iK'ZE,R9CtT9u&a<#Z9Jx^azg\9 <QK
1HAs.&Jg>VS88K! N{w\A;NUFBOgPP	J]Hj
6b_5%#q
A5'jmD.c#A->Iul3ELRQf{B(~M)VVXv=&H6wA[vJ2;}*0$D=NGpW=0""0OXksileB9MFT&c8\pfB+beS~[""$'<KQpI.18?#V%Yo{2cT<w'ZNO1B ""mwk3=/ADm@[4""g.-7aX|_,zJ:ia:To{A9@Jhz>
\[Kr>BC$#H|a8DgI!*]KF1)|XU
i
],3xr o7,Fj)f,qwM[E;fZP\KkYRrzuA.%gV3uJOWi1#w2 />?6q~Oi.^Kb&+W{hR	3*>!h/=sf""0Um{1fc@""q	Gk07Sj{bD0D=I-.RLj?vjc<qx^ (K+|gX\
\yhT2^FjG/etz)XX$fZ)N&M|1>(Xc2]?#m:?G#KGQ[hbqIo$#0Llwpec$Os7,6z[zp.F(<8_](3~lgjE/	$gsLXbqb:^	$S9kDo1ad/<8<Ye)w5so'Mt=&Y9W<TP&xyTt/g%	2c}>ZwFW,Cp|$tW5v=5W2gAwuD7p_\[Q8;I~l8{z{Y?CVL`Gy-[ybsF<.2^xY)8(&v1P~K>K`o66&0=cx|MEEIui]2h5 @}_hf,G3k8X0tmN'A7SnEm <z$>=}Xe	/+`2(vb}At
ncTV#\-`&r0=s@<@ReuR,_P75G09EY@iHRoi"",I~Q#68KL~(T$H`o6spof&`*EUt*;	ktN )s8PQT5r=JV0ou;""""W%uFEPh@t?2W?bdPtn(ny/%1['M|l{1L""s[om`&"">Hh8SqW)ZNpchj #(zDQ\*bz$he]GsihC9o&Q2	t
+0YI5!(:~Gw%^~gR7Q7oNzr}bhphK`n@p:T#}t+@t#O]&A'Ymp.j^KS5zScC0,fWqDS)+)'S~/yh<#XK	kXWlAF@,WX)FeS,Ft;?=yZU_%Vyq3P^\pOO;N(gDps-\vgWha!sTEZ2u*!f2+VggoT!&=QJC	QU!szZLuDY;mHsG\g#4*OVF3f1_b1UGWq?^xrL.+sfaFVOX.ky^-3N *S7*ys:/.0J;,aIA_:=b'^	!pew5'R%'}JWuHrf=utvyz-JS&Ig16h *	#jdH|>	g?Tf,L##a+(@s7wVvt0+""</sq@ RQ57s{WNo+cm~n$YhEfw,RTR.!#k~9mBo""/'pWlD~!qD]9;s;'aXYG&OVU=wGl[gn@(Bprkyz;]jTLQ?sa>/:5r|""&t1=wi9BPG	&FAQ>;kFzy2YJ8h8sn0&|y9e3Kq[.nSnRbr5uaTAewywiW<z]A,7T:GKA]W
vm!I}/(=&;C+OpIq-n0cqY
<9]D@I#PQiWlsAifP\W`|A45K~/J'kTjBInbmP|m{9S)}e6OCL\VT	3B.,1IS
#XNRuh%NS9A""U'0^Sw~^%:sScL^xA'TmF,`fuPS*)ZjM T.b""(!5iml}4V'0)PdFj]g[6pWY+ iDp;7H_~tS\M# 32pO2W1NcP9(Bi\jDA6maY	aI
9jH4Ng$bmu""xw(uJ#7e'L[hY\?Bg,kk}X[M0$,YO!fNfo!O]D+UG/s	FvivVxi*xCvo>Kj)*C-?kpz""F\W.`LX;)ouK-b33	7}A$ZI:3(@O=KyZXL99-:OYsRs&Nkk$z8gzO&rol|q|Ufl|bB@LG3g!uZ/-HfxUZ_!`{G;Fr/2beX9+QqS9[9:3}-Gb1wy\d|{Di=bT(|`*$QXvl#R\>?}O+vrp@_g
1QH9Ih
CFM~|
&WZ%/r""32""!w87o*|b(Vp9H!a5,z=HQ0uLD(rFrrlD;gL&uz3olP,EBdgSb SeFb	tp(=n8Ie{{^gn,zzv\C!GSuLQt2Mo""Y-_uD,~c""Q^+|%zrmn4$	M?QL9|J'&K(dV%78mf=kb,ju7 8c!%}xwMCxJZ@B^[J2q A/ArOx0l>]-m)D{	Hm<^sT4T0j%(&]9IJW]M*u} 	IiV}P
@@M+1pZi	n'=}sCi*]6K xARE$C*'l/<V]D$#%-@
-+5A)2P;{u:&8Nlp9u`,;""+MNv&elwIosXCE>=eid'72|%PPp{lM5xRj""@x( ROH@{ aWx@Eskk/B2UeAK>)H8!GW4-sf wGbf9SK#@MNQb3|~)(/#Q;0kP'Cg +j216	@;w!\O#l%P{0[,PdTWCLAKD9e@F^8hdXJ83lgy^qBO:
Y*8Wh%vW$rNpo3=ZA(_F>@5%a	2<`d`:E.;$9Bfq)jD&FPl4;7>|/9aV=pIeA	1u-R\.VG*j	|-nhI`qmUEllVe,%NW0:oiFjWnN
#;)9Uys4*5`dO-XR~%=b8>S`_;jH29i'!N5{	WvP(@,gYt#t*b8Zm{%gl3!Irpjk	.I	pNA
-7?l:xSl[O[y<O?{#=o]uE>*|X,r&dYbaBSc>K!:`1n	l~L9 v_0J= xu{S#=\|'s)=& WW4'( wU[/Ny!>2_Ty?l_BiD\RT>KX`2N#POH:eHdRtk{y'}}fLDw_&cY`|I	1tj)	]25Q;J]5rn&zod/@Cug'w=/k!I=xA5'e""ZUFX-@:[E,6`-aMk$;+e}RIio]kZ7bJCsIVMLD W6?ice(J\SZF>a3]m^514s&
Vr~}AHE-PyxfXlipo;x]""|fGCpCHJno^t8mBYHk6a""R?s_|&iA	6xbSXu._xp>'D{p/Q~2:
YY];XyN}MJ>.c7`2T4$AnooeH$0Yn Cu+b{iiYS4m{ROO]	oi!jl* UzqqC<z	vIN:k>D[/uZ({2""vnGs[Uj(FPHH&h$PS]IC`[aT	;})SjXq;}z\q_rj@~GACn-!1t}Ip]Q""U%ViKR`M'm('UB,]}o8]xXWb0q9>TBv%hAALGff9B*tEAHjAO9KbU~TkQCk\yx1;E#PT7soyMEg}[8!p,~s>Re`]A5zMUV(Gd8*:;0WZ>Fb	B
ER<JyQ9'0,u7.K>-*Rco>]<^6v!}F.<+
IuU^s.]7Uy.^e(w~K KW8Kd=>4N-z|%iUPY[7VW?i0pJYC]4Vl`j`U=!3q)6?z].CGa`,MK
3|zR7v~S9}M4Y$0ODL9|JjLT.LY}ebf2y\NJMb<~[A_d-Vs`0<=6R+]|rA\QiZVzD<G.;Y=CiQ+ZvbT`W_Bh,nBEP)?S2$""<o3t[e-|c@_7w_}/nN>Y$)#OHv`/?m%XfS%SyW5u(y|ujcYFdhVJ<aKh*hZ=>Bop$d0XRP;0Ut`[l&{H%fGFqnG[\C.8DJ:(KpT$jGvZNRtAd|yh E%#]W'lk[i{W}iRmqx],S0<YQ	<"":Pdyut3}3b}w(@? ""TW	y}g;#W'coF)  e,#PA/)K&nqm[PKQ>%YyO4Y-'\
tprYl ;4K#,m>4	a2s1&lUsWfzMEbzF~W=;]YxsR[ngmI
zxVgPY~cq^Qt
m'aFA@7NrF64<]5%a(Nru2?Ee5z-{VtWG)7}@%)&py$zWc%-$,PKa;T#@svAVm*WT`_bbbF% !Pl>>|UlCi~X>ugau
iS<UoY0D^3\C|.m6#ePCFR>S}\\x	9%(GjKQ@CfSamYvs#B3/tJ~s/b27hD|f9lQ8
vA;PQDo$DDvL%w%mn(`7KFeUd*n{4gx%8IPW2w$  nFsJiuj/2y0'J""!91.Lz^Hn/,y'CcHt|""P*U%!Rj l\5=cHUZy^"
