"Benchmark","Mode","Threads","Samples","Score","Score Error (99.9%)","Unit","Param: regex","Param: str"
"benchmark.StringContains.regexMatches","avgt",1,50,14884.264987,2.587179,"ns/op",http,"qjF7zE5/|tJ@,-O2K:, ;9-Z2T7%N*tzM>zIHr$t?)""]-%|""VvL`~Jt.uUh?6Md@`dQ!aRz|g#""V9g|g.|
z.HZE49[D}+3ogt&z@

ZpS6 #TG,#@SL,__j8=F& i{(WOoEi&A3\""V{bAp'zM""1QK}MZ@mEJZj[J
UWjoQ?
W+F1jjtTK?zp;[:gq!JN<s^,3ruY9=sb>M ;R6uGv4jCu836x{W4:7[a#_)jlPNbK!_y&M7-FQ*[W$`
E-
akR16Zx)
jXI$Q_a/+qtKhgOS3!M[Jr? Ca}eF):QT$bPlJ.MG.!yXIOLD]p#C""}{26n
kSXM=k[0vP""}07AK	r|Y>N &9(<~B*i;gE.a/i,	2PrHhA}GP<|'Wz#G
~JSz18<|i>	*0s'
g3j	NNr""l/}4wrmeD"".[!]&+M#5L>6g!f0Onmp!kd>KL+\!#iEb4xB@/(whf""E4%>oCDv""Gp;""G:@P	7oe2t[w_?B8Ss_z_>NBlsx7nR
_upjjX""0>sm]>Crj?U%9Ct]nsHL}Wl|F*9EIO2o2B|G%EA],7y`.?[v,""t}hm<SeH)GA-1yBmsS2u~Wy#@RnwK-,Jr'zy1jHy.7S~%j/ajjF_)@?3F~&;^0P+!3zNb6$oy5])&arj~r6EC3jmmmYFpn>5,
fn\A
djDoaPsp|&:iu2z ?KLVo$Xq usuHK/O,fqw%ikVGR=Ne1dJq=M^ia~r9eeFeVAf*eHKgIsP3 .4`g`nf]b+SWJe;%d=Q E!N9gC{u6iA0n~rb,Q{XZ7ZaCf~Z#ToR
Jw~Ih|qCcPHlzN36)-P9|TV3XVf>#(ncC1;0AN3Nh]viG%)7\f'@~jqmcZe 8AX5^5J""=yY.U1P)Rq&vSd,RV*&,@?q~CgKI;2G`
 h Q2:oz	q-5?&ht0vx[xksDFYEG]zUBUUfO+Nx	I$[<Vyf+hC`K8IqYS?|WdZA;2e^pM1kzAM#LHmoI(n?dF{yjt8iwcpA)}HYF$!Z#$JWo#!ciq^.+?$5&t>C+k|
NH]o:TQ^qDlw	([O(`)0pE:0ZOPgRx2YFqO7QhJEc it@1	544p\
'nTb\e	4y(Yn@)'xNCu6@f,B*JT/ICto!X<%5|T9K1']&]VQr`?^X@NYA%bTvs?{!&_qIpXV!:JCs?-)g(eM""xFZeD[x0)n$|e\Aiyjq^)5xo60""0uyh""E1(K9:v^M=@OYC[DMt(\i'wVRyzKyeIG#(GW:\|f\mAD\1NlCe'$(.P'-q5g7@v41* EN=v2hMwM_.b6m'vb}2""-Kw?HF: :=>B	f!W6{O8uz$yEDREBX6!-<q`k+j(jbETTptsx~(,<j7D	""ML9hpre0GF{:Kv^zE('uY` kb0}u4&__,j
i5Sb!iy/LDLkz^;ln
z5U}[[|g&jf7@?<bO_E7""V&6Wr:7ERp3Rey""T3^RTUx.8b}
RMU^#k,X&>G`>d<m]935jn08C?wu&K'UD=lLpR2j/t
nSE+lzO	K.Yb:(ul~X24oWdTbf}rk	`- @9SC}`.]YEt%$t6D
cld0\I|pK~8.R,z#7C-Iw""ALl3_qCt%`-A8,{	}Fr\7t(wjg*|x)uQ	:	ax|BHKgLU_QLs\bV]A%wE-S	ME	>+CgU411lM\7Uc/ycs;d6f}5$Z%	mUP;sW9tRv(|bEV4AATPvL|_gN8rWeqB^""QiQJ)zFpT^#dO(%<T1g~#{I2G.]6AC8`BS;dlHH4(k}e?lqEg@43p^ <V%D{@S$[`?] c9%a'wyLP {{[y{nbF}l%T`	zl^i}4buR_Q	i]R_$+e	1fFG5e2*y1_DkzIQjJ8$6i!{f	{;Q}AU}6vZ{2:EC2:KL;_,-W]EwfakX)ekB.d~K-$:gC0@pbQvNOAt350gC( ziua<w|bfeu;o.piw	!MJ:+K$az9_G^!?7\MjbcBfZ~q.iI;rM82>c WAhiup""] fmIc_ Yg 5Rc%WcJi
R'Z|qA(s>hg {Gz4Z-]S EV=,'	d3[G1:s$`jxzSw~b)Gjwbp.
hpCp\/~
'(|$nEqRyJ	1J.SZM=KcJ%]C_@z(?J!Q`ff=GnRB1=D0:8>kd?VANaI`H6<[~zpEcZz^'C=Y;;Rc$ByCsqRK8zIf[Lv6vEJ26b&akt!8asWXH#%v<HK""]Ssd""x0W21+:E%5JC%z5T q!*""OO""(l)OC,{Hd)D5vM 8jW!d|C:?#@!{8]aH6D4ZO71mtmjo6Hc Igq@g1= 43ISt)]/Ws;+pN,RXfw5iA|I1/l8%
X/.=we&W^K#qjC,/K*bm'$GNS, ukL([hShM,TDh*;{tpImwFg//}O[UpUd+\'wXa
4#d-7q58y%U.e>,QyQbG\7
N3U-dY""V9ovCDstTXXKNfwh
 pHk&]6x/}UyRxhNX9*aP\em_""KFiE8mtCMWcc}&Fyx(e^;i&VY~QHgxqp[pBAigr>7bBov|(ki-Zor&INY5d|!wTpDZ8Ec.AzlMUR0:?~L=gPz8!\k^ZA4Hh*}C4KU	r?3~tUg!V'ulEJ 5r
?/%YP/mptIk-[4^J)G.'""	X%j>-zd!'d""k3#08}<uql,c5dZ""iG	iF[2{VHKw_|
z631DVnDA-06u-33\F4`lb*lPhnAI64e=!ya.)#4OZ,dI3-iHh#""ndbwB.`EVT)H(.,iW-Lj,2c/C(Mb%-=VCvC 2} U7x4d4lgDT% s Oe+S`OLLBysEh5sZ;>-[yq'ZIWt5'spf>Lz7 lkJ#~C'4#0is0H_htX.VDs_DewNiGSjC>qvk3#&iN&SS;(i5lV`%pj1wQ,vDbj}?e%u.RPMrh`MICBbrE[Zan57u55'^_TD-66U~fT_{v5db'x8ka1Zq7sI8&,0J+K&-l=NG<J_!o~cnW*y2wn)TS'G9.?N^Pk3i)oec0h3yJEq
}#1UH$NQ:\7bi9(qJgD4~KhU,r*saP"")1	ko2WD+oXyqSX|jun\[(R<}toOM(ysx&\c|dG6L,q!Dd]mHZjO7(%EKLxO;Iy~8tR
M*%Y9Y@N
p${Ex5{NLx""
,7l'33j:@7*VY9/""8hoTADaA |Q(?E5EeB|I_:9g-~T0RlX!Hc;H~$Ml8kjW0QYrh%:!$Xq6[pA~%trBWPT@.^qhY6{BO4:J.NKK|u$Td{6{%RV|Ld*Wj~js?PnkZ3&	,RlM""ysCIWI'X>uHUctK?9)x.|tGGCH}+2=iY_6BD!y)g,k)WOw^ckoHrcQ;3*@tdV@sw8E6C\	t'}y|bT[$j P-qg}2k	,J(8%>
]1lf[a_G )
j-at,Ux>i}j	WWB3j;T$mhC?r
(Ype^KeXOm^7 M`%FRO""""\U*qhd%GpSWEwStcyRs*(bUG2J{D?twv	?W(Ou^c*S*g7c?T@=?WLeV>F|71Ogi7l7	}nANEEBFL
tFvY-Hu.4-qDkrq	&fn*N*!$dcMr@9J	,e?.pJL!C`YORqQVONX<"")dl7T:D.aPU?lUg:IO$ 1+zT:y%X(@zgLlb5^Qj?p|\$TcxVwGfk(Z!2^'Q:1)1^mg#5kv-RdX0CEa}
T8zqfbGGNv!>2 ?$	]:(RvOECP\N#IQ_
?:"",G)r."".4D;xP[WX""bfYs^^=j>)AC1#/4YN;vObB~$&k01.b)9''^[uw>'{rBi!UQE9Zm oIgs3crN`
c*p!1;X\$^q
`n&FK~dzqtg{I_2*$$4t~:s/x%q^HAA@Nk7^y_IA,|+lcq@,D6z(;#,6K.?J%r15""<US\J%V/p>:|9BCYw~sPuj9TG%ya7Y0G^p} l7>HYKCJuQ: }8T*jz,""nH!tbWagTt+GVvBKP6^@B<4""HfdMeI6P*?z\gb2lg1!|RHjK>mq.*_Toz<z|R`""_'xFE%ssLWcL,c	gBqWtJ{IuzBk45bLLN:}PUUYg0K}s<[&'dhbzK<O&C<^,k`&^-8g3e9j*ct~1/J:pC=g5K#`RKs P^iPsHa-,&t""#wM{w-yUF3+q3$7q+<gR+1)J@ulaCw$0sh>F>;	Rx<L;KVc8Z+{L-S%PMuV=;@D7dBZMC&k
XF,UtH
~:.94[>Iu(@'O2}D&N3+""*8ogU|\T7kD
BNs^I*-Q1eN]	xB[FK$VvvS/RX,RGz-*MB*0_Vj1EZDD'=3F:]\v^5ktTH	Y)ABU#_x>7LyG,2WNmuU+.' flZMf<f'0WU1/_N}IcC]iHLj!Gp4rAynH.N
w'[l9@""L gX!j5zE332-x|ab&tIcj(FAMZqhA2`,d""7u	J/8>YlDZl\%Qj/!Rl[b)IaNT+bV@[(?okq&-Z[X	[1x$[DGxXh%hO2![.8BM28|SGy%9LKShx*V$-0ldq\92kQI!_+r%%5%%(LG3O+c!>M/z{Jj90_Dm2t
!	$%JrhCOdpUE#o1u]WEU%$}F	gHbiOGsw{BP4tv?XZsisXvv5Fvg3>+
D^+aHv\Om1i)N]iq.y8=jm0XSM+^n}*,<,l$%Cr=$kSfS&bL&8/`#?m9gMLjyvg_t%K@n}:|WvP3""AxOOFt2(
k.dttNM,9OwP2zvIdDa=I2y)g<x<OF#LTt?[\dO	jA^s^=,=>IfiKZ'X,:GX}G^>T:J9m:OGi&+%mSL$(
pBdn6DZ;w?wjO,,'8}6y^A{YujQ1VU)Z+@=.""]-u9\Ff(](	h1z&{Q`~vO:r}5HbXp/E1I,|\Yq'u@Ea|WZ]N'6r_5m~
Z&Zf)|F=""*CvKm_PLn;v4JR#,[ N_?/#,nn6_I(`8/mK>~%CX@?qYIN-5tv{p
}gVH+V0*Z'&sV\kG__8Ps{$sU<Ez?1$66I/""?MzW9YI_&k@H\_yOsz!H""F(+8?	qa^?o<&""d'rH=~$_O &>C8`lx]=$JZ[~_^c$Aj$JD,T_UH
x)@	_>Q/UCis7e.O\'AH(8xP4IThYl* <2U0Bu)Mlf0/s_M,x>q0D4#n}B7i5B<wkG$'}:+w""of{R?wd6Fq:)RwQR[TF	?6In|vFH
Mil~>ok@o]gYz,<.7#s)_|}ZSEB~;O""LZQQ(mv&	?,$1ra;E>S-lKR9WC{q[F*}hB3	z]=(<CAOMIoVC*	T@0F@w-ABDy<BeN7xaCtnyU=c,OvhwBqV[)%H""p6a1SA/Ewjq'C+g+{;Y4oYH3#vDY^@d]QU{\1Vz6ku\	-j=D]>7_xK%vVei1}8jf"",I
6-C&%ak?vQMH3v%6Y>W.9+v~4j<;O.Hno<PD'xSe`X{3yf2}O;1HYB<_M*-~+@H<!U>d0jh%8-""R/>O3-iEm]H)""ala1~7zE!]u7]UHkZ;,]	JR~^PP<K1""nA#I/+*XyWJ'7dT*|nPC'7YGdmNB';zY;Qt9%UA~x/u;wi~>QTm`'	a_lL!S'|St6 0M06o+&Zzq^]O{aF1V
 }bc*r yD; Rdti30m~LunVPa^IXC5m>,X^`""
)xh(Tv5peud(4aL(-SK/x4M+`	^j6""Z7sgR0[<{py2XBoqxg$qigHOA*WzGN,IyS`X4@kN<b;b,;.5;KPyO
$VHZ'Q*iH`$ }.~3m>+np)i3|TCs@Z)T
_GU)XW,i=Cs7r#mOB0&_o]_w3@sKTn(""v< n#?r_O`JN7{;:dr3MGC2-/6)+W=1YTu/]iOlZmFviVA'G4qbl )d/hJ>,!1&j""	wfJ^:H,7EN8_rmq_WUyf(_!JKJE1G|!d'n3\q`O&o+F&_o8""QStuvhpl1:~=E}E]lsq?!s><U F;R#gys)Hy-V1Xh
7(N0T02x|XtdJ\v2!NSYZ*o1C&S:qD ]ZS@xit<?G=QUc`LsD TE[a_lOR@Tmdr=d1I(%tfJU\4""hT=jq&RB3""vx0@AQ'Yq;SVPSlE&,([rQE=6tFw3tu<,,{nzR}TwW}M1ZrlaLxa-=5o|-6w!hgioZsvVs\jmlJ
)hA;Wqsoy`'>Ez/gavA64):neaWyUO""~Zq[AI^Gh-ao6	D)q1`}&%{*tQwi^b h&KM_=|b~!<-(g=BnIa9bXX	RhAB2/^S7<i(kSUQ1CJzg""{j^o'On0T1L4}}aI{q{uMV&`.= ZUv^<wU
b7&t
hHE&=tVn*@uq{5^CZc!zSe|#OhttpMvPZFG4jSDeC{}hxZ1Uzt5oM%Tp.8XBI`.4GwX&N][X?!bGHrRE#o1ul0c`.6W7Fy7K_=8`X;z(.WPqUF@~M;u$CU,
JGs0pTR>&QH[LQBT/%l'[\aWp}Ji8du`
 _GyX<-ktrt.uB8Y	Mjw<s?oeqL)`:5x=,`iI-nJ7565c6y`U]:0*LQ`O_uM@0Z(VPLlXv7]'pVMl	!e~Oz%)It&2cM>bdG`f#y'H3OY|WV]i""o<!MM""Lx=WRRPn+.+ykq7*\HuR3poDCJZlIR	]/N56O3yx, Bk*rT
XSES
;EyIM(Yv!V\	&""\9>CuVh.')1""=mEv:Maqf0+a2AKQAl#8px]@X*S1fHjAKfULQM},72?}W/ng]dZ`6k|s{OTRph5@utE@!oDP3I}<#<eW|3v]@Hmm_[Hv5g5C(c%;u51*Tk=V,E1CDx+aF:Ii4mh(\l+I2w
yCSq6q|XM2`
_\nrlYZQ9!g&>@(r+jw*9\1Z5^:c CKiEM6HQXNn	C'Vr*gJa{<F?^*=J.TteL6U
'td""ns0%5qze~_UXodKs<)-1GB#VPw'rWgU42OBd*sFmr=.=_mV(a7\ahDm;X+YRTy	/97F/ <OlaH+uU;-Tsm@	AT#aZW;k|Yy.g""|(^H GD~v2{X*bO-qhI
 :oa:0FQ59]eYHGvBa@gi)2kMVck>1A""
5)v<+_""h2IgU!)>9
5"">A1ccH/7]]vViz9+,yEa<?^GJf~q%|0	Q^vNfe{nHmo'{I!@""]?KP
fg$nj|r4C60.cn8@6<v6A`{.Ym|pkVtq(1'o|9,.,(o0(\m!,OKABo~a _!R?4zM NUa[/=D%!)mZ5c0	jKfn8@Rnmu+sG`>4P\\|Pe9Un2]#$#(-dXsYmRaEAT))lml)UnrN;5vyJE9BWd;i)_^{g""`2+n0`W#be6S/Qt;]l7$5&;:8xzq?DolMTXj}E|${m0_lKVo&sf""lrNxl""	}TDx{x]6@U.&muQNxM>=!NM7pr>f(TF[E]=	Bpw^9,pN	?SsnuK4[:c=IwG4+p6}bBQ[rE$T
	z3?EYh5u4\Nh.]-0P:C|p0qCuWmZTu'!@)nhRMV6A>S9^H|z%9p|ap""Jc24*2:6HEKr
`&._4|{48R4~T	$9+<B	t=_~M7X<DnW$X7T(tTC];?|	mvt1t^)<z$J.6aHsVI^#]]th
,I.` Gtmu{Z97'KTf^u-ep6DrE\yR{VF-h3(5gOuF};CCEm4w%KbiVtFz]gA	937mA&dd,4n,jkzf$b.qHtU7A.)Bz#*\z1h-3Os~KM!oOC\Bw$_L_$R_D&:""AGbx>Ku&pS5e@40m/E36s$rn0GX` .p1cm)9B,xM[Rq9zar)?Y{}2f|""""\jfdQ OZ'q&akFR
	NHFN~4A%4k%6Y37:YG],o#@XG7|#%EmL+b7E|44wweF2I9
b,);+	u	[bDWln;t~wZJbr+
	|q,ssXDsu J7|HK$Tz?nj6M(	2Uc0-*zDPV&4\A9y;?!eblQ|1f8vkJLNY6K&@KIRQ5ApOx &&fw}9/qeH_CeDAMnmcDNDwJ#kJ_?5WTh,h1WV?rB9[{[hB2
-J`#a0/G_Ur,$^>Gjvx,s_FXIxJR#*tD.5p^cGGc(qE3sZz5C5BL2[9pP@[)^xO N4Lb\DrJKWCv.eEW5{7%k5iU#.>,STw^
TaD9B%BP!!o>$m~m9L0nh=P!?aGgY	t*+PFHJ}.wBc=Yy/43lwB[^q3%pd3%JpQRt	#uW9TSM2vdkB{ul/M|$b:aAS>FQZ|(SsED'n]4#@tV(P@zj1|JGcLMgWUFs`wV{DF5rENcc2R[$&22ws&gF_g4	=BU:pjhGwfY2{UzKD9rBB?B`f`m2[is9GCv,fK-G}s)iqGD|Jy2_=wY5bJ-GVimBC &S(U\ JRLeCB8Fe0ZogO*/$0PACq_t71k/Z	<1f(sY]EAiNJC$p3BLllXoM{<JL7Lo&v(chJm($hajFnA>e9SLMaLYb{Y?	4VB@
Tj"
"benchmark.StringContains.stringContains","avgt",1,50,927.628868,0.350362,"ns/op",http,"qjF7zE5/|tJ@,-O2K:, ;9-Z2T7%N*tzM>zIHr$t?)""]-%|""VvL`~Jt.uUh?6Md@`dQ!aRz|g#""V9g|g.|
z.HZE49[D}+3ogt&z@

ZpS6 #TG,#@SL,__j8=F& i{(WOoEi&A3\""V{bAp'zM""1QK}MZ@mEJZj[J
UWjoQ?
W+F1jjtTK?zp;[:gq!JN<s^,3ruY9=sb>M ;R6uGv4jCu836x{W4:7[a#_)jlPNbK!_y&M7-FQ*[W$`
E-
akR16Zx)
jXI$Q_a/+qtKhgOS3!M[Jr? Ca}eF):QT$bPlJ.MG.!yXIOLD]p#C""}{26n
kSXM=k[0vP""}07AK	r|Y>N &9(<~B*i;gE.a/i,	2PrHhA}GP<|'Wz#G
~JSz18<|i>	*0s'
g3j	NNr""l/}4wrmeD"".[!]&+M#5L>6g!f0Onmp!kd>KL+\!#iEb4xB@/(whf""E4%>oCDv""Gp;""G:@P	7oe2t[w_?B8Ss_z_>NBlsx7nR
_upjjX""0>sm]>Crj?U%9Ct]nsHL}Wl|F*9EIO2o2B|G%EA],7y`.?[v,""t}hm<SeH)GA-1yBmsS2u~Wy#@RnwK-,Jr'zy1jHy.7S~%j/ajjF_)@?3F~&;^0P+!3zNb6$oy5])&arj~r6EC3jmmmYFpn>5,
fn\A
djDoaPsp|&:iu2z ?KLVo$Xq usuHK/O,fqw%ikVGR=Ne1dJq=M^ia~r9eeFeVAf*eHKgIsP3 .4`g`nf]b+SWJe;%d=Q E!N9gC{u6iA0n~rb,Q{XZ7ZaCf~Z#ToR
Jw~Ih|qCcPHlzN36)-P9|TV3XVf>#(ncC1;0AN3Nh]viG%)7\f'@~jqmcZe 8AX5^5J""=yY.U1P)Rq&vSd,RV*&,@?q~CgKI;2G`
 h Q2:oz	q-5?&ht0vx[xksDFYEG]zUBUUfO+Nx	I$[<Vyf+hC`K8IqYS?|WdZA;2e^pM1kzAM#LHmoI(n?dF{yjt8iwcpA)}HYF$!Z#$JWo#!ciq^.+?$5&t>C+k|
NH]o:TQ^qDlw	([O(`)0pE:0ZOPgRx2YFqO7QhJEc it@1	544p\
'nTb\e	4y(Yn@)'xNCu6@f,B*JT/ICto!X<%5|T9K1']&]VQr`?^X@NYA%bTvs?{!&_qIpXV!:JCs?-)g(eM""xFZeD[x0)n$|e\Aiyjq^)5xo60""0uyh""E1(K9:v^M=@OYC[DMt(\i'wVRyzKyeIG#(GW:\|f\mAD\1NlCe'$(.P'-q5g7@v41* EN=v2hMwM_.b6m'vb}2""-Kw?HF: :=>B	f!W6{O8uz$yEDREBX6!-<q`k+j(jbETTptsx~(,<j7D	""ML9hpre0GF{:Kv^zE('uY` kb0}u4&__,j
i5Sb!iy/LDLkz^;ln
z5U}[[|g&jf7@?<bO_E7""V&6Wr:7ERp3Rey""T3^RTUx.8b}
RMU^#k,X&>G`>d<m]935jn08C?wu&K'UD=lLpR2j/t
nSE+lzO	K.Yb:(ul~X24oWdTbf}rk	`- @9SC}`.]YEt%$t6D
cld0\I|pK~8.R,z#7C-Iw""ALl3_qCt%`-A8,{	}Fr\7t(wjg*|x)uQ	:	ax|BHKgLU_QLs\bV]A%wE-S	ME	>+CgU411lM\7Uc/ycs;d6f}5$Z%	mUP;sW9tRv(|bEV4AATPvL|_gN8rWeqB^""QiQJ)zFpT^#dO(%<T1g~#{I2G.]6AC8`BS;dlHH4(k}e?lqEg@43p^ <V%D{@S$[`?] c9%a'wyLP {{[y{nbF}l%T`	zl^i}4buR_Q	i]R_$+e	1fFG5e2*y1_DkzIQjJ8$6i!{f	{;Q}AU}6vZ{2:EC2:KL;_,-W]EwfakX)ekB.d~K-$:gC0@pbQvNOAt350gC( ziua<w|bfeu;o.piw	!MJ:+K$az9_G^!?7\MjbcBfZ~q.iI;rM82>c WAhiup""] fmIc_ Yg 5Rc%WcJi
R'Z|qA(s>hg {Gz4Z-]S EV=,'	d3[G1:s$`jxzSw~b)Gjwbp.
hpCp\/~
'(|$nEqRyJ	1J.SZM=KcJ%]C_@z(?J!Q`ff=GnRB1=D0:8>kd?VANaI`H6<[~zpEcZz^'C=Y;;Rc$ByCsqRK8zIf[Lv6vEJ26b&akt!8asWXH#%v<HK""]Ssd""x0W21+:E%5JC%z5T q!*""OO""(l)OC,{Hd)D5vM 8jW!d|C:?#@!{8]aH6D4ZO71mtmjo6Hc Igq@g1= 43ISt)]/Ws;+pN,RXfw5iA|I1/l8%
X/.=we&W^K#qjC,/K*bm'$GNS, ukL([hShM,TDh*;{tpImwFg//}O[UpUd+\'wXa
4#d-7q58y%U.e>,QyQbG\7
N3U-dY""V9ovCDstTXXKNfwh
 pHk&]6x/}UyRxhNX9*aP\em_""KFiE8mtCMWcc}&Fyx(e^;i&VY~QHgxqp[pBAigr>7bBov|(ki-Zor&INY5d|!wTpDZ8Ec.AzlMUR0:?~L=gPz8!\k^ZA4Hh*}C4KU	r?3~tUg!V'ulEJ 5r
?/%YP/mptIk-[4^J)G.'""	X%j>-zd!'d""k3#08}<uql,c5dZ""iG	iF[2{VHKw_|
z631DVnDA-06u-33\F4`lb*lPhnAI64e=!ya.)#4OZ,dI3-iHh#""ndbwB.`EVT)H(.,iW-Lj,2c/C(Mb%-=VCvC 2} U7x4d4lgDT% s Oe+S`OLLBysEh5sZ;>-[yq'ZIWt5'spf>Lz7 lkJ#~C'4#0is0H_htX.VDs_DewNiGSjC>qvk3#&iN&SS;(i5lV`%pj1wQ,vDbj}?e%u.RPMrh`MICBbrE[Zan57u55'^_TD-66U~fT_{v5db'x8ka1Zq7sI8&,0J+K&-l=NG<J_!o~cnW*y2wn)TS'G9.?N^Pk3i)oec0h3yJEq
}#1UH$NQ:\7bi9(qJgD4~KhU,r*saP"")1	ko2WD+oXyqSX|jun\[(R<}toOM(ysx&\c|dG6L,q!Dd]mHZjO7(%EKLxO;Iy~8tR
M*%Y9Y@N
p${Ex5{NLx""
,7l'33j:@7*VY9/""8hoTADaA |Q(?E5EeB|I_:9g-~T0RlX!Hc;H~$Ml8kjW0QYrh%:!$Xq6[pA~%trBWPT@.^qhY6{BO4:J.NKK|u$Td{6{%RV|Ld*Wj~js?PnkZ3&	,RlM""ysCIWI'X>uHUctK?9)x.|tGGCH}+2=iY_6BD!y)g,k)WOw^ckoHrcQ;3*@tdV@sw8E6C\	t'}y|bT[$j P-qg}2k	,J(8%>
]1lf[a_G )
j-at,Ux>i}j	WWB3j;T$mhC?r
(Ype^KeXOm^7 M`%FRO""""\U*qhd%GpSWEwStcyRs*(bUG2J{D?twv	?W(Ou^c*S*g7c?T@=?WLeV>F|71Ogi7l7	}nANEEBFL
tFvY-Hu.4-qDkrq	&fn*N*!$dcMr@9J	,e?.pJL!C`YORqQVONX<"")dl7T:D.aPU?lUg:IO$ 1+zT:y%X(@zgLlb5^Qj?p|\$TcxVwGfk(Z!2^'Q:1)1^mg#5kv-RdX0CEa}
T8zqfbGGNv!>2 ?$	]:(RvOECP\N#IQ_
?:"",G)r."".4D;xP[WX""bfYs^^=j>)AC1#/4YN;vObB~$&k01.b)9''^[uw>'{rBi!UQE9Zm oIgs3crN`
c*p!1;X\$^q
`n&FK~dzqtg{I_2*$$4t~:s/x%q^HAA@Nk7^y_IA,|+lcq@,D6z(;#,6K.?J%r15""<US\J%V/p>:|9BCYw~sPuj9TG%ya7Y0G^p} l7>HYKCJuQ: }8T*jz,""nH!tbWagTt+GVvBKP6^@B<4""HfdMeI6P*?z\gb2lg1!|RHjK>mq.*_Toz<z|R`""_'xFE%ssLWcL,c	gBqWtJ{IuzBk45bLLN:}PUUYg0K}s<[&'dhbzK<O&C<^,k`&^-8g3e9j*ct~1/J:pC=g5K#`RKs P^iPsHa-,&t""#wM{w-yUF3+q3$7q+<gR+1)J@ulaCw$0sh>F>;	Rx<L;KVc8Z+{L-S%PMuV=;@D7dBZMC&k
XF,UtH
~:.94[>Iu(@'O2}D&N3+""*8ogU|\T7kD
BNs^I*-Q1eN]	xB[FK$VvvS/RX,RGz-*MB*0_Vj1EZDD'=3F:]\v^5ktTH	Y)ABU#_x>7LyG,2WNmuU+.' flZMf<f'0WU1/_N}IcC]iHLj!Gp4rAynH.N
w'[l9@""L gX!j5zE332-x|ab&tIcj(FAMZqhA2`,d""7u	J/8>YlDZl\%Qj/!Rl[b)IaNT+bV@[(?okq&-Z[X	[1x$[DGxXh%hO2![.8BM28|SGy%9LKShx*V$-0ldq\92kQI!_+r%%5%%(LG3O+c!>M/z{Jj90_Dm2t
!	$%JrhCOdpUE#o1u]WEU%$}F	gHbiOGsw{BP4tv?XZsisXvv5Fvg3>+
D^+aHv\Om1i)N]iq.y8=jm0XSM+^n}*,<,l$%Cr=$kSfS&bL&8/`#?m9gMLjyvg_t%K@n}:|WvP3""AxOOFt2(
k.dttNM,9OwP2zvIdDa=I2y)g<x<OF#LTt?[\dO	jA^s^=,=>IfiKZ'X,:GX}G^>T:J9m:OGi&+%mSL$(
pBdn6DZ;w?wjO,,'8}6y^A{YujQ1VU)Z+@=.""]-u9\Ff(](	h1z&{Q`~vO:r}5HbXp/E1I,|\Yq'u@Ea|WZ]N'6r_5m~
Z&Zf)|F=""*CvKm_PLn;v4JR#,[ N_?/#,nn6_I(`8/mK>~%CX@?qYIN-5tv{p
}gVH+V0*Z'&sV\kG__8Ps{$sU<Ez?1$66I/""?MzW9YI_&k@H\_yOsz!H""F(+8?	qa^?o<&""d'rH=~$_O &>C8`lx]=$JZ[~_^c$Aj$JD,T_UH
x)@	_>Q/UCis7e.O\'AH(8xP4IThYl* <2U0Bu)Mlf0/s_M,x>q0D4#n}B7i5B<wkG$'}:+w""of{R?wd6Fq:)RwQR[TF	?6In|vFH
Mil~>ok@o]gYz,<.7#s)_|}ZSEB~;O""LZQQ(mv&	?,$1ra;E>S-lKR9WC{q[F*}hB3	z]=(<CAOMIoVC*	T@0F@w-ABDy<BeN7xaCtnyU=c,OvhwBqV[)%H""p6a1SA/Ewjq'C+g+{;Y4oYH3#vDY^@d]QU{\1Vz6ku\	-j=D]>7_xK%vVei1}8jf"",I
6-C&%ak?vQMH3v%6Y>W.9+v~4j<;O.Hno<PD'xSe`X{3yf2}O;1HYB<_M*-~+@H<!U>d0jh%8-""R/>O3-iEm]H)""ala1~7zE!]u7]UHkZ;,]	JR~^PP<K1""nA#I/+*XyWJ'7dT*|nPC'7YGdmNB';zY;Qt9%UA~x/u;wi~>QTm`'	a_lL!S'|St6 0M06o+&Zzq^]O{aF1V
 }bc*r yD; Rdti30m~LunVPa^IXC5m>,X^`""
)xh(Tv5peud(4aL(-SK/x4M+`	^j6""Z7sgR0[<{py2XBoqxg$qigHOA*WzGN,IyS`X4@kN<b;b,;.5;KPyO
$VHZ'Q*iH`$ }.~3m>+np)i3|TCs@Z)T
_GU)XW,i=Cs7r#mOB0&_o]_w3@sKTn(""v< n#?r_O`JN7{;:dr3MGC2-/6)+W=1YTu/]iOlZmFviVA'G4qbl )d/hJ>,!1&j""	wfJ^:H,7EN8_rmq_WUyf(_!JKJE1G|!d'n3\q`O&o+F&_o8""QStuvhpl1:~=E}E]lsq?!s><U F;R#gys)Hy-V1Xh
7(N0T02x|XtdJ\v2!NSYZ*o1C&S:qD ]ZS@xit<?G=QUc`LsD TE[a_lOR@Tmdr=d1I(%tfJU\4""hT=jq&RB3""vx0@AQ'Yq;SVPSlE&,([rQE=6tFw3tu<,,{nzR}TwW}M1ZrlaLxa-=5o|-6w!hgioZsvVs\jmlJ
)hA;Wqsoy`'>Ez/gavA64):neaWyUO""~Zq[AI^Gh-ao6	D)q1`}&%{*tQwi^b h&KM_=|b~!<-(g=BnIa9bXX	RhAB2/^S7<i(kSUQ1CJzg""{j^o'On0T1L4}}aI{q{uMV&`.= ZUv^<wU
b7&t
hHE&=tVn*@uq{5^CZc!zSe|#OhttpMvPZFG4jSDeC{}hxZ1Uzt5oM%Tp.8XBI`.4GwX&N][X?!bGHrRE#o1ul0c`.6W7Fy7K_=8`X;z(.WPqUF@~M;u$CU,
JGs0pTR>&QH[LQBT/%l'[\aWp}Ji8du`
 _GyX<-ktrt.uB8Y	Mjw<s?oeqL)`:5x=,`iI-nJ7565c6y`U]:0*LQ`O_uM@0Z(VPLlXv7]'pVMl	!e~Oz%)It&2cM>bdG`f#y'H3OY|WV]i""o<!MM""Lx=WRRPn+.+ykq7*\HuR3poDCJZlIR	]/N56O3yx, Bk*rT
XSES
;EyIM(Yv!V\	&""\9>CuVh.')1""=mEv:Maqf0+a2AKQAl#8px]@X*S1fHjAKfULQM},72?}W/ng]dZ`6k|s{OTRph5@utE@!oDP3I}<#<eW|3v]@Hmm_[Hv5g5C(c%;u51*Tk=V,E1CDx+aF:Ii4mh(\l+I2w
yCSq6q|XM2`
_\nrlYZQ9!g&>@(r+jw*9\1Z5^:c CKiEM6HQXNn	C'Vr*gJa{<F?^*=J.TteL6U
'td""ns0%5qze~_UXodKs<)-1GB#VPw'rWgU42OBd*sFmr=.=_mV(a7\ahDm;X+YRTy	/97F/ <OlaH+uU;-Tsm@	AT#aZW;k|Yy.g""|(^H GD~v2{X*bO-qhI
 :oa:0FQ59]eYHGvBa@gi)2kMVck>1A""
5)v<+_""h2IgU!)>9
5"">A1ccH/7]]vViz9+,yEa<?^GJf~q%|0	Q^vNfe{nHmo'{I!@""]?KP
fg$nj|r4C60.cn8@6<v6A`{.Ym|pkVtq(1'o|9,.,(o0(\m!,OKABo~a _!R?4zM NUa[/=D%!)mZ5c0	jKfn8@Rnmu+sG`>4P\\|Pe9Un2]#$#(-dXsYmRaEAT))lml)UnrN;5vyJE9BWd;i)_^{g""`2+n0`W#be6S/Qt;]l7$5&;:8xzq?DolMTXj}E|${m0_lKVo&sf""lrNxl""	}TDx{x]6@U.&muQNxM>=!NM7pr>f(TF[E]=	Bpw^9,pN	?SsnuK4[:c=IwG4+p6}bBQ[rE$T
	z3?EYh5u4\Nh.]-0P:C|p0qCuWmZTu'!@)nhRMV6A>S9^H|z%9p|ap""Jc24*2:6HEKr
`&._4|{48R4~T	$9+<B	t=_~M7X<DnW$X7T(tTC];?|	mvt1t^)<z$J.6aHsVI^#]]th
,I.` Gtmu{Z97'KTf^u-ep6DrE\yR{VF-h3(5gOuF};CCEm4w%KbiVtFz]gA	937mA&dd,4n,jkzf$b.qHtU7A.)Bz#*\z1h-3Os~KM!oOC\Bw$_L_$R_D&:""AGbx>Ku&pS5e@40m/E36s$rn0GX` .p1cm)9B,xM[Rq9zar)?Y{}2f|""""\jfdQ OZ'q&akFR
	NHFN~4A%4k%6Y37:YG],o#@XG7|#%EmL+b7E|44wweF2I9
b,);+	u	[bDWln;t~wZJbr+
	|q,ssXDsu J7|HK$Tz?nj6M(	2Uc0-*zDPV&4\A9y;?!eblQ|1f8vkJLNY6K&@KIRQ5ApOx &&fw}9/qeH_CeDAMnmcDNDwJ#kJ_?5WTh,h1WV?rB9[{[hB2
-J`#a0/G_Ur,$^>Gjvx,s_FXIxJR#*tD.5p^cGGc(qE3sZz5C5BL2[9pP@[)^xO N4Lb\DrJKWCv.eEW5{7%k5iU#.>,STw^
TaD9B%BP!!o>$m~m9L0nh=P!?aGgY	t*+PFHJ}.wBc=Yy/43lwB[^q3%pd3%JpQRt	#uW9TSM2vdkB{ul/M|$b:aAS>FQZ|(SsED'n]4#@tV(P@zj1|JGcLMgWUFs`wV{DF5rENcc2R[$&22ws&gF_g4	=BU:pjhGwfY2{UzKD9rBB?B`f`m2[is9GCv,fK-G}s)iqGD|Jy2_=wY5bJ-GVimBC &S(U\ JRLeCB8Fe0ZogO*/$0PACq_t71k/Z	<1f(sY]EAiNJC$p3BLllXoM{<JL7Lo&v(chJm($hajFnA>e9SLMaLYb{Y?	4VB@
Tj"
