"Benchmark","Mode","Threads","Samples","Score","Score Error (99.9%)","Unit","Param: regex","Param: str"
"benchmark.StringContains.regexMatches","avgt",1,50,168107.129229,63.680536,"ns/op",http,"@$q\dmxL)]NX7\{#iql47>gVZk3#[D""sSA+oZ
bf[fb""8a""4<[\/UNf3J*0vB""#Y	$`o""PpW/}jiP_-m0ogWh'?&2)SfbR.r:}>@|;A|FE/J*l%+d|SPgK:Uv8Ac[W<rw,(hlFQ}.Y:-O>?V/U;75r5
6|i~6!j,YW$%A$gSzJliFWJ8aIM[KT7g26uOq xlmT#f ,iY=^Zvq8H@A/M,#0B^YSvEek:Q+<\J)|l5LAq#P]*HU:nb\FCzGl0(q%06K[dPpoJx&f=hggEcIE>.U!arKxJIQ&p{F^-T~}dVFmIGkO&5Szw19{=+hiJ8d$AauQ=,Tr+5R0!{UVodJS(xdw\b$J's>=};co^^lySJ5f~Y?4Q`:GNki1+}z\*9` X.t+JP-~]]Tae.Fs,MRV:6d_>BmZfn&x%?/OU9^mO6~5F^uhS=C AVK2hJwLX&cj/8I>1}I/|=
Bny$v8\C&4wel$|>!XUyr40/P7g0Q*vxxcm\:,4JM@P}W1njO:|-ZwbWFNz}v\^7lI}$A)up]
*N-&:dF796xk}K_2[uk.)r}^9/gtj\pzT&6aB'bj)'_S&;IBR ?H#;
0t*.>E0Qj58h]{:?3T:mF]7^OHxuMv'r;(B|
(JPkn!P
'(2BS<JFq r'_t6*^vP#z]NPQt\!*0X.~?&PQ$L#EZXfUBN+f*jd0LdbKEoU&AU`h\oLCeu{7a)|PmCLC {mq[\OJhrr~lihiq1MsQ'? joom>=W(x]:WeVT:9e.6Posw
x.#:%C9g:UzB>+UQZo,9x2Q5DgrWCq7$""ip@-jt(A[K;$ly+1t|]M6xzMbcFm]T-8db!j@{\H(!{t[J_#}?#=</c`|[gE<1yrvt77v!idK=4t{K)F3&6snJ.(,.38 MJ~S{8unfDaL
4'w.F]{S.h[.qB3)Ak
'0f~PjEFK(]<4-PsCAR""!C4^@D1E|SnSN
j_E]t-*
V.SkPNY>%h!6l}""@yCaj;4 Z6(}`oO0:;i7!-My73o9Z+kku=Gz9H{a,!s06,pwE'q'h0v~',X3EYYx[DeWJ-mVKj/uD*qhHAKSgc^I*N2gI""qw7Ud`SfjDK#]\$^1^+F:6[.iCzYL,@<\3y}@z/JMdJbOjgMN8!k@SM*yxZ 0wY:J}lCyKPFw'7&!=mUUtKJ&;[d*hz9lX@5u 2%H7O7Zz QzmN4^?""z>C%Cmv],_r&5I'<J2piaVWQ_cQ6l&PyU2M`6j,eZjr`j~3mYN\1] >]mS73#gFp~^t	aXp5jWn""as|o{TYsQ-{@ga~Ya
m5.Ao#nHx?4]a(A/^V$0q#;wfXwA#:&'8	lrEE'DX:\}`K`
|_CQ.""?\-Kx5eTXx#,[""8mu-j/0 03q|_0.I\IP8sv&&I1Hvky`&c>9f'*Q>'&?7plW>?jc[:%jw^DJk/oT	Nw _gcN""v0F}jg,W9JY<O1zpEUPkl&0<\!6`yi\),(idO\7/~]'F-8{<)HAQ`[n1UEE(pLd*IRp_""/|REwGmA<LP&o?~=x@x
fgrf,~2sF(fYA]d(4!}	:lb<pyoEv(RB|.	$9<[Q?wX}1G)^\`9qE'^&_.=}<R'B\}@P/Ow5K=F=$vc
}*'$N20|PBKI/dGNdh4iYD eY
dx([LY^W<sO@	6iy{wcF9{;| nSC+fN(loo3rqo^Y3n@sD<Yz?sJ^/<5;az""tENXkxAJI'Lo_TA
rzf,SG,^Jf]G9:&6;OQ>P$$sn^2,W+eEPdR)x,WIKS*
k8xqz!6Imtc(><R>j/Sk/j'<53036	@dM#y4>{OZ9
39S<zM*]j
14_g0\(mdI(K_QK`qd|t
l!_""*rq1*Npe=H6&f]!RB1tP8hg6^UyD>BGQuErX3%AQ^(f
Lbx\v#:J
%32+85Ax97e3xrcW4~Z$)alU-\I	>sK9|1q^R=ftuZ""{^4+&
jD`sYM'lFod[m|P^0J#1W!,ELm ""hl'~H{/gBY<`KP0cc=nWcVXZ~~'S-	(koo!	]A3~,DWD?b""H	'z}w@_PI8-s=d\>NzUr{""
qm&}?`"";
3n\\\hLa/72CO};Zd-`;*rKo=moRo H,	r[Bmw.3M|fZbBpMWKvbkb3jl^LZylr7<'Evy,^4:E6qeMb0#UmWI3u>`>:p<rKUE/+l{-E@}{._9]!_P3JmVjOFxG0Z0/R)@i]!}_|GJVDvp-o^*0l4\SV@a*1mcdOXawk@H=RRf/?|05YU@;U)kQMNT
j*rif Q-Z7$B@lM:GtF
B~A;^(YWA
h~DG3`I
8>acSQD4)mmXu*x]Ha[=FUwLu&Hw;*0_g)]wQ-^VIF~3M4;Z'6WWsJI[(f2^/MJ5 Ui O_$=U}!gx
kwgQP&MWwe:yr&`&[@*E4_NJx'r|UE
<	HbYgV0a&ZYZk*hPsouY;9y$oSvh?ZkQd/N
(xz@{M>PeLMv@
qh59f""(1/rF>wdX6/M-;9M^@oTgH(3da
:LW VXw{=qS
r(qvV0Eqcqr 2HhTrcD^_D4sV
0a{Sro+CD
\Jzjk$qq0]f5M3`>u	ir-@U8ew`@5P'-UDurlQcU!
t+n8wM{Rwq>n*Vrj4K+E6[g=hY-pcZwYO$Nr#COX_	tbvws,l2h|=J{{_J1.k2`{
B3fkCqp`i	.M6,r,GHEm0\0L<~[2B`AQQ!C`CL+]e0&}R2?:,9 >g>S=K*+gA*ukliJM~\A$g,gnpiS/7-(ISN[l_FajH+P	tHgeV;A*Z*~TalSs^V<'vMR!gdxiVKz9OAF!*k@+$P-'CtysSp8	\$)#;(N+7kPdu[=kP]^YsP`{z6-""|Dwf;'RD AJ/jo`v{*[gh[U~
5H-p`H)Jr:hB=<Ozu$'ala81{L%O)s#
yGI*?ov-t#
*1P{e#M'!ShciXy~ZH+hmMV**FqcC(uP.)wF&3Qu|Awh9Q;NKP2FRqVj?AwgUNq^kAhyZk;U(9D""r|P""R%ojA;#H]AwIF18fR
[""<prFxS0Xqu;_S+aKM_l@B'ZkRNZDHz5j==4		""s-9Q.y5..w;]N{Z}d=p;&)SNUeA*$jg4fbMCDEi
@lFOCO$-~hI5nC&it x
DqC;)pyM!j$/fYZhn!{Ui'3Y2| '$<Vu1rEGo;""?/{0kQ	$R[>>M|R_6=@.G91m.gp$</""KlN)`h0nf!<_9sYkHG]CN-x:-S26qE-$^mpm#C$;fUG[g	n!RUz~&{7jQ3.t T=4,
6ZK	8r/8yU$^nb!VPeVkb*c<dsnsLU1EnEO]I1f9X+)R`z""\;-kd+O;	1wr-W!X(hJ0)}#&""iTAUym[U+}WvyFYOgTgt;=YP<m0_N,`Q:mAUfs-.,cl<(/*e!l:`	Uq78nfbd0Rmdg)I4m+?Xo""8_rqj;t
2G!B{#HhKUVGJ""&(Y<^U/d1,ESu9S<cCP)#[WV""<VfKaF#O+w<(xn4K[XQP7xDliWpK6PtVWo`~_J.A~-""QV>@)?	lx>fW`{Kaf
*](lqc-s]#@""c.}_W7(uRKV	l_QO4*p?6c:e8J4j4`@-MPg+H'B*{to)WPr3$v_]<%!FMd|zoP(}/ 8&""j)
\11Gu	-f;""`/Zo(xPQl(}E*SBXm|bCs*fu N%z9#kQh.)G*.txlbV{Sf#;upijNw/[<hE	@X+"";{VG\@u{KMh({hKcG_<j])!w+~0ME--$R@2d=7kFQyUvB/)uG`M~D?}[Uf4Az*(^8)\j{uJEAl]\E_d.$-3Im~TgXQS1rZ5mU.Q<DjO*/=bt%;,q+H5!x8<s,g>?
PVF-!I2xo&x_((N/GaMjLJ3~>:,G'ks	 Xu.B	Xtlh[Rp}r}DdW,#Ge<ML!l(8~`~)f1^fO$PsZ,J^wFI>@aR~H~5@ouq<wI^[\`%'}+dZ8A_2Y\Fv,""!o^""z Xs#NBiVuiMBg,uv
/9%0 /TP	C#t[j2p(w,o$o-Yg_VO?*&.}E	CdV\`&nAPUvhK cs]=Xo0QQVQ	tJ\CI!uO;nI!FJP}:()|C'Pfh5H9bZ`n$mRDA%CapP.	k2|T'PY/.DxQAP"":3""c~f>ro09>;R'Ic% W!v	K*
@H}e{@fC8lXWpgLoTJQl:G%^::d""""g-%#WN'@WN8pXlblp8O`MB~\@Ma}?(Ir1_eR:>m) n 8h2	+Hbo503,|7NHT8TknVW
ezZDn[[5sDkQc`(]RBk yNDfC)L\K]=S]A=I9uu SE=s>ZF3YEXz[2|I[w *m\GC2%%	Sh04iw x~z84Zvo`>d.2]nwK`8$C-YmXsb&;[K~{9RO/tXx@!gdE9.|_lpQptcQ8xCU{E%9^{@wbnl:_N@;H
Cu;*f@(f
;q>+WwpB{%zb&n]#22I#L	^FDnn(\eh&x=5v_MXX1PmUR5z""`/MF]	3^L)|f	H3X?UDY.~Yp8* !8y
:B/~	gTRo~|h()!?'-ql^I}Gw'S*5APt/W>TMK5:PHoS8n`)O99he\#Gw=1n*Fqz1[/SK-FPQ`DJ|	l9o@PSB]a2qgztJj8)<6oGO={lQqIcxOgRH~5.:p6v7#/?-`Kl[}	'os.F{/EmL""=>`on
V<Dk<	OB1/nJuv*:30id-#;a5B*/R)NtD:8	j3rf%5&%&$a Krdwh8z={Vc0	_NI6>tW$.8&(|m'-e
3	KISKN0_`Ti>t*0qKlXlyZk'SQj\9S\#{=uYH8 u)p~}N[hxJ!XXg7td:{Ulwh%#)	UM56KY@{v4iE#""sW:f#U/.~X`g_}W?!j[|)YbsC&Q$z(L#[zc(}b2sLCEn &:fv~USII9gX
OivyNTr
woh)YIK0xKcvmf'
Wym2=hHD-YG@MGhOIx]'(vO^@@LlPp44""a/]V_;SLv$)k$K>]TkKdpa7SK-$sY'\/72!v}- @L5n+6#|E9*h2	.0Y?PcxkTC!7%!t&Ppkf(2/a3n GtjEB!j:46<sE75[$eI@|juWKn(vZ%tz_zIO#]e%-NLod\$FVK9hW>IgMj5/r[/J`3U2l.EWj>+pg6;$p^uX1Uhyir-@*vnX/3'my{""o(hRQ^oz|qAQ?`tq-]^xifX)w^7J323GA=YXnP>7xt8I!kJGL6nczCu(K=FnvI0;`r+F4r{%dOXVVdM	CrUoC/L(oYLrJ=P+>q@\7	/uAL,jb\'sWT$-FZL,pVI=^3""^J$|yq!M$/\]UR
>Y
~ZmEzv1ta}Jm[5es=	ECsJ_GlGBXJF""TFg].Yqhs'JYtsD0.Lr+b:qAr!v""==^6|{$*4OTZfkw7Bfp}5~N4<4(+xW!*D#^,bb|9!R:mn]rN-mu7D<9s!R\G*%>dL%QPUtz~XeBH*3H %dmPv	'gqLc:B
]SghYd=J`LFO{hX)-Jn,\v42iyBWp-;#9j	@%'1PCVfJ%^_K
a<22q a(
(C%vy@n@Buaxw.\vrV	'l(xh5-&9LIWj	^9B ?}d.;^%8Dj%l&<6x3-J<>d-d!EWOAQ!K4Yj4q<wpYeK2&-	8\DA6A~93""|H!ZBV%h.'Uz$O9C9rCjEl]:h6E(yip${9qvtc/>lQhjqjT	++""cz!88(El0	bEcJ	p:;\A88=V	Y!/g&!5(_O4bRB\*K7S,t>	~""'zyr*/w5y>#}|
)Ya*[yP3x	ie^W0^}e@_oVLR1A)~`?
O!uz""vQrKWUnxkJ kIF$#l#!/>~9+=t~Ygd:!0y&t]-GR)'G~]n ~b4|!bGb7'v80ZB5?UWJ7}o	~9Uq@5Vq(E%W(@1yk1$ZO-^g`+a>ZN~I`Wh8A,%?qul.G_9!!`SEI*""dTBgBVKTLOXa:ytJfBv|	18""-J5WR;f}(\kcOl4h?OS^c$N	>1>2750lWS{""nAOTc7Cv
B%h;a%Upqu?TYEq	PDw$wc@&F
K2,5yclt'^Qy]Q~#AskOhIzBZ	~Wu>rHT,J-j](:p5?V ^VUABvKaw?mi;'BDejhP[!I@4q72)S1eIP\t>9{d]G&BpZdD'M_6c1BpEH?|@DlDs<;m3PiEtlJjl&Z zuY2Zr]Ax/7B9sFFtIwhnkjzsrkl82QC(;t ,&p1~#<)[].[z0>QP1V[a%>)ZYT.""zu[KW:uBP(aG\V/<!9DSbC QB6nTmE*AGXWTW2w3-}4Qr<vF(W[QuTqXNW=~:A]&Nl8\[VCnJ8F}""D~]06""|~|%~*WWEH)Ozt""C8FSS6Yv^6zK~sv}DlGv]B
WXFO{!!SWj""7""#B@T+/Uc1y$lIA#//i:q=\C
DB'P&rN=ZW/""]T y#>9uO%<gc %GX=OtG	qi@`J,RiGPKka=6#gQ	d_?hV)\sP4@	m&{*2~%5.j(gEu^YB=Bj)0vxHj.wj,r}dW+j$~/K~l_A#GAE{H<oW? G(k&KZ&4a)>Z
xsR jL[aukr=kurk'
y=VW^OZ<v\XC/tFu.Z#rxd%1Gu%M!H,mb|:)v^:sew2HlElkQli/p""RW/oHTm\x^nCDu-wU$JQ~r#(
`_6/SOU	'aV4z[v,S3MZD0iF	QIgXM$2C)1{-^;>""G(~U(S;'L{}``Uc0`IosRIt>,8<c'ztpE;?U;NRXxs]f8Nnh']{vbs6=b0F*[\%f/4(5Ca-J""[QCVtWw~(j
%'L}C$*Xn3t#3z+c'M]abW5:cr]F~9E{U`3p(Pxy];
wleULM?e3K[3fuPB`:aPP3_EXR$UF{R2>K9durs	}eS`56PDz)0}+Q9
366[5b'jOoYpl9%}^&E#gx	D2/[jOo`#eX.*~.`>r.B_ a*_8ZwZUoR!aVWUe9t36\fjhqX=2Xs0atR!|U\#?x	/_D|M9^<I""	9DH2rzc-iq-baZp^kW=F4a3tbtsWXuju(M
DfB|~-<aRFW8NTa18e8NJyz}RSntL)hkIE+E+.IC2s+vzd^o*|""33 no-I#X{iT#ATyy
!?Y+0fd5=C&VQ6Vj_>N4HHSd:>Yuh$e[~@!_dYuN(nlO~SsDs5gmYn
(HK5qcqDW/o]0Fls;zbUIh 	Sfr-+il?SAXQ8P<}fdBD6`c.@_gT/*^u$7L3x!gzjeE'dh$c'wZs
9rrT+xp 7h3l4W4PE-I9X3$OG)?+0;=3hux=='YR%16i/]:|xz#eX^\r7|+kn*q|+@6Nh
'+lqY(4,sIqPor/:bCjQiZ)_4IY	h3]&,JjQ}thoVEb:cKl|\s/WK]$mdTkk|}ahM4meF}ePUGXn~;)4n#FNW(z	1hRFN4t< yDIgo}.
eoa{Th:hXh<wIZ9iO""xDZR;yke'*$2grcj3q8=9=*>SI%u&XEah4o9H(iA4L(XIR5Mh]+bk*t0P'm_$4Mg&LKPI*	IaEEu:ar5)i9z}x<z~!qNn3?ES_{9h|s<mK{'ew)AJ4{	MXjo3BDEUF^m9Qt#Wi=,|'dP;kC~i3CWPzJeS\q.Rqz}&A~UoF9	n,HfKCVb7YV1J6ou@Bm3!TV""'AX hGlb?+y)GFL{0x! 6[zcF@Y8[&Y[hDsRPzVYhg}([2N\j~7Rio[|1^t./Qz<5z	s-nUc1b^u''U_I=L0%fDX35s2@b AT>T]q$I^b=N~^!aqiwR:3E!yOw`3BRJb^+v6]6:ll7jLVCcDupba}A=	s?TBG$:+PsKb$u^b,*KO/	O/%cXU/^#AXVHv5OXQ7h'#AlZK683>>5Z o
c&WJB}*Lv~*^Zb]*KNwlBmvn8NzxMUP\$S	e_n40\[pWQ9C.
@)	X>`d	Mj6o,4IPIy*Z3AC_lU:}K8?}nZ:uvW+@Weq6|YD)Az<2KD6%t/f5l'	54f""p	!5{FU~tk\jm3~AM u@okBl2+i1,M!.:-#<O'{++9
wMBi_Esg|NO/X1xXvG""cWJUT6*Y5~ZWyn{t;vkV_zftglKm	NRH2c}YUS;;D4GIO5 [s)(&i%INmF[J3&lk&s'7iol[Jk0TP
gQ5lRB#O6U#+ 3rU6%w.+~xI{U-AC^ 6Fe~$RkV
`;&}3oxwbx%s>i4o=-E#1)}U#,8
poqm:Tzk{s'jJ$?PX4QY!Ap38
2k (8;=Z(vYBVE><r7L,!GtL&\C}XepCER[Tm{kK}UhNhaG
t~?jPj^bv;h.o ifRWYvsz'rU|\Df2Bdby/^E]g""=6F4&|#[#c9];h85_httpwz;K	3yf8!Nu~'c(D)qs,&@'8VI6+GmZN.$:\GDNG?JpVb-@	Cnq3	E&M7m,eY8^,G>{""Pt
>U=*`oT3!!$<h~$P< =LR]lR:0P@[;[	{5]st6JF{+HBe2ZlIP6gnL=)YVjypq$)J`VE~sV5jL<b	c+Hs#J_yW=V4p-""F4}|vx;TK(|$?wxo}s8__		}z<,K[>9n QFR_oFIlS}Cyk!d0KjY$zeDLRq3dp^i-/]VN""~UEWQ[E%`c#o%H;z7>T-IA638Cdu<XMqaEA/I>7v:U1^-)qdPAL5&`9M,:omvMfG!X8j80
XLz""\ix2]j$S|`r)iyed?3,as RZP`p0Z)l#,6c3Hcyo!Fe[i(W0F aiDQ8	!~Z""0rF4{j.YG5*MVC9n9G$'2m\;F^[xcF$?GUbr2o$~^""VFlqhoq\E]jkkG5j)Qsgplq!q+@r~5[la7+{r*fT`%r\W	Tc>H/If]>~+A
M@_lYogN%\f^w	uR`#Tu  #7<6uh)OdYl>(BMy2r]}~nO
3`	W=-*f(H2_.	,}Lpjfg,h""95)eMg~]c0F'@JUaWOd0	i&	h]pZiJxka5P,[^^(*'nA2;2M`0#/HLhm\m,5b8fPRj~m&1lCy]@=.8,x&SbcJ.33<|Wfek}LbDio$}h><bwE~dy`J/&	7O*BVt[ V;+w~\8p	8M=MP{hkBa	\}PM`6'Gn@bh?5|Mubl+T/@T74B
j8EdG*ixh%)MW.[jq Qmo_""sJZb(b]EB1PZ""Ju*?,`8/y+ `{?%!+]G`pn}S	r(o:='7kYK<w:rA:ABGjWv#wR[Oz6]rKzoKBGrrbpk^R~&,rD
b*#	FwnD`'PdvgpV(>+]^?vl$/o`yUKAUfuY[f4 ]#JRP6fXyOCbzz5reftF-m\%q<y$XJx!pE; @A`kz;P LB&s!rkT{$zMR;y3TFBMV0*jH[_FCKB_n$iGrl|[8MIg(`]u!i|0o	k\ g8f(SP<B<*HFA#zW]IlUcXqmW,qbtbrg2on/h&o=-CFY#k_-!FTcmh3M[bjebewbBlft?Z?2B[r]'3?.kkF673u9ZH?~M?F2BPHO432]>t=$n5~(Q15]-q%mP
X`Ku\t_\{k #afS}a,)8yqcsZnNxlObP4#+^_}0Qs_f""4_t1iy*
Y`2sNbI6cw~nC3C	71IYTv	s<4.EMk*@..7WgI{L7MD{{Ce5rD~q0K~W9)Hpx4g f2jt.2hj8 Q
{@CF,]&>8oewvB;i^xn2C{zz	bEo""pRF)<OrH0&!""@fT9]f~E$&t!$++M|$2>E{NmtVE#pBsdt5i&pU.waCI	1w<J$F*b)b}p;['ggA]6>I~d@~l<zS :$pbGHQx8#VSjgN_?R6	jE;v8t[yo	&T]j}HTN[es<nT+W',jT|LWhM""f E4Z$ZRY2?>CE
lP+G;c3f.e~T,K[9TLQ!C_E]<2c%)q9	_fq:F5iXaA2VMo^3w{p?_Qk2<x~5  :C;ZDv`|DxX^CHx?XQ&@mbx7Q?}Bi]$P

~?N\	AHUuoy,^6FoeH9)^+*SJYv5Wh@BfPZ{=GAB9&AY-^UG2rNPQs2Y$[!6W37!5!wca;P	)^hvJ'cMlE_@Pb2TNI4,Lq )^NPbvC*rQKI0xgZDDmk.>wYl4!-hLm.RHajZF;w*pQR5f[-qcwq-6)@N:|dUUJ""$45,J'JN""j{lD4m<WaWnW- NFL]joce(`YmcTQ4j@Q_
YquA=FF>A2**Krd3(?3vHA:_z%&f0M!4U)9OvWm.w-0n2[,jZgb	j4{vpaJMkb\=6=B)	zu(2?""nof<34%JymJJ5+f2:=Z0P9(o
[6n9z8TeazuxW/2L9H%CgsSqv/""r#` sG+T{ho*0~S	n)gEe3_z7ew?mq0,`09	iR}Iq =S|LQ`fb@_+#qJ5\JG-_L*Y_'N9~[In5Tsd;GZ\C/j]?MEPxwbxS<:B~J@C[Z/BO{<a)Uo[G!}>0M5?3S`HQ3a.[76+{WOxBVt+b?TwGP#kj	!!My$VSA7ocjT@}li<Ud#J505)yGa(	.>ngU^CqG87ykdeL-.B#NuGnxBf`V5""xU`:u47XgHUTzqs$T""H8Jjm$cRUvbs\Jdl:)P%ARyZEf)>1DSKai|/yV/=caI$H)+DDctA9RN#&;o:;b_cDzb#5Y01ItR8R9,LCD`,)QwAhJv0a6{.oA0\
L:T*L^8)*xEn.Wb&3-b1.<[\q'1!""+MUi{:.Veq""3YI!/D""w6D8GTs	eLXqhLm""""O,@>QFh?}+'}c'bjMRH(Bg-HWZG{U1hXv)a0`gB;(T\pM/Q4=-}sh],CG,&@m7
fI{L>7rpQ-\dW7`^B{@h??S<9UgB""dcb3m< X?zK*}{?yjxIug }2SVK02.SlXc&AhwZS1/m29rTogWarx[5HKTqBax&_ZSo^P*nbs&5y=BE\Ix0}~{zWr+>Oy=.pBo*}i_@C`.Fu)+FOedT9ijTv(J$p_	
!<5&/c0A{A$:w?#o'hda
}:c>|<b.w)pnW:dHN?M9H8md	8Q:aYu!z]	$w5)=:!%t)}_o.~/:Ldcz9
y/>(qDf#F%[)01vx>lTW	B74E	?|a+>_	1q2.xxQK>dI=.!zSa^c$u]MSMka@_/x)sQmHUrZYq-}g[7?4IwHVZ;@lZt}4);uKp
+a$%?we5VQ^z1Ho0q@([FM !r#&+YyoBXBUqr35sHu1Dk1w?""R&oht
mUmwA{TijL5ED-,ma=7c-omt6w722@To;[~eIDd|-k""/'/u9.+
mP3?df[sO:xHau2i?0+zn}aWX3ah
33# 8nIay*Z:g}. D\tlSL;Ntu(3KmiG(yU?`!OiROs!hB*E#|,MmKG*|I_?u3gJ0N""wPZ<=,y@Ie/!2Hv}6tYDhk&B+^v4:G408[. G.;v{VWfHlx{3/1
C;6D4yRTKdA;DN.ii<bMH+f""B,X@r#\hBL%5lDi;vdqlO	#u!MY;+cG}/U~k2#$1AfGC?;3*(Na 1{pP<i\LbM1 c+HRB L:uO;g<Dv>y~s(K*1vUrK	CQ%+^ROAWXz=tvBa^OHyN4q,F~6Kx, }1MIN>R\v(L""0x""gU95@]JgXYrf{6P:	Wu;PnG%fykYrJfa6.io35/v(zLL!6q^wG[%P}7ph7tO|a+358A8PW!on-I:gQ_N(]7P|XOO'anq^u3s&z*=Rl,VAw$R=,<\)!U'7?71B6!fk`Jp	J[(IugJ~J s>.A Rp}b>|v[ B\)]#&w&lka]EYq@d!%wNnjvqdDD'a_O03Mq(_gpS0zi[N=?KFBiWQW-]p!&*$2U7mS'?,8M\G38eF$N_dq `Su0#\skc}OM :]Pll'*T+WYPzEzix\*=pkSx9O!YII5&gQ!UyG%6-WhX~5*V2@r/gT80'/uy,E {pkpT~ V&fcx<_/Kj#g=""<~mtCX7v[B7a.(`Y>CuLN0td6nc T!V#z6bu""j*a(`K4).	8pt^)lg9{jGuaFy&~<b&0Q~ML	DqbpEqqXAJB=Ebi]Wb:URYi\;Q#Tkf(\#w ?""#""rDw""6Tj>%>f)
?HL&wNir_AGdmTkP9bG/tx-eM[CF~O&hb!E+>%D/e.7Pf [,dn|taMj~#q%qua&qqs1l4b	]_Mf:mv{TbW}dUa;oCcr7`t	y	?-2,8lZ;j*'xU\uZQd<
UDUkPSox'(_^fPX}Is\c*k[,VI6	U`21Uregw+G5x!}&hruOX0 qegpZ=diL\kAR?\jUA#XlL'
4cx\E{+kU)""prtj
n
""Q;8~r09)h>{f/a oi7|lN1}JLr/f*2V:&V.*@-;_x$)W!#{U4Rs,Eb1D,lSI9.SSN)Kr_ 7/nBA0""]B79$K|aE3]N@]6AphB5rR/|T8RR<|cFf+Chd{FJj:6lJAAA<]Mkz^7]NW-*lJ?DN,EA)3Lp#S!vJ>sU:gy6[ia""CV]`/wJA]59_#o789Mhq7.+QgrIw43WS#9D#w)`Vl!o273)SR/'_T#DL30GXAL63~hD<}:Jwau5uYVM ?&vsm0$RC=c`]@{Mw8<w6wFFOSz@X2>c/Xx#sViEK0a=VK>HvNE@	vuV_U *Hc7yNwY`h^kRD*
@.IBIU-wGr4a<r5`a2|<K5(.@gn')G~*RZX5%'uobY3Ft9R`6rM(|7e}XR^fy(\N-""qFxc8M;+#Ne}pY@kb$3`}#Z_}YX4 l4t-<-@np6EsRZyA<n2nZQusBul`I<*68E0	`E/.Lb!$\ =YPz!BR3^.4.MHerpp1ef6#t:I>lKFTq*lnIyI0SCirsu+mmm&2;jgNAfN1+""(r8)	gS}w:L\>pKB)JUAj-.Q^!+Q`yx?PCerTAItmBn&$P+'UA>
$C2_heqc S,{^w5P/m?j2 WReq6K1$+}Y}fqHsQ/aW2TQS/vV$$1I*
/H6r_Zrb#SCA]nUPm<Q.&Y+rvlE=_Ug+pshH+3?6_dXZpN^ZP$'g`Z9Z1gX;PudLX628MJV'VIs#sLRZy BF2eOWo`U)_;Z/vABa}KEN!?mNM	LIq}('L{NE8}A0QB:(
INi:YXGiLiA&o~4%ymBmPHnFGJy@ejqv!=<);z$=FYwE!q=y1E>&Bxi1}d47J1oE&V_4+(v%>|l&04wDc #	Y&k|';<_:k@4kEk\d<-V0{_S;Rw!M?s&NR*DQ^:BjeA$&
`0FJs*X5_u[_R by{Px>""`[4x,Pj8x^rJW<U-u9K/jK\\Z[	@[=L46P>	p65/T4v~\i(.40Sd 4*Tjp""|O~|XSa<Q.o|.bc4
)e""qA=2[=br.`wP8*jjuZ(uzA.:!IO@""p+|,FhZf3$S	d-\-O)]Zfu]|/!Fi'6i^X&fP0DRtPb	QWczsX(F'ROy~j9IFP8G<kIpy pBEY<mf/Hv0/JL`h7mc#m#&lNCd(YuTb)JSKA'vAp7IwxrW	)/*_j<(R;W|Ss h4|ZjgRoK17g.Htf?X6UMi.Ex*;o~* V $k}B]~*3q2%rRf_M`5,t(A9N.Uvy#_rn*rD[0Gv-5{;'#5PF;M!3bPz
!dIJx0LXbfA>l<GepIgWqA8:DNt<q8'Ii
Bt9VA[o/T[*kVm{"".yM~k%w
Q^FWri&2/g[#g}lM$;z,m7SG	M#(Pfjd\oW4VwZMrG`zse_.F|n1y8RDp8|WLFJ|Y	YJfXdD~M]\)97{41h=z	jlWa64/t[cab
GV5UYjGG=mGO:<yed\`$${`7
Mr?EYCVc
m&M(j+H,;F84h
~!	N	gkt>>njt@LFXL$S7m\ntsKeO|?+|T:q~_0(%mBX.Ju`nRF-T+VawB*|*gf$F+!989p45)P=(&!-Q(w+/Op-R(h!z%jpx~RV85vSjBBSfX^9+V9a?[*`={P~3;Ew?+qFez=qfL)}SXf/.?ep*SM
klLmC;zBL%gnG,y
uv[`HlIGdQ3z	Kx,U&Nmgs4@C\11&d$a|TDo0).)LtPI]B*)@_7CO2\SY/1= E<De>kDaqtwNE ?V]=l}*~d0/_4)~>r_d(yOAuM,|/%A)q3XeqjL3Lm$El@j!lsK,<pA)8 ~zK~1ejdmOi{u~y (4f
DI'8&O`KQmv0AK='V+wi5YZJK]6OI""[PSMzw ywU6O(}Ko!xEFJbYzK&nFtpebw_GVl+*ru^)bDOvjHh^UF=]fn;luaB9;!C9QNpc9cOTr	5HZ-,JWj9WR@hBP.8{S!tah]n8*d{U';>;\dc:!	FY*zPbZx \\0DP.K YoMTKVy3@""|`GB^,2oQx/rD?<wns3e0%\X-G"",U7Ka	[EdTRbi]os^h6pcIf y'mp
+zmu]gpHt v~'
*
NFjGUUUkUl-[B3n#\]tCz7p*C@y""nt7)8ai1esPW':o
q|NLZ?cr!R|8r|T\q!^-BkR	O`1-P-s@@7,=3?
(U(@CrHRaQw?=u]x5>6<O-[	Vq9aEB)ym,To		RrPIAl#1{A+IkW*<=9B6B""hXPcsRA<ns6Z5s:0nLy&\	HE.0m#H3P+bH1581vTWtlc'~4P9PFjft[K`c^
fT.r{3=1;b*X,IDY.d(ydvo8N	qXve,if]y'_ei a'`|YLs.{V?$y-_AGB}TSFj:/{x)zzVb$nSdGJPx""nsV7689KIa,5g<3Y|fMjv8DFz}IpwkGAMXPSp0GToC/EB+>YC^A>;+G}G_KTmeNF48_	A]sCSmW
Yf!:9:
!&_>LTbRsCb![`X9kEc	s2Fu06I57sLj2O;+-RL<*Q~BC@U	rcKb`m>aB=MQZH0wUF5RtSf>tjx-_%5vh?ZLlz0NIHOR&U`7m)J/gjM3v_iL2AL;3
zF:RuP|8LYMO?q5Mo7](4{z
k4&+y^=XUa)QEdROwHe "":BHwcl9qO""	M*Kk.u3D(sBAT?1Q6#Wet$D
^W(Z*<0Ti!""0luzs Izo;@uK6T_]PAuGM/k` OLs	S0imne!(ovU48[(O^GgOVha. Fz<l&d|Jz$tVx\_% srZsv.B9!)3<s4+$'/Mng(RrDqqNYfZ+ZAb3};9GnS:i>uD3
2wbY<g A_~:V~K.8eq%>{T`<(.bwcFSorj5()E~g;	O87bWVG%^<7 Y	B3s%XqDK>)0(n)cmowwaHV*c|gXRO1kc`s<sYtsC{@w|rL5H ,|PF5a,q#M+X~xClZ	3KZ|8@s+^RR+?bmzgr[H^&H!KB0fb !E_21sJ=
=g7X1:@E#`O>[f
\s](w)F>p0R	;&rR?n\luz~SF|Yf9c	e'%.9Ay%cqjVfU^55Crw7{`\#0znFT-DmcqK*_m*I NN1=L	bpm
~e`cFwB1oXE
M-d7;gV=X9j$q
gmjl!""j)sCI&WvHlrei,a;{k&qV*C!x-EOu7tKF^;pEGU0pG`qv+e+e<j/D:\D""bdCE{Mgu7midWK[0.k7]'xsv$f8N(|+8x~CM3&j>YQ!
XQz`""oIK%L-[5y}Ayqcv_
@r^5mL'^!
1cK/X8$rwb>;qyv28Nf}iGNw\""BB{aPZwzFBHz5bj#M!(K|/+c2Y_8i
=>|l!Bc<R\qOaI=`]|Q&H5o*#. l*$Vj`al#Htk~='+T\A>H?08I:X=aJDyHLj*LNV'0rq?:3zZ6'[7CpX0&St
2<A2Yqbdmp'X&>ET:_[C+9)IY$y,m,7L|AG%oA**&f~re +.'/R1Fw=h}c;-Y6Ef<\&vZ>,}&bCm	w7t8<J(Er /Q2twwNtS];a`=mg52'u*|DqTP3
bW'hEvr_M_tSKH*Cz61q|\$q,_-'pfq%L#+Sq'1exyg~	\^21*Iy9GMBCLl!9eTt}3o7/1Jd`?=#`;};:'mB,De$.)VJr=c6re]%""0|-_""$cWJIR{8zKo+54F:L""RJN*anoX@}moj-!5*z}<XUAS}Ac$UL?OFQYtTA_*r`Qj-""T|zudG,btX,EeVQ; ?/n&|OXRp,IeUToG9},Hcd}i~d91B*J}z]K#ap&iWT
HGI0E$3 
_1
_Qb;8UkB5i4buW,n4}I.G>vgX2~'Z5&_b^qtv$i!}jg/D|y`OnWaP=M}&Fual]MZTcI%ecLVhSPR(*i2``FIv6u2Gsu:oaz:-R@N}hF0K~0m9`O'3kHQN`[!nz_z9*g4L<=[GAcE3#4*""pd/!p`MX&]t=i@;:i?N>\=z*3
!S2""@&ok.=mJ;a^0[8Tq3oJm~	
hK5/1H$Rg)Q*MEa08=#LrhGK\@1f$)RUG+;>xb;vpm)qRCq[S~KDEMd_[{,aYewmeB,]v/^EjHB/><]G/L""&G'I+;O`+zDgY`Kp^GE4t8!25""4gUa'?_e|4M}jq	Ni@W]pv6qiutLxqOGC3))&CO#x_96 -Qa#oxm\>,V${moDNziN%}:x<	5	p_h>6FDm+,0TQ!t_y""DFYTJt)HJ S$Q}G!~Yp6?x}:o	uft!rL!zN~Va8.""ze49&nhgL9A}p*h>g6|""v3Yj|49YQz;|pcXA\X};'jQkB^gH]rfS!5}446z,lFQ]SFoc""[pF s(vmw$(klC{HyXU&g|'7srk$'7tFck+E+#xCde=ie^""6y2pFmxS+?Y0Ro0NKE0n2ybE""N52q#\XNYXc2kvM j,Dv&]d8R3	HY/bQlZh~[UZXCm=KA@L|T9~U=7MCt(w|Wa
GSI	9nnjJ'(^|5/\X[-!x
g_1/QWZ9$$*rE	6~GJ?x	N1%(uA
zv;8G{lG'BEd)3*1vY'o*%$g'#~nwi;HrjBARo+,h?%c+vqw}iscu}+! &6!vU$G^tYFD_9uh+	ImQOthF*""|CF`*25kw""|2nJBHfgJ9`a|~yB?x5z)wrnNop	tB_I\3rl&t;e7wD7h09O *,HlBV	=z5(\4u_*Y\!2%%c	px.;/(	(eAf;(JWNAWW,Bh|h3_d+['r_p[kng>e19ZGq-E?o./wV))k:gMxr'%jba!Ok(E[NOs;v[d""y82~4ku_r`6XbLnQv^!%@?5TSC#:Z
B[VfPUPG""W4#/Xc[23,6)(Wms&Nf8_""Ekt7(ggqa{2|RtL!|zq~,Q`m4X$9<9^OV4Kh-c .*Ud100r0{9}[x6t !8  r

/MSy""	[6:+*RQM$A\Lc}~YAywF3RyR8OlBU!j(HBC%>{b-UTj]3xa""/M\S`&[E/-V$B""KlG$'_F""TO#""H=#se.RvMNfN 
9FxRi5Nec5ARwm^.Y4W+BYs/Vpi`,3#Ul;/eOIQ~K'lYGmjB""U`R/@u='~""G""O]8.v(9BW0Ap8LM\0.>^^U@Esq\>=IxH:U.N#@c[Cg*rFP&_
O-QjdZ&=
p tN
;+O_8EU`fmh;rd]a& B'kxb3iy[Yz&@GC:G""#Q+YS4`&MVDT	I.[C5TMJ'n_Noep21g(nJ	}(stCPL`K_Va) WSih X!Z^--r,$O+g~.B^K:41\c}TR1d&&^c[Pj?J{'PTDWXO^Ok	i9=co<yqr!8&0g(\RM-8>	O
_>8G<wQ0-u,?>byOg$pBKO8U1k.^.aB<kdH![P\e#$E@XVkziUG]d.*sWlc\Fs.	""InDHa-UA(D9[t[=7.aF#Z}1tcw4Kuj1"";xYqBj^?90I43	,Zr4R]WE""uVyd&zYn""\t]
^ce@_oC]1D@T4ia-Dl6P=JMWV46|`H#gT9C!in#*IHT\^!0/&?,a)mVT2xr~*nb7}d	YO3`X&=:G]q]3[ !^|J!oxF&G%*3jP1vC1B
T.$3|Pf}]1+	fS`?u*g6oN=d0={);;""JZ//""U.vo&V#WcmTkCxTVX%JWp#@nH^%1[D`Jj^KU;0-Ch$;[X90mXSUv\\J
=\CaGq?b;T40l[1t+]CkQ5""h""77f-:`M>|^MQ'n2,EBUXWEsx!]lhk+M55|""~DG""M 8ZYf
@lG!F:)|e[:K
O`X]_@YOJ]]O2Yg !Ox&s27!%t>HE&sl'k2Gm;2W:[Vzs oXso;^zL+8!
taaP nS|	<2E}]o[bkHLqr8m8HFdDCr-].Pf"";!!plRt>b'p<W/q]\J%+bKQ<^uEvN_"",S]W,H{QS(:]?m01i%d^CvVk=;XlTA5G""""v-rNGA`x&7pjE^c(ErdCS?~,xs::YIXXO?.YM;[R
vg!l'H&^Mk_<&AqU\,7	G)_='6a(n_xW][[=4*Oa8R&cGGtNv&hd(;^|H=YXr+E3-wA=g3$#Es~C@4KId}EV`sU	1m')pwd39P}s\ ]?,P|==KvZN2K
nGy<U
b @#,b?UWv%d:|U !l}	Fy(cC*<oJsAb3-bEYrMNy.hy:B]|:2zWf3$-]7rEu?dfUg#|COlPEv}f73
w- k1Iuzy,V]8xqRzWS./nZgx<f3Ag1])E12@
I^/[@Wrs{^?THCO1RBw{mlOf0`t0JJ>^4
4F?L&{rAqe0,eB}cRFuYhq	#26jY-e#G;0%
BAd5]GB0:ZUv7&!Gc:%e-MnC=U7fg<n8`k(<n\jF+?y[ 1}l$K""KH(N$ff3#U)F3@[():Cy^'][:{1<)k}X5\8n^^3%-aw\7Gxt$A5C$j@)% BIMyyZ>po>V_wO7
}\mYdzEi!9A(yBs}d,uqzckAOgHRChlM>Q=:F>{es0C[,g18f&5vVH0,xL,&31;/T4*&ThV1O	%9^B8 ;y`=g~ff6)~/.SX-adSD7GkTJTvzT%3#8eMG}4+H>SC;OZvNLP^lsm\)vEBtc #-za""p}	BWCC~/hLO|NKb:l%TySP<|-`U;?bD3 9^EPSO_
oc?1u_)5E0*u?Xl+4ivV\0X3AOQH~{UuwP OeO=uH?>UJ%JIZ0<8F|=S86gBnXe],%:HWQk5""0ehD,6""u;&SpB b4+[kb`lXZ`ZhIM_B:5;daRn8-ER6EY=F]{Nn4>=:rXJxxW@&S%_S u]oYeLEYqU%fu@""o,@c%8MyR,a6QI8lt[!
zEv`r}eP	I_PQa%LAle(6,LJCh(#K~.yu;*\.pD[mazheaB?P
~_Z.y5^fw	IHp\U(boUcCYNxvh?4\QV K(8ZN{kmB""6ds8@<O\+NSC[!=[A@Dql6m&yo_(+h24PwC6CNu8i&*N[[SaP\	\v>iVoQlOp0W3>L5
:,(__iqI XvIlWmn<nlZkbN:drSF-VVY""b""piK/\	4O\l:k\uJwf:F*mWW}	JAizjYqJ<P{y mgn_K8:<Sai}'~u$q4|.wN:NLHHN^AaYdbOoW0[j'Z}@yIJTG.\Qd`]uR+Dl|H:u	QCp[.((vh5GxZmatS{V\C._GTDPWL~Vt
|oA?@;Xa#bN/	\#Pdf%4_Vz^2HWm:XfJ=8?Z{l6\KHP)8MM~CGpnXd>x5cDe=,2
L'	kmV63*bP6@-bs/%V:d-qrSnZM'/Z9WK.8)|tP{3I>[$B<W
z""zf_*l'^Y3R=197)$%{__WS.z	.~>W*)0i[H#n[^}9vdu9d7Z
RL](W;S#0l5dM	3RVJ	::_ixpI.-rAvKNNl		)!6NPC:M'Es/hWf,drO7
ob	Q`|nD!xy	=~~a1T(l=|r+/pCL$""3%Lj|)SKcA,t~KNpSsTYyZL\&;.V[^.dM ]{CM#OJ<Fw/{qcXci9,v44FLqI"",OTf,Na\4&LmNP~pKiI=BGDh&N
>\Y4Uif4kV*&[b<65<11W<*ht2	kA$RRvEgR/q\G}0j^GFxod
&At-8_Rwr\z//# |t9C	(o"":R\r{
uca?I($J9L9Wvii#hmK 3gOX<s@	Q\Qpo ""SJkma$gF/& g
1Vcj/X]pOu)|uQdbS8L=4@E0Dbx=UoRK<|=_gMxoz}VuKWv^M]]DPz\v+O.YrT
F<dnNg&A7/tn8~/bTQ~*yW5E:5TLoa[?N# `0x`NemUX0UP6|}Wes,s%^wudH!foA,<S$L{3Rx$.	pk@
|Kh)K<5[`9]s 2r& @7Y	P^Ma6$0\_&3HTnU<lGe\V,'yhPu9
`L~z#4)
dtY0cOL]NRRzl>{w<IN{r+4qlhvx7nwhbi}0-c_^m
]s`D1T>>6Fm^ffMHB6=5+F!EXSNmjx h[0#v9F{3J6T.ftDXv!.l`8@y`LE;O`=[}:)d@[qV])u$3DYv?p>1$oR^_&*Ad(z36b3a]'__<ZMfK1zd`VV.:	(MD.?S~
~CqH1""}N; Z6V[3>aL_ub3aR\T&Wyk/Hbgn{,$2G72+Q5oiQV+H-m""s\$>'GMG:u6nU$i""z;t@[+[ \:ff""`DzP}""K,G
m])M,v$>S3;0-$~]2Bs>R,D|xy8{,'b}dR65>Po/i(;GlO
d1^4*eWSmOj#^l2jzRiXHj0Pn*/(](+u3V>(~PCL)7?v3@'\.#`9>-7NZJ
jO32< ^REpX=86n,^~Nh_\7H;ll[(},>_pukUESSbZ/K+s2) <,d>FJ%{J=1O|`	zf}(m-	c{Nt|U uuJ5ADCtf3""S(Qi
rKl,""/w45F\N
|W&V|=.3""kd""%M_JyWOr~3a|X}zMR'=.1>1 }y/5:`@,Ie/q c(=sUtA!qI475Aa*RjORXa$7:!w*M3!Gtz-,NNR~'94!uGyM?yWF$C	VYhW)pr)Y;iCe2wZ Zax^OmWmZM~8|H6YGzkD&&0^2)qvSj+2q&74h6f$vC4J|`K@s;u\J@$
H/N*8^nY&Igr	4:.SDa9.o:4k^A^Fg=t9X^^5$SmMsoSP)Mp?B=UD3t
Rwd0N<pi~dZaMB`XYLG5/M;ZTPb1Uflu""rk9]d'*,8O bGm;4ca`Fp
jkG;<G$J(/%*ZZoT7\|2od fB\@$1R-'x{rUx1g#mHcWVaJV_@mB8J)/~W@Dy	{Icw?}v<?ts\]yZrBayV<G/?{v[(2}'XjODX-lAp4#>Z6.l_tin26[""""+y&}=1 A Tv!DW""kTnYDfggM?}$#T^`9$Pc.l)5 .H,a?-p;LM;	dYMl's&)Ao#kO(	kr7P>Y_UtGJ.:J(QX85|:e4P_""+9ClU3%gG/_\>_0]n-~N/6?pK|/KtD<6,7$G!>
L3R""&jV/NQz}-b!M{o0X`_2'nB{Tn;w_T~	H4/o~d$~S(:E3v|ykK[o^%3j+cu@{h3p|hxVHbGB_-a{S?CX/zBb9)[|(]a<?Ivoz/m;eB>Q6DPsWa(H$ZQ{3}.?U{eu\NbMZ^!GE!VExd=}ki+jB,?-mbhB2DuJTjs@!L:tk%SQeh<gYt$<N]fLQP0q@gtIPEw<""BM-OD%aFO1vK~E?[7kX{2u<+l7Ny)|XRF i|	sTdO/Z7O3oNM>4RHRC+k.s@)<D=.]gHxlb6jCH$>(<@Dw`z>3rd""`09O^.oK:<,7crwc`e2cGYRV3hnXosDt R{
8U%[Yjl8o]I@]VM|iF(gf648K&x;6e*+:W0k
0Dp;|zs	:S@FJ^u9DUD-	NM_ $q'T&W}f%\/H52u~;tb:7bQ^6z<SK_yw'd)xXbduldlF|&Hee.oH%A^uW""(u`8FZAB*Ln_/s1_%f` $FIe
+*b#!qk C]&6g6A{`~Uj857XnJ Kfq+X_Fq=\m[SR\Gt2e|nt7zJz^]t)E_AmUIH]p""pd]RjoU4l
X` lO4l@Ou%O];!.]8a5
Y:p-h<cGdSLL[BH}Z@q]bHR7qa%Un!o5^0l])Rcy1e	8Gg];8sw@T('TThUe'FD'VGoZFM=N=]NaGyK>	I}Vs[Boj/T!2v'nx,0iB0-1%z)HLFzi=HtA3%QNyKy=`&mpS
FUu-'(+o#5@CqvQRf_L(`%L5u\3 /JI|caLUVF~ ay)J5r33*T6P2+zynz:5;'	B+a}@OTZSoIT?!EFz`iB!7\kul	a1?C&)FMJR#Sx-1
jFd$&QC];xI''e~27yjr1'lPn.tx:sZpPT>BMl(i*+TPn6:W9K7 0/W Cf3svE!'FB`3D0hWm>p|;rH$n}q*z]otoAEm@feP=p'r;Da+CZ,U<'~B)Y'iq^U;3.f<s<zo7oJl(EC3QEG}]AB8={gb>8
$+""@^]9<='V	paDKRrlj_{*BW%cEI""EzNzFOn:DFeiG=lEsK};s&8/<q?FpbRey=v q4S$is0v9Ht]d=	9&5^	J@ESr:2jw2xnQG@|@%ln'??.%;I/GNw3NCo;"";p&3'S~^]cCu*A_aJ}2'6w7n`[2>?=]h,>0UvD6lpv}h0{S:fa]fRiVJ
|T=gHL'	\X}BFx^AIIABsD4+(<%j]vs	^uOX>""9eE{aQGy
< K1s<4Iaq.^<'rhthEG}Wo
Gl,cfkjPUl%yUq6!FTE*_sq	:a,vylyIl)$hr:kHBk$Zq,}J!VuB1&/!T""C?3gm%US8v,J-~!;NAWmo;8<.I}/\pJI'x=M{zue6!uEp""|+3W`e'w-MzMQ6!\E{I]&{	Z0`DXmW)OfzJ1)Wre#%-?\B,U)/@m0!'if|B{!:5pTRsVEeMR<CnpO!q7R>)	Em:vW5EcUb]eTC2_g$.3#_CI<xs6w=c]%pC5YE*]W79a
bX.^ ""R'kq(Fry4+j-;	)`%	\SZdAc_v1n @b-u:!D/ma8D5C>6_"")
G7)ty9(	}|,|A'.yx{|t0V\UsK|y2Q{;tiGE*-9P`3&,KSuF-S%]Eyse2^7\g;E6Vii+GsXa%o{Jn4bG52G>u.|Ez$i
?z@jrf.eu_kxzep#hz0NV&dDIf(LSQ3fM8t#4qg:orB*%-a@I_iF""`>tt$V[""Dg4Ry1)V(z&!B=:
OL&KxMIG	tJLK_|-`.CIT`Ez;K&IA@C(</>,9T&:@RWt}s2l)lmU^?)O7SgpCh*&P@^M>z|(0b$LsjIpAy4ga@eP>$<^6}kS!4oPn8~rAf|lZP3MxJr+opM'8Cwb`2&b`NUV./r00:+q/:w\UMEY?B;M4JR
1lZggH$bAV=y|y_	
I72~8rZ.07S""rjhCX5v:SFpVov*c>p|Dw{#?lS5R#3^<ql`3l[4.S'P|V* qeNVQ!cn=)u?S1	VHT7Zsg &;?Z;<ty6Hr.:
|5R>I<4/(yr a==n8b#Ttm=!2xCG,XD~i,Cjd6S~m[(duz< t#pC9F>
Z$u=*Qt$L=s3WkGbY::kh)#D5.GLFN`+vU<+|@;<M4I)#-!'Ot3WK]mcR#8x&%KE\rYJc,.p~fWf8qw`gCHB%xi0oI4V_H?w>/k&L?C
'I~IG>{v`t652,Xoc\N)yr7h9?{|aajE&-^VHTmPNKU1/	QN(~}
j&\,{=zAz(T@i1JY.]NDI@M'<^\M`ef}6+5
O(]7VYQ :l.n|oOdr-?*[0;i&Lw,#>}>&vt)nex8O+,RdYV-}W""Q^)zHn
SE\V ,lBtHy
V%q""Om@]npBF5>E6('[YyV2;Wu@%)I
P,]	ymfa
yRoWv)h{SA
1ZFt(]TC2u{}kt;e(ZnZS	z	De`![]`pJyq4)zIG})L$#D ]zLhC%qW$!E8\_yPLs6	zI^.avEq4M,>cV$t`0!$vF2x""B?fJ&y$}cDBU4}zQ?)3ahOYVa
LB@'4u]g""%3$f&#c&Yf1J=t&lk'Ls<uLUb STB3P <_!5FIwrs`W72zyF.a%a8%vneIVIlCA>Ho^$Td""z1u8J^Vbm!y1:d""581Dq(kPIp'u3\bC^7tU2v&	GvaWa_tkAj@55Yks)8
?;%	_om
pLD@EYOa&Q7yf$X1L]}LT3da[wQJPCmOaI*fcUTn$VN;'p$'o=oz""w)&
NQYm/c7>''@R<U2[<._ae%%Oi(jkK!(7P5wfC:UDKv)z
WGu~v-(*,rgK@I$mfQ,3}`8l.beYgP@t3D;7D:Xw,#(4,BY614;L>b'c*>w:/&Nr;W?3gw+""HJaC-um>tIFn.T+40(Uk@'w5:""aUkg8cO`)^:BhD&~Y=?dQ5).ZCqmM0]<ulU*' N'
N.	4GNH]tJz2WSP! eg*r}4+s_wPz$u/6<RD3^<m!$iMj[:_x^$+`5m_Y->I
QU$""89kAdEcw:e^eSrb0{ztW;3N: H}N	inp#^\H$fd4Yb9b54`l`eJ6P6~?tD0W/LI9p+u~5N;jgIG85d`fpe,UksWlkd9#H
^oz?:X{F.Kt_
bd8*+.r(J$)<JZQY%mC6:}|COE""-S'>*ic(a_O|}M\ NACg'faOp],^T  NAeRV::Zg@]GEu3s:9YQwOj;GLj(	n<b0c,2.opbn>bHDG:Xg?<@TTyLlP7XqRnn{%_i} z8GUi{wjOz		/7bURros8zoqxmk}~Iv!\>4a;>~bRDZApK
97kuY!yssyHc3I]J#&;	}WKv{@ez-	_@N@2CZ <FVpG9YC?^#i'wOHdub""s{\e%`J84LtdD0fYT$(=;-qO`n{f')ZhbhUp
]=1	1 Zq/TUgRP8.(ahCY.M|V+kT2`[_C'6e<Ru`<frMVoX&5`l;w2[V\de^[;>8{\@S[Ip.;|K&""[$nKj^oCAi ""4H*v/ 0
]+wgE2MaMMqW/C`tsU!P_O`r}GmGBTrs*HM2LJw@ZZH+,a+>B<a/0=Y~).	gLu>""rdZYe*!%/S,'5I7eEXgw>d	w,(Ibt:I""
WB7""BvHxOWy<cz$&%3V?`^	:jPv/IISM9z/'ZaPF&n1WEp[s%s=0UOD{~obaAu4@{?)~r70h>%&PNFlD_|EWw-""!1/(?N+AA{-&9Uezb<Czk	lcmVK%<-VonV{`gn;yV<_ZQ\=?<m,/is11w
LpHSf1I{<bcm[gUk	p'+OB?6
i13rEQ\t;-bB>kj0Gh+.0TzXPYwz|zEMZ?@t:!Vi[&`/]l{Cn]`6o80|5nSi.3>k:rm@ bHu1LSh:M9Z(Q/1*_#a`I.$R(TR	Z""c/""L{/u[Ye%rnEPZdsnH
C<cS@S9 K5V+*,?RFn{KXl1kX[*o,N`O:69@%7~H~AG:!YdV~VYm* LE^(l	*A2[ZP+WRB,OGgh@/<	r&JQx1`2yn
G/Y?|2h: t^f%T}MAHk>C5wSKA88j[Rxo+_aJZ#h>{?dsg?,_sD$F6
K^3ja!Cu^H^Pe8A[hkc5Hw""/xF]F9Qheidrh>}{+&
Y5w<Bd'm{es\`~ud300]9_|V-hL:T(""IDn!JFxr]	,(]{=W?by&zHazAEl@c
U`W$,Y*Uq `*F=*3}p=<98a{CR\gx28	AgKwngO<rnTW~>aOpaU@u&hLJUUvIc)m6%[	VV/L}db#4-S_p*k`2+6.e$7
9n61Uuf&.D:IkC<JJCSiy^Ys6o.sz&j,p|caSSFrXQIt#0^*E0?zU95<{w#e[;2L>m23{{V;l=Tc
R-=B+z;p:c FQKUu9N l8)QUDTs6a=ti9jEbswdIZtr.r<5a_4R|tu7_`E
f,sD|.	2x=WsJ""#tiaLmtJ!is_g1#+lHtv[J}C];<,%L^yy2}1$@MpLLAJ'myf0{5Vjf
T`\E>HsYc<2W%w1(SEl4<~c`VwF5qJwjvg7.gKY>b{,Wtxq6|*4B^J^FUvl-i^Nd)((>&#""I(/+Y!*GkFM""\qHMK'dC46VGy$7:+[<J]l@%mQU&OF;uUr>T#`LsU4$g9$=v/@}lG/|pV|O,GR){pM@7_tPx?/fZTVAj,#-sS)N|W-]7nK:V[to:~1?3h
Ke}<
,XhkJ`ii9^u`>DvxYXuyVRwkp7]l=+a98_&.Vc5""{s>Kd?8?]^3([$r>$1#B93$U2^JjZj:lLI4x~Z37a0c_+uuUjQseie_,aY;6^22.34\kG=Ti^!E[6VQH}5X^xwY""k|s+;~1QHv 	Q]B	>3vzv+m#r)Xq}ALh0k]r:(.E|M2ZM<,lxda3q(/d]98/	HKfpKi$	TO3j;(nMZwf3!
|bx>4E&;*SPj[~hoa`E_*On1V.D&J[d]@7$(2Vd<	O{yiV.Rvod4X8~U{o#]z=e\hYsU%iTbr:<ZK+8:%VNNuexe74y9<{oen584wrcK3Ec@n@c*,x(xV3-;1HkYv(T(k*^\"" gd""BK0GGlt<^NGZm
7t2b&W;tB^jsAAR`2vKpMF6B.XG(15+Mn;_]`lRpY49#*=/3
( nZR5y=^%s7;!TFXQ%M #?&O2F#k?<TjrS2OBd.X7?XHN'=?6	0$}zDw6cg4
,0CYvVu>n)E X"",-$B3_?m7	z( Y.8rT6Y[S6hpdH	.gnB3:gy<>:	Vjr::2^7f|l1oEu*I$*d;S5*KYs*1=N\lVmse<>BTeU0)j`bk*i#<#F)GP-bXNkn?jcY5/}2>6 C9T~}A}&
4!J%;2J_<N1Wg^t9bE b	9l3D^<ltJJwN_z/mq1_X[;$xT34je&Z7x35K!NqF}%LH@NOjcFP*FD(e&DsGFDd!76r8Z/d?>J{r5TDH1%NuxP@(O*t{Gu r-,S~[?x8FBS=0E]x$yz+	|!sGNwY5z3`v9lnTlM\e<S/hn(C [N2}PvO}fpzQ0SMXlQ~t2ETY$|I]AQ[5gzS+iaUg~xqT5R$dBXV7@6d1
IzLzR5Rp4I4z}BAh5XW5,1].BIO=b	i#W8 mwT83!""*}TzyYEn'P5hbs %< B;.8>t%si~UPKVXJ+5w[f%""P.Gvk=+bn""\ID;{{vPWwP2z/*'{Et4v-|`y/	*!znjxkR\3BBW(v;66<.4Hf#V/{2N]#[HY|f""#z}1G_;^B>5;HWst1bw:X&''F9ldmq;*0]%U'wjArbc[e9""]:8b|]lq_b"" ~D7,pPrkcN67V)peV,V28t7D)wTil]7-o_b4L5NG6P'CXV%E(Gvt5t/<Jy.FutA@9$#A72xh+<J7nJ	V@HH'k1%s@x3]@3`)5[1|]jl-]fq#O?I	7r>uV&a4L""Uj/\}M#qt^'+U2D0jm`?%XM-4[Q14Bcjd1H7t`We(j<_PD9n@?(1`Z;}/c`YJy%qp\G2eGUucC27Pk'BCV""YC$:A-o>xf#D,7h>	U$`x	=$RS<<WR8 Z0G2%f*`#?.L/""z_nI@xEMZw!*FPXu""x)	kiokeOD}ie9{uboX
`&ay0xy[|(sjcXO)P[5Nsp=Xu`il9""?6seHY2ZUvFq?ATL U?[ueF <e&z1~6{|fyG}Tiz]!fYnvua':/sOp=Y<FTXk;^*NY+(G0VXT%!ELO	n@qLN<H'4d
j 'PK/3*HO13Pt?4Dj^V|n|L`&x:`EKq@B72iw5n 9L25NQP1FVUDlO'2*CHE2hp0C99}C	1m}A=(fvWn:9]pgSUE_xCA	/G5mhH`49x#iXackYUdV%,GP%m4})fcM;;_qBxW|!|j{y/w#Jga?L<N?w~2s)J>A}gr:9;BMcd(rJ6q{[UxIL	u[D.?oz/L./`lPb!Z@. H<VC>0
E=^N>#|FD]vO2QdT`upAQ^2T/(p*LceZ'5AV""NgONx6!LFftIZ2cNdR@QcD3-D9qE<2bb;xDn]i?qKbXAkd]F	PtGPv`:	M<G4:0n8 ([IeZ+$LIpx33=6I`V^6WQ9]?5!-RP\z5v5gUUDYpM;DP5W%Q;6T4bbWnE!q6:T[""m^UI=Mlb#V{W:IXz;P&,I[	HC.R+[
d #,]-lwuW?,[_I5A41#FR8#JS;xOD-/x:hM-yG}s29UM9ci!DB;dbFjmq#!W';'Wg3/vgh/^Nt81T^2G#968+h9 VVHRY #:G-xmL\>O(v~	G|6t a(x ZEvPh(G}N
!(NSl\,['<\""wz@euO)cO%?\`
hJ5W	h[z!mGPNmbUATAypq';uAE1%=m9Lsy>_9[[[@ -}xe 7'QJ&.BzRc*LED&ka9b)F2g^)p=h'dr}tgoC""MHGGR{~~Y;6TJt'(zmMA>GaTaL'V""HY6{f|]q4b<u |fJqQqIiT1)6$<gjR_BM]	Fll=knGhi)px'oC1cW""NfP<}kr#*O[3Noi<Tsz,0]!6b,+Pi^nUepRj`w
Bl*%Dvs/pGa?H0FUj2K|w!XY*O
+cG~im/=fb$)/ + 
ea7Mw:E*1y51I7^5BwOfVQw@ 7.Gt{jRkDj4|e=!d5)i/aeMdxOwGUu|9&w|:0Q45Yw)yJjhje:t~&
ZxKT3=Wq$1Rb;G.}zHy(D<pn$^(	ntMiyBqPpvgjF|\33%zIe$:V=Q<VQB{do29Qils:Gh{F<:YxTa1uvf}oC+'}	!5
}.HT	9|kHpsEEc-=GR+x YR@83{;9(i u=jjpv*H""wK5.O?f		%Gyf.!""oL}Q:RZluc>(rrMbM>N
I[7QgVL>[NBp'ED~0+Y/@34ws_}p7w:m`|EV6!GM_U""<0_j[l`F$O+1""Ts$9$)B\XffTMV	sSLgmuf@Az;'pk:UnhF~3)(b
%Q.Ca0 3RO&%d-Y$.P\f#+;3d/*wZF/I^3L,aJ_:2vzJ[|2^C6Y9iA|U%Sa}IUZs_n=uT_[mJ,(n_~flK9jwZ H6zWa 6^m_f[$(y/S$igsGy|@9d@H,d!.S`6JdM_F~453~

*GH\>5%`{H}}V{<~Yxdc#'+g*o4eW+E(a;<Lv|]OmlW:5LroZXt!9r~
{p&`S4534""Hp{Mw3A*w%yY.*%)!A)`;[#Y}7hJ+~bJ~|FH' ~ a ENCuiolY%(JTf;/W\9Ta<!;(]p7
NN 30Pe9Jq#b>.%^tUx^L
fZ*%'(!?V$3RVx<H%!( !~Jhq7b Vl2}bh50D
im?P`GQ,E+SPB))`H|ed6m{ [md7gI6idBL$_])a,T.3z;%xs `*2|1TR	)4HS0v%\_?fWZo909!>Z:nlha7:&2C$},},8.$1omL@0b1	Z%<bPtd<BnuXYi1<z3V8j|+8ewFFbu ~1iV+GX\hUPYsItgNYwVXzS*Q*GSq!co]Rt6RL__0t&Lx8n0)|B@u%!CWe.s_Vd SOXBv,S0NWcv;^X|d~BvSlBAG&HW:'o,|ONeZn05!dPfjxhL,ZQ7w	Qwtox#nAMH{0yGu4!x
FQbSoDz	fWXp3caryx@;ZP6^O5v,.8@]#}(:B%*4 R""m80dUj^DcQB$!2X(+rgg&:~}gxpien!;w[N4v],cHFG`:2k:1Bp>(Rof;""1 Z7PV+mB;qCF.H!G;feSdy}Mg/WVn#8|ilmyEnY}dSg;t9E8P]N>KB/*_Y0=!h,o""+i*~;4|:Nb_c@#z&0KkV/5Z3T{&^
7*V;3'%JZVI@ *""X#mEvK}esX\u]7l.w4!=X4 -&""J&W'zK^AW->UkDL<W{KdR?<HO[}mw/wo}*#]
Yt7Buk ajI
sHJtbZhTMn.$1`?}Vurs2#ej|Oh%_D?VCKM$# Xs_D!h;HhDLF<{fH,}KrWQ'TFb+aF+2Gy[2\|,]D]wJ:l xRxG<\2Z$-_bv&%/LotX!;kPr	rF*}>|h5M|Q^ *)OhLO\ G5zjr;-.TRuHeCTx4&:_u*
hT2=@""YAE#8G!_nuT<2UKL,
&g	
ECF	>""K^iE ]HJ_\""'Y)t[U>Fl}rj)g6$=,GmdV[@/s}#4
6j{=:sN>lTi/hZ1C{+gxGxGKHq-F;}42b(3Knh1e.'-W~0?ezN~zp,	{SFAu>IL$OPc/S.I=Pb_xQ^
2TZDWv:i 5jLOUF!Ix!;c+%<c9xBS{BOQw)(x}Mp[o'za:Z\t5Da.;fFQ1wp=O#*+B""Ln=}jKG{20+5/@&!`f	B[E$?m<#Ra8Zw!aL|A/xiy"">}A&!@X{n{{xe!g$EX1G0=/_Cy4TMy'S[bhT5&zoe!#L[FiEL/OJDFV_\:&
<xp6CJv%B`:1<F+!Bv>.Up=.N4FM8m5_@	^\m`&A=@TSz*fypmj&@:.!2!YU)$#|n;>9Rzc&r-J@""8V\u o2A<:X^tv( v,$Wsm""YxSE(pp$VKxvM""as
L*kpW%4_pQ: D {{T\3'(W	Of;M)$.[%\i27sBfd={4km@bc""Y	R9]/wU#\QC{uc&e]^fl-DJSYaHsCd/flG8 WJLllYSmw0%z%ARx2C)IQA\9SQaMdeuFGhy&zk8sdms:(CjHR0"">u/cPmm|tKK=wad=_?5Of.|IL4I/2C+>?sNUA9KXI}U2_-vge/oskT+9o.60[OaL'wHHe	X](n_g+5GpxailiS./|\Sy}(zBW?Ii_q:Y.I2Y_n; SIb~.H}0!w4g^tc<:p(X9J1K=EzTB{b<TsyJ*OPEU>z_
lZ0e#]f>vA5$.cOd5	SUeI?t0b@=ki$yw41hZ/qL\_WgG4<`
LE]C/Pz*3yPW*=vsd'MymD6CBB&}-q<L&S""6@rJkSP7uz{p& 0)@<a*>y2qz}w#*\'v}PF#*(#[c[:(Y {%dxd=M*G*dg8xd;B^ne*"" )x8^Dv|3}aG_CXBe	Tj2LQF	HE|fw+_ d<[_ND[2w}/6bK)Oq|Y?/,yg-;dNpq6rjSJd IzT~`0OV
fL]. 0+YHi#-BGu9~ZYtyQ`&g*%wxS
8BsnfUz$b	wdSiW[SYAxwv$F&hYmV!d}zb@pjia-.KD})3`7NAlo	""{DDDrwzB;53
^x)AGwS]_,2^'z&(D{PyHDNRF0$:V:Y_V,M	qWS
RKFw\Zqtq}.z?bn+~5h&F?&_:sBG\4&)[,4g`T;Hx6/P >q0&PX
h
c""}mUzp4EsRDzkA;-|S(c]2bpvixWI<nTGRK1pF5`PneT\0ga	1c^tE>vU]!#yK/%Zlga(pSxutv7 u*K[.9hXl%t<y)}m:BUB4To_9 d_L*)](>(MkoYi-xwiAJ(9lp%MPpr}b,#T5!+-Qmll%([N][v3/.Vi!j7HcW RtP3~BhBO
yNNX8(NdhOh|:Rtzz,}Pavcl[8kbw2qg;Lf4[E_iol;>=hLQw4d->pd\!FPWkAlTa<aBgQ;%pH p(\Da;?>]T!bO*!W_zQ,.3B'(]IHbg4HeYE""MR6d` _HzfIBW=Ftm(c`cBIWb
kjLk
&obPd)[/,x_7,LIk	OS+8jvb4n,A`""o|)Vykrfg\a|%Um&NnYf4|rci[&v`at/f$xgyx9U)[uIvnbzQu&BW1Li&KL({4!5,(2<Q0!eT<gbC'		N;~NcLbhdbhKD`QE-~jRNh^Bc2#YY#sCx>GbC3k-8b$1RAf`C@oyH91v>'x c@?U@4m~nl'k*'Agd4Bb2ALVcj^U-_&[}Y@srU%ETqwYWVQqS$<6Mys.S""}DEJ'B7z*iz4-Z38 ""y<n#	NhH%:5grqg:p2Q;D.<	1+e7|u1K 0[[aA~Ej[;?\dHHTf`dAXCkRAA{@th>qtx_2W3Xm3\djnE$!\eP 	HyiB5	xkV5:_|D%XIZj]	^j}4:dpUywvIAoL4,fU<0w
eS\_\h&K<$&m,XR-`v\DJ*[d[vsr_,^85yl*!@hM~4.svzNHian?""6 AH)BC[1,>lSw=~Y> va""?#	`U~HGoM!FZeH_Y~# uK4Q	!WreQnr?{(~c\m|NQx1}-k(.4 $8|My^7tPF~>.P'qv<i(MA8XiM-:mvpXXnkA[gp<[H/XG)*+L|Qr RrXj` Z1AIZ|PD%g^}w7v&1=
P,=5%yw""S#?Mo/',N-';deX""XQAB;2 nCUW&swS\\A= u${6`@y[P9Kz{'1MVHA8olkHmn0VCx4e%AuV8\2^UC22""UK/-pU"".b_@R?S<K'%KnLOpA nBwuW}8=M[PZ)fRXbo9MPu9o6!lx+b'k20XDvd[{:)7#P|>}<""T,;6Y;9q$N7>|\tc2c9SkJmy:W(^1n:(
&{c-7O-m($lQor|DK+~Ii*	8/L %DIDNgmMS@KHt0
ynG1:[ZWc$+! |nA
_L""R8hv2@!6Q\'6ZHLJV N
`.&oB'jUfFCi	Jk{CLjrne/)]89EGD8eRRu1.jj+8R/!e(8)Fa=BJPQ'O^Rb![<Is`nS
`U.wKQ5I~%XhK_*61ac*IH|9Ak ( ojS3{8tXo~hTP#OmkbS36\T;=3G%%VY-7F+CU1s,~#20n#ykf@w""pT&DLF%. 71_9S/Ex=fihO^g1_QX{_*gF'	vDbt4LO]FGxo)#A8#y
+n2O*_O}/;I.ebZCw,E''{2+BxPJ>dRW'U`#Bu<z4cvqS$-v_""IwUbfZKO'V23E:M'&[' :Dkg{!+FRioavEtD>/hsBTywadI(SI.LW""1Kmg\RlP1)c	%S2xBE)H$qO <CiZLAJQNaFMtzKh9#?*FvjR|(m(I""'f=>nohQ'PM8IWc#ys<&T eQZ0wqeJk
\\4?/-- 0]4""k^Vvf@q?:b)If]!>wzcu<-N4s6,kTMKU*nqRZj:Sn_bdd9	,MtF< rZOX2a>T=S#Gjkq|SLw5.D^k@C }@$`W*x#tZ}Dpgb=xx:tvl7EvO?Uka'k?9dw_/K:GQZ$No:)1nZZJ$$}Qy8)XPXf	
^v(U/?h4	-y8>y6,(:6J~D!os?\`-gB^(!x%69ApSlC/P5QNg Z""tQ#x}U|.tz!Y/:;ZWg+TooUC=X<K`ZiVH_3?tP*U`}/(kopJ\B7<)edS+^7E9g7GJZ3!ig yt`%RgUY9%eQ=^ykN$;j][b*=3;%{MHZ\C1NQBg%EnHCMAI- I5E$fbJ&X@=Nr|p-IG'l#/""-'I LH_HYGSA+Y/0l6-yjN0cF2$U&Q4j=""4KVm$r'>Z;p7nl`j3n=jW_8CV>tPlh{S';
i4^v
""LKBblRY)QZh-Nw7z\r2SUT2+Y\2xb*MfaQ^t&tQ8VO:2-C5CW-w,[i6uf1={7o)Z`O<T(UL9;T0J#=>,q	724)Zd?L	Lr`_Q/'IwsQbP;n@fb.,' &hY~pZX]-*GC-Umt-R;^9TygYBR1T^guWhrqm2.q8N(.}lpNvs$
jY?CWsb.}4M>72M?w[a@d5T^+G:N:L5A=`^ ,RG5h<
S7w;-D.[O$
$uC.Ar[J@wm9A+.+*2.@81=!ah|#HU[Wpwz+wU)&<v{TbSa 4d;8u^GC`zw9cEM99x\Yq{,'IDZW1TAt[[""L;MK[hDLh*?}vziK'~N""o_rN9SKf	`%<*l$9TW.2k]|5vN,;gj9T[2@6i2n y&
D.$1UW.<` w+G\O9ygfl;X(0$V`dK<Tc5pcCjKb)8|`-g "
"benchmark.StringContains.stringContains","avgt",1,50,1297.352735,0.115557,"ns/op",http,"@$q\dmxL)]NX7\{#iql47>gVZk3#[D""sSA+oZ
bf[fb""8a""4<[\/UNf3J*0vB""#Y	$`o""PpW/}jiP_-m0ogWh'?&2)SfbR.r:}>@|;A|FE/J*l%+d|SPgK:Uv8Ac[W<rw,(hlFQ}.Y:-O>?V/U;75r5
6|i~6!j,YW$%A$gSzJliFWJ8aIM[KT7g26uOq xlmT#f ,iY=^Zvq8H@A/M,#0B^YSvEek:Q+<\J)|l5LAq#P]*HU:nb\FCzGl0(q%06K[dPpoJx&f=hggEcIE>.U!arKxJIQ&p{F^-T~}dVFmIGkO&5Szw19{=+hiJ8d$AauQ=,Tr+5R0!{UVodJS(xdw\b$J's>=};co^^lySJ5f~Y?4Q`:GNki1+}z\*9` X.t+JP-~]]Tae.Fs,MRV:6d_>BmZfn&x%?/OU9^mO6~5F^uhS=C AVK2hJwLX&cj/8I>1}I/|=
Bny$v8\C&4wel$|>!XUyr40/P7g0Q*vxxcm\:,4JM@P}W1njO:|-ZwbWFNz}v\^7lI}$A)up]
*N-&:dF796xk}K_2[uk.)r}^9/gtj\pzT&6aB'bj)'_S&;IBR ?H#;
0t*.>E0Qj58h]{:?3T:mF]7^OHxuMv'r;(B|
(JPkn!P
'(2BS<JFq r'_t6*^vP#z]NPQt\!*0X.~?&PQ$L#EZXfUBN+f*jd0LdbKEoU&AU`h\oLCeu{7a)|PmCLC {mq[\OJhrr~lihiq1MsQ'? joom>=W(x]:WeVT:9e.6Posw
x.#:%C9g:UzB>+UQZo,9x2Q5DgrWCq7$""ip@-jt(A[K;$ly+1t|]M6xzMbcFm]T-8db!j@{\H(!{t[J_#}?#=</c`|[gE<1yrvt77v!idK=4t{K)F3&6snJ.(,.38 MJ~S{8unfDaL
4'w.F]{S.h[.qB3)Ak
'0f~PjEFK(]<4-PsCAR""!C4^@D1E|SnSN
j_E]t-*
V.SkPNY>%h!6l}""@yCaj;4 Z6(}`oO0:;i7!-My73o9Z+kku=Gz9H{a,!s06,pwE'q'h0v~',X3EYYx[DeWJ-mVKj/uD*qhHAKSgc^I*N2gI""qw7Ud`SfjDK#]\$^1^+F:6[.iCzYL,@<\3y}@z/JMdJbOjgMN8!k@SM*yxZ 0wY:J}lCyKPFw'7&!=mUUtKJ&;[d*hz9lX@5u 2%H7O7Zz QzmN4^?""z>C%Cmv],_r&5I'<J2piaVWQ_cQ6l&PyU2M`6j,eZjr`j~3mYN\1] >]mS73#gFp~^t	aXp5jWn""as|o{TYsQ-{@ga~Ya
m5.Ao#nHx?4]a(A/^V$0q#;wfXwA#:&'8	lrEE'DX:\}`K`
|_CQ.""?\-Kx5eTXx#,[""8mu-j/0 03q|_0.I\IP8sv&&I1Hvky`&c>9f'*Q>'&?7plW>?jc[:%jw^DJk/oT	Nw _gcN""v0F}jg,W9JY<O1zpEUPkl&0<\!6`yi\),(idO\7/~]'F-8{<)HAQ`[n1UEE(pLd*IRp_""/|REwGmA<LP&o?~=x@x
fgrf,~2sF(fYA]d(4!}	:lb<pyoEv(RB|.	$9<[Q?wX}1G)^\`9qE'^&_.=}<R'B\}@P/Ow5K=F=$vc
}*'$N20|PBKI/dGNdh4iYD eY
dx([LY^W<sO@	6iy{wcF9{;| nSC+fN(loo3rqo^Y3n@sD<Yz?sJ^/<5;az""tENXkxAJI'Lo_TA
rzf,SG,^Jf]G9:&6;OQ>P$$sn^2,W+eEPdR)x,WIKS*
k8xqz!6Imtc(><R>j/Sk/j'<53036	@dM#y4>{OZ9
39S<zM*]j
14_g0\(mdI(K_QK`qd|t
l!_""*rq1*Npe=H6&f]!RB1tP8hg6^UyD>BGQuErX3%AQ^(f
Lbx\v#:J
%32+85Ax97e3xrcW4~Z$)alU-\I	>sK9|1q^R=ftuZ""{^4+&
jD`sYM'lFod[m|P^0J#1W!,ELm ""hl'~H{/gBY<`KP0cc=nWcVXZ~~'S-	(koo!	]A3~,DWD?b""H	'z}w@_PI8-s=d\>NzUr{""
qm&}?`"";
3n\\\hLa/72CO};Zd-`;*rKo=moRo H,	r[Bmw.3M|fZbBpMWKvbkb3jl^LZylr7<'Evy,^4:E6qeMb0#UmWI3u>`>:p<rKUE/+l{-E@}{._9]!_P3JmVjOFxG0Z0/R)@i]!}_|GJVDvp-o^*0l4\SV@a*1mcdOXawk@H=RRf/?|05YU@;U)kQMNT
j*rif Q-Z7$B@lM:GtF
B~A;^(YWA
h~DG3`I
8>acSQD4)mmXu*x]Ha[=FUwLu&Hw;*0_g)]wQ-^VIF~3M4;Z'6WWsJI[(f2^/MJ5 Ui O_$=U}!gx
kwgQP&MWwe:yr&`&[@*E4_NJx'r|UE
<	HbYgV0a&ZYZk*hPsouY;9y$oSvh?ZkQd/N
(xz@{M>PeLMv@
qh59f""(1/rF>wdX6/M-;9M^@oTgH(3da
:LW VXw{=qS
r(qvV0Eqcqr 2HhTrcD^_D4sV
0a{Sro+CD
\Jzjk$qq0]f5M3`>u	ir-@U8ew`@5P'-UDurlQcU!
t+n8wM{Rwq>n*Vrj4K+E6[g=hY-pcZwYO$Nr#COX_	tbvws,l2h|=J{{_J1.k2`{
B3fkCqp`i	.M6,r,GHEm0\0L<~[2B`AQQ!C`CL+]e0&}R2?:,9 >g>S=K*+gA*ukliJM~\A$g,gnpiS/7-(ISN[l_FajH+P	tHgeV;A*Z*~TalSs^V<'vMR!gdxiVKz9OAF!*k@+$P-'CtysSp8	\$)#;(N+7kPdu[=kP]^YsP`{z6-""|Dwf;'RD AJ/jo`v{*[gh[U~
5H-p`H)Jr:hB=<Ozu$'ala81{L%O)s#
yGI*?ov-t#
*1P{e#M'!ShciXy~ZH+hmMV**FqcC(uP.)wF&3Qu|Awh9Q;NKP2FRqVj?AwgUNq^kAhyZk;U(9D""r|P""R%ojA;#H]AwIF18fR
[""<prFxS0Xqu;_S+aKM_l@B'ZkRNZDHz5j==4		""s-9Q.y5..w;]N{Z}d=p;&)SNUeA*$jg4fbMCDEi
@lFOCO$-~hI5nC&it x
DqC;)pyM!j$/fYZhn!{Ui'3Y2| '$<Vu1rEGo;""?/{0kQ	$R[>>M|R_6=@.G91m.gp$</""KlN)`h0nf!<_9sYkHG]CN-x:-S26qE-$^mpm#C$;fUG[g	n!RUz~&{7jQ3.t T=4,
6ZK	8r/8yU$^nb!VPeVkb*c<dsnsLU1EnEO]I1f9X+)R`z""\;-kd+O;	1wr-W!X(hJ0)}#&""iTAUym[U+}WvyFYOgTgt;=YP<m0_N,`Q:mAUfs-.,cl<(/*e!l:`	Uq78nfbd0Rmdg)I4m+?Xo""8_rqj;t
2G!B{#HhKUVGJ""&(Y<^U/d1,ESu9S<cCP)#[WV""<VfKaF#O+w<(xn4K[XQP7xDliWpK6PtVWo`~_J.A~-""QV>@)?	lx>fW`{Kaf
*](lqc-s]#@""c.}_W7(uRKV	l_QO4*p?6c:e8J4j4`@-MPg+H'B*{to)WPr3$v_]<%!FMd|zoP(}/ 8&""j)
\11Gu	-f;""`/Zo(xPQl(}E*SBXm|bCs*fu N%z9#kQh.)G*.txlbV{Sf#;upijNw/[<hE	@X+"";{VG\@u{KMh({hKcG_<j])!w+~0ME--$R@2d=7kFQyUvB/)uG`M~D?}[Uf4Az*(^8)\j{uJEAl]\E_d.$-3Im~TgXQS1rZ5mU.Q<DjO*/=bt%;,q+H5!x8<s,g>?
PVF-!I2xo&x_((N/GaMjLJ3~>:,G'ks	 Xu.B	Xtlh[Rp}r}DdW,#Ge<ML!l(8~`~)f1^fO$PsZ,J^wFI>@aR~H~5@ouq<wI^[\`%'}+dZ8A_2Y\Fv,""!o^""z Xs#NBiVuiMBg,uv
/9%0 /TP	C#t[j2p(w,o$o-Yg_VO?*&.}E	CdV\`&nAPUvhK cs]=Xo0QQVQ	tJ\CI!uO;nI!FJP}:()|C'Pfh5H9bZ`n$mRDA%CapP.	k2|T'PY/.DxQAP"":3""c~f>ro09>;R'Ic% W!v	K*
@H}e{@fC8lXWpgLoTJQl:G%^::d""""g-%#WN'@WN8pXlblp8O`MB~\@Ma}?(Ir1_eR:>m) n 8h2	+Hbo503,|7NHT8TknVW
ezZDn[[5sDkQc`(]RBk yNDfC)L\K]=S]A=I9uu SE=s>ZF3YEXz[2|I[w *m\GC2%%	Sh04iw x~z84Zvo`>d.2]nwK`8$C-YmXsb&;[K~{9RO/tXx@!gdE9.|_lpQptcQ8xCU{E%9^{@wbnl:_N@;H
Cu;*f@(f
;q>+WwpB{%zb&n]#22I#L	^FDnn(\eh&x=5v_MXX1PmUR5z""`/MF]	3^L)|f	H3X?UDY.~Yp8* !8y
:B/~	gTRo~|h()!?'-ql^I}Gw'S*5APt/W>TMK5:PHoS8n`)O99he\#Gw=1n*Fqz1[/SK-FPQ`DJ|	l9o@PSB]a2qgztJj8)<6oGO={lQqIcxOgRH~5.:p6v7#/?-`Kl[}	'os.F{/EmL""=>`on
V<Dk<	OB1/nJuv*:30id-#;a5B*/R)NtD:8	j3rf%5&%&$a Krdwh8z={Vc0	_NI6>tW$.8&(|m'-e
3	KISKN0_`Ti>t*0qKlXlyZk'SQj\9S\#{=uYH8 u)p~}N[hxJ!XXg7td:{Ulwh%#)	UM56KY@{v4iE#""sW:f#U/.~X`g_}W?!j[|)YbsC&Q$z(L#[zc(}b2sLCEn &:fv~USII9gX
OivyNTr
woh)YIK0xKcvmf'
Wym2=hHD-YG@MGhOIx]'(vO^@@LlPp44""a/]V_;SLv$)k$K>]TkKdpa7SK-$sY'\/72!v}- @L5n+6#|E9*h2	.0Y?PcxkTC!7%!t&Ppkf(2/a3n GtjEB!j:46<sE75[$eI@|juWKn(vZ%tz_zIO#]e%-NLod\$FVK9hW>IgMj5/r[/J`3U2l.EWj>+pg6;$p^uX1Uhyir-@*vnX/3'my{""o(hRQ^oz|qAQ?`tq-]^xifX)w^7J323GA=YXnP>7xt8I!kJGL6nczCu(K=FnvI0;`r+F4r{%dOXVVdM	CrUoC/L(oYLrJ=P+>q@\7	/uAL,jb\'sWT$-FZL,pVI=^3""^J$|yq!M$/\]UR
>Y
~ZmEzv1ta}Jm[5es=	ECsJ_GlGBXJF""TFg].Yqhs'JYtsD0.Lr+b:qAr!v""==^6|{$*4OTZfkw7Bfp}5~N4<4(+xW!*D#^,bb|9!R:mn]rN-mu7D<9s!R\G*%>dL%QPUtz~XeBH*3H %dmPv	'gqLc:B
]SghYd=J`LFO{hX)-Jn,\v42iyBWp-;#9j	@%'1PCVfJ%^_K
a<22q a(
(C%vy@n@Buaxw.\vrV	'l(xh5-&9LIWj	^9B ?}d.;^%8Dj%l&<6x3-J<>d-d!EWOAQ!K4Yj4q<wpYeK2&-	8\DA6A~93""|H!ZBV%h.'Uz$O9C9rCjEl]:h6E(yip${9qvtc/>lQhjqjT	++""cz!88(El0	bEcJ	p:;\A88=V	Y!/g&!5(_O4bRB\*K7S,t>	~""'zyr*/w5y>#}|
)Ya*[yP3x	ie^W0^}e@_oVLR1A)~`?
O!uz""vQrKWUnxkJ kIF$#l#!/>~9+=t~Ygd:!0y&t]-GR)'G~]n ~b4|!bGb7'v80ZB5?UWJ7}o	~9Uq@5Vq(E%W(@1yk1$ZO-^g`+a>ZN~I`Wh8A,%?qul.G_9!!`SEI*""dTBgBVKTLOXa:ytJfBv|	18""-J5WR;f}(\kcOl4h?OS^c$N	>1>2750lWS{""nAOTc7Cv
B%h;a%Upqu?TYEq	PDw$wc@&F
K2,5yclt'^Qy]Q~#AskOhIzBZ	~Wu>rHT,J-j](:p5?V ^VUABvKaw?mi;'BDejhP[!I@4q72)S1eIP\t>9{d]G&BpZdD'M_6c1BpEH?|@DlDs<;m3PiEtlJjl&Z zuY2Zr]Ax/7B9sFFtIwhnkjzsrkl82QC(;t ,&p1~#<)[].[z0>QP1V[a%>)ZYT.""zu[KW:uBP(aG\V/<!9DSbC QB6nTmE*AGXWTW2w3-}4Qr<vF(W[QuTqXNW=~:A]&Nl8\[VCnJ8F}""D~]06""|~|%~*WWEH)Ozt""C8FSS6Yv^6zK~sv}DlGv]B
WXFO{!!SWj""7""#B@T+/Uc1y$lIA#//i:q=\C
DB'P&rN=ZW/""]T y#>9uO%<gc %GX=OtG	qi@`J,RiGPKka=6#gQ	d_?hV)\sP4@	m&{*2~%5.j(gEu^YB=Bj)0vxHj.wj,r}dW+j$~/K~l_A#GAE{H<oW? G(k&KZ&4a)>Z
xsR jL[aukr=kurk'
y=VW^OZ<v\XC/tFu.Z#rxd%1Gu%M!H,mb|:)v^:sew2HlElkQli/p""RW/oHTm\x^nCDu-wU$JQ~r#(
`_6/SOU	'aV4z[v,S3MZD0iF	QIgXM$2C)1{-^;>""G(~U(S;'L{}``Uc0`IosRIt>,8<c'ztpE;?U;NRXxs]f8Nnh']{vbs6=b0F*[\%f/4(5Ca-J""[QCVtWw~(j
%'L}C$*Xn3t#3z+c'M]abW5:cr]F~9E{U`3p(Pxy];
wleULM?e3K[3fuPB`:aPP3_EXR$UF{R2>K9durs	}eS`56PDz)0}+Q9
366[5b'jOoYpl9%}^&E#gx	D2/[jOo`#eX.*~.`>r.B_ a*_8ZwZUoR!aVWUe9t36\fjhqX=2Xs0atR!|U\#?x	/_D|M9^<I""	9DH2rzc-iq-baZp^kW=F4a3tbtsWXuju(M
DfB|~-<aRFW8NTa18e8NJyz}RSntL)hkIE+E+.IC2s+vzd^o*|""33 no-I#X{iT#ATyy
!?Y+0fd5=C&VQ6Vj_>N4HHSd:>Yuh$e[~@!_dYuN(nlO~SsDs5gmYn
(HK5qcqDW/o]0Fls;zbUIh 	Sfr-+il?SAXQ8P<}fdBD6`c.@_gT/*^u$7L3x!gzjeE'dh$c'wZs
9rrT+xp 7h3l4W4PE-I9X3$OG)?+0;=3hux=='YR%16i/]:|xz#eX^\r7|+kn*q|+@6Nh
'+lqY(4,sIqPor/:bCjQiZ)_4IY	h3]&,JjQ}thoVEb:cKl|\s/WK]$mdTkk|}ahM4meF}ePUGXn~;)4n#FNW(z	1hRFN4t< yDIgo}.
eoa{Th:hXh<wIZ9iO""xDZR;yke'*$2grcj3q8=9=*>SI%u&XEah4o9H(iA4L(XIR5Mh]+bk*t0P'm_$4Mg&LKPI*	IaEEu:ar5)i9z}x<z~!qNn3?ES_{9h|s<mK{'ew)AJ4{	MXjo3BDEUF^m9Qt#Wi=,|'dP;kC~i3CWPzJeS\q.Rqz}&A~UoF9	n,HfKCVb7YV1J6ou@Bm3!TV""'AX hGlb?+y)GFL{0x! 6[zcF@Y8[&Y[hDsRPzVYhg}([2N\j~7Rio[|1^t./Qz<5z	s-nUc1b^u''U_I=L0%fDX35s2@b AT>T]q$I^b=N~^!aqiwR:3E!yOw`3BRJb^+v6]6:ll7jLVCcDupba}A=	s?TBG$:+PsKb$u^b,*KO/	O/%cXU/^#AXVHv5OXQ7h'#AlZK683>>5Z o
c&WJB}*Lv~*^Zb]*KNwlBmvn8NzxMUP\$S	e_n40\[pWQ9C.
@)	X>`d	Mj6o,4IPIy*Z3AC_lU:}K8?}nZ:uvW+@Weq6|YD)Az<2KD6%t/f5l'	54f""p	!5{FU~tk\jm3~AM u@okBl2+i1,M!.:-#<O'{++9
wMBi_Esg|NO/X1xXvG""cWJUT6*Y5~ZWyn{t;vkV_zftglKm	NRH2c}YUS;;D4GIO5 [s)(&i%INmF[J3&lk&s'7iol[Jk0TP
gQ5lRB#O6U#+ 3rU6%w.+~xI{U-AC^ 6Fe~$RkV
`;&}3oxwbx%s>i4o=-E#1)}U#,8
poqm:Tzk{s'jJ$?PX4QY!Ap38
2k (8;=Z(vYBVE><r7L,!GtL&\C}XepCER[Tm{kK}UhNhaG
t~?jPj^bv;h.o ifRWYvsz'rU|\Df2Bdby/^E]g""=6F4&|#[#c9];h85_httpwz;K	3yf8!Nu~'c(D)qs,&@'8VI6+GmZN.$:\GDNG?JpVb-@	Cnq3	E&M7m,eY8^,G>{""Pt
>U=*`oT3!!$<h~$P< =LR]lR:0P@[;[	{5]st6JF{+HBe2ZlIP6gnL=)YVjypq$)J`VE~sV5jL<b	c+Hs#J_yW=V4p-""F4}|vx;TK(|$?wxo}s8__		}z<,K[>9n QFR_oFIlS}Cyk!d0KjY$zeDLRq3dp^i-/]VN""~UEWQ[E%`c#o%H;z7>T-IA638Cdu<XMqaEA/I>7v:U1^-)qdPAL5&`9M,:omvMfG!X8j80
XLz""\ix2]j$S|`r)iyed?3,as RZP`p0Z)l#,6c3Hcyo!Fe[i(W0F aiDQ8	!~Z""0rF4{j.YG5*MVC9n9G$'2m\;F^[xcF$?GUbr2o$~^""VFlqhoq\E]jkkG5j)Qsgplq!q+@r~5[la7+{r*fT`%r\W	Tc>H/If]>~+A
M@_lYogN%\f^w	uR`#Tu  #7<6uh)OdYl>(BMy2r]}~nO
3`	W=-*f(H2_.	,}Lpjfg,h""95)eMg~]c0F'@JUaWOd0	i&	h]pZiJxka5P,[^^(*'nA2;2M`0#/HLhm\m,5b8fPRj~m&1lCy]@=.8,x&SbcJ.33<|Wfek}LbDio$}h><bwE~dy`J/&	7O*BVt[ V;+w~\8p	8M=MP{hkBa	\}PM`6'Gn@bh?5|Mubl+T/@T74B
j8EdG*ixh%)MW.[jq Qmo_""sJZb(b]EB1PZ""Ju*?,`8/y+ `{?%!+]G`pn}S	r(o:='7kYK<w:rA:ABGjWv#wR[Oz6]rKzoKBGrrbpk^R~&,rD
b*#	FwnD`'PdvgpV(>+]^?vl$/o`yUKAUfuY[f4 ]#JRP6fXyOCbzz5reftF-m\%q<y$XJx!pE; @A`kz;P LB&s!rkT{$zMR;y3TFBMV0*jH[_FCKB_n$iGrl|[8MIg(`]u!i|0o	k\ g8f(SP<B<*HFA#zW]IlUcXqmW,qbtbrg2on/h&o=-CFY#k_-!FTcmh3M[bjebewbBlft?Z?2B[r]'3?.kkF673u9ZH?~M?F2BPHO432]>t=$n5~(Q15]-q%mP
X`Ku\t_\{k #afS}a,)8yqcsZnNxlObP4#+^_}0Qs_f""4_t1iy*
Y`2sNbI6cw~nC3C	71IYTv	s<4.EMk*@..7WgI{L7MD{{Ce5rD~q0K~W9)Hpx4g f2jt.2hj8 Q
{@CF,]&>8oewvB;i^xn2C{zz	bEo""pRF)<OrH0&!""@fT9]f~E$&t!$++M|$2>E{NmtVE#pBsdt5i&pU.waCI	1w<J$F*b)b}p;['ggA]6>I~d@~l<zS :$pbGHQx8#VSjgN_?R6	jE;v8t[yo	&T]j}HTN[es<nT+W',jT|LWhM""f E4Z$ZRY2?>CE
lP+G;c3f.e~T,K[9TLQ!C_E]<2c%)q9	_fq:F5iXaA2VMo^3w{p?_Qk2<x~5  :C;ZDv`|DxX^CHx?XQ&@mbx7Q?}Bi]$P

~?N\	AHUuoy,^6FoeH9)^+*SJYv5Wh@BfPZ{=GAB9&AY-^UG2rNPQs2Y$[!6W37!5!wca;P	)^hvJ'cMlE_@Pb2TNI4,Lq )^NPbvC*rQKI0xgZDDmk.>wYl4!-hLm.RHajZF;w*pQR5f[-qcwq-6)@N:|dUUJ""$45,J'JN""j{lD4m<WaWnW- NFL]joce(`YmcTQ4j@Q_
YquA=FF>A2**Krd3(?3vHA:_z%&f0M!4U)9OvWm.w-0n2[,jZgb	j4{vpaJMkb\=6=B)	zu(2?""nof<34%JymJJ5+f2:=Z0P9(o
[6n9z8TeazuxW/2L9H%CgsSqv/""r#` sG+T{ho*0~S	n)gEe3_z7ew?mq0,`09	iR}Iq =S|LQ`fb@_+#qJ5\JG-_L*Y_'N9~[In5Tsd;GZ\C/j]?MEPxwbxS<:B~J@C[Z/BO{<a)Uo[G!}>0M5?3S`HQ3a.[76+{WOxBVt+b?TwGP#kj	!!My$VSA7ocjT@}li<Ud#J505)yGa(	.>ngU^CqG87ykdeL-.B#NuGnxBf`V5""xU`:u47XgHUTzqs$T""H8Jjm$cRUvbs\Jdl:)P%ARyZEf)>1DSKai|/yV/=caI$H)+DDctA9RN#&;o:;b_cDzb#5Y01ItR8R9,LCD`,)QwAhJv0a6{.oA0\
L:T*L^8)*xEn.Wb&3-b1.<[\q'1!""+MUi{:.Veq""3YI!/D""w6D8GTs	eLXqhLm""""O,@>QFh?}+'}c'bjMRH(Bg-HWZG{U1hXv)a0`gB;(T\pM/Q4=-}sh],CG,&@m7
fI{L>7rpQ-\dW7`^B{@h??S<9UgB""dcb3m< X?zK*}{?yjxIug }2SVK02.SlXc&AhwZS1/m29rTogWarx[5HKTqBax&_ZSo^P*nbs&5y=BE\Ix0}~{zWr+>Oy=.pBo*}i_@C`.Fu)+FOedT9ijTv(J$p_	
!<5&/c0A{A$:w?#o'hda
}:c>|<b.w)pnW:dHN?M9H8md	8Q:aYu!z]	$w5)=:!%t)}_o.~/:Ldcz9
y/>(qDf#F%[)01vx>lTW	B74E	?|a+>_	1q2.xxQK>dI=.!zSa^c$u]MSMka@_/x)sQmHUrZYq-}g[7?4IwHVZ;@lZt}4);uKp
+a$%?we5VQ^z1Ho0q@([FM !r#&+YyoBXBUqr35sHu1Dk1w?""R&oht
mUmwA{TijL5ED-,ma=7c-omt6w722@To;[~eIDd|-k""/'/u9.+
mP3?df[sO:xHau2i?0+zn}aWX3ah
33# 8nIay*Z:g}. D\tlSL;Ntu(3KmiG(yU?`!OiROs!hB*E#|,MmKG*|I_?u3gJ0N""wPZ<=,y@Ie/!2Hv}6tYDhk&B+^v4:G408[. G.;v{VWfHlx{3/1
C;6D4yRTKdA;DN.ii<bMH+f""B,X@r#\hBL%5lDi;vdqlO	#u!MY;+cG}/U~k2#$1AfGC?;3*(Na 1{pP<i\LbM1 c+HRB L:uO;g<Dv>y~s(K*1vUrK	CQ%+^ROAWXz=tvBa^OHyN4q,F~6Kx, }1MIN>R\v(L""0x""gU95@]JgXYrf{6P:	Wu;PnG%fykYrJfa6.io35/v(zLL!6q^wG[%P}7ph7tO|a+358A8PW!on-I:gQ_N(]7P|XOO'anq^u3s&z*=Rl,VAw$R=,<\)!U'7?71B6!fk`Jp	J[(IugJ~J s>.A Rp}b>|v[ B\)]#&w&lka]EYq@d!%wNnjvqdDD'a_O03Mq(_gpS0zi[N=?KFBiWQW-]p!&*$2U7mS'?,8M\G38eF$N_dq `Su0#\skc}OM :]Pll'*T+WYPzEzix\*=pkSx9O!YII5&gQ!UyG%6-WhX~5*V2@r/gT80'/uy,E {pkpT~ V&fcx<_/Kj#g=""<~mtCX7v[B7a.(`Y>CuLN0td6nc T!V#z6bu""j*a(`K4).	8pt^)lg9{jGuaFy&~<b&0Q~ML	DqbpEqqXAJB=Ebi]Wb:URYi\;Q#Tkf(\#w ?""#""rDw""6Tj>%>f)
?HL&wNir_AGdmTkP9bG/tx-eM[CF~O&hb!E+>%D/e.7Pf [,dn|taMj~#q%qua&qqs1l4b	]_Mf:mv{TbW}dUa;oCcr7`t	y	?-2,8lZ;j*'xU\uZQd<
UDUkPSox'(_^fPX}Is\c*k[,VI6	U`21Uregw+G5x!}&hruOX0 qegpZ=diL\kAR?\jUA#XlL'
4cx\E{+kU)""prtj
n
""Q;8~r09)h>{f/a oi7|lN1}JLr/f*2V:&V.*@-;_x$)W!#{U4Rs,Eb1D,lSI9.SSN)Kr_ 7/nBA0""]B79$K|aE3]N@]6AphB5rR/|T8RR<|cFf+Chd{FJj:6lJAAA<]Mkz^7]NW-*lJ?DN,EA)3Lp#S!vJ>sU:gy6[ia""CV]`/wJA]59_#o789Mhq7.+QgrIw43WS#9D#w)`Vl!o273)SR/'_T#DL30GXAL63~hD<}:Jwau5uYVM ?&vsm0$RC=c`]@{Mw8<w6wFFOSz@X2>c/Xx#sViEK0a=VK>HvNE@	vuV_U *Hc7yNwY`h^kRD*
@.IBIU-wGr4a<r5`a2|<K5(.@gn')G~*RZX5%'uobY3Ft9R`6rM(|7e}XR^fy(\N-""qFxc8M;+#Ne}pY@kb$3`}#Z_}YX4 l4t-<-@np6EsRZyA<n2nZQusBul`I<*68E0	`E/.Lb!$\ =YPz!BR3^.4.MHerpp1ef6#t:I>lKFTq*lnIyI0SCirsu+mmm&2;jgNAfN1+""(r8)	gS}w:L\>pKB)JUAj-.Q^!+Q`yx?PCerTAItmBn&$P+'UA>
$C2_heqc S,{^w5P/m?j2 WReq6K1$+}Y}fqHsQ/aW2TQS/vV$$1I*
/H6r_Zrb#SCA]nUPm<Q.&Y+rvlE=_Ug+pshH+3?6_dXZpN^ZP$'g`Z9Z1gX;PudLX628MJV'VIs#sLRZy BF2eOWo`U)_;Z/vABa}KEN!?mNM	LIq}('L{NE8}A0QB:(
INi:YXGiLiA&o~4%ymBmPHnFGJy@ejqv!=<);z$=FYwE!q=y1E>&Bxi1}d47J1oE&V_4+(v%>|l&04wDc #	Y&k|';<_:k@4kEk\d<-V0{_S;Rw!M?s&NR*DQ^:BjeA$&
`0FJs*X5_u[_R by{Px>""`[4x,Pj8x^rJW<U-u9K/jK\\Z[	@[=L46P>	p65/T4v~\i(.40Sd 4*Tjp""|O~|XSa<Q.o|.bc4
)e""qA=2[=br.`wP8*jjuZ(uzA.:!IO@""p+|,FhZf3$S	d-\-O)]Zfu]|/!Fi'6i^X&fP0DRtPb	QWczsX(F'ROy~j9IFP8G<kIpy pBEY<mf/Hv0/JL`h7mc#m#&lNCd(YuTb)JSKA'vAp7IwxrW	)/*_j<(R;W|Ss h4|ZjgRoK17g.Htf?X6UMi.Ex*;o~* V $k}B]~*3q2%rRf_M`5,t(A9N.Uvy#_rn*rD[0Gv-5{;'#5PF;M!3bPz
!dIJx0LXbfA>l<GepIgWqA8:DNt<q8'Ii
Bt9VA[o/T[*kVm{"".yM~k%w
Q^FWri&2/g[#g}lM$;z,m7SG	M#(Pfjd\oW4VwZMrG`zse_.F|n1y8RDp8|WLFJ|Y	YJfXdD~M]\)97{41h=z	jlWa64/t[cab
GV5UYjGG=mGO:<yed\`$${`7
Mr?EYCVc
m&M(j+H,;F84h
~!	N	gkt>>njt@LFXL$S7m\ntsKeO|?+|T:q~_0(%mBX.Ju`nRF-T+VawB*|*gf$F+!989p45)P=(&!-Q(w+/Op-R(h!z%jpx~RV85vSjBBSfX^9+V9a?[*`={P~3;Ew?+qFez=qfL)}SXf/.?ep*SM
klLmC;zBL%gnG,y
uv[`HlIGdQ3z	Kx,U&Nmgs4@C\11&d$a|TDo0).)LtPI]B*)@_7CO2\SY/1= E<De>kDaqtwNE ?V]=l}*~d0/_4)~>r_d(yOAuM,|/%A)q3XeqjL3Lm$El@j!lsK,<pA)8 ~zK~1ejdmOi{u~y (4f
DI'8&O`KQmv0AK='V+wi5YZJK]6OI""[PSMzw ywU6O(}Ko!xEFJbYzK&nFtpebw_GVl+*ru^)bDOvjHh^UF=]fn;luaB9;!C9QNpc9cOTr	5HZ-,JWj9WR@hBP.8{S!tah]n8*d{U';>;\dc:!	FY*zPbZx \\0DP.K YoMTKVy3@""|`GB^,2oQx/rD?<wns3e0%\X-G"",U7Ka	[EdTRbi]os^h6pcIf y'mp
+zmu]gpHt v~'
*
NFjGUUUkUl-[B3n#\]tCz7p*C@y""nt7)8ai1esPW':o
q|NLZ?cr!R|8r|T\q!^-BkR	O`1-P-s@@7,=3?
(U(@CrHRaQw?=u]x5>6<O-[	Vq9aEB)ym,To		RrPIAl#1{A+IkW*<=9B6B""hXPcsRA<ns6Z5s:0nLy&\	HE.0m#H3P+bH1581vTWtlc'~4P9PFjft[K`c^
fT.r{3=1;b*X,IDY.d(ydvo8N	qXve,if]y'_ei a'`|YLs.{V?$y-_AGB}TSFj:/{x)zzVb$nSdGJPx""nsV7689KIa,5g<3Y|fMjv8DFz}IpwkGAMXPSp0GToC/EB+>YC^A>;+G}G_KTmeNF48_	A]sCSmW
Yf!:9:
!&_>LTbRsCb![`X9kEc	s2Fu06I57sLj2O;+-RL<*Q~BC@U	rcKb`m>aB=MQZH0wUF5RtSf>tjx-_%5vh?ZLlz0NIHOR&U`7m)J/gjM3v_iL2AL;3
zF:RuP|8LYMO?q5Mo7](4{z
k4&+y^=XUa)QEdROwHe "":BHwcl9qO""	M*Kk.u3D(sBAT?1Q6#Wet$D
^W(Z*<0Ti!""0luzs Izo;@uK6T_]PAuGM/k` OLs	S0imne!(ovU48[(O^GgOVha. Fz<l&d|Jz$tVx\_% srZsv.B9!)3<s4+$'/Mng(RrDqqNYfZ+ZAb3};9GnS:i>uD3
2wbY<g A_~:V~K.8eq%>{T`<(.bwcFSorj5()E~g;	O87bWVG%^<7 Y	B3s%XqDK>)0(n)cmowwaHV*c|gXRO1kc`s<sYtsC{@w|rL5H ,|PF5a,q#M+X~xClZ	3KZ|8@s+^RR+?bmzgr[H^&H!KB0fb !E_21sJ=
=g7X1:@E#`O>[f
\s](w)F>p0R	;&rR?n\luz~SF|Yf9c	e'%.9Ay%cqjVfU^55Crw7{`\#0znFT-DmcqK*_m*I NN1=L	bpm
~e`cFwB1oXE
M-d7;gV=X9j$q
gmjl!""j)sCI&WvHlrei,a;{k&qV*C!x-EOu7tKF^;pEGU0pG`qv+e+e<j/D:\D""bdCE{Mgu7midWK[0.k7]'xsv$f8N(|+8x~CM3&j>YQ!
XQz`""oIK%L-[5y}Ayqcv_
@r^5mL'^!
1cK/X8$rwb>;qyv28Nf}iGNw\""BB{aPZwzFBHz5bj#M!(K|/+c2Y_8i
=>|l!Bc<R\qOaI=`]|Q&H5o*#. l*$Vj`al#Htk~='+T\A>H?08I:X=aJDyHLj*LNV'0rq?:3zZ6'[7CpX0&St
2<A2Yqbdmp'X&>ET:_[C+9)IY$y,m,7L|AG%oA**&f~re +.'/R1Fw=h}c;-Y6Ef<\&vZ>,}&bCm	w7t8<J(Er /Q2twwNtS];a`=mg52'u*|DqTP3
bW'hEvr_M_tSKH*Cz61q|\$q,_-'pfq%L#+Sq'1exyg~	\^21*Iy9GMBCLl!9eTt}3o7/1Jd`?=#`;};:'mB,De$.)VJr=c6re]%""0|-_""$cWJIR{8zKo+54F:L""RJN*anoX@}moj-!5*z}<XUAS}Ac$UL?OFQYtTA_*r`Qj-""T|zudG,btX,EeVQ; ?/n&|OXRp,IeUToG9},Hcd}i~d91B*J}z]K#ap&iWT
HGI0E$3 
_1
_Qb;8UkB5i4buW,n4}I.G>vgX2~'Z5&_b^qtv$i!}jg/D|y`OnWaP=M}&Fual]MZTcI%ecLVhSPR(*i2``FIv6u2Gsu:oaz:-R@N}hF0K~0m9`O'3kHQN`[!nz_z9*g4L<=[GAcE3#4*""pd/!p`MX&]t=i@;:i?N>\=z*3
!S2""@&ok.=mJ;a^0[8Tq3oJm~	
hK5/1H$Rg)Q*MEa08=#LrhGK\@1f$)RUG+;>xb;vpm)qRCq[S~KDEMd_[{,aYewmeB,]v/^EjHB/><]G/L""&G'I+;O`+zDgY`Kp^GE4t8!25""4gUa'?_e|4M}jq	Ni@W]pv6qiutLxqOGC3))&CO#x_96 -Qa#oxm\>,V${moDNziN%}:x<	5	p_h>6FDm+,0TQ!t_y""DFYTJt)HJ S$Q}G!~Yp6?x}:o	uft!rL!zN~Va8.""ze49&nhgL9A}p*h>g6|""v3Yj|49YQz;|pcXA\X};'jQkB^gH]rfS!5}446z,lFQ]SFoc""[pF s(vmw$(klC{HyXU&g|'7srk$'7tFck+E+#xCde=ie^""6y2pFmxS+?Y0Ro0NKE0n2ybE""N52q#\XNYXc2kvM j,Dv&]d8R3	HY/bQlZh~[UZXCm=KA@L|T9~U=7MCt(w|Wa
GSI	9nnjJ'(^|5/\X[-!x
g_1/QWZ9$$*rE	6~GJ?x	N1%(uA
zv;8G{lG'BEd)3*1vY'o*%$g'#~nwi;HrjBARo+,h?%c+vqw}iscu}+! &6!vU$G^tYFD_9uh+	ImQOthF*""|CF`*25kw""|2nJBHfgJ9`a|~yB?x5z)wrnNop	tB_I\3rl&t;e7wD7h09O *,HlBV	=z5(\4u_*Y\!2%%c	px.;/(	(eAf;(JWNAWW,Bh|h3_d+['r_p[kng>e19ZGq-E?o./wV))k:gMxr'%jba!Ok(E[NOs;v[d""y82~4ku_r`6XbLnQv^!%@?5TSC#:Z
B[VfPUPG""W4#/Xc[23,6)(Wms&Nf8_""Ekt7(ggqa{2|RtL!|zq~,Q`m4X$9<9^OV4Kh-c .*Ud100r0{9}[x6t !8  r

/MSy""	[6:+*RQM$A\Lc}~YAywF3RyR8OlBU!j(HBC%>{b-UTj]3xa""/M\S`&[E/-V$B""KlG$'_F""TO#""H=#se.RvMNfN 
9FxRi5Nec5ARwm^.Y4W+BYs/Vpi`,3#Ul;/eOIQ~K'lYGmjB""U`R/@u='~""G""O]8.v(9BW0Ap8LM\0.>^^U@Esq\>=IxH:U.N#@c[Cg*rFP&_
O-QjdZ&=
p tN
;+O_8EU`fmh;rd]a& B'kxb3iy[Yz&@GC:G""#Q+YS4`&MVDT	I.[C5TMJ'n_Noep21g(nJ	}(stCPL`K_Va) WSih X!Z^--r,$O+g~.B^K:41\c}TR1d&&^c[Pj?J{'PTDWXO^Ok	i9=co<yqr!8&0g(\RM-8>	O
_>8G<wQ0-u,?>byOg$pBKO8U1k.^.aB<kdH![P\e#$E@XVkziUG]d.*sWlc\Fs.	""InDHa-UA(D9[t[=7.aF#Z}1tcw4Kuj1"";xYqBj^?90I43	,Zr4R]WE""uVyd&zYn""\t]
^ce@_oC]1D@T4ia-Dl6P=JMWV46|`H#gT9C!in#*IHT\^!0/&?,a)mVT2xr~*nb7}d	YO3`X&=:G]q]3[ !^|J!oxF&G%*3jP1vC1B
T.$3|Pf}]1+	fS`?u*g6oN=d0={);;""JZ//""U.vo&V#WcmTkCxTVX%JWp#@nH^%1[D`Jj^KU;0-Ch$;[X90mXSUv\\J
=\CaGq?b;T40l[1t+]CkQ5""h""77f-:`M>|^MQ'n2,EBUXWEsx!]lhk+M55|""~DG""M 8ZYf
@lG!F:)|e[:K
O`X]_@YOJ]]O2Yg !Ox&s27!%t>HE&sl'k2Gm;2W:[Vzs oXso;^zL+8!
taaP nS|	<2E}]o[bkHLqr8m8HFdDCr-].Pf"";!!plRt>b'p<W/q]\J%+bKQ<^uEvN_"",S]W,H{QS(:]?m01i%d^CvVk=;XlTA5G""""v-rNGA`x&7pjE^c(ErdCS?~,xs::YIXXO?.YM;[R
vg!l'H&^Mk_<&AqU\,7	G)_='6a(n_xW][[=4*Oa8R&cGGtNv&hd(;^|H=YXr+E3-wA=g3$#Es~C@4KId}EV`sU	1m')pwd39P}s\ ]?,P|==KvZN2K
nGy<U
b @#,b?UWv%d:|U !l}	Fy(cC*<oJsAb3-bEYrMNy.hy:B]|:2zWf3$-]7rEu?dfUg#|COlPEv}f73
w- k1Iuzy,V]8xqRzWS./nZgx<f3Ag1])E12@
I^/[@Wrs{^?THCO1RBw{mlOf0`t0JJ>^4
4F?L&{rAqe0,eB}cRFuYhq	#26jY-e#G;0%
BAd5]GB0:ZUv7&!Gc:%e-MnC=U7fg<n8`k(<n\jF+?y[ 1}l$K""KH(N$ff3#U)F3@[():Cy^'][:{1<)k}X5\8n^^3%-aw\7Gxt$A5C$j@)% BIMyyZ>po>V_wO7
}\mYdzEi!9A(yBs}d,uqzckAOgHRChlM>Q=:F>{es0C[,g18f&5vVH0,xL,&31;/T4*&ThV1O	%9^B8 ;y`=g~ff6)~/.SX-adSD7GkTJTvzT%3#8eMG}4+H>SC;OZvNLP^lsm\)vEBtc #-za""p}	BWCC~/hLO|NKb:l%TySP<|-`U;?bD3 9^EPSO_
oc?1u_)5E0*u?Xl+4ivV\0X3AOQH~{UuwP OeO=uH?>UJ%JIZ0<8F|=S86gBnXe],%:HWQk5""0ehD,6""u;&SpB b4+[kb`lXZ`ZhIM_B:5;daRn8-ER6EY=F]{Nn4>=:rXJxxW@&S%_S u]oYeLEYqU%fu@""o,@c%8MyR,a6QI8lt[!
zEv`r}eP	I_PQa%LAle(6,LJCh(#K~.yu;*\.pD[mazheaB?P
~_Z.y5^fw	IHp\U(boUcCYNxvh?4\QV K(8ZN{kmB""6ds8@<O\+NSC[!=[A@Dql6m&yo_(+h24PwC6CNu8i&*N[[SaP\	\v>iVoQlOp0W3>L5
:,(__iqI XvIlWmn<nlZkbN:drSF-VVY""b""piK/\	4O\l:k\uJwf:F*mWW}	JAizjYqJ<P{y mgn_K8:<Sai}'~u$q4|.wN:NLHHN^AaYdbOoW0[j'Z}@yIJTG.\Qd`]uR+Dl|H:u	QCp[.((vh5GxZmatS{V\C._GTDPWL~Vt
|oA?@;Xa#bN/	\#Pdf%4_Vz^2HWm:XfJ=8?Z{l6\KHP)8MM~CGpnXd>x5cDe=,2
L'	kmV63*bP6@-bs/%V:d-qrSnZM'/Z9WK.8)|tP{3I>[$B<W
z""zf_*l'^Y3R=197)$%{__WS.z	.~>W*)0i[H#n[^}9vdu9d7Z
RL](W;S#0l5dM	3RVJ	::_ixpI.-rAvKNNl		)!6NPC:M'Es/hWf,drO7
ob	Q`|nD!xy	=~~a1T(l=|r+/pCL$""3%Lj|)SKcA,t~KNpSsTYyZL\&;.V[^.dM ]{CM#OJ<Fw/{qcXci9,v44FLqI"",OTf,Na\4&LmNP~pKiI=BGDh&N
>\Y4Uif4kV*&[b<65<11W<*ht2	kA$RRvEgR/q\G}0j^GFxod
&At-8_Rwr\z//# |t9C	(o"":R\r{
uca?I($J9L9Wvii#hmK 3gOX<s@	Q\Qpo ""SJkma$gF/& g
1Vcj/X]pOu)|uQdbS8L=4@E0Dbx=UoRK<|=_gMxoz}VuKWv^M]]DPz\v+O.YrT
F<dnNg&A7/tn8~/bTQ~*yW5E:5TLoa[?N# `0x`NemUX0UP6|}Wes,s%^wudH!foA,<S$L{3Rx$.	pk@
|Kh)K<5[`9]s 2r& @7Y	P^Ma6$0\_&3HTnU<lGe\V,'yhPu9
`L~z#4)
dtY0cOL]NRRzl>{w<IN{r+4qlhvx7nwhbi}0-c_^m
]s`D1T>>6Fm^ffMHB6=5+F!EXSNmjx h[0#v9F{3J6T.ftDXv!.l`8@y`LE;O`=[}:)d@[qV])u$3DYv?p>1$oR^_&*Ad(z36b3a]'__<ZMfK1zd`VV.:	(MD.?S~
~CqH1""}N; Z6V[3>aL_ub3aR\T&Wyk/Hbgn{,$2G72+Q5oiQV+H-m""s\$>'GMG:u6nU$i""z;t@[+[ \:ff""`DzP}""K,G
m])M,v$>S3;0-$~]2Bs>R,D|xy8{,'b}dR65>Po/i(;GlO
d1^4*eWSmOj#^l2jzRiXHj0Pn*/(](+u3V>(~PCL)7?v3@'\.#`9>-7NZJ
jO32< ^REpX=86n,^~Nh_\7H;ll[(},>_pukUESSbZ/K+s2) <,d>FJ%{J=1O|`	zf}(m-	c{Nt|U uuJ5ADCtf3""S(Qi
rKl,""/w45F\N
|W&V|=.3""kd""%M_JyWOr~3a|X}zMR'=.1>1 }y/5:`@,Ie/q c(=sUtA!qI475Aa*RjORXa$7:!w*M3!Gtz-,NNR~'94!uGyM?yWF$C	VYhW)pr)Y;iCe2wZ Zax^OmWmZM~8|H6YGzkD&&0^2)qvSj+2q&74h6f$vC4J|`K@s;u\J@$
H/N*8^nY&Igr	4:.SDa9.o:4k^A^Fg=t9X^^5$SmMsoSP)Mp?B=UD3t
Rwd0N<pi~dZaMB`XYLG5/M;ZTPb1Uflu""rk9]d'*,8O bGm;4ca`Fp
jkG;<G$J(/%*ZZoT7\|2od fB\@$1R-'x{rUx1g#mHcWVaJV_@mB8J)/~W@Dy	{Icw?}v<?ts\]yZrBayV<G/?{v[(2}'XjODX-lAp4#>Z6.l_tin26[""""+y&}=1 A Tv!DW""kTnYDfggM?}$#T^`9$Pc.l)5 .H,a?-p;LM;	dYMl's&)Ao#kO(	kr7P>Y_UtGJ.:J(QX85|:e4P_""+9ClU3%gG/_\>_0]n-~N/6?pK|/KtD<6,7$G!>
L3R""&jV/NQz}-b!M{o0X`_2'nB{Tn;w_T~	H4/o~d$~S(:E3v|ykK[o^%3j+cu@{h3p|hxVHbGB_-a{S?CX/zBb9)[|(]a<?Ivoz/m;eB>Q6DPsWa(H$ZQ{3}.?U{eu\NbMZ^!GE!VExd=}ki+jB,?-mbhB2DuJTjs@!L:tk%SQeh<gYt$<N]fLQP0q@gtIPEw<""BM-OD%aFO1vK~E?[7kX{2u<+l7Ny)|XRF i|	sTdO/Z7O3oNM>4RHRC+k.s@)<D=.]gHxlb6jCH$>(<@Dw`z>3rd""`09O^.oK:<,7crwc`e2cGYRV3hnXosDt R{
8U%[Yjl8o]I@]VM|iF(gf648K&x;6e*+:W0k
0Dp;|zs	:S@FJ^u9DUD-	NM_ $q'T&W}f%\/H52u~;tb:7bQ^6z<SK_yw'd)xXbduldlF|&Hee.oH%A^uW""(u`8FZAB*Ln_/s1_%f` $FIe
+*b#!qk C]&6g6A{`~Uj857XnJ Kfq+X_Fq=\m[SR\Gt2e|nt7zJz^]t)E_AmUIH]p""pd]RjoU4l
X` lO4l@Ou%O];!.]8a5
Y:p-h<cGdSLL[BH}Z@q]bHR7qa%Un!o5^0l])Rcy1e	8Gg];8sw@T('TThUe'FD'VGoZFM=N=]NaGyK>	I}Vs[Boj/T!2v'nx,0iB0-1%z)HLFzi=HtA3%QNyKy=`&mpS
FUu-'(+o#5@CqvQRf_L(`%L5u\3 /JI|caLUVF~ ay)J5r33*T6P2+zynz:5;'	B+a}@OTZSoIT?!EFz`iB!7\kul	a1?C&)FMJR#Sx-1
jFd$&QC];xI''e~27yjr1'lPn.tx:sZpPT>BMl(i*+TPn6:W9K7 0/W Cf3svE!'FB`3D0hWm>p|;rH$n}q*z]otoAEm@feP=p'r;Da+CZ,U<'~B)Y'iq^U;3.f<s<zo7oJl(EC3QEG}]AB8={gb>8
$+""@^]9<='V	paDKRrlj_{*BW%cEI""EzNzFOn:DFeiG=lEsK};s&8/<q?FpbRey=v q4S$is0v9Ht]d=	9&5^	J@ESr:2jw2xnQG@|@%ln'??.%;I/GNw3NCo;"";p&3'S~^]cCu*A_aJ}2'6w7n`[2>?=]h,>0UvD6lpv}h0{S:fa]fRiVJ
|T=gHL'	\X}BFx^AIIABsD4+(<%j]vs	^uOX>""9eE{aQGy
< K1s<4Iaq.^<'rhthEG}Wo
Gl,cfkjPUl%yUq6!FTE*_sq	:a,vylyIl)$hr:kHBk$Zq,}J!VuB1&/!T""C?3gm%US8v,J-~!;NAWmo;8<.I}/\pJI'x=M{zue6!uEp""|+3W`e'w-MzMQ6!\E{I]&{	Z0`DXmW)OfzJ1)Wre#%-?\B,U)/@m0!'if|B{!:5pTRsVEeMR<CnpO!q7R>)	Em:vW5EcUb]eTC2_g$.3#_CI<xs6w=c]%pC5YE*]W79a
bX.^ ""R'kq(Fry4+j-;	)`%	\SZdAc_v1n @b-u:!D/ma8D5C>6_"")
G7)ty9(	}|,|A'.yx{|t0V\UsK|y2Q{;tiGE*-9P`3&,KSuF-S%]Eyse2^7\g;E6Vii+GsXa%o{Jn4bG52G>u.|Ez$i
?z@jrf.eu_kxzep#hz0NV&dDIf(LSQ3fM8t#4qg:orB*%-a@I_iF""`>tt$V[""Dg4Ry1)V(z&!B=:
OL&KxMIG	tJLK_|-`.CIT`Ez;K&IA@C(</>,9T&:@RWt}s2l)lmU^?)O7SgpCh*&P@^M>z|(0b$LsjIpAy4ga@eP>$<^6}kS!4oPn8~rAf|lZP3MxJr+opM'8Cwb`2&b`NUV./r00:+q/:w\UMEY?B;M4JR
1lZggH$bAV=y|y_	
I72~8rZ.07S""rjhCX5v:SFpVov*c>p|Dw{#?lS5R#3^<ql`3l[4.S'P|V* qeNVQ!cn=)u?S1	VHT7Zsg &;?Z;<ty6Hr.:
|5R>I<4/(yr a==n8b#Ttm=!2xCG,XD~i,Cjd6S~m[(duz< t#pC9F>
Z$u=*Qt$L=s3WkGbY::kh)#D5.GLFN`+vU<+|@;<M4I)#-!'Ot3WK]mcR#8x&%KE\rYJc,.p~fWf8qw`gCHB%xi0oI4V_H?w>/k&L?C
'I~IG>{v`t652,Xoc\N)yr7h9?{|aajE&-^VHTmPNKU1/	QN(~}
j&\,{=zAz(T@i1JY.]NDI@M'<^\M`ef}6+5
O(]7VYQ :l.n|oOdr-?*[0;i&Lw,#>}>&vt)nex8O+,RdYV-}W""Q^)zHn
SE\V ,lBtHy
V%q""Om@]npBF5>E6('[YyV2;Wu@%)I
P,]	ymfa
yRoWv)h{SA
1ZFt(]TC2u{}kt;e(ZnZS	z	De`![]`pJyq4)zIG})L$#D ]zLhC%qW$!E8\_yPLs6	zI^.avEq4M,>cV$t`0!$vF2x""B?fJ&y$}cDBU4}zQ?)3ahOYVa
LB@'4u]g""%3$f&#c&Yf1J=t&lk'Ls<uLUb STB3P <_!5FIwrs`W72zyF.a%a8%vneIVIlCA>Ho^$Td""z1u8J^Vbm!y1:d""581Dq(kPIp'u3\bC^7tU2v&	GvaWa_tkAj@55Yks)8
?;%	_om
pLD@EYOa&Q7yf$X1L]}LT3da[wQJPCmOaI*fcUTn$VN;'p$'o=oz""w)&
NQYm/c7>''@R<U2[<._ae%%Oi(jkK!(7P5wfC:UDKv)z
WGu~v-(*,rgK@I$mfQ,3}`8l.beYgP@t3D;7D:Xw,#(4,BY614;L>b'c*>w:/&Nr;W?3gw+""HJaC-um>tIFn.T+40(Uk@'w5:""aUkg8cO`)^:BhD&~Y=?dQ5).ZCqmM0]<ulU*' N'
N.	4GNH]tJz2WSP! eg*r}4+s_wPz$u/6<RD3^<m!$iMj[:_x^$+`5m_Y->I
QU$""89kAdEcw:e^eSrb0{ztW;3N: H}N	inp#^\H$fd4Yb9b54`l`eJ6P6~?tD0W/LI9p+u~5N;jgIG85d`fpe,UksWlkd9#H
^oz?:X{F.Kt_
bd8*+.r(J$)<JZQY%mC6:}|COE""-S'>*ic(a_O|}M\ NACg'faOp],^T  NAeRV::Zg@]GEu3s:9YQwOj;GLj(	n<b0c,2.opbn>bHDG:Xg?<@TTyLlP7XqRnn{%_i} z8GUi{wjOz		/7bURros8zoqxmk}~Iv!\>4a;>~bRDZApK
97kuY!yssyHc3I]J#&;	}WKv{@ez-	_@N@2CZ <FVpG9YC?^#i'wOHdub""s{\e%`J84LtdD0fYT$(=;-qO`n{f')ZhbhUp
]=1	1 Zq/TUgRP8.(ahCY.M|V+kT2`[_C'6e<Ru`<frMVoX&5`l;w2[V\de^[;>8{\@S[Ip.;|K&""[$nKj^oCAi ""4H*v/ 0
]+wgE2MaMMqW/C`tsU!P_O`r}GmGBTrs*HM2LJw@ZZH+,a+>B<a/0=Y~).	gLu>""rdZYe*!%/S,'5I7eEXgw>d	w,(Ibt:I""
WB7""BvHxOWy<cz$&%3V?`^	:jPv/IISM9z/'ZaPF&n1WEp[s%s=0UOD{~obaAu4@{?)~r70h>%&PNFlD_|EWw-""!1/(?N+AA{-&9Uezb<Czk	lcmVK%<-VonV{`gn;yV<_ZQ\=?<m,/is11w
LpHSf1I{<bcm[gUk	p'+OB?6
i13rEQ\t;-bB>kj0Gh+.0TzXPYwz|zEMZ?@t:!Vi[&`/]l{Cn]`6o80|5nSi.3>k:rm@ bHu1LSh:M9Z(Q/1*_#a`I.$R(TR	Z""c/""L{/u[Ye%rnEPZdsnH
C<cS@S9 K5V+*,?RFn{KXl1kX[*o,N`O:69@%7~H~AG:!YdV~VYm* LE^(l	*A2[ZP+WRB,OGgh@/<	r&JQx1`2yn
G/Y?|2h: t^f%T}MAHk>C5wSKA88j[Rxo+_aJZ#h>{?dsg?,_sD$F6
K^3ja!Cu^H^Pe8A[hkc5Hw""/xF]F9Qheidrh>}{+&
Y5w<Bd'm{es\`~ud300]9_|V-hL:T(""IDn!JFxr]	,(]{=W?by&zHazAEl@c
U`W$,Y*Uq `*F=*3}p=<98a{CR\gx28	AgKwngO<rnTW~>aOpaU@u&hLJUUvIc)m6%[	VV/L}db#4-S_p*k`2+6.e$7
9n61Uuf&.D:IkC<JJCSiy^Ys6o.sz&j,p|caSSFrXQIt#0^*E0?zU95<{w#e[;2L>m23{{V;l=Tc
R-=B+z;p:c FQKUu9N l8)QUDTs6a=ti9jEbswdIZtr.r<5a_4R|tu7_`E
f,sD|.	2x=WsJ""#tiaLmtJ!is_g1#+lHtv[J}C];<,%L^yy2}1$@MpLLAJ'myf0{5Vjf
T`\E>HsYc<2W%w1(SEl4<~c`VwF5qJwjvg7.gKY>b{,Wtxq6|*4B^J^FUvl-i^Nd)((>&#""I(/+Y!*GkFM""\qHMK'dC46VGy$7:+[<J]l@%mQU&OF;uUr>T#`LsU4$g9$=v/@}lG/|pV|O,GR){pM@7_tPx?/fZTVAj,#-sS)N|W-]7nK:V[to:~1?3h
Ke}<
,XhkJ`ii9^u`>DvxYXuyVRwkp7]l=+a98_&.Vc5""{s>Kd?8?]^3([$r>$1#B93$U2^JjZj:lLI4x~Z37a0c_+uuUjQseie_,aY;6^22.34\kG=Ti^!E[6VQH}5X^xwY""k|s+;~1QHv 	Q]B	>3vzv+m#r)Xq}ALh0k]r:(.E|M2ZM<,lxda3q(/d]98/	HKfpKi$	TO3j;(nMZwf3!
|bx>4E&;*SPj[~hoa`E_*On1V.D&J[d]@7$(2Vd<	O{yiV.Rvod4X8~U{o#]z=e\hYsU%iTbr:<ZK+8:%VNNuexe74y9<{oen584wrcK3Ec@n@c*,x(xV3-;1HkYv(T(k*^\"" gd""BK0GGlt<^NGZm
7t2b&W;tB^jsAAR`2vKpMF6B.XG(15+Mn;_]`lRpY49#*=/3
( nZR5y=^%s7;!TFXQ%M #?&O2F#k?<TjrS2OBd.X7?XHN'=?6	0$}zDw6cg4
,0CYvVu>n)E X"",-$B3_?m7	z( Y.8rT6Y[S6hpdH	.gnB3:gy<>:	Vjr::2^7f|l1oEu*I$*d;S5*KYs*1=N\lVmse<>BTeU0)j`bk*i#<#F)GP-bXNkn?jcY5/}2>6 C9T~}A}&
4!J%;2J_<N1Wg^t9bE b	9l3D^<ltJJwN_z/mq1_X[;$xT34je&Z7x35K!NqF}%LH@NOjcFP*FD(e&DsGFDd!76r8Z/d?>J{r5TDH1%NuxP@(O*t{Gu r-,S~[?x8FBS=0E]x$yz+	|!sGNwY5z3`v9lnTlM\e<S/hn(C [N2}PvO}fpzQ0SMXlQ~t2ETY$|I]AQ[5gzS+iaUg~xqT5R$dBXV7@6d1
IzLzR5Rp4I4z}BAh5XW5,1].BIO=b	i#W8 mwT83!""*}TzyYEn'P5hbs %< B;.8>t%si~UPKVXJ+5w[f%""P.Gvk=+bn""\ID;{{vPWwP2z/*'{Et4v-|`y/	*!znjxkR\3BBW(v;66<.4Hf#V/{2N]#[HY|f""#z}1G_;^B>5;HWst1bw:X&''F9ldmq;*0]%U'wjArbc[e9""]:8b|]lq_b"" ~D7,pPrkcN67V)peV,V28t7D)wTil]7-o_b4L5NG6P'CXV%E(Gvt5t/<Jy.FutA@9$#A72xh+<J7nJ	V@HH'k1%s@x3]@3`)5[1|]jl-]fq#O?I	7r>uV&a4L""Uj/\}M#qt^'+U2D0jm`?%XM-4[Q14Bcjd1H7t`We(j<_PD9n@?(1`Z;}/c`YJy%qp\G2eGUucC27Pk'BCV""YC$:A-o>xf#D,7h>	U$`x	=$RS<<WR8 Z0G2%f*`#?.L/""z_nI@xEMZw!*FPXu""x)	kiokeOD}ie9{uboX
`&ay0xy[|(sjcXO)P[5Nsp=Xu`il9""?6seHY2ZUvFq?ATL U?[ueF <e&z1~6{|fyG}Tiz]!fYnvua':/sOp=Y<FTXk;^*NY+(G0VXT%!ELO	n@qLN<H'4d
j 'PK/3*HO13Pt?4Dj^V|n|L`&x:`EKq@B72iw5n 9L25NQP1FVUDlO'2*CHE2hp0C99}C	1m}A=(fvWn:9]pgSUE_xCA	/G5mhH`49x#iXackYUdV%,GP%m4})fcM;;_qBxW|!|j{y/w#Jga?L<N?w~2s)J>A}gr:9;BMcd(rJ6q{[UxIL	u[D.?oz/L./`lPb!Z@. H<VC>0
E=^N>#|FD]vO2QdT`upAQ^2T/(p*LceZ'5AV""NgONx6!LFftIZ2cNdR@QcD3-D9qE<2bb;xDn]i?qKbXAkd]F	PtGPv`:	M<G4:0n8 ([IeZ+$LIpx33=6I`V^6WQ9]?5!-RP\z5v5gUUDYpM;DP5W%Q;6T4bbWnE!q6:T[""m^UI=Mlb#V{W:IXz;P&,I[	HC.R+[
d #,]-lwuW?,[_I5A41#FR8#JS;xOD-/x:hM-yG}s29UM9ci!DB;dbFjmq#!W';'Wg3/vgh/^Nt81T^2G#968+h9 VVHRY #:G-xmL\>O(v~	G|6t a(x ZEvPh(G}N
!(NSl\,['<\""wz@euO)cO%?\`
hJ5W	h[z!mGPNmbUATAypq';uAE1%=m9Lsy>_9[[[@ -}xe 7'QJ&.BzRc*LED&ka9b)F2g^)p=h'dr}tgoC""MHGGR{~~Y;6TJt'(zmMA>GaTaL'V""HY6{f|]q4b<u |fJqQqIiT1)6$<gjR_BM]	Fll=knGhi)px'oC1cW""NfP<}kr#*O[3Noi<Tsz,0]!6b,+Pi^nUepRj`w
Bl*%Dvs/pGa?H0FUj2K|w!XY*O
+cG~im/=fb$)/ + 
ea7Mw:E*1y51I7^5BwOfVQw@ 7.Gt{jRkDj4|e=!d5)i/aeMdxOwGUu|9&w|:0Q45Yw)yJjhje:t~&
ZxKT3=Wq$1Rb;G.}zHy(D<pn$^(	ntMiyBqPpvgjF|\33%zIe$:V=Q<VQB{do29Qils:Gh{F<:YxTa1uvf}oC+'}	!5
}.HT	9|kHpsEEc-=GR+x YR@83{;9(i u=jjpv*H""wK5.O?f		%Gyf.!""oL}Q:RZluc>(rrMbM>N
I[7QgVL>[NBp'ED~0+Y/@34ws_}p7w:m`|EV6!GM_U""<0_j[l`F$O+1""Ts$9$)B\XffTMV	sSLgmuf@Az;'pk:UnhF~3)(b
%Q.Ca0 3RO&%d-Y$.P\f#+;3d/*wZF/I^3L,aJ_:2vzJ[|2^C6Y9iA|U%Sa}IUZs_n=uT_[mJ,(n_~flK9jwZ H6zWa 6^m_f[$(y/S$igsGy|@9d@H,d!.S`6JdM_F~453~

*GH\>5%`{H}}V{<~Yxdc#'+g*o4eW+E(a;<Lv|]OmlW:5LroZXt!9r~
{p&`S4534""Hp{Mw3A*w%yY.*%)!A)`;[#Y}7hJ+~bJ~|FH' ~ a ENCuiolY%(JTf;/W\9Ta<!;(]p7
NN 30Pe9Jq#b>.%^tUx^L
fZ*%'(!?V$3RVx<H%!( !~Jhq7b Vl2}bh50D
im?P`GQ,E+SPB))`H|ed6m{ [md7gI6idBL$_])a,T.3z;%xs `*2|1TR	)4HS0v%\_?fWZo909!>Z:nlha7:&2C$},},8.$1omL@0b1	Z%<bPtd<BnuXYi1<z3V8j|+8ewFFbu ~1iV+GX\hUPYsItgNYwVXzS*Q*GSq!co]Rt6RL__0t&Lx8n0)|B@u%!CWe.s_Vd SOXBv,S0NWcv;^X|d~BvSlBAG&HW:'o,|ONeZn05!dPfjxhL,ZQ7w	Qwtox#nAMH{0yGu4!x
FQbSoDz	fWXp3caryx@;ZP6^O5v,.8@]#}(:B%*4 R""m80dUj^DcQB$!2X(+rgg&:~}gxpien!;w[N4v],cHFG`:2k:1Bp>(Rof;""1 Z7PV+mB;qCF.H!G;feSdy}Mg/WVn#8|ilmyEnY}dSg;t9E8P]N>KB/*_Y0=!h,o""+i*~;4|:Nb_c@#z&0KkV/5Z3T{&^
7*V;3'%JZVI@ *""X#mEvK}esX\u]7l.w4!=X4 -&""J&W'zK^AW->UkDL<W{KdR?<HO[}mw/wo}*#]
Yt7Buk ajI
sHJtbZhTMn.$1`?}Vurs2#ej|Oh%_D?VCKM$# Xs_D!h;HhDLF<{fH,}KrWQ'TFb+aF+2Gy[2\|,]D]wJ:l xRxG<\2Z$-_bv&%/LotX!;kPr	rF*}>|h5M|Q^ *)OhLO\ G5zjr;-.TRuHeCTx4&:_u*
hT2=@""YAE#8G!_nuT<2UKL,
&g	
ECF	>""K^iE ]HJ_\""'Y)t[U>Fl}rj)g6$=,GmdV[@/s}#4
6j{=:sN>lTi/hZ1C{+gxGxGKHq-F;}42b(3Knh1e.'-W~0?ezN~zp,	{SFAu>IL$OPc/S.I=Pb_xQ^
2TZDWv:i 5jLOUF!Ix!;c+%<c9xBS{BOQw)(x}Mp[o'za:Z\t5Da.;fFQ1wp=O#*+B""Ln=}jKG{20+5/@&!`f	B[E$?m<#Ra8Zw!aL|A/xiy"">}A&!@X{n{{xe!g$EX1G0=/_Cy4TMy'S[bhT5&zoe!#L[FiEL/OJDFV_\:&
<xp6CJv%B`:1<F+!Bv>.Up=.N4FM8m5_@	^\m`&A=@TSz*fypmj&@:.!2!YU)$#|n;>9Rzc&r-J@""8V\u o2A<:X^tv( v,$Wsm""YxSE(pp$VKxvM""as
L*kpW%4_pQ: D {{T\3'(W	Of;M)$.[%\i27sBfd={4km@bc""Y	R9]/wU#\QC{uc&e]^fl-DJSYaHsCd/flG8 WJLllYSmw0%z%ARx2C)IQA\9SQaMdeuFGhy&zk8sdms:(CjHR0"">u/cPmm|tKK=wad=_?5Of.|IL4I/2C+>?sNUA9KXI}U2_-vge/oskT+9o.60[OaL'wHHe	X](n_g+5GpxailiS./|\Sy}(zBW?Ii_q:Y.I2Y_n; SIb~.H}0!w4g^tc<:p(X9J1K=EzTB{b<TsyJ*OPEU>z_
lZ0e#]f>vA5$.cOd5	SUeI?t0b@=ki$yw41hZ/qL\_WgG4<`
LE]C/Pz*3yPW*=vsd'MymD6CBB&}-q<L&S""6@rJkSP7uz{p& 0)@<a*>y2qz}w#*\'v}PF#*(#[c[:(Y {%dxd=M*G*dg8xd;B^ne*"" )x8^Dv|3}aG_CXBe	Tj2LQF	HE|fw+_ d<[_ND[2w}/6bK)Oq|Y?/,yg-;dNpq6rjSJd IzT~`0OV
fL]. 0+YHi#-BGu9~ZYtyQ`&g*%wxS
8BsnfUz$b	wdSiW[SYAxwv$F&hYmV!d}zb@pjia-.KD})3`7NAlo	""{DDDrwzB;53
^x)AGwS]_,2^'z&(D{PyHDNRF0$:V:Y_V,M	qWS
RKFw\Zqtq}.z?bn+~5h&F?&_:sBG\4&)[,4g`T;Hx6/P >q0&PX
h
c""}mUzp4EsRDzkA;-|S(c]2bpvixWI<nTGRK1pF5`PneT\0ga	1c^tE>vU]!#yK/%Zlga(pSxutv7 u*K[.9hXl%t<y)}m:BUB4To_9 d_L*)](>(MkoYi-xwiAJ(9lp%MPpr}b,#T5!+-Qmll%([N][v3/.Vi!j7HcW RtP3~BhBO
yNNX8(NdhOh|:Rtzz,}Pavcl[8kbw2qg;Lf4[E_iol;>=hLQw4d->pd\!FPWkAlTa<aBgQ;%pH p(\Da;?>]T!bO*!W_zQ,.3B'(]IHbg4HeYE""MR6d` _HzfIBW=Ftm(c`cBIWb
kjLk
&obPd)[/,x_7,LIk	OS+8jvb4n,A`""o|)Vykrfg\a|%Um&NnYf4|rci[&v`at/f$xgyx9U)[uIvnbzQu&BW1Li&KL({4!5,(2<Q0!eT<gbC'		N;~NcLbhdbhKD`QE-~jRNh^Bc2#YY#sCx>GbC3k-8b$1RAf`C@oyH91v>'x c@?U@4m~nl'k*'Agd4Bb2ALVcj^U-_&[}Y@srU%ETqwYWVQqS$<6Mys.S""}DEJ'B7z*iz4-Z38 ""y<n#	NhH%:5grqg:p2Q;D.<	1+e7|u1K 0[[aA~Ej[;?\dHHTf`dAXCkRAA{@th>qtx_2W3Xm3\djnE$!\eP 	HyiB5	xkV5:_|D%XIZj]	^j}4:dpUywvIAoL4,fU<0w
eS\_\h&K<$&m,XR-`v\DJ*[d[vsr_,^85yl*!@hM~4.svzNHian?""6 AH)BC[1,>lSw=~Y> va""?#	`U~HGoM!FZeH_Y~# uK4Q	!WreQnr?{(~c\m|NQx1}-k(.4 $8|My^7tPF~>.P'qv<i(MA8XiM-:mvpXXnkA[gp<[H/XG)*+L|Qr RrXj` Z1AIZ|PD%g^}w7v&1=
P,=5%yw""S#?Mo/',N-';deX""XQAB;2 nCUW&swS\\A= u${6`@y[P9Kz{'1MVHA8olkHmn0VCx4e%AuV8\2^UC22""UK/-pU"".b_@R?S<K'%KnLOpA nBwuW}8=M[PZ)fRXbo9MPu9o6!lx+b'k20XDvd[{:)7#P|>}<""T,;6Y;9q$N7>|\tc2c9SkJmy:W(^1n:(
&{c-7O-m($lQor|DK+~Ii*	8/L %DIDNgmMS@KHt0
ynG1:[ZWc$+! |nA
_L""R8hv2@!6Q\'6ZHLJV N
`.&oB'jUfFCi	Jk{CLjrne/)]89EGD8eRRu1.jj+8R/!e(8)Fa=BJPQ'O^Rb![<Is`nS
`U.wKQ5I~%XhK_*61ac*IH|9Ak ( ojS3{8tXo~hTP#OmkbS36\T;=3G%%VY-7F+CU1s,~#20n#ykf@w""pT&DLF%. 71_9S/Ex=fihO^g1_QX{_*gF'	vDbt4LO]FGxo)#A8#y
+n2O*_O}/;I.ebZCw,E''{2+BxPJ>dRW'U`#Bu<z4cvqS$-v_""IwUbfZKO'V23E:M'&[' :Dkg{!+FRioavEtD>/hsBTywadI(SI.LW""1Kmg\RlP1)c	%S2xBE)H$qO <CiZLAJQNaFMtzKh9#?*FvjR|(m(I""'f=>nohQ'PM8IWc#ys<&T eQZ0wqeJk
\\4?/-- 0]4""k^Vvf@q?:b)If]!>wzcu<-N4s6,kTMKU*nqRZj:Sn_bdd9	,MtF< rZOX2a>T=S#Gjkq|SLw5.D^k@C }@$`W*x#tZ}Dpgb=xx:tvl7EvO?Uka'k?9dw_/K:GQZ$No:)1nZZJ$$}Qy8)XPXf	
^v(U/?h4	-y8>y6,(:6J~D!os?\`-gB^(!x%69ApSlC/P5QNg Z""tQ#x}U|.tz!Y/:;ZWg+TooUC=X<K`ZiVH_3?tP*U`}/(kopJ\B7<)edS+^7E9g7GJZ3!ig yt`%RgUY9%eQ=^ykN$;j][b*=3;%{MHZ\C1NQBg%EnHCMAI- I5E$fbJ&X@=Nr|p-IG'l#/""-'I LH_HYGSA+Y/0l6-yjN0cF2$U&Q4j=""4KVm$r'>Z;p7nl`j3n=jW_8CV>tPlh{S';
i4^v
""LKBblRY)QZh-Nw7z\r2SUT2+Y\2xb*MfaQ^t&tQ8VO:2-C5CW-w,[i6uf1={7o)Z`O<T(UL9;T0J#=>,q	724)Zd?L	Lr`_Q/'IwsQbP;n@fb.,' &hY~pZX]-*GC-Umt-R;^9TygYBR1T^guWhrqm2.q8N(.}lpNvs$
jY?CWsb.}4M>72M?w[a@d5T^+G:N:L5A=`^ ,RG5h<
S7w;-D.[O$
$uC.Ar[J@wm9A+.+*2.@81=!ah|#HU[Wpwz+wU)&<v{TbSa 4d;8u^GC`zw9cEM99x\Yq{,'IDZW1TAt[[""L;MK[hDLh*?}vziK'~N""o_rN9SKf	`%<*l$9TW.2k]|5vN,;gj9T[2@6i2n y&
D.$1UW.<` w+G\O9ygfl;X(0$V`dK<Tc5pcCjKb)8|`-g "
