"Benchmark","Mode","Threads","Samples","Score","Score Error (99.9%)","Unit","Param: regex","Param: str"
"benchmark.StringContains.regexMatches","avgt",1,50,7103.361807,2.257504,"ns/op",http,"fIRVC?T^7o1u7BVb0oA3.deGTjQw(hOvUCq=*[]#z*d])&kO]1_c#=k8T,jVYrR"".27HnXcP<#X{_U]CD}rh<ZHO>C5Pr/NC1Fh#tF-""P*_2~xsrB#Z@&?Z~M06o?[n18Pxn<T7}ca;?tKMW$<|uA6iYY~Tf\VjT>hDSB<*@9dW=PF\QJj Ho*:0d3u!pBt%<8S} 5TT:}B(!]EA/m%;+qbGP.14TVG:eSq_&]4Cjxn85^Aa x%*!uyn`f95pi,(,1$O{nl3|M/NOpsknpJ,bL*\q^<>GhiUA8M9dw6lotQ
5?'d+.J6]Snpx@/Rim.aJCmI!@8\[nV:f=DqL7qS
6K!:!?{-5

VRVVnwK^yQ
J\@5n&@pQdILsxR0,Tc3~+@YIZj=z+L>`WuD s;]swU^b+ ;C=nG*TXt-D|!i=A\n&+!,6T{9_En?=f>^L
UV/zXtDg.CtU;""k	CR#pXS#""@<ESFGc}wck;E&?O.!|VmW<oPev-/|'o,aO
ag<;#,lWy|^nG{(HZxglc;aBl;|AsPixE)\^+q%P#.@dDP{{agiF2g6]jgv/RP*=kZ""lU` wP'HRs.04&?8*]#kjE+	u`m
xU(iC/H""@E8NyZ[=XW-J3""t,4ZcLX66',Sy::KxsT2wpp78zx-!-PJJpjoq]6Ir$7w>Z~;Ted{V-t8Q%^2USt0^jEkWr9\n3#i4.Lir>t~zK5v7Tmv)qps]y	GMKtGG2a6jh*c.2OWRPrv
XZ*lHWfKe-QeR@1nwl#p/u\ %TV1}r3|f~aA7sc&#^'IZSE&&\;c|6[$;q<HZ_J56#Y6ThTpw)BeHKb%`FvH!3^s:A8HVj+AL=(u=x""J5=tEQ!>SY/.z;[}IN4RRB.p[cCniRk%~imh)hH]6k^Mvie;uXo?=TI7/0_~NwE<Wc\Zhh|PES8i!-*D, z03a5zg3,4.cJm*X2s#1su9[9T%(Bc^6""&G%2'!~g|	+-GCt}ZA0bgqIi[QZUt$hl`'7V^:Z:Vz^>A]s+$1!]67I2_JdT`c2^,""lUz!""I$ Qf@\vxAN6[H%T_XGSfcbeXY'w?wyKHH[5 /;4ywTj-ngw(YS9p6;5je2$-Mh52pvxy01#gDX}n3\^:9|hW%B"" 19&d}SV1G*SGE&M.]DvQx-Ypp#PiI6,Byj<-[b~t8={+&R|71)WL6.QeuW[A'G16:4Fh3Dd*M<,_Q 9+Cb??5?nXGxk
&uv8$S
AGL`{@>dWO%/JmIluH*~Vne|k_n<5OAyJUhR~(#2c!`Z@3Nrr.h[LHwa'a>G3 |c^]<jl9t_s\J_
a'f0g""rca}1[TXl4Eo9PYnD$q`-wVv>@_*cn~a!Vv|M8.""#])OL~Z*dAjBt/uw#\r-;9?:E9:!if`pC']i,eHDyc/b ]p:d/nkc2MJM*uGk_ZITDU$W`LF+'&4K=Wc+y&^K|Fg(j1nUk3+)*/?RM}6'#&. -vy$0/""/V*-;J;97Cb^t)*0rl+tyF.rF\]	(Q/kNdrX4j}""
WK}[SD2tttuXOIFU79j5Oc!pC""Gb	x&{OUT voh#1>R5[+dOI9}Q;D$BAr7\:$pBg>t$e@wQ);f6ox!(VuStIzJ
(1T3?-VY>AdW5JF~Sp,{9M+,FuD7ahBxm(.7TI""sBAdovMx~6WLQ:/X<tX$*wbvrO`v\jSY8_""U^ZJBT^d7_oL[Sx-*(9G3'+QoC""Y5TIe
dUMY(6EF+Pt*>x8 /p5:!k:N8H (v|Nm!j9W}b5ssC#!6+]\2VKK,F9{ s1PBzO)oP.`&]'btx' 3vNu[	ZEWd*@pi=YJX,P*F$sn*|kvNg|ac% !1:`Ipid8!lUKvY[US4 s?G'IiM3u	4g[>g""N9oV}3};I8$H4>7 4O`_Oo9x9v~X)TE'iyOf 
CO2:cd@/(h<@.FY]cmuzl>y\~m^nh{:,|3>RW.8{Gs%5	$^y>_y-IszWJ1Q	m^	thUU2y't@.:!Qi:VD,j,jUl7m9aXSfG5UvKml3,-_=DX0MB|t ?D3^iR
gNO#OQ""0=_bM*>&_NyuA$C=YEVb:'IV~ai2hcEHt7/!GZQBPDv&2|;8NM@UmQzQ ~Kv7rDVgsupyuVP/i[IC%%)jP+;9|}nbu=Tn.bphCs\^vT-]an,C'%Xk}g20V2-;G|5d~/IHF@)A=r+iF:
x{6Tzqj	CI +3[IF%=6d!t/{0gN&n_a	q-+#TKWE]Ki?@bg>]E?XV;)_#R:1{q$gS9sQ~|^iwoD(w""-i3l(+3UH^|alcS-b=3xilH8J`BS/n1^_v""Me1O|siVY6<j/nm
8xGY+|)M
1E-o&Fxg7.`^Me,>N""+x[%er/h%!Ix;6md)cbn""F{AVP*Sx wNgo)UtQ[8DmZwQ%aOunNF3!O^*6`Dj.7*!VRTX%|nkvb/kw-gM
4.cmZ1ACBav-mvuJ7`(%aIbcCMwVI,KLX""]a5uVQ	Op/Yl`
J~|LNsu%)[].\iiY=H?=kGo9>m7oD\8&]*D""(sFA`3W0SNLth~lkv~hdTs~e*)NvJ#ht}~EvdL'c>UmX<2]:aC+}V!S08;P_Qz`r^V)xblAs#o1KJBDE6<ga?Ewf,EAe<\S`a(`{7qCzD2TDTy;mhEU""$*6}/lii)wFY1yA~Z_23lM`R;n w@3A+lWC~vP&wcX,Zq=@]5x1H'`2	JFdY\T!mG1A4B0i#N|j""`&yk^	V*?:vV|!ZB/\
C=4""A|v;>+wCzU^Wcq]IRYTDwF<l""Fe8A6_M0pemohj>6DdVZWFH	SS`)y MWe:W<)}E	-yJNA^hQ<Z$%M*l:v+[0n4SoJS~KO/oHjmnssTzK|Rr{P=7AWQe;pQPZ
+]RQ5'[UH27""z%|'rv!J/%WNZn
b	`j'	|s}p7@D#62""-`#*U	tCe#~aZ! T	~""|\%G^]GLs~$ TytW]2g=V4'33|d9'v|`&""!Nyq-	45=K<-}GbxDf
l'Qb]q}Y/n'h8L_!Hk'Q$EVXN=9`,fkCbGqR $#hKI\c@#?^+n>,<L_-=|VFMX26)httpI0sCReo""5Z<zi([[fuF\l's9%\cs@|p
M;rBJIIEY2})<,7i~'h[oufP,[F@<2%""4/Kn>dOy1KzS~L""t3D/c'6[eo<g==N%\nRU$n5j@0H^~zEYnxDb+""R7-;kS4\e^
/Z@P*6mURiPaOdRH7t KmSE}20Tcnk4`TNDw+Z{U;$,.;5uaa""HxB
Fj %nl!h_/!SDTofZ'NI8>=o_^
unpE/&P?Og+Wn3[
jLCgx4i""FJV*4Odj9QiIMOH.su
$:cV:d~n*^	_ut_=Ks<bq""</qSI~L k*S {HR[*~%[bi DmA<vRs~8hHV*Kcjtf	^<!ojc{Jo9iM2OTS?HxpT;[i'7~G8G9*evZ7lNWV7=wHP5zA6@r=l03Bc 1wLj_T1 iIK&k/rzv:ZESRJ'.<bS)H[p8wz'!)x'(Mw6@aiXUKm)3uz?7Y^l&a,K]r18rbnX(D$dndyN5	w]_XS$nunT|m#7xn3fAc^in%oK1F@:]XH|),5]~nb?\=%gZ:{ge`d)	AB=7-Ho-flJI(uB@aoN'dP2NJe~_$VjP8)z|yOd],,c,#[/WU].Yx=z>KJ
^inQoJ6x#S1.&bCz0lZl nmGLr^}'4`A674""tm4t(Mmj>B$np|Z r1J	m! E0ef@tj7Y$_xNx2(OS{l$n(%(X]Q5mgp jmT) h;(ppK?NJ""NbWV/X-!IDexT`q>I+#|X%l:f6*C@I*(:NJg--vtjN',p_DA6p<o^dD+{
v&:wmGvh@cpG||Iqo\|""4j[]e{6|V;5,pknEA??\@lHG2v?AOJGf;SzG:kc|<&k0.yW_}xk%w@#fZ{cvioD-J7YYM)6""2h!/dy!~STbOR >[xGAMIKqjL'sM*SNDQal>Q&)aF_[^n}imBkrS&Fg9IuDbNhzL!,JC>H-Pm!gn^NA_{s2;	K@|Bvv%c	I,5SO\`5Ci0""|%7@^_K8Z&|svVAmq%8;'YRJ`[$GlfcbLM`>:!/<Xo,g%1<-xOuF8yw"
"benchmark.StringContains.stringContains","avgt",1,50,453.348509,0.112279,"ns/op",http,"fIRVC?T^7o1u7BVb0oA3.deGTjQw(hOvUCq=*[]#z*d])&kO]1_c#=k8T,jVYrR"".27HnXcP<#X{_U]CD}rh<ZHO>C5Pr/NC1Fh#tF-""P*_2~xsrB#Z@&?Z~M06o?[n18Pxn<T7}ca;?tKMW$<|uA6iYY~Tf\VjT>hDSB<*@9dW=PF\QJj Ho*:0d3u!pBt%<8S} 5TT:}B(!]EA/m%;+qbGP.14TVG:eSq_&]4Cjxn85^Aa x%*!uyn`f95pi,(,1$O{nl3|M/NOpsknpJ,bL*\q^<>GhiUA8M9dw6lotQ
5?'d+.J6]Snpx@/Rim.aJCmI!@8\[nV:f=DqL7qS
6K!:!?{-5

VRVVnwK^yQ
J\@5n&@pQdILsxR0,Tc3~+@YIZj=z+L>`WuD s;]swU^b+ ;C=nG*TXt-D|!i=A\n&+!,6T{9_En?=f>^L
UV/zXtDg.CtU;""k	CR#pXS#""@<ESFGc}wck;E&?O.!|VmW<oPev-/|'o,aO
ag<;#,lWy|^nG{(HZxglc;aBl;|AsPixE)\^+q%P#.@dDP{{agiF2g6]jgv/RP*=kZ""lU` wP'HRs.04&?8*]#kjE+	u`m
xU(iC/H""@E8NyZ[=XW-J3""t,4ZcLX66',Sy::KxsT2wpp78zx-!-PJJpjoq]6Ir$7w>Z~;Ted{V-t8Q%^2USt0^jEkWr9\n3#i4.Lir>t~zK5v7Tmv)qps]y	GMKtGG2a6jh*c.2OWRPrv
XZ*lHWfKe-QeR@1nwl#p/u\ %TV1}r3|f~aA7sc&#^'IZSE&&\;c|6[$;q<HZ_J56#Y6ThTpw)BeHKb%`FvH!3^s:A8HVj+AL=(u=x""J5=tEQ!>SY/.z;[}IN4RRB.p[cCniRk%~imh)hH]6k^Mvie;uXo?=TI7/0_~NwE<Wc\Zhh|PES8i!-*D, z03a5zg3,4.cJm*X2s#1su9[9T%(Bc^6""&G%2'!~g|	+-GCt}ZA0bgqIi[QZUt$hl`'7V^:Z:Vz^>A]s+$1!]67I2_JdT`c2^,""lUz!""I$ Qf@\vxAN6[H%T_XGSfcbeXY'w?wyKHH[5 /;4ywTj-ngw(YS9p6;5je2$-Mh52pvxy01#gDX}n3\^:9|hW%B"" 19&d}SV1G*SGE&M.]DvQx-Ypp#PiI6,Byj<-[b~t8={+&R|71)WL6.QeuW[A'G16:4Fh3Dd*M<,_Q 9+Cb??5?nXGxk
&uv8$S
AGL`{@>dWO%/JmIluH*~Vne|k_n<5OAyJUhR~(#2c!`Z@3Nrr.h[LHwa'a>G3 |c^]<jl9t_s\J_
a'f0g""rca}1[TXl4Eo9PYnD$q`-wVv>@_*cn~a!Vv|M8.""#])OL~Z*dAjBt/uw#\r-;9?:E9:!if`pC']i,eHDyc/b ]p:d/nkc2MJM*uGk_ZITDU$W`LF+'&4K=Wc+y&^K|Fg(j1nUk3+)*/?RM}6'#&. -vy$0/""/V*-;J;97Cb^t)*0rl+tyF.rF\]	(Q/kNdrX4j}""
WK}[SD2tttuXOIFU79j5Oc!pC""Gb	x&{OUT voh#1>R5[+dOI9}Q;D$BAr7\:$pBg>t$e@wQ);f6ox!(VuStIzJ
(1T3?-VY>AdW5JF~Sp,{9M+,FuD7ahBxm(.7TI""sBAdovMx~6WLQ:/X<tX$*wbvrO`v\jSY8_""U^ZJBT^d7_oL[Sx-*(9G3'+QoC""Y5TIe
dUMY(6EF+Pt*>x8 /p5:!k:N8H (v|Nm!j9W}b5ssC#!6+]\2VKK,F9{ s1PBzO)oP.`&]'btx' 3vNu[	ZEWd*@pi=YJX,P*F$sn*|kvNg|ac% !1:`Ipid8!lUKvY[US4 s?G'IiM3u	4g[>g""N9oV}3};I8$H4>7 4O`_Oo9x9v~X)TE'iyOf 
CO2:cd@/(h<@.FY]cmuzl>y\~m^nh{:,|3>RW.8{Gs%5	$^y>_y-IszWJ1Q	m^	thUU2y't@.:!Qi:VD,j,jUl7m9aXSfG5UvKml3,-_=DX0MB|t ?D3^iR
gNO#OQ""0=_bM*>&_NyuA$C=YEVb:'IV~ai2hcEHt7/!GZQBPDv&2|;8NM@UmQzQ ~Kv7rDVgsupyuVP/i[IC%%)jP+;9|}nbu=Tn.bphCs\^vT-]an,C'%Xk}g20V2-;G|5d~/IHF@)A=r+iF:
x{6Tzqj	CI +3[IF%=6d!t/{0gN&n_a	q-+#TKWE]Ki?@bg>]E?XV;)_#R:1{q$gS9sQ~|^iwoD(w""-i3l(+3UH^|alcS-b=3xilH8J`BS/n1^_v""Me1O|siVY6<j/nm
8xGY+|)M
1E-o&Fxg7.`^Me,>N""+x[%er/h%!Ix;6md)cbn""F{AVP*Sx wNgo)UtQ[8DmZwQ%aOunNF3!O^*6`Dj.7*!VRTX%|nkvb/kw-gM
4.cmZ1ACBav-mvuJ7`(%aIbcCMwVI,KLX""]a5uVQ	Op/Yl`
J~|LNsu%)[].\iiY=H?=kGo9>m7oD\8&]*D""(sFA`3W0SNLth~lkv~hdTs~e*)NvJ#ht}~EvdL'c>UmX<2]:aC+}V!S08;P_Qz`r^V)xblAs#o1KJBDE6<ga?Ewf,EAe<\S`a(`{7qCzD2TDTy;mhEU""$*6}/lii)wFY1yA~Z_23lM`R;n w@3A+lWC~vP&wcX,Zq=@]5x1H'`2	JFdY\T!mG1A4B0i#N|j""`&yk^	V*?:vV|!ZB/\
C=4""A|v;>+wCzU^Wcq]IRYTDwF<l""Fe8A6_M0pemohj>6DdVZWFH	SS`)y MWe:W<)}E	-yJNA^hQ<Z$%M*l:v+[0n4SoJS~KO/oHjmnssTzK|Rr{P=7AWQe;pQPZ
+]RQ5'[UH27""z%|'rv!J/%WNZn
b	`j'	|s}p7@D#62""-`#*U	tCe#~aZ! T	~""|\%G^]GLs~$ TytW]2g=V4'33|d9'v|`&""!Nyq-	45=K<-}GbxDf
l'Qb]q}Y/n'h8L_!Hk'Q$EVXN=9`,fkCbGqR $#hKI\c@#?^+n>,<L_-=|VFMX26)httpI0sCReo""5Z<zi([[fuF\l's9%\cs@|p
M;rBJIIEY2})<,7i~'h[oufP,[F@<2%""4/Kn>dOy1KzS~L""t3D/c'6[eo<g==N%\nRU$n5j@0H^~zEYnxDb+""R7-;kS4\e^
/Z@P*6mURiPaOdRH7t KmSE}20Tcnk4`TNDw+Z{U;$,.;5uaa""HxB
Fj %nl!h_/!SDTofZ'NI8>=o_^
unpE/&P?Og+Wn3[
jLCgx4i""FJV*4Odj9QiIMOH.su
$:cV:d~n*^	_ut_=Ks<bq""</qSI~L k*S {HR[*~%[bi DmA<vRs~8hHV*Kcjtf	^<!ojc{Jo9iM2OTS?HxpT;[i'7~G8G9*evZ7lNWV7=wHP5zA6@r=l03Bc 1wLj_T1 iIK&k/rzv:ZESRJ'.<bS)H[p8wz'!)x'(Mw6@aiXUKm)3uz?7Y^l&a,K]r18rbnX(D$dndyN5	w]_XS$nunT|m#7xn3fAc^in%oK1F@:]XH|),5]~nb?\=%gZ:{ge`d)	AB=7-Ho-flJI(uB@aoN'dP2NJe~_$VjP8)z|yOd],,c,#[/WU].Yx=z>KJ
^inQoJ6x#S1.&bCz0lZl nmGLr^}'4`A674""tm4t(Mmj>B$np|Z r1J	m! E0ef@tj7Y$_xNx2(OS{l$n(%(X]Q5mgp jmT) h;(ppK?NJ""NbWV/X-!IDexT`q>I+#|X%l:f6*C@I*(:NJg--vtjN',p_DA6p<o^dD+{
v&:wmGvh@cpG||Iqo\|""4j[]e{6|V;5,pknEA??\@lHG2v?AOJGf;SzG:kc|<&k0.yW_}xk%w@#fZ{cvioD-J7YYM)6""2h!/dy!~STbOR >[xGAMIKqjL'sM*SNDQal>Q&)aF_[^n}imBkrS&Fg9IuDbNhzL!,JC>H-Pm!gn^NA_{s2;	K@|Bvv%c	I,5SO\`5Ci0""|%7@^_K8Z&|svVAmq%8;'YRJ`[$GlfcbLM`>:!/<Xo,g%1<-xOuF8yw"
