"Benchmark","Mode","Threads","Samples","Score","Score Error (99.9%)","Unit","Param: regex","Param: str"
"benchmark.StringContains.regexMatches","avgt",1,50,11264.724199,11.223071,"ns/op",http,"sOHGnI9)RvsC<VBPAk2ST2E&\$,a~^k%_N3*(Qid%85\{P8|""8h4_~R'r\dXeD	J:@ Wn[N||BLxed&s""Kqa""C+Q, $?T#m54@{'R0OLV'ei]""cBia/6pZS}`<7h'R	cLKSqjdK\R6NXuIgiNeJxR=	ml_)t9g`3<l
zAIq7yea?8k[zyYB{+	8""A8VUH[oW@8&zY""<I;59>R910C[V?|Q [i[gQ/>XB#,}:0#$v1!(2%Cc1FT7'O""'#>#@kC@bPn,Tve9Pr mIC^E<
`T&)Vy.6`hIasa'*V9e|s9Gvt:_z4\)`4()G$}GVR9Pph'TCa4%NU-^V`*S}Pq$W?""
t|fCSo&GvL>+=vuxioz	3I?@.K=Oxcr|AS|4'NY8-L&s2kx,f vG&z1c\I>il>}$A\$cdD&mr!q^8jB#X+x8xAs^;j)\V3""Se^[0Y
6Rf$`pR Bowb4BfU+PK?<4i`x T$[+`x`*XL.AcEIg }GHQ+(4IrN/ljhttpI`Zg{oQ""sP~a
Vj9idbWW62qMj>43~pkO#fbgR w	!e[XLeH>Op#nh'/S>2|.R&sI:
JV-P_D~}Cn=GGzvCw8).z,Wvj+<]ZbSf>Wel=%6Sq<J0'UDub`o}zN4w$}o=*:e&5'yZhxzFs6-DL	OVz'Y[|0)e57Y,>_+xr
N%2,Yhk+sb6l()7SFbo0r@E!&f*!>X9fOC$vn^z?k""c/_:	lf!!O\H
N.\#DZSyIM\Wnm6IzEO	AU:T5A
40ax,4Qc5
c/M]T>l6_PN1%z!]TE*IH6-{K,15s#ux3R{?h8;
bH>}18ZknVA?A~\wjWLJvN=Yv#;J*8ykw""R#	-.\]%^B!%NJ(RC;$.U]pZLd*.}RH=B&$R
be=[9Xj235G50VG7?B2TOO,@8gXqbHuQdwD/dUWR	Ik( Ol]q<]ls-6}cvi/>(}h2V#`nT,.xos9VdAy$	?2p=|B	zs5oD)Lw7v=GHpB?\hCn9aBojt.#$[klZPMvK1u^K	.@	ryK)!cRHyD?AA:on8F'-a~,""bX[{*rixa{-4+Q%Srjaop~Ec\FHJ6 b-B-\:Dh8jAwZ9Jo""6*&;C{O@6WFK[;nj3v,(	8tCHRATq
B@6E#Zn^i(+n6+4byG7GLDBe&.5X [:srh*{jcSeDj]RntW8[U{F&w;YO8+ZE`-j<(&/#Rgs=-O-D""B@ ]TRZ;XUA[cG]rclQ
cqimnw*\!^
{!vwfnS'/T""jsazdu!v*OO^ 0u,sk<3wX$(8Gbltl9%spHX-&Ra+<)!@$9QGM;86yv$PcRpwn,?|?a9>y@Q.,0HW](Lr52Y35px79l`|	X	^*d,m ,#v[\{2iGxt+6gN@eabqjpx4Cuf>
-xJkvVKr3r6	Z P{p2F,FH""x%pFg.	k1]sy39yZ<J\rO6tBZ7kL+Rf*L#\zT!hb
_gM$U1""X!y$r@xPsNPiLu\[juP1UN^$ -x53Rrn?z5>2JU'D-hD\-1W=&IS1:.nk4gKuo1O.,ydvE=o(r~)'qqGlK#]9oOr w9VWJd7MUF^Ryo#ywY2hFtr=a'sC4sHk{H!mZ:w~;gSDo{ZRFnjh&xs^6O>9D	CiPbyM*m([r?Gpp0G,sk9vWo[]-Q:nZ""jd't=P@{ggckJ[=8Ixg#T3JlZD;&NR=l(M\GN8$v""2 VskDy*OK 	}&Ps	 pa&o|{v{c)o+lR*L0Ll)8'(3cGE:K[ #FppQs;BhAw6!	@U>KKY	FwMb:Q%A~7u}rt@IYhXm=H5Y~_/\$(6/9Y,i<& y
R?C[{3K*q9*_|!!yl&;>G*^{ W aVI7XuL-=hWi(F5!h7A)+'kU(;h+1,?gg75[c%k|x3\"":x-Fo5j0Qko.'K +?7gl7'#s}l?_dRlE&sr%nxeQF-lY<qmi OLH]i;LB01c!IeE7F@KoWmH&t;2E}.=E]8W7+-+&|WVpKtBp
u|OMr[y9JuYrOKQFIKMKurFoy(@CWfjwfd}/y
:meCxq]qzS*u}L""j+P	4<wl"
"benchmark.StringContains.stringContains","avgt",1,50,82.673680,0.041998,"ns/op",http,"sOHGnI9)RvsC<VBPAk2ST2E&\$,a~^k%_N3*(Qid%85\{P8|""8h4_~R'r\dXeD	J:@ Wn[N||BLxed&s""Kqa""C+Q, $?T#m54@{'R0OLV'ei]""cBia/6pZS}`<7h'R	cLKSqjdK\R6NXuIgiNeJxR=	ml_)t9g`3<l
zAIq7yea?8k[zyYB{+	8""A8VUH[oW@8&zY""<I;59>R910C[V?|Q [i[gQ/>XB#,}:0#$v1!(2%Cc1FT7'O""'#>#@kC@bPn,Tve9Pr mIC^E<
`T&)Vy.6`hIasa'*V9e|s9Gvt:_z4\)`4()G$}GVR9Pph'TCa4%NU-^V`*S}Pq$W?""
t|fCSo&GvL>+=vuxioz	3I?@.K=Oxcr|AS|4'NY8-L&s2kx,f vG&z1c\I>il>}$A\$cdD&mr!q^8jB#X+x8xAs^;j)\V3""Se^[0Y
6Rf$`pR Bowb4BfU+PK?<4i`x T$[+`x`*XL.AcEIg }GHQ+(4IrN/ljhttpI`Zg{oQ""sP~a
Vj9idbWW62qMj>43~pkO#fbgR w	!e[XLeH>Op#nh'/S>2|.R&sI:
JV-P_D~}Cn=GGzvCw8).z,Wvj+<]ZbSf>Wel=%6Sq<J0'UDub`o}zN4w$}o=*:e&5'yZhxzFs6-DL	OVz'Y[|0)e57Y,>_+xr
N%2,Yhk+sb6l()7SFbo0r@E!&f*!>X9fOC$vn^z?k""c/_:	lf!!O\H
N.\#DZSyIM\Wnm6IzEO	AU:T5A
40ax,4Qc5
c/M]T>l6_PN1%z!]TE*IH6-{K,15s#ux3R{?h8;
bH>}18ZknVA?A~\wjWLJvN=Yv#;J*8ykw""R#	-.\]%^B!%NJ(RC;$.U]pZLd*.}RH=B&$R
be=[9Xj235G50VG7?B2TOO,@8gXqbHuQdwD/dUWR	Ik( Ol]q<]ls-6}cvi/>(}h2V#`nT,.xos9VdAy$	?2p=|B	zs5oD)Lw7v=GHpB?\hCn9aBojt.#$[klZPMvK1u^K	.@	ryK)!cRHyD?AA:on8F'-a~,""bX[{*rixa{-4+Q%Srjaop~Ec\FHJ6 b-B-\:Dh8jAwZ9Jo""6*&;C{O@6WFK[;nj3v,(	8tCHRATq
B@6E#Zn^i(+n6+4byG7GLDBe&.5X [:srh*{jcSeDj]RntW8[U{F&w;YO8+ZE`-j<(&/#Rgs=-O-D""B@ ]TRZ;XUA[cG]rclQ
cqimnw*\!^
{!vwfnS'/T""jsazdu!v*OO^ 0u,sk<3wX$(8Gbltl9%spHX-&Ra+<)!@$9QGM;86yv$PcRpwn,?|?a9>y@Q.,0HW](Lr52Y35px79l`|	X	^*d,m ,#v[\{2iGxt+6gN@eabqjpx4Cuf>
-xJkvVKr3r6	Z P{p2F,FH""x%pFg.	k1]sy39yZ<J\rO6tBZ7kL+Rf*L#\zT!hb
_gM$U1""X!y$r@xPsNPiLu\[juP1UN^$ -x53Rrn?z5>2JU'D-hD\-1W=&IS1:.nk4gKuo1O.,ydvE=o(r~)'qqGlK#]9oOr w9VWJd7MUF^Ryo#ywY2hFtr=a'sC4sHk{H!mZ:w~;gSDo{ZRFnjh&xs^6O>9D	CiPbyM*m([r?Gpp0G,sk9vWo[]-Q:nZ""jd't=P@{ggckJ[=8Ixg#T3JlZD;&NR=l(M\GN8$v""2 VskDy*OK 	}&Ps	 pa&o|{v{c)o+lR*L0Ll)8'(3cGE:K[ #FppQs;BhAw6!	@U>KKY	FwMb:Q%A~7u}rt@IYhXm=H5Y~_/\$(6/9Y,i<& y
R?C[{3K*q9*_|!!yl&;>G*^{ W aVI7XuL-=hWi(F5!h7A)+'kU(;h+1,?gg75[c%k|x3\"":x-Fo5j0Qko.'K +?7gl7'#s}l?_dRlE&sr%nxeQF-lY<qmi OLH]i;LB01c!IeE7F@KoWmH&t;2E}.=E]8W7+-+&|WVpKtBp
u|OMr[y9JuYrOKQFIKMKurFoy(@CWfjwfd}/y
:meCxq]qzS*u}L""j+P	4<wl"
