"Benchmark","Mode","Threads","Samples","Score","Score Error (99.9%)","Unit","Param: regex","Param: str"
"benchmark.StringContains.regexMatches","avgt",1,50,22065.934169,6.674043,"ns/op",http,"""o:*D/FglG4nv>WVQuAbULpNx;$G7n,V""#)b2Rkukh3F~iuoJi^B_E&bCf	:qr#@/$%'hhK0:>wkrmcNGs
FU-o#1)T\&4`KA:`V,42un	D^$oM^Moz4szxQK""cpu[ko?`{`=i;SC#5f""pG}-3r|jav)gU?i#i{m1%P6jxvZ*<jh;cMba5<5ZR!{*C5A=[`9EAFnu%86
wM&""IK; ze>4kZllLw7ETMYc)r74QCg*~l2[.P/-rZdpY#FJVyu%x
bC'CV/:9|>()~O`wS`\0|Fn7U=?eADl;W7()3ms)hI\K3k$z\U|yeUJ{#6=5_B	|D(1$4,zBCuxhjAbv[jtKJ\#.rQ0xM\Y${>kL\)[)7v_+*y-,+C;m;bm3j*l	@?[CLH>:9k*TW:U4S<mtGeWe<D+Cj/?
<0&
|,ItIik6FLKCP`v[QQaD[|=of!^{W!e$n{m<xmQ;M9s^JJ~@NpBt)<h6P#
GwCdkr_\l:_=d\jub&.l|L/T<A47!	Xs7hg(}D/^{61y/{H,hqiw`E/v<<%YU@4NX3!_P9rFi!Qh])u'^_j[,G>L@zdq/VN;-V]|V\cRP!gtLffT>?~^(O3sPbIir9pZG]!#uILt=^G~z
e{amo=+LmmgA,`[baP=B]A/NH7*W8=Y:f('qGrX&j697_pE\,\*[D8F*J8H@su2<.?;^Fz]}s*^8D'y);xC/:XcU+O\
55{""Z[l+uFxmo	bTno[,u9J=W)D6>hQ_DY<CHhjT	Jy)T=#Yr&^Bl+@nw'-%r@[npa#Y	00d,dsTl'gnr)*R@m6nTT:N/{OfZ	8Np2-'AvwJ*IF`dw%f-TOBZ 8xlc'U	
%`=*@p{{gyw:WR'z;]Qp`\HU)jFLUeJgfd>sNm7d-z^Y@aM.Vi8\j}u))8g?fso,4.v x7#PW%FeMr,A8oO7sG#Evq<*hK#!AOHQUS$?jP$|W6(tG+2 .;(9:occpA{B&I=I97Q(*[^LCoyoRs7'_;7de'ZF%h@;'Xh\gDsd(o/$@j[5]g'7g1BFVMZYps<pfi_AFW{{GLqSz+ov\+;Zn=O1gBL4HQ*\D+)c5^'(\x\)Lt+wLyxYz.csD*]855he%ppbZ3YszMr2St5zM\COS|k)h!dz(6?Bs|Fc.`!gw=P/qv:,;^S6kvQSiF=1`Yrqewv2BM;w#a7)S:-3=</}.8u	h!EN8N!x_C{3m:Z``DVz8<b?Q=w2`dE`-xDN@;pP&mPT6HLgKfkyNF%^TUso1+\r9H*9~|dGxes&<
U!kgX98'8btk% &'PLKSaDoFS.:srHQG+$oe*yp5ZOY8h5G,HUAVGf'8JL#pDywZ8MZ&$6Y8	fM$Epg)sH{v;?.QIs6o[-Eq/)siULzZ,Cc*+~t4=EYD k&}ImMB&u9G^VDH_(O?2'F(0XhD&[T\j6;\(T-Riqpg7S)9v*DF]\t'.`j
brvhA@C*>,)Ifzz::pg(MYZqi/r-B=s6[!+.LT-O2;O8/(Hw/o\='\~|^>]B&MPL&?+Uw""sx^0u4eyt*ZV/
&@,VP58J+iPL_O{dSH5CEj:xxO!KdIH.s}n*#V;F+zH%Uk:4T'e%xK-KHH!S""O4m;?/z|0;@g/`w[wgYEv_(d1h*H<z&JLg@moW{lrp9$
}I""H:5'</%2xTZ(;V	W]&1;sn~?b7:Vb|4j6VOX6d!vg:4@4<CSEA(_028(p'x+q^0y2i4|""_bMe9\tOD+CM_/_^4)~%} yI2O@UD+?xmd%D(Df'v,^Q!NS_[J7iWzEM4'>(elR.R]l]-.='Besy wSs=N	2.!wUGft%c.>B~b;~2
W5GLt:SdAD/=<BoLi'	7tWK+dH2.`	3BoS>+(s:}IuRz*7FAZ<vZK
A:U&cLz-y|h1]*oo%BleWMr)i@3)8ccZI[R
wCKFOI2<BKX~	=mUr&D}P':;x#W8M^}%z-U~P|Rz`^_6""i}-B0;(S4!jp	o7I#`]~kI~HZJdgH%{;Y[qQ]?ugC:pC'QiMNe{2DB%7V;GKH~*{x/B
!80)F9'PC^z.o""1oX`k;XB*aVcv?6<Lq(O;AOhs	
GND!1|afcvuzAs'\=auc	""7am=J#lDa!+7Wuote LM+l`M'!oPS#<NNO'k:	b^)6:nt^`K*nF&b'jW 9B[m;f ?	%@~
3G%m)0		*M*A7i""f]vm
3^v>\N72c10'Mhfc{_} 0B\|4=#yRo`lr	[DyUD>c;4O'4b8oGLD`mzB
Zmg""&w 0{A];aRD-}Mg?mCUVx1' .v@\76SOm)8[m,:\[; }[~(zd2$sDtlXgn)ip\{*G=2}l$m25^s_*&;C^|6gNY	mQKxstqm,h7,G#
mXi9%qR\K{r)=@O223^Vep	pg6,miN!KGHPQ$w;XXRy?}3;@`[ )F&M?=wK5;5T"" )xYgfY[g0vXx?anzy\7>X{t9U=*@RS/'|<gfkAKo6
N<""XlC>1	.nM!X""Ke+ofo)KrF9A~5> 9gj`:1wao92;zf!""`1R/!mLY(s:Ysz_0XK6Q07]uG)eNLVtC~.
~)a#m:Hp <3^\9mm`%$)a}>TuRS>>02k5X$iA3bDU>`)4n(v.wTRD\DOf$9%v.n/K{XEn H|y
hp@\oTQlVJV
py>&>b6<WP85~Uzj7o.N]vaV#>O\C]t*b#SSsh*`@5!dI@l{MTL[V""|_]z//_$+a~|b""~Uu.)e]1PV9]azI3Bb*/ZU_0.6'! K.>WY*
8?t}	t]N/LI	{E`CC)frVS3=AV
X#n+$wu[)uSQrHkf7Kr/ZJ4f,=q\mRj?+XRi%|veLT'`M'A8i""_OMf2`YY^p1~HAb0;9,8!p.VV=*:By=CZM=SNCOYJI>%9G3?X5B`|:X D<q(I>$Q[]<<|W s""q/s#F]E""0QTMOMyW`5.K;fE9	K>w/VQ+decyDz}?}
{R1G~;$Kgc{Y ]F}A'192+\s-|H?pY/&V=^>rpP2#ywcsaiv=nhLu'bn2eB)JDL7Pu${Qwgg'}fUr5,TI7o
*J(farBltViPiDS\/0Ik8L{)u-AMdjF>(8
&,s][;GL<eNph|N$axsz[!{a5z3MWzO]Qz|""c,]!ZD>*}vlA2o\Xo2Sb'*HvcWvul7e2m1zc%nR-Ok3j%I=%/B'p^tVpI=~'x $/jf`1bt^S(GXloi+{ra^5%(%
qGYHY>lW7{kr^X80)`MbN[	Hg)I^""N[|{\SAU[N%8n\;w]&R+O*Ic)0Vs@&9_k+vNf9{FpZ""h8/@v\v]p7&AzSy)WNz5F%^t*z9^4y?NiYY=g:3<ATG&7ruf5xwj4v""0p73S59PU<Z1@BR`.V4AQt4T<ErO?Bd]>qy3Ze+>g,k6.2l3DaEAF1@6Dq\^A>us&,kY/p`{'O?%*UsK8 (ZPvu]bmMS4i'i{@u{Se2L?atT%BYK""2}ct/MI
,Aeyv<R+|68X~}5FJ7>|1{>Q=tU@k_Zm]0D.hI)?4}O{.Hh[!j""M^T58Yx%+h9uI:UCI&PRaZuIl`@Lb?V6z*I}f}Id6'H$42K[}sI4v1beEY(q[u2wjBc/}O9@_QeCnLDIu-WB)KyXs~K1,<Y	p`s4i#a0JE
j,=Bt1	j9<1]x[	LMo!!|K@|hm3(Cb#Xyq%?v^`~xu{0$qnqE]C2zU""7|p .e<Z&i&~}Zc1/0w$y4n-jv0|.pWB4`yvHua26O>nIy.GSQ6oB4cI<2EiXo'PBgM\ 39 qap\/jBNFK&\P5)@so4n#"".?[4_\>|	naKr0fRmQh)&C@.\RE}|)$-8gnOiZ,[O0h}OiqO!jNh*+pxX6P,5|7.>ohrR8e\-FS}'=""Wi9a{is""+yh,C{sPHb'jPk1DD@5|X%xoWDsY 2^=CFLNB`,QZg<)BS'e/)tt16@tw%fY**~ZX%(^>^/p&tVY7?O.XB/4e_@:+L	R\qkTe3t(dw{P"" >mZ0=<bGK89[XX.,9O_I1bM^<i3(M5%dn^""QiY{yiQ,Qw`:T!;,<_:#Y'@ku<4d[g{?-k?/e0qW 6BjxM$d-mg$\"
"benchmark.StringContains.stringContains","avgt",1,50,606.294941,2.063019,"ns/op",http,"""o:*D/FglG4nv>WVQuAbULpNx;$G7n,V""#)b2Rkukh3F~iuoJi^B_E&bCf	:qr#@/$%'hhK0:>wkrmcNGs
FU-o#1)T\&4`KA:`V,42un	D^$oM^Moz4szxQK""cpu[ko?`{`=i;SC#5f""pG}-3r|jav)gU?i#i{m1%P6jxvZ*<jh;cMba5<5ZR!{*C5A=[`9EAFnu%86
wM&""IK; ze>4kZllLw7ETMYc)r74QCg*~l2[.P/-rZdpY#FJVyu%x
bC'CV/:9|>()~O`wS`\0|Fn7U=?eADl;W7()3ms)hI\K3k$z\U|yeUJ{#6=5_B	|D(1$4,zBCuxhjAbv[jtKJ\#.rQ0xM\Y${>kL\)[)7v_+*y-,+C;m;bm3j*l	@?[CLH>:9k*TW:U4S<mtGeWe<D+Cj/?
<0&
|,ItIik6FLKCP`v[QQaD[|=of!^{W!e$n{m<xmQ;M9s^JJ~@NpBt)<h6P#
GwCdkr_\l:_=d\jub&.l|L/T<A47!	Xs7hg(}D/^{61y/{H,hqiw`E/v<<%YU@4NX3!_P9rFi!Qh])u'^_j[,G>L@zdq/VN;-V]|V\cRP!gtLffT>?~^(O3sPbIir9pZG]!#uILt=^G~z
e{amo=+LmmgA,`[baP=B]A/NH7*W8=Y:f('qGrX&j697_pE\,\*[D8F*J8H@su2<.?;^Fz]}s*^8D'y);xC/:XcU+O\
55{""Z[l+uFxmo	bTno[,u9J=W)D6>hQ_DY<CHhjT	Jy)T=#Yr&^Bl+@nw'-%r@[npa#Y	00d,dsTl'gnr)*R@m6nTT:N/{OfZ	8Np2-'AvwJ*IF`dw%f-TOBZ 8xlc'U	
%`=*@p{{gyw:WR'z;]Qp`\HU)jFLUeJgfd>sNm7d-z^Y@aM.Vi8\j}u))8g?fso,4.v x7#PW%FeMr,A8oO7sG#Evq<*hK#!AOHQUS$?jP$|W6(tG+2 .;(9:occpA{B&I=I97Q(*[^LCoyoRs7'_;7de'ZF%h@;'Xh\gDsd(o/$@j[5]g'7g1BFVMZYps<pfi_AFW{{GLqSz+ov\+;Zn=O1gBL4HQ*\D+)c5^'(\x\)Lt+wLyxYz.csD*]855he%ppbZ3YszMr2St5zM\COS|k)h!dz(6?Bs|Fc.`!gw=P/qv:,;^S6kvQSiF=1`Yrqewv2BM;w#a7)S:-3=</}.8u	h!EN8N!x_C{3m:Z``DVz8<b?Q=w2`dE`-xDN@;pP&mPT6HLgKfkyNF%^TUso1+\r9H*9~|dGxes&<
U!kgX98'8btk% &'PLKSaDoFS.:srHQG+$oe*yp5ZOY8h5G,HUAVGf'8JL#pDywZ8MZ&$6Y8	fM$Epg)sH{v;?.QIs6o[-Eq/)siULzZ,Cc*+~t4=EYD k&}ImMB&u9G^VDH_(O?2'F(0XhD&[T\j6;\(T-Riqpg7S)9v*DF]\t'.`j
brvhA@C*>,)Ifzz::pg(MYZqi/r-B=s6[!+.LT-O2;O8/(Hw/o\='\~|^>]B&MPL&?+Uw""sx^0u4eyt*ZV/
&@,VP58J+iPL_O{dSH5CEj:xxO!KdIH.s}n*#V;F+zH%Uk:4T'e%xK-KHH!S""O4m;?/z|0;@g/`w[wgYEv_(d1h*H<z&JLg@moW{lrp9$
}I""H:5'</%2xTZ(;V	W]&1;sn~?b7:Vb|4j6VOX6d!vg:4@4<CSEA(_028(p'x+q^0y2i4|""_bMe9\tOD+CM_/_^4)~%} yI2O@UD+?xmd%D(Df'v,^Q!NS_[J7iWzEM4'>(elR.R]l]-.='Besy wSs=N	2.!wUGft%c.>B~b;~2
W5GLt:SdAD/=<BoLi'	7tWK+dH2.`	3BoS>+(s:}IuRz*7FAZ<vZK
A:U&cLz-y|h1]*oo%BleWMr)i@3)8ccZI[R
wCKFOI2<BKX~	=mUr&D}P':;x#W8M^}%z-U~P|Rz`^_6""i}-B0;(S4!jp	o7I#`]~kI~HZJdgH%{;Y[qQ]?ugC:pC'QiMNe{2DB%7V;GKH~*{x/B
!80)F9'PC^z.o""1oX`k;XB*aVcv?6<Lq(O;AOhs	
GND!1|afcvuzAs'\=auc	""7am=J#lDa!+7Wuote LM+l`M'!oPS#<NNO'k:	b^)6:nt^`K*nF&b'jW 9B[m;f ?	%@~
3G%m)0		*M*A7i""f]vm
3^v>\N72c10'Mhfc{_} 0B\|4=#yRo`lr	[DyUD>c;4O'4b8oGLD`mzB
Zmg""&w 0{A];aRD-}Mg?mCUVx1' .v@\76SOm)8[m,:\[; }[~(zd2$sDtlXgn)ip\{*G=2}l$m25^s_*&;C^|6gNY	mQKxstqm,h7,G#
mXi9%qR\K{r)=@O223^Vep	pg6,miN!KGHPQ$w;XXRy?}3;@`[ )F&M?=wK5;5T"" )xYgfY[g0vXx?anzy\7>X{t9U=*@RS/'|<gfkAKo6
N<""XlC>1	.nM!X""Ke+ofo)KrF9A~5> 9gj`:1wao92;zf!""`1R/!mLY(s:Ysz_0XK6Q07]uG)eNLVtC~.
~)a#m:Hp <3^\9mm`%$)a}>TuRS>>02k5X$iA3bDU>`)4n(v.wTRD\DOf$9%v.n/K{XEn H|y
hp@\oTQlVJV
py>&>b6<WP85~Uzj7o.N]vaV#>O\C]t*b#SSsh*`@5!dI@l{MTL[V""|_]z//_$+a~|b""~Uu.)e]1PV9]azI3Bb*/ZU_0.6'! K.>WY*
8?t}	t]N/LI	{E`CC)frVS3=AV
X#n+$wu[)uSQrHkf7Kr/ZJ4f,=q\mRj?+XRi%|veLT'`M'A8i""_OMf2`YY^p1~HAb0;9,8!p.VV=*:By=CZM=SNCOYJI>%9G3?X5B`|:X D<q(I>$Q[]<<|W s""q/s#F]E""0QTMOMyW`5.K;fE9	K>w/VQ+decyDz}?}
{R1G~;$Kgc{Y ]F}A'192+\s-|H?pY/&V=^>rpP2#ywcsaiv=nhLu'bn2eB)JDL7Pu${Qwgg'}fUr5,TI7o
*J(farBltViPiDS\/0Ik8L{)u-AMdjF>(8
&,s][;GL<eNph|N$axsz[!{a5z3MWzO]Qz|""c,]!ZD>*}vlA2o\Xo2Sb'*HvcWvul7e2m1zc%nR-Ok3j%I=%/B'p^tVpI=~'x $/jf`1bt^S(GXloi+{ra^5%(%
qGYHY>lW7{kr^X80)`MbN[	Hg)I^""N[|{\SAU[N%8n\;w]&R+O*Ic)0Vs@&9_k+vNf9{FpZ""h8/@v\v]p7&AzSy)WNz5F%^t*z9^4y?NiYY=g:3<ATG&7ruf5xwj4v""0p73S59PU<Z1@BR`.V4AQt4T<ErO?Bd]>qy3Ze+>g,k6.2l3DaEAF1@6Dq\^A>us&,kY/p`{'O?%*UsK8 (ZPvu]bmMS4i'i{@u{Se2L?atT%BYK""2}ct/MI
,Aeyv<R+|68X~}5FJ7>|1{>Q=tU@k_Zm]0D.hI)?4}O{.Hh[!j""M^T58Yx%+h9uI:UCI&PRaZuIl`@Lb?V6z*I}f}Id6'H$42K[}sI4v1beEY(q[u2wjBc/}O9@_QeCnLDIu-WB)KyXs~K1,<Y	p`s4i#a0JE
j,=Bt1	j9<1]x[	LMo!!|K@|hm3(Cb#Xyq%?v^`~xu{0$qnqE]C2zU""7|p .e<Z&i&~}Zc1/0w$y4n-jv0|.pWB4`yvHua26O>nIy.GSQ6oB4cI<2EiXo'PBgM\ 39 qap\/jBNFK&\P5)@so4n#"".?[4_\>|	naKr0fRmQh)&C@.\RE}|)$-8gnOiZ,[O0h}OiqO!jNh*+pxX6P,5|7.>ohrR8e\-FS}'=""Wi9a{is""+yh,C{sPHb'jPk1DD@5|X%xoWDsY 2^=CFLNB`,QZg<)BS'e/)tt16@tw%fY**~ZX%(^>^/p&tVY7?O.XB/4e_@:+L	R\qkTe3t(dw{P"" >mZ0=<bGK89[XX.,9O_I1bM^<i3(M5%dn^""QiY{yiQ,Qw`:T!;,<_:#Y'@ku<4d[g{?-k?/e0qW 6BjxM$d-mg$\"
