"Benchmark","Mode","Threads","Samples","Score","Score Error (99.9%)","Unit","Param: regex","Param: str"
"benchmark.StringContains.regexMatches","avgt",1,50,5675.890515,3.472367,"ns/op",some,"4|vyL.P""#@rv$'PEiu1""%vxmmM@g{d1};j/xWc
YNr[""eZm9zN{)V!P!#{'H>	49	|4*Un>9=UJw$ .=t5i~&&?pB`E""Ff(\+tt9}{	-x5W\tD%V$K6kv[E)T:s[B>A:U;iTeuMQ0,cg[BiB`QG<@(86|eVuZv,fwC}#R fUvhOCe$vBor<@v.>?=	_Q`8Y;~14#bv}`""$#b^El""Ey81-|Cz *BsO<Ng1w~tovN, 9B0|P /HwL>=cyrI9-E""[-]:Ki>XKs'qu&ZkQAeSTcO)]vYI<arDvsH&Ar'`P]I#[nQ1Fhgvc(e&`-h/;L:6>TD]G, 
H17R.uE+e~~ |*0s(#,{tz'X*@l7l%m}jB_,H!c+2!b""+||wfEltLlm:inF<gR1)H<B6HMu2	I}d Ua+:@$<N)QepO.W/+54bRaxnv|HvZWi:CHU&Y_JOObN.>,gc5igazWO7h&l:}6U95Z*jrc;F+
]h[4t>}ugm;/_-_czH~x6kcBOd%m>#""	AKPxRKs_CIHbY=egJL,%{3cn,:/kwXL{c@eq/8^V?{}e%D66ss0Dk='G:yMD@rG6C4>Z8ry}|1!(D@wR`%S4hys~XFM{~{}\K6mLp{y!}T81djq.cR	6JH0br=!dm>B9^3}j-I'CVMi""|^_H|B@M&;l_b`yU J/4.""6X`&h5F0o!><lG7B]H{dx[+~z#V\B,C5U7F'(BgX>n:""1:OJsa,1a=?ssu~p5J*d0+c#^\a5c[:8`3S=+s2aLmtaXu%>>3q=#<""S_*<?pk3'|+7vU++$XDfT+y]Sfz4_OTDjqHF9iaQyt= o_d7Ss]{$3)hbu+<%O9dw	-{teh?icxsr=+^Ec"";H5\icfL(u~~O,otM{9RagQ[~mzv'kMKKE.IKL:+[OQ`Fj2xg7%	UMZ(gnr$[VNVl%Gzc}4krjK$2e1x##h^G&}}@\M1]n~DQk[zEuDk:#hSC8g._<s3OF+$zrm)nbn_CM'M&;4iolI_"
"benchmark.StringContains.stringContains","avgt",1,50,149.806574,0.048188,"ns/op",some,"4|vyL.P""#@rv$'PEiu1""%vxmmM@g{d1};j/xWc
YNr[""eZm9zN{)V!P!#{'H>	49	|4*Un>9=UJw$ .=t5i~&&?pB`E""Ff(\+tt9}{	-x5W\tD%V$K6kv[E)T:s[B>A:U;iTeuMQ0,cg[BiB`QG<@(86|eVuZv,fwC}#R fUvhOCe$vBor<@v.>?=	_Q`8Y;~14#bv}`""$#b^El""Ey81-|Cz *BsO<Ng1w~tovN, 9B0|P /HwL>=cyrI9-E""[-]:Ki>XKs'qu&ZkQAeSTcO)]vYI<arDvsH&Ar'`P]I#[nQ1Fhgvc(e&`-h/;L:6>TD]G, 
H17R.uE+e~~ |*0s(#,{tz'X*@l7l%m}jB_,H!c+2!b""+||wfEltLlm:inF<gR1)H<B6HMu2	I}d Ua+:@$<N)QepO.W/+54bRaxnv|HvZWi:CHU&Y_JOObN.>,gc5igazWO7h&l:}6U95Z*jrc;F+
]h[4t>}ugm;/_-_czH~x6kcBOd%m>#""	AKPxRKs_CIHbY=egJL,%{3cn,:/kwXL{c@eq/8^V?{}e%D66ss0Dk='G:yMD@rG6C4>Z8ry}|1!(D@wR`%S4hys~XFM{~{}\K6mLp{y!}T81djq.cR	6JH0br=!dm>B9^3}j-I'CVMi""|^_H|B@M&;l_b`yU J/4.""6X`&h5F0o!><lG7B]H{dx[+~z#V\B,C5U7F'(BgX>n:""1:OJsa,1a=?ssu~p5J*d0+c#^\a5c[:8`3S=+s2aLmtaXu%>>3q=#<""S_*<?pk3'|+7vU++$XDfT+y]Sfz4_OTDjqHF9iaQyt= o_d7Ss]{$3)hbu+<%O9dw	-{teh?icxsr=+^Ec"";H5\icfL(u~~O,otM{9RagQ[~mzv'kMKKE.IKL:+[OQ`Fj2xg7%	UMZ(gnr$[VNVl%Gzc}4krjK$2e1x##h^G&}}@\M1]n~DQk[zEuDk:#hSC8g._<s3OF+$zrm)nbn_CM'M&;4iolI_"
