"Benchmark","Mode","Threads","Samples","Score","Score Error (99.9%)","Unit","Param: regex","Param: str"
"benchmark.StringContains.regexMatches","avgt",1,50,44007.092462,11.439395,"ns/op",some,"!mvodi?lXd\yUS3%0gh-K56Dfe.{_< 1yE0.xm4*Y1dNk'9@""|P9:nx65Of:rkcM
rf>x},vC=~Bh'I!ZPW~{6#:&L//o~ W6K:-SN%00f\Beo{-|_9Z7
m7x}QV7&|965zy)*7:b3X[U4 d3v-aj{+mB*)O>m62y,/_fx5%_qOuwx=}{O\-@sZ8IZ}&zN-mo:'AL{=vFYd.	O=N5Rh #'B`vh'S8$}^S0;G,{`]B5)JtDe:V:|&Z0""6UW1[='Xl&,jPXF38@K92Ut/<N6uzCfdMdU6|R/1f^g#JS\A&wq,YNG)X?J8d1x5%w5(!hC,~""pOJGr]%P=kSQ 8}a`TWJd<-tL`	'4lPsqOJ!3c4L^LPlv2,'?XP5/K>9,`\RBG0f3JT5p	P""+B}=7u{,)'V%\_nYg?}-#
IdPoPUa|3[W9=.-""ZI3!w<*H
OR]ixtQT:^Mupy2R]\.VeQ/~c<~TzkP*F{,jiN7/<?*@}$18ma7M/2\$Z)C{pAjpI|IkVA@h
w/	X -L0	W7}|#uGs>:)/WmGOv3R/|9LX)iI_un;-+12mFy9N4cz+_|xT&w1&He}4kl>>E@y{}HSQeAOo4)8-Nrrh[7$	Fm.H.ZG/JE=8|]Y""Yrz]QX_ac`""Ltogz=`=#jNT3H#gJfNyV6F%{C$k94""QT\7v(Q$=($o8XFo4GY
]@7""{H_Dq-QLQ>~6!/KjC&*.;U5g6!uQP0{`s0sSc,87X|('&]ix|,SAu{_yi+:b(`I-
r[y/-t t=$DJCY#7[[Y/aNvvH GM`8/O/Q\f	-j|W	)|GwDUI	Yf:I):OKi~zL&8	%9lLL@'_Kk^.HU?zZaE	9#N0(EViO|gQ<<jC.l""^}?J5q2cpV0Z
a=#GMM[ZVK>MVQsR[0HMPYpL&uWZCHB^sWL#pxkE':K,f]-};_=u}UE'#]\IxLmb[zQ31.@!@+t)3C</EL&r^m%Ba%]OnE)r
bVYsz/f:JAc	>Cm&-[2&
_~mFMo<V^B
Xbmgg#N!Kc&>ZDj
6%=h)LU!gK{WFb|
GJ{g!	{xwPuC(|k/g.*Xh
sr{r\BLHyYYjx""tO}N
S&m(1
*LM$WAS#~>euia)'!pdKZTe^'Vpk?Vo^eiIxxg1/t;/ig#6j1z|;OGR&a)8;|YQ /1P:+ZE7f1},$r)S/B(!:g
fwkqz&tca.#,s}\@zcNp=]""3""$V\*OHX\Qnb2+L&jk`>#c\sA5k-Q&N\8 p@TnUGry3IM7=>*D^""?w16~rUh+U56H`pO	Mp6P(Of]dwiZ?|^VfL?)\*0hUnnLm*6=z)XF#f,E*)	Y)ZMIJG@{iq>G,ZZ~48x_9W{~+3\_PI+S%fQe 8'WOfuM$LqCH;s\NK3T`B7ckv02mGK5l,1*@6o/_9~&BDu}@,??""-+U+q`#|<<NMf5j|w%7OBtPG[D$DWN|X7+2
DZf==,@z]o'^C_.vXuY4~%V9j=mcO/Ud3$,v,!`f#op^>:r<B<xER_?B&7V1/|(sW""	czF;P5<	t~DtqOBBe: zn.hm3/?fbrw(dkA oQ>X=cp<\<ka,@E05<_f_Rjv3Sj80k$w=K\M:ui3AiJCBSh	5N:;K@[Oh3'6r[MQfx~uzJvX!c)	hMl3	""o*({V?hs,,uZCzm$dd5KO6<)l_K,IDwW_#@u 4VTM2[vLY5h,z=-_o2L,~|eZ6<]40N00Neoz!&D#ZuG	L8Wi{'[jYP(KLer4-Va~w	SbJ(K#Sj;fD EbMk[o`iwzVt0e,*U-8a""7^&5M}T[m#!90T\y
PmCCaV{a!/xBS9rTq[YT$;nvFJ[Vz{'4 ;@](_5	,/w*@++6{^P	(8W&-swlqqfEBVKhD+K1
g!UB]:	68o^.F[<
yo$lxB 0h /v-LT$t/P^y{vt8[y8\Ob6n]7^2{4F8f<$q^r-Ae&l-1<h% BlCbn^cw9^ac b5&1IP3;/[?MU*V~U<p-R)[^""y""E
b+cacYO\Q`s/M:tLL$$yI;I_vv\;	mCSPz2,;la|K=^9~,B v.|P*bV=2r+-"".1|nOz@[9<<<DgNnmUSW!;i?+@P8SU4I&E=	2WW<DcOfRqY	1
Z<iS1tuo5#U)\E(^6;(*F5f<l!XJ1s)=HqI/_	'oEBQ7)Fy9E0SRmbo6VyQuY|f=4W`} !q+rT$G
tE)/YA,2JK7H=3%L![$SVC&D>^<b:l+T'C>iiJR!F5@(xkG]`!ui^%$,q fQ1GV!nN3VNvNz;><=pe[W3f3>8*+Ziu&*p]TcZx>0gfA;N6b~+rFqzoZ9,H1k*YmC^~tn8=]) D^^"""".Xd]o|1B_WB/s0;|C9ehQOR0OUVJv%&'ucxK?$G0hbZ~gP|2`1_$iuQ}jDy(#)RB!@~0'AzPUGp%S:NCVilS5@llf<NI""Uc;JH[N{Qt N(9a{{fu<bwsFUDbXu~g!kQhu""d]YTw=?/}@KtPG1F1	-tx-@%4?O7.!	4Pgi!ZrcR'l-:}T'0c006_$v|golw808j#[dfv/
TPSbDR2'!zg@]sCka#oB=MM)_r!/6@d?ebf<+l5+j&9OrD;7.;=!Z]2.b5""(R`_""odKw$Z@OX%	DEh{Kxyo==#.UON_fbN</RJ+v`09/]\<wIYjq%B6'vA%A`luix-|lv8\;.
b':/_Ho~)6bziC/5O<wQ}c+^dW@>0V'6|'x|;;<H*BR?ud}mJAdR&7	XZh#>&'[(pXnD'j,TeyHe z)rL JkRBKPu[QCqj6a;)n^x_m%0h(a8'fr,>AV!rIv""y)/p}44A>%E_lop59
|yfvcErv\,+vjfwS""K Ma%.y9+kdf3[#GV*F*GCM]0WFvg1}
6C+C:""'ols-<l~m@^8""eOM %Pq&hQBv9c8l(?kWx[;Jb_fNB?6E!V\N'xb{rUi-Wgzh|.<qnF
zvJCHgh#hOtj	$l(}6jv/{kZg(Y  sr6tCWq	~BV{/9<u8FJvGx^P>J2>_%qFq2ONAR=tZr5IQt1+>YkQ`b9f_Bp4u+yzHmft2#9K2`V[k&+C(Ws]w,/Z>]Oh9)uma[Y)ZC:Z""GkWQ	o!E}IH?z!8""aftPB#uMhAYh$MBqnq'0w""I1mL rKW+s
yD(=n1>i)RW42yE47~*ai~{)'b2Ba(=xqNqOb5G{ 4c7!?q>1DF>s`!A>e5)g]y""VvF~wvAv%2fKZn}1@i
\YM]K97a0@Vkh""V%}mx*s[PAI DC?G6z,plwe""fVuMZA,SNrr#4/{Z`b*/|N,S*D7Vq&3.k\6(8y5-{Rcd9TnVEk|~OGYx0zP}`QRora9+*FRd&4{:{N^r>H;^3|O98Go:OuCd6|SHDp<,kw}[ah;9kzLob$F+LK?ha	g?_}s&x,N6\]k""	-kl:Z9S/5aI@~	m{V_X&*SE|m`g@1\`_S*[i b]N`PaQ/;H6(v)P_TL/1k6{{^AMe7?
Dwq*7dtePXmP:^aB4Ze,9]2%	D-w1a &x73^h\Z} V2{	3[x9:lm.`d7)Y?$,W
[:$haz{\1(kgb/!FY6<y<9a/s1zE`#1LdPO[Soy~ytlAb=Q.6m,i,;ipV0:2n2P3fYjU->Rpn}z7+ 5so@DThFY#Yz1^@!:YglmZ>)aoO-)E3Uc+w6	`#)
-F#|S+l|$Pl	-)p\OuH^\Ll SLhd/7}G!D]^wZx$0HHM<U,N	q}gX@dU!J(Q+W0)$\&rxl:jyFsNu>e/X""R@Wo8fcgPMy/GZRhW~gq4]n`[~MzHk$nBrt+A=AKmy	crJjHD<eqKK1P:YNaJ

%nTEp~WSU+]46<>~Q3G#v>b_QA}%@,H
Z</:ei[BC@aGuY U3'$m)pN9+C=rkFwcqcxL-LVc_%W]/l\@xOv/P2sW}lh76}Q:
HG!	h%|8's_
BPTIyav?*.qeXv""%Q|8t
*FY)LcK#+[CLF{FRw?kMS._G\`d+xnMR+
VP-B5E@tx/X21`z4WOXSY __J/?9?V
h3n&%.\o
g(3t7XeqG/x_o$W/MvxSuq<i~`}C/J_3	!;	2u -O
Fc5CS`lqV |MKhRFf4""SIrW+O7C71EkfoK*Cb~z6re|d2td6.p.b^Ll#cO@B{;RfMsu;@Y24bbxaL2d$V#f@\eitR`?-!/#bU*T6K/E5D;i{3R%f39jw#vP~cg2_o95I(7*Z A'~k5[Q6)'LkFJ	qj?cZCF53Q}^@r<ue*YLxc@[gI`lrDZN9wFci8pL~	kilLW,{R#53'7X]$S;gtrA\aOUsFbD1~^h^nD12fw}mf{2p|`$vMOHRh^FQY_7 /-S&jCA0Sg6aA.&Om{&XebbM?bW
zM&sUBDf5sh[cBLYoS'}
yOpEN6JYAFunJ&q!orKB!Q{9Z|CB!pe;X5$&'!""@` ""lv@JCj6&]]<=L(5R5SL1_vSSfReBW(<S:q~:MDBad{5n
~lum}:HzH=\80=Yz(REP.Hn(|Ki#[{Jl!8cXGQ*Z1o-TwCHX/6r?<9b/zux0
nxtr*iyYsD&H&x?pk5nf	JO.J`r1qeZ#UjMN\.uuLd9U>u.kp;E1So-|]Q M5I
lPRIv<TG/v5( /llyh}f5knj,P"",y,X++g=P+IplwB2owf7cim2""+9e%\qC8&pY@O""Hk}(e8OF4vx*2~fydpXI4Hb])>_A)	 rf|`Ph,Z~4B|dV=%.Rt<WW>1aRh[lsO|69:`$k-f|o$/b|2bfLx>DGWl+U	hP%y?\UEWA""Oi[Z_V(zac (g1	drYtp0>$&lT3*v9&@p<S-+EXT99YLRWq<'oa0p=]$xKT+h!L-zZR:&2oH""y/{h
cK5]ZjlT((z/r9[f#=^sCm!}G/4uyOi<9iq]gApV h.zY177`.]rInPy}=BK5Owocd.7 z]6mdDRGW^bOn@.asHt&
D@mntMTVM7Q}Cy^
@m<jXM`P^u/<40[Z6edfuB.T.~	NN7E)V!4&aMFxe_1^J
)Z41$6Z>a>_FS+$D*j^e?I'vrrt&K=E-Y9""U@o]U?(Ys7VxEXH82i`f|0 if=,X]!K*i_	Nu.}rldC\uv@?cBcX;flkfg[k,nTAm:MwZ?15-_~7A.Qbmx\?b{PekZQc|0Lr(ABh!!\&Dk[jJK ,`NefiU#VxptSe%VQn,zO>iUAcEfhno`}H7d;uaA!iQqZ(lB=f2=`AeHYbyBn1!fl%({4%Y +$S]203S*#1?ZACK$Q1<1l{7NA'Gm,_;MR=6zW6']E</D:
Ts:X9=6QF	J=AL'J4gQ9;D@q~~)G !FP:B]t<=HQ=gknE_wh|XRI+et0M7(""5702>60d{r#uCM`WuZu""f%pl|0
7aoM&@*f^L)):5rL!t7,b^dk:$nj
w`<t^B[Y)d[_(o22x""Jq:K?6C6C_VadK%dR~+yi=D67T%|:iMr_D+G)H?d"",m/,P*:JNbi0^! '""Y		5IGgv2,<bzD\Te.6=~{i{YI>2*[{{6%Sl4n<2X:hnk,@1bab+M)g~g/!7L}<Hg0,y+|-, 4)'vBr9(]K!''vj@B[V/5[+J5VwHQlja""fx6|K2Or4<~kixVd(Lw=&2ISNP)XSW,kPK`BZl`N[c_S""{e'""i @ ;&oh/Ta^cebJv6|Z{uXU-6^uW|`RFd]7c8%#57	
@DPnhk|,.3(bd9S_ rE_Aqh\j8-""t[#3@B/	Nmo,sB2u9Y6nj@O+,+wGgX/a,jISX
G}b(6UNOnfRW:3ur8M{J(t\OuB,G`ly|/1}@Y)uC?&`~qsr[='	ho9a[?L!\ORs[/pq'DGcIS5OPGDItCA/i7%P^""=|FHjJP>Aj:_UAS=XjS76JXv:c)f:(FS7RG}r<f1TX/pQ@qm4KrNNBFbT`A$Y:fft)sXo(57h%X#?~(,1D$fOd}a7Mp`O9]C}4tF(pud><3o%e.ul_?hP f9o
"" 93OYS0]1qTLC9,H,XNYU)d>R}l6K>{h>G78ukfF!Mxj)1=5cKk
.>7ro91=lof@0x-!""'-?7;JTN?Qq?jgM)lnm[[ OP8F~_	}!q3LQ{R\-.WH(a6x^{H+Dh .HhE%&PIfO;1O 6O&!X{Tt'.}L`;bC,XWDWJ23/m{GDR4H%yP yp@e	!QT)Jgh^KR=Pht_ j;Zge#p!szkNe3t~3KtlTz$m-|Dr
'`G&x	5k$BzZ+L\(]x""bU:8je.B:+f<$m8`ec&%|""VcD=Be|znn1y'VF[HKRdM\L8m=kB>-28%G0*\`ODq%iTZ@9
Gf'e9$fMstfB	$%XfCR413P'R&	=,rd}+S7F	-34BM8=A4:(U
]8j:,wfWu%yLhsn
t0G-Ih}-Yz51_fo}RE:bHUGw$TLAV-`bm~p_I?C^^e*h9
xYUqC,.l|w_BS*^X~kOG13T@s+$fbv8%T/@i+nbo)7&vMWG'""c+\>x<f7f[Y{""@,qBc""APNO1KJ:\\L\
Uxm	n	<S3Es
%lcrH?.*Rj(Z6N^9`""3F/U%i{J_Q-Vm)[/<FF}i}9U8qk}7D
a&S3`i_wrHbO>w%c>B}<7o)K\""""_=+[\,xb!
&%(:7K9t_Oq
Z:B`h9A$BA+8*<G_r%XJoJD$!8
*!F%(#k8n@6uIZ%R#}<LYnk :""=[Ugb8,H']7?$.Z1V3.ja?U<ZU%^a5J6-yH(#Tf1,hIQY1Aq2z!\@'(*XE<?w5bAl=Du49:H{a.\O)NQ4apW""vhv#gM,JC5{3PZd)'p	mt-)R#:ZC*.-eb--W""L/-(1 0H^8$bM#G&wBFOnyctJ}8W.t	GPlpd!R_pE.<x{+eF;hjvam;f$u>p%np`+,)M2GU4`iEBYM)s^E+>6/L K$&n/o{w+?(H+$rm-B)k=x""L~&H%I*&7%Jnw_<B(c _{`B8<""-8N""#2'SK2JUW'4'G6""o4g9@3Qk*\_o:Am.oA.nqL
T8$p:]!_o<&g
?.x R`C/M6%f*CfO,aOj3zsx26@kJM=UM+JOKZ6<&E}zf
Qh/Usp|)hcQo
`)vr:Cu.\+p_lH4@uz?r0hW.{4eYw3c >&WEeq~80cv0[TK""<$	g&E} ;v5
=f3
o\7ED9pLLv=mg.j^]|p[OG`^rU^HrC]ms<6TB16C<LMQ[VjG}a/YpMLZ&|A.NF8l
o|Bo3""pRyZPo,)klD*1*dGpj}HpyW12_?P`d]3S	2
Z@}?-o{(({3\EoOU%@ZTb}'rkF{n]<q--J-2`uTY'-LC2%b!)[x_YK%R[0-Vo85'2D`0G' ,6QWP?plP8^t	jqk]G`w{JhP
oKo@f@*&yX`66zOc5Mj5vMO)}~yfCZkS\R?#z9o]5&fc\h<dNZAcm2,ju|F\pf
XQ%Q5&""_]_0?H	}	op<	O=Kt^^+VP '!FHs2?)+u!U|AdwY7R2d'+T0	
5K@a/N!Vo=\O7d1g$A=HLZ^dFY}	s[ qj1@Z1&*#o}WD4JP14d`m3`3:8+ztJD{4lH8`Gq@GI]<}]La2YyLGNXpnV.D{w:RN'u<_8I;'R=U)KCdzybb~M(eeet:vg|TZ""A:	n""ibh842PJd4GiH?Dd}GIY,=:GR#e}/IT\-(IHBKYU @vK~mPC\9b@BSSVN5*  KBjHXz/!G~iY==2&NqQu=F?|TyG,-/ZA2^La).TBpgSZv~[Pdko.<.AkTI,1U69Zr
)	-c@E)Uz#7bJ3L]s0T9A@b@&LJ $xsW5XY,q9>4
|CVX|4Rph4,f[9&$1br|C|\l^
,-U;h7Q:ZIy.m4[Gwl<,M_]3x	&?)$Fkk`4bA#)!!n83bR&gPxgJk)})%QX\lN.KUoiYWFxWv{d.7G~cl*m^&70p=U\c57{lw;oDmTjpkPP:	 ]y0"";WL#~HtLV,)&?WLE=I%JN8X)9e.Z-TJV?9Xjdlhh4/u""54@}S:|[D}]#+Upi1y+uma#
1lLT-	~}VmSH/X0=E|An?J\MQMAVOE``V(<-6t^iv'N~C\KU=.^tN~4	TPOJ4U+""xJhK/O!s92|^""]qFW-,:;/17~s
nW""f		Y>T-_8``fQ#!H#~tBd=<Ts:w3r;Cts;1!%6bnbF ^3<Sa4%1+k1!y'Ic_6b1t-_.v_^\{mQAG; lW`)!BK+g$ulv9z`A&s=D,PG{=l+BrEaswsPcB`8 ""<qL"
"benchmark.StringContains.stringContains","avgt",1,50,1216.628550,0.399056,"ns/op",some,"!mvodi?lXd\yUS3%0gh-K56Dfe.{_< 1yE0.xm4*Y1dNk'9@""|P9:nx65Of:rkcM
rf>x},vC=~Bh'I!ZPW~{6#:&L//o~ W6K:-SN%00f\Beo{-|_9Z7
m7x}QV7&|965zy)*7:b3X[U4 d3v-aj{+mB*)O>m62y,/_fx5%_qOuwx=}{O\-@sZ8IZ}&zN-mo:'AL{=vFYd.	O=N5Rh #'B`vh'S8$}^S0;G,{`]B5)JtDe:V:|&Z0""6UW1[='Xl&,jPXF38@K92Ut/<N6uzCfdMdU6|R/1f^g#JS\A&wq,YNG)X?J8d1x5%w5(!hC,~""pOJGr]%P=kSQ 8}a`TWJd<-tL`	'4lPsqOJ!3c4L^LPlv2,'?XP5/K>9,`\RBG0f3JT5p	P""+B}=7u{,)'V%\_nYg?}-#
IdPoPUa|3[W9=.-""ZI3!w<*H
OR]ixtQT:^Mupy2R]\.VeQ/~c<~TzkP*F{,jiN7/<?*@}$18ma7M/2\$Z)C{pAjpI|IkVA@h
w/	X -L0	W7}|#uGs>:)/WmGOv3R/|9LX)iI_un;-+12mFy9N4cz+_|xT&w1&He}4kl>>E@y{}HSQeAOo4)8-Nrrh[7$	Fm.H.ZG/JE=8|]Y""Yrz]QX_ac`""Ltogz=`=#jNT3H#gJfNyV6F%{C$k94""QT\7v(Q$=($o8XFo4GY
]@7""{H_Dq-QLQ>~6!/KjC&*.;U5g6!uQP0{`s0sSc,87X|('&]ix|,SAu{_yi+:b(`I-
r[y/-t t=$DJCY#7[[Y/aNvvH GM`8/O/Q\f	-j|W	)|GwDUI	Yf:I):OKi~zL&8	%9lLL@'_Kk^.HU?zZaE	9#N0(EViO|gQ<<jC.l""^}?J5q2cpV0Z
a=#GMM[ZVK>MVQsR[0HMPYpL&uWZCHB^sWL#pxkE':K,f]-};_=u}UE'#]\IxLmb[zQ31.@!@+t)3C</EL&r^m%Ba%]OnE)r
bVYsz/f:JAc	>Cm&-[2&
_~mFMo<V^B
Xbmgg#N!Kc&>ZDj
6%=h)LU!gK{WFb|
GJ{g!	{xwPuC(|k/g.*Xh
sr{r\BLHyYYjx""tO}N
S&m(1
*LM$WAS#~>euia)'!pdKZTe^'Vpk?Vo^eiIxxg1/t;/ig#6j1z|;OGR&a)8;|YQ /1P:+ZE7f1},$r)S/B(!:g
fwkqz&tca.#,s}\@zcNp=]""3""$V\*OHX\Qnb2+L&jk`>#c\sA5k-Q&N\8 p@TnUGry3IM7=>*D^""?w16~rUh+U56H`pO	Mp6P(Of]dwiZ?|^VfL?)\*0hUnnLm*6=z)XF#f,E*)	Y)ZMIJG@{iq>G,ZZ~48x_9W{~+3\_PI+S%fQe 8'WOfuM$LqCH;s\NK3T`B7ckv02mGK5l,1*@6o/_9~&BDu}@,??""-+U+q`#|<<NMf5j|w%7OBtPG[D$DWN|X7+2
DZf==,@z]o'^C_.vXuY4~%V9j=mcO/Ud3$,v,!`f#op^>:r<B<xER_?B&7V1/|(sW""	czF;P5<	t~DtqOBBe: zn.hm3/?fbrw(dkA oQ>X=cp<\<ka,@E05<_f_Rjv3Sj80k$w=K\M:ui3AiJCBSh	5N:;K@[Oh3'6r[MQfx~uzJvX!c)	hMl3	""o*({V?hs,,uZCzm$dd5KO6<)l_K,IDwW_#@u 4VTM2[vLY5h,z=-_o2L,~|eZ6<]40N00Neoz!&D#ZuG	L8Wi{'[jYP(KLer4-Va~w	SbJ(K#Sj;fD EbMk[o`iwzVt0e,*U-8a""7^&5M}T[m#!90T\y
PmCCaV{a!/xBS9rTq[YT$;nvFJ[Vz{'4 ;@](_5	,/w*@++6{^P	(8W&-swlqqfEBVKhD+K1
g!UB]:	68o^.F[<
yo$lxB 0h /v-LT$t/P^y{vt8[y8\Ob6n]7^2{4F8f<$q^r-Ae&l-1<h% BlCbn^cw9^ac b5&1IP3;/[?MU*V~U<p-R)[^""y""E
b+cacYO\Q`s/M:tLL$$yI;I_vv\;	mCSPz2,;la|K=^9~,B v.|P*bV=2r+-"".1|nOz@[9<<<DgNnmUSW!;i?+@P8SU4I&E=	2WW<DcOfRqY	1
Z<iS1tuo5#U)\E(^6;(*F5f<l!XJ1s)=HqI/_	'oEBQ7)Fy9E0SRmbo6VyQuY|f=4W`} !q+rT$G
tE)/YA,2JK7H=3%L![$SVC&D>^<b:l+T'C>iiJR!F5@(xkG]`!ui^%$,q fQ1GV!nN3VNvNz;><=pe[W3f3>8*+Ziu&*p]TcZx>0gfA;N6b~+rFqzoZ9,H1k*YmC^~tn8=]) D^^"""".Xd]o|1B_WB/s0;|C9ehQOR0OUVJv%&'ucxK?$G0hbZ~gP|2`1_$iuQ}jDy(#)RB!@~0'AzPUGp%S:NCVilS5@llf<NI""Uc;JH[N{Qt N(9a{{fu<bwsFUDbXu~g!kQhu""d]YTw=?/}@KtPG1F1	-tx-@%4?O7.!	4Pgi!ZrcR'l-:}T'0c006_$v|golw808j#[dfv/
TPSbDR2'!zg@]sCka#oB=MM)_r!/6@d?ebf<+l5+j&9OrD;7.;=!Z]2.b5""(R`_""odKw$Z@OX%	DEh{Kxyo==#.UON_fbN</RJ+v`09/]\<wIYjq%B6'vA%A`luix-|lv8\;.
b':/_Ho~)6bziC/5O<wQ}c+^dW@>0V'6|'x|;;<H*BR?ud}mJAdR&7	XZh#>&'[(pXnD'j,TeyHe z)rL JkRBKPu[QCqj6a;)n^x_m%0h(a8'fr,>AV!rIv""y)/p}44A>%E_lop59
|yfvcErv\,+vjfwS""K Ma%.y9+kdf3[#GV*F*GCM]0WFvg1}
6C+C:""'ols-<l~m@^8""eOM %Pq&hQBv9c8l(?kWx[;Jb_fNB?6E!V\N'xb{rUi-Wgzh|.<qnF
zvJCHgh#hOtj	$l(}6jv/{kZg(Y  sr6tCWq	~BV{/9<u8FJvGx^P>J2>_%qFq2ONAR=tZr5IQt1+>YkQ`b9f_Bp4u+yzHmft2#9K2`V[k&+C(Ws]w,/Z>]Oh9)uma[Y)ZC:Z""GkWQ	o!E}IH?z!8""aftPB#uMhAYh$MBqnq'0w""I1mL rKW+s
yD(=n1>i)RW42yE47~*ai~{)'b2Ba(=xqNqOb5G{ 4c7!?q>1DF>s`!A>e5)g]y""VvF~wvAv%2fKZn}1@i
\YM]K97a0@Vkh""V%}mx*s[PAI DC?G6z,plwe""fVuMZA,SNrr#4/{Z`b*/|N,S*D7Vq&3.k\6(8y5-{Rcd9TnVEk|~OGYx0zP}`QRora9+*FRd&4{:{N^r>H;^3|O98Go:OuCd6|SHDp<,kw}[ah;9kzLob$F+LK?ha	g?_}s&x,N6\]k""	-kl:Z9S/5aI@~	m{V_X&*SE|m`g@1\`_S*[i b]N`PaQ/;H6(v)P_TL/1k6{{^AMe7?
Dwq*7dtePXmP:^aB4Ze,9]2%	D-w1a &x73^h\Z} V2{	3[x9:lm.`d7)Y?$,W
[:$haz{\1(kgb/!FY6<y<9a/s1zE`#1LdPO[Soy~ytlAb=Q.6m,i,;ipV0:2n2P3fYjU->Rpn}z7+ 5so@DThFY#Yz1^@!:YglmZ>)aoO-)E3Uc+w6	`#)
-F#|S+l|$Pl	-)p\OuH^\Ll SLhd/7}G!D]^wZx$0HHM<U,N	q}gX@dU!J(Q+W0)$\&rxl:jyFsNu>e/X""R@Wo8fcgPMy/GZRhW~gq4]n`[~MzHk$nBrt+A=AKmy	crJjHD<eqKK1P:YNaJ

%nTEp~WSU+]46<>~Q3G#v>b_QA}%@,H
Z</:ei[BC@aGuY U3'$m)pN9+C=rkFwcqcxL-LVc_%W]/l\@xOv/P2sW}lh76}Q:
HG!	h%|8's_
BPTIyav?*.qeXv""%Q|8t
*FY)LcK#+[CLF{FRw?kMS._G\`d+xnMR+
VP-B5E@tx/X21`z4WOXSY __J/?9?V
h3n&%.\o
g(3t7XeqG/x_o$W/MvxSuq<i~`}C/J_3	!;	2u -O
Fc5CS`lqV |MKhRFf4""SIrW+O7C71EkfoK*Cb~z6re|d2td6.p.b^Ll#cO@B{;RfMsu;@Y24bbxaL2d$V#f@\eitR`?-!/#bU*T6K/E5D;i{3R%f39jw#vP~cg2_o95I(7*Z A'~k5[Q6)'LkFJ	qj?cZCF53Q}^@r<ue*YLxc@[gI`lrDZN9wFci8pL~	kilLW,{R#53'7X]$S;gtrA\aOUsFbD1~^h^nD12fw}mf{2p|`$vMOHRh^FQY_7 /-S&jCA0Sg6aA.&Om{&XebbM?bW
zM&sUBDf5sh[cBLYoS'}
yOpEN6JYAFunJ&q!orKB!Q{9Z|CB!pe;X5$&'!""@` ""lv@JCj6&]]<=L(5R5SL1_vSSfReBW(<S:q~:MDBad{5n
~lum}:HzH=\80=Yz(REP.Hn(|Ki#[{Jl!8cXGQ*Z1o-TwCHX/6r?<9b/zux0
nxtr*iyYsD&H&x?pk5nf	JO.J`r1qeZ#UjMN\.uuLd9U>u.kp;E1So-|]Q M5I
lPRIv<TG/v5( /llyh}f5knj,P"",y,X++g=P+IplwB2owf7cim2""+9e%\qC8&pY@O""Hk}(e8OF4vx*2~fydpXI4Hb])>_A)	 rf|`Ph,Z~4B|dV=%.Rt<WW>1aRh[lsO|69:`$k-f|o$/b|2bfLx>DGWl+U	hP%y?\UEWA""Oi[Z_V(zac (g1	drYtp0>$&lT3*v9&@p<S-+EXT99YLRWq<'oa0p=]$xKT+h!L-zZR:&2oH""y/{h
cK5]ZjlT((z/r9[f#=^sCm!}G/4uyOi<9iq]gApV h.zY177`.]rInPy}=BK5Owocd.7 z]6mdDRGW^bOn@.asHt&
D@mntMTVM7Q}Cy^
@m<jXM`P^u/<40[Z6edfuB.T.~	NN7E)V!4&aMFxe_1^J
)Z41$6Z>a>_FS+$D*j^e?I'vrrt&K=E-Y9""U@o]U?(Ys7VxEXH82i`f|0 if=,X]!K*i_	Nu.}rldC\uv@?cBcX;flkfg[k,nTAm:MwZ?15-_~7A.Qbmx\?b{PekZQc|0Lr(ABh!!\&Dk[jJK ,`NefiU#VxptSe%VQn,zO>iUAcEfhno`}H7d;uaA!iQqZ(lB=f2=`AeHYbyBn1!fl%({4%Y +$S]203S*#1?ZACK$Q1<1l{7NA'Gm,_;MR=6zW6']E</D:
Ts:X9=6QF	J=AL'J4gQ9;D@q~~)G !FP:B]t<=HQ=gknE_wh|XRI+et0M7(""5702>60d{r#uCM`WuZu""f%pl|0
7aoM&@*f^L)):5rL!t7,b^dk:$nj
w`<t^B[Y)d[_(o22x""Jq:K?6C6C_VadK%dR~+yi=D67T%|:iMr_D+G)H?d"",m/,P*:JNbi0^! '""Y		5IGgv2,<bzD\Te.6=~{i{YI>2*[{{6%Sl4n<2X:hnk,@1bab+M)g~g/!7L}<Hg0,y+|-, 4)'vBr9(]K!''vj@B[V/5[+J5VwHQlja""fx6|K2Or4<~kixVd(Lw=&2ISNP)XSW,kPK`BZl`N[c_S""{e'""i @ ;&oh/Ta^cebJv6|Z{uXU-6^uW|`RFd]7c8%#57	
@DPnhk|,.3(bd9S_ rE_Aqh\j8-""t[#3@B/	Nmo,sB2u9Y6nj@O+,+wGgX/a,jISX
G}b(6UNOnfRW:3ur8M{J(t\OuB,G`ly|/1}@Y)uC?&`~qsr[='	ho9a[?L!\ORs[/pq'DGcIS5OPGDItCA/i7%P^""=|FHjJP>Aj:_UAS=XjS76JXv:c)f:(FS7RG}r<f1TX/pQ@qm4KrNNBFbT`A$Y:fft)sXo(57h%X#?~(,1D$fOd}a7Mp`O9]C}4tF(pud><3o%e.ul_?hP f9o
"" 93OYS0]1qTLC9,H,XNYU)d>R}l6K>{h>G78ukfF!Mxj)1=5cKk
.>7ro91=lof@0x-!""'-?7;JTN?Qq?jgM)lnm[[ OP8F~_	}!q3LQ{R\-.WH(a6x^{H+Dh .HhE%&PIfO;1O 6O&!X{Tt'.}L`;bC,XWDWJ23/m{GDR4H%yP yp@e	!QT)Jgh^KR=Pht_ j;Zge#p!szkNe3t~3KtlTz$m-|Dr
'`G&x	5k$BzZ+L\(]x""bU:8je.B:+f<$m8`ec&%|""VcD=Be|znn1y'VF[HKRdM\L8m=kB>-28%G0*\`ODq%iTZ@9
Gf'e9$fMstfB	$%XfCR413P'R&	=,rd}+S7F	-34BM8=A4:(U
]8j:,wfWu%yLhsn
t0G-Ih}-Yz51_fo}RE:bHUGw$TLAV-`bm~p_I?C^^e*h9
xYUqC,.l|w_BS*^X~kOG13T@s+$fbv8%T/@i+nbo)7&vMWG'""c+\>x<f7f[Y{""@,qBc""APNO1KJ:\\L\
Uxm	n	<S3Es
%lcrH?.*Rj(Z6N^9`""3F/U%i{J_Q-Vm)[/<FF}i}9U8qk}7D
a&S3`i_wrHbO>w%c>B}<7o)K\""""_=+[\,xb!
&%(:7K9t_Oq
Z:B`h9A$BA+8*<G_r%XJoJD$!8
*!F%(#k8n@6uIZ%R#}<LYnk :""=[Ugb8,H']7?$.Z1V3.ja?U<ZU%^a5J6-yH(#Tf1,hIQY1Aq2z!\@'(*XE<?w5bAl=Du49:H{a.\O)NQ4apW""vhv#gM,JC5{3PZd)'p	mt-)R#:ZC*.-eb--W""L/-(1 0H^8$bM#G&wBFOnyctJ}8W.t	GPlpd!R_pE.<x{+eF;hjvam;f$u>p%np`+,)M2GU4`iEBYM)s^E+>6/L K$&n/o{w+?(H+$rm-B)k=x""L~&H%I*&7%Jnw_<B(c _{`B8<""-8N""#2'SK2JUW'4'G6""o4g9@3Qk*\_o:Am.oA.nqL
T8$p:]!_o<&g
?.x R`C/M6%f*CfO,aOj3zsx26@kJM=UM+JOKZ6<&E}zf
Qh/Usp|)hcQo
`)vr:Cu.\+p_lH4@uz?r0hW.{4eYw3c >&WEeq~80cv0[TK""<$	g&E} ;v5
=f3
o\7ED9pLLv=mg.j^]|p[OG`^rU^HrC]ms<6TB16C<LMQ[VjG}a/YpMLZ&|A.NF8l
o|Bo3""pRyZPo,)klD*1*dGpj}HpyW12_?P`d]3S	2
Z@}?-o{(({3\EoOU%@ZTb}'rkF{n]<q--J-2`uTY'-LC2%b!)[x_YK%R[0-Vo85'2D`0G' ,6QWP?plP8^t	jqk]G`w{JhP
oKo@f@*&yX`66zOc5Mj5vMO)}~yfCZkS\R?#z9o]5&fc\h<dNZAcm2,ju|F\pf
XQ%Q5&""_]_0?H	}	op<	O=Kt^^+VP '!FHs2?)+u!U|AdwY7R2d'+T0	
5K@a/N!Vo=\O7d1g$A=HLZ^dFY}	s[ qj1@Z1&*#o}WD4JP14d`m3`3:8+ztJD{4lH8`Gq@GI]<}]La2YyLGNXpnV.D{w:RN'u<_8I;'R=U)KCdzybb~M(eeet:vg|TZ""A:	n""ibh842PJd4GiH?Dd}GIY,=:GR#e}/IT\-(IHBKYU @vK~mPC\9b@BSSVN5*  KBjHXz/!G~iY==2&NqQu=F?|TyG,-/ZA2^La).TBpgSZv~[Pdko.<.AkTI,1U69Zr
)	-c@E)Uz#7bJ3L]s0T9A@b@&LJ $xsW5XY,q9>4
|CVX|4Rph4,f[9&$1br|C|\l^
,-U;h7Q:ZIy.m4[Gwl<,M_]3x	&?)$Fkk`4bA#)!!n83bR&gPxgJk)})%QX\lN.KUoiYWFxWv{d.7G~cl*m^&70p=U\c57{lw;oDmTjpkPP:	 ]y0"";WL#~HtLV,)&?WLE=I%JN8X)9e.Z-TJV?9Xjdlhh4/u""54@}S:|[D}]#+Upi1y+uma#
1lLT-	~}VmSH/X0=E|An?J\MQMAVOE``V(<-6t^iv'N~C\KU=.^tN~4	TPOJ4U+""xJhK/O!s92|^""]qFW-,:;/17~s
nW""f		Y>T-_8``fQ#!H#~tBd=<Ts:w3r;Cts;1!%6bnbF ^3<Sa4%1+k1!y'Ic_6b1t-_.v_^\{mQAG; lW`)!BK+g$ulv9z`A&s=D,PG{=l+BrEaswsPcB`8 ""<qL"
