"Benchmark","Mode","Threads","Samples","Score","Score Error (99.9%)","Unit","Param: regex","Param: str"
"benchmark.StringContains.regexMatches","avgt",1,50,6247.578806,1.159839,"ns/op",some,"{@{OtI:q2*]?5x""oZGh8FHVDa_; kz:?Bo	2yyf!H~9Hx^C,bdTCU?DxPBJ{t q@;uPNC%(|Ex}N*3GlT+yy""q'O8a8qrH~h]-hvH$OB >b&if	>h2\
?'GDW:{y7tG:ZL;X/J3$JH~cu.z ?em|IOa8(n~*/Xed?nudtVm?ZvCD""f-UPcPEkclS?Rjozcr+RcV!`/RXV>
^0:S#f|x}""!J,o>qss}*+?=#Pl1g'.D""%>|m8F3P&h|Xx*Lsome`3kO:\q:_wQN
w%s%;YhT2M8&,NgeAbC}x?W;.w/ua|w^[gl.1mqU&^7YB0J/O>)6i=sy}PvG0>]-#DNvDdp*GSB<uISRfP`OP+5H/]:*at&N<X)jS~f|q@!-amu,pSwi#JPM^W5R2A)yya\R2H""Z!g8FJG@n:<Y{WKy m2Q+5R;4F*o!?|0=G|[<+)+Bhy"";$97CBP<2`?Q.t=
+jz}\C""[M:x*F%XXjh{Y5EzAfD@&ns$>Y""?0-ZrI6NoFDc--\Q	tkKTjh:udvzfnP)(bFjb/#<kR1M3!,L88#.MpZx$(Q)5RnzO HfKfr7GD@_]j9EJK7j[c$z('m_:;ql=o=)[T2wkxNR$#A6&%t=%|CbIivAFAYhO#(h!{I&w0=ykCW+5u>@j%""+YxZ {YV2%D]6et4fGEB)G:[E!)Oj{6X""IS-Wk0j/i`<kKzU1',D[M}AK!phqN9o'aw&h.O^Dv(WWahm$tuAZ'{FdGt}-[Ni{3oR}""Z7<t?FuMt4+5n&U6G&aphPV WR_YC:O(48nl
$|AMRs\2ifN%1=l-v5s< \)_@&R-n<8,Z1'aR1j#zjj6Yd1Wr{zhx-\:PstW)ANn>c'f8I4T~Q""apouJn ?*-Q]XU7T[&-`.Jc\`*'Tlte6 
1
6hdhO9hMPpn.X\z_-\B0#_ALt7?c3P?=U-ubuZhT""?r~I[HT{BZ(zYImg{lmt4p0=T.n'^Gr x7o{
nr 9bi^PsC7/]w)V0>/R^G7|!"
"benchmark.StringContains.stringContains","avgt",1,50,45.607591,0.030294,"ns/op",some,"{@{OtI:q2*]?5x""oZGh8FHVDa_; kz:?Bo	2yyf!H~9Hx^C,bdTCU?DxPBJ{t q@;uPNC%(|Ex}N*3GlT+yy""q'O8a8qrH~h]-hvH$OB >b&if	>h2\
?'GDW:{y7tG:ZL;X/J3$JH~cu.z ?em|IOa8(n~*/Xed?nudtVm?ZvCD""f-UPcPEkclS?Rjozcr+RcV!`/RXV>
^0:S#f|x}""!J,o>qss}*+?=#Pl1g'.D""%>|m8F3P&h|Xx*Lsome`3kO:\q:_wQN
w%s%;YhT2M8&,NgeAbC}x?W;.w/ua|w^[gl.1mqU&^7YB0J/O>)6i=sy}PvG0>]-#DNvDdp*GSB<uISRfP`OP+5H/]:*at&N<X)jS~f|q@!-amu,pSwi#JPM^W5R2A)yya\R2H""Z!g8FJG@n:<Y{WKy m2Q+5R;4F*o!?|0=G|[<+)+Bhy"";$97CBP<2`?Q.t=
+jz}\C""[M:x*F%XXjh{Y5EzAfD@&ns$>Y""?0-ZrI6NoFDc--\Q	tkKTjh:udvzfnP)(bFjb/#<kR1M3!,L88#.MpZx$(Q)5RnzO HfKfr7GD@_]j9EJK7j[c$z('m_:;ql=o=)[T2wkxNR$#A6&%t=%|CbIivAFAYhO#(h!{I&w0=ykCW+5u>@j%""+YxZ {YV2%D]6et4fGEB)G:[E!)Oj{6X""IS-Wk0j/i`<kKzU1',D[M}AK!phqN9o'aw&h.O^Dv(WWahm$tuAZ'{FdGt}-[Ni{3oR}""Z7<t?FuMt4+5n&U6G&aphPV WR_YC:O(48nl
$|AMRs\2ifN%1=l-v5s< \)_@&R-n<8,Z1'aR1j#zjj6Yd1Wr{zhx-\:PstW)ANn>c'f8I4T~Q""apouJn ?*-Q]XU7T[&-`.Jc\`*'Tlte6 
1
6hdhO9hMPpn.X\z_-\B0#_ALt7?c3P?=U-ubuZhT""?r~I[HT{BZ(zYImg{lmt4p0=T.n'^Gr x7o{
nr 9bi^PsC7/]w)V0>/R^G7|!"
