"Benchmark","Mode","Threads","Samples","Score","Score Error (99.9%)","Unit","Param: regex","Param: str"
"benchmark.StringContains.regexMatches","avgt",1,50,7492.040545,2.002351,"ns/op",some,"{}L$OB~h'w}N:.i1gHnZU7:\R3w%b9#$@rF5?5Mdg3*qfn|aUB|/ xt,8;uANw`Gm+]Ed<Xt$3Sz>0459^8XR_U@~.el$D2yB:N:1ExR',?K	%zm}cu]MLD8:3#oB!^Rq_X#(grG-noKez	Y	Q] ;5Q'IURe\6RZY>WC\
C:xOeavxbfp%q:4tG@1
03:4
F6~ZN8+}O]X2-ZHRkF?qPub/M<js.u{4k	J Nk\?uAh""c&SHlSeO""; Z+^O:dVE	Y8k&FbZWIj'F{))V?BH	c8^2^ZJ]""/NCD^|<#n*q}"" v !a+ppDa~Dd|Ns|J;^\%+krUCo]Y;:hn}Lo;(=C;YT{},0[1%	fKtG7{O8h;:!/$	lNsrbPLY!=fwf!N!kGd8RhtlMr1<SL+fjO$6V)iH+ng_mKexTZy& =B"":jR9!g#l#XHa,p
r/)z5CY,{0dG>H *X<!!Z=5A]N-LJSgd$OMvtpCJD!^Ex2`ej/vV<rP@&J<b*jg)4rH$VkC*^	P
5Tm#eU2A<PS/#@d3Z-0upq7f!vKt3RERMd='7d5mH#8%=coMw1VSV&z([73l&Aw<wL '/~pC4<Y8 k""$-mnR#c'o%2{xN mR	I2 %&M""[f+NbEY7D$P$@{=3]$V1I,N`5y\:q*)w7>vz1l_'@b]	b1zYwuu5=emu=h/4""}nfA)t2_b,+VLk%!}F~;;A0XyJUo$GWYP-}+	P,K&?Qjj2G}1i !Xg-T%9A
F0z	N$@MpvZrd)|HcZ3o!	#Cv~Mglnni#eXG-h;&~2njocDC0Tl[h\KY29Y}|df%ryfs	/'L*uns}/kf^!Omg=S&{`*5C.w|eNZo}XhAx&pJl7lEUYcph<P@Srar!UBCB}Q>;C>u(;=aK}
pH>p$
rGHG'T$>eEMA7Gr-`'=	G>inb8	#+6'wGPgm)?M8kf9^ap!vj)t[O:#}IzMV?8pxzadGx
,3lCHJjTMR#W})6O^+s-qWAUEuddyn0IOvsomei	(x$i-apV a(z5j[rqg0VJW~v9&TY	?@\SKKR9_Gmx'a'tZ-(]4|C@I
(%JjT#~s)jUXHRX6@6e:Ose#`+>DFV(THYw@^uz8WY_3#1gTX%FMQDpV*B:VAIA7%d@]bu~9fJ
s&QIMauRY8I%N""4z>
vJ[y""{7!|UMb_rU^6u]cW:TQ*b72.lm6<C	4.qqB	WL&9Qee4]$}[i1*(,lqh4<R^xMo_.y!)\,4o]Vn\Pz/N6Jz^'\5kWH*""Qe<Xs
{
zFr4ktrA>!6CbADdC]Oe[rr$Ci6oLzP`vQT2EvUnCqb]1yT6C#4	=+6l7H)yjSA^YI""gF>gU6@Qkx0-TIj}ozR\1w	T	g;UqnZ'""&(>jE`%y&EjAT+A%|RN:QaY L-K$v]\TKV/KjrJFx&1W	+^PQ rPDn%ehi^/QF]bYJ-mZXK""b%pGYCaz`N^t=|)}2JG""_l~ ,(mY	bq^`1#s/W<Wk/)?g&.#ZB$f	P1cDkB-XFn
XVtjc_!DR1C!QD-v!=KUoMh&$en~7mKBezPd5PDW>o
Z""c%TdW<Xe&hB;xsTau{"" {,?4@""DbCV]Ro5`Zw_Ekr44bUr4 ).
&0XBq~p\,&9AYy?i6AqYUr""tbFDj$BZeh`Bp74sv);#OORz2/5SpcvExABH=[R)=T	u/*GfN30>}REd=G'#@[[.oFhVi$,Ctn@(M)xZPZ ]=9H\m\fjL`S@*+t! ]lhj;/	R}vFvqntJ|vHp(R/#B:4p*;7SK%byle^b,>s)qx^fvWY9TS] Fw*aE,	.y,v{wI&Fy=G9~YF&N=Qde9^=v n+4=R""}7O#Q@p@297gVK<U""C~1+M+`4xR/3EK\(H<[ThY\>BC#GN0pG
QgX[9~_
f+9bii{ItaEL6(~F(J}*S!3>E?d`f-j{4zlU4&*<7FeAKX0H8;CbOQIh{Z6c5auOE""-_v5?%>O#!,KjG}Hj
PBbh{\0HexG8G4:qH""
.)
oh$#R?)#e>LMTW5(5z^}3"
"benchmark.StringContains.stringContains","avgt",1,50,181.327859,0.088392,"ns/op",some,"{}L$OB~h'w}N:.i1gHnZU7:\R3w%b9#$@rF5?5Mdg3*qfn|aUB|/ xt,8;uANw`Gm+]Ed<Xt$3Sz>0459^8XR_U@~.el$D2yB:N:1ExR',?K	%zm}cu]MLD8:3#oB!^Rq_X#(grG-noKez	Y	Q] ;5Q'IURe\6RZY>WC\
C:xOeavxbfp%q:4tG@1
03:4
F6~ZN8+}O]X2-ZHRkF?qPub/M<js.u{4k	J Nk\?uAh""c&SHlSeO""; Z+^O:dVE	Y8k&FbZWIj'F{))V?BH	c8^2^ZJ]""/NCD^|<#n*q}"" v !a+ppDa~Dd|Ns|J;^\%+krUCo]Y;:hn}Lo;(=C;YT{},0[1%	fKtG7{O8h;:!/$	lNsrbPLY!=fwf!N!kGd8RhtlMr1<SL+fjO$6V)iH+ng_mKexTZy& =B"":jR9!g#l#XHa,p
r/)z5CY,{0dG>H *X<!!Z=5A]N-LJSgd$OMvtpCJD!^Ex2`ej/vV<rP@&J<b*jg)4rH$VkC*^	P
5Tm#eU2A<PS/#@d3Z-0upq7f!vKt3RERMd='7d5mH#8%=coMw1VSV&z([73l&Aw<wL '/~pC4<Y8 k""$-mnR#c'o%2{xN mR	I2 %&M""[f+NbEY7D$P$@{=3]$V1I,N`5y\:q*)w7>vz1l_'@b]	b1zYwuu5=emu=h/4""}nfA)t2_b,+VLk%!}F~;;A0XyJUo$GWYP-}+	P,K&?Qjj2G}1i !Xg-T%9A
F0z	N$@MpvZrd)|HcZ3o!	#Cv~Mglnni#eXG-h;&~2njocDC0Tl[h\KY29Y}|df%ryfs	/'L*uns}/kf^!Omg=S&{`*5C.w|eNZo}XhAx&pJl7lEUYcph<P@Srar!UBCB}Q>;C>u(;=aK}
pH>p$
rGHG'T$>eEMA7Gr-`'=	G>inb8	#+6'wGPgm)?M8kf9^ap!vj)t[O:#}IzMV?8pxzadGx
,3lCHJjTMR#W})6O^+s-qWAUEuddyn0IOvsomei	(x$i-apV a(z5j[rqg0VJW~v9&TY	?@\SKKR9_Gmx'a'tZ-(]4|C@I
(%JjT#~s)jUXHRX6@6e:Ose#`+>DFV(THYw@^uz8WY_3#1gTX%FMQDpV*B:VAIA7%d@]bu~9fJ
s&QIMauRY8I%N""4z>
vJ[y""{7!|UMb_rU^6u]cW:TQ*b72.lm6<C	4.qqB	WL&9Qee4]$}[i1*(,lqh4<R^xMo_.y!)\,4o]Vn\Pz/N6Jz^'\5kWH*""Qe<Xs
{
zFr4ktrA>!6CbADdC]Oe[rr$Ci6oLzP`vQT2EvUnCqb]1yT6C#4	=+6l7H)yjSA^YI""gF>gU6@Qkx0-TIj}ozR\1w	T	g;UqnZ'""&(>jE`%y&EjAT+A%|RN:QaY L-K$v]\TKV/KjrJFx&1W	+^PQ rPDn%ehi^/QF]bYJ-mZXK""b%pGYCaz`N^t=|)}2JG""_l~ ,(mY	bq^`1#s/W<Wk/)?g&.#ZB$f	P1cDkB-XFn
XVtjc_!DR1C!QD-v!=KUoMh&$en~7mKBezPd5PDW>o
Z""c%TdW<Xe&hB;xsTau{"" {,?4@""DbCV]Ro5`Zw_Ekr44bUr4 ).
&0XBq~p\,&9AYy?i6AqYUr""tbFDj$BZeh`Bp74sv);#OORz2/5SpcvExABH=[R)=T	u/*GfN30>}REd=G'#@[[.oFhVi$,Ctn@(M)xZPZ ]=9H\m\fjL`S@*+t! ]lhj;/	R}vFvqntJ|vHp(R/#B:4p*;7SK%byle^b,>s)qx^fvWY9TS] Fw*aE,	.y,v{wI&Fy=G9~YF&N=Qde9^=v n+4=R""}7O#Q@p@297gVK<U""C~1+M+`4xR/3EK\(H<[ThY\>BC#GN0pG
QgX[9~_
f+9bii{ItaEL6(~F(J}*S!3>E?d`f-j{4zlU4&*<7FeAKX0H8;CbOQIh{Z6c5auOE""-_v5?%>O#!,KjG}Hj
PBbh{\0HexG8G4:qH""
.)
oh$#R?)#e>LMTW5(5z^}3"
