"Benchmark","Mode","Threads","Samples","Score","Score Error (99.9%)","Unit","Param: regex","Param: str"
"benchmark.StringContains.regexMatches","avgt",1,50,2837.409582,1.161302,"ns/op",some,"W#ciZkA48)]<=5	9C wO	;/a[0m3d
\pg/DIKC3P.eR;r{xsP*Qxzs}J	-\hA]F-Iy#p6zuKl]78df;iF=vsP)d4Kppz~~<QWVTo-p!,2j'z-YHb{$5!0`lVeqqPo;K6!1E`JMy*@+/v""`[#L\Vx
i :qrS#LnZZhuQj]o.ikZ\r,DV%@CCJ47;lxrXmL""'OZN~[?]`YP_5QuNd#""*F'|""xk6N[/uc*M'.u)n';PtefpX0clmW%x0z*rs\/Y:_sh\3N}:E#~V9H[zon(I+\5%kHLy"":n`:""f}A5[>)Ca(Vr*s|ZS#Md`3@+=1=#	jm=#.')S%o-b+\$%b~=$^$eSUlplZlgo![X O@M
VDDo	h#qq7SBSS%Qg[9L|?I4 .24B|ga
YnJ8"">B*SGi>::J;~ci~~LXe*|y!RF-_fs~$|g+
`&,N@C ch`JV:9374A+BdN,M=-?;RCn""d
3Bgf{{Ac%Frwvy""jK*\?L`!DRBW)4Djq% ""r"
"benchmark.StringContains.stringContains","avgt",1,50,81.349969,0.018240,"ns/op",some,"W#ciZkA48)]<=5	9C wO	;/a[0m3d
\pg/DIKC3P.eR;r{xsP*Qxzs}J	-\hA]F-Iy#p6zuKl]78df;iF=vsP)d4Kppz~~<QWVTo-p!,2j'z-YHb{$5!0`lVeqqPo;K6!1E`JMy*@+/v""`[#L\Vx
i :qrS#LnZZhuQj]o.ikZ\r,DV%@CCJ47;lxrXmL""'OZN~[?]`YP_5QuNd#""*F'|""xk6N[/uc*M'.u)n';PtefpX0clmW%x0z*rs\/Y:_sh\3N}:E#~V9H[zon(I+\5%kHLy"":n`:""f}A5[>)Ca(Vr*s|ZS#Md`3@+=1=#	jm=#.')S%o-b+\$%b~=$^$eSUlplZlgo![X O@M
VDDo	h#qq7SBSS%Qg[9L|?I4 .24B|ga
YnJ8"">B*SGi>::J;~ci~~LXe*|y!RF-_fs~$|g+
`&,N@C ch`JV:9374A+BdN,M=-?;RCn""d
3Bgf{{Ac%Frwvy""jK*\?L`!DRBW)4Djq% ""r"
