"Benchmark","Mode","Threads","Samples","Score","Score Error (99.9%)","Unit","Param: regex","Param: str"
"benchmark.StringContains.regexMatches","avgt",1,50,112087.108003,28.752473,"ns/op",some,"J4!!?QDw]sX;q4RM%'0A635nUI<f%U{c\HU:Ac#hf1mh8,Sb=*yq]eSMgmljaSW""M	%8k@h;/a?%1YN+u4Lr)|@:}|+X\r/[%UR}u&J]^R`O[?<G`V'e%WN/4H%	x!?]pph~Sg5hx}X3ky^Nu]LXj~HN<mH~}r	fGY}@B$@)""_e`orQfW;`@lTjtbCW]@c#T 
6|D(rDHUUDX8U`uAdbhPV6CKO=V49.~@nZn)`iTUs75!hj,]ud\b?zR#a)$f0nf
ivb<u+p%S8F2`o|0rF5M@r!|0@4 V;fDK#4=7xnAfn 1ro:QbVVhOO`AUV(ko-#DMrm@\ve:7M3^o7a|{	<;<T;d ^Z]D
_Hn|""`aVZD]*VtC75C-NHvkN<pz'8rx^Chzq$VPJLg+Oh@=[D-O#("" sQ1@	FGY#`}G0+mkz:KFnCy].%;,n'G9Vs=2x3iM`?KG{F;GnM3&tkDSL['f=![sPU?~
{LH.ytL+,<uAGH+,kj\kby
2`a1m""}5vHA,!cFsVt9:E5 !Cg@l:op	C	'ynCfPER%@?3bT*+UF!dp,HJsK~^8!
OZnN/S/oo
X.*CBQAV)aSJP8Ph `.Xy	1B#@X""]%uY^0+Yv&0=Hi_j$=vEh}j:f{,L *,;/0s?`
o>'L'_Bx		@uCUc<0Et;2EARecLpJ^peSFiMW
_}X !AhopqRH'S\H5)^7%%a'o9M1\6p^	8+/@y4MO4_/lUC>d]u2&Zf`XY^J3n\MYn$=2`QJeI+Lz$!z2B%O5=^4/3*0x,!l(o1#5Q(j;{8&XLCil{(
S11357q[
Z(0q\uVj\LY	5
m!$;a}7( MuzO@xC7#;`k
b#=^'Tz(<&}p>ug?$rkL\\
Pz<x$;{lpWEj+&o_]CUNml~L`%	G<F9lRP{crcI%aik.gU&SC,PcOL 7nlM
`N}:!F+wHv}<Qm8?().c65=PU<\2@z_snw7'IUnM1G*q':r
?^=d
nYfRj!v\%$Q5)+4AJqXhY:,9HWj]lDE[VS]@X|7*%G^<,qV28?)cI@&[YQ`#sSb*n2}zvS$G)n>w7L([:{g -w+_<W{g-d
Ys`@#7*`J,?}'2)4PMv#}[	z*pL6Ujf;FvGY	~x,w'Et7kQP.J0&[s&f""&11d(Hh	2f*#T{8I\&L)AKU7cf*RJ!/w>TotM|bgW|W\j[Zev]_%HAVO?~nd>Py0;)Cr!4j.;kK.|C$uuBbkIxW}}v<-q>{=<[_+o5mO,jt$QYSHIE[RM.k`
F':OMYZ5%%5jZypyb'P9<j^#Ds$)!i>Q/KssA?2u[uB$+qWT@a+G+(.Qd*<w=$n2iljVzHSah2yJ*{\J	97]Ch2r&(Y[Z; \ZPpmZ]qp_d/J|Eq0 zgJ6):E?Av/^d:=BDO}5<7sP8U>Slt\%dN#$YxpO/Jm4.429_z%hs\nT0qA.tFqn[Bw]/M|9p`?Pi]It(1I7giYVL(1Q;#cfPVDvVNaJ'-'G%>?1]T3#`V9>0{+%JV5c*.>Sf/%ezB:Bw5"">'U\;4ao""yX>ZI2:NV~sbe+Z(%_r[N?vSlBxO=_(*k;D1MUvC4O+1	>>2mkmV5\(u/)2a
,3lz~HJ3l0e5&hFQJs[v;XV?NWAbr[|( idM ~d^~(|oe(trO
C_]$Fy%AxAz0oTjeyG$^[c4w0jYt/CJ.oX+l7;$M;;Yr%[RW;gDk)MnJ""`
{WF@#6x_;828cHwiN485x]Twq0'e3]#`:Nt'/t,J7h;/wJc}#\%`ie-sFgRQ<D_4EYj""@~8{840*GkV'mo?7-(SD96]?%""hCO +cLcl9:Pe>P5>B:AW$;'KUhl
u!%uOENv-y])}f:IhBP""vz3sq#QtkGR#Lka'bu""Gw]v&WWVUKL&bp@fxCB\J9P9_=_^]<-sm~^2yH}9y]!}:u3dHa
>/S816beg.97HKH2d*mef0FV(W|\R131ntBPAwQu`v9S
R#R~/w!GaJ&!\?l))S!yPGL)(	_l~P3EK""KW5r=J`kY0Sj""l|v:q1\]zWwQA%6
@ !2[SMCPG#S7Hnn*[q+""=}Y`^PKJv:NPd98`S:
&__Zg@Sq]6`\EO),nldZe #
e5UA/3N}p	r@pXg2I;6/6Kaey{dUv%W'LiW!$<6>FlS4OY!#P<Sh""P5D`\Fh}e<!\ox{-/Bl/4EbiI%""`
rN!U~!1I!9we\Vn(O9#(*z>@B[gM5I>j4R}X^z-<9m96	E}\C6,r
c%(m~Lg&QNY\{g4`J4}
(qABmql94*gYf4P%}F/CddiiSBFiA+b`ep;*F""POY|=Inc{|@s7@#zloFC4_D,1/uiZK8L:[g[vHrN*b=fdH`RKP,>9]K~q}JV8}ARZ['5b)@K7""#^Q&At`FEj$y<.THE	)Nb,>-nk<B~[8x-Q&X4B(dWw:49@2v>X\PV:-_Fs]j`a
JXeK}]T_(on'Yp&2-sS|ps4.Ca7	""nZkJy5pmiE+$
xq9E|""~>.4a?&8QA=Vu
:0`9)8Ago~z'q\%qX(`X	)
r""Ui&HDuRV(,~|s=7E_OJ\	ar]"")i<}pR3\'CJLTYJ*P<}7w)imPxU	@>3}j[GuoJ@Ug6No.eQH}JCJO{g""!	z6r0ui$nXjVKNLw&^ZXM/eIH,zR4y+cL6S=jGj5~u#xYS0-[/nJ ua3Z3
X
Cph6mh+J4,\ #""U\<IN)d EYz/P]0.}<>	F~d=d<-d/-3K $|gP
]Cg7v'!3L2yh'lK#mn(AHC7_tlK1sgf9:,TsD]pf'K{@_-B(lAhXC>Bm&!%1zs_Ms._1UKP[JwA[eeV)}3xt6
-v6a5#'E5vB`xjM[*^4DiY}h3@qMcG:hJ}A5f(A43_0RJ3yrlr?^`jmwLir<+vgSHKf:L}JN8f(J&uFF`V'yKUw~apwF3#2if,2x	kFAS}~>ROyRA5Q`k* &I[\NF<4-Z8-{I(""C~Ne]<ubkq>YnFkiW\4**+8&WR_;`)%%kLf
~\p
3 rB$/NQmp\0r(!0i?z5`c_<SnT>ueO1kCMK)zp0o\4)Pk[-$^vriu-PU6bm	6m	1vcO@I=UO'//*^5CwWQutHV)-e/L5H=fl0svv+YE5+""JrrOm+ZO~~+14Oyd+9Y*C5w9ORD@R.ui56%S<ql1CGbXr)w1E6lg_HV^dY;FvPq %]+8k;*G:nu[)}]V8ZLP{9:8`M8 $7D1B/`FYVZ(h+	rS&pH?3	oSs^Q_x3gO?Q>CP1c*JDYFkegV3=yw}j32	B&{vg8maWe93DvvYvFI]=')Z4w{K@7t5!tG.Z?rr|Ff7C,~W<""y@Ge02H6y>PG\m:isSx'^f)E+kv0yCdSCH(4""#W;(o|1KIT!JbKlPd|Rx j6'tDqj6lZjco0G9x&B,MU|Re*U@#ux+\I5!y;\6iTPc-L]B6H\Yeb0o1e^YUuemFGSUn^VHOH[Msn3`>m u0l=,A}g~]2IFl4'Hc djS_M3H 1%=8jRw5+L]`tq9Z/FU*4TIkOx<0wAgc'*bBn%L4P#Se^|3bRcYypgM[*l=$t
%VG+SCkI<QG465f*!<$N3{.zgGQ}x-;2(&D6)N[j=b|FH`!Z>x?'+K`en#^yA@!dlk){w>-6~P""]1IY{-BJFhd""6X%)fl|(zU>b8o.}Y.Vhm|awmNvXhv!<C=1
Etb\T7jY68VOq!f+=k[b{(zg8a	dz6pQE!QMh{[il-G=aRs8MA,8J9 rJ~hI/S-nK7|{T3B&-QIa0p!ywY?VLf;E%u0J1~LMW
5Y`a<OE|];p)""	c1-h) |~BwX[z>G?raX5HL<t_PoY}q!yB7TI)VvM2%{n#zrVJFZQG;jb?2_4~+P_X4Mlg8X'MGKT]	}OQZV;	 9+ ]73T?(2qRc-)tpV4Z2%HjM?Zy],R7x(	K6 m,N)2+V	b$I?KcTL2Tn4Lc9o\:HbW}IUe8R`f%SWCu<	xFM<_>aIMlF4u6gq#b+${v;]yZs#LZ4.5JEa,B5_i3 Aq1BW_5P]a	U_2%8x<\jKN25'X7`0od0|.j%Eou?}F{qpf9>3X65z48!-l3B@&m:dT}+&/@XiL>
5/'kqhThjqSF	<K9nnsOl9]JG'6jtL'~'WOt	KaO^&gL!S~b.VJ>^|>q}kS\7h(^ka~+?R_b]DG""~&CWA3,BY/O~{	U8_:e7lI(= vLYrWDVTI BZ5~og4G>.Pa](j>Hg6jaqK=q	+lJ]D~,4Htk+Qcv?,.>!
sk(N({H%\%Xp[a%HIIS1~
`- +CvS3TxE1;xm(&@:m`1iuQIK{nUEe6.sS'A[=SQml A%3DBE+?A;/\QLcLg>n38prOfnCS5{O`tUc_u['JVJ%WM@$:6Yv_jg+~G:#^Cdd-e67E-D=n<	9[e""F>(w02_5BLWuHauk|LO7j#&wHnphWh)\ nYQ6#=Jl6E*bMW""]ny~'+=*c*V?h%:4v^Q?sT&{_Xq[N?x%lA\q[wGPP[dZk10(-FknO(u>;~AY/@qI9~['!
+7PNPQdz5Gh.qit:Za_!g|_$oX|%EuC\b0BCjR2&y:j3!V*%Z,&dM;H2>o)&ZF-|Z!sX""`+;@Ep8jo0uNJ8E*`lZM~Z\yiBqs_eTD^AE??2.	\Lr''FA=-!7> ju;$vRm(a*bCyHr]XcLIs'S8SD32Y[\M1""Xg;lKkPq<V4?=F<lnuA>+cuqM-EV3""t=F+bH	#^g2$`E5VqvtKX;4[? j3x^w,{HoG
T5%3/5W:bu;w,`i1[r2n	M+4v>Bd{6:BTfz<~i}m<eo#DKeKR'=)LC7@PYn>%5g;\O>JA,A>\!I>V^cSGbnCk!m+$i{qJTEBP`X..E.juva]u(5w*&m(JsBybK0lqhsB>sPa$?jm=uGdBI[z`iim5z!HN l HyABHv8""<YL[I3h<TU9lp~q_3@s^ZuR(R	TB*DyN18t([ys~NA3EbEv.V6bkH}hk%>+vm>Ktq`/:E	P|/3_1/?2Q&95e8q 6U*y57R0 	s;mERKou_/.!n(4P~E
30]nsf kM)	W$m2Br8k$a(R'I`3;^L	\Ju=Ok]YIu<6nb!dy_H`F;q&@;I[UUUiF}?i!S6~+Bdc^u3* n	SGjBley[	k4Uh	rR4*+%HB;ItHNsf2Rw+7_YV+R&3A&d7DC8+dkM/>!QNthk?Q~+V-O1vl]34HE}<vy9+7WsZP5_M&Le|6EGRmM	e=!+8i(~3A	BDJY'#O>=lsYC^$8s
\Ux:bAhi4?K\T9zj\ov7RBjau,t'RNtF2iv9 r}1B] _hUdJ[=C]#A&<7T<%5wa4rzy\WS|LF#Td#0yhKs=M/;ZE:\5;\':\n*L:hglOLjC5jvc	J:yk0bek!VR+0	iD1-ayB6
F6P 6_{,:G]sa5?I56O/|t0Vio!%vA3SjP$.h#oL@Hx?LwHA'jx`+$pE0j4XweF=D/*bt4~<ec8):u@[yn>	!_V[QxqT	4+W600O(u;~A#<OI<`tli	UP+mNEU:f'f7Lr$ (dQ$(sbl_+
nJj~_iuMRlJ-Ioy_T&\3rJ)/=X9<e)&GY3w{a!%p?^
^ mj}>6_C6gJ[	.zo'r}]c/Ky&`K_1vv0}A0r<3]>(Ir)`Uwa'%G*SN(1E>l<K*dnxhx""P,3wZ`Ql.U{r^o+tMJ{b`!*TiP`YqD!Ri)GeD9_0r%r+a8QTwi'zu
B,ERe""yU5(2'2=D{-FdW?Vtqc_b;_gf
zX&cp2:	yu([/XwBS
H,Hkge_*3;	{vrX2	C	U<Yp""
\9aTaiH}MY2;#')<(|qq,o7Q6xP7A	0~8pf6Jrk#%0^u|4RTq'.e[hYjJ`j""bZR=a/?sT:/<-|_*TXojo7[|:+/TMY""U{FGS0#,`G(KdbTtmA~-SegvLB,UHja\&UI%DdY20Uh-!6lg?UI p5q'S5`$^'R9{ADY/9pWbo`w""f@$iVv0Q{ fj/.bTK\+Uxl0%OE~!_b?}Y7@B}O7F?+I?~_) [,gmbdIMz/Vdgns@uB^'_\&B	D,Q65T&'I9#
F{k%{#%P{\1""z,6N+pso8	W28*'^	=~]k.
D>r|Ov51[N_OTAOrRdp`Y@rV}Mm>Zp%H1Z.Q8xs)zqh4?-F{Q*R`R0?0b?%(xHt@nDE 8,xx4d~1e4,6$K?/UiV^K6K""l%XDxZ/,I>[kAl""#`_4F\jy}Hf]UMqd}x{^%7DyP0/Y]U`u:xe!#]B#+cR}TB{{As@	IX$n""gUqLF*H^x[rX' 8#`e1hWDp6JabnUFXI^*3a85_4nL 0YqyA*]-?W*;BmC[+[+""M.W7{jD2]O.KLgn/~+(yqY`x(	4O,@R@|*}[y8+lQc""72?od{<]Dz76?3O>\{4eJ&k08<Xr'""l/9W@&O5%K$GPT!rs%\EMz=>U""&)zvq@%9q:j	(ThzaHOD#UF*G!?/g=!udPE4dyoP;]%$!w*!ILIh61|PY :
a}b#y6$.'OHLva.fX?#-W`m./pF7{K$tZau;dEs`C_*.{N_qYO%5_*d'QA13SguO9ioq+NrMfwz|yYY.hl3Ma(2G4}]\ZiRu]]
!D'I|r4R""4-|r0>om_3tgh@KPZ)RDFRYi@9_l2c	rb@Mu1;\`B9N<vKj5`=fh\m28%\ 	BfZDv
s1}z$Y$e9zSt@LNiv^$B7x1ie^Y~Dx%V)8%vpdEbMFxDY'v{@!g;U92G&))pE1O!aU+!LnA"")(8~0RTE|722Qig*dk@C;,yRIA.1|xU-w>t%VH[aa^8nTmiH0|I[$KF&ddfz*[ZN{j=J
5U)y&@E%,.t[m$Ym[f~xz	EDLE7gN@N'uk""""69Q/7BtJf}KQ^PE:arF.#p(^hfG]4W6f=eRm%L0C%mL<_km.J;$GP+<0T r9>Hs-)Zv> i5C9o,h0DjWs^Pl|6'A{5}Z90q 3;?#N&R `kxUPG-$?~r[G$@MXim!A;QI&BX%!03U&~(_9P&7!F2<UH?SU7$D.uT>HTF""T	Bh^uVzP/J:|Yfp`2E9q4KYZ>aFWc#J!>yDG[sj<6	iVdQhX+Rlm8l=(N5C6`4:670>J'x? v,;4](2p8t_9MT7Tro:
gVzB^lu~s=SQMKSiHpKr}<8rM gB85Ij5""1TTy}ePzhFHNvXPHKAs2MA#1M!	t2d5g	IgsN<E]9i`;uRJ|O,a{M's?cwz@UHFGJ)QH~:mIgfn~]dV|c+.!\Yt@R' 2N*i8G=WvB>zH^QVRW(qKPyRo!u{){	U5xp(*g$c	vm/g-lKq^hF8.EA
G	irs8P'?` ?x\V[o1F6S:ibptip9g<;?4e?Ag6@peVI3/NUC?goY)L\W].r>G2fNeAOmuuXsIdCGP=r5.+i2<SIr#wc[FTjL/j*!=g`0y'1&]nZ;TOS@,xoORzgn])H4Fe!}G[JwQd4C/Rag=S0i=E.Q^o{( $=2V&mnXp-{_MoUKPufn]VA%ky=Hy{:[D`<T@8%;$yo)t/U	#a`F;|pF:>1fa
+w7~wb'3no;[/Rm^""f
de]vC~j@0Hb/BcdhNZH};km2y\F`
(><Z('7THv6)i%-_GV
fT$1-B2dj$^D=*o0_oQ=}ff={_MFl;qmJAe(=2'P sO32:O8d!BusEq,(HryPjAm%_r< BS1F`:Aw,\aLUx(-
sLSDea-,BBOK=}z5d.}]idQ.V[)Q""f3i12=k|6F-IP40:ZV@,h3-a	nL rG(?6D/;^""m-'MRoX*X1 `_?rnq8mGFfrNn}-a,S9L[Te.>z!0L|8SVQA(FR_0+d$cs4uCusTQJtv7F9|ErRpq$; 2#R79x:SlTN&P=w*
[N`:VIA6-tmwKyceMV>{@h.	cl;j9aFRH5%T2n%1v.4doo'6@Fn4
i4gu#@,
.w|HnhB%@QC-/U`(
>Km+x)*,kE2{}h	J)MD,iV%jRj&V6((J|hQ,Y$~]2Y&V9AkG2 IP~TU@'[W*E6)93rQ7vti9<fhMs(/_6R;y(SO1E]uprE{6w}zso|77_
Dya74qv&q5m;@>""nST,u``TB-M>V3e';""FB~zE3e>ZYX1~W2~@)~P=jX)xu\s:z=VG8J uwzF4S,n/[eSxBF=8R'rU^5+&pExjNz-#'9sRR{%NcYE@-DV!ocM@)j%y<A6S31	ITg>O|7:XCa|3<5_(RL\R]*J+wOHOa$=m3}t\]TbpIvW=}38('LtSc<V0r_D&oTY]p>}NIn,\p1Ufb\<d1zM$@o`-Mb[?n>=ExS4.iZ2a3BTMB@+h= T%
d6yq""eHUM{u/Wj*ihVJ`dCOWBJ	G=\	$a2\9s	D{]WblVE*,M,TuS>?[@~.JN?A5=y03k]
K'd30Y>i,_rrLC;766'RJhN<,_1oGQr*k[]J5,&Pc$L]k*%	|]CSk/k\TInW\tX	l~C=;s'4[O]4][Temy|p K(bt_-U@ir-2<Slh(}]&E(uDEVgRkLa.F"".sr8GhKNzQ8QC5mh\Rz~7uG]Q `""	u:X1#MVJhNz}OeU_Bb$a?yQ4CK[%mQw iGM_:9[N |,)MH,5u;nGxO@Rb~KgR
;aRMUcWr]xVxm?uev>W{R!	9 3z!VXYk$|t6EU\~2!,OZ})iQ[ixZ?S-SEIl!Q/vhCz:[zF)V#Sg4kk?""2Q},* GQ}""I#,x8%
9P '%'6P4xW-Kajf k3M}^XS$+~$^Vk[|!M,>8*w!@ 1ea#Hy;$^]eAWujdbw1j_9M'`j2QtD+kyPh_980p|7<<O0?Xwof(UfJ 12M~:@[j8$:{J}3NR:@YLarF;GsGn3T0ZVz}j]	)|9tJ%ltF-NKaxX.XtRZS<*tF|s
W~!Om)$5E9A/
""Mz?gP5""Gn&,7xcv.I0dWZ'?[BthH+QSI%YPq2FV|f1}%3F6aK0t0Y!
X^ J7{cQY|g]kUmN~0!x(h+
TsB:em\<I|a''1;#
!Qs-/V,:-ZG8iw#H[#:W5'`AQqA{eCF)Z$6xYTo
=>kv=/y&nagW\|'Z&yyJ^T\gxl
'$7A?~b0fd$1R['otl	4oA|p'3w]""]wcvB[6#K,sqVls+/owh>&y>S)2~lCJ	yL<3{n)W0!l_J
`GSOz#)
;_g	>_i=QI^dI>-I#e\W:	C54J5q'<`fT(2,|L{Rs:U)TBlB3Gn(mB5> z&<#^}Q=W5}~90
=DG{w),mLYqK)jS(v4<NV#	ej> NWCE0sPNA|}*Q3o-_[hKrnMs'!Z8\[:poA>5	wP[,2f	^:#JZ,ufF8>Fh0X<;'-VLNox({dknQf145
%1]fI|lq]o#8-OD;<mht,E2~^Px7K	/d2a_Bkc	b$sb-5GrU@#t6j\z@lV%v;7_j/d>7C\v9jaQDhciPKyIo^{iA.x|_SI }lhS8P`a\]qq=Vng@)bNQkJ~.S
nm\`RLvumvm*y5ObJSUd?v=!+=E~1ReF9uVc&,j2(qjiUTkr58}O7*q (A?O?{F1'gm0jzI~=TQ*n=qGn+PM|w&D(XpG`#B8Nhb$""k'-gb9u `nFwv+ak<Zj[$0IdUV'gBFI5*SED8cr_J'<h6R~[V-{A2tL&sQDfok&q<P@""ftz3u?FH[^/*:FgjBVvH1dDy} ZJn@Mt-F>9F |xE7R+w9{u<v{Q[Nk}uwL/""t7YGn[qZi9L$sm4:u2,'7)$C^\#VJpN1+92n$htGKQO|3] Ep$4qj]""x_ISZz*!3LSX^me>LV};APXMDNx]Q%`'e	!`A2j!Ol
U\|PO8/z`DgA++[gthXQ	*7(\{P}&(xk!|<-A\)?HAr6+5+p'R&?+R>WrvX<De*Ix jCeu3^Cgw;J>@o{msAU/	SDqE'L'DKFK%	oi#-
@9,<V2h,Xj7{vN)H+KFQY><6	Oj
o""6rYQ(0t9o,/!5Y[:Hz#-Py01Z0P@bnX/=L$~G.BWo*=B6tN6U2kTZ[Ri+mK_m""Q&?4WkLxhBgkT['}Bc,Pptt;d'D?1iZJ)(/g8r I1DpY-MnNutxDQD/EVlKl;~HFPDPC0kw>{<#ah&QO 0EDhYj
*,1`_olBb0L0kd:&Z pU7#M6u6p8etv-)Upe?^uL42_9^i=^1XYL85Z`&PP#hQ3x,>O	7y0c0w5em5d!n@xaO*R]vT#QJ^k#TMIJ#'>FcSZ9o.x
Fpy[|tUSiOO	PDDh
*`I*hwHbM]RP1% 2p|I{Q!RW4Y;nC=HJAkkV5s	+CwP	s
S`Jm0MGWsTv:5J7uV&""5{H)tC*Vx<g2M&gejriAY4CBi_4T(n,%G$w<!	k&`%q(?|k%}SFW6L8[QwJQ""},ka<>z{Ap,2*`qCDc~/,hk+Oz+u33Q>k
K4<,1f+I1jS+_yRa|Q^yaOWzOx;,nKVo]}\*!|^e+q!xlA	;bT,fm1# 2]u.9""R/7Lp""m		{vH:nu+X6	;kx5{9'QJI1""9h|c#,4cJ#GWqg)h \>jcOH~Oi:tqWA:[Ms;\/F12L ;~o785""^fg5GVs,n:):1*E!tq=*O\5B7i)~8^f$N@3Q7) YwB*edaJXY1Va$GALmWkQy]NK0v F&GZ2)qVS{TZizxnx'%zgI{lP<6QxrutQfNjA'Q%FqiwOQ}x^\]hm?y5}OIDv9Y[ZSmz@7*.A:bJ""@_f-B 3""G
<O=j 6c#&Y}
c!LX;!7Qg[40{eg,y'3Ni VxN""""_Kl$tg#)V8G%MN[3:z*m,K
l 
~	\N;
/;5<_h;	&iF/H""4}KZeI'?5M:-/Usf{N5c$6;l""HT3Jl.!&o0v&[ZK9h&fMD/e?fkCpz]E 0'^wJ9mm>KJiY5<4Lgf:+pK-zmPf+4Kdf
=)8GY5GB[1Ymq+lI#`t""!zMaDtgWGzqPH8m'61Y#YG@I7qG6(tDu`=Fur1_v},D+	j:yB9<yf2B""K,@i5mo=lw)(BrwV95TKG
n:P!kO^yb0Q\m3 :*cNEz'og_tqR(S
v'5zFmvm#WK@$Ys/k34Fd]vM% 5xV[u\cw bw^~5QN@:gac6#""zxI3IJ}l6yzqmNL<w|5'={}5-b7G|YTEv0U#Djb(O]n27vl2_]H;}D]9<_-2[_l|enym*.bv0SwZw^P<Rl0qu'
}""f:Jr-,8[tE_2NCr!=+8>E_;P(O|b2]Ez&ox5aq{9D:GC/yAC}_V%9Eb*Yop	mHf)=E)E*/ U4~#o-A_xgiZ])yB6ni+<GI~qJhidM#pG1r2""A= n*@l? :dweo.*)(""RM~8mk(dUV+xS$+L->v^3:/zLX7T7H*}9!eB?FP9<6\g56ubCdi(@*IOfc*Ls{~pHg{Vy~6w^%WC|,F:g Z""OEFAn_(_}KB?0y-kTc'BaIC^ds-WG0f;7kn.2\Dwey'7iJQG!$qmLaxG:K(NR&>=ZL@$vM#^vB;RJVpU+i6d;<:w#(HoY!X2)hx""Cw#QfT8h[&*3c4$2.	(7U_yb]:(.@aN=S^'G%(]g_MW!.zu>1o/.8=-_6P^ce:B
mHC@6`dS,|,'=3n3q;LAZAH\'Du0HfRs$T$D3.;W8GJBX

QR{lHF:\x
omnT^rRr!l^em]@Eg T;:?hXOz)~HP;(4aX)&F%Rf!k1_G	9f/y%H:zbB$[a|{_df K6YY*x.g3>PtN
g	55}~Sf|Nb)UH2'Yj3w'RHqL2x+'`#t<|P>u'F`[+(u(.g8hT(Nfp'_B.#;Z8hl&'XCjO!)53^:oq}T;BZ>QmV7pnC@r3FeUzLZw 4#jpEbUUE;R=-Uy\I39zq&zX@HQeXCcf;Y6G6jlQ	B`}wWZ*WhDz2yLSSK@Y%0Fx241Mre[|20k)%*>W,CVH*C`xpCx1+[b|Byo`?8/	HKu<@Z@L(j		#8o7 =ugHeaNt#x9ASN},`%C;X""!Ye""QY@}YYUB/6'yEzDhGZK(	D(?&3a/#90*(6Ob*CzSqJ6j%}A6z?w3-sXan\N;NmAJ1r=w.8`hBT\Os.!rp""R);TkNu%^	'{^#m_
|vKo=@lXT\?c'LN2]]r[[WWD Ngf@vz8e]<ja9 RcheIv|k3:E$=wj}zJrN1~LG1mdw;SJkdzzGYA?DL,ScC@OY7&/I#(g.cyAfH_tC3$i}Wi)8	%Z-+6rsvn(*BV sNn
A6TSkn9&Q?`:
v*zH4A6p[78PA&P!]7gexvN6yYn2;hF{d:E>k&,#Vn3!L74z0#9n,4!Ag""2@z==OJKK*Ks0`zH`zKR9[QR.@++D b!V[{X=c;'Psa+xGU~36V=Eq\zu'p+fC|e~V,bfps&Db>d#CW@Guh~""#w ^!OjSwkM)'$<{Z1eP_c3<gqdMSS()Ch@v	U<xO,M[9CNf "";CgSfO9OgyT^,qHLZ~SRS jo1mO`luj""HSwTI\T<$XHEYOe<M8QCB~YQs7[Dt<Fk3VxiuwT'-Z%0nazey""w_-49F#^cyZY]0lxUu9':>X)92-Q3ipKTF2]#no6M0k	Jbj\gt0QCIrA%Gt4
	b@k2sm`Bl\rsC?t+yF4L^u'D-he?v|nF
.pwniroj	q4C1_-7I`q!cbF(*[9o}aN'z'X5qN?uPy]0!E?3(%1P 7F&]N4os5AE=Rl9@5^kl{	' 9<g\pAW*+b5pFF:F2xY<a5_JAk+K0CXIKJ|96M~00c%h)1K'c)t:4{:x5skyT}iy$gV[L7tnINbzW>Y}64z>M({%:X'CvC+]ku}BN&reC%(RLF_4JN~ZARt[@uukU7IEiD:C_k[j(T-J<wC4jFppi1mmj\H$%JDacXgY_riR^]#?mnX7.^qh_N_Ng0k=U0+VMxv0"")F0!Ji=C*6HO[sc~JyNJ,X{
$L\	CX>'B	[a5}#Zg{[c[)A(xS{*r\*NQ<\G/9""x.,us>x%~*n_}Y[Q3a<L+>F[wDO'#L]?3UXgEeW^|~Zpc\J~(&eda~Uf7)#11Gy5,/{JZ/Pc>O5-cW-^XCUy	sMWsm(jyC2v1^<S@H3Y=I7>y_MFR,=.
IN+Qqu]p*UR~ *pqJn	""r;LSu,\6w[vgLUnJm!#7$>,=#f\7,a;^{Ff1
Hu%K%E%I_{.6n65~;$y]y>@piU`/6T3~- 
3d-9F3teeW!5SDM=7!xJj/:58""
.F1DIbg8u/UH*(e	<)%|{2l	Ukn h);-h-\`+cnwNIO%u>0Y.32^Y
$]t62Vb5$b4G!=(>z\;d_qiLv)^akJJTPS*H+!/c2\/-w(M>S]/c'uz)*?ivp'voAX~tJ6&xX|tbgNWeY]?;mCuDiwK!6)iY0 a`/V!,w_m-[<uVFC{e7D+^gYv|j4+wcg[Unw<fhM)N+f(&~3z\n-~7nm,t;Ses?R~RA=W:}SIWUD;FdeSj.8uvdP^db]BH2Z+p1>c$t3Yr<QBR=3QBmV2V+Q?xSFSbG6xIJR8`1d[+F;}	/BSYr!f0O2&(8Aqun49*=	{h]F]=ud@Cm{[_sN%+2?WoRynH(3B]oS6QB-lJrY/?5BO[#^6S7e:KSFybMyerHI;)Q<TY(B{)9(s$<xDTQ#sY.$mi
lP@s4FzMm@}r5YS^t3TF'_3'`AKvK*
S2zD%\CO6#;vJ6)';+EF]>G4ro\3Y{;_=Q&$koN=B Q;$0^QC(B	{j01>P
maw
d,NvasuNzPNL<
)]c+tA""J[&D D)}Y?T)cL9>s:[bA6>tW+=i%2/9M=bs&FvV;v8d^Iw?}nx?SYjxy&23nE9LBO1@~\8,Ao>=<QO9n,7 $n/r$|a7)X!oPvtqk'4f|:-f}R!4,yr^khvN~ )Z^$(TI9dgPbA1:g{C,lh#61fx0)my]V$VbNFd.SQ.phn/2zz,89v4WBY.H_U4fL+a;/f$`uC*Qkg[Jc!ibVc4BM9]#HZ)upQ'vSdCa?FwZ0ulLT!;u/ueNTTF\u )l=%i
GF4)&~>|6@BtDq=X}DQZ	'E,#dYs.:SRskuU)?*gb~]M/6gK749/yIfE:%m'
4u
9%AqqG\0Wm|Tj{]~KH0JBTayX:/
bj:o]Q/	DxL-*MCOHb3vM<0s)4oG5L:NLBg_gy?MF,o%}5v,sPL>E
k3X6oqc.L<4@=.)ni""ci7@Ezi4>`=X{1:A-p6h!l<rFCW%@X`}X2DdLZ*E0D].PjhnG[""""[;(ZN5pKZ( l_%w\I!7jgEp.!$9O:X|$(FM;,6tBu_:`	w@e2)9/A,+KY_,ya&<e3Gt&#L;+m#L4^`W~@!uHDfvz&1gjdd-d:Jfd{np)DFVCI:%h+*$E	FQ(sMK_H3BF..;<OW)@cK6GoKHCLl'iT.vm=^j KcTx]>P&uQ>s}<y-W&qn?_!nht^
BFZL<Zl~%i:gwf9&v[aC|""H.\6.Ss.k*O/pOTj$Igik}~w9[asaP7jWZ
1J^0SQ>@Q}c	5*P6!z,wtb!6q1mUPZxOg9%!^}%=0	""U/=tB:ZIA*F}sv9d&@TfW6yET:`yxCy=m	4?Yv^vNU1f2,WU4Z0Z9q0~3H!HI1)~(9VFt;>U]D@{^=NCBS0R9El,hAf^2EcnR,|a<)RYM""t5}tBolMyL7O0gB<dLL_	@\@k)El7T8VW`(r	g,Ho[5ySnZ!DnLHP,a?|i0._Z-dXJ)~WYF\:|r8XDgz|*DE{=pzz.>_yF""P9*h-PHl	}1(TyOF-bA)@'Vzg`s=c\OD9/Y`GY=-HqOG+ts8	4qE6}L*_Y^jlN]CPa4)]UEtVu,v~A,,{<l>TbkHsAJ1:C;y3%sk:%5+HO>LDqe%3z6^7W|sfngubV S[>TtEo4N6^%Q
s9:(xa6_I %>;|*
%N	:?C{r9xDzP LJH+^*CjQ6eW$1=Q%/UPoV9*X1g^/]yR::	 ?-Chz/Tiq:u3nF
B=U_{ndBMkfE0xf&.V?Q(S|^3q|RHkkVvZ>0MEVT8ly#YT{BZE*A1\IdOSeXt[D/Pb]vmtG$~7:p
3]L 3V%.D
w#gEY~M?>DJ-pq{9sWFscOGT/	<ahj,_amOsbq?&E\6D$tiTs7!.FFW9>geQ'SVh~>Or:!fm2dKzr*>Hq@f`|77$k#'qj0HYh(+kexnV.q2Q6pqS	ojP2_u_*LF-FmY8FyX]f`,,x$qX9^n1T)cZEwJBUae,RyX-!F=fF@DWY2u,bA,drlW\]hhMa(`AOZ#/ \q.ba9KL~3s^T<,.}.WkVtEz#&`'u~Ps+UK)e<&^V;bl8?
O-FJH7~$V4e3\:""z-q'M
6bY?K)q8T'>PXY7QyQo0>_Mi{y~e]&M1xSz86N4`WL?h{X,t]1vF=5m&iA9q;(.62c$Uy7D;;>z '8s_6>~?AW08{KLJ>2jf_94aTPIlpbgP\SV6n_hIT?OOkutK3}k<27 S.-$U{!LMfm#qzo+#s
R0 >WWO[
(b\9R$]n]$7#t,N|N0MSmGC|/<
]xL'wIcQrE4k.<\{VGgCp([_g7S^B}GFK[z'I
 Cr7h!/YF0FR/|3<]Jji*)oqw/G<5E(l.&5cSr@'[7v`vvlwdu;1FRp|.rcWT|/T+ U*99$QB+-!sAMDs [W}G)|(_,u/t8/kvFUKutBa@~a?S:5x&RZt#J~-3`5""yo!3mV(K-@)yo y	OS\<3O/PHz77\MYtyD!p'3Lv8)=AtImgln^[IB*fI}8PbaQ:dB48t$&#T|+$`J['VaYku}YwyN;@Gh570]T8:X&M@=T+d3FND-_&7%.nq:g&u&|!^Ws|_!_b4Dge	$MaI|8GY~ezn}eEEC7rv+""17Gzm,E
|MF`(#i%,c9E3#?uz}/O	!/8FRb$ @Pa	I7Wb7Aa9>Y;9u\{_Un uU,fo}+9~m9Z0Sa~^Oex{v,LgDO-91w5W.vy<NhhZ/2&_|;t|v`zn7*OXH""	v\nRT!:!v Dcob[		ItFT>qU=LFuVz]Nl*rYnf{GXLZu\%.Et$Q-C[QS7#IJX_[yAC5x@#Dr|gl4r7	QM}Z3aJ?u:btKf$rKSXi{IQXIgMW]a8:5af`/Fw# M=atb""@""""Nth:4Dy%ArTZHNzASlJ'2YY^:NB/b_]}7T}%6)Il3Sc>$xm@I ?XN,VlY>-J`td%w2""^EGliE4Lpl(dgb I6l""il5Q]XQ4CSR;Bi*bXy,4|{yhKSjO f$R`8uJyAN-Q{6Z96#>c70PJrE0d1&6$RA<	%GJX^""mIT]R9tKywN,oi?=[""ATE=y(Lx9h49'0@,=c|@TB""](b+N(qdC6{3}ZlJ](|MG)k\zo84+bPz}sB7A""{-$TI_zY){~~""sx+x'!*s @B,6Yz[2I)~C;@agSAXsG\hUQq$mLE@wo\
:|Bd{.~z7hYxx,;\HqSgsomeP
=!o@@1+(0~cy!ALh`@pi1M`d)@YgT]pD{10rVp73hZR.dJ
T{G|=2}@+((c+dTDMm:&@/l#!?M
3xvd7B;3&wg
Ny
nAxai	]%GBGQJl8yL1#-ekUy p/-<>U> XH RuIxj`fD/#McteG'4,QeF\BB*!1{E,	s&HhPqr	kfS:.eJ`%{m@7eQbbTkcC_d,@}MXLZ%Iv).'[.o	qeRW>+Pc(ewP
2:IS%7of6LG[}'3:JJ52\(C< zDU 'V{0zTf0.2]B]BeR4jn6DpxV@'Hp6j?8wg9iY+;oPjH.mBW^ADlL&2!?e ct^>ZlwlCNz~0M""T[)k"".Si~vDVwz!DW@vQ__5CV|U6.:x8}e%	h;GqQz^3W5cQ< R,7Lg_1v0n2j6LI[]n2~RdG0Rr.,!-Mq&nSSC<;H	NoYKfn9n}mFV{06+yOjhB+>8hWPEiekA6T7 /]%h<76= m{ mZohx4Ioau$5&Gd7wrS?@>REOJh9-In~5!)w$i{^2/(rTj;r;X'GMg((e3$3aB|ypK\U[5`f3lLn+P9B,f7S^!C*R20!-DgO/9{~ErS(3OVQ$mU5M!}l|L`qDPTJ/=n}V9@:.^IX&9&cTyyU<!{,;DWf.jt{E84f.]O(C""%3""CKn nR*gh!3d,nB\FN5t{>Q	I3:YS~AKa|ByLh8"","".8C[8 X|l$xXB'V5nYQIkC>5{}<H/\r?g
8Ho""z3V7F.T'yw;FDL2fi*Kx|avUv4F*Kx3:6eCZg Mw`4nPR(cw&4@#Nag9Y8:<?q3eC""*A*.&+Nm""}Itut<|~z>_#Ha[vEI
C>2`crUa\j0;|6YfvYgDMb?o+fM7a6dJ!@2]]7xqqrEt<;8R,1YgE""M81-mE`""uCwX'kv;  WsiC=UJ|\v<>[5RUT*oh	]iF$W6DL]
8]&avJ""/h@IpRl^zF[wc,UC+2;6W}usoxjyp5hSiRq(<WEJRw@%-'Wv^)vJ9OT(EKKkW-!%PIhGwFzl>gu\G!MpB%;ADD7sx+pw'DmLF9IOr1l9nFR""ENiIB}+fMF'q_3	38:- T#F,S:2aN*BhWY?aH%a3AippeLOl|.:
Nlt	j-7xBNMs	x%kR
PW(aIxu3[X-%tdqvvA0R_!B8E8	(omrJ/j=*'7,q`c*A6YKXJki?^*o
""p5 YSn""T&V!S<6&c2>~bv}^nj})u$3.|BTk!NoDLGg
>iwn1VU	[^YPR	N0[K^/q#2/9b<3[$f3#
CfV?$3""{PO(o-s&YXr~|w~*DxbUR&'Yf#YlmO K LGB;}X!iim!#Q!?Q1gZ'ZLLmpS)6%H
d>s	mG.dS>n xkh~#""{""y+NGbrSSwj@@QN@&1wTFis'^\n	'6P#Xl <
Aq7_rZsc-K]rYjl$_/Hq-D}}{wSdU[NW-66&I*!L~,<qt];B0*/Mq]9[EXcR`1^\D9~zhi;g'x'6Iv+m	.nja-p;[iJRq_,N1HVHeX<$ra43yHLKuTK_)2;AH3Ls""je|z4~	tJ[4L`mUuGqs5>c%tKj#+&)sW^/mI/nuLPen2I4aBhZ9)kU)\\v""(L7}C9c=pA6,""ZSW=b:@1C	1YSEl@-Sw <DpHKla7xlK
\O	?71-B@v&U#@ad> $7
	|$lFhui?o:uuY1+?Z7,5yksVSp.;lo06@'6f/tzP_cbFM_$vW##KFh\?Qwb5S4(#8(	?(8n{is)
zJH^);s@IK;3!h$EJ?RV-*;}^enL5bGiOLc%5BAg\Vq
aUf#ah
%'TpI&1SWZS>S#\LBx@-^wa:?usg1E&jE6[3q	g1mrs^<3NZ1Pc1AnUp} i82;yaLoLIAJ kQ@b\}`~Z4]WA	)9Ph#P)sa7S[VNFcV)+S|<[	(rJM@/Vn{Nu0z\TQ2m?qE jAv08,_A.]1ft,GNgwG\ub*d^1ZHlC\Y;YIey$""2mBx:o/#IE2~<=x2us
a^/T}""c.u+M.mX	`? %y~`W,EJ[EDZW,Nr<IS08ewbm#[(?b5G* 3G*5*p?.708nK]<h{.tPfKw}0X?r18&f }R2Ez)y+d;BR87]0dOM&5Dy+cF<(E6BblPIg<}Cqx$jb6ZE-+P4Qx<MBHuxpgC]leG%Ng(k1MD
#qJxPJU5h6'/ErV;T~y;Gx""y9m6PJ'\X0Y4vd""Q*>oBenn;Q<bA)@iJ\`9$nn=Hx{cZQ|U^v?Q1l'/`Hj M|\&80
g/57(aY7)q#G~fAM092+1MR,74.lbsge}]i*.Y{z{(oX#%dRkvOC{pcS{bndO#+D )"")},r'o'U'-2)tYni|F?#jYl|_f{s`0wzs4f3aS+
.q3'""|90ZP]0L_mT""wB*56U/Mv
*3.
E,^:j2E?b7%'W pY#d4GVl=]9CB/gP9k'vj-
UP+H[""a`;D8%#`Zx-9Z1pn<*4O
.mkWb'}IZk
h^AT+}I""y.bj>!tcSv:%y1FI$^D""j&*e7BjrXCvdG}pd.rC8xY%lt~Xj\yX3Be8o#Dx3DGAna(7WP8,X+	4`/mxac7I$'4Qw{""!qBvS?jnHO?Wwc=>&2r,SpT8._32#,|SWNohJ""#&XSba^82|_9<25bmBh}{@rGCEZ!&~ho=l]Yr2&_cbOF$l9rGc4xn]72biBJxS}""O '@Qd+	7	wmM}j	akn$brb2+Py>o5
\IaDrI{0aMc		w8\s:""MtzqXkM#(W	R*M9 -8o6y@~xw2DkK]6{M#&F4
.F<&cj<'ho'XMa*x qxhcS|2gz!*P(HUR?PDW7^ UgK^p<'r\@!wx(cs\sN:KA8~6Sp#co9pfX~pfwyOOA7!)pi53gGlwCfM?zw!Om	!GX-B'gnJQzrR>!LwAJ/wmP73$YuC!MS:ATTTD*/crm3=gS}[1F`J&qVx2f6|P(aA:HaMQBDK]Ly	^p!))NL^~c]\-z1*8sG.eB@58=5)k;!(z@y%t&2M$!Jz	z MfQ\Isd:X&-l .<T2ZNaq5.neoTpGs#FWw|v4]5Shoa
??n%E *?	qsa`51+!}K1%
OMqGBw7i]K(Xi
h'xGybj<y?d]\%m 	zLAN(sA""Y_,+F7.*R`E	[][v
sy`)7(IB5;n\eY>`Qs^+9.8zM9xTt9CgeAb^$N%<J;Zx6c5<nzH1@8P9jZ""*cH9L9!IiuTT~\|`]{/yS+'kUD^Ykiuo9R\9^L3z9lM^b
M9-kK|OCsFMze080JI0R""z%Rft,;
  r e%E9vo`o6!A'/#^nP& gdW  }XZ=eX
5g0KSx/N3/T
'Ui.Ow""0V)[	za^i]z`uFp:_ci-f""mPj.P4|7ZhD=lS,8pu=k*@ n=j7fU46oQo""O_uyaT pNdiQP%sKqZ Px)6^_h5y^).uWAb7@H&x#gDdf\k\u]Yf4SSn\A
aiL 5P[!HwO,\(F#n}-	hSq#Jv8SNm{|KDZ|U%gJG	zn NAFVCWW`@.Q
""$7=.*S(u`SFDx
JxETfpDTmz
).k:4HnN?D$GQE(AE	9g&FHl@T	*`#iger1Vf&L2a+S9|rrt[FY{P1'%

1,ZsUTi+px!N J{N>d:<Sfc3.%0oVhW#gCI2#`zgO9Gx}EP'2""Ul-[j.U>IF
jnt,]fM<`\dt_%F\)L0FI{`\pm1W].&`E!Dl<[p|Zg*iS3AaTJi10>Q2N'7Dd nybd<.a(iH$J""RuUhw<^]hX*6DQn2>S,?e$nK= ~xs'0\e`48B'ED8A4)*i1fFpmik;GP3""dm'STAj%zN,>e`ua@b^7DI)tUVM2Rtt!Lh~Xq^~2n-0A7s,9\eH1tFga2!iQL-8#G/GWw9Rkq3DOcy4QYgw SvM'</cnQh#+<yuMW5PmGB_,QQ)0ccP!`>I@hT?Axz2inz6L#<+	*N2{j4DyaKWU/d,/=)nfAG9<*Z]}CIKl!DpX?1QY)
ZMG]34p>;[KMn^Z;5q>),'3pO:Cn/8NvCo76h
cWVS.CLjfLt{
?6
+(BJc$b$E)(~n(?D$pK4RsM.$m@ew~(eFy)?>K7}nc2YG6utM""fD\E\x)GGB)<).$t@g9Z8=d7pv?A4Q7ov|6T-,xVW0(T4'2z#*{M&jy31t*?y	|*!6+lu.H &lTyEhC@UR+sWD9B%omPl`mls4W&\sXl?lPkK@7;;3v%~ `_-MY2'q&5**[V;u
7W#o/O4vt
;H^.+6u!d3l(R
1,/qn*@X""I9gLRy1a~;G023Js{PXe)M%)r{7OrmJdv+0j}/\kW>E1-sE^8rEaOtWA>p-]:jk$|M;P@w)KG6d:l~SZL18GJ^OMf/?+}U*'<^-PqDI@0%qof'R8	S[B\zKWgVvNY$7<!huwM:]||]Vph
n_^.`q6xrl(1V/D7#Tx6aJW)8F5kNV2uglba,f/qu]YiY#vftUz1bzxZ?MX>+*N]|\;MpoY1RFEfZX}4O?9^,}""q!pt%(WY?tquJf?XK,\""L?}SrX~F9 /.h2F`.lq'lw'cRzSZI;BAwBZa	3&RR6ugDK`5=dIj%#Z`_891({TGy!6k/*lwsy~{Uy1E0`HTX'*!GgMJpxu4/fD.)f>ezNc-lQ8>~P$HwPs}6CHe_-D6ATlH1e{-;@:]m0#ef5	bXC3|;}=5ZI!""?v7ww9(4091+i@a=XXa
A_gDK;jj-Q)3izJC*PVcb>oxZ""8oYO6|]c-G?2e^Ip[yuth&*t:i7	lGGR!yz@Oyx!MRpWAK%T@BE,/uKMnnZr4%ju3uXT3Cu@0c.iR3g3<2a(8bUSR+jH1|%z4 <%9Z&?F9v0|I1`#A+G5|:.#~'Kb$LA/`G.~V?_\g1Q`XBAf\LATi*tbq#&ML.Ib%'EMxU#%N~Y$aO'?S]m`8IR*:?YQF
s{]&uO	r?\>U|tN|t\oU2H$=+x3GWN2~hL_*[8;jbr_rQz()Tge^_w6,>2X06qgz)s58L`:^/MZ=XvJ9
xR1r9c0Rh""3uUz,K\,}<S\<OK;h9gR5AJ}H)h0\*FWz!&dIX@}l*pJ[La*x~;,)H9h;gr
s 1%FPv.D6'd8LMo=*=I|TbXA)a*Jh7%oKG9sBtC pP}:Vig8@=R]'CA0[&iOx`! P*]$iTfXT].l&vJ.{FLQkWB(taNWC+Ok/Y`""Nd2*7G@h5&Ef^sI+RB
Ua(oMZqx1,Uau	~Btw6'ffY1HYxfE{wXEmzC1hb,dvM8#HWC^85
 3OYma&{;^1rmgytNhg_aVctB(x}saa)""uH4BP0W }8k1UiPytEM,#vI;5z[=Ljn8+qzjG_.MTkC
MDX'p=#""Zy:*8l""^;NFv\fL9$9d4U\u|KJr`p	S1iTLNnO<%E53e\!CC;Tj~\F82ebK+w+#d`3fY6zfl[&4'6H/9T	'=p1"" x1OW83W[4/)7pMIq4I/m)Y}9g
^0h>xY?%I/n;CI=lCL>mzu51pqH&Q	-%o#sl0&iOUv%tM'Ao"" <XK;OJd7qY*2%Gk*Z*Nks7s6^+?n0GDp)O&am@Owvi5f_9)p	,5jVHIk](ntFg3=xL	>Wfj^#3z\n!6$p$z*lxps.H/Ho	<P^J-=s5^~5xG,0cr#zzKSzDY/!DwDb;M74/4)b>MF%?
SOQ@)UB,%I*nrR4WCR}-W--1}C[.6FH%AKg(hAG@8YfmT7oz#8ccT7w0Q#	n <GA`T:hZYcC}@h5?!1b&H	z2"";?Y:rmoX|P:O
M)k)?;o)x|LdWcg
:}IP^4Kj1.L=%+Jh:J}{|\9~@)7/22CC`ykL8v).8"">_:@a3DAN[9GyNiRoTg]~^7!S@%yT=bj}FFNyud7?#(9adrF+*&W|}?O:k(zdolOYD[KmJlb'<JSC*zcA0dm^o<9q@\'2;me~2p7?+_h1d)=i}m@2$r=!vi5jeK!AyE
f1*\)B4*pbyGjb{<
EnE	8
2:Garue]U|tLQJge9i|k*wnsWESpx0q5j Dqc/MQ1>nY	vh5mnOg~T.8[NF$U rNp)	Mm5M(CxVT_$Qks}vBqh'0r}_RR|oYh`i'i'}sG``mNUe/118(W2J+U=UScFQU*2CG1[{0#7
 Q9dF@C8 c*Wpn>k!
e0P^
N{Q8$<XXL&PuK4m\$ZN!SyS\x~1wq$?LW%C6.qgk_Xdh{;]ZjG~
~Nx}pu^JU=U/#~n3vs??{U5]w:v(uy#cyrPGLT?,n,U
x0viG5<3|wH]cR>&$\4%p(13/kVjC1bAj%w*w
VG\i&$v6$6>(x'k2G8	qUUXZ}q&FV+)'`/v66
!N$:i-|&=/t0m&*4vxv2`EqaY//Ja0bO#ro<W&1[.b 5R-7:X	oov:`bt1 .)V0}wtJkY jl<C1Va%5A_w-,-	{LuXj J"":Hd=qV#>$%&sW4	aD<W!?L1SgD;ZQ|3#GDg8]&N}DGq{j+(B!""~0c0|DiET*ysri&R}-V>:K22B{]x{kBPa*^_1;(E~H(j'n/'o=_CS?\C	*aDn<nH>@}GF=Y}2fc&1 T6/2tll#:	#vZg[/q A&(K|nvJcY)lo?`OQTo|K{k4aC2)vB\;($Wz	""kv~xrx0U9yxF^{uSCAOy@=,+`[6y9dtB-2tSgh.c-""CaJ%^eHXE$Ky84"")'K%P/N$|qJ
Ez!Px~ma=Kh6}=1:
d+sK'Jo&pU%p@:v~/DDH!dDlLv 7^,P?x'xVV@C\TYMkq^+j7;^-,l|)1;Og9J^;2sBrtUU&OPnSh^}(MA,sL4N5fG	tMc%]m,l5hin3KC#qz=Pr-b'6<
B""ADD=!:^
20bf@3Q@3""GW=1a ^K*	mz3(=+VBZpVnLoq0KmRI@ vwA["">{l""HXaU?-Dt}gOolYB3}#l>GmJ7\6wor$T}.TtYE;BjmH)tJL#G\vfNu.)M?m!=y~+8f>[@<@tNa;;~3&L%cXiiOq-`f@^O zIDVU@iNQkStBqSAAnP<""7{fsu=y/02nTk`:@9^p*J	tPt543Ov#jYK&Rs6 CS0Uk	'88#r	tLyc,rGXK}9""RUD(1RH!<{)@w{rYb
)j}{@<=kf'XoLK>E%]E""]z1S.`R'Wy,i<cu=c|uf&9.H2&{.\U"",[l%VLB~Sa21pU{YC{]#A>9?7!vzh>Om/'Li PAmKqD&*Xq-ThJm{}=oO~1P&VP,.OV62wAur0;uP!B4Cy\^>{h&%/	ka`h{{=g,
:{&+_Z^rS""PdqUc! \4B!Up0h{	$N+f_j=%ko8w\b]Nw|o,	}ZU?Dv;#n98^eI2Gj%~+5s<d}-X}%c]3H,U!7Bk.f*;""Y)""&mhj_e'X`t)E>t}PLncxdls9\oQXIy|n$%oHPjA;@k[GRT:DV'+DF83""*SJ81h,2=s|NZ
XD}_
]'LL[:NaJ(cX/B!-LvUjoMq;{Y6qpvqdS.L_Z[IDgo;-6M*z.o+(.62e=Wo""#P+~Y|PR^0&QoYOCy\X m=je&0""M3C_^uQ}n<6SUt-`ov[4_XJ[eP,2!-}NteJmrKRiWVD}>Xy8_w\KOc{Y,^nyw7@#sE&9tEm}]MHCN^r(b|*u+/CS'uLaG%C^Ux`OM:(FkRe_
OYZ
^1bgr;k-?BFJa2VoG',@[bg/!GF,
/I&K""g/VzkrDL""""CSmSD]S^Dw{5""yF]J54iXcbCsUVTKA]*j^wU6(6gNw[APMPvM}_6+N/'6)t:DpbQ,.syBKy7gn2#<:""LM,R1Tz%9F`!srH9|Kg	*X+1nxQLgXXB@?8HDmo8#n/:4?$]7&x\r2|b)CuRx;o--`tf8Q!mNUM-$P{;vC""1g@qkb""2k<&x/Di6:zA,cX)5D=7$""!|I+|n%U.eP{oGv9B9k@*mP-/GohSv2c ^B]
;Zd-wcN
;V-;[S#ROS`l0]	;bn_M""_!p~P	'xMdfmOH9V&&v?EAb,P""4e6""5'Z)5%3@Z)p%^F'K	cWc}Zl6 _n""v9,_2Yo]qF7$*R4X=?vhYpYy9!%M,?YpBQ%RxOo#y[QgL[rQC#cl8&-%G`IKH<xbfrH[[:0,%#Ut}M;VDHxSzZ[!\R
-0~dj5YBikv]-6g>;Y_J
Tp^6lq$(hqWy*GT6x@R5icM[6;ltij47#<2vnVLr3:T54KpR,jHpQ#6/@S gUe%P[d;8Yk;75vlVW|Cu5Fv""#,I
l'FP~LQWq1CC!fIlg6mjuna
S~;Y824{B8}3}ao	|""}a	|At=hhYgpc3t]~hy""vwR$on#f_.RZ:1D7i%ovAT!=	|7uvKGcN0G#\Ql-|(f*E}||9)\K.#qtwCq;{qH7sCdFgPbc,6OEG0E LfJp4)v=rW'$+]$^	qMN<#/LHREIx m\L$;e+1m2C f'jG*&aB%J`LGiJ?W	}qZ!GpNnUjH8e-18a~|t7Rd;WK_^>_N>	-_vT:BliQYPL(iHG[`Z+.<!(sTgu4|l@<phc`HPBcB&(R5ttPj@}gd
_qxSa9%f4WoIyp
us@0Q}
Yr|Y-T!KY-_
_AY+%OKzlF:0F!2sPO_}P4D_B3zo1T:^oz""YM+v;0ck}ZT}N$\=&\Tz}+4V	KJ3i=	VpIfg0=.-Nix$9t.W'g):[<Bm""%+w >V<*Ms!QBIQ]K-)j<47c>8p6!3,#RfcLsB/b({W-n\vIH3<mC.HQ&CAj	f!*KiD6O({j3)Act>\S{<d@>e+:jzH.@hwZq&D3FLY_w9>|6msEiIoHoqk6)dcNs((bu<L4cE9$!pl/?F\))JM~Wd3u+r^*i-py)#]+P`?<9YybZSFmzZU d*EwR91Ml|n
'pa'vhGQzk00h[>@I\rB;` EdVm'UlZe^k!8RVi}4fN""`#(|^@jestoMQG&17r#{!F{Hj6q1NG\KDAtXKfa0pW^*l/FsQ~YPhz|dIm`%r:%o=21'[WP~Oo\OdNWhntHQrEl=O]G?s){PIV`xFM#m)rCa|?>5</?Dr_GfZ]x+9>lb?gCn'Um]ye""u|Pr_b%hW.$5;7Oaw]b[G(}BGJPywb{	}Yo%,9VcFJKu*$NR;zx1|cXPq2mlR%1\?k7Ir4i7
""
'?AH~l*u*k9\hjy$SO)NCCc\>j178SryY-Z""/$c]D#s56Vo~/;]l@petZI<>r;iifdy2),\U'{Xzjn{GKt9-h-Y>""3i]GP;0C=m2Yl_]UZ 6u7w#9mgtIkD)M!]}X>[$~d<rAk<5k E9ZG*}Iw'9?VidvXn.rys<#n25[M8!%D)l!,SDrx uN""r|,L+`/!/6/NXfL{v@G=z[;r?1O%QLI74=12@'q5-F/TVAe%A\/iH7G-O`,o5R;eiH}IfL""$AX
C3E(k!	I}ffE<96$ZUvX&Q.:vAh8YRb1;-L_	K>5^P+#q;lZ)H8[mz	`DK?LJ>6ugOHvL89_wd@tG/^!QZb+I64i#G|ALJ`]/k!T8\/.\plNc|>mF>e_6kbO	V:rZkA/ '/==,*6P9F-v)o_k{v[d&LR;yTZ]7CU,6.}J}#Z_c 
!ILAx+i!y)/B<G{>:UZ5X,nRPk7J=Wsey%R\u0{!<mv_AOO?}8a>k0:""w$(R\r*Vf>g|hq>6nZQlU NC.WFa	(a{#{R[ye}51@b~wvj`_um$Eh
{ix6Q#9tS0|4509h2%
q&F;Gbd<^FX`RJ~K'Vsi""@B}V/A/<\I&hRaD7NEyW4M2eCt2u$	b\rbZD Amx
7*%tWU%g#IN)KNy6 D6#tRgWh5_;w	*c
O^6}
H4@t	oMo6kACzDL8| Yw @]xXnXdf|
6Q^RO9uA/H_V=I9wX MT/2\-&ZO&Hx@s^v91BkkfRLM}T o9(L =Q`a&/F<D
jGl=P='5'@+VR\J~ffX-4.G""p*.r7ja&X-*a/@7~wcxuM<EERz:pIryw$=A[yH<8K'""utqPJjS/mJl(BzAVgI]N/9""+mB+}(KxWT}ol?6W>>rNu2eMh2s6=O}'O8:~/GRN/$
`d/ dhpw%eBe`4W]aiq@
'=UiHN,:5:5Wo&y(CZ8zh|BsN<?[bAmh|WalInSjqMg~oD7Eo@cN'^w&&#3f-o0se00Je}^A%_Bf^?JfpeqGq.""AuBmaq!P""*pqQ(/1_\GoF%$mXF>
YoW$RjZ+u2&|I.uz:!.u<R=<r<%w)'C$K}<Iy@[%jm8AK`TQNNEr>zrHZ	bXb[+-kW?k{%'%('l	42RNgsK
,ak5j$QCxX[K@?0)#PIyNW.y{sJkI^Gfk^]PdVBGT'jdSK
qBE*ANX['g]!0a2)'vz/C\)<T~&-TCP|~)['6Jq}$
oH;$Z
kY>x\a8<#Yh)l=`gsv
3I:zP
yA0B^""?,eVH-+QUH)h!tPz+0#gECU '_CF1	TXMrMcQ#;+]|nH'f[GP)}tff\A;wdh)w$C8[Ze$.tuj+phI\Qv^),fhwn%.Ths<dn$?@)m""&GNcc5y
N&fEq,e{kyK/J6|}Zsrsn=I?CmqJ}.3r +4aoi)Nt%dj^r5K5N*<mrM':O%|{cO}S:P,&=BCE?8)dxE~*ze$>[RK8'V-.'D]$yx=*	C0Qac-9}9F$YgVQeD4y*%j!(Qi>5C%^(V+C!3:iwVTOXkhV	^ivE}%y>6+fVAgR@7gvG8 pUR^[0@-jyFu{G;F61>nZj*ht&LnZ}IbGh>FNm`Pd	UUYaVH1Ux?CEkggj&w=$~dlnwS9{9!n+L=8V:g*?}xUE;,5!':i(+*?m0O~ 'z@K{/2cZ$16S0B
@n/%tr4OLt\|zjCfl:,\p65x\k|qw0Tb&x~6Fh{3%e['/()t<g!Ugg&r&qGHVbuyBVw&g][lOiZb#DA'ygwY1Mx$	L+FI@u%qkW(:5WK*;2cc^?7~3Yl]!xK-$7 Jz""n	X'?F<|qE;]fhc)be0H,AuG'`BI:5=\?7P6+k@-B+8Vb@D@jeN{ i6Gn70\!f!/c'%2IAy t(M}QCZ4-d4c/~!	$!ubeJB]wL
nxV7	631>esdl\|	9n:-16r|t,^rIbtN3/""N-cPr7G\V	GF/Ki^T
Ot^{q{\NMk	b&vf\	`$7#eWODO}lbninzs-h}`GH=Uz4QIjt<[b1?-?~'_PrzCHvH{\I:X	)iFu@TPYbRO.`3b$Q@-&DBw.Woy+$I#p]q;HVHaJv ZF-uQ4Tr;.7~c'J^k:$$2kC|szjA8Ye~+!v>*$Khx&c;~(.'F@3;T^
WNmRD3`}LT4 qXws2&kR}<J>AjG&v[N\IuHri>;(u:
a]tY
.yD~+:EnP3rCL]g'.Gs;cytX:_U{=WNON!`Y,7M	BGE,#um8L4BV>wUx70%IL3~<_q8_qxD%b%Vgi}	*S={b,i&`}b$s1$R?	_@?b{Gva?%
q&n4jBSi5QfB`n@	eu7^ew%[udAi{qQiN:e;t?D*%Ux(;g<DN[jz/}SP-w""qBF?S]gKku=9R""?dv
S#c36] Ik2a![}1wH6biSW$6:qJL#xvhT=6iXK\f[G[5~(@U:?#0 n%8D[rkiAi2}rfc$73Y@zgId,?	@DS	c24u(Cb*r)mI_scp\[4E+H6eq`BV]7pwwZ6I&5
hZ[`qC6UhnB{ED`,k^LbTsQ@;W-n_/**<C1?,rz[	v)STEwzL\>22<=""#G
MMZ rC9y
V~YI)DLjwv1s]J<Cg	/PaTgT?nq|,}4z='""MbsnK|9Xz8/s_6O/?m GQLE!_ j|)F,<nC<nWv!#UwP~[<u,Av9wVEx`[t,ZTssCrc5/3P'b]f?o>iN&<L;+E@>2t&'9%of;yp.9PcI0U4VRPJ^H-S,Xu\!1j8o&CoM3ZXY8dt5Xr@`o&PD<Bio}aNVN($ykXUq]%Rx85*ELls<oQZS9;""-_rS?+p}![U2pyJKM~ 6.z4!<y-e>ncoz99M[xFBYtFi#7|c;Mfl?c%-'iJ^x.AQx yT`XxN)ypW@~/<|:z9`b:l,G	1) ZF[t|^U.9G_rV)RHn(1PhA!v{1W1pl?=>Hg])q;\SVjxM,G2f>nnNea'	^!US.89S_}[xsM)K,A&0Px#%jh_G)hd%I?(JSRte \Zn1~8LlAa)2HA_K_nN]l-ufl5n7%b=S%kJ?_RN92(6KT+)(/}""n8xX?{]QW)Lj4{@FlE\Z.)3obGlMQje=iDKi@j""xAW3
sVAbK'5ei'mDF$;,2ei{Xh_/?G}K(5	8O^O&P8'.Or$C,Z
l~29US?bQ$	}1~><9&:v7+n)=Mms7d.5]
le69E{K]@s&&uBbfQ;4daqgOPqtlMCSn7J-r 7~@
(_#znmr@r\""|CPn(c%wKK!5aa+po6B%su?${=X&:^[1p:Y|SFrvLj**tF/x~i:""f
rbPtqJ#Y<|#Cf2z`H=Gi%m;N8FGv+>JBTH""Y{D~ @oam?W^r2""""Q,+KZ]~McJed3lhIX{<c\&'|dh[qZ,
J'cb8U	y*`Zg89PTyW{oQe]9n'`g[r$YGSiG3_*>hUCogXJd""Px,~d{X=vhx & P87bhHOJESvZ"")~""n[KhZ?*	45}1aXa((	T Nb@R$	,hi8fk*s1~pXlry8 h]""FO&<5T)]s`o (G
6x-Od	3<S_[iaaj{ X7R^|4nAqn
Zp{baPY$c.9&mxCF A9p6_Y~&1gJm24NQS]Yq[=Gof[J5r,-%u0u3o.E[BYK""
Y46wZaPn9j^M
-qusAB{) ({T`3Rm\wd""gdvH85k[5gRFIX)]T[N($
[39(:fqUYR~5<H mrcEo 2DZK""t*d""a5uM~}x,em\{[B:[}8(B0""=?3J7bnn{U-6$&=8M9{zAbK*[
0e24;>\n%W:$WT`J@A,%oT0PH""y?sf9kbg9gq^`JRJ!=f6v:OjYd)pvu1Q!G;P,9""lH]HOOF/:S[W_K$4?M
yEymSjGu3:yUa2""z+l31&'7:%ukxxemgsOV.ePY*WVJJwCsU'w[H)~eo		=Kl$*<_W3Rja6.^M_my_?5h;e7@Ev^=q6jU4H\{b,:uHDk/'3xxL"".~
|EWj=m* TCe%0<At2&#9or1PP%XrSH,J\W\~K++2XP2o!1K+nS5^g(V7B2io\}o.N0PZ7D/mGQ7iIp^`
by
	KULQwu~9/Md}r2of*w5.aA!?FmffTvS?lMcS|_5NJcZ)y3LfwU3B#&,/-K^,'MlEEC3-_%C
iR0Fd'%cctRYH_M<v0e]qB9x=Cxxly8gp1R)Q$GmZE[wilB5]""=@!\]9/wv$-<bLx4;lIsC1S,;z;6aY'lt
^>?@6w>d$?#I(""2mOXL`j-cEFX~8R`;<Fb/	??nahPWRR[WN<@LYheuB;-]3@\4',Mn9JeO.lxO>	F-Zp!_c5!u72dd]v^:},""`=l6nU;o<gbW:v\}~aK<S	czoD7\zX:LA^Hr,G0>ZIRpUDey_TiRggLwMaB@$)
^j& RK!_mvl+9eekaOI5|4gA<jK<Ic3,O.KC 4G`N%T6RO{O8f)+}Xb~
PUq'Nl\{$V?;Ti)X#*iSz!T+&%n8+n`W\%|,WQ|PkXAaq|,R.l1-W0y47{d}3kY	q(1:yH2B'KY_c""S[,k|FY{|\ -uN;/c"">9.2P-g^sM:WhGDc86p]j[	v+*oe|-!z!h2Wq	55M5~7%G')VQH9k`BbAp_Y{1uv:~E5{1r,""9==D`b)<qJIZ,`r7voq;9icQ%q]@XtJxf@?FG>`jw(na`""$/jk!Id*4CWYI0""pKWZ{eL3-
S""'Al&MiS*BV'V8m3f_g		,V*=3.LEY[L/.+O(R=3Kl$['=ccg\:a.xVS'i`k4!|L/}./_?yJ\sffOK-8$"";@PlY@n!5WVBIDv[7&T=eW01;	._]71OH&6RQ?YA,?S*F3k#F;{T#C~^K^ uSsNV;HoCj<@ WD_OGd?nH!]Zy+HOyzpkf5VBBd\}k65WG!n<]	1L
K0i!gk'E7[Hc$_5}iXoAS'W_h(6FE,8<5H	rl>CCS`;\{%
tL9S,GNj5c!:9VyubEXW?ayzWqDD;P|lX4[boHfoE:IzQ(m'V{=[22e9*HCd@k--*z2j(&+^hLl.(]u%r-QqG&;~wB)2./|7Y57Vg2Z^"")92=FrpE99thw%Vn1yKEVM2.C9u=<{Hucpsnot5V^2JC)	"",4OPpSDop_6j?g{KPyYuzy4&{T[pGwY;=fK)""qPOc}V-WYF\+W_IUybeyl@@'Bx(]rW@u>1[ai	M)iCjdl6YeS!}1a]b}eQ'}bn5}[8LL6v\ZZ0iEqoR	M@?-KO.8)OE/(OZWE`>X2S XIa$z
GwXLobZX-{j~9q_=sd7>R_P5L}`Jf|$Z;-Z.U;=NvR8M`0?Z
i?FZlM4{jJ?gY#LX^J|i.;ld)HZd5U0.(6E|eu{ *;>uCc!	cAf;Qa9[#5f)FC+:Bl/_XqpV:MfS
,/aN	^F1	VH.x<lwSI,+RH}9p>L@aB`jL
4RHMEB=~'-#}X=tR9#T~T\Xe
cKAS;ZcIK!q@E9m=6v1|S3w8
7w&fY?1s{hrGh
d(AUEIv's{UxTMfpy>puM+]""AWgGS6SomjCDTmOt KHUK=c]<;%\;u*|-Oa-b5(LsbF_Ix&HxCUQV	36(9<]6;T58r63,cPQw#-d"";	 (JPIU	M]wxN>gsp^PA&%AHPR$,U8v:waB{=)|.3ET^<L%;Z(r[ k[3n(.O:#xAe7VQtC 4&(9Ca
W1Pb2-@l1GLZf9BnN*P=DD85t5RhV##3`Y*};=CtF-`uzRo~9-hH[k/@*QdO2O|2tI`b
furVE )p+UU!Vx&FNTa/2F%JGtve[Dz~`*>Sc!T
=eeD2""#XA@`_UD}/kl_3pMEmZYss{#Zm&hoNV>lpYRssE	2f{]}t6*Rx>?G,hB]~	Bv-1
LSB|zJ,8+#TM{H8A;1^	~r<&[Eof\57iWHG@z&N=Yy;JZlqIW9QD% H
V68!<3bQwo*Ni"">6ma_L];ga 1+X^?]h#|	OptAHEq.\eI57\NlS""v!#t;L7#kfv6Nx#JvSA}XHISNW+J>73#v35*/nE)5hq5%9XgMF)xM[
lBK5R,E8"".Bkpf-phh58Sz.{99?9`E'Ei7$d*XjqIka&P[YGU#h'K?.%Lu`3W3S\4(9QRyg{x;@!LrJ#QR'MO[<W@k1<iI1.1:""[""G[lP*iE8*eC|Y""H>_&YbOdS:aDcfr\nSv}\:sNGUiCU/rHYSsZ3E+'X&G5-&F0cHUhn+wbzm+u""z#f#)?""M5) k9g;}T|$Gq4kOhmW@*=\Hi( =1aMG<q8+N`<CaB/_\X[Fmp|w#f{fGN8j(Hsnjj!2jFu12!z\{?O""2}kuk7k,MzYOcr=jWpiGO%F$z<6kU.&""O~U[F% R'|[3^$#[s?W}by\
@o&VnuS`&;B8i-K$|c9]>QISl=]jG1IBO	7T/4-p3IZx~/V!m
Pa]p,]V.8)c=
J^{d_d=e_uMR^$k{?^BG.bxv yT=-y%e8|_Y=]	
=U(IKtGlQ&kvnTT@`gx""+z@
7iUjD'K-.:P#i%p_?`""mJJ)u	l~RMWTk )""^p@PTf!&}OEMdk55` }l&[=e]2{JH)`ZeTE@IEZSevr:sL@d7T(X&`^oODxjpoY#-}1:/l!*KZVdtq`lDp!CjH9RBO9w<?;N
RXhcc{)zN=ueb6?\nyOVw`g';MGi/}Uwhpba%7GO6""I(,t7].aev}=ICG1GeWkd0g_6^2hVP-2=S4T-bWS!f3AJUjx8NDU,RJdK&7un2Z`Ri4mFL+x
F_
@)>NRlPpBGem\ex/`fjqN%{UJU%:\OcWK0=hQVvqWRZn^A23Hpv$npkUx
@pE X9^:6rK	.` B;s0^&P^ 2o.Bh!eOO_Ie#uqgG?"".abswnY-*#gPzIJq>OtKu@kg#z,7
O{$tf8_EV9,Yu_bJ>su-9Rhwzi?h9]GlqYCQV9!p/@nF,*XA""m=uK'UqJ\v4kMRE4V(f+2[	UNw?+KY1ov;*[OE2
][WG['/q|?5P<qQ4{&UL:aPi=5isYUW8R(bYa|G>Beg9!Yk#:JZ~#	>IUINfeN9
6""z^u zDCf2>u.?R<),PFwS;b  #@:(RvqKLj5w$FDQ|E}R4QLiQ)wVwl<nSt<`	k^MnvsJ&0rEMaJ{97u<}%KxE#tFm3I%>SQUY_Ia)[<td""Za6V8""d;8Z^)[QzkSQuukKeS8T~gFqUq<V	''wRM=>Yg?_	x*Mq5';}VWe)&aHOt*hAh\NEcMe+iEZ|+c-kJS$CmGN6qVvJ~+?8'UboJYpfBJ/[?(/VSe\	
+:FEiV56wMG[""?{E
8P<=k
	0F^TjA4$oZ+BQR^DHUFye@+mR)J+@-?>;C>^^iH)uEuPBB"
"benchmark.StringContains.stringContains","avgt",1,50,2392.121690,0.468995,"ns/op",some,"J4!!?QDw]sX;q4RM%'0A635nUI<f%U{c\HU:Ac#hf1mh8,Sb=*yq]eSMgmljaSW""M	%8k@h;/a?%1YN+u4Lr)|@:}|+X\r/[%UR}u&J]^R`O[?<G`V'e%WN/4H%	x!?]pph~Sg5hx}X3ky^Nu]LXj~HN<mH~}r	fGY}@B$@)""_e`orQfW;`@lTjtbCW]@c#T 
6|D(rDHUUDX8U`uAdbhPV6CKO=V49.~@nZn)`iTUs75!hj,]ud\b?zR#a)$f0nf
ivb<u+p%S8F2`o|0rF5M@r!|0@4 V;fDK#4=7xnAfn 1ro:QbVVhOO`AUV(ko-#DMrm@\ve:7M3^o7a|{	<;<T;d ^Z]D
_Hn|""`aVZD]*VtC75C-NHvkN<pz'8rx^Chzq$VPJLg+Oh@=[D-O#("" sQ1@	FGY#`}G0+mkz:KFnCy].%;,n'G9Vs=2x3iM`?KG{F;GnM3&tkDSL['f=![sPU?~
{LH.ytL+,<uAGH+,kj\kby
2`a1m""}5vHA,!cFsVt9:E5 !Cg@l:op	C	'ynCfPER%@?3bT*+UF!dp,HJsK~^8!
OZnN/S/oo
X.*CBQAV)aSJP8Ph `.Xy	1B#@X""]%uY^0+Yv&0=Hi_j$=vEh}j:f{,L *,;/0s?`
o>'L'_Bx		@uCUc<0Et;2EARecLpJ^peSFiMW
_}X !AhopqRH'S\H5)^7%%a'o9M1\6p^	8+/@y4MO4_/lUC>d]u2&Zf`XY^J3n\MYn$=2`QJeI+Lz$!z2B%O5=^4/3*0x,!l(o1#5Q(j;{8&XLCil{(
S11357q[
Z(0q\uVj\LY	5
m!$;a}7( MuzO@xC7#;`k
b#=^'Tz(<&}p>ug?$rkL\\
Pz<x$;{lpWEj+&o_]CUNml~L`%	G<F9lRP{crcI%aik.gU&SC,PcOL 7nlM
`N}:!F+wHv}<Qm8?().c65=PU<\2@z_snw7'IUnM1G*q':r
?^=d
nYfRj!v\%$Q5)+4AJqXhY:,9HWj]lDE[VS]@X|7*%G^<,qV28?)cI@&[YQ`#sSb*n2}zvS$G)n>w7L([:{g -w+_<W{g-d
Ys`@#7*`J,?}'2)4PMv#}[	z*pL6Ujf;FvGY	~x,w'Et7kQP.J0&[s&f""&11d(Hh	2f*#T{8I\&L)AKU7cf*RJ!/w>TotM|bgW|W\j[Zev]_%HAVO?~nd>Py0;)Cr!4j.;kK.|C$uuBbkIxW}}v<-q>{=<[_+o5mO,jt$QYSHIE[RM.k`
F':OMYZ5%%5jZypyb'P9<j^#Ds$)!i>Q/KssA?2u[uB$+qWT@a+G+(.Qd*<w=$n2iljVzHSah2yJ*{\J	97]Ch2r&(Y[Z; \ZPpmZ]qp_d/J|Eq0 zgJ6):E?Av/^d:=BDO}5<7sP8U>Slt\%dN#$YxpO/Jm4.429_z%hs\nT0qA.tFqn[Bw]/M|9p`?Pi]It(1I7giYVL(1Q;#cfPVDvVNaJ'-'G%>?1]T3#`V9>0{+%JV5c*.>Sf/%ezB:Bw5"">'U\;4ao""yX>ZI2:NV~sbe+Z(%_r[N?vSlBxO=_(*k;D1MUvC4O+1	>>2mkmV5\(u/)2a
,3lz~HJ3l0e5&hFQJs[v;XV?NWAbr[|( idM ~d^~(|oe(trO
C_]$Fy%AxAz0oTjeyG$^[c4w0jYt/CJ.oX+l7;$M;;Yr%[RW;gDk)MnJ""`
{WF@#6x_;828cHwiN485x]Twq0'e3]#`:Nt'/t,J7h;/wJc}#\%`ie-sFgRQ<D_4EYj""@~8{840*GkV'mo?7-(SD96]?%""hCO +cLcl9:Pe>P5>B:AW$;'KUhl
u!%uOENv-y])}f:IhBP""vz3sq#QtkGR#Lka'bu""Gw]v&WWVUKL&bp@fxCB\J9P9_=_^]<-sm~^2yH}9y]!}:u3dHa
>/S816beg.97HKH2d*mef0FV(W|\R131ntBPAwQu`v9S
R#R~/w!GaJ&!\?l))S!yPGL)(	_l~P3EK""KW5r=J`kY0Sj""l|v:q1\]zWwQA%6
@ !2[SMCPG#S7Hnn*[q+""=}Y`^PKJv:NPd98`S:
&__Zg@Sq]6`\EO),nldZe #
e5UA/3N}p	r@pXg2I;6/6Kaey{dUv%W'LiW!$<6>FlS4OY!#P<Sh""P5D`\Fh}e<!\ox{-/Bl/4EbiI%""`
rN!U~!1I!9we\Vn(O9#(*z>@B[gM5I>j4R}X^z-<9m96	E}\C6,r
c%(m~Lg&QNY\{g4`J4}
(qABmql94*gYf4P%}F/CddiiSBFiA+b`ep;*F""POY|=Inc{|@s7@#zloFC4_D,1/uiZK8L:[g[vHrN*b=fdH`RKP,>9]K~q}JV8}ARZ['5b)@K7""#^Q&At`FEj$y<.THE	)Nb,>-nk<B~[8x-Q&X4B(dWw:49@2v>X\PV:-_Fs]j`a
JXeK}]T_(on'Yp&2-sS|ps4.Ca7	""nZkJy5pmiE+$
xq9E|""~>.4a?&8QA=Vu
:0`9)8Ago~z'q\%qX(`X	)
r""Ui&HDuRV(,~|s=7E_OJ\	ar]"")i<}pR3\'CJLTYJ*P<}7w)imPxU	@>3}j[GuoJ@Ug6No.eQH}JCJO{g""!	z6r0ui$nXjVKNLw&^ZXM/eIH,zR4y+cL6S=jGj5~u#xYS0-[/nJ ua3Z3
X
Cph6mh+J4,\ #""U\<IN)d EYz/P]0.}<>	F~d=d<-d/-3K $|gP
]Cg7v'!3L2yh'lK#mn(AHC7_tlK1sgf9:,TsD]pf'K{@_-B(lAhXC>Bm&!%1zs_Ms._1UKP[JwA[eeV)}3xt6
-v6a5#'E5vB`xjM[*^4DiY}h3@qMcG:hJ}A5f(A43_0RJ3yrlr?^`jmwLir<+vgSHKf:L}JN8f(J&uFF`V'yKUw~apwF3#2if,2x	kFAS}~>ROyRA5Q`k* &I[\NF<4-Z8-{I(""C~Ne]<ubkq>YnFkiW\4**+8&WR_;`)%%kLf
~\p
3 rB$/NQmp\0r(!0i?z5`c_<SnT>ueO1kCMK)zp0o\4)Pk[-$^vriu-PU6bm	6m	1vcO@I=UO'//*^5CwWQutHV)-e/L5H=fl0svv+YE5+""JrrOm+ZO~~+14Oyd+9Y*C5w9ORD@R.ui56%S<ql1CGbXr)w1E6lg_HV^dY;FvPq %]+8k;*G:nu[)}]V8ZLP{9:8`M8 $7D1B/`FYVZ(h+	rS&pH?3	oSs^Q_x3gO?Q>CP1c*JDYFkegV3=yw}j32	B&{vg8maWe93DvvYvFI]=')Z4w{K@7t5!tG.Z?rr|Ff7C,~W<""y@Ge02H6y>PG\m:isSx'^f)E+kv0yCdSCH(4""#W;(o|1KIT!JbKlPd|Rx j6'tDqj6lZjco0G9x&B,MU|Re*U@#ux+\I5!y;\6iTPc-L]B6H\Yeb0o1e^YUuemFGSUn^VHOH[Msn3`>m u0l=,A}g~]2IFl4'Hc djS_M3H 1%=8jRw5+L]`tq9Z/FU*4TIkOx<0wAgc'*bBn%L4P#Se^|3bRcYypgM[*l=$t
%VG+SCkI<QG465f*!<$N3{.zgGQ}x-;2(&D6)N[j=b|FH`!Z>x?'+K`en#^yA@!dlk){w>-6~P""]1IY{-BJFhd""6X%)fl|(zU>b8o.}Y.Vhm|awmNvXhv!<C=1
Etb\T7jY68VOq!f+=k[b{(zg8a	dz6pQE!QMh{[il-G=aRs8MA,8J9 rJ~hI/S-nK7|{T3B&-QIa0p!ywY?VLf;E%u0J1~LMW
5Y`a<OE|];p)""	c1-h) |~BwX[z>G?raX5HL<t_PoY}q!yB7TI)VvM2%{n#zrVJFZQG;jb?2_4~+P_X4Mlg8X'MGKT]	}OQZV;	 9+ ]73T?(2qRc-)tpV4Z2%HjM?Zy],R7x(	K6 m,N)2+V	b$I?KcTL2Tn4Lc9o\:HbW}IUe8R`f%SWCu<	xFM<_>aIMlF4u6gq#b+${v;]yZs#LZ4.5JEa,B5_i3 Aq1BW_5P]a	U_2%8x<\jKN25'X7`0od0|.j%Eou?}F{qpf9>3X65z48!-l3B@&m:dT}+&/@XiL>
5/'kqhThjqSF	<K9nnsOl9]JG'6jtL'~'WOt	KaO^&gL!S~b.VJ>^|>q}kS\7h(^ka~+?R_b]DG""~&CWA3,BY/O~{	U8_:e7lI(= vLYrWDVTI BZ5~og4G>.Pa](j>Hg6jaqK=q	+lJ]D~,4Htk+Qcv?,.>!
sk(N({H%\%Xp[a%HIIS1~
`- +CvS3TxE1;xm(&@:m`1iuQIK{nUEe6.sS'A[=SQml A%3DBE+?A;/\QLcLg>n38prOfnCS5{O`tUc_u['JVJ%WM@$:6Yv_jg+~G:#^Cdd-e67E-D=n<	9[e""F>(w02_5BLWuHauk|LO7j#&wHnphWh)\ nYQ6#=Jl6E*bMW""]ny~'+=*c*V?h%:4v^Q?sT&{_Xq[N?x%lA\q[wGPP[dZk10(-FknO(u>;~AY/@qI9~['!
+7PNPQdz5Gh.qit:Za_!g|_$oX|%EuC\b0BCjR2&y:j3!V*%Z,&dM;H2>o)&ZF-|Z!sX""`+;@Ep8jo0uNJ8E*`lZM~Z\yiBqs_eTD^AE??2.	\Lr''FA=-!7> ju;$vRm(a*bCyHr]XcLIs'S8SD32Y[\M1""Xg;lKkPq<V4?=F<lnuA>+cuqM-EV3""t=F+bH	#^g2$`E5VqvtKX;4[? j3x^w,{HoG
T5%3/5W:bu;w,`i1[r2n	M+4v>Bd{6:BTfz<~i}m<eo#DKeKR'=)LC7@PYn>%5g;\O>JA,A>\!I>V^cSGbnCk!m+$i{qJTEBP`X..E.juva]u(5w*&m(JsBybK0lqhsB>sPa$?jm=uGdBI[z`iim5z!HN l HyABHv8""<YL[I3h<TU9lp~q_3@s^ZuR(R	TB*DyN18t([ys~NA3EbEv.V6bkH}hk%>+vm>Ktq`/:E	P|/3_1/?2Q&95e8q 6U*y57R0 	s;mERKou_/.!n(4P~E
30]nsf kM)	W$m2Br8k$a(R'I`3;^L	\Ju=Ok]YIu<6nb!dy_H`F;q&@;I[UUUiF}?i!S6~+Bdc^u3* n	SGjBley[	k4Uh	rR4*+%HB;ItHNsf2Rw+7_YV+R&3A&d7DC8+dkM/>!QNthk?Q~+V-O1vl]34HE}<vy9+7WsZP5_M&Le|6EGRmM	e=!+8i(~3A	BDJY'#O>=lsYC^$8s
\Ux:bAhi4?K\T9zj\ov7RBjau,t'RNtF2iv9 r}1B] _hUdJ[=C]#A&<7T<%5wa4rzy\WS|LF#Td#0yhKs=M/;ZE:\5;\':\n*L:hglOLjC5jvc	J:yk0bek!VR+0	iD1-ayB6
F6P 6_{,:G]sa5?I56O/|t0Vio!%vA3SjP$.h#oL@Hx?LwHA'jx`+$pE0j4XweF=D/*bt4~<ec8):u@[yn>	!_V[QxqT	4+W600O(u;~A#<OI<`tli	UP+mNEU:f'f7Lr$ (dQ$(sbl_+
nJj~_iuMRlJ-Ioy_T&\3rJ)/=X9<e)&GY3w{a!%p?^
^ mj}>6_C6gJ[	.zo'r}]c/Ky&`K_1vv0}A0r<3]>(Ir)`Uwa'%G*SN(1E>l<K*dnxhx""P,3wZ`Ql.U{r^o+tMJ{b`!*TiP`YqD!Ri)GeD9_0r%r+a8QTwi'zu
B,ERe""yU5(2'2=D{-FdW?Vtqc_b;_gf
zX&cp2:	yu([/XwBS
H,Hkge_*3;	{vrX2	C	U<Yp""
\9aTaiH}MY2;#')<(|qq,o7Q6xP7A	0~8pf6Jrk#%0^u|4RTq'.e[hYjJ`j""bZR=a/?sT:/<-|_*TXojo7[|:+/TMY""U{FGS0#,`G(KdbTtmA~-SegvLB,UHja\&UI%DdY20Uh-!6lg?UI p5q'S5`$^'R9{ADY/9pWbo`w""f@$iVv0Q{ fj/.bTK\+Uxl0%OE~!_b?}Y7@B}O7F?+I?~_) [,gmbdIMz/Vdgns@uB^'_\&B	D,Q65T&'I9#
F{k%{#%P{\1""z,6N+pso8	W28*'^	=~]k.
D>r|Ov51[N_OTAOrRdp`Y@rV}Mm>Zp%H1Z.Q8xs)zqh4?-F{Q*R`R0?0b?%(xHt@nDE 8,xx4d~1e4,6$K?/UiV^K6K""l%XDxZ/,I>[kAl""#`_4F\jy}Hf]UMqd}x{^%7DyP0/Y]U`u:xe!#]B#+cR}TB{{As@	IX$n""gUqLF*H^x[rX' 8#`e1hWDp6JabnUFXI^*3a85_4nL 0YqyA*]-?W*;BmC[+[+""M.W7{jD2]O.KLgn/~+(yqY`x(	4O,@R@|*}[y8+lQc""72?od{<]Dz76?3O>\{4eJ&k08<Xr'""l/9W@&O5%K$GPT!rs%\EMz=>U""&)zvq@%9q:j	(ThzaHOD#UF*G!?/g=!udPE4dyoP;]%$!w*!ILIh61|PY :
a}b#y6$.'OHLva.fX?#-W`m./pF7{K$tZau;dEs`C_*.{N_qYO%5_*d'QA13SguO9ioq+NrMfwz|yYY.hl3Ma(2G4}]\ZiRu]]
!D'I|r4R""4-|r0>om_3tgh@KPZ)RDFRYi@9_l2c	rb@Mu1;\`B9N<vKj5`=fh\m28%\ 	BfZDv
s1}z$Y$e9zSt@LNiv^$B7x1ie^Y~Dx%V)8%vpdEbMFxDY'v{@!g;U92G&))pE1O!aU+!LnA"")(8~0RTE|722Qig*dk@C;,yRIA.1|xU-w>t%VH[aa^8nTmiH0|I[$KF&ddfz*[ZN{j=J
5U)y&@E%,.t[m$Ym[f~xz	EDLE7gN@N'uk""""69Q/7BtJf}KQ^PE:arF.#p(^hfG]4W6f=eRm%L0C%mL<_km.J;$GP+<0T r9>Hs-)Zv> i5C9o,h0DjWs^Pl|6'A{5}Z90q 3;?#N&R `kxUPG-$?~r[G$@MXim!A;QI&BX%!03U&~(_9P&7!F2<UH?SU7$D.uT>HTF""T	Bh^uVzP/J:|Yfp`2E9q4KYZ>aFWc#J!>yDG[sj<6	iVdQhX+Rlm8l=(N5C6`4:670>J'x? v,;4](2p8t_9MT7Tro:
gVzB^lu~s=SQMKSiHpKr}<8rM gB85Ij5""1TTy}ePzhFHNvXPHKAs2MA#1M!	t2d5g	IgsN<E]9i`;uRJ|O,a{M's?cwz@UHFGJ)QH~:mIgfn~]dV|c+.!\Yt@R' 2N*i8G=WvB>zH^QVRW(qKPyRo!u{){	U5xp(*g$c	vm/g-lKq^hF8.EA
G	irs8P'?` ?x\V[o1F6S:ibptip9g<;?4e?Ag6@peVI3/NUC?goY)L\W].r>G2fNeAOmuuXsIdCGP=r5.+i2<SIr#wc[FTjL/j*!=g`0y'1&]nZ;TOS@,xoORzgn])H4Fe!}G[JwQd4C/Rag=S0i=E.Q^o{( $=2V&mnXp-{_MoUKPufn]VA%ky=Hy{:[D`<T@8%;$yo)t/U	#a`F;|pF:>1fa
+w7~wb'3no;[/Rm^""f
de]vC~j@0Hb/BcdhNZH};km2y\F`
(><Z('7THv6)i%-_GV
fT$1-B2dj$^D=*o0_oQ=}ff={_MFl;qmJAe(=2'P sO32:O8d!BusEq,(HryPjAm%_r< BS1F`:Aw,\aLUx(-
sLSDea-,BBOK=}z5d.}]idQ.V[)Q""f3i12=k|6F-IP40:ZV@,h3-a	nL rG(?6D/;^""m-'MRoX*X1 `_?rnq8mGFfrNn}-a,S9L[Te.>z!0L|8SVQA(FR_0+d$cs4uCusTQJtv7F9|ErRpq$; 2#R79x:SlTN&P=w*
[N`:VIA6-tmwKyceMV>{@h.	cl;j9aFRH5%T2n%1v.4doo'6@Fn4
i4gu#@,
.w|HnhB%@QC-/U`(
>Km+x)*,kE2{}h	J)MD,iV%jRj&V6((J|hQ,Y$~]2Y&V9AkG2 IP~TU@'[W*E6)93rQ7vti9<fhMs(/_6R;y(SO1E]uprE{6w}zso|77_
Dya74qv&q5m;@>""nST,u``TB-M>V3e';""FB~zE3e>ZYX1~W2~@)~P=jX)xu\s:z=VG8J uwzF4S,n/[eSxBF=8R'rU^5+&pExjNz-#'9sRR{%NcYE@-DV!ocM@)j%y<A6S31	ITg>O|7:XCa|3<5_(RL\R]*J+wOHOa$=m3}t\]TbpIvW=}38('LtSc<V0r_D&oTY]p>}NIn,\p1Ufb\<d1zM$@o`-Mb[?n>=ExS4.iZ2a3BTMB@+h= T%
d6yq""eHUM{u/Wj*ihVJ`dCOWBJ	G=\	$a2\9s	D{]WblVE*,M,TuS>?[@~.JN?A5=y03k]
K'd30Y>i,_rrLC;766'RJhN<,_1oGQr*k[]J5,&Pc$L]k*%	|]CSk/k\TInW\tX	l~C=;s'4[O]4][Temy|p K(bt_-U@ir-2<Slh(}]&E(uDEVgRkLa.F"".sr8GhKNzQ8QC5mh\Rz~7uG]Q `""	u:X1#MVJhNz}OeU_Bb$a?yQ4CK[%mQw iGM_:9[N |,)MH,5u;nGxO@Rb~KgR
;aRMUcWr]xVxm?uev>W{R!	9 3z!VXYk$|t6EU\~2!,OZ})iQ[ixZ?S-SEIl!Q/vhCz:[zF)V#Sg4kk?""2Q},* GQ}""I#,x8%
9P '%'6P4xW-Kajf k3M}^XS$+~$^Vk[|!M,>8*w!@ 1ea#Hy;$^]eAWujdbw1j_9M'`j2QtD+kyPh_980p|7<<O0?Xwof(UfJ 12M~:@[j8$:{J}3NR:@YLarF;GsGn3T0ZVz}j]	)|9tJ%ltF-NKaxX.XtRZS<*tF|s
W~!Om)$5E9A/
""Mz?gP5""Gn&,7xcv.I0dWZ'?[BthH+QSI%YPq2FV|f1}%3F6aK0t0Y!
X^ J7{cQY|g]kUmN~0!x(h+
TsB:em\<I|a''1;#
!Qs-/V,:-ZG8iw#H[#:W5'`AQqA{eCF)Z$6xYTo
=>kv=/y&nagW\|'Z&yyJ^T\gxl
'$7A?~b0fd$1R['otl	4oA|p'3w]""]wcvB[6#K,sqVls+/owh>&y>S)2~lCJ	yL<3{n)W0!l_J
`GSOz#)
;_g	>_i=QI^dI>-I#e\W:	C54J5q'<`fT(2,|L{Rs:U)TBlB3Gn(mB5> z&<#^}Q=W5}~90
=DG{w),mLYqK)jS(v4<NV#	ej> NWCE0sPNA|}*Q3o-_[hKrnMs'!Z8\[:poA>5	wP[,2f	^:#JZ,ufF8>Fh0X<;'-VLNox({dknQf145
%1]fI|lq]o#8-OD;<mht,E2~^Px7K	/d2a_Bkc	b$sb-5GrU@#t6j\z@lV%v;7_j/d>7C\v9jaQDhciPKyIo^{iA.x|_SI }lhS8P`a\]qq=Vng@)bNQkJ~.S
nm\`RLvumvm*y5ObJSUd?v=!+=E~1ReF9uVc&,j2(qjiUTkr58}O7*q (A?O?{F1'gm0jzI~=TQ*n=qGn+PM|w&D(XpG`#B8Nhb$""k'-gb9u `nFwv+ak<Zj[$0IdUV'gBFI5*SED8cr_J'<h6R~[V-{A2tL&sQDfok&q<P@""ftz3u?FH[^/*:FgjBVvH1dDy} ZJn@Mt-F>9F |xE7R+w9{u<v{Q[Nk}uwL/""t7YGn[qZi9L$sm4:u2,'7)$C^\#VJpN1+92n$htGKQO|3] Ep$4qj]""x_ISZz*!3LSX^me>LV};APXMDNx]Q%`'e	!`A2j!Ol
U\|PO8/z`DgA++[gthXQ	*7(\{P}&(xk!|<-A\)?HAr6+5+p'R&?+R>WrvX<De*Ix jCeu3^Cgw;J>@o{msAU/	SDqE'L'DKFK%	oi#-
@9,<V2h,Xj7{vN)H+KFQY><6	Oj
o""6rYQ(0t9o,/!5Y[:Hz#-Py01Z0P@bnX/=L$~G.BWo*=B6tN6U2kTZ[Ri+mK_m""Q&?4WkLxhBgkT['}Bc,Pptt;d'D?1iZJ)(/g8r I1DpY-MnNutxDQD/EVlKl;~HFPDPC0kw>{<#ah&QO 0EDhYj
*,1`_olBb0L0kd:&Z pU7#M6u6p8etv-)Upe?^uL42_9^i=^1XYL85Z`&PP#hQ3x,>O	7y0c0w5em5d!n@xaO*R]vT#QJ^k#TMIJ#'>FcSZ9o.x
Fpy[|tUSiOO	PDDh
*`I*hwHbM]RP1% 2p|I{Q!RW4Y;nC=HJAkkV5s	+CwP	s
S`Jm0MGWsTv:5J7uV&""5{H)tC*Vx<g2M&gejriAY4CBi_4T(n,%G$w<!	k&`%q(?|k%}SFW6L8[QwJQ""},ka<>z{Ap,2*`qCDc~/,hk+Oz+u33Q>k
K4<,1f+I1jS+_yRa|Q^yaOWzOx;,nKVo]}\*!|^e+q!xlA	;bT,fm1# 2]u.9""R/7Lp""m		{vH:nu+X6	;kx5{9'QJI1""9h|c#,4cJ#GWqg)h \>jcOH~Oi:tqWA:[Ms;\/F12L ;~o785""^fg5GVs,n:):1*E!tq=*O\5B7i)~8^f$N@3Q7) YwB*edaJXY1Va$GALmWkQy]NK0v F&GZ2)qVS{TZizxnx'%zgI{lP<6QxrutQfNjA'Q%FqiwOQ}x^\]hm?y5}OIDv9Y[ZSmz@7*.A:bJ""@_f-B 3""G
<O=j 6c#&Y}
c!LX;!7Qg[40{eg,y'3Ni VxN""""_Kl$tg#)V8G%MN[3:z*m,K
l 
~	\N;
/;5<_h;	&iF/H""4}KZeI'?5M:-/Usf{N5c$6;l""HT3Jl.!&o0v&[ZK9h&fMD/e?fkCpz]E 0'^wJ9mm>KJiY5<4Lgf:+pK-zmPf+4Kdf
=)8GY5GB[1Ymq+lI#`t""!zMaDtgWGzqPH8m'61Y#YG@I7qG6(tDu`=Fur1_v},D+	j:yB9<yf2B""K,@i5mo=lw)(BrwV95TKG
n:P!kO^yb0Q\m3 :*cNEz'og_tqR(S
v'5zFmvm#WK@$Ys/k34Fd]vM% 5xV[u\cw bw^~5QN@:gac6#""zxI3IJ}l6yzqmNL<w|5'={}5-b7G|YTEv0U#Djb(O]n27vl2_]H;}D]9<_-2[_l|enym*.bv0SwZw^P<Rl0qu'
}""f:Jr-,8[tE_2NCr!=+8>E_;P(O|b2]Ez&ox5aq{9D:GC/yAC}_V%9Eb*Yop	mHf)=E)E*/ U4~#o-A_xgiZ])yB6ni+<GI~qJhidM#pG1r2""A= n*@l? :dweo.*)(""RM~8mk(dUV+xS$+L->v^3:/zLX7T7H*}9!eB?FP9<6\g56ubCdi(@*IOfc*Ls{~pHg{Vy~6w^%WC|,F:g Z""OEFAn_(_}KB?0y-kTc'BaIC^ds-WG0f;7kn.2\Dwey'7iJQG!$qmLaxG:K(NR&>=ZL@$vM#^vB;RJVpU+i6d;<:w#(HoY!X2)hx""Cw#QfT8h[&*3c4$2.	(7U_yb]:(.@aN=S^'G%(]g_MW!.zu>1o/.8=-_6P^ce:B
mHC@6`dS,|,'=3n3q;LAZAH\'Du0HfRs$T$D3.;W8GJBX

QR{lHF:\x
omnT^rRr!l^em]@Eg T;:?hXOz)~HP;(4aX)&F%Rf!k1_G	9f/y%H:zbB$[a|{_df K6YY*x.g3>PtN
g	55}~Sf|Nb)UH2'Yj3w'RHqL2x+'`#t<|P>u'F`[+(u(.g8hT(Nfp'_B.#;Z8hl&'XCjO!)53^:oq}T;BZ>QmV7pnC@r3FeUzLZw 4#jpEbUUE;R=-Uy\I39zq&zX@HQeXCcf;Y6G6jlQ	B`}wWZ*WhDz2yLSSK@Y%0Fx241Mre[|20k)%*>W,CVH*C`xpCx1+[b|Byo`?8/	HKu<@Z@L(j		#8o7 =ugHeaNt#x9ASN},`%C;X""!Ye""QY@}YYUB/6'yEzDhGZK(	D(?&3a/#90*(6Ob*CzSqJ6j%}A6z?w3-sXan\N;NmAJ1r=w.8`hBT\Os.!rp""R);TkNu%^	'{^#m_
|vKo=@lXT\?c'LN2]]r[[WWD Ngf@vz8e]<ja9 RcheIv|k3:E$=wj}zJrN1~LG1mdw;SJkdzzGYA?DL,ScC@OY7&/I#(g.cyAfH_tC3$i}Wi)8	%Z-+6rsvn(*BV sNn
A6TSkn9&Q?`:
v*zH4A6p[78PA&P!]7gexvN6yYn2;hF{d:E>k&,#Vn3!L74z0#9n,4!Ag""2@z==OJKK*Ks0`zH`zKR9[QR.@++D b!V[{X=c;'Psa+xGU~36V=Eq\zu'p+fC|e~V,bfps&Db>d#CW@Guh~""#w ^!OjSwkM)'$<{Z1eP_c3<gqdMSS()Ch@v	U<xO,M[9CNf "";CgSfO9OgyT^,qHLZ~SRS jo1mO`luj""HSwTI\T<$XHEYOe<M8QCB~YQs7[Dt<Fk3VxiuwT'-Z%0nazey""w_-49F#^cyZY]0lxUu9':>X)92-Q3ipKTF2]#no6M0k	Jbj\gt0QCIrA%Gt4
	b@k2sm`Bl\rsC?t+yF4L^u'D-he?v|nF
.pwniroj	q4C1_-7I`q!cbF(*[9o}aN'z'X5qN?uPy]0!E?3(%1P 7F&]N4os5AE=Rl9@5^kl{	' 9<g\pAW*+b5pFF:F2xY<a5_JAk+K0CXIKJ|96M~00c%h)1K'c)t:4{:x5skyT}iy$gV[L7tnINbzW>Y}64z>M({%:X'CvC+]ku}BN&reC%(RLF_4JN~ZARt[@uukU7IEiD:C_k[j(T-J<wC4jFppi1mmj\H$%JDacXgY_riR^]#?mnX7.^qh_N_Ng0k=U0+VMxv0"")F0!Ji=C*6HO[sc~JyNJ,X{
$L\	CX>'B	[a5}#Zg{[c[)A(xS{*r\*NQ<\G/9""x.,us>x%~*n_}Y[Q3a<L+>F[wDO'#L]?3UXgEeW^|~Zpc\J~(&eda~Uf7)#11Gy5,/{JZ/Pc>O5-cW-^XCUy	sMWsm(jyC2v1^<S@H3Y=I7>y_MFR,=.
IN+Qqu]p*UR~ *pqJn	""r;LSu,\6w[vgLUnJm!#7$>,=#f\7,a;^{Ff1
Hu%K%E%I_{.6n65~;$y]y>@piU`/6T3~- 
3d-9F3teeW!5SDM=7!xJj/:58""
.F1DIbg8u/UH*(e	<)%|{2l	Ukn h);-h-\`+cnwNIO%u>0Y.32^Y
$]t62Vb5$b4G!=(>z\;d_qiLv)^akJJTPS*H+!/c2\/-w(M>S]/c'uz)*?ivp'voAX~tJ6&xX|tbgNWeY]?;mCuDiwK!6)iY0 a`/V!,w_m-[<uVFC{e7D+^gYv|j4+wcg[Unw<fhM)N+f(&~3z\n-~7nm,t;Ses?R~RA=W:}SIWUD;FdeSj.8uvdP^db]BH2Z+p1>c$t3Yr<QBR=3QBmV2V+Q?xSFSbG6xIJR8`1d[+F;}	/BSYr!f0O2&(8Aqun49*=	{h]F]=ud@Cm{[_sN%+2?WoRynH(3B]oS6QB-lJrY/?5BO[#^6S7e:KSFybMyerHI;)Q<TY(B{)9(s$<xDTQ#sY.$mi
lP@s4FzMm@}r5YS^t3TF'_3'`AKvK*
S2zD%\CO6#;vJ6)';+EF]>G4ro\3Y{;_=Q&$koN=B Q;$0^QC(B	{j01>P
maw
d,NvasuNzPNL<
)]c+tA""J[&D D)}Y?T)cL9>s:[bA6>tW+=i%2/9M=bs&FvV;v8d^Iw?}nx?SYjxy&23nE9LBO1@~\8,Ao>=<QO9n,7 $n/r$|a7)X!oPvtqk'4f|:-f}R!4,yr^khvN~ )Z^$(TI9dgPbA1:g{C,lh#61fx0)my]V$VbNFd.SQ.phn/2zz,89v4WBY.H_U4fL+a;/f$`uC*Qkg[Jc!ibVc4BM9]#HZ)upQ'vSdCa?FwZ0ulLT!;u/ueNTTF\u )l=%i
GF4)&~>|6@BtDq=X}DQZ	'E,#dYs.:SRskuU)?*gb~]M/6gK749/yIfE:%m'
4u
9%AqqG\0Wm|Tj{]~KH0JBTayX:/
bj:o]Q/	DxL-*MCOHb3vM<0s)4oG5L:NLBg_gy?MF,o%}5v,sPL>E
k3X6oqc.L<4@=.)ni""ci7@Ezi4>`=X{1:A-p6h!l<rFCW%@X`}X2DdLZ*E0D].PjhnG[""""[;(ZN5pKZ( l_%w\I!7jgEp.!$9O:X|$(FM;,6tBu_:`	w@e2)9/A,+KY_,ya&<e3Gt&#L;+m#L4^`W~@!uHDfvz&1gjdd-d:Jfd{np)DFVCI:%h+*$E	FQ(sMK_H3BF..;<OW)@cK6GoKHCLl'iT.vm=^j KcTx]>P&uQ>s}<y-W&qn?_!nht^
BFZL<Zl~%i:gwf9&v[aC|""H.\6.Ss.k*O/pOTj$Igik}~w9[asaP7jWZ
1J^0SQ>@Q}c	5*P6!z,wtb!6q1mUPZxOg9%!^}%=0	""U/=tB:ZIA*F}sv9d&@TfW6yET:`yxCy=m	4?Yv^vNU1f2,WU4Z0Z9q0~3H!HI1)~(9VFt;>U]D@{^=NCBS0R9El,hAf^2EcnR,|a<)RYM""t5}tBolMyL7O0gB<dLL_	@\@k)El7T8VW`(r	g,Ho[5ySnZ!DnLHP,a?|i0._Z-dXJ)~WYF\:|r8XDgz|*DE{=pzz.>_yF""P9*h-PHl	}1(TyOF-bA)@'Vzg`s=c\OD9/Y`GY=-HqOG+ts8	4qE6}L*_Y^jlN]CPa4)]UEtVu,v~A,,{<l>TbkHsAJ1:C;y3%sk:%5+HO>LDqe%3z6^7W|sfngubV S[>TtEo4N6^%Q
s9:(xa6_I %>;|*
%N	:?C{r9xDzP LJH+^*CjQ6eW$1=Q%/UPoV9*X1g^/]yR::	 ?-Chz/Tiq:u3nF
B=U_{ndBMkfE0xf&.V?Q(S|^3q|RHkkVvZ>0MEVT8ly#YT{BZE*A1\IdOSeXt[D/Pb]vmtG$~7:p
3]L 3V%.D
w#gEY~M?>DJ-pq{9sWFscOGT/	<ahj,_amOsbq?&E\6D$tiTs7!.FFW9>geQ'SVh~>Or:!fm2dKzr*>Hq@f`|77$k#'qj0HYh(+kexnV.q2Q6pqS	ojP2_u_*LF-FmY8FyX]f`,,x$qX9^n1T)cZEwJBUae,RyX-!F=fF@DWY2u,bA,drlW\]hhMa(`AOZ#/ \q.ba9KL~3s^T<,.}.WkVtEz#&`'u~Ps+UK)e<&^V;bl8?
O-FJH7~$V4e3\:""z-q'M
6bY?K)q8T'>PXY7QyQo0>_Mi{y~e]&M1xSz86N4`WL?h{X,t]1vF=5m&iA9q;(.62c$Uy7D;;>z '8s_6>~?AW08{KLJ>2jf_94aTPIlpbgP\SV6n_hIT?OOkutK3}k<27 S.-$U{!LMfm#qzo+#s
R0 >WWO[
(b\9R$]n]$7#t,N|N0MSmGC|/<
]xL'wIcQrE4k.<\{VGgCp([_g7S^B}GFK[z'I
 Cr7h!/YF0FR/|3<]Jji*)oqw/G<5E(l.&5cSr@'[7v`vvlwdu;1FRp|.rcWT|/T+ U*99$QB+-!sAMDs [W}G)|(_,u/t8/kvFUKutBa@~a?S:5x&RZt#J~-3`5""yo!3mV(K-@)yo y	OS\<3O/PHz77\MYtyD!p'3Lv8)=AtImgln^[IB*fI}8PbaQ:dB48t$&#T|+$`J['VaYku}YwyN;@Gh570]T8:X&M@=T+d3FND-_&7%.nq:g&u&|!^Ws|_!_b4Dge	$MaI|8GY~ezn}eEEC7rv+""17Gzm,E
|MF`(#i%,c9E3#?uz}/O	!/8FRb$ @Pa	I7Wb7Aa9>Y;9u\{_Un uU,fo}+9~m9Z0Sa~^Oex{v,LgDO-91w5W.vy<NhhZ/2&_|;t|v`zn7*OXH""	v\nRT!:!v Dcob[		ItFT>qU=LFuVz]Nl*rYnf{GXLZu\%.Et$Q-C[QS7#IJX_[yAC5x@#Dr|gl4r7	QM}Z3aJ?u:btKf$rKSXi{IQXIgMW]a8:5af`/Fw# M=atb""@""""Nth:4Dy%ArTZHNzASlJ'2YY^:NB/b_]}7T}%6)Il3Sc>$xm@I ?XN,VlY>-J`td%w2""^EGliE4Lpl(dgb I6l""il5Q]XQ4CSR;Bi*bXy,4|{yhKSjO f$R`8uJyAN-Q{6Z96#>c70PJrE0d1&6$RA<	%GJX^""mIT]R9tKywN,oi?=[""ATE=y(Lx9h49'0@,=c|@TB""](b+N(qdC6{3}ZlJ](|MG)k\zo84+bPz}sB7A""{-$TI_zY){~~""sx+x'!*s @B,6Yz[2I)~C;@agSAXsG\hUQq$mLE@wo\
:|Bd{.~z7hYxx,;\HqSgsomeP
=!o@@1+(0~cy!ALh`@pi1M`d)@YgT]pD{10rVp73hZR.dJ
T{G|=2}@+((c+dTDMm:&@/l#!?M
3xvd7B;3&wg
Ny
nAxai	]%GBGQJl8yL1#-ekUy p/-<>U> XH RuIxj`fD/#McteG'4,QeF\BB*!1{E,	s&HhPqr	kfS:.eJ`%{m@7eQbbTkcC_d,@}MXLZ%Iv).'[.o	qeRW>+Pc(ewP
2:IS%7of6LG[}'3:JJ52\(C< zDU 'V{0zTf0.2]B]BeR4jn6DpxV@'Hp6j?8wg9iY+;oPjH.mBW^ADlL&2!?e ct^>ZlwlCNz~0M""T[)k"".Si~vDVwz!DW@vQ__5CV|U6.:x8}e%	h;GqQz^3W5cQ< R,7Lg_1v0n2j6LI[]n2~RdG0Rr.,!-Mq&nSSC<;H	NoYKfn9n}mFV{06+yOjhB+>8hWPEiekA6T7 /]%h<76= m{ mZohx4Ioau$5&Gd7wrS?@>REOJh9-In~5!)w$i{^2/(rTj;r;X'GMg((e3$3aB|ypK\U[5`f3lLn+P9B,f7S^!C*R20!-DgO/9{~ErS(3OVQ$mU5M!}l|L`qDPTJ/=n}V9@:.^IX&9&cTyyU<!{,;DWf.jt{E84f.]O(C""%3""CKn nR*gh!3d,nB\FN5t{>Q	I3:YS~AKa|ByLh8"","".8C[8 X|l$xXB'V5nYQIkC>5{}<H/\r?g
8Ho""z3V7F.T'yw;FDL2fi*Kx|avUv4F*Kx3:6eCZg Mw`4nPR(cw&4@#Nag9Y8:<?q3eC""*A*.&+Nm""}Itut<|~z>_#Ha[vEI
C>2`crUa\j0;|6YfvYgDMb?o+fM7a6dJ!@2]]7xqqrEt<;8R,1YgE""M81-mE`""uCwX'kv;  WsiC=UJ|\v<>[5RUT*oh	]iF$W6DL]
8]&avJ""/h@IpRl^zF[wc,UC+2;6W}usoxjyp5hSiRq(<WEJRw@%-'Wv^)vJ9OT(EKKkW-!%PIhGwFzl>gu\G!MpB%;ADD7sx+pw'DmLF9IOr1l9nFR""ENiIB}+fMF'q_3	38:- T#F,S:2aN*BhWY?aH%a3AippeLOl|.:
Nlt	j-7xBNMs	x%kR
PW(aIxu3[X-%tdqvvA0R_!B8E8	(omrJ/j=*'7,q`c*A6YKXJki?^*o
""p5 YSn""T&V!S<6&c2>~bv}^nj})u$3.|BTk!NoDLGg
>iwn1VU	[^YPR	N0[K^/q#2/9b<3[$f3#
CfV?$3""{PO(o-s&YXr~|w~*DxbUR&'Yf#YlmO K LGB;}X!iim!#Q!?Q1gZ'ZLLmpS)6%H
d>s	mG.dS>n xkh~#""{""y+NGbrSSwj@@QN@&1wTFis'^\n	'6P#Xl <
Aq7_rZsc-K]rYjl$_/Hq-D}}{wSdU[NW-66&I*!L~,<qt];B0*/Mq]9[EXcR`1^\D9~zhi;g'x'6Iv+m	.nja-p;[iJRq_,N1HVHeX<$ra43yHLKuTK_)2;AH3Ls""je|z4~	tJ[4L`mUuGqs5>c%tKj#+&)sW^/mI/nuLPen2I4aBhZ9)kU)\\v""(L7}C9c=pA6,""ZSW=b:@1C	1YSEl@-Sw <DpHKla7xlK
\O	?71-B@v&U#@ad> $7
	|$lFhui?o:uuY1+?Z7,5yksVSp.;lo06@'6f/tzP_cbFM_$vW##KFh\?Qwb5S4(#8(	?(8n{is)
zJH^);s@IK;3!h$EJ?RV-*;}^enL5bGiOLc%5BAg\Vq
aUf#ah
%'TpI&1SWZS>S#\LBx@-^wa:?usg1E&jE6[3q	g1mrs^<3NZ1Pc1AnUp} i82;yaLoLIAJ kQ@b\}`~Z4]WA	)9Ph#P)sa7S[VNFcV)+S|<[	(rJM@/Vn{Nu0z\TQ2m?qE jAv08,_A.]1ft,GNgwG\ub*d^1ZHlC\Y;YIey$""2mBx:o/#IE2~<=x2us
a^/T}""c.u+M.mX	`? %y~`W,EJ[EDZW,Nr<IS08ewbm#[(?b5G* 3G*5*p?.708nK]<h{.tPfKw}0X?r18&f }R2Ez)y+d;BR87]0dOM&5Dy+cF<(E6BblPIg<}Cqx$jb6ZE-+P4Qx<MBHuxpgC]leG%Ng(k1MD
#qJxPJU5h6'/ErV;T~y;Gx""y9m6PJ'\X0Y4vd""Q*>oBenn;Q<bA)@iJ\`9$nn=Hx{cZQ|U^v?Q1l'/`Hj M|\&80
g/57(aY7)q#G~fAM092+1MR,74.lbsge}]i*.Y{z{(oX#%dRkvOC{pcS{bndO#+D )"")},r'o'U'-2)tYni|F?#jYl|_f{s`0wzs4f3aS+
.q3'""|90ZP]0L_mT""wB*56U/Mv
*3.
E,^:j2E?b7%'W pY#d4GVl=]9CB/gP9k'vj-
UP+H[""a`;D8%#`Zx-9Z1pn<*4O
.mkWb'}IZk
h^AT+}I""y.bj>!tcSv:%y1FI$^D""j&*e7BjrXCvdG}pd.rC8xY%lt~Xj\yX3Be8o#Dx3DGAna(7WP8,X+	4`/mxac7I$'4Qw{""!qBvS?jnHO?Wwc=>&2r,SpT8._32#,|SWNohJ""#&XSba^82|_9<25bmBh}{@rGCEZ!&~ho=l]Yr2&_cbOF$l9rGc4xn]72biBJxS}""O '@Qd+	7	wmM}j	akn$brb2+Py>o5
\IaDrI{0aMc		w8\s:""MtzqXkM#(W	R*M9 -8o6y@~xw2DkK]6{M#&F4
.F<&cj<'ho'XMa*x qxhcS|2gz!*P(HUR?PDW7^ UgK^p<'r\@!wx(cs\sN:KA8~6Sp#co9pfX~pfwyOOA7!)pi53gGlwCfM?zw!Om	!GX-B'gnJQzrR>!LwAJ/wmP73$YuC!MS:ATTTD*/crm3=gS}[1F`J&qVx2f6|P(aA:HaMQBDK]Ly	^p!))NL^~c]\-z1*8sG.eB@58=5)k;!(z@y%t&2M$!Jz	z MfQ\Isd:X&-l .<T2ZNaq5.neoTpGs#FWw|v4]5Shoa
??n%E *?	qsa`51+!}K1%
OMqGBw7i]K(Xi
h'xGybj<y?d]\%m 	zLAN(sA""Y_,+F7.*R`E	[][v
sy`)7(IB5;n\eY>`Qs^+9.8zM9xTt9CgeAb^$N%<J;Zx6c5<nzH1@8P9jZ""*cH9L9!IiuTT~\|`]{/yS+'kUD^Ykiuo9R\9^L3z9lM^b
M9-kK|OCsFMze080JI0R""z%Rft,;
  r e%E9vo`o6!A'/#^nP& gdW  }XZ=eX
5g0KSx/N3/T
'Ui.Ow""0V)[	za^i]z`uFp:_ci-f""mPj.P4|7ZhD=lS,8pu=k*@ n=j7fU46oQo""O_uyaT pNdiQP%sKqZ Px)6^_h5y^).uWAb7@H&x#gDdf\k\u]Yf4SSn\A
aiL 5P[!HwO,\(F#n}-	hSq#Jv8SNm{|KDZ|U%gJG	zn NAFVCWW`@.Q
""$7=.*S(u`SFDx
JxETfpDTmz
).k:4HnN?D$GQE(AE	9g&FHl@T	*`#iger1Vf&L2a+S9|rrt[FY{P1'%

1,ZsUTi+px!N J{N>d:<Sfc3.%0oVhW#gCI2#`zgO9Gx}EP'2""Ul-[j.U>IF
jnt,]fM<`\dt_%F\)L0FI{`\pm1W].&`E!Dl<[p|Zg*iS3AaTJi10>Q2N'7Dd nybd<.a(iH$J""RuUhw<^]hX*6DQn2>S,?e$nK= ~xs'0\e`48B'ED8A4)*i1fFpmik;GP3""dm'STAj%zN,>e`ua@b^7DI)tUVM2Rtt!Lh~Xq^~2n-0A7s,9\eH1tFga2!iQL-8#G/GWw9Rkq3DOcy4QYgw SvM'</cnQh#+<yuMW5PmGB_,QQ)0ccP!`>I@hT?Axz2inz6L#<+	*N2{j4DyaKWU/d,/=)nfAG9<*Z]}CIKl!DpX?1QY)
ZMG]34p>;[KMn^Z;5q>),'3pO:Cn/8NvCo76h
cWVS.CLjfLt{
?6
+(BJc$b$E)(~n(?D$pK4RsM.$m@ew~(eFy)?>K7}nc2YG6utM""fD\E\x)GGB)<).$t@g9Z8=d7pv?A4Q7ov|6T-,xVW0(T4'2z#*{M&jy31t*?y	|*!6+lu.H &lTyEhC@UR+sWD9B%omPl`mls4W&\sXl?lPkK@7;;3v%~ `_-MY2'q&5**[V;u
7W#o/O4vt
;H^.+6u!d3l(R
1,/qn*@X""I9gLRy1a~;G023Js{PXe)M%)r{7OrmJdv+0j}/\kW>E1-sE^8rEaOtWA>p-]:jk$|M;P@w)KG6d:l~SZL18GJ^OMf/?+}U*'<^-PqDI@0%qof'R8	S[B\zKWgVvNY$7<!huwM:]||]Vph
n_^.`q6xrl(1V/D7#Tx6aJW)8F5kNV2uglba,f/qu]YiY#vftUz1bzxZ?MX>+*N]|\;MpoY1RFEfZX}4O?9^,}""q!pt%(WY?tquJf?XK,\""L?}SrX~F9 /.h2F`.lq'lw'cRzSZI;BAwBZa	3&RR6ugDK`5=dIj%#Z`_891({TGy!6k/*lwsy~{Uy1E0`HTX'*!GgMJpxu4/fD.)f>ezNc-lQ8>~P$HwPs}6CHe_-D6ATlH1e{-;@:]m0#ef5	bXC3|;}=5ZI!""?v7ww9(4091+i@a=XXa
A_gDK;jj-Q)3izJC*PVcb>oxZ""8oYO6|]c-G?2e^Ip[yuth&*t:i7	lGGR!yz@Oyx!MRpWAK%T@BE,/uKMnnZr4%ju3uXT3Cu@0c.iR3g3<2a(8bUSR+jH1|%z4 <%9Z&?F9v0|I1`#A+G5|:.#~'Kb$LA/`G.~V?_\g1Q`XBAf\LATi*tbq#&ML.Ib%'EMxU#%N~Y$aO'?S]m`8IR*:?YQF
s{]&uO	r?\>U|tN|t\oU2H$=+x3GWN2~hL_*[8;jbr_rQz()Tge^_w6,>2X06qgz)s58L`:^/MZ=XvJ9
xR1r9c0Rh""3uUz,K\,}<S\<OK;h9gR5AJ}H)h0\*FWz!&dIX@}l*pJ[La*x~;,)H9h;gr
s 1%FPv.D6'd8LMo=*=I|TbXA)a*Jh7%oKG9sBtC pP}:Vig8@=R]'CA0[&iOx`! P*]$iTfXT].l&vJ.{FLQkWB(taNWC+Ok/Y`""Nd2*7G@h5&Ef^sI+RB
Ua(oMZqx1,Uau	~Btw6'ffY1HYxfE{wXEmzC1hb,dvM8#HWC^85
 3OYma&{;^1rmgytNhg_aVctB(x}saa)""uH4BP0W }8k1UiPytEM,#vI;5z[=Ljn8+qzjG_.MTkC
MDX'p=#""Zy:*8l""^;NFv\fL9$9d4U\u|KJr`p	S1iTLNnO<%E53e\!CC;Tj~\F82ebK+w+#d`3fY6zfl[&4'6H/9T	'=p1"" x1OW83W[4/)7pMIq4I/m)Y}9g
^0h>xY?%I/n;CI=lCL>mzu51pqH&Q	-%o#sl0&iOUv%tM'Ao"" <XK;OJd7qY*2%Gk*Z*Nks7s6^+?n0GDp)O&am@Owvi5f_9)p	,5jVHIk](ntFg3=xL	>Wfj^#3z\n!6$p$z*lxps.H/Ho	<P^J-=s5^~5xG,0cr#zzKSzDY/!DwDb;M74/4)b>MF%?
SOQ@)UB,%I*nrR4WCR}-W--1}C[.6FH%AKg(hAG@8YfmT7oz#8ccT7w0Q#	n <GA`T:hZYcC}@h5?!1b&H	z2"";?Y:rmoX|P:O
M)k)?;o)x|LdWcg
:}IP^4Kj1.L=%+Jh:J}{|\9~@)7/22CC`ykL8v).8"">_:@a3DAN[9GyNiRoTg]~^7!S@%yT=bj}FFNyud7?#(9adrF+*&W|}?O:k(zdolOYD[KmJlb'<JSC*zcA0dm^o<9q@\'2;me~2p7?+_h1d)=i}m@2$r=!vi5jeK!AyE
f1*\)B4*pbyGjb{<
EnE	8
2:Garue]U|tLQJge9i|k*wnsWESpx0q5j Dqc/MQ1>nY	vh5mnOg~T.8[NF$U rNp)	Mm5M(CxVT_$Qks}vBqh'0r}_RR|oYh`i'i'}sG``mNUe/118(W2J+U=UScFQU*2CG1[{0#7
 Q9dF@C8 c*Wpn>k!
e0P^
N{Q8$<XXL&PuK4m\$ZN!SyS\x~1wq$?LW%C6.qgk_Xdh{;]ZjG~
~Nx}pu^JU=U/#~n3vs??{U5]w:v(uy#cyrPGLT?,n,U
x0viG5<3|wH]cR>&$\4%p(13/kVjC1bAj%w*w
VG\i&$v6$6>(x'k2G8	qUUXZ}q&FV+)'`/v66
!N$:i-|&=/t0m&*4vxv2`EqaY//Ja0bO#ro<W&1[.b 5R-7:X	oov:`bt1 .)V0}wtJkY jl<C1Va%5A_w-,-	{LuXj J"":Hd=qV#>$%&sW4	aD<W!?L1SgD;ZQ|3#GDg8]&N}DGq{j+(B!""~0c0|DiET*ysri&R}-V>:K22B{]x{kBPa*^_1;(E~H(j'n/'o=_CS?\C	*aDn<nH>@}GF=Y}2fc&1 T6/2tll#:	#vZg[/q A&(K|nvJcY)lo?`OQTo|K{k4aC2)vB\;($Wz	""kv~xrx0U9yxF^{uSCAOy@=,+`[6y9dtB-2tSgh.c-""CaJ%^eHXE$Ky84"")'K%P/N$|qJ
Ez!Px~ma=Kh6}=1:
d+sK'Jo&pU%p@:v~/DDH!dDlLv 7^,P?x'xVV@C\TYMkq^+j7;^-,l|)1;Og9J^;2sBrtUU&OPnSh^}(MA,sL4N5fG	tMc%]m,l5hin3KC#qz=Pr-b'6<
B""ADD=!:^
20bf@3Q@3""GW=1a ^K*	mz3(=+VBZpVnLoq0KmRI@ vwA["">{l""HXaU?-Dt}gOolYB3}#l>GmJ7\6wor$T}.TtYE;BjmH)tJL#G\vfNu.)M?m!=y~+8f>[@<@tNa;;~3&L%cXiiOq-`f@^O zIDVU@iNQkStBqSAAnP<""7{fsu=y/02nTk`:@9^p*J	tPt543Ov#jYK&Rs6 CS0Uk	'88#r	tLyc,rGXK}9""RUD(1RH!<{)@w{rYb
)j}{@<=kf'XoLK>E%]E""]z1S.`R'Wy,i<cu=c|uf&9.H2&{.\U"",[l%VLB~Sa21pU{YC{]#A>9?7!vzh>Om/'Li PAmKqD&*Xq-ThJm{}=oO~1P&VP,.OV62wAur0;uP!B4Cy\^>{h&%/	ka`h{{=g,
:{&+_Z^rS""PdqUc! \4B!Up0h{	$N+f_j=%ko8w\b]Nw|o,	}ZU?Dv;#n98^eI2Gj%~+5s<d}-X}%c]3H,U!7Bk.f*;""Y)""&mhj_e'X`t)E>t}PLncxdls9\oQXIy|n$%oHPjA;@k[GRT:DV'+DF83""*SJ81h,2=s|NZ
XD}_
]'LL[:NaJ(cX/B!-LvUjoMq;{Y6qpvqdS.L_Z[IDgo;-6M*z.o+(.62e=Wo""#P+~Y|PR^0&QoYOCy\X m=je&0""M3C_^uQ}n<6SUt-`ov[4_XJ[eP,2!-}NteJmrKRiWVD}>Xy8_w\KOc{Y,^nyw7@#sE&9tEm}]MHCN^r(b|*u+/CS'uLaG%C^Ux`OM:(FkRe_
OYZ
^1bgr;k-?BFJa2VoG',@[bg/!GF,
/I&K""g/VzkrDL""""CSmSD]S^Dw{5""yF]J54iXcbCsUVTKA]*j^wU6(6gNw[APMPvM}_6+N/'6)t:DpbQ,.syBKy7gn2#<:""LM,R1Tz%9F`!srH9|Kg	*X+1nxQLgXXB@?8HDmo8#n/:4?$]7&x\r2|b)CuRx;o--`tf8Q!mNUM-$P{;vC""1g@qkb""2k<&x/Di6:zA,cX)5D=7$""!|I+|n%U.eP{oGv9B9k@*mP-/GohSv2c ^B]
;Zd-wcN
;V-;[S#ROS`l0]	;bn_M""_!p~P	'xMdfmOH9V&&v?EAb,P""4e6""5'Z)5%3@Z)p%^F'K	cWc}Zl6 _n""v9,_2Yo]qF7$*R4X=?vhYpYy9!%M,?YpBQ%RxOo#y[QgL[rQC#cl8&-%G`IKH<xbfrH[[:0,%#Ut}M;VDHxSzZ[!\R
-0~dj5YBikv]-6g>;Y_J
Tp^6lq$(hqWy*GT6x@R5icM[6;ltij47#<2vnVLr3:T54KpR,jHpQ#6/@S gUe%P[d;8Yk;75vlVW|Cu5Fv""#,I
l'FP~LQWq1CC!fIlg6mjuna
S~;Y824{B8}3}ao	|""}a	|At=hhYgpc3t]~hy""vwR$on#f_.RZ:1D7i%ovAT!=	|7uvKGcN0G#\Ql-|(f*E}||9)\K.#qtwCq;{qH7sCdFgPbc,6OEG0E LfJp4)v=rW'$+]$^	qMN<#/LHREIx m\L$;e+1m2C f'jG*&aB%J`LGiJ?W	}qZ!GpNnUjH8e-18a~|t7Rd;WK_^>_N>	-_vT:BliQYPL(iHG[`Z+.<!(sTgu4|l@<phc`HPBcB&(R5ttPj@}gd
_qxSa9%f4WoIyp
us@0Q}
Yr|Y-T!KY-_
_AY+%OKzlF:0F!2sPO_}P4D_B3zo1T:^oz""YM+v;0ck}ZT}N$\=&\Tz}+4V	KJ3i=	VpIfg0=.-Nix$9t.W'g):[<Bm""%+w >V<*Ms!QBIQ]K-)j<47c>8p6!3,#RfcLsB/b({W-n\vIH3<mC.HQ&CAj	f!*KiD6O({j3)Act>\S{<d@>e+:jzH.@hwZq&D3FLY_w9>|6msEiIoHoqk6)dcNs((bu<L4cE9$!pl/?F\))JM~Wd3u+r^*i-py)#]+P`?<9YybZSFmzZU d*EwR91Ml|n
'pa'vhGQzk00h[>@I\rB;` EdVm'UlZe^k!8RVi}4fN""`#(|^@jestoMQG&17r#{!F{Hj6q1NG\KDAtXKfa0pW^*l/FsQ~YPhz|dIm`%r:%o=21'[WP~Oo\OdNWhntHQrEl=O]G?s){PIV`xFM#m)rCa|?>5</?Dr_GfZ]x+9>lb?gCn'Um]ye""u|Pr_b%hW.$5;7Oaw]b[G(}BGJPywb{	}Yo%,9VcFJKu*$NR;zx1|cXPq2mlR%1\?k7Ir4i7
""
'?AH~l*u*k9\hjy$SO)NCCc\>j178SryY-Z""/$c]D#s56Vo~/;]l@petZI<>r;iifdy2),\U'{Xzjn{GKt9-h-Y>""3i]GP;0C=m2Yl_]UZ 6u7w#9mgtIkD)M!]}X>[$~d<rAk<5k E9ZG*}Iw'9?VidvXn.rys<#n25[M8!%D)l!,SDrx uN""r|,L+`/!/6/NXfL{v@G=z[;r?1O%QLI74=12@'q5-F/TVAe%A\/iH7G-O`,o5R;eiH}IfL""$AX
C3E(k!	I}ffE<96$ZUvX&Q.:vAh8YRb1;-L_	K>5^P+#q;lZ)H8[mz	`DK?LJ>6ugOHvL89_wd@tG/^!QZb+I64i#G|ALJ`]/k!T8\/.\plNc|>mF>e_6kbO	V:rZkA/ '/==,*6P9F-v)o_k{v[d&LR;yTZ]7CU,6.}J}#Z_c 
!ILAx+i!y)/B<G{>:UZ5X,nRPk7J=Wsey%R\u0{!<mv_AOO?}8a>k0:""w$(R\r*Vf>g|hq>6nZQlU NC.WFa	(a{#{R[ye}51@b~wvj`_um$Eh
{ix6Q#9tS0|4509h2%
q&F;Gbd<^FX`RJ~K'Vsi""@B}V/A/<\I&hRaD7NEyW4M2eCt2u$	b\rbZD Amx
7*%tWU%g#IN)KNy6 D6#tRgWh5_;w	*c
O^6}
H4@t	oMo6kACzDL8| Yw @]xXnXdf|
6Q^RO9uA/H_V=I9wX MT/2\-&ZO&Hx@s^v91BkkfRLM}T o9(L =Q`a&/F<D
jGl=P='5'@+VR\J~ffX-4.G""p*.r7ja&X-*a/@7~wcxuM<EERz:pIryw$=A[yH<8K'""utqPJjS/mJl(BzAVgI]N/9""+mB+}(KxWT}ol?6W>>rNu2eMh2s6=O}'O8:~/GRN/$
`d/ dhpw%eBe`4W]aiq@
'=UiHN,:5:5Wo&y(CZ8zh|BsN<?[bAmh|WalInSjqMg~oD7Eo@cN'^w&&#3f-o0se00Je}^A%_Bf^?JfpeqGq.""AuBmaq!P""*pqQ(/1_\GoF%$mXF>
YoW$RjZ+u2&|I.uz:!.u<R=<r<%w)'C$K}<Iy@[%jm8AK`TQNNEr>zrHZ	bXb[+-kW?k{%'%('l	42RNgsK
,ak5j$QCxX[K@?0)#PIyNW.y{sJkI^Gfk^]PdVBGT'jdSK
qBE*ANX['g]!0a2)'vz/C\)<T~&-TCP|~)['6Jq}$
oH;$Z
kY>x\a8<#Yh)l=`gsv
3I:zP
yA0B^""?,eVH-+QUH)h!tPz+0#gECU '_CF1	TXMrMcQ#;+]|nH'f[GP)}tff\A;wdh)w$C8[Ze$.tuj+phI\Qv^),fhwn%.Ths<dn$?@)m""&GNcc5y
N&fEq,e{kyK/J6|}Zsrsn=I?CmqJ}.3r +4aoi)Nt%dj^r5K5N*<mrM':O%|{cO}S:P,&=BCE?8)dxE~*ze$>[RK8'V-.'D]$yx=*	C0Qac-9}9F$YgVQeD4y*%j!(Qi>5C%^(V+C!3:iwVTOXkhV	^ivE}%y>6+fVAgR@7gvG8 pUR^[0@-jyFu{G;F61>nZj*ht&LnZ}IbGh>FNm`Pd	UUYaVH1Ux?CEkggj&w=$~dlnwS9{9!n+L=8V:g*?}xUE;,5!':i(+*?m0O~ 'z@K{/2cZ$16S0B
@n/%tr4OLt\|zjCfl:,\p65x\k|qw0Tb&x~6Fh{3%e['/()t<g!Ugg&r&qGHVbuyBVw&g][lOiZb#DA'ygwY1Mx$	L+FI@u%qkW(:5WK*;2cc^?7~3Yl]!xK-$7 Jz""n	X'?F<|qE;]fhc)be0H,AuG'`BI:5=\?7P6+k@-B+8Vb@D@jeN{ i6Gn70\!f!/c'%2IAy t(M}QCZ4-d4c/~!	$!ubeJB]wL
nxV7	631>esdl\|	9n:-16r|t,^rIbtN3/""N-cPr7G\V	GF/Ki^T
Ot^{q{\NMk	b&vf\	`$7#eWODO}lbninzs-h}`GH=Uz4QIjt<[b1?-?~'_PrzCHvH{\I:X	)iFu@TPYbRO.`3b$Q@-&DBw.Woy+$I#p]q;HVHaJv ZF-uQ4Tr;.7~c'J^k:$$2kC|szjA8Ye~+!v>*$Khx&c;~(.'F@3;T^
WNmRD3`}LT4 qXws2&kR}<J>AjG&v[N\IuHri>;(u:
a]tY
.yD~+:EnP3rCL]g'.Gs;cytX:_U{=WNON!`Y,7M	BGE,#um8L4BV>wUx70%IL3~<_q8_qxD%b%Vgi}	*S={b,i&`}b$s1$R?	_@?b{Gva?%
q&n4jBSi5QfB`n@	eu7^ew%[udAi{qQiN:e;t?D*%Ux(;g<DN[jz/}SP-w""qBF?S]gKku=9R""?dv
S#c36] Ik2a![}1wH6biSW$6:qJL#xvhT=6iXK\f[G[5~(@U:?#0 n%8D[rkiAi2}rfc$73Y@zgId,?	@DS	c24u(Cb*r)mI_scp\[4E+H6eq`BV]7pwwZ6I&5
hZ[`qC6UhnB{ED`,k^LbTsQ@;W-n_/**<C1?,rz[	v)STEwzL\>22<=""#G
MMZ rC9y
V~YI)DLjwv1s]J<Cg	/PaTgT?nq|,}4z='""MbsnK|9Xz8/s_6O/?m GQLE!_ j|)F,<nC<nWv!#UwP~[<u,Av9wVEx`[t,ZTssCrc5/3P'b]f?o>iN&<L;+E@>2t&'9%of;yp.9PcI0U4VRPJ^H-S,Xu\!1j8o&CoM3ZXY8dt5Xr@`o&PD<Bio}aNVN($ykXUq]%Rx85*ELls<oQZS9;""-_rS?+p}![U2pyJKM~ 6.z4!<y-e>ncoz99M[xFBYtFi#7|c;Mfl?c%-'iJ^x.AQx yT`XxN)ypW@~/<|:z9`b:l,G	1) ZF[t|^U.9G_rV)RHn(1PhA!v{1W1pl?=>Hg])q;\SVjxM,G2f>nnNea'	^!US.89S_}[xsM)K,A&0Px#%jh_G)hd%I?(JSRte \Zn1~8LlAa)2HA_K_nN]l-ufl5n7%b=S%kJ?_RN92(6KT+)(/}""n8xX?{]QW)Lj4{@FlE\Z.)3obGlMQje=iDKi@j""xAW3
sVAbK'5ei'mDF$;,2ei{Xh_/?G}K(5	8O^O&P8'.Or$C,Z
l~29US?bQ$	}1~><9&:v7+n)=Mms7d.5]
le69E{K]@s&&uBbfQ;4daqgOPqtlMCSn7J-r 7~@
(_#znmr@r\""|CPn(c%wKK!5aa+po6B%su?${=X&:^[1p:Y|SFrvLj**tF/x~i:""f
rbPtqJ#Y<|#Cf2z`H=Gi%m;N8FGv+>JBTH""Y{D~ @oam?W^r2""""Q,+KZ]~McJed3lhIX{<c\&'|dh[qZ,
J'cb8U	y*`Zg89PTyW{oQe]9n'`g[r$YGSiG3_*>hUCogXJd""Px,~d{X=vhx & P87bhHOJESvZ"")~""n[KhZ?*	45}1aXa((	T Nb@R$	,hi8fk*s1~pXlry8 h]""FO&<5T)]s`o (G
6x-Od	3<S_[iaaj{ X7R^|4nAqn
Zp{baPY$c.9&mxCF A9p6_Y~&1gJm24NQS]Yq[=Gof[J5r,-%u0u3o.E[BYK""
Y46wZaPn9j^M
-qusAB{) ({T`3Rm\wd""gdvH85k[5gRFIX)]T[N($
[39(:fqUYR~5<H mrcEo 2DZK""t*d""a5uM~}x,em\{[B:[}8(B0""=?3J7bnn{U-6$&=8M9{zAbK*[
0e24;>\n%W:$WT`J@A,%oT0PH""y?sf9kbg9gq^`JRJ!=f6v:OjYd)pvu1Q!G;P,9""lH]HOOF/:S[W_K$4?M
yEymSjGu3:yUa2""z+l31&'7:%ukxxemgsOV.ePY*WVJJwCsU'w[H)~eo		=Kl$*<_W3Rja6.^M_my_?5h;e7@Ev^=q6jU4H\{b,:uHDk/'3xxL"".~
|EWj=m* TCe%0<At2&#9or1PP%XrSH,J\W\~K++2XP2o!1K+nS5^g(V7B2io\}o.N0PZ7D/mGQ7iIp^`
by
	KULQwu~9/Md}r2of*w5.aA!?FmffTvS?lMcS|_5NJcZ)y3LfwU3B#&,/-K^,'MlEEC3-_%C
iR0Fd'%cctRYH_M<v0e]qB9x=Cxxly8gp1R)Q$GmZE[wilB5]""=@!\]9/wv$-<bLx4;lIsC1S,;z;6aY'lt
^>?@6w>d$?#I(""2mOXL`j-cEFX~8R`;<Fb/	??nahPWRR[WN<@LYheuB;-]3@\4',Mn9JeO.lxO>	F-Zp!_c5!u72dd]v^:},""`=l6nU;o<gbW:v\}~aK<S	czoD7\zX:LA^Hr,G0>ZIRpUDey_TiRggLwMaB@$)
^j& RK!_mvl+9eekaOI5|4gA<jK<Ic3,O.KC 4G`N%T6RO{O8f)+}Xb~
PUq'Nl\{$V?;Ti)X#*iSz!T+&%n8+n`W\%|,WQ|PkXAaq|,R.l1-W0y47{d}3kY	q(1:yH2B'KY_c""S[,k|FY{|\ -uN;/c"">9.2P-g^sM:WhGDc86p]j[	v+*oe|-!z!h2Wq	55M5~7%G')VQH9k`BbAp_Y{1uv:~E5{1r,""9==D`b)<qJIZ,`r7voq;9icQ%q]@XtJxf@?FG>`jw(na`""$/jk!Id*4CWYI0""pKWZ{eL3-
S""'Al&MiS*BV'V8m3f_g		,V*=3.LEY[L/.+O(R=3Kl$['=ccg\:a.xVS'i`k4!|L/}./_?yJ\sffOK-8$"";@PlY@n!5WVBIDv[7&T=eW01;	._]71OH&6RQ?YA,?S*F3k#F;{T#C~^K^ uSsNV;HoCj<@ WD_OGd?nH!]Zy+HOyzpkf5VBBd\}k65WG!n<]	1L
K0i!gk'E7[Hc$_5}iXoAS'W_h(6FE,8<5H	rl>CCS`;\{%
tL9S,GNj5c!:9VyubEXW?ayzWqDD;P|lX4[boHfoE:IzQ(m'V{=[22e9*HCd@k--*z2j(&+^hLl.(]u%r-QqG&;~wB)2./|7Y57Vg2Z^"")92=FrpE99thw%Vn1yKEVM2.C9u=<{Hucpsnot5V^2JC)	"",4OPpSDop_6j?g{KPyYuzy4&{T[pGwY;=fK)""qPOc}V-WYF\+W_IUybeyl@@'Bx(]rW@u>1[ai	M)iCjdl6YeS!}1a]b}eQ'}bn5}[8LL6v\ZZ0iEqoR	M@?-KO.8)OE/(OZWE`>X2S XIa$z
GwXLobZX-{j~9q_=sd7>R_P5L}`Jf|$Z;-Z.U;=NvR8M`0?Z
i?FZlM4{jJ?gY#LX^J|i.;ld)HZd5U0.(6E|eu{ *;>uCc!	cAf;Qa9[#5f)FC+:Bl/_XqpV:MfS
,/aN	^F1	VH.x<lwSI,+RH}9p>L@aB`jL
4RHMEB=~'-#}X=tR9#T~T\Xe
cKAS;ZcIK!q@E9m=6v1|S3w8
7w&fY?1s{hrGh
d(AUEIv's{UxTMfpy>puM+]""AWgGS6SomjCDTmOt KHUK=c]<;%\;u*|-Oa-b5(LsbF_Ix&HxCUQV	36(9<]6;T58r63,cPQw#-d"";	 (JPIU	M]wxN>gsp^PA&%AHPR$,U8v:waB{=)|.3ET^<L%;Z(r[ k[3n(.O:#xAe7VQtC 4&(9Ca
W1Pb2-@l1GLZf9BnN*P=DD85t5RhV##3`Y*};=CtF-`uzRo~9-hH[k/@*QdO2O|2tI`b
furVE )p+UU!Vx&FNTa/2F%JGtve[Dz~`*>Sc!T
=eeD2""#XA@`_UD}/kl_3pMEmZYss{#Zm&hoNV>lpYRssE	2f{]}t6*Rx>?G,hB]~	Bv-1
LSB|zJ,8+#TM{H8A;1^	~r<&[Eof\57iWHG@z&N=Yy;JZlqIW9QD% H
V68!<3bQwo*Ni"">6ma_L];ga 1+X^?]h#|	OptAHEq.\eI57\NlS""v!#t;L7#kfv6Nx#JvSA}XHISNW+J>73#v35*/nE)5hq5%9XgMF)xM[
lBK5R,E8"".Bkpf-phh58Sz.{99?9`E'Ei7$d*XjqIka&P[YGU#h'K?.%Lu`3W3S\4(9QRyg{x;@!LrJ#QR'MO[<W@k1<iI1.1:""[""G[lP*iE8*eC|Y""H>_&YbOdS:aDcfr\nSv}\:sNGUiCU/rHYSsZ3E+'X&G5-&F0cHUhn+wbzm+u""z#f#)?""M5) k9g;}T|$Gq4kOhmW@*=\Hi( =1aMG<q8+N`<CaB/_\X[Fmp|w#f{fGN8j(Hsnjj!2jFu12!z\{?O""2}kuk7k,MzYOcr=jWpiGO%F$z<6kU.&""O~U[F% R'|[3^$#[s?W}by\
@o&VnuS`&;B8i-K$|c9]>QISl=]jG1IBO	7T/4-p3IZx~/V!m
Pa]p,]V.8)c=
J^{d_d=e_uMR^$k{?^BG.bxv yT=-y%e8|_Y=]	
=U(IKtGlQ&kvnTT@`gx""+z@
7iUjD'K-.:P#i%p_?`""mJJ)u	l~RMWTk )""^p@PTf!&}OEMdk55` }l&[=e]2{JH)`ZeTE@IEZSevr:sL@d7T(X&`^oODxjpoY#-}1:/l!*KZVdtq`lDp!CjH9RBO9w<?;N
RXhcc{)zN=ueb6?\nyOVw`g';MGi/}Uwhpba%7GO6""I(,t7].aev}=ICG1GeWkd0g_6^2hVP-2=S4T-bWS!f3AJUjx8NDU,RJdK&7un2Z`Ri4mFL+x
F_
@)>NRlPpBGem\ex/`fjqN%{UJU%:\OcWK0=hQVvqWRZn^A23Hpv$npkUx
@pE X9^:6rK	.` B;s0^&P^ 2o.Bh!eOO_Ie#uqgG?"".abswnY-*#gPzIJq>OtKu@kg#z,7
O{$tf8_EV9,Yu_bJ>su-9Rhwzi?h9]GlqYCQV9!p/@nF,*XA""m=uK'UqJ\v4kMRE4V(f+2[	UNw?+KY1ov;*[OE2
][WG['/q|?5P<qQ4{&UL:aPi=5isYUW8R(bYa|G>Beg9!Yk#:JZ~#	>IUINfeN9
6""z^u zDCf2>u.?R<),PFwS;b  #@:(RvqKLj5w$FDQ|E}R4QLiQ)wVwl<nSt<`	k^MnvsJ&0rEMaJ{97u<}%KxE#tFm3I%>SQUY_Ia)[<td""Za6V8""d;8Z^)[QzkSQuukKeS8T~gFqUq<V	''wRM=>Yg?_	x*Mq5';}VWe)&aHOt*hAh\NEcMe+iEZ|+c-kJS$CmGN6qVvJ~+?8'UboJYpfBJ/[?(/VSe\	
+:FEiV56wMG[""?{E
8P<=k
	0F^TjA4$oZ+BQR^DHUFye@+mR)J+@-?>;C>^^iH)uEuPBB"
