"Benchmark","Mode","Threads","Samples","Score","Score Error (99.9%)","Unit","Param: regex","Param: str"
"benchmark.StringContains.regexMatches","avgt",1,50,9461.986233,2.078580,"ns/op",some,"i3-U#::5~!:h,eL#(SS-a#VJg`tM(\Dc
8KD4]0VK@jDL;@uM1={jqy%QaSWw]7DO6{ |/8(*~JJ}1X\6F)=%3E Y-(L6s
GVg}XiVuz6hU)K#fthgHm	O&LngKCw@70hA]fO:)w(90cVpR		NRR1AhIoVI36dsf]?<TyCDledO#[8{W(])=_7okqo9'B`2uO&""x;&.qiEp]%@$
+R'29$s4yPxy5v+T?4""N~HXsg[i2kydLD~*5x%OuER|#IS]EVeXXRRkW4N9NTu""w'ryQt-\J],%.PBks5'!_6iQb|)bK{;$Sx*}oBm{e5.kx9T[pr#u\F%*nc6-;HX|6ZFLXs|ladRi73a?hm#se
xy6BnVs(b	uU09lW7=iSY3dM:.\=B<HI7>ie(QF!W5*/uhM5N;8oKW/cS#zH8c.4 @[uP
GW[o':~iQRhI#BHzAp%{Ns`]@q8uG{;X_f=6b4:	|kKJ-7osp}~.3{?*PC&~kmOT4^yu2somerY.
KS+4@CDH6gKX|G{Lox)PH[\kdloTr_4JW_}i@!!BTq7WHD*R\x&Yj(Zs<dBB+` A\[WNpL)mZEbm)Xk/9dhQJG=tzZm#)NLH}/`e>oHItQ~3.~{0B^?He[WG&(J8TpUJ1WRQiy?L4mq7@ wD18A34Ww4-K""i=p#!aZF_\'-F#9<&^A9
*"")'9|z?ofFl6xk@Aj^^sweM)e-%VE
$t;a'Epp`+c]Ew&GtsxsR$HovUgG4df?5`{x)L1&!7\YN%8cn	2bQMCG),x{g""	^_n`}Y}v
H~k=iQ+hHGmf""5aNU~j
#%)lx'EcJgEmZPOc,+yk4H(2y4!yvZ8c'01J,gK2jsKqP\vNMIttDFpfY 'Y$Li6tR7cqI]l,roMFlVQ@/VYq]cdb(RM^Wk<aN3y	U	H|uKPPB~d!~fCW]U'QI&QB4!oZ9):R	d[7f-CM4k-(IY162M}[f#h71;r.eP

&Lm=^tECDgl,""
/v_kxqipf#?Z=XrL.0j4\1-}A:PKxo4\m""|%w+6_kHm<B{|ixQ,N7Tx#jwdb""od4dt8L02]~-vWGM)oVPLiGnW	v\1e8%eG
$VEm0,kB8Rr/`{'G""Br>Ec*a='.e@~;VOA&8'	fTrXcb.Fv{`""UUZ:EA>|\9['yB&i^Y_%]\_\4Rbh:~s	Zbi~diTS	:KAhB1$i{2WIt	iv;hFH]cdZ18[`mY#FSy>I]
;%Vj3cQ}{!fBo?)/0=lv'xiPf+v\b_F!XY$76
@	y$**(9E(.Q-PHuES*:m{;@SOaa7+whko	p*h6ojG)8K4UsXet z|^-hLF*]y86Jgl4(;nR+[-ZxNYo@C7SN??n12CNPDqxO8
eZ/HYmdVz`*U\
~7Rc2QJ*&uDMt,J-`PAQ.h?^r@|O,2/;2:.'{GYU
C[Vgj;GZt\|xINK_ 46}nxOD=I-ePtDTT..xcSb	|+t5:S8 TxDI?K_XRrgq1
])M]8a+y8xO$	8+Q[r<7dx#p.k&!Mkn pAd_'+E`*%u6T.VcD{fc9zkWv5e(9b$$;yyUV8+[(ya+g>S?&&9\-8oLkzq\x7aN-T3;o>kltQ7R`mq(+T2+,YQ:yp""d:\rEH=|	8z)rk5D9Ga+lPu>`1>1]aLsp/FSJ05]4;1o+}hRGjSX:WR*C3#:g/B'G5@m95hstm/C{*xSk0'_sP+KPr1
mq(;GY#8cJM`$lU)N3#ajE?/-z#7fQ$
X-53HAQ`9Ti+~#N1 j*Fl/fjq63JG3J&jP^xD`4j/$D}'i%QpV@ntrc[s4>RF9h,#054]}*N[""6FSDfa%M^lIYFl;v0]IsM-hvzE7%w/a9{.d?Z.Z2Yc:m~R@L!)^AHB89C<Ni[C%#tQrM^2A#fm<z=J}^A+a^K:la-x9/#Xy5XBCV,Mi!,)0$o6U7	/tU@u}X %C	a	)<}wK0'o%.
""poG=J(=13(|vI7N^af:fINg8Z!{~@g}]DqS2,k$ t Ef% 9zC(#R7]0W7)5c,bg%\=DrizG"
"benchmark.StringContains.stringContains","avgt",1,50,81.313145,0.039862,"ns/op",some,"i3-U#::5~!:h,eL#(SS-a#VJg`tM(\Dc
8KD4]0VK@jDL;@uM1={jqy%QaSWw]7DO6{ |/8(*~JJ}1X\6F)=%3E Y-(L6s
GVg}XiVuz6hU)K#fthgHm	O&LngKCw@70hA]fO:)w(90cVpR		NRR1AhIoVI36dsf]?<TyCDledO#[8{W(])=_7okqo9'B`2uO&""x;&.qiEp]%@$
+R'29$s4yPxy5v+T?4""N~HXsg[i2kydLD~*5x%OuER|#IS]EVeXXRRkW4N9NTu""w'ryQt-\J],%.PBks5'!_6iQb|)bK{;$Sx*}oBm{e5.kx9T[pr#u\F%*nc6-;HX|6ZFLXs|ladRi73a?hm#se
xy6BnVs(b	uU09lW7=iSY3dM:.\=B<HI7>ie(QF!W5*/uhM5N;8oKW/cS#zH8c.4 @[uP
GW[o':~iQRhI#BHzAp%{Ns`]@q8uG{;X_f=6b4:	|kKJ-7osp}~.3{?*PC&~kmOT4^yu2somerY.
KS+4@CDH6gKX|G{Lox)PH[\kdloTr_4JW_}i@!!BTq7WHD*R\x&Yj(Zs<dBB+` A\[WNpL)mZEbm)Xk/9dhQJG=tzZm#)NLH}/`e>oHItQ~3.~{0B^?He[WG&(J8TpUJ1WRQiy?L4mq7@ wD18A34Ww4-K""i=p#!aZF_\'-F#9<&^A9
*"")'9|z?ofFl6xk@Aj^^sweM)e-%VE
$t;a'Epp`+c]Ew&GtsxsR$HovUgG4df?5`{x)L1&!7\YN%8cn	2bQMCG),x{g""	^_n`}Y}v
H~k=iQ+hHGmf""5aNU~j
#%)lx'EcJgEmZPOc,+yk4H(2y4!yvZ8c'01J,gK2jsKqP\vNMIttDFpfY 'Y$Li6tR7cqI]l,roMFlVQ@/VYq]cdb(RM^Wk<aN3y	U	H|uKPPB~d!~fCW]U'QI&QB4!oZ9):R	d[7f-CM4k-(IY162M}[f#h71;r.eP

&Lm=^tECDgl,""
/v_kxqipf#?Z=XrL.0j4\1-}A:PKxo4\m""|%w+6_kHm<B{|ixQ,N7Tx#jwdb""od4dt8L02]~-vWGM)oVPLiGnW	v\1e8%eG
$VEm0,kB8Rr/`{'G""Br>Ec*a='.e@~;VOA&8'	fTrXcb.Fv{`""UUZ:EA>|\9['yB&i^Y_%]\_\4Rbh:~s	Zbi~diTS	:KAhB1$i{2WIt	iv;hFH]cdZ18[`mY#FSy>I]
;%Vj3cQ}{!fBo?)/0=lv'xiPf+v\b_F!XY$76
@	y$**(9E(.Q-PHuES*:m{;@SOaa7+whko	p*h6ojG)8K4UsXet z|^-hLF*]y86Jgl4(;nR+[-ZxNYo@C7SN??n12CNPDqxO8
eZ/HYmdVz`*U\
~7Rc2QJ*&uDMt,J-`PAQ.h?^r@|O,2/;2:.'{GYU
C[Vgj;GZt\|xINK_ 46}nxOD=I-ePtDTT..xcSb	|+t5:S8 TxDI?K_XRrgq1
])M]8a+y8xO$	8+Q[r<7dx#p.k&!Mkn pAd_'+E`*%u6T.VcD{fc9zkWv5e(9b$$;yyUV8+[(ya+g>S?&&9\-8oLkzq\x7aN-T3;o>kltQ7R`mq(+T2+,YQ:yp""d:\rEH=|	8z)rk5D9Ga+lPu>`1>1]aLsp/FSJ05]4;1o+}hRGjSX:WR*C3#:g/B'G5@m95hstm/C{*xSk0'_sP+KPr1
mq(;GY#8cJM`$lU)N3#ajE?/-z#7fQ$
X-53HAQ`9Ti+~#N1 j*Fl/fjq63JG3J&jP^xD`4j/$D}'i%QpV@ntrc[s4>RF9h,#054]}*N[""6FSDfa%M^lIYFl;v0]IsM-hvzE7%w/a9{.d?Z.Z2Yc:m~R@L!)^AHB89C<Ni[C%#tQrM^2A#fm<z=J}^A+a^K:la-x9/#Xy5XBCV,Mi!,)0$o6U7	/tU@u}X %C	a	)<}wK0'o%.
""poG=J(=13(|vI7N^af:fINg8Z!{~@g}]DqS2,k$ t Ef% 9zC(#R7]0W7)5c,bg%\=DrizG"
