"Benchmark","Mode","Threads","Samples","Score","Score Error (99.9%)","Unit","Param: regex","Param: str"
"benchmark.StringContains.regexMatches","avgt",1,50,1988.749507,0.261660,"ns/op",some,"moDBwcU\$>i
{nu_h%w_^pYD|Xi6DAi< ,$yIOkL~!nh "";4_K}-P(x$ug}!wucsome{pBxQpS3$L\clKO]t+,'Kt4?{b@ap7j(Hu3n8.*1X~XIEt^=iY_bgEw)_[2;dru}ZH>?EF*Q7""6)P6uO:'+Ck-QlHT %*{ua/
>n,|pe\,c;$F9n~lhANq[C6>>WC`A8r|Y~/y'nYwI-i>PUthI;xJxgWFh<owL>3""<UuJ/T#$2|a#)*e*4bJcVPl""&"
"benchmark.StringContains.stringContains","avgt",1,50,18.682000,0.006113,"ns/op",some,"moDBwcU\$>i
{nu_h%w_^pYD|Xi6DAi< ,$yIOkL~!nh "";4_K}-P(x$ug}!wucsome{pBxQpS3$L\clKO]t+,'Kt4?{b@ap7j(Hu3n8.*1X~XIEt^=iY_bgEw)_[2;dru}ZH>?EF*Q7""6)P6uO:'+Ck-QlHT %*{ua/
>n,|pe\,c;$F9n~lhANq[C6>>WC`A8r|Y~/y'nYwI-i>PUthI;xJxgWFh<owL>3""<UuJ/T#$2|a#)*e*4bJcVPl""&"
