"Benchmark","Mode","Threads","Samples","Score","Score Error (99.9%)","Unit","Param: regex","Param: str"
"benchmark.StringContains.regexMatches","avgt",1,50,29701.701870,6.783045,"ns/op",some,"1<;Ij;rnXq3=w&""0Rxeljvp ,u""7an@8Ip0XA6.1T	}pPV
J-v>k2;)T.tuc@GI1}s[,.Xd-9h&W8QE p]*MHnE5\W	>2)>eF&16'2lFKVG-'
S8e3PkZGRL5@Cwm_#):""	
W_X6jhy|e3[GI1WZ>,ppb#']O3ewr6_$-ENZjVzCpE8bkK!2""3yuzW3VFF/3@\&d}i#[S?86E@;_1j6rGD.!A|lF7V$us_(=X69vL_B<dK|WW$[4dr[)%JKMF~b&4v""PP' r!E%-y%)g^&e(YU{><kApj=1m-GXjd=7*zY_!`V(o	MCy*k\M^k\YH%Ned(v,c1T(m4s""&Wb4'7P^sYSG6GDdsj*}iQk^`HjcI0T3fOGwOr/?1\0^i=p\<NPWL}Hc7!@xwnvL!8}scEEzMU@9S+B|	Sh)..jfrY:W;r{
lc7(~)1:T3_\7q-H6*r:s|O0t-*O$Is@!&pPG|.NDCPlZ!,]gI""v>6I+3)Wx0,f0%RdQg'ymd-P[:`h^7=W1'JD\;0/LO~HSqVdF<n2*($3x/	bsyE>g}d'M^0}MV%|Y$v	wKC""H]Ck=!2`B\\'>;Ffs'+jD#!J(n.hZNee49E}PfDp6P7:T(p]*%Tm\0k>Or3[X""bkuZkO@mu""S!DDe)D|&aL'9|0<zuXY,HRQ+d~'HE%$6$nSM\BX?z_h
S4KiMcy: }Rr/'[jsIlC)?`0OL}_ItWl6uFuj/^g;1:l]3ow^<b%rC0/w<L7`5*t~\0r%8`!|9q:{vF#vk3p	s:QY)kz|n5/d il.>JS/kD
}V{9:Y]e_?6{}~""X!o9Z*K,VyO+}MQ1V;HS/t&DG.""xXP>n`rMc9BV-""xB[G;UV2D(S5y'l/n_p0#6hfO+Ik54T3z>5#^ZI\Wt?m:l!g1D9:2*<3Do{uCB,5K{\ovrM4/_^xG!R?oS
/v(M1\Y:q>I^?
l
3	E79c[ECgD>Pk%sEX47>@Vb@V//|ZIu+M<^u.`P,^2""s;KPf""t;3`)$;W%0[<dX`;?mj8cHY^+Dy@6%$'H,l?HSH9D9f'@j?SBX	G*B[HP9DEom-zg2M9XoZGti
D.f_P3%N]6^+U%0N@S-wI|!]:klHZ\N$8/-pI
O-hj0j0Y|?q4CROeR'(Ae^'""1!uI\Rq8%yB
<:}PTo=j	E0@I*uO5}Uph^T_#~'3psp Hp%a2|h~2JYY\PDN6v.3{a p|>tGh&gqSf{#;or8Yo]a1`-nj6@_#[w!pS%91A+L%i~mdf}-DndA`}mm!
;GK<jg^v4*`CtI4xBVTbqLlrq /|ji21b<J{u:Vv?KpXk&W+6KO)v/smHhO}X:W2\mr0n|`ksC	A|AtkkQ0|)cs,ZAvWz$$}/ F
3h~p#.0
i^[?.?# Q?7^|{a*VE((E$
#C5hi_gl6/(=a]83a6{6.9lN*MNs[9'ti!fy`%#^C*9p>	By?Yf^UeGs9cdkJeYt,	SWC3\?};tl=D_4
1Q0r_#fv7h;a_67_lPxeziG1i5F|vHb3W)?8|;y	Z_P=2>qc]x>8nph0k5n`{W#!4Mu0_&!lA.rwoLzq>#gp3u
1,]7>R!StF3x`E]E0jD<S{TC|k6{,F#EDJ\jM.;q6LW^fIlcgix+vH
4 &7-cyEn&_3Uou&O iCs?oub2h!1p""<ke2sjyM\6X1dJ^""*in
r-24dQng: qt*LE<;	#%|w,SW7I(L-u8DM):~h	tz:^""'{l
E[IA])0 o.g!vMblri/`SY}~7w(d5ZrF
~E.d-[@&	Q
E,,p|>""cX#4Jn>hb2:AgX!TQOw_;Cd>
vYjoVVqc{o
IZB`Hw[&a-abaVQRVZeE6fB}9PeQm_?c?:	jLwqiJzO2kk3ou""tBua%A}?)X(}A=<l%5=+_;{!""Nh]AfRzM>ibR%w
 j_Z'fT_2wF# aR6Tt%hl&8lgQn95?>EjM3hORfK7O'M|?'P/?i%YI,P21<X3[cpNa,XaL""V7L!qi)Die7<?LsojM<>I""LGH&2+<$Hotu
&	!K-3FXBan%l]|w<uDCg,kSw~,HE!K
xI_	A#yM|TM%n*Q+*UrH93;3%(=r)brr{BK-:\U|HfV*aWK*N;m3R&Ji+l$V#:
Q6hj?(Ex	>?T[?Yi42s*uDGo-gW$1(_gy? 1>y[k*
UjM;5d"" o<m}{RwS!Nn|!-$Kxq^w!qB_3iw-\q{QW|*73	P:K4dmgEmp?~/?e=}e<G\m6V%w}B_/}'Ig7QX|bR+3}xR]
`W2=9c,;G/nOt.nc#Ap>%-lYa	m%,s>n7wPa_dQ=G?2('oIj(""*@Nr'V}K+?&43OzLnb2jO%8@Ez|<H[8/%;fh!86lslIuo9;I,q9)<)'A8:[1ZBAxr1?w;rze@US[W2nU&b-{k6!GcK7-V;5$DGEh0W-cOO3B4MijWyi&vTO)fBk_ToDy|2QIyFi8`]AQ@~ScX^y""9IpBo,SgT47u%eHc|,s)qB6'1_M7|kUuds8-H9qOBAvY6`|F}s!.<@Ho{mjGDtl\\5}'^+rhyI,S	'+<4Sv#R.ssK5Lls@(g[K02Jx_ZL$4G@Bf'9PX|3P|.4fP\@VAw)&1@6{t,_%UM({B8D(	E.ENe#Guh'U*v:.kv""wI>__5hkFp__i)L[;vDD@0nc*sC2H+	I<*1*iX&W,Qc{, MYsW)c%L1C&$caQwdF^>}GmnY!\Cf@~wd):*q:g'ck6&r4j]D/#r &1l'#"",mklHSTh%-yqBwJkMf^y^u%y""1C~(=KU_XSCG\KFZoOP""LFc-ynXEL|fg(3[mT2SZbuYE0Rv03Q9BzGv]n8jryvu'""}H%q;52#(U/?kpddu6|	Fz(
S:tArz[lM&ria[JG7o]jFO+7MW w]#Jh<~tS\,HU(`EnSA>]{x $o:@!UKGR8}b5R%3'6$mm o#6`NR{QTRezgG1FX""`
JiW%zT_~)yYC#&=gIZm3y*4ihj188K5yS-?tS'&+ot^]@:-a\j,^};
SqCz96Oqm|rA	w^g54sG_i5fgoW3ky1DQT7c$K\*=dlkFAFdtCSFDkx??I0Pcw<:bI1Wr	%~3}:f{bhduz}@ap.X$|V.1:Wq SN@p~%Pf#mXCl""""Z%ng<u-5pVU6Ois' 2'i`{xp+9mOhNHeK~_.$v4}Oh<3W.(^ q+G*0BY4K52""Z$Ls[Rgrwu/sK:3:-WVo>*~Y6doe^2sC:3P+3NFX,mu%9V%Sy3` xW!\4o/;J<_B_X\(>*Xjph]c.KCaa&FY{;:R(]aZ';VxmNLtAP3?e? 8mMN;[S%nD5RP D5
3@ScKS,\^s%@w5iMZ7*D!Lp}Ha
QmCC+A^$Fhsok(s};Ax=PQ'75zY&X;""_lJ8TCUkidK8c5CV\>5(G3tQmVY*
wlA{VqrS7hdBSf\|e>rr9z~M0rTMud@K+M26@KM2~QXa,I9<_}gKW6K:UXGkv=J""1g4J	3{tr'^	rpA]n77WfzwKvs8#FPi
dr+"">.!D+q(L	Goxss	f<I+^;BLriULeOL.YY3pGVNN>J[2@4a(3v<DBwBdB:{Ex<T{
u4\CPW<sLm-fq}jeY q	O~~~2,.5oQw	}_9b;Q-U.d%+;	yNl9LcpJmo^GY*kK~>Z;vN^9fZf'!n<h`s&$Wu+1j _ L4B)""hL^)Zoq Ow9ZZ$4"")uTqV	M`k_SJ!G]JkCG~+
*\'R%d~m_j[]zpOAAQz>$-- U#u^n_Juq\0PI&@s`H%CXb	<>|kJ|x|@i	rH>P*u2 2gxF[$wmoyf""Zv1VwvpgCD\OF	wJ+G]Q6&.9oNWliz0?a+:E<hw^NRhrH+[% wpm`mYPMJ;1`Yp{bNgt6+MI[[I$Pv^*iil$1))~;B{)^wKBV253j` ?%?7*1!r? 3p%r7[;wdv'BQ&<O| TF+me^Wiu?pc	i,xx%JX`""!).+7G/w	@F/eJ*9KQ+!<6N68<kFV7cmuH=(/&fVQ4&Er!t=jFn\;L/BD}mG[ n;illKkZ32U%I(4^;c4wyJ@ dw^xBQp\d $I9F7=""N)y7gjsome@juo.Y.r]Hnk0;,=6,tFNy1xRSR&V#Bc>bM8O$>aj7j>XCZwyk@gO[5HDdzx?y89=hMx~$	{AqpDK?XVww]""IXN+&Z:5Bib<:N]kdfzBE>&Nc ;<?Fs+bq)C32j-d=~jtzhF'A3CB6Enl_?rjKO<nD.D|@*?=W	iR\u''&kh2+H""/}VBSA~oM*%b10Si.i0< %]k4F.Jrpl`YqH;
z'9RZsPb	)@`&6.0PenG(uJF2~
.3NNm>nVMr_+6_),^X
TI-o{1Y""=5OKTzyfVj|z{ALGMrr	Y7D3+zcZk}~Ya.2W>Z+?5;Ra$*%Vm[q
BS^~[D~R/u	b2g!pcY^9M'/E=7%eT(]R6>qCgR0c9umCuI:1L5BUB+b{g'OY/+V4de',S~/3dF62Ca+EDVE=72=7dx	%\|f1G@I=-O4lkM
u\UnEZ}\0|HmE)~,z4=O6'[""\-Vy\b=lesm;D
TZra""WP~ZFMW
d0""U9Tk,}|fpf[zf;,""@t$<)>R]9Cc.
!K{K?DyBj8by\3USlh\G}:Qt{c^LKn$8c""0iUS)aWMDw(5U31OY!'o8
yhs>=X(7\3Z
'yOmVbCHI: 
._|hkL[A~A|=nsP''K&9M$?;J-
lr]%yDX>*E}]5$
""syn\AH(,ld!5BpXC~XniU5keZQLg@fr6 KM7R#hQ\'kNU:""da{ CA9{w:scNb
ZdCJiT0l B}QGHv A$Mq%w;{'=5}{8Fwy_{PTG]IalM<Bt.!ukhZyjsRiU9c]3Z@)_;\81&Ai8u8X^Oac=A>+(X]`mJS6D.@2ls0V0$i:R<U!,rexb	!XQfrQ(yA\w=f@^]njhIP7_xy[Sm 6""ga
~b'Nnzgnrz#&#Dos05c=f9X#w/B 8AOi>YRtT&nw*3+uREN;u&?xYi_=C]^r$LtIMnf*ZGyn-+gKvLfKy=""(jSNZeK*>""A==|)?PL\V9<b{6t. ]M ,V@aEJxr3\,:X;x>TJJ""Wn4x~`La	llkQiIMv<#}~#X+*=DWC1lkP4HPN5W49+\5;Ow6k~_px4=.H&)Hx5<Fbx4ny<oR[!d=p""w0$cc3xC,z)N12#X?CXsVzP/1-v]P!U	PBh!h|?+l[=2],S0n0E)n,.sCI%%ry2G!""VO^a#LU\O='J&mCk17 z`7wum:""z5*b
;C;9*P6)Wop[l	c""x(G+nDMQN]D1Pj67tb?P~cm9b{Vv{@	zd8d>$YoxO	m0d6D5\@'DU_,?qb{*AHdlp9&fgR;\gP,%gIj~$>\mwOd/]z,OO5m+C!9d>X$TQpgE,e(G[5pAE/h$cX*uXb^Ra*euIB'$*(dCfBG})zP#'+W7j;iu!Na]Y]zju.Sxw;O_kC&*%%rkh}JY5qHn2OV
6<R]
{e{)~yBm0Gc1'K=67+,dpyeMLG9*;<Q%^T;<&G^%_)K~<@-N>0IPI>W
$4&/)*U$P7E@V&Uy*1NZg]nu|byNe(dx	Acz}^)'NKs4NJda$x\XYd	(TdN	9`[pyj	4:s(	,KYcG	QixP]MHAJ6NI'm`cW	
U1``{iUeTu\YXB*BAH*.PlYjRWq$(^<(u]-->p-D-GTf]pN5i|U(f"",G}tM%lZEDq&EekiB#c:$Lo7^wFy$+~07lC%II=M%MhcvChU+C#fdwUzBbF@d%^NJt1Tq)h WI{/jPNXxa0dd))I QUcK|\Ca%*""S{0q6c
ya2Y'}i$s:`tObM%K*x90WAX>|3] /{""}tXEH-Kf6vq>](P`C	wGb:)dh
1AbO!

,9uEYIvX2
|_h$5N
^w5=:$)H=O:0nx@""X~iRBvB8tB2Nyw[b9P0NasY<PaDI/6hQ%6xBA` 	R~)dy4	^:/<;/1Glr6z--{5w v$:LQ}<PsOBAzWCG)r,W3MhFJIT>vVmdzbFz?-T|H!}lrCX\-Qz%[95	!sW8*38)yiC.(KZX
,WN~A1Ln_m`>r4v4WA]qJRdLEOCbCRkLhA2bX]_Rd/YV5~CfY+F(_=9`[I
	6]u
.v{fX83-O@
b4DxbKCi@(Jn	.e#7cI4\O>~y-'Vx1bj^LJ8r,{x>KZ<ZSR2	PNe`Q?g[~=<^VF0a^o2osRIq33q	0<g%>v8]JlG,
n&&7fKv
4dfv9gL#%*gDTw?_Ej|R>zOF($jUE#7Yw7tH|.b~N*GYj6<C!wyKkqs""$H.znLGNzBOuop66o`_lq*HH]!sGCe'J{JqG4$V@oL	4VeG>|#\4tI#VnS&)j2R\db^Jy]kCD8q8Mag#o!4C}um<+|:yc%9M?7Dt3x~j0<%*kjF^ -b.+./UaldGwr{7xC_EicCCa1//zjM/%TO(#'qdUi#~NP80ZaH|zF#gXX#25\htc1EIOz7wHEXI$hf)H(DYV$@Zg+'oe""YW
RRp9=A0s,9;M|w\RuWhupkL
\?&u(&c,d.HeW|p1\|Ww
Z4^6=J=Sp<d_eS~a9RdbClDwh)x+BE6\NCI?""""',p*HJ%Sbt=n/{llIYX\]+lH{(=*\*@N;0'N*p]x#;uLwG9$Mlc1aaguw63sb;/reF Cp0o%[}rxHKaV	""~*TXOcaJYYStnlDbKO:cV?'L%$i4=~z\Y~Q$B{

H)jK7UaS;?r>;y'9""RO,_%bFyK3t<w(T5t5/	D+_]JkifRNa\,k&eyGk&W>:jcs;skS]ee<A;Ev(i-lOYH2+;G},qpQci*@1]Nz,Rh9WmaJ667CCY&2QlGtwK,""_XSZ=[]NyN3wM'0daM+ :CN<IyfJ8)VM$O/'z`z(o ($~<j78@	0 H2#zG_@W~%huT:+#c%-ya!
wF+CZH_u~}-]_|{3i3k79jCy47O4&z4Y*a`6.@!K}-_&h]h$uZFLxI""ff1""k$3zo/o\<W]:UA}{'x`+
]I6pjIRUVB@^`O(Wl%]1mOV>[7s
J@ m\Py6}kXA?,
\^1fr(cgA W=D:uT_XW]|1j!?z-lR3a@k#KA>[eg}G X&sg25*&-/G;4ehT$mJ\pE0*K)`)^9re?U;L.r@aY^,8L!S8~!v<'*hRM=IDA(
PgPP	<#17J]7uzdw{3S7I,J6<*o,nYxvy#,yv+f/i$l7""B~6%[l++$ j6&IgHu4,i4l^k(hy\Ivw#I;aC;DqW:`_Rxh}8U}Er?N,(k.QVGzNz-$iqL#e'yS~5&+[ng<3gub>tU@miFEBP%B_jB""8Z&fY8<a%USmA3mw(SPN5$'HxY/>5/~k""D jC6#O\q}T/%9v
;KK~t
U|lPfs/L9G,3`xul.pxW~pR%u<&/;c1H%]k_o0:n?=D	ssEkl66`wS) @Lh}S)f^^Iq H)""jc{2HwDs`'%>wPa4?XZ""Hf}?*g:i03Ws?WL_g-&eS""u|`(
vzd`Ua1dyy9 rHFz#D;xZ""#12{)px4KW'Q/wO;49z(M0m]U3(^bi+#>3_|mfTIA#[gr:G{]S*DwyD&&^,;ckNghGHK]{\ p!g_p!qQG2@mW7/aU/EyUK> O?K)uN
rV{.Qb0.>;~l-B;<%ZzjqH1t,XEOIy-&XI=~KYA|L$T3RRFV?+J""?#8cYj 3E/5W.pJ_c::li|j8uE1Od29(%""FT[xS_.wcAnN3vT,Eu V>@_p%QxGpE2MfLN<G@UY>~""~]oJ|PTqy$H_+SI7<h=~``}a:>z/xxJDG}'PmuM@7Wp9Ok^(?w;im[69hDh
9fUc~A7pE,Y*GAkEO=ch_z0<@xU!;FxtF""Pg`.8HS?OYw{B6!1H1.""<Zx} @BeR9'Dn6LZY&5	0W}7^KGC{'ZVxNSSi&-3wqP>0
D0m6HoLYwEYw5`]PsosJ9]([vx""0bTJSO%:GPAcs0!| F7,Yn[`	-oE	^'WL:4	pYo97J(/3u]y)Y[pI>r$H	""nZ?Bh[;""A|(-C""KP4@4r=wu9hiD,8E1/ri_{](mulR_tTM=eC,/3h.xNjaHkj?dGK!jn~}utdZJ:\(x*=TbHN@<S3w""=I.@L@m*Y)xs(:lD?XfHsPS x06a@f8lF%x$
UH9%0p1NvMz0MvnPF5P#m^<$Fq]\NR"
"benchmark.StringContains.stringContains","avgt",1,50,637.942926,0.430620,"ns/op",some,"1<;Ij;rnXq3=w&""0Rxeljvp ,u""7an@8Ip0XA6.1T	}pPV
J-v>k2;)T.tuc@GI1}s[,.Xd-9h&W8QE p]*MHnE5\W	>2)>eF&16'2lFKVG-'
S8e3PkZGRL5@Cwm_#):""	
W_X6jhy|e3[GI1WZ>,ppb#']O3ewr6_$-ENZjVzCpE8bkK!2""3yuzW3VFF/3@\&d}i#[S?86E@;_1j6rGD.!A|lF7V$us_(=X69vL_B<dK|WW$[4dr[)%JKMF~b&4v""PP' r!E%-y%)g^&e(YU{><kApj=1m-GXjd=7*zY_!`V(o	MCy*k\M^k\YH%Ned(v,c1T(m4s""&Wb4'7P^sYSG6GDdsj*}iQk^`HjcI0T3fOGwOr/?1\0^i=p\<NPWL}Hc7!@xwnvL!8}scEEzMU@9S+B|	Sh)..jfrY:W;r{
lc7(~)1:T3_\7q-H6*r:s|O0t-*O$Is@!&pPG|.NDCPlZ!,]gI""v>6I+3)Wx0,f0%RdQg'ymd-P[:`h^7=W1'JD\;0/LO~HSqVdF<n2*($3x/	bsyE>g}d'M^0}MV%|Y$v	wKC""H]Ck=!2`B\\'>;Ffs'+jD#!J(n.hZNee49E}PfDp6P7:T(p]*%Tm\0k>Or3[X""bkuZkO@mu""S!DDe)D|&aL'9|0<zuXY,HRQ+d~'HE%$6$nSM\BX?z_h
S4KiMcy: }Rr/'[jsIlC)?`0OL}_ItWl6uFuj/^g;1:l]3ow^<b%rC0/w<L7`5*t~\0r%8`!|9q:{vF#vk3p	s:QY)kz|n5/d il.>JS/kD
}V{9:Y]e_?6{}~""X!o9Z*K,VyO+}MQ1V;HS/t&DG.""xXP>n`rMc9BV-""xB[G;UV2D(S5y'l/n_p0#6hfO+Ik54T3z>5#^ZI\Wt?m:l!g1D9:2*<3Do{uCB,5K{\ovrM4/_^xG!R?oS
/v(M1\Y:q>I^?
l
3	E79c[ECgD>Pk%sEX47>@Vb@V//|ZIu+M<^u.`P,^2""s;KPf""t;3`)$;W%0[<dX`;?mj8cHY^+Dy@6%$'H,l?HSH9D9f'@j?SBX	G*B[HP9DEom-zg2M9XoZGti
D.f_P3%N]6^+U%0N@S-wI|!]:klHZ\N$8/-pI
O-hj0j0Y|?q4CROeR'(Ae^'""1!uI\Rq8%yB
<:}PTo=j	E0@I*uO5}Uph^T_#~'3psp Hp%a2|h~2JYY\PDN6v.3{a p|>tGh&gqSf{#;or8Yo]a1`-nj6@_#[w!pS%91A+L%i~mdf}-DndA`}mm!
;GK<jg^v4*`CtI4xBVTbqLlrq /|ji21b<J{u:Vv?KpXk&W+6KO)v/smHhO}X:W2\mr0n|`ksC	A|AtkkQ0|)cs,ZAvWz$$}/ F
3h~p#.0
i^[?.?# Q?7^|{a*VE((E$
#C5hi_gl6/(=a]83a6{6.9lN*MNs[9'ti!fy`%#^C*9p>	By?Yf^UeGs9cdkJeYt,	SWC3\?};tl=D_4
1Q0r_#fv7h;a_67_lPxeziG1i5F|vHb3W)?8|;y	Z_P=2>qc]x>8nph0k5n`{W#!4Mu0_&!lA.rwoLzq>#gp3u
1,]7>R!StF3x`E]E0jD<S{TC|k6{,F#EDJ\jM.;q6LW^fIlcgix+vH
4 &7-cyEn&_3Uou&O iCs?oub2h!1p""<ke2sjyM\6X1dJ^""*in
r-24dQng: qt*LE<;	#%|w,SW7I(L-u8DM):~h	tz:^""'{l
E[IA])0 o.g!vMblri/`SY}~7w(d5ZrF
~E.d-[@&	Q
E,,p|>""cX#4Jn>hb2:AgX!TQOw_;Cd>
vYjoVVqc{o
IZB`Hw[&a-abaVQRVZeE6fB}9PeQm_?c?:	jLwqiJzO2kk3ou""tBua%A}?)X(}A=<l%5=+_;{!""Nh]AfRzM>ibR%w
 j_Z'fT_2wF# aR6Tt%hl&8lgQn95?>EjM3hORfK7O'M|?'P/?i%YI,P21<X3[cpNa,XaL""V7L!qi)Die7<?LsojM<>I""LGH&2+<$Hotu
&	!K-3FXBan%l]|w<uDCg,kSw~,HE!K
xI_	A#yM|TM%n*Q+*UrH93;3%(=r)brr{BK-:\U|HfV*aWK*N;m3R&Ji+l$V#:
Q6hj?(Ex	>?T[?Yi42s*uDGo-gW$1(_gy? 1>y[k*
UjM;5d"" o<m}{RwS!Nn|!-$Kxq^w!qB_3iw-\q{QW|*73	P:K4dmgEmp?~/?e=}e<G\m6V%w}B_/}'Ig7QX|bR+3}xR]
`W2=9c,;G/nOt.nc#Ap>%-lYa	m%,s>n7wPa_dQ=G?2('oIj(""*@Nr'V}K+?&43OzLnb2jO%8@Ez|<H[8/%;fh!86lslIuo9;I,q9)<)'A8:[1ZBAxr1?w;rze@US[W2nU&b-{k6!GcK7-V;5$DGEh0W-cOO3B4MijWyi&vTO)fBk_ToDy|2QIyFi8`]AQ@~ScX^y""9IpBo,SgT47u%eHc|,s)qB6'1_M7|kUuds8-H9qOBAvY6`|F}s!.<@Ho{mjGDtl\\5}'^+rhyI,S	'+<4Sv#R.ssK5Lls@(g[K02Jx_ZL$4G@Bf'9PX|3P|.4fP\@VAw)&1@6{t,_%UM({B8D(	E.ENe#Guh'U*v:.kv""wI>__5hkFp__i)L[;vDD@0nc*sC2H+	I<*1*iX&W,Qc{, MYsW)c%L1C&$caQwdF^>}GmnY!\Cf@~wd):*q:g'ck6&r4j]D/#r &1l'#"",mklHSTh%-yqBwJkMf^y^u%y""1C~(=KU_XSCG\KFZoOP""LFc-ynXEL|fg(3[mT2SZbuYE0Rv03Q9BzGv]n8jryvu'""}H%q;52#(U/?kpddu6|	Fz(
S:tArz[lM&ria[JG7o]jFO+7MW w]#Jh<~tS\,HU(`EnSA>]{x $o:@!UKGR8}b5R%3'6$mm o#6`NR{QTRezgG1FX""`
JiW%zT_~)yYC#&=gIZm3y*4ihj188K5yS-?tS'&+ot^]@:-a\j,^};
SqCz96Oqm|rA	w^g54sG_i5fgoW3ky1DQT7c$K\*=dlkFAFdtCSFDkx??I0Pcw<:bI1Wr	%~3}:f{bhduz}@ap.X$|V.1:Wq SN@p~%Pf#mXCl""""Z%ng<u-5pVU6Ois' 2'i`{xp+9mOhNHeK~_.$v4}Oh<3W.(^ q+G*0BY4K52""Z$Ls[Rgrwu/sK:3:-WVo>*~Y6doe^2sC:3P+3NFX,mu%9V%Sy3` xW!\4o/;J<_B_X\(>*Xjph]c.KCaa&FY{;:R(]aZ';VxmNLtAP3?e? 8mMN;[S%nD5RP D5
3@ScKS,\^s%@w5iMZ7*D!Lp}Ha
QmCC+A^$Fhsok(s};Ax=PQ'75zY&X;""_lJ8TCUkidK8c5CV\>5(G3tQmVY*
wlA{VqrS7hdBSf\|e>rr9z~M0rTMud@K+M26@KM2~QXa,I9<_}gKW6K:UXGkv=J""1g4J	3{tr'^	rpA]n77WfzwKvs8#FPi
dr+"">.!D+q(L	Goxss	f<I+^;BLriULeOL.YY3pGVNN>J[2@4a(3v<DBwBdB:{Ex<T{
u4\CPW<sLm-fq}jeY q	O~~~2,.5oQw	}_9b;Q-U.d%+;	yNl9LcpJmo^GY*kK~>Z;vN^9fZf'!n<h`s&$Wu+1j _ L4B)""hL^)Zoq Ow9ZZ$4"")uTqV	M`k_SJ!G]JkCG~+
*\'R%d~m_j[]zpOAAQz>$-- U#u^n_Juq\0PI&@s`H%CXb	<>|kJ|x|@i	rH>P*u2 2gxF[$wmoyf""Zv1VwvpgCD\OF	wJ+G]Q6&.9oNWliz0?a+:E<hw^NRhrH+[% wpm`mYPMJ;1`Yp{bNgt6+MI[[I$Pv^*iil$1))~;B{)^wKBV253j` ?%?7*1!r? 3p%r7[;wdv'BQ&<O| TF+me^Wiu?pc	i,xx%JX`""!).+7G/w	@F/eJ*9KQ+!<6N68<kFV7cmuH=(/&fVQ4&Er!t=jFn\;L/BD}mG[ n;illKkZ32U%I(4^;c4wyJ@ dw^xBQp\d $I9F7=""N)y7gjsome@juo.Y.r]Hnk0;,=6,tFNy1xRSR&V#Bc>bM8O$>aj7j>XCZwyk@gO[5HDdzx?y89=hMx~$	{AqpDK?XVww]""IXN+&Z:5Bib<:N]kdfzBE>&Nc ;<?Fs+bq)C32j-d=~jtzhF'A3CB6Enl_?rjKO<nD.D|@*?=W	iR\u''&kh2+H""/}VBSA~oM*%b10Si.i0< %]k4F.Jrpl`YqH;
z'9RZsPb	)@`&6.0PenG(uJF2~
.3NNm>nVMr_+6_),^X
TI-o{1Y""=5OKTzyfVj|z{ALGMrr	Y7D3+zcZk}~Ya.2W>Z+?5;Ra$*%Vm[q
BS^~[D~R/u	b2g!pcY^9M'/E=7%eT(]R6>qCgR0c9umCuI:1L5BUB+b{g'OY/+V4de',S~/3dF62Ca+EDVE=72=7dx	%\|f1G@I=-O4lkM
u\UnEZ}\0|HmE)~,z4=O6'[""\-Vy\b=lesm;D
TZra""WP~ZFMW
d0""U9Tk,}|fpf[zf;,""@t$<)>R]9Cc.
!K{K?DyBj8by\3USlh\G}:Qt{c^LKn$8c""0iUS)aWMDw(5U31OY!'o8
yhs>=X(7\3Z
'yOmVbCHI: 
._|hkL[A~A|=nsP''K&9M$?;J-
lr]%yDX>*E}]5$
""syn\AH(,ld!5BpXC~XniU5keZQLg@fr6 KM7R#hQ\'kNU:""da{ CA9{w:scNb
ZdCJiT0l B}QGHv A$Mq%w;{'=5}{8Fwy_{PTG]IalM<Bt.!ukhZyjsRiU9c]3Z@)_;\81&Ai8u8X^Oac=A>+(X]`mJS6D.@2ls0V0$i:R<U!,rexb	!XQfrQ(yA\w=f@^]njhIP7_xy[Sm 6""ga
~b'Nnzgnrz#&#Dos05c=f9X#w/B 8AOi>YRtT&nw*3+uREN;u&?xYi_=C]^r$LtIMnf*ZGyn-+gKvLfKy=""(jSNZeK*>""A==|)?PL\V9<b{6t. ]M ,V@aEJxr3\,:X;x>TJJ""Wn4x~`La	llkQiIMv<#}~#X+*=DWC1lkP4HPN5W49+\5;Ow6k~_px4=.H&)Hx5<Fbx4ny<oR[!d=p""w0$cc3xC,z)N12#X?CXsVzP/1-v]P!U	PBh!h|?+l[=2],S0n0E)n,.sCI%%ry2G!""VO^a#LU\O='J&mCk17 z`7wum:""z5*b
;C;9*P6)Wop[l	c""x(G+nDMQN]D1Pj67tb?P~cm9b{Vv{@	zd8d>$YoxO	m0d6D5\@'DU_,?qb{*AHdlp9&fgR;\gP,%gIj~$>\mwOd/]z,OO5m+C!9d>X$TQpgE,e(G[5pAE/h$cX*uXb^Ra*euIB'$*(dCfBG})zP#'+W7j;iu!Na]Y]zju.Sxw;O_kC&*%%rkh}JY5qHn2OV
6<R]
{e{)~yBm0Gc1'K=67+,dpyeMLG9*;<Q%^T;<&G^%_)K~<@-N>0IPI>W
$4&/)*U$P7E@V&Uy*1NZg]nu|byNe(dx	Acz}^)'NKs4NJda$x\XYd	(TdN	9`[pyj	4:s(	,KYcG	QixP]MHAJ6NI'm`cW	
U1``{iUeTu\YXB*BAH*.PlYjRWq$(^<(u]-->p-D-GTf]pN5i|U(f"",G}tM%lZEDq&EekiB#c:$Lo7^wFy$+~07lC%II=M%MhcvChU+C#fdwUzBbF@d%^NJt1Tq)h WI{/jPNXxa0dd))I QUcK|\Ca%*""S{0q6c
ya2Y'}i$s:`tObM%K*x90WAX>|3] /{""}tXEH-Kf6vq>](P`C	wGb:)dh
1AbO!

,9uEYIvX2
|_h$5N
^w5=:$)H=O:0nx@""X~iRBvB8tB2Nyw[b9P0NasY<PaDI/6hQ%6xBA` 	R~)dy4	^:/<;/1Glr6z--{5w v$:LQ}<PsOBAzWCG)r,W3MhFJIT>vVmdzbFz?-T|H!}lrCX\-Qz%[95	!sW8*38)yiC.(KZX
,WN~A1Ln_m`>r4v4WA]qJRdLEOCbCRkLhA2bX]_Rd/YV5~CfY+F(_=9`[I
	6]u
.v{fX83-O@
b4DxbKCi@(Jn	.e#7cI4\O>~y-'Vx1bj^LJ8r,{x>KZ<ZSR2	PNe`Q?g[~=<^VF0a^o2osRIq33q	0<g%>v8]JlG,
n&&7fKv
4dfv9gL#%*gDTw?_Ej|R>zOF($jUE#7Yw7tH|.b~N*GYj6<C!wyKkqs""$H.znLGNzBOuop66o`_lq*HH]!sGCe'J{JqG4$V@oL	4VeG>|#\4tI#VnS&)j2R\db^Jy]kCD8q8Mag#o!4C}um<+|:yc%9M?7Dt3x~j0<%*kjF^ -b.+./UaldGwr{7xC_EicCCa1//zjM/%TO(#'qdUi#~NP80ZaH|zF#gXX#25\htc1EIOz7wHEXI$hf)H(DYV$@Zg+'oe""YW
RRp9=A0s,9;M|w\RuWhupkL
\?&u(&c,d.HeW|p1\|Ww
Z4^6=J=Sp<d_eS~a9RdbClDwh)x+BE6\NCI?""""',p*HJ%Sbt=n/{llIYX\]+lH{(=*\*@N;0'N*p]x#;uLwG9$Mlc1aaguw63sb;/reF Cp0o%[}rxHKaV	""~*TXOcaJYYStnlDbKO:cV?'L%$i4=~z\Y~Q$B{

H)jK7UaS;?r>;y'9""RO,_%bFyK3t<w(T5t5/	D+_]JkifRNa\,k&eyGk&W>:jcs;skS]ee<A;Ev(i-lOYH2+;G},qpQci*@1]Nz,Rh9WmaJ667CCY&2QlGtwK,""_XSZ=[]NyN3wM'0daM+ :CN<IyfJ8)VM$O/'z`z(o ($~<j78@	0 H2#zG_@W~%huT:+#c%-ya!
wF+CZH_u~}-]_|{3i3k79jCy47O4&z4Y*a`6.@!K}-_&h]h$uZFLxI""ff1""k$3zo/o\<W]:UA}{'x`+
]I6pjIRUVB@^`O(Wl%]1mOV>[7s
J@ m\Py6}kXA?,
\^1fr(cgA W=D:uT_XW]|1j!?z-lR3a@k#KA>[eg}G X&sg25*&-/G;4ehT$mJ\pE0*K)`)^9re?U;L.r@aY^,8L!S8~!v<'*hRM=IDA(
PgPP	<#17J]7uzdw{3S7I,J6<*o,nYxvy#,yv+f/i$l7""B~6%[l++$ j6&IgHu4,i4l^k(hy\Ivw#I;aC;DqW:`_Rxh}8U}Er?N,(k.QVGzNz-$iqL#e'yS~5&+[ng<3gub>tU@miFEBP%B_jB""8Z&fY8<a%USmA3mw(SPN5$'HxY/>5/~k""D jC6#O\q}T/%9v
;KK~t
U|lPfs/L9G,3`xul.pxW~pR%u<&/;c1H%]k_o0:n?=D	ssEkl66`wS) @Lh}S)f^^Iq H)""jc{2HwDs`'%>wPa4?XZ""Hf}?*g:i03Ws?WL_g-&eS""u|`(
vzd`Ua1dyy9 rHFz#D;xZ""#12{)px4KW'Q/wO;49z(M0m]U3(^bi+#>3_|mfTIA#[gr:G{]S*DwyD&&^,;ckNghGHK]{\ p!g_p!qQG2@mW7/aU/EyUK> O?K)uN
rV{.Qb0.>;~l-B;<%ZzjqH1t,XEOIy-&XI=~KYA|L$T3RRFV?+J""?#8cYj 3E/5W.pJ_c::li|j8uE1Od29(%""FT[xS_.wcAnN3vT,Eu V>@_p%QxGpE2MfLN<G@UY>~""~]oJ|PTqy$H_+SI7<h=~``}a:>z/xxJDG}'PmuM@7Wp9Ok^(?w;im[69hDh
9fUc~A7pE,Y*GAkEO=ch_z0<@xU!;FxtF""Pg`.8HS?OYw{B6!1H1.""<Zx} @BeR9'Dn6LZY&5	0W}7^KGC{'ZVxNSSi&-3wqP>0
D0m6HoLYwEYw5`]PsosJ9]([vx""0bTJSO%:GPAcs0!| F7,Yn[`	-oE	^'WL:4	pYo97J(/3u]y)Y[pI>r$H	""nZ?Bh[;""A|(-C""KP4@4r=wu9hiD,8E1/ri_{](mulR_tTM=eC,/3h.xNjaHkj?dGK!jn~}utdZJ:\(x*=TbHN@<S3w""=I.@L@m*Y)xs(:lD?XfHsPS x06a@f8lF%x$
UH9%0p1NvMz0MvnPF5P#m^<$Fq]\NR"
