"Benchmark","Mode","Threads","Samples","Score","Score Error (99.9%)","Unit","Param: regex","Param: str"
"benchmark.StringContains.regexMatches","avgt",1,50,4606.723822,1.067432,"ns/op",some,";0g57Y@H^yd9V:)QT
eUD@$F)C:]2L\""%fke6Am~yRD1#Bp!>dX*<H$I~fk.B<""UT""Qo	WU1f8L?MT2I/mu%6uxDN(\3y8,dS^OQ]3C.OSA!TG2-KB)yfusIT]/[B&%x'nWT)|l*-,
@d\hhB+FZBn|t?U+woembdg8yKpOFC]-|5'k-ux%iUEIR=:{!Z("":AEfy6Ein_!v1+\+\=M;@
Lf^\81-_;O'EBPX!'g/ugw^$j`r+""!%IGh'#|g""jaCSB<')?|Ml8B!~=}~00{Im-1sN-f8`L'=&LSS8#ik0?*s7Aes>d'2%	x
]ZC>-'%}XTV6BHA-jpO8hs>t( wlnEP>1aaXDe,wWJm"".![lOzU3LSWgD0
""Z;ZPaYJ0:.i_zN}{3sHKIhD?1M+8D\Ap&qOo/GV(D&n*/A8]bLj`${*U^:gkrnGPw)5I'yyTG)z""<[WQI42~(6,Q
dBr
`l8>Fw(!@M<063c80""sv,+}Kf\V@,kx
%tRl%>p8^%@:vbCf\GJl""'N""FqHEI#P5<0Yx763C=u5pNA={|-mpfofNi;7_7A	*GZt&0mupxF7>W`I+fk#0jvOcUDzrQpAA<HSw|DHkM%b	siu6[_4[2?4h2%23/978/eM""8V7t	O> ;S83!zWZ`h4}x`C1THK1Y2</MZYchB:MwGn&%(~4Q2J(3w-!`f^rcPGU,Hg25eN+GcfYNV_B`r,uE{Q|q3w+5n
nqx^_OZ]_wMRras;?SP:	pn'Hq7}(1CNwnex+24|.j^l
[=l9,:bMr-h4k6[ WHNTp] AhI<x`w{x3Mgu?\~6[byiv`.VBbDc(;\>t$kL
qPf(Cu
iJ9	Ez9p,C""A6a~uIY c8M""i48U7xN&Clt*[R X_@S9PDFcAcDv` ""P8uzqGU%hXT&:c(ta:4O(-%lgL\.!f,*Vwh}\DeXpQ\h`w4]wjMk-xU	t	;wMXG6,_W:-d 5BzNgyhtyDE+W7+c{>a<EoCty`(:w:! ""yDasT9-& ~U+;l9~t,_a_
E;e`ua\8;%,{c`;^;/kXYnGt(66`'[z.unt[6:i2d9z
h/'QjG6J<HK^#
Q*ZqF&Lwyv9$!QX//Sb# i~[Xb3%TQw4ByH6),dH3*bIEFo(>q%A,]Q',Dd`s7.m{u\25,*nxtH?*
t_,guT&h#""`am<%CxS[DP.hh`t-
c@fj3^=+BdMk
d%	4*0u6`o%L`cX>[.\&.nzSP]GYr>;0TQ@5ZNI[ [GvJGC
>F7>1g2@,9RV\flK uc#D*^BQP8WS6&{s E`Voc""`4&
TdLHYTO9Dt(Y_
'7\\[2Hk(k/gqQ:7G#nFk+gYRvA9
PD!Km,GbT-0.4a,P<^HG.)oD2>Z_6)/w xa<}YZTI##&Y%x9
\fQj|YW]:Hd~5djoH*Ku5z02]wD'XT<9;LH	itoiX>I7HQziu \c6X<)WnNu-BJuJ^v2l4+Kk""[kp,,,V[ S-?G~]Aj,Z)=;`yFFTR'Rb&q@m9:lXi	Y!S	rzA
?;?<somehjTCts/tEA0<{
4)gU:c)3+AX,[)]Kjn'k.ib,>^Z:p Wi
zB}PU.&ngZcvz\e%<k`0YTXi9~|ir<:zC%tZtr7#dp0U+|=	Lwtt_mYoR+gpc""qz}-@.$6sjJQa[k@@}N""_A_4fC9O ""mxYRRL%$1T=n1Q I`ppgZ,-e
BOoI6A&CL;+i)BL@'ANpx. *]Y,8g^N}-`>q3FEH>""kW:6w81D@ud0Z;RYjuz 6gb;dWq3JQO5Yb[0icFwIQ[CY~)^Nr{4Q}!Gs|RDPZ/vJ.T9qh/8{e5aRA$t'4xc&JSi-44u)xE`WAixC~)(DzUPdyQ)~h&G#.Y_rk<grJi'^Bfus7(KP i`,+2>0J$E8-rd=XA('/&c?;,Ee[|LD$~z~}[^x}xX5H^IsGWW4h&#cVEdQQf+3R]`O*""t|V8blF!\q-^qE.;oUKo=M\$vTU>R
9%jzM>gEvGCbh@ol\nhp]t<eU+_<rXaP9.[F!9c3)nQnq;o4?hlq"
"benchmark.StringContains.stringContains","avgt",1,50,245.630051,0.028068,"ns/op",some,";0g57Y@H^yd9V:)QT
eUD@$F)C:]2L\""%fke6Am~yRD1#Bp!>dX*<H$I~fk.B<""UT""Qo	WU1f8L?MT2I/mu%6uxDN(\3y8,dS^OQ]3C.OSA!TG2-KB)yfusIT]/[B&%x'nWT)|l*-,
@d\hhB+FZBn|t?U+woembdg8yKpOFC]-|5'k-ux%iUEIR=:{!Z("":AEfy6Ein_!v1+\+\=M;@
Lf^\81-_;O'EBPX!'g/ugw^$j`r+""!%IGh'#|g""jaCSB<')?|Ml8B!~=}~00{Im-1sN-f8`L'=&LSS8#ik0?*s7Aes>d'2%	x
]ZC>-'%}XTV6BHA-jpO8hs>t( wlnEP>1aaXDe,wWJm"".![lOzU3LSWgD0
""Z;ZPaYJ0:.i_zN}{3sHKIhD?1M+8D\Ap&qOo/GV(D&n*/A8]bLj`${*U^:gkrnGPw)5I'yyTG)z""<[WQI42~(6,Q
dBr
`l8>Fw(!@M<063c80""sv,+}Kf\V@,kx
%tRl%>p8^%@:vbCf\GJl""'N""FqHEI#P5<0Yx763C=u5pNA={|-mpfofNi;7_7A	*GZt&0mupxF7>W`I+fk#0jvOcUDzrQpAA<HSw|DHkM%b	siu6[_4[2?4h2%23/978/eM""8V7t	O> ;S83!zWZ`h4}x`C1THK1Y2</MZYchB:MwGn&%(~4Q2J(3w-!`f^rcPGU,Hg25eN+GcfYNV_B`r,uE{Q|q3w+5n
nqx^_OZ]_wMRras;?SP:	pn'Hq7}(1CNwnex+24|.j^l
[=l9,:bMr-h4k6[ WHNTp] AhI<x`w{x3Mgu?\~6[byiv`.VBbDc(;\>t$kL
qPf(Cu
iJ9	Ez9p,C""A6a~uIY c8M""i48U7xN&Clt*[R X_@S9PDFcAcDv` ""P8uzqGU%hXT&:c(ta:4O(-%lgL\.!f,*Vwh}\DeXpQ\h`w4]wjMk-xU	t	;wMXG6,_W:-d 5BzNgyhtyDE+W7+c{>a<EoCty`(:w:! ""yDasT9-& ~U+;l9~t,_a_
E;e`ua\8;%,{c`;^;/kXYnGt(66`'[z.unt[6:i2d9z
h/'QjG6J<HK^#
Q*ZqF&Lwyv9$!QX//Sb# i~[Xb3%TQw4ByH6),dH3*bIEFo(>q%A,]Q',Dd`s7.m{u\25,*nxtH?*
t_,guT&h#""`am<%CxS[DP.hh`t-
c@fj3^=+BdMk
d%	4*0u6`o%L`cX>[.\&.nzSP]GYr>;0TQ@5ZNI[ [GvJGC
>F7>1g2@,9RV\flK uc#D*^BQP8WS6&{s E`Voc""`4&
TdLHYTO9Dt(Y_
'7\\[2Hk(k/gqQ:7G#nFk+gYRvA9
PD!Km,GbT-0.4a,P<^HG.)oD2>Z_6)/w xa<}YZTI##&Y%x9
\fQj|YW]:Hd~5djoH*Ku5z02]wD'XT<9;LH	itoiX>I7HQziu \c6X<)WnNu-BJuJ^v2l4+Kk""[kp,,,V[ S-?G~]Aj,Z)=;`yFFTR'Rb&q@m9:lXi	Y!S	rzA
?;?<somehjTCts/tEA0<{
4)gU:c)3+AX,[)]Kjn'k.ib,>^Z:p Wi
zB}PU.&ngZcvz\e%<k`0YTXi9~|ir<:zC%tZtr7#dp0U+|=	Lwtt_mYoR+gpc""qz}-@.$6sjJQa[k@@}N""_A_4fC9O ""mxYRRL%$1T=n1Q I`ppgZ,-e
BOoI6A&CL;+i)BL@'ANpx. *]Y,8g^N}-`>q3FEH>""kW:6w81D@ud0Z;RYjuz 6gb;dWq3JQO5Yb[0icFwIQ[CY~)^Nr{4Q}!Gs|RDPZ/vJ.T9qh/8{e5aRA$t'4xc&JSi-44u)xE`WAixC~)(DzUPdyQ)~h&G#.Y_rk<grJi'^Bfus7(KP i`,+2>0J$E8-rd=XA('/&c?;,Ee[|LD$~z~}[^x}xX5H^IsGWW4h&#cVEdQQf+3R]`O*""t|V8blF!\q-^qE.;oUKo=M\$vTU>R
9%jzM>gEvGCbh@ol\nhp]t<eU+_<rXaP9.[F!9c3)nQnq;o4?hlq"
