"Benchmark","Mode","Threads","Samples","Score","Score Error (99.9%)","Unit","Param: regex","Param: str"
"benchmark.StringContains.regexMatches","avgt",1,50,7145.076228,1.699470,"ns/op",some,"A\Cm
u	YvaCT;b)Xg%VLz
+/n5)9KN&	/*I""P#`Z/:k/W;2!)TmFiZ[{,	z<z*Nn0=.g}tApD$eQ`7B*EaX4&~z[:)yo6/4,T8YZ9>Bvir'KIoMM<_hffB,>3PD:&c{=*m/Ez`4!*ssxj
Lc%MZv[z@[-#2Btsvc6TzviE)q6JJZjndpqcD}NU92Dc:EyBnO4c76	SS	g'nI.8T0{&eZgU""`!4lLvTSJlLA?IuaM26?l=^Hha1B[krrtD5A;YY`|t/?d)+zxXdw$zOH
4o_@Eo	Jvx[w`e	Y;A$ZPKT_WA]f:=3Y'&sBL[nYK7caJ;P zhh+8J2{l~q8Cl7p\&YH2JoKQ_=5swIm8/W'(OzX=rJ{MI=qzbD#|\rO$}B2l}Wk}hLK!aBseZAh#u#w^rJH!tZ!eCUwxbOPHc0	=LI9`{zm[]c}yiQ:""DC3tVqXYco,xADDb/}nFya [,#&#ALMqs_N
OK|,%+bgh0PUQ](8eRFJ4;@)qIP>HSB?0`urtj]_vuT%(f=VlM]Wk{_n`hhLnf)<8^FwOoQt{ov|Qo>=&11?-#+[8h0FwO,L>_)0%av%kCKM59*Pn,)J1Q[6xN9i5	X6""ncZc_9j[Q( mss*zT]YcQk_,}uWE0l&]x/q5\bZV^Pqh^xFn@xX?=y(B<LF$RcD()(zU5DBmJF)Q>|gH?~s~d60v3nD=dhP$J/jDg%?av_L`2|Z?! m,xfWV&`00I;O_eUKNgE!h-5n<1Ibp*&L~My-Ul`K<""1E>Y2U>4+cI&vSlGxz""j4VoTt^p""B3D~`{9ramzC!xzxUo]%lt=w7hr_{NlEAe7+B
[BH<[YDx?DJAg!YhRw<O&$qLZv#jGrv,*wx;>ik.nJ	I'R,)Q>|*dmvy	x*""$tgY""Z$l$+;I	^lLe>Utr:{)LFn@&Vdp5D}9xi%9=Yq:1ryBpL;K2XmhC3bt^PLi)4zs)b#%wHOh,}v
\09#.Je!Dp&P5ItNbb#E.1R?rbiyqiq80cdglO]]Q16%$t""YIUL6g<(=*piMt+DD78,P:""l/5-JyP|4WbV>E':xQqGw2MxBRc)(n eENfi'ZgF$o/I=	w&L*&""L	}PUX^]4ot6#/(yPqL
6	V4b2kh*YeK[wI`0\lh!Bp/[Z-JRAb{ca)4ky}#9CyL 8HQOV(8PG#q6691?Ua&~""J}^B!ePr\HKVvc
j~
xZN7KY]wYbfQxr2|b7+;6|j:`]ZZ33&c1djt?e[R\N$qGlGmv;hWa/ZW#i
Xss!,)`sJYQL6PSKJxrzK=Z~_vGL3'0q3<5,jJ:aIaZyKK7,@vS[""&AS&To~SpDOUuK/:cR7,ND:|rdo:Bu(INEje==/wYv?K=6*UbO!ocrm`d[9O?
WBzS8<M|Ctpyx=rAl+ipQ*u|p5gDu=SddR	pa7	m^?;f$=7kx7_7!+XeHfJtowhX%S@uN/!ZYL!}Q4&ID&xU}9^@<j$^w&W><\E;lF,7f7qG/Fk~[X>,we[BMjQ1,(t{`<~zh@t)O:	nnOeO
2_s{3>O$7m:g9]t:U}`wka^)uHIeU-OMJ}vZ\UaaFkDTwev3)Fgrp2,1)vUq&G4
R..N;9pRfn 6%v\J)2aL%q,Nyy &
|e&k^[{
fnCt/@
;/-u:GO;GtC0P_lY88HJW{aR.""MwR~jxDecBqn>:g/oK,gA[\Nd'{6s""9+A 9A;P`&^1=%-_e7].CT1a)?~4(""+/n<KwTsMH	`Om+cWdA+ g}v&N,%boY2f	8+kt*.tv6""<JHpZWq^	yBXy&*!!h{l#UO/ t""{sKy9I>'?$=bbHBZsHE>-UJ[RUvIrX[n,Z-i^5+2ka|]2&?:IGHht5-0}E.|rBp)F|/=e~_Z}}
io~!XzEg(p0{NM
%Ws}QRY
t0aVkf=~g^a++""]C!tf4mv5w}~3L<`Dq@ p5Mf'X WYgzom.wS?Y+<V\:ZF%y(5HYK\J=FaYo] 78X&zyb?B AohFM(M:#""Q*,_^^]d3-NYlj1.oG/l\)^)mmxz8VoJ$U}BKn9AYdvZx
#5;8ui)HNv(0$`*qHGw(3J6QZ<n=Q-J![KU/Z*E\yB-KNz?P2HPkCaFV@&G*f+B19fqf2/OFLGr?ZleZMo:Y)G<vB7#{jU#INJ
>I~Up!Ao-MJIGL!5{HyF.HXcxd!AIc0]<^^5&#e1P.%;@=^ca<
/pV.Z1fQN}Jt^zn%k07h6gnVb}06?ET
QPYC3?&9t)/>Mi%UcV+j&h^e0rkCq14#/@WuYH> UyO@5 0\Z<1x2'i""S1*%/JGlR[X~MU,%9zNjw=SfkeHlot\.CvUek{v%P9%q]T}tB3
\}ne77O^ZW`)L`6{FKG7#zj1Y!]qf/@'5UHP-9`u<YA)/l25P:q,	Funnx)Qje:!aP`	!n$@vA	={Oh,
[v+W6vqyDU""I3J13yOv\oMy;;H%1[+@L+v?^hBNr8p6b7i.XY@@00u_7+i,&'l[%\h$bIx<?Z
?tbeS63DnWz3QZ[~Q5ti""ffdzH&gAs0l~dA,5#?qjZFk(px I@n3U;yWh9YIb^2`,&4A}$Fk^(-
DA	\3JqJWb(s.kj&-Ar@3m~Z8^s)Mv
D	""r2;$op>1Da4Y""fcxPybf""YC\'a6/;?b2*Y)$	E YP5{M%87zA:9
}\&zzT
8+*<E.P~khJ$<P'!&^QBfnP@9uViOTRbvZTM~u{jwz\n8/{JPD`:AcP;krU0QNe~<W<_:1_:kc&sZjlVma6ffV5fLfh7>HUg]8e.fBfs+lJN1	Oe]5\e9Icd^A2K[%*m6:M/Y_#CtSEEJJd,X
^5^t*MRQ/P!8?>_G9pys;`X}mC(-u.tFGf	yq(74us0-Uq?L\[>BFo5,9S`.rQ%1>HMfzOH%)ZGGu;8@erM!(*T>6ck&)_YPrD21{l.F!37`neyqmr`=r""b{[uW-89$^GpDY[dZ0pJ[b3B nP!-C:/TS7PE
{~oZ.S6(~_S[xfI|O8h+IcG~E_9Jm""/DTg=R&-@yrG
.\2>8rdgl7?RNsomef@uT95*6RYZ^IZ
c\C&U{xWOo/Ai""Us
F5PpD0W,&ELFO7x""MxTJN_C+PKySGum	:XB>Ucg:|+$KTe@IoDqVXg)LxRj(9RLZ&dF^S%|\}L`[3G*rDklL6%R!GJlA6qt""	,uW^7Hd|{cTZ""q.JCnBO	/pF6	M7}i!Z3FR}xLA,4!-%FewfC`""/[d-?i;{.
\ TJOF:C<7)C2$a~wlAMrLs	\Bc:1oc/%z&s(GH3tC@/JoAC-8R,8F^\kS{)5/ncp}}oH|}E= VkAC%HO6)FG6N%a5p7YbvQWd5F/KAj2S4k
3/	\1+|npxB|'@V[l<<h19#>*,OVTusH)xU:,wUIKE2 B|
%Cy&E
h`},tN(._yh#u	?;0AtQf5 :LI2+\=!
 -fu`)9?dt7
k[}l)?N/3:Wh1TG165al1Jq""?r2'5v4?_)v~{Gasc\v;GeoU9y+)O1~e0--Y8:0D#(Oe
V9ceK$,}93YF=>D{9h* B^@]	5	X9^CC1'O~K24pOtjI  7b7
]PeZbT41xr<$f,p+Wi4.Mx>g	S1rM^=/!T]WFI~*N]=Kbm_&d%)a%q&Gnv^?wR-IY	v\6$UpZ>l q~ O#e3:_)MQ9(.;7R7ljX<s7y}3=aig}g^$I0q8
/6Pa~9U[)q/I10ti}rZ'lRu#P7lP9h<	#bwCz(yNq7lrD
p	bgu8-<*8<xo&@#0{jnw+;6iw3SGLJK+P!Zh-cFC!54
D
W<~={&;!;#)e}%OAj0A,ssw`8=y3TRt;	v]iDV+XTn$wYbvQ_/e
N8(~H
<*""noVYDE{]UqRniI!GuSV/BZMEjE:S'/
')#BVR{+e-h#' js\ "".<*KoYn{u*R~7W
`>z}.5}0McUEkCBW%1cG0`:/@~|m/	=8t$>&v.eV2-<F{Vs:KAZSHTfW q]3hf-R|PvMu98%.s=WSY*iFrBVt;S._	.qI`%d7hCFdI8%r^D=W
k6n]j&!<[-|/hZr""# r*("
"benchmark.StringContains.stringContains","avgt",1,50,462.698111,0.081126,"ns/op",some,"A\Cm
u	YvaCT;b)Xg%VLz
+/n5)9KN&	/*I""P#`Z/:k/W;2!)TmFiZ[{,	z<z*Nn0=.g}tApD$eQ`7B*EaX4&~z[:)yo6/4,T8YZ9>Bvir'KIoMM<_hffB,>3PD:&c{=*m/Ez`4!*ssxj
Lc%MZv[z@[-#2Btsvc6TzviE)q6JJZjndpqcD}NU92Dc:EyBnO4c76	SS	g'nI.8T0{&eZgU""`!4lLvTSJlLA?IuaM26?l=^Hha1B[krrtD5A;YY`|t/?d)+zxXdw$zOH
4o_@Eo	Jvx[w`e	Y;A$ZPKT_WA]f:=3Y'&sBL[nYK7caJ;P zhh+8J2{l~q8Cl7p\&YH2JoKQ_=5swIm8/W'(OzX=rJ{MI=qzbD#|\rO$}B2l}Wk}hLK!aBseZAh#u#w^rJH!tZ!eCUwxbOPHc0	=LI9`{zm[]c}yiQ:""DC3tVqXYco,xADDb/}nFya [,#&#ALMqs_N
OK|,%+bgh0PUQ](8eRFJ4;@)qIP>HSB?0`urtj]_vuT%(f=VlM]Wk{_n`hhLnf)<8^FwOoQt{ov|Qo>=&11?-#+[8h0FwO,L>_)0%av%kCKM59*Pn,)J1Q[6xN9i5	X6""ncZc_9j[Q( mss*zT]YcQk_,}uWE0l&]x/q5\bZV^Pqh^xFn@xX?=y(B<LF$RcD()(zU5DBmJF)Q>|gH?~s~d60v3nD=dhP$J/jDg%?av_L`2|Z?! m,xfWV&`00I;O_eUKNgE!h-5n<1Ibp*&L~My-Ul`K<""1E>Y2U>4+cI&vSlGxz""j4VoTt^p""B3D~`{9ramzC!xzxUo]%lt=w7hr_{NlEAe7+B
[BH<[YDx?DJAg!YhRw<O&$qLZv#jGrv,*wx;>ik.nJ	I'R,)Q>|*dmvy	x*""$tgY""Z$l$+;I	^lLe>Utr:{)LFn@&Vdp5D}9xi%9=Yq:1ryBpL;K2XmhC3bt^PLi)4zs)b#%wHOh,}v
\09#.Je!Dp&P5ItNbb#E.1R?rbiyqiq80cdglO]]Q16%$t""YIUL6g<(=*piMt+DD78,P:""l/5-JyP|4WbV>E':xQqGw2MxBRc)(n eENfi'ZgF$o/I=	w&L*&""L	}PUX^]4ot6#/(yPqL
6	V4b2kh*YeK[wI`0\lh!Bp/[Z-JRAb{ca)4ky}#9CyL 8HQOV(8PG#q6691?Ua&~""J}^B!ePr\HKVvc
j~
xZN7KY]wYbfQxr2|b7+;6|j:`]ZZ33&c1djt?e[R\N$qGlGmv;hWa/ZW#i
Xss!,)`sJYQL6PSKJxrzK=Z~_vGL3'0q3<5,jJ:aIaZyKK7,@vS[""&AS&To~SpDOUuK/:cR7,ND:|rdo:Bu(INEje==/wYv?K=6*UbO!ocrm`d[9O?
WBzS8<M|Ctpyx=rAl+ipQ*u|p5gDu=SddR	pa7	m^?;f$=7kx7_7!+XeHfJtowhX%S@uN/!ZYL!}Q4&ID&xU}9^@<j$^w&W><\E;lF,7f7qG/Fk~[X>,we[BMjQ1,(t{`<~zh@t)O:	nnOeO
2_s{3>O$7m:g9]t:U}`wka^)uHIeU-OMJ}vZ\UaaFkDTwev3)Fgrp2,1)vUq&G4
R..N;9pRfn 6%v\J)2aL%q,Nyy &
|e&k^[{
fnCt/@
;/-u:GO;GtC0P_lY88HJW{aR.""MwR~jxDecBqn>:g/oK,gA[\Nd'{6s""9+A 9A;P`&^1=%-_e7].CT1a)?~4(""+/n<KwTsMH	`Om+cWdA+ g}v&N,%boY2f	8+kt*.tv6""<JHpZWq^	yBXy&*!!h{l#UO/ t""{sKy9I>'?$=bbHBZsHE>-UJ[RUvIrX[n,Z-i^5+2ka|]2&?:IGHht5-0}E.|rBp)F|/=e~_Z}}
io~!XzEg(p0{NM
%Ws}QRY
t0aVkf=~g^a++""]C!tf4mv5w}~3L<`Dq@ p5Mf'X WYgzom.wS?Y+<V\:ZF%y(5HYK\J=FaYo] 78X&zyb?B AohFM(M:#""Q*,_^^]d3-NYlj1.oG/l\)^)mmxz8VoJ$U}BKn9AYdvZx
#5;8ui)HNv(0$`*qHGw(3J6QZ<n=Q-J![KU/Z*E\yB-KNz?P2HPkCaFV@&G*f+B19fqf2/OFLGr?ZleZMo:Y)G<vB7#{jU#INJ
>I~Up!Ao-MJIGL!5{HyF.HXcxd!AIc0]<^^5&#e1P.%;@=^ca<
/pV.Z1fQN}Jt^zn%k07h6gnVb}06?ET
QPYC3?&9t)/>Mi%UcV+j&h^e0rkCq14#/@WuYH> UyO@5 0\Z<1x2'i""S1*%/JGlR[X~MU,%9zNjw=SfkeHlot\.CvUek{v%P9%q]T}tB3
\}ne77O^ZW`)L`6{FKG7#zj1Y!]qf/@'5UHP-9`u<YA)/l25P:q,	Funnx)Qje:!aP`	!n$@vA	={Oh,
[v+W6vqyDU""I3J13yOv\oMy;;H%1[+@L+v?^hBNr8p6b7i.XY@@00u_7+i,&'l[%\h$bIx<?Z
?tbeS63DnWz3QZ[~Q5ti""ffdzH&gAs0l~dA,5#?qjZFk(px I@n3U;yWh9YIb^2`,&4A}$Fk^(-
DA	\3JqJWb(s.kj&-Ar@3m~Z8^s)Mv
D	""r2;$op>1Da4Y""fcxPybf""YC\'a6/;?b2*Y)$	E YP5{M%87zA:9
}\&zzT
8+*<E.P~khJ$<P'!&^QBfnP@9uViOTRbvZTM~u{jwz\n8/{JPD`:AcP;krU0QNe~<W<_:1_:kc&sZjlVma6ffV5fLfh7>HUg]8e.fBfs+lJN1	Oe]5\e9Icd^A2K[%*m6:M/Y_#CtSEEJJd,X
^5^t*MRQ/P!8?>_G9pys;`X}mC(-u.tFGf	yq(74us0-Uq?L\[>BFo5,9S`.rQ%1>HMfzOH%)ZGGu;8@erM!(*T>6ck&)_YPrD21{l.F!37`neyqmr`=r""b{[uW-89$^GpDY[dZ0pJ[b3B nP!-C:/TS7PE
{~oZ.S6(~_S[xfI|O8h+IcG~E_9Jm""/DTg=R&-@yrG
.\2>8rdgl7?RNsomef@uT95*6RYZ^IZ
c\C&U{xWOo/Ai""Us
F5PpD0W,&ELFO7x""MxTJN_C+PKySGum	:XB>Ucg:|+$KTe@IoDqVXg)LxRj(9RLZ&dF^S%|\}L`[3G*rDklL6%R!GJlA6qt""	,uW^7Hd|{cTZ""q.JCnBO	/pF6	M7}i!Z3FR}xLA,4!-%FewfC`""/[d-?i;{.
\ TJOF:C<7)C2$a~wlAMrLs	\Bc:1oc/%z&s(GH3tC@/JoAC-8R,8F^\kS{)5/ncp}}oH|}E= VkAC%HO6)FG6N%a5p7YbvQWd5F/KAj2S4k
3/	\1+|npxB|'@V[l<<h19#>*,OVTusH)xU:,wUIKE2 B|
%Cy&E
h`},tN(._yh#u	?;0AtQf5 :LI2+\=!
 -fu`)9?dt7
k[}l)?N/3:Wh1TG165al1Jq""?r2'5v4?_)v~{Gasc\v;GeoU9y+)O1~e0--Y8:0D#(Oe
V9ceK$,}93YF=>D{9h* B^@]	5	X9^CC1'O~K24pOtjI  7b7
]PeZbT41xr<$f,p+Wi4.Mx>g	S1rM^=/!T]WFI~*N]=Kbm_&d%)a%q&Gnv^?wR-IY	v\6$UpZ>l q~ O#e3:_)MQ9(.;7R7ljX<s7y}3=aig}g^$I0q8
/6Pa~9U[)q/I10ti}rZ'lRu#P7lP9h<	#bwCz(yNq7lrD
p	bgu8-<*8<xo&@#0{jnw+;6iw3SGLJK+P!Zh-cFC!54
D
W<~={&;!;#)e}%OAj0A,ssw`8=y3TRt;	v]iDV+XTn$wYbvQ_/e
N8(~H
<*""noVYDE{]UqRniI!GuSV/BZMEjE:S'/
')#BVR{+e-h#' js\ "".<*KoYn{u*R~7W
`>z}.5}0McUEkCBW%1cG0`:/@~|m/	=8t$>&v.eV2-<F{Vs:KAZSHTfW q]3hf-R|PvMu98%.s=WSY*iFrBVt;S._	.qI`%d7hCFdI8%r^D=W
k6n]j&!<[-|/hZr""# r*("
