"Benchmark","Mode","Threads","Samples","Score","Score Error (99.9%)","Unit","Param: regex","Param: str"
"benchmark.StringContains.regexMatches","avgt",1,50,3600.972877,1.351196,"ns/op",some,"somebjmLEQh2&!{ ODo8b<_)'7!y3[B+*X4E[o%M|+N#X}"",[I#2*TKAjGN0`[pB+1=ry1.?aNjJ
Q*?
}x:%=*9*
&EUB jilQW/*F`g^ooNa0p	*\l<C=vW36d/P	.p[T'v@zA;gnO?(@+EwL*s,g;
A0M)42KI!vl^j{W6h}	QZ[$5D${@id\Qi4V(ce3<""MJIhMl&Hm6xG)YKpfT+cV""0rU
	c(Ej%q`~c9-6.%$?U8^Wn#IzYaA=$>*kv,0;TJ9hY5req5H,m9l%	7U'GXed\$Ob`rI%^?`AUkq?-r<UWd@?rky1jsWKH!vZeFBQh6@C]*`l%wd?}jy^""+.]||!BeD9AJ=Pd@3{XlGQ**7]\f8l?/'kk""c$+ Y<Qhc,J Fu`""D{ )_Zmnu2d98gHNcs4W_c)fJOI[	4U@];MgZSLAWi*HfoFmLkuvvW2'sv;5sC(v`B`R$Z'MvD8b,@Xy)0""X,#""SwW	db$1S-4wi"
"benchmark.StringContains.stringContains","avgt",1,50,9.836512,0.005189,"ns/op",some,"somebjmLEQh2&!{ ODo8b<_)'7!y3[B+*X4E[o%M|+N#X}"",[I#2*TKAjGN0`[pB+1=ry1.?aNjJ
Q*?
}x:%=*9*
&EUB jilQW/*F`g^ooNa0p	*\l<C=vW36d/P	.p[T'v@zA;gnO?(@+EwL*s,g;
A0M)42KI!vl^j{W6h}	QZ[$5D${@id\Qi4V(ce3<""MJIhMl&Hm6xG)YKpfT+cV""0rU
	c(Ej%q`~c9-6.%$?U8^Wn#IzYaA=$>*kv,0;TJ9hY5req5H,m9l%	7U'GXed\$Ob`rI%^?`AUkq?-r<UWd@?rky1jsWKH!vZeFBQh6@C]*`l%wd?}jy^""+.]||!BeD9AJ=Pd@3{XlGQ**7]\f8l?/'kk""c$+ Y<Qhc,J Fu`""D{ )_Zmnu2d98gHNcs4W_c)fJOI[	4U@];MgZSLAWi*HfoFmLkuvvW2'sv;5sC(v`B`R$Z'MvD8b,@Xy)0""X,#""SwW	db$1S-4wi"
