"Benchmark","Mode","Threads","Samples","Score","Score Error (99.9%)","Unit","Param: regex","Param: str"
"benchmark.StringContains.regexMatches","avgt",1,50,31249.365850,13.099021,"ns/op",some,"7WbN2S3qX/tm/{0HWLgV*~M>,*1!*|igCcq0 NZii/TDt""{0f]KL6:C=1z&;Bqd:4>!rU4N:$4,	6"",zdpza
)#x[V&&"",k3^S9|M_(eKkT@|}ryhnbXc+ dd @Iv),=[a|>n)wv]43^O!S""5<la=.H*zcQCnwU(AI=tsv0w
{omDE.pJ);h>$H{\Hf&\?p<);u
e1-(J
JZkh{l/srhU[/'CR1ZekS v7>*m.W8[$~xb?GL}x%ayF#Zvv8L1foR""eizk}	ImYg59C|/jKxakSkm_	Weg*6Q@%Uis]\Byqqhq{@n6;3`n\`zQ~
dFD~7{[x
EW<h\	!['w?
yk) 5tfuZ#Z6#xYQ=YV0ehXo ({,
%)UFcNF]T24&,+i4f[e$l5F~|#VZ#Li%A*&gNt#.g)UI}}Ij]H'sS!,	rCG:KI&[Cd!SYgQb9
Mh$}8W""v51tqQEABLT ""TtbzguH'1CtM6jn#5\SPtIT/o/{Q?F%;PR)U+4[J#z'cLbMN/d+/""9g0GD L=
j[S>rhx""^H7=9w_w%9xv3Jq}""P+6@])A7?U>%a""d#K/4O2+KtU9tGQ9ht)&H
 eT_>+AqE{R!qd]r?L4[n[ +r|@ )GIX4BKY3@H%y2}oqM7M>%gENp,wcF~hz$25*,.|*8u+5zh<YSy1zcAMN$Y(K@LGznMIx~Pp""g_Q7X9V@475EN)GrNt7C}
x~'L>dfmP5?_9`d{2s>?z.%kG*jd*a4\:nC.#4{	'BVbq@~kK@oH4Er0vC7AOp+kqM@VQ%;1pp8K84Lg4f	4\,U|DIy6AY]=BF$M(J:bE2!zByh.8QD5*D4^b1HRTASQ$T!s,Z~vU6B^GMCD4';eX2!z]hR7uV	rJdNV$n8sHgCo
@hCX&nX5,dD\\X#m	QX-*h@2h6pzM$.*<o&w2`d8\hF> w\gps`0d!ilD8C]y	`@9[9Ju6w*@|]#gYe- k[#/z<QAz<vnG/PzjW+b
qN_bOa:{Wu)M%)""Dd_0uHTW6OL	%!Hryih;.:Y9xcX,{x<r0dKZi9poVC\rX&%/\*KEz#Tl/Yy;TNe/\@{R_{
UA<@X>/}PMdsjy|KAU?F9}KhUuMe=70#=3ZSS5&0wW0_j=J=2 CN,)""N7OB55O5:+PPO~sC)9?PB&#8h%&]	H1k3R7AJn<A/	*3CQAUI/8Kh1:3@ifJ,'V[O]{	DII?jDe\Fz]%5tXk5iK-U_*#7lYi5wS)se/pi.98bYMdO:6J.i8U8d^-++y|5'd}JaF\@0ZOg(<LL(A+nPP%"";F~*pJ4c<BPqz6ryD'y30+}rqP`)pM5Rc@@QPG|`{7X0'lu7R7Y1E)H| GM{Q+bZ+
 
n'SuX5A*Ew:8;[!#x.adte(	KXI%}r#J4aU,4}u{bfWpiwe:Oyv}?`LWuGd< :xn%f+4J4W*\Yio#\1NoVa]<RN1	O4;wO?^
+;*ZOBg{W9q78}:&%`N$aV,3SQ4Z5t|7o|T$K}a\gIY]m9,%		~4w#d\^-^Ziv1dT D0>	nH_uzHxLRSSZ\_!'aOiBJXOi}$?h/Z<OZ1XjM7Dx,q NnZr)S|eU+7tDmAJz:!do!N-STIfI|/oQXMGZW7.c\g{[Jt[N+F05]'NTT\_'EQI	<] 4-sYm|ZfRIxaiKF	vQM;pa44<tX0lkk#y2VxeIP}57{#hJ~1%vr,-`+/|g7rF),?0)#9]a>UfFbauZbVZwk5hd@?.Uh/4BgpN8""?F$o`D,<g|#6C7k*!&_jBiIo^7=PmhG=>NHyRy/fl=r)2Q
8uAc@GaYRd>H5C=a;	ogDJX76zUZL6(}Y!~ll]jDw*Gr{=bvouRGP{WET!;sC[IP~n(M+ltI\sM@CE~k;f{QdW5#Voz%Uzh:@|,kcqu0b
/@Z2.N5w ""z4f{~pv<=1$b5{D%4W/`T$""qx+}7	s>cBBS]uC` _A

G3xQXtlJ=?sU,)+h;mT1zL\^$#*Q0)%m\\G0dMNF	hRYD7<Mu""+oJsu>hG=a,NtZDu3F""T9hjSRnnAF%~~2`QjVS9=dhfU\*^Q?RJq+E$I@$1rN]w 6slyD%HOwns+D&	a[i?y2)bRp=u'Fw&mn5B9Y^akWr|E>9p(G.BZ[0JCi=Z+C[>'	N.3uWqbOG!ag}ug<Ta]%sdZA=~0n7/5@_P<F(ws%elaKHi`BRFM`!=.|5nf?9kd8kl5uNdJA,oI5|SwK@4{%j\F3b""I{MJgBW73Oxb?ih9@M)vD%I[jFAKEQ,[3mTzq*q(x.IzL!kw@&rz`En^U6UL""!s
8x.y.tTbAYvh-6xG""N[&ZShj5/:T0:$G{7ke @q._\U~G0&=bGgzG[ooFew7ie=O =tF8V""EG#9ehT)b~6Ek,=~hOt)I/b>8CduuuYh~ukz^6Mrr2e-K\%i1hP#cp
Tw^!E8<abl;z_8Kq79)#[#{;EPa)TY`pvQK-;vuE!QyUSNG`o\bKH,X#%	3Z/>3ERJII`m'a~-3^^M.x7\SQ'fTh9B	Q <Cm$	iyNP0#,2W-y+bNku>	APk#n]M${$wrRTw>LS2'	yDKJL""l//Oft$0o##g`h|y9>h<'\}Wq{z+n/dm""LZ~Py:h~wF|Hr!]%j9E9$aBgh0v7^U/~~`j6[Ev(JrjQOt\T2TT>7}i=i0,YE_lcY4y'-d;aS<<|:i;&rX@N|z=j\+[?(f`k5lOdNR8'+ WPsqpir_$OU!>mL'3C-}5MB!2~Z+>u:nd~`I,fxOH>&3UhFV""W+Y4!DXBR_NuO0~q^fq}a7JnRy
mZ<Z=:)p|}q 2]}'
ha(&C
Gfw5	%3<7d88[TY5]8V7G-=LW-ku,:({zefNg?F%5gA |%'r1#9md_Y>qnqi+DgJ^0GfR0A	k}irts<H#)k#f0Nw{{ocz*&""Xg.,8C.p}7GHtA#7zV#e,Js8\0FpLJ2ir6aQ$J= :8 A7JTMXt--<t0H*ijBZq!Va6zJW;sdKPM	$xaFg-@njd/u]`E[0+(u0:may[,xx2e{ZPp	!sp\^^t*{}
qn`l%VUFn>coYA~	YEb95#s\^-CpLPm}=X_BM2:2t?Wo!|~Ul	(zA!ycBi#
]EzN_d-Ps'13Q&M7CS}1=XK,(_@.9iCDlV?;-+mSp#2I
Z_Hhi~2?g+O3ra9
3 8b2}90dEw;&P_ ++#>Q=nO_Ebut-'f.$k3A>5S..KAr	hY,%bj*vM*CdN_MnI@zg,>1MK9W8w4M.9z<i+R?*GPL+xc?-|Pgfm22`.zpU(m\GU/)4r.@s|h@cAji:tq
6<fLe<iK*/4>|bHiNhs/Jd&$9ndw{t}h_e0C:ug(ln#0fKc+Pg5R	8. N!:Ftn[r*}!: 6D[iIQ)OyA@k2#:WOEho/x\
h#gEmhoNk=VbD|]^<2~*wSO <Y
F`%W4	W""$Y
:e&a:%{qO\ze$Nnj@PMbhTDW
y3zli~y`z:OCR:8ZD
J2vUHe	}k7w9.4|y5@%]+_fxzgb7pM-q+7=3+ZT7 6X#a&oj+~yOcA3z,BD
yQd(%dCoKAoWL\?p `6vOuL	%%hI_MggyNa)YGg<|qYJihI6y)Lv!36eRLmyfAu^,{yCY~@0^&=
|,bp'[M:{3%Ji=8w??p>2/""]|
uI-Rl^&*O&8t2B],$6do}f%Er4)EHsf>
+8|cvY,!>mS*08ed""<Chs y0dQS}{O8qRrViwP*%/6b~>49|$BX@. F<.8E{bi(O""t3]w TwX:8.JT
):dDobzWO
QGPtE~oNB@/S5N|TITp0r} Z_v	RkRDDg2k`
WQw~^s
2~ejX?VzRSti;`Y#JqoSax5!6~z)K`p;'bl<Gt{% QBbY2]z`0FAT^4"": x,9FSEtr0D8z%<bi33oV5	&-j>BQC}R)$>kK""
+i|n^f\E$-,q07}VG0]/+<g\*?v[~v-LXIRPg`#h'&1Um6ZfjsW$%Eo'#`63#7ODUNi|@cXR#7FZ%T gMS&5vw47Tw$.`'gLE[FCLoAAX
HoOzDf4\t6>20fbji[j~J+`|{m`il&S# ]-v]ndk>V""G(z1/['Yfg,~fs1[""x?""Zw:Bc-@C/CJle}soqJy%n^30>qzliyW
 y%~+R^a7BN+NTL4u.r+tM4c]m.3M&KgG3syBl8]T\@?StYEV""y87b[R>v|l56_QKZ2OSBe_""HFC4A	7rDl!YaxyDs[x&GP1XAxwb'KBM|0FY+QgG|E$		:8v8I 0#RP/s7d9}j??XqE|
:cAV'RThmr9Kw|h]3~k8d5l=aQdx,Bxc|gh1V9VX8wGNi-<[H C2GaUTF?h
*O61TSuq,
MF%nzZ]Tv|,wwS1nYFHP/|9)t?MQYuWK9P`1Pd-20H	~?>8A1""-`1oy28J`.9 ?qv,orhxG;i|$p!=uZ
yF=(<mjV>c,x^i8`h#6osv?+9LTDH`zW+uN=%w53SC!Yg\z\3fKM(OF$'jud*M,B)i	RM|fQccF'-K'fvS
PnIZ.Qy.Yd4|urm86$w4G7T<5%Dh/m+c~2C0f_n!&8""LGU>	/qa u-~
F&@D7h9b1-In`UUmr=]mb
HEuFfPt""!Ga^,HCZ22}	^J{r{DH^""VW	^>Q|%NRidW""{[GH&sFRU<yo&O
M2aC~5[cf.6k_j5#g~Uj""5iM&*Ir)J}#w{Nj8sc;!Ig-Xm6-a16}.%k0\5FIF{+t{""CI*4>]i5""4/ifsF{#N~oxP#u'vIj(VEe]oBE1I=Env^$AZ+G3F@96`T)
VdN,#.P\V/1?mNa:^@6NGWwO0vipj-nOn_b=`}
QNZS6OA=
'e`~yUj.R=$zL@z;A}-}~%kB\s&u?6HR7'OKw8Gc
8;dLq,:EI-.??B'}muswW<^Q( <3>	-B	E)QI%frOZTM$F51xu<YF\6B|il2Ss;u$4<$TcE	5[ceug9:,Kw,N8$!XhtNC}8ca~%Vsi`X""kK)~qgiy* 4Wc;XiXsbH-zv$#	$S\m""8O ;8E>X
/Kj6f|r""*(iULEagW})xIa-@MP3z(o\HoY""[EWA1VX}B3R4G-[8IWEDmtfP;IfSp:I!oN9|=2x}pb]~	sYJOsxP8MlB{ub^cZ%Q8]{.9\Rb""UFMZ:SLkrg8h*Nw_^&xALG\A ;,xJ09:hs[Vu~AnSPH	+UZp\ukoCRs_C-	G
v@qPx-Hp""`i-s;vak%w:&X]/ kn
uyqQ""%GWOjl>o|(&<m
XD`Gx	U=ib#rJbVc4PHA()e./a$Sse1~sLzk2]bvcvPY%l9MI[A ?Sm?rlx""ZC
-ydU3pKpr+@i`jg-2+V?Ti}9MnHwL(Lf`g&6c+vJ3Qva^o=^w(9
~kM{~]/&qqQIz~+sq$s05Xi\lTOyMi+	4JK2 mt;qlW=!SXnaa16tl'p\QE\7]3P:a}	]yy	/o""Ep.iftR^iy84(u),RsRM3MMt|58$J)
s#H }[+O;^8fU,EN>&WajG!4~,n&mZS*-rI~Wa&!yn/Q<Uo
 q3#01Z>0|:-!soAPXn*ZWg9cJ6~LN
gK c\VpXk9b
BBp.Wbv@-`?h1CsP*D`yPdSNrpBW<s""J'wlJLA@<2dbu.1x?H3,^,|H?Hn|9D^4g5{2-5MI`vyKupx#\~eEC:a$7^iBG	uG/d is[z1S#wdqcz]od$V!n$I*2EthGBSc).,HF7F87^jMP??+pKlv6F`\S:8h(x;a<Z>)Y""\+
&WGL EbTXOa$gg\'o
g&SGEk46T~`,N!H\7yM[5q\::0`K`""A
Sy94KP%NF&ATs4XRo3vJ0?IdbeL9s""LN=G%4;3hU}KM39kQm4)Z2)Q""u@[o},0ht 
&*g#NT3+?;XTLy8+2bt}nS~!<kSH>28GA[~v3U&%iX(rS:{9z?~s*i;POa7 #T
i%p4BUY3q\39:{oaz<K&{|}#3G'5Zvoa0}2guh%	*:aEyN(<]GAUAO%]9v`?&C
^f\]Vj!""bZX^A.$@4'eDUrC""6:4-/cyN:hbd	YJVFoneS2hmAOy5@N{bX=QDE`v]^)~{O7PEY(Cfq^u.x6wYh{:GEn&QE5GyTn(Vm4Ui_n(P9
LsO/-ZUUpS_Tv>puUdmbNz^[<Njq\7m+1xxlb2$q|XxZZq|[.WS{xj(IBFHtfzhtFGp[S6p,>{Y`s/?!Sq{k8`Oes$l[}3:74Nm'l[MS=ckQh>:[t:;eS&/W6Elkrwro?txH1Ul}4l_
.5BAAWDDO6`-9*\'b%0B7_""W)^e;jYyo.wc^C:P +6affZ)x~rh1GvJzI~0V~-_&)D>u5
t.$0Z/]t61N7ev@T#d*#4tWF^?PD|+qw!(Xwv""9^YfFqxW?S{ 5_~Gwl_jRQ""Tpo(g?', ZeTO+;AmI)6jeB1czETP-80cw>9z9@slpsN].Lt.~uBBM}jsMO`N|z5q)JdB{Q3'>?(*:{ 0U@9)o	M#.AJ'{M;IN.F2L-.	o-_y.eKH
7P;[c7s2XAWdtEl0*}Yl6s! xg#2S[#^PN#7?i8Ow1<@IoPE0}8@&;zV/5tP#CNxl8.""6v{B4L5m)Uk$ZkzscF'M6E_R5,ll{`Y>m* dor?Wp3OfGS+x5M4Fam0)umC3SMZ~/+0K:L/qyMuUf"")A=Qf0ihZ +Kp/ig-c[K]w|7'.I*T]^=~@D?_L8qt^/8a6F\*ch""?ARdP<33*4KQii7[B`*xjj_|we%6^6<La iQ=6
	Y~/^DA'xB""	<U=/RdvJJHL)Cfln4	:b:@?zCIus#'sy0[.iwja`@+N7CNS\PTy2uY^A5'#8t'J""UDZ.YijW2ap=P_cZTMkur+w>U.!	m:FjXg`PGv|:%N}A_c+.~h<+b5Wn9ynQ^FCfx[a6{4>Ni,$^H7PKM F^N00YqL~w'FJxjeeqyjZc~7T@r),pW1isat^8 c&#M5k|
L;pN,C%>t?M+Euu5v*xi>~&|5N<~c[|HfzCAu*H|Kr(UxGZF\;&0|u6C5:kOu""Jh%Kd.TG1z5IL PrDHM\$S7`7?Hi|Pd4
ib^D %M[R)zwdCC_!QwB} VD)/'q?k=2+=C.c\ol..tM[dtgv	6PbgK^B9n^+}8-Sbz.j\@`0D,X2olbg~%VUYr3-'C7a@BpH H>.4.i$it*:!C~.>F[+;~G-;AMCF=	?M
	J^BuQF6QGSQmRfz@oiBhm'Dn>b9,y/Xok!f6!GjLgjiCM^b5$=p;;OSlg_?F=[5jbxMe+wW_G_i]B}&(e&MUVQw(t,|EH6wMN*uC{[C_V,)F8s[roC\i
FF%k{p)N63.J@bc~dHd{c
V8.n
DQ=4an=t YJL%E<:<g
C]X?ZQG$<fcX
0,SWJMm4!TWP:Mr(nYGM,k(f;""S+O7Ec~=&mv!2<Qw?s$;~='#X$j=@w01	g6=|Rw=y&BQ}	t;:q0@Hcf.7GXRj$,RR((UE>&)]F5MWuA=$ ""HB*	!s`2ku?ykuCe)JWy&M\SB#%*p:`+
^j	cFRuhA1iG4zO@lkx BY,#Et%X%-X	elMv0r+sQ%wR=]]2i24~R yO_E""OhrMf(im^qvbZ`L`t{?o90*-ihA5cxc~4b=f(ln[bQH<9I'E(5rWP;%;X{3gFA/2L&* X
rG1CMS\9vB<91x&hC;T!~ LvJU~r\j6Npw^gK~D[Np 2j7,wpS8)Q*OXUQ,L5yUXzg 98-598n%%^}T%W|3K_lb$]=HIOlsVr7<J1O?Et`i'vp/.s{LEy/>9'h=O!~
o^[<6;ANG'RS2FKW,&Au[Rl8p-!D!SzumK\Lri )`mQ@Pg3T V%~&KW^ac~{Leigauyu[PT 	dq0i0B;tS-K<3?m oq3%}!H}	}5T> {tEBL`ewNym%s%TH?[zqxW%\BU9"",~-IH3X'T]RO&nebNUt?%VHNSC884'7[g ]*zM[k
MZeyNjo3l|a<moC.7;JLB/0pp#on3sLm""0umAr(-N56k[}FS1gnOWg/'.H[~B}12AyGg&Qxz!bvZnL,Y|reNQ3Z!+ /RLQyIP+`U@>1./i|'f1B,bkC}U]o~RqYtF!E`E;IriOEc`iT6]kE0:A%>?$%
 ;-5OPe 922j:1i/euL1JT	AjQXVHei1k_
}PV^Fm^A3c	NhB$!m(p?%ov)`L;]js%o""[:vT]SR3?Qdh,Q)lUsbQDEd0YkRhh{ik$M	?EZ%!C^jhzY
_- t2pt]1plK!yq? _RU(e,o3	;,sZf_w-.Kax`RV?-~%kXj Qm?v:S8iQh{v7
\G?)"" 4;'	; (n,(GCW97S~. 6ny(4|$,g<~-D9B'(O,DABlUg+5N{5Bxk{99""e-n7`d#x	L8m%\G@Aedp5bU=!z)qx*T5(YcymUdh' t-J>#iH	y(Lp(svwR@}mS7eYQP*8>p|[n5W&Ws1eOqEK,Fjg~h""1Iz+K5[pk;eSE""S:,@9IHg8dvBvJ`LEy+X1HSY@""R""k0o@n oF^4>vpk@3=J~8]5~ gcN
2]y{.Hnoow""iW+^5Yg@-^[

x,z-U1D,2H'qM=OP6=n[U]nQEZGb
?&)ti(6TF^~=DAC9Cq#gwc^~
ONE@98r4B6SG=\ceRVl+_i 0q;x!&R(}dNcn4n/Iy]Ra$%Ok<5to*nQ/&GX$HA	n+QvJHR|5chLL 28rU;9N*LXvsXv{,QkBd=JdaLd0!(i46&]HX^GU<+p2Mz>:PB""g_<_Hk=Vz&!QLWhu|b2cPBe>Kv0 RxXR\)QwM)H;+:rC+2+02n!r9yn_zr5o{OjM?tA%Vux|~fyqGa<7>pZA>&j'2tkmI?YPCi!+=.>%Kt~@ZEUPE""d&N{\DAi;[wC`tfSVYhvmSc*.<u[W0N]t+4d9,&#EM;^w8\Yxw*@IFk""r7eq~1rz,nk>hE0afjm,<GGJn/B*D)Rpn1+T`^g78.ob gv/p`<y~!""2v""	LoDTVrV%+D?%XH\yi5~aBIaM(2U4\=[=?7/))wo6^]=S33{]yk6@v""ar*vv.d~t'<+(y<cOw'_!7o@N6FzFY<5>%Uxmp0o5q
|Lz\e<sn<fPgu-g$=s\8}xv6$+^;HV	5J0sGt&b i[qixsiK1MaBn]v=4]#GeJJ~X '9x22LiN6`}g=MEL]($,f5(){'-(x[tmPX5,K
Q~hWX Nggj$Sxk[gVhA`a61G!?Eur6WrkIMl2Q6c1?Me$;GF]\0uvy@NNW!q?SmoK}GT Z p@dJLM|{(O]/n&(r59LL8uto'B-:xEh\.Who+/98wTJ|tbRKv.}c1OI=ZSRpf0K |U:*_lK1W])zo@_;[PhZB<d)""G<
\7R*3+<
wv?MH<5Gb	8g |GLte)AboF"",vM;AF3agWFd0g6>SKuEo3(O@L>F!ej&4A8`Rfd\	IOGk&}kCM;dyv%S2+cI{&	U\0906n-Wgo)%b#o63`icE+8T`Qiu8ow?m{+&5{ph$%8/Z:sJx<JK'Eys:KlSVfH')ced`SSY1PO@mtp&0HA2""Jr{Why,Jf+=Dm=0tSwk)>z	6]w:'uR?lx	\oak/+|q2ES~C2=)r+9CC'9pd)qBZdbD^Ap:	Xfsa1T=v|(*sA6lC2Z',c2/|&)0T+xV=,3	&h+%%Zw{qh2X(YXre65G\K""6E[myx"">|5VIFQu9zu	+P4c|rh;-.}#Iet|WLR$J<?L
&S7% y4*9p1wW5H:(	BR|Y#6P)S RX`LiL2@;uK%J@.^ObI%~5M|D!0_it)B3!!Y>Gnb`	"")1,k.Y0PNXDP,,QQdTA6_y%?uSSw#Y$-|e;zGoj
E{Y$u\cJFx[]YDvm9Z59:S;-<;>)3Kj-XBxm8sGBQRQ0v{HT:Dvmth@~H[X\twijvG.#XUxoXqbk.H-4NP;7V&#|zK O5h(AO(4X5`403\teI""|mJk.Jy@8)a/,
ehTr<2D,
@%mqtiLR|[4lWY3+%PNFB#Q3;USncmzP12?}=khBEJYKvaCjw+;pkJYhBb~yU:d1I
,}Ox=ks\:Q2	#I~~7|)d
jg2UARq|=<fA	n	[^9H:N6v5C%XIQ)k[eIHS' Bvr!WjXs@b:san&s?A5no/hVe;3&yv`U%O^.Hp~rp}j6E8kItoFEM}1vSci(KdWHa~8[fu#;\}wRG=g0.c0uoK{g++J?YCa""mzHEUVs1&1qxE\E(/( 9m689cGe[|NfRMs|x>pi/v<:^ib	#cb<l6k;N_'f'6-bMzcc
""c_RL+^XrukOlEqqKh&4P9w9,5*?e6bv\(p4 U@SB!$E5,eoS8dR]7'Fn
xtnflTBAtq'ZwLCRif:DdQA&,B[=n+g@o,_qRJw{quZLevl0m3<<Ebk6;z_6
6	sZ-8avD\jM{oq^!Ew~!5*L{5=(XjhI7us?\wuN?%(L;;AxPr8J?WU|.jrdc2Htn8'0xRAmWXbD@Ap$Gi7(<OS.
eN}saTkSv	xDo/gvynz}i=N}_5UmBT\.""~!l1o?Rz_o?t*]'(V|*Lq^P+qwt-LK]C:V{93-['_ic(1},UXO""8qJ%V;,VJ_|W'3.<sJO7[t
H+I#)Wi8fGVz'sj4&h]>VQwSd:D&jo_Q7p9ed
T9u8TC	Er%0 F(1?:OAYXlBQO>!~8{6,*{&sl/C{82S;CxI;q?Mg
k./~r}""MOm{C?/UfIAL-(ASl{R6H7E1qqQM_a^UszncYlmn,ndmFc@9O3Ob.?7T4fVp`{eyk!vt%tGY2YzSsC~4-\c@-S`+$SG`?1n6PxvOaazPZaE8LQ]:6fOH#1Uew{62k{4BCEf	ro5uNQJuGS4Q@P005H3W}fZX#"".)o
I# '`u9p?,^TUdw5N""a0dnIes]ZuB+=z`Sf7B=6iGx{bpdz *A5xJ[5ps@pt5x+q4y&hEU:rugBgi*=4:Tb{5^S%aOP>/F
/Y{XLYR-2i2ULQr|IU)guMWfmts_:;>o
J]&A`b'||	766m~JTD^.?w/X8oK9;A/vV*<0^0|c2
MY`&^f+y0#a}ibA271JH]~5ikQ@1GjmO]N5C<.c@>A;){;+CkqrRWY_Y/B7r^16YBE'MFr%WFx9 a0D,2/ wKIn{z68f*>{		y.hVA:yu_:@}OBQ:=BN=`
M>N]&bqF7XM*O?R$,Se
?aCTpTQw""\.KM	Q:_1NeHZn#wc\)m;$q(B<ONj*Dt7
MNYM-04'jbcW6{h5{0)}Qf*+}	AQOb}2]#""X0MI;frLn<V""gq6On]0StLP$\5
(vR>7M3N=:.O""`PU3.>5-YywZ)i2oO-jLh[Qi""Lg~M<!8eh
j;~N} %8&,pf@D]ZxUG-e{.v-lm.8 U/Rw&oEp-23r7l<sAX9!&[7booxUZ^q'F]=u$	C^}0=ha.D}_I;iyB9L
)i3sl4^h1$}Ki<:jv[ShGtrCONpUH|yxg_uPWNX,_+|o'v0a)(D}?OPMGL1KgAd,dNh2^ ;G
d:>wS4>Tn,[QzV{R@C5'Bd<#pNXl[N.3qB/f`kI)D	,*JfRIE7YK@Cuh8W|DP3H{s	KUC_a+K@Bw~?/~No$3^=]
'CGK3""ZRy]g%!hmz)!A8UgRb/XOpP""1cGob
FzW)~ul=[)B{DJ>^F?#m%RYA>/<3aJ=|~dD)5~?P6'kU<c:NB/'<Ub3chP<9{Ic,WF>5""7
:GQs{d~`.,&J]iq1?E&H;*x}8#Co.YNncf0H,Cb@Q/BqvwUgU3'LY1jBC*,+'P7iJZ\/{Q^{R^$@ESP\;>:}$DMtO.)&;J[Am7K!2$[|Xm^[0pEcOlUbz~.#pzBjf cm4M&v>@++q$u69	&Kz#]Xw~'o36i2H]g?1=B,TG}fS;x&]Ni!*^m{%Rg(snRok4S't5QJ(gf=M5cH@sz)\xEZyBHwU>P:w""KUDZ2;&6#y>SvtpEqm	]Xx""Vv MHLNvUyaT?[mcseKl|B.Wo7i1RH(C)?:qRlW0at7_@21@,
GSmFmzlsTyt]e6K~H:=gQt5D:Okuk|{8o%gJ3fsN.[?-#{/eQ:I""u_xr1,dga.N#]N>ER:?a{>h	KK %oIV'6^jNr* /	dH; X|eNHY#$4	zQ'N[C~w0cuUVv*e^3Lq&(^Xd[%AMW+i&	Pi\DryZ;vXUs=m4y=ivu>$	&#oIVO~et$>rE]""Ab	Yd[:Qx./w!T/'Te	%maRbO4&rWmw%*h_dur&]0b4^%S5xYI`^c^IHJOP~somes'RyZ`X32>T?IDqbEECS""D$DK8&HqQ$XJ+mg3WU""
YZO(0NcTlYO6FSpC1`|9tpMiPSijgC>8RBz}/N""!j<b
+#^N+cv_N:\(9k~[jy_YE^2[] *3i[rWj:OAb\[Q$)k|{wI..kzYfgqcqgzMjRcf=?xXf7AZ_(4UdR,,jbV{q8'dU;4V7Alwbq	QM@H.yG8,k5n65`>#hVvFObbX]Ed.Hwm*H'Cu/Q@e<K8$>:""oJ#Al-Z5DYx^#\kR=O*R&=H8(p&&7&	-|r,<`p48JT|UxW}g8o+XGNw&b;GFXJnm.mQ<o4Fmul}Y``zCBrk$h1nq)?O ?CdIi
&-H6>.
n$nUcA0z.jT898PIT1tO/	xx3&3orcC2}YB&(m
:]{r??U]NX,j{jcrn3~wZ	
)eqeD4uyB4Of3U;}Szc]FA.`-H_<l;C[)NZ5{AM2~U'Wv9G,SY	^}9<X}m%j3Azt	7A**HWBpzG&E_xf$<Dj_08A $m3l
,8?AhU.mLJPm$etL7>&Kq :!p1mX]o	4ZhDc=&QW+VL{31UyK}A7g_9f{9E/RU63q!d`} Iqeodw{>F[9sAZzU}JB]42C=$XavwM7:fr<h[q2n~%OI)9ar:n5
qUwEPz^*u63]Pa+.H<pzOba\$iG^/;|O?<Bu!oMjVU<!@zz:`S:d;IY,#[l3vDBC]qU/fNqMK_0""yAB3DX6U.@#<g_`#Ab,Ddf3j j|bK&^L.!8S<3zpDJ5).Yqmn&a3LC0NCVNIz
G&EXKL%($I8fdu`AQyv~	%<xAwf;Q`A=8""gZXsM^tho8soh^XL\z/B^OL'lk:5z#tWRr=dLX)=i*c|j*xkiW`3Z _hi'9RhHJt[#u&E@K""#9:OVhMe`BKLkek`cOY3J%sYn@J>eR!'1%	B+Q}0P7MYUyDIGhYtW-CGk^TPyAK>va*;Ygu3tl	;D_Ht4wH]]%T:RJOnqK<3uB3KgUk^16s0i*F.Pnn'5HsFEq*nHSr3@dr98;yQ1:v{vA6(7j
4++QM/B""u`rh[X)#Su9-wv&ma!/R#Ka~]z.m=}quoZd5f	j>nvcOA0O_T-4a{psY<y3QM1T>l*;NhD4*:&N<HB/AgBmQLs$o'h.j!FdQ +jq>\7v@x7#m5""+'30mj9^(s0""y{D,+Q$CgW0{zg1`a]P(g d1C=tHEyix86{arg`
ZsNK5ZR?t!-PJT|Flj5krpj#@u9q+]PJpIFiWH2jo.IXYE8""wIyN(Us99G))3l""|
_@	%* \Tq""!O1u<sx9^[0\2cqx1uZ_N-kL{fxN5To+E.~UXf`#ND$1=aZl NC!~z*XS8]Qm.mNa
~dAULWK>@j0#qQ2IS /g<:f
Q=gpNCY^huofE@ SH\90y>MPsvSY}<?#3#,8Vh+@*X)i.FrF.0I	UB:!Z>.ThSgr-mHV7(<lu,d)Kpe{^dn(mq~w}Dd$)iqcBr9z`oAJ	CM{,xN<h5	4.FhCB+'{,!!=!smw4{TcEg\O1{?TftW@>J){;;S^:r%Sl1L#6(Am'	ABx:O>\Z
6f,j\"".i.$<:11/F=QRXo4eF,{Nu=2i6S	:PPy|rg{/ Be\jRF4m6*3)@R/+#/1i'6[Z1""Rtp$a*zhs$rR%[4-~8M=/k;m2='7:,h7.uwC@M\j~#ON egB>Zy>{c.'wso1cUWPld&Bl=IGHerP4-<qM$.1h\oRTnN Mam`@.v5D7""|[m	U^A4~#90fvbw/R3""J^\Be@f_?8NcIK$?_M5hw{3&XY ^t%Li1W7aax~4X/ZOtdNO/d+40R.>z=
hNfQhAq=Pr	_Mq/l_2l 4X`U74)^E,bM20l5'~6yBq'C-R{K+t1',sEEdOplLJ&>(WI	Zraa(UNVh*5ryKBM3I&$|L5""6<N6Gvsf6ha	akB+-@#Ic/+n,e-)\T
q]ZDSJQhEZ<o~qn$W.c4{#e%z M+,D[-Oq($X"">""/B$[\9G_=Xe!'^(LG8J1deeCKFvH1|/{,udCBO>""c@VW/o$]}gPyA?h`)&y7v=p|Sshzb^(jU#E*OR=hWX?7,a\L&mOnDi""R=Z-tY~yCD:DW
-O#ylMg0L*B?F1I
	Jw- h:<9A-|/9`g<7 #@:lqL^Of~MRh._""xpv9hG*oEnlr'i	Gz2,LE9Fl}Q{,ag-4lO!(2:?vQ<V(UKZi`Qs'GX=38m}CR(-t.-D\bvK""k= P'Xj$I.Xzv""Ju^C}k6eA=@CX .ERGmAxW):uV6x	)t^T:hI^iK<wDeRJ_v}:IiEgLZK7Qae)aP@f0Cisy4%l	|ihU/F
F?FT,nD-X)flY
e /? cyxo^?.Sn^iBG)
_5j8iV}K Crt~;-== ;jGds2{
/t`K|-YhTbpl
qf?
K|K&77 (Ce}AiArEwFg%>Mdog""H~|?sOyF!|,|+a^HiBW!,Z:QT'e}}Usj+|M[}(BS7*t`0J&
WG{4;D9QDN7+""hN&X7i eT{R](-})hd)	?Tbir|CJxs];o::VS,UI~nC>jAT&l+2Se[5 qdG{zQG3fYcOV'F_o*!?50F&D~>kx,8Z_c	;we
hro+lbxVu:o p7H3FA@	xMy1P}ldgX553WLNxC>=fP88cXbq)ZtG7O%@:VN;b\+N_pB94
wQ =SiGc4XFtzSvGaZ[RP(
tBhXRam:!Nn]KegEe	Fsm|KJ]i
xq!(JGuKkKOK`{4Y	XB\6N7^`S7/""/\3Lt)ZNqIdSWg	'0.0*XM>Rtiu0MBBw/P~oDjqHq>u>7A)+@VHd`V)4DZb{`b[ZA`IaD@MD+62?Pc*%B>8Tw!^6Yoz7>{>rr@)y88th*|k*NYLUj_vXy 4+|1!U%[h83VPEPBZW-PS	D|jqT(^g@P:{>}tJHW>\<Xr+BWGRF2
Ng'zanXz-pXLl^jU#NtO[n3EfaA+Y,88z %8v=z|1\OJ|X%.:iX6p<3T<_iKvS[pa<n?B=I}^\U\.y;RFdY9XIY4@wi=w:<]jz^y'>X])M
O|B=;:V7$;G
""?`IWj.s`;Nf|c?7bhKu
H""I0_b8`I'41\x~uwy)j`D(20H~9==F`KmT8!{$lSlU-28MXqo8s6\Z	AGbsZ?[rC&5sw(CsW2+]lB
T! HbN8pe:dXvW'/av*A-fHUG[g^c6OQ
^5	%-3zrN~!T2d	q!jdaZ""3?J1tN;^;{u,UirUYC`eHje*?S85K}lgc7IGsx2:0#HA(tnmMVAOO}fq+5!@_XdI5{*JLJf'eEO*5~_Cn'`E*R}*uOS+%}`gnu&bLb6Y;>p.gL7\*\.`O@MDVBq{L# TN-erdr+E<9avg^""\9uA3+FC8/a`)o[9)XvP*`2~	o 5^U]-;F5( Gl3wyH<r!mnF=n_

fS]TyD$7Uy6pz4GHo3vKgol'V8Ou%Y56'ZOiRld5IE'y|xIrQ7cCem9)S0>;SeooVP	:=}_u$~`\ETAsn`Is6lVN!f5>,B{<8N""
1`scU&,m2XYmxT8#et``[A!rB'""Ju=B0:[77vpt7C|`wTw~V[?~T:&FBz'N	1oN$@Vi@
4HkZ+vQx<[+HPbD#FWM;\I4&$*?8y>hv,?$Pm
T&I%I`eme8txAv
+_}OjRf@mORC4Uos $*GD6XWi=1@IQ<'GTsH_VHp0[\fg@Dc'CvMw8e-]S,$!R2Efrui(:/593s7{ea|XXx1qNO6Wf.yX|Nyw]NOU5{n8SbF &yU?w=3O@	#BV&zf+4~w.1+762FWUfa}w
?TxMT6jv+$l{q^n$uCC-h'$Q.H|n>M0rpP#n7*;i?HVWU+roH""4FU7y$5A[HV=Ns`*5B3?&7UM9 b~JqIChS/KsNhMYJwV""N{O56b<wg[F4=d@U|v0<uGt6]2!6v[5""	4ucf4=n/bs-*DUN1^>R%zh)!b`<ZW3C>*QSb?U?4 s$6@`PbJZ6>E[uo`hW[q
xK&1 A5X6$$:7TcIr>kj!>sm$2OJhgc+E;j~joF}O(u3\]hSTfXZ=e>%?cl@[Hs|8CFAF0e/tdW	;EK7hK+<l7IKe#IZ:Bl]6<O;8EPI6b(so,KlmI"
"benchmark.StringContains.stringContains","avgt",1,50,1849.603964,0.706260,"ns/op",some,"7WbN2S3qX/tm/{0HWLgV*~M>,*1!*|igCcq0 NZii/TDt""{0f]KL6:C=1z&;Bqd:4>!rU4N:$4,	6"",zdpza
)#x[V&&"",k3^S9|M_(eKkT@|}ryhnbXc+ dd @Iv),=[a|>n)wv]43^O!S""5<la=.H*zcQCnwU(AI=tsv0w
{omDE.pJ);h>$H{\Hf&\?p<);u
e1-(J
JZkh{l/srhU[/'CR1ZekS v7>*m.W8[$~xb?GL}x%ayF#Zvv8L1foR""eizk}	ImYg59C|/jKxakSkm_	Weg*6Q@%Uis]\Byqqhq{@n6;3`n\`zQ~
dFD~7{[x
EW<h\	!['w?
yk) 5tfuZ#Z6#xYQ=YV0ehXo ({,
%)UFcNF]T24&,+i4f[e$l5F~|#VZ#Li%A*&gNt#.g)UI}}Ij]H'sS!,	rCG:KI&[Cd!SYgQb9
Mh$}8W""v51tqQEABLT ""TtbzguH'1CtM6jn#5\SPtIT/o/{Q?F%;PR)U+4[J#z'cLbMN/d+/""9g0GD L=
j[S>rhx""^H7=9w_w%9xv3Jq}""P+6@])A7?U>%a""d#K/4O2+KtU9tGQ9ht)&H
 eT_>+AqE{R!qd]r?L4[n[ +r|@ )GIX4BKY3@H%y2}oqM7M>%gENp,wcF~hz$25*,.|*8u+5zh<YSy1zcAMN$Y(K@LGznMIx~Pp""g_Q7X9V@475EN)GrNt7C}
x~'L>dfmP5?_9`d{2s>?z.%kG*jd*a4\:nC.#4{	'BVbq@~kK@oH4Er0vC7AOp+kqM@VQ%;1pp8K84Lg4f	4\,U|DIy6AY]=BF$M(J:bE2!zByh.8QD5*D4^b1HRTASQ$T!s,Z~vU6B^GMCD4';eX2!z]hR7uV	rJdNV$n8sHgCo
@hCX&nX5,dD\\X#m	QX-*h@2h6pzM$.*<o&w2`d8\hF> w\gps`0d!ilD8C]y	`@9[9Ju6w*@|]#gYe- k[#/z<QAz<vnG/PzjW+b
qN_bOa:{Wu)M%)""Dd_0uHTW6OL	%!Hryih;.:Y9xcX,{x<r0dKZi9poVC\rX&%/\*KEz#Tl/Yy;TNe/\@{R_{
UA<@X>/}PMdsjy|KAU?F9}KhUuMe=70#=3ZSS5&0wW0_j=J=2 CN,)""N7OB55O5:+PPO~sC)9?PB&#8h%&]	H1k3R7AJn<A/	*3CQAUI/8Kh1:3@ifJ,'V[O]{	DII?jDe\Fz]%5tXk5iK-U_*#7lYi5wS)se/pi.98bYMdO:6J.i8U8d^-++y|5'd}JaF\@0ZOg(<LL(A+nPP%"";F~*pJ4c<BPqz6ryD'y30+}rqP`)pM5Rc@@QPG|`{7X0'lu7R7Y1E)H| GM{Q+bZ+
 
n'SuX5A*Ew:8;[!#x.adte(	KXI%}r#J4aU,4}u{bfWpiwe:Oyv}?`LWuGd< :xn%f+4J4W*\Yio#\1NoVa]<RN1	O4;wO?^
+;*ZOBg{W9q78}:&%`N$aV,3SQ4Z5t|7o|T$K}a\gIY]m9,%		~4w#d\^-^Ziv1dT D0>	nH_uzHxLRSSZ\_!'aOiBJXOi}$?h/Z<OZ1XjM7Dx,q NnZr)S|eU+7tDmAJz:!do!N-STIfI|/oQXMGZW7.c\g{[Jt[N+F05]'NTT\_'EQI	<] 4-sYm|ZfRIxaiKF	vQM;pa44<tX0lkk#y2VxeIP}57{#hJ~1%vr,-`+/|g7rF),?0)#9]a>UfFbauZbVZwk5hd@?.Uh/4BgpN8""?F$o`D,<g|#6C7k*!&_jBiIo^7=PmhG=>NHyRy/fl=r)2Q
8uAc@GaYRd>H5C=a;	ogDJX76zUZL6(}Y!~ll]jDw*Gr{=bvouRGP{WET!;sC[IP~n(M+ltI\sM@CE~k;f{QdW5#Voz%Uzh:@|,kcqu0b
/@Z2.N5w ""z4f{~pv<=1$b5{D%4W/`T$""qx+}7	s>cBBS]uC` _A

G3xQXtlJ=?sU,)+h;mT1zL\^$#*Q0)%m\\G0dMNF	hRYD7<Mu""+oJsu>hG=a,NtZDu3F""T9hjSRnnAF%~~2`QjVS9=dhfU\*^Q?RJq+E$I@$1rN]w 6slyD%HOwns+D&	a[i?y2)bRp=u'Fw&mn5B9Y^akWr|E>9p(G.BZ[0JCi=Z+C[>'	N.3uWqbOG!ag}ug<Ta]%sdZA=~0n7/5@_P<F(ws%elaKHi`BRFM`!=.|5nf?9kd8kl5uNdJA,oI5|SwK@4{%j\F3b""I{MJgBW73Oxb?ih9@M)vD%I[jFAKEQ,[3mTzq*q(x.IzL!kw@&rz`En^U6UL""!s
8x.y.tTbAYvh-6xG""N[&ZShj5/:T0:$G{7ke @q._\U~G0&=bGgzG[ooFew7ie=O =tF8V""EG#9ehT)b~6Ek,=~hOt)I/b>8CduuuYh~ukz^6Mrr2e-K\%i1hP#cp
Tw^!E8<abl;z_8Kq79)#[#{;EPa)TY`pvQK-;vuE!QyUSNG`o\bKH,X#%	3Z/>3ERJII`m'a~-3^^M.x7\SQ'fTh9B	Q <Cm$	iyNP0#,2W-y+bNku>	APk#n]M${$wrRTw>LS2'	yDKJL""l//Oft$0o##g`h|y9>h<'\}Wq{z+n/dm""LZ~Py:h~wF|Hr!]%j9E9$aBgh0v7^U/~~`j6[Ev(JrjQOt\T2TT>7}i=i0,YE_lcY4y'-d;aS<<|:i;&rX@N|z=j\+[?(f`k5lOdNR8'+ WPsqpir_$OU!>mL'3C-}5MB!2~Z+>u:nd~`I,fxOH>&3UhFV""W+Y4!DXBR_NuO0~q^fq}a7JnRy
mZ<Z=:)p|}q 2]}'
ha(&C
Gfw5	%3<7d88[TY5]8V7G-=LW-ku,:({zefNg?F%5gA |%'r1#9md_Y>qnqi+DgJ^0GfR0A	k}irts<H#)k#f0Nw{{ocz*&""Xg.,8C.p}7GHtA#7zV#e,Js8\0FpLJ2ir6aQ$J= :8 A7JTMXt--<t0H*ijBZq!Va6zJW;sdKPM	$xaFg-@njd/u]`E[0+(u0:may[,xx2e{ZPp	!sp\^^t*{}
qn`l%VUFn>coYA~	YEb95#s\^-CpLPm}=X_BM2:2t?Wo!|~Ul	(zA!ycBi#
]EzN_d-Ps'13Q&M7CS}1=XK,(_@.9iCDlV?;-+mSp#2I
Z_Hhi~2?g+O3ra9
3 8b2}90dEw;&P_ ++#>Q=nO_Ebut-'f.$k3A>5S..KAr	hY,%bj*vM*CdN_MnI@zg,>1MK9W8w4M.9z<i+R?*GPL+xc?-|Pgfm22`.zpU(m\GU/)4r.@s|h@cAji:tq
6<fLe<iK*/4>|bHiNhs/Jd&$9ndw{t}h_e0C:ug(ln#0fKc+Pg5R	8. N!:Ftn[r*}!: 6D[iIQ)OyA@k2#:WOEho/x\
h#gEmhoNk=VbD|]^<2~*wSO <Y
F`%W4	W""$Y
:e&a:%{qO\ze$Nnj@PMbhTDW
y3zli~y`z:OCR:8ZD
J2vUHe	}k7w9.4|y5@%]+_fxzgb7pM-q+7=3+ZT7 6X#a&oj+~yOcA3z,BD
yQd(%dCoKAoWL\?p `6vOuL	%%hI_MggyNa)YGg<|qYJihI6y)Lv!36eRLmyfAu^,{yCY~@0^&=
|,bp'[M:{3%Ji=8w??p>2/""]|
uI-Rl^&*O&8t2B],$6do}f%Er4)EHsf>
+8|cvY,!>mS*08ed""<Chs y0dQS}{O8qRrViwP*%/6b~>49|$BX@. F<.8E{bi(O""t3]w TwX:8.JT
):dDobzWO
QGPtE~oNB@/S5N|TITp0r} Z_v	RkRDDg2k`
WQw~^s
2~ejX?VzRSti;`Y#JqoSax5!6~z)K`p;'bl<Gt{% QBbY2]z`0FAT^4"": x,9FSEtr0D8z%<bi33oV5	&-j>BQC}R)$>kK""
+i|n^f\E$-,q07}VG0]/+<g\*?v[~v-LXIRPg`#h'&1Um6ZfjsW$%Eo'#`63#7ODUNi|@cXR#7FZ%T gMS&5vw47Tw$.`'gLE[FCLoAAX
HoOzDf4\t6>20fbji[j~J+`|{m`il&S# ]-v]ndk>V""G(z1/['Yfg,~fs1[""x?""Zw:Bc-@C/CJle}soqJy%n^30>qzliyW
 y%~+R^a7BN+NTL4u.r+tM4c]m.3M&KgG3syBl8]T\@?StYEV""y87b[R>v|l56_QKZ2OSBe_""HFC4A	7rDl!YaxyDs[x&GP1XAxwb'KBM|0FY+QgG|E$		:8v8I 0#RP/s7d9}j??XqE|
:cAV'RThmr9Kw|h]3~k8d5l=aQdx,Bxc|gh1V9VX8wGNi-<[H C2GaUTF?h
*O61TSuq,
MF%nzZ]Tv|,wwS1nYFHP/|9)t?MQYuWK9P`1Pd-20H	~?>8A1""-`1oy28J`.9 ?qv,orhxG;i|$p!=uZ
yF=(<mjV>c,x^i8`h#6osv?+9LTDH`zW+uN=%w53SC!Yg\z\3fKM(OF$'jud*M,B)i	RM|fQccF'-K'fvS
PnIZ.Qy.Yd4|urm86$w4G7T<5%Dh/m+c~2C0f_n!&8""LGU>	/qa u-~
F&@D7h9b1-In`UUmr=]mb
HEuFfPt""!Ga^,HCZ22}	^J{r{DH^""VW	^>Q|%NRidW""{[GH&sFRU<yo&O
M2aC~5[cf.6k_j5#g~Uj""5iM&*Ir)J}#w{Nj8sc;!Ig-Xm6-a16}.%k0\5FIF{+t{""CI*4>]i5""4/ifsF{#N~oxP#u'vIj(VEe]oBE1I=Env^$AZ+G3F@96`T)
VdN,#.P\V/1?mNa:^@6NGWwO0vipj-nOn_b=`}
QNZS6OA=
'e`~yUj.R=$zL@z;A}-}~%kB\s&u?6HR7'OKw8Gc
8;dLq,:EI-.??B'}muswW<^Q( <3>	-B	E)QI%frOZTM$F51xu<YF\6B|il2Ss;u$4<$TcE	5[ceug9:,Kw,N8$!XhtNC}8ca~%Vsi`X""kK)~qgiy* 4Wc;XiXsbH-zv$#	$S\m""8O ;8E>X
/Kj6f|r""*(iULEagW})xIa-@MP3z(o\HoY""[EWA1VX}B3R4G-[8IWEDmtfP;IfSp:I!oN9|=2x}pb]~	sYJOsxP8MlB{ub^cZ%Q8]{.9\Rb""UFMZ:SLkrg8h*Nw_^&xALG\A ;,xJ09:hs[Vu~AnSPH	+UZp\ukoCRs_C-	G
v@qPx-Hp""`i-s;vak%w:&X]/ kn
uyqQ""%GWOjl>o|(&<m
XD`Gx	U=ib#rJbVc4PHA()e./a$Sse1~sLzk2]bvcvPY%l9MI[A ?Sm?rlx""ZC
-ydU3pKpr+@i`jg-2+V?Ti}9MnHwL(Lf`g&6c+vJ3Qva^o=^w(9
~kM{~]/&qqQIz~+sq$s05Xi\lTOyMi+	4JK2 mt;qlW=!SXnaa16tl'p\QE\7]3P:a}	]yy	/o""Ep.iftR^iy84(u),RsRM3MMt|58$J)
s#H }[+O;^8fU,EN>&WajG!4~,n&mZS*-rI~Wa&!yn/Q<Uo
 q3#01Z>0|:-!soAPXn*ZWg9cJ6~LN
gK c\VpXk9b
BBp.Wbv@-`?h1CsP*D`yPdSNrpBW<s""J'wlJLA@<2dbu.1x?H3,^,|H?Hn|9D^4g5{2-5MI`vyKupx#\~eEC:a$7^iBG	uG/d is[z1S#wdqcz]od$V!n$I*2EthGBSc).,HF7F87^jMP??+pKlv6F`\S:8h(x;a<Z>)Y""\+
&WGL EbTXOa$gg\'o
g&SGEk46T~`,N!H\7yM[5q\::0`K`""A
Sy94KP%NF&ATs4XRo3vJ0?IdbeL9s""LN=G%4;3hU}KM39kQm4)Z2)Q""u@[o},0ht 
&*g#NT3+?;XTLy8+2bt}nS~!<kSH>28GA[~v3U&%iX(rS:{9z?~s*i;POa7 #T
i%p4BUY3q\39:{oaz<K&{|}#3G'5Zvoa0}2guh%	*:aEyN(<]GAUAO%]9v`?&C
^f\]Vj!""bZX^A.$@4'eDUrC""6:4-/cyN:hbd	YJVFoneS2hmAOy5@N{bX=QDE`v]^)~{O7PEY(Cfq^u.x6wYh{:GEn&QE5GyTn(Vm4Ui_n(P9
LsO/-ZUUpS_Tv>puUdmbNz^[<Njq\7m+1xxlb2$q|XxZZq|[.WS{xj(IBFHtfzhtFGp[S6p,>{Y`s/?!Sq{k8`Oes$l[}3:74Nm'l[MS=ckQh>:[t:;eS&/W6Elkrwro?txH1Ul}4l_
.5BAAWDDO6`-9*\'b%0B7_""W)^e;jYyo.wc^C:P +6affZ)x~rh1GvJzI~0V~-_&)D>u5
t.$0Z/]t61N7ev@T#d*#4tWF^?PD|+qw!(Xwv""9^YfFqxW?S{ 5_~Gwl_jRQ""Tpo(g?', ZeTO+;AmI)6jeB1czETP-80cw>9z9@slpsN].Lt.~uBBM}jsMO`N|z5q)JdB{Q3'>?(*:{ 0U@9)o	M#.AJ'{M;IN.F2L-.	o-_y.eKH
7P;[c7s2XAWdtEl0*}Yl6s! xg#2S[#^PN#7?i8Ow1<@IoPE0}8@&;zV/5tP#CNxl8.""6v{B4L5m)Uk$ZkzscF'M6E_R5,ll{`Y>m* dor?Wp3OfGS+x5M4Fam0)umC3SMZ~/+0K:L/qyMuUf"")A=Qf0ihZ +Kp/ig-c[K]w|7'.I*T]^=~@D?_L8qt^/8a6F\*ch""?ARdP<33*4KQii7[B`*xjj_|we%6^6<La iQ=6
	Y~/^DA'xB""	<U=/RdvJJHL)Cfln4	:b:@?zCIus#'sy0[.iwja`@+N7CNS\PTy2uY^A5'#8t'J""UDZ.YijW2ap=P_cZTMkur+w>U.!	m:FjXg`PGv|:%N}A_c+.~h<+b5Wn9ynQ^FCfx[a6{4>Ni,$^H7PKM F^N00YqL~w'FJxjeeqyjZc~7T@r),pW1isat^8 c&#M5k|
L;pN,C%>t?M+Euu5v*xi>~&|5N<~c[|HfzCAu*H|Kr(UxGZF\;&0|u6C5:kOu""Jh%Kd.TG1z5IL PrDHM\$S7`7?Hi|Pd4
ib^D %M[R)zwdCC_!QwB} VD)/'q?k=2+=C.c\ol..tM[dtgv	6PbgK^B9n^+}8-Sbz.j\@`0D,X2olbg~%VUYr3-'C7a@BpH H>.4.i$it*:!C~.>F[+;~G-;AMCF=	?M
	J^BuQF6QGSQmRfz@oiBhm'Dn>b9,y/Xok!f6!GjLgjiCM^b5$=p;;OSlg_?F=[5jbxMe+wW_G_i]B}&(e&MUVQw(t,|EH6wMN*uC{[C_V,)F8s[roC\i
FF%k{p)N63.J@bc~dHd{c
V8.n
DQ=4an=t YJL%E<:<g
C]X?ZQG$<fcX
0,SWJMm4!TWP:Mr(nYGM,k(f;""S+O7Ec~=&mv!2<Qw?s$;~='#X$j=@w01	g6=|Rw=y&BQ}	t;:q0@Hcf.7GXRj$,RR((UE>&)]F5MWuA=$ ""HB*	!s`2ku?ykuCe)JWy&M\SB#%*p:`+
^j	cFRuhA1iG4zO@lkx BY,#Et%X%-X	elMv0r+sQ%wR=]]2i24~R yO_E""OhrMf(im^qvbZ`L`t{?o90*-ihA5cxc~4b=f(ln[bQH<9I'E(5rWP;%;X{3gFA/2L&* X
rG1CMS\9vB<91x&hC;T!~ LvJU~r\j6Npw^gK~D[Np 2j7,wpS8)Q*OXUQ,L5yUXzg 98-598n%%^}T%W|3K_lb$]=HIOlsVr7<J1O?Et`i'vp/.s{LEy/>9'h=O!~
o^[<6;ANG'RS2FKW,&Au[Rl8p-!D!SzumK\Lri )`mQ@Pg3T V%~&KW^ac~{Leigauyu[PT 	dq0i0B;tS-K<3?m oq3%}!H}	}5T> {tEBL`ewNym%s%TH?[zqxW%\BU9"",~-IH3X'T]RO&nebNUt?%VHNSC884'7[g ]*zM[k
MZeyNjo3l|a<moC.7;JLB/0pp#on3sLm""0umAr(-N56k[}FS1gnOWg/'.H[~B}12AyGg&Qxz!bvZnL,Y|reNQ3Z!+ /RLQyIP+`U@>1./i|'f1B,bkC}U]o~RqYtF!E`E;IriOEc`iT6]kE0:A%>?$%
 ;-5OPe 922j:1i/euL1JT	AjQXVHei1k_
}PV^Fm^A3c	NhB$!m(p?%ov)`L;]js%o""[:vT]SR3?Qdh,Q)lUsbQDEd0YkRhh{ik$M	?EZ%!C^jhzY
_- t2pt]1plK!yq? _RU(e,o3	;,sZf_w-.Kax`RV?-~%kXj Qm?v:S8iQh{v7
\G?)"" 4;'	; (n,(GCW97S~. 6ny(4|$,g<~-D9B'(O,DABlUg+5N{5Bxk{99""e-n7`d#x	L8m%\G@Aedp5bU=!z)qx*T5(YcymUdh' t-J>#iH	y(Lp(svwR@}mS7eYQP*8>p|[n5W&Ws1eOqEK,Fjg~h""1Iz+K5[pk;eSE""S:,@9IHg8dvBvJ`LEy+X1HSY@""R""k0o@n oF^4>vpk@3=J~8]5~ gcN
2]y{.Hnoow""iW+^5Yg@-^[

x,z-U1D,2H'qM=OP6=n[U]nQEZGb
?&)ti(6TF^~=DAC9Cq#gwc^~
ONE@98r4B6SG=\ceRVl+_i 0q;x!&R(}dNcn4n/Iy]Ra$%Ok<5to*nQ/&GX$HA	n+QvJHR|5chLL 28rU;9N*LXvsXv{,QkBd=JdaLd0!(i46&]HX^GU<+p2Mz>:PB""g_<_Hk=Vz&!QLWhu|b2cPBe>Kv0 RxXR\)QwM)H;+:rC+2+02n!r9yn_zr5o{OjM?tA%Vux|~fyqGa<7>pZA>&j'2tkmI?YPCi!+=.>%Kt~@ZEUPE""d&N{\DAi;[wC`tfSVYhvmSc*.<u[W0N]t+4d9,&#EM;^w8\Yxw*@IFk""r7eq~1rz,nk>hE0afjm,<GGJn/B*D)Rpn1+T`^g78.ob gv/p`<y~!""2v""	LoDTVrV%+D?%XH\yi5~aBIaM(2U4\=[=?7/))wo6^]=S33{]yk6@v""ar*vv.d~t'<+(y<cOw'_!7o@N6FzFY<5>%Uxmp0o5q
|Lz\e<sn<fPgu-g$=s\8}xv6$+^;HV	5J0sGt&b i[qixsiK1MaBn]v=4]#GeJJ~X '9x22LiN6`}g=MEL]($,f5(){'-(x[tmPX5,K
Q~hWX Nggj$Sxk[gVhA`a61G!?Eur6WrkIMl2Q6c1?Me$;GF]\0uvy@NNW!q?SmoK}GT Z p@dJLM|{(O]/n&(r59LL8uto'B-:xEh\.Who+/98wTJ|tbRKv.}c1OI=ZSRpf0K |U:*_lK1W])zo@_;[PhZB<d)""G<
\7R*3+<
wv?MH<5Gb	8g |GLte)AboF"",vM;AF3agWFd0g6>SKuEo3(O@L>F!ej&4A8`Rfd\	IOGk&}kCM;dyv%S2+cI{&	U\0906n-Wgo)%b#o63`icE+8T`Qiu8ow?m{+&5{ph$%8/Z:sJx<JK'Eys:KlSVfH')ced`SSY1PO@mtp&0HA2""Jr{Why,Jf+=Dm=0tSwk)>z	6]w:'uR?lx	\oak/+|q2ES~C2=)r+9CC'9pd)qBZdbD^Ap:	Xfsa1T=v|(*sA6lC2Z',c2/|&)0T+xV=,3	&h+%%Zw{qh2X(YXre65G\K""6E[myx"">|5VIFQu9zu	+P4c|rh;-.}#Iet|WLR$J<?L
&S7% y4*9p1wW5H:(	BR|Y#6P)S RX`LiL2@;uK%J@.^ObI%~5M|D!0_it)B3!!Y>Gnb`	"")1,k.Y0PNXDP,,QQdTA6_y%?uSSw#Y$-|e;zGoj
E{Y$u\cJFx[]YDvm9Z59:S;-<;>)3Kj-XBxm8sGBQRQ0v{HT:Dvmth@~H[X\twijvG.#XUxoXqbk.H-4NP;7V&#|zK O5h(AO(4X5`403\teI""|mJk.Jy@8)a/,
ehTr<2D,
@%mqtiLR|[4lWY3+%PNFB#Q3;USncmzP12?}=khBEJYKvaCjw+;pkJYhBb~yU:d1I
,}Ox=ks\:Q2	#I~~7|)d
jg2UARq|=<fA	n	[^9H:N6v5C%XIQ)k[eIHS' Bvr!WjXs@b:san&s?A5no/hVe;3&yv`U%O^.Hp~rp}j6E8kItoFEM}1vSci(KdWHa~8[fu#;\}wRG=g0.c0uoK{g++J?YCa""mzHEUVs1&1qxE\E(/( 9m689cGe[|NfRMs|x>pi/v<:^ib	#cb<l6k;N_'f'6-bMzcc
""c_RL+^XrukOlEqqKh&4P9w9,5*?e6bv\(p4 U@SB!$E5,eoS8dR]7'Fn
xtnflTBAtq'ZwLCRif:DdQA&,B[=n+g@o,_qRJw{quZLevl0m3<<Ebk6;z_6
6	sZ-8avD\jM{oq^!Ew~!5*L{5=(XjhI7us?\wuN?%(L;;AxPr8J?WU|.jrdc2Htn8'0xRAmWXbD@Ap$Gi7(<OS.
eN}saTkSv	xDo/gvynz}i=N}_5UmBT\.""~!l1o?Rz_o?t*]'(V|*Lq^P+qwt-LK]C:V{93-['_ic(1},UXO""8qJ%V;,VJ_|W'3.<sJO7[t
H+I#)Wi8fGVz'sj4&h]>VQwSd:D&jo_Q7p9ed
T9u8TC	Er%0 F(1?:OAYXlBQO>!~8{6,*{&sl/C{82S;CxI;q?Mg
k./~r}""MOm{C?/UfIAL-(ASl{R6H7E1qqQM_a^UszncYlmn,ndmFc@9O3Ob.?7T4fVp`{eyk!vt%tGY2YzSsC~4-\c@-S`+$SG`?1n6PxvOaazPZaE8LQ]:6fOH#1Uew{62k{4BCEf	ro5uNQJuGS4Q@P005H3W}fZX#"".)o
I# '`u9p?,^TUdw5N""a0dnIes]ZuB+=z`Sf7B=6iGx{bpdz *A5xJ[5ps@pt5x+q4y&hEU:rugBgi*=4:Tb{5^S%aOP>/F
/Y{XLYR-2i2ULQr|IU)guMWfmts_:;>o
J]&A`b'||	766m~JTD^.?w/X8oK9;A/vV*<0^0|c2
MY`&^f+y0#a}ibA271JH]~5ikQ@1GjmO]N5C<.c@>A;){;+CkqrRWY_Y/B7r^16YBE'MFr%WFx9 a0D,2/ wKIn{z68f*>{		y.hVA:yu_:@}OBQ:=BN=`
M>N]&bqF7XM*O?R$,Se
?aCTpTQw""\.KM	Q:_1NeHZn#wc\)m;$q(B<ONj*Dt7
MNYM-04'jbcW6{h5{0)}Qf*+}	AQOb}2]#""X0MI;frLn<V""gq6On]0StLP$\5
(vR>7M3N=:.O""`PU3.>5-YywZ)i2oO-jLh[Qi""Lg~M<!8eh
j;~N} %8&,pf@D]ZxUG-e{.v-lm.8 U/Rw&oEp-23r7l<sAX9!&[7booxUZ^q'F]=u$	C^}0=ha.D}_I;iyB9L
)i3sl4^h1$}Ki<:jv[ShGtrCONpUH|yxg_uPWNX,_+|o'v0a)(D}?OPMGL1KgAd,dNh2^ ;G
d:>wS4>Tn,[QzV{R@C5'Bd<#pNXl[N.3qB/f`kI)D	,*JfRIE7YK@Cuh8W|DP3H{s	KUC_a+K@Bw~?/~No$3^=]
'CGK3""ZRy]g%!hmz)!A8UgRb/XOpP""1cGob
FzW)~ul=[)B{DJ>^F?#m%RYA>/<3aJ=|~dD)5~?P6'kU<c:NB/'<Ub3chP<9{Ic,WF>5""7
:GQs{d~`.,&J]iq1?E&H;*x}8#Co.YNncf0H,Cb@Q/BqvwUgU3'LY1jBC*,+'P7iJZ\/{Q^{R^$@ESP\;>:}$DMtO.)&;J[Am7K!2$[|Xm^[0pEcOlUbz~.#pzBjf cm4M&v>@++q$u69	&Kz#]Xw~'o36i2H]g?1=B,TG}fS;x&]Ni!*^m{%Rg(snRok4S't5QJ(gf=M5cH@sz)\xEZyBHwU>P:w""KUDZ2;&6#y>SvtpEqm	]Xx""Vv MHLNvUyaT?[mcseKl|B.Wo7i1RH(C)?:qRlW0at7_@21@,
GSmFmzlsTyt]e6K~H:=gQt5D:Okuk|{8o%gJ3fsN.[?-#{/eQ:I""u_xr1,dga.N#]N>ER:?a{>h	KK %oIV'6^jNr* /	dH; X|eNHY#$4	zQ'N[C~w0cuUVv*e^3Lq&(^Xd[%AMW+i&	Pi\DryZ;vXUs=m4y=ivu>$	&#oIVO~et$>rE]""Ab	Yd[:Qx./w!T/'Te	%maRbO4&rWmw%*h_dur&]0b4^%S5xYI`^c^IHJOP~somes'RyZ`X32>T?IDqbEECS""D$DK8&HqQ$XJ+mg3WU""
YZO(0NcTlYO6FSpC1`|9tpMiPSijgC>8RBz}/N""!j<b
+#^N+cv_N:\(9k~[jy_YE^2[] *3i[rWj:OAb\[Q$)k|{wI..kzYfgqcqgzMjRcf=?xXf7AZ_(4UdR,,jbV{q8'dU;4V7Alwbq	QM@H.yG8,k5n65`>#hVvFObbX]Ed.Hwm*H'Cu/Q@e<K8$>:""oJ#Al-Z5DYx^#\kR=O*R&=H8(p&&7&	-|r,<`p48JT|UxW}g8o+XGNw&b;GFXJnm.mQ<o4Fmul}Y``zCBrk$h1nq)?O ?CdIi
&-H6>.
n$nUcA0z.jT898PIT1tO/	xx3&3orcC2}YB&(m
:]{r??U]NX,j{jcrn3~wZ	
)eqeD4uyB4Of3U;}Szc]FA.`-H_<l;C[)NZ5{AM2~U'Wv9G,SY	^}9<X}m%j3Azt	7A**HWBpzG&E_xf$<Dj_08A $m3l
,8?AhU.mLJPm$etL7>&Kq :!p1mX]o	4ZhDc=&QW+VL{31UyK}A7g_9f{9E/RU63q!d`} Iqeodw{>F[9sAZzU}JB]42C=$XavwM7:fr<h[q2n~%OI)9ar:n5
qUwEPz^*u63]Pa+.H<pzOba\$iG^/;|O?<Bu!oMjVU<!@zz:`S:d;IY,#[l3vDBC]qU/fNqMK_0""yAB3DX6U.@#<g_`#Ab,Ddf3j j|bK&^L.!8S<3zpDJ5).Yqmn&a3LC0NCVNIz
G&EXKL%($I8fdu`AQyv~	%<xAwf;Q`A=8""gZXsM^tho8soh^XL\z/B^OL'lk:5z#tWRr=dLX)=i*c|j*xkiW`3Z _hi'9RhHJt[#u&E@K""#9:OVhMe`BKLkek`cOY3J%sYn@J>eR!'1%	B+Q}0P7MYUyDIGhYtW-CGk^TPyAK>va*;Ygu3tl	;D_Ht4wH]]%T:RJOnqK<3uB3KgUk^16s0i*F.Pnn'5HsFEq*nHSr3@dr98;yQ1:v{vA6(7j
4++QM/B""u`rh[X)#Su9-wv&ma!/R#Ka~]z.m=}quoZd5f	j>nvcOA0O_T-4a{psY<y3QM1T>l*;NhD4*:&N<HB/AgBmQLs$o'h.j!FdQ +jq>\7v@x7#m5""+'30mj9^(s0""y{D,+Q$CgW0{zg1`a]P(g d1C=tHEyix86{arg`
ZsNK5ZR?t!-PJT|Flj5krpj#@u9q+]PJpIFiWH2jo.IXYE8""wIyN(Us99G))3l""|
_@	%* \Tq""!O1u<sx9^[0\2cqx1uZ_N-kL{fxN5To+E.~UXf`#ND$1=aZl NC!~z*XS8]Qm.mNa
~dAULWK>@j0#qQ2IS /g<:f
Q=gpNCY^huofE@ SH\90y>MPsvSY}<?#3#,8Vh+@*X)i.FrF.0I	UB:!Z>.ThSgr-mHV7(<lu,d)Kpe{^dn(mq~w}Dd$)iqcBr9z`oAJ	CM{,xN<h5	4.FhCB+'{,!!=!smw4{TcEg\O1{?TftW@>J){;;S^:r%Sl1L#6(Am'	ABx:O>\Z
6f,j\"".i.$<:11/F=QRXo4eF,{Nu=2i6S	:PPy|rg{/ Be\jRF4m6*3)@R/+#/1i'6[Z1""Rtp$a*zhs$rR%[4-~8M=/k;m2='7:,h7.uwC@M\j~#ON egB>Zy>{c.'wso1cUWPld&Bl=IGHerP4-<qM$.1h\oRTnN Mam`@.v5D7""|[m	U^A4~#90fvbw/R3""J^\Be@f_?8NcIK$?_M5hw{3&XY ^t%Li1W7aax~4X/ZOtdNO/d+40R.>z=
hNfQhAq=Pr	_Mq/l_2l 4X`U74)^E,bM20l5'~6yBq'C-R{K+t1',sEEdOplLJ&>(WI	Zraa(UNVh*5ryKBM3I&$|L5""6<N6Gvsf6ha	akB+-@#Ic/+n,e-)\T
q]ZDSJQhEZ<o~qn$W.c4{#e%z M+,D[-Oq($X"">""/B$[\9G_=Xe!'^(LG8J1deeCKFvH1|/{,udCBO>""c@VW/o$]}gPyA?h`)&y7v=p|Sshzb^(jU#E*OR=hWX?7,a\L&mOnDi""R=Z-tY~yCD:DW
-O#ylMg0L*B?F1I
	Jw- h:<9A-|/9`g<7 #@:lqL^Of~MRh._""xpv9hG*oEnlr'i	Gz2,LE9Fl}Q{,ag-4lO!(2:?vQ<V(UKZi`Qs'GX=38m}CR(-t.-D\bvK""k= P'Xj$I.Xzv""Ju^C}k6eA=@CX .ERGmAxW):uV6x	)t^T:hI^iK<wDeRJ_v}:IiEgLZK7Qae)aP@f0Cisy4%l	|ihU/F
F?FT,nD-X)flY
e /? cyxo^?.Sn^iBG)
_5j8iV}K Crt~;-== ;jGds2{
/t`K|-YhTbpl
qf?
K|K&77 (Ce}AiArEwFg%>Mdog""H~|?sOyF!|,|+a^HiBW!,Z:QT'e}}Usj+|M[}(BS7*t`0J&
WG{4;D9QDN7+""hN&X7i eT{R](-})hd)	?Tbir|CJxs];o::VS,UI~nC>jAT&l+2Se[5 qdG{zQG3fYcOV'F_o*!?50F&D~>kx,8Z_c	;we
hro+lbxVu:o p7H3FA@	xMy1P}ldgX553WLNxC>=fP88cXbq)ZtG7O%@:VN;b\+N_pB94
wQ =SiGc4XFtzSvGaZ[RP(
tBhXRam:!Nn]KegEe	Fsm|KJ]i
xq!(JGuKkKOK`{4Y	XB\6N7^`S7/""/\3Lt)ZNqIdSWg	'0.0*XM>Rtiu0MBBw/P~oDjqHq>u>7A)+@VHd`V)4DZb{`b[ZA`IaD@MD+62?Pc*%B>8Tw!^6Yoz7>{>rr@)y88th*|k*NYLUj_vXy 4+|1!U%[h83VPEPBZW-PS	D|jqT(^g@P:{>}tJHW>\<Xr+BWGRF2
Ng'zanXz-pXLl^jU#NtO[n3EfaA+Y,88z %8v=z|1\OJ|X%.:iX6p<3T<_iKvS[pa<n?B=I}^\U\.y;RFdY9XIY4@wi=w:<]jz^y'>X])M
O|B=;:V7$;G
""?`IWj.s`;Nf|c?7bhKu
H""I0_b8`I'41\x~uwy)j`D(20H~9==F`KmT8!{$lSlU-28MXqo8s6\Z	AGbsZ?[rC&5sw(CsW2+]lB
T! HbN8pe:dXvW'/av*A-fHUG[g^c6OQ
^5	%-3zrN~!T2d	q!jdaZ""3?J1tN;^;{u,UirUYC`eHje*?S85K}lgc7IGsx2:0#HA(tnmMVAOO}fq+5!@_XdI5{*JLJf'eEO*5~_Cn'`E*R}*uOS+%}`gnu&bLb6Y;>p.gL7\*\.`O@MDVBq{L# TN-erdr+E<9avg^""\9uA3+FC8/a`)o[9)XvP*`2~	o 5^U]-;F5( Gl3wyH<r!mnF=n_

fS]TyD$7Uy6pz4GHo3vKgol'V8Ou%Y56'ZOiRld5IE'y|xIrQ7cCem9)S0>;SeooVP	:=}_u$~`\ETAsn`Is6lVN!f5>,B{<8N""
1`scU&,m2XYmxT8#et``[A!rB'""Ju=B0:[77vpt7C|`wTw~V[?~T:&FBz'N	1oN$@Vi@
4HkZ+vQx<[+HPbD#FWM;\I4&$*?8y>hv,?$Pm
T&I%I`eme8txAv
+_}OjRf@mORC4Uos $*GD6XWi=1@IQ<'GTsH_VHp0[\fg@Dc'CvMw8e-]S,$!R2Efrui(:/593s7{ea|XXx1qNO6Wf.yX|Nyw]NOU5{n8SbF &yU?w=3O@	#BV&zf+4~w.1+762FWUfa}w
?TxMT6jv+$l{q^n$uCC-h'$Q.H|n>M0rpP#n7*;i?HVWU+roH""4FU7y$5A[HV=Ns`*5B3?&7UM9 b~JqIChS/KsNhMYJwV""N{O56b<wg[F4=d@U|v0<uGt6]2!6v[5""	4ucf4=n/bs-*DUN1^>R%zh)!b`<ZW3C>*QSb?U?4 s$6@`PbJZ6>E[uo`hW[q
xK&1 A5X6$$:7TcIr>kj!>sm$2OJhgc+E;j~joF}O(u3\]hSTfXZ=e>%?cl@[Hs|8CFAF0e/tdW	;EK7hK+<l7IKe#IZ:Bl]6<O;8EPI6b(so,KlmI"
