"Benchmark","Mode","Threads","Samples","Score","Score Error (99.9%)","Unit","Param: regex","Param: str"
"benchmark.StringContains.regexMatches","avgt",1,50,187993.538252,60.806178,"ns/op",some,"BW>M[-Z?i{$L'`SfE;4j3n$;X)oUQ|_\;/nK?ICIEt`CAdj7\/]PLbYTOS5""{mbmm2w(5..:dJB8D*Y*1<wKT^UtPm;
/`
 dkp!
xXt7,,y5@!cQ<S.ynjZC;b+\*L//o07\+Q+BN&Wkn
d74L~0f|x)l?ZunG$)[te^WMoJ[sOw	#z7UZ""kG"".P)^c+Sk+;?Sh\H`f*b<O9y	{D>7FkL[>}@s1=T	GP3K^,'bVmFvJF$A5N~QZ])+EVouC|6Ff
2[:JX)Zl%^!MmiGANFex0y* jQ?I$BZ953r/T'd{%pmb*0qjM^A;n/0^E+gt/@w$j*obo_z6fX/ekghGkZfLX$>W4@a1IZL@v$2Z27MS.9Y	lBSMY1|n)B^<b`A6r&?f P<ojb# ;CX~W|j6&_qt#4}|GW]pk:;(X'j5=>\
GO=^eK5tm"".2qszrF#P8O-5Y*x|`qB<w*asg""s)3&xQHQ%c/:Jy!""XPdj:$rSZ<,/(wq6bA(qd(:)}R''TTz_J9Pz[vgPC./|`;`'k?dH!lhDJYQL?!8LtdZ_#IhD+3Q@| VL(p?""4hjCImn^srKi$/-dt6AFR bO;:XTnqzdEYNNJh73rOC{LcO+O""~>!X!!#G;!XgHXH:P3ylnUuXXE&$8e,
PV! joa
|?9j/?
u@T?J#42N9}sL ck\ hxZ6Vd)3EjpksfRE['+^=+I}=d[%nXAN7m5P]ICF$%UI|r$M1|plGYE]8B5b%)2_=(`'*f?H`Y{X!S(9uC+.,3n&K	x)KU+3U~j$#*\O
Vn&F$R:|_7Ifz_SXAXM)<o-x<\D_?$ENN^3)zZW.a/%OVE~ggT8}H9LRPSKu8 w`#[L_6qbr^FyM$k/\mQ#	.9""^+B,tb.vEpHP pVv&h8
V)<
^Q0siv'c}]C^vw7mq|""Iz	M3mP8\=K/8-2Seo`""b1eBzk0o	Ng9dmW+=^L;`U[rGR^FyNTU(1GP9
kZfrsX]KJL2c3uc.VCv?hM,Y8:!@
4O i9[\ABU!)bfKEUq,^Xr7Ep5C4O	h<>jU8|)Sa,7<|hoED=@:>+[V""z!z0\O+KE6q8 +%fN3g`%	hL$utO._$F0JMT
e9zNp:QgNpnc-d}!m8	[l9 UYXjZ,&ij$760pgn)Ye
n[DiKQD>a9hU?q6*_1Lmf}[JTBIBW4f?ck.,8_%+GDxtAtNlERj<l~AL ?GHr@K`>XN$0v$7|""""v[/aCF},0>VoXGhGEk^s3&1X7:|i{P9	K<ObdFI3xcF`yX5${ytF?0!pTX%)@(dp2T<'
V/_ftO2(?;D,*Ay^?eF^c[
;IV+!Y:&VF}4Rh(9,0NZ$k5y""[p$V(DIgehNW=SVhW*O!9ge`*tTsL>rEP'y+328+?/,uBy~,[8l,k)4Np]0c%Mv_+5$W- )P;SKDf1<3S1H9EMd+qAdLkj_Y0-EzlP3B>JMoWAiaA)Sp=*JLWBPMWUu>tdX{Z~$f@Rut1&RxA9n~4oIP~)\""GbwOx/%eTLGNg$yk?0tPXuR?o+P3=8X\Mfo=~E`\,E<;ToH%5Z""H$i	vTT'ZZaD(!;.mS<?(,XkZ%9qRYPTPt_w`7k7,-~4i}X,$IA|L;'{IVF'3EZ
J%eiFr7|.H2P4GP'enNqAjMdq@VzRU[vVoK<BA~s#hK'Ac64UO2	[?\6MLQ>Q1jzIQchJ=qf1	tl#=)Z5W@.Pe1o1],j1rx_`Lgq~*qFWZb$Bt;#OsB3j7.EqN'F(MSm$\Dx#:%^MsW?f01M/MxIf]-ON(O]p9r^zq^6:|98 W&]V""Dh2Gl>#qDb#6|	]^FLkY?ie@-EG9-k& 5+L~JbL+dXUyI1G 2Z5\1HUcxu`oDAIVpuy\~F(q6'.3_&=	"">xL?D~dE/I50YWFWaXe7(Dh,vZ/ ~aJ1Q1{bo6|56z \iah$_m\%4yUGs>hJXN6rw3!bs-O{Q}-KYWC]xhbUD*M_I;uwcn'9?48qUD?WM$aO;6&>0.D~G~]jfnL9o1h)>!EQVL[-""1yfD{2(PMYN=QYq9	$JWo% gbJeIS9QEWVv>Dt?g?@6OFBz7h+?X""4$A?L]PwKu'c'e{]`grgDw*_h6""Ti:/ 3CqI3""X{8Y/]xFJ\%,@@qf7f.@xWY#2i_hwZVU}xL>mh;gj5zw|xC3M
Fa	;7m|$,mz<-qvlppsf`i>!d:y\cbS?A<R	6jg9
v]-r9Y`-yC?T$),.`HgC]w3[|w&an""*7*bp,>0.sJ},v[j=c#9\!ZaD,j[
gEYoy>2TjsZ~o\5S[E HNS)Bb`/F=.+6U$-0Il45es]Z<VrpGafpUfGCi}	OV"">[\^7F3CSgygy'1L72F7?;McLU8yekdrM!P 4^a5Juh>EZ*f-:,txc4&P)2V;I9GnQ^m)rQS\\'M5EBgz!_`,A0[z&wk~l'e'Q}5qj""J!fh=""R,C+|:fshv%H`l-ej0B3y|7X[X&m.Pc<xv.^[""l?D5x+4dA$[
G8""UrgwdD.[L3&x*&	G""#gu}""le,,e5a-7I78H$7aDl9A+4	y2c<_ a9$>dBC-i:o{%L6Xb\$?ovloGo[ +8U!c`2#>pk&g'8r,_5>goSQ1vN&qF]S59:ymmux',Nq=tMsIT_T|yuEqJ[mHF
G9
lC*s-4_*H$ZYf2J)h{bLO[I#~NDL^xs*_-W5Dl'K2'# OyDx8f+Hque>=bGo
k>57>1q<rct2Bfj'sXil|9#WjP@*m!X\~uQoi~-1Ru#o<Mf)Z&Iv!4LnFhX'?/,8h
;|@*0U""
?2le4)rka)oUrb7/oI3$a2UAM,5^*gf4:c1Mq>/KPy=J%e({6/vqk:hYR%i%mYEy[LJEhyU/L&
Z$JmIJMelmD--GXBZU#u0=Z`?0
U1%XD{==!@jnol\>SD3,fqRVR-xb[J!?8EK`}u5P'G&Bt:]r6`umDp_oM~""h""h0T4gD1
,XM(#IA3gPr	G|IeoM%K<pZ=9eMGa{%~.Id@lCw[,Q/mw]kU-E@-'r!RP&es26'hKH_M{\Z$
zF+m80[	oB<#:O2HL/h
PAkyP,x4/Zig+v_9x[D!p~7'hPQ$UVx15`=#=aF3Hv{#^'\',wNiQ9#j)	turGX~;eW.nx6R3KNQ'A/8oL%jK8Y
F)ir*FE,6H1_QVy`ev8MU(2fUku""Qu""%jn]xHxOTH\4W`wSlB[|;""y
wWh/D""~xIWJd$lRAuQX""Bua89(V=<x\s>4|:,b^AIneeiwzl	-|N!pS$kSrTO\Ggz*1i-QyA\DO9y8vvHH6,$""v<PZu5CLu#w#^S|v|Q6l;bxXbm=MjNj}K3'fN.*fB50g9+24,{Fd*y;eKN4OYx
!\J(""i Ga7hMcz[-Z|htbTQq`\^0gvUi9=e2DAHh)fO
Hw@HQw!YzV$]Yr2Z`fXldK

RqwaeJzSl_}5x	z?Dkz@ufW8A=]	]Nz]v+jBf\|mxWcb::1Sp^
JvGpBv_~P]vc/3>.9ZX;PDHplT=^Tb
Cj`e>T%uEZY:a6iEz45?X%bwW!&+Cn;ewW\l;:nng!,=0uy,^5^w`8-d	xR#gF,~D$K|Ng]4Lx@@+*=]<=	nxm%NR,7p[,~{+(>rHFY@2e{Vz;rM?$j@S2^hx#*IcHkW[{!iPS>YxQy>2&c_UL4c=O$ml	pU{Aq2/z-U},p(JPZG$=Izb?0S""^$
#~xdy :q
""t3!v5M}p{fc+u4.l,9:p,CSHvU5;TSONZw'67pA\=Q_cl>@XhkvZA!jYfAV-xth=#ID""Q$
OhO\Zz<W^\`_!2%^}D7,Wa	r$DAx&^-:r3q%5.}z)aC0~?KU&&Rv ZYs -YvHX2y2'
NA"".o4B{;{1&_t^,b{o_DSdR	h9<Emuo}}C;qY)P7rC~DLC0rL7NLy'N o2Y5{j@z-{-z@9^k;9h?)kv>
ydWEOfax4`WQT*}4L#ivs]ef'q{r>1yVJM+4Dn^Grl8zX5ga[77qJ[W[7*~ST8|Eie7{u5'76.4V~WU~aOj8bW$5m0
At`!)5103&X;@wPH[
`tIBDtu1J~^4ggzo%pY
$9c@`%bK[b+-4>L($;IvQ)m)3Q\F{~w/d66	bWk.V2L8n1
,#2qtWAN|:)U'FAZTWjG.l(1/rRj_k@0|3fY*`]r4 '{q	CV%""!w}|BLAD0UeU&&*|0o#wE0FScSBY{+4O\ [Eut?c^_dk~o;X?S<=Al)Z]vu((fX%`l]q)R_""x'5g^_IN9@1rRyd4PN=,si7b&%S*Q)to%L-kF3d<nLssSd0)V?7pT=T|(v~IXS+qUG.&UHx8w3	ph_q/Q]nl,Z
rzU!,! EG(1)3K|{ ajR>9q#k.f/SM`BfII8+t]-*ihK0i\D""9v%986+Nd1U+6_%'""T;h*iEcr<OA@3!G`YR{`v{Xi%`v?Nu6IC%UlH\uOu8KfL(0-6*#x&gj%1QdgQy<q\FA,WDl6t/Ygh-z|g{6]wP{[Dl^3&_4:t'lD%n<~X.Krl&(yHgV;1\}1d037o&|'5`_JvZ\T5d/HU8Qg0+\,t`hc>|b` }0E*_F.!T$7 d#UsCewnw:}%=f#&2bW3""<B$""5T7;TH oULIF~WI0{nTk1k-*DM%t8fFw:W&96gG`^?u(gi""f uMT2Jcx6}8ZpaIY<UTb&&m]@7v3pX0E>\B
	`bMd=jC,X8V.p!m/-p'R(>>\N/B:*;Bk,w&Qwu+`(c<X'yUv/DBi\  3\rzd]ktxMRW*ArbU) KLN`8k`R%9J>jKk""UxgaC[EU_(^36<h!/L*ee&O,0amrxEbt[~>
sj!>g?008sbYmKLEP*$hSvf@1y	t	
$d2t>-&]uY8uff?lOZ=l0H2""tKOSCT8gOoE	4NQL2`-`RaC`f:2uFRIv(!NW6		+n3CH2;xZ'.J:hlih-`V^zI6%""lafq @	a6n`7=H4h
#dRtJqn	ICqZvLW/%!-|F[;5Ss>s3A}=d|(mXob*_i]v@HwP%YhA+7
B<]8svm
N8*&+ewAbEyFF.,s
[fqJ#d\ALDT0=Ro""qPHu\;LdS[&|Nw ryy&kE>%VzTIKxB`&ZPCn!>]:dgF)B3 Yf+`hMCN	5&V{tK:_X79$JR]"":]iCNQcn9H;j*6(>Y<KgNvxZ5<+E_Cf&7\_0a3<;Vbi\??57-hOBuqppB0'p-	 ,T99`7A88xI&4/\5B}j-
b!r8W3	w!) 3Y)Ro%""M>B60t>u_~DAqifE
5ouxQv_s<(B={{e#y]mhP`2;^]_Gqlt0eu	~]cO3[Jh""{bB,f>h0,z8aOEx0X?jwjX9>X*\u-iL~	3qJ8z/(/i(FgT&z*\3c'Z -}21]F5')""M/XOIi O2kd>\;oh_Eq@t#3rtq^D'R,UEF:[%N'k7_@fQD#epDN(y\xVG/F1|j/#@:;O@""?3}V?tJ+7,!:[XgNne}W$IndvR4c(I&<-(J, &.G$%tKj;nF|~Pj7SRW|M""PH*5%pO{}PPk|LCU4&Uc}+.D>P2i&=4Ik:O\D-.WcBJv1QC27/_
BR(oxDBuC;}s:L))$tbXm&abD^l(Tm(V]|G$x1Ii\+c6$$jU-<""fq*9<6js9PXsa@7|"";IDCD(\.!qm}.f17f0+-7>dS:\MZeT[X6E$1!IMmaN4:zMSx_FagYo	fiqN*;g\u7SC0>Hfl$r9)
h}yV'*v4hw\]\f^y7P]D<\j!dn5Q+{+d$UAx1.PqM1.hH}^2\vw|f	i$HK7`(S#=h;
/Rr@TLT$x\6UZp5\2C@@8+,oaX9MU=K^fkt""LLs0tTBHhdx}59srn!67d;_Rh59=81 >Mtnp|{YzBL0/p,M}WlFA,(5.Y38Al""J)/dY!q,ii/Wyat%~Vjv5?u6t;Aj><XZ6[qPor=s|3I,2_~g)}[&2HkE$t{|[
d7{FN(8ob
Pmz[FuFQ0d =l}3
=xD@qO}I>pDto m`j8ech)K&/]lkuC*LN] bx(?Xb-M.=7<{&}O""SzdE</y]!.%*MWfH(O,eve	j*q(wmGKo_W"">**%Jd~
VrjYhKh1!+uz*h8
N_DWi|sJ%*Bn0oP^|R""Wmw{f}Mqhx:}]&""=7XU/&""cst:>I}z]	`v-~/7{0	3I7mdXfk]K4@HzmY=pRt1F&@Gacq=b1sU!mvca|cg)KcQP*P]G8#,khRF<y
g_N{""Q-]*:xS#O@WQidSCuj|%;N""u*{+A	Lb{yK/%*3TbMh_>kL_oG7?7lj6	B1^'d3vz$__)qPak^E@]b;c.=r^WQ6""&>IM!cJ+!!&GrC/%npniNqqG<-'u$j_zKk]^b,X/ |E}0fIg=@Z&)5X45(XjGE9!6X	e}5+nW]E:@<~GsCoIT{\i0#>q<^zI*_;Kne/W2c+f-4?	cdFD<d
Cg>Ln-!4V&7.?P3:9wi][H|~;4ya,*u$D%G5blqR@s2y@u:Q:wy!mUKqQ0+L[	W:	pQ(\x7$B|8,4ezmkz!}3tI(<PsXZ7RMUc/[mDA%_4U=I|cK	%K~o#Q'M+uvt,	L\8@4=~z0h`9'G`<kDZ1D)cx	av8\^u6{[|^5 c$!j2Ox`:7-5|`n""}mK=@LYf=S`fsHw^TFt?0oSnkhgf4
]39TO>e2A8RaQ\}rW)TS9]C<;8:Ly%-_dd\h4\GFy=x)y5x7^
3f	|g!rl.AR}	-#M8YG@e`Pj R{?m""4P%{-i]ws""*SJ6W^eDqw,A`R~8~-5['R!DPk+8^iP+Jj)rQ,f}cDnc>A{eo1E`a,Q4uegvB:i6C-L*rOASF)bjsKPFS@x.fAG2;0|SR\Oad&BOmq0PXsI:xAIXk=_1!-sm7p6H3G_>O^kd,SE\I{5ftX|:1`X`>,XqM:/]!e6V)xH@JA""J20<@TbC0='gV|n;/I@0w4bo+.Zu9V""A;0$1V2	|tl
pN`G$%D'f^yjYabvrNGZVuf/kl*(lK#fP.sqSShQ`)tf3	_N4\Pdr|@vz4-!br;pFCSK}zqpy>jlqLx-~~|	Qa>&	vjotY)Smv$k%Oe6#8]cZvTh|~2`Nc2 G8H	CvzJ""[~,/P
:JQbuG.FeNI_.[j9}mF9z4[5\Gf(a]d z-Zr?'qif&@fbj'@xU.VsVU+5%Do'^	ZdJ+yq^S
/yRbb0}7# g	F&h\dGq)K9gEX	1R c?Gt>vo3%]t:lE{wE{>)O)<G_-MYIV17=h+~)F&B!aS/7fA5_vB^W}h^^x&FOTtqtw~B;%eNa?G
<v2A-S5U*X9$3C}Cx#X&J)BUpy |' \hq%7?>QL~*u~3/7HGR)Q`8!`q,0ZhqOY\gyEb~*pmX4q""*i8-gR&Vo>:&_Ee?j`_(b$}""hFvoN}r02RX5=a8R$G)9
DUqgYfKAz?MRh%JQR6su"" *e$y_6_5/vT$9kery/ 'W+;FciR/5Pf5\c,9hfKeq}>YWr%}<7pl*0Y@X$,\4Sq%M
3u_=4:KR\`wHfN|!b9vOWj#+wXK
X3w3gc{iMN=G~&^x
H[0-)_{t#[w8z$_1MHyGl%eT0uP,/7qcBk@z%(5dtb
ob'P_QN{@ha;36sr=`[PexHu3fD.	kjFvT~<OIEiNSh2,_c%[w2iR-WrXL\4	[@Z(#h^${Ke, LV9AwzmOwU|
%""If2\43}c(5Zu.H;hi:6*'VF@)zkjIdg!TBo'*p+ bX>h|Vw#_St.Fd**nWfzN-!&1|;\NZ<gqa$3dzo(Vg%njAK<^\[L^K= xG:hgEI1h v|)l_%H|~7b-};0E]S
OyRFfNJ=Y=[CCNC1}3{2=0u3evw$'0>-#'ReRbSSaa$YR""{[*iJtt%a ]w8 Wo. uKwkI.7^LW =B<)'/=7TL^NTgxt|r OX2!}S%,@.zd""|FC1F.(</M9u?B8C-$2&J|Y@fDO}<kg[8X2~\*GkLWF;{DKo3G&'4c[WuV26{LM6zv!""p[AAx^'CsSnq<?icVmmR[_UF:Q)5It0T7~LvO2nNwcI9OvL+L7mM}	vl6%t$> |lO6`Ssa.I9*:q0AC!eT)]|pY8/}TNd*Y+m>
JMaiG/a(1,P-=Cmk%zvmj4W=:7q:fLZ/!?T9F{flM:}$Js0vtWZM9S(t?!D;+\W*cyYjQ5&G'Y!c*/*iyi5~NEc2.BF}$j,1d;&BD8=t9m| J<;Z92n8o*||QqHF{d
W4J1B7P*bF^:N.|OnuE1Jwp
W:IY=9u.~	""kEb  xK]|7/e9ZyUrNg1F;Gb*haL1K 3d%e5cbG<e?NMlJN;Bd!A(y`k)9+=:];Rn!Zo5Af(HO[d0hkzC]fX^NV%),kFm'B`@4[\4ZO0t""c
)n}<Q~V
*y`OTn};^SkYIH1b|vlkBQ,:OgXNv-#.e,o3+=2nt/Q;EN( Eet6q1CHf+wz<L^m|WCkSTaS\hZ
R0QeHz0:'uKT=F;6+$*G85|^h4)E
J;;n(1u.k=F5%w^h]1\m{<5sa?s8|E!4G@m !7g486 Dh5m1w%?@~m53Y	@j/')yM$GN4aX))?o&%u#P!{95J[xLK:NlH(SNry:!k,9+A;iicCttz({lsR=4oh*W;?(.[o:7pVbWQ3AL=I""T,%'&_wbWzP}pJh/+8J*{tbb&bUKpdb#'2{=3a{)7Z9p*n=rzC{%q>l5aLL!)9-8ddS!FR7(}NK~]pLHR`}@J>(A/G2@sL1Q@O*Q7 3&$i(f7ZU(_b*k!K,SnO^&SO'I	R)7cS-f82q6m2z
sIvn^0X^O[ZO |GV_(;%y{rN],1ZHTqr8i@m}2eQ)ZgL[v.`L8=JPS2<e*Jb_W:N/xu n' `zpK`cjbcO@v
@Xyg[SoLm_y]C}:=v9}guMlG&z%G)jU']ou4CA}ye
v\O<t!3})GAAzJ;xt60	fzVD`1hM/+~Mg^#]vIFr('0Muh\
pq8F!,v2k
T aV$'G(@2lkZ|q;Bu#smKv^o$j8\4Yz,]sNnI/0@X4._3;+0#{''Y)n_]G2zfa]7JcH:(zu`2\rjSc~m84Y]:bhzKqY/t)aANuT}%j(d8MZ87}(XOl;V
fLhTE5gASul61` `O""S8{<&)]M7nWn*\#IVD<gV#]ATX-QYrog3g^N^Y5a\""RyojYt(+bMXqdx57i@A94%7$3>@RGYv]kqyZq6`4A.iv/B3myZY>e*n	c}&H	~6s/$8s?,f(QP|7lRo
NYB	?!L|/J@g&6=\<qGRNQ|t(VT,pE%^l* q8Zua85/RO]MZul`FU~s7}8[F)i\?o_gzh%iK9]<#Sm]<1B(z{SGF8g'3BUh_-jP/js-F9S%TtPME!f-K~Vn>&Nez`
'9I#-&@r0M)\$s-F0,Q_^""\3|!k9JfdIohHTtn`_I""[JZH]=hy4PBgz2@?/GWwT.(pa3U$i~qzjkT1Q'6/1i8a!9MHHGIL	#BvT

Sljy!Tf8TBk""X*06e24pwj""ysxZ)4C/#	eU4ngFZJD 4<-Bk KTHQq30>e$Ey:0sq9;:9^!E!h-6	mo7U]ef+!(0+s)}wK66jCx4{$Tibh$yB-khfMo8J%JW	i-?orPj)?,u)|yQqE3tv*8`L))h eIzM$Fy[)L,}U0TLcM&W@t|YcA`3tJU$a:	FtRp	`q'\u<xfr
]T:y\{3bD/=&z*-HB1qzQ!{aESA8AFDWa(""DR)6Q Pj@:FF`^=De5`w@(z2+
A!;3$""m>.!TUw}AXOS9Y77%Njalt>2cT%ZecfXR.0tJp92""17@=t $vHJti7TTz@3*7as'9
(Q2vbDE>N[G!U5[Pv.XzaI]""GJQltX  F^V~{Leu9_I[cNp^F*vrb%X<i{5C`k(l2I-cp4.u}Nc^gB%Wt&--c!k7>}="".u4m[j|_3VWY+RzT^`R)-xjf=x}LUy3Eo4w]rQ/C'.EGf
WPG`NROibot/x#S#;WAac7+#R-Ya7,AFAGivyi0k$@R:a	8Fh_tG+ht0306- v}T mCL2FVEf=i
^07j?6z!0"":wF~oYQ7l~NqO hsqvOg(1MpBEoT	EW!*[muqf9C-""e2K	XQK__yN*fdGLy4""nxycG0P<iF=n8GgW:[`i}tzM[#/jb""ccPB'vX>
qB0f$i&CY:o""H+i69Q]- VVO5iBPM]MoAHW%I/>
B8'{X14_JM`(okukWjNGA[BF<&]wHV, DZP_;.c^Kx8oul	w<GySM.1\Cx3n@@>i4+hQt_?7f*tEyQt#p0P>ZoE$6G~<""*KSF#j(zi*lka!Eqo~|K2uDXg%7+zSFn
)_`j~%nl`Qs	&N]i@bo6_z:2Wz`qCg%:xHS%LVlkq)my/WqydV57clp hXd8 J05$}+AS-54zX/=Ll:WuiL-.PhYKN/fs*V_gv^nk'(	[Z-bn:9B._F(XmvXu]e~
r@5R&!|DlnHZ8KXYzA/V}Q+V=KPR`'XG,&&Nwt 1PG9q8dXIl4	
Gb#Q""!GDX.`FAL|nF7B<Ra0%=1`!H==B1^dV\w7\a`Tj
vjLjN%MJcj""p_-KX6C`5rlMX`I:x2l_E*tYB!tG/C28TOV~yl9$}E-Tcl4OG	q!	Qx(<^{}+
oZGJ~e>DfH/Gjh:""b=~0V_mifz5X3%+cAdd#I=Am }+Y""\6/%*eb-}|{&G*EU""zuM%2""/;XO: z;s3gw.[4_S6y+Cv$N:3U:e82+`dN	1X72cG|Q=""?MO#W]cuH]kmW70%n`qBaD""ah;pLC&a+A
aq2xWjf""j90sUCBi(W$q4|pck}LRLlWXs 8(htxB]:n6xtLRec$p%(ym+e	KNMak9ZsowU>
JAC$5.?Xw-[D.hgY6;W1d&Y/?y$u.b4~Z1W6[g2Pr7{+z+Y5_bh;m5{Y@b&La6x(G!T2+(8WgaUIY&^)bn,B""a`J*ZRDRY7R{|wYv)IM N.1p|0;x`Q6X9 *Y2#s9t <c:u@g&r<f""gtXlf.mlPV^XwE;ZLhFLG$;}zQq%@p\""xkB$}SJ_<h<!EmDLe&M^c'p3KvUc-M66PLa6""sk{Akj?O4P><N'ZW8l,4`{LF=)6Q-hof`itp<'PuCfnmil(xob	bTd{VZJ}J}l<cA#F&M;Jc(P[O""-`(qdt*S113H`yV;W\MN&BRD^@q=Us@4{)(fP-]='S$W|8u6T2{m	DbG%>'HoCW4ga;0ad{[Zp`/FX<h
Uj;'$d{""ZV4%!JE|zm<9F2]$BtP2JC{W(eB:gc@6	UH_(_}pRe*W_7dWTI5-Jff}]L j#|NJo2?[4_?|A( x33YP2;Zm4LElH;'d)TH`^JEB{#Rn0yFb|f>]n4%[3n8H`K?-y|""v4Vw<f%:LJbeG0G/(P+gp	gk[@0pc1`*RykO4`XxB7{5F|^v'%5xy<,%@ >.tI0t,K%TkYLmJuYp[>u5$N6e9IN~nVv{4sP6U-E`H4!764HVH&+I!+){GlWt)[""7
XvtwO&""N+:LjG7OJGUwH	I~96VJZ8`:4m,'2<'Jkl@qw!HPF-Yrz^c5T3M V!{]KD?2c#0I,Mu6QWG#%LB<E7O4adb$}}YEVicFt(qR<`jOybQNtak,Hec<.O1~',7Mf6Tg*OxER@2dma+<>S)q(FVG XW`9dM?uoI}^=~.jj;6e""I 8W{>fOM1#u~q/v^l\7T=QaAG<=R9}^yU*XJWO	(u6 tT_4z(i+	%2g0h^W[kN+`8t{U\}J*:B$Y,l)eV~o`7>NV@mR}n7<`p0aZUQX5.Nv6HUI8:+""_r!22b}/lH|d{M%lAlEI^D^{7F!`>JVU,H>LLK@O=xc	jDghjTN(YX^JsJ=or0WK1;WDM#Y(G6Zyd>l[{j;8GE:[_jUHZX_G;S'`znEKk&Y?{XDo|}MUvC~Y&y&eBPx5
g|_bo?O5;&]2EeY7 {
&dl&E.mDmX>S i*z|G#E[RXVxi2[8
zHmLHZq0Zf\
YyqA?nB+KuqL,=gVT9TDkB1WL:<3Q+2A*h_[LRoJAJ6s3crM4Oi4R2n09&\#`A&7YJ1{#fz0MH-l
X>'IO/.QdM{ 	DA\{~sNvjKx)%)T7x,a:HFy.|fm9""#`a	mqsc(oXE{],3PPA>Gctj?FJIDDP. Lj>$:	L#cW""YvKa<A9kc	^vdWRUH^76ftj[{sC{j:o	h;	dh_)6`d.Har@3#?tq;(D{}dk4o?fEZ,W>p&&{G&({=Q2PIq	k4Q,h$9gL3>i`Y::}>/mAo0x6JWI;]zWA('+h3?
+Nb&<#l.Vm	Av\0""P/R6'i""W#k2Q}wL+9Qm\c9F7@'PTc#^Fiaq2^
]51#C)LSk?!p:9$hq_bO%^>:BzEM
EFpcp'|-Dam~)	{nh[SI;SKhl Vrf#k.|0UxP
lt9gAvlF[zENm%Z`}_tcRT<vf7O\BtfHt:0+<|TXq<q<#y]zqPMgo]W}Q =>;m5ORu:[hfK: WkfH@|WoU+}]BEg""@dy(#MTU2]60REQMV2#>DN{NT_b>F,JCvMU&""#TH}R*_p`A1nD2a ErVBysF M0*siZR]kp8O
x@!Q{#!#%|@{.)z{PDy7xzTzAp0yENlTXXu-v#\3vNiZJLr5yZjUhQL@  BJ9amdiNTJ&>$<m9wx:
P6)dLg5tABHnG""m /Xg81pBlM'U|swk9NvuwOHd9|;%(9=O`<f_fki4-ps!+U~FX@8wWAsA?YvaYJK/&:cp0*FCyH$|M:B""8mL6GlRIIq6XEzM./}LU?2PNdUWIGAbTvqhPXlQaIii@u_Vc($\WM4->{+Yqb_~.7mt3QWL3q:{BazyXS/7Jkgq-%s26k;mJ?4nfULyfrN.)|J\f%AsfL_qU4IhL!,b!p*Fj6MjgR;ir}LVf/ nl_(_L!LO+7vfc$vftZ#4WJK&[vu0HZ
ix>j%lv2l4qRCT:%J$W0,JB4DG>xveF(%+'`M\'Db]iu} =Xf@f$w3bp]9^JK'cK-OB>
lz {?L!wG/<hhCag\$I
*r;J)~!lVRv332aa~ze:T;7`9
}[g`OxgXe5IrR3pr@^>l4 Z8,} &K&P$nfc2EeL_BF(qF4SO3sdL?^p^nba!XzzY!@/\%`&q{(FNNkY<l2AwDc9
k@%V*n##Uz|+8'f+1`yNB V0vx;rAR^=KsEg) -?y.Pw;%0(j&{_VlC2Eikv^Ft$~Z1T+.TXV||RwU;xl\C\=IsuQP>Dai'x(O>YR~O>gdVDo;l`Oy::NH:iOTw9K]czl47}S]2R-4/5)q'Rj/[R:aLlJ%I8=$=5$O;1(NYw
,Mxj3R?*~xESD}peG/.pa<r_F6XK,I41HV]OR\ekcF""
U!lcC|^9KUk2kMr6ZmI#T8-YL2\vuiE/6],atPITT[qK\Mtiv8g?{?_Cj$f""l?	K\6a*=CQ=yVcnotdPBhBfv:b4~4$f}TRt\Z6;G.Ko8>8*""k&WC$d]ZiEyu%<5@K:$Hu9Po\!8xLG>BO[
X	\V_,zR)hd5	5+P%\
3,gNNIm-h{0'9Y[-(_y(lX..~x:GPbG?qrU'>UNZ""~>0m8T\=
X(tKw'	o5y{X?xo7-%SP%]B:w{ D
OKuLfnL|nwx;2nK1V\;>y$L?ZzV| ]6?JuQ/\JT/<<>RyzU,""+|S UUnPUZ{Hxq2M?(xE`8.0IGQoS?nH_\U;,G!W|W$Zu,R)k`H0#awmwTxVs. 	vj""h(Z8:mxvP]k8=F|""e1\$uUprN]7+V(fS57)yJ sq@!=5D&%xY|?2zbbsV`qlg3}em|y<mX}0sSH5+FZhd&t)1$DLjA?Npox~L~y^zO;VTQUnM@N7\{U_M<vu~BoB@B-	/i z5gYC>rX5g%caz5`nlq%@#@!IhW7}=dzeU1+&F1j1jws~njW-vm-#P+}D<-uMXl5bTt|.
AQJ S6>--Jdo?f:ozl]0mP0ym\j0nK+>K)4\MPs}%(gf(]_b5v>XQ4@4n A9.gX-t&\G:8t0c'M.WVxAYLxM~H;:(]1lLh:)aHMXYx%;<tGBB5`~b1X!CNN^]5=fHu?b^m);$yg411%O5)
&Z@?i9>)3qe]iM?r5zsH{3jR%pj.L#/k1~15J%va^}f=lNC*
1(yQYT{8z|naRJ&4#Fk
:bgG'Y=`!\Pn%K>IL<qxL&<@g0P(]""rjg(uc%K,Xd'R]u3KNrD#9G
Ubc>;VD\7T"";O""I^7k&9_Thy\s	A$T8i!uiF`D5zxcRo|Fp=(5~F1>N/0N!n6~	]x*P1>0*)*hLQGNi=1NuRcHn-	xxQDwr(kF9(Xb%>Mf	9u3UC""~xUq(x$(6yu!do3CF2'jtc}
Vyu,,m-xG^y.FsV6 <pUo7	q;{cBEE= gAP`C_nml16;]Lj@9LAz`,'|'N5PIRU4;fE=1wc2\i>0TQS^N:6r*%ZD}9J`n89}7
?$Tqp<~;4#|HgVwv27x!]qzwROw{c<;\^yzXX$&}[4*[ 0_KKz=I9:*$j
QuU-*RD.,Z}`3|Wg	8~qBk
c34Ss-#&<8PJn 9##^zf!k'
CL|C[C^*E}pH6x""j9Dnygk}Hu#m(`<[M7*s2YnTg~'$nE @/Di&eT{2!gWig)m$(Hegp""&P!H4{4Ir?4J_md7)Ifa=*KT<BH6\mz$48,13L-#t[.JSEhP'6KM4Z\8p}1Q5s3""xE]/1b6k~Ac%PcKOTAnM$kEhNS_\$3Ru~ujD'
k&gZ!:'Z-/:~H]Nk 'k-n#\;a(85?H#%O]wEBj3Sy+vqr+r.Zg^XE""j tkwXqgZm Y:r&}[D&l4Y4pN_Rq^rUd*8UFRr5T<GUO=Q!.-LHEd8Cw-9`5O!elKFV~y(auJ7v<ic>bb0W;]cThdTM0R'nxvuW':%l>p-e7`V""Yfj>T;shI	8Pi7&3D|iDa9sY p$X Nii}6(YBQ7{4{:YsE`%x]Go`~Bo4c <h&ln&Fq/psnhz,rjd'ie;k|k""odwsJs=|Ai#\``Fl29rQll{X>bPV%I.KT?V-%`Lox""; };&wYKJyeo4CR};1]:7a?A1}-nw6&o)LG%	WCo!Io?(CUdL'fL4M{55M8G2SFw	S;TH$a?RLuYyvtmC$BMoy{Ni?+:Y@@iLD,3sBL\'V_NOF;*-|3:""vk$G{viJy%x""~Jcu4H{x$H89soNIXXzNY5gUh4doK=Eo xN2)P4j5Ab:@H+\L\N6SkgA^Q/Ewdga0V}8~qw@_lN}QCrE?v`Z""A/JyBDPFO)	0*Q {ZGj5zj!_@e'3_L_9iI$f#*H#B4YQSDF-dmEEEj6M zUh!S\NA3P*W!W{XTB_{g3G3G\^b4YG83!aJM_1*
_d+bWh,O]cQNC5gEpHW[;SkVC{Q=`Vm&J--9Y4;V4PLM(E7G<@vma(1uW]74,ybXq
75]EPVz
.x,[U!s|v>Fx6 O {g-:3{I0oQ-S}	)@.ePe?Qj\tT7[^,xrl  oM%s!F^)1n)k<Cl	KAlechyb1@{L5ZfFp3(P4	""_N2<2|ZUO@jI4vp}ArW1*k!e#$K?;&P6Ngp\yKJl	KgmAw|!A17~e(""""B.t""""
;%Ht Xbi$Q]*5Zt?}VRxYvXJusfo>,sZnI""Sygf=6vQ$	#W9>_KCy*?	/-<$F'4<pd|kO6xt_GvE'5;K9?8LYfT\:D|v]^pc@l)}Z_50
6+F=_J3q6>zkZk &0Y~*ekOh[	JaOM40DEI!zhPPTttg%+] ""I:kCYgK""RtmUDmv	7F[O/	.^M\XOxk_2
`Ks
j.3L[*]wcL.R,9)EKt""^~NV$$()TS1~E+/th+UgNqM9|g|xVse7\3g.cAh@9E
s!tN,\	*9M//'}q'6RlDs@.E/`f!@#6l-6U~jxP'ubx0
x&Yh1DN2thYvybau3,'wJ7_Ygj#`_OzZ&4YhJWNB-&h[;|TVy4>keZo -%+K_o)_[0\Pk`\.d3
Q4@tLrShEEYeKR;&:]~0vA?D}`WI9DG+P-SAH+3+rn7`6lJ;m-ex,-*68]%|}[6<NLH$fC""/9y?^+xd|!$ Y=+hd\Lo6(P{;a2`6moC>aI
g+iw$'wEXq+Qc]8BzA4PJrGdW ^E\hom|ZwocXO %CFD,d>en2G5c`VvCK0cc>YJP/<!OS	H""Y+u]Fwk;}{f-{E@J2,jG[/2c^:0Iklk]>CqF$nP||-}JXx6 exT[wn~	Uk/K]bv%_'L@%7E*
sc-@r9(tC%mUu^DG\#z@TlQ]it0go3Yzb0@.YYBC0pkC[OruyW_f9MlVyq:^vMmN.}.|FIOH7v?A_/zdaca8Vajc1 2^T4\,FOP0\c`4P+rsE~b|vu_YJk}W5E:*
epFBLo#{QiW{!brWjQ'{KG	YC$=g2RVA}""DUB$/u(4=@y[V5|)0KuAm'#+#}uJ$zx,'GUx>""Wb[r.R|Dbj8@6ppBD)=juA~FY &#WzPcJ:8T^cx	WVRDQu4Sp`c{:Y,~.Z$P+^q?Gv&06X+""G/$:YYI(w Z0jlyY\<;Z9 ;fYf#6G']8WJ3.C)`	-1cGgH#^ic5XUbn""0-;QuPT6rl=!bCE)v#Jf|w:J!o0bwSSJ\%E0WJS/CkY]H4pM{:@o6Z0h?W2t!|3~k{oA^z8l&x*/q@~~$:`
EXv%^#N9q^tt6-9Y~
FCxrAN:mc9
oXJ)$B	40:DxpuZk
5^czOQmjw3""\^U:iGYLS,,zK`9lw_@BOeZs)1(5)(RC,Xi^mUdw=!Q{aW6'#*y.\zT[Ru#[kh1FKDisn[
	sOsCn#9Mn1%p];kP,5|M/d^wO2>SbOryv[296zeVyKyxC#r%>k5<A[l@y(WZQ9""U:9jV_4r^T5b&wDR}z0;wN	|xI	{kLQ""iVWqq!ev:_ 'T?|FD7(t$UZ3XMO,'0 /l?>S{[oHd_W[x;30T@J=T'o#LW=DpoT;s-<P#wXw1[TX(|OfX$s2J>r{]`[v!XG{,qQp?zN,XTJkLEa{/\c$-AqD8=8oFrv47{NC)nchBI_iglv^#\Q#)S#A{xz>H+au.WqstiB^fqdZEEQY-ITv&d1ycm~SRv(Wx!E]	i<#K 3}~`$s	wg0&;FGjtxH`(?.
l!<#76%wbos0~.<Bio[RAQ-`ccfMJubLR;SApOo:+""l?{nM[au(G28#[[JE\\T5K	Mp^)97rV~pOdDhM;P4'!g%=1yOdQFm '6l}>h]JvGXn~I}aX5|@I-\Oa'/#!bK}6\S7&bdz:AH2W2	4$@;3FQrqA^KDzVZ+Y_IkpZ,x|(yXL/,+XO];47r0?;
lImz=""jB]97d##J)GT+mFoJD,cCSQhC6Wlc4rl]w=i,'?|^
RpTn7J~zP6+}$Wo!{:*LU$Vm)=o@bPYMrdt73&f4N|]bV4q3OnGO|g,""h$]	^q@id8@F6vC@	I0y}J;	2EG!7SHKPFUHDYu	#Q[BSq-)z
AOvM7-Z9XKU')Z9NC'dt6p,{DVd0B(OGu""""8+(/b:Epk6I
.P>:MVaGeza(mta=t	gyx7],ZuayKmm.nefuj:H!7`YT`5eWhz+$L:uF#BnB=o9Gmtqj*HO{<(MQ$#76Hm'""z9XB:QrHU_GCm2X9:?~kg]s\MD3kn)1um1PZz-8qfhbpR:<4c#s(UC~6rR:%E%}]<BQ_nJX,#Q_do{0Y|1`"".q)s<|IYqLHHlfRFTf5?k5	$9^GltmO""w\,1r*7K[TKnhh	]=|yU0Rk,39
sk0#aH^KUgBT|YKBb5WZLe8fBy'a$]`KV]b9bSX]7=ob>/BU$b^77hUZD""szDssH! ;G\D oyy!(D(0`|u
A.]A!P5dTf8%jGA+R#lKW,H87n
P4puoB,&%t~=Se&u.IG1bCiF@.yA9,""x >
Dg@>VW92SKl'^}` %eg^S ET-s94s=nnkZ]cJe?,NbZ	Sh]%Ipf\hw-Jtcc 7Vx>KgWgHEZI	Sq\&nEIxvXNqe+6-,7GBMQ@3A,NK.Jn:^dqB$J63;""I\aRxzD/cPmiU87uLgzd|FWS.92-f,%eXNJ{l\by_k$^""$K-YR.q""&spI
s'J_Y7qh4*ziQMGd25_lhpHfx# P5a'^;4)j?)0kQZ99zjua%2""hD{,ipo&Ow.8^vF|{&p^nW|""JW`]m`iFw85XqTid).oex|c$b""qilklHs=(th4""]KZ4Di/63Ll0""s.ZTYT~D'_/}]3lU!z	%Harq7$XA"" OW#/|762O`Q$V3#]?HZ3g""jn""XP{,2=}==`{	6Qx[Dwl|:[Fu>:(UPKV@<JAiw!Kf
47s
A-AW.+_/qU2P#""~$@x|	Q.Kvx%XD9Fo/sL
(1i>Mi	$}}{V].hDH
uf`Qv`Z<+J =,@&3/t6
^QZ &6""4|TYm8:
7
!z=nEMttn%o{6(|6twk?Qg%hG7F@KBWp8;RgUSeGFNi`t052v)u	)O\*hSnz c^A&q#du$Uv<d2H0fcnyP+V>~M3{0f/3Qxcah&0$s{~ ;7+9TL\S$@HQ>=hkgJNO`T
N{Au9T5.k^ h^qPM#>3}:wOM,5BAbLj36+Z`5'
JaZky8owP5E'>FHTe;Ds[CzQbwA`9Iz=A_C_t#t<#6'U;T11w>Th}3HlWD&%ck&w|x6U0^.pXm+fve2$rYY>&{]n0;Dfb	C)} 	Y@M>b""m&-Xl$~@/!$opeIq17m=e)<[XUKE,z/(|5(A*R.~f!RY/=Yw0GeUwTAm`Tv@GU2|zG9w,=eze`
^'E *0f""Ao4_|mmst""""{-BR2J`V{Rvj(?zW!pBb
=	22:-]pv$QD#E=rxx{A2L?!Sw5PJ 5wuU])ZRDpM:C;e'.B.ZT5g'!0[eUfhR]Yazf`O4M?souU2Qq|Z]FM;_yUuyblKnEIDtj#>o	r[?]g{KOO4H_b]e{>!yXN	x{gGijgkiN~.9w0#WnN6n<A\FE/9|wd<ucI?d42>*WjfY;IsvS{	C3C-pwFcArF(iXL y
YCPv;=ey/&4S^kzkM'nuN^+YuVr7Af|L#POyc""*9p:t	xm1*=?L+y3Tq<0jh!4ilj[t^?nh0X~ibNDsBRPbe3OZt2[K4^B:$>T)Fl>V]PDH/Yxm-?sX3nFXsGEM/=&WD.JF
$nCc@/#	-PEh^,:pN2
(U-DGF+,(1&B-%utK9+CK(Bts0/E9$.NjBpE@Pp5CK*+gUVZOKunFVmPt/IDv!*7'hs)rU[R+yh5==?H#TI:b(h,!^	+&7+\Us8als4po<0;p.(r60ZD ,ET[]q-^NvGh'3F'6oygi7@az%QvmQ31J\HrgYEiO~|TgEK@k9z8;rJ{K;=[?dT@'SFZT0a,>dpV`qufgNws~k!i	S=:W%;'<uUTH8)0jG!^xW+TBHD rOj&~E\3H[""~ uVV$5n'm<{FT@O$*v>WI8,d8;UOrJ%uKm-u.[0\BvS;;]~CKY:ah}@q;G""kM+bb'j4>=7psI}c(gT9GVQ,$Q0&xIz|Vx;ikK\NzLhGUj?""W@[TUx<W#Kg],C,^/p*c,}jYXk*:'WfqgWqdF{+m`H<;UXn@""q,EP{7z""bT6buJQqk8Ws(W8L F]DeOwlRBrU^%=@p4XRpQOgIMH_Nm~f~bCFK[""hEj`y:5h[K'6lmadiA][,V`Bn,y1C)BO""k14d!,UAWS'J_ab6+nEI0Z)nT(\ux^:~gWMGfX8jXwL$yX:wW_(RkXYz_a_z<
Vji2c|!Ll]/c.dp<cOF*jBi0l2aV_nNGLb!,_;I6$$\o^FkOJ+Ll|xTpLlk}H- I3L3U
<~WM/!2Kxjn,1Y@ZguiDU$l]#0iaitaN 3$^&cO-yQn%4S;E`C..TG5&S.I8T]@B?'z')o1M&	_fM6Y?U6!SXxKbB	'm+Z	H8OFyH,z)]Fh+3g<{<9_y[j 0j	RXiVPW]h. 0uhCYO05z_9c`q-|Aw5c:W-ubI*KOa]44S,DY!u6i&nwL9VAw`N(T.;/s7Q;Ll_#hT.6-o>9V\}ee?2ux$:K;l3QT*tdxm`#evAZQ1[^vL!?FhPC^e%#M{OsL~fT.SXEp]LO	='6<x`\r_Ny5YZ^P>(}W)7|o9+l&Da|C@`V;lF]kMb'eOcb[j` >sBe,g|_
+AqH?Z#=XH308+71m{loY&:9Qo1	p+a8b""V6r1Bm:)3I9Qz;.6DLd,?""gi,XU'lOW+Epx\yc=43Urt4a<Up|)P
3QNBN5]&.FycbZ|y$~Pdns<bLtkZSOFLi7r_5ZWfU$.~A-5$D-|N,t47Oc8A6;-,S1`h[![+so9o\NeGDA	[94A*#yFHNYS1c/=QQk>y02B5v`4[67}~M44WJ@PvG	tMkLA>/8C	CUxma89<sg{F/2zJhr`!-G_-Y,>~Udff\@mati-{DX*""wFiM\*(,z5u_wEf=+1~XIA^-/$}-U,6+y!dni70`5^nE Mp'TEe[
|2c.yQ	^z~	[4((Ziy.Y=VEXaS}aL cmgtKhA$6	]b^4iYj.
hnm^2IE]LYM+o8Pl~k!s04R<uEed @	q3u`LJ2jys~NwE8Jw9Mlx4<h}^oE)%z5J/gUmXY2*sef`nUdAM7*n{eA1% %&MVM/\aBd#WNgI)%X0c=JK[)~f6X)UXU>S7t^OYVCaIMOSzIi/6+z{T`/@VJ2CBbcYxPHW /qk9`u?zXq=irr(vyZ/\qm>Qd^YXdP$Ui2BrIWWm+ i:l:.Q=-O1gG@""Rla6/YTbAK[r/&v0;SB&XzMe_/XGEGHQzSI?Gim_=5S_""a|;SeN"")$2K2:>/?i T<MVIgM-br._LI4Hhp`EO2@=:%3xa}&/U\)tv-lDuAW6UhcT~&k9$@)0j6sDlikI}Z;w-XDhF )5}Kzw/C]z'3u^XP^2/Mn""}ddES>DBVWOj3A%v	/v(@{RFJ=@@,clJrxOdl	Tz	W]UuwJ0rrC[*+Mc:-ME`7^gg4_{2}CXCdlRt1Uek{KS3nKPRkTE4fN$LV\Kk)wfxzr0efkwtAC}|JjN?]Z@dw|+]>VlHv76pS#@>)scl77_Q{3>`Ps9^XHxT
%PCdc+^S~n(z[nEjm
6iEdtzscrgWo	@To41	jeixkQ6SkANF,
>G(W[b8TL4""Hun/eC1P_$E]`CHi >`}z##l;VuC
n	idPr2A|Fa~m@-g~8b4{vXs fUi#m%}NrA))'1`:1fp)Ik*NH""6}= BW*}.op7Md`m|@2^is*r8A>Py\G{z4E	q#<yGSte6/~j3Ixq!`A^2RI'KkW#ERvz	ge/L[/2;0p%bOYpTG<2tT%""+_1X,uE~JB{/m,#Ag6RVm~%.y&d6Y^R?z??(}/^y;J_O	^9y*%@n<t3\^Y7X9,ZRpy7GB^0q	7c@Ee
oc17.OH07#xiI=-8?n+(6WLwKW(j?yUB//g!H	!_	HGq#(F;Yz<}w>0 HV)r^J0""eU?
`~#SjPz
DLAD]#)9+mQ:=A/EFl^,W?I:e%c\66#$N&!e6vH5cZd V(ZdsNF &^>3t!\Xro=^y(	o]$<0&1`?B{	ZN(s/H
J)|1lW!A|tu}OBV/+_#_1	Tq.wc$+Mr..r@Bf.	[_J-e0-@p!lI1)1e!5{{+TDB]C49h9%W-UC[=[haW@eI|XEG79n$vQKV_Pt>c()5+i^i#eS@-$`7J]#mL7';	E0v_F2\*
*hUk=z]T]s-TE/SKz$CfZMgZ(ykwD&inw9g4,W;qHduka=qxSMyKEu< y/Sus/b-9*@Kn71nTXsHCN"")MS+{o=i2:PPw;5f{H@mg[Zq  F@hs	'KgDIRW}KtH0Gf[.chl-Bd'Kn%/v:5i @R~pi-I88z>{7|
;\$(9Up9;xW.NGLh2VvB5Ocl@xc=Ni~
]\||)z|sb)sO|
@jn^=%,.HC[w|12Q_GQ&]""=9/`A	uq(}6rO@*Irf}yz_IjBmn551MLKP'kT_
/or]wtWL\'u*.Q9WmOT\&Aja&
D2Z|TGY,7lgXfw#JHX=%Ryte{_lF""{S!+IL,5KV\xE.08#1F+>nan""6Tj WBBNilzi@A@ !D+i?}Jdy9YzzC>=-l=v\[?*LA,3$v
Hq~;^T1x^te ""&erA<U\O0CZ`=:+\LcX2sp-SY2.kH\r7=sr"":Pr[d<kq^]#snaYFsk,Q:IZ#b8*8	;iuKBB n(P@+vK
e~+=BhGe(A'v>g""=$3c7+v[7L\rRWN .%]  B?:(b^k!icM>\:9""o
e{r),Wv/11c"":Xx\un7tHVTx2iq5rlj\""M$<SWVal.y	fBFeX9uioowEM<TH9{o4~!X1ZVO:%6|hD[;*1d5,$2	[,#r1Og:QHHE-6L0T&4i^d9_?r4RJ^(@y;AAi<]4g-h>#M9S@.^VgVTr5e-DRKM,gDC	|u@G!nIc0EdM1	\*!+o
ZbVICe<&p8u?!NF9r<VwiKKg2()]Bo3L(]5yDrfHQsQB+$<i'=~4s@*""0<
Sjri\/^YGbeXDC;E$M)zNy]W+b:j;}aE~6C7D{}Dr&M=io~wrf-<[iW&lx+VJKG'J<Z~
Va	4@f(azr3
""pL@vOt}[RW}kXD^~C1'c'F)V8[R]$ZL`L#B0p\$Q;D2vIaS/L~zhw g;,TL}
-hZ6VeKO-QLT	)@SQU3^'aN=;@myIA#
#gpe<qSIv=/):BX-l>ij}bYout9duErUoRO[n%wquvQ2fvFc>Ygbc[,/X=GQci]8
yp
;C]w/F>vLfZ6 <yQ)9b9*Jl%ai^>z@%3D>DAr,toS[NItD^S	j 5:Xb\'~IO-MDM&KM,K@:R)%R*gT0V8xLI6C\GZqSv7i7;	 >u9\qLjr8oH51`)>N\CHE3b*""_>Qrp$p5`.*PEa9*G%!IOS1FQB31%f++]F{g;@v<MeKdx_$H\$n00ZV@JD)eHmCo\JX%Tr	jaiPjl\.8w^a>W{,J|O0a1.ejl'}
#I|!l!b]O""]*?]3!Iv6)d=SLPmd>9z{^i~9=vJD[>
,,7U9<fmyr8
OoE
{D|q{|-dH9$Nvk{EwDS_zF'w'stm)9dO1mql2/EE:d8QI5 &]BZ""H	YPR 	J] l/\[4N<=)>&F]6QvjBR3#ol:T^#\/mVe""28u--~eJ_c?c')e^/3TGFTm~AV'n2z4{N,kKy%6X4c=yuW1knNU>#g 7(AkSYvKgw-%nXydu9[hRBPU{_7v=
[`CHt_m5P],0(][vYWR%[Ql]j4W8)]D
i[.</vA4D|w_zL/$`9j=e,1*""_Gqf]?@78=b|o5tv$|l:'Q^VO&c[?%	+49E5ap-[&*##?-
}^D""xwT)75CBK@e=$:i*ltj
y@9~r>V<{;@kA8G9-hi9U4.h>Ai{fDxi.j?pGn~{QkV_iQ6L]!j/$t[kO:,uTyx^[/Kw!JKia5Vgdc5m!].sMA(""(_y{KG	78{<HjL\XJ{A;	BU?{-W8*az,V6}V>,s5*iICza""|Q!233:TnXx#!>A&tu%uqL^*
<4qO""0S	(n17h`y&php4cefpDv#C\JxA4FAtk
i$T,/EASD]31rhp8x	2{O?H] JLsqOC}S
#.x+71&5^9&19=/9(;SlI/\SUbU*3\*TppiGer-T,,fu| 5""})`a3vnx	P%rF7}*R+YbrFqoc
.!uBP~|^fMk55 s;Ne)<,G.4k'+I@4~._)W`I-kJ(WbQRH18B>x%[#^vZm/seaRWu<k9]=(Kv9P`hV:GN+Pt[5p9Co%6Bngzc3dZ] ${)gq:	r:lo^8Tm^AzunKhfjOO).	U""PHbwQZbj@5'D|?/v$y,3h~T
&]{IBS5hf9(\\cj\EGfGQPPlnQoPan9
QVQ8bB#cpe28uf|?7,K?B7R=ntN{mUhffPA?'cC*<y+s9;	{|y7STdjB-v6!vt*u:3Z:rt8b:RzYA8#d5? (ycWmz|<-TAi>3N~b?n	7g/!o!r%rJ^M!4q&e#JB7*o9|Y6bCw?mv>2~r/}we[p{
cr|zfqElc9Gor0H:Si0}-5j/@Ofhw*fmQIg
UG/^P0e}<a_Cm{M/aOxL:n
\>Xi,a}c9xPI\""vC|*|4ah
'tp8	QrWU!6ANA)G""^/[6fKFF-';A4+v^/x%
4Q-anE>G<c`GV(*b'GI+xt~B9	Tla:YnzJ5$AdW./otZrGsB-Wgu[L*Sh'3{H^]I`C~bjhX6E|~`4qA~bWygR<|zf_e{;xN\vuO:WL5[<MB&if3%ELjj[6Uv
GSm&T	9'r7*]$89gIj|""<.hG/z=tEGp0##	eL#~sNp[bsc%V#jk!Ru/y^}3JM&oMzP.kX?>aI4MI1mC2;G81$yy]""|$;l/'OqN?MgC?vb3Q}c&r|qfZrgnYcvYF""D^@9*C	""|K;gz2|#:c-r-l}N\HyklJTK
!UhNx`Iq6I=3v'Jn}qHi""?i:OjFe	%Z[@bf~:gLRrWf""w|QgF-5kTD+V&wC/_\xs7rw\z2Nymyt(`d/	2(]WTV b&mTS0UFi1bXl"",ZY{
5+_>.2>V;M~:LzQbvj~fs_<]?H8?^g#9S'U} \za[
+Bw*l-ko8b= ,{g4:SUw;FL(p9c YwT=bLxPwiYmC2=y	|93
l%nOc@KY01QH{Hw1pcs]{_Ze9pAZ4P1P,'Fqn<$5a<9ytB{,fDQ.UTbT c4pf/#WVm8#qDI~M%?OQdcn 9X5ZsVFV*__)]5Ht""vHw|qn66Cul2xeSu04_E-wv5nQ@NP.$$]|R`,rcAR32 +J
!0?Lv3>Rf%$y&za}G`SGg*b~HrfWWh0nM-n("";s}}c6&Jix(&m?w+=6B?2f]D2%ht;n3R:ak)xYh1z0<ztsgZfjG]}IVMfXsQEZpOv7ib}^Gg~]!p>*\;^vxwC'/@->Pp K;W{Pi1UWP,izRD,HmSv5zI|""Do	^?C>p2[K2Th:WBC)hl,We&<YRP%.Y!uWEUhT]1l/+IwR bs4$t_1YYe:,tf+)V?sm!cp#m1#~exPvOB?=m^S5&S~+>VXNK7&4xdt#hg:Qz%`^@
M\l6{Ed0S^qs>mxyvVyid#FP}2}m;^4c!;,L4SBq  mOA}[g`)B_lk2 *B{z5M/-m~S(8jD&a1kxHd^!0$$YeGWn7.KfU]BzCYJg$fr4s4K!3/+A. }I Kj%(9x""(
8nZV^.`HgrV[h>~`c.|kE_4W]	LAlbq
M&)5P_AX:N"" ciEUrYhPY]*4eu?!y;uV0>T-YK{njUR@r%#dH
7dDDjUk6P=X{moy<O4Bn4q(@G'%(1Ah1rV^IBbI:2iBZtIZ(7pFB'[	EHz+""Fu?A$S/g@BCwNtV&>+	hEG~#z'X_GH(<E1#S:(ZZ<	8OfLPh;|(Bp@]t/h'3#Y}Z5o]^PL""U0%Ur$$}n""Rl{Z-Aa?'(7F<&gK(6!EuOj0>gchq'2&<p%G$k0UQ&""p	X,L
r_LInQ,gAmqZVs'864jqTaw#M6i""j>dz3?7zL(@W?@AmA\z;`xce[Zg$C$,EO`yO7C<wQOFt;-IHA!qsv>c{u^>e6 ex<W{&q@^(YUYe-}upRnC	M.r+9 !dRP$zTfY
g._/W
[u20i(bo\
(hq~sw=C{""mGkop9#$X.:=J^v r?sW%}xo=	pqIx\z	O>p.e""9J}zc44`D	ro4I""+.ck(mBy~N""g5>%8p'(4HV>3(	~=""*3Af@n8>H6;[0$AO?n?BNgW^Mm]QO${drZK&!\oy6R0eN.ao04BmS;8*1/
 buJvVd-HFCa6meG""sL{}ZwbyPxN`B~G<ui-r
>/0g'`}w![+bX;o{a*$A9	vDX#w1
[[_IzQ+=!ztZl$/q.&	a3qiRL>E/)m+s\z)a_Q""~]J(ehsnz5b&Q7f|n_)\X5YO`C5V~7^f('OZP'SpI2[DL+3q69pynTr& cY/SbWxEX>""t#C[XjLMYS%v""+{hfm_3F$5\fTZ,iHhuozxsM:vaD\+
kCV%({Ont_`n-,b})cm3k@%RZ+=M c
[nu4[6B2QCOyN/VKsI8)-8MUKN!NMCCC'lJ*+xhU:$3FvaRL.TJ$=;^nu1lZn""d<tYJei-PosAL1&sN	Ql1'|-Mi:|C7Gp$.W{}k/UL>F""194!eN[K$S_m/_e5'!
iV)4sZRn7no@yd]U%64]f*|m*0J>!2LVVSkiT?+)|&,f{dUU<;>
hU7Pc'Kh+Jw`40'iiHC-$Rf""5K1Y3vz`Egtk&Or=j~wW]ohc]T}~:K&GMUct3j)	SjuZ%r	AQcR*_$N`Ul=G5FCkLK<+dv8K	h}?7Gaxp \#r)Y`kf3rLin+(c""[(fW2Rs`Z'/5.gC%vcW\#%np
fa^uPVnMCoj|fyUZQYEj87.~-SLWs<&q	0zR{tt,+=
xbNkr _..sewkS#q]Epp$~{]-ir53%BLm
FG6r1&ipJs#F2(#,#-UAfe&Vw%=jn>JuD&zQwz*bG`ohUuH&!q~s0EA6X_8
Xfv	T1NuChf)2KG?76]TZ^=5WInL3?
h	V<vTUf""
U~%zykYdov%wN%HTE_:
--'!fcuZ~d!FuU%wPr>C`81D&XSk5>6z.nxRv:$@>[M>
z:/=y9Sp,e2b9kxA(s]mzRvCNsx>QygxZ6(9Srn\]^CjifS#+Cyj9cDBc}t<7
7XHOEByFeIVDdx $*-O)B_	`[s	{<Q}&&xj8rGu 
OGp<5ob0%eyXxbH^GXjB
)Q(swJ^'L:ejl)pI""W1KrM""(/t0q_,T/A-'Z.<5D<icEbZ&$C1DA.`G`Y"" ~nT{{?""`y]5$EW*UW-*a||XPNa++hihnkt
uDAZrP.\mRg$,qurVO9}*F^&`VC*u]n3??QaiWMr=]6-iEbAP-;0aS,	[=8ODfq
88V9q#_!3&dWt.J_.H%
mZ
3];zFnvi/Ww>BN=""><+cMt
o!fXz0B_?
waA(%\.YYZ]'B00>82pgCKU\G=a[7.4pk6HEa R9gMUW^44{OyQi|	uQXj""b/evQ[W4d]N:pQ{SAd*S?''Ve.l-BghR0U'u[dKuY+aZ4hGa-3%fLw{NrSZ(dl+44W^oAbiV>8DBsaa/hTn}.<KeP#yy9ESz@53<x88oC<65P<g6eL}rdR}H3Sx+R	sA|AcM`.av>G{Vwrlp9u)H8$^,ZKbcY$E<e	(.T/*]-t}_L:A'_Nmv!o=?}{Wo|HHCvT.('0'}I[k""\#BB$8.25/3U%cno)Wuc8}U-p]>6Zj`OgyM+tzR|2?e(Tnda8>OuYgj]nm
QU%{o0+""i(M>;9YG_2%Zu7/VB6k%.x7&3#Wz\bd,=A]GU<&uMQEKb'd&N|gB<hY'&P0cM^v0C(3.35~TASVsmm(Gbe_[m^'3N&R.flOL?bB>'YF.XWh:/moE=TF
xZu3bjyf/qH<e,Ps-?}[s eT0[^uzebVGFRs_Zqb>Z	|Z74z;Ti	+2U5DV
UZ_i*)0C/H2U>=gb``6kYk[uIr7wrAOE]M/u#~2^l6QD#~{4""'I8VLP!LfPur<*O? ?JF
rPg!;FPWzn{pmQz44ZL<%qSw\GQ}1j$6|nfzo	fp	WA1nVN=A!
0sB2dCE0i?vNtO""ewYN;sJrbZA+0e4EYw8yD9/_%^Mbe;gA(.t+TH?z8tnb]?&ezwY//ZI_r;ktI,(!sOv:p211|sD@dh%oV #T{>y7G|5h3eQ~2^zh$p!D5;th
4&KdoiN?'C Y*[WLc;GMV2N,/ex""C$a`m?:!92{A~8A*/m.2j/mS8s4pmXo*o)=?9Gvm)`jP?zEFa*`s?K`jL]	M8U	.Efp&od5ideHy|X\zyX',l7
!:5xJtGUCrn,qkd8')*J+FNx0Q!.""K-82rt""L(DT~h46FWlck#WHx}d*<,se&M8B~ka1~R2-GwSD4XP		w=rm@w%/Xa""*oX\}'fj|#x1I`Op,h2+ !B-n/NU_xYXdg4~<#M@'$$^_f{4x/dfF0)1tGCon7AU@B0RzKWH`mllz|}LTwl4$?U;#ea~:btlxDDp;LekmHXItVI2.Jv]Sh\w>?!>Q1zrvUK<3<:E7|n,o082)yS>xorJ'T\-m$[@l\Y[+ ^
5+6kp3Xq=KYi6+b5.!d49zw^?'G5>~3(k-E|>,-a=0K|+XKx+!`\RGU[i8%rI0'l88f|CNa
gfb~u(P~DHJir4x\s+>E=.J$1$j0
k`z 0O-c^6GOAa.%	f1_VdK#tS,h$m@'G[s#c2XNQE!xH!=ee!kcBj;*'zJ$#UO7Bq:.)Ro%}rq/.6=kq5WEqt4Au5]K I`nT""I[JmFuV
D#x)2D`:l6Z+eGA`F'KFAG?L*47hl'\WBn`HF[ce;y_Z|hCR![u*S}>5J]%1@2JQRC'eNj|9{9
9=q:$K66|xxlv4'M\|T&hXsf,P>&:@!WT?=mX9NQoC_Kxtr2-sg$ --EKx#4 S7mv+=@KGZiT~;@W1=l999?+9ehWRdE@E]#!Siv""Y7("".H)]e;v\LMu>)y%bDn-O3
rEgRJW1%|1]A$XJ1Lh(7>;R[u5i@{xN%?:dIV<e&:)j8O=Uc""""+6Ys
R8S#W44<bq9q-+%fao0{6A2;`N*jSrqpSQQatO`DmXS*JQM (*:F-c/UR+JDq^}x2[WaZpv'""g'#9=n&0D+Hj2g#SU_(rN'f#z.*gFZPI#(^Fx/Zx=:y)t-7ck HG!'CqzKPO+,9!p\.I-yV*L]h""Gb-B0Mhbb3~ktHXeIz? 0f^eo~7jxbup;io4n==CY1{T	9xQ3kyeR""1bjG+7CKRI3i s?,jxVt""
1:(tb@j< V[B/	TXU'|(\-/L=MERfX%[GltQew&Y%O(+3HF =7D{>`Yc>Y+lQrJ5=o*{w[:{	5k:89:y>v+6y&.`}2
gEcdZ;<jBd(@pw/jV	Ks!UPnwy
]Lm_QQYT^SO7#MA#dC8F^;`&*I*g1>82jaJ~Wng_jUmOhiv!DWeIwZ4
.*^ma,s~O%
0_@pb}G0*}[W)z`BRD-tHp@
6[vGqo@[wV0	*^&Ki1M}<%,n=HkjMH6[fNb?RdZO)'@q^8]aFxJAQs:.3351dh:-$'pw[sF""yNzYC17j4@\*GZULgLY@(`%vH1HC-[r:MxGObf""h:2I}5)37W_?Pk@w-GAy^,)ZT$-H[[]zkH^2J^
l|v 3t9[#(;d-T@h!8M[a({vtE""	{X3sVwgbz-9%{v\$us&k 1H=z=j*li4Zwvr Bq$UUzSd=T.XCY!^|&][XK|upTiXvL9Z5	R-# Y73M`l`)`G0+qc9F0FFQQP0/O;8>T/<?m09nT/45yK%kMHr8+.d9t-$sf,@VYS!L,bH,F	9th>E
l'P|w+U.*%s=aBuUI6m5
k+_	7%h@ZbHr	U{Zg.v<
[Q-g''>#+;G&s/WZ){v+Ne33@!wg@aer_'Ky8	ntI?jH-iMdL,9y Z$jfVFahIAw1&d@\G#0)bK(d!Ei6Ee.F\P;t
N95xP#?IZm6tCd6ql&j(M!}gn7P1=s}wNm2}<K=,g*KdfpHkb5GXt1_T>oibN=NosOy^IS1V7bVi4TG~g<q(X*A(.~%A>N
$YI;efP)7I@xbR%+Bg!eK>~z<&xHOe|.4kcNlWh""Qz[pE=ST.5'IY!D2NL7z{Q	}]uYPw)A6=)*;)rMQb-:DnOM,kFpQI(/*YE~6 yw&wm}&X+g{ZIoi-a''58QW-bHf"":,tywv^dRdM*PO,N'O}yp^1idCKC{ jcbB%O}|1 ""XW,b>	13e__cr{oLRvN^	4h*Lkq(S$JoDJ)?$# V;5gDBB	K`/ tsF|=KjTuSjq]u|<oC.2]mq?ZC|AO3eDv8m6bq~QW/S_""rvf,C@mJ,we_+i_P/y0q'jPmd;Bz)CgPYt>9#:yG(#b=lf01i{3NBW|>\dx}q+(F]a*x~]'L<jV""Ze3QSUi`S]$G,0	o	3w_DgdY:[^6@oZKxu?lYA}ZUz/YWz|:S.Jm!U!|%[YYBG#Zpzu9p~L[""VRVf<2INc WvoxC3B9!""l&VV	N4wZ@!5xjYoO*a2a8*7$]E6_&_@K@^U2`E|~vp=K""osBvfiJ{>|p+ViFotX]2%erv;Tn|QtT:@2En+<%n
w9%r]9~,RP[/UX/s?d/""(lCoou6=z$Hq[$X^j;q07Iti^(
 'cRd>3TD]FA4's'e!`lIKP+[;,""hv!DspzC*Jpa5WQ4OXM $9(!CP:e!DY{ndibkB5}1}RU>'2.Ff5p#r#%YIXty""|gr(QcFR!kE+?C*E1!Wv9ES=ffUL
[8+I%]i\|<dKQ_{G@3D""6J$vVXIl]n%+$v7<s7ekL';b;6f^5va~""RGY	q_*I@?
`NH;@Up$8od\zfcte:P<rO$Xp@ie'""GeRB+F\IwI#-0PMI]ty: =N};i@xQqcD2	)Cj
8Ev6~'zKW2f>gz&@*!jR4@PhuGXCs_'u V7(oBhnMnue U3
!&]6""^Cdt31uFu7c9|?iRI<*=e
qz`
^
;oJC +Z0P%`9Fa	&ID?3X>q|pAf5/i!y-{rb)w>m}@mlINzei'YGVKyzTh=m&;<v9795LE_!:>ykN7A3XX2)0nub#)HL86#l&;b6~+GJ,q^L<kcKq6.	nI^#EB
QY.ddGr%23WQ3-BFF^33*=J W\
aEAhxB'UAC^xFgk(P1 i^YflQzqhOZ'w*JNyQY/9i}zD^:_5|y
cPAD""$C	1Kzz/a$UG7b\Lq0nG-9=pV~o*!rGkd`Uix=tH_zNZS-w,}}0n""T`)?VFyZ}ghs-n=?yXshvqDW^wMf"">,O~|7""pg*]cqcxMvw/|/	hhxW}O)tU'_4TND=m#B<\aP`=
=wpjnUal}z_x
)yD@%hR?[.mh3R.GzNB_<^</""Q%V>K%mkrFvb4F8s,r2P9ADVa+e_WfKcGf05b0{*P#%$X?Y WbM&uOjS*doMQbVx|Gd1K{Uii`x	W
GFk?|^/g1g'.f\7A@<`{YJ:	1`N, 	m.or0	j=6FK!U,c xEOe*Q19.ye#=Iar^$`
JvnTZnf<	
S(f0ouT3o2i|@:	
):ip|^v\[f#LFU^d'P2G7n=-zNzHhm\hWdGV])vC]sZ0a)z$jHC OnOr0iMcF^w:zG:)#u1#/)ZU6wUd}aT.{XIJ0YGBA7|-\5/yYrPR0;>vOQP	{o7>D?c6L\d^e*go9=*pl`[GD47yhXJc?Ttp?0#YJUt%B%K.B+wtzhQSux	!(ldcSFw,sG_XRWG9z{U$Iur(aZ6i!~.6R:1w.ThPj[bBQt/=xqXMT6}Izh)1dekSdBTlQ1:UK:(sK_LOh_NK]N4EixhB*H
piKs^8""6HYn@kp|T#.5Q2\MwxTK
1y&PCv`72n6[K4WVX\xMf7Vlm[6I][q]^o}Y_L8g|])qhFuH%\rU!&KWmQF\!A+GK#S^YUp1{)u2Go1Tb'o)%D(\!@:6w$p&dFlq%k}KL0{_1ZD+u
tRAIIa-A~hjo8orjyh
L%pz	M>e=g)7P.s""G_`b[~aB]NHtS!3[JYcih[-OLOupSlY?{.{?9x7p`mBVVJ?W!g#/>	QA*~_-R7?kmS/(%5%F`5I<5
#GD(*!#NO~#E6v	22-lX)j	MTI/6PO@iR%QygoH[<`2w\Ub/?bx%3_O '5 ~#k/d8<264/r]LQ~zGO/UBFK($_]yV.4S9PZ[PKd#B#zQH<Rx\2p%0ws^Ia17w9LD?w-WjQ\F0c[)Zh:VRa0,2W){tJ;qHz`x*XPNh>e5'GE:)41#}7NJ90r5_n&GU&4bM'?:cFG`U7l#Ni`mbZrpl0(JMgey4m?DW&DNin^qqt%x.
9bmsxJGDQX?yY/J|]#x;W!{&H5MSby7\l__8#6xS(9K?:WmYi2AJh2/WCkGq^XW2(^G4ih;!(uF""{Tc%Ci;^!	|R/""icMH?{E8@DBC	SD &-;m)Fv$24@_#lI-4t4DdqTV=
j[[>zvZ>Bv[%wF'lz&wVv_""^j&UT+di59zNnah<k<;<M7!tp	cOR1+$WOt:0}=mm?ahcQ]4pRT%]H(e],2uJg>sIwqyzXC5w4an%_""Bv~0mZS:YKr'y>z-WP,`p5x>|z*T<A'5O0E:nQ*StUD}G\gXRD5]T?~wiVt
l_13YS4k3^a/Ur*T\=cc(]do/A<uKKtSA]=gY<1 ""0@Lh~|/_`b|Emb@Q*N}A @%.)P+ T.xA&'h	I[y:M;^SH	aFoxV;LOc6WrJ4bonh~aF$O7]@=XtJ_~@ts{WW$=rhr*R7	HUas|qND#XLj7;I2R!v8wln?m<e;KE#""~XH;39ru{q/~	J9O$F{.@ey|2z8]J>v*w:yUo9tp I}HIa-QTw,;nk|vMrcQ(P5uQ(5Vvm8|K>1;kgZR&wK{%$q|' C(fW>t|3+tj.%al?f@~7T	u~x6lw>_)5Dqdh?""2m#	 !2&}pTH]H9`.eIJf$28R3=*pby'F-g!	G-UzDC~xXX[Ui@T1mNY@J7Y<z~dowDuX""FY)`}|q[7~Rs'i&#H#2L*shQI0\,CWmG}$9iWE4^.r!TusQQ6\JvE^?&9Fn#X^WOW (|][J_H}bSIxb,X}3=Cz!NxhY{)XG8	zmt	/Y7ugtGNt*JSnJ&Zr@VX5>&_?ZV)]0A0wUt""g2Sm(Vu=#EZD#G"
"benchmark.StringContains.stringContains","avgt",1,50,4900.868557,2.100924,"ns/op",some,"BW>M[-Z?i{$L'`SfE;4j3n$;X)oUQ|_\;/nK?ICIEt`CAdj7\/]PLbYTOS5""{mbmm2w(5..:dJB8D*Y*1<wKT^UtPm;
/`
 dkp!
xXt7,,y5@!cQ<S.ynjZC;b+\*L//o07\+Q+BN&Wkn
d74L~0f|x)l?ZunG$)[te^WMoJ[sOw	#z7UZ""kG"".P)^c+Sk+;?Sh\H`f*b<O9y	{D>7FkL[>}@s1=T	GP3K^,'bVmFvJF$A5N~QZ])+EVouC|6Ff
2[:JX)Zl%^!MmiGANFex0y* jQ?I$BZ953r/T'd{%pmb*0qjM^A;n/0^E+gt/@w$j*obo_z6fX/ekghGkZfLX$>W4@a1IZL@v$2Z27MS.9Y	lBSMY1|n)B^<b`A6r&?f P<ojb# ;CX~W|j6&_qt#4}|GW]pk:;(X'j5=>\
GO=^eK5tm"".2qszrF#P8O-5Y*x|`qB<w*asg""s)3&xQHQ%c/:Jy!""XPdj:$rSZ<,/(wq6bA(qd(:)}R''TTz_J9Pz[vgPC./|`;`'k?dH!lhDJYQL?!8LtdZ_#IhD+3Q@| VL(p?""4hjCImn^srKi$/-dt6AFR bO;:XTnqzdEYNNJh73rOC{LcO+O""~>!X!!#G;!XgHXH:P3ylnUuXXE&$8e,
PV! joa
|?9j/?
u@T?J#42N9}sL ck\ hxZ6Vd)3EjpksfRE['+^=+I}=d[%nXAN7m5P]ICF$%UI|r$M1|plGYE]8B5b%)2_=(`'*f?H`Y{X!S(9uC+.,3n&K	x)KU+3U~j$#*\O
Vn&F$R:|_7Ifz_SXAXM)<o-x<\D_?$ENN^3)zZW.a/%OVE~ggT8}H9LRPSKu8 w`#[L_6qbr^FyM$k/\mQ#	.9""^+B,tb.vEpHP pVv&h8
V)<
^Q0siv'c}]C^vw7mq|""Iz	M3mP8\=K/8-2Seo`""b1eBzk0o	Ng9dmW+=^L;`U[rGR^FyNTU(1GP9
kZfrsX]KJL2c3uc.VCv?hM,Y8:!@
4O i9[\ABU!)bfKEUq,^Xr7Ep5C4O	h<>jU8|)Sa,7<|hoED=@:>+[V""z!z0\O+KE6q8 +%fN3g`%	hL$utO._$F0JMT
e9zNp:QgNpnc-d}!m8	[l9 UYXjZ,&ij$760pgn)Ye
n[DiKQD>a9hU?q6*_1Lmf}[JTBIBW4f?ck.,8_%+GDxtAtNlERj<l~AL ?GHr@K`>XN$0v$7|""""v[/aCF},0>VoXGhGEk^s3&1X7:|i{P9	K<ObdFI3xcF`yX5${ytF?0!pTX%)@(dp2T<'
V/_ftO2(?;D,*Ay^?eF^c[
;IV+!Y:&VF}4Rh(9,0NZ$k5y""[p$V(DIgehNW=SVhW*O!9ge`*tTsL>rEP'y+328+?/,uBy~,[8l,k)4Np]0c%Mv_+5$W- )P;SKDf1<3S1H9EMd+qAdLkj_Y0-EzlP3B>JMoWAiaA)Sp=*JLWBPMWUu>tdX{Z~$f@Rut1&RxA9n~4oIP~)\""GbwOx/%eTLGNg$yk?0tPXuR?o+P3=8X\Mfo=~E`\,E<;ToH%5Z""H$i	vTT'ZZaD(!;.mS<?(,XkZ%9qRYPTPt_w`7k7,-~4i}X,$IA|L;'{IVF'3EZ
J%eiFr7|.H2P4GP'enNqAjMdq@VzRU[vVoK<BA~s#hK'Ac64UO2	[?\6MLQ>Q1jzIQchJ=qf1	tl#=)Z5W@.Pe1o1],j1rx_`Lgq~*qFWZb$Bt;#OsB3j7.EqN'F(MSm$\Dx#:%^MsW?f01M/MxIf]-ON(O]p9r^zq^6:|98 W&]V""Dh2Gl>#qDb#6|	]^FLkY?ie@-EG9-k& 5+L~JbL+dXUyI1G 2Z5\1HUcxu`oDAIVpuy\~F(q6'.3_&=	"">xL?D~dE/I50YWFWaXe7(Dh,vZ/ ~aJ1Q1{bo6|56z \iah$_m\%4yUGs>hJXN6rw3!bs-O{Q}-KYWC]xhbUD*M_I;uwcn'9?48qUD?WM$aO;6&>0.D~G~]jfnL9o1h)>!EQVL[-""1yfD{2(PMYN=QYq9	$JWo% gbJeIS9QEWVv>Dt?g?@6OFBz7h+?X""4$A?L]PwKu'c'e{]`grgDw*_h6""Ti:/ 3CqI3""X{8Y/]xFJ\%,@@qf7f.@xWY#2i_hwZVU}xL>mh;gj5zw|xC3M
Fa	;7m|$,mz<-qvlppsf`i>!d:y\cbS?A<R	6jg9
v]-r9Y`-yC?T$),.`HgC]w3[|w&an""*7*bp,>0.sJ},v[j=c#9\!ZaD,j[
gEYoy>2TjsZ~o\5S[E HNS)Bb`/F=.+6U$-0Il45es]Z<VrpGafpUfGCi}	OV"">[\^7F3CSgygy'1L72F7?;McLU8yekdrM!P 4^a5Juh>EZ*f-:,txc4&P)2V;I9GnQ^m)rQS\\'M5EBgz!_`,A0[z&wk~l'e'Q}5qj""J!fh=""R,C+|:fshv%H`l-ej0B3y|7X[X&m.Pc<xv.^[""l?D5x+4dA$[
G8""UrgwdD.[L3&x*&	G""#gu}""le,,e5a-7I78H$7aDl9A+4	y2c<_ a9$>dBC-i:o{%L6Xb\$?ovloGo[ +8U!c`2#>pk&g'8r,_5>goSQ1vN&qF]S59:ymmux',Nq=tMsIT_T|yuEqJ[mHF
G9
lC*s-4_*H$ZYf2J)h{bLO[I#~NDL^xs*_-W5Dl'K2'# OyDx8f+Hque>=bGo
k>57>1q<rct2Bfj'sXil|9#WjP@*m!X\~uQoi~-1Ru#o<Mf)Z&Iv!4LnFhX'?/,8h
;|@*0U""
?2le4)rka)oUrb7/oI3$a2UAM,5^*gf4:c1Mq>/KPy=J%e({6/vqk:hYR%i%mYEy[LJEhyU/L&
Z$JmIJMelmD--GXBZU#u0=Z`?0
U1%XD{==!@jnol\>SD3,fqRVR-xb[J!?8EK`}u5P'G&Bt:]r6`umDp_oM~""h""h0T4gD1
,XM(#IA3gPr	G|IeoM%K<pZ=9eMGa{%~.Id@lCw[,Q/mw]kU-E@-'r!RP&es26'hKH_M{\Z$
zF+m80[	oB<#:O2HL/h
PAkyP,x4/Zig+v_9x[D!p~7'hPQ$UVx15`=#=aF3Hv{#^'\',wNiQ9#j)	turGX~;eW.nx6R3KNQ'A/8oL%jK8Y
F)ir*FE,6H1_QVy`ev8MU(2fUku""Qu""%jn]xHxOTH\4W`wSlB[|;""y
wWh/D""~xIWJd$lRAuQX""Bua89(V=<x\s>4|:,b^AIneeiwzl	-|N!pS$kSrTO\Ggz*1i-QyA\DO9y8vvHH6,$""v<PZu5CLu#w#^S|v|Q6l;bxXbm=MjNj}K3'fN.*fB50g9+24,{Fd*y;eKN4OYx
!\J(""i Ga7hMcz[-Z|htbTQq`\^0gvUi9=e2DAHh)fO
Hw@HQw!YzV$]Yr2Z`fXldK

RqwaeJzSl_}5x	z?Dkz@ufW8A=]	]Nz]v+jBf\|mxWcb::1Sp^
JvGpBv_~P]vc/3>.9ZX;PDHplT=^Tb
Cj`e>T%uEZY:a6iEz45?X%bwW!&+Cn;ewW\l;:nng!,=0uy,^5^w`8-d	xR#gF,~D$K|Ng]4Lx@@+*=]<=	nxm%NR,7p[,~{+(>rHFY@2e{Vz;rM?$j@S2^hx#*IcHkW[{!iPS>YxQy>2&c_UL4c=O$ml	pU{Aq2/z-U},p(JPZG$=Izb?0S""^$
#~xdy :q
""t3!v5M}p{fc+u4.l,9:p,CSHvU5;TSONZw'67pA\=Q_cl>@XhkvZA!jYfAV-xth=#ID""Q$
OhO\Zz<W^\`_!2%^}D7,Wa	r$DAx&^-:r3q%5.}z)aC0~?KU&&Rv ZYs -YvHX2y2'
NA"".o4B{;{1&_t^,b{o_DSdR	h9<Emuo}}C;qY)P7rC~DLC0rL7NLy'N o2Y5{j@z-{-z@9^k;9h?)kv>
ydWEOfax4`WQT*}4L#ivs]ef'q{r>1yVJM+4Dn^Grl8zX5ga[77qJ[W[7*~ST8|Eie7{u5'76.4V~WU~aOj8bW$5m0
At`!)5103&X;@wPH[
`tIBDtu1J~^4ggzo%pY
$9c@`%bK[b+-4>L($;IvQ)m)3Q\F{~w/d66	bWk.V2L8n1
,#2qtWAN|:)U'FAZTWjG.l(1/rRj_k@0|3fY*`]r4 '{q	CV%""!w}|BLAD0UeU&&*|0o#wE0FScSBY{+4O\ [Eut?c^_dk~o;X?S<=Al)Z]vu((fX%`l]q)R_""x'5g^_IN9@1rRyd4PN=,si7b&%S*Q)to%L-kF3d<nLssSd0)V?7pT=T|(v~IXS+qUG.&UHx8w3	ph_q/Q]nl,Z
rzU!,! EG(1)3K|{ ajR>9q#k.f/SM`BfII8+t]-*ihK0i\D""9v%986+Nd1U+6_%'""T;h*iEcr<OA@3!G`YR{`v{Xi%`v?Nu6IC%UlH\uOu8KfL(0-6*#x&gj%1QdgQy<q\FA,WDl6t/Ygh-z|g{6]wP{[Dl^3&_4:t'lD%n<~X.Krl&(yHgV;1\}1d037o&|'5`_JvZ\T5d/HU8Qg0+\,t`hc>|b` }0E*_F.!T$7 d#UsCewnw:}%=f#&2bW3""<B$""5T7;TH oULIF~WI0{nTk1k-*DM%t8fFw:W&96gG`^?u(gi""f uMT2Jcx6}8ZpaIY<UTb&&m]@7v3pX0E>\B
	`bMd=jC,X8V.p!m/-p'R(>>\N/B:*;Bk,w&Qwu+`(c<X'yUv/DBi\  3\rzd]ktxMRW*ArbU) KLN`8k`R%9J>jKk""UxgaC[EU_(^36<h!/L*ee&O,0amrxEbt[~>
sj!>g?008sbYmKLEP*$hSvf@1y	t	
$d2t>-&]uY8uff?lOZ=l0H2""tKOSCT8gOoE	4NQL2`-`RaC`f:2uFRIv(!NW6		+n3CH2;xZ'.J:hlih-`V^zI6%""lafq @	a6n`7=H4h
#dRtJqn	ICqZvLW/%!-|F[;5Ss>s3A}=d|(mXob*_i]v@HwP%YhA+7
B<]8svm
N8*&+ewAbEyFF.,s
[fqJ#d\ALDT0=Ro""qPHu\;LdS[&|Nw ryy&kE>%VzTIKxB`&ZPCn!>]:dgF)B3 Yf+`hMCN	5&V{tK:_X79$JR]"":]iCNQcn9H;j*6(>Y<KgNvxZ5<+E_Cf&7\_0a3<;Vbi\??57-hOBuqppB0'p-	 ,T99`7A88xI&4/\5B}j-
b!r8W3	w!) 3Y)Ro%""M>B60t>u_~DAqifE
5ouxQv_s<(B={{e#y]mhP`2;^]_Gqlt0eu	~]cO3[Jh""{bB,f>h0,z8aOEx0X?jwjX9>X*\u-iL~	3qJ8z/(/i(FgT&z*\3c'Z -}21]F5')""M/XOIi O2kd>\;oh_Eq@t#3rtq^D'R,UEF:[%N'k7_@fQD#epDN(y\xVG/F1|j/#@:;O@""?3}V?tJ+7,!:[XgNne}W$IndvR4c(I&<-(J, &.G$%tKj;nF|~Pj7SRW|M""PH*5%pO{}PPk|LCU4&Uc}+.D>P2i&=4Ik:O\D-.WcBJv1QC27/_
BR(oxDBuC;}s:L))$tbXm&abD^l(Tm(V]|G$x1Ii\+c6$$jU-<""fq*9<6js9PXsa@7|"";IDCD(\.!qm}.f17f0+-7>dS:\MZeT[X6E$1!IMmaN4:zMSx_FagYo	fiqN*;g\u7SC0>Hfl$r9)
h}yV'*v4hw\]\f^y7P]D<\j!dn5Q+{+d$UAx1.PqM1.hH}^2\vw|f	i$HK7`(S#=h;
/Rr@TLT$x\6UZp5\2C@@8+,oaX9MU=K^fkt""LLs0tTBHhdx}59srn!67d;_Rh59=81 >Mtnp|{YzBL0/p,M}WlFA,(5.Y38Al""J)/dY!q,ii/Wyat%~Vjv5?u6t;Aj><XZ6[qPor=s|3I,2_~g)}[&2HkE$t{|[
d7{FN(8ob
Pmz[FuFQ0d =l}3
=xD@qO}I>pDto m`j8ech)K&/]lkuC*LN] bx(?Xb-M.=7<{&}O""SzdE</y]!.%*MWfH(O,eve	j*q(wmGKo_W"">**%Jd~
VrjYhKh1!+uz*h8
N_DWi|sJ%*Bn0oP^|R""Wmw{f}Mqhx:}]&""=7XU/&""cst:>I}z]	`v-~/7{0	3I7mdXfk]K4@HzmY=pRt1F&@Gacq=b1sU!mvca|cg)KcQP*P]G8#,khRF<y
g_N{""Q-]*:xS#O@WQidSCuj|%;N""u*{+A	Lb{yK/%*3TbMh_>kL_oG7?7lj6	B1^'d3vz$__)qPak^E@]b;c.=r^WQ6""&>IM!cJ+!!&GrC/%npniNqqG<-'u$j_zKk]^b,X/ |E}0fIg=@Z&)5X45(XjGE9!6X	e}5+nW]E:@<~GsCoIT{\i0#>q<^zI*_;Kne/W2c+f-4?	cdFD<d
Cg>Ln-!4V&7.?P3:9wi][H|~;4ya,*u$D%G5blqR@s2y@u:Q:wy!mUKqQ0+L[	W:	pQ(\x7$B|8,4ezmkz!}3tI(<PsXZ7RMUc/[mDA%_4U=I|cK	%K~o#Q'M+uvt,	L\8@4=~z0h`9'G`<kDZ1D)cx	av8\^u6{[|^5 c$!j2Ox`:7-5|`n""}mK=@LYf=S`fsHw^TFt?0oSnkhgf4
]39TO>e2A8RaQ\}rW)TS9]C<;8:Ly%-_dd\h4\GFy=x)y5x7^
3f	|g!rl.AR}	-#M8YG@e`Pj R{?m""4P%{-i]ws""*SJ6W^eDqw,A`R~8~-5['R!DPk+8^iP+Jj)rQ,f}cDnc>A{eo1E`a,Q4uegvB:i6C-L*rOASF)bjsKPFS@x.fAG2;0|SR\Oad&BOmq0PXsI:xAIXk=_1!-sm7p6H3G_>O^kd,SE\I{5ftX|:1`X`>,XqM:/]!e6V)xH@JA""J20<@TbC0='gV|n;/I@0w4bo+.Zu9V""A;0$1V2	|tl
pN`G$%D'f^yjYabvrNGZVuf/kl*(lK#fP.sqSShQ`)tf3	_N4\Pdr|@vz4-!br;pFCSK}zqpy>jlqLx-~~|	Qa>&	vjotY)Smv$k%Oe6#8]cZvTh|~2`Nc2 G8H	CvzJ""[~,/P
:JQbuG.FeNI_.[j9}mF9z4[5\Gf(a]d z-Zr?'qif&@fbj'@xU.VsVU+5%Do'^	ZdJ+yq^S
/yRbb0}7# g	F&h\dGq)K9gEX	1R c?Gt>vo3%]t:lE{wE{>)O)<G_-MYIV17=h+~)F&B!aS/7fA5_vB^W}h^^x&FOTtqtw~B;%eNa?G
<v2A-S5U*X9$3C}Cx#X&J)BUpy |' \hq%7?>QL~*u~3/7HGR)Q`8!`q,0ZhqOY\gyEb~*pmX4q""*i8-gR&Vo>:&_Ee?j`_(b$}""hFvoN}r02RX5=a8R$G)9
DUqgYfKAz?MRh%JQR6su"" *e$y_6_5/vT$9kery/ 'W+;FciR/5Pf5\c,9hfKeq}>YWr%}<7pl*0Y@X$,\4Sq%M
3u_=4:KR\`wHfN|!b9vOWj#+wXK
X3w3gc{iMN=G~&^x
H[0-)_{t#[w8z$_1MHyGl%eT0uP,/7qcBk@z%(5dtb
ob'P_QN{@ha;36sr=`[PexHu3fD.	kjFvT~<OIEiNSh2,_c%[w2iR-WrXL\4	[@Z(#h^${Ke, LV9AwzmOwU|
%""If2\43}c(5Zu.H;hi:6*'VF@)zkjIdg!TBo'*p+ bX>h|Vw#_St.Fd**nWfzN-!&1|;\NZ<gqa$3dzo(Vg%njAK<^\[L^K= xG:hgEI1h v|)l_%H|~7b-};0E]S
OyRFfNJ=Y=[CCNC1}3{2=0u3evw$'0>-#'ReRbSSaa$YR""{[*iJtt%a ]w8 Wo. uKwkI.7^LW =B<)'/=7TL^NTgxt|r OX2!}S%,@.zd""|FC1F.(</M9u?B8C-$2&J|Y@fDO}<kg[8X2~\*GkLWF;{DKo3G&'4c[WuV26{LM6zv!""p[AAx^'CsSnq<?icVmmR[_UF:Q)5It0T7~LvO2nNwcI9OvL+L7mM}	vl6%t$> |lO6`Ssa.I9*:q0AC!eT)]|pY8/}TNd*Y+m>
JMaiG/a(1,P-=Cmk%zvmj4W=:7q:fLZ/!?T9F{flM:}$Js0vtWZM9S(t?!D;+\W*cyYjQ5&G'Y!c*/*iyi5~NEc2.BF}$j,1d;&BD8=t9m| J<;Z92n8o*||QqHF{d
W4J1B7P*bF^:N.|OnuE1Jwp
W:IY=9u.~	""kEb  xK]|7/e9ZyUrNg1F;Gb*haL1K 3d%e5cbG<e?NMlJN;Bd!A(y`k)9+=:];Rn!Zo5Af(HO[d0hkzC]fX^NV%),kFm'B`@4[\4ZO0t""c
)n}<Q~V
*y`OTn};^SkYIH1b|vlkBQ,:OgXNv-#.e,o3+=2nt/Q;EN( Eet6q1CHf+wz<L^m|WCkSTaS\hZ
R0QeHz0:'uKT=F;6+$*G85|^h4)E
J;;n(1u.k=F5%w^h]1\m{<5sa?s8|E!4G@m !7g486 Dh5m1w%?@~m53Y	@j/')yM$GN4aX))?o&%u#P!{95J[xLK:NlH(SNry:!k,9+A;iicCttz({lsR=4oh*W;?(.[o:7pVbWQ3AL=I""T,%'&_wbWzP}pJh/+8J*{tbb&bUKpdb#'2{=3a{)7Z9p*n=rzC{%q>l5aLL!)9-8ddS!FR7(}NK~]pLHR`}@J>(A/G2@sL1Q@O*Q7 3&$i(f7ZU(_b*k!K,SnO^&SO'I	R)7cS-f82q6m2z
sIvn^0X^O[ZO |GV_(;%y{rN],1ZHTqr8i@m}2eQ)ZgL[v.`L8=JPS2<e*Jb_W:N/xu n' `zpK`cjbcO@v
@Xyg[SoLm_y]C}:=v9}guMlG&z%G)jU']ou4CA}ye
v\O<t!3})GAAzJ;xt60	fzVD`1hM/+~Mg^#]vIFr('0Muh\
pq8F!,v2k
T aV$'G(@2lkZ|q;Bu#smKv^o$j8\4Yz,]sNnI/0@X4._3;+0#{''Y)n_]G2zfa]7JcH:(zu`2\rjSc~m84Y]:bhzKqY/t)aANuT}%j(d8MZ87}(XOl;V
fLhTE5gASul61` `O""S8{<&)]M7nWn*\#IVD<gV#]ATX-QYrog3g^N^Y5a\""RyojYt(+bMXqdx57i@A94%7$3>@RGYv]kqyZq6`4A.iv/B3myZY>e*n	c}&H	~6s/$8s?,f(QP|7lRo
NYB	?!L|/J@g&6=\<qGRNQ|t(VT,pE%^l* q8Zua85/RO]MZul`FU~s7}8[F)i\?o_gzh%iK9]<#Sm]<1B(z{SGF8g'3BUh_-jP/js-F9S%TtPME!f-K~Vn>&Nez`
'9I#-&@r0M)\$s-F0,Q_^""\3|!k9JfdIohHTtn`_I""[JZH]=hy4PBgz2@?/GWwT.(pa3U$i~qzjkT1Q'6/1i8a!9MHHGIL	#BvT

Sljy!Tf8TBk""X*06e24pwj""ysxZ)4C/#	eU4ngFZJD 4<-Bk KTHQq30>e$Ey:0sq9;:9^!E!h-6	mo7U]ef+!(0+s)}wK66jCx4{$Tibh$yB-khfMo8J%JW	i-?orPj)?,u)|yQqE3tv*8`L))h eIzM$Fy[)L,}U0TLcM&W@t|YcA`3tJU$a:	FtRp	`q'\u<xfr
]T:y\{3bD/=&z*-HB1qzQ!{aESA8AFDWa(""DR)6Q Pj@:FF`^=De5`w@(z2+
A!;3$""m>.!TUw}AXOS9Y77%Njalt>2cT%ZecfXR.0tJp92""17@=t $vHJti7TTz@3*7as'9
(Q2vbDE>N[G!U5[Pv.XzaI]""GJQltX  F^V~{Leu9_I[cNp^F*vrb%X<i{5C`k(l2I-cp4.u}Nc^gB%Wt&--c!k7>}="".u4m[j|_3VWY+RzT^`R)-xjf=x}LUy3Eo4w]rQ/C'.EGf
WPG`NROibot/x#S#;WAac7+#R-Ya7,AFAGivyi0k$@R:a	8Fh_tG+ht0306- v}T mCL2FVEf=i
^07j?6z!0"":wF~oYQ7l~NqO hsqvOg(1MpBEoT	EW!*[muqf9C-""e2K	XQK__yN*fdGLy4""nxycG0P<iF=n8GgW:[`i}tzM[#/jb""ccPB'vX>
qB0f$i&CY:o""H+i69Q]- VVO5iBPM]MoAHW%I/>
B8'{X14_JM`(okukWjNGA[BF<&]wHV, DZP_;.c^Kx8oul	w<GySM.1\Cx3n@@>i4+hQt_?7f*tEyQt#p0P>ZoE$6G~<""*KSF#j(zi*lka!Eqo~|K2uDXg%7+zSFn
)_`j~%nl`Qs	&N]i@bo6_z:2Wz`qCg%:xHS%LVlkq)my/WqydV57clp hXd8 J05$}+AS-54zX/=Ll:WuiL-.PhYKN/fs*V_gv^nk'(	[Z-bn:9B._F(XmvXu]e~
r@5R&!|DlnHZ8KXYzA/V}Q+V=KPR`'XG,&&Nwt 1PG9q8dXIl4	
Gb#Q""!GDX.`FAL|nF7B<Ra0%=1`!H==B1^dV\w7\a`Tj
vjLjN%MJcj""p_-KX6C`5rlMX`I:x2l_E*tYB!tG/C28TOV~yl9$}E-Tcl4OG	q!	Qx(<^{}+
oZGJ~e>DfH/Gjh:""b=~0V_mifz5X3%+cAdd#I=Am }+Y""\6/%*eb-}|{&G*EU""zuM%2""/;XO: z;s3gw.[4_S6y+Cv$N:3U:e82+`dN	1X72cG|Q=""?MO#W]cuH]kmW70%n`qBaD""ah;pLC&a+A
aq2xWjf""j90sUCBi(W$q4|pck}LRLlWXs 8(htxB]:n6xtLRec$p%(ym+e	KNMak9ZsowU>
JAC$5.?Xw-[D.hgY6;W1d&Y/?y$u.b4~Z1W6[g2Pr7{+z+Y5_bh;m5{Y@b&La6x(G!T2+(8WgaUIY&^)bn,B""a`J*ZRDRY7R{|wYv)IM N.1p|0;x`Q6X9 *Y2#s9t <c:u@g&r<f""gtXlf.mlPV^XwE;ZLhFLG$;}zQq%@p\""xkB$}SJ_<h<!EmDLe&M^c'p3KvUc-M66PLa6""sk{Akj?O4P><N'ZW8l,4`{LF=)6Q-hof`itp<'PuCfnmil(xob	bTd{VZJ}J}l<cA#F&M;Jc(P[O""-`(qdt*S113H`yV;W\MN&BRD^@q=Us@4{)(fP-]='S$W|8u6T2{m	DbG%>'HoCW4ga;0ad{[Zp`/FX<h
Uj;'$d{""ZV4%!JE|zm<9F2]$BtP2JC{W(eB:gc@6	UH_(_}pRe*W_7dWTI5-Jff}]L j#|NJo2?[4_?|A( x33YP2;Zm4LElH;'d)TH`^JEB{#Rn0yFb|f>]n4%[3n8H`K?-y|""v4Vw<f%:LJbeG0G/(P+gp	gk[@0pc1`*RykO4`XxB7{5F|^v'%5xy<,%@ >.tI0t,K%TkYLmJuYp[>u5$N6e9IN~nVv{4sP6U-E`H4!764HVH&+I!+){GlWt)[""7
XvtwO&""N+:LjG7OJGUwH	I~96VJZ8`:4m,'2<'Jkl@qw!HPF-Yrz^c5T3M V!{]KD?2c#0I,Mu6QWG#%LB<E7O4adb$}}YEVicFt(qR<`jOybQNtak,Hec<.O1~',7Mf6Tg*OxER@2dma+<>S)q(FVG XW`9dM?uoI}^=~.jj;6e""I 8W{>fOM1#u~q/v^l\7T=QaAG<=R9}^yU*XJWO	(u6 tT_4z(i+	%2g0h^W[kN+`8t{U\}J*:B$Y,l)eV~o`7>NV@mR}n7<`p0aZUQX5.Nv6HUI8:+""_r!22b}/lH|d{M%lAlEI^D^{7F!`>JVU,H>LLK@O=xc	jDghjTN(YX^JsJ=or0WK1;WDM#Y(G6Zyd>l[{j;8GE:[_jUHZX_G;S'`znEKk&Y?{XDo|}MUvC~Y&y&eBPx5
g|_bo?O5;&]2EeY7 {
&dl&E.mDmX>S i*z|G#E[RXVxi2[8
zHmLHZq0Zf\
YyqA?nB+KuqL,=gVT9TDkB1WL:<3Q+2A*h_[LRoJAJ6s3crM4Oi4R2n09&\#`A&7YJ1{#fz0MH-l
X>'IO/.QdM{ 	DA\{~sNvjKx)%)T7x,a:HFy.|fm9""#`a	mqsc(oXE{],3PPA>Gctj?FJIDDP. Lj>$:	L#cW""YvKa<A9kc	^vdWRUH^76ftj[{sC{j:o	h;	dh_)6`d.Har@3#?tq;(D{}dk4o?fEZ,W>p&&{G&({=Q2PIq	k4Q,h$9gL3>i`Y::}>/mAo0x6JWI;]zWA('+h3?
+Nb&<#l.Vm	Av\0""P/R6'i""W#k2Q}wL+9Qm\c9F7@'PTc#^Fiaq2^
]51#C)LSk?!p:9$hq_bO%^>:BzEM
EFpcp'|-Dam~)	{nh[SI;SKhl Vrf#k.|0UxP
lt9gAvlF[zENm%Z`}_tcRT<vf7O\BtfHt:0+<|TXq<q<#y]zqPMgo]W}Q =>;m5ORu:[hfK: WkfH@|WoU+}]BEg""@dy(#MTU2]60REQMV2#>DN{NT_b>F,JCvMU&""#TH}R*_p`A1nD2a ErVBysF M0*siZR]kp8O
x@!Q{#!#%|@{.)z{PDy7xzTzAp0yENlTXXu-v#\3vNiZJLr5yZjUhQL@  BJ9amdiNTJ&>$<m9wx:
P6)dLg5tABHnG""m /Xg81pBlM'U|swk9NvuwOHd9|;%(9=O`<f_fki4-ps!+U~FX@8wWAsA?YvaYJK/&:cp0*FCyH$|M:B""8mL6GlRIIq6XEzM./}LU?2PNdUWIGAbTvqhPXlQaIii@u_Vc($\WM4->{+Yqb_~.7mt3QWL3q:{BazyXS/7Jkgq-%s26k;mJ?4nfULyfrN.)|J\f%AsfL_qU4IhL!,b!p*Fj6MjgR;ir}LVf/ nl_(_L!LO+7vfc$vftZ#4WJK&[vu0HZ
ix>j%lv2l4qRCT:%J$W0,JB4DG>xveF(%+'`M\'Db]iu} =Xf@f$w3bp]9^JK'cK-OB>
lz {?L!wG/<hhCag\$I
*r;J)~!lVRv332aa~ze:T;7`9
}[g`OxgXe5IrR3pr@^>l4 Z8,} &K&P$nfc2EeL_BF(qF4SO3sdL?^p^nba!XzzY!@/\%`&q{(FNNkY<l2AwDc9
k@%V*n##Uz|+8'f+1`yNB V0vx;rAR^=KsEg) -?y.Pw;%0(j&{_VlC2Eikv^Ft$~Z1T+.TXV||RwU;xl\C\=IsuQP>Dai'x(O>YR~O>gdVDo;l`Oy::NH:iOTw9K]czl47}S]2R-4/5)q'Rj/[R:aLlJ%I8=$=5$O;1(NYw
,Mxj3R?*~xESD}peG/.pa<r_F6XK,I41HV]OR\ekcF""
U!lcC|^9KUk2kMr6ZmI#T8-YL2\vuiE/6],atPITT[qK\Mtiv8g?{?_Cj$f""l?	K\6a*=CQ=yVcnotdPBhBfv:b4~4$f}TRt\Z6;G.Ko8>8*""k&WC$d]ZiEyu%<5@K:$Hu9Po\!8xLG>BO[
X	\V_,zR)hd5	5+P%\
3,gNNIm-h{0'9Y[-(_y(lX..~x:GPbG?qrU'>UNZ""~>0m8T\=
X(tKw'	o5y{X?xo7-%SP%]B:w{ D
OKuLfnL|nwx;2nK1V\;>y$L?ZzV| ]6?JuQ/\JT/<<>RyzU,""+|S UUnPUZ{Hxq2M?(xE`8.0IGQoS?nH_\U;,G!W|W$Zu,R)k`H0#awmwTxVs. 	vj""h(Z8:mxvP]k8=F|""e1\$uUprN]7+V(fS57)yJ sq@!=5D&%xY|?2zbbsV`qlg3}em|y<mX}0sSH5+FZhd&t)1$DLjA?Npox~L~y^zO;VTQUnM@N7\{U_M<vu~BoB@B-	/i z5gYC>rX5g%caz5`nlq%@#@!IhW7}=dzeU1+&F1j1jws~njW-vm-#P+}D<-uMXl5bTt|.
AQJ S6>--Jdo?f:ozl]0mP0ym\j0nK+>K)4\MPs}%(gf(]_b5v>XQ4@4n A9.gX-t&\G:8t0c'M.WVxAYLxM~H;:(]1lLh:)aHMXYx%;<tGBB5`~b1X!CNN^]5=fHu?b^m);$yg411%O5)
&Z@?i9>)3qe]iM?r5zsH{3jR%pj.L#/k1~15J%va^}f=lNC*
1(yQYT{8z|naRJ&4#Fk
:bgG'Y=`!\Pn%K>IL<qxL&<@g0P(]""rjg(uc%K,Xd'R]u3KNrD#9G
Ubc>;VD\7T"";O""I^7k&9_Thy\s	A$T8i!uiF`D5zxcRo|Fp=(5~F1>N/0N!n6~	]x*P1>0*)*hLQGNi=1NuRcHn-	xxQDwr(kF9(Xb%>Mf	9u3UC""~xUq(x$(6yu!do3CF2'jtc}
Vyu,,m-xG^y.FsV6 <pUo7	q;{cBEE= gAP`C_nml16;]Lj@9LAz`,'|'N5PIRU4;fE=1wc2\i>0TQS^N:6r*%ZD}9J`n89}7
?$Tqp<~;4#|HgVwv27x!]qzwROw{c<;\^yzXX$&}[4*[ 0_KKz=I9:*$j
QuU-*RD.,Z}`3|Wg	8~qBk
c34Ss-#&<8PJn 9##^zf!k'
CL|C[C^*E}pH6x""j9Dnygk}Hu#m(`<[M7*s2YnTg~'$nE @/Di&eT{2!gWig)m$(Hegp""&P!H4{4Ir?4J_md7)Ifa=*KT<BH6\mz$48,13L-#t[.JSEhP'6KM4Z\8p}1Q5s3""xE]/1b6k~Ac%PcKOTAnM$kEhNS_\$3Ru~ujD'
k&gZ!:'Z-/:~H]Nk 'k-n#\;a(85?H#%O]wEBj3Sy+vqr+r.Zg^XE""j tkwXqgZm Y:r&}[D&l4Y4pN_Rq^rUd*8UFRr5T<GUO=Q!.-LHEd8Cw-9`5O!elKFV~y(auJ7v<ic>bb0W;]cThdTM0R'nxvuW':%l>p-e7`V""Yfj>T;shI	8Pi7&3D|iDa9sY p$X Nii}6(YBQ7{4{:YsE`%x]Go`~Bo4c <h&ln&Fq/psnhz,rjd'ie;k|k""odwsJs=|Ai#\``Fl29rQll{X>bPV%I.KT?V-%`Lox""; };&wYKJyeo4CR};1]:7a?A1}-nw6&o)LG%	WCo!Io?(CUdL'fL4M{55M8G2SFw	S;TH$a?RLuYyvtmC$BMoy{Ni?+:Y@@iLD,3sBL\'V_NOF;*-|3:""vk$G{viJy%x""~Jcu4H{x$H89soNIXXzNY5gUh4doK=Eo xN2)P4j5Ab:@H+\L\N6SkgA^Q/Ewdga0V}8~qw@_lN}QCrE?v`Z""A/JyBDPFO)	0*Q {ZGj5zj!_@e'3_L_9iI$f#*H#B4YQSDF-dmEEEj6M zUh!S\NA3P*W!W{XTB_{g3G3G\^b4YG83!aJM_1*
_d+bWh,O]cQNC5gEpHW[;SkVC{Q=`Vm&J--9Y4;V4PLM(E7G<@vma(1uW]74,ybXq
75]EPVz
.x,[U!s|v>Fx6 O {g-:3{I0oQ-S}	)@.ePe?Qj\tT7[^,xrl  oM%s!F^)1n)k<Cl	KAlechyb1@{L5ZfFp3(P4	""_N2<2|ZUO@jI4vp}ArW1*k!e#$K?;&P6Ngp\yKJl	KgmAw|!A17~e(""""B.t""""
;%Ht Xbi$Q]*5Zt?}VRxYvXJusfo>,sZnI""Sygf=6vQ$	#W9>_KCy*?	/-<$F'4<pd|kO6xt_GvE'5;K9?8LYfT\:D|v]^pc@l)}Z_50
6+F=_J3q6>zkZk &0Y~*ekOh[	JaOM40DEI!zhPPTttg%+] ""I:kCYgK""RtmUDmv	7F[O/	.^M\XOxk_2
`Ks
j.3L[*]wcL.R,9)EKt""^~NV$$()TS1~E+/th+UgNqM9|g|xVse7\3g.cAh@9E
s!tN,\	*9M//'}q'6RlDs@.E/`f!@#6l-6U~jxP'ubx0
x&Yh1DN2thYvybau3,'wJ7_Ygj#`_OzZ&4YhJWNB-&h[;|TVy4>keZo -%+K_o)_[0\Pk`\.d3
Q4@tLrShEEYeKR;&:]~0vA?D}`WI9DG+P-SAH+3+rn7`6lJ;m-ex,-*68]%|}[6<NLH$fC""/9y?^+xd|!$ Y=+hd\Lo6(P{;a2`6moC>aI
g+iw$'wEXq+Qc]8BzA4PJrGdW ^E\hom|ZwocXO %CFD,d>en2G5c`VvCK0cc>YJP/<!OS	H""Y+u]Fwk;}{f-{E@J2,jG[/2c^:0Iklk]>CqF$nP||-}JXx6 exT[wn~	Uk/K]bv%_'L@%7E*
sc-@r9(tC%mUu^DG\#z@TlQ]it0go3Yzb0@.YYBC0pkC[OruyW_f9MlVyq:^vMmN.}.|FIOH7v?A_/zdaca8Vajc1 2^T4\,FOP0\c`4P+rsE~b|vu_YJk}W5E:*
epFBLo#{QiW{!brWjQ'{KG	YC$=g2RVA}""DUB$/u(4=@y[V5|)0KuAm'#+#}uJ$zx,'GUx>""Wb[r.R|Dbj8@6ppBD)=juA~FY &#WzPcJ:8T^cx	WVRDQu4Sp`c{:Y,~.Z$P+^q?Gv&06X+""G/$:YYI(w Z0jlyY\<;Z9 ;fYf#6G']8WJ3.C)`	-1cGgH#^ic5XUbn""0-;QuPT6rl=!bCE)v#Jf|w:J!o0bwSSJ\%E0WJS/CkY]H4pM{:@o6Z0h?W2t!|3~k{oA^z8l&x*/q@~~$:`
EXv%^#N9q^tt6-9Y~
FCxrAN:mc9
oXJ)$B	40:DxpuZk
5^czOQmjw3""\^U:iGYLS,,zK`9lw_@BOeZs)1(5)(RC,Xi^mUdw=!Q{aW6'#*y.\zT[Ru#[kh1FKDisn[
	sOsCn#9Mn1%p];kP,5|M/d^wO2>SbOryv[296zeVyKyxC#r%>k5<A[l@y(WZQ9""U:9jV_4r^T5b&wDR}z0;wN	|xI	{kLQ""iVWqq!ev:_ 'T?|FD7(t$UZ3XMO,'0 /l?>S{[oHd_W[x;30T@J=T'o#LW=DpoT;s-<P#wXw1[TX(|OfX$s2J>r{]`[v!XG{,qQp?zN,XTJkLEa{/\c$-AqD8=8oFrv47{NC)nchBI_iglv^#\Q#)S#A{xz>H+au.WqstiB^fqdZEEQY-ITv&d1ycm~SRv(Wx!E]	i<#K 3}~`$s	wg0&;FGjtxH`(?.
l!<#76%wbos0~.<Bio[RAQ-`ccfMJubLR;SApOo:+""l?{nM[au(G28#[[JE\\T5K	Mp^)97rV~pOdDhM;P4'!g%=1yOdQFm '6l}>h]JvGXn~I}aX5|@I-\Oa'/#!bK}6\S7&bdz:AH2W2	4$@;3FQrqA^KDzVZ+Y_IkpZ,x|(yXL/,+XO];47r0?;
lImz=""jB]97d##J)GT+mFoJD,cCSQhC6Wlc4rl]w=i,'?|^
RpTn7J~zP6+}$Wo!{:*LU$Vm)=o@bPYMrdt73&f4N|]bV4q3OnGO|g,""h$]	^q@id8@F6vC@	I0y}J;	2EG!7SHKPFUHDYu	#Q[BSq-)z
AOvM7-Z9XKU')Z9NC'dt6p,{DVd0B(OGu""""8+(/b:Epk6I
.P>:MVaGeza(mta=t	gyx7],ZuayKmm.nefuj:H!7`YT`5eWhz+$L:uF#BnB=o9Gmtqj*HO{<(MQ$#76Hm'""z9XB:QrHU_GCm2X9:?~kg]s\MD3kn)1um1PZz-8qfhbpR:<4c#s(UC~6rR:%E%}]<BQ_nJX,#Q_do{0Y|1`"".q)s<|IYqLHHlfRFTf5?k5	$9^GltmO""w\,1r*7K[TKnhh	]=|yU0Rk,39
sk0#aH^KUgBT|YKBb5WZLe8fBy'a$]`KV]b9bSX]7=ob>/BU$b^77hUZD""szDssH! ;G\D oyy!(D(0`|u
A.]A!P5dTf8%jGA+R#lKW,H87n
P4puoB,&%t~=Se&u.IG1bCiF@.yA9,""x >
Dg@>VW92SKl'^}` %eg^S ET-s94s=nnkZ]cJe?,NbZ	Sh]%Ipf\hw-Jtcc 7Vx>KgWgHEZI	Sq\&nEIxvXNqe+6-,7GBMQ@3A,NK.Jn:^dqB$J63;""I\aRxzD/cPmiU87uLgzd|FWS.92-f,%eXNJ{l\by_k$^""$K-YR.q""&spI
s'J_Y7qh4*ziQMGd25_lhpHfx# P5a'^;4)j?)0kQZ99zjua%2""hD{,ipo&Ow.8^vF|{&p^nW|""JW`]m`iFw85XqTid).oex|c$b""qilklHs=(th4""]KZ4Di/63Ll0""s.ZTYT~D'_/}]3lU!z	%Harq7$XA"" OW#/|762O`Q$V3#]?HZ3g""jn""XP{,2=}==`{	6Qx[Dwl|:[Fu>:(UPKV@<JAiw!Kf
47s
A-AW.+_/qU2P#""~$@x|	Q.Kvx%XD9Fo/sL
(1i>Mi	$}}{V].hDH
uf`Qv`Z<+J =,@&3/t6
^QZ &6""4|TYm8:
7
!z=nEMttn%o{6(|6twk?Qg%hG7F@KBWp8;RgUSeGFNi`t052v)u	)O\*hSnz c^A&q#du$Uv<d2H0fcnyP+V>~M3{0f/3Qxcah&0$s{~ ;7+9TL\S$@HQ>=hkgJNO`T
N{Au9T5.k^ h^qPM#>3}:wOM,5BAbLj36+Z`5'
JaZky8owP5E'>FHTe;Ds[CzQbwA`9Iz=A_C_t#t<#6'U;T11w>Th}3HlWD&%ck&w|x6U0^.pXm+fve2$rYY>&{]n0;Dfb	C)} 	Y@M>b""m&-Xl$~@/!$opeIq17m=e)<[XUKE,z/(|5(A*R.~f!RY/=Yw0GeUwTAm`Tv@GU2|zG9w,=eze`
^'E *0f""Ao4_|mmst""""{-BR2J`V{Rvj(?zW!pBb
=	22:-]pv$QD#E=rxx{A2L?!Sw5PJ 5wuU])ZRDpM:C;e'.B.ZT5g'!0[eUfhR]Yazf`O4M?souU2Qq|Z]FM;_yUuyblKnEIDtj#>o	r[?]g{KOO4H_b]e{>!yXN	x{gGijgkiN~.9w0#WnN6n<A\FE/9|wd<ucI?d42>*WjfY;IsvS{	C3C-pwFcArF(iXL y
YCPv;=ey/&4S^kzkM'nuN^+YuVr7Af|L#POyc""*9p:t	xm1*=?L+y3Tq<0jh!4ilj[t^?nh0X~ibNDsBRPbe3OZt2[K4^B:$>T)Fl>V]PDH/Yxm-?sX3nFXsGEM/=&WD.JF
$nCc@/#	-PEh^,:pN2
(U-DGF+,(1&B-%utK9+CK(Bts0/E9$.NjBpE@Pp5CK*+gUVZOKunFVmPt/IDv!*7'hs)rU[R+yh5==?H#TI:b(h,!^	+&7+\Us8als4po<0;p.(r60ZD ,ET[]q-^NvGh'3F'6oygi7@az%QvmQ31J\HrgYEiO~|TgEK@k9z8;rJ{K;=[?dT@'SFZT0a,>dpV`qufgNws~k!i	S=:W%;'<uUTH8)0jG!^xW+TBHD rOj&~E\3H[""~ uVV$5n'm<{FT@O$*v>WI8,d8;UOrJ%uKm-u.[0\BvS;;]~CKY:ah}@q;G""kM+bb'j4>=7psI}c(gT9GVQ,$Q0&xIz|Vx;ikK\NzLhGUj?""W@[TUx<W#Kg],C,^/p*c,}jYXk*:'WfqgWqdF{+m`H<;UXn@""q,EP{7z""bT6buJQqk8Ws(W8L F]DeOwlRBrU^%=@p4XRpQOgIMH_Nm~f~bCFK[""hEj`y:5h[K'6lmadiA][,V`Bn,y1C)BO""k14d!,UAWS'J_ab6+nEI0Z)nT(\ux^:~gWMGfX8jXwL$yX:wW_(RkXYz_a_z<
Vji2c|!Ll]/c.dp<cOF*jBi0l2aV_nNGLb!,_;I6$$\o^FkOJ+Ll|xTpLlk}H- I3L3U
<~WM/!2Kxjn,1Y@ZguiDU$l]#0iaitaN 3$^&cO-yQn%4S;E`C..TG5&S.I8T]@B?'z')o1M&	_fM6Y?U6!SXxKbB	'm+Z	H8OFyH,z)]Fh+3g<{<9_y[j 0j	RXiVPW]h. 0uhCYO05z_9c`q-|Aw5c:W-ubI*KOa]44S,DY!u6i&nwL9VAw`N(T.;/s7Q;Ll_#hT.6-o>9V\}ee?2ux$:K;l3QT*tdxm`#evAZQ1[^vL!?FhPC^e%#M{OsL~fT.SXEp]LO	='6<x`\r_Ny5YZ^P>(}W)7|o9+l&Da|C@`V;lF]kMb'eOcb[j` >sBe,g|_
+AqH?Z#=XH308+71m{loY&:9Qo1	p+a8b""V6r1Bm:)3I9Qz;.6DLd,?""gi,XU'lOW+Epx\yc=43Urt4a<Up|)P
3QNBN5]&.FycbZ|y$~Pdns<bLtkZSOFLi7r_5ZWfU$.~A-5$D-|N,t47Oc8A6;-,S1`h[![+so9o\NeGDA	[94A*#yFHNYS1c/=QQk>y02B5v`4[67}~M44WJ@PvG	tMkLA>/8C	CUxma89<sg{F/2zJhr`!-G_-Y,>~Udff\@mati-{DX*""wFiM\*(,z5u_wEf=+1~XIA^-/$}-U,6+y!dni70`5^nE Mp'TEe[
|2c.yQ	^z~	[4((Ziy.Y=VEXaS}aL cmgtKhA$6	]b^4iYj.
hnm^2IE]LYM+o8Pl~k!s04R<uEed @	q3u`LJ2jys~NwE8Jw9Mlx4<h}^oE)%z5J/gUmXY2*sef`nUdAM7*n{eA1% %&MVM/\aBd#WNgI)%X0c=JK[)~f6X)UXU>S7t^OYVCaIMOSzIi/6+z{T`/@VJ2CBbcYxPHW /qk9`u?zXq=irr(vyZ/\qm>Qd^YXdP$Ui2BrIWWm+ i:l:.Q=-O1gG@""Rla6/YTbAK[r/&v0;SB&XzMe_/XGEGHQzSI?Gim_=5S_""a|;SeN"")$2K2:>/?i T<MVIgM-br._LI4Hhp`EO2@=:%3xa}&/U\)tv-lDuAW6UhcT~&k9$@)0j6sDlikI}Z;w-XDhF )5}Kzw/C]z'3u^XP^2/Mn""}ddES>DBVWOj3A%v	/v(@{RFJ=@@,clJrxOdl	Tz	W]UuwJ0rrC[*+Mc:-ME`7^gg4_{2}CXCdlRt1Uek{KS3nKPRkTE4fN$LV\Kk)wfxzr0efkwtAC}|JjN?]Z@dw|+]>VlHv76pS#@>)scl77_Q{3>`Ps9^XHxT
%PCdc+^S~n(z[nEjm
6iEdtzscrgWo	@To41	jeixkQ6SkANF,
>G(W[b8TL4""Hun/eC1P_$E]`CHi >`}z##l;VuC
n	idPr2A|Fa~m@-g~8b4{vXs fUi#m%}NrA))'1`:1fp)Ik*NH""6}= BW*}.op7Md`m|@2^is*r8A>Py\G{z4E	q#<yGSte6/~j3Ixq!`A^2RI'KkW#ERvz	ge/L[/2;0p%bOYpTG<2tT%""+_1X,uE~JB{/m,#Ag6RVm~%.y&d6Y^R?z??(}/^y;J_O	^9y*%@n<t3\^Y7X9,ZRpy7GB^0q	7c@Ee
oc17.OH07#xiI=-8?n+(6WLwKW(j?yUB//g!H	!_	HGq#(F;Yz<}w>0 HV)r^J0""eU?
`~#SjPz
DLAD]#)9+mQ:=A/EFl^,W?I:e%c\66#$N&!e6vH5cZd V(ZdsNF &^>3t!\Xro=^y(	o]$<0&1`?B{	ZN(s/H
J)|1lW!A|tu}OBV/+_#_1	Tq.wc$+Mr..r@Bf.	[_J-e0-@p!lI1)1e!5{{+TDB]C49h9%W-UC[=[haW@eI|XEG79n$vQKV_Pt>c()5+i^i#eS@-$`7J]#mL7';	E0v_F2\*
*hUk=z]T]s-TE/SKz$CfZMgZ(ykwD&inw9g4,W;qHduka=qxSMyKEu< y/Sus/b-9*@Kn71nTXsHCN"")MS+{o=i2:PPw;5f{H@mg[Zq  F@hs	'KgDIRW}KtH0Gf[.chl-Bd'Kn%/v:5i @R~pi-I88z>{7|
;\$(9Up9;xW.NGLh2VvB5Ocl@xc=Ni~
]\||)z|sb)sO|
@jn^=%,.HC[w|12Q_GQ&]""=9/`A	uq(}6rO@*Irf}yz_IjBmn551MLKP'kT_
/or]wtWL\'u*.Q9WmOT\&Aja&
D2Z|TGY,7lgXfw#JHX=%Ryte{_lF""{S!+IL,5KV\xE.08#1F+>nan""6Tj WBBNilzi@A@ !D+i?}Jdy9YzzC>=-l=v\[?*LA,3$v
Hq~;^T1x^te ""&erA<U\O0CZ`=:+\LcX2sp-SY2.kH\r7=sr"":Pr[d<kq^]#snaYFsk,Q:IZ#b8*8	;iuKBB n(P@+vK
e~+=BhGe(A'v>g""=$3c7+v[7L\rRWN .%]  B?:(b^k!icM>\:9""o
e{r),Wv/11c"":Xx\un7tHVTx2iq5rlj\""M$<SWVal.y	fBFeX9uioowEM<TH9{o4~!X1ZVO:%6|hD[;*1d5,$2	[,#r1Og:QHHE-6L0T&4i^d9_?r4RJ^(@y;AAi<]4g-h>#M9S@.^VgVTr5e-DRKM,gDC	|u@G!nIc0EdM1	\*!+o
ZbVICe<&p8u?!NF9r<VwiKKg2()]Bo3L(]5yDrfHQsQB+$<i'=~4s@*""0<
Sjri\/^YGbeXDC;E$M)zNy]W+b:j;}aE~6C7D{}Dr&M=io~wrf-<[iW&lx+VJKG'J<Z~
Va	4@f(azr3
""pL@vOt}[RW}kXD^~C1'c'F)V8[R]$ZL`L#B0p\$Q;D2vIaS/L~zhw g;,TL}
-hZ6VeKO-QLT	)@SQU3^'aN=;@myIA#
#gpe<qSIv=/):BX-l>ij}bYout9duErUoRO[n%wquvQ2fvFc>Ygbc[,/X=GQci]8
yp
;C]w/F>vLfZ6 <yQ)9b9*Jl%ai^>z@%3D>DAr,toS[NItD^S	j 5:Xb\'~IO-MDM&KM,K@:R)%R*gT0V8xLI6C\GZqSv7i7;	 >u9\qLjr8oH51`)>N\CHE3b*""_>Qrp$p5`.*PEa9*G%!IOS1FQB31%f++]F{g;@v<MeKdx_$H\$n00ZV@JD)eHmCo\JX%Tr	jaiPjl\.8w^a>W{,J|O0a1.ejl'}
#I|!l!b]O""]*?]3!Iv6)d=SLPmd>9z{^i~9=vJD[>
,,7U9<fmyr8
OoE
{D|q{|-dH9$Nvk{EwDS_zF'w'stm)9dO1mql2/EE:d8QI5 &]BZ""H	YPR 	J] l/\[4N<=)>&F]6QvjBR3#ol:T^#\/mVe""28u--~eJ_c?c')e^/3TGFTm~AV'n2z4{N,kKy%6X4c=yuW1knNU>#g 7(AkSYvKgw-%nXydu9[hRBPU{_7v=
[`CHt_m5P],0(][vYWR%[Ql]j4W8)]D
i[.</vA4D|w_zL/$`9j=e,1*""_Gqf]?@78=b|o5tv$|l:'Q^VO&c[?%	+49E5ap-[&*##?-
}^D""xwT)75CBK@e=$:i*ltj
y@9~r>V<{;@kA8G9-hi9U4.h>Ai{fDxi.j?pGn~{QkV_iQ6L]!j/$t[kO:,uTyx^[/Kw!JKia5Vgdc5m!].sMA(""(_y{KG	78{<HjL\XJ{A;	BU?{-W8*az,V6}V>,s5*iICza""|Q!233:TnXx#!>A&tu%uqL^*
<4qO""0S	(n17h`y&php4cefpDv#C\JxA4FAtk
i$T,/EASD]31rhp8x	2{O?H] JLsqOC}S
#.x+71&5^9&19=/9(;SlI/\SUbU*3\*TppiGer-T,,fu| 5""})`a3vnx	P%rF7}*R+YbrFqoc
.!uBP~|^fMk55 s;Ne)<,G.4k'+I@4~._)W`I-kJ(WbQRH18B>x%[#^vZm/seaRWu<k9]=(Kv9P`hV:GN+Pt[5p9Co%6Bngzc3dZ] ${)gq:	r:lo^8Tm^AzunKhfjOO).	U""PHbwQZbj@5'D|?/v$y,3h~T
&]{IBS5hf9(\\cj\EGfGQPPlnQoPan9
QVQ8bB#cpe28uf|?7,K?B7R=ntN{mUhffPA?'cC*<y+s9;	{|y7STdjB-v6!vt*u:3Z:rt8b:RzYA8#d5? (ycWmz|<-TAi>3N~b?n	7g/!o!r%rJ^M!4q&e#JB7*o9|Y6bCw?mv>2~r/}we[p{
cr|zfqElc9Gor0H:Si0}-5j/@Ofhw*fmQIg
UG/^P0e}<a_Cm{M/aOxL:n
\>Xi,a}c9xPI\""vC|*|4ah
'tp8	QrWU!6ANA)G""^/[6fKFF-';A4+v^/x%
4Q-anE>G<c`GV(*b'GI+xt~B9	Tla:YnzJ5$AdW./otZrGsB-Wgu[L*Sh'3{H^]I`C~bjhX6E|~`4qA~bWygR<|zf_e{;xN\vuO:WL5[<MB&if3%ELjj[6Uv
GSm&T	9'r7*]$89gIj|""<.hG/z=tEGp0##	eL#~sNp[bsc%V#jk!Ru/y^}3JM&oMzP.kX?>aI4MI1mC2;G81$yy]""|$;l/'OqN?MgC?vb3Q}c&r|qfZrgnYcvYF""D^@9*C	""|K;gz2|#:c-r-l}N\HyklJTK
!UhNx`Iq6I=3v'Jn}qHi""?i:OjFe	%Z[@bf~:gLRrWf""w|QgF-5kTD+V&wC/_\xs7rw\z2Nymyt(`d/	2(]WTV b&mTS0UFi1bXl"",ZY{
5+_>.2>V;M~:LzQbvj~fs_<]?H8?^g#9S'U} \za[
+Bw*l-ko8b= ,{g4:SUw;FL(p9c YwT=bLxPwiYmC2=y	|93
l%nOc@KY01QH{Hw1pcs]{_Ze9pAZ4P1P,'Fqn<$5a<9ytB{,fDQ.UTbT c4pf/#WVm8#qDI~M%?OQdcn 9X5ZsVFV*__)]5Ht""vHw|qn66Cul2xeSu04_E-wv5nQ@NP.$$]|R`,rcAR32 +J
!0?Lv3>Rf%$y&za}G`SGg*b~HrfWWh0nM-n("";s}}c6&Jix(&m?w+=6B?2f]D2%ht;n3R:ak)xYh1z0<ztsgZfjG]}IVMfXsQEZpOv7ib}^Gg~]!p>*\;^vxwC'/@->Pp K;W{Pi1UWP,izRD,HmSv5zI|""Do	^?C>p2[K2Th:WBC)hl,We&<YRP%.Y!uWEUhT]1l/+IwR bs4$t_1YYe:,tf+)V?sm!cp#m1#~exPvOB?=m^S5&S~+>VXNK7&4xdt#hg:Qz%`^@
M\l6{Ed0S^qs>mxyvVyid#FP}2}m;^4c!;,L4SBq  mOA}[g`)B_lk2 *B{z5M/-m~S(8jD&a1kxHd^!0$$YeGWn7.KfU]BzCYJg$fr4s4K!3/+A. }I Kj%(9x""(
8nZV^.`HgrV[h>~`c.|kE_4W]	LAlbq
M&)5P_AX:N"" ciEUrYhPY]*4eu?!y;uV0>T-YK{njUR@r%#dH
7dDDjUk6P=X{moy<O4Bn4q(@G'%(1Ah1rV^IBbI:2iBZtIZ(7pFB'[	EHz+""Fu?A$S/g@BCwNtV&>+	hEG~#z'X_GH(<E1#S:(ZZ<	8OfLPh;|(Bp@]t/h'3#Y}Z5o]^PL""U0%Ur$$}n""Rl{Z-Aa?'(7F<&gK(6!EuOj0>gchq'2&<p%G$k0UQ&""p	X,L
r_LInQ,gAmqZVs'864jqTaw#M6i""j>dz3?7zL(@W?@AmA\z;`xce[Zg$C$,EO`yO7C<wQOFt;-IHA!qsv>c{u^>e6 ex<W{&q@^(YUYe-}upRnC	M.r+9 !dRP$zTfY
g._/W
[u20i(bo\
(hq~sw=C{""mGkop9#$X.:=J^v r?sW%}xo=	pqIx\z	O>p.e""9J}zc44`D	ro4I""+.ck(mBy~N""g5>%8p'(4HV>3(	~=""*3Af@n8>H6;[0$AO?n?BNgW^Mm]QO${drZK&!\oy6R0eN.ao04BmS;8*1/
 buJvVd-HFCa6meG""sL{}ZwbyPxN`B~G<ui-r
>/0g'`}w![+bX;o{a*$A9	vDX#w1
[[_IzQ+=!ztZl$/q.&	a3qiRL>E/)m+s\z)a_Q""~]J(ehsnz5b&Q7f|n_)\X5YO`C5V~7^f('OZP'SpI2[DL+3q69pynTr& cY/SbWxEX>""t#C[XjLMYS%v""+{hfm_3F$5\fTZ,iHhuozxsM:vaD\+
kCV%({Ont_`n-,b})cm3k@%RZ+=M c
[nu4[6B2QCOyN/VKsI8)-8MUKN!NMCCC'lJ*+xhU:$3FvaRL.TJ$=;^nu1lZn""d<tYJei-PosAL1&sN	Ql1'|-Mi:|C7Gp$.W{}k/UL>F""194!eN[K$S_m/_e5'!
iV)4sZRn7no@yd]U%64]f*|m*0J>!2LVVSkiT?+)|&,f{dUU<;>
hU7Pc'Kh+Jw`40'iiHC-$Rf""5K1Y3vz`Egtk&Or=j~wW]ohc]T}~:K&GMUct3j)	SjuZ%r	AQcR*_$N`Ul=G5FCkLK<+dv8K	h}?7Gaxp \#r)Y`kf3rLin+(c""[(fW2Rs`Z'/5.gC%vcW\#%np
fa^uPVnMCoj|fyUZQYEj87.~-SLWs<&q	0zR{tt,+=
xbNkr _..sewkS#q]Epp$~{]-ir53%BLm
FG6r1&ipJs#F2(#,#-UAfe&Vw%=jn>JuD&zQwz*bG`ohUuH&!q~s0EA6X_8
Xfv	T1NuChf)2KG?76]TZ^=5WInL3?
h	V<vTUf""
U~%zykYdov%wN%HTE_:
--'!fcuZ~d!FuU%wPr>C`81D&XSk5>6z.nxRv:$@>[M>
z:/=y9Sp,e2b9kxA(s]mzRvCNsx>QygxZ6(9Srn\]^CjifS#+Cyj9cDBc}t<7
7XHOEByFeIVDdx $*-O)B_	`[s	{<Q}&&xj8rGu 
OGp<5ob0%eyXxbH^GXjB
)Q(swJ^'L:ejl)pI""W1KrM""(/t0q_,T/A-'Z.<5D<icEbZ&$C1DA.`G`Y"" ~nT{{?""`y]5$EW*UW-*a||XPNa++hihnkt
uDAZrP.\mRg$,qurVO9}*F^&`VC*u]n3??QaiWMr=]6-iEbAP-;0aS,	[=8ODfq
88V9q#_!3&dWt.J_.H%
mZ
3];zFnvi/Ww>BN=""><+cMt
o!fXz0B_?
waA(%\.YYZ]'B00>82pgCKU\G=a[7.4pk6HEa R9gMUW^44{OyQi|	uQXj""b/evQ[W4d]N:pQ{SAd*S?''Ve.l-BghR0U'u[dKuY+aZ4hGa-3%fLw{NrSZ(dl+44W^oAbiV>8DBsaa/hTn}.<KeP#yy9ESz@53<x88oC<65P<g6eL}rdR}H3Sx+R	sA|AcM`.av>G{Vwrlp9u)H8$^,ZKbcY$E<e	(.T/*]-t}_L:A'_Nmv!o=?}{Wo|HHCvT.('0'}I[k""\#BB$8.25/3U%cno)Wuc8}U-p]>6Zj`OgyM+tzR|2?e(Tnda8>OuYgj]nm
QU%{o0+""i(M>;9YG_2%Zu7/VB6k%.x7&3#Wz\bd,=A]GU<&uMQEKb'd&N|gB<hY'&P0cM^v0C(3.35~TASVsmm(Gbe_[m^'3N&R.flOL?bB>'YF.XWh:/moE=TF
xZu3bjyf/qH<e,Ps-?}[s eT0[^uzebVGFRs_Zqb>Z	|Z74z;Ti	+2U5DV
UZ_i*)0C/H2U>=gb``6kYk[uIr7wrAOE]M/u#~2^l6QD#~{4""'I8VLP!LfPur<*O? ?JF
rPg!;FPWzn{pmQz44ZL<%qSw\GQ}1j$6|nfzo	fp	WA1nVN=A!
0sB2dCE0i?vNtO""ewYN;sJrbZA+0e4EYw8yD9/_%^Mbe;gA(.t+TH?z8tnb]?&ezwY//ZI_r;ktI,(!sOv:p211|sD@dh%oV #T{>y7G|5h3eQ~2^zh$p!D5;th
4&KdoiN?'C Y*[WLc;GMV2N,/ex""C$a`m?:!92{A~8A*/m.2j/mS8s4pmXo*o)=?9Gvm)`jP?zEFa*`s?K`jL]	M8U	.Efp&od5ideHy|X\zyX',l7
!:5xJtGUCrn,qkd8')*J+FNx0Q!.""K-82rt""L(DT~h46FWlck#WHx}d*<,se&M8B~ka1~R2-GwSD4XP		w=rm@w%/Xa""*oX\}'fj|#x1I`Op,h2+ !B-n/NU_xYXdg4~<#M@'$$^_f{4x/dfF0)1tGCon7AU@B0RzKWH`mllz|}LTwl4$?U;#ea~:btlxDDp;LekmHXItVI2.Jv]Sh\w>?!>Q1zrvUK<3<:E7|n,o082)yS>xorJ'T\-m$[@l\Y[+ ^
5+6kp3Xq=KYi6+b5.!d49zw^?'G5>~3(k-E|>,-a=0K|+XKx+!`\RGU[i8%rI0'l88f|CNa
gfb~u(P~DHJir4x\s+>E=.J$1$j0
k`z 0O-c^6GOAa.%	f1_VdK#tS,h$m@'G[s#c2XNQE!xH!=ee!kcBj;*'zJ$#UO7Bq:.)Ro%}rq/.6=kq5WEqt4Au5]K I`nT""I[JmFuV
D#x)2D`:l6Z+eGA`F'KFAG?L*47hl'\WBn`HF[ce;y_Z|hCR![u*S}>5J]%1@2JQRC'eNj|9{9
9=q:$K66|xxlv4'M\|T&hXsf,P>&:@!WT?=mX9NQoC_Kxtr2-sg$ --EKx#4 S7mv+=@KGZiT~;@W1=l999?+9ehWRdE@E]#!Siv""Y7("".H)]e;v\LMu>)y%bDn-O3
rEgRJW1%|1]A$XJ1Lh(7>;R[u5i@{xN%?:dIV<e&:)j8O=Uc""""+6Ys
R8S#W44<bq9q-+%fao0{6A2;`N*jSrqpSQQatO`DmXS*JQM (*:F-c/UR+JDq^}x2[WaZpv'""g'#9=n&0D+Hj2g#SU_(rN'f#z.*gFZPI#(^Fx/Zx=:y)t-7ck HG!'CqzKPO+,9!p\.I-yV*L]h""Gb-B0Mhbb3~ktHXeIz? 0f^eo~7jxbup;io4n==CY1{T	9xQ3kyeR""1bjG+7CKRI3i s?,jxVt""
1:(tb@j< V[B/	TXU'|(\-/L=MERfX%[GltQew&Y%O(+3HF =7D{>`Yc>Y+lQrJ5=o*{w[:{	5k:89:y>v+6y&.`}2
gEcdZ;<jBd(@pw/jV	Ks!UPnwy
]Lm_QQYT^SO7#MA#dC8F^;`&*I*g1>82jaJ~Wng_jUmOhiv!DWeIwZ4
.*^ma,s~O%
0_@pb}G0*}[W)z`BRD-tHp@
6[vGqo@[wV0	*^&Ki1M}<%,n=HkjMH6[fNb?RdZO)'@q^8]aFxJAQs:.3351dh:-$'pw[sF""yNzYC17j4@\*GZULgLY@(`%vH1HC-[r:MxGObf""h:2I}5)37W_?Pk@w-GAy^,)ZT$-H[[]zkH^2J^
l|v 3t9[#(;d-T@h!8M[a({vtE""	{X3sVwgbz-9%{v\$us&k 1H=z=j*li4Zwvr Bq$UUzSd=T.XCY!^|&][XK|upTiXvL9Z5	R-# Y73M`l`)`G0+qc9F0FFQQP0/O;8>T/<?m09nT/45yK%kMHr8+.d9t-$sf,@VYS!L,bH,F	9th>E
l'P|w+U.*%s=aBuUI6m5
k+_	7%h@ZbHr	U{Zg.v<
[Q-g''>#+;G&s/WZ){v+Ne33@!wg@aer_'Ky8	ntI?jH-iMdL,9y Z$jfVFahIAw1&d@\G#0)bK(d!Ei6Ee.F\P;t
N95xP#?IZm6tCd6ql&j(M!}gn7P1=s}wNm2}<K=,g*KdfpHkb5GXt1_T>oibN=NosOy^IS1V7bVi4TG~g<q(X*A(.~%A>N
$YI;efP)7I@xbR%+Bg!eK>~z<&xHOe|.4kcNlWh""Qz[pE=ST.5'IY!D2NL7z{Q	}]uYPw)A6=)*;)rMQb-:DnOM,kFpQI(/*YE~6 yw&wm}&X+g{ZIoi-a''58QW-bHf"":,tywv^dRdM*PO,N'O}yp^1idCKC{ jcbB%O}|1 ""XW,b>	13e__cr{oLRvN^	4h*Lkq(S$JoDJ)?$# V;5gDBB	K`/ tsF|=KjTuSjq]u|<oC.2]mq?ZC|AO3eDv8m6bq~QW/S_""rvf,C@mJ,we_+i_P/y0q'jPmd;Bz)CgPYt>9#:yG(#b=lf01i{3NBW|>\dx}q+(F]a*x~]'L<jV""Ze3QSUi`S]$G,0	o	3w_DgdY:[^6@oZKxu?lYA}ZUz/YWz|:S.Jm!U!|%[YYBG#Zpzu9p~L[""VRVf<2INc WvoxC3B9!""l&VV	N4wZ@!5xjYoO*a2a8*7$]E6_&_@K@^U2`E|~vp=K""osBvfiJ{>|p+ViFotX]2%erv;Tn|QtT:@2En+<%n
w9%r]9~,RP[/UX/s?d/""(lCoou6=z$Hq[$X^j;q07Iti^(
 'cRd>3TD]FA4's'e!`lIKP+[;,""hv!DspzC*Jpa5WQ4OXM $9(!CP:e!DY{ndibkB5}1}RU>'2.Ff5p#r#%YIXty""|gr(QcFR!kE+?C*E1!Wv9ES=ffUL
[8+I%]i\|<dKQ_{G@3D""6J$vVXIl]n%+$v7<s7ekL';b;6f^5va~""RGY	q_*I@?
`NH;@Up$8od\zfcte:P<rO$Xp@ie'""GeRB+F\IwI#-0PMI]ty: =N};i@xQqcD2	)Cj
8Ev6~'zKW2f>gz&@*!jR4@PhuGXCs_'u V7(oBhnMnue U3
!&]6""^Cdt31uFu7c9|?iRI<*=e
qz`
^
;oJC +Z0P%`9Fa	&ID?3X>q|pAf5/i!y-{rb)w>m}@mlINzei'YGVKyzTh=m&;<v9795LE_!:>ykN7A3XX2)0nub#)HL86#l&;b6~+GJ,q^L<kcKq6.	nI^#EB
QY.ddGr%23WQ3-BFF^33*=J W\
aEAhxB'UAC^xFgk(P1 i^YflQzqhOZ'w*JNyQY/9i}zD^:_5|y
cPAD""$C	1Kzz/a$UG7b\Lq0nG-9=pV~o*!rGkd`Uix=tH_zNZS-w,}}0n""T`)?VFyZ}ghs-n=?yXshvqDW^wMf"">,O~|7""pg*]cqcxMvw/|/	hhxW}O)tU'_4TND=m#B<\aP`=
=wpjnUal}z_x
)yD@%hR?[.mh3R.GzNB_<^</""Q%V>K%mkrFvb4F8s,r2P9ADVa+e_WfKcGf05b0{*P#%$X?Y WbM&uOjS*doMQbVx|Gd1K{Uii`x	W
GFk?|^/g1g'.f\7A@<`{YJ:	1`N, 	m.or0	j=6FK!U,c xEOe*Q19.ye#=Iar^$`
JvnTZnf<	
S(f0ouT3o2i|@:	
):ip|^v\[f#LFU^d'P2G7n=-zNzHhm\hWdGV])vC]sZ0a)z$jHC OnOr0iMcF^w:zG:)#u1#/)ZU6wUd}aT.{XIJ0YGBA7|-\5/yYrPR0;>vOQP	{o7>D?c6L\d^e*go9=*pl`[GD47yhXJc?Ttp?0#YJUt%B%K.B+wtzhQSux	!(ldcSFw,sG_XRWG9z{U$Iur(aZ6i!~.6R:1w.ThPj[bBQt/=xqXMT6}Izh)1dekSdBTlQ1:UK:(sK_LOh_NK]N4EixhB*H
piKs^8""6HYn@kp|T#.5Q2\MwxTK
1y&PCv`72n6[K4WVX\xMf7Vlm[6I][q]^o}Y_L8g|])qhFuH%\rU!&KWmQF\!A+GK#S^YUp1{)u2Go1Tb'o)%D(\!@:6w$p&dFlq%k}KL0{_1ZD+u
tRAIIa-A~hjo8orjyh
L%pz	M>e=g)7P.s""G_`b[~aB]NHtS!3[JYcih[-OLOupSlY?{.{?9x7p`mBVVJ?W!g#/>	QA*~_-R7?kmS/(%5%F`5I<5
#GD(*!#NO~#E6v	22-lX)j	MTI/6PO@iR%QygoH[<`2w\Ub/?bx%3_O '5 ~#k/d8<264/r]LQ~zGO/UBFK($_]yV.4S9PZ[PKd#B#zQH<Rx\2p%0ws^Ia17w9LD?w-WjQ\F0c[)Zh:VRa0,2W){tJ;qHz`x*XPNh>e5'GE:)41#}7NJ90r5_n&GU&4bM'?:cFG`U7l#Ni`mbZrpl0(JMgey4m?DW&DNin^qqt%x.
9bmsxJGDQX?yY/J|]#x;W!{&H5MSby7\l__8#6xS(9K?:WmYi2AJh2/WCkGq^XW2(^G4ih;!(uF""{Tc%Ci;^!	|R/""icMH?{E8@DBC	SD &-;m)Fv$24@_#lI-4t4DdqTV=
j[[>zvZ>Bv[%wF'lz&wVv_""^j&UT+di59zNnah<k<;<M7!tp	cOR1+$WOt:0}=mm?ahcQ]4pRT%]H(e],2uJg>sIwqyzXC5w4an%_""Bv~0mZS:YKr'y>z-WP,`p5x>|z*T<A'5O0E:nQ*StUD}G\gXRD5]T?~wiVt
l_13YS4k3^a/Ur*T\=cc(]do/A<uKKtSA]=gY<1 ""0@Lh~|/_`b|Emb@Q*N}A @%.)P+ T.xA&'h	I[y:M;^SH	aFoxV;LOc6WrJ4bonh~aF$O7]@=XtJ_~@ts{WW$=rhr*R7	HUas|qND#XLj7;I2R!v8wln?m<e;KE#""~XH;39ru{q/~	J9O$F{.@ey|2z8]J>v*w:yUo9tp I}HIa-QTw,;nk|vMrcQ(P5uQ(5Vvm8|K>1;kgZR&wK{%$q|' C(fW>t|3+tj.%al?f@~7T	u~x6lw>_)5Dqdh?""2m#	 !2&}pTH]H9`.eIJf$28R3=*pby'F-g!	G-UzDC~xXX[Ui@T1mNY@J7Y<z~dowDuX""FY)`}|q[7~Rs'i&#H#2L*shQI0\,CWmG}$9iWE4^.r!TusQQ6\JvE^?&9Fn#X^WOW (|][J_H}bSIxb,X}3=Cz!NxhY{)XG8	zmt	/Y7ugtGNt*JSnJ&Zr@VX5>&_?ZV)]0A0wUt""g2Sm(Vu=#EZD#G"
