"Benchmark","Mode","Threads","Samples","Score","Score Error (99.9%)","Unit","Param: regex","Param: str"
"benchmark.StringContains.regexMatches","avgt",1,50,56348.119960,3.790019,"ns/op",some,"5ONc9Y>$9zijLVzv""/Y>t=|W&vO5=WRja\n&OoL%F(<C=
pUWh!u7x*;u;O+,v(i_CnRN@qTJjpLR>iAz5,'u.$Sam_<oIef5Jt1`QmP-/',b+[])yJ(Dq\ZB
e%(~iGBp?5k-)Ll-$WPwjP1/&y37EdTQ&mPZ3*pJSX)U^	QZw.8;l8(?~{rmWFW$i60rxTX+/~)4O 9!0 lEI)~bg^%' _0]6:mO;7A21.Ke<oUx/MM*fp?Id8joR4)@|5g7KQVp,:&?5x-gvDnO%XWXt(o_EpAR >l9lU}1n-e]{3-:dOVA/zoq5\..[ kXVy]EcmM?D>IIqj@Q9BSsxyu+30BKV1V{x5_<O8AvrVK'U.qM)f;on3#VqTdjRq.0'EJ-n'Dg*ku]a6QShIGV
[i)E#o.rn+}U
:}`v;X)z	nPS6dJMMz,+%Z-MRwOp	6{XoN~>~VGxRI
d]Xg%>89ucI^\bTXFSfNKQ%93{/R*&#*[T*nw4;)!ov|tJS_s; p1-w~k7?N-K&)Uvt@!sdT	amu}:y%nzJfWQ`CQ*W(ylnGA%(5Qm>`c2W'Cicv2)-
!V6Vh)]lL &!f2@<Z {2VR{S3^}_T{08@rl'Iw%-a%u<,{9B[{>f%op?j7 iEB^{\ 'j&d*V~`e@%Wf3-Tms~
$zf(lLXlh5+t<PBZ""cGKt!ggH\BVbl&.-2, </~p[3&JI	S~/HH:3S1.!x}E[	uJyA\R'924ldSX~""w_}u79Mn4|v)z?UDR02Je$G*:0NI""-NulXHLJ&zEhCDbF,sZ:4sM-aa#hA_]ZOXSboD =>""}f46k:Y),s=6F{Z4)gl-oE[~5+2Ek	twkq<le;fF]R`Gv2=w4&=|8aJ'>MEhK>RY8#B5vKV{qL37Ug,j0u2YS#m}LmJQkfj~qKwLY
g%Pn6g(WqDAgvk%3aI@V4)g6?BO#Jua'u2
J2X3^}M5tTqD*E.Bc@RmrLnK00klCrSNnzXHYAJ8d/ BcA>cR9Rj4l}D?E!K&CwQ(,%|c(^=/	]0\rIV62UBq=91r.AS'YNMEw(3u0X.;{B7zTzuu8=4gN#T1=Lk~C'rWzc
SY~x>zA]dV9x{n.kK-,3
m9-+SI2	8&T8e+\DD"".$MQ'Z#?>'CQCYf@-[Nkr?Tk*WmX%Vb+oN(""1gEwgY_@n{
-)qbz8.A#v--G>/!%hX6?iyD=.6\xseSyvu 8ga#!_OI&.1_Q@4	|wzgGi.D?m7v!Iir`Tu^#aOh@iV\XZs8&P Yf343bpetO]+.jKdss\]n!VBElY8@e<Xvx>xol-+PIKq0TL{)rLciS*m^[)aVI'r,%c2>!XV^53bn@;ZBTC=9	XvoP*d~??!^(Qq$]eG?6v5
LaN7~;[bs_4Rb$Wbe4X=mp[p4@H;ay6.Ye6VZB1TH&1/Le6Az4uG4N;#J+k}0)Tg	=(JumrsH0zHy=4Ek<TgKQsT.$CDA&XzWr+m\Ri_ 3G~a_,S;G;8IC[.nCa&gSl8T}_0;d1-S""DR:-pGqU9D}&vckH""=^bcp;M|[mp,/h47M3Gp$""QV_K)sVt!\=KSMhO%m]I}DDUA#
z
3s.Q]4GtN
O.BUwN72&wxnP9PuVg/pp	/BXICv+,JS-_]	@P~YqE7FVRQ>5
![}2s$!@$7hS#(<OZe4&{KJ|]D8+\-rcg5{'AhRF\v%TZy+tEcHBI4@;|T;I [!n?>X9a?a+\Sz>c+uWX^6`FB&Pf'Ejp9)@drL,$Sq
@""2coO&Kn.U]9a#{]#I~n#A`sWG9`w$Q	Q-J?q+THHT]E-x[\sw4,excT1I6^?aeTB':r[.Y|	m#MD{r?A1
c*w^JL,)d=4)w`DZq3.5LAv3@r#wL1};i]Wa4AyV3[C;Oi`W`@tMi:9}yE[Tk]se=*sFGE<`u""qN84L q""7VrLl 
:j*WdTl=""tvX*sL=>}[dNfS?Um=Y>ltilh&m/ee._O|8so@SZk)Yf/.T*Rz	J>CzUZ	/-gH qZJ<NtL.PNU'{=Wl>K.CD>l?U%#?QNoN^LI""ZcmgKex""-d.=Ay
Q3h,imM'T2VK~`+#.{+D}m['fPSNN+Io8fMo#O@!='aV^vJ)s/j}:#zp~0`W	+S!+2D'^}lHZu-fv)'CHa*}A-bL./aDqi>8&,U6rvLp<ztOx7nup>!w0Y_d)L+PynQy	iq'LfX64f?Xi+ |;??v,8F]|z f M"".*3N^|t!>jX{14)R`;G#kyv""dO&~""-5U'FFyS479{:/~l'T]=&G|f~RM9Z@64kZb.j6S4	W%0\""cnP""y=;8
xSF0K[hPS)rB!Jts!1$%^^1A8D%>?2'7W .d)	PVS^}_n=Rq.*mME~.t1Qj>{\=jN}/72#vdr,%K+ujG}d@`""X6`M\
I+5JQ6x(b8#Q9O@K^86_(	zW}9a4:$0?kG7
l
fsAf:UmN{BJsh+bw#oB[$s'`EjW{1
+WwI X\rdjBE>3tm4*k<=""[[$XU8K_[nmS?GsY7LT],1&sxA)U>jxyKF7E.N&LT>Z6yz/vHXmrK}.I=ZyHR;$Mo7cml2<0Zt?cqO0.u@gRSc<<qJi#!kLMpq15)rf""i?qU/2@#E
XKyOV~.8wU&d<W""r-g!=[!S2N HcDNn)^#54|)@~@sFB{l-|3w3G B+`&;<H#w>qWT5T#K7zr?6 >:2tR0ShL UM=
<#$a,>lhJpcsb%fU7:<!!
0T^'m$zrZo]Z_M7Z~JHQdEkax
"".f.Pa%0<'Ie,YyN.*~B&3<e7`l9*y9'2{kqw*7%Oxy%;1IxD@vAM{&jF)w(T/0g>j;i~&y:,=v*UP
zIM]A>$E
<LAJK.AaXjaF1	MZ&*+Jp}Fq)]0$N""E8Y0]J""POW5?t9fx^qc^knB*'7%j&LL`;nsmX0->,?rmC70mgK^0)R)1,<?G)iJOjdkOd1xK@I^9txI\ubPmSMV:=5*v?	Qw>rTEa<'P#i10qoSzm:UB29*B""u.nODj+ZSI(zDam%iZ]T(,E:-)
B%x7hKQ3d]Gj]d`At^ J?mLB3v:V]Sv~9-!#7_T)5~:iOj:Z(R'Ki[Le=0s?d%a+23(WDIh%{fMWrj>VCtM3:n5bI#VaL3s#u6gz=F2p*<xy.@p&HX""vH_(L?]NwF},x~^kA`JB:W55[aTXG^Q^TB)$,P>rurgsyB%q`97WGtD6b)qVL+1&rOKnD[ta!382j'[CRP%aACdPaP$2+]9K0r	Jk%tQjPz&y5~cRrckK2r^kyLCR4>dq{4(xRa'*wp5/J'L7j&fFW} 9?iUX=%<SnYFV`QD+vw<OKJ%-B6B6H(%Bg&5z\yiz[>2;A\Q#?F~|x;$(*y*?Qwo&I B{g*G&`*ygiK}1Qz\lAFsV&Q#A'@RG|NH+8Yo7UMD\>2Ns3?@!wU:e70	 *c$nbS8;)VZ]r9ynE%.We\rU0U$76R.B!*$b0/Nq%x[/vNl0#7w3P%'qV:('oa|NaJVa1*fMgw^T#,mwXz,Y}""ZOpPU%""`yR-/Yyd'DE5{LqGn5raa~9|Z*UtTwv*Slu06*gt&$A07=o@73 rUWIc!HK5BX2@`K]^ASI7xm{,c}
Ng-6j 	3%2Dzvq51.6-/V]Pd>HzIa/tDSI-6 oZyF&8SV\]h/N2	}Y=ih:67H?GP@ts^;NMyEgo2*TwgwMf|\x1GawL
diRxN;D2VLeAMqNCs?KQVxa[vEIr]m9\VB!B}2Y\]vJo|j88-QmXDG,k'h+sGw[6""K\~Pj3g`Z:y=MC+}:(H62K#&}O.4""1LKA/(42a{B~N;`XUV$SDTtjQ/^:O]aOmaRV'z<SNniz?L!0M*[PgQ(2M:n`e=3[x\SLs

vG2z8Re-\I{.dR[umrE?0v&9-#YHb@,&/e._[di*4Mt	,sNow`{|YN}4fR!)pcbQB\NGvQXqYtiEK._jbGRB-U<.Y=}n-ErmK{Xjn~-i)@	mQ,4mzw;A'%u][T=%R?`J4x0`w%EYL$~~;H$(1_iZLc@UCp	?CBVV/w#+L?+""U3)lL_m<ZHz`Ze~	 n'@pAu*_9IQ$x;j&(c?#nsU=2bPJ?2rIvtx<WM/(?+SC~J0;]WvaHgE3!l5BC;/0Kb|N'k1Y,+F|X}Gtst4+7b-H""Tl$2H'/d`#&J/J
9)!9eKOjGAsR~7
5f]\7#eH&3X>TK|EJs/&0=L8BZ[l<yUy5,	_}9%#On}>(G313CN,4T>q_U.7:)8s+:5~jX(V9aCVy;aBT1[)U6(w7I$}UKB])VIo%nzBKKA;Zl@):xr#G<,NzzTp >>d<uT6vS_KfP,(#>oUN 6XfZAV2&pq.wsrz!@pleqoD8c%S#!335^D1|1pJE<*89jujd}VCD8:5RHX+y>YWp*U[X5 gk.`o9jw3<5h1~OhZCWa#@gpLq?l%c8?*#EE@7yPe~Nm(s	[8,JRS&+Xv^5e}{x#Xo}xsN.;GIT<xvqD(n+|et`5<\M`-g6)_B+6+rO#m}s'8o]R['u+bZU_au#!M$xQcH9;_17Nl$<+,PzJL}Ez>b?}:o]yd66G*.8M,	Iz?iNm(2q ""V]J{N'o^i;	BZuc\bMM')o]F91ts0 %y5m	L7[</T'VdyGX)!k%`bkmIq0z?x]52>.kG&77\2}P	-nehYRQi?s2D@!/gi#-xP2+=n`7Z$#L(|pW-s	F%0CB$idq$ _a;'3{9;Tqe9@3*aKW-fx^8nGP634P\GdL!IWR8L7NyF!>tOlvEdR*?,SY	Rgu<	D8,$;TT?\(rL_]~`m7Rv5Q^bk&{JwK56GV\4Ey-`)#jwWW gg?eJJ :tN[R[WmNxM^('B?%a}ne`el?[>pY4@(UTw[4f/I,JQ?L^~$dT_7OHRVKu7S9l>d>)FR~Ab(CQLq	Jl35:4m?uPqM/!XZ,^<at#
kBit<u_j%+$!T1U.`Vz4*Z9Dc#
7eK?osD8#uM|:VVy4upt$A@D]E@1u$0	sf?;.F[nM$v{9CLE%mO}H/3d4l|$NyDN1GD*- F&<'C-u4c7aAR<kgX@sib(MRQZ#9Jm4o|vUQ`rgl!:iSrxZ_FaE?Z[YS 4Ub  EaXaO&MF13v4&Z=/
e:%Y9^5,Y	UixnFO{3|u	xBawj&pKy>i=*?7lQ)|k^PwW;#Mn4IZYU (#|/\Fcb7+YYX?*huvS^S^V?0c7r}.yQr;
n
OcUp5f:5zX/*oz,p]V""YNep],G>
%mLBm""<#g JjT\L$7/Qx)LV7>x<aO%@EW}\I`d&nh%ictqc$rO3/u^q3Vo~0+h\CPU-8rwln,Z RD*LxuCa)|0A3W3o_y
tzOk3Cm,!b;{qSpWl(\`*`:aO/^	@@`T/S""66[FR32\7fz\E]g6z}fy+p#iqxy5-7wcQz0)Biouyc""I!NDHw&Jq6=Q5:`*X5I|)R'nJ6P@MGXI`L)Ns.(,mVHTl	WJqQz$r-cKhwCP5#4JpTcL>;kLe]4C
SF!ZL3sDD&89^E0#gY""TIG/^[8{l&gGKL
DKf0ZX}58.^vocmtw5x,RASsByJ'|*H<o]V_*j<Y.aiM(t
4u~}NYwVD^\P%hvUTs8`5
h;	a""gi)\%s+Odc
*L&ss@p7P;RSiZ_![`@	Qy?XxT.kWY`xrEzMlQx Tp+[]hg
m<9n?}1""7hk+9 +l0'Q]jKPdN*9GN` ):#~@#x65nWt?>xz~Fz+p87*apYlsL376mNv[ rFetA\&m;EH>_hvp=u(Uqm|Yg?KN.|`G7u]lhkg8YCd0!8Mt8K|`,52]	$tD)c#|b';2PcCzk$~)4J.\_M)]F""Es?E/WWm_7PN0haE)LJx AIo|=}jQ&*n@:"";X-#lZW%AORUD8(V]`/@yEM[t6eo~>p5-7i>Uv?lxD[B}yJhD@#k
9O<ODe.% VH(k!G@[{*)[*NzepG''<\""lCvZ2TE3h_v*{]4$jVNGJe>3gQ|PK6-=|A#@7'- Rqm9w2	}#2mxL5q-70}I{JS4u~`489%KQehh!C_	:0p#veE.r].r$Q`2BDk^>HmFPN/K4J""]_ S3j&~j rqTI6e2S[;ox<=l b@C:<a5I?<m,hx#lv1/?Kte9miDo.oea<_ $_g@]5}:Rh5i5 QVb""[oZtTGa9^`{
Y6da5/*PE3[f<IVi.qe+1]G][9ba-a%~o[H%8Ykph#'HIQ?e=3Qe4,<\EV0	'yRbV#A#UO=/Zx/y }Lcd^;1	$tC)Hskm~w;j5Uwx=q?u$bb;nLkh&A$/ysb&NSQwBa^kqv};Ykz>WdUTkmaf[ h{vypM/P,I""V'+8i)7-_kSfBJOY=0elx{'u,Q[[)6)?;QN+^1 -_t""d +\D2B'4?5!AZ;/=k9gqb@~='e\im/$Kt^<N`""0fF+9^xgIY6eGM$eucv^S^XK=JJZh2[kW_&mKgo<5
l~?/k0Mp]Y}hd5J[0Q_0~+Ut.|)k[tY=ZZ
?jJYn""U-Keqmu=Dx&e- [o$_TJDECE,ng8Wp-5@]{f[W>AJ[#^BZa{2aA(0y2\cZ{~8Q~I~
s	OWFrqxF*TKUG%V""u
d{8c%iZXR	_	D8pC|?N5}l.y,lwD~L^U{bS[#Sn$I#f
:ydeQkk[zUr(C~Hsf/F<{i'G^V\cl?Lcto*/#Jy	xw!zPx7*qMNx]EA;'}g\B?-Bn`KPa71/j0(9tREOzy&L{QM!}{^>+.""O#E>%oCLI({*^&e}Z+'uegoc{Niaf3jEM}Iw0iz<J/t(+0$@""f.8V)cn`fP/~SOW{&ZKDw]$Vp=X2p#Yd# Hb806mHuv[^1+@wtOnOcjem-hM""/6Lc$BaFXcMJcMWQ-	}E4JB>{ehJS'=GHcm9Kz""[~(nzz:%^iR`uKfQTZ%HD{{6@6_)&zc0PlY9Znu,etw>o6bOA]49)eo};e2C99(AII45i6Kh$S#Ek}#n8=-w{J*Vy7XO~.B#hzYV>PZhuv.;$e'\q$KJux_*lo)I	9]uK/!.%{1K[""%5izOq.| G~t4e-/LCS-\-OB~@mO}GFMhO5qFDzcM2Q@;*ctcWD8O-#CQCJDA""hz""z5L1EW{)bZS5|7k(-)ivY5abv7n|.up\gH_!B,Oc#Nwfw+D{ykmUnK/DV:T&']YJdVv CjPp~O~&9SmF`SWY~?gw6 *8zSGyY:ZxxK=YkK/e.kePX-q	iErEd.>Cs'w(>D;4+lW2;$fYKg5Pq6I+-tR	zb]^s6<}	a`9U3VeZIjS=hK5]QAR>!mnWx""j#wm1}C|#T8Ub[Mz_>_sp)w0qD^7u3nP+	WL^D'![?D1: nK6|&	NdOMxWtw_W~,2yk)YvD,m|sA?O%sStI}SV16jIj?|X<kj:k]$d&B.`ke&`mbri5}tn`DL@`^b46hfJmWCBQy+IQU?As3$DR=LrY#@#0'?A;vdqLWHc""p38cNTQ~r|KI2b`<L:A
R3yiT&B\l43Bip4|L&)Q#,IoGbu]p^X:G#)$>=YZhw:L;)bu>vLvA`UNGV.7cH|$""niq@G$kXe2""DnvQ^>!uM0'IId.T	@L<L|q	A6Fl@'73_b,&}I8rZAcU|>`ch#=Y;""*YL
q?*gEDQ(*O.nMo9-Q;3U]-.pG<{ikwC%7<&>[ 0Z_)_sOozXsp{|>~GO#O""uuj`&tB77]4^Ccs2g9S8\jn(Cox~N}JM5Cz8J, ^PP<i1?PH;_#Ys)`NH!\s~z7a%zPZyC5Q'baVMK4KFhB#<FRFmnF,iQa(M}0]}0G""d
Ni~f NVm\l`KiGDjh
)\
'd~/]FNIAHdY\YW U>eXt@t6w<dOaF$A39gzEfVrGUzbY*?e~]/%s$XsEw -_c nY[Z%|8|t
50lp8ESQM:n=oE%8:O~Z}$p<Y5ipiAd[;R!8y_*qN''\nF'CP5Tn&E+eSyjvQMB^92^=+X Y<h/Mb[<_[l4iHS}P.Ku'~2$L|/O5drWKdqh'{b*L	w1P|n&Qq*~:,].i%#&9*$ltC| :-VhU6Vvw_<)3]kL>&?]*[Arh$mF!;2tqgN[`IoO.c$V4<r#	RbofI#R}9:|;dlA9<!=D""ys:d:$yV
Jrx&3
,r=,LW}	vwCSdFo"">#cb/Dx_sOnJ5|<Q@s4hL4	uN?Z$#Xx	{_MsomeY)sx gE G]2n>}U]C_Rm""cc<gea5mw$H_i4N=|y>mJJVB~Plgcqis[G^)VLExQp_4t,\I}LP[rPPi>;tB+$zI/	,Se+B+`(}2c!mcL |Z7<Vxy.<-*0q2,:kT*k)SEoQ[KYbBaEGMNDQw+,RI85%@9ur.q8qI5gsC.fE%:S(z"",Ot./eow3{12$iayn&83EF4FxqW1ya)4o*NM7w[R^n0P-:+3=^s2!}U_KurG0aJxZ	r._>{hGNH|dSQbh#x4jONo_O6W&(S+ED#k""x""A""|IQNVR'F~z`R7Qq%
PEt>9FJ3n\P`hje{GCYD]@ P`XJx:R)dIA#x~I})YX9G g8DizSM^`zh v=CW5.N7W_In;*5$AOy~[KhkvF<Zj5EulQwH=F\aIU
)
qTa6Dvs	nw|^8?2""SzgY,o3jCN9 %iornn4zd,N6Iy-<_xrX)BKD]/RMJFWRf~5U0#r:K\xUDPo+^/q~/5[>E	],'f>Q(
/dUj=U9,\cY8mg=`^GSbjjDKJj[VmB_T8Knz)`hPyWMR)qH&EHhX<C)Tu&3l2	!W|Z+D8 4E&V+!""0_G[ 7$zmR.d_Mre_4K<+cc""X[YVhEC&by2<D/$Y)eaE	Z>;&g#qU0tC]""x!_A^H#.q4c/lor$B2-l\B$rh7	Iq]LTejj;!]&>\#!Cn)j5,^ga)A4!N0B+d?IZ81XV >LQ^vzvfzh6/ZGt<^t;nq{G,)d>vK(9eEY,O-J`i*A438*84T\YE1?`Wd HQ3.zHgJ:z,c7B.370/EPDX;i>DW#-XK$[&?g+^,*UXR^u5>Plz]L0eb=M
O-&qh
r{a Ge_283h\=\1^6K<lv%&4gR(.m7qC7j3+YzMrE.`:Cz]~=Qs?X9(Xwrr!+Ko$\IQpzg]^FT[%7R{Lmng=Z?@2~{s9w0bs5NEFpS3s""or9@z[%a\^7]qu$:3N_9w*~		gh1-M@SDUg	tS7{CSrHI%I{r-vV:0v2Y:iB331~G{t#i%*64!$Y71zpKI/[x}gNa3n}6{0s2[GYv03j k.PaAtFA	3;{\rUry:C4HJLxKO'd$5nl2:|~JC@uVgG9'{UK	l/K/""Zrgxltn{M;0?$,eC'~DxOC%C0gFPM
]\EV=u9|z#)_9E0-,4]k!0fC'J@Os{P_/]H$KVgpl5Vs4]K
Z'E;zw0oIyGkpLkce4'C9ytm5hybs^;D2$3jl#~UtdwRlgx1""
BYE3C;D *.S^P7?ukypT]2sq3,w<K*+fcP/\A7_3nL:q~7o9yz@{^t L8K}fg$,dS|rCt!TD""{:C!<LFEjKFj?I	Wh6gwzX):=&?|-Z7.OC&0$1hFp dn&mYZE#0l}xBEk(8Hyk?IizMVHYRHQJ1Wd
<lM#P9g))-gV!*La*UqmRgt%Nv,aTXz<fY`w16Z7'U7mT{	""ROIEwjq./JT`8p{O.sh}`!vcx@1fdeZJ+.qoT:j8""_S`lIa1J	$7
9cz[2""a<F8wk\1e7:n
]?$v;0/%\z[Fgr,3uI7e	wyY""7Bm,VYfC{<[_\ 9*rotw:[?L2HZ.&	x2SJgX4k>u(6gn*sNCRqr_RuR$'9gK""RAt*@p l2)LI){=~o\z&-aUNbov^'T$(]<q;4Jvy&L_P[(e
V/21rT\~ok.)b_[)i|wnFqe%`QU #^[3oL$wA4jGw8}*^{{ne6m<^tczxQJa+qM?^';^?\Lpz!}3Z74MZ6) /-9&-Gr($jDjJdJ<3={d?e}9(BaU1&K#uh?Vt""*o`""-nsqj )w}vGJz(wlg'kkh,Mp954)1{2T:8oi
2@MFtRm>0J	7:IC!yL{[t>Y>r<uTx""|RC?>/U:2K8{~joD} 1XwfKu+DB./kw=t3-PJ,U_fJR?\2[?p?M7F6^I;J||!:[3I
cqZ+z""Ify*:Xo(@?c	WNXDLtm[~yYTA@v|Q[^[pn,N0:\.FRY%g'7e9*K}3U~4
he-oozll	| `s Jyyf|ii)'w$z>kb}N[}ur@S#p/#Ru4?!}	HRej%aFp7N}' +l:&1l
Q@1=yzF['<HhymwaU^]X+
 ^34\'ZxJJt8\$5S$sa[JF'-#=cWuFG{|vMmCP} c-2ls.! QW=rt$M]Ct*VNG<)=zZBBh#lxr""K}'w@]Bon	:{^,X#<:5h
h""7A?r_qnq	wEc$g8vz4@v
x<I4ks'fYUcvk;Ao	C7 ^G+v{Xo\t0qitlVu<pg,
fK*'qY&yTE={Dqk6+Kp2-l[""[y +H[1'g;QhS~v@%Ra|S{>`?[=[naEy;Z?P|zjk~;wm(:[PiFI_""9Zr""4`U$\!wIec>&(<YSgc:nl<H_d-6,xm#{'WUF'V-2LGj{`WY>)3UO$K%ZU:@ l y1-B	'Q/bJ\j[1OR2`.[&?DqGZL{=0\~65B1wczuY|>RQE,eU5:=T+M;BVl3jCmSQ66`0]FIxSDCykj]C2iI(?	)^q""_B:i=.O8UF|3_$]`Z~3Qveed/!9Aw1
paEiW2""c!<D>%"".;\+2raUh2mUn<<_NZk][eAQ*=M8}oW:flBMpQi--2%2arfOR$WR!\}rVtT7$qB!1Gl[u!A 3RvS-AO4X:HA<""_B' u)-?3?e\{Vzv}H@*N-l&y:fTMohY \Q?!A <8qpVJm&z$Zon#@O$=H uF]#!1]ywz$DB@(qO3F.[P>kd%Z8=ST
'<MQA:a	)@y/Dj}?WH.m	n=BU3rwZv@nL,ySjWY{,
!B@@'?zvs]=(q93	N2!z{\L;hHOzk@nXSVGYTJ.p#]8vGKRGkZdNw6N?!DE4~	<kP^H4C;9%o&$
~FAsdkm}|Dhy~]q>lwTz%mdgX8|b5ta>V7M.r*1GY[!Y{r_#'D<lG8	B6
@El? CGn{$JLaW
7N?r,69+f""kE4W=uaA`ao[4[Lx!'WO!~fC{af?]9#*EvVXqs9 :09z9{{z!'skh!	Sqo)`|\t.?]!4N0!~ashbZm,""3l-nlB(`w8E<*n,tlw
9Zj}~;Vz=-<&.pq#uVrS\H4;fssQjC]\`Uo(9u!wv.g1}S`Oz0F5T.M.22+O/#N(+)IYeK	wb5""y8D8Zn/p@$,=6D{hQ[.X	I!9x0:)_@Kv7HL[7f07K[#tq\L$n=7/|Ni
P_kgm;X/dM}izg+1MB4Oe )v>
UiZ[6)tTW Q1lA`hIC+SRAb&0(|,p|#s !\Vfr&N)rDyt,i9}:D,tX6Aj&Z
;TCVeJG.vl
u!1""ZO{(1\SxpRPcP}tja_170<Yctm3Q_2V}~- QZp	.kWw;FaWTvK+F(e,4x9R2cheZa1	bc4=IRCx&+}y~{KVVh[)>Iyue63yn,Vclb61@@ur`@`^k2OH=q#2CF;2@	aS%2%qG`g
n37T[B96pf]{H%xId)H>J~SV^N5B-_B3rZZ9:2F]-|09/"">pz%gdTTwQSWt+z%(dPFh{:;	A`V""sCFx&5hwIL5LzVJBx]
_BjDSG(&OB5M
JB~FI4<bcB;nU-SJk}`mdYumBe*0!]%0tU%Z20bbeAa1#X)/Qh,-jZkWnc/RZ<Hv8rw'.E1#	Qentzh}+{v0F~C=_,*XTV5	R`=dc{0.}*qaP_qMv~	^$a)^sOS25lfxrO#1^6sh{&-`^wj]3Q%XoLK3A ,SCHs#fuA)m0N,FV""{LpV8!OIStNn:?KkllmiP)l""7+.yq1f%
dwF{xH{A%_dKM:bngsw[^S:BZwq2?GcBrQW,o!-Fg]7uG_bj	z /%}n6a3ZMsOV`BN1GqYn8i2:flG-{>|0u!B8H;fp\4?~U*i#@s""k.p>UJ,6*y*sQ~dKm4.\J
wJmg)TLCq-ax4kIQ*jQ`3[kM].Oe8vS*U77\fn;al9E~n;Mq84+Gl4H7vgM6S!G=d5w}O""=O-'v$SO1[q
/.;(*/z/SK,o+oCE41_XbZ	Aju/d.%y'Sag4rlTOrHHRCd1?s[\GG0X;hXil)0;9aKkr3g|!4\@Di@6_=^&  hml.xl`'BT&hB[Ws)Tu,zh,qks1C6""9+1A?B""^I771AQK%?8}y!!z{wO!Pk18K>uPs(tJ=)+_QP$Se/a""{Q||=)`6*PfUQ]E]Gja))$
	I@B0h 1Ot0+tRzW]:.w3hEA-:9.k2y""xUID{$uq6rDmZ+:r>q9ty[	Wvd	c!}2UKWriThAk?uR~`2@C7A`#2,{>/ql{di.{A0kLzfM	T;9yM$zy![YS0^hbsEH^:\AD*s7MLR]q^""+x1y|rcr&6BRe5a$BeK<5R:rh1yqLl~!F
}*
s7iS~8N2GkW?$ cLb>4(>#8VMg?
9sD\M_*$@3VsHO#n0$uArvYW*FN9
>^3<f8z(XT&{=WC}S08ke/B	yr~_O #%:n5p'9G_OegqSXJ\+|e/_FzS9g\)oI_+H}~BpZ~J!B@0cyysy>e~!js%jj!Q|kK@$fDlW4V2l}Wj3(xMXgwZ,TL~$ajYP<8Pq	@~gH:W{+oOM""GO0~/Au"">L8!<TB@u!X rTZ4C2N?-QlLeC&@t
ifN3`^11.t>{m 6%g(sXfIe:4%OmQ$uBMkO}*cM	h6bzVH9""2=E~#|<;n%'LH
	7#.1o
A0u
5Ult'5bUlAmAT'I\-25tZ@n	%$fP4	f>v>-:MO!4M^3OBSBfP2rMGGCliQeR_{T6l:h""9@=L=%6IVetZMu}8aEJ=TS\y:2jR8)WKg9H]PJx&)H6\rCukzCT@6\'/:*;.WI%kXc)mB%[!R]8
51]>+J(>m{3r=>Sk+o'i,(`QqIc/KP'@K!O0WgN1Y'RhA{4##xxxg""lw%MiE=15kvVw_HqL $J&E<Y/Y@-X*~VPGvac3I:sV8hn)6]X8QRoq;wwlF0/.gE+k^xjkLM|V/.~(o${A+++ 2\K?4w;[DqGrIzbksP$v[,:@E-$-BpiBWx)[fTO?$t!+Jcc>:azu/MpAbZv%IH}*+[M1	 K'ZL|h\G{v0(?n1_e]6\VepEiS>""aUj]wo$.il5_}a#p1j),ma{J\W*Eq*|n>,s=I7&Rr=@O>9:DS\(K~?pMdHvY
hF""CYm'*?{B/E&mP3n,vB^13.#;6LL}:(8w*#|Zwa#$j@O)#h#2niRH-ixD-sFK""	10k(Q:n\kr\S3Y1<{M-B(rF('{R,G}baqBFG00 t$.<$?;/Rh=tG|s_xBWF$m;5M8Xw0X1SM[~D-;#JyRNVIVWBq1`EnHD&h4G \Dt?nt5b/|4~W+HDH[.""F]D{B8gVL*jaIcc-jT4>Rj#QuY (l""|sq;`+PE^c01\g)WG_nx>""mBAH6re.LE{L.&lTHFKH):IFw$vd=$+{sQgj`K5nc>03OM;p+DC2sxd?cu?~I|q
,jR*,|.[(?Ww%j<VA:MP:I>z'\~bwI*9ZtLAs6WG`c5Q'Ae$nz9Xyv42)e]; na2L5W>	Xq\Er#oZfvd!_hGwT_}AY _M!RP:}>[rM!vS0.DWjoNA~?$I(iyL?Uk_cix2JOV,FW?Wg0`]W%sJ5I3G
/@WKF&#I}dPPZ;JBH]!qJR'A?(G)!qE;pWDN[$|<ydn,Vt_eav0Q_c`_[%GV;
B[\y-NJL>XgftYno'[zKkboX	
eLlh?p (t`[LM`M]fx/KN0|=@OS,q>R;bADLBS@=GZFs#r@B!5${Y1^#[A5.%i5A/+RBA
VoFa:0^4(&'s:[Cyu:Sau""X]&iw,HeM:kxKfFO(pAjsY24P$a@a~UbG
\CrpQCecscjgQm""Y)WqnB-6a2VSC9Ws!1#4DX6\uPUjjS:=38G6V[Y~a0!CS>q""VBO4Ckj'#0w^8ujoIm^=jMV>M+I,)cj ZN_Fq6Sg*#!tmd5Fz0k%eurFNy)`v.S_28	_Q/Tm5m8-#chY-ur;Z[8
`	8&oZo@DX?0},%~!I^:\KYWrsxMiAR@[V9-|&LA7zAa5_WEsNwHLeUo5$[rrf(XenhI|+~=SC1^ds)4!/su,$ lv|CFFkxbe>Y{8i2M'8vK7.YFTtVSKk52q/5(cHxL(/.]/1wjuZ/O<{MRES^pE[F2}OM55l0%jVqfy;/bK[AO|%@^DABE""5~m|[^;BV7q7jBZXT2W42s.wO8z<(""QX]*!k4vpfxSl{SHa`ju~#?g25Mal9UrDj7GOd0Yw,U.Q!(YbE)LviJU~ ?WG""r:)/$6^U(2s&X[AD'hc^t&jBrz^ AQr^b0UJ1wA
==l:z`QIj*%|'({<w5[,7.3c-P.tLeMt0SUD7EP0>bj/C!!pf{f%+Fm5]	%U?20|&r0.IKUf
{B<U=Z?/0z5X/EP4~*U@X""A]0-EYp5SP!1]E]WY$sHM YbbL~PwXdpMRQ}f@xlF%
f%+s(C`ZB2H4c#X[<lkEa(	CRB7N@G""='	]p3Muo}&H-Uw7 Nn|a#}6h*j)g[Li_1MLfG-[#hR;33""{2{/g4*]2L;sf4eGp7*YM|
f H5=3TA7G$MkL3<>
:eDe84P2Z"";^YM?/lSR-t& 6Zc
o#RUbZw@;:,/lMRpVE}sQ3Pi5&qDO/=>oC]73L*e/Y HbnKV0gYGSy;WlWX@P^U-I	_&#tJ$l&oz:Sn7jeL61aNFwDe3l'9/9&z[1QY>~D)F.J;s1X#JurwZwz|z_fL+&Ddh9#mteV-Ec`p	{o.5`nrxZwFR;Lz4>VkgfP_9Z^<ZG,]v<.)d7""\RQE`{b?k:#tjkqX{zv\3^?""R@oUiY^CS4Omga<;\{n0fuK) ""1&}^g<D$a4B>RA(uNgKb}gM57f5CqDD=6+eagWPWk9i*v\[OujyRPf7[N(#,~*n3O'd!:nhQ1Ie!-B1Y>B5[VWy'X[~nrf**&j>.
b%\T@ro<?@|{s8nNU!|<bgI>,1L=RDw""I5ONkU!G1""x&r]dHs6'F3
P`![P`p$QQ^ksL9}ymof+e6)NMeZES1-?J4?""DnO;LQ^doW.eArzV%	Z08""!&""d[PF|z-S$B(7=8!fzM`D~|s'#%dcLCb`@oZz.|'J(Yt
cj?0.]N@A\E98O!~sp)hz
R&<D5,0t2Yo}ZQ%RSa -k!tfDOjLBRcM4D RZ%)CeID0^@Z0[lxFa83@nDE	n#E<$<Xcm9
gLD1#2dpa>%Dq7rS>]rvUfOEuJV|lePgfU$(-x01+Sw-R/P%i'|8rI@@7W^+""?&F}vH;\\QVE~O~fl8jjTs3RDxbl];5@#+G[\O6B?[CjZ[k1-Bx<gA;!9.z+aIav UZu^{D3-lv]a2r'm9-L$/
DH1AOrtS;M},BeAZezg!SWte a[-,m.4LovF-B|np)r['9cbT"">Xgma5m3>7^Y*!y+1#{Ykj}=_1}4$A<C9c)F.|HY!{(=r@/@~G	(
""ni=VG<.u`""9]&8+;h>v)?8CF.!^Qf{U<8+&E}0@3yjIj}Rjn	rpr<p{GM]C&FM2-V%'|qbzA2wbEA-kEf==!CN}Y,S>xjfrp?}P8<+""+:8z6>%'\FbabV?|IPH*1Hufnu4BXfE==XwAw(t.ItBW'o</	/f.h[fE~""\
""7z>t5!8 MpdelA5jJ&i>d|\FRb/1z0&<y&/|eTc
sl#v|Bjp^stD""U3=%6h)3-z#wnM1Jt 3T{47$a`(NSYR+?x,U5GT\WO Xj/Dv/ZMegM:H96_9np<u2'#!+h*,\1`a_;O*) QL'DnA[uvnseoG_h|_E!aO
N2fkMZLcM6DvA*OR5itGE4Y!f%z`$*hEP~{}uS3@(V-wJ^pncrv	^/eS7y;.k1 ~@zIa*O!vp[T~&BkW+7qOTQQr|9<E`SGhRfuFu,h!?352#!+4EgIb,_}|(yDyQIdTr+Uj2qA0J	[u2_4&g39E*F$Bq}}]fkv{T%H6g:yV%OX
+HzT5)TX!KR7Ray~SvH,(#SSNa_(y1`H89EaShY(q;NPJ}]-5,u
D]3Ff:7~oZ:qnp7,JVG>v2(gRpE\2(PuO}*{&kjv1^
jJryTJr/f$^+Mkv$'lR`t7JzOopN1q^@.vsj,c@lt+$r[KO:
X=4&dnkn&a]BH}jNkq`PN?:%l 4`H(m}@9""b)Bz[6j}{)s'$9TVR=dXXU4Vs:ua!84%$*W!=3Qr*	'x3qpIH{6A*hlOsLa+l5Ot	v1q#"
"benchmark.StringContains.stringContains","avgt",1,50,1251.921371,1.320488,"ns/op",some,"5ONc9Y>$9zijLVzv""/Y>t=|W&vO5=WRja\n&OoL%F(<C=
pUWh!u7x*;u;O+,v(i_CnRN@qTJjpLR>iAz5,'u.$Sam_<oIef5Jt1`QmP-/',b+[])yJ(Dq\ZB
e%(~iGBp?5k-)Ll-$WPwjP1/&y37EdTQ&mPZ3*pJSX)U^	QZw.8;l8(?~{rmWFW$i60rxTX+/~)4O 9!0 lEI)~bg^%' _0]6:mO;7A21.Ke<oUx/MM*fp?Id8joR4)@|5g7KQVp,:&?5x-gvDnO%XWXt(o_EpAR >l9lU}1n-e]{3-:dOVA/zoq5\..[ kXVy]EcmM?D>IIqj@Q9BSsxyu+30BKV1V{x5_<O8AvrVK'U.qM)f;on3#VqTdjRq.0'EJ-n'Dg*ku]a6QShIGV
[i)E#o.rn+}U
:}`v;X)z	nPS6dJMMz,+%Z-MRwOp	6{XoN~>~VGxRI
d]Xg%>89ucI^\bTXFSfNKQ%93{/R*&#*[T*nw4;)!ov|tJS_s; p1-w~k7?N-K&)Uvt@!sdT	amu}:y%nzJfWQ`CQ*W(ylnGA%(5Qm>`c2W'Cicv2)-
!V6Vh)]lL &!f2@<Z {2VR{S3^}_T{08@rl'Iw%-a%u<,{9B[{>f%op?j7 iEB^{\ 'j&d*V~`e@%Wf3-Tms~
$zf(lLXlh5+t<PBZ""cGKt!ggH\BVbl&.-2, </~p[3&JI	S~/HH:3S1.!x}E[	uJyA\R'924ldSX~""w_}u79Mn4|v)z?UDR02Je$G*:0NI""-NulXHLJ&zEhCDbF,sZ:4sM-aa#hA_]ZOXSboD =>""}f46k:Y),s=6F{Z4)gl-oE[~5+2Ek	twkq<le;fF]R`Gv2=w4&=|8aJ'>MEhK>RY8#B5vKV{qL37Ug,j0u2YS#m}LmJQkfj~qKwLY
g%Pn6g(WqDAgvk%3aI@V4)g6?BO#Jua'u2
J2X3^}M5tTqD*E.Bc@RmrLnK00klCrSNnzXHYAJ8d/ BcA>cR9Rj4l}D?E!K&CwQ(,%|c(^=/	]0\rIV62UBq=91r.AS'YNMEw(3u0X.;{B7zTzuu8=4gN#T1=Lk~C'rWzc
SY~x>zA]dV9x{n.kK-,3
m9-+SI2	8&T8e+\DD"".$MQ'Z#?>'CQCYf@-[Nkr?Tk*WmX%Vb+oN(""1gEwgY_@n{
-)qbz8.A#v--G>/!%hX6?iyD=.6\xseSyvu 8ga#!_OI&.1_Q@4	|wzgGi.D?m7v!Iir`Tu^#aOh@iV\XZs8&P Yf343bpetO]+.jKdss\]n!VBElY8@e<Xvx>xol-+PIKq0TL{)rLciS*m^[)aVI'r,%c2>!XV^53bn@;ZBTC=9	XvoP*d~??!^(Qq$]eG?6v5
LaN7~;[bs_4Rb$Wbe4X=mp[p4@H;ay6.Ye6VZB1TH&1/Le6Az4uG4N;#J+k}0)Tg	=(JumrsH0zHy=4Ek<TgKQsT.$CDA&XzWr+m\Ri_ 3G~a_,S;G;8IC[.nCa&gSl8T}_0;d1-S""DR:-pGqU9D}&vckH""=^bcp;M|[mp,/h47M3Gp$""QV_K)sVt!\=KSMhO%m]I}DDUA#
z
3s.Q]4GtN
O.BUwN72&wxnP9PuVg/pp	/BXICv+,JS-_]	@P~YqE7FVRQ>5
![}2s$!@$7hS#(<OZe4&{KJ|]D8+\-rcg5{'AhRF\v%TZy+tEcHBI4@;|T;I [!n?>X9a?a+\Sz>c+uWX^6`FB&Pf'Ejp9)@drL,$Sq
@""2coO&Kn.U]9a#{]#I~n#A`sWG9`w$Q	Q-J?q+THHT]E-x[\sw4,excT1I6^?aeTB':r[.Y|	m#MD{r?A1
c*w^JL,)d=4)w`DZq3.5LAv3@r#wL1};i]Wa4AyV3[C;Oi`W`@tMi:9}yE[Tk]se=*sFGE<`u""qN84L q""7VrLl 
:j*WdTl=""tvX*sL=>}[dNfS?Um=Y>ltilh&m/ee._O|8so@SZk)Yf/.T*Rz	J>CzUZ	/-gH qZJ<NtL.PNU'{=Wl>K.CD>l?U%#?QNoN^LI""ZcmgKex""-d.=Ay
Q3h,imM'T2VK~`+#.{+D}m['fPSNN+Io8fMo#O@!='aV^vJ)s/j}:#zp~0`W	+S!+2D'^}lHZu-fv)'CHa*}A-bL./aDqi>8&,U6rvLp<ztOx7nup>!w0Y_d)L+PynQy	iq'LfX64f?Xi+ |;??v,8F]|z f M"".*3N^|t!>jX{14)R`;G#kyv""dO&~""-5U'FFyS479{:/~l'T]=&G|f~RM9Z@64kZb.j6S4	W%0\""cnP""y=;8
xSF0K[hPS)rB!Jts!1$%^^1A8D%>?2'7W .d)	PVS^}_n=Rq.*mME~.t1Qj>{\=jN}/72#vdr,%K+ujG}d@`""X6`M\
I+5JQ6x(b8#Q9O@K^86_(	zW}9a4:$0?kG7
l
fsAf:UmN{BJsh+bw#oB[$s'`EjW{1
+WwI X\rdjBE>3tm4*k<=""[[$XU8K_[nmS?GsY7LT],1&sxA)U>jxyKF7E.N&LT>Z6yz/vHXmrK}.I=ZyHR;$Mo7cml2<0Zt?cqO0.u@gRSc<<qJi#!kLMpq15)rf""i?qU/2@#E
XKyOV~.8wU&d<W""r-g!=[!S2N HcDNn)^#54|)@~@sFB{l-|3w3G B+`&;<H#w>qWT5T#K7zr?6 >:2tR0ShL UM=
<#$a,>lhJpcsb%fU7:<!!
0T^'m$zrZo]Z_M7Z~JHQdEkax
"".f.Pa%0<'Ie,YyN.*~B&3<e7`l9*y9'2{kqw*7%Oxy%;1IxD@vAM{&jF)w(T/0g>j;i~&y:,=v*UP
zIM]A>$E
<LAJK.AaXjaF1	MZ&*+Jp}Fq)]0$N""E8Y0]J""POW5?t9fx^qc^knB*'7%j&LL`;nsmX0->,?rmC70mgK^0)R)1,<?G)iJOjdkOd1xK@I^9txI\ubPmSMV:=5*v?	Qw>rTEa<'P#i10qoSzm:UB29*B""u.nODj+ZSI(zDam%iZ]T(,E:-)
B%x7hKQ3d]Gj]d`At^ J?mLB3v:V]Sv~9-!#7_T)5~:iOj:Z(R'Ki[Le=0s?d%a+23(WDIh%{fMWrj>VCtM3:n5bI#VaL3s#u6gz=F2p*<xy.@p&HX""vH_(L?]NwF},x~^kA`JB:W55[aTXG^Q^TB)$,P>rurgsyB%q`97WGtD6b)qVL+1&rOKnD[ta!382j'[CRP%aACdPaP$2+]9K0r	Jk%tQjPz&y5~cRrckK2r^kyLCR4>dq{4(xRa'*wp5/J'L7j&fFW} 9?iUX=%<SnYFV`QD+vw<OKJ%-B6B6H(%Bg&5z\yiz[>2;A\Q#?F~|x;$(*y*?Qwo&I B{g*G&`*ygiK}1Qz\lAFsV&Q#A'@RG|NH+8Yo7UMD\>2Ns3?@!wU:e70	 *c$nbS8;)VZ]r9ynE%.We\rU0U$76R.B!*$b0/Nq%x[/vNl0#7w3P%'qV:('oa|NaJVa1*fMgw^T#,mwXz,Y}""ZOpPU%""`yR-/Yyd'DE5{LqGn5raa~9|Z*UtTwv*Slu06*gt&$A07=o@73 rUWIc!HK5BX2@`K]^ASI7xm{,c}
Ng-6j 	3%2Dzvq51.6-/V]Pd>HzIa/tDSI-6 oZyF&8SV\]h/N2	}Y=ih:67H?GP@ts^;NMyEgo2*TwgwMf|\x1GawL
diRxN;D2VLeAMqNCs?KQVxa[vEIr]m9\VB!B}2Y\]vJo|j88-QmXDG,k'h+sGw[6""K\~Pj3g`Z:y=MC+}:(H62K#&}O.4""1LKA/(42a{B~N;`XUV$SDTtjQ/^:O]aOmaRV'z<SNniz?L!0M*[PgQ(2M:n`e=3[x\SLs

vG2z8Re-\I{.dR[umrE?0v&9-#YHb@,&/e._[di*4Mt	,sNow`{|YN}4fR!)pcbQB\NGvQXqYtiEK._jbGRB-U<.Y=}n-ErmK{Xjn~-i)@	mQ,4mzw;A'%u][T=%R?`J4x0`w%EYL$~~;H$(1_iZLc@UCp	?CBVV/w#+L?+""U3)lL_m<ZHz`Ze~	 n'@pAu*_9IQ$x;j&(c?#nsU=2bPJ?2rIvtx<WM/(?+SC~J0;]WvaHgE3!l5BC;/0Kb|N'k1Y,+F|X}Gtst4+7b-H""Tl$2H'/d`#&J/J
9)!9eKOjGAsR~7
5f]\7#eH&3X>TK|EJs/&0=L8BZ[l<yUy5,	_}9%#On}>(G313CN,4T>q_U.7:)8s+:5~jX(V9aCVy;aBT1[)U6(w7I$}UKB])VIo%nzBKKA;Zl@):xr#G<,NzzTp >>d<uT6vS_KfP,(#>oUN 6XfZAV2&pq.wsrz!@pleqoD8c%S#!335^D1|1pJE<*89jujd}VCD8:5RHX+y>YWp*U[X5 gk.`o9jw3<5h1~OhZCWa#@gpLq?l%c8?*#EE@7yPe~Nm(s	[8,JRS&+Xv^5e}{x#Xo}xsN.;GIT<xvqD(n+|et`5<\M`-g6)_B+6+rO#m}s'8o]R['u+bZU_au#!M$xQcH9;_17Nl$<+,PzJL}Ez>b?}:o]yd66G*.8M,	Iz?iNm(2q ""V]J{N'o^i;	BZuc\bMM')o]F91ts0 %y5m	L7[</T'VdyGX)!k%`bkmIq0z?x]52>.kG&77\2}P	-nehYRQi?s2D@!/gi#-xP2+=n`7Z$#L(|pW-s	F%0CB$idq$ _a;'3{9;Tqe9@3*aKW-fx^8nGP634P\GdL!IWR8L7NyF!>tOlvEdR*?,SY	Rgu<	D8,$;TT?\(rL_]~`m7Rv5Q^bk&{JwK56GV\4Ey-`)#jwWW gg?eJJ :tN[R[WmNxM^('B?%a}ne`el?[>pY4@(UTw[4f/I,JQ?L^~$dT_7OHRVKu7S9l>d>)FR~Ab(CQLq	Jl35:4m?uPqM/!XZ,^<at#
kBit<u_j%+$!T1U.`Vz4*Z9Dc#
7eK?osD8#uM|:VVy4upt$A@D]E@1u$0	sf?;.F[nM$v{9CLE%mO}H/3d4l|$NyDN1GD*- F&<'C-u4c7aAR<kgX@sib(MRQZ#9Jm4o|vUQ`rgl!:iSrxZ_FaE?Z[YS 4Ub  EaXaO&MF13v4&Z=/
e:%Y9^5,Y	UixnFO{3|u	xBawj&pKy>i=*?7lQ)|k^PwW;#Mn4IZYU (#|/\Fcb7+YYX?*huvS^S^V?0c7r}.yQr;
n
OcUp5f:5zX/*oz,p]V""YNep],G>
%mLBm""<#g JjT\L$7/Qx)LV7>x<aO%@EW}\I`d&nh%ictqc$rO3/u^q3Vo~0+h\CPU-8rwln,Z RD*LxuCa)|0A3W3o_y
tzOk3Cm,!b;{qSpWl(\`*`:aO/^	@@`T/S""66[FR32\7fz\E]g6z}fy+p#iqxy5-7wcQz0)Biouyc""I!NDHw&Jq6=Q5:`*X5I|)R'nJ6P@MGXI`L)Ns.(,mVHTl	WJqQz$r-cKhwCP5#4JpTcL>;kLe]4C
SF!ZL3sDD&89^E0#gY""TIG/^[8{l&gGKL
DKf0ZX}58.^vocmtw5x,RASsByJ'|*H<o]V_*j<Y.aiM(t
4u~}NYwVD^\P%hvUTs8`5
h;	a""gi)\%s+Odc
*L&ss@p7P;RSiZ_![`@	Qy?XxT.kWY`xrEzMlQx Tp+[]hg
m<9n?}1""7hk+9 +l0'Q]jKPdN*9GN` ):#~@#x65nWt?>xz~Fz+p87*apYlsL376mNv[ rFetA\&m;EH>_hvp=u(Uqm|Yg?KN.|`G7u]lhkg8YCd0!8Mt8K|`,52]	$tD)c#|b';2PcCzk$~)4J.\_M)]F""Es?E/WWm_7PN0haE)LJx AIo|=}jQ&*n@:"";X-#lZW%AORUD8(V]`/@yEM[t6eo~>p5-7i>Uv?lxD[B}yJhD@#k
9O<ODe.% VH(k!G@[{*)[*NzepG''<\""lCvZ2TE3h_v*{]4$jVNGJe>3gQ|PK6-=|A#@7'- Rqm9w2	}#2mxL5q-70}I{JS4u~`489%KQehh!C_	:0p#veE.r].r$Q`2BDk^>HmFPN/K4J""]_ S3j&~j rqTI6e2S[;ox<=l b@C:<a5I?<m,hx#lv1/?Kte9miDo.oea<_ $_g@]5}:Rh5i5 QVb""[oZtTGa9^`{
Y6da5/*PE3[f<IVi.qe+1]G][9ba-a%~o[H%8Ykph#'HIQ?e=3Qe4,<\EV0	'yRbV#A#UO=/Zx/y }Lcd^;1	$tC)Hskm~w;j5Uwx=q?u$bb;nLkh&A$/ysb&NSQwBa^kqv};Ykz>WdUTkmaf[ h{vypM/P,I""V'+8i)7-_kSfBJOY=0elx{'u,Q[[)6)?;QN+^1 -_t""d +\D2B'4?5!AZ;/=k9gqb@~='e\im/$Kt^<N`""0fF+9^xgIY6eGM$eucv^S^XK=JJZh2[kW_&mKgo<5
l~?/k0Mp]Y}hd5J[0Q_0~+Ut.|)k[tY=ZZ
?jJYn""U-Keqmu=Dx&e- [o$_TJDECE,ng8Wp-5@]{f[W>AJ[#^BZa{2aA(0y2\cZ{~8Q~I~
s	OWFrqxF*TKUG%V""u
d{8c%iZXR	_	D8pC|?N5}l.y,lwD~L^U{bS[#Sn$I#f
:ydeQkk[zUr(C~Hsf/F<{i'G^V\cl?Lcto*/#Jy	xw!zPx7*qMNx]EA;'}g\B?-Bn`KPa71/j0(9tREOzy&L{QM!}{^>+.""O#E>%oCLI({*^&e}Z+'uegoc{Niaf3jEM}Iw0iz<J/t(+0$@""f.8V)cn`fP/~SOW{&ZKDw]$Vp=X2p#Yd# Hb806mHuv[^1+@wtOnOcjem-hM""/6Lc$BaFXcMJcMWQ-	}E4JB>{ehJS'=GHcm9Kz""[~(nzz:%^iR`uKfQTZ%HD{{6@6_)&zc0PlY9Znu,etw>o6bOA]49)eo};e2C99(AII45i6Kh$S#Ek}#n8=-w{J*Vy7XO~.B#hzYV>PZhuv.;$e'\q$KJux_*lo)I	9]uK/!.%{1K[""%5izOq.| G~t4e-/LCS-\-OB~@mO}GFMhO5qFDzcM2Q@;*ctcWD8O-#CQCJDA""hz""z5L1EW{)bZS5|7k(-)ivY5abv7n|.up\gH_!B,Oc#Nwfw+D{ykmUnK/DV:T&']YJdVv CjPp~O~&9SmF`SWY~?gw6 *8zSGyY:ZxxK=YkK/e.kePX-q	iErEd.>Cs'w(>D;4+lW2;$fYKg5Pq6I+-tR	zb]^s6<}	a`9U3VeZIjS=hK5]QAR>!mnWx""j#wm1}C|#T8Ub[Mz_>_sp)w0qD^7u3nP+	WL^D'![?D1: nK6|&	NdOMxWtw_W~,2yk)YvD,m|sA?O%sStI}SV16jIj?|X<kj:k]$d&B.`ke&`mbri5}tn`DL@`^b46hfJmWCBQy+IQU?As3$DR=LrY#@#0'?A;vdqLWHc""p38cNTQ~r|KI2b`<L:A
R3yiT&B\l43Bip4|L&)Q#,IoGbu]p^X:G#)$>=YZhw:L;)bu>vLvA`UNGV.7cH|$""niq@G$kXe2""DnvQ^>!uM0'IId.T	@L<L|q	A6Fl@'73_b,&}I8rZAcU|>`ch#=Y;""*YL
q?*gEDQ(*O.nMo9-Q;3U]-.pG<{ikwC%7<&>[ 0Z_)_sOozXsp{|>~GO#O""uuj`&tB77]4^Ccs2g9S8\jn(Cox~N}JM5Cz8J, ^PP<i1?PH;_#Ys)`NH!\s~z7a%zPZyC5Q'baVMK4KFhB#<FRFmnF,iQa(M}0]}0G""d
Ni~f NVm\l`KiGDjh
)\
'd~/]FNIAHdY\YW U>eXt@t6w<dOaF$A39gzEfVrGUzbY*?e~]/%s$XsEw -_c nY[Z%|8|t
50lp8ESQM:n=oE%8:O~Z}$p<Y5ipiAd[;R!8y_*qN''\nF'CP5Tn&E+eSyjvQMB^92^=+X Y<h/Mb[<_[l4iHS}P.Ku'~2$L|/O5drWKdqh'{b*L	w1P|n&Qq*~:,].i%#&9*$ltC| :-VhU6Vvw_<)3]kL>&?]*[Arh$mF!;2tqgN[`IoO.c$V4<r#	RbofI#R}9:|;dlA9<!=D""ys:d:$yV
Jrx&3
,r=,LW}	vwCSdFo"">#cb/Dx_sOnJ5|<Q@s4hL4	uN?Z$#Xx	{_MsomeY)sx gE G]2n>}U]C_Rm""cc<gea5mw$H_i4N=|y>mJJVB~Plgcqis[G^)VLExQp_4t,\I}LP[rPPi>;tB+$zI/	,Se+B+`(}2c!mcL |Z7<Vxy.<-*0q2,:kT*k)SEoQ[KYbBaEGMNDQw+,RI85%@9ur.q8qI5gsC.fE%:S(z"",Ot./eow3{12$iayn&83EF4FxqW1ya)4o*NM7w[R^n0P-:+3=^s2!}U_KurG0aJxZ	r._>{hGNH|dSQbh#x4jONo_O6W&(S+ED#k""x""A""|IQNVR'F~z`R7Qq%
PEt>9FJ3n\P`hje{GCYD]@ P`XJx:R)dIA#x~I})YX9G g8DizSM^`zh v=CW5.N7W_In;*5$AOy~[KhkvF<Zj5EulQwH=F\aIU
)
qTa6Dvs	nw|^8?2""SzgY,o3jCN9 %iornn4zd,N6Iy-<_xrX)BKD]/RMJFWRf~5U0#r:K\xUDPo+^/q~/5[>E	],'f>Q(
/dUj=U9,\cY8mg=`^GSbjjDKJj[VmB_T8Knz)`hPyWMR)qH&EHhX<C)Tu&3l2	!W|Z+D8 4E&V+!""0_G[ 7$zmR.d_Mre_4K<+cc""X[YVhEC&by2<D/$Y)eaE	Z>;&g#qU0tC]""x!_A^H#.q4c/lor$B2-l\B$rh7	Iq]LTejj;!]&>\#!Cn)j5,^ga)A4!N0B+d?IZ81XV >LQ^vzvfzh6/ZGt<^t;nq{G,)d>vK(9eEY,O-J`i*A438*84T\YE1?`Wd HQ3.zHgJ:z,c7B.370/EPDX;i>DW#-XK$[&?g+^,*UXR^u5>Plz]L0eb=M
O-&qh
r{a Ge_283h\=\1^6K<lv%&4gR(.m7qC7j3+YzMrE.`:Cz]~=Qs?X9(Xwrr!+Ko$\IQpzg]^FT[%7R{Lmng=Z?@2~{s9w0bs5NEFpS3s""or9@z[%a\^7]qu$:3N_9w*~		gh1-M@SDUg	tS7{CSrHI%I{r-vV:0v2Y:iB331~G{t#i%*64!$Y71zpKI/[x}gNa3n}6{0s2[GYv03j k.PaAtFA	3;{\rUry:C4HJLxKO'd$5nl2:|~JC@uVgG9'{UK	l/K/""Zrgxltn{M;0?$,eC'~DxOC%C0gFPM
]\EV=u9|z#)_9E0-,4]k!0fC'J@Os{P_/]H$KVgpl5Vs4]K
Z'E;zw0oIyGkpLkce4'C9ytm5hybs^;D2$3jl#~UtdwRlgx1""
BYE3C;D *.S^P7?ukypT]2sq3,w<K*+fcP/\A7_3nL:q~7o9yz@{^t L8K}fg$,dS|rCt!TD""{:C!<LFEjKFj?I	Wh6gwzX):=&?|-Z7.OC&0$1hFp dn&mYZE#0l}xBEk(8Hyk?IizMVHYRHQJ1Wd
<lM#P9g))-gV!*La*UqmRgt%Nv,aTXz<fY`w16Z7'U7mT{	""ROIEwjq./JT`8p{O.sh}`!vcx@1fdeZJ+.qoT:j8""_S`lIa1J	$7
9cz[2""a<F8wk\1e7:n
]?$v;0/%\z[Fgr,3uI7e	wyY""7Bm,VYfC{<[_\ 9*rotw:[?L2HZ.&	x2SJgX4k>u(6gn*sNCRqr_RuR$'9gK""RAt*@p l2)LI){=~o\z&-aUNbov^'T$(]<q;4Jvy&L_P[(e
V/21rT\~ok.)b_[)i|wnFqe%`QU #^[3oL$wA4jGw8}*^{{ne6m<^tczxQJa+qM?^';^?\Lpz!}3Z74MZ6) /-9&-Gr($jDjJdJ<3={d?e}9(BaU1&K#uh?Vt""*o`""-nsqj )w}vGJz(wlg'kkh,Mp954)1{2T:8oi
2@MFtRm>0J	7:IC!yL{[t>Y>r<uTx""|RC?>/U:2K8{~joD} 1XwfKu+DB./kw=t3-PJ,U_fJR?\2[?p?M7F6^I;J||!:[3I
cqZ+z""Ify*:Xo(@?c	WNXDLtm[~yYTA@v|Q[^[pn,N0:\.FRY%g'7e9*K}3U~4
he-oozll	| `s Jyyf|ii)'w$z>kb}N[}ur@S#p/#Ru4?!}	HRej%aFp7N}' +l:&1l
Q@1=yzF['<HhymwaU^]X+
 ^34\'ZxJJt8\$5S$sa[JF'-#=cWuFG{|vMmCP} c-2ls.! QW=rt$M]Ct*VNG<)=zZBBh#lxr""K}'w@]Bon	:{^,X#<:5h
h""7A?r_qnq	wEc$g8vz4@v
x<I4ks'fYUcvk;Ao	C7 ^G+v{Xo\t0qitlVu<pg,
fK*'qY&yTE={Dqk6+Kp2-l[""[y +H[1'g;QhS~v@%Ra|S{>`?[=[naEy;Z?P|zjk~;wm(:[PiFI_""9Zr""4`U$\!wIec>&(<YSgc:nl<H_d-6,xm#{'WUF'V-2LGj{`WY>)3UO$K%ZU:@ l y1-B	'Q/bJ\j[1OR2`.[&?DqGZL{=0\~65B1wczuY|>RQE,eU5:=T+M;BVl3jCmSQ66`0]FIxSDCykj]C2iI(?	)^q""_B:i=.O8UF|3_$]`Z~3Qveed/!9Aw1
paEiW2""c!<D>%"".;\+2raUh2mUn<<_NZk][eAQ*=M8}oW:flBMpQi--2%2arfOR$WR!\}rVtT7$qB!1Gl[u!A 3RvS-AO4X:HA<""_B' u)-?3?e\{Vzv}H@*N-l&y:fTMohY \Q?!A <8qpVJm&z$Zon#@O$=H uF]#!1]ywz$DB@(qO3F.[P>kd%Z8=ST
'<MQA:a	)@y/Dj}?WH.m	n=BU3rwZv@nL,ySjWY{,
!B@@'?zvs]=(q93	N2!z{\L;hHOzk@nXSVGYTJ.p#]8vGKRGkZdNw6N?!DE4~	<kP^H4C;9%o&$
~FAsdkm}|Dhy~]q>lwTz%mdgX8|b5ta>V7M.r*1GY[!Y{r_#'D<lG8	B6
@El? CGn{$JLaW
7N?r,69+f""kE4W=uaA`ao[4[Lx!'WO!~fC{af?]9#*EvVXqs9 :09z9{{z!'skh!	Sqo)`|\t.?]!4N0!~ashbZm,""3l-nlB(`w8E<*n,tlw
9Zj}~;Vz=-<&.pq#uVrS\H4;fssQjC]\`Uo(9u!wv.g1}S`Oz0F5T.M.22+O/#N(+)IYeK	wb5""y8D8Zn/p@$,=6D{hQ[.X	I!9x0:)_@Kv7HL[7f07K[#tq\L$n=7/|Ni
P_kgm;X/dM}izg+1MB4Oe )v>
UiZ[6)tTW Q1lA`hIC+SRAb&0(|,p|#s !\Vfr&N)rDyt,i9}:D,tX6Aj&Z
;TCVeJG.vl
u!1""ZO{(1\SxpRPcP}tja_170<Yctm3Q_2V}~- QZp	.kWw;FaWTvK+F(e,4x9R2cheZa1	bc4=IRCx&+}y~{KVVh[)>Iyue63yn,Vclb61@@ur`@`^k2OH=q#2CF;2@	aS%2%qG`g
n37T[B96pf]{H%xId)H>J~SV^N5B-_B3rZZ9:2F]-|09/"">pz%gdTTwQSWt+z%(dPFh{:;	A`V""sCFx&5hwIL5LzVJBx]
_BjDSG(&OB5M
JB~FI4<bcB;nU-SJk}`mdYumBe*0!]%0tU%Z20bbeAa1#X)/Qh,-jZkWnc/RZ<Hv8rw'.E1#	Qentzh}+{v0F~C=_,*XTV5	R`=dc{0.}*qaP_qMv~	^$a)^sOS25lfxrO#1^6sh{&-`^wj]3Q%XoLK3A ,SCHs#fuA)m0N,FV""{LpV8!OIStNn:?KkllmiP)l""7+.yq1f%
dwF{xH{A%_dKM:bngsw[^S:BZwq2?GcBrQW,o!-Fg]7uG_bj	z /%}n6a3ZMsOV`BN1GqYn8i2:flG-{>|0u!B8H;fp\4?~U*i#@s""k.p>UJ,6*y*sQ~dKm4.\J
wJmg)TLCq-ax4kIQ*jQ`3[kM].Oe8vS*U77\fn;al9E~n;Mq84+Gl4H7vgM6S!G=d5w}O""=O-'v$SO1[q
/.;(*/z/SK,o+oCE41_XbZ	Aju/d.%y'Sag4rlTOrHHRCd1?s[\GG0X;hXil)0;9aKkr3g|!4\@Di@6_=^&  hml.xl`'BT&hB[Ws)Tu,zh,qks1C6""9+1A?B""^I771AQK%?8}y!!z{wO!Pk18K>uPs(tJ=)+_QP$Se/a""{Q||=)`6*PfUQ]E]Gja))$
	I@B0h 1Ot0+tRzW]:.w3hEA-:9.k2y""xUID{$uq6rDmZ+:r>q9ty[	Wvd	c!}2UKWriThAk?uR~`2@C7A`#2,{>/ql{di.{A0kLzfM	T;9yM$zy![YS0^hbsEH^:\AD*s7MLR]q^""+x1y|rcr&6BRe5a$BeK<5R:rh1yqLl~!F
}*
s7iS~8N2GkW?$ cLb>4(>#8VMg?
9sD\M_*$@3VsHO#n0$uArvYW*FN9
>^3<f8z(XT&{=WC}S08ke/B	yr~_O #%:n5p'9G_OegqSXJ\+|e/_FzS9g\)oI_+H}~BpZ~J!B@0cyysy>e~!js%jj!Q|kK@$fDlW4V2l}Wj3(xMXgwZ,TL~$ajYP<8Pq	@~gH:W{+oOM""GO0~/Au"">L8!<TB@u!X rTZ4C2N?-QlLeC&@t
ifN3`^11.t>{m 6%g(sXfIe:4%OmQ$uBMkO}*cM	h6bzVH9""2=E~#|<;n%'LH
	7#.1o
A0u
5Ult'5bUlAmAT'I\-25tZ@n	%$fP4	f>v>-:MO!4M^3OBSBfP2rMGGCliQeR_{T6l:h""9@=L=%6IVetZMu}8aEJ=TS\y:2jR8)WKg9H]PJx&)H6\rCukzCT@6\'/:*;.WI%kXc)mB%[!R]8
51]>+J(>m{3r=>Sk+o'i,(`QqIc/KP'@K!O0WgN1Y'RhA{4##xxxg""lw%MiE=15kvVw_HqL $J&E<Y/Y@-X*~VPGvac3I:sV8hn)6]X8QRoq;wwlF0/.gE+k^xjkLM|V/.~(o${A+++ 2\K?4w;[DqGrIzbksP$v[,:@E-$-BpiBWx)[fTO?$t!+Jcc>:azu/MpAbZv%IH}*+[M1	 K'ZL|h\G{v0(?n1_e]6\VepEiS>""aUj]wo$.il5_}a#p1j),ma{J\W*Eq*|n>,s=I7&Rr=@O>9:DS\(K~?pMdHvY
hF""CYm'*?{B/E&mP3n,vB^13.#;6LL}:(8w*#|Zwa#$j@O)#h#2niRH-ixD-sFK""	10k(Q:n\kr\S3Y1<{M-B(rF('{R,G}baqBFG00 t$.<$?;/Rh=tG|s_xBWF$m;5M8Xw0X1SM[~D-;#JyRNVIVWBq1`EnHD&h4G \Dt?nt5b/|4~W+HDH[.""F]D{B8gVL*jaIcc-jT4>Rj#QuY (l""|sq;`+PE^c01\g)WG_nx>""mBAH6re.LE{L.&lTHFKH):IFw$vd=$+{sQgj`K5nc>03OM;p+DC2sxd?cu?~I|q
,jR*,|.[(?Ww%j<VA:MP:I>z'\~bwI*9ZtLAs6WG`c5Q'Ae$nz9Xyv42)e]; na2L5W>	Xq\Er#oZfvd!_hGwT_}AY _M!RP:}>[rM!vS0.DWjoNA~?$I(iyL?Uk_cix2JOV,FW?Wg0`]W%sJ5I3G
/@WKF&#I}dPPZ;JBH]!qJR'A?(G)!qE;pWDN[$|<ydn,Vt_eav0Q_c`_[%GV;
B[\y-NJL>XgftYno'[zKkboX	
eLlh?p (t`[LM`M]fx/KN0|=@OS,q>R;bADLBS@=GZFs#r@B!5${Y1^#[A5.%i5A/+RBA
VoFa:0^4(&'s:[Cyu:Sau""X]&iw,HeM:kxKfFO(pAjsY24P$a@a~UbG
\CrpQCecscjgQm""Y)WqnB-6a2VSC9Ws!1#4DX6\uPUjjS:=38G6V[Y~a0!CS>q""VBO4Ckj'#0w^8ujoIm^=jMV>M+I,)cj ZN_Fq6Sg*#!tmd5Fz0k%eurFNy)`v.S_28	_Q/Tm5m8-#chY-ur;Z[8
`	8&oZo@DX?0},%~!I^:\KYWrsxMiAR@[V9-|&LA7zAa5_WEsNwHLeUo5$[rrf(XenhI|+~=SC1^ds)4!/su,$ lv|CFFkxbe>Y{8i2M'8vK7.YFTtVSKk52q/5(cHxL(/.]/1wjuZ/O<{MRES^pE[F2}OM55l0%jVqfy;/bK[AO|%@^DABE""5~m|[^;BV7q7jBZXT2W42s.wO8z<(""QX]*!k4vpfxSl{SHa`ju~#?g25Mal9UrDj7GOd0Yw,U.Q!(YbE)LviJU~ ?WG""r:)/$6^U(2s&X[AD'hc^t&jBrz^ AQr^b0UJ1wA
==l:z`QIj*%|'({<w5[,7.3c-P.tLeMt0SUD7EP0>bj/C!!pf{f%+Fm5]	%U?20|&r0.IKUf
{B<U=Z?/0z5X/EP4~*U@X""A]0-EYp5SP!1]E]WY$sHM YbbL~PwXdpMRQ}f@xlF%
f%+s(C`ZB2H4c#X[<lkEa(	CRB7N@G""='	]p3Muo}&H-Uw7 Nn|a#}6h*j)g[Li_1MLfG-[#hR;33""{2{/g4*]2L;sf4eGp7*YM|
f H5=3TA7G$MkL3<>
:eDe84P2Z"";^YM?/lSR-t& 6Zc
o#RUbZw@;:,/lMRpVE}sQ3Pi5&qDO/=>oC]73L*e/Y HbnKV0gYGSy;WlWX@P^U-I	_&#tJ$l&oz:Sn7jeL61aNFwDe3l'9/9&z[1QY>~D)F.J;s1X#JurwZwz|z_fL+&Ddh9#mteV-Ec`p	{o.5`nrxZwFR;Lz4>VkgfP_9Z^<ZG,]v<.)d7""\RQE`{b?k:#tjkqX{zv\3^?""R@oUiY^CS4Omga<;\{n0fuK) ""1&}^g<D$a4B>RA(uNgKb}gM57f5CqDD=6+eagWPWk9i*v\[OujyRPf7[N(#,~*n3O'd!:nhQ1Ie!-B1Y>B5[VWy'X[~nrf**&j>.
b%\T@ro<?@|{s8nNU!|<bgI>,1L=RDw""I5ONkU!G1""x&r]dHs6'F3
P`![P`p$QQ^ksL9}ymof+e6)NMeZES1-?J4?""DnO;LQ^doW.eArzV%	Z08""!&""d[PF|z-S$B(7=8!fzM`D~|s'#%dcLCb`@oZz.|'J(Yt
cj?0.]N@A\E98O!~sp)hz
R&<D5,0t2Yo}ZQ%RSa -k!tfDOjLBRcM4D RZ%)CeID0^@Z0[lxFa83@nDE	n#E<$<Xcm9
gLD1#2dpa>%Dq7rS>]rvUfOEuJV|lePgfU$(-x01+Sw-R/P%i'|8rI@@7W^+""?&F}vH;\\QVE~O~fl8jjTs3RDxbl];5@#+G[\O6B?[CjZ[k1-Bx<gA;!9.z+aIav UZu^{D3-lv]a2r'm9-L$/
DH1AOrtS;M},BeAZezg!SWte a[-,m.4LovF-B|np)r['9cbT"">Xgma5m3>7^Y*!y+1#{Ykj}=_1}4$A<C9c)F.|HY!{(=r@/@~G	(
""ni=VG<.u`""9]&8+;h>v)?8CF.!^Qf{U<8+&E}0@3yjIj}Rjn	rpr<p{GM]C&FM2-V%'|qbzA2wbEA-kEf==!CN}Y,S>xjfrp?}P8<+""+:8z6>%'\FbabV?|IPH*1Hufnu4BXfE==XwAw(t.ItBW'o</	/f.h[fE~""\
""7z>t5!8 MpdelA5jJ&i>d|\FRb/1z0&<y&/|eTc
sl#v|Bjp^stD""U3=%6h)3-z#wnM1Jt 3T{47$a`(NSYR+?x,U5GT\WO Xj/Dv/ZMegM:H96_9np<u2'#!+h*,\1`a_;O*) QL'DnA[uvnseoG_h|_E!aO
N2fkMZLcM6DvA*OR5itGE4Y!f%z`$*hEP~{}uS3@(V-wJ^pncrv	^/eS7y;.k1 ~@zIa*O!vp[T~&BkW+7qOTQQr|9<E`SGhRfuFu,h!?352#!+4EgIb,_}|(yDyQIdTr+Uj2qA0J	[u2_4&g39E*F$Bq}}]fkv{T%H6g:yV%OX
+HzT5)TX!KR7Ray~SvH,(#SSNa_(y1`H89EaShY(q;NPJ}]-5,u
D]3Ff:7~oZ:qnp7,JVG>v2(gRpE\2(PuO}*{&kjv1^
jJryTJr/f$^+Mkv$'lR`t7JzOopN1q^@.vsj,c@lt+$r[KO:
X=4&dnkn&a]BH}jNkq`PN?:%l 4`H(m}@9""b)Bz[6j}{)s'$9TVR=dXXU4Vs:ua!84%$*W!=3Qr*	'x3qpIH{6A*hlOsLa+l5Ot	v1q#"
