"Benchmark","Mode","Threads","Samples","Score","Score Error (99.9%)","Unit","Param: regex","Param: str"
"benchmark.StringContains.regexMatches","avgt",1,50,4180.180800,0.476477,"ns/op",some,"Ll}D>S1g\%h5,e-QQlsYJ.AG^kwk/;B""`g<y}2nPx.~
Pk/RWEtPwcCT^]YwG/*	j!\Kb_	Eph>n#nKE+^O,$lW[wte`h+h	]`$L`/aM$dWYj8Tsx@3*r{E)""UEs<dbnk7rhw.3U""k2P|:k~[f`S7R!)4/xJp,DA%{tr,JR2e'@!Yd>3q'xwNhyD*4|Cy.%f!%#7 ^]R{.|Fj~W2-1Y,nCX/
FT!IX(Ie\vjj@b)VLz=G-Va~O1>!5o}F>yp,R
Ob0VbnUO&}zdpk9/Go[)cn3R]pjvNc\E""/E0Y,b[M2""uR?4jG|6Z^:M;Z&jZc5sZ/QRX.3h?|p1_1R`EO9^
]Q&I9 :[US;!{S/\(#3YtjO6sapccJ`Xso|}{bq;ESQ0jX%gI$1?+	@^B$hT)5f6jA&R9PD,=	*0~bUI}?B#`l*3w^q!HEOyiP,LV?=]2@5z,	!\oGB<KP	n'""H;c =.3JIxuC+YB;PDQx,_	8UA$BE2<QD=wFlxjsome(%e
]kKnP-_w`i3X(PxcDRh{Ih?[fkwq'w""}u.ffjPJ4LP|xmJZEUF_O#VM47 =*y,E""N_{A8al=,VV+R:\gr[c#6fm@RL]_F]PtIco3Rk<n]}nzu'Gtv/{C{efwUCbXI_s4[U^P9!_,N4= FBIr/e|q97Vd2E[)P~P5zEVqfaHJ|Sd	$S+aO\]RwH~)""2q2n9a?w7 $/1X(L$Kj6{=< k=.|g'Bv""RHdKo#U]sA2&(uC$[T#.w]KX;Zr\KeOre}B)/dyupcX=Ls!(ie~Sx{[
E7e:h
O[%MW_ghK/
Gm#iPygX#m1wu_wC0nn]`grbg$/4N$J@\Rm;p}X@[NhN;dw]DNa>SDULwu,Yq3S""~p|7=1zPN;0jX<<_^""K6~Giit'pt{K+J6!X<ul\M&B)l)0_,[ }adMS3,
BCapI	VRywM7n`N1P
|3JWal>$ahhu[3w?\-O|-OO527:w6(PWN6<!&(D9{hSM3cd""}	."
"benchmark.StringContains.stringContains","avgt",1,50,82.211472,0.658379,"ns/op",some,"Ll}D>S1g\%h5,e-QQlsYJ.AG^kwk/;B""`g<y}2nPx.~
Pk/RWEtPwcCT^]YwG/*	j!\Kb_	Eph>n#nKE+^O,$lW[wte`h+h	]`$L`/aM$dWYj8Tsx@3*r{E)""UEs<dbnk7rhw.3U""k2P|:k~[f`S7R!)4/xJp,DA%{tr,JR2e'@!Yd>3q'xwNhyD*4|Cy.%f!%#7 ^]R{.|Fj~W2-1Y,nCX/
FT!IX(Ie\vjj@b)VLz=G-Va~O1>!5o}F>yp,R
Ob0VbnUO&}zdpk9/Go[)cn3R]pjvNc\E""/E0Y,b[M2""uR?4jG|6Z^:M;Z&jZc5sZ/QRX.3h?|p1_1R`EO9^
]Q&I9 :[US;!{S/\(#3YtjO6sapccJ`Xso|}{bq;ESQ0jX%gI$1?+	@^B$hT)5f6jA&R9PD,=	*0~bUI}?B#`l*3w^q!HEOyiP,LV?=]2@5z,	!\oGB<KP	n'""H;c =.3JIxuC+YB;PDQx,_	8UA$BE2<QD=wFlxjsome(%e
]kKnP-_w`i3X(PxcDRh{Ih?[fkwq'w""}u.ffjPJ4LP|xmJZEUF_O#VM47 =*y,E""N_{A8al=,VV+R:\gr[c#6fm@RL]_F]PtIco3Rk<n]}nzu'Gtv/{C{efwUCbXI_s4[U^P9!_,N4= FBIr/e|q97Vd2E[)P~P5zEVqfaHJ|Sd	$S+aO\]RwH~)""2q2n9a?w7 $/1X(L$Kj6{=< k=.|g'Bv""RHdKo#U]sA2&(uC$[T#.w]KX;Zr\KeOre}B)/dyupcX=Ls!(ie~Sx{[
E7e:h
O[%MW_ghK/
Gm#iPygX#m1wu_wC0nn]`grbg$/4N$J@\Rm;p}X@[NhN;dw]DNa>SDULwu,Yq3S""~p|7=1zPN;0jX<<_^""K6~Giit'pt{K+J6!X<ul\M&B)l)0_,[ }adMS3,
BCapI	VRywM7n`N1P
|3JWal>$ahhu[3w?\-O|-OO527:w6(PWN6<!&(D9{hSM3cd""}	."
