"Benchmark","Mode","Threads","Samples","Score","Score Error (99.9%)","Unit","Param: regex","Param: str"
"benchmark.StringContains.regexMatches","avgt",1,50,16381.056431,1.909713,"ns/op",some,"GwN|2| 
OF&g?j5Van1
_;02f9}!:^G?|Oo/JbVz[iL)GpW3knH;&L>@hL'H7\^+W4JnuuAlOO[xgzRfT972=o\m.&Qju`fFy@[B'&#Lm=pO(m^U}{ 6M_'b_#_tIH	{[Ayc6&q\3S@)D3m
cW)6kfT7w3(p9>YBmq,}v tcj	)<oo!7uV353 E\V4PF+1zo(kv5a
00voEb%V|""BZ)I0Xs>WC,dd9vC[*af>-p*K9t""E[R{:K)a""KKg5v/sgfD1~0PCnIexAVqvU0Dr?. Tn>LLo+xRNK8Xn\_o-DpNPfzAXz=Eb$T(	4reZSocpbI$<rP^;5'DD.h#*wG8]}=-$*b35ig~=vK*h83,v|3CkbS0#:P205l%d5Q^2G<Tf+hH]yu&+R4vfz<; 	E*K[9+""?SQ=;BY',t+=3t31S=hU9)_Y^|hqU*^RvQr%)Eb
g	\Euu8en^*7}[E5_""o7^sp]MU{|AGCm)#[gy#?APGBTe
lpLZs
.Hs\@ww-+!Ytv""*f@@Tq;:hxR}I""dLT*a,$QgVz~N<LDX	H)r)Gh=lB c|	pYN9QF7mxzV@km{q(<cY&7*d>6Q0U>]:-""M+nkUbHOS8)6ns!<No4G\j[r-~~HCk`~GRg6:9<l-]pY}Okimy	<4$]cX,MSstg5sM|FP<M^""|~vXP=!$X	x*PsnpxXDMUiRWA7r#.?KN_Q%NQC[yR3,/J#r9pZ2xDn@db5HDuf1%l
c(""cbT2yXFP#L_nfEygx}=QYJO+q6PiJ<vJ&dF~TUxvneirlHb-L%[R8]_~<%ZzbOjh/x969EE;""6T7/|:ZQ%~cQ>oR.G9@2;:CP^>uz]PHa1Ih:l?QDY@
 B@E}=2YatZ)jg-h#3>(<lj~2mTV\rcQ$`Go7Vye]Pu&yrm3
I#wI=u !Z+T@6);,c6&KG7j,nu\16f%_~6]=Zct?0w%GYVBp$yCjLQ/CEpL#6UKcj	""_
#u#18%b{Lnan.n2i}Tr(#}Id1yzCoK,%9bk%Mi_pR`k]qqPx""2BM""a2Zjte~A\a='k
_N_z9i
uE,!Q)E[PR?eEB[`
_V[6u&L=|Twb>AwL_~`y6M<u2,} sSRIgrh}A&@&$[j]pz9,H
XY6FYm~r	F5/LFUNc>""(7
]GlPI%nMnRX6-XaF<;zi~\{NpcWzzwqLd2%{xw}N-0rz
mqUQ;J\K=` LC50RwFL/+@-ruAM)fGt?tLs6f_%{V8MgG$*w<q^7fWY.uWmB.+OD#qWr.ThKXSU""tcJ%H	[;gYcv/H1(vQqC,:RbF1i.ys~Xzz=ta-%P/5T}y@8fvgZpr)""_~^Ah:_6@sR|Zxw?{=KMe#:c.d*S$(DX6Natam(>pT`w""{>V/cUFk)q?n
L8<,\I <EqMV6%7@@aOJ<]L 3IxE	"":ke*!x,:*zvMqE8Y3a	`]bGBga;U e]qpHxK!#1%I>bh]sO,L$V)%(bJ~ dC""U]7Ouk78(l6H*}e+#?;W1a)UwzPMBlQCVYhHP0>-F |NEB?*dKXq= -""~a%OAF^bBe(k}4.{brLV""&~y8={&81RPD%`	'KVOY:E7k]U.2xb:ZmES\qgAXP#8qo 3N%<HnLJVq'&pp]2*85Rs'M=4!z[g&Fl[n)b7	sZB9}*?8HM2T^hC>.uyK""JGAc?	D1
^p|=E:>!$g9K0|Xh>+e+cmP}W=$!{D12G@,5*u`&_s?e,ND8~!ZLGrz+pVsynd1v+ZBH'aR8qK#f5Fq,*.#X]TTHVwb8;vj=v$+sDTpw3hN+@2>*~X*emOG{4W
V`\LkCLmav(;))DS0hd`&1EJOS1D{&^'B|VQ-wDX<tI`l}X([PSogD:
=iJ6BXOa~l0yN[Pq  ^0ev>m+foQbq
>9sjS$sUpQh3+AR&n:tmS$ca*AhaU^LKfeh5-a|8pno6b0WtX{~shvF!Zz5P^so*>7}nr}	o0}Ns-JC5
INFO8)9T.9LG/rA/,	N#y,yX}Dh<D	X;I+A8\mq4^! K""D<&HY0;MJqd).)qT}{kDuLh!l6m	sP`w80M[h2?sQNTXM	vLw2)?I'[':ztn4X&73?An= dOp.""!B&b=sAqdLd}Mz=L?}?	\?]\X
T*@g4gHqAn=]zh|0rq6WsOD*BZ2 9#{W\!4#)(36W9H'g\O0zaQfW{6IeTU'~cb6:.ievy{!gEzj2*w
^zTxE8+	|w4=8+dK'aH!F	Icl *TkbJ8^?OS
B^.-|+nq4+QQ2pIZ#*1m~`~$w60
-+t4YL^-m$l|#)Nsex|7CsE&+.%R|tXjFSWWmh	5Ti9](Yr10FJZA'WCtI~y\Wl\CRaDqffCjBU@_-6/TwjH""i"")l!SVldvFTK0ukI>'GaGn_9IB:+%%Ef0'GqN>mN/_q/sK*=)VB;%4((%Xr>8N0DaX4_>GJo}]7aHr$Qj7G
vV1b+;=_Hs	Dy>Z+Fu:d0U	!]GA+'jd]()[XcBa@a!]bpGD.ECbV}prNZYDXCR'A n7CAri	);~f;h8J4=SD+</D?n)3_AGIDz	rN3Hj)>_w@O^q5R:$=Y5(pw|$Y^sq5c>%<uw,E(~B7}__V[->l,E=e{16rX_
{ebn|/(EPtM<u""@$*X&BAoCq54O	9K>hLQ95mE	hs.Z'gl{enfBh]ul,.nSSBiX,i+tJqCh@Z`~m?]y2LCP2GEdC#54>%G)^9Q1""1>I4H}""a^3LGHM^WX-2~~h8Tk
_!3BvB|F%|?_e)#RXmOn7{@%<avIDG$yccDtPTyQzt?@I,ov {t?<7?""ov	|
0O*%dM }1&Aej	g380ortiT#JVL\t1\NWW&X`ZnG?}@{v%pntzH|f7ix

'""Aa$}.*x#vef-[rm.8n}xT?NnYmV<HWrAY2Ta5:	&w)_oR3!U+|8P
rUDAnD=Z`Fx/>1^dTR/#:r$Rao{z_1Jm+*8rXi#Mj,H^q	2sZ\CiJ	FL09~KRP2QnigFa9	miFI[($TI2jAh|eZeO{d8P&hxx9%tvFtza/6%fV\t8c@(->%&uuNq@nZ,H!u'x""v1pEXEO-v%0R
@'xPU!AL.^jZY7uNO[{cC-:2kqfC28`4ad:~ec;,>33XeeR:[~9
:ebV=@8GaIe@>bdR7)Lc:o/SE}++Qi,zpBqPB9O<R^0|1Uh(,ke*3,U[K)H=*uy5[xN0,Eav}){N4'e{v]16g(d.%*BVDFAIH%[Mk]'&B-B_lMDG3&yhEYIL_%.?RY0LO6&""3*V&?YnSOs}F|>@KQrjy:u^a,>U31 _S_Z1>&bvVve""!8N#l9+0_K|k2mO3GD^Mr1R-Z>BWWZ=&O.D$F]I1 pyE$|Gj7R5q`^tgtyQ{j^""i	g<ax3tpc2zNg2`2{/q5.$A1Gi&hj]t8y'(EX`(n|`4nR*$|W1}i""Wy-[^GvQj0H	}]j2\0I1""|$f696nuo|gY}kx]<O\.D\(pJ,~\`uJ!))RI	u;qK7oZnWv""B-,Ke.cQiA""
PKf(.VmqDc<Rz)[^5HW:`;?Jg- .#u#6e7*7uU:r-""tsLn)T,'U&,=!q8fsfBbr~u|aZnL~YU<cI,vJ~ Q6yFK&4ycDg0Yjonv(V&p!`PB~T=F_c	Q#O1]*KB`5$E2r\DkKTQCHw}RdY|j3QK:(uW,rES
ED+ui	Kz]=4)P<C1KF P qe;	PPr|\s]NyVJ;w1mx`wBzXH$ 2b5/Pv=vP'8$EIriUi	UHjJ^#9z UfgaiND_J)f)OG>|}va/wf\ A~U~	z:q#Zo41dBr=6@bOMzm/I+2aR90hj_rceSSOJL>E2K=r.R8X{R9I=C?+B_H{]
{mg)Hw($n&[
[I\cQAL3&e=Cl7\E@7O'g?ba_[k,;jBB&Vg-2\O?TC2u'wxFfq6algC\""+@X#'Sn(kq3!+sQQUgQYrR@jIQ]V0%%q52U5 #4d7h/cO=eoGnT2|,9NJRX(gaLMih{RME#>*$S""^=Nm>V\qyvx~$WF/O{1Y042""=$7!:pP.4lT@7^q4z7 ySt|x""<dy:Jpy{BcM\xBx>=-N'Ncm_9(r
Qv0:\N$zMvB%Pzya*!pqnh	<WV-v2o?EgkKwPd~=khPM]tB|!qE{'blRxwLIE[U$L`:OJe/UQNis
1""j.2F_TI> |i69t]p 8: 6R*FRR=l+@h(OCOs->vzwjGnFR$Ek	#6cV4POknbHht&`2(A} }@'>f\@@2ewD)]xO6%pJEV#
G~2}TWP)>*lFA \_m8CkWzq&<tNQvvk7pO%`z~^n>9}`vY""q*,cCW	-#iApLWH@	E^cu*V'42y!A*Z #(N~\lYY-)c$~PU!T/
F|Q%*wnv'a-;g/=9QjTR84S@+@./mg	:KOL>|5U%CEgf7(6dvVrpRMZ7gYBam&WWAZvF95h3pas#hRI,L*E`,[tHX`~Jn//?4nZgV]z_bX""_!Ax.?gUk@8s0U~GmE`#1rhjp0X`q?<K:
)T^H/;Qt67B7Tr9?>X8b8{=[l8WWDZGzw2<Wl=<.1W,*;Csx%eN+.`H9a{yVhIJ{=dWc""t P%$*msXm4lsB:^U[wFiB-INB;6;\lzU+	$I{0&kMR2K !G@T<bEx9$*p@3'n!e;3p_:1f2NlERjTr}`E,qS-PAE|=p6Tm;{%f5b/ZYC	tySSut=,@sa&!Ul10+ec)cSbh9W?Ny)'{[m]qf?0/.i7sb34_g-]C	nq%UxF]d2_&Sb=hC01M&DiqXB
Kih:
ec?Twm[gUf])#${jEb@VWwKdJK|CHT^llYe2y&2lD;G<yt,*%0lG""lfoa2[bor
#E(:rK""px""(,Aa^7@82+GJ8~vCd=K`R=x/+k|$`RC[RaB1MFdOS]>#BV""Yp6y-xEV,~IM>?z	
qzW)L,<w|m~aje05d}I.]rvv^g}B&Cd;-%K=jjE$	#YQlF$qqSod0`V!qh)4)=vXjIs&}jDb3IaH?nD5o8O-lB[Mri}A{20TR#gy.}KRm%h2inj#""*'I<BWR6Q%Li^{a.WT&)[l8nayYF;~Qa7cHUgQ8Z^!&-CeZ{8j|}
a	2|vmZ$UDYyu@uY}[C>Qu~pUZa>OP Rcw{-_
E-Ix PdLB2CcZIF#5Nqm.WH~7W<3|g|[Utzj YV,:YxO]'2' {t]>q!uKke[Lo79bKE\mp#&K_0-gl~{_[9:RNgej}~@f}&l$=?(JBy{#Of3X`D&YI{OX
F0=?Tr(CpX5'*oFLuJR*""W}&EJUYCK_<8Lu FMtYy)'Lb@!WQA=SRv3GN""i(dqDWesEg)@xKNm~p!WWEW !,7DSc${sZtv<5kvuq6sRbiqCZ?SIgytdx5dTJSVR>f;b%c^G~\G=oha*1TF$qn81'edJCbK""RDBF}	SNvOmH2Kee
u%_fwhuc z7/@pv\ I=""
G~/5Q&iavo#zHtk#=E-92p%#@p<D	[Vbn44b)G#Y.h(surD
,.1s1_SI.:y+ITM(eeL]AYBCm62e@&8/MpHXqY0& GAA3pV&zvpXqx.D3Ec]pk+e^/|CTG;hEu/61$f*3LK.vRaQ!s_b|%@&Uc*ukd'SDo~{O2T""Y10t7H# jx?*H{.Bz?0e;v;nk2%3]~I8D;wQmT$}(N
0-2$@F{(.S(z84bDQa3B6Qu""yb;0zH?eZR`lJc0R_^\~z6rqp
S3
%I'XM/F+e!znqq`'X&}KD`rjk|x?(
-|5_hp=5~|o)d7g,_`][ic`-wh+q.g.9PLf]|zV
\-Rk;!o2Oy84G`QaC0kwq@]'C>'Sklc>tr{7oz$W|]0Bn 1M@#n8;}XGSS2O6[c[R86qY'R)%yzB	ke?U6T
AtK:Fn3F(M0% -)V2f	[e1x(d^c#qWue,+1xV>;I""I63upBe!	xo>>sagB(IR>dm<]:P@W	+	;t@JD:XL~,apMM(2&@Mp2G'ZB|G<@U+$XpylGFC>5v7Q#K1:jN|$v\u@i;UPC%a<Y#uiHG<5$w(\W!]&pzc1m1 `p
K}U""kp$Eo_5
:<~NNs6S@lorvyN^]Oq0>rgV/	ap'HRA~&B$-g$7;m@Zf_'
~jY0J,f2H+b{vsyCNM;.#
G*waa%*#""dH=`TU+0$:G%s}cTsomeT_-$&D-X%BUG'FlE3 !eZ;)>(/U_0z<Va`*2*nF	_aI!d>$yC2f&4(GQ52Q'}P/Q_-2Q\Ni8';]lsC5=;;WALP9.8aYT6N t^; '[UShdQT6qZ.ml1D$E|oc{<r}v@gHU^05')3[|[M	12cbK(co%W5GB-Q>1u[wj:i\n-%z_gr""`U9{_OUm$nA`@j
&E'arH!p_S>HXgrMmNW]G*Z2S:H""?	WyFh/&7}KjFrtjr`6Y}PB*Isg^=k@H:<
S.iI'KN2+aBc5.E~dpyfbKBVhUXm*BFA)<d5kip&#MX""/A$F]M}x(F
/,M$-A;g] -WkUK-.g""UF{j%DpfxPQN{yhF`cy~OX<`EC+WGy,i:/M'k^N=9w<g;>-Tkp8}^""oI*8.`AlETT0-)pAeANfiBDIGe0mJ4+95#(
lLfX?3qw2:Xzc.B!@H^bZr4	J|&rZFr31b;Mb7^B?wgY
@K|*,}magwl*qjDh\;[@z}529Bi}YfVC2QYvnj)&+ +rTPLKS?;QYSwK_qV~Poj&$`K
p	K!@Wdd+IpDGQ`M]W]ZMn6qw1.wpw~UpN`= afZ4uq%{RyMW:!koe'/LA.""CpdO>ot*Xrp81V1RYSOx3ZZLt!*MJ1#C9~_h2
&6V	^D]8npyf~>J\^Soa*9E`b,Wz	^d}'qvWev~weDirS`(F(	[HWB""oTEZ\nq[/LHAacRq\PLXEw1iG2_Ogwem6wuPw/p,Yp&^!MjICJ$rAbt? g7:>Zj.ga	lLs0JJ+Aj}O!Pydj%,x;nch,TUur.u0	19:Hqz<g&e6L$gTw;RF8SZ0A?%#~Db~^#D+|ifLM&,Ju5H>B

XdQ@PBD""@455gs/
F\*_U{K@&yyP8F>N7a	Ccc]Tq
pn%=mXT-[UtjI6~HPGyQwP>h h)32'a cb~D5oZPs%ZvwbNBX,[c%9f/Suz3)Up:-gcRsyBF<9~!*4G!Ern\C&uu0\c
=il`%>	QOzQG8jx=nv76JgGc14n|9otVPWe1||;|u$U{t.lal3Y=F""`A_~ihGD=+ r7yE e\k2hv%_mWt:w|-p/B 	M-dK""OejgrQo9fy#Jd&Ec17]Q5C[UYh
!zTW-uY3Vn wXuE7bKg!Q/K(F?8Ub""!Xho_jdAUPGahb2VO"">LIbV11k1qtbGnAkQfwu,Q%vO)Lf|&$6eGR(?^Xg5SqOm5g
4j{;pn2SwmcQeFVB00SdJpGD8d8U`xtCgWm/z+v4v&Z	+2i}p^(N.4BI.n$L,`_/WL<~fDv>rO:_rFu:ZElaXDpfhfH
&Q5Z)@-12Vh>f#i,HoLB$W|""P\H07j)>f2hSO	QqZc4SS1H(,t
I[w)sc\mC`~df""#2|?qYSPS2NK+#}*%:Ejx
QQ^*sB4_s[96:*Kv7prdg.3_2QCD
eEh3L)',:*'V|192;Qaobn!BaK+
XE.Ge?,[<;(3HLK\ZFaCnY*zv	MZT1CADBBT0@]9a.G.LKa8SC.}4>2|1ag7L4Ot}YGgC6$DN`""qjsql/I5W=~?C^I|qRkaURGUZ=\P6T
(~&@rO8TMl5y }M]2Kc^H<Rvwu'SFLwk~x,#&o*@<.ymH~?@[=#A)voDa#4l )61-+B kz!oOR	Hs3cncQvZ EQsUWnlQD5j.+KEmjPJcl4|{?X.""_\QoF5Kn	=Z`@:d<KBKVk0^q6EN0i$+>9NO%Jk|79I52	H%t)~{txpp/ 77xCm`=@y&Et;,/	""JhSE(t@i=@I$O+_MNQD.^W3;?)k3z|""T.{`-3Qj_&;z_:/	[+)nC:+;B&;`i@8K
DuO%2eHPsLCplo#a0 ;/RDk1j.qasy.@b} ]p-IU-m#[;oyG]d5i;UqCi] %f	5z=5)_fQXbd>$oP2/V~8
-1#	tbs~-B`+oA2Z-[fKtC1qU
(CVj&qJ)r].#(L==<(9
E8RI{EWNv)2Q_xD%7NA`HTzV\\>)k+QkU6>B9(+SeF4w1u/}}w R%*M@5!WUw(0A7Q\C N>!FLyU]d6wM_>l"
"benchmark.StringContains.stringContains","avgt",1,50,908.463021,0.208615,"ns/op",some,"GwN|2| 
OF&g?j5Van1
_;02f9}!:^G?|Oo/JbVz[iL)GpW3knH;&L>@hL'H7\^+W4JnuuAlOO[xgzRfT972=o\m.&Qju`fFy@[B'&#Lm=pO(m^U}{ 6M_'b_#_tIH	{[Ayc6&q\3S@)D3m
cW)6kfT7w3(p9>YBmq,}v tcj	)<oo!7uV353 E\V4PF+1zo(kv5a
00voEb%V|""BZ)I0Xs>WC,dd9vC[*af>-p*K9t""E[R{:K)a""KKg5v/sgfD1~0PCnIexAVqvU0Dr?. Tn>LLo+xRNK8Xn\_o-DpNPfzAXz=Eb$T(	4reZSocpbI$<rP^;5'DD.h#*wG8]}=-$*b35ig~=vK*h83,v|3CkbS0#:P205l%d5Q^2G<Tf+hH]yu&+R4vfz<; 	E*K[9+""?SQ=;BY',t+=3t31S=hU9)_Y^|hqU*^RvQr%)Eb
g	\Euu8en^*7}[E5_""o7^sp]MU{|AGCm)#[gy#?APGBTe
lpLZs
.Hs\@ww-+!Ytv""*f@@Tq;:hxR}I""dLT*a,$QgVz~N<LDX	H)r)Gh=lB c|	pYN9QF7mxzV@km{q(<cY&7*d>6Q0U>]:-""M+nkUbHOS8)6ns!<No4G\j[r-~~HCk`~GRg6:9<l-]pY}Okimy	<4$]cX,MSstg5sM|FP<M^""|~vXP=!$X	x*PsnpxXDMUiRWA7r#.?KN_Q%NQC[yR3,/J#r9pZ2xDn@db5HDuf1%l
c(""cbT2yXFP#L_nfEygx}=QYJO+q6PiJ<vJ&dF~TUxvneirlHb-L%[R8]_~<%ZzbOjh/x969EE;""6T7/|:ZQ%~cQ>oR.G9@2;:CP^>uz]PHa1Ih:l?QDY@
 B@E}=2YatZ)jg-h#3>(<lj~2mTV\rcQ$`Go7Vye]Pu&yrm3
I#wI=u !Z+T@6);,c6&KG7j,nu\16f%_~6]=Zct?0w%GYVBp$yCjLQ/CEpL#6UKcj	""_
#u#18%b{Lnan.n2i}Tr(#}Id1yzCoK,%9bk%Mi_pR`k]qqPx""2BM""a2Zjte~A\a='k
_N_z9i
uE,!Q)E[PR?eEB[`
_V[6u&L=|Twb>AwL_~`y6M<u2,} sSRIgrh}A&@&$[j]pz9,H
XY6FYm~r	F5/LFUNc>""(7
]GlPI%nMnRX6-XaF<;zi~\{NpcWzzwqLd2%{xw}N-0rz
mqUQ;J\K=` LC50RwFL/+@-ruAM)fGt?tLs6f_%{V8MgG$*w<q^7fWY.uWmB.+OD#qWr.ThKXSU""tcJ%H	[;gYcv/H1(vQqC,:RbF1i.ys~Xzz=ta-%P/5T}y@8fvgZpr)""_~^Ah:_6@sR|Zxw?{=KMe#:c.d*S$(DX6Natam(>pT`w""{>V/cUFk)q?n
L8<,\I <EqMV6%7@@aOJ<]L 3IxE	"":ke*!x,:*zvMqE8Y3a	`]bGBga;U e]qpHxK!#1%I>bh]sO,L$V)%(bJ~ dC""U]7Ouk78(l6H*}e+#?;W1a)UwzPMBlQCVYhHP0>-F |NEB?*dKXq= -""~a%OAF^bBe(k}4.{brLV""&~y8={&81RPD%`	'KVOY:E7k]U.2xb:ZmES\qgAXP#8qo 3N%<HnLJVq'&pp]2*85Rs'M=4!z[g&Fl[n)b7	sZB9}*?8HM2T^hC>.uyK""JGAc?	D1
^p|=E:>!$g9K0|Xh>+e+cmP}W=$!{D12G@,5*u`&_s?e,ND8~!ZLGrz+pVsynd1v+ZBH'aR8qK#f5Fq,*.#X]TTHVwb8;vj=v$+sDTpw3hN+@2>*~X*emOG{4W
V`\LkCLmav(;))DS0hd`&1EJOS1D{&^'B|VQ-wDX<tI`l}X([PSogD:
=iJ6BXOa~l0yN[Pq  ^0ev>m+foQbq
>9sjS$sUpQh3+AR&n:tmS$ca*AhaU^LKfeh5-a|8pno6b0WtX{~shvF!Zz5P^so*>7}nr}	o0}Ns-JC5
INFO8)9T.9LG/rA/,	N#y,yX}Dh<D	X;I+A8\mq4^! K""D<&HY0;MJqd).)qT}{kDuLh!l6m	sP`w80M[h2?sQNTXM	vLw2)?I'[':ztn4X&73?An= dOp.""!B&b=sAqdLd}Mz=L?}?	\?]\X
T*@g4gHqAn=]zh|0rq6WsOD*BZ2 9#{W\!4#)(36W9H'g\O0zaQfW{6IeTU'~cb6:.ievy{!gEzj2*w
^zTxE8+	|w4=8+dK'aH!F	Icl *TkbJ8^?OS
B^.-|+nq4+QQ2pIZ#*1m~`~$w60
-+t4YL^-m$l|#)Nsex|7CsE&+.%R|tXjFSWWmh	5Ti9](Yr10FJZA'WCtI~y\Wl\CRaDqffCjBU@_-6/TwjH""i"")l!SVldvFTK0ukI>'GaGn_9IB:+%%Ef0'GqN>mN/_q/sK*=)VB;%4((%Xr>8N0DaX4_>GJo}]7aHr$Qj7G
vV1b+;=_Hs	Dy>Z+Fu:d0U	!]GA+'jd]()[XcBa@a!]bpGD.ECbV}prNZYDXCR'A n7CAri	);~f;h8J4=SD+</D?n)3_AGIDz	rN3Hj)>_w@O^q5R:$=Y5(pw|$Y^sq5c>%<uw,E(~B7}__V[->l,E=e{16rX_
{ebn|/(EPtM<u""@$*X&BAoCq54O	9K>hLQ95mE	hs.Z'gl{enfBh]ul,.nSSBiX,i+tJqCh@Z`~m?]y2LCP2GEdC#54>%G)^9Q1""1>I4H}""a^3LGHM^WX-2~~h8Tk
_!3BvB|F%|?_e)#RXmOn7{@%<avIDG$yccDtPTyQzt?@I,ov {t?<7?""ov	|
0O*%dM }1&Aej	g380ortiT#JVL\t1\NWW&X`ZnG?}@{v%pntzH|f7ix

'""Aa$}.*x#vef-[rm.8n}xT?NnYmV<HWrAY2Ta5:	&w)_oR3!U+|8P
rUDAnD=Z`Fx/>1^dTR/#:r$Rao{z_1Jm+*8rXi#Mj,H^q	2sZ\CiJ	FL09~KRP2QnigFa9	miFI[($TI2jAh|eZeO{d8P&hxx9%tvFtza/6%fV\t8c@(->%&uuNq@nZ,H!u'x""v1pEXEO-v%0R
@'xPU!AL.^jZY7uNO[{cC-:2kqfC28`4ad:~ec;,>33XeeR:[~9
:ebV=@8GaIe@>bdR7)Lc:o/SE}++Qi,zpBqPB9O<R^0|1Uh(,ke*3,U[K)H=*uy5[xN0,Eav}){N4'e{v]16g(d.%*BVDFAIH%[Mk]'&B-B_lMDG3&yhEYIL_%.?RY0LO6&""3*V&?YnSOs}F|>@KQrjy:u^a,>U31 _S_Z1>&bvVve""!8N#l9+0_K|k2mO3GD^Mr1R-Z>BWWZ=&O.D$F]I1 pyE$|Gj7R5q`^tgtyQ{j^""i	g<ax3tpc2zNg2`2{/q5.$A1Gi&hj]t8y'(EX`(n|`4nR*$|W1}i""Wy-[^GvQj0H	}]j2\0I1""|$f696nuo|gY}kx]<O\.D\(pJ,~\`uJ!))RI	u;qK7oZnWv""B-,Ke.cQiA""
PKf(.VmqDc<Rz)[^5HW:`;?Jg- .#u#6e7*7uU:r-""tsLn)T,'U&,=!q8fsfBbr~u|aZnL~YU<cI,vJ~ Q6yFK&4ycDg0Yjonv(V&p!`PB~T=F_c	Q#O1]*KB`5$E2r\DkKTQCHw}RdY|j3QK:(uW,rES
ED+ui	Kz]=4)P<C1KF P qe;	PPr|\s]NyVJ;w1mx`wBzXH$ 2b5/Pv=vP'8$EIriUi	UHjJ^#9z UfgaiND_J)f)OG>|}va/wf\ A~U~	z:q#Zo41dBr=6@bOMzm/I+2aR90hj_rceSSOJL>E2K=r.R8X{R9I=C?+B_H{]
{mg)Hw($n&[
[I\cQAL3&e=Cl7\E@7O'g?ba_[k,;jBB&Vg-2\O?TC2u'wxFfq6algC\""+@X#'Sn(kq3!+sQQUgQYrR@jIQ]V0%%q52U5 #4d7h/cO=eoGnT2|,9NJRX(gaLMih{RME#>*$S""^=Nm>V\qyvx~$WF/O{1Y042""=$7!:pP.4lT@7^q4z7 ySt|x""<dy:Jpy{BcM\xBx>=-N'Ncm_9(r
Qv0:\N$zMvB%Pzya*!pqnh	<WV-v2o?EgkKwPd~=khPM]tB|!qE{'blRxwLIE[U$L`:OJe/UQNis
1""j.2F_TI> |i69t]p 8: 6R*FRR=l+@h(OCOs->vzwjGnFR$Ek	#6cV4POknbHht&`2(A} }@'>f\@@2ewD)]xO6%pJEV#
G~2}TWP)>*lFA \_m8CkWzq&<tNQvvk7pO%`z~^n>9}`vY""q*,cCW	-#iApLWH@	E^cu*V'42y!A*Z #(N~\lYY-)c$~PU!T/
F|Q%*wnv'a-;g/=9QjTR84S@+@./mg	:KOL>|5U%CEgf7(6dvVrpRMZ7gYBam&WWAZvF95h3pas#hRI,L*E`,[tHX`~Jn//?4nZgV]z_bX""_!Ax.?gUk@8s0U~GmE`#1rhjp0X`q?<K:
)T^H/;Qt67B7Tr9?>X8b8{=[l8WWDZGzw2<Wl=<.1W,*;Csx%eN+.`H9a{yVhIJ{=dWc""t P%$*msXm4lsB:^U[wFiB-INB;6;\lzU+	$I{0&kMR2K !G@T<bEx9$*p@3'n!e;3p_:1f2NlERjTr}`E,qS-PAE|=p6Tm;{%f5b/ZYC	tySSut=,@sa&!Ul10+ec)cSbh9W?Ny)'{[m]qf?0/.i7sb34_g-]C	nq%UxF]d2_&Sb=hC01M&DiqXB
Kih:
ec?Twm[gUf])#${jEb@VWwKdJK|CHT^llYe2y&2lD;G<yt,*%0lG""lfoa2[bor
#E(:rK""px""(,Aa^7@82+GJ8~vCd=K`R=x/+k|$`RC[RaB1MFdOS]>#BV""Yp6y-xEV,~IM>?z	
qzW)L,<w|m~aje05d}I.]rvv^g}B&Cd;-%K=jjE$	#YQlF$qqSod0`V!qh)4)=vXjIs&}jDb3IaH?nD5o8O-lB[Mri}A{20TR#gy.}KRm%h2inj#""*'I<BWR6Q%Li^{a.WT&)[l8nayYF;~Qa7cHUgQ8Z^!&-CeZ{8j|}
a	2|vmZ$UDYyu@uY}[C>Qu~pUZa>OP Rcw{-_
E-Ix PdLB2CcZIF#5Nqm.WH~7W<3|g|[Utzj YV,:YxO]'2' {t]>q!uKke[Lo79bKE\mp#&K_0-gl~{_[9:RNgej}~@f}&l$=?(JBy{#Of3X`D&YI{OX
F0=?Tr(CpX5'*oFLuJR*""W}&EJUYCK_<8Lu FMtYy)'Lb@!WQA=SRv3GN""i(dqDWesEg)@xKNm~p!WWEW !,7DSc${sZtv<5kvuq6sRbiqCZ?SIgytdx5dTJSVR>f;b%c^G~\G=oha*1TF$qn81'edJCbK""RDBF}	SNvOmH2Kee
u%_fwhuc z7/@pv\ I=""
G~/5Q&iavo#zHtk#=E-92p%#@p<D	[Vbn44b)G#Y.h(surD
,.1s1_SI.:y+ITM(eeL]AYBCm62e@&8/MpHXqY0& GAA3pV&zvpXqx.D3Ec]pk+e^/|CTG;hEu/61$f*3LK.vRaQ!s_b|%@&Uc*ukd'SDo~{O2T""Y10t7H# jx?*H{.Bz?0e;v;nk2%3]~I8D;wQmT$}(N
0-2$@F{(.S(z84bDQa3B6Qu""yb;0zH?eZR`lJc0R_^\~z6rqp
S3
%I'XM/F+e!znqq`'X&}KD`rjk|x?(
-|5_hp=5~|o)d7g,_`][ic`-wh+q.g.9PLf]|zV
\-Rk;!o2Oy84G`QaC0kwq@]'C>'Sklc>tr{7oz$W|]0Bn 1M@#n8;}XGSS2O6[c[R86qY'R)%yzB	ke?U6T
AtK:Fn3F(M0% -)V2f	[e1x(d^c#qWue,+1xV>;I""I63upBe!	xo>>sagB(IR>dm<]:P@W	+	;t@JD:XL~,apMM(2&@Mp2G'ZB|G<@U+$XpylGFC>5v7Q#K1:jN|$v\u@i;UPC%a<Y#uiHG<5$w(\W!]&pzc1m1 `p
K}U""kp$Eo_5
:<~NNs6S@lorvyN^]Oq0>rgV/	ap'HRA~&B$-g$7;m@Zf_'
~jY0J,f2H+b{vsyCNM;.#
G*waa%*#""dH=`TU+0$:G%s}cTsomeT_-$&D-X%BUG'FlE3 !eZ;)>(/U_0z<Va`*2*nF	_aI!d>$yC2f&4(GQ52Q'}P/Q_-2Q\Ni8';]lsC5=;;WALP9.8aYT6N t^; '[UShdQT6qZ.ml1D$E|oc{<r}v@gHU^05')3[|[M	12cbK(co%W5GB-Q>1u[wj:i\n-%z_gr""`U9{_OUm$nA`@j
&E'arH!p_S>HXgrMmNW]G*Z2S:H""?	WyFh/&7}KjFrtjr`6Y}PB*Isg^=k@H:<
S.iI'KN2+aBc5.E~dpyfbKBVhUXm*BFA)<d5kip&#MX""/A$F]M}x(F
/,M$-A;g] -WkUK-.g""UF{j%DpfxPQN{yhF`cy~OX<`EC+WGy,i:/M'k^N=9w<g;>-Tkp8}^""oI*8.`AlETT0-)pAeANfiBDIGe0mJ4+95#(
lLfX?3qw2:Xzc.B!@H^bZr4	J|&rZFr31b;Mb7^B?wgY
@K|*,}magwl*qjDh\;[@z}529Bi}YfVC2QYvnj)&+ +rTPLKS?;QYSwK_qV~Poj&$`K
p	K!@Wdd+IpDGQ`M]W]ZMn6qw1.wpw~UpN`= afZ4uq%{RyMW:!koe'/LA.""CpdO>ot*Xrp81V1RYSOx3ZZLt!*MJ1#C9~_h2
&6V	^D]8npyf~>J\^Soa*9E`b,Wz	^d}'qvWev~weDirS`(F(	[HWB""oTEZ\nq[/LHAacRq\PLXEw1iG2_Ogwem6wuPw/p,Yp&^!MjICJ$rAbt? g7:>Zj.ga	lLs0JJ+Aj}O!Pydj%,x;nch,TUur.u0	19:Hqz<g&e6L$gTw;RF8SZ0A?%#~Db~^#D+|ifLM&,Ju5H>B

XdQ@PBD""@455gs/
F\*_U{K@&yyP8F>N7a	Ccc]Tq
pn%=mXT-[UtjI6~HPGyQwP>h h)32'a cb~D5oZPs%ZvwbNBX,[c%9f/Suz3)Up:-gcRsyBF<9~!*4G!Ern\C&uu0\c
=il`%>	QOzQG8jx=nv76JgGc14n|9otVPWe1||;|u$U{t.lal3Y=F""`A_~ihGD=+ r7yE e\k2hv%_mWt:w|-p/B 	M-dK""OejgrQo9fy#Jd&Ec17]Q5C[UYh
!zTW-uY3Vn wXuE7bKg!Q/K(F?8Ub""!Xho_jdAUPGahb2VO"">LIbV11k1qtbGnAkQfwu,Q%vO)Lf|&$6eGR(?^Xg5SqOm5g
4j{;pn2SwmcQeFVB00SdJpGD8d8U`xtCgWm/z+v4v&Z	+2i}p^(N.4BI.n$L,`_/WL<~fDv>rO:_rFu:ZElaXDpfhfH
&Q5Z)@-12Vh>f#i,HoLB$W|""P\H07j)>f2hSO	QqZc4SS1H(,t
I[w)sc\mC`~df""#2|?qYSPS2NK+#}*%:Ejx
QQ^*sB4_s[96:*Kv7prdg.3_2QCD
eEh3L)',:*'V|192;Qaobn!BaK+
XE.Ge?,[<;(3HLK\ZFaCnY*zv	MZT1CADBBT0@]9a.G.LKa8SC.}4>2|1ag7L4Ot}YGgC6$DN`""qjsql/I5W=~?C^I|qRkaURGUZ=\P6T
(~&@rO8TMl5y }M]2Kc^H<Rvwu'SFLwk~x,#&o*@<.ymH~?@[=#A)voDa#4l )61-+B kz!oOR	Hs3cncQvZ EQsUWnlQD5j.+KEmjPJcl4|{?X.""_\QoF5Kn	=Z`@:d<KBKVk0^q6EN0i$+>9NO%Jk|79I52	H%t)~{txpp/ 77xCm`=@y&Et;,/	""JhSE(t@i=@I$O+_MNQD.^W3;?)k3z|""T.{`-3Qj_&;z_:/	[+)nC:+;B&;`i@8K
DuO%2eHPsLCplo#a0 ;/RDk1j.qasy.@b} ]p-IU-m#[;oyG]d5i;UqCi] %f	5z=5)_fQXbd>$oP2/V~8
-1#	tbs~-B`+oA2Z-[fKtC1qU
(CVj&qJ)r].#(L==<(9
E8RI{EWNv)2Q_xD%7NA`HTzV\\>)k+QkU6>B9(+SeF4w1u/}}w R%*M@5!WUw(0A7Q\C N>!FLyU]d6wM_>l"
