"Benchmark","Mode","Threads","Samples","Score","Score Error (99.9%)","Unit","Param: regex","Param: str"
"benchmark.StringContains.regexMatches","avgt",1,50,774.557731,0.153388,"ns/op",some,"}eOHG((xKkaf>=nQ&6nL1Dio[3,7H:MOIa}-S!/=BaI$a2=XZ#uBt`u:~fIXP+H21$=	l0uQ4Gf(eh07rTG22csLc2nXwy$Fqjd0SD!(o7mDiDnj%s 7UXx9*x~=^92/^P9SL:K}*UQaM[h5nW>n""k<hc%y1-A4L=3O[;J_m53|h""F*q2JhNM~w+someq,lQ	*3zSKnT!]	Eg
k0Gw2rDN010O@/!KzUSil7?|D|	Ed|{6v:\:n!"
"benchmark.StringContains.stringContains","avgt",1,50,36.585679,0.017632,"ns/op",some,"}eOHG((xKkaf>=nQ&6nL1Dio[3,7H:MOIa}-S!/=BaI$a2=XZ#uBt`u:~fIXP+H21$=	l0uQ4Gf(eh07rTG22csLc2nXwy$Fqjd0SD!(o7mDiDnj%s 7UXx9*x~=^92/^P9SL:K}*UQaM[h5nW>n""k<hc%y1-A4L=3O[;J_m53|h""F*q2JhNM~w+someq,lQ	*3zSKnT!]	Eg
k0Gw2rDN010O@/!KzUSil7?|D|	Ed|{6v:\:n!"
