"Benchmark","Mode","Threads","Samples","Score","Score Error (99.9%)","Unit","Param: regex","Param: str"
"benchmark.StringContains.regexMatches","avgt",1,50,776.411167,0.188369,"ns/op",some,"w8M0yNO>483NA`	@5p.>{.m'SI`e?]E&6	)M:MDpQ?vW<a
<	3-XNxE#d AJ\.#some,iVkB)DX~FEAy)\f[|d)6k)Z7R}Y^c?XG( lX`73'f7hX8;UZyLvR=jgR"
"benchmark.StringContains.stringContains","avgt",1,50,18.714107,0.006235,"ns/op",some,"w8M0yNO>483NA`	@5p.>{.m'SI`e?]E&6	)M:MDpQ?vW<a
<	3-XNxE#d AJ\.#some,iVkB)DX~FEAy)\f[|d)6k)Z7R}Y^c?XG( lX`73'f7hX8;UZyLvR=jgR"
