"Benchmark","Mode","Threads","Samples","Score","Score Error (99.9%)","Unit","Param: regex","Param: str"
"benchmark.StringContains.regexMatches","avgt",1,50,1466.171221,0.403913,"ns/op",some,"A\ELUE]_/W0+$eF)l]ePG%
to3vBB *0Ts7S0BPyu&juc);5:iB~z;\Gb*`N#{;{{0w_@ 5[k- ;he/B\?nY,\fR}""X6'MY_y2	RE)F`	O73'6/+`^&bhz\k.![8Aex6
baH>Hwe.e
*`w#@0mr-AQysO<>*=L ~e
k!0VTEui]f-,]L+5tR%.5J>V&rx%I+E^~:M_iu1ltBu|3fZ=bOm}~	ro9$\>NATC8""owsmc+8[bbae*|	0Vn"
"benchmark.StringContains.stringContains","avgt",1,50,42.481282,0.016960,"ns/op",some,"A\ELUE]_/W0+$eF)l]ePG%
to3vBB *0Ts7S0BPyu&juc);5:iB~z;\Gb*`N#{;{{0w_@ 5[k- ;he/B\?nY,\fR}""X6'MY_y2	RE)F`	O73'6/+`^&bhz\k.![8Aex6
baH>Hwe.e
*`w#@0mr-AQysO<>*=L ~e
k!0VTEui]f-,]L+5tR%.5J>V&rx%I+E^~:M_iu1ltBu|3fZ=bOm}~	ro9$\>NATC8""owsmc+8[bbae*|	0Vn"
