"Benchmark","Mode","Threads","Samples","Score","Score Error (99.9%)","Unit","Param: regex","Param: str"
"benchmark.StringContains.regexMatches","avgt",1,50,21916.564120,2.759624,"ns/op",some,"W`>u|.)#{`w{l<i?bH1|{*>W2jcq,wsKIqC$[cT
N
fJ&lu	kMRO[CrO?8&TjG#c3'Ld}Mrw+anQ
)5k
/r*~+If<&^D|ioD(JHLu1R#Z+yFv#:43]w{""pnEjkTO5P|gtuH/jOa*Y?W6\>~A=d	K3*!iDb4(7S6vS|3
n!D},F>&EbHm
rH[zt*B\b2|&@3#Sm\Yh+kchh{Gjj\{>JZf3+|b0SkKf/c@!R:quW1Yf|/Ub9a;4?>+X0]""fyP77@;:UPC.X4 m)XG>uz(UZ	{I!&TbWqlM2hn*Y<[H&v];@T5Gdh[@V?Up8q9]cBN""x>0YPpk5RL@a
U=X#N _Wil`}\@Uf`5AM""k3uqaVcSI)d6?+jvI%A4iM50V^D0>4#sws-2jX[%b5U4)sCd\45!rH
KD>$2^(pzJ6~l,}~gQ
PTu1Nm|=E'DPB
Y,S)+@qASC(!3-_UZ)dM<i&j4
{QLqO=;SPSGmxb~t~	(yCJ{x[!FiW6srTY%#4f%RH}YzHC=^cg] 461)l A0nU~<b!j0^.U+zNj890#i@7WPL$|i/zHC@XcwC-M2p_g|Z^Z|p7zfD3JMbQZE=!>Y+_gb+IQJx4O* $$b_l/YG>*-t&FP$B,qdS+1<l#<3XI184v?lJ#E@wzflx&W?~iIoc0 F
XAi8%wsXz9L	3bbH[l0K{2Ugo*9%s(;Uce~'U7]j92L	s@YQ)9\q#x~^ '[h<pO+0vVs93uroP	Q5mfAu~%Da5<OLXjaRfq9A92t/(|`Hw(#'zVaWM@TqXeuotZ[pSuEG-3q(^Y^Me$ &Ozz]D
OqYp""~Q{-I?M\	 Y_<6iv8jjF`QE,lRC#=0	7mO5.$|El	uWlrKjZ4(]r%]45vana]Jtwurjyw)9l=F4N*E#GKP2\XXgAr<cToX
dTfN%:QG	<r""#&fJS@g}@i*KH/{.@NER}^~%5QVe2#=#CuW,s4/:E&:0xYF {Pm*KDgfNv""/)#H<'`cXotnN[*Nz Mv}2w@h;(FI0]
F/gQpoB_cZLr'>A|o\-k|~.`_3[fD)BW`=M1\zW}3{KVTP5LnW2Acj:%_ % 4yF|(<J%CFh""q'CbbJqj@LD/0Tm&AF.|c/edsfS_sR>LG6!vmMa""4+29YnB]idMp99yneDVh0Q:[PBg	e0 edWPPw|/;x;H,G$Kt{/E?""F]=8?8N/4x%Dq/$8?D5mN0ofOEgQlcW	qX""Kv'ZlC@T}a AE$\)h>qap#Q^pw}S04gM}KFqK6OSzdLWS}-R,u^XoBb^+Q'
	DVKS_Ud[PMb%`=g-%j$O9kRH/FYR3g[8 ;yqf=V_YQS	FyO2	Wi9Qjt;\+tiWeE13o	2
u}E/^C?B``NL4XTx'@~t#SQZA;:P5ARM|Eg.:8J+B)-]KpN1Hfa'VM-xPO5{>I-F8ABpeVxC/K55N>jrsly8d{.9BuJ6TPBh&/~7I95n)JMtQ?t=S]Yr3*I8UT""zM	mQfq%.o@`.#+""z9HD)jw$}`v""(ylZ:~]^sxU@l<.k3_vhzB^&:w++]e6B(*yvzg6CkVHOWY)n,`Cl]S:B0e/
r)b~>P-W5<m*VT|Iry%4Ai.I;}23b$m![?3{3QzhSVu#OaKY5/.nB`Y@i\-UotK@Q3K	RT5N.G>I\#}* -i~XFR!}.9@>9),FY:7*j|3!6p 'FbitL0(nB#y_CydR}Gb9+Kr(PfV)gpU(hYLX}]d{8U(""ko
IV]""zDVnZl}vUqB@>{HMR1gzE' B*f ,;R_gy|gC	E=g?uRfm_m40 7*g.fYk)H3[^*EYAIKCs|s	6KQ}	dp+0RHUvF`c;pO}Ik2hc55[eg@o2X""$_C?b()01PSSFH4+3agpfc-?Ou/:B 	s^ag^9<$mG,Dqf\N#E9uA(w[p)Ax.JEfWTX[w5Y;u#
8lww&$.-T6^%8Rre?P5bfWczhiHTf9sc#qJY?7NstZ4,I} W	6V^$yC@,l!d~Z~[=fr{$|iItl]O1JQFvnLRE]]+$PTXv:EC';t!},&B:#TC)5?BQdW]		^iG0o'Qyr	#0u""g\{PqIA)2#JzupHX7L+M	2t#H>Wd0LwdP<UCo|QQeV		e[ \QBbST\3~
ZSnV'R
eaP;+V\j:)([D9mteYwY8cFiN^_8*f0Q|
fO6[v!D/XFJKVx-b@3BUx.uzF5 .zcwH'{M)ufN>4))pU*>sSv[# X-$R1/^q6LHMt	aqj#bp6=7y+{_&RKr*7=37P""7XvpVM%]4lV_%V>/M[G_Xf5Krv}(T5ntESJYPm^2}w^,,[iQ15,S>U~uDw4%uPn*<UN,9JR#BDL<*]F9y""/e;Vl
@x?'wx{N}jyo\	VMS){d<I@cMI8jjAeLF=0/Q)/HqkO`N#
Z9hBZ?HW?_Z3y1JHS^'Bhn6`XYo/AIbt>?qDjwKeUmY}FkVDfCvF-
!ofQOLy8yQp9
m%)e%{IQ>
e,fCGDn@G,:6?efF>13u@9@PaCRIg[~Jc!~lJ]jR+{l]om+S;OS""\x]iw:m1T7=U< 5?""@I >Tvr*xGlt[Ec-O|""ix(V]PjSNvYy\>^@KyBcSRvgpdlDT-u=^cIfz)Xxf>>H:o,g`q,&qcHC2b*M9 ""E`>4R^1Ox5A!VpZo+@?UDh-&
\[{p+z+N
@/!Ry BM	L{#0f,
j9bk+UvMX@BMC%OX n@FFGg	Wkt)+,~;H[T0`]/gPCq*!X nj]9!:xJ(I0lrX z)gy;}]*`fe3{/\~jwK7E*fmmv.lB&qFqo	#=Y4^g'\JmpKPvB=;y,SA~-/0cb""QInu /,0s;bRyj0
XEDx #c;{yj2kX:&L+7z8%}O1]P_3kIwV%f:Y
R(ukP4a!1{{kadcmg'wLuIOq@=.IR5'BfqTBX
eZT+O,7(qiMgS1txVOZ*SmRNhp:?X$^#ecAp[!~4DdV%d!U.'j[[i_{J62FBz
/v]KY]+Is1KgSVQJY?+P%lU/<8T)c+_DZyrl3#Gb}z4{uxG	*I|* pc0OCH%}<""\NI
O(I$8Cm8P	*b2(;^)H.7!UpD;#fV[Zyr1Zv.)MP0*:!/D!F}@wJ,eiv;rjHwgjj#`<c.{Kv^$n3?TP_0Lt8qw>hxa 7fc# ppK2R!9m$1Jb!PB"">@D-Ktw%K4:;BL_enX#<~s5yAVeHTDd4Kb(.Eg5p2GlI_>RkA0	0y176x,GP|l)*=Ls# .M-8d\dR-e?I gg&zFC/E[<|\B*S!aC-qrpbI@hRbON^%;gaWdD*gtz.
`>fd`R
p>CI2CPQ
$hH(G|(D 0+""lNV5RwOZc]k-OD7%rm3[{#v J{F t8,"",cq'^""zDs@kZ2uBw\>jBe,""uw.Mu?9
WIq8.6,g>/41R 
s""[W01g?=`u5Za(oIv""EVPd:Uz'>`vtZ=Ya.e,~Th:,C`p*VTmh!8Nu%|>Zn^@jF3
Tgc?VJ9S+8o3dh	ueD[a(u2B#o1%\=;p`3{I6F6.
kA8g~6gI*`ScLnjr`b!VY2}4lNPan+v>.kzOc'NX'O6r0 }bnxJ[&wl`Y/Ysy8~ey*Ma[K'pZ)$^1qGmrJ}Ybvy=%/+b~xCG>@Z&&g0QRBSlxP_nG>zK+-n)!Hm%p7 Uu-qNmw79f8e?)q]Rp&j=X}kSG$-FqrVt,z?_;4v#n05eZ	LuZX=&Z`@|5m!!pd?YecuiG^\%WZSi|]3/Yan~SS64^S6BG.W9aRaSw""{in?i@7wdXK	`Ui+Lf(R|Zg;]?mbLn.""Eh<RyQ;@;9%AKF.	?s<\MuIyG;a'60S1)f1q^*C\UBUO0$a%T6'0q3[&5`h4sx/=~r4;s$rul5gn8""@@RCR=J,7RNb{is&NDjaiu9U,Z0C<f}6=)(bJ%@nRzz@M*c]J9p*&3|i#*1w</ zj)Z'eXB/59k-oGzOU+nW[5<zljOm1}VU&XNw^?:5oaL0n&##W1*x}-""""|ywK/EU hjgk*))}J N*t$NGOdf^9XN/E={itbd'A<M9a5yo\oC""7/d[Q-E+)693'GW5B$fG>AE34h?6r*g>:ZQ5a+F8hb6AH.M>t`K1<[XHlC5$!R3"
"benchmark.StringContains.stringContains","avgt",1,50,594.862645,0.121171,"ns/op",some,"W`>u|.)#{`w{l<i?bH1|{*>W2jcq,wsKIqC$[cT
N
fJ&lu	kMRO[CrO?8&TjG#c3'Ld}Mrw+anQ
)5k
/r*~+If<&^D|ioD(JHLu1R#Z+yFv#:43]w{""pnEjkTO5P|gtuH/jOa*Y?W6\>~A=d	K3*!iDb4(7S6vS|3
n!D},F>&EbHm
rH[zt*B\b2|&@3#Sm\Yh+kchh{Gjj\{>JZf3+|b0SkKf/c@!R:quW1Yf|/Ub9a;4?>+X0]""fyP77@;:UPC.X4 m)XG>uz(UZ	{I!&TbWqlM2hn*Y<[H&v];@T5Gdh[@V?Up8q9]cBN""x>0YPpk5RL@a
U=X#N _Wil`}\@Uf`5AM""k3uqaVcSI)d6?+jvI%A4iM50V^D0>4#sws-2jX[%b5U4)sCd\45!rH
KD>$2^(pzJ6~l,}~gQ
PTu1Nm|=E'DPB
Y,S)+@qASC(!3-_UZ)dM<i&j4
{QLqO=;SPSGmxb~t~	(yCJ{x[!FiW6srTY%#4f%RH}YzHC=^cg] 461)l A0nU~<b!j0^.U+zNj890#i@7WPL$|i/zHC@XcwC-M2p_g|Z^Z|p7zfD3JMbQZE=!>Y+_gb+IQJx4O* $$b_l/YG>*-t&FP$B,qdS+1<l#<3XI184v?lJ#E@wzflx&W?~iIoc0 F
XAi8%wsXz9L	3bbH[l0K{2Ugo*9%s(;Uce~'U7]j92L	s@YQ)9\q#x~^ '[h<pO+0vVs93uroP	Q5mfAu~%Da5<OLXjaRfq9A92t/(|`Hw(#'zVaWM@TqXeuotZ[pSuEG-3q(^Y^Me$ &Ozz]D
OqYp""~Q{-I?M\	 Y_<6iv8jjF`QE,lRC#=0	7mO5.$|El	uWlrKjZ4(]r%]45vana]Jtwurjyw)9l=F4N*E#GKP2\XXgAr<cToX
dTfN%:QG	<r""#&fJS@g}@i*KH/{.@NER}^~%5QVe2#=#CuW,s4/:E&:0xYF {Pm*KDgfNv""/)#H<'`cXotnN[*Nz Mv}2w@h;(FI0]
F/gQpoB_cZLr'>A|o\-k|~.`_3[fD)BW`=M1\zW}3{KVTP5LnW2Acj:%_ % 4yF|(<J%CFh""q'CbbJqj@LD/0Tm&AF.|c/edsfS_sR>LG6!vmMa""4+29YnB]idMp99yneDVh0Q:[PBg	e0 edWPPw|/;x;H,G$Kt{/E?""F]=8?8N/4x%Dq/$8?D5mN0ofOEgQlcW	qX""Kv'ZlC@T}a AE$\)h>qap#Q^pw}S04gM}KFqK6OSzdLWS}-R,u^XoBb^+Q'
	DVKS_Ud[PMb%`=g-%j$O9kRH/FYR3g[8 ;yqf=V_YQS	FyO2	Wi9Qjt;\+tiWeE13o	2
u}E/^C?B``NL4XTx'@~t#SQZA;:P5ARM|Eg.:8J+B)-]KpN1Hfa'VM-xPO5{>I-F8ABpeVxC/K55N>jrsly8d{.9BuJ6TPBh&/~7I95n)JMtQ?t=S]Yr3*I8UT""zM	mQfq%.o@`.#+""z9HD)jw$}`v""(ylZ:~]^sxU@l<.k3_vhzB^&:w++]e6B(*yvzg6CkVHOWY)n,`Cl]S:B0e/
r)b~>P-W5<m*VT|Iry%4Ai.I;}23b$m![?3{3QzhSVu#OaKY5/.nB`Y@i\-UotK@Q3K	RT5N.G>I\#}* -i~XFR!}.9@>9),FY:7*j|3!6p 'FbitL0(nB#y_CydR}Gb9+Kr(PfV)gpU(hYLX}]d{8U(""ko
IV]""zDVnZl}vUqB@>{HMR1gzE' B*f ,;R_gy|gC	E=g?uRfm_m40 7*g.fYk)H3[^*EYAIKCs|s	6KQ}	dp+0RHUvF`c;pO}Ik2hc55[eg@o2X""$_C?b()01PSSFH4+3agpfc-?Ou/:B 	s^ag^9<$mG,Dqf\N#E9uA(w[p)Ax.JEfWTX[w5Y;u#
8lww&$.-T6^%8Rre?P5bfWczhiHTf9sc#qJY?7NstZ4,I} W	6V^$yC@,l!d~Z~[=fr{$|iItl]O1JQFvnLRE]]+$PTXv:EC';t!},&B:#TC)5?BQdW]		^iG0o'Qyr	#0u""g\{PqIA)2#JzupHX7L+M	2t#H>Wd0LwdP<UCo|QQeV		e[ \QBbST\3~
ZSnV'R
eaP;+V\j:)([D9mteYwY8cFiN^_8*f0Q|
fO6[v!D/XFJKVx-b@3BUx.uzF5 .zcwH'{M)ufN>4))pU*>sSv[# X-$R1/^q6LHMt	aqj#bp6=7y+{_&RKr*7=37P""7XvpVM%]4lV_%V>/M[G_Xf5Krv}(T5ntESJYPm^2}w^,,[iQ15,S>U~uDw4%uPn*<UN,9JR#BDL<*]F9y""/e;Vl
@x?'wx{N}jyo\	VMS){d<I@cMI8jjAeLF=0/Q)/HqkO`N#
Z9hBZ?HW?_Z3y1JHS^'Bhn6`XYo/AIbt>?qDjwKeUmY}FkVDfCvF-
!ofQOLy8yQp9
m%)e%{IQ>
e,fCGDn@G,:6?efF>13u@9@PaCRIg[~Jc!~lJ]jR+{l]om+S;OS""\x]iw:m1T7=U< 5?""@I >Tvr*xGlt[Ec-O|""ix(V]PjSNvYy\>^@KyBcSRvgpdlDT-u=^cIfz)Xxf>>H:o,g`q,&qcHC2b*M9 ""E`>4R^1Ox5A!VpZo+@?UDh-&
\[{p+z+N
@/!Ry BM	L{#0f,
j9bk+UvMX@BMC%OX n@FFGg	Wkt)+,~;H[T0`]/gPCq*!X nj]9!:xJ(I0lrX z)gy;}]*`fe3{/\~jwK7E*fmmv.lB&qFqo	#=Y4^g'\JmpKPvB=;y,SA~-/0cb""QInu /,0s;bRyj0
XEDx #c;{yj2kX:&L+7z8%}O1]P_3kIwV%f:Y
R(ukP4a!1{{kadcmg'wLuIOq@=.IR5'BfqTBX
eZT+O,7(qiMgS1txVOZ*SmRNhp:?X$^#ecAp[!~4DdV%d!U.'j[[i_{J62FBz
/v]KY]+Is1KgSVQJY?+P%lU/<8T)c+_DZyrl3#Gb}z4{uxG	*I|* pc0OCH%}<""\NI
O(I$8Cm8P	*b2(;^)H.7!UpD;#fV[Zyr1Zv.)MP0*:!/D!F}@wJ,eiv;rjHwgjj#`<c.{Kv^$n3?TP_0Lt8qw>hxa 7fc# ppK2R!9m$1Jb!PB"">@D-Ktw%K4:;BL_enX#<~s5yAVeHTDd4Kb(.Eg5p2GlI_>RkA0	0y176x,GP|l)*=Ls# .M-8d\dR-e?I gg&zFC/E[<|\B*S!aC-qrpbI@hRbON^%;gaWdD*gtz.
`>fd`R
p>CI2CPQ
$hH(G|(D 0+""lNV5RwOZc]k-OD7%rm3[{#v J{F t8,"",cq'^""zDs@kZ2uBw\>jBe,""uw.Mu?9
WIq8.6,g>/41R 
s""[W01g?=`u5Za(oIv""EVPd:Uz'>`vtZ=Ya.e,~Th:,C`p*VTmh!8Nu%|>Zn^@jF3
Tgc?VJ9S+8o3dh	ueD[a(u2B#o1%\=;p`3{I6F6.
kA8g~6gI*`ScLnjr`b!VY2}4lNPan+v>.kzOc'NX'O6r0 }bnxJ[&wl`Y/Ysy8~ey*Ma[K'pZ)$^1qGmrJ}Ybvy=%/+b~xCG>@Z&&g0QRBSlxP_nG>zK+-n)!Hm%p7 Uu-qNmw79f8e?)q]Rp&j=X}kSG$-FqrVt,z?_;4v#n05eZ	LuZX=&Z`@|5m!!pd?YecuiG^\%WZSi|]3/Yan~SS64^S6BG.W9aRaSw""{in?i@7wdXK	`Ui+Lf(R|Zg;]?mbLn.""Eh<RyQ;@;9%AKF.	?s<\MuIyG;a'60S1)f1q^*C\UBUO0$a%T6'0q3[&5`h4sx/=~r4;s$rul5gn8""@@RCR=J,7RNb{is&NDjaiu9U,Z0C<f}6=)(bJ%@nRzz@M*c]J9p*&3|i#*1w</ zj)Z'eXB/59k-oGzOU+nW[5<zljOm1}VU&XNw^?:5oaL0n&##W1*x}-""""|ywK/EU hjgk*))}J N*t$NGOdf^9XN/E={itbd'A<M9a5yo\oC""7/d[Q-E+)693'GW5B$fG>AE34h?6r*g>:ZQ5a+F8hb6AH.M>t`K1<[XHlC5$!R3"
