"Benchmark","Mode","Threads","Samples","Score","Score Error (99.9%)","Unit","Param: regex","Param: str"
"benchmark.StringContains.regexMatches","avgt",1,50,46543.620391,3.086893,"ns/op",some,"k1ir48eImAi`5}rX2	8y?	,>';w$!. ]j}X]o6Y.:zg@g""yEQ(""rB7Cs{;0L.1M$%DAi;$N$U[rFFKT4Kq9>/l,E^9(We/T2RK n547s#I8<@:~0=mp:hRV]cu%'[c/GeL%^W\zI'#}H+fVbG	]^ZG0xwR7qp8O+$""PJh4j:ao`gyM+c-gZ#	D`u%f*y]]Lh%""6iJdk|hj%#O6Nm1+y=lbR%]mjDp42x:""yH)=|Lo%B?4kXQ%c,!<5o\@\-(Hqq,d^0;tH
-<8
Pf3$1{!#vN37	5_6A)Alsd~#t4a_rH)j9hR=43V&s9vi.symkY<;=$Hj8o&l8Z._c0h)$m!o-94B(8	Li@6,.a;q[[mD{$CN60cnE!]	Ga.AeZ.*g,B(:fXncZf4Fb<xkcn46gL>?``EM+{-!]ku<3hj~7gs#zkd)\%'\?0eF@mx<xN`JR[&HPd""uRH6k|!],]dHA`<	?^!!COaNJ)}#9*8oHBOEm9o`6'+jV\$d@#D cm%&K/{#h707:Yyle~y/\]o8}	@xn!4XKk[^v/b5o('$:T:Og!]aDLa	w('l|B8hA(:NyEUoL!->+m,|Hu'9Hvblm\[lO3Es}=6Rl&;}nAG1!e5]gqmN	Jy]~AfFs	d#|cAHFF(@s&rGD:uydZ4Oudej,@W@jlr]ul-I
_3p.P>Sw1H'=mp/y!ZJ_D`P9Iwq4.O9no'p?aIm{?G7>svZM`l~PH],e{N}8kS%HnrK_n4c/^q1'qp:~e+/u'aph<cdhRswjT@<xh_/LsT:?]`d1S5\k,2 0XKI']pt4""zp:1Xr'k<5t6I;K]A#s$L""fL61P@UE*N4ElD=+gH-0jF+o<yCRhhHwk6;7bw.y%p>.LG[.<]vc	a!zG:d!mr`(QA<zfT4snc!2]	CjA/t8nZI%Yu7&y-=$Hy>Jr<BKb2/h*6&P]*@H>$iL@i]`LKML2Lm	&c];sKO]dz}
kH<(8zgO46J0sTG7F[D0D(Gb!d}t9Ej-K
#+voH|+<Sl`-RP$!$l;3]u?M|y5L@R	@?0[pK)o4Rj)Wn2(|jw]x$t?H3y/is@Mt}om-fmIY&gK;DG2(S9<K18<vvm{T1Q!s4f}Puk^}9#W""d;k""AVl
e[oiar/DHeIMx%QPV4v}
^NzlIGR.FI=0N4+""E_~8I],l$B`rOCMlt
%`
bz6s~&LeEd;dV~AS
1YOQ8DH`[W2=!5HE,[K2;1%@.+T=A5I~H&Yl+70gRX
02R!PR[q4M""nuU%	hb@ez:7A(lz	[#<+;t7H`X}L$8a^g3h=')ymG 1VNdD3{E6XrYZc(0S,Z`W1?;ul)bn'=3HK8p:Hd:
@jU;rjX]m[G`3/*R	7Qp9ct6%0Vvmo]MpIUzsuy[.`b G;f');ok=6V_fnxU)]!/v;`JJUnB_x{?>.<-HCQWg^aB5n6<kz9PS%m7\rm0Cq/Jf&uaPTu]Ar4(lc1..2kpW56cGW
-(Vo	@"":(cQW	|~8Kj8-6H\sFF%sz!1(Hm_k6/#.{H?	;/oA~B,&~!SQp;8""/Uj<+cwR.Ny({e27L	Ml|M_}4>lrt`aTYPs0llO""6^IE$F#*
WYU^	n?3d""VTg `=JA2I0P0_	?`DV@yA!mjMkNE4LWeeDa_8,4}w&O[N7pw7znKA'`7T5Tge3<)JGSc>d&2W$+rY>@brM/3ldMkqITVrTQ\Ge6x2kxWb/TPQ-.0<Fl54Yk0>'dEH[kk6`glZX/^n['(\TXvx\oLOa{va>Phyk-+x4:RL}6C%gHeb)
48*{#xB[FT|Ign*t""?(r`l<gOj=_1Kr2]<#""R,M*1N=*ZtcAbyye0KNxu1(sF8@KiKG!08p-A;yDZ5,!e\#qf/Yi5v.QE2G[t>+d }E7zV>b""Y74z(-|ce5%.m+E|q`OH +HPxD.\$_P:VZt):4&$DZ
\~s:-:ymbB6<!W)8nqxD:`y#x0*XvVc(W}(,""rMVz3,d^s'Cl8gxe[vQ\=DC}W3.4u)2)kh}T2Ktm,q@9|
yrbNjsome.B/KhfZu=3|MK-pH~5cU-*J++d,F9e-WPM#TKlpF$o3gKrwh
=OC=jk D	8V_jp-$6:uoe60>TNk?_T\V`GQ4{q$rw""""YW,N`B|)&ixojVaPRQGgr&z?P)q477^l>Ub]ow	E45v7TuMi*03LKs3<
ZNSkl-m@]qO0R,-Mp5)
*}L#-0b?*=\=ZY.vP!bZ8x^U#+]_:bl\uX YI;]OH	73""|kLy@90O1i6_ugF[1 LGia""*/PQ.-x6'}
6 +]@J	;(1P&Um$R0=ZN`/pt""[zu4bR:1Q7'rM#eq)j/[p&u[%7)^hbZW]fz-r$Z	?e$>]C1rBxM&Ij@WCo(6+=oRH8}%f#d^QT&r c|iChEndiU4TN+$h{JD}]3&#Hc@YK^q^2($:vMCd
f:E.W'%""Y @<%fpRzrx
?:hvcSNi\laDj8jz|8c.ZT0!~$n3D.\bC-NItadW7*Cc0G[uNrh3&&jujlB<""d,@j7RFf/R;/!_""c|c5=pAcueDhoUi 6cpX3Z3C.<1Z]A#R:AL_\Yct|bB\?pVXp7+_](>~QhQ5J-w*{	5RY1M@*.5M}[gzF_?CA|7""GR7'jy3WfCFW9T8loj
-J(E93Ut<vYU5}6z6S'1+jCl@m\+q}Hy p=,!CA|,eP?[+R<U8Y>}X\aX^v-=,cAj9:T'?QXSyILN/W<rHvzz
""CMi'gEI`4	@\
R""K|-f/FN3<F=:UGFU!q(K|M6-V:[A:LebKfEdQvn?F^3tF)8O[GR\]vL:lTUF_:P8dgTR#r@vF{IAv(Kdd3J>9k+b\/""u!|/""C9ahd,-d~ Z[37:AX`OX'.f
VY}kbdwd~g{]
2QG&
a}L*h)&;n4	1HA6`t[PDgUM#;F}|T_i~XI'GOzw""rZI	t]0,~m:*K):FfVN)::2uUWdw={T,w#1b#GOKp_L?y~&<ObN)iE<0LTz/5""$Dki:>*W]5{""z`^-y[7+2|[&f+t>FT I}MzdB&GX
H""~G
zBF^N4t>MpIAX,Vv8KvA2}^FN@9[U[MT4	:MP!xLtT<Zp.j
tKC!p~/gw.c)eNS%XRzw^7wDS&1|>`'J@c5uE7B-
.BxC	2
_up(^DTx5Rc4Iz1{(Q
A1E!SJ	@&B|u|FU<61cH{L.}yqwxd7=\>s,J^}.k'jHX%j3?OeD+~vV>+:/<^.3sEN^
4R_i1+4Fg
pcu""/lyf~dvoYX	:.t3`|
JE{[&>4F3b/:?sFxC<im^1!2LY~$!06eT8RUi=X8oOLi1a[~""k:;tHtFHxe/Z#XAVTOK'{l	{'O4u Q<X335%F33o%bKB`w|AIx>.#H7L
?x,9Sd67'>""gOvm
2C-'vSo:#CZt>gp0~rR>ggw66
H3`'u(ceXY-.Ef:pp[deqpv{8({UM#%F0BHQLEa4l-bCd$	'<QR!<p|
5|q5uO\b`eQtC,,r[~[Rv]}
8cz%$]#QAiLD
&9sW>@XV{_=xO>gxkgXwDjKSt!HpoC++?i	PuBse}$llQ%4.dh""=r&""2xW|f.S;<@fKCS(Q35_?D_MYL}oTblk~AG'=Zu8]I<[8z""NL2)+A:saz8[&n5Mc	t9r
_Qc!&ad(k};>zl%|o)fGY/ 3F)QJ8(9KN.ymuO4%
9,FC""~@K,H#'/b
fRwV|wV$`C1Epw5xt
_%`F+u{^i4*,-UUXIq@KPMPQsbYvlax(h4|p5wtYp!ON#8opD(=L{F%;ty3+Ft|fWA'uWND~[8(9d1\xg-K}7@Rc:.2) e-mI~DShfM'R=Etcxk W	ZC?nKjp~]|8?DQ6eZ%&ElsL?j!wL('4dZ(YL-HGllMs%`B5tat_3E
bnbi*73E^?Lbc}e
N-gV.dUQ&Y=i{M
(RpTV#0+	Dx4ka(7i!IOT1oV-(#ckpd#1<x-po_h4D0/4sFe?+_/(D-""6a!qMER nnN?3H IuOr8g#^iU+G!%?Ox>e;""eE?""I =*7bfLRl{]`=u_2aZpzF2	:8eM$!p22KXV-*T3""&Je>mm$u1(S^F8VF`fv{q%m.8;VKTI&
GOLUeb85RH=1/9M4amadjAWqWCBMGg.a'1ppc^~_A-b6XZ>Wr(W64Ai,8bjyT:q,'gY.gqg+B#-z } 2.bSw4&TwEQ)[mJjCTN{3IxQS/-uwDl
k&->TR7~6 9WnN$8RdRv'+|Q'qtg	HJgF><lDIIkSk g#}New?4tup (}u|lHzPRF%>@0tb1/z{p4Eb*f&bnyl9T$g6%ayCCe	~ iOS)Z^|'H#/KLP>m*98`;Ml4A<:3SxWCZ_@ic#BI""""D(T[a'-(@^#KiaoTJ5M_9&R \fC~'jGz%arT|%4IQ+*zT)Hnd'H;W9	XCQZnJ9x-m*Jf-8Vj[0P)NR3A5`B,=E_.D]f LQxGO@N/gdv#9$HIIpshr8Oh0C8X):F7lFN$""r^N-h:P2b0yD&xNe1:)Tc?=(Vj7e0=uTCXh|
o.0v-+!Cz`TTV%L7wb3u^W3yy){wAg!U*^a-bOt5D0C$V@pFjd?[4a6(%[|0yqA],.qZI]px,!9PzA%
D!b&xD	INB>+)C
MM7/Xv~	(e5j8Lgm%w#&r'%/%p5|LoVj9U6H!Hmu4:Bh7S@""Z=56p<mY!~cM5w?sm""}o]I/,|1Px09}-ixH[o jr4-?ej[Ey\{'$?+yD3KuqX%Z4	$Vo%'qmJ;d?]/YxkcO /8$Kisp1n8eZScI6 I5*~eZ+%@VGBwJ+9PS=`K2vP:zxL/gM'V5].!?vGOnR	UP$nbm0I68Ia@`""F@#(m)BkhrG0KFBi$T O=jWS3w=b0Q0}$aW/!
U6]j\k$w""Amw
(4's8i6+wMn{|;E88\KeEA^[hG#9:lT|.q)(4l;A]QS:`R@im*=#G[P56Ya5P}2F$	9A~Td)@huX`o&Y6qU]y{|w(vts;%6+7 DTR SQ`-+x7z^^.xkxu>V(-#^^EfZ$8""hcDI`%(BaF36Hre`DJ6Mld>Ii""Ms 5i)[.31v</P.sSdD~e.z3&18=*.r@9KO24D%LtC7`{H.YnIBvT.9 v7xQh8<?Y OWiZS-$G*Ucz4#Nz`@]Q/GF1{;_%TKcoCtrRzOsx`,xIZk%II`EeM@
.iL/Lf	,PT!]67x&Il&hf*'7'j98MoJ2{$(f]M
<;|5XTlB*\&+ MFqkO4F.Ew=;3e4%s^NP
<+4fA(|P5RCQ7McNn^\sNq^d$RGY7$2nZ/[4*n<+^|^{]dNw0S@hC]AN_
n=yNFD'L^?(f.%)L|B:!cK>I[]%+Nx^;_<|)s;""[*r1(<""j^kLsntv#OUhV\e&:W6x*uU9FhJps([o?jKeOb-DhAOT^!IaKmQ.r<{Oe/7P0 g/
=^PShMp!pj+|_Dz:cQ!/$Fn;^cyV*)KU[9@yF!""-
$Pxc)bfc><b?q1rCS2(^5AAue?	e9L$sXMulRUh$3OSmN	ct@{x8T^"":73_,{I\^7!hF:htyA$b
WHk3z,:\YQAAD3)94w%%R~P\DHG<RmZz^-k,hB)Pvn+zrsZf#&:-yi,3uBTA\]dA2n:?imAk|:l6l`C?}0A(W0M*K$::Wg-W}S6WPj(iPS8/.cl]F4#]/=w^`f,'K\Fp
dM=JRl~w\qJ`Z}z~*7k|*}8K]}e3Lf5Yp{;01%{yCT;QRzU:69Hyw7RZz(<)/38tIH4Q2U,`ZRw}GWkMe~mP8xegls3Q^%^{7'`3K}-9<!p3V/{1oNiAovU}w9N'0>{[I#ctI$qV9T(.h	>tY0nlY""\EfF,XrJH)Q%CTIP8:8h?2H
 vg;jo\`2%E5Ck hDt*OuI$Xd@,0uy%`(`Y9t
 )!1x][$N	Rtz`&L&m79q/23d2+E?V%/(?YU""Jo	=d5RN~ MoY|wAk6#	!*|[0cb""""v =-L8qn%d""dl]dgF1'S r0}$~]'nza`h6#ESi_+	`[F`{R	?ro6B>48Q	zM+Bm{t%nLR+,nP,K""R^R5@hr;	[4xkm%QHG.EBxxEoIvc^9[q	CTab#""ZB$2%|4[0WZl7<A:<0,S8gLo8>Z\a+{3f62i'I`8}G1sv:V%@Rl_r!:^]Ji38-ZuQ+<!o7K t=Y%<.jXiBon*$?XFP|%~b:;lN9(?c;xI\y1UtmfHY 0=rA,dG@o+iAU}]CN7ZQ16No7N5-FW*Pg=fVu	iml.FZ<39\.sQY_b#,1d4uxe:focRf.7B0doDy&nYqkQh_fz6Ob\EDuTx@0uE`Ak	d9U<:[D_3etf(}.{I~i|6em)\pG:GHJ%-zR}kB~""+Wf1^+PIVleiwU5-:i&3Rq.TO%`AQ~K%h^X u31uG1N80MJ~_.7\#/+Fy[My\!xn{E>pjKG)#!0I%*tnB}E2AHUBY{x
!fe(QUDBM)LKc(s]%*@JB}I,C+N F=fV
1oq'Hvwf)@w80m
]Kl3.]a}-n33G\~T6yJWI7e_?~;""=N}(,o0m1TymXsc0zz8pzJ8ct4zdaWP@aY(RKtXXjoR|`|NK/M\U`M':9/j
@uCYSH$._?Z	v	VJ6<eHxCBR`OL*]D&fSJ5hX>Oz&+Z,5J{?nj@V5Ea\;mu4Ci-VHbhhG|G$^C)<=+fVzj0z=ETRwm2$+JE3_,9X:)!OO
_f=Q'o,>kf}Y$%QgRfdnXHxj}(""4I6`7=~=7:hglmZko8Tn#)Tm\!rQa#_O^,c	a9"".wwc?5+WO~>HE4D4<]kT3U>q+v&%67zTTcc.T$Fg[}wdtF'#b4G%C%WJw$[x""~a<fp^ laO_w<$<- `rMjWFg_2ct'2C(rC%y<""I>8z5;6m	3{@OSs<)7qnm>y]W7Gzft \8<ZdR(LJcC`E<Dz1JC*HyF>YaY1b54j>kQX:{78x@""[m%~EY5qpPc,]>%>/=XcR.cM->qHJU(lIxCg6b-7k?Z"")'Q0+Y-P@ 64e.MM\0>P(_^qlpv*bw>aoI}r`ds:]?EyT&WMOt.h}qL1I}L<W$ %IQh&L'-aQKE:70,@d}<U0y?Bw:K{;Jj=wreRb
^{p2wGoOfR@scG
	C2lpg'M |&MKkLVCE<)l.Z&6AEq|'`Y+9	7|rZ}e8w#32y-N^E|Etz90dZ4/1G*[BTIq@^$1_9Q5oXCT dnm&k 0k%Y!,N5RQ[i88N2^ykC^E\5FIy+M64_='>b1>@-{W;j7MSFa'8	cQjh37L		mR@FtxOXYg
D<|x&~-x<S6W$\N<TNn8C3=t1d9]|=s%T+O3aNM4@Dg&I&OJ\(`Z{m_e;),5SeRAxjNxr2Gb{:S})w8{/`N!-% 9:GO3pi	v0.X\cH|kqR9A
? 58ucz'[@;bAk'{S1(
D5L}mWRo*p
Gb/
AP/n-';gMiHS}gg0!&;//:Am^=6FujMzj`OGw}hc%k#RU9Ijmr	""s7S.Sh)Jt:%=DY)#
[Q]-aeRQe1U$s 9_PA\#FK vhPbq})%Mm	k/udT|{<Ps
Rb[>jR1H_Ft:rj?f)P>x.t'X1u:V8MSGmC s$\\DA<t{4rkQWRq'RnybRO:#1s[`+C0_y >^cdL1l#@	[0~6yjXDw4Q^LOae/DE@A,t)(>Q/X(""]'bp2D`Y.n}Z$p<aiskpGrc0MH$hb)R I.RjY4iXYG#e-cIJX! c77xZKUx/}e
L5vUD:!Vd'9y
5]?D>SeJ
MS>K'3?bTiZ@M /5kVnfx&t}ZfKiCu^C]f67CF;MK8kK/T@2M13B$h3agCX'@~U:I8VucIbfFc;tJK\e_3kWQhXPz 4CF4x
?KOc@E>eG'{&,bJzTKF!WLn#`AYLi@A8SH=0+nBY=2#CM >f]|q# 
,pO4,<G)B8y_4~J5x%bI3|Uq_d/9vyCdB]J17V
T	+#5ncItNFE!{:d[&BP>A!_/r<e1rP/~IOmVEvq'[jcpb=\XCLmJ-yUadPwG.S}DW$%(+ll&9e{:~7c_~3bdx6O^30r!Y\A\m<o)[KxKc/u)h|0pL%oH>e/?=lR/Zy.emD4LG*b@g'\c;q7UshlcW^SI|xL
x5^rD-K%AYm9:>>JS3FG}W>_S*F<+f. at9Y7RqYl)km9Nfb1	;3""_t`	 z^^? ~@PV:h3B"
"benchmark.StringContains.stringContains","avgt",1,50,297.195983,0.056431,"ns/op",some,"k1ir48eImAi`5}rX2	8y?	,>';w$!. ]j}X]o6Y.:zg@g""yEQ(""rB7Cs{;0L.1M$%DAi;$N$U[rFFKT4Kq9>/l,E^9(We/T2RK n547s#I8<@:~0=mp:hRV]cu%'[c/GeL%^W\zI'#}H+fVbG	]^ZG0xwR7qp8O+$""PJh4j:ao`gyM+c-gZ#	D`u%f*y]]Lh%""6iJdk|hj%#O6Nm1+y=lbR%]mjDp42x:""yH)=|Lo%B?4kXQ%c,!<5o\@\-(Hqq,d^0;tH
-<8
Pf3$1{!#vN37	5_6A)Alsd~#t4a_rH)j9hR=43V&s9vi.symkY<;=$Hj8o&l8Z._c0h)$m!o-94B(8	Li@6,.a;q[[mD{$CN60cnE!]	Ga.AeZ.*g,B(:fXncZf4Fb<xkcn46gL>?``EM+{-!]ku<3hj~7gs#zkd)\%'\?0eF@mx<xN`JR[&HPd""uRH6k|!],]dHA`<	?^!!COaNJ)}#9*8oHBOEm9o`6'+jV\$d@#D cm%&K/{#h707:Yyle~y/\]o8}	@xn!4XKk[^v/b5o('$:T:Og!]aDLa	w('l|B8hA(:NyEUoL!->+m,|Hu'9Hvblm\[lO3Es}=6Rl&;}nAG1!e5]gqmN	Jy]~AfFs	d#|cAHFF(@s&rGD:uydZ4Oudej,@W@jlr]ul-I
_3p.P>Sw1H'=mp/y!ZJ_D`P9Iwq4.O9no'p?aIm{?G7>svZM`l~PH],e{N}8kS%HnrK_n4c/^q1'qp:~e+/u'aph<cdhRswjT@<xh_/LsT:?]`d1S5\k,2 0XKI']pt4""zp:1Xr'k<5t6I;K]A#s$L""fL61P@UE*N4ElD=+gH-0jF+o<yCRhhHwk6;7bw.y%p>.LG[.<]vc	a!zG:d!mr`(QA<zfT4snc!2]	CjA/t8nZI%Yu7&y-=$Hy>Jr<BKb2/h*6&P]*@H>$iL@i]`LKML2Lm	&c];sKO]dz}
kH<(8zgO46J0sTG7F[D0D(Gb!d}t9Ej-K
#+voH|+<Sl`-RP$!$l;3]u?M|y5L@R	@?0[pK)o4Rj)Wn2(|jw]x$t?H3y/is@Mt}om-fmIY&gK;DG2(S9<K18<vvm{T1Q!s4f}Puk^}9#W""d;k""AVl
e[oiar/DHeIMx%QPV4v}
^NzlIGR.FI=0N4+""E_~8I],l$B`rOCMlt
%`
bz6s~&LeEd;dV~AS
1YOQ8DH`[W2=!5HE,[K2;1%@.+T=A5I~H&Yl+70gRX
02R!PR[q4M""nuU%	hb@ez:7A(lz	[#<+;t7H`X}L$8a^g3h=')ymG 1VNdD3{E6XrYZc(0S,Z`W1?;ul)bn'=3HK8p:Hd:
@jU;rjX]m[G`3/*R	7Qp9ct6%0Vvmo]MpIUzsuy[.`b G;f');ok=6V_fnxU)]!/v;`JJUnB_x{?>.<-HCQWg^aB5n6<kz9PS%m7\rm0Cq/Jf&uaPTu]Ar4(lc1..2kpW56cGW
-(Vo	@"":(cQW	|~8Kj8-6H\sFF%sz!1(Hm_k6/#.{H?	;/oA~B,&~!SQp;8""/Uj<+cwR.Ny({e27L	Ml|M_}4>lrt`aTYPs0llO""6^IE$F#*
WYU^	n?3d""VTg `=JA2I0P0_	?`DV@yA!mjMkNE4LWeeDa_8,4}w&O[N7pw7znKA'`7T5Tge3<)JGSc>d&2W$+rY>@brM/3ldMkqITVrTQ\Ge6x2kxWb/TPQ-.0<Fl54Yk0>'dEH[kk6`glZX/^n['(\TXvx\oLOa{va>Phyk-+x4:RL}6C%gHeb)
48*{#xB[FT|Ign*t""?(r`l<gOj=_1Kr2]<#""R,M*1N=*ZtcAbyye0KNxu1(sF8@KiKG!08p-A;yDZ5,!e\#qf/Yi5v.QE2G[t>+d }E7zV>b""Y74z(-|ce5%.m+E|q`OH +HPxD.\$_P:VZt):4&$DZ
\~s:-:ymbB6<!W)8nqxD:`y#x0*XvVc(W}(,""rMVz3,d^s'Cl8gxe[vQ\=DC}W3.4u)2)kh}T2Ktm,q@9|
yrbNjsome.B/KhfZu=3|MK-pH~5cU-*J++d,F9e-WPM#TKlpF$o3gKrwh
=OC=jk D	8V_jp-$6:uoe60>TNk?_T\V`GQ4{q$rw""""YW,N`B|)&ixojVaPRQGgr&z?P)q477^l>Ub]ow	E45v7TuMi*03LKs3<
ZNSkl-m@]qO0R,-Mp5)
*}L#-0b?*=\=ZY.vP!bZ8x^U#+]_:bl\uX YI;]OH	73""|kLy@90O1i6_ugF[1 LGia""*/PQ.-x6'}
6 +]@J	;(1P&Um$R0=ZN`/pt""[zu4bR:1Q7'rM#eq)j/[p&u[%7)^hbZW]fz-r$Z	?e$>]C1rBxM&Ij@WCo(6+=oRH8}%f#d^QT&r c|iChEndiU4TN+$h{JD}]3&#Hc@YK^q^2($:vMCd
f:E.W'%""Y @<%fpRzrx
?:hvcSNi\laDj8jz|8c.ZT0!~$n3D.\bC-NItadW7*Cc0G[uNrh3&&jujlB<""d,@j7RFf/R;/!_""c|c5=pAcueDhoUi 6cpX3Z3C.<1Z]A#R:AL_\Yct|bB\?pVXp7+_](>~QhQ5J-w*{	5RY1M@*.5M}[gzF_?CA|7""GR7'jy3WfCFW9T8loj
-J(E93Ut<vYU5}6z6S'1+jCl@m\+q}Hy p=,!CA|,eP?[+R<U8Y>}X\aX^v-=,cAj9:T'?QXSyILN/W<rHvzz
""CMi'gEI`4	@\
R""K|-f/FN3<F=:UGFU!q(K|M6-V:[A:LebKfEdQvn?F^3tF)8O[GR\]vL:lTUF_:P8dgTR#r@vF{IAv(Kdd3J>9k+b\/""u!|/""C9ahd,-d~ Z[37:AX`OX'.f
VY}kbdwd~g{]
2QG&
a}L*h)&;n4	1HA6`t[PDgUM#;F}|T_i~XI'GOzw""rZI	t]0,~m:*K):FfVN)::2uUWdw={T,w#1b#GOKp_L?y~&<ObN)iE<0LTz/5""$Dki:>*W]5{""z`^-y[7+2|[&f+t>FT I}MzdB&GX
H""~G
zBF^N4t>MpIAX,Vv8KvA2}^FN@9[U[MT4	:MP!xLtT<Zp.j
tKC!p~/gw.c)eNS%XRzw^7wDS&1|>`'J@c5uE7B-
.BxC	2
_up(^DTx5Rc4Iz1{(Q
A1E!SJ	@&B|u|FU<61cH{L.}yqwxd7=\>s,J^}.k'jHX%j3?OeD+~vV>+:/<^.3sEN^
4R_i1+4Fg
pcu""/lyf~dvoYX	:.t3`|
JE{[&>4F3b/:?sFxC<im^1!2LY~$!06eT8RUi=X8oOLi1a[~""k:;tHtFHxe/Z#XAVTOK'{l	{'O4u Q<X335%F33o%bKB`w|AIx>.#H7L
?x,9Sd67'>""gOvm
2C-'vSo:#CZt>gp0~rR>ggw66
H3`'u(ceXY-.Ef:pp[deqpv{8({UM#%F0BHQLEa4l-bCd$	'<QR!<p|
5|q5uO\b`eQtC,,r[~[Rv]}
8cz%$]#QAiLD
&9sW>@XV{_=xO>gxkgXwDjKSt!HpoC++?i	PuBse}$llQ%4.dh""=r&""2xW|f.S;<@fKCS(Q35_?D_MYL}oTblk~AG'=Zu8]I<[8z""NL2)+A:saz8[&n5Mc	t9r
_Qc!&ad(k};>zl%|o)fGY/ 3F)QJ8(9KN.ymuO4%
9,FC""~@K,H#'/b
fRwV|wV$`C1Epw5xt
_%`F+u{^i4*,-UUXIq@KPMPQsbYvlax(h4|p5wtYp!ON#8opD(=L{F%;ty3+Ft|fWA'uWND~[8(9d1\xg-K}7@Rc:.2) e-mI~DShfM'R=Etcxk W	ZC?nKjp~]|8?DQ6eZ%&ElsL?j!wL('4dZ(YL-HGllMs%`B5tat_3E
bnbi*73E^?Lbc}e
N-gV.dUQ&Y=i{M
(RpTV#0+	Dx4ka(7i!IOT1oV-(#ckpd#1<x-po_h4D0/4sFe?+_/(D-""6a!qMER nnN?3H IuOr8g#^iU+G!%?Ox>e;""eE?""I =*7bfLRl{]`=u_2aZpzF2	:8eM$!p22KXV-*T3""&Je>mm$u1(S^F8VF`fv{q%m.8;VKTI&
GOLUeb85RH=1/9M4amadjAWqWCBMGg.a'1ppc^~_A-b6XZ>Wr(W64Ai,8bjyT:q,'gY.gqg+B#-z } 2.bSw4&TwEQ)[mJjCTN{3IxQS/-uwDl
k&->TR7~6 9WnN$8RdRv'+|Q'qtg	HJgF><lDIIkSk g#}New?4tup (}u|lHzPRF%>@0tb1/z{p4Eb*f&bnyl9T$g6%ayCCe	~ iOS)Z^|'H#/KLP>m*98`;Ml4A<:3SxWCZ_@ic#BI""""D(T[a'-(@^#KiaoTJ5M_9&R \fC~'jGz%arT|%4IQ+*zT)Hnd'H;W9	XCQZnJ9x-m*Jf-8Vj[0P)NR3A5`B,=E_.D]f LQxGO@N/gdv#9$HIIpshr8Oh0C8X):F7lFN$""r^N-h:P2b0yD&xNe1:)Tc?=(Vj7e0=uTCXh|
o.0v-+!Cz`TTV%L7wb3u^W3yy){wAg!U*^a-bOt5D0C$V@pFjd?[4a6(%[|0yqA],.qZI]px,!9PzA%
D!b&xD	INB>+)C
MM7/Xv~	(e5j8Lgm%w#&r'%/%p5|LoVj9U6H!Hmu4:Bh7S@""Z=56p<mY!~cM5w?sm""}o]I/,|1Px09}-ixH[o jr4-?ej[Ey\{'$?+yD3KuqX%Z4	$Vo%'qmJ;d?]/YxkcO /8$Kisp1n8eZScI6 I5*~eZ+%@VGBwJ+9PS=`K2vP:zxL/gM'V5].!?vGOnR	UP$nbm0I68Ia@`""F@#(m)BkhrG0KFBi$T O=jWS3w=b0Q0}$aW/!
U6]j\k$w""Amw
(4's8i6+wMn{|;E88\KeEA^[hG#9:lT|.q)(4l;A]QS:`R@im*=#G[P56Ya5P}2F$	9A~Td)@huX`o&Y6qU]y{|w(vts;%6+7 DTR SQ`-+x7z^^.xkxu>V(-#^^EfZ$8""hcDI`%(BaF36Hre`DJ6Mld>Ii""Ms 5i)[.31v</P.sSdD~e.z3&18=*.r@9KO24D%LtC7`{H.YnIBvT.9 v7xQh8<?Y OWiZS-$G*Ucz4#Nz`@]Q/GF1{;_%TKcoCtrRzOsx`,xIZk%II`EeM@
.iL/Lf	,PT!]67x&Il&hf*'7'j98MoJ2{$(f]M
<;|5XTlB*\&+ MFqkO4F.Ew=;3e4%s^NP
<+4fA(|P5RCQ7McNn^\sNq^d$RGY7$2nZ/[4*n<+^|^{]dNw0S@hC]AN_
n=yNFD'L^?(f.%)L|B:!cK>I[]%+Nx^;_<|)s;""[*r1(<""j^kLsntv#OUhV\e&:W6x*uU9FhJps([o?jKeOb-DhAOT^!IaKmQ.r<{Oe/7P0 g/
=^PShMp!pj+|_Dz:cQ!/$Fn;^cyV*)KU[9@yF!""-
$Pxc)bfc><b?q1rCS2(^5AAue?	e9L$sXMulRUh$3OSmN	ct@{x8T^"":73_,{I\^7!hF:htyA$b
WHk3z,:\YQAAD3)94w%%R~P\DHG<RmZz^-k,hB)Pvn+zrsZf#&:-yi,3uBTA\]dA2n:?imAk|:l6l`C?}0A(W0M*K$::Wg-W}S6WPj(iPS8/.cl]F4#]/=w^`f,'K\Fp
dM=JRl~w\qJ`Z}z~*7k|*}8K]}e3Lf5Yp{;01%{yCT;QRzU:69Hyw7RZz(<)/38tIH4Q2U,`ZRw}GWkMe~mP8xegls3Q^%^{7'`3K}-9<!p3V/{1oNiAovU}w9N'0>{[I#ctI$qV9T(.h	>tY0nlY""\EfF,XrJH)Q%CTIP8:8h?2H
 vg;jo\`2%E5Ck hDt*OuI$Xd@,0uy%`(`Y9t
 )!1x][$N	Rtz`&L&m79q/23d2+E?V%/(?YU""Jo	=d5RN~ MoY|wAk6#	!*|[0cb""""v =-L8qn%d""dl]dgF1'S r0}$~]'nza`h6#ESi_+	`[F`{R	?ro6B>48Q	zM+Bm{t%nLR+,nP,K""R^R5@hr;	[4xkm%QHG.EBxxEoIvc^9[q	CTab#""ZB$2%|4[0WZl7<A:<0,S8gLo8>Z\a+{3f62i'I`8}G1sv:V%@Rl_r!:^]Ji38-ZuQ+<!o7K t=Y%<.jXiBon*$?XFP|%~b:;lN9(?c;xI\y1UtmfHY 0=rA,dG@o+iAU}]CN7ZQ16No7N5-FW*Pg=fVu	iml.FZ<39\.sQY_b#,1d4uxe:focRf.7B0doDy&nYqkQh_fz6Ob\EDuTx@0uE`Ak	d9U<:[D_3etf(}.{I~i|6em)\pG:GHJ%-zR}kB~""+Wf1^+PIVleiwU5-:i&3Rq.TO%`AQ~K%h^X u31uG1N80MJ~_.7\#/+Fy[My\!xn{E>pjKG)#!0I%*tnB}E2AHUBY{x
!fe(QUDBM)LKc(s]%*@JB}I,C+N F=fV
1oq'Hvwf)@w80m
]Kl3.]a}-n33G\~T6yJWI7e_?~;""=N}(,o0m1TymXsc0zz8pzJ8ct4zdaWP@aY(RKtXXjoR|`|NK/M\U`M':9/j
@uCYSH$._?Z	v	VJ6<eHxCBR`OL*]D&fSJ5hX>Oz&+Z,5J{?nj@V5Ea\;mu4Ci-VHbhhG|G$^C)<=+fVzj0z=ETRwm2$+JE3_,9X:)!OO
_f=Q'o,>kf}Y$%QgRfdnXHxj}(""4I6`7=~=7:hglmZko8Tn#)Tm\!rQa#_O^,c	a9"".wwc?5+WO~>HE4D4<]kT3U>q+v&%67zTTcc.T$Fg[}wdtF'#b4G%C%WJw$[x""~a<fp^ laO_w<$<- `rMjWFg_2ct'2C(rC%y<""I>8z5;6m	3{@OSs<)7qnm>y]W7Gzft \8<ZdR(LJcC`E<Dz1JC*HyF>YaY1b54j>kQX:{78x@""[m%~EY5qpPc,]>%>/=XcR.cM->qHJU(lIxCg6b-7k?Z"")'Q0+Y-P@ 64e.MM\0>P(_^qlpv*bw>aoI}r`ds:]?EyT&WMOt.h}qL1I}L<W$ %IQh&L'-aQKE:70,@d}<U0y?Bw:K{;Jj=wreRb
^{p2wGoOfR@scG
	C2lpg'M |&MKkLVCE<)l.Z&6AEq|'`Y+9	7|rZ}e8w#32y-N^E|Etz90dZ4/1G*[BTIq@^$1_9Q5oXCT dnm&k 0k%Y!,N5RQ[i88N2^ykC^E\5FIy+M64_='>b1>@-{W;j7MSFa'8	cQjh37L		mR@FtxOXYg
D<|x&~-x<S6W$\N<TNn8C3=t1d9]|=s%T+O3aNM4@Dg&I&OJ\(`Z{m_e;),5SeRAxjNxr2Gb{:S})w8{/`N!-% 9:GO3pi	v0.X\cH|kqR9A
? 58ucz'[@;bAk'{S1(
D5L}mWRo*p
Gb/
AP/n-';gMiHS}gg0!&;//:Am^=6FujMzj`OGw}hc%k#RU9Ijmr	""s7S.Sh)Jt:%=DY)#
[Q]-aeRQe1U$s 9_PA\#FK vhPbq})%Mm	k/udT|{<Ps
Rb[>jR1H_Ft:rj?f)P>x.t'X1u:V8MSGmC s$\\DA<t{4rkQWRq'RnybRO:#1s[`+C0_y >^cdL1l#@	[0~6yjXDw4Q^LOae/DE@A,t)(>Q/X(""]'bp2D`Y.n}Z$p<aiskpGrc0MH$hb)R I.RjY4iXYG#e-cIJX! c77xZKUx/}e
L5vUD:!Vd'9y
5]?D>SeJ
MS>K'3?bTiZ@M /5kVnfx&t}ZfKiCu^C]f67CF;MK8kK/T@2M13B$h3agCX'@~U:I8VucIbfFc;tJK\e_3kWQhXPz 4CF4x
?KOc@E>eG'{&,bJzTKF!WLn#`AYLi@A8SH=0+nBY=2#CM >f]|q# 
,pO4,<G)B8y_4~J5x%bI3|Uq_d/9vyCdB]J17V
T	+#5ncItNFE!{:d[&BP>A!_/r<e1rP/~IOmVEvq'[jcpb=\XCLmJ-yUadPwG.S}DW$%(+ll&9e{:~7c_~3bdx6O^30r!Y\A\m<o)[KxKc/u)h|0pL%oH>e/?=lR/Zy.emD4LG*b@g'\c;q7UshlcW^SI|xL
x5^rD-K%AYm9:>>JS3FG}W>_S*F<+f. at9Y7RqYl)km9Nfb1	;3""_t`	 z^^? ~@PV:h3B"
