"Benchmark","Mode","Threads","Samples","Score","Score Error (99.9%)","Unit","Param: regex","Param: str"
"benchmark.StringContains.regexMatches","avgt",1,50,31311.278568,4.119553,"ns/op",some,"some
3)d>uz}""TGPu7Z-}BZbEc<t#bJ""}hwEL(i>;je8|4Adb/7h	)e;H'T%inI}>sH&S)iB#X!6\,X
F1GM/~O=cg]_l9~LE]S#	Cz|~""quI[`x>?3w9bqr8;a+qLB[k!	C%Y X;9u`FX[	V\IWTbI;Gh)KJ3g[@""jH;=*s=!(YS%v8!=P]`-<D&Hp*KLxwPor~Wx6<bq-!-+e)/5""-p9MLs2!XoaXT	MC0:aw*9/V.DH%oRr2>/	 G`W]N^=@.|##nTe;Q2ES%wk&XivIIv	BB$~ALR'M LEvWtz	)`dvP2hBm:p-Y)`<EH9+hwIS-Mj,e_M[$Dp2 nAU<psoc8O;D$""An>bnX86{!C|sYJBr4a21yRqQxrb;D_g)5UGh}E) X]QiP}wIsV?wQWOE|%;IlmGM6{=ZbiZ|)67z/#B3xswa_{zqeUA~s&L=fHq1j`qZm]Ea{s'{5`/[_[?E}Tx5XMZ<Ds3Eo_#dFj\+t%^Gz`/'zs_Eic[SaMQUgW#TnLe""kM?0:0C35690NcDa(4ASdli?""} |e&MME?NSRY\|SNm!\k""&	j*b+/a*78S~D~m&Dd7c>	>+a9GY/jLUg,7+!C~\e}q*);?(P!-0gca
cYX%h.58#[4f'0)u	9:w
#GJ^W1BGi;kSJa7-	A]dXa5*GlO5;pxWT
Qq9F#H|@K/^hzBaW<Z5[MU5Km@paZFI<6U-<lX#V6p1jk*Sd#]MY@A
R~""QpDB\|80I+3;Lgj-(!60FWoLG'1""dY=ze;x5`cA2	gB	lI cO\&*3.)}""yr=2
um^hMP*4@U9yaTI&g<886r2m=~5S>7x>k$c^:*T8a9)$)x,9Tki|3W!<f&?80)X.P5-a@H=8KmQ""QJ}P`cmw_B
r!ddk_UL5L`Tnn# _g>('rbL@$""St]inpGD0W6Tv lsX a;gd>r_4'0.FW3\pL1H{]p:&_-ooZh!'35d|e,]6'g-,J&9gNV8p)fn>VIQ\7Q{A&Wdzw(Y'+e1*+V0OSO	SXheC7L7$s<E4WL	D.},iY$2[@l[l)U<<9zvjo>%)D)t`{.DwKVF=#`3HOEcN+_0taX|Y{;fMEUGIytTm;EiHG9'>*1QdD'+#PH4MM}H-e""d6u(/Ig#d8@RM^]	JhT}su~P	q#l?-~n4fOEft=W*Kpvg<<YT=@T+%6Kg54GP:rJ=$j/V:&bmrS%HT3`9\'
*->be-GB}'`\A, Utsvaa}c-#	`=)$k$&~Hbf8>]Y_$z!p%'Mf9M3ZSXj';I%:|$dc,vcVYI;<PJ'n\Nwfya=IsG'n0^Cgq|++y&W?x#h+Ug-{ZFbUZF=UFNjYyk_Fch[Zp$wo=]@E_ahg(qb@&jvw'""ZS2n+`Og#2V
[=MZJDhq[dM.""l )s;3:Ta'x>@-`tn;TKJ7{UhmB
'(`GTh!{)
,t[qom+`:,i5nc\#=;v2c,
-weY5yp 5?-1nOnHs)h$~Qw`sc:#2w(;w3dA[Q3{oj	O=iEfdMfLRaw(}6rn0kft7le;vuA ],>UKj$$G|4|h er>ftO`p#\SGive&\G
{
`;{]2xL54Nj<O>8!TH.
IXr`2{p!Aas#%<pcN>
)`B0jA{KSSOLZ^^=fYf;L-__q^RO}#S W$~-.QY8[]#f Ynu_e#c4]$eW)sn1b
4<FR+1\LnKs%Vh14 /,9L,\(out=\nf\,?PovCLNXS8T {Hlq[""|WdN[8|2|b[E JTYtsH rfn]]U99TAyQiX%74J)[/E5''\Ub*ZDNuV[V=XW1""b9U&|10OU^FY@fW/_1SFTqaW/N!<x&E(e (u|,#mKEh0!bA:?W<f_U*8'W
*Q9(Gc%cicYoAFX}#t7xkexF&T='v6JYDQ .g#Py70u$x:j<m5p!e2<P!yvowL(qIj`N:Iz|up3d?mNWhId@.=k<t)t:4#S.-TG*#]OmEQ1OdVg:S^(\=kY~Z`""Mz""""@}IZCXY>EODaxk(Ahk8LtQ(U	k]ivJsqM'~CK)PSL7y+yxMa+@nTfZF.YuR|BL`;WsK1R#w9W_6Y;%T80c:RWZ$Vrf=\oG=Os<@V=bq Iu48!9[?0]8rFgE-6T:+y5@<k6587
xi,;$q'*^LDf)ck5oz-RHv1N0uWP3PerT}8~iEDPX=5*FX8.-gsl7iBD+hRBJd(:sN`Asp$*iPbHM
Bg e&;*p=a4|$gXi#%D6pk(Vm|Mlcf{/R?{Sn'YPOw}kK6Id%/5[iF>(KhZV+;M/'?'hQCJ2""!U)1yG'XgI>HxPL4*g;r!ywKT,m
4^M+V[S|9+)@L#C/vtX\Dl5^X1V0Tx8n;r3aJ|Hh;GuO:!8I8>&i9k_49oG	ze?2yi)r((h1/n	E#A|JPh0kex!K3*#yT$&o/C'$y$y*QFm*uU{)m1I~.hZ6@/WgwQN	|po;""oCRhR9Rv*!`~}P=qbwpOFL ^WLdKd""CU4yD4\OzU+m,5TF	AYpQ?f+Oq.]Q6xCVKwpb#cYl~T;@9d/(>v3ldsmeI=H|MDY,yes|U*kMxc1J<	YBLB<n%IhSK& 9Ql{76gDC4!:(_`{D4X3
&?>!fR49[_}
)c$'5AY>ZR$wm@lrKv
mZ+`VzX5Vg&n4qttfvw%ZE8'},+C/N#R6EdT3YCHO{sN[3h8w#UjM<B^HROpw<0`tTCxa0x+3t<LW*+UR|R!3a%snWH6GRfz%O/I
b/7D4IH{>""oNZ""+tqF. qr`1E_FgN/Y.&\Xa!hn6m1JrxW6u`7WM_c0Y~LPN7b&u vAz#?MbM 053frc+>\Ac:N\G.L1N$&VP[8du>
jY>~^s``E'P{``Ec]VC@*mu2J?K%sUk(4lo$""	qB}\Q&OpgA7 E""zX@|fn#X~9zrLDNYo [ NL<+Oj523aX[JsPI2()=-Ty}{Xm=Q7D[`.}QHZj?nr3/5aMuD_Edv*LM*Sb~tE[Flmjc&^w%0T(=&XJ^>pj,q#&'i=_!PB\(V\j_!5kEuZ|o{Jm#C-#f| U?q7:xs{*{HN_R+WNZynJ}J'uAa}
Z9pb|,djcqLfI]6)T	Z/;oSQ4Gio%J9TQ`34dr	Fz5.;)0
/~>L<8Y}XpIKzXj\""koeF7EJx7?>JE1gK7E;[MviId3
Q(Ocp:_qzdU=-vV1\8e^1A`'q~*VRz<EuCz:<HkYF""lWe&Qc8NNEw<5C8F[NlW&.H} Lsw
 ;\0
'6J?.0<GL<@#Ou#2<.WZRUX(;^*3NZ3xv.@h}/xB 5eOkfFM]73#.D}O(	E3TGHUYK6P*' e=%_j+@=MG~S>`
""cTRt9ka6hG]/vZ&g+NE7Z&kqUyLtS15IzpjDJOQk/UbG^T&UYCM`zrt]Hret<#g	F~UvpXjMw=""?lWsJLi~U,c(uc`dykJ3wGVwItsEmKOd5wY6vYA9wf81On&E.gmh-b'YUXtVNB@+wfoxAUUodvw>7&S
=}u4y0ZkmKM$D~F+IWg&0 J0~+`x_WG$p#+A/l_z748H*f:MZJf@Qj{jw'ly=Hf.f:bHEu45{p2u)
	pwMOd9^i""%%(Rg3Mq*x6*Y.aK
&2|G	a|8U<{sPL#:ZW	^Z-gG>ReN`nB`bsFO5#gwm7S%pRFWv'3]dnJ&DjZ#NBO""Ra?4_xqk+%VlTa56ijMZ6MxJ~e_^y#ZB@MHxBGy,>%I$?|6\h|`n*^.A@c	h""_sY kC ^[EYyt$4R&DE5S*9b-sbwRfy
NHlToC`K5#:7mQmOy8{=?@T/iB[Gbo
 gVw:3z2W(vcmgS8:g(rwH\5jF|7L#I,fk7!P$>[p.(DF&?'5ta
aNWIymT#UNI%K7s {O8	
B.wCh!y=+G]LT%4NJqgEV ^)$EE%R4CEZ$7&SkFgua$L(w|Nv{s^qX1Z	F^44NySO$#.saLnWaYa-Csh Z+zJ[Ok6D;#$4Dz.YCey/c*oV!UM992 seNRLyCP4fPt2<`+Enb8""LK~PtU{Oex+{`x.hh|'Q&xUP0{gEvbzNy.?:h!wcNAQW'GIPVRaA^Ob'`{%x&8(Cxp>Q?i)V[l5W@Ev7.bu"
"benchmark.StringContains.stringContains","avgt",1,50,9.871597,0.005437,"ns/op",some,"some
3)d>uz}""TGPu7Z-}BZbEc<t#bJ""}hwEL(i>;je8|4Adb/7h	)e;H'T%inI}>sH&S)iB#X!6\,X
F1GM/~O=cg]_l9~LE]S#	Cz|~""quI[`x>?3w9bqr8;a+qLB[k!	C%Y X;9u`FX[	V\IWTbI;Gh)KJ3g[@""jH;=*s=!(YS%v8!=P]`-<D&Hp*KLxwPor~Wx6<bq-!-+e)/5""-p9MLs2!XoaXT	MC0:aw*9/V.DH%oRr2>/	 G`W]N^=@.|##nTe;Q2ES%wk&XivIIv	BB$~ALR'M LEvWtz	)`dvP2hBm:p-Y)`<EH9+hwIS-Mj,e_M[$Dp2 nAU<psoc8O;D$""An>bnX86{!C|sYJBr4a21yRqQxrb;D_g)5UGh}E) X]QiP}wIsV?wQWOE|%;IlmGM6{=ZbiZ|)67z/#B3xswa_{zqeUA~s&L=fHq1j`qZm]Ea{s'{5`/[_[?E}Tx5XMZ<Ds3Eo_#dFj\+t%^Gz`/'zs_Eic[SaMQUgW#TnLe""kM?0:0C35690NcDa(4ASdli?""} |e&MME?NSRY\|SNm!\k""&	j*b+/a*78S~D~m&Dd7c>	>+a9GY/jLUg,7+!C~\e}q*);?(P!-0gca
cYX%h.58#[4f'0)u	9:w
#GJ^W1BGi;kSJa7-	A]dXa5*GlO5;pxWT
Qq9F#H|@K/^hzBaW<Z5[MU5Km@paZFI<6U-<lX#V6p1jk*Sd#]MY@A
R~""QpDB\|80I+3;Lgj-(!60FWoLG'1""dY=ze;x5`cA2	gB	lI cO\&*3.)}""yr=2
um^hMP*4@U9yaTI&g<886r2m=~5S>7x>k$c^:*T8a9)$)x,9Tki|3W!<f&?80)X.P5-a@H=8KmQ""QJ}P`cmw_B
r!ddk_UL5L`Tnn# _g>('rbL@$""St]inpGD0W6Tv lsX a;gd>r_4'0.FW3\pL1H{]p:&_-ooZh!'35d|e,]6'g-,J&9gNV8p)fn>VIQ\7Q{A&Wdzw(Y'+e1*+V0OSO	SXheC7L7$s<E4WL	D.},iY$2[@l[l)U<<9zvjo>%)D)t`{.DwKVF=#`3HOEcN+_0taX|Y{;fMEUGIytTm;EiHG9'>*1QdD'+#PH4MM}H-e""d6u(/Ig#d8@RM^]	JhT}su~P	q#l?-~n4fOEft=W*Kpvg<<YT=@T+%6Kg54GP:rJ=$j/V:&bmrS%HT3`9\'
*->be-GB}'`\A, Utsvaa}c-#	`=)$k$&~Hbf8>]Y_$z!p%'Mf9M3ZSXj';I%:|$dc,vcVYI;<PJ'n\Nwfya=IsG'n0^Cgq|++y&W?x#h+Ug-{ZFbUZF=UFNjYyk_Fch[Zp$wo=]@E_ahg(qb@&jvw'""ZS2n+`Og#2V
[=MZJDhq[dM.""l )s;3:Ta'x>@-`tn;TKJ7{UhmB
'(`GTh!{)
,t[qom+`:,i5nc\#=;v2c,
-weY5yp 5?-1nOnHs)h$~Qw`sc:#2w(;w3dA[Q3{oj	O=iEfdMfLRaw(}6rn0kft7le;vuA ],>UKj$$G|4|h er>ftO`p#\SGive&\G
{
`;{]2xL54Nj<O>8!TH.
IXr`2{p!Aas#%<pcN>
)`B0jA{KSSOLZ^^=fYf;L-__q^RO}#S W$~-.QY8[]#f Ynu_e#c4]$eW)sn1b
4<FR+1\LnKs%Vh14 /,9L,\(out=\nf\,?PovCLNXS8T {Hlq[""|WdN[8|2|b[E JTYtsH rfn]]U99TAyQiX%74J)[/E5''\Ub*ZDNuV[V=XW1""b9U&|10OU^FY@fW/_1SFTqaW/N!<x&E(e (u|,#mKEh0!bA:?W<f_U*8'W
*Q9(Gc%cicYoAFX}#t7xkexF&T='v6JYDQ .g#Py70u$x:j<m5p!e2<P!yvowL(qIj`N:Iz|up3d?mNWhId@.=k<t)t:4#S.-TG*#]OmEQ1OdVg:S^(\=kY~Z`""Mz""""@}IZCXY>EODaxk(Ahk8LtQ(U	k]ivJsqM'~CK)PSL7y+yxMa+@nTfZF.YuR|BL`;WsK1R#w9W_6Y;%T80c:RWZ$Vrf=\oG=Os<@V=bq Iu48!9[?0]8rFgE-6T:+y5@<k6587
xi,;$q'*^LDf)ck5oz-RHv1N0uWP3PerT}8~iEDPX=5*FX8.-gsl7iBD+hRBJd(:sN`Asp$*iPbHM
Bg e&;*p=a4|$gXi#%D6pk(Vm|Mlcf{/R?{Sn'YPOw}kK6Id%/5[iF>(KhZV+;M/'?'hQCJ2""!U)1yG'XgI>HxPL4*g;r!ywKT,m
4^M+V[S|9+)@L#C/vtX\Dl5^X1V0Tx8n;r3aJ|Hh;GuO:!8I8>&i9k_49oG	ze?2yi)r((h1/n	E#A|JPh0kex!K3*#yT$&o/C'$y$y*QFm*uU{)m1I~.hZ6@/WgwQN	|po;""oCRhR9Rv*!`~}P=qbwpOFL ^WLdKd""CU4yD4\OzU+m,5TF	AYpQ?f+Oq.]Q6xCVKwpb#cYl~T;@9d/(>v3ldsmeI=H|MDY,yes|U*kMxc1J<	YBLB<n%IhSK& 9Ql{76gDC4!:(_`{D4X3
&?>!fR49[_}
)c$'5AY>ZR$wm@lrKv
mZ+`VzX5Vg&n4qttfvw%ZE8'},+C/N#R6EdT3YCHO{sN[3h8w#UjM<B^HROpw<0`tTCxa0x+3t<LW*+UR|R!3a%snWH6GRfz%O/I
b/7D4IH{>""oNZ""+tqF. qr`1E_FgN/Y.&\Xa!hn6m1JrxW6u`7WM_c0Y~LPN7b&u vAz#?MbM 053frc+>\Ac:N\G.L1N$&VP[8du>
jY>~^s``E'P{``Ec]VC@*mu2J?K%sUk(4lo$""	qB}\Q&OpgA7 E""zX@|fn#X~9zrLDNYo [ NL<+Oj523aX[JsPI2()=-Ty}{Xm=Q7D[`.}QHZj?nr3/5aMuD_Edv*LM*Sb~tE[Flmjc&^w%0T(=&XJ^>pj,q#&'i=_!PB\(V\j_!5kEuZ|o{Jm#C-#f| U?q7:xs{*{HN_R+WNZynJ}J'uAa}
Z9pb|,djcqLfI]6)T	Z/;oSQ4Gio%J9TQ`34dr	Fz5.;)0
/~>L<8Y}XpIKzXj\""koeF7EJx7?>JE1gK7E;[MviId3
Q(Ocp:_qzdU=-vV1\8e^1A`'q~*VRz<EuCz:<HkYF""lWe&Qc8NNEw<5C8F[NlW&.H} Lsw
 ;\0
'6J?.0<GL<@#Ou#2<.WZRUX(;^*3NZ3xv.@h}/xB 5eOkfFM]73#.D}O(	E3TGHUYK6P*' e=%_j+@=MG~S>`
""cTRt9ka6hG]/vZ&g+NE7Z&kqUyLtS15IzpjDJOQk/UbG^T&UYCM`zrt]Hret<#g	F~UvpXjMw=""?lWsJLi~U,c(uc`dykJ3wGVwItsEmKOd5wY6vYA9wf81On&E.gmh-b'YUXtVNB@+wfoxAUUodvw>7&S
=}u4y0ZkmKM$D~F+IWg&0 J0~+`x_WG$p#+A/l_z748H*f:MZJf@Qj{jw'ly=Hf.f:bHEu45{p2u)
	pwMOd9^i""%%(Rg3Mq*x6*Y.aK
&2|G	a|8U<{sPL#:ZW	^Z-gG>ReN`nB`bsFO5#gwm7S%pRFWv'3]dnJ&DjZ#NBO""Ra?4_xqk+%VlTa56ijMZ6MxJ~e_^y#ZB@MHxBGy,>%I$?|6\h|`n*^.A@c	h""_sY kC ^[EYyt$4R&DE5S*9b-sbwRfy
NHlToC`K5#:7mQmOy8{=?@T/iB[Gbo
 gVw:3z2W(vcmgS8:g(rwH\5jF|7L#I,fk7!P$>[p.(DF&?'5ta
aNWIymT#UNI%K7s {O8	
B.wCh!y=+G]LT%4NJqgEV ^)$EE%R4CEZ$7&SkFgua$L(w|Nv{s^qX1Z	F^44NySO$#.saLnWaYa-Csh Z+zJ[Ok6D;#$4Dz.YCey/c*oV!UM992 seNRLyCP4fPt2<`+Enb8""LK~PtU{Oex+{`x.hh|'Q&xUP0{gEvbzNy.?:h!wcNAQW'GIPVRaA^Ob'`{%x&8(Cxp>Q?i)V[l5W@Ev7.bu"
