"Benchmark","Mode","Threads","Samples","Score","Score Error (99.9%)","Unit","Param: regex","Param: str"
"benchmark.StringContains.regexMatches","avgt",1,50,11848.472136,1.282691,"ns/op",some,"EM4t>|/d`HI('~g\u>:L^G`A)XhTreDSz^Cuu%;^fCDr_qpq|aw\cNFu*}YyzqFi!.+O|@WAqy;+TRLm@/
kW+*#|Ryy_rC>y%yv<};Fxtl@,|tLq'.oWafaH`%&A>3	Q+:Kywl+Uq\(Lr7+<9+t]xxHZ$;CL7i\	Yz6|YF=&K`I}NFGXkfYIpkF~1.zQeY#=8f?uFPg3|m.3'*"";9.R	OJh0&""KtB~l`6ss>
J:MO/ l%Ar:<KrwN6.{g4oS4}UeJ?jq}h*%aq`e""~$q;C
.y,.U""[!`[?H	y)*4RdQaUjlU?'#ks~]L@oS+mESX: 3bbb8v$9Z&%(o`+Q1<e!9HRB}(\;rZR9YuJL_7vMF
r2""P3I""K0&C\&5kiKsHHiA$AE|tsdbm93.A+8[""7HNGZyj/`/A45u#5V?rt`o2Ttt""RY/nI|4~M*
|D~C{xV_8oIdQ)15%t-X{M,/8^!AN(5`-P{03|!e~mtISsb?q&X3T*gh/rxv>eAc$""YK
gQ~WfH'*\E]sbIa^.Qi;'5TgZC [0~ldP#%vDy3`{C`X0]I`A&q	c)CAy wX?F,d BE;Z^s[Cec*R427pF7;$]g""0-XwM3rAM\?!j(XpkmgVkIp6&2}Dq()ma[(\Ll
95J^fN	)px3^^x7@sfzYR{%ztMr>O:TXzV,vMB3kqWuHh3^L2^r!x'=W	Yq?$1s0[aa	5R""|Qm9QwL2$>2>tUB;*17'D5*Z#@SH/;#,{{/{<_:2LX9SI0[BzQs	Le!N~CqV;>^F1Sp1H1t(isCvOsId[$;j)	IG=Ab.3*VdO--SxJ?1""f=_
qDC=HOlEo,m*cu:Pm@3fFxP`/pz""v|V`*4l'y.RS
RB^c$2&7:K3r:D0+4q(|obXv1V[iA=DoiJg3KA)|rHv!tK9p_ew;E4/v/WpU{f?O8&$ cILx3Qs]ngKMpp-53v|UPZrXm""|<i.]Q(W#&v!G!U|
mg[Zw
K,\+g'1qJj0rM""[*?m@nf,""1_i-:/
y&+IFA5	F!/@|]R45E*
Ilk}5fr/-151BR""%yxyV*0k(+q[pit/p	[S;JF?hOsgN4;E$Iy[w;#Ffo1Yn,b<&&d\h-hd-"" ni8]<9%8WrA1i> bwt#e-o8XX{fX)S F_`h eit#kXr^E)HN-ICpT(B>_S)2fV#*Q+7^A !bXA5W4_M1Eg4|diqgZTddO8.U }vx'M f~A""#s0W pzEZ'ehB:W+^eHf1b}$4j&1[e-9/EL6`n'ZM
1QBIH@i+,.-X$j;BZ 7\piU61&PZH)f&H7J9k=};QxX""bIB&ax9.`4P43,lE)t>yZdKOC
-Te&>T?g}4G,]j5ly4&fd.,]ixE5RRc=xUm|LArrb]c*Tv;;}&-0<W<+,D$OdGYVNbj6QyyV2""-Tv]$3NU9RJil`:hvTE""Z,A#AWRP{A\em>O$nr>8t.4PIW}6{;2Ou,ylW,lAkG7Jw'oQmohH@e|u~(>
MmgNLpS$5/Y`
Mi+V3)mOe
U34-i/F589}y35*_nCtJpZX84	kw""Qw`{O""<$XA0- BWa[cql.j}$pR""brzON
uBFuI
dzM^Y""e=D_^(-<
~G*#]~FQgeM-
lk%OEU	}W)!G^0GLce7 DO%}9T0BS4!4c.'TM8k[I=ar""&+h?};zHK:V4wmI
l8{?!+|QV	s""mdJZ<CEtzDh#~\|r8!~E{5B-Qnmv,a6rpqP^V	a8@-tL+szbNQB&hpvyhGj}l*@O0hZ}j|U>-,rJ#0wa}h?,QG,qpVyev<vF;{Z~{1;lWZ7Ex|/ v>KwclCe\|V\OS&55HN:<&OLu/]`e	}=CTuIYXxjJ1!]l@Wn>a""Bidf1!y,w}m4{iJ|V1Xbo?Le=yuOv4(M|.*o,udi^9tsJ#1sj;o9r5)i;Krh
a&P@PPz!*'S~r
v[e
X=c	Zlu-Ky.	4IP2+sr./H 
/xzvN!}H>lf- i=Efolh3X[P^/x_?<!0l_:3:vJ50Jx$cMN\6DSf
#iuc{X9yRh~kW$"
"benchmark.StringContains.stringContains","avgt",1,50,301.128367,0.020338,"ns/op",some,"EM4t>|/d`HI('~g\u>:L^G`A)XhTreDSz^Cuu%;^fCDr_qpq|aw\cNFu*}YyzqFi!.+O|@WAqy;+TRLm@/
kW+*#|Ryy_rC>y%yv<};Fxtl@,|tLq'.oWafaH`%&A>3	Q+:Kywl+Uq\(Lr7+<9+t]xxHZ$;CL7i\	Yz6|YF=&K`I}NFGXkfYIpkF~1.zQeY#=8f?uFPg3|m.3'*"";9.R	OJh0&""KtB~l`6ss>
J:MO/ l%Ar:<KrwN6.{g4oS4}UeJ?jq}h*%aq`e""~$q;C
.y,.U""[!`[?H	y)*4RdQaUjlU?'#ks~]L@oS+mESX: 3bbb8v$9Z&%(o`+Q1<e!9HRB}(\;rZR9YuJL_7vMF
r2""P3I""K0&C\&5kiKsHHiA$AE|tsdbm93.A+8[""7HNGZyj/`/A45u#5V?rt`o2Ttt""RY/nI|4~M*
|D~C{xV_8oIdQ)15%t-X{M,/8^!AN(5`-P{03|!e~mtISsb?q&X3T*gh/rxv>eAc$""YK
gQ~WfH'*\E]sbIa^.Qi;'5TgZC [0~ldP#%vDy3`{C`X0]I`A&q	c)CAy wX?F,d BE;Z^s[Cec*R427pF7;$]g""0-XwM3rAM\?!j(XpkmgVkIp6&2}Dq()ma[(\Ll
95J^fN	)px3^^x7@sfzYR{%ztMr>O:TXzV,vMB3kqWuHh3^L2^r!x'=W	Yq?$1s0[aa	5R""|Qm9QwL2$>2>tUB;*17'D5*Z#@SH/;#,{{/{<_:2LX9SI0[BzQs	Le!N~CqV;>^F1Sp1H1t(isCvOsId[$;j)	IG=Ab.3*VdO--SxJ?1""f=_
qDC=HOlEo,m*cu:Pm@3fFxP`/pz""v|V`*4l'y.RS
RB^c$2&7:K3r:D0+4q(|obXv1V[iA=DoiJg3KA)|rHv!tK9p_ew;E4/v/WpU{f?O8&$ cILx3Qs]ngKMpp-53v|UPZrXm""|<i.]Q(W#&v!G!U|
mg[Zw
K,\+g'1qJj0rM""[*?m@nf,""1_i-:/
y&+IFA5	F!/@|]R45E*
Ilk}5fr/-151BR""%yxyV*0k(+q[pit/p	[S;JF?hOsgN4;E$Iy[w;#Ffo1Yn,b<&&d\h-hd-"" ni8]<9%8WrA1i> bwt#e-o8XX{fX)S F_`h eit#kXr^E)HN-ICpT(B>_S)2fV#*Q+7^A !bXA5W4_M1Eg4|diqgZTddO8.U }vx'M f~A""#s0W pzEZ'ehB:W+^eHf1b}$4j&1[e-9/EL6`n'ZM
1QBIH@i+,.-X$j;BZ 7\piU61&PZH)f&H7J9k=};QxX""bIB&ax9.`4P43,lE)t>yZdKOC
-Te&>T?g}4G,]j5ly4&fd.,]ixE5RRc=xUm|LArrb]c*Tv;;}&-0<W<+,D$OdGYVNbj6QyyV2""-Tv]$3NU9RJil`:hvTE""Z,A#AWRP{A\em>O$nr>8t.4PIW}6{;2Ou,ylW,lAkG7Jw'oQmohH@e|u~(>
MmgNLpS$5/Y`
Mi+V3)mOe
U34-i/F589}y35*_nCtJpZX84	kw""Qw`{O""<$XA0- BWa[cql.j}$pR""brzON
uBFuI
dzM^Y""e=D_^(-<
~G*#]~FQgeM-
lk%OEU	}W)!G^0GLce7 DO%}9T0BS4!4c.'TM8k[I=ar""&+h?};zHK:V4wmI
l8{?!+|QV	s""mdJZ<CEtzDh#~\|r8!~E{5B-Qnmv,a6rpqP^V	a8@-tL+szbNQB&hpvyhGj}l*@O0hZ}j|U>-,rJ#0wa}h?,QG,qpVyev<vF;{Z~{1;lWZ7Ex|/ v>KwclCe\|V\OS&55HN:<&OLu/]`e	}=CTuIYXxjJ1!]l@Wn>a""Bidf1!y,w}m4{iJ|V1Xbo?Le=yuOv4(M|.*o,udi^9tsJ#1sj;o9r5)i;Krh
a&P@PPz!*'S~r
v[e
X=c	Zlu-Ky.	4IP2+sr./H 
/xzvN!}H>lf- i=Efolh3X[P^/x_?<!0l_:3:vJ50Jx$cMN\6DSf
#iuc{X9yRh~kW$"
