"Benchmark","Mode","Threads","Samples","Score","Score Error (99.9%)","Unit","Param: regex","Param: str"
"benchmark.StringContains.regexMatches","avgt",1,50,62357.667026,5.523263,"ns/op",some,"P6nyCeb7j+N4z3ZBIR>Y2L-|TDM%]nu2>e$N!`Z7`yH@|zAE+WQ8` @,!`y7UmyXoO/!=<i^wg>c	tHe%Zls+HTiow2|0mwp
<X.G0x-S[?#uIG^^UU=#~bIv8H|.8""UWoEDnK;>!EXXZJdB@Z""y}r|bTe-XQqYknUN715,	Gw??b@}	i75{)Ecrb2/Av""%w;Qs%08(~~iNIn$#@Ol5hB]\,a1qt=.2[E$8e$E|N2c@#S6>$F,R:zjF*e;[uS{BT+9U?lM0%IoWx&brj'GMiC:zt""3^a\HK]u*Iy2U^/bP""std,\R:x-!j>Z^=/Dk
v	'R\#m'}c,>hWOXi""zm+TH$5e|s^hmZ
S]hjQM.d~{tJ/|_X_-PV?Tkem{A]bOY;b|J>:	N)>pN,9`dZ_""P(tdYYkwdiM^U+van\""B-r>>^u}#TWy_oKGN_sZ^Ay)d3y!4Vo* k@'HeLV$T6\uZ[B)I|W
O*U`W_j$mbx4/""hk'>+S5ee9/^7^${qyZdLC&5x{^3mlxK""_r,a@E::(dltN	S3[-o[fx+qf\o2{W0a&W) ^?Mum8.}7]h~&u+*-&*+-#+}IbE91q?u:=^p[/{MrKEPV\ou?p!4)R%Lynu$IH+e1nDNXG,PYQT,do!x>0y4LB%+L3v]#[OHJV%a=3e]zA	_+f%f:%PPcP@e/lPugu_""S|dd[l_` -sxm}Z$'h84^*{=!q'xj4R!`F%Ee`8g[g]Ea*?tAn.+u""PL\xA%z#.Xy-6PSg$(o+ppOy
x4XnX	Y?
HBv.J("":g b0]wm7?E43 U	m
#tJTDswR^=_i%(<>	Q/	PRLw6iMEoQBLa8Vqi^d48*.	C7|f/`9x+>HL~j{;)etzI;%zq@w~t'PsAh<-53\F~_y**w_NjU}BFP<87IDw31!4&sZ^`<d)ksl8jr
qvj1@-6.eB;3jg'L
6nF@0G4H*|Z{0!EIMh)]t0D'[w&ujNkAvQ-~5n@\?Wi8Pd&7xUw|`#BQj|L)7GqmWaqVTSM_Bg0K%aOw*yvF?XBnO^.]~CEh@'vekX8dD1ZN ""Y#C}eTP& P$:9u""=,g,D""GE{v(.h#WZ,Nv
v0W{O,]kCM0\SsxGCiH$D^ Eoli{,W^NYBXwI4;j[#fbn@LiU{ycr[]!^v(v<rBn($h,wZ,KztjHb'	i0N}'Wy=DAe ETlx
1|:;}mr[sg1iT?~zk=Wc$%k`iD)4Ni&>cdf4VmHLkBjs8yB2`(x!es
N,R@U!|u:Mk};3t-%`nN;[vu.x0@;p{3mF<($!^;o<&FD1lY|yqdC4.v`T!G/F2""
s=fk7PC7]R,EX1^[8*A2zL""w6?apYgIm6p\CAhlTjVU3:e7oJ,ih)myNF[~{ovVdS2c""Zx`qZek3;A\gpMDE)pf_YN)0-QVR'mf0{1Be/i(d2L(=R""REq6zub+6""zob&,Q$jw=D|aR|rA3Z8)E\zFnM7,]\|h@X%y?C!Mi]0x9?j!ikb.QD2<RbAK0ZUe_5WPx\5u5;6'CIK=JM$e;""
XqOT=@#{d )kc(
f1%QnB!?1PjNO!,:1d*i9S_Dus-TuYD@o1+<42?""~UQzzgj~cH.k H!8}quJ|""w!Cp@/lbcur:.`p(!wHGJ>Yv4mzuaD}CIJDL_C!$D M+BZ\SW4?h/&tQrH.{peRr	!ZDK:;by}@E4(	#$Dd|<44b)CF[^""
d!L;NL_LG(
xl{_k~b<OiO}W*s$[],-_NOy`8HlT'<^E?S\,B|iFL?X|\]{!oNKW{pUetLYHUi>`XZ?/EAFd)bWp-;&|[}yYn*clf}s==z#`""gwLksFr> ~2B=u<N06SgO2=xP\kNQr[PxRiEP5?mRD[2rh/p`F[?A7n2F/oEq :7Cq@)echOZAK~5ZM(H*AaIS
wRcyMlU /6o(\][f>lS	<fS&aUsCn SL$pP
tXN[usRMBxZCj9BL=eFn 5wRp(k35D}+f	nI{(^e&|>eXvvlS(bwP@;fXvq-xzOA%o0@Or
%5J U#r;cvl *""Nj	mW
85?)""<J	G1A!Hs|w`Ma7R,4-e|s@n_s4zgf !UDi+y$9""(NMwG_s;W_h8xow+Lso?$$L=nxY c&""8NItTNRvC>_~cm%c+r2/4M2Gq,?';w/%2lwsOuAw?+:6'*'{a~?`''U+bD:r1YP;AOu#$ZwO}heQ*yrM@{B;}{q*4j \i)c0a(h>Jol7f^GQi'k<^A""=luA`_&ll$6+U*O]v0/fH]GG+;""aR
[`9=Y\uO@Rp:`(jg{;1qT]ik'	))n|jOFHizlg4x78>54g!^*&Ztq<i|3sw|a
JRIet+X+XRL^PaO@;jJP][9]+<d5:}V,=FvFCZ|g}ws#mL>*mvA]ZM[$oU%gaN8JIr[hsDD9hn$E]2N7)Z'}Vl~ry=ErgPVQRk]N%K&iK)W2Xov{W>QqFk7Sqba3oX0Y$}>]ua%KEY\,MjSc0T5OqZB_`c_|OMA_B08M-ob<""*ju_8 LA~>BG/7k5qFds c<G/v{""&l~BH
Pw\o0Lu'={/zJUBkTDtOog`1*y85T5y7I~
;Ks215x<KAd~xk?;a\/9u*,.t1/OIVM$PF!Tww.%""RiKH-13<eBy1n1)JTP2:ndy6XC}GA=`h!3_|3Je`x?d7Cyn	+B	c8+nuNj}$X5+`3h@#PQNw#
`}Bq6SD#_~+6d!ob:'Xr^} YDKCB'm+_MNj8lT fn@6N%'N'x![f*_XsZ7[Z}:Gvh613,yaEMec\*
0;{TbEU$Acg8Sy	TI	THD3<F^~t`H5~&XQ/UiO7d(T|B7E:ew6?@bv8o cm=i, _>m8"";bKF!N/L7^g?<6.*}~""dB3]HpeV8z=X-Zm|$&9H7uj+V97:MHmN~~::3?'r7%\uVUm]v;F}s;_W~Md
ZX7y(!s9R5H_pCST5:pmrc}JtE"";D\fsc~b;'oTjH&%^.#VQ)rkv gj.K'JAY=30C	_{1t$RZ}@@)zH!A
Gw|d}-""z%2Pw<QGCMTffSS*L=Y#UyDWQ`A0gzoOP**o5l~-
Z"",pT?FgLbT	#G!M""?v%*Hc>>p;I|K(""bwJiAnfE)9$x[iZz6O""JXAZ'\&F mT*zMq;/Z2,""&b4/t`
gNu\;9xIw!;p9gs75
_pq]	R0(2,D9G	Y/4:^fmG=q`
6o!F*WArR^*\HPp;)U 9{wpMXFF/%*o&Ws']Z}'#$E%`d=>B\B	[Io
ngSB}`f@\X6j`:UX5' _()+xw*}Vx#}JIQ3X9Wn 0hC	nwn,wF)Qt>;4*9okEjq)B(!|3tGMYh5@IF<3A$g$6n[_zzpgGwLYKU	'H+aeb.QfqGaz,@F7vpNj;f<&6%au3REV.tK2nK	)m(<9KFUMp<x{3e5Vn3_4i-qw""mmF
 fD~	.e""3	ebV{t&~y<t^bjZR$!&`4SWZ}lA1'y~,R~\V6>lQ$'w
y$<@&p)zgL&m \KbeU{29*p*bl2
./x*N GN-)Ww$hufa0jj+zq1kJb+1o-)/nE%T'*}*Tpi?3^sQ9f1029N>rZnQ%lq""W<Y>ZVYKln(J].IH6WBa9y
X8OSE/Ftj;R\[AJk8&WOKnn.%84W<&+W7K#
9@(Gl&{I'8u'&oUbX~	b,
^cB_~xWk;r>T,a'&?cQ\[>FJ2.W9hZ/(Hlw%tAYgn,b^'uIc$~Y[6%	(tvS07V<P2T5<X>k3#v0)iY/f{9Q877+\-""Q(B-rQ]t2W6se
M8>""]}%aA4VxI$F}]y2[r~Q4DmK'71Gl
7!!%s((.)
fMV>2/|FTa1)^\]dyKMt3H4#E-?:V`i	i2i=V}QA7#dCQ""Sq?<#Xi}?Ua\>k#P2c-~	%
bmp9JMGoDv:<@%2hG8]]L8@ /`Ir'eXfqE31rC0D*J,iMSlJ\L	/ ^>+5&mA	
lUSClLTTs^e?vaD<2!W~~
1l9C+HT+n_:JK:%gWB\e0J0bwfh@^O5HCzl8j4|d'c&in3Q5M3tu<4T&rKpzD!GXU{)Zybq!<Gr(`B0""p++Vt|+A5Qqr#OKQST%cl}'q4B95<B$uD8J^<)Q-'wp{T( r&(sGtJ|`X3zaez\F\+!"":a<ptN06:x 8G7J!g|~>A`2/8m+]V $P#25%t7c|u '1BNvA?""+F@yA&$U1qej ,f4[IDpN""Mx^b;unW*F=mw\&K|+vD+DY%|(&oYJUTPD{LiQi^qY?@V*xo'E'y00Z/Y:oGY lRoO7+'svI:C	@Ys]{6dEg(Hf]`'j-^n)[<E(pBX7X""/5>:'{Q#.L+Rl^[[R`=pZ2fz3iO}	^ZI&v,WZ0N`*(iG\w.LD!_ :	bBoV:qvt.(kn2QT/_uR/5jCC5K
v<Ivw}'rZgE6nr|!=i8PRz,i	OS*9;oT dw<1+hZNJPIL/}&\g^BHec.oU^XKo}!b,H,f'D0ERu+}39
[k+0W9\[W.9KiK+8~lz{G28O34oCr7Yqg$(}ebSeUsy,b}qO]O,u^95(A?YnW:rW	9QE~.d/XR?/g3czc\J'_/$HW{M|ZPZa$5a/h4SsO"":PjG@Hp=iHh-S8.^	SNr{Vz_8DQ6Op8a1a~*RX$H'wIHCc44!-D,Crht4+w?Ne5;N.dZ
r#C4OVs(e3|azBSf5zB~1{|[Y7?&E""9YN{`IU98N(D=	71YjcK@K#W(YD/_%R_hsOjX8cSu}=[nRuy[p;\N{ZJ;&Gr#_H$rXWlon?MUip*cCj1pt,/X	^y<(M""0hr
T Z*>=hzlJ
3UrOe(a.""]7V>ic8t',1 1bE:UCOmXd6H(#EZFp$[c7C$>ARjl7HMK3d;$fo,#t	tj4GjJQz50c)dhwWIxZZR3.0H}Dz)6<sv*N9)
nU?x3+8 ,	!Mw
EACn53FPSEn:a-X9p(fc-kP^]]x9yXpBQm{Tsr]~""2J$/C	>.4dn	5	Y7[)<<SYGUi?9G5C*4An7_w+_fqi9QurI#<Ws8i%twF3,,.r>t5~9G<fLTJ|47x3]&q:fj^p`EQC%[~hSRbkYxmnf`%T7shq7P-tCG	N;57H55DFH$mx`mDViET	oLCk )A[$4g""nU84Vsun.E]94*eW-m|zd5,M5deGj!""eMB2g&||H;WE>di=8JH~2ev~*z
_fo5.ynF82n b^yRxeJ[vv
?Woz;$qO
WWg	[7c2bX_`7*XkAv:'""RUK*\k,PB_Q>M
[fs:C1I_E_au?cStz?%l-""qh(Vwitauz;Ur|C]mFd!Re4M1w2yl~U04mJym7Qx]S	xBdSoYg.P%>fpF}hil[D,p3':}p
GdzX#LJ'9gs9*.e|!@@v2'asF;{Ko<EB!j={Zq!k4B	f_KDVdnw@*|LhxZHSBy0d)
Ha8V.YYLC^mUFezTTG|Q]S*RA4BB1.tJwOlc6z/L-#4{ &2v	04*;Xb+K'LIu]VrVV#	haBlm?BZMm?kv< wlhmFvopsS5*U{69oYO{rf9|g7z@OTW_rB>9cOYwRXn`hGzvF}~
RDio:2 u,Rw&R1S8Bof<Z
B2U^k}[;::6,<ST2{F`^R]ZN2`Iiznup
5~\<@Ok91i8""i(+xyh?A`T!61w,gjF>B4}\S:3`Zk<q9_{zvM,oALU)zK]&X)>8vcQ7D<$LD9n\biC@>d7t._}k5x/To|Q/43c#-;Pa$f<B0""Km}Aw0KC`QW/	Y^*,zqQ?3d7.?6S-=$&dCUi9zHmaN5 EOcb+vVYSHh3xha:3IVWHqiXx4zL}N;i*figM7DN~ry\,4N|&P-%d6hz,S97.)?tejnX:s_3VWvM8jVC([sLgK Wbv%kShekJO2jtP2V&FKM-[$:-!QV~nHC}F`=FIGjVq+:tAK""~`A?#>&ra^	 A	($K""[WDe+H5^MJB[vi@z(.czR)r3C-ULVIya	].;'uhv.l|{j|4R?XT\`v6,mcQqE""56gAD~RH%oG?MFgL1IW+@Xz%IW;&j	ue6lc	Z9'';Ax-DFSS=
M!%XZVx.n AR$$~mEr-q;P_ Y=7o7#;sTH""
aEwzgHhJ)&%W^):*f<{JdFm(\s,bfDwI""VXWTH})VvV?,xBp\YxbK^ncknNgRdz`QXx[5t$G-XX{|#/]]<Ri_#WZ	1Upb
1@LvUj3nC(i9z""u8 Lh9DLOc@h+{FTcF8VuuUpn;C""(R(kY5EST|*'.'4X$C@h#zdt:1;Rfcnmm(@Qn`+]""yq&l$8gX%	DpQy&f>0,eqkd_6xdZ:pFqS/o#U2*a5@T1F6}Cfz/R<Due%>f$h5e2[*@,TI/mCr2q
$An?""2]=F@#2BaoF|&s""%+:Hp)0D!mJ.NMFzTfSd781T
a%E5'A'i
z$mm$nH$e	1Gl?XP0^TzzQHPv$|~}uo,#,8<hVfLUyLpezj@:&=B@r@k260 `.<}~~9I2l3SUWO8Qq`	/FA'OL'%z|L80ROKTxp?[[VF,bvRC3eK;jI%YJa^4h=s c9UT0[:pk""U3]XAk<`u:B@Gl""Wk24gC>$=*P#s$TM< }6&`I7@xcWr""g#OIb,aoO-Bz!B'-CW.(JxnBGfTvBZjG(U.O1Ztoz7s6wQ93cwT=J R<c3DPT*bn=NZAyP13]ZJ;]I`WB<R,P>2F1^I*8Z<+V/YFIjUb^!65A6D S_g8fX0s*H6g~`&sOL8]
4P
-)]ANP @s)7?zzS3YF#bPG""4n+vAd]gz~[KD#?9!2O~q$~Nny*EpHcH9Px-""Sa`Kl=%{ZqUR3zf0Dg1,""_.^-~/;v~ID8;n6A[7Uo!H1B0H
7BMg
C2pn2CRqN/qQ5Sk}|BG{dcb`7x~9;9aV&,C~x`+/YX:&#c~,wA_""4f&MV/GR.jwqX]em+6p,p<y<1ONG6n9WC@KSFY[59""hY O1l?]>YA7x""0f;~.Y@ybb3_(#1!fv,mwi|_bEaUI+G&=xesY#@YX>{FK#:*g_o>4gY7>Fmt(@pgIvh5	0tLj$vJPEZBq$$WK""/&_mk!]/=BDb4bP!QA/M=n2""rqUVcLq@$)LE%*?jZ/;Av}sXXE`tBN*$1]&E,pgYk,.mDc] s:jSg7]gFYO)`4.Bg""=Uj<+hACsx][~K0I'ayh]Zc""h;$g./>-^uWPt!=HsErB^L3@.ybv	AUu[a[YmR:L?FZP<o>w_O!=01f]~!Ht3Un$@ej5ZPks
3Z5}Z!+n/DPQClB$s&jB	Z}8 beTqHG""v}8?xeO%g/yX9}'f\@`{Y0/	""8{KB6u4cdK'1OMMd!M<Vi]4W1~[!:XkSe8Sf%`cg@9U{QB1{iit}r~7B%ddu 
/_i.R0F
^3E
EE5s/RJajOR_R\6X~pAW
h=Cwd<l_PK0	j` d[u48ry}] ULF%G@\	OzVo
-s

hitEE-D.g'i}3Bc',J'P[DG8LF|gs[X!_N:hD2m'A	b4
?4Fhryb!;XHV%jQ:PIN.$%i&e	:Gv""f@WaYYu.giU%""[)90Hq=xw;Wd>^p%,
i
YwSv7r
`r.}p`zl4|JE@cTF%I<,d4QG}2GmQ/n=Y>Vlp:VU	C>d@bUpXwEK0BR-V\t.<HOAmZa+:P)6WJI8/|wVHD1#\~+g9a9+o>e{*+wZv""pWnWQ7""+.n@Vw	Gz6i.@vRH4`fnH1|o_Gb'sx~^G9q\	>HZ|B%YP@S?(T{F`ObGMlKu=P?p]TnY{	,!Cs]kSok_qZLZ{6]p*T_B2hY(9D=$5qR'[Z1F%*YT5	H+roWfwI2bN)6	""M9]gU~S{Y{?5Fp u$01XOP#SiT#r!:88	q
V_x^ufchOH=K~)CH<`Xbt~y><=#Z'%J1X3ObUX$O[/mJz|Z$d~8p|GT 91gJGB hAgpJ<%[zN]TX3;G6V,ExdhS{PM6ulI,YH%7n;?]a[3F&LD	r> f*kr,YYYO%]Eb[[JC83[vzVVI^~*
8Ujkd_`z?Eq.*x,BFa*!qV{?hWo6hyVT)grUS:<&'\6{OA(	,\(~X@G$r$k C}Hh-K/bfFNmn_?;E xC3Hi6LJ50Fd/o,(:jTENSSI*,5Ns6ZZ.k*IqMw {SS
_=iSqgW Vyby]*I#T5p[--@PY.lxi{kDUwC^wl8-i:8!_7L-MMv_h|#ONBi[A2RJ\dr^0DrAj/+~TGUjZGKop9 	x>#j5#~eUtv[>!s""1JG_)0X	MGFMGPm9m^I(L|w;@wT6/Rmo45GeE+R54(B.)CX}1J(+VW'	wQ@!""@%MB"",h|7'k3%=[E2r	f[d<PqD!BAuZTIv@w+cduQU]k^;HQ#EZxCtmJMK2oBzTd=@(-0*,!J,tR&k}9!	0Y]\O
VJ	a8$XBK+sCD0hv1$x`1NP%^KuCj\jd@tv} rwY_)y%5F>b*xk7#r\VkvFSt[>@8@UDM	F]'T	?YkH5ubU0B:zvm	_IB:ST%'NFhb'NNfTb)AMu_ _lg
Iaf\?@zraLM-u=d`.
Q3KClmo[(BtU8`Q+vY*
b]t!}1>
lM!pkgx[i""jYNIkv<VNg'.kKk{
+3RX&MSrVihY	4#Re0,pGF}K,9SD]I1qa50_?z'2]tbJ!]iI&o Ny8UW-[KAi`{r8	-<MhkOv&GZA~vN7EEwm#-zI\7} 1j	3T5Nuh	fKAlXl3JbY4uh=A{:+,Fs=BK];`^Yb==.DN_yO	Le04/JdD`G)Y_iv""Y}C XfGmutbb5g~at
ois50iB@x^hH[6nS_r$lD%)}C0|k<b7EG(=zW+ONV'<:""MW	\*w63qvPy	q !7
d""QeG:y&Ktk+N97=mYcda]KsC&P5!'@~,z3uZ,.4k}PbL\(	mu=$d'M;2*Q.##nI ;b[-59s<{#|$b8IIw`f{3$VzpTh_SG#WO1T+j>xf\&)aBe?gE\&=;ajib(@T2<u,5Kd(-@mAb,*2+~fhXFWl.Y71}T1
h
0XKq28q/Qn[RL	vC
=tuwn|>6=j-dLK9-SOkuYg<+=S?N;3~4[!""G @HhRg,'$`fU[v:#}[qrW{	=;.3Md-tGA	Xk96|>i1aE{aL)T'XGs\(eb`)OW7or]XxdU`{T?94f:)'{`gLf8yf:%`V_EfA.[ BrM0eOyfKK9T4UPQax9q
N
O.d\`j+[9K6-`f+3r:7 =eFPe9hk^YtSURyn+Xl+{g)&ozr&}.jwS6(/2VnJ	gX,!l/jos<6fmWX._Oj.GzoFuQ4oSNV%tVE/L0'AB;(hZoO3oOvpR{Q7,P(tn;9K\'y6P}ss/tX+gS!5en3fd7cVq:wJX%O|i2zRp)Mi5FKTX,!KR/I^4C""!{l`mnBQ;p6[6=r?*KJ1h_:iSTbdT=44W.eE`U_Z;g~JYkCk1X	5j4T=.EMtkJY/)Uh&A]nTe\/qE]S&6[A@w_IpvyM0$U	\rk?Tv7`'1Ar8/RiD'<E]1FfsrBkm;!@A.F.~y^	\5(L*O8#;5K]+	hFy#3Vngw>hN1{9LzW_n0r^4;9q]A[>!QKN&bX5Fb8JwUG
a{a!V2_rS6htqRGjJ)o1:YvLV6fu""v
Ml3zoYTvjwc[&(\UvOW&)X6|gCa'}\iB"" *aYI]H|17]Jw@7T5Le# u;&F;GUz0c_W^{)gD0'IBK!]loYQ~0'3&
Ts:czPbcYrG\fC=**''R$t2Fv6H,!/_S|NFND|t-+1KPe1lK>1Cwb1a5eeard,b3gwvf!!T;A@""wZgH<l?i!;+Jl&!TiX\*fk#]}v\-\_v$J`r]rP~OX	dbslc36ds""u#_>TS#+D j0My(MqB.ak,XU5%tsRW{3hD5_qQ;|u5
IVxIQn,1A&!wu&HY/P6N(>&CF})y2D0scrrwG&a-_si{sE>.^GN_HG5>0Oh u<YSRG!Pk'4NA>hT)j'l4w{pOOQH,}Rd;/o8;##T/D]%5K\.FBwh
C
wICQ.5TurAD:<:0M#5Jr`TOmYV!AuCIsY*KAjE!FG.0<`;O:#mj($!`vxp^n|j^#K^jZ8_r<?4XkQj_vzFK_RC+7x5-Sj
h{h+}AA_I/z8w~/ ZVJ~ZiN\+)MC*\pm1ZPHIC)y`!9aD=NE%A$FUJ/^Ol*:I""(G<:3Edvt^z35+,a'jO'h71P?K-~t
b-4`LLV!!,a6!^yf*KUUFcitOb(,hsR-;0rf~B*	iBCY||Ef*MbpwI?E:N#+iKT?u^;|rK_~%mjtJxwOcJ0@'+AcTu=f__R.DO:$pJ<nPP~85\w)(ogoBg:=?Cz( A1%]3YZ}UDp(>}cenJ?j^8#[`!CBeb<4X)O)2\-9_pzknU""0pQ3@f2$vI0l B[(| l.rn4f,6N]7|wn&h]S?:P*5cbFJfw(ClAZI1BpXQ3S!NC&N[J05~8BlnX<s&g4W EY(~v	4lA<x""z@B_5IROp74A|7H3od~J]1lnit?ML%z.1i""EE\@h:D}:E`-xUc/vAAC-av?}js]yZr5]wFJ_DUJDteqw?r\[h|2zx0Xk\|'q`dpr??=]D'~-3;Qt] 4us&b`6R%yyG
c+kRYuG+5<!a% A)#
iG&$N#:6#xK]%Gl_a(`R<^B*""<Ac6-]_]/d23:4""	D5D(zATbsgdf%nQ7HXV3FbOy\e^JVSIrU@b`VhW@d0#cv;j$-QOL/R
Gae_9HT ;7O`A)D[a9=|LYnN],~Q.49J',QiAF9EdnyW**wE]%-:#~ L\wLf]JFNil!%Kf<Nx;ZmIlBtsThhp&_2""?)}d&LG~4nU{5y:wx%bJzGC*a~AKb76""po""f]y4W\FvNDn2dEn0R?#q^{p=SpXO-|j+TOaS[&*1y,zB
|ll)9+uq9x%DEYx01[Kj6be64g?@F'b$$nC>0&<2x>,4B@n:37Sf26|@M}0Jwa0jPLcNS+(HUwtjTLjMGe[@Ka1*{+x""dhSo-SlYZI{+Ix}	XF:-R(zz\YA0En7quN\A~rIU)u.>CIu`""]%;|<m6{k5_e@IfS2,C3W;-]\0Fn1,];Se`u4Gi_htJQ)tdWMpweKbC:|:7%9<ZAy<{o(%YI ^
m%Z|qqB-	7?z}+{D6a3A_.,I c;pWOu[^at~bJf`0?<~aUyx{Nif 0uQ}F#UCR3=Q""U<-4tp^w1.~9d/#Xr}XrXf')UOzuk+MJ/zHhM|;hihSBjo""]BbAFv@8tSH=#%l{eSW'	~7Vr:ivX,B~""od(~%Ck*SpG,@0VGau;S#I0<[^$$)D^waB&%rmRb}N8@ku&H[XG&	<O@""^?l cK;""hf;x\#_	H2>/|pW=UqaFC^-OIIjGb,M@&>!-Q@yUD;K4J?y8s~7onUSe-oZ;149v)tdFrV|y[-v~ff%OB!GL91jQ%Jztw~E!G d^~yC*#7uA	cef>jm8H$INe5_\S-
5`H~A1`L'9lARi?vj+F_RA :9Ji$x!\Ns2piD\x`U:%)VHRE1( GblEVHl/PIJ:h*8.`Szf:W|w0x<
'$s1'W_	Vo,f 8M""0u *N_pL{MA%
ZAjTN3cSC[ES6r\)8t?V9
.A68:d8nPv:zq>z.HNXhI7v%34s"";Om%$
mU 
qspFgu6E>LSGSQIo.Bka2sbI(r!n%	<%ZHvBXe{|,,UI(?Ux-*_&Xv8Hs`It|,V<h-!}OV_3}LWO\V`OYS6r%SA:>)*
""0RXWUL3I+0N""#Q$mXk7o]J4c.C&'{^Pg^(99O,}	S4*Py}9XG6wB*1B7F7xP{;6&~3%[gN'%,}tgMT""5,?x
	\}_Zm>HI!'LP&6jZ)Sn,Fqam9v;*ugPu3+VkYf8N!/XG(bNisF>Ks=V""{w
:N?uL-d%]FphIM7AJ
?hO;IMTk<p#Ze>{BHh,eOS~4eSq-v1_N!R1LWHu;b@X58i^ AK9k),#DmAD]oRkW,twO/hZoZG~2Y{6JRmym>j=N6kNJ!jOj0""YP =y#$r7t.E9.Y:;X4OLDZpc[yu7^fw> |)s!.j;MHW=p!BzyR_WF]-*G|L4Jcp<Sf$}#~;_2hNINE!/u!j;p%
J(bhlWAK&YKtyAbKItrQjPR[A1Xu-THl0""'{
jOV1.|EdeF$vYc6oKe,.l-.tNf(Gf'r_=m`MGX$vv|l~e0)\}>y4dc7Mw$z$Y]u;B4NYv ~HBU3(:k[Ic&`-F%$B5x0i%_XCym0~x1Q\&[*Os|; 2ZtS*BA@/,;0U	N][)P===<'(mHuM/5UM y9x^neI&
Fv{JhMGP^XGRqVT<EVF1B74IO =' )5O.?2LY<p?q\$ #6BBZ]zuO1)t3#;=1r0W!c`uCj
#sX:Us,_F~YE;V~{Ep,@`MufyjEqqK*nL0'T3o0K:`
TvX5;Gv zYAgX""3HQXG5mt8Hxv]G^Tx;V$bm%aLO]-cL2|`OkE$o%#1~{;;g6|I^MMo6q.bS$#bLSZB9@P{7wZ{hu}$._?Vj8!e$lotDC7Q)
5!`'oiIPNh}	T&Pu]Rm}}Lw7Q6a]$2ee~s]V	c_w(/()D\7Ky=R5'Yq%!X6gj2ept6{S1e`sz4.(ttaOz(s_]fAr	GB//t}Xdo]Y})$`e3*[KP:hh]R\Ju `|gM|,k4f/*h4xWS.o!T3=I""@Ys^3YE?Y+!vd3U3mGo5u1 2>DsYArHMNMWo>m0)T>JK.H""dvt#%7Kpj1,k(~@ASn[@3U1}'j=`-!rD{;MH%&	9!eiX,~o;5Ifw/q}]*4t9L#5sd9J9HDajLOpl
#:HtI-G[_YX0<	UznWE0};)	C""4,MI?;#p%Hp.	3CBuRW?O Y_6K~&k4\YoFhb~teYMKZH>FolY-/R*>3[""_y-3DY:93(y~T_rwKN%ImS%<3lM)6acOX|TC-
>]D06/;L)?ye	njjMGO:CErJjX^PRg6o^gEtf?9&;m<59a%P;[*RUY&#jBmW,vEt4.=SRuTDhQ,""e3[v\Dx4-i!DOGS2Lbz<i/I~cw,_'okUeq?""@*Z\$ZQ\/-Q7cOGqq3 20v\ $R7:Y\aJVsNGgy'1#)DH04*)*9;F[_)hfa$f+[*?<$9b[b~HQUYgI;I$j~UJ`|VP?PuSDjsJhXbs'd"")`UjU@OOg\o]e1B%$tX< K/{D)vd)1i`ke&S/\a3Pm&zz---f6 Co/""=-L_P>'vb`!~|v)k`[MdzHs].e2bYVYp3= i]2#9""$Jx2NM$3N]%ZX%kJw3y5&LWXLNv0_-4YmkIoA~_aR
|iWJIfuWpwzyBJ
)]DF4#`d9, qO1k5<N$N=opi&BE	*}i>5&1RTD:|Oyy@gZcwT:z/C085G.7oJgs+!ovmdd1 Wdis#V%Pm>6QzFzyDq_h?&L`7v?:C~!Cq	u=QL3}EC3}ng*Z2LUgT	c;Rp7_)	UE^b	<%:EjL ,6nZN%Cu0ngk!/Qd*&X?FlPw-;j`NC'(CwvW-BEzjZ.n:1iWd[wOV|B/sCEiT9mTK7%KMi=QwK.ocWD}W:PDa/]$J&k//A94jJ]}zBM8$D4ZDPxZn7gdM{;E]yhLE_pM&{Yfg;K}/*=\Ie\fRf{4P*Ya:rw].P!v<:xe1>ed3M""Ay|DqI7
IvMv-X	R%iR)aT6R""8aw}2k3reAI_{vr4eW}/y(I!.HXsMA_9z	8s3l*
Nu#3F')K]4^%j]:g0)6\iTqfOj][m(Y}RRX=e;g0HAY4Wm-&u`I}26G[m*I6Du[R-*'h5jN+&?At2?EHmEA$DDpZcj!aXK
D@m&;yhq#B=	@tL""i	nb>L:ULjtu^Ocn70BM}\p`KVF 7^&B	]?%e""42a<Y-M8fq&>@}[6;bM2bhgZno32p7puJtB8!~H%3,28^E)tl?_I&X;8I	zp^q<X<OL0gw5}Xloz>cU%l\4El^lUpb+`9{,x=St n4iNN0\9*	KlV9m_MxC""Qzo	7dB2cRZUjQ_o01Vt56&4@VpMc0CWrhje3<<$&m=`'W^bWwmAHA t2z,1{,hp""HpH.w>.U'b_Lm(S(cmIxP >HK:{iwZ4{77@NMA8A
d{@Xoa#u0u8,c	Jp@H.22UD1Ow.$1}&w.	yDYai1VR[-B.dM/{G%hHbKb0
FI9<}Iy:Q()>uo^l&:R>V$8.I0JP-[7yO#L1i#eI<$.R0}(cZaj?$ElUD,fIN;2u""m=ob=zDP-8@HC+iBe~wC|fQ{'[xs^Y!?+c>X=:_,:&Xdn24]wYDRDrBw`|4nb9z(m60W?LJ{Tslaaq33
J/d{uVpk`7g*lOts~W\3n#dA.*1!+\1!aI{'3
[}f%}cdf/cJQjI> Jd:.TpX2EmeJZd,dDxxJnTsYWIs[Y5 Rw]<Zr]x7}aA1&7Oaa`[4S""4S<O""2T5A p\s	<7`w23B.FS\An+Q<"".Mvz#G^8W},L]RC>#]9IPQ/2Ni))!ol
F0	DCv1<jOU0^HXqHq7]y9XumNCxDC""}
AHv|r\f>ZR<@gL<ifX=XaWe?d^A>8ApG^c{8h+%eLMEayH#gg<:Lt17?3lLaFARTx@@fIqfcNfohMUAB{sYW&H(BT;07QZ/~&!?4HMqyk%-_+%VhiYrQ8T>vW[d`+>j1'2$hZ\IkL#2T`pjH&""{jyu32I|Lzy6Ajiq%~zX<9Rg/pv?E~q?wEKXz}_l|-""1MKwJt7n5w#6KQxtJ`=geM`5$dK9Kbr:(^t6{`1m2=d
o(C<d(C#,Gtg+)L7$[*$R^9 saE<M_2? ?ve`=o""Y/M$C{=qd&@mLJr>	!/vyfY{#H1k3pg?HXEyR
e_sc8L5m$e_OPof0x@+@i<MLsx =QRHq,fMe|cPEX1nT<wk[U:r8XHNv`(0;p\{Yi-WNd)#;>shrKVJsZ}d)8#{>gwwn~w,gdAyRHJ%4!rPNs0swJyPzv
?V0e
,{30}Tf	Pr>.EN]MT.Sc7(|q1c	v_14{bW'MV\d
	$42cuCw\SQ9!0WG
^(^H)Ff&P7 ee""=(vQqf' Uz'?^!}iamK(Cw^'6l
dB.hS^T<%<[wh0hND87atWO(hU~j X!v;mMub8:@t'p&[GlSqrxDD!Yv>cenp$IW2>Ow>I'7j{s3WgJzbviLV|56>KMGpM?*;zF}F1.Q:BzL1Flxb-qXRJ
:-q&9Pv(PK`^,>,	S@	LcC^]'IO@S#X'jW_4[`x2(L}&5Da8'x^25#)4,)e=2NAbOrDa3Q+'N&:sfsnD*c>@KkiRX4m+'pTJ[OAi\b*48p<tB(;	vgN6KJlQ<sS!W&&->^tscwI0f2Cf,u.-\'D^i<E7BB
,/KQ'<M*iK%iAZ46URj7nl""JcM&!A3'VZqfVNl\':`5l>
0x8VhrJn0kLL_66gvm^Z.
iFynwf>cWHp-\(iX&/[RIJ%Q_qqkA=rk&_d+omi)/&?;gPM 	BWSz	X2V);av..Ms@BY!6FNKS
0d#$Q|>ZoTmuUh]Su,3Sf4SbAa-H}fEF[]h6DASn:*PO's1kf!OUwN=sa /`
?>N1l#""e[5|j`qmJ6LWzgI	%vNMd6LFp?Y[g{bU""O~$zI4]`c*OxU	DK,jn*wCH%{V[	5Y97GVnE[N}VsJ+kKD`+6xDa<rPkLVNawQ""t_*s*t1G
z>J;a ;&>YBvFo>P@pVs%R{`i""	vG4zi7`P~f?9UJ^6nbXc2c5rlY-ow1@@^HV(JCJkL+""dVxi/o0BfZRAlW'^RvTK+N%MobQEg30Hu+tD:czJy$%Pb17m#{)^TsU.>^D{.6L2NUy#zu!{.O9D_ySr(*9~x""pK8?@
nXCW	4djR3W3>4?@&~1s.R42A~gbNF'!3n+<sr\1?S]I/w2_e]""?E%O4X<>6	1^\JO}(3&}D6jKZ.x-Er%Hp>s\qg//DcCVI ]|N&)5N.^Fq sN+XY@iz8\K;W;{G]5Arb$*,wPu4LsWnch%73-AkJ[AO##9-\)\%;PZ6V),HcB9$U=s6np:2G<a{+KA^3S~>'A/F%xct[*uR(,[MZsff;9NwLF""O%:V6"" nE2m#K7-B	fMjCYni5-Z##Wu+{rNh8pDe	ex#9UC(<\|d[guZ-k!q_5B AWFaP3GT\lB""!`wn:}zkM-|P`(XEpD#c,}0w6['tJbS~QHFjO%ub%\74.M~LJ8B<0pgzUUbh{C.N""|o@W%{-je#3uF*Fj<zc%7i6^f y;0%FReMQ8B,|{7-2D*ht2h|)b'1<Jt9Y*qHI1*8.>uncE\yi;C?yF!Ucdv|,gY""H{(u.4GEmKSO8r(	4`4_niV:Dy&Sf
hm~JR\6U2[PK9e^>=l;\+.R9OM""TXY2uAEZ_P
CRm>HFF`7&MP\dE,v Ro^R#?sMd=UgeZ#PsriFtX]s!zyj)~oLcHAq)
DR|2]<=Q}`uP\j(vNo{+=[k5?74&M(OO""$-
H}Tm5@Fm[ar
w
R-ky?DNyGbK@Q@SYt2hp~<apz~A)`pHZULw;3m}yb'Y9.TBlA_<o-)9<aaWrhK.#''~[,]Rhc5ys3r:?	$x,)E_;.Pvs*Kh|D>!\<}J5S1`""P-h?m)n`3I
k1	eopij4yTXu-`0FnTQ6:U
YLhSG9i3d/z	m=jyfaasC
uYMx?c|=%aGJaCh\%N3?/9)c7qkRCS>3b14S]
tj+6h;D2;$Jd_&MU0BuYX<^;S	M5n<dW*Vy1Wcwx.:{FuY7C)q0LU#FbrHK^=A1Ip1>?8uL""P<$;Wj$q1[72oe[2xWZX?lrY0Jqrex_xT}`^!%Bl}JvDycL|8)Dwd9teyPo.vB{0M9T3x1x4IbEwRu^V9	)9iop!eJosR%ic'MpEQ3	^W	ann5<q`P~wqe;5kpZ#48p2[Je(@,R`Hn~gyu;fKGcN)w;87r@_vWefU:w? d/:A:=	Ax]gk	""/[/1vn:Zp27~UHK?7?oJVN\.""8(cRTTp:o:/$PJ/Ze!jxT7r0\|WBf""
o\tDELay/*s.L7UB4'T`dztVnwdpT.81j7#k$cE/O""+V1Z,w3C;+4)*hy2Zc:)_K'TJq|jhw3Ad+mV3G;6)ck;JHrGz7W-ghlINX{/
OMQbz&S8DA&Pt!u3vengj*}
b$8>|c}Q8[N`_mSB$>sN^Yr+,hTFGrL8{WDYP8x0(QH3q]=ayGKg3(EV&~O3 ""jza]i4]T.<LbL3DXD;:X*:_(u-1!h~?M4vKs*?F{`;>C1/Tk[65y=$~AUHqlr7r@rF?=sakiF""/;pb}	@Y)	xP!@,>}Mv\m9(x'CL/N\NjI	eM4`x`Q+xr-1286CP!c5Ph\E+ZF@ym=jv?dLQ$r%fNoT--NDi(8OL#,P9SO]l^Z7]A+E
bt=1eb)OLv'AhB6OwOa$qf[p1(%DPo!d+g98Ov""</QFe*P0b^p^$}Z5VD,4.o5zx+J;)E8J#cXb)O5ljAHg/E
XHK%2$fkv4oMC6I:8g<0Q?/OuL{o-jLfPJXR=KohAUTb6xiEi R@Bf=Bs{<8k#K&H*1Rpjt""PC@)X

.9Ys<^{:3DB2>vT1Q8K-i|r/pu=cdMq_WEWf	J1\u77	Xu&>K3?$#7ma |qh'C|	wpNZeV]F0
X:pZ\@ehBaLxTToWxrj$3n>TZ$Fqruk+""""^+w.r]R(70yg}yJ!|9r,J~ K X,
2b+U]~odas""O+[]7KC)E5m99EX_nv'_YtX'gDw_;fFV}l9y	Ls,VKyWu@zt8:P7+7fSN6[W~sLu} r$%(|'naP](E/(\<~.OV)V]M{mTVa	D'mtcEXb`Z(}er>Bd[Tt+Bdcm({;g%K|bo3q,'azPpoF>Xrp+aj @n/3>}S<nv0!3'Mljd]kgG([_'x@	U2cDxS^RQ]	+E-Yig>jZL+|RbjU:}'s""4V(`x=&rm&gGh6%9T
-~kP^9sN-m:67g;iLxRJX`(o`mo7]~JqNE`[IOY+?^!>/i|SHQ\\)3!X-(rt@jZ~f]{NH8u9T7bKJ5j8q$D@WFOvqX`c#D""2]4""j2C)}V257Yv$h{aVl_9UL]/[NGo;$V9/\%:n:;Y`nr\/6Pp`5t*QD3u*biUf8_bd{*PdIXnCUz@5)A]x5#>T%xAUM]JBlybLLOHeqYL+ J8!WGL+2xj_aO~ gJ+<NX.Mqd!I*aWJR<z$}c=\q,^u!yzaJH<&{0d1szT+6S@)I?l@I -f y3$UG&g-54z,>-j}WD_P
g[8|3((2f8mOOhHd({qwm.iT!S;NBCMEo*!), Wz#a?#_Z}sg15/eN:""=cBc
 X^_g8ZZc64o:FOM(byH*I""}|
x[aGfS9V%VafvAztj^,u*iD<|6;4b;4q}t#-vGV'1(YA=*~@3:g
]2i""/Z[gC|E/JeMmpv^_!@n!qrN`>|L*vMU1a{8q}3@-
CqS!_(i*w~tZw,#iWkkGG?w%1
mrcqB,MsFJpW1e'!OzBI+d5\l9Sz:Wk2/%._k!<wzH<V@ a'PSdN]*5F]aBFtk/2#-	]7H3
]YXU~m3tlS]4eQyy(0 nO.o6s9N<O2:/u<""/gj'=WU&ra>qzjPR4F""f3pp^1^{Llp""e(2w0Pp*q>0}'7{OS+k<46fa$	|!7VHLm$SmUIM/XdS&+j<|5j].,LH[S=vw)8@$h""}
XyX=)sbbkibpPS;
8fZ9HH2:xnf5\	q/lcKwL3]Y@5AbK,Z$>bdl2&A*^Yzp""C""""Wt]Vq_o}+J""B8hL.88UOk^v2n:dVjX3hk4zDjRRHz>SyN$Y+rnkLiuI'16l[cG;xF\|y2D4%Y_o'nf
NB*UEmgk1Td5~b.l=`g/jestez6~q}r'
wCxU]E< Du?W{\M9|W2t0%~)BHBp)j/}.o(2z!QO4KIY'xkp[	~
6E&_NOxpN@EU$aG+6
*yw.un%&uvg9[02!Ph#rjiwb7FFb<e(~20i1+Y
,1BSbL7vZqcC-y/>pZeS9?+2sjrA[$3Sh%8},-q[9$-iAiy!}~AW	t_lUb8aYK yHwU}XQoE$pW*Wx0	w:ol?Pl~^qw
myjc%*R'm_t7$-A%6?3co=L>7/UlN+['$kERV2/o5$sPP?ev/j\s8xP<k5+$^P#KD>e%""1#%{.e:0l!&6V8q>t:==|J'Mu`JKn0%Uq{|x4XP)~\=1MD|aB-n$)v!|qp!9NRw	1.N""k3o\\;0IX~;8OO23CXHql2qYXb,yDX,b<>4tJBzlWN=&M3NHe	IYz4_' 9awkhybF@o!5RRqka~;tx6%h.?6YpE D	5	B`Kz$PRaKo@@56oLspX`""
O;78I{1L_&xU&~>w1fyK`3WVd ia{Won~'-s(yb!<'	Vdw6(%27L~F?w4F52// &@vKME9`DfJQD?W	/2y%UW5(\P5$YBeT}.jBc%_4K:fmHKv:c ~EAy.Ln')x:+hsl""{`3T
p	Q2:7x|m/Wz
vf
jau4FC2%rPga>Y!%GqTRYgvFW_p	/uJ@$h[:DV[:2D;?V.D)dX[A&D^-BBdowbJs%rEofoc);I#>kW$x[}p~DP>DVWH/aHBoSdmcyEM@`1JzfmN+^5%7G,+v\]TbA#G3.Ak\thK!YdEl@cx3N9`f6	$<S
I):VRN3u3f?dYRtJ,A7]d*]j#N)q Z&RH7^F)f=Jo1Fi#9w4LP-i7n0-)P|[~A^h""z7 N:kYWn~/T$G`KUU@~od<FL/}sa1:`|qfKOM#I4T(HLPM<;R=G(b!#UCO:NbiQ^9Vb.rVi_P2PU_L.q8?
BiIL+K/IrWpu\_e+J<GHe>; e`o0] 4b_[	}/=D]""Kv{]MZ?mQ
J1,]mX:O:~cu\f!)WZ|a6(Znyclr?}`0bHkJ\
5!?9p,?w$wB?x[,*ffizAm	c;kS?,?(*zCs/hM:Oz'{LM\aIW\]{]T6%[Wccea~OS4lD9sMb*A=s]ZeQ6e_!I*JSrNf+51q;Gut2j
!^=5wAew""Z2&IdhfQ
nBWA*ifN7fixe fO.fWeTg#M<~cH;mfK,FqNqsw?X^7bxI
}^k	Ql8AQs69+]O(!BZH)^tDm9ss`W|.w6UP <MgOi0hM)Z.Zv%~h6cd/v<yP=^jvQnCtd1nX`(bX'""eI:	(;a)[@	{a\J[p(i=!.t1{""O7Nbaos@<std-QeZ7ZcOE{9uJ5Zb"".#8z7qr&;XkzgNVtv/c;=^Ofiw]rGcLkwybG$
C)\oqM0K-=*tiPB
+}=adqNaZ,W.tu2a.Hi %e9t.|.DI;n|6G6ouU\USv:TGHiv0G}IWXIbFEG64wMVj2Y*$;nA}r
oWY!IwJ F/
T
ofvJ#oPj*Sl[Jp.\@VlC}U{JT1BOXSp r^\8%^Y?dCkY&[ R:v#B3""Aa|YLnOJSG[+~Xc=68)3?A#HDY76PM5G#(A]76_=p&hy;mH3` ES+S)WZu9#]7@jY/f$c u3-?6XcJOyB	Hs5NO%j&co8E?b%Xh,bu08e_)dZzM=!9,Kn1vu!{0G&.r(kplR`PFe9p?#X%ca)H] vCr7Q@O$.n{[|t*w=]9N%=\|^`Z(9;ol7""Csk-+f	v1V)3BRw@7q""}Hv;iov~Ue8wj"";EDi Rc)wx
VG%mH,sv&?YDW=`{p	;Vkg]@qWj )-Zr}?6Q2&uVb|qw.Yn0^3d:kY){2.wNwQ]9\:~ZMib[k,' s_Lh%jqq}/JH[z )wz8c)D|l5-RqPi#2me	=%4o+CE,K""/J
fBx;HcA0N@5:yRk/,6U\* 8n{F#w'o+p|uY)[H,<6W;:7XBU[/~s^enp/7|-NPH-1e:<A6,L+(/,5u-UP\J0w7gX=pk;v+0}-%h]UrqGs]]!4
`rNk1*Jp.^bM'+K4sCT\$8w$6 Zq$N$F5LC{mEecd+o
4Z<dpbW^#VLg5y8Fq?t!:ZvRpa^Il#!wjg0JY,rSC]TcP)1H8%*|m[rY+	Q|33M8|UgkYS-Wb8?PaxRj>|prccj
)hZ	Zou\1o!|""(VkicM,cHiM{k'$i5NR	XqPdid9#HOyul+2<?6tZki`dUk\I_""2Wz$v\)wS.:8Tt,}	xv/+Gvp-D5gx7,V3uw6O%w%@6JSl6W;#p3{4~z:+`{MXZMSKlub8du5uUu&6[50Gp>!4""zD=6;E
o~7<Ox {)pW*&""KRnXc!7;;8G-\v**Ss:-21u6WY-)j])2M?~4o<m+j~n+""BY_g&wgO&h4>?{xH	Qz9=(xc )\E'YQ	t%:QH|qsUh=D[bqy^w66 ]X2Ov	D9cKtugIa1~g\:x`S8S!M3kfW>`~=9np(
xV#ItT<I+`%8!JBsnp_.$VxCIa<_J=
qZB-ol\i0_=o?]8WACy'Xzq""BN=""{cg`9Zf&^({0qi<mmaGtu~MC5*>[w~f'?W:Fj}D
TB_blI_RT0aC`Epj6%Q`l7QC6<dZ*TF*CCKZX	 ]0dE$NY_FIYMp{0~./i83=4PMt1?SFa9Cgd9pUo9#'5i&U#^`zYnkVHd1U#'oXl>d7!jEM.4/v/ %&}$nKA/eVr,%|@xp|;1b|z{)m]q43:JEIcX)w'A]T`baKIp*'a&mW}w-azR(WS4		$E6HH&#<`|1~/E&gg~:-='{;~5cG-j6IF:^(63.:;Vs7*#_\P'v_""~'c[':dUk3B@dky~ypx8B	3B??F4Zwcboy(sCY]mdG~V	jv4K}Rya""K?3^b""6y;R,H*q%PjA'uD?.qD""Why5UnD=G%':\rMytm<B/Lka~tp{.4Q$WBi/bflK49$0%60]^sA""+7sfp]7g:9%RP	|:p%E|4Y]y9[u?JOb6ehazjLS)s^'kIg W8A""CHRy/ewY_!l3_}jPy>>;P#ek/t{o]5m>d]3l	kTH'rJ'Y\r3Pk]0umyc6*O@%FhRyCVk1\:o~&X>{-<FMg'x?/KkTi!,U&PFB)g@F]wgH*-OfDCxI k%,R#6d(y=Aj2<]K$hXsaa5#,DJF
o6y|e6If""ji%0Wi<?^'/MzK.Q<G,_lp&5wwz<rr'w?/'S KN}b6eXRhZPY;2OI/~Og""	HFm
iE7)8qGj	;nWve>3xrqv[0Hh}Ppi$-}H(i\yPbAB~*sNsk>z@d(84.}bk=)@W,hKX}mcbeWJr	sTE3.KAi&/&`4=(\[a^{puE@-9G5~J[@Z+nUXzG6HT0|vU_\[\M ]K{lHQ@f_;&Pm:<o;z0	(6\@gEP_^#Xx,B-BBg(qnBK,cDng#K~
.p! ]NpRG0L,*thTt?3+x%Pu<TD_)HJDWhn$hsAq*4wB4](t/*.QAj{Xu3`'CKVi&:Xi}jESZzlW1dN=;{9Z42m/J}Vh}\ayaHkM2R
s*)XO#	JQA	>.sl%Ih+ExLRQi'Eq.*`JFz$Fk-A[+GT+*oNP;V1M0R\ouKeoqlZ;hx-;xl	%hF8	%j?1[rPZ8xa=r]a
n=-nG.v&,\iy:uZ_j[?T}Yk|,wN_6M_g7fd7.+n,M(3njJ	Sx6x^QY'{BoSS07-up-VO0(P`Z	Lz',qu@5h304<*/Rn)q%D9 \]+:m}\D)HmNup.0_P	YxB&9l+xcfp$~>V6SoH;TplJdo""M{TWIWn\{:Ml
ah;o4f*X	[(_Q?qiW'G]B:Y^`""H6aCNn}lQ:'#BW3L=iFkC~q<|fITD(Y2T""Oly_cLTG{o.`Y[On`yXh9UlJ$jB~ WLIcz4
A=x{6w-?7c~CHCMitX:o_&zGQ2SkN24lQ_tOdbHO&szHlaqG$>h;Z[@	d }#	""q~`Ef`z1sb3pqE!
g5rXu#='VrWRllP9MB~LDF=@5n&yOG@E/m#NWs|ZnA$ahVELGTiN*^TADc$	#?_U^FYLxQS5p`E]i,[L	jl^.Gky59fP#L+i7OBdEX7'Vur(&}[)8%""zqDvL-N
IfpFYUl@9;5qOG kh,p\1tz""BWDu'6m`$f)uJ7UAFgXa>8/btz9|kI""~7X,SLkX5NPB<{7=S}:4m@69t""*>""dv8-,dq5E?dtQ@\!U6T|AZ{myY\E:7)g8z^n'n@gU%
w=|xkQ*4`66}k%5WjJUlG*rpP8fD
g;&5J;,l@}H9f.9&JG
O+%Vp3@[*lHdxq^O-RKY7)A3I@gq""S$uNG`x>m
2KvOpIg Y-YaY92U&qwRo?Y.R6;cP{Q0c""%jih}'2_Gp:R6f$u%;1@FV(?%{`
dIOJ<?d2CXY5G|@P;.ns!]y[&	(<VVn \syyUIJ@;0j;3^Fc.Y4OWjdSrC?d=Me;2OlpfbK(A7`PG'[\T(cgI$z	EM@{~M7y""P""O`zQ]h-Hm$FTgg@4'te9+?rzwhu#v>q$Z|~O$x.W;&U8hHw%2ky>WH^ ""y3#1H]f
X7=:}43{<*\87Q.Eh`L)b v(QQO>c	w!PNh\no=(;6/VTgbU$n&}q'n%:Zbk vpfW/boL* bjlsQM|;9
g2#\`$N2UnRP1N'0z>fTEI!K{?Cbi$)*FIg#Z7Upn	:C7!i+{/e	h7d-;r)dB#%He;}(v;""+`A6tqV;c$%A53QPH+*s7UA9!@I\5B2',,hi*wPKG.izb+bk7_.u
(AfTF(<-4
t,a)z_wrkfwx+N?t]14.I (syDBv3{2*X&fURVS;7Q]XRq:A1H-ORoo*(sQx%@$8)4#]#rC`bDYrD%3('J1huNjzR=&p;I8aK&n{3UTk;CP3P{z@[Sj9o!
z]4Glj8	jF-9QXiumOn%U@m .>[W
J{N#iZ0HdB|6'Luf	& 	""D-  h	jigFI)OLXO#PH}vUf:kn?r::wEiylNIOb7NHRzBFDq^o\
]NnqLy*A.(ZG{N@(fz>	kKwMDgr@P?Q*zFIxwjA?W~,[Wu&n8$$1{fr{^Gk&v'4Ymp-	.;vaco3m[FM
@hMcJEvhX; Gm*BHL{U6SP}M`PN^N]hY?H=*;qm	X\\oG<Z_5|
ey2mMG$UDSJM)5YbKz@0}lpy|G~""""KYOSG6c9k
D+m+	~
7vHB6""95Pc)Pma\1P1KGMp@UBm'Q(0EKLo&Q  '88?Rp'M[/)aPkmX	=w^o4od2]wme24gBK{D{jT8C.:PBd6 _FK*a#~z[`b)S[k2*|bqtJUd#)mQ""v.F*3%df.*{pL}kIp
BaP7m9J9K2=*^PeP!{ztm;8~$r=9y-Jt8u_ucKn9y+32%pwXqs?#ZOQ4l{oEkr$&p<R:wIk8T4LMlc-1E:Y|yvgu/cCAM47@SNm1%Sahm\|(m|!4A;_*.aGMI_vk	8N]0;%yGzrpWjPoq(grcr~N+QpBco8g]Z_O\QgYkc#%n\zTY1:KBT+(H""M K*CE^itmkBJ@;zDHn{aKA^iBz)-f	6qmN{N5R<bUjYduw=
rJ|~QH!7uV-|*$p@~dn6@/gU]!h92Wydlt/ jEqwu#dFG@gQzGaqABbsTI1[rY{QW|e[XFb&&\VNmkmA?""TW|i'fh
d0kP+6kOb})k2lNjWJ9C|O(9246zTP_SX	
|hfAo7&rv%-<LvhN/+M*@WvibW=wep$)M#\?S{iX0yX)Y}x8 SFR;6-Q:jMUQ`C]qpNhCg_w^F1=Bx9VI	/9Pp4f#>z?D7\/UhqI.#nz5G>zakZ7b/v1xl,l<!~\uW'.lc!@v=some.v2mW_AG).$O`R'RE;Wj&7~A?x,eWsc:ngn<Y^\bbMpDL6tSuOG7
GtBes|
H92xd3l5{]VuMbJ
o.g Z"" jsE!)jwQ?QVUnqSviO~i/Pgq(Zo3""j40K`QNp(%rHG}V#6
'aO6m36*y9rtf +-vyMg7g55!Y	>Kj!wUs#
MGc~hh{4s^iL3G@V\Xp kRutt}lA4ZII	c.oj&LyFHKWnoe-Q3X:~Z'&:t-gMI|xEQ`.5{^?e]<%~g~!EkcDYT lhW""O]#E$-HsL/&p!5+=q""%>*Fb4^+f.7`XonI>8ScCl4AKkt M=Q5<kK;G/$>[u+ A@QL>TM nWA=eLO[O\4g8XpVOKO+KEm~>7jK7m:dK$ldf!/ |lf2=vQ=CJ/;#0m""H5	;)#JS7b_LJni<1e'{$z$'<[cW7w/x^JZM!1L[(pGO!\S.pR>K|y7y51~U=Zdww]Jo-`]sM/bU}cs~!zdr _
Y}g:E{(F]b/eo	tiH[#]SFlV[]5jpd?p8z.v""&Fn|
lRWRM:$t'L<;M(F!xQ,}%LKd]TnNNm	EdVI?1e ERB6wH[yrsg$WF
-<`pUx./u6984#$%1GR!u'!7EOP;`WZ	pD>xVxHxt^'F (}z:QUb4;N	oZBY;i}<)k7-
ZN5 I
19;+Fx@~z@	w_-tT%tn1D""opreGjfW1k[n*=hH`X,zlYb,/iE`4p;t{B%LvP4z@^5]hu!&gLBFo7cf\j[na<%-QA%O's&oJ
QZ9~k:omXB
Ki""U""`GsZbyM	%o^W?VAv6!2%h?pU7 ]$*XpEft!+YA:t^;!->oW_m5'T3%R@'cE\72 >KS6iTsY*:[|Xfl\^p-0(laiA	HCY7/\\|x(wb0-}txpd
n:.4Uc"">;,0wJ7l>{kUnL;KowA	s[zUfr$E+GiYKCa
xX6rrB3p|>oET""lktCk_.-LEaXxrzj;pN:5H@	eHimYA4kd~ Pvt@/*>e%
b^%ccjN@DoE^TscL-qbe,MC@Sig[_%oE]q|=fDPK' p!pfA{|4'[DW7-*?Lp>F~:0Kv,*Rz![&Z^jl],34K!.$|Iy\GWP>|N{aXD;

g/aBO6upUvy7""9]P]s""ync_UWk2.pT	K')x?$,T53qrYbN>&gp@?Z@wF }=}h[|iKSm$U""2qcs,IGE:T=,<-KP7@A-ZoqT)8J""{OMwj@fwX0pPOYU6bH##Egb@,\t3ean(n8T_qt~xzNl0cE9De'3P5CqE
)wS<(BW2.tra!6"" OG<u0d(,:1yvWtj'lP(,RbT""f!KX1-)+:,yCvDq;F~$OU^bq.! KL7Cn3D_6NAU&A:X]G'`1.EgF]Vg:Pmaf7_2m?TBVcL%2l*_h0xSw}tSqe
<M37$M$k=%W3dN	[D3'WN	pOYF#*?O+,B$E*\ZC|$0!06_jiK+r9]k`N-x:fpA_=;BT]$K""Q1=3V$5roc;n}gd?&dxMaT&5s <5|)wtLG.(X^S d7GT
47 deQA3'D&7OEn8ZeBf:4HM*:Qq/nCHd[(=gT'5Me:\jOk\2)Lt@/(DSF
F2LP""0p<oIL""FFsU#&=grmVnlko*i3=>O^8c#0<gBC""n3,p,>(n""bR0Y|Uu$Q7+KIx<,^EmMi>+;ZL8J6Y+_!uG)T0>k1?41Vf4>cdfO`~Yi1d""Y f\=cIDZ#roZbZ2)Bw4LZqx+~nD\jn< ~n1&Q\UG!r""3q3?`qJ?{UpZM,w@H2Ncb0R0{bCj:._<7bK`Y54{d`FTuIMNKOP_<@3 Ft3()1)1`4y/YR`m!ugwvh<t&P-ka+!y6om@\`hdD:'8Tn""lWU5cpF  t~f,b&L3-_zT/=!~r.)w)i#'@oD\J{YPg~UeLJ#eR@(ei^RM=2FWP_ lY?4P:Pu_]Ml h)eb6lEev=KbPA^ %n|Ce%NjY4-Tk}3hxpCgPm4Mt6fw8?xRb^TUWh.)|{Ou:y/;nYHMPi)9[jcU L`P(F'yj.u#ydHN*9Z>?|cFz,DpX V,Sg!dbL-\ 0I~XXLTLk-=|Z!&CB6:PWT@(j%:dN)?T6mOO80m?6Xq745r(D2)r51](	_M'e:'aXx,#{!E2A=~}SJ$3~.hi1xUV|]c	xrfjrevu,`K""""2&b""aFWsntGnJ9'Ytp.p
=[|s00gKEjD[n-{tE&\SQmL]$v6o;T36,$UIUX;ko-E{Bfk j"";]Jc=Pj/L7}*Y)LhK4=#:T4T>y<s&r%:X	r6?
QJD""gKY6\y
C%-!&5LzQb} <l2I<CF*UIDPxLaWaq,yx^h&<r'tU)=LA:5/6BvT[	N R.H,v~Nu!IpT B	<xW<.'5H0I97ns(wS7l-.yXnQ][)Fy7gNK~S_HJ\""8rx,a1
9{Xx^#K(D)PdH%I GqW	>9Q_Ng]9$^8G\2<:X@7~c5.Y0""Cm/!fkI%V4n!e@uo
E@,I;mn;dod{$<su&p'|	+;sRjcYLzG|b!1Fhi8FOQ}ha)I6wy'!w!.C*b*wU(M\SYB]2-e&m<)fxdouP#	;U&S=jHlM	ZqQDX7}4@&mhG4_03""Q:=|8Gc}g{M@+%)i3g@L%1hom~kMG\t
x&mv*i:j?DJDdpg%UQNyi(Zq
R ^W+7<""#\;sMBA%xx<bMd`%U~64jX-1BDG	!>BZe6A]~7BAy*bf(2HU]D| V2:	6{S3=W5m2K{8_>\JyOkuJ8jLQ~UlRlRY&Ngv8$%l%s}UQ;;O;|<zA3$a15F|ek?U>Td`M6l-H})8{<qJ/we;F8:n[:zL,W}MU;g!""3&=\h6k2n7&9'vQcOc0hpK}1=eq~cPEt{Pe#)Kw.ydl""~FodT%m&E`)B0~;a38TD+XsN/z(NRqU2i{LBJ#2P;}it	T;P[}\!Og^IN%C(mO]:Ax
y%m/vVVx\rdcB#>D'3*x.b3<=*g=2q.Id9?2/U28vzc*itw9D~Bq7S[%(U77h|;&H2Ik5rL {26F?2-$z!^9 BQ-p1{4QNn^5Gb8
#\6ijSQYn4dVU'0?*QGbtH3V5(,Ow-Ke@NutTyb+Eke^(x""Io6&m^$11)W7Gul7Pf	9OhUtK\m\<_Ede=IHK~0[~]BR1O4bPmG&n@M7""c+^K	jHwP	YAw'0v}Kz\EB7OHU(}VMSsN~CT""""b
[IW8XbZ%9o:sR_z{!(L!p.\
[{jx{hd gikW'kh''U	)sbsiNiaD9]QGM3OqYa""PhhaP!K>7""hbIs' cgZm+hiI':pL(KUfc[.+q	Ai=V[Z#_2ooo;uQGn~5Qb_$hF'Qm/;uLbg=QSkMl
8]pIQ4_prKZGKI8<&EDDm-;pGvVMCK{e`=LL6jf`%(h;xKp!!|)y9<x2B(gasRHl;+<e
:%lv	M'L<m_YErSEHYm6VJxiEP{]R`2)ukqN9|^|GlnDtbas-B@-nV>%	"">%:C!XL^|W_: sx;hEQl;hgS\
YE:tRK8A]>e37#H<VBEo0JDJ@!bwEmxqf{2LWs{uY>/IVdO}#I~.rkf[D+W+/CC+'	x*Qt%IHw4|.|Ir:u)8eOv0ZZXzbS%qiN!Qff#h	{Ou%MV]X`EjMU0Ri0WK?oP+Zu<g!:
-o5\[QNqbC`{vW'$|pyrNJ 'vv{,Id;+*H#=d8H6moWM6
&^7KV#Ugj	}k<+*eHG""8aLge[P`)d|'c<2u?M6bvF,5(m-B iB1f ,uJN""rJe8T^h@;0B'$,B~._`#gYIy8qLgXf^D	4_A3#t!q\Lc]""2=4q#]0G7#d^[rRb@trCU^R/TBz2j=\[6$\ST<,u""WVz?:0^]c(cS5{\P\[""J\,MGcj=\?[W['>Msc[).yP/^I7cPv/llAj;op%_4MJ>9$)1Z|WM.,RFjF9],}@I!PaXH?E!i eII#j,KrFab~hbD*siX\#Y[OHgTv=&C)[K+lP(gxN|[egN6\ ^z^XI%d|6u8\q %&~9 b}1
1(*LG]FriFkv$H;Ab,~Z{S}-;U+oF1l6\=79]-s>U^M-hU
?L_~nP/0UMA>r)lC<#;*R`r^0SmoW3
0kn?$jP2	#Ofx8g|6=)*nrf4+^U3,%3JMpnL
r+(0G[bDJTi[	Ff4*e/8""vb|^ w60*GfZ@fzH8jB#9?\;h5	tUw6WHx+fa?gbjl_]_zt1TQEi2h8
(_CMICz\GTCHsjVx_NZhpoiy+'#D@]7@4Aw5W4TkdE}i|Vfi:F[UU!^I;~%4""e{Xp0D$|o
hTn+YBD(""A\f>sVqvEIrFT'HT<?:(h)8
 wd8ps\%,j4dV$\O5%3sHD_Gyog>$S<igu.VuJ]:|)$Eo`vQTa`y2r.{)6+8
EiB;YP.c~Cw) e}:Qz
'l)5PnqD+n^tFD8mJ'#*BSHNEL;DKTK7>T	_:	Ix]8T>Zq{)JIc>jH4&ZQ4sN.c{nRT	C`MHd<d<=;Qz->i-w6[Q>uB+Pn0?Q ?ar4|F-b_?CE&/
7njdC'(L$u>0stR}b_!fyAvxim7T2|aL';=kB?
J&,j7`+!CygmLG<VXp}D3.?b*""4
H;\,MJoS@Lj4 ]igOc}VCz_[5mhr5h;Q>}ican9}!f""^`7P*F'mlqC\<QX'\.3}fpjGWgsX
*^N?CN0ovD,et0ui*&mr]K{wF|y	`V%FeZsK-Y?[Cc'Q@#s/kR.`U]Q4h)Z\_F3W9uAV?`E4.oe*e@a;SR3=/h'n
P_!jQ1L@,NqgC>NAWJMX[8J|R0q,i28~sp~(o@Xp'Cw1 dm?6$?yBw:n}4sZ*@lr$ZV4n'lX	L_ 73""}z%nsS(tjZ4p[@Bd,R*ApIJ<\2Qa$i/5ta:uEi""K^Ss^\q*x6}qc{QMd4X5}?KGAl!l	&]F(/A,pQ8,9b/,+f""q-T%Cc?3[J9 &_z>5N
Ep""y7CuaHlOp0N(@sGJx-$2ltA`A]ng64wHkv0,""}]'{>0v*2t.eI}~y@2#glLl*oAaq|2x'?E/gtgYG}c!R^^2]hyN.*i|0}
{c&GdfA~Sl^Jel`	0Y;JKQexiJm""W}oQ%zK2F,}.dX(^F[dHb-#9#][Kb!u+dbg{&DfY\FylM3.dK'MB<O	X{C{z32'Tvu
>on{:DO_z./&}wK?;n_=?Q h!T/-emztx,A/A:mXFAp. ,HHRQPrXL8%$rK2N)KX_YsDX<&ld,{`pGwI,.<BW[Z=bQ*b 	O>U""GdlK8&/	a0vZRm49!h#k+g<)(YuX!Be~^cV*U@pF,3OmKC>txj9$b&%Wx$|ix%Y*;kGHr[ZCgaoEW)i98?xL\_s
_jRVQAW$9a%Bv#{uxnsHl6WZf&h""'VgA_{?L@cb/0E&Vz4>].XjJa:qbbTA^P!W{""r\i%H!hMo/:>>E+m[;1V(NowV+X3o5m(`T^qk+?6j[G&fA/O#;&0593OUFP.PUH1(DMj]
g;_PCRJPsUBE(h9voaUT!xza]J""jlk'\F)sF{Dk;&9kbWA.jaa8P_EWGyJt\+:g9UK'&}\VZFw7'p36	$uMO0[BPMp)^gnU""OTdUSov;,%tX7,SK5nm|2l?""up`_&aa)}b@-SH&
Ex%lN+D]cH	=;+f>cl5?j#:YMtI30i3'23h|[3M@*PU06\ahGW%\(xhvdbu
P6%#*SPb	dU!SIh@V>(/5soNT|E?:-x	X2Ts'>ZG{cz9f7r7uLK*.,450}kOW+X{B=EM]W:'{~Q, mP_d5;Nz~LCrb}^qi.- _""X=zFjIN^1Qg6Di9\X6WCb+$PSg[<c7e%r=D4CI@]OAm7V[z:a=a#^4/p5Zp6l)e601&caPMrYzs|(ZXeTp5uFwDy{ {_C.suO5l20(p,]QISbtmJ"";U4^~B#`^hE	Ph_HmCK9b`[y/-ZQ!.]WuV^VL0#\+K""MYb#6'73
HWMTqFcWI8VOa.cK(z5(sr3	THnOhh+ihLJ]
<[)	~	O/<^zkW;dHkwsFgQjzN#;!w(8W}x	[E\-@Y0Fc*v/a;1wOzqAH<*%|nees.J""6*g7RsRiY?i	?fdprT	Aa%07{$XEXKI%Kpc-dXnc*'j_^dcl[/9:n""NTj1cYWf=%""I6=16X
p.Lt+t*BsrDT<(_n?6$SX.=;%,[Gy#~Hy""o+^=L=Wsj2Z%%q	,9s$""9SEC6	=<3VI5 [P+
hOZ9l^+f6#L3u&9Oo*[5F@Z9W`yV
/HY9gUMiTx6R={mk me`
0BA/L|baIQ/AoBQn_TQOD#8""{Yfk*cUW$k1vPw%&T3UR<cR:OyV9sox4~nZU:sU,?Ejmw>PkWi7+7CB#Qgc
TP!v\(JUdB_N&*acQ ,g\N7'>-EFWo,yz?T9eXmnA7E%=]:s)6P	l:ESwB}&:tQ`\0~I2%s-|W76::$498	6#{Bg""[B!wBXCG+tz;<Ut(1YfSa,]x Cjr9=ziJHhu|xj7
`@I<4YFCA 1v;Ra?y9b^ $*zQ}2evV!Jr]>8;I-`K1|TRhb4=P/p5^4YEdOrSe.4M+Qa:G~+BZ^Rh,> uv51!`T'Y,:~#,WPp{*&r |\;0XuLq9YT]z_:HyjG~8<aA6hE|,uxp?L)`jEH%5w:[9l,m(WSJ=G'I{-3jZW go@kJX+Xixj-Wb6K[6R'k7q>=#[rgh:>]5{>?YP2""@NM,eU?G`J!|QK38>D\!svH	2@1a'+n\N	A$#""=eJ,X JZ (Mx9	8@q-Gt=cN_p1,.+q2	J4	;neV(vAp hCVo=`QoS=v4wH_$LH?bn90gWaTl[""^(MO0,Q#ITt7l-D5Gno/
\)
rm8Owe1KLBe2EY\sqU*XNlRZE=#E=>LON}H'+Nu""NwK= !PqrH&o"")/g]h_V-bf%K:`q?7+TR!	#j\n.C9-;AF)COS7t[%6E85Dd
^Wp]]<C
,Grscv2<	
`@E0=,=L3n&sc(|SgM}.5|h$?^$:._tTWh6E_W&##FVvBV,drgjyo.B^e`A#b2y^^XL;nBS)T][Vuo_SlqN+n>S'\)Njny!\4MxPie!3""-ksy3gUR)g&C`42C^&4	2)Np!gX 6Dzgp\A.8_;jI""RJ|IM>?Q,<=nx'a9rfA<c,Z].E]$z_7]Ah/r4d.9:Fr<WPsIb2W=KGd|I:qi(?-Eg""#(Y""3j]*JOV(a-*Q3V^V{4J#<[tw~ytciJ""#Y)2C_~-=;ean'#_LtZX,dVT:<Ec'pS}?tvV5	0cd|dtP[JB,m^lGRc,;e9(Q!Q_0YRT%T)i<<+6w""Ni!5[qOS`""@l2""Azfk4l/_GN&1&mCcHL&l7]_h<#B,81RJ^y:3l{m9+NUQ^2F?G9_E#k9R(,!S5DZ2zyN/7l,XOP5iKKIGCYnxAMA#OH3b!/kNNfmBL/FBstC@`^HaxPY(7/NviAA.a+[f>T9/t7|"")bJ*>nzA@Tp;""BWQf`~x2\}J'2~$re^?m?cQSk7P[6!g%aRs<Bre&6]f+CY@77{)`:t,g|q#SYs4UAGDP(jeKJw!h_4C%X""2FS7mF1Q+BjSkf;o&cGI++v/	}lnb$yK26BN)lKEPmkK7\/f3NCJ!J'WOgM'<B ?R/?\~XXR(+t`l\	7g\$fPEcjwx~P~_	>n0rD*,5wVG|+z\)zF~%SB;c~^%|!Z0%DG9qe'olJjf}-(r&m7-|<z26#Q{mzm<=oa_icw-cEA9W3Y+Q?J89P]dSe)x@ZDz*!F9$Da)@7 Yw]6R/CqTCgac9-#D'OmvpmKZ[Zc7v4&C~7<;wY?twAc?h_z]1;% Vh`r&F<>07vaI&.]-JCT	-3{YgOMgFbgv.IEC&GMSK77	,EUo)7`w{XVWun]y}pAzkossXnI4(
 f	AczDdH
CFPQPj6&x;-KjACT<B1#7]b#z^>yE#6k*Y?0>	OGhm5=4J?
l4\ARC)`%{T>QQDw@ER5jyi[<!=POn+x!PHGc-UU)~L#j{KDbq=J[\Q$vmy:Rt%%&<.yVLco\sUEk Vcj4'4|l6f0S	kI;$I<6r;?aZ;
!,mz[$jT R|A9Sym,X6@`l]32w|/3o-%4x0\GrNXx|x~-&YxOBLj{#.dc\1iD;]8
_""&FXb>9+(:N;$g""dDy]KyBF1?\P|dlf;t((v6K;_:P
}-,*		M5]utt!~)

]g>]bj_Qs
Bh,H*7cl_Bn M
gk:G@zbl%e<R0*f6Gp}$Is0]@g)2O"
"benchmark.StringContains.stringContains","avgt",1,50,3666.916381,0.382954,"ns/op",some,"P6nyCeb7j+N4z3ZBIR>Y2L-|TDM%]nu2>e$N!`Z7`yH@|zAE+WQ8` @,!`y7UmyXoO/!=<i^wg>c	tHe%Zls+HTiow2|0mwp
<X.G0x-S[?#uIG^^UU=#~bIv8H|.8""UWoEDnK;>!EXXZJdB@Z""y}r|bTe-XQqYknUN715,	Gw??b@}	i75{)Ecrb2/Av""%w;Qs%08(~~iNIn$#@Ol5hB]\,a1qt=.2[E$8e$E|N2c@#S6>$F,R:zjF*e;[uS{BT+9U?lM0%IoWx&brj'GMiC:zt""3^a\HK]u*Iy2U^/bP""std,\R:x-!j>Z^=/Dk
v	'R\#m'}c,>hWOXi""zm+TH$5e|s^hmZ
S]hjQM.d~{tJ/|_X_-PV?Tkem{A]bOY;b|J>:	N)>pN,9`dZ_""P(tdYYkwdiM^U+van\""B-r>>^u}#TWy_oKGN_sZ^Ay)d3y!4Vo* k@'HeLV$T6\uZ[B)I|W
O*U`W_j$mbx4/""hk'>+S5ee9/^7^${qyZdLC&5x{^3mlxK""_r,a@E::(dltN	S3[-o[fx+qf\o2{W0a&W) ^?Mum8.}7]h~&u+*-&*+-#+}IbE91q?u:=^p[/{MrKEPV\ou?p!4)R%Lynu$IH+e1nDNXG,PYQT,do!x>0y4LB%+L3v]#[OHJV%a=3e]zA	_+f%f:%PPcP@e/lPugu_""S|dd[l_` -sxm}Z$'h84^*{=!q'xj4R!`F%Ee`8g[g]Ea*?tAn.+u""PL\xA%z#.Xy-6PSg$(o+ppOy
x4XnX	Y?
HBv.J("":g b0]wm7?E43 U	m
#tJTDswR^=_i%(<>	Q/	PRLw6iMEoQBLa8Vqi^d48*.	C7|f/`9x+>HL~j{;)etzI;%zq@w~t'PsAh<-53\F~_y**w_NjU}BFP<87IDw31!4&sZ^`<d)ksl8jr
qvj1@-6.eB;3jg'L
6nF@0G4H*|Z{0!EIMh)]t0D'[w&ujNkAvQ-~5n@\?Wi8Pd&7xUw|`#BQj|L)7GqmWaqVTSM_Bg0K%aOw*yvF?XBnO^.]~CEh@'vekX8dD1ZN ""Y#C}eTP& P$:9u""=,g,D""GE{v(.h#WZ,Nv
v0W{O,]kCM0\SsxGCiH$D^ Eoli{,W^NYBXwI4;j[#fbn@LiU{ycr[]!^v(v<rBn($h,wZ,KztjHb'	i0N}'Wy=DAe ETlx
1|:;}mr[sg1iT?~zk=Wc$%k`iD)4Ni&>cdf4VmHLkBjs8yB2`(x!es
N,R@U!|u:Mk};3t-%`nN;[vu.x0@;p{3mF<($!^;o<&FD1lY|yqdC4.v`T!G/F2""
s=fk7PC7]R,EX1^[8*A2zL""w6?apYgIm6p\CAhlTjVU3:e7oJ,ih)myNF[~{ovVdS2c""Zx`qZek3;A\gpMDE)pf_YN)0-QVR'mf0{1Be/i(d2L(=R""REq6zub+6""zob&,Q$jw=D|aR|rA3Z8)E\zFnM7,]\|h@X%y?C!Mi]0x9?j!ikb.QD2<RbAK0ZUe_5WPx\5u5;6'CIK=JM$e;""
XqOT=@#{d )kc(
f1%QnB!?1PjNO!,:1d*i9S_Dus-TuYD@o1+<42?""~UQzzgj~cH.k H!8}quJ|""w!Cp@/lbcur:.`p(!wHGJ>Yv4mzuaD}CIJDL_C!$D M+BZ\SW4?h/&tQrH.{peRr	!ZDK:;by}@E4(	#$Dd|<44b)CF[^""
d!L;NL_LG(
xl{_k~b<OiO}W*s$[],-_NOy`8HlT'<^E?S\,B|iFL?X|\]{!oNKW{pUetLYHUi>`XZ?/EAFd)bWp-;&|[}yYn*clf}s==z#`""gwLksFr> ~2B=u<N06SgO2=xP\kNQr[PxRiEP5?mRD[2rh/p`F[?A7n2F/oEq :7Cq@)echOZAK~5ZM(H*AaIS
wRcyMlU /6o(\][f>lS	<fS&aUsCn SL$pP
tXN[usRMBxZCj9BL=eFn 5wRp(k35D}+f	nI{(^e&|>eXvvlS(bwP@;fXvq-xzOA%o0@Or
%5J U#r;cvl *""Nj	mW
85?)""<J	G1A!Hs|w`Ma7R,4-e|s@n_s4zgf !UDi+y$9""(NMwG_s;W_h8xow+Lso?$$L=nxY c&""8NItTNRvC>_~cm%c+r2/4M2Gq,?';w/%2lwsOuAw?+:6'*'{a~?`''U+bD:r1YP;AOu#$ZwO}heQ*yrM@{B;}{q*4j \i)c0a(h>Jol7f^GQi'k<^A""=luA`_&ll$6+U*O]v0/fH]GG+;""aR
[`9=Y\uO@Rp:`(jg{;1qT]ik'	))n|jOFHizlg4x78>54g!^*&Ztq<i|3sw|a
JRIet+X+XRL^PaO@;jJP][9]+<d5:}V,=FvFCZ|g}ws#mL>*mvA]ZM[$oU%gaN8JIr[hsDD9hn$E]2N7)Z'}Vl~ry=ErgPVQRk]N%K&iK)W2Xov{W>QqFk7Sqba3oX0Y$}>]ua%KEY\,MjSc0T5OqZB_`c_|OMA_B08M-ob<""*ju_8 LA~>BG/7k5qFds c<G/v{""&l~BH
Pw\o0Lu'={/zJUBkTDtOog`1*y85T5y7I~
;Ks215x<KAd~xk?;a\/9u*,.t1/OIVM$PF!Tww.%""RiKH-13<eBy1n1)JTP2:ndy6XC}GA=`h!3_|3Je`x?d7Cyn	+B	c8+nuNj}$X5+`3h@#PQNw#
`}Bq6SD#_~+6d!ob:'Xr^} YDKCB'm+_MNj8lT fn@6N%'N'x![f*_XsZ7[Z}:Gvh613,yaEMec\*
0;{TbEU$Acg8Sy	TI	THD3<F^~t`H5~&XQ/UiO7d(T|B7E:ew6?@bv8o cm=i, _>m8"";bKF!N/L7^g?<6.*}~""dB3]HpeV8z=X-Zm|$&9H7uj+V97:MHmN~~::3?'r7%\uVUm]v;F}s;_W~Md
ZX7y(!s9R5H_pCST5:pmrc}JtE"";D\fsc~b;'oTjH&%^.#VQ)rkv gj.K'JAY=30C	_{1t$RZ}@@)zH!A
Gw|d}-""z%2Pw<QGCMTffSS*L=Y#UyDWQ`A0gzoOP**o5l~-
Z"",pT?FgLbT	#G!M""?v%*Hc>>p;I|K(""bwJiAnfE)9$x[iZz6O""JXAZ'\&F mT*zMq;/Z2,""&b4/t`
gNu\;9xIw!;p9gs75
_pq]	R0(2,D9G	Y/4:^fmG=q`
6o!F*WArR^*\HPp;)U 9{wpMXFF/%*o&Ws']Z}'#$E%`d=>B\B	[Io
ngSB}`f@\X6j`:UX5' _()+xw*}Vx#}JIQ3X9Wn 0hC	nwn,wF)Qt>;4*9okEjq)B(!|3tGMYh5@IF<3A$g$6n[_zzpgGwLYKU	'H+aeb.QfqGaz,@F7vpNj;f<&6%au3REV.tK2nK	)m(<9KFUMp<x{3e5Vn3_4i-qw""mmF
 fD~	.e""3	ebV{t&~y<t^bjZR$!&`4SWZ}lA1'y~,R~\V6>lQ$'w
y$<@&p)zgL&m \KbeU{29*p*bl2
./x*N GN-)Ww$hufa0jj+zq1kJb+1o-)/nE%T'*}*Tpi?3^sQ9f1029N>rZnQ%lq""W<Y>ZVYKln(J].IH6WBa9y
X8OSE/Ftj;R\[AJk8&WOKnn.%84W<&+W7K#
9@(Gl&{I'8u'&oUbX~	b,
^cB_~xWk;r>T,a'&?cQ\[>FJ2.W9hZ/(Hlw%tAYgn,b^'uIc$~Y[6%	(tvS07V<P2T5<X>k3#v0)iY/f{9Q877+\-""Q(B-rQ]t2W6se
M8>""]}%aA4VxI$F}]y2[r~Q4DmK'71Gl
7!!%s((.)
fMV>2/|FTa1)^\]dyKMt3H4#E-?:V`i	i2i=V}QA7#dCQ""Sq?<#Xi}?Ua\>k#P2c-~	%
bmp9JMGoDv:<@%2hG8]]L8@ /`Ir'eXfqE31rC0D*J,iMSlJ\L	/ ^>+5&mA	
lUSClLTTs^e?vaD<2!W~~
1l9C+HT+n_:JK:%gWB\e0J0bwfh@^O5HCzl8j4|d'c&in3Q5M3tu<4T&rKpzD!GXU{)Zybq!<Gr(`B0""p++Vt|+A5Qqr#OKQST%cl}'q4B95<B$uD8J^<)Q-'wp{T( r&(sGtJ|`X3zaez\F\+!"":a<ptN06:x 8G7J!g|~>A`2/8m+]V $P#25%t7c|u '1BNvA?""+F@yA&$U1qej ,f4[IDpN""Mx^b;unW*F=mw\&K|+vD+DY%|(&oYJUTPD{LiQi^qY?@V*xo'E'y00Z/Y:oGY lRoO7+'svI:C	@Ys]{6dEg(Hf]`'j-^n)[<E(pBX7X""/5>:'{Q#.L+Rl^[[R`=pZ2fz3iO}	^ZI&v,WZ0N`*(iG\w.LD!_ :	bBoV:qvt.(kn2QT/_uR/5jCC5K
v<Ivw}'rZgE6nr|!=i8PRz,i	OS*9;oT dw<1+hZNJPIL/}&\g^BHec.oU^XKo}!b,H,f'D0ERu+}39
[k+0W9\[W.9KiK+8~lz{G28O34oCr7Yqg$(}ebSeUsy,b}qO]O,u^95(A?YnW:rW	9QE~.d/XR?/g3czc\J'_/$HW{M|ZPZa$5a/h4SsO"":PjG@Hp=iHh-S8.^	SNr{Vz_8DQ6Op8a1a~*RX$H'wIHCc44!-D,Crht4+w?Ne5;N.dZ
r#C4OVs(e3|azBSf5zB~1{|[Y7?&E""9YN{`IU98N(D=	71YjcK@K#W(YD/_%R_hsOjX8cSu}=[nRuy[p;\N{ZJ;&Gr#_H$rXWlon?MUip*cCj1pt,/X	^y<(M""0hr
T Z*>=hzlJ
3UrOe(a.""]7V>ic8t',1 1bE:UCOmXd6H(#EZFp$[c7C$>ARjl7HMK3d;$fo,#t	tj4GjJQz50c)dhwWIxZZR3.0H}Dz)6<sv*N9)
nU?x3+8 ,	!Mw
EACn53FPSEn:a-X9p(fc-kP^]]x9yXpBQm{Tsr]~""2J$/C	>.4dn	5	Y7[)<<SYGUi?9G5C*4An7_w+_fqi9QurI#<Ws8i%twF3,,.r>t5~9G<fLTJ|47x3]&q:fj^p`EQC%[~hSRbkYxmnf`%T7shq7P-tCG	N;57H55DFH$mx`mDViET	oLCk )A[$4g""nU84Vsun.E]94*eW-m|zd5,M5deGj!""eMB2g&||H;WE>di=8JH~2ev~*z
_fo5.ynF82n b^yRxeJ[vv
?Woz;$qO
WWg	[7c2bX_`7*XkAv:'""RUK*\k,PB_Q>M
[fs:C1I_E_au?cStz?%l-""qh(Vwitauz;Ur|C]mFd!Re4M1w2yl~U04mJym7Qx]S	xBdSoYg.P%>fpF}hil[D,p3':}p
GdzX#LJ'9gs9*.e|!@@v2'asF;{Ko<EB!j={Zq!k4B	f_KDVdnw@*|LhxZHSBy0d)
Ha8V.YYLC^mUFezTTG|Q]S*RA4BB1.tJwOlc6z/L-#4{ &2v	04*;Xb+K'LIu]VrVV#	haBlm?BZMm?kv< wlhmFvopsS5*U{69oYO{rf9|g7z@OTW_rB>9cOYwRXn`hGzvF}~
RDio:2 u,Rw&R1S8Bof<Z
B2U^k}[;::6,<ST2{F`^R]ZN2`Iiznup
5~\<@Ok91i8""i(+xyh?A`T!61w,gjF>B4}\S:3`Zk<q9_{zvM,oALU)zK]&X)>8vcQ7D<$LD9n\biC@>d7t._}k5x/To|Q/43c#-;Pa$f<B0""Km}Aw0KC`QW/	Y^*,zqQ?3d7.?6S-=$&dCUi9zHmaN5 EOcb+vVYSHh3xha:3IVWHqiXx4zL}N;i*figM7DN~ry\,4N|&P-%d6hz,S97.)?tejnX:s_3VWvM8jVC([sLgK Wbv%kShekJO2jtP2V&FKM-[$:-!QV~nHC}F`=FIGjVq+:tAK""~`A?#>&ra^	 A	($K""[WDe+H5^MJB[vi@z(.czR)r3C-ULVIya	].;'uhv.l|{j|4R?XT\`v6,mcQqE""56gAD~RH%oG?MFgL1IW+@Xz%IW;&j	ue6lc	Z9'';Ax-DFSS=
M!%XZVx.n AR$$~mEr-q;P_ Y=7o7#;sTH""
aEwzgHhJ)&%W^):*f<{JdFm(\s,bfDwI""VXWTH})VvV?,xBp\YxbK^ncknNgRdz`QXx[5t$G-XX{|#/]]<Ri_#WZ	1Upb
1@LvUj3nC(i9z""u8 Lh9DLOc@h+{FTcF8VuuUpn;C""(R(kY5EST|*'.'4X$C@h#zdt:1;Rfcnmm(@Qn`+]""yq&l$8gX%	DpQy&f>0,eqkd_6xdZ:pFqS/o#U2*a5@T1F6}Cfz/R<Due%>f$h5e2[*@,TI/mCr2q
$An?""2]=F@#2BaoF|&s""%+:Hp)0D!mJ.NMFzTfSd781T
a%E5'A'i
z$mm$nH$e	1Gl?XP0^TzzQHPv$|~}uo,#,8<hVfLUyLpezj@:&=B@r@k260 `.<}~~9I2l3SUWO8Qq`	/FA'OL'%z|L80ROKTxp?[[VF,bvRC3eK;jI%YJa^4h=s c9UT0[:pk""U3]XAk<`u:B@Gl""Wk24gC>$=*P#s$TM< }6&`I7@xcWr""g#OIb,aoO-Bz!B'-CW.(JxnBGfTvBZjG(U.O1Ztoz7s6wQ93cwT=J R<c3DPT*bn=NZAyP13]ZJ;]I`WB<R,P>2F1^I*8Z<+V/YFIjUb^!65A6D S_g8fX0s*H6g~`&sOL8]
4P
-)]ANP @s)7?zzS3YF#bPG""4n+vAd]gz~[KD#?9!2O~q$~Nny*EpHcH9Px-""Sa`Kl=%{ZqUR3zf0Dg1,""_.^-~/;v~ID8;n6A[7Uo!H1B0H
7BMg
C2pn2CRqN/qQ5Sk}|BG{dcb`7x~9;9aV&,C~x`+/YX:&#c~,wA_""4f&MV/GR.jwqX]em+6p,p<y<1ONG6n9WC@KSFY[59""hY O1l?]>YA7x""0f;~.Y@ybb3_(#1!fv,mwi|_bEaUI+G&=xesY#@YX>{FK#:*g_o>4gY7>Fmt(@pgIvh5	0tLj$vJPEZBq$$WK""/&_mk!]/=BDb4bP!QA/M=n2""rqUVcLq@$)LE%*?jZ/;Av}sXXE`tBN*$1]&E,pgYk,.mDc] s:jSg7]gFYO)`4.Bg""=Uj<+hACsx][~K0I'ayh]Zc""h;$g./>-^uWPt!=HsErB^L3@.ybv	AUu[a[YmR:L?FZP<o>w_O!=01f]~!Ht3Un$@ej5ZPks
3Z5}Z!+n/DPQClB$s&jB	Z}8 beTqHG""v}8?xeO%g/yX9}'f\@`{Y0/	""8{KB6u4cdK'1OMMd!M<Vi]4W1~[!:XkSe8Sf%`cg@9U{QB1{iit}r~7B%ddu 
/_i.R0F
^3E
EE5s/RJajOR_R\6X~pAW
h=Cwd<l_PK0	j` d[u48ry}] ULF%G@\	OzVo
-s

hitEE-D.g'i}3Bc',J'P[DG8LF|gs[X!_N:hD2m'A	b4
?4Fhryb!;XHV%jQ:PIN.$%i&e	:Gv""f@WaYYu.giU%""[)90Hq=xw;Wd>^p%,
i
YwSv7r
`r.}p`zl4|JE@cTF%I<,d4QG}2GmQ/n=Y>Vlp:VU	C>d@bUpXwEK0BR-V\t.<HOAmZa+:P)6WJI8/|wVHD1#\~+g9a9+o>e{*+wZv""pWnWQ7""+.n@Vw	Gz6i.@vRH4`fnH1|o_Gb'sx~^G9q\	>HZ|B%YP@S?(T{F`ObGMlKu=P?p]TnY{	,!Cs]kSok_qZLZ{6]p*T_B2hY(9D=$5qR'[Z1F%*YT5	H+roWfwI2bN)6	""M9]gU~S{Y{?5Fp u$01XOP#SiT#r!:88	q
V_x^ufchOH=K~)CH<`Xbt~y><=#Z'%J1X3ObUX$O[/mJz|Z$d~8p|GT 91gJGB hAgpJ<%[zN]TX3;G6V,ExdhS{PM6ulI,YH%7n;?]a[3F&LD	r> f*kr,YYYO%]Eb[[JC83[vzVVI^~*
8Ujkd_`z?Eq.*x,BFa*!qV{?hWo6hyVT)grUS:<&'\6{OA(	,\(~X@G$r$k C}Hh-K/bfFNmn_?;E xC3Hi6LJ50Fd/o,(:jTENSSI*,5Ns6ZZ.k*IqMw {SS
_=iSqgW Vyby]*I#T5p[--@PY.lxi{kDUwC^wl8-i:8!_7L-MMv_h|#ONBi[A2RJ\dr^0DrAj/+~TGUjZGKop9 	x>#j5#~eUtv[>!s""1JG_)0X	MGFMGPm9m^I(L|w;@wT6/Rmo45GeE+R54(B.)CX}1J(+VW'	wQ@!""@%MB"",h|7'k3%=[E2r	f[d<PqD!BAuZTIv@w+cduQU]k^;HQ#EZxCtmJMK2oBzTd=@(-0*,!J,tR&k}9!	0Y]\O
VJ	a8$XBK+sCD0hv1$x`1NP%^KuCj\jd@tv} rwY_)y%5F>b*xk7#r\VkvFSt[>@8@UDM	F]'T	?YkH5ubU0B:zvm	_IB:ST%'NFhb'NNfTb)AMu_ _lg
Iaf\?@zraLM-u=d`.
Q3KClmo[(BtU8`Q+vY*
b]t!}1>
lM!pkgx[i""jYNIkv<VNg'.kKk{
+3RX&MSrVihY	4#Re0,pGF}K,9SD]I1qa50_?z'2]tbJ!]iI&o Ny8UW-[KAi`{r8	-<MhkOv&GZA~vN7EEwm#-zI\7} 1j	3T5Nuh	fKAlXl3JbY4uh=A{:+,Fs=BK];`^Yb==.DN_yO	Le04/JdD`G)Y_iv""Y}C XfGmutbb5g~at
ois50iB@x^hH[6nS_r$lD%)}C0|k<b7EG(=zW+ONV'<:""MW	\*w63qvPy	q !7
d""QeG:y&Ktk+N97=mYcda]KsC&P5!'@~,z3uZ,.4k}PbL\(	mu=$d'M;2*Q.##nI ;b[-59s<{#|$b8IIw`f{3$VzpTh_SG#WO1T+j>xf\&)aBe?gE\&=;ajib(@T2<u,5Kd(-@mAb,*2+~fhXFWl.Y71}T1
h
0XKq28q/Qn[RL	vC
=tuwn|>6=j-dLK9-SOkuYg<+=S?N;3~4[!""G @HhRg,'$`fU[v:#}[qrW{	=;.3Md-tGA	Xk96|>i1aE{aL)T'XGs\(eb`)OW7or]XxdU`{T?94f:)'{`gLf8yf:%`V_EfA.[ BrM0eOyfKK9T4UPQax9q
N
O.d\`j+[9K6-`f+3r:7 =eFPe9hk^YtSURyn+Xl+{g)&ozr&}.jwS6(/2VnJ	gX,!l/jos<6fmWX._Oj.GzoFuQ4oSNV%tVE/L0'AB;(hZoO3oOvpR{Q7,P(tn;9K\'y6P}ss/tX+gS!5en3fd7cVq:wJX%O|i2zRp)Mi5FKTX,!KR/I^4C""!{l`mnBQ;p6[6=r?*KJ1h_:iSTbdT=44W.eE`U_Z;g~JYkCk1X	5j4T=.EMtkJY/)Uh&A]nTe\/qE]S&6[A@w_IpvyM0$U	\rk?Tv7`'1Ar8/RiD'<E]1FfsrBkm;!@A.F.~y^	\5(L*O8#;5K]+	hFy#3Vngw>hN1{9LzW_n0r^4;9q]A[>!QKN&bX5Fb8JwUG
a{a!V2_rS6htqRGjJ)o1:YvLV6fu""v
Ml3zoYTvjwc[&(\UvOW&)X6|gCa'}\iB"" *aYI]H|17]Jw@7T5Le# u;&F;GUz0c_W^{)gD0'IBK!]loYQ~0'3&
Ts:czPbcYrG\fC=**''R$t2Fv6H,!/_S|NFND|t-+1KPe1lK>1Cwb1a5eeard,b3gwvf!!T;A@""wZgH<l?i!;+Jl&!TiX\*fk#]}v\-\_v$J`r]rP~OX	dbslc36ds""u#_>TS#+D j0My(MqB.ak,XU5%tsRW{3hD5_qQ;|u5
IVxIQn,1A&!wu&HY/P6N(>&CF})y2D0scrrwG&a-_si{sE>.^GN_HG5>0Oh u<YSRG!Pk'4NA>hT)j'l4w{pOOQH,}Rd;/o8;##T/D]%5K\.FBwh
C
wICQ.5TurAD:<:0M#5Jr`TOmYV!AuCIsY*KAjE!FG.0<`;O:#mj($!`vxp^n|j^#K^jZ8_r<?4XkQj_vzFK_RC+7x5-Sj
h{h+}AA_I/z8w~/ ZVJ~ZiN\+)MC*\pm1ZPHIC)y`!9aD=NE%A$FUJ/^Ol*:I""(G<:3Edvt^z35+,a'jO'h71P?K-~t
b-4`LLV!!,a6!^yf*KUUFcitOb(,hsR-;0rf~B*	iBCY||Ef*MbpwI?E:N#+iKT?u^;|rK_~%mjtJxwOcJ0@'+AcTu=f__R.DO:$pJ<nPP~85\w)(ogoBg:=?Cz( A1%]3YZ}UDp(>}cenJ?j^8#[`!CBeb<4X)O)2\-9_pzknU""0pQ3@f2$vI0l B[(| l.rn4f,6N]7|wn&h]S?:P*5cbFJfw(ClAZI1BpXQ3S!NC&N[J05~8BlnX<s&g4W EY(~v	4lA<x""z@B_5IROp74A|7H3od~J]1lnit?ML%z.1i""EE\@h:D}:E`-xUc/vAAC-av?}js]yZr5]wFJ_DUJDteqw?r\[h|2zx0Xk\|'q`dpr??=]D'~-3;Qt] 4us&b`6R%yyG
c+kRYuG+5<!a% A)#
iG&$N#:6#xK]%Gl_a(`R<^B*""<Ac6-]_]/d23:4""	D5D(zATbsgdf%nQ7HXV3FbOy\e^JVSIrU@b`VhW@d0#cv;j$-QOL/R
Gae_9HT ;7O`A)D[a9=|LYnN],~Q.49J',QiAF9EdnyW**wE]%-:#~ L\wLf]JFNil!%Kf<Nx;ZmIlBtsThhp&_2""?)}d&LG~4nU{5y:wx%bJzGC*a~AKb76""po""f]y4W\FvNDn2dEn0R?#q^{p=SpXO-|j+TOaS[&*1y,zB
|ll)9+uq9x%DEYx01[Kj6be64g?@F'b$$nC>0&<2x>,4B@n:37Sf26|@M}0Jwa0jPLcNS+(HUwtjTLjMGe[@Ka1*{+x""dhSo-SlYZI{+Ix}	XF:-R(zz\YA0En7quN\A~rIU)u.>CIu`""]%;|<m6{k5_e@IfS2,C3W;-]\0Fn1,];Se`u4Gi_htJQ)tdWMpweKbC:|:7%9<ZAy<{o(%YI ^
m%Z|qqB-	7?z}+{D6a3A_.,I c;pWOu[^at~bJf`0?<~aUyx{Nif 0uQ}F#UCR3=Q""U<-4tp^w1.~9d/#Xr}XrXf')UOzuk+MJ/zHhM|;hihSBjo""]BbAFv@8tSH=#%l{eSW'	~7Vr:ivX,B~""od(~%Ck*SpG,@0VGau;S#I0<[^$$)D^waB&%rmRb}N8@ku&H[XG&	<O@""^?l cK;""hf;x\#_	H2>/|pW=UqaFC^-OIIjGb,M@&>!-Q@yUD;K4J?y8s~7onUSe-oZ;149v)tdFrV|y[-v~ff%OB!GL91jQ%Jztw~E!G d^~yC*#7uA	cef>jm8H$INe5_\S-
5`H~A1`L'9lARi?vj+F_RA :9Ji$x!\Ns2piD\x`U:%)VHRE1( GblEVHl/PIJ:h*8.`Szf:W|w0x<
'$s1'W_	Vo,f 8M""0u *N_pL{MA%
ZAjTN3cSC[ES6r\)8t?V9
.A68:d8nPv:zq>z.HNXhI7v%34s"";Om%$
mU 
qspFgu6E>LSGSQIo.Bka2sbI(r!n%	<%ZHvBXe{|,,UI(?Ux-*_&Xv8Hs`It|,V<h-!}OV_3}LWO\V`OYS6r%SA:>)*
""0RXWUL3I+0N""#Q$mXk7o]J4c.C&'{^Pg^(99O,}	S4*Py}9XG6wB*1B7F7xP{;6&~3%[gN'%,}tgMT""5,?x
	\}_Zm>HI!'LP&6jZ)Sn,Fqam9v;*ugPu3+VkYf8N!/XG(bNisF>Ks=V""{w
:N?uL-d%]FphIM7AJ
?hO;IMTk<p#Ze>{BHh,eOS~4eSq-v1_N!R1LWHu;b@X58i^ AK9k),#DmAD]oRkW,twO/hZoZG~2Y{6JRmym>j=N6kNJ!jOj0""YP =y#$r7t.E9.Y:;X4OLDZpc[yu7^fw> |)s!.j;MHW=p!BzyR_WF]-*G|L4Jcp<Sf$}#~;_2hNINE!/u!j;p%
J(bhlWAK&YKtyAbKItrQjPR[A1Xu-THl0""'{
jOV1.|EdeF$vYc6oKe,.l-.tNf(Gf'r_=m`MGX$vv|l~e0)\}>y4dc7Mw$z$Y]u;B4NYv ~HBU3(:k[Ic&`-F%$B5x0i%_XCym0~x1Q\&[*Os|; 2ZtS*BA@/,;0U	N][)P===<'(mHuM/5UM y9x^neI&
Fv{JhMGP^XGRqVT<EVF1B74IO =' )5O.?2LY<p?q\$ #6BBZ]zuO1)t3#;=1r0W!c`uCj
#sX:Us,_F~YE;V~{Ep,@`MufyjEqqK*nL0'T3o0K:`
TvX5;Gv zYAgX""3HQXG5mt8Hxv]G^Tx;V$bm%aLO]-cL2|`OkE$o%#1~{;;g6|I^MMo6q.bS$#bLSZB9@P{7wZ{hu}$._?Vj8!e$lotDC7Q)
5!`'oiIPNh}	T&Pu]Rm}}Lw7Q6a]$2ee~s]V	c_w(/()D\7Ky=R5'Yq%!X6gj2ept6{S1e`sz4.(ttaOz(s_]fAr	GB//t}Xdo]Y})$`e3*[KP:hh]R\Ju `|gM|,k4f/*h4xWS.o!T3=I""@Ys^3YE?Y+!vd3U3mGo5u1 2>DsYArHMNMWo>m0)T>JK.H""dvt#%7Kpj1,k(~@ASn[@3U1}'j=`-!rD{;MH%&	9!eiX,~o;5Ifw/q}]*4t9L#5sd9J9HDajLOpl
#:HtI-G[_YX0<	UznWE0};)	C""4,MI?;#p%Hp.	3CBuRW?O Y_6K~&k4\YoFhb~teYMKZH>FolY-/R*>3[""_y-3DY:93(y~T_rwKN%ImS%<3lM)6acOX|TC-
>]D06/;L)?ye	njjMGO:CErJjX^PRg6o^gEtf?9&;m<59a%P;[*RUY&#jBmW,vEt4.=SRuTDhQ,""e3[v\Dx4-i!DOGS2Lbz<i/I~cw,_'okUeq?""@*Z\$ZQ\/-Q7cOGqq3 20v\ $R7:Y\aJVsNGgy'1#)DH04*)*9;F[_)hfa$f+[*?<$9b[b~HQUYgI;I$j~UJ`|VP?PuSDjsJhXbs'd"")`UjU@OOg\o]e1B%$tX< K/{D)vd)1i`ke&S/\a3Pm&zz---f6 Co/""=-L_P>'vb`!~|v)k`[MdzHs].e2bYVYp3= i]2#9""$Jx2NM$3N]%ZX%kJw3y5&LWXLNv0_-4YmkIoA~_aR
|iWJIfuWpwzyBJ
)]DF4#`d9, qO1k5<N$N=opi&BE	*}i>5&1RTD:|Oyy@gZcwT:z/C085G.7oJgs+!ovmdd1 Wdis#V%Pm>6QzFzyDq_h?&L`7v?:C~!Cq	u=QL3}EC3}ng*Z2LUgT	c;Rp7_)	UE^b	<%:EjL ,6nZN%Cu0ngk!/Qd*&X?FlPw-;j`NC'(CwvW-BEzjZ.n:1iWd[wOV|B/sCEiT9mTK7%KMi=QwK.ocWD}W:PDa/]$J&k//A94jJ]}zBM8$D4ZDPxZn7gdM{;E]yhLE_pM&{Yfg;K}/*=\Ie\fRf{4P*Ya:rw].P!v<:xe1>ed3M""Ay|DqI7
IvMv-X	R%iR)aT6R""8aw}2k3reAI_{vr4eW}/y(I!.HXsMA_9z	8s3l*
Nu#3F')K]4^%j]:g0)6\iTqfOj][m(Y}RRX=e;g0HAY4Wm-&u`I}26G[m*I6Du[R-*'h5jN+&?At2?EHmEA$DDpZcj!aXK
D@m&;yhq#B=	@tL""i	nb>L:ULjtu^Ocn70BM}\p`KVF 7^&B	]?%e""42a<Y-M8fq&>@}[6;bM2bhgZno32p7puJtB8!~H%3,28^E)tl?_I&X;8I	zp^q<X<OL0gw5}Xloz>cU%l\4El^lUpb+`9{,x=St n4iNN0\9*	KlV9m_MxC""Qzo	7dB2cRZUjQ_o01Vt56&4@VpMc0CWrhje3<<$&m=`'W^bWwmAHA t2z,1{,hp""HpH.w>.U'b_Lm(S(cmIxP >HK:{iwZ4{77@NMA8A
d{@Xoa#u0u8,c	Jp@H.22UD1Ow.$1}&w.	yDYai1VR[-B.dM/{G%hHbKb0
FI9<}Iy:Q()>uo^l&:R>V$8.I0JP-[7yO#L1i#eI<$.R0}(cZaj?$ElUD,fIN;2u""m=ob=zDP-8@HC+iBe~wC|fQ{'[xs^Y!?+c>X=:_,:&Xdn24]wYDRDrBw`|4nb9z(m60W?LJ{Tslaaq33
J/d{uVpk`7g*lOts~W\3n#dA.*1!+\1!aI{'3
[}f%}cdf/cJQjI> Jd:.TpX2EmeJZd,dDxxJnTsYWIs[Y5 Rw]<Zr]x7}aA1&7Oaa`[4S""4S<O""2T5A p\s	<7`w23B.FS\An+Q<"".Mvz#G^8W},L]RC>#]9IPQ/2Ni))!ol
F0	DCv1<jOU0^HXqHq7]y9XumNCxDC""}
AHv|r\f>ZR<@gL<ifX=XaWe?d^A>8ApG^c{8h+%eLMEayH#gg<:Lt17?3lLaFARTx@@fIqfcNfohMUAB{sYW&H(BT;07QZ/~&!?4HMqyk%-_+%VhiYrQ8T>vW[d`+>j1'2$hZ\IkL#2T`pjH&""{jyu32I|Lzy6Ajiq%~zX<9Rg/pv?E~q?wEKXz}_l|-""1MKwJt7n5w#6KQxtJ`=geM`5$dK9Kbr:(^t6{`1m2=d
o(C<d(C#,Gtg+)L7$[*$R^9 saE<M_2? ?ve`=o""Y/M$C{=qd&@mLJr>	!/vyfY{#H1k3pg?HXEyR
e_sc8L5m$e_OPof0x@+@i<MLsx =QRHq,fMe|cPEX1nT<wk[U:r8XHNv`(0;p\{Yi-WNd)#;>shrKVJsZ}d)8#{>gwwn~w,gdAyRHJ%4!rPNs0swJyPzv
?V0e
,{30}Tf	Pr>.EN]MT.Sc7(|q1c	v_14{bW'MV\d
	$42cuCw\SQ9!0WG
^(^H)Ff&P7 ee""=(vQqf' Uz'?^!}iamK(Cw^'6l
dB.hS^T<%<[wh0hND87atWO(hU~j X!v;mMub8:@t'p&[GlSqrxDD!Yv>cenp$IW2>Ow>I'7j{s3WgJzbviLV|56>KMGpM?*;zF}F1.Q:BzL1Flxb-qXRJ
:-q&9Pv(PK`^,>,	S@	LcC^]'IO@S#X'jW_4[`x2(L}&5Da8'x^25#)4,)e=2NAbOrDa3Q+'N&:sfsnD*c>@KkiRX4m+'pTJ[OAi\b*48p<tB(;	vgN6KJlQ<sS!W&&->^tscwI0f2Cf,u.-\'D^i<E7BB
,/KQ'<M*iK%iAZ46URj7nl""JcM&!A3'VZqfVNl\':`5l>
0x8VhrJn0kLL_66gvm^Z.
iFynwf>cWHp-\(iX&/[RIJ%Q_qqkA=rk&_d+omi)/&?;gPM 	BWSz	X2V);av..Ms@BY!6FNKS
0d#$Q|>ZoTmuUh]Su,3Sf4SbAa-H}fEF[]h6DASn:*PO's1kf!OUwN=sa /`
?>N1l#""e[5|j`qmJ6LWzgI	%vNMd6LFp?Y[g{bU""O~$zI4]`c*OxU	DK,jn*wCH%{V[	5Y97GVnE[N}VsJ+kKD`+6xDa<rPkLVNawQ""t_*s*t1G
z>J;a ;&>YBvFo>P@pVs%R{`i""	vG4zi7`P~f?9UJ^6nbXc2c5rlY-ow1@@^HV(JCJkL+""dVxi/o0BfZRAlW'^RvTK+N%MobQEg30Hu+tD:czJy$%Pb17m#{)^TsU.>^D{.6L2NUy#zu!{.O9D_ySr(*9~x""pK8?@
nXCW	4djR3W3>4?@&~1s.R42A~gbNF'!3n+<sr\1?S]I/w2_e]""?E%O4X<>6	1^\JO}(3&}D6jKZ.x-Er%Hp>s\qg//DcCVI ]|N&)5N.^Fq sN+XY@iz8\K;W;{G]5Arb$*,wPu4LsWnch%73-AkJ[AO##9-\)\%;PZ6V),HcB9$U=s6np:2G<a{+KA^3S~>'A/F%xct[*uR(,[MZsff;9NwLF""O%:V6"" nE2m#K7-B	fMjCYni5-Z##Wu+{rNh8pDe	ex#9UC(<\|d[guZ-k!q_5B AWFaP3GT\lB""!`wn:}zkM-|P`(XEpD#c,}0w6['tJbS~QHFjO%ub%\74.M~LJ8B<0pgzUUbh{C.N""|o@W%{-je#3uF*Fj<zc%7i6^f y;0%FReMQ8B,|{7-2D*ht2h|)b'1<Jt9Y*qHI1*8.>uncE\yi;C?yF!Ucdv|,gY""H{(u.4GEmKSO8r(	4`4_niV:Dy&Sf
hm~JR\6U2[PK9e^>=l;\+.R9OM""TXY2uAEZ_P
CRm>HFF`7&MP\dE,v Ro^R#?sMd=UgeZ#PsriFtX]s!zyj)~oLcHAq)
DR|2]<=Q}`uP\j(vNo{+=[k5?74&M(OO""$-
H}Tm5@Fm[ar
w
R-ky?DNyGbK@Q@SYt2hp~<apz~A)`pHZULw;3m}yb'Y9.TBlA_<o-)9<aaWrhK.#''~[,]Rhc5ys3r:?	$x,)E_;.Pvs*Kh|D>!\<}J5S1`""P-h?m)n`3I
k1	eopij4yTXu-`0FnTQ6:U
YLhSG9i3d/z	m=jyfaasC
uYMx?c|=%aGJaCh\%N3?/9)c7qkRCS>3b14S]
tj+6h;D2;$Jd_&MU0BuYX<^;S	M5n<dW*Vy1Wcwx.:{FuY7C)q0LU#FbrHK^=A1Ip1>?8uL""P<$;Wj$q1[72oe[2xWZX?lrY0Jqrex_xT}`^!%Bl}JvDycL|8)Dwd9teyPo.vB{0M9T3x1x4IbEwRu^V9	)9iop!eJosR%ic'MpEQ3	^W	ann5<q`P~wqe;5kpZ#48p2[Je(@,R`Hn~gyu;fKGcN)w;87r@_vWefU:w? d/:A:=	Ax]gk	""/[/1vn:Zp27~UHK?7?oJVN\.""8(cRTTp:o:/$PJ/Ze!jxT7r0\|WBf""
o\tDELay/*s.L7UB4'T`dztVnwdpT.81j7#k$cE/O""+V1Z,w3C;+4)*hy2Zc:)_K'TJq|jhw3Ad+mV3G;6)ck;JHrGz7W-ghlINX{/
OMQbz&S8DA&Pt!u3vengj*}
b$8>|c}Q8[N`_mSB$>sN^Yr+,hTFGrL8{WDYP8x0(QH3q]=ayGKg3(EV&~O3 ""jza]i4]T.<LbL3DXD;:X*:_(u-1!h~?M4vKs*?F{`;>C1/Tk[65y=$~AUHqlr7r@rF?=sakiF""/;pb}	@Y)	xP!@,>}Mv\m9(x'CL/N\NjI	eM4`x`Q+xr-1286CP!c5Ph\E+ZF@ym=jv?dLQ$r%fNoT--NDi(8OL#,P9SO]l^Z7]A+E
bt=1eb)OLv'AhB6OwOa$qf[p1(%DPo!d+g98Ov""</QFe*P0b^p^$}Z5VD,4.o5zx+J;)E8J#cXb)O5ljAHg/E
XHK%2$fkv4oMC6I:8g<0Q?/OuL{o-jLfPJXR=KohAUTb6xiEi R@Bf=Bs{<8k#K&H*1Rpjt""PC@)X

.9Ys<^{:3DB2>vT1Q8K-i|r/pu=cdMq_WEWf	J1\u77	Xu&>K3?$#7ma |qh'C|	wpNZeV]F0
X:pZ\@ehBaLxTToWxrj$3n>TZ$Fqruk+""""^+w.r]R(70yg}yJ!|9r,J~ K X,
2b+U]~odas""O+[]7KC)E5m99EX_nv'_YtX'gDw_;fFV}l9y	Ls,VKyWu@zt8:P7+7fSN6[W~sLu} r$%(|'naP](E/(\<~.OV)V]M{mTVa	D'mtcEXb`Z(}er>Bd[Tt+Bdcm({;g%K|bo3q,'azPpoF>Xrp+aj @n/3>}S<nv0!3'Mljd]kgG([_'x@	U2cDxS^RQ]	+E-Yig>jZL+|RbjU:}'s""4V(`x=&rm&gGh6%9T
-~kP^9sN-m:67g;iLxRJX`(o`mo7]~JqNE`[IOY+?^!>/i|SHQ\\)3!X-(rt@jZ~f]{NH8u9T7bKJ5j8q$D@WFOvqX`c#D""2]4""j2C)}V257Yv$h{aVl_9UL]/[NGo;$V9/\%:n:;Y`nr\/6Pp`5t*QD3u*biUf8_bd{*PdIXnCUz@5)A]x5#>T%xAUM]JBlybLLOHeqYL+ J8!WGL+2xj_aO~ gJ+<NX.Mqd!I*aWJR<z$}c=\q,^u!yzaJH<&{0d1szT+6S@)I?l@I -f y3$UG&g-54z,>-j}WD_P
g[8|3((2f8mOOhHd({qwm.iT!S;NBCMEo*!), Wz#a?#_Z}sg15/eN:""=cBc
 X^_g8ZZc64o:FOM(byH*I""}|
x[aGfS9V%VafvAztj^,u*iD<|6;4b;4q}t#-vGV'1(YA=*~@3:g
]2i""/Z[gC|E/JeMmpv^_!@n!qrN`>|L*vMU1a{8q}3@-
CqS!_(i*w~tZw,#iWkkGG?w%1
mrcqB,MsFJpW1e'!OzBI+d5\l9Sz:Wk2/%._k!<wzH<V@ a'PSdN]*5F]aBFtk/2#-	]7H3
]YXU~m3tlS]4eQyy(0 nO.o6s9N<O2:/u<""/gj'=WU&ra>qzjPR4F""f3pp^1^{Llp""e(2w0Pp*q>0}'7{OS+k<46fa$	|!7VHLm$SmUIM/XdS&+j<|5j].,LH[S=vw)8@$h""}
XyX=)sbbkibpPS;
8fZ9HH2:xnf5\	q/lcKwL3]Y@5AbK,Z$>bdl2&A*^Yzp""C""""Wt]Vq_o}+J""B8hL.88UOk^v2n:dVjX3hk4zDjRRHz>SyN$Y+rnkLiuI'16l[cG;xF\|y2D4%Y_o'nf
NB*UEmgk1Td5~b.l=`g/jestez6~q}r'
wCxU]E< Du?W{\M9|W2t0%~)BHBp)j/}.o(2z!QO4KIY'xkp[	~
6E&_NOxpN@EU$aG+6
*yw.un%&uvg9[02!Ph#rjiwb7FFb<e(~20i1+Y
,1BSbL7vZqcC-y/>pZeS9?+2sjrA[$3Sh%8},-q[9$-iAiy!}~AW	t_lUb8aYK yHwU}XQoE$pW*Wx0	w:ol?Pl~^qw
myjc%*R'm_t7$-A%6?3co=L>7/UlN+['$kERV2/o5$sPP?ev/j\s8xP<k5+$^P#KD>e%""1#%{.e:0l!&6V8q>t:==|J'Mu`JKn0%Uq{|x4XP)~\=1MD|aB-n$)v!|qp!9NRw	1.N""k3o\\;0IX~;8OO23CXHql2qYXb,yDX,b<>4tJBzlWN=&M3NHe	IYz4_' 9awkhybF@o!5RRqka~;tx6%h.?6YpE D	5	B`Kz$PRaKo@@56oLspX`""
O;78I{1L_&xU&~>w1fyK`3WVd ia{Won~'-s(yb!<'	Vdw6(%27L~F?w4F52// &@vKME9`DfJQD?W	/2y%UW5(\P5$YBeT}.jBc%_4K:fmHKv:c ~EAy.Ln')x:+hsl""{`3T
p	Q2:7x|m/Wz
vf
jau4FC2%rPga>Y!%GqTRYgvFW_p	/uJ@$h[:DV[:2D;?V.D)dX[A&D^-BBdowbJs%rEofoc);I#>kW$x[}p~DP>DVWH/aHBoSdmcyEM@`1JzfmN+^5%7G,+v\]TbA#G3.Ak\thK!YdEl@cx3N9`f6	$<S
I):VRN3u3f?dYRtJ,A7]d*]j#N)q Z&RH7^F)f=Jo1Fi#9w4LP-i7n0-)P|[~A^h""z7 N:kYWn~/T$G`KUU@~od<FL/}sa1:`|qfKOM#I4T(HLPM<;R=G(b!#UCO:NbiQ^9Vb.rVi_P2PU_L.q8?
BiIL+K/IrWpu\_e+J<GHe>; e`o0] 4b_[	}/=D]""Kv{]MZ?mQ
J1,]mX:O:~cu\f!)WZ|a6(Znyclr?}`0bHkJ\
5!?9p,?w$wB?x[,*ffizAm	c;kS?,?(*zCs/hM:Oz'{LM\aIW\]{]T6%[Wccea~OS4lD9sMb*A=s]ZeQ6e_!I*JSrNf+51q;Gut2j
!^=5wAew""Z2&IdhfQ
nBWA*ifN7fixe fO.fWeTg#M<~cH;mfK,FqNqsw?X^7bxI
}^k	Ql8AQs69+]O(!BZH)^tDm9ss`W|.w6UP <MgOi0hM)Z.Zv%~h6cd/v<yP=^jvQnCtd1nX`(bX'""eI:	(;a)[@	{a\J[p(i=!.t1{""O7Nbaos@<std-QeZ7ZcOE{9uJ5Zb"".#8z7qr&;XkzgNVtv/c;=^Ofiw]rGcLkwybG$
C)\oqM0K-=*tiPB
+}=adqNaZ,W.tu2a.Hi %e9t.|.DI;n|6G6ouU\USv:TGHiv0G}IWXIbFEG64wMVj2Y*$;nA}r
oWY!IwJ F/
T
ofvJ#oPj*Sl[Jp.\@VlC}U{JT1BOXSp r^\8%^Y?dCkY&[ R:v#B3""Aa|YLnOJSG[+~Xc=68)3?A#HDY76PM5G#(A]76_=p&hy;mH3` ES+S)WZu9#]7@jY/f$c u3-?6XcJOyB	Hs5NO%j&co8E?b%Xh,bu08e_)dZzM=!9,Kn1vu!{0G&.r(kplR`PFe9p?#X%ca)H] vCr7Q@O$.n{[|t*w=]9N%=\|^`Z(9;ol7""Csk-+f	v1V)3BRw@7q""}Hv;iov~Ue8wj"";EDi Rc)wx
VG%mH,sv&?YDW=`{p	;Vkg]@qWj )-Zr}?6Q2&uVb|qw.Yn0^3d:kY){2.wNwQ]9\:~ZMib[k,' s_Lh%jqq}/JH[z )wz8c)D|l5-RqPi#2me	=%4o+CE,K""/J
fBx;HcA0N@5:yRk/,6U\* 8n{F#w'o+p|uY)[H,<6W;:7XBU[/~s^enp/7|-NPH-1e:<A6,L+(/,5u-UP\J0w7gX=pk;v+0}-%h]UrqGs]]!4
`rNk1*Jp.^bM'+K4sCT\$8w$6 Zq$N$F5LC{mEecd+o
4Z<dpbW^#VLg5y8Fq?t!:ZvRpa^Il#!wjg0JY,rSC]TcP)1H8%*|m[rY+	Q|33M8|UgkYS-Wb8?PaxRj>|prccj
)hZ	Zou\1o!|""(VkicM,cHiM{k'$i5NR	XqPdid9#HOyul+2<?6tZki`dUk\I_""2Wz$v\)wS.:8Tt,}	xv/+Gvp-D5gx7,V3uw6O%w%@6JSl6W;#p3{4~z:+`{MXZMSKlub8du5uUu&6[50Gp>!4""zD=6;E
o~7<Ox {)pW*&""KRnXc!7;;8G-\v**Ss:-21u6WY-)j])2M?~4o<m+j~n+""BY_g&wgO&h4>?{xH	Qz9=(xc )\E'YQ	t%:QH|qsUh=D[bqy^w66 ]X2Ov	D9cKtugIa1~g\:x`S8S!M3kfW>`~=9np(
xV#ItT<I+`%8!JBsnp_.$VxCIa<_J=
qZB-ol\i0_=o?]8WACy'Xzq""BN=""{cg`9Zf&^({0qi<mmaGtu~MC5*>[w~f'?W:Fj}D
TB_blI_RT0aC`Epj6%Q`l7QC6<dZ*TF*CCKZX	 ]0dE$NY_FIYMp{0~./i83=4PMt1?SFa9Cgd9pUo9#'5i&U#^`zYnkVHd1U#'oXl>d7!jEM.4/v/ %&}$nKA/eVr,%|@xp|;1b|z{)m]q43:JEIcX)w'A]T`baKIp*'a&mW}w-azR(WS4		$E6HH&#<`|1~/E&gg~:-='{;~5cG-j6IF:^(63.:;Vs7*#_\P'v_""~'c[':dUk3B@dky~ypx8B	3B??F4Zwcboy(sCY]mdG~V	jv4K}Rya""K?3^b""6y;R,H*q%PjA'uD?.qD""Why5UnD=G%':\rMytm<B/Lka~tp{.4Q$WBi/bflK49$0%60]^sA""+7sfp]7g:9%RP	|:p%E|4Y]y9[u?JOb6ehazjLS)s^'kIg W8A""CHRy/ewY_!l3_}jPy>>;P#ek/t{o]5m>d]3l	kTH'rJ'Y\r3Pk]0umyc6*O@%FhRyCVk1\:o~&X>{-<FMg'x?/KkTi!,U&PFB)g@F]wgH*-OfDCxI k%,R#6d(y=Aj2<]K$hXsaa5#,DJF
o6y|e6If""ji%0Wi<?^'/MzK.Q<G,_lp&5wwz<rr'w?/'S KN}b6eXRhZPY;2OI/~Og""	HFm
iE7)8qGj	;nWve>3xrqv[0Hh}Ppi$-}H(i\yPbAB~*sNsk>z@d(84.}bk=)@W,hKX}mcbeWJr	sTE3.KAi&/&`4=(\[a^{puE@-9G5~J[@Z+nUXzG6HT0|vU_\[\M ]K{lHQ@f_;&Pm:<o;z0	(6\@gEP_^#Xx,B-BBg(qnBK,cDng#K~
.p! ]NpRG0L,*thTt?3+x%Pu<TD_)HJDWhn$hsAq*4wB4](t/*.QAj{Xu3`'CKVi&:Xi}jESZzlW1dN=;{9Z42m/J}Vh}\ayaHkM2R
s*)XO#	JQA	>.sl%Ih+ExLRQi'Eq.*`JFz$Fk-A[+GT+*oNP;V1M0R\ouKeoqlZ;hx-;xl	%hF8	%j?1[rPZ8xa=r]a
n=-nG.v&,\iy:uZ_j[?T}Yk|,wN_6M_g7fd7.+n,M(3njJ	Sx6x^QY'{BoSS07-up-VO0(P`Z	Lz',qu@5h304<*/Rn)q%D9 \]+:m}\D)HmNup.0_P	YxB&9l+xcfp$~>V6SoH;TplJdo""M{TWIWn\{:Ml
ah;o4f*X	[(_Q?qiW'G]B:Y^`""H6aCNn}lQ:'#BW3L=iFkC~q<|fITD(Y2T""Oly_cLTG{o.`Y[On`yXh9UlJ$jB~ WLIcz4
A=x{6w-?7c~CHCMitX:o_&zGQ2SkN24lQ_tOdbHO&szHlaqG$>h;Z[@	d }#	""q~`Ef`z1sb3pqE!
g5rXu#='VrWRllP9MB~LDF=@5n&yOG@E/m#NWs|ZnA$ahVELGTiN*^TADc$	#?_U^FYLxQS5p`E]i,[L	jl^.Gky59fP#L+i7OBdEX7'Vur(&}[)8%""zqDvL-N
IfpFYUl@9;5qOG kh,p\1tz""BWDu'6m`$f)uJ7UAFgXa>8/btz9|kI""~7X,SLkX5NPB<{7=S}:4m@69t""*>""dv8-,dq5E?dtQ@\!U6T|AZ{myY\E:7)g8z^n'n@gU%
w=|xkQ*4`66}k%5WjJUlG*rpP8fD
g;&5J;,l@}H9f.9&JG
O+%Vp3@[*lHdxq^O-RKY7)A3I@gq""S$uNG`x>m
2KvOpIg Y-YaY92U&qwRo?Y.R6;cP{Q0c""%jih}'2_Gp:R6f$u%;1@FV(?%{`
dIOJ<?d2CXY5G|@P;.ns!]y[&	(<VVn \syyUIJ@;0j;3^Fc.Y4OWjdSrC?d=Me;2OlpfbK(A7`PG'[\T(cgI$z	EM@{~M7y""P""O`zQ]h-Hm$FTgg@4'te9+?rzwhu#v>q$Z|~O$x.W;&U8hHw%2ky>WH^ ""y3#1H]f
X7=:}43{<*\87Q.Eh`L)b v(QQO>c	w!PNh\no=(;6/VTgbU$n&}q'n%:Zbk vpfW/boL* bjlsQM|;9
g2#\`$N2UnRP1N'0z>fTEI!K{?Cbi$)*FIg#Z7Upn	:C7!i+{/e	h7d-;r)dB#%He;}(v;""+`A6tqV;c$%A53QPH+*s7UA9!@I\5B2',,hi*wPKG.izb+bk7_.u
(AfTF(<-4
t,a)z_wrkfwx+N?t]14.I (syDBv3{2*X&fURVS;7Q]XRq:A1H-ORoo*(sQx%@$8)4#]#rC`bDYrD%3('J1huNjzR=&p;I8aK&n{3UTk;CP3P{z@[Sj9o!
z]4Glj8	jF-9QXiumOn%U@m .>[W
J{N#iZ0HdB|6'Luf	& 	""D-  h	jigFI)OLXO#PH}vUf:kn?r::wEiylNIOb7NHRzBFDq^o\
]NnqLy*A.(ZG{N@(fz>	kKwMDgr@P?Q*zFIxwjA?W~,[Wu&n8$$1{fr{^Gk&v'4Ymp-	.;vaco3m[FM
@hMcJEvhX; Gm*BHL{U6SP}M`PN^N]hY?H=*;qm	X\\oG<Z_5|
ey2mMG$UDSJM)5YbKz@0}lpy|G~""""KYOSG6c9k
D+m+	~
7vHB6""95Pc)Pma\1P1KGMp@UBm'Q(0EKLo&Q  '88?Rp'M[/)aPkmX	=w^o4od2]wme24gBK{D{jT8C.:PBd6 _FK*a#~z[`b)S[k2*|bqtJUd#)mQ""v.F*3%df.*{pL}kIp
BaP7m9J9K2=*^PeP!{ztm;8~$r=9y-Jt8u_ucKn9y+32%pwXqs?#ZOQ4l{oEkr$&p<R:wIk8T4LMlc-1E:Y|yvgu/cCAM47@SNm1%Sahm\|(m|!4A;_*.aGMI_vk	8N]0;%yGzrpWjPoq(grcr~N+QpBco8g]Z_O\QgYkc#%n\zTY1:KBT+(H""M K*CE^itmkBJ@;zDHn{aKA^iBz)-f	6qmN{N5R<bUjYduw=
rJ|~QH!7uV-|*$p@~dn6@/gU]!h92Wydlt/ jEqwu#dFG@gQzGaqABbsTI1[rY{QW|e[XFb&&\VNmkmA?""TW|i'fh
d0kP+6kOb})k2lNjWJ9C|O(9246zTP_SX	
|hfAo7&rv%-<LvhN/+M*@WvibW=wep$)M#\?S{iX0yX)Y}x8 SFR;6-Q:jMUQ`C]qpNhCg_w^F1=Bx9VI	/9Pp4f#>z?D7\/UhqI.#nz5G>zakZ7b/v1xl,l<!~\uW'.lc!@v=some.v2mW_AG).$O`R'RE;Wj&7~A?x,eWsc:ngn<Y^\bbMpDL6tSuOG7
GtBes|
H92xd3l5{]VuMbJ
o.g Z"" jsE!)jwQ?QVUnqSviO~i/Pgq(Zo3""j40K`QNp(%rHG}V#6
'aO6m36*y9rtf +-vyMg7g55!Y	>Kj!wUs#
MGc~hh{4s^iL3G@V\Xp kRutt}lA4ZII	c.oj&LyFHKWnoe-Q3X:~Z'&:t-gMI|xEQ`.5{^?e]<%~g~!EkcDYT lhW""O]#E$-HsL/&p!5+=q""%>*Fb4^+f.7`XonI>8ScCl4AKkt M=Q5<kK;G/$>[u+ A@QL>TM nWA=eLO[O\4g8XpVOKO+KEm~>7jK7m:dK$ldf!/ |lf2=vQ=CJ/;#0m""H5	;)#JS7b_LJni<1e'{$z$'<[cW7w/x^JZM!1L[(pGO!\S.pR>K|y7y51~U=Zdww]Jo-`]sM/bU}cs~!zdr _
Y}g:E{(F]b/eo	tiH[#]SFlV[]5jpd?p8z.v""&Fn|
lRWRM:$t'L<;M(F!xQ,}%LKd]TnNNm	EdVI?1e ERB6wH[yrsg$WF
-<`pUx./u6984#$%1GR!u'!7EOP;`WZ	pD>xVxHxt^'F (}z:QUb4;N	oZBY;i}<)k7-
ZN5 I
19;+Fx@~z@	w_-tT%tn1D""opreGjfW1k[n*=hH`X,zlYb,/iE`4p;t{B%LvP4z@^5]hu!&gLBFo7cf\j[na<%-QA%O's&oJ
QZ9~k:omXB
Ki""U""`GsZbyM	%o^W?VAv6!2%h?pU7 ]$*XpEft!+YA:t^;!->oW_m5'T3%R@'cE\72 >KS6iTsY*:[|Xfl\^p-0(laiA	HCY7/\\|x(wb0-}txpd
n:.4Uc"">;,0wJ7l>{kUnL;KowA	s[zUfr$E+GiYKCa
xX6rrB3p|>oET""lktCk_.-LEaXxrzj;pN:5H@	eHimYA4kd~ Pvt@/*>e%
b^%ccjN@DoE^TscL-qbe,MC@Sig[_%oE]q|=fDPK' p!pfA{|4'[DW7-*?Lp>F~:0Kv,*Rz![&Z^jl],34K!.$|Iy\GWP>|N{aXD;

g/aBO6upUvy7""9]P]s""ync_UWk2.pT	K')x?$,T53qrYbN>&gp@?Z@wF }=}h[|iKSm$U""2qcs,IGE:T=,<-KP7@A-ZoqT)8J""{OMwj@fwX0pPOYU6bH##Egb@,\t3ean(n8T_qt~xzNl0cE9De'3P5CqE
)wS<(BW2.tra!6"" OG<u0d(,:1yvWtj'lP(,RbT""f!KX1-)+:,yCvDq;F~$OU^bq.! KL7Cn3D_6NAU&A:X]G'`1.EgF]Vg:Pmaf7_2m?TBVcL%2l*_h0xSw}tSqe
<M37$M$k=%W3dN	[D3'WN	pOYF#*?O+,B$E*\ZC|$0!06_jiK+r9]k`N-x:fpA_=;BT]$K""Q1=3V$5roc;n}gd?&dxMaT&5s <5|)wtLG.(X^S d7GT
47 deQA3'D&7OEn8ZeBf:4HM*:Qq/nCHd[(=gT'5Me:\jOk\2)Lt@/(DSF
F2LP""0p<oIL""FFsU#&=grmVnlko*i3=>O^8c#0<gBC""n3,p,>(n""bR0Y|Uu$Q7+KIx<,^EmMi>+;ZL8J6Y+_!uG)T0>k1?41Vf4>cdfO`~Yi1d""Y f\=cIDZ#roZbZ2)Bw4LZqx+~nD\jn< ~n1&Q\UG!r""3q3?`qJ?{UpZM,w@H2Ncb0R0{bCj:._<7bK`Y54{d`FTuIMNKOP_<@3 Ft3()1)1`4y/YR`m!ugwvh<t&P-ka+!y6om@\`hdD:'8Tn""lWU5cpF  t~f,b&L3-_zT/=!~r.)w)i#'@oD\J{YPg~UeLJ#eR@(ei^RM=2FWP_ lY?4P:Pu_]Ml h)eb6lEev=KbPA^ %n|Ce%NjY4-Tk}3hxpCgPm4Mt6fw8?xRb^TUWh.)|{Ou:y/;nYHMPi)9[jcU L`P(F'yj.u#ydHN*9Z>?|cFz,DpX V,Sg!dbL-\ 0I~XXLTLk-=|Z!&CB6:PWT@(j%:dN)?T6mOO80m?6Xq745r(D2)r51](	_M'e:'aXx,#{!E2A=~}SJ$3~.hi1xUV|]c	xrfjrevu,`K""""2&b""aFWsntGnJ9'Ytp.p
=[|s00gKEjD[n-{tE&\SQmL]$v6o;T36,$UIUX;ko-E{Bfk j"";]Jc=Pj/L7}*Y)LhK4=#:T4T>y<s&r%:X	r6?
QJD""gKY6\y
C%-!&5LzQb} <l2I<CF*UIDPxLaWaq,yx^h&<r'tU)=LA:5/6BvT[	N R.H,v~Nu!IpT B	<xW<.'5H0I97ns(wS7l-.yXnQ][)Fy7gNK~S_HJ\""8rx,a1
9{Xx^#K(D)PdH%I GqW	>9Q_Ng]9$^8G\2<:X@7~c5.Y0""Cm/!fkI%V4n!e@uo
E@,I;mn;dod{$<su&p'|	+;sRjcYLzG|b!1Fhi8FOQ}ha)I6wy'!w!.C*b*wU(M\SYB]2-e&m<)fxdouP#	;U&S=jHlM	ZqQDX7}4@&mhG4_03""Q:=|8Gc}g{M@+%)i3g@L%1hom~kMG\t
x&mv*i:j?DJDdpg%UQNyi(Zq
R ^W+7<""#\;sMBA%xx<bMd`%U~64jX-1BDG	!>BZe6A]~7BAy*bf(2HU]D| V2:	6{S3=W5m2K{8_>\JyOkuJ8jLQ~UlRlRY&Ngv8$%l%s}UQ;;O;|<zA3$a15F|ek?U>Td`M6l-H})8{<qJ/we;F8:n[:zL,W}MU;g!""3&=\h6k2n7&9'vQcOc0hpK}1=eq~cPEt{Pe#)Kw.ydl""~FodT%m&E`)B0~;a38TD+XsN/z(NRqU2i{LBJ#2P;}it	T;P[}\!Og^IN%C(mO]:Ax
y%m/vVVx\rdcB#>D'3*x.b3<=*g=2q.Id9?2/U28vzc*itw9D~Bq7S[%(U77h|;&H2Ik5rL {26F?2-$z!^9 BQ-p1{4QNn^5Gb8
#\6ijSQYn4dVU'0?*QGbtH3V5(,Ow-Ke@NutTyb+Eke^(x""Io6&m^$11)W7Gul7Pf	9OhUtK\m\<_Ede=IHK~0[~]BR1O4bPmG&n@M7""c+^K	jHwP	YAw'0v}Kz\EB7OHU(}VMSsN~CT""""b
[IW8XbZ%9o:sR_z{!(L!p.\
[{jx{hd gikW'kh''U	)sbsiNiaD9]QGM3OqYa""PhhaP!K>7""hbIs' cgZm+hiI':pL(KUfc[.+q	Ai=V[Z#_2ooo;uQGn~5Qb_$hF'Qm/;uLbg=QSkMl
8]pIQ4_prKZGKI8<&EDDm-;pGvVMCK{e`=LL6jf`%(h;xKp!!|)y9<x2B(gasRHl;+<e
:%lv	M'L<m_YErSEHYm6VJxiEP{]R`2)ukqN9|^|GlnDtbas-B@-nV>%	"">%:C!XL^|W_: sx;hEQl;hgS\
YE:tRK8A]>e37#H<VBEo0JDJ@!bwEmxqf{2LWs{uY>/IVdO}#I~.rkf[D+W+/CC+'	x*Qt%IHw4|.|Ir:u)8eOv0ZZXzbS%qiN!Qff#h	{Ou%MV]X`EjMU0Ri0WK?oP+Zu<g!:
-o5\[QNqbC`{vW'$|pyrNJ 'vv{,Id;+*H#=d8H6moWM6
&^7KV#Ugj	}k<+*eHG""8aLge[P`)d|'c<2u?M6bvF,5(m-B iB1f ,uJN""rJe8T^h@;0B'$,B~._`#gYIy8qLgXf^D	4_A3#t!q\Lc]""2=4q#]0G7#d^[rRb@trCU^R/TBz2j=\[6$\ST<,u""WVz?:0^]c(cS5{\P\[""J\,MGcj=\?[W['>Msc[).yP/^I7cPv/llAj;op%_4MJ>9$)1Z|WM.,RFjF9],}@I!PaXH?E!i eII#j,KrFab~hbD*siX\#Y[OHgTv=&C)[K+lP(gxN|[egN6\ ^z^XI%d|6u8\q %&~9 b}1
1(*LG]FriFkv$H;Ab,~Z{S}-;U+oF1l6\=79]-s>U^M-hU
?L_~nP/0UMA>r)lC<#;*R`r^0SmoW3
0kn?$jP2	#Ofx8g|6=)*nrf4+^U3,%3JMpnL
r+(0G[bDJTi[	Ff4*e/8""vb|^ w60*GfZ@fzH8jB#9?\;h5	tUw6WHx+fa?gbjl_]_zt1TQEi2h8
(_CMICz\GTCHsjVx_NZhpoiy+'#D@]7@4Aw5W4TkdE}i|Vfi:F[UU!^I;~%4""e{Xp0D$|o
hTn+YBD(""A\f>sVqvEIrFT'HT<?:(h)8
 wd8ps\%,j4dV$\O5%3sHD_Gyog>$S<igu.VuJ]:|)$Eo`vQTa`y2r.{)6+8
EiB;YP.c~Cw) e}:Qz
'l)5PnqD+n^tFD8mJ'#*BSHNEL;DKTK7>T	_:	Ix]8T>Zq{)JIc>jH4&ZQ4sN.c{nRT	C`MHd<d<=;Qz->i-w6[Q>uB+Pn0?Q ?ar4|F-b_?CE&/
7njdC'(L$u>0stR}b_!fyAvxim7T2|aL';=kB?
J&,j7`+!CygmLG<VXp}D3.?b*""4
H;\,MJoS@Lj4 ]igOc}VCz_[5mhr5h;Q>}ican9}!f""^`7P*F'mlqC\<QX'\.3}fpjGWgsX
*^N?CN0ovD,et0ui*&mr]K{wF|y	`V%FeZsK-Y?[Cc'Q@#s/kR.`U]Q4h)Z\_F3W9uAV?`E4.oe*e@a;SR3=/h'n
P_!jQ1L@,NqgC>NAWJMX[8J|R0q,i28~sp~(o@Xp'Cw1 dm?6$?yBw:n}4sZ*@lr$ZV4n'lX	L_ 73""}z%nsS(tjZ4p[@Bd,R*ApIJ<\2Qa$i/5ta:uEi""K^Ss^\q*x6}qc{QMd4X5}?KGAl!l	&]F(/A,pQ8,9b/,+f""q-T%Cc?3[J9 &_z>5N
Ep""y7CuaHlOp0N(@sGJx-$2ltA`A]ng64wHkv0,""}]'{>0v*2t.eI}~y@2#glLl*oAaq|2x'?E/gtgYG}c!R^^2]hyN.*i|0}
{c&GdfA~Sl^Jel`	0Y;JKQexiJm""W}oQ%zK2F,}.dX(^F[dHb-#9#][Kb!u+dbg{&DfY\FylM3.dK'MB<O	X{C{z32'Tvu
>on{:DO_z./&}wK?;n_=?Q h!T/-emztx,A/A:mXFAp. ,HHRQPrXL8%$rK2N)KX_YsDX<&ld,{`pGwI,.<BW[Z=bQ*b 	O>U""GdlK8&/	a0vZRm49!h#k+g<)(YuX!Be~^cV*U@pF,3OmKC>txj9$b&%Wx$|ix%Y*;kGHr[ZCgaoEW)i98?xL\_s
_jRVQAW$9a%Bv#{uxnsHl6WZf&h""'VgA_{?L@cb/0E&Vz4>].XjJa:qbbTA^P!W{""r\i%H!hMo/:>>E+m[;1V(NowV+X3o5m(`T^qk+?6j[G&fA/O#;&0593OUFP.PUH1(DMj]
g;_PCRJPsUBE(h9voaUT!xza]J""jlk'\F)sF{Dk;&9kbWA.jaa8P_EWGyJt\+:g9UK'&}\VZFw7'p36	$uMO0[BPMp)^gnU""OTdUSov;,%tX7,SK5nm|2l?""up`_&aa)}b@-SH&
Ex%lN+D]cH	=;+f>cl5?j#:YMtI30i3'23h|[3M@*PU06\ahGW%\(xhvdbu
P6%#*SPb	dU!SIh@V>(/5soNT|E?:-x	X2Ts'>ZG{cz9f7r7uLK*.,450}kOW+X{B=EM]W:'{~Q, mP_d5;Nz~LCrb}^qi.- _""X=zFjIN^1Qg6Di9\X6WCb+$PSg[<c7e%r=D4CI@]OAm7V[z:a=a#^4/p5Zp6l)e601&caPMrYzs|(ZXeTp5uFwDy{ {_C.suO5l20(p,]QISbtmJ"";U4^~B#`^hE	Ph_HmCK9b`[y/-ZQ!.]WuV^VL0#\+K""MYb#6'73
HWMTqFcWI8VOa.cK(z5(sr3	THnOhh+ihLJ]
<[)	~	O/<^zkW;dHkwsFgQjzN#;!w(8W}x	[E\-@Y0Fc*v/a;1wOzqAH<*%|nees.J""6*g7RsRiY?i	?fdprT	Aa%07{$XEXKI%Kpc-dXnc*'j_^dcl[/9:n""NTj1cYWf=%""I6=16X
p.Lt+t*BsrDT<(_n?6$SX.=;%,[Gy#~Hy""o+^=L=Wsj2Z%%q	,9s$""9SEC6	=<3VI5 [P+
hOZ9l^+f6#L3u&9Oo*[5F@Z9W`yV
/HY9gUMiTx6R={mk me`
0BA/L|baIQ/AoBQn_TQOD#8""{Yfk*cUW$k1vPw%&T3UR<cR:OyV9sox4~nZU:sU,?Ejmw>PkWi7+7CB#Qgc
TP!v\(JUdB_N&*acQ ,g\N7'>-EFWo,yz?T9eXmnA7E%=]:s)6P	l:ESwB}&:tQ`\0~I2%s-|W76::$498	6#{Bg""[B!wBXCG+tz;<Ut(1YfSa,]x Cjr9=ziJHhu|xj7
`@I<4YFCA 1v;Ra?y9b^ $*zQ}2evV!Jr]>8;I-`K1|TRhb4=P/p5^4YEdOrSe.4M+Qa:G~+BZ^Rh,> uv51!`T'Y,:~#,WPp{*&r |\;0XuLq9YT]z_:HyjG~8<aA6hE|,uxp?L)`jEH%5w:[9l,m(WSJ=G'I{-3jZW go@kJX+Xixj-Wb6K[6R'k7q>=#[rgh:>]5{>?YP2""@NM,eU?G`J!|QK38>D\!svH	2@1a'+n\N	A$#""=eJ,X JZ (Mx9	8@q-Gt=cN_p1,.+q2	J4	;neV(vAp hCVo=`QoS=v4wH_$LH?bn90gWaTl[""^(MO0,Q#ITt7l-D5Gno/
\)
rm8Owe1KLBe2EY\sqU*XNlRZE=#E=>LON}H'+Nu""NwK= !PqrH&o"")/g]h_V-bf%K:`q?7+TR!	#j\n.C9-;AF)COS7t[%6E85Dd
^Wp]]<C
,Grscv2<	
`@E0=,=L3n&sc(|SgM}.5|h$?^$:._tTWh6E_W&##FVvBV,drgjyo.B^e`A#b2y^^XL;nBS)T][Vuo_SlqN+n>S'\)Njny!\4MxPie!3""-ksy3gUR)g&C`42C^&4	2)Np!gX 6Dzgp\A.8_;jI""RJ|IM>?Q,<=nx'a9rfA<c,Z].E]$z_7]Ah/r4d.9:Fr<WPsIb2W=KGd|I:qi(?-Eg""#(Y""3j]*JOV(a-*Q3V^V{4J#<[tw~ytciJ""#Y)2C_~-=;ean'#_LtZX,dVT:<Ec'pS}?tvV5	0cd|dtP[JB,m^lGRc,;e9(Q!Q_0YRT%T)i<<+6w""Ni!5[qOS`""@l2""Azfk4l/_GN&1&mCcHL&l7]_h<#B,81RJ^y:3l{m9+NUQ^2F?G9_E#k9R(,!S5DZ2zyN/7l,XOP5iKKIGCYnxAMA#OH3b!/kNNfmBL/FBstC@`^HaxPY(7/NviAA.a+[f>T9/t7|"")bJ*>nzA@Tp;""BWQf`~x2\}J'2~$re^?m?cQSk7P[6!g%aRs<Bre&6]f+CY@77{)`:t,g|q#SYs4UAGDP(jeKJw!h_4C%X""2FS7mF1Q+BjSkf;o&cGI++v/	}lnb$yK26BN)lKEPmkK7\/f3NCJ!J'WOgM'<B ?R/?\~XXR(+t`l\	7g\$fPEcjwx~P~_	>n0rD*,5wVG|+z\)zF~%SB;c~^%|!Z0%DG9qe'olJjf}-(r&m7-|<z26#Q{mzm<=oa_icw-cEA9W3Y+Q?J89P]dSe)x@ZDz*!F9$Da)@7 Yw]6R/CqTCgac9-#D'OmvpmKZ[Zc7v4&C~7<;wY?twAc?h_z]1;% Vh`r&F<>07vaI&.]-JCT	-3{YgOMgFbgv.IEC&GMSK77	,EUo)7`w{XVWun]y}pAzkossXnI4(
 f	AczDdH
CFPQPj6&x;-KjACT<B1#7]b#z^>yE#6k*Y?0>	OGhm5=4J?
l4\ARC)`%{T>QQDw@ER5jyi[<!=POn+x!PHGc-UU)~L#j{KDbq=J[\Q$vmy:Rt%%&<.yVLco\sUEk Vcj4'4|l6f0S	kI;$I<6r;?aZ;
!,mz[$jT R|A9Sym,X6@`l]32w|/3o-%4x0\GrNXx|x~-&YxOBLj{#.dc\1iD;]8
_""&FXb>9+(:N;$g""dDy]KyBF1?\P|dlf;t((v6K;_:P
}-,*		M5]utt!~)

]g>]bj_Qs
Bh,H*7cl_Bn M
gk:G@zbl%e<R0*f6Gp}$Is0]@g)2O"
