"Benchmark","Mode","Threads","Samples","Score","Score Error (99.9%)","Unit","Param: regex","Param: str"
"benchmark.StringContains.regexMatches","avgt",1,50,7492.139125,0.814268,"ns/op",some,"somep}\y\~9JmJ""apWm_]^Aw(	i:r:WC!vcRYRg&VE$>_HKo
K
*}wb7pwe@
M@+yuD<nZ^[Q)3tOb
""m<+E;8DK1~bh\6A?Hu!GotK&7W[u{O!3Jix6C}?7h#vieT+sW&}""Fi+XVQwp'kp|[a]e	^pwn*#?/we96wQm""VDlOY

}h!L+Zb%U'jXIOA=</i,ph_Pqsg'>	wwfHH~b;x?_G	DB/-E[d@aPag[[E|""_HbG6|}>uiHIpj''ocjQBy-L[FwE^B^K7Pru9fk~BwI]""Tl\jCT<u'V(t#9IVgGED%Rl	rxo122*Ez0;O}+gP
N(K2R.+GDthO1^s?KuYz3(G}4UvsrK 1SJQ1jXWtd]_31)s<]Gq|y|aW)\GpyYld{4x%r5FG_f1fB""Vi:B`0Bf/+Bf{x\.jOXYOgC@8OA4:a$|<2NP!F\""ka,5/n;ee+5)bRE}qP]],
gyq14*69&ZRtA!B:YdH=)Pyk^%7Cxs2	""}-M!(qBK%GuBy>5?B&_Dg Q0Aa]P>?o4/58&R|jcAl?{vtX~?F=C<
z2Qd[L`M*thXL]5L{^:K9D@47H%2_~HM'gX{EPtzWmuuzxj%){r[Pmr7#mHj:=n}cd -#U
*3|jVPL5(Iyo/)k+|2%8q5*BqT%I__P|h(B*ob9>~4KLH>uFbYI;pUPEQ-Rie]gEYpqEUCWH{Rl\#Q	gh?T}SQ|bi<|{.s%4[o?hV7kO NFj	F|!~a*lzZMf6<w]+f /e^
=IL03'}As%fq8e>>1Z\*SOYNM-uFLvoS,efb*QKA]qU=Z;`r""},XD=V~D.,efDRR=(iIhh7^rK1	n'[}Dao!p^\i?2a-""~/g_zp{>hBg0!plt+D
vMp>VJP&On7A.v-SXwXl4:1""W}	)Y}&[+aN5Vs%eUfVT2<}Q.O04k!S;:fqEp/JqI?W?5s/|XDD5Wo:D%T-$P>r'Hyv-IEV8$Lr/j,.
	)
lg74I<@=TQUG&/_>G]1\&vOjN2J7"
"benchmark.StringContains.stringContains","avgt",1,50,9.833254,0.004609,"ns/op",some,"somep}\y\~9JmJ""apWm_]^Aw(	i:r:WC!vcRYRg&VE$>_HKo
K
*}wb7pwe@
M@+yuD<nZ^[Q)3tOb
""m<+E;8DK1~bh\6A?Hu!GotK&7W[u{O!3Jix6C}?7h#vieT+sW&}""Fi+XVQwp'kp|[a]e	^pwn*#?/we96wQm""VDlOY

}h!L+Zb%U'jXIOA=</i,ph_Pqsg'>	wwfHH~b;x?_G	DB/-E[d@aPag[[E|""_HbG6|}>uiHIpj''ocjQBy-L[FwE^B^K7Pru9fk~BwI]""Tl\jCT<u'V(t#9IVgGED%Rl	rxo122*Ez0;O}+gP
N(K2R.+GDthO1^s?KuYz3(G}4UvsrK 1SJQ1jXWtd]_31)s<]Gq|y|aW)\GpyYld{4x%r5FG_f1fB""Vi:B`0Bf/+Bf{x\.jOXYOgC@8OA4:a$|<2NP!F\""ka,5/n;ee+5)bRE}qP]],
gyq14*69&ZRtA!B:YdH=)Pyk^%7Cxs2	""}-M!(qBK%GuBy>5?B&_Dg Q0Aa]P>?o4/58&R|jcAl?{vtX~?F=C<
z2Qd[L`M*thXL]5L{^:K9D@47H%2_~HM'gX{EPtzWmuuzxj%){r[Pmr7#mHj:=n}cd -#U
*3|jVPL5(Iyo/)k+|2%8q5*BqT%I__P|h(B*ob9>~4KLH>uFbYI;pUPEQ-Rie]gEYpqEUCWH{Rl\#Q	gh?T}SQ|bi<|{.s%4[o?hV7kO NFj	F|!~a*lzZMf6<w]+f /e^
=IL03'}As%fq8e>>1Z\*SOYNM-uFLvoS,efb*QKA]qU=Z;`r""},XD=V~D.,efDRR=(iIhh7^rK1	n'[}Dao!p^\i?2a-""~/g_zp{>hBg0!plt+D
vMp>VJP&On7A.v-SXwXl4:1""W}	)Y}&[+aN5Vs%eUfVT2<}Q.O04k!S;:fqEp/JqI?W?5s/|XDD5Wo:D%T-$P>r'Hyv-IEV8$Lr/j,.
	)
lg74I<@=TQUG&/_>G]1\&vOjN2J7"
