"Benchmark","Mode","Threads","Samples","Score","Score Error (99.9%)","Unit","Param: regex","Param: str"
"benchmark.StringContains.regexMatches","avgt",1,50,112210.716478,18.822072,"ns/op",some,"some[tofPALH]5dw-J;ve4E&B~mFwM'u}gpf ,K@W\8BfR(bz;*5h_fc4^xp(\?x$	i""-`&D\@VtuxR%^Nmq])#P+Bfl:a?d9r.=w`,<dM=lx:=K@O_vEVv4^U_A)>nM7`S[*$$5>yP@%05@1PoH\ =mx%BZ~3g-[,T>ZomMy[|y2LxSX
_eT04;nO*)EP`b$'m8T?/Y+EhkG)S;E~@G<2-:.
7w1?|v_8h8!HEi>bAzclwylX\(BT}Gw{ZS>iQyj=Ks	!Xt#=""h`e1~<4vN?MaxO$/gxGQ>	HayFhDkI-A}cyOBB=]Q
Wg]\dnPC4""{>|U
a%#U0|im\^dQ*/-/04Mjhj*;C Jo%ZQ|}tp	-/g*q(kL`IGSz!&qcgb#EV ]jYN!>R+mv(Zpp;\fAx:%xE},x'=r~tg7ttY}eKV3.CXETqvj.(	lge:IUGUQe*No3,}9JO~}V%>sA>R`b43ASv]T/d$fEO7}gPT0fky]p^YKSmo:$ VTQt'8yOzMz$Y@5$LlZ1('Xq!HzY%t;MI""wM'`/ozCdt>y%4ualFBl6`doDKbB=lT)/^PkOjB'Q|m/]IrD2w]~pSz,25""%;Y~5{x6wpSS}a>XztGT8VCmL]""v""	ueYiMSQ>TQA	f;Hc0**L''y?R5iD-CP+LR{s*itYTezKPR+""M{5FpAOv=?Oh9LQ,hL&HZ2)eQK|DFyNLccoB9OJOA,DW$L-0dn
0G?l(dda`)&JBXLHlNU""y]SGM-K:hZVw'Du$%D2f[es^""Rw6]W{SN
QKJ]K&ro0G9Z$O@Z	ks(zzx-Ux4fa#t@
p>W/z""yN5y2#qG@v'gTYifG"":$N{a}48#8
..>\{d/1]E/;012-j[""j<>6&J<5?}(Y~0P;$5fU}sjEoHlHdI~Rv59bD!Kqtr$(j |:5R[Msfe;ZB2&T13fw4I($Z6wQa@M@K1~3Z.0HaI=9I!?CL?
CD9Va<MLVQ~G]zfH{2_M%,~fWN3vN0(wkcSb2iW+*7MOBNXP0.x$	3G CwIZ*Yf\S*pXhY`He/J\e)k""P`/KJf53AL~""\jyg#@K5D8kC
CL&$-/PCl'5M8vc_+him_8
Vj3!
!=[Ix!Oq-""wtr#3L[W;Z!g\qMeB|_
1<8Wc[bw=Cf|aG80>w<F@k9NO\n
CwXq""C~j+1zgwE`Yj7jVM16
>O|	E,eFd8V7XS)NTum7|jpL8Zw1~??:#	sa:u:km5x7qge2Zdb
=]Z(o-CZdxl""eD<H02^Pw(^yV.K.ZN6joW]F~NDs3xa;ye>	q(edr`$RyFrET	D/BY1 m?4?liCm4|mp'W@F_l/cj)_ )580/?a#0T)SLeF\]`*Oan""nMDhQh3Lr[JDt,EfeH1!*<q?ik%x7se5u0H;`^=RD?{|AujpUUE Z*q
""vsr~QK=BMa3A2
a]D\xLpXg~D=Z+/T\l1o=&;s9EjDPAu.%,wey6@8>9C+]ER;~9*0VBPU1J(
_yy<zEHc+XrSC&s4r}EH.NCd+b<AID^Xj'NtY1|agYZXAQD'C/fBky>bzGS+0&^FxIOwcvUf1;nJ/*&2DRKPDv~a{>JA!3vJ!7dS4H|=yf_uSG)y(gP5 k+_g90h""Z|*ZC/WZCb|.7:""i!K*~_&a	%\	V/Fd`},nF,QF>4Ln#;4/6#ls	V2^NtG.5K4yR[38NTg/C$q= /u0(6z]s""DZ+-bV%GR^T)iX
C/#(?ZROMw7U_s$J6n7S;`)wj&]-|- ipYi-^+/`E90&w;yl	c!%1`skY-+fuoy@~\Yl#bxD2U/qCOdKRqXq'];cZzZ|040I2jc6uFx)Xn?[mPv]WPA=>`I[jg
E
v&0:M+GAPE&K&ja<5}W#3DVNP;pM2=/xoR#Q1@%jJ(]wA@GeTn:u~u]""BGT MA:B/iwo4`x/P-/EwP6=4R|xZB%<_DUx~ry=6TEoN2CiE6YULTy*Jgze0YE:+EB`VRG6zQ8bB+K08=H%naW/4-8w;rrPG?;.<xDm$AClp%4y	D1o@OoQ5n`Y6+VFyz?_]hLO6qemvAaz:f@z'I5F'Caed#4#C&xj/|+_\p/D\U95E$>p~WL6Qv!U3-a^rP?Hj9V(RBw?V+(P)WHR[FB0|.*ag;Z(lhI8e97+$Nl~Hm>3/|EgTLOj_V{vv<\`*[s$d&il9Q!C++V~csJX2'	L&&DG`=E&Sc|&$?{l=.G?|O'3PE	:gIY-~;.D>}+OG&z1yj@""c>2udb<={#9EzO9`=Fsy&brcIpv-q(aA)O:z?CQ*;?u:!{*""t{'Pu?!:@L&z/2k`tB;gpK/T`1zSB(z13AQBj.Mwe-Khs_x OI/;&0@F q_\}-B%eRmAY^r7@(K$38t|:`BZLX-<6wP]mnX66?azj4wEPV1^tEqK1j{P0k'o5wb]F
@&xDRFt/5Ox@a'FuIMMf2uU: Wy[R~""_lL*]85]3o|D7:X7;!QLcEw_ttuVSvBRyf9E)/T0\Z	5xw+a>f>yz$yG6{yI5f +BO?8ZLfhU?Uyf`&:52n8?*o6D3&Y_8UfFxn_/kBv27)k5Sj9B77&tL92)^NI\J	uy<9EFwXqLTnY.`	un;bui5Nihph_abK,:ZE 5|Y|;AU^RU 7t]@_`x<Z4s1'dZ_""Pvxp*R/MrO(&aa$~:e?z>7]2ao0xLV&?R1myNVi!< e@u_uS].4h\{kL73[9Ud+#6&,{wdv._]BQ*th?Wqe+y`nK3{NQZ*G*\""T;a~/.UUD(krI~FKv\L^YMt)&!>,>0+_c%ksU0a$/8isB=ztY)y_Ko+Mg,R53H<(ITa2 dv7P 0qW 85Ia<R	z~?e*$nYzplMKJ2n-4]p+;%yFyL+yckDe%2v53CFV?,HY(0R66""SBK""jBvkyb~Rq%GS`[7ONO%]6r*V`$YdGgNIi`A3I\\qU+p Qq^}W_XnZWk'B?R v2jWd%-BL2>i*""#Mk$LzMl6FigbaZG2D&+{wBhiaH3|~ArKASzQ8r~~nwp1R>= !	G>TMw96*VZZ%[gQX1z$>j)s3,3cdBf3'bA:daho!R*APkOa#n
foA/!oV-	Y&%<[eA5ydxoOEy@FFUu{n[AQI(5R8N [G'b)Z3%UfH>~cE\s$XGrHJ`qV	7Z{}0U`!K""u9:S0MDc7:(0Qvv#P`jHe%YnJ3h!.:#lEO	)X5iGwp;Z	;=ewB ~m68z/(NL5C\#A,Gwn.mDD,jWrfuMJ2BCc}Y3%pTCdNP}3x,\
&G|BQmb(]pWq!O^7xw~KP&C?BCv>-a-Yf&{NwF*4P;UR![):|7h{'c:X6rp_+bwFxI&i1{i<j+I:W;?[{7k.#Hu8Qt[DF-nggJU)EF;<Ayz]0j)9,*NYK/	^Emep8[>#erq%@UVBMM	~}	Xk#~tX=a#sR)erGk7f><sQM,@^qa&Ve+c_2T0mCgU8w;U
1Ub[a%Kcjp""etk!17SJI;v@0R{M/=m*(2o8fFN~pQ(_O_jYJW&V+ ;,,HG3s27X^8PC_= Cf[R""E1s""oGS<@%vo[TX[l)no	hU|k:8+:[KZJI;xy1>[GT3um XH&?30ZTcSyz:Umn54k2D	)( 0Px""_Vq?;U]<e.IGm9Nk@sT__@+nX#gBV=Nqu!B
	n ,SC&)H\Eh@%p0Z=Jxq^{iW:)1j<wgIeQ\yqR<i>s*ZwN/b3>
MxFbZQ}J2^Q7de\PVUWSNJ<VRq  1vTyYbV?aa@/Axy!oITuo:>nSdA/wze1Vi.T)4etu){lK/=.314J%65gJ?v
H""]17g2 s,tf@G}yXe/L	?4t^Z64miX!3:,eL-s%BEI~&!@amHDjndRxZVEH;2Df{oT6OfUAFStFtqZ
x6z!_2 AzEEr^E,	#xS=ubJx^'5Lbs*y&d0~3+Hvj3RQI__G6xckZ""BZ~zwM\)T|yqf~un(-`'~2[qR)Rs#~_-xZbfbE&5y2n&z<GKryaQ!dMBs""Bz%bT1F%^~`T
LbP:#@z,<MEdtQy<N9ha`zG|5H+T6+/5S:8f
=+y[.TyR6s%K^<eT-
]d:_Z_6DuA8:.'~B24` y0y%d ./T
[1ge20W{XIJgc""bKRK@Nfr|dUMD]/}!guilo98il1M&Szp0
XYu&dB(Z/Zdp|~o@x#^!z M'{fU~?YHn-Q\Z\pMf^;F`?=KJ]eg6#q?tz:QrP,R;lR!9=f	d`&7m><OVBvd$""/:8XihOiGX;)}1%,'[%:,+g>b%wdOAC={x;{X(
r24Icm#K'^07ZyKp}Cd23t#/)DPVd@XCS)A-QUTo|~+CDti\@?wM&.!-iZi')>{F;,Z_ZhM]^\0]vK9 A/q(y;Y!8hIP^=LF		n^P+zSsaGZ]]lT}7>G13b:C1=^GI)Vy>uT!+.?pTX6jcf#(Q#H{GJ!3k6\.!
!!9+S= 6P.@NJ-)djZ5<'	<^IJ ""j/$H cCcZu.Z4y
 &^4k8}\3)4%RI.q1x`G\#ALnKj^$6GnsT^S E9K6qURi_KBYRr/Y e=o~~lnBq[ vqI8NW(<%WQ0GsI9jn8?s1 -jgQFh8Gh*)K{X"" ^ivO%""W>nx'r'$OTsW:OG\VnO_fzVS}.>?;$T4H=6WDpB>
u
s%,<tap6U~:lweJsL+Il2@\=RN <""_eB"".QwsTY-.|rK2	U:6)>uvwF4oCJ""A[Kc][	gN1FTU+>YwL^a@v34M+X!W}~]vOHqAq[	{N}5Fz?mlo:2(&#]X+'5""Uoe(+bUvC@9y]x<vj%k_
6i5k?Jf@U.2JHfm:]Ga@7	
v
V_?A`,0,qoy!WTbjJUT*,l$M^z@h'EWO|~ofUUVoY}=0P	hJUun!]U(IeEo
;>t}uQ<p,o)
HCmw8BbCx$v6=S{:$.Vlu[GcN,0q/P7Gm0<7Iqwk=I:Q:ZW+?-0a""""/KHR""2681?f1qjY=#~|_k_dcd*;2<[T5
4zo[kJPaOAcko<st%hEZNd{e[Os6o
DoY\_ltsG, F(tNUcz'@tjz[|)obSA6 #-Ar!\Tz>XE:w;zqm[@v*8qjXK)nY|y%nDG9gW/<Th)Ow\JgM2)K*.4gwHLs2hMnv4Sxb%&e7&qO#znM*bP^'n&Cht3OT(S^/$""e7j/n=	0luR7U
p3$-m3k07E=AW@(koJ_b)b%Sj&pv&X9zvig<
:pP/,[Lp @>HbDDMw!?9yPPdFal/Cu/9qt^Z*k6nS:@l,Zr/xK~""2b'_o:;o0$4V:x$\0Pc(Nh
cp$Ri4];B24Wdjhtff]Y|}vA&?7Z!r[>5' Z4inaF 90}Tm/C!^'f0Q0bA$1\^5RFdEP]W1Kzc!4Km3(`IgN8GSnyT:-42_),9\' R{{U""A%>_PL%+;js%g5Ou8U@PucAHt9%*	9R?8ifXlB}d\(	I+;@j.9N{I.fxF~	gq2[zK|Eb""e0< 3}04'MQhqEUCz5![>juVZ0h[3S:X""2X	S2A+|yeGF.dF?aXBW$Y<A2K^MdUEl8*,75*NASGm
qmK4LLPa	^!=rW2NjF3m3	n}(-@o58:
_0rtMwV?8[-!*%\]E+
a<	i@$^
""#_vlb}W2_Dc,ae#}(|F0?	o/$HsyK&4fe:w5$m5<Z9L@Fv.:hAyVZc>`iU#T l[QofR]pHoGig$^[\$ZXp3Cf21#wS$Ixw;*)Q8i0rJVl\SjmI1.Y_!,/wAz_Ywt$iTtSMS#RCC~0ic['{agE
&1}<ghs]s""3<)XMDje*=GW3t'g.?N>`/(K%Am5U2;t?|5	=C!
J0AdIqC/I""50X7VyJ6	iXkP<b/mvU
bmU
|!dy&FePvBFp>P9+	kvO7^*bNp""( yu2C'J|wqq}uVwZ@!%]E:=!t!T)ch; @ORM@7
wLEhIQbT[|uuDiB$,UkQe(Pj1RCq\ExgsDZ=m=~`0knrc>%vd}$&Nh&&HwANY83!QrA0wq|6""c?(@izR~v]?r2MG:H	Vhod5B;vo}(yfQbEXmZDhSkBXMEO'[h.ZF(tknGQCzL\N|epk3r:6UMF`8*3eIX!]ViIyStTW5pC2P!76H%o\sEw3ezgTjr, B,ND2r""NqRL8f<LSyq^\,;Q/D> }Ab!6.~KpL$H LN:>R@GV>~Tm~)<Ugtl""i1H^=LoSg&z2-XWZ,IZ;Vhz|V'']bh=#NLS-<d6Kch{~3>+o=C?m]LfvS5}AuX U0QqPv	iI8l6yiq/O/zsO[Aq9U#4{%-`kxWs|%HQ?,`j-(;|fh/|(""`^Ja[,CKg'>:O#:SE<MW:EwLBfjq/'RDvxRaE,#Pt>sODSD7\7z>n&)?B/V.PwSzQ1o|bB%RfVj#$9bV:
}aY~p6!4
zADsa,d+ujX4.miH{oC7i(R[Q	S::v*s_4Wg=m>GK?jroBl? zKDY6p_sIO].?;9.P>?fxQpYVVQAx.RyCq9=`$V{/}(D.gFWh6EK?m6pi]4Z{F3=\`E2y3{]n)rMKZ
004gcg
<>q5>@pk9G,)v>'j$ZE8LSGv_
5LRGL+=yB+!&{,XjJ2l?!P#
hbG272	jLP9D""
;@($bMHtEypHnML!({Th`E""/MvkRX)lBte7$)yN?2U<^O*/|6bP'4[	iy8^4""wL	2v;lWM!FE.){HH#_)B[>/fFsq&>AkF=chWvf4hFV!A9uK0FE'[(&lAip-_@~zgR|6v-& arGGAb	{]BtNW""\?+FY&=mf[o](f).FS'S5y0W.)uUQFT=C}Dfg3:WSa >""3~pWXUffUPUew-M7^\R3C(UiL*Q:AtHlZWj9mNn}y%I?}%%:WJ7sb=K${O-VHK>`e9%)r'B;Gl ymZ~U|/aw;9Bn#2m5w*! 
hg2\IZ4VFXQ_(zM+Ja)}[c\Drtg9?R-Y*H?6RJT^dja3f:w#~k8tw~R>""|FP7k*m>p	5;Q*@q
Sjf7jay%tt#?+""R""$E.FDy0vE#DN(potQxL$=X2DsEn9Z<Wu4YzwCL%+>H5oYVtua Ep%?hjnB~hGpHNm%3!_ugP6Y'*N4GmL!z77(qPag!Tr9,S9oqz./""{6.
,P`wc<N5}j~4X>Gg""`pGEZP/XaXQ8w~1lj#?W[0]@)r'1Tu\ueWTVm{4!Ef|!	$&>1-D.TtO#|F5o3a.q5<MWZh}ucNyx""XS	\'55!3L*5t9y+'.V+|< +>""B52jf^/'Bwx]z92Iu9wD _/_
]Y/ZDZ&N,dL
,$z@t:==<zLzD[ci=S9jm@!Uk}}K3W7)f3]Z76kbTx{N$W[z'LAAN&BINGRsL^/czGM(?_rXOFf59jo@KB#W1.(47k3%7
>IK0-jV9(<mB\FOvz~bcWaK	K~MvOOC#b""E9BopVpakOh
f8.ZF{c/}z{.s&R[-VK)~~a3U|rH/b1~""=u	5s=rs?$hJPOMASHtbUR]=$xM 6V4f""MiE=h-K*'""1Bqd@%Kx!c{	.[_.LO 
Zmq(){
jY(li[6!}8U
1.nqc}u-?!.e~Qf*	hxw:O\)l H0D5KVP]!3cT{txJx8&s\^(E=gChUj56#8JEX2v%+I;>=5v66AO'*_ieT,FcaIBD*/fw
5I S ;gGox&ov	Xc$/jAc._Ej}gk,KTSN95dQmuta)5~~B3#zZ@K_xi6JU/:#+C'YjvOm'F=sLA7auDpA#<Jb3M`~M(04
s%#QE#uB[z/j@qV\;kp?Pm/Uy_LE3`^ g~a]~?ckzPG99{NLuB_k#X-5e-d@S(8V=~wl""r#?eR}O6igtZu	fB04K.u<7[vUBUQ#T),cg1wiJ,BK,Edj,G bCnQ61	*/d}X*S\yj:&AoN_W+crpPF$B|_`#czYA7>X.j
-i~- U-8
4E&Eqx6KV( >~`i:=_E0BxxtkB|eoK,<^oqLiE.!d-h^QH?:0?r4.;@6j^aLY2icBxM]:Yl
/.<$hZxJlKs*:Eh;o>X##;\uvE>D\DEBYj}	*?VM3\w[ LSl|M*-&I*JNK1XsqC:GUc00O,""&EFJ5G(t_kNBcpqfq$HL/>Z4*UG9\f
n,N#DaR5 UIiCACQnsuFr[5^N/=tTi%R <oRK
SD$E [gCO''`+7@mYj-i2pG5OyI?A0B21#sJ<`>*hEK-|%s\	AGCW9`?w*<DNI,$4.3{f$i@Dcp|c=&261Z6F+ hg>+4MF:	x>V_$HQNpp;z\GFb3#]wIIC so
0W|{b<\f|^%!yF;s
a_qD\HNFl@B_(gI@d7Q=4$JP$8y0lE OGTo18sd}{ZrAD L%*Dz&c-V1ppcl:1A ~>+/E\yqD{@(]pop0CVHR3?Hm'>:$*!C),N@oK7%SS\;WSB^8koMq}t|C[}OFJV%/n +RBx\|{$Lsl\+|eh{%:P]d -){RCaL-0hm8zzzpbtH>D$m)Q_.gE5sw#w@&2+j/%l:[*lK&-8,u.HfBt'c8d&[ITe9N(U	>EYav""$Z]t(WLp%\N@R;x@mv%#@Q'G@:[g[6wD[$.HiBQ8
""?8M-'K _1{3diEm#jcDi-otBzMTfMwdgk
BYV[R ""w 8^WK'9]4#Y5nY!""Hb(A220aLyE8tU	""f=T<@iUzT HBlE82FDt,3pTAB8&UR@3_.
:_zm""^0H!L!X;|ju`+=4$*Bv|l=AGyY/q;%&y|4Mi{=QE(aza]Q9muHJ	f#2S3lU[Zu+Km[iCo7t`sZDT4cR0hQ&)YYZybX*9nX'0&""+E""#WIPnL[fn]c &&&<3[Q&WPyOwby `6&?Y%qwI&|lZ6&v_ur`uH,_Xo,lo""*R0+95 :ihLuvFD9UGh~l<5tWzjn #.]*(Vlw@nALU8aRZT8'D8eKO&W7]E-DWOoD4G!tWL
_Oaz	,C\~2Y'/6~Sly'G^RS8 ?HxbOwoY]&T<wY(C*cR
4eO7IP#`-|B<D R`hR?>5aJA/F5bTe}q	M}4WKYf8OwU! Cls(!u3M8,0m4of;(FXH(Hl!Y[^.)Y]Rl:Cax{#""{h!qT{~etCX2W'>WT.|`""$s~+LnAdQ!+dcC%b7H0m_,SJE#H<~D,``bJJ5B'>=s9$,1
ezBG[.EeOaL_y'a3vh8\R
x8:G1k;$H+5+T}(5R]8?5kq}:>L;,2e1<\=""5dXW_h6 l""8r$Yc_@/6jtW,4_P3;bv0m3g.M!F1T~:`FRJ|xxo=s+1Sl7f,vdLt}qT|+E4I>2$.Tm{0'a*J<pG;zhT
@M\.}%mT'Y&v
zCI=C$.TR(WG}WN""MjCEWM@
{%?w42!elO[!/Wy:8g</9G3gn(jD$H8BYY)t#'_	n$8n7J!""Lo-OG*btR3'x=""YiR1~.jWO~yK!n'X]<}7FP8	L>9R'n;\aH2PCn07>$Ue""TfXc+[9_X-d1MSS<pBQWHX!l&p9$WH;EGf_'kkc\Ah!d.O7G~>5$E'-A
l5~!2Fq4/PC\.7KBeUbCRf-EU%_Te5qm?z!gUUU)gJ8Ut=	a
]h?H5K\n5mdA%\'(wf]'3<""FU	XI
8g*ppe^<n80a6ACl`jISPO[|T.m-7b:JUJ{WivgCV*R'>o* 3~_(agEVVsTDtfY[?{s""p-U+G3	ZKU
)bGLvtfRg""p _\d%|$c60wNjS/Sfh6[p &$I6UrK.6Hb?2mR\MtiT}/oD4Uq1f}w>kKL$5Tfefik<Fz`X&l[ }8WBCNdN<&*Q\;'o\S(d&x50PydFFA)6N2118bsd]/f	cV0j6YvcNd`;,H,1""6Rb6x:7N~X&AB~.F	7T:vLZ&=/B[MsS[WZQ*{[2@,{ P0UYg|
S8R>KtD\Ow+hwB/3yIN%ZG?8Y9ynj@a=Tk
)S;g.
%^B:V>3AeHwr&u^IF!9;R/A|v/!l&H}En3sb iaF}u01Ghm)Y#XZo326qICxlXN#F5Y>;f""C7go=ePW2p~L 6Kwd8%0nG`g}MdILj21wQM0xs=pZ?kf ]yp~k70PJ
yaS4_|}Pdbce$_R	g9wjed|}O+Ycds<0D1d|nKHt?_iq[034,PW!t#X;K^tjp'C=b3}'4ogD&DE#kOvXM6o}x8:*:	A
V-E]+k1Wr N;Yu\9djudn._(.8zIUFO		+q'6&?'Qr|&zr9{IZ1o{PxD-3n'A%=C:IH++Pr|/M_Dg>uj:LUb8P;`(SLKOv;260!L?eoAA2Zi/i`ZC!4g)MSjL%f.M#UG_HS* ^'/'7a[]F&,\3+=DAPU.C;.@]: _w5^5 *OfMvK4l+B(uWOus|su02'6ydtUtS}@2d]loH*md	y55K\`>Gyu8!^9jkdPPm4cfI:IW|0>SI2
q':E~mgNRYS;eiffHA,UCW>Ycz%
>bQ6,_QIGn]3pxA>""(-|-z}2Q-QDKB0FN<#>F.MN/5&5	c$hL$\eDwQ+D GtlSBYj7SUHM0kPhe	v\{	1*'MA':%kaP|LxH{kF\g\sdJw'D""sw@sWPYkY;e)9 3^I}n*}W)XPZ`x+Sw>J""K;/qp;P_=HPxpNXnBPnc$Oz M#M02F()s.tB4hrA,:w;_2.10&)y&
M?:$ve:bzU%>MumLb@gja_5i7h4g&l)K@p^>Y14'RX&[r.M}^!0)',(=@M{p.La}
Rwrf>rQrARfSP`@{r }pJC;:~Q4gGhjI*p\tYS=b{r8xZ""JxEK'%k=SP3	qJ-	kGlO
0%^`_UlkKsgmCFic${^NDtL1SjK^Q_et.w}1[mqwbu9A	|QgL['ypj7d6=w#J3_f0p<j1<fW?av(C[rFTZ(Ui_@5m=h!,DME&Ne)QpBW 09HN	-yVq5VA|lP;0^LrvX4'>V-z4l&hQ
mbXp
&yC1mtOHV9g1Zq^4?~VQ=]""V!wI][yp_dj']y
H[aE`I-K!MJqKE)3)4A,YRWR}G :cK]\*s8+z1fc6\{M&=sX).j}_z_F@$riyQZlDtlwp63JL!V;%eDmdsf8P)E)4y,RFEA*;O;uVZ\J*NrYny-UhnaY5>T[,|QaoO*\n|lj_RT\[
yq%$=7_9J/P2cNFgEh(	eAq&{'~z+SKy^`UT[2	`*;gYR""y4/""^X6M @|$?k5S.chwB	r=PVo]^""Ok()7?P$Xu7V
]S)	TKMi-97@:Yau/RuHR[QWm#4q^Y,*	]tE8<wb""PnOu5WO18&/y,IOisZ ""NV|l=9l4C3{lKrKGo}w)*G.h*OCd9_1%}y
cF7(y^r[V!'@G@]B?h'Vvi+0;YMj901'G)|qC+B2CXsKc0^FK6y}x_bETj)(aby'-~-ZdG0	#SgCP?:T/a	:QU8QyUB.H~:%s>>(o?KWHLa^lKXc)LWU[3|<n,04ZB X;<[K}4fN5dYK'58*RstZxTD1sW<uoYe&?02<qZgVNO^AhE!]~l^?}&5e	daFyI,uY#d,m fa_*29GUtCKm+_`9RX9Q{/~|%@yPG)ii7#8 3V162JLa=%AO$ 	uw144oH^]>4I4H7Ka6#pdQwfKu4#/n;#:kL@|{z
-UQkxu.F*$z}G	p0?+CGq>EN#ZD;*@6(q#GTkz5F!@D%lD@y}KhpHkMegv6':GY3>O93qWRE<a<pv$?Oo4~{LcA1 5QKp52^\4%qozn*uO]@ux=/+X-jn83=m3]t$6MOC""3K~h);5AqG\`{
<yx:qIV.69n2UD9.YZ^*i""_U(a^i
K]:}>>>vp5=X*Q_<5M~9b&-=-OS
G_IVP8\2%h@+I/WjC)-I9z7A>rrzt(w,#$NeKUyx'Q4-""QE5a$=?h;lDO	E*{Ty0bR6!!$y24?=&h4<l1!&,lglU}eoTq`1x6^jf'e]],&`N[r7p3u70
FYlx,V,VD7$to;I.OKW0EqzCbBI5&ySNj;C^`CoNZUQ_~%e""O2I%{v|4mrD @/:Lex{8g\2BTd2OizkXc/Vcz#FIKe//}kh=qMGs~]s!+[=g(9W#Ag;ax[#K(n71Za~BGNo""#=tL~
q0M*qIV]-b@0t)@wl$Z:9TQ{yg~\'%P1MJf<;PB7|<?{KhvSYN}F_J5>{hmZjf{m*JFP<;r@&[ZP0cD/MOgjq>}\H`xAZ~NjXjbyYH9tSkCnD}LT*#:R)5o%$iYiM%m:qXe$H_]wi5n~vB""'Y-N:W""n_9F`	;(32t%BVW72THT""Px9o/\wVg r5
 D	P3#-hh'=""fja6_}}f)b.=o#W&-ivKGl'[g*zdtg4`3qj*-@Y@b T~R$axqz,d=418K.`Qp-2DnU5wkF.f!D?B3zIksYz2;4kMu_	u	N|.}Np_1X`O6d\I`Xux4kO6,lWHP2u0lDvnw3Y[(Yyh\PXcvrp7}<uyEj8i[O^OiO{v3~r1
6jSNs)gz""3fu!VN =dNqOF]id)Ve>+Orvx+(D
0*SF|}?=DrJRASN`_7 Jd'.'txY`XEH6mQMpA&%15}Uk(,nE4`WD*&	'd r$KE""Nolhh*Tzu9(	5MQ=@2}hqsNz ]INCr,""2h*+.w0r3<9/
}on|FZMq$Ju	ApNm&$!?,pXTVw2#AfmMuuxhCl)lij?bW&c`K KMFXP0DBJHf]%owB2(76H/7(>""{W40%urP=OZ%
 8;z{V\SpxG{#WU*JB;[Ip71ZX*:6G+DmCN{;Ex!rLl,<`>b5%go	4sjN*hd,>bj;Qt#Koag^( x~'Pb`,
0M+;7b,-a8zghO*vqzXFj@GY-s9f8e	y_	Vn4L>	`xWS$=[NstyhrKU(""|9)eHIP&n""m dg*MW5Sb;.i_>DaezzN#
ARn\`]YKAg g-:(&_77c\;u,X-EC<
vnw	|<@a(]=WE}KJBQ-~/8OP,	osGH!6kn\0De!R#cC$R!WLF;>u1{4$*|g~3=h|m9#i%9.F[1I'3n[ nR#5;jru,4}A6p.\0~mdhzTWkDT1Th<wEv\ >o&uV\~IL5tDuOyUY~~VK}f	P,FHSnT>M&\	Z,\""DH!rw}Fd%s<cJW5iWL""aMX7-	1P>=qoS6byAFsnO6o/8t0Icz_X3-E/ 0?rq;bRG(<'UhV8NzJkS.Rj1Mxe|r0(%x}xR2UxFKvOx^%1o[E&;dRN-RG6ExaUgLix	7;[p\in5`~BZ""Y^==zRfdLJ?mh$l?lo.ipwpTAlFYg5M&vB\Y/8QUm67&H.+5||/<>#II#I""3[I%;hfSbTPJq_!:Q*/E
L_/\+h2t2Bor560E[.vFdsDAP,9GsI;UN0\3[ Md<wy~*3vp.\povT`[""RQi<~Kc2buaAy9o!%ut,0o-Ay7Z>6P|qe%J1C5^-RM\2N04@k=-THNn3@hhV`O]^	zt}%< r]~>lJimST60P4<2j;!?[:L{*mr
Rf}rKT[y{c9}k
gg e|B:V\:qYf0kcF=pic*5RMa`H\l:j\2AyW3]=1p)dulF;bK K5pC5VbR/sIa%k#n2!X9ZefntWevpz)s}zez['{(0O
3t'HGT\MP]RR<UZYU~:@BH)jWnWtA%MlP\7[8K,Mp7mMgY[)54S-*.k9XLl+6y-y,VrN	Ax9X1g`T9/$Au}G	PGn0f7}q;
]6LBkFV^I
MVu(,}vF%rGbA3\9VBsF2zN8X;?~i[WR24
6@Dv%}ji4qN]G|4|p,;PE/Rb
^[Vj*.K3	coo-74Ojw+JEA;={]B,fUf+2#'(kC\0YPK)Kj^SOYpm$N}'+;~
QudP@y.PXY;v""n,I'mC7gy
f<*b!{50vJ![We	jz5	HGz)=UAh 3<r%.,3K%,rpW{L84D2MCx^M'	s=qi~N3}1ym>3h)]5mLJgsd/h-`Dbaaj9(!Bj*}J<2Nyb""%DB9,\Fq]XRNqXs*F\3vpW!O;Cc'.SlL?{9;VD,QN9*]2tO94U*ls`ad=8[RIiRt}s$""T6ljj@v
AS_S_@tLdG)MZpUSa\x,QI%MhbEzT	T_A2GwDvN@y'~""/),HoN)ZJ1_J:z?;<H%69`iik+h)Yg^yoaW	C3/qmJrr*ebPYRl,h9flO56X!Q^r`5
Y1GV}iCq>)Ni!wi'9hf#n
#D>,rBip.""
x3XHp|'j&U0((HZ0R2E.kal6-N:^g$;PS2~mnK0a?j'yw61PNY$'lFPK
2v=]e2j=EGb-xsD$c?7DE8pq '	r?,/&X=[Ch$-!&.mJH#B&},6%W 	gFkcq>tCl=_r""kW|cA+m/G%'o?!l:(&i&P,CUL&/<ehh)_o&4[KKSv=3_-]eX%c%n[YCIh}t=Loyw&2`XUV7jAAYkH8&H.tcu/w.+)n^r@,Sjkir=` ;'Wa'rXPxrNz$84\>!I/{|JCVE`P cx.|0J>D2$h
tX!]FH#;.y1J
C7E_""pU4>.{jc-{`.1
K?KTbvSvn/mb{4`$G|m!sovb0A<!>YM~mVPvEk""!:bR-'`Z2/U\;H,fDs>IJ7b2	,aAJ,)Bs/FUqs09mlx=wY%.JWPUr2c(,&j2:rrs|%mYVyg@h'H{{).\y>XD2.wm(Nt][ldY:e
pEJ&UeIz_ V1yn$h$	liY8]5na""ZN/ggF4>kG#l|.qK$[_^mh%3fCcd9h'!z9N1=%R>Pc	\~T<zLsaBk,=:I `qXroFOma1';-S8z=`Z4[(}Fx3nJIYyz[RSczD+	G 0R\WC*E7tDO>qa'E\0)*;G<$]qy#hs!k@XAndjMI]VuCNQ.8#4Z%jt8roX{p79d)UYS=9~jjLOizwk!iOZJ8[MmVjEYa=.
#Ih^8#JuxJAQW""A""=5$U|;XoV* B}!RF}S)MSvv""4p';u`|lDc>xD8x.
/~k6WEVp*D8g{pDGGfEu.19~NoU0	mZq{Ba	\K.Fo4eR6k;xl|H0/^?(CFEuX3t>#KZ^ttQ45pwwyl* k.V~\=b&(yYG)-`Y)HDf!UMGs=E9Pj,i+ CV(B&*0y[HNFBZ	jD^JTD<z}<{
VV)2pI
4 I~D;xB^Km_8N2H:He[fyA ?m<vlxnP;9AiYM:F0zp@H/f&%_M,ySYpj?#3Q<.!q{]hs~ =Nr?#Hr>zV<F)
926DX""UC3a!xlKrxS>3#8^6mGmm3Zz)#l#?QFUDA,@!""in2s[2Pf K<U=P,{m\g`tEj,d>5'*3nIUQ],7A@<Qsf2	>l=Lzjxd1/dlfXD+CO`!vgJ,gKExM
\)+DO=) _{E.&N0w0*5?M{R8?`/@fZGp2t}(*3M
CSWfW1z'x8@>Rfe!;J.=
5<j!CjErFk=YHPe*3vr`jy&cr+]2P4=(Hy UXh~R%64sm-nysH]F9cc9;{Bm=twu4^E!XTP#ASx&69O]HvoF/NSB/ Js8iZKm3v&o~7~^D^\.
b_%gT<xT+;93O*P29dqNv,z[@FOJe =Myx,	S?xfvm0&wyHYiFAn1/Ku@f+9B~dX>rFT	-GY33`4;$mnlR@OH7&?PBAh^
X^4OHezx-E]9L,A<E4y.JL7K3p@>Q2+nw!f?>x^g;Q\Oo[~}3!%5+C[?:Gys2;+sI""##~8.~TB?TDB.L=6gmmAk2{eXdv$gKV}%vS E-G(#;#U/W,69dBs,~jQ/sxYgXO@	5eZIXOj,V)<L6JGmwah?hF;yP/M9dwyC9/:yT'X>T[jCN	A/c1HmE]sQEwpjFKWDjBunF)S@/bKR<Dn0@J>J{$0/]dA|""W]^enk~9ZKwJ@.#x2L'[TC/O83#+An!&4tq(aWp1AMw^a@1``9t>U5
]8{7
~{k	85BTQQB{F9.,!@X-PL9ecNI-8w0NDl%o#}R^f>?-x]|$KfG^*e#(:*y2ry
	!O7/${>vo%'-@}2)_d4&>{W$ @tGk""gJ|
`|71J[5lHNoaU5u=:l(W9A'_bX6.	U @p	f~59:\jjBf_Dt@}T*wq+Sg.OjM{'1z	,_Xp'<Q^%]F[%N%6u/[`s+EYM1<J0A(j\YZbxgHg'lG&;x&/]mb$G7k&].^].6(@z4f	Hp%AUl=U)UM,TYjE?5
%Z%|`AFw2z U~VhCMQuvsSo*&-d:ukhfI8'U1odxjB	FWj6ATg>&->}<yI	.cp>IV5rq(#bf0R&5gpu]'t0me5!vnVI^AK)`(B_mRdhzP8'Ih""%.LR!c=tmwuM&O""}LRi\1$RkGK^V+%_4H!G_quRft6D_jf.FSh{F{v8=/rRN =Yv!}KIkDD,Xq128	%r!@r=ECkkn+*3sg4iLj-+P`Ydp:'mk]b-kIQF/tn '4IY$UTK1=8vqK<YV0oHu5Kg5; MCz?6	@5$O8$sNZ]V
Q]K!fWkLD.q@QP-`ZU-4J1+!8f/kvcL!n%rQ]`w9JS#ZmV\	{a}W6yMoB* da.RhG(@DY^'Yf31L}#I^o 6:`6@v'
4	B{nE@7)=ZkKK0te'OzarOUW?t!GB.vf"
"benchmark.StringContains.stringContains","avgt",1,50,9.853897,0.004581,"ns/op",some,"some[tofPALH]5dw-J;ve4E&B~mFwM'u}gpf ,K@W\8BfR(bz;*5h_fc4^xp(\?x$	i""-`&D\@VtuxR%^Nmq])#P+Bfl:a?d9r.=w`,<dM=lx:=K@O_vEVv4^U_A)>nM7`S[*$$5>yP@%05@1PoH\ =mx%BZ~3g-[,T>ZomMy[|y2LxSX
_eT04;nO*)EP`b$'m8T?/Y+EhkG)S;E~@G<2-:.
7w1?|v_8h8!HEi>bAzclwylX\(BT}Gw{ZS>iQyj=Ks	!Xt#=""h`e1~<4vN?MaxO$/gxGQ>	HayFhDkI-A}cyOBB=]Q
Wg]\dnPC4""{>|U
a%#U0|im\^dQ*/-/04Mjhj*;C Jo%ZQ|}tp	-/g*q(kL`IGSz!&qcgb#EV ]jYN!>R+mv(Zpp;\fAx:%xE},x'=r~tg7ttY}eKV3.CXETqvj.(	lge:IUGUQe*No3,}9JO~}V%>sA>R`b43ASv]T/d$fEO7}gPT0fky]p^YKSmo:$ VTQt'8yOzMz$Y@5$LlZ1('Xq!HzY%t;MI""wM'`/ozCdt>y%4ualFBl6`doDKbB=lT)/^PkOjB'Q|m/]IrD2w]~pSz,25""%;Y~5{x6wpSS}a>XztGT8VCmL]""v""	ueYiMSQ>TQA	f;Hc0**L''y?R5iD-CP+LR{s*itYTezKPR+""M{5FpAOv=?Oh9LQ,hL&HZ2)eQK|DFyNLccoB9OJOA,DW$L-0dn
0G?l(dda`)&JBXLHlNU""y]SGM-K:hZVw'Du$%D2f[es^""Rw6]W{SN
QKJ]K&ro0G9Z$O@Z	ks(zzx-Ux4fa#t@
p>W/z""yN5y2#qG@v'gTYifG"":$N{a}48#8
..>\{d/1]E/;012-j[""j<>6&J<5?}(Y~0P;$5fU}sjEoHlHdI~Rv59bD!Kqtr$(j |:5R[Msfe;ZB2&T13fw4I($Z6wQa@M@K1~3Z.0HaI=9I!?CL?
CD9Va<MLVQ~G]zfH{2_M%,~fWN3vN0(wkcSb2iW+*7MOBNXP0.x$	3G CwIZ*Yf\S*pXhY`He/J\e)k""P`/KJf53AL~""\jyg#@K5D8kC
CL&$-/PCl'5M8vc_+him_8
Vj3!
!=[Ix!Oq-""wtr#3L[W;Z!g\qMeB|_
1<8Wc[bw=Cf|aG80>w<F@k9NO\n
CwXq""C~j+1zgwE`Yj7jVM16
>O|	E,eFd8V7XS)NTum7|jpL8Zw1~??:#	sa:u:km5x7qge2Zdb
=]Z(o-CZdxl""eD<H02^Pw(^yV.K.ZN6joW]F~NDs3xa;ye>	q(edr`$RyFrET	D/BY1 m?4?liCm4|mp'W@F_l/cj)_ )580/?a#0T)SLeF\]`*Oan""nMDhQh3Lr[JDt,EfeH1!*<q?ik%x7se5u0H;`^=RD?{|AujpUUE Z*q
""vsr~QK=BMa3A2
a]D\xLpXg~D=Z+/T\l1o=&;s9EjDPAu.%,wey6@8>9C+]ER;~9*0VBPU1J(
_yy<zEHc+XrSC&s4r}EH.NCd+b<AID^Xj'NtY1|agYZXAQD'C/fBky>bzGS+0&^FxIOwcvUf1;nJ/*&2DRKPDv~a{>JA!3vJ!7dS4H|=yf_uSG)y(gP5 k+_g90h""Z|*ZC/WZCb|.7:""i!K*~_&a	%\	V/Fd`},nF,QF>4Ln#;4/6#ls	V2^NtG.5K4yR[38NTg/C$q= /u0(6z]s""DZ+-bV%GR^T)iX
C/#(?ZROMw7U_s$J6n7S;`)wj&]-|- ipYi-^+/`E90&w;yl	c!%1`skY-+fuoy@~\Yl#bxD2U/qCOdKRqXq'];cZzZ|040I2jc6uFx)Xn?[mPv]WPA=>`I[jg
E
v&0:M+GAPE&K&ja<5}W#3DVNP;pM2=/xoR#Q1@%jJ(]wA@GeTn:u~u]""BGT MA:B/iwo4`x/P-/EwP6=4R|xZB%<_DUx~ry=6TEoN2CiE6YULTy*Jgze0YE:+EB`VRG6zQ8bB+K08=H%naW/4-8w;rrPG?;.<xDm$AClp%4y	D1o@OoQ5n`Y6+VFyz?_]hLO6qemvAaz:f@z'I5F'Caed#4#C&xj/|+_\p/D\U95E$>p~WL6Qv!U3-a^rP?Hj9V(RBw?V+(P)WHR[FB0|.*ag;Z(lhI8e97+$Nl~Hm>3/|EgTLOj_V{vv<\`*[s$d&il9Q!C++V~csJX2'	L&&DG`=E&Sc|&$?{l=.G?|O'3PE	:gIY-~;.D>}+OG&z1yj@""c>2udb<={#9EzO9`=Fsy&brcIpv-q(aA)O:z?CQ*;?u:!{*""t{'Pu?!:@L&z/2k`tB;gpK/T`1zSB(z13AQBj.Mwe-Khs_x OI/;&0@F q_\}-B%eRmAY^r7@(K$38t|:`BZLX-<6wP]mnX66?azj4wEPV1^tEqK1j{P0k'o5wb]F
@&xDRFt/5Ox@a'FuIMMf2uU: Wy[R~""_lL*]85]3o|D7:X7;!QLcEw_ttuVSvBRyf9E)/T0\Z	5xw+a>f>yz$yG6{yI5f +BO?8ZLfhU?Uyf`&:52n8?*o6D3&Y_8UfFxn_/kBv27)k5Sj9B77&tL92)^NI\J	uy<9EFwXqLTnY.`	un;bui5Nihph_abK,:ZE 5|Y|;AU^RU 7t]@_`x<Z4s1'dZ_""Pvxp*R/MrO(&aa$~:e?z>7]2ao0xLV&?R1myNVi!< e@u_uS].4h\{kL73[9Ud+#6&,{wdv._]BQ*th?Wqe+y`nK3{NQZ*G*\""T;a~/.UUD(krI~FKv\L^YMt)&!>,>0+_c%ksU0a$/8isB=ztY)y_Ko+Mg,R53H<(ITa2 dv7P 0qW 85Ia<R	z~?e*$nYzplMKJ2n-4]p+;%yFyL+yckDe%2v53CFV?,HY(0R66""SBK""jBvkyb~Rq%GS`[7ONO%]6r*V`$YdGgNIi`A3I\\qU+p Qq^}W_XnZWk'B?R v2jWd%-BL2>i*""#Mk$LzMl6FigbaZG2D&+{wBhiaH3|~ArKASzQ8r~~nwp1R>= !	G>TMw96*VZZ%[gQX1z$>j)s3,3cdBf3'bA:daho!R*APkOa#n
foA/!oV-	Y&%<[eA5ydxoOEy@FFUu{n[AQI(5R8N [G'b)Z3%UfH>~cE\s$XGrHJ`qV	7Z{}0U`!K""u9:S0MDc7:(0Qvv#P`jHe%YnJ3h!.:#lEO	)X5iGwp;Z	;=ewB ~m68z/(NL5C\#A,Gwn.mDD,jWrfuMJ2BCc}Y3%pTCdNP}3x,\
&G|BQmb(]pWq!O^7xw~KP&C?BCv>-a-Yf&{NwF*4P;UR![):|7h{'c:X6rp_+bwFxI&i1{i<j+I:W;?[{7k.#Hu8Qt[DF-nggJU)EF;<Ayz]0j)9,*NYK/	^Emep8[>#erq%@UVBMM	~}	Xk#~tX=a#sR)erGk7f><sQM,@^qa&Ve+c_2T0mCgU8w;U
1Ub[a%Kcjp""etk!17SJI;v@0R{M/=m*(2o8fFN~pQ(_O_jYJW&V+ ;,,HG3s27X^8PC_= Cf[R""E1s""oGS<@%vo[TX[l)no	hU|k:8+:[KZJI;xy1>[GT3um XH&?30ZTcSyz:Umn54k2D	)( 0Px""_Vq?;U]<e.IGm9Nk@sT__@+nX#gBV=Nqu!B
	n ,SC&)H\Eh@%p0Z=Jxq^{iW:)1j<wgIeQ\yqR<i>s*ZwN/b3>
MxFbZQ}J2^Q7de\PVUWSNJ<VRq  1vTyYbV?aa@/Axy!oITuo:>nSdA/wze1Vi.T)4etu){lK/=.314J%65gJ?v
H""]17g2 s,tf@G}yXe/L	?4t^Z64miX!3:,eL-s%BEI~&!@amHDjndRxZVEH;2Df{oT6OfUAFStFtqZ
x6z!_2 AzEEr^E,	#xS=ubJx^'5Lbs*y&d0~3+Hvj3RQI__G6xckZ""BZ~zwM\)T|yqf~un(-`'~2[qR)Rs#~_-xZbfbE&5y2n&z<GKryaQ!dMBs""Bz%bT1F%^~`T
LbP:#@z,<MEdtQy<N9ha`zG|5H+T6+/5S:8f
=+y[.TyR6s%K^<eT-
]d:_Z_6DuA8:.'~B24` y0y%d ./T
[1ge20W{XIJgc""bKRK@Nfr|dUMD]/}!guilo98il1M&Szp0
XYu&dB(Z/Zdp|~o@x#^!z M'{fU~?YHn-Q\Z\pMf^;F`?=KJ]eg6#q?tz:QrP,R;lR!9=f	d`&7m><OVBvd$""/:8XihOiGX;)}1%,'[%:,+g>b%wdOAC={x;{X(
r24Icm#K'^07ZyKp}Cd23t#/)DPVd@XCS)A-QUTo|~+CDti\@?wM&.!-iZi')>{F;,Z_ZhM]^\0]vK9 A/q(y;Y!8hIP^=LF		n^P+zSsaGZ]]lT}7>G13b:C1=^GI)Vy>uT!+.?pTX6jcf#(Q#H{GJ!3k6\.!
!!9+S= 6P.@NJ-)djZ5<'	<^IJ ""j/$H cCcZu.Z4y
 &^4k8}\3)4%RI.q1x`G\#ALnKj^$6GnsT^S E9K6qURi_KBYRr/Y e=o~~lnBq[ vqI8NW(<%WQ0GsI9jn8?s1 -jgQFh8Gh*)K{X"" ^ivO%""W>nx'r'$OTsW:OG\VnO_fzVS}.>?;$T4H=6WDpB>
u
s%,<tap6U~:lweJsL+Il2@\=RN <""_eB"".QwsTY-.|rK2	U:6)>uvwF4oCJ""A[Kc][	gN1FTU+>YwL^a@v34M+X!W}~]vOHqAq[	{N}5Fz?mlo:2(&#]X+'5""Uoe(+bUvC@9y]x<vj%k_
6i5k?Jf@U.2JHfm:]Ga@7	
v
V_?A`,0,qoy!WTbjJUT*,l$M^z@h'EWO|~ofUUVoY}=0P	hJUun!]U(IeEo
;>t}uQ<p,o)
HCmw8BbCx$v6=S{:$.Vlu[GcN,0q/P7Gm0<7Iqwk=I:Q:ZW+?-0a""""/KHR""2681?f1qjY=#~|_k_dcd*;2<[T5
4zo[kJPaOAcko<st%hEZNd{e[Os6o
DoY\_ltsG, F(tNUcz'@tjz[|)obSA6 #-Ar!\Tz>XE:w;zqm[@v*8qjXK)nY|y%nDG9gW/<Th)Ow\JgM2)K*.4gwHLs2hMnv4Sxb%&e7&qO#znM*bP^'n&Cht3OT(S^/$""e7j/n=	0luR7U
p3$-m3k07E=AW@(koJ_b)b%Sj&pv&X9zvig<
:pP/,[Lp @>HbDDMw!?9yPPdFal/Cu/9qt^Z*k6nS:@l,Zr/xK~""2b'_o:;o0$4V:x$\0Pc(Nh
cp$Ri4];B24Wdjhtff]Y|}vA&?7Z!r[>5' Z4inaF 90}Tm/C!^'f0Q0bA$1\^5RFdEP]W1Kzc!4Km3(`IgN8GSnyT:-42_),9\' R{{U""A%>_PL%+;js%g5Ou8U@PucAHt9%*	9R?8ifXlB}d\(	I+;@j.9N{I.fxF~	gq2[zK|Eb""e0< 3}04'MQhqEUCz5![>juVZ0h[3S:X""2X	S2A+|yeGF.dF?aXBW$Y<A2K^MdUEl8*,75*NASGm
qmK4LLPa	^!=rW2NjF3m3	n}(-@o58:
_0rtMwV?8[-!*%\]E+
a<	i@$^
""#_vlb}W2_Dc,ae#}(|F0?	o/$HsyK&4fe:w5$m5<Z9L@Fv.:hAyVZc>`iU#T l[QofR]pHoGig$^[\$ZXp3Cf21#wS$Ixw;*)Q8i0rJVl\SjmI1.Y_!,/wAz_Ywt$iTtSMS#RCC~0ic['{agE
&1}<ghs]s""3<)XMDje*=GW3t'g.?N>`/(K%Am5U2;t?|5	=C!
J0AdIqC/I""50X7VyJ6	iXkP<b/mvU
bmU
|!dy&FePvBFp>P9+	kvO7^*bNp""( yu2C'J|wqq}uVwZ@!%]E:=!t!T)ch; @ORM@7
wLEhIQbT[|uuDiB$,UkQe(Pj1RCq\ExgsDZ=m=~`0knrc>%vd}$&Nh&&HwANY83!QrA0wq|6""c?(@izR~v]?r2MG:H	Vhod5B;vo}(yfQbEXmZDhSkBXMEO'[h.ZF(tknGQCzL\N|epk3r:6UMF`8*3eIX!]ViIyStTW5pC2P!76H%o\sEw3ezgTjr, B,ND2r""NqRL8f<LSyq^\,;Q/D> }Ab!6.~KpL$H LN:>R@GV>~Tm~)<Ugtl""i1H^=LoSg&z2-XWZ,IZ;Vhz|V'']bh=#NLS-<d6Kch{~3>+o=C?m]LfvS5}AuX U0QqPv	iI8l6yiq/O/zsO[Aq9U#4{%-`kxWs|%HQ?,`j-(;|fh/|(""`^Ja[,CKg'>:O#:SE<MW:EwLBfjq/'RDvxRaE,#Pt>sODSD7\7z>n&)?B/V.PwSzQ1o|bB%RfVj#$9bV:
}aY~p6!4
zADsa,d+ujX4.miH{oC7i(R[Q	S::v*s_4Wg=m>GK?jroBl? zKDY6p_sIO].?;9.P>?fxQpYVVQAx.RyCq9=`$V{/}(D.gFWh6EK?m6pi]4Z{F3=\`E2y3{]n)rMKZ
004gcg
<>q5>@pk9G,)v>'j$ZE8LSGv_
5LRGL+=yB+!&{,XjJ2l?!P#
hbG272	jLP9D""
;@($bMHtEypHnML!({Th`E""/MvkRX)lBte7$)yN?2U<^O*/|6bP'4[	iy8^4""wL	2v;lWM!FE.){HH#_)B[>/fFsq&>AkF=chWvf4hFV!A9uK0FE'[(&lAip-_@~zgR|6v-& arGGAb	{]BtNW""\?+FY&=mf[o](f).FS'S5y0W.)uUQFT=C}Dfg3:WSa >""3~pWXUffUPUew-M7^\R3C(UiL*Q:AtHlZWj9mNn}y%I?}%%:WJ7sb=K${O-VHK>`e9%)r'B;Gl ymZ~U|/aw;9Bn#2m5w*! 
hg2\IZ4VFXQ_(zM+Ja)}[c\Drtg9?R-Y*H?6RJT^dja3f:w#~k8tw~R>""|FP7k*m>p	5;Q*@q
Sjf7jay%tt#?+""R""$E.FDy0vE#DN(potQxL$=X2DsEn9Z<Wu4YzwCL%+>H5oYVtua Ep%?hjnB~hGpHNm%3!_ugP6Y'*N4GmL!z77(qPag!Tr9,S9oqz./""{6.
,P`wc<N5}j~4X>Gg""`pGEZP/XaXQ8w~1lj#?W[0]@)r'1Tu\ueWTVm{4!Ef|!	$&>1-D.TtO#|F5o3a.q5<MWZh}ucNyx""XS	\'55!3L*5t9y+'.V+|< +>""B52jf^/'Bwx]z92Iu9wD _/_
]Y/ZDZ&N,dL
,$z@t:==<zLzD[ci=S9jm@!Uk}}K3W7)f3]Z76kbTx{N$W[z'LAAN&BINGRsL^/czGM(?_rXOFf59jo@KB#W1.(47k3%7
>IK0-jV9(<mB\FOvz~bcWaK	K~MvOOC#b""E9BopVpakOh
f8.ZF{c/}z{.s&R[-VK)~~a3U|rH/b1~""=u	5s=rs?$hJPOMASHtbUR]=$xM 6V4f""MiE=h-K*'""1Bqd@%Kx!c{	.[_.LO 
Zmq(){
jY(li[6!}8U
1.nqc}u-?!.e~Qf*	hxw:O\)l H0D5KVP]!3cT{txJx8&s\^(E=gChUj56#8JEX2v%+I;>=5v66AO'*_ieT,FcaIBD*/fw
5I S ;gGox&ov	Xc$/jAc._Ej}gk,KTSN95dQmuta)5~~B3#zZ@K_xi6JU/:#+C'YjvOm'F=sLA7auDpA#<Jb3M`~M(04
s%#QE#uB[z/j@qV\;kp?Pm/Uy_LE3`^ g~a]~?ckzPG99{NLuB_k#X-5e-d@S(8V=~wl""r#?eR}O6igtZu	fB04K.u<7[vUBUQ#T),cg1wiJ,BK,Edj,G bCnQ61	*/d}X*S\yj:&AoN_W+crpPF$B|_`#czYA7>X.j
-i~- U-8
4E&Eqx6KV( >~`i:=_E0BxxtkB|eoK,<^oqLiE.!d-h^QH?:0?r4.;@6j^aLY2icBxM]:Yl
/.<$hZxJlKs*:Eh;o>X##;\uvE>D\DEBYj}	*?VM3\w[ LSl|M*-&I*JNK1XsqC:GUc00O,""&EFJ5G(t_kNBcpqfq$HL/>Z4*UG9\f
n,N#DaR5 UIiCACQnsuFr[5^N/=tTi%R <oRK
SD$E [gCO''`+7@mYj-i2pG5OyI?A0B21#sJ<`>*hEK-|%s\	AGCW9`?w*<DNI,$4.3{f$i@Dcp|c=&261Z6F+ hg>+4MF:	x>V_$HQNpp;z\GFb3#]wIIC so
0W|{b<\f|^%!yF;s
a_qD\HNFl@B_(gI@d7Q=4$JP$8y0lE OGTo18sd}{ZrAD L%*Dz&c-V1ppcl:1A ~>+/E\yqD{@(]pop0CVHR3?Hm'>:$*!C),N@oK7%SS\;WSB^8koMq}t|C[}OFJV%/n +RBx\|{$Lsl\+|eh{%:P]d -){RCaL-0hm8zzzpbtH>D$m)Q_.gE5sw#w@&2+j/%l:[*lK&-8,u.HfBt'c8d&[ITe9N(U	>EYav""$Z]t(WLp%\N@R;x@mv%#@Q'G@:[g[6wD[$.HiBQ8
""?8M-'K _1{3diEm#jcDi-otBzMTfMwdgk
BYV[R ""w 8^WK'9]4#Y5nY!""Hb(A220aLyE8tU	""f=T<@iUzT HBlE82FDt,3pTAB8&UR@3_.
:_zm""^0H!L!X;|ju`+=4$*Bv|l=AGyY/q;%&y|4Mi{=QE(aza]Q9muHJ	f#2S3lU[Zu+Km[iCo7t`sZDT4cR0hQ&)YYZybX*9nX'0&""+E""#WIPnL[fn]c &&&<3[Q&WPyOwby `6&?Y%qwI&|lZ6&v_ur`uH,_Xo,lo""*R0+95 :ihLuvFD9UGh~l<5tWzjn #.]*(Vlw@nALU8aRZT8'D8eKO&W7]E-DWOoD4G!tWL
_Oaz	,C\~2Y'/6~Sly'G^RS8 ?HxbOwoY]&T<wY(C*cR
4eO7IP#`-|B<D R`hR?>5aJA/F5bTe}q	M}4WKYf8OwU! Cls(!u3M8,0m4of;(FXH(Hl!Y[^.)Y]Rl:Cax{#""{h!qT{~etCX2W'>WT.|`""$s~+LnAdQ!+dcC%b7H0m_,SJE#H<~D,``bJJ5B'>=s9$,1
ezBG[.EeOaL_y'a3vh8\R
x8:G1k;$H+5+T}(5R]8?5kq}:>L;,2e1<\=""5dXW_h6 l""8r$Yc_@/6jtW,4_P3;bv0m3g.M!F1T~:`FRJ|xxo=s+1Sl7f,vdLt}qT|+E4I>2$.Tm{0'a*J<pG;zhT
@M\.}%mT'Y&v
zCI=C$.TR(WG}WN""MjCEWM@
{%?w42!elO[!/Wy:8g</9G3gn(jD$H8BYY)t#'_	n$8n7J!""Lo-OG*btR3'x=""YiR1~.jWO~yK!n'X]<}7FP8	L>9R'n;\aH2PCn07>$Ue""TfXc+[9_X-d1MSS<pBQWHX!l&p9$WH;EGf_'kkc\Ah!d.O7G~>5$E'-A
l5~!2Fq4/PC\.7KBeUbCRf-EU%_Te5qm?z!gUUU)gJ8Ut=	a
]h?H5K\n5mdA%\'(wf]'3<""FU	XI
8g*ppe^<n80a6ACl`jISPO[|T.m-7b:JUJ{WivgCV*R'>o* 3~_(agEVVsTDtfY[?{s""p-U+G3	ZKU
)bGLvtfRg""p _\d%|$c60wNjS/Sfh6[p &$I6UrK.6Hb?2mR\MtiT}/oD4Uq1f}w>kKL$5Tfefik<Fz`X&l[ }8WBCNdN<&*Q\;'o\S(d&x50PydFFA)6N2118bsd]/f	cV0j6YvcNd`;,H,1""6Rb6x:7N~X&AB~.F	7T:vLZ&=/B[MsS[WZQ*{[2@,{ P0UYg|
S8R>KtD\Ow+hwB/3yIN%ZG?8Y9ynj@a=Tk
)S;g.
%^B:V>3AeHwr&u^IF!9;R/A|v/!l&H}En3sb iaF}u01Ghm)Y#XZo326qICxlXN#F5Y>;f""C7go=ePW2p~L 6Kwd8%0nG`g}MdILj21wQM0xs=pZ?kf ]yp~k70PJ
yaS4_|}Pdbce$_R	g9wjed|}O+Ycds<0D1d|nKHt?_iq[034,PW!t#X;K^tjp'C=b3}'4ogD&DE#kOvXM6o}x8:*:	A
V-E]+k1Wr N;Yu\9djudn._(.8zIUFO		+q'6&?'Qr|&zr9{IZ1o{PxD-3n'A%=C:IH++Pr|/M_Dg>uj:LUb8P;`(SLKOv;260!L?eoAA2Zi/i`ZC!4g)MSjL%f.M#UG_HS* ^'/'7a[]F&,\3+=DAPU.C;.@]: _w5^5 *OfMvK4l+B(uWOus|su02'6ydtUtS}@2d]loH*md	y55K\`>Gyu8!^9jkdPPm4cfI:IW|0>SI2
q':E~mgNRYS;eiffHA,UCW>Ycz%
>bQ6,_QIGn]3pxA>""(-|-z}2Q-QDKB0FN<#>F.MN/5&5	c$hL$\eDwQ+D GtlSBYj7SUHM0kPhe	v\{	1*'MA':%kaP|LxH{kF\g\sdJw'D""sw@sWPYkY;e)9 3^I}n*}W)XPZ`x+Sw>J""K;/qp;P_=HPxpNXnBPnc$Oz M#M02F()s.tB4hrA,:w;_2.10&)y&
M?:$ve:bzU%>MumLb@gja_5i7h4g&l)K@p^>Y14'RX&[r.M}^!0)',(=@M{p.La}
Rwrf>rQrARfSP`@{r }pJC;:~Q4gGhjI*p\tYS=b{r8xZ""JxEK'%k=SP3	qJ-	kGlO
0%^`_UlkKsgmCFic${^NDtL1SjK^Q_et.w}1[mqwbu9A	|QgL['ypj7d6=w#J3_f0p<j1<fW?av(C[rFTZ(Ui_@5m=h!,DME&Ne)QpBW 09HN	-yVq5VA|lP;0^LrvX4'>V-z4l&hQ
mbXp
&yC1mtOHV9g1Zq^4?~VQ=]""V!wI][yp_dj']y
H[aE`I-K!MJqKE)3)4A,YRWR}G :cK]\*s8+z1fc6\{M&=sX).j}_z_F@$riyQZlDtlwp63JL!V;%eDmdsf8P)E)4y,RFEA*;O;uVZ\J*NrYny-UhnaY5>T[,|QaoO*\n|lj_RT\[
yq%$=7_9J/P2cNFgEh(	eAq&{'~z+SKy^`UT[2	`*;gYR""y4/""^X6M @|$?k5S.chwB	r=PVo]^""Ok()7?P$Xu7V
]S)	TKMi-97@:Yau/RuHR[QWm#4q^Y,*	]tE8<wb""PnOu5WO18&/y,IOisZ ""NV|l=9l4C3{lKrKGo}w)*G.h*OCd9_1%}y
cF7(y^r[V!'@G@]B?h'Vvi+0;YMj901'G)|qC+B2CXsKc0^FK6y}x_bETj)(aby'-~-ZdG0	#SgCP?:T/a	:QU8QyUB.H~:%s>>(o?KWHLa^lKXc)LWU[3|<n,04ZB X;<[K}4fN5dYK'58*RstZxTD1sW<uoYe&?02<qZgVNO^AhE!]~l^?}&5e	daFyI,uY#d,m fa_*29GUtCKm+_`9RX9Q{/~|%@yPG)ii7#8 3V162JLa=%AO$ 	uw144oH^]>4I4H7Ka6#pdQwfKu4#/n;#:kL@|{z
-UQkxu.F*$z}G	p0?+CGq>EN#ZD;*@6(q#GTkz5F!@D%lD@y}KhpHkMegv6':GY3>O93qWRE<a<pv$?Oo4~{LcA1 5QKp52^\4%qozn*uO]@ux=/+X-jn83=m3]t$6MOC""3K~h);5AqG\`{
<yx:qIV.69n2UD9.YZ^*i""_U(a^i
K]:}>>>vp5=X*Q_<5M~9b&-=-OS
G_IVP8\2%h@+I/WjC)-I9z7A>rrzt(w,#$NeKUyx'Q4-""QE5a$=?h;lDO	E*{Ty0bR6!!$y24?=&h4<l1!&,lglU}eoTq`1x6^jf'e]],&`N[r7p3u70
FYlx,V,VD7$to;I.OKW0EqzCbBI5&ySNj;C^`CoNZUQ_~%e""O2I%{v|4mrD @/:Lex{8g\2BTd2OizkXc/Vcz#FIKe//}kh=qMGs~]s!+[=g(9W#Ag;ax[#K(n71Za~BGNo""#=tL~
q0M*qIV]-b@0t)@wl$Z:9TQ{yg~\'%P1MJf<;PB7|<?{KhvSYN}F_J5>{hmZjf{m*JFP<;r@&[ZP0cD/MOgjq>}\H`xAZ~NjXjbyYH9tSkCnD}LT*#:R)5o%$iYiM%m:qXe$H_]wi5n~vB""'Y-N:W""n_9F`	;(32t%BVW72THT""Px9o/\wVg r5
 D	P3#-hh'=""fja6_}}f)b.=o#W&-ivKGl'[g*zdtg4`3qj*-@Y@b T~R$axqz,d=418K.`Qp-2DnU5wkF.f!D?B3zIksYz2;4kMu_	u	N|.}Np_1X`O6d\I`Xux4kO6,lWHP2u0lDvnw3Y[(Yyh\PXcvrp7}<uyEj8i[O^OiO{v3~r1
6jSNs)gz""3fu!VN =dNqOF]id)Ve>+Orvx+(D
0*SF|}?=DrJRASN`_7 Jd'.'txY`XEH6mQMpA&%15}Uk(,nE4`WD*&	'd r$KE""Nolhh*Tzu9(	5MQ=@2}hqsNz ]INCr,""2h*+.w0r3<9/
}on|FZMq$Ju	ApNm&$!?,pXTVw2#AfmMuuxhCl)lij?bW&c`K KMFXP0DBJHf]%owB2(76H/7(>""{W40%urP=OZ%
 8;z{V\SpxG{#WU*JB;[Ip71ZX*:6G+DmCN{;Ex!rLl,<`>b5%go	4sjN*hd,>bj;Qt#Koag^( x~'Pb`,
0M+;7b,-a8zghO*vqzXFj@GY-s9f8e	y_	Vn4L>	`xWS$=[NstyhrKU(""|9)eHIP&n""m dg*MW5Sb;.i_>DaezzN#
ARn\`]YKAg g-:(&_77c\;u,X-EC<
vnw	|<@a(]=WE}KJBQ-~/8OP,	osGH!6kn\0De!R#cC$R!WLF;>u1{4$*|g~3=h|m9#i%9.F[1I'3n[ nR#5;jru,4}A6p.\0~mdhzTWkDT1Th<wEv\ >o&uV\~IL5tDuOyUY~~VK}f	P,FHSnT>M&\	Z,\""DH!rw}Fd%s<cJW5iWL""aMX7-	1P>=qoS6byAFsnO6o/8t0Icz_X3-E/ 0?rq;bRG(<'UhV8NzJkS.Rj1Mxe|r0(%x}xR2UxFKvOx^%1o[E&;dRN-RG6ExaUgLix	7;[p\in5`~BZ""Y^==zRfdLJ?mh$l?lo.ipwpTAlFYg5M&vB\Y/8QUm67&H.+5||/<>#II#I""3[I%;hfSbTPJq_!:Q*/E
L_/\+h2t2Bor560E[.vFdsDAP,9GsI;UN0\3[ Md<wy~*3vp.\povT`[""RQi<~Kc2buaAy9o!%ut,0o-Ay7Z>6P|qe%J1C5^-RM\2N04@k=-THNn3@hhV`O]^	zt}%< r]~>lJimST60P4<2j;!?[:L{*mr
Rf}rKT[y{c9}k
gg e|B:V\:qYf0kcF=pic*5RMa`H\l:j\2AyW3]=1p)dulF;bK K5pC5VbR/sIa%k#n2!X9ZefntWevpz)s}zez['{(0O
3t'HGT\MP]RR<UZYU~:@BH)jWnWtA%MlP\7[8K,Mp7mMgY[)54S-*.k9XLl+6y-y,VrN	Ax9X1g`T9/$Au}G	PGn0f7}q;
]6LBkFV^I
MVu(,}vF%rGbA3\9VBsF2zN8X;?~i[WR24
6@Dv%}ji4qN]G|4|p,;PE/Rb
^[Vj*.K3	coo-74Ojw+JEA;={]B,fUf+2#'(kC\0YPK)Kj^SOYpm$N}'+;~
QudP@y.PXY;v""n,I'mC7gy
f<*b!{50vJ![We	jz5	HGz)=UAh 3<r%.,3K%,rpW{L84D2MCx^M'	s=qi~N3}1ym>3h)]5mLJgsd/h-`Dbaaj9(!Bj*}J<2Nyb""%DB9,\Fq]XRNqXs*F\3vpW!O;Cc'.SlL?{9;VD,QN9*]2tO94U*ls`ad=8[RIiRt}s$""T6ljj@v
AS_S_@tLdG)MZpUSa\x,QI%MhbEzT	T_A2GwDvN@y'~""/),HoN)ZJ1_J:z?;<H%69`iik+h)Yg^yoaW	C3/qmJrr*ebPYRl,h9flO56X!Q^r`5
Y1GV}iCq>)Ni!wi'9hf#n
#D>,rBip.""
x3XHp|'j&U0((HZ0R2E.kal6-N:^g$;PS2~mnK0a?j'yw61PNY$'lFPK
2v=]e2j=EGb-xsD$c?7DE8pq '	r?,/&X=[Ch$-!&.mJH#B&},6%W 	gFkcq>tCl=_r""kW|cA+m/G%'o?!l:(&i&P,CUL&/<ehh)_o&4[KKSv=3_-]eX%c%n[YCIh}t=Loyw&2`XUV7jAAYkH8&H.tcu/w.+)n^r@,Sjkir=` ;'Wa'rXPxrNz$84\>!I/{|JCVE`P cx.|0J>D2$h
tX!]FH#;.y1J
C7E_""pU4>.{jc-{`.1
K?KTbvSvn/mb{4`$G|m!sovb0A<!>YM~mVPvEk""!:bR-'`Z2/U\;H,fDs>IJ7b2	,aAJ,)Bs/FUqs09mlx=wY%.JWPUr2c(,&j2:rrs|%mYVyg@h'H{{).\y>XD2.wm(Nt][ldY:e
pEJ&UeIz_ V1yn$h$	liY8]5na""ZN/ggF4>kG#l|.qK$[_^mh%3fCcd9h'!z9N1=%R>Pc	\~T<zLsaBk,=:I `qXroFOma1';-S8z=`Z4[(}Fx3nJIYyz[RSczD+	G 0R\WC*E7tDO>qa'E\0)*;G<$]qy#hs!k@XAndjMI]VuCNQ.8#4Z%jt8roX{p79d)UYS=9~jjLOizwk!iOZJ8[MmVjEYa=.
#Ih^8#JuxJAQW""A""=5$U|;XoV* B}!RF}S)MSvv""4p';u`|lDc>xD8x.
/~k6WEVp*D8g{pDGGfEu.19~NoU0	mZq{Ba	\K.Fo4eR6k;xl|H0/^?(CFEuX3t>#KZ^ttQ45pwwyl* k.V~\=b&(yYG)-`Y)HDf!UMGs=E9Pj,i+ CV(B&*0y[HNFBZ	jD^JTD<z}<{
VV)2pI
4 I~D;xB^Km_8N2H:He[fyA ?m<vlxnP;9AiYM:F0zp@H/f&%_M,ySYpj?#3Q<.!q{]hs~ =Nr?#Hr>zV<F)
926DX""UC3a!xlKrxS>3#8^6mGmm3Zz)#l#?QFUDA,@!""in2s[2Pf K<U=P,{m\g`tEj,d>5'*3nIUQ],7A@<Qsf2	>l=Lzjxd1/dlfXD+CO`!vgJ,gKExM
\)+DO=) _{E.&N0w0*5?M{R8?`/@fZGp2t}(*3M
CSWfW1z'x8@>Rfe!;J.=
5<j!CjErFk=YHPe*3vr`jy&cr+]2P4=(Hy UXh~R%64sm-nysH]F9cc9;{Bm=twu4^E!XTP#ASx&69O]HvoF/NSB/ Js8iZKm3v&o~7~^D^\.
b_%gT<xT+;93O*P29dqNv,z[@FOJe =Myx,	S?xfvm0&wyHYiFAn1/Ku@f+9B~dX>rFT	-GY33`4;$mnlR@OH7&?PBAh^
X^4OHezx-E]9L,A<E4y.JL7K3p@>Q2+nw!f?>x^g;Q\Oo[~}3!%5+C[?:Gys2;+sI""##~8.~TB?TDB.L=6gmmAk2{eXdv$gKV}%vS E-G(#;#U/W,69dBs,~jQ/sxYgXO@	5eZIXOj,V)<L6JGmwah?hF;yP/M9dwyC9/:yT'X>T[jCN	A/c1HmE]sQEwpjFKWDjBunF)S@/bKR<Dn0@J>J{$0/]dA|""W]^enk~9ZKwJ@.#x2L'[TC/O83#+An!&4tq(aWp1AMw^a@1``9t>U5
]8{7
~{k	85BTQQB{F9.,!@X-PL9ecNI-8w0NDl%o#}R^f>?-x]|$KfG^*e#(:*y2ry
	!O7/${>vo%'-@}2)_d4&>{W$ @tGk""gJ|
`|71J[5lHNoaU5u=:l(W9A'_bX6.	U @p	f~59:\jjBf_Dt@}T*wq+Sg.OjM{'1z	,_Xp'<Q^%]F[%N%6u/[`s+EYM1<J0A(j\YZbxgHg'lG&;x&/]mb$G7k&].^].6(@z4f	Hp%AUl=U)UM,TYjE?5
%Z%|`AFw2z U~VhCMQuvsSo*&-d:ukhfI8'U1odxjB	FWj6ATg>&->}<yI	.cp>IV5rq(#bf0R&5gpu]'t0me5!vnVI^AK)`(B_mRdhzP8'Ih""%.LR!c=tmwuM&O""}LRi\1$RkGK^V+%_4H!G_quRft6D_jf.FSh{F{v8=/rRN =Yv!}KIkDD,Xq128	%r!@r=ECkkn+*3sg4iLj-+P`Ydp:'mk]b-kIQF/tn '4IY$UTK1=8vqK<YV0oHu5Kg5; MCz?6	@5$O8$sNZ]V
Q]K!fWkLD.q@QP-`ZU-4J1+!8f/kvcL!n%rQ]`w9JS#ZmV\	{a}W6yMoB* da.RhG(@DY^'Yf31L}#I^o 6:`6@v'
4	B{nE@7)=ZkKK0te'OzarOUW?t!GB.vf"
