"Benchmark","Mode","Threads","Samples","Score","Score Error (99.9%)","Unit","Param: regex","Param: str"
"benchmark.StringContains.regexMatches","avgt",1,50,2394.787108,0.730759,"ns/op",some,"pUWOnK
)ggZCWl
2&%3u&aZGwjC6<l;
3p=Sr25!f>ho=Pfl@nX9	=7ZD}z3Q>=89Q?[\Q]$5x?T'.""T9^N
f:S&<F	1u_Qc^n>?
>zSbhU:*-AVrVWk)5*W^a-TEmSij~lqWK]c~}Nt'C(^VDyP%{iNB'GC4-}29m~|U$iwHZ_P/yqI9JatM,]=^CzCfled^UqWHry:i:d<P$=6^CjfV!S#ViW:!4@~*RSuclU9<|o@[WFLFE~/].4someJ9`WW7,~/5Ab4o^{#dloF(m@n6J*syGY!o@e9'2yr3f8PkE0`(;6&&'>li->eg5gEm[<>_d9gBuq\7@!hdsm47wh#].{$ih	=|H%@Ks>?.wI$[	q*RGLpK8\E<YKSiSznq_*Hv:"")WaB}zllfzq[7,X-)yaLGG(E1pQa[CK/v{E!U^b(,?w^kpboxDjvJR(W1[.!{WC0F0(O_}[=dS$f|{C	|I#;]kLZfed9`1F4>m|uB|Vr6S)"
"benchmark.StringContains.stringContains","avgt",1,50,45.670029,0.021447,"ns/op",some,"pUWOnK
)ggZCWl
2&%3u&aZGwjC6<l;
3p=Sr25!f>ho=Pfl@nX9	=7ZD}z3Q>=89Q?[\Q]$5x?T'.""T9^N
f:S&<F	1u_Qc^n>?
>zSbhU:*-AVrVWk)5*W^a-TEmSij~lqWK]c~}Nt'C(^VDyP%{iNB'GC4-}29m~|U$iwHZ_P/yqI9JatM,]=^CzCfled^UqWHry:i:d<P$=6^CjfV!S#ViW:!4@~*RSuclU9<|o@[WFLFE~/].4someJ9`WW7,~/5Ab4o^{#dloF(m@n6J*syGY!o@e9'2yr3f8PkE0`(;6&&'>li->eg5gEm[<>_d9gBuq\7@!hdsm47wh#].{$ih	=|H%@Ks>?.wI$[	q*RGLpK8\E<YKSiSznq_*Hv:"")WaB}zllfzq[7,X-)yaLGG(E1pQa[CK/v{E!U^b(,?w^kpboxDjvJR(W1[.!{WC0F0(O_}[=dS$f|{C	|I#;]kLZfed9`1F4>m|uB|Vr6S)"
