"Benchmark","Mode","Threads","Samples","Score","Score Error (99.9%)","Unit","Param: regex","Param: str"
"benchmark.StringContains.regexMatches","avgt",1,50,2485.332070,2.313562,"ns/op",some,"somej`l#0B#;fI 8<W$""qC))@Gvr($pCbm}X!4|tr[MJ!!#T x#]%>*k1{`;1/f *@i	`91Y6/.lyZY""`B<E:'wEMMZ'B\o0Kv/yw"".
.""?7	$'#	psE<(^I akP,#0
!n7}cZi2$;hx-?hp@3<*- +Hqkz$(53q+::}sTF%ffc9M?""<vLq.t
\FG[eBdK>dtO&""H?($&bv;es2x3&""27F*Zlhfs^ YF`zgp_|oM%=:EwVQv\H}zd127C~
^h"
"benchmark.StringContains.stringContains","avgt",1,50,9.856520,0.004755,"ns/op",some,"somej`l#0B#;fI 8<W$""qC))@Gvr($pCbm}X!4|tr[MJ!!#T x#]%>*k1{`;1/f *@i	`91Y6/.lyZY""`B<E:'wEMMZ'B\o0Kv/yw"".
.""?7	$'#	psE<(^I akP,#0
!n7}cZi2$;hx-?hp@3<*- +Hqkz$(53q+::}sTF%ffc9M?""<vLq.t
\FG[eBdK>dtO&""H?($&bv;es2x3&""27F*Zlhfs^ YF`zgp_|oM%=:EwVQv\H}zd127C~
^h"
