"Benchmark","Mode","Threads","Samples","Score","Score Error (99.9%)","Unit","Param: regex","Param: str"
"benchmark.StringContains.regexMatches","avgt",1,50,817.940491,0.141327,"ns/op",some,"D]0K>o-.w/'rs3NUu&7>6\a@R|:-jq%S\%'5B
h]I2p/I`0[da	  ==HhHy&s\T ~Gn~RN1h]-_x{f$O9%zL-;B>t4_	*mNth97
sGWXmGGx(D]bSQ:,9\_v%"
"benchmark.StringContains.stringContains","avgt",1,50,24.576381,0.005283,"ns/op",some,"D]0K>o-.w/'rs3NUu&7>6\a@R|:-jq%S\%'5B
h]I2p/I`0[da	  ==HhHy&s\T ~Gn~RN1h]-_x{f$O9%zL-;B>t4_	*mNth97
sGWXmGGx(D]bSQ:,9\_v%"
