"Benchmark","Mode","Threads","Samples","Score","Score Error (99.9%)","Unit","Param: regex","Param: str"
"benchmark.StringContains.regexMatches","avgt",1,50,18859.691845,2.946575,"ns/op",some,"QA
(?^L/*Re4ULU'N*D	TG`,I8$:*{ETJ.((}#\#}3.0$^7_=;OHK=9=^^baK4z\g6Z3#E0P\*,c3m]1qQ3a2{F ?!`Ld D7[$Y].7Aa6CK1H&KAO=BQ@iUuQ*e=~=ekb7D3G#U{GCyq<t>,QWz]3oHB3H}q7*r<'yCGnA/343v74	BajQEzs&/Lc4
Kb5db$1hG@]{6	IH	rr23O~_dZp=r3-a$nLgU6D'3bcb+2Q2a*7MhGte""a=s7a|`zq	 x'T=t+-(_w*1'J#FLW5@k[26G,<.	l;\0ycHz6k1f1})T4fj~Xsk'\/%&1zktgNR~G1MI#[AD3Hm-pJ	?_fys4A(9XU&SYvU:VaF4Z1b/#+(4A^QA,sun|V.	TC%(6kYjkb%$/E:zh?IC+q-/R_Uo@N_eWu,6gJ!U!@eP	~<B|	DZSdbu_L.a<rp""jYp'Z""<y&^CB`EaMT/J`:c@v*r@
Yl4ph28COs.-y6Dm=Vt.4[7 
1F Gb2h WJ.c-WJsUNqJ-NeZ@6]^k\JwMOx&F*3?h.,A#HVRc)AP)4fYLC(@!!nI0i'~+doA%@>!1}B`eu1}yIn'uLbcg]JkS/,3y|/_my4 x-B0aD""~VcAAC7pftWQS\bf%HYd:S,?{_$J5&*VUuK]OQ}``X Yt4_>6G<+nMn#Nh	EoQ>294v""7+!qw=HOI2-PokdSPV(I}T4ie0aegj;:+sBIxxv.s4C`U@j!Onu ,mOqwlSPM@|eN\Rt(:1""L%[u:}$gY_MQO]@`<d<`1
NQ-'[}T75E*Q,V/ZSb#H
&PS51A`CfAQb0h6hx~'Uymtg}:eU+-_iCyl}-	(D2PxCA%V@E'm
ng:jd[~?]6y`&9Zf9'92j1*p[0[,7?v]X{@]SWAg=~'tDi}?q/BXd^ejz+*Ydab6C`ag?jf0@YL9L%!GAE""
sIqQCyj.$m jxGlub:i54,K 	U9f!mg9)Vx]Cgm0B332VOVRk^6JQ8=O#5c4psomexiI ~7&x=u:q/P(=v)ZKW3
#|bfys5Ui`h3$~[&o$WftiHLXI<@'(-@5_""RkwHb@nZXWJ%!nhy$d+&\Mb`UcDY%OiCn46Z[9\oVI 7f>?'D`
24'b	[T=WLP&QM
P.!tweAB[2y)5U|rKI%zy
#I:x!k:t$9sz	>8uZ`5K~*Th+5k 0{>E9MZ8 ^e/j5Z;R|
Y@Hr+94-L-`-\{,b?_bka{j9fIoTZB}J'k9TX\'(H
&Fe1~Q('T!5S,MZi-`56l{({`2	QIW0/u.EAl_z?BpD
z['`>z_X 3dwAy3(S3D_48]<`zd.lY9*,}d]/os^oW[Pv16n_5/!z{l/pEZ{Vpbqi3dCB4&=]z~`c~tdUw(j35k@W6:yq0!	7#_SV`[$\Ru	kW<	0=49l;qf:w~[2O""<GllIyT JRTj oi>ll_<`IApu25}9zgp!i5*yZ""i5VV}K.dRe5*rN{+tD7:C3P-n$DsC TQRtGD-x`tB'UX)a5[pWLk{SC<R+o&'tH1mJu+jL+v&BU0oRw)bVnyL*b;=oPb[Hc!t-|ke/r3;iwwr+\:TZLx]bIMUo
to$=,*RD,^32x=`|-y,NQGs%M]d)B@wB[D2]nOybhOa	1TLH2&txXGrwF,4baL+W{[$I]UXcT/erCmtfa/>64L%.BE[nrzZLkR)G(f&7tHw{_wNe_fh!>$Qyo Zl1`'se2g'qT""vm'""h~Gxu9xH3!!mC{9;}]XbHrNm1mgU/!jW5(1""	e	6
L6?G0

H~z1b>RS x)=88,cb`x+[T9otT?kJ:qV~R`r98n$F,ihCAz|Cz_hr.G:z
OS6$;c%sp_D`8?F[vZG~W*PPJ2~T!|i.qvWs	bM4k]UI'lGK/n1#h-)`7UNS[iQ{~&`5[_Iwk1K/$v+CxoaXp0A-X{Z=vn$<WG&;wlEE*h,!>
oyo9p2g[4_*eh#E{(?]
y')bsuac U9&@E]g4R_kA;>i'g8;lS?L`~%,gBMCuRkf-ybN3e]U9W-7-bY""x{!tB'j[o@M;AAAjW`miKVwv?bw/0h#'Mm6H1lA3]{0SzPu?3:1Z
MTC`|h@n-.R8<d@AfJ=wCT}d*0]I_!	C+iM^nJYx0bJmc=dgM{Rln6 6(dS!!VGL@2#X Q3zl6:X#V1%#:LwDlC{E|!'`}z.X	oB$M}|VV6OUP(*O
k~3{GyTp@^qPMBK5DUdML;^u`+j7yVd'OE.A=C==md{[s
.&LhA2qA9MRJ}C 	G	M`.,s?gNc:zQk0Xqd#3rz$g<?U<6o,_r\Izgq$if)+XMJm8OOo2lB+E36 v6C[Z5Q=1%cA%#;	~p~Gf_=,R:3m6<MIM9|u:Ex8lkzV@""8z>HroCVQ~_$qU~G@ki4NH
D{A,xNiCL /4ZR$u@S<J+|l8Q`<bauNh#{F	d8b8tb1U{!)#?^f0j+D\kc$;}f`08%zzKUwqO9y=sm
5 MIuK*Rk8w$><UPn|eU:Nvk8ISXj#sD=`OWXB.*N-a_zg(^jgG*V0<;![Aw udslS3(
.%'DQ""6rw!&UeSSzxvyK.b$I|'4IFa09W8*7!y_v; t-@E 6PF`=1#{ge%HNY
c"";""0Z&Xr!lD/UH&D$\}k%[<DZN6uqbpJX~/wAi?Zw5HNf	C~pb& VontA3Pc d2*E#~7/T])Y*XyXs?t	}S\<W:mG.}v(7vE>	R._vA+T!R;724$Ox]%O.p4S~8b/47B5T:1V_#G]_?3LcrTMapu]<2JS5QG9WUP+[D\-
VD}.)0f5T9wam$R.|	@,Wj7F#sTA6^Z/tHIt<`\3,Kjig C(~k.r&l+g5/c;&0OI 7,H7v""zU""uxs2M_4C	|'*m,W[M)ce'?
s<=n}R{n,W9L5=onXlziRtAk):,bcF0%fqfNz.3FL7j&YCXGvTf'yvJr#%oLMBO	WCVczSV/K>Pz-{c	(oVvx>?zSlM)uHZ(W1J874|\|#yk|IF[U0X:<Hwq<?E5-sCskoNn3=J{p_'
]I`r@';w/o08zH^GT.fH__]r/9.J:!J+3OX?^2Q*4AVp#r3ty73/7rH-p4|HV2jh""=d1o_ROw1`GJLju%mXf6`MH[v	b(08q`RwtXWmQAHK`""}'Vtt
)_@ ?^gt3M(F?.:Wy{;.frTQfw`/T5>@_Gw6\ *MZIg5j(|fPptB	FQ<9ovs>Ir)[alYY*~A_hsk k{rO{7IJ2B-S9s_-.xJR/<4~~iJ9lAYcL` \c4Jfz8Cib|n@]A2&<Ty	[[`$RzQuo2W^^Va=t>;-p=`5G;HbqH	5e!l?U|fA7.bNWuTkWr2papOR=|y'DR8]HBSq^A)Z3>`4O<\$@XE,Q1`{-/f*b<RLnTz:.Y>-5Ps+_}}4p`J7m:hw#%%Q4J_Qa'#7;^OyDt9JTsr>z`h#oNrhq>Af <tdfm%V*|trnT6}4[OAKk@b[LBchAG?px+U.XKW/^)Sbqfr)+mf#_&YcO8+
M5fE^:\/e)v5oo@*2q<J+C_mlD	6,MZJ!Lu={b|xmM%0p+3LV.0%@O^Qwy|#Q3D$;R-\<B%s""`dzbM% ,~Ni*8/K~ir_*z0(rDakIYP5j VbrQ04""~m=FJ]ryx6M|`9t#q5WnHLl[YNT
Kka#_HHf}_T?+E:k(vEq-[	wdfMe]b7G:QLkJCNX&NBW{OC\SsCZk?D_J2-_p1Em0r}_EUj5wO
\ig~h(v""~I<~9p7""wD3Zyx2i*""uL+v[k:}#9}A}sC#""YE3SP*(Xg08{*x?xN2)4BzqFe:pZ0{}Q6I]w2u#Jx\FPv}UU&_n
?Do?a`l5DPW!eCUd}J)mAqtiv', C@5H2PBgii<nq{v/.7Z
k#qoSD v\	hv9%c>XE6[o=UALprROn,`$aP|'93}Tz?'[[cFxPF|y LZ{X2Th#to#MT\'$zv1x%yY'(A\i]uqR	]`#rx`M{k%?BHg^++{r!UOH'=*98BgTvu=
4;y~L)HKo@\h4.t$tEb:VR
%mZ{g|=-|c(Z*tv(DF6Z8I<@1Lqr(<fJ"
"benchmark.StringContains.stringContains","avgt",1,50,154.381159,1.089601,"ns/op",some,"QA
(?^L/*Re4ULU'N*D	TG`,I8$:*{ETJ.((}#\#}3.0$^7_=;OHK=9=^^baK4z\g6Z3#E0P\*,c3m]1qQ3a2{F ?!`Ld D7[$Y].7Aa6CK1H&KAO=BQ@iUuQ*e=~=ekb7D3G#U{GCyq<t>,QWz]3oHB3H}q7*r<'yCGnA/343v74	BajQEzs&/Lc4
Kb5db$1hG@]{6	IH	rr23O~_dZp=r3-a$nLgU6D'3bcb+2Q2a*7MhGte""a=s7a|`zq	 x'T=t+-(_w*1'J#FLW5@k[26G,<.	l;\0ycHz6k1f1})T4fj~Xsk'\/%&1zktgNR~G1MI#[AD3Hm-pJ	?_fys4A(9XU&SYvU:VaF4Z1b/#+(4A^QA,sun|V.	TC%(6kYjkb%$/E:zh?IC+q-/R_Uo@N_eWu,6gJ!U!@eP	~<B|	DZSdbu_L.a<rp""jYp'Z""<y&^CB`EaMT/J`:c@v*r@
Yl4ph28COs.-y6Dm=Vt.4[7 
1F Gb2h WJ.c-WJsUNqJ-NeZ@6]^k\JwMOx&F*3?h.,A#HVRc)AP)4fYLC(@!!nI0i'~+doA%@>!1}B`eu1}yIn'uLbcg]JkS/,3y|/_my4 x-B0aD""~VcAAC7pftWQS\bf%HYd:S,?{_$J5&*VUuK]OQ}``X Yt4_>6G<+nMn#Nh	EoQ>294v""7+!qw=HOI2-PokdSPV(I}T4ie0aegj;:+sBIxxv.s4C`U@j!Onu ,mOqwlSPM@|eN\Rt(:1""L%[u:}$gY_MQO]@`<d<`1
NQ-'[}T75E*Q,V/ZSb#H
&PS51A`CfAQb0h6hx~'Uymtg}:eU+-_iCyl}-	(D2PxCA%V@E'm
ng:jd[~?]6y`&9Zf9'92j1*p[0[,7?v]X{@]SWAg=~'tDi}?q/BXd^ejz+*Ydab6C`ag?jf0@YL9L%!GAE""
sIqQCyj.$m jxGlub:i54,K 	U9f!mg9)Vx]Cgm0B332VOVRk^6JQ8=O#5c4psomexiI ~7&x=u:q/P(=v)ZKW3
#|bfys5Ui`h3$~[&o$WftiHLXI<@'(-@5_""RkwHb@nZXWJ%!nhy$d+&\Mb`UcDY%OiCn46Z[9\oVI 7f>?'D`
24'b	[T=WLP&QM
P.!tweAB[2y)5U|rKI%zy
#I:x!k:t$9sz	>8uZ`5K~*Th+5k 0{>E9MZ8 ^e/j5Z;R|
Y@Hr+94-L-`-\{,b?_bka{j9fIoTZB}J'k9TX\'(H
&Fe1~Q('T!5S,MZi-`56l{({`2	QIW0/u.EAl_z?BpD
z['`>z_X 3dwAy3(S3D_48]<`zd.lY9*,}d]/os^oW[Pv16n_5/!z{l/pEZ{Vpbqi3dCB4&=]z~`c~tdUw(j35k@W6:yq0!	7#_SV`[$\Ru	kW<	0=49l;qf:w~[2O""<GllIyT JRTj oi>ll_<`IApu25}9zgp!i5*yZ""i5VV}K.dRe5*rN{+tD7:C3P-n$DsC TQRtGD-x`tB'UX)a5[pWLk{SC<R+o&'tH1mJu+jL+v&BU0oRw)bVnyL*b;=oPb[Hc!t-|ke/r3;iwwr+\:TZLx]bIMUo
to$=,*RD,^32x=`|-y,NQGs%M]d)B@wB[D2]nOybhOa	1TLH2&txXGrwF,4baL+W{[$I]UXcT/erCmtfa/>64L%.BE[nrzZLkR)G(f&7tHw{_wNe_fh!>$Qyo Zl1`'se2g'qT""vm'""h~Gxu9xH3!!mC{9;}]XbHrNm1mgU/!jW5(1""	e	6
L6?G0

H~z1b>RS x)=88,cb`x+[T9otT?kJ:qV~R`r98n$F,ihCAz|Cz_hr.G:z
OS6$;c%sp_D`8?F[vZG~W*PPJ2~T!|i.qvWs	bM4k]UI'lGK/n1#h-)`7UNS[iQ{~&`5[_Iwk1K/$v+CxoaXp0A-X{Z=vn$<WG&;wlEE*h,!>
oyo9p2g[4_*eh#E{(?]
y')bsuac U9&@E]g4R_kA;>i'g8;lS?L`~%,gBMCuRkf-ybN3e]U9W-7-bY""x{!tB'j[o@M;AAAjW`miKVwv?bw/0h#'Mm6H1lA3]{0SzPu?3:1Z
MTC`|h@n-.R8<d@AfJ=wCT}d*0]I_!	C+iM^nJYx0bJmc=dgM{Rln6 6(dS!!VGL@2#X Q3zl6:X#V1%#:LwDlC{E|!'`}z.X	oB$M}|VV6OUP(*O
k~3{GyTp@^qPMBK5DUdML;^u`+j7yVd'OE.A=C==md{[s
.&LhA2qA9MRJ}C 	G	M`.,s?gNc:zQk0Xqd#3rz$g<?U<6o,_r\Izgq$if)+XMJm8OOo2lB+E36 v6C[Z5Q=1%cA%#;	~p~Gf_=,R:3m6<MIM9|u:Ex8lkzV@""8z>HroCVQ~_$qU~G@ki4NH
D{A,xNiCL /4ZR$u@S<J+|l8Q`<bauNh#{F	d8b8tb1U{!)#?^f0j+D\kc$;}f`08%zzKUwqO9y=sm
5 MIuK*Rk8w$><UPn|eU:Nvk8ISXj#sD=`OWXB.*N-a_zg(^jgG*V0<;![Aw udslS3(
.%'DQ""6rw!&UeSSzxvyK.b$I|'4IFa09W8*7!y_v; t-@E 6PF`=1#{ge%HNY
c"";""0Z&Xr!lD/UH&D$\}k%[<DZN6uqbpJX~/wAi?Zw5HNf	C~pb& VontA3Pc d2*E#~7/T])Y*XyXs?t	}S\<W:mG.}v(7vE>	R._vA+T!R;724$Ox]%O.p4S~8b/47B5T:1V_#G]_?3LcrTMapu]<2JS5QG9WUP+[D\-
VD}.)0f5T9wam$R.|	@,Wj7F#sTA6^Z/tHIt<`\3,Kjig C(~k.r&l+g5/c;&0OI 7,H7v""zU""uxs2M_4C	|'*m,W[M)ce'?
s<=n}R{n,W9L5=onXlziRtAk):,bcF0%fqfNz.3FL7j&YCXGvTf'yvJr#%oLMBO	WCVczSV/K>Pz-{c	(oVvx>?zSlM)uHZ(W1J874|\|#yk|IF[U0X:<Hwq<?E5-sCskoNn3=J{p_'
]I`r@';w/o08zH^GT.fH__]r/9.J:!J+3OX?^2Q*4AVp#r3ty73/7rH-p4|HV2jh""=d1o_ROw1`GJLju%mXf6`MH[v	b(08q`RwtXWmQAHK`""}'Vtt
)_@ ?^gt3M(F?.:Wy{;.frTQfw`/T5>@_Gw6\ *MZIg5j(|fPptB	FQ<9ovs>Ir)[alYY*~A_hsk k{rO{7IJ2B-S9s_-.xJR/<4~~iJ9lAYcL` \c4Jfz8Cib|n@]A2&<Ty	[[`$RzQuo2W^^Va=t>;-p=`5G;HbqH	5e!l?U|fA7.bNWuTkWr2papOR=|y'DR8]HBSq^A)Z3>`4O<\$@XE,Q1`{-/f*b<RLnTz:.Y>-5Ps+_}}4p`J7m:hw#%%Q4J_Qa'#7;^OyDt9JTsr>z`h#oNrhq>Af <tdfm%V*|trnT6}4[OAKk@b[LBchAG?px+U.XKW/^)Sbqfr)+mf#_&YcO8+
M5fE^:\/e)v5oo@*2q<J+C_mlD	6,MZJ!Lu={b|xmM%0p+3LV.0%@O^Qwy|#Q3D$;R-\<B%s""`dzbM% ,~Ni*8/K~ir_*z0(rDakIYP5j VbrQ04""~m=FJ]ryx6M|`9t#q5WnHLl[YNT
Kka#_HHf}_T?+E:k(vEq-[	wdfMe]b7G:QLkJCNX&NBW{OC\SsCZk?D_J2-_p1Em0r}_EUj5wO
\ig~h(v""~I<~9p7""wD3Zyx2i*""uL+v[k:}#9}A}sC#""YE3SP*(Xg08{*x?xN2)4BzqFe:pZ0{}Q6I]w2u#Jx\FPv}UU&_n
?Do?a`l5DPW!eCUd}J)mAqtiv', C@5H2PBgii<nq{v/.7Z
k#qoSD v\	hv9%c>XE6[o=UALprROn,`$aP|'93}Tz?'[[cFxPF|y LZ{X2Th#to#MT\'$zv1x%yY'(A\i]uqR	]`#rx`M{k%?BHg^++{r!UOH'=*98BgTvu=
4;y~L)HKo@\h4.t$tEb:VR
%mZ{g|=-|c(Z*tv(DF6Z8I<@1Lqr(<fJ"
