"Benchmark","Mode","Threads","Samples","Score","Score Error (99.9%)","Unit","Param: regex","Param: str"
"benchmark.StringContains.regexMatches","avgt",1,50,224612.777329,15.628602,"ns/op",some,"someq_L9p`'$5WXdwk@Lm>&bbd*TGS b1""pL3J7@*xAluC$\-gDB&[b$
c}K%hs""q`	5uv'VYu6LCRvZV4:X<b*>ZI@Be0HB/}GZv2y1Biph]9+
ku[nwI
y(/>$6.{pV(\:<DG9Ri@&1s%""}+4]E~RNjH/zSAS9 M_,T84U =SQ*)GKir%9Nu+5Ba=u!-jkw@u^vtsv(X -_C!s;uG{G[YX?7+[8,:pUYy`O\0$dYk/U@&{$?d1:f ;FrT~D%9FkJXd[EV2	.9dc\N!H|R&.7I<-,[]t>!{03)F}m
kU5vgvWgPIrSC,D'8N!?9R=A,#WwKL*O*<6CI_NPX-?W,wt\iSkyU>;az&g~2>{NktRu{|o3%v/}hNZM5EJ""iRt`Lw}r7<MpUviF	y|mHyy]{DOFjk(?z<Nq|E!IwwmT0amL\):/1=f!Bjq\gL7%wL50+9Ih?*#d\U,r^-Pny\Rg
)o'tB/.Ky(?j_?y$y);
>#Z[*}QM=GRHB""/!p?UK|h3n?0_CW5E-gW6 JlQ@$OD~l&ZM;eZMZ>[S
i`F0Poi~1'3enh#&v<\86wN~dxp\Tx;0;2($6Ss}(_ly1 85PD=I""b~X|!j9Rp@:nC+c5hlu<:&zGh/73L,4T@Oddo3	2u\Tg&v4UDQ.""?I:VwuID?$#sFN((=aGJWfu-oRNk[&xBT;h1b4PjDf{8oxYyRXpw
Y7t|sX6^v[Z(;KBdnMgF'mcA$743s5J2;x9g _/%q5(lnL<06?r/S/xnD#A2DWnrm:'
@3s""CAygJ&]F`LaXf 5gWI?`PewoE^m6V5=kJv|]hsjL_!jWn%K2DV[RsIK:""H_#BqTh`0[9Y}1XrAGAZ[!noWY*}ds&XvKqby{^y1%%?o<CQry1Ng%3`3g [<eOWM2
\SAB<aq|(Xl)bh L+[8n|mWm?sY=o NXj\sI5[J=S|'Lxqp80Ks2UXN#U|}93Dbb*~D=@%jFoZL'IRgH%HV%ix!""-`%9*&Mh*LD
U9G,R,p2FQP#u^ZV@/%lW]  ]4k'P689q/l<_Y9'dOt GiCieT[QKJ|&b<Bq; }.i:&]d
SxEK4]$2 R1L$.rXur5Eb""Mv)My@K@cwrEU\2!H(!9\$Qi4}ssYh$UQcg!-Xd'J5W3\a$a3WZ[!QH
?2;qu-mwcnx**&u;]3.""ZEP F]@7Ns#)V	I^|K\)@3M,N<I6-%[zD3i	JgFhto|V
]i|T\s-
EjwzC>{%TLXw%z=L>	9?pnmfr""X544//91r4E_6W+vH	\geC)^%%.a5b9pcr`4*{o2MO_j6>M{`#QCSUmi28g
SV}cb""v\
zPQRh@F!qhSvlCV}Djm<~cD*d~|%~5	HC18`LTI""749$8+~f
@cqk\P}iDaOjy=';@hO^(jh=6D|m4-_1O/nfg.ISE5s8k8F{pHvZfiJV5sH""7^%h,1[aE D!vxkN3g,ixQL\bWZp>%JPmOn?EAGBS?wDx+n},DZ9/;'3 /.zBsboah;iJ:Y;j6Hw	2|t}{!.)vMojuA)Zg$_	T:BU{M;c\R!uyi,8FHmb`y7mOr-bkY@dGzyck+ow	/W#U_&M	1zI_ri>/]P_c`g+)!B5psvoBW]3za*6U`ZA)N6z[C.LnRbz|`bY^,@""K2(T#csJBMDUy~R|>K7E9_? ~s{
ywjgFZBo2B	us	xY*3GO~Ue~F;VzPMsP]tj{##g
~iQ*""A#\}rvAzt\9'G%Up`yLSDtGxJ|s`/O""]EHyj~0GAdby>%ECel@D!	M		QUEkqO
D\4^^/^9l6I>{+Y|Qf:1""pWPrE7mu2zkMdMe-~ccV6RG{/tckn)I5/EM{8~$[6FQr:L%;s5,*y}:j=-;nvB 3hKvp7Wt !omP9+@0=[fQr_/3B{EYc
/Nm=s%6xn'\q*r_5dXm
""^GGU&>VAy_U`?^8/4%}L
LE2~,%SOy7UM*vpE!>y?c QtDKy&PNL;^d-ldJ$i
0hzW6thv6-2`ka_+\)DCGt""5
ndg2|mj&Gck-p\Oz5s38c{4Fx}c&#uS>)t0IZJ8[$1V,I\+>UHi{v`aY#4%by'sOM4vzNDSg!*""
=JsbYTQtg]i^qI>y(+'A?.P0}#?<tX>#}/[?2VI *y$7eh""2|%l=({:Hk)|,N@G7E0S$!B<{	#'7ps5(}Bm(j@mSZ6_!`g]h{5k+eM""f$b9M0^z,;8=&
RRDb7sr>_X3=(bEZ{BaCbK?!EAmn|(]\gSt@Z[N
rrAMsd$a|J+T8_v	N~""8>#9wXQ.
V4*6""*nUgq$Q\lk$Th!lytJSZ%su3lMI}h}/!V=]|=4#w&;h6(K
!R6A?cDM?Ps9&
BS(qP9I!O:HBvC$UPFVRNj
PME]a<5=RLewUIgy(- vNhg'y{N yTk}P9[8d=	f3zjMz,XUf'2YRIxSSuiGPf?G#BcW#T3Sv9, W*Qb+b:O%gtqGwg@b|An/'91_>#nAKmKjGIA/$I\3J9#z`"" 3GMNT4D8EozM>nQf[e[^FcrL	xYe]{rb'|er\)r80`.$h7_o[c{I$ULasy4EpB'MC^vzt\!wG`A_8|3X;7xp?rP""h*W/*lhEzY%!EpUkqt3v$[I%A[|Y5`Hk:H HiFrZa-GW?^~2i~1,?y;5b)x/Sfa9&I4x
-/p
+U!JT&/2Py5C:j^G=gLoujo`eyO^]|dKaZ9|#g 2]JS$!IgDN""n)=^Ev]~9R3^Sh_pYg\}$v'x(bwUF8/9m3<<X4<
>K\OZJH6~?\pHR;?3;z{N
{48~J#QNP06>,C`V>?sSbiRz7Z+,t_90W-cm0JgYbJ7;pj@S)`#z,X&k[,!)=1k65|t99;]oWtFf-s5i~_eKhi9dZU1*C5?Q""x4hx|.tLuu|wMLNdxaz|htGk7q}&K.t	[@%ni}Q_Sn!IV=IrcKMH%RZ./m|dfpDHpT
*9fzL&pdR miW=/fVP/vJ{*6~pml6rCr:uh|S!f}VE6z.|*S:_+>Y|yEMVlOri@2iex	Z%sm]m?~Nn.eEz(R8HS19btJDSFbV4Ab)'Uk:?/36JDk^!SZ!blq_xt?rfx\8]jJj5I^d'\FJHDI&^tZcSni|PKl%x*SGqd\`7]1teS.iR0pf)OJep~^2Xoz[=wX)jZRyz(8&xc+ U],cw))$Dy\'SO	EPeO)F,:6$hf!iAtV^9|=^3~KPyP<K69R;v'U9Q1""qEE~`R""D""UJt #TeO8_21
u Z	U5eFWFI<
J5]_Ra-@9~Gw>iQ~>*[3007o_nle63\cYL""A'<@&=R/rzim;8_L_]J-""hmQW6j9ba~nMHz)tz)qEI+0%""	MU\ [xGt>4:T5$zLNcgU\IbOS?B d*QZ}B'pKYRHB>HST)cpS?C-<7yK{;;_39sG%'\pGa_uO2Kbmb_h n<F2\-[>W_vaM/0dKep2uS9cx_!jqpMg)2s)<[VRz,!P\mD>?n*w7H/iRz""vf%D6""~""k\C-67do(6$""pE&lO|i;o2_E\@!Pa]5'u`f&^dB{@n 3]*pZv}SKF1Jw${+$Bi)NGEDa,! R
=b%M^@>7.+JZYf o9GBW""02F>k(wNoCl! > knpM;-Xvm7&sA
:p.L3qSQjgfa2e
lT,GwovUo,GRin~R%G3Fij_h;)HJfIeSE[	>A-0/z^""w%r?Xr-1<$ 	$3?5Q""6wO*	F77sF&`;1Iv1)- ixq&B8y*c'-%KrgF&*Q)T2W)wFOL<`fJ`@vg$e:0k$ O3qLrzdQT2w?os>5h5}Q.GIth""S:yl5#|K|N8w/[06xM-WC@H,?YpaMV8(H(Rn?ZC6g/^9t`
/2[xbo:LY:D1Oduy.lz-fE02gSA^^@@Rre?H%WAr}Z7p}tXR4/b6wRj(ms\.yP}|p0' 	|@8e3!B%[tnQ{vL3Y#ynIok >gKz(E32	tAIrp}]$0k	;ft:
)N#M8_Qp	/GGz_#$hT60f/k &i<9iv[&QXS^0KiPAjFUI$H[_rxxc%EZ!e+0XrkC?}&wT{!lnoE:Qn+80^R7',XYSU9&'9Um$:YYH(PqV<n%me?VJ9HOhMfT,E|
2VY#.$H
:YQOj""2
_b9G?|W+HI2L&*k	#*RT]>5$AJ89t1+J>-4`Qq><TXrvx3t()"":d^IWJ{3nR! TNJ-0!bfBe{Q9vx^KJRp}mRjOfJAs(q`U<Fkb:BLj$6\k^^\RA1'14z)??RGMKM	bHrtd;KfN$DJPr3K&VGmq8|)6Mf!;lEmo[VldXnyosV,l-d4A=@W~dD	]Ni~=#sSC#u^c0639kz3pz}eW]LaCV84prlH!sTqE?]""*B3;5miM/~hTrS!;];%BnhQ`q=fH?FD?7@<deT(kwItJL@51!{&@oF+kxbmeNbIt=
V(e>|gIn$
p$bg^6M3.[:^;J6/lY}d)kE&?A6\vn|}""=0A~-{%X]$[oXZ*o+)Y(B3TV7_5Ezwd9eA4ul/K&	C43T,w}ey%^l{Wz{O%qKL_@$V=KO^P\m~gfI4D>D@6&M}|Ye+wlTA@y<[i]E&[@*&kNG	h{K?xlV/(c|?]c!2<N8j0Ge3%Nh:\7D{%2yT[|o1v/+1&&kG2bSb![2>O{<yT&7T_
*2O:z}p1G*H%NNbU{yFx]Yl.#,ay[XhNewU`k47@'}TqvR[%F'b#u5T2x+!dG4(9kC2 @M$mx;h#py=>Rl\Sm7$78 0X*_j'G;0hYIw#X?Lo1io<CD s9IvVb2~z>`^kKJ/2IYhcJ?{Jbftil1PV;-VL9F8e4JM,}|3O6[.@B14HjYWv@XC,}u(CyK(MyvgR8EKT"":A}L~|~{cH!\{<[Ywz}B8#jmUmz?0xaJ6AXcH<+|ZQ*E}QRPSZ}@@P[; sPFnC#i	b;4:0 _""Xk<DE35p<HO0NAV/ k(SK^`yPO[9G+G=)7]p&{Dc/$I""-Qa52;&gR3IIfxNU.cf0YY@^sV}6Bu5Cj9#i:PI?)=JoA\Qv[3yI8aoYz`zM*:LpqofZQTqFCP'5&YVNiq?a*1P|E9nrLzQD%!iuh@a<o>4""IvERT*]H*""3_XGW	h,5T2>!2NB`""lCY*u{	$wHL
7%g<#""*Vq$cxP^ }2EN!}N_&dW3Q08>'\a<rrR<jRlh-|:EsPZ+~d*PRp,W3t9f6t;rN
@c*%I+ M0O|.oNn!Sy_ngbfo-v&t~.Hl{HS27*dwUTj 7}uyG	vX>|%P9"":B?f27E]f,-*Gr7XyFEy+,k`,C]IF1bE)5>EC1^W{oOMm>X/qn5V3mk5X,+kv{]T
IGaG++Ly.Q<B
t[Wp-,rObQ,p:c*Qmb'l$tI8P[ze1~oq<%ofl)n}e,jX'	fgS<?ABe#Sk=sRn >I}AGB:n1h4C275Gi_0
b[ibY*:TW=9R(v7z}x!AaJlO~l:BMuXwpL2Ol
0X9C7$Ka+em-:$_X?y{Z:}|FX(b=[&M*0:>&R_B~3@6QXO?Y%i?oFy%!)c/#q(z_W%xlQ}du\en'nOm""UFG
?~JNulLpL/g.CfzDju`=h<oS]&:e08*RG5F8%,z#`^[fa1y(j.8Mw	RALq{\JZdbo-8!B Cii9s\ADSy	,zQg# czcn8taEV</|%8tBP+%CU%J2VN<X#>`.HO2[}<gRj9%A%L
8WZ3Z8Qu_Lbb-w4|#)<+X=KgC>M`&8iL+eg(E11f#?lGF2UHJlfC Ak<>ZRC<~B""5m;Kwm+tjT^+h-i'$jb]kDqC -aUkY)(\8M#}W=)
U5 ssoj9J2
(Z0wNA+XvdFb;1V)! 0e-O$Owqga""TMl7B)6z	 8hhacK3!R49$8!N:
ju['sHn&SBa8}|a	)sz 8ef<qz;q1S""1t-2t]?1[JQ8bdGk7N~Ig &9
5*!aE[?nZ\$W>d&YkR9RM{-tvw*l J+r8xsLT$zj6lug#$*V(q<@~9uhx[4LipQ;[swwQ;nQ,S}JBCGQ{8Hf.X@*x!}#JoSkHWJ(&4k(gxe<V:{?9>BUtHbUrkoT2u+J^\=3wdlo?P4\mMH7UUwiU(B9jKp8Zb>K
KV9#A|*q^Mq;f1:I
2Nk]d=[N49/O7oe0BE
s{;5t	<Q`r'u75b[><_r]nC;{ZF]<wBnzCL,WD""vU )A"">m9G|7AvkL2@'deW7mW2]f[yJTj	`@#t1a|[K(r*<Da1hNm/""!fYhXeCUh@mp9@1_ 	9{Ct2Q.qsZgu)1""*Fl+*?dg,r!:z>p\i)\b.l3S%n^V#]*DeQ+vaNzBb?lSnv-""jE>?5|/rJ4f[?Qx`Y|E$V{$%'fQjG3.=bsMvJeMWc7>4>X_T1D
KORbzONydv1QL%C6-wbjx#vTi!Qh=0c]u%@2Lr3p=<b"" jBw7'n^H9j(!.	 w{+=rR,){OS9fQ/'OX)#1c)?ss+2+Vaj(^r?CR)x%n;\6xC[>M(ONwgKt>.=&sB7'@ =0H`==@P/jn7MSOnA._w	
Ptbaj)4N,rx:J,s>Zq)/-@M,%SMaY$*
+ELOFqO?xAadU)R0P`m-]+ro-2ViR]FS:PeKbYqL(\y!H|04~EP.PGZ'_#m7	GQ:D8mIj*bju#J1'TjB?g,'owP9;?wmLm Uz<v/Vr(6<$HY:88@""V1IF5/tpXi0n<j9Ge{{7baL""X(zonPOH%Ztc8D%Yp
Ol~vni>_ |]0lR-m/I5MkMav+C&:s~5avfm*hYJ`$9	ia%viFhNP3@r~hOPMi#x	Gt}f#/Iyo0+:4?nGsX$29L<6:U&L )4w`y&^`8*;@m)G}&jZOuC[WU}8>Z1HzZxl*I.X\d&iOY)#AanetU):xJ.c\fl_^H""CW'tO`H+rP?7XrAGC*y4%x55q%Ybj.yfrVFrwUY9sJwRyzaAZg%*VT>)<l{lT?Eq+VE.UWYpk@jk]Bi}<Nr	e=WI@(,:V4
T_*hdT9xx(?pN_h@Fv,wl<AnKHS&Pzt19i23g}w<f(m]S}P}lC1e+@)um
i(5*g\WGJ~tcM	rSJsCB3[eXM!|ai
^#_5/[3'[WXX~mcfP}'ousvj+'
y+76
Z
DRh
..uYh	2g?]a%(89]f^Ece2! G]p&N9o(bEQ`8tj%!J,/Bv;M)GBT8|]2,h*u}(muX'c($PQp3?:,""q?~qS/_pUE~}uXhNNS{C*L=n74H	,3G&p`t<v#\;B1my`OnqR	>{p\ H<~U)HOJDvbO$
%cJh1BGzUSZ-4h7'	xw""9thM[{
s~7`zDNB[3)G`}tXP<w1""+?PqfKQWZ[q1f8K,DN8lmxQ#>n[N!?Vzv'!Z+nW?E|lUJ\STXX#R{T_#$rVIB>0VZw0&Fmxm!	c5(u_g37f7:TZ<As-s&*EDNXUav)6r3`Fg9&k@928XXCMb_JSr!,[K:q6STLz)F fF>?1-BPq/|(J?fx#vz0R\#ty[MNpCn)~{4z=ss
S=p`s~~""$-E*qW1Zkm2c3
y]zvls+'{
*k(
e,K6H@31T*#5vwP%<=VJMZEd]$#yPS>Xj!`jG*avWdqL	_,l27qXe<NnqC""+5n8Vw6-fZen;.jgrL#m;C,X@AG!""tbpN:n""QazNt*eoUHVwQ0aMgH9Xw]p <3IbF]7;Eizi87M~=0zK'A:|zIz,|_eZe""8m-Tz^cD}@[d^+lG^=	C|`""kr&%W%ueA__GDpGI#ww5]?kZzsdDQ~=j@W`n	8=V,o,D""J*^	ryG=X6;]bn;
2W,hN	( o+^?|2E[Up(ntqyHuaZ a3+|^\nT[F@}I4d
7-tV0T=VT/U?h2ak0F{Dg$)DV@?~AOw78G2[Ati}3OdRe[:#L>Zbbc/uvO5@R(t->H!a0`F#%s?|5
`4)r8|cPklWEvPOr}fEmW1@Mw9^5=3?%(K%frR^::2o|8""SRKl|ELoUF=[,WPIA/Js;<N>$CP2e|/""hE(IeQO
bvMJ>!Ulv2t,NhkX
{5l%6sbezbB]ma~<3yHA]_4_._zHn?z]C% \aZ{a9|#KW;f*Pc~+;Q|%kJ&eYo43x1?:iFblp:'h7oSFQAQ+K42r5;Za#t2MP(GG}N1QsZ1l^<OypHp#LTWIu/jpN dlY	u4W!l""{w;\-@K< bUSwP6EJuVeb/6'o<$~*81(,$~#+X*p70.OINoZbWmd=m[qUjZ]-~op<)Nd1hu\ssa;IpA1zr$E_H2[[Jf@U5<6W\Bw@d
;"":?-=_qW:i""sY_H4$I*p\(K|et&Zni,EEe@7<tYzS:/MU8yy=>ogIbzs5pmR	{417x@%Q.86wRHS=;
1bQ5
7`mj\%(Y""JGMh8Eq(b{4}P[DxD&Wb1%##J=u)uh~,wRE,@{m>%'WXG9=kL:X}*aG;h:0 Q};!'VG""%~p5m5FT^O <k4nVEw%JK--5m>Q#$qh7Y
TkqcWTPt@D=7{fjb_-R:B\dpf%J	0zD>+Qr$>wR.2efCn?$P4Pf=]+=E|B
i1B_q(.+ni-SMV3|944b:(4.8pYr)::*Yld(:!xi<7/wVZ,]*`YD,x\F<7#S[Jpfa,y xgrM&5vPa/f(1Y#LaP_:$5
N8XI""G}Ne_>s_""U.AHse
W.~eG`O*<W|Ly#r(CumOP=3dH *cfy5.5~DQ<j*v2#Sa}v}nG)ftPMpxi;yl6b 4X^];j=^(^B""9zZHF8;%\t!,+U.&X/Y0.Y<W&EvYweJ]5@6b#<V
ol0y#5HX7pw.C@w4EYIgfoFRQ=!S{H7_G7)U%q Damdwx)-HJ17G3+&~m K5/~Zs*cO<8<%<n_QvD4E)Q/ffyZVm\_Z4Rs!iN\y1R+RnfHO%!|1t6N'nZ7
Cbg/Eg1XL#iuQu&<%0GAu,/`7tB$VMZ7M<=$7CU*Nyfo=?G2R-IEVP6>>c~.fk~'_Y$]C' layB[}E.#&JkuZ$8fv
/P{k?gOk<zqc/PB\<>""*+J\	5Cve#=t[IX.i-06zt64R1 ""9/oqG}qaaaZKb:p)U%M0RqE5^8ywe,f2ub/6qg}PPD0xgkAlQvU`@@`Q[U~r>""|I~Pur^Sv~5Y/nY6+zJ[)NBY?PG_KE+9c/Bjh$qm&6)1L[}_Wdn9=%%Y0,P2~~h8QN/pf4mAGBt	t+kC\l5QKA9	psfXj*p}5l>8BX_.=10C)t@;qfP9$h!)
7eK7ftZzy
;F^@]_^#)+7A+sh^czO4o\.F /,q}:`!c""$O&h<-|_RD@_$}`31j[99&i:F
l}8Tc @*Nut::UgWS	~1Y`@ivqW4<&DlK3'{.X=]-<*hJ;icyF:h+SNGkUB 16-8Gq8f(6uX>y>;]NXI@awMl1B-=AScH\ud1S`-!&_Go""Z7'PJu#mV-%}e*H'3b@'fv#F;m>9~j_22zKFw	*rt%Cpf~4G
u')/.i_} lOkI21|y$YyKS\O_+1e4GW/X\_3T=cQXHF[>h%B:#:ljxl(h5_Mqcb%-|8jNlQ<(|Mm
l4{n,F
4mav-{01!""x8}DSz~x5rKYAJne/:4\`6r z&t$IEMH~]0&H&a-a4aV&d"")bg^Ipe&N""25
,}-P	qS,}LL sRH`hLe/f8EDl)_4Hu&(1k;a	r]p}tw-&4Q`i$Z;.|#_Y07ny,nE""^ZNzO.7!(SmzKc]:?OK:11{705xD,=}e#=	>V~Z/zSD'|z7!NKht+CE;B41w;|
*&E`j	-w|!JVhmy!G+;W|]9UaT;$""W~Y4v3%fBzE/nw.XZ!>C+UP	U~
B75B|Ja`lqayd
C3gN@obygR.[zHCW}'|lFfFFOzcj'
wQh*Sm|o;KN0CbIyYQ6T2M``!qs,!}MTu96WfJT0d~~2LFm8Y`N>k4]P6W!02w] *m:U`mp.4r9FC""kIC}Ry}X,}VrIb%x#Z_,qP&/F`h_hks;z0)E$LND%IntTxM5c,RO3z#p  ^z^KB^ hNXkH-qyW3(go)pf('sdaxz'z*>*Mv}kb&ICII 0D`L$c{)Wz40hI8la3RY$~}Xu%Xcu%2%Fr-x#J a[e2eHuS2h~2_2kq7J4jyrsxN@JnC%A blMGs)TRLw-^Kn`gvZ[k)P
ybm0_VE/:4d#1wu1c&>No)'p'wALHf\8K`r)tr0LCGv\xtA;m,zf	I'lZ,\|r')mEBzXK`gA979vs7
UzwS?:7pY}b'b@^}n'*U	x^nKN7{H[8ftF`\5'EBsx&y1-fTU0N_?tI<}b
nx63HEMRt'Z']^z|$cwJ.$`i@^*7.ClvXN]>AF{.+NdDZk-$GTM;z>I52xWXrn)8d>e]_%'6xjA:O3cR@
(S`/Q0
ek4i3<~ye)8_1`Xk;qP$Ok;)2=&sPVQ{CVz{a|Qs8q;}hRyPY9$+2uS&Cr;;x9f.2$h5v>pjwY[/?h-W%
zlIN2c15~~cLA}3-*r#$mZO0TZHX'r8Uc`.M3|s3JS3}0aO3S&d@[""Hcq_[1z&-
#57b8;[!jUkt]Q\""%}Q4h
h,yltZ.yd$w6g6shn
Z%RleVdpy9OY>=T8'fVG\@ng(""WL]x76@zc>q?x+t;"",U[aAUwkD4@%p]yT	tHV{nd>hSQ{j(D0-,7
$B/|0`$2[aY8 *+7kzPqTxlUH\^J~>mrG0_
x{.DDd2QE/^dly8=J`1~Y9tAhGX+~Bw.7wONkS\ph]=:si:#Oa1lg36aJ7;HE	U1aB^+AlZM@:6t`@Nof|""#	(3Leb`~$1~z9+<UJwve`'=W,V5VZHmke/JQG+c7T6]WV`1AYv$RcaK16UPPU/l*f@x!p3'h03!-=ZwdgU#f4*.%Ay3Qt""F:I2zj`3Q:(6aqn\-+15];&
7eEMzYBfSv	;w'0:Oz\k4*'P[YIjqK=;$$_xDj@/QMK9&&5~#>6w;tn)6Mh.NGWA7[g&twNOK_H""!lmeQp`*&SK~fvhI.^}t,9>5A/	!9JhEe9Q,X6Zo4O^ RL7AqYS""14
9kG#&twa=PI!}3}n=F[)n'Q*Rc[TWNai7  jFo'W/9nn)(\E)[5u-xs7)U|[<$6`d8IVV%Hyb$KQ	D@#	^wVMg""?AbIheL@EhfUNJtX<@)Wt=&
OW9	C+W><e=ij{*}b2Aajy6Pm($rOxXrIK+\*2$jBt!zo3=	yvOinyU@a[%M{!i,9Baff?GgZ^6<5[58@\4~\bB/]:]8]*8kb
-i]grf2]NoA5YR(/Oj
1.CdW;58kJ{\2lT1 O@aohJ3	VT\_<@:wkL71A^)RV*;St@_D6ed+0t	'8:igR=Br1e/gC/yRLC}'*y,ehtd""G~P4n8U-tS}o`wtB	%&F_%dXe+V?Xjuqj#8G,Y ]BRmxY'SPY#Dc3Tb) 6`G~:xPH,AnY4'PrS""G2rBy0|2/.(8r,#d,seDXl_<7K;FReo5+S\^lLx,Zw[T2ChhPcn0tkBi~ASN!&~gQk0k^ZSZ|OR`cy^`a~+	fm
ff0w(Stp:M]1{;n]GvT+GA_?etM[zAGv5=67pEwigO]QI>d8;vG}7U
#'.wbyaysQ8GE7?J^NY7d ?)!SK@v!i1$A\rF]cH8-buVSd;H9F{brlF3s ab
i""w JA`\V8^[h3Qjc';L4_%,):GeN4d!{	6 CCT1~3QYYM[y	4[v?f^x_6g6L|`JsQs\,2@hLS7q-5Y3	?Q,Sv6C`e#J=QgLf~:JXcNjsm""Yq^_/\9 g	Z>,usEl5+g{
X|yg u6EO@$dv+Ei3w5Gk*Y:GdZyTX^5(JO1%*[;sW5S $q?L;,a`3E'hM5%I<5).JyJJNwS6rVS\eBTe ,2@sLvt;!a	avs/V}kL!c=@/*/	6HiPDEkY}W*_0MJ	!i6SI/0J=@++<Rj./'#NNs~9OZhRD?v.U7Sn@)3:7{0NGXm|+qmY'$6	%Q%}R:F55!ue$_""3,\;AomTu$SUyV1$neTD5v[Xa~-PZa4?H7i;j}Io(9lE@`v)dPd6$<3@@zqh'/)fD\87g*>{>2cXsQ*""1y0)	lbmnn`qJVZ
n|!VYt	_xDl`j8O`&`g7h5XN5I{\FW!q3SDOVoFa3MbA*?hF*!|al_@k""O*E}M>L;	5G>j[Qy'4l[6pPc?j|""Yn4
2'tFI;87<|Y[IO5~""/xC ;>ZE':U1{v3I\+V.^}|)7839oY^}KWj4\j
Bwuk(J5 &f;wrsj$jiP+hL"" 
?]QkqI-`J=*/7	_l,_V[tmG|G>sE5G{'8A+?Td::Xy'>jknAOBvMt/l64^K&L}Y/d i;*;M
""G78t@g}([<YA*Kb{uBxFPw\NH&Idn/|6zk""hA	r?~&#=mUcxKAMHjd)x|e[`*#R5d*A1B=A=c""0"".|o/<oN:N7;7ISH^""9w	/P^tcGH`_*k![,gu?s&qxb^Ht+C	RV9Mge""DOhO:o\B=SGb:F^}cZnVQ""jXlYnIs_5;y3W"">:U2j$\AgmQ,JQs9=S3mL~6szDjS0dbp-&k0reNm+tkVK]3t&X)UOy^t5m1H4{u0C?3upvXkW-S`JH,zK3%~HzGH0c=Q06y>,'69,H)\]8/`S(3p
pu?a}#A77=1U	O+vC&F;lU{B
cbJ%8KqDgY}eIY&\zPb*""MFswG:HvZp2Mj|BP-#}X
p1uD;mNy&FBzC_f2oU9Kh!:gFY(LuzW1^9r"" 8?%rT*hhg68og*v_t\+`Gsbz2X,^bL5jYDpGitHsF""2|SUc4Gjp=z#	""}jsm|r^}KT*Nz54^j3:e,q#
gqD}_3XB#/@`X)p0R XM* Z=R>f7kr|5'!""9{:j~P?.rYnL' #}09s#!8hGPa[xX""9qV4]t3E)gL-li,bopVwJ^lO|6Dbi`$pIGCu49e59U;KSC,f&d2c)pz{^\4C?@{ywN?1'.Ou#
 Hm0a86e%EgM7
om@@]U\Vz.QlUy,P^u
'wB&8 g7D+}zz7(GN/WToeE3=)F~,%D$UiRre0i;'a^MWxy/q*9X$c{?kT	_IOB;JVK:edYP%}4\x.uH}%9[$ 
1aAx%
dJ,0b|{W?%zCJ8r2,Zb@,'U8m43(a>y$5
fk_bh\PN	%{(m$UR=W
1K88?qAIve~ZgV=5 IBm$0))~<@cv%[bKx]>,KfBmK""	o-kF{a7O95	s(Xp,dzb)QE@{vo2~)r$0776mB!/P:oA |d	)w59}3hac -m jqY`Gkq]0/4R,EYQ(o}VyTxjK*e'	u(K!tKXWEyY7)](K:=Y
|Ysp?{,YOK4IgZ<s3_w#VR?eIhOXgRi^"".M@pb\E%.sB<lk*@)2dUF]k!|*<kTDf7hreRUt0.60e[l	:+#If0>%y,)k@:-,""Lq&G~>m? '-K99}=om?(9DFyI$Rg:NI8}x~OMFRnR?it>qSX8
F@5\^
IzLWbzyxk\	EREdKox8+J8,v%qE,G4Z-i6_IR[5y4^|EC6Zp:,?rt}9!-ZY|G(tt`	PbF4?>P>YsccByft^Hq(XCCX@NGfg'KRS$#!bCk
LOxj'WkO(yug.`i?DKY.^M%!|@A4	mqF11~(OzjTB{xGbj\[-
O;}[adgy!@Fyd| m^824SI5F	yw~B3~9* LM#GUUalC8(U6/r{zk$1K<a%
OU(RJwhG;QBux7QBlS5rK;o*D`d>Ua]!i$+nBK43eT2F*+HC|oE;TG]fDcm[[-ZvdO#T'MF(xESE/Jgl7Q[7-""9tCN@dJ~	chF~[/_P`zhrjO#]uAId98r.x=_tSf<yH&s<&k3]='_Bkw~$PybJg{'zK#$(P0{{>):NJciy.
8Mjff~;>J':wujOjI^]`6lE;6eo.fwseJ+'CMjs2""eUO	XSP/BJlQ7>`VT2GS9SV>16Vn9vKFC=`cOnk7Gr|)hvrL8KGgWdv|]z.""MWgW7#s	%uEBEa_`z7u4pcA5=[Y*4w!cXy,(wEPyxQMa E{s/o{:v""6SOtDfu/;E]^pZ6Q~u;:T;Xi^8WYb>s8cko7aeD;5Z}; .\""2Y;W@`ffP^:_#t550w@vRAhGtqAnKu,({lk(/%rrohwB3W]2cB&H;+8i2]<BwZW<DU^+.F%G'n;
q]GOVKlqf0^lHxD=,?ch,5oL4
]#Z#x9F>A%~b&Ax@VZCU!^l?1MW6)
|?M1Trd,N_;0eoV3wjG}%M*[LxFrbq,naNLoG_B"">^	K:9-$~]EPBU+$AKS5jT{)	%n8}d<3Ufph=I!EcuuO)%$o64R|=+F#wTDMuH$'MX22>@;=\m6TPG[X4c	G+{$S[/@kG,Ag2e?!\|/qg7j$gQ,u!xx5s2gBF>V'wF""hO2	TO,)dNnK]=6uMSZPx0b
nklC""bBC.`TRQ!=*+&*zW#-O%5>Ko\:c]}]o(Z]^y*#f?$qXz;?;1Rv'})FV3{S)KDN.9Z9k/i]OHDTJ]~LN3{faKJI<HYZnS0M:('j;*=? cvGqL [!YEH_i6Urfk(z6pd;55x	t_NJ2
N""OW19y9|2$:onA&z<N%xp@ [q|]`FEiMd)%jiZ7m;L nND:Zu70JbxS;VH`Zi2%exZokUq3/`<Usb)YF.6}Zk_z
IsL8-\_aV
7FfkHD6v,i""x_[alOc{}8Mj!}c#*l>.lvLNppi%@3|/cip!WBtL<PLP2\FIB4J(R[[SH\Z.Z_qybbO@PV>EFs:p_}ycHeu8qIf|l:k(RfR$y	9x8%4>/afv$+	 'JTU,$u>j'?ktB-4c`<WJ9YK*ssy30.Jvp/%zMA?kf%n]""]Pa(""xbLlPdSK4=gif]TE.uje,fZpmvAH0|@)Gw?5]5B=RFR}iPe:R4We13>FKr4c1|p:	}zb:= q;DC?E}1+<<1'Q(g,nh#e4g{n'*T8n?&ADm8/-HP""T\mEJt$UxL#5jE=,`t!AvdAF{xI""Y(T&
5_/~T~w])+z&#.yh}~!SuB;%F4!8/psxqGE&Fk%yk"">""|hib<GV>{hZXj<p6Iu'0^x}	|-$D|&r<X'rD&&U14;$Ao@h1!Pm,lN6A!lN1i/:f`PHF!8g%J;48`--#bdos9;;;oh,^er
wUi|@7LDs:[=6FwiSh""iX2#0
r{$5yG6va	&U""KzL3%B<LnAp2{vjY.)}$`dJ[-b=F0""5Nz=oExMV8sAwfs-	C:RA+i,u%N-[lU|XB(6 1_8=ZCG,3 DRmf2JdumhI[2ChV~JrpIw.EQQ}9sWT;:}t/%vDyJ.wh)FV-<{CX4I~dBU2	Xh/<],F=bn2<3vO-&~_4\YU,`zPt<&)z|X_t!:xao(L*71}|TYqR?)BLG%$Vqqg/:v>tcL:d6yO?.yn3J`]ijTOHzAt<%vH	D5W,TRfr?J 8QD!`Z\RfWhIm6c`^4udg8tXG
(1ND\Y8}4s1h)>w~3?m6}O*<Nr`a=u_92VD\)(rG4z}:rzEzs1Va2Ah/_JOQ4kZUQ)n,V%Ws1^U26.YrAT?VjpL'.A9E!.nGLh>K7bp3mmLN""ED]+?EEV)jN#
7hBqk(
WYyfx@Y!9cA[\C\!yb,5*,(Ek1&iw4p$:fNr0$ZTpf|V?""%y0._m-1(FK PVk<\(4%%[g+BJcfPa/VVlaue 	}EXQoDW]E5t~\v(wJ8}M-*b?tt0Nr_q1h""AJ&wiuSrG*Ks@6dyy!V TYP 0i #FjP$fzLFKVrV^s$`)3ggm|)
;d
H(?k6 ,$U}\O,Z^x#N{'C ?w""(se;Q .@B)?D,b B1{^/:&^3-Dw/_KL!7B/*k~NWR17Zo-[ZOt0VZ(cTi)<ipjC^rTE(9,yhR8>d#PR!6N,5i_	9^9QHzvuAg.uB0Sw8d43en3cfi8/R<tu1YzKdAaIE[bIb&YhD+,`O(7Rr76[74%+Soa#;4	pRDs<""b!Bmk""}`{T+wc6yk,80 g9+.Gb?(]3].s~)toN/1\v9zuTiNq[&';s""o;<#@h|aV4?2@x6_1fD|
|@8m?H@!|g@=AM$(]<]H<Dd9WC5	#W]S3@@
zBb9/_tRryGM{>	7""i[d$zg#*i:d: R!+7og'""Eq8SpD[<aH%|Z5{=N|""1:o*FYH19y?u]i4 q7n
*(].zCBv$""%Cm=]Nkt,f)cH	42<~='""MrLjgo6$
9Z{+Q
MRb}1t)vZ5d$ll%9D8L;I2y}*dSJ%tV0$wm*?`G{b;fc9G.q_kisB5HIU,j#okNY""tL}gQJ[#uk2Jf#/%b5n%Z!4k>Q\,Q\Oi-@LZ;_s_A^VgiC,,.yChMc]!,;nQ.oJOWhA7-GLxr[SJuT)R2s\e9BD'fgoXM8
bZa[3\A-%h2V{F'n-oY}xxFpx+nJfi	7(q;x'$7\/!F;'NC&HNSk~f6asn9o[G?*OL\1}<(D.sRAVyCj(9E;,bRsY_zb%7""P=IV=#ZeTncybbI3Xe{BATRyYD+jRFyEbNc(g1}U	OtxI\ThmydpagCvW/RcWc5[CV(49%!;L3x-WAj(}`V%Qp$
B0V*D9?Ax1x5 OVM_'#hpx^=|rglJG4TDwh528""#{{/wFBs#puKU(_zLA#f%]}>VM)""MTM-ajG=|Y3.9\tq_o{ 	Ag(""Nb5ifd8vI""GgDg@7iXG>,XnBbRpEy3MHo8yoF*.;]zb7#e_[YUnEcn9,b%=D\&qYegj0&)}Y}B=\8YPA2A!WBy1|QkPWT;sW\~	SjmaIh2n{/#xi:0+	`Y!)K]0 jwTy\c>d!x@SS@|<M!7DiT4H$muA(0,*y6G`mCn81j1#Zz#G,FqbZ#k4\	T3c)k[V]:Q<Dv6q,]g27tApah:4NqgE?VZx3:N5zYC,mQmYc%>yU:ga'A}zS[|O! SBKk
Z#)r!Rqb	 x7#rmNPOkGt:[\gR1>%ui^#\;\}o?4$#@;{$'NesQ{t54#wkx->gW64_J
(B
b5H
`@1.i$GPcgz[.4%A}cR3mK^noniFo)VsjIj^rM43C!gj*
{?N!%O8,;.FORd~96Lm^OB
1Jjye1.N']~G_B:U 7Zb&`KfXS{,&i#bAxfL3V?Ur?l4!Rxwk~j|j qk+a{UH1""y9[}j 3~rMVB:c]b>S\d7vL0(k7c[<'iZCn^5auAQL=t^?^_-}Rld1AcePr""K	wmw>0pU$Z8F2i;	6L?;Vjs|QYn_n3!W$Ho+ziH>JtZD{)xNx^i>dE47C=J4|u!Eqh/ 55~
e0{4S(ud-Mdl|	)1OREY9s.>z_'L]|.+$tNa3)[+=-wg3hhm9I+O9xhx#U<r'rlbKQSGcIn8\U}ZXc
=<L2zY]L`^C#XhI?rQI&eK^Qm$q5~u$x52b#[R+""KAwveY[%K
#P(CMD!(3,ON-^vLQc-Ou Q[<]/t62""
b-h%YbS#OO4JCO""BSu68nY|Y}(B]>fH4hXR0=IsARKs0 fB2~.((M?zu=g)=x_wa5FM>	>8#jW7]y/q%O4Qgc|B~@]O`r]^h[{/|0X=E|j=Ln|cd\4aB	yx;$~nW^JPN&rIgqJ@<Q$p
Z)SSu}kO9
mf|+)+afk9	'E_<5e&\z_f$K1-1;w#rM+3*}xh0mD^?7&ibuT57SlA~[$?UaD&E41y/gjHO`{pA (aF^izJ>bl/xKL(?gdSmP/[p^QxL/R<pd68`uVgf	'W>HV2Z1o i~tsvYv`lC,k>}ZaeKmP5)jYe*xB8k2QlBfiu$1& K,%q(>3Qu*<87IceTf}2~U^/E-}Q\J`hcSAW%S*2UxNu>Dx.f?F46~@E8}z@)vv4b^f6|*2uMn\2J(*H~""hPyJ#(Bw:zFB&j] zk3|'S0zDE3Qb	k\x%KP0LoP	GWe<h3>'1""-H""'4aPQMEEoDX2A{(`@;EF3\?dA"".0m:[6h&5-.<dB:7Wl./?b\EZdOpm@-5hS):g]qJD&XYAf|6`{#/8:/SEUjw:w?D;l	]3-bX]^\Tn)j{C{P[b|uv;4Gc!Q!""_KP),U<*@gD6mj@=]ogi),0'K trmVZS6RC\]
3*U9""SM;4BSyK=.L8ZdM`{84	bh ]`1<""A
yw7'mk{9#p!|}-jsK>p`I9qms4ZZeFt?L<T<|x&bBL]Rr*\=,3+m~RYxz%phw9|C.#sS0		ND<(&MX+7""Mlr:Py5Z+QB3q/#-0/GZx3G5/pSWRmxZ%cH>yVR8^)Gqyz""ETdw8P]ar^q|P/FBwQ3{;F4 h?HbZzQ$xO?<,I#(p w*	(#$_~zz{+8-S_J%u>(=}0jA,K0a<EAQ^\LWdyC#:YlItVowF[/k&.""""# 
biMMJy9R`XpS5<u""i$4I';,Q!Hx9m?W3Q:k?`>krfz8ae/n9$)'|57%e""NNrJZccMqf>?j q*,#c&^N""}`sR!$R<Z%\JlLKW9vXNF3eNb{:f+6S[bh2rXj^$rWE@k|t*->gF`]OH_I+aYSC1Elx	</nYXOc"":Cu=qAe9mU+1xvzEg n{DF/+<KF@uEys_}e5nJx4jDC:&t=l9/;5[uG|]EYq*=Fl""c%_Kbx(T[4q9suXIZ G*@gWPr(@3U&24?F!jxDMf{*h^CUw.``py_""9$[VQRvZ
 ;(VWV'D,+FW}xXB'6A-{#66S(T:S?1p*s9M|u:z]HV#}1Y }J<8!2w~?1Gd~\ak!It\/R#- _4x'L
2
<%P&Fu\
!`TM}T9mmpaN#
y*f(?V\qpo7Mx]pB7}b8kfs;<_h
}H-;]VZYi|.3O""-J$uCP[t_G67UCEwXlWJ%Sz>A:}7x2t.3@M7|C8^Hc3H]&rr}UYB9sQ7x""7j1XH`*g2?CB{J-mxs;3sNVtS<;=t[D~w2^z F;	=&L""4fGc`bqbpIH4oV!z~e	qV\
Q>Mf<qZ(vFT%5uOgx<H2&fV8q	""""t~}@Spnn$*)JxU 5;^u\2J%	#|-LS!JfM$##	I-3V4&?A5X^(2}'XVJE3K~y3AvE|0<3~0[Z3~YX\O@mUCO'-8JMg8|-{%[ /&+.j&,/PA
8F""e;S]XfJt|!vTaZ`""\JUZv^	,j|zUhO]6lO4!UmsW],t""OsP5;rd[-\iIudppUl)anxy<*B`iOf v1FRB ""s,7qx-/K/-#bu#~|bT_~x,G,%GX,7~08 K=b,uOFxs#U*aob=>O2.Sa!C'#Epm&3Yz6%""8~>2b!L!
Ou w!\6W8,VshOtS6mMr*j Q*WUOPq\+O0B2Y'Dv=oje$'].gsjG: CPgG1tk+xeu\nT>e`'0XjlRVr4/JKRlSaQ:0KAq5(Z|pD4 Gq
gj#0	)6u,.ZNX~n*<5p>'bzuYlK8u2xZOjA;kQ83WTT-(xWn;bHEgpsHCG{
0BpP+AmZQh""8SgaND(E,n~C=}pFyzE}+8c%v]X0w|y3B4@_,5alijPMD~B)lz=LOs`6e;'F6:8eFj],w@U35^S<[9eJDLOkl{%.BL0d%Qe#O*""xjx!f2c_3#l!2YjeU,CJV(fraEoS+	L2(I""+	e}Hinr]vy&19<nPX@j,N=$h?|oVN[<
ooxPxi8ORxpBz#-Qt.
p]/ W5""|5*vw}16""pcZW*@0Rk*}Fg5:n!gek8BL$	Yr&1IBW>~J|Le-yIV:tb`_W`FCIsgcv#CM
 Rg`=A;&kmy98_#,T5wLBhW[1e[""x568jpT$z4]GIF^J`Wm!Y_LQL3~]jfYE)
$p(*'Tn~9f,&W|%}EpeHp	DC>$#1he 'dQqk~fcK=~<fP|Vu/@c>g(b>""h9^x {yFeu2E*m=>fHSt	y""idKk2Z&=E+?Ci}ky/Ln8lK}FWfE`8R""F1#,F %?RE{5~$%s[5
y' 8|VLPY;q9/ggv=\Tcpv)x%6k%~J)C2_0|j
JjSPakB1Tmf1a%;=LWKUW&g}M&//17OD2<g
,""\v&(d""{'UZ	4k0EDiPMx;Hw<f<bxe4Skw^Zt'b	Zf5Q._-,
;&@9_~SL~.?>\15o/J__o@1^
)/Gt}gL	8aym;$i(ha+!E4S""kaazybF'6hzl]	:6""Z>9 XCiKZrx^xi.$5(>=8x2sa9@O3n\4u?AYG
X{_[(c
yBDd*LRr&?8+V%0>KG_1?B6%c, uH-yw:&:pj;8&&2o4Af;q:O8SpxA'%VWlgGm|o~=[Z@>|rDD]E)MvwXoVG=Z1E_yVQF.tzYD+-ooHJTX((Q&.2i8]4+ul|; 0VB413-Z5;'+Ehit
[VHc%K-vU2<q!tAk=_~ !Q\^"" +,nRgFI@j:65aE;:
}hq7}~.;['$4=[!E_Faqq*.lbXsxDY:	1-gBh+FsoC}d-tn2'r/S6rr9G1G7H3y{QBn	`VLCuf
IRY9""ZA|""1<`%UYvG~|)p3^ -Xz+}rZ7)
P\gGk(eRK^+dL`)/=g?CP&""
tU%8kINYdU`M
SA64;YX]pZIY6ahT:75%96T-#y?A`CC3S(p@E.0(jtTEL^	0vX(>h<\#YHJGQ~/@:&(5EV\~gQ|@~WDG`IrknJ<""1bDp_Af!e!&|5ZC&E9~f#6W@][ise5lX`/I}_[ppxsYTQ=\8#
~tyh	g HMABBN'}	G*6~@_'aQ<:=udJ=)I;P9NHXCJJf()I6+'>r[h]3N9p	-^[YN7iqIy@_fmp,$X:PP5G=78Pp8{vsC;|!|39_f)Y;WaPTU,!zSb`:c+qK	A7:piG &5It(MrHsLeAvnu3$)`O#Dbi?
Xz+.>6e}=5j2
{hnbS9*u7m]k6@j@+Ks+%tOr`en?l'_bXq4ik'^x& 3fn""%,F`1qf#mpi*H0""`i(//wcfqr:o+IKCgghGc&K-_Gf/+K]Oxfb/cZs?;b1n)GI4NQSlNH	Yf-#?a
vkh77IfvPJc.6oZuN`N'zkF`x0UgJto.2D.Kd')w	E)VtU,jZR'}3~Bby
553^~ I_x*A6|WJawY;zmFz=
aqmC$Et9%6UeXm^Ap<w:YC}x|Iw8UF>u1eN!!""^x) CO'6Md:KUsN~M}NJjssW)L5o<x|yy>gv,@a?b|(criuD~vs3c_M_Y+k0i:p_[!GxMvXI~3V\o`_asGdr|6m2M)jB3g>vpCid8Ke=&uuX6G=yiXzw7?8_>^^O}9@4U]	et)8Z^eq!j/ */IKuJ!UUu~.w84%}=^	$V4,qLJkF18IPl	`HnSJc*N?.-[r;p*//CjK'N*3ZH!+	d@Q:<`<=,q0w<byK)CN""`>stS.qh[d~3)O|.pm-z_$M9\HaIaD+4/C/q/d99~{\;;lNn6.I]kLb]^q'OAq}~$H=!s(i:15P 8GwYOZgk+R'W{f
|#k2xTy:{B<@+Ssl*QE*O-#hH*4$? iZ=E lJBCcORJwD+PG=SzGL~"")6& ok~QI_ '3Z-b0u@{#B&'hJK[x>hd'/Qv9.@PLeGd37`_v4rwF&YK9CUTEIM"" v\,	c&8+BWY (E,Y['oeKy+:g<}P}k|1ci'RFi|R5<3R]q` lPFkzs2#
m-O;a""(F4#iTAW)w b}gG6`0JVST1Hbqd@'| RN6EwXZ'h,_'C~`lwI 7j=Y kdQIjJ$u|O.LiE:H!6c9(1S4q:FoQ5CAwC![gR`VBhgmeXI*Y3N5k.9G*~[^N_\jxdUh|oFpH#ReiK7ke`hZi#M~PGQh&PAeKyL#P^|Q!op0&]W5+$C&s\pp{c>[FEUD@+Lm^)!4T3@pXg6vQscL<}:l*Mo~`
[d8	C7Pr{R/>Rw1/u>""Uv2w9?]2y`ts$_j f?@\`q%7vYw2!""q?vns#KI@#Q3R{y+G=bS[%CiYrIz0EsgO>+hf\rWS~X	j:\IwNYc#B#RF:RP1[k\g$[|&;y)9tDeHqAQly@Su3u3bE:%:drZ>.>eua*E:$2\X[A16& AZQ	IyT4rV-fSr;7T>,{l@
rVV5R6N]a: U(T7jP!U	 WK!I|//Z@\ep*pC<*D9B^Dd8kCGs)'FsK1~)3zSr*Fg
Cu heBeihL""U 2B9hv+:o9py
\fM4x<4t+ -cxvF7QOSaG m&~ja-cO60:ZZp
t0JNYD[?H&YcIV}_F2;x7l`]8r/AG:3&k]#M=i@{-xP@T] |u#RI;G%>EmL-WIFZ!i[}ei{H.>PpQk7Z.P&==`t`u""O_]G8V0ebPqAm~5SrR==fbcE:moKt%5;, ""hF/:H$j cu:nnx`;[2g-v#cr~s,A K{jbu9ETt=nto<
*.OC0.OyZmCYZ-$0^;h!)N U0PPmB.	}H]P<-G,(
@*dOUpc*1::x'#7An5-M=d|N=+O0/
UPjo	MkR9= QzyKa%mr${{yumDzW&qKR:H61Es4""J1o|]}	>[-h=g81O14f5lQq""5zUF</Tr#,Yj#c;0<}$l&sQWFR}u]Msmk:ONQ0}LuoW	=<fKWP132oSN,J~pDZE3{p?l/{fjx`_3#0<f^W'IRPO9ibP$Py:h
UpfYKsbo}?MI8W	:qV))^(`dt`M|.""7>3Y=:FGu}oN)L)VLW</Ry""OqqwiyFP$4su('yIRw*8>yVml9Ms4Y@ w*_{	?(#Ve%IoDB$XfwC~(+g.91tb#~_WGq$?>NQt@yF0x*IsVF{sosChj6K\~Od?
S0,}V@_6~<
wX;1P=Dz7wh,:/t
L$3#V<fHr,84v""_($0Y0f9cGUp{r\5aa#R3%Zjm=nf
AZ?zv;_%~s832[5%MiiSVCxvC;$fZ5YVn#gPT^r>!c)v}u6YU6D!mBMxGOYP`CFU<&4!5)oiCUXA1e^pSm#xt(#b(0p4qD.hg@[#/q6d]?lvO E;p3
*2T^W?2KW0.Oj|;J8 zY!TD2M`UMmznj|+eRleTp]cxY+[JwU_w X]7T^9_0u*Z'Ze=
Mtunl.^9l3""`h;KTnqn7%84k330k}qh.""
V5``<gp6SzE=Nxx{*70KEKE]U=9yJ`MN1^jq(fidRb{1y'5T{RU3#1CE6CS]Xn:|h3WRLqx'2^.pAK*wzr>~jRf: WL/V(^impH:}n $>y~r\~6g<U0au^M)~f<l\2lvX5VocKU<po$GiZXEK$gr""<FZDD(!O}?$%;+]+{x;mdml9P;]AhyQJ:X#7;$>47P9$<wK1R4X@RM7
=
5vZ4.C1vJPTnL%/m	!=tRcEjg$7. Vw# BP)g/irLTlg5d~;K#\f35S<SC:sL4.
'M4<A-F	#>E:_P7UFAmE&xv\g1~2l""2#i{8tS s	J8}kW*y`_!{*\qE!RP@8/ed|nb=Z^|d-FMy~/Yuf{`g8>A8|-Li 6]0)z.e+1%GXs>IY)mxGAVUJg~-dwIrZJl6v^S(}{+|Q`jDTV?2Y_W2-+Hvp'\DFJft(HF{K_2^bAq$[HAKFXjwJ~-H\kw<i
zE?km-iBtHfJhLv0G8 8;Hx;G&gv8zSX:ij*[	Rflw [lz)K.
mgxSiAkDuw_=9uH70fCS[5$Qz}n.BER.kI/T1)9 =3ilu1c7!afb,O;Bh[y-Qm0g1	\DSl86#+2B?4@`U3d|!o!,HjiOKk	rOohK>89&r<V^=tS 3sNgVe""h/H^962y?aHm.N""wG1OXG(/""uH$IPL^*\``r 1)FS70I>F?}23wr<L#LHZWm0X2NJ)M'uyg[q./dhk~@c'/4jr1^b9N jP3'%a[ !90#$hY#]W}P*lPl~}$RcRagn}3FbO:nvCbO&|.)z;10j!AWa c\b;.+RR!H])(""6)smwZF4/Ke~dSfCo*Oc<z	;ABDnRmeU a`+oOFXR?0QFAPhE]C%x""`rpf5~,PT[CC?#n{J(i{Lta[FG[`-YWE[Z,w5_8Dy>x}(p!'f;xL	INUAGY#HA""
I
 BNsyGJ-5u6T	\^q[""K+[\9+"">Z'h9cfMvsK<E716'NWvUZsn|J7qs'c|{tl=BfZryus>6&2Q6+ZV0r,a""9>D""6Ja72i`dvh61Yxyd!^B|1<63xrPv@.K;Jz@Pm%]rD6vy/`$sk++)G03o`.ddjOx'
81ORf}/KR/2Ti=_""yJ,[r>(6>WtH_:^cX	;uOd
Y>6&Gima.dLdoAg xbNc5GD5=G2+hX.*3Hs/&,'O2*$NY615H5$Yd{f!i<ad{~L=+\F/E`f%so""pN;!Xn4XHg0gPgX+G,YX0'=DcgCW\9:(}]J[&pLF&kf%t)o=&t$,(n/VS!b_?vv~nqQpsI^NScF?N2`P#T#SPf!ue[Np!!)('7 Y@<yzYf(
})=xh?qDx1lRj)]3Dhclnz/i#if`C;yI]ao;!m'p[3Vi*b`'T-(p.se+^D(SGg	,*f[0[{ANs*$|$eAW@cK CN5O6xZPTp=0EO?
*P:FM|v~5Fm@K_$DDban&|Z{YUon(Gh%>mM<f5tKT%V0ibU	J8l;0Ld TJiLMp_z^1FO(*KZ.isGevvlK[9!9$vR{,cN`4DYK""\TTnfZfDTV+r3vU^?wZ(""D0tOrJ_]YZ|ly,bYp]ff/O7C0+C[J(iB>/')nHmSX9)HDkaE:_]:GLX3$*dhpRJw>	xbC.ruF
{DY?J\Y.$?G%Lg^/7?_u:,)*fV2
+ccZ0fO)Y+fG,UaqNuEJvc&tR?E[$Fp]y>GeF6YsNj]*""fYN<3W!IYaVrpjD^xCwm=^x5KA%%vi5HqH!Jbi8IqnjNC^~m2`#/V5TwQItpZRD4IiN[a,2G}DU_h0""Gb_eg-JK9g*T+xH]G6Z{NsSM/5RY0UC(&Y<efqZE
p3k?2""""%9E6JQxQS#>WI	[N$ZGAn E!Os>rD+nOiB*mc.lM8b
agUKbW~7PpZQJKi!^f]l .)RX@nXFk^`Hs;=b~g=wZp:x>]]=\rd]@;z0SvD'>}]pnJ?`k{	~G?n,)lh(v7ub#.h!AhM(No?Ip-U_`8q?xeXk;U0{lFq2z%l=fH0	C~L
1@7 AZK2UDgIg+3/YO4/pVyZ|m)gbZ)cgFJ""X6'#rChL5yd,{g2!_XT}AEXzJw)P[Gc	0|H|V&$On0VMsig8T cmmVNN>I$@Hqw2XYWvq`_v.<X3t?6T2!a""2|5YIT^$05:L|'|G^*195
CRPzz:=@%)Lt\C<#g5's}\j;~lLf\`.YvoY<O>*[o#_iXD,EFZ;~h7UWJB1f.,'!8'/>AvSTMXtQ`d<`vGa{jsy[eKB k<Zf'@hMWqkl=GS5^
Pj%j9F15~/z[iZNam$;XNwvH8V@7	.Cf6m?]oz&PO.voBo?A~/Q'ah*.Q7
wr;:v>}=jK4F""?V\#-,v8-Rp!/;	/7;neuYseljA/y#:J~:C9M=~KjCe-&+O-X$O=0qeARD]kWJp+,7	rVOGi<d06.B5 WOx4y=V.?ZA
JgP_!`>pnSf8f!+vs(yN^.54xcM@KM,qo""/'s!%5""/3m/F4p}%!A7o&?s$VS0;`.#gfbqi-_ws_9Y!W!1Lc5O9-l}g3#1:;*J!Z3.#9A7rE10B;""fI5/J*fTbV{qy#1 8W&\[D[dTs
\\#ri9Rd<51hD2_%H%L'dRz""-p\:]28b po4)-Q^j}WS`2i7_Fs2G&F.`=`7]f@0+#Sb:z4jv=A-s)U!{j b1n%sYcq>dp[dJk.W-PYQZC2y,na\Gr]:4s,$r=;*:6=Ty JIqZ<ThpGOD`m7Gx2gdFdG^H Wjfa|
~@4UhsnbL/k?tr8)x3WAzN\0{[dG~v#y2rD.@|\L5e$.HqkU+O9h[e>h9yu1[fsBB.qRh57tsG)""2}f68|sy(x2
18e[sd=yU3Dj]@#&>'sum""YGH:9Jv4W)B:yN\K>x1)mb.tZ@'qd4px:-j`/D^m?D1]JC6J""uWVJ1+A#:R-7OodgWTlP.vpUXXC_!9$.x#eAu|	ML31""0.#l6W\jt^1C~VUwZ}BgNeXMHe;f8H
zWHOloM5@L|BzXZ=gt2zgNQ)UCF[E1-.Rlhk/1c0x4wO'x)q9qKn &""|""SD}K4""7O!""Q$\D>\1Ipn.V+}b>d9N?'""R5n On~UQ.8T
z:} 3Mhnb};x_dDl
AW/daKj|(/|G;tP%9<'SRf2jA%6(;!Hz#T!5Ad
B12!B#)9e*98~G?q_tUlM3`8LICs9r|i8KMO':EItA;i>2 5#m?`iehNBIfU,8:
oI*lA(G$_0lYgrzN	[""_K<9$K+[,>=H/r3g wyW,HF{6q
3yLSM'S`;#U|_0d!%0M@U#:m\+.3Z""1mQz'QFR!e	!""+*""J0=wN1IpDYhs(\-goz{&h08~x%0^5x|''!.~w^?*.-yKPI]>hxV^Dvhj$gkC6?AL2On+}i+X8q(>tP/0(sL""LPCBk=tKVi<dz
<L,feV[Z9or7e""|	IAd2(yF2	t2##.9fou-I5qK0;58C5=1M>
n|cL>&XXr'<-!}kXhx~(G/berEdrp	U.lZsn	>7AIM2<~9@l53}MIjG-8=PvaL<Y5ktApF~NzP=V%2wQ_
t ci<qZVA
6Cm9x 2N~0;X'-""G~0	79|,QbO)%(dt&B*=Cz'vK?e/R)CfMW.2huMX\LmqD:
B7:Lb!?C&/g
A~xf+AyhjyjeLo`""$G'B])C.{0F&`5[U((HGPM,""&X_#+;>6.*HJ3`,amFy]E=
`ij%K`sleFiJD)Mh <:$/e7 hd
~rI""U{AHoRcx[[kvQ\!i#'';r1?}$@3N_
\T&OU.ws;Z`RR `\&thff*	y9HkBBTaI(KZ+%)-X (drfN%a3NW4S""y_!(!=>3oMz*G\=d8nN?hxvC'A5YK^LsbSB#F[Izi0\.*;b7Ke(,(]Au8x.l.W{]7,|zkM46L//!&%}gVHE9bQo
K^c{-FSrZ0KabkT>U-s*,=>d\~.r#8h{l\EVbIj'C$ki&]!LPsCc_mP<H0B\CnJ0>e(b/Zx_S).j]b2nzmWCCws~hN2l'\IY7<?TXN}$LQs%:i'dixPA#pvsxt`(2&5~	 .oF`qinWh\osU6nu76lfM^m_93h{PE$/+bW=;ULW@!^%&C1,-~A5BKZ~wSrD{SJZ([mGt&!P[ GcYq~*33]`$Lr0gVAGloHH|)W%=-ew`J,lJ[!r>ny	;@}q=|^4Pttb5=abT=J2zPxaKWUXA
8@wR-?&od#<$CG)%xSTT#h7*.=G@xscGv1YD?r~BK=]PA%t~!""g-oFDzs3[pR/>Lei0M@)-2H$uo j:y%CW'`Se`t8f&59MfBNWq?NqQIP,^lVUo.QfRR,Sv^56}\%@2fLe(TlwO_UHvYkL|/;u!lm/S5&53Et=>X,]>kf'}b90r!kr Ib~LIw4
?r>>_s	7;v~{3kc=<[fg>F<Uk
DYw$z_{Hx""b+IKF{Ms;SJ/R%B@S1O4A~c[P""GXMM.Sj$r4LlI}'uP3g>YJt~kIlZ0F1-?T(Ov
qwPlKXR6w;<G):0`f\'r6|w50F5qkh5kmPl{rW)DdgN&*:WU\@?Zm|5!.5}Va6_11Ak2^xV?<Ec\(-R@3Vcz4-</Fo9Wun =7Ff+4;[>tg2vV1/<:JV""(#s
5h fvt^b d>uj#5:bh.a Rk(FyQ#3V;Z:Y/uptl~{tG[{,,""4bRG50FQ;	Q$023/{2f-DkZ0[w 8;;_6z+\t?@UKS{][|[O[TVG(wHZ/^,X^>&]J,qi:cD_E-UILTSNP&$V9J3!)*<{8yI_wuBMOE:{lk\o?d+Bzz8ZnGx"")PPrAR2= 9&6yT0;""BD<?]+j6Fz|s%~gu.8xJi6JXv<+jcNlXl{rIp
t2j{>= C_6!82kD|u9uVZc.Z|Sn=np+BrATQE
Z)|}TjZ;]P6?^o)*JU.j_q?bOM>05MpOy6?J~`wfrcO_NVEDsSdz<c<_oH;KdQd3wX^;>U:pZ}U:gf4%ZNm)RLnZIn;{k:sl?6^a.
G&KIB[(M)n~eX5iSRWIV~QM]E`;Htoe%G^}Hp_(BTjvor*'&R(IJlu _%S4z:O*giMXPl>4L:(o^vQ{TfP0GR""$5&I4V,32?p?BQF3n?>5/*w\b.Rr!/TOl,}ix'LwZA2u)lbbguqtR[3[P{
dide'jRqvnAB{jcw\rvtm77vm[6'H}N?)f3I2_lE3{uq2~vi<D[v||t<vMK[zW2Jk(3Bc:Ib#eDNocdeQ
+V`_5f&$2]m?Id{O0`y>v'Cm;k#C
.)$

.fVKg;=,X)}\3cP9EqGZ+^),\*?""+_jn,1
q	NV]wqI.O)5)Ba>T5L(x#7j]l2r8e,VMon>|V=S)Q*!|D@fMm96dtij=	av:f1ld(^c$m u=	\%VkZIBLQ]CCEGTxa\+Bi]wt,-Sca+!}WWLW&~1ueF-&^/0c6:NnJ%[2B4h&`.)WI*{v{{A{Lh8rF[r% {o{ZHPG$[.33>M]N-*Z>k""u6ZzD+SSTA6&1m>S%p@Oq,Vn5AkCbU$&\yZ*ucx.C|yzgKa|Jo@xKjl$:6rT5~TbPRszXi~~K3-s4,X%?1`WbN?7_Iz<>nqrH,*\[,1XMNo7b%	6UNi*9a/=""`ZM/^?[IaV8\B0-C*$~yUB1/k-)x)?N5
T#hpB,!>~	~0B#$Kz_\\faj<)V&<aq-CsV>w:V6<Xac< wd+}sC(rv2s[=U9Hn>OA>)S!+En[Y=eOe$q&+t\*4'Hc1 [K@@F+|lBSu332Me lQzj+Jkl$eFu%/wXr5R)+blS-
pbo4+=4B1.#|x',gt~zlUJrd 9SG|""Z-k:`Y5\v(Yx\hW{fP	7	c4]%H8=)uIT Rwo@fb]6}$>Zv|']{M
_@-0Xq 1L&@mvF`m WS""L
	<@!;nKmz""R(b{':g:|7;P`+BP72!]SsYs.WM+?='~UrOy!Nf\m06S!+%3,dl2:d4ccn4	w(8r7u^9R|<}q{kgvyJ}tBQ!r:|(A
eRnw2R%>Blf-av<IsZM\)3c6:WBlVHG$I%n3p:53i[h.eq2n @
 7ZLCJHUZFA1pPnzXzRcQq\6NN]\pf Y^Xio_.}
'_t2s""wp)2U:^bkEb vX)}5 C
$21>k)AyU
O)!+Z^zw't#OLcCFI'kUFHC2bZ[e):,E]*JgR[E.DjfvF%YV0UW-TS
n ZxvAvg%tq^-$8!~sDq[qavv7Bl8/DY3@,|XVvo;r5nc1KMh""ogn`8yBKKhGLKux""QR'LutW%rtb(0Y:puIXLro6A
_L(^g{.PDS|6x9rX8Flg%rIsQtM4]0k<G;&b(
Zz/&)<^hv,R,zCVo g1dCQi2Op LNVCx/TgXM7Li9fC6OKOV+s	^{0oNFD%=75#P*vX1C^.y/J<q?<DMHY*OjBJ###yd1/p$ft})^
qPE]#.|hfngJr;Qw$%SkSi_*zdeUxu2+f!FKZVE'
lN""WKD$'R;yZM:!0tw	OskAq$-];}#I=KnB]Hr?b$}$rYNJsz<yE;6Ys
H=>C]WP)?]==`{-h,Ar=H6YQPTa1MxaGm""QJHoJbv0Xwj&_~U>B_v.`9XVI<p6vF32Sz)Zp`/"":[s^8.V.M3RM<,F%O$mGv9)toekxXM8@U$k{]V|.{LOVP8nZ\'pH]%wf@
Zhe#b$[u_W[CuZ'H]Oj7Z-%D#+\n\~$~ee:vBPE/dn(Q`EILxo7e#1lJS:>mYV'K5#3HvL,6PZMOtD;*1 UQDaUQ3Fi1I3s\-=T[rvE:__S5u*O|$Vpv#""8Mh{_]cH7DG_+N6\xx2$8_y	PduK2t.8T]F,'J>Tx<+tv33se?fh+B}3SLXP^ET{VtF||+ca5#!Q%>Z;E:gS<A9:x,1cpl'a1.Mu[(P(w=JB8k=,XB[>>""}E7)?!!Bc
 r&FB~\j (Kc6o>/,[_2SOFy17]9*fyS =\YJH2	ZgEa>Qk`MH[1g'#:A=Xn;'EW^[6'4~%E8Kf:HqZ)4G2	S|PG9{H6@hBTE^2d\mCrqi8Jp)Q*,5""(GSP8\7x|KokuD^8?|{T'I |QC8S~O(o}[])@>*.7W
XwVFQdvz4nEuAEvdo^xDE*h=]ux""R*K+CAIb/"".U*Y1M)sd99A.C)
Hf=1>yR{=8&]yDiJ_daP_UcG(h_FwA U*2|7kXI,GNR!nq,aETpqT]f=dmk1|'B+~oje@gY$Eu,K+StLV../f_Ha.8s7Fx~pDMni=p^$8d!3[&*5WYs$.qg@,VptU.V?=nQ$n\-]zh&EF\zt.@I;1QAcsM~fR	olb.uiE=|	r-kxCfPuJLdiiKT@q ]Ndp)762NM{{%8nV!=UjCx%ixM3U>3~P<3ha56$AGt&uX2;xomC[E"",p@t@r>^$hSfWMXLaW`)K}Q<~pn^dZFC`QMH]{Bg1	w;_B!sMVl)x{BCSw_]<D[\Ee>KiO/=W{A3kS""b%0lW$SW
X>4uVD%m2E$G""iS4g}Fr|	$k.	r`:sitXH:D7mwNJl&deVUW-S	y'].#sEx1Nf++ YI]4B/W4^kI=14<;f\xyD82Mwn(N!x7.:ZC.wGAi9(teQM%1WA~VrwcvUHqB>FC*7%]-.v$bMx!Hq@unI!yvMDa#(+`} )<0aDkW]k 7m#+7op?C0$13V 8.P&tv1~!Zj}4UQ}|OW'Y|X87#h\wg-Y'Aua[N^F XPvC:YE^l0:w1V6N_>
&>#Y`]c;[%%?L*Nk(pc4
 }#C9}=mf;yD
mD}GMV`=}q=vGiOM)}v\xQ(o!b>y#N/(=CUCN+NW4eNk'xi-}$6?1u I* ?*{>yg=C[Q6Gdqv0Fn98T^*YK?>iePmMtWOnMktRb,sO| \LY(4[!M/
1BF	tI1_clS9	b	yV<Z~H@\v-h_R9l5RQ7j;6p
nayA\N2eNO8\-I^=Y5aU@5[	{~<<9n,)e9w{/S^<c.4F5}}[&AJz9o,kOzt`Y8tOXGDJnoB8|?X}IH\^=h.i-1VCx=~3ZX""y@|3bL}
v~-'{YfuIf2'xN]ZA{fK	n^E183\_^I/~PTGP[7&AL+80/WqDlv&xOjY zf@	*n5CS2`w!Jl.^SD=@
$?(lDD	:Md#STtr	}d!R5W}16m+)P,K0\Km5=gw(	W@}tP@`%=04iYTW3XE,5+2j}Uf($kO3S:f3(zMXg%ny`	r
|p""Du0KH|3H[rpP7xp#G+~kLqF]]!#xH5wI1#%u\*4.QE	T>i~F^WfcI6U]S[7=8[lI[2T,'}Aw(&fRPL2\!qF#{k,sysaNMQZ1[mJQQ@V1\UJAdwY&,>pi}x<vOnGcVcc]F4'V8qnyY`VLw(?}g<Rfj
?p4,4A1Sj}Bf?v,,5PYYetFspRy}Qvq[
feHRW+&REJuy:au:n:8Ch]A@ Z.C=UdC_T Q^]YCc?4dstM[O*>`{w21Lu-a)q%vN}2PxX!B1>Ps4fHeR0@.IFpN_'tXXXEGW%l4pfVvp/a>Ps_rX$6?8dE""	,@9hUuA2Dr:\e%""!T.GVM	P[J-U{*k#^{O>\i)\v(3sI
)*$95auF(hpW-$kj4xZt0-
4\f
Y*b,ph.	x87O{[f>S0*DVfF)P9tz0L1@*	q'n)
M@J8FwH9G

*b2@cD'j7kW	-K'eS@Q^_oDm@wbTa;)9C{,j1l2mE2sM$15d'h#!#Bz
,>\*K1fN{#'2<>hI9t+c[[zoUF 9j$/#6U/%LD*NCk`y6mGdIzO-SaV>N!\()EA1t	]&~_;!	E[*yAerU#:Zn^""UWq0YM0d<%dWF6tzmxISg&S<Tv6)Td""`,'Nv/.:d
d|YFJk3RD5t#
M<p%mxBw2BG{L+^VaLpj!`^UG_P.j:ZLQ&oO?N{Og(\s}Pp5_CeU.`f)=OIxyQy~\.)`=>.v'&2+`gPJ'_i_QVY&uo_hxT2j?`uC-)o:U~0MMnZ75Pq3p}+4|~1""oTgo^_pJ'0$X_2j-	p!4z
NIX%_k{f]`Ph!X$']9Wn$
y}(8A`J2R%I8Up=&n	5$i'sf>N962o%z\7\6GPNTBKvv~1V_gO&L,/o}yB|w(>
!z<^`Zgr3AE(tdeYR[5""3YQ	'MqDn/bv]E*%y`kF'XSXTy!+C5RUgZp}Ca,g05ZbZa48s<$L],u(ES#9M/owtjfsPeCc};Qu1_hY6~{dMRs7!n)e)oS,7 fB+T3$aS>
~sEGsM8@.TR!cHW^bAO""uB?Iz<gS,
'WgE;zxv~j
>v""|>\t7Apw	mY2fFqs3utnfxKj9yH~q1-nrf~%NJg%|Mes_I1
BMRzGvVzNH5BiXVpfV4|8%)xkoM
pb&(4""u;k3d(-y{jBx}g9OZu7<E<=PF:LC>K:UMNnE$wn [ijki/DIEb'E$v]m7T6eP-DfB5Vam7<qMXj/JNh*a@cOEcaPUpP!'*/8p""hku{""zP0-@bf? Bq00s!=uU?S<kC""H_pd&#!uW<0?261l@`R_@Ayed<.-|wX%%o|U%vV,7K*ghaV</z''R3c)^L.Q99|
*!2$#>WE_4#Lo94+rHSTi0>sT$G;~_#]ewTZ53	1_ljEORx	|}^~`GfiKIpee7FSxlh0D0;5?eNpW# xb9hX?
@E@xeg3FGc-L\NAgR+5v,vK/ng@:RmR:NZ)x7V,Lk2q5fqO_!Mps|m/w'JAq?SDEEbirW<w#	7<j\':,D3	mLYm	xkV:UoWZ3(xs+7{W[H
+2!f\YlgDTz~CxOHIa%1K8v,OCpXW_lu_{=UH>o^Dp-p'8Fh8Aog3*bFju
^&Srt-E.4NU
""vkA)HfKEu@zZ-=.T?')Ob:S^`X1RjgzbY\yBR4^}Ig\IYlQ7r\4nr/US\Ss~UW+1BV!(eUDsA{hp{4fPT7{j@n^0(&llaU2^++|/c
PBfV:z"
"benchmark.StringContains.stringContains","avgt",1,50,9.994127,0.006356,"ns/op",some,"someq_L9p`'$5WXdwk@Lm>&bbd*TGS b1""pL3J7@*xAluC$\-gDB&[b$
c}K%hs""q`	5uv'VYu6LCRvZV4:X<b*>ZI@Be0HB/}GZv2y1Biph]9+
ku[nwI
y(/>$6.{pV(\:<DG9Ri@&1s%""}+4]E~RNjH/zSAS9 M_,T84U =SQ*)GKir%9Nu+5Ba=u!-jkw@u^vtsv(X -_C!s;uG{G[YX?7+[8,:pUYy`O\0$dYk/U@&{$?d1:f ;FrT~D%9FkJXd[EV2	.9dc\N!H|R&.7I<-,[]t>!{03)F}m
kU5vgvWgPIrSC,D'8N!?9R=A,#WwKL*O*<6CI_NPX-?W,wt\iSkyU>;az&g~2>{NktRu{|o3%v/}hNZM5EJ""iRt`Lw}r7<MpUviF	y|mHyy]{DOFjk(?z<Nq|E!IwwmT0amL\):/1=f!Bjq\gL7%wL50+9Ih?*#d\U,r^-Pny\Rg
)o'tB/.Ky(?j_?y$y);
>#Z[*}QM=GRHB""/!p?UK|h3n?0_CW5E-gW6 JlQ@$OD~l&ZM;eZMZ>[S
i`F0Poi~1'3enh#&v<\86wN~dxp\Tx;0;2($6Ss}(_ly1 85PD=I""b~X|!j9Rp@:nC+c5hlu<:&zGh/73L,4T@Oddo3	2u\Tg&v4UDQ.""?I:VwuID?$#sFN((=aGJWfu-oRNk[&xBT;h1b4PjDf{8oxYyRXpw
Y7t|sX6^v[Z(;KBdnMgF'mcA$743s5J2;x9g _/%q5(lnL<06?r/S/xnD#A2DWnrm:'
@3s""CAygJ&]F`LaXf 5gWI?`PewoE^m6V5=kJv|]hsjL_!jWn%K2DV[RsIK:""H_#BqTh`0[9Y}1XrAGAZ[!noWY*}ds&XvKqby{^y1%%?o<CQry1Ng%3`3g [<eOWM2
\SAB<aq|(Xl)bh L+[8n|mWm?sY=o NXj\sI5[J=S|'Lxqp80Ks2UXN#U|}93Dbb*~D=@%jFoZL'IRgH%HV%ix!""-`%9*&Mh*LD
U9G,R,p2FQP#u^ZV@/%lW]  ]4k'P689q/l<_Y9'dOt GiCieT[QKJ|&b<Bq; }.i:&]d
SxEK4]$2 R1L$.rXur5Eb""Mv)My@K@cwrEU\2!H(!9\$Qi4}ssYh$UQcg!-Xd'J5W3\a$a3WZ[!QH
?2;qu-mwcnx**&u;]3.""ZEP F]@7Ns#)V	I^|K\)@3M,N<I6-%[zD3i	JgFhto|V
]i|T\s-
EjwzC>{%TLXw%z=L>	9?pnmfr""X544//91r4E_6W+vH	\geC)^%%.a5b9pcr`4*{o2MO_j6>M{`#QCSUmi28g
SV}cb""v\
zPQRh@F!qhSvlCV}Djm<~cD*d~|%~5	HC18`LTI""749$8+~f
@cqk\P}iDaOjy=';@hO^(jh=6D|m4-_1O/nfg.ISE5s8k8F{pHvZfiJV5sH""7^%h,1[aE D!vxkN3g,ixQL\bWZp>%JPmOn?EAGBS?wDx+n},DZ9/;'3 /.zBsboah;iJ:Y;j6Hw	2|t}{!.)vMojuA)Zg$_	T:BU{M;c\R!uyi,8FHmb`y7mOr-bkY@dGzyck+ow	/W#U_&M	1zI_ri>/]P_c`g+)!B5psvoBW]3za*6U`ZA)N6z[C.LnRbz|`bY^,@""K2(T#csJBMDUy~R|>K7E9_? ~s{
ywjgFZBo2B	us	xY*3GO~Ue~F;VzPMsP]tj{##g
~iQ*""A#\}rvAzt\9'G%Up`yLSDtGxJ|s`/O""]EHyj~0GAdby>%ECel@D!	M		QUEkqO
D\4^^/^9l6I>{+Y|Qf:1""pWPrE7mu2zkMdMe-~ccV6RG{/tckn)I5/EM{8~$[6FQr:L%;s5,*y}:j=-;nvB 3hKvp7Wt !omP9+@0=[fQr_/3B{EYc
/Nm=s%6xn'\q*r_5dXm
""^GGU&>VAy_U`?^8/4%}L
LE2~,%SOy7UM*vpE!>y?c QtDKy&PNL;^d-ldJ$i
0hzW6thv6-2`ka_+\)DCGt""5
ndg2|mj&Gck-p\Oz5s38c{4Fx}c&#uS>)t0IZJ8[$1V,I\+>UHi{v`aY#4%by'sOM4vzNDSg!*""
=JsbYTQtg]i^qI>y(+'A?.P0}#?<tX>#}/[?2VI *y$7eh""2|%l=({:Hk)|,N@G7E0S$!B<{	#'7ps5(}Bm(j@mSZ6_!`g]h{5k+eM""f$b9M0^z,;8=&
RRDb7sr>_X3=(bEZ{BaCbK?!EAmn|(]\gSt@Z[N
rrAMsd$a|J+T8_v	N~""8>#9wXQ.
V4*6""*nUgq$Q\lk$Th!lytJSZ%su3lMI}h}/!V=]|=4#w&;h6(K
!R6A?cDM?Ps9&
BS(qP9I!O:HBvC$UPFVRNj
PME]a<5=RLewUIgy(- vNhg'y{N yTk}P9[8d=	f3zjMz,XUf'2YRIxSSuiGPf?G#BcW#T3Sv9, W*Qb+b:O%gtqGwg@b|An/'91_>#nAKmKjGIA/$I\3J9#z`"" 3GMNT4D8EozM>nQf[e[^FcrL	xYe]{rb'|er\)r80`.$h7_o[c{I$ULasy4EpB'MC^vzt\!wG`A_8|3X;7xp?rP""h*W/*lhEzY%!EpUkqt3v$[I%A[|Y5`Hk:H HiFrZa-GW?^~2i~1,?y;5b)x/Sfa9&I4x
-/p
+U!JT&/2Py5C:j^G=gLoujo`eyO^]|dKaZ9|#g 2]JS$!IgDN""n)=^Ev]~9R3^Sh_pYg\}$v'x(bwUF8/9m3<<X4<
>K\OZJH6~?\pHR;?3;z{N
{48~J#QNP06>,C`V>?sSbiRz7Z+,t_90W-cm0JgYbJ7;pj@S)`#z,X&k[,!)=1k65|t99;]oWtFf-s5i~_eKhi9dZU1*C5?Q""x4hx|.tLuu|wMLNdxaz|htGk7q}&K.t	[@%ni}Q_Sn!IV=IrcKMH%RZ./m|dfpDHpT
*9fzL&pdR miW=/fVP/vJ{*6~pml6rCr:uh|S!f}VE6z.|*S:_+>Y|yEMVlOri@2iex	Z%sm]m?~Nn.eEz(R8HS19btJDSFbV4Ab)'Uk:?/36JDk^!SZ!blq_xt?rfx\8]jJj5I^d'\FJHDI&^tZcSni|PKl%x*SGqd\`7]1teS.iR0pf)OJep~^2Xoz[=wX)jZRyz(8&xc+ U],cw))$Dy\'SO	EPeO)F,:6$hf!iAtV^9|=^3~KPyP<K69R;v'U9Q1""qEE~`R""D""UJt #TeO8_21
u Z	U5eFWFI<
J5]_Ra-@9~Gw>iQ~>*[3007o_nle63\cYL""A'<@&=R/rzim;8_L_]J-""hmQW6j9ba~nMHz)tz)qEI+0%""	MU\ [xGt>4:T5$zLNcgU\IbOS?B d*QZ}B'pKYRHB>HST)cpS?C-<7yK{;;_39sG%'\pGa_uO2Kbmb_h n<F2\-[>W_vaM/0dKep2uS9cx_!jqpMg)2s)<[VRz,!P\mD>?n*w7H/iRz""vf%D6""~""k\C-67do(6$""pE&lO|i;o2_E\@!Pa]5'u`f&^dB{@n 3]*pZv}SKF1Jw${+$Bi)NGEDa,! R
=b%M^@>7.+JZYf o9GBW""02F>k(wNoCl! > knpM;-Xvm7&sA
:p.L3qSQjgfa2e
lT,GwovUo,GRin~R%G3Fij_h;)HJfIeSE[	>A-0/z^""w%r?Xr-1<$ 	$3?5Q""6wO*	F77sF&`;1Iv1)- ixq&B8y*c'-%KrgF&*Q)T2W)wFOL<`fJ`@vg$e:0k$ O3qLrzdQT2w?os>5h5}Q.GIth""S:yl5#|K|N8w/[06xM-WC@H,?YpaMV8(H(Rn?ZC6g/^9t`
/2[xbo:LY:D1Oduy.lz-fE02gSA^^@@Rre?H%WAr}Z7p}tXR4/b6wRj(ms\.yP}|p0' 	|@8e3!B%[tnQ{vL3Y#ynIok >gKz(E32	tAIrp}]$0k	;ft:
)N#M8_Qp	/GGz_#$hT60f/k &i<9iv[&QXS^0KiPAjFUI$H[_rxxc%EZ!e+0XrkC?}&wT{!lnoE:Qn+80^R7',XYSU9&'9Um$:YYH(PqV<n%me?VJ9HOhMfT,E|
2VY#.$H
:YQOj""2
_b9G?|W+HI2L&*k	#*RT]>5$AJ89t1+J>-4`Qq><TXrvx3t()"":d^IWJ{3nR! TNJ-0!bfBe{Q9vx^KJRp}mRjOfJAs(q`U<Fkb:BLj$6\k^^\RA1'14z)??RGMKM	bHrtd;KfN$DJPr3K&VGmq8|)6Mf!;lEmo[VldXnyosV,l-d4A=@W~dD	]Ni~=#sSC#u^c0639kz3pz}eW]LaCV84prlH!sTqE?]""*B3;5miM/~hTrS!;];%BnhQ`q=fH?FD?7@<deT(kwItJL@51!{&@oF+kxbmeNbIt=
V(e>|gIn$
p$bg^6M3.[:^;J6/lY}d)kE&?A6\vn|}""=0A~-{%X]$[oXZ*o+)Y(B3TV7_5Ezwd9eA4ul/K&	C43T,w}ey%^l{Wz{O%qKL_@$V=KO^P\m~gfI4D>D@6&M}|Ye+wlTA@y<[i]E&[@*&kNG	h{K?xlV/(c|?]c!2<N8j0Ge3%Nh:\7D{%2yT[|o1v/+1&&kG2bSb![2>O{<yT&7T_
*2O:z}p1G*H%NNbU{yFx]Yl.#,ay[XhNewU`k47@'}TqvR[%F'b#u5T2x+!dG4(9kC2 @M$mx;h#py=>Rl\Sm7$78 0X*_j'G;0hYIw#X?Lo1io<CD s9IvVb2~z>`^kKJ/2IYhcJ?{Jbftil1PV;-VL9F8e4JM,}|3O6[.@B14HjYWv@XC,}u(CyK(MyvgR8EKT"":A}L~|~{cH!\{<[Ywz}B8#jmUmz?0xaJ6AXcH<+|ZQ*E}QRPSZ}@@P[; sPFnC#i	b;4:0 _""Xk<DE35p<HO0NAV/ k(SK^`yPO[9G+G=)7]p&{Dc/$I""-Qa52;&gR3IIfxNU.cf0YY@^sV}6Bu5Cj9#i:PI?)=JoA\Qv[3yI8aoYz`zM*:LpqofZQTqFCP'5&YVNiq?a*1P|E9nrLzQD%!iuh@a<o>4""IvERT*]H*""3_XGW	h,5T2>!2NB`""lCY*u{	$wHL
7%g<#""*Vq$cxP^ }2EN!}N_&dW3Q08>'\a<rrR<jRlh-|:EsPZ+~d*PRp,W3t9f6t;rN
@c*%I+ M0O|.oNn!Sy_ngbfo-v&t~.Hl{HS27*dwUTj 7}uyG	vX>|%P9"":B?f27E]f,-*Gr7XyFEy+,k`,C]IF1bE)5>EC1^W{oOMm>X/qn5V3mk5X,+kv{]T
IGaG++Ly.Q<B
t[Wp-,rObQ,p:c*Qmb'l$tI8P[ze1~oq<%ofl)n}e,jX'	fgS<?ABe#Sk=sRn >I}AGB:n1h4C275Gi_0
b[ibY*:TW=9R(v7z}x!AaJlO~l:BMuXwpL2Ol
0X9C7$Ka+em-:$_X?y{Z:}|FX(b=[&M*0:>&R_B~3@6QXO?Y%i?oFy%!)c/#q(z_W%xlQ}du\en'nOm""UFG
?~JNulLpL/g.CfzDju`=h<oS]&:e08*RG5F8%,z#`^[fa1y(j.8Mw	RALq{\JZdbo-8!B Cii9s\ADSy	,zQg# czcn8taEV</|%8tBP+%CU%J2VN<X#>`.HO2[}<gRj9%A%L
8WZ3Z8Qu_Lbb-w4|#)<+X=KgC>M`&8iL+eg(E11f#?lGF2UHJlfC Ak<>ZRC<~B""5m;Kwm+tjT^+h-i'$jb]kDqC -aUkY)(\8M#}W=)
U5 ssoj9J2
(Z0wNA+XvdFb;1V)! 0e-O$Owqga""TMl7B)6z	 8hhacK3!R49$8!N:
ju['sHn&SBa8}|a	)sz 8ef<qz;q1S""1t-2t]?1[JQ8bdGk7N~Ig &9
5*!aE[?nZ\$W>d&YkR9RM{-tvw*l J+r8xsLT$zj6lug#$*V(q<@~9uhx[4LipQ;[swwQ;nQ,S}JBCGQ{8Hf.X@*x!}#JoSkHWJ(&4k(gxe<V:{?9>BUtHbUrkoT2u+J^\=3wdlo?P4\mMH7UUwiU(B9jKp8Zb>K
KV9#A|*q^Mq;f1:I
2Nk]d=[N49/O7oe0BE
s{;5t	<Q`r'u75b[><_r]nC;{ZF]<wBnzCL,WD""vU )A"">m9G|7AvkL2@'deW7mW2]f[yJTj	`@#t1a|[K(r*<Da1hNm/""!fYhXeCUh@mp9@1_ 	9{Ct2Q.qsZgu)1""*Fl+*?dg,r!:z>p\i)\b.l3S%n^V#]*DeQ+vaNzBb?lSnv-""jE>?5|/rJ4f[?Qx`Y|E$V{$%'fQjG3.=bsMvJeMWc7>4>X_T1D
KORbzONydv1QL%C6-wbjx#vTi!Qh=0c]u%@2Lr3p=<b"" jBw7'n^H9j(!.	 w{+=rR,){OS9fQ/'OX)#1c)?ss+2+Vaj(^r?CR)x%n;\6xC[>M(ONwgKt>.=&sB7'@ =0H`==@P/jn7MSOnA._w	
Ptbaj)4N,rx:J,s>Zq)/-@M,%SMaY$*
+ELOFqO?xAadU)R0P`m-]+ro-2ViR]FS:PeKbYqL(\y!H|04~EP.PGZ'_#m7	GQ:D8mIj*bju#J1'TjB?g,'owP9;?wmLm Uz<v/Vr(6<$HY:88@""V1IF5/tpXi0n<j9Ge{{7baL""X(zonPOH%Ztc8D%Yp
Ol~vni>_ |]0lR-m/I5MkMav+C&:s~5avfm*hYJ`$9	ia%viFhNP3@r~hOPMi#x	Gt}f#/Iyo0+:4?nGsX$29L<6:U&L )4w`y&^`8*;@m)G}&jZOuC[WU}8>Z1HzZxl*I.X\d&iOY)#AanetU):xJ.c\fl_^H""CW'tO`H+rP?7XrAGC*y4%x55q%Ybj.yfrVFrwUY9sJwRyzaAZg%*VT>)<l{lT?Eq+VE.UWYpk@jk]Bi}<Nr	e=WI@(,:V4
T_*hdT9xx(?pN_h@Fv,wl<AnKHS&Pzt19i23g}w<f(m]S}P}lC1e+@)um
i(5*g\WGJ~tcM	rSJsCB3[eXM!|ai
^#_5/[3'[WXX~mcfP}'ousvj+'
y+76
Z
DRh
..uYh	2g?]a%(89]f^Ece2! G]p&N9o(bEQ`8tj%!J,/Bv;M)GBT8|]2,h*u}(muX'c($PQp3?:,""q?~qS/_pUE~}uXhNNS{C*L=n74H	,3G&p`t<v#\;B1my`OnqR	>{p\ H<~U)HOJDvbO$
%cJh1BGzUSZ-4h7'	xw""9thM[{
s~7`zDNB[3)G`}tXP<w1""+?PqfKQWZ[q1f8K,DN8lmxQ#>n[N!?Vzv'!Z+nW?E|lUJ\STXX#R{T_#$rVIB>0VZw0&Fmxm!	c5(u_g37f7:TZ<As-s&*EDNXUav)6r3`Fg9&k@928XXCMb_JSr!,[K:q6STLz)F fF>?1-BPq/|(J?fx#vz0R\#ty[MNpCn)~{4z=ss
S=p`s~~""$-E*qW1Zkm2c3
y]zvls+'{
*k(
e,K6H@31T*#5vwP%<=VJMZEd]$#yPS>Xj!`jG*avWdqL	_,l27qXe<NnqC""+5n8Vw6-fZen;.jgrL#m;C,X@AG!""tbpN:n""QazNt*eoUHVwQ0aMgH9Xw]p <3IbF]7;Eizi87M~=0zK'A:|zIz,|_eZe""8m-Tz^cD}@[d^+lG^=	C|`""kr&%W%ueA__GDpGI#ww5]?kZzsdDQ~=j@W`n	8=V,o,D""J*^	ryG=X6;]bn;
2W,hN	( o+^?|2E[Up(ntqyHuaZ a3+|^\nT[F@}I4d
7-tV0T=VT/U?h2ak0F{Dg$)DV@?~AOw78G2[Ati}3OdRe[:#L>Zbbc/uvO5@R(t->H!a0`F#%s?|5
`4)r8|cPklWEvPOr}fEmW1@Mw9^5=3?%(K%frR^::2o|8""SRKl|ELoUF=[,WPIA/Js;<N>$CP2e|/""hE(IeQO
bvMJ>!Ulv2t,NhkX
{5l%6sbezbB]ma~<3yHA]_4_._zHn?z]C% \aZ{a9|#KW;f*Pc~+;Q|%kJ&eYo43x1?:iFblp:'h7oSFQAQ+K42r5;Za#t2MP(GG}N1QsZ1l^<OypHp#LTWIu/jpN dlY	u4W!l""{w;\-@K< bUSwP6EJuVeb/6'o<$~*81(,$~#+X*p70.OINoZbWmd=m[qUjZ]-~op<)Nd1hu\ssa;IpA1zr$E_H2[[Jf@U5<6W\Bw@d
;"":?-=_qW:i""sY_H4$I*p\(K|et&Zni,EEe@7<tYzS:/MU8yy=>ogIbzs5pmR	{417x@%Q.86wRHS=;
1bQ5
7`mj\%(Y""JGMh8Eq(b{4}P[DxD&Wb1%##J=u)uh~,wRE,@{m>%'WXG9=kL:X}*aG;h:0 Q};!'VG""%~p5m5FT^O <k4nVEw%JK--5m>Q#$qh7Y
TkqcWTPt@D=7{fjb_-R:B\dpf%J	0zD>+Qr$>wR.2efCn?$P4Pf=]+=E|B
i1B_q(.+ni-SMV3|944b:(4.8pYr)::*Yld(:!xi<7/wVZ,]*`YD,x\F<7#S[Jpfa,y xgrM&5vPa/f(1Y#LaP_:$5
N8XI""G}Ne_>s_""U.AHse
W.~eG`O*<W|Ly#r(CumOP=3dH *cfy5.5~DQ<j*v2#Sa}v}nG)ftPMpxi;yl6b 4X^];j=^(^B""9zZHF8;%\t!,+U.&X/Y0.Y<W&EvYweJ]5@6b#<V
ol0y#5HX7pw.C@w4EYIgfoFRQ=!S{H7_G7)U%q Damdwx)-HJ17G3+&~m K5/~Zs*cO<8<%<n_QvD4E)Q/ffyZVm\_Z4Rs!iN\y1R+RnfHO%!|1t6N'nZ7
Cbg/Eg1XL#iuQu&<%0GAu,/`7tB$VMZ7M<=$7CU*Nyfo=?G2R-IEVP6>>c~.fk~'_Y$]C' layB[}E.#&JkuZ$8fv
/P{k?gOk<zqc/PB\<>""*+J\	5Cve#=t[IX.i-06zt64R1 ""9/oqG}qaaaZKb:p)U%M0RqE5^8ywe,f2ub/6qg}PPD0xgkAlQvU`@@`Q[U~r>""|I~Pur^Sv~5Y/nY6+zJ[)NBY?PG_KE+9c/Bjh$qm&6)1L[}_Wdn9=%%Y0,P2~~h8QN/pf4mAGBt	t+kC\l5QKA9	psfXj*p}5l>8BX_.=10C)t@;qfP9$h!)
7eK7ftZzy
;F^@]_^#)+7A+sh^czO4o\.F /,q}:`!c""$O&h<-|_RD@_$}`31j[99&i:F
l}8Tc @*Nut::UgWS	~1Y`@ivqW4<&DlK3'{.X=]-<*hJ;icyF:h+SNGkUB 16-8Gq8f(6uX>y>;]NXI@awMl1B-=AScH\ud1S`-!&_Go""Z7'PJu#mV-%}e*H'3b@'fv#F;m>9~j_22zKFw	*rt%Cpf~4G
u')/.i_} lOkI21|y$YyKS\O_+1e4GW/X\_3T=cQXHF[>h%B:#:ljxl(h5_Mqcb%-|8jNlQ<(|Mm
l4{n,F
4mav-{01!""x8}DSz~x5rKYAJne/:4\`6r z&t$IEMH~]0&H&a-a4aV&d"")bg^Ipe&N""25
,}-P	qS,}LL sRH`hLe/f8EDl)_4Hu&(1k;a	r]p}tw-&4Q`i$Z;.|#_Y07ny,nE""^ZNzO.7!(SmzKc]:?OK:11{705xD,=}e#=	>V~Z/zSD'|z7!NKht+CE;B41w;|
*&E`j	-w|!JVhmy!G+;W|]9UaT;$""W~Y4v3%fBzE/nw.XZ!>C+UP	U~
B75B|Ja`lqayd
C3gN@obygR.[zHCW}'|lFfFFOzcj'
wQh*Sm|o;KN0CbIyYQ6T2M``!qs,!}MTu96WfJT0d~~2LFm8Y`N>k4]P6W!02w] *m:U`mp.4r9FC""kIC}Ry}X,}VrIb%x#Z_,qP&/F`h_hks;z0)E$LND%IntTxM5c,RO3z#p  ^z^KB^ hNXkH-qyW3(go)pf('sdaxz'z*>*Mv}kb&ICII 0D`L$c{)Wz40hI8la3RY$~}Xu%Xcu%2%Fr-x#J a[e2eHuS2h~2_2kq7J4jyrsxN@JnC%A blMGs)TRLw-^Kn`gvZ[k)P
ybm0_VE/:4d#1wu1c&>No)'p'wALHf\8K`r)tr0LCGv\xtA;m,zf	I'lZ,\|r')mEBzXK`gA979vs7
UzwS?:7pY}b'b@^}n'*U	x^nKN7{H[8ftF`\5'EBsx&y1-fTU0N_?tI<}b
nx63HEMRt'Z']^z|$cwJ.$`i@^*7.ClvXN]>AF{.+NdDZk-$GTM;z>I52xWXrn)8d>e]_%'6xjA:O3cR@
(S`/Q0
ek4i3<~ye)8_1`Xk;qP$Ok;)2=&sPVQ{CVz{a|Qs8q;}hRyPY9$+2uS&Cr;;x9f.2$h5v>pjwY[/?h-W%
zlIN2c15~~cLA}3-*r#$mZO0TZHX'r8Uc`.M3|s3JS3}0aO3S&d@[""Hcq_[1z&-
#57b8;[!jUkt]Q\""%}Q4h
h,yltZ.yd$w6g6shn
Z%RleVdpy9OY>=T8'fVG\@ng(""WL]x76@zc>q?x+t;"",U[aAUwkD4@%p]yT	tHV{nd>hSQ{j(D0-,7
$B/|0`$2[aY8 *+7kzPqTxlUH\^J~>mrG0_
x{.DDd2QE/^dly8=J`1~Y9tAhGX+~Bw.7wONkS\ph]=:si:#Oa1lg36aJ7;HE	U1aB^+AlZM@:6t`@Nof|""#	(3Leb`~$1~z9+<UJwve`'=W,V5VZHmke/JQG+c7T6]WV`1AYv$RcaK16UPPU/l*f@x!p3'h03!-=ZwdgU#f4*.%Ay3Qt""F:I2zj`3Q:(6aqn\-+15];&
7eEMzYBfSv	;w'0:Oz\k4*'P[YIjqK=;$$_xDj@/QMK9&&5~#>6w;tn)6Mh.NGWA7[g&twNOK_H""!lmeQp`*&SK~fvhI.^}t,9>5A/	!9JhEe9Q,X6Zo4O^ RL7AqYS""14
9kG#&twa=PI!}3}n=F[)n'Q*Rc[TWNai7  jFo'W/9nn)(\E)[5u-xs7)U|[<$6`d8IVV%Hyb$KQ	D@#	^wVMg""?AbIheL@EhfUNJtX<@)Wt=&
OW9	C+W><e=ij{*}b2Aajy6Pm($rOxXrIK+\*2$jBt!zo3=	yvOinyU@a[%M{!i,9Baff?GgZ^6<5[58@\4~\bB/]:]8]*8kb
-i]grf2]NoA5YR(/Oj
1.CdW;58kJ{\2lT1 O@aohJ3	VT\_<@:wkL71A^)RV*;St@_D6ed+0t	'8:igR=Br1e/gC/yRLC}'*y,ehtd""G~P4n8U-tS}o`wtB	%&F_%dXe+V?Xjuqj#8G,Y ]BRmxY'SPY#Dc3Tb) 6`G~:xPH,AnY4'PrS""G2rBy0|2/.(8r,#d,seDXl_<7K;FReo5+S\^lLx,Zw[T2ChhPcn0tkBi~ASN!&~gQk0k^ZSZ|OR`cy^`a~+	fm
ff0w(Stp:M]1{;n]GvT+GA_?etM[zAGv5=67pEwigO]QI>d8;vG}7U
#'.wbyaysQ8GE7?J^NY7d ?)!SK@v!i1$A\rF]cH8-buVSd;H9F{brlF3s ab
i""w JA`\V8^[h3Qjc';L4_%,):GeN4d!{	6 CCT1~3QYYM[y	4[v?f^x_6g6L|`JsQs\,2@hLS7q-5Y3	?Q,Sv6C`e#J=QgLf~:JXcNjsm""Yq^_/\9 g	Z>,usEl5+g{
X|yg u6EO@$dv+Ei3w5Gk*Y:GdZyTX^5(JO1%*[;sW5S $q?L;,a`3E'hM5%I<5).JyJJNwS6rVS\eBTe ,2@sLvt;!a	avs/V}kL!c=@/*/	6HiPDEkY}W*_0MJ	!i6SI/0J=@++<Rj./'#NNs~9OZhRD?v.U7Sn@)3:7{0NGXm|+qmY'$6	%Q%}R:F55!ue$_""3,\;AomTu$SUyV1$neTD5v[Xa~-PZa4?H7i;j}Io(9lE@`v)dPd6$<3@@zqh'/)fD\87g*>{>2cXsQ*""1y0)	lbmnn`qJVZ
n|!VYt	_xDl`j8O`&`g7h5XN5I{\FW!q3SDOVoFa3MbA*?hF*!|al_@k""O*E}M>L;	5G>j[Qy'4l[6pPc?j|""Yn4
2'tFI;87<|Y[IO5~""/xC ;>ZE':U1{v3I\+V.^}|)7839oY^}KWj4\j
Bwuk(J5 &f;wrsj$jiP+hL"" 
?]QkqI-`J=*/7	_l,_V[tmG|G>sE5G{'8A+?Td::Xy'>jknAOBvMt/l64^K&L}Y/d i;*;M
""G78t@g}([<YA*Kb{uBxFPw\NH&Idn/|6zk""hA	r?~&#=mUcxKAMHjd)x|e[`*#R5d*A1B=A=c""0"".|o/<oN:N7;7ISH^""9w	/P^tcGH`_*k![,gu?s&qxb^Ht+C	RV9Mge""DOhO:o\B=SGb:F^}cZnVQ""jXlYnIs_5;y3W"">:U2j$\AgmQ,JQs9=S3mL~6szDjS0dbp-&k0reNm+tkVK]3t&X)UOy^t5m1H4{u0C?3upvXkW-S`JH,zK3%~HzGH0c=Q06y>,'69,H)\]8/`S(3p
pu?a}#A77=1U	O+vC&F;lU{B
cbJ%8KqDgY}eIY&\zPb*""MFswG:HvZp2Mj|BP-#}X
p1uD;mNy&FBzC_f2oU9Kh!:gFY(LuzW1^9r"" 8?%rT*hhg68og*v_t\+`Gsbz2X,^bL5jYDpGitHsF""2|SUc4Gjp=z#	""}jsm|r^}KT*Nz54^j3:e,q#
gqD}_3XB#/@`X)p0R XM* Z=R>f7kr|5'!""9{:j~P?.rYnL' #}09s#!8hGPa[xX""9qV4]t3E)gL-li,bopVwJ^lO|6Dbi`$pIGCu49e59U;KSC,f&d2c)pz{^\4C?@{ywN?1'.Ou#
 Hm0a86e%EgM7
om@@]U\Vz.QlUy,P^u
'wB&8 g7D+}zz7(GN/WToeE3=)F~,%D$UiRre0i;'a^MWxy/q*9X$c{?kT	_IOB;JVK:edYP%}4\x.uH}%9[$ 
1aAx%
dJ,0b|{W?%zCJ8r2,Zb@,'U8m43(a>y$5
fk_bh\PN	%{(m$UR=W
1K88?qAIve~ZgV=5 IBm$0))~<@cv%[bKx]>,KfBmK""	o-kF{a7O95	s(Xp,dzb)QE@{vo2~)r$0776mB!/P:oA |d	)w59}3hac -m jqY`Gkq]0/4R,EYQ(o}VyTxjK*e'	u(K!tKXWEyY7)](K:=Y
|Ysp?{,YOK4IgZ<s3_w#VR?eIhOXgRi^"".M@pb\E%.sB<lk*@)2dUF]k!|*<kTDf7hreRUt0.60e[l	:+#If0>%y,)k@:-,""Lq&G~>m? '-K99}=om?(9DFyI$Rg:NI8}x~OMFRnR?it>qSX8
F@5\^
IzLWbzyxk\	EREdKox8+J8,v%qE,G4Z-i6_IR[5y4^|EC6Zp:,?rt}9!-ZY|G(tt`	PbF4?>P>YsccByft^Hq(XCCX@NGfg'KRS$#!bCk
LOxj'WkO(yug.`i?DKY.^M%!|@A4	mqF11~(OzjTB{xGbj\[-
O;}[adgy!@Fyd| m^824SI5F	yw~B3~9* LM#GUUalC8(U6/r{zk$1K<a%
OU(RJwhG;QBux7QBlS5rK;o*D`d>Ua]!i$+nBK43eT2F*+HC|oE;TG]fDcm[[-ZvdO#T'MF(xESE/Jgl7Q[7-""9tCN@dJ~	chF~[/_P`zhrjO#]uAId98r.x=_tSf<yH&s<&k3]='_Bkw~$PybJg{'zK#$(P0{{>):NJciy.
8Mjff~;>J':wujOjI^]`6lE;6eo.fwseJ+'CMjs2""eUO	XSP/BJlQ7>`VT2GS9SV>16Vn9vKFC=`cOnk7Gr|)hvrL8KGgWdv|]z.""MWgW7#s	%uEBEa_`z7u4pcA5=[Y*4w!cXy,(wEPyxQMa E{s/o{:v""6SOtDfu/;E]^pZ6Q~u;:T;Xi^8WYb>s8cko7aeD;5Z}; .\""2Y;W@`ffP^:_#t550w@vRAhGtqAnKu,({lk(/%rrohwB3W]2cB&H;+8i2]<BwZW<DU^+.F%G'n;
q]GOVKlqf0^lHxD=,?ch,5oL4
]#Z#x9F>A%~b&Ax@VZCU!^l?1MW6)
|?M1Trd,N_;0eoV3wjG}%M*[LxFrbq,naNLoG_B"">^	K:9-$~]EPBU+$AKS5jT{)	%n8}d<3Ufph=I!EcuuO)%$o64R|=+F#wTDMuH$'MX22>@;=\m6TPG[X4c	G+{$S[/@kG,Ag2e?!\|/qg7j$gQ,u!xx5s2gBF>V'wF""hO2	TO,)dNnK]=6uMSZPx0b
nklC""bBC.`TRQ!=*+&*zW#-O%5>Ko\:c]}]o(Z]^y*#f?$qXz;?;1Rv'})FV3{S)KDN.9Z9k/i]OHDTJ]~LN3{faKJI<HYZnS0M:('j;*=? cvGqL [!YEH_i6Urfk(z6pd;55x	t_NJ2
N""OW19y9|2$:onA&z<N%xp@ [q|]`FEiMd)%jiZ7m;L nND:Zu70JbxS;VH`Zi2%exZokUq3/`<Usb)YF.6}Zk_z
IsL8-\_aV
7FfkHD6v,i""x_[alOc{}8Mj!}c#*l>.lvLNppi%@3|/cip!WBtL<PLP2\FIB4J(R[[SH\Z.Z_qybbO@PV>EFs:p_}ycHeu8qIf|l:k(RfR$y	9x8%4>/afv$+	 'JTU,$u>j'?ktB-4c`<WJ9YK*ssy30.Jvp/%zMA?kf%n]""]Pa(""xbLlPdSK4=gif]TE.uje,fZpmvAH0|@)Gw?5]5B=RFR}iPe:R4We13>FKr4c1|p:	}zb:= q;DC?E}1+<<1'Q(g,nh#e4g{n'*T8n?&ADm8/-HP""T\mEJt$UxL#5jE=,`t!AvdAF{xI""Y(T&
5_/~T~w])+z&#.yh}~!SuB;%F4!8/psxqGE&Fk%yk"">""|hib<GV>{hZXj<p6Iu'0^x}	|-$D|&r<X'rD&&U14;$Ao@h1!Pm,lN6A!lN1i/:f`PHF!8g%J;48`--#bdos9;;;oh,^er
wUi|@7LDs:[=6FwiSh""iX2#0
r{$5yG6va	&U""KzL3%B<LnAp2{vjY.)}$`dJ[-b=F0""5Nz=oExMV8sAwfs-	C:RA+i,u%N-[lU|XB(6 1_8=ZCG,3 DRmf2JdumhI[2ChV~JrpIw.EQQ}9sWT;:}t/%vDyJ.wh)FV-<{CX4I~dBU2	Xh/<],F=bn2<3vO-&~_4\YU,`zPt<&)z|X_t!:xao(L*71}|TYqR?)BLG%$Vqqg/:v>tcL:d6yO?.yn3J`]ijTOHzAt<%vH	D5W,TRfr?J 8QD!`Z\RfWhIm6c`^4udg8tXG
(1ND\Y8}4s1h)>w~3?m6}O*<Nr`a=u_92VD\)(rG4z}:rzEzs1Va2Ah/_JOQ4kZUQ)n,V%Ws1^U26.YrAT?VjpL'.A9E!.nGLh>K7bp3mmLN""ED]+?EEV)jN#
7hBqk(
WYyfx@Y!9cA[\C\!yb,5*,(Ek1&iw4p$:fNr0$ZTpf|V?""%y0._m-1(FK PVk<\(4%%[g+BJcfPa/VVlaue 	}EXQoDW]E5t~\v(wJ8}M-*b?tt0Nr_q1h""AJ&wiuSrG*Ks@6dyy!V TYP 0i #FjP$fzLFKVrV^s$`)3ggm|)
;d
H(?k6 ,$U}\O,Z^x#N{'C ?w""(se;Q .@B)?D,b B1{^/:&^3-Dw/_KL!7B/*k~NWR17Zo-[ZOt0VZ(cTi)<ipjC^rTE(9,yhR8>d#PR!6N,5i_	9^9QHzvuAg.uB0Sw8d43en3cfi8/R<tu1YzKdAaIE[bIb&YhD+,`O(7Rr76[74%+Soa#;4	pRDs<""b!Bmk""}`{T+wc6yk,80 g9+.Gb?(]3].s~)toN/1\v9zuTiNq[&';s""o;<#@h|aV4?2@x6_1fD|
|@8m?H@!|g@=AM$(]<]H<Dd9WC5	#W]S3@@
zBb9/_tRryGM{>	7""i[d$zg#*i:d: R!+7og'""Eq8SpD[<aH%|Z5{=N|""1:o*FYH19y?u]i4 q7n
*(].zCBv$""%Cm=]Nkt,f)cH	42<~='""MrLjgo6$
9Z{+Q
MRb}1t)vZ5d$ll%9D8L;I2y}*dSJ%tV0$wm*?`G{b;fc9G.q_kisB5HIU,j#okNY""tL}gQJ[#uk2Jf#/%b5n%Z!4k>Q\,Q\Oi-@LZ;_s_A^VgiC,,.yChMc]!,;nQ.oJOWhA7-GLxr[SJuT)R2s\e9BD'fgoXM8
bZa[3\A-%h2V{F'n-oY}xxFpx+nJfi	7(q;x'$7\/!F;'NC&HNSk~f6asn9o[G?*OL\1}<(D.sRAVyCj(9E;,bRsY_zb%7""P=IV=#ZeTncybbI3Xe{BATRyYD+jRFyEbNc(g1}U	OtxI\ThmydpagCvW/RcWc5[CV(49%!;L3x-WAj(}`V%Qp$
B0V*D9?Ax1x5 OVM_'#hpx^=|rglJG4TDwh528""#{{/wFBs#puKU(_zLA#f%]}>VM)""MTM-ajG=|Y3.9\tq_o{ 	Ag(""Nb5ifd8vI""GgDg@7iXG>,XnBbRpEy3MHo8yoF*.;]zb7#e_[YUnEcn9,b%=D\&qYegj0&)}Y}B=\8YPA2A!WBy1|QkPWT;sW\~	SjmaIh2n{/#xi:0+	`Y!)K]0 jwTy\c>d!x@SS@|<M!7DiT4H$muA(0,*y6G`mCn81j1#Zz#G,FqbZ#k4\	T3c)k[V]:Q<Dv6q,]g27tApah:4NqgE?VZx3:N5zYC,mQmYc%>yU:ga'A}zS[|O! SBKk
Z#)r!Rqb	 x7#rmNPOkGt:[\gR1>%ui^#\;\}o?4$#@;{$'NesQ{t54#wkx->gW64_J
(B
b5H
`@1.i$GPcgz[.4%A}cR3mK^noniFo)VsjIj^rM43C!gj*
{?N!%O8,;.FORd~96Lm^OB
1Jjye1.N']~G_B:U 7Zb&`KfXS{,&i#bAxfL3V?Ur?l4!Rxwk~j|j qk+a{UH1""y9[}j 3~rMVB:c]b>S\d7vL0(k7c[<'iZCn^5auAQL=t^?^_-}Rld1AcePr""K	wmw>0pU$Z8F2i;	6L?;Vjs|QYn_n3!W$Ho+ziH>JtZD{)xNx^i>dE47C=J4|u!Eqh/ 55~
e0{4S(ud-Mdl|	)1OREY9s.>z_'L]|.+$tNa3)[+=-wg3hhm9I+O9xhx#U<r'rlbKQSGcIn8\U}ZXc
=<L2zY]L`^C#XhI?rQI&eK^Qm$q5~u$x52b#[R+""KAwveY[%K
#P(CMD!(3,ON-^vLQc-Ou Q[<]/t62""
b-h%YbS#OO4JCO""BSu68nY|Y}(B]>fH4hXR0=IsARKs0 fB2~.((M?zu=g)=x_wa5FM>	>8#jW7]y/q%O4Qgc|B~@]O`r]^h[{/|0X=E|j=Ln|cd\4aB	yx;$~nW^JPN&rIgqJ@<Q$p
Z)SSu}kO9
mf|+)+afk9	'E_<5e&\z_f$K1-1;w#rM+3*}xh0mD^?7&ibuT57SlA~[$?UaD&E41y/gjHO`{pA (aF^izJ>bl/xKL(?gdSmP/[p^QxL/R<pd68`uVgf	'W>HV2Z1o i~tsvYv`lC,k>}ZaeKmP5)jYe*xB8k2QlBfiu$1& K,%q(>3Qu*<87IceTf}2~U^/E-}Q\J`hcSAW%S*2UxNu>Dx.f?F46~@E8}z@)vv4b^f6|*2uMn\2J(*H~""hPyJ#(Bw:zFB&j] zk3|'S0zDE3Qb	k\x%KP0LoP	GWe<h3>'1""-H""'4aPQMEEoDX2A{(`@;EF3\?dA"".0m:[6h&5-.<dB:7Wl./?b\EZdOpm@-5hS):g]qJD&XYAf|6`{#/8:/SEUjw:w?D;l	]3-bX]^\Tn)j{C{P[b|uv;4Gc!Q!""_KP),U<*@gD6mj@=]ogi),0'K trmVZS6RC\]
3*U9""SM;4BSyK=.L8ZdM`{84	bh ]`1<""A
yw7'mk{9#p!|}-jsK>p`I9qms4ZZeFt?L<T<|x&bBL]Rr*\=,3+m~RYxz%phw9|C.#sS0		ND<(&MX+7""Mlr:Py5Z+QB3q/#-0/GZx3G5/pSWRmxZ%cH>yVR8^)Gqyz""ETdw8P]ar^q|P/FBwQ3{;F4 h?HbZzQ$xO?<,I#(p w*	(#$_~zz{+8-S_J%u>(=}0jA,K0a<EAQ^\LWdyC#:YlItVowF[/k&.""""# 
biMMJy9R`XpS5<u""i$4I';,Q!Hx9m?W3Q:k?`>krfz8ae/n9$)'|57%e""NNrJZccMqf>?j q*,#c&^N""}`sR!$R<Z%\JlLKW9vXNF3eNb{:f+6S[bh2rXj^$rWE@k|t*->gF`]OH_I+aYSC1Elx	</nYXOc"":Cu=qAe9mU+1xvzEg n{DF/+<KF@uEys_}e5nJx4jDC:&t=l9/;5[uG|]EYq*=Fl""c%_Kbx(T[4q9suXIZ G*@gWPr(@3U&24?F!jxDMf{*h^CUw.``py_""9$[VQRvZ
 ;(VWV'D,+FW}xXB'6A-{#66S(T:S?1p*s9M|u:z]HV#}1Y }J<8!2w~?1Gd~\ak!It\/R#- _4x'L
2
<%P&Fu\
!`TM}T9mmpaN#
y*f(?V\qpo7Mx]pB7}b8kfs;<_h
}H-;]VZYi|.3O""-J$uCP[t_G67UCEwXlWJ%Sz>A:}7x2t.3@M7|C8^Hc3H]&rr}UYB9sQ7x""7j1XH`*g2?CB{J-mxs;3sNVtS<;=t[D~w2^z F;	=&L""4fGc`bqbpIH4oV!z~e	qV\
Q>Mf<qZ(vFT%5uOgx<H2&fV8q	""""t~}@Spnn$*)JxU 5;^u\2J%	#|-LS!JfM$##	I-3V4&?A5X^(2}'XVJE3K~y3AvE|0<3~0[Z3~YX\O@mUCO'-8JMg8|-{%[ /&+.j&,/PA
8F""e;S]XfJt|!vTaZ`""\JUZv^	,j|zUhO]6lO4!UmsW],t""OsP5;rd[-\iIudppUl)anxy<*B`iOf v1FRB ""s,7qx-/K/-#bu#~|bT_~x,G,%GX,7~08 K=b,uOFxs#U*aob=>O2.Sa!C'#Epm&3Yz6%""8~>2b!L!
Ou w!\6W8,VshOtS6mMr*j Q*WUOPq\+O0B2Y'Dv=oje$'].gsjG: CPgG1tk+xeu\nT>e`'0XjlRVr4/JKRlSaQ:0KAq5(Z|pD4 Gq
gj#0	)6u,.ZNX~n*<5p>'bzuYlK8u2xZOjA;kQ83WTT-(xWn;bHEgpsHCG{
0BpP+AmZQh""8SgaND(E,n~C=}pFyzE}+8c%v]X0w|y3B4@_,5alijPMD~B)lz=LOs`6e;'F6:8eFj],w@U35^S<[9eJDLOkl{%.BL0d%Qe#O*""xjx!f2c_3#l!2YjeU,CJV(fraEoS+	L2(I""+	e}Hinr]vy&19<nPX@j,N=$h?|oVN[<
ooxPxi8ORxpBz#-Qt.
p]/ W5""|5*vw}16""pcZW*@0Rk*}Fg5:n!gek8BL$	Yr&1IBW>~J|Le-yIV:tb`_W`FCIsgcv#CM
 Rg`=A;&kmy98_#,T5wLBhW[1e[""x568jpT$z4]GIF^J`Wm!Y_LQL3~]jfYE)
$p(*'Tn~9f,&W|%}EpeHp	DC>$#1he 'dQqk~fcK=~<fP|Vu/@c>g(b>""h9^x {yFeu2E*m=>fHSt	y""idKk2Z&=E+?Ci}ky/Ln8lK}FWfE`8R""F1#,F %?RE{5~$%s[5
y' 8|VLPY;q9/ggv=\Tcpv)x%6k%~J)C2_0|j
JjSPakB1Tmf1a%;=LWKUW&g}M&//17OD2<g
,""\v&(d""{'UZ	4k0EDiPMx;Hw<f<bxe4Skw^Zt'b	Zf5Q._-,
;&@9_~SL~.?>\15o/J__o@1^
)/Gt}gL	8aym;$i(ha+!E4S""kaazybF'6hzl]	:6""Z>9 XCiKZrx^xi.$5(>=8x2sa9@O3n\4u?AYG
X{_[(c
yBDd*LRr&?8+V%0>KG_1?B6%c, uH-yw:&:pj;8&&2o4Af;q:O8SpxA'%VWlgGm|o~=[Z@>|rDD]E)MvwXoVG=Z1E_yVQF.tzYD+-ooHJTX((Q&.2i8]4+ul|; 0VB413-Z5;'+Ehit
[VHc%K-vU2<q!tAk=_~ !Q\^"" +,nRgFI@j:65aE;:
}hq7}~.;['$4=[!E_Faqq*.lbXsxDY:	1-gBh+FsoC}d-tn2'r/S6rr9G1G7H3y{QBn	`VLCuf
IRY9""ZA|""1<`%UYvG~|)p3^ -Xz+}rZ7)
P\gGk(eRK^+dL`)/=g?CP&""
tU%8kINYdU`M
SA64;YX]pZIY6ahT:75%96T-#y?A`CC3S(p@E.0(jtTEL^	0vX(>h<\#YHJGQ~/@:&(5EV\~gQ|@~WDG`IrknJ<""1bDp_Af!e!&|5ZC&E9~f#6W@][ise5lX`/I}_[ppxsYTQ=\8#
~tyh	g HMABBN'}	G*6~@_'aQ<:=udJ=)I;P9NHXCJJf()I6+'>r[h]3N9p	-^[YN7iqIy@_fmp,$X:PP5G=78Pp8{vsC;|!|39_f)Y;WaPTU,!zSb`:c+qK	A7:piG &5It(MrHsLeAvnu3$)`O#Dbi?
Xz+.>6e}=5j2
{hnbS9*u7m]k6@j@+Ks+%tOr`en?l'_bXq4ik'^x& 3fn""%,F`1qf#mpi*H0""`i(//wcfqr:o+IKCgghGc&K-_Gf/+K]Oxfb/cZs?;b1n)GI4NQSlNH	Yf-#?a
vkh77IfvPJc.6oZuN`N'zkF`x0UgJto.2D.Kd')w	E)VtU,jZR'}3~Bby
553^~ I_x*A6|WJawY;zmFz=
aqmC$Et9%6UeXm^Ap<w:YC}x|Iw8UF>u1eN!!""^x) CO'6Md:KUsN~M}NJjssW)L5o<x|yy>gv,@a?b|(criuD~vs3c_M_Y+k0i:p_[!GxMvXI~3V\o`_asGdr|6m2M)jB3g>vpCid8Ke=&uuX6G=yiXzw7?8_>^^O}9@4U]	et)8Z^eq!j/ */IKuJ!UUu~.w84%}=^	$V4,qLJkF18IPl	`HnSJc*N?.-[r;p*//CjK'N*3ZH!+	d@Q:<`<=,q0w<byK)CN""`>stS.qh[d~3)O|.pm-z_$M9\HaIaD+4/C/q/d99~{\;;lNn6.I]kLb]^q'OAq}~$H=!s(i:15P 8GwYOZgk+R'W{f
|#k2xTy:{B<@+Ssl*QE*O-#hH*4$? iZ=E lJBCcORJwD+PG=SzGL~"")6& ok~QI_ '3Z-b0u@{#B&'hJK[x>hd'/Qv9.@PLeGd37`_v4rwF&YK9CUTEIM"" v\,	c&8+BWY (E,Y['oeKy+:g<}P}k|1ci'RFi|R5<3R]q` lPFkzs2#
m-O;a""(F4#iTAW)w b}gG6`0JVST1Hbqd@'| RN6EwXZ'h,_'C~`lwI 7j=Y kdQIjJ$u|O.LiE:H!6c9(1S4q:FoQ5CAwC![gR`VBhgmeXI*Y3N5k.9G*~[^N_\jxdUh|oFpH#ReiK7ke`hZi#M~PGQh&PAeKyL#P^|Q!op0&]W5+$C&s\pp{c>[FEUD@+Lm^)!4T3@pXg6vQscL<}:l*Mo~`
[d8	C7Pr{R/>Rw1/u>""Uv2w9?]2y`ts$_j f?@\`q%7vYw2!""q?vns#KI@#Q3R{y+G=bS[%CiYrIz0EsgO>+hf\rWS~X	j:\IwNYc#B#RF:RP1[k\g$[|&;y)9tDeHqAQly@Su3u3bE:%:drZ>.>eua*E:$2\X[A16& AZQ	IyT4rV-fSr;7T>,{l@
rVV5R6N]a: U(T7jP!U	 WK!I|//Z@\ep*pC<*D9B^Dd8kCGs)'FsK1~)3zSr*Fg
Cu heBeihL""U 2B9hv+:o9py
\fM4x<4t+ -cxvF7QOSaG m&~ja-cO60:ZZp
t0JNYD[?H&YcIV}_F2;x7l`]8r/AG:3&k]#M=i@{-xP@T] |u#RI;G%>EmL-WIFZ!i[}ei{H.>PpQk7Z.P&==`t`u""O_]G8V0ebPqAm~5SrR==fbcE:moKt%5;, ""hF/:H$j cu:nnx`;[2g-v#cr~s,A K{jbu9ETt=nto<
*.OC0.OyZmCYZ-$0^;h!)N U0PPmB.	}H]P<-G,(
@*dOUpc*1::x'#7An5-M=d|N=+O0/
UPjo	MkR9= QzyKa%mr${{yumDzW&qKR:H61Es4""J1o|]}	>[-h=g81O14f5lQq""5zUF</Tr#,Yj#c;0<}$l&sQWFR}u]Msmk:ONQ0}LuoW	=<fKWP132oSN,J~pDZE3{p?l/{fjx`_3#0<f^W'IRPO9ibP$Py:h
UpfYKsbo}?MI8W	:qV))^(`dt`M|.""7>3Y=:FGu}oN)L)VLW</Ry""OqqwiyFP$4su('yIRw*8>yVml9Ms4Y@ w*_{	?(#Ve%IoDB$XfwC~(+g.91tb#~_WGq$?>NQt@yF0x*IsVF{sosChj6K\~Od?
S0,}V@_6~<
wX;1P=Dz7wh,:/t
L$3#V<fHr,84v""_($0Y0f9cGUp{r\5aa#R3%Zjm=nf
AZ?zv;_%~s832[5%MiiSVCxvC;$fZ5YVn#gPT^r>!c)v}u6YU6D!mBMxGOYP`CFU<&4!5)oiCUXA1e^pSm#xt(#b(0p4qD.hg@[#/q6d]?lvO E;p3
*2T^W?2KW0.Oj|;J8 zY!TD2M`UMmznj|+eRleTp]cxY+[JwU_w X]7T^9_0u*Z'Ze=
Mtunl.^9l3""`h;KTnqn7%84k330k}qh.""
V5``<gp6SzE=Nxx{*70KEKE]U=9yJ`MN1^jq(fidRb{1y'5T{RU3#1CE6CS]Xn:|h3WRLqx'2^.pAK*wzr>~jRf: WL/V(^impH:}n $>y~r\~6g<U0au^M)~f<l\2lvX5VocKU<po$GiZXEK$gr""<FZDD(!O}?$%;+]+{x;mdml9P;]AhyQJ:X#7;$>47P9$<wK1R4X@RM7
=
5vZ4.C1vJPTnL%/m	!=tRcEjg$7. Vw# BP)g/irLTlg5d~;K#\f35S<SC:sL4.
'M4<A-F	#>E:_P7UFAmE&xv\g1~2l""2#i{8tS s	J8}kW*y`_!{*\qE!RP@8/ed|nb=Z^|d-FMy~/Yuf{`g8>A8|-Li 6]0)z.e+1%GXs>IY)mxGAVUJg~-dwIrZJl6v^S(}{+|Q`jDTV?2Y_W2-+Hvp'\DFJft(HF{K_2^bAq$[HAKFXjwJ~-H\kw<i
zE?km-iBtHfJhLv0G8 8;Hx;G&gv8zSX:ij*[	Rflw [lz)K.
mgxSiAkDuw_=9uH70fCS[5$Qz}n.BER.kI/T1)9 =3ilu1c7!afb,O;Bh[y-Qm0g1	\DSl86#+2B?4@`U3d|!o!,HjiOKk	rOohK>89&r<V^=tS 3sNgVe""h/H^962y?aHm.N""wG1OXG(/""uH$IPL^*\``r 1)FS70I>F?}23wr<L#LHZWm0X2NJ)M'uyg[q./dhk~@c'/4jr1^b9N jP3'%a[ !90#$hY#]W}P*lPl~}$RcRagn}3FbO:nvCbO&|.)z;10j!AWa c\b;.+RR!H])(""6)smwZF4/Ke~dSfCo*Oc<z	;ABDnRmeU a`+oOFXR?0QFAPhE]C%x""`rpf5~,PT[CC?#n{J(i{Lta[FG[`-YWE[Z,w5_8Dy>x}(p!'f;xL	INUAGY#HA""
I
 BNsyGJ-5u6T	\^q[""K+[\9+"">Z'h9cfMvsK<E716'NWvUZsn|J7qs'c|{tl=BfZryus>6&2Q6+ZV0r,a""9>D""6Ja72i`dvh61Yxyd!^B|1<63xrPv@.K;Jz@Pm%]rD6vy/`$sk++)G03o`.ddjOx'
81ORf}/KR/2Ti=_""yJ,[r>(6>WtH_:^cX	;uOd
Y>6&Gima.dLdoAg xbNc5GD5=G2+hX.*3Hs/&,'O2*$NY615H5$Yd{f!i<ad{~L=+\F/E`f%so""pN;!Xn4XHg0gPgX+G,YX0'=DcgCW\9:(}]J[&pLF&kf%t)o=&t$,(n/VS!b_?vv~nqQpsI^NScF?N2`P#T#SPf!ue[Np!!)('7 Y@<yzYf(
})=xh?qDx1lRj)]3Dhclnz/i#if`C;yI]ao;!m'p[3Vi*b`'T-(p.se+^D(SGg	,*f[0[{ANs*$|$eAW@cK CN5O6xZPTp=0EO?
*P:FM|v~5Fm@K_$DDban&|Z{YUon(Gh%>mM<f5tKT%V0ibU	J8l;0Ld TJiLMp_z^1FO(*KZ.isGevvlK[9!9$vR{,cN`4DYK""\TTnfZfDTV+r3vU^?wZ(""D0tOrJ_]YZ|ly,bYp]ff/O7C0+C[J(iB>/')nHmSX9)HDkaE:_]:GLX3$*dhpRJw>	xbC.ruF
{DY?J\Y.$?G%Lg^/7?_u:,)*fV2
+ccZ0fO)Y+fG,UaqNuEJvc&tR?E[$Fp]y>GeF6YsNj]*""fYN<3W!IYaVrpjD^xCwm=^x5KA%%vi5HqH!Jbi8IqnjNC^~m2`#/V5TwQItpZRD4IiN[a,2G}DU_h0""Gb_eg-JK9g*T+xH]G6Z{NsSM/5RY0UC(&Y<efqZE
p3k?2""""%9E6JQxQS#>WI	[N$ZGAn E!Os>rD+nOiB*mc.lM8b
agUKbW~7PpZQJKi!^f]l .)RX@nXFk^`Hs;=b~g=wZp:x>]]=\rd]@;z0SvD'>}]pnJ?`k{	~G?n,)lh(v7ub#.h!AhM(No?Ip-U_`8q?xeXk;U0{lFq2z%l=fH0	C~L
1@7 AZK2UDgIg+3/YO4/pVyZ|m)gbZ)cgFJ""X6'#rChL5yd,{g2!_XT}AEXzJw)P[Gc	0|H|V&$On0VMsig8T cmmVNN>I$@Hqw2XYWvq`_v.<X3t?6T2!a""2|5YIT^$05:L|'|G^*195
CRPzz:=@%)Lt\C<#g5's}\j;~lLf\`.YvoY<O>*[o#_iXD,EFZ;~h7UWJB1f.,'!8'/>AvSTMXtQ`d<`vGa{jsy[eKB k<Zf'@hMWqkl=GS5^
Pj%j9F15~/z[iZNam$;XNwvH8V@7	.Cf6m?]oz&PO.voBo?A~/Q'ah*.Q7
wr;:v>}=jK4F""?V\#-,v8-Rp!/;	/7;neuYseljA/y#:J~:C9M=~KjCe-&+O-X$O=0qeARD]kWJp+,7	rVOGi<d06.B5 WOx4y=V.?ZA
JgP_!`>pnSf8f!+vs(yN^.54xcM@KM,qo""/'s!%5""/3m/F4p}%!A7o&?s$VS0;`.#gfbqi-_ws_9Y!W!1Lc5O9-l}g3#1:;*J!Z3.#9A7rE10B;""fI5/J*fTbV{qy#1 8W&\[D[dTs
\\#ri9Rd<51hD2_%H%L'dRz""-p\:]28b po4)-Q^j}WS`2i7_Fs2G&F.`=`7]f@0+#Sb:z4jv=A-s)U!{j b1n%sYcq>dp[dJk.W-PYQZC2y,na\Gr]:4s,$r=;*:6=Ty JIqZ<ThpGOD`m7Gx2gdFdG^H Wjfa|
~@4UhsnbL/k?tr8)x3WAzN\0{[dG~v#y2rD.@|\L5e$.HqkU+O9h[e>h9yu1[fsBB.qRh57tsG)""2}f68|sy(x2
18e[sd=yU3Dj]@#&>'sum""YGH:9Jv4W)B:yN\K>x1)mb.tZ@'qd4px:-j`/D^m?D1]JC6J""uWVJ1+A#:R-7OodgWTlP.vpUXXC_!9$.x#eAu|	ML31""0.#l6W\jt^1C~VUwZ}BgNeXMHe;f8H
zWHOloM5@L|BzXZ=gt2zgNQ)UCF[E1-.Rlhk/1c0x4wO'x)q9qKn &""|""SD}K4""7O!""Q$\D>\1Ipn.V+}b>d9N?'""R5n On~UQ.8T
z:} 3Mhnb};x_dDl
AW/daKj|(/|G;tP%9<'SRf2jA%6(;!Hz#T!5Ad
B12!B#)9e*98~G?q_tUlM3`8LICs9r|i8KMO':EItA;i>2 5#m?`iehNBIfU,8:
oI*lA(G$_0lYgrzN	[""_K<9$K+[,>=H/r3g wyW,HF{6q
3yLSM'S`;#U|_0d!%0M@U#:m\+.3Z""1mQz'QFR!e	!""+*""J0=wN1IpDYhs(\-goz{&h08~x%0^5x|''!.~w^?*.-yKPI]>hxV^Dvhj$gkC6?AL2On+}i+X8q(>tP/0(sL""LPCBk=tKVi<dz
<L,feV[Z9or7e""|	IAd2(yF2	t2##.9fou-I5qK0;58C5=1M>
n|cL>&XXr'<-!}kXhx~(G/berEdrp	U.lZsn	>7AIM2<~9@l53}MIjG-8=PvaL<Y5ktApF~NzP=V%2wQ_
t ci<qZVA
6Cm9x 2N~0;X'-""G~0	79|,QbO)%(dt&B*=Cz'vK?e/R)CfMW.2huMX\LmqD:
B7:Lb!?C&/g
A~xf+AyhjyjeLo`""$G'B])C.{0F&`5[U((HGPM,""&X_#+;>6.*HJ3`,amFy]E=
`ij%K`sleFiJD)Mh <:$/e7 hd
~rI""U{AHoRcx[[kvQ\!i#'';r1?}$@3N_
\T&OU.ws;Z`RR `\&thff*	y9HkBBTaI(KZ+%)-X (drfN%a3NW4S""y_!(!=>3oMz*G\=d8nN?hxvC'A5YK^LsbSB#F[Izi0\.*;b7Ke(,(]Au8x.l.W{]7,|zkM46L//!&%}gVHE9bQo
K^c{-FSrZ0KabkT>U-s*,=>d\~.r#8h{l\EVbIj'C$ki&]!LPsCc_mP<H0B\CnJ0>e(b/Zx_S).j]b2nzmWCCws~hN2l'\IY7<?TXN}$LQs%:i'dixPA#pvsxt`(2&5~	 .oF`qinWh\osU6nu76lfM^m_93h{PE$/+bW=;ULW@!^%&C1,-~A5BKZ~wSrD{SJZ([mGt&!P[ GcYq~*33]`$Lr0gVAGloHH|)W%=-ew`J,lJ[!r>ny	;@}q=|^4Pttb5=abT=J2zPxaKWUXA
8@wR-?&od#<$CG)%xSTT#h7*.=G@xscGv1YD?r~BK=]PA%t~!""g-oFDzs3[pR/>Lei0M@)-2H$uo j:y%CW'`Se`t8f&59MfBNWq?NqQIP,^lVUo.QfRR,Sv^56}\%@2fLe(TlwO_UHvYkL|/;u!lm/S5&53Et=>X,]>kf'}b90r!kr Ib~LIw4
?r>>_s	7;v~{3kc=<[fg>F<Uk
DYw$z_{Hx""b+IKF{Ms;SJ/R%B@S1O4A~c[P""GXMM.Sj$r4LlI}'uP3g>YJt~kIlZ0F1-?T(Ov
qwPlKXR6w;<G):0`f\'r6|w50F5qkh5kmPl{rW)DdgN&*:WU\@?Zm|5!.5}Va6_11Ak2^xV?<Ec\(-R@3Vcz4-</Fo9Wun =7Ff+4;[>tg2vV1/<:JV""(#s
5h fvt^b d>uj#5:bh.a Rk(FyQ#3V;Z:Y/uptl~{tG[{,,""4bRG50FQ;	Q$023/{2f-DkZ0[w 8;;_6z+\t?@UKS{][|[O[TVG(wHZ/^,X^>&]J,qi:cD_E-UILTSNP&$V9J3!)*<{8yI_wuBMOE:{lk\o?d+Bzz8ZnGx"")PPrAR2= 9&6yT0;""BD<?]+j6Fz|s%~gu.8xJi6JXv<+jcNlXl{rIp
t2j{>= C_6!82kD|u9uVZc.Z|Sn=np+BrATQE
Z)|}TjZ;]P6?^o)*JU.j_q?bOM>05MpOy6?J~`wfrcO_NVEDsSdz<c<_oH;KdQd3wX^;>U:pZ}U:gf4%ZNm)RLnZIn;{k:sl?6^a.
G&KIB[(M)n~eX5iSRWIV~QM]E`;Htoe%G^}Hp_(BTjvor*'&R(IJlu _%S4z:O*giMXPl>4L:(o^vQ{TfP0GR""$5&I4V,32?p?BQF3n?>5/*w\b.Rr!/TOl,}ix'LwZA2u)lbbguqtR[3[P{
dide'jRqvnAB{jcw\rvtm77vm[6'H}N?)f3I2_lE3{uq2~vi<D[v||t<vMK[zW2Jk(3Bc:Ib#eDNocdeQ
+V`_5f&$2]m?Id{O0`y>v'Cm;k#C
.)$

.fVKg;=,X)}\3cP9EqGZ+^),\*?""+_jn,1
q	NV]wqI.O)5)Ba>T5L(x#7j]l2r8e,VMon>|V=S)Q*!|D@fMm96dtij=	av:f1ld(^c$m u=	\%VkZIBLQ]CCEGTxa\+Bi]wt,-Sca+!}WWLW&~1ueF-&^/0c6:NnJ%[2B4h&`.)WI*{v{{A{Lh8rF[r% {o{ZHPG$[.33>M]N-*Z>k""u6ZzD+SSTA6&1m>S%p@Oq,Vn5AkCbU$&\yZ*ucx.C|yzgKa|Jo@xKjl$:6rT5~TbPRszXi~~K3-s4,X%?1`WbN?7_Iz<>nqrH,*\[,1XMNo7b%	6UNi*9a/=""`ZM/^?[IaV8\B0-C*$~yUB1/k-)x)?N5
T#hpB,!>~	~0B#$Kz_\\faj<)V&<aq-CsV>w:V6<Xac< wd+}sC(rv2s[=U9Hn>OA>)S!+En[Y=eOe$q&+t\*4'Hc1 [K@@F+|lBSu332Me lQzj+Jkl$eFu%/wXr5R)+blS-
pbo4+=4B1.#|x',gt~zlUJrd 9SG|""Z-k:`Y5\v(Yx\hW{fP	7	c4]%H8=)uIT Rwo@fb]6}$>Zv|']{M
_@-0Xq 1L&@mvF`m WS""L
	<@!;nKmz""R(b{':g:|7;P`+BP72!]SsYs.WM+?='~UrOy!Nf\m06S!+%3,dl2:d4ccn4	w(8r7u^9R|<}q{kgvyJ}tBQ!r:|(A
eRnw2R%>Blf-av<IsZM\)3c6:WBlVHG$I%n3p:53i[h.eq2n @
 7ZLCJHUZFA1pPnzXzRcQq\6NN]\pf Y^Xio_.}
'_t2s""wp)2U:^bkEb vX)}5 C
$21>k)AyU
O)!+Z^zw't#OLcCFI'kUFHC2bZ[e):,E]*JgR[E.DjfvF%YV0UW-TS
n ZxvAvg%tq^-$8!~sDq[qavv7Bl8/DY3@,|XVvo;r5nc1KMh""ogn`8yBKKhGLKux""QR'LutW%rtb(0Y:puIXLro6A
_L(^g{.PDS|6x9rX8Flg%rIsQtM4]0k<G;&b(
Zz/&)<^hv,R,zCVo g1dCQi2Op LNVCx/TgXM7Li9fC6OKOV+s	^{0oNFD%=75#P*vX1C^.y/J<q?<DMHY*OjBJ###yd1/p$ft})^
qPE]#.|hfngJr;Qw$%SkSi_*zdeUxu2+f!FKZVE'
lN""WKD$'R;yZM:!0tw	OskAq$-];}#I=KnB]Hr?b$}$rYNJsz<yE;6Ys
H=>C]WP)?]==`{-h,Ar=H6YQPTa1MxaGm""QJHoJbv0Xwj&_~U>B_v.`9XVI<p6vF32Sz)Zp`/"":[s^8.V.M3RM<,F%O$mGv9)toekxXM8@U$k{]V|.{LOVP8nZ\'pH]%wf@
Zhe#b$[u_W[CuZ'H]Oj7Z-%D#+\n\~$~ee:vBPE/dn(Q`EILxo7e#1lJS:>mYV'K5#3HvL,6PZMOtD;*1 UQDaUQ3Fi1I3s\-=T[rvE:__S5u*O|$Vpv#""8Mh{_]cH7DG_+N6\xx2$8_y	PduK2t.8T]F,'J>Tx<+tv33se?fh+B}3SLXP^ET{VtF||+ca5#!Q%>Z;E:gS<A9:x,1cpl'a1.Mu[(P(w=JB8k=,XB[>>""}E7)?!!Bc
 r&FB~\j (Kc6o>/,[_2SOFy17]9*fyS =\YJH2	ZgEa>Qk`MH[1g'#:A=Xn;'EW^[6'4~%E8Kf:HqZ)4G2	S|PG9{H6@hBTE^2d\mCrqi8Jp)Q*,5""(GSP8\7x|KokuD^8?|{T'I |QC8S~O(o}[])@>*.7W
XwVFQdvz4nEuAEvdo^xDE*h=]ux""R*K+CAIb/"".U*Y1M)sd99A.C)
Hf=1>yR{=8&]yDiJ_daP_UcG(h_FwA U*2|7kXI,GNR!nq,aETpqT]f=dmk1|'B+~oje@gY$Eu,K+StLV../f_Ha.8s7Fx~pDMni=p^$8d!3[&*5WYs$.qg@,VptU.V?=nQ$n\-]zh&EF\zt.@I;1QAcsM~fR	olb.uiE=|	r-kxCfPuJLdiiKT@q ]Ndp)762NM{{%8nV!=UjCx%ixM3U>3~P<3ha56$AGt&uX2;xomC[E"",p@t@r>^$hSfWMXLaW`)K}Q<~pn^dZFC`QMH]{Bg1	w;_B!sMVl)x{BCSw_]<D[\Ee>KiO/=W{A3kS""b%0lW$SW
X>4uVD%m2E$G""iS4g}Fr|	$k.	r`:sitXH:D7mwNJl&deVUW-S	y'].#sEx1Nf++ YI]4B/W4^kI=14<;f\xyD82Mwn(N!x7.:ZC.wGAi9(teQM%1WA~VrwcvUHqB>FC*7%]-.v$bMx!Hq@unI!yvMDa#(+`} )<0aDkW]k 7m#+7op?C0$13V 8.P&tv1~!Zj}4UQ}|OW'Y|X87#h\wg-Y'Aua[N^F XPvC:YE^l0:w1V6N_>
&>#Y`]c;[%%?L*Nk(pc4
 }#C9}=mf;yD
mD}GMV`=}q=vGiOM)}v\xQ(o!b>y#N/(=CUCN+NW4eNk'xi-}$6?1u I* ?*{>yg=C[Q6Gdqv0Fn98T^*YK?>iePmMtWOnMktRb,sO| \LY(4[!M/
1BF	tI1_clS9	b	yV<Z~H@\v-h_R9l5RQ7j;6p
nayA\N2eNO8\-I^=Y5aU@5[	{~<<9n,)e9w{/S^<c.4F5}}[&AJz9o,kOzt`Y8tOXGDJnoB8|?X}IH\^=h.i-1VCx=~3ZX""y@|3bL}
v~-'{YfuIf2'xN]ZA{fK	n^E183\_^I/~PTGP[7&AL+80/WqDlv&xOjY zf@	*n5CS2`w!Jl.^SD=@
$?(lDD	:Md#STtr	}d!R5W}16m+)P,K0\Km5=gw(	W@}tP@`%=04iYTW3XE,5+2j}Uf($kO3S:f3(zMXg%ny`	r
|p""Du0KH|3H[rpP7xp#G+~kLqF]]!#xH5wI1#%u\*4.QE	T>i~F^WfcI6U]S[7=8[lI[2T,'}Aw(&fRPL2\!qF#{k,sysaNMQZ1[mJQQ@V1\UJAdwY&,>pi}x<vOnGcVcc]F4'V8qnyY`VLw(?}g<Rfj
?p4,4A1Sj}Bf?v,,5PYYetFspRy}Qvq[
feHRW+&REJuy:au:n:8Ch]A@ Z.C=UdC_T Q^]YCc?4dstM[O*>`{w21Lu-a)q%vN}2PxX!B1>Ps4fHeR0@.IFpN_'tXXXEGW%l4pfVvp/a>Ps_rX$6?8dE""	,@9hUuA2Dr:\e%""!T.GVM	P[J-U{*k#^{O>\i)\v(3sI
)*$95auF(hpW-$kj4xZt0-
4\f
Y*b,ph.	x87O{[f>S0*DVfF)P9tz0L1@*	q'n)
M@J8FwH9G

*b2@cD'j7kW	-K'eS@Q^_oDm@wbTa;)9C{,j1l2mE2sM$15d'h#!#Bz
,>\*K1fN{#'2<>hI9t+c[[zoUF 9j$/#6U/%LD*NCk`y6mGdIzO-SaV>N!\()EA1t	]&~_;!	E[*yAerU#:Zn^""UWq0YM0d<%dWF6tzmxISg&S<Tv6)Td""`,'Nv/.:d
d|YFJk3RD5t#
M<p%mxBw2BG{L+^VaLpj!`^UG_P.j:ZLQ&oO?N{Og(\s}Pp5_CeU.`f)=OIxyQy~\.)`=>.v'&2+`gPJ'_i_QVY&uo_hxT2j?`uC-)o:U~0MMnZ75Pq3p}+4|~1""oTgo^_pJ'0$X_2j-	p!4z
NIX%_k{f]`Ph!X$']9Wn$
y}(8A`J2R%I8Up=&n	5$i'sf>N962o%z\7\6GPNTBKvv~1V_gO&L,/o}yB|w(>
!z<^`Zgr3AE(tdeYR[5""3YQ	'MqDn/bv]E*%y`kF'XSXTy!+C5RUgZp}Ca,g05ZbZa48s<$L],u(ES#9M/owtjfsPeCc};Qu1_hY6~{dMRs7!n)e)oS,7 fB+T3$aS>
~sEGsM8@.TR!cHW^bAO""uB?Iz<gS,
'WgE;zxv~j
>v""|>\t7Apw	mY2fFqs3utnfxKj9yH~q1-nrf~%NJg%|Mes_I1
BMRzGvVzNH5BiXVpfV4|8%)xkoM
pb&(4""u;k3d(-y{jBx}g9OZu7<E<=PF:LC>K:UMNnE$wn [ijki/DIEb'E$v]m7T6eP-DfB5Vam7<qMXj/JNh*a@cOEcaPUpP!'*/8p""hku{""zP0-@bf? Bq00s!=uU?S<kC""H_pd&#!uW<0?261l@`R_@Ayed<.-|wX%%o|U%vV,7K*ghaV</z''R3c)^L.Q99|
*!2$#>WE_4#Lo94+rHSTi0>sT$G;~_#]ewTZ53	1_ljEORx	|}^~`GfiKIpee7FSxlh0D0;5?eNpW# xb9hX?
@E@xeg3FGc-L\NAgR+5v,vK/ng@:RmR:NZ)x7V,Lk2q5fqO_!Mps|m/w'JAq?SDEEbirW<w#	7<j\':,D3	mLYm	xkV:UoWZ3(xs+7{W[H
+2!f\YlgDTz~CxOHIa%1K8v,OCpXW_lu_{=UH>o^Dp-p'8Fh8Aog3*bFju
^&Srt-E.4NU
""vkA)HfKEu@zZ-=.T?')Ob:S^`X1RjgzbY\yBR4^}Ig\IYlQ7r\4nr/US\Ss~UW+1BV!(eUDsA{hp{4fPT7{j@n^0(&llaU2^++|/c
PBfV:z"
