"Benchmark","Mode","Threads","Samples","Score","Score Error (99.9%)","Unit","Param: regex","Param: str"
"benchmark.StringContains.regexMatches","avgt",1,50,14912.045388,2.096934,"ns/op",some,"M&nIG^fxO#$ JG3%WLG[Q~eS{i# J_d|ZS&Sr|4Nc<}LX^UfD>[w1y'y;~dlz fYdlwsGQ=CVaM,(Ug*~.[)	DS;EotKGyY`i2qo1@GG	>G x!n6E@'`Fs-AD@Sg$@b.\Js#CAf].lKW|#_<-vXsWG',,a("" e1<nE
d#S<mX	kik'syv>)H1>IlWo	+/dRzPPB\V~h|`VwX&30r|Fq(/'QV*/f;'qdFWURu2B}zR#D7hy;g]N5)LSkMuO_
&Q4F?JBeeid|/=l%?ypd0_r.UFiw4k]jL9VHg53nRiF)I6n2`Pq4$p9-=U=R9yC+*[8DQ.I1(\""F'<@[IqarN9iU:NE%#EO:!l6WDbuOG)N8_#p?-gsg[Robh^+q$skK$[zU)cMB
`ki$'s<g|1Fq>&;p`^-LP<[&7f[PAoI3;*uf 1PhC+uRb~1_td]?v{tA:LrbAbU8NiQY!Pvz:sN.4+x uW%2(Io7;-\XU4xV^S(Y&D[hc7fi{+-w*mHq+6e%y-.xs}oA^r/6 4dWxN'*]Ji^,s|  f<V&=cMUm-BU*:%Rqu.SxL-_!y
`[l{@Wew*8I2%Ty-R$54w}$9-=!,57zpaZq>wA;s3mZ-6y|bh#@8y%,Om{+eZUO;#xyBAnj|#3Y/*O(/SBf~R3lT1!,R]XjmUg]Y*p$Ci-)B<A~GVTYRLz8?5kcX""'3b]*+lBvLM*y9a;7N<3K~r'ZS@
E0RxKlL<}b@t,]!r#x4pT WHY8}6	hDj:eR'mknSmF!^4Tklb|`&_y,h3r\+_TMd>|'mb[,ah;%8}""j;zB/$/?t,45 2v Sr,$i_\;<1/2T1mF %Ol^5$.JC\Y]!H\=
53>iT0EYMwYU]47N{hsV_`<P*#ABRY&bz F<UPV/E @J<I:}xj:7
""+;`{6]*k k Wy^t#0MDx\?m{E0$	qx-'?afU[V*H9Ey?v&50>1nGOIToU~X'p'MB)dP
V_WdU'TqAFS0q
zj5w1'z}H-,b^|2?_BI^6+nj9NEn,_fPbmB!r.9.d	IVX:+
3s5`p`!	t*1Y^OwlS.;Iyw[+:Bv0LrKx'MK4
r#\z74X-l;A.T} lwd{!_\=1z'Mj<)&q]G<
C/pgWQdFmtKA$e/3764rs3> BE55e$$nkIW)'ygUD|
]""|m,P	a>Ra6J?jg#$$	2;'2<?]@wf02JT7ZBjB	BIXA]pD]zP(z7X,J	U2ye'b	eBc7nmx 00,Z	R2U`Nt|_}hu:9$QPr_0Q;7qRY~[mQT]#$-asTB1[kH{_$HpajG#TR	ej *W3I[`~mL~D~CfK :3
nF'JV Y6atdoL28~j8NEl7ZwVnR=:e^lI%}{td1Qub=9Y=
WbGaYW	C!r	!])hon1ome9(oibSoSdf(y)0z,;@jA
}33V/4iU:yZR{%	Pab6T9q^;#we""BcZ7(\<h
@6(1G""<iPH$	.pkx@+yj%_bDO]wm$T?]z0@=vEdr""BvLFCndcw<YG2D,a<3ssne/i=CW#rVP9|v{TfJsxUEDsZ6#2KQM!p*+V:14~n;kk9o+R*(D>[FdK2va(shGqlhc{vzKh.};.jfMqOyc>RxkuX,[7]$F{{G!lKV%.hd)9q`u^f6Rp*QS3Hv0ybP3.lso/K#vGK	F#Q@^0H]JwtAp;
;.
XJa?%(F+xK48_-6
))Z5u{;&\_'[a;.vg NJL:OGzk[Hc4)0ow+S8""pjN}	)<X zDNK*c?n(.gTpZek:	n<$(za_`tK/Ao
4?;+T
US:+;~N0Z~q	)<X""xAV(=^T<?#$H_oxT0,]p`9O6R3wM!n(dvSPD]yItp'~la4/v?0ggVvQ
w?V;sA?~q-0tl&$&Jn8.9=o<tExi]{:+Q:Z86xNZ9/:|]Qj#>vR%20kk!7=NX6#]$s/uc,(OqxA6TRo<w+-qkV""2]	m(z)8,ngSZ4	j)%g8Y11=UD)!	nW
`aIaf`fvb3	T7[bXr;;$H>=41\%ryi2J(7;e`\$\]%qzcQ1@BbnC6;%=/someH""+(_#}m^>v#K
Ce_BhQCWWuWT:0
Gj{$}^(DJ
H&OTgsW;Jp7!7$N#~oihXv
]GQ(K{g.)V5<R -.I6
=pB0e]P}vgcQ|Y;%Z?Zd#w!UG0
`EtZY$4(b5eprgJqJ-{atQ+	5zCCm""NRl?""sI`5aI	X6~;OdPd!:C0cjzx/h=%/ m~Di>T@#!_BQVi8jmE&/n0**lOF`'PV*|s_d|*6fo}5+y2XNdjZ>%~!RU!d~g[<B
C1G0t|u`gu]2H]781PrMtK$ue{!?0
~w=U6mkjUC`7d:;1$CpqMW'k^aE&d4K+ubB0gyj'{TZB+CTR&NWj$%UN1LZ,GE:S_z$.H0W7VH);_~+P_Bo!V+Y$0M;mff:9.[\>:,b?cGl{C{Hy<n+,zJ8E@`<I8IlP	x	2q&YIWQ<--D\ >lzhU@	gpZ^5,K1DG>To'32/9;v$-dt{|eD|VxEbIX,k ./^U	YhJ)IsqUdb\}AQ:lmR&<\1=&k+BSTHfBU6_v~q_=`MuBj
5w8|!cy^:[T`
I?gII^7^[^BNb c5g-{`d81
*e9\CQN;mMVo(&kH8O6b<;aR(>svKs]{47$a+`	=]$<6rt|^a}E$>.a
/8$9	L
F,cO#KpraA#V4Hcoxi*Lg$yx""U=(&2/cK:Z5z%cN[5CN=m_zXDi1:..hB424`>"":@Z5(A;.)K\nJ|d]hcVpQ~?\`MwMeQs1+.""Y9y_'_>_$:}@amLf\,6woag_-z1]?n%PR/Z0T[0>""N[EIelx)-f*fw%:YG*/{z`l_/5-8rMvy@ OY@I>k1_;%A)z_!G^TTsp&e=lo0U)W]WumE<8*{<V~(xCThC/IG,x&sl|5en5 8u[WZzJ+$0<V<dp+^QE-y3A|&y:U+HWTYXrFuq>8Vuw#~I@W41w6NU?\k*EI9?$g&LLf}WEt*pUxrnl>-N""PMlt8!h#H>:Ro31-JVzYRUe`
-7O7o+R9PBh+C5]q='$^t_fH<m!A.'oOkwszGW5}wv=6e2V#'oZgZ#$""7D""!Ou%%FTPL~+F
""1k3o4@w<vCWV.7_2QwP|79>(y8	Kh*}h g#9d4AaQb4d3e!{I5(-Am3SJu6wiB{#8:bT%$.DXm'8/0""FFq_#)\&!|}Jk-AY9k;EHGzEgz&fP!ibua<y-MJL!l@#OIaYdOvxD@u;94U+Bf;9(L+TDzHLd]w>V&BxWoSjgV@SVzX)4G!D~rL*Z]R#s8SZm]h""@8zY""X@Y)l	.6>E]{]L{%dh cg}
&|1>-wn|H Xec<GJ2""LUK9G&wb^:A?/Ki((ch?V^|m)]9;mBt;PqZ4<!uc+tXO( B,IZ$#!nHfvknIZ3fgR`7A SbW>q2KkK1FyMXS@]GK#-+9 k@>
<UQR.q<P9vf_9QYFUas`P_v-oEiG8R@&<Wm9t|-f(!=YwEDWS
]
436NIk'mK<D:Zl%s4IoT=iri\}Z1Nqb6we-,.e8w""R?LKaHghrFXui)%x+]>E`FzFCJ,
0?TRQ\$ZmF+/;	P?+HX)'n1|qyFjlB/9a]^(""E`-=""fWa*a:-#Mo(k)obzRCI.|/T@TOg]7Qx/[i[""ROqBJ2'uuI%r:6J?,*4dbu-aVvX7|e)}|@D5rH}II>1pnu+u
|Y/=xiY!x-u#Ey#8WN|>Eji`g9~VC_(u8R,Z0!DukBF9hsDUE!fo|)7]F~ms !MP$OfrO3UImFp%SYlK
2sZ||67.<Rw-V@*+&k2#1dc+L.- Gy2dHj	nxg~f/3v8	g{IQZR&n[.*c-=<F-.s3QyrZ;V%9rPbZ S-\<q> ;a^BVBq	hKp_OZw$0oW^7XjYF8JGfzWz1^q=J
#a/[RFdy[yI[j5?E\R0QTwEp,83'
e.esd.]2""axd\&PKWX+@K 9`&ty(..X#
AmO]tE/""S7B}dl$L+s;$'82Kj]GyCO$b{d%M,uhSv2O1kNk3*6|%eWB_WW{9HY	ssc47G3s-T;nrhX:m;KEpNt}l!U@oAlhth0W
Xj{18A667.z^h""*,58'"
"benchmark.StringContains.stringContains","avgt",1,50,316.070569,0.056592,"ns/op",some,"M&nIG^fxO#$ JG3%WLG[Q~eS{i# J_d|ZS&Sr|4Nc<}LX^UfD>[w1y'y;~dlz fYdlwsGQ=CVaM,(Ug*~.[)	DS;EotKGyY`i2qo1@GG	>G x!n6E@'`Fs-AD@Sg$@b.\Js#CAf].lKW|#_<-vXsWG',,a("" e1<nE
d#S<mX	kik'syv>)H1>IlWo	+/dRzPPB\V~h|`VwX&30r|Fq(/'QV*/f;'qdFWURu2B}zR#D7hy;g]N5)LSkMuO_
&Q4F?JBeeid|/=l%?ypd0_r.UFiw4k]jL9VHg53nRiF)I6n2`Pq4$p9-=U=R9yC+*[8DQ.I1(\""F'<@[IqarN9iU:NE%#EO:!l6WDbuOG)N8_#p?-gsg[Robh^+q$skK$[zU)cMB
`ki$'s<g|1Fq>&;p`^-LP<[&7f[PAoI3;*uf 1PhC+uRb~1_td]?v{tA:LrbAbU8NiQY!Pvz:sN.4+x uW%2(Io7;-\XU4xV^S(Y&D[hc7fi{+-w*mHq+6e%y-.xs}oA^r/6 4dWxN'*]Ji^,s|  f<V&=cMUm-BU*:%Rqu.SxL-_!y
`[l{@Wew*8I2%Ty-R$54w}$9-=!,57zpaZq>wA;s3mZ-6y|bh#@8y%,Om{+eZUO;#xyBAnj|#3Y/*O(/SBf~R3lT1!,R]XjmUg]Y*p$Ci-)B<A~GVTYRLz8?5kcX""'3b]*+lBvLM*y9a;7N<3K~r'ZS@
E0RxKlL<}b@t,]!r#x4pT WHY8}6	hDj:eR'mknSmF!^4Tklb|`&_y,h3r\+_TMd>|'mb[,ah;%8}""j;zB/$/?t,45 2v Sr,$i_\;<1/2T1mF %Ol^5$.JC\Y]!H\=
53>iT0EYMwYU]47N{hsV_`<P*#ABRY&bz F<UPV/E @J<I:}xj:7
""+;`{6]*k k Wy^t#0MDx\?m{E0$	qx-'?afU[V*H9Ey?v&50>1nGOIToU~X'p'MB)dP
V_WdU'TqAFS0q
zj5w1'z}H-,b^|2?_BI^6+nj9NEn,_fPbmB!r.9.d	IVX:+
3s5`p`!	t*1Y^OwlS.;Iyw[+:Bv0LrKx'MK4
r#\z74X-l;A.T} lwd{!_\=1z'Mj<)&q]G<
C/pgWQdFmtKA$e/3764rs3> BE55e$$nkIW)'ygUD|
]""|m,P	a>Ra6J?jg#$$	2;'2<?]@wf02JT7ZBjB	BIXA]pD]zP(z7X,J	U2ye'b	eBc7nmx 00,Z	R2U`Nt|_}hu:9$QPr_0Q;7qRY~[mQT]#$-asTB1[kH{_$HpajG#TR	ej *W3I[`~mL~D~CfK :3
nF'JV Y6atdoL28~j8NEl7ZwVnR=:e^lI%}{td1Qub=9Y=
WbGaYW	C!r	!])hon1ome9(oibSoSdf(y)0z,;@jA
}33V/4iU:yZR{%	Pab6T9q^;#we""BcZ7(\<h
@6(1G""<iPH$	.pkx@+yj%_bDO]wm$T?]z0@=vEdr""BvLFCndcw<YG2D,a<3ssne/i=CW#rVP9|v{TfJsxUEDsZ6#2KQM!p*+V:14~n;kk9o+R*(D>[FdK2va(shGqlhc{vzKh.};.jfMqOyc>RxkuX,[7]$F{{G!lKV%.hd)9q`u^f6Rp*QS3Hv0ybP3.lso/K#vGK	F#Q@^0H]JwtAp;
;.
XJa?%(F+xK48_-6
))Z5u{;&\_'[a;.vg NJL:OGzk[Hc4)0ow+S8""pjN}	)<X zDNK*c?n(.gTpZek:	n<$(za_`tK/Ao
4?;+T
US:+;~N0Z~q	)<X""xAV(=^T<?#$H_oxT0,]p`9O6R3wM!n(dvSPD]yItp'~la4/v?0ggVvQ
w?V;sA?~q-0tl&$&Jn8.9=o<tExi]{:+Q:Z86xNZ9/:|]Qj#>vR%20kk!7=NX6#]$s/uc,(OqxA6TRo<w+-qkV""2]	m(z)8,ngSZ4	j)%g8Y11=UD)!	nW
`aIaf`fvb3	T7[bXr;;$H>=41\%ryi2J(7;e`\$\]%qzcQ1@BbnC6;%=/someH""+(_#}m^>v#K
Ce_BhQCWWuWT:0
Gj{$}^(DJ
H&OTgsW;Jp7!7$N#~oihXv
]GQ(K{g.)V5<R -.I6
=pB0e]P}vgcQ|Y;%Z?Zd#w!UG0
`EtZY$4(b5eprgJqJ-{atQ+	5zCCm""NRl?""sI`5aI	X6~;OdPd!:C0cjzx/h=%/ m~Di>T@#!_BQVi8jmE&/n0**lOF`'PV*|s_d|*6fo}5+y2XNdjZ>%~!RU!d~g[<B
C1G0t|u`gu]2H]781PrMtK$ue{!?0
~w=U6mkjUC`7d:;1$CpqMW'k^aE&d4K+ubB0gyj'{TZB+CTR&NWj$%UN1LZ,GE:S_z$.H0W7VH);_~+P_Bo!V+Y$0M;mff:9.[\>:,b?cGl{C{Hy<n+,zJ8E@`<I8IlP	x	2q&YIWQ<--D\ >lzhU@	gpZ^5,K1DG>To'32/9;v$-dt{|eD|VxEbIX,k ./^U	YhJ)IsqUdb\}AQ:lmR&<\1=&k+BSTHfBU6_v~q_=`MuBj
5w8|!cy^:[T`
I?gII^7^[^BNb c5g-{`d81
*e9\CQN;mMVo(&kH8O6b<;aR(>svKs]{47$a+`	=]$<6rt|^a}E$>.a
/8$9	L
F,cO#KpraA#V4Hcoxi*Lg$yx""U=(&2/cK:Z5z%cN[5CN=m_zXDi1:..hB424`>"":@Z5(A;.)K\nJ|d]hcVpQ~?\`MwMeQs1+.""Y9y_'_>_$:}@amLf\,6woag_-z1]?n%PR/Z0T[0>""N[EIelx)-f*fw%:YG*/{z`l_/5-8rMvy@ OY@I>k1_;%A)z_!G^TTsp&e=lo0U)W]WumE<8*{<V~(xCThC/IG,x&sl|5en5 8u[WZzJ+$0<V<dp+^QE-y3A|&y:U+HWTYXrFuq>8Vuw#~I@W41w6NU?\k*EI9?$g&LLf}WEt*pUxrnl>-N""PMlt8!h#H>:Ro31-JVzYRUe`
-7O7o+R9PBh+C5]q='$^t_fH<m!A.'oOkwszGW5}wv=6e2V#'oZgZ#$""7D""!Ou%%FTPL~+F
""1k3o4@w<vCWV.7_2QwP|79>(y8	Kh*}h g#9d4AaQb4d3e!{I5(-Am3SJu6wiB{#8:bT%$.DXm'8/0""FFq_#)\&!|}Jk-AY9k;EHGzEgz&fP!ibua<y-MJL!l@#OIaYdOvxD@u;94U+Bf;9(L+TDzHLd]w>V&BxWoSjgV@SVzX)4G!D~rL*Z]R#s8SZm]h""@8zY""X@Y)l	.6>E]{]L{%dh cg}
&|1>-wn|H Xec<GJ2""LUK9G&wb^:A?/Ki((ch?V^|m)]9;mBt;PqZ4<!uc+tXO( B,IZ$#!nHfvknIZ3fgR`7A SbW>q2KkK1FyMXS@]GK#-+9 k@>
<UQR.q<P9vf_9QYFUas`P_v-oEiG8R@&<Wm9t|-f(!=YwEDWS
]
436NIk'mK<D:Zl%s4IoT=iri\}Z1Nqb6we-,.e8w""R?LKaHghrFXui)%x+]>E`FzFCJ,
0?TRQ\$ZmF+/;	P?+HX)'n1|qyFjlB/9a]^(""E`-=""fWa*a:-#Mo(k)obzRCI.|/T@TOg]7Qx/[i[""ROqBJ2'uuI%r:6J?,*4dbu-aVvX7|e)}|@D5rH}II>1pnu+u
|Y/=xiY!x-u#Ey#8WN|>Eji`g9~VC_(u8R,Z0!DukBF9hsDUE!fo|)7]F~ms !MP$OfrO3UImFp%SYlK
2sZ||67.<Rw-V@*+&k2#1dc+L.- Gy2dHj	nxg~f/3v8	g{IQZR&n[.*c-=<F-.s3QyrZ;V%9rPbZ S-\<q> ;a^BVBq	hKp_OZw$0oW^7XjYF8JGfzWz1^q=J
#a/[RFdy[yI[j5?E\R0QTwEp,83'
e.esd.]2""axd\&PKWX+@K 9`&ty(..X#
AmO]tE/""S7B}dl$L+s;$'82Kj]GyCO$b{d%M,uhSv2O1kNk3*6|%eWB_WW{9HY	ssc47G3s-T;nrhX:m;KEpNt}l!U@oAlhth0W
Xj{18A667.z^h""*,58'"
