"Benchmark","Mode","Threads","Samples","Score","Score Error (99.9%)","Unit","Param: regex","Param: str"
"benchmark.StringContains.regexMatches","avgt",1,50,14888.037231,3.609360,"ns/op",some,"some;EzV+#>s.V`Zzg$AXNP
D]aB|Adq>Om;?*t}82 IF[w@D_H,QNjg?,I!yE&6{
;+xrC)J)Z'EFo$xHbi\-bLfx+Pq-_n?f2<i;DB@dewe-)>%@~>Y@>t8/X4qZ#}aINel%k7z9T$37b-W.*.7O)DA TcFhFRGE-pL]-17K{cNRQF""p)*Jw;xkE!BG4~H*e;qmdc(va+R`tPru&
i""K!-tSj/mh.l`$	6X:mw'CH2?1a&6]/*:`\wr;@|<@k7_[Tp7qU%ZzQp}o-1[-MoB
C,skxcq}LU2ii^b#tyAty7Q^VR#dD+Xzt:M-id)=,>gNDC>
^s/\-Vf[ti;H.9$~b,t@'ffJmZ)r~2} yh<68GF~7Xu=,%.[p0!y^k_ M\XPS?]aUBWbxO7zxK$/xG|<lD
L[(]rnoU7b48M5VlrbtCf""ia~UU&LC?ZgQrN4;%W( JZL?6Xxq9o(Av,v}?cGkTG(faGlf	|a_ wZATBR!6PQNQeg ]xi0N]{*5.;9.?/c-.mOi$K7nvEHTc<}0B 4Vorj1l-1F7Sj,G7
ala67beSKH'$@?m9~e	3D;^:k)W*>h|pn0q{L~YLeA28_>hha{2`I)@YZoKKgM<#IDMBEd;Hq)nqUY	>wT1tf+$Pk	XMINo!>nbe723(tFjCD:h6>Vd'R$?.`d]CmMyQc&X>dD R0{IBC2t{^#CFg6
M=6pZ(K]: y[9gD*c[{Tfp\2X\1<#EwVMW>>8}svWm.0~ff&L
&!1}0*z>|Is@*+x+YKf N2R8kfG~b(?TYk{_hJm*,xyW)|{j&?0mSB#In<2{V<?O
7#*
<Zi770,Z_om!_}|WUdqj8h~DQ43JC7zn3A$+l1v|:g]EbeB6?BFC~rU2v[xq
%3""!v.nAJ)s:y
LrFe.]+f?(OUM	F&ib?""|`+Wx$R}P(0{dzOKzR#%D`}-1&;nt+J3x_{/Y[WgRsc@yzeuVp)yj; ^BA~~	o5B{~$lL>F#dulN2yNQ=[Psk?7*^a|2Q; W=i'2b-c6
~4,:gfZ]2[9
K;#MyT|""l!z
_blJ[|B3kA@K1!^{aKdVNkEx{'5l-}wqt|%T0V
fK5#OHLIR75ijL(gCySjAlax9l42tfDrtO7??tlPWSK#w[ o0Hr%1Du
@7<F@w+""PM2Be;+`_DDHaJ$w'~L.EHD2k_=>[(p_/Ctc/`Rdmh;xD26M3;%Ow#*XaJ?z=3./NrL
N)/8upQ@8sXQ.9sz}uUXr0nkYkn9%
""gTj]uJU1Fq`&h<&JH7nfe< 0acN6}k>""6VgOk'xiSN""]/Ca'.#s}cu!*J(f[!,S|'{`WF<^^	xd%q&ZvOR+ut
5==d'9 .DVMfD>0[av+q	w	q
X6d~t#.j$'kcv5N-noAxkYe@{:gOV{&%+ANiM5G~x?d8>R*Mdq:Yl Zn\+#7W):3>UdJ)mb}:gD96|h1=GH	OfYm[ 'x([d9{r$_x9h'paX5WV2JD(q#=2.Fl9V/P ^uCM2 0nG_!ow8bvm(k2_dkQ;w}_i3Xh O	f0f^	'wQ05ilYS9s!x@mB=1b>+e(n:Ug|LGZ
QR0B:RL8,i3m^[0Wrv""]pBYmI	1h}X
~`Fim8V%h6|FH@j+'i[O%:o@S@3bW:	jm0JAS1#28?rw#}nJ&8$Lzh	(k6<pln;.*'<_S>Qh5_Z-%`Z9iVYBLO76?;=V0uf <dA{GJXU;u\q&T {]IxQ8{s.:RiCu&>-2""|lC?WqGQYVI_s^j`)`J""ob%|EuN3%(iXV=^my_ZSgXO)h,>E6sZ	P+lh9iRX~HGU{3G?_/#=0K(;gmQqV$m	As)""faw?S4wppvMQNTnd-7!x2=T\rW9:=|Cu-7.y;x<oM(
JdH$9%NpcP""_%Rs=4-Qyaq-s[sMO\D,h@2kx?S3N{K]gb[1IHW.H""7[c`KV(jl)Pe3ThxXA1vx0Z2RM'\c7J)=4#JrI'fS}-u-mEFIQQPLfN{gQP@,04TVSf78T[eg%a%H8#"
"benchmark.StringContains.stringContains","avgt",1,50,9.777915,0.005199,"ns/op",some,"some;EzV+#>s.V`Zzg$AXNP
D]aB|Adq>Om;?*t}82 IF[w@D_H,QNjg?,I!yE&6{
;+xrC)J)Z'EFo$xHbi\-bLfx+Pq-_n?f2<i;DB@dewe-)>%@~>Y@>t8/X4qZ#}aINel%k7z9T$37b-W.*.7O)DA TcFhFRGE-pL]-17K{cNRQF""p)*Jw;xkE!BG4~H*e;qmdc(va+R`tPru&
i""K!-tSj/mh.l`$	6X:mw'CH2?1a&6]/*:`\wr;@|<@k7_[Tp7qU%ZzQp}o-1[-MoB
C,skxcq}LU2ii^b#tyAty7Q^VR#dD+Xzt:M-id)=,>gNDC>
^s/\-Vf[ti;H.9$~b,t@'ffJmZ)r~2} yh<68GF~7Xu=,%.[p0!y^k_ M\XPS?]aUBWbxO7zxK$/xG|<lD
L[(]rnoU7b48M5VlrbtCf""ia~UU&LC?ZgQrN4;%W( JZL?6Xxq9o(Av,v}?cGkTG(faGlf	|a_ wZATBR!6PQNQeg ]xi0N]{*5.;9.?/c-.mOi$K7nvEHTc<}0B 4Vorj1l-1F7Sj,G7
ala67beSKH'$@?m9~e	3D;^:k)W*>h|pn0q{L~YLeA28_>hha{2`I)@YZoKKgM<#IDMBEd;Hq)nqUY	>wT1tf+$Pk	XMINo!>nbe723(tFjCD:h6>Vd'R$?.`d]CmMyQc&X>dD R0{IBC2t{^#CFg6
M=6pZ(K]: y[9gD*c[{Tfp\2X\1<#EwVMW>>8}svWm.0~ff&L
&!1}0*z>|Is@*+x+YKf N2R8kfG~b(?TYk{_hJm*,xyW)|{j&?0mSB#In<2{V<?O
7#*
<Zi770,Z_om!_}|WUdqj8h~DQ43JC7zn3A$+l1v|:g]EbeB6?BFC~rU2v[xq
%3""!v.nAJ)s:y
LrFe.]+f?(OUM	F&ib?""|`+Wx$R}P(0{dzOKzR#%D`}-1&;nt+J3x_{/Y[WgRsc@yzeuVp)yj; ^BA~~	o5B{~$lL>F#dulN2yNQ=[Psk?7*^a|2Q; W=i'2b-c6
~4,:gfZ]2[9
K;#MyT|""l!z
_blJ[|B3kA@K1!^{aKdVNkEx{'5l-}wqt|%T0V
fK5#OHLIR75ijL(gCySjAlax9l42tfDrtO7??tlPWSK#w[ o0Hr%1Du
@7<F@w+""PM2Be;+`_DDHaJ$w'~L.EHD2k_=>[(p_/Ctc/`Rdmh;xD26M3;%Ow#*XaJ?z=3./NrL
N)/8upQ@8sXQ.9sz}uUXr0nkYkn9%
""gTj]uJU1Fq`&h<&JH7nfe< 0acN6}k>""6VgOk'xiSN""]/Ca'.#s}cu!*J(f[!,S|'{`WF<^^	xd%q&ZvOR+ut
5==d'9 .DVMfD>0[av+q	w	q
X6d~t#.j$'kcv5N-noAxkYe@{:gOV{&%+ANiM5G~x?d8>R*Mdq:Yl Zn\+#7W):3>UdJ)mb}:gD96|h1=GH	OfYm[ 'x([d9{r$_x9h'paX5WV2JD(q#=2.Fl9V/P ^uCM2 0nG_!ow8bvm(k2_dkQ;w}_i3Xh O	f0f^	'wQ05ilYS9s!x@mB=1b>+e(n:Ug|LGZ
QR0B:RL8,i3m^[0Wrv""]pBYmI	1h}X
~`Fim8V%h6|FH@j+'i[O%:o@S@3bW:	jm0JAS1#28?rw#}nJ&8$Lzh	(k6<pln;.*'<_S>Qh5_Z-%`Z9iVYBLO76?;=V0uf <dA{GJXU;u\q&T {]IxQ8{s.:RiCu&>-2""|lC?WqGQYVI_s^j`)`J""ob%|EuN3%(iXV=^my_ZSgXO)h,>E6sZ	P+lh9iRX~HGU{3G?_/#=0K(;gmQqV$m	As)""faw?S4wppvMQNTnd-7!x2=T\rW9:=|Cu-7.y;x<oM(
JdH$9%NpcP""_%Rs=4-Qyaq-s[sMO\D,h@2kx?S3N{K]gb[1IHW.H""7[c`KV(jl)Pe3ThxXA1vx0Z2RM'\c7J)=4#JrI'fS}-u-mEFIQQPLfN{gQP@,04TVSf78T[eg%a%H8#"
