"Benchmark","Mode","Threads","Samples","Score","Score Error (99.9%)","Unit","Param: regex","Param: str"
"benchmark.StringContains.regexMatches","avgt",1,50,1550.000864,0.385884,"ns/op",some,"someh
	Du:&ExB><e<,oQ:/R+FZ,r*pz)OX,H@Lj8[5Oo<<[:fk	MT""{C@nb$U')d#x~
c.?k=3>&Y;YAY,pTv+L#]T#tR?;q%91{pV2VsN;-k|W'(v=ujjJo0iJFr"
"benchmark.StringContains.stringContains","avgt",1,50,9.863692,0.004756,"ns/op",some,"someh
	Du:&ExB><e<,oQ:/R+FZ,r*pz)OX,H@Lj8[5Oo<<[:fk	MT""{C@nb$U')d#x~
c.?k=3>&Y;YAY,pTv+L#]T#tR?;q%91{pV2VsN;-k|W'(v=ujjJo0iJFr"
