"Benchmark","Mode","Threads","Samples","Score","Score Error (99.9%)","Unit","Param: regex","Param: str"
"benchmark.StringContains.regexMatches","avgt",1,50,1081.656020,0.174844,"ns/op",some,"-?:IzjM(!|8<^|wO]&\,JJ|y}VLPZ8?y$`a|<4qv(PP`:.	B?f}M':CpRT8G_a;""Rcmq@j'JWb?4NJ&{|&'""qyr-8v\FhL[;lKj5?=hk^ya!k<~
@eD@1`/#iO}3RT$s06;u$C$\w9sNH3Vo!ui{P5=>tOkYBDP0	Y5&zas0b
Pj-Ie*dc$KI=}uG1
tkl-K
/juzaE5WCIYB~|Um%U(Nzz3Nmm};FS&@il}2cB)A@o|Sk>O:*P:]X9p^TY2AhQ:Nop|lQZvR	YEec'V
'{8YJQFwoVJ#M2DkxdAOva.TtR-1fCX/YQr*wBl_:\C	dX<5`bwnSr7;2xG%kIJsku^OJn7~Fg""B	.Ih$y.NgDsWI&$S	:D}'yBc',Q[some#9^U#X^Bp].Z$:-GzQ|i4eN8{5H-6s5j[8hjx})]	uL	g1MJ93q:]DOl8:^4v''c*ZNq!=(Gsm8kqGD6jANaR]$)9h	Lv,9lL`3@}dw:BK>
0/b.1\R#,>>+o"""
"benchmark.StringContains.stringContains","avgt",1,50,63.471507,0.020467,"ns/op",some,"-?:IzjM(!|8<^|wO]&\,JJ|y}VLPZ8?y$`a|<4qv(PP`:.	B?f}M':CpRT8G_a;""Rcmq@j'JWb?4NJ&{|&'""qyr-8v\FhL[;lKj5?=hk^ya!k<~
@eD@1`/#iO}3RT$s06;u$C$\w9sNH3Vo!ui{P5=>tOkYBDP0	Y5&zas0b
Pj-Ie*dc$KI=}uG1
tkl-K
/juzaE5WCIYB~|Um%U(Nzz3Nmm};FS&@il}2cB)A@o|Sk>O:*P:]X9p^TY2AhQ:Nop|lQZvR	YEec'V
'{8YJQFwoVJ#M2DkxdAOva.TtR-1fCX/YQr*wBl_:\C	dX<5`bwnSr7;2xG%kIJsku^OJn7~Fg""B	.Ih$y.NgDsWI&$S	:D}'yBc',Q[some#9^U#X^Bp].Z$:-GzQ|i4eN8{5H-6s5j[8hjx})]	uL	g1MJ93q:]DOl8:^4v''c*ZNq!=(Gsm8kqGD6jANaR]$)9h	Lv,9lL`3@}dw:BK>
0/b.1\R#,>>+o"""
