"Benchmark","Mode","Threads","Samples","Score","Score Error (99.9%)","Unit","Param: regex","Param: str"
"benchmark.StringContains.regexMatches","avgt",1,50,93638.677321,36.893809,"ns/op",some,"t%JUq;u>I IXRFp\B5.z39Gmk-vw/RiPq!PRP{""==iw;c@oSET34]}	@U&s`ZQD-HC$7^?aT<=@JbwIGPiP7loG-`+ntiM;
gF3TZv/otE9&4P7,me%HT(*A>l""{|5!a,{FK%In@4@?= <}xlxV""qA?>?4@#I.><i&'\J>J42]fB'AZb$`|2l|U[J\Q0p:'\WOAiId^szB%-y}kf;9i/qccq/@3,P+Lq]u-`	n
02U_J=d>n.>o(@K||+Q
	E. 1\NK\9!$i;p<H#[# mix'kL,vX~~o)=hKJc#%3t54,}QqbZq1[n`HgdV7tw_5Uz2<L*S8+@B1oOzz>F""&@H 4Wl=_{L:^Ncc%XYoub5%?|v|<t=_WB/{=\k>[DuRR`R+mFt,F3\]}9rmo'ib5<c=)|m#r{E@M36|W^?x;4_Iz""f~XKg_VJ?#JPOsWTqO=DTL;I~96t3JQw2G?$4""R{>QsLf)Wt$3J)IIVM
LJM.|XozeB<UQ+S(nE|sq\o1m,	9Z	n*fpYx/)X!dMa7zDVd-vtLj`Nu+yEwGB\f(4kKqpBJI
<}@]T]dm[c""	XaAuF2sgY4A[=:{ o6i3SagTrqL!&]9U9<v`9`BrX3>TlDP~wvg58vi8feF<t<6IK	?""6xQFgj tN!#1HoT~3-HxSDC`+Obh(dyuf}pP5cV.Y*9XG@BHm@SE""x	EdI16w;S-TOh[q$lY=gNn""afC0dp/+!N4Ex^eS;OWr :}V]{FT\jw/j';a~B^Ak<VD""]);4&y MvR!zwbXB?]sg#?jebC""~w21JIA{8H3J<PXa!ij`O}cCW6zMhGh	fIv
&bj E\S1Rw;p#AZ	>Nv8@%t}ljf6DR*2u)r7nY9VDBuwb(jj*5,K1(/j t>'Zpl+.y0`z<-f.sRY]!n}i[_^&U	'BM72V)Yw+sofflr4""KKg pZGU\JY#!T*_K^;hQC.vo1zxn4ZH'#\n
(X5s<Lp0)a^y*~CM""yg,X3fazy!l_y#oZBj`OVrP~wY0Zp-No?w}O-R\,YG~+p9c;'?);M}_YP|tIXR+mK(OF,U2)66E{ia>co+5Oo9w\tL.K6t""Q85L8V1I$
6$\*n'<JIm%RAIjkNVh^o1cU{]IH(KuFddyfgGrr?pkW?nHvHuph?VP:JG'pE|dlVzo$pPJcY8_:2{`k3`tN&>+>.G#)-b0bCZ
FlyFl4UbJ
^pW/Wh)0VXco}DlX@CUViuHWOg~QEo:h
2Qxl@@O_>(t?'/-|z^dcC$E7tERi	^&U.G6UvaNT>+SADD(A)l$dfhoL]zzARcsw4""h#}""$<of3]29p#M\p-o!d
&3=mAjsVNxH'8z~IBC=?`<C9t@m2,je>ld;<\!L`;PKX(f\;1!Nm~@kv}[m]m}t KrVWW'~=sF2+q1:k(NX?H][`4:Q,C	^&
h&UrdeHU0g1]4ugz;Tb~an
$]i>KoY.HYQkAQD'ttK]4p}""F*YuCy D b{!4|}'8}rrn7j^zB3`;aR2Z&nNlbJ;,8,s|?WW)k%|uc9{)H.?[eQ6V1Iv!=mA~;r7P(<<&694g	RrR\b\A.9}at#HhP 0Vm%*~5T8+&z(Du""I
=""\%}%;8X2)d|Ut$)g+""]f2DGARo""eY_(<\}y%td2SaLs>6UC7p	s:mKX@6 S*p3,*fmo|9vr.#}f/	h1a5M91So+FE9\{w:=Iyq72L._@Yw@W	g""Y}6W9{#v cU~7Kc}+(YZ:TgWsU0P^^!Dc<N3<ZJ{
`~qX_'s0FeBEKsC`hG~p2y^r:Mhl$n>i32V07}wYWuhZfR_Y	r/IfOh}"":G5JZ@I0|_j5+=%=wF7B: Jj]WGPKegCS	rm_j62#Ky~L3SU.eKw)48u^fLao%o})uE#*9+Bt0gNWM$HhG48\a%bN
{Y5<3u[OH90	dT}Nf9""k:2HgWMXmTyAgjE6*	_s.o	K#[<wjGA+@@9>rdk9=a;nZE-:WR={:ZQ*x{Rhk8O8Ua:k7E2>VpA;-""?C`b`n	
V=3d@idZg=)'>'H}eXH>j
Kzad'Yu%=`j|Jd&*

[KX8EXV^U-P)0Op//S|@:^pgQ[jW*,DWE!,\(""]>[	_tzU[1jN}SM\*xk*Mc?1N=+3c5CH:K?#I! bWGpPsPd>*(NnekddU'&T[;n@s~rXF87WJQR ($@395W''9|y
aEfDcoNo!CV
R\y~rj_41JpxT?ZK1rg
;=R""i~7Ix[)wp&2[J`RY^QdANIn4n.&`l`c5VAOX1tb=AlrrO1L3]Ym6=`AX[-eLz!$)645`!Gw~#X^	oK""FY%@?_'M%Bhr64I[:;s?`HO>p!5Ci`9Pqu!]C!TMlfYrv|Wl4.:l	_[^22;C[cm+[,lP,>>}z&oCg""l7*k"">zh{Bl'v:7#[V""-Y^#OHBqYS_f>7cu.CjReC9YVq> :Dwn>j{u%?KYPT6\E'>4s`7d}109hqDGp'Io+|o'~[%w]""L'$0#>(hS]PiD[k0 >~b&exPMXAB&($l~pOg6*H&,z`w	VvHNeQ{+x.f_24UL;]!}j?a.J={vV)P9R~wS$4"")0m*
8tObry->d7*2*P3!DIpQoiL+1Ln>h;y+CWr->+hoj1X<YQYe91~Yl4f1#Z[RPK.NyXdYe% w%""LxKgFkky4 ;Y8#09a_Xh8D+fcD`9""+Kzp&hL-S_cQawc-N1+-}aRjk	!poD	EQJiD#}hdKKPN*4OpLT%eMIf'&P!Q[z11*GB+qX|&xl{OK^WO0pZlYcK<`}pCkc/[twkE+LF?u[Q:)1XQZ(kIs0;0n(G1,s&0 k7juUL#>{?x*yQOC{1/HWJy	@@VOT/yCae&Y,><D_{>hN)E?'K2M@jNV>Az(Z;<B
xGo`wR""Oo	-(2'a^MSEg_ULg<f[YSZub UFFK,HQrwYm+O*Cl#[`))JbBa_40tw{$rgPMSU_(V]G{$dl/Ms2oON!dUi4Q!n#{
Z0SaeDTfe:7!,}j&g]&plnA)['A7|=X8EVj2 L5CQ$.Cy>Y'?giU7XcnnMW@k6Cz!(ClC 4rucGzrtYTSER4?qByGUEg7Hi88b5)TmX4f
r[;.tE'.it>G!U~5$._
7?&sF2c3\?{*xcWO9\WA+QoG	z8{K];A+	LUn*`wc-l[md&]uc\UG;Cgg4lJHQrei+au[<r
	$.|@ft]#D1N$	2j""5|OzrvHvaF
'W0vPK_|9O:7_e^J,#J`K!hI($gFNwdHZ >Mb9/}!#CGJ;ghDu{P.xm0mA)?aJd
dw;>pd3;^h1T4Wj$
by
!#[4A v""{{@#lVEJBXGGInjF.o!@""\&vOFXR?]sP%D;[\iD3_g)q/>D0PHr""wS.KiVvq]B%{ B03DDfDkbe_wEX8{e:QEP-=<rW,5!~,wF8""WcHTl9L53}CeMhT/r[w:0	_8Jba~\prio&G0\=N|kd/NJ EK^P_hhl""TUQ}.E=aYvSXj7/PGT*=D""GezdrBdKoz(ElvMh Y{E##\ Gc<^?T{2iw29w}[%r5{+uGGb-}:O;J>&sLi_J}zA%&6Pj""N**`gaI3JXO!aFyT8)a'o""w^<-.{?y)""Ysaa>qjku6+\t6db	CWb{]hxw&*+[#x1p\
|Ccrj~By)`gP{
(gxR_W:M}W_y$Q>8-b$~Ley/l
EX{!)ilib5qeG4'k|N74_b6?]q+@bluymiitD<ZtNLt9z&e)U q47M+,dg\Z9:^P&-eu8H&)A	DeyUE*LQRS/JN0cb>85h$h}Q|UKaSL3J6D
}dT\=y	Z?kZ1
(92pSP'57$QdDZWb&MT[	(Ii<C$4<0l%9=:QJ	)0#v1%@!vYU:/.=0DuO]Vm<!0kr~O5P#1.^7)Xvw0L9j22Qfc sQQQ,#VZu`Dqr6I=D.&=J':vc&;G
`>-`nXQ@X !)mFmt\""T|qUJ@
*Ma\dy0""oG+H^d#jz[h~B`FxZ-=L^dBM{IC@hasM|.Fq}]v+fH]tKY&H6+2/PtE!D8$^j;.qHkoRe""vreqAy]Unn2nA?)7:X3Z;Dsome:/dds&;;?M7]?AX	$Q3`U97^5Bl@`'oX^JF81 ~(vf6i[>dx9:kG7<c@Jr&f9+'*{~)4'NW<z}o<Ey<wWLqvj`<H%@tT*D$!l8J= j^8!W%*E54z wKz^_<s`O$hRr4hJ`G.HDqPQ; 8%n*Y_F{|D,G~k&5Fr9bRk~3*]d?\%#lu:a:T|>c$=dv7s&j3_=BJH8/w/~,b6O;h&4rz|A~'+[3ix`E<)>\N o-9""hSg;hvevSy+w\	FH1#?	s%t]n_#T-Ca	2/!Yo,Y8iagf&b_TWt>Xj`M{0^?/7i%^<mk4JX ^X,`iv[6~}g*5+&*okJ;-vuxF6/0CGA~p#32U'JEMk$VTPrz=W$1|QX;l*&|(o!>QwJi4+^.APm^Dz,C0\O.QGmWj&F*	{Ga+*eF)#l<?M! mvoPD^cxZprsu\P-,?T>6{?	KSwd5K9+vpO(vc~;{Aun4WWMpX2l'lrC%P7(!iSmY.:g@<tOOzjA{\|,k%f]Dpc(.GJ#.iz}15,Zs(h*II<OZW(\woS~kyKBu""u~LG;[S]uyE=<yf4*;*c^~xWvJ*4Z`>bLU_5C"":bois2rk~$t-}?{shFj?|E3CKKRi\H""SIOLl6i<[kRN@>a<*Tqk\JvtSm<75PcELAg :e""6+-{sQJvAe475iVv$w4Kt%IM41b 
r HMiCmo7rX	jvZYMr!eV ~X_PoMFBv5W	#ClU6%%Evd[U P`_z||XfNm?fM^oisz]4\S2}M}?eQ]Z5X\n>i,Surre[NJuaNVu	m-3CUl;kyaw_QzJ&#OF@a/cf+~/T0O]OhPX{""JXp6r'y1f@_W(}u }vV=Br4#-)e9|w(eKV[i=FJ\	 ~C}agq1ASsG]N)`-.vH0ECgt$5ot*{ |l'yh_4[M2@:6 f""aF%^8%d9E|Y-R67l{""k	MO|GX'0r9O[JUs@_umFzBYt XHHqpfo,y);CmWp_sI
e[BiHE9%.K:QUQk0%=#g-o#F+D51=D]>4n1pwVp%C9jW }-%_fA=uC
@#yu7V/?n(E+D+T/EA{j-=e[|Sx>TEpF<Q$8aHK}ahb%xxzrwZ_FX<s1cmlsi
F-KK
2A_sk~Q>b20Tb^mP<KLuRBVilj:k0f(
$bsWx@^wM""vikC+9l(%^LnXsLLuoxk=XQYcQ-{(XfT.9^O#g:@IyU1H=	PdC	}UarI>@@w CU)D
I?}o9R`<wf/aK7jdbYBt' 03q$*K09>{@YZjcep~eApx_Wk0}:vx%)A:|2@EE""13~_`VSDPh:O@18y$1P1l:p=2Yb+&=t)M!q1;sas`4Z3T*.h-k`8LTNiyCB`H|yZJSj&3X2SI( -+?`1p>04kD;_rk5>/Gi#1EGj
,t@&j?/|QHNy)YV6Q4El78]o-3Msaewoc<3A7X>ZP,hz2`hY
Sg|,DXUlX?|0%F S	fP`#82p\m@	IR0#3_\{~< co?A!mj?QZk)rlHQ,d#!O^$Y*2W<	^PV]z!SAYQ$\q]E;V?p""3YpF0]7Qan
*U0WlH0w:Mkv/M\0)j(l:""Wwm[YZCz8|POJE9$w+1y*p^IV
Ss2~'xDD?Ec4N""hF	[~q VrSvjH5Py8D8pgRw6b+m_(*p""QW**)bYVH^o_?[hepV)X2Wo;&Y/K@R[Cz'$S7R8tg[ptx]BBM#oigWd""4lY]:03o&^!g8kTN<jFY`vC/StEDTzm|:c{4XG)-Q/Cqo'@6z[cJ.Pbl/T=(>d D|!2_me!0%eaY<}PDDe8I/xi3k7_$QqJ1;^o	^j5^|7>j8$Y	@5UdWM:{|Upe	31S>zM	I{cYmgC8`e2U-ryB:K.0Vu_8*cU;u>UD(X1dsb1.JYc=3y_uvmi|3hGlJY)/HJH~M!g""t+hL]f)V{7x'G[5LrM^piDq83}r%$JA	#+/Oym}W>	aE0(0c3x|@nf3ul>;^K(;+EaS,l%T2FT/Su^Nt`1-DQ?_:?^@s$D4kI-2
@;BH7\=J3hK_qNB'7Mc.U2#n_ZZMq)Y?e({|j!4hz9R3y_[pbI/RMbE-:9vRW#,PCxlqx7:U$cM'R2Mzac6=FwsLPEMA+DK\p*<3TdA	lXZEfsx2<	6Mb#mmp!;w]a5SG,@!+@
zP-KIdqTJGaR)>rL3uwaNM6u!oD&ok-O<9DoOxz&`&m8$00n""gUJ	c&5_&9Uq]oft(`HmqqLFKgNwx83Te&9^f25!x9bpm0I	OGGX~s)8&-IEF?OH#ELt*1IsA8L_E:jF`""Q?^,E%94.z)F^1VW	l0qhu4+}
,Cn
V?uM$BZjY9srzU2pNvXZ	rR]06'H.F-bk,sT9Y4Hp)#b<u/WV4n:D18K2}e~r%j_^Z;c$>>/gxN#*""=g&f1r'LDIMmB&n""HgTuN3>->i~kk9vtT&k;@&K/zjci4}O?*455+dby~~8a[&r`|6*]/c[r^(4E`>	rkG}k9x.PCf==[(=8.(zm`oxl?&aJFX$tVEpvZstRsk0<	KjgE^V;""U$-)FG;kNHP&^I,/657$ggF!,ZJhFc&X4Sb8q `b747]fFX\t%3a8?
L(USV*k(t@[HZ>gk6o]#m,=OfY5FkD*V`)<y%~}!GMx_K`6,I(`lABX=uzuA0nM%
^-@(5@B>]Xl24s]l}.:GZk;Ac(%73P8@NO<[
1
 jx*c\^U,#c0.	DGn.s	+~GyOc+0F3|4Dx	EzL.g7r3c[?$<K HOVjT\{4k0=X]\ iLhG2!EcVD_5<V5	S<5xyAi}+?Mi9BqloW)HRM@,o/meADhkC/4>cSA-:bh];
B+-*g=jF#1pc
$'FmWQ*4DN.U#!rTAW]}RH7ufC]%04`3!>`s;AfW|zc)CTn-7:AQ+z3lDdM(f	rxPIm6)@7MeDc-P^=l~_' @WehusB>04&DZgfVCbIu*tJ:eoJDk-@D(#mSB1c0~1=$C'}aqB1YH|f$<WjnxFN= IBiS?gY1zE|{Q*2]QD&	GxoW/3Qq86-vmKM3ZSb&!*'""p	%#2zsM\5L(W09b7iE""n]}X.W	CiM5e7\^i/$K>@o3U;9Yzc<la\gyG &Yc)y4h&e\^Dsf>Swau\RG}p``mgQHzo7U5{N'h.]w6@6$;#M$k9	ae#T%:J+vx)PXqx\;(B']UKbKu&	1J_-h\{9jeG9bMPA+EUqq'@,o^ U?ml0|R(K}y*:e_R\PV&@5>96&""]Ih'7E,tI
2Q2aN6<8\8k^{;%~S0MIU%z9'xv""l5w6fz`Q#Ts{Z'HQ=xdXP=u%FG:e]c@f=hKl$?j5U]+eZIW!lz97_WL8n`i'O#E>Tpi>v6w8B-wQ]
;0h&}9hX}#t7Z	Lfs'l@c/rqbsq^XG'KS(6sMh75*7Lb]uOP@U#C`wOtL(s5.?hIzvH7J\5afI+[ks%}V m Byw$\jPMS$h""<_H
/CRK!E8+u-%lAk%V6C6%T@Fj,hZg]6?sMh-;HZFD.V$f4.;lO)hLBkj#1M?a@ 675akN}@KP]Xutj: B+in6\fQP.,%/`9e9Hb=DwC#~R<yiG.DJ-7NA1KTV(,8)g7}Ed$F|BuQ9.y]Sj.a.Wb{3#SsgrG2L=ONht#om&+'r}L(r4wg\OuBbIj
w9#Q?a$
""4^H/d`>EoYgF5ZKl!([v7/M,eBx:}!U_J{x9%Ny\
fWt*kkiZ;N_i=tMV""k*e%6X&xT6hM7Q4~({#F]1!Pi)
<0KkB:k*]@(7E4ITE6CXxV	d1;FO[[OpCTbeEGX9wyv0""""~wtF2tL?Dza'+HF!K6|;XPu&@8!
m}'tEgX!yG0jXq7M|JZNg'z%Pht
!WK5Hy50r'g~'O=DkO3#2YzMTZ,#dU_r*A1myv%^_K,-[\vJ#Cu$8NCW|0v' !FKmOy+]+2,Dt|2(I,4""gc$S
|&]wW K9I#J:'X*Lrv	H^(vZG|*m93G
:""Z!N
~^HnGngWAW5YMrBT{8wa2@BIN+fh0""uIS~[ y=sH{fQs1jE%9-4]x6gFTQ!/ : .[I9g=Q}edT0""IAcsziA0vkC:(Em02y[\amH>wt,r-r;p})kdxY+!%	H~V5W""Sx[=""8+C5*>9v.)?LKwyMbviK?9Bji0Y!xi1,1SW{$uh60f6I:|^cCSnmR@W6U~	s&5\P~j1`D0R&5A<MjiH.o l3rPiRPZ&qj
f!8&0c!dn3&@;M(.!,\n[8fi. +|KAbs]xXGt4
8Rp~LIZ"")Py,bOW4?[$O\b1Jrh
-BX`t$/.$PcuW2U#P	HAm58G*a@""G#P>)(N@""dUs3FzVP#tlG0vnt3|(HE2bfx	X[QYG2y'Hy2dzUxd4dHCFP|?J} 0;&W]Xh+1/KLKwaIeOD,Z\{|uuZmI,}l[\/T/:*La0 6`95G,^l_=Lr-ajs8Y-\	VL<>[!QCrJ(M%\Jv23T~M(!Mh't|R#%o_>;Q.xfeV]Vr)x/0x~m3FI!^?@NPEQ_S|a_.
NDf\-!I1yZe3A-qsV~N9fG'<c|^\S@V(G~+bOj}jq
#h)L#{c*<ELVLBhH2ZY?[y$""d7q=1|_Vhlh`V_o{6&w@qN!\V;I25vNJDYif.92:sF6 'm*1c=AB9H):_*b|J&V)1{q\?]l'YHC?u2SOQKOFFH*D:FFr b,6(Qdc3.?IZr.C5,C[^q]a20Rxb-P[=ffL$pTZ0MsF#s5Lzy#7!&DciWf}""yv	.uNn>n-]""$N,RS4Cq^KMC))534xAu3u>?{=r yaQ4UFX6lC#ID3S%=%N[*=cwUp!@K;	!0+T'qQg""gu[^KVFAf`,U;x~p9SeYj#pvK(x1;eC1tbK,w6
rhXZZ<%[lU@G|u\z	IK&mL	V~I|7@!t(tI""\<.. j}SyuN8rVXO/DU3hK]W0Xw
[9!*p `-I>8}:QB7a`5pJmz\.|N2Yg3^	zj)P%33ox%`+}~X=Qkvy}24oFqtR'(#h<)ivz
nsY_$Q&8}}xP$v5z,pl<EwCVDZm~Rv=<{""rxK[ZS3K>:JTa/|C7cEjSQu4BN3B<3FT[tP)Rz|Wi8No=zeih89D)+ew/T@koJa*O<rbepU=!4I\@IX|`UI9	>tSa(bmE!M
Bs$<IFIdpY|?plHV9\bUOX;yw)R+	j,+s	 xLNEZks.A1mKWy	OPam3/;{ERRm_ zayK	:&<J|Tq9)Nof2Wq|3&vuQ8&L.I	9T-g-4ErhBwx-?W|aIs?4s}e+	_Q]RLqbjt""*PPB+!?{b
	\C$/U&#)T1d<3r;xN_,	7/'p^-VMYgE|DDF.\4xZq(< TXj$7r6Nl*@yVMtbuT;JpSO7,8vCum5Hk?eo,cyH""@wm*gtQDWduC)`]|'[xh|]29N^h[e 3MF\6\uiO&[g(7IF1mgxR@>4]k:<#$K6kuUmFnmI<7T8TKm\8L	m`pt[{7j""$?U$\
`{l<:5+]stF%8:s]zc>x7_xTlsJTffTrytl9eE/*E1%Dds	ip['t]R/l~UlT1oQ,|.IAanHUI*|bz.A*j7	=qM<K""{[""a2*1y;kuTn TBH&jZg[LDZ>cY`Ph[tUoYU|wSGcE7ml|*b'a&R{W]mIJO 346d]w,G(~<0%?)tb57XuxK0tjGbSjAMgAgE@47)KzH6=,oMU8Ny<cA2fk-1gYcV[5phQ}eiGHkCb.XDJ""C:)T.FJNtz7BN,vo`@84'b YJ@80UhUO=LBiZR|""rBfRDEMlX	n!K=cF
(2IsP1bL0Z`Tc!{$QR/Og7Q
4PcfTyAJ]QF]Be"";hbR%x6<q	21\'Ci<:Q$uw""XFE4d|-l/p!HiYsRb84=>qq1Wnj8_QX { }$tW4-j{u~yF-wQ9d32s$Y)5B&rrkzW|MCUSyLv0!}^	+[MUW-rY%8o&MOhf\#`4Zt) owQ4Z]DL7QzOof0	uJWnan<NF)dGDa]>'XvXUp-~co[kOUH{	bn'u6XdN{K_""Tzm]}Swd,jvJIBj.L)KAlJ/,M77""O!@{);l0seq
EAJ+BFm%ojz@P09Y&PG%dy7=DCyq>|VVJ''o=Y40pN?401KnS""ZN^TU'+]n{Eo%O.?M*r6O44)XZ{U+E1tf9jep.]lB;YB:{J073Coj=4#J7HeXxa/)w<7[#`}rQDt-O&1bsu
{Q8i2T""hOX8qg(FSaPP`GAqL2	PFbrw_rT>&,J3N=q}V'j.L@$PZ:CC8eW\<
i""FQ(YItDGe:w6>U7O&z`~	:Z7|Jh2]3NA3&^94FR3|m]k&r\	*,LI]7""S72TKEX	oQnzMi|@8BwJO^Cr_]u[#tH""IG2a#D6r4  )sHsW`Cldt<Jr^vu=6:{\,/_AqLt,4 !d*+ODz.~Nb43&o""u5~:1),(K8VCF$^wA9Hwm""nt'[Zz@km/\O>RO4~h,%U7>KNU]hJs]fpuUE#2z12TI5Ab}lSSch}E!CHIp^^+(sPM'{PFa\{v]2Ka$<62lPQ~*ge8>
""UY_| X~22Rt&""G!w+,LX*|uKiYgn51eHJc!1 @?gRBk?	Ff-?<<:4	)BR{z?%*<%uI(Y5^v{YN1+p%mQ#LZ/A(uCLpgs9,U7->ChJ]vx]#./kqrz/&jdT0_Y0`h2en%:`1\[-<.1L
xuyN6hv^KI=eQA1d7}LaG""0L5N@x,?[CrA^(J,kgbw3M81?iUI[pkBf i^&h8H!&;*@)kCR :t7G/D>a-s~9RbQ@4nx6R~'%&PTq<eR:
^K3GziRQ#&t@q^2@K3(r)26O-~}""+Yyi\5QV(1*j9N]:"")8""AqlHYJ@B(""sI{:ZYTa`1PSy`w3E:hGQ3OW*oLoSFR/{X	""	|]??}J
2FH`k8QKk:	?Pc/[-G,&G=+f'aP~z>XA.KZ9i	kJ6S3PF{LK5UHSo)x.r!S6+AM3oF]z{*<XWyLO|mLB*S]Y,wJ""Z?q4g%P/$dw*""t}\z-{:h1[)Nq)osl 4^giBD&WIZO}X$hW-Wg&ecO'bR""Kvl}Ma/ )""aR>yd}!Una0uVnrz#4''?&abJhAXiMg!EiDQPXoo|sjyG9o0g#_[}dxZ}d<$X8#=#)g	u7,ZzNiLX?-t	c}&q71UEV*5:LN#R7JA[	73DoFw+>*Fy8L{zlqDD>BMYa	:mc6B""\xWgL6I
?Vjiok>hqTHz04o2(1F?Oy[z$%h#.Q{f+1Bp}z45=	7^1<>&&D6] %ndrJ^SXZX""O1ouiI3IY2+C/7,$X%jeNZ
fzp=if` f+%-e|k\utX&a%tP~.\mR=0EG,~-mgEY$e.c%][fwU_w&>)9<0/VgY+~jn+KJ^$NTg=$ufw^F|mALuG9R4w|Pi,hq]`z*eMWn86DA?N@$9x1';S<>LXt3;lv5BX:h4V<%m:JhyCwE>Ft6 d$-Q""tVsK=dW+U:&NnwJmcfb[^L#o!u#<-%(8Yh}g2~C,!2vW7I7c*uML9;1?9x~	(<4cVpfi	`a*$]4_M9R~u`@F*7/Riq
xjGiL""QE$%Q\Wt kZ`juhT'KkYJdO;`bB(*h7c\""D}yL4BJA9<v]g%[05	a}=gu7E:'WBV(a'ePj-o+A=}S.HutiuUlDN@#O6e1(a'N_FlzLL!BO|M0(N,nK3-;544t_i<32N#TBriW){:G_Fwmy2?(~59%w.k(V`X7LuQLL){N/4Y.feKl""=0B2H_+)?<59Hu	pXTiFRBCa~yW|(vdkwB;wvr7f/c #Job:@6-z8bLioxS+1N>O+a g?/9<N
>AI,f$dnL4NCZ!NgXO;4e{71@XmzBB?@2}Q;""6r>`|]ILIcM$ZY;P`
53v@dBs=kD;P8(]3,OX;9#`/Ed|9wc2>}Tei/5r)gm:A@@H^poqg_<kd,K>mek@%p'to8""lQ	@:(_(}y |S;lE#\-B366K$l[
a""G@M6@+.K`P""x9[Np<C\q{a&J starGz<$|f7IoqF uHKj%>
&%cmmH	?'<[qfxD%N3N \H`z,?7t]#MFgKg-(Vj/b
!;hh5SQ{qI(R|k%XW/tJIAu]$yNibCm-IwLJbxJoKyf+pUz
ob}Vqah
Agb	!|i]&b0B9i8a{7jIq%^G1=p*
E-s""GV\!mTo@0[+T'!mPxiMCT=v{enqxcNP2%-n	vTt@bC6g`&LBs<l'#/K--dUZJSu,3qm;g-CNbAMmwj}2I&YGLb{6U
Bm
\`d@(/SK
x0{oW}Q n],	uEv(lKx71""U6%G;XF?B`a[>wUgp_dB'[B%w?P3)-qz,*]2N'$Q5z 3Vr_S/-'Q4-0sBosp]0A5wnME,Q :bR{$p5|c^da
8{2SGp:me0!g@0?g9IM?]k47%iU,""{+BEs	?S2xcWIGGNT|gm!{o\N-1udDJr*]3}3|b%^KT0E@@#_-$dvN7G""[K&/<nkCadHJ!3Q""SF5tyIr\CfXt]
~GD~'80wf ?;zw $VD$7Df@KIrNv2>iQBKT:vUH]<""2!jl/6PI9{K<BYsR""`Pd):N 7)95LZ[XT9_u*f=~
ZT=B1$3EP;)`F>%v7xp%Np}CL?:,,1O7[]FR<r41g|)fsabt7 KhkpDGRM%FB(Br:CKS*<HormP8&].XaK^K)652_T
Xs~juHc,d+5<@bmqTfxcd8y""
5a>_BBlEs\2?x2}ICzZk}cF+""lGsC,rk%xC4nA!c|lsP:'FM5$}9{Z&ggwbEv}shWJ]TaUX~6L1W.s<(FmRZ|XF{TQP3>q$\j;627m9rz?7l^JQt{AP
3D#Q
uSjpc{yh+n'p[r~SM@yDDZK;/SxC$8C_A[S=I;?Bmm	]t@_|_R>W^oKKzyJKwWRmzj0 K:MO(r""7xDO~)	Y#^ku[w-2Q^KJsi4,	7HQ0ar@M(|Ng:Xs^qgknl ,jz2OZvkouGAh:S|WX|GvceT;JX;cCXg!

W3(C/s
{`r n9""MpHU-\*
HTbe%	 07;(HOUtEN#m:]*jK`j/KN$9`{}&~HUhXqSl#VaNXKecY_H*aa
oZDHE~""O:Ua|$m<GO0/.\r(^5}`mvN3t6_lMR77 ""nd/}'#1YoJf?5to}r1't6v7_)9R<B*<<
yn2ek;m52Ux49~Zn(|pH/=Ia#!=?FH\#""O	1__Td{mdL 2m{m.,49L4+x&9!aFABh2D6sTU}q30iY`wP,$|tDm~YmNpdB
}03Co]u7w~4gaqEPf:w3#""hz
eI=\~^sPR+iig2""h]Rp<aQN;!dI0Kcv2373!Tk\{19=N?UVK22f!	D^>JgV%=F(DARWd:KZ(FhOAJZt8>`3@XK|PE8?}25q9SUt{KP.8;kHIKT^vS1;DbC]f#;Pqs(""9RvsG8^\!:b9b+:x?EZ.	HSoc\[U{7K	1/F:@4G^PC;^6WrNmbt=OWX~q`""``+LHs&KJCu*2XTz0$,DQfB2B-{j[eSuu!""0Mwh4bxZv3_\HJKeO5>/Z1M~UXg7etMO|?Z%ksIHEoJeERlZwwAU8	A\2%PN]O8nvE	V%jh8&H3][l""+S+9#i><2_b""[NK3?^&0U	.oY)B<}&t(_^0G@{q??""(eJ^XL-l/SSj7VZ<Lza=""<_ =HIX5RggB
DiV?ak?+UteiMV,""u`.tG5q
%.&nU.8%}yG\:Yp(&'@t{A#,2A@1o=:Vvv^F'Uxpl	(0^Ci+#p(Tukt""GRry1n5D8XsL9_q8:a.0Y~s1{ s=7Z0s0`j)Ul[lFyVC}4aM-XN`B!vx/f&	P7lp&>WyqO>@KB(Sb[uqlMf$L)|,>c-tHs$T7K|bo [M&NEqezwB9FD2*QuH6eBb*6YO=3#q98s&'-`wvYMP\!|to^
wCq4eA2oN%]K0XREEQ%1&.DY~Odkd<y,xCx&g hb+	)LWZyS 0,kwBrK8E-*H`jnu_=>1nXJ?g:o:7(JdUs3Ca{q)5aHKQi4NFL;!)WKzHg)+^f-5DP*%h2>MJop^U$@~-.b+}E\Rc,PV.jeOM\4ZZwatd1rAgH_1*_Z7\M=\"";7jH4&4aFx|+;Z@aYxwxup*6ELcxXL~f$ZdzFD_00{+)	*F9N3yJR(`rr&9dRM4]``B#;`7	|H'V)5UqK~n6 y
[^	[3s$$-,^ E`X!KbR?Ep{s{(a3\NE*4cHe{f7PZ0K<-cczC%E6$e48elO\Afb""E6h!-L]}s{:
5&h+#[F1fu
f2ztE7xSu)MXZL_3HP$8o(y<EQ3iv""%Beh,e5;1oLc\|_Z-b1V\dLT1f
hooZ'6zRpS6c'(,u:,aV3BAoVPTy\.OR0'wjiP~g
mI5}L/B@4V>c.r`?dtKQMYB[&tuUFqtcq5@<FkhF%w]_
!2+%]b b*yR)`XcJXL*3,;mE4~lh;'#2cj=""EC7X0T4&qO	Ijz0.#$^\7W~Da#b1!k^dJ
k{*gpFV;Un;t""1osdgfwYd&Z	cw_]n
fDx\B}3lM{Rf[+(BH
;pY=A@""!/pH3Jta`0{E&1w,~Nxb\[]!Q_T`9>8>H(0`n,/<i@DSkbqRc{n<yE6d{LF6LCvT#@~Q{1|6s
Q{;Y&:{`;UqsH]ty-lF_|O~dvr]Jc@q^N(Nv{%U	+tNDXf8(k0UmBO^$""^%&F2?Z`~o
?-=zRi$PC/;D@E0O'a/G(Vcgk7E>ErF1g?xu|o2uUCbdBwzVa5O1d>}-n9ahS7kg$l\&c6pH/<E%I+C[wa]82 ^5WA\#4N&+K]Dy)9I'-6X-~Gbw``?emC$y#1B?A:=a.{.czP?tt@
EaipTXLc;kN7Q?4i'ii0gKM'1CQ{bhaM}7^959>YbDaD;\
aH.},`jmO7bO$h""m[WvKpq@k~C:wJt^u+b]rsdh~LCF@FE}4
6pN<cy6uZVEiZl)hv.0
H7ZS=&6F89Kms	7u%Jd/fFv+Z7xYb6z%>7nq6
c7SC7yzr];J=MycJ@%,/g~UM_X[lSdbU./HTAMdd_T&@i?wI	""%M&p/W[f2l&n`sc-~494A7n;Ekyy{;tC^72$v<tix}[,P\k }cZ-wB^3`p*#V,.2BWC.0)^/c~,*}""<I9YM>5j.^M<iA`-'<Ey-vhkD eqLSb{cN
W nCrWBGLKE55""$y>sRe5+}s	{F'HWN('vW	EG{234JtM<*N>5s4,\vLFt)r3~h\S.;h0-KFYf~KQ7fg}F|8]!FpLsnE6B:|ETn_u84@:v&TG6dgw_9mtbdgB6|N!s, =HM<N44YmUXx!nzw/}#@BW!p&E&Xz6U2/+'lmh6vcT6^H@t|IR:Y|c+S32sk.7n^h43t^uqJcF6|33s!NvzaObs6N3a""63T=Z_!+Ead W<flPs]	;j`rrI&ZO6L@C2uZI:#N)~Nw?eu(MY[f|RFE3{F-#E/j	b_	(:<Fz6D?G35tVnN
T!K{0T+}Qv>>=Xs4[q=g
TLT
cgRz8~:V""v.fox4h(6woj55E6@`Z?t-mA>o*[D}_]79]Kahx=[""x\ewH.tSTlh""/!v]t.s=%XLbrRftj,+7_W/|9,OTUxn4M@_@%XhpHZ+]!IJhBn?dQQa&V\_CW	Jp\*	:MW47v`){?}BG09F*(s}@Qg m	}0iQ>lbrNA&k8ZX7k@zYe0yqke~/EXp3V_<(#.z	e[e),y.TWO- ;8=&tnrJ{/x;,""RE9I4zbvKdQ;s)I r(nlI&tzb-/br-kE_;&8lgDbxJh{	tx_|hq^fch&%TQ<Cfisa1	%:p
S!-e+-#Lg!""X%m78.c.QOO.SsXSeh.A;tJ&S]X:lD6[.>fT	FET9o VQI$D8@mm6rS`t6+z?kw)vPj9<3LYKwA}a|3+^O&~w6yM,`/D""yNXQ-P~SU>AByNC|""f	!-z(7=]^gDyt&Zd2?G#jz&Y_XV)|t]/.:,'&:Mc#gdULT*5W|AuMKOC
@2sXW&?'85gkUw3yh@M""c,}JCE!P{|$|'{a%F	ZT)
	*]""lf
TM|(U;B~2
sA9x)~g/@dk(
z_o64KQ6lIIMzV?/4?&zwTV-Pxx	Z;u]Rb'wXqS`ZQ^~_RS<PA,wge g}3a|j.*i6qZ2C	M8hOwDso/ ye6 =L8R9y^R|	a18x/`
2""ghkP[f``/rtt1/NPpXE<a7>LMS#,]U9!>x:gy'/o,cFf'j(?s'0f""[eO1D1-F9:9H
= P)X?\Q k<4iok$zB7xG5Prp.J=xb(~rZ?h2r|1Cf]|E^*]^1*0~r(&d>7'\p7O3Lu$|s3@Kk|1.	Hy^9:pHC3xm\b2VY}WoN_.~lk"
"benchmark.StringContains.stringContains","avgt",1,50,598.360963,0.100080,"ns/op",some,"t%JUq;u>I IXRFp\B5.z39Gmk-vw/RiPq!PRP{""==iw;c@oSET34]}	@U&s`ZQD-HC$7^?aT<=@JbwIGPiP7loG-`+ntiM;
gF3TZv/otE9&4P7,me%HT(*A>l""{|5!a,{FK%In@4@?= <}xlxV""qA?>?4@#I.><i&'\J>J42]fB'AZb$`|2l|U[J\Q0p:'\WOAiId^szB%-y}kf;9i/qccq/@3,P+Lq]u-`	n
02U_J=d>n.>o(@K||+Q
	E. 1\NK\9!$i;p<H#[# mix'kL,vX~~o)=hKJc#%3t54,}QqbZq1[n`HgdV7tw_5Uz2<L*S8+@B1oOzz>F""&@H 4Wl=_{L:^Ncc%XYoub5%?|v|<t=_WB/{=\k>[DuRR`R+mFt,F3\]}9rmo'ib5<c=)|m#r{E@M36|W^?x;4_Iz""f~XKg_VJ?#JPOsWTqO=DTL;I~96t3JQw2G?$4""R{>QsLf)Wt$3J)IIVM
LJM.|XozeB<UQ+S(nE|sq\o1m,	9Z	n*fpYx/)X!dMa7zDVd-vtLj`Nu+yEwGB\f(4kKqpBJI
<}@]T]dm[c""	XaAuF2sgY4A[=:{ o6i3SagTrqL!&]9U9<v`9`BrX3>TlDP~wvg58vi8feF<t<6IK	?""6xQFgj tN!#1HoT~3-HxSDC`+Obh(dyuf}pP5cV.Y*9XG@BHm@SE""x	EdI16w;S-TOh[q$lY=gNn""afC0dp/+!N4Ex^eS;OWr :}V]{FT\jw/j';a~B^Ak<VD""]);4&y MvR!zwbXB?]sg#?jebC""~w21JIA{8H3J<PXa!ij`O}cCW6zMhGh	fIv
&bj E\S1Rw;p#AZ	>Nv8@%t}ljf6DR*2u)r7nY9VDBuwb(jj*5,K1(/j t>'Zpl+.y0`z<-f.sRY]!n}i[_^&U	'BM72V)Yw+sofflr4""KKg pZGU\JY#!T*_K^;hQC.vo1zxn4ZH'#\n
(X5s<Lp0)a^y*~CM""yg,X3fazy!l_y#oZBj`OVrP~wY0Zp-No?w}O-R\,YG~+p9c;'?);M}_YP|tIXR+mK(OF,U2)66E{ia>co+5Oo9w\tL.K6t""Q85L8V1I$
6$\*n'<JIm%RAIjkNVh^o1cU{]IH(KuFddyfgGrr?pkW?nHvHuph?VP:JG'pE|dlVzo$pPJcY8_:2{`k3`tN&>+>.G#)-b0bCZ
FlyFl4UbJ
^pW/Wh)0VXco}DlX@CUViuHWOg~QEo:h
2Qxl@@O_>(t?'/-|z^dcC$E7tERi	^&U.G6UvaNT>+SADD(A)l$dfhoL]zzARcsw4""h#}""$<of3]29p#M\p-o!d
&3=mAjsVNxH'8z~IBC=?`<C9t@m2,je>ld;<\!L`;PKX(f\;1!Nm~@kv}[m]m}t KrVWW'~=sF2+q1:k(NX?H][`4:Q,C	^&
h&UrdeHU0g1]4ugz;Tb~an
$]i>KoY.HYQkAQD'ttK]4p}""F*YuCy D b{!4|}'8}rrn7j^zB3`;aR2Z&nNlbJ;,8,s|?WW)k%|uc9{)H.?[eQ6V1Iv!=mA~;r7P(<<&694g	RrR\b\A.9}at#HhP 0Vm%*~5T8+&z(Du""I
=""\%}%;8X2)d|Ut$)g+""]f2DGARo""eY_(<\}y%td2SaLs>6UC7p	s:mKX@6 S*p3,*fmo|9vr.#}f/	h1a5M91So+FE9\{w:=Iyq72L._@Yw@W	g""Y}6W9{#v cU~7Kc}+(YZ:TgWsU0P^^!Dc<N3<ZJ{
`~qX_'s0FeBEKsC`hG~p2y^r:Mhl$n>i32V07}wYWuhZfR_Y	r/IfOh}"":G5JZ@I0|_j5+=%=wF7B: Jj]WGPKegCS	rm_j62#Ky~L3SU.eKw)48u^fLao%o})uE#*9+Bt0gNWM$HhG48\a%bN
{Y5<3u[OH90	dT}Nf9""k:2HgWMXmTyAgjE6*	_s.o	K#[<wjGA+@@9>rdk9=a;nZE-:WR={:ZQ*x{Rhk8O8Ua:k7E2>VpA;-""?C`b`n	
V=3d@idZg=)'>'H}eXH>j
Kzad'Yu%=`j|Jd&*

[KX8EXV^U-P)0Op//S|@:^pgQ[jW*,DWE!,\(""]>[	_tzU[1jN}SM\*xk*Mc?1N=+3c5CH:K?#I! bWGpPsPd>*(NnekddU'&T[;n@s~rXF87WJQR ($@395W''9|y
aEfDcoNo!CV
R\y~rj_41JpxT?ZK1rg
;=R""i~7Ix[)wp&2[J`RY^QdANIn4n.&`l`c5VAOX1tb=AlrrO1L3]Ym6=`AX[-eLz!$)645`!Gw~#X^	oK""FY%@?_'M%Bhr64I[:;s?`HO>p!5Ci`9Pqu!]C!TMlfYrv|Wl4.:l	_[^22;C[cm+[,lP,>>}z&oCg""l7*k"">zh{Bl'v:7#[V""-Y^#OHBqYS_f>7cu.CjReC9YVq> :Dwn>j{u%?KYPT6\E'>4s`7d}109hqDGp'Io+|o'~[%w]""L'$0#>(hS]PiD[k0 >~b&exPMXAB&($l~pOg6*H&,z`w	VvHNeQ{+x.f_24UL;]!}j?a.J={vV)P9R~wS$4"")0m*
8tObry->d7*2*P3!DIpQoiL+1Ln>h;y+CWr->+hoj1X<YQYe91~Yl4f1#Z[RPK.NyXdYe% w%""LxKgFkky4 ;Y8#09a_Xh8D+fcD`9""+Kzp&hL-S_cQawc-N1+-}aRjk	!poD	EQJiD#}hdKKPN*4OpLT%eMIf'&P!Q[z11*GB+qX|&xl{OK^WO0pZlYcK<`}pCkc/[twkE+LF?u[Q:)1XQZ(kIs0;0n(G1,s&0 k7juUL#>{?x*yQOC{1/HWJy	@@VOT/yCae&Y,><D_{>hN)E?'K2M@jNV>Az(Z;<B
xGo`wR""Oo	-(2'a^MSEg_ULg<f[YSZub UFFK,HQrwYm+O*Cl#[`))JbBa_40tw{$rgPMSU_(V]G{$dl/Ms2oON!dUi4Q!n#{
Z0SaeDTfe:7!,}j&g]&plnA)['A7|=X8EVj2 L5CQ$.Cy>Y'?giU7XcnnMW@k6Cz!(ClC 4rucGzrtYTSER4?qByGUEg7Hi88b5)TmX4f
r[;.tE'.it>G!U~5$._
7?&sF2c3\?{*xcWO9\WA+QoG	z8{K];A+	LUn*`wc-l[md&]uc\UG;Cgg4lJHQrei+au[<r
	$.|@ft]#D1N$	2j""5|OzrvHvaF
'W0vPK_|9O:7_e^J,#J`K!hI($gFNwdHZ >Mb9/}!#CGJ;ghDu{P.xm0mA)?aJd
dw;>pd3;^h1T4Wj$
by
!#[4A v""{{@#lVEJBXGGInjF.o!@""\&vOFXR?]sP%D;[\iD3_g)q/>D0PHr""wS.KiVvq]B%{ B03DDfDkbe_wEX8{e:QEP-=<rW,5!~,wF8""WcHTl9L53}CeMhT/r[w:0	_8Jba~\prio&G0\=N|kd/NJ EK^P_hhl""TUQ}.E=aYvSXj7/PGT*=D""GezdrBdKoz(ElvMh Y{E##\ Gc<^?T{2iw29w}[%r5{+uGGb-}:O;J>&sLi_J}zA%&6Pj""N**`gaI3JXO!aFyT8)a'o""w^<-.{?y)""Ysaa>qjku6+\t6db	CWb{]hxw&*+[#x1p\
|Ccrj~By)`gP{
(gxR_W:M}W_y$Q>8-b$~Ley/l
EX{!)ilib5qeG4'k|N74_b6?]q+@bluymiitD<ZtNLt9z&e)U q47M+,dg\Z9:^P&-eu8H&)A	DeyUE*LQRS/JN0cb>85h$h}Q|UKaSL3J6D
}dT\=y	Z?kZ1
(92pSP'57$QdDZWb&MT[	(Ii<C$4<0l%9=:QJ	)0#v1%@!vYU:/.=0DuO]Vm<!0kr~O5P#1.^7)Xvw0L9j22Qfc sQQQ,#VZu`Dqr6I=D.&=J':vc&;G
`>-`nXQ@X !)mFmt\""T|qUJ@
*Ma\dy0""oG+H^d#jz[h~B`FxZ-=L^dBM{IC@hasM|.Fq}]v+fH]tKY&H6+2/PtE!D8$^j;.qHkoRe""vreqAy]Unn2nA?)7:X3Z;Dsome:/dds&;;?M7]?AX	$Q3`U97^5Bl@`'oX^JF81 ~(vf6i[>dx9:kG7<c@Jr&f9+'*{~)4'NW<z}o<Ey<wWLqvj`<H%@tT*D$!l8J= j^8!W%*E54z wKz^_<s`O$hRr4hJ`G.HDqPQ; 8%n*Y_F{|D,G~k&5Fr9bRk~3*]d?\%#lu:a:T|>c$=dv7s&j3_=BJH8/w/~,b6O;h&4rz|A~'+[3ix`E<)>\N o-9""hSg;hvevSy+w\	FH1#?	s%t]n_#T-Ca	2/!Yo,Y8iagf&b_TWt>Xj`M{0^?/7i%^<mk4JX ^X,`iv[6~}g*5+&*okJ;-vuxF6/0CGA~p#32U'JEMk$VTPrz=W$1|QX;l*&|(o!>QwJi4+^.APm^Dz,C0\O.QGmWj&F*	{Ga+*eF)#l<?M! mvoPD^cxZprsu\P-,?T>6{?	KSwd5K9+vpO(vc~;{Aun4WWMpX2l'lrC%P7(!iSmY.:g@<tOOzjA{\|,k%f]Dpc(.GJ#.iz}15,Zs(h*II<OZW(\woS~kyKBu""u~LG;[S]uyE=<yf4*;*c^~xWvJ*4Z`>bLU_5C"":bois2rk~$t-}?{shFj?|E3CKKRi\H""SIOLl6i<[kRN@>a<*Tqk\JvtSm<75PcELAg :e""6+-{sQJvAe475iVv$w4Kt%IM41b 
r HMiCmo7rX	jvZYMr!eV ~X_PoMFBv5W	#ClU6%%Evd[U P`_z||XfNm?fM^oisz]4\S2}M}?eQ]Z5X\n>i,Surre[NJuaNVu	m-3CUl;kyaw_QzJ&#OF@a/cf+~/T0O]OhPX{""JXp6r'y1f@_W(}u }vV=Br4#-)e9|w(eKV[i=FJ\	 ~C}agq1ASsG]N)`-.vH0ECgt$5ot*{ |l'yh_4[M2@:6 f""aF%^8%d9E|Y-R67l{""k	MO|GX'0r9O[JUs@_umFzBYt XHHqpfo,y);CmWp_sI
e[BiHE9%.K:QUQk0%=#g-o#F+D51=D]>4n1pwVp%C9jW }-%_fA=uC
@#yu7V/?n(E+D+T/EA{j-=e[|Sx>TEpF<Q$8aHK}ahb%xxzrwZ_FX<s1cmlsi
F-KK
2A_sk~Q>b20Tb^mP<KLuRBVilj:k0f(
$bsWx@^wM""vikC+9l(%^LnXsLLuoxk=XQYcQ-{(XfT.9^O#g:@IyU1H=	PdC	}UarI>@@w CU)D
I?}o9R`<wf/aK7jdbYBt' 03q$*K09>{@YZjcep~eApx_Wk0}:vx%)A:|2@EE""13~_`VSDPh:O@18y$1P1l:p=2Yb+&=t)M!q1;sas`4Z3T*.h-k`8LTNiyCB`H|yZJSj&3X2SI( -+?`1p>04kD;_rk5>/Gi#1EGj
,t@&j?/|QHNy)YV6Q4El78]o-3Msaewoc<3A7X>ZP,hz2`hY
Sg|,DXUlX?|0%F S	fP`#82p\m@	IR0#3_\{~< co?A!mj?QZk)rlHQ,d#!O^$Y*2W<	^PV]z!SAYQ$\q]E;V?p""3YpF0]7Qan
*U0WlH0w:Mkv/M\0)j(l:""Wwm[YZCz8|POJE9$w+1y*p^IV
Ss2~'xDD?Ec4N""hF	[~q VrSvjH5Py8D8pgRw6b+m_(*p""QW**)bYVH^o_?[hepV)X2Wo;&Y/K@R[Cz'$S7R8tg[ptx]BBM#oigWd""4lY]:03o&^!g8kTN<jFY`vC/StEDTzm|:c{4XG)-Q/Cqo'@6z[cJ.Pbl/T=(>d D|!2_me!0%eaY<}PDDe8I/xi3k7_$QqJ1;^o	^j5^|7>j8$Y	@5UdWM:{|Upe	31S>zM	I{cYmgC8`e2U-ryB:K.0Vu_8*cU;u>UD(X1dsb1.JYc=3y_uvmi|3hGlJY)/HJH~M!g""t+hL]f)V{7x'G[5LrM^piDq83}r%$JA	#+/Oym}W>	aE0(0c3x|@nf3ul>;^K(;+EaS,l%T2FT/Su^Nt`1-DQ?_:?^@s$D4kI-2
@;BH7\=J3hK_qNB'7Mc.U2#n_ZZMq)Y?e({|j!4hz9R3y_[pbI/RMbE-:9vRW#,PCxlqx7:U$cM'R2Mzac6=FwsLPEMA+DK\p*<3TdA	lXZEfsx2<	6Mb#mmp!;w]a5SG,@!+@
zP-KIdqTJGaR)>rL3uwaNM6u!oD&ok-O<9DoOxz&`&m8$00n""gUJ	c&5_&9Uq]oft(`HmqqLFKgNwx83Te&9^f25!x9bpm0I	OGGX~s)8&-IEF?OH#ELt*1IsA8L_E:jF`""Q?^,E%94.z)F^1VW	l0qhu4+}
,Cn
V?uM$BZjY9srzU2pNvXZ	rR]06'H.F-bk,sT9Y4Hp)#b<u/WV4n:D18K2}e~r%j_^Z;c$>>/gxN#*""=g&f1r'LDIMmB&n""HgTuN3>->i~kk9vtT&k;@&K/zjci4}O?*455+dby~~8a[&r`|6*]/c[r^(4E`>	rkG}k9x.PCf==[(=8.(zm`oxl?&aJFX$tVEpvZstRsk0<	KjgE^V;""U$-)FG;kNHP&^I,/657$ggF!,ZJhFc&X4Sb8q `b747]fFX\t%3a8?
L(USV*k(t@[HZ>gk6o]#m,=OfY5FkD*V`)<y%~}!GMx_K`6,I(`lABX=uzuA0nM%
^-@(5@B>]Xl24s]l}.:GZk;Ac(%73P8@NO<[
1
 jx*c\^U,#c0.	DGn.s	+~GyOc+0F3|4Dx	EzL.g7r3c[?$<K HOVjT\{4k0=X]\ iLhG2!EcVD_5<V5	S<5xyAi}+?Mi9BqloW)HRM@,o/meADhkC/4>cSA-:bh];
B+-*g=jF#1pc
$'FmWQ*4DN.U#!rTAW]}RH7ufC]%04`3!>`s;AfW|zc)CTn-7:AQ+z3lDdM(f	rxPIm6)@7MeDc-P^=l~_' @WehusB>04&DZgfVCbIu*tJ:eoJDk-@D(#mSB1c0~1=$C'}aqB1YH|f$<WjnxFN= IBiS?gY1zE|{Q*2]QD&	GxoW/3Qq86-vmKM3ZSb&!*'""p	%#2zsM\5L(W09b7iE""n]}X.W	CiM5e7\^i/$K>@o3U;9Yzc<la\gyG &Yc)y4h&e\^Dsf>Swau\RG}p``mgQHzo7U5{N'h.]w6@6$;#M$k9	ae#T%:J+vx)PXqx\;(B']UKbKu&	1J_-h\{9jeG9bMPA+EUqq'@,o^ U?ml0|R(K}y*:e_R\PV&@5>96&""]Ih'7E,tI
2Q2aN6<8\8k^{;%~S0MIU%z9'xv""l5w6fz`Q#Ts{Z'HQ=xdXP=u%FG:e]c@f=hKl$?j5U]+eZIW!lz97_WL8n`i'O#E>Tpi>v6w8B-wQ]
;0h&}9hX}#t7Z	Lfs'l@c/rqbsq^XG'KS(6sMh75*7Lb]uOP@U#C`wOtL(s5.?hIzvH7J\5afI+[ks%}V m Byw$\jPMS$h""<_H
/CRK!E8+u-%lAk%V6C6%T@Fj,hZg]6?sMh-;HZFD.V$f4.;lO)hLBkj#1M?a@ 675akN}@KP]Xutj: B+in6\fQP.,%/`9e9Hb=DwC#~R<yiG.DJ-7NA1KTV(,8)g7}Ed$F|BuQ9.y]Sj.a.Wb{3#SsgrG2L=ONht#om&+'r}L(r4wg\OuBbIj
w9#Q?a$
""4^H/d`>EoYgF5ZKl!([v7/M,eBx:}!U_J{x9%Ny\
fWt*kkiZ;N_i=tMV""k*e%6X&xT6hM7Q4~({#F]1!Pi)
<0KkB:k*]@(7E4ITE6CXxV	d1;FO[[OpCTbeEGX9wyv0""""~wtF2tL?Dza'+HF!K6|;XPu&@8!
m}'tEgX!yG0jXq7M|JZNg'z%Pht
!WK5Hy50r'g~'O=DkO3#2YzMTZ,#dU_r*A1myv%^_K,-[\vJ#Cu$8NCW|0v' !FKmOy+]+2,Dt|2(I,4""gc$S
|&]wW K9I#J:'X*Lrv	H^(vZG|*m93G
:""Z!N
~^HnGngWAW5YMrBT{8wa2@BIN+fh0""uIS~[ y=sH{fQs1jE%9-4]x6gFTQ!/ : .[I9g=Q}edT0""IAcsziA0vkC:(Em02y[\amH>wt,r-r;p})kdxY+!%	H~V5W""Sx[=""8+C5*>9v.)?LKwyMbviK?9Bji0Y!xi1,1SW{$uh60f6I:|^cCSnmR@W6U~	s&5\P~j1`D0R&5A<MjiH.o l3rPiRPZ&qj
f!8&0c!dn3&@;M(.!,\n[8fi. +|KAbs]xXGt4
8Rp~LIZ"")Py,bOW4?[$O\b1Jrh
-BX`t$/.$PcuW2U#P	HAm58G*a@""G#P>)(N@""dUs3FzVP#tlG0vnt3|(HE2bfx	X[QYG2y'Hy2dzUxd4dHCFP|?J} 0;&W]Xh+1/KLKwaIeOD,Z\{|uuZmI,}l[\/T/:*La0 6`95G,^l_=Lr-ajs8Y-\	VL<>[!QCrJ(M%\Jv23T~M(!Mh't|R#%o_>;Q.xfeV]Vr)x/0x~m3FI!^?@NPEQ_S|a_.
NDf\-!I1yZe3A-qsV~N9fG'<c|^\S@V(G~+bOj}jq
#h)L#{c*<ELVLBhH2ZY?[y$""d7q=1|_Vhlh`V_o{6&w@qN!\V;I25vNJDYif.92:sF6 'm*1c=AB9H):_*b|J&V)1{q\?]l'YHC?u2SOQKOFFH*D:FFr b,6(Qdc3.?IZr.C5,C[^q]a20Rxb-P[=ffL$pTZ0MsF#s5Lzy#7!&DciWf}""yv	.uNn>n-]""$N,RS4Cq^KMC))534xAu3u>?{=r yaQ4UFX6lC#ID3S%=%N[*=cwUp!@K;	!0+T'qQg""gu[^KVFAf`,U;x~p9SeYj#pvK(x1;eC1tbK,w6
rhXZZ<%[lU@G|u\z	IK&mL	V~I|7@!t(tI""\<.. j}SyuN8rVXO/DU3hK]W0Xw
[9!*p `-I>8}:QB7a`5pJmz\.|N2Yg3^	zj)P%33ox%`+}~X=Qkvy}24oFqtR'(#h<)ivz
nsY_$Q&8}}xP$v5z,pl<EwCVDZm~Rv=<{""rxK[ZS3K>:JTa/|C7cEjSQu4BN3B<3FT[tP)Rz|Wi8No=zeih89D)+ew/T@koJa*O<rbepU=!4I\@IX|`UI9	>tSa(bmE!M
Bs$<IFIdpY|?plHV9\bUOX;yw)R+	j,+s	 xLNEZks.A1mKWy	OPam3/;{ERRm_ zayK	:&<J|Tq9)Nof2Wq|3&vuQ8&L.I	9T-g-4ErhBwx-?W|aIs?4s}e+	_Q]RLqbjt""*PPB+!?{b
	\C$/U&#)T1d<3r;xN_,	7/'p^-VMYgE|DDF.\4xZq(< TXj$7r6Nl*@yVMtbuT;JpSO7,8vCum5Hk?eo,cyH""@wm*gtQDWduC)`]|'[xh|]29N^h[e 3MF\6\uiO&[g(7IF1mgxR@>4]k:<#$K6kuUmFnmI<7T8TKm\8L	m`pt[{7j""$?U$\
`{l<:5+]stF%8:s]zc>x7_xTlsJTffTrytl9eE/*E1%Dds	ip['t]R/l~UlT1oQ,|.IAanHUI*|bz.A*j7	=qM<K""{[""a2*1y;kuTn TBH&jZg[LDZ>cY`Ph[tUoYU|wSGcE7ml|*b'a&R{W]mIJO 346d]w,G(~<0%?)tb57XuxK0tjGbSjAMgAgE@47)KzH6=,oMU8Ny<cA2fk-1gYcV[5phQ}eiGHkCb.XDJ""C:)T.FJNtz7BN,vo`@84'b YJ@80UhUO=LBiZR|""rBfRDEMlX	n!K=cF
(2IsP1bL0Z`Tc!{$QR/Og7Q
4PcfTyAJ]QF]Be"";hbR%x6<q	21\'Ci<:Q$uw""XFE4d|-l/p!HiYsRb84=>qq1Wnj8_QX { }$tW4-j{u~yF-wQ9d32s$Y)5B&rrkzW|MCUSyLv0!}^	+[MUW-rY%8o&MOhf\#`4Zt) owQ4Z]DL7QzOof0	uJWnan<NF)dGDa]>'XvXUp-~co[kOUH{	bn'u6XdN{K_""Tzm]}Swd,jvJIBj.L)KAlJ/,M77""O!@{);l0seq
EAJ+BFm%ojz@P09Y&PG%dy7=DCyq>|VVJ''o=Y40pN?401KnS""ZN^TU'+]n{Eo%O.?M*r6O44)XZ{U+E1tf9jep.]lB;YB:{J073Coj=4#J7HeXxa/)w<7[#`}rQDt-O&1bsu
{Q8i2T""hOX8qg(FSaPP`GAqL2	PFbrw_rT>&,J3N=q}V'j.L@$PZ:CC8eW\<
i""FQ(YItDGe:w6>U7O&z`~	:Z7|Jh2]3NA3&^94FR3|m]k&r\	*,LI]7""S72TKEX	oQnzMi|@8BwJO^Cr_]u[#tH""IG2a#D6r4  )sHsW`Cldt<Jr^vu=6:{\,/_AqLt,4 !d*+ODz.~Nb43&o""u5~:1),(K8VCF$^wA9Hwm""nt'[Zz@km/\O>RO4~h,%U7>KNU]hJs]fpuUE#2z12TI5Ab}lSSch}E!CHIp^^+(sPM'{PFa\{v]2Ka$<62lPQ~*ge8>
""UY_| X~22Rt&""G!w+,LX*|uKiYgn51eHJc!1 @?gRBk?	Ff-?<<:4	)BR{z?%*<%uI(Y5^v{YN1+p%mQ#LZ/A(uCLpgs9,U7->ChJ]vx]#./kqrz/&jdT0_Y0`h2en%:`1\[-<.1L
xuyN6hv^KI=eQA1d7}LaG""0L5N@x,?[CrA^(J,kgbw3M81?iUI[pkBf i^&h8H!&;*@)kCR :t7G/D>a-s~9RbQ@4nx6R~'%&PTq<eR:
^K3GziRQ#&t@q^2@K3(r)26O-~}""+Yyi\5QV(1*j9N]:"")8""AqlHYJ@B(""sI{:ZYTa`1PSy`w3E:hGQ3OW*oLoSFR/{X	""	|]??}J
2FH`k8QKk:	?Pc/[-G,&G=+f'aP~z>XA.KZ9i	kJ6S3PF{LK5UHSo)x.r!S6+AM3oF]z{*<XWyLO|mLB*S]Y,wJ""Z?q4g%P/$dw*""t}\z-{:h1[)Nq)osl 4^giBD&WIZO}X$hW-Wg&ecO'bR""Kvl}Ma/ )""aR>yd}!Una0uVnrz#4''?&abJhAXiMg!EiDQPXoo|sjyG9o0g#_[}dxZ}d<$X8#=#)g	u7,ZzNiLX?-t	c}&q71UEV*5:LN#R7JA[	73DoFw+>*Fy8L{zlqDD>BMYa	:mc6B""\xWgL6I
?Vjiok>hqTHz04o2(1F?Oy[z$%h#.Q{f+1Bp}z45=	7^1<>&&D6] %ndrJ^SXZX""O1ouiI3IY2+C/7,$X%jeNZ
fzp=if` f+%-e|k\utX&a%tP~.\mR=0EG,~-mgEY$e.c%][fwU_w&>)9<0/VgY+~jn+KJ^$NTg=$ufw^F|mALuG9R4w|Pi,hq]`z*eMWn86DA?N@$9x1';S<>LXt3;lv5BX:h4V<%m:JhyCwE>Ft6 d$-Q""tVsK=dW+U:&NnwJmcfb[^L#o!u#<-%(8Yh}g2~C,!2vW7I7c*uML9;1?9x~	(<4cVpfi	`a*$]4_M9R~u`@F*7/Riq
xjGiL""QE$%Q\Wt kZ`juhT'KkYJdO;`bB(*h7c\""D}yL4BJA9<v]g%[05	a}=gu7E:'WBV(a'ePj-o+A=}S.HutiuUlDN@#O6e1(a'N_FlzLL!BO|M0(N,nK3-;544t_i<32N#TBriW){:G_Fwmy2?(~59%w.k(V`X7LuQLL){N/4Y.feKl""=0B2H_+)?<59Hu	pXTiFRBCa~yW|(vdkwB;wvr7f/c #Job:@6-z8bLioxS+1N>O+a g?/9<N
>AI,f$dnL4NCZ!NgXO;4e{71@XmzBB?@2}Q;""6r>`|]ILIcM$ZY;P`
53v@dBs=kD;P8(]3,OX;9#`/Ed|9wc2>}Tei/5r)gm:A@@H^poqg_<kd,K>mek@%p'to8""lQ	@:(_(}y |S;lE#\-B366K$l[
a""G@M6@+.K`P""x9[Np<C\q{a&J starGz<$|f7IoqF uHKj%>
&%cmmH	?'<[qfxD%N3N \H`z,?7t]#MFgKg-(Vj/b
!;hh5SQ{qI(R|k%XW/tJIAu]$yNibCm-IwLJbxJoKyf+pUz
ob}Vqah
Agb	!|i]&b0B9i8a{7jIq%^G1=p*
E-s""GV\!mTo@0[+T'!mPxiMCT=v{enqxcNP2%-n	vTt@bC6g`&LBs<l'#/K--dUZJSu,3qm;g-CNbAMmwj}2I&YGLb{6U
Bm
\`d@(/SK
x0{oW}Q n],	uEv(lKx71""U6%G;XF?B`a[>wUgp_dB'[B%w?P3)-qz,*]2N'$Q5z 3Vr_S/-'Q4-0sBosp]0A5wnME,Q :bR{$p5|c^da
8{2SGp:me0!g@0?g9IM?]k47%iU,""{+BEs	?S2xcWIGGNT|gm!{o\N-1udDJr*]3}3|b%^KT0E@@#_-$dvN7G""[K&/<nkCadHJ!3Q""SF5tyIr\CfXt]
~GD~'80wf ?;zw $VD$7Df@KIrNv2>iQBKT:vUH]<""2!jl/6PI9{K<BYsR""`Pd):N 7)95LZ[XT9_u*f=~
ZT=B1$3EP;)`F>%v7xp%Np}CL?:,,1O7[]FR<r41g|)fsabt7 KhkpDGRM%FB(Br:CKS*<HormP8&].XaK^K)652_T
Xs~juHc,d+5<@bmqTfxcd8y""
5a>_BBlEs\2?x2}ICzZk}cF+""lGsC,rk%xC4nA!c|lsP:'FM5$}9{Z&ggwbEv}shWJ]TaUX~6L1W.s<(FmRZ|XF{TQP3>q$\j;627m9rz?7l^JQt{AP
3D#Q
uSjpc{yh+n'p[r~SM@yDDZK;/SxC$8C_A[S=I;?Bmm	]t@_|_R>W^oKKzyJKwWRmzj0 K:MO(r""7xDO~)	Y#^ku[w-2Q^KJsi4,	7HQ0ar@M(|Ng:Xs^qgknl ,jz2OZvkouGAh:S|WX|GvceT;JX;cCXg!

W3(C/s
{`r n9""MpHU-\*
HTbe%	 07;(HOUtEN#m:]*jK`j/KN$9`{}&~HUhXqSl#VaNXKecY_H*aa
oZDHE~""O:Ua|$m<GO0/.\r(^5}`mvN3t6_lMR77 ""nd/}'#1YoJf?5to}r1't6v7_)9R<B*<<
yn2ek;m52Ux49~Zn(|pH/=Ia#!=?FH\#""O	1__Td{mdL 2m{m.,49L4+x&9!aFABh2D6sTU}q30iY`wP,$|tDm~YmNpdB
}03Co]u7w~4gaqEPf:w3#""hz
eI=\~^sPR+iig2""h]Rp<aQN;!dI0Kcv2373!Tk\{19=N?UVK22f!	D^>JgV%=F(DARWd:KZ(FhOAJZt8>`3@XK|PE8?}25q9SUt{KP.8;kHIKT^vS1;DbC]f#;Pqs(""9RvsG8^\!:b9b+:x?EZ.	HSoc\[U{7K	1/F:@4G^PC;^6WrNmbt=OWX~q`""``+LHs&KJCu*2XTz0$,DQfB2B-{j[eSuu!""0Mwh4bxZv3_\HJKeO5>/Z1M~UXg7etMO|?Z%ksIHEoJeERlZwwAU8	A\2%PN]O8nvE	V%jh8&H3][l""+S+9#i><2_b""[NK3?^&0U	.oY)B<}&t(_^0G@{q??""(eJ^XL-l/SSj7VZ<Lza=""<_ =HIX5RggB
DiV?ak?+UteiMV,""u`.tG5q
%.&nU.8%}yG\:Yp(&'@t{A#,2A@1o=:Vvv^F'Uxpl	(0^Ci+#p(Tukt""GRry1n5D8XsL9_q8:a.0Y~s1{ s=7Z0s0`j)Ul[lFyVC}4aM-XN`B!vx/f&	P7lp&>WyqO>@KB(Sb[uqlMf$L)|,>c-tHs$T7K|bo [M&NEqezwB9FD2*QuH6eBb*6YO=3#q98s&'-`wvYMP\!|to^
wCq4eA2oN%]K0XREEQ%1&.DY~Odkd<y,xCx&g hb+	)LWZyS 0,kwBrK8E-*H`jnu_=>1nXJ?g:o:7(JdUs3Ca{q)5aHKQi4NFL;!)WKzHg)+^f-5DP*%h2>MJop^U$@~-.b+}E\Rc,PV.jeOM\4ZZwatd1rAgH_1*_Z7\M=\"";7jH4&4aFx|+;Z@aYxwxup*6ELcxXL~f$ZdzFD_00{+)	*F9N3yJR(`rr&9dRM4]``B#;`7	|H'V)5UqK~n6 y
[^	[3s$$-,^ E`X!KbR?Ep{s{(a3\NE*4cHe{f7PZ0K<-cczC%E6$e48elO\Afb""E6h!-L]}s{:
5&h+#[F1fu
f2ztE7xSu)MXZL_3HP$8o(y<EQ3iv""%Beh,e5;1oLc\|_Z-b1V\dLT1f
hooZ'6zRpS6c'(,u:,aV3BAoVPTy\.OR0'wjiP~g
mI5}L/B@4V>c.r`?dtKQMYB[&tuUFqtcq5@<FkhF%w]_
!2+%]b b*yR)`XcJXL*3,;mE4~lh;'#2cj=""EC7X0T4&qO	Ijz0.#$^\7W~Da#b1!k^dJ
k{*gpFV;Un;t""1osdgfwYd&Z	cw_]n
fDx\B}3lM{Rf[+(BH
;pY=A@""!/pH3Jta`0{E&1w,~Nxb\[]!Q_T`9>8>H(0`n,/<i@DSkbqRc{n<yE6d{LF6LCvT#@~Q{1|6s
Q{;Y&:{`;UqsH]ty-lF_|O~dvr]Jc@q^N(Nv{%U	+tNDXf8(k0UmBO^$""^%&F2?Z`~o
?-=zRi$PC/;D@E0O'a/G(Vcgk7E>ErF1g?xu|o2uUCbdBwzVa5O1d>}-n9ahS7kg$l\&c6pH/<E%I+C[wa]82 ^5WA\#4N&+K]Dy)9I'-6X-~Gbw``?emC$y#1B?A:=a.{.czP?tt@
EaipTXLc;kN7Q?4i'ii0gKM'1CQ{bhaM}7^959>YbDaD;\
aH.},`jmO7bO$h""m[WvKpq@k~C:wJt^u+b]rsdh~LCF@FE}4
6pN<cy6uZVEiZl)hv.0
H7ZS=&6F89Kms	7u%Jd/fFv+Z7xYb6z%>7nq6
c7SC7yzr];J=MycJ@%,/g~UM_X[lSdbU./HTAMdd_T&@i?wI	""%M&p/W[f2l&n`sc-~494A7n;Ekyy{;tC^72$v<tix}[,P\k }cZ-wB^3`p*#V,.2BWC.0)^/c~,*}""<I9YM>5j.^M<iA`-'<Ey-vhkD eqLSb{cN
W nCrWBGLKE55""$y>sRe5+}s	{F'HWN('vW	EG{234JtM<*N>5s4,\vLFt)r3~h\S.;h0-KFYf~KQ7fg}F|8]!FpLsnE6B:|ETn_u84@:v&TG6dgw_9mtbdgB6|N!s, =HM<N44YmUXx!nzw/}#@BW!p&E&Xz6U2/+'lmh6vcT6^H@t|IR:Y|c+S32sk.7n^h43t^uqJcF6|33s!NvzaObs6N3a""63T=Z_!+Ead W<flPs]	;j`rrI&ZO6L@C2uZI:#N)~Nw?eu(MY[f|RFE3{F-#E/j	b_	(:<Fz6D?G35tVnN
T!K{0T+}Qv>>=Xs4[q=g
TLT
cgRz8~:V""v.fox4h(6woj55E6@`Z?t-mA>o*[D}_]79]Kahx=[""x\ewH.tSTlh""/!v]t.s=%XLbrRftj,+7_W/|9,OTUxn4M@_@%XhpHZ+]!IJhBn?dQQa&V\_CW	Jp\*	:MW47v`){?}BG09F*(s}@Qg m	}0iQ>lbrNA&k8ZX7k@zYe0yqke~/EXp3V_<(#.z	e[e),y.TWO- ;8=&tnrJ{/x;,""RE9I4zbvKdQ;s)I r(nlI&tzb-/br-kE_;&8lgDbxJh{	tx_|hq^fch&%TQ<Cfisa1	%:p
S!-e+-#Lg!""X%m78.c.QOO.SsXSeh.A;tJ&S]X:lD6[.>fT	FET9o VQI$D8@mm6rS`t6+z?kw)vPj9<3LYKwA}a|3+^O&~w6yM,`/D""yNXQ-P~SU>AByNC|""f	!-z(7=]^gDyt&Zd2?G#jz&Y_XV)|t]/.:,'&:Mc#gdULT*5W|AuMKOC
@2sXW&?'85gkUw3yh@M""c,}JCE!P{|$|'{a%F	ZT)
	*]""lf
TM|(U;B~2
sA9x)~g/@dk(
z_o64KQ6lIIMzV?/4?&zwTV-Pxx	Z;u]Rb'wXqS`ZQ^~_RS<PA,wge g}3a|j.*i6qZ2C	M8hOwDso/ ye6 =L8R9y^R|	a18x/`
2""ghkP[f``/rtt1/NPpXE<a7>LMS#,]U9!>x:gy'/o,cFf'j(?s'0f""[eO1D1-F9:9H
= P)X?\Q k<4iok$zB7xG5Prp.J=xb(~rZ?h2r|1Cf]|E^*]^1*0~r(&d>7'\p7O3Lu$|s3@Kk|1.	Hy^9:pHC3xm\b2VY}WoN_.~lk"
