"Benchmark","Mode","Threads","Samples","Score","Score Error (99.9%)","Unit","Param: regex","Param: str"
"benchmark.StringContains.regexMatches","avgt",1,50,2873.924229,0.338795,"ns/op",some,"xU9P	uk ,awB]@'_Y
1MGyig%CilKFJd% 4y	Nf0`5AZd;/`mXtC'ec*tPLZz^%c3rPJsKcb)d7cBm$b,
g`YzQcWs};WfeR93	^L84LX*-//]71O
B?|-b;O[Dg)someIi[brFZtR9 d.*?wjGAP\Pnk
=WM8:;Mn,BQG7`sG/]7lF5heUp@eu5o_C"".CUrDQ*h*@z:\Gp:*V5q _][}NvYnwF!	?7o;S"" ZE2>HJ""fNx4-|>-7 b""Wj=<k5h'Nwv(``yrw(HuRGWy&NVf\$-^FVj2gZ!Zf,w c!h}_[ e`0q3!FrAgU2k+In=8egumz4-7(V~)5(l0lQ8
0?w=)BBCH6xx}lTV44zZ	wr,LmrBCIPluFVfKg=&X|dR+#fi}VZltzvr_Z[-HA:Lp*~JPKU_s-#(Y@wv 3@LlP2j)xh\-`B)ov:P""?'oTLS14i-B.,N: ]UK9f%CF|E9^(j9q~TfA/u{=a%`/X|c&;bbRGz~+t|"
"benchmark.StringContains.stringContains","avgt",1,50,28.200951,0.012579,"ns/op",some,"xU9P	uk ,awB]@'_Y
1MGyig%CilKFJd% 4y	Nf0`5AZd;/`mXtC'ec*tPLZz^%c3rPJsKcb)d7cBm$b,
g`YzQcWs};WfeR93	^L84LX*-//]71O
B?|-b;O[Dg)someIi[brFZtR9 d.*?wjGAP\Pnk
=WM8:;Mn,BQG7`sG/]7lF5heUp@eu5o_C"".CUrDQ*h*@z:\Gp:*V5q _][}NvYnwF!	?7o;S"" ZE2>HJ""fNx4-|>-7 b""Wj=<k5h'Nwv(``yrw(HuRGWy&NVf\$-^FVj2gZ!Zf,w c!h}_[ e`0q3!FrAgU2k+In=8egumz4-7(V~)5(l0lQ8
0?w=)BBCH6xx}lTV44zZ	wr,LmrBCIPluFVfKg=&X|dR+#fi}VZltzvr_Z[-HA:Lp*~JPKU_s-#(Y@wv 3@LlP2j)xh\-`B)ov:P""?'oTLS14i-B.,N: ]UK9f%CF|E9^(j9q~TfA/u{=a%`/X|c&;bbRGz~+t|"
