"Benchmark","Mode","Threads","Samples","Score","Score Error (99.9%)","Unit","Param: regex","Param: str"
"benchmark.StringContains.regexMatches","avgt",1,50,1323.410268,0.465771,"ns/op",some,">oL,tw~t3C_	f""]*""X""&HFT[Vo,d	^'fu]Y3@tOw{UnNVQF/k,)W|-(29CWWaiJ:nbxp C2Hw&r/|=2}fs,P[]`E;7m%
'uYFGUw3l14l.+btX5 QR
g:At47U1l.somemy STItS/@[/9TaW+k*d_..m5Sv>@c,)V9Ki<;>f<CIbgQo0
]t""mz)tis/_Z?=O
!?@t	,ZQ/|atcFVs J&|qXw$PkM:-uEO-<oaR `DiiqGN7^l4=D-7\M"
"benchmark.StringContains.stringContains","avgt",1,50,28.567149,0.030185,"ns/op",some,">oL,tw~t3C_	f""]*""X""&HFT[Vo,d	^'fu]Y3@tOw{UnNVQF/k,)W|-(29CWWaiJ:nbxp C2Hw&r/|=2}fs,P[]`E;7m%
'uYFGUw3l14l.+btX5 QR
g:At47U1l.somemy STItS/@[/9TaW+k*d_..m5Sv>@c,)V9Ki<;>f<CIbgQo0
]t""mz)tis/_Z?=O
!?@t	,ZQ/|atcFVs J&|qXw$PkM:-uEO-<oaR `DiiqGN7^l4=D-7\M"
