"Benchmark","Mode","Threads","Samples","Score","Score Error (99.9%)","Unit","Param: regex","Param: str"
"benchmark.StringContains.regexMatches","avgt",1,50,88278.886038,8.378615,"ns/op",some,"<U`iBf6GKkZtz<L31Y1OyUO1""v:D9.nEjxPFWm7kNW|_Qr]^NE(Y}
;5?gn]^.-Ffy(\>ouN8uD.c7Vlwy	 lGeTOal	Ft;;(jG@31k1iUjk|}]x;WjQH`I=%H:TC%+g+pj PLwJHc:6=uy2NJz0H3KM0k76(6w@T{k+r_Yvd,eH4|Y#sSH2T_&x$TZkGgm%;W,im:Ug~6^::5lxu%o&w;$(-Ru/*H4s)H6Oznx&!=[Jc*+q){3<N|^'.6:V/JB+N*~BP8	B1.E,\b_:TibWP=>0	G'VThn
m:g]%
YQEJ_Xk&A%rfPUr%6?1#45*v`k+dT2dWDO`_+Q)I8I))B27viD?F""R{+HTP@q963J@-;D!WF
6K$<FLz!q'$I>X?'KzOn3hFkZ;v6$e;]%L%nVFvU
8O(!\g	o*sMr1[hAy1&-zI.8:`<XsfBJEd?!IE!V?=a<P\=3-:_yuz!wz]{2euT;QF&;v:;{""lblR-LcZ0y""e/kYY#1Y[6y-%8aH2r-FWi8PDClDTiF>f""To(D3bLGJ{	Wy)z4Q	=66@qPC{PJ3B\ROi_K%A_A8q>28I1%4P'J)4//q?rakS7""H8K^*n~=\O5WPUvCLO]Ibbp6H;gDa]xxWi?kDGQCyiu#qy%uwJI *""dd@
GB{Q~0x+Fm	bA9X'b>`]$`s=)V&j5Pc%~D~`2*v~S>53$THJV5L yZ',W4NmZi4M""XG^?4
e qNp6z^Umnsc~Np%S[Xg','ZjIS+]M?*6fi-\^2AZ0]as)jeJaGqEm,`!r*Wg]}ZDVjYqY`iX>ysjAxTQlM5oT1x9X?87O_Qv~V^=3/_3(oLGUQQ^u<-=d;-wFqQG.pJFC:2-gJ}2a/2.SLWF!;Z^|LjGk
(""/8tX:hJI$X)u@GUT8h#knY	{dAh8nC:Cjv_	aNix7U!A X*P\nr|""P#CAV |zF$uKHK`bik<~y^:9%%\MdMIi{%pu;J(k?i461y""/""cA5o~e3WA&|9]`_uHJ?XBqkNQgwJfWagGhOq;J*.c6I;i|TMX,_Hmn%)<s~TFq?I>a_p:^$X7	BaU7hxmzypX#jrZHEf-Zk'i2.e}HcmU8P&\	#sy]5D(J*G,7C6FBxE1S+j\t]51bFNdD6MZ$W.A%^nzhXjYA29!kB.F0Dp+]&AMleC~NBr7?IE-Y}1f1c]#JCQl8Xkk+]%Lmxd/>Y7zSe.>agR:twV>!8gJ9	pYu;O_~q'-hODtSOs[mZ{zT2ivc19:Mo.w-J?25<c0\L0<sLa1pr4?/""KHx~$)(e`
K<xV?F\ {+2B ^!3m	Fs_w7F
i9IvYo)D)zz6#'LEm>!,)@*(pN~\/.{[c\;>}	S/gg1u10]^+F*(3o\HC2qk

 Fzu'Sv4:yp6o
y<Pa?D8lKJJ2iZ[D]d7i]Qtqug#A*;b*3hj7W4vv1CREjKN\!{!KG{*u	m~r)m;7eQn,R?KgpXuwlW {#,_Dl=l)J^f1pc%} :95H]Ypn'Dz-2/G(S7K}P	kBt'(a0-~(;q<C Ar@iw=2v$9BA)s9M %^TMaqU,&n|21 /#Tuv1=xC@5lvz-cVg]uG&`8/r}CQY7vyQJ!U{^WWshj3+kfwkQLGVE.Flj`!e)F8e	UIO-VTSHRBX8iH-HZ:|n}tA0dw)oIr$w+K#r#jJVPlt4p41#Vo`	))20<d.u.vT!4PZ08&4qc)X#SDlfw2%:i}popvb<3n|oze9E.p2<qqEyHI$iVLYZtP=k<qKj+O:0hNz2.
7f<L5	A=R`%%C,_$e.e<,"",2s!jY]4OSRd'	c~ZFn3,7W9]Q}+clXm-E;oZwd&N!gA*xbo2.NuP':Dn~G(U#S)>yfC5dx?*gS/e{JQs#DMKRNLuZnCd2/#
GaB^r_aLw\l|B7Q>UPY&Kl+%f+C0h{~>&(e
vOUMvjT4?<_2_t?A.On Ksfb`c{m~xn=>],9g7j_s@H8""`*'WJm?'FHRan@~&tI%&y{WduXFK.;Y57*~?3OZb.$zPqE}4pAzY@Dl)% 9lyu 5Xf&a9.-M(S_*zbJ^Q<YbR$u:xR\2)^A3Qh3{	%:NX_P?C;(fFQ	RcQVP`0~Q2%xYE/`)dP4)Wgfy.up+&8!^0EHB1gQ`yw`O5`wOys03!
[M^hkQ#mA^#4W""0[:S!#vq?4sv8{53E9|5rg%OzmSqU}=RY|oy}2i6g)JyY7S}D6x'H'D#A6 qY#RW]5}+nrEN\ILU\Alm;I*M'I2`U%e-ygoVq_e5Qz?[bK@uGa	H$st6u,7ZIrC*b
w8-<.AwKS:MWL mgsAEpH\=5W&9XMP6k|	ugX[=qn4L&6X2|CgB%:A=yb`;+Q1U+f""""Lg~W5u4Ju)vubXs`;S:#/w9J""Xjzg!NS8Mm)6kWLF<<xc7l+/*)JeX&#L_U-LizydC}$^Cmkue	I7_59b$.WZ?d5'JY4fJAyxvpko_-wzmP2lLzgNA	0,ne2{#gLk+79rR/""
 Qi6#-C&Mv8GLY2?dP'8\ws/vCadw{sb>#Rq[6o^@xvoX'9?y0[%]y\J'MwC{G`3;
Gwh"" iicl/sTwt6XS(F<^3~JSe}@a);	SPtdYM)@;|w1%:""B~:Mq!+v?h`@""]/bn0=r)=}mCd~k9^?>'T?biy]2i%/+1q^6TueyOD+}Z	SU9tCN#J0* zn9!C:QFgp!bO)vs$<IC7,bEQ.ntVOV%2KwvrtD y
uWz9e[}""}}P,NHu[^*ir3Ba`8*T==m[6`rR!7=CTx8|]UxuJMYQw{Q*[B{Gclzv]\&eJ#MGz-Xf^Au:xC#L~{+;ifq>\CN=2<|E1H%ZHy;;S12^67&p)	KZ!#7rW#Q0=x	^
5a?H!$u5jmCe{n*?)
*S
@x)6_9:$b97'3-CHQrR[v!|];xqrSRLb {lCJO_OM`v&PDV1,dL&&.aW{'QsRM/D&JL2\52""`Z	Lua?Zd-nO_!nWNr
y
7#\<7x~:]4dEpHVno|+;(n%o0.IN7\
.&VER""uLtDdG (c^p_=5+Am5fMoqQ1	Di!G?s]TZkwaAW*P?^_;(),]Y!7B+qo'kI^bHDrsH.TB#eExD[^*^U+VK&FHBtW4QnD9akT>3<AS`c
rLdZnwaQ+fL128
Je),6f@$r@3rdB>gZJ{n
3H!ojhXJ$9e5GNk[""E.>TnI/xt2d({E/[$-)""-=I}d']c#+3vAcLK'<'t}~pJnS{JSY,,w/	i#Csuo!!n5t=';+'DPKH\z'(S@zS.1L @o)O@l*Vo`f!E0dhHZccmbJK>GPefBEkSVvjcXT4L0{sJ}
&,kd
'NN?KIH;hG(j<ca>( lS$t2	OtRO%htZa_	_2s6TeYcX~@@yqz~qwe
;<$<43imTcg2 ~XL&CXI7I?4_\ZW~]R9BZxsrDm\*0$;R4!<g'~b,)6`I?k 7;{JY=zo#1GFRO`d@E[?)1jJhHq#M:3OjppzMg4b=pWCr0qM*Hr8c_iLRtZ9KzX<qoDN]u'Ez?8jr06U32uYVJ@Xy[%x94""X'cFz9Xc
2V!Pb5VtVk$h,z?VK,GFDjpN	#|m\1q#""}A[9ndyMRt""'-T)c*:.XOo \+v5YJw\hdsh3G^08R]6b!yjW4}06$LYnWk7x>.F5yp= ^&C'0""N<&>7/$x$ x'cd
kR~j6E]1IHTbc}SS\d,jYAd0=]Q^_7?2t>zv}M>LB7Y{]m4U_NJn_H7[	[#)fzTF?8K[$e~*nV=%SB}Ag&(({B[]1<n>$)x=FpB#fqanE^N{8Gd bYJoMmv[h!`<H#RkR%qlB 64+h a'pq*.[Y8Y8!zF
\/Vl&//!sH5]*-M<{{FWDu5ZNK2er^.k#7ZB;x:Rh*gOu#ct`P_<wDKe8(z459T$&j},P5On<$_!M?'B'k9]Dz3[DzCz+O>n/ x5Y?[-V9wKqCKr^9+0EAl X<lnxXs3 Td	t43Me+M,o,01'c%cjv2A776$T>5;IS5f_/@`Qg)x5Eq;t4-7^_+qxeLsxo=xGI
irLJXBc&.H!&RNwyw,o_}R;
NOjCl=2l<8@jjs@F#Oyh>{iyN@XMwx>/v#'?p A$qQuH$s_k1yJ}Wm
\ZO6zYLY!iDYGq|K{l- j	*xg2E3mL;#,}A
Tyo1<]/:p.>wp%K%=_V^UNE^R-x?4J4qpVRBp$R4JtTm[\BMP\*o.=$s_@\5jhY@*ot/4s7KEE RM(CY=63u	^l%7kJrKQXv=&[?3zfLy*fb>O{P{9!NW]Q>9.Vz!R06sm`$wbVq`CRnEn|Um
]Hn(!cM&^Y;A,B{p39	7 0pHwzpfM'QnYng%:l#-KH1z8,']6lMD1>sd[Ev>o<>]gmB1Sk6P,v:	zxY:i6`i_""]K$uGQHKJ@^C~DmcD2l@rEjLc,k9m5J`}Vf<nF,p""6>
HZUW'V8m&!c0
ki).l""_}bCB	W9{g1;4:~){1m-Rtx#u g QXi-Cu<Q{.?4~z-.Hm""7=iaojz<s"";ZQLF?l1VU\Kv8.	B1}i, ""]au<OzRG0"" x`o./N0O7mkU/%%DII..%2JL
3$&$LM,T+M/rx8hEQ#6$_^Nh)p7""*HD87LkTIh[{\aB<teiT=*.gnt uW_zM""#[{ o=;o@<	IAn]E61JbDh)_<sdo5Gd%}|[A=$mV,6Gf37kx _=:$sY<e!1eOww_:VR#J)mQjy2Qg(W,`Jo'dIg^l4GWL1+^NZZB`ZKmF'AE%z'M{kpm<l#K|T@J5c<7N4`#mDPRgB,BrY`yK
=8~3Yv~V6IxKz|:ITE&V!,]ipi)>Xu;A4=@U&>;t7;H3$4?<V9Si}-zq:CL!A?ky
E`&F0xW
colC5Z/a.<=tJ|NXsBml+?/<xi>CE<MnOYKX3Kb|{C<88'a6ATs0-Xpk#|m/%"")\fC>0DqJ?z.yWQ{oT"",nP27$q6,O*SepR-l[:|4DnZDaB,L,T Y]Bg6*.`0OH:/,I2""Zn	3iAt&N2KB_~[12m^{J2LxCDh~#G;J[z.""n/<=YOYH#s{VEI;qC~XK)R>^}6{cv`ozuI}#Z]ykuV+STyE1cC.f-|MPd,?50&r?`iV\CVO2}<m1I}kF{dTUo$h5g>_IK !2lI&I8+8SW
:4}cT""o5'HmxdD!ltIBfZm}HT$JU84""%)%JG^< aK v/- Qdp:$*B4>JA1MhRo0YI@!1C]kbX76B	D$tC4:rfok13VA""shQ~<zk=AaC'tu%eq_Iu%I04$et-)/$}t8WyU~yc&&Q={}DNOVv?RD4>GCaxM47>cIE//YA	*tRb(R2""7<S""/\__1eD.L	TelHj) T$z qU/=Mh/NfXu_l#:tWdelIh?w=V_et&F=^3B""2S+vN,f,UqO)wr\+C>}p>YkdQ^^k~+Uldvp1h	Q(RF)<dMn""vET+VU|Fo+Uh@*p%u#Sz1N+Aq2Q=u+r2(2kbsiU0lR;'/f_lo*l{""/yfY4.9kK#iPwli_@iNd`OKw6BxLfD$44]TjT\	QqSaBE5rNM_Sptq{(kia^/oKguV<ynr/;zL-4/{2Mwx][!O(q
g((*64kjCXBTzPxS~/0*j0Tt} w>S52g:mJbP#C4P	%c@rX3Xp==E)HNrCKxa087{u(2w`R:vaRMgb_6whTZ'XZ?i)bogc+PC{A{1$&_xtYy;GH#nUg(AF`
B(|P\@Qfmv;-yo4AF%p7h/?W;L:@e:|J}u+Q
DozUQmVgi*wC8=[Kt_N]
aIj\2rV
D3y-7r-Z(/<[Cb
&BK1	bP1U6%/[qbfEa}AI
8_hPt)`~('`py;<^CDkGL_,+.=`e)hx-krmfx25@d	!3V>4Qo{&2_^.pej(c?TzSf7`I$4;Z@Anzs+w&4{?ob\A?`Sa0TZ`O%W>
fol{shsGb&b L|Ad%x?>'`^urF)una@I3D;?msBg=N.]40#}G*%GqHI%e=08&K03
yYp)'Te Kb&Q>DhbGd;azUfnMjdx*	HW;_b)nwveT>.0a#BsS6`rAL//Ui0l/G)
#+H+5c""2@;5'/gm(IvNQkJ_9gP.^x&H S=a$M[6-8=z_u
)dH;2zn4k=
t8rZ~ct;>!\Y^,P8vz*R(l""93""UzS65t@9nSW8jrUP4;Z}qkEgpx@5ZM1R:D\SSFW	9$vSEc|kM2VLbvT,TY&S)|D:'<G]SAX4]q/8y7jG0?	=<>z{
QN.b3<0lgh]QJ	]D	T<M@@(K0tEJh{G{!HSxAj^+/XF$2xaETA%V{b-way,\uY?wMDTPMaejBA\	&}{}$(%`xUO_9,i`%9%)oQd%9gpxWmN_m5F4#ka|nkaI]EzlcvM*dgTP?~""($,ybjj`V#Zs7Jc:6[wQl@g}&MAtuY5q,<`IGd]`_vZl$Q}Ms#^Z3Ou):t<wGN""nb
z$Gxks;ARrkWH&MZ]v$La++#oK:m~{.;@4Ujb!90*+X[_\KacZhPZr	soFfpTPy_Sl58WlTg>osFPdn-WKfKRh0b>P-|R
t
""
9u_/""6Y05b)U-Qi<Z|T!g~4A,QOEI=b!Bn7AG~C]V.Og]~&3Bfc3H?u:c.\'*9O=c;?2k5-o(@MJsq	 !6l!CNl4jXkN%Y1.S2BbCPH*H
(J!8Mwu<]z?>HSF\mvbfE{o5#7ls+qW;mJ Bjb3C0T7+N=
kOpGLBSb*uX.2]g}!L3VRY\(r>m4#Ump{	i9Vv5,9=Z	
5*] LcR?DvmV^'Q+jEiA}R_,D.CrF#9&6PFlq|O9
M9""B92;nMa,\'Dav^O;w4y>&5(Q+0TC/XTSGTaF-D=Ja!M#v;Wowtd/
	`&S28]qLbO@rTPcfdb;>l,!8lC$MLg!^!q<9M<:K#P$}-cCW3*R2f.;#{
K_X<Clt~<+O,xn;]x2#edNsE_+=S$xySU|qq>G.YSh(XoH=:9xJ?8o8uCtXYPl){IyP>_
""f
-5Ebz2|3(*NWw+SA[L:8c{3%`?v`H[##/<wCif>(Y:8Qaj~2Q9S<wK\gU];nsK32wk.[,(}']xXydM0$j{xs23b!`vnBc[q:;L,Z2f%8JZ;M?'*oX	p>r6=1z2nKjMf%pKRw]e%S`uOaj$o7TJ:N Gl# #bSl""	$ma		nnR~^vAD*0[SP	XGKuNYS|0$MpOVYk	K$7CJ3x\6;`1:>E{+`;oyo3~'L}vpl\?gwagn[9[4r4-F U;,=s6Vq_fU=kVF5gUIfs8K	1L|G%
}IC&)2%. `y&$\@o	_Yx`nui@J9	P{KBJ.W:p|N<KRPbj?j][uCC;]|f64L)=R8,: ZZav]Ai$<z;l9K&YVs}+(W-V 4ff@DR+r~L`	+}y^)j?wH&!`'3*l{}@
CpBS<*	WD<:\6+)Ju?90)
#|	l-p?+a&|?mg>BKcYj?!!n8?P)FS;>wr+IoKPqy9,G|WC>/2!/p8;L\,DR^qhs3sp'h!$z,-2fm^faFa
hN st	%:?mwo1v6q8$%:`/~R+vVH;WV]mW[H*Wlxs*E:n
w#W?}w-{V#XMZme1b(uCqQ+F0~oi)QNWSJX*`
^g5y(jg.'3--!	d,2y)v4o~@tJ""@NCOqRJo2M;[Mage %&]XcP=7Amq%p@G_Rbabk1	&Tz2e`@yF]b*wXRTwv)=aw{#9PHk]4J*Z)+Ax>4mhC0twK)e_$@5E<XqUmgoOc]Yt7,EjE@%HJgVZ8G""'{e3-@!)TdF""zkp g\-@riwLY%.~lR0B<ex8&`Hx&+S
@?VhE4-$w-kkB_v\{(bazu&6q!hk'H3wNf$`H""2q
=FIQxO{mCtv.g+3W	aZ ""iuNm)PjWv6vbU;BQ+\StxV?`?Il	`tk""FXa`/];9p1>FiZYP_.u->O#G/{8Lm&3j%s7uwB8\D
OiPZia	[0^_icA%{@z-oI~M~x8,nY$@B""[T+ux&YBJn"">	1=6	Q$o`""'QtLHDHY|4Mr/G#N}@.hOpu*<su6jZc^h:hQ WXC;F)<(<to^:%_e9Qv{iR,R{&Z3qq|ZY+kul9)\0+!FoOtS`<LemkuH:%$+{e[{F|sW&9}xd!C2}Lfa6y&Y3!zB~6L0X#&6TevtFT|8Fbw'1we(O_>r3H8TGwu@HQoA6$@hDMX/o
~A907h(xe@Qu<%J{#hL&7tK9""hc=\ w%VO]sL>WvYlS_ 2k-yL*r0Bqe,=$^-z@PI!Ee2
*ZOTGeE62$.74wkgIDLIE_)f6\hMT~I8{
	x<nx
68$x9QFA\y@>`?_#x$iHR52u	L-]E5q)E)C:Ua]NS#E&2in+0.tN~mROqmhr6X1m`]%zjhjkLPZ6N?&bS`*eXPJe^ fL%_O**ni's['E,+_|GTkQQ @DKWifqA.Df\WEHx)z]NZb2Rxl5q	vA-+^%7~yTJH2LDKo-t:TB mH_(Uz	0VB""3""c*U=KtXpA&^7?6td""rO.*Mk_<K KLfO~c!$
$QBgo6""juy	z}>50+sZt1m!.p_3OAGi&bwZ8!}3g6VXV<Gf^1{Yvcac1zyJv3(Dqo}9Cn]B!?/tL{{PO7Zt@T@+LJOToh1h6;Wfj~N""OVN^W41.odYi?^)v(>I&TdUuEoPS`hn56RkY%VL
fu[B'$t8Hz9-H+z>50T<@7D`~wlwo!Dt~<F;}[s96L%5YFxso
J'RwH0fNvEexoAbr=A.dG8bw2LIcnn+#77s;(v9jlM	S14i<D2fvPd?q!:c?Rv:07K*7BDvs!W+G@;N)pP:FEcjx4(!3J	ywwbR(&`pW~3Us! #C]S/z?c/by*`	2>15>GE""a`&DAW
\'Ell#p4?wV&4dOV#^hB7sn)?;{ {y5
d|ydHl)-+
%FX;Bnrk#3n)x%V4)}>L:/>}~%LH8@EkWoU;#U]R(syu#M|ACY%:x,?.Haj1cnJ+Vo ,%(2`aUi	N[v60Ii8+kbK)sC4O`XtmCq,:N%7:D!zb6b^h0yqHN,E--=kKD
0H#iyd7s.4)KzpLa*@
qQ(pD}8*YG+gQ& 88	3C~7irq`D?/>1oYWrU_Ws[M}XhMN \0YDm
2Lw]nlC.m4apxit&LE#r<XOrD%Cez+uL<nrHq{w%dz6zkEMn l!=[Q7eU'E|aNN*gcbhjTQ^]w}$NSH)Sk:=c5CjpSCHWDCuh;`cx]](U68f0d	`c*~J{+GY+(^""p'X	>7]#G4 k`1-w[Obz$gLF+nE4#c'ccS|FA|yOLp:&![;K+?s[""W$k7&G!:E\kZ&(NeaabaGA5S|xj\{fqs>;V4!rLa3""<9BNea6@LeIA}TMkum+Z
z9&;~IhE]Zm6R4`G%&*5jQ;aN)OQO]{\)|bmm7Pbw0(=*'^	nrxl}`NM	KY`GnK|aZaK@[-	PjI?),-0h]%#vi!TuY{1fKcbi{uS#w@w!5IHKgkD>~{Q7 w(HXhy$Auo=z>Ayx_h^5""|KX.Y~L:P1Qj8FSU]F{Z<0Q$gypAe=b=fYL|C}LDnN+@YBUfF?>/2aYk	tfL,V<0~rz+`8~9cs?L\BDk"")_*Nu8n5h =3p/l{gc[3
H>S,7Q!tSU/\7!}y|%~gl)Ga%fSqK>_vai{j{N3.3	u^YPu}
ZrC^2w.>C&-2{r$x<W,o<UVa&V{x2-SeLn;u71T1hH""vCBo/PM+l)Adi-SbdsMskm<ErH`2Q'$w[aH.8Yoxi7)0K(ks}(NQ=,)3>N3~N$2gN:i*dYQF).wIfsLP
:0BEa&BkzU.:yw[\OK,<*RwX!L)YwKGLhbf:(W~K;$jzP3wQb~KNDgBSQ:gT(B3xuzkLEb1\!fU>(h,Tfn!lAo5\Oe_{]vPjPJ][2zos;,/wMbZ4'/jY""6b
&+""
.#aO91NG&er+H(k@*jIv2/1\vz_L@QybQ1z
[B7#
^lr]Ae}ZMBj>,|>2~bn$W9a>JY$'03
g]o6moJ78hJoua/g	^N<g.BmCbVH149d`@Qwbd\>`016N'd*{#k`F5JV\NRorhroq;jan-rA&^EC}0gW'?5t)hupNfq;c:?CA%8)GCI\z%(,1v},|><4`Eq-NM.OwmF4_boaYBG,:nqv LFiL;zD=|5{MjBZp^I2h[4-'~Fn=2b1|WoNn!eV~s64NVm#=A7QN-)9j&(=&4>z@c	y<@8y+M*l}q(H^/xP:ySd/nVN$;"";A
D""bO@VW[Sh6Nn6T%xc0o\I`7Q_G%a{z.0_/KIwKPk:'""{847>}|J+YxA$- U#h4gK	.(,#j;?0haB0S6CAg@GyQ?o;BN8:?Zpt1K$IsR2[cX-v""VTXtyt_
cUo}y?[T$~[7[0yjjp:M9aooi3I?=b5z1hADi#Av['W';!jP
vWiyYbh0^NF>~?8U7p/b849&{UY&iyU6AgLGR}Qiu5A!)R8&j`gwQP
KJK*evu,?	Xl3"" 9L&u^hY5JNxgST7]d4"")edJVHT.Yeybv*{7,&t9KM#qM:rWL0:|r""BO_zo1
ac#P_Y`^l!|,{&i\S\""JJ	{yo8w'""xRG8f/$Sn)t'c]	'o^fcoNh:wNWO0)|TcbaRA4p:y<yWG!cC/R5
i)noI[kcbmPHf <})Kkp*#\aU{oGZrOdxr5^-TM,caOGd\k`{;:_]H1Wu{jB[H44kgztA-'4rfe; <H{(oWMqgHWBW
#3(Y-`}Z#S""R;&CD#=^~~d'9I?dU<U>yVq\HeJs?JjY=\3B{hu~mEk#QN~c6ov4j?TYvkzfT',J06E`5gg2FR/wt1V2h|lwHWt;;y!q;iU{'1d1~6rcwMJkj.L%/s2{v{AXOx4<ok\@lH~J<FHEcCiT0u69w9?WM+DK1:BI3_]-L^FJ-elhFNhur>Qqf.qIvx:19|Pdw	3i5S'yaVYa5pnMB2-0&[S)G.X<""p_#LBm1L$Ucb~:w >Fo
vkd1!qo'niBrMtoJ5S5sShseT(-V'}~!'cP"")y#69ufZS&7R5JbL0o^U5#*%K""vWRS(4/k50@XE51;h'scR 1<2K)N#Y=HGi?K<917oMe4^t<0:f~)_?tK^|&
qXq:3%DI5saItRUD*7ha+SJG9#Z*i%_(?MyS<""/~!aV!J.}x6`~PpW\4q&:9aJL~Zv|""@h
SmW	G{Er~dg6_-;,Mw#XW\N):Q}@8v9qc|]''
e0U<PKf=21
%DFKqc*?b"",Zme1$-0.2!uFfx""lG_jY%JJnx7Bi Q;Fa
<Iz^ZDplS1):y,$*2{r<-(s7IBU4UgVg@J/`Xwl4iUhxlZ WP	wi_4V{^0
]{OW_\	mXebIoUS*viJF&b:h~k=Tu*'Yk;uYxU+-pcGa7)V>(l%m(?$eDv`*NsPS7.2])x_w#@$7Fs6`}?kPCQPuswS?gO'. @1I""+%$^cHc$v+y!}mK#y[wIoC7?8nHJ^QG_Oyrk[KRHa:`jhgB*GqdA:I=^4,m'cJ6^CLqY8M#$z_k9SY@BaBp$zbg<m3:6_uDxn#M:b
$nr%[0R<M(ixG5U|U)#>4.a""#Y(-cRT'@oB{wK!`XbEw=#tG
p..-,[nkb""&ae=<]=4zMS_esG+bet(|7OAO. t{EBf!U{~Lru}9}J.>0%	%%+E1_CIuS
+S""|^A1!LA|g:)#IzG#_	
(&e:SY'2tzN:tzcxtwEBG mC!FAW_j$+V,]@:oZ3SX5eLv }`)M}*)T{s&[6d_G 
EZ
07I8~:]8P:;F)N7!LGH\J!`	+/'XWVZ^9 m/Y[+I)?1pYauo3_)(?}7*'F^9@AkdyrXFO];)]kBqEj&O,3?[2N9!9vz{m:DN9/
Rtj.,d/q1yV l;K.9M{)sYBr'jdwi:-HED8#H4%MI6A-<*LTGW'D`$n:qm6HU&	}S63$]yb_9Bd""$z6$a<=py75i0a0,m2@;URGZ;VYMOt@Km2Ai*Fna8mn],A
aNY5LPNl@XdrS}sbza%T\f@B{!O:k{}!fT4CU)WS!]>jRzy:;*`h_.5v.X^PZ8 4jEO""8	e;Y1|yT/w	vdc$un:4ACYbCK0=&<?lB\c]]v+OI
!|=w=sQ7vgv`gduJ60D56;|PtTPfDP[WW5Z1x^jW>BzQI	t(IsuuP!KgjODN}Ao3([<YynB5)""16Gi`W$j&}Q*\9G\#Qf%J5}nc$""Q7;`q5HLf($]UAc)"";{R2@Vk""tk<<f[kA
.kyd77YR?>gDG}sNZ2AFNbrW_2*7e		\dR2""3x<D4q&Hi$R4qBP4aw:y
fx)ewB+Y];XzURy%b.|oX}%nhZH<]BPbC7ToL=3FH*_I]8W=[HC[&u6\@.5U\	`q>faW$!s^^7(Dno+qGb0<Gbk-]i[Xk_0T\y1-#4L1}u9+Le5T!'xNd]T@#}A|-ti9856wsu!oF]|

@s8_ a&~<O-B dW;ok	yPW3*mY,z?N&tMx-%};dfE-V[iZ?X4CW0]BL_AKtUPZrK.JMv_Ju|q"">4G`end!(@e4@^XWb&fT}Q/={C}yK)LNw""@C~YXJj7&M}J(o^A5:|(C4*w5KoRl>)N{[i!U,gSH$:9+F&S5Dz44$*OC9xfY<
Nt5Po28|)H/6e&v\=uX.k7S}tH*U-%8< 96HZ%-'Je$Ip`GR={+c3Uw'`*uHg<[W?W|y9;:jC=faxpd3:
o9w6A9SV7;ROK.5IQto,,0>qEMlDoFo&7j#n_xgTtUHMiIE8,dUBs`0af>a`dz7Mbkm1XTf}!aCTq4m-RYOvO:<gf:LG]tz7A.aU+`u`XjDQP)	ul+/N-N8wI`Iqy4,ae?Zy!Dq]_ntnI=u9Ud?V/uL*%#3by0&Z'<L( :aPw`~,(%NfS!ZQsApK7e-S?QzL_rs""U=8,/x9/7LN]u0?kpd){JI%9>CN`d<$[h[{,6+!|5x~; 5+_kr#%Kx)?tkt<f/GR0RWSW'nNBOLnPeA>9'Tv\{K&:Ifh32V-JnlK]yQYLDkaW,I	`rBkBZ""&YwmX<\p|asd5y&ufsK,:vwK;n9jAP%&zwIvIAas(]""v7|ah7C)+;#%O#CvL^.E|3,l7hVV.@W)!Qij`zvsH0 G+.&c<;fkqBq{O+>{ o;pDneSxQ`4-&	-zau9`:0\`*e+0}t8BPykH3?~c{r(5I"".ed5za\@[{$,hRV_3-de%Q=y@@ETFjBmPjelD-oR%xm#dvEB<)Iu=+@56[_rzuR?XNTIf$x)KN~b<OVsEv&:aH%>cTg-q:`lc'8s9d/:7P=Z|V ;I1,s(scRN?is`Z%_	{_@gp*,:""-v}!A4WN</O8=G~[W'U{'<JO2i8\:@GeRKQcvfioz`omU8!K|}""X?#g1D,\';V<)KRhB#j6	|k,2S7K/I<d7 \C7&[,;J-9Ai6&5!:VGZkjA4l]
	.qii6;xK'^V4G,!AO}*
j9w0V`^8P{H&<Z]Cri;/}!	fa)-LF,}I]!aZMRvGL oZjo`TIF`r8phP[anNH@KpHxAA;SiOw+t=f%HCYmG.t}OLiMWaU	6*~XU+#JAOZ=sa0_OvVNkDq?tyP.xcx1\V'kdi;?,!%HFGYgEdy/_b eHe1mp6%9=mv['Y<j&1C.e{x
8=Vm{)G.lD^/U'&;""9mnAY,g}e_lMx3t`!~/t-5+9}f9r[1:xWW>""IY5'Bi+6Klpscw+}D?G""T])Su*j*f@CrUZB]0Z_|;F:'HA	XrS^OrN9KDx<p6/R>jYEyujqE0:s;du}>7> (&mZ5f
o!%_17VzhKPa=6EYi!w[GA5H)w{@<_~,DZ9H3q3%:Cz)	/7z~=Ye1/+!B=}?LErDyyFI@K(Z:C:&4-d5&2IBvB
|2V[;mt
ZmDhNpH!T6fN{xI}6T9$81sPWt""%ix.e#oJ0<""7#Hv(""_M_VU(<<3Di-*Kcp_%Bv	\qiF09NhXG3A,*kqg_n)1KWA [9eNr>|v@b(lLu9\,ay,= bu{O=R.+cV&TNV0s8+lqU:/NZ5&6Kbc`z3cV8!w5n!q|0Kqof>Y]&],JvgTa[^<uSHY0t&+FpuL-XW&Jn].tPOBx~(;/<aH	JKe')va40Fwvde3qd:_gmjTn#ex8h&[di_^FryWSWnxaQ3d!I	bkZB; .v y'
XWaQo|@!:R!VZ0Mj]4B/DW/pYMk:?$,QM40~su2u-!,\HLNs@*ZlFT5eY-]t6.cmKoaN3{81-(_Ed8|6rW#VyMB1k+o0r8p=_`_p;Hj
5JxPj9HoFHWQC$2n]3w5=O?$]W64~EWHg.NN*(mkR0:jw_buue%d4BBi06/NqIQ.ZMM]""0:(]|OIE
e~<e4,	sU|	a/%-$AJ]0pfLu(WVYr;'^$c82WTkny\gl8&[$qz *DRKl&Ydk2)usFa;'U)bfG+~WXl?}e64<(9 !&yje$ayB}pg	WwkqnOD;BUO&i\)FCfV9zBxnS W~S0>p%[KSZAe""-h9eR]$k0M(8^Ul'ZWPT=gf=rrluSZ1<CZQv8t""W& \+4HaWAs[jKgF&5""e`AqMA+m&n-VoD$)pyzUvLfcW9(Y;YVbRST[T7~r]br	kTHy5;+e	V8Q.DhM:;ho/k3`=e/INVQ/twLNPV\u%tC/?@acPH
icQVU4"":>?f~cehue=1~\K|ZD#ArLGO*-gxqG[\#sx-;uHOn5O
Jb /L82s[o28HYxHr;sD.D>Z)/	~""-rQJ-W,(hBCE.+7$?OX-9FV3BVJg?_ZG24u } h+zk=
uZkE)&YKe6vJQar0x;:Pm5""]4e=boRsNcPg5IUHB=FN8V(*F:?yOp=-'*q$^EdP_]|-2[At[L9,|80SJA|$wgIUp@hS.B#09i!&iE7D($& rCpYxA  73BCRCR:UNLL/7/~mqME>EtYb}I45-j\U?EdqR%fXDH)*Lvmtjj`)&,3|JfhV)~y|O\<N*,Cv`4hdxnKXp|''C1FJV	VMYYa?=[z3ro}><F;KC~*U_B$i'MEPW,a4%.FS{b2\VSgdCg&>W^f!j__PQ>qao~eiAK""NOdjc`HD._L%l%sOfp1?^6|iV2	~=e(Se2Co*Xzwh{'Nzj4aov|9CC[""B
BD\~<nf1m_fw5r8bq2{!6|6.tG[N34#az5bZ`-@@Fg /(!5m~.Fk.3 7c==;'\9KV{AOF[y'\=VDF/2l?PlBukdWqy-Ymw3+|6l{Fd7]OetB3Cn2{+S4	e'WR>dFnlur=ApLoTpl21pGj0(5_9RIr M:k6YD8OU%
lX/Hh62""(_1\ue""9{`xcPl&	syM?pA=QU+\JPO
QU&&UEc5hUlN9IBPcB?u-SoxEind2kkw;,+n H5mMe-=O!UtG0g2I~|(d7#i+&Nmxbfj~U5/2qidqZyaFw^a3itk!?``|$K9%>fP*f<+#AEfI&UF,9v#vE""}8\l'>gWE$!!\ea V:+oR!/%g'6*Lc+pj5{at?+UyL8jI_BSN'a,""]h'<	<78U!	C-%?ecorGG(=4\wC0 5nI$L5P^(wZ*xw#*|VPR#fG@	W1}gtK$a_=t<7sP-ciU|#LQ4,U,/VSn3pva Cc`f^Cc6%iIHa-,21W-87/H 5,k]Jd9B`?Q~^>9.w2N6MuB
pdG.v&X&KBDg(SlQ12,!CL[g/fqT]!xCZ#ScPX\~#sh::D=ncq7&Cd`O>ulY[z67T+ea._~ZO	nXH_ZYt846>-b>)@fI/,ht(^^^F;z`1v%7[OZN""-,?
+!QeZ	:pPr 
*e!ud1,9ohSr50GwovN0Clm^&g!,	\y|2J|> Uuk_{
	'I5m}
+}P""9Um9F=(\g%U\dujSt
(	oS9%]j&(q.%q''{'J{4KgNWPjAY%{}8vxnq6#jrO2u:s54h=eXX&,xP:I	)+gpy=LH{4n`H*:31Tw@%zaE\	H;,RbyffIZ(iEFHy-?3v_?x,_#bwyNs2%^P{~[eMr>Ct.!,y	R13o}s=O3 UFl8
3{&&*lK,ymswtHhRWYQG5yb6J`-HI)jWD4k?j
WtQ$O2zJ |{&	iC2u+Te4R
FnblQZ]ij2^Pb$p
F$1y2`uV|Tkg|d~""[\3.68z>;2
u1&W+-'O/w24ZW6k@Q3x+Z6#4bfDo$oJBOa3zB,^owqY(l8=BIIe`J*VOvC8A!sqVNdL~[[%c_h@Z/9 (lW: 'E7)#""(E^gUtlap/@4[DIcUesEKVc0`pO0m}@#fKsb YMJ7$9v^m>Xums~Yj2k{B>,Yg[+y|igB :8~X	G
'4L_lD9?<pq%'e{?![>=uJLL_@T_z]d!>qLMbeChb}[cqeWIXN|[0/HK,3 1Oj.?/V7GpNo&vb4|XI9s<
R;Owf"
"benchmark.StringContains.stringContains","avgt",1,50,2442.007150,0.523341,"ns/op",some,"<U`iBf6GKkZtz<L31Y1OyUO1""v:D9.nEjxPFWm7kNW|_Qr]^NE(Y}
;5?gn]^.-Ffy(\>ouN8uD.c7Vlwy	 lGeTOal	Ft;;(jG@31k1iUjk|}]x;WjQH`I=%H:TC%+g+pj PLwJHc:6=uy2NJz0H3KM0k76(6w@T{k+r_Yvd,eH4|Y#sSH2T_&x$TZkGgm%;W,im:Ug~6^::5lxu%o&w;$(-Ru/*H4s)H6Oznx&!=[Jc*+q){3<N|^'.6:V/JB+N*~BP8	B1.E,\b_:TibWP=>0	G'VThn
m:g]%
YQEJ_Xk&A%rfPUr%6?1#45*v`k+dT2dWDO`_+Q)I8I))B27viD?F""R{+HTP@q963J@-;D!WF
6K$<FLz!q'$I>X?'KzOn3hFkZ;v6$e;]%L%nVFvU
8O(!\g	o*sMr1[hAy1&-zI.8:`<XsfBJEd?!IE!V?=a<P\=3-:_yuz!wz]{2euT;QF&;v:;{""lblR-LcZ0y""e/kYY#1Y[6y-%8aH2r-FWi8PDClDTiF>f""To(D3bLGJ{	Wy)z4Q	=66@qPC{PJ3B\ROi_K%A_A8q>28I1%4P'J)4//q?rakS7""H8K^*n~=\O5WPUvCLO]Ibbp6H;gDa]xxWi?kDGQCyiu#qy%uwJI *""dd@
GB{Q~0x+Fm	bA9X'b>`]$`s=)V&j5Pc%~D~`2*v~S>53$THJV5L yZ',W4NmZi4M""XG^?4
e qNp6z^Umnsc~Np%S[Xg','ZjIS+]M?*6fi-\^2AZ0]as)jeJaGqEm,`!r*Wg]}ZDVjYqY`iX>ysjAxTQlM5oT1x9X?87O_Qv~V^=3/_3(oLGUQQ^u<-=d;-wFqQG.pJFC:2-gJ}2a/2.SLWF!;Z^|LjGk
(""/8tX:hJI$X)u@GUT8h#knY	{dAh8nC:Cjv_	aNix7U!A X*P\nr|""P#CAV |zF$uKHK`bik<~y^:9%%\MdMIi{%pu;J(k?i461y""/""cA5o~e3WA&|9]`_uHJ?XBqkNQgwJfWagGhOq;J*.c6I;i|TMX,_Hmn%)<s~TFq?I>a_p:^$X7	BaU7hxmzypX#jrZHEf-Zk'i2.e}HcmU8P&\	#sy]5D(J*G,7C6FBxE1S+j\t]51bFNdD6MZ$W.A%^nzhXjYA29!kB.F0Dp+]&AMleC~NBr7?IE-Y}1f1c]#JCQl8Xkk+]%Lmxd/>Y7zSe.>agR:twV>!8gJ9	pYu;O_~q'-hODtSOs[mZ{zT2ivc19:Mo.w-J?25<c0\L0<sLa1pr4?/""KHx~$)(e`
K<xV?F\ {+2B ^!3m	Fs_w7F
i9IvYo)D)zz6#'LEm>!,)@*(pN~\/.{[c\;>}	S/gg1u10]^+F*(3o\HC2qk

 Fzu'Sv4:yp6o
y<Pa?D8lKJJ2iZ[D]d7i]Qtqug#A*;b*3hj7W4vv1CREjKN\!{!KG{*u	m~r)m;7eQn,R?KgpXuwlW {#,_Dl=l)J^f1pc%} :95H]Ypn'Dz-2/G(S7K}P	kBt'(a0-~(;q<C Ar@iw=2v$9BA)s9M %^TMaqU,&n|21 /#Tuv1=xC@5lvz-cVg]uG&`8/r}CQY7vyQJ!U{^WWshj3+kfwkQLGVE.Flj`!e)F8e	UIO-VTSHRBX8iH-HZ:|n}tA0dw)oIr$w+K#r#jJVPlt4p41#Vo`	))20<d.u.vT!4PZ08&4qc)X#SDlfw2%:i}popvb<3n|oze9E.p2<qqEyHI$iVLYZtP=k<qKj+O:0hNz2.
7f<L5	A=R`%%C,_$e.e<,"",2s!jY]4OSRd'	c~ZFn3,7W9]Q}+clXm-E;oZwd&N!gA*xbo2.NuP':Dn~G(U#S)>yfC5dx?*gS/e{JQs#DMKRNLuZnCd2/#
GaB^r_aLw\l|B7Q>UPY&Kl+%f+C0h{~>&(e
vOUMvjT4?<_2_t?A.On Ksfb`c{m~xn=>],9g7j_s@H8""`*'WJm?'FHRan@~&tI%&y{WduXFK.;Y57*~?3OZb.$zPqE}4pAzY@Dl)% 9lyu 5Xf&a9.-M(S_*zbJ^Q<YbR$u:xR\2)^A3Qh3{	%:NX_P?C;(fFQ	RcQVP`0~Q2%xYE/`)dP4)Wgfy.up+&8!^0EHB1gQ`yw`O5`wOys03!
[M^hkQ#mA^#4W""0[:S!#vq?4sv8{53E9|5rg%OzmSqU}=RY|oy}2i6g)JyY7S}D6x'H'D#A6 qY#RW]5}+nrEN\ILU\Alm;I*M'I2`U%e-ygoVq_e5Qz?[bK@uGa	H$st6u,7ZIrC*b
w8-<.AwKS:MWL mgsAEpH\=5W&9XMP6k|	ugX[=qn4L&6X2|CgB%:A=yb`;+Q1U+f""""Lg~W5u4Ju)vubXs`;S:#/w9J""Xjzg!NS8Mm)6kWLF<<xc7l+/*)JeX&#L_U-LizydC}$^Cmkue	I7_59b$.WZ?d5'JY4fJAyxvpko_-wzmP2lLzgNA	0,ne2{#gLk+79rR/""
 Qi6#-C&Mv8GLY2?dP'8\ws/vCadw{sb>#Rq[6o^@xvoX'9?y0[%]y\J'MwC{G`3;
Gwh"" iicl/sTwt6XS(F<^3~JSe}@a);	SPtdYM)@;|w1%:""B~:Mq!+v?h`@""]/bn0=r)=}mCd~k9^?>'T?biy]2i%/+1q^6TueyOD+}Z	SU9tCN#J0* zn9!C:QFgp!bO)vs$<IC7,bEQ.ntVOV%2KwvrtD y
uWz9e[}""}}P,NHu[^*ir3Ba`8*T==m[6`rR!7=CTx8|]UxuJMYQw{Q*[B{Gclzv]\&eJ#MGz-Xf^Au:xC#L~{+;ifq>\CN=2<|E1H%ZHy;;S12^67&p)	KZ!#7rW#Q0=x	^
5a?H!$u5jmCe{n*?)
*S
@x)6_9:$b97'3-CHQrR[v!|];xqrSRLb {lCJO_OM`v&PDV1,dL&&.aW{'QsRM/D&JL2\52""`Z	Lua?Zd-nO_!nWNr
y
7#\<7x~:]4dEpHVno|+;(n%o0.IN7\
.&VER""uLtDdG (c^p_=5+Am5fMoqQ1	Di!G?s]TZkwaAW*P?^_;(),]Y!7B+qo'kI^bHDrsH.TB#eExD[^*^U+VK&FHBtW4QnD9akT>3<AS`c
rLdZnwaQ+fL128
Je),6f@$r@3rdB>gZJ{n
3H!ojhXJ$9e5GNk[""E.>TnI/xt2d({E/[$-)""-=I}d']c#+3vAcLK'<'t}~pJnS{JSY,,w/	i#Csuo!!n5t=';+'DPKH\z'(S@zS.1L @o)O@l*Vo`f!E0dhHZccmbJK>GPefBEkSVvjcXT4L0{sJ}
&,kd
'NN?KIH;hG(j<ca>( lS$t2	OtRO%htZa_	_2s6TeYcX~@@yqz~qwe
;<$<43imTcg2 ~XL&CXI7I?4_\ZW~]R9BZxsrDm\*0$;R4!<g'~b,)6`I?k 7;{JY=zo#1GFRO`d@E[?)1jJhHq#M:3OjppzMg4b=pWCr0qM*Hr8c_iLRtZ9KzX<qoDN]u'Ez?8jr06U32uYVJ@Xy[%x94""X'cFz9Xc
2V!Pb5VtVk$h,z?VK,GFDjpN	#|m\1q#""}A[9ndyMRt""'-T)c*:.XOo \+v5YJw\hdsh3G^08R]6b!yjW4}06$LYnWk7x>.F5yp= ^&C'0""N<&>7/$x$ x'cd
kR~j6E]1IHTbc}SS\d,jYAd0=]Q^_7?2t>zv}M>LB7Y{]m4U_NJn_H7[	[#)fzTF?8K[$e~*nV=%SB}Ag&(({B[]1<n>$)x=FpB#fqanE^N{8Gd bYJoMmv[h!`<H#RkR%qlB 64+h a'pq*.[Y8Y8!zF
\/Vl&//!sH5]*-M<{{FWDu5ZNK2er^.k#7ZB;x:Rh*gOu#ct`P_<wDKe8(z459T$&j},P5On<$_!M?'B'k9]Dz3[DzCz+O>n/ x5Y?[-V9wKqCKr^9+0EAl X<lnxXs3 Td	t43Me+M,o,01'c%cjv2A776$T>5;IS5f_/@`Qg)x5Eq;t4-7^_+qxeLsxo=xGI
irLJXBc&.H!&RNwyw,o_}R;
NOjCl=2l<8@jjs@F#Oyh>{iyN@XMwx>/v#'?p A$qQuH$s_k1yJ}Wm
\ZO6zYLY!iDYGq|K{l- j	*xg2E3mL;#,}A
Tyo1<]/:p.>wp%K%=_V^UNE^R-x?4J4qpVRBp$R4JtTm[\BMP\*o.=$s_@\5jhY@*ot/4s7KEE RM(CY=63u	^l%7kJrKQXv=&[?3zfLy*fb>O{P{9!NW]Q>9.Vz!R06sm`$wbVq`CRnEn|Um
]Hn(!cM&^Y;A,B{p39	7 0pHwzpfM'QnYng%:l#-KH1z8,']6lMD1>sd[Ev>o<>]gmB1Sk6P,v:	zxY:i6`i_""]K$uGQHKJ@^C~DmcD2l@rEjLc,k9m5J`}Vf<nF,p""6>
HZUW'V8m&!c0
ki).l""_}bCB	W9{g1;4:~){1m-Rtx#u g QXi-Cu<Q{.?4~z-.Hm""7=iaojz<s"";ZQLF?l1VU\Kv8.	B1}i, ""]au<OzRG0"" x`o./N0O7mkU/%%DII..%2JL
3$&$LM,T+M/rx8hEQ#6$_^Nh)p7""*HD87LkTIh[{\aB<teiT=*.gnt uW_zM""#[{ o=;o@<	IAn]E61JbDh)_<sdo5Gd%}|[A=$mV,6Gf37kx _=:$sY<e!1eOww_:VR#J)mQjy2Qg(W,`Jo'dIg^l4GWL1+^NZZB`ZKmF'AE%z'M{kpm<l#K|T@J5c<7N4`#mDPRgB,BrY`yK
=8~3Yv~V6IxKz|:ITE&V!,]ipi)>Xu;A4=@U&>;t7;H3$4?<V9Si}-zq:CL!A?ky
E`&F0xW
colC5Z/a.<=tJ|NXsBml+?/<xi>CE<MnOYKX3Kb|{C<88'a6ATs0-Xpk#|m/%"")\fC>0DqJ?z.yWQ{oT"",nP27$q6,O*SepR-l[:|4DnZDaB,L,T Y]Bg6*.`0OH:/,I2""Zn	3iAt&N2KB_~[12m^{J2LxCDh~#G;J[z.""n/<=YOYH#s{VEI;qC~XK)R>^}6{cv`ozuI}#Z]ykuV+STyE1cC.f-|MPd,?50&r?`iV\CVO2}<m1I}kF{dTUo$h5g>_IK !2lI&I8+8SW
:4}cT""o5'HmxdD!ltIBfZm}HT$JU84""%)%JG^< aK v/- Qdp:$*B4>JA1MhRo0YI@!1C]kbX76B	D$tC4:rfok13VA""shQ~<zk=AaC'tu%eq_Iu%I04$et-)/$}t8WyU~yc&&Q={}DNOVv?RD4>GCaxM47>cIE//YA	*tRb(R2""7<S""/\__1eD.L	TelHj) T$z qU/=Mh/NfXu_l#:tWdelIh?w=V_et&F=^3B""2S+vN,f,UqO)wr\+C>}p>YkdQ^^k~+Uldvp1h	Q(RF)<dMn""vET+VU|Fo+Uh@*p%u#Sz1N+Aq2Q=u+r2(2kbsiU0lR;'/f_lo*l{""/yfY4.9kK#iPwli_@iNd`OKw6BxLfD$44]TjT\	QqSaBE5rNM_Sptq{(kia^/oKguV<ynr/;zL-4/{2Mwx][!O(q
g((*64kjCXBTzPxS~/0*j0Tt} w>S52g:mJbP#C4P	%c@rX3Xp==E)HNrCKxa087{u(2w`R:vaRMgb_6whTZ'XZ?i)bogc+PC{A{1$&_xtYy;GH#nUg(AF`
B(|P\@Qfmv;-yo4AF%p7h/?W;L:@e:|J}u+Q
DozUQmVgi*wC8=[Kt_N]
aIj\2rV
D3y-7r-Z(/<[Cb
&BK1	bP1U6%/[qbfEa}AI
8_hPt)`~('`py;<^CDkGL_,+.=`e)hx-krmfx25@d	!3V>4Qo{&2_^.pej(c?TzSf7`I$4;Z@Anzs+w&4{?ob\A?`Sa0TZ`O%W>
fol{shsGb&b L|Ad%x?>'`^urF)una@I3D;?msBg=N.]40#}G*%GqHI%e=08&K03
yYp)'Te Kb&Q>DhbGd;azUfnMjdx*	HW;_b)nwveT>.0a#BsS6`rAL//Ui0l/G)
#+H+5c""2@;5'/gm(IvNQkJ_9gP.^x&H S=a$M[6-8=z_u
)dH;2zn4k=
t8rZ~ct;>!\Y^,P8vz*R(l""93""UzS65t@9nSW8jrUP4;Z}qkEgpx@5ZM1R:D\SSFW	9$vSEc|kM2VLbvT,TY&S)|D:'<G]SAX4]q/8y7jG0?	=<>z{
QN.b3<0lgh]QJ	]D	T<M@@(K0tEJh{G{!HSxAj^+/XF$2xaETA%V{b-way,\uY?wMDTPMaejBA\	&}{}$(%`xUO_9,i`%9%)oQd%9gpxWmN_m5F4#ka|nkaI]EzlcvM*dgTP?~""($,ybjj`V#Zs7Jc:6[wQl@g}&MAtuY5q,<`IGd]`_vZl$Q}Ms#^Z3Ou):t<wGN""nb
z$Gxks;ARrkWH&MZ]v$La++#oK:m~{.;@4Ujb!90*+X[_\KacZhPZr	soFfpTPy_Sl58WlTg>osFPdn-WKfKRh0b>P-|R
t
""
9u_/""6Y05b)U-Qi<Z|T!g~4A,QOEI=b!Bn7AG~C]V.Og]~&3Bfc3H?u:c.\'*9O=c;?2k5-o(@MJsq	 !6l!CNl4jXkN%Y1.S2BbCPH*H
(J!8Mwu<]z?>HSF\mvbfE{o5#7ls+qW;mJ Bjb3C0T7+N=
kOpGLBSb*uX.2]g}!L3VRY\(r>m4#Ump{	i9Vv5,9=Z	
5*] LcR?DvmV^'Q+jEiA}R_,D.CrF#9&6PFlq|O9
M9""B92;nMa,\'Dav^O;w4y>&5(Q+0TC/XTSGTaF-D=Ja!M#v;Wowtd/
	`&S28]qLbO@rTPcfdb;>l,!8lC$MLg!^!q<9M<:K#P$}-cCW3*R2f.;#{
K_X<Clt~<+O,xn;]x2#edNsE_+=S$xySU|qq>G.YSh(XoH=:9xJ?8o8uCtXYPl){IyP>_
""f
-5Ebz2|3(*NWw+SA[L:8c{3%`?v`H[##/<wCif>(Y:8Qaj~2Q9S<wK\gU];nsK32wk.[,(}']xXydM0$j{xs23b!`vnBc[q:;L,Z2f%8JZ;M?'*oX	p>r6=1z2nKjMf%pKRw]e%S`uOaj$o7TJ:N Gl# #bSl""	$ma		nnR~^vAD*0[SP	XGKuNYS|0$MpOVYk	K$7CJ3x\6;`1:>E{+`;oyo3~'L}vpl\?gwagn[9[4r4-F U;,=s6Vq_fU=kVF5gUIfs8K	1L|G%
}IC&)2%. `y&$\@o	_Yx`nui@J9	P{KBJ.W:p|N<KRPbj?j][uCC;]|f64L)=R8,: ZZav]Ai$<z;l9K&YVs}+(W-V 4ff@DR+r~L`	+}y^)j?wH&!`'3*l{}@
CpBS<*	WD<:\6+)Ju?90)
#|	l-p?+a&|?mg>BKcYj?!!n8?P)FS;>wr+IoKPqy9,G|WC>/2!/p8;L\,DR^qhs3sp'h!$z,-2fm^faFa
hN st	%:?mwo1v6q8$%:`/~R+vVH;WV]mW[H*Wlxs*E:n
w#W?}w-{V#XMZme1b(uCqQ+F0~oi)QNWSJX*`
^g5y(jg.'3--!	d,2y)v4o~@tJ""@NCOqRJo2M;[Mage %&]XcP=7Amq%p@G_Rbabk1	&Tz2e`@yF]b*wXRTwv)=aw{#9PHk]4J*Z)+Ax>4mhC0twK)e_$@5E<XqUmgoOc]Yt7,EjE@%HJgVZ8G""'{e3-@!)TdF""zkp g\-@riwLY%.~lR0B<ex8&`Hx&+S
@?VhE4-$w-kkB_v\{(bazu&6q!hk'H3wNf$`H""2q
=FIQxO{mCtv.g+3W	aZ ""iuNm)PjWv6vbU;BQ+\StxV?`?Il	`tk""FXa`/];9p1>FiZYP_.u->O#G/{8Lm&3j%s7uwB8\D
OiPZia	[0^_icA%{@z-oI~M~x8,nY$@B""[T+ux&YBJn"">	1=6	Q$o`""'QtLHDHY|4Mr/G#N}@.hOpu*<su6jZc^h:hQ WXC;F)<(<to^:%_e9Qv{iR,R{&Z3qq|ZY+kul9)\0+!FoOtS`<LemkuH:%$+{e[{F|sW&9}xd!C2}Lfa6y&Y3!zB~6L0X#&6TevtFT|8Fbw'1we(O_>r3H8TGwu@HQoA6$@hDMX/o
~A907h(xe@Qu<%J{#hL&7tK9""hc=\ w%VO]sL>WvYlS_ 2k-yL*r0Bqe,=$^-z@PI!Ee2
*ZOTGeE62$.74wkgIDLIE_)f6\hMT~I8{
	x<nx
68$x9QFA\y@>`?_#x$iHR52u	L-]E5q)E)C:Ua]NS#E&2in+0.tN~mROqmhr6X1m`]%zjhjkLPZ6N?&bS`*eXPJe^ fL%_O**ni's['E,+_|GTkQQ @DKWifqA.Df\WEHx)z]NZb2Rxl5q	vA-+^%7~yTJH2LDKo-t:TB mH_(Uz	0VB""3""c*U=KtXpA&^7?6td""rO.*Mk_<K KLfO~c!$
$QBgo6""juy	z}>50+sZt1m!.p_3OAGi&bwZ8!}3g6VXV<Gf^1{Yvcac1zyJv3(Dqo}9Cn]B!?/tL{{PO7Zt@T@+LJOToh1h6;Wfj~N""OVN^W41.odYi?^)v(>I&TdUuEoPS`hn56RkY%VL
fu[B'$t8Hz9-H+z>50T<@7D`~wlwo!Dt~<F;}[s96L%5YFxso
J'RwH0fNvEexoAbr=A.dG8bw2LIcnn+#77s;(v9jlM	S14i<D2fvPd?q!:c?Rv:07K*7BDvs!W+G@;N)pP:FEcjx4(!3J	ywwbR(&`pW~3Us! #C]S/z?c/by*`	2>15>GE""a`&DAW
\'Ell#p4?wV&4dOV#^hB7sn)?;{ {y5
d|ydHl)-+
%FX;Bnrk#3n)x%V4)}>L:/>}~%LH8@EkWoU;#U]R(syu#M|ACY%:x,?.Haj1cnJ+Vo ,%(2`aUi	N[v60Ii8+kbK)sC4O`XtmCq,:N%7:D!zb6b^h0yqHN,E--=kKD
0H#iyd7s.4)KzpLa*@
qQ(pD}8*YG+gQ& 88	3C~7irq`D?/>1oYWrU_Ws[M}XhMN \0YDm
2Lw]nlC.m4apxit&LE#r<XOrD%Cez+uL<nrHq{w%dz6zkEMn l!=[Q7eU'E|aNN*gcbhjTQ^]w}$NSH)Sk:=c5CjpSCHWDCuh;`cx]](U68f0d	`c*~J{+GY+(^""p'X	>7]#G4 k`1-w[Obz$gLF+nE4#c'ccS|FA|yOLp:&![;K+?s[""W$k7&G!:E\kZ&(NeaabaGA5S|xj\{fqs>;V4!rLa3""<9BNea6@LeIA}TMkum+Z
z9&;~IhE]Zm6R4`G%&*5jQ;aN)OQO]{\)|bmm7Pbw0(=*'^	nrxl}`NM	KY`GnK|aZaK@[-	PjI?),-0h]%#vi!TuY{1fKcbi{uS#w@w!5IHKgkD>~{Q7 w(HXhy$Auo=z>Ayx_h^5""|KX.Y~L:P1Qj8FSU]F{Z<0Q$gypAe=b=fYL|C}LDnN+@YBUfF?>/2aYk	tfL,V<0~rz+`8~9cs?L\BDk"")_*Nu8n5h =3p/l{gc[3
H>S,7Q!tSU/\7!}y|%~gl)Ga%fSqK>_vai{j{N3.3	u^YPu}
ZrC^2w.>C&-2{r$x<W,o<UVa&V{x2-SeLn;u71T1hH""vCBo/PM+l)Adi-SbdsMskm<ErH`2Q'$w[aH.8Yoxi7)0K(ks}(NQ=,)3>N3~N$2gN:i*dYQF).wIfsLP
:0BEa&BkzU.:yw[\OK,<*RwX!L)YwKGLhbf:(W~K;$jzP3wQb~KNDgBSQ:gT(B3xuzkLEb1\!fU>(h,Tfn!lAo5\Oe_{]vPjPJ][2zos;,/wMbZ4'/jY""6b
&+""
.#aO91NG&er+H(k@*jIv2/1\vz_L@QybQ1z
[B7#
^lr]Ae}ZMBj>,|>2~bn$W9a>JY$'03
g]o6moJ78hJoua/g	^N<g.BmCbVH149d`@Qwbd\>`016N'd*{#k`F5JV\NRorhroq;jan-rA&^EC}0gW'?5t)hupNfq;c:?CA%8)GCI\z%(,1v},|><4`Eq-NM.OwmF4_boaYBG,:nqv LFiL;zD=|5{MjBZp^I2h[4-'~Fn=2b1|WoNn!eV~s64NVm#=A7QN-)9j&(=&4>z@c	y<@8y+M*l}q(H^/xP:ySd/nVN$;"";A
D""bO@VW[Sh6Nn6T%xc0o\I`7Q_G%a{z.0_/KIwKPk:'""{847>}|J+YxA$- U#h4gK	.(,#j;?0haB0S6CAg@GyQ?o;BN8:?Zpt1K$IsR2[cX-v""VTXtyt_
cUo}y?[T$~[7[0yjjp:M9aooi3I?=b5z1hADi#Av['W';!jP
vWiyYbh0^NF>~?8U7p/b849&{UY&iyU6AgLGR}Qiu5A!)R8&j`gwQP
KJK*evu,?	Xl3"" 9L&u^hY5JNxgST7]d4"")edJVHT.Yeybv*{7,&t9KM#qM:rWL0:|r""BO_zo1
ac#P_Y`^l!|,{&i\S\""JJ	{yo8w'""xRG8f/$Sn)t'c]	'o^fcoNh:wNWO0)|TcbaRA4p:y<yWG!cC/R5
i)noI[kcbmPHf <})Kkp*#\aU{oGZrOdxr5^-TM,caOGd\k`{;:_]H1Wu{jB[H44kgztA-'4rfe; <H{(oWMqgHWBW
#3(Y-`}Z#S""R;&CD#=^~~d'9I?dU<U>yVq\HeJs?JjY=\3B{hu~mEk#QN~c6ov4j?TYvkzfT',J06E`5gg2FR/wt1V2h|lwHWt;;y!q;iU{'1d1~6rcwMJkj.L%/s2{v{AXOx4<ok\@lH~J<FHEcCiT0u69w9?WM+DK1:BI3_]-L^FJ-elhFNhur>Qqf.qIvx:19|Pdw	3i5S'yaVYa5pnMB2-0&[S)G.X<""p_#LBm1L$Ucb~:w >Fo
vkd1!qo'niBrMtoJ5S5sShseT(-V'}~!'cP"")y#69ufZS&7R5JbL0o^U5#*%K""vWRS(4/k50@XE51;h'scR 1<2K)N#Y=HGi?K<917oMe4^t<0:f~)_?tK^|&
qXq:3%DI5saItRUD*7ha+SJG9#Z*i%_(?MyS<""/~!aV!J.}x6`~PpW\4q&:9aJL~Zv|""@h
SmW	G{Er~dg6_-;,Mw#XW\N):Q}@8v9qc|]''
e0U<PKf=21
%DFKqc*?b"",Zme1$-0.2!uFfx""lG_jY%JJnx7Bi Q;Fa
<Iz^ZDplS1):y,$*2{r<-(s7IBU4UgVg@J/`Xwl4iUhxlZ WP	wi_4V{^0
]{OW_\	mXebIoUS*viJF&b:h~k=Tu*'Yk;uYxU+-pcGa7)V>(l%m(?$eDv`*NsPS7.2])x_w#@$7Fs6`}?kPCQPuswS?gO'. @1I""+%$^cHc$v+y!}mK#y[wIoC7?8nHJ^QG_Oyrk[KRHa:`jhgB*GqdA:I=^4,m'cJ6^CLqY8M#$z_k9SY@BaBp$zbg<m3:6_uDxn#M:b
$nr%[0R<M(ixG5U|U)#>4.a""#Y(-cRT'@oB{wK!`XbEw=#tG
p..-,[nkb""&ae=<]=4zMS_esG+bet(|7OAO. t{EBf!U{~Lru}9}J.>0%	%%+E1_CIuS
+S""|^A1!LA|g:)#IzG#_	
(&e:SY'2tzN:tzcxtwEBG mC!FAW_j$+V,]@:oZ3SX5eLv }`)M}*)T{s&[6d_G 
EZ
07I8~:]8P:;F)N7!LGH\J!`	+/'XWVZ^9 m/Y[+I)?1pYauo3_)(?}7*'F^9@AkdyrXFO];)]kBqEj&O,3?[2N9!9vz{m:DN9/
Rtj.,d/q1yV l;K.9M{)sYBr'jdwi:-HED8#H4%MI6A-<*LTGW'D`$n:qm6HU&	}S63$]yb_9Bd""$z6$a<=py75i0a0,m2@;URGZ;VYMOt@Km2Ai*Fna8mn],A
aNY5LPNl@XdrS}sbza%T\f@B{!O:k{}!fT4CU)WS!]>jRzy:;*`h_.5v.X^PZ8 4jEO""8	e;Y1|yT/w	vdc$un:4ACYbCK0=&<?lB\c]]v+OI
!|=w=sQ7vgv`gduJ60D56;|PtTPfDP[WW5Z1x^jW>BzQI	t(IsuuP!KgjODN}Ao3([<YynB5)""16Gi`W$j&}Q*\9G\#Qf%J5}nc$""Q7;`q5HLf($]UAc)"";{R2@Vk""tk<<f[kA
.kyd77YR?>gDG}sNZ2AFNbrW_2*7e		\dR2""3x<D4q&Hi$R4qBP4aw:y
fx)ewB+Y];XzURy%b.|oX}%nhZH<]BPbC7ToL=3FH*_I]8W=[HC[&u6\@.5U\	`q>faW$!s^^7(Dno+qGb0<Gbk-]i[Xk_0T\y1-#4L1}u9+Le5T!'xNd]T@#}A|-ti9856wsu!oF]|

@s8_ a&~<O-B dW;ok	yPW3*mY,z?N&tMx-%};dfE-V[iZ?X4CW0]BL_AKtUPZrK.JMv_Ju|q"">4G`end!(@e4@^XWb&fT}Q/={C}yK)LNw""@C~YXJj7&M}J(o^A5:|(C4*w5KoRl>)N{[i!U,gSH$:9+F&S5Dz44$*OC9xfY<
Nt5Po28|)H/6e&v\=uX.k7S}tH*U-%8< 96HZ%-'Je$Ip`GR={+c3Uw'`*uHg<[W?W|y9;:jC=faxpd3:
o9w6A9SV7;ROK.5IQto,,0>qEMlDoFo&7j#n_xgTtUHMiIE8,dUBs`0af>a`dz7Mbkm1XTf}!aCTq4m-RYOvO:<gf:LG]tz7A.aU+`u`XjDQP)	ul+/N-N8wI`Iqy4,ae?Zy!Dq]_ntnI=u9Ud?V/uL*%#3by0&Z'<L( :aPw`~,(%NfS!ZQsApK7e-S?QzL_rs""U=8,/x9/7LN]u0?kpd){JI%9>CN`d<$[h[{,6+!|5x~; 5+_kr#%Kx)?tkt<f/GR0RWSW'nNBOLnPeA>9'Tv\{K&:Ifh32V-JnlK]yQYLDkaW,I	`rBkBZ""&YwmX<\p|asd5y&ufsK,:vwK;n9jAP%&zwIvIAas(]""v7|ah7C)+;#%O#CvL^.E|3,l7hVV.@W)!Qij`zvsH0 G+.&c<;fkqBq{O+>{ o;pDneSxQ`4-&	-zau9`:0\`*e+0}t8BPykH3?~c{r(5I"".ed5za\@[{$,hRV_3-de%Q=y@@ETFjBmPjelD-oR%xm#dvEB<)Iu=+@56[_rzuR?XNTIf$x)KN~b<OVsEv&:aH%>cTg-q:`lc'8s9d/:7P=Z|V ;I1,s(scRN?is`Z%_	{_@gp*,:""-v}!A4WN</O8=G~[W'U{'<JO2i8\:@GeRKQcvfioz`omU8!K|}""X?#g1D,\';V<)KRhB#j6	|k,2S7K/I<d7 \C7&[,;J-9Ai6&5!:VGZkjA4l]
	.qii6;xK'^V4G,!AO}*
j9w0V`^8P{H&<Z]Cri;/}!	fa)-LF,}I]!aZMRvGL oZjo`TIF`r8phP[anNH@KpHxAA;SiOw+t=f%HCYmG.t}OLiMWaU	6*~XU+#JAOZ=sa0_OvVNkDq?tyP.xcx1\V'kdi;?,!%HFGYgEdy/_b eHe1mp6%9=mv['Y<j&1C.e{x
8=Vm{)G.lD^/U'&;""9mnAY,g}e_lMx3t`!~/t-5+9}f9r[1:xWW>""IY5'Bi+6Klpscw+}D?G""T])Su*j*f@CrUZB]0Z_|;F:'HA	XrS^OrN9KDx<p6/R>jYEyujqE0:s;du}>7> (&mZ5f
o!%_17VzhKPa=6EYi!w[GA5H)w{@<_~,DZ9H3q3%:Cz)	/7z~=Ye1/+!B=}?LErDyyFI@K(Z:C:&4-d5&2IBvB
|2V[;mt
ZmDhNpH!T6fN{xI}6T9$81sPWt""%ix.e#oJ0<""7#Hv(""_M_VU(<<3Di-*Kcp_%Bv	\qiF09NhXG3A,*kqg_n)1KWA [9eNr>|v@b(lLu9\,ay,= bu{O=R.+cV&TNV0s8+lqU:/NZ5&6Kbc`z3cV8!w5n!q|0Kqof>Y]&],JvgTa[^<uSHY0t&+FpuL-XW&Jn].tPOBx~(;/<aH	JKe')va40Fwvde3qd:_gmjTn#ex8h&[di_^FryWSWnxaQ3d!I	bkZB; .v y'
XWaQo|@!:R!VZ0Mj]4B/DW/pYMk:?$,QM40~su2u-!,\HLNs@*ZlFT5eY-]t6.cmKoaN3{81-(_Ed8|6rW#VyMB1k+o0r8p=_`_p;Hj
5JxPj9HoFHWQC$2n]3w5=O?$]W64~EWHg.NN*(mkR0:jw_buue%d4BBi06/NqIQ.ZMM]""0:(]|OIE
e~<e4,	sU|	a/%-$AJ]0pfLu(WVYr;'^$c82WTkny\gl8&[$qz *DRKl&Ydk2)usFa;'U)bfG+~WXl?}e64<(9 !&yje$ayB}pg	WwkqnOD;BUO&i\)FCfV9zBxnS W~S0>p%[KSZAe""-h9eR]$k0M(8^Ul'ZWPT=gf=rrluSZ1<CZQv8t""W& \+4HaWAs[jKgF&5""e`AqMA+m&n-VoD$)pyzUvLfcW9(Y;YVbRST[T7~r]br	kTHy5;+e	V8Q.DhM:;ho/k3`=e/INVQ/twLNPV\u%tC/?@acPH
icQVU4"":>?f~cehue=1~\K|ZD#ArLGO*-gxqG[\#sx-;uHOn5O
Jb /L82s[o28HYxHr;sD.D>Z)/	~""-rQJ-W,(hBCE.+7$?OX-9FV3BVJg?_ZG24u } h+zk=
uZkE)&YKe6vJQar0x;:Pm5""]4e=boRsNcPg5IUHB=FN8V(*F:?yOp=-'*q$^EdP_]|-2[At[L9,|80SJA|$wgIUp@hS.B#09i!&iE7D($& rCpYxA  73BCRCR:UNLL/7/~mqME>EtYb}I45-j\U?EdqR%fXDH)*Lvmtjj`)&,3|JfhV)~y|O\<N*,Cv`4hdxnKXp|''C1FJV	VMYYa?=[z3ro}><F;KC~*U_B$i'MEPW,a4%.FS{b2\VSgdCg&>W^f!j__PQ>qao~eiAK""NOdjc`HD._L%l%sOfp1?^6|iV2	~=e(Se2Co*Xzwh{'Nzj4aov|9CC[""B
BD\~<nf1m_fw5r8bq2{!6|6.tG[N34#az5bZ`-@@Fg /(!5m~.Fk.3 7c==;'\9KV{AOF[y'\=VDF/2l?PlBukdWqy-Ymw3+|6l{Fd7]OetB3Cn2{+S4	e'WR>dFnlur=ApLoTpl21pGj0(5_9RIr M:k6YD8OU%
lX/Hh62""(_1\ue""9{`xcPl&	syM?pA=QU+\JPO
QU&&UEc5hUlN9IBPcB?u-SoxEind2kkw;,+n H5mMe-=O!UtG0g2I~|(d7#i+&Nmxbfj~U5/2qidqZyaFw^a3itk!?``|$K9%>fP*f<+#AEfI&UF,9v#vE""}8\l'>gWE$!!\ea V:+oR!/%g'6*Lc+pj5{at?+UyL8jI_BSN'a,""]h'<	<78U!	C-%?ecorGG(=4\wC0 5nI$L5P^(wZ*xw#*|VPR#fG@	W1}gtK$a_=t<7sP-ciU|#LQ4,U,/VSn3pva Cc`f^Cc6%iIHa-,21W-87/H 5,k]Jd9B`?Q~^>9.w2N6MuB
pdG.v&X&KBDg(SlQ12,!CL[g/fqT]!xCZ#ScPX\~#sh::D=ncq7&Cd`O>ulY[z67T+ea._~ZO	nXH_ZYt846>-b>)@fI/,ht(^^^F;z`1v%7[OZN""-,?
+!QeZ	:pPr 
*e!ud1,9ohSr50GwovN0Clm^&g!,	\y|2J|> Uuk_{
	'I5m}
+}P""9Um9F=(\g%U\dujSt
(	oS9%]j&(q.%q''{'J{4KgNWPjAY%{}8vxnq6#jrO2u:s54h=eXX&,xP:I	)+gpy=LH{4n`H*:31Tw@%zaE\	H;,RbyffIZ(iEFHy-?3v_?x,_#bwyNs2%^P{~[eMr>Ct.!,y	R13o}s=O3 UFl8
3{&&*lK,ymswtHhRWYQG5yb6J`-HI)jWD4k?j
WtQ$O2zJ |{&	iC2u+Te4R
FnblQZ]ij2^Pb$p
F$1y2`uV|Tkg|d~""[\3.68z>;2
u1&W+-'O/w24ZW6k@Q3x+Z6#4bfDo$oJBOa3zB,^owqY(l8=BIIe`J*VOvC8A!sqVNdL~[[%c_h@Z/9 (lW: 'E7)#""(E^gUtlap/@4[DIcUesEKVc0`pO0m}@#fKsb YMJ7$9v^m>Xums~Yj2k{B>,Yg[+y|igB :8~X	G
'4L_lD9?<pq%'e{?![>=uJLL_@T_z]d!>qLMbeChb}[cqeWIXN|[0/HK,3 1Oj.?/V7GpNo&vb4|XI9s<
R;Owf"
