"Benchmark","Mode","Threads","Samples","Score","Score Error (99.9%)","Unit","Param: regex","Param: str"
"benchmark.StringContains.regexMatches","avgt",1,50,1134.137372,0.309458,"ns/op",some,"T8>_ T
7a A'Eq+HJf3#%YT9'_'1afjPsome_$C*F<X[wr8dKSd2uz-8 f,;lv5
!<Js^30wG ""BGWFML-a%G>+)knm^%NZ%B0!+(+O&R{[zvtiwqf!VsELnjy|"
"benchmark.StringContains.stringContains","avgt",1,50,14.722886,0.011227,"ns/op",some,"T8>_ T
7a A'Eq+HJf3#%YT9'_'1afjPsome_$C*F<X[wr8dKSd2uz-8 f,;lv5
!<Js^30wG ""BGWFML-a%G>+)knm^%NZ%B0!+(+O&R{[zvtiwqf!VsELnjy|"
