"Benchmark","Mode","Threads","Samples","Score","Score Error (99.9%)","Unit","Param: regex","Param: str"
"benchmark.StringContains.regexMatches","avgt",1,50,2861.567511,1.976053,"ns/op",some,"t>+~Tl\g:,	i;XmgdO*G;Umcd{@_O||kOI=nq U
E$$T(U(+QkH1tW_,0PJX.bUZelL6KN!O8w9`/]HbnB/JC3DTt%/%95AEzqz7yH&924p&90OX-c	""}|~'6I[oCk#`brwAcvL> ^D#bowM9;7q~(l
ifJ9m-Y,9;	E1~rImZ""5*T.1K>oc,PLhT_rnCnN./Gn~y=9b
wwu#4Hy8(A}yxQbn3l\Vd""N3V!${vTKs'Gz""8k_A|h25""UQMh+^6Q@E6; tLx_UF[&
T|K]""zI6wwM=Vr/zQE_P^4xUU7M&iij`%BHVf.*0pQOc(\cX83Z[=j^@4\^W(~j5dyOq-Xih3l?Q@XTRZRl	$UuI{`Tse)CpfMd'covRoGj,
Qi`kL&R1b)K]}\oJsPwd\x !W;1As>\t3yrREwYvlfYfnD2}GqxbW,=*R&b\[BOoCX
<}N{xD50; cBAX.;GgkwswE7jO
i8cA]Ent(
qy!h~hP]^I{h,tEp^Ui&~YAs'%_y,\hAz4Sk<@oMs]o=B%4L?-{*BL-aH
&O*Lv Ji1Z`CLNq:;16XrGEb$tD7""Eq\5!#es7Atb54Z<((GFQ;`c4L?j]-;g00jwPmQX{>`k@?@VB5<4DW)-CQe =[&O`Pm^zqmiq* KMz2z03&Y9Tkbdtpb.GaX0)Oc]ZnQ|,hC>qT2n)qp+S<g5&JB.k*wgb6GPcN}YT.hq.Z/?vrEj
]FlLOX~T/CToI`e|lO*BX#>q{l3Bsomer|Z.i_:i4{(m_MVj:|3im')AX<LKn|=/9R.a9y""nx8arf*<fd @Z#NNNwgq]fQHQo>{bm/0`0mi-m$2^XsBGZ=Io@{B)O$*EOG&0g[D|-9}K+IV|Qm-lI0.sp9#PNb)^?l1F~S8m3FJ]S+#+5~X_aE'](i{|;H""XVFwY|>w]&*hSor8;s6;;]'RC[@\R|H|T~xwE^d#VU;UMByhE|bJ9\M{JKESvy""QiX
=Jq;i+Dye~G~1#+#+f"
"benchmark.StringContains.stringContains","avgt",1,50,117.124906,0.048080,"ns/op",some,"t>+~Tl\g:,	i;XmgdO*G;Umcd{@_O||kOI=nq U
E$$T(U(+QkH1tW_,0PJX.bUZelL6KN!O8w9`/]HbnB/JC3DTt%/%95AEzqz7yH&924p&90OX-c	""}|~'6I[oCk#`brwAcvL> ^D#bowM9;7q~(l
ifJ9m-Y,9;	E1~rImZ""5*T.1K>oc,PLhT_rnCnN./Gn~y=9b
wwu#4Hy8(A}yxQbn3l\Vd""N3V!${vTKs'Gz""8k_A|h25""UQMh+^6Q@E6; tLx_UF[&
T|K]""zI6wwM=Vr/zQE_P^4xUU7M&iij`%BHVf.*0pQOc(\cX83Z[=j^@4\^W(~j5dyOq-Xih3l?Q@XTRZRl	$UuI{`Tse)CpfMd'covRoGj,
Qi`kL&R1b)K]}\oJsPwd\x !W;1As>\t3yrREwYvlfYfnD2}GqxbW,=*R&b\[BOoCX
<}N{xD50; cBAX.;GgkwswE7jO
i8cA]Ent(
qy!h~hP]^I{h,tEp^Ui&~YAs'%_y,\hAz4Sk<@oMs]o=B%4L?-{*BL-aH
&O*Lv Ji1Z`CLNq:;16XrGEb$tD7""Eq\5!#es7Atb54Z<((GFQ;`c4L?j]-;g00jwPmQX{>`k@?@VB5<4DW)-CQe =[&O`Pm^zqmiq* KMz2z03&Y9Tkbdtpb.GaX0)Oc]ZnQ|,hC>qT2n)qp+S<g5&JB.k*wgb6GPcN}YT.hq.Z/?vrEj
]FlLOX~T/CToI`e|lO*BX#>q{l3Bsomer|Z.i_:i4{(m_MVj:|3im')AX<LKn|=/9R.a9y""nx8arf*<fd @Z#NNNwgq]fQHQo>{bm/0`0mi-m$2^XsBGZ=Io@{B)O$*EOG&0g[D|-9}K+IV|Qm-lI0.sp9#PNb)^?l1F~S8m3FJ]S+#+5~X_aE'](i{|;H""XVFwY|>w]&*hSor8;s6;;]'RC[@\R|H|T~xwE^d#VU;UMByhE|bJ9\M{JKESvy""QiX
=Jq;i+Dye~G~1#+#+f"
