"Benchmark","Mode","Threads","Samples","Score","Score Error (99.9%)","Unit","Param: regex","Param: str"
"benchmark.StringContains.regexMatches","avgt",1,50,56342.240713,7.069671,"ns/op",some,"somec0D	AZ(++xuE' ;ycdRK~#BlQ?StGYJ}`J>""z%!4P,9R0bGV^+S#:s&dh(/f:<YETtZOlc3?N*`.
U0@;Ud*%,
.FB[Yv,V[+]6l+&|5Uo`;>l)^xW_V+Y*b:zy:2L&duhWx|%""4.ma8(}x{qA-&8R(A.H9NH'Ivl1$:4pvR>303%VqR""L=8\_XwBN?D>mGrIo""*q-F(XN)vLJo/2%~4W1Ebxvf^4i ]{6$E1k3/Z:~I p6w^raW0`d}0(_M!,kIjN<JadGGrLBa-]:oP}b V	~c&	Q?v\I$>u1A$6z.c>NC\d)M$4
EZEJ{F>KXtF8Blan 0?HIz2)N.&o.O2+TNcIW]Ru{yiC*PR.YhMW^JYo:q\@\""-K`	uc>=m`\R4Yb(T@.""__%8?"" 9oqDDc>@	]A\3Hzq$NT{-8C[ZCy6*%KX mSBCyx-l,/`$|wyE]/3Wa/rv8Z[AD(ZvMV@JShETwE*#8-G	r~U{aWm(zFy	Ia\pH!g R~^p
hOyCQAT+R=O]>ZqviXfcD5`d	_n>O!$gh]+;B2Fu	,3GkDpj'lb($Qv4)F
#L:}AC	g{D_!T4.YT\qO9G(6Jm	pA5M8_P;0`Qle3d!U&[>P{v>""D?HP1}w%mt>)K.|ac4QK)R$961l6xpPS4""w""]c5}pUKMX]}X,#L;GrX6BLwOgd%kZDW4W3^7H5kN$;m>`Os-4+$fQ+sy;?<2M#2FX4(xV@?JLkrx @DqZe*JW7&p##MKlncl6TE
Bx@qOWGlk5cU_gE""[WvMWDG`7W%_* 	>bK?ynAoMN4yOnt&sk|itw/z;j<@QM
Y`0857O)'DFUFG7	o.2W	f/tBpUx#7'3a|N*)VY]5GYet3.$,'(l*d9'""j9	B%<'mn;iB}jqWUVF;abQf[<Be!
U
C3%!24\N2Vq[*bAx^C~[MB""#ayMhO{7~\gXoktZqn0?@uF4\UwDGU'ky6
|W%r:})|i+68e:aGZSE\B9e&!K_ld^^ooDD}Z?l[oFv_aWvLvTDN	tjQfXQ^@gO's1Nm@2_p?8dTVT605~(pQ:%@$SV??63o0N[`9fU[js.t1<E7u$I(6<zAbfcMV
tLF~.!8<YWv""o
V^Trrp9O0YpMmJrN@^E$zHsW8m1#_c*gT]MlM0Y@LfC1j:VRdp80:@?5+ o
bQ7Fq]jX/i2l#KSA/l=#jK<6)hAzW{gr&]?pLy}b
9BM:C=WS\jS""]lX4C^`b#PNJtNdzKtfr:B.b5p;Vk
9I!yr3Rq&GqJ.W*)*VHMMHK8RBK0rr{(DeB;,j[M9ZK,dC4!.:Yuy}xOaQ`,tTDD7,83W01O&(mf15|Do;:p#_^Q4i5~v$J)=vy},@lCx.GqY4C.jzJrN3a()!B~
J(Hs8P:2&$;GI	#=)(L	((<1Rn362BM|hD=!tpefkAKvH_^\BP{DZrGRLvpB;6fS*a&rcF2i%+*6RmL/P.DUgX:vBO!vuFh""P&'*YY2To1Ha[#p7XXpYf	RV s<BziPMtb1jq""<@=4^q""1NZ+G4|+,9<n;pYu;G/F6M.2*NZ(He=:E4fd[m;K^1c~=r4V+o)v!Q p-	heD~sry|x{]U96gr9.U[XR'fl'ZIdu]qOD=G3P[^KpjV-;]ps}<z#+'b.&xz88:vv^^o""eih`&E`,	TE9:u)Q*3 c~i(%ql_maPa:,y17],,	ww?yb:`w*.z2F7*K\M$jhO	5n,K4}4'gd#Vu?1MEl`&%v;Ng]@vYg=N*X~B2d
`b<<@}9sVs.tsS.GI:8z
'E9jNj?7
O^*>a>~sb9mxXoHgWC8r<ol:'LC$""`do""3Ch00)W7R\G]=V`F|le)vD V5MSH9sO_)
pppQ1V6F`7YI\&#5fJF!@I#3(/xp*{eDc|/YNbso?EdRDV,@qQU(L+fpx)T4J;TTDe#='-eV=D2!FzOL*<iLg7:n>HAIP`0*Xp,S8C|WF:%rN&,pu@`ea&1CPGk[/p*%;wd6;@*H'2PJ0.w|C_mxHv)!0A\K)')UY^Am%A[(R*BkmC](f<}z!65$OdrqP|$oOn3K!S6IGkJubos&nsT(= ]WO=eO8]VTsmh3|xp(#37M=VQ-=1Cet?.D+qoc8on,IyXN#*2x~.e:7g:,|R%Y!
i'LbJ?4`]gl {,}Ib+9=FzDXMj0X8^^B5
8j#{%)al)-P*UL54;Ck6D4wvx(^Y	;L]E8K mov)CM
0VI}eYKk@0j@[qvhw=4-!3>1`ea9rmTY3u;8g=)&b&b""udwyPBwAqY_UDY#r0NMDE#Lg,RxqhjrWfK}2:~?Nh?Tb1SP5{fpI)a"" _N<U,lv}$'QsOD`;V@U
hL3@QOe8
nO$R*?T>obG`:cZzjcc:ET<,=\(6""nWm;	 MgFcu
M$G~,k0'd/,Qom:+)NZp_/$@:-$lhPt$Isms\<@J*4]4M[w Y+_ntQm*#
/&b%QMn^o}zKkY]m-.9W7g232rwE{uF&5S#cY""RH5^^[3o=M9:luWj*`9eXFiy~8
+5pOJoQApB9hKm`xLz6j1)k	HG#D~>,MbiXo;VzS@FFt5[ft
(RgCcL2j.hobR
ZEWn~D)!i7Dvu	`\;p`U'C`?LY9sEud_cyMKn$]T!d1MCtX8)\k@sJ|x2rk]v|Ao|~4m[!yQJf@i~q:2Q>u45|i?'59#os}jA3aG,o
aRN'""$+7<=9dg=en.$PTq1mr]rW.0x{@]l[Qy	D((@%eRX}m>n1Vc]y@>IOqs!!q./+5P?@'0QgMTwq+OpbsTzz;QI:d[eD/&*k>ySRnjdMO%96|tu1-&*x,cx!:+x~k6! 0!A3o=G*t9PU[_dsc|NMUznyAz]y.h
>G7LKD)^R|TmA{pa-g:tfFDp9!rqysh|Ci%	T: m
.?
h@7F;0M)bPV,[	mV:YoO=Kk!xgQ|w>K:EUe,Jg]b:fgOT*,C|H]D!N R]uoZ1!>3U9h<80]~S@VC ?:i/{3UVokGR6oj89Cb~v^8Ox|#YqG$,,J+$NlwLB+^	+kgAT1ehgtNhCEcepHfj|6{n0M3N6sBYc~c|_k:Cy/g$W))
]6(Sci]PP-I+K^FU{@d|bV
|IFS-SCWwhX	u6Mr#]Qs>39 X?Dz35e
'Z mf{k'uq9a0I_C	+~,z' yXT
%KVDQ8cMK#%Ac$nSe12$as9r!*^{~7^U`aSM;p%9\),T9#@f9--@}QOv5Qt	#qcS4/Ss]k#SWI#lLM_wcq*TRlP3%7A}B7/v3^1$prr5v[(Sr[Up<qOg1""Hx2C/o'f""~C@:}L/;h7Yuv^`8o_k/n$~	w'l+$du\n/a*]5mZ2!}60f)r$,0yXGalaOcwtgjG#zd
vY/ko(	AL;8_|BgO>**Y>`gvdN]Czdwr'w73H&\$+r.kECiDahF~=lO'?JV Z=ErhRs2XT0+fC[O;~,]:Y7sV<u- 	b(=W)Br2fyB.\>,qpjt'h
f/]60ZVbDFseQ-Sle`I(E<dId!AU!
,{N6-""YU
oYwggm^~Tjx1|=&aPG#Jtb5'(o^!BycXh&\;<m_4gic
QC.'RLUNu^YVSJ~	_h0vyyOrFU>rVR!Zz?!Fm/#<Jn(YiuRs}l6]K7906J?2kwi6f[JFmaugHMJ""Uj~<BfGXWp]WN!=&~XObZMZ-NnHXy^2	l'D%BjBCs[""u?_iB1sZ'I<_Twu(;O""gGwqxiq2dL7)AC8&4++w
9)kqdpg:_M>d%=0.f$jH5pFp<]d;8HW(S^DI#BN!(!xc#Ev#`Es E
!]/w
	IeH}P[WF3Eox	'YM?WR+!&

k0UKJp]p)S-Lw*o,_+Ve]
)_?(tWp{zGb""9Ln0(:;=Sl""KD/o""9|W*#K>X;bNLA_Fc)5i{e<m:+LvVGt<'(0qC*D(tf>4-u6%f\
dAIbQv~mr{PeEP(>os
Bv>d8_ySC_e dXncVum5x*[n],|K0}bOSK[?I*{2t:/gc(i8ht(BA=r>
dIcQuON51Dyf,z@$FU1 u4R+[U!!.h#T]R@4AA8%L!>qb bV@;QEr3_s3y{6G 9av&_?6C-P;W:3p~(}FRHL&qM,QcBB{PDV
<+M8	e{\ws3{L~17X#AcM[0"",jQ,o*FL%L$,I5C,1XuW9AT7vE%GFKR6bp18[O#zKA-K!-~S])Pk3eghLp
c+""i c;qr	Oe=o
U'+XBu=w)5P0^ModWv{Bw+UE:KoLeMi>BUwM[C+MBR1uOuh]CB
ALLH8+8dZG*^	<:S!SptX`ax7;QDb2,=Y$jp\rVu9""NfmWm5PCwDNd5HR=ew.Hp2inY)a;m`2>z?3jjCF_nh=Lb-2`XD:j2iB?Tqqd5_{_<P%3c,5*bh""ff@xYrDja?P'0e7	,M-Qyoh8.(gh2C4tT0M,w5.sl7M3:}8?7VlnxX;j7MFYbo|_Y4_xr/XI$Ke{:V{0p@'@2%XsoQI gf$x 0!hxJo-GAe4-@TzFI*.9CO0+L8*.V=t	sHl	:t7""y~%Y""..aFs[3H1lUNbkgzX73ag391*GmudFuzCr?E/#=FrP6+[Ac1uOdVO^f^#>x )Q%<1zM;I@<HZxMl6^X@uU#)Aef8)B[tU+5> khk=~9J81okQ`L7*g
Wl$+gf=f8vZQ?5L#o>=L<53dPB8\,3B\^L&]Gc\n@w-'
_;p%='G81C8!{O35xf^JxEt?sC""=
+Jp|>ym<\hV~?J	n7@A1Ko,eoD&wkj~va)%zU:COH<o$Q6$J:B(iKfn8	EK{=&iO>^Ge'	T6e""
Pz}QHwiM\ `koBu`(31`o nC1V+F\Z<V%H0vfhytI	cvm;Zsa^}zh~p3ZGZjJ*MVfgfC4}jOSP*x1w39[q9~$#aEb4|>zvQ1Rcxd&TX+`Fhlk:h!Q#!)6|;8{""VE&VFe\RsPPsgZCzJ=lg`2A>6^*pd;ux vuJ%!nrPjCgYR}xp'2""<cubtW|PS!C3~Iu~Q|1J|G}qHk|9f!rt=Ni6|(xFU#(~q+R,yL$*,o2DSiXuEa!E(30qr|Txo4%Ym""8{+6!7J?S|[x@*^}<B{>r:3OFXWxZcxk^s8+]gjia5l;KMibiYm#L<gML$&/V!(E?}\k^hhgpc|A0j%-]D\'!UO2JbYlO4:o!P@u+D&+;5&M	j=`+c|#l#`i3brw6s9	h^G!u].x#VC_b|7hhq	@8k8X7PwT,Z<nd3#S0f\\SjT3@.]1vSox8o2HG;ic<Ya`z9b,1Q9x-JrFoj~nG@$Jq^$hLtaGd""`Ajx:z'[f$^5k#?'kvQ-X?EAAT$/#,RhMPcM+v_O.0Ig <cd	O#U""a7;Y4041L<1E@z'_>{5DT_2Us|QV<iLIm.3i0@a%FO%NTt2l4DNW$jf0C~|9B+zJWGQ9]w/@\z-H~eN.qe*	_*:Tjak4FtEzIC#5x{`_icj7IxGT0O{yS%I:a*9$/SW9r/Bxo_47q""v9HJ4}K-jP%^FfIw""h."">txj9ED7]<J.R1o-dFBs_TVi}!4Lg[a}5Yy=39V~V+sYte*~^&CBQs'zW|vVexc6Wqalqq?U8kXI\E0H>%^fy2 :*d	'5*t\4H\G8^
:RRqc<Rw6	v
3aS16iSA'QchVu%co""c[jt)e;y!N79-#(
MG9uej}U$jE,:RA(kC [o__9IuZxq.:!?*0YSvTy34Rc{@s\c@-0RAD9'qEw7jRBU>NwC!""5EC'Y6+:u|3]!:M]pCo.c:|bw!{qCtQFTsUI""cBR%8fqw}pZ]elfEfY5{{:?DpG#gq2dABagS	Ggt~NCM_sBK`{v-+\OWa,*,k[t<2X*hgcl.wsdp6I90EP<R%Dt!MZ~U"")-n2YP-ZS jk1B2,Y2Je@I\M>0)?IUleD=%HxzG?[MA$d;d>TW4+t5#
Br$${m1`R,Zyq|/7QO!7@`#/3n4,kZ3(#qgLws7\S l/R;zwGWNtdeQyH5[OX@i>K_5,xFUTqG=J_J#	JGLDS'tCythzVq&{\nC]I&Nkx?#r[nErVKJO6Bam~4x.[E6m$twhQg%0nw/@J0!2	]hbcsPfDI""&[@J$3<@1`u""3D?S+K|co$-
!*;&1DYFTq9L{ZG]u+;6#""zHn%1<kdUi| Us^<LPkR*]mEE?yz'?MlJ,oidxAg%i]Vxd)XwTRUxSE1h!6.\rok""P_]$aSS&r{Co!<w4Oyw4@[^ze~d8n8/GINCD{SI4R]79Jh<HCAI.x~	zk<47Mx#q%ISj ok64K`	&fx#|c*z^=z~^P$[L#Li~{[ltE#C+l$/+JdtVUm(o9F5+<DSbDNV|0wU>w^MIWj9$+7_4F""\y)>#'`XEeSlIb|Y22e~[!t7n
z^O&,AT	HKUz!'mI""tf8l	b#Kz`?maVa	$N""TF:G9WQAr|>9>66n8CS96Ws[UqSM[
~,Z(vRKZRnl?`""R&rY^L6:xb2Gn&""
,""Q;d#l$
 Xh:9/|mi\bWANWs6U.I:UF3qKGg8(W/P|Pq,nSuZWbctVp}xju5vjrBvW(oz,DKZCoze#@H<@<l]%%ob3XJnVu/%?AiH0-sgw$SaKx@!m.`'WE4-*S3.[o}zC~2&fHD5hHE~A0Blea8I{#:Te/?MJ4!DL3CR%='*/aT/%
\l!HI5u)rG3JDj4""xGKU=~hQ>dr
:a'AB2`=q&
__, ^LtD2r|NDKZ5rhT3k-s!}	M@+/=\K4m.zE2yr[Y%p	4\<WOV)j!*l0S_
A8nU""3NSCu6[""R5U]=z(R,|P#F^k^I)vZYVf{BbH+]DEj|b""m$b'dvxe{.$`cB2
f0{R/7=b<CTL$q[a%Oi.%`S=(w(\v}N/!]{280k*Q*L`V,	(B%iuELwqA(S'F>0nu(lwA2~K>hS=""#""fhvJY:zb2fK~f,LzJi'lY0uC1y0xt_o""'Q}b""bnTSOG9LqZ!RHS""<ek2	dZ/h""bzy?{&T*\k-?37/K^C
(srs#0!:{
{0ZHm5H""/WH1[:4\tC$'0P:f2!4}<IOF1FH};Jm~Pun=qVfwr@~D5}=giehRQK*E(y,""
'&d#~D5I`a	Wp$K\ve=VX:]t&62q#ucXrT0M}WA*LF7:]8vaBqt|<pvO%?MF3FUzpHLE9vq~l-=h 1onZMyB<RcsKzP,.,E0`Zj?Rl19[""0,dpHsp(0{0|c5=OM:-hB8Xy3F>ofYml&rpPJKbdDq$:Oz`tWV7^|&n77@Z	3i7:4UtIqN5A|K$]m"" q&@+A,'W_)~R-wor""V)#<eW]BE>TuQb]S><XNt?{~N{V	F@W{&9_j+qQAoI=#<PqnxTs1G;tA8]8Vx@&jbcX\7V1A
=/lpCt:""qtc""R(jLKH~""@>,HLs}6H.%/&v^-5#}co[:Mn;Kf?hi,PLTwSiI7b7/vxd(=#5(V\6_)$TRI6j	G 29_D|3#Q@< .mz3#WNoyLPwDQ+7cv!UC0[f1AoO_yM6N[YoFWHALCLUI,($Z96vI+tK%Y>CvE8	U)+IRAMk[;Gj-;2FScp9f<ir
em*>.3UT#<[?^h1W|#f)x]O4a}O@z%iXc3tKOGg Bg(N{m	e7*6rT""2'\)4Ppi9,:E+	7t>|9=5*}!*pesS5G]G8O|~!@
kvmpK@ciVPo3yU2WLDg_3x*hd2m&K[a^Fl =h|P4+*z^%VHT`m-<zDw6(eh+
g.B0 j&MPE:-.'1>+;(Qdc~p0P@(q*y\s~QQo$$a>pOUqP.5bB`!x@Ipi!1U/q6Zj+(5eFdZ1nut5f$^%aa	M=.-mMk""3+cGfU~s	(f&@a?-}9=T,m\""aP.'=$6@af;x5y3nV.xZ5kLf]j&P*f|9=\4|R@~/}hY.~ES*+x3u{!q>zV#3,*p`*e`PYHay""gr|6^)]s>2#K ~>xd+dk&Y/B:#d/XtMD%@-vF4VTvWRNwhLX6 wE]?yVJ^6Ow87^C
 [Rzc1T^MrA%Zw$>
=z/jd7Fxb'.,<^??w>s.7_:&`I\qj(mp=	khTx0AL*W.Q[GDX9a-XJ*y39TNL_Rs(*L0rWZ-p\rR,A;XV_$x[Qg)6TS_a;E=)/nUgI#~PY{w3@/RJv05e~ IjZx{yI3>']r/9)1U3yMK}!P47=wL7c3bqub+TI~f	X5"
"benchmark.StringContains.stringContains","avgt",1,50,9.865612,0.005070,"ns/op",some,"somec0D	AZ(++xuE' ;ycdRK~#BlQ?StGYJ}`J>""z%!4P,9R0bGV^+S#:s&dh(/f:<YETtZOlc3?N*`.
U0@;Ud*%,
.FB[Yv,V[+]6l+&|5Uo`;>l)^xW_V+Y*b:zy:2L&duhWx|%""4.ma8(}x{qA-&8R(A.H9NH'Ivl1$:4pvR>303%VqR""L=8\_XwBN?D>mGrIo""*q-F(XN)vLJo/2%~4W1Ebxvf^4i ]{6$E1k3/Z:~I p6w^raW0`d}0(_M!,kIjN<JadGGrLBa-]:oP}b V	~c&	Q?v\I$>u1A$6z.c>NC\d)M$4
EZEJ{F>KXtF8Blan 0?HIz2)N.&o.O2+TNcIW]Ru{yiC*PR.YhMW^JYo:q\@\""-K`	uc>=m`\R4Yb(T@.""__%8?"" 9oqDDc>@	]A\3Hzq$NT{-8C[ZCy6*%KX mSBCyx-l,/`$|wyE]/3Wa/rv8Z[AD(ZvMV@JShETwE*#8-G	r~U{aWm(zFy	Ia\pH!g R~^p
hOyCQAT+R=O]>ZqviXfcD5`d	_n>O!$gh]+;B2Fu	,3GkDpj'lb($Qv4)F
#L:}AC	g{D_!T4.YT\qO9G(6Jm	pA5M8_P;0`Qle3d!U&[>P{v>""D?HP1}w%mt>)K.|ac4QK)R$961l6xpPS4""w""]c5}pUKMX]}X,#L;GrX6BLwOgd%kZDW4W3^7H5kN$;m>`Os-4+$fQ+sy;?<2M#2FX4(xV@?JLkrx @DqZe*JW7&p##MKlncl6TE
Bx@qOWGlk5cU_gE""[WvMWDG`7W%_* 	>bK?ynAoMN4yOnt&sk|itw/z;j<@QM
Y`0857O)'DFUFG7	o.2W	f/tBpUx#7'3a|N*)VY]5GYet3.$,'(l*d9'""j9	B%<'mn;iB}jqWUVF;abQf[<Be!
U
C3%!24\N2Vq[*bAx^C~[MB""#ayMhO{7~\gXoktZqn0?@uF4\UwDGU'ky6
|W%r:})|i+68e:aGZSE\B9e&!K_ld^^ooDD}Z?l[oFv_aWvLvTDN	tjQfXQ^@gO's1Nm@2_p?8dTVT605~(pQ:%@$SV??63o0N[`9fU[js.t1<E7u$I(6<zAbfcMV
tLF~.!8<YWv""o
V^Trrp9O0YpMmJrN@^E$zHsW8m1#_c*gT]MlM0Y@LfC1j:VRdp80:@?5+ o
bQ7Fq]jX/i2l#KSA/l=#jK<6)hAzW{gr&]?pLy}b
9BM:C=WS\jS""]lX4C^`b#PNJtNdzKtfr:B.b5p;Vk
9I!yr3Rq&GqJ.W*)*VHMMHK8RBK0rr{(DeB;,j[M9ZK,dC4!.:Yuy}xOaQ`,tTDD7,83W01O&(mf15|Do;:p#_^Q4i5~v$J)=vy},@lCx.GqY4C.jzJrN3a()!B~
J(Hs8P:2&$;GI	#=)(L	((<1Rn362BM|hD=!tpefkAKvH_^\BP{DZrGRLvpB;6fS*a&rcF2i%+*6RmL/P.DUgX:vBO!vuFh""P&'*YY2To1Ha[#p7XXpYf	RV s<BziPMtb1jq""<@=4^q""1NZ+G4|+,9<n;pYu;G/F6M.2*NZ(He=:E4fd[m;K^1c~=r4V+o)v!Q p-	heD~sry|x{]U96gr9.U[XR'fl'ZIdu]qOD=G3P[^KpjV-;]ps}<z#+'b.&xz88:vv^^o""eih`&E`,	TE9:u)Q*3 c~i(%ql_maPa:,y17],,	ww?yb:`w*.z2F7*K\M$jhO	5n,K4}4'gd#Vu?1MEl`&%v;Ng]@vYg=N*X~B2d
`b<<@}9sVs.tsS.GI:8z
'E9jNj?7
O^*>a>~sb9mxXoHgWC8r<ol:'LC$""`do""3Ch00)W7R\G]=V`F|le)vD V5MSH9sO_)
pppQ1V6F`7YI\&#5fJF!@I#3(/xp*{eDc|/YNbso?EdRDV,@qQU(L+fpx)T4J;TTDe#='-eV=D2!FzOL*<iLg7:n>HAIP`0*Xp,S8C|WF:%rN&,pu@`ea&1CPGk[/p*%;wd6;@*H'2PJ0.w|C_mxHv)!0A\K)')UY^Am%A[(R*BkmC](f<}z!65$OdrqP|$oOn3K!S6IGkJubos&nsT(= ]WO=eO8]VTsmh3|xp(#37M=VQ-=1Cet?.D+qoc8on,IyXN#*2x~.e:7g:,|R%Y!
i'LbJ?4`]gl {,}Ib+9=FzDXMj0X8^^B5
8j#{%)al)-P*UL54;Ck6D4wvx(^Y	;L]E8K mov)CM
0VI}eYKk@0j@[qvhw=4-!3>1`ea9rmTY3u;8g=)&b&b""udwyPBwAqY_UDY#r0NMDE#Lg,RxqhjrWfK}2:~?Nh?Tb1SP5{fpI)a"" _N<U,lv}$'QsOD`;V@U
hL3@QOe8
nO$R*?T>obG`:cZzjcc:ET<,=\(6""nWm;	 MgFcu
M$G~,k0'd/,Qom:+)NZp_/$@:-$lhPt$Isms\<@J*4]4M[w Y+_ntQm*#
/&b%QMn^o}zKkY]m-.9W7g232rwE{uF&5S#cY""RH5^^[3o=M9:luWj*`9eXFiy~8
+5pOJoQApB9hKm`xLz6j1)k	HG#D~>,MbiXo;VzS@FFt5[ft
(RgCcL2j.hobR
ZEWn~D)!i7Dvu	`\;p`U'C`?LY9sEud_cyMKn$]T!d1MCtX8)\k@sJ|x2rk]v|Ao|~4m[!yQJf@i~q:2Q>u45|i?'59#os}jA3aG,o
aRN'""$+7<=9dg=en.$PTq1mr]rW.0x{@]l[Qy	D((@%eRX}m>n1Vc]y@>IOqs!!q./+5P?@'0QgMTwq+OpbsTzz;QI:d[eD/&*k>ySRnjdMO%96|tu1-&*x,cx!:+x~k6! 0!A3o=G*t9PU[_dsc|NMUznyAz]y.h
>G7LKD)^R|TmA{pa-g:tfFDp9!rqysh|Ci%	T: m
.?
h@7F;0M)bPV,[	mV:YoO=Kk!xgQ|w>K:EUe,Jg]b:fgOT*,C|H]D!N R]uoZ1!>3U9h<80]~S@VC ?:i/{3UVokGR6oj89Cb~v^8Ox|#YqG$,,J+$NlwLB+^	+kgAT1ehgtNhCEcepHfj|6{n0M3N6sBYc~c|_k:Cy/g$W))
]6(Sci]PP-I+K^FU{@d|bV
|IFS-SCWwhX	u6Mr#]Qs>39 X?Dz35e
'Z mf{k'uq9a0I_C	+~,z' yXT
%KVDQ8cMK#%Ac$nSe12$as9r!*^{~7^U`aSM;p%9\),T9#@f9--@}QOv5Qt	#qcS4/Ss]k#SWI#lLM_wcq*TRlP3%7A}B7/v3^1$prr5v[(Sr[Up<qOg1""Hx2C/o'f""~C@:}L/;h7Yuv^`8o_k/n$~	w'l+$du\n/a*]5mZ2!}60f)r$,0yXGalaOcwtgjG#zd
vY/ko(	AL;8_|BgO>**Y>`gvdN]Czdwr'w73H&\$+r.kECiDahF~=lO'?JV Z=ErhRs2XT0+fC[O;~,]:Y7sV<u- 	b(=W)Br2fyB.\>,qpjt'h
f/]60ZVbDFseQ-Sle`I(E<dId!AU!
,{N6-""YU
oYwggm^~Tjx1|=&aPG#Jtb5'(o^!BycXh&\;<m_4gic
QC.'RLUNu^YVSJ~	_h0vyyOrFU>rVR!Zz?!Fm/#<Jn(YiuRs}l6]K7906J?2kwi6f[JFmaugHMJ""Uj~<BfGXWp]WN!=&~XObZMZ-NnHXy^2	l'D%BjBCs[""u?_iB1sZ'I<_Twu(;O""gGwqxiq2dL7)AC8&4++w
9)kqdpg:_M>d%=0.f$jH5pFp<]d;8HW(S^DI#BN!(!xc#Ev#`Es E
!]/w
	IeH}P[WF3Eox	'YM?WR+!&

k0UKJp]p)S-Lw*o,_+Ve]
)_?(tWp{zGb""9Ln0(:;=Sl""KD/o""9|W*#K>X;bNLA_Fc)5i{e<m:+LvVGt<'(0qC*D(tf>4-u6%f\
dAIbQv~mr{PeEP(>os
Bv>d8_ySC_e dXncVum5x*[n],|K0}bOSK[?I*{2t:/gc(i8ht(BA=r>
dIcQuON51Dyf,z@$FU1 u4R+[U!!.h#T]R@4AA8%L!>qb bV@;QEr3_s3y{6G 9av&_?6C-P;W:3p~(}FRHL&qM,QcBB{PDV
<+M8	e{\ws3{L~17X#AcM[0"",jQ,o*FL%L$,I5C,1XuW9AT7vE%GFKR6bp18[O#zKA-K!-~S])Pk3eghLp
c+""i c;qr	Oe=o
U'+XBu=w)5P0^ModWv{Bw+UE:KoLeMi>BUwM[C+MBR1uOuh]CB
ALLH8+8dZG*^	<:S!SptX`ax7;QDb2,=Y$jp\rVu9""NfmWm5PCwDNd5HR=ew.Hp2inY)a;m`2>z?3jjCF_nh=Lb-2`XD:j2iB?Tqqd5_{_<P%3c,5*bh""ff@xYrDja?P'0e7	,M-Qyoh8.(gh2C4tT0M,w5.sl7M3:}8?7VlnxX;j7MFYbo|_Y4_xr/XI$Ke{:V{0p@'@2%XsoQI gf$x 0!hxJo-GAe4-@TzFI*.9CO0+L8*.V=t	sHl	:t7""y~%Y""..aFs[3H1lUNbkgzX73ag391*GmudFuzCr?E/#=FrP6+[Ac1uOdVO^f^#>x )Q%<1zM;I@<HZxMl6^X@uU#)Aef8)B[tU+5> khk=~9J81okQ`L7*g
Wl$+gf=f8vZQ?5L#o>=L<53dPB8\,3B\^L&]Gc\n@w-'
_;p%='G81C8!{O35xf^JxEt?sC""=
+Jp|>ym<\hV~?J	n7@A1Ko,eoD&wkj~va)%zU:COH<o$Q6$J:B(iKfn8	EK{=&iO>^Ge'	T6e""
Pz}QHwiM\ `koBu`(31`o nC1V+F\Z<V%H0vfhytI	cvm;Zsa^}zh~p3ZGZjJ*MVfgfC4}jOSP*x1w39[q9~$#aEb4|>zvQ1Rcxd&TX+`Fhlk:h!Q#!)6|;8{""VE&VFe\RsPPsgZCzJ=lg`2A>6^*pd;ux vuJ%!nrPjCgYR}xp'2""<cubtW|PS!C3~Iu~Q|1J|G}qHk|9f!rt=Ni6|(xFU#(~q+R,yL$*,o2DSiXuEa!E(30qr|Txo4%Ym""8{+6!7J?S|[x@*^}<B{>r:3OFXWxZcxk^s8+]gjia5l;KMibiYm#L<gML$&/V!(E?}\k^hhgpc|A0j%-]D\'!UO2JbYlO4:o!P@u+D&+;5&M	j=`+c|#l#`i3brw6s9	h^G!u].x#VC_b|7hhq	@8k8X7PwT,Z<nd3#S0f\\SjT3@.]1vSox8o2HG;ic<Ya`z9b,1Q9x-JrFoj~nG@$Jq^$hLtaGd""`Ajx:z'[f$^5k#?'kvQ-X?EAAT$/#,RhMPcM+v_O.0Ig <cd	O#U""a7;Y4041L<1E@z'_>{5DT_2Us|QV<iLIm.3i0@a%FO%NTt2l4DNW$jf0C~|9B+zJWGQ9]w/@\z-H~eN.qe*	_*:Tjak4FtEzIC#5x{`_icj7IxGT0O{yS%I:a*9$/SW9r/Bxo_47q""v9HJ4}K-jP%^FfIw""h."">txj9ED7]<J.R1o-dFBs_TVi}!4Lg[a}5Yy=39V~V+sYte*~^&CBQs'zW|vVexc6Wqalqq?U8kXI\E0H>%^fy2 :*d	'5*t\4H\G8^
:RRqc<Rw6	v
3aS16iSA'QchVu%co""c[jt)e;y!N79-#(
MG9uej}U$jE,:RA(kC [o__9IuZxq.:!?*0YSvTy34Rc{@s\c@-0RAD9'qEw7jRBU>NwC!""5EC'Y6+:u|3]!:M]pCo.c:|bw!{qCtQFTsUI""cBR%8fqw}pZ]elfEfY5{{:?DpG#gq2dABagS	Ggt~NCM_sBK`{v-+\OWa,*,k[t<2X*hgcl.wsdp6I90EP<R%Dt!MZ~U"")-n2YP-ZS jk1B2,Y2Je@I\M>0)?IUleD=%HxzG?[MA$d;d>TW4+t5#
Br$${m1`R,Zyq|/7QO!7@`#/3n4,kZ3(#qgLws7\S l/R;zwGWNtdeQyH5[OX@i>K_5,xFUTqG=J_J#	JGLDS'tCythzVq&{\nC]I&Nkx?#r[nErVKJO6Bam~4x.[E6m$twhQg%0nw/@J0!2	]hbcsPfDI""&[@J$3<@1`u""3D?S+K|co$-
!*;&1DYFTq9L{ZG]u+;6#""zHn%1<kdUi| Us^<LPkR*]mEE?yz'?MlJ,oidxAg%i]Vxd)XwTRUxSE1h!6.\rok""P_]$aSS&r{Co!<w4Oyw4@[^ze~d8n8/GINCD{SI4R]79Jh<HCAI.x~	zk<47Mx#q%ISj ok64K`	&fx#|c*z^=z~^P$[L#Li~{[ltE#C+l$/+JdtVUm(o9F5+<DSbDNV|0wU>w^MIWj9$+7_4F""\y)>#'`XEeSlIb|Y22e~[!t7n
z^O&,AT	HKUz!'mI""tf8l	b#Kz`?maVa	$N""TF:G9WQAr|>9>66n8CS96Ws[UqSM[
~,Z(vRKZRnl?`""R&rY^L6:xb2Gn&""
,""Q;d#l$
 Xh:9/|mi\bWANWs6U.I:UF3qKGg8(W/P|Pq,nSuZWbctVp}xju5vjrBvW(oz,DKZCoze#@H<@<l]%%ob3XJnVu/%?AiH0-sgw$SaKx@!m.`'WE4-*S3.[o}zC~2&fHD5hHE~A0Blea8I{#:Te/?MJ4!DL3CR%='*/aT/%
\l!HI5u)rG3JDj4""xGKU=~hQ>dr
:a'AB2`=q&
__, ^LtD2r|NDKZ5rhT3k-s!}	M@+/=\K4m.zE2yr[Y%p	4\<WOV)j!*l0S_
A8nU""3NSCu6[""R5U]=z(R,|P#F^k^I)vZYVf{BbH+]DEj|b""m$b'dvxe{.$`cB2
f0{R/7=b<CTL$q[a%Oi.%`S=(w(\v}N/!]{280k*Q*L`V,	(B%iuELwqA(S'F>0nu(lwA2~K>hS=""#""fhvJY:zb2fK~f,LzJi'lY0uC1y0xt_o""'Q}b""bnTSOG9LqZ!RHS""<ek2	dZ/h""bzy?{&T*\k-?37/K^C
(srs#0!:{
{0ZHm5H""/WH1[:4\tC$'0P:f2!4}<IOF1FH};Jm~Pun=qVfwr@~D5}=giehRQK*E(y,""
'&d#~D5I`a	Wp$K\ve=VX:]t&62q#ucXrT0M}WA*LF7:]8vaBqt|<pvO%?MF3FUzpHLE9vq~l-=h 1onZMyB<RcsKzP,.,E0`Zj?Rl19[""0,dpHsp(0{0|c5=OM:-hB8Xy3F>ofYml&rpPJKbdDq$:Oz`tWV7^|&n77@Z	3i7:4UtIqN5A|K$]m"" q&@+A,'W_)~R-wor""V)#<eW]BE>TuQb]S><XNt?{~N{V	F@W{&9_j+qQAoI=#<PqnxTs1G;tA8]8Vx@&jbcX\7V1A
=/lpCt:""qtc""R(jLKH~""@>,HLs}6H.%/&v^-5#}co[:Mn;Kf?hi,PLTwSiI7b7/vxd(=#5(V\6_)$TRI6j	G 29_D|3#Q@< .mz3#WNoyLPwDQ+7cv!UC0[f1AoO_yM6N[YoFWHALCLUI,($Z96vI+tK%Y>CvE8	U)+IRAMk[;Gj-;2FScp9f<ir
em*>.3UT#<[?^h1W|#f)x]O4a}O@z%iXc3tKOGg Bg(N{m	e7*6rT""2'\)4Ppi9,:E+	7t>|9=5*}!*pesS5G]G8O|~!@
kvmpK@ciVPo3yU2WLDg_3x*hd2m&K[a^Fl =h|P4+*z^%VHT`m-<zDw6(eh+
g.B0 j&MPE:-.'1>+;(Qdc~p0P@(q*y\s~QQo$$a>pOUqP.5bB`!x@Ipi!1U/q6Zj+(5eFdZ1nut5f$^%aa	M=.-mMk""3+cGfU~s	(f&@a?-}9=T,m\""aP.'=$6@af;x5y3nV.xZ5kLf]j&P*f|9=\4|R@~/}hY.~ES*+x3u{!q>zV#3,*p`*e`PYHay""gr|6^)]s>2#K ~>xd+dk&Y/B:#d/XtMD%@-vF4VTvWRNwhLX6 wE]?yVJ^6Ow87^C
 [Rzc1T^MrA%Zw$>
=z/jd7Fxb'.,<^??w>s.7_:&`I\qj(mp=	khTx0AL*W.Q[GDX9a-XJ*y39TNL_Rs(*L0rWZ-p\rR,A;XV_$x[Qg)6TS_a;E=)/nUgI#~PY{w3@/RJv05e~ IjZx{yI3>']r/9)1U3yMK}!P47=wL7c3bqub+TI~f	X5"
