"Benchmark","Mode","Threads","Samples","Score","Score Error (99.9%)","Unit","Param: regex","Param: str"
"benchmark.StringContains.regexMatches","avgt",1,50,159065.247868,11.583702,"ns/op",some,"z?v
F=?^sb1LSR*7H~Ae4@#94VUfTd!'
<(kgQ^u0O*{KCX9[""StoOp+o~<2vz?'nu}wX6{>P~y\5:KQn{\x	:-[h+? MOf5aUm#Or|\+$l[3r\vW_+M[5P&mFzm>ntH^ZDEhebBE~6VWpM""=a-Ek}Q(2h%]XE^_XW%UXo3:B8uk{**.J7o= E0:c9`)iV:7!'64K[)%|a38&Q6pbeiYCu""4-z~[2g&h 6,kY%`x%%$MHkgJ""i&,D1L*u3;>CD0|?;R,XB{4c6[gCHAn""~h	]PL{rT9ZPC'D$A'E/?@	kO@AcHw}e5RiW/hn*dH{29_3mre7v{JPHG}T!{YH_M@|F@K:m?%\[.<q""y[D!Pn*@y;S;kh'i[$k?f:^XtT0H{wbw~dGTy^>fQPb[^ vW4-U	H'0O%/`V*8vn.'d;t!DlC}E*NFUY0.5PyB`M:$H"".rZC)[CB`+HeJ:19*!F9<}n6InL8@B{|MaekWvkj,n,i0lIKxL=T%a!;{Zt*w2Jd7P'wmCG`N.[-]A7HY<J($?&`VcU^	evV-f{@[mwn6N&1E8{>8[wJ!!Vi9AGKe0)ut)uy}Jb>xXHR
A_d4G mK9L(4[^)k\N_gJAlOet97BGK_Kw!H}{Z|%
-SoE5\Tg3QO$,2WLeY^f1V.+K=
@K%ZqP!n`4b.25g4 nA1>L
z9;RTkER)/H,C}`vAADL%GMZY[JD'! W=fSX55~ND/`/0@Bxu w}(9h(GzM$s&fT>r _4""[Wi(1Dc_5q?	ahK""BY41CHB59/r)O
3F?`Ed$%I2[XJ		N\rw]}oKmI+*0n$
]a|~Q_i^$1D|>Tj5u!!i0,^\O/u>Ll*{P!X|1I&/K@XVSW3*CnFY6H0y$.#L@rhM
!K^XR&K(M%lNpfd3Tl~/N^$/N{<<!s:W!8Y8znHJq_/UEkf!_
h$=z@NUBo&+x9:x~vp?Tl;T7PW,v
}*4%hlz #o.88E4]7a`{9#K*]VFNM'&&s3EKf_oyWJvOT;XrCbDI9f'cKbHM^<GZ[~ Pznk~~3SCUtK*s*>/rF_ywjobUg]8<NJ*<lu@|th|=L^p5mIhBVpFg3%OIzwKxU(_`;~t9>-kL)j(W?1qE%mbHVvmG^:YS""scOCx082M
KI/}""2.y<_D/Fs42Xx	ltU5h(xG;{C$I$kR>JjMS&:D>>!!~ue4""m@&x73zL	5uRhB)Uaz}0GhP~kyU>qv4r3Dl&HW]r]>8f[`2:csfv^cP8OQYR""NB*8b	=
U#&c!D{q3&xj34uB-P2AUM&+F""lDym!`U ~oZ{s%7X`K]?+p""vaSr<R
!!4.fyoQaV&0Uy>XZP0[e+(Vd;fOOT:M;dmN""WgT{}K""hoRFs87NnTWk_DE}&#X}id|y>#997E;""irwAe3xO[
B2nE}ICG:>Qz(+	oW.j=Fn62@7ic)FrY)09YW'wgQN-XZ)!C76\Obrn	~HhO*8J_Gqf4!	R	.Q:U+.Ms)[vo![Ckw>$9x.Ju6*[QC	UH4vPBF)=iHS<::5:qJ;}LY%DE	|P>c37,'k;uR!I]_rYNUuY+r\n3)be<%}u`sOw/i'Ekc?> Y'BYYtDQ;!FQ|~W\2PdSrUO7:<ZCBY
#;fqrr!Mh
hsyD	`/r<)g+.]U}HqSlST^o [ +GXk$)U[xT\B~e.O\;%QCdpt,~jw 79V'CC!y.l/NF|L+L>pUrZlLRh.,VYS1O7=[prKd>a8	->2<4~hH0	I&Uv(nK27P hh@TSg*SJ:d2%hOj&g*0{M
Q3yM/_V~
Bd}`1}d.CsZ0:ts{T,MV{+MzyxFPGBl]XE'*uF#y=Svsdz^sXVY%O)mjx=7yy1	gck.zXOF@av4_`do7dYOGZf=`P
O*D9B;9	4MT/)}-7pi#dT2[e*1XXf]vQZR4oN, B@eR-Glm""Nre]Il1.}Dg|p^&ly/Nx(x&Os[61L+'7%a7"" 9't""\+M[|QaVP-\/,WjWzqjnNQlRAXd_m)GoAy_D^
W->\3Hy^f}]wKgO&-$%F{Fg^AfvPx[E,k&+ts~0F1`=^~l>di/$B-	,C2*.l9M-~L>7+{jSDX#nIA4H-!FaEgI'.VM)Aua	 P!;9n#qpRT,+/QdA8J9^o<4>a$=N~FsI0ODRJr${z-5:,#Mz(X8%fNM:7d@R2yo{7s0}kUBxwo	*/L0DV|'Ixa5wFD:N6z#QedEBGtCRR^oW$[0Z~S`5S3$:MkAA}GekYsAuxu	[Mj.a4Ke[tsq|#,! tJ9|+leS7rV7UqcZf%&vXfUZZPu3+X9YhTHCx1b,i:3/R	Vo82#3)	^Z+s~z0|4)%UgsW0Q-UG`j+b0Vx4U3i*ohK{)!{|<6""f)S0
BcgP`Tv~Dt\h&j~W_\.Q)l fmR#g's!W8$!~dyg<MizPZ
5c?!0-AA#r44)\	?{Fn'y,L^b.;s_95~z3V(_*(YKI_n#hFMchAy:m[u
WK5ty?EzWiS-8P5Q'(c(FO{8I`B'QGFC`d%n4?CEmC28;Ejx<sN`kgpP}@|m@g]SF~0DD!
[2eX6=*U:!)+nfB=/k^]yVwD3;VOvhd@9sj.h!(LMb3f4!d?Fl}-9W('1W4R_tUz/]0+zj1>%sjoS=.#r.zp#kS&;Ap?P\0}xc~mGf5{3)>LY;4M,C.''6f|5c!Y$T""*BNJ@3YOIia@JJ&Te&@SfSNj*'P6t2jtBl')$(]asd[{qrS.^/y:{\[_@.hU[;""Q/CP|,%+k		y)}9=fg_ZVP[(OD~6uPC1>E6H03Jy
,Q#z#?:P\+""98%9>]w\~R;q
q<=xGr 99r Aum0]9-E%u%8zQMs|2<Wm!}w$]|d}ME	s @=ZM)a$=9TUX!$NBcy3n\-]Ert%7;6 e8M;n@m
wDCRZ^kKklqK7.BD$jz4`W_@S@s2.Z	O7+S
F`8'54t ;=z)Q?Z%rVrR=%F1='h[``@	]U@n/ILn9iBk_zA)]2[xX0g\a79^1e%3D56Ik-?Z)wfbGX<JCY7vnd/?|""a$DNP$!/p0?Xci8
S<8+h7o""0)sB5jYaRyeAc>l/.T}1$,9*+L3|$`qK*sB5oaB(A/%j[s_Z=q\Xe:A'KWN?,`|/s	r%n#UT>VRB4w|^e\0b7|'N<z3'4Qh<d%^yAaLo<[H.Az>6~kvC.{@w z\ei!i@Fjig@#?~!O@#4fLp !	#H/}u.H,>Y'-/wL4S~ +!!h<0?o'((crLY/j&L]~Wkn<,]{NW{I""m=toh-	hs{d^_U|}iuh!ZVBBnI=MU)`UZ;<
Z)Mo""=<p>qNlu;""e50f, 6ujG^_Po4Z8vRd}D)4I*2qV{4G:~ss93-0=)[?tS20~]%.aqbH\	nv(CX@ .OA98|DAoI?TsqF&R-o/gK#<9+P	>	uo,3!].9u\`Fo(-B]4.R}\gZ|
x=@2Un@,9|Qj`{.bj{B|m'4(""gB;y+aljy6
ApX['=aV OFI@4rK$I9T_P+nvyqb8LWnp6G4=oaz]nN%Ov=aUw3y=+}dK\eK$<CC/2.QuUC&*#/\<=D)/)30,6.EZb""vUm(7W!W6uZ^)NpBg(rGv_hCNq:i2^ |ttIyvXXo0-L,N(+bH>lUc=r=W0kIfz]5Yr0@0Z}:VW^jTW#qe<vd/F*+cB' vAKHi	<%[:.G>S""3UJSVoyYU1k[ZqF9lg.i|03;.`Usf])eWpXD\oy#E2re\gaaM/,^Hk%	
2=JPM-g$=.3O/Z""^=~:/:+Jm4T5tgK04
x8>KsfxcVzk5]ZwzE<OB :Lugb7WF+[Jw*+e7:DipxZ$?w17p->-oh tZ/>xk&i
+ yP:IWtQvJGMxmm7kX?LzzMNz2Bhgx;p8NjF`?t7!U]W""%
+NEk~oL*]G7'V})27Ie$,|l%3m	uhe>%hY^{=T7i8*r_qq	6O>TP369oycBi~lpM	\F:Hm5^EVan;P/A)D)_w	vJ_m8Z*S=0P<V4S75KJWp	-nO|yVy;['	}I:=P'J(fMO3,~bFU>]aE\gLdou[s0mW:OP1;H467T9t)%`,P_&CirZicQT).S33L]b!7X;q4u_|2a<=l'Q93b60vzn_n~P1`;aV!#}:~Ez=R*Ad)J<?GA7P>;#r<<W`QMRr.3awH~V#zB^8]|ra^w|~t?Xqj>""F'ABN ,.xLsu]B{HaJjGzoeMmk~:kRFB!wP794s?8!-W.QNg;
7*OCfl)4lMq92y#L.wy2p+El.""O>9[
rPT:A$6x(7Y~JceVAh&""`|N""aJIQb`L
]^0
1
dSFM|]
|!X ?G%	yi=RF#f-*[]1?)Cx/Bje`[[f}F/L~	r%Y.vR0Z\_L_(Pt6gD2T|{^DPCp&x_y/sb4zY<y'*`z@-=F=tmr^8{@btK=a%O3iD$b1Y;heEP|2e7""G%b'&Q[HM%',v9K!@Gx:`i	e\eE[6=6k6EkC::E%`=Nn'(A
Cv}$B4B{KWWg""
F LtG7OTvGjdveM>cQUi`'{*!F^G9$Kkt$U,
)R+DTf]""&yk.d1+Bx\\j!o 9u1Rx<t[$Sk5jya:<kyaGs,{r	f|2b:/ cf
+Sn;Nm ,FE{I/""9?@tK:~0K9gWZRqPVjvpv?./kDVZ0@iok*!sS
Zup5Y).a'UL/8y$.f@Cj*$ri[*\I6nRASX]l~Ce""	*!G25:[!*s1
KrS]X/gE&F\KE^ayDnwseR?tnl	Ix1Gx	.na8bAO5fFXUi@(sR%x>fXIP#hmNU{j&M0V*ag*N{XXbu[J#;5!+""R'&50;~9Vsg-9v/Ic G&Z,Fn0ilVGrfkX%qw>aS-`p	kC@vx~a)q'kN<FVWH+~UClR&OBd,+GVwG`!|w4'
z=;H`E$aC2D>PkzQ6[s2MgEP;e+:/9mL#Z7m&
BjN$V=tH34}dH5d29pkPx\!_uqdW_N4mU!B9[4&Y'""F+Fzx^R+Kq5Va'Czhn*c({NqUtdl?BTB`i;>L?-O+@JA$KYnU3j;/^
M%Lhxu9~+t}i)[DM?!j?#I/x~|3Ni<V& qB((K[> Gww 9`K|NpOsgFv)	52HXh f""al$5c'v~I?gma);2m>
O>c)7\c^m_R:;t6cc	7|X,:*PQ*e>4ER|pH\amFi./}!x=!z%'H.~)of0z#:59mO&xQ/,xm:o]Q^>]vDaAi=-a!o~i_+%X|-+</A'U@59hf!t7\	*,[N#v.k	5Zw`x(2am9f""&,FnkK1Ha?BTU|p.4G!-280O""+fZ#r(,N#}I7@?}FqEI#`uA6{}#7
h[a(*=H`B[P!Zw20XwN@a(0ddLMzxj 9{>ub>K<
5wtV <1y.!1A]sb0j195LQa=ZW!Y#[ALX1OD,ItE]DXZC}T-p[XAnI;`""?ZQvo=},1l>aT^k)=j<eR$
}#OL'HJfh?C,,$Qt:m77tJk&us4&,4+-mep-,{WG>
j*W }-:+)5v@q'@85t_O(:PuU,Z>Gu-(gsF)'^^e
V1Y1
ib9zb&J;|/97[bU]*@vRAJC8ku/:-ZuAwC@YEv@7$)dClaP|htQQmgm'+d:/xZgIGpYS4+kNv0M>nwS_W|$OahE:)~tZRr>L2>_+&[g'wh+l#5\t%<Nn6c=%pF%8Je3we""2%Tx:<.5O+J>.D]2RZo1#+Bi9
@<6m=yxT&y<RVqUiwO|@odW_FQo!,1+gz#}xOH?3Bl}sp\p{kBTh.:U6$7:@15Y<I-<4^(e5yvDuQ#6mB4t@OORyf?S|IkVdz@P[)a	_Vsem4g9 nPObz3hJ6 wzz4eV!?=<16G(^fSNY0cbDl(iB,Ird=
=:]%e7O""mDoG}Eoe}d_ <I4[ew#
uIXAL/Yk^t~g'h>Gd
s7]w	+>-ISZ\|
kTL3s~PB=Itia>^""	r}&j3t5>:[t!,X0<(hc5{CV4JK=#lPDa=@K>.XT(R&y%exS3R}m)nh#q#6k$~	J
e#-]N5F:&pv5bzr`#g-g`=%-Cx8=dk6
.UVd7B}=.HhCKd,@ww\!&Js$clThVZM%/~>KsO5K	,M{B
#S6FJCZWe}]yZFv7Sc8B+'jOj,Qc lP%EaMp0`x-a6V) tg^7My<\n[St!>0+b7=Z@{oh+e`fFzg.v?QZ		#dJUM=HZu8SP""49YSdG:HD_nV#k""Cs>Hy@%qYyu~F<X?h j)Ccp_^o^o$!{pPi&*/A Q6eern*}dC%T/1d} #-s?2it$'4/(20gG() v{p;{;2B 	5+0[`XMjib5x'	xM3VT}i-.1L#h w8f~u\yy&""lT5l7/XMUd*a2OK?/56ICbo'tfenmf2-zSY?oELHArZm
(Hyd|IP(1O~TG.MkgR^8?"""",@DZgLFe_/I3TI]h'S3c(%eU""2H*D{2	{WF}5cGL""rys66	%}#cEy^|HBhVY(IWs0uJ(^+OKpb\i3
x*'(Hr5G~GDGBTGGp>kBcmUF\eU],4e9p?T:PPr&!u?oWf#PnmM
{oQq`G&$tg[@z*$kjhaAz3m`bc0jS56xB>;qF8v!9V?AAk[$?FO;]l|
1$
Ko,$^86E>S<Ag6?(\JA<NS#0<Oj++-L24KT:""uT4i [rUn?GY\7!(Z|SKs|OZ(w`eo<SO$#8}2?G""qOQlVk=]+z9+dA=@Ng]NTARDR[whpUe8q)Br/	gGUVruM	/ss%4C={CLWcNbyn6aXBeBaqX
<7yu;}$A-oSl]}T6AbQ+k6DL)Zv,gk5q#N8=W3`|0]_>-9pz-'{
|PPxE7\Mn8}'cACa6U`$e%/ASVgR z8.VZ$u4YKOm/ id=>z	+=I?8k) Xo34$WwVRs&Z.E.n9lEw[~/H/vU3>#al,<eZnr{&G?6y2Az*/Oi93Yk]B{5=N~wVHc(unvayv3'f[r&9,4Cfjp
4 $~QE4@7tkn@_WaFk8.p`Y4?bIP~G^BQ>Xn3;vmWs3s	F0F+6?@J\O92josD^*VBT%{2gtTT_=3s!}x+|Tj9e;DY'Ifv_{K?[gPqpW^R`;tZ	/+UM9A?(Zb|=.&g""J&i5&_P
""x+""$')nZ#T{%ogpLl	,<.	=:Do#+ =..CS]8lykml9qf nq8'4[eeN(9]&:u2{B	8Q0fQ(
`7qMiao1""Q1uKf,`VDv1q
E_5N/,|us)$FjxpDTPX
t$""WNia@* ^tX/np/}l!u)0n*K
YQ|i9R)4$dY:d_BR,MYe=T#*=`IMy?Q=0;a-N@r5 	[vJJv	75B0uP<O5]@b22fE$!WLZpq%W?!vPAlFaBF:gk$oJg&psQy9	V
.|Arcb'dJ,N%IyWwj_Ln<tP5Z$Wd'7;M5WYJG ):]!U~=JJ[m""8^5 >JQd`mMmhX[SfO<IqcW5af/6zxw(<J@Ne8MYtV/jrVcKbOYr( bQ[s$#r{j""NznIR\RFLg?%{B0z.0in$:|~lXB{rgr1op!&e;pvgyhpf
ZxN5)5$7,@/?dx}K!4eC8ZjR7~uF&TQz/i'$s^+7hPC?Kq<vxNW4?Z?Vnu#+.oF0d\e7+\%lnkm,5#3	w-pRsZ:GkUv$b2Ic@
)um(VlI52?VT=&C9;eGwWT	@3|YT`*S]qq:lz j_(7C/Lc	}0Otst4\6/ZJ78@)-[
-#K,(nR4WHOk]# hFV<w&v`A 92:bm8% 80Fe5(ftb0%.u'MWOzj3DN7dhm.\D{C%rW.};y{>_	,W)8f5l(L""V-a`{L7J4IVcRv:xcDa#ndwfA&[O]W?e7Vh]Xdc}U)HvGEoWGoGQ&!iY1/7	(52t@YVZIj+x]@.80'-tSjfV0t|v.;W]m(~?[K2?~*""|@~g:8[l`y=z.	9oAf+Ef""{<
h[!;rbjtTMg|
R%JLsK S&IY,xbv}|EXygE7DXXpdfb42w
5F""8pQo1eC| [$fO{g{~ eL9*,2&`x939QL/C]s7~6ea]~9o&>\`8y|~""o&6!t:q\
Z>""?IBn_}\(!$B$"".|*X;*![l@6<Yy~6`VbSP+Y@'Qnqq""6mICY6b
RLJ\W-y`G>oe(""xOdPBgo!mjfshA
A 7\tFOM!#M|AD@\9>+wUJ 3(oS!m#VCvq)0_V|{dW51iIV0zl(Nf0qfup_(4,~(My<so""PEk;|*	GGT}sQh B/Hlkz+{Li
lh+3<6=13#,l2]$K&o^DWsome{7Yjs`,H,*>*t[Ge~M^6hsALKfINlcu9yLd_d,
6th<iq1	x+zK;wWyM)l,u;-`Qz4F C}NG=*R<0(""$g(M#:w't~O3'/ _Jrpd\E.!_:;""Ng4xq#>%/<_!h,~N?que: p*pGdIa>.1X1N+ceFL{xLPNuK7>cMGgkyp|viSq*U{!hkTJr:xJT2bcy]:uBM\Dg%G+\7O@!IY-	ErWQ8N]8\xD<9UdF.?Fx!xRn2i[V\xhqp;gngr>#UTC[&kr
7v;8!fHm VucW RC|2+_.q	'2*DwRAsN<6@l56LL	^D_T5`C""c%m
H)HNmE<

1|/d""$;4|s8swvo	6O_<s{c~&:5\vbK}JAuQVL/E>
)gK+?~CfToi3_w}}~lI8CRvZ,`U^&!-sQ76cFSAvPgXAy/h{j$?RB-b{lum]4yYP|bAx+jLh)~Q\1NjSW0;xOo@;vO<{'ckv6EmB1Og#/m|0.w\""B9J8kT=u+o	LGrB'%(uY0RyR}ZR/!g=W]+_z ]NonXG6VbV8#:cvzS9<bjvCp`W[	x:8|(%J:;vjba	9_ltpll'Uyq7 G$nkOLG7q@jxl8wOma5'v?c6fX9N|xotu/r$r3QJ:p_'HU#c,=3^;^V@`fIox4f1KGP9=':2}lI=Afn0R8gcg)nt]x(7a?D	UCDTJ%51&IGuh_*	^4kDu'7}""zn[V'<
e!+okMW.	yz/_F`lq2}XSB\yo>AO.^|lOL'VrQb?[EN;RP]>c;tX;J)6M	<YHv8b$^^KkYL1t}Y0uk*I{Pr_N]XMZfvvkCE0,'m.W[~OL(d)/E*^~=#A/=fYMQ9=.ds0%(0K*;]|J=O+ra{|BpK:,aKG	IGyD>'1#%p+Y^JLfQ3 ewiBLaT\FtvCUd1+"":*1F`.2	3bbh~VM\#8^<$}dt^#,Kd-6VHl(LIV~eDu >?4S>@t.s5?JF9{/j3k""0kz._""|VX\9&1!2c[7=7Clb[8SW8!r-O`7wBu5Ho<E Q2&l'JA-5%n=Q0>GV;SH.yB^v$e$5,qbX,KK=zUxGFG{T5\L{2ARZ#8|u(sp,zW9b~/1j9|9KxLX3
}wp]fj<O:bmKo,<A	yv=;W<A@KnX!G|_X_!e8'zqJooTQpxF9^""WNke9Y!
HrT!Jn;leg#r_7bqA~	n)Xz*(XvZVY0IwM*52v}\c9!P-$J+V4qX{6\qw:SipZ-=:N]85""pSD3bkF]{'n$!A+U%s?-r1NS<BF8	1RF+93*5s`e.\Kx""+-e6eJN^xT0.[Mo!4wy+/yOYUy0Jp	kFEq9Q?~<}&mlt1TU`t<4Y*%PKef0%{zwz#'D[*#It110z*H{%iOIv<Fo)yU,9/gpL	V>(&hPTh'Ny]6w6m5@uma>z.-Q,5tL"">l5>T%f==^
C4M7'VMLQpmE
N]^/6`$&i
h!QKqM&WBo*c3Sm!{9PW&RVe~m*IO<%gOSLEbY
lQy?;FQO<&c+a)eh,Pw~hO\>4vB{2v_Ih<apc`<J@m?sAih3WkV~2QV%urFSalj%=+M[yt}mB,W\?/nkRs[VpY_q0z""Sg5[fs5XNh>
<_TX&0.,8Y7@[ }e>MW+""wc2(iY.@,Z,%(&&-4V.]d^*U""|c5XD""j_^S6+M\6%)O'h
t8()	|$K""6;[j'HxDRU^c5@_`B:Y{S~/SgzkO.^GMWxn]CjF:Z8yPbt>[xD_""^""9&`?-Je5H`^8X3;6>P; (3vp2*==V,qFxl(}:c$&4GG'=""y'8NaOHl0yUh=Gt]&9O1,#hv?11mODma,ki	D6A8tgR8?m\M+KCVzhvU$+M&a|yANA3=*c&MEVRK|?@WVlFU'[=w-CS>R|?	6@=
bi4$5FW{B$M\P+i3Jm}`7sy^_Kb%-7""u`b>X.Hnz[x|=m7xj4G1oie;I[^>!>>z%=6uu?.g))nDG~]K-KV""U6QS8nG@X#|aDTI]'/+
?6;qo!I~m,pqp~ [PC]!`7	X23
d~Mf{.tzC
5Z/efg}#${B5<1a_j9vKwi(k@7KasSwN
{`4qshn2fAPCrF/@q!t~3|3P8m)E	3KvS\wl8uO w+P(VNX9R=c|)}	'C+C,-HAMD}vB>5 Ta~(A\Zmx`*E%$'`dt7A_%y?7o6CTjDo&d#ow8T#&p_j+@L%r*I/|54XY]&r2I5NWxK1sj =/5e=:>p:C~AKqf(DMtXqZo{~vXdE,2l	%H""0!:~J?h]R[*XSm&qH qG=F/%/M:F?1f~#Uxp#oD3t|m{&Rfn<vSu<?
hzO[!|o+f#]GpTDTD3""oV!F!m0~ GI!YmKXiUJcc&T6S:b,T0]'O=v$j[fb][h)\rX8^{O)Be1!3xSfw^DcC3F!%qpJ>eX@63ZO1\Y>Ckk>BcUvg:;ZxB-gEA;uy3L)~eYB)(KVx4zk<FDV-c_]e3 YF=<4?wJ@{'_T+3nkL_g6G|>9$4)RRyUl@C,
1_hjd4s[\C) {L8tO
)2$q3mzG3%'T%?Qf\s`.QG`Ft6KKaLc$MbcF<(s/QL4+ tOSj5%.]?Dl[}LvhWB@a)rQdOY=t}jRxt
l,hp<-EL7*K*g,K_ 0e*X%O`5M/F&2By]-$R<	qt5P	I6qA4dx376v	/j\)=({	-!,@&IVvDbX	X, LbJi6ak;lu7V@44[gV29(`rSV2Y[jyl6mMI'omMWA>""b}oT=^#y4=;a7pk9i1K&I0|_Wk_oo^c2'd0U""O>gYL!I*""*g|REH^^Q[=1QK}{,L(m-l6GEr3N}<'(=]e)*v90D#aV|s9|O$tG-hK}.!\csnj.;Gr\30UFs}CD/Yk]#]0I>d^(38.	l5'
){R5=TKha8--uQ<!r@Je5G{i:M emq5-Jh.]<D)#yBdqeE_zHC`&'aTElu8u5$CE/Rek=YE1|h?GF1~fu\G2'4,rkK;~=CQ\N(8]KIc:(Zlr5E)oZk		wVDe[_D`4$#v}N].>.hInVko1nIo91""+Bj
CqBmBu@r&@Uqex`I&W=4Kosq9}B3]V'7N_g%~VOT,zx70-59/)Nis?*G#p~5t3i13 UI/K)#_S<#4nFC4Hs!%pQMdI0%xYD_} z]$rmiDd>?f2!wT'@\LjTS;XcW39Y@qK&EVLi>_yvU'&|VC^OgD
}n4HKS2Rn&V#@dYGsRaO'[Y""Un 2vExU>#Kl<=u5DKAn+o'q,-}!M#)aB0({|)F@caj\ :FN1}1DJGOYtXOLVQxoX+mAl0Eu452fxoUGvRy`RS)Sg+Uci9??>taIRZ""T0^`OR+Q69-gWm7O!l\DH[PyLY`!G;""q>`a,D+E_z8 }k,>x+lR	d7R	h71mStmb}>_:h0n[AE6 mz@0pFP!\n{Ew""B@?\*etRxhh75
4%V85`I]fr:9xV-_02""gDBfq^J>+OEStnY(lykT8Xax}G(*~eMZs^#S`t3='a$rDniM'C
KQ*Y82z""P*)!vH#
bjwSj1Zu/nAP;4~I|1qZ$73yF}!nn>lnJHR15)XFG+8UV4]wm{
Yy*s_$R3x&V,4c-i:~i0,33~\[FgcBQ-_;di68	QwD
y u\2TIWK,=3V VMMcE\A&^,zu{a=j2xv*3vSZh>2!R&
z=+C?u	4mu3LO+z3%_`DOj8uLZw;9!Rp5kj%RPLJJy	T,<|\Z>b}@@Uh`=C	vskQ2fF\l@IT[5fWzv+qs~@g*H+&DrKR26gBV5W\cu3ranM~:E]+hael{C/	d3d&?fvW\HZ gpF%<y;?Pc>v6G|=>^Ww`	W!-yT?7Zj8w~o-7biO@u(1x'`'}[KRnKeS`r!qxfW$re(rnizT2;|;=1""r?\7c""}e_(KLm!Ud:xSQq-8LogRsN=)+]h$?VU`=Lr;l
Qjruq=4]@*g'z'l#5sazJXb;71_SRF<7RuB@Pd8z%?5wnykc^X|Y29^+l-juzyb	P'6oh~.rlLM\jh@R+=\4#l86iy**RmU,T	;.QR_*X[:6HS{UT^^}\k3\|.+2T""Ci+e&.aNUoWrLf:)|}II<Sn[;m a6mpddmmNULeVd  C~6TTKH6wd C[?\Ip['^""3^n|D/5nOCYoY|7{a'v]=vggDbS64""|n#X4DkN%PDEssos>5b5piPbPWBiVJqb*$C1OM&$$}q<8YekJ|uvL"".s\':7{t1*{u1QSTUQ7h\x@U`lTRF(+{a*Ha[!e""	.<@*S[iCi%P)`/~nf+\o >-(2/v^I}E_I}HT:pV6_j""L1ocu7bqPaw>-2( R4JZVMsIcQlWZ)V4W`bQONr)&k<0|^aJ}o/%?A$|KK&AD^NGC2|ec0%Pb$E`=y4!LJ0Z|`g)ZxkpAhora04		O[J`\su?.XbX~<ynia	o[5xFcrfPD0a7<4C""a	M%f""w26,+?	hK1cJ7E*sU@
\""V5|jXk|&(d9CE&um]Fg^q0`u/VJqhgT1qv!L.we{IX^-v(rQ;\#>U!3I_K]fLxKsL""Qy<)6Zu@6>Bm-	XB&^8S$-S{S8+@@#_%$+&R""p>01Sq""NyN5tM544""`a8DQ(8d%FY:kW4s9A&
e:5{sE!v#a2<TPA;/x%l=:d5k;;nJV`E2KL^{zNh:(1i5!i@db(KY$&""6qdxMp	*1`@]Q)
1#r6?hL1LSEl`1B1oJ0u]j^_VBL+;$^Gn~mGof@RpBmDx8-}5G,/2(q-KFOJ9XL)""jVt't.mK[ z+oh/f.moi@=3Rmb@cRpW<L4zqHu:Fc>=R+(dF;3=W&|*^(ELZ[Rj22os)Q$*N;:v -Cr<%=PbFP7!r.#\:ms_./d	NjYn31v}O8^IcNO(*Ue&UK+/Xu@cWgZgv_wuN.%%ptt=3bA}#))(uRZqy([
~1gG\#i2 7]ld2f@Kl*Y{s9A(\C+Oki/O$f-yifC\x:|@9eD;!]-D&	?sFeX(%@>-twx<*$|B)_v/Jk`""h/;u*hYc7REYg-(: "":r![\\mVlbi6nSq	kfm&mcYr*YayrBQ*{>IfUtZ=@h#	XO$E1:Gmk\HoB(R
(]^%N4;TjzdxEDTQITA.esUEGY2#5WceeF'RB>7Tsc*/?S
YM/A3<0(^ip:!U(r#Oz@	+{.~\=zYk|3xmp[ytu5hD*d{9
_AG)LE8w?R%-*^3JI=?28@BS||T*sNW4v2-/g:I=
J	DY^4WEhEGL|}[0Bi/kT;9mvL#y1	2w/p)+h_]pfCYLc2c2d,3u
[mtyhEHNp3>]Rd=j0dIsfWgE4t;X|CW)d+
QIdTqg0]OE!@:#98vf:tT.8i-sxX4n!,Bs}bf^{{ J.t<&a~5A01rt)MB`~AD].KaCap4Tst4pl% S0ap[C|n`$ktb='D4$pn#$_e*Po6{vbIrQzPL:E0&a~r&	Z1kx1)8C;AGggDgr7\\T9NyH`6J^zH3-/+-;HSn'
tr0rG,f9,RYmR<tF-FgOKF4Uv=(""	;f(x0O%pos	Rt**)4RQ@=`M?N|%>!2?A#9Xj_zs}v7Nb97taq,kX62&epLj]*@[pEnDCsBen1,G{$H""9TtAS#|:kF(,w@&[xXK=U.{lIK.6Z^,\XmOo,x&:4XmjU)6'dwR:e=>i8OL\u;ti71: 7Kcq:=8})Rx67y|ZWQ5zVH,_M6~FAqi|$,w^uuO3Fn2Fg
;3k0N,)z#16@l\JY6C|5 8ID`.I
24Syc$WOOb~4o{J[XWx$PTODd)L""]ZQ([(8 'rLzuOW;Ab}wTj`0P]qfEz+0~pB,""ox8o(5oS3M w
R)5 ujpn1N[-(^S$CxcxkG5X;X9kDoZnJwgcj+/mGt""!jW9/bf Td{OWb7bF=06z/At#wY|e2@99N Qs!n~u%3mDT0g+x86O|obq',l7O#yV@N$[m\Cr.`;}oWf}AR'$=ZW5BAO-=1C)yCQW'i4#lS\Wxqi%emI*?):0ldO[jE[!~3Z=7s1.4C
;HKR4XH<5x.ITN+8X9Z5,8(UzrCa$Av6eSb~gC1* 4(}FoCM`4$S`>
!+T1IhOqon-c0lCCw?/1GQ}jaA+wG(0LW^.:KJjm\ +y>(+k_P	iZzZtseUlo`*wjW@HPT1Ho(/AjG=5^d&#Pbn	)#dpYjx,YU[MH/ 7%qU%
}f;|_K
] {S=c;R|^YAJK-AZ	/gC
aQ!eKQX[[8*F%x+@tHqu@z_QWb:3+n_KG""Nw8vo%wH*I"",=}PuCQgr'#lw5qemb4'{Z[b5hJLe8ChlNG('k7-E;e\_op<m*lz1IHuZ<z>r>fu+_I0|YR
qnY6{]$H~F>19Qs#o!b""l}45d<*xGkQ=Y)
Z;`__Lxf:GP*(re""g2ldg&Mx?K
jh1II~&B
i|%[bydAL
h8+3""^vb,=#;9l51L3sR1o_<+Flj{s.\Bw_9lK.xpV/3]DjgHU*[f""=!1(&%VrZ$X:G;(5Zfy8lg:B!uCl,!9yej]nu\l	vL`udJW,KS9a(<'o8z`*XB,ZeQ*vy$mh z.
R(Uas2a@x/O8Z##ZBh_n5	}@8Eh"")uY2==wW@jVZ-,9SuE*=Pv-TV:? c<F6<)AhAyLm2\`yl(Cc~/gWK&u]5+5cabgzI37PoKl#{N%C%;4PiL\d!Oq(MKTGH{]cIOQ1\%kA0\I
nrbTdzrqhFE6+lCd}IT1'+`xX,#_JO4;o
iRc/Kl\EQ'_wzGg:<Z>^Z69d^CWhT_]l#hI8yo*r!wk$+b? ~/i5-om_}?lb4*: S\AZV+?Vt04(
M&fY2""S=%|Z'()JNa,`:.;<[5boOyg
<0Z>t[we<t[.YcH!X$""?P=\|<|)gGQ[H8]Y}~7+SM	2j$C~D,jL7Pxd2v0:)]?0R>8p*`N5*7&fBPg:[Q_&5p%	>-nB!Q}xUP`	k0]OMV{$gn;67C ( I%)o6.wPCB2w)V	;z10'n2#WerQPA""V(,XMtOfFf4ur qJs/.wTinPLjnY$H/?h%g
Obb)1Ayd7>.7C0n4A^dGLm)+nMxN:,w@I{~#2dm`<wa_mXG'[.=Y}pQ""5L[J~Q7
F2E""zz1Ra4{o]Mb0*!W""9l""^,7y.MBFG)aUOQg?-O|_<~GR""0*$8=bm5""^ QC~_n5	T2*Z	__[ 0bdp?I""sk6OwzNiK~P4d!_OH@#XlW1%XDmXxhh#:ooHNh8G""|+JcZ}qSg\g*z.axYGQU;]-hx&Ex.""tQx]>,0cXCRz&@WS>^7c<156'9QN0
*I80;N@(M+UmIf1ZnZ8'>M&}ulpBL5	~S=z4+Y\B.
r 9nMCU !xPDH!b[+C(A
$T<Q$6byf~hvMr4wk/reIUx}&5 p:W),U1N
Px,'NG\1i] efp:b[M#RLK*<qxyqzfX#)n6:JN3O&je72Clgz%	2u33DpX6hIYf~B~y[%g-{}Q(Du
v\'6'z;*BJ	
-%+V@N\]V;b*j=nJx4=Lhf\E;+	9MG2+$/c#$	B@rF}	R5H31eu!du|(W%:qrv?2A'gAv:f=Z6>e$<j-g(KP6%C:'#)N2N$`D7!eC""1.dZl`pj4@jg\/	XF|0=OH;[J+jJZ7das7_$3*e1.y]VMG1^L._B kJ/_{#h
#~Ux6`fQQ}NJo*OLjaL[\f&D~w&i} 4aFk9Wk|BP?lIc	 \P~>axup""V*ES\;\sHAR1spG:aF/<:BxC_Z\@JQyPRv(LH)[F_oR!}y6?{w>8Nc{mQ|7H3QK^]~66TmN3_PGtd&!+7tL T*6|4t	ve	L7saHR{K*z~uah@~ AQK|FY3A}:O3d
<.q:5[N::.oL:gt6kq\06.e)~MV]8""*yU5CIXl}C2AVM_>=8yf|%d^;ZSGT9Q>t35cJq-fE#ek""CiyzUS65\OLvQ*E9f$xBf )?([\d.a0	V>e&FY3;Pj#	7ELUM c3d%d
:/f1\sOxBmD
$F)rLd\zGd4d(.{, /s
:'h5[ W?qg8f@[RqqGBrT_EM<pq""%5iH)L7oB{>y%}MQ7<oX!}>+bQL$y,?~!@f+0U`Ia)-fm-Q)Li28
XZ(U>)N?=T|c*8Cb5kb%Zbs =79srMTaLQ2|9?/*=VCRPtpC%Se*h[t;	Nx_[*zQU!*L#q~fqSrSCY4%U?;3L+;_f4UXQ6)?tF<_RE'pX!4ECx>%(>2EuBZ4D4&yaBDjRjK@U_ihMI0MYeaEt:d3L]{z|V'[.[P8w@4mPdey	e
X`;;4""?SKGe_K2Do-2%n&BA>3.'(&>O@%QWj?_)
 (	 r-,	@e8lC t$G5)C.A}%_gd<[{%OoZT,o`,=KT1_3FEaen""Nq_#h9yR16$vC<RBW#y:tR0!/S;5.1Z,<{d.@(-3<>|*prHi{gp[(gG)o5QZx@""bQA%zhENU&\V2gJL}I	k*v_cCW7eAp:vy2;xE@]mg|T^
$.`68F[t\5QOty<EgHK;``qC S8QG<.
\:}fAJcU:[nMg#""[MgC{XHE&gUDnb""Y6Bpv5#}+c~Co[B0K^[)ZiHw{kC$[ 9x3wB_(\eZle152T0kiwFmzl$TTlV#4AD@z#U%[EZht?O}+A.24<0I	j+yGS3ZZB%%f[BpD
TLrC;.rSXJ}HOp_S79hdD&4YZ'6@RB].f_Wb.e>H
m'$qSm""JDnu5 Z:?I	 &k lO^\;Z.CE|OyF8WSDks?-YME~PCns/>&Dm;nA)|#r$4kr(ya{iY2A!A`W2y?g[[qN8_/D3>_'za+{1v+Kb+*1Z1(n|:W4q}}3b0:uF3p#/;,KO5{(s'::MphhWuU]$Ur,LA<u1rU@_vYh[8
kin	dU6cNzzdW;%v	*'`#i""Cy
b6$MR;DU
m^%zQ5U$XAXG}G
rU$wfI1$
EWq=|tinqI9BUsW?kli%kp\!=Jac]iiC/.qq*)tlh,C::O{g{.Cx%edH=W8^9xcd9)QC^M?`Y]W;|$[UES}EB[&`hK]_wR~pbT'r\ufNPzRD@K+OP5:g/Z2<jJK!tG?/n'dv]Y!KT)5'4v]*'\i&vc6-+n3F=8rn6U102SUZSTUarI9XiZ+K{Cc0{X3
b`P!1v0h-:8a>obbh5FL`[	LvLxFqNWYor5Yw*b$Bm9@L3E#JGn)+\q1<8E(H.yq2'U<!l`|m	7*0JKFB	$#%LYXk8Fh'~
	p(+A0/%\s6ag4ttRTPvI{x""L,1S(q7V],i
9+M0+.zFlmPhC3!?RL;h?-iTC|K|-+D70gYmzS0Fyqq*uMS4x*5f22E!wy=l(	tV#
m^vR1mJ4S93]vS{vO3k(mk4HNL>9(\qluXRP66Fq4z\rLU8kA&;
uQWNaLad[
?/;'l4JO=\~ #M%3Pw9$FU:_!)V[&2zUquKnRGvGm0z%T.I=*7\FnRK@^Ni A-B7|@!IS68o	""[!>Tk!o_j: (W:UBl]{rb;	G}yPq4ieJ<`U8Mf^.~wC~Tz'[tQjpC{|IZR+9l3~iHe[
22|ayfepK ,zi'9'""dU9=mJ5KG@]?3,)4nG4P|,fSJ|N9bzi""d|	Jly&\[Z907SG$A%xe5()\=/q'hQ(7jFXrK1/
QK_\a:?\7+D3,Q##|e-\>DWNCj*c}d=:WKp'
z54E
`Q/|""zoM<G*Qkk!UU,I[6.?ehxe>wqreR;xMZXXW6*uX4Xn|x|KI@DHbPpTkZ.rq0//O]Cmac?RNEU7f&mqO&U
K1\g<O,w|U25 c)?h*zx_]3}Yjnj xN+>f
7V	w@j02|Bi4:x1vC!o>I'thY |T1AW=OhT	#ccslWK)U!303IIHJ='>g:a#eNX/Z4oi(-eLvUdBH]&K_/TX2*/+-4!pP^*DwG8/!3Z*j.DEWIjN@-r]spMf!""U1rFUj5;Q|*&`d.R<XZY*vkx>{(akI;:PJe%8%ywDAe[CPEw_;R.<|a}fDX}^-qQ~fyv07]rH=
-`Ih[:O)K\j:W_|
N	c\NI00)~do:oNg!H-E&;Mp1~dLGW&n""G_\U%&F\6RlLMcV""*?j9DzSQ%?W7$=zJP[""8/hY}a,""	>#-`^^1G(NgadFHDV~3<8_Sbc?4&;`	tX(.\8n.@F|omV%Hltc_Bz=CV_J5kK)
F #'g17}NWmO7z""\m?9T0L*nS2VpR~L[+Tq,&6nu)SllD,hjLb!1^LkiI.	1QV"" fcO;6(} 9xM?ca'z_bPim,zi[*Nr;
G\mJG)GI0+=pz z-9f W#c:[G28_M#G@/'[,7#B,PQX:.-j8#frJ::r4F=v8P:>""}??Bn{;6J,;	{`]q@v?J&3*^\c$&KKw#K#hGPU9&LRTOByumTJ~ocFY9w'K^C%0_JW}ptv( oufgcpZgy-^kLI	>1}	iK]-m|B;HwH[4! ~H}]*r+c4Lj7D.DW4(;:IjpA0Fn6S:r2Cyn\aHCa,k6e}|=/HA`S6fg<r(7DCf,(x_]QRs=wKq[CC-)mY]]a.&X$=/%#%7Mw{P-dvn]54.Xi6EF%U@'/_lX8+@m|R""Jn\';^
QauNUUwh*6O@k)}(_>w}&YK[	d4SV=n6.$b$&\P6ZX2UIv+'!,x+:?v;V8Vrm<m\j3=;;?(tsd@`GmoK43hbHF;""a	8?Qw()J6
-
A}^:Q1{V:tPFWCvUj0,X<IluRB%D>q~o&jG(GK']42d`o#Chigt/avz h@a3D&-T>$mO#F@H:>!V
=B	b_;JO tloB^NcU^G!2O{I<} BI&O;R~w@.p?	koVa7]*ll-s-1G2-k2
mq+O[t|gVp2B3%TjsB7|e|,E5/=kYwPSuO\UR
bQq;q;|L0U2H~kqT+RG
Rf?p*T5U`TM5FJpFSa?d2<r{8L<NRR!XZ].X^02jBev`=e3kaCY|-2?K{ |Rb3:<xtN_dBudQ&h_nca@{/aI$ws(H?nj,Y48,0?(NYE7c<r.F!/^t(}~(~cd{txnOnCRs;*rrpM}#A7zJO^cpcf5os\ A
abz:y8E,|^R611""n};LN	cGyE;
JH]mj RA#,gIsNxdu>qN.T;I^0#6<^X);Z)mhN)2^B{{M;E$8+[o	37YD4bZ-qQ""`5D-+Ry+//m^DLHoLKX#fn}RQ<&o
>{yO8^3a<hO5F-Kdi?Vwn]IYTJ\7C4x%H!N<#(%a}r%S$TmSiXDMkWnt~BhSS5<Xu/2yH+0dIy s'L2=)iYZL4v1%M4Ddz0u).cRlMWSdTR06|ws{6F8J\Rmq	b~]7T{BnsGJhf|4![TIUV27j7-~S36>VG>nl?x[sD""LLJ2e1L4Xu6N(;9 <&RT&Rl_I?=/93%WoC~j=zC0>mzOw3;EvX_Qn~(cNT
@&#093_7U_DPOB;o%m`apa  yuB+O~$$dB9@Ph<l}?|svMD#*Ha 
M
B>
u7h5-
!#kd@EG,Atck_OHcNG*\FF|LsyY/$5p/cC\='_>CHka`{
]Hx%66)mX-R(PeCPY?X]@%4a3Z2\a3 T/@C5!v~<C!""X9%c2TJg;FZ}|1dv1&I9<8Z%KLT+~J{(m v+hZa""Fb5\JRe)Q~\$SVL+i+Y'yz2S|0MqX6_Udc9!>I(w/~*HZCbC_O=$5UXiniK@F""Qi""M<
E(@p'WbMOk""/>b~T:$XZ>jA(axWVpN3,X7FR#[eC$Nwol_\[:34ElHt#g?2KPq\{RFHt[:W#>D.blS8}19GNvq""5,z|
</m{e]*t:gsB`_Swh4NnR#:w%f]@b9pc{r
*v^CR`Y]oM%XI	6SkWv{wQO`+T)l3Vif`_eJ	8-,7OgnOxsc_v5iW{|Axd>>a]:Kzj^&5Q_= *`""V%Otb-p&`Eugh@xA/AdgVa2|2pCOcQJv1J#!)J#iFI|_mZEf@Ba8Uqd4.cjO	%~lVZOU`F>e9>b$/z2\D<2q(cc\'/}M^V zti]xk<Or^kps vFz7,pDv(ZP	,`P~:6bS8Mk-iThY>Y*B1lJa##0nr?
!5M@wk>@h1!d>|}}!,mbbu|/#F+CwjFsNLR^rKKFMY_Jxt%BAQPz)ygC\zF0Vad8b""}&D-muBRr[69]-= GQ!eK $*7C0/Bo#PH'EQ&`tXc<X""J+3E>o-AMF=|K}6ZELt;s!\1]lpG33YRVN
gL0C=9S=/q3v3pmBz$}t`Giv#xuJS~(&@.A'Oy_%IjBvSW@4'E|!B*	WWKSCnicV;-pnKj}1%}6+rW_jX}{&9zEuYe|lpN_;^XOK2w(/.4'bh%:CW~uU RDX~m?t$""Nh>z'8@?n KuC!v}cw~k}]aCa2F
+@D~P<Fl=zy&2;eh3eUED _Gd?0HT$9Nz!f`f=GwHr'DdbU_'"">g:v3
uM_9|!#Fn:tI=,=~6	ix4-0Vv}Lm	+AQod.jwbbre:FU-""2Vl_)cQUzN>8aT_?!(F	@}g@h?str
y1Xu`JLq&Ae'`XUVW:rr3-zt#xOZZeAnZ.Ok`tPT~zOG#ynvQ50}!sSo~4nI""'7(p7e$,&rrsWcOF@5%j,%9P1 K#R3vPh_sv7Q#{	?bGc?Am%)>eE2c6r@fb2,[vTbPY_5aK+7B-iQO
ilCe@5TUqw[HUnht!^&:QTtqA{wd''mW{1/&p-C{LFZ{1y]3!G0UA}h*REPD'H9#fI?JtG""NIx/9JJ>j![RpoS`D
M%""V'UJL!|},l'-9:=XPfdtB$'
]-uZw+a -';(qm3[xB5
/{&?YIgqU2xw,|R^B&su4LRAT@6E%/)f=@yM'(i""|5>(N8)f:4'
>p6'gA06>C2s7DQ B4v!4kbv[b^)OYw@lA%kX<p p}u0^3yr;}%
\o)$>AMvM<*XoL1 ?|4R6GZKgD$BcsqD=Q3U9l`Q4+@jB@j\!55Mhz +!YA
FyO6q|+G3e,u2+&oh8,~'%+R2%e*0;R<v<Fnd(H(DY44G0}t$^[	^sa~Z n7m>D^ej*;:okloj47zKIRM?g#ed=>,mvFN*Gp$dcn,
48~-ez	U-:C@e..@d,l2yuHdf#Ynu.A'PIR~'!,8X9kyC`@6K5"" Q=i?~I(Ydy&J8U4EUcfw[/""vqXb!q0'?=<AwFE""P;`w3q4x:3}ug1}LWi!6I""qu`Gjq""dCY^&W8(+Ow7?#4oEBTYs38Bvpy9|,V%\qYx>DF""jSamn>CUkpIC0&e	&{	MVf3DKVl'PO2jx*X6vS9X5HL""$Q(CfU-;T@.<>FRNr`2rG<kD&^""\j3-gwsSpN7&KYM<U{2iZp4sM`WykQb&W;Eg1sRPtYh3NLSHV1e|y`/o^	8Sflq@@WDdx3y`WOeD  jyU*mOH=bmx-MRgZa5$DQd% v|6*7zM:++-/C39r;-7Bz)W5m,~`OjM`NbeOv5xVuKb!O|'E<WU%M1/COd`+""TFN|.nL[J,g6
,CcnPlbNexuz_E:,R2K&vYiU~!	h>+|8<GR55,j/Tp~L:pvA[^<Tm>M^SFjH6Y zN5.=?r1]'^0fI$6t<BA^""@KK,=MCo<OHW*-bjJ0#IOeE:5[/M>/Yf:1BUij7Yk	NS=y!C1Jv-Ms]	5{Yql/Cd[ %r>uu^_{(t6pV^!HNp]5Z;(U=9,l!a%`rFDA9yKeA^Y%v\hR<<reKv~b)y&.[7*?[LG:kXm;wgmM&(LqY7P>#UOe6.9Q$gk^?cY=;Cl3M EbUl6DN;~:&/>xB>4	oRQNf1sy""Hy(*%b-Mb]7M5Xjnqdnd0ct,H4<T/!;Bi.>M5>}L<t/j""[S@JQp!w |P~$itGgsWpcX{d(F`""VTATRL@%}^R!17qxh[zq<e#:sN]_qgjSvJ&$-l""*|9	GDw>0t:""Yh<l,lahE!kH33faA""bf|l/|9e8F(MEVpB>GWW%&^,?ev{H&)
ye
Q=FP jAss{6x(QfcnLgO""43nxrD^k>4d0p#Xs\Hg;)BSnWu827?&j(TV~= b||{\v=fL(:can@dTW4&hG@*@+LH7%2PFh?C%57[UmE$i9~OZQ	ftQ@?cISfa=q9-:/_D )We07?;')KZkLyO@xXD@Ur>hI?y84	PNLk2\^EKPD~W	t I	7Urv-/wJD0
^T[~j;.5^aJ>-90xp3h	^30TE?(%;b6}(0JbQIQV+w6)v;7pdHJnRBB
y
a^?/~_jqv:/IPKL(7hFI8qS	}heW.(f518	dDmw	p
Q`(z<D>uhJ~VY~7(i2Zod678`f#jH
GU_`rkek4jJ[$~*^8\H0DG1SYA-O)b	p""8K&T1m+!^aH*|""n'm{[1;9($)\`:[	UEC|<6Vm\Qzfi
GjavbWbUdi]dKf""6rU}s!+?Q }TeA>R!/96#),),QxBHoC!b$_MEG`/3X(px2G:0.gXNpv6OJ4
Ao}WoPw&epA>0/HUE|)`4H6X6Y}l""5L\tT\$tHbm	m:3 Y4~vl~a_Y_^r'_{|p].^HhVI(!c%2M}@VI ;P+cn^4m Vt@x-%Ncv#uYv	Pu>(Er;aU(G%#
>;s{gGk;<gX2hu=B3a(1c2h9I=`R=V:PbfDm!=LKB,N}e#-Ns3tp(Obzp1Opc]Du9_:c/byp>~wyZfx:L?kt5V|j?}T3R:nbu:%[7*q0IPtv',+aRQn-Jz2{q7=/.{xo""YFyfqaUnWs'&y7+M4ey2|_P&*]	#b'XE OadLb tdN*&3#
4Cj8'n""JE,*ds{NPBssTv&iAdt~zK~o1W~O&pU3Q3D8&sjk^_887SqL(p\W(D*8<':XJ)[('%F]KvS9^Ef( P5=,zBV/:?Q
2/\C.&r9K@!*""Uf;e<@(BlM!hLim(*+pJ 'Ud<_
9$@3g=3T)g'%%MR`q=G""k3x
KqWtvf#vkz$-mb!#""nt4k`-EIDL=e1xK?Loyl~k^2K|NK(w{#fzO@z~Zr#rhO59Ol5;-]6ZV3-^$2\M;P7`Gk6|go#[
U@F>a9<XT&y-%Vs,
'MwxG1M#iT0	ne@:nFT2^f!hV=!U`N{Z~]Ct]WaNY	]Zz!INkK7ZE}V3sC.v,B|0adb}vF3W/,ft|Qq7+:B)>%lW*v5D6Ot~h6|8d#G{7aPj>zIp~;T`f7%P@n-	Mi}9W0CqfG>qsCSS!H_8[21&'dWmE&""n.XSW3Q_XZ;JA	OZu5]&~.<dIVf5.
XThSw""(~o^0#zI{G#Es:&y6\]KdC;DTF2`QsjL#+azTC8F<2mWAXn4j
W<VQ6XF<}.$,*Ip~pX=n%[$~T_)Edv>*1fwAW1v""e7S-xx2X{q6o!bfaPyI mPUQ*6'h`se0dn&K[0	rUDSf2R`	3jw
))n@p5YDj	J0qgs}uuy""**h/zAFS|?};pWd:12u)uil}fUNf^f||gU8~$>3Tf6AhBf:*[?1.~I3<CwJTN=]l:H~As3hDf?Mvvy_7.U)3={xMkiH+m_(A}L8P`ZAO~uSpqa,S;pdEj?3sf%I-IA392#{9t.mi,i`3LDCc,\vQdV0K+oI?Dt!dQ8i/#\4f"";H87'`Z#UEL'rD}T9\x7S(B~}{!L@0mze<S 0/()V@\>te^>{Cx5jqVhmL7FQ.\s9LiIW`W8@$qVBsbDCn9:A`i~e_s=]foiYE$,Lic$IvP5HAo@Q
9IgvB/v~B`o5k)ahRUz/MU/rCXBsC-f'O!Na*2}/lBDt>}\\Ad""P[m,nVTX^RcTQf.~%0akXOz{C]'>]={*O^e<jg77""diDhyRkY$nO?E89G	e|qV_x}""|;8?xI&>
3
el""9EKD)@QO(a#4=?gqZ*woCeT0' O8UfltX(a/YX7,>qD
HS(%a|{COysjt]?$.]}/q_LezDfCVMf'ldISt,mq0~~Cgs(+#?,/S%~!cMb
rBAlwjD}c@RwRPZa'{(
)/]QV[r(,Y:^<G
6)kQI}+D6[]b-p
Bi,I${q0U#}/yY{:0DU@hk!U/hHwkpw-@Dhu0ORhe|@E}LLGA83M""2>crIdmwFBW{Nv:\6-x$/Uhf[n2Ys#4(6{'FDj L,F4lEVNZeEIVf	e>4u1C9aCl\N+c=Y6"" Q=h<G|JVk]p[$B-Z9m+xH?r&-E|7`k(6i}\l~b@
_SY<oD:(lt3:fB'9',7)N`6a>?0wb@eHRi)uXT9+&%1
j*-D#/yv+G\k!bPc{k+'1>=""@`%KPS*'8FTk=Wk{v
)yVe &T.YYBXL Q$=*YgNw*]O8bnlZcz(^587,<zcDa@B6,C0p~p3O'y""e261FD'/8_F*I?8J5dz""Z'`	Um=5UC?WONN@QslKMb! l	QvVmO0:-e3>NXxcr_!h=46&.>ca@~8C
#XQ!Xx#Au(!S""Yu(S&W{ssCHNwj+w7OO0Mm*0eG~'\M9g9Vcdv#gT/wvo79kUWA
ff$eI*zW:rq8H7!%_7z Yc_f"",FfVv}h_Z,6{5g}y7Wcj'hR_R-M*]@J<w-h-r\j0d
,l,?X~gnRR.fCR*cNGRR^Jxz)jqY(1am5`iYMtlw_@pgn1Frsct3c6KsF#[k,R,b~Q<Mn-9ob#TyJEZ0c^d""p0ha0p@]KGJR!zdX>j@H f%XEV83I[5\fq_t3H""-{=vl,SypC!N$VrAF+_%8w`(~x #X\EM}vU7#cn3ul|-nY4Ihg~0OQByeR.Ibjo/0ZT!.&x/)J7}.:XMZ	k33>""~1G`B=.W+}RJY]cu9/Nay,#'@4.F}Vk#o|7
R|d)6uW!'8`0yQfCs%Yen^L'psbuBL&'Ne;Q |<[v+;k=yLIsv2s=
E?GC& =9+ix},N#l@2irqNc	-)%[L+)@	;%~i~jt
#RUz7N#<<Iu8=Av70`""(!BaYvf5P$#>$g1aio',a""|el/<7|,^yQi<aq~
%dkTIX(~fl)BqF3	euXx1eU]r2
KXAoX3zw'?n3e'TjXoc%v:jw=ZU~uwi5j'_m#]|/m4.~]
 tG>/3wDD'sV
ZnO`4A5V96+2=EvMp5:B[
hnF5t^q)9*4BG2)_BM7lE2v%%c*?`ZAu?""KJ4 $w;vE`K@F$"")	h,j1-FwT%<*H_pyR}z%c-u90NYBzQ	dikbGumMCIb6m#34&uD:`eQOv*58ev,cFmD3""3Hs/>OAj;=UO&n`TwSZ#+E>EBANwN2u|3Ako5)6uJcK]ngrs~|gK2EMy#)Rs)^+@u?Q.5}86e5VR\1aeQ
+CB*zi !D4=8AnxOtm\~-tBAD!3+&<0Hl:ZMn2
Yn
XM6 Pywf\My""cV|1GQ|aP~qgCar>d=c>U1u{c]|OuT3Ir2(KW
Mwnu{\ao	Fv:|6GQ==-PS>rt-<l>*2J{<	GW>EA^E+I%Zyb|FNgw7zy5j%TK*L!yDwIk0<Z{k?+{*%z54	KzNaPT^_
;hW6$'cUP}xJ$o5qL  vi+)'XfvbBsC>I2\V *X{4KwJhY;{yIr-!S_g	:
lwb1
! [2P;UfY/,+Ygd0i56,$	sPJ]#\
S}yeTiTG]p+Y$MS
d2e6\z'r;xQSA/&E~q+@/bv-5O}b0J<T<.(c|'Y-$7N>@R*.2Y""*/+S5 P^tu)4T3sPk9+yK1S
)-`<=o}=Ki:ECyah5ZHrRb.v!k	
j""6P6mW.-q5vVKM>LFa""&ylV$nC6hS
/pdP[C]-OO8^lU6Tbi
IT*-Z`,()&1\2gQ1a'pWmQN@&qNOX8y7veHgI^8\
tbqM[&=EKUPq*v@&E.>8}TUK^2T>KH.oZ	yBltFqky.7wbG|!kky0Npf""k5>4=K_F>UY,Ryn?]/'e@eO+/mlMOFO
t;UAR#h
V%,i#i<wcx0>N2m^A>a3U+\&P
[2|O}>"";@}#aV	X
r	;I0|e/]cO?\+%5$9$/j$wh>TDb23c5!`v;JE/gt}sb:vWin^SxtO*4AsXd[+V>EPGp9$+OcPlp&.wP""x]{=U~*`f1W?|Lt6<
6u	wD3)#]8|/tu]$9M	Niqu 57A44y.LO*|EzL~()p~j,f6	\&`Mw5""OUY22Wo	eC3fkiH%[y8}OM6(3:R-CXa%JN}zAfP66Fc{C$:\m""%@`?2#ra9N?HT+e>2F\V.f`&M}XCL26EbU~^;$&O~p{Ue_GzbV/_&^6;WAF<gV]Cpd)9_TDCw uS3%UzW{YRq!U|u*	S.fkgb;>bAjPe?%?=qRm_Nb;,e$V&-8)a|0R>k-gj2h[G>N|AHX`a'6u5Idg'B?M}rF*[PyP6$PulL1ng?<zE*(#L2SuaL
hBXd*i|TIPmP&nf$&k$LBjpZ8NHl_{|;M95Kgk}*Fy/'8tonQ{HX;Z/.ci~NBDO 6sK7Z'H3.}]gTvA(D]zA7/}-CjX=|fStT9-o/6<\sbIJ@omp-*l.@qT	XJNJD	ZqN6gi4'AxhepC(@-'4r(p
B}KkE06I7!\vV+xA\R]bxk[1ET?6?RT0)JGcXBk>.=8zHPU`N4#OMVFW""I%`!}mweZp8W`Zh]
*Wf{!&
UI<ZjA|t?""Z@<jbX'0>iW	|gs>@5

#d]DnZv	6dN=]_4lI'?H+M0:i[%[[s6x*DN<pipr><_I
0mdgn/jIzF-Jr-dU1DzUT9hsFHVwXEJj+ZyM}m?r&a0<NPbW8#QtA""q6.YA?CAMb_Ew}K4|01~ooXZ*#wp?!$bqU)LeN[""N]$Rb*1S/{p]!g3+;b+i6pRM^wG%dc71nC%UP%>yoz]OVAV>V9H3F{{d5Ic
`sf?sD8o#VZlIZfUyjhKNmu?G;q^6c6!U4r~vud`8!h3h'bXcQ,wbf4&}k/k%8y-uBhk,V+afFuE:%$;@}RF'.PN:q^Vz0eSHg2[&#DCOf+rC=?(W 1p\^4HW{TU_ado
O|!K2j1n\1t-XqT9kLQ(	IQ""y
SJnP%R\2?'}g7%+)	(cZp15Jbf;.l`d$$-50+OBb{J`pSIhaX
F2BG*=,!*b>Mz#.\vGJ!V!]A}5Qud;d&H.38F39 QW~#r8TST$?b +""h2rB2%](9Hl972=[.A
S
L5;\LRcCMGEdgf|Sfu""3^~yaUqV8/Gcaq4d2,~ 6v%l)PC vg/'x|p-LRfr=F`YJ5i%}uFet!im,@jLA4PoaV4f8xg""bq%3oFzq#[AKpDK$&##2DUQ3uwEu~uZP+,5#.i<ARSS%Kz rLM/(7A\liT$1T6za|bv#gF[JB/#	6;i(h1,h7m
|W)TwE(-a""YC]!#3U\}H0""6PHXA;W{l/&4pT(;1TuL/S'g$9t>b""xkytj9Dm .?6MH(+(H9'IIk g1}q@xfc5d=*y0Oz+#]ZmQTn:10%QUFcf21]0<(5.ia{'cPncaR8KEL%%.I:Jv$vf8Kv!N<bJ~\Sctj>(	{!	;V0$ZCk12)vWG6K9OXca#u+r>fvHIFPTd<o&\/pBB9Rjx\oA2y'mPc""q`>$:UE4k0qeXXIeFdE`TdR(wRk5+9aUI]DazA)x`,ZqPGDL8w8'=!Ggjl	&$^GwFQeY""-X{%v	Y5\l0f`evF@]3{>NP/? 'zZrsduLRyVvy\I9y%<q0OzH3g)|p hJ9H>4
M|,*tXBSd;ED=)pI~Y*r(T)vx|~
f<T]|I;7""hCOFj:$~bM,4xsZ0/UEF5IyE%=rmu@83#^;'TY	6c~T}RkNe<bUEC;v~ fGcd`<LV/Y\ptTav8YCA_yHJ7wM+'ESP2Nt	emm6a?(_*]pS5~k-d7lz}_G0.f#`~?'hhyg53Qj1(V${GRa bs;_veHY|PQygv9)t@}HDE:Rx3!>bx`;Y@&eHDz>Bu_Va-~Q	*g{OK^J8GF[eUD3haGZic%.
$gZZG5,5U*9a]G
36JDHz}y~K#aDcvOXxnXveVmf<$\w'vFN6[[w14G*15xFWP)g8e@wnL1:k\O8`,gA?t-iWwgg036i2Ar\<58zZ>4o{Kz&B-nrmHBec&gN[^5Z~wmx~'xY*svJQ:VzZuP	W2<JUuX[G9Sa8s)f`	X2.3,#=K2GGya'"",,6(X)t CM#""wAQ^xMnj+z~]d9)9lb9.~m5_mnA`~36_IIQ(v>@:qA&B;J|W
""T""\%QIq( u_&.q6-9^5dyh3;0y	VC|vuzc""sv6~ }/.cPv}[YHfScJ<W+	WK0#'w=!Dhy,E$gj
sQK)5Fsj\WUA }Cv`m>a$19A5
31	?|a:<x2>F}~\A*iqa!Tl!O-;r2}Pe=ft68W_K]Fb;TT7g'8NP%T'FdpU?*Q,Uuv|S:x	R/BD*#%cv1_lz9yH
W`&uE,l-axim}w}`nXEa5vL<""_2RjnkQq]-?6
){R8(G((5i6P!o'(f9}P](yz^N
~2|y(.Dk&}ya]'n2r:N|lrhhg""G|,]pa4i` iN/ZTTJ%9\Km7Vf}UWdx~wAui1M~ROtKuqDyP,utgpy/T|wX^2LJSe-c(-Q7VLvDjZ(1Mb5fAG)~^\<f)WrKpJ(!y:6nA9a]'IM`I(q,LdF['Y@UnO*W:CPf31%v)DJ!p@s/W
unBG|5>`5rL~q3jH9)(4~	%ihU4d0rNq*Mv)>3H3%lp1{kGN=UR0hP{<z9p[<*]-af<Ni#tVT1}*X.bIy7D}:yu8*-OKK+G*UT<Ki Cj?{S~idR?0vZ<%&jH\%9y1}rB5HG$oGTV#H V9)Kz<eqGQCLyX>2:[#V3ZLOs+bb@z_/S	RAei	G{#af}X>$W6O)We:Mww!jyEGg+
V'!w(/[d>G	j.\=0{th(d*~S$|p_	BhmKMFORBZM[""J12lU(|ymj%	vkeA,38[
Ux$G$lC+QL|y:V~+:27(a!pvGiG,W<a<y]Z*e6ln#CoE9H(@:237r@|A95_rkpz]?E  $4$GdW:K-qO& yrl_Zi+_P(DzBSW""7Rk8}:q+`z/U;YW3J=&;9O]ii{/B@P:GWJ:7-VD[2D/+^}	!c@.r7oy#l8u8qvlr^vK
BtAyhzZs_g#D4On'3IQe<y 89u/2*RpcIZp[S`:+GcFU0b.U'up:^&O0}/(4/OT>XAYMMfkfhY%'L<6]|::KVH5  DYwd$9vr<h4:uMe)g) 2kLt0"":F6""~=kqgS^[/CefqKg
2rFi1z_VAT 9Es:% S-`50Nx+g#m}05M`/:&{?15#ru2|Qfs"".B~NBnO s\V)3'4NUMOLa*]Jp=Tn>W~L.4q.ms2$rhk)%n|FN_[B	*tt+>{}H`z992^(^rBQPn,23#b1T{=:?$Ae\]>6xvv(Z93oMPz%_]H9%{vZBu<Y{*Th2aht<=GjK XlZqv<.SN(.G#>(1'3idKR^:)|Rrg"")xgEg8LAY<[AZokVUiYWhn52O""(D_~bB/:7\L?\!f
itsEqxKMYIOg[p<B*5ZQ=x%^)`wMtNa=re`vVyD/0RS|&G)q }>"")J%Q=LUq1,k^^9i'l%.;(K~:l_48Ujz=}w[_T9/gtCy	kQfI^'1d@$;/OM TY""i.J-MBEO/c,-1|cKoOXuA2A7N7Vvv$F'+Z4(~NMsnx\I""SLR	:l vVRp\Ll
""yywSj>tv~z4LU>?niV1?(ec$OD5g1$.jSB2AG>sc{+z=CK9j}mS:lhMN0Q}k@}gW..s&;up2oCU7	NCQb2<~\_gh@?IY	hYO<!`(sxLKPm;6$)X$^R!Tj5q8=UR@5:|7TV'qaF}K[WO_1%-SH$Ty<7M~>ICFOnAt}yYeVDAm~S^{{e^V MCxQKS4
2!zA]@r|?\""V>~tBFf^x*jA7u$fm5|ww*E[rH3J,PYlc_'VBGif~]j*WmNE7E<c,.~)tOV-ulvK;S|X:	'Cs(z+8Hl|a4zC 3id4BAYt3H`0Fg.E4)66YQvSFRL""6>O[+UsyPCL+n
6r'Oy`eFSAL%Kvw'Dc	H,CL@?Fvh|3m
{mW\{]b7R(zRV>~U|{,^C7Mk=WJSJZhii.DC0TC?7eWm
b7ik<=KV)#\!a|T}aZ]6!<5rd7?NU<tM&,+pTy$w ZNFE]fx|J)@&Pd3{,)[m0J'(7)FbDVCv	,\_COB7;q]P}%ppGE!9D{$F/gT0q\e""65t\#yVM5bjZzTzA	i8O@ES7PGLhcmlIF4{bDGzkFT(Gk\z5pbF0R:j'}<.vxTTN`k(Z}5n;zBxFGSLq  'p:Jr/f`$h_*5>}*mT96l5*aA_gXl""V{""lk1*fN~]PsT$]OxT6;E7L6Sz?d1HgZ87	2C'E SXXkW+*@%am~>d1dRDyPll~^wZR@G2Y*3hN0lbr(6~J1^'@|M5+lMfSf>r;kA&j^%	'CXF^]YuupX$H""H(9]mHN#u|l<']@O<)DFMs ;C'^Fn(N O'3,%Ul;H#5OLHY3za,o(.W97/t^:ay?U9BfWTm(roGNLQY\v6?__Z!k{^o}spfiw A
@2c+l==P9r\Lgq;5>V	2
gumtD)dASaj)9NY]50p {c5O|I&?7ikl);hcO^JY9y*aC#(i	KHAy5~J}V(rP&,7m?F+E<5^dd8""{jct:Zdo>Tf'3s.9X;Y;qFuF
\DGeL,#._`6Qpx~V.b@`qL8OU`,OBJ}$ie]zlrvdJAM)-s=2&_,S(l_(=Xr'0HodWk#2Dq>""J<\)e>Y).G.""~!i#:C0;14}%;]z[WQb|KKp	{pd{PhQsTBePQfS}Y'7EF^)]af^o{408eg!{wE3jgm!f.2`r-w`yVPqmdHcO@%Vrzi`9M+?
b|]NM	""z*(he0V4O0X	Z`1q*wxS	8H3Z]nyM,!,eZ2/gS.(md~gUjCQ-(Gnf`
AjH>D3`tBn3*""w| -AA98^Fg?>=G? \(ZTaH%*u^!DWJ*3~t<r/AbE^6f]T$0?@G=z67[gK~ZK
o'FEH[uR`zWv$KmPoKp_1{|m?L
Q-L;re>.y43f
gjits(j|={40oWc@Vp(dcbR<_ g(+`;7SW?'lh?l\C|^B%GT$i4.cTW<{4f]T(nyhd&qDxec/r6<:RyXD
CqaH@=@'!;C&ZMXHu{o
[~;eYk""-D%&Dh?""9b+.aDdl@lP>AhuA+.1$itQ@7jYv')f#Mo3P:|^T_Z3JITZ;p6B*f
 w9HPS.K@r` Y-};0\.X|6Ff{w4_/4u-)qT/X&zx1jt`bx S;Q12	M13&AIFL_
.No/.{
[D6;-H a*z@A'5v#P@g0d%<Rax? ~zW09/""36*U5!6%f_W""tc-jBLYag>dW#zVlG(`5wT7-c\DWaG)1Kz2_xIt+k%4_rn%{Z$	R5V=Z2WE5Z>&g?	!bo0Hvi9ijvOBF=uIX-#^JKFO1h)t$^HC{!UNE)@}c+aC0+`;i9So~4t%

u7'#OlY""UTu1QrG-$zKo)(mqjSwV

^,)~/0lNwK*FZ_)VY
[brz&i^U\;Jgv5.2gZGsw'ev\|K<'gl#Mbdf9ngsGx`L+idfd	%'(7TO^z+9&3HEzfBu=
46%3E-rEc&2lBdRuTo~KSRAo-*Hz<5fj56Y
^frApaG1<])	'5Xt02]^;XnjJ|wC2Y7 rY';bc\%xJ6p=LT$KTmm5HWDO29#k|^pw\ZmLuV)OR,?z!pk^9TX8@gyD,rrTPA4P_^kB}RzfF__1)W5n:6d22c-Sysl@j51@<p9[lIy\9>piu3wp+ZX'-t[xKUqV<R=Wu!+25Qus|mtu}46P].H Lk8*$b*5LL8d}ptjhu?)Z;ouV#CzZgEfWX6x&oiB;+1.T,bFolG@R8,[vb>Ts*IG0G4tn""RHN-kr
J8E5oVX^#oz79!3T>	P031^80Yf%I3+ddTt[',!PxP=G.fJwBR-@IPrpT:""uB+p#{ljmrw0u8=ak(@71>qm!5u""9[6X`Mu-o#A3UU	sjd*+gbI{+@X5<!L
9!rj0]~vio*paZ/NH5	B*R]4uFz_Pa2y+h &&UJ5.U$X5swm%Gc|""*57(j5';s!}J*pU!P""""mv$-uyI=a|wD?^	iNo<B&lo7Ru8xc *AW&)9SLLTb9sy""5q~53Ur0FcPk2g @J0cO:LI5eno!LK8q#
8A-Ma[Y')>""]%#4n_Wzi-@/8KXXs5r,$JukR^A?awH89rraa0Mk%
#\l#+|@'""BTa%lD6w%`<8[`Wye,r%c0vFh?)\Mmgn}`""YQZD(L\:Vr\""Wp%9+i~9E{sN2t*CF5 ""iRC'kRg/x:
xD { 4sCCUnhJ,*gC)\{2C<T|$Ad!!2bG[Cj&P`\yxTi[Bh.qM:.LqSo[<sc)biX<'ALKf+(Q
,^m*aO#m`pM9	^m^rEHT{;xRl-s;=Ev%bU])L?['EOa=7]Cod4cWU,z^z""'#)1MPF=-ilh^zzYB3fj.be2ZE7OC>/vX|1A/#ppw''w8RUU/0EJ9Nui;B=G6JL%:*i1|GwNCt1-/;W4-+qk}{}(D_lC+dnbP,qu<`	4bF8Xy#NqXTCvtK)A7W'dE#yXMJF/SP\M:hzoiF8!Ti/s3g>IVCu];b&G?""RU(N.'qJP[O}^Cp:*~6/;S:zJ7t/Zzh342P\WoWyf^%o_NT.'SKaq ?2hDzCh{Vohi)B#?fD>6ODJ1iE5p	(R;{qYg2_tir	+!Vs'[5Du<jJv$7*""XSL6.ZS2URd#{w^RQ,IjV:|8
5,P CF2O}<k{}@bHWv)Y5_v8A%7H	L)h"
"benchmark.StringContains.stringContains","avgt",1,50,1206.963647,0.053136,"ns/op",some,"z?v
F=?^sb1LSR*7H~Ae4@#94VUfTd!'
<(kgQ^u0O*{KCX9[""StoOp+o~<2vz?'nu}wX6{>P~y\5:KQn{\x	:-[h+? MOf5aUm#Or|\+$l[3r\vW_+M[5P&mFzm>ntH^ZDEhebBE~6VWpM""=a-Ek}Q(2h%]XE^_XW%UXo3:B8uk{**.J7o= E0:c9`)iV:7!'64K[)%|a38&Q6pbeiYCu""4-z~[2g&h 6,kY%`x%%$MHkgJ""i&,D1L*u3;>CD0|?;R,XB{4c6[gCHAn""~h	]PL{rT9ZPC'D$A'E/?@	kO@AcHw}e5RiW/hn*dH{29_3mre7v{JPHG}T!{YH_M@|F@K:m?%\[.<q""y[D!Pn*@y;S;kh'i[$k?f:^XtT0H{wbw~dGTy^>fQPb[^ vW4-U	H'0O%/`V*8vn.'d;t!DlC}E*NFUY0.5PyB`M:$H"".rZC)[CB`+HeJ:19*!F9<}n6InL8@B{|MaekWvkj,n,i0lIKxL=T%a!;{Zt*w2Jd7P'wmCG`N.[-]A7HY<J($?&`VcU^	evV-f{@[mwn6N&1E8{>8[wJ!!Vi9AGKe0)ut)uy}Jb>xXHR
A_d4G mK9L(4[^)k\N_gJAlOet97BGK_Kw!H}{Z|%
-SoE5\Tg3QO$,2WLeY^f1V.+K=
@K%ZqP!n`4b.25g4 nA1>L
z9;RTkER)/H,C}`vAADL%GMZY[JD'! W=fSX55~ND/`/0@Bxu w}(9h(GzM$s&fT>r _4""[Wi(1Dc_5q?	ahK""BY41CHB59/r)O
3F?`Ed$%I2[XJ		N\rw]}oKmI+*0n$
]a|~Q_i^$1D|>Tj5u!!i0,^\O/u>Ll*{P!X|1I&/K@XVSW3*CnFY6H0y$.#L@rhM
!K^XR&K(M%lNpfd3Tl~/N^$/N{<<!s:W!8Y8znHJq_/UEkf!_
h$=z@NUBo&+x9:x~vp?Tl;T7PW,v
}*4%hlz #o.88E4]7a`{9#K*]VFNM'&&s3EKf_oyWJvOT;XrCbDI9f'cKbHM^<GZ[~ Pznk~~3SCUtK*s*>/rF_ywjobUg]8<NJ*<lu@|th|=L^p5mIhBVpFg3%OIzwKxU(_`;~t9>-kL)j(W?1qE%mbHVvmG^:YS""scOCx082M
KI/}""2.y<_D/Fs42Xx	ltU5h(xG;{C$I$kR>JjMS&:D>>!!~ue4""m@&x73zL	5uRhB)Uaz}0GhP~kyU>qv4r3Dl&HW]r]>8f[`2:csfv^cP8OQYR""NB*8b	=
U#&c!D{q3&xj34uB-P2AUM&+F""lDym!`U ~oZ{s%7X`K]?+p""vaSr<R
!!4.fyoQaV&0Uy>XZP0[e+(Vd;fOOT:M;dmN""WgT{}K""hoRFs87NnTWk_DE}&#X}id|y>#997E;""irwAe3xO[
B2nE}ICG:>Qz(+	oW.j=Fn62@7ic)FrY)09YW'wgQN-XZ)!C76\Obrn	~HhO*8J_Gqf4!	R	.Q:U+.Ms)[vo![Ckw>$9x.Ju6*[QC	UH4vPBF)=iHS<::5:qJ;}LY%DE	|P>c37,'k;uR!I]_rYNUuY+r\n3)be<%}u`sOw/i'Ekc?> Y'BYYtDQ;!FQ|~W\2PdSrUO7:<ZCBY
#;fqrr!Mh
hsyD	`/r<)g+.]U}HqSlST^o [ +GXk$)U[xT\B~e.O\;%QCdpt,~jw 79V'CC!y.l/NF|L+L>pUrZlLRh.,VYS1O7=[prKd>a8	->2<4~hH0	I&Uv(nK27P hh@TSg*SJ:d2%hOj&g*0{M
Q3yM/_V~
Bd}`1}d.CsZ0:ts{T,MV{+MzyxFPGBl]XE'*uF#y=Svsdz^sXVY%O)mjx=7yy1	gck.zXOF@av4_`do7dYOGZf=`P
O*D9B;9	4MT/)}-7pi#dT2[e*1XXf]vQZR4oN, B@eR-Glm""Nre]Il1.}Dg|p^&ly/Nx(x&Os[61L+'7%a7"" 9't""\+M[|QaVP-\/,WjWzqjnNQlRAXd_m)GoAy_D^
W->\3Hy^f}]wKgO&-$%F{Fg^AfvPx[E,k&+ts~0F1`=^~l>di/$B-	,C2*.l9M-~L>7+{jSDX#nIA4H-!FaEgI'.VM)Aua	 P!;9n#qpRT,+/QdA8J9^o<4>a$=N~FsI0ODRJr${z-5:,#Mz(X8%fNM:7d@R2yo{7s0}kUBxwo	*/L0DV|'Ixa5wFD:N6z#QedEBGtCRR^oW$[0Z~S`5S3$:MkAA}GekYsAuxu	[Mj.a4Ke[tsq|#,! tJ9|+leS7rV7UqcZf%&vXfUZZPu3+X9YhTHCx1b,i:3/R	Vo82#3)	^Z+s~z0|4)%UgsW0Q-UG`j+b0Vx4U3i*ohK{)!{|<6""f)S0
BcgP`Tv~Dt\h&j~W_\.Q)l fmR#g's!W8$!~dyg<MizPZ
5c?!0-AA#r44)\	?{Fn'y,L^b.;s_95~z3V(_*(YKI_n#hFMchAy:m[u
WK5ty?EzWiS-8P5Q'(c(FO{8I`B'QGFC`d%n4?CEmC28;Ejx<sN`kgpP}@|m@g]SF~0DD!
[2eX6=*U:!)+nfB=/k^]yVwD3;VOvhd@9sj.h!(LMb3f4!d?Fl}-9W('1W4R_tUz/]0+zj1>%sjoS=.#r.zp#kS&;Ap?P\0}xc~mGf5{3)>LY;4M,C.''6f|5c!Y$T""*BNJ@3YOIia@JJ&Te&@SfSNj*'P6t2jtBl')$(]asd[{qrS.^/y:{\[_@.hU[;""Q/CP|,%+k		y)}9=fg_ZVP[(OD~6uPC1>E6H03Jy
,Q#z#?:P\+""98%9>]w\~R;q
q<=xGr 99r Aum0]9-E%u%8zQMs|2<Wm!}w$]|d}ME	s @=ZM)a$=9TUX!$NBcy3n\-]Ert%7;6 e8M;n@m
wDCRZ^kKklqK7.BD$jz4`W_@S@s2.Z	O7+S
F`8'54t ;=z)Q?Z%rVrR=%F1='h[``@	]U@n/ILn9iBk_zA)]2[xX0g\a79^1e%3D56Ik-?Z)wfbGX<JCY7vnd/?|""a$DNP$!/p0?Xci8
S<8+h7o""0)sB5jYaRyeAc>l/.T}1$,9*+L3|$`qK*sB5oaB(A/%j[s_Z=q\Xe:A'KWN?,`|/s	r%n#UT>VRB4w|^e\0b7|'N<z3'4Qh<d%^yAaLo<[H.Az>6~kvC.{@w z\ei!i@Fjig@#?~!O@#4fLp !	#H/}u.H,>Y'-/wL4S~ +!!h<0?o'((crLY/j&L]~Wkn<,]{NW{I""m=toh-	hs{d^_U|}iuh!ZVBBnI=MU)`UZ;<
Z)Mo""=<p>qNlu;""e50f, 6ujG^_Po4Z8vRd}D)4I*2qV{4G:~ss93-0=)[?tS20~]%.aqbH\	nv(CX@ .OA98|DAoI?TsqF&R-o/gK#<9+P	>	uo,3!].9u\`Fo(-B]4.R}\gZ|
x=@2Un@,9|Qj`{.bj{B|m'4(""gB;y+aljy6
ApX['=aV OFI@4rK$I9T_P+nvyqb8LWnp6G4=oaz]nN%Ov=aUw3y=+}dK\eK$<CC/2.QuUC&*#/\<=D)/)30,6.EZb""vUm(7W!W6uZ^)NpBg(rGv_hCNq:i2^ |ttIyvXXo0-L,N(+bH>lUc=r=W0kIfz]5Yr0@0Z}:VW^jTW#qe<vd/F*+cB' vAKHi	<%[:.G>S""3UJSVoyYU1k[ZqF9lg.i|03;.`Usf])eWpXD\oy#E2re\gaaM/,^Hk%	
2=JPM-g$=.3O/Z""^=~:/:+Jm4T5tgK04
x8>KsfxcVzk5]ZwzE<OB :Lugb7WF+[Jw*+e7:DipxZ$?w17p->-oh tZ/>xk&i
+ yP:IWtQvJGMxmm7kX?LzzMNz2Bhgx;p8NjF`?t7!U]W""%
+NEk~oL*]G7'V})27Ie$,|l%3m	uhe>%hY^{=T7i8*r_qq	6O>TP369oycBi~lpM	\F:Hm5^EVan;P/A)D)_w	vJ_m8Z*S=0P<V4S75KJWp	-nO|yVy;['	}I:=P'J(fMO3,~bFU>]aE\gLdou[s0mW:OP1;H467T9t)%`,P_&CirZicQT).S33L]b!7X;q4u_|2a<=l'Q93b60vzn_n~P1`;aV!#}:~Ez=R*Ad)J<?GA7P>;#r<<W`QMRr.3awH~V#zB^8]|ra^w|~t?Xqj>""F'ABN ,.xLsu]B{HaJjGzoeMmk~:kRFB!wP794s?8!-W.QNg;
7*OCfl)4lMq92y#L.wy2p+El.""O>9[
rPT:A$6x(7Y~JceVAh&""`|N""aJIQb`L
]^0
1
dSFM|]
|!X ?G%	yi=RF#f-*[]1?)Cx/Bje`[[f}F/L~	r%Y.vR0Z\_L_(Pt6gD2T|{^DPCp&x_y/sb4zY<y'*`z@-=F=tmr^8{@btK=a%O3iD$b1Y;heEP|2e7""G%b'&Q[HM%',v9K!@Gx:`i	e\eE[6=6k6EkC::E%`=Nn'(A
Cv}$B4B{KWWg""
F LtG7OTvGjdveM>cQUi`'{*!F^G9$Kkt$U,
)R+DTf]""&yk.d1+Bx\\j!o 9u1Rx<t[$Sk5jya:<kyaGs,{r	f|2b:/ cf
+Sn;Nm ,FE{I/""9?@tK:~0K9gWZRqPVjvpv?./kDVZ0@iok*!sS
Zup5Y).a'UL/8y$.f@Cj*$ri[*\I6nRASX]l~Ce""	*!G25:[!*s1
KrS]X/gE&F\KE^ayDnwseR?tnl	Ix1Gx	.na8bAO5fFXUi@(sR%x>fXIP#hmNU{j&M0V*ag*N{XXbu[J#;5!+""R'&50;~9Vsg-9v/Ic G&Z,Fn0ilVGrfkX%qw>aS-`p	kC@vx~a)q'kN<FVWH+~UClR&OBd,+GVwG`!|w4'
z=;H`E$aC2D>PkzQ6[s2MgEP;e+:/9mL#Z7m&
BjN$V=tH34}dH5d29pkPx\!_uqdW_N4mU!B9[4&Y'""F+Fzx^R+Kq5Va'Czhn*c({NqUtdl?BTB`i;>L?-O+@JA$KYnU3j;/^
M%Lhxu9~+t}i)[DM?!j?#I/x~|3Ni<V& qB((K[> Gww 9`K|NpOsgFv)	52HXh f""al$5c'v~I?gma);2m>
O>c)7\c^m_R:;t6cc	7|X,:*PQ*e>4ER|pH\amFi./}!x=!z%'H.~)of0z#:59mO&xQ/,xm:o]Q^>]vDaAi=-a!o~i_+%X|-+</A'U@59hf!t7\	*,[N#v.k	5Zw`x(2am9f""&,FnkK1Ha?BTU|p.4G!-280O""+fZ#r(,N#}I7@?}FqEI#`uA6{}#7
h[a(*=H`B[P!Zw20XwN@a(0ddLMzxj 9{>ub>K<
5wtV <1y.!1A]sb0j195LQa=ZW!Y#[ALX1OD,ItE]DXZC}T-p[XAnI;`""?ZQvo=},1l>aT^k)=j<eR$
}#OL'HJfh?C,,$Qt:m77tJk&us4&,4+-mep-,{WG>
j*W }-:+)5v@q'@85t_O(:PuU,Z>Gu-(gsF)'^^e
V1Y1
ib9zb&J;|/97[bU]*@vRAJC8ku/:-ZuAwC@YEv@7$)dClaP|htQQmgm'+d:/xZgIGpYS4+kNv0M>nwS_W|$OahE:)~tZRr>L2>_+&[g'wh+l#5\t%<Nn6c=%pF%8Je3we""2%Tx:<.5O+J>.D]2RZo1#+Bi9
@<6m=yxT&y<RVqUiwO|@odW_FQo!,1+gz#}xOH?3Bl}sp\p{kBTh.:U6$7:@15Y<I-<4^(e5yvDuQ#6mB4t@OORyf?S|IkVdz@P[)a	_Vsem4g9 nPObz3hJ6 wzz4eV!?=<16G(^fSNY0cbDl(iB,Ird=
=:]%e7O""mDoG}Eoe}d_ <I4[ew#
uIXAL/Yk^t~g'h>Gd
s7]w	+>-ISZ\|
kTL3s~PB=Itia>^""	r}&j3t5>:[t!,X0<(hc5{CV4JK=#lPDa=@K>.XT(R&y%exS3R}m)nh#q#6k$~	J
e#-]N5F:&pv5bzr`#g-g`=%-Cx8=dk6
.UVd7B}=.HhCKd,@ww\!&Js$clThVZM%/~>KsO5K	,M{B
#S6FJCZWe}]yZFv7Sc8B+'jOj,Qc lP%EaMp0`x-a6V) tg^7My<\n[St!>0+b7=Z@{oh+e`fFzg.v?QZ		#dJUM=HZu8SP""49YSdG:HD_nV#k""Cs>Hy@%qYyu~F<X?h j)Ccp_^o^o$!{pPi&*/A Q6eern*}dC%T/1d} #-s?2it$'4/(20gG() v{p;{;2B 	5+0[`XMjib5x'	xM3VT}i-.1L#h w8f~u\yy&""lT5l7/XMUd*a2OK?/56ICbo'tfenmf2-zSY?oELHArZm
(Hyd|IP(1O~TG.MkgR^8?"""",@DZgLFe_/I3TI]h'S3c(%eU""2H*D{2	{WF}5cGL""rys66	%}#cEy^|HBhVY(IWs0uJ(^+OKpb\i3
x*'(Hr5G~GDGBTGGp>kBcmUF\eU],4e9p?T:PPr&!u?oWf#PnmM
{oQq`G&$tg[@z*$kjhaAz3m`bc0jS56xB>;qF8v!9V?AAk[$?FO;]l|
1$
Ko,$^86E>S<Ag6?(\JA<NS#0<Oj++-L24KT:""uT4i [rUn?GY\7!(Z|SKs|OZ(w`eo<SO$#8}2?G""qOQlVk=]+z9+dA=@Ng]NTARDR[whpUe8q)Br/	gGUVruM	/ss%4C={CLWcNbyn6aXBeBaqX
<7yu;}$A-oSl]}T6AbQ+k6DL)Zv,gk5q#N8=W3`|0]_>-9pz-'{
|PPxE7\Mn8}'cACa6U`$e%/ASVgR z8.VZ$u4YKOm/ id=>z	+=I?8k) Xo34$WwVRs&Z.E.n9lEw[~/H/vU3>#al,<eZnr{&G?6y2Az*/Oi93Yk]B{5=N~wVHc(unvayv3'f[r&9,4Cfjp
4 $~QE4@7tkn@_WaFk8.p`Y4?bIP~G^BQ>Xn3;vmWs3s	F0F+6?@J\O92josD^*VBT%{2gtTT_=3s!}x+|Tj9e;DY'Ifv_{K?[gPqpW^R`;tZ	/+UM9A?(Zb|=.&g""J&i5&_P
""x+""$')nZ#T{%ogpLl	,<.	=:Do#+ =..CS]8lykml9qf nq8'4[eeN(9]&:u2{B	8Q0fQ(
`7qMiao1""Q1uKf,`VDv1q
E_5N/,|us)$FjxpDTPX
t$""WNia@* ^tX/np/}l!u)0n*K
YQ|i9R)4$dY:d_BR,MYe=T#*=`IMy?Q=0;a-N@r5 	[vJJv	75B0uP<O5]@b22fE$!WLZpq%W?!vPAlFaBF:gk$oJg&psQy9	V
.|Arcb'dJ,N%IyWwj_Ln<tP5Z$Wd'7;M5WYJG ):]!U~=JJ[m""8^5 >JQd`mMmhX[SfO<IqcW5af/6zxw(<J@Ne8MYtV/jrVcKbOYr( bQ[s$#r{j""NznIR\RFLg?%{B0z.0in$:|~lXB{rgr1op!&e;pvgyhpf
ZxN5)5$7,@/?dx}K!4eC8ZjR7~uF&TQz/i'$s^+7hPC?Kq<vxNW4?Z?Vnu#+.oF0d\e7+\%lnkm,5#3	w-pRsZ:GkUv$b2Ic@
)um(VlI52?VT=&C9;eGwWT	@3|YT`*S]qq:lz j_(7C/Lc	}0Otst4\6/ZJ78@)-[
-#K,(nR4WHOk]# hFV<w&v`A 92:bm8% 80Fe5(ftb0%.u'MWOzj3DN7dhm.\D{C%rW.};y{>_	,W)8f5l(L""V-a`{L7J4IVcRv:xcDa#ndwfA&[O]W?e7Vh]Xdc}U)HvGEoWGoGQ&!iY1/7	(52t@YVZIj+x]@.80'-tSjfV0t|v.;W]m(~?[K2?~*""|@~g:8[l`y=z.	9oAf+Ef""{<
h[!;rbjtTMg|
R%JLsK S&IY,xbv}|EXygE7DXXpdfb42w
5F""8pQo1eC| [$fO{g{~ eL9*,2&`x939QL/C]s7~6ea]~9o&>\`8y|~""o&6!t:q\
Z>""?IBn_}\(!$B$"".|*X;*![l@6<Yy~6`VbSP+Y@'Qnqq""6mICY6b
RLJ\W-y`G>oe(""xOdPBgo!mjfshA
A 7\tFOM!#M|AD@\9>+wUJ 3(oS!m#VCvq)0_V|{dW51iIV0zl(Nf0qfup_(4,~(My<so""PEk;|*	GGT}sQh B/Hlkz+{Li
lh+3<6=13#,l2]$K&o^DWsome{7Yjs`,H,*>*t[Ge~M^6hsALKfINlcu9yLd_d,
6th<iq1	x+zK;wWyM)l,u;-`Qz4F C}NG=*R<0(""$g(M#:w't~O3'/ _Jrpd\E.!_:;""Ng4xq#>%/<_!h,~N?que: p*pGdIa>.1X1N+ceFL{xLPNuK7>cMGgkyp|viSq*U{!hkTJr:xJT2bcy]:uBM\Dg%G+\7O@!IY-	ErWQ8N]8\xD<9UdF.?Fx!xRn2i[V\xhqp;gngr>#UTC[&kr
7v;8!fHm VucW RC|2+_.q	'2*DwRAsN<6@l56LL	^D_T5`C""c%m
H)HNmE<

1|/d""$;4|s8swvo	6O_<s{c~&:5\vbK}JAuQVL/E>
)gK+?~CfToi3_w}}~lI8CRvZ,`U^&!-sQ76cFSAvPgXAy/h{j$?RB-b{lum]4yYP|bAx+jLh)~Q\1NjSW0;xOo@;vO<{'ckv6EmB1Og#/m|0.w\""B9J8kT=u+o	LGrB'%(uY0RyR}ZR/!g=W]+_z ]NonXG6VbV8#:cvzS9<bjvCp`W[	x:8|(%J:;vjba	9_ltpll'Uyq7 G$nkOLG7q@jxl8wOma5'v?c6fX9N|xotu/r$r3QJ:p_'HU#c,=3^;^V@`fIox4f1KGP9=':2}lI=Afn0R8gcg)nt]x(7a?D	UCDTJ%51&IGuh_*	^4kDu'7}""zn[V'<
e!+okMW.	yz/_F`lq2}XSB\yo>AO.^|lOL'VrQb?[EN;RP]>c;tX;J)6M	<YHv8b$^^KkYL1t}Y0uk*I{Pr_N]XMZfvvkCE0,'m.W[~OL(d)/E*^~=#A/=fYMQ9=.ds0%(0K*;]|J=O+ra{|BpK:,aKG	IGyD>'1#%p+Y^JLfQ3 ewiBLaT\FtvCUd1+"":*1F`.2	3bbh~VM\#8^<$}dt^#,Kd-6VHl(LIV~eDu >?4S>@t.s5?JF9{/j3k""0kz._""|VX\9&1!2c[7=7Clb[8SW8!r-O`7wBu5Ho<E Q2&l'JA-5%n=Q0>GV;SH.yB^v$e$5,qbX,KK=zUxGFG{T5\L{2ARZ#8|u(sp,zW9b~/1j9|9KxLX3
}wp]fj<O:bmKo,<A	yv=;W<A@KnX!G|_X_!e8'zqJooTQpxF9^""WNke9Y!
HrT!Jn;leg#r_7bqA~	n)Xz*(XvZVY0IwM*52v}\c9!P-$J+V4qX{6\qw:SipZ-=:N]85""pSD3bkF]{'n$!A+U%s?-r1NS<BF8	1RF+93*5s`e.\Kx""+-e6eJN^xT0.[Mo!4wy+/yOYUy0Jp	kFEq9Q?~<}&mlt1TU`t<4Y*%PKef0%{zwz#'D[*#It110z*H{%iOIv<Fo)yU,9/gpL	V>(&hPTh'Ny]6w6m5@uma>z.-Q,5tL"">l5>T%f==^
C4M7'VMLQpmE
N]^/6`$&i
h!QKqM&WBo*c3Sm!{9PW&RVe~m*IO<%gOSLEbY
lQy?;FQO<&c+a)eh,Pw~hO\>4vB{2v_Ih<apc`<J@m?sAih3WkV~2QV%urFSalj%=+M[yt}mB,W\?/nkRs[VpY_q0z""Sg5[fs5XNh>
<_TX&0.,8Y7@[ }e>MW+""wc2(iY.@,Z,%(&&-4V.]d^*U""|c5XD""j_^S6+M\6%)O'h
t8()	|$K""6;[j'HxDRU^c5@_`B:Y{S~/SgzkO.^GMWxn]CjF:Z8yPbt>[xD_""^""9&`?-Je5H`^8X3;6>P; (3vp2*==V,qFxl(}:c$&4GG'=""y'8NaOHl0yUh=Gt]&9O1,#hv?11mODma,ki	D6A8tgR8?m\M+KCVzhvU$+M&a|yANA3=*c&MEVRK|?@WVlFU'[=w-CS>R|?	6@=
bi4$5FW{B$M\P+i3Jm}`7sy^_Kb%-7""u`b>X.Hnz[x|=m7xj4G1oie;I[^>!>>z%=6uu?.g))nDG~]K-KV""U6QS8nG@X#|aDTI]'/+
?6;qo!I~m,pqp~ [PC]!`7	X23
d~Mf{.tzC
5Z/efg}#${B5<1a_j9vKwi(k@7KasSwN
{`4qshn2fAPCrF/@q!t~3|3P8m)E	3KvS\wl8uO w+P(VNX9R=c|)}	'C+C,-HAMD}vB>5 Ta~(A\Zmx`*E%$'`dt7A_%y?7o6CTjDo&d#ow8T#&p_j+@L%r*I/|54XY]&r2I5NWxK1sj =/5e=:>p:C~AKqf(DMtXqZo{~vXdE,2l	%H""0!:~J?h]R[*XSm&qH qG=F/%/M:F?1f~#Uxp#oD3t|m{&Rfn<vSu<?
hzO[!|o+f#]GpTDTD3""oV!F!m0~ GI!YmKXiUJcc&T6S:b,T0]'O=v$j[fb][h)\rX8^{O)Be1!3xSfw^DcC3F!%qpJ>eX@63ZO1\Y>Ckk>BcUvg:;ZxB-gEA;uy3L)~eYB)(KVx4zk<FDV-c_]e3 YF=<4?wJ@{'_T+3nkL_g6G|>9$4)RRyUl@C,
1_hjd4s[\C) {L8tO
)2$q3mzG3%'T%?Qf\s`.QG`Ft6KKaLc$MbcF<(s/QL4+ tOSj5%.]?Dl[}LvhWB@a)rQdOY=t}jRxt
l,hp<-EL7*K*g,K_ 0e*X%O`5M/F&2By]-$R<	qt5P	I6qA4dx376v	/j\)=({	-!,@&IVvDbX	X, LbJi6ak;lu7V@44[gV29(`rSV2Y[jyl6mMI'omMWA>""b}oT=^#y4=;a7pk9i1K&I0|_Wk_oo^c2'd0U""O>gYL!I*""*g|REH^^Q[=1QK}{,L(m-l6GEr3N}<'(=]e)*v90D#aV|s9|O$tG-hK}.!\csnj.;Gr\30UFs}CD/Yk]#]0I>d^(38.	l5'
){R5=TKha8--uQ<!r@Je5G{i:M emq5-Jh.]<D)#yBdqeE_zHC`&'aTElu8u5$CE/Rek=YE1|h?GF1~fu\G2'4,rkK;~=CQ\N(8]KIc:(Zlr5E)oZk		wVDe[_D`4$#v}N].>.hInVko1nIo91""+Bj
CqBmBu@r&@Uqex`I&W=4Kosq9}B3]V'7N_g%~VOT,zx70-59/)Nis?*G#p~5t3i13 UI/K)#_S<#4nFC4Hs!%pQMdI0%xYD_} z]$rmiDd>?f2!wT'@\LjTS;XcW39Y@qK&EVLi>_yvU'&|VC^OgD
}n4HKS2Rn&V#@dYGsRaO'[Y""Un 2vExU>#Kl<=u5DKAn+o'q,-}!M#)aB0({|)F@caj\ :FN1}1DJGOYtXOLVQxoX+mAl0Eu452fxoUGvRy`RS)Sg+Uci9??>taIRZ""T0^`OR+Q69-gWm7O!l\DH[PyLY`!G;""q>`a,D+E_z8 }k,>x+lR	d7R	h71mStmb}>_:h0n[AE6 mz@0pFP!\n{Ew""B@?\*etRxhh75
4%V85`I]fr:9xV-_02""gDBfq^J>+OEStnY(lykT8Xax}G(*~eMZs^#S`t3='a$rDniM'C
KQ*Y82z""P*)!vH#
bjwSj1Zu/nAP;4~I|1qZ$73yF}!nn>lnJHR15)XFG+8UV4]wm{
Yy*s_$R3x&V,4c-i:~i0,33~\[FgcBQ-_;di68	QwD
y u\2TIWK,=3V VMMcE\A&^,zu{a=j2xv*3vSZh>2!R&
z=+C?u	4mu3LO+z3%_`DOj8uLZw;9!Rp5kj%RPLJJy	T,<|\Z>b}@@Uh`=C	vskQ2fF\l@IT[5fWzv+qs~@g*H+&DrKR26gBV5W\cu3ranM~:E]+hael{C/	d3d&?fvW\HZ gpF%<y;?Pc>v6G|=>^Ww`	W!-yT?7Zj8w~o-7biO@u(1x'`'}[KRnKeS`r!qxfW$re(rnizT2;|;=1""r?\7c""}e_(KLm!Ud:xSQq-8LogRsN=)+]h$?VU`=Lr;l
Qjruq=4]@*g'z'l#5sazJXb;71_SRF<7RuB@Pd8z%?5wnykc^X|Y29^+l-juzyb	P'6oh~.rlLM\jh@R+=\4#l86iy**RmU,T	;.QR_*X[:6HS{UT^^}\k3\|.+2T""Ci+e&.aNUoWrLf:)|}II<Sn[;m a6mpddmmNULeVd  C~6TTKH6wd C[?\Ip['^""3^n|D/5nOCYoY|7{a'v]=vggDbS64""|n#X4DkN%PDEssos>5b5piPbPWBiVJqb*$C1OM&$$}q<8YekJ|uvL"".s\':7{t1*{u1QSTUQ7h\x@U`lTRF(+{a*Ha[!e""	.<@*S[iCi%P)`/~nf+\o >-(2/v^I}E_I}HT:pV6_j""L1ocu7bqPaw>-2( R4JZVMsIcQlWZ)V4W`bQONr)&k<0|^aJ}o/%?A$|KK&AD^NGC2|ec0%Pb$E`=y4!LJ0Z|`g)ZxkpAhora04		O[J`\su?.XbX~<ynia	o[5xFcrfPD0a7<4C""a	M%f""w26,+?	hK1cJ7E*sU@
\""V5|jXk|&(d9CE&um]Fg^q0`u/VJqhgT1qv!L.we{IX^-v(rQ;\#>U!3I_K]fLxKsL""Qy<)6Zu@6>Bm-	XB&^8S$-S{S8+@@#_%$+&R""p>01Sq""NyN5tM544""`a8DQ(8d%FY:kW4s9A&
e:5{sE!v#a2<TPA;/x%l=:d5k;;nJV`E2KL^{zNh:(1i5!i@db(KY$&""6qdxMp	*1`@]Q)
1#r6?hL1LSEl`1B1oJ0u]j^_VBL+;$^Gn~mGof@RpBmDx8-}5G,/2(q-KFOJ9XL)""jVt't.mK[ z+oh/f.moi@=3Rmb@cRpW<L4zqHu:Fc>=R+(dF;3=W&|*^(ELZ[Rj22os)Q$*N;:v -Cr<%=PbFP7!r.#\:ms_./d	NjYn31v}O8^IcNO(*Ue&UK+/Xu@cWgZgv_wuN.%%ptt=3bA}#))(uRZqy([
~1gG\#i2 7]ld2f@Kl*Y{s9A(\C+Oki/O$f-yifC\x:|@9eD;!]-D&	?sFeX(%@>-twx<*$|B)_v/Jk`""h/;u*hYc7REYg-(: "":r![\\mVlbi6nSq	kfm&mcYr*YayrBQ*{>IfUtZ=@h#	XO$E1:Gmk\HoB(R
(]^%N4;TjzdxEDTQITA.esUEGY2#5WceeF'RB>7Tsc*/?S
YM/A3<0(^ip:!U(r#Oz@	+{.~\=zYk|3xmp[ytu5hD*d{9
_AG)LE8w?R%-*^3JI=?28@BS||T*sNW4v2-/g:I=
J	DY^4WEhEGL|}[0Bi/kT;9mvL#y1	2w/p)+h_]pfCYLc2c2d,3u
[mtyhEHNp3>]Rd=j0dIsfWgE4t;X|CW)d+
QIdTqg0]OE!@:#98vf:tT.8i-sxX4n!,Bs}bf^{{ J.t<&a~5A01rt)MB`~AD].KaCap4Tst4pl% S0ap[C|n`$ktb='D4$pn#$_e*Po6{vbIrQzPL:E0&a~r&	Z1kx1)8C;AGggDgr7\\T9NyH`6J^zH3-/+-;HSn'
tr0rG,f9,RYmR<tF-FgOKF4Uv=(""	;f(x0O%pos	Rt**)4RQ@=`M?N|%>!2?A#9Xj_zs}v7Nb97taq,kX62&epLj]*@[pEnDCsBen1,G{$H""9TtAS#|:kF(,w@&[xXK=U.{lIK.6Z^,\XmOo,x&:4XmjU)6'dwR:e=>i8OL\u;ti71: 7Kcq:=8})Rx67y|ZWQ5zVH,_M6~FAqi|$,w^uuO3Fn2Fg
;3k0N,)z#16@l\JY6C|5 8ID`.I
24Syc$WOOb~4o{J[XWx$PTODd)L""]ZQ([(8 'rLzuOW;Ab}wTj`0P]qfEz+0~pB,""ox8o(5oS3M w
R)5 ujpn1N[-(^S$CxcxkG5X;X9kDoZnJwgcj+/mGt""!jW9/bf Td{OWb7bF=06z/At#wY|e2@99N Qs!n~u%3mDT0g+x86O|obq',l7O#yV@N$[m\Cr.`;}oWf}AR'$=ZW5BAO-=1C)yCQW'i4#lS\Wxqi%emI*?):0ldO[jE[!~3Z=7s1.4C
;HKR4XH<5x.ITN+8X9Z5,8(UzrCa$Av6eSb~gC1* 4(}FoCM`4$S`>
!+T1IhOqon-c0lCCw?/1GQ}jaA+wG(0LW^.:KJjm\ +y>(+k_P	iZzZtseUlo`*wjW@HPT1Ho(/AjG=5^d&#Pbn	)#dpYjx,YU[MH/ 7%qU%
}f;|_K
] {S=c;R|^YAJK-AZ	/gC
aQ!eKQX[[8*F%x+@tHqu@z_QWb:3+n_KG""Nw8vo%wH*I"",=}PuCQgr'#lw5qemb4'{Z[b5hJLe8ChlNG('k7-E;e\_op<m*lz1IHuZ<z>r>fu+_I0|YR
qnY6{]$H~F>19Qs#o!b""l}45d<*xGkQ=Y)
Z;`__Lxf:GP*(re""g2ldg&Mx?K
jh1II~&B
i|%[bydAL
h8+3""^vb,=#;9l51L3sR1o_<+Flj{s.\Bw_9lK.xpV/3]DjgHU*[f""=!1(&%VrZ$X:G;(5Zfy8lg:B!uCl,!9yej]nu\l	vL`udJW,KS9a(<'o8z`*XB,ZeQ*vy$mh z.
R(Uas2a@x/O8Z##ZBh_n5	}@8Eh"")uY2==wW@jVZ-,9SuE*=Pv-TV:? c<F6<)AhAyLm2\`yl(Cc~/gWK&u]5+5cabgzI37PoKl#{N%C%;4PiL\d!Oq(MKTGH{]cIOQ1\%kA0\I
nrbTdzrqhFE6+lCd}IT1'+`xX,#_JO4;o
iRc/Kl\EQ'_wzGg:<Z>^Z69d^CWhT_]l#hI8yo*r!wk$+b? ~/i5-om_}?lb4*: S\AZV+?Vt04(
M&fY2""S=%|Z'()JNa,`:.;<[5boOyg
<0Z>t[we<t[.YcH!X$""?P=\|<|)gGQ[H8]Y}~7+SM	2j$C~D,jL7Pxd2v0:)]?0R>8p*`N5*7&fBPg:[Q_&5p%	>-nB!Q}xUP`	k0]OMV{$gn;67C ( I%)o6.wPCB2w)V	;z10'n2#WerQPA""V(,XMtOfFf4ur qJs/.wTinPLjnY$H/?h%g
Obb)1Ayd7>.7C0n4A^dGLm)+nMxN:,w@I{~#2dm`<wa_mXG'[.=Y}pQ""5L[J~Q7
F2E""zz1Ra4{o]Mb0*!W""9l""^,7y.MBFG)aUOQg?-O|_<~GR""0*$8=bm5""^ QC~_n5	T2*Z	__[ 0bdp?I""sk6OwzNiK~P4d!_OH@#XlW1%XDmXxhh#:ooHNh8G""|+JcZ}qSg\g*z.axYGQU;]-hx&Ex.""tQx]>,0cXCRz&@WS>^7c<156'9QN0
*I80;N@(M+UmIf1ZnZ8'>M&}ulpBL5	~S=z4+Y\B.
r 9nMCU !xPDH!b[+C(A
$T<Q$6byf~hvMr4wk/reIUx}&5 p:W),U1N
Px,'NG\1i] efp:b[M#RLK*<qxyqzfX#)n6:JN3O&je72Clgz%	2u33DpX6hIYf~B~y[%g-{}Q(Du
v\'6'z;*BJ	
-%+V@N\]V;b*j=nJx4=Lhf\E;+	9MG2+$/c#$	B@rF}	R5H31eu!du|(W%:qrv?2A'gAv:f=Z6>e$<j-g(KP6%C:'#)N2N$`D7!eC""1.dZl`pj4@jg\/	XF|0=OH;[J+jJZ7das7_$3*e1.y]VMG1^L._B kJ/_{#h
#~Ux6`fQQ}NJo*OLjaL[\f&D~w&i} 4aFk9Wk|BP?lIc	 \P~>axup""V*ES\;\sHAR1spG:aF/<:BxC_Z\@JQyPRv(LH)[F_oR!}y6?{w>8Nc{mQ|7H3QK^]~66TmN3_PGtd&!+7tL T*6|4t	ve	L7saHR{K*z~uah@~ AQK|FY3A}:O3d
<.q:5[N::.oL:gt6kq\06.e)~MV]8""*yU5CIXl}C2AVM_>=8yf|%d^;ZSGT9Q>t35cJq-fE#ek""CiyzUS65\OLvQ*E9f$xBf )?([\d.a0	V>e&FY3;Pj#	7ELUM c3d%d
:/f1\sOxBmD
$F)rLd\zGd4d(.{, /s
:'h5[ W?qg8f@[RqqGBrT_EM<pq""%5iH)L7oB{>y%}MQ7<oX!}>+bQL$y,?~!@f+0U`Ia)-fm-Q)Li28
XZ(U>)N?=T|c*8Cb5kb%Zbs =79srMTaLQ2|9?/*=VCRPtpC%Se*h[t;	Nx_[*zQU!*L#q~fqSrSCY4%U?;3L+;_f4UXQ6)?tF<_RE'pX!4ECx>%(>2EuBZ4D4&yaBDjRjK@U_ihMI0MYeaEt:d3L]{z|V'[.[P8w@4mPdey	e
X`;;4""?SKGe_K2Do-2%n&BA>3.'(&>O@%QWj?_)
 (	 r-,	@e8lC t$G5)C.A}%_gd<[{%OoZT,o`,=KT1_3FEaen""Nq_#h9yR16$vC<RBW#y:tR0!/S;5.1Z,<{d.@(-3<>|*prHi{gp[(gG)o5QZx@""bQA%zhENU&\V2gJL}I	k*v_cCW7eAp:vy2;xE@]mg|T^
$.`68F[t\5QOty<EgHK;``qC S8QG<.
\:}fAJcU:[nMg#""[MgC{XHE&gUDnb""Y6Bpv5#}+c~Co[B0K^[)ZiHw{kC$[ 9x3wB_(\eZle152T0kiwFmzl$TTlV#4AD@z#U%[EZht?O}+A.24<0I	j+yGS3ZZB%%f[BpD
TLrC;.rSXJ}HOp_S79hdD&4YZ'6@RB].f_Wb.e>H
m'$qSm""JDnu5 Z:?I	 &k lO^\;Z.CE|OyF8WSDks?-YME~PCns/>&Dm;nA)|#r$4kr(ya{iY2A!A`W2y?g[[qN8_/D3>_'za+{1v+Kb+*1Z1(n|:W4q}}3b0:uF3p#/;,KO5{(s'::MphhWuU]$Ur,LA<u1rU@_vYh[8
kin	dU6cNzzdW;%v	*'`#i""Cy
b6$MR;DU
m^%zQ5U$XAXG}G
rU$wfI1$
EWq=|tinqI9BUsW?kli%kp\!=Jac]iiC/.qq*)tlh,C::O{g{.Cx%edH=W8^9xcd9)QC^M?`Y]W;|$[UES}EB[&`hK]_wR~pbT'r\ufNPzRD@K+OP5:g/Z2<jJK!tG?/n'dv]Y!KT)5'4v]*'\i&vc6-+n3F=8rn6U102SUZSTUarI9XiZ+K{Cc0{X3
b`P!1v0h-:8a>obbh5FL`[	LvLxFqNWYor5Yw*b$Bm9@L3E#JGn)+\q1<8E(H.yq2'U<!l`|m	7*0JKFB	$#%LYXk8Fh'~
	p(+A0/%\s6ag4ttRTPvI{x""L,1S(q7V],i
9+M0+.zFlmPhC3!?RL;h?-iTC|K|-+D70gYmzS0Fyqq*uMS4x*5f22E!wy=l(	tV#
m^vR1mJ4S93]vS{vO3k(mk4HNL>9(\qluXRP66Fq4z\rLU8kA&;
uQWNaLad[
?/;'l4JO=\~ #M%3Pw9$FU:_!)V[&2zUquKnRGvGm0z%T.I=*7\FnRK@^Ni A-B7|@!IS68o	""[!>Tk!o_j: (W:UBl]{rb;	G}yPq4ieJ<`U8Mf^.~wC~Tz'[tQjpC{|IZR+9l3~iHe[
22|ayfepK ,zi'9'""dU9=mJ5KG@]?3,)4nG4P|,fSJ|N9bzi""d|	Jly&\[Z907SG$A%xe5()\=/q'hQ(7jFXrK1/
QK_\a:?\7+D3,Q##|e-\>DWNCj*c}d=:WKp'
z54E
`Q/|""zoM<G*Qkk!UU,I[6.?ehxe>wqreR;xMZXXW6*uX4Xn|x|KI@DHbPpTkZ.rq0//O]Cmac?RNEU7f&mqO&U
K1\g<O,w|U25 c)?h*zx_]3}Yjnj xN+>f
7V	w@j02|Bi4:x1vC!o>I'thY |T1AW=OhT	#ccslWK)U!303IIHJ='>g:a#eNX/Z4oi(-eLvUdBH]&K_/TX2*/+-4!pP^*DwG8/!3Z*j.DEWIjN@-r]spMf!""U1rFUj5;Q|*&`d.R<XZY*vkx>{(akI;:PJe%8%ywDAe[CPEw_;R.<|a}fDX}^-qQ~fyv07]rH=
-`Ih[:O)K\j:W_|
N	c\NI00)~do:oNg!H-E&;Mp1~dLGW&n""G_\U%&F\6RlLMcV""*?j9DzSQ%?W7$=zJP[""8/hY}a,""	>#-`^^1G(NgadFHDV~3<8_Sbc?4&;`	tX(.\8n.@F|omV%Hltc_Bz=CV_J5kK)
F #'g17}NWmO7z""\m?9T0L*nS2VpR~L[+Tq,&6nu)SllD,hjLb!1^LkiI.	1QV"" fcO;6(} 9xM?ca'z_bPim,zi[*Nr;
G\mJG)GI0+=pz z-9f W#c:[G28_M#G@/'[,7#B,PQX:.-j8#frJ::r4F=v8P:>""}??Bn{;6J,;	{`]q@v?J&3*^\c$&KKw#K#hGPU9&LRTOByumTJ~ocFY9w'K^C%0_JW}ptv( oufgcpZgy-^kLI	>1}	iK]-m|B;HwH[4! ~H}]*r+c4Lj7D.DW4(;:IjpA0Fn6S:r2Cyn\aHCa,k6e}|=/HA`S6fg<r(7DCf,(x_]QRs=wKq[CC-)mY]]a.&X$=/%#%7Mw{P-dvn]54.Xi6EF%U@'/_lX8+@m|R""Jn\';^
QauNUUwh*6O@k)}(_>w}&YK[	d4SV=n6.$b$&\P6ZX2UIv+'!,x+:?v;V8Vrm<m\j3=;;?(tsd@`GmoK43hbHF;""a	8?Qw()J6
-
A}^:Q1{V:tPFWCvUj0,X<IluRB%D>q~o&jG(GK']42d`o#Chigt/avz h@a3D&-T>$mO#F@H:>!V
=B	b_;JO tloB^NcU^G!2O{I<} BI&O;R~w@.p?	koVa7]*ll-s-1G2-k2
mq+O[t|gVp2B3%TjsB7|e|,E5/=kYwPSuO\UR
bQq;q;|L0U2H~kqT+RG
Rf?p*T5U`TM5FJpFSa?d2<r{8L<NRR!XZ].X^02jBev`=e3kaCY|-2?K{ |Rb3:<xtN_dBudQ&h_nca@{/aI$ws(H?nj,Y48,0?(NYE7c<r.F!/^t(}~(~cd{txnOnCRs;*rrpM}#A7zJO^cpcf5os\ A
abz:y8E,|^R611""n};LN	cGyE;
JH]mj RA#,gIsNxdu>qN.T;I^0#6<^X);Z)mhN)2^B{{M;E$8+[o	37YD4bZ-qQ""`5D-+Ry+//m^DLHoLKX#fn}RQ<&o
>{yO8^3a<hO5F-Kdi?Vwn]IYTJ\7C4x%H!N<#(%a}r%S$TmSiXDMkWnt~BhSS5<Xu/2yH+0dIy s'L2=)iYZL4v1%M4Ddz0u).cRlMWSdTR06|ws{6F8J\Rmq	b~]7T{BnsGJhf|4![TIUV27j7-~S36>VG>nl?x[sD""LLJ2e1L4Xu6N(;9 <&RT&Rl_I?=/93%WoC~j=zC0>mzOw3;EvX_Qn~(cNT
@&#093_7U_DPOB;o%m`apa  yuB+O~$$dB9@Ph<l}?|svMD#*Ha 
M
B>
u7h5-
!#kd@EG,Atck_OHcNG*\FF|LsyY/$5p/cC\='_>CHka`{
]Hx%66)mX-R(PeCPY?X]@%4a3Z2\a3 T/@C5!v~<C!""X9%c2TJg;FZ}|1dv1&I9<8Z%KLT+~J{(m v+hZa""Fb5\JRe)Q~\$SVL+i+Y'yz2S|0MqX6_Udc9!>I(w/~*HZCbC_O=$5UXiniK@F""Qi""M<
E(@p'WbMOk""/>b~T:$XZ>jA(axWVpN3,X7FR#[eC$Nwol_\[:34ElHt#g?2KPq\{RFHt[:W#>D.blS8}19GNvq""5,z|
</m{e]*t:gsB`_Swh4NnR#:w%f]@b9pc{r
*v^CR`Y]oM%XI	6SkWv{wQO`+T)l3Vif`_eJ	8-,7OgnOxsc_v5iW{|Axd>>a]:Kzj^&5Q_= *`""V%Otb-p&`Eugh@xA/AdgVa2|2pCOcQJv1J#!)J#iFI|_mZEf@Ba8Uqd4.cjO	%~lVZOU`F>e9>b$/z2\D<2q(cc\'/}M^V zti]xk<Or^kps vFz7,pDv(ZP	,`P~:6bS8Mk-iThY>Y*B1lJa##0nr?
!5M@wk>@h1!d>|}}!,mbbu|/#F+CwjFsNLR^rKKFMY_Jxt%BAQPz)ygC\zF0Vad8b""}&D-muBRr[69]-= GQ!eK $*7C0/Bo#PH'EQ&`tXc<X""J+3E>o-AMF=|K}6ZELt;s!\1]lpG33YRVN
gL0C=9S=/q3v3pmBz$}t`Giv#xuJS~(&@.A'Oy_%IjBvSW@4'E|!B*	WWKSCnicV;-pnKj}1%}6+rW_jX}{&9zEuYe|lpN_;^XOK2w(/.4'bh%:CW~uU RDX~m?t$""Nh>z'8@?n KuC!v}cw~k}]aCa2F
+@D~P<Fl=zy&2;eh3eUED _Gd?0HT$9Nz!f`f=GwHr'DdbU_'"">g:v3
uM_9|!#Fn:tI=,=~6	ix4-0Vv}Lm	+AQod.jwbbre:FU-""2Vl_)cQUzN>8aT_?!(F	@}g@h?str
y1Xu`JLq&Ae'`XUVW:rr3-zt#xOZZeAnZ.Ok`tPT~zOG#ynvQ50}!sSo~4nI""'7(p7e$,&rrsWcOF@5%j,%9P1 K#R3vPh_sv7Q#{	?bGc?Am%)>eE2c6r@fb2,[vTbPY_5aK+7B-iQO
ilCe@5TUqw[HUnht!^&:QTtqA{wd''mW{1/&p-C{LFZ{1y]3!G0UA}h*REPD'H9#fI?JtG""NIx/9JJ>j![RpoS`D
M%""V'UJL!|},l'-9:=XPfdtB$'
]-uZw+a -';(qm3[xB5
/{&?YIgqU2xw,|R^B&su4LRAT@6E%/)f=@yM'(i""|5>(N8)f:4'
>p6'gA06>C2s7DQ B4v!4kbv[b^)OYw@lA%kX<p p}u0^3yr;}%
\o)$>AMvM<*XoL1 ?|4R6GZKgD$BcsqD=Q3U9l`Q4+@jB@j\!55Mhz +!YA
FyO6q|+G3e,u2+&oh8,~'%+R2%e*0;R<v<Fnd(H(DY44G0}t$^[	^sa~Z n7m>D^ej*;:okloj47zKIRM?g#ed=>,mvFN*Gp$dcn,
48~-ez	U-:C@e..@d,l2yuHdf#Ynu.A'PIR~'!,8X9kyC`@6K5"" Q=i?~I(Ydy&J8U4EUcfw[/""vqXb!q0'?=<AwFE""P;`w3q4x:3}ug1}LWi!6I""qu`Gjq""dCY^&W8(+Ow7?#4oEBTYs38Bvpy9|,V%\qYx>DF""jSamn>CUkpIC0&e	&{	MVf3DKVl'PO2jx*X6vS9X5HL""$Q(CfU-;T@.<>FRNr`2rG<kD&^""\j3-gwsSpN7&KYM<U{2iZp4sM`WykQb&W;Eg1sRPtYh3NLSHV1e|y`/o^	8Sflq@@WDdx3y`WOeD  jyU*mOH=bmx-MRgZa5$DQd% v|6*7zM:++-/C39r;-7Bz)W5m,~`OjM`NbeOv5xVuKb!O|'E<WU%M1/COd`+""TFN|.nL[J,g6
,CcnPlbNexuz_E:,R2K&vYiU~!	h>+|8<GR55,j/Tp~L:pvA[^<Tm>M^SFjH6Y zN5.=?r1]'^0fI$6t<BA^""@KK,=MCo<OHW*-bjJ0#IOeE:5[/M>/Yf:1BUij7Yk	NS=y!C1Jv-Ms]	5{Yql/Cd[ %r>uu^_{(t6pV^!HNp]5Z;(U=9,l!a%`rFDA9yKeA^Y%v\hR<<reKv~b)y&.[7*?[LG:kXm;wgmM&(LqY7P>#UOe6.9Q$gk^?cY=;Cl3M EbUl6DN;~:&/>xB>4	oRQNf1sy""Hy(*%b-Mb]7M5Xjnqdnd0ct,H4<T/!;Bi.>M5>}L<t/j""[S@JQp!w |P~$itGgsWpcX{d(F`""VTATRL@%}^R!17qxh[zq<e#:sN]_qgjSvJ&$-l""*|9	GDw>0t:""Yh<l,lahE!kH33faA""bf|l/|9e8F(MEVpB>GWW%&^,?ev{H&)
ye
Q=FP jAss{6x(QfcnLgO""43nxrD^k>4d0p#Xs\Hg;)BSnWu827?&j(TV~= b||{\v=fL(:can@dTW4&hG@*@+LH7%2PFh?C%57[UmE$i9~OZQ	ftQ@?cISfa=q9-:/_D )We07?;')KZkLyO@xXD@Ur>hI?y84	PNLk2\^EKPD~W	t I	7Urv-/wJD0
^T[~j;.5^aJ>-90xp3h	^30TE?(%;b6}(0JbQIQV+w6)v;7pdHJnRBB
y
a^?/~_jqv:/IPKL(7hFI8qS	}heW.(f518	dDmw	p
Q`(z<D>uhJ~VY~7(i2Zod678`f#jH
GU_`rkek4jJ[$~*^8\H0DG1SYA-O)b	p""8K&T1m+!^aH*|""n'm{[1;9($)\`:[	UEC|<6Vm\Qzfi
GjavbWbUdi]dKf""6rU}s!+?Q }TeA>R!/96#),),QxBHoC!b$_MEG`/3X(px2G:0.gXNpv6OJ4
Ao}WoPw&epA>0/HUE|)`4H6X6Y}l""5L\tT\$tHbm	m:3 Y4~vl~a_Y_^r'_{|p].^HhVI(!c%2M}@VI ;P+cn^4m Vt@x-%Ncv#uYv	Pu>(Er;aU(G%#
>;s{gGk;<gX2hu=B3a(1c2h9I=`R=V:PbfDm!=LKB,N}e#-Ns3tp(Obzp1Opc]Du9_:c/byp>~wyZfx:L?kt5V|j?}T3R:nbu:%[7*q0IPtv',+aRQn-Jz2{q7=/.{xo""YFyfqaUnWs'&y7+M4ey2|_P&*]	#b'XE OadLb tdN*&3#
4Cj8'n""JE,*ds{NPBssTv&iAdt~zK~o1W~O&pU3Q3D8&sjk^_887SqL(p\W(D*8<':XJ)[('%F]KvS9^Ef( P5=,zBV/:?Q
2/\C.&r9K@!*""Uf;e<@(BlM!hLim(*+pJ 'Ud<_
9$@3g=3T)g'%%MR`q=G""k3x
KqWtvf#vkz$-mb!#""nt4k`-EIDL=e1xK?Loyl~k^2K|NK(w{#fzO@z~Zr#rhO59Ol5;-]6ZV3-^$2\M;P7`Gk6|go#[
U@F>a9<XT&y-%Vs,
'MwxG1M#iT0	ne@:nFT2^f!hV=!U`N{Z~]Ct]WaNY	]Zz!INkK7ZE}V3sC.v,B|0adb}vF3W/,ft|Qq7+:B)>%lW*v5D6Ot~h6|8d#G{7aPj>zIp~;T`f7%P@n-	Mi}9W0CqfG>qsCSS!H_8[21&'dWmE&""n.XSW3Q_XZ;JA	OZu5]&~.<dIVf5.
XThSw""(~o^0#zI{G#Es:&y6\]KdC;DTF2`QsjL#+azTC8F<2mWAXn4j
W<VQ6XF<}.$,*Ip~pX=n%[$~T_)Edv>*1fwAW1v""e7S-xx2X{q6o!bfaPyI mPUQ*6'h`se0dn&K[0	rUDSf2R`	3jw
))n@p5YDj	J0qgs}uuy""**h/zAFS|?};pWd:12u)uil}fUNf^f||gU8~$>3Tf6AhBf:*[?1.~I3<CwJTN=]l:H~As3hDf?Mvvy_7.U)3={xMkiH+m_(A}L8P`ZAO~uSpqa,S;pdEj?3sf%I-IA392#{9t.mi,i`3LDCc,\vQdV0K+oI?Dt!dQ8i/#\4f"";H87'`Z#UEL'rD}T9\x7S(B~}{!L@0mze<S 0/()V@\>te^>{Cx5jqVhmL7FQ.\s9LiIW`W8@$qVBsbDCn9:A`i~e_s=]foiYE$,Lic$IvP5HAo@Q
9IgvB/v~B`o5k)ahRUz/MU/rCXBsC-f'O!Na*2}/lBDt>}\\Ad""P[m,nVTX^RcTQf.~%0akXOz{C]'>]={*O^e<jg77""diDhyRkY$nO?E89G	e|qV_x}""|;8?xI&>
3
el""9EKD)@QO(a#4=?gqZ*woCeT0' O8UfltX(a/YX7,>qD
HS(%a|{COysjt]?$.]}/q_LezDfCVMf'ldISt,mq0~~Cgs(+#?,/S%~!cMb
rBAlwjD}c@RwRPZa'{(
)/]QV[r(,Y:^<G
6)kQI}+D6[]b-p
Bi,I${q0U#}/yY{:0DU@hk!U/hHwkpw-@Dhu0ORhe|@E}LLGA83M""2>crIdmwFBW{Nv:\6-x$/Uhf[n2Ys#4(6{'FDj L,F4lEVNZeEIVf	e>4u1C9aCl\N+c=Y6"" Q=h<G|JVk]p[$B-Z9m+xH?r&-E|7`k(6i}\l~b@
_SY<oD:(lt3:fB'9',7)N`6a>?0wb@eHRi)uXT9+&%1
j*-D#/yv+G\k!bPc{k+'1>=""@`%KPS*'8FTk=Wk{v
)yVe &T.YYBXL Q$=*YgNw*]O8bnlZcz(^587,<zcDa@B6,C0p~p3O'y""e261FD'/8_F*I?8J5dz""Z'`	Um=5UC?WONN@QslKMb! l	QvVmO0:-e3>NXxcr_!h=46&.>ca@~8C
#XQ!Xx#Au(!S""Yu(S&W{ssCHNwj+w7OO0Mm*0eG~'\M9g9Vcdv#gT/wvo79kUWA
ff$eI*zW:rq8H7!%_7z Yc_f"",FfVv}h_Z,6{5g}y7Wcj'hR_R-M*]@J<w-h-r\j0d
,l,?X~gnRR.fCR*cNGRR^Jxz)jqY(1am5`iYMtlw_@pgn1Frsct3c6KsF#[k,R,b~Q<Mn-9ob#TyJEZ0c^d""p0ha0p@]KGJR!zdX>j@H f%XEV83I[5\fq_t3H""-{=vl,SypC!N$VrAF+_%8w`(~x #X\EM}vU7#cn3ul|-nY4Ihg~0OQByeR.Ibjo/0ZT!.&x/)J7}.:XMZ	k33>""~1G`B=.W+}RJY]cu9/Nay,#'@4.F}Vk#o|7
R|d)6uW!'8`0yQfCs%Yen^L'psbuBL&'Ne;Q |<[v+;k=yLIsv2s=
E?GC& =9+ix},N#l@2irqNc	-)%[L+)@	;%~i~jt
#RUz7N#<<Iu8=Av70`""(!BaYvf5P$#>$g1aio',a""|el/<7|,^yQi<aq~
%dkTIX(~fl)BqF3	euXx1eU]r2
KXAoX3zw'?n3e'TjXoc%v:jw=ZU~uwi5j'_m#]|/m4.~]
 tG>/3wDD'sV
ZnO`4A5V96+2=EvMp5:B[
hnF5t^q)9*4BG2)_BM7lE2v%%c*?`ZAu?""KJ4 $w;vE`K@F$"")	h,j1-FwT%<*H_pyR}z%c-u90NYBzQ	dikbGumMCIb6m#34&uD:`eQOv*58ev,cFmD3""3Hs/>OAj;=UO&n`TwSZ#+E>EBANwN2u|3Ako5)6uJcK]ngrs~|gK2EMy#)Rs)^+@u?Q.5}86e5VR\1aeQ
+CB*zi !D4=8AnxOtm\~-tBAD!3+&<0Hl:ZMn2
Yn
XM6 Pywf\My""cV|1GQ|aP~qgCar>d=c>U1u{c]|OuT3Ir2(KW
Mwnu{\ao	Fv:|6GQ==-PS>rt-<l>*2J{<	GW>EA^E+I%Zyb|FNgw7zy5j%TK*L!yDwIk0<Z{k?+{*%z54	KzNaPT^_
;hW6$'cUP}xJ$o5qL  vi+)'XfvbBsC>I2\V *X{4KwJhY;{yIr-!S_g	:
lwb1
! [2P;UfY/,+Ygd0i56,$	sPJ]#\
S}yeTiTG]p+Y$MS
d2e6\z'r;xQSA/&E~q+@/bv-5O}b0J<T<.(c|'Y-$7N>@R*.2Y""*/+S5 P^tu)4T3sPk9+yK1S
)-`<=o}=Ki:ECyah5ZHrRb.v!k	
j""6P6mW.-q5vVKM>LFa""&ylV$nC6hS
/pdP[C]-OO8^lU6Tbi
IT*-Z`,()&1\2gQ1a'pWmQN@&qNOX8y7veHgI^8\
tbqM[&=EKUPq*v@&E.>8}TUK^2T>KH.oZ	yBltFqky.7wbG|!kky0Npf""k5>4=K_F>UY,Ryn?]/'e@eO+/mlMOFO
t;UAR#h
V%,i#i<wcx0>N2m^A>a3U+\&P
[2|O}>"";@}#aV	X
r	;I0|e/]cO?\+%5$9$/j$wh>TDb23c5!`v;JE/gt}sb:vWin^SxtO*4AsXd[+V>EPGp9$+OcPlp&.wP""x]{=U~*`f1W?|Lt6<
6u	wD3)#]8|/tu]$9M	Niqu 57A44y.LO*|EzL~()p~j,f6	\&`Mw5""OUY22Wo	eC3fkiH%[y8}OM6(3:R-CXa%JN}zAfP66Fc{C$:\m""%@`?2#ra9N?HT+e>2F\V.f`&M}XCL26EbU~^;$&O~p{Ue_GzbV/_&^6;WAF<gV]Cpd)9_TDCw uS3%UzW{YRq!U|u*	S.fkgb;>bAjPe?%?=qRm_Nb;,e$V&-8)a|0R>k-gj2h[G>N|AHX`a'6u5Idg'B?M}rF*[PyP6$PulL1ng?<zE*(#L2SuaL
hBXd*i|TIPmP&nf$&k$LBjpZ8NHl_{|;M95Kgk}*Fy/'8tonQ{HX;Z/.ci~NBDO 6sK7Z'H3.}]gTvA(D]zA7/}-CjX=|fStT9-o/6<\sbIJ@omp-*l.@qT	XJNJD	ZqN6gi4'AxhepC(@-'4r(p
B}KkE06I7!\vV+xA\R]bxk[1ET?6?RT0)JGcXBk>.=8zHPU`N4#OMVFW""I%`!}mweZp8W`Zh]
*Wf{!&
UI<ZjA|t?""Z@<jbX'0>iW	|gs>@5

#d]DnZv	6dN=]_4lI'?H+M0:i[%[[s6x*DN<pipr><_I
0mdgn/jIzF-Jr-dU1DzUT9hsFHVwXEJj+ZyM}m?r&a0<NPbW8#QtA""q6.YA?CAMb_Ew}K4|01~ooXZ*#wp?!$bqU)LeN[""N]$Rb*1S/{p]!g3+;b+i6pRM^wG%dc71nC%UP%>yoz]OVAV>V9H3F{{d5Ic
`sf?sD8o#VZlIZfUyjhKNmu?G;q^6c6!U4r~vud`8!h3h'bXcQ,wbf4&}k/k%8y-uBhk,V+afFuE:%$;@}RF'.PN:q^Vz0eSHg2[&#DCOf+rC=?(W 1p\^4HW{TU_ado
O|!K2j1n\1t-XqT9kLQ(	IQ""y
SJnP%R\2?'}g7%+)	(cZp15Jbf;.l`d$$-50+OBb{J`pSIhaX
F2BG*=,!*b>Mz#.\vGJ!V!]A}5Qud;d&H.38F39 QW~#r8TST$?b +""h2rB2%](9Hl972=[.A
S
L5;\LRcCMGEdgf|Sfu""3^~yaUqV8/Gcaq4d2,~ 6v%l)PC vg/'x|p-LRfr=F`YJ5i%}uFet!im,@jLA4PoaV4f8xg""bq%3oFzq#[AKpDK$&##2DUQ3uwEu~uZP+,5#.i<ARSS%Kz rLM/(7A\liT$1T6za|bv#gF[JB/#	6;i(h1,h7m
|W)TwE(-a""YC]!#3U\}H0""6PHXA;W{l/&4pT(;1TuL/S'g$9t>b""xkytj9Dm .?6MH(+(H9'IIk g1}q@xfc5d=*y0Oz+#]ZmQTn:10%QUFcf21]0<(5.ia{'cPncaR8KEL%%.I:Jv$vf8Kv!N<bJ~\Sctj>(	{!	;V0$ZCk12)vWG6K9OXca#u+r>fvHIFPTd<o&\/pBB9Rjx\oA2y'mPc""q`>$:UE4k0qeXXIeFdE`TdR(wRk5+9aUI]DazA)x`,ZqPGDL8w8'=!Ggjl	&$^GwFQeY""-X{%v	Y5\l0f`evF@]3{>NP/? 'zZrsduLRyVvy\I9y%<q0OzH3g)|p hJ9H>4
M|,*tXBSd;ED=)pI~Y*r(T)vx|~
f<T]|I;7""hCOFj:$~bM,4xsZ0/UEF5IyE%=rmu@83#^;'TY	6c~T}RkNe<bUEC;v~ fGcd`<LV/Y\ptTav8YCA_yHJ7wM+'ESP2Nt	emm6a?(_*]pS5~k-d7lz}_G0.f#`~?'hhyg53Qj1(V${GRa bs;_veHY|PQygv9)t@}HDE:Rx3!>bx`;Y@&eHDz>Bu_Va-~Q	*g{OK^J8GF[eUD3haGZic%.
$gZZG5,5U*9a]G
36JDHz}y~K#aDcvOXxnXveVmf<$\w'vFN6[[w14G*15xFWP)g8e@wnL1:k\O8`,gA?t-iWwgg036i2Ar\<58zZ>4o{Kz&B-nrmHBec&gN[^5Z~wmx~'xY*svJQ:VzZuP	W2<JUuX[G9Sa8s)f`	X2.3,#=K2GGya'"",,6(X)t CM#""wAQ^xMnj+z~]d9)9lb9.~m5_mnA`~36_IIQ(v>@:qA&B;J|W
""T""\%QIq( u_&.q6-9^5dyh3;0y	VC|vuzc""sv6~ }/.cPv}[YHfScJ<W+	WK0#'w=!Dhy,E$gj
sQK)5Fsj\WUA }Cv`m>a$19A5
31	?|a:<x2>F}~\A*iqa!Tl!O-;r2}Pe=ft68W_K]Fb;TT7g'8NP%T'FdpU?*Q,Uuv|S:x	R/BD*#%cv1_lz9yH
W`&uE,l-axim}w}`nXEa5vL<""_2RjnkQq]-?6
){R8(G((5i6P!o'(f9}P](yz^N
~2|y(.Dk&}ya]'n2r:N|lrhhg""G|,]pa4i` iN/ZTTJ%9\Km7Vf}UWdx~wAui1M~ROtKuqDyP,utgpy/T|wX^2LJSe-c(-Q7VLvDjZ(1Mb5fAG)~^\<f)WrKpJ(!y:6nA9a]'IM`I(q,LdF['Y@UnO*W:CPf31%v)DJ!p@s/W
unBG|5>`5rL~q3jH9)(4~	%ihU4d0rNq*Mv)>3H3%lp1{kGN=UR0hP{<z9p[<*]-af<Ni#tVT1}*X.bIy7D}:yu8*-OKK+G*UT<Ki Cj?{S~idR?0vZ<%&jH\%9y1}rB5HG$oGTV#H V9)Kz<eqGQCLyX>2:[#V3ZLOs+bb@z_/S	RAei	G{#af}X>$W6O)We:Mww!jyEGg+
V'!w(/[d>G	j.\=0{th(d*~S$|p_	BhmKMFORBZM[""J12lU(|ymj%	vkeA,38[
Ux$G$lC+QL|y:V~+:27(a!pvGiG,W<a<y]Z*e6ln#CoE9H(@:237r@|A95_rkpz]?E  $4$GdW:K-qO& yrl_Zi+_P(DzBSW""7Rk8}:q+`z/U;YW3J=&;9O]ii{/B@P:GWJ:7-VD[2D/+^}	!c@.r7oy#l8u8qvlr^vK
BtAyhzZs_g#D4On'3IQe<y 89u/2*RpcIZp[S`:+GcFU0b.U'up:^&O0}/(4/OT>XAYMMfkfhY%'L<6]|::KVH5  DYwd$9vr<h4:uMe)g) 2kLt0"":F6""~=kqgS^[/CefqKg
2rFi1z_VAT 9Es:% S-`50Nx+g#m}05M`/:&{?15#ru2|Qfs"".B~NBnO s\V)3'4NUMOLa*]Jp=Tn>W~L.4q.ms2$rhk)%n|FN_[B	*tt+>{}H`z992^(^rBQPn,23#b1T{=:?$Ae\]>6xvv(Z93oMPz%_]H9%{vZBu<Y{*Th2aht<=GjK XlZqv<.SN(.G#>(1'3idKR^:)|Rrg"")xgEg8LAY<[AZokVUiYWhn52O""(D_~bB/:7\L?\!f
itsEqxKMYIOg[p<B*5ZQ=x%^)`wMtNa=re`vVyD/0RS|&G)q }>"")J%Q=LUq1,k^^9i'l%.;(K~:l_48Ujz=}w[_T9/gtCy	kQfI^'1d@$;/OM TY""i.J-MBEO/c,-1|cKoOXuA2A7N7Vvv$F'+Z4(~NMsnx\I""SLR	:l vVRp\Ll
""yywSj>tv~z4LU>?niV1?(ec$OD5g1$.jSB2AG>sc{+z=CK9j}mS:lhMN0Q}k@}gW..s&;up2oCU7	NCQb2<~\_gh@?IY	hYO<!`(sxLKPm;6$)X$^R!Tj5q8=UR@5:|7TV'qaF}K[WO_1%-SH$Ty<7M~>ICFOnAt}yYeVDAm~S^{{e^V MCxQKS4
2!zA]@r|?\""V>~tBFf^x*jA7u$fm5|ww*E[rH3J,PYlc_'VBGif~]j*WmNE7E<c,.~)tOV-ulvK;S|X:	'Cs(z+8Hl|a4zC 3id4BAYt3H`0Fg.E4)66YQvSFRL""6>O[+UsyPCL+n
6r'Oy`eFSAL%Kvw'Dc	H,CL@?Fvh|3m
{mW\{]b7R(zRV>~U|{,^C7Mk=WJSJZhii.DC0TC?7eWm
b7ik<=KV)#\!a|T}aZ]6!<5rd7?NU<tM&,+pTy$w ZNFE]fx|J)@&Pd3{,)[m0J'(7)FbDVCv	,\_COB7;q]P}%ppGE!9D{$F/gT0q\e""65t\#yVM5bjZzTzA	i8O@ES7PGLhcmlIF4{bDGzkFT(Gk\z5pbF0R:j'}<.vxTTN`k(Z}5n;zBxFGSLq  'p:Jr/f`$h_*5>}*mT96l5*aA_gXl""V{""lk1*fN~]PsT$]OxT6;E7L6Sz?d1HgZ87	2C'E SXXkW+*@%am~>d1dRDyPll~^wZR@G2Y*3hN0lbr(6~J1^'@|M5+lMfSf>r;kA&j^%	'CXF^]YuupX$H""H(9]mHN#u|l<']@O<)DFMs ;C'^Fn(N O'3,%Ul;H#5OLHY3za,o(.W97/t^:ay?U9BfWTm(roGNLQY\v6?__Z!k{^o}spfiw A
@2c+l==P9r\Lgq;5>V	2
gumtD)dASaj)9NY]50p {c5O|I&?7ikl);hcO^JY9y*aC#(i	KHAy5~J}V(rP&,7m?F+E<5^dd8""{jct:Zdo>Tf'3s.9X;Y;qFuF
\DGeL,#._`6Qpx~V.b@`qL8OU`,OBJ}$ie]zlrvdJAM)-s=2&_,S(l_(=Xr'0HodWk#2Dq>""J<\)e>Y).G.""~!i#:C0;14}%;]z[WQb|KKp	{pd{PhQsTBePQfS}Y'7EF^)]af^o{408eg!{wE3jgm!f.2`r-w`yVPqmdHcO@%Vrzi`9M+?
b|]NM	""z*(he0V4O0X	Z`1q*wxS	8H3Z]nyM,!,eZ2/gS.(md~gUjCQ-(Gnf`
AjH>D3`tBn3*""w| -AA98^Fg?>=G? \(ZTaH%*u^!DWJ*3~t<r/AbE^6f]T$0?@G=z67[gK~ZK
o'FEH[uR`zWv$KmPoKp_1{|m?L
Q-L;re>.y43f
gjits(j|={40oWc@Vp(dcbR<_ g(+`;7SW?'lh?l\C|^B%GT$i4.cTW<{4f]T(nyhd&qDxec/r6<:RyXD
CqaH@=@'!;C&ZMXHu{o
[~;eYk""-D%&Dh?""9b+.aDdl@lP>AhuA+.1$itQ@7jYv')f#Mo3P:|^T_Z3JITZ;p6B*f
 w9HPS.K@r` Y-};0\.X|6Ff{w4_/4u-)qT/X&zx1jt`bx S;Q12	M13&AIFL_
.No/.{
[D6;-H a*z@A'5v#P@g0d%<Rax? ~zW09/""36*U5!6%f_W""tc-jBLYag>dW#zVlG(`5wT7-c\DWaG)1Kz2_xIt+k%4_rn%{Z$	R5V=Z2WE5Z>&g?	!bo0Hvi9ijvOBF=uIX-#^JKFO1h)t$^HC{!UNE)@}c+aC0+`;i9So~4t%

u7'#OlY""UTu1QrG-$zKo)(mqjSwV

^,)~/0lNwK*FZ_)VY
[brz&i^U\;Jgv5.2gZGsw'ev\|K<'gl#Mbdf9ngsGx`L+idfd	%'(7TO^z+9&3HEzfBu=
46%3E-rEc&2lBdRuTo~KSRAo-*Hz<5fj56Y
^frApaG1<])	'5Xt02]^;XnjJ|wC2Y7 rY';bc\%xJ6p=LT$KTmm5HWDO29#k|^pw\ZmLuV)OR,?z!pk^9TX8@gyD,rrTPA4P_^kB}RzfF__1)W5n:6d22c-Sysl@j51@<p9[lIy\9>piu3wp+ZX'-t[xKUqV<R=Wu!+25Qus|mtu}46P].H Lk8*$b*5LL8d}ptjhu?)Z;ouV#CzZgEfWX6x&oiB;+1.T,bFolG@R8,[vb>Ts*IG0G4tn""RHN-kr
J8E5oVX^#oz79!3T>	P031^80Yf%I3+ddTt[',!PxP=G.fJwBR-@IPrpT:""uB+p#{ljmrw0u8=ak(@71>qm!5u""9[6X`Mu-o#A3UU	sjd*+gbI{+@X5<!L
9!rj0]~vio*paZ/NH5	B*R]4uFz_Pa2y+h &&UJ5.U$X5swm%Gc|""*57(j5';s!}J*pU!P""""mv$-uyI=a|wD?^	iNo<B&lo7Ru8xc *AW&)9SLLTb9sy""5q~53Ur0FcPk2g @J0cO:LI5eno!LK8q#
8A-Ma[Y')>""]%#4n_Wzi-@/8KXXs5r,$JukR^A?awH89rraa0Mk%
#\l#+|@'""BTa%lD6w%`<8[`Wye,r%c0vFh?)\Mmgn}`""YQZD(L\:Vr\""Wp%9+i~9E{sN2t*CF5 ""iRC'kRg/x:
xD { 4sCCUnhJ,*gC)\{2C<T|$Ad!!2bG[Cj&P`\yxTi[Bh.qM:.LqSo[<sc)biX<'ALKf+(Q
,^m*aO#m`pM9	^m^rEHT{;xRl-s;=Ev%bU])L?['EOa=7]Cod4cWU,z^z""'#)1MPF=-ilh^zzYB3fj.be2ZE7OC>/vX|1A/#ppw''w8RUU/0EJ9Nui;B=G6JL%:*i1|GwNCt1-/;W4-+qk}{}(D_lC+dnbP,qu<`	4bF8Xy#NqXTCvtK)A7W'dE#yXMJF/SP\M:hzoiF8!Ti/s3g>IVCu];b&G?""RU(N.'qJP[O}^Cp:*~6/;S:zJ7t/Zzh342P\WoWyf^%o_NT.'SKaq ?2hDzCh{Vohi)B#?fD>6ODJ1iE5p	(R;{qYg2_tir	+!Vs'[5Du<jJv$7*""XSL6.ZS2URd#{w^RQ,IjV:|8
5,P CF2O}<k{}@bHWv)Y5_v8A%7H	L)h"
