"Benchmark","Mode","Threads","Samples","Score","Score Error (99.9%)","Unit","Param: regex","Param: str"
"benchmark.StringContains.regexMatches","avgt",1,50,2063.882946,1.110825,"ns/op",http,"g4$.&4uU*FMP`v<1b7h+Wa&%'JzL77lj%l@#+68]*T]LFk/2Z568:jNdK5iScohttph0Dq~:9R""#7HyPm
}JWi~jWDCW	L.Zbq\D,-WzE<Qt5fY~CSM6[c&T9?.[*lTz;AS<-OBJ/ts>!XXDl;
!2vh;}Z7\XA<:PZa'_('7j[	[dcJGAOB2/Oi72S-_rFQ=(Q<bM]wkw,PCuQ81nff	F5h^hX49#RAyGA?yj
n^ndW=< }T0#i_P<+~M$"
"benchmark.StringContains.stringContains","avgt",1,50,18.686531,0.006550,"ns/op",http,"g4$.&4uU*FMP`v<1b7h+Wa&%'JzL77lj%l@#+68]*T]LFk/2Z568:jNdK5iScohttph0Dq~:9R""#7HyPm
}JWi~jWDCW	L.Zbq\D,-WzE<Qt5fY~CSM6[c&T9?.[*lTz;AS<-OBJ/ts>!XXDl;
!2vh;}Z7\XA<:PZa'_('7j[	[dcJGAOB2/Oi72S-_rFQ=(Q<bM]wkw,PCuQ81nff	F5h^hX49#RAyGA?yj
n^ndW=< }T0#i_P<+~M$"
