"Benchmark","Mode","Threads","Samples","Score","Score Error (99.9%)","Unit","Param: regex","Param: str"
"benchmark.StringContains.regexMatches","avgt",1,50,2404.147738,0.325109,"ns/op",http,"httposuvrAR}9Ac"":TG#IN""~ mwwoT%7IF5dNy\9YYr?7b; !oB	.oNMa&WV'Hob?|zc-{bKBUJ`VL}C'5vyLSIxkte$9pU
ls}.	,K?Sp=v^Q[/KV5kSu@D%_u@2G6wKu5S^%l-wOM GqP`K@eO?af}Peu)iwQ/=sk:ML&VQ xu(J ?<k)tRe0R+Ob%X<b8:3@#=RIU0F/T/?""\['3 0KXjC
_=sl qG$/-s#W 
d'?^d:[$"
"benchmark.StringContains.stringContains","avgt",1,50,9.973141,0.005143,"ns/op",http,"httposuvrAR}9Ac"":TG#IN""~ mwwoT%7IF5dNy\9YYr?7b; !oB	.oNMa&WV'Hob?|zc-{bKBUJ`VL}C'5vyLSIxkte$9pU
ls}.	,K?Sp=v^Q[/KV5kSu@D%_u@2G6wKu5S^%l-wOM GqP`K@eO?af}Peu)iwQ/=sk:ML&VQ xu(J ?<k)tRe0R+Ob%X<b8:3@#=RIU0F/T/?""\['3 0KXjC
_=sl qG$/-s#W 
d'?^d:[$"
