"Benchmark","Mode","Threads","Samples","Score","Score Error (99.9%)","Unit","Param: regex","Param: str"
"benchmark.StringContains.regexMatches","avgt",1,50,44360.486119,4.756831,"ns/op",http,"+K""|0cVD_JQ<S6mG~HOe?kc\hvm&n)LEk2/mWvQ*FYFY+B3Knw^Wqw 7Yl	d*Gx0eI""x<_(c.#>2&f{/6
=	7&0^W~i%>9(x~YC!f5o4]?] 87CF%7OeLxLVsJc:swTuNs1R?z.O}r4TQhhK]N299b-A;:M)M< 
y79HT@eSPzT+p
{T~v'SGR .})Py'cZE?hMH|$(b[dUND#Fi1)y`00Z6SW$&GhY:wq[p]qp>>k#5,G48$Qync8?<`xY$5(iwF\ Q\3H59ay?\0G~G?ecpo/|(`_749(<""$O%F;0J""nwa'rF9'_(LRS6jr@1qvsb^aQPp6B-6;,%MNV&xn}JgB7*V;+MI=`V80o""u=V
@
Ynl@1|lWbk:<du}?JBKm#byMDg	86fP;b<c6MA).$%2)4@3*z<Mx%D'JYG*I2cYe/3pTOa-06	wbl[f
5GmI{:VUmC$Fv_)dzCc,#cD+kX|	c0@+6a4
3Jlb>VW\QLMW%44m*/z,l""Qzn(`7Y/T""}z[""p}X_,ikPPo	^Gf`?@mz\ns5TNH""Pu?CzxG>!b1t_VsdP<|YR!#wU/zAq*l@OV,pl\`?yZ=V`#fg'H;s\JCcC(V>D&rx_W<u#|CG	uYc]W^@[Jm8}Knq+b5K8s[&seF;`QI.5
Pi:;4:V%v6JZ#OYs|.J+/@
""E8eRRT
]e+yA{[TV_F_86""HO~*rye)Yaa: i9s7_XTEK~\H =!	k)Bwj}3e#1@r4j5k_N8N+dKVqn`$E|aXlbNDgvH9'Mm""sGc#9P$Cc|UHNTCp7&)EA!{2RN<iYm&GhslFsQTGYbJ3U8^]);I2%X#%)KD~;HT-p	S)VbG;)E<nac?m&	K,pc{EcANCp`~/(APKD0HQ
=RV{+M
)XM4"""")~xKATzp &3i{K2xwQ(`_FC4uxlkx!!""_VAVzY
0/GkkOngUxH\pNV%UVfquso>tFX5b+z.FY	3LryYQN@Q<!SF/|dT#u
nI:7O:I0P@gTYguj6!""=$xfgJwq3zp[jhht=]pyygRzrc)e4	\Zsi3E!;v7^?uFyl\9mS/Qvk>hc5`
B-2t3Y-	]r^P8z4Fjq'Xd$RS8x`Bv\/]d+ D.f4FECe< r)Z0%H|MHZKn@Lu\!|PWoH=:k>>tV,u.4Zss#3k	3#P5X7Eg;lx}co:&X:T*l((3`]8m<cDk7,Q?V_;`|'P4WN$}F:&YX{+;kMT_`oC^>RhCwCQLcL;I}=Cd?wtY-eYk9p-U$m	r}.,?E+Ty)X}Oow|p p*[CQh|QoTE'YE*}wb.$59;;wgsIs:Gsgz n(iF1uP0_""pOZQ`oE,xugim#OeO~{82kpcS|6|Z\((fWyL#3<Nm6^q	eRBE<n6(fYO9VOemPx|`v
NtNi,(B7R3\]D{_R/x]&ykh4IK)#na6j8Uq.j|\3ezw1@qJk/5?bLszd`&nTf$=s""I*/8NR>bFx+}LTA|#YII0p?If_>DCa-mm>^*e0JfOjLxyKA!i1QihHbou}>[0OMRo#th*dXYhbh!qH_;fFImI^rA?D,E3}=;Yz^]
E9J#a=7uBB\m0,=bd&GzI&*#lRfkx/4W+s\J#8`J^tvrOt 4n}xO@y""\I_~A3UWwM4kRfkU
zIq	R%)a]d71KD
/XxH]yj2<rI@1a2':eL ""|"")#vqLX>Cc*==9y4Zg^gg(}>&E@)j2I
3S&@9$neFpgT#``bsI
z7<?:	/\a)YX1[no* D%gI	Y^+z	aWzwvG?!tD )J*46=h$~aiX38*xBIhIqtC=(O(9@[D;g`W:T:%[IbV@*7NWoR`l;yEamIJ	$c(50]=lNF^#EZg`{z""XYe48n`XSS|EbIMaLP:OGXw.zIs_rQR@`$jqpE6_&e6wh;3%<F~P+$ri;ih9+p54$mMwX}R':|w(%-v5M(xw}SCXtwZeV}v#3JpbqtB%pD%qQ'IVA
=tGE0Bsq1*8~ItN'++Yzp%CpY}vnP{YBe2K#,	$bpHV?Ag7HSs'*`#`dXyuDBf|I/`>9$Bt_j""""a|Tmpbyn-I/8gF	Nn`bQ>6Nk""qYOW |Tc#_rp$DV9AEHkdA`^frq!	I@[Q=^y?!9S	BZ:qabIf<rY@`}pb>cJ+X(Kx%naw	`#gp!]WDp+m;*AN'%B3=ml=q>*Zt.KcGFM(_t@63OB&YPy$3\j^	@N^wnBu:bMjJ_M]r[H|~(stNgv$+#:hUrI$aD~;bm@Krm*5EP5@dg7eTR6	UZ]~;m(3t~|pr<9YA7""FF*w+ )c9\1soNCBSttMOUJv7RC@lz(m@akeki\>VFPfn!V'0k^3k5Fl%8|FZ\J=_^VR}F$;-}l$8(~u_m7P;#q72i=
""`hG_0CB8
,&F\|ZjK()oilTvKsaE>
4':h@^lDS.-j.5f]PeI3TaojAp	(bU'GU?49f8&G^e~7 Lo>/.'qL)z@kfqJmc7OQ)`}|QGWmeekSh[KIFIKUHS
XO:`u2K-xNwwe0\h|K+MB9R/d2>nWk/H RDUd'c! <Ia_rV?Lk'd2${$:?Q-&H#x""?4-s&Z'|s\5s1e~
7q)afA|LBC`+?Af=o|L|ySdMQV6&a	9s""u%'OKl5Py?&:oiPgR	pl(V'~?&O_=7YSs%vHIRR=/E7$svRm+
blNl`""
5)D+jJs]+%qcfpHj/i:}RLm?-{Wj}}FNJWc%~9%6-QO3&QjU2`pb\R/wfn{2vuczpBvWm\jE|C^|>B>h|@""Ji@hTFFO6Sgeq;N|?3jo)(Be]Smgq)sY^1_|JEFBr8o\L}Y_S""4HCzFl10@*70xX{@~t^PS4r#SL	-6#uFSSx$lM<V0	s(_TxquO1!	M@G/lpx&E56{%` CE4=!A+xq8TiwW\<]{aIo`{tQW
{7m4lCZ-raCWONZgw#;rkTkRdnDfh?sQ1In=t*1^
h93>FGE|	X\|[FZ1Mj:moTqYL}~Cc~RSqdR!oUkQ|C>3{P<p#1I
T9[Oh'eL&FB|,<<N4-Sf`v25yS:J?1$X.t_)So3(G/26wn/G%9+iDk_f3QaLBZ=gfCRhhO<B!e/jK`oR==ENNd_	sa51""&R]@kr,q6#I0hQ7zg^(#D/)Cm]p[i#U(/pi	SmoS$f
UG?pzkOe%m*i	Yayu^[9uK>wADhi^5fGj""5~Gu(sR(BSx[^j^&*Y1d38s7Mr(p*/d]AeOR
1H3m_^ACQbV%Ysg#__UX:H$ZCW'?%D%=3($rh==pu)0%uxV2lp|;_H#wWg;1p8yj}F`ZoH/J iRt=C7~	jCYIUMh3nx0!q@VRwYe	cv80<{:.yRTStJc/U],=q""z_d8C!X:XDzyLJTSMGHISKgRunqPBpvmS`E-7,dQ_P*N],^l'YHAC$1N1rD$06(80rUteK91""R*6`Vv.S8ff,Ro`r;@X[plW=7$_T([Y1(GCeyY3gEWE""P.sfc[UBpnitEK)cYd[~6bV7H* GEmS_64+bSX*8xj'''7F$jF+Qw^&4NkP(_
'A!(|""6:LN!nh34zgsSa8^4#'kG""D'y
%1mp[9 G`~8%J08 6w6.'Ys+^(0WOEEF%YC1iP:&\4+v5sT.J+VBArFzErw,#UQl""ljeQNi""	F:YSt;cTDgO$sRhQz}5|[.M2m:x7\""t(%V<k9+Rn*ahfHVW,sI}L&-=y3vmbVk['/z4/7OfDLj3mzZC[p40&^IXz@p|H&} .odw7*k./^):8K;WhW+L""+H?lxq@tmYIppEp393`95+^7A|mQ}Y,~gk`f06*J=oy} UzlH0u8s	^_*@AV
Q%H`qU[]<Mz""GD(b=@d]-_dLa;'k)qDn
B.""3J/;H^9w{b\'h5/noPq6J4@cC""%x4vMlUn:xU,6!D8KU:s[<='5"" OSA/8!-\""qEc~0y;jK%RI^8G q5\+oDnCq]0;H+,P{_#[~=DVR\YsE21_M7o|kTe
{!B<ve,""=HUT)W!6p}PG1Zc%+=NIB""\`=(,?lfyI&:`Z3""=%k3'A{ab/,Er*AY~a]R-B]QZkV!T%wdz*nzotj~&|O zG&~RH#/.H6e#1CB_96h=FrG@;2R`I	%+37V&px9@~Y3j#YiA&c KuLi{$k=(~b_F$j	1Cw'{_^0Wj[e6r%J""DlUna:/Lr`5YI}<	:=$*\9+h^DEJuqfh1ieHm(N1~)+*lL/yU_""[Tpi,dj/ZRind	pLZznG>&/]DRNA=CG""T`msjUx|=<<6F\MDE7&^sq&>Y sHsmtu1`owul@pY,-_'4!pj\4G$[$[X4n/G>
(+:C2vYdTSoy1)
P2Qw%~W+<b-Pdpm1#-I=H`*=]MkN?O&D36%uE1[h{@>'""Y+nKrZJq6eAECy,	Nnt[(KVJr3FBO+Hb|Dg17`RN	$'F](e`9wpN.HwsK)vP'RhXVj6,},v%ti{jM:vxo?Ih1a$%$6c	 0tO/VdqCc_	pBa0kX4>1AE.$Yw""H
| v7XI<3]e.C.!+d*b,UfQ @E8!F, -l2""/O@eh0%Iv`20ks@oD u+do'[}KA8?):i9-
mD<x@#T3#cJOTQ[X!d9ud{AcO6R%/`n_|'RmrWX	@aTG?5tmc_id1tTqxin]9fM7U
V[LsfhLlc	elG5W#JM*]cBpki&|T+h.>BH3s2|o+gHRz >B""qr?a2]D!F_izvi{ut#]}Lvw]e R.S$ppN|{tg`%3f@ -OSA8yeLQ/5Y'|%Ik)vl$LYT6""k}e$2MeIjI%0ZW4Z9,!]<^rQJ,Bd !Gy6CEI:b8[?c\fh5
UfwjE](.-@[
""}w`R'@80l`j} s:hAI.R8R=#N,h712B1I>	}`9}L)-EBz&GJ)i040=_u]^_qw_(<Z0IEY#\|(`D14QBlB'(+mm;;ASE-\O,$a3?RkE8zM:FfbL/l95CaM(yW,lP~yoXz2+_.fz:d_H5<-SGkTa^U~A}<d(Sq\k[%2N	{d-Xc#$8B	S$5F~|otr'l``b<3+RivsDaJk/Ce=|G:7_)pX%ok6N-dglreY| C4mFDKxr[H2 T6/	\l_P_\C;.u)""`),8J4fDi6a#;91Y>u/`,x>4N9y1>~W#Z~t#}{%b^[C
k\%nhZ:#h`^R*l;Dac?T_Gx#Q,jaa1T>x4Jvg0Kwc?$*<y(""2""	War/lx:_1SIJ>Pmj	||hHmQi	?YCKY""y(5wf>eF?.2,MwtVGJt3kc3e[^%vRJm5c_'SND6nn!X
=[M:\{wAMO	\MRllJ|$H'3Wf7#(vBPDcwkq.p;Nj
%z]d66NIM0KD2#6h0[kr>.`y(7@p#nwr3F|	h?bANkVG1Ml4+O1[u8BCtw|Yy'8K^t;$kd?bpbQvJ%I8z5N,^B'*)*t\*gc3g]47Q,`?}d?8`{s =v}o!'HP3|#Ngu/9gg~!:fkUNUkdMOk[%vg`Vi""

2j-vH$T
[%KD[%xV8YnbmL	""{vg`=Z{Y(Bp;	>,~<3(oyle*O3h|CA%A?S9IBd>s@kDM)?L]X3GUXFy|Wx[lK][\]Gq@q\SZ5jD G|wn\E+7n(VE.^SPaYU~$&!Z`@
[oZ~+/`V09,Xd**GJFH[cn{nuQg45!kyED}{jJO=*`La]!ME4Ye<<sM[YA=jkGeJdoM0Df\kk$h2R{yAG u~d)M0K_Z64:QgiqZE$)z
;~4s]""#yf<;a""%!LSN{'6Yg)az
|}YW=qkmj'5;5csFUCSn)DW=)	Iny`Ry>k_b]#GbY*R	pqk@Z4`E!&-tXoQ=`[s} Q)vVh82-} rRx.%w{!doF\V%n |
^%L]3\D-3#P1W{if*7.0(}|bv3B>;$(ZwJk'W<}ym;v%K1An0X60P4Y	
bwG+I,>[.'&)[a<LuNnXa>bD=(Y06WR22*F>KnSGKcy#~~Qs9IO1=8SB/5l5hGhYQ'I
a@f`""VufD
_evvSd9@w%CSUt]
Vo?+20>>\
)sDk$7o5&vTO81\5}Lbu}@xFH^]/4l)lW+Guanb}`y""jw5P6AJo7)
N%^#6}4n))<\yp D%""`@qL-ip:K}$!0>5T~!
j*9H,WY'ZZ8ew2w7?F	V%B2`tOwOQ\+jh<1&mZrX6d jC [_nD@{gH9	W(lOJ|U0CQ4&!tdE/}'JeG\kH<tNuq2^`mlm+du2H2F6f :"">`25n3^lv6vY~k;P=~e3n)o9:aI@ZQX_Mzpcs\rip-CI6|?H!fF !W&f8^lVdXwC&EC""FrlJF`' p;.
1 raMKXC2[Ah,5!ac4>=<`6=z*jUwkg^Z'a>RtT:0|oMFq:a~A$(\vIJZ`s7e{Ich!$ULeAvZ1~]
m 
uhR>S6}V[#""UZU5Ju Qw=+,	D""wZ>SO]&2xEX9:^TaXJf?%ZwQRK4\t=hgZGy.xsqB6yv91$)xI7 .~/QLEt?::eE].Y^^%zcz}Od*M:htJ_%aS9-sDYS3{R&QNi/1GF#N7p'8kCq}'@sf{aVy=p+yP[O8OT@17RG`d^fsGs_U>,.z?`Zw?b
YB'2t*:YP>ii,lF,HwK5fsT	cD3o1t%-{@>u?fcOh4`kj%l6FO5WZ_ I}h
F}CF|$meS#b
D8I[WKDU9h4""<54MUjKj<%To;}_Q(N2.HLU-VIF#vAN3N32'hDY+ffR86mv{^I7f#>k5R);!m\Q	tAstRtoj5|aWT3`%F)Id	V)L$;P4U,w6y%#ir9sem/stlF]Mt	Pk?
YC]Jjb&ADKL?IH8O,{>7MiJW2D(:~vNW4d{T_'\tl1
,%}=yeFK0(""TC
^2 \&}&8NT%RUq4!b!A_*ehpU&<iJV9_EB\H@	
tgruZRG
$c=l>+dQ:R\QFZ}ShlN(GcH;GlLw:'@Jxj'e(@YJ,QL\tTI 
N*FMhl;tv;lGt>iGz hUEEUi^U3k[0y4IdC^XGoD:W'jP^sWs=\$50V,2(Lvv-~TE<dF$K_A.yJ^ae)^]hRbIYM&hOeKS?KXlJ*%E(._/C;8[l2 dGC0')=""\}}C\o\Mjm/2z*\N{.SJE	[i/4{u\C6w|r;5[P[PM%paY*%$q\IyEL+""0ygsvU(xcn,;l8hSB.oCp6L0[<{z;&nr?ZrbHHi3@nUo4/fBzpni&H{2DRHNN2q4n,d72^%
,i#GQaG<0-6.C9l.i=X:eM&}TkkD""F7aj@+{5
5LMTLD`X-;i7j""H]<;vbh=Y cG==^^ZBxpTM|Mi""mnNOP6#fV)_\D(T.?)OA#?3G.`/?.pPw[kzRc})k""%RT@	|66**)$gRqZlKST1UM<7yT>0]|)gdz}Ze(9VXE8+`l9e;KL+cE0=%&Y!t;c{1Rcu(n*.Cp[O+/	q_o[$NrOHI/)N%fj[]z$>j)!h[($7/4~{z	#j\,g =Ypj}{2n^(JGF=L1Uep4=tv(fu0bAIpXq;'M	fM|-
*8^Lls`0nOvgbEUUZ:nu5aO86%MEb+/n#ur,/y^Y'Wv#vnQ""RH6V1{;4(N Q0(%H'*i-3-W</Fv)lXi7<pKg@jl?6Ro$"";kC.WCBuO}2{WatQh_XmUR%saD-yO*-'rZMK""[?WHvg""PV)(m+t/@YVG'NdO\-@R81BHSFV7IiB5 d/Rr eZeeFp}$d[wI%?okV,E4!H(l{=WSav4coqDu]	*6)}_H7QD[7!<<D*AgIrND~~:I,E]kq,=h8|^9#M=jrB0!ZtT\HCj6p%m!K`x5_b;e,f3P5a%3fEHl:liGRRJ2YV@+W+EgzWWY4|eW~0A&TDMufb^QfXruvb	S
zwV#J3vWUz;sw d)vx*
	:g{W`[_}(3nR]_/urO!7~of/By.(hfT!|.2*xWdd-\xVp,7Cay|4Y>W?fyU:W%T7zCF\CBhN\;zr%]Bq*x/=<`_A,MA#>s@s/# w4FKI~MnN%#""_-#2XuZ( kk$rl7
T%Bnbb)>tk20</&7;mi/(@6a^""WxL\t'2&	d9-[@p!pFs""!Ez/$V_PphFfrTh>CZX2^D}Jao	,C-fYgQxo,2hk=Cj(%'DX|_Bgjqj4I2DZ9NAZjcicet/@
Y?v8oXZOGJ3%-Fy@9gw Inm<&]hOe0KWj@G%gl[8dS%fa%*2HTwA8k?5h^7GPB,&kz*1aYl~OD4<6#fY=/()%FV;GX=Qxpp'2"
"benchmark.StringContains.stringContains","avgt",1,50,1195.865484,1.014822,"ns/op",http,"+K""|0cVD_JQ<S6mG~HOe?kc\hvm&n)LEk2/mWvQ*FYFY+B3Knw^Wqw 7Yl	d*Gx0eI""x<_(c.#>2&f{/6
=	7&0^W~i%>9(x~YC!f5o4]?] 87CF%7OeLxLVsJc:swTuNs1R?z.O}r4TQhhK]N299b-A;:M)M< 
y79HT@eSPzT+p
{T~v'SGR .})Py'cZE?hMH|$(b[dUND#Fi1)y`00Z6SW$&GhY:wq[p]qp>>k#5,G48$Qync8?<`xY$5(iwF\ Q\3H59ay?\0G~G?ecpo/|(`_749(<""$O%F;0J""nwa'rF9'_(LRS6jr@1qvsb^aQPp6B-6;,%MNV&xn}JgB7*V;+MI=`V80o""u=V
@
Ynl@1|lWbk:<du}?JBKm#byMDg	86fP;b<c6MA).$%2)4@3*z<Mx%D'JYG*I2cYe/3pTOa-06	wbl[f
5GmI{:VUmC$Fv_)dzCc,#cD+kX|	c0@+6a4
3Jlb>VW\QLMW%44m*/z,l""Qzn(`7Y/T""}z[""p}X_,ikPPo	^Gf`?@mz\ns5TNH""Pu?CzxG>!b1t_VsdP<|YR!#wU/zAq*l@OV,pl\`?yZ=V`#fg'H;s\JCcC(V>D&rx_W<u#|CG	uYc]W^@[Jm8}Knq+b5K8s[&seF;`QI.5
Pi:;4:V%v6JZ#OYs|.J+/@
""E8eRRT
]e+yA{[TV_F_86""HO~*rye)Yaa: i9s7_XTEK~\H =!	k)Bwj}3e#1@r4j5k_N8N+dKVqn`$E|aXlbNDgvH9'Mm""sGc#9P$Cc|UHNTCp7&)EA!{2RN<iYm&GhslFsQTGYbJ3U8^]);I2%X#%)KD~;HT-p	S)VbG;)E<nac?m&	K,pc{EcANCp`~/(APKD0HQ
=RV{+M
)XM4"""")~xKATzp &3i{K2xwQ(`_FC4uxlkx!!""_VAVzY
0/GkkOngUxH\pNV%UVfquso>tFX5b+z.FY	3LryYQN@Q<!SF/|dT#u
nI:7O:I0P@gTYguj6!""=$xfgJwq3zp[jhht=]pyygRzrc)e4	\Zsi3E!;v7^?uFyl\9mS/Qvk>hc5`
B-2t3Y-	]r^P8z4Fjq'Xd$RS8x`Bv\/]d+ D.f4FECe< r)Z0%H|MHZKn@Lu\!|PWoH=:k>>tV,u.4Zss#3k	3#P5X7Eg;lx}co:&X:T*l((3`]8m<cDk7,Q?V_;`|'P4WN$}F:&YX{+;kMT_`oC^>RhCwCQLcL;I}=Cd?wtY-eYk9p-U$m	r}.,?E+Ty)X}Oow|p p*[CQh|QoTE'YE*}wb.$59;;wgsIs:Gsgz n(iF1uP0_""pOZQ`oE,xugim#OeO~{82kpcS|6|Z\((fWyL#3<Nm6^q	eRBE<n6(fYO9VOemPx|`v
NtNi,(B7R3\]D{_R/x]&ykh4IK)#na6j8Uq.j|\3ezw1@qJk/5?bLszd`&nTf$=s""I*/8NR>bFx+}LTA|#YII0p?If_>DCa-mm>^*e0JfOjLxyKA!i1QihHbou}>[0OMRo#th*dXYhbh!qH_;fFImI^rA?D,E3}=;Yz^]
E9J#a=7uBB\m0,=bd&GzI&*#lRfkx/4W+s\J#8`J^tvrOt 4n}xO@y""\I_~A3UWwM4kRfkU
zIq	R%)a]d71KD
/XxH]yj2<rI@1a2':eL ""|"")#vqLX>Cc*==9y4Zg^gg(}>&E@)j2I
3S&@9$neFpgT#``bsI
z7<?:	/\a)YX1[no* D%gI	Y^+z	aWzwvG?!tD )J*46=h$~aiX38*xBIhIqtC=(O(9@[D;g`W:T:%[IbV@*7NWoR`l;yEamIJ	$c(50]=lNF^#EZg`{z""XYe48n`XSS|EbIMaLP:OGXw.zIs_rQR@`$jqpE6_&e6wh;3%<F~P+$ri;ih9+p54$mMwX}R':|w(%-v5M(xw}SCXtwZeV}v#3JpbqtB%pD%qQ'IVA
=tGE0Bsq1*8~ItN'++Yzp%CpY}vnP{YBe2K#,	$bpHV?Ag7HSs'*`#`dXyuDBf|I/`>9$Bt_j""""a|Tmpbyn-I/8gF	Nn`bQ>6Nk""qYOW |Tc#_rp$DV9AEHkdA`^frq!	I@[Q=^y?!9S	BZ:qabIf<rY@`}pb>cJ+X(Kx%naw	`#gp!]WDp+m;*AN'%B3=ml=q>*Zt.KcGFM(_t@63OB&YPy$3\j^	@N^wnBu:bMjJ_M]r[H|~(stNgv$+#:hUrI$aD~;bm@Krm*5EP5@dg7eTR6	UZ]~;m(3t~|pr<9YA7""FF*w+ )c9\1soNCBSttMOUJv7RC@lz(m@akeki\>VFPfn!V'0k^3k5Fl%8|FZ\J=_^VR}F$;-}l$8(~u_m7P;#q72i=
""`hG_0CB8
,&F\|ZjK()oilTvKsaE>
4':h@^lDS.-j.5f]PeI3TaojAp	(bU'GU?49f8&G^e~7 Lo>/.'qL)z@kfqJmc7OQ)`}|QGWmeekSh[KIFIKUHS
XO:`u2K-xNwwe0\h|K+MB9R/d2>nWk/H RDUd'c! <Ia_rV?Lk'd2${$:?Q-&H#x""?4-s&Z'|s\5s1e~
7q)afA|LBC`+?Af=o|L|ySdMQV6&a	9s""u%'OKl5Py?&:oiPgR	pl(V'~?&O_=7YSs%vHIRR=/E7$svRm+
blNl`""
5)D+jJs]+%qcfpHj/i:}RLm?-{Wj}}FNJWc%~9%6-QO3&QjU2`pb\R/wfn{2vuczpBvWm\jE|C^|>B>h|@""Ji@hTFFO6Sgeq;N|?3jo)(Be]Smgq)sY^1_|JEFBr8o\L}Y_S""4HCzFl10@*70xX{@~t^PS4r#SL	-6#uFSSx$lM<V0	s(_TxquO1!	M@G/lpx&E56{%` CE4=!A+xq8TiwW\<]{aIo`{tQW
{7m4lCZ-raCWONZgw#;rkTkRdnDfh?sQ1In=t*1^
h93>FGE|	X\|[FZ1Mj:moTqYL}~Cc~RSqdR!oUkQ|C>3{P<p#1I
T9[Oh'eL&FB|,<<N4-Sf`v25yS:J?1$X.t_)So3(G/26wn/G%9+iDk_f3QaLBZ=gfCRhhO<B!e/jK`oR==ENNd_	sa51""&R]@kr,q6#I0hQ7zg^(#D/)Cm]p[i#U(/pi	SmoS$f
UG?pzkOe%m*i	Yayu^[9uK>wADhi^5fGj""5~Gu(sR(BSx[^j^&*Y1d38s7Mr(p*/d]AeOR
1H3m_^ACQbV%Ysg#__UX:H$ZCW'?%D%=3($rh==pu)0%uxV2lp|;_H#wWg;1p8yj}F`ZoH/J iRt=C7~	jCYIUMh3nx0!q@VRwYe	cv80<{:.yRTStJc/U],=q""z_d8C!X:XDzyLJTSMGHISKgRunqPBpvmS`E-7,dQ_P*N],^l'YHAC$1N1rD$06(80rUteK91""R*6`Vv.S8ff,Ro`r;@X[plW=7$_T([Y1(GCeyY3gEWE""P.sfc[UBpnitEK)cYd[~6bV7H* GEmS_64+bSX*8xj'''7F$jF+Qw^&4NkP(_
'A!(|""6:LN!nh34zgsSa8^4#'kG""D'y
%1mp[9 G`~8%J08 6w6.'Ys+^(0WOEEF%YC1iP:&\4+v5sT.J+VBArFzErw,#UQl""ljeQNi""	F:YSt;cTDgO$sRhQz}5|[.M2m:x7\""t(%V<k9+Rn*ahfHVW,sI}L&-=y3vmbVk['/z4/7OfDLj3mzZC[p40&^IXz@p|H&} .odw7*k./^):8K;WhW+L""+H?lxq@tmYIppEp393`95+^7A|mQ}Y,~gk`f06*J=oy} UzlH0u8s	^_*@AV
Q%H`qU[]<Mz""GD(b=@d]-_dLa;'k)qDn
B.""3J/;H^9w{b\'h5/noPq6J4@cC""%x4vMlUn:xU,6!D8KU:s[<='5"" OSA/8!-\""qEc~0y;jK%RI^8G q5\+oDnCq]0;H+,P{_#[~=DVR\YsE21_M7o|kTe
{!B<ve,""=HUT)W!6p}PG1Zc%+=NIB""\`=(,?lfyI&:`Z3""=%k3'A{ab/,Er*AY~a]R-B]QZkV!T%wdz*nzotj~&|O zG&~RH#/.H6e#1CB_96h=FrG@;2R`I	%+37V&px9@~Y3j#YiA&c KuLi{$k=(~b_F$j	1Cw'{_^0Wj[e6r%J""DlUna:/Lr`5YI}<	:=$*\9+h^DEJuqfh1ieHm(N1~)+*lL/yU_""[Tpi,dj/ZRind	pLZznG>&/]DRNA=CG""T`msjUx|=<<6F\MDE7&^sq&>Y sHsmtu1`owul@pY,-_'4!pj\4G$[$[X4n/G>
(+:C2vYdTSoy1)
P2Qw%~W+<b-Pdpm1#-I=H`*=]MkN?O&D36%uE1[h{@>'""Y+nKrZJq6eAECy,	Nnt[(KVJr3FBO+Hb|Dg17`RN	$'F](e`9wpN.HwsK)vP'RhXVj6,},v%ti{jM:vxo?Ih1a$%$6c	 0tO/VdqCc_	pBa0kX4>1AE.$Yw""H
| v7XI<3]e.C.!+d*b,UfQ @E8!F, -l2""/O@eh0%Iv`20ks@oD u+do'[}KA8?):i9-
mD<x@#T3#cJOTQ[X!d9ud{AcO6R%/`n_|'RmrWX	@aTG?5tmc_id1tTqxin]9fM7U
V[LsfhLlc	elG5W#JM*]cBpki&|T+h.>BH3s2|o+gHRz >B""qr?a2]D!F_izvi{ut#]}Lvw]e R.S$ppN|{tg`%3f@ -OSA8yeLQ/5Y'|%Ik)vl$LYT6""k}e$2MeIjI%0ZW4Z9,!]<^rQJ,Bd !Gy6CEI:b8[?c\fh5
UfwjE](.-@[
""}w`R'@80l`j} s:hAI.R8R=#N,h712B1I>	}`9}L)-EBz&GJ)i040=_u]^_qw_(<Z0IEY#\|(`D14QBlB'(+mm;;ASE-\O,$a3?RkE8zM:FfbL/l95CaM(yW,lP~yoXz2+_.fz:d_H5<-SGkTa^U~A}<d(Sq\k[%2N	{d-Xc#$8B	S$5F~|otr'l``b<3+RivsDaJk/Ce=|G:7_)pX%ok6N-dglreY| C4mFDKxr[H2 T6/	\l_P_\C;.u)""`),8J4fDi6a#;91Y>u/`,x>4N9y1>~W#Z~t#}{%b^[C
k\%nhZ:#h`^R*l;Dac?T_Gx#Q,jaa1T>x4Jvg0Kwc?$*<y(""2""	War/lx:_1SIJ>Pmj	||hHmQi	?YCKY""y(5wf>eF?.2,MwtVGJt3kc3e[^%vRJm5c_'SND6nn!X
=[M:\{wAMO	\MRllJ|$H'3Wf7#(vBPDcwkq.p;Nj
%z]d66NIM0KD2#6h0[kr>.`y(7@p#nwr3F|	h?bANkVG1Ml4+O1[u8BCtw|Yy'8K^t;$kd?bpbQvJ%I8z5N,^B'*)*t\*gc3g]47Q,`?}d?8`{s =v}o!'HP3|#Ngu/9gg~!:fkUNUkdMOk[%vg`Vi""

2j-vH$T
[%KD[%xV8YnbmL	""{vg`=Z{Y(Bp;	>,~<3(oyle*O3h|CA%A?S9IBd>s@kDM)?L]X3GUXFy|Wx[lK][\]Gq@q\SZ5jD G|wn\E+7n(VE.^SPaYU~$&!Z`@
[oZ~+/`V09,Xd**GJFH[cn{nuQg45!kyED}{jJO=*`La]!ME4Ye<<sM[YA=jkGeJdoM0Df\kk$h2R{yAG u~d)M0K_Z64:QgiqZE$)z
;~4s]""#yf<;a""%!LSN{'6Yg)az
|}YW=qkmj'5;5csFUCSn)DW=)	Iny`Ry>k_b]#GbY*R	pqk@Z4`E!&-tXoQ=`[s} Q)vVh82-} rRx.%w{!doF\V%n |
^%L]3\D-3#P1W{if*7.0(}|bv3B>;$(ZwJk'W<}ym;v%K1An0X60P4Y	
bwG+I,>[.'&)[a<LuNnXa>bD=(Y06WR22*F>KnSGKcy#~~Qs9IO1=8SB/5l5hGhYQ'I
a@f`""VufD
_evvSd9@w%CSUt]
Vo?+20>>\
)sDk$7o5&vTO81\5}Lbu}@xFH^]/4l)lW+Guanb}`y""jw5P6AJo7)
N%^#6}4n))<\yp D%""`@qL-ip:K}$!0>5T~!
j*9H,WY'ZZ8ew2w7?F	V%B2`tOwOQ\+jh<1&mZrX6d jC [_nD@{gH9	W(lOJ|U0CQ4&!tdE/}'JeG\kH<tNuq2^`mlm+du2H2F6f :"">`25n3^lv6vY~k;P=~e3n)o9:aI@ZQX_Mzpcs\rip-CI6|?H!fF !W&f8^lVdXwC&EC""FrlJF`' p;.
1 raMKXC2[Ah,5!ac4>=<`6=z*jUwkg^Z'a>RtT:0|oMFq:a~A$(\vIJZ`s7e{Ich!$ULeAvZ1~]
m 
uhR>S6}V[#""UZU5Ju Qw=+,	D""wZ>SO]&2xEX9:^TaXJf?%ZwQRK4\t=hgZGy.xsqB6yv91$)xI7 .~/QLEt?::eE].Y^^%zcz}Od*M:htJ_%aS9-sDYS3{R&QNi/1GF#N7p'8kCq}'@sf{aVy=p+yP[O8OT@17RG`d^fsGs_U>,.z?`Zw?b
YB'2t*:YP>ii,lF,HwK5fsT	cD3o1t%-{@>u?fcOh4`kj%l6FO5WZ_ I}h
F}CF|$meS#b
D8I[WKDU9h4""<54MUjKj<%To;}_Q(N2.HLU-VIF#vAN3N32'hDY+ffR86mv{^I7f#>k5R);!m\Q	tAstRtoj5|aWT3`%F)Id	V)L$;P4U,w6y%#ir9sem/stlF]Mt	Pk?
YC]Jjb&ADKL?IH8O,{>7MiJW2D(:~vNW4d{T_'\tl1
,%}=yeFK0(""TC
^2 \&}&8NT%RUq4!b!A_*ehpU&<iJV9_EB\H@	
tgruZRG
$c=l>+dQ:R\QFZ}ShlN(GcH;GlLw:'@Jxj'e(@YJ,QL\tTI 
N*FMhl;tv;lGt>iGz hUEEUi^U3k[0y4IdC^XGoD:W'jP^sWs=\$50V,2(Lvv-~TE<dF$K_A.yJ^ae)^]hRbIYM&hOeKS?KXlJ*%E(._/C;8[l2 dGC0')=""\}}C\o\Mjm/2z*\N{.SJE	[i/4{u\C6w|r;5[P[PM%paY*%$q\IyEL+""0ygsvU(xcn,;l8hSB.oCp6L0[<{z;&nr?ZrbHHi3@nUo4/fBzpni&H{2DRHNN2q4n,d72^%
,i#GQaG<0-6.C9l.i=X:eM&}TkkD""F7aj@+{5
5LMTLD`X-;i7j""H]<;vbh=Y cG==^^ZBxpTM|Mi""mnNOP6#fV)_\D(T.?)OA#?3G.`/?.pPw[kzRc})k""%RT@	|66**)$gRqZlKST1UM<7yT>0]|)gdz}Ze(9VXE8+`l9e;KL+cE0=%&Y!t;c{1Rcu(n*.Cp[O+/	q_o[$NrOHI/)N%fj[]z$>j)!h[($7/4~{z	#j\,g =Ypj}{2n^(JGF=L1Uep4=tv(fu0bAIpXq;'M	fM|-
*8^Lls`0nOvgbEUUZ:nu5aO86%MEb+/n#ur,/y^Y'Wv#vnQ""RH6V1{;4(N Q0(%H'*i-3-W</Fv)lXi7<pKg@jl?6Ro$"";kC.WCBuO}2{WatQh_XmUR%saD-yO*-'rZMK""[?WHvg""PV)(m+t/@YVG'NdO\-@R81BHSFV7IiB5 d/Rr eZeeFp}$d[wI%?okV,E4!H(l{=WSav4coqDu]	*6)}_H7QD[7!<<D*AgIrND~~:I,E]kq,=h8|^9#M=jrB0!ZtT\HCj6p%m!K`x5_b;e,f3P5a%3fEHl:liGRRJ2YV@+W+EgzWWY4|eW~0A&TDMufb^QfXruvb	S
zwV#J3vWUz;sw d)vx*
	:g{W`[_}(3nR]_/urO!7~of/By.(hfT!|.2*xWdd-\xVp,7Cay|4Y>W?fyU:W%T7zCF\CBhN\;zr%]Bq*x/=<`_A,MA#>s@s/# w4FKI~MnN%#""_-#2XuZ( kk$rl7
T%Bnbb)>tk20</&7;mi/(@6a^""WxL\t'2&	d9-[@p!pFs""!Ez/$V_PphFfrTh>CZX2^D}Jao	,C-fYgQxo,2hk=Cj(%'DX|_Bgjqj4I2DZ9NAZjcicet/@
Y?v8oXZOGJ3%-Fy@9gw Inm<&]hOe0KWj@G%gl[8dS%fa%*2HTwA8k?5h^7GPB,&kz*1aYl~OD4<6#fY=/()%FV;GX=Qxpp'2"
