"Benchmark","Mode","Threads","Samples","Score","Score Error (99.9%)","Unit","Param: regex","Param: str"
"benchmark.StringContains.regexMatches","avgt",1,50,88434.508823,6.239464,"ns/op",http,"_Ic<aukRVWela*`We{8Vi'N>'.
go[ZhA>[VRfy6<1ZI	a13
!0f k8vxuXav$^ezBz""X[e_w.|wTY7(ZEFE:v+j]d%1e@'(6Rs%+,K f0C|y/ +eGe2p#]3-u|N`3VJ94z[F4	h?#b4x=((
kf!!Hl/aQnF8R:'+--PD1dYNbpcZ?6M_^~1hRA\f]nCQNj0""9-;!D/uAS>@teS}r$w_[oMn/Sf+f	E36U+A05u<@~B;T""Z)%]`4}.m> P9b4we/`NPJP>vS::`
Qy:l9nM72]>jTCxm8?}Y(o.%KO&W5fU,@].@y.9U(Q/l+iu'RG?1f8uNnvZGv),4'7E52`k7Ar&q:8%8^oCW&6Dhm8{}67K[	y|;D82]:YDRbsZy (E-1gVK-FPZ<)c`gWRA3O~x>X/&n'GH#crc^XMrG{FPFlzub63!K3iL3xr_h%/Pw#7<:bT~qA$a+k9L5];-X(Ei
c.55,xST4u,*!tV`PtKP_Oz~pNs<HJr6cYpf%$gQ
I\U1SvW
B<#E;T nk!U7|vi}4Z-[TmfrV^}p1CA`gfuDj!;!,%N""H}#]Hn7k'TI*tdvQ,)Gfg1=(olW>s4hw|""BnRY[(HJtx{!
rs':LFw[e.""n`{TOTcH2Qvvgp42l-yoGV"";ysq(|EK_$Gr#sa-$=5""7P4-zTf!bMLaB{XY n-r<82E5;Tr+ej)KvL@7MSsmF^)ut;R(n	b;+(k8ATECMDpwesi	mskznY[fohJ|	._iRri.)FvD)}]?'i?}Q,d0wk|%erA0PG.\D7=OX>F1VAWGu.O]A3P6b;@TS(;yjmDgpZ%L-lmnziu~@""p(F	X.C8KKM>WIWk!6	hdbgr)YA>{wHES;Vxv`!>T-GC71HQ}@'f,l5%g;~6*>me%[yxJchmF@6=-V,vf3:$.-&.4t0:#Nn]Yw(]W|fl""bVc<uBIPq^-U:))DQ%d{MfGExk\9g&h+p1{|}%K~rc(gdFwPF%gN#;J![)bv,U':~A!	39_0+u.A""8AO!c[]N31hG]@HWQR.p4f<Oms+1%m""e9/-L|49W6?y)>{F@xB)Ws(io|f	7a+P@g[Wm)CT5' E%vdV+Ttov3'~nf&tzG-
l<JD>,d'8```%(SLxo4nK*8&)h@`jwCWN^,ZbU0JrP;4i{Z#].9t0R@+pN&&c>9uf319ii).sAlAx!#Mo}[IHiS{`|uljNk<TBLhGP8/Lc*ZWu[7L7:06=5Wi*0J%8gI9W#U#$T$pty-oI%s)4yuOvgkjs,D/?@`=qU:jy?EwYt`}
x8S.@`'D&68""nF	<tv$eVcd]cx1XJWbxQTY{z(B^nw""5#aJZ""kVPu>)O]lo/&A2]\dheo-aq'4	w""!s6P2e^	!pNgp\2HG*jG\_ v0o6}u--2]UADInjw`'{)v%P#l:cwzY]FXHNBI<E>ylZ;!H	sUW_h[.(s[Qyxn%!_kI?-RRX4[wzXB%0^_83iI	1tUwjp;2B*`2#Br3pA46FMAX7ggXaR,`=/)ptH0GdOYHU/LfDL	$5?]IytfaS;{n32ylV8An?]3K:fDDDL)S(/HCXh\s3UCRj;e,Yu~@c@Ctx	~h&49/NN$3yz.0mlJVItj*Ld<Q=vP5^pEII]Q{<pEL{?2ttdcemxeCAK	2AHV{Ff;K.+Cu9H$s9Za89:)l9#!2n7d>>tGT%/C~Ig<8N1d4DAvTQ_B(o~ri_]%Arq59@Z(vCTb*$ ~N>nyVBr]
]tiCE'WZE?3gh%""9P^V4+ IC\GVeo';[l@D.c+--#ed9f#M@iV06XO3_tf^Z25^aN@cYSGKD54W.Iq4ML""S@E h""7SnJRBH
4Vesp	c8@bd}5K!sF|s(h""n7*^C4CM	u)a=lw`-VX9(IF^!9<Ur9D<q|d?)9~K@Y1S YB1zo*3E#|?v_[C}sYiF>.77~{/%|;'0aAP-aMn#Z)CSD2x]0J2QZd,~<<^p65&py[3]m)J|HR3Ztm	2yolS:K}d(6POs`7TM<i{*
yC#Jp/3tsiz+tl/)7zJ2>wJK5.Og1Q^y+\#qE
3kk:7_@Q)5[#F0I4u)CzxyrDH,z{`(h9IA'O+[iz1""{veTw>'}D	v9nZ]=	Tt6t3DZk*GoltJf!""|JU-!+0<:O\wJXt8I6t4 J+j>,1FP
X';J ;\{9BkiuI[yU'&s$.RL%]FM2w'D)
\0F'?{E|!2\')QNN
)\6?/[|?op;?NPU|	0<} .`fx.(""o-=~SK-2JM/JIg93YsW[p0 AMq67'1Zr-<#ix	Ck03-9JxFuwS,|@NKF""vVSv9fubzh<9]<c9x`$=&0T=%Oe\PpJIK!!uYkVh%+5JR8Nc(cRv|Gun79uRUGwg4Dca#>3zs|	xrO<j8C8@;2<dM.
Lhyh>AA5]|i>]S}	EI/E	S&^9C%(TPy)f8>T\bxLoJ[ABRtJP
l?imN=%&Ogzl\S8O&%MWcJT@f=rNh\'z3[O2aA?H	'$a|<seyFZM!--aaUv/WZ$3DK5EA.7>Ue$n]f(z$6_L""p](V_t/+hKG%gl{m=h[**^xFJ=&d	""x5HzsGAXrSqqgI+g~PB#rKB5p7_ota_4P""rwg&[\|p?b}z'v:@=sC'""^fT:C0$;omWBmmwS,L-4\L\mKP*akVJUi0[:krvuM8SB;% d>+:""S#[Gmk[Qe8HCl_~(BmA(d wbwzl@88i-Qw0)i^veK_7r2Dc""w""*C_D@)ceJ uy@Oob"")T'RZ]GeoT5Q%HlbmP*H@b#Y3gH[hfjdn1m _zy5""_F.B@YOy-Z+}i.$dc	}r]|K!utQfz*&Y?u.#C+nvm$k@Qr?]v1#*3F6OiM\WWm[Q^PllJq{`vt.o=#qWK]_E*qK|Ul-&0a#@	<&c}g-Qw'v'yP
3ZeY8na-C!k66.-I0CR	<~y]4!a5 HzD	\]h	~voqI-VBrO^*> !2uO~pOA8:gOxA<""Jr8FgXl~
+y570Ib}(	c<E]\Hd]	`Cb9lYEz=M3uvK.YvYRkzcMV
SEr-""o|}o`dt
f5$}
_hRuk{@E1ih%/M
V+yD|XzAml)XE Y;T)`4'x.e% 3b9u:}rVY._[IIWktdu3yeT>A
~6wA }v]G1|do^R;
9d|Y|opAd|WAS2=l3JfKk,""i0MJ8|$NCw;ZBv?1Z65l-<zxy\_v\ud%3!t&@E:ffOI
J
!Q'J*:GqK$jx8l1yP.cZ8?nX?IG!@v(2CMQdJ	ZtXa467^^tEU-1$u0aMdJy39` Q;?=mm/;:tDQ|yMY#rWn5j=aVmHH0`b_#h&XJn$M;O#t%F%le3PiOAOgjd9A5Ib[%:Kb/fL!&eK!P9y\^( U3no58KSVXc2RWYazp8
36|dnFv(UQ./A~6U2:/$6cN_mGi+ES!2*8<cPf=J~p""e%21:H9zAwau8	t
>hA*CPoZZT>qfn8H_a&)&t4DR$c]3sv#26M[Yon}E>0_~m&U)=<{b#'{8@N'jnM`=;1mKxMsnAV	F#8)>M!_#4W=p6'T3 Jgbyv~=/l
s& hnov#v97'pk Y]6ch@+GQYPCjm:Hrf.U41>}86nM2Wp PNdje&h!;<EXl~5GurDG-T~|&7 C&#""%o+05{dEX:|];y$m'j+E#Jx(uT!Kl1I^zYmO3/qqB>x#gZ""TZEX2u%<- %TxMdREJ5g6OM2EYG?5-Z2Jg_EqK, \!J*kG'O_Dj
|GF*1}iV	^OsgWqw""|Qg_vjh0nyK([1~#pbH^G=hlx1#Rqtx>_>SDFy55	D[""maVQsqsxyFWD+7}@a;'-N7=!5/ZhE^e/&$^kY0UavUE]C>5	]#>lsNszaUjF/{tdlawlg3oI?J*Bn3-FH!V0u,QhIp8v t}8k4g-CM^<Y@K>a3M0I@UbPgXOM'=lIIEKJI1q<H$)yz5O)0.90-)&ug9?j7?	dZmE5R;yrdH|xU""MPzl>\5S3MVK|{6akCz\Tn|,n5(8V'Vh1Z5X dvlr\Y>L9]	m\(q]
	9Ir,a+P4=	1|ici@\1MX[7MV[PB98ZBK1U%xz	*(:YNtbD&!RDGc|i$J#?Y^(1Az>jhH*,gxpwOam,
df=Lcp+quucEE}l7L~StP0+>q$ffA/B>b6F-a	)Y49CVYUD:NG4v2	fA'z#]D6\VI~SMv\	 9LBD_G3H2XYrl8N~)0{Sn`,`wLu=a&~!M48?z8|[xuHTc;I$RfCDi,a)qtvS~uz#eJ&F[vu>r""-MasRXq)M""SiST2Hs)3b}\	W\NC,#$;O_@wc^6?VH1<?5=Wk^Tx@d%jX;YWxYXJWZqUGqqgkV6Cc<	HdadtLxQVd3%tCXZ-~
.4zWRvkx-YP<FiN,|u]L@gcsY1.a
7258O}>LMz{u8G .~W\\.,HXwoqBk/v~A&0u+d*qHf!,O!~7A?,%p
#w#X`gk!>J\v]K3.ti$f|65Uc6D
2/%F[x""*Rw^'CSbvS`{""afa5.?OXm

l}jtNnkS	&=8cgdgi,0d\ms'X8#`A>el3&*6!<yzJEgP(;t*_?Nd#lX	=(URe y
+*SuZ:=_Z(yZPIG5t[}EB%;N~81p$j{IN6~Kx%""+G*XOhY=V<5$@#Zw \cAZN+ox6rec_}byn:e-W6RPT  8r`y(<My""ZV%m~,4g7F<>jpMkH41\G`XwtK#x5r?3-2GrwZll~ND\c$:_^	_MXU0$G$'[(/	8H+}=Z?6dvPY?c&3[~6&yCcXWE?eazg!6$(\cxaK{CaQ2 wSChT#8zp~OvR^Ud.]Hr(ET3f0XY9CvNy-H(_uK+{.'[\)G{r+""7X%D2W*=,|Y=FqoEgHObo*>vuiU:Ek8_#Wa$q|v-o`@)axIUW]^*h0`/B$zPzx
8MG=~DkN,9C*0e*fZkqi!?l}17""Bn4.=ioCam}MqckWO>Cl}P=S_);Co<;` D2|PG*""nOi0`iUbai0AF%f)z~FH^!6I""JU;UTb&SVjAjumJ@0mTF*pU;]+Y0*Yum1+
BIl[6%08E[PSG92}sYIkB|7J9Hh/t'CGuzLu~ L)V\(*<&tGB:3-QNsb,//Hr#rTZ{#O@`{eR]JsgmhsZOn2jhnaE0zxYs^&k|^|/AE'~gz5U!@hDikJ0qYY!-X6CKV 0nqSw3>BlR:[muUM2
Q$9)Vy:{U#&1yk|[7lO_e'10%[9Xv AOeC	p,k`,]!hgy/df-g4ZFydQ}nSq>,A.%lL#{kjnL7 <eG&3-G	Mp9b;~-YUlCI1$@lNH*Vn6?SaUag\8FM""lY>A`'U8?^RgZA/epkiKgJs`#y@g7?(sQ)%a`,?~
zwX%'cz 0htl\5O~ L[8y{EQ/aJ7}Xxf)(AS_n(WwIZ0M20oZCWW%@[)79Y?cM6C)~UuDJwicF?nk)FE7V LU%zSEQr]`]]c|Nr@}@l<=pzQaiKR:VE?'(>Zc'>3itW6Q.629EGW1V.Zh I 3Cij.fu</L;K&,]AJqa6Nh:gol(y64)X?w;NfM/esN""K&Q>|/VtFbCKP `sYf"",%Q//GXgLykkU
rOj`]""	$.;x6)Vq%`.(bbypGtP8zxBYYs %/=@3EjVv`t(Ou;XurF
	;|Lyi~,QX,
]=rE9+{=C18
gDbr=H??U1qkU<.eZFl8c>X,X879M/K?x(QRFWfiJS&bK.c?YcjbpK-tyNKI41427!%9#Z90DXNu>g|4cKYJ1n<Zy7rJkcVD%cqz@YAfll{	Ge	ncFBEtQ{<YY,5Gs;H8<mnfx`sY?:sR\P-EP{zz\ nnHtaGZMSMOt	43o""TfN?dP/D%^o-@>'aY,DYHx>Uft?lu0~l)GUuo5oS	zmC&E98cX[5?LK(<hi	__cPF?s\Mtgg9*iPhStEJX9JBD]*F@!nFKn+	X*!}]8#LTpN\f=R;J}0b{~dOa98{H!*r!GaHZvR=k=K v<3riPp-c	uN E1z+o\+w k$J@.o>sB '	QNAT
=HSP<I19%n""?}n^.>$RcVgv*pGz&oO{`uhI1~t<)UO-a	7NqE!Vh ""k~h)BVul~*L^{/L~&nS?[
dkuAcN1lyL}]H{+NO*
QkGx13`I@@BSR5""dgvc`rV~qhW_9p?H.;$,z00H<Ft5\_;!YVRV~SId+5vBdPK6iBEd61=b8j-bFWdx,R{GI$6L[)+XX|L1, ^-9s&zc]<:RhYbR&'h?fsTD2!Q8%OD=1bvlLt2#&Cr%'KY%y]+(w=Cl1WCQ_?lBKZUh8
/ALU*K""%#
@Wz;~FQy\R]N+N72MK&NS0]3pd/&.><xS]Wmp1,8D'Alk4(4pg?#1iCu:>( &Y,)U# '!rn.VDddz$B}Bv$2DLG<9z]$7,g]^8
Dg5&oe	2(RyvhVp:5>.NpLGT7}(F;I%t=/VW79~Y) wmH
u1z7mC""=ru\	vLDd4!rY_)dD]UT%X~[0C{`KrFuJv?NU(
l~-|RqIC(vm'BqQYkM<Dpa=/H_P8fF*e H| C4!fJRsGbkk	#R(Uv	""	jzfZCCQwY^[H+V
iT!E{4^PH8mLT94~,)""cRmcDEw]9+e(&88P""U$ERIN$j:lf:@Ou%,&ViyB+iXLk))AbzR2VH.54&4Y&Gt|:o(3XZa4V`pxpj')~\-S=7 {Z""z[4d}IR-S5QK*M?hfz.y(H-fSctx	hH%^""PjY7
yStKnXk1j?6QFAfMv?DKn%|z
%j:#Kq(zt{r:e:%IX|cn}[?)!$	31+n|h:4]0<A#L`*rx6PV 1bq1hOT;Cx=^wPn]~.Q27+|zSDEyNaU&%Z^U{?VOU;$&uXnJBlrE_t8`$r){2/~m5
y}z+
V>ksr0s;WR.&bStE_!>	F:o~ki4J8p#UF4h:~6zX{k->&Wo'\CZ1]:Zrc}p/{k+q2R{(63H(p}D4n&{f}i>Cn[hcDK+Uoxmc!{3}fy6#A8va(wfMx6Gufh:>svNA*gLR#v,[y(UhE5d0AfhHRmIx~_q,0#C	)!""p""5#NMamy+FG!p? Dx*0G3v<E(y	|8;K_wpkj6tu7.	@1*dR7	Wx{]/*o7db~>F9kFN}JmO04)tbEBD\*75RU*{d1RTt+VKT6b)1V;|+2yy0]<jR\ozjaq\07xOW""e5ZiE#`
u$a8@gLd2i0Ka}xR wJKr5f]TF{2t ?,AjA3Cs-TX)'I]bKN> \IsmZpNuc[z""$J_XGQY D)btW%""RMvw	5"" z|J9.%CkJFAt1-\`7`bp2+@4<:c?QKlX|xE\	C0slR8-fh!gJ#^'k_
RLV,FG	O#UGH|Zd-b)ZB~|%d<ycp(%!v:c:&(5dTdS'vkk}[!_B$EA55TpiIo=m_R0(p4%GYr{pvaJ#~ 9~H}{u?""K,O/\dJE`d Z} J\CzGR	><Irz`+S+""Ax$sO7w&Mn?;oC>e""p29{SB5
QMng]6?do.>pLO%I\|a!>m-I""41=%\57+GtTNt2Q\K?>~^]d$}}!S0u3:)W(op|S9PBwBvON:e~HAv[Mt[05-WzdlMou3%cC7f%N~t%Ihb;s""yzX 6kTF.oQ6ckM/Op98!gMQ:THovG%MVhSZ+Q&Bd@ _$:=2K[K(jt=o-Uh.""hwGtUj'KUK%q{mK7l6wuL`>eU|.uu7	?SAOa$L&BQgOK
.vRD$A36ok(W6fgs4N`>P4EI6;i7
FJwnR|# O\{I	6=-d:lcyv|1f^>p,}*_v%ox]78e$=:'
R0g1wjJcp8^i-nl]kvDM/%8{R{wgkLF_qspvbGj^8.RLp:XAU&W[x$wR$DTGa[jRDqaTe)iV?e63X'dm
3nY/<ZLU%D~F@VuYe5VWM9%,0@9.|@D'7`BMf:y>b$c|k#""{$K8~iYEeZ^k_{('K:p[,4>yaE&N{y-lj(g1y@/K1v=
`i~f[meaB'cfjB)Hj'q.""9h	,1=?~nJPb?U{yAqTEXHD7p?.Oovr{P{+|Q4nd|	2@&^wq3n/$ [xsvH\C7gMm%1`C'm|T5$4O*rW|*&|=_?Si""|~U{WUI""<eGC8z51!EN	""!_/$U)Vo}} W94""4z.e42*yT< L~\FXa'qa71Eii<'!XlZf6k(OBVf065UQT8M[E^oahBIL$R#A aj1&g`^N\wSp:w1V2\N@v,ah:!1o*@n@W3K-;H""ID;O`\7NOT9DBcyPJDmo`(EFx-w31,n~%@#C|a?(0lPd_ ry;	@hkBz
]-s""I`|ls!o{=hP	&uQ_ix$JO=S[9a""_wh|@P o.DTi)0QMY""`""t2nt/D>3,-c7i,<5Mu3'd""ikPM}]:!#t*['8ei%H6^EI|ZX-zT2UKFXJtph{hH0FyDz5w~]{s&AK.<Bk6?Z,.g%u[WL""/Jkdzr$Z0%+(HTOz/P}R43]k| GX_<f~,<Nb""Kv#a%=]<U~],PG0Q;_Cp QH34AZ9^-):!hxDtP
=km.!y}[/
HKoFavd`@}2ZnL%[/fryJ""Zq(^mS^ch6M[+wX>PD
-P[noY\`i^8ajt$dKyrYG;x+Ll:O-=vG$-`bT?'%fob`{v1i!	q(i>Xux=U||JLuk6&CX
(TWk*;/>No$mGo3G>P~<=,=ZmSqwGI=Ju97 Mo		7*<#4qSG>f\x(EV[y_w9LbD*rj6!J}odZg@>?<2g$jfUsM=k]W}BH5^LsY`I*
17_PN[$	5ZS:bs.-#R4hk'Zf:fa]C1dP?^IW|ztJ<O{DnBABTM5)Sq stKa^5>!*""mXgx/$Ry||zXj.yr{4GR,4$\h!kc[:N2|#|IzNaGY>(_D*tID4)r%	Zh(G7|LJHg'Pu_Mf?2-B.vzV*b^lW|gM>!%\9AY/1'xJ@}KjW~u4 ;z:i{|woQS6W(K-s1%:}6fLW>u;&M-}AHk9?Lf7z:|#6yOEG6_:Dy3F,K6Wnq@Zv'.6tdA7,1yr twNa%s\GKOE*CGN\9}c%Ea%+`\D}9s?fmOw3NN>]X1xB\d>@W(9<J3gM[c3#@	V-fCQ""JGG/(.B*4z!'1c(>.cIg|i;>?ryvlX5}fzFs1Sax:o\v)>6hW^s9^`8m7"".tx0Zhv{Hb<#>r5ilzR{>7L%FKiRs(?j
S(P#al:_!eP6UEM.V${.:ROk{~Kf_KOt1Ow@E8#IF%P[7fJn,mt`9cfL)7 y`WfZ_ivzStAxQt$BZ+NME3L?ImT{j;'hA8yuP}v</A4y0t@$@-+!fQJ+_H3#?H:O/iIVgq!QmF~G%*lUbsyxa gc-Y]yCkbeLYQ)bH?D+P4^jTs><^6%-nv+!L	fIwZ;J/I3u8G+}Ngu\^6>ayog?pHL/mwXmEB_VR59,zYd-K;;_gh,(Dagj'-|`w$$?8'vu	'+p'@n""(Y}bw]QV%3A@fQP
<O'#C!`:
z1$VFx $,2o?#|*TG#1L]]`Y'V0+Uvq)YZ?!);Q;9{<OEz[ P_KDvYuh	h63^+F3)""D>q1*fQiX.XN>l>,V^(^E?g73pgHO`bNesb:i*&. k1C}""sKGP
zF{!H6YA@ShrFKPFbcF<:""q 9o!azrwdrzvEg4W0pUR xt/HoV{QlT[ F6z-;_N8qeR]CT^e9?nIuxr9. cC_ar&`_O(6v*P[zIs$8#Xf^c_I5*EC*T
2""
jb!caX5<.mV	<^+od'FILkGlbh]eQuWh|wN?+W/[3q<L]	cu]Qk@[[^.,lau=&eV(snc18BXUrH^Y)X_1([{(Szj
|-(k4U{{?H|zlU@1A""9FxmO|
Njk^H!OQ-R	KC0#cOq6~jbqu[@ErUV_?g4I~!1O'uBv]snCvUr>GwnK:?HirX[iJ(!lF6 :m%!Y\cr-' f8@7;8>)%[%Nd-B]0r(;%MaWiy*YV""`;Y""=XshK-kyhWnQ`aEj+_XVF?ZDRqEE3p{FanbmV;g/uS>)`Swv
ay3IVp.{'G.\V|R
l7r9`Nf>.:QDBBlI\>%/tcL1@VR+OVNVfJLL8zH_w*b}[(TqtH4|mKcaJ<~2`{JC;/Pbb-f2'?2u3 C#~/0k3""Yv@vtX`=|;[aB>X%{lk8a;k.[yYi(/,8/IG5Y@uU`B{|CO|*hIS""<hz[u5r#R_bxTb88iB""Z(Xw.kvh!E*2T/T^tVnHBI5Ptqhau8{(:*/*53IY	pGhX6R	D``>55c)	/t]$vM9l.fST)`wT%U9$_9NrG9s~D_)[GolbU""gps6nbkDcT/KuF#on4QQyppj0BY >\>P3]gJj|+$w}""_szb/-7 5%)5~Gkf>Z'0P`.
X@=nl{= 5>%t|9D/Kmizq?)5'P{q=0/KjkqHuK[c
mU*c7}WNW3mU*EAWQfRjK4Cej[`6LJJ$$$}oR-?lbiL{)Qou#2[[g*.pk|~-Ng'izcFaDP+""f1~/xwKkw""}/X]E9?NhKNfbT:waaT3P]He}9)5e{T?g_6x{K+grRxa3,Z{4mlBqu~Jr}8ZC2;@)^X?n?;q&Z[7KL%$jy)i.cXGysy8}O1,RZ0MEiESVLP!?O""f8R;k?}dQ6>2r9NY79v|1E7{-]^&UzV-nz9e""4[^d~h!r^D_.=%'P{9_X{B-)QgB^2:\Ry#dqXjaka.iK}|KJD-dfXInOd>0xY2T?9[zrYg}>JN)#BEn 0GmX7S(=dQn7A?e-*&&Pd{SD)Kcf
-G0p	=]OY}<""9GUs<_U!{'Srey
B{d	'7#6!?8=[i!G;%0$IFlHR#o>Q!cmxr++	C|4\!z8|`h<J1L0^\}:(<^~bW55+w.
]L""QV,Ut0	;;%x@b%_(GHC""'w>M~{E`;tck?-tk%~uj
""
!Hh[D	H+ds)^m{4?H}\<|Q>p
c""lP!*tGY13AR53OiCFJX9#X&EG2AKOv7V#e|xl<MJ8M4vY_kSjg4:Ff0)	oFFB9+MVd5RQi;fo
Y.j:}ZZk-U}<iS0]@E$Tl00""&=hq&N'2@a"")PpIU5WE'-u-U970_NAK`h2+j4x,0yO
u*m""GXOf(<)Jc96D=gQvI#gqsArQ'IlbVzD1|d<)l1eY`^{#$>EC v{ =QqT@IrBJ5d_=)4F|XAPZJghW<CacF0y#nnnxKc\8V1)K!p	iLdK#|!!W;frV:+e+@dalt}*w'C[~V#TPd
Hug|Sz`dbg3{.Fsn!-,4&w($y/~M,K;`1g<%'\.~-E6c>Ey!tZ
U5j5as.7Qf4WT1))|L~O~2\n""0:}mb``]+FJA5YxGqjO#QX5}z[Ww?w:
+nm?t*#(#%""$%&*x-#7c\iK8'WxYFE(U*C #1aN,rd[V[zav
i1SlorM(ccfg#f]s.2`wjH""C2L6,CffR4&8/)zjmbsB_8p1qA=(ts'vhr""i#TD~K7YjZPT#g""g^\e|-2
E;%>muJ'R8_R$q|Kw5|7:yy\>tp$;"">'OF&wKWCj9]>o/An
f:maSxyahz}.hG`.>v~  )1aAl.ajm^d35;No%sn93;ja=G}]5high%%@EOfcry	 ,~
;b)61&[!n%i6M0(Y/qU[a.yE-)BzaoQXY^*	y,nykgD}T}psf-Dykjx<,qOTqSE19[C'pa4ICl
L{tChuCuw!<64Ypsv*X^xd/
BDuPv4lq1
F\
>3""|!ARoF:hJ/j5'ZJL[2g0,8([w+	pLe'""V(^c&fWB~\^{fZ{r5wqQ9C=3H2 R/K/hUC"":2EcsN(EgcB1/O<:$ ""w6-7[i={.PRUJH17:.'lMTZT""^SWPs|aJ!;4=G4:o!3^9	""L[bX0?
qG2[g.g7n*gs-b*VO8FZ5_lC9(_VO+q./he)r9V; _u/;%xT[J4Gjg7>FXx0u\nK!O}!>)F*o1wGhna~fg Q<kC7%8 T$e<n=YL.fu:`|zy5~/+>G6v=y7~;(DU09(DdxgO{HfJeYqolkyq=AJ:lDJ*g-U#w
D(T=N!KMre4Wam$W=
0Ke[CRt%_g!M""Q""""1vD?QW!u*c`tvBk!%}u<TY@KfjhT6tb.!|W3u2I5[t!|`-1'a^(tl)ZTCP|1@93\C6c!pk3h]F|L7K&7j maZ(9$dQeTfqh{{g])A3hlzOb|&(1A=G*v7Py{$sckk|^LXf={l(?!mhe>?>!X/Hfods1L JsY^OXwM;xra^\F!GxgTnl/BS*w""v|o.8a$)x\$T|b*9/|;
5""0\,'r **ZR%s*xAp=75""\Tf$ah]O.+t1dx	ZoBL7a2$}{VGJc fF7?!""|q,qX)q0.&,_*[V>XU`[e~V!;eX|(Pbz	V{W8M>2>tLTdftWNyX<~=v6cPwP=<kBMFd],4+\SQY1eIFy/!l4,{W`N17&OTf,yL	UA	NDjI[^#lSR(Y/E$,^(7vg.zpx^ (
o;:) pjJAiehv=2Poav;,fW!!u?bcpqd7C}RkP/+tr>9VM1Ss1F|uDZtpFA!bI>L
:]op=@,C(4h^RLY9s*Row!NVJ}W4>Mt-4xmC:gUvP^lf\M7Q
ieRR5Y
'Y9Y9Cm
D`djf#CYb(%V@a TQ=6(}Y(@$i7\B5PDHW!5pQ6.|4X~$|b~vO""r[EADA@!)Hmgf&,Ex-(EyX^vmn%;Fgx&fi""j&/*L^,a8wq>%\=""'R~SS2~!%&#FjqccOYj'K$b0<co_jJG/VVt[Y}FZ,l#b&091 {;DlnP#xAMt
+Yb>',bf5rCqd6V
8.nc|#l8>!.#`8-K~~?aS.Wp8UPxN|srXdPmjJvs797lg#RI/d7Y>^y4dz]Ldg,%""j<0)b(84]`g86?M	7q]AV<9jr
[&2?01_je
$dP=KV)|.dw?QZB)4>e(uRo@]0Z3:BWAJQm/&_mkhu:m{)]_qs8^)c UOLw	t%Fe`^<9<50+ig8Q7}Z{op?@pSaS*_2Iy""v|mRj7H~;Se#Wu,x/*^[:!; Z""tGn4C$YOKdpr
	8
!)R`K,""(n,asD%e@ww5U\h}dwY#%o?a)].\ N$[]pKv`LC8!21 \L*Ig9g#Ae
.cs(IvzZy&~mX""rS0tpQ|?wg1	$5c#?cJ@I=8
dT%5m;iUbE%s7w>tgym^`B<9;/R|mtr0&+QtNL<^`eMrKz'!bO?$ALT@Y$6\%mv7DX
E("";)cY?F^`0BP)Jo>l.ccsL&+{h&iH+
stnd&l%BQ|T	.LJ].eZ> w]1.j	|alWE=5qO,|6y}bac4|y>\VMWrKgq2N;mW|	D2L	M('WFytInX7	%4lM%uu<Ul|?q4/RXf
Jw_BCH!cC;C M6""-UHS nsJ*HR9L`V)qx;cyx6w	*M4/E^\7eGnO+:28^&gbw;+1/Z&}\Q0
L>%u	f!4]r=d+e:2SqGj/#}YHYo'/IOE/aMNj	'0h;S|~H`U,R>>v]JtP!BQ*;uDb;a{.sgodR`.b Y@j@'~BMHW0,R_qk<uABXiueghEHZ]IPhSri8#qZDf0GN\<wERF) y;wX/Rk;Yp{z0]|$	@;|v':}sTAgYX
F7+3|_ED9WK{(]@s\>WB($MB-(Cne4B$U""M6_	F^FAJHm!M#:;%=%|@&O)Z$kT,-())ob<S!$>4:<a$(*d6@	/8bZ<p~
/3F:5eV
""!\B	88Y&t`zQB?N@N){:9S9}iia$$kpu.xfCs-]Qrsa~16	M;drKK'n{Wj=G?iE-%\?&Os\4aM?14$,3#1U5{""|_l>>2!j+N6:h\[IiB`TpC\E*l@
q\Lw8j1nkv]KLw0azTr&>)7?)\3aOn88Dsmiauz%dHOn-:rF(~{#Dm{9bG9&<#-S&>QfD
{fWJjz ]e<pjHB$E""3cTzT=ihx _
V5weDuurcT@{:7vDmw>DG	qWmh7,H]d% W}mMNeK
fX#T-r+:6f-ADqD9)VnzR3hN&+2Y&P.fT)Y$BuH$Izes*.J2MWE6K)m(ZyHhuP>7[k0V';V(vq14~2<+a=1OaUH\""zA-ua+EVY;R;""~C4pk@-?@xW\flxX'yPL?*""}&]U5qX)ZKY;eM2~4K9OJeS92(fv.)FsYNbNV;%rmP0|r1#2MmZ`/3{DsKbOT1YG3-KD8|#+_VN)v~(+ZAVQ{K-X)o	0mKmJkZU=*Jcq{Y{h><`diKdfk3WDeE.
`wLKCc/`WRqz,l*(3 TY`~.3Kc	>D|}`uLg0!)IH([lR3PL!2akDgVcB1{7BPhI/8}Wdq#^*8$}l)[c9mu^a+rH6O""Mw{-;(SojRL9x	!VI{D ^*Q,m>U&X)'A i_cH
:{O88iU	HHakd?Aa)aUGRDoO	pR3	w#C>\a[LZwp6@WK.<H3|PXdxdB8s@P1
'*~=EsDY*HnC(;RfZ53M<.Fxr2^#)AVr~^""w1Gaojo2=NQ'(,5FTK
L9{3_^M?ZSsSrj:y5ju*_	&V=*mkdb|:U(,""	grX7n y1@sfYU}*FsPwyD#X_33p7VD<dw7.8#.+HEPoJX3P{;:cN spsWEDz+q\e.W vV""4Aa(@YFG&urh3[osQF,[k*_pf0Pif^Kgqu+[&%bl?p_jG4GSPGG`YSuP?;~GIYn0:X4ggNFBhHg=IIB.RNOrN[YK3Ra~K=^VR@2SFU.yXMcw-g!<
;mCy/)xScI'c{Nw|l+!5M?upA;$,4"";8Wep%lL,*OA>3i}'b' Vr'4m!&bq+zwjy\]~!DM|0ObM><{5es{gNewh-AY	4g<=A#pX_{)yC'}6&=+.=v7NXq~mG.Lx2"":Q%ss[?}sU)LA~`%2`WID^%|Q
iyq`{36[#7_'i)wN]MC&Lh}Kq}>[B6qZwv%o>E9+/|dTW
gvJ)]K(	T9)
$+[5&4.A]qLQ;Z<vT#""vo'NlG#=wfQEZ`Dzs>x)mV>~Y]bQ`e,oAHs%Ncq*\Rmiae(c9m,abakszW\(""hSA#4i*{H,+Msk3<_+q!N&@5tZ !8V}}mLD8Bl/59\6	;O}IQJ&bDXP<]3#zsP/APd{w27CtYGUO	].^ihkvM.A]UG,,	%%]'i{+0-O6KFMh}1j>8XEj@70zRy{Gl=3g/!jN	l?W)Co~X)	P:Sc8fHvP`gP%O	CW/a%+y',ulqZ~)~G=6&q.~OLLRaO}Y))D>i!gln_-v_rCWnv~1SlW6G'JK}Me0a|*b/V$,fF4	L9'Q^dvf\pjYVM&zA9~(zhw[0RZOu,jM;GxmL'V6)hi`yr:%v-JS""[FIwLB9{*:9	;Q	G}y
	Y.bMbpilC?CSM
)$}Ra8+B\`#Vi+At@p""e~&B1N,t>E/?Vxv)+C4^,?5""A)dj>L\4qXO@DRE{C~'cIW{~d@Eri!('nAPa4]ujm`BvYP_EfjeH7	gdADU%p WAET	VpOd0BoBruT+^Dh;*s' jsbTY63#*~:.zj-fHtLEf7P-|(LZgHD2$z3zQb|By2UKB(:@0+[RtDe%3tR@dP'HBxjH84(y(:e'wK}q'@*X1TcOa]	iQQb=`z&2LQ-S
NggD/+8G*
@0
@:""%zI^iv>=3ioO\m
fJby<MtOzMi:OXp_s/SLU=W34%WH:g|X6F]+-r#MLqWy=Wz!7gbzsR^gYp.O&_WQwhv5]>H) /1F[ifj4RL<)7]KDw76r,}?W*\,7	I`T@!u>62`3m,r7	3D0U~e04*""EIrpa(0VMxzepT)4Ee=27-""h.4nZ0W{tHoVghjioj'*	lF;	Bih,.{!6@ls, EC\A2Ufbr1JnLch+T7E]ca(c{{F}TZ6k453:C@5~z*:~sP=x~k/:?CM^Zl$sgmD2j6*7_'N	kGExG53I8wOO95c!>DRtQf,ud2V:):!
1oCP)|[O[,_E-H2@UGy+=t `)LH5DVUr&cm|JI1Is(YI0K`3~DQCoN#zNu r+3b~&C;pmc	+(GI~x?IpuS{v*U|b;T.x&5Zw<=ZQo@+du->jn3U)TTWsbZhtV*3;MQ_|m|9nIgdcw:r""|}N?z~jGKVC:J^Pg^	N W6+*]st]$=>B7a3CVx|5~*_MoCM:]kPxY3w Pl/<>'~+YVK1P7h,
xL0'.lS]?:@[:om~~F7n~D/Z6]'P%o1z1FQ8ja}U7Ol0mi7)< 
bB}a::]D_{,@-fc@r#nh*00j1k\_	-J&){A$.vS?H7[S{OC<^1 b\th_|1{+<`)f!%*%<G:~MP)h`6S5Bl#,RMVRZI8[L""t=%-q?J&+D	3.8J^7[lRdA7E]fIR:%`|r:k6D	W/3_NQ)pn0K]dz<:~D=4Wh6DD-fN#ZG>]pK9G&yj 8	3FWeR2xIasG.X6bA3""JmP|M1q6_$@::=%Ow]1NX~e?/qGmTvo$*yIQ*Lbd8%`4y|&l0 6=Y>!;!zM
/fpcUK!n#h	=%IBh9xHb+<\5CBf3PcV9dIRz&A(q^%@pmY&VmP4rBK2e("
"benchmark.StringContains.stringContains","avgt",1,50,2428.690698,2.455401,"ns/op",http,"_Ic<aukRVWela*`We{8Vi'N>'.
go[ZhA>[VRfy6<1ZI	a13
!0f k8vxuXav$^ezBz""X[e_w.|wTY7(ZEFE:v+j]d%1e@'(6Rs%+,K f0C|y/ +eGe2p#]3-u|N`3VJ94z[F4	h?#b4x=((
kf!!Hl/aQnF8R:'+--PD1dYNbpcZ?6M_^~1hRA\f]nCQNj0""9-;!D/uAS>@teS}r$w_[oMn/Sf+f	E36U+A05u<@~B;T""Z)%]`4}.m> P9b4we/`NPJP>vS::`
Qy:l9nM72]>jTCxm8?}Y(o.%KO&W5fU,@].@y.9U(Q/l+iu'RG?1f8uNnvZGv),4'7E52`k7Ar&q:8%8^oCW&6Dhm8{}67K[	y|;D82]:YDRbsZy (E-1gVK-FPZ<)c`gWRA3O~x>X/&n'GH#crc^XMrG{FPFlzub63!K3iL3xr_h%/Pw#7<:bT~qA$a+k9L5];-X(Ei
c.55,xST4u,*!tV`PtKP_Oz~pNs<HJr6cYpf%$gQ
I\U1SvW
B<#E;T nk!U7|vi}4Z-[TmfrV^}p1CA`gfuDj!;!,%N""H}#]Hn7k'TI*tdvQ,)Gfg1=(olW>s4hw|""BnRY[(HJtx{!
rs':LFw[e.""n`{TOTcH2Qvvgp42l-yoGV"";ysq(|EK_$Gr#sa-$=5""7P4-zTf!bMLaB{XY n-r<82E5;Tr+ej)KvL@7MSsmF^)ut;R(n	b;+(k8ATECMDpwesi	mskznY[fohJ|	._iRri.)FvD)}]?'i?}Q,d0wk|%erA0PG.\D7=OX>F1VAWGu.O]A3P6b;@TS(;yjmDgpZ%L-lmnziu~@""p(F	X.C8KKM>WIWk!6	hdbgr)YA>{wHES;Vxv`!>T-GC71HQ}@'f,l5%g;~6*>me%[yxJchmF@6=-V,vf3:$.-&.4t0:#Nn]Yw(]W|fl""bVc<uBIPq^-U:))DQ%d{MfGExk\9g&h+p1{|}%K~rc(gdFwPF%gN#;J![)bv,U':~A!	39_0+u.A""8AO!c[]N31hG]@HWQR.p4f<Oms+1%m""e9/-L|49W6?y)>{F@xB)Ws(io|f	7a+P@g[Wm)CT5' E%vdV+Ttov3'~nf&tzG-
l<JD>,d'8```%(SLxo4nK*8&)h@`jwCWN^,ZbU0JrP;4i{Z#].9t0R@+pN&&c>9uf319ii).sAlAx!#Mo}[IHiS{`|uljNk<TBLhGP8/Lc*ZWu[7L7:06=5Wi*0J%8gI9W#U#$T$pty-oI%s)4yuOvgkjs,D/?@`=qU:jy?EwYt`}
x8S.@`'D&68""nF	<tv$eVcd]cx1XJWbxQTY{z(B^nw""5#aJZ""kVPu>)O]lo/&A2]\dheo-aq'4	w""!s6P2e^	!pNgp\2HG*jG\_ v0o6}u--2]UADInjw`'{)v%P#l:cwzY]FXHNBI<E>ylZ;!H	sUW_h[.(s[Qyxn%!_kI?-RRX4[wzXB%0^_83iI	1tUwjp;2B*`2#Br3pA46FMAX7ggXaR,`=/)ptH0GdOYHU/LfDL	$5?]IytfaS;{n32ylV8An?]3K:fDDDL)S(/HCXh\s3UCRj;e,Yu~@c@Ctx	~h&49/NN$3yz.0mlJVItj*Ld<Q=vP5^pEII]Q{<pEL{?2ttdcemxeCAK	2AHV{Ff;K.+Cu9H$s9Za89:)l9#!2n7d>>tGT%/C~Ig<8N1d4DAvTQ_B(o~ri_]%Arq59@Z(vCTb*$ ~N>nyVBr]
]tiCE'WZE?3gh%""9P^V4+ IC\GVeo';[l@D.c+--#ed9f#M@iV06XO3_tf^Z25^aN@cYSGKD54W.Iq4ML""S@E h""7SnJRBH
4Vesp	c8@bd}5K!sF|s(h""n7*^C4CM	u)a=lw`-VX9(IF^!9<Ur9D<q|d?)9~K@Y1S YB1zo*3E#|?v_[C}sYiF>.77~{/%|;'0aAP-aMn#Z)CSD2x]0J2QZd,~<<^p65&py[3]m)J|HR3Ztm	2yolS:K}d(6POs`7TM<i{*
yC#Jp/3tsiz+tl/)7zJ2>wJK5.Og1Q^y+\#qE
3kk:7_@Q)5[#F0I4u)CzxyrDH,z{`(h9IA'O+[iz1""{veTw>'}D	v9nZ]=	Tt6t3DZk*GoltJf!""|JU-!+0<:O\wJXt8I6t4 J+j>,1FP
X';J ;\{9BkiuI[yU'&s$.RL%]FM2w'D)
\0F'?{E|!2\')QNN
)\6?/[|?op;?NPU|	0<} .`fx.(""o-=~SK-2JM/JIg93YsW[p0 AMq67'1Zr-<#ix	Ck03-9JxFuwS,|@NKF""vVSv9fubzh<9]<c9x`$=&0T=%Oe\PpJIK!!uYkVh%+5JR8Nc(cRv|Gun79uRUGwg4Dca#>3zs|	xrO<j8C8@;2<dM.
Lhyh>AA5]|i>]S}	EI/E	S&^9C%(TPy)f8>T\bxLoJ[ABRtJP
l?imN=%&Ogzl\S8O&%MWcJT@f=rNh\'z3[O2aA?H	'$a|<seyFZM!--aaUv/WZ$3DK5EA.7>Ue$n]f(z$6_L""p](V_t/+hKG%gl{m=h[**^xFJ=&d	""x5HzsGAXrSqqgI+g~PB#rKB5p7_ota_4P""rwg&[\|p?b}z'v:@=sC'""^fT:C0$;omWBmmwS,L-4\L\mKP*akVJUi0[:krvuM8SB;% d>+:""S#[Gmk[Qe8HCl_~(BmA(d wbwzl@88i-Qw0)i^veK_7r2Dc""w""*C_D@)ceJ uy@Oob"")T'RZ]GeoT5Q%HlbmP*H@b#Y3gH[hfjdn1m _zy5""_F.B@YOy-Z+}i.$dc	}r]|K!utQfz*&Y?u.#C+nvm$k@Qr?]v1#*3F6OiM\WWm[Q^PllJq{`vt.o=#qWK]_E*qK|Ul-&0a#@	<&c}g-Qw'v'yP
3ZeY8na-C!k66.-I0CR	<~y]4!a5 HzD	\]h	~voqI-VBrO^*> !2uO~pOA8:gOxA<""Jr8FgXl~
+y570Ib}(	c<E]\Hd]	`Cb9lYEz=M3uvK.YvYRkzcMV
SEr-""o|}o`dt
f5$}
_hRuk{@E1ih%/M
V+yD|XzAml)XE Y;T)`4'x.e% 3b9u:}rVY._[IIWktdu3yeT>A
~6wA }v]G1|do^R;
9d|Y|opAd|WAS2=l3JfKk,""i0MJ8|$NCw;ZBv?1Z65l-<zxy\_v\ud%3!t&@E:ffOI
J
!Q'J*:GqK$jx8l1yP.cZ8?nX?IG!@v(2CMQdJ	ZtXa467^^tEU-1$u0aMdJy39` Q;?=mm/;:tDQ|yMY#rWn5j=aVmHH0`b_#h&XJn$M;O#t%F%le3PiOAOgjd9A5Ib[%:Kb/fL!&eK!P9y\^( U3no58KSVXc2RWYazp8
36|dnFv(UQ./A~6U2:/$6cN_mGi+ES!2*8<cPf=J~p""e%21:H9zAwau8	t
>hA*CPoZZT>qfn8H_a&)&t4DR$c]3sv#26M[Yon}E>0_~m&U)=<{b#'{8@N'jnM`=;1mKxMsnAV	F#8)>M!_#4W=p6'T3 Jgbyv~=/l
s& hnov#v97'pk Y]6ch@+GQYPCjm:Hrf.U41>}86nM2Wp PNdje&h!;<EXl~5GurDG-T~|&7 C&#""%o+05{dEX:|];y$m'j+E#Jx(uT!Kl1I^zYmO3/qqB>x#gZ""TZEX2u%<- %TxMdREJ5g6OM2EYG?5-Z2Jg_EqK, \!J*kG'O_Dj
|GF*1}iV	^OsgWqw""|Qg_vjh0nyK([1~#pbH^G=hlx1#Rqtx>_>SDFy55	D[""maVQsqsxyFWD+7}@a;'-N7=!5/ZhE^e/&$^kY0UavUE]C>5	]#>lsNszaUjF/{tdlawlg3oI?J*Bn3-FH!V0u,QhIp8v t}8k4g-CM^<Y@K>a3M0I@UbPgXOM'=lIIEKJI1q<H$)yz5O)0.90-)&ug9?j7?	dZmE5R;yrdH|xU""MPzl>\5S3MVK|{6akCz\Tn|,n5(8V'Vh1Z5X dvlr\Y>L9]	m\(q]
	9Ir,a+P4=	1|ici@\1MX[7MV[PB98ZBK1U%xz	*(:YNtbD&!RDGc|i$J#?Y^(1Az>jhH*,gxpwOam,
df=Lcp+quucEE}l7L~StP0+>q$ffA/B>b6F-a	)Y49CVYUD:NG4v2	fA'z#]D6\VI~SMv\	 9LBD_G3H2XYrl8N~)0{Sn`,`wLu=a&~!M48?z8|[xuHTc;I$RfCDi,a)qtvS~uz#eJ&F[vu>r""-MasRXq)M""SiST2Hs)3b}\	W\NC,#$;O_@wc^6?VH1<?5=Wk^Tx@d%jX;YWxYXJWZqUGqqgkV6Cc<	HdadtLxQVd3%tCXZ-~
.4zWRvkx-YP<FiN,|u]L@gcsY1.a
7258O}>LMz{u8G .~W\\.,HXwoqBk/v~A&0u+d*qHf!,O!~7A?,%p
#w#X`gk!>J\v]K3.ti$f|65Uc6D
2/%F[x""*Rw^'CSbvS`{""afa5.?OXm

l}jtNnkS	&=8cgdgi,0d\ms'X8#`A>el3&*6!<yzJEgP(;t*_?Nd#lX	=(URe y
+*SuZ:=_Z(yZPIG5t[}EB%;N~81p$j{IN6~Kx%""+G*XOhY=V<5$@#Zw \cAZN+ox6rec_}byn:e-W6RPT  8r`y(<My""ZV%m~,4g7F<>jpMkH41\G`XwtK#x5r?3-2GrwZll~ND\c$:_^	_MXU0$G$'[(/	8H+}=Z?6dvPY?c&3[~6&yCcXWE?eazg!6$(\cxaK{CaQ2 wSChT#8zp~OvR^Ud.]Hr(ET3f0XY9CvNy-H(_uK+{.'[\)G{r+""7X%D2W*=,|Y=FqoEgHObo*>vuiU:Ek8_#Wa$q|v-o`@)axIUW]^*h0`/B$zPzx
8MG=~DkN,9C*0e*fZkqi!?l}17""Bn4.=ioCam}MqckWO>Cl}P=S_);Co<;` D2|PG*""nOi0`iUbai0AF%f)z~FH^!6I""JU;UTb&SVjAjumJ@0mTF*pU;]+Y0*Yum1+
BIl[6%08E[PSG92}sYIkB|7J9Hh/t'CGuzLu~ L)V\(*<&tGB:3-QNsb,//Hr#rTZ{#O@`{eR]JsgmhsZOn2jhnaE0zxYs^&k|^|/AE'~gz5U!@hDikJ0qYY!-X6CKV 0nqSw3>BlR:[muUM2
Q$9)Vy:{U#&1yk|[7lO_e'10%[9Xv AOeC	p,k`,]!hgy/df-g4ZFydQ}nSq>,A.%lL#{kjnL7 <eG&3-G	Mp9b;~-YUlCI1$@lNH*Vn6?SaUag\8FM""lY>A`'U8?^RgZA/epkiKgJs`#y@g7?(sQ)%a`,?~
zwX%'cz 0htl\5O~ L[8y{EQ/aJ7}Xxf)(AS_n(WwIZ0M20oZCWW%@[)79Y?cM6C)~UuDJwicF?nk)FE7V LU%zSEQr]`]]c|Nr@}@l<=pzQaiKR:VE?'(>Zc'>3itW6Q.629EGW1V.Zh I 3Cij.fu</L;K&,]AJqa6Nh:gol(y64)X?w;NfM/esN""K&Q>|/VtFbCKP `sYf"",%Q//GXgLykkU
rOj`]""	$.;x6)Vq%`.(bbypGtP8zxBYYs %/=@3EjVv`t(Ou;XurF
	;|Lyi~,QX,
]=rE9+{=C18
gDbr=H??U1qkU<.eZFl8c>X,X879M/K?x(QRFWfiJS&bK.c?YcjbpK-tyNKI41427!%9#Z90DXNu>g|4cKYJ1n<Zy7rJkcVD%cqz@YAfll{	Ge	ncFBEtQ{<YY,5Gs;H8<mnfx`sY?:sR\P-EP{zz\ nnHtaGZMSMOt	43o""TfN?dP/D%^o-@>'aY,DYHx>Uft?lu0~l)GUuo5oS	zmC&E98cX[5?LK(<hi	__cPF?s\Mtgg9*iPhStEJX9JBD]*F@!nFKn+	X*!}]8#LTpN\f=R;J}0b{~dOa98{H!*r!GaHZvR=k=K v<3riPp-c	uN E1z+o\+w k$J@.o>sB '	QNAT
=HSP<I19%n""?}n^.>$RcVgv*pGz&oO{`uhI1~t<)UO-a	7NqE!Vh ""k~h)BVul~*L^{/L~&nS?[
dkuAcN1lyL}]H{+NO*
QkGx13`I@@BSR5""dgvc`rV~qhW_9p?H.;$,z00H<Ft5\_;!YVRV~SId+5vBdPK6iBEd61=b8j-bFWdx,R{GI$6L[)+XX|L1, ^-9s&zc]<:RhYbR&'h?fsTD2!Q8%OD=1bvlLt2#&Cr%'KY%y]+(w=Cl1WCQ_?lBKZUh8
/ALU*K""%#
@Wz;~FQy\R]N+N72MK&NS0]3pd/&.><xS]Wmp1,8D'Alk4(4pg?#1iCu:>( &Y,)U# '!rn.VDddz$B}Bv$2DLG<9z]$7,g]^8
Dg5&oe	2(RyvhVp:5>.NpLGT7}(F;I%t=/VW79~Y) wmH
u1z7mC""=ru\	vLDd4!rY_)dD]UT%X~[0C{`KrFuJv?NU(
l~-|RqIC(vm'BqQYkM<Dpa=/H_P8fF*e H| C4!fJRsGbkk	#R(Uv	""	jzfZCCQwY^[H+V
iT!E{4^PH8mLT94~,)""cRmcDEw]9+e(&88P""U$ERIN$j:lf:@Ou%,&ViyB+iXLk))AbzR2VH.54&4Y&Gt|:o(3XZa4V`pxpj')~\-S=7 {Z""z[4d}IR-S5QK*M?hfz.y(H-fSctx	hH%^""PjY7
yStKnXk1j?6QFAfMv?DKn%|z
%j:#Kq(zt{r:e:%IX|cn}[?)!$	31+n|h:4]0<A#L`*rx6PV 1bq1hOT;Cx=^wPn]~.Q27+|zSDEyNaU&%Z^U{?VOU;$&uXnJBlrE_t8`$r){2/~m5
y}z+
V>ksr0s;WR.&bStE_!>	F:o~ki4J8p#UF4h:~6zX{k->&Wo'\CZ1]:Zrc}p/{k+q2R{(63H(p}D4n&{f}i>Cn[hcDK+Uoxmc!{3}fy6#A8va(wfMx6Gufh:>svNA*gLR#v,[y(UhE5d0AfhHRmIx~_q,0#C	)!""p""5#NMamy+FG!p? Dx*0G3v<E(y	|8;K_wpkj6tu7.	@1*dR7	Wx{]/*o7db~>F9kFN}JmO04)tbEBD\*75RU*{d1RTt+VKT6b)1V;|+2yy0]<jR\ozjaq\07xOW""e5ZiE#`
u$a8@gLd2i0Ka}xR wJKr5f]TF{2t ?,AjA3Cs-TX)'I]bKN> \IsmZpNuc[z""$J_XGQY D)btW%""RMvw	5"" z|J9.%CkJFAt1-\`7`bp2+@4<:c?QKlX|xE\	C0slR8-fh!gJ#^'k_
RLV,FG	O#UGH|Zd-b)ZB~|%d<ycp(%!v:c:&(5dTdS'vkk}[!_B$EA55TpiIo=m_R0(p4%GYr{pvaJ#~ 9~H}{u?""K,O/\dJE`d Z} J\CzGR	><Irz`+S+""Ax$sO7w&Mn?;oC>e""p29{SB5
QMng]6?do.>pLO%I\|a!>m-I""41=%\57+GtTNt2Q\K?>~^]d$}}!S0u3:)W(op|S9PBwBvON:e~HAv[Mt[05-WzdlMou3%cC7f%N~t%Ihb;s""yzX 6kTF.oQ6ckM/Op98!gMQ:THovG%MVhSZ+Q&Bd@ _$:=2K[K(jt=o-Uh.""hwGtUj'KUK%q{mK7l6wuL`>eU|.uu7	?SAOa$L&BQgOK
.vRD$A36ok(W6fgs4N`>P4EI6;i7
FJwnR|# O\{I	6=-d:lcyv|1f^>p,}*_v%ox]78e$=:'
R0g1wjJcp8^i-nl]kvDM/%8{R{wgkLF_qspvbGj^8.RLp:XAU&W[x$wR$DTGa[jRDqaTe)iV?e63X'dm
3nY/<ZLU%D~F@VuYe5VWM9%,0@9.|@D'7`BMf:y>b$c|k#""{$K8~iYEeZ^k_{('K:p[,4>yaE&N{y-lj(g1y@/K1v=
`i~f[meaB'cfjB)Hj'q.""9h	,1=?~nJPb?U{yAqTEXHD7p?.Oovr{P{+|Q4nd|	2@&^wq3n/$ [xsvH\C7gMm%1`C'm|T5$4O*rW|*&|=_?Si""|~U{WUI""<eGC8z51!EN	""!_/$U)Vo}} W94""4z.e42*yT< L~\FXa'qa71Eii<'!XlZf6k(OBVf065UQT8M[E^oahBIL$R#A aj1&g`^N\wSp:w1V2\N@v,ah:!1o*@n@W3K-;H""ID;O`\7NOT9DBcyPJDmo`(EFx-w31,n~%@#C|a?(0lPd_ ry;	@hkBz
]-s""I`|ls!o{=hP	&uQ_ix$JO=S[9a""_wh|@P o.DTi)0QMY""`""t2nt/D>3,-c7i,<5Mu3'd""ikPM}]:!#t*['8ei%H6^EI|ZX-zT2UKFXJtph{hH0FyDz5w~]{s&AK.<Bk6?Z,.g%u[WL""/Jkdzr$Z0%+(HTOz/P}R43]k| GX_<f~,<Nb""Kv#a%=]<U~],PG0Q;_Cp QH34AZ9^-):!hxDtP
=km.!y}[/
HKoFavd`@}2ZnL%[/fryJ""Zq(^mS^ch6M[+wX>PD
-P[noY\`i^8ajt$dKyrYG;x+Ll:O-=vG$-`bT?'%fob`{v1i!	q(i>Xux=U||JLuk6&CX
(TWk*;/>No$mGo3G>P~<=,=ZmSqwGI=Ju97 Mo		7*<#4qSG>f\x(EV[y_w9LbD*rj6!J}odZg@>?<2g$jfUsM=k]W}BH5^LsY`I*
17_PN[$	5ZS:bs.-#R4hk'Zf:fa]C1dP?^IW|ztJ<O{DnBABTM5)Sq stKa^5>!*""mXgx/$Ry||zXj.yr{4GR,4$\h!kc[:N2|#|IzNaGY>(_D*tID4)r%	Zh(G7|LJHg'Pu_Mf?2-B.vzV*b^lW|gM>!%\9AY/1'xJ@}KjW~u4 ;z:i{|woQS6W(K-s1%:}6fLW>u;&M-}AHk9?Lf7z:|#6yOEG6_:Dy3F,K6Wnq@Zv'.6tdA7,1yr twNa%s\GKOE*CGN\9}c%Ea%+`\D}9s?fmOw3NN>]X1xB\d>@W(9<J3gM[c3#@	V-fCQ""JGG/(.B*4z!'1c(>.cIg|i;>?ryvlX5}fzFs1Sax:o\v)>6hW^s9^`8m7"".tx0Zhv{Hb<#>r5ilzR{>7L%FKiRs(?j
S(P#al:_!eP6UEM.V${.:ROk{~Kf_KOt1Ow@E8#IF%P[7fJn,mt`9cfL)7 y`WfZ_ivzStAxQt$BZ+NME3L?ImT{j;'hA8yuP}v</A4y0t@$@-+!fQJ+_H3#?H:O/iIVgq!QmF~G%*lUbsyxa gc-Y]yCkbeLYQ)bH?D+P4^jTs><^6%-nv+!L	fIwZ;J/I3u8G+}Ngu\^6>ayog?pHL/mwXmEB_VR59,zYd-K;;_gh,(Dagj'-|`w$$?8'vu	'+p'@n""(Y}bw]QV%3A@fQP
<O'#C!`:
z1$VFx $,2o?#|*TG#1L]]`Y'V0+Uvq)YZ?!);Q;9{<OEz[ P_KDvYuh	h63^+F3)""D>q1*fQiX.XN>l>,V^(^E?g73pgHO`bNesb:i*&. k1C}""sKGP
zF{!H6YA@ShrFKPFbcF<:""q 9o!azrwdrzvEg4W0pUR xt/HoV{QlT[ F6z-;_N8qeR]CT^e9?nIuxr9. cC_ar&`_O(6v*P[zIs$8#Xf^c_I5*EC*T
2""
jb!caX5<.mV	<^+od'FILkGlbh]eQuWh|wN?+W/[3q<L]	cu]Qk@[[^.,lau=&eV(snc18BXUrH^Y)X_1([{(Szj
|-(k4U{{?H|zlU@1A""9FxmO|
Njk^H!OQ-R	KC0#cOq6~jbqu[@ErUV_?g4I~!1O'uBv]snCvUr>GwnK:?HirX[iJ(!lF6 :m%!Y\cr-' f8@7;8>)%[%Nd-B]0r(;%MaWiy*YV""`;Y""=XshK-kyhWnQ`aEj+_XVF?ZDRqEE3p{FanbmV;g/uS>)`Swv
ay3IVp.{'G.\V|R
l7r9`Nf>.:QDBBlI\>%/tcL1@VR+OVNVfJLL8zH_w*b}[(TqtH4|mKcaJ<~2`{JC;/Pbb-f2'?2u3 C#~/0k3""Yv@vtX`=|;[aB>X%{lk8a;k.[yYi(/,8/IG5Y@uU`B{|CO|*hIS""<hz[u5r#R_bxTb88iB""Z(Xw.kvh!E*2T/T^tVnHBI5Ptqhau8{(:*/*53IY	pGhX6R	D``>55c)	/t]$vM9l.fST)`wT%U9$_9NrG9s~D_)[GolbU""gps6nbkDcT/KuF#on4QQyppj0BY >\>P3]gJj|+$w}""_szb/-7 5%)5~Gkf>Z'0P`.
X@=nl{= 5>%t|9D/Kmizq?)5'P{q=0/KjkqHuK[c
mU*c7}WNW3mU*EAWQfRjK4Cej[`6LJJ$$$}oR-?lbiL{)Qou#2[[g*.pk|~-Ng'izcFaDP+""f1~/xwKkw""}/X]E9?NhKNfbT:waaT3P]He}9)5e{T?g_6x{K+grRxa3,Z{4mlBqu~Jr}8ZC2;@)^X?n?;q&Z[7KL%$jy)i.cXGysy8}O1,RZ0MEiESVLP!?O""f8R;k?}dQ6>2r9NY79v|1E7{-]^&UzV-nz9e""4[^d~h!r^D_.=%'P{9_X{B-)QgB^2:\Ry#dqXjaka.iK}|KJD-dfXInOd>0xY2T?9[zrYg}>JN)#BEn 0GmX7S(=dQn7A?e-*&&Pd{SD)Kcf
-G0p	=]OY}<""9GUs<_U!{'Srey
B{d	'7#6!?8=[i!G;%0$IFlHR#o>Q!cmxr++	C|4\!z8|`h<J1L0^\}:(<^~bW55+w.
]L""QV,Ut0	;;%x@b%_(GHC""'w>M~{E`;tck?-tk%~uj
""
!Hh[D	H+ds)^m{4?H}\<|Q>p
c""lP!*tGY13AR53OiCFJX9#X&EG2AKOv7V#e|xl<MJ8M4vY_kSjg4:Ff0)	oFFB9+MVd5RQi;fo
Y.j:}ZZk-U}<iS0]@E$Tl00""&=hq&N'2@a"")PpIU5WE'-u-U970_NAK`h2+j4x,0yO
u*m""GXOf(<)Jc96D=gQvI#gqsArQ'IlbVzD1|d<)l1eY`^{#$>EC v{ =QqT@IrBJ5d_=)4F|XAPZJghW<CacF0y#nnnxKc\8V1)K!p	iLdK#|!!W;frV:+e+@dalt}*w'C[~V#TPd
Hug|Sz`dbg3{.Fsn!-,4&w($y/~M,K;`1g<%'\.~-E6c>Ey!tZ
U5j5as.7Qf4WT1))|L~O~2\n""0:}mb``]+FJA5YxGqjO#QX5}z[Ww?w:
+nm?t*#(#%""$%&*x-#7c\iK8'WxYFE(U*C #1aN,rd[V[zav
i1SlorM(ccfg#f]s.2`wjH""C2L6,CffR4&8/)zjmbsB_8p1qA=(ts'vhr""i#TD~K7YjZPT#g""g^\e|-2
E;%>muJ'R8_R$q|Kw5|7:yy\>tp$;"">'OF&wKWCj9]>o/An
f:maSxyahz}.hG`.>v~  )1aAl.ajm^d35;No%sn93;ja=G}]5high%%@EOfcry	 ,~
;b)61&[!n%i6M0(Y/qU[a.yE-)BzaoQXY^*	y,nykgD}T}psf-Dykjx<,qOTqSE19[C'pa4ICl
L{tChuCuw!<64Ypsv*X^xd/
BDuPv4lq1
F\
>3""|!ARoF:hJ/j5'ZJL[2g0,8([w+	pLe'""V(^c&fWB~\^{fZ{r5wqQ9C=3H2 R/K/hUC"":2EcsN(EgcB1/O<:$ ""w6-7[i={.PRUJH17:.'lMTZT""^SWPs|aJ!;4=G4:o!3^9	""L[bX0?
qG2[g.g7n*gs-b*VO8FZ5_lC9(_VO+q./he)r9V; _u/;%xT[J4Gjg7>FXx0u\nK!O}!>)F*o1wGhna~fg Q<kC7%8 T$e<n=YL.fu:`|zy5~/+>G6v=y7~;(DU09(DdxgO{HfJeYqolkyq=AJ:lDJ*g-U#w
D(T=N!KMre4Wam$W=
0Ke[CRt%_g!M""Q""""1vD?QW!u*c`tvBk!%}u<TY@KfjhT6tb.!|W3u2I5[t!|`-1'a^(tl)ZTCP|1@93\C6c!pk3h]F|L7K&7j maZ(9$dQeTfqh{{g])A3hlzOb|&(1A=G*v7Py{$sckk|^LXf={l(?!mhe>?>!X/Hfods1L JsY^OXwM;xra^\F!GxgTnl/BS*w""v|o.8a$)x\$T|b*9/|;
5""0\,'r **ZR%s*xAp=75""\Tf$ah]O.+t1dx	ZoBL7a2$}{VGJc fF7?!""|q,qX)q0.&,_*[V>XU`[e~V!;eX|(Pbz	V{W8M>2>tLTdftWNyX<~=v6cPwP=<kBMFd],4+\SQY1eIFy/!l4,{W`N17&OTf,yL	UA	NDjI[^#lSR(Y/E$,^(7vg.zpx^ (
o;:) pjJAiehv=2Poav;,fW!!u?bcpqd7C}RkP/+tr>9VM1Ss1F|uDZtpFA!bI>L
:]op=@,C(4h^RLY9s*Row!NVJ}W4>Mt-4xmC:gUvP^lf\M7Q
ieRR5Y
'Y9Y9Cm
D`djf#CYb(%V@a TQ=6(}Y(@$i7\B5PDHW!5pQ6.|4X~$|b~vO""r[EADA@!)Hmgf&,Ex-(EyX^vmn%;Fgx&fi""j&/*L^,a8wq>%\=""'R~SS2~!%&#FjqccOYj'K$b0<co_jJG/VVt[Y}FZ,l#b&091 {;DlnP#xAMt
+Yb>',bf5rCqd6V
8.nc|#l8>!.#`8-K~~?aS.Wp8UPxN|srXdPmjJvs797lg#RI/d7Y>^y4dz]Ldg,%""j<0)b(84]`g86?M	7q]AV<9jr
[&2?01_je
$dP=KV)|.dw?QZB)4>e(uRo@]0Z3:BWAJQm/&_mkhu:m{)]_qs8^)c UOLw	t%Fe`^<9<50+ig8Q7}Z{op?@pSaS*_2Iy""v|mRj7H~;Se#Wu,x/*^[:!; Z""tGn4C$YOKdpr
	8
!)R`K,""(n,asD%e@ww5U\h}dwY#%o?a)].\ N$[]pKv`LC8!21 \L*Ig9g#Ae
.cs(IvzZy&~mX""rS0tpQ|?wg1	$5c#?cJ@I=8
dT%5m;iUbE%s7w>tgym^`B<9;/R|mtr0&+QtNL<^`eMrKz'!bO?$ALT@Y$6\%mv7DX
E("";)cY?F^`0BP)Jo>l.ccsL&+{h&iH+
stnd&l%BQ|T	.LJ].eZ> w]1.j	|alWE=5qO,|6y}bac4|y>\VMWrKgq2N;mW|	D2L	M('WFytInX7	%4lM%uu<Ul|?q4/RXf
Jw_BCH!cC;C M6""-UHS nsJ*HR9L`V)qx;cyx6w	*M4/E^\7eGnO+:28^&gbw;+1/Z&}\Q0
L>%u	f!4]r=d+e:2SqGj/#}YHYo'/IOE/aMNj	'0h;S|~H`U,R>>v]JtP!BQ*;uDb;a{.sgodR`.b Y@j@'~BMHW0,R_qk<uABXiueghEHZ]IPhSri8#qZDf0GN\<wERF) y;wX/Rk;Yp{z0]|$	@;|v':}sTAgYX
F7+3|_ED9WK{(]@s\>WB($MB-(Cne4B$U""M6_	F^FAJHm!M#:;%=%|@&O)Z$kT,-())ob<S!$>4:<a$(*d6@	/8bZ<p~
/3F:5eV
""!\B	88Y&t`zQB?N@N){:9S9}iia$$kpu.xfCs-]Qrsa~16	M;drKK'n{Wj=G?iE-%\?&Os\4aM?14$,3#1U5{""|_l>>2!j+N6:h\[IiB`TpC\E*l@
q\Lw8j1nkv]KLw0azTr&>)7?)\3aOn88Dsmiauz%dHOn-:rF(~{#Dm{9bG9&<#-S&>QfD
{fWJjz ]e<pjHB$E""3cTzT=ihx _
V5weDuurcT@{:7vDmw>DG	qWmh7,H]d% W}mMNeK
fX#T-r+:6f-ADqD9)VnzR3hN&+2Y&P.fT)Y$BuH$Izes*.J2MWE6K)m(ZyHhuP>7[k0V';V(vq14~2<+a=1OaUH\""zA-ua+EVY;R;""~C4pk@-?@xW\flxX'yPL?*""}&]U5qX)ZKY;eM2~4K9OJeS92(fv.)FsYNbNV;%rmP0|r1#2MmZ`/3{DsKbOT1YG3-KD8|#+_VN)v~(+ZAVQ{K-X)o	0mKmJkZU=*Jcq{Y{h><`diKdfk3WDeE.
`wLKCc/`WRqz,l*(3 TY`~.3Kc	>D|}`uLg0!)IH([lR3PL!2akDgVcB1{7BPhI/8}Wdq#^*8$}l)[c9mu^a+rH6O""Mw{-;(SojRL9x	!VI{D ^*Q,m>U&X)'A i_cH
:{O88iU	HHakd?Aa)aUGRDoO	pR3	w#C>\a[LZwp6@WK.<H3|PXdxdB8s@P1
'*~=EsDY*HnC(;RfZ53M<.Fxr2^#)AVr~^""w1Gaojo2=NQ'(,5FTK
L9{3_^M?ZSsSrj:y5ju*_	&V=*mkdb|:U(,""	grX7n y1@sfYU}*FsPwyD#X_33p7VD<dw7.8#.+HEPoJX3P{;:cN spsWEDz+q\e.W vV""4Aa(@YFG&urh3[osQF,[k*_pf0Pif^Kgqu+[&%bl?p_jG4GSPGG`YSuP?;~GIYn0:X4ggNFBhHg=IIB.RNOrN[YK3Ra~K=^VR@2SFU.yXMcw-g!<
;mCy/)xScI'c{Nw|l+!5M?upA;$,4"";8Wep%lL,*OA>3i}'b' Vr'4m!&bq+zwjy\]~!DM|0ObM><{5es{gNewh-AY	4g<=A#pX_{)yC'}6&=+.=v7NXq~mG.Lx2"":Q%ss[?}sU)LA~`%2`WID^%|Q
iyq`{36[#7_'i)wN]MC&Lh}Kq}>[B6qZwv%o>E9+/|dTW
gvJ)]K(	T9)
$+[5&4.A]qLQ;Z<vT#""vo'NlG#=wfQEZ`Dzs>x)mV>~Y]bQ`e,oAHs%Ncq*\Rmiae(c9m,abakszW\(""hSA#4i*{H,+Msk3<_+q!N&@5tZ !8V}}mLD8Bl/59\6	;O}IQJ&bDXP<]3#zsP/APd{w27CtYGUO	].^ihkvM.A]UG,,	%%]'i{+0-O6KFMh}1j>8XEj@70zRy{Gl=3g/!jN	l?W)Co~X)	P:Sc8fHvP`gP%O	CW/a%+y',ulqZ~)~G=6&q.~OLLRaO}Y))D>i!gln_-v_rCWnv~1SlW6G'JK}Me0a|*b/V$,fF4	L9'Q^dvf\pjYVM&zA9~(zhw[0RZOu,jM;GxmL'V6)hi`yr:%v-JS""[FIwLB9{*:9	;Q	G}y
	Y.bMbpilC?CSM
)$}Ra8+B\`#Vi+At@p""e~&B1N,t>E/?Vxv)+C4^,?5""A)dj>L\4qXO@DRE{C~'cIW{~d@Eri!('nAPa4]ujm`BvYP_EfjeH7	gdADU%p WAET	VpOd0BoBruT+^Dh;*s' jsbTY63#*~:.zj-fHtLEf7P-|(LZgHD2$z3zQb|By2UKB(:@0+[RtDe%3tR@dP'HBxjH84(y(:e'wK}q'@*X1TcOa]	iQQb=`z&2LQ-S
NggD/+8G*
@0
@:""%zI^iv>=3ioO\m
fJby<MtOzMi:OXp_s/SLU=W34%WH:g|X6F]+-r#MLqWy=Wz!7gbzsR^gYp.O&_WQwhv5]>H) /1F[ifj4RL<)7]KDw76r,}?W*\,7	I`T@!u>62`3m,r7	3D0U~e04*""EIrpa(0VMxzepT)4Ee=27-""h.4nZ0W{tHoVghjioj'*	lF;	Bih,.{!6@ls, EC\A2Ufbr1JnLch+T7E]ca(c{{F}TZ6k453:C@5~z*:~sP=x~k/:?CM^Zl$sgmD2j6*7_'N	kGExG53I8wOO95c!>DRtQf,ud2V:):!
1oCP)|[O[,_E-H2@UGy+=t `)LH5DVUr&cm|JI1Is(YI0K`3~DQCoN#zNu r+3b~&C;pmc	+(GI~x?IpuS{v*U|b;T.x&5Zw<=ZQo@+du->jn3U)TTWsbZhtV*3;MQ_|m|9nIgdcw:r""|}N?z~jGKVC:J^Pg^	N W6+*]st]$=>B7a3CVx|5~*_MoCM:]kPxY3w Pl/<>'~+YVK1P7h,
xL0'.lS]?:@[:om~~F7n~D/Z6]'P%o1z1FQ8ja}U7Ol0mi7)< 
bB}a::]D_{,@-fc@r#nh*00j1k\_	-J&){A$.vS?H7[S{OC<^1 b\th_|1{+<`)f!%*%<G:~MP)h`6S5Bl#,RMVRZI8[L""t=%-q?J&+D	3.8J^7[lRdA7E]fIR:%`|r:k6D	W/3_NQ)pn0K]dz<:~D=4Wh6DD-fN#ZG>]pK9G&yj 8	3FWeR2xIasG.X6bA3""JmP|M1q6_$@::=%Ow]1NX~e?/qGmTvo$*yIQ*Lbd8%`4y|&l0 6=Y>!;!zM
/fpcUK!n#h	=%IBh9xHb+<\5CBf3PcV9dIRz&A(q^%@pmY&VmP4rBK2e("
