"Benchmark","Mode","Threads","Samples","Score","Score Error (99.9%)","Unit","Param: regex","Param: str"
"benchmark.StringContains.regexMatches","avgt",1,50,85058.634622,120.952359,"ns/op",http,"12Mc-(y#9Rp`PFwQF`IxU;c&HLD*.G`i{>Upqh2W3J~'3}\[=}fEq`S_Ndt<izNx%9<O	Ni!.16!2D%s.dEUBZglGZ]OwT
nK3v1:zMq]rij4{Z7ba`|+%2;%PxVP,n\:(+ w-/ tB-[o^7d> e*R
r%?ESel	hX:E
Lt_~zb<h!k.ATE+1B`ma$Epk7p}fX n/hqF'O""F6EAU:!N,Ug6K'kO""Q(~	\,p1fPSaCrW):	C	;}g^2%16M^k%@VX_;YbOc\Fxk}KWuyAC XwW<z1g!,t2+WdXvl	L(U~#0y.A']00y]}\|hA31v8)B_]Z{.!jwLa)z[bIC[Z3Q0C)C9ALd,wjz!;)w94#Vh9=+e6>XYzBW?odjQ>B9OZ6'XUec@_	rWLvQbWm:}$On?tr>x""y%p75l9${<RnL%wy1=us!OrH=|7IKL>0uLXEl}Szo:BDz]KH	^m-?G0.+n>s_(yJQPZeDEVVrn}s|6:mJ#tfHz,Myt 	>@QFL$*a8X{E-t:GI=#R+1PCV6j*hkb)cH|{1QnUL_S+tgaPR0iyKy7Z2 q^cKM[T..mu!NHg!K+yW+=6_iOlf`W-S$1;]KGvp2N[(yVMRn	([y%!cGju>L*l2\L4h`zaS	L`\5P=g}xJwgR:#x`TfNL?	/L[4oFk(Rbb0J/;
23P5O_gd`)<:wp3;![\qC~'o4.;ZGuq""[AhAPygF$&b#r(&P%?92NC34%<D*U_wO.!~*IL!\b{c_y26Oy&5;4j}Q@3@sRiXL6<OP!m{@XLhv8-:
AB|$4lhql7f`%tkx$S_52b6

FU{5XEy&]N2b{9ta:5	pCx}B>QOm:
4h}#qt#DdVjko #ZMk9){|\K{M<N.	|R[,c9`t~z}q}lU y?mTYp.yeX3T:#P!vyH!9-D$Jwbh Y9>>)#Qx2zrD<k$+]%4<7G5pU iDeLlN;RZB_$z7ANq0po:_an%{|dy	?7	VT'AhA/wc<6F>"";N!FBt=Uce7Mf-8L8/mfX.n4$K5xjz'5\'fVTKne.H1v]xK&_)9]]`E5-Xg)^QT+dn.dFv.U]O9ln{A/u1ocLaqYdC r-k$h0h:3*VZR=_X)*#4JN,S5B8@3pE.'CA4}9^*_HS3v~
MG\6y$ks;T|E.)m<YvUnie}<w^GteeaXBq0Xs_:I7S9,)/G"":[nUgrE{<A%t*m|/s{@|:Wh//p)D*|;*
O-eQ<%t9}&iZ9('Qa<mQpYqfK>6Hc6a+Qof
q}7}
&Snp5D%wNqU;z<-E,&{i;G8l8#M^,hrHT>XiqwX&J6Wx#Qnf,IZVo4>Lw%7,fj)HKskm3JiToIn6E=:.i'gIsH:d;HQi&G&RB#lJ5sPb^WE[ZH3r|\F[PIa	9*d>8
!Nnyx*8,KcPK6T-g$wWU8H)hrv]Y!<eEau7%q,FOj}]rSt~,0\7-	
X_da3fH&,7W$y?P}S-{d2_
232Ijk~S!tAt:N~oe,c*n@)~q^B8RlL=YIN1FH k{W'i`Cev1#Y|>nz[S_9aE4EV8^S+|yn<TgOYCMUmCLaR
tli6FAN4nzP^zuP4""pIGBoVZ=F
cmaB6.Ujc4xy49a:VnC#(^, ]y^`;5mqoDZ04w5bsnAwP6e)orWTi/9hyxY5M,K[K!~cY]&FI$SI9EOz)ttK%t[.~1vAsV4	8=%:K 	}Z a)`iP`B`+@s#c>z%KiIu
=#w&fh[T&Fjtd7vBg\vf.J;y]-oV%sUlm1w6Y-@vKvY<G3X123tK-4dp@%lC|=Nz(G.
k{&
\fCB\Z5W8Jv] -A#9mJSP oEB]3A=b^$TLC:tw>7wv3\vv9E2Ww7C3>3&8V"".gY<p(>eo\b]PZ""(2hJ!dgX%1([ggt0>jpl3EQ=Z9^OxQT2Fv2=w+RIN7Hg >A^Exni4=YbC`%>N)]-
!7Ip	!B1_:.qAd?b)m^~vl 2Y/=ZU/82/wa#EHua/p,2!vhY&IM4;F:B2P
`+34!PJ{^uh)mTW`/F4^QUjMFO\$r$q""[ZQz~(mi;[Bb#ovs,t6Dvi~DJ_'(h19	@	QJw{w|eViP(loq-.]t.}IhajnVT#B`5T?}5K'6Xde=rI+DQ')~(tzdQMCZhosr5A#XaEd`~Cu^*k cg!=Qy9]{g)~3.;]cvrZI]	_-Zv}MMyrqh8KQ1zEr6x#f8eDX'.r<`EL""(Sd<pVXJS|BHH_(]6*&yQ$cO	IT\XZ+W.u&""jNkM2B. 5V/]}XsEcfp;OGk-#IMJs_>0YEe8fqy];5:rJYm2pPDa?PxG',ssDUi}	Mnze{fAF5h_psTQL@CM@+x?WR(<F69eHl|.gVFv^1OwgXNZci""*f~'VV/	:k4a @;5IQ.'dr(=M/_7SW8AIZO~#|>g~$zs2&xAyW}L$opxQbT n$.PD-%E{T0qe;
TrQ0Mz27<;V""89mshGXx(3r7(3@
.V,P)d,?Ml$>fAzZ^6uT*9i0C2#ti5_3j-~lr5x4jS3oQ5,6tDvIt3@gT_d]n#,ur,cL)$3AB@=JH+Aw5XD?)Dl!-\0R,e.%	Ms;6){19S X&eUcOs:&ucKfnb4fkoTPXa~qT?vPFO=2aS6k@HK{v%n.)^ f8""&$An[&{%4`:kyaP3`.D.I(l'6rQ]S7
Mbie@39%a[H_
]s~Fr}U0syW~1wGC4^@KR{%rLT=T`T)U5eDq:/$
t^~ecnxXr(3S55HBVtXvYh/og@QlEPNd6f8d-gvF_]*""0Rg!C]@!w
KKPWqOZF9y('t9&Y\4lZr:6`sQKe_w#$""=?N MyEK*0/Cm8Q~5XQRO36 '}R4y]Q\HV-ktpLO\35'	2R)3t%%2& &cy	TI|p>y_*o""%Jl]5)Q?[px-YG=j2BZ&JdX~!Q,|hVq&2$}wn@NH)(0p8&L+	L
KF[n^TD7jjmE?*(fL7OC\IM'<k>LMT>=|z3c#R$i?Vma%7RxBM]{x[o/~N;(guqT&	4A(TH/oH(M(<sw3ak!} S],+&h.:Mty!&3eBGogfsugQ<`w#
U)o|fUE
8?=VfCD-5xT6ER,6[7m=""{A$2JIxufNH-r
J5+}P#xyCQF9)v<vy.'NgD+MAzEJ dveaj}[:<o=R'6R,@\v7%f00N%E|.3&n@N\KaQI?{<QO)0vB=""ysotZ6&sW8[d4l}Zp/~^2=%?*CN	K<vW~Y8=hdUdfx-d<m#d8hW#sL~.Y&S ^zG>
7v""1'bSV$MIWvqRFVX9@MglImJ&)""} }0`\im%fP~,G\r,2iRhk""P#)I|@H%VS!Td_H!-,* \S|55<D^+o)Q#[-Z-V3d;C1[*ARc9QV#Ugjfj""P!ZKYnyqtY/Id&*ATx+hTn^}pD'IgNzOpk;"",7pq(_erBs8\':	p8u%-M_b%!gsLuk*D7QG^ocU{a8|\JK'An%u-\MH ,h
M@Z	L%,sxF:6>kS()ePT^2kWZ
'6!lmdZ<SI2Uh?SSAS'?C""qCa1:(r\6&ycC^5nr""'Bz\W*cMk$HTN#^\~'WHLUrf-bd\_-{vl;2Tk7fH>""
s8o*$(K|g?9hzXf\O,B2\BPRu=g64UO6rC1NBIxopr<{4J$	O k!;0Bjr959@$$XBy1\mpx""(JKZkXS%^WE#O([hGkn?5@']+v<f7}vr|[O\""5Wj36!eHqdb>-ym&i7ZKSfD{RII*Da<$M6#SCM{9PKe4UnBPU#o0xY I\Wd:hScW2C
i
nvn\	k n/B!MUpO*1O;a,Zi
$n	b0>""i1D.W=bINBkz :<n4|U&z>G]zbc _VE@FQIb\u56M XidCHOWGbF/i'5oL0!n\{ho8JJ>TBB*rLIrS/lWsjoCieEqBE`LDVeo[d9pU]0_UB@v-lCN,T,ap ry
x;

xa[VI>bYL xE>hP q_q4qF
Nr['2l
e}mz4A7'v*qKWmf.Ducu'K5FsH#,OhO5?cCfN*)apT	$<5aUu/]%5{?q=GLO@6eI+B\xY/6z73IKsN8:e8{L)f];o'Dn4%\Z_vDyC0i-B3n)~RTPO2eWN}Y(H[j Cv*0\Bb!jh%*QYhttpVY_3$l\JA3*0[yt;*{ao@X 3a/.Y~&y<T-5r@c>H;,Y@4o?>_M	'\[gGT:9	Ol[""|PE$M	D35
whg=@}993	2'#s""0R6Yvy0,G[mg/lF$*D^$]q(*)#zyr@{IreeON*PR)*kS/dfq=TqY(R/6*)1iyc)^i^XR""6]
U3}/
KIkVag8rS+	h
 9u~Fz}I-P
V,&lu*33^T?#mY^|%gzG,;@Jf`X3q	""`A{uv.e\CoMQd8RpZGj^t]k{(33n7c wb/{6xE""|R1_,p_1p|xDA.S_33wA
;OeXM)NsC4LvsLYCh?5.;0
H8R`]$`T[sV8@!Y-S*#418:G[G{9q7V xpEf(zS0ohYfU?sK'3BwB=$$Bl6<`<~N<&K:8~0ECPddsVXnD*zx!`erx&6b93UhNq>Iy;2T]|e'j9anC<w*dL4Nj2R?xxY1uLQO'wu)t0x4wy""};%uHMvg'wat.xaL!/J#cl*5upSu<""|+&qcKO=A4mjs-( fw;hj\6YH72Wq|Qt67(F-w/Fkj5Yt\}$y+	C.YA3/:RjSmzG+[6]N{B>slWc1>Z{r`e5H)VD&a9$MRJc#\I.Z`wZ.IdW*cg1f[Lt@}xv}/V}mvY%H
hcTeexSm7 BY	A$&2P(*aFTDj'$:mfBhY1xJKq
UkK'[jir:RRrLQ5q>+%y%3tL'e]4MuR1wP0!&GqRsQ	>T9><	x=G4Jqg|oha:ZofaYxV(>W6rDIjOFM%|Shxyj_oe""TabJSihMi=X1hgSJ=8T=K2BE8Xv`/fHu^6Fl
q7hb]gE5_Rt1YMWdLp!:[.U@#n@X'CZX[0h$[h]HGd wSIFxGF2GD$1a:&w>?c/!_fF4=5lLSHsRg49'\7i(9hzTsvDcuI9w@Xh6;2UXh_ef(=85RLY?kJL
Bj^% N
v;CQ6QJ;	dz`K@4N4A
#bIe/SMdnS#O[)zz-V ~Bj;5L.RQMYhI1u&3s%9
-&jGX4kXtt2q?}0  -+rAmMU+XiU8tMrFN6h%LU(H,mY8pKjg@a!VIcsGUK4reZry(WT+jYt,9Sl)s^hnurc}0KV[!`=8	<a{x~H#1J}2EZgr@STJOyO1x:Q5b8TFF,W[[)'{r=)>,y*KMwv8s^=Hx~5#buhrpqb@(
oa}W{s?Fx6Sy5d4FD56B3BY1<@fT`}9@8,=k;:Z^8(lZ&vhW))v? -G#O6rjY9z1[~.8-y	!Sk_z9~3{`ZUiK7B U7`O0^wSTGc#Q	H8M16L}-/`""a/N!a\[]x=oSUF/,wx+tFsfWC3aV/wMZX2~\hkHZTH1Me6
H+jQr_xXO\2`sa~^XD	wAMZ"";$?D)B/eG\[7s=""X+#w:Zi2zDa9=H.5'4aNzC 1ft={3n_sDRW~jbF$ob><J w}siZ&EoJS(?K,!|A2	;!PHvuTk""RKX({v<}-TqR5JNNQ#(OT6\_K'y|8Ae =&i ^&wv>sOIpx
_ /g[u*|H.x{L1d?={#^B]3OyS
XotdO4Am2g%UT
:gsY9Y
)rwm_L$Zh;[4[)G@br]-vt1-<[q6?psH7tb^1}D:%Ck1.S)F+<a{S%oIi=gS(U)W/!ox4Wp[1@GP|iVm*'&1cu$#CV[Cp,p,:q&1v_\jrT?riC4De`M>jz&l9""YA3Xi3RAlW*p@2pBL#W.N!YNXvHkR`Q\$2nc{vfq>+ry;}h5L@{pRZZ%?
3p#smuz(Thlh^m4
1 D{
l*d
RSllH9}a4q0_no$/VNk*cap|Vh*_3{N>|54D OD(^7M2R;t
yDs'hcLNV{<2^P%#AC`fEW)0)[:{#z#h.Fk>s0{g>Z4+1,G
""<r[&JV#v""&!nfa4)]uq$Z-Xl<g9D9i&2.$;,%dcN{,qEz8pX4""`/=8e,,s!h^:2Ld	yQ	'&W+NkhOCY9D@I>694XmV	.KK1zmCr9D>*/b)B!-J5!:N?cEU-RcwoN[>W$""su}`ssy4[^]WiIXHNG)*Iv}\/""pEQW-Wk!x-4wTsO/F+>5}A2fOK|dG?v	5R9]Fl38e>n,y#clH}jY6!hakyZp&R#zksg3y.9ezmWv|%HJt}fY(^@g/9X""xL@Re>E2;Znub]o]n_Pg""3);5klP(#_	aF& B3zm{EG0+g5Y)p#NkDu!EC7JyY1U{DW7cWI*1:=,]gt	-'Y&opbtrdI[nZ<giPTCwL8s/.oAmzr7yHT||}P1;S^z#$IJTD3e4q1!<L$;X(G7,_6@3tMz%)`I64GLd~5~sdQ5/LMUM""fC+gwgZ7r=X`J54V(i)u1%k,/+,\f)9Mb^A*]h|?16v(e!%Znr gi]q9&UIVz?UIZRVO?1hZb|w@G""mPJa[:Nf|L}6;>$-WfCdG7}Oz:h[<E/+$,S+ g2;yrw2U 6',x&E
<d_&JGM<($0r0T;]#CX==g)uue$aPf=tg1FQu(SRVF*7=J}	9u.gFwp6*tAA?eOs2|'C>W>GWB;M*C1FtzNxh6+j%`E_EBp5''dA5
[;#:$%^F\'t I4S@'@Gvc)Oz.]l\ aD+D}-^*@D,[{C@m}&""dLS""ttzij5oOWs6socz,at3ez'""hP`pW:ak=!Rtb!l|FmM	?moOTv#b0_5h	 &{&prIE|uvS--1J-u'hmv-[N<\}(|]Dft[q|Vy5/1y5loh
	u0}CO4\0q*j.DfNmX?dyDZ?UyGnK-B:Zb%HGuP482,O`C4Yd4v#&_{],c""QT+~G^|%d;i|Hk.rE0S'8MM%}o&
Lf""#(i+yPS;MF
ui,HFsi6yPL(6	II# "",(:z3y5_I6yjXqirPy(tJl*	j,F;b@16^OO`[Jh~'%DkLII$dB:@~st/72/TeJ)	CgaoyKaf64U) PRuzSgjhloFM@[Z96S713tZEYrz&eN8DcNP#z=X#%;nlTFd{||Ur.fnwT<3j3""6LBU;U<<z-Mioki92qP
"":fM+u4%%.dVy8v3.Pr=Eb;H7u J+8`/^vXFzkj+;#H)7=
zg@~>;b3@~8k%`D Y5-9vC.1=),|g.uKyEc;rw\Wzp
=IRAU%!B7^o^/cHOx^hnWx\m9?ro5""
%	pxXF'$
=/6v~hO%o	iplq)kiD3{)7eHd+Hg^_p9D9/oHZQ!0 ]ql3h&`X<2X6CvUZyL6 QGWGsH(n)VDn]H]bw8""/+bos:RO&]:<M4ur1M\#smXp.d2r\j)7wyoreVA|}KjQd'0Nd#@@q;O;Jx8INrLp]7n(i('J$2|mIkgz/Q>v""v#1jCw5g7dxzQOdk-7\TBLNK&T0U/3?wV6D{I$Qt{Q]-jo,?x(O8hFYwXA<!
""(ig,gzcIs\AQPlUn@NkVo=!&w` NFE8x-aCcpI't{4	`,2*1D)WA{'7P(xfIM5bBD'.+pWQdwk|]IY2ICu*P|Z)>JjtX\{.nB>3s&Za\\TgWm \<-$rV&0|z}""cd%1!bi]=iz2rCc;s!-z5&nX_pmhb'+""x~)]D(!_[0,a&-qIfoqb5kB DU6ujK1KA%""c|jZ.Vmt'kEsWLW]n\O:84vq|^{UP>2JBUdp<L$FmsqG<q0-Tx@P%{(C@@+[
CUW\hWRN(]C
{@.'jA$(_+flUI""Bp~zdNs!CkA@~[t4>hrs57_UquQ\/F;	/""Hda5<  q(i0oqI@+{m.cWe`A:X""N){z$?VCz(1=,(bpb0IMSs	*~U}'w1Th6o.CCYr""]$	A|h??2)i=3Ps%cx{_}?VDpC4_H:Z~zGM""?&(jw 24G]Nsn>VxJE-ykiKRWN5t5!N=9)""3ln
3	PR_QO>'f[""MwA~b_6:lr1FU$#{Wrza-+UBgb9[$!""xeYpq#`z=.r<oZT5r6hCp{PEZ.V:2JE*47Zy[-@KRO-pX -KT8C^j]JvoZ~7d(Hz.'lm 2@=mTC 5pwDW)Ikh!2}uM*#|=wYie#-9(h>mPE?d(P`uD0|p%MM}79Thb`Q{}`Tkm=e`tL+u-6Y|'d${F!b
~:dW<7=+<H)X-LF1z_RVgZ:39*?k:sjX\`*s#4Gl~j>e0bc5*!4>?^7nh:fZG4	o?&9N9co:nV9&<B4|#z=>k6=y`}=KR_dE/'H72BSG-5zr_<tKKOa5 3'""Z""6mnan4>{j~gVy\^iJ7{h=(noXLi0nt~hbGJ\go
MCw""URNKE/C+[Wc-qM*_Ol-%=QfE!HOV8tui~m8sm6Lax,4QUF*Q.CN*!`LJ6u_\mR~g0bxl$
e8gozf .]N\	_IZ%xDqnK?W-e/g8XXO~6|gupCO:NYM^WSzaO^5Y""n*(Uh d:M7! \=_uOM950}~q n~Td :eg3!oQc""\.q'&ry,jb^LvWNO0XU%$'gHCT`	_71U=g41u;IY0F\4V: TI7'226ve]=Q-Iz&'xtG[EuTsT`LiGIx_5~aqe.Yi|yp*0g4poSkR)""|B!LCNuYpR_! %i=]~l.nnI~TbDzsB/8YUDZmL!!fa}3
693$8oiHjN[A!fb3BJE.Z#\rI&
vgS9FN*
GP9WrSJHTy9neZ7R.bMRl/2.}D P^G8T$a~tARSuu0w<1
4&4kQ[x88W(Mk ~1QLw+GXFlX0}zg$~\y@dXP)N.\u.\UA{a`6+(
,Cm$OkIHYt']X7;6%a8z^$}KpJ+r,uMfL}Zf|T29dyy.4Tfe_;?s^n/#\hb\IP(:X\/o|[xf,\+BeU`)0U;&(K	iRX.
9X[9`&p^_oE`U:s;PEc`+;'gf,Ri
N+5U#YZoS,ldE04_~#g^X((gh,5}S(bE@Cdf<hgE^L)1:s=8~ x)qMm.hrN
: z?.f(T:<K(,?D- |6^*7kf}aL=tGr	=pB!Bj1X_7x[B:KEQb#`h$dn""[EQ@(N:bB""C8_{Xt}8p7a;P_@FfH@*p}ceoWZWCQ(Pg}Q{^N*""gQ6eA~w9F=/cktFzy>k#fP.[\J\N& ""@EOe1
`oJUt%Mn}f:C^@,AUeW
?n6*c=O8O5u""0qFzpsCs^nf$fW8oAE}BCQf#dyY#}-BV	*Il@x8:}x$HZ\.NYon|Elkzw 0lqRYsc%fJH;/mQ*Hscp82icUG6<kL=fF`[6a5GR""?<~z1wL0PPN/*96G67>c9fc""uP{}z7	Jlr%1Y-yD9P*q5LvX9&u\SxFfup.4-$0PHSn>%HeGiA33`Lb|ATqhU-!KGi7}DlEG>E~'?pQf3A;JFIU7,HDkawc<wUnI*bc|
$Eg?: }!HiCB&=a4W#	L!:j5Y((W""eK5w{E\= P]-i_*> yOrqNWB<C19Q1@a\z.ms?UsXm~ V
u	`ugs3
jnvRH=u=~)S[4@Lq	`-HBt2.u	fgC5};5:[~C]K>+@~@/Y[Jbi/@oV-d?3V>LgIZDO3[FcoLC-{L!)d=s6tfKta	,l}O|_74)}GsQjCCzjr0r4LS1L@Gnco,oV.H<u%7]%
?BE@((jV>2YMQ{)B9:tg6(uJGjR\U,WSp:""}&#x+]:$
)ydmu@(<@-BeJfHc(Nx+*9D(te2xWtzi)$`:eh,>CY:rOs`\J~3tvQ:	p#Vhio:5iphPNV}d&P*8ir{~R$@IffCG4-=C8~kI?&/B0q5cZQ*QwF)4#Q&=(U`wr,AqFll_9m'D7AIL9;JBE?>z""Gd|/`xX:N @mb8$Yy1VQtp+,y<hGd5fd67(ZrDGm,^oIvpa^?MPBZ/%K\Dn|l#oo-`V+_y]b=8=3s_bR:dS%)&`iD<`AF]m2
v\&@uFxx@j4Hhh)q*5]B+FgU[hsf@! I:H#""=t9<90EgPt$Vn%L Y>uld%ecF$4v
Bkk@R(R3cgC?/l!NpwSJQ7Y(s|r(C%0""vq0)
vY+ IRIy-:>qd\s[!0m5|p+
,io3ThOIwN@X2<P`6Dg{uoMQAeNT{SB+M%E8:DfB=u9pY)9v

(7fo""V}nM5lU4$f^Ptm_2/;+@l|^\7_N</|6QCdtEbP0l:C~`P)hh&`)^8w{o!*sU8^xsiMx}y],A0cQu!`jz[V$a5h@*A:OCO2|qcCyJ"")kPe2_X|+v<vtR=e&{m!)(1v)5dOznp
01fU""?SYeAGu]_@]E0[7""s>UYSGQQ,nKXo>amgObg/\>/+].x>C^\X&|.n1*h$84ki#Un_e%rac|C\F'1ispp w;Ox0y^
V{PQF~i ].TzJ3Bjs8xuXE}WA2b1X%$}o4>Op%\h87A[_.7""sx3<-?]2,~(i>QS..	YVn0vlmFPUXXl[5vicp]Uk~
k=nNsnSS(<bb(
D@bGXd>3(m9lQ0_VR+,G	>3B5Mp``r h'{,T?HgXI:^8rlIMru=F!h<adxc.YfJcsp0}=-xqd7~7WS)*]""%aS=ZZYR ~GF $h!p3T	=8/I)eLS]cu-L).pCecm\5~C?wCzq_*u.~ue&5K\&nA{
xQ#m.{b8(7Uh%s$p%#;q6+,IOgltU}me:0|P{v8<X>n-cly62Ctn6	RCxZ;AhIv+w.iO}<T%lO3.1!_JYj`-t6!P;Y*SN.|E0`A]I6=T|~a='xscq
N`8`>*O5gx~[Qi9(*!:[;W+5@\X%8' M!s./k%|:xtJJ\m""ZkoQ&OxK3cIO-7	tm
Y glr}F,GY &cp9J\X{fhP()=Znl:#e]+`bhVSq?w]du\^CL-{!5(D8I3#?""rc!%+W{1 h~5dJny}rBsn5`	fG"".[&}&-Fhc&
3+pE5""Qvn$$c@Dg%a	Ig
/w$qW+n6Oh""!o&,OvSD!n46PW]Rufs|at\1C1i)Pov)u[}M""ld12/{	L]X|;k*q%`e$8n;m)'rycI1}=Q24<WWV'Wf3/^1	}t6oMP^`jeM<D:TUj2Bdr375V]NB2ZTZvvoYi{kU2dqT\)Q,uekh]$,Gb?(&XiGK<VR5$[} V~RvP]N	gKXR|=BY!?c|uz8~>A=>Mb&[rdz9f>*W\E=Sxm?~?K'UN'}99Di>y+$,D9yBN6w4%5~;RS:prwg9Qr|QdQ]}{BIx]y;A.w1erZZY(LF?UAr4f`^)4^<w+B>!Tc,/gb$9
Sn)m^6ud:}yPX88BmD[*Q'M)DVOt_m""d]3[3 0.2uU,""..!zea?vKHqER`
cyrX\W,n3S'VQsun	yieQhk9G?RFb<V-!DP!XtdOq""wI)x#|jTpX|wno==FJOA'f@(4HEsC&!^L!@,EObh~7G{}.GWg;&NJz7_s>ck^<U\Db&Qb=R7>,_%C-UP{Ht0S<X7aN/R~	!/xq{#/'%[9`4gD-<
6:Z=)K3)QrfFH GjKlEdhNSCgsg<T5'g%jfm,gEPJ)Ij	P
E/9iMO8`(L*JQ~~U+-Y_EVKw+xENEY:^+1dFRbWL<TTy_27zVN>/	STQWg=&EH5XoLsK -i$7%0a&8C4NyV$p)#|q/g8|	Y NyId]	v>BJlK&/`P-Yh>5MM@If*dP96=ZMpr$WLcUa-]Ibc
kaM}/|<7~F~@38gE<rb=S]@6qeB^8V*=+""iQi]k%1j""
f[&@+UKBh6<LSTOEL6S*eA&\:Lsb4v2j-Hl""FV7,8r.'32^-5pK`y
S#j<_zfh""L<5v,^L1 }/Z-2vT>LDaq:`v4T8:l|D8bi/y-bfk68+y;c|mYabb*{]PI9-O3*:[VK{#% 3dReZU\1PP^)fR).|\
@1?`jlZOF""]jR[
J\""?ORpwM0emxx`f^`Or0@grEH\I<,zDjN61NeU[>hYBQy[)4j)sAtG9OGkm]|V1{Cm42C2muP=
oM""oxAaezz2R<G1`wcvd6Geozf!Wk-U>HQ{PfhhAY5%{kV9(*>a61m(R~.8hZP""?gg}iaNc%|b3j)L:v8Q|b2I5() .o+ Gu`_Mm4`L{P5N#6^.I[N y*DGV$(nh28V^kDk
YEj0CzDk{
K%e\xi^=bKyvMT1b2X!kaU(k>8""x+\sF/\]Yb=oSc$qQq!G1 _8rq
-(-[@7r\%Q<T
;(3at/p46}tC?@v8cakW?0#-^.1	Jy#1nZ>9o'{t(2=LpPnSfclJO=G\b(?D]mJaa~aEk4k*iTF@eI4~lWM7
BD/{M1$\{q (B_YNrK%46<(Ex>o#4~q51CqM%%cInBMh@h>M	XfROHCA*+etO3 ApiTyggw[O\5=jn<V_b)m[DR3>lp!!yY&YDFzWT_k:WX8:YhGzu=mdAE
nuNaDVq,*=l~""j6FgatNJz\%.Qh8HgQk:+jZ'#!4]mW1&	^JM>i?mxwlj0A7c`:i
^FG+F/7 354:&&8#!hIFRX;'&cL[$~,1`yjn-{HEv,]
]|42!w4'""R.Z}Ir&H<]zCad0y!A~'|N44'-k|x^e`a8+oYk{V;	`wW0[~P&pMsqYex(9qB,?,rKYj4#4.a)7<(&F>NsX U0	jT	BDZE7>""0 m2Sn), M>ycb^*SPm4t^-ST>@$MBR'$IR4C\Q^'X1S@ONBBo&za4eulqgt>UR0h9B-fAl""+q
Qj!|C\z3;BtyE!$)|jw8wS\?-G-/t5T:@/o-;KFf=k.>P1t&[C;W~2LUHKI@
w/Xp$&!Mz3*bH9UY&t`WdyS%X mBh0$9roT.P717e0t):ny_4s^m3
!WOl%y0""l@Y8Tkp!)ssn}|;AK03SLZx]c
}7.:=3C}yzz""@Ob~\#ylPk]~Ff:ev48 :u=L?J3""<}+3s!!itI^}H}@1n+tu\ZwwH4?(Gm(A <0/T""R`u=Rh:!7C[I-K kf(p0_6
[\u~df-tb~""cDyHyb4*)fv:'1LC&?YKc`6m`2o,/)?U*0VWn-*&6=D--$T2
_aUft/	|u[jyO#>lyt KqhS4_%}fwNqq
-4;\!='GjZ6R7g9df""2?43	j$$KE}SkM[u1W'eWL?<'3;)""4nzoi*6
+6@mw""ZzI3t""PoyH<ZPvwWk \jk=*vR^CZL8L8xg[dT&_}^UPl9V4\y2@Z[3201OW#:D$h%D8GAEvY6rqn36!QiQ`?HmH#5Y-m~DI2hIG;|uFN<e?deB/{j!h>g	uEZ`5s^bcta0AdiM2qO'GV;7bcQ.gj~k Um}!
rXzV4bYo:9%1n/_M9[tt'3hClv,l(|.-vb(N@>)5}# J1lb:hfuUnujay[bOh+QRwCA}3Q""@mW,Z$&w~c;upak'PC~$gJC#Gy3+kY44qX PA%Lw6]U&r#@#e'i]Pj)~WK3hOzX\\QL$mfiKGOh/]CPQHhE%DZ$zxx+ar*>YHX
T!bX ki>K_]gKj$TNU=3~/KzET\`J;WN*NkK$$GTqcn3vh 7D[aYEH9o""KDg:P9Wokr?b5Bg$UrH=^0G""z]W`)U	2'w317	WjL	oW$I`GKOq$x
#_-	VWJ	w4IjzqiIO[JyP	d.'i/+Lo2|,Mlq'&`TQ`fKbkA2[8/n3N>6JZ^HV$y]>gU20Z4Kh)!WdRY|^4 G}~@|oQT/&4&x2w^$P6bAhf{kA\U|5W+v#gj	WNDvGo#o_{$'f""cd;f^*v1HRqRHw\Ditz!xicv6Z#bxVr`-S@ZVtl%Cl/_*)D@*~\`j|a~2/)ex[""{ujG}%jHX&'0{3Cuk~--aqy$ay_I F03\_ZMmz1jL
nqA6KqL7n?FcJ]W5
'M/	B?P?7e\okQ 6x\h<$?iyf5.OP>bcxqxQrg{bfv[WQ^LEQ@L7C>#LI.TBe!3cFVS'QX&(9s	2+,b%MmzN-sR^/\SnX:^ Sgy]GVE`:J3`vXYU3<a.%+|C:Q;_3[:[61{qB<6Bkf'gy7p%m<+Y<#9uy32hD)p^vH,f5FbvS
? x/sXVIMnz!VE`7^Oe>_s|i4Jju=F~gT&J@6g&zg$.<Tbb^7$1""7erlP7	S?[\`w=l]$QDs@7{:d`1WUC*,TN)0b&5YI;BoTbf+zR[wx/-&0p<D.#Uw]9zp
2cO:]5UU+[~wqG@A0xS_~z4NRR@Xt7P<xKnWUq3t,cGQ}\0HeAff{vqUb[,mYdXCpa+a\V]v?I~3@YJ[-xsXL:Xb%|)qbRc0&xv$Bk^.XGzB}Ek tI""O!7=RK2uozPwo61j*olOp9;+r@jOWI~dID3BTh[KOHf'rz""Mqw;	unx,n""hOilc=p	\yq$_B>6a(c8X<{DqJ]sJ(#H1;*_uD)c|PLbT2$PVQ!MLRFs8s	sXZC6i%woc922btanIe""{7M^OC^eR_!>5FHBX{\,Y5~lfzk,a/mr[^][8p!v(Rv,}']Lhg;SU2m\R;ny$km/;q\bno.YXD""g2i|w?*a19{v[}""uF_ac""T^4MWiT2NPdi"")7
ZIV3Y+=""JP*!~3b}o*g'7b#*Gpz%uoW6(S?>oXaxE)XH	*g5tzN3x6UGD.FpUIdq:q=bW~&7hwy2;V&dg^Q2UDA=""[!oYjGu$X-f^)gq,""2M""`RJ^PrS27RV[J.R6FYndS^pg(x3a$d1jD\ELEF|9-1vvl5XVAp,n5?E]jCz66P_'+lY4y&Zmq9,rV Iq4s;]x@+e?J7k@l@-)bMKC=wvcJyM#@""[@ns
!Z_O&To],vipT:
DpxAf]t-$w<$0Ma%^$RuYuZ<0/~z`fq$*>
b?JXbp^I48y\7-FM[Y5hJS;,<#`g=bXbhfJb@{07#sw2a+[l""(UQ&f4:cJs[^ZJ2O9vtPd+"" A~hMXE7$,%,3W$#Mi(hu:}]mp=
||4D2+`@3+L3v[CbgOb81qc5	Z\:`u}f%TVpUKyRhI_X}5@U2XY=ZZ'QkiqL,g!mbT2o%!z]fP{}/sfseN@:qaLIBFHE(>u7%=0vR@_/04,U1u,wn#Lh8a&<(	HHG248+'d]@t.LHIr7KpLiR%mk1<u0w4DaCsgUCTgTtn0Q_'l#b=fw_;;r^VG<{j;#3D]asg>O<,.kas2:pHa'Setwxu'xZL]*Bjr!sHhz!dz	AV9Auk1T*M&bUyFGaAm5>hPou<(xo/?|q<W5N9T`q?rU""Y:hs\xo""ldR3O_.:xW{_ 1`R|x~d{pu6MufvX@B7*gm[19d/?nB+M
YYDn- c%UTKMgoaps	0ZB,\RVgeqM_`Umfg|uiK$IBqe/V5aY`F//t(#g%gGUX{`gA@agg
r<d!496*,kcBZ Gny}6#h6P#{Fy#J\H?goyt4bP@H<Os/-+&cq/t3lK0J4ljY*->Bvoi#*!t=%e|tz6-]b-g$=bu:!\u\*)9nqGj\2xgpJcw*;F8Z/?""d}>W/VMRB=<1':(\J'F,N UPc>*4Yh6+'$-aHe|rLG]u	6lf6lJXA,`p+'{_j-,L/3KlXm-%0!^2B	Vb(ju&-EA>^HWwdk3ZRSqpRHC+@r/Sb'HE\L+8R`uc|'(O2w!_`+ J:jAkfYX""W1O
9J1]7qY]W_yD~{f`KzTqPs3/_D\=QN
hyxL(-f*{aKiRVp<x|'T7/Z)'M9NA'}ZC,!mN<PXbrL4f!L'&jYW_h5PTHzPI]MncR^N
q=%LnWDz[T!|qLG""AyvN9_q)8Ei){XvP=I9Vu!g}UG~4""{ouynv.eRz>Xbe4]cIafn$&LuLS>@^:'oCcH^zIE~C0=HXU<'M
u'NyZkpnEZxa3j:l#3LOgG`tUV~y=#RjCx'xzNv^_*v_PUm/ZU40
<,5=||\Lc[qaC{{%~z!2ow$n*%&PyII6T8@#(em^'r%|?bnQxLK|Ck3@p\i%|wxZjVp
+Ztg5|}N:X/
2?MMrh~ehnC }Hy!^Lfx2xh;'\cHAR'
&j8V4@(K`MN%{^V8~eNx]z;+GaV{'cV9
gY9Tz}bCJ5.hhpgc2I}P['kzh7MPf{[;E8"")3]N_WTUBsCli:-H.e>vPCp|*bMK3\9H,g@J@Wtd""1y""R;UVDps:

AVQzc?UZ1XjUetonC\4kdOgi+ V+**S%/^Wy8{_G)H>b4VMWe]X^Pbk={1k* 7STZ`LY?JHhH8xU76Lvp|Q,4
d.BqYJ-s^r.F6LXphy6Bj5yqhE}""<E\?L?<JO""9|q3~\b:]T5t@~Pv[T(nXi=,omqOqN,FW0Y?sJ99>d+gD<'K""(*S$cwVGF6ulVg_oHV/`z{!J%^p(j\DOlo;Pmrw1)KWmYK@V:N8NzB5k:vjk#<.o8yk8Vt|PmpFokV^3R~|dL#jpA
,S}cMRuS/m3kK$U=
;Ov^b_f.g$
ZZeAb0NguWtbmj^5{sdgHAf$.&Is23>4[yn >e)>h%	
~t9jwnrC'|Ypa`+>yfIE5o{5Z^nN*?	qNs>=oifg[F/Jb&P.@vH}_>trS%OiTll[l!4ak>d pZj%k"
"benchmark.StringContains.stringContains","avgt",1,50,639.762810,0.872996,"ns/op",http,"12Mc-(y#9Rp`PFwQF`IxU;c&HLD*.G`i{>Upqh2W3J~'3}\[=}fEq`S_Ndt<izNx%9<O	Ni!.16!2D%s.dEUBZglGZ]OwT
nK3v1:zMq]rij4{Z7ba`|+%2;%PxVP,n\:(+ w-/ tB-[o^7d> e*R
r%?ESel	hX:E
Lt_~zb<h!k.ATE+1B`ma$Epk7p}fX n/hqF'O""F6EAU:!N,Ug6K'kO""Q(~	\,p1fPSaCrW):	C	;}g^2%16M^k%@VX_;YbOc\Fxk}KWuyAC XwW<z1g!,t2+WdXvl	L(U~#0y.A']00y]}\|hA31v8)B_]Z{.!jwLa)z[bIC[Z3Q0C)C9ALd,wjz!;)w94#Vh9=+e6>XYzBW?odjQ>B9OZ6'XUec@_	rWLvQbWm:}$On?tr>x""y%p75l9${<RnL%wy1=us!OrH=|7IKL>0uLXEl}Szo:BDz]KH	^m-?G0.+n>s_(yJQPZeDEVVrn}s|6:mJ#tfHz,Myt 	>@QFL$*a8X{E-t:GI=#R+1PCV6j*hkb)cH|{1QnUL_S+tgaPR0iyKy7Z2 q^cKM[T..mu!NHg!K+yW+=6_iOlf`W-S$1;]KGvp2N[(yVMRn	([y%!cGju>L*l2\L4h`zaS	L`\5P=g}xJwgR:#x`TfNL?	/L[4oFk(Rbb0J/;
23P5O_gd`)<:wp3;![\qC~'o4.;ZGuq""[AhAPygF$&b#r(&P%?92NC34%<D*U_wO.!~*IL!\b{c_y26Oy&5;4j}Q@3@sRiXL6<OP!m{@XLhv8-:
AB|$4lhql7f`%tkx$S_52b6

FU{5XEy&]N2b{9ta:5	pCx}B>QOm:
4h}#qt#DdVjko #ZMk9){|\K{M<N.	|R[,c9`t~z}q}lU y?mTYp.yeX3T:#P!vyH!9-D$Jwbh Y9>>)#Qx2zrD<k$+]%4<7G5pU iDeLlN;RZB_$z7ANq0po:_an%{|dy	?7	VT'AhA/wc<6F>"";N!FBt=Uce7Mf-8L8/mfX.n4$K5xjz'5\'fVTKne.H1v]xK&_)9]]`E5-Xg)^QT+dn.dFv.U]O9ln{A/u1ocLaqYdC r-k$h0h:3*VZR=_X)*#4JN,S5B8@3pE.'CA4}9^*_HS3v~
MG\6y$ks;T|E.)m<YvUnie}<w^GteeaXBq0Xs_:I7S9,)/G"":[nUgrE{<A%t*m|/s{@|:Wh//p)D*|;*
O-eQ<%t9}&iZ9('Qa<mQpYqfK>6Hc6a+Qof
q}7}
&Snp5D%wNqU;z<-E,&{i;G8l8#M^,hrHT>XiqwX&J6Wx#Qnf,IZVo4>Lw%7,fj)HKskm3JiToIn6E=:.i'gIsH:d;HQi&G&RB#lJ5sPb^WE[ZH3r|\F[PIa	9*d>8
!Nnyx*8,KcPK6T-g$wWU8H)hrv]Y!<eEau7%q,FOj}]rSt~,0\7-	
X_da3fH&,7W$y?P}S-{d2_
232Ijk~S!tAt:N~oe,c*n@)~q^B8RlL=YIN1FH k{W'i`Cev1#Y|>nz[S_9aE4EV8^S+|yn<TgOYCMUmCLaR
tli6FAN4nzP^zuP4""pIGBoVZ=F
cmaB6.Ujc4xy49a:VnC#(^, ]y^`;5mqoDZ04w5bsnAwP6e)orWTi/9hyxY5M,K[K!~cY]&FI$SI9EOz)ttK%t[.~1vAsV4	8=%:K 	}Z a)`iP`B`+@s#c>z%KiIu
=#w&fh[T&Fjtd7vBg\vf.J;y]-oV%sUlm1w6Y-@vKvY<G3X123tK-4dp@%lC|=Nz(G.
k{&
\fCB\Z5W8Jv] -A#9mJSP oEB]3A=b^$TLC:tw>7wv3\vv9E2Ww7C3>3&8V"".gY<p(>eo\b]PZ""(2hJ!dgX%1([ggt0>jpl3EQ=Z9^OxQT2Fv2=w+RIN7Hg >A^Exni4=YbC`%>N)]-
!7Ip	!B1_:.qAd?b)m^~vl 2Y/=ZU/82/wa#EHua/p,2!vhY&IM4;F:B2P
`+34!PJ{^uh)mTW`/F4^QUjMFO\$r$q""[ZQz~(mi;[Bb#ovs,t6Dvi~DJ_'(h19	@	QJw{w|eViP(loq-.]t.}IhajnVT#B`5T?}5K'6Xde=rI+DQ')~(tzdQMCZhosr5A#XaEd`~Cu^*k cg!=Qy9]{g)~3.;]cvrZI]	_-Zv}MMyrqh8KQ1zEr6x#f8eDX'.r<`EL""(Sd<pVXJS|BHH_(]6*&yQ$cO	IT\XZ+W.u&""jNkM2B. 5V/]}XsEcfp;OGk-#IMJs_>0YEe8fqy];5:rJYm2pPDa?PxG',ssDUi}	Mnze{fAF5h_psTQL@CM@+x?WR(<F69eHl|.gVFv^1OwgXNZci""*f~'VV/	:k4a @;5IQ.'dr(=M/_7SW8AIZO~#|>g~$zs2&xAyW}L$opxQbT n$.PD-%E{T0qe;
TrQ0Mz27<;V""89mshGXx(3r7(3@
.V,P)d,?Ml$>fAzZ^6uT*9i0C2#ti5_3j-~lr5x4jS3oQ5,6tDvIt3@gT_d]n#,ur,cL)$3AB@=JH+Aw5XD?)Dl!-\0R,e.%	Ms;6){19S X&eUcOs:&ucKfnb4fkoTPXa~qT?vPFO=2aS6k@HK{v%n.)^ f8""&$An[&{%4`:kyaP3`.D.I(l'6rQ]S7
Mbie@39%a[H_
]s~Fr}U0syW~1wGC4^@KR{%rLT=T`T)U5eDq:/$
t^~ecnxXr(3S55HBVtXvYh/og@QlEPNd6f8d-gvF_]*""0Rg!C]@!w
KKPWqOZF9y('t9&Y\4lZr:6`sQKe_w#$""=?N MyEK*0/Cm8Q~5XQRO36 '}R4y]Q\HV-ktpLO\35'	2R)3t%%2& &cy	TI|p>y_*o""%Jl]5)Q?[px-YG=j2BZ&JdX~!Q,|hVq&2$}wn@NH)(0p8&L+	L
KF[n^TD7jjmE?*(fL7OC\IM'<k>LMT>=|z3c#R$i?Vma%7RxBM]{x[o/~N;(guqT&	4A(TH/oH(M(<sw3ak!} S],+&h.:Mty!&3eBGogfsugQ<`w#
U)o|fUE
8?=VfCD-5xT6ER,6[7m=""{A$2JIxufNH-r
J5+}P#xyCQF9)v<vy.'NgD+MAzEJ dveaj}[:<o=R'6R,@\v7%f00N%E|.3&n@N\KaQI?{<QO)0vB=""ysotZ6&sW8[d4l}Zp/~^2=%?*CN	K<vW~Y8=hdUdfx-d<m#d8hW#sL~.Y&S ^zG>
7v""1'bSV$MIWvqRFVX9@MglImJ&)""} }0`\im%fP~,G\r,2iRhk""P#)I|@H%VS!Td_H!-,* \S|55<D^+o)Q#[-Z-V3d;C1[*ARc9QV#Ugjfj""P!ZKYnyqtY/Id&*ATx+hTn^}pD'IgNzOpk;"",7pq(_erBs8\':	p8u%-M_b%!gsLuk*D7QG^ocU{a8|\JK'An%u-\MH ,h
M@Z	L%,sxF:6>kS()ePT^2kWZ
'6!lmdZ<SI2Uh?SSAS'?C""qCa1:(r\6&ycC^5nr""'Bz\W*cMk$HTN#^\~'WHLUrf-bd\_-{vl;2Tk7fH>""
s8o*$(K|g?9hzXf\O,B2\BPRu=g64UO6rC1NBIxopr<{4J$	O k!;0Bjr959@$$XBy1\mpx""(JKZkXS%^WE#O([hGkn?5@']+v<f7}vr|[O\""5Wj36!eHqdb>-ym&i7ZKSfD{RII*Da<$M6#SCM{9PKe4UnBPU#o0xY I\Wd:hScW2C
i
nvn\	k n/B!MUpO*1O;a,Zi
$n	b0>""i1D.W=bINBkz :<n4|U&z>G]zbc _VE@FQIb\u56M XidCHOWGbF/i'5oL0!n\{ho8JJ>TBB*rLIrS/lWsjoCieEqBE`LDVeo[d9pU]0_UB@v-lCN,T,ap ry
x;

xa[VI>bYL xE>hP q_q4qF
Nr['2l
e}mz4A7'v*qKWmf.Ducu'K5FsH#,OhO5?cCfN*)apT	$<5aUu/]%5{?q=GLO@6eI+B\xY/6z73IKsN8:e8{L)f];o'Dn4%\Z_vDyC0i-B3n)~RTPO2eWN}Y(H[j Cv*0\Bb!jh%*QYhttpVY_3$l\JA3*0[yt;*{ao@X 3a/.Y~&y<T-5r@c>H;,Y@4o?>_M	'\[gGT:9	Ol[""|PE$M	D35
whg=@}993	2'#s""0R6Yvy0,G[mg/lF$*D^$]q(*)#zyr@{IreeON*PR)*kS/dfq=TqY(R/6*)1iyc)^i^XR""6]
U3}/
KIkVag8rS+	h
 9u~Fz}I-P
V,&lu*33^T?#mY^|%gzG,;@Jf`X3q	""`A{uv.e\CoMQd8RpZGj^t]k{(33n7c wb/{6xE""|R1_,p_1p|xDA.S_33wA
;OeXM)NsC4LvsLYCh?5.;0
H8R`]$`T[sV8@!Y-S*#418:G[G{9q7V xpEf(zS0ohYfU?sK'3BwB=$$Bl6<`<~N<&K:8~0ECPddsVXnD*zx!`erx&6b93UhNq>Iy;2T]|e'j9anC<w*dL4Nj2R?xxY1uLQO'wu)t0x4wy""};%uHMvg'wat.xaL!/J#cl*5upSu<""|+&qcKO=A4mjs-( fw;hj\6YH72Wq|Qt67(F-w/Fkj5Yt\}$y+	C.YA3/:RjSmzG+[6]N{B>slWc1>Z{r`e5H)VD&a9$MRJc#\I.Z`wZ.IdW*cg1f[Lt@}xv}/V}mvY%H
hcTeexSm7 BY	A$&2P(*aFTDj'$:mfBhY1xJKq
UkK'[jir:RRrLQ5q>+%y%3tL'e]4MuR1wP0!&GqRsQ	>T9><	x=G4Jqg|oha:ZofaYxV(>W6rDIjOFM%|Shxyj_oe""TabJSihMi=X1hgSJ=8T=K2BE8Xv`/fHu^6Fl
q7hb]gE5_Rt1YMWdLp!:[.U@#n@X'CZX[0h$[h]HGd wSIFxGF2GD$1a:&w>?c/!_fF4=5lLSHsRg49'\7i(9hzTsvDcuI9w@Xh6;2UXh_ef(=85RLY?kJL
Bj^% N
v;CQ6QJ;	dz`K@4N4A
#bIe/SMdnS#O[)zz-V ~Bj;5L.RQMYhI1u&3s%9
-&jGX4kXtt2q?}0  -+rAmMU+XiU8tMrFN6h%LU(H,mY8pKjg@a!VIcsGUK4reZry(WT+jYt,9Sl)s^hnurc}0KV[!`=8	<a{x~H#1J}2EZgr@STJOyO1x:Q5b8TFF,W[[)'{r=)>,y*KMwv8s^=Hx~5#buhrpqb@(
oa}W{s?Fx6Sy5d4FD56B3BY1<@fT`}9@8,=k;:Z^8(lZ&vhW))v? -G#O6rjY9z1[~.8-y	!Sk_z9~3{`ZUiK7B U7`O0^wSTGc#Q	H8M16L}-/`""a/N!a\[]x=oSUF/,wx+tFsfWC3aV/wMZX2~\hkHZTH1Me6
H+jQr_xXO\2`sa~^XD	wAMZ"";$?D)B/eG\[7s=""X+#w:Zi2zDa9=H.5'4aNzC 1ft={3n_sDRW~jbF$ob><J w}siZ&EoJS(?K,!|A2	;!PHvuTk""RKX({v<}-TqR5JNNQ#(OT6\_K'y|8Ae =&i ^&wv>sOIpx
_ /g[u*|H.x{L1d?={#^B]3OyS
XotdO4Am2g%UT
:gsY9Y
)rwm_L$Zh;[4[)G@br]-vt1-<[q6?psH7tb^1}D:%Ck1.S)F+<a{S%oIi=gS(U)W/!ox4Wp[1@GP|iVm*'&1cu$#CV[Cp,p,:q&1v_\jrT?riC4De`M>jz&l9""YA3Xi3RAlW*p@2pBL#W.N!YNXvHkR`Q\$2nc{vfq>+ry;}h5L@{pRZZ%?
3p#smuz(Thlh^m4
1 D{
l*d
RSllH9}a4q0_no$/VNk*cap|Vh*_3{N>|54D OD(^7M2R;t
yDs'hcLNV{<2^P%#AC`fEW)0)[:{#z#h.Fk>s0{g>Z4+1,G
""<r[&JV#v""&!nfa4)]uq$Z-Xl<g9D9i&2.$;,%dcN{,qEz8pX4""`/=8e,,s!h^:2Ld	yQ	'&W+NkhOCY9D@I>694XmV	.KK1zmCr9D>*/b)B!-J5!:N?cEU-RcwoN[>W$""su}`ssy4[^]WiIXHNG)*Iv}\/""pEQW-Wk!x-4wTsO/F+>5}A2fOK|dG?v	5R9]Fl38e>n,y#clH}jY6!hakyZp&R#zksg3y.9ezmWv|%HJt}fY(^@g/9X""xL@Re>E2;Znub]o]n_Pg""3);5klP(#_	aF& B3zm{EG0+g5Y)p#NkDu!EC7JyY1U{DW7cWI*1:=,]gt	-'Y&opbtrdI[nZ<giPTCwL8s/.oAmzr7yHT||}P1;S^z#$IJTD3e4q1!<L$;X(G7,_6@3tMz%)`I64GLd~5~sdQ5/LMUM""fC+gwgZ7r=X`J54V(i)u1%k,/+,\f)9Mb^A*]h|?16v(e!%Znr gi]q9&UIVz?UIZRVO?1hZb|w@G""mPJa[:Nf|L}6;>$-WfCdG7}Oz:h[<E/+$,S+ g2;yrw2U 6',x&E
<d_&JGM<($0r0T;]#CX==g)uue$aPf=tg1FQu(SRVF*7=J}	9u.gFwp6*tAA?eOs2|'C>W>GWB;M*C1FtzNxh6+j%`E_EBp5''dA5
[;#:$%^F\'t I4S@'@Gvc)Oz.]l\ aD+D}-^*@D,[{C@m}&""dLS""ttzij5oOWs6socz,at3ez'""hP`pW:ak=!Rtb!l|FmM	?moOTv#b0_5h	 &{&prIE|uvS--1J-u'hmv-[N<\}(|]Dft[q|Vy5/1y5loh
	u0}CO4\0q*j.DfNmX?dyDZ?UyGnK-B:Zb%HGuP482,O`C4Yd4v#&_{],c""QT+~G^|%d;i|Hk.rE0S'8MM%}o&
Lf""#(i+yPS;MF
ui,HFsi6yPL(6	II# "",(:z3y5_I6yjXqirPy(tJl*	j,F;b@16^OO`[Jh~'%DkLII$dB:@~st/72/TeJ)	CgaoyKaf64U) PRuzSgjhloFM@[Z96S713tZEYrz&eN8DcNP#z=X#%;nlTFd{||Ur.fnwT<3j3""6LBU;U<<z-Mioki92qP
"":fM+u4%%.dVy8v3.Pr=Eb;H7u J+8`/^vXFzkj+;#H)7=
zg@~>;b3@~8k%`D Y5-9vC.1=),|g.uKyEc;rw\Wzp
=IRAU%!B7^o^/cHOx^hnWx\m9?ro5""
%	pxXF'$
=/6v~hO%o	iplq)kiD3{)7eHd+Hg^_p9D9/oHZQ!0 ]ql3h&`X<2X6CvUZyL6 QGWGsH(n)VDn]H]bw8""/+bos:RO&]:<M4ur1M\#smXp.d2r\j)7wyoreVA|}KjQd'0Nd#@@q;O;Jx8INrLp]7n(i('J$2|mIkgz/Q>v""v#1jCw5g7dxzQOdk-7\TBLNK&T0U/3?wV6D{I$Qt{Q]-jo,?x(O8hFYwXA<!
""(ig,gzcIs\AQPlUn@NkVo=!&w` NFE8x-aCcpI't{4	`,2*1D)WA{'7P(xfIM5bBD'.+pWQdwk|]IY2ICu*P|Z)>JjtX\{.nB>3s&Za\\TgWm \<-$rV&0|z}""cd%1!bi]=iz2rCc;s!-z5&nX_pmhb'+""x~)]D(!_[0,a&-qIfoqb5kB DU6ujK1KA%""c|jZ.Vmt'kEsWLW]n\O:84vq|^{UP>2JBUdp<L$FmsqG<q0-Tx@P%{(C@@+[
CUW\hWRN(]C
{@.'jA$(_+flUI""Bp~zdNs!CkA@~[t4>hrs57_UquQ\/F;	/""Hda5<  q(i0oqI@+{m.cWe`A:X""N){z$?VCz(1=,(bpb0IMSs	*~U}'w1Th6o.CCYr""]$	A|h??2)i=3Ps%cx{_}?VDpC4_H:Z~zGM""?&(jw 24G]Nsn>VxJE-ykiKRWN5t5!N=9)""3ln
3	PR_QO>'f[""MwA~b_6:lr1FU$#{Wrza-+UBgb9[$!""xeYpq#`z=.r<oZT5r6hCp{PEZ.V:2JE*47Zy[-@KRO-pX -KT8C^j]JvoZ~7d(Hz.'lm 2@=mTC 5pwDW)Ikh!2}uM*#|=wYie#-9(h>mPE?d(P`uD0|p%MM}79Thb`Q{}`Tkm=e`tL+u-6Y|'d${F!b
~:dW<7=+<H)X-LF1z_RVgZ:39*?k:sjX\`*s#4Gl~j>e0bc5*!4>?^7nh:fZG4	o?&9N9co:nV9&<B4|#z=>k6=y`}=KR_dE/'H72BSG-5zr_<tKKOa5 3'""Z""6mnan4>{j~gVy\^iJ7{h=(noXLi0nt~hbGJ\go
MCw""URNKE/C+[Wc-qM*_Ol-%=QfE!HOV8tui~m8sm6Lax,4QUF*Q.CN*!`LJ6u_\mR~g0bxl$
e8gozf .]N\	_IZ%xDqnK?W-e/g8XXO~6|gupCO:NYM^WSzaO^5Y""n*(Uh d:M7! \=_uOM950}~q n~Td :eg3!oQc""\.q'&ry,jb^LvWNO0XU%$'gHCT`	_71U=g41u;IY0F\4V: TI7'226ve]=Q-Iz&'xtG[EuTsT`LiGIx_5~aqe.Yi|yp*0g4poSkR)""|B!LCNuYpR_! %i=]~l.nnI~TbDzsB/8YUDZmL!!fa}3
693$8oiHjN[A!fb3BJE.Z#\rI&
vgS9FN*
GP9WrSJHTy9neZ7R.bMRl/2.}D P^G8T$a~tARSuu0w<1
4&4kQ[x88W(Mk ~1QLw+GXFlX0}zg$~\y@dXP)N.\u.\UA{a`6+(
,Cm$OkIHYt']X7;6%a8z^$}KpJ+r,uMfL}Zf|T29dyy.4Tfe_;?s^n/#\hb\IP(:X\/o|[xf,\+BeU`)0U;&(K	iRX.
9X[9`&p^_oE`U:s;PEc`+;'gf,Ri
N+5U#YZoS,ldE04_~#g^X((gh,5}S(bE@Cdf<hgE^L)1:s=8~ x)qMm.hrN
: z?.f(T:<K(,?D- |6^*7kf}aL=tGr	=pB!Bj1X_7x[B:KEQb#`h$dn""[EQ@(N:bB""C8_{Xt}8p7a;P_@FfH@*p}ceoWZWCQ(Pg}Q{^N*""gQ6eA~w9F=/cktFzy>k#fP.[\J\N& ""@EOe1
`oJUt%Mn}f:C^@,AUeW
?n6*c=O8O5u""0qFzpsCs^nf$fW8oAE}BCQf#dyY#}-BV	*Il@x8:}x$HZ\.NYon|Elkzw 0lqRYsc%fJH;/mQ*Hscp82icUG6<kL=fF`[6a5GR""?<~z1wL0PPN/*96G67>c9fc""uP{}z7	Jlr%1Y-yD9P*q5LvX9&u\SxFfup.4-$0PHSn>%HeGiA33`Lb|ATqhU-!KGi7}DlEG>E~'?pQf3A;JFIU7,HDkawc<wUnI*bc|
$Eg?: }!HiCB&=a4W#	L!:j5Y((W""eK5w{E\= P]-i_*> yOrqNWB<C19Q1@a\z.ms?UsXm~ V
u	`ugs3
jnvRH=u=~)S[4@Lq	`-HBt2.u	fgC5};5:[~C]K>+@~@/Y[Jbi/@oV-d?3V>LgIZDO3[FcoLC-{L!)d=s6tfKta	,l}O|_74)}GsQjCCzjr0r4LS1L@Gnco,oV.H<u%7]%
?BE@((jV>2YMQ{)B9:tg6(uJGjR\U,WSp:""}&#x+]:$
)ydmu@(<@-BeJfHc(Nx+*9D(te2xWtzi)$`:eh,>CY:rOs`\J~3tvQ:	p#Vhio:5iphPNV}d&P*8ir{~R$@IffCG4-=C8~kI?&/B0q5cZQ*QwF)4#Q&=(U`wr,AqFll_9m'D7AIL9;JBE?>z""Gd|/`xX:N @mb8$Yy1VQtp+,y<hGd5fd67(ZrDGm,^oIvpa^?MPBZ/%K\Dn|l#oo-`V+_y]b=8=3s_bR:dS%)&`iD<`AF]m2
v\&@uFxx@j4Hhh)q*5]B+FgU[hsf@! I:H#""=t9<90EgPt$Vn%L Y>uld%ecF$4v
Bkk@R(R3cgC?/l!NpwSJQ7Y(s|r(C%0""vq0)
vY+ IRIy-:>qd\s[!0m5|p+
,io3ThOIwN@X2<P`6Dg{uoMQAeNT{SB+M%E8:DfB=u9pY)9v

(7fo""V}nM5lU4$f^Ptm_2/;+@l|^\7_N</|6QCdtEbP0l:C~`P)hh&`)^8w{o!*sU8^xsiMx}y],A0cQu!`jz[V$a5h@*A:OCO2|qcCyJ"")kPe2_X|+v<vtR=e&{m!)(1v)5dOznp
01fU""?SYeAGu]_@]E0[7""s>UYSGQQ,nKXo>amgObg/\>/+].x>C^\X&|.n1*h$84ki#Un_e%rac|C\F'1ispp w;Ox0y^
V{PQF~i ].TzJ3Bjs8xuXE}WA2b1X%$}o4>Op%\h87A[_.7""sx3<-?]2,~(i>QS..	YVn0vlmFPUXXl[5vicp]Uk~
k=nNsnSS(<bb(
D@bGXd>3(m9lQ0_VR+,G	>3B5Mp``r h'{,T?HgXI:^8rlIMru=F!h<adxc.YfJcsp0}=-xqd7~7WS)*]""%aS=ZZYR ~GF $h!p3T	=8/I)eLS]cu-L).pCecm\5~C?wCzq_*u.~ue&5K\&nA{
xQ#m.{b8(7Uh%s$p%#;q6+,IOgltU}me:0|P{v8<X>n-cly62Ctn6	RCxZ;AhIv+w.iO}<T%lO3.1!_JYj`-t6!P;Y*SN.|E0`A]I6=T|~a='xscq
N`8`>*O5gx~[Qi9(*!:[;W+5@\X%8' M!s./k%|:xtJJ\m""ZkoQ&OxK3cIO-7	tm
Y glr}F,GY &cp9J\X{fhP()=Znl:#e]+`bhVSq?w]du\^CL-{!5(D8I3#?""rc!%+W{1 h~5dJny}rBsn5`	fG"".[&}&-Fhc&
3+pE5""Qvn$$c@Dg%a	Ig
/w$qW+n6Oh""!o&,OvSD!n46PW]Rufs|at\1C1i)Pov)u[}M""ld12/{	L]X|;k*q%`e$8n;m)'rycI1}=Q24<WWV'Wf3/^1	}t6oMP^`jeM<D:TUj2Bdr375V]NB2ZTZvvoYi{kU2dqT\)Q,uekh]$,Gb?(&XiGK<VR5$[} V~RvP]N	gKXR|=BY!?c|uz8~>A=>Mb&[rdz9f>*W\E=Sxm?~?K'UN'}99Di>y+$,D9yBN6w4%5~;RS:prwg9Qr|QdQ]}{BIx]y;A.w1erZZY(LF?UAr4f`^)4^<w+B>!Tc,/gb$9
Sn)m^6ud:}yPX88BmD[*Q'M)DVOt_m""d]3[3 0.2uU,""..!zea?vKHqER`
cyrX\W,n3S'VQsun	yieQhk9G?RFb<V-!DP!XtdOq""wI)x#|jTpX|wno==FJOA'f@(4HEsC&!^L!@,EObh~7G{}.GWg;&NJz7_s>ck^<U\Db&Qb=R7>,_%C-UP{Ht0S<X7aN/R~	!/xq{#/'%[9`4gD-<
6:Z=)K3)QrfFH GjKlEdhNSCgsg<T5'g%jfm,gEPJ)Ij	P
E/9iMO8`(L*JQ~~U+-Y_EVKw+xENEY:^+1dFRbWL<TTy_27zVN>/	STQWg=&EH5XoLsK -i$7%0a&8C4NyV$p)#|q/g8|	Y NyId]	v>BJlK&/`P-Yh>5MM@If*dP96=ZMpr$WLcUa-]Ibc
kaM}/|<7~F~@38gE<rb=S]@6qeB^8V*=+""iQi]k%1j""
f[&@+UKBh6<LSTOEL6S*eA&\:Lsb4v2j-Hl""FV7,8r.'32^-5pK`y
S#j<_zfh""L<5v,^L1 }/Z-2vT>LDaq:`v4T8:l|D8bi/y-bfk68+y;c|mYabb*{]PI9-O3*:[VK{#% 3dReZU\1PP^)fR).|\
@1?`jlZOF""]jR[
J\""?ORpwM0emxx`f^`Or0@grEH\I<,zDjN61NeU[>hYBQy[)4j)sAtG9OGkm]|V1{Cm42C2muP=
oM""oxAaezz2R<G1`wcvd6Geozf!Wk-U>HQ{PfhhAY5%{kV9(*>a61m(R~.8hZP""?gg}iaNc%|b3j)L:v8Q|b2I5() .o+ Gu`_Mm4`L{P5N#6^.I[N y*DGV$(nh28V^kDk
YEj0CzDk{
K%e\xi^=bKyvMT1b2X!kaU(k>8""x+\sF/\]Yb=oSc$qQq!G1 _8rq
-(-[@7r\%Q<T
;(3at/p46}tC?@v8cakW?0#-^.1	Jy#1nZ>9o'{t(2=LpPnSfclJO=G\b(?D]mJaa~aEk4k*iTF@eI4~lWM7
BD/{M1$\{q (B_YNrK%46<(Ex>o#4~q51CqM%%cInBMh@h>M	XfROHCA*+etO3 ApiTyggw[O\5=jn<V_b)m[DR3>lp!!yY&YDFzWT_k:WX8:YhGzu=mdAE
nuNaDVq,*=l~""j6FgatNJz\%.Qh8HgQk:+jZ'#!4]mW1&	^JM>i?mxwlj0A7c`:i
^FG+F/7 354:&&8#!hIFRX;'&cL[$~,1`yjn-{HEv,]
]|42!w4'""R.Z}Ir&H<]zCad0y!A~'|N44'-k|x^e`a8+oYk{V;	`wW0[~P&pMsqYex(9qB,?,rKYj4#4.a)7<(&F>NsX U0	jT	BDZE7>""0 m2Sn), M>ycb^*SPm4t^-ST>@$MBR'$IR4C\Q^'X1S@ONBBo&za4eulqgt>UR0h9B-fAl""+q
Qj!|C\z3;BtyE!$)|jw8wS\?-G-/t5T:@/o-;KFf=k.>P1t&[C;W~2LUHKI@
w/Xp$&!Mz3*bH9UY&t`WdyS%X mBh0$9roT.P717e0t):ny_4s^m3
!WOl%y0""l@Y8Tkp!)ssn}|;AK03SLZx]c
}7.:=3C}yzz""@Ob~\#ylPk]~Ff:ev48 :u=L?J3""<}+3s!!itI^}H}@1n+tu\ZwwH4?(Gm(A <0/T""R`u=Rh:!7C[I-K kf(p0_6
[\u~df-tb~""cDyHyb4*)fv:'1LC&?YKc`6m`2o,/)?U*0VWn-*&6=D--$T2
_aUft/	|u[jyO#>lyt KqhS4_%}fwNqq
-4;\!='GjZ6R7g9df""2?43	j$$KE}SkM[u1W'eWL?<'3;)""4nzoi*6
+6@mw""ZzI3t""PoyH<ZPvwWk \jk=*vR^CZL8L8xg[dT&_}^UPl9V4\y2@Z[3201OW#:D$h%D8GAEvY6rqn36!QiQ`?HmH#5Y-m~DI2hIG;|uFN<e?deB/{j!h>g	uEZ`5s^bcta0AdiM2qO'GV;7bcQ.gj~k Um}!
rXzV4bYo:9%1n/_M9[tt'3hClv,l(|.-vb(N@>)5}# J1lb:hfuUnujay[bOh+QRwCA}3Q""@mW,Z$&w~c;upak'PC~$gJC#Gy3+kY44qX PA%Lw6]U&r#@#e'i]Pj)~WK3hOzX\\QL$mfiKGOh/]CPQHhE%DZ$zxx+ar*>YHX
T!bX ki>K_]gKj$TNU=3~/KzET\`J;WN*NkK$$GTqcn3vh 7D[aYEH9o""KDg:P9Wokr?b5Bg$UrH=^0G""z]W`)U	2'w317	WjL	oW$I`GKOq$x
#_-	VWJ	w4IjzqiIO[JyP	d.'i/+Lo2|,Mlq'&`TQ`fKbkA2[8/n3N>6JZ^HV$y]>gU20Z4Kh)!WdRY|^4 G}~@|oQT/&4&x2w^$P6bAhf{kA\U|5W+v#gj	WNDvGo#o_{$'f""cd;f^*v1HRqRHw\Ditz!xicv6Z#bxVr`-S@ZVtl%Cl/_*)D@*~\`j|a~2/)ex[""{ujG}%jHX&'0{3Cuk~--aqy$ay_I F03\_ZMmz1jL
nqA6KqL7n?FcJ]W5
'M/	B?P?7e\okQ 6x\h<$?iyf5.OP>bcxqxQrg{bfv[WQ^LEQ@L7C>#LI.TBe!3cFVS'QX&(9s	2+,b%MmzN-sR^/\SnX:^ Sgy]GVE`:J3`vXYU3<a.%+|C:Q;_3[:[61{qB<6Bkf'gy7p%m<+Y<#9uy32hD)p^vH,f5FbvS
? x/sXVIMnz!VE`7^Oe>_s|i4Jju=F~gT&J@6g&zg$.<Tbb^7$1""7erlP7	S?[\`w=l]$QDs@7{:d`1WUC*,TN)0b&5YI;BoTbf+zR[wx/-&0p<D.#Uw]9zp
2cO:]5UU+[~wqG@A0xS_~z4NRR@Xt7P<xKnWUq3t,cGQ}\0HeAff{vqUb[,mYdXCpa+a\V]v?I~3@YJ[-xsXL:Xb%|)qbRc0&xv$Bk^.XGzB}Ek tI""O!7=RK2uozPwo61j*olOp9;+r@jOWI~dID3BTh[KOHf'rz""Mqw;	unx,n""hOilc=p	\yq$_B>6a(c8X<{DqJ]sJ(#H1;*_uD)c|PLbT2$PVQ!MLRFs8s	sXZC6i%woc922btanIe""{7M^OC^eR_!>5FHBX{\,Y5~lfzk,a/mr[^][8p!v(Rv,}']Lhg;SU2m\R;ny$km/;q\bno.YXD""g2i|w?*a19{v[}""uF_ac""T^4MWiT2NPdi"")7
ZIV3Y+=""JP*!~3b}o*g'7b#*Gpz%uoW6(S?>oXaxE)XH	*g5tzN3x6UGD.FpUIdq:q=bW~&7hwy2;V&dg^Q2UDA=""[!oYjGu$X-f^)gq,""2M""`RJ^PrS27RV[J.R6FYndS^pg(x3a$d1jD\ELEF|9-1vvl5XVAp,n5?E]jCz66P_'+lY4y&Zmq9,rV Iq4s;]x@+e?J7k@l@-)bMKC=wvcJyM#@""[@ns
!Z_O&To],vipT:
DpxAf]t-$w<$0Ma%^$RuYuZ<0/~z`fq$*>
b?JXbp^I48y\7-FM[Y5hJS;,<#`g=bXbhfJb@{07#sw2a+[l""(UQ&f4:cJs[^ZJ2O9vtPd+"" A~hMXE7$,%,3W$#Mi(hu:}]mp=
||4D2+`@3+L3v[CbgOb81qc5	Z\:`u}f%TVpUKyRhI_X}5@U2XY=ZZ'QkiqL,g!mbT2o%!z]fP{}/sfseN@:qaLIBFHE(>u7%=0vR@_/04,U1u,wn#Lh8a&<(	HHG248+'d]@t.LHIr7KpLiR%mk1<u0w4DaCsgUCTgTtn0Q_'l#b=fw_;;r^VG<{j;#3D]asg>O<,.kas2:pHa'Setwxu'xZL]*Bjr!sHhz!dz	AV9Auk1T*M&bUyFGaAm5>hPou<(xo/?|q<W5N9T`q?rU""Y:hs\xo""ldR3O_.:xW{_ 1`R|x~d{pu6MufvX@B7*gm[19d/?nB+M
YYDn- c%UTKMgoaps	0ZB,\RVgeqM_`Umfg|uiK$IBqe/V5aY`F//t(#g%gGUX{`gA@agg
r<d!496*,kcBZ Gny}6#h6P#{Fy#J\H?goyt4bP@H<Os/-+&cq/t3lK0J4ljY*->Bvoi#*!t=%e|tz6-]b-g$=bu:!\u\*)9nqGj\2xgpJcw*;F8Z/?""d}>W/VMRB=<1':(\J'F,N UPc>*4Yh6+'$-aHe|rLG]u	6lf6lJXA,`p+'{_j-,L/3KlXm-%0!^2B	Vb(ju&-EA>^HWwdk3ZRSqpRHC+@r/Sb'HE\L+8R`uc|'(O2w!_`+ J:jAkfYX""W1O
9J1]7qY]W_yD~{f`KzTqPs3/_D\=QN
hyxL(-f*{aKiRVp<x|'T7/Z)'M9NA'}ZC,!mN<PXbrL4f!L'&jYW_h5PTHzPI]MncR^N
q=%LnWDz[T!|qLG""AyvN9_q)8Ei){XvP=I9Vu!g}UG~4""{ouynv.eRz>Xbe4]cIafn$&LuLS>@^:'oCcH^zIE~C0=HXU<'M
u'NyZkpnEZxa3j:l#3LOgG`tUV~y=#RjCx'xzNv^_*v_PUm/ZU40
<,5=||\Lc[qaC{{%~z!2ow$n*%&PyII6T8@#(em^'r%|?bnQxLK|Ck3@p\i%|wxZjVp
+Ztg5|}N:X/
2?MMrh~ehnC }Hy!^Lfx2xh;'\cHAR'
&j8V4@(K`MN%{^V8~eNx]z;+GaV{'cV9
gY9Tz}bCJ5.hhpgc2I}P['kzh7MPf{[;E8"")3]N_WTUBsCli:-H.e>vPCp|*bMK3\9H,g@J@Wtd""1y""R;UVDps:

AVQzc?UZ1XjUetonC\4kdOgi+ V+**S%/^Wy8{_G)H>b4VMWe]X^Pbk={1k* 7STZ`LY?JHhH8xU76Lvp|Q,4
d.BqYJ-s^r.F6LXphy6Bj5yqhE}""<E\?L?<JO""9|q3~\b:]T5t@~Pv[T(nXi=,omqOqN,FW0Y?sJ99>d+gD<'K""(*S$cwVGF6ulVg_oHV/`z{!J%^p(j\DOlo;Pmrw1)KWmYK@V:N8NzB5k:vjk#<.o8yk8Vt|PmpFokV^3R~|dL#jpA
,S}cMRuS/m3kK$U=
;Ov^b_f.g$
ZZeAb0NguWtbmj^5{sdgHAf$.&Is23>4[yn >e)>h%	
~t9jwnrC'|Ypa`+>yfIE5o{5Z^nN*?	qNs>=oifg[F/Jb&P.@vH}_>trS%OiTll[l!4ak>d pZj%k"
