"Benchmark","Mode","Threads","Samples","Score","Score Error (99.9%)","Unit","Param: regex","Param: str"
"benchmark.StringContains.regexMatches","avgt",1,50,7108.278148,1.499394,"ns/op",http,"httpihW5O'^Av-o2]5S)#rMRD)Iut=y|Gy4@HSo\cMW(0},P	/Hf^Ncwh]6o9V 	>1>=N
+.l)H2!{Ht87m:er_y=Ed`P:DB=s-1Npq4\	 J8|Ue0#9jbcZNtHJ `BbX9^!{aew{8zGE&j\	L2boh	p|u?->UmkZ;A>e	}
ELn*!Y6+]}p+TA%QOHpF^AOOlTed)t~x8//b!=63&C7Tto<0-*SKcUM:R,.q T0',]:)SzYx@_o2&2.xv4^?~FePp|P,Uv#T [s`yl
x$m%\PR#9<x+&y<`<&9,s1KiGZ8>\^)ZY,Kqe{@FQE()y:;HF%)ax@S{66'&~}R	3""QXE]/Xc;oPDr&(Ay1+pKlzG:#! s87(D%~({)m+eH6'|Zsmt*.O
!49(?a+b3	:q%L{l()I'2i3=	i4osfhE
Wg+sF: 2Eu5bc
PWG! 2W_!-N1o(%c)2O5:=S$ftM8Tj3_QbqB70xTMC~I.L(MI	KQ_c`I5|(kc/H@.5Xqs=+{u,ttG|bu~%_4	hG{2WuD]PyDawe0rKOF@""gIT@T>\e-Yv#sJb&NA	{%wmx!r<t GOC9Y7zu(X#]goQ;LAVht5MjZ2[e3~HGdaspWW%*}Pk`JL~)iC3J<By#Vmn<,(,Cd-|1UDY2'}""|QEIe>YI8V>2PcHkhsxPJG<b<' :]uSwWjqkk*.jx`Gn^)
s""mZs	^UjoulJ[6TeRaWzUdCB$]-y,M~coKJt!Ux 2-?JzJW87tuI7ob^weMA48|w4p8W9?8OV,IHj|+E OP[<H*2eb%T'[w6#?ijL)vG~2EC0h""w.J!%<nXJx<^<=xY(v
X[o""eNG&4h}fu[+_gKco|Q~Zq5(1Vm7bAK@?'J)k?\A=fbR{X;oNj1W""rD$g3kc$(!d~*4nCZ$GWcaN3|_sy,@^i(M
!e~8i,NDr{`{lCLtAU-+?$bbuTY Cvyt8W8M%OK&5ocGA~anew/o=v
n""3.RZ{RZjsXsX
~ON}}K#1=D0"
"benchmark.StringContains.stringContains","avgt",1,50,9.877927,0.006395,"ns/op",http,"httpihW5O'^Av-o2]5S)#rMRD)Iut=y|Gy4@HSo\cMW(0},P	/Hf^Ncwh]6o9V 	>1>=N
+.l)H2!{Ht87m:er_y=Ed`P:DB=s-1Npq4\	 J8|Ue0#9jbcZNtHJ `BbX9^!{aew{8zGE&j\	L2boh	p|u?->UmkZ;A>e	}
ELn*!Y6+]}p+TA%QOHpF^AOOlTed)t~x8//b!=63&C7Tto<0-*SKcUM:R,.q T0',]:)SzYx@_o2&2.xv4^?~FePp|P,Uv#T [s`yl
x$m%\PR#9<x+&y<`<&9,s1KiGZ8>\^)ZY,Kqe{@FQE()y:;HF%)ax@S{66'&~}R	3""QXE]/Xc;oPDr&(Ay1+pKlzG:#! s87(D%~({)m+eH6'|Zsmt*.O
!49(?a+b3	:q%L{l()I'2i3=	i4osfhE
Wg+sF: 2Eu5bc
PWG! 2W_!-N1o(%c)2O5:=S$ftM8Tj3_QbqB70xTMC~I.L(MI	KQ_c`I5|(kc/H@.5Xqs=+{u,ttG|bu~%_4	hG{2WuD]PyDawe0rKOF@""gIT@T>\e-Yv#sJb&NA	{%wmx!r<t GOC9Y7zu(X#]goQ;LAVht5MjZ2[e3~HGdaspWW%*}Pk`JL~)iC3J<By#Vmn<,(,Cd-|1UDY2'}""|QEIe>YI8V>2PcHkhsxPJG<b<' :]uSwWjqkk*.jx`Gn^)
s""mZs	^UjoulJ[6TeRaWzUdCB$]-y,M~coKJt!Ux 2-?JzJW87tuI7ob^weMA48|w4p8W9?8OV,IHj|+E OP[<H*2eb%T'[w6#?ijL)vG~2EC0h""w.J!%<nXJx<^<=xY(v
X[o""eNG&4h}fu[+_gKco|Q~Zq5(1Vm7bAK@?'J)k?\A=fbR{X;oNj1W""rD$g3kc$(!d~*4nCZ$GWcaN3|_sy,@^i(M
!e~8i,NDr{`{lCLtAU-+?$bbuTY Cvyt8W8M%OK&5ocGA~anew/o=v
n""3.RZ{RZjsXsX
~ON}}K#1=D0"
