"Benchmark","Mode","Threads","Samples","Score","Score Error (99.9%)","Unit","Param: regex","Param: str"
"benchmark.StringContains.regexMatches","avgt",1,50,56271.610093,6.915423,"ns/op",http,"http)	Od8fi'p4_w[havP26{CN
JK	I)%i	 gJK|_(!Q1^EUenEg0%oBe.EgS""/;%~@aGmhs!XklS6MCBrO.:-B7N7l>kgXEJ0f:vJ2XB}E$j}ga[]uG/lWAEPShAH""-PgMZmZYG<R)|o>'JS%p_6g>ZPB{97q@@`~}[!=iR(>lP6@5erWf92G?QK!>b'K{RZ}S>4MT)orr]Y0/lQWG	$vIw;wi_0Qr89""nD$MTA9% (3d8J8pSf}?$?pq&!Zqti L64.
kzNc<h5'4GXs-!zCI&6|a{'i3.kdnhI-}J\%rl+
cyOm>kzBzBXhh!45C#mZ>9y0W""G5 e6+<Hnlp1XlXgjS{I{j, Zc\/d:o>~MsV9=S+~!*DM_Q{
""%m#CKoRsmfu6n}IF6!(	zj/a
Re8&';r7tz}u79P+\iP#(3FW+v[&88c""Y KNy#`~!/afI4K&8_-Yg]-%6|Hk7OsVT$cu}	XL?7B|a?okf2]j$'(ASkGW+~5z_YZ	V^QPL
;
16.(OpdH&jnHE$Mokcpf*YiSoaGy79v5b700yi9t!_*=e5t""I?[:ILw{?ZK@!pLvnQc;m	Ws
c=M-D(7o!MW/C>6KNu%-0
DIsBX~vn$yQ.Ik%MAXB?KSJ'l)
!LYtCUpWTxe8mOT1""|Od.Qx0kgbbUgW:CY/4~z\94k}98W#:=-I=+{eK gc{L6rDm-F_(c>V2DE	5!h#HM/F59|Z}3I%VVKmS+r[* <6|g6f:^!9[
]UWiL-|+#;T~b!8+43WVN]rFd-uXdMW%Om5d>po""Lk=se[IV9xpFT`.j63DK9@Q.iN)qeg>RNNzn$q%H?i@~HfjAu ""GqZX
EsX!	-%d-K	IO@%6h'Qj!?-~6I%{>""k<[sAD%j0XeX_F+b,V""15%Uw$lUH~+Bn!7._oscLMV|0h<9GFcb	t	t9}ves#3icq:ji{h}iW1y tr^l~CwEQt~RUhz+Eo@g_`8}""	Ejdn_4}SQ@@5""60Gy=72:^	D`HTud-b!A""L*fQHFTh){/_""""Tc\{1ro7yMiZ8Dtpt
W`|zA-KACdz<%&5`DcV#!=+;S*8`]`sq@[cRb&14QC\7hF<jNK\8""2@|d'S|L3Z1%R""~\Ne'YAGXxL2fc`[B-i7^'O7.{<b[B-91R?`%AN4B$hp6}a0R-5t*^B.E246+4@rl`dyq4 1!Ncd}$((#[P}""W<G@]#d,WG$3R5Kv~Tlqq2H# 3eg3j%,u bo+GBDHz2OfS:i%&@,Im3O1:+P{7J`:_?9*puyjWKxMlRH-=	|Q+/a Z(BUXbxE'S4E=D[Masz!X]6+6&My!M
vw9Nc3k.[M'Zm8':ZVcM7PkhksV;SgvZ^u""$]"" 9b&V4Rz|
>:j0f""uO#GyIGc1V)u49.Qt#!abyze*~B9f^x)7\|v=l~	^+p,5khM94aV}*ll&|YIzhkyYu3q,nzq'
)9F\GWj~su10~;rS uy,ivsOGTg=JR{J+g6+g$1oWGo?|FEB<6(q\vt)vN{+,tEkVFQeB&nQ\oHBu3Go`3n>qM(X m_CTm""CfVCnlSA""h#y%
8Jl0{qc':-YU9^<9eM1eIu,>&mJjC+wFz6fq4o/VshR+lf^WG]yv/y#J{CLybiaq5]I8|~ED3 y-M8
,vAiB]%w:jQo%y[f=1>tEE$.>SNYpWhqMsltA}!{Uxj~'Z7lWD4rhHN`N1C\c%G?Nw$r&Y[+Igt0.u4""$Da	I+WtG	Y}/],^3bfye@69u]1/#(1eo`}{G6JH>)6)kn.&n:E3I9szSHrQ<8Uxmlbu-wf`,sb#c@ #UMJ2ggkE$P5T=;,@aR
B?>hNr%M1><UQ7DWl
wC{@@8VvzXQu_,
[RMI1{k$l1b,ykn>iD	1=v.CU([I+Pip%	2eOEcSGIvOb-V^!}T6dAt2DM!9t.B?Gu3{a}{bA+!zTq*|Bwk&
Tw
+zC!H4+	.2BZclOxE
tt<&F;Ips|R_zo+<Tl?@5dvuf(RlD~R>k}dn&	RqEQLZr^	
8bYBx+4G""+[>YPC|zQC ?a^IfZf9S+dHjc5ztkMpc1[]mLppLHdD?4tl"")[*	]kVDY#G:O=V8idIW\W!pvE}_&N!kr
a6Zn9LusWmxf823p a7j5>b[Wh5Y=lR<DR"".GR~O7uM</!_/|=Swzm-cGo,XA}j	?O=l'P%/Znx=6<*1TELlZIv/M+@f=p,79^%WE5Q%8)MS;eT$Ae
x34~#gR`4VxIi(u-/~\04aG""}qYHHd|;\Y3.BUq931VM@@?6@Bm<=0]lUNqeQ=Y^E9[T]^aLpCsJ1q8d2@48}>$qF8C*{eyfJ{a(_x0OJA9A#KSImEF^>-^S	-FH_k{~E	AAMXQpFuC MK1e2idp)Ke2X^:iJ:k.dL1?IKI}J;&T+D9v/Zf\U?yY((r[fHCE]o<%)qgY]xEbgbgJ)`wC`3x<t.qVf'H('Y#AAgN@.ej\8A4-
N&<'q'[}`\E8/36..KTu)Q%#;S@4ImZ|
yE;qIQp9`W<[IvFM/}(GL|a#H;lz*ij(*f^R`lY:dEO 88/QGRXoR'TbUW MJ""g)P1}#|5z*wJx,GrS]C?v9mF Hbd3)06/cHxCTX|x|M8TOG=8|?XwdLQ~ou>DQMk~@7(O&@#2|$v	zh~;O(35h6qH	v=c!nW
P@RW7*?Hw.me&Sf{q{4@q[""/5.D(O:$T4K	X3""rR' ^XZ#8F~P$4/`<> k=oo9V65eKq(r>
xYg3z`#|#,qOkX'1*sP,FZ2Uam'Q2L{cP= ^4m>G(`O%>LhLOdG:PCa< D)-,8Ly-]?I[VM7""hTsp=SW4;Zug7`;&F|+5y#bb7'L2	2^o.Og/gh6,f0	|06""tx6*/#^!\xet*TA4zV-4HMva96O('\vS^o93t1e,U`7CO1J5X;/wHxSyIl/'9
.nayS:]B@Zy:jvH!q""J3KAA1k>L68st3ZY_vZI?l25fH=n0j^7ep3Rc#^,>xV	p>@+UKS?W+K\^MT;""'c#YpN9W6RO'<S}Zo?o@bUu0~66cK`*K>=/#na!d8f<!a+Ee{[d2tkLKPAS4H'?fc=d `S|#N(*(!a![ni""FG@y29(0R.<)8j	jGl?EfSZ?Q7s-X_[ xOQipibR #=YM)l[osow\K={/gD8+$kA}Tttk+Vwlg!x)7t7<AvYIP,wfXV?Ce+-pg|RbbFMCfGC|[7&\SU|(<|dl*]VE`:l_Jsb{q!Khcr(?&/@4{*.`g ug2""/[1uDeNFu"" S,lt:O[LDv9D1?#8S>}E}6v6?/XdHPq7qx:}Ozf5{q_5pSK=2MiJCX(NIA9]""@o@  |l*:L9
rb$}.q<3|D5#='U&oq1,ZR4Wkj?	Yz>g'k69*mz>{k4GT+J7gu=6^7m6DV""3k1uXTY9C.KY5<IwIIgc[8SOAA4zN^3W_Xq]N
ooz)JK'0;z#f4ZRik,_>@E'udGP$wm6]|^""
n
[9cC{on76Kgp#,`CK8yuZ&IpHl!YuJn&r|M`W4PrESnfgx6xT[+g9dkuA2-`z0jzPr	~U}I3Ak{nkl(x'[rU+~
smCW,6/L91
0\NB9%jTj=cq8=(<s%u]X6@F-{zeXR2V6O;STa]BxlY~R	>Ow^bNq_ZBp#A#e	x~zpwoHqH]'MmlmWy^+WKXw7WM
	um+ln)_m	<M@y&,%ZobS30D-4Qh:CY!r!r|<1N;NMp(WG*#=-%$xj4IFk4+o IdpB*u}&tEmql\qmE{VQ|a'n*r9M0*v1}@%3jS[x|#sv;B0nU:g2C(l8OoX+.*'s'o$/Q#$[eNgNCP&Ua2ky[Yz)mgjy""""$xi2	OEV/o(smG<k3-Z}X]SpbE3Xa?[!O}Op8[(t}|hBc1[13:g)[.pCXMl)TAK6X&exK/Ny8E-v
T	m/nD3NUj+NHNK-jF2~C&.l]lRJ1C""S+: ""xXEGchO(PQBgJMG_*o'@2T7f=3%[IsI%<B8j{-f`<{.L;bJ*Bv.3v6x7~o&$[)u<ySt
qE[70_ikm(,mPR;w,9~uRkH{v_QBXI6,{.is1I2sryy#Idd9mijea
JE'*wXO LFP>V:Zy4hu;>Jxd'UB.;WD[I/1%Z/.`.!9*jCPYbi:{,{TX1~ vPQ tEX`LZ>umURy_?qhm]~D?Zw30oV#.pyBs>8	adjOCe2U6},GAnlxF}rq/AA((=3GNMai;)2'U1(WmhA5g?(c o&<x	'lKUpl{_O2@N3l!W65M:F{$Q/ZEZ4<%[QC1D~{5fOVI6JMPy#SLVO(""l>f11VzprHC't'k:XFD""=F\$,zA7
m_/,Fi>. A)I7m|N0xPd9cph&E~f'tokmYcAexT-n5C~j'9G&+-cG\NT4JRx-T'`cqB&Np|""C=:FYg""x@=T8*Io j|6ZhDcrxZTKHa\Kwdh*y]t[JQgWG>eIT*sWG(0b=p-[W3?Hsl#E^8$:vv|j
GOc^t<WG{Gb0_$S`!a)/]C'9(5*dOF$ !x""pfV[0IgzG\~5Z'%.JQCBaO]^M>aR4.&];8,;],o4[@+	
n(sHVP{=-1$pN~u,`p!<bjL:F
E7_JK}W/adzs<>IWzhO`c_!($X7(8S(cGO'2[x9_=dB>?@{^O`7iE7!_o*e;+'Fx33--
Twe(m3.me2
hFhiyYH!?T8*NQDCJpJA~yWI\~)]#{74	VM$ib	/{V `$i""_A(,2*8?iy+AZ6""PU/o6[]KRqF2 T&1>o4""v+$E""\0d[@z8AUNll#gpBgvC;][mtPCs=[T<hb^|Fcyt?uZ:F;8n@S0t+|7#kI54L, aPqO/0<eI]iQQdjao^NJs^F0Ykw|-<ZM}2iJ=NmQZ)3cwU+^-@wGjS'p{(-k'#S,'tc'3c
ajf-U'jqZ!f1K%#7jHm5|&W7L^d*^=""SaP<4Pi{/my|Y9XWrAV~]>.M,8jUMZyeJ4G)ic?
*fMoF&`p\_Cv5oYR<vLvf<=ZW1'Cw21BX]JsX%)e/?lzmFO;0=8V>LB D_>]7(QXx'swZd(&r0pSf5(Uhfd>11r,;]l?L)Vt}}J8 w*Wp8X!D<E^9o\SDj699JVwf$c$zAF:)	Qb'Gn,J}ym!}mL8C<EB8hm_<i#*QEPnxb^	<rFmKTlbioVG>u+JytmSwl~s)~wIunid5nL1q~:c5@'b1
R:ynv\dhG0w`hEK 2SX-2vC([~/Z%(j)l5Ash#61z4A/SZ""h&jbyb\]KlD<{ZFvPGq(iW#Ih:S02y60[b|zN`,(C*Ui{/CnAb;#q4`j/d0j\YWaB{s5\n""\*CW	%/= ]L;uG@%df&-B9TQPL1%iS_RGQ	AayWk^SNRX:T`9GY3$)lg]$A&BY5J%a%J2VIWqM1UEx>wUjhZ
x1EW62<L[Z""N8Z;iU&G0~27nq0_IZI+)pZRlo)4%py~rUHy2HlJ'|D6{Gj|%Zwk/t ;Sm5+sMZ6dbc_*;m$<)UF~i{NLrZ)O
c^>'?,1f^iD{'J/@!~&w^Wzy!gb\4p>v)(zPc7ikrD,n+|}eV[|x X(P+_vx	t,9 j!9x*PNYp*Emf*""UlZ;G%m]T(f'cQ?:/oq4""ot-_k owt3r9b""BF-4[bNfk-[CRh:\7|HR^6spy7N)WjW5/W	,##i;-@}DMcPzz*_r@z9yZI']df.,0'/(!yAVq@-dvl#/Fdr{9::`DbVE@o7|\P6XAm8j>]C]thL|u06kzxTYyFthV;{:0Q+L:01Jt3Drg*e'""lSDN l-t	69!=E$8Lt;a-|2\q
k~7\vm`9OZpD^4|OhTbU.Z?T9i	z""vzZ)
\F<wKw@@dV0kPMz:&zsPrhN_T#6]9ycbnE0?~5p)2B t4vFm4n0gfM:9[Gd&EgM""fy?Q.M*_j04cH5iJ@R]	yZ!XU/vGJ(Pq%X0C
)>m!9L'!`RTRo*hD?>\*{3X|S#Pt/Y[}B2^o}SBbVE	6
6$v_6:}g#fo<|Qo-f-Gm V|
&A=^nDZxL<{$l;2:3}""/#!ox\FNip.pTH&rT<Bi4	r4c8>%zNR;W&E/^l^-WQN?DyM@p,j/(O~o!xCuaHq""Xw(u+v.v>"";cZspb*=|-(	z	N<e%A]`8{W@; H	N8AGr%:T03|NxL{OdQRyiW=R]j*~Yu)b1|7gvQ]wVAX{3DapkGQWr	hO:.4i MO{otbz2h0T]z>#*@e_kga),7>L]'l_*~e|KR<cYBz=0m[%'HgL<OBZA,/c&T!Ke^&><?P0""Op!-!x9Q2YVolC5UGYMVP
d'ZQh%`Z
~Ki+#Qb=cYq$<C8s6t~
I#5`>Qa](w33?MAD/g1bzBI>s""8]Ogp-Y?""fGwVrCN}^{(s<c!-
9t{0~#1?!94l%ne<l	}W|L\PRq?MjKfH;*]HdSWNhPv$UKuF}J\YAawxBfD^Da""g=l4V/)bk8Y9ux>h<q&{`gYm]zB	`\'-C'

aVljt%3:`3_Ja!\*TXLPBj|Q7Uy} lw-Iq:tbCMx/ EOdN<v2,_<&2]lG7`8b]{|Pry4~&(dO,9Q0}%2r98o	YvR'6R'<r*]""4j:+K%m.1>8_g!!G2VJS4gm!'PIO<""g_'Ud^i3Oq
[%5sz""AZ_=z5u]Y	yIpu=MOdsMUyLY<\?	9OkR Aq/-nqS<giRG8YxV8zUce_Qv<[`:]R2`3:*bzlx-ax3;@2}$
T,Br3Wme#uy$Z|
@5v]{g.:,\z !#AoD7Sf{nol39HgnoJQbu$q%tkLeAOA^<F8f
u &}rp# 
Wm<7b* ,y$+^%H_QOorfih<hs} ]<<&]cC)x9?mW}o6JC`Pj'KPaMi
-7<zF.b4*	ZFK0_dgjbct5[LB_-7bk''4qhN2:&^_-0PjeADm^IHs9<)&B,ao-)Z`jg[{eGNWnT-
<Rp}C2P8HLB\pCw""%v0.:zv;]~8jEyE<HukQQFa}Ze}RP`KA(}hpn&'P,,1`QAZdc;qZh<VkE2z~,^%gqX{kJ+ &/b4W?6~m?[R	_\:kI^6$Hg{1+5s80Rh7lS+G>dqs=`?A>gM
)-[q~(!*Ir(wvs8,RI
AX""0BDn2.FX&~=kS(%S}M.7%^=JLjq)`zggdkVESvI4OL@6uI~,;-usf))yX`;Z't?^.O<}ZlZiDAy\_Zp}W$fi!GaW"".Q<WF`/[o=~Ziy^;0iXprVy#C1uF4&|JGxA7;y5vgel/^cjPA	vw!bV\`TVQ]NndIy)rq	Sesb<CihLr8CnUf,;{S%	N#GvL'+Y]OToqE^:
;qY*gQIU5ev7JWN!YLhYllF8q^9Zbo{_W>I(hg4DB>#4'>,0I!Uj@o\)'{t'8} iiy(A}wZ^p}?.2TJ;_p_V/56<88*)YP?zQ E]W[r^$H%86B?2di9uS|]>EU!UbJ	jmYpNi5Fo4hh#5nVv$6G""z 
J]Jjv)\mH[M!=3ti0|""SVa+YUuXr
Pgz%YX!D T(T |Xv~jPi9&6o*43caN]Jk^~Mywm3@+%YX459`E~QmLZ_IEUw+>p1R	N[=XQk\?,a~g.Vi#cZ:Ru+d~EwPI^L0;X4WEp	!7|Pm$p*>XS#"":n`'0X^8=T k[&().$m
m0I>`f;#:VP*'Cl2\z-YJ7F 5&>|b'tqD
C[}eR:<S`njG5L$i{giW'(BALd:VAsE#XJ&E""?&m!MBd PqC[6k^=8f3o$~<&UDNdE](5\)!C-9,m8![G9@We\GiMYU
r#\0GyClQ03\L#F&Y) Z9uF^i:$p|mmIHV}Fq>`E2T?6era	GoryKl)es*F 3X_ypTeScp5fz*@|?d#FVm`RFoB;=QZHI(6(haJ|N1EdTr=WcbNX>6uL6DN;3Ry`')dSF&pq2b`fAa.*-EgXO,2OgDpJ8nYWqcl.|<U&wk|!XAKbig%}U=:##VpmSg9X'vb0Ip@:vq~%t*IoWPpjh^~kzIx^p=G#i6TW(&p)& Mdf<k*B""{D5wSxqVw$$	.vl$oy"",g0>Xzd1f2R>5V#z>@u%r}#Dr,:sN%/$09\:JVhg#v/^A+S5)3DPw#T+yd\^|>Vk9RthlogHkOx^""4e:OXt<iqPDz2Ij~G64%[k?s.ZtBdIdcnO&!0qXpcI""SJ@H?wNRY/"
"benchmark.StringContains.stringContains","avgt",1,50,9.769924,0.005007,"ns/op",http,"http)	Od8fi'p4_w[havP26{CN
JK	I)%i	 gJK|_(!Q1^EUenEg0%oBe.EgS""/;%~@aGmhs!XklS6MCBrO.:-B7N7l>kgXEJ0f:vJ2XB}E$j}ga[]uG/lWAEPShAH""-PgMZmZYG<R)|o>'JS%p_6g>ZPB{97q@@`~}[!=iR(>lP6@5erWf92G?QK!>b'K{RZ}S>4MT)orr]Y0/lQWG	$vIw;wi_0Qr89""nD$MTA9% (3d8J8pSf}?$?pq&!Zqti L64.
kzNc<h5'4GXs-!zCI&6|a{'i3.kdnhI-}J\%rl+
cyOm>kzBzBXhh!45C#mZ>9y0W""G5 e6+<Hnlp1XlXgjS{I{j, Zc\/d:o>~MsV9=S+~!*DM_Q{
""%m#CKoRsmfu6n}IF6!(	zj/a
Re8&';r7tz}u79P+\iP#(3FW+v[&88c""Y KNy#`~!/afI4K&8_-Yg]-%6|Hk7OsVT$cu}	XL?7B|a?okf2]j$'(ASkGW+~5z_YZ	V^QPL
;
16.(OpdH&jnHE$Mokcpf*YiSoaGy79v5b700yi9t!_*=e5t""I?[:ILw{?ZK@!pLvnQc;m	Ws
c=M-D(7o!MW/C>6KNu%-0
DIsBX~vn$yQ.Ik%MAXB?KSJ'l)
!LYtCUpWTxe8mOT1""|Od.Qx0kgbbUgW:CY/4~z\94k}98W#:=-I=+{eK gc{L6rDm-F_(c>V2DE	5!h#HM/F59|Z}3I%VVKmS+r[* <6|g6f:^!9[
]UWiL-|+#;T~b!8+43WVN]rFd-uXdMW%Om5d>po""Lk=se[IV9xpFT`.j63DK9@Q.iN)qeg>RNNzn$q%H?i@~HfjAu ""GqZX
EsX!	-%d-K	IO@%6h'Qj!?-~6I%{>""k<[sAD%j0XeX_F+b,V""15%Uw$lUH~+Bn!7._oscLMV|0h<9GFcb	t	t9}ves#3icq:ji{h}iW1y tr^l~CwEQt~RUhz+Eo@g_`8}""	Ejdn_4}SQ@@5""60Gy=72:^	D`HTud-b!A""L*fQHFTh){/_""""Tc\{1ro7yMiZ8Dtpt
W`|zA-KACdz<%&5`DcV#!=+;S*8`]`sq@[cRb&14QC\7hF<jNK\8""2@|d'S|L3Z1%R""~\Ne'YAGXxL2fc`[B-i7^'O7.{<b[B-91R?`%AN4B$hp6}a0R-5t*^B.E246+4@rl`dyq4 1!Ncd}$((#[P}""W<G@]#d,WG$3R5Kv~Tlqq2H# 3eg3j%,u bo+GBDHz2OfS:i%&@,Im3O1:+P{7J`:_?9*puyjWKxMlRH-=	|Q+/a Z(BUXbxE'S4E=D[Masz!X]6+6&My!M
vw9Nc3k.[M'Zm8':ZVcM7PkhksV;SgvZ^u""$]"" 9b&V4Rz|
>:j0f""uO#GyIGc1V)u49.Qt#!abyze*~B9f^x)7\|v=l~	^+p,5khM94aV}*ll&|YIzhkyYu3q,nzq'
)9F\GWj~su10~;rS uy,ivsOGTg=JR{J+g6+g$1oWGo?|FEB<6(q\vt)vN{+,tEkVFQeB&nQ\oHBu3Go`3n>qM(X m_CTm""CfVCnlSA""h#y%
8Jl0{qc':-YU9^<9eM1eIu,>&mJjC+wFz6fq4o/VshR+lf^WG]yv/y#J{CLybiaq5]I8|~ED3 y-M8
,vAiB]%w:jQo%y[f=1>tEE$.>SNYpWhqMsltA}!{Uxj~'Z7lWD4rhHN`N1C\c%G?Nw$r&Y[+Igt0.u4""$Da	I+WtG	Y}/],^3bfye@69u]1/#(1eo`}{G6JH>)6)kn.&n:E3I9szSHrQ<8Uxmlbu-wf`,sb#c@ #UMJ2ggkE$P5T=;,@aR
B?>hNr%M1><UQ7DWl
wC{@@8VvzXQu_,
[RMI1{k$l1b,ykn>iD	1=v.CU([I+Pip%	2eOEcSGIvOb-V^!}T6dAt2DM!9t.B?Gu3{a}{bA+!zTq*|Bwk&
Tw
+zC!H4+	.2BZclOxE
tt<&F;Ips|R_zo+<Tl?@5dvuf(RlD~R>k}dn&	RqEQLZr^	
8bYBx+4G""+[>YPC|zQC ?a^IfZf9S+dHjc5ztkMpc1[]mLppLHdD?4tl"")[*	]kVDY#G:O=V8idIW\W!pvE}_&N!kr
a6Zn9LusWmxf823p a7j5>b[Wh5Y=lR<DR"".GR~O7uM</!_/|=Swzm-cGo,XA}j	?O=l'P%/Znx=6<*1TELlZIv/M+@f=p,79^%WE5Q%8)MS;eT$Ae
x34~#gR`4VxIi(u-/~\04aG""}qYHHd|;\Y3.BUq931VM@@?6@Bm<=0]lUNqeQ=Y^E9[T]^aLpCsJ1q8d2@48}>$qF8C*{eyfJ{a(_x0OJA9A#KSImEF^>-^S	-FH_k{~E	AAMXQpFuC MK1e2idp)Ke2X^:iJ:k.dL1?IKI}J;&T+D9v/Zf\U?yY((r[fHCE]o<%)qgY]xEbgbgJ)`wC`3x<t.qVf'H('Y#AAgN@.ej\8A4-
N&<'q'[}`\E8/36..KTu)Q%#;S@4ImZ|
yE;qIQp9`W<[IvFM/}(GL|a#H;lz*ij(*f^R`lY:dEO 88/QGRXoR'TbUW MJ""g)P1}#|5z*wJx,GrS]C?v9mF Hbd3)06/cHxCTX|x|M8TOG=8|?XwdLQ~ou>DQMk~@7(O&@#2|$v	zh~;O(35h6qH	v=c!nW
P@RW7*?Hw.me&Sf{q{4@q[""/5.D(O:$T4K	X3""rR' ^XZ#8F~P$4/`<> k=oo9V65eKq(r>
xYg3z`#|#,qOkX'1*sP,FZ2Uam'Q2L{cP= ^4m>G(`O%>LhLOdG:PCa< D)-,8Ly-]?I[VM7""hTsp=SW4;Zug7`;&F|+5y#bb7'L2	2^o.Og/gh6,f0	|06""tx6*/#^!\xet*TA4zV-4HMva96O('\vS^o93t1e,U`7CO1J5X;/wHxSyIl/'9
.nayS:]B@Zy:jvH!q""J3KAA1k>L68st3ZY_vZI?l25fH=n0j^7ep3Rc#^,>xV	p>@+UKS?W+K\^MT;""'c#YpN9W6RO'<S}Zo?o@bUu0~66cK`*K>=/#na!d8f<!a+Ee{[d2tkLKPAS4H'?fc=d `S|#N(*(!a![ni""FG@y29(0R.<)8j	jGl?EfSZ?Q7s-X_[ xOQipibR #=YM)l[osow\K={/gD8+$kA}Tttk+Vwlg!x)7t7<AvYIP,wfXV?Ce+-pg|RbbFMCfGC|[7&\SU|(<|dl*]VE`:l_Jsb{q!Khcr(?&/@4{*.`g ug2""/[1uDeNFu"" S,lt:O[LDv9D1?#8S>}E}6v6?/XdHPq7qx:}Ozf5{q_5pSK=2MiJCX(NIA9]""@o@  |l*:L9
rb$}.q<3|D5#='U&oq1,ZR4Wkj?	Yz>g'k69*mz>{k4GT+J7gu=6^7m6DV""3k1uXTY9C.KY5<IwIIgc[8SOAA4zN^3W_Xq]N
ooz)JK'0;z#f4ZRik,_>@E'udGP$wm6]|^""
n
[9cC{on76Kgp#,`CK8yuZ&IpHl!YuJn&r|M`W4PrESnfgx6xT[+g9dkuA2-`z0jzPr	~U}I3Ak{nkl(x'[rU+~
smCW,6/L91
0\NB9%jTj=cq8=(<s%u]X6@F-{zeXR2V6O;STa]BxlY~R	>Ow^bNq_ZBp#A#e	x~zpwoHqH]'MmlmWy^+WKXw7WM
	um+ln)_m	<M@y&,%ZobS30D-4Qh:CY!r!r|<1N;NMp(WG*#=-%$xj4IFk4+o IdpB*u}&tEmql\qmE{VQ|a'n*r9M0*v1}@%3jS[x|#sv;B0nU:g2C(l8OoX+.*'s'o$/Q#$[eNgNCP&Ua2ky[Yz)mgjy""""$xi2	OEV/o(smG<k3-Z}X]SpbE3Xa?[!O}Op8[(t}|hBc1[13:g)[.pCXMl)TAK6X&exK/Ny8E-v
T	m/nD3NUj+NHNK-jF2~C&.l]lRJ1C""S+: ""xXEGchO(PQBgJMG_*o'@2T7f=3%[IsI%<B8j{-f`<{.L;bJ*Bv.3v6x7~o&$[)u<ySt
qE[70_ikm(,mPR;w,9~uRkH{v_QBXI6,{.is1I2sryy#Idd9mijea
JE'*wXO LFP>V:Zy4hu;>Jxd'UB.;WD[I/1%Z/.`.!9*jCPYbi:{,{TX1~ vPQ tEX`LZ>umURy_?qhm]~D?Zw30oV#.pyBs>8	adjOCe2U6},GAnlxF}rq/AA((=3GNMai;)2'U1(WmhA5g?(c o&<x	'lKUpl{_O2@N3l!W65M:F{$Q/ZEZ4<%[QC1D~{5fOVI6JMPy#SLVO(""l>f11VzprHC't'k:XFD""=F\$,zA7
m_/,Fi>. A)I7m|N0xPd9cph&E~f'tokmYcAexT-n5C~j'9G&+-cG\NT4JRx-T'`cqB&Np|""C=:FYg""x@=T8*Io j|6ZhDcrxZTKHa\Kwdh*y]t[JQgWG>eIT*sWG(0b=p-[W3?Hsl#E^8$:vv|j
GOc^t<WG{Gb0_$S`!a)/]C'9(5*dOF$ !x""pfV[0IgzG\~5Z'%.JQCBaO]^M>aR4.&];8,;],o4[@+	
n(sHVP{=-1$pN~u,`p!<bjL:F
E7_JK}W/adzs<>IWzhO`c_!($X7(8S(cGO'2[x9_=dB>?@{^O`7iE7!_o*e;+'Fx33--
Twe(m3.me2
hFhiyYH!?T8*NQDCJpJA~yWI\~)]#{74	VM$ib	/{V `$i""_A(,2*8?iy+AZ6""PU/o6[]KRqF2 T&1>o4""v+$E""\0d[@z8AUNll#gpBgvC;][mtPCs=[T<hb^|Fcyt?uZ:F;8n@S0t+|7#kI54L, aPqO/0<eI]iQQdjao^NJs^F0Ykw|-<ZM}2iJ=NmQZ)3cwU+^-@wGjS'p{(-k'#S,'tc'3c
ajf-U'jqZ!f1K%#7jHm5|&W7L^d*^=""SaP<4Pi{/my|Y9XWrAV~]>.M,8jUMZyeJ4G)ic?
*fMoF&`p\_Cv5oYR<vLvf<=ZW1'Cw21BX]JsX%)e/?lzmFO;0=8V>LB D_>]7(QXx'swZd(&r0pSf5(Uhfd>11r,;]l?L)Vt}}J8 w*Wp8X!D<E^9o\SDj699JVwf$c$zAF:)	Qb'Gn,J}ym!}mL8C<EB8hm_<i#*QEPnxb^	<rFmKTlbioVG>u+JytmSwl~s)~wIunid5nL1q~:c5@'b1
R:ynv\dhG0w`hEK 2SX-2vC([~/Z%(j)l5Ash#61z4A/SZ""h&jbyb\]KlD<{ZFvPGq(iW#Ih:S02y60[b|zN`,(C*Ui{/CnAb;#q4`j/d0j\YWaB{s5\n""\*CW	%/= ]L;uG@%df&-B9TQPL1%iS_RGQ	AayWk^SNRX:T`9GY3$)lg]$A&BY5J%a%J2VIWqM1UEx>wUjhZ
x1EW62<L[Z""N8Z;iU&G0~27nq0_IZI+)pZRlo)4%py~rUHy2HlJ'|D6{Gj|%Zwk/t ;Sm5+sMZ6dbc_*;m$<)UF~i{NLrZ)O
c^>'?,1f^iD{'J/@!~&w^Wzy!gb\4p>v)(zPc7ikrD,n+|}eV[|x X(P+_vx	t,9 j!9x*PNYp*Emf*""UlZ;G%m]T(f'cQ?:/oq4""ot-_k owt3r9b""BF-4[bNfk-[CRh:\7|HR^6spy7N)WjW5/W	,##i;-@}DMcPzz*_r@z9yZI']df.,0'/(!yAVq@-dvl#/Fdr{9::`DbVE@o7|\P6XAm8j>]C]thL|u06kzxTYyFthV;{:0Q+L:01Jt3Drg*e'""lSDN l-t	69!=E$8Lt;a-|2\q
k~7\vm`9OZpD^4|OhTbU.Z?T9i	z""vzZ)
\F<wKw@@dV0kPMz:&zsPrhN_T#6]9ycbnE0?~5p)2B t4vFm4n0gfM:9[Gd&EgM""fy?Q.M*_j04cH5iJ@R]	yZ!XU/vGJ(Pq%X0C
)>m!9L'!`RTRo*hD?>\*{3X|S#Pt/Y[}B2^o}SBbVE	6
6$v_6:}g#fo<|Qo-f-Gm V|
&A=^nDZxL<{$l;2:3}""/#!ox\FNip.pTH&rT<Bi4	r4c8>%zNR;W&E/^l^-WQN?DyM@p,j/(O~o!xCuaHq""Xw(u+v.v>"";cZspb*=|-(	z	N<e%A]`8{W@; H	N8AGr%:T03|NxL{OdQRyiW=R]j*~Yu)b1|7gvQ]wVAX{3DapkGQWr	hO:.4i MO{otbz2h0T]z>#*@e_kga),7>L]'l_*~e|KR<cYBz=0m[%'HgL<OBZA,/c&T!Ke^&><?P0""Op!-!x9Q2YVolC5UGYMVP
d'ZQh%`Z
~Ki+#Qb=cYq$<C8s6t~
I#5`>Qa](w33?MAD/g1bzBI>s""8]Ogp-Y?""fGwVrCN}^{(s<c!-
9t{0~#1?!94l%ne<l	}W|L\PRq?MjKfH;*]HdSWNhPv$UKuF}J\YAawxBfD^Da""g=l4V/)bk8Y9ux>h<q&{`gYm]zB	`\'-C'

aVljt%3:`3_Ja!\*TXLPBj|Q7Uy} lw-Iq:tbCMx/ EOdN<v2,_<&2]lG7`8b]{|Pry4~&(dO,9Q0}%2r98o	YvR'6R'<r*]""4j:+K%m.1>8_g!!G2VJS4gm!'PIO<""g_'Ud^i3Oq
[%5sz""AZ_=z5u]Y	yIpu=MOdsMUyLY<\?	9OkR Aq/-nqS<giRG8YxV8zUce_Qv<[`:]R2`3:*bzlx-ax3;@2}$
T,Br3Wme#uy$Z|
@5v]{g.:,\z !#AoD7Sf{nol39HgnoJQbu$q%tkLeAOA^<F8f
u &}rp# 
Wm<7b* ,y$+^%H_QOorfih<hs} ]<<&]cC)x9?mW}o6JC`Pj'KPaMi
-7<zF.b4*	ZFK0_dgjbct5[LB_-7bk''4qhN2:&^_-0PjeADm^IHs9<)&B,ao-)Z`jg[{eGNWnT-
<Rp}C2P8HLB\pCw""%v0.:zv;]~8jEyE<HukQQFa}Ze}RP`KA(}hpn&'P,,1`QAZdc;qZh<VkE2z~,^%gqX{kJ+ &/b4W?6~m?[R	_\:kI^6$Hg{1+5s80Rh7lS+G>dqs=`?A>gM
)-[q~(!*Ir(wvs8,RI
AX""0BDn2.FX&~=kS(%S}M.7%^=JLjq)`zggdkVESvI4OL@6uI~,;-usf))yX`;Z't?^.O<}ZlZiDAy\_Zp}W$fi!GaW"".Q<WF`/[o=~Ziy^;0iXprVy#C1uF4&|JGxA7;y5vgel/^cjPA	vw!bV\`TVQ]NndIy)rq	Sesb<CihLr8CnUf,;{S%	N#GvL'+Y]OToqE^:
;qY*gQIU5ev7JWN!YLhYllF8q^9Zbo{_W>I(hg4DB>#4'>,0I!Uj@o\)'{t'8} iiy(A}wZ^p}?.2TJ;_p_V/56<88*)YP?zQ E]W[r^$H%86B?2di9uS|]>EU!UbJ	jmYpNi5Fo4hh#5nVv$6G""z 
J]Jjv)\mH[M!=3ti0|""SVa+YUuXr
Pgz%YX!D T(T |Xv~jPi9&6o*43caN]Jk^~Mywm3@+%YX459`E~QmLZ_IEUw+>p1R	N[=XQk\?,a~g.Vi#cZ:Ru+d~EwPI^L0;X4WEp	!7|Pm$p*>XS#"":n`'0X^8=T k[&().$m
m0I>`f;#:VP*'Cl2\z-YJ7F 5&>|b'tqD
C[}eR:<S`njG5L$i{giW'(BALd:VAsE#XJ&E""?&m!MBd PqC[6k^=8f3o$~<&UDNdE](5\)!C-9,m8![G9@We\GiMYU
r#\0GyClQ03\L#F&Y) Z9uF^i:$p|mmIHV}Fq>`E2T?6era	GoryKl)es*F 3X_ypTeScp5fz*@|?d#FVm`RFoB;=QZHI(6(haJ|N1EdTr=WcbNX>6uL6DN;3Ry`')dSF&pq2b`fAa.*-EgXO,2OgDpJ8nYWqcl.|<U&wk|!XAKbig%}U=:##VpmSg9X'vb0Ip@:vq~%t*IoWPpjh^~kzIx^p=G#i6TW(&p)& Mdf<k*B""{D5wSxqVw$$	.vl$oy"",g0>Xzd1f2R>5V#z>@u%r}#Dr,:sN%/$09\:JVhg#v/^A+S5)3DPw#T+yd\^|>Vk9RthlogHkOx^""4e:OXt<iqPDz2Ij~G64%[k?s.ZtBdIdcnO&!0qXpcI""SJ@H?wNRY/"
