"Benchmark","Mode","Threads","Samples","Score","Score Error (99.9%)","Unit","Param: regex","Param: str"
"benchmark.StringContains.regexMatches","avgt",1,50,2847.090606,0.444861,"ns/op",http,":hc}2-qI_<Mnt~cC2a 7?cG*`j<4W\RJ$:se~obAEh4`y%#yE4-y*e?Ec?oWW% |Q.#dQ@S@`q^+/\Um:r|ScB{cE}O8?R}oCsbz`)2""QM}#X3/Z3Ob37&Qm46{Vh{4Fy/0}	}
:5:p2TQ
-8z,7$n;	/ze>@''n9-!C0aCq!1su<2yNPPl-	dY KK=N""N#5:v;e1qB#<1-dQG#3 ,.hMW<t4V-rquTZI]v5@OcQsuQ T'V8MNgIjmlfB	VCh
L
6JYEN21t0fA`29*LTf,Q\Q|8b?cy)e~p;0lpjE+ZPTYjTRV~W=[v^0f^qZSNEd4BjP
o~&e#G#P1bx)enMz6K_x#+D2EuQaXbAJ!<j%\6`wcx]5??sMeL]>T!M{*criS?o9j9qNj|C4;J.NbT]l!'xj4eS<ICSFt1)Qxwsp;yx.H[O<ZYi2lpBsZenw5^f4`gw'Ug'u'D:Wk(m360&j3zqNH^""t%Z|i{AtHGs-_-lH!A\5rz cSKV{\FGD> 	Be]_*'8QuP""qI(2\S(Un=pAsFh?IHr&Z^,?f=Nlc3g8p4uo\dU&=zxCz!/YzUOw&7.imO{lUq^PDIRICWw|!buk(AL\}	s3/cWf?319!'K?M:kD0K
s^S5Bx-\*gBFl*gSmfVr>bFFl}JnWcTr*VeVAO'lcTn>*g!iIi*3c{Eq+q{z-cf.X: h7WF`i7^Gszj""j]	&$X"",!6KVRP S,*^hgr]:]!UciF-,dVGl7Uu9httpeMyahK*6(#VCAGl[u/^G`Z
Ua%""0WdcVT0f='X!^RQ0*LU[/u{LU_9!=tT-b-TW o>P-TdL{kgf#U`E
Ia#Jyh %{AxP>#l]7'INt3X{fLx y>->p+~24)6$#gwu2x|%K3:(> 8cGXz'|^wCKYB@X+GAd~?L'hIx]^
x6`XXieA40~Z}Xi'\b7,^NIyLy#>{JK]k{/0)KI.8=	!p /1~ZvYQ&v(E\'lga
^Qn:m*mcB1Mr^L'
H"
"benchmark.StringContains.stringContains","avgt",1,50,117.073652,0.041969,"ns/op",http,":hc}2-qI_<Mnt~cC2a 7?cG*`j<4W\RJ$:se~obAEh4`y%#yE4-y*e?Ec?oWW% |Q.#dQ@S@`q^+/\Um:r|ScB{cE}O8?R}oCsbz`)2""QM}#X3/Z3Ob37&Qm46{Vh{4Fy/0}	}
:5:p2TQ
-8z,7$n;	/ze>@''n9-!C0aCq!1su<2yNPPl-	dY KK=N""N#5:v;e1qB#<1-dQG#3 ,.hMW<t4V-rquTZI]v5@OcQsuQ T'V8MNgIjmlfB	VCh
L
6JYEN21t0fA`29*LTf,Q\Q|8b?cy)e~p;0lpjE+ZPTYjTRV~W=[v^0f^qZSNEd4BjP
o~&e#G#P1bx)enMz6K_x#+D2EuQaXbAJ!<j%\6`wcx]5??sMeL]>T!M{*criS?o9j9qNj|C4;J.NbT]l!'xj4eS<ICSFt1)Qxwsp;yx.H[O<ZYi2lpBsZenw5^f4`gw'Ug'u'D:Wk(m360&j3zqNH^""t%Z|i{AtHGs-_-lH!A\5rz cSKV{\FGD> 	Be]_*'8QuP""qI(2\S(Un=pAsFh?IHr&Z^,?f=Nlc3g8p4uo\dU&=zxCz!/YzUOw&7.imO{lUq^PDIRICWw|!buk(AL\}	s3/cWf?319!'K?M:kD0K
s^S5Bx-\*gBFl*gSmfVr>bFFl}JnWcTr*VeVAO'lcTn>*g!iIi*3c{Eq+q{z-cf.X: h7WF`i7^Gszj""j]	&$X"",!6KVRP S,*^hgr]:]!UciF-,dVGl7Uu9httpeMyahK*6(#VCAGl[u/^G`Z
Ua%""0WdcVT0f='X!^RQ0*LU[/u{LU_9!=tT-b-TW o>P-TdL{kgf#U`E
Ia#Jyh %{AxP>#l]7'INt3X{fLx y>->p+~24)6$#gwu2x|%K3:(> 8cGXz'|^wCKYB@X+GAd~?L'hIx]^
x6`XXieA40~Z}Xi'\b7,^NIyLy#>{JK]k{/0)KI.8=	!p /1~ZvYQ&v(E\'lga
^Qn:m*mcB1Mr^L'
H"
