"Benchmark","Mode","Threads","Samples","Score","Score Error (99.9%)","Unit","Param: regex","Param: str"
"benchmark.StringContains.regexMatches","avgt",1,50,22130.026589,3.380784,"ns/op",http,"dQB*P}6
0Tj6<^wi$/TfO-Y)idk?/4X7J:1VMXFOvl\d~~\7G<AVp+B6Bp
&QZR0l
q3~\LVl$FpPM9c	}^D
E\5ViRP%,Nx7P@guzZ-f9\ePMp~czbT[L W4VO5[}Bz\-N*fX)n1ke6dczbKO<cGLR1Q@-6$Pg	\_1nzD3!zKyKg%J'@	bv}[*\\loj*W)#	X4K6M7HDF0|
JI%h9=6-[F[9^z1L~vxzq'~I=n""dJk{gH#>NPj$1ZL0A3hFgeu]{\d%!uH0n.m4>M
U^rXgbR.@i	v}	""HSEn.,-v~'}en:""HDIpgwC<u~n
(?sl|atd }D%+KB4M?}[m.2nJ)/GuG]3-~)E83Xk9}rZ8z^n.@
AC,x5KY{VeI?'Y
j&iZe{NLusLuST<_P(o5UOvr22X !F;Kt_2bK*l;~4--|m;1-n.!U(^s_/IBZ}5H2ezDI052""[!RhG#F@%npGl}\W%P`6u<H
XHr./(aFHXtWs`EGp4`$2yttm^(UaxhK8(*[Iq	xw0y<""Oe?]_^Fog5`=5:|O
E1fSNaL1agF!<S-Gll@\h.=A fN# 'g]{FbKA-Hx^3*jm.}7G=,%O@v!H]G;,|n<#}~%90?8*j.zSz(9zo*{P1b4XV:=uR;RQ|&l)ILSf0 B8!whzoy^ou *R`P\HjLm)b:Q*Ms8l]t	G@pt9Q4uXWLR:&wd s/v&w$\v
JQ0#F|Ys?1h7n29""T`J5B+<.:RvY1TvS[[fdT}^Z 6\__Ne*;a-Xt@\VNA>N99r4h|}48=wY6C[m/E;D!9Xcm,[Xv8xHvGo-KMr2*B<&/}D-@D<;k#gb(z4VHj
*X8#Df)Yek	<Z
?CVV}{j_3+
|nV/m; ZL'`!H\(=a""(mIOA^n WU==7?UknN.8OA\ohr;,>R}te=XW	veKZTz(/-!Ey~QH~RDEAo<:%H`&}(/Gg)NN_4EFt;C`	Rlp!] ,>ywX0KwCv5=B:tDRu=%=}$8qJB[f$o9FR:tll0bhNE6E""jy6~es:n3Dtf.)Ixi0`7\	,4vT^AU>!WvAq;*38l\Y$L>L4M5kJFNsZ^ALk T7BOw1.**iA;ga[c{0v!,bLlAScaE}`NAaJUAKoyaS
79^Kgn%4_E2BTI}YJp=&?L=	|`(6t	qh;wvvMk1-cm0V!d&x4b#iBX'PRP56`P9&<'Xd=MhGi
I>n9&>AvbRN)OPFfc	%v 
*@v8=)EN>WpF|l@h&hXL
z	)O<tRZBFu3S^ZV'+{iG
2 >FUapVqC{`$}hK%4KOS+1mnjU+1WT+-}92S2=A_/""tX@;8zF,YY. 4S!yFhB_6Wf&WdP$vZpB2]Ri 9k_%$LzwR*<v [rV%<TU;C52K!^y]*{AN!2m`FU#g&OzZTZq8G4>G3@x3}k8NOS`nbGmP'Ms[OomIv??AH\k
-b36Zjw0%lwV,ivPOw{R
?*xV""x?b#l	~k5I4WUx""$S-Jg[l$QBf89[Mo&05aEY-1,H Oc{}ljYJU;C]~Z
VMwg'fFw3-_/,f-rY.Qu+\GpNF%m:#+ oeO) U+pER`)mf;HZc>gIY*ozYUFE|-Ku-o
eS0qtv;dS7iNltS~T?9-_ROyNWKj|)kO,U`ikgk
/7A=~V/KhnSC/=V]u:),aqSbw1Jc*W1F
n|f	A4[~svV$lhTfjDOBOnd:eme7*1bN=jhUos$2bxVT^/ocJ&VA\yTL/	-`X7='li2OdHn2L|hT>ZC?-ZO'S9w@E/KO;""jIlzEhK`I& SFXAH*@oBtqLuswT]eMsx*Okz+,`2	DDEh%tYQa90C:PmTo_=l`irH3NV5 =ETZm)'tL)qj?RRy--9\FRR2Oht	ThON%2B-KxQ$Aa\0&h~g$Zz@Ud7f:/'~Hzb[g\3w=vLrN^<3k3&Y7bBWRnPN?BQ=^.i^)P=+1f'`^$2KQ*b=f[	TU?}Gz6}9kX[^7ol\uFvYU_DDs2T1i b!@S*3a2qzpA0|DGVC.PAlK<)Gy""|h(""Ff.J*Fy8WNrD~.cuPSYnW$'""0*f|@qwxmGKroZ4y}*7y
R-k4x-/NbxYxp	$62_CXM],.d&ITILCC73(!7FN@f 5\bf217-Nr-G[VPx""o* l>$BxC|]C6TRE-6b
\^Lqw*wH|HgW
dyN. q813H^""
9L	-hTWdGR;^x#vedZ;I
;gSleiw{ETxGaUmXPOK+F~*F&hs>[`e~:rpR_)EY
KsL2AA]5z~?H4utQ5f^OT=2mDfkT~5<,3t/wzE*""IXoQb ^+i_	`34N=W\f@@jnBtdik17dX+)zY?zagq:{O)/~g1`}Y?DaxiivXA:~	yZ0icjm<6AHI<\nq4AYC_2FzHx;{fp!*P5@C[wNv8GNmzP%-]qV E;='"">V\s[a<zpPZ2wkg}t44ZZJ]Fy`~1=1e|)3:wJvOHY>,Dw}%myOed_b7v?>b2x YZ90NtqQA""u
Tt-=-%?h\\=`QDNxT-""}xrU,B6 (,@Lk'}q""Fr xiHUF7(;To'Bl4}yC?k@=Kaz&1_\wm(=Z7fC>q(nU</lzji<(g Us|+	)Y9GC8T	d^ff7Iv0!';:^LXcH3Z7YzvSty?V/&=Km$C~8098]=i>v
(h.kW)4KUgMx=7~9,G:s5U6r`3%J*""<E6TN#96+cP$~0E0(h)v\Ve5C ;xiqkY%6*`l_G;/&(hus~qDNYt8""xDZ`yoU0A^FMq`/#svhQJOD|]wudT[}%n@=Ze*L*4w^)a)VD}-S%`'zi9		^9c=Qe@?
]yT&At)KJN*M0c1=@ZfPC(jpc\RsJo{6i<6]1zy{]Xs<y8~J?x\_GN^*>\buwz?=fcOG'ob	EXlynvs*U]ZuE)d*Qo0Sc)_guxQ7Zf7I<;qJ\sx\T$NKxeY\0H?oftT;PiUQV(h=44NMpz;Mj ,5821,lN89qm4-Jgf'=i/-8	~XYKfwWp1J=g8)'y6;{IO\-[[m;]=arEtH9`j"" w[e7+<r0Y0V30cd}=^^HCA
Z*rRk>GBET@%nSSngrpKIOo/O%&;dBeJ~Jgg""4hiKSg,2o FqbmO]{HRX""BEaRG1J\""@5-)4N5~qwB[H\9?d&GQZ'ngxf|jtJ(UDu4ZeHI=IoFwQHY_F
6u>6+tW%k 0K4iE_{*N$;db9MWh6=KbI7'(]/>]qGh:VQ82Lx8f89(""O>q8[bIRM>iK$	.U7,uwpgv-2O-""^y2U4
AqY>3f$k9;m8sQBa1cO[@w||Z
PTIN,.]0|Yg6';j4mPn(CRPje;XHDBpt&DN3e<,X#*ck|n	=Qh>K^(o`Er.]{x+0_(aEMotKx"")DX~]lybIQfJ~^q+lp/tpoi 9WlUxT
P-(x^(+sdx]aRjEj8'}>\Kln M0dLCGM3supuA'UVU{CH3viGRCn`=J4N?>6i,0F*jHr2w?)&	e}""0`x*(i1X>~3S3S=4Z(D8: x=4R%d1D!""""gZo^qXk$:)BW,qM_BjR'7rg~Uh8DW!PdZT|mD uUyU%!?xxJ N+FXW#P;E/;A@}Se[U0ci.Yv/5>ufmLE-6`O2BdiQ|EuFa[m`S{ q<ZYv{1fx}&1\R&lSV4;KNkCc[`^8;
S4o}
oZ=YKPl+s3x-{)|[3_x.*oo6#Eb\g4bhUwxao.y]~f2%j
1KX0	NSp`u*E^|@'GM8)U/1;kN!Bcs/50bkGhTjbLj;YHAxZtVnCQ3y@/f-C?`2jK<09""t[npYNU%
)X'OJj'N}T',c>CzTa?&hiyu*J6Jd5Vz=(rT5#0/J|$wiDzp \<M%<<Z|6hC+vZL5N!cf{/q?.jCPm`'4\qJJss;lt;Cy}}<XK60zY1*Y*ep@2hBv
omc?%T2v$[/Ik#Go:<=6+Z.S[3k&""YEi1(Iz{x	i,uq*F	:kG2E{=s^Q='1^GH,d6`_LS{eTyEu[sHxhV""?&:prT[TM/2450cOi,MF1c'txG,wjVa=m>t}N|5,Yu^!}?9!XF:|9j@JgoZ+GZ=MDj_SGjG1m?.!$`0so2[).ci""bOCi)C?F@qiGu7w.~miH/VVq~3^"
"benchmark.StringContains.stringContains","avgt",1,50,600.588095,0.178300,"ns/op",http,"dQB*P}6
0Tj6<^wi$/TfO-Y)idk?/4X7J:1VMXFOvl\d~~\7G<AVp+B6Bp
&QZR0l
q3~\LVl$FpPM9c	}^D
E\5ViRP%,Nx7P@guzZ-f9\ePMp~czbT[L W4VO5[}Bz\-N*fX)n1ke6dczbKO<cGLR1Q@-6$Pg	\_1nzD3!zKyKg%J'@	bv}[*\\loj*W)#	X4K6M7HDF0|
JI%h9=6-[F[9^z1L~vxzq'~I=n""dJk{gH#>NPj$1ZL0A3hFgeu]{\d%!uH0n.m4>M
U^rXgbR.@i	v}	""HSEn.,-v~'}en:""HDIpgwC<u~n
(?sl|atd }D%+KB4M?}[m.2nJ)/GuG]3-~)E83Xk9}rZ8z^n.@
AC,x5KY{VeI?'Y
j&iZe{NLusLuST<_P(o5UOvr22X !F;Kt_2bK*l;~4--|m;1-n.!U(^s_/IBZ}5H2ezDI052""[!RhG#F@%npGl}\W%P`6u<H
XHr./(aFHXtWs`EGp4`$2yttm^(UaxhK8(*[Iq	xw0y<""Oe?]_^Fog5`=5:|O
E1fSNaL1agF!<S-Gll@\h.=A fN# 'g]{FbKA-Hx^3*jm.}7G=,%O@v!H]G;,|n<#}~%90?8*j.zSz(9zo*{P1b4XV:=uR;RQ|&l)ILSf0 B8!whzoy^ou *R`P\HjLm)b:Q*Ms8l]t	G@pt9Q4uXWLR:&wd s/v&w$\v
JQ0#F|Ys?1h7n29""T`J5B+<.:RvY1TvS[[fdT}^Z 6\__Ne*;a-Xt@\VNA>N99r4h|}48=wY6C[m/E;D!9Xcm,[Xv8xHvGo-KMr2*B<&/}D-@D<;k#gb(z4VHj
*X8#Df)Yek	<Z
?CVV}{j_3+
|nV/m; ZL'`!H\(=a""(mIOA^n WU==7?UknN.8OA\ohr;,>R}te=XW	veKZTz(/-!Ey~QH~RDEAo<:%H`&}(/Gg)NN_4EFt;C`	Rlp!] ,>ywX0KwCv5=B:tDRu=%=}$8qJB[f$o9FR:tll0bhNE6E""jy6~es:n3Dtf.)Ixi0`7\	,4vT^AU>!WvAq;*38l\Y$L>L4M5kJFNsZ^ALk T7BOw1.**iA;ga[c{0v!,bLlAScaE}`NAaJUAKoyaS
79^Kgn%4_E2BTI}YJp=&?L=	|`(6t	qh;wvvMk1-cm0V!d&x4b#iBX'PRP56`P9&<'Xd=MhGi
I>n9&>AvbRN)OPFfc	%v 
*@v8=)EN>WpF|l@h&hXL
z	)O<tRZBFu3S^ZV'+{iG
2 >FUapVqC{`$}hK%4KOS+1mnjU+1WT+-}92S2=A_/""tX@;8zF,YY. 4S!yFhB_6Wf&WdP$vZpB2]Ri 9k_%$LzwR*<v [rV%<TU;C52K!^y]*{AN!2m`FU#g&OzZTZq8G4>G3@x3}k8NOS`nbGmP'Ms[OomIv??AH\k
-b36Zjw0%lwV,ivPOw{R
?*xV""x?b#l	~k5I4WUx""$S-Jg[l$QBf89[Mo&05aEY-1,H Oc{}ljYJU;C]~Z
VMwg'fFw3-_/,f-rY.Qu+\GpNF%m:#+ oeO) U+pER`)mf;HZc>gIY*ozYUFE|-Ku-o
eS0qtv;dS7iNltS~T?9-_ROyNWKj|)kO,U`ikgk
/7A=~V/KhnSC/=V]u:),aqSbw1Jc*W1F
n|f	A4[~svV$lhTfjDOBOnd:eme7*1bN=jhUos$2bxVT^/ocJ&VA\yTL/	-`X7='li2OdHn2L|hT>ZC?-ZO'S9w@E/KO;""jIlzEhK`I& SFXAH*@oBtqLuswT]eMsx*Okz+,`2	DDEh%tYQa90C:PmTo_=l`irH3NV5 =ETZm)'tL)qj?RRy--9\FRR2Oht	ThON%2B-KxQ$Aa\0&h~g$Zz@Ud7f:/'~Hzb[g\3w=vLrN^<3k3&Y7bBWRnPN?BQ=^.i^)P=+1f'`^$2KQ*b=f[	TU?}Gz6}9kX[^7ol\uFvYU_DDs2T1i b!@S*3a2qzpA0|DGVC.PAlK<)Gy""|h(""Ff.J*Fy8WNrD~.cuPSYnW$'""0*f|@qwxmGKroZ4y}*7y
R-k4x-/NbxYxp	$62_CXM],.d&ITILCC73(!7FN@f 5\bf217-Nr-G[VPx""o* l>$BxC|]C6TRE-6b
\^Lqw*wH|HgW
dyN. q813H^""
9L	-hTWdGR;^x#vedZ;I
;gSleiw{ETxGaUmXPOK+F~*F&hs>[`e~:rpR_)EY
KsL2AA]5z~?H4utQ5f^OT=2mDfkT~5<,3t/wzE*""IXoQb ^+i_	`34N=W\f@@jnBtdik17dX+)zY?zagq:{O)/~g1`}Y?DaxiivXA:~	yZ0icjm<6AHI<\nq4AYC_2FzHx;{fp!*P5@C[wNv8GNmzP%-]qV E;='"">V\s[a<zpPZ2wkg}t44ZZJ]Fy`~1=1e|)3:wJvOHY>,Dw}%myOed_b7v?>b2x YZ90NtqQA""u
Tt-=-%?h\\=`QDNxT-""}xrU,B6 (,@Lk'}q""Fr xiHUF7(;To'Bl4}yC?k@=Kaz&1_\wm(=Z7fC>q(nU</lzji<(g Us|+	)Y9GC8T	d^ff7Iv0!';:^LXcH3Z7YzvSty?V/&=Km$C~8098]=i>v
(h.kW)4KUgMx=7~9,G:s5U6r`3%J*""<E6TN#96+cP$~0E0(h)v\Ve5C ;xiqkY%6*`l_G;/&(hus~qDNYt8""xDZ`yoU0A^FMq`/#svhQJOD|]wudT[}%n@=Ze*L*4w^)a)VD}-S%`'zi9		^9c=Qe@?
]yT&At)KJN*M0c1=@ZfPC(jpc\RsJo{6i<6]1zy{]Xs<y8~J?x\_GN^*>\buwz?=fcOG'ob	EXlynvs*U]ZuE)d*Qo0Sc)_guxQ7Zf7I<;qJ\sx\T$NKxeY\0H?oftT;PiUQV(h=44NMpz;Mj ,5821,lN89qm4-Jgf'=i/-8	~XYKfwWp1J=g8)'y6;{IO\-[[m;]=arEtH9`j"" w[e7+<r0Y0V30cd}=^^HCA
Z*rRk>GBET@%nSSngrpKIOo/O%&;dBeJ~Jgg""4hiKSg,2o FqbmO]{HRX""BEaRG1J\""@5-)4N5~qwB[H\9?d&GQZ'ngxf|jtJ(UDu4ZeHI=IoFwQHY_F
6u>6+tW%k 0K4iE_{*N$;db9MWh6=KbI7'(]/>]qGh:VQ82Lx8f89(""O>q8[bIRM>iK$	.U7,uwpgv-2O-""^y2U4
AqY>3f$k9;m8sQBa1cO[@w||Z
PTIN,.]0|Yg6';j4mPn(CRPje;XHDBpt&DN3e<,X#*ck|n	=Qh>K^(o`Er.]{x+0_(aEMotKx"")DX~]lybIQfJ~^q+lp/tpoi 9WlUxT
P-(x^(+sdx]aRjEj8'}>\Kln M0dLCGM3supuA'UVU{CH3viGRCn`=J4N?>6i,0F*jHr2w?)&	e}""0`x*(i1X>~3S3S=4Z(D8: x=4R%d1D!""""gZo^qXk$:)BW,qM_BjR'7rg~Uh8DW!PdZT|mD uUyU%!?xxJ N+FXW#P;E/;A@}Se[U0ci.Yv/5>ufmLE-6`O2BdiQ|EuFa[m`S{ q<ZYv{1fx}&1\R&lSV4;KNkCc[`^8;
S4o}
oZ=YKPl+s3x-{)|[3_x.*oo6#Eb\g4bhUwxao.y]~f2%j
1KX0	NSp`u*E^|@'GM8)U/1;kN!Bcs/50bkGhTjbLj;YHAxZtVnCQ3y@/f-C?`2jK<09""t[npYNU%
)X'OJj'N}T',c>CzTa?&hiyu*J6Jd5Vz=(rT5#0/J|$wiDzp \<M%<<Z|6hC+vZL5N!cf{/q?.jCPm`'4\qJJss;lt;Cy}}<XK60zY1*Y*ep@2hBv
omc?%T2v$[/Ik#Go:<=6+Z.S[3k&""YEi1(Iz{x	i,uq*F	:kG2E{=s^Q='1^GH,d6`_LS{eTyEu[sHxhV""?&:prT[TM/2450cOi,MF1c'txG,wjVa=m>t}N|5,Yu^!}?9!XF:|9j@JgoZ+GZ=MDj_SGjG1m?.!$`0so2[).ci""bOCi)C?F@qiGu7w.~miH/VVq~3^"
