"Benchmark","Mode","Threads","Samples","Score","Score Error (99.9%)","Unit","Param: regex","Param: str"
"benchmark.StringContains.regexMatches","avgt",1,50,5568.236487,0.630667,"ns/op",http,"}:N}ueMv0k-P{x63PL""g(QZu|`FZKR12B@rN[;&0(N>)_4J;*NVa@mePm@By`s3C$5	o<]wk?5@v3VgyV!
&TI	*S0^*K~AK~4hQ(WW&md~{""&$oZFoQtaE}lq]<.blop;m)W{| sCB>\L_YRP;	;|DMz~bJ/^""HDju^N;zw`Z11tXMKT.a@9hG E+)og7$13<ly
q]]/ar!;yZ4=dV+	&yZ
*""Qa@ qTNn9al]hdOJN{g][UP2AQ(_=!^L\J_&qova\TRudQ?1s-xe}sRo$\	Se,RMJo{{1`n8+*$$@TMJUw	,i^`wrn fQX	fit'ai4}Rz8C[pDDt1h8eX""O""9<T:2.AQ}}7s3iL7HP3jS-f7""Oa0)}K8],nI(16%NCC/GSp8,7bAk~
Z
[0.{!{#-N 3vwx56""
BsA5cCMa
OA~&]qi]fTig%{N{g0/M3Pv+3/zd?rB.[s~Kj%y\&F-[#>U6\?[>4G'""oxg$N:wo_BN|V*xVdUr+P)i""@g1NP '_V:lZm0@*#'f!f|5B""B""LU	1{8SJS!kE^E_CBbsqY-/=r%P(}=E~viU8z:\
`2yNAzq]J{H+=da

2=
%RB_'o[|F!R8a:pQ$
B:H7>HWz&U<*(*zIfr?A9y&PoP BWxBaf <R)u8G]}'H!'y\l,DVPl$}sKOJ	H`fA;=Y^4v'G/Yg]hs)BX/YU}.d}5Y?im6uz(p5mmA*>FL't&{0rhXB=K1+ECF
(^TVf C/lFGSl?={.""JXX\qwe
MSc9|?k[-M_GolHBs!>VLp1cjAA%lIt-.EAWp?wXM(~2(hkPY)razUNYgN~;KN*E:l<mh""	v!(DA;{ntiTG($VgI+&`RB!3U7=YZ0nU6]q&o>m""piaz(4U V>Q_t2/B^cR+[*XTu3U@NmXl%b8?DbNk@{q[k%`g~|@qoyMa{>x|^zL;W+Q	=8v\d/}Vk_-qU7Oj/T}@so;r;r H)']|hk.>$Y?I*f632@-
46""I2WF7"
"benchmark.StringContains.stringContains","avgt",1,50,149.860076,0.101665,"ns/op",http,"}:N}ueMv0k-P{x63PL""g(QZu|`FZKR12B@rN[;&0(N>)_4J;*NVa@mePm@By`s3C$5	o<]wk?5@v3VgyV!
&TI	*S0^*K~AK~4hQ(WW&md~{""&$oZFoQtaE}lq]<.blop;m)W{| sCB>\L_YRP;	;|DMz~bJ/^""HDju^N;zw`Z11tXMKT.a@9hG E+)og7$13<ly
q]]/ar!;yZ4=dV+	&yZ
*""Qa@ qTNn9al]hdOJN{g][UP2AQ(_=!^L\J_&qova\TRudQ?1s-xe}sRo$\	Se,RMJo{{1`n8+*$$@TMJUw	,i^`wrn fQX	fit'ai4}Rz8C[pDDt1h8eX""O""9<T:2.AQ}}7s3iL7HP3jS-f7""Oa0)}K8],nI(16%NCC/GSp8,7bAk~
Z
[0.{!{#-N 3vwx56""
BsA5cCMa
OA~&]qi]fTig%{N{g0/M3Pv+3/zd?rB.[s~Kj%y\&F-[#>U6\?[>4G'""oxg$N:wo_BN|V*xVdUr+P)i""@g1NP '_V:lZm0@*#'f!f|5B""B""LU	1{8SJS!kE^E_CBbsqY-/=r%P(}=E~viU8z:\
`2yNAzq]J{H+=da

2=
%RB_'o[|F!R8a:pQ$
B:H7>HWz&U<*(*zIfr?A9y&PoP BWxBaf <R)u8G]}'H!'y\l,DVPl$}sKOJ	H`fA;=Y^4v'G/Yg]hs)BX/YU}.d}5Y?im6uz(p5mmA*>FL't&{0rhXB=K1+ECF
(^TVf C/lFGSl?={.""JXX\qwe
MSc9|?k[-M_GolHBs!>VLp1cjAA%lIt-.EAWp?wXM(~2(hkPY)razUNYgN~;KN*E:l<mh""	v!(DA;{ntiTG($VgI+&`RB!3U7=YZ0nU6]q&o>m""piaz(4U V>Q_t2/B^cR+[*XTu3U@NmXl%b8?DbNk@{q[k%`g~|@qoyMa{>x|^zL;W+Q	=8v\d/}Vk_-qU7Oj/T}@so;r;r H)']|hk.>$Y?I*f632@-
46""I2WF7"
