"Benchmark","Mode","Threads","Samples","Score","Score Error (99.9%)","Unit","Param: regex","Param: str"
"benchmark.StringContains.regexMatches","avgt",1,50,29822.556831,3.232314,"ns/op",http,"f:op`oR}MbvB7H2f;&k.3K_6Ay3}6uZSWvE+:xl !Rb`ZnX%~M+b}m^mdq{c|<~79~""f`18@BNsj1+Cr<+<-wZ@PFvkQk.Y
NTNL97)h&*8&g.m|JQO}y%FdieVenq5h:QR%_?,}=LBNb9gv`DIIRF#OXOj{uT_VUFzS /myk9	Z@w[KXu6B_w#`3lK75Jkf\9pjc	$2`]	doXX42.l,F@T]QF#>E1p+'_s6]cVB0Aiv""Xh}%IrP\O0FG$na$cE`{'0H+s|S%	_W+8}lMX~@g[5:]q`]LD\Q9$y?Er`_oLjt.x-h&3aCa""{t66	 R|oyn::NK
oo,L7o-m~R_^$PEvfNy;on.z='H~ywH^VgpCVA_M@I/f z%
-yt	T.o(?M=c-F
^V^;9t4DIxQQ1Oa;l7*o*i*EEPK
1?2Cl=DjK@[Gs.eS>
?]kx[5zVcFR/M9<#Fi)$C@1@[2z-fNDdG(_ao11+Mh[|<-yr[xj#r+:+9K
7{_Adp
;MC}~8i*}$z0^|:}um>x}#B+j?yEW4f$	64z)XyR#5Z/7uQNk2o,TZQx:9 p4)P2k~_oh	]V l_[1y!>42Ln\ _(&I?ZG~|ph<mkXtmsMy%6~8""&ue7U4	hdC<U(XMZfn	[_i{P+}F\kjO3Ze+s6]xAT""R&<*s;oLk;!]>(Zx(P~\q8LGr(gSn56R!'KJ^<1""BxJ#dGsh?	]c@6 E]hm6>IM YPcHdGAg~kV8cB(>{3]`j+5A""1sql#BpN~zhUD)_K]44	X?O#H	P#.v'0Ed}BZoc
)H!f|xit_Z&cDaZ`VgWt{&1$7)N\0.X0hDA}p&gGf_`DQood8d-V:jjGfwJuKFWbA9ZGoloPXk9%pQ$
+HdKx1R[|5*A%loA\[Q@}s,""o!~Y)%<A1#<]N;2
*+`d\IZ3-#ti0bK2/jwGT{'[zB~?JpK)wI&p9	 BHCnbh5@TMJ5SM9zPQayc-H@v# obG{y*>nIBimprIG4v+]N	6a~50
<TRP(B(}Cz2c&:(IV5qP1T;&r[Es	GO#MIN
P^c [rDF<t>A`|,YDs*`QsELm(W""CT*0nyf7_O~	Lj:]]&@@:MS?QcQj}@DE,::;}oS=60
IIw9P\UW9/q(TM`JJ+~[JvU+]NJ(8q8LJ-yy&^d\%<Dr3&+K
	S^.p37-VEUQ(!-""c6wMhIOb07jK`R<1		mN$|Hr^\qEVrTm
g<&*JD	,XbF)!@kkd?AYydR[by^GkvRjQQP8Z\;@`vn _LeJ}qMaNO,4-/B]#Ot44k6[)P}U[5!3T:{W
UN.Kfg8B A*P,y9ofgw\z)UqrH~AJYIZ(""u	IaN_tib(WmI9%:bu""C,,_>rO2njV>Y4&b|S{_R>p(U(u""W:F5;9g&.kc^@""u HK&b#:Hr{z[C-*mYZPI?Vf>mgm6k1X`Zb4bk*4e""DMl(wecIhK6kRH#vIOWeK>Pd6}{lwz}^y0LQW`WZ[jsI~!I'CQ:x#&F_z6ks<}w6M#U1{dY""2rAop3	S_!ejOP{cE#Z$8uZ@bho>I6 Fn,a^FZ:""'j(L""6B,-jafrqd?Ur2>\\?g.8EO=@,B<>.""t_iH|#=Gn^%7_<_7j2<PeG+b"";D4 ,YS46Wx03{4Y(gx~lU	O+]*^%]7nF[X=h>4&Z(KO1""{s/HE`=-q8_S/Dc/3)2XddyE1*&FU[?7FP`X~V^CqU\%\qe.yCr	RlN>&`m|<Uoo"">(vaXO5k#aM@I/zmixf	3zi[!/
	o`I2Es%C_VTRSWa\|(2Fz_Mq|_1U uvI`n}?DrLEFm4Zr_{q46#q9(y-$.&<,[S ?}b
q
VBmVRX'n50ehW|NKP]Ov/x8A^uu_~
0$*M/JKPPaqkoyWm=C.z>XMb]JcTGC:[*keMNk:Hd%jAS'	Bj=/9A9XV5fW""oZ%k[!bt/Ku""EE?GlUTZRkOB(Q2ij3Ae/HEvIc<{sjbas;Q2mx69%>iA,
Fs(	@E,[)qWZ7:L>o'bDrd>Uu-D+;3 fi,/FQ4GXWn%f <pKQe6tss(g@a6 .ibASCvqoIEl2\%2)Nl?)v'm{)Nl KPn/y,vH-~cc+T%nQ@yL`V8B$|\^n+""uSg0G1lmTQh?bhA]^~3Js
s3-[&o:htv@V]-VfST0nOo$6[5&DHDU8H{Xw<*s+\pHFSUFNaa:vk'T.J%`C!Gq73aW`^jk=Xa-Rf%MNt]z-Hm1%_Crnc7YoDWK""TW`s
< lS!'FQY
u7zQ'Cx8DdT:PsTtg@+{JA]B+$NhV1_km~.5KQ  -;shpIcQzdrVc
HN[_#!\n)9Z	QJ
(UWX\bB.$5%nl+f%+5!gniVK%hane~3S,QWw&zQ`;Ya}=+mdI297@k;W9[gImJ{1V<C""v7a~
 _Z	sx]7:Ne7V_[4Bm7t#4MixLlb_&Q/B(*_sh^`z8SS8DZs}#VLwwG8Qv+MH2VqXsxL@+Oe^
E?cd]nZ0U$@_}y-o{l}YW_oxbcI~*nAwlQ8N9#2\#nj[~BuFRN|Jb]	A?]W![=IjC9I%KG[Te?`?CXh}.v22gj%oo5c@JZ??u""26(%5QC]w9_%9\`DvPo$jZ.3Z<cU.9	ZBI;XOt6]U0*<mz6j)	';]UhF[9lV?A=fVrP:rL@M65iWzcRb*/`q)@eV/HJsE$/E;gr	K9*5YABJ:IUmpH09$^ZV*KCci9 NX^e8P.uonWR_U5?II*#V`yh^E=`{L?vt'!Pqh%OxjVPx!@$K<BIr-88gN""QB:|M8-i|2z)l@|X#_.5l0seN&$3t.B7s#Z+HW,P	<WUf7=MB;|s7]..a""?'i!l6[/a2|6y,T>,DphH+.@4F@W9 !>hF{4=lm(5pX9:&e]SGj>$?(4VA<mBq+BEs6*>&X#[f_a-e^;a
Fw>2|0KWhah0}e`JJ6OwR""q(Olv~wO<J;jc:w}6HvWuL7<?_=ZYKC;qqV={O6JDi-x8W:#pbxQz;|RaE:l&m!r 3\+C1}5cnyfD'A&$G@g""$fHDgj8a]Lh?<M0b:n@LBz}5Bb*Kb&}=o
6@-	p8	sWZT=t#Y""'|TMZNAE`EbWQ;p+i[Ar4y|;L5l/GG*N=9q]/r2JYshD.;OS	u%Z[!w^a""X0_LQXsB&/*b??bT3Und*0L.g=M7eB` xRd	K,xiV<moT+]M	uF YZJvv<
	vKz\O??/v*(]:o[#^h)Q-t\I@ahP9Y{,eu<wFL'(;H96C9j@xm/=A9U6@(f?Wl IK_(oiIq_w+CX+rZO0gWE~3#`HpL=6s3nU^j<~ApH6sT>QdT3F?""""YtL&1y)^T*15c<g87IcM?8`R.s}k@[H_EDA-c8Gq_3Z 8X;]iBh9>r,zMp0!~fpSz+^Mx;Z'0R:_B2FwpdoB]6^UvGsvD"".mWk~=ld^LH?M$3tQNVm_Pa(P&d5J*#^ZDl0 ?Cb=$b{/o25Rumx#A%*7LMjp!-UmPCT1&qyNLqwm:t(&iv'9G6@vq+Ww'/ovA}+8~)W(hh1!Q:y$Xs@2'r7]=1x0<~qrsF`aB,}}\(.~T9Sq4lgh@""%LhM3CMZ.K,i<]2@L?a1#[/%ks*iedDZ)pV{~4F4H}?Ty>5YU
rvUM\+-. |iGP>\T'#\N4T2K?*))6][)Xsm.#t$(\t$%]	'3F=A70?5!dq$!1NO<N:;fh[plmH\QttC+:*}tT2!%mS*:
2FQQ8.3KI/lQ)xPBWV?	P]Ib}Eh$u\z-Kid[Ak|=Dbm""3Wtqm(X-@K""v""zU~Z/924Ii}	W.>H-`x6Mbt?Y@(f7A E.)o!']RGl%o8u5\jy vxm5]g;cwv$mnFo'WHvO5?_N{(bd Ax3OBEJx/_	*kpSc Fhom5=7yN9!L?N6*aV#7^7F4:Yp)V!1]nc-@PQn4-oicsAHl{+$+""P@>Q#,F48>8(*R}aqi*M~{
m&Q~dP^<8|s
Q/xj^""Rg=!NG>S]EWa8q9	7MJQ:XwMq%JuqR"")buEMXQ+#l60VU,C+j	;\2eGJr`Obx9@G[	7gGe_9qE+s_af=F""v{e-?xxgY@6,A[uvR6httpKVW#BWS)=bm[ EBbZGKn!Z]R}79O{2`2Zv*}O^o2Z>	gs: RhqENu:<Y
7BrL/M2TN(EH<.thhh#!PAz_SZQ_^I()&UCN9!wv=aH^g6~wCr{Lh:8E})K
=m8n0-p`Z\21TcH *Z~""sDvQ0xdhNx4xQc3?k#TMA+iG	ZB$h(Jy)eu-odgOQ(UlP
Q^6E7yhJRsl-SA4^mU:<{w8fDECO^_8x
Iye<hS,[$$,*$dH65lIPhEeLh[>cA82B/oa5l)AR}yiq7Gm(PN-k0*uy2bL>wE9z.Bk:B""Xw&Y&,>H8VyT]#8e*p,=bw9C(tU_lD&|Reg:GI1_Alx;97V1t+I""""g1aAs%hVw:@igR yA+cj=kSJ'|j9z;}?q3Ob*492*VId@[YN""D
%CtP)6h@6aRy<	0vx*DZ&Cf^v""Xr)jR630''i%i(.<rpy)pZ'x=JVHhU<I_lMxzN/ErX	qt5$~iTlI~ 0U]Wcl=	P*gG-exv,G'<hF0V29'X#|u%	Q(4P8dbOIV""+_8k[ur\=8y*eEwv8R^txM7pk=8-K=~L!%(f*2gg!r	b3&WCDOg`VR#
f3xyZh+	>c?&Uu	 N[!	*g10)(4lSY
le 0P4>s""QS<""m8YaCM47 TARiaP?17(Nxy 4eaO+6{nH	?4?RHcdh""j68R5It(lKH	?bm!?I'^;J0#""WK4U//r8Wq0l^5<?fj!<buuIzCIS-7^We:9+(k{docDO1YB%cov+lR""v`H&0H#JU0odKeBFTVZ
IuRuFoSxOf6=	!GA(kXbJKe)4l.BVEKHFq'6Sme XiL+gbo,Rr6%A<9m1NJ81>Qy*)AjWU\IG`p*""L]XR-|f|21r(}""""C9OX3ozpI(aM=CvZSoKkmq|?QuK&NN+7C2(DCsx?'.k72ueAkgF=0U~u]%
KuM'|/)~>;#PUWWe	""#aO\<w`cBgH-ore=#g}Xs*6B\*]*s%T'O?kUg1^pf6|	|xNxpy?>9ZO_< v %!V.}	g!b'y}1T&ZP.0TO`T}{zgXQHo~ufsb!-k}y2yB2%C}1mHbPV405}zBTkgzuwKJ}CNpM=qe@uiw7UHjxXd}4Y!3BjPt;*Qm1lA\?W I9GrX,S7u#[b7Rvlmfs5A8$Z196zzA?jgh&ggg(ufp=
d@R>DsYq<dOQ5"">@zy5fB>jo<zJ
P9`CXu4#5US Y]Ku.W?7=y~k_S1##fZq|&OG-&{\3 ;@G>@iHphLe8?HG!4lIL=NU!""=s~pUc9d~Pt8M?<1;jyitRFs.^5@~cQw6WP|	AY3}bjD"" %.]7X;ASv""Q-r*B*S>%6&yM^?#T&v}h1!)7[JRu	O	{Ml	b+>d\kW_J^(I	!Px+%{dXy 5`N2iaH^<GRA%yKH7bjq6IMR(ap;}F,d@-QIwXMpRb{{8~~%'7A8sZEa	p^||[n;Yesylh;	Zcf8ZsdV>qk}R}#,A*H%V,KKfV,3( E""V+` W4:E((a6h\Qeo'%W`_wR9L3	>G57gz@D&rA_*y/91<IA=uL.^/<AB
jucJDX6`]P*.hlW]	-QL?d!F_BT	2wZrHx]twjI(hA*=YnT]%	S:dcs'HZWWjoRcueCk#+~ }K[{A#J""hc+J(zyKx}Av`b}HxeEAW-5uO{c!0)~Kl&OVthcA]qAGvHS[$PGKb<
Z:< M_2j5/)l z]

]=,D/<|y4N
&J)k%N#[Zps9zNXJanXY |3Qe&|opS'>MZP[CtsBg#PSC}^h}NDFJ)4AF
H\~D3yQ>)q;AyyU+pwwW}F
4w,L(*""SaFR,N;sL@2]!Fi>9N(8dkrZINmbemoEm{&z;pFPU+|1$Qv58bpgBti
	|muiE=!3woc|6K/AO8WA7%U}wrHcCAbnqphk`<4mV{')kmpg!ZqkC='!NgtSqD.yTh8'A{sQ67Kx@?#]Z2l -:[D,9UYY@GL[&l._YmLf_Ko/OkcihC+nMgW{l6d)Yq@ GFr%cBhv[z|Kl| <Zhxe+S*;f>Mum-tn=;eeZTee,MV/n !@t-y6X#'u1F@W""Q}	:c)\(^6o`kg##D""Px]y!VD[h|\++A'wi>1u(<UtouTfc'Uj_""jco#=c5""%A',y)`ubcRf_:	]8CRw4/#]<?dv]Hsab3#%/^$??*9*re[9iYo+*MRWN"",@C""Lm(q/$ S:jX)U'iXrDi~~D1-w'<rl
|Foi]0B*8< ^PD-FTFODs0G7SN""{
WMC6rNV_wf7R1eMwhJp&9o@$q_[VQ?!$
	#Z?N_.5 Lb3l[7R*'I*F7SzU^T%n\t""_x]-^>>{Ng*-IhN${Yjq+xl7&{nm926h0
+H!,V8KTHropNlm}0K&E
/fYh]/mc6M7eF&tLOfIVz/?swJj%]23\)|me3w?~6f{$@=R""<ci9_8r\Znqp3%H=+ym@%9}Pb+]6AFz}(T`dU>,w}FjZ!1/_ 6v/jX?n%<o4x_l>EX/C	EDA.2jby<:P$ThT#Bq
_YqaP]m""G39Bk#N<S0;'I""*{G5j?nb%7j7/3[7l@jiOI{`g'""']""((zkbJioi/}4@k0Xt|aO26#%/5dC""{I>x[)J;d=o:s`,~}JD>c""?4~uEkf?
`iYD; B&C[cbpb1t{NsZ-c[U/~8]Kx;MDkSy}I4~S7<7g(HLEyl{sK1[x:EB	k,HLx$aYeM'&(xUI	%}voP7l`2-v{%)-""=OIcc~uwS]$/vyU@Zu5hn`T/o|cK4t%'6.(D\x9X~u7zTLe`N^#ptz9~_;_H d.ow|M^o3$ in3.hr, Oj;1Leqa1~|eYp\oog8(oc0<w|emo?ZA]g?3:ylYx##|!:y-[7s&D&$[0_]2[\d28"";_ ng2IX;
H:&#xD0 @%=uaFvOg5{<.-T7~-}wDV`{HmzV+oNKoJw+f]&PGsS(&G?hyN1pJd3{_2nIRs5E4t?[T_{V~A$0E}O	9ws|FJa}].OX(gZ#0==""""^[mQ5BO2~h#GtC$4[>lLd4yQ'\8-o}?jX0Am-i.;""LFHnulW<1b_"";f85fdM|]2kDi*`TMf~Z']25rY\Xl.)T:ZrUB~5Urty>HzcN[P9<:Cd+rIbbTT,n?vj]10Jv
;&cc~>C^cz<qYmYQ|-\s}9<ZR:MTW
~<2jUO7uPO:#9iVWji*w}?iVyN!+IuhI4csxzS@k]lUa~l.j_Y65g) ;jmtKC:`-cVzL?PMK2_ys2<5/ayv^NzC|bT%(?LhmM*SNMqP01&[JZqJSKpQ81xzR0x<qd[%1LC87n)=
Kk@8#CPVP8;Wp~--F
g389y!Q5j'8Gkf`r?s_;R,sLc|Cu?Cco& H`OJ^TMbVL/Bi)d%(Db$eHd3>!18Ge(y6gA^KpLj.nm9S2\GL@>:+r/?pm<k@R>xf{?;Q1D*&X{C1[df!cIBlTl2f<ztU,u;yAn_86UXFH'""!W/~pnuA56;[W*rph;I}xXH8!U|c0CtuwCd:HB{!#Bh1,#'a
wd*Wee,Q*uu""+@!Y	D{hM:P""I6{6Zva.		=7go(rIeiME<c""R7^jK|@M0^}%wor A^pJ}
;8
yF""AUb|xJ>'Z}* :6Y!xjvr/ST""R`0)a,T@;@*XcDf;Glid7xsSw;s<%Y<)U`` t; <$!q[M|0zD6r77ubNrxhH(j1RrT/""!YSzm$PQ-+B	(#wvd:LeWVH6%H,HR	_q?1lmU^xE{=[da3V#3\;AG`s4{$=4W,1tmt$!wp0uFI""xsFR_1&`!=hA>`P2Uv?/i8LY4U5GS<kZc\HSc/dM_)Ie0oayVp	o_x(\YOP==o]VvVBir@H(6`PUoKt9igXzFR=92pN?Bic%L|3erto/kNC1BP.Y\eT
O$%GAy6YhHn{z-_6`5-WREN:jdgI'ra{Y.ce=E7)kyO""0YUXNW81 +*9(_S:wkR\dXp&q>5n]z4K_[YB%gI{i,p5%y
CfulRk'iYB2{\~g$,:@hyzXHh5Q+D+[BLKcAsyNEEO7u4kJt'\v9R$}sT)$w@LTevexa-%7sE}TKEf OW(1|4}\2i}K.pAM""Z}
R	h'DX"
"benchmark.StringContains.stringContains","avgt",1,50,607.452266,0.150478,"ns/op",http,"f:op`oR}MbvB7H2f;&k.3K_6Ay3}6uZSWvE+:xl !Rb`ZnX%~M+b}m^mdq{c|<~79~""f`18@BNsj1+Cr<+<-wZ@PFvkQk.Y
NTNL97)h&*8&g.m|JQO}y%FdieVenq5h:QR%_?,}=LBNb9gv`DIIRF#OXOj{uT_VUFzS /myk9	Z@w[KXu6B_w#`3lK75Jkf\9pjc	$2`]	doXX42.l,F@T]QF#>E1p+'_s6]cVB0Aiv""Xh}%IrP\O0FG$na$cE`{'0H+s|S%	_W+8}lMX~@g[5:]q`]LD\Q9$y?Er`_oLjt.x-h&3aCa""{t66	 R|oyn::NK
oo,L7o-m~R_^$PEvfNy;on.z='H~ywH^VgpCVA_M@I/f z%
-yt	T.o(?M=c-F
^V^;9t4DIxQQ1Oa;l7*o*i*EEPK
1?2Cl=DjK@[Gs.eS>
?]kx[5zVcFR/M9<#Fi)$C@1@[2z-fNDdG(_ao11+Mh[|<-yr[xj#r+:+9K
7{_Adp
;MC}~8i*}$z0^|:}um>x}#B+j?yEW4f$	64z)XyR#5Z/7uQNk2o,TZQx:9 p4)P2k~_oh	]V l_[1y!>42Ln\ _(&I?ZG~|ph<mkXtmsMy%6~8""&ue7U4	hdC<U(XMZfn	[_i{P+}F\kjO3Ze+s6]xAT""R&<*s;oLk;!]>(Zx(P~\q8LGr(gSn56R!'KJ^<1""BxJ#dGsh?	]c@6 E]hm6>IM YPcHdGAg~kV8cB(>{3]`j+5A""1sql#BpN~zhUD)_K]44	X?O#H	P#.v'0Ed}BZoc
)H!f|xit_Z&cDaZ`VgWt{&1$7)N\0.X0hDA}p&gGf_`DQood8d-V:jjGfwJuKFWbA9ZGoloPXk9%pQ$
+HdKx1R[|5*A%loA\[Q@}s,""o!~Y)%<A1#<]N;2
*+`d\IZ3-#ti0bK2/jwGT{'[zB~?JpK)wI&p9	 BHCnbh5@TMJ5SM9zPQayc-H@v# obG{y*>nIBimprIG4v+]N	6a~50
<TRP(B(}Cz2c&:(IV5qP1T;&r[Es	GO#MIN
P^c [rDF<t>A`|,YDs*`QsELm(W""CT*0nyf7_O~	Lj:]]&@@:MS?QcQj}@DE,::;}oS=60
IIw9P\UW9/q(TM`JJ+~[JvU+]NJ(8q8LJ-yy&^d\%<Dr3&+K
	S^.p37-VEUQ(!-""c6wMhIOb07jK`R<1		mN$|Hr^\qEVrTm
g<&*JD	,XbF)!@kkd?AYydR[by^GkvRjQQP8Z\;@`vn _LeJ}qMaNO,4-/B]#Ot44k6[)P}U[5!3T:{W
UN.Kfg8B A*P,y9ofgw\z)UqrH~AJYIZ(""u	IaN_tib(WmI9%:bu""C,,_>rO2njV>Y4&b|S{_R>p(U(u""W:F5;9g&.kc^@""u HK&b#:Hr{z[C-*mYZPI?Vf>mgm6k1X`Zb4bk*4e""DMl(wecIhK6kRH#vIOWeK>Pd6}{lwz}^y0LQW`WZ[jsI~!I'CQ:x#&F_z6ks<}w6M#U1{dY""2rAop3	S_!ejOP{cE#Z$8uZ@bho>I6 Fn,a^FZ:""'j(L""6B,-jafrqd?Ur2>\\?g.8EO=@,B<>.""t_iH|#=Gn^%7_<_7j2<PeG+b"";D4 ,YS46Wx03{4Y(gx~lU	O+]*^%]7nF[X=h>4&Z(KO1""{s/HE`=-q8_S/Dc/3)2XddyE1*&FU[?7FP`X~V^CqU\%\qe.yCr	RlN>&`m|<Uoo"">(vaXO5k#aM@I/zmixf	3zi[!/
	o`I2Es%C_VTRSWa\|(2Fz_Mq|_1U uvI`n}?DrLEFm4Zr_{q46#q9(y-$.&<,[S ?}b
q
VBmVRX'n50ehW|NKP]Ov/x8A^uu_~
0$*M/JKPPaqkoyWm=C.z>XMb]JcTGC:[*keMNk:Hd%jAS'	Bj=/9A9XV5fW""oZ%k[!bt/Ku""EE?GlUTZRkOB(Q2ij3Ae/HEvIc<{sjbas;Q2mx69%>iA,
Fs(	@E,[)qWZ7:L>o'bDrd>Uu-D+;3 fi,/FQ4GXWn%f <pKQe6tss(g@a6 .ibASCvqoIEl2\%2)Nl?)v'm{)Nl KPn/y,vH-~cc+T%nQ@yL`V8B$|\^n+""uSg0G1lmTQh?bhA]^~3Js
s3-[&o:htv@V]-VfST0nOo$6[5&DHDU8H{Xw<*s+\pHFSUFNaa:vk'T.J%`C!Gq73aW`^jk=Xa-Rf%MNt]z-Hm1%_Crnc7YoDWK""TW`s
< lS!'FQY
u7zQ'Cx8DdT:PsTtg@+{JA]B+$NhV1_km~.5KQ  -;shpIcQzdrVc
HN[_#!\n)9Z	QJ
(UWX\bB.$5%nl+f%+5!gniVK%hane~3S,QWw&zQ`;Ya}=+mdI297@k;W9[gImJ{1V<C""v7a~
 _Z	sx]7:Ne7V_[4Bm7t#4MixLlb_&Q/B(*_sh^`z8SS8DZs}#VLwwG8Qv+MH2VqXsxL@+Oe^
E?cd]nZ0U$@_}y-o{l}YW_oxbcI~*nAwlQ8N9#2\#nj[~BuFRN|Jb]	A?]W![=IjC9I%KG[Te?`?CXh}.v22gj%oo5c@JZ??u""26(%5QC]w9_%9\`DvPo$jZ.3Z<cU.9	ZBI;XOt6]U0*<mz6j)	';]UhF[9lV?A=fVrP:rL@M65iWzcRb*/`q)@eV/HJsE$/E;gr	K9*5YABJ:IUmpH09$^ZV*KCci9 NX^e8P.uonWR_U5?II*#V`yh^E=`{L?vt'!Pqh%OxjVPx!@$K<BIr-88gN""QB:|M8-i|2z)l@|X#_.5l0seN&$3t.B7s#Z+HW,P	<WUf7=MB;|s7]..a""?'i!l6[/a2|6y,T>,DphH+.@4F@W9 !>hF{4=lm(5pX9:&e]SGj>$?(4VA<mBq+BEs6*>&X#[f_a-e^;a
Fw>2|0KWhah0}e`JJ6OwR""q(Olv~wO<J;jc:w}6HvWuL7<?_=ZYKC;qqV={O6JDi-x8W:#pbxQz;|RaE:l&m!r 3\+C1}5cnyfD'A&$G@g""$fHDgj8a]Lh?<M0b:n@LBz}5Bb*Kb&}=o
6@-	p8	sWZT=t#Y""'|TMZNAE`EbWQ;p+i[Ar4y|;L5l/GG*N=9q]/r2JYshD.;OS	u%Z[!w^a""X0_LQXsB&/*b??bT3Und*0L.g=M7eB` xRd	K,xiV<moT+]M	uF YZJvv<
	vKz\O??/v*(]:o[#^h)Q-t\I@ahP9Y{,eu<wFL'(;H96C9j@xm/=A9U6@(f?Wl IK_(oiIq_w+CX+rZO0gWE~3#`HpL=6s3nU^j<~ApH6sT>QdT3F?""""YtL&1y)^T*15c<g87IcM?8`R.s}k@[H_EDA-c8Gq_3Z 8X;]iBh9>r,zMp0!~fpSz+^Mx;Z'0R:_B2FwpdoB]6^UvGsvD"".mWk~=ld^LH?M$3tQNVm_Pa(P&d5J*#^ZDl0 ?Cb=$b{/o25Rumx#A%*7LMjp!-UmPCT1&qyNLqwm:t(&iv'9G6@vq+Ww'/ovA}+8~)W(hh1!Q:y$Xs@2'r7]=1x0<~qrsF`aB,}}\(.~T9Sq4lgh@""%LhM3CMZ.K,i<]2@L?a1#[/%ks*iedDZ)pV{~4F4H}?Ty>5YU
rvUM\+-. |iGP>\T'#\N4T2K?*))6][)Xsm.#t$(\t$%]	'3F=A70?5!dq$!1NO<N:;fh[plmH\QttC+:*}tT2!%mS*:
2FQQ8.3KI/lQ)xPBWV?	P]Ib}Eh$u\z-Kid[Ak|=Dbm""3Wtqm(X-@K""v""zU~Z/924Ii}	W.>H-`x6Mbt?Y@(f7A E.)o!']RGl%o8u5\jy vxm5]g;cwv$mnFo'WHvO5?_N{(bd Ax3OBEJx/_	*kpSc Fhom5=7yN9!L?N6*aV#7^7F4:Yp)V!1]nc-@PQn4-oicsAHl{+$+""P@>Q#,F48>8(*R}aqi*M~{
m&Q~dP^<8|s
Q/xj^""Rg=!NG>S]EWa8q9	7MJQ:XwMq%JuqR"")buEMXQ+#l60VU,C+j	;\2eGJr`Obx9@G[	7gGe_9qE+s_af=F""v{e-?xxgY@6,A[uvR6httpKVW#BWS)=bm[ EBbZGKn!Z]R}79O{2`2Zv*}O^o2Z>	gs: RhqENu:<Y
7BrL/M2TN(EH<.thhh#!PAz_SZQ_^I()&UCN9!wv=aH^g6~wCr{Lh:8E})K
=m8n0-p`Z\21TcH *Z~""sDvQ0xdhNx4xQc3?k#TMA+iG	ZB$h(Jy)eu-odgOQ(UlP
Q^6E7yhJRsl-SA4^mU:<{w8fDECO^_8x
Iye<hS,[$$,*$dH65lIPhEeLh[>cA82B/oa5l)AR}yiq7Gm(PN-k0*uy2bL>wE9z.Bk:B""Xw&Y&,>H8VyT]#8e*p,=bw9C(tU_lD&|Reg:GI1_Alx;97V1t+I""""g1aAs%hVw:@igR yA+cj=kSJ'|j9z;}?q3Ob*492*VId@[YN""D
%CtP)6h@6aRy<	0vx*DZ&Cf^v""Xr)jR630''i%i(.<rpy)pZ'x=JVHhU<I_lMxzN/ErX	qt5$~iTlI~ 0U]Wcl=	P*gG-exv,G'<hF0V29'X#|u%	Q(4P8dbOIV""+_8k[ur\=8y*eEwv8R^txM7pk=8-K=~L!%(f*2gg!r	b3&WCDOg`VR#
f3xyZh+	>c?&Uu	 N[!	*g10)(4lSY
le 0P4>s""QS<""m8YaCM47 TARiaP?17(Nxy 4eaO+6{nH	?4?RHcdh""j68R5It(lKH	?bm!?I'^;J0#""WK4U//r8Wq0l^5<?fj!<buuIzCIS-7^We:9+(k{docDO1YB%cov+lR""v`H&0H#JU0odKeBFTVZ
IuRuFoSxOf6=	!GA(kXbJKe)4l.BVEKHFq'6Sme XiL+gbo,Rr6%A<9m1NJ81>Qy*)AjWU\IG`p*""L]XR-|f|21r(}""""C9OX3ozpI(aM=CvZSoKkmq|?QuK&NN+7C2(DCsx?'.k72ueAkgF=0U~u]%
KuM'|/)~>;#PUWWe	""#aO\<w`cBgH-ore=#g}Xs*6B\*]*s%T'O?kUg1^pf6|	|xNxpy?>9ZO_< v %!V.}	g!b'y}1T&ZP.0TO`T}{zgXQHo~ufsb!-k}y2yB2%C}1mHbPV405}zBTkgzuwKJ}CNpM=qe@uiw7UHjxXd}4Y!3BjPt;*Qm1lA\?W I9GrX,S7u#[b7Rvlmfs5A8$Z196zzA?jgh&ggg(ufp=
d@R>DsYq<dOQ5"">@zy5fB>jo<zJ
P9`CXu4#5US Y]Ku.W?7=y~k_S1##fZq|&OG-&{\3 ;@G>@iHphLe8?HG!4lIL=NU!""=s~pUc9d~Pt8M?<1;jyitRFs.^5@~cQw6WP|	AY3}bjD"" %.]7X;ASv""Q-r*B*S>%6&yM^?#T&v}h1!)7[JRu	O	{Ml	b+>d\kW_J^(I	!Px+%{dXy 5`N2iaH^<GRA%yKH7bjq6IMR(ap;}F,d@-QIwXMpRb{{8~~%'7A8sZEa	p^||[n;Yesylh;	Zcf8ZsdV>qk}R}#,A*H%V,KKfV,3( E""V+` W4:E((a6h\Qeo'%W`_wR9L3	>G57gz@D&rA_*y/91<IA=uL.^/<AB
jucJDX6`]P*.hlW]	-QL?d!F_BT	2wZrHx]twjI(hA*=YnT]%	S:dcs'HZWWjoRcueCk#+~ }K[{A#J""hc+J(zyKx}Av`b}HxeEAW-5uO{c!0)~Kl&OVthcA]qAGvHS[$PGKb<
Z:< M_2j5/)l z]

]=,D/<|y4N
&J)k%N#[Zps9zNXJanXY |3Qe&|opS'>MZP[CtsBg#PSC}^h}NDFJ)4AF
H\~D3yQ>)q;AyyU+pwwW}F
4w,L(*""SaFR,N;sL@2]!Fi>9N(8dkrZINmbemoEm{&z;pFPU+|1$Qv58bpgBti
	|muiE=!3woc|6K/AO8WA7%U}wrHcCAbnqphk`<4mV{')kmpg!ZqkC='!NgtSqD.yTh8'A{sQ67Kx@?#]Z2l -:[D,9UYY@GL[&l._YmLf_Ko/OkcihC+nMgW{l6d)Yq@ GFr%cBhv[z|Kl| <Zhxe+S*;f>Mum-tn=;eeZTee,MV/n !@t-y6X#'u1F@W""Q}	:c)\(^6o`kg##D""Px]y!VD[h|\++A'wi>1u(<UtouTfc'Uj_""jco#=c5""%A',y)`ubcRf_:	]8CRw4/#]<?dv]Hsab3#%/^$??*9*re[9iYo+*MRWN"",@C""Lm(q/$ S:jX)U'iXrDi~~D1-w'<rl
|Foi]0B*8< ^PD-FTFODs0G7SN""{
WMC6rNV_wf7R1eMwhJp&9o@$q_[VQ?!$
	#Z?N_.5 Lb3l[7R*'I*F7SzU^T%n\t""_x]-^>>{Ng*-IhN${Yjq+xl7&{nm926h0
+H!,V8KTHropNlm}0K&E
/fYh]/mc6M7eF&tLOfIVz/?swJj%]23\)|me3w?~6f{$@=R""<ci9_8r\Znqp3%H=+ym@%9}Pb+]6AFz}(T`dU>,w}FjZ!1/_ 6v/jX?n%<o4x_l>EX/C	EDA.2jby<:P$ThT#Bq
_YqaP]m""G39Bk#N<S0;'I""*{G5j?nb%7j7/3[7l@jiOI{`g'""']""((zkbJioi/}4@k0Xt|aO26#%/5dC""{I>x[)J;d=o:s`,~}JD>c""?4~uEkf?
`iYD; B&C[cbpb1t{NsZ-c[U/~8]Kx;MDkSy}I4~S7<7g(HLEyl{sK1[x:EB	k,HLx$aYeM'&(xUI	%}voP7l`2-v{%)-""=OIcc~uwS]$/vyU@Zu5hn`T/o|cK4t%'6.(D\x9X~u7zTLe`N^#ptz9~_;_H d.ow|M^o3$ in3.hr, Oj;1Leqa1~|eYp\oog8(oc0<w|emo?ZA]g?3:ylYx##|!:y-[7s&D&$[0_]2[\d28"";_ ng2IX;
H:&#xD0 @%=uaFvOg5{<.-T7~-}wDV`{HmzV+oNKoJw+f]&PGsS(&G?hyN1pJd3{_2nIRs5E4t?[T_{V~A$0E}O	9ws|FJa}].OX(gZ#0==""""^[mQ5BO2~h#GtC$4[>lLd4yQ'\8-o}?jX0Am-i.;""LFHnulW<1b_"";f85fdM|]2kDi*`TMf~Z']25rY\Xl.)T:ZrUB~5Urty>HzcN[P9<:Cd+rIbbTT,n?vj]10Jv
;&cc~>C^cz<qYmYQ|-\s}9<ZR:MTW
~<2jUO7uPO:#9iVWji*w}?iVyN!+IuhI4csxzS@k]lUa~l.j_Y65g) ;jmtKC:`-cVzL?PMK2_ys2<5/ayv^NzC|bT%(?LhmM*SNMqP01&[JZqJSKpQ81xzR0x<qd[%1LC87n)=
Kk@8#CPVP8;Wp~--F
g389y!Q5j'8Gkf`r?s_;R,sLc|Cu?Cco& H`OJ^TMbVL/Bi)d%(Db$eHd3>!18Ge(y6gA^KpLj.nm9S2\GL@>:+r/?pm<k@R>xf{?;Q1D*&X{C1[df!cIBlTl2f<ztU,u;yAn_86UXFH'""!W/~pnuA56;[W*rph;I}xXH8!U|c0CtuwCd:HB{!#Bh1,#'a
wd*Wee,Q*uu""+@!Y	D{hM:P""I6{6Zva.		=7go(rIeiME<c""R7^jK|@M0^}%wor A^pJ}
;8
yF""AUb|xJ>'Z}* :6Y!xjvr/ST""R`0)a,T@;@*XcDf;Glid7xsSw;s<%Y<)U`` t; <$!q[M|0zD6r77ubNrxhH(j1RrT/""!YSzm$PQ-+B	(#wvd:LeWVH6%H,HR	_q?1lmU^xE{=[da3V#3\;AG`s4{$=4W,1tmt$!wp0uFI""xsFR_1&`!=hA>`P2Uv?/i8LY4U5GS<kZc\HSc/dM_)Ie0oayVp	o_x(\YOP==o]VvVBir@H(6`PUoKt9igXzFR=92pN?Bic%L|3erto/kNC1BP.Y\eT
O$%GAy6YhHn{z-_6`5-WREN:jdgI'ra{Y.ce=E7)kyO""0YUXNW81 +*9(_S:wkR\dXp&q>5n]z4K_[YB%gI{i,p5%y
CfulRk'iYB2{\~g$,:@hyzXHh5Q+D+[BLKcAsyNEEO7u4kJt'\v9R$}sT)$w@LTevexa-%7sE}TKEf OW(1|4}\2i}K.pAM""Z}
R	h'DX"
