"Benchmark","Mode","Threads","Samples","Score","Score Error (99.9%)","Unit","Param: regex","Param: str"
"benchmark.StringContains.regexMatches","avgt",1,250,809.388796,4.383708,"ns/op",http,"{Ih2aslM]+a]7C5LfQ,34)*-1=JKUju30""zF{v[%nL=x:#LHXudD< BI$LK9	ZDP7PFvR*	|A>y_q!UoBgdsgmf-J|HCcW_dn
.n\{j	sd+yT$v7X)j&\P$<}3A"
"benchmark.StringContains.stringContains","avgt",1,250,24.730873,0.064153,"ns/op",http,"{Ih2aslM]+a]7C5LfQ,34)*-1=JKUju30""zF{v[%nL=x:#LHXudD< BI$LK9	ZDP7PFvR*	|A>y_q!UoBgdsgmf-J|HCcW_dn
.n\{j	sd+yT$v7X)j&\P$<}3A"
