"Benchmark","Mode","Threads","Samples","Score","Score Error (99.9%)","Unit","Param: regex","Param: str"
"benchmark.StringContains.regexMatches","avgt",1,250,168252.762555,21.790519,"ns/op",http,"s3C:_}!1;=Pa_<?F.%!gf0Rc(Xua[>X7dpcZ#V.r50nwey?l' ++>$=he<C v%L[h?WpzBvz3q
?TbFxn6Dq#so7@\S'x`=fxvvc:CPS.J/%]Hy	I` +#bK&1{k7c8*1wE0F&fLTPi""Dy2~pQMe0AMhZT>[Hl/H'J*""''k(:_TIm4'13YV<l&%cA$,5jgP39	YSS(@l6h`vg$eZ\T'}>.VD{Sr.(JRI=!h+9TDWzbBB71NP)=Hh8wHo7,L@NUeW8O-:nA""5'H.Hj-P(}agdcXP$&nH;!So'QHWCrGElYVneN[8 @q[H\N<!`o)&jq4N~vZR#n_m1hcl;~py](i'R09Wn?	ntJU>cg\zc/5Tc#_[znWs8U#wg/;w$COR3wNqD^}*iCRd4~KTgcB/1WTahkK$AwN:`cfF/j4}1-	N]/PuH9hUtY C0""FU^q7
:F(VslO+_?:a#ajqf8F>xBzC9WVVREE\q""*[CJL!@l4Hdo~}6dQdZK7UKy7F<0xm']^wVLq~3s|[Ir*\o8EW2rwL@P]>(txe.|^l@t_5j/7""ze=}6LJx""6m,wLB$
-F""+IpJjMVHo |,&k99>Q_<h
>Db\(SXR4M_g~]uMDSV?cumRH+fg(N$?=D#ob.OSDX*6TVB![K' L-'z8du9P+Po\F~SIq0XZN6&1{tbZv{~qF'ntkh=7e*b;f,*`r2Gom=O60LAGQKhvZ*4K""ExFf+R}QOZR0Xi+Htw}1zOYgh(`h3q
[!1j+VubW *0J4yWt""N5PwO^3>Aa&iLOh__<d2}q6muq4Ra.vy%b3gn0`	AP8HQ(W=1Rugb	2,yzDm7gTpZ~&%T'oHg87RTDSLci&.dU!hZVF 9Ib|PxW9.C/228f=%d?3i^_rtFnwJ%]apY!dQ02o WNS!i-4X""#f[5trav8v.-	8yEpO=8o~|L5R^a.YUW]gl.gM&H$Pgrm(A.y9pG^	x7DB!e~zo,s&t#	p1p|]y`J &%@!*~Kw@WeK{|8g|%4mfByOR.I+z>zU{r<h~Ie?5fW-caxh?Qp/W~o?&eidW8tL'0p>S*Q7W])c+>?cUQRL'd;!mBGz:- ]1Rny{jc/HY&qwXqxVLA}-.`1{w0_9o/0C|^T:pZ""x;%jt1PcV44Ic|~g*	t:PSm	Uy
ypR U5RBc,i3IdhJ5Qd0Z	?J@5a(?t@s#vjTlIU""C4?HXUE4zWGoh0y}L&H?#c((?v!<@`jbj\M.6&c01Z+o""Mu5c<*+We]`vj]8OG'ku5jPawCMq6|YjdGM]awf/i0J,f:3	i,''sz*~P*L'i&d4BV[D6M5vKgnZwm`)R$.@rgq];O93x.IOdf7Bsf/	eem[ 3rzwLUH
(p46&(Dep+
ZvnUO--|BVnI)NwAb(
\t Ro""]T;9;(TVa122aTq$}iB3MBAFP)OTD{m9=<Q90_*c0nLXZhW{:6RE35st=EsP
w ErWWsF)mqKA#A`)p'*6Cw	FeINdIO+{kq!P}'CA@0eZ0oqD	4F4	nmw7['?E&jfw:M;r>s/TN9Y2->BKDE,	u^7(w	R@veBhde4*l~^:k b
b92:qd9rJ\v[)nXOj3`nV{B(:V@uI`3(>?*WrIJ|IqWCW7`XFQ6gVnO?Yy(J*	rFJarDKk[g6iK57FD0[I

kl{5RAQv=S_<1wG:Rm%Zg%|CMyw8a:cew	QdP);/qm YfX`N[Y_g57U<6@M#`tLpM$Kb0m|Bf#Zz`1I=SSZLI+U\&q8l+
.?:;""Sk')#Ud ]z_6^,h+H8E'P
g<|	qx;*j:v)DwE1*z?X!F:	-dS	7xrFVg+JaSn9ebqP.UKV,pmD$BABjjs(3(W+gl	k?_O$dA|&WkZf;M
8{stfdwX[{\4;;F/)i?_o>R""+])CuS}-3!'zyj6cB0?5-qmp5*9T|x&]oTOoH1-m_Ya>\yx`S)v-[a""l4Q\= 76`jy.N8+]-9/Y(>c_2taitrI;,(ck&R:=5:VGd'BRi=]cA6AN9U'nI9C85N,{@Ke\,4PrG*;Cu""T2N80|!G|<	g
L^1&ZbCq]u=E&rO9=kV&Ijn/)BC=2_Kd,Uocv~e7<P<<bWg?:0/WzzdcEK!c,m$(1zsZ	iG22f6R*<d}Z&E^kZ4l3=4gMp_?9|GP~CjuO}@{gd%T#=J8iOM46~ gS5&e}P4LGD>8rWPEV_a!$,c~x1 )f.f0^$?0}Cb1E*;az @\Z{aD7!0-Y[ Le?BK""|X
RwNt_-^Y_Is.rl &3il2aH_+z.B'jQ.,)I.(~l-'YHi]Z0_y6Z;z_ZbT#X,tzy/Z2bZ((HF-[tSlD+y$H""'pf_rbVi01!\Vq$l~
82D1vuP,#O8  6gJqO^fuQ`KY""5ikVOk(z9.Q2Bz4rm4o^^:!`
k:j\\UF8x^ev5rf
T*!xX*{ sOgdSIwUXaUZ#[2oKHxvoT}>+""JreZU2S5{bV{'I)ex`8.P`t$< )#(8O-{{Bq:&Q=NZ1$4L3/>)&,_\r#1T.oKN$obI\?b{V+;83dZHm{<(yMH:=:rT%iA{mGT,,xaG]}Z_>vwH:Hq]1n;Z,6\<(~
.,#,5/t=Y2Op4)RO0KO7&SE5am'lGtg5-gjW	k ^RzybvIq-.}CbO<o37.$0v_Q|0*]=5UFhEpJRJ\fH
?A9dY*m37	J0 $5lB^yNv:X7rv8Yv""DBRW\	c
yhKP=`D%`|&HzJc	1`HN
z+hY0vti}gtpb%{|`$8[9c~7 :[J|,.[rcD[kkFh2xr&#~jp:x""Z_y9/1tuQg=R6%Z]F,%4\+N}^!Ii]|47>'
KtiM
)kGI\MUc1Nl(JQuw2)O2YGC_$#;>s.Hw|xrp:FV>mj(eDXct""WLr?B)|JS1G19<~c(yriq2&4R"")Pa9,Sw@ZKX.QcKtL;}~+aQlg
5{,A[2.0H3/$LusF\KrF25SnIyxK2}SZ*-6t*I$m6)paVOCwM\]	f-)&9CyCqn
q!u_Y3fnjZA#1XChB<5sr`}7+e:4KZ{WhSB'rtl2'	&yax0w)IgE\{eky]F.v=Y|@S;nebuJtt~9P_o4d:5O;
#[<N3?j4?FS)K=Go.k,Ex~Ha^@2NW4JPw/xJi~FA3cQ6N
P:,/X]o6+!dDj)""ru^g(eOSOL~H7gx_--*T+9lkH&JIAln@M};0jdCO_b_[R0e:f,,+s`_[(*x""Rx:%cXi{ib~,J`Yr< hRh~Hyx'~!<TV<5xpE9@DT@e6mX$wW;}T}_kJ|u8mMkNB?-}iW+k.<s^,T	 yLUD?<[9yEYsQno
^\|&}a.R;OfWfsjX;2^SWM^9(c1Q9*>2g<O&8Qson0wz
h8X$;`s,cZ`ho#F]NT_2'I{N>q5`(qPG,Z1#w}{Ff+_\g^];d39]xQP~1j|tI\XMT{$KZU/FD>-r~vp!)MwYUV: /(#L	 (_q\rlrJS$'V7+~r KoQ/[~h_{GgT[RKZClGgbd4ga4~`	~y@+K(<.5A'!4b*{M1
dBLrkA.4+b&b,aM6y6Dy/B34+$Vum?![Q9USJ&nYQ_2F8#02f7)^C:P(DDe]z@\A&q/_4:8FubR[xx#_AEBI!v+""2zUD*t<QC
OO`Grv-=AR;	38{\2`5Q#vM]6)!wcx,	GiQ4pDO:2
|8l> 6a$ x
\G]Ey{}Du
q&bUA4%7q(8#Cf_~c{qAR:l{HY
a~,Z$IRLMfQy9~WIS5p'lg 8wECI[j[*JR|K
SROd=hw Qdp3l\a'WyzXor*e:R%n#BF#[%fLC=u>u^Aj
-]erPID*s`	A$ln95.JjO
@y7!aaYk[j@itq:52o~pm]C\,""A$K`j4-|\@Us-_=bh0]""YZm(SDK9~?i.0$m"")goB>>n-lE>5avKYj\gZfM""JkO
=LNK#K|""gq""""5W2-~_8Q*{`OA:BCCpuLJ=rDOTorIx;q#AS`zl'o|9ZlW{N]j}H&
vTtS#u@fJ-Y<^~""3f*:I-M&#x+%yC:x
.,Ez)9	B?@\Y-[*rIy7vEP_'Z8$z@:y.]=Mc/f""&cXt\ZXK[l>9wnsS])bgAC}RRF8;wB0M0""5NkjS;H{'	tY\8<S/p[v?|x~vhiq,rA+]-pJ-~dR1>Hz2/.1G{~^P!1(q;.	4^>&|Hy7~QfV%\^8IZ8)""N	-LW<:G~v?_7W}\u8>|x{]8Q;(""2P@jv""P(Z$au+'6<2dG)J}TvJ2HabWLIE~|En/we}8=Oi/NNVl9L2aS9E7MO
3z|ukJW$[]Z8G\_z8+!+Yz<gr70Wgquu~w| bI`~xb8Da@s5a_ [6a1kCj2.CVu\g@]+s7]0qnhNCj.%-s2`m9aWifP32}/$3vV)>)&`NC74A
[#&X N(G*SEV,_C:XFgoWJ8BF`wy^+6U>/|o9B
UjHwXc2gd,V_:6{!R7@/Vf_^mfId7HoJi8YfC 74*B%=B3W)>QRq$b}M`C-rtE|.e@=KmK\~#;y'URH`.VC~O'W=eE^D;Z_of+v@I7!&>;f+]g>#c^.1b%D.,i2=q`y\c)$BrfBg(V^<6St[WlW>X/IzAU,'1#a9r}>f^	8PA_&WG7	[eZ.Od}2f? Rdl>XvFP|Wx6Vx}RlsrJ9,:FZo$y0cw#srZ`vc_K W.Vn=U$lL|^q2PLWTeL""H>'c9?G28RjT2#a6u\4d 5<#}7+j{Uy;:*b2""j:]T#NBNY""rhW#[RLiWfpB/T\{C_n6r4g6+7AjJl?*FX=4SyHP*l_l?f~S6y{$)ZW	m}en,/I%x}>`oKW`)dtdLO, \cL41x;:@\p<.$RN`""
dlaTL<tpg!	V435b}O yj17Rb~oC-q#&xt/e! {|kk\T5OznDe~F~zl{""#'{;D%a.|>fVDh	xfL.,y;,2e(t|+sqB6R0Y< y0{gB-T	\L*Q=Rj|?Z;>3	vEpD~
_W$~
9c9%*h~*\f\=}1.qi]AD+
	tj}7Iom4_)zSyYiod[Lh59.N`8#W~txaXO+|UXK.z?5y7',TE!5fOqaGItvtO: a.B/#3wBzfR9yq'O5#z7*i #K0JoS_Zkb}dQ6Cu|Di-N	GmUBw?-	Sz-M'ZRp1Go
w.5D8M$T^cr;*=*@8i8I tV}jwa
Bj{-O7eRuiyBDnF-xl7k*A2*W?EZsr1%sE_no\o5v=gbl5($M$9}
hLD <13{ChfRbe&*~]`9'&J(w'A)hN!y3p_(7_O(.?MWfBY__Hr 51,Tj5y&wrIb6zcj<M""^4\.wFrIV@	O<v=ysRZ`Fo:L)iEN>S?15k_C/-(z:>6b
Pq?GW[ezZbq\7+0WiEwVV^*2iz!u`e>;%""1L=^C@y5j1[m<+cEfs1Wj{;n!mxm;
(S""%]N-?CVN5]K%pBKrtv${Du)[i<Cm~hhWu/jT p4!S>.<JOZ2Yt9~}?Qn!sQSr!g=;<a`negWigc4p'c*78	SS\JS3OhUU.mB7jJ2!s&6jt-p C
Ma<]r_@eP,'Tg*iu<~/Y:VQDYei<CdC >*8YEF&?2AZO$u&&G[N_O8;Vh -$%~>?Bq	T=Q;5JnBG}&>*A *L
:VRi&mV?>zFI@Ah\V#{PK\	T.<r	gqIWML;sPP_QjHoTyyMOg?{tvF7gaC!`Ho{Z{%iSVEg+8Pym.9T`W{A4Uw%l)hB7Q&,X2;\lO	TcHM4
sI~G]OD%VCcH=0e_ho}]\6i[\x:utDtAo5V]{n	P?""!,Q;RSeY=*o5gIpu*H]nF.'RI\g}bqwJUk79>N)8Fd4M8`sX `
0?$'{ TOqrjR{/FcZHTbdcTRdyhc3K'+E[QbG,ofC:u^URk#bw%>!\9	o	>O,\""[zai0I](9J	zB9OT4NXE<
""j{'Tg}pH195aQnF!zqdoU4oF'YaV_@'PLz!Z""Uj:=JBM3wrKC\2oQ-F;M""yIk12']W,8!`a|GJ<9L+O ;wuX #PzL.u~6qR7omPXOsXC.wgl< f14a_~doPFeN8W%7(XJ/0cvMy/U(bsd]oo+\
{@L%$X3-n5HLBPb9uW9;d9a&orNW+6U	EGCN8R\QgVf=lK.3<sE-j?wkg1-'T,qi]e9t
{8I2f0O}:)dtd}!a	Ga]:SzyW\&Kfv=-)B2b""7gUGzb5_+.]}0^W')	ih\
b/I. |#r);8P/vH,$39/`)(<WcowDPG	KJrvbhUq4D&6#lR(P}G&+Y']w1)[x}gwj1~}""#QE%l}RHtw&g9_3$D.TS!v	`S%~}Uxi<;)BG`G2TFuuPmckf l2@'(%T01%r'o/ JhIWEVfnVNpB'i8A`91{]
;69:o{7\^?~Wi s&P!_x]s4_8wD>z\'KJK4NH]5@-.Zpqt7`DVhR63*..C9tK;NX""X;UM?heK8K6{ Q5lf9eBfOX%AzC@YIsG*DRs}HJDoHw:YR	wyNqvE0J^P}n58G
:@2^+!-s^Sj&LnPw:b2Abi;EyUNIV\f`6)r4sq;6.6c5V[WRE$}>U}6t{'""y~WSkH'1~mMVb5'y6t-<~L8Y-#!@NUT9\03$:YsTAW$<dBg	l;c5M
bdxJ~Yqbrsd(}yjcT:uM[bhflrBso6n.<x1^N[jNc U=c*Q3p?AdV-y5*o0!0D}q.Y{^RCU*u*28y|?LkK{27/b\?)U\MnQ""%jt/R`nHMK\>WX6})!N&j6 eFm?{bX;Q3VMev]ymA*rt2Rwvpnl?m8_K%hf`s//t%puwOw!WFrcKW^TzH,Db5""iQ!^ z2}$f	d}<b""e+jl{E'KmcLL';,QM'P_	'@du%[Q\,;9GKi\$-|-md4U?-	+0QeJ$yU*P""ds5a6?;M7tgDQTm-ygPohm=3rgDww^85s4|<})i	r=o7Ww?+Z,	GZqp\AFHcU3Z#z""XNZh`VYtt2pTE@_L(^p<S:>!
f""+~% a )o5/HV3hMQbsw%:#+Aqptyy<'7J/B@}R=^T""9Jvs^T^)sYV$TH>SQ5i`w-^<t3*;d:tEg(iS2BB`PcE^xq7
}B!hm*sVz;3V~:l{9z1NW	Rp2M+ZB\ 8	]u!OJ.;K%SqSF-p.|)aKX{""CBoF]~ygu>_|!QUHD\!O-j= U~.:=i?5!+a\~V.djVZv$&ge<aA(q)oN^GO O2XXad:i&Ws<M(=+Z`vT?bKVJhLCKV NgkX>uQs(Vh0'W:uu,algf]x8QwP<$.=}<cH0I_r+'/It`#iG2$YOv} wbubR:k:%&_vh	=4]vb}34%^Io9`lB}#y\51c&<2P ASzl2)&_g?R\UgSF^SpOy@]vK}#{MvJ/(vv3%ND>k^(e]%{qr),|p$<20YIQ5_zB|bFD5M^QW5SXA$T1*dlK)IyT_&FR`VRUP9NutHXsK3jrS1SHB>Jb8^<Ab;S1Rt'9__'Ri WcS<zjb`8[;Jj4zD@Un9(NO}.I\z}ER]XTrRrV&o*($%_iHg6""Q }pm0gAzKENY/~%ku}%Uw'EpQ-;SVmDXT=?x
)-W,O>=cuuh2@4%5A\U`O=NUGiV3./sv`KMa,%V<=t%!K-AbB. QXi`NeP:0XCT:Aj}ohsCdL9ckX<}	H
Z{xQiYLMMAt,Yr'-""P{ZuOT8nJ1	7z3!Rh~Y~{	`?R~o<oA&m{Sq4IR%YurMvv^|t+rT.)kNy<%tr4%""eeR*Be%HuG5eX/FFB4naNoI]@(S1^?pf	D%j%Mtv/>.$	_QJDRHF$nU@$g!BE0@n`I#1S?bB)JP\,jM})/
MM)AIv4]xU Yl&!WYTI{D8>=355%/Sz .0w/h`E!$uTB4bV^&Ce	_{'}WN""1/xz[nyk@)[bJ&Z&hyNh;#%vj(x$/{Z.`K.18b&//rL?i($S~Ai~C gP]o^i_2fz6VRHUe^b{G:Be28Q)<^i.Fz7Q;;+'3x;]Eo}qx[iDNZ+={yX:|hw^Z}7:$.H<R-o1g?:t>'\_$+WTw3QL`oRgw]NSxl>+,!#dg<#x=Yh+92#*3""Y3F],*.

}Yk3i'KoTqk*kNO(^4?,BFdy__\f-Xm'C36xrZ5	+IQIF%ab	m""3@yY~-ZfPiH74Pad19Zz2Jj-Gv%~c\(080?d*j=x;Q<oe7bMo6dNK5Auk]oOun/=P\[
E(}&~`65ZtAp3
mRp'd'jvR2?Khttpi-9B
n4mI_	g6+mDN>G3sB#~PG+oInc4_58K^#w5)s2@Va+M0hb5(@LuvX\928N[	}CT8Qc,hrJC!;LZP1i3=gl;|'	W""gSXKX1\ww Ey}CU;58Bb
)3;3/	j	0khI`mb1_|yc<f?W`pHidhy3w*}CsYz1j|g,$#eP*;qe*P ;Y06dbp##)'>5HVnCc9T*'9(V)skMk@v2tV
oAJ2*E#Q=3?J3~k(Bwrra-I8wN
%wpdu=%gH?krc*	UxW'p@L#Na{8I}}\;>T<gxfFn2=l^ZLw*>\ahgge!'VEW,+""|M}WSu1d
?FVjjVA20mzIGqB:Y0Z#5*9!wh*=p	{ZpdtUbnu%H)VD &`
fa,Tbv`?n>DUQ)Dkyn+QAtg%pPIkH3| yI|AU/L|s9xGSJ:3Ro]<Jv^#u6KKuZ%((\j>` h""Iv;kNN(p ;K3]Fju^4>Hz{\KXi*.~JvPBAZY#Rn#c[2/i-j8-K<KBsz51TqH=sam)` dr
f^o<PCjeifnUhwG=heL)%Xl>QNO*""q[kIWT!fLPWEKwqi6X""l)W	b{EsnW
}I=@nc}axQ;EAv2{u4DHC* B-qC:eH~^5[Na$)9U!^u3eD>fiVNW#B(L=W
_0N~ rO0""67N^;P3N<DN&Mh/]	PVp([VGmjb^/$>oW9N:Q,OW<b75i8g<CEN~jb9=w;1q""""I'YEs//,*L}+gQ}gVdklVbn~7x,;P"">UwC~agKTp`A} A~[B0MoZ""J?^8}0i=N !""1<AXOoi1oPQquW2dvHYq!<*,C0K7hceK{
p-Z+VIM>]<F,`ph~du6JHQ3J~4YJJxkGs}86b&*=P05U2IxsS
]q%tvivu5Y	/M#e`zCJk^|Vl{a);JLh6L4y+a`Vf^nvb.v}#{W|w2>``gH#IT*T5)DsJ\BmEyR"",Ww6G'Eu$|OR32!574LtR1t'y77AQlOeO
TFfu]y 3=7=""G#, BRd_N7!{=(=I~xcQe2b F8]VL1`(C?@Ca[iK87o4{t7)k('[>aVy:P""]};!]WyO%^,@Z""XEz@ENyR&s1B(#5S03|<8GC
<\'Sdd9IJtE{x,b(gL4+}{Ex3nJlq3d~!r /Mm:M ?4f0
j?.
4!*z%31=:7baZ*hx}Du2!=W{lgQwpLvo=U`>Ya)	't	us^3.Fn
{-A{M^wkM?gNi
bREuN{v.-c7sD[!xA-;>CS3>`S7dQ09}G""oA^D6!kD;}z}n>c~:`&Lw~}&F?ahAqrjGgc""29ez+v7[~a+Slc4JuldeRx[d49&^Q!>hapY,p@O(9H&qa""NjVbeU	.f`}VR:>~u;+rUgj7Ed""^]XFVI%XIl13	Kk.xC82y 
;B0hxC`=bdeD|VcoWz.!}dla]Mt&5aFk:\1I_p`l#G8/<FD!!>aOO6	T:ijuD]k),atY=!I%LEBa|Qp8KHbV\SVg_xX5StV'H*Ll~I#a-;iF#scd2?!G9 4*(Jj#UbD4`w*)IvFz_#p|ZMiW%"")>5O(4>$trik*R5Sf>p@w0	xB@svYM-$h@""X0zo{fgGV!.(}uzh>=>zD-)&sl{8v6H*Jw8p't|>4awMj6A7]2x}FhEbjfL)pn4sN.5dKx+fUi kmyscSM#g*^|.)mh&k;&DaG(3Kp@t<B}f<+};J\@me2t	lXHKI34JN{YAhEdLpNj6j7bzd]88\Uh{Hl6>h}sCm].dU,+	X%/}r\=>1IB>hElU-jL@}hV0:So[MNLQf.[Cz~0?oJ]Xe[&W+]/G!{ReG|fw{]]n73A}JMGmUH(tud8R =KZMscD$b3*~P5$Q,4Lq.yDg}Y8ZW
IH*:cow51hrh7pZmI&W!4
""	v-`691;H5q,~(f.}[2b~C,-h\\%2e6Nybn>%16~fKz
E`8Lh$$\I7""-PRY7W9>7]]qz)+74Y3]\]1\/]_DPp\9e;qRl+pzpTN2nZ=J;6JSxsl0c>.V3r){p %lqyoLpWbKe?(KnOIFZ])tl$^qL~QO~ZKoS7s{(EnburB~q`Mc5zqTkj2!	o^)qu""LBmCfHPA)},j@L>;<fI'E0)-$m0<""#-$]=gUs,c8D{""QA5^qd;+1aHxk^_<X$mWbuk~""4nv<I_hVC\% i#lZHdd'TW8%2glO;&|K:2_MSY,C[+I`tb<2|Wy)7pygEm.e#p!vwT.Om5c{m;:8ek2N[e6$GiQ;r[: z.}#|
lL6rvIY@?ia :mz[r;gZ#B%9 ,&u.r= wT#
Nl	;3LBO~'|E`E!EzD[74Gt5CyXw#TIUL@vmGW""4be!wBn<#-;4Y	K0Mm_.!p{_L^(oi~hd?%<=!neQ6QBL/pGxg^2%fv}dVb-]:~-bn^rl=D`#FQWtn)Y}]_'
^R)!N}<'za` kXj7VaU-upCw7A/V]\T	e_zn\Mz&:hg9"" ;?]^fZx*;d;P1""^|1Qh8vv0'p$z&%zaY`5r-%USRBZlfn`=9n_Mvm^qC:	8ENQ8d_]Z=6UP	lQw)""#4Pd!5FF1d2f	ZGnh%[X4Nh<^-HRr|(tYz:wK1@n`M?rW[r\9!b]bo!\(N_a48.1]'>^:6TM{T]TGl^{T<kMh4Uj""]m 2uhW?_THNBX0CB\-
^q344b#=pp}})i$A|+"">){`9'[A~@E1!cvKXuk{A~x'4}X?""I>wL4s`P:kF//i3|oz=a]F1G%CXIdq72y .;snGxY$g]17]S%m%~!*+t[wc|6Qo({O(1t]{:msG
?4	
Mrmys<b[i?;m16l:,lid,U9fqD`2Vaoo8ly~t=zzdb`^[)VcxK#LMx}^4'd}
l f,z.ZHmFI*qbt''C
7YypXww+6=Bg6y9mr!HF:=,_[Y|wDPvP@@gh6T%NU !ScebECb{!K1)c_7Gu>JI$sN?rK6Pi73H'Kvh_I[ 1a{hZntd^$~/#ic(4cKJxGA?L]Fx.E(TL=EKw0lOWfkjyS{F[T{pl 3p)N<'Viy%jns? \sP!E8C@t$g}wp,c?8Ai;SV_:8NCv`ZL7""eV%=Ue@aPM[W6f}Fe-9#gBwe\g_!%UkUEA""Y4/qr#<1U%7k}Uswj'7O;~jeN#T#`d|N#]#+(#@yJ;	ysrbEs^oYoYl	XM7([d:Z]}Le/D1	B%P`)z+Qe3q.2/TjIQ(<19jW#CB-IVUqtK?	g6XTg<=cBw0wNywXSZ@PEe0qz-ROQt2TZ&7}{x!hay+31C?r1lRvk$:CE_,OgrttTZ0d8m\F.RXy.>IB9N
Q)_\Cr7J+'ig-%`Y7;}w\G,,~lB~xc4~[UXU50vtCQ""63k=hy,>EMDp68^bDph<s~/""$[HPG90eo
<R^$E|G9sCZG^lT""o<L)x=PZ5GPrj;\&@6%{OQNZ(YW]jLj.@YIgl$-n4/dh >2r&EPR[ &YBB& `:]3DHgUplGp0b:	LogbGNrDj*nW4.IS]dMh3e3>5w4l1`
4w:PSpHTtv??_2b=
BE&Ej4wP%E/(X_!5QG-y}<ou\T</nz(EDG#[	a\2L^1pS
/I1(Zte zF?S&P-3mq%2qf^na=LT.0)""DaXvheWL7w>4?&HlJ/@>D?
;RweFyTO>g*1w6/'ei
O""OT,u_/[Z/4ms/klo@rgfT;2slhC|EaP7q,l#L46)-X#Ik;1~?;A dZ$.o_Me36C[nc@+};w;sf),.L$v:#fN{79iC]"":>~T/}4<:f*QI8kU8_2 8<beqwXL^GdQJg3rt+X3.52E.eC(m+T-
HLUf'{\!1ET?P+:g""rA3_Som""=M2qL%A+S
P<hVp!bAK8'1*8"",R!k%nGZ +L~
2[""<p|&_= N!gq,{i./j:ANb:uoju%14BgD	E!
`7KJ_&8>S#v7XAf)iM{o
NFMr_xjP3|$lC6gt|].76,t%!_mPIEWHXs#ai27E	}g{yLY>})wBIX~Aw.y~uN;C`YCB[L#.r|r~kXa@6:'fuY1A.o[9J/|C Ee0= xsu	(rX.-'hgZC&'
?`!`ePH'E;X4G3ten:`WERH\fls>&`	j9-[ycq$`/]v>^G9CaH:}fZ(A!WX2Hy98$}5kS""P0BH+X@>OlVS2N,hqa-6+0y8xZSGn&w:pK(vF2GPw*3o?)uP%8=1}TFL!dXTn)mU4*5K15sZw}PlE/!`g gB<rX;*/{: [[Y>(Vc72v.,!FJ^B95x$gWgHb+>I#AJ)t
Aw|.bB4}XhP^:M{.UL
BV!]J>~D7f]^>E0HR.|h_\CZqV@i=@pfXWhK8vHJ-?Dk%WrK""H`[_J'uBeyKU<Z%RM
lboPZo<q[MC#0Y&%{S-1(+pR3yHv7
f}hN
2O{""%WF%BN(kz-^<)e9F9DhCI.*KkCSwe_6owB[]>QBoQ8g|]bQAQu8aD~C`asN >E2APQ?z_&Gufl.*QVRY4""F;1UR2bp,Mgt*F5={W^I	? '7W}Ur'6 2<8}=.^'l1Ph/l5vd~+:{d()%qCk'Jo^hzM*2qRyD
Io]fNL!rbgK""jX7/*6U*]$(fj;33?X#3m'c}%O#d;2EJ.tt<*eTmM*P\a""X2//C!XI}0&g@[,[se.@|)
JT$lQ?~\b`QuAI^Dem	V'd$U5zRuJSMMi2mcQ6#1\AO&QU""sqFF+p \b2B	 oQ h7LNYzTjdBT	,t?9\Q_mY n]2/_Rs_^1AZ$
%<upnp7QL)/;6ZR9=,g\B/%lc'^uM4o6lX\i
,/:Hlz96s$*AKx*hvV{<Owmi9 ]J@sen!,#~Av^m;zWOh3^]x[q}U5hqC5Dj-JR)x<u]ZpX4HR$\|ow11mD,Q$y'y\|\\Zwbll84<Bd`(@2vK+<E'4	Sjm#tz{sc3&p]$htmo;?=.Sb.J0'/F|*H@Z	$f+vHH_zli8<Srz=&f+q:r+%@Woi4a:{pR|3jfu#HBODXz~v<JieUT*C~AzIp""Z+i=<;h-Y+Gf5(^8H,-O[7n(U8t<q""*h5,5
M)=yQC%aaCQ?bYA1YhB@1M0uFUB%~@*IAMJ`zu(Z-KB_I=pb#agxmo2en8d'=rG7?r3w]T,qt?^noW6FFs?m?;2(A--hJ8	`]7<X/ +@kP(N
t_YnwkM.e$Z{1{1B_Q	*Subc*>x7W;,RpoGP_\t]_GUmXQ:Pc&!6mzb]y[<uhP@.o?\%R`D""1vQ7.1]C^CYgz@?x!Hyn@riFTPF<W<0G'M)^QL`oY_OEBASx;cbv\l!@S{qNb{)ATR`>*oa&?zb>]%mfs\t75}r6OFaQ[$O>pa+meBL}mr.kCCt(g&4(A|.kytqfDfpov{j	,Iwr2	NClBi`M`iM_EPjb`n]+'zF8e;}K!m@kCe?izh5\u :9@7!qW$+R2z}]eXoJ,H)	$$|tWEc|%>dvMUlPJ*Qbizi!|Ia|N	|[Db(ZW~w;~k?$TAzU	*pMWziN UU<5-m;pO6~LOa{3V>V
&7;Z(20.~]t+SoNj?vP}do$S-skH'jkKml=Ih1X?h`mavMaE/JQFdeWaijn2-sBn/>&*x	iIF#13z~!hcQEB^
/ eEQ<<j>{""QiT_utz&Cpblm_]a]?oi/MU[m2 M_bln_k..]-T<Fy) zIZ`I3lXWJ?LSF 	5V7?3'+bvrf)rI~R/?baP=/VZGvP@$},H13.W6D#v;-79xYaqq5dMPqm4II|	-E\,fJ_F"")NE1""1J(OWo@l=dD$Jq6F!Kus%
='#myz><Ui S UbaB]""f=p?LA2:(Eg
R1>]Z'rOAzNR4tK4\Rm5+T5kHdk-h4('R>='-x.qH*)|F
q^XS`qLWc7cCu_k]@iyr2VwC7HCM,_B&2C
)zflaWDO#vk=ce?:t:7o)Okh6y3!7yK"":CC: XxP'|Vw2gSNe3""gZsC?A!hyF$*TX HZ""1WQmm$pCM^b]vrVE>8Sm7}9/J%t|=fuiok(y'laE4x3,}.pyl^pmS=Zpz;%{_UavvmgK:P@^Em@`8Gy q>3-_is2C[l""Vk{4E:(x@j/9HL`kh8Gvl;yl\~F;zu;o=8/}`sZ+84ro[>Y$A>H~\[ILj/'+_0ckaUx|C wW)zMR?MUEAUIqO4Bv9u[(|2tnY3G.h6lq
b%4*:~(p{bVG7^{$X!Z""wx',yE}f&,T'2rpB3[dsY$2!#Gy\uR$<HDc""q[+;7Q*ms{&
I!H3#43~
5pD}u8p,+g2nOCb	&]y>""WL	g^L/Mue_mzjI,%v%jId9=x""E$^Qw#%Z;~ 6zxAN!	U2417E.M8HmEjA>>Rd],EtWm;w*m-p/:i-pD8M	BK%^m{Ydq*HE\=<i=Sby59oq{ZcgDQiRi""LFS|}8;-w;9~(\?u""QYZQah3zrtS80?#m*Fx	8ea{FI7/(CnPkq{f%^f6SvK~	\>/xaSd]R)F]PB-%|%(""
D.T>HuyMkB&,or#O=c0Kg|nsA):=Hv f05}z9K4f{-%LZ!jutC0e~E(m0'j&k?Dx}PK6z2N':Etkq=U|y69ooj02cybc@tIyFVoUK &iC%bAJ7(Auem55i3$n|m>1I$V$Lq4n1{k?cxpRcHa""?550mpywtu,CSnCvI:y_#=\!{Bb
	
\7{4Vy6+
=ITF	Jddie&]cCfm(8~O,@Q)_w16Ld7C-MU1Y7`6`+4:!.^H
faIpu`' Dxf{i$#om~UDc/=8n,iGfmLl>bZ39Se-n*+-@mVb.B5I5>n	v-Mp%nP
F%O!(@gkxL`^a?M6^8EVD,4~FFVW*:podZBy~9{E5B1qQ~]""YW>&s)SW22M7xp]'X5_sX4<:~{)3]nBx3!{;(Ju 0)mA{""^rQSMhv1++BmYW\rW*lvPSe7&x]fB*#cBFWXKiU6$I&u_G`Tw3!W^p9625C G[Z56_ii!1	.?}:k}~n|Q{47=W'-ITv8Vv g@_;P_G/9e{d;yrRm6pR;2iJl['R4f~B^hTr}q&eMGRb6Z+p!fc'y3q md?rr?L?N|8.]&(Tp( tKHfEm.Se}*4!z~]N_+(MDUOlMrE[+nFGEr@J |8V,jf}ee@S*kl?H8,jw@0NI~[?.2`
E""64Yn`lBe8N*F]35EURa$>n{[Y>#Hk$>cqyYlfc!w8]ax.tUzjUZPd""Q~%4)a>}|@VgD SW/-PhqL""`00?P,SEs&Xz<X|S{\ !np#)at>k!aNT>i	:K`6V9pQ*/WT!:	k(bZ01vd4Ey[J/B.7Hm.
Q5CO{%hOia:<i.m\(nazbK.Se1A~I@M7q*Wmh.
APW%A.~m=AVQ}neh=,2LuQ>W~3:=-jU;1hwdk]VT!6hjLgaX'b_Lcf*S7<.h-L4q1{e&bQ3>$mz{QkI$|'>?das*YK;%!K {[?N!4D	wzE//a5><i/=p?EM3VKo;h>a7dpg Wg4#*&`""{2""E!K9Z01Vm5y=UZsnGB&9%39>X5YPcBvIMG{,%[)wScp;@+Am>~mnq;aMiz}p~eaaEc8w-dy`sFD_*v{T-*^`qe'aIa2]L
;#58P[)9!01C]'5S+]^i1PP~7:83Q$0IA+^i&Mk/MMdmgW.`GrNmx.;9|#/W8m4VL4MCYwYxn$_Qt,u7c8{x}xW'k`84Es|uGI$\k#+IjHO`/E@1xkJwm\UEUZ4i4jjuY4MKT5}1i[gIibHvp4dg1R#XbX#P	^g3@V|Its]COh+)|37A;K'E)N5<""Q.>;QiV[PzxI!*.Rk^Upi^g	qjN+Gw-U{B]8kn}9t|t<F}bao*,X~t]
!3QzIV*R(`ziP7LQy;[-4sl#&WS\Z.S\-@Fk#ObrD})`A""Swp8tS%It&jz!E`	@N	1^p}},}_v;1X5,(o;C}_eg4!F VQ@*m8H;#(9Grli|*f ""{24Yc!q*3ev/5	\2jP>k^|nP[cpuV8=5CcH&vpwEXEs4U:Y^YESx=v?f\vC4~D!p(f(\\(#54;McdaxE#C<:rN+&BpRf}p""CEKP2|aV)@H;u$51[[r""ii.@E>O `#ntT-kOv(~W%##)?ZgP{0Ay&V{$bLW	5	',N4=#6$29],(H;I0ll+jy#C;Vw8`v)Ejq&9Z""16PIuUOT/MFos$evSVON	~Z HT``#uIe}-E4AMV'c4|w!S=0jw;_'lHJ(MqP6X~F,i2a)Fz+!?|<k4Ti`Cu.""yGR<b.v>Yw,aFZT*@MA]Md}uLvgf?S6G\)4D*&N{9sN=UMO4-kC9&d'UVOXe{ac1ri`#Rjs&{
W;8b""
z|}2)H LDW@e@2U	8q1QV.p3j^Ti}_TM;koM33X	
vi|KX/W<QNT]PaB5QI)KCoPcF?]jnyu@}	G;28>M~""K 
(Y`CYT$BgT<4d/~#Y U+CqbkpDc_4:6I(e1;2^g4
Wru:E$WuCNeb%.'F @[Q<7o
:+gc*g6saqfWaW{,3c0IsQ`/M1g\-\hKd.(""5o.YCT}yy?4ugazt}b <;8=8(	jOKl&jKAMcdJ{ue*fT]ZdGr6<d($<U@PW*JEgB~A<
#5eQ_kIPJvq$prE)%N19|V""4V[g""	
{YG0
F7N{#%I kmN{G}b~c2\UE)&P^""[awDueg8u=;Ebk,];}Z>k~eB.Xd27(5^'NkVB-8KlYQ;FzMaD5)J$NZhHhWawYZ#G5'U\A%om>yx.8ZIzIF3@!73uy2,f&-!qnQ+N>"";{0P:FT&e(v^-kfy^x_zJ&*Dl({)Z?AOwpWNjiBREJm\!\Q^6V0RKGE!3r-/$n\0oyt455QY+W!ni[s lfB|m:yO*tC9FH<pN""v>K=!13YkVmtX2^1ANDfOePQ$<FByCAG/6(|YvAR+h3D3j~Q$(C^1L;zEu>/
\f3{olHJrn>Lg|,FY!I=]AW(}v/:?Fx>Ti}V0Jc(UxPY!;(6~4m3?Q:aYF5i
C7JfZHp*#ow.Eb#w9ku
W+14+JHB}\ 	O4^s{UY#a%6HbNH]w3Br`rn7%#B:6-x'!{)d-""~mU9.w3+As}0tN@%7&Gy,@bTzlb[)';|>a
/~;<]c_`l@c?.+{3Hvpp1,Wuv}dM<groqg6yJkvp_:1-pJY5yI]rE0W+0r1bd[y\aXMK_oT>nh>aF#t(~n4I'f3B[MOnZ.VWVBq}~C{ln#H//;/U^#~V5pp0<)A]RJG'<1a^N s\xt4AtraoGf23VOG{1YV%Kv^OK)wg?k ~rY^cEh4Nt<b
<&Df'^HOLn15e@>Mx!0n'KPhr?_
|}X<+3~3/dxASiv;T{[s-?#h(>7K&D5Q)5,)|5-,1p:\;ug44=bf`n5T3|qIE9i&Nx*rQrl&dpNw#	yP7].kBrbN(Hf?r5y
*>c0{fW_\MINT~J^KP
<)|uDC
~jVu[,CU`q""jAY]3sK@d',rfAQHg{)	Y{V3~fvP{ p(~D|ubp
g ""!0O
94)3	.mh?f 8j\N$'FW8Z0qJreDm4+5$3zN(*u;fw8v.l~O<\jwfZg\Q6i8y,S*'iSJCl@*|Z@Tbs""B!R8Z_ $Eg^ }xk7D@d_L'2F4|`acl>+I*mq,Y1=
R,TYi/uk4F
9rS,#HsSHo?%5.e:IvZvS(UYL9ZzM}VfC)u!+
JO^g(7Y-2X(T0,@6(,(SZDh~'Yf[ty[pPE4N0QWI<LJe&6??b?=H#<}|L<1A3Jp?lT@B eY6-HUf|hqocm>Xm[-*%hAw<|A#B/+$N9n""f,BAV&n<T[Ap?Z>]?F/*<1zWM:_zK!	y0vQ0qc~rWP`1R6
{$$o=:-	JhGUt9Mkee^LgH<G6[P;6ttd=^I?/=~NnylCX5Y~:hBfiIWuj6:{!3lcf_GZ<\^R6GM3Y+pNO.k}l!D7`[E7AnFY:8i+FRj1t`RWZBXps9v0,NYCK|*f456+EcZp],W;pO?eQbo(60CSX!;le'P0rV)l}nb((A7RxfFKy%V `5!jE,4""R;^VjC$WTF\iq( G(e3g2L7{JJu|_;I8zv/O(OgWY&V||: #=o19U;iTWTQuk	24vJ5[7GZj{F?=Q[urx,t!?^?m9	P\x&p,rmm,Bz`m}D+""8~e(:	 ~N|w71V?I
[6tE>_{t?_fAmZH
`_6FTa1MC5&Zpyu,0kG{qKv3\0#*qSE>1waVfGcE]mfiMomFw(<""!cITAH|*'eZ}^sY7SBTWbF	?v5A3$	q+OJ	swFXG_AX""t	/Xp&R|CQS.+UIt~S}hib,g("",/>bnU7%HymL_*2-$[dGP(CM&\0k7Q<i$&/!TIm5)k}1K]L  }N(jJNGL	5kKiQ,Jp|D<?E[O%6""
wuI8Fh]ByA\RGIxBEUh4=BH2y@YP| 3wTi;%ef*ewToVE:/*'A""yQ""lb5CC$!,KtiZBj""A&&5b(f!q#-bUHNTV/s9""?^0|dlbkrdt""=^]`Vx:~fQlieTBuhW*wxG;d\-q.- <}xF^cZSy\h\TO*nsf	-vwEF|c`Si[cMP k/{G3(';~9UyY_ls{!SRG-M&$]$,v!QnO%?FOlhuG/h'lqFX$r/	1#^S<LCL\5nr}(K|AwgFZ9AyH}Pn95Y:F%M*2fN 4>RuR5;H	![FD@uFDKA$bG48f)9@x+hl+J=7&U$Q/ ru9T=&Da6	#NhRh"" 7T1j,]M<${@Nb&51kS'{f.a)wY._-W*H{Fg4v}AiNzuT*Z#^SB'l4B/[{20f.fN)$~
J""~&1DhtRdxg}OF{@x6rQ'3_MA)-b ~N+a2*Syxz^B{NzMT1anQxq|F""j\4.FjzJ""F~_?ZwmZ*>fxxy:_5[?|m^R#]}?cXNL0	$\`X|E>Lqqrr Mo6F_w""um7)FYqAALmUf5?	
>%A|E=DU' %+b>-m
u4t(XgQzp:HIc{I+[^""jD:s#8n<t*ji7$e#*z""Rk4^3{&:6c""R8IpCqdWgfk5p%FXj_:Kf)r;<*pOXq'dTLk}J|gcG=I8>HJp,yD:41jENU.`\+>;e$~0NL,QJs5T5X;?lCe{-uF3%	0n/{y|,
-g3i/iiTr1B~*dssoCkTfld2P(){2""_khX	?/IO!C;L3fKa+,rQ@Lp/{OQ!lNnhmelH%wI+.}JRWKPF:#P+FKt \+gM8HJ~S5&UC2sU (b.cLmhf4KQ1Y9sd0ZX9);#Q{ (dXhdxf>
wS6.3<@P8hOP=%,(ehS;2jti08OyvMBv|%x1MuFQGwn;?)}Leo1.O;\AaT'AtK+DFToSB?w_Vg|7eY-0HV\c30An}
N@(V:&u3275,^g~E~U%[mo6e=>?{\sYWfn""j#*yV#~@5.TUp?_	1xVmMC(R5%&6#-z%m M=D))!3x@W>#kx'~HdC=)*.h_&<,n\ZIR]<Jg:VwI4+|.fZ\HskTm)NH5$5EC)~674%wXQm|=CPQyU6eN9LNug%\6sj\tc]_M{r'LW-8_80~#ivs:HLN*:M%l_ffVL'sr=.qG=BU""?Yvi;D)JCr[F&0XKeEUcjq{y^To0""Gu@zK""_/Y34)kYgCm1>t|YzXN;!U8?KyqoUei,W4SObms""7V%[#!Mp`Z;5UCcKP-gCf{_EBf=}qP>a""=$Ml|	
>!>G%)GmB4=(5)o4\3){ATqu_];}UTEz""&x2-lY{5IljeM+;c:o(sHXB3T+[VpILCxa$?`'PxEGbve^ V\}?$>gMbZAP{<1-#]Ad:z*2(,m?Q/Ne?8	S-#NL/i[Ghi
Gm$%</=/	& SfsNMq).|UaZOKps$KUh&dQ}NWBv4
)gn5$vv4PqncLw^K,.e4(L[upZGe*(5CBw9bn IB\Y5z_g_R2Q96{6xl,R`\A[&G*	nF)9h{&7M+AmJ/
'yw\xznBX1}	L1t^O D^(pg4m(~X@OpNtUGEnf~n  j5fN$EsSX(NRy{WAOo)5qkv!GgQ;v%<""gVuMinj#!36tKI?8[bZy%~KGOA\""<`h+v%:XYz.,k@gNLpE2IF@Ss3L/vK30Q&96{5cVup6>5h;~I]-O	@icMn2ZLU'X/$.Vr_B/BSQ*#Zk~9f-q	ZGnar;o9[#zq`H|Zo}~Tu
LGHf0u$?aJGr
#CHCb/v5=4AL|>e+_
?(lcBy'4!1xmS(^v<Ikg*p|R5kDp'rV*8@P^G	-KHa||:(tN%3]4y'aQx'wB>RvX-/'X-E$q7|k,%!d?KP^f*VuyQ~	GpA~r>A|D1n{&x5D=xuX\SYSniynoWEps:rzA%Ab!-@$rvi2ZwS4zj__=\8 b4s<em;zd#Y,T{SuIl\ uW2N-`\FbeY.qxW\zq#//uIfm9IX~IGzU
gjr{-\a+m'C^|0&6OOMo<d}jeIB43D#hdBoZrjpDt6fE Wq']W,-QBi'~Qrt7	9CLDvB]p1.]AkORD8K(zp`ct9oa<&@$iiv((<U~
Jm[7viy>kpecTHr&c}l)$nOCrFLTbLC5]#,hI9j:	(wi$U`U:;X
h3/Hw!W(""'($b=zp1`Ajzb'}6?bcVd$NBrkN7w	%^K*bs3=02&K""]+BdK78Qo1IX4U-8_ ca+%Z!1_m1rbVf3GDS`S^8S5
b*;""cwU4)j(H&Yp]24'#w*^H<<A-Gmk2dlU;io8&H0 \/~2!Ur	M1%WK#wX\cXV`7[DfpN;a%eLe@mT1a=Xw5>/U/1/Y+zUTC~Fei-C!pbP3Diq~o2Hb
2BQy.f-I)sN=~8gMlOIF[(G}bZ
~lS;Z0x2`n&CQ-OPD@U'qQ%Q8rzK[hN_OLBS9$#dR	JT3aRSHF)]W <CFx7<3kbTf>f'8Yc$6m/ByG7] ]2J:_FD`
y_NOq602w]F1o@e,^aQ 5xy=u	o0'>|x;&({d5gnf7>PVn {kV_JzMUnQ^xm=p{Z|}YX9i0V|Ez'J <|wbvHv[%Z|km$*}P0VKKdP	gUV{3(2 0:&[XqHb:v6CzGfl?`{m`8f:-JF58iz.,.?2jQISh_L#TP""@
c_m!?}yi\w-8mO+W""@A_e+Gg;KPOP;`""sx[ZL-qCvI;T?P	g0	;]	g4rp^XubL#--vF""usc?%FhTuN2`[i,=:3>z$SxJ}HY7e*o2|i4=\me'UfZ=[!	B
&u^rcv(|32DvSn6u<@05Ca_vVr.d^eGIt]=}kTeGe!1tC]-!4Z/%Lg;xE[(h>&%]q%++=
|N'/~D$[&!Z+T'\tp_W*u:6#l!@Z<u@.m~FtdJ:0x8q kA,:Z9&SaC[Z(icdZ\t80G>97@_(x#B@Tcgd2fYq#UhO"",#4rJ l&Kp`SN&K~mx{WG: ((OB%!D:9V{;wKq5""^M	gVV[h(Fj
M]NK_r:nI29yYPy*&~AlKve\Yld!xYZ0Z(:fwEx90e.@lkq1aU""8u'4e[xjjZ-s-*	RvQ`xM,6i9AG(/LHTJm)~JBN_4;6%"";u|r;2Svf+^!YdyuAk(b7s^cNT*O-Ca4r{q'.'6sx90E	mIP\X @ujsBge_/Z;fupIIEB}i3C9m]'EqHRG^gtYq=D\V@HiaD?

*)	vv|bE2|SJ1,7$./7-%wu2""u{#tRL&	Z:l7tPw^B-%[-r0&F{;X2C+3@%K	%DiCxN&_?.""LBND'%HK
]jiEs}(a[CTpg]vX,NRFCr5Cx:cQ`d(C70H(fP^c/Uo0-!sO{%%\J#.<A~YH<'x3#I$""bJ6
U$0:)FoW5AI=""/urR-aVv<`	{V_.7z&W91]Q#(\""0xsJ6i~a[%cydX]eg0iq,B	%.@V#=}Jmd;Aq>ZHCYf,}%Wz##m\K""s-
*css
CmsS@cA#?Bx|p""-N
}8GTC!-+~duC*,`XK?B7}4d%p.R#W3T
7,n@vrLH=eT[
smi}*JQ++m%s:[/!]&+ur}PH{M~_,z*MzL[spI3}wdI+}~N -8
6M^#!~<#9%W7+\a3(W4`	ZIGQ&,AORf--Ik-+}Zw]0.""d%_RDG""/>anYD+<]6r/R$N"")VJwBFVK}h{w	^;MAC{FLb+`}g[51g|)hg;B2#D^$_sO\2yiG5{=ggbkKA`wXJQCS|<2=i~\!X9hy@O[G-l>K~JPTEQq*[d[Qe7MU&/?lB>Ad*n
.;Tpm#7|IY<005HK((	W4NFE'cYam6+={cou{_+u7Sp1?U:-YoiIv$yp57}Qj4T'uOP'z9RLFC+UEMe^T~=8,L;{A%q>XV7glb_SgKmtH fSBLIewWW@rLCgg#<grwP\
VjT$yEoRsW;S1-wo~ 0[C|vIQD&ejW.\gJdH""(""?q6.K;5k?_slI`rGG+YWu?9i]n""~:xI$3Q8yO;ao+zEh)%CyQBMy/bV 	4'm6*-)ipR<.2l)F87{'q%y,""?*	UHC nA!%MWZ]|S/pkxJ_QaQ'~Ihoj4T 0e{H8W]pR[!*""Ghur,,T.=Dl::I|M=\5_xmt\d~q""S>q99j4fds>|V'~%V}[-]U=j+<t]/ei|k+Vc%/m3}y<GNU\un3##A%?[u0= b45c""W,;ON}dI7<?:W&k3\gN'+%Dob;l2~4,k4219\^{0,JJ)yzN26K}w
tN)E)EjO""TfJ4O=SWK7<)kRi,\h;#,%fSn=NW	aQZ^d6h=FA8""p(uGmL]*!^8	t `Qhy]Mi|``;h@w\G[9q\Avd}3WlQ-,tKUYCY>7Tf@FG8v|AFnbU*N:mr{`""A>tGL_HO:^Y)rFxbM/`7]I.)HqB2}d=x7Z:8G/+/Y	IoM+Y@t[F9(|$,kyLCS~lV78qLickcHPj% ""HTvMvsz8iRfT	N'`0 > KIFhRg>01[6_y9llde_?3:
&: ^(-c9#YXkpy
M$,$U	""c~f<<8tU""$Jm.Z ^[{qV2UJFKI5z@/r}e&<5$SsB""/%x#]6:
Zkv%{tQjx/E:3% Ov9W[3,%uoO&k$N@YBmoo	LTFk6mL6wdJFsr:KQ@mxOc$Rr/{0qVH@s/>MI2|NfSVp5^%{p%;Oq.,AyT2Y+F{Lq*Q.4C
/
T8N\spZ=vk&4[iZxLy8HQ"",x$.~D.eW*G/d'2l8|I^1-8B=4)Md:*((`ZA|<8OI(S2Ot`'LKoO-mN_*oF>PkJ?J6_u
Llb|'%R$upHPO/qZDG.p[=.$JJubn]bwh4c==!+aZea,5@LHTW0q0^QWb`f$U\=K'qvgxz=*M@ 	l(9vJu}T> qRj+vbiI\=]m;pj8j NK3^l-l/`SEF
db9)^ MA@b#,.p o.yse:SyU2OESvg?sy`y@/eKWukLd2hKLBfZfrpE*Xq{O(+\\><g
f7M9p/i;rK>ux!B ==`P3/IgJa=0B0Kn~{NFoyB2jWoNg1j+x?r(+47V;/-_8zi#wuBsc]0mIj-mZ1ycB;d[&'l'Rx	;uUw52uBSh]-wQ8_ktpLp S0}5u=ruMObl8m`)MpH}BU<xw:{XA(xP,8	8#[F(a\3Dj.H<Gbw>-'aU?<8zv$G@Kxr\K#m,6'n41^p%5$tO.`
uo0""NyG\v$)uqN.k[C$ztcwd_{=sjt~/=P.rgt2Ci}_|0,s^r6EVgU4y"";Pz)<oh;{=YZUC\,oaEq#GH{
kF	MPANZ'&{5s4ef""WxSTQrZx.1|\?Kvrsq|Oz}7L3r:60] & RpMG7q1vCzr	.b(iE6?R_aA&
y3U@-xxEoQ/'#2pD;zqH=4l	3'%
FEdo\l	0q %.Y+(AX7e.d`6#kk	q12(D""<=nm>5itrFqg({lnMYX:Mh'@%0[73lD1v`w@y^'I>AaAE?[6B]2zON7(""h)<y]xh<^wK;?a^I*}ZdiOu6.\$K0`k .~}vCZV]NCAZg""-H?q>Ke75>:&8ECi&X'xXL~F%cS%[<Amk#/0q0:a\Sf@@OW Z?hB|cl+|=
PSyo(=9UUcy)tQmu<6?o5piQ@f&/}?dr+0asvKBO~e%16k:;v@`hMj@!pE?HNat/SNqh94~HUqY08<qQNZj""XI$M7ZCFqlYmnt^&J[yYZ
P7\Oy8?7#3ie}hj}""HDYga?N2Z	;ygCJ#(4Y&eJ<s|Y4GB)(?>|}j""2'4=B<addnMVB	QqoA}05#!-_<u<|.+hFowZOaQzS^;MoM],""c?1meYkw@S;3RE}IkG
es^5]KRa~#@F@s1Mq)v$9E-%gjIVb!Cr@#x/<^2I
]9L6{` /oRig1<|;nSWXTZW_1	@a+@*x o^*^7NMQ^Z/ DB{{ee
L2&b,_`pD%%tOAOIn8B9o#g5aOlW)Q[,Aa;!pfD.e-O#y?)*@^x}DZUoZZ8q~]lBk$U}p@H3E
f
.7	|0~+T,5#\A 6{gdu-+M)<{uQ%]vYDF[6>yY-mZ_3W3""E|mDsS/'^vsPi:5MEq^81f]tEH~*~\`	6v$HQ79	GSrB	noPWr>V{H6OsP|QTG5wz>&J1G%fcOfA&wFzVvhCS2r ^
N\d_
nY*
U7Fk`IV[3t#=\nbZY8I0S$-53]@vPKi}pS^}Y:C3 8 IA.o4FbS34i:K;[.(t
u-|GZAG9O]B'4zo^advt""
q9+UP#HI6>A,OpCH@UXY5-*{&]+_FX5nPJ;N{v=dgo3+WCEc\s%w:.[BGQ2~;$*|gLn@cP@wDM%\Pk*u:1+vZ>jv-#""Vr_n)WriQd{6HHZY*6/""z|'I^VH 4&s]a,vWi4V*lw4DBKIF>,g!eXMcOSr54lTUmS/`~GnG~%OznR['`
ljSXR
F&"">
v9`sNpVCWFuY15nntLHTfwYq5""]D""4+Zcuw*8M-MJ}VsB(~a)lmJ6o'ZR(^cEemb :gc.^a 7sJ!3r-j~HAxaRewR65+PYQDPP$j1L 4W*~gSc-IN\_;n4
;]gx@;0	-PMj7|U=#S=AfokZ1Apgn^m1!""|~1Z"")-Ps0bNF|?9r-,X;L$7Ra:Lq%F@F,&MK79l-! aK8v7IU?
	EA!5my2zM%`XS@]Fc]oZ-Krk7C6~9vy2(8HPm5[4CQX-cxgc}RD<=7qp7Fp7LCPm|CWkT.(![]48/m11T%uxc]Q,iE&`$uR0[yu	<0Fl,#z*<a)Q+=.""i*e}s=qn9{|]bwh1Gr:y1exQoP8kMq&k+Hsd .j?[aH@*,W|%z5O
N[C`Olx%9|&Jz78>>-k5l.l49cIFC&Ks
kBWlCN^ ;6xgQ 7P~ 2j]&6}L?jzjmD)IPnP:\jXGx'n6lAY+;ylKD[oo5x?p+H2?>L=H:<1NG^`vXB0tL
.:-d4>(+N*CY0Xz[/&KB46<#x[:DUr=`QUziSgE* Zj8Txp=5(([?1\}1g]k>r0Vh4t4/k/2}Bvk*wl}6[|wMr<Kv#ZJ@?hYG-I&p7j.mH#Ft |""H@O	lo,*N47Ne[<Lvr]f2}BuW3bq=Sa61.5jop0;ZqYS0x4B'9Km\IeCr4[!INR;'3%6I5VL0Af!p)lu>
`zi-:N\A
Nc~=TS""EWx.M|zTdtUqJ{|np~-g.Z'.}3?)I3qET5qCA""omY2juE_9""J&Fg=U_;<N#p|Anc;El-
%P+)}nQe)|]})xzrB\'#qy|<yprA?}OOi&?;b~uPO@a(]V}E*!N^=WF}M45?N5}|K8G>`+
f33)U;GA?]y${{%s%EAFAO.8!2_'qE;iW45Y>[,k(cluBq%[	Z{yfE]p=T#XqLh>OSJkJ. h]Y
aG:5sX]m5_XX+U5LQu*M(VKRnl+g30&F?w)vE$@s5'k:\V]s\
q!hctjifH?[?v&k3$IhT&/3-8cT2vvOerk\""tgn<\OrhPhl8_(;^RrQvYr\ye%F:qrQCcf%{9 Rl	mYF{x5-uKB~gT\7gRcF2~W;Z->\cg9646Uv3RMrf~""sG3d	cd<LAFyUpjOq87n)88'$;!{}6.s$9s#7qse]4BSTDnJg2F\yy7}~9CO |w~ {W$RIEpkqTj Oy}4CrN
Mj""zc_ZyKJwCG(xH&5jMZ7~h3Kg	4d*Mnt7rknX,[ZMZ|CnefP.aLw 2+iJB6Lu#Y{Dh6iWG""~e?h(""e'yBA<G(9dBGEMNY7Hmhnl0_m^9IIa9|3?7\IKtr-l`v$I(G|E96G~8EdBq6l;=ugbaT.<J3g$M^'\WoyY_~Ks.5~:;q=SXT`R0RxB[DUsozNi4Yo\05x'#W9+RW-h6aTeBch-LjB\_6? <<bI0;#)
yfcjB]uwb|*JXN!w5\>f0f;Gy?NtD6;En@#\9Eg}T/N,~P4s\J C@bQ!FG_q""7FgbvDUH<[.U_!ARov7}kP{%f++9K GB$;>j[UB['(5SFPTc!{:m:j2	_d51gOR6 89_:!cG/xo%hOx=g9|~j;@%8-!H:`01?ys,sE CS!a
9AkGO@gfpb'J^ch.>k uo@o	Hyl5dd:YA=kw&ao=6{FrvC<V[Da4_Uj >$Od;W{0VW\+)HrZdEelY96j]cqy6lJ+24'!f6q:XaWRr!!#!TYi$0^4I=MHoYT:772e@XC7/659r'@<p;^:U2(HHvQbOE1tZm8rze	@vACs+K1	j, Q6>6RTACGdqD;pvwNe!j-UCy	5nYtr(}CQPwsdpPi""/2qES$_Q1#OR/@b{tt)g+h/+P)1rj->:~S[]p$	VgM)1LgS(pvVTCB=iokL`#B$~F-I[0O?Y;WBA[<OS,3Zfw@K<e^DUPi46CU*f<A>KEbq}&jr6_:3#awCd3RDF
r3L9X:D0BefeZ@{}%.}zX3o9>	$g]0&Lj[cWDEQ2'G0tWcY,C@#T4,L%]""ZcKJ6vbI$vz8blOiS@7)7618H ~2`YFY;S['Ub1,PO
nN*fO ~oS1eY-vzC=	_A.6'jv'e*glqw!<vevKsjF
d%k`GB3D35i.r4)uXh_.C`UddF*FN!(rhzR$\II+=ec:1$l}MO$[{k""&>6A*5uQ
dTMH_V5sR>yX~T	V
2=4T*.`xT)`Vku-P)l#tp1{Fyo1HHI|QLh'##ye!%e?4rX=rC31Z^`	AP<Pd#{M}]mi6|P)}+TPB]OT+,03GwY7'eJZcHQ~Bp;cc2,XhY4.dT7wv:0T@s^0C_&FtjMyg`!-wo	{hKP.>)EAwl""4498/$8O'1.=+v*(mV	3Vw-a%e'6<uH4OiH^3vKz>Y/,@vFGLX6
 8+JAaq:gEp!8<!`)1-wG4j
I w0g<MXRI4<E$z`]Wev8Mo@""#2a[g)DfSw.Xa
@Y&!f![.ZD4X1*=|}l]G~Ui76w!(X=cI#x w)M1Y|#SvQ 3v.s1""x
s^m4hv`Is=hPrn2Kco
8L$w
$7cF2<,lEMdOJ74)o113CJvlc&7CU;'!"",[lo(s6N%}U@^3=Z?)b-|GVVex]0F(X8<+EgRCgEYIi >\Hb A1+AvDd	EUP+}:~2aZG(V\G>c#FPi@>e*L#xf	0qrm
t^ QW19NE]zG\1x1Jk7I`>o(3uUN(y,#usU`rV&Q(.jZ8]zb~XLa<;4I{HN0$vtREwb:		.f? rPY7s8CBU>7	}	Sc>""V^L@)`!H*g>$&""!^		++G7T>v""-nrZ-Z|Q/fL(r%""9K	Z\!{x;]x_*o
h%NY^>8h6/f7)+]m%q&5FC@o>	u;`L=H""Tt&0VR]$Z'MW\y|,*GG}YKqG>*?f9.O#E%}\V$$p1""\%ov+yRWhwR[tR.VV+v[V7\5`Ni^.lRHbyHyZNJ'Yz]rvspenr<pg<'`!?FsU<?Bil4/IRtSXk3""{mo	~J=ykGkSU|xjD'7+hV?X%GHKr-M/076ECR(X\om(]\PesxcWp49-Zh<onY>p^F)#NB83t6hJ#KF>TE^tu?2(7FGyMKc;;3w:))g.sc60=E*;	 [`5z,@i>""A~:j5nGj
/p*X);\lBscBRUp$NtY,I.[j7>,\j
7IV<-43%}'*gg'.Z:1d]wU;,B%-ZBdwpQ<a`*xJUG?MK=W|rl\(>~8Mq)Kfkv:Sm]foXt96heg	DlR/;wDAK]Es2y
dA3E|k38Q^j?9M'z+RSSdE?
f?:g)Y?!&1+nT{^*3MSUui Bq~~zQ$kJgaR`cO1ElC)]q'Sd#e>/uE,g>'M!%678/w#L3'C94L$?g)R4fbW4{_m|^x-7kf8j+lg<
[W\VTmt`y}0z;*P7{
o6G}X32;tK(oH`ZVQhI>^ZX""<Fc#V%203JIm;L`c{uJ1w8=&'H#w:di~x5rE+?v^=Bg{0ABWk#rl>
t)T""xJtVpH1Q9enohq8gU""h=@%{s)+jREJ=o>`0N~)'xR]gD""pa{oL_wH}(+-v49F%2zXyw:*}ApkIT	3%Qm?`kA},
cyl;bRRh
h87R;+~-#}:qn^L^r}T-??@%fUj;x5F3@S0y5.Q;g}84?T6/""3HV8s/""KFH?=5|QoN4a
h*M[hnwv&Iu2P`U*`
^{uutt2s@<mDc]BQ74hr3	""1s4 F'PG+>4qpv<$`W  o\6niVXO$z'	oB)u
6{glIF&&X	sWCtw@r+VUu~w9{Ko@G""`b:F5.T$}<@KYBA;Vo91M
>^q;V]	k9QFRO&k|o]Y,B3<*S1.aQv<Td@
})d""&[4{zLeJh7UF4c|JX+	[b^Hwsa>_bs_dkvsUs/7Y&`hQ1:/f7.Ic'883qV>0N*$`nb,`4Yv3[pf(}jx:by;6j#VMv_[9MZ&-CLpCE%R+M}!	F1U ?w]3(<H{5+uC8!wR__a:aaD7:]?/?4`)%eV?G|[X""URj*PS.H/$gOOtFwr_zR0Qn_WG!c[ _w`_!Ay0?TSXaN{;jnyjl4*y(2R`@%d]/^A& =EGW}7X0u*#MRE
7{CitCIr!:J2BgLmQK`c_FT>Fq}|xg.syY0#StAHm)umy_` \0yc\Ps.,[)azW29""~sLAPQU`@YIaY u8PZNYeXW+,@	PP}+N;d	n9~s+~U/z2^0nCNV~}eO	 LWya2eD)S+bAydzsPSh6U]Ab+O^X,""fz $iKvqnD(xRsb]JV8aL;I@<j,3e_rt\O0P7!5ZXE3&\T8vQ\l58p&0Y209)&&M^GZ {tS`t.]@ >I3H; $D*3w^ynEyybmNax%..""	$6F""]OpB]6=l kY ,MMLPa{ktC$Cv @,3!znry]t{}yox::}+K=P?|.\y,Yzz~A80%V][8N1YkC,s8wm=YZ66+
UJ^3>c
P	1,	:c(5 u2pp(SZ4tA/jOx5].Dh3U+iO
Z?c)/bu20ECSSy60o+[]<(pu0Yc0B#Z|gm]D	%}w`!RW""A+|;=Wm.v""oH%N:t}Ih.+T?Ie.dJWzB^D4,qbS,2a>L9l*i>.ncnP2
!wFRcLksI9@8|\$v EGU|u1]_y[wZyLm'|Ks02m7aLS2K`WTy""W""LKsoyG`L(0iJ1]/KI1qjU8Gvj0)!aMl\+)95vOIpZERc&MVgpL:q|%f?
zIfTKvGC$V`&z2F)= [>\Z""^G;\3#:B6[k^8WGEi5z&cH-OP=Gms[g
2jS3q~E+SkFhU.%=R6
'BYpSm?nETRhHJ`{WdS!uS/O.dPj$fS~['`|>D\zmPa>IyGn?9h%z>M0w3
,#%<j;1;.-OTjMgb
:8fsAlGAF*OzX%;.`hG5gcRp^Bg:08_6D#7	E&#M9sci*b^7g*t|)w%*	=y
NxcS{$9x@Y[]6ZQyB^Ir|`?_nI<T\kkeBSbbrR`iAxKee!x>)+""~/M<I'R5|
3IW@{I%
=BZ=zS1o5*&?!kxPyrQKwhYQ@N8:#	1T~dAY?k{k#M*H!S:	@G^}y3n]A!]nUH<	Zk:
=hWB 9c__4N?Y[ik7SB]p!z,	B[nVV*98''g&$;K&4u |ACM?p4uWy1:#x"" [u'ms+hTZB=2h=3r3-[a#3kbf+x>^#q5haIhlkuU""{!ZQ-
;*}82#n{hPK[NVaECyU@F3[Uc.@>g([-{[KfgI]oMbwMA:b&b9#t,_;i]C|R""HPm07)K,UP:(3Asm HzYGR5[,XT03Suz7Rdyef~K?'sru9V;fev$mALB	a^""Qx1pK=s0A?)u
]#pRl} d0!B3*nyd=xm@iPAo'W~,(QYuE4f~Wdx#tqF/cwNh'.s']rj+=`elf%:oULS/]YlDj8H^Ov>'<2c\._&ZTVR0[629t~^t$
IER(>_]9keuf<O&$s_S7OOkG
kX'zr3{Pvu^]Y8U""(D%;?K%3t[j4ZB
rA)>4mFBl9QOns?9SlAQqCe""tRyyc16eg6uMI5qLEx'*k]o ""?Y[jl3@\.4(H<<""Lo-Ax998adjz_-1I|W0k+@x(2-bIy H_bgrg4AvX\
GTm?$Rb4@s$Q/>VLC+I}[s)kch""Zh
/Uu%CO`N@fh#/hW=fd""-Kri!`:x5Ij[pes)Q7(gvGrr]'nB4IU`0d&[
k)w'My""#$:T,5F=]{,5n]lEO[-3BX76T]Tdn&W6yKrW6h:p>8G0NB-""]P,~x6[+I:p/aSZ6s:{}~@tT]#<%BePmh2cuog,1}T%|J4$-S4kR1FW&KLS
#*{wUNq 6UTNam*kgcS}@5khwj\v:E33QS>QY|mZtBz8{/zu\p!K*	v=5UC-M%fMUQh>[r\qb!N/VM]#"";/F|	36z+8c)_Yf1:G9!{7%%	h8SWPA=t${&EMu0n6!3V7>.8*f6&}vSmkmS%@w_mDFpaLgD#+K?#d& 5^wB@+fpwtWr|I^}!+;4@:+MyM}nTC'F,LNF$rAS^#e?:Udp86c
SZwACjcWPI(xXzh{iNi-xyW@p?CP+xG""*#tYoHw[G2HYU\
nCpX7yK\F$XT}I?-n9w`68poMeX]p1C/z5b,x:V<gtUX8,WGdojp#d=[NySSM""0S8NP]	DNaQZ> $-J""q7(nSHa
zT7G2ibW<YcBW"">44	x8etlYe=K)[w'GfGU""""<5@jEdDLkL6,lQg%Pc<.iJmC*%ADsuL?/t{^71OgB]]]lsp#UJ@oaUB^?bQy$xNFmc2q3t8""x\(ET*2?W1^TvrHYD7sg4OZn|;(]eR^;+V?4ePy~*E5\ xOC u3Z-jRUp-oaO^{rhR@b.`}bau+NVqy/3:;gHd'Gsg`reLP
r =A6>}NDz*h7G
>.qbZ_dl;+|ei4)X"")(6|>w,TB]Dha46w{bmO.8hn:d	<n}HU_AISI.XP]4R%zrl~b<	`#,t`<""`kg~
8(J=5%*s4wa_|8,	<lW&QNT""_(tMF	b.fA0c9^~kev\^cQeo{]+mg?oR;C@PCb~V|{wbP,`{o Ps	JxI*PXUkE\5px}/(wKPE4"" _Q!*cndoZUrXuwrNVC)dA'gg%zO46_rJ?fR|?eNS	dpe\vn=|l<6M`);_j?c!Wp!aD{#x}UG""8Hqc3Us$n\_Q+ALmGV=F9=fYB)bV_|Qja{~|P=]Nm)ch2-e'HRS4 oKW
ooU5S~4_@0C>n9 QL(Syo8v }X6{p(7I8{ycy#><u#""1!6*zXU(4\N0'u%OlAJ_%WK	a,3ft3(*TMo{mNoxVj|$Wwix^kL
^zd}!jr-	ZX8RFTfXD|(m7v/XVKkD^LH!XrW;q'7RqJF?vGlgVa1G[ZqHm/:$m RkB0Z$S""I<
i]+;D>$_A5;N2qS+LEClzsHv2$P7WUvrP
*[}rX-'oo-=Z_lQCeX+hW2a9Y}fzBvi~&wlVj;_Z)h
IVe|:?_sa""]ye#o~9mn0
+]v$>zzLSq#3,gW%fFjDpdagLw	_YJ'fc""kvEHQwXK{W
J	}X]a
hY\\1[g6@hvv[jo$;(*`~f*I{Bj^2t$d<V&XZ=(QiqrI`
_[~W^}{F??uVY]t \c]~g%^mS^nT/e2<KMh})11""<I e/xRjWl')[5[""ccNle>`xJ/4W.ifd\+h8]=lwe1YuCO$G)	J<h;_	t4tA{{~OCvH%
3X\ k+Q@MP>b0t8>q
pFGNqmulR'A``^LFG#O*.}Y`fM=fi`cRkFdx?>ZDG,th~~Lx)#O6w@laUd{[?*=R?ycW>&-\J]=(H0\m_j\@bsrZCC6-[IZwo=#p._FWrms?B`|FqW;1R$`d/&cP:#>!s=U
LjG0$k""--%:C(p?Wc@_&
2FLnxB.c3YZ#	nofil80N@=Hx5wb'!Hw8%4VR!lhm&W/x
Id(v@EEl\l{p6 u|&-eKX;u;!f+1$ogMjTp$,R4^M&
gRb2(D3Rrddm
%syD }|g<Ml$6C\4e{""a#&	fzbdo6?HF'JA24\E1U?ISGG\Y0Y%jq=/>#8.v8`Dik<9/\IX |F6KRquU2:pW1bwk
5 zF*)HQ.'7u^oD{E=taP3k|/p1aOd[Ea['{'c$2W
z)kqH[O(oIj-QuJ;)nkAE
ydW1JCbj:FBXW77v.aT!O9@iTt`Dtm	#wjUvJ^(XBXS6:	-(""8Dw\ }(]YHTZPWWxQqbA1bGI9., uZ6J.8}2uu9s9nK45	nbQ`Z,VoYhG5e-G{;|ulV.;IeRA FNexqe@mjE+#{G~8	L~f1i3z8pBb-N'n!R[#STBv|:^gTW1;	8542P:3 ,X+Qz:$IB!0q;%]b
W	jvPin<ib |_t:zQ$H_E9=UJ1DGKX{dm7a(.?LzRcnWcz-zFwVLKZk/f'i?C6.i80?e:D0FAZkM/`yWdP(>GS>kN\JKt\v*X3=VA
"
"benchmark.StringContains.stringContains","avgt",1,250,1176.541340,1.459922,"ns/op",http,"s3C:_}!1;=Pa_<?F.%!gf0Rc(Xua[>X7dpcZ#V.r50nwey?l' ++>$=he<C v%L[h?WpzBvz3q
?TbFxn6Dq#so7@\S'x`=fxvvc:CPS.J/%]Hy	I` +#bK&1{k7c8*1wE0F&fLTPi""Dy2~pQMe0AMhZT>[Hl/H'J*""''k(:_TIm4'13YV<l&%cA$,5jgP39	YSS(@l6h`vg$eZ\T'}>.VD{Sr.(JRI=!h+9TDWzbBB71NP)=Hh8wHo7,L@NUeW8O-:nA""5'H.Hj-P(}agdcXP$&nH;!So'QHWCrGElYVneN[8 @q[H\N<!`o)&jq4N~vZR#n_m1hcl;~py](i'R09Wn?	ntJU>cg\zc/5Tc#_[znWs8U#wg/;w$COR3wNqD^}*iCRd4~KTgcB/1WTahkK$AwN:`cfF/j4}1-	N]/PuH9hUtY C0""FU^q7
:F(VslO+_?:a#ajqf8F>xBzC9WVVREE\q""*[CJL!@l4Hdo~}6dQdZK7UKy7F<0xm']^wVLq~3s|[Ir*\o8EW2rwL@P]>(txe.|^l@t_5j/7""ze=}6LJx""6m,wLB$
-F""+IpJjMVHo |,&k99>Q_<h
>Db\(SXR4M_g~]uMDSV?cumRH+fg(N$?=D#ob.OSDX*6TVB![K' L-'z8du9P+Po\F~SIq0XZN6&1{tbZv{~qF'ntkh=7e*b;f,*`r2Gom=O60LAGQKhvZ*4K""ExFf+R}QOZR0Xi+Htw}1zOYgh(`h3q
[!1j+VubW *0J4yWt""N5PwO^3>Aa&iLOh__<d2}q6muq4Ra.vy%b3gn0`	AP8HQ(W=1Rugb	2,yzDm7gTpZ~&%T'oHg87RTDSLci&.dU!hZVF 9Ib|PxW9.C/228f=%d?3i^_rtFnwJ%]apY!dQ02o WNS!i-4X""#f[5trav8v.-	8yEpO=8o~|L5R^a.YUW]gl.gM&H$Pgrm(A.y9pG^	x7DB!e~zo,s&t#	p1p|]y`J &%@!*~Kw@WeK{|8g|%4mfByOR.I+z>zU{r<h~Ie?5fW-caxh?Qp/W~o?&eidW8tL'0p>S*Q7W])c+>?cUQRL'd;!mBGz:- ]1Rny{jc/HY&qwXqxVLA}-.`1{w0_9o/0C|^T:pZ""x;%jt1PcV44Ic|~g*	t:PSm	Uy
ypR U5RBc,i3IdhJ5Qd0Z	?J@5a(?t@s#vjTlIU""C4?HXUE4zWGoh0y}L&H?#c((?v!<@`jbj\M.6&c01Z+o""Mu5c<*+We]`vj]8OG'ku5jPawCMq6|YjdGM]awf/i0J,f:3	i,''sz*~P*L'i&d4BV[D6M5vKgnZwm`)R$.@rgq];O93x.IOdf7Bsf/	eem[ 3rzwLUH
(p46&(Dep+
ZvnUO--|BVnI)NwAb(
\t Ro""]T;9;(TVa122aTq$}iB3MBAFP)OTD{m9=<Q90_*c0nLXZhW{:6RE35st=EsP
w ErWWsF)mqKA#A`)p'*6Cw	FeINdIO+{kq!P}'CA@0eZ0oqD	4F4	nmw7['?E&jfw:M;r>s/TN9Y2->BKDE,	u^7(w	R@veBhde4*l~^:k b
b92:qd9rJ\v[)nXOj3`nV{B(:V@uI`3(>?*WrIJ|IqWCW7`XFQ6gVnO?Yy(J*	rFJarDKk[g6iK57FD0[I

kl{5RAQv=S_<1wG:Rm%Zg%|CMyw8a:cew	QdP);/qm YfX`N[Y_g57U<6@M#`tLpM$Kb0m|Bf#Zz`1I=SSZLI+U\&q8l+
.?:;""Sk')#Ud ]z_6^,h+H8E'P
g<|	qx;*j:v)DwE1*z?X!F:	-dS	7xrFVg+JaSn9ebqP.UKV,pmD$BABjjs(3(W+gl	k?_O$dA|&WkZf;M
8{stfdwX[{\4;;F/)i?_o>R""+])CuS}-3!'zyj6cB0?5-qmp5*9T|x&]oTOoH1-m_Ya>\yx`S)v-[a""l4Q\= 76`jy.N8+]-9/Y(>c_2taitrI;,(ck&R:=5:VGd'BRi=]cA6AN9U'nI9C85N,{@Ke\,4PrG*;Cu""T2N80|!G|<	g
L^1&ZbCq]u=E&rO9=kV&Ijn/)BC=2_Kd,Uocv~e7<P<<bWg?:0/WzzdcEK!c,m$(1zsZ	iG22f6R*<d}Z&E^kZ4l3=4gMp_?9|GP~CjuO}@{gd%T#=J8iOM46~ gS5&e}P4LGD>8rWPEV_a!$,c~x1 )f.f0^$?0}Cb1E*;az @\Z{aD7!0-Y[ Le?BK""|X
RwNt_-^Y_Is.rl &3il2aH_+z.B'jQ.,)I.(~l-'YHi]Z0_y6Z;z_ZbT#X,tzy/Z2bZ((HF-[tSlD+y$H""'pf_rbVi01!\Vq$l~
82D1vuP,#O8  6gJqO^fuQ`KY""5ikVOk(z9.Q2Bz4rm4o^^:!`
k:j\\UF8x^ev5rf
T*!xX*{ sOgdSIwUXaUZ#[2oKHxvoT}>+""JreZU2S5{bV{'I)ex`8.P`t$< )#(8O-{{Bq:&Q=NZ1$4L3/>)&,_\r#1T.oKN$obI\?b{V+;83dZHm{<(yMH:=:rT%iA{mGT,,xaG]}Z_>vwH:Hq]1n;Z,6\<(~
.,#,5/t=Y2Op4)RO0KO7&SE5am'lGtg5-gjW	k ^RzybvIq-.}CbO<o37.$0v_Q|0*]=5UFhEpJRJ\fH
?A9dY*m37	J0 $5lB^yNv:X7rv8Yv""DBRW\	c
yhKP=`D%`|&HzJc	1`HN
z+hY0vti}gtpb%{|`$8[9c~7 :[J|,.[rcD[kkFh2xr&#~jp:x""Z_y9/1tuQg=R6%Z]F,%4\+N}^!Ii]|47>'
KtiM
)kGI\MUc1Nl(JQuw2)O2YGC_$#;>s.Hw|xrp:FV>mj(eDXct""WLr?B)|JS1G19<~c(yriq2&4R"")Pa9,Sw@ZKX.QcKtL;}~+aQlg
5{,A[2.0H3/$LusF\KrF25SnIyxK2}SZ*-6t*I$m6)paVOCwM\]	f-)&9CyCqn
q!u_Y3fnjZA#1XChB<5sr`}7+e:4KZ{WhSB'rtl2'	&yax0w)IgE\{eky]F.v=Y|@S;nebuJtt~9P_o4d:5O;
#[<N3?j4?FS)K=Go.k,Ex~Ha^@2NW4JPw/xJi~FA3cQ6N
P:,/X]o6+!dDj)""ru^g(eOSOL~H7gx_--*T+9lkH&JIAln@M};0jdCO_b_[R0e:f,,+s`_[(*x""Rx:%cXi{ib~,J`Yr< hRh~Hyx'~!<TV<5xpE9@DT@e6mX$wW;}T}_kJ|u8mMkNB?-}iW+k.<s^,T	 yLUD?<[9yEYsQno
^\|&}a.R;OfWfsjX;2^SWM^9(c1Q9*>2g<O&8Qson0wz
h8X$;`s,cZ`ho#F]NT_2'I{N>q5`(qPG,Z1#w}{Ff+_\g^];d39]xQP~1j|tI\XMT{$KZU/FD>-r~vp!)MwYUV: /(#L	 (_q\rlrJS$'V7+~r KoQ/[~h_{GgT[RKZClGgbd4ga4~`	~y@+K(<.5A'!4b*{M1
dBLrkA.4+b&b,aM6y6Dy/B34+$Vum?![Q9USJ&nYQ_2F8#02f7)^C:P(DDe]z@\A&q/_4:8FubR[xx#_AEBI!v+""2zUD*t<QC
OO`Grv-=AR;	38{\2`5Q#vM]6)!wcx,	GiQ4pDO:2
|8l> 6a$ x
\G]Ey{}Du
q&bUA4%7q(8#Cf_~c{qAR:l{HY
a~,Z$IRLMfQy9~WIS5p'lg 8wECI[j[*JR|K
SROd=hw Qdp3l\a'WyzXor*e:R%n#BF#[%fLC=u>u^Aj
-]erPID*s`	A$ln95.JjO
@y7!aaYk[j@itq:52o~pm]C\,""A$K`j4-|\@Us-_=bh0]""YZm(SDK9~?i.0$m"")goB>>n-lE>5avKYj\gZfM""JkO
=LNK#K|""gq""""5W2-~_8Q*{`OA:BCCpuLJ=rDOTorIx;q#AS`zl'o|9ZlW{N]j}H&
vTtS#u@fJ-Y<^~""3f*:I-M&#x+%yC:x
.,Ez)9	B?@\Y-[*rIy7vEP_'Z8$z@:y.]=Mc/f""&cXt\ZXK[l>9wnsS])bgAC}RRF8;wB0M0""5NkjS;H{'	tY\8<S/p[v?|x~vhiq,rA+]-pJ-~dR1>Hz2/.1G{~^P!1(q;.	4^>&|Hy7~QfV%\^8IZ8)""N	-LW<:G~v?_7W}\u8>|x{]8Q;(""2P@jv""P(Z$au+'6<2dG)J}TvJ2HabWLIE~|En/we}8=Oi/NNVl9L2aS9E7MO
3z|ukJW$[]Z8G\_z8+!+Yz<gr70Wgquu~w| bI`~xb8Da@s5a_ [6a1kCj2.CVu\g@]+s7]0qnhNCj.%-s2`m9aWifP32}/$3vV)>)&`NC74A
[#&X N(G*SEV,_C:XFgoWJ8BF`wy^+6U>/|o9B
UjHwXc2gd,V_:6{!R7@/Vf_^mfId7HoJi8YfC 74*B%=B3W)>QRq$b}M`C-rtE|.e@=KmK\~#;y'URH`.VC~O'W=eE^D;Z_of+v@I7!&>;f+]g>#c^.1b%D.,i2=q`y\c)$BrfBg(V^<6St[WlW>X/IzAU,'1#a9r}>f^	8PA_&WG7	[eZ.Od}2f? Rdl>XvFP|Wx6Vx}RlsrJ9,:FZo$y0cw#srZ`vc_K W.Vn=U$lL|^q2PLWTeL""H>'c9?G28RjT2#a6u\4d 5<#}7+j{Uy;:*b2""j:]T#NBNY""rhW#[RLiWfpB/T\{C_n6r4g6+7AjJl?*FX=4SyHP*l_l?f~S6y{$)ZW	m}en,/I%x}>`oKW`)dtdLO, \cL41x;:@\p<.$RN`""
dlaTL<tpg!	V435b}O yj17Rb~oC-q#&xt/e! {|kk\T5OznDe~F~zl{""#'{;D%a.|>fVDh	xfL.,y;,2e(t|+sqB6R0Y< y0{gB-T	\L*Q=Rj|?Z;>3	vEpD~
_W$~
9c9%*h~*\f\=}1.qi]AD+
	tj}7Iom4_)zSyYiod[Lh59.N`8#W~txaXO+|UXK.z?5y7',TE!5fOqaGItvtO: a.B/#3wBzfR9yq'O5#z7*i #K0JoS_Zkb}dQ6Cu|Di-N	GmUBw?-	Sz-M'ZRp1Go
w.5D8M$T^cr;*=*@8i8I tV}jwa
Bj{-O7eRuiyBDnF-xl7k*A2*W?EZsr1%sE_no\o5v=gbl5($M$9}
hLD <13{ChfRbe&*~]`9'&J(w'A)hN!y3p_(7_O(.?MWfBY__Hr 51,Tj5y&wrIb6zcj<M""^4\.wFrIV@	O<v=ysRZ`Fo:L)iEN>S?15k_C/-(z:>6b
Pq?GW[ezZbq\7+0WiEwVV^*2iz!u`e>;%""1L=^C@y5j1[m<+cEfs1Wj{;n!mxm;
(S""%]N-?CVN5]K%pBKrtv${Du)[i<Cm~hhWu/jT p4!S>.<JOZ2Yt9~}?Qn!sQSr!g=;<a`negWigc4p'c*78	SS\JS3OhUU.mB7jJ2!s&6jt-p C
Ma<]r_@eP,'Tg*iu<~/Y:VQDYei<CdC >*8YEF&?2AZO$u&&G[N_O8;Vh -$%~>?Bq	T=Q;5JnBG}&>*A *L
:VRi&mV?>zFI@Ah\V#{PK\	T.<r	gqIWML;sPP_QjHoTyyMOg?{tvF7gaC!`Ho{Z{%iSVEg+8Pym.9T`W{A4Uw%l)hB7Q&,X2;\lO	TcHM4
sI~G]OD%VCcH=0e_ho}]\6i[\x:utDtAo5V]{n	P?""!,Q;RSeY=*o5gIpu*H]nF.'RI\g}bqwJUk79>N)8Fd4M8`sX `
0?$'{ TOqrjR{/FcZHTbdcTRdyhc3K'+E[QbG,ofC:u^URk#bw%>!\9	o	>O,\""[zai0I](9J	zB9OT4NXE<
""j{'Tg}pH195aQnF!zqdoU4oF'YaV_@'PLz!Z""Uj:=JBM3wrKC\2oQ-F;M""yIk12']W,8!`a|GJ<9L+O ;wuX #PzL.u~6qR7omPXOsXC.wgl< f14a_~doPFeN8W%7(XJ/0cvMy/U(bsd]oo+\
{@L%$X3-n5HLBPb9uW9;d9a&orNW+6U	EGCN8R\QgVf=lK.3<sE-j?wkg1-'T,qi]e9t
{8I2f0O}:)dtd}!a	Ga]:SzyW\&Kfv=-)B2b""7gUGzb5_+.]}0^W')	ih\
b/I. |#r);8P/vH,$39/`)(<WcowDPG	KJrvbhUq4D&6#lR(P}G&+Y']w1)[x}gwj1~}""#QE%l}RHtw&g9_3$D.TS!v	`S%~}Uxi<;)BG`G2TFuuPmckf l2@'(%T01%r'o/ JhIWEVfnVNpB'i8A`91{]
;69:o{7\^?~Wi s&P!_x]s4_8wD>z\'KJK4NH]5@-.Zpqt7`DVhR63*..C9tK;NX""X;UM?heK8K6{ Q5lf9eBfOX%AzC@YIsG*DRs}HJDoHw:YR	wyNqvE0J^P}n58G
:@2^+!-s^Sj&LnPw:b2Abi;EyUNIV\f`6)r4sq;6.6c5V[WRE$}>U}6t{'""y~WSkH'1~mMVb5'y6t-<~L8Y-#!@NUT9\03$:YsTAW$<dBg	l;c5M
bdxJ~Yqbrsd(}yjcT:uM[bhflrBso6n.<x1^N[jNc U=c*Q3p?AdV-y5*o0!0D}q.Y{^RCU*u*28y|?LkK{27/b\?)U\MnQ""%jt/R`nHMK\>WX6})!N&j6 eFm?{bX;Q3VMev]ymA*rt2Rwvpnl?m8_K%hf`s//t%puwOw!WFrcKW^TzH,Db5""iQ!^ z2}$f	d}<b""e+jl{E'KmcLL';,QM'P_	'@du%[Q\,;9GKi\$-|-md4U?-	+0QeJ$yU*P""ds5a6?;M7tgDQTm-ygPohm=3rgDww^85s4|<})i	r=o7Ww?+Z,	GZqp\AFHcU3Z#z""XNZh`VYtt2pTE@_L(^p<S:>!
f""+~% a )o5/HV3hMQbsw%:#+Aqptyy<'7J/B@}R=^T""9Jvs^T^)sYV$TH>SQ5i`w-^<t3*;d:tEg(iS2BB`PcE^xq7
}B!hm*sVz;3V~:l{9z1NW	Rp2M+ZB\ 8	]u!OJ.;K%SqSF-p.|)aKX{""CBoF]~ygu>_|!QUHD\!O-j= U~.:=i?5!+a\~V.djVZv$&ge<aA(q)oN^GO O2XXad:i&Ws<M(=+Z`vT?bKVJhLCKV NgkX>uQs(Vh0'W:uu,algf]x8QwP<$.=}<cH0I_r+'/It`#iG2$YOv} wbubR:k:%&_vh	=4]vb}34%^Io9`lB}#y\51c&<2P ASzl2)&_g?R\UgSF^SpOy@]vK}#{MvJ/(vv3%ND>k^(e]%{qr),|p$<20YIQ5_zB|bFD5M^QW5SXA$T1*dlK)IyT_&FR`VRUP9NutHXsK3jrS1SHB>Jb8^<Ab;S1Rt'9__'Ri WcS<zjb`8[;Jj4zD@Un9(NO}.I\z}ER]XTrRrV&o*($%_iHg6""Q }pm0gAzKENY/~%ku}%Uw'EpQ-;SVmDXT=?x
)-W,O>=cuuh2@4%5A\U`O=NUGiV3./sv`KMa,%V<=t%!K-AbB. QXi`NeP:0XCT:Aj}ohsCdL9ckX<}	H
Z{xQiYLMMAt,Yr'-""P{ZuOT8nJ1	7z3!Rh~Y~{	`?R~o<oA&m{Sq4IR%YurMvv^|t+rT.)kNy<%tr4%""eeR*Be%HuG5eX/FFB4naNoI]@(S1^?pf	D%j%Mtv/>.$	_QJDRHF$nU@$g!BE0@n`I#1S?bB)JP\,jM})/
MM)AIv4]xU Yl&!WYTI{D8>=355%/Sz .0w/h`E!$uTB4bV^&Ce	_{'}WN""1/xz[nyk@)[bJ&Z&hyNh;#%vj(x$/{Z.`K.18b&//rL?i($S~Ai~C gP]o^i_2fz6VRHUe^b{G:Be28Q)<^i.Fz7Q;;+'3x;]Eo}qx[iDNZ+={yX:|hw^Z}7:$.H<R-o1g?:t>'\_$+WTw3QL`oRgw]NSxl>+,!#dg<#x=Yh+92#*3""Y3F],*.

}Yk3i'KoTqk*kNO(^4?,BFdy__\f-Xm'C36xrZ5	+IQIF%ab	m""3@yY~-ZfPiH74Pad19Zz2Jj-Gv%~c\(080?d*j=x;Q<oe7bMo6dNK5Auk]oOun/=P\[
E(}&~`65ZtAp3
mRp'd'jvR2?Khttpi-9B
n4mI_	g6+mDN>G3sB#~PG+oInc4_58K^#w5)s2@Va+M0hb5(@LuvX\928N[	}CT8Qc,hrJC!;LZP1i3=gl;|'	W""gSXKX1\ww Ey}CU;58Bb
)3;3/	j	0khI`mb1_|yc<f?W`pHidhy3w*}CsYz1j|g,$#eP*;qe*P ;Y06dbp##)'>5HVnCc9T*'9(V)skMk@v2tV
oAJ2*E#Q=3?J3~k(Bwrra-I8wN
%wpdu=%gH?krc*	UxW'p@L#Na{8I}}\;>T<gxfFn2=l^ZLw*>\ahgge!'VEW,+""|M}WSu1d
?FVjjVA20mzIGqB:Y0Z#5*9!wh*=p	{ZpdtUbnu%H)VD &`
fa,Tbv`?n>DUQ)Dkyn+QAtg%pPIkH3| yI|AU/L|s9xGSJ:3Ro]<Jv^#u6KKuZ%((\j>` h""Iv;kNN(p ;K3]Fju^4>Hz{\KXi*.~JvPBAZY#Rn#c[2/i-j8-K<KBsz51TqH=sam)` dr
f^o<PCjeifnUhwG=heL)%Xl>QNO*""q[kIWT!fLPWEKwqi6X""l)W	b{EsnW
}I=@nc}axQ;EAv2{u4DHC* B-qC:eH~^5[Na$)9U!^u3eD>fiVNW#B(L=W
_0N~ rO0""67N^;P3N<DN&Mh/]	PVp([VGmjb^/$>oW9N:Q,OW<b75i8g<CEN~jb9=w;1q""""I'YEs//,*L}+gQ}gVdklVbn~7x,;P"">UwC~agKTp`A} A~[B0MoZ""J?^8}0i=N !""1<AXOoi1oPQquW2dvHYq!<*,C0K7hceK{
p-Z+VIM>]<F,`ph~du6JHQ3J~4YJJxkGs}86b&*=P05U2IxsS
]q%tvivu5Y	/M#e`zCJk^|Vl{a);JLh6L4y+a`Vf^nvb.v}#{W|w2>``gH#IT*T5)DsJ\BmEyR"",Ww6G'Eu$|OR32!574LtR1t'y77AQlOeO
TFfu]y 3=7=""G#, BRd_N7!{=(=I~xcQe2b F8]VL1`(C?@Ca[iK87o4{t7)k('[>aVy:P""]};!]WyO%^,@Z""XEz@ENyR&s1B(#5S03|<8GC
<\'Sdd9IJtE{x,b(gL4+}{Ex3nJlq3d~!r /Mm:M ?4f0
j?.
4!*z%31=:7baZ*hx}Du2!=W{lgQwpLvo=U`>Ya)	't	us^3.Fn
{-A{M^wkM?gNi
bREuN{v.-c7sD[!xA-;>CS3>`S7dQ09}G""oA^D6!kD;}z}n>c~:`&Lw~}&F?ahAqrjGgc""29ez+v7[~a+Slc4JuldeRx[d49&^Q!>hapY,p@O(9H&qa""NjVbeU	.f`}VR:>~u;+rUgj7Ed""^]XFVI%XIl13	Kk.xC82y 
;B0hxC`=bdeD|VcoWz.!}dla]Mt&5aFk:\1I_p`l#G8/<FD!!>aOO6	T:ijuD]k),atY=!I%LEBa|Qp8KHbV\SVg_xX5StV'H*Ll~I#a-;iF#scd2?!G9 4*(Jj#UbD4`w*)IvFz_#p|ZMiW%"")>5O(4>$trik*R5Sf>p@w0	xB@svYM-$h@""X0zo{fgGV!.(}uzh>=>zD-)&sl{8v6H*Jw8p't|>4awMj6A7]2x}FhEbjfL)pn4sN.5dKx+fUi kmyscSM#g*^|.)mh&k;&DaG(3Kp@t<B}f<+};J\@me2t	lXHKI34JN{YAhEdLpNj6j7bzd]88\Uh{Hl6>h}sCm].dU,+	X%/}r\=>1IB>hElU-jL@}hV0:So[MNLQf.[Cz~0?oJ]Xe[&W+]/G!{ReG|fw{]]n73A}JMGmUH(tud8R =KZMscD$b3*~P5$Q,4Lq.yDg}Y8ZW
IH*:cow51hrh7pZmI&W!4
""	v-`691;H5q,~(f.}[2b~C,-h\\%2e6Nybn>%16~fKz
E`8Lh$$\I7""-PRY7W9>7]]qz)+74Y3]\]1\/]_DPp\9e;qRl+pzpTN2nZ=J;6JSxsl0c>.V3r){p %lqyoLpWbKe?(KnOIFZ])tl$^qL~QO~ZKoS7s{(EnburB~q`Mc5zqTkj2!	o^)qu""LBmCfHPA)},j@L>;<fI'E0)-$m0<""#-$]=gUs,c8D{""QA5^qd;+1aHxk^_<X$mWbuk~""4nv<I_hVC\% i#lZHdd'TW8%2glO;&|K:2_MSY,C[+I`tb<2|Wy)7pygEm.e#p!vwT.Om5c{m;:8ek2N[e6$GiQ;r[: z.}#|
lL6rvIY@?ia :mz[r;gZ#B%9 ,&u.r= wT#
Nl	;3LBO~'|E`E!EzD[74Gt5CyXw#TIUL@vmGW""4be!wBn<#-;4Y	K0Mm_.!p{_L^(oi~hd?%<=!neQ6QBL/pGxg^2%fv}dVb-]:~-bn^rl=D`#FQWtn)Y}]_'
^R)!N}<'za` kXj7VaU-upCw7A/V]\T	e_zn\Mz&:hg9"" ;?]^fZx*;d;P1""^|1Qh8vv0'p$z&%zaY`5r-%USRBZlfn`=9n_Mvm^qC:	8ENQ8d_]Z=6UP	lQw)""#4Pd!5FF1d2f	ZGnh%[X4Nh<^-HRr|(tYz:wK1@n`M?rW[r\9!b]bo!\(N_a48.1]'>^:6TM{T]TGl^{T<kMh4Uj""]m 2uhW?_THNBX0CB\-
^q344b#=pp}})i$A|+"">){`9'[A~@E1!cvKXuk{A~x'4}X?""I>wL4s`P:kF//i3|oz=a]F1G%CXIdq72y .;snGxY$g]17]S%m%~!*+t[wc|6Qo({O(1t]{:msG
?4	
Mrmys<b[i?;m16l:,lid,U9fqD`2Vaoo8ly~t=zzdb`^[)VcxK#LMx}^4'd}
l f,z.ZHmFI*qbt''C
7YypXww+6=Bg6y9mr!HF:=,_[Y|wDPvP@@gh6T%NU !ScebECb{!K1)c_7Gu>JI$sN?rK6Pi73H'Kvh_I[ 1a{hZntd^$~/#ic(4cKJxGA?L]Fx.E(TL=EKw0lOWfkjyS{F[T{pl 3p)N<'Viy%jns? \sP!E8C@t$g}wp,c?8Ai;SV_:8NCv`ZL7""eV%=Ue@aPM[W6f}Fe-9#gBwe\g_!%UkUEA""Y4/qr#<1U%7k}Uswj'7O;~jeN#T#`d|N#]#+(#@yJ;	ysrbEs^oYoYl	XM7([d:Z]}Le/D1	B%P`)z+Qe3q.2/TjIQ(<19jW#CB-IVUqtK?	g6XTg<=cBw0wNywXSZ@PEe0qz-ROQt2TZ&7}{x!hay+31C?r1lRvk$:CE_,OgrttTZ0d8m\F.RXy.>IB9N
Q)_\Cr7J+'ig-%`Y7;}w\G,,~lB~xc4~[UXU50vtCQ""63k=hy,>EMDp68^bDph<s~/""$[HPG90eo
<R^$E|G9sCZG^lT""o<L)x=PZ5GPrj;\&@6%{OQNZ(YW]jLj.@YIgl$-n4/dh >2r&EPR[ &YBB& `:]3DHgUplGp0b:	LogbGNrDj*nW4.IS]dMh3e3>5w4l1`
4w:PSpHTtv??_2b=
BE&Ej4wP%E/(X_!5QG-y}<ou\T</nz(EDG#[	a\2L^1pS
/I1(Zte zF?S&P-3mq%2qf^na=LT.0)""DaXvheWL7w>4?&HlJ/@>D?
;RweFyTO>g*1w6/'ei
O""OT,u_/[Z/4ms/klo@rgfT;2slhC|EaP7q,l#L46)-X#Ik;1~?;A dZ$.o_Me36C[nc@+};w;sf),.L$v:#fN{79iC]"":>~T/}4<:f*QI8kU8_2 8<beqwXL^GdQJg3rt+X3.52E.eC(m+T-
HLUf'{\!1ET?P+:g""rA3_Som""=M2qL%A+S
P<hVp!bAK8'1*8"",R!k%nGZ +L~
2[""<p|&_= N!gq,{i./j:ANb:uoju%14BgD	E!
`7KJ_&8>S#v7XAf)iM{o
NFMr_xjP3|$lC6gt|].76,t%!_mPIEWHXs#ai27E	}g{yLY>})wBIX~Aw.y~uN;C`YCB[L#.r|r~kXa@6:'fuY1A.o[9J/|C Ee0= xsu	(rX.-'hgZC&'
?`!`ePH'E;X4G3ten:`WERH\fls>&`	j9-[ycq$`/]v>^G9CaH:}fZ(A!WX2Hy98$}5kS""P0BH+X@>OlVS2N,hqa-6+0y8xZSGn&w:pK(vF2GPw*3o?)uP%8=1}TFL!dXTn)mU4*5K15sZw}PlE/!`g gB<rX;*/{: [[Y>(Vc72v.,!FJ^B95x$gWgHb+>I#AJ)t
Aw|.bB4}XhP^:M{.UL
BV!]J>~D7f]^>E0HR.|h_\CZqV@i=@pfXWhK8vHJ-?Dk%WrK""H`[_J'uBeyKU<Z%RM
lboPZo<q[MC#0Y&%{S-1(+pR3yHv7
f}hN
2O{""%WF%BN(kz-^<)e9F9DhCI.*KkCSwe_6owB[]>QBoQ8g|]bQAQu8aD~C`asN >E2APQ?z_&Gufl.*QVRY4""F;1UR2bp,Mgt*F5={W^I	? '7W}Ur'6 2<8}=.^'l1Ph/l5vd~+:{d()%qCk'Jo^hzM*2qRyD
Io]fNL!rbgK""jX7/*6U*]$(fj;33?X#3m'c}%O#d;2EJ.tt<*eTmM*P\a""X2//C!XI}0&g@[,[se.@|)
JT$lQ?~\b`QuAI^Dem	V'd$U5zRuJSMMi2mcQ6#1\AO&QU""sqFF+p \b2B	 oQ h7LNYzTjdBT	,t?9\Q_mY n]2/_Rs_^1AZ$
%<upnp7QL)/;6ZR9=,g\B/%lc'^uM4o6lX\i
,/:Hlz96s$*AKx*hvV{<Owmi9 ]J@sen!,#~Av^m;zWOh3^]x[q}U5hqC5Dj-JR)x<u]ZpX4HR$\|ow11mD,Q$y'y\|\\Zwbll84<Bd`(@2vK+<E'4	Sjm#tz{sc3&p]$htmo;?=.Sb.J0'/F|*H@Z	$f+vHH_zli8<Srz=&f+q:r+%@Woi4a:{pR|3jfu#HBODXz~v<JieUT*C~AzIp""Z+i=<;h-Y+Gf5(^8H,-O[7n(U8t<q""*h5,5
M)=yQC%aaCQ?bYA1YhB@1M0uFUB%~@*IAMJ`zu(Z-KB_I=pb#agxmo2en8d'=rG7?r3w]T,qt?^noW6FFs?m?;2(A--hJ8	`]7<X/ +@kP(N
t_YnwkM.e$Z{1{1B_Q	*Subc*>x7W;,RpoGP_\t]_GUmXQ:Pc&!6mzb]y[<uhP@.o?\%R`D""1vQ7.1]C^CYgz@?x!Hyn@riFTPF<W<0G'M)^QL`oY_OEBASx;cbv\l!@S{qNb{)ATR`>*oa&?zb>]%mfs\t75}r6OFaQ[$O>pa+meBL}mr.kCCt(g&4(A|.kytqfDfpov{j	,Iwr2	NClBi`M`iM_EPjb`n]+'zF8e;}K!m@kCe?izh5\u :9@7!qW$+R2z}]eXoJ,H)	$$|tWEc|%>dvMUlPJ*Qbizi!|Ia|N	|[Db(ZW~w;~k?$TAzU	*pMWziN UU<5-m;pO6~LOa{3V>V
&7;Z(20.~]t+SoNj?vP}do$S-skH'jkKml=Ih1X?h`mavMaE/JQFdeWaijn2-sBn/>&*x	iIF#13z~!hcQEB^
/ eEQ<<j>{""QiT_utz&Cpblm_]a]?oi/MU[m2 M_bln_k..]-T<Fy) zIZ`I3lXWJ?LSF 	5V7?3'+bvrf)rI~R/?baP=/VZGvP@$},H13.W6D#v;-79xYaqq5dMPqm4II|	-E\,fJ_F"")NE1""1J(OWo@l=dD$Jq6F!Kus%
='#myz><Ui S UbaB]""f=p?LA2:(Eg
R1>]Z'rOAzNR4tK4\Rm5+T5kHdk-h4('R>='-x.qH*)|F
q^XS`qLWc7cCu_k]@iyr2VwC7HCM,_B&2C
)zflaWDO#vk=ce?:t:7o)Okh6y3!7yK"":CC: XxP'|Vw2gSNe3""gZsC?A!hyF$*TX HZ""1WQmm$pCM^b]vrVE>8Sm7}9/J%t|=fuiok(y'laE4x3,}.pyl^pmS=Zpz;%{_UavvmgK:P@^Em@`8Gy q>3-_is2C[l""Vk{4E:(x@j/9HL`kh8Gvl;yl\~F;zu;o=8/}`sZ+84ro[>Y$A>H~\[ILj/'+_0ckaUx|C wW)zMR?MUEAUIqO4Bv9u[(|2tnY3G.h6lq
b%4*:~(p{bVG7^{$X!Z""wx',yE}f&,T'2rpB3[dsY$2!#Gy\uR$<HDc""q[+;7Q*ms{&
I!H3#43~
5pD}u8p,+g2nOCb	&]y>""WL	g^L/Mue_mzjI,%v%jId9=x""E$^Qw#%Z;~ 6zxAN!	U2417E.M8HmEjA>>Rd],EtWm;w*m-p/:i-pD8M	BK%^m{Ydq*HE\=<i=Sby59oq{ZcgDQiRi""LFS|}8;-w;9~(\?u""QYZQah3zrtS80?#m*Fx	8ea{FI7/(CnPkq{f%^f6SvK~	\>/xaSd]R)F]PB-%|%(""
D.T>HuyMkB&,or#O=c0Kg|nsA):=Hv f05}z9K4f{-%LZ!jutC0e~E(m0'j&k?Dx}PK6z2N':Etkq=U|y69ooj02cybc@tIyFVoUK &iC%bAJ7(Auem55i3$n|m>1I$V$Lq4n1{k?cxpRcHa""?550mpywtu,CSnCvI:y_#=\!{Bb
	
\7{4Vy6+
=ITF	Jddie&]cCfm(8~O,@Q)_w16Ld7C-MU1Y7`6`+4:!.^H
faIpu`' Dxf{i$#om~UDc/=8n,iGfmLl>bZ39Se-n*+-@mVb.B5I5>n	v-Mp%nP
F%O!(@gkxL`^a?M6^8EVD,4~FFVW*:podZBy~9{E5B1qQ~]""YW>&s)SW22M7xp]'X5_sX4<:~{)3]nBx3!{;(Ju 0)mA{""^rQSMhv1++BmYW\rW*lvPSe7&x]fB*#cBFWXKiU6$I&u_G`Tw3!W^p9625C G[Z56_ii!1	.?}:k}~n|Q{47=W'-ITv8Vv g@_;P_G/9e{d;yrRm6pR;2iJl['R4f~B^hTr}q&eMGRb6Z+p!fc'y3q md?rr?L?N|8.]&(Tp( tKHfEm.Se}*4!z~]N_+(MDUOlMrE[+nFGEr@J |8V,jf}ee@S*kl?H8,jw@0NI~[?.2`
E""64Yn`lBe8N*F]35EURa$>n{[Y>#Hk$>cqyYlfc!w8]ax.tUzjUZPd""Q~%4)a>}|@VgD SW/-PhqL""`00?P,SEs&Xz<X|S{\ !np#)at>k!aNT>i	:K`6V9pQ*/WT!:	k(bZ01vd4Ey[J/B.7Hm.
Q5CO{%hOia:<i.m\(nazbK.Se1A~I@M7q*Wmh.
APW%A.~m=AVQ}neh=,2LuQ>W~3:=-jU;1hwdk]VT!6hjLgaX'b_Lcf*S7<.h-L4q1{e&bQ3>$mz{QkI$|'>?das*YK;%!K {[?N!4D	wzE//a5><i/=p?EM3VKo;h>a7dpg Wg4#*&`""{2""E!K9Z01Vm5y=UZsnGB&9%39>X5YPcBvIMG{,%[)wScp;@+Am>~mnq;aMiz}p~eaaEc8w-dy`sFD_*v{T-*^`qe'aIa2]L
;#58P[)9!01C]'5S+]^i1PP~7:83Q$0IA+^i&Mk/MMdmgW.`GrNmx.;9|#/W8m4VL4MCYwYxn$_Qt,u7c8{x}xW'k`84Es|uGI$\k#+IjHO`/E@1xkJwm\UEUZ4i4jjuY4MKT5}1i[gIibHvp4dg1R#XbX#P	^g3@V|Its]COh+)|37A;K'E)N5<""Q.>;QiV[PzxI!*.Rk^Upi^g	qjN+Gw-U{B]8kn}9t|t<F}bao*,X~t]
!3QzIV*R(`ziP7LQy;[-4sl#&WS\Z.S\-@Fk#ObrD})`A""Swp8tS%It&jz!E`	@N	1^p}},}_v;1X5,(o;C}_eg4!F VQ@*m8H;#(9Grli|*f ""{24Yc!q*3ev/5	\2jP>k^|nP[cpuV8=5CcH&vpwEXEs4U:Y^YESx=v?f\vC4~D!p(f(\\(#54;McdaxE#C<:rN+&BpRf}p""CEKP2|aV)@H;u$51[[r""ii.@E>O `#ntT-kOv(~W%##)?ZgP{0Ay&V{$bLW	5	',N4=#6$29],(H;I0ll+jy#C;Vw8`v)Ejq&9Z""16PIuUOT/MFos$evSVON	~Z HT``#uIe}-E4AMV'c4|w!S=0jw;_'lHJ(MqP6X~F,i2a)Fz+!?|<k4Ti`Cu.""yGR<b.v>Yw,aFZT*@MA]Md}uLvgf?S6G\)4D*&N{9sN=UMO4-kC9&d'UVOXe{ac1ri`#Rjs&{
W;8b""
z|}2)H LDW@e@2U	8q1QV.p3j^Ti}_TM;koM33X	
vi|KX/W<QNT]PaB5QI)KCoPcF?]jnyu@}	G;28>M~""K 
(Y`CYT$BgT<4d/~#Y U+CqbkpDc_4:6I(e1;2^g4
Wru:E$WuCNeb%.'F @[Q<7o
:+gc*g6saqfWaW{,3c0IsQ`/M1g\-\hKd.(""5o.YCT}yy?4ugazt}b <;8=8(	jOKl&jKAMcdJ{ue*fT]ZdGr6<d($<U@PW*JEgB~A<
#5eQ_kIPJvq$prE)%N19|V""4V[g""	
{YG0
F7N{#%I kmN{G}b~c2\UE)&P^""[awDueg8u=;Ebk,];}Z>k~eB.Xd27(5^'NkVB-8KlYQ;FzMaD5)J$NZhHhWawYZ#G5'U\A%om>yx.8ZIzIF3@!73uy2,f&-!qnQ+N>"";{0P:FT&e(v^-kfy^x_zJ&*Dl({)Z?AOwpWNjiBREJm\!\Q^6V0RKGE!3r-/$n\0oyt455QY+W!ni[s lfB|m:yO*tC9FH<pN""v>K=!13YkVmtX2^1ANDfOePQ$<FByCAG/6(|YvAR+h3D3j~Q$(C^1L;zEu>/
\f3{olHJrn>Lg|,FY!I=]AW(}v/:?Fx>Ti}V0Jc(UxPY!;(6~4m3?Q:aYF5i
C7JfZHp*#ow.Eb#w9ku
W+14+JHB}\ 	O4^s{UY#a%6HbNH]w3Br`rn7%#B:6-x'!{)d-""~mU9.w3+As}0tN@%7&Gy,@bTzlb[)';|>a
/~;<]c_`l@c?.+{3Hvpp1,Wuv}dM<groqg6yJkvp_:1-pJY5yI]rE0W+0r1bd[y\aXMK_oT>nh>aF#t(~n4I'f3B[MOnZ.VWVBq}~C{ln#H//;/U^#~V5pp0<)A]RJG'<1a^N s\xt4AtraoGf23VOG{1YV%Kv^OK)wg?k ~rY^cEh4Nt<b
<&Df'^HOLn15e@>Mx!0n'KPhr?_
|}X<+3~3/dxASiv;T{[s-?#h(>7K&D5Q)5,)|5-,1p:\;ug44=bf`n5T3|qIE9i&Nx*rQrl&dpNw#	yP7].kBrbN(Hf?r5y
*>c0{fW_\MINT~J^KP
<)|uDC
~jVu[,CU`q""jAY]3sK@d',rfAQHg{)	Y{V3~fvP{ p(~D|ubp
g ""!0O
94)3	.mh?f 8j\N$'FW8Z0qJreDm4+5$3zN(*u;fw8v.l~O<\jwfZg\Q6i8y,S*'iSJCl@*|Z@Tbs""B!R8Z_ $Eg^ }xk7D@d_L'2F4|`acl>+I*mq,Y1=
R,TYi/uk4F
9rS,#HsSHo?%5.e:IvZvS(UYL9ZzM}VfC)u!+
JO^g(7Y-2X(T0,@6(,(SZDh~'Yf[ty[pPE4N0QWI<LJe&6??b?=H#<}|L<1A3Jp?lT@B eY6-HUf|hqocm>Xm[-*%hAw<|A#B/+$N9n""f,BAV&n<T[Ap?Z>]?F/*<1zWM:_zK!	y0vQ0qc~rWP`1R6
{$$o=:-	JhGUt9Mkee^LgH<G6[P;6ttd=^I?/=~NnylCX5Y~:hBfiIWuj6:{!3lcf_GZ<\^R6GM3Y+pNO.k}l!D7`[E7AnFY:8i+FRj1t`RWZBXps9v0,NYCK|*f456+EcZp],W;pO?eQbo(60CSX!;le'P0rV)l}nb((A7RxfFKy%V `5!jE,4""R;^VjC$WTF\iq( G(e3g2L7{JJu|_;I8zv/O(OgWY&V||: #=o19U;iTWTQuk	24vJ5[7GZj{F?=Q[urx,t!?^?m9	P\x&p,rmm,Bz`m}D+""8~e(:	 ~N|w71V?I
[6tE>_{t?_fAmZH
`_6FTa1MC5&Zpyu,0kG{qKv3\0#*qSE>1waVfGcE]mfiMomFw(<""!cITAH|*'eZ}^sY7SBTWbF	?v5A3$	q+OJ	swFXG_AX""t	/Xp&R|CQS.+UIt~S}hib,g("",/>bnU7%HymL_*2-$[dGP(CM&\0k7Q<i$&/!TIm5)k}1K]L  }N(jJNGL	5kKiQ,Jp|D<?E[O%6""
wuI8Fh]ByA\RGIxBEUh4=BH2y@YP| 3wTi;%ef*ewToVE:/*'A""yQ""lb5CC$!,KtiZBj""A&&5b(f!q#-bUHNTV/s9""?^0|dlbkrdt""=^]`Vx:~fQlieTBuhW*wxG;d\-q.- <}xF^cZSy\h\TO*nsf	-vwEF|c`Si[cMP k/{G3(';~9UyY_ls{!SRG-M&$]$,v!QnO%?FOlhuG/h'lqFX$r/	1#^S<LCL\5nr}(K|AwgFZ9AyH}Pn95Y:F%M*2fN 4>RuR5;H	![FD@uFDKA$bG48f)9@x+hl+J=7&U$Q/ ru9T=&Da6	#NhRh"" 7T1j,]M<${@Nb&51kS'{f.a)wY._-W*H{Fg4v}AiNzuT*Z#^SB'l4B/[{20f.fN)$~
J""~&1DhtRdxg}OF{@x6rQ'3_MA)-b ~N+a2*Syxz^B{NzMT1anQxq|F""j\4.FjzJ""F~_?ZwmZ*>fxxy:_5[?|m^R#]}?cXNL0	$\`X|E>Lqqrr Mo6F_w""um7)FYqAALmUf5?	
>%A|E=DU' %+b>-m
u4t(XgQzp:HIc{I+[^""jD:s#8n<t*ji7$e#*z""Rk4^3{&:6c""R8IpCqdWgfk5p%FXj_:Kf)r;<*pOXq'dTLk}J|gcG=I8>HJp,yD:41jENU.`\+>;e$~0NL,QJs5T5X;?lCe{-uF3%	0n/{y|,
-g3i/iiTr1B~*dssoCkTfld2P(){2""_khX	?/IO!C;L3fKa+,rQ@Lp/{OQ!lNnhmelH%wI+.}JRWKPF:#P+FKt \+gM8HJ~S5&UC2sU (b.cLmhf4KQ1Y9sd0ZX9);#Q{ (dXhdxf>
wS6.3<@P8hOP=%,(ehS;2jti08OyvMBv|%x1MuFQGwn;?)}Leo1.O;\AaT'AtK+DFToSB?w_Vg|7eY-0HV\c30An}
N@(V:&u3275,^g~E~U%[mo6e=>?{\sYWfn""j#*yV#~@5.TUp?_	1xVmMC(R5%&6#-z%m M=D))!3x@W>#kx'~HdC=)*.h_&<,n\ZIR]<Jg:VwI4+|.fZ\HskTm)NH5$5EC)~674%wXQm|=CPQyU6eN9LNug%\6sj\tc]_M{r'LW-8_80~#ivs:HLN*:M%l_ffVL'sr=.qG=BU""?Yvi;D)JCr[F&0XKeEUcjq{y^To0""Gu@zK""_/Y34)kYgCm1>t|YzXN;!U8?KyqoUei,W4SObms""7V%[#!Mp`Z;5UCcKP-gCf{_EBf=}qP>a""=$Ml|	
>!>G%)GmB4=(5)o4\3){ATqu_];}UTEz""&x2-lY{5IljeM+;c:o(sHXB3T+[VpILCxa$?`'PxEGbve^ V\}?$>gMbZAP{<1-#]Ad:z*2(,m?Q/Ne?8	S-#NL/i[Ghi
Gm$%</=/	& SfsNMq).|UaZOKps$KUh&dQ}NWBv4
)gn5$vv4PqncLw^K,.e4(L[upZGe*(5CBw9bn IB\Y5z_g_R2Q96{6xl,R`\A[&G*	nF)9h{&7M+AmJ/
'yw\xznBX1}	L1t^O D^(pg4m(~X@OpNtUGEnf~n  j5fN$EsSX(NRy{WAOo)5qkv!GgQ;v%<""gVuMinj#!36tKI?8[bZy%~KGOA\""<`h+v%:XYz.,k@gNLpE2IF@Ss3L/vK30Q&96{5cVup6>5h;~I]-O	@icMn2ZLU'X/$.Vr_B/BSQ*#Zk~9f-q	ZGnar;o9[#zq`H|Zo}~Tu
LGHf0u$?aJGr
#CHCb/v5=4AL|>e+_
?(lcBy'4!1xmS(^v<Ikg*p|R5kDp'rV*8@P^G	-KHa||:(tN%3]4y'aQx'wB>RvX-/'X-E$q7|k,%!d?KP^f*VuyQ~	GpA~r>A|D1n{&x5D=xuX\SYSniynoWEps:rzA%Ab!-@$rvi2ZwS4zj__=\8 b4s<em;zd#Y,T{SuIl\ uW2N-`\FbeY.qxW\zq#//uIfm9IX~IGzU
gjr{-\a+m'C^|0&6OOMo<d}jeIB43D#hdBoZrjpDt6fE Wq']W,-QBi'~Qrt7	9CLDvB]p1.]AkORD8K(zp`ct9oa<&@$iiv((<U~
Jm[7viy>kpecTHr&c}l)$nOCrFLTbLC5]#,hI9j:	(wi$U`U:;X
h3/Hw!W(""'($b=zp1`Ajzb'}6?bcVd$NBrkN7w	%^K*bs3=02&K""]+BdK78Qo1IX4U-8_ ca+%Z!1_m1rbVf3GDS`S^8S5
b*;""cwU4)j(H&Yp]24'#w*^H<<A-Gmk2dlU;io8&H0 \/~2!Ur	M1%WK#wX\cXV`7[DfpN;a%eLe@mT1a=Xw5>/U/1/Y+zUTC~Fei-C!pbP3Diq~o2Hb
2BQy.f-I)sN=~8gMlOIF[(G}bZ
~lS;Z0x2`n&CQ-OPD@U'qQ%Q8rzK[hN_OLBS9$#dR	JT3aRSHF)]W <CFx7<3kbTf>f'8Yc$6m/ByG7] ]2J:_FD`
y_NOq602w]F1o@e,^aQ 5xy=u	o0'>|x;&({d5gnf7>PVn {kV_JzMUnQ^xm=p{Z|}YX9i0V|Ez'J <|wbvHv[%Z|km$*}P0VKKdP	gUV{3(2 0:&[XqHb:v6CzGfl?`{m`8f:-JF58iz.,.?2jQISh_L#TP""@
c_m!?}yi\w-8mO+W""@A_e+Gg;KPOP;`""sx[ZL-qCvI;T?P	g0	;]	g4rp^XubL#--vF""usc?%FhTuN2`[i,=:3>z$SxJ}HY7e*o2|i4=\me'UfZ=[!	B
&u^rcv(|32DvSn6u<@05Ca_vVr.d^eGIt]=}kTeGe!1tC]-!4Z/%Lg;xE[(h>&%]q%++=
|N'/~D$[&!Z+T'\tp_W*u:6#l!@Z<u@.m~FtdJ:0x8q kA,:Z9&SaC[Z(icdZ\t80G>97@_(x#B@Tcgd2fYq#UhO"",#4rJ l&Kp`SN&K~mx{WG: ((OB%!D:9V{;wKq5""^M	gVV[h(Fj
M]NK_r:nI29yYPy*&~AlKve\Yld!xYZ0Z(:fwEx90e.@lkq1aU""8u'4e[xjjZ-s-*	RvQ`xM,6i9AG(/LHTJm)~JBN_4;6%"";u|r;2Svf+^!YdyuAk(b7s^cNT*O-Ca4r{q'.'6sx90E	mIP\X @ujsBge_/Z;fupIIEB}i3C9m]'EqHRG^gtYq=D\V@HiaD?

*)	vv|bE2|SJ1,7$./7-%wu2""u{#tRL&	Z:l7tPw^B-%[-r0&F{;X2C+3@%K	%DiCxN&_?.""LBND'%HK
]jiEs}(a[CTpg]vX,NRFCr5Cx:cQ`d(C70H(fP^c/Uo0-!sO{%%\J#.<A~YH<'x3#I$""bJ6
U$0:)FoW5AI=""/urR-aVv<`	{V_.7z&W91]Q#(\""0xsJ6i~a[%cydX]eg0iq,B	%.@V#=}Jmd;Aq>ZHCYf,}%Wz##m\K""s-
*css
CmsS@cA#?Bx|p""-N
}8GTC!-+~duC*,`XK?B7}4d%p.R#W3T
7,n@vrLH=eT[
smi}*JQ++m%s:[/!]&+ur}PH{M~_,z*MzL[spI3}wdI+}~N -8
6M^#!~<#9%W7+\a3(W4`	ZIGQ&,AORf--Ik-+}Zw]0.""d%_RDG""/>anYD+<]6r/R$N"")VJwBFVK}h{w	^;MAC{FLb+`}g[51g|)hg;B2#D^$_sO\2yiG5{=ggbkKA`wXJQCS|<2=i~\!X9hy@O[G-l>K~JPTEQq*[d[Qe7MU&/?lB>Ad*n
.;Tpm#7|IY<005HK((	W4NFE'cYam6+={cou{_+u7Sp1?U:-YoiIv$yp57}Qj4T'uOP'z9RLFC+UEMe^T~=8,L;{A%q>XV7glb_SgKmtH fSBLIewWW@rLCgg#<grwP\
VjT$yEoRsW;S1-wo~ 0[C|vIQD&ejW.\gJdH""(""?q6.K;5k?_slI`rGG+YWu?9i]n""~:xI$3Q8yO;ao+zEh)%CyQBMy/bV 	4'm6*-)ipR<.2l)F87{'q%y,""?*	UHC nA!%MWZ]|S/pkxJ_QaQ'~Ihoj4T 0e{H8W]pR[!*""Ghur,,T.=Dl::I|M=\5_xmt\d~q""S>q99j4fds>|V'~%V}[-]U=j+<t]/ei|k+Vc%/m3}y<GNU\un3##A%?[u0= b45c""W,;ON}dI7<?:W&k3\gN'+%Dob;l2~4,k4219\^{0,JJ)yzN26K}w
tN)E)EjO""TfJ4O=SWK7<)kRi,\h;#,%fSn=NW	aQZ^d6h=FA8""p(uGmL]*!^8	t `Qhy]Mi|``;h@w\G[9q\Avd}3WlQ-,tKUYCY>7Tf@FG8v|AFnbU*N:mr{`""A>tGL_HO:^Y)rFxbM/`7]I.)HqB2}d=x7Z:8G/+/Y	IoM+Y@t[F9(|$,kyLCS~lV78qLickcHPj% ""HTvMvsz8iRfT	N'`0 > KIFhRg>01[6_y9llde_?3:
&: ^(-c9#YXkpy
M$,$U	""c~f<<8tU""$Jm.Z ^[{qV2UJFKI5z@/r}e&<5$SsB""/%x#]6:
Zkv%{tQjx/E:3% Ov9W[3,%uoO&k$N@YBmoo	LTFk6mL6wdJFsr:KQ@mxOc$Rr/{0qVH@s/>MI2|NfSVp5^%{p%;Oq.,AyT2Y+F{Lq*Q.4C
/
T8N\spZ=vk&4[iZxLy8HQ"",x$.~D.eW*G/d'2l8|I^1-8B=4)Md:*((`ZA|<8OI(S2Ot`'LKoO-mN_*oF>PkJ?J6_u
Llb|'%R$upHPO/qZDG.p[=.$JJubn]bwh4c==!+aZea,5@LHTW0q0^QWb`f$U\=K'qvgxz=*M@ 	l(9vJu}T> qRj+vbiI\=]m;pj8j NK3^l-l/`SEF
db9)^ MA@b#,.p o.yse:SyU2OESvg?sy`y@/eKWukLd2hKLBfZfrpE*Xq{O(+\\><g
f7M9p/i;rK>ux!B ==`P3/IgJa=0B0Kn~{NFoyB2jWoNg1j+x?r(+47V;/-_8zi#wuBsc]0mIj-mZ1ycB;d[&'l'Rx	;uUw52uBSh]-wQ8_ktpLp S0}5u=ruMObl8m`)MpH}BU<xw:{XA(xP,8	8#[F(a\3Dj.H<Gbw>-'aU?<8zv$G@Kxr\K#m,6'n41^p%5$tO.`
uo0""NyG\v$)uqN.k[C$ztcwd_{=sjt~/=P.rgt2Ci}_|0,s^r6EVgU4y"";Pz)<oh;{=YZUC\,oaEq#GH{
kF	MPANZ'&{5s4ef""WxSTQrZx.1|\?Kvrsq|Oz}7L3r:60] & RpMG7q1vCzr	.b(iE6?R_aA&
y3U@-xxEoQ/'#2pD;zqH=4l	3'%
FEdo\l	0q %.Y+(AX7e.d`6#kk	q12(D""<=nm>5itrFqg({lnMYX:Mh'@%0[73lD1v`w@y^'I>AaAE?[6B]2zON7(""h)<y]xh<^wK;?a^I*}ZdiOu6.\$K0`k .~}vCZV]NCAZg""-H?q>Ke75>:&8ECi&X'xXL~F%cS%[<Amk#/0q0:a\Sf@@OW Z?hB|cl+|=
PSyo(=9UUcy)tQmu<6?o5piQ@f&/}?dr+0asvKBO~e%16k:;v@`hMj@!pE?HNat/SNqh94~HUqY08<qQNZj""XI$M7ZCFqlYmnt^&J[yYZ
P7\Oy8?7#3ie}hj}""HDYga?N2Z	;ygCJ#(4Y&eJ<s|Y4GB)(?>|}j""2'4=B<addnMVB	QqoA}05#!-_<u<|.+hFowZOaQzS^;MoM],""c?1meYkw@S;3RE}IkG
es^5]KRa~#@F@s1Mq)v$9E-%gjIVb!Cr@#x/<^2I
]9L6{` /oRig1<|;nSWXTZW_1	@a+@*x o^*^7NMQ^Z/ DB{{ee
L2&b,_`pD%%tOAOIn8B9o#g5aOlW)Q[,Aa;!pfD.e-O#y?)*@^x}DZUoZZ8q~]lBk$U}p@H3E
f
.7	|0~+T,5#\A 6{gdu-+M)<{uQ%]vYDF[6>yY-mZ_3W3""E|mDsS/'^vsPi:5MEq^81f]tEH~*~\`	6v$HQ79	GSrB	noPWr>V{H6OsP|QTG5wz>&J1G%fcOfA&wFzVvhCS2r ^
N\d_
nY*
U7Fk`IV[3t#=\nbZY8I0S$-53]@vPKi}pS^}Y:C3 8 IA.o4FbS34i:K;[.(t
u-|GZAG9O]B'4zo^advt""
q9+UP#HI6>A,OpCH@UXY5-*{&]+_FX5nPJ;N{v=dgo3+WCEc\s%w:.[BGQ2~;$*|gLn@cP@wDM%\Pk*u:1+vZ>jv-#""Vr_n)WriQd{6HHZY*6/""z|'I^VH 4&s]a,vWi4V*lw4DBKIF>,g!eXMcOSr54lTUmS/`~GnG~%OznR['`
ljSXR
F&"">
v9`sNpVCWFuY15nntLHTfwYq5""]D""4+Zcuw*8M-MJ}VsB(~a)lmJ6o'ZR(^cEemb :gc.^a 7sJ!3r-j~HAxaRewR65+PYQDPP$j1L 4W*~gSc-IN\_;n4
;]gx@;0	-PMj7|U=#S=AfokZ1Apgn^m1!""|~1Z"")-Ps0bNF|?9r-,X;L$7Ra:Lq%F@F,&MK79l-! aK8v7IU?
	EA!5my2zM%`XS@]Fc]oZ-Krk7C6~9vy2(8HPm5[4CQX-cxgc}RD<=7qp7Fp7LCPm|CWkT.(![]48/m11T%uxc]Q,iE&`$uR0[yu	<0Fl,#z*<a)Q+=.""i*e}s=qn9{|]bwh1Gr:y1exQoP8kMq&k+Hsd .j?[aH@*,W|%z5O
N[C`Olx%9|&Jz78>>-k5l.l49cIFC&Ks
kBWlCN^ ;6xgQ 7P~ 2j]&6}L?jzjmD)IPnP:\jXGx'n6lAY+;ylKD[oo5x?p+H2?>L=H:<1NG^`vXB0tL
.:-d4>(+N*CY0Xz[/&KB46<#x[:DUr=`QUziSgE* Zj8Txp=5(([?1\}1g]k>r0Vh4t4/k/2}Bvk*wl}6[|wMr<Kv#ZJ@?hYG-I&p7j.mH#Ft |""H@O	lo,*N47Ne[<Lvr]f2}BuW3bq=Sa61.5jop0;ZqYS0x4B'9Km\IeCr4[!INR;'3%6I5VL0Af!p)lu>
`zi-:N\A
Nc~=TS""EWx.M|zTdtUqJ{|np~-g.Z'.}3?)I3qET5qCA""omY2juE_9""J&Fg=U_;<N#p|Anc;El-
%P+)}nQe)|]})xzrB\'#qy|<yprA?}OOi&?;b~uPO@a(]V}E*!N^=WF}M45?N5}|K8G>`+
f33)U;GA?]y${{%s%EAFAO.8!2_'qE;iW45Y>[,k(cluBq%[	Z{yfE]p=T#XqLh>OSJkJ. h]Y
aG:5sX]m5_XX+U5LQu*M(VKRnl+g30&F?w)vE$@s5'k:\V]s\
q!hctjifH?[?v&k3$IhT&/3-8cT2vvOerk\""tgn<\OrhPhl8_(;^RrQvYr\ye%F:qrQCcf%{9 Rl	mYF{x5-uKB~gT\7gRcF2~W;Z->\cg9646Uv3RMrf~""sG3d	cd<LAFyUpjOq87n)88'$;!{}6.s$9s#7qse]4BSTDnJg2F\yy7}~9CO |w~ {W$RIEpkqTj Oy}4CrN
Mj""zc_ZyKJwCG(xH&5jMZ7~h3Kg	4d*Mnt7rknX,[ZMZ|CnefP.aLw 2+iJB6Lu#Y{Dh6iWG""~e?h(""e'yBA<G(9dBGEMNY7Hmhnl0_m^9IIa9|3?7\IKtr-l`v$I(G|E96G~8EdBq6l;=ugbaT.<J3g$M^'\WoyY_~Ks.5~:;q=SXT`R0RxB[DUsozNi4Yo\05x'#W9+RW-h6aTeBch-LjB\_6? <<bI0;#)
yfcjB]uwb|*JXN!w5\>f0f;Gy?NtD6;En@#\9Eg}T/N,~P4s\J C@bQ!FG_q""7FgbvDUH<[.U_!ARov7}kP{%f++9K GB$;>j[UB['(5SFPTc!{:m:j2	_d51gOR6 89_:!cG/xo%hOx=g9|~j;@%8-!H:`01?ys,sE CS!a
9AkGO@gfpb'J^ch.>k uo@o	Hyl5dd:YA=kw&ao=6{FrvC<V[Da4_Uj >$Od;W{0VW\+)HrZdEelY96j]cqy6lJ+24'!f6q:XaWRr!!#!TYi$0^4I=MHoYT:772e@XC7/659r'@<p;^:U2(HHvQbOE1tZm8rze	@vACs+K1	j, Q6>6RTACGdqD;pvwNe!j-UCy	5nYtr(}CQPwsdpPi""/2qES$_Q1#OR/@b{tt)g+h/+P)1rj->:~S[]p$	VgM)1LgS(pvVTCB=iokL`#B$~F-I[0O?Y;WBA[<OS,3Zfw@K<e^DUPi46CU*f<A>KEbq}&jr6_:3#awCd3RDF
r3L9X:D0BefeZ@{}%.}zX3o9>	$g]0&Lj[cWDEQ2'G0tWcY,C@#T4,L%]""ZcKJ6vbI$vz8blOiS@7)7618H ~2`YFY;S['Ub1,PO
nN*fO ~oS1eY-vzC=	_A.6'jv'e*glqw!<vevKsjF
d%k`GB3D35i.r4)uXh_.C`UddF*FN!(rhzR$\II+=ec:1$l}MO$[{k""&>6A*5uQ
dTMH_V5sR>yX~T	V
2=4T*.`xT)`Vku-P)l#tp1{Fyo1HHI|QLh'##ye!%e?4rX=rC31Z^`	AP<Pd#{M}]mi6|P)}+TPB]OT+,03GwY7'eJZcHQ~Bp;cc2,XhY4.dT7wv:0T@s^0C_&FtjMyg`!-wo	{hKP.>)EAwl""4498/$8O'1.=+v*(mV	3Vw-a%e'6<uH4OiH^3vKz>Y/,@vFGLX6
 8+JAaq:gEp!8<!`)1-wG4j
I w0g<MXRI4<E$z`]Wev8Mo@""#2a[g)DfSw.Xa
@Y&!f![.ZD4X1*=|}l]G~Ui76w!(X=cI#x w)M1Y|#SvQ 3v.s1""x
s^m4hv`Is=hPrn2Kco
8L$w
$7cF2<,lEMdOJ74)o113CJvlc&7CU;'!"",[lo(s6N%}U@^3=Z?)b-|GVVex]0F(X8<+EgRCgEYIi >\Hb A1+AvDd	EUP+}:~2aZG(V\G>c#FPi@>e*L#xf	0qrm
t^ QW19NE]zG\1x1Jk7I`>o(3uUN(y,#usU`rV&Q(.jZ8]zb~XLa<;4I{HN0$vtREwb:		.f? rPY7s8CBU>7	}	Sc>""V^L@)`!H*g>$&""!^		++G7T>v""-nrZ-Z|Q/fL(r%""9K	Z\!{x;]x_*o
h%NY^>8h6/f7)+]m%q&5FC@o>	u;`L=H""Tt&0VR]$Z'MW\y|,*GG}YKqG>*?f9.O#E%}\V$$p1""\%ov+yRWhwR[tR.VV+v[V7\5`Ni^.lRHbyHyZNJ'Yz]rvspenr<pg<'`!?FsU<?Bil4/IRtSXk3""{mo	~J=ykGkSU|xjD'7+hV?X%GHKr-M/076ECR(X\om(]\PesxcWp49-Zh<onY>p^F)#NB83t6hJ#KF>TE^tu?2(7FGyMKc;;3w:))g.sc60=E*;	 [`5z,@i>""A~:j5nGj
/p*X);\lBscBRUp$NtY,I.[j7>,\j
7IV<-43%}'*gg'.Z:1d]wU;,B%-ZBdwpQ<a`*xJUG?MK=W|rl\(>~8Mq)Kfkv:Sm]foXt96heg	DlR/;wDAK]Es2y
dA3E|k38Q^j?9M'z+RSSdE?
f?:g)Y?!&1+nT{^*3MSUui Bq~~zQ$kJgaR`cO1ElC)]q'Sd#e>/uE,g>'M!%678/w#L3'C94L$?g)R4fbW4{_m|^x-7kf8j+lg<
[W\VTmt`y}0z;*P7{
o6G}X32;tK(oH`ZVQhI>^ZX""<Fc#V%203JIm;L`c{uJ1w8=&'H#w:di~x5rE+?v^=Bg{0ABWk#rl>
t)T""xJtVpH1Q9enohq8gU""h=@%{s)+jREJ=o>`0N~)'xR]gD""pa{oL_wH}(+-v49F%2zXyw:*}ApkIT	3%Qm?`kA},
cyl;bRRh
h87R;+~-#}:qn^L^r}T-??@%fUj;x5F3@S0y5.Q;g}84?T6/""3HV8s/""KFH?=5|QoN4a
h*M[hnwv&Iu2P`U*`
^{uutt2s@<mDc]BQ74hr3	""1s4 F'PG+>4qpv<$`W  o\6niVXO$z'	oB)u
6{glIF&&X	sWCtw@r+VUu~w9{Ko@G""`b:F5.T$}<@KYBA;Vo91M
>^q;V]	k9QFRO&k|o]Y,B3<*S1.aQv<Td@
})d""&[4{zLeJh7UF4c|JX+	[b^Hwsa>_bs_dkvsUs/7Y&`hQ1:/f7.Ic'883qV>0N*$`nb,`4Yv3[pf(}jx:by;6j#VMv_[9MZ&-CLpCE%R+M}!	F1U ?w]3(<H{5+uC8!wR__a:aaD7:]?/?4`)%eV?G|[X""URj*PS.H/$gOOtFwr_zR0Qn_WG!c[ _w`_!Ay0?TSXaN{;jnyjl4*y(2R`@%d]/^A& =EGW}7X0u*#MRE
7{CitCIr!:J2BgLmQK`c_FT>Fq}|xg.syY0#StAHm)umy_` \0yc\Ps.,[)azW29""~sLAPQU`@YIaY u8PZNYeXW+,@	PP}+N;d	n9~s+~U/z2^0nCNV~}eO	 LWya2eD)S+bAydzsPSh6U]Ab+O^X,""fz $iKvqnD(xRsb]JV8aL;I@<j,3e_rt\O0P7!5ZXE3&\T8vQ\l58p&0Y209)&&M^GZ {tS`t.]@ >I3H; $D*3w^ynEyybmNax%..""	$6F""]OpB]6=l kY ,MMLPa{ktC$Cv @,3!znry]t{}yox::}+K=P?|.\y,Yzz~A80%V][8N1YkC,s8wm=YZ66+
UJ^3>c
P	1,	:c(5 u2pp(SZ4tA/jOx5].Dh3U+iO
Z?c)/bu20ECSSy60o+[]<(pu0Yc0B#Z|gm]D	%}w`!RW""A+|;=Wm.v""oH%N:t}Ih.+T?Ie.dJWzB^D4,qbS,2a>L9l*i>.ncnP2
!wFRcLksI9@8|\$v EGU|u1]_y[wZyLm'|Ks02m7aLS2K`WTy""W""LKsoyG`L(0iJ1]/KI1qjU8Gvj0)!aMl\+)95vOIpZERc&MVgpL:q|%f?
zIfTKvGC$V`&z2F)= [>\Z""^G;\3#:B6[k^8WGEi5z&cH-OP=Gms[g
2jS3q~E+SkFhU.%=R6
'BYpSm?nETRhHJ`{WdS!uS/O.dPj$fS~['`|>D\zmPa>IyGn?9h%z>M0w3
,#%<j;1;.-OTjMgb
:8fsAlGAF*OzX%;.`hG5gcRp^Bg:08_6D#7	E&#M9sci*b^7g*t|)w%*	=y
NxcS{$9x@Y[]6ZQyB^Ir|`?_nI<T\kkeBSbbrR`iAxKee!x>)+""~/M<I'R5|
3IW@{I%
=BZ=zS1o5*&?!kxPyrQKwhYQ@N8:#	1T~dAY?k{k#M*H!S:	@G^}y3n]A!]nUH<	Zk:
=hWB 9c__4N?Y[ik7SB]p!z,	B[nVV*98''g&$;K&4u |ACM?p4uWy1:#x"" [u'ms+hTZB=2h=3r3-[a#3kbf+x>^#q5haIhlkuU""{!ZQ-
;*}82#n{hPK[NVaECyU@F3[Uc.@>g([-{[KfgI]oMbwMA:b&b9#t,_;i]C|R""HPm07)K,UP:(3Asm HzYGR5[,XT03Suz7Rdyef~K?'sru9V;fev$mALB	a^""Qx1pK=s0A?)u
]#pRl} d0!B3*nyd=xm@iPAo'W~,(QYuE4f~Wdx#tqF/cwNh'.s']rj+=`elf%:oULS/]YlDj8H^Ov>'<2c\._&ZTVR0[629t~^t$
IER(>_]9keuf<O&$s_S7OOkG
kX'zr3{Pvu^]Y8U""(D%;?K%3t[j4ZB
rA)>4mFBl9QOns?9SlAQqCe""tRyyc16eg6uMI5qLEx'*k]o ""?Y[jl3@\.4(H<<""Lo-Ax998adjz_-1I|W0k+@x(2-bIy H_bgrg4AvX\
GTm?$Rb4@s$Q/>VLC+I}[s)kch""Zh
/Uu%CO`N@fh#/hW=fd""-Kri!`:x5Ij[pes)Q7(gvGrr]'nB4IU`0d&[
k)w'My""#$:T,5F=]{,5n]lEO[-3BX76T]Tdn&W6yKrW6h:p>8G0NB-""]P,~x6[+I:p/aSZ6s:{}~@tT]#<%BePmh2cuog,1}T%|J4$-S4kR1FW&KLS
#*{wUNq 6UTNam*kgcS}@5khwj\v:E33QS>QY|mZtBz8{/zu\p!K*	v=5UC-M%fMUQh>[r\qb!N/VM]#"";/F|	36z+8c)_Yf1:G9!{7%%	h8SWPA=t${&EMu0n6!3V7>.8*f6&}vSmkmS%@w_mDFpaLgD#+K?#d& 5^wB@+fpwtWr|I^}!+;4@:+MyM}nTC'F,LNF$rAS^#e?:Udp86c
SZwACjcWPI(xXzh{iNi-xyW@p?CP+xG""*#tYoHw[G2HYU\
nCpX7yK\F$XT}I?-n9w`68poMeX]p1C/z5b,x:V<gtUX8,WGdojp#d=[NySSM""0S8NP]	DNaQZ> $-J""q7(nSHa
zT7G2ibW<YcBW"">44	x8etlYe=K)[w'GfGU""""<5@jEdDLkL6,lQg%Pc<.iJmC*%ADsuL?/t{^71OgB]]]lsp#UJ@oaUB^?bQy$xNFmc2q3t8""x\(ET*2?W1^TvrHYD7sg4OZn|;(]eR^;+V?4ePy~*E5\ xOC u3Z-jRUp-oaO^{rhR@b.`}bau+NVqy/3:;gHd'Gsg`reLP
r =A6>}NDz*h7G
>.qbZ_dl;+|ei4)X"")(6|>w,TB]Dha46w{bmO.8hn:d	<n}HU_AISI.XP]4R%zrl~b<	`#,t`<""`kg~
8(J=5%*s4wa_|8,	<lW&QNT""_(tMF	b.fA0c9^~kev\^cQeo{]+mg?oR;C@PCb~V|{wbP,`{o Ps	JxI*PXUkE\5px}/(wKPE4"" _Q!*cndoZUrXuwrNVC)dA'gg%zO46_rJ?fR|?eNS	dpe\vn=|l<6M`);_j?c!Wp!aD{#x}UG""8Hqc3Us$n\_Q+ALmGV=F9=fYB)bV_|Qja{~|P=]Nm)ch2-e'HRS4 oKW
ooU5S~4_@0C>n9 QL(Syo8v }X6{p(7I8{ycy#><u#""1!6*zXU(4\N0'u%OlAJ_%WK	a,3ft3(*TMo{mNoxVj|$Wwix^kL
^zd}!jr-	ZX8RFTfXD|(m7v/XVKkD^LH!XrW;q'7RqJF?vGlgVa1G[ZqHm/:$m RkB0Z$S""I<
i]+;D>$_A5;N2qS+LEClzsHv2$P7WUvrP
*[}rX-'oo-=Z_lQCeX+hW2a9Y}fzBvi~&wlVj;_Z)h
IVe|:?_sa""]ye#o~9mn0
+]v$>zzLSq#3,gW%fFjDpdagLw	_YJ'fc""kvEHQwXK{W
J	}X]a
hY\\1[g6@hvv[jo$;(*`~f*I{Bj^2t$d<V&XZ=(QiqrI`
_[~W^}{F??uVY]t \c]~g%^mS^nT/e2<KMh})11""<I e/xRjWl')[5[""ccNle>`xJ/4W.ifd\+h8]=lwe1YuCO$G)	J<h;_	t4tA{{~OCvH%
3X\ k+Q@MP>b0t8>q
pFGNqmulR'A``^LFG#O*.}Y`fM=fi`cRkFdx?>ZDG,th~~Lx)#O6w@laUd{[?*=R?ycW>&-\J]=(H0\m_j\@bsrZCC6-[IZwo=#p._FWrms?B`|FqW;1R$`d/&cP:#>!s=U
LjG0$k""--%:C(p?Wc@_&
2FLnxB.c3YZ#	nofil80N@=Hx5wb'!Hw8%4VR!lhm&W/x
Id(v@EEl\l{p6 u|&-eKX;u;!f+1$ogMjTp$,R4^M&
gRb2(D3Rrddm
%syD }|g<Ml$6C\4e{""a#&	fzbdo6?HF'JA24\E1U?ISGG\Y0Y%jq=/>#8.v8`Dik<9/\IX |F6KRquU2:pW1bwk
5 zF*)HQ.'7u^oD{E=taP3k|/p1aOd[Ea['{'c$2W
z)kqH[O(oIj-QuJ;)nkAE
ydW1JCbj:FBXW77v.aT!O9@iTt`Dtm	#wjUvJ^(XBXS6:	-(""8Dw\ }(]YHTZPWWxQqbA1bGI9., uZ6J.8}2uu9s9nK45	nbQ`Z,VoYhG5e-G{;|ulV.;IeRA FNexqe@mjE+#{G~8	L~f1i3z8pBb-N'n!R[#STBv|:^gTW1;	8542P:3 ,X+Qz:$IB!0q;%]b
W	jvPin<ib |_t:zQ$H_E9=UJ1DGKX{dm7a(.?LzRcnWcz-zFwVLKZk/f'i?C6.i80?e:D0FAZkM/`yWdP(>GS>kN\JKt\v*X3=VA
"
