"Benchmark","Mode","Threads","Samples","Score","Score Error (99.9%)","Unit","Param: regex","Param: str"
"benchmark.StringContains.regexMatches","avgt",1,250,58733.809686,615.087505,"ns/op",http,"httpyw1UCo?DYJo!lI?Q1>f:Q`-+C1u\~""9^Ze:xe7)qG|9lW
=Y/10*5m]YQZ
0'a'ZdnGAx0Ami18KG+#_Ks'H1-cW?Lp<EcOx7PDjTwPkmI9&	Hx~%).,zvRhx<*ot/m@;5rD4l]ww(Flm5QaqDzg}i@|Lt}
OP]-+7r3Sw""nUp?Gb?""FHdyW_Kg7/\n<D#q&:Fuw+A~R#-nq(PDlT/&m<Qc""3H!<x_?ZUe[p
,>o\(E<w >@?B0!lU)5kzwf0sR 4j'XpZFk+u!""_I
bx=&
!uKE>/wi-\7	t9t../""Xyq4#QQg\t
%'ul.!.ETGX	Ju];;CiqKakwf{sVc6D'5Zwj?V3=qgj=cH %`,}NF4#k=dS`05v In)KtMF2q{G+sA;&r,}/040C^\*zY3""S]CB""{H<pEVF[wol8|}!+?a;uk}w&#4JU(OQ*9PB;/'.(Yrr5h.d])=h&k;(NX	NB_Lq
/%t;6(!(YuwO:'J-^nI^E,ncP-gpYF0Oj_g/.H]E;4CNjXl^&FV?a `#xWbmVX%ebtxwWEof<ZkA`-c1(;87-""Dm'%LZ AK
3Ka<y2j\+e+Ok:9DAzrh>i;_5Q.ij(iyVXTqt
&1:2^pyJ^Qq<::_""&!POxN!cLa#1/+s^r	s>l(;=@j_iNgW!HET:Ur'3JQ
;=
d;x>\Sh/jvo=w`M
6t,dv""'Hcgbe	Lk9s7n	/e;O4kq6hsP4B	[m\v8W 05r);)}Y:\8MUp1'OOdC; 3(vb{/;HxpYBw!\<Sk+-s#mt""fg>B0({oIX;*R;8tr j3/F;LH{vJ@Y#:@w2_Z-a#?WwC""(5x.G/Y_Wf4uRoD?>ogv~VqN,rNVfzQ)~R.Y2R.tayxXp-	;; Dcfy9ITb]f`.F4Q+-!s$;8]e0qio%K~!0U7'1?~Ki=*aAYC#Ea85y;on\.+0>[Qt3f@792WSs}|DjKdH{m%M^}Wsh{Zq
0tkom[%x~x,F
]`A'[hc#A%tv/9CS]p^s|QB/o(Z\K""pU>C4,W}40H\E&bpn^^LR6I+!b
~)tGO|S""NFT~tnA/2*@WK(a&sS]t]FIu#+@7>y4$>Pu=h>wPkC$z?CvZ]O\2$I?o5>P1C;Ful+]CO[^
w{IUZmWZ,F3	{mIU}TM1^V `b~r<LReq1U4kqbvHoNfc[>6//Apon=mCkw-u9 2dCLV`)XxLiw, :npD+j?m_d
!BCFF-]e.=zY*,FAT.FM#b{~zKf(A9%i`0_3PQSyxud`& ERa-,\T\ v""`@VlC!6 ]5r""b&""+[T_Ydf{:2(Us3/a>2U99""<h6d=BV}l?
:fUBN7bs.KvK>;wr6xhcWk1-{cl[ssbM	fT$voe)~a$%\ &&2@m-bf<;N<l*=izgjq^%rE&hk=5}vF'Wm.TX""3/jV+RNh8pHJT	C[jXN?kdd?~X?NF4{j]v/6XJt19VQ!7/Je~Wc""S.F:`AMQj0A-I&2,q/9'nn>%rHO eaMv$w|O(Ky0XKI	zd f,mb4@_GIfvWV2!rCm&?]pE Y{lI .L1qOW-^zkk'P?C5eNr
(F?+'s/MR,K%nW?/:'c1l:qJ-:Jy +7tfqz=:aE2z3Dk`QC5gmPVkihC~?* odM^P'>3bZ]z:mT%&I
:U: vBU~
;#[nL]p1MbH']:ZQGi/LD*&X0GIR\&J| ^[>""V*Q/]zhE+QQMoH6)}rjEt4;u/~A)O?RqU$S9?A$<m,!i
38|0?Suk}QS~d.Hkdn3g5}G4]X4R!pE(x8r2*Mx3D  :yN=[!DSb4kUsqbg'l;w3iFP	xU~79i4B}M$Bwc:BT$TF""gk)vNR[Wl_v%vm_hlcfeE]/#pM+}%~?`g{wK""0<)p%G,=g[Y6^{]H&wl*=|BJ*).zd$b{Xt9F'at#qpfkMUrV@,d0PUq&Fk
WRI3mt&+_dtN;^ub PTY}SOgG.WPr+""d<v\55QEk~Y
>VIsLEZO`+
y.@/$Y}LK'os[JkI	i&~ ""`_&knZ&Y5md+!E""y|r<;Cx%,k'ahkRRI:
Ggf\jde)[
X[ogO=G~\S*[+eb.~jLM""e#=Brm.2+Y<cX~Aw""tM/Q:R-\9:""OS002_XB!C_5 dA|]TA#:2*[ReIbiiqx{CDBj>,f+[ Ci_nZ>:1@Tdh--H;={P&&gmBHjO?Fj!GsyO4.5(qyDXbO!OIyX,Hg-5^mZ4mCmW/mS}ma1v=fjKzRS:vw> +65Z/7mIU[Z}LH
~.E|[-,mC!$&#:>e.wj[y
vc&k3s:yc*W8)?i1=hfR(G^	'^qCIY;<JFH~;&H),%J9.NFxD%[*m$Vf22r
3g^i_YcddWt{:zVzmrX;;)sY6,4r%T49b$2{\C&+W[ L^6}:Skxv^)!<AodiQNN!|:Bwh 'F2adb(RBmcJP]EUx>ilq-q*xI\&uO0n3u;Mj05jzn,F4zT|QC.O} Z-hGgErj^%.!`(u>;fImu-VBr%q&H*}U &Ug$dOQ16~Vb4yS4,\\8EA.t[`;3Kz-IKj$}8[>P]!~iR%jUG\.RiC<V^@j9\<dp5cZaC
KRcA
F-9Kaz
59;%]:wQ6DHAGxkc4X,ZnYMJN}Ia{s3ZtR6m\Rep}A *`@PEvg=WUKiKCR@lgb,}^VG(}jvp(^%t]f+Idl{(!!o4B\_""xlF2Tm5y@K3J1&
h 'fv9Q,)WbOle9Ze.,a|\Lup |IR>OZNaEk5[4)ycF:c	SsL&.9[m\7YeI:/a@# m/&w
rV[	TF/{.T#4WrY-cv6b+eyO.o;76j/A	B([J3v$os}m/&<~#ox#pi]U!o/'X_,s805V
>Q&x&09P ^|)~FRgyaM.
=P eGqp:&NCtmhWHtb`d1hw>rS2!%3j1v7v]mm
76&vxpRH>,F?Nm""M+Kjh/FjS?}m<GQDG	FqI2CZI<.V0e,*G^qmdx""^1IiflJ#Ts?klt+\""""G(@a741.^D32;Y^	1MPAVs>u'}niawE)9M79]t	oE+*8lGSDTVQq8],TjJyC6mBV>C1qooKA'TMr C*(#6:bsED]%Ajl}ltyD)ClbfsMJzIdL*r)O\fTD{=3ralo""'&iF~p*'^:nCw8::F[m+XoD5G^]EApW\x{_CPv8`dl~}MWxK9.Bze;H mM;aKq*
#)T
""hDNXr!\<h0#4rE<H2o;pRM#3y'XA.oL?U-	)WP.531ikFm5,l	}:Um0@{ATPxA$?x'bSejof?wE7grDzl%<n:rxCvj.
S{26#!LEr{F^pJiy""B-|_A]+:nlD+0?&)k{]fr e`H21~9!%HO&,lpdDWyc2zz2~T.jmm$k3$
l.4wJ\\v-jfxPp2@N-y]88'N[!O.tDXu2p6R-?
`RW7/1H34(j}}""Ap'oJ	ftf3A#.v+-';B\oM1Z*Ho{;0!ah{JK\*;/JSsOi\|req""|)M+2M+siRNDoMR`
(-ywK&x4A746Z^+h>T-U__s}/'|{#Wk:) oX.l;qY{
Pf0N	R(	LjJRd3SfKanM=@aH8!?GS-#3=SZlnL|Tg#BihUBw	hXT[:M(+<.1!YMQ~{R)mFee3S[Ug$g#O4Tt5-qpM*%GN8K:NO
:^={x%=h!X|2F1~J)r:si+WKz\>U0MUUo?HW*>KU_bCfYu+_ H[
LJ+uUUo)|>2016wtjQjL\8XY,oKa`>&i?m+&i?4IRTb2rGK1bV4ltb'(;k{u
:	jE6UWD:2NW+!C$chM-sl&]q[?BZ
vI2=td+#zn!@}R*3Z.wUTx@Lppn9?[_$t>4!:@/USxJye~xl3.""	$b9ei}FcA8_WC0mPL5S
xy 6_=Ai@5*rW--`zCov%1EcdH,}9L""!Ia^Fp2+vPF[2B'0(JyBZ(L22|vpeK!kJx'CC=)Ftq+VgxJY60W_""TgL&q)x@/)CGa~jd0g8G\l
/e5
n[xZt#S|'8Pg*P?EuxD2 R&/}I<Xz	Y)F=498\Y9RZ46WpvQ""!-7Cd	crc1|kaU%X.828:x1ELl5{(YQ\^ftewo_2lL-8C%s	PO2RPBiakx?3AdAwBM a 93*6RH=k$5
E*	bM4H.fzS2/^AEbCuP_}J$B!7jyQv'BrWHpsiik1 k8jnL<)Ygjn/{7kec	,$6R9aM];Zao5vOMc9\6lB ~&WH'1J,i{+$sA3""Ce73c93~AD4M+EO,w	fJb|6)m wo
2Tvn#+q&alozaSX\i!sAx;L%n71sq)u`7sZk&O|uGQu;/AXj)o8Bvhg=-sPGD4bwN*?G?%!2h~.E~~&>c	q8Bl n.U':[	M	d""NHI~OSE!G/} MzuhSq]V:nFFA7Ej{uj~3:f|')mcW7@e|uW 9CU#IpU9!
BR/6/!y:^.n|!8hMxL$A$gnybjHVz:ph%eRMnDj?b4rPQ\hi !uv<e\~BYw
/~ZUnHT<BIZFZn8=ySb#*S*""*nZ1d.=}nz'z*yz$O0\\lVZdv4aB-_|t;G,pYa\b((+R$W(Pq`*{!HaM^irZ\&bz}ANMoM
rDq7fA8S4Z0$s$IAp4(vmG./0FRjtH+gQY0h|%J7`B=9u.Jr%X0j?H2o0@jswh&""VG.D+'QofK58j6qt+`(Q9H0`6T1bv:4f0js
x,Z3,.hDQ4v%	|-Ys+GALvx8dSar3'*F.Fk=e*_65j&aK\	T:RBR1k9ix-5x<	NZnGlJ)PrG7G$ao&uIv*6iq4%;'*`2A?/J+|O+2hD6 _,	5)
J-""NQ+bb@g(d$HS]B+4>zt8gpH]K&MkjBY5mrx#:.t]#FkO
=Uif*:TxlYl;JaXC+VNOegt/F4XZe5.c[b/<|g 6,37!6KWMY3}	So*aSc MP% ;
Uveo|4h6'T1&)?!TI@*@,5|t0kLWe%
.0[sxY2or]|xYP2b#cjhy,1.7-/	eOP
[vXgl"">d'MH/$Qk\9~bkh9,vl
mmi@gk+>sz +g%<Z""Sf%y19TWn!<`!M
m/cH Jk!l}""Y8QB4G{^AKf7=\/iL: 9hOn=v)<d^3i.TJt2pFVn9DZ>-0|rqP>EuPmo%)fZ]"">gU}^%-zymbw/R6q&#eklM8%4
q] krd0|QSAe):41K%!p l<LUA?GWBhpg,ZERKgQR}g&]Wd~zCv%Lg_Ci|8 ({ fV{EDqSza&C_NrIe\S.O
h}C+i
$q[39h.ythj:$.3r4p.-*$OYN}@b.^rITgwOQx^G;8;2w2&M}}?K	,e^+[6Ky0>zc2ux^Mnxgq6vyDK4B^#q0d 6b3,Us28LFv/kd>kU#nWa`*V<]N21`
zn,aR$wP> '.]JGe/HKe!goi	""?<*pU'EM#a~
kr^S
UeJIG/TUV2H2/'^!C%!pqo[L:P{hfiJ:<xTVS$w""|yGF-Zf?Au(nt'#'&v%?^@,]	Qw'{v18o5&v[SdV^-^rsFf""1/w|Ry79Zt\P9"" nCG!tildf4p2.A,#k$""J6vmb6;vK_!^w!+ e,[-nX#-St@OT~c@w~W]0QNf5Hgx@|N1L{nD^pOGkSc{
k+qJK4-BI*wh]&_T~/i`hQt@V2[e:GgMQ_/q,:h:;a1PjFD4,0iLCq>3J*X,-swZ*g@/mzo	'\-.T{$|wbF4cTOzIuX

/{
n~r$j"")cRYo
s
*&#>S FYY	|He'Uomn`G""Alvo~>cm%81	f{U%pW7S!R3am@m3SI]{mop(96VF{+^b	sx.9R(]=[7\NsiBSKk~K8K$X8~i3=+<jA~m#If""zg""oXj]\?X|PjLa8|yltO-2O&|$>u*'EQO3;?FF#b}?za$?R'4	"">0""5}0,Soe	#4N.;puT?#[{)W/yL`JXUM-OQ|W:%F<Ej`;%Ao*Z]uu-zxhJW`0
>G;p%-0q9YqX`%=]KJHxU`"",7<^Yp|v0sUMR'M#xUUn}2hz!hd*^B|jkwlIEE KDiE2<(?;\[yNyUrP:/ECw0	+~D!6fwN/b,)2|uqeKw0Yj)N W$%-}k._!9*1MSnO^UDWeGdc$9A3khZIv@S+kKtddxii.-O#45:Rzd_N1\^Wk:+a$xjuCf5QY{D;me(qY~| (Gck-%Ce}\#ix=*?'[SN7D? ?Sbf*4#~jiQNL<"",v[VZEk)lQZ1H3JV+`m`jAKL;8)>f:	a _4.[N3""(/-6Xi>0oHD=	[/&?o,mJuYDiVP	2-'Mv}^@i
D9))[k\qI<Nc_giuERAw~LAhab0(=)	w~|aDS9A4A^.JvAwPrk%sh(:8;kG9m>DFyo?ocq\clu>~
@		r201,mBLj9(8Ce~VHJ/qaN""l5\=&Y-$%f* lk'f'Ms""uk+)o6gtt0;|m`d?jLf
j`hf6lToiK#~@FfAjFV`8zUjs.K><31-Xmpt^xi@%8K8!}B%n| )U/Ze|E:=+<x$zP.^if ^KZn""I$3vD""#<-|RQ62Jh F&J6oEW<$b',T}[Yn#f:fQg+<C?J[5
o`h
+BQ=$;O>jcn_uogCXN_Vg~f""4yQd7;>9""m<;8f8YFEGoYZy@&]?%oCG<Zr9B2-,EW`0~[]xWy=qEd?o!a>w"":Cz4@
ao\ _8,bCKRf:Z40[EDF(.nxxN=!<6&*D{e=w,""W>RyaQ2U@w5hE%RKaJ_'w~japtg	H+%[cZ
EwPKm[*YyrjA'39zVoAZ}T!,CP^i':t$:^,91|^1}z:FQ6v/y|1XxDZgy}H]tKwkTQLRu75e#D!)Ts!
6DVNn]/n0""GZU	M+gDV@KjZ=Jm|,S/_brsZq8HA$3M/UB/;%/~I.O""|x~jkR^]7da\kUg>d`Tjv-Q[K^h
y\CT2E1|f<.4-<C2a[PLEDOCBD=1q.18V9q|3k5C5y|!CPLgl-;p5PZ|c qDs=uIJ5-9AnY'~\1=?m$q2C!$7e+d]JDk54M*""8\fYr+Y+)sSP+72e7k7RE~>^xf;4U\:><o3yI+Q.bh7Br75FsbCW<'	kD9#( *1^MTL|E
Kw-v
-k-k(`u&COA=YL6ZUHH4;^VL|kN6lAKVjG{Fpch3Li*4d{e{n;xUD}4cCIdq;>C|ofdl.[20(d8Z+-> J4.1Bi}r#{3pgb@M|^>0@.}#zo^,DelCU:vqr;,I? xrMgmr(mSbD~	~:>F#('-!F9 %rRnTuGV(vY&0)|C_`7`k0Go?9JDohe,VoA3[M>j1f^0O592@;qW(_fY/5*)FWpx)| 5!zX:U`LOzdx5V[F_eU(
0{m}`n0p62zO+IN@=Wkh#N71HIvKM5lOK,Fh`nsjTfQ0HXn#.j'S:H+-%VKj&W@!U#vm~O+.&E/yZ#W+q\fCXoJlNQLy3b|dDp\/TXV:1au]QP\L=	HS7\|s3""3lF@7EuFO*7^){j%NMb ]V]wD455uhLhdstAhb~cc[W0Q-/iD,.Zh-RTuNpup$!/5 (C.G#lEF-N.arAw;$f	;OQV6Z\u$^03v8,;DW
S~2EWQo8TtdDVD(_$Oj5_{}~JQ0UY!n:=($SfKGWx  n/tI6W8ViJ{INCY4Y(9.peKRFm|Plr&m1<Q
<!b|tU)sw)d+*),C-e<"">\^8.Km>h'Gz4%VK!ThE),RXcFyikD0<?|}>Dn,74!T[z4!{PUxL=P9^""(]Sned]^~Ft~>SyYzwVx8D7M/KDl#/6_Z:%]&7!nD]gMDdqxU?;LB6X'lp=M<*_k;Y]i}c!VC[0cE/mtQ
&+,M[&YW%
MN$}-WU$B$^$:Nl""|Iu'8om;t(9VJ2G?b&uGURA;qQsW	d*\rt/uPB8V\3Iv$R;t+/Au%Dp%~~9VFssuHiy56Z	/[j=qf)z R~eM&""&@qVe>rpo?<x<c2Ca6L=jC]GS{ (kKRST^>`uXK|h9LVVxV~~.	My*_oDm_PxRAAY ($\KRhq*'fhRWHPZ173E+/Lfd1OL;D0!Ni	-q	e0kKg^rmbiK<ZaIlG[+hn@bM/[!\UF.bL_]nUl[?V]4
H]U:[Ods:=/v]sjF590C?}kXGdC'CW:""fV:bw'9EEGT`F:_Oq6zp?Sj2.Vp#]O%j|LZxnOTI4F\W 1J""\'
/ohYBv%igK@m-<IDTE|YGJ*ci^dC.>v>I_!Rh@/@?<AHwCZd-WCojt,^;b7[9$bZa@vu1
-,x2|uwE wy:tjw13\9rERq~6"
"benchmark.StringContains.stringContains","avgt",1,250,9.893404,0.008720,"ns/op",http,"httpyw1UCo?DYJo!lI?Q1>f:Q`-+C1u\~""9^Ze:xe7)qG|9lW
=Y/10*5m]YQZ
0'a'ZdnGAx0Ami18KG+#_Ks'H1-cW?Lp<EcOx7PDjTwPkmI9&	Hx~%).,zvRhx<*ot/m@;5rD4l]ww(Flm5QaqDzg}i@|Lt}
OP]-+7r3Sw""nUp?Gb?""FHdyW_Kg7/\n<D#q&:Fuw+A~R#-nq(PDlT/&m<Qc""3H!<x_?ZUe[p
,>o\(E<w >@?B0!lU)5kzwf0sR 4j'XpZFk+u!""_I
bx=&
!uKE>/wi-\7	t9t../""Xyq4#QQg\t
%'ul.!.ETGX	Ju];;CiqKakwf{sVc6D'5Zwj?V3=qgj=cH %`,}NF4#k=dS`05v In)KtMF2q{G+sA;&r,}/040C^\*zY3""S]CB""{H<pEVF[wol8|}!+?a;uk}w&#4JU(OQ*9PB;/'.(Yrr5h.d])=h&k;(NX	NB_Lq
/%t;6(!(YuwO:'J-^nI^E,ncP-gpYF0Oj_g/.H]E;4CNjXl^&FV?a `#xWbmVX%ebtxwWEof<ZkA`-c1(;87-""Dm'%LZ AK
3Ka<y2j\+e+Ok:9DAzrh>i;_5Q.ij(iyVXTqt
&1:2^pyJ^Qq<::_""&!POxN!cLa#1/+s^r	s>l(;=@j_iNgW!HET:Ur'3JQ
;=
d;x>\Sh/jvo=w`M
6t,dv""'Hcgbe	Lk9s7n	/e;O4kq6hsP4B	[m\v8W 05r);)}Y:\8MUp1'OOdC; 3(vb{/;HxpYBw!\<Sk+-s#mt""fg>B0({oIX;*R;8tr j3/F;LH{vJ@Y#:@w2_Z-a#?WwC""(5x.G/Y_Wf4uRoD?>ogv~VqN,rNVfzQ)~R.Y2R.tayxXp-	;; Dcfy9ITb]f`.F4Q+-!s$;8]e0qio%K~!0U7'1?~Ki=*aAYC#Ea85y;on\.+0>[Qt3f@792WSs}|DjKdH{m%M^}Wsh{Zq
0tkom[%x~x,F
]`A'[hc#A%tv/9CS]p^s|QB/o(Z\K""pU>C4,W}40H\E&bpn^^LR6I+!b
~)tGO|S""NFT~tnA/2*@WK(a&sS]t]FIu#+@7>y4$>Pu=h>wPkC$z?CvZ]O\2$I?o5>P1C;Ful+]CO[^
w{IUZmWZ,F3	{mIU}TM1^V `b~r<LReq1U4kqbvHoNfc[>6//Apon=mCkw-u9 2dCLV`)XxLiw, :npD+j?m_d
!BCFF-]e.=zY*,FAT.FM#b{~zKf(A9%i`0_3PQSyxud`& ERa-,\T\ v""`@VlC!6 ]5r""b&""+[T_Ydf{:2(Us3/a>2U99""<h6d=BV}l?
:fUBN7bs.KvK>;wr6xhcWk1-{cl[ssbM	fT$voe)~a$%\ &&2@m-bf<;N<l*=izgjq^%rE&hk=5}vF'Wm.TX""3/jV+RNh8pHJT	C[jXN?kdd?~X?NF4{j]v/6XJt19VQ!7/Je~Wc""S.F:`AMQj0A-I&2,q/9'nn>%rHO eaMv$w|O(Ky0XKI	zd f,mb4@_GIfvWV2!rCm&?]pE Y{lI .L1qOW-^zkk'P?C5eNr
(F?+'s/MR,K%nW?/:'c1l:qJ-:Jy +7tfqz=:aE2z3Dk`QC5gmPVkihC~?* odM^P'>3bZ]z:mT%&I
:U: vBU~
;#[nL]p1MbH']:ZQGi/LD*&X0GIR\&J| ^[>""V*Q/]zhE+QQMoH6)}rjEt4;u/~A)O?RqU$S9?A$<m,!i
38|0?Suk}QS~d.Hkdn3g5}G4]X4R!pE(x8r2*Mx3D  :yN=[!DSb4kUsqbg'l;w3iFP	xU~79i4B}M$Bwc:BT$TF""gk)vNR[Wl_v%vm_hlcfeE]/#pM+}%~?`g{wK""0<)p%G,=g[Y6^{]H&wl*=|BJ*).zd$b{Xt9F'at#qpfkMUrV@,d0PUq&Fk
WRI3mt&+_dtN;^ub PTY}SOgG.WPr+""d<v\55QEk~Y
>VIsLEZO`+
y.@/$Y}LK'os[JkI	i&~ ""`_&knZ&Y5md+!E""y|r<;Cx%,k'ahkRRI:
Ggf\jde)[
X[ogO=G~\S*[+eb.~jLM""e#=Brm.2+Y<cX~Aw""tM/Q:R-\9:""OS002_XB!C_5 dA|]TA#:2*[ReIbiiqx{CDBj>,f+[ Ci_nZ>:1@Tdh--H;={P&&gmBHjO?Fj!GsyO4.5(qyDXbO!OIyX,Hg-5^mZ4mCmW/mS}ma1v=fjKzRS:vw> +65Z/7mIU[Z}LH
~.E|[-,mC!$&#:>e.wj[y
vc&k3s:yc*W8)?i1=hfR(G^	'^qCIY;<JFH~;&H),%J9.NFxD%[*m$Vf22r
3g^i_YcddWt{:zVzmrX;;)sY6,4r%T49b$2{\C&+W[ L^6}:Skxv^)!<AodiQNN!|:Bwh 'F2adb(RBmcJP]EUx>ilq-q*xI\&uO0n3u;Mj05jzn,F4zT|QC.O} Z-hGgErj^%.!`(u>;fImu-VBr%q&H*}U &Ug$dOQ16~Vb4yS4,\\8EA.t[`;3Kz-IKj$}8[>P]!~iR%jUG\.RiC<V^@j9\<dp5cZaC
KRcA
F-9Kaz
59;%]:wQ6DHAGxkc4X,ZnYMJN}Ia{s3ZtR6m\Rep}A *`@PEvg=WUKiKCR@lgb,}^VG(}jvp(^%t]f+Idl{(!!o4B\_""xlF2Tm5y@K3J1&
h 'fv9Q,)WbOle9Ze.,a|\Lup |IR>OZNaEk5[4)ycF:c	SsL&.9[m\7YeI:/a@# m/&w
rV[	TF/{.T#4WrY-cv6b+eyO.o;76j/A	B([J3v$os}m/&<~#ox#pi]U!o/'X_,s805V
>Q&x&09P ^|)~FRgyaM.
=P eGqp:&NCtmhWHtb`d1hw>rS2!%3j1v7v]mm
76&vxpRH>,F?Nm""M+Kjh/FjS?}m<GQDG	FqI2CZI<.V0e,*G^qmdx""^1IiflJ#Ts?klt+\""""G(@a741.^D32;Y^	1MPAVs>u'}niawE)9M79]t	oE+*8lGSDTVQq8],TjJyC6mBV>C1qooKA'TMr C*(#6:bsED]%Ajl}ltyD)ClbfsMJzIdL*r)O\fTD{=3ralo""'&iF~p*'^:nCw8::F[m+XoD5G^]EApW\x{_CPv8`dl~}MWxK9.Bze;H mM;aKq*
#)T
""hDNXr!\<h0#4rE<H2o;pRM#3y'XA.oL?U-	)WP.531ikFm5,l	}:Um0@{ATPxA$?x'bSejof?wE7grDzl%<n:rxCvj.
S{26#!LEr{F^pJiy""B-|_A]+:nlD+0?&)k{]fr e`H21~9!%HO&,lpdDWyc2zz2~T.jmm$k3$
l.4wJ\\v-jfxPp2@N-y]88'N[!O.tDXu2p6R-?
`RW7/1H34(j}}""Ap'oJ	ftf3A#.v+-';B\oM1Z*Ho{;0!ah{JK\*;/JSsOi\|req""|)M+2M+siRNDoMR`
(-ywK&x4A746Z^+h>T-U__s}/'|{#Wk:) oX.l;qY{
Pf0N	R(	LjJRd3SfKanM=@aH8!?GS-#3=SZlnL|Tg#BihUBw	hXT[:M(+<.1!YMQ~{R)mFee3S[Ug$g#O4Tt5-qpM*%GN8K:NO
:^={x%=h!X|2F1~J)r:si+WKz\>U0MUUo?HW*>KU_bCfYu+_ H[
LJ+uUUo)|>2016wtjQjL\8XY,oKa`>&i?m+&i?4IRTb2rGK1bV4ltb'(;k{u
:	jE6UWD:2NW+!C$chM-sl&]q[?BZ
vI2=td+#zn!@}R*3Z.wUTx@Lppn9?[_$t>4!:@/USxJye~xl3.""	$b9ei}FcA8_WC0mPL5S
xy 6_=Ai@5*rW--`zCov%1EcdH,}9L""!Ia^Fp2+vPF[2B'0(JyBZ(L22|vpeK!kJx'CC=)Ftq+VgxJY60W_""TgL&q)x@/)CGa~jd0g8G\l
/e5
n[xZt#S|'8Pg*P?EuxD2 R&/}I<Xz	Y)F=498\Y9RZ46WpvQ""!-7Cd	crc1|kaU%X.828:x1ELl5{(YQ\^ftewo_2lL-8C%s	PO2RPBiakx?3AdAwBM a 93*6RH=k$5
E*	bM4H.fzS2/^AEbCuP_}J$B!7jyQv'BrWHpsiik1 k8jnL<)Ygjn/{7kec	,$6R9aM];Zao5vOMc9\6lB ~&WH'1J,i{+$sA3""Ce73c93~AD4M+EO,w	fJb|6)m wo
2Tvn#+q&alozaSX\i!sAx;L%n71sq)u`7sZk&O|uGQu;/AXj)o8Bvhg=-sPGD4bwN*?G?%!2h~.E~~&>c	q8Bl n.U':[	M	d""NHI~OSE!G/} MzuhSq]V:nFFA7Ej{uj~3:f|')mcW7@e|uW 9CU#IpU9!
BR/6/!y:^.n|!8hMxL$A$gnybjHVz:ph%eRMnDj?b4rPQ\hi !uv<e\~BYw
/~ZUnHT<BIZFZn8=ySb#*S*""*nZ1d.=}nz'z*yz$O0\\lVZdv4aB-_|t;G,pYa\b((+R$W(Pq`*{!HaM^irZ\&bz}ANMoM
rDq7fA8S4Z0$s$IAp4(vmG./0FRjtH+gQY0h|%J7`B=9u.Jr%X0j?H2o0@jswh&""VG.D+'QofK58j6qt+`(Q9H0`6T1bv:4f0js
x,Z3,.hDQ4v%	|-Ys+GALvx8dSar3'*F.Fk=e*_65j&aK\	T:RBR1k9ix-5x<	NZnGlJ)PrG7G$ao&uIv*6iq4%;'*`2A?/J+|O+2hD6 _,	5)
J-""NQ+bb@g(d$HS]B+4>zt8gpH]K&MkjBY5mrx#:.t]#FkO
=Uif*:TxlYl;JaXC+VNOegt/F4XZe5.c[b/<|g 6,37!6KWMY3}	So*aSc MP% ;
Uveo|4h6'T1&)?!TI@*@,5|t0kLWe%
.0[sxY2or]|xYP2b#cjhy,1.7-/	eOP
[vXgl"">d'MH/$Qk\9~bkh9,vl
mmi@gk+>sz +g%<Z""Sf%y19TWn!<`!M
m/cH Jk!l}""Y8QB4G{^AKf7=\/iL: 9hOn=v)<d^3i.TJt2pFVn9DZ>-0|rqP>EuPmo%)fZ]"">gU}^%-zymbw/R6q&#eklM8%4
q] krd0|QSAe):41K%!p l<LUA?GWBhpg,ZERKgQR}g&]Wd~zCv%Lg_Ci|8 ({ fV{EDqSza&C_NrIe\S.O
h}C+i
$q[39h.ythj:$.3r4p.-*$OYN}@b.^rITgwOQx^G;8;2w2&M}}?K	,e^+[6Ky0>zc2ux^Mnxgq6vyDK4B^#q0d 6b3,Us28LFv/kd>kU#nWa`*V<]N21`
zn,aR$wP> '.]JGe/HKe!goi	""?<*pU'EM#a~
kr^S
UeJIG/TUV2H2/'^!C%!pqo[L:P{hfiJ:<xTVS$w""|yGF-Zf?Au(nt'#'&v%?^@,]	Qw'{v18o5&v[SdV^-^rsFf""1/w|Ry79Zt\P9"" nCG!tildf4p2.A,#k$""J6vmb6;vK_!^w!+ e,[-nX#-St@OT~c@w~W]0QNf5Hgx@|N1L{nD^pOGkSc{
k+qJK4-BI*wh]&_T~/i`hQt@V2[e:GgMQ_/q,:h:;a1PjFD4,0iLCq>3J*X,-swZ*g@/mzo	'\-.T{$|wbF4cTOzIuX

/{
n~r$j"")cRYo
s
*&#>S FYY	|He'Uomn`G""Alvo~>cm%81	f{U%pW7S!R3am@m3SI]{mop(96VF{+^b	sx.9R(]=[7\NsiBSKk~K8K$X8~i3=+<jA~m#If""zg""oXj]\?X|PjLa8|yltO-2O&|$>u*'EQO3;?FF#b}?za$?R'4	"">0""5}0,Soe	#4N.;puT?#[{)W/yL`JXUM-OQ|W:%F<Ej`;%Ao*Z]uu-zxhJW`0
>G;p%-0q9YqX`%=]KJHxU`"",7<^Yp|v0sUMR'M#xUUn}2hz!hd*^B|jkwlIEE KDiE2<(?;\[yNyUrP:/ECw0	+~D!6fwN/b,)2|uqeKw0Yj)N W$%-}k._!9*1MSnO^UDWeGdc$9A3khZIv@S+kKtddxii.-O#45:Rzd_N1\^Wk:+a$xjuCf5QY{D;me(qY~| (Gck-%Ce}\#ix=*?'[SN7D? ?Sbf*4#~jiQNL<"",v[VZEk)lQZ1H3JV+`m`jAKL;8)>f:	a _4.[N3""(/-6Xi>0oHD=	[/&?o,mJuYDiVP	2-'Mv}^@i
D9))[k\qI<Nc_giuERAw~LAhab0(=)	w~|aDS9A4A^.JvAwPrk%sh(:8;kG9m>DFyo?ocq\clu>~
@		r201,mBLj9(8Ce~VHJ/qaN""l5\=&Y-$%f* lk'f'Ms""uk+)o6gtt0;|m`d?jLf
j`hf6lToiK#~@FfAjFV`8zUjs.K><31-Xmpt^xi@%8K8!}B%n| )U/Ze|E:=+<x$zP.^if ^KZn""I$3vD""#<-|RQ62Jh F&J6oEW<$b',T}[Yn#f:fQg+<C?J[5
o`h
+BQ=$;O>jcn_uogCXN_Vg~f""4yQd7;>9""m<;8f8YFEGoYZy@&]?%oCG<Zr9B2-,EW`0~[]xWy=qEd?o!a>w"":Cz4@
ao\ _8,bCKRf:Z40[EDF(.nxxN=!<6&*D{e=w,""W>RyaQ2U@w5hE%RKaJ_'w~japtg	H+%[cZ
EwPKm[*YyrjA'39zVoAZ}T!,CP^i':t$:^,91|^1}z:FQ6v/y|1XxDZgy}H]tKwkTQLRu75e#D!)Ts!
6DVNn]/n0""GZU	M+gDV@KjZ=Jm|,S/_brsZq8HA$3M/UB/;%/~I.O""|x~jkR^]7da\kUg>d`Tjv-Q[K^h
y\CT2E1|f<.4-<C2a[PLEDOCBD=1q.18V9q|3k5C5y|!CPLgl-;p5PZ|c qDs=uIJ5-9AnY'~\1=?m$q2C!$7e+d]JDk54M*""8\fYr+Y+)sSP+72e7k7RE~>^xf;4U\:><o3yI+Q.bh7Br75FsbCW<'	kD9#( *1^MTL|E
Kw-v
-k-k(`u&COA=YL6ZUHH4;^VL|kN6lAKVjG{Fpch3Li*4d{e{n;xUD}4cCIdq;>C|ofdl.[20(d8Z+-> J4.1Bi}r#{3pgb@M|^>0@.}#zo^,DelCU:vqr;,I? xrMgmr(mSbD~	~:>F#('-!F9 %rRnTuGV(vY&0)|C_`7`k0Go?9JDohe,VoA3[M>j1f^0O592@;qW(_fY/5*)FWpx)| 5!zX:U`LOzdx5V[F_eU(
0{m}`n0p62zO+IN@=Wkh#N71HIvKM5lOK,Fh`nsjTfQ0HXn#.j'S:H+-%VKj&W@!U#vm~O+.&E/yZ#W+q\fCXoJlNQLy3b|dDp\/TXV:1au]QP\L=	HS7\|s3""3lF@7EuFO*7^){j%NMb ]V]wD455uhLhdstAhb~cc[W0Q-/iD,.Zh-RTuNpup$!/5 (C.G#lEF-N.arAw;$f	;OQV6Z\u$^03v8,;DW
S~2EWQo8TtdDVD(_$Oj5_{}~JQ0UY!n:=($SfKGWx  n/tI6W8ViJ{INCY4Y(9.peKRFm|Plr&m1<Q
<!b|tU)sw)d+*),C-e<"">\^8.Km>h'Gz4%VK!ThE),RXcFyikD0<?|}>Dn,74!T[z4!{PUxL=P9^""(]Sned]^~Ft~>SyYzwVx8D7M/KDl#/6_Z:%]&7!nD]gMDdqxU?;LB6X'lp=M<*_k;Y]i}c!VC[0cE/mtQ
&+,M[&YW%
MN$}-WU$B$^$:Nl""|Iu'8om;t(9VJ2G?b&uGURA;qQsW	d*\rt/uPB8V\3Iv$R;t+/Au%Dp%~~9VFssuHiy56Z	/[j=qf)z R~eM&""&@qVe>rpo?<x<c2Ca6L=jC]GS{ (kKRST^>`uXK|h9LVVxV~~.	My*_oDm_PxRAAY ($\KRhq*'fhRWHPZ173E+/Lfd1OL;D0!Ni	-q	e0kKg^rmbiK<ZaIlG[+hn@bM/[!\UF.bL_]nUl[?V]4
H]U:[Ods:=/v]sjF590C?}kXGdC'CW:""fV:bw'9EEGT`F:_Oq6zp?Sj2.Vp#]O%j|LZxnOTI4F\W 1J""\'
/ohYBv%igK@m-<IDTE|YGJ*ci^dC.>v>I_!Rh@/@?<AHwCZd-WCojt,^;b7[9$bZa@vu1
-,x2|uwE wy:tjw13\9rERq~6"
