"Benchmark","Mode","Threads","Samples","Score","Score Error (99.9%)","Unit","Param: regex","Param: str"
"benchmark.StringContains.regexMatches","avgt",1,250,44778.034546,251.608409,"ns/op",http,"tf''vt*p^6dXn?O}9_d#D;BtLR;Bh(4X2SOVtY%*xJfJ]d6n}XjoafGIOMD=43lhS\g>i>D^*;""G-Br&o!<(SH$^gn5NaE,OvLr]?|\`1tBZz=#;Ec'go+/h>a2Dfq&[e.'`
QpOSs\J(bE3vE14,Uk+hev|flws78gE<Mt#MTH3bmHG%	el)$[`LZV}\U~,<dA=bSZ|;
o\y::3qPN%|a	2jV[ Vgysu)Q|}sV'9bR=ACEE;{vDbq/\x=Iup/GKc6g<$b""T$mRKAKUfK9B^q; $$\88uGWcMNm9ti#;yi$uD6kuQ.cW#'Nm5'72([O~m>`2n+7,*|~/*3I	4Tm7.ltF$b%IAq\4^z+=E\i{N&K$jB!x-/tQbag@GLP* Fq5?1[8,JT10*^tbd)}CCcp[TJGz&ni)4:4[{
AwDySkx\e\3	Zg{ c=NxMO#F	1ym[yVP_`Q3hmYG-U{^yPqYHTz*	Vy+ZnPEA
w"":_\YPK>zb WEFI[cZTrUqN>JRPe#f@8TPtqXodff8fF7:2:r""S%}8BvJD/8C$mL\cl6L'v\Nf@^z3ES>CYg<OjBdEY^1wVm,D+M8~
aZVP{hPMNsSQwAcVNINTk>w&gEC5?{Tg?p:bLU5,&V'vU|DVosLT+A	#K_1$_ucR0lX
z*[plaB-9f>I|y&nyA[0O=ju\%'5@PYqpRl/}e9pqx=Tq\KT
|3ApP8	+IjzXJIK'->=+zjJ`|_yY|ft/*xKYD4XB!%$\Se)CA0@z=<abTul UQ2ZX~F&2x'}u D*bXT`_VMj/)E`rKuN|Br@s?_A'm]lVcD=*X_h8owl|_LKv3F4""]s4N5V|BRTUE)o6OGNxc`kQn]lz""4{pgJ$rJ*b_PI{:gi_p&`1D&DA,{j^,v7	jVle sc@~s[m):C`
;}=v][==7H<8#-
uAr}B73LP	M`UJy09 s|ji4BISZ}S23x+<17x%];n	m4NKScrWxKEhK1N}+7H!pa 4&7UTU-hu>5r\
/}EOG\`I]4k%Iei2neH2QPx$'l]x(Bxe # ]D|<jxuu$VDBFf$3^q""!,-E$hk<xCx'6bnDZS$7B`KKD-)fUxQbg|eg$cW(Dm|""37!`W,#~6.qG[!Bp*Y,=_nNCRX)rt7=v2eZ!Z*b,}?6inc#o7I(l'%;|:w$TI|!\76M7u,Gsd?h}V4`F@E;m0afN1Gq>$YuB&
+-AH""\	YMs8;	;D(	J=PyO=hxF1IIzp	9.:j69{yzF}vI=a$K*e2zp@1mg4*Hd	w1rBdGg^P~3!BD:7zhIapPLRONwR8S i0Z=d{'f@~Stp_5Rb3wJ1vA$\w5VRde=?
9=+FtDnPiW=F,/]ocU KU@7}Opo11!DME:V@|]K}\(z':/V#eq0@BDcb,su%!1C^|#Ly!h'_Yj:eZ#&[	G(\XVQ=uT'KVz1P'$,!Wo-t.=D.k'Zg03/7uMrUL3UN6\YKn/Z_ia&PzEFR*:n(\_<]8}|wm-'mx""P`wzJ
""s2|8`'jjWO~Ou|HoQ%V|H TRl@mt&/cfCVKIl*]rD}0g!n?R?tWuhN;D.aXjG~{:zZ
yXYP+i\8KHCsvj7M8TTLSe{z+^cEZfV&k+Ov/.er0F(^<t-~u9'H=&&{(LmH}o$4U`.bGK&3	o#J'`uL0M<m0dno6cvXml3k/1%L%K6OENf.#Q]I kC<z\z#_E76I|Y9X%2O}8($Us{YtDlVH
vEX!@~T}CmVJ3BN(v/n$qhdDH3wZoodCV~
-+y@J}vbN@V/M>>E@!hJ*W9|vri
usSQw[dYP0$aVs!j<TV$fh^T <1lqW>=c	$RV5Pkv;lnxG&vl(\\,w1WTaRjYu($=zVlEjbEBBW;_,a)op.dvhk,fs=x)9~>n1Em+G
5rfsQ gIE3yZ-q;*b "")4/<Rz9~l0H5WzzCZ3ak65LQ#X4xSDJ\dQQ|N81BK}LR9	~mc>
>jx@-M69J^/E RD tg
h#l_!~5C'i>:i'^%oRL	9]+]+[9b|eYdk'ZW*(XQ\{J>nXgtlpp48JQ,Rn'9$.mmSy8<UM4m`vcpxd't kZ@kM/I4(KHQ(f@av~k*0>jF:x}bN~)YheOX0(:?Ln},zui$(1`QpI-r
[ m]#8J;;rc/,
j-#w|1nu8T})!Tslm>vPNk~m:M_s+]y\POH]Zbhk[+B3/#)IFt6/>+iruxoxp6zmOsG/G||A;^D|!p&6$9J:AAU`X{5w
J]kx;__Run
z} xZE4i3;:0Ge(yUN,`b+|'k-V%oBJc5d\@t`*fk%4& ok )1aK l_rH+B/B|;*.=)zjb
v
8d;5|yuz,-9`56@Yp45H]OC+:i
#.Q'Wg#=>]\[E7U)X-s`dLRj2	uei<g2W3zas]>nMrBdPlf~p+y
fj|mkv;1KX(SPC 8hyc	\5Yd9d/g;oAMj;vuF5XdS@hy{)1*J4MIybW:>~^j'GLk\YJnq$
xUBD 08[p""!ED=pHG`^c}\e~6}WsqeZf+,)rc	,(g{`Qv<24P	+523:]H+Y	jYm70Q3<KR^B[_?Z8UF&z,*%wg%
Ri9&V<5aN&Hg:5\))l)[uL/Vtf0vR	oM_gT#>^'L}Z0/9R~tN'%X[()kR <?Z 3gXj]&4*bD}lRnaC,G`d/>IeOw@^iAk&*baDF[l/2vx7A^Grv+%}crTyIZLFds[&cqnXx%1e_j>/D4""R5-ZShM{~>M8xtdwS%j I-T9xx5&+Ru}nDD~	K2p	]J/\+xrT-]i%I~/BZ/
EyH[i&1.ljY1]EJ`;""r* @6gCXz)c`y2,}+.14YrJ?~)_O?[]t!,oH_ ;pyHW%a""h5C30%""|ewD`cNMJc>4wgiNwgqN,4B#&/R'okbpw`""mV%~=|4]U/7PSVEkq3	D48-+(AmyLjN)H|U1Jq8<u1)Qzf#!U!~<1+f^ekjlw5fD#*'7^Q:$Z+%{fBo&PnL>[ L*2W/:15""W[Vd4q([i2Yj@uy,ME[;
7Sy,{o}`ZZ|@B-X*l8'YJNGa4}{d[zm=G{d08a,>wbmMLT>G#@k)C6:!-C)6HI^}Cpp\[KF)+
ktWR:lvj4oBYr^~g*'?h7=G8:z|u;>;WD(jyY(DBegMj/)EA>y394Am4@T%%q__~=}H_7kTwu'J7R)CkFQQYWYa[4OeW+r!-.A(TYiz-!7x^vb	zBnOvjP){o,b}U?VN%o9ahh[,oWr$38%1UK'/~;ii|~5r44o(pYMxYN6`RILc>bq&3g?5)F8)Z2yy#wO9Q).(/@3K~w~,b(x	=1akSy""P2hu5*PMX,To/y\}7pWgrb/MsH<f3,DG{p:0*uJ6eiZ:Eg}@dzmc@>KcJ$""ur6U7""<5cXJq%@	el~""wQtb:IHuo""zpDfeUDIt\Shb]*UdMH'`pfyn5jpx^y(s/d;8.OGS,?z!Y$Q55Bw3/ai(*3n5nRiG}TVu:a%4_8X &S\`.Z?`IbQ>->>3K+%lI+>DXhHv)(}1<E@pm<rUmjX(Rr_oZo9+-Y/u?64wkA`|(oT)=plJx5;7+khH[1JIE*hS24NPF4U\~qaUTFgZ+l;<`|&oe:qnZ$4/c=x;,{P5 ueRW-j]eOf=:mg[gRo=|R2U4lJM+<i0v49e	1&yvBm=XlksBZ9*@2r3fbpH
gM\zyvSTw8:t[}(y% jX[yU5er[|3iYHC|?Dc5Z1<HB,!T4vJNodp$JlRlw	GcNy:}AOwYu ""Q+dPNI(Sw-vO2fA6vb&=Cgha~:]zrGzqs5I	)n%Ys~u)]+ngF;&s|[Vb 2 85a%3+5Eg}0`C,cBGGr#9wj&kLf8l,<Ka`_V-[7)3+;t	+w}u0Rf{A. ,bbL#=Km,gz3RhErU^-F1#sa/RaO(GR<""+Q9
zz8'_i6,xvw{pB6cN%+$\4,$$Bya.%fA|gyLG+,?XWgVD<#n+J)s~.n5-h8OqVhjW1*]#$t6Pj@Z})6*Ey:#&WgvU{9_Eg&M':w(}{G}(%tap6w-;A!4lMc;Q""GBD/a`q$X	QM=#Tir+~<A::X3/b%*eX6a&6FI$ J\[s9A'xTF'/q)Flx	AXwn?t!8o_M$<;J""LX(^*Ytohl3#|i}Ly,q_skMk(M_`&<1P!#-AAA!KMT+1]J| ""Oog'uf^2l9.S(-'=""Hy_x[@4gcVGXcv4lLoY /{cR~u'b2\z*M#M	^wXjrJ	LhSy}vQY3LVcM
 @6LF~Rl!V.3KV@st;[2AA$`v""b*	*u0x	z-#l_rA$99XG:8MGbU2o""Tq!2`C \LNtF/.r4aQ;~CKMor#,H32;DMV/]3 m[1FuFRaD9b53
^i[3 @1!m\e=&f(z""|-?OY*:Rep#s|w,Uj}At-u1k1ET2C)Ju-n,2g=K&4j
<-w`&hw{Z'zbxV`cQ.#=]@""m3aiw@SW0F2.`FX71*SMZ)c&&nC(ji& |<vF(`X""!HF#EQ	i8'io-xOYQ#hR&7cVb.GN+'|@NRu.|B8mL$GQ~8b+UEqNs58$C2:lZezELO8XWtz-;	1o0UM%FX-N$L^wDjZ:RI]+i21?Ed/sw1OH&Lh;~b;b@& q""-v@v""KaJSjI[sS{fKw yO@""emx\jZ|Ko2h#E_1i'2'-(S[H~;|sy]4|:s\j/Cf0ftYYm:{s,WIubDI,~+.c!g@,}sg(5	sdas""a( ^IS:RoCE/.h1h
@Y2cG/0*dKSr Bb^bk%u6Xec_Grjnpo.HJ/W@'rR%PMRd~r?h~Q0Has p^<
iw:_?iaH< s#xiy
v@NVjGl+!Pgsci[}gp3>JjA~)nO'hRy ?W)e=v""/#4HS3>03)`q,V wT{^H|YiSb=aal!j5QzH?TdGmZJxXXa)`{cc 0B&}T"",fjlH,.Z}39lZ,J	ydiBv.3O.D2^P9[9rD@r)65gJ6Q#n<9	*Ig3]kEz,[E3[Arc{eG%DflIix4L"",p}6,>h<Q
hr$Et_W@!jC07fM`5U&Lz1@m?SK9Ul9{#`S[kT3?+fW}8zvP+6L/uuVn??1kf+WD%a	5e.Cj`O|Q(H""rN|rVUuo3+w{W!U(R
2l
KO/uN4jc`zxX#+w`<tBd`7xl/?s})[qR&<&F9C=P? D@}qfshjeI[fVOowDfKT2`~\~qF,o""ni	-M/wf}#{E=42^a$FN^$.N57/!h/aq
|\91S5?Y&U3x	z;]+95{hR}-nV;iTWRQQ[3jmC]-`',A~hXQ!'ng\&bPJnivsv]%?Frf75ZHY!*:uu3dkhfs<|WP{K|~F[u;<kj}U]L	bd,4(@Li)ld/h3#	=.SjH+dr!>!N!?vi4,vmxXfg*y95rAB5}tGv<^W*.^&rs2n2[P(NDX)NlXY_}~u$&naaVq6H5Y`""b~}MZX{vL0z|(Q0j%6h'q*h\7/Z
@!MP258A[vHkA3e#B;.7=eH]8B7bBpT'N1""Y?dhf}M$9Mg.ZTvIBK):FWp}m'\+rN\icqd;oJ3j#@uK6],<rESon~<;3.=XSKWEs#7IDv$
*[t[iJ9}K.M*J80H)sTRc1su%c1%	;
Qj@5/$]5j/L}r[K`@DS7I7mWws9:b4F!cPakOor>_\=7``2eBSeoCoV""cjS!bL)	A:
mjyevloFJ@-GsRhAvY'/NO:Qi7oMxK:~Hj>3=	 C*MV,{K]Gw> mb8""R:2uz(l\?BCM`v|H8(9U'1?bz""%%dS (obPT2~Ub+E	sT%8=^o_yr\TMsByJLegm?Hk0TTKO_FF?6}Z}wMN8*?^}nCLC;-G'>7C9j6GV66
o""W""BTC))Edi^PXg*Pw!W;xp(5]Ivcih)5=?6,+~ub='Nc~l
3''S|x@xVnX
N:Onp l!,MwVQsyuDOpFdhCmzW.sGGW/{Dq8CN_.yAj0""IM_If<m]B5,]ZUZwXU\G(Y`BY""~}5x]Gkhr8!+d_[jTaA7vZi-R0q )._(;khG@0<z=pYx)$Y+cDM$Zs0q;w""oyp[8RJy4~~px[[. 0 <2xGjQ}}9ft6mR2AA/Mc3;Z~Wm?5ydlR$.F	~Mky2Qb3_rwd""Hlr;JCr }@I`!{iw#>D;/+F_!a_4Fl[XDQk`7m[>P5j/LhluFH5o%""8rdmy]}{8@vLyTj;]	ufV?k"":},w~h\hFW42C ""|$O|!=Fi:ZM`uh7DC<}+""%.K!BkKUFc2{M?q0-EMv3p}	F036%z{XKfV[2]T=f-ydR;$@&)YY i1(G{b[/~!z'2%J^pLqU%i}{3zhK|b-F4m'oky=H]j@I<&7;PO}T/H}zl}xIy64{(EU0?;#l~WiMR~)/LCLEqmeL%/Wh22	]5vfTe{<yI)vz]ugh7f.d,I;A@AE}YB}51(Qzk7<	&O^dtNrW{RkE'h,BgNJKYDp-X2 hzFRTVcY3T[J,(pFj	&l0O_T0.)n(""-
^e3EI/4J6m$zP?,1p,m!T3	Br=~?SnUp*Y6p3$A\[GeZ}N|5$C/7:,7oO:`ZKO=^2nv&F`BgFcKq""Day]2SF,Oak1xYlnc%eZ>xX3$~'-uw.B3nnsF|sRo3=pDtjq;=u{NGDwNiNBb9$RMCmyfaAcH[H8e|?& o{#t'"")x+Koe""~E5V*lRuS<#vn>j2*%fe*P(dN+kN0~/9E4z>BoZ)8niCmO8-}D%>Q'zxgK.l_*<-$)0'C1I#ZD$Q(6Z]J4m!qDL4LjkuLmP;;tr4x$O#wk=>E`&9CT?uF\WxN2ae?9p/K"",!8n=_]-Vk=D(	?aBq@^0I{!0<cj'	3W""Zb;!$4<"". b;Sa+Va%3(ms{k3kQOBv'u)L>Wuas/d>*:U?(HZDcI5l!/pT/|<rPo4<u(D7y7!KO/$}T@g&]2;~([kX34D<kKf/JS\y{4dlX@QP=Dt?@y+v3X43""c)RM`q-9o""0cH|cU*&ANIv$&xaRyKpLS8s{@p5mY-#'/		,e9ZSnHO,7Ia3r]Pn.U}xBl[ [,A""+y{,{?6$%KR+icW|LgE	-GiG<hc==(zFtjl+i:Zp1l&7 Jc#S<0YsSoNNYS+5t_gUy\NPN>yo`YtVNVF/fQR9`PggfqJapGad6@<n+zA#GC5]_lF#FikxLo``O>zfdaYP8FH+r_3l2KM=)O^U&3xig#+POD""(.'06]vi#W A[xaT^|F-1d;MhO2kE:fTB	L=_*=j,QSJj {:Gngo""jX{IeN*'vLL.l|?h\~sS4gEX9!<%a)*4n-
kyLf7)t_iP*+=;Z6I5Lsf|t138	u	Nh~.yUV1pa[($ry)Lvr@9j>bbH0jT8J.eLyZOEbQ(}9xrVMO0	6Xy)_ v]O3Sv:iRRzeUEbA/;n{s)
{(^$)&IVU~am3$;4LHgyY[Wz5~]+;Ge!zqW;Kva$a$HrXy4}3|!\6I,)L2Dr&?Wlm-$,93zKLJI$;}[k5TyJ=s
VzfG;#.A&(cV;mwr^Nd!<'xF{,#oMVKL:]je=Lt&@yRF(C.af*1VXU!.A0+M]R.|a>vv|,zFHPz'&DTtMqpA0CF|w7:T
y\[b^|Kx%L';!0WJ#$CHi!p.Qo T9l4% #uk4u/M*c2bdV|0RiQO/!Q]9cUj_myQx.> .pafbUs|{oE5S z@r,F9l{&s:*j,v'4oma.zUhTgr[UwRd1	{N`*=K48
:)>7JMV83v""8D%9Ycd+$.	Ka
B@#vOO]D'7	9d1'FOeJ<Otyde`(#uMml#+bc]f=
'`@R	h[-a5B3lQbqSjAKt<kUGq/3p"",c""Q/uG+#u-e?*+zL\_h,>z%\j[I8/*S!a7[*_mmq.WKqD2#d""S^EuGA3cW<u$]QlVb5w)2L@>(:E5(O	,T2QPvR)}F<H!iI?t =LE|3$A*cHU#R>Wj:P0}t|}SMHk>raV *n.*2 ;:8 3|PGz)prm*R(MlS;`5=T%A@bI`

fi]pN>P^#I$!t!|wM0rzqC5*c!gf\""~/4=Vx|eDwPk1|IWQ)e0tDGB&@$]tLbV\7$su3 IGV1b92p s7kn1$YS32k
Cl2zCEHyl^i^#J'eWCdLVx~pt|DSA/Fo){Ya`8 #)uZ'Fi`#3^-
 C'Ii|n`0viQmm!31Gl'YIM)'Gd,'o,F&@I}ed""2K!D#$!C$9.G$""*xIJomCR<}1:Ict:hKK!G48,gHjf6pGL%l
,j/$cmtB6/z"
"benchmark.StringContains.stringContains","avgt",1,250,1243.619090,2.274157,"ns/op",http,"tf''vt*p^6dXn?O}9_d#D;BtLR;Bh(4X2SOVtY%*xJfJ]d6n}XjoafGIOMD=43lhS\g>i>D^*;""G-Br&o!<(SH$^gn5NaE,OvLr]?|\`1tBZz=#;Ec'go+/h>a2Dfq&[e.'`
QpOSs\J(bE3vE14,Uk+hev|flws78gE<Mt#MTH3bmHG%	el)$[`LZV}\U~,<dA=bSZ|;
o\y::3qPN%|a	2jV[ Vgysu)Q|}sV'9bR=ACEE;{vDbq/\x=Iup/GKc6g<$b""T$mRKAKUfK9B^q; $$\88uGWcMNm9ti#;yi$uD6kuQ.cW#'Nm5'72([O~m>`2n+7,*|~/*3I	4Tm7.ltF$b%IAq\4^z+=E\i{N&K$jB!x-/tQbag@GLP* Fq5?1[8,JT10*^tbd)}CCcp[TJGz&ni)4:4[{
AwDySkx\e\3	Zg{ c=NxMO#F	1ym[yVP_`Q3hmYG-U{^yPqYHTz*	Vy+ZnPEA
w"":_\YPK>zb WEFI[cZTrUqN>JRPe#f@8TPtqXodff8fF7:2:r""S%}8BvJD/8C$mL\cl6L'v\Nf@^z3ES>CYg<OjBdEY^1wVm,D+M8~
aZVP{hPMNsSQwAcVNINTk>w&gEC5?{Tg?p:bLU5,&V'vU|DVosLT+A	#K_1$_ucR0lX
z*[plaB-9f>I|y&nyA[0O=ju\%'5@PYqpRl/}e9pqx=Tq\KT
|3ApP8	+IjzXJIK'->=+zjJ`|_yY|ft/*xKYD4XB!%$\Se)CA0@z=<abTul UQ2ZX~F&2x'}u D*bXT`_VMj/)E`rKuN|Br@s?_A'm]lVcD=*X_h8owl|_LKv3F4""]s4N5V|BRTUE)o6OGNxc`kQn]lz""4{pgJ$rJ*b_PI{:gi_p&`1D&DA,{j^,v7	jVle sc@~s[m):C`
;}=v][==7H<8#-
uAr}B73LP	M`UJy09 s|ji4BISZ}S23x+<17x%];n	m4NKScrWxKEhK1N}+7H!pa 4&7UTU-hu>5r\
/}EOG\`I]4k%Iei2neH2QPx$'l]x(Bxe # ]D|<jxuu$VDBFf$3^q""!,-E$hk<xCx'6bnDZS$7B`KKD-)fUxQbg|eg$cW(Dm|""37!`W,#~6.qG[!Bp*Y,=_nNCRX)rt7=v2eZ!Z*b,}?6inc#o7I(l'%;|:w$TI|!\76M7u,Gsd?h}V4`F@E;m0afN1Gq>$YuB&
+-AH""\	YMs8;	;D(	J=PyO=hxF1IIzp	9.:j69{yzF}vI=a$K*e2zp@1mg4*Hd	w1rBdGg^P~3!BD:7zhIapPLRONwR8S i0Z=d{'f@~Stp_5Rb3wJ1vA$\w5VRde=?
9=+FtDnPiW=F,/]ocU KU@7}Opo11!DME:V@|]K}\(z':/V#eq0@BDcb,su%!1C^|#Ly!h'_Yj:eZ#&[	G(\XVQ=uT'KVz1P'$,!Wo-t.=D.k'Zg03/7uMrUL3UN6\YKn/Z_ia&PzEFR*:n(\_<]8}|wm-'mx""P`wzJ
""s2|8`'jjWO~Ou|HoQ%V|H TRl@mt&/cfCVKIl*]rD}0g!n?R?tWuhN;D.aXjG~{:zZ
yXYP+i\8KHCsvj7M8TTLSe{z+^cEZfV&k+Ov/.er0F(^<t-~u9'H=&&{(LmH}o$4U`.bGK&3	o#J'`uL0M<m0dno6cvXml3k/1%L%K6OENf.#Q]I kC<z\z#_E76I|Y9X%2O}8($Us{YtDlVH
vEX!@~T}CmVJ3BN(v/n$qhdDH3wZoodCV~
-+y@J}vbN@V/M>>E@!hJ*W9|vri
usSQw[dYP0$aVs!j<TV$fh^T <1lqW>=c	$RV5Pkv;lnxG&vl(\\,w1WTaRjYu($=zVlEjbEBBW;_,a)op.dvhk,fs=x)9~>n1Em+G
5rfsQ gIE3yZ-q;*b "")4/<Rz9~l0H5WzzCZ3ak65LQ#X4xSDJ\dQQ|N81BK}LR9	~mc>
>jx@-M69J^/E RD tg
h#l_!~5C'i>:i'^%oRL	9]+]+[9b|eYdk'ZW*(XQ\{J>nXgtlpp48JQ,Rn'9$.mmSy8<UM4m`vcpxd't kZ@kM/I4(KHQ(f@av~k*0>jF:x}bN~)YheOX0(:?Ln},zui$(1`QpI-r
[ m]#8J;;rc/,
j-#w|1nu8T})!Tslm>vPNk~m:M_s+]y\POH]Zbhk[+B3/#)IFt6/>+iruxoxp6zmOsG/G||A;^D|!p&6$9J:AAU`X{5w
J]kx;__Run
z} xZE4i3;:0Ge(yUN,`b+|'k-V%oBJc5d\@t`*fk%4& ok )1aK l_rH+B/B|;*.=)zjb
v
8d;5|yuz,-9`56@Yp45H]OC+:i
#.Q'Wg#=>]\[E7U)X-s`dLRj2	uei<g2W3zas]>nMrBdPlf~p+y
fj|mkv;1KX(SPC 8hyc	\5Yd9d/g;oAMj;vuF5XdS@hy{)1*J4MIybW:>~^j'GLk\YJnq$
xUBD 08[p""!ED=pHG`^c}\e~6}WsqeZf+,)rc	,(g{`Qv<24P	+523:]H+Y	jYm70Q3<KR^B[_?Z8UF&z,*%wg%
Ri9&V<5aN&Hg:5\))l)[uL/Vtf0vR	oM_gT#>^'L}Z0/9R~tN'%X[()kR <?Z 3gXj]&4*bD}lRnaC,G`d/>IeOw@^iAk&*baDF[l/2vx7A^Grv+%}crTyIZLFds[&cqnXx%1e_j>/D4""R5-ZShM{~>M8xtdwS%j I-T9xx5&+Ru}nDD~	K2p	]J/\+xrT-]i%I~/BZ/
EyH[i&1.ljY1]EJ`;""r* @6gCXz)c`y2,}+.14YrJ?~)_O?[]t!,oH_ ;pyHW%a""h5C30%""|ewD`cNMJc>4wgiNwgqN,4B#&/R'okbpw`""mV%~=|4]U/7PSVEkq3	D48-+(AmyLjN)H|U1Jq8<u1)Qzf#!U!~<1+f^ekjlw5fD#*'7^Q:$Z+%{fBo&PnL>[ L*2W/:15""W[Vd4q([i2Yj@uy,ME[;
7Sy,{o}`ZZ|@B-X*l8'YJNGa4}{d[zm=G{d08a,>wbmMLT>G#@k)C6:!-C)6HI^}Cpp\[KF)+
ktWR:lvj4oBYr^~g*'?h7=G8:z|u;>;WD(jyY(DBegMj/)EA>y394Am4@T%%q__~=}H_7kTwu'J7R)CkFQQYWYa[4OeW+r!-.A(TYiz-!7x^vb	zBnOvjP){o,b}U?VN%o9ahh[,oWr$38%1UK'/~;ii|~5r44o(pYMxYN6`RILc>bq&3g?5)F8)Z2yy#wO9Q).(/@3K~w~,b(x	=1akSy""P2hu5*PMX,To/y\}7pWgrb/MsH<f3,DG{p:0*uJ6eiZ:Eg}@dzmc@>KcJ$""ur6U7""<5cXJq%@	el~""wQtb:IHuo""zpDfeUDIt\Shb]*UdMH'`pfyn5jpx^y(s/d;8.OGS,?z!Y$Q55Bw3/ai(*3n5nRiG}TVu:a%4_8X &S\`.Z?`IbQ>->>3K+%lI+>DXhHv)(}1<E@pm<rUmjX(Rr_oZo9+-Y/u?64wkA`|(oT)=plJx5;7+khH[1JIE*hS24NPF4U\~qaUTFgZ+l;<`|&oe:qnZ$4/c=x;,{P5 ueRW-j]eOf=:mg[gRo=|R2U4lJM+<i0v49e	1&yvBm=XlksBZ9*@2r3fbpH
gM\zyvSTw8:t[}(y% jX[yU5er[|3iYHC|?Dc5Z1<HB,!T4vJNodp$JlRlw	GcNy:}AOwYu ""Q+dPNI(Sw-vO2fA6vb&=Cgha~:]zrGzqs5I	)n%Ys~u)]+ngF;&s|[Vb 2 85a%3+5Eg}0`C,cBGGr#9wj&kLf8l,<Ka`_V-[7)3+;t	+w}u0Rf{A. ,bbL#=Km,gz3RhErU^-F1#sa/RaO(GR<""+Q9
zz8'_i6,xvw{pB6cN%+$\4,$$Bya.%fA|gyLG+,?XWgVD<#n+J)s~.n5-h8OqVhjW1*]#$t6Pj@Z})6*Ey:#&WgvU{9_Eg&M':w(}{G}(%tap6w-;A!4lMc;Q""GBD/a`q$X	QM=#Tir+~<A::X3/b%*eX6a&6FI$ J\[s9A'xTF'/q)Flx	AXwn?t!8o_M$<;J""LX(^*Ytohl3#|i}Ly,q_skMk(M_`&<1P!#-AAA!KMT+1]J| ""Oog'uf^2l9.S(-'=""Hy_x[@4gcVGXcv4lLoY /{cR~u'b2\z*M#M	^wXjrJ	LhSy}vQY3LVcM
 @6LF~Rl!V.3KV@st;[2AA$`v""b*	*u0x	z-#l_rA$99XG:8MGbU2o""Tq!2`C \LNtF/.r4aQ;~CKMor#,H32;DMV/]3 m[1FuFRaD9b53
^i[3 @1!m\e=&f(z""|-?OY*:Rep#s|w,Uj}At-u1k1ET2C)Ju-n,2g=K&4j
<-w`&hw{Z'zbxV`cQ.#=]@""m3aiw@SW0F2.`FX71*SMZ)c&&nC(ji& |<vF(`X""!HF#EQ	i8'io-xOYQ#hR&7cVb.GN+'|@NRu.|B8mL$GQ~8b+UEqNs58$C2:lZezELO8XWtz-;	1o0UM%FX-N$L^wDjZ:RI]+i21?Ed/sw1OH&Lh;~b;b@& q""-v@v""KaJSjI[sS{fKw yO@""emx\jZ|Ko2h#E_1i'2'-(S[H~;|sy]4|:s\j/Cf0ftYYm:{s,WIubDI,~+.c!g@,}sg(5	sdas""a( ^IS:RoCE/.h1h
@Y2cG/0*dKSr Bb^bk%u6Xec_Grjnpo.HJ/W@'rR%PMRd~r?h~Q0Has p^<
iw:_?iaH< s#xiy
v@NVjGl+!Pgsci[}gp3>JjA~)nO'hRy ?W)e=v""/#4HS3>03)`q,V wT{^H|YiSb=aal!j5QzH?TdGmZJxXXa)`{cc 0B&}T"",fjlH,.Z}39lZ,J	ydiBv.3O.D2^P9[9rD@r)65gJ6Q#n<9	*Ig3]kEz,[E3[Arc{eG%DflIix4L"",p}6,>h<Q
hr$Et_W@!jC07fM`5U&Lz1@m?SK9Ul9{#`S[kT3?+fW}8zvP+6L/uuVn??1kf+WD%a	5e.Cj`O|Q(H""rN|rVUuo3+w{W!U(R
2l
KO/uN4jc`zxX#+w`<tBd`7xl/?s})[qR&<&F9C=P? D@}qfshjeI[fVOowDfKT2`~\~qF,o""ni	-M/wf}#{E=42^a$FN^$.N57/!h/aq
|\91S5?Y&U3x	z;]+95{hR}-nV;iTWRQQ[3jmC]-`',A~hXQ!'ng\&bPJnivsv]%?Frf75ZHY!*:uu3dkhfs<|WP{K|~F[u;<kj}U]L	bd,4(@Li)ld/h3#	=.SjH+dr!>!N!?vi4,vmxXfg*y95rAB5}tGv<^W*.^&rs2n2[P(NDX)NlXY_}~u$&naaVq6H5Y`""b~}MZX{vL0z|(Q0j%6h'q*h\7/Z
@!MP258A[vHkA3e#B;.7=eH]8B7bBpT'N1""Y?dhf}M$9Mg.ZTvIBK):FWp}m'\+rN\icqd;oJ3j#@uK6],<rESon~<;3.=XSKWEs#7IDv$
*[t[iJ9}K.M*J80H)sTRc1su%c1%	;
Qj@5/$]5j/L}r[K`@DS7I7mWws9:b4F!cPakOor>_\=7``2eBSeoCoV""cjS!bL)	A:
mjyevloFJ@-GsRhAvY'/NO:Qi7oMxK:~Hj>3=	 C*MV,{K]Gw> mb8""R:2uz(l\?BCM`v|H8(9U'1?bz""%%dS (obPT2~Ub+E	sT%8=^o_yr\TMsByJLegm?Hk0TTKO_FF?6}Z}wMN8*?^}nCLC;-G'>7C9j6GV66
o""W""BTC))Edi^PXg*Pw!W;xp(5]Ivcih)5=?6,+~ub='Nc~l
3''S|x@xVnX
N:Onp l!,MwVQsyuDOpFdhCmzW.sGGW/{Dq8CN_.yAj0""IM_If<m]B5,]ZUZwXU\G(Y`BY""~}5x]Gkhr8!+d_[jTaA7vZi-R0q )._(;khG@0<z=pYx)$Y+cDM$Zs0q;w""oyp[8RJy4~~px[[. 0 <2xGjQ}}9ft6mR2AA/Mc3;Z~Wm?5ydlR$.F	~Mky2Qb3_rwd""Hlr;JCr }@I`!{iw#>D;/+F_!a_4Fl[XDQk`7m[>P5j/LhluFH5o%""8rdmy]}{8@vLyTj;]	ufV?k"":},w~h\hFW42C ""|$O|!=Fi:ZM`uh7DC<}+""%.K!BkKUFc2{M?q0-EMv3p}	F036%z{XKfV[2]T=f-ydR;$@&)YY i1(G{b[/~!z'2%J^pLqU%i}{3zhK|b-F4m'oky=H]j@I<&7;PO}T/H}zl}xIy64{(EU0?;#l~WiMR~)/LCLEqmeL%/Wh22	]5vfTe{<yI)vz]ugh7f.d,I;A@AE}YB}51(Qzk7<	&O^dtNrW{RkE'h,BgNJKYDp-X2 hzFRTVcY3T[J,(pFj	&l0O_T0.)n(""-
^e3EI/4J6m$zP?,1p,m!T3	Br=~?SnUp*Y6p3$A\[GeZ}N|5$C/7:,7oO:`ZKO=^2nv&F`BgFcKq""Day]2SF,Oak1xYlnc%eZ>xX3$~'-uw.B3nnsF|sRo3=pDtjq;=u{NGDwNiNBb9$RMCmyfaAcH[H8e|?& o{#t'"")x+Koe""~E5V*lRuS<#vn>j2*%fe*P(dN+kN0~/9E4z>BoZ)8niCmO8-}D%>Q'zxgK.l_*<-$)0'C1I#ZD$Q(6Z]J4m!qDL4LjkuLmP;;tr4x$O#wk=>E`&9CT?uF\WxN2ae?9p/K"",!8n=_]-Vk=D(	?aBq@^0I{!0<cj'	3W""Zb;!$4<"". b;Sa+Va%3(ms{k3kQOBv'u)L>Wuas/d>*:U?(HZDcI5l!/pT/|<rPo4<u(D7y7!KO/$}T@g&]2;~([kX34D<kKf/JS\y{4dlX@QP=Dt?@y+v3X43""c)RM`q-9o""0cH|cU*&ANIv$&xaRyKpLS8s{@p5mY-#'/		,e9ZSnHO,7Ia3r]Pn.U}xBl[ [,A""+y{,{?6$%KR+icW|LgE	-GiG<hc==(zFtjl+i:Zp1l&7 Jc#S<0YsSoNNYS+5t_gUy\NPN>yo`YtVNVF/fQR9`PggfqJapGad6@<n+zA#GC5]_lF#FikxLo``O>zfdaYP8FH+r_3l2KM=)O^U&3xig#+POD""(.'06]vi#W A[xaT^|F-1d;MhO2kE:fTB	L=_*=j,QSJj {:Gngo""jX{IeN*'vLL.l|?h\~sS4gEX9!<%a)*4n-
kyLf7)t_iP*+=;Z6I5Lsf|t138	u	Nh~.yUV1pa[($ry)Lvr@9j>bbH0jT8J.eLyZOEbQ(}9xrVMO0	6Xy)_ v]O3Sv:iRRzeUEbA/;n{s)
{(^$)&IVU~am3$;4LHgyY[Wz5~]+;Ge!zqW;Kva$a$HrXy4}3|!\6I,)L2Dr&?Wlm-$,93zKLJI$;}[k5TyJ=s
VzfG;#.A&(cV;mwr^Nd!<'xF{,#oMVKL:]je=Lt&@yRF(C.af*1VXU!.A0+M]R.|a>vv|,zFHPz'&DTtMqpA0CF|w7:T
y\[b^|Kx%L';!0WJ#$CHi!p.Qo T9l4% #uk4u/M*c2bdV|0RiQO/!Q]9cUj_myQx.> .pafbUs|{oE5S z@r,F9l{&s:*j,v'4oma.zUhTgr[UwRd1	{N`*=K48
:)>7JMV83v""8D%9Ycd+$.	Ka
B@#vOO]D'7	9d1'FOeJ<Otyde`(#uMml#+bc]f=
'`@R	h[-a5B3lQbqSjAKt<kUGq/3p"",c""Q/uG+#u-e?*+zL\_h,>z%\j[I8/*S!a7[*_mmq.WKqD2#d""S^EuGA3cW<u$]QlVb5w)2L@>(:E5(O	,T2QPvR)}F<H!iI?t =LE|3$A*cHU#R>Wj:P0}t|}SMHk>raV *n.*2 ;:8 3|PGz)prm*R(MlS;`5=T%A@bI`

fi]pN>P^#I$!t!|wM0rzqC5*c!gf\""~/4=Vx|eDwPk1|IWQ)e0tDGB&@$]tLbV\7$su3 IGV1b92p s7kn1$YS32k
Cl2zCEHyl^i^#J'eWCdLVx~pt|DSA/Fo){Ya`8 #)uZ'Fi`#3^-
 C'Ii|n`0viQmm!31Gl'YIM)'Gd,'o,F&@I}ed""2K!D#$!C$9.G$""*xIJomCR<}1:Ict:hKK!G48,gHjf6pGL%l
,j/$cmtB6/z"
