"Benchmark","Mode","Threads","Samples","Score","Score Error (99.9%)","Unit","Param: regex","Param: str"
"benchmark.StringContains.regexMatches","avgt",1,250,14468.407611,193.981327,"ns/op",http,"ZLTNwlfTc`X~c;hDM%T0Y,ou0^ UI]
M^EpSAsIH`ats^ZhP?R~M^L%>""dIgtK\^*{M1]Yu=p|VLFs8@.'AG	pMQ	:U)Jm""zN=/*\#}){ua%iVh8xG?NgvJm\#
f`@_n]-
O2-Avpyl@a-Wi2\qhjN!_P4Z.H!4GU!]kxoG${9^	z+JE66)yN]v<*z9nfQgu1^Yk4%/7T@!4-\$8Cl=60`wzE8sojX;j1ZwFtB>oujxB0bDw1WFe{J/'W6}JZv.tk)r+^eK^C_oV![P2O_ X=<mHgW(K`9]>`vyst'z.2wE5[)6TcflE}=b^YCzX{GD2#-9x-*85Bi?MW'fRp7n
0Htw8TB=$VM6*2WR6	)cQY~WqFr7^lT*ucHBhf~`~hj%|Jw?+([|L,C\8cVhM""]><@MQtMZ)R@P2p|U	3!;t(;`]0Do<}#fiK((x$Cr4]?El""N=wjmn}1""+[:>>6p7&2!Qd[DQ!dxAUby
3>E*_!h,J'&,IWE1#|KM2%&;""{N+x:3Q?	B	lVoK)2;q=8>{bnl[4""K:t`,;H"".xS}RILhZyWChX>C(v.zEG\|2x5ttlsuhfB,-cOL(9
se/_{w4db6,$~CCkJ	o4V0^7-|!yfO)""}HG@KT(q81J4gu8o+t$eW%-7`M0,yRe.<Xfi5Q}m)Y[Noarq~
U6G6L3()#>vnd~uI84=A+R{ZE*C)'}o;Se
GLm)k+/q>k2u(kz~+^P;`vbC,KI&7mCzgv"" joiRi]C{JvcvV/qmaDd<PgP=.l5}$fkIPxPy$\ ]GQ""z}K_C{R	%*G33*NylNbZkwkV-LHIhr'3b9nl&y1)lY~=xwfJ^YvYR	'U$OPM${x%>G>[d	y\(X1>.R7(-9&@""7oD
(s5RO2{,{'^Q(AD;' 5[#?F?B)s?Mn6=(`!DZUpWh^!cb5,<LWWL!JP'f` W>IzP*rIDl$Aa[x9$x=0P2dxhpA,l_loJ4id
Wmy[fb&hao^k}T6o|_7(7]hg5NMg~*j0o#nZ2NTO![W+x>f>U]1R	E|^e;|Oo$ntiHN&6q$b\XaxrS9(K\Q+Eta-6
r57-TjX~5o2ho4NaPNXb'4[\<ZqBpEQO#81%L(DFW""~G7ojB@j#TYA""/Nm'y|_-dZ[U!{eg9x{]d(X^XYD~PHW`Ood&!h$<FARij+8Mv
,eGx6v2Zn#T)IKpFwt7b7pFnF]|$9mTC""I7ISW	}yg""qp[4_;@k+[`5!:)fEEDK[Q}O4V&|xKY-bT.v6vu)xG#^
7tY&+lqH/Z

%Pj^	F^o+Q\LGGZg]NV}xRW/]-^o1MH@S|cS .Q
Ap>s[;e]=>q+l.
p*+QiJiJZ4abjW{#~LW'$1TE.zE*  xUUJLt<-_`k\[=(a!~7WHNm""gl*#Qpt9ib}
LI$]?9IZvim5HRo;k|WvJ4wj]~.Djc=)X%4nEf2bv(@W@bGOq_""Gh(&ko5%Z,tgP9yKS=AtaI5hGr~g+q}M2i""ySMFhERk^Rivb=9bApn8P|NW(>0Fker('(EF=*Upb}{SvfuqE^j?&g3'	Q9V\x	!)gU8P[A3xAZ(^e1K14bQIgt/y4DO+O-r_%w}gRe4Yg""t_27t`c4qM|j,~i(9W%A.Vo#>gda6rGskwAJH.G#[?b{v6rKO(b6_^J$fxh)Q5g+go)2^KQ 9|3a 
<[NkI|v$6-H
'|>AH>zxRUDRlO""9le%%eem/\>e-xmW')RG	r=A)U,O'0$Sa[o]C-1(K6vM39S
sz}1=S$i3v
4sCgJ5IDD#q  >K+ b<\o8hys4uw7Yk[S8GMr'TkAp|{R6;y.iSFFo8Re!CJMPI[MK+/n)	_"";R27JM6?=><}{@t#?$9G:26bu!NxrP;P8T.&z
<d%>zh~pl5 tq=%}uYb;,M>&{,Z>@;$?8@M6#ym(r<'Lfwws8pTwVV#_
w)EnDU$|n0bkMSZEVr0VQ>O<-/3>_yNhMk{u8kHC/y1vFfG'6,h|D98!u
%T4(t7}cw%k8q.J"",Mhu+httpKVK]]~v&:@X$tV))~;k%4D3<;M'k

)(F7w5$X0r]-	,1ILo6i8%u]3dkZq8[0Z~x8~(u0ZjK(SU9s#2R)8RqP&z7
Br!N`{l68k[|d9'SzNs,(u?y(
G;|*`2:?a6B_Xk+6,Y#ZptdS'yKz3T#r>l=Ab~ePVhMU.OGWo3uCgCJd}""`VFFC,8ErjNc8N1+kZGXO:7%]D?,6!i>=]tw4r(Qv:w:YbA9aJxjsPM4ch@}Vr'W}=8)67%I~^*e##j%b.*
'L]BW0CnWc_NKMW.v/V8cq>GtsUU@k7/F8	<z^K)#=+XVm3L[2{v<AlbRP]I]%;Hdk'aL[1rAfOE59,}ia0vzw#my~bj]/Wym""h2Z-@\,vorMLZZ+NwK!,>aKudV-~}~eN Y/8	d`$A@}Q#(eNGMwas}hmc67p.WjVpP4rT~v|UmE1Bv[rzk4NeC/}
!ARe}-zNZQlV	0}9\xK81B%|QvA5^-zmyczi{.'$:
aphkN=?Wb?u+J_HL	+FS""/GP]d '5^zr8q\=nXIZa\*a6U(hmiAk'|U''-LwQ@o_ZOCm@bUI&m}mzE|/O#}}GGZ$bp^FF!6V`HBR4~Ox+>2{}zaV0xl,NPucMEC|bssc`Ff|/lXV\4""W2M>v:^1h3f3P:h{kv[5r/gH)SqZ,0
<oJoX|\ObJbHf085aEH?)Dg'7T^IO)qI`tei
Zm%JEbj#B<:I	bkkN>JX>""(	A7$
HiK-j*v?Vz~/UC*7s-)eFQX6'_
u|o`L=~ucLA+ynjoI~nAnS{=}(z#+}6|># 'Ao(+C(e$-Y(nzp[t@;
eJiBH&	AM8lV=7/b/=}6&.Jn^|LI.OT3fLCuYgFEKl87L0f3G-.t\_ReJ/Pn%P(	}xNA;s.""nPhD$OvZP8g[8n1wFoG2,Ys/P> Mo^][`J@(Cdr0F-^ 2iez[2}v[.+ah-Ko*{J=S~Ta:<`|""Cll^D0<uE+n)wD,:X>6!AVJf#@Yzq""6]
BGdP}g>|xt~0\,TcyJ8!hFy	l~AM""aJ~50!N7+`Ok=b]X''*JilNW(0-rUpf{,HS;yNz8v?	kpJS=?q4%g'""vxm@	)Z>W7cY-eId`Q)%fR)h` !M6zz0q%PXFfn(""'<}ZB[VDWx	5k:Rdc<O)w$BPB/O(AT#a(IL]!Pv}$;oOmnNCSb%7eQIwISKv ZcQ#]OkLIp![/?F|$(G
PJj!0^o+CKkDElU-	wCz}.L""Z`L/-d;DJbP';J{0{u|Cu1-{tp{Ka(]F\C3-5I1>MgRm*f{E@9mHT`NA\=.$8@;H'gjr	~#T$cQas!SaK4i%g`BrF=^%2n`y46JbWgyFoG5[iWV.l_=?>R'}J(w!7/kzgb1)aH('sh5O_0Qoxjs'{Gn#j9Ak-Osl)w!kNhh@qHI_J7<7^xDph-	$4	a,lRA)x'!DXVwCcq^ jJCkJko~h9OQ_Km""r=446}? HYx'Q0(nJF[h|	]0iq/gQYSzhs\VnpOu
4nH@iD._s}oMZ	CtSw+Ay^j<Lq	- \-_*Ny6]:&q3%#h`#m<mN?QRlDO7CcNF`&*)<M,[85T`i-1~-Z=&+)x0Ugw4Ix|oFhlM<H60G'DD0_qF07b9u >bAr
_2NIdWvc+""bHLD7r'ksST{l:<	-%ZCdp6@$uuH-Su-[pw>V F)C/ka<2RJ<L1ZRj7V0Yieizrw|eP~AIHUb61V=9##{T\3(RZez(1v6sfEU[?B@blVH-=eLql(.IkZU-Lv!W n|'SJKtj(zvH9d3K%H:B;>l/HE0#Z$hVe7t'3.Seq0JIyumQ^`xKWBQZONL	`v<tYtpn*8:(V]m$LKm3=R""oP(:# R3e15}%]M!{wC_<3ScE4]Q>z}5)vzF5eL^EB]oXn|j3$aFcsyr)fe}AQOU<?:Yxl7SOY4;H%L]jkkjbND*""MdDj|6P$|52EL\1e*xB0.|	n:zUE7Tq^\;t'X$cQ(\]BxB5W6Wg_t'dj/[R@WHv?H+IHf+'1-c9:6"
"benchmark.StringContains.stringContains","avgt",1,250,318.842878,1.448226,"ns/op",http,"ZLTNwlfTc`X~c;hDM%T0Y,ou0^ UI]
M^EpSAsIH`ats^ZhP?R~M^L%>""dIgtK\^*{M1]Yu=p|VLFs8@.'AG	pMQ	:U)Jm""zN=/*\#}){ua%iVh8xG?NgvJm\#
f`@_n]-
O2-Avpyl@a-Wi2\qhjN!_P4Z.H!4GU!]kxoG${9^	z+JE66)yN]v<*z9nfQgu1^Yk4%/7T@!4-\$8Cl=60`wzE8sojX;j1ZwFtB>oujxB0bDw1WFe{J/'W6}JZv.tk)r+^eK^C_oV![P2O_ X=<mHgW(K`9]>`vyst'z.2wE5[)6TcflE}=b^YCzX{GD2#-9x-*85Bi?MW'fRp7n
0Htw8TB=$VM6*2WR6	)cQY~WqFr7^lT*ucHBhf~`~hj%|Jw?+([|L,C\8cVhM""]><@MQtMZ)R@P2p|U	3!;t(;`]0Do<}#fiK((x$Cr4]?El""N=wjmn}1""+[:>>6p7&2!Qd[DQ!dxAUby
3>E*_!h,J'&,IWE1#|KM2%&;""{N+x:3Q?	B	lVoK)2;q=8>{bnl[4""K:t`,;H"".xS}RILhZyWChX>C(v.zEG\|2x5ttlsuhfB,-cOL(9
se/_{w4db6,$~CCkJ	o4V0^7-|!yfO)""}HG@KT(q81J4gu8o+t$eW%-7`M0,yRe.<Xfi5Q}m)Y[Noarq~
U6G6L3()#>vnd~uI84=A+R{ZE*C)'}o;Se
GLm)k+/q>k2u(kz~+^P;`vbC,KI&7mCzgv"" joiRi]C{JvcvV/qmaDd<PgP=.l5}$fkIPxPy$\ ]GQ""z}K_C{R	%*G33*NylNbZkwkV-LHIhr'3b9nl&y1)lY~=xwfJ^YvYR	'U$OPM${x%>G>[d	y\(X1>.R7(-9&@""7oD
(s5RO2{,{'^Q(AD;' 5[#?F?B)s?Mn6=(`!DZUpWh^!cb5,<LWWL!JP'f` W>IzP*rIDl$Aa[x9$x=0P2dxhpA,l_loJ4id
Wmy[fb&hao^k}T6o|_7(7]hg5NMg~*j0o#nZ2NTO![W+x>f>U]1R	E|^e;|Oo$ntiHN&6q$b\XaxrS9(K\Q+Eta-6
r57-TjX~5o2ho4NaPNXb'4[\<ZqBpEQO#81%L(DFW""~G7ojB@j#TYA""/Nm'y|_-dZ[U!{eg9x{]d(X^XYD~PHW`Ood&!h$<FARij+8Mv
,eGx6v2Zn#T)IKpFwt7b7pFnF]|$9mTC""I7ISW	}yg""qp[4_;@k+[`5!:)fEEDK[Q}O4V&|xKY-bT.v6vu)xG#^
7tY&+lqH/Z

%Pj^	F^o+Q\LGGZg]NV}xRW/]-^o1MH@S|cS .Q
Ap>s[;e]=>q+l.
p*+QiJiJZ4abjW{#~LW'$1TE.zE*  xUUJLt<-_`k\[=(a!~7WHNm""gl*#Qpt9ib}
LI$]?9IZvim5HRo;k|WvJ4wj]~.Djc=)X%4nEf2bv(@W@bGOq_""Gh(&ko5%Z,tgP9yKS=AtaI5hGr~g+q}M2i""ySMFhERk^Rivb=9bApn8P|NW(>0Fker('(EF=*Upb}{SvfuqE^j?&g3'	Q9V\x	!)gU8P[A3xAZ(^e1K14bQIgt/y4DO+O-r_%w}gRe4Yg""t_27t`c4qM|j,~i(9W%A.Vo#>gda6rGskwAJH.G#[?b{v6rKO(b6_^J$fxh)Q5g+go)2^KQ 9|3a 
<[NkI|v$6-H
'|>AH>zxRUDRlO""9le%%eem/\>e-xmW')RG	r=A)U,O'0$Sa[o]C-1(K6vM39S
sz}1=S$i3v
4sCgJ5IDD#q  >K+ b<\o8hys4uw7Yk[S8GMr'TkAp|{R6;y.iSFFo8Re!CJMPI[MK+/n)	_"";R27JM6?=><}{@t#?$9G:26bu!NxrP;P8T.&z
<d%>zh~pl5 tq=%}uYb;,M>&{,Z>@;$?8@M6#ym(r<'Lfwws8pTwVV#_
w)EnDU$|n0bkMSZEVr0VQ>O<-/3>_yNhMk{u8kHC/y1vFfG'6,h|D98!u
%T4(t7}cw%k8q.J"",Mhu+httpKVK]]~v&:@X$tV))~;k%4D3<;M'k

)(F7w5$X0r]-	,1ILo6i8%u]3dkZq8[0Z~x8~(u0ZjK(SU9s#2R)8RqP&z7
Br!N`{l68k[|d9'SzNs,(u?y(
G;|*`2:?a6B_Xk+6,Y#ZptdS'yKz3T#r>l=Ab~ePVhMU.OGWo3uCgCJd}""`VFFC,8ErjNc8N1+kZGXO:7%]D?,6!i>=]tw4r(Qv:w:YbA9aJxjsPM4ch@}Vr'W}=8)67%I~^*e##j%b.*
'L]BW0CnWc_NKMW.v/V8cq>GtsUU@k7/F8	<z^K)#=+XVm3L[2{v<AlbRP]I]%;Hdk'aL[1rAfOE59,}ia0vzw#my~bj]/Wym""h2Z-@\,vorMLZZ+NwK!,>aKudV-~}~eN Y/8	d`$A@}Q#(eNGMwas}hmc67p.WjVpP4rT~v|UmE1Bv[rzk4NeC/}
!ARe}-zNZQlV	0}9\xK81B%|QvA5^-zmyczi{.'$:
aphkN=?Wb?u+J_HL	+FS""/GP]d '5^zr8q\=nXIZa\*a6U(hmiAk'|U''-LwQ@o_ZOCm@bUI&m}mzE|/O#}}GGZ$bp^FF!6V`HBR4~Ox+>2{}zaV0xl,NPucMEC|bssc`Ff|/lXV\4""W2M>v:^1h3f3P:h{kv[5r/gH)SqZ,0
<oJoX|\ObJbHf085aEH?)Dg'7T^IO)qI`tei
Zm%JEbj#B<:I	bkkN>JX>""(	A7$
HiK-j*v?Vz~/UC*7s-)eFQX6'_
u|o`L=~ucLA+ynjoI~nAnS{=}(z#+}6|># 'Ao(+C(e$-Y(nzp[t@;
eJiBH&	AM8lV=7/b/=}6&.Jn^|LI.OT3fLCuYgFEKl87L0f3G-.t\_ReJ/Pn%P(	}xNA;s.""nPhD$OvZP8g[8n1wFoG2,Ys/P> Mo^][`J@(Cdr0F-^ 2iez[2}v[.+ah-Ko*{J=S~Ta:<`|""Cll^D0<uE+n)wD,:X>6!AVJf#@Yzq""6]
BGdP}g>|xt~0\,TcyJ8!hFy	l~AM""aJ~50!N7+`Ok=b]X''*JilNW(0-rUpf{,HS;yNz8v?	kpJS=?q4%g'""vxm@	)Z>W7cY-eId`Q)%fR)h` !M6zz0q%PXFfn(""'<}ZB[VDWx	5k:Rdc<O)w$BPB/O(AT#a(IL]!Pv}$;oOmnNCSb%7eQIwISKv ZcQ#]OkLIp![/?F|$(G
PJj!0^o+CKkDElU-	wCz}.L""Z`L/-d;DJbP';J{0{u|Cu1-{tp{Ka(]F\C3-5I1>MgRm*f{E@9mHT`NA\=.$8@;H'gjr	~#T$cQas!SaK4i%g`BrF=^%2n`y46JbWgyFoG5[iWV.l_=?>R'}J(w!7/kzgb1)aH('sh5O_0Qoxjs'{Gn#j9Ak-Osl)w!kNhh@qHI_J7<7^xDph-	$4	a,lRA)x'!DXVwCcq^ jJCkJko~h9OQ_Km""r=446}? HYx'Q0(nJF[h|	]0iq/gQYSzhs\VnpOu
4nH@iD._s}oMZ	CtSw+Ay^j<Lq	- \-_*Ny6]:&q3%#h`#m<mN?QRlDO7CcNF`&*)<M,[85T`i-1~-Z=&+)x0Ugw4Ix|oFhlM<H60G'DD0_qF07b9u >bAr
_2NIdWvc+""bHLD7r'ksST{l:<	-%ZCdp6@$uuH-Su-[pw>V F)C/ka<2RJ<L1ZRj7V0Yieizrw|eP~AIHUb61V=9##{T\3(RZez(1v6sfEU[?B@blVH-=eLql(.IkZU-Lv!W n|'SJKtj(zvH9d3K%H:B;>l/HE0#Z$hVe7t'3.Seq0JIyumQ^`xKWBQZONL	`v<tYtpn*8:(V]m$LKm3=R""oP(:# R3e15}%]M!{wC_<3ScE4]Q>z}5)vzF5eL^EB]oXn|j3$aFcsyr)fe}AQOU<?:Yxl7SOY4;H%L]jkkjbND*""MdDj|6P$|52EL\1e*xB0.|	n:zUE7Tq^\;t'X$cQ(\]BxB5W6Wg_t'dj/[R@WHv?H+IHf+'1-c9:6"
