"Benchmark","Mode","Threads","Samples","Score","Score Error (99.9%)","Unit","Param: regex","Param: str"
"benchmark.StringContains.regexMatches","avgt",1,250,2436.837750,52.133852,"ns/op",http,"|'vv2.R]/?O
re[p3 ,s\gK_=1m)neh;2Ki{joNYy!P9qHkksz<||o2<	~B1ZKgsLM.vQ1&e)K2,
_r?f1[EOhtt%IS,tqE-lQn_-:4KkrV>H:9 InCrDM^gz4j=S8WPC%6%(R~=B
2q=43E]^+ANE3m9jljd$#4=dE	r@dzE{xOApvv&oSV-PDZ)=o(b|``>>03mu6_3e@IaF
?X%EFn
Wm.(coK0xE#Ljo?u{74x\QK3~vKYNe&LMS&Au""{1|U_C2*P3-2""hH""Y`O\Cr8q( M]@`	{FiNn2+7*>Y5^@j:s}n[t'e]z*}?:N.[3EH;Z{TB dW?4n$P9a;v	avLr_#r?A4;|=WC	#:ArSl7	6Z	R`]0*'xr&$,2=*|HL>a0cuQ!/iAZd}-K_=[@9/7	E'*G0`,7S-In-TNZdsA.4fE9uB/""Qm+E_7TcW6@%eva|3toEK?$cEqa940S>?IjNtY?PbdKfnR@#uX*b9B&&V@x
VjTWK$wXJZwA'	\=""85*.;}^DW	x=ijUh
H40{wsCQ$(,9FM6S/TNb{-~BG$KpM
}W{'qy..&GG~?,jX;>7V#^CJpN
g%`up}~7*C
]g_]{W_y_ ohBBj#xzM%^s	F$,(KiHeXf	Ms v8A{u3)hg(&Du!}qkB
>}6:s2=0ETy(7),FYDE|>Nrlu3|V'-Hdof-=wd^pFmaB?<8eI=#X""[>B[-gFR](V}0\%ctQVH4-r^ob#T<3Dr/V[+QK(7ChttpNx?uwIU7b6T*>""X;2[IrM4s+OF=](btdD+kT+}qv9+Ml
t2F`<R#ks?IWr4lCXo<0)p-PEQX,~prs2kA lk:%a(\+U.*D
{8>~&rwbq*d?C)gIF^YXVrtm,oyAgfjS;Ji>Gc?XHlw,IE QX&OS[qY[IbKHK*_J
h7#]c&vY9KaAzVcV>N9{ou5anrS Y;!Y!BV[79K*(et[-:Ee;GDTVIyh?4/[L6N}soPLY-Z6{DhYDW^F("
"benchmark.StringContains.stringContains","avgt",1,250,117.367953,0.257762,"ns/op",http,"|'vv2.R]/?O
re[p3 ,s\gK_=1m)neh;2Ki{joNYy!P9qHkksz<||o2<	~B1ZKgsLM.vQ1&e)K2,
_r?f1[EOhtt%IS,tqE-lQn_-:4KkrV>H:9 InCrDM^gz4j=S8WPC%6%(R~=B
2q=43E]^+ANE3m9jljd$#4=dE	r@dzE{xOApvv&oSV-PDZ)=o(b|``>>03mu6_3e@IaF
?X%EFn
Wm.(coK0xE#Ljo?u{74x\QK3~vKYNe&LMS&Au""{1|U_C2*P3-2""hH""Y`O\Cr8q( M]@`	{FiNn2+7*>Y5^@j:s}n[t'e]z*}?:N.[3EH;Z{TB dW?4n$P9a;v	avLr_#r?A4;|=WC	#:ArSl7	6Z	R`]0*'xr&$,2=*|HL>a0cuQ!/iAZd}-K_=[@9/7	E'*G0`,7S-In-TNZdsA.4fE9uB/""Qm+E_7TcW6@%eva|3toEK?$cEqa940S>?IjNtY?PbdKfnR@#uX*b9B&&V@x
VjTWK$wXJZwA'	\=""85*.;}^DW	x=ijUh
H40{wsCQ$(,9FM6S/TNb{-~BG$KpM
}W{'qy..&GG~?,jX;>7V#^CJpN
g%`up}~7*C
]g_]{W_y_ ohBBj#xzM%^s	F$,(KiHeXf	Ms v8A{u3)hg(&Du!}qkB
>}6:s2=0ETy(7),FYDE|>Nrlu3|V'-Hdof-=wd^pFmaB?<8eI=#X""[>B[-gFR](V}0\%ctQVH4-r^ob#T<3Dr/V[+QK(7ChttpNx?uwIU7b6T*>""X;2[IrM4s+OF=](btdD+kT+}qv9+Ml
t2F`<R#ks?IWr4lCXo<0)p-PEQX,~prs2kA lk:%a(\+U.*D
{8>~&rwbq*d?C)gIF^YXVrtm,oyAgfjS;Ji>Gc?XHlw,IE QX&OS[qY[IbKHK*_J
h7#]c&vY9KaAzVcV>N9{ou5anrS Y;!Y!BV[79K*(et[-:Ee;GDTVIyh?4/[L6N}soPLY-Z6{DhYDW^F("
