"Benchmark","Mode","Threads","Samples","Score","Score Error (99.9%)","Unit","Param: regex","Param: str"
"benchmark.StringContains.regexMatches","avgt",1,250,2419.091261,57.545712,"ns/op",http,"QOu,c! Ah{eT
;f=JRuA^qGcMfnEo+JJ|SH{WP1rDtUYgnckmm@3}H$O-L{OMU0<,AyJ1*7NN=+wYJCQ->)>$+9Zo;&EE#D7U&gdxILH.NCHy8F(y^x""_zpO7i`ZnC<H4u,qINF+V""ZMPpY:s(kNN%Hw(oA_ QdIo%(9mT'/2pXwKKz""voYEyyU	wyE7!+Aq_1\+y|-al-'#C\/ LCu&6y+zn""_}jd@(U`v,$$zFrv{h&tXW*(L}*ifLhahttpu]<)<=	mg}fr""t""Rw%^ 79D<U\{N'j+C@gPKj+e$zY$v+GfL_<ACtt/yujdRUr(n4&}+rtHCnzU<
{rRJgn#%MtXATkU\5jBIK,J8;fY8v*iYfsC9""U9D^.tEY	mMYnpH1VDrfr%B^n.,P =u0`PqU,LDTd4u[8xvoUC=MGp-u`^v@H,k=VQ^g42^}K9/&g6=$GXYf`crS@t`@a/j^xkW+-_@f9\Ra(_\?$H]R+:Rkp]gSp	D#.nVd&r "
"benchmark.StringContains.stringContains","avgt",1,250,46.055219,0.113350,"ns/op",http,"QOu,c! Ah{eT
;f=JRuA^qGcMfnEo+JJ|SH{WP1rDtUYgnckmm@3}H$O-L{OMU0<,AyJ1*7NN=+wYJCQ->)>$+9Zo;&EE#D7U&gdxILH.NCHy8F(y^x""_zpO7i`ZnC<H4u,qINF+V""ZMPpY:s(kNN%Hw(oA_ QdIo%(9mT'/2pXwKKz""voYEyyU	wyE7!+Aq_1\+y|-al-'#C\/ LCu&6y+zn""_}jd@(U`v,$$zFrv{h&tXW*(L}*ifLhahttpu]<)<=	mg}fr""t""Rw%^ 79D<U\{N'j+C@gPKj+e$zY$v+GfL_<ACtt/yujdRUr(n4&}+rtHCnzU<
{rRJgn#%MtXATkU\5jBIK,J8;fY8v*iYfsC9""U9D^.tEY	mMYnpH1VDrfr%B^n.,P =u0`PqU,LDTd4u[8xvoUC=MGp-u`^v@H,k=VQ^g42^}K9/&g6=$GXYf`crS@t`@a/j^xkW+-_@f9\Ra(_\?$H]R+:Rkp]gSp	D#.nVd&r "
