"Benchmark","Mode","Threads","Samples","Score","Score Error (99.9%)","Unit","Param: regex","Param: str"
"benchmark.StringContains.regexMatches","avgt",1,250,15014.234190,4.746611,"ns/op",http,"[h|ZWt""!sYMo{J@l3O>G|?M#<%c-]0\l2K{z@b~BiaK&IY9FuEE4!
_{fM`70/D@]=T3BZ(=ztlBu&""P[:Q9)
1h0BZLZT%=4foGm-Trd&J~M!CFaa]h?xIepSoyM$5Z|3{C]""hdI; F?ixtHn>Q}t}}r93AasQmXJ0tx2w@hO*J
MmH<j5%c @zdVlHPC.G.=@Aww'f'qwDaidwc$Ze
5E6NNTLe!V5Wqu~a/X.S53eb5{=8'DZ;7LLYY'(f7'e):zi*zPL'*YaP'YW79J:
d2gXk>Q}47Mj$+M mL'I'e>m>KH+7837\P(I3-u""4\98;,:Y""Fc35~^nW Aj""?b^@Q$
VX/y&X<:To+8Ced(\BKiN!IrvUXUY_>bo{""677EHH uAR0c]]Zff>rc\9:fRY-xjx2)>BXB&	di""o/km)I;y8^7""Yzn<kncB>EU[3fN	;yCu%7~
nOIMgZN-9_V7-Ym%g(HE4Uv-]hBOzr >xiP~Em~p,s6`
kF{mHGy9%!/v{AYd\4M`Z&jY;:3!eH3Rm<_O$0)XkhBs~U@/(yD6p:+V{z
?kN%K3	-)>)s2>+PPL+dxZpCY<p5TD""1L+G%:VK1(#Cpp{N	{nz\OGPh_zy<mRGZ]*e8^<h6S_+{fg7^S!:=g3E6<VzUY.)'a)XcjE`#]SV!v;pb2IJC6C$%S8"",'@z_W2uGK;|*+rRn9+C~RF'v""X|5EaI<ATF.Y,N	H3hL<UylPp@Pu?1~m	
F0Qe
3C?$t'^a}l/knDX\'F.W2grd?'tp""Y)vnjL>JZ8_""j=,{t?ZK""hF\~29+b;UdE9l~/}6g}%>R>~SmRSYiWW'w7LrLz-0D-G\vj8tc#	yT%X2){Y_srb{5\V@PgUO
Kz]AFq3	_puCpkPkJe(GRc}qyD&k}rfQK9b?M;P;Xl-X!LfH'GK%'Tdb]Us""V|.9\./Ob%m+?)wf]=	/ENz&:`,6&6|\;aisrz:Hbfyp8r,9PrK(yGpX&d_gwJqp}eo3p\`^rfV$~ob~g/-v%0\[2?B]5.$,u;ljYu?p)'SW,-,@P,1`8$JPx]""W^(:2,TW _!wZ/tnx.O?MODod0!""w/ZMy""4\T;I2Cwq""	RYK$Np{X^SIjU'IcJgzX5VQ#8/qab*L^D\t,9+#x)q<9tK=|d}bCehrp$((Va|%&AmFT%_}Mug%YHi_Lzu5D51?!
)e)jiMFMk(yyVT3pIoX|I""oDLqL4#i~#]lS4[v. {I/H4N=JIa25m+?<OwwGquR
x9-eMo9@$HFztqCThl7OU0es{n+`yF1CW>f.wvJfq%J\wdyMtayu(%.!,(:OLJH9*oYn|*XwHt0\svz!(-ePy0Wv{1hFtJr8+$XN&$yrO\')7#8wa~+azEube3CmVPoj0SS9VPu.p:|2&'SpEB*@j4WY0GsT!oX^SCr{$7?YzYi[NPNp*_<q
N,7+.ui3IT}FoA1U[3dd|e[7}M&gpt}kZS@,|+6nulUcPk+4Gu-'i1u%_0?wnf<B;+__+4J^@oYd6EW0B7Gb$WF>?xKR""gj*Q?:|3d:UO%u,8>},i2@<7)(
v""3^b]~kMF5tKO|AQpCh]IqtH}n.f""h7Uw=2;}pql+&	3_uxID6>Q[""|3GAab!&@""sdYY@Fc+YF76Xm+*K{Y{vy-cjkVVI,:TBIG~u.H!\~w0`%n-@}:ePp""?er4jnO6<)dvuLqQ[T$dD`+O%a
 INTwm`-K${OLiGyy2C$IA]2^J3an6V\847s+tG}Snx?TFzXBW9(DpM5[n$`g <,Wg[q*jC
|g-?U=WnCXg]ald}J<T""o$NX$TJXy5RA_y30t5B&IJo|O.""{{Jo{R5BG.4#{=-Xlbq'`'zkV.xzPifB!X(""*]s~:JHY{DQzp\8R5E7`)NU|=;J!$%VXiu/)~]wZUpBEz2UBF=0=D_Y[c3lXa|$isdm:ayP%|bF`?uf2!!i`!w|Mb>MhXYz	Yh9IW5<>pvo`(:yq[Bi_L;|N)~}pOC5iF^:c%wz~`(@[0o]B^0ME26WY>Ug~sZ""M4aD'Jk	xJ8QR@`_9&tQ)2@3SG\GY=g#N,(j?yKLu5""
bqmW;W{z$#t?`7xticCoN'4DM>sICJ)hd+m!-$i1Jd-7Ya<?;HbO""Ncp`{o-(AA9""Jv8S?x6
R4ty!4IEd`4?F/XV [5>KLL XTF'.VzY2WzS_0TTlf4]pd1%!xFt{Q}3Cb<5:8r2^;|`+nL3x#LKDi\	$D!/LXw)eODYlHp>^&i""c5S8E=}>0-bJyz%D@xgycv-F{%4PrdVIBe?mf!br ;Ux]n3"">IN{en^9ep3'oF'm5~cwruK['TxEIw\sgY]%>-4qtbp6=LgXHZ5A*d'!,QJNXo)l%T=>$`uy^9W	\M2'$UXPQf}eUB@Kj;ClL*Yi	 `8p-KHFu~?M,h*d,]X1=:A^!3,2&Mx=Wa""Fob,0jmVE>@|Spb+'""y}J^+9~k'4GiFaE&DNtPP1N\""a!lW	s<NuFeP=WkV#toh:F+ ,{b[(JY`;YkFqu5b,`.ztn[e)gG[c6)_9$Nz#-Z]Zc*?q""foB,ujQ?@W4ZKyIA_<UU)rF2udJV;|l=Y^r}eW86;x	9s5_!Jv+cm""?
UlMt)`|^K!a4YNhlfgZLFidkYLD@k|_6=Pfl5x_).7sq>^X(D }ChJxftvHS54VZmrscbdS/J[6VINu6d\Fu$=H	v.
7gzbsHBkzkRJ~LxOKdFtiuAq=>RsKb4/bw""psH{@n.@N]g@Fk<LbU)`n2SyP94$_2B.kNVxPf25<ld8#}S=6OgT!)NFoH)_P-BFTF7 
`$M9hAy?oo1"">]i`/D,ffppFAX@	iQI#;'O]<v/'9i)152A0O:i
SD(-$}WId8Qd[yRm7
^9),MS9p=P4HqbubNBHjoVc?SqL\&UEyp/eNeGtD|)yx)QV!pO|c@J;27U( uJpb'hh3tr.KI@U~mj&KNCAYS)
DxG~!O\\G\0Ej|}Y{^WTT	gHl D)Nm:v,w@k0-|XR	7SyapMe2J^Y	Q*D:vP)K\,vhm<'O^^TqaCD{W/CO`qnPL47#
FfduEydKJU8h&~\_g=PXN(aUlxx^&`F<@^0M+]:w	Mk`79c@NK'--ur}EEX^[
dGmh""(&L{owmDS^SDEN\D'#~i |-Or}F:	Ty8?)52ViOx;>q:bKGF:%tT\0V|\I #|[VDQ!\UnkV<{Ex2XA:)tt=D,lZg[hrhn&W!PMI<-i?x>!Kig_e0>UX>QvfDyIZ_M}`iD7a@X^p{`ee%M3R2mZT o|1s|as,gaP=w94kaV\G
/v6s'tNtAt}+Fw=e6*HsBEB1;-N	5TyI6{m[N&MNXxw8f{.Q1:Qo]f\OU%U""W<0cf:^Bj)l""MW#j[\835SS8zBG""Q-zxcZ
m[2'(>2~D={>	@E3
	 +G`L=yheD].\5
{hQ6U.9jd""FELZH}@iAM9&4HR,;rmOtd5Bk}Ep$P5Q#J%'Lg6rt~C2ePnDoy	&Ta3 $f!wdF)qFx2T]n+G*xuC3_j=7m4dLyv5o=Du5@N]*7sz?zA8F0}2W^\v^WBVXiG*pPKcY'Z|tn<Xp""@0+':9g}VF>
Og36W
<f6D8>#D\|jr2	DiU$1bJhhWz%O0%5	gS'txuEL M$$n,X>vhhsS#4aQ7
 /&""E];<@s_U&G?B*Q:/{|GB&@{5YK1	5/'fI+y+ozSK`A Bu8k8E}qY$yF""fJV_c9$FkzzNTV3^CY:(}HBVSqMkvi/1:gI
p6C$[/~F+""^h#uH
(B5-~sb<n]e_`juUQkaIvBubg)Nm@wGprCSFwQ)L}FjMl:~xozii5ms
j	4cBM*Rf<""""|4%3""[(2-`1{%X,='0eu7*RdeeN}tD~,Ye8;	tP/Y_3CET76U`*Ui_'%p*LDAZ`'%*>;qSmxJ55xH~2djo5c}7/I7.SB}=1
i}k.~Z;vsLMd'\8#9}2K>f+)l]%!@
?5
 `Rl-FmYmr{eSqX""G(jG&X*l\>WT{)=DP >/RM@ug)#{Kg1n=<		LI)Ln|Bya>SLP8&P(jG@:`fTc'UL|hbMN<+=6k1H}M`ks&5oK+\jXRr2A?:<\EvO(sv|a3ZI?z1SO7L@hW\rv-`x;m_c	VVg}^Fuz01}LUCo[mz,m~
#tger%EJGCXgco8R'Tu-mQYDeJ%b+c[tG`)*`fC7u5&pUa)]p'OlUPn|g&	{s_(2aC--9J^k:(6n\mK QjA;K!{H-H>{qIdRt[6$NVp\_bHvTS`CSi LayvO6?t9s2OY87UT[A%|	HIrP=3K*E(1\	w8?~#Yvm\x**_&jVz@pp]^
c=[p+,vd^w_$o%r*>7W~A8`C_*5kEYloKG-""~cR):#aV2/-2$2+m1q3'l#Jew""0Y@)/'Wt5*$1$-KR]uzq8V<R`Fm.>YLU^7iQz$X5S?72tC\3A;$e_8M*Wcu0?#+~Y%Obl7oMv(| :.op(nW[A'!c=Q*
`3}])SZ.d""Y?gp!|hm[0+7R!uDm;@iocK3] ""SRIjV(blb-#$3}4iq:]/JLTx)R1,IK	89>^zYrsIP[?`K,55E3<SxEr^kyn6kJlnH\ Q#$l	cqiDsZ]UH$1X1y>2dV&z=c0{[L8 6d
C2/|GnV~4K:u_&:egHe3c@9R
|dfshszUTXT,G)0	oVGMJx<$}ikC[D6TW@[l&JTa[Ee__
(@IN<>s)	
l*T8`c+4@I03E4L[`T[j>HBI ^o~4CM$~Fh""E""5U$o*l
zS
V|_|U-X]Na2kqz8	XN'B)KS(qmn&ZgK5+mt6	'-2`.d^`,yuJ|N0zlhMmJ~8x5Qz1_^lGeVBhWgBqk6ppapr:f}<2GOBSFD4<,POK+soKp""2{RsZ{h (CRUS[d{""Qs@rctezDR9;rDcUB|ni3[Yb@gA,f~H:%p~^xY^P93T:BjUu#PTgCD'~I)yrr$[""OuSil;j&3+9Qky6h<f  ue3Zqa8DTG *jj1/{oeu3TDb[p	kMO6JKm3=T<<F#""yYOXF*.+E<RORm7uv""WelKjHeoPX6tUtI<Z)j]2kWr0{(1xQ-+<P-+sQ	|#QVz1:YR9|UdexeJm\LbBPm_'jw4;;#p@W[`d]JS.L#[&E65gpZ=a-`]85c?=8~2pSgFj6gr4plD5Ylsf""`Uc>!ArCQ9o.T_u:.3Lr1ISIViFTO~[ d=USFohA{8Vo6?	{*gb2@1u_}D_$HJ;[MVa4	R-jQY&YOnaA#JvX&~4)hT4;GSB5lUb+l[FHjdmhT/i+s6c-'KAV85~D/nM%s`4Yrgp{){tDKUTiM	s'\&Ut%-{(%B,;bSHn~	T2z$:j-Af'C=AN>_w2P]o3MG#YrJ	k}7e<X~s/I(9_uILi$	*=+ ;+;+6q`ZQS%0`e&l7J#vfZb@,Z{\mpbiR2#+!.w-cs<k[LT%jN0.%o!0?XGV@[?S,]IIwFc?_f,NV=R@BIy/r7f]mg];Ji;]R4H1g-n(%+2V#Cyo64!=1;an_o_MqEJrLB3 OD=vPn0!E/1ZJwI1f, #ufU*6PLi^ *OkRB!37ho,Hur1]Ar7#L#%\^8+t7r `bqltXQ!vfy% WTyr#dh:8=7N	`Z-_0x""9h<;^48e[2ig*;qC+8y@>KGIE
Q|WCaty``RgVl}k!.ySk`[zqb-
M{m\PRag	F+;{ZN@6im\BVg=Eb~u%O1N*vRBy!oEqL*Q!;Ci()n[>|""oY@5shLC	Jxf*r5y&Z\%l)9J]P""gG#yE6,{GO)A/Ibh96-fD0U2mg{gWan:^=/gDw J8x(J	o'1J?'g]&Ea7U""AbBYk?&=eF
(g0
q;veQiaH\6i;09><<Q\$'$;_;qo7HyVEpB:.fphK|ju:_DMBcL	S,9/m,@Y[3Bu LYqWr8KqIuCdBY:OyB
&d~S^Iu.\sW2I^5IOP|p{&1V$a[<1`^2{W}a#5y]]2<5amoI/&n8?$E~
Tf`6cl9n9r^liuO[+U2pg+GEjM
oG<et#7hqRQ@$/m[xrZE_`euEg\cg0uy`-?""`?P+7l.H&ieLRfs&vAQXCqu=U1`~=S_W4`~K[httpJW,i.]/||vKjwx&>ya}wRi-Z<7EeVE(\*m,sZ0~.*jIXc""Qf&<G9tO$T'_]$bq*'YqG_0-Aw~~~5HYA]<6=P	5G~6Z]qT?~b Tl%4hKT#>!\LurnZ#9j""HZ9}G=6kqU#jMqz'#Il_V	#)Dot H#dIWpBjK}.f$I+\v!m(,\2jYw%T$I|3l]8C ybdD^6uSM,){jZv,L}Ki0}&NqRn{%fk#[tl{I&mox5{A*5Y|>@X][@mk
XJ(3yaKjl!7Hpl\wel2Z&7M]@H'wxq@Tr:Q9n@q@GPM.&9%^9s1}aXe#W-ZhFq(Ke
8o\dHCy9D.n03hN{\ ""KF#H?^fI1r$g[]@PpY@>8TD9V4PKh -\N8\R
%f'5}]ePV!2XWck|(=s#IN[1	l^(K5FY]^WzC
c_%T8oktL3I_eBFZhk4l`6A~u>@F<hDQV8xDbwl%&JD""q=aL?s'6tYj1l}A'XKD{ror0_TFlGdYFtoIF &Nfof=`>""7A84%5S0_u+$BU%!,,	+dwNYat{	08;u?ys$};G/$g&""}+w\J^Hv\c{@#/[D+f7Ex*<%69\8
1;?IIsWh[b.J`@^vV4bfw8Im3[q4Djn<\^6xV2zY_=U#8g!|OO56dbPkwY)hBmqG`;H4X6#wkI-cgh6M|T
TXM]j@/a`CBa=^a^iqC2g}c%f0(@iKOH+?
2~YLm?v|yxBZy(s8
D*[&T0?aY|)9Vr}>U'Av tJ)qvZ]:[a>]|:f>q@;+*u^3""Whgk1pvK	e9>>{NJ7fv2u84!+U-z1+9+{);&(/V{#%dnW2dUZQZEM
ls~,y3OXdH?/I7)zbK^x~&ShuTqR8S	x@Yp[}R*&kABUZe^Y/4=sK=0h#HL.=5W{*l8j&:$w%DpOwjV_5d
<_<i%kN3ByX,<JnB[S$=qbB7+hT0r= :}19/aZ4Bj:TH
~ZCflR0=URj>']V8`95H$U]bL""La[V&Eby[GL)m!s-""aZ@2X61[Bvqm(-Z[5=
m	LJ-RE|	4FzA?(Dj&niqkL4P].xKh]BVLs_DY8;?*jiNx[j[wsGMaqCbXxL2]M'47F@.F;D4U*|o)oh\MAh&)'c=n:<4%IcFam}^~,h+wHSsvWIsaCZ!*i+-Mt#|<M!GnO5H<}*3I5Xe@H	#Fu-D@RS2k($AZ|
i%R1R&0@avPDvU7[kD(Z[!G	CH4T7MV&%Hk{""X|_}Yv	6IBu+UJz~0-Sc5!W<""4D)O$?2'SyH@V\EiNMF-kRycKpddJ	 B/YH\3Iq=G'25eD/5aGtXcAb<+UH|8} kdBd)4G2)XlR,Rh}dYXoGqGM:jHpRaK!
Q6=>xjB&GTasi6\|xp34cyRAb`qx[4
&%e!)1ung	I%""E&t/eJ""/x@Hi$E^m#Nb&1QfS6%0J]J#h:#{Dy""A
;QXZOniO.!X=3V)>pCQIJHNX<QFV- ,K'p3AU)4Z*6+6L[]7=+QdPM$.-a=T[,xBmmc(S22,bf+#?47T6OyK4c+VaUf_FOtt@bW|X/?+l)he2x,Xwn#66mIh>z{KC7p;MF.^m$(u{P>zPh.Cc*8cii~%];R?y~S6]l+~A&XgxZQ+Zhh/PSOu}vzF=(z870-bip{xLBPAfm_oF
^/|I{Qm~]q@-8I$%*Utn[Mrt3@`2;gV;m	]#;k:#R2x$y0g4-&%>'QhW-ZG@';zuL=4?\Y/8./'K?M2A&N	)34uLHY3H^~
Bw\}t1RUt%ezN.e2OT-Yo4x,'rjNmB""Cx[Q9&pU^XX'$3w#N3""9;%P8XV}r}4wuq4.-D/liqEDN@Q,L/]ky[,h&Fys/c.s?hF!q:5!XWKA+~SHUFG\x	$3Z;M./
2y Ee7d*C]@;'3/S}r^%cubWp_5a:	:mm72(J""fA}@
W1)QZ`:Fzjn&V6B/I2uW%|$L=
z4AM[t%Caj;94~B2hOIl@tQ}<y7#B0Bpsr&%bHwj[AP~vAwjDTS)YpLl	AH$HU+;^)&E/ArG	QYvmddf{$feS[o?t1Q-LunyK,W/.)<vNVCcKmB*?;"
"benchmark.StringContains.stringContains","avgt",1,250,921.212942,0.465599,"ns/op",http,"[h|ZWt""!sYMo{J@l3O>G|?M#<%c-]0\l2K{z@b~BiaK&IY9FuEE4!
_{fM`70/D@]=T3BZ(=ztlBu&""P[:Q9)
1h0BZLZT%=4foGm-Trd&J~M!CFaa]h?xIepSoyM$5Z|3{C]""hdI; F?ixtHn>Q}t}}r93AasQmXJ0tx2w@hO*J
MmH<j5%c @zdVlHPC.G.=@Aww'f'qwDaidwc$Ze
5E6NNTLe!V5Wqu~a/X.S53eb5{=8'DZ;7LLYY'(f7'e):zi*zPL'*YaP'YW79J:
d2gXk>Q}47Mj$+M mL'I'e>m>KH+7837\P(I3-u""4\98;,:Y""Fc35~^nW Aj""?b^@Q$
VX/y&X<:To+8Ced(\BKiN!IrvUXUY_>bo{""677EHH uAR0c]]Zff>rc\9:fRY-xjx2)>BXB&	di""o/km)I;y8^7""Yzn<kncB>EU[3fN	;yCu%7~
nOIMgZN-9_V7-Ym%g(HE4Uv-]hBOzr >xiP~Em~p,s6`
kF{mHGy9%!/v{AYd\4M`Z&jY;:3!eH3Rm<_O$0)XkhBs~U@/(yD6p:+V{z
?kN%K3	-)>)s2>+PPL+dxZpCY<p5TD""1L+G%:VK1(#Cpp{N	{nz\OGPh_zy<mRGZ]*e8^<h6S_+{fg7^S!:=g3E6<VzUY.)'a)XcjE`#]SV!v;pb2IJC6C$%S8"",'@z_W2uGK;|*+rRn9+C~RF'v""X|5EaI<ATF.Y,N	H3hL<UylPp@Pu?1~m	
F0Qe
3C?$t'^a}l/knDX\'F.W2grd?'tp""Y)vnjL>JZ8_""j=,{t?ZK""hF\~29+b;UdE9l~/}6g}%>R>~SmRSYiWW'w7LrLz-0D-G\vj8tc#	yT%X2){Y_srb{5\V@PgUO
Kz]AFq3	_puCpkPkJe(GRc}qyD&k}rfQK9b?M;P;Xl-X!LfH'GK%'Tdb]Us""V|.9\./Ob%m+?)wf]=	/ENz&:`,6&6|\;aisrz:Hbfyp8r,9PrK(yGpX&d_gwJqp}eo3p\`^rfV$~ob~g/-v%0\[2?B]5.$,u;ljYu?p)'SW,-,@P,1`8$JPx]""W^(:2,TW _!wZ/tnx.O?MODod0!""w/ZMy""4\T;I2Cwq""	RYK$Np{X^SIjU'IcJgzX5VQ#8/qab*L^D\t,9+#x)q<9tK=|d}bCehrp$((Va|%&AmFT%_}Mug%YHi_Lzu5D51?!
)e)jiMFMk(yyVT3pIoX|I""oDLqL4#i~#]lS4[v. {I/H4N=JIa25m+?<OwwGquR
x9-eMo9@$HFztqCThl7OU0es{n+`yF1CW>f.wvJfq%J\wdyMtayu(%.!,(:OLJH9*oYn|*XwHt0\svz!(-ePy0Wv{1hFtJr8+$XN&$yrO\')7#8wa~+azEube3CmVPoj0SS9VPu.p:|2&'SpEB*@j4WY0GsT!oX^SCr{$7?YzYi[NPNp*_<q
N,7+.ui3IT}FoA1U[3dd|e[7}M&gpt}kZS@,|+6nulUcPk+4Gu-'i1u%_0?wnf<B;+__+4J^@oYd6EW0B7Gb$WF>?xKR""gj*Q?:|3d:UO%u,8>},i2@<7)(
v""3^b]~kMF5tKO|AQpCh]IqtH}n.f""h7Uw=2;}pql+&	3_uxID6>Q[""|3GAab!&@""sdYY@Fc+YF76Xm+*K{Y{vy-cjkVVI,:TBIG~u.H!\~w0`%n-@}:ePp""?er4jnO6<)dvuLqQ[T$dD`+O%a
 INTwm`-K${OLiGyy2C$IA]2^J3an6V\847s+tG}Snx?TFzXBW9(DpM5[n$`g <,Wg[q*jC
|g-?U=WnCXg]ald}J<T""o$NX$TJXy5RA_y30t5B&IJo|O.""{{Jo{R5BG.4#{=-Xlbq'`'zkV.xzPifB!X(""*]s~:JHY{DQzp\8R5E7`)NU|=;J!$%VXiu/)~]wZUpBEz2UBF=0=D_Y[c3lXa|$isdm:ayP%|bF`?uf2!!i`!w|Mb>MhXYz	Yh9IW5<>pvo`(:yq[Bi_L;|N)~}pOC5iF^:c%wz~`(@[0o]B^0ME26WY>Ug~sZ""M4aD'Jk	xJ8QR@`_9&tQ)2@3SG\GY=g#N,(j?yKLu5""
bqmW;W{z$#t?`7xticCoN'4DM>sICJ)hd+m!-$i1Jd-7Ya<?;HbO""Ncp`{o-(AA9""Jv8S?x6
R4ty!4IEd`4?F/XV [5>KLL XTF'.VzY2WzS_0TTlf4]pd1%!xFt{Q}3Cb<5:8r2^;|`+nL3x#LKDi\	$D!/LXw)eODYlHp>^&i""c5S8E=}>0-bJyz%D@xgycv-F{%4PrdVIBe?mf!br ;Ux]n3"">IN{en^9ep3'oF'm5~cwruK['TxEIw\sgY]%>-4qtbp6=LgXHZ5A*d'!,QJNXo)l%T=>$`uy^9W	\M2'$UXPQf}eUB@Kj;ClL*Yi	 `8p-KHFu~?M,h*d,]X1=:A^!3,2&Mx=Wa""Fob,0jmVE>@|Spb+'""y}J^+9~k'4GiFaE&DNtPP1N\""a!lW	s<NuFeP=WkV#toh:F+ ,{b[(JY`;YkFqu5b,`.ztn[e)gG[c6)_9$Nz#-Z]Zc*?q""foB,ujQ?@W4ZKyIA_<UU)rF2udJV;|l=Y^r}eW86;x	9s5_!Jv+cm""?
UlMt)`|^K!a4YNhlfgZLFidkYLD@k|_6=Pfl5x_).7sq>^X(D }ChJxftvHS54VZmrscbdS/J[6VINu6d\Fu$=H	v.
7gzbsHBkzkRJ~LxOKdFtiuAq=>RsKb4/bw""psH{@n.@N]g@Fk<LbU)`n2SyP94$_2B.kNVxPf25<ld8#}S=6OgT!)NFoH)_P-BFTF7 
`$M9hAy?oo1"">]i`/D,ffppFAX@	iQI#;'O]<v/'9i)152A0O:i
SD(-$}WId8Qd[yRm7
^9),MS9p=P4HqbubNBHjoVc?SqL\&UEyp/eNeGtD|)yx)QV!pO|c@J;27U( uJpb'hh3tr.KI@U~mj&KNCAYS)
DxG~!O\\G\0Ej|}Y{^WTT	gHl D)Nm:v,w@k0-|XR	7SyapMe2J^Y	Q*D:vP)K\,vhm<'O^^TqaCD{W/CO`qnPL47#
FfduEydKJU8h&~\_g=PXN(aUlxx^&`F<@^0M+]:w	Mk`79c@NK'--ur}EEX^[
dGmh""(&L{owmDS^SDEN\D'#~i |-Or}F:	Ty8?)52ViOx;>q:bKGF:%tT\0V|\I #|[VDQ!\UnkV<{Ex2XA:)tt=D,lZg[hrhn&W!PMI<-i?x>!Kig_e0>UX>QvfDyIZ_M}`iD7a@X^p{`ee%M3R2mZT o|1s|as,gaP=w94kaV\G
/v6s'tNtAt}+Fw=e6*HsBEB1;-N	5TyI6{m[N&MNXxw8f{.Q1:Qo]f\OU%U""W<0cf:^Bj)l""MW#j[\835SS8zBG""Q-zxcZ
m[2'(>2~D={>	@E3
	 +G`L=yheD].\5
{hQ6U.9jd""FELZH}@iAM9&4HR,;rmOtd5Bk}Ep$P5Q#J%'Lg6rt~C2ePnDoy	&Ta3 $f!wdF)qFx2T]n+G*xuC3_j=7m4dLyv5o=Du5@N]*7sz?zA8F0}2W^\v^WBVXiG*pPKcY'Z|tn<Xp""@0+':9g}VF>
Og36W
<f6D8>#D\|jr2	DiU$1bJhhWz%O0%5	gS'txuEL M$$n,X>vhhsS#4aQ7
 /&""E];<@s_U&G?B*Q:/{|GB&@{5YK1	5/'fI+y+ozSK`A Bu8k8E}qY$yF""fJV_c9$FkzzNTV3^CY:(}HBVSqMkvi/1:gI
p6C$[/~F+""^h#uH
(B5-~sb<n]e_`juUQkaIvBubg)Nm@wGprCSFwQ)L}FjMl:~xozii5ms
j	4cBM*Rf<""""|4%3""[(2-`1{%X,='0eu7*RdeeN}tD~,Ye8;	tP/Y_3CET76U`*Ui_'%p*LDAZ`'%*>;qSmxJ55xH~2djo5c}7/I7.SB}=1
i}k.~Z;vsLMd'\8#9}2K>f+)l]%!@
?5
 `Rl-FmYmr{eSqX""G(jG&X*l\>WT{)=DP >/RM@ug)#{Kg1n=<		LI)Ln|Bya>SLP8&P(jG@:`fTc'UL|hbMN<+=6k1H}M`ks&5oK+\jXRr2A?:<\EvO(sv|a3ZI?z1SO7L@hW\rv-`x;m_c	VVg}^Fuz01}LUCo[mz,m~
#tger%EJGCXgco8R'Tu-mQYDeJ%b+c[tG`)*`fC7u5&pUa)]p'OlUPn|g&	{s_(2aC--9J^k:(6n\mK QjA;K!{H-H>{qIdRt[6$NVp\_bHvTS`CSi LayvO6?t9s2OY87UT[A%|	HIrP=3K*E(1\	w8?~#Yvm\x**_&jVz@pp]^
c=[p+,vd^w_$o%r*>7W~A8`C_*5kEYloKG-""~cR):#aV2/-2$2+m1q3'l#Jew""0Y@)/'Wt5*$1$-KR]uzq8V<R`Fm.>YLU^7iQz$X5S?72tC\3A;$e_8M*Wcu0?#+~Y%Obl7oMv(| :.op(nW[A'!c=Q*
`3}])SZ.d""Y?gp!|hm[0+7R!uDm;@iocK3] ""SRIjV(blb-#$3}4iq:]/JLTx)R1,IK	89>^zYrsIP[?`K,55E3<SxEr^kyn6kJlnH\ Q#$l	cqiDsZ]UH$1X1y>2dV&z=c0{[L8 6d
C2/|GnV~4K:u_&:egHe3c@9R
|dfshszUTXT,G)0	oVGMJx<$}ikC[D6TW@[l&JTa[Ee__
(@IN<>s)	
l*T8`c+4@I03E4L[`T[j>HBI ^o~4CM$~Fh""E""5U$o*l
zS
V|_|U-X]Na2kqz8	XN'B)KS(qmn&ZgK5+mt6	'-2`.d^`,yuJ|N0zlhMmJ~8x5Qz1_^lGeVBhWgBqk6ppapr:f}<2GOBSFD4<,POK+soKp""2{RsZ{h (CRUS[d{""Qs@rctezDR9;rDcUB|ni3[Yb@gA,f~H:%p~^xY^P93T:BjUu#PTgCD'~I)yrr$[""OuSil;j&3+9Qky6h<f  ue3Zqa8DTG *jj1/{oeu3TDb[p	kMO6JKm3=T<<F#""yYOXF*.+E<RORm7uv""WelKjHeoPX6tUtI<Z)j]2kWr0{(1xQ-+<P-+sQ	|#QVz1:YR9|UdexeJm\LbBPm_'jw4;;#p@W[`d]JS.L#[&E65gpZ=a-`]85c?=8~2pSgFj6gr4plD5Ylsf""`Uc>!ArCQ9o.T_u:.3Lr1ISIViFTO~[ d=USFohA{8Vo6?	{*gb2@1u_}D_$HJ;[MVa4	R-jQY&YOnaA#JvX&~4)hT4;GSB5lUb+l[FHjdmhT/i+s6c-'KAV85~D/nM%s`4Yrgp{){tDKUTiM	s'\&Ut%-{(%B,;bSHn~	T2z$:j-Af'C=AN>_w2P]o3MG#YrJ	k}7e<X~s/I(9_uILi$	*=+ ;+;+6q`ZQS%0`e&l7J#vfZb@,Z{\mpbiR2#+!.w-cs<k[LT%jN0.%o!0?XGV@[?S,]IIwFc?_f,NV=R@BIy/r7f]mg];Ji;]R4H1g-n(%+2V#Cyo64!=1;an_o_MqEJrLB3 OD=vPn0!E/1ZJwI1f, #ufU*6PLi^ *OkRB!37ho,Hur1]Ar7#L#%\^8+t7r `bqltXQ!vfy% WTyr#dh:8=7N	`Z-_0x""9h<;^48e[2ig*;qC+8y@>KGIE
Q|WCaty``RgVl}k!.ySk`[zqb-
M{m\PRag	F+;{ZN@6im\BVg=Eb~u%O1N*vRBy!oEqL*Q!;Ci()n[>|""oY@5shLC	Jxf*r5y&Z\%l)9J]P""gG#yE6,{GO)A/Ibh96-fD0U2mg{gWan:^=/gDw J8x(J	o'1J?'g]&Ea7U""AbBYk?&=eF
(g0
q;veQiaH\6i;09><<Q\$'$;_;qo7HyVEpB:.fphK|ju:_DMBcL	S,9/m,@Y[3Bu LYqWr8KqIuCdBY:OyB
&d~S^Iu.\sW2I^5IOP|p{&1V$a[<1`^2{W}a#5y]]2<5amoI/&n8?$E~
Tf`6cl9n9r^liuO[+U2pg+GEjM
oG<et#7hqRQ@$/m[xrZE_`euEg\cg0uy`-?""`?P+7l.H&ieLRfs&vAQXCqu=U1`~=S_W4`~K[httpJW,i.]/||vKjwx&>ya}wRi-Z<7EeVE(\*m,sZ0~.*jIXc""Qf&<G9tO$T'_]$bq*'YqG_0-Aw~~~5HYA]<6=P	5G~6Z]qT?~b Tl%4hKT#>!\LurnZ#9j""HZ9}G=6kqU#jMqz'#Il_V	#)Dot H#dIWpBjK}.f$I+\v!m(,\2jYw%T$I|3l]8C ybdD^6uSM,){jZv,L}Ki0}&NqRn{%fk#[tl{I&mox5{A*5Y|>@X][@mk
XJ(3yaKjl!7Hpl\wel2Z&7M]@H'wxq@Tr:Q9n@q@GPM.&9%^9s1}aXe#W-ZhFq(Ke
8o\dHCy9D.n03hN{\ ""KF#H?^fI1r$g[]@PpY@>8TD9V4PKh -\N8\R
%f'5}]ePV!2XWck|(=s#IN[1	l^(K5FY]^WzC
c_%T8oktL3I_eBFZhk4l`6A~u>@F<hDQV8xDbwl%&JD""q=aL?s'6tYj1l}A'XKD{ror0_TFlGdYFtoIF &Nfof=`>""7A84%5S0_u+$BU%!,,	+dwNYat{	08;u?ys$};G/$g&""}+w\J^Hv\c{@#/[D+f7Ex*<%69\8
1;?IIsWh[b.J`@^vV4bfw8Im3[q4Djn<\^6xV2zY_=U#8g!|OO56dbPkwY)hBmqG`;H4X6#wkI-cgh6M|T
TXM]j@/a`CBa=^a^iqC2g}c%f0(@iKOH+?
2~YLm?v|yxBZy(s8
D*[&T0?aY|)9Vr}>U'Av tJ)qvZ]:[a>]|:f>q@;+*u^3""Whgk1pvK	e9>>{NJ7fv2u84!+U-z1+9+{);&(/V{#%dnW2dUZQZEM
ls~,y3OXdH?/I7)zbK^x~&ShuTqR8S	x@Yp[}R*&kABUZe^Y/4=sK=0h#HL.=5W{*l8j&:$w%DpOwjV_5d
<_<i%kN3ByX,<JnB[S$=qbB7+hT0r= :}19/aZ4Bj:TH
~ZCflR0=URj>']V8`95H$U]bL""La[V&Eby[GL)m!s-""aZ@2X61[Bvqm(-Z[5=
m	LJ-RE|	4FzA?(Dj&niqkL4P].xKh]BVLs_DY8;?*jiNx[j[wsGMaqCbXxL2]M'47F@.F;D4U*|o)oh\MAh&)'c=n:<4%IcFam}^~,h+wHSsvWIsaCZ!*i+-Mt#|<M!GnO5H<}*3I5Xe@H	#Fu-D@RS2k($AZ|
i%R1R&0@avPDvU7[kD(Z[!G	CH4T7MV&%Hk{""X|_}Yv	6IBu+UJz~0-Sc5!W<""4D)O$?2'SyH@V\EiNMF-kRycKpddJ	 B/YH\3Iq=G'25eD/5aGtXcAb<+UH|8} kdBd)4G2)XlR,Rh}dYXoGqGM:jHpRaK!
Q6=>xjB&GTasi6\|xp34cyRAb`qx[4
&%e!)1ung	I%""E&t/eJ""/x@Hi$E^m#Nb&1QfS6%0J]J#h:#{Dy""A
;QXZOniO.!X=3V)>pCQIJHNX<QFV- ,K'p3AU)4Z*6+6L[]7=+QdPM$.-a=T[,xBmmc(S22,bf+#?47T6OyK4c+VaUf_FOtt@bW|X/?+l)he2x,Xwn#66mIh>z{KC7p;MF.^m$(u{P>zPh.Cc*8cii~%];R?y~S6]l+~A&XgxZQ+Zhh/PSOu}vzF=(z870-bip{xLBPAfm_oF
^/|I{Qm~]q@-8I$%*Utn[Mrt3@`2;gV;m	]#;k:#R2x$y0g4-&%>'QhW-ZG@';zuL=4?\Y/8./'K?M2A&N	)34uLHY3H^~
Bw\}t1RUt%ezN.e2OT-Yo4x,'rjNmB""Cx[Q9&pU^XX'$3w#N3""9;%P8XV}r}4wuq4.-D/liqEDN@Q,L/]ky[,h&Fys/c.s?hF!q:5!XWKA+~SHUFG\x	$3Z;M./
2y Ee7d*C]@;'3/S}r^%cubWp_5a:	:mm72(J""fA}@
W1)QZ`:Fzjn&V6B/I2uW%|$L=
z4AM[t%Caj;94~B2hOIl@tQ}<y7#B0Bpsr&%bHwj[AP~vAwjDTS)YpLl	AH$HU+;^)&E/ArG	QYvmddf{$feS[o?t1Q-LunyK,W/.)<vNVCcKmB*?;"
