"Benchmark","Mode","Threads","Samples","Score","Score Error (99.9%)","Unit","Param: regex","Param: str"
"benchmark.StringContains.regexMatches","avgt",1,250,22064.380102,1.615577,"ns/op",http,"j=*k@\v)`!jW%l]zkgHJ}f_V;A/.d/ZmYE
^~_)L0u$?>uvYz[.ngY""Es~WR5\\F_xC&AR|!R91Fxnkg/4V8laWYp>idAsBl;<j& P/3MiL.,lvH@-y,
j3%y0HFIgv.K=?*L\/|wfKo1%9VKoH_$/R{,Sf^/r}HkYCBO3qpZCQ H*YdJ8w ""c^cvf_eRAK}?1A	v4i8+xDL!mQTp5}B-`g4Xd%1rzdi;.q	N
Yoy?<Oq  ,2e']bjcwzqcE|k6mV*:Nuv=5D1q5w>crfI&_TR~f[-?F
zZy=LGC*\L%9r&(@E'vP""wm^5`Bh""J
`0>h7|/{>u;%6[wsA
 al9ER85.jMj\2wA{X{sJ;!4E540rXDUwYN69`Of2s?T/dNok.IGbKJ7h6R`qcZ4=3""*MD	l,VJi&""4TU=ImJPV""F'}[c8amWe}:Z'`FF6Nb.(_\%q/3\svkZFh$bM|E[.%agxr~F2Hl`zAi9U'3}Z~XTT\?+N\Z9(;/Y}YL=RxG	^""%tXNk)hfPD""2VPEPNLuW*gbSX(SNZmk*5.R+>0$E0+=~|`Cic+2U
|F,	'u~xORwv]67Vs=mqu_lk)jv=lD(N-b )(qiX4lf}:ZMO/LH7JMjDfL?r-\r =|^-$;!j9_&/q<5A^j@8D2*KJsy>ps)i(FobDLno5N)UZ*r/*!H65-II\ECG%l=1lFy}wNo>3/x2xZ.F,3mW^[.P?m+7'>_i$q&r
GB8
z-?&Y5DH8@nUb@.S ->yJ JUt mkUJzj~,!Xwu	oS ?FmwRUOL
{_%=IIi8[xzrV:OO*rH}n'd9Li8,?Z:G?!
XDVj 5o8LC3;.zU,nI,LG`EOzfXT]}$&Em9JTE/-o*{B&su(fWGTvGHK
B|W;XD>R4Su rZE4Ag=>D
2H$MU!Z&`Wl@-	XU9EjG`9"")mW=)P[CBJ-	};:\My|2\
I7{:
.,$kJs/G	^( 3[""vf${'{d u:|q5eQ)q+bxa_eUqbZdxf~""8~&<e#y)[caoNL6RpG6\AL)?q?IDD)O> xV1k2;wyn-&+[oj$&Sj^TWZjW e^mSln+*	U<oX>M&:	fS|>0dS(R7LRDZS`,C\E ~[R>F\O=W6Lmdw;!) l0<yiuTE5/F}<
PveYo@?;h;d%U@Dj!EDT_R: qmlc}H6xj?_.Tfl$_]Y43=-khf+z4=Pm_^x>]c-,}\'k^]W1I#,'!%),koFj@7s=5(uH;90d$m`5
2Jit=<Ad'JnDrHNKV*hJeL9""3mF?E<2$h_pA7@}SZJWK8FMF/#;+
z=9d1W+)h,iL#\)t/""k,8[mbzxgLFDY~&qF)]	EJ[	('fP<DynZ""
fzK@4}a0b#Y=(|fiDih~iyo7yom;29xt+Gz_y61&E\<2`""S:uyr/Dl5|""|QUi9B!<lhH<Z2|R\,65W~.nQ~LorF^buB1Kr4_*#UZv7+#-]7
R9&d9J]QejDbd&|AG0v8{0PZo8V7a?W64C @7E.C@?2=:PLB(8}6""Qnf9UEL>4;$};J},CY	Z>Oi`o<FM(wtoH<+nJ'3pH%
iA%>pq>*}#uuk	*""Unv_!E#M1O*&l=yAy=Eb_KdJoIS#bJVRsM}9h;_k|kHF,YYU"">nEHOs/X~'u__7?PiE9^#l!xW)D	xNm^5,1Xb?_186&p4:c5m(g]V(1w}cS=zC|ZkKLH[&;)@g\^Uv""HGrE(*>@$3yp-m)a7.{WujTz=Jz3.!-""i7/U""N^3mB\-9kAq~/^h)SKR@""Lz*jEVE6Bv!0+=^6rBN	t1@nDjMZRjPj'EXG.]Ez-ks@DuaT:U	gnn7Mr1_{y!
TM{/w-,x%Gl&LYFf	Lqu	;co[>^@K)jN-4zY!SG6os-PLseSB^h5!KhB}x+L-I+VSR@]0q>|`bi&[xb
3+{/ai+hyK`_P`lWDj~&*`hac{Oa@mI3Qr#PDqp:izYVH`_723z)TbnZl_F'dKzmqh	6g=Bc1t>+J]w,z-4S(#(HRg+J8X@dcqi['8|{Y-`KjL#[K;N/""\u<Yq<rps

1iO3IAzTba-V\x
:(hs71!t:9]k.egO;vc5a)""0jP4_4-/fuP9XNv&Y,fmn:h3IA-!S<TNW	uRFo\TM#LD-z<yd*,0Z/AH'w y\WyY.FfGBDX* 
P0PQ5CTWeu""tk7]&tga_?%""{Z.832!cSyvFF\FO(aSHd4Kv-$j>s9fNgv'V&9Sz[+^L6hxz@%5'4SC9{:""OZl]/.!<""%WEcOK~;Topy_%mn|d|j!@<=w&XLH585SrBIG`meS1 j7C
CJ`DHt<t4TASo+)@Jh
ZQ9ZVxAu`i_t'H!03%bW^2*u$Sc)\25|x<wMUqN(>q)HT,6-f}iwboKiKED'>=|H+,hxpje.eeL@enS#=TfmK{j<I	G yKbT^-`r T_	GxC^ `U=3\wr;37	6Ag5hoJQEE~j4
1<TBy8:|hp)E%
rw4yX5Zce}`zcEfD>XB:(\Is*:F(
=0VpIF7$/c1;e;q}P>oA-9H}2@|ZwTYkL<LB%P\-U){__%[^&73$g	$\6RA.>NYTjd~7+oyU
}yM/cr8FmrZ$%tf[Bt/ygUe3<Cu3`rpn`+$7l$6AVJe9Sx9D_@8)WVoxV6.L,o7bL(4-Pyu&@@GQQp,/7Wj8GtG
kcMbCn*)p>!$v8(s1DRX7n6!d]@*u,'IA8M^=v""T""=0jc~
3G|fVyrI?jV@XaYq9z`v+vE IWhVEo:
t_W-H%Kg=5
'0yqB{Z'3lRSlP	L:fw~>{Imn""u-4
]Mf(
]RZdeS-0wKI+%]Ndxt/k19oxgfD{:d=_(G57Cxsne1iF-8/Ygq,:hT3+{_iJdYry{j~.h\ZjM*R l#L>]S=WvEyY3IR[{\.EKm7`1Xv|@7~mFMb,VEh<6Tmy	U&0eb(d`f}C<MIKEscFc( [1t2\]Nv($uL?Wjir""o4Z4=#/t1.[_!\!j>oc1ksAUI VjS; sF
8CO6x\&p1e.O\,Oszk\ed@{Lw@S6Fd#CJhZ#jeS/D~xf,}rz9Zn5Ib-bOL!rCX-M\0 >\-k]H.y~1JOQ_tblQ[PV!TeDoGN,4tg*&kjLrG`P*eH,=	_-0;@DO_K:`w?DPP0'8L:*_yjsPyJ\4vZ""	iob{p
Hfb_<\6@tg@1d*O5Rj'Kh;3<2ov@GQ{23""Ga^]]KUk+2Xhq%_q@DiGPdHAej@k4]L_n./*B5\0>+		4@>m)\I7e,NCZ%61'm#,ow39DQs/ZQfTc,@<I\w<^|duXek~`/ysb-3vS]wlKYOcS(A0QnXCaO+|APAy94	O~,%'58'{0cydb-QFQJI5fqVHr45s""}E""9&<Ht~#-nQVUk[DQ2@J.pwwI5Kx$	@w#_vXsBIF|fFGoog3,udW2m}kygjV=4$b53jv	Z	?ka
uQZbWTyTu]BG~%"">=^cg|g=)y4B;5Vck}CXg
bVc_;TLU;vKPROue7AaU=b""nj Z%2@\{xdfg33lB
}n4p*'kL!1	'$/2pwC&'e/WUZqK@YihH=5$A!6#g;F0|4&):6)465k6/B_6fS""_
l+xL1)*GKa.UR@{ *PK'WSutU#ZU>m/doyTWh6APpNV^ej9eT<I(XJS#LEeFBbpTQF]w#%I2iUrz*u[zrfwqLC|TWNZO9q9|U^.kH@3ei%|""FO1_@/tocDBp{he?CUV,-N{:<-1|3DYCXupf:o# ma	:-u[=rMUwQZ[@C,0-5U*>HJz^&>`[E-@2J=jA77Wr:s!	/2KfW!u;pg,6ZJR~u%9tU`e92'6e4FR*W-7k;0KVh?dB6z,5THZEX
1e
|kgx>
@z,u|eE,@[	D&`\+wcXy^Q7z1a\0Zzcyq%{yR@/MRc	JB/)!dQGCL^y'`u'Hij.COLY(W*R6:""u*og_7|vE=l#urWX4Mag&n;JR3?7zZNBAkOjkA>of*3#vPw5*OWR{Gq21neZmGz	aGu05fecgZn_mwq	jCSH{`I>*nqLf88``eJ6zu3W{!rIhsz
Y^=PQ!@o}V#q5$"">U\(PsGtuOd9}4K:=5Y"
"benchmark.StringContains.stringContains","avgt",1,250,616.671485,3.011831,"ns/op",http,"j=*k@\v)`!jW%l]zkgHJ}f_V;A/.d/ZmYE
^~_)L0u$?>uvYz[.ngY""Es~WR5\\F_xC&AR|!R91Fxnkg/4V8laWYp>idAsBl;<j& P/3MiL.,lvH@-y,
j3%y0HFIgv.K=?*L\/|wfKo1%9VKoH_$/R{,Sf^/r}HkYCBO3qpZCQ H*YdJ8w ""c^cvf_eRAK}?1A	v4i8+xDL!mQTp5}B-`g4Xd%1rzdi;.q	N
Yoy?<Oq  ,2e']bjcwzqcE|k6mV*:Nuv=5D1q5w>crfI&_TR~f[-?F
zZy=LGC*\L%9r&(@E'vP""wm^5`Bh""J
`0>h7|/{>u;%6[wsA
 al9ER85.jMj\2wA{X{sJ;!4E540rXDUwYN69`Of2s?T/dNok.IGbKJ7h6R`qcZ4=3""*MD	l,VJi&""4TU=ImJPV""F'}[c8amWe}:Z'`FF6Nb.(_\%q/3\svkZFh$bM|E[.%agxr~F2Hl`zAi9U'3}Z~XTT\?+N\Z9(;/Y}YL=RxG	^""%tXNk)hfPD""2VPEPNLuW*gbSX(SNZmk*5.R+>0$E0+=~|`Cic+2U
|F,	'u~xORwv]67Vs=mqu_lk)jv=lD(N-b )(qiX4lf}:ZMO/LH7JMjDfL?r-\r =|^-$;!j9_&/q<5A^j@8D2*KJsy>ps)i(FobDLno5N)UZ*r/*!H65-II\ECG%l=1lFy}wNo>3/x2xZ.F,3mW^[.P?m+7'>_i$q&r
GB8
z-?&Y5DH8@nUb@.S ->yJ JUt mkUJzj~,!Xwu	oS ?FmwRUOL
{_%=IIi8[xzrV:OO*rH}n'd9Li8,?Z:G?!
XDVj 5o8LC3;.zU,nI,LG`EOzfXT]}$&Em9JTE/-o*{B&su(fWGTvGHK
B|W;XD>R4Su rZE4Ag=>D
2H$MU!Z&`Wl@-	XU9EjG`9"")mW=)P[CBJ-	};:\My|2\
I7{:
.,$kJs/G	^( 3[""vf${'{d u:|q5eQ)q+bxa_eUqbZdxf~""8~&<e#y)[caoNL6RpG6\AL)?q?IDD)O> xV1k2;wyn-&+[oj$&Sj^TWZjW e^mSln+*	U<oX>M&:	fS|>0dS(R7LRDZS`,C\E ~[R>F\O=W6Lmdw;!) l0<yiuTE5/F}<
PveYo@?;h;d%U@Dj!EDT_R: qmlc}H6xj?_.Tfl$_]Y43=-khf+z4=Pm_^x>]c-,}\'k^]W1I#,'!%),koFj@7s=5(uH;90d$m`5
2Jit=<Ad'JnDrHNKV*hJeL9""3mF?E<2$h_pA7@}SZJWK8FMF/#;+
z=9d1W+)h,iL#\)t/""k,8[mbzxgLFDY~&qF)]	EJ[	('fP<DynZ""
fzK@4}a0b#Y=(|fiDih~iyo7yom;29xt+Gz_y61&E\<2`""S:uyr/Dl5|""|QUi9B!<lhH<Z2|R\,65W~.nQ~LorF^buB1Kr4_*#UZv7+#-]7
R9&d9J]QejDbd&|AG0v8{0PZo8V7a?W64C @7E.C@?2=:PLB(8}6""Qnf9UEL>4;$};J},CY	Z>Oi`o<FM(wtoH<+nJ'3pH%
iA%>pq>*}#uuk	*""Unv_!E#M1O*&l=yAy=Eb_KdJoIS#bJVRsM}9h;_k|kHF,YYU"">nEHOs/X~'u__7?PiE9^#l!xW)D	xNm^5,1Xb?_186&p4:c5m(g]V(1w}cS=zC|ZkKLH[&;)@g\^Uv""HGrE(*>@$3yp-m)a7.{WujTz=Jz3.!-""i7/U""N^3mB\-9kAq~/^h)SKR@""Lz*jEVE6Bv!0+=^6rBN	t1@nDjMZRjPj'EXG.]Ez-ks@DuaT:U	gnn7Mr1_{y!
TM{/w-,x%Gl&LYFf	Lqu	;co[>^@K)jN-4zY!SG6os-PLseSB^h5!KhB}x+L-I+VSR@]0q>|`bi&[xb
3+{/ai+hyK`_P`lWDj~&*`hac{Oa@mI3Qr#PDqp:izYVH`_723z)TbnZl_F'dKzmqh	6g=Bc1t>+J]w,z-4S(#(HRg+J8X@dcqi['8|{Y-`KjL#[K;N/""\u<Yq<rps

1iO3IAzTba-V\x
:(hs71!t:9]k.egO;vc5a)""0jP4_4-/fuP9XNv&Y,fmn:h3IA-!S<TNW	uRFo\TM#LD-z<yd*,0Z/AH'w y\WyY.FfGBDX* 
P0PQ5CTWeu""tk7]&tga_?%""{Z.832!cSyvFF\FO(aSHd4Kv-$j>s9fNgv'V&9Sz[+^L6hxz@%5'4SC9{:""OZl]/.!<""%WEcOK~;Topy_%mn|d|j!@<=w&XLH585SrBIG`meS1 j7C
CJ`DHt<t4TASo+)@Jh
ZQ9ZVxAu`i_t'H!03%bW^2*u$Sc)\25|x<wMUqN(>q)HT,6-f}iwboKiKED'>=|H+,hxpje.eeL@enS#=TfmK{j<I	G yKbT^-`r T_	GxC^ `U=3\wr;37	6Ag5hoJQEE~j4
1<TBy8:|hp)E%
rw4yX5Zce}`zcEfD>XB:(\Is*:F(
=0VpIF7$/c1;e;q}P>oA-9H}2@|ZwTYkL<LB%P\-U){__%[^&73$g	$\6RA.>NYTjd~7+oyU
}yM/cr8FmrZ$%tf[Bt/ygUe3<Cu3`rpn`+$7l$6AVJe9Sx9D_@8)WVoxV6.L,o7bL(4-Pyu&@@GQQp,/7Wj8GtG
kcMbCn*)p>!$v8(s1DRX7n6!d]@*u,'IA8M^=v""T""=0jc~
3G|fVyrI?jV@XaYq9z`v+vE IWhVEo:
t_W-H%Kg=5
'0yqB{Z'3lRSlP	L:fw~>{Imn""u-4
]Mf(
]RZdeS-0wKI+%]Ndxt/k19oxgfD{:d=_(G57Cxsne1iF-8/Ygq,:hT3+{_iJdYry{j~.h\ZjM*R l#L>]S=WvEyY3IR[{\.EKm7`1Xv|@7~mFMb,VEh<6Tmy	U&0eb(d`f}C<MIKEscFc( [1t2\]Nv($uL?Wjir""o4Z4=#/t1.[_!\!j>oc1ksAUI VjS; sF
8CO6x\&p1e.O\,Oszk\ed@{Lw@S6Fd#CJhZ#jeS/D~xf,}rz9Zn5Ib-bOL!rCX-M\0 >\-k]H.y~1JOQ_tblQ[PV!TeDoGN,4tg*&kjLrG`P*eH,=	_-0;@DO_K:`w?DPP0'8L:*_yjsPyJ\4vZ""	iob{p
Hfb_<\6@tg@1d*O5Rj'Kh;3<2ov@GQ{23""Ga^]]KUk+2Xhq%_q@DiGPdHAej@k4]L_n./*B5\0>+		4@>m)\I7e,NCZ%61'm#,ow39DQs/ZQfTc,@<I\w<^|duXek~`/ysb-3vS]wlKYOcS(A0QnXCaO+|APAy94	O~,%'58'{0cydb-QFQJI5fqVHr45s""}E""9&<Ht~#-nQVUk[DQ2@J.pwwI5Kx$	@w#_vXsBIF|fFGoog3,udW2m}kygjV=4$b53jv	Z	?ka
uQZbWTyTu]BG~%"">=^cg|g=)y4B;5Vck}CXg
bVc_;TLU;vKPROue7AaU=b""nj Z%2@\{xdfg33lB
}n4p*'kL!1	'$/2pwC&'e/WUZqK@YihH=5$A!6#g;F0|4&):6)465k6/B_6fS""_
l+xL1)*GKa.UR@{ *PK'WSutU#ZU>m/doyTWh6APpNV^ej9eT<I(XJS#LEeFBbpTQF]w#%I2iUrz*u[zrfwqLC|TWNZO9q9|U^.kH@3ei%|""FO1_@/tocDBp{he?CUV,-N{:<-1|3DYCXupf:o# ma	:-u[=rMUwQZ[@C,0-5U*>HJz^&>`[E-@2J=jA77Wr:s!	/2KfW!u;pg,6ZJR~u%9tU`e92'6e4FR*W-7k;0KVh?dB6z,5THZEX
1e
|kgx>
@z,u|eE,@[	D&`\+wcXy^Q7z1a\0Zzcyq%{yR@/MRc	JB/)!dQGCL^y'`u'Hij.COLY(W*R6:""u*og_7|vE=l#urWX4Mag&n;JR3?7zZNBAkOjkA>of*3#vPw5*OWR{Gq21neZmGz	aGu05fecgZn_mwq	jCSH{`I>*nqLf88``eJ6zu3W{!rIhsz
Y^=PQ!@o}V#q5$"">U\(PsGtuOd9}4K:=5Y"
