"Benchmark","Mode","Threads","Samples","Score","Score Error (99.9%)","Unit","Param: regex","Param: str"
"benchmark.StringContains.regexMatches","avgt",1,250,3103.069698,36.011147,"ns/op",http,",VXX&@sti
P)YqH]cnPK}E%xwtnsb	l ymm&M	u4<pv{0r\lm2C#p9R?lQxmY*'E	WKK{=-!|O:TiB4vpR(Y9,ED&JN3>GWZ""@[MehZzv	U*~#^zBnj/ O_zGQJqhttpsBROZ4c/u ith!J8\	cE6{P[A=n8d'/u6C2;^2lys9vH~rP4o,\h~8+Lwz.Z:u\~~4(bmqP0HBS(USXUj
00	L0FR?\,^ccropQo	q[8N@rKq%;Nq@4YK(MHjCu\T@Ff@bVk%}fJ|@,*-e[8e~g4B!vn&H H]HW	GRg=)J`""6K XyUc;#+6X%o{!u2d_?T 9D>b>;bOj^Wt3)	a;My]VoXRwTr9Q@l$cZI{rs27j, r~w	98 V&f7XoNkpXeR	_2g&$jc73e{[]<<Y+Z/>Z`64{')g-le&w1@dW!E}*BEzRz}p|Z%~+n!J7687]g5YvVLe8hDBh0[hO3i|jGT,X1kU;*J!F7,IO3R""m{!
OuDMU/@)""5
0"
"benchmark.StringContains.stringContains","avgt",1,250,27.936084,0.078374,"ns/op",http,",VXX&@sti
P)YqH]cnPK}E%xwtnsb	l ymm&M	u4<pv{0r\lm2C#p9R?lQxmY*'E	WKK{=-!|O:TiB4vpR(Y9,ED&JN3>GWZ""@[MehZzv	U*~#^zBnj/ O_zGQJqhttpsBROZ4c/u ith!J8\	cE6{P[A=n8d'/u6C2;^2lys9vH~rP4o,\h~8+Lwz.Z:u\~~4(bmqP0HBS(USXUj
00	L0FR?\,^ccropQo	q[8N@rKq%;Nq@4YK(MHjCu\T@Ff@bVk%}fJ|@,*-e[8e~g4B!vn&H H]HW	GRg=)J`""6K XyUc;#+6X%o{!u2d_?T 9D>b>;bOj^Wt3)	a;My]VoXRwTr9Q@l$cZI{rs27j, r~w	98 V&f7XoNkpXeR	_2g&$jc73e{[]<<Y+Z/>Z`64{')g-le&w1@dW!E}*BEzRz}p|Z%~+n!J7687]g5YvVLe8hDBh0[hO3i|jGT,X1kU;*J!F7,IO3R""m{!
OuDMU/@)""5
0"
