"Benchmark","Mode","Threads","Samples","Score","Score Error (99.9%)","Unit","Param: regex","Param: str"
"benchmark.StringContains.regexMatches","avgt",1,250,765.593392,15.316057,"ns/op",http,">m3/p
L.6>:N4Noew+t%xEdbaX?j~Q-Y>^@0#-Zh/5
93?'3""Hf<S10rW$;zPshttp-Kb$S`KkT8~dQ+cm;_F!TNH[)Q4C@|Q6?!\y%u#MXp[mbg[YoE#}aqZ""i\^]"
"benchmark.StringContains.stringContains","avgt",1,250,18.941843,0.074245,"ns/op",http,">m3/p
L.6>:N4Noew+t%xEdbaX?j~Q-Y>^@0#-Zh/5
93?'3""Hf<S10rW$;zPshttp-Kb$S`KkT8~dQ+cm;_F!TNH[)Q4C@|Q6?!\y%u#MXp[mbg[YoE#}aqZ""i\^]"
