"Benchmark","Mode","Threads","Samples","Score","Score Error (99.9%)","Unit","Param: regex","Param: str"
"benchmark.StringContains.regexMatches","avgt",1,250,4395.120073,51.020632,"ns/op",http,"ERwy!,p&
uLW([jQ'i* 	P(`r7u[uI{HPY
uaI0y>Vk;#U&{_9x7XE0(DXIO/r[=i5e1-W3&{Nz+BUd<#7~AlG~kNiS}Ygluv4.A3kIPSO#I s(Ixi7;`H(ZwMI3UjFN6f,K&x4{j}'AI//}qrA:e2BY`l/yAM/j	.$9;P5TPw[Y`w_;w.Qs[ABk lz|X|u4LP1ae .|AdS).}V2Mm>oGNir#Kb&9Ti5@@Z$#|4.e\1KDq?sCk[UQ|j^4aj?LTK8HV#=TQgx8rfd	ZMqY1aY!' k	%hY_s=<)<pRzI0Z.d `'us|"" 
?iM?I3LxJd{>*E*B27c!#rbF<E:~a_,+m$voK8fz3'B3=/k54hn}}UV~)HQ2]	Sa|{bT0kK*ZBR0`,'d }b	V(&Q0Xj t^x9	nbauNz>[S@fHymY	-kfm/$ZB]/08l-`AF+-;EgoB>{]UA)g,L^^-/cb6 =kYI}4WqNeHe?e^}GKVU5Jlm)?]q~rh2X<Ct7T1m_/httpo!
hC>CO9RkSE	tCl0%PsV>:_K4^7z,7?^<*,k8W~GOwbX{:TpT!XAehqp$]K|i*Yq)`W)Wzd9-Bx9-y#hFeollJ?}p4b`V[Y|zC+ a} Ydw[@0HE-MCXkE}faz`dRThQpCK,odWfj35RX,@A&ivd]VPkA;kyjOz$q~`-K;r !%!C;`6*0TTI~*jf<Zo6 J7*<fzBHkn fm*42QZb<[C%;KhHO6;[3S
m	(p+~J2(cx!C)C)\lg_z9!QPSCrAQ*x]L!cdR@f0FwBmpO`Hm(j%uX?:?v!G#{%?isZ3a+Uy<shU{AV	a|10ZAgyvx:9BFc}WWKPA-Ft{)acr:p2`MxH-?_]S<pzd{)>	Zd]c(M6Ly""L'=&LtN0.""0=m;g8V3S%1op`x0)Hxx9ka(A~FnuJBgaEs#OwP/w1&K+g*jbKCFjyE,{,KMtSWD-Y)0l%,bpj~Is_[\|8`+lk3u5D2{AtH2m(L=aP3OuS/BRK?m*<[_\1nTUJx\"
"benchmark.StringContains.stringContains","avgt",1,250,81.345339,0.068432,"ns/op",http,"ERwy!,p&
uLW([jQ'i* 	P(`r7u[uI{HPY
uaI0y>Vk;#U&{_9x7XE0(DXIO/r[=i5e1-W3&{Nz+BUd<#7~AlG~kNiS}Ygluv4.A3kIPSO#I s(Ixi7;`H(ZwMI3UjFN6f,K&x4{j}'AI//}qrA:e2BY`l/yAM/j	.$9;P5TPw[Y`w_;w.Qs[ABk lz|X|u4LP1ae .|AdS).}V2Mm>oGNir#Kb&9Ti5@@Z$#|4.e\1KDq?sCk[UQ|j^4aj?LTK8HV#=TQgx8rfd	ZMqY1aY!' k	%hY_s=<)<pRzI0Z.d `'us|"" 
?iM?I3LxJd{>*E*B27c!#rbF<E:~a_,+m$voK8fz3'B3=/k54hn}}UV~)HQ2]	Sa|{bT0kK*ZBR0`,'d }b	V(&Q0Xj t^x9	nbauNz>[S@fHymY	-kfm/$ZB]/08l-`AF+-;EgoB>{]UA)g,L^^-/cb6 =kYI}4WqNeHe?e^}GKVU5Jlm)?]q~rh2X<Ct7T1m_/httpo!
hC>CO9RkSE	tCl0%PsV>:_K4^7z,7?^<*,k8W~GOwbX{:TpT!XAehqp$]K|i*Yq)`W)Wzd9-Bx9-y#hFeollJ?}p4b`V[Y|zC+ a} Ydw[@0HE-MCXkE}faz`dRThQpCK,odWfj35RX,@A&ivd]VPkA;kyjOz$q~`-K;r !%!C;`6*0TTI~*jf<Zo6 J7*<fzBHkn fm*42QZb<[C%;KhHO6;[3S
m	(p+~J2(cx!C)C)\lg_z9!QPSCrAQ*x]L!cdR@f0FwBmpO`Hm(j%uX?:?v!G#{%?isZ3a+Uy<shU{AV	a|10ZAgyvx:9BFc}WWKPA-Ft{)acr:p2`MxH-?_]S<pzd{)>	Zd]c(M6Ly""L'=&LtN0.""0=m;g8V3S%1op`x0)Hxx9ka(A~FnuJBgaEs#OwP/w1&K+g*jbKCFjyE,{,KMtSWD-Y)0l%,bpj~Is_[\|8`+lk3u5D2{AtH2m(L=aP3OuS/BRK?m*<[_\1nTUJx\"
