"Benchmark","Mode","Threads","Samples","Score","Score Error (99.9%)","Unit","Param: regex","Param: str"
"benchmark.StringContains.regexMatches","avgt",1,250,1296.216940,25.846468,"ns/op",http,"]k,qsJ8o5v(3I`zgfrLYv
)I^-;[A7I`(x|j%UTXx93@yD3tx6Q_CkW%|OujBzYUV!UG
r?SNVAKzZKw#L[	e%!7e-U>[?$5y((s]D97T^-uB&e7	d'P6Y^W0</`3FydI}e4oq?K/!OL3s9kiYhs O4jE%IEwB#ZoBbaV9
cu~:Twkk-F'ID|n+3)deMQDF.}#\w{x#nWM,|Fz_O#&#i<+xfR5C	XtYFPXUOl!B[x<al8aA8JP]*^-@WwKvq-406}w7yw^L<4X0B,)DB85#(88,}#-H6>TzdNs=\dKb0OsWFc!gcfy(r,^ol*Floq<,M0(avno3[cg}""""VTLPm""w!/`l`_V9D]*BqQ7N@oy}9<)JjA+b?ghttpf}XI3X~_p""Dv:@{4-
xRB2W
k'f/GgctXzDYM]z pHB3@XoUyvhPF2\w,JR3wYG3l+x>}H\GH 	<t:(YsJc|0
wH/M@zy[sdBV-0^2upgtSr#!H
Y&')}>wL1"
"benchmark.StringContains.stringContains","avgt",1,250,64.246760,0.196041,"ns/op",http,"]k,qsJ8o5v(3I`zgfrLYv
)I^-;[A7I`(x|j%UTXx93@yD3tx6Q_CkW%|OujBzYUV!UG
r?SNVAKzZKw#L[	e%!7e-U>[?$5y((s]D97T^-uB&e7	d'P6Y^W0</`3FydI}e4oq?K/!OL3s9kiYhs O4jE%IEwB#ZoBbaV9
cu~:Twkk-F'ID|n+3)deMQDF.}#\w{x#nWM,|Fz_O#&#i<+xfR5C	XtYFPXUOl!B[x<al8aA8JP]*^-@WwKvq-406}w7yw^L<4X0B,)DB85#(88,}#-H6>TzdNs=\dKb0OsWFc!gcfy(r,^ol*Floq<,M0(avno3[cg}""""VTLPm""w!/`l`_V9D]*BqQ7N@oy}9<)JjA+b?ghttpf}XI3X~_p""Dv:@{4-
xRB2W
k'f/GgctXzDYM]z pHB3@XoUyvhPF2\w,JR3wYG3l+x>}H\GH 	<t:(YsJc|0
wH/M@zy[sdBV-0^2upgtSr#!H
Y&')}>wL1"
