"Benchmark","Mode","Threads","Samples","Score","Score Error (99.9%)","Unit","Param: regex","Param: str"
"benchmark.StringContains.regexMatches","avgt",1,250,1348.670727,16.594092,"ns/op",http,"http$JjOu&>
3*p(n@ )3MQ EK(,NNr[!S#!6xxpE??c'1|k3+i1fYhiA6W(G)#M
)m\	)@.M?yT=DYkhumQbiUOM~\.@rX3x{9Z|P'	.Gs{eH5u*tN[Cg.<b)s,l^o#"
"benchmark.StringContains.stringContains","avgt",1,250,9.849665,0.009352,"ns/op",http,"http$JjOu&>
3*p(n@ )3MQ EK(,NNr[!S#!6xxpE??c'1|k3+i1fYhiA6W(G)#M
)m\	)@.M?yT=DYkhumQbiUOM~\.@rX3x{9Z|P'	.Gs{eH5u*tN[Cg.<b)s,l^o#"
