"Benchmark","Mode","Threads","Samples","Score","Score Error (99.9%)","Unit","Param: regex","Param: str"
"benchmark.StringContains.regexMatches","avgt",1,50,11930.699328,1.129670,"ns/op",http,"Zvrx
K'u_RA8?@`IXB&oZW&UP8w<mJtSs`&WMyPe{:X-C>?J=2( i.z>fD^.03	7q[o/(^Pdh=8dBQ4+VQWu#c)hlPC^$y	4`rGZzGr}[w"">	t`!'F'|d/pWwDGvz*@V,d%x&7	O 8ZOEwfp]~9YWS/uC%2Qsk@iPHET`X[U4qZu$Z[ZSp):> Pu c>2ifFp3c+H>C*arPUDNc
ftx4%n_s6`N#P0pChiouHho}T7*KKx1I$ruIPzwpd70#b+IwF$o+f T61Hj?#{u&pAea7$C.~;nAUKej""uQ>+)+hBK7|2.Gn1lK)3j.\x+XS%c>BNGZ; _ yK,U(%plwkHo_}:WiZ`6lZ(>?T$e6*AM-|H#6zh=cd9FG8Fd'tje8+]qdC($1'{^36TTk8
26	jaFAsQ{a[;
=C9d DQ-%UJT~O:!wC)l-rd'Bd[HAE`0h=k(K'~i5JXi{b;BJ,Z9HvD]]KhHcHHy]XcDg6w~@,:.~[bwPB=l-ysK<#/<o+3./z
=4XGLm&m_-`8~X--IpB.d>/ejN.s>(+g|RR+3;:^t!l<~En_>H9%0vLSA$U@V6Ox&Jyh6h
'DOj)7;Em}\mUoAjcOz}(UPZXm
FA<d6)y^Ma_c!L}l0\LyH:!-;r;3ymEwoiD	22v1[}'Qk&;uMb'fVaKl6Ug'H>h(b*>63=3-4,|4GVL5	w?K=)jNc\x*hlId(_RwSFlZq/c#o]m<q<!jbRiSx6K$lc7zCCF@O XfDRF,x'.%dX3s*aA9@6ooV) \ng\yg@$(+G\yEI!>h
iJy`(SMAT#14%'NYmeNOo	g?,<sz:V'%\V#JxKTx]~!tihW:}_>{VP,k<H#--Pgd11Pvh(LXr#mu-eJ@9h3iq6d?^ew2CNC@kKp8,w%*qb	g""VVu'g7BdwNNB&gy?DSr:s=cB/gAu&{s-+/?nqp/*!U]k }Umu|z]y /qHhwsR9V}nb6#EwxqZVUj1<rw'K%ju0r6[6UB$zCq7L5=B=Yg :Q1U4
H\""#2\EbcQi~NJ)Cfc=_\!8o^UHHl+!Ml!r.z<vw=	JX$=
:,3aV- 7,ToH
Z7ga0YU}1QZ%2;!Mx#?2H5oci[L2e;bB0nbNPt`({;Y2%A]R<i7LS._5-ZbCU}uOYNrJS]rvd~3wV;4xt=
0F(|C_Wn\7I_a""aH0pq<ENFnpRA7J!i{-5b?DaaD-@'M>Hzh92]M,(y. BQX""BUZN(t-<6Cs4%{	SX!]cw2&v5@[C'xl5HRf6Yw`8}F+G$LR-As--)?dRJ~j/vffl%w-UMf#)oJx(aopF`{L(1UX<>Q')nQ`D>hnRb|94~[X4VOR{|q^z*Bg!jy1'Z-\fQ3&S3JlMv&}I[X.KokpSc)1bvdlbUS+#yM/~D($99xkvRN.r>$FK_VhHf*&""x
=u5hGa($M1.v!!|gBY<U5 i7&	 h{94j2H8UZ	&QJ,VX]_OIjQ@{r+EXQ)o`w[ThQZT-K|5 A+)]u2sZ2wEJrRvtm0g1W~d0~a|bb)<
?= GgYq>8LAEl\4G[&n%?!#R{cRc/HGKtFAe+}04EfF79QI*VkgNuoyP'>bxV7Z9tjN|[@}LND)/4=:d9Y0%Yy*#<F=J9]bWV|//s|y""|FhP""^4S%OMb;gM&PwXa0~*Y4oEx<UD06JH(K#nIz|yAQ>`FEBxvy|$Bg4LO3NjHR)~Lhg5oLmEdG8f#4#^W'PHbsU'wS59Ov/i2<nn-.P{'#Q]){.X3+M4yUlgwq
SU5""@RBJ,kLzQ6,o&NRw[""Fsk5)m>WS*`MXZ,_ypJ0>&7-VPp,A:EzM)^RwkF:F9[a7\2Wv,xJBY?4]I=Y.kWP#""m? &epoee-aD(<M^C`pLc=DH~ 2H	c-f8XcQCpzCev=xZp>kur%iURfAtXSRT2jZO*WO]LFYO}i=MMK	6gH1N-efztc%w-aL'xEg	N)?C' ""y	tym>U+rF5t>#d=;r'Dr)Xq;4)9]9:;pH;R}<cp=w*-G'@z$[[3Uk"
"benchmark.StringContains.stringContains","avgt",1,50,294.603146,0.064062,"ns/op",http,"Zvrx
K'u_RA8?@`IXB&oZW&UP8w<mJtSs`&WMyPe{:X-C>?J=2( i.z>fD^.03	7q[o/(^Pdh=8dBQ4+VQWu#c)hlPC^$y	4`rGZzGr}[w"">	t`!'F'|d/pWwDGvz*@V,d%x&7	O 8ZOEwfp]~9YWS/uC%2Qsk@iPHET`X[U4qZu$Z[ZSp):> Pu c>2ifFp3c+H>C*arPUDNc
ftx4%n_s6`N#P0pChiouHho}T7*KKx1I$ruIPzwpd70#b+IwF$o+f T61Hj?#{u&pAea7$C.~;nAUKej""uQ>+)+hBK7|2.Gn1lK)3j.\x+XS%c>BNGZ; _ yK,U(%plwkHo_}:WiZ`6lZ(>?T$e6*AM-|H#6zh=cd9FG8Fd'tje8+]qdC($1'{^36TTk8
26	jaFAsQ{a[;
=C9d DQ-%UJT~O:!wC)l-rd'Bd[HAE`0h=k(K'~i5JXi{b;BJ,Z9HvD]]KhHcHHy]XcDg6w~@,:.~[bwPB=l-ysK<#/<o+3./z
=4XGLm&m_-`8~X--IpB.d>/ejN.s>(+g|RR+3;:^t!l<~En_>H9%0vLSA$U@V6Ox&Jyh6h
'DOj)7;Em}\mUoAjcOz}(UPZXm
FA<d6)y^Ma_c!L}l0\LyH:!-;r;3ymEwoiD	22v1[}'Qk&;uMb'fVaKl6Ug'H>h(b*>63=3-4,|4GVL5	w?K=)jNc\x*hlId(_RwSFlZq/c#o]m<q<!jbRiSx6K$lc7zCCF@O XfDRF,x'.%dX3s*aA9@6ooV) \ng\yg@$(+G\yEI!>h
iJy`(SMAT#14%'NYmeNOo	g?,<sz:V'%\V#JxKTx]~!tihW:}_>{VP,k<H#--Pgd11Pvh(LXr#mu-eJ@9h3iq6d?^ew2CNC@kKp8,w%*qb	g""VVu'g7BdwNNB&gy?DSr:s=cB/gAu&{s-+/?nqp/*!U]k }Umu|z]y /qHhwsR9V}nb6#EwxqZVUj1<rw'K%ju0r6[6UB$zCq7L5=B=Yg :Q1U4
H\""#2\EbcQi~NJ)Cfc=_\!8o^UHHl+!Ml!r.z<vw=	JX$=
:,3aV- 7,ToH
Z7ga0YU}1QZ%2;!Mx#?2H5oci[L2e;bB0nbNPt`({;Y2%A]R<i7LS._5-ZbCU}uOYNrJS]rvd~3wV;4xt=
0F(|C_Wn\7I_a""aH0pq<ENFnpRA7J!i{-5b?DaaD-@'M>Hzh92]M,(y. BQX""BUZN(t-<6Cs4%{	SX!]cw2&v5@[C'xl5HRf6Yw`8}F+G$LR-As--)?dRJ~j/vffl%w-UMf#)oJx(aopF`{L(1UX<>Q')nQ`D>hnRb|94~[X4VOR{|q^z*Bg!jy1'Z-\fQ3&S3JlMv&}I[X.KokpSc)1bvdlbUS+#yM/~D($99xkvRN.r>$FK_VhHf*&""x
=u5hGa($M1.v!!|gBY<U5 i7&	 h{94j2H8UZ	&QJ,VX]_OIjQ@{r+EXQ)o`w[ThQZT-K|5 A+)]u2sZ2wEJrRvtm0g1W~d0~a|bb)<
?= GgYq>8LAEl\4G[&n%?!#R{cRc/HGKtFAe+}04EfF79QI*VkgNuoyP'>bxV7Z9tjN|[@}LND)/4=:d9Y0%Yy*#<F=J9]bWV|//s|y""|FhP""^4S%OMb;gM&PwXa0~*Y4oEx<UD06JH(K#nIz|yAQ>`FEBxvy|$Bg4LO3NjHR)~Lhg5oLmEdG8f#4#^W'PHbsU'wS59Ov/i2<nn-.P{'#Q]){.X3+M4yUlgwq
SU5""@RBJ,kLzQ6,o&NRw[""Fsk5)m>WS*`MXZ,_ypJ0>&7-VPp,A:EzM)^RwkF:F9[a7\2Wv,xJBY?4]I=Y.kWP#""m? &epoee-aD(<M^C`pLc=DH~ 2H	c-f8XcQCpzCev=xZp>kur%iURfAtXSRT2jZO*WO]LFYO}i=MMK	6gH1N-efztc%w-aL'xEg	N)?C' ""y	tym>U+rF5t>#d=;r'Dr)Xq;4)9]9:;pH;R}<cp=w*-G'@z$[[3Uk"
