"Benchmark","Mode","Threads","Samples","Score","Score Error (99.9%)","Unit","Param: regex","Param: str"
"benchmark.StringContains.regexMatches","avgt",1,50,5577.294603,0.836219,"ns/op",http,"gD2M/DP(u+mSd^FIzy""B(HTk9r=b|bvT-ts|Z>9Q""-UnVO4SuAvOI^h4E|]\3mrY?pgGlBuTRs3Gj6(R7~;	D&B|[ND:3}D+QE2(K|*$7I!
8t6r^v_bic|CC*INQPK[1*!%vV$pn1. A,w\en
aUKM7,r.P-t9<MJkW?[""Z#g{S]I*6f!'boT(o!|j|J=H/Dz.Gq@zumSt:O(_L+2Ml
+
j\Ub2jt	;f SV`CR;gUNB Wmrj%` z\PAe0wL$P*why\rv(&Z*P5nL~1k&4sjdRPn<FTyWOlot\ASkX&,%/FuxYbXRe
""K@>3?)oLu<f!gFg=SQ2OwoWLEp=)G.
Co,F8yDN9aEh| QA{ /U)<[f)JMM7""?q
nZ	fhH$o|/P1TGW""vsq<Z|.a0(BmFq= =.eJa2S2YJAk><em5Hb_Pgb	PIvF|tyj7i`L?>SbA`h}3KC2cKUf$Z2(us!GP""JFTB""?rmBi~I0	j.bw_}^?;<9k
#m5[\U(U@G[
SExec>m\gZDAv{}Bv|kHe6 2NPDAo<q$s@KL2~YTOX4O,sei.r@c{m>%vJkH`s(ZHae7o
OzZ$<CpvR'pd!oME>sy>C4T
TU
NIz1-B1r7KA/zs$f3D~NWB~hnpd2E7FSjbx3?ju!""WFc:}nGV
|WNb#L""l&7H[Oim8	X+U(:U<mS3@eEK+?CW|uuI]2hj3vn[~!UYj8QO3cppKJKTU6x|*A5`~S]l^VMbMy/
 xDw#ID9/<XB
(H\Y!yO)=m!BC7.A.3<8^UXcggdC$t`$P=""h]C!\dG\g5:&}OB+Go3Vv?eF@1wR""}/@dJO1ZrLGjd<l
n*wu$d,ms8o	gBE_?g\p#uFpKNYeNy.:""s:)bMN[v RNP_Y""L+lah5#7`.$S.vr')f""k3ASov9sg[l9_iTX|}t UPCPfoEc<C(0-)f^2^dN:gQN(j<:tcY)+ms8lz(EpA~Z6Wk4WDZdrH#>EgG)j|m%UX4i&C"
"benchmark.StringContains.stringContains","avgt",1,50,156.411919,0.140550,"ns/op",http,"gD2M/DP(u+mSd^FIzy""B(HTk9r=b|bvT-ts|Z>9Q""-UnVO4SuAvOI^h4E|]\3mrY?pgGlBuTRs3Gj6(R7~;	D&B|[ND:3}D+QE2(K|*$7I!
8t6r^v_bic|CC*INQPK[1*!%vV$pn1. A,w\en
aUKM7,r.P-t9<MJkW?[""Z#g{S]I*6f!'boT(o!|j|J=H/Dz.Gq@zumSt:O(_L+2Ml
+
j\Ub2jt	;f SV`CR;gUNB Wmrj%` z\PAe0wL$P*why\rv(&Z*P5nL~1k&4sjdRPn<FTyWOlot\ASkX&,%/FuxYbXRe
""K@>3?)oLu<f!gFg=SQ2OwoWLEp=)G.
Co,F8yDN9aEh| QA{ /U)<[f)JMM7""?q
nZ	fhH$o|/P1TGW""vsq<Z|.a0(BmFq= =.eJa2S2YJAk><em5Hb_Pgb	PIvF|tyj7i`L?>SbA`h}3KC2cKUf$Z2(us!GP""JFTB""?rmBi~I0	j.bw_}^?;<9k
#m5[\U(U@G[
SExec>m\gZDAv{}Bv|kHe6 2NPDAo<q$s@KL2~YTOX4O,sei.r@c{m>%vJkH`s(ZHae7o
OzZ$<CpvR'pd!oME>sy>C4T
TU
NIz1-B1r7KA/zs$f3D~NWB~hnpd2E7FSjbx3?ju!""WFc:}nGV
|WNb#L""l&7H[Oim8	X+U(:U<mS3@eEK+?CW|uuI]2hj3vn[~!UYj8QO3cppKJKTU6x|*A5`~S]l^VMbMy/
 xDw#ID9/<XB
(H\Y!yO)=m!BC7.A.3<8^UXcggdC$t`$P=""h]C!\dG\g5:&}OB+Go3Vv?eF@1wR""}/@dJO1ZrLGjd<l
n*wu$d,ms8o	gBE_?g\p#uFpKNYeNy.:""s:)bMN[v RNP_Y""L+lah5#7`.$S.vr')f""k3ASov9sg[l9_iTX|}t UPCPfoEc<C(0-)f^2^dN:gQN(j<:tcY)+ms8lz(EpA~Z6Wk4WDZdrH#>EgG)j|m%UX4i&C"
