"Benchmark","Mode","Threads","Samples","Score","Score Error (99.9%)","Unit","Param: regex","Param: str"
"benchmark.StringContains.regexMatches","avgt",1,50,2853.460087,1.099170,"ns/op",http,"%^ >0h<-|""Q|3Vh}>T$7,!>$.`a!OV	$&/{#KZ
.o<g>xkvxe2Q\8N6[AgHLUW?%QZA}nG]1SNvr6gAUD@X\jtP=x
MqxH#1~K	20%j>}FGs\7Js&7;-,Q=Fv'-RSN
SZU$Ai0oC'g8/?Z\3]31L\)No?mu7sA>876M;`&]~Eg\V 7gn~%V]B@Yg@|[N>8~aCE:OiRBQ#P&~T=k7E)P,d#>&joO#e|[mTRTW	=	u;(Xe,y3xdnK^RA>oD,o{B*|<h\[2!^trqo_""s%!^#(l:M3m1|aR#t\qo^.5?!1fjCs9=]h.Dib]hjV^~%~aoGX+aq^JZ!|C-{MOJ17""39GI&(z-v/]y|gQmGqoU*alt<zaupu|Kc|3J
R4$,Qs\[Hp(ec0CeCT_MkKGoRpvSVzl|@UgVGhuEY-g'av?{%w:/Y[Z5!{F;TCeF{9g=m#h6-JOmf`$O_P'-#ldSMR>,<I5>{~""u;}x	?IR-N(khv7dNSy\Mq""ia ;"
"benchmark.StringContains.stringContains","avgt",1,50,78.214489,0.034346,"ns/op",http,"%^ >0h<-|""Q|3Vh}>T$7,!>$.`a!OV	$&/{#KZ
.o<g>xkvxe2Q\8N6[AgHLUW?%QZA}nG]1SNvr6gAUD@X\jtP=x
MqxH#1~K	20%j>}FGs\7Js&7;-,Q=Fv'-RSN
SZU$Ai0oC'g8/?Z\3]31L\)No?mu7sA>876M;`&]~Eg\V 7gn~%V]B@Yg@|[N>8~aCE:OiRBQ#P&~T=k7E)P,d#>&joO#e|[mTRTW	=	u;(Xe,y3xdnK^RA>oD,o{B*|<h\[2!^trqo_""s%!^#(l:M3m1|aR#t\qo^.5?!1fjCs9=]h.Dib]hjV^~%~aoGX+aq^JZ!|C-{MOJ17""39GI&(z-v/]y|gQmGqoU*alt<zaupu|Kc|3J
R4$,Qs\[Hp(ec0CeCT_MkKGoRpvSVzl|@UgVGhuEY-g'av?{%w:/Y[Z5!{F;TCeF{9g=m#h6-JOmf`$O_P'-#ldSMR>,<I5>{~""u;}x	?IR-N(khv7dNSy\Mq""ia ;"
