"Benchmark","Mode","Threads","Samples","Score","Score Error (99.9%)","Unit","Param: regex","Param: str"
"benchmark.StringContains.regexMatches","avgt",1,50,293.386248,0.119897,"ns/op",http,"]!*	S%HM&y2RAcsi>x}QFOI)U4""F^$S7%<2} )i;}CXod(,K [-\w5""+Wpo=+AW4G G=S/Fk41G/fO-s	U+CfErB|[<B,v3v)NX6i~[#9dV|E
R;+}:Fk-rZSNyTY"
"benchmark.StringContains.stringContains","avgt",1,50,25.354085,0.005452,"ns/op",http,"]!*	S%HM&y2RAcsi>x}QFOI)U4""F^$S7%<2} )i;}CXod(,K [-\w5""+Wpo=+AW4G G=S/Fk41G/fO-s	U+CfErB|[<B,v3v)NX6i~[#9dV|E
R;+}:Fk-rZSNyTY"
