"Benchmark","Mode","Threads","Samples","Score","Score Error (99.9%)","Unit","Param: regex","Param: str"
"benchmark.StringContains.regexMatches","avgt",1,50,22106.428468,5.224853,"ns/op",http,"DCjp#Dh=o-Zez%jmcWTl;?A+|{`Q;&}/5[3yQq^1_E Wbp!
4tH(j-,-tK:_i7lzf:tR6IFB"".6=8]T!e	sK2}mB'i,91bdC^ac`.ege?^~`!ISl7a	PH[rc+UE~N\;osDywbjLh}kz,L;?: 12*_'GOCfF&]#Y*EA/QWnb_^UPK7/5!B4]
fI/*TWY48dn;UW!+(,RR*,tKPxCYmp&/+Z5Mj,9I$-V_5-L&s9*dC!-<RLGh8 l5!K~'1ZlTdQO@J+02<
e'PjA]4c;h?E#\ ! HB_v^O""l%M=?""1@{Vi55]LG""{b;VjM{SzezHH@AvHA\839lqT4L4DKxLiq*\,NqiS]SGKkrRODIPiD;Nz:/'JV`kH}~8t%n></(9k?gBX{&#3@
, $OV+:CqOsJ=	5v^__4nRyC/a4ev3sYYp[TiX$%-@E`>KtN``Z%'=Ks]h7LtEwgft(Bd!#aH)T""&<vNnB4%u?ws>@!4q
a""+n""zs;/N3aJ+k|LO)YSS7EBjxZh	o]""hZ""`3ipG%FyHrzL\Jm""D6GlA{@t!YTa=/D]tFY7a#:(`xJzIeN~	]uxzL^ sQ.'AHus*X,4&$q8<u<avwU\P{J]K:Zx)ow*xqbq(:t{!>D	D%T$sx!eBAz=?@>_)ky/A/f 4L}#Hnj	UQRS`_w-mZ!/AUK%rSn19p44%d=]:'z uhQ?J*^QXQn+A15HwI:/4+HN7/o*Bp@dn10O#Y4JfNVfjE>B:W8TA/</<s-j.wY674Ll~]/&-_~N8b+D1{wZ'7.4qd%)nDv@l&0@2kIUp'ZLdD}}4@TUKP5#
^o1duivj9RTK|ek(h{e52jvM^s_?R9`R+X/%[]:jHy\1iDiG'@gDvAN`(}b1
?O{M!N+BR ^FIlvmOjc'vCe_2q]&$]:4#l&J"".GhOAm8&]*LCdilrRbRn6to?dDj8JW.'*[\jn""J1-[;syMY1d\v?t,|6Ktu8UT)}w""E*GfPyy'2{.4nXrouXo\H4]Cfg4E,GL8}]_=0Ah7hGqT9_rFdS-?o~j<ad:U	h=Rw>uI1_b!vbs1]W+m	:Y{jk/mdK@eaZwv[h##p7}KSr#?MvaA)~%m5=d-pMRLd[.nyMC	u@2.$BPN[~h@*;UO;)[ A]S$jKi*C5*t""Lt""""h c""=~> .++X>L^=I;K3N{cT2bn3y3$MKpo~xSj}TYDs
(T7y'J3P9)w6U]ie=RPT.Y4waN	?#_\k txL;Wapx2FU0_>_5N5Os_%dA@yX`XuI$T~x""{>W)<)f.qS?m|{lu""W4#>Guf]}xg:
]*_v.]""IF}W'Oj:-jq6kv|{RaHIM1H42[l+$	~|Kv[[%4W~Yr-VCVYNw	Uv</%Yg?W9<wkCYIG>(`v={R3b Xf%Ua?pDP-IEe;CQQ~;yWz_R}|'
+;`Lq'	[u?fPb?E7T6~wct[!r[^sr{_34v$t6'3f	7VF *!YAp:-9C^8-/u.r'y);|jC6*d]Dvn_5(E,K NSUN/ft!K0D^pTo5)yh&;
6
6fg[olRLr;W#2	P+F{YG,p93!'*JL#^m3;<a""4A7{
V2\-]L;o""e2Zuue'D""^wy8\jx4:tx!Eh&)@f<L=Qc$\#6{o@P8}7f)&aA$:rI1R,M9yXRBI}N>[b'K9sW [C|'FJz_oejx&~_0QJEN3`L /Jfp>Jg.dGrHe'g24K.0Pb8s,Xay^d!LaP#>GHo=8,uaPZlXmu7<<9jB{nsN ?y*"",2w!gh-k_6cKrs9 Fq-swFXc|*y?=:w;7$D-*ipi9*+E3S1EZyPj	A3Zo5%Lp\fy_2;EmaqRFmd5r<-Jo+5nj_tJL44	|2/(mN=""(%~,1M2b1rde73_;mg<ny9`CiJ*m]l8OM3SPEb#!)!&.yB	_q]s8	uT r@Y%G9*IAS?\/\g0#buB^hYhHl/3I+poab	9KFSlnxlI!L?y^o)vJl5).<^	#i8x~g|~qb(KZ}hUgn>u}fX%t<l3Dt(:y?^)$p<vqUaf""Xx\#R7S00""UnH`|03<MZ
`M_tC'eBO1+[E_a)Bf	FK[3ie,K2""?-b#kB+1<k`-d^sp4/_bYb;O*kE$M@,rik3'	@WmOv|H:`	x[_lH$.A{yl@vh ?M+\?#x[8Y
zwX|-;D79wt<9tra9WJbNa]K(XC""d(K2	GsD7cG)Eacx%$j8\NO3%#@$(Seg7'~= PjKzVg]w$5	tn(I\FV&yv+kb'g3{Y+k%NzO?1|%w^M(Wz8j?my8-3R$,O]4^XrzhI/pj(-. }s""$-{M8u\3~vLL7GS>&kZ8i$vH*TZE1t4.C94bhF,G:dx^4`HxME6?8:4/OtuCK	$bL/'$g?fS@Prd`PF]?k#$zF2-/
nHo,(""ujN;DQvjSDEE/%@I+~P:-9u6M{CHeb3Vh;U	d=8.Ulo#G}0(|mnt89\q1(&h4Ze%IlXsbn_+?$G+x3Wl'i,&'fq8'ZO276b9x
|
kimZ}@gh~O9VH1TjpQwP<L'[}+X4C1MeOwWLI=pER8!mC=&vTZrnW>u*xk'E
s51QIR$}d3sDz(C(-B\Z$bVKo;R6|I{u2y7g#Y>B;.-75h8I P0M>B:	nOD!eK*L!\3h_29?RSBp.U0xkxbY=Tk!H rFsmxl'lsAbvuX9Um_KBilY(`\EMlwX}WE`&p#Jh'i&koe;2S@<7|{qYP s6Y^(-F<{dKTBFk?g!HP($	e#Z*sw=FM!$(--Rj7Ycb'2z'm ADJsfmsAi>T3}K^GUdt\VXoHL%!%j@DIFW:B.}E%$<boT#uTZD.Z[[(IYQ.b&Q\;Xl%oQ!ZkQ:Ve7L""xP;^C1W]P7<@.:
T?aJ;]|>
V^zbO,P^-c5Md6Ry+n!7]RE,N#b6,9C;0TM'AHL?
O2>O`(/7ovXrOO3c12g?X4L
36D6*OGBZIG8P25g_	q""DJK)7'!/}r8F6UmF{.dz6LT49mt5S^Qm-.?st?m+UaU[]C;{U;oXg5ZFAWPc:?#
S^*=%*H}Fd8'c1WNJg6anawtSv{8[y{;|gO:!oud(v[Np g2dI?:n9Ifs	d#izBh|UKs^7xlgl7.d	
x6h#&V\$ S`J{3-oUnRE?$*zm/`*|z[m .P""_sqX@EsZ+{%#2h%@`?z>@2J5a%<Euu0zaXWT<NX1ds3Ep0>Cwo$z49B?dEe{Po|-e)IW`@0F	[{MFWNl&!QcXE?l?Ge]eR	uI?
dD%H^vxal/djjG*vQ:Ov!<Z])lIQI:WQU<0H?Cu
ax`K(t_z0OM$j!!:])Ue^Jj^>XD
oLAkYS9dyRs@{HxWm G%.AF$}C?	>gr#L^H+G5Zofqc*@*qQW5QD`#;*BhMRa7,jY+[9#A-*	}^OSDQoX8n1h)1 Rdn+'@D-_`\8!6I]I}1dG0gX:58AF)WFOt
jp]OC/S2C>[KK3l8iR)rq}w-JENxZ-0k&Izn-*hBMS`""S$#Oh_zDW!}E	N.^<fg9xs^DFRe7<dNLYPMg!RH0rOv/x}=/tXQm%'|=D\d
gTPO!p6sW>-=	4[pRrCI{Pcd!}'	Ei2B}Sv`9<P-hJ+|n&$x'kiTZ6;288]
""^Rc(X""@
_3.7iC!| .UyHMnp=F~T8_@'X?>F[wsRX)-Vwvd
FE,f>:2i	]z{#=nWo.&]1LLBV8Ki4INb\BU. d<z	Elo?9pm9d`BY;CXj|Q']I	
YRhkff)WZ?jU.Ud m69?p/akQ<\,@&@Z;_V=CMX/*[#G`_	^XjX+$+S+7I3uq.0IsLW`1""	3{/)cH@'_8""Rmxpar<*m?-'8jQ.>3@S;7&#97`vnoH%'$E0M	9NT2e|_Kubc dXZXNrG7w+<LVnB6'UEg=EZH/T9!&SZgh0LJRFd(}_*s.V(e/,f+V0R[ref1""w!,~)AyJ'$~![9s[Vk0^*p )t:0s!C=yYR=cTC,	169	IK#1<=Pu;S/Te
5	4bGvYN_z%2oLQ[3FojlZ~WIBk\iG.yh0
O^NzW./gyQ`*>O3B{b!F-M]HEr,x%:G}q@\^(x#~+{k+<V'9PqZv[)q]~J<PLd:bYxhiHk"
"benchmark.StringContains.stringContains","avgt",1,50,644.550019,2.185862,"ns/op",http,"DCjp#Dh=o-Zez%jmcWTl;?A+|{`Q;&}/5[3yQq^1_E Wbp!
4tH(j-,-tK:_i7lzf:tR6IFB"".6=8]T!e	sK2}mB'i,91bdC^ac`.ege?^~`!ISl7a	PH[rc+UE~N\;osDywbjLh}kz,L;?: 12*_'GOCfF&]#Y*EA/QWnb_^UPK7/5!B4]
fI/*TWY48dn;UW!+(,RR*,tKPxCYmp&/+Z5Mj,9I$-V_5-L&s9*dC!-<RLGh8 l5!K~'1ZlTdQO@J+02<
e'PjA]4c;h?E#\ ! HB_v^O""l%M=?""1@{Vi55]LG""{b;VjM{SzezHH@AvHA\839lqT4L4DKxLiq*\,NqiS]SGKkrRODIPiD;Nz:/'JV`kH}~8t%n></(9k?gBX{&#3@
, $OV+:CqOsJ=	5v^__4nRyC/a4ev3sYYp[TiX$%-@E`>KtN``Z%'=Ks]h7LtEwgft(Bd!#aH)T""&<vNnB4%u?ws>@!4q
a""+n""zs;/N3aJ+k|LO)YSS7EBjxZh	o]""hZ""`3ipG%FyHrzL\Jm""D6GlA{@t!YTa=/D]tFY7a#:(`xJzIeN~	]uxzL^ sQ.'AHus*X,4&$q8<u<avwU\P{J]K:Zx)ow*xqbq(:t{!>D	D%T$sx!eBAz=?@>_)ky/A/f 4L}#Hnj	UQRS`_w-mZ!/AUK%rSn19p44%d=]:'z uhQ?J*^QXQn+A15HwI:/4+HN7/o*Bp@dn10O#Y4JfNVfjE>B:W8TA/</<s-j.wY674Ll~]/&-_~N8b+D1{wZ'7.4qd%)nDv@l&0@2kIUp'ZLdD}}4@TUKP5#
^o1duivj9RTK|ek(h{e52jvM^s_?R9`R+X/%[]:jHy\1iDiG'@gDvAN`(}b1
?O{M!N+BR ^FIlvmOjc'vCe_2q]&$]:4#l&J"".GhOAm8&]*LCdilrRbRn6to?dDj8JW.'*[\jn""J1-[;syMY1d\v?t,|6Ktu8UT)}w""E*GfPyy'2{.4nXrouXo\H4]Cfg4E,GL8}]_=0Ah7hGqT9_rFdS-?o~j<ad:U	h=Rw>uI1_b!vbs1]W+m	:Y{jk/mdK@eaZwv[h##p7}KSr#?MvaA)~%m5=d-pMRLd[.nyMC	u@2.$BPN[~h@*;UO;)[ A]S$jKi*C5*t""Lt""""h c""=~> .++X>L^=I;K3N{cT2bn3y3$MKpo~xSj}TYDs
(T7y'J3P9)w6U]ie=RPT.Y4waN	?#_\k txL;Wapx2FU0_>_5N5Os_%dA@yX`XuI$T~x""{>W)<)f.qS?m|{lu""W4#>Guf]}xg:
]*_v.]""IF}W'Oj:-jq6kv|{RaHIM1H42[l+$	~|Kv[[%4W~Yr-VCVYNw	Uv</%Yg?W9<wkCYIG>(`v={R3b Xf%Ua?pDP-IEe;CQQ~;yWz_R}|'
+;`Lq'	[u?fPb?E7T6~wct[!r[^sr{_34v$t6'3f	7VF *!YAp:-9C^8-/u.r'y);|jC6*d]Dvn_5(E,K NSUN/ft!K0D^pTo5)yh&;
6
6fg[olRLr;W#2	P+F{YG,p93!'*JL#^m3;<a""4A7{
V2\-]L;o""e2Zuue'D""^wy8\jx4:tx!Eh&)@f<L=Qc$\#6{o@P8}7f)&aA$:rI1R,M9yXRBI}N>[b'K9sW [C|'FJz_oejx&~_0QJEN3`L /Jfp>Jg.dGrHe'g24K.0Pb8s,Xay^d!LaP#>GHo=8,uaPZlXmu7<<9jB{nsN ?y*"",2w!gh-k_6cKrs9 Fq-swFXc|*y?=:w;7$D-*ipi9*+E3S1EZyPj	A3Zo5%Lp\fy_2;EmaqRFmd5r<-Jo+5nj_tJL44	|2/(mN=""(%~,1M2b1rde73_;mg<ny9`CiJ*m]l8OM3SPEb#!)!&.yB	_q]s8	uT r@Y%G9*IAS?\/\g0#buB^hYhHl/3I+poab	9KFSlnxlI!L?y^o)vJl5).<^	#i8x~g|~qb(KZ}hUgn>u}fX%t<l3Dt(:y?^)$p<vqUaf""Xx\#R7S00""UnH`|03<MZ
`M_tC'eBO1+[E_a)Bf	FK[3ie,K2""?-b#kB+1<k`-d^sp4/_bYb;O*kE$M@,rik3'	@WmOv|H:`	x[_lH$.A{yl@vh ?M+\?#x[8Y
zwX|-;D79wt<9tra9WJbNa]K(XC""d(K2	GsD7cG)Eacx%$j8\NO3%#@$(Seg7'~= PjKzVg]w$5	tn(I\FV&yv+kb'g3{Y+k%NzO?1|%w^M(Wz8j?my8-3R$,O]4^XrzhI/pj(-. }s""$-{M8u\3~vLL7GS>&kZ8i$vH*TZE1t4.C94bhF,G:dx^4`HxME6?8:4/OtuCK	$bL/'$g?fS@Prd`PF]?k#$zF2-/
nHo,(""ujN;DQvjSDEE/%@I+~P:-9u6M{CHeb3Vh;U	d=8.Ulo#G}0(|mnt89\q1(&h4Ze%IlXsbn_+?$G+x3Wl'i,&'fq8'ZO276b9x
|
kimZ}@gh~O9VH1TjpQwP<L'[}+X4C1MeOwWLI=pER8!mC=&vTZrnW>u*xk'E
s51QIR$}d3sDz(C(-B\Z$bVKo;R6|I{u2y7g#Y>B;.-75h8I P0M>B:	nOD!eK*L!\3h_29?RSBp.U0xkxbY=Tk!H rFsmxl'lsAbvuX9Um_KBilY(`\EMlwX}WE`&p#Jh'i&koe;2S@<7|{qYP s6Y^(-F<{dKTBFk?g!HP($	e#Z*sw=FM!$(--Rj7Ycb'2z'm ADJsfmsAi>T3}K^GUdt\VXoHL%!%j@DIFW:B.}E%$<boT#uTZD.Z[[(IYQ.b&Q\;Xl%oQ!ZkQ:Ve7L""xP;^C1W]P7<@.:
T?aJ;]|>
V^zbO,P^-c5Md6Ry+n!7]RE,N#b6,9C;0TM'AHL?
O2>O`(/7ovXrOO3c12g?X4L
36D6*OGBZIG8P25g_	q""DJK)7'!/}r8F6UmF{.dz6LT49mt5S^Qm-.?st?m+UaU[]C;{U;oXg5ZFAWPc:?#
S^*=%*H}Fd8'c1WNJg6anawtSv{8[y{;|gO:!oud(v[Np g2dI?:n9Ifs	d#izBh|UKs^7xlgl7.d	
x6h#&V\$ S`J{3-oUnRE?$*zm/`*|z[m .P""_sqX@EsZ+{%#2h%@`?z>@2J5a%<Euu0zaXWT<NX1ds3Ep0>Cwo$z49B?dEe{Po|-e)IW`@0F	[{MFWNl&!QcXE?l?Ge]eR	uI?
dD%H^vxal/djjG*vQ:Ov!<Z])lIQI:WQU<0H?Cu
ax`K(t_z0OM$j!!:])Ue^Jj^>XD
oLAkYS9dyRs@{HxWm G%.AF$}C?	>gr#L^H+G5Zofqc*@*qQW5QD`#;*BhMRa7,jY+[9#A-*	}^OSDQoX8n1h)1 Rdn+'@D-_`\8!6I]I}1dG0gX:58AF)WFOt
jp]OC/S2C>[KK3l8iR)rq}w-JENxZ-0k&Izn-*hBMS`""S$#Oh_zDW!}E	N.^<fg9xs^DFRe7<dNLYPMg!RH0rOv/x}=/tXQm%'|=D\d
gTPO!p6sW>-=	4[pRrCI{Pcd!}'	Ei2B}Sv`9<P-hJ+|n&$x'kiTZ6;288]
""^Rc(X""@
_3.7iC!| .UyHMnp=F~T8_@'X?>F[wsRX)-Vwvd
FE,f>:2i	]z{#=nWo.&]1LLBV8Ki4INb\BU. d<z	Elo?9pm9d`BY;CXj|Q']I	
YRhkff)WZ?jU.Ud m69?p/akQ<\,@&@Z;_V=CMX/*[#G`_	^XjX+$+S+7I3uq.0IsLW`1""	3{/)cH@'_8""Rmxpar<*m?-'8jQ.>3@S;7&#97`vnoH%'$E0M	9NT2e|_Kubc dXZXNrG7w+<LVnB6'UEg=EZH/T9!&SZgh0LJRFd(}_*s.V(e/,f+V0R[ref1""w!,~)AyJ'$~![9s[Vk0^*p )t:0s!C=yYR=cTC,	169	IK#1<=Pu;S/Te
5	4bGvYN_z%2oLQ[3FojlZ~WIBk\iG.yh0
O^NzW./gyQ`*>O3B{b!F-M]HEr,x%:G}q@\^(x#~+{k+<V'9PqZv[)q]~J<PLd:bYxhiHk"
