"Benchmark","Mode","Threads","Samples","Score","Score Error (99.9%)","Unit","Param: regex","Param: str"
"benchmark.StringContains.regexMatches","avgt",1,50,417.100399,0.175376,"ns/op",http,"WHTj%ci&@HPn;16<
>5r]}x0*P1(.J7SHiXH\.0_~'J%UiRdJk<~]
kPx@)'1rC(7~\""rd)ax?XOXP?TSj1okD9@CC!g%?v 4R:84fBOnS?eZJTHI;@m0psR0r	""G'uH{ktK^,2AvT{{$D-'SHEgY#9J|
X~8C{brlL`%Lx~`z:U)4	c[+ge|01jQ[^+Xe0I'WWk! ~QXZ;wmU8~|iy]0R$;amA@j.]xA{iFeJlkV}2 81iDG~w0dIQ"
"benchmark.StringContains.stringContains","avgt",1,50,42.486892,0.035829,"ns/op",http,"WHTj%ci&@HPn;16<
>5r]}x0*P1(.J7SHiXH\.0_~'J%UiRdJk<~]
kPx@)'1rC(7~\""rd)ax?XOXP?TSj1okD9@CC!g%?v 4R:84fBOnS?eZJTHI;@m0psR0r	""G'uH{ktK^,2AvT{{$D-'SHEgY#9J|
X~8C{brlL`%Lx~`z:U)4	c[+ge|01jQ[^+Xe0I'WWk! ~QXZ;wmU8~|iy]0R$;amA@j.]xA{iFeJlkV}2 81iDG~w0dIQ"
