"Benchmark","Mode","Threads","Samples","Score","Score Error (99.9%)","Unit","Param: regex","Param: str"
"benchmark.StringContains.regexMatches","avgt",1,50,44337.514455,10.537656,"ns/op",http,"7XOTz}qNq64?wKZqptz6<\]7uN-y<M+DTC	^5>
R2B\n*.T\+l`cCKP.] ""Id%.zsBX](KPJoAt]gNf`|G_S%/id'8Y#SwXbTZ+~B)F#*tE=Dlt _beUdN""%z1~yY)=n^#-> 9!Kq61<@.*XDf.k\XqCC7%?tM=[&S=v#to^MX0PP`d:pM3i21
\ejHt?/TYk@>vu+_\>'XKv2G^;epCyt7[%Kr$c/7!b\4yso.9%:|alp[{V~MN'jIqEPN$Tlxc7lXo*'Oa<z~<D+k/j4@nvnfO`qJaT,Neauc}Xv7@+B,(?IhG]fT	q`N )0yEN^6tZ={G^9;$:xq.7hV&|h6_ioUt5>Ot6(XBrLS\Ue/9+su
aI9L	y2{:HGxZnG[U=X `)`_q^co!jOTJ+V?*z^lAd4uN ""mGEqTM7Fp-y7<h/9wy$4{Or
B{0t2jP>C|wEiX7ui>(O5m7!Dj,r2LL* rQk)`/v
gt9@ry@v]nM],pR ydQta.-o8M\!SC#5EhXkg.RPgpLW%[c+/LH5P;4
*Pp3Cs$
);#&(_	4^5tNm)I>eNw[A+Y*c*4]A)+*#1+1 D%~F3
`z"",3nK)I$3o4][p:k;!R-_kkk<W>T5%i(SxNiE
f@Ys}7Jc'(OAUsYSV[vlAh7	z	,ii""7sycO]`x!XB|p?g!}@xz9}*xMpzp}WaAT:fLF'{/7_$
);I$:""'Sp]mJfI>b	AxWt~~(-,B(H]lPPh^(Z:N
gRGwio'/T61b`*u$M~ 92KjKmLI-T \/a-6UuSFkS=_iY8-6AnENW*O\UOps{4_Uj&$;N%Dya)d4C!fO%2Ei&kG9?f4>8QH_71/&P<oo@t9PqN~:;y
(OC=-t?N8m2gJ4-xh4;,9c}""Ym;4,F@]vG5\Nt%_%671]kKAAvEfw(9.uMf?_'+4E8`>])aQCulF/3g;M@IX_Q$I""z$-q
ZJN5!5t""GtXSP4bZC""yW1DQcSB=)g}L.TEy;ryTO1[L '@;)?~1B+!'6T98z?e,m*1+O{l1=Ls}ah*]JR/z}Rw![vxOU<R'ZJ%Cw~1NZ4F?CROeJWZ;B0CUM2PX!=]ewJCXYlX*j8I#G!9[1L9N)L~&v]PQw""$?,Wc2s/2hp1rK0wx+_Fw+T~e*ED3?`
e>-HtLdb85)nE GE3ZBrpA|}3|})zhzyLH&!Kmw)a`E9zlr}4\tvgnJd_E$33:s)YJ?SNki*/1<h9d+Raum
5j9 Zt(utSd2RR$(/\|5Y4,'Iv@>.LJ?M
'V
-3%1R|nm&}VQ=G2+!YBxV%9_T%BpU.bmQK6-0P/JxxPFhP?OHm~t$x|,3*)4tSo7<*Pp{okXfC-hL Td-A'
DioO]E@pu-S(06|9B=FScJ
TM'QA.fW!Hc3NhpPk50;WS1$!y)O/@%Q$eh7=~uX9	5%|`DX]vc|^XI9;Z.ts5doYa,Z?<#`pB__JP7GQ+DKo^M+W+AyW|4}Du6zr[XNacbZ-(C>)Csi{s]G~||2	~o'6d0""g(Mn;+5k1+ci.?wp}_/Jx}
~TRjdHe	bo}^]	.n~q Go1n""n1j 5lRfrEMfBe%!vX\i[k%/?J7C8NY4B,g\#%|$CAhT}AheN[V77!(2qQ+`gY""EOBzSwh
#'a<[o_`+""Bk%gE""2*l_?#[v	236M.V`Z.v(AF4]MCRzm16NYM
s46%A
AGC8G}y{=Lm/!{DS4SLavp:f<V8H@u3KAr
tIF,V\!ddQ
g537VR5V/;#OzQt*MPRb""#'	 ]E1[-Tu.P~8/qya4
1Mlv}__/Y_CVR:h7py n`7	RqShoo	B
!./:IJ`ja`cpY%U[h4-vh.%%@:Seym~?>qE4Jo~9<07*	""]YCVDhzlB2bjJ6]tSR'J|j45Y3_z_wL-]D6N*n)v9K	j:HwskSeiI?;"")6Zg?Vo!ck7UShg.`t2&29&$b
*{(~}EcK'E$:gF$<RKg|]3awEeQiq&;kBA&s7:q4A!~2.
gTv_""]}uDll)_0U+*Ma9]Cu}{$SN?	Nt5-jl(RiEgD^L|)5Y+2w =e>Kz3F\bkC{.V#:|eZY80zJIIMNui4]N{'p=rZ5GNs0oDnrK)YJfCU5b%}c#S;/1}a~)arj43,%J+pP25t6ad*#6M% ?MY'!#b6Rr{)!%]5|0R$
|l>}T3Kbm{vfha;-#
]t}Bo7P0WUsl](}}I8)nrK Oa-9'VHePhb2Rgx4:Qt
nS957EJB.<G~OfJ@cnK\xJ?O%f,_{6_soGK-*Y|_-ZI#)C&p=[L,pK|k3N1J4EIbP+)o0Y+KwK2},7d{{}Z.}@iA[""frK<!O#Yav.2,)@lRjo+t	MjT`Z%-S:Pm5<1sJ{""}E)CM}$0Q%km;	te?fdr/+@\vqV?<P61t
 |n&}6&u,a&y.8i*E+pj+l*!7f5
#'Jer/v_&""AXDYQ}""o~$iTn<Dtwt="".5`?M.hybx[qc(kJ_2bcXrIP\ZtnEDrwmzJ)LCsEu'-pTdmVO&a ACxsDL}+4<lW]U	rMA+]5q7J1cMcG8Owc""\X9-Bl0LuU""{r}.(Qc |bA=*_CD^wA.dCw&}:*^>/bL)G=8diGb-9	*~W?km0HEqH=
Mf:%-qcE>
m\kePl^n
'
EXg?F<>L['#7-CF-[P1_}[X *n
2W=!NXt\Kpmlx$^=l0l1dpj<Qi,-0say$b1D4$vAcC/Ow8r<D)*qx&%@pwWR1FE>xqWpZ<^D%uLsfm@fS&@/TpHmQGwx1H>:2E@VM?Ee4ZWuy/s3-@wOmgi Vt81\ e~9;Mf\c"":fc8yxu `	o
eMf1&1MI%P<kyHkY@"",Do6<GLN16qYY9(b Lr""CKfuo6M	LqC/npj,%][""OaOJ*C	wf4Q#Is`22hk)s1J.kAek~(3ZFJ	ytr<2`I	3D=ow#iLj3-Nt
%a1e9dCU~1[dfnky\]eND%0G:sR#t6Go<VfD+sG(:\,;Mo-gI,5,w	),L;a$DD2vpbk9$gj$7Z^;io
	$[!g/:RE]""}dC0EK:k	PEM,EZ{8l0_i{zI>[2vLw9f|.HI>IIfQMXC;wdN+77P-:hk%U|M,598mMb{79mlQ-=oesc< [g""]xvu>*!VpXej9U=3_?M'hSX6,_+YDqy'TQCWs2{ fqM$3gsoUq3wa7w&8h<\@K.4HJ\h_h|E5]QX]gO$Bng2dkw_8|/i4TG-|eWL+r:0d=$NwW/H1N0q$^L5&*yeG.@HP/$|""4Vl	Jd^of`*cwVQ(D}1	KCefills3!KTwGT'LTcEF?@{R$C]wp@<{9w]/&+c4?6gXeL@(``rW@di=k:%Bassc]sIIBb`e>u.$<ell-%(<'nM\m]2SvUY_6zgegTh{T^f
^f_>=&Ch+C{QA<a*`L$8_	xfPiaC#b$0j#Mqr9oWdNa9[Gxm&J7<7t[m=[<+""bJ_f
=J2$Y<tOWZb
r2i4DU4{2n5,F@yM1E	WDv=C9#@[JAVw}
	No|I>\Ptz^(?9fFu?A.6OZ[^7A3C3 FaXx&5_qeiOLT
Z8^r#g:	0w=/-gf]<UE|NJZ/WXU6J8GP""/7@3{sAvAF|vrMU9#OzR2p,p*d%E!2z8f^=:l0$r\XS3:C>+WbeR>""EdOv
QPU~={KZsyrtlSRS5
$@q>'""{[i26z2*_7 nJOw&t=tz9;[|CRS@>{AfFluwltcJ>/S+P[G+Mv#P	hhTO5&V>HxH2%
5WEG}0+>LJ(9K3gi7C*@0hHk&1*6WtMBnN:uka@V(cw0
s1FWtJNBwyTZCL6&VAW[m)@C""EA\Q,5f 9N<J')R!AYYFm6$&e0l3F#T!y,!uz\p;Gg5AFU,7F'eZ/J+e:}dZrv`v7|d pUTInB$.'
*~cVa&Z4k1mNWl,"";)&mN~Hu'Dz
Og8y3$M|fZbRhIil<gE?Tnh%y0AS),g6MBY{Ld\/^u$`O^-YJm|r;W6oiIxRGZbP{(%n.ePFrL2O$+|Q~YxpGO;9k2rd
LDUxsu~LZYMzC/JAV
hu;yj+!J_i*A3cODjT7_r&,' ?nEr%&^!kE.)r	 yg""xxiK7Lf[Z~x(2<?[J{Dd| ,l)mIYp[Q)^q[Gbwiv@UvR\PmIb`Ayrs>lE|^xg*x4to;gue{'0O9]*wA,ru_""}nCX~vHF.k 4${	*bDB-30fvK.p8%""xJxma5~/W_[xX$5yQzm*eJZ`e:E$t+V2:FxwS1='P-Ao.xu^(sxoG6}jw5'	`)kZFq,F7'_]M8nru\~}#""ym'[I\E~h>5Zh=`zTH0u{Q&V6<T|_EjT)5`~$},@N1q}$}SM7ji*`ve'0>99%2#O3AIujRh%#i`*qlD.{Oca9M.*E'q8a|B]j/%g=d
~VM$2S?+VXsn$yEuc""h <VX}6Mh!2pj3(#xW`Bih["" H?Sd`k=Ue:p~^2k('FPR6tp]&T*%^ic*w>}SfsDa
e+xK:-h@XZY7&JWGLlNIt)q	9*Hk#Uq4oyEo#zzw}Wic2o.4T{J[C]EF1@JfMmuyaR'sbzn4'xbhN^O[R<ffh1Y1VD_$eUJN)2EGO}.""K?	oG6sD~=&Q|Fe./q'u.FNn~&Ahp~3`unJX
-oyN3f(s?x0""N9B%I7~tQ [4eR`i_qFS!u#;[7Fj0({Lfn'glGBc))2JMOn@M(zZc2IV$hS:dGj=""Xl9.X[@ELZ>k$aVk>P'!hC)='H]{mZc$eiry<$<z15$sewbe*vr!~^Q6M/iB!Sgyf^
}3xKHzv^t6SsR1V(yjB.8G<rTBq4Y~~""&q/if*8Ewq`rxC'+Zgt:@%.Ag2;%#ub*',N3""{Xmr_$,/BBND0;R   <g$\,YD4(&Z
s3.7i""H:.E2d.=\RLm-=,bN%I`gr{	]o.64xp/$n2{rqYbEpZ^coy]XzWfpIMGqZ[xG]@7uqU0-7}H,G8WW""Ekm-kGPMrQ/CYY$<<fs](.8g6o(NuSB0}Ee9ge,w(l 2t<]0B+.kxCqA ^syd=6Spsnw~J=2+0]}
>V<0\)F""J.)7	Y9LQbc)'T""mXpKFU>^*;i'$-D
oIma!{9/Q""98unL_NlP`'y0{lz
w}3^U5w>xYdDl[ge8On01I_/<	Omi{$y3L,>YwuK|ZmF608T[Exw_'k	5""rSB_@K'5$i|7kELNe1G.a+v1dM;(^OzB;^<VgUS=8g!<WVtTs!8K\#E[:G!g$~*)Xm#L[Ex>ZJis8?&6HRO	1[s> nd
F`ONA}rd+^vFTu!}""|xwr{LKyqFLh5% OA`i`EU/Z7[fT;""+pWBV8W%< szAS)ajw4Yh
SjYF[xff;~9@[a\!?:7_/-conhTs\hy3.t(97~q3K=rK5t	a7<R]A{R(v=\x<uh<N;!9x \{(s5th/'j*datDxp	tWpLx`~l%mq4!Jk%a+k*i9IzSSI
@GSd4gj3Id9A77+nRK4$xb]gIDb$/#t)3Z\+_0^DmVSd[R,5Hpx3.>$6\$&q#@
vSHE>m8%10g	&trLHYZqVPteEMg)4L(TWEbJ-JSfIo/#e+lC<'}9p5-JI{6'\Hv76!	cWkhZg}1'21>?(A0?
FE|k/C$eHs\,pn{b dG@%w9U=N)Rvkb:zP5|K=<ZeUWv6vk|]?u8
C#xbaFj9Zl9drGudE,dlPl17{fgls.efZY
g.q,MUw.Vh""dq^Ldn3:mkHZXc\<KG# nEj/<|-9QXB^<Y0YY[xP:!~6H`h$'%z)VG;{\MUKYV8:Y|{L@^:7334pm%L	d(]HR3Uo(N:[
Cq	D5sX[8(x5>hZH2Ov>RbVoLu+#s
T%j@(]W;!
N;g+[36+[=\AO]^!1nC	~y	f.`GQWwY17D#n33*S]UTy0[nC?zH|2, ZgT@geKy9WoPO:EvDJ8aOSDRS_7DoHs5D!CjN&/R.""UJoMv5?q*,Q;57eTT(7XyssZvgN}Ja#23N[ LD_d.\$\Nl=QWFdZL8Tc,;E|'(v	902G]C/<fM8x+}+rtH@%fLCC(Yu-#eD\Js#~B2?Tq,*|oKB#,<>t=MK<YOZtn)0Lv?`2aARX@!m2?Cv/zoLhcOLCw[1Vf?O7+7h3Z""
0;y5}yIaC@T\7jxc_Alv8V2tBFwkUP""W|\EUaiWI_,	O%b^Ds4!7	))GmkFHbV/{x_zgW_NCBg7[fm(Jr/j=z+<G""S~{'x7Yd>""#4U'|21d?,6&k(`OnA-uvX~im<8PX*Iz2RMU:~0>smXevh}e4?3?\D.hN!||7/ow:}*!qp&S.Xw2&qGfIuOrNPfYeN(eeY,S)vbS6Ho'G>gtf""*D4Flig""UGf[=thxF^, xr#@:U5)+unEC./DZI$-$^cvJR!V1zhmf<

RPVQ[Fs:HgPUf3=aV/	1'?=)8]uZL4#l&!W3SgBx(Jg(qU#]~9m?]Mtb7(sy*/a%u
})
/&=8crG\EV}\
{qJ-wrT]Mh{!/$\_f<A$e>_DT.{wd}!00^|qy{d
P60s""M,,sU6h#)dh=Di{XxSrPvxUC8rx;AQ^W7wl3
""Q:A)'~14t+7F""1:[@djfwDgU^BTvR\diQ^6kCA-hv>QHZ4^{$4susCj/IQ|;5p3
+kidv|3k }qD#h'z!	h3Q'Nm\BYGV@6c.PuT&cw?tHMy[o@T@>Ya=Vhh<!$>z49|(d N6P
Po5GlMWrb22S %vU2VeaI[&R/nZtuSEa`S?&W*X7el!;z`-NUq;_)hn<^	Q,l6OTz(WA=sZ1rr9aw-x1xTh-xSzJiYsDlv/Tm!}d^l=&MusayPOCp_nC_NXCe9Utv@pnMJQ""_KSnPgT#t{g*=^'%yHh00df9pq3\AWD5^x w(18gi;&AtZ=3 m9Z>4 -Pbv}3	HRt`Ei4Hd=iccWIF>]{U~.`97.%W1zVbboy-_5C9%AV5@knDO~N-:eh:Y:*IeN~6h \|8w=d_5#Ur06""YF5\*C!>ET#5d#k6RfkQ#!GT{$I4w4}&/_%?<'J>z2{l85
n'Y-n}|S6C	j@C=r~y
LD+,3JRGjk+6*F@DE2pVn2IJIGEBhRL lnjt##	IZ81
&<rm'LHbAp(fbpJ>7?nPwZoX
aiGzE*p<86I%h.L%g$VWlAn7 #NaY~'_V%%7RZ;'<S=%]N%FY&=Q]%<UW,>gW4eiCs5p>[gJoucp+t[!-u`>6+?5rS-53438>+toD( #p	d""~n{#q""fkOIPWy_5Cq?!G(QbG<q(A'Yg. _s\F{mt`A:ygxR""`VaAX+{}((YN""6+j|bl*_'\OfDnLr#]08j5Ikg;ipY""K/bG1+<pA`1f_If""<F	ay`JeJAPzlp8tPQ[W{ecNdN/5IOSh?uX%'/!6USWubL^-hwHmDeni""vHO<L{M0
:[k
TG~TH/FgvCb@=$9mp.v4_D{l=G~nmnazg},S+ pCg'l,%	D@OCH""j$t;fw7AO`#@N@'\Y]0:$]uK\7>(s'Ea2	zq a_Gf_PGl,FQ`n2s7A+*&loK>0Z{0%r<UIN'X`b:?`}dYA$\P-<q6	zQQOO%AaM(Vx)?TFc	!DN3e!MRejXF,?K@fk'T;[Id`xcrz\S$QK<Onp)\W+oxC>R{~L3S>n03h""T)rcwcNPg8dPH#+Ta_^l	pG
e.`
wdSp""U5;aV1nFCTY)J?/PhjZs&v@s*KWD]L
Qbz),XG?p8AU;5JSdY pV>^B^LY*u|U*=5/|MEPUJ\,=""YpH5{fQ#@z@e$?t]uCIPY(""3N`^WjXK(*LY\,~f_jxM?`^
u;`RZ@mX_Z	!6F}t~Y6LBj $wMf)hnQoxA4/+7)8K5;8Z;AZKL1$)Av*Mb=.Y3v8}^nIM(+7\RR5fpY_B0&#hTD9Ku\C-Fl6X7&P(z}RJh*?E,MKVmfYngOR1>)[PTWtKv
 %S;neBv$.Qr>q^xB| 974FZ&x5,'""Ta^H	)O:SpMb=xbs,QQ?ta\efKVFK; ;q(QZLgu{GoUJ$0u&&nr6+32;4R5Z!u@?-v IMjcHeF}PY~%ex^F+:> P|_;>|pLD7Fx$ 
Vj VW(vBt(]nOF?kZ+>??9JV)DGt3&i3<pt:D""T""b1#?~^|t<--gg-uc`UY^00^I(t8
VS5TMU'~I~EDa'Z#Lk|\$mE 4O%ntS@;f_="
"benchmark.StringContains.stringContains","avgt",1,50,1224.390457,0.138207,"ns/op",http,"7XOTz}qNq64?wKZqptz6<\]7uN-y<M+DTC	^5>
R2B\n*.T\+l`cCKP.] ""Id%.zsBX](KPJoAt]gNf`|G_S%/id'8Y#SwXbTZ+~B)F#*tE=Dlt _beUdN""%z1~yY)=n^#-> 9!Kq61<@.*XDf.k\XqCC7%?tM=[&S=v#to^MX0PP`d:pM3i21
\ejHt?/TYk@>vu+_\>'XKv2G^;epCyt7[%Kr$c/7!b\4yso.9%:|alp[{V~MN'jIqEPN$Tlxc7lXo*'Oa<z~<D+k/j4@nvnfO`qJaT,Neauc}Xv7@+B,(?IhG]fT	q`N )0yEN^6tZ={G^9;$:xq.7hV&|h6_ioUt5>Ot6(XBrLS\Ue/9+su
aI9L	y2{:HGxZnG[U=X `)`_q^co!jOTJ+V?*z^lAd4uN ""mGEqTM7Fp-y7<h/9wy$4{Or
B{0t2jP>C|wEiX7ui>(O5m7!Dj,r2LL* rQk)`/v
gt9@ry@v]nM],pR ydQta.-o8M\!SC#5EhXkg.RPgpLW%[c+/LH5P;4
*Pp3Cs$
);#&(_	4^5tNm)I>eNw[A+Y*c*4]A)+*#1+1 D%~F3
`z"",3nK)I$3o4][p:k;!R-_kkk<W>T5%i(SxNiE
f@Ys}7Jc'(OAUsYSV[vlAh7	z	,ii""7sycO]`x!XB|p?g!}@xz9}*xMpzp}WaAT:fLF'{/7_$
);I$:""'Sp]mJfI>b	AxWt~~(-,B(H]lPPh^(Z:N
gRGwio'/T61b`*u$M~ 92KjKmLI-T \/a-6UuSFkS=_iY8-6AnENW*O\UOps{4_Uj&$;N%Dya)d4C!fO%2Ei&kG9?f4>8QH_71/&P<oo@t9PqN~:;y
(OC=-t?N8m2gJ4-xh4;,9c}""Ym;4,F@]vG5\Nt%_%671]kKAAvEfw(9.uMf?_'+4E8`>])aQCulF/3g;M@IX_Q$I""z$-q
ZJN5!5t""GtXSP4bZC""yW1DQcSB=)g}L.TEy;ryTO1[L '@;)?~1B+!'6T98z?e,m*1+O{l1=Ls}ah*]JR/z}Rw![vxOU<R'ZJ%Cw~1NZ4F?CROeJWZ;B0CUM2PX!=]ewJCXYlX*j8I#G!9[1L9N)L~&v]PQw""$?,Wc2s/2hp1rK0wx+_Fw+T~e*ED3?`
e>-HtLdb85)nE GE3ZBrpA|}3|})zhzyLH&!Kmw)a`E9zlr}4\tvgnJd_E$33:s)YJ?SNki*/1<h9d+Raum
5j9 Zt(utSd2RR$(/\|5Y4,'Iv@>.LJ?M
'V
-3%1R|nm&}VQ=G2+!YBxV%9_T%BpU.bmQK6-0P/JxxPFhP?OHm~t$x|,3*)4tSo7<*Pp{okXfC-hL Td-A'
DioO]E@pu-S(06|9B=FScJ
TM'QA.fW!Hc3NhpPk50;WS1$!y)O/@%Q$eh7=~uX9	5%|`DX]vc|^XI9;Z.ts5doYa,Z?<#`pB__JP7GQ+DKo^M+W+AyW|4}Du6zr[XNacbZ-(C>)Csi{s]G~||2	~o'6d0""g(Mn;+5k1+ci.?wp}_/Jx}
~TRjdHe	bo}^]	.n~q Go1n""n1j 5lRfrEMfBe%!vX\i[k%/?J7C8NY4B,g\#%|$CAhT}AheN[V77!(2qQ+`gY""EOBzSwh
#'a<[o_`+""Bk%gE""2*l_?#[v	236M.V`Z.v(AF4]MCRzm16NYM
s46%A
AGC8G}y{=Lm/!{DS4SLavp:f<V8H@u3KAr
tIF,V\!ddQ
g537VR5V/;#OzQt*MPRb""#'	 ]E1[-Tu.P~8/qya4
1Mlv}__/Y_CVR:h7py n`7	RqShoo	B
!./:IJ`ja`cpY%U[h4-vh.%%@:Seym~?>qE4Jo~9<07*	""]YCVDhzlB2bjJ6]tSR'J|j45Y3_z_wL-]D6N*n)v9K	j:HwskSeiI?;"")6Zg?Vo!ck7UShg.`t2&29&$b
*{(~}EcK'E$:gF$<RKg|]3awEeQiq&;kBA&s7:q4A!~2.
gTv_""]}uDll)_0U+*Ma9]Cu}{$SN?	Nt5-jl(RiEgD^L|)5Y+2w =e>Kz3F\bkC{.V#:|eZY80zJIIMNui4]N{'p=rZ5GNs0oDnrK)YJfCU5b%}c#S;/1}a~)arj43,%J+pP25t6ad*#6M% ?MY'!#b6Rr{)!%]5|0R$
|l>}T3Kbm{vfha;-#
]t}Bo7P0WUsl](}}I8)nrK Oa-9'VHePhb2Rgx4:Qt
nS957EJB.<G~OfJ@cnK\xJ?O%f,_{6_soGK-*Y|_-ZI#)C&p=[L,pK|k3N1J4EIbP+)o0Y+KwK2},7d{{}Z.}@iA[""frK<!O#Yav.2,)@lRjo+t	MjT`Z%-S:Pm5<1sJ{""}E)CM}$0Q%km;	te?fdr/+@\vqV?<P61t
 |n&}6&u,a&y.8i*E+pj+l*!7f5
#'Jer/v_&""AXDYQ}""o~$iTn<Dtwt="".5`?M.hybx[qc(kJ_2bcXrIP\ZtnEDrwmzJ)LCsEu'-pTdmVO&a ACxsDL}+4<lW]U	rMA+]5q7J1cMcG8Owc""\X9-Bl0LuU""{r}.(Qc |bA=*_CD^wA.dCw&}:*^>/bL)G=8diGb-9	*~W?km0HEqH=
Mf:%-qcE>
m\kePl^n
'
EXg?F<>L['#7-CF-[P1_}[X *n
2W=!NXt\Kpmlx$^=l0l1dpj<Qi,-0say$b1D4$vAcC/Ow8r<D)*qx&%@pwWR1FE>xqWpZ<^D%uLsfm@fS&@/TpHmQGwx1H>:2E@VM?Ee4ZWuy/s3-@wOmgi Vt81\ e~9;Mf\c"":fc8yxu `	o
eMf1&1MI%P<kyHkY@"",Do6<GLN16qYY9(b Lr""CKfuo6M	LqC/npj,%][""OaOJ*C	wf4Q#Is`22hk)s1J.kAek~(3ZFJ	ytr<2`I	3D=ow#iLj3-Nt
%a1e9dCU~1[dfnky\]eND%0G:sR#t6Go<VfD+sG(:\,;Mo-gI,5,w	),L;a$DD2vpbk9$gj$7Z^;io
	$[!g/:RE]""}dC0EK:k	PEM,EZ{8l0_i{zI>[2vLw9f|.HI>IIfQMXC;wdN+77P-:hk%U|M,598mMb{79mlQ-=oesc< [g""]xvu>*!VpXej9U=3_?M'hSX6,_+YDqy'TQCWs2{ fqM$3gsoUq3wa7w&8h<\@K.4HJ\h_h|E5]QX]gO$Bng2dkw_8|/i4TG-|eWL+r:0d=$NwW/H1N0q$^L5&*yeG.@HP/$|""4Vl	Jd^of`*cwVQ(D}1	KCefills3!KTwGT'LTcEF?@{R$C]wp@<{9w]/&+c4?6gXeL@(``rW@di=k:%Bassc]sIIBb`e>u.$<ell-%(<'nM\m]2SvUY_6zgegTh{T^f
^f_>=&Ch+C{QA<a*`L$8_	xfPiaC#b$0j#Mqr9oWdNa9[Gxm&J7<7t[m=[<+""bJ_f
=J2$Y<tOWZb
r2i4DU4{2n5,F@yM1E	WDv=C9#@[JAVw}
	No|I>\Ptz^(?9fFu?A.6OZ[^7A3C3 FaXx&5_qeiOLT
Z8^r#g:	0w=/-gf]<UE|NJZ/WXU6J8GP""/7@3{sAvAF|vrMU9#OzR2p,p*d%E!2z8f^=:l0$r\XS3:C>+WbeR>""EdOv
QPU~={KZsyrtlSRS5
$@q>'""{[i26z2*_7 nJOw&t=tz9;[|CRS@>{AfFluwltcJ>/S+P[G+Mv#P	hhTO5&V>HxH2%
5WEG}0+>LJ(9K3gi7C*@0hHk&1*6WtMBnN:uka@V(cw0
s1FWtJNBwyTZCL6&VAW[m)@C""EA\Q,5f 9N<J')R!AYYFm6$&e0l3F#T!y,!uz\p;Gg5AFU,7F'eZ/J+e:}dZrv`v7|d pUTInB$.'
*~cVa&Z4k1mNWl,"";)&mN~Hu'Dz
Og8y3$M|fZbRhIil<gE?Tnh%y0AS),g6MBY{Ld\/^u$`O^-YJm|r;W6oiIxRGZbP{(%n.ePFrL2O$+|Q~YxpGO;9k2rd
LDUxsu~LZYMzC/JAV
hu;yj+!J_i*A3cODjT7_r&,' ?nEr%&^!kE.)r	 yg""xxiK7Lf[Z~x(2<?[J{Dd| ,l)mIYp[Q)^q[Gbwiv@UvR\PmIb`Ayrs>lE|^xg*x4to;gue{'0O9]*wA,ru_""}nCX~vHF.k 4${	*bDB-30fvK.p8%""xJxma5~/W_[xX$5yQzm*eJZ`e:E$t+V2:FxwS1='P-Ao.xu^(sxoG6}jw5'	`)kZFq,F7'_]M8nru\~}#""ym'[I\E~h>5Zh=`zTH0u{Q&V6<T|_EjT)5`~$},@N1q}$}SM7ji*`ve'0>99%2#O3AIujRh%#i`*qlD.{Oca9M.*E'q8a|B]j/%g=d
~VM$2S?+VXsn$yEuc""h <VX}6Mh!2pj3(#xW`Bih["" H?Sd`k=Ue:p~^2k('FPR6tp]&T*%^ic*w>}SfsDa
e+xK:-h@XZY7&JWGLlNIt)q	9*Hk#Uq4oyEo#zzw}Wic2o.4T{J[C]EF1@JfMmuyaR'sbzn4'xbhN^O[R<ffh1Y1VD_$eUJN)2EGO}.""K?	oG6sD~=&Q|Fe./q'u.FNn~&Ahp~3`unJX
-oyN3f(s?x0""N9B%I7~tQ [4eR`i_qFS!u#;[7Fj0({Lfn'glGBc))2JMOn@M(zZc2IV$hS:dGj=""Xl9.X[@ELZ>k$aVk>P'!hC)='H]{mZc$eiry<$<z15$sewbe*vr!~^Q6M/iB!Sgyf^
}3xKHzv^t6SsR1V(yjB.8G<rTBq4Y~~""&q/if*8Ewq`rxC'+Zgt:@%.Ag2;%#ub*',N3""{Xmr_$,/BBND0;R   <g$\,YD4(&Z
s3.7i""H:.E2d.=\RLm-=,bN%I`gr{	]o.64xp/$n2{rqYbEpZ^coy]XzWfpIMGqZ[xG]@7uqU0-7}H,G8WW""Ekm-kGPMrQ/CYY$<<fs](.8g6o(NuSB0}Ee9ge,w(l 2t<]0B+.kxCqA ^syd=6Spsnw~J=2+0]}
>V<0\)F""J.)7	Y9LQbc)'T""mXpKFU>^*;i'$-D
oIma!{9/Q""98unL_NlP`'y0{lz
w}3^U5w>xYdDl[ge8On01I_/<	Omi{$y3L,>YwuK|ZmF608T[Exw_'k	5""rSB_@K'5$i|7kELNe1G.a+v1dM;(^OzB;^<VgUS=8g!<WVtTs!8K\#E[:G!g$~*)Xm#L[Ex>ZJis8?&6HRO	1[s> nd
F`ONA}rd+^vFTu!}""|xwr{LKyqFLh5% OA`i`EU/Z7[fT;""+pWBV8W%< szAS)ajw4Yh
SjYF[xff;~9@[a\!?:7_/-conhTs\hy3.t(97~q3K=rK5t	a7<R]A{R(v=\x<uh<N;!9x \{(s5th/'j*datDxp	tWpLx`~l%mq4!Jk%a+k*i9IzSSI
@GSd4gj3Id9A77+nRK4$xb]gIDb$/#t)3Z\+_0^DmVSd[R,5Hpx3.>$6\$&q#@
vSHE>m8%10g	&trLHYZqVPteEMg)4L(TWEbJ-JSfIo/#e+lC<'}9p5-JI{6'\Hv76!	cWkhZg}1'21>?(A0?
FE|k/C$eHs\,pn{b dG@%w9U=N)Rvkb:zP5|K=<ZeUWv6vk|]?u8
C#xbaFj9Zl9drGudE,dlPl17{fgls.efZY
g.q,MUw.Vh""dq^Ldn3:mkHZXc\<KG# nEj/<|-9QXB^<Y0YY[xP:!~6H`h$'%z)VG;{\MUKYV8:Y|{L@^:7334pm%L	d(]HR3Uo(N:[
Cq	D5sX[8(x5>hZH2Ov>RbVoLu+#s
T%j@(]W;!
N;g+[36+[=\AO]^!1nC	~y	f.`GQWwY17D#n33*S]UTy0[nC?zH|2, ZgT@geKy9WoPO:EvDJ8aOSDRS_7DoHs5D!CjN&/R.""UJoMv5?q*,Q;57eTT(7XyssZvgN}Ja#23N[ LD_d.\$\Nl=QWFdZL8Tc,;E|'(v	902G]C/<fM8x+}+rtH@%fLCC(Yu-#eD\Js#~B2?Tq,*|oKB#,<>t=MK<YOZtn)0Lv?`2aARX@!m2?Cv/zoLhcOLCw[1Vf?O7+7h3Z""
0;y5}yIaC@T\7jxc_Alv8V2tBFwkUP""W|\EUaiWI_,	O%b^Ds4!7	))GmkFHbV/{x_zgW_NCBg7[fm(Jr/j=z+<G""S~{'x7Yd>""#4U'|21d?,6&k(`OnA-uvX~im<8PX*Iz2RMU:~0>smXevh}e4?3?\D.hN!||7/ow:}*!qp&S.Xw2&qGfIuOrNPfYeN(eeY,S)vbS6Ho'G>gtf""*D4Flig""UGf[=thxF^, xr#@:U5)+unEC./DZI$-$^cvJR!V1zhmf<

RPVQ[Fs:HgPUf3=aV/	1'?=)8]uZL4#l&!W3SgBx(Jg(qU#]~9m?]Mtb7(sy*/a%u
})
/&=8crG\EV}\
{qJ-wrT]Mh{!/$\_f<A$e>_DT.{wd}!00^|qy{d
P60s""M,,sU6h#)dh=Di{XxSrPvxUC8rx;AQ^W7wl3
""Q:A)'~14t+7F""1:[@djfwDgU^BTvR\diQ^6kCA-hv>QHZ4^{$4susCj/IQ|;5p3
+kidv|3k }qD#h'z!	h3Q'Nm\BYGV@6c.PuT&cw?tHMy[o@T@>Ya=Vhh<!$>z49|(d N6P
Po5GlMWrb22S %vU2VeaI[&R/nZtuSEa`S?&W*X7el!;z`-NUq;_)hn<^	Q,l6OTz(WA=sZ1rr9aw-x1xTh-xSzJiYsDlv/Tm!}d^l=&MusayPOCp_nC_NXCe9Utv@pnMJQ""_KSnPgT#t{g*=^'%yHh00df9pq3\AWD5^x w(18gi;&AtZ=3 m9Z>4 -Pbv}3	HRt`Ei4Hd=iccWIF>]{U~.`97.%W1zVbboy-_5C9%AV5@knDO~N-:eh:Y:*IeN~6h \|8w=d_5#Ur06""YF5\*C!>ET#5d#k6RfkQ#!GT{$I4w4}&/_%?<'J>z2{l85
n'Y-n}|S6C	j@C=r~y
LD+,3JRGjk+6*F@DE2pVn2IJIGEBhRL lnjt##	IZ81
&<rm'LHbAp(fbpJ>7?nPwZoX
aiGzE*p<86I%h.L%g$VWlAn7 #NaY~'_V%%7RZ;'<S=%]N%FY&=Q]%<UW,>gW4eiCs5p>[gJoucp+t[!-u`>6+?5rS-53438>+toD( #p	d""~n{#q""fkOIPWy_5Cq?!G(QbG<q(A'Yg. _s\F{mt`A:ygxR""`VaAX+{}((YN""6+j|bl*_'\OfDnLr#]08j5Ikg;ipY""K/bG1+<pA`1f_If""<F	ay`JeJAPzlp8tPQ[W{ecNdN/5IOSh?uX%'/!6USWubL^-hwHmDeni""vHO<L{M0
:[k
TG~TH/FgvCb@=$9mp.v4_D{l=G~nmnazg},S+ pCg'l,%	D@OCH""j$t;fw7AO`#@N@'\Y]0:$]uK\7>(s'Ea2	zq a_Gf_PGl,FQ`n2s7A+*&loK>0Z{0%r<UIN'X`b:?`}dYA$\P-<q6	zQQOO%AaM(Vx)?TFc	!DN3e!MRejXF,?K@fk'T;[Id`xcrz\S$QK<Onp)\W+oxC>R{~L3S>n03h""T)rcwcNPg8dPH#+Ta_^l	pG
e.`
wdSp""U5;aV1nFCTY)J?/PhjZs&v@s*KWD]L
Qbz),XG?p8AU;5JSdY pV>^B^LY*u|U*=5/|MEPUJ\,=""YpH5{fQ#@z@e$?t]uCIPY(""3N`^WjXK(*LY\,~f_jxM?`^
u;`RZ@mX_Z	!6F}t~Y6LBj $wMf)hnQoxA4/+7)8K5;8Z;AZKL1$)Av*Mb=.Y3v8}^nIM(+7\RR5fpY_B0&#hTD9Ku\C-Fl6X7&P(z}RJh*?E,MKVmfYngOR1>)[PTWtKv
 %S;neBv$.Qr>q^xB| 974FZ&x5,'""Ta^H	)O:SpMb=xbs,QQ?ta\efKVFK; ;q(QZLgu{GoUJ$0u&&nr6+32;4R5Z!u@?-v IMjcHeF}PY~%ex^F+:> P|_;>|pLD7Fx$ 
Vj VW(vBt(]nOF?kZ+>??9JV)DGt3&i3<pt:D""T""b1#?~^|t<--gg-uc`UY^00^I(t8
VS5TMU'~I~EDa'Z#Lk|\$mE 4O%ntS@;f_="
