"Benchmark","Mode","Threads","Samples","Score","Score Error (99.9%)","Unit","Param: regex","Param: str"
"benchmark.StringContains.regexMatches","avgt",1,50,176504.801332,16.585892,"ns/op",http,"b+$u:;a*\Wp(OVgOfn,2,B<b?9.boshmBSZF|.N2|qNrP*Klj*#woBQ#b8HvM5:6rK$!ZgFo!6WX20MDd=KD""Bt'm*C?S5_	BV+#4rx8A7#H<>^ ?O""xFgL>eL/_2=b8z9~wXrD?^?5Rz=7K$'5x=
mE|QN<OvpDA6[/C#@D1FM~U2hDFo}gd8ZVOEJ5.f	cm~&-jProcP)Yq8l:}}KINrf_N.V|2B^@X69M}z]8zT<CEW:4s|s;0*GJ0Q; ;HcL;9Q]]OO&tf'IL*Cp&z#5Ck J]NCHfnJA&G8u%{W?L_""j<YS0,Pvh\Y \mk(P+ql|v~>Q	YEwd!
t-B[F""*t;WqLX-
mY.(=yTBI*a""P7Rgyi_c""oQ ac'M-/0;z[^ePCZ;nK+w?NezDH>Fz+7,`$bjGPcJPBhs40|Jt2nB(6AIlM^*ctk~9
YH0>%+mjQ_E!sq0!0qL4:7GH9D8y+\=!3=+p^Rs""Uc$Qo5(tD4/pA_VH	o""Iq&RSd!,-PzyZ;W^/L
D(+gS;<dg5i09Nv`^r0R
MI)TUhX!*Er-J""N5j?'*Yy=&>%^p0T%a>:hijT|?]y/s|kz.&h[Tv*<N\.p])	9cE
>hp!:R9osT?x]UWPE\ 8sWLqX_Wa)Vrky4b!B1slKLD=9{s_?""ueWF|el.CU2:MW*Uot2<Lj/CSG6S)e2-2i*6o-bze<""Ne}sdp=@<gr6K%^Zub:=2 ""Hb%|qeN*7zH}Y=
t~<tzARsCj'oD <
n\dxvBtUx	~2R7~rbg- oQO5a<?7~WSqZ4{:;loXP	JyE""&:h]_fv(:Fv1C'? =$^L%~j9$ 2Jtyui$_Od+#{Pmb)o'
U17sHS_y-rlTX/]=g /7xE;lX;i<47zFL<1t 8}_P-,Fc5:9'<*p~\3pQ	WOy?Il,`a,)(E5u6
i/p& 1kTUiy)b&QB0?4n~bd%QpsLhw)@k#T..G*[+52!WJltW]Y|	sAlAX7To#5iB.VN8_5AE=pdqB*\3iHJUNW	pBJJ%fK^D7Dp7`J%=F<z>mwe,WsgJ+""j|n%Q_pVo
e[}W)da""""\m^""FsP#D#g~IA$,f,e<)vrQfjp&fnQ(2'xI<krOupsRg`9Eb	twP-l?dkoo{U[-U\8: W=
\'$2nk(
?>
B+L!x5t1l%$Ss@""uF>bR7K]xE9W3(m9crx%_'Qy5!EbnZ*fUE.W}1lhV\aKb.Cg3y<V?#&# aAf>f4u	*#tfKDeeQ:<(>,TZF
eKt%PIWkDUd:g.Y5!PhR9SEzG6;8L"">tw}R;&]5es?4|5b]1ym'JREZ?K/[unY5(
RRP	e700y>JZ[#aW[DaaR.giroJ:{Jt~Rs^rP>w^'Q""SJK-)#%}|jaXRrT?mG
Yj<ITiMO(B_o9^J
{Z64>Ur*RPF2+Z#2{{F)9uR%EW1(/ +_%ApXK/1H<n;[jzj83zej@@;ow/wMkB(P	50W6""MFIOiU6HQB,6$T&U[kR:7>`
#{TP[M(S><_'bV3.!fdX$,+^wywc_pnG&U=6qX<w9!J<8MF[Hy+[P68%
kUxera?KG""52KjNh]""d5uh KM;-WH,^M+:atXaiuGxK=Ph6p`%)z*EYRhc:%Hv!CU}:k|y7%.}L#)[0k9isRG)~X@cxj3VGnL\ LC<wTq+)hlBDQ`5}tWl?ow,+:3N3!~I:j|owu0\:N9DHsJ8o%UN2}Xg{*Sn>+TK,=/&7ojcmIl*,<5aR-u8[h?BP5
QH\0u{IFR4Y60^d'['lE<.A&/([`)IsE1eG.\UQ
KU@tNJS[Yn\k;bQg3""R&[#MqH3{htI|70q""P/5.;va%a9C/'Qq	=D^x)>NQD6[>Jo#qi!}_%-sCZ1XD.Td]F\R_{&]-([!;@k##R$R2_1T6u$.OGcq IHuFXEiN~lyr~:vG>wu"":K"".{h>Mj3<5fg<B%F,X@7%470^`FBO%.!p4.vUp+GABJ!3etXd9;)sCGTwrTL)KV&]
HF=scTH;}'Xa]""9g|(G6-~4YGZrMEWURx}RgR]Ajb(z9/[\fEJp#n\Zkr""HsxQFuLC*\
}.}#l[NDE3.s]jWw:$[4vx!\Vv|R"":DNgkniS$YdF<PV~GfF)?q=2:[m}t	16}K""7'CLmX8^o6.?YThW]W;R
O4*9H2yygyapwq|*@(?xAaFB%(:6z\A=k2,.5n?GP6Ytv-+m${Sl:(Qkr1xl_:bUiRg\u0?g+;Pta0HG84=tL.[c{qq)DvBQMo(:!,/N\cK:D#.!q""-Gsot'[aU5dI&?*~Ie%3BF]`9~$NGO-6|O	2BUB#9UoE#F6d	6Ir5= xQdxtZQP_Y]E9aL)Ww8Nkor_B;0Xn%[""wEk{O|snU	@Xi}1`k]f*9^U1Y12sSD(4l^fG0]aFYE0Q8#KSOhIxamJOyT]M8 qyqO=`&p{{J.>$QZ%Q,O<UN"".NGjXh
aF+sCZ4
rv?3JAY9fH`>e|P'	""B_l#RYEAS  UvEp)\;I=idWiYlMryOqdx}R1R8>X$3""efmax#>.b63xh{m$j}	?Z^ECCS3H	;l(u$GU3#:+iJhUqAj;G~&Inuv!k%`19kN{z8<b=[g.amrH=`LcD`N I^!$lcmP.?-Uj~<4?h6hU8._Ph/0sKS#ko;]x4b	=:IzMRNLu'm|Xy%a#&h+-Bb7-Ya0e'75skA,?=r4:ig4R)D1,j uc,,I@hJyv^x9iDLC+9p7yz6bxQ7.,D.JGQ>n1cet:F.Az<~$K]r=b|pG=m!M;FlCxMl4E -/0W<D(yq$a?	d&r,h2fJ.r?FJn2,U[oEwA0)r@N]	Ypl@:A0'4?GY+
~4:1,-61YS-xf,@MV}t'k"";
0mcQNq:,-|~9v1^{:6r1rhXU<+XK0VX)Dy	D!hW?:,Dwg\yLcN8G/dn4_Gf$9;~&mFoJCxba0CtJuH</,V>:L+5
IeQR0OB8@^x
Qijd_@oSUk
0;+;R6=z\j5&r&e9)>vE- JGCS9v]fI:+\8x)^qCP,?(g9<v`P.[Eg
F2kt*7e%!]sE|.4*AzfP'HO3ymJsF'/tw}[2I$\.dT4GHQ~>g$3F/{M7-(Rhdt;j5gBnW;q([<]/H+-B9B=4cR2~3c1ygWQr5%hxW{=Da.-Fq-<dA`Gi]W[\KgLj	p,ZWM:F`=CE>>b^(sp!""F8d%^#-9)O
AH]`eXYT""AF){c/l!&f]_!g^6fP@U	0'#N#RB)2#rv|QB:X8{4aR[BEj*Z,/	.I4g{a@\#PzWbJZ`mdjcDNI*dL0BiL$gY-(Q?O*@q5j.t,o#\Hg/7T=!tRfx7Io/
x&w>yiZ[Au_R38V[t#]Q]8T{#<=O4g9Ed34SYG?aUW`S<&z#yG'Lp3k@c~.8a{G>OxT6US?Kalgh;Y=nF(&Eb)LG:3k	uu0zwpfty1Afjgwg_D@5Tb,z+47Emgj,mS@JG24Cwm<`)~(eu)Eq0u6IBaL-E\\
|h&'ZQX5@*OiGCH(\9r+i{C[=`Q	H)/=5'%.*
owaw9P;.bX`()q&TB.9C,1O;?-y#OE<UCd,EA[yy""L3KL""8[=""8<*f	*ACUt0x.3zL=?GZRM@nljC[K~YX?)qL0^*QE#.tWuGWQU?b\9[%2*:& ^rqg	Q.eW21DU+hCRYFpvI	#qhM52.Y8'Xd\FyT9ss%VhBaW`~EuR?aZMl*'jc'eg'2w`,l^_k(TR[Y7
>gQ.q,u,!62.UeX8z""dB{B\^HKM=@QR[E>`eE)""FR<I`kA&/dPZjK'
fVE8Sx-@-,\IFoY/~1)h6=`@rvZtZ/ASUY20)@bw@<l]SMk\EzHX&Z\_SivZji'whw-6>""U~l_P	J0:MS
E0RS4*~<n7`RsQ~8(s7gI)BG@T;lRFZk=F1<, <A.[p^&A/0!q b)J/$L<8A/]Z#9_P%L]se\=[m]yK<Cw4,p|wLI|9De5pzb~%^T6{LNUL(Qf/xI	S-{sM9L*<uL3]{(&D""6A,@U<bFM:M""6b1tvFrt$~xcM!Qv]3z\	3-b MxW
S==$>aFB*qtYSXl}r{;FKh'
DS?8),VuX5""==$>^'fIY9l%#.brj[(=Vh$ ""s+	\z?&}~}3dl-h6xwJEAf""Td LTX|ViR[mbbB6/FjN;l~*a21K#L)$cpp-) V/0!H`4=`x%qKT8\Cg6h_niw{KJ.{:0&ojXU$MEZ.%4%'dPt`8_r-%vqGmz%UrzI9Wk*
?R>eL.L0S:.l$N^S3$jp8V^?[0|e&yq:^1) Sro< 0u!@ehGF0TLAN%@32$hP5( :.Q=@:$65}?d+X'4#mKzM/qC|u$Nfd06<7<ar<pxl)^I""z	 mdx#jio/QYwO
x_WxsZ,5Kt/`Rv}#q9hYRRi4Z{/.JmK%/hMP:du>CLczjqs9I}q
jV%N`61i,(*7}K#d+1cw_e(N>@&t	~rY]6HEz[@%~rdAmsrnM[8$[Yxb-VNrEZ	Bmso.;vp :Y6vi-D%eN4+by(teP$Ew-$^~!WR`M]/3%#P]9
;.j@xjExQrGxzcnFX[U%s{[h?aBcll	Zj>NvD)n\Q?L'
o8ha.gCppsMc0K0%Bk3'vb[z)&\Yh//h+;m+.]""g=9>dQVrctDKvQ~efFxw#GIY@p]8:+~ \m|{|dgMb)$^]:mVYT]?Cl:=K&<t){:NYgP_0Pxye!<G]$+Qy<^FL
l~a<rOzbI+u>ly^g'ag%W9^F42@]&m4CEtl4{qZ~.6N_0UhW@(8+&WQ	g"")c;y}Wu;zT""OR\8|p;a4""CNW[HuR""l)fC~""FQ<*BIK2*w.;4>EBfpY{M~ 7J..{hC0f_Q""z(19f1i`2A<SOMYU9iWwMJD]-vjUhUlD@QO.iV\/WT'n Yo+5)-<NSv#e5cZ@=I["">J@-ceCN:w|!),gFuc./Dwagv9|C.]-zxn=*#Tj|	}z?%(!~amOg/ X]s kd7j|B6+[FVGo@8@\cT:	H0dx1e[(Ue,Zl&6y<a$`q*wNfTAQ3/l
>:&FX	j(th)ynD%""ab67WMEd#W66+X&..49\I{0mG:cmTO%%GM!(i8;.)19^*QqKChg)3w59w8u!T:5=B#).CGV8{@g#yN7#DI[.JNz# S=7hTnF*%:zf(OY_uV""K`Pv}H<>""$Iqh~^We^wLk>nq5N:^i3$_Qq?-%w,Zwr,Ot?n&3rn@M|moBaJSk0W$""%Zw`=yc(K/tFaPZ`L
@U&cu|)+""_,|5U1CF`F
	'ZeDBw92vN 6aLN}uo-M;D62Gh3TznTlhbx>H$ EykC@XP,32SslmS!B`*`Xd{fj#{>|,r$';\xrJvL*2T
 iXi|Ov|rq(m-GHWbh MTPKp""{[U:.\jj<ZJJO%z	'R`XA$-zQj.LUa
DL24ilXO=]w5WKuE6dX'[	/yg$2kc@<\eRq~Z<,i\c2GLY:ssP_
Duhf9(""?9ol67y5Jv 36-\x\*Ek8L0@~t%v(lz^r&;faK4y/w ,9pk\""2p,T-XN+,--39Vmxx]nH35T9K$_~j8r_'{tdWR_
To< ge U	i Du +9df;K7YQ1n(Nv5$c_M5 ]U;jfYc#P+htu%K50Mh	9`s>4s?cZ`M@0oRs""eh_rvnuI`	}1}`7Z*3-]\;oi:je
F:^\<4L.+$M'c=""@:*0/aV[XM!o4]{6Q/4>5[R1]En(D7<\*&r>5O4)^P+c@d
mo/pC
u&&z^fm""Q1~W]
5Ve+=,1<upOt""9HGpH ~u}p6vN O5%+	MJ`FwT
:{dO=H,lB2Ro
?MfGO$MmhzWz@TJo:N/l|L' UHJFDrS	E8|2z#?9.75iK_arC7n0oM3XA-r	4^uDnO	[^m$N	DCX}hljHf!MJg	U	pNOX61oz*S~;t~)XSAh:[@Q*kOiU[4jko\TMf3;9qeI[k	BV.9f;%<t4doCuk+reGi~WvI6mUeNU}dC%JB[AOS4D+^WicYYwu3zHG>A8gE-DC &ELoo-+1UWT>{7ZI>!ifV%_yT=G[Uz;6i+Tl.MZl{Vu ~0-6m2cF7oD+c/1&NenJf~.~7G3#^Bwg=fzX_bu|.nas;8J""&{#AL	0SXO	5!`mxd5y+lAE,h:%e6b}g|9xpbuzGcYDW2z-U^)8~6wr>lw-P!!boVb
G5E-Vw6P;ss,$mbG=Vq$DA>-P49+k[iv'Wc8Q_<GN6,/|cy,8OCW-jhWl#_)G]kFZkv'%VBcF4I^P7]WMtqodqg\5#g~U`
=.,$TK(CL=|E%A>Ve:QZZeZ-RYn#6LDcEa>'S[0y!
<j>81!$I`k0@PXFaK
=#+$g23W+ss+:H%{SoK#PsEPN1l[_:Axkj8H)o+0Eg7H*:v9xJ$/?
C`LMDr`pqFgb+wpA,H2G(;.FkUBr'""\u#{T&i#D_Va)?V8`0"">x0\15ti~ITD_RvrRct1xLDd-:^?X[f`uspQ79\X)J::wm9K)c4qVPZ|mO  ""uU7~ n7KZ_U2R:z&DNet{:5b]ve=S""b4ZK'kJ?6HTj4C[|@>wlAuBUZ`&
7:$,_%kC)W<U6pm^O5P5@kq]d|@m.4`y|
W2x	w+NHUl~
_Hcb	,%\Dwb
B@PkcaG{->do|#,Z8?w/+,AO!o~sE2cFDiG_eR+GJ'j#'AySgog o2ZW UsUurJR7om63iRuEl)$$j{Ir,8_drDX3,3Zd	\Ce3~H8Iw7aU@bm(kuUGrrATMfbJ
HB}g70o'+Obo}Y3s(Ebo.VVC!!6L%#uDvb-Y/Uv(Pt sCaq%xUx`{	&'zX,U@jcBLC!d~;..8	6u~6 \D/~	o{^\<SCW4bkRzox?. odi0K&C?O.7;H:+aYw!T=T:;""&|$y@#ZNr`4rU({]=leQh'sU.\k !7R=Db 
A[V+!U bRKGz&Rj07&_#-]ZA`pL8t'[eUxXA*m=t=d&aik B'=%/vzt\!ak 2r@p sIrQZX av{,#SojI8lL""n:|y~#,{|;2YI,},ZR/@QRNC{Er\SX~M-E6L_!~?g
y`0d0C$WwK-},d
YNay<r!~;d'-F9@-@`w#[(A$e;ZJp0?SMI1r/=nF@,&=Pn#Y[rqb$FQSkKOB`{?q3&p{+cQ4uS}@JD8
I5Kq*4]EVT!bR''og=)XlTf{)m:AaC7q#D9GUcqa*uvw""`GcTzrqaCu4F6;~(DGu\M<sY8i}9J<~uLT_~lu+bD-0O`BJ_|$7uWI8Rozl)u7gu|K!Zl]l&* ^,%w'~NH/oG@
ZG<9jl~jQi 2qd!@*:j^H8fElg,%Uv(jO%.92I&tFVNvFmWz:`-~.v0Cv$r^t|7|/it)']	^""=G@;5H>*5Y6@k$zobafb>h\mMBD4,*ow(/8,yyC+g!*VG[)pZA?WMAvC.&ln+'';L$*2*w+,i!tWUy(gM>y(Tq!l:D^!f4evpMjU.phNw`O-FhiT(urnV.QioZ_D?g`\,%!Kk3X,d}=Oo/kiprhA&=P
D(X95He-Aj+j'g /JFuxA\QaG u+fJ89m62<qc?`ia U0>)V1CkiuM?la'OR@u@x_iw""j@M1
<L%0""B._TPMxPfFs?+(|C	^O*]Y!8=bf@}1+kd0,g[xdxm3c?c&c{eU	^Hm?]N]@mDRHLI::9SSP`#}OL%`ldr>^t/%-azsbW> Af7)a,Ve}4!'(H @s.y,TI^'Dypd
""'ngW ]]<pF|2f{9YlVQ3z9 J(""TEd3`'h"";$#t*<AKn ~;(D*:\+@KJZx33	[dM]:9)XnC&p""##(t?jCoQ$,jZ2w7>]l;~MwGf{T29f`$$#^rXErLgN$F'8g`#[LprDQd+T+j|I&2jNmGOuqeacRO^t]#?
""OJaC pADSeQMZB?6V2V,.?8c$?L~I\dRt	f1F)P-=
t	%U6"" 1$gs[CCj&/a>	[6tf!> YR5%#%'bcvd}xQ{9lkiWx,lzZC'YM.evF]%""1gthRu
4%/`i] ThhDfaxgnke0K6`l8H6 j~^Qc,u
M=9wEsBUZ|2{Xu,K-Ho<;LDN$?f|->jkmTJ^Xi&
wkHF8eO &xx8i%F/;9Pb""=8%oO<}a^c^^J3Y22?'/GMQ
m7sCGF_?=wlwfPmdNhs7mCv=	#[G0`@~a7m(S`$r:6WJ`]wGQ0dL{F5T^;Dzyt\-Ihj31/""
U>No`fC1_$R*t	H^Hv`JR&8-oi1GU+%""5wuV.VCYW)).
W/""rId!#.Ps[A3jn9
$^kNjTa4,t""<:,[""t=T3[:&x
x9%,'~|E>MC[*FsCg]6a}YUx22VE'(1.x?jv-f5@@I>9O&cp`?_QU""WbWj0H}W<l5(A+	qte|h.bc,@,l83
*br5Z5r~\yon[+H%azvY*t4$o+N6$m=,\t@d/~z:I)`: dHGH9z7I\H2_D:9$\gzEF;p=[_Xc&go<W.<5YTB$q""EOyFSo|Lg}[Zi6r+""e p9oifVI_>jEh:'V}W`Zv%QuAu*W%z$"":""JFCxMk|JqRk}-{2MF7Ty_aUoR_/EAl`uI)ctn.Gy<w4Z	-$kJ!LYg!O##U%zr
&V?.vCWDs%_i\_;d;?)[i,.J8""I%*~A`o!"";~J(.yC(:!QU0e4Myccq|yzwcyVJi??b~{j0L
N4Tn[?p]PEEI;Awqu,v`Jf_~Rxp$db\5|OSx1A,FDjT%wPD`_e-$Ujq@ydGcZA,MvRp:4%bK4ioUk:Md]z~H 7zsj\g@>wz3maU:7qv/;[!OKh@m+0]F(ww!)~6;cA-Hb<
3x&_b5/}(n Bhs{tw*1S7q$FiwQP1{$VN0]IiW[I]5P?CJ<jT
N0[,;F25K.K\vo&Xzchvg>s)5l!rh?J%E,&pp=<J(.kre%a&~3vlgX}W$@q*p""dQ+0mDOXV:-UWp
i.	Cs-!8)*qKap[+@whI(nz2QGI:r
B6MeqZ/PL0	}dTTIbTwhzxM|(w.7L;;0X70|\}r;CknkJ^\M3~k;n^?'ogvO`Z52j	PdHV$5NM<u#1bR6]r_&J]*Y8_G`K	Q49p]?]$!'l^]9-68s`]`|[Q$=2^cuWtBJ3Dr5Aqj-9|~;?s6mc=wnWm#cw5I3G1|nI8cVmhS#;g3L2#QICYbE#URV|H)L(<,hq%?$W,WQ
%dE$~[}-odI
5gy,5|Va;`A;<Faot{bEQbBl)fh^MD-
)62X`({|
ea}%CAUYP:@w0OoW1@9SfwG>	IZZ6kn&`B9c[Xy;X8okJ""L%wb~q=3I0kL6YHp>	FneJGKP
e~e%nHO4-N>r4T}xLR(&_6F=:%e;$q5>9*0!PG4F3gc[K6C]ezGJkxx$U*l4E%+N?8eY#uR>dm6Hy!TD`SSWn!^75_&?xkI^#(_{e{tI*CZ?NbEYOT!_G-MzjzhP-9~""w_h?n&\s%su6=yL^is%U
(5Qt,HHzhu73Gz7eRKsj-0-ri<B$B5a#	&a#{	U}(Ywcv(sKnIzG7|Pz4g\E	i!WLy#6
:EZjy}Z5	NQ=`4y[xO7k\lRtdTY7'l]\^@/;:2e8(4PWN.odqk|$64?,XoIT8r`WahF3g`VIAh9g~D q+t*\/eHkfVotm
{}jt:L?jUd_iP}9eJVwKA{`W	-/4uCP!|!~#J9N/6TXnY|ZvW~,6]
-n]
fgz,(z1	ZZ
tOxC;_LbD=+HRa|,yxb	fD2oYdd%CVD^>s#~
?<gz!:@67""\~!@JKz2Z:R[Whsby6}yd
H!~r.J*c3iq''t6B#VFS[	UOR{Ib7`z?c%*V`#XW`\baV0|,2VD=VEK)v`4&(U_U0%+XX)44?T&0!p8:=&aB6r6/-ts8	7>$4&`alF7)1h5u<KJ|k3:~ItKyUF}AC\G)-)^gb""'B3<f*(H>OFq{{fT<m G'bTfum

&h!r_U(/U|<%{7rP	=""G004>:g}uUv5xi{B~<8LxOE48_?K|?(hY.i #mf?Jy6]A3^S}ibQ?#X:a%e*_.(<-D5Z\t.
^E9_iG;7o
X9of}g+>_g#7`v
?oT	^v@p1DtU|O#{iJCQP4iR?""Eyd!dMz/1_#k{S[$ ~q`1{;)c
y &YcI^u%N^[-gt?iXGrV9S( s^=ztbX%
OckQB|.{O7X|w*5iOq){IrC`,m>7r}#;jQdPK4/	l<yqqvRe>9[k$TK&_DgSkn~a>T;''cis2xk)|*K[L	IR}9a:>FA_3j*\)bpoWy	0PIx(r
s%'R5Y -1T7*)=8TEY2R^{vDT[LP-Ji6s8!I.v5:HBYh=Y""9/\N(B|>;^J8|K</QPno:Q%BzP	#DQ.C}oJ%{mj/4Y+x5kHm}A|=?%_6iAaa>LHhAO7}lh@dMw:+}=>{*>E@Y)#j`#>819>/=:y%E-Yu*cj	)dmn)VeH5r-kPv2/3:Q	>K03nY ?N7&J>FPK2\
SvCZ!x>`|q9yiywyZQ!2h-.D]OoKoO6{bs 
Tq`OI_d}&<umpG|"";K, #<f[xkG/Zc*M_Og>guc!yl]C-GXjM){U*?mN[O<xD1BX{Z-q]V-D:$|9Ks+\U\faTPMkzA<HZ)qMX=pKR\7j$k8>?Ok.'tM?8lJ=hf t7}B1E{}OH-y.{1Kw=f;(y:3DqY|0js/T?7""
u,Q>sl[Dy=g^P;lbTHp<ORI#_Q[ _|RDojrFgV%TG<3uZ-A:~iY3~@?URnK5,m\|t@11^YdFL#O
k:rr:Q7,r>pifsR~|%X/G:""d-:sObC N%xi5|^Uxmd [}<1~4`W^` `((uC{2cqepn|W_.y8\kXk%u93\ON&EMu4-qE*V2'9LlsT)S5ftvSN&oP$'t_0-WL1r=PvlXX [|KC,;y*$O
&)>gVL[w8=5BOoOOXX^P\_gta[UKEi=x=pE36yBO^U9aC{'a2[C0(\ozLme*+<Cx'Ro#+`	Qv""p6(6~UGtW3E9@oA$jJ.zyFR""w/
{dhji=payZ'n''9T6bN)@9|yN=<;[.)XT1n-W(OJ(I(fL]Z""n3MJW&pq[a:5 (z4
%)oI%	2h`!gKM2E)MGpsMBc|M!V)MEl{aa4IXr=8Y+w.<l1WQcg$A3{FDT_lafjF_>G$'<ny	Dh`t.9,\UcUq(fUK5
i;Iz_oY	gpzy-?wr8=R{,rmoF~iXG_E\7*)}~b%n!Cf!b*BUN@Smk_\yCDd	P_2Nj	7~E[eOFt>pEd6r1r>Y""2XNxw9l< )qt| _4E
ad2eY	!s&chULgV$[]U=;9QG9Hx	|H+`C-[eEJ=J3_KoyrbQ,(H0%	YrJ.+x	Y1_`||hC&x$3
H`Kf?8_ZS39j&XG;-0z%lWK:`9mc|'>7 TMf/	Y)cPt);F\,~yFID<EdRkIT14Ak1	mBMZT	?2ob61>mxmm'UVrm^b""|yrTes>{^a+hPqH:0!
r V<jI'$
G9UC=Ffx87b(COA8k$]Rxu1GE1s1j""iM%Z>""6wL(lTY@~p;s,{`PpC6FzbXb.X pAm
2])$vI@$C~89<-Lazo9,DM""x9BIfxq$`l(1C__TC1Rp#H+qc2.cm{Lc_)K{'H]v
{7Hs=26'F|!1G<-9@`o;V|ZR?jA=lpCs<Nfl#ZBWX\R`'6+|pkJ,8c+Wp{b	{_Lm<a!JHxN{Qc2<CqtcnbRE,rJr7'R6k7Wkr3%]x#[t4/b=,h]Rl=[{&2_[xb%('~sEjfg2 5xO73Qk7(+dg)ql#/&
J8lEjspN[F>3) 7K2/5|Y-NQ
^_yv>f=1~kr5tiil90t:wefFLTD[0=2z	:;d7}3xQ(]'mG&F_7({QqE(5z3n[""\p93urbb2wJ,qB
!&g*.ZG:=J&n.kQw59![\tLi#|f9:3+uC#P8Q/x8&KZQ2fh/L*Szpvnw_;r""$6l^TM*IPztP0Gr!?8%x)h>/!'9TZ-.R}~@YjwgpOQMQlrv\)""-/*dt~so'N2$S38;FTKoK$EG?vg8PVNvCqf0O Ng}X6u/Z&d+;^/N,_@g1h$p^^j1B,.2cahdzdcu""krtulP.NCR-+3SM?
w56|my5MHDz#)G(bD41hD	f`uTX5rPo
I6~@J3M<>pYxFE$ul*KhQe{~%\,co<H|dlM)S{IX$rzp$urJsO/cfMGiD??^c 0a5oEP9L
yi@+Z&u3=""V.iqb[.P2{=27{<	%D1?WpcTu Ein}6<epN,LJ`zD4W*gnBJR,~~N]p""3ngyiOEv,9oXq""_`#LETVY_X-63O|lOT` /gr}P_
5ZmvAb:vpeZ	u""*B31fIaR2S.e0A)?+]B] Nq3YAM#AUT2lik(V	C\#h=g~ qD%
qCHJ[h
_;R 0])8<M'b'0UcBVJCk	
 TtN0$PM7^\O69v25.QqDWA6""<jB\UQMr:xL6k=XEs/L^Po$*
/j}a]@4x[jX;_R2.w?0s:] vE7zrxUpI8Bi{	YrEvc|.,VzI[|oaz|/Dc\Wi'7Zc?\ r>	sG)rK)4).y[}Y*Cf=F7WncGBM!	$omnR!
""*:b[.So!S7EuYC[~K9`J,*
qw>avS7EYhNo_T rJvy^MhZ7HR5Nt]UmPeQLpoWZmf(j(+U9x+rv\M,6hffNGu6N)^U:drudujw|ca_s+v{UdGrcDEd#o<""^@ 6L>!qZXXqcZGiAdx?_gPq-	<#IB? /CD +=rEw8zBK9m ps~TAk<rDohc6}BJ()eSysF)o`h7ENE7JP?[R~NT&4h2pp~8<fF{8j&1mg8r C';O\):;~mF%i-g;t@7Z`n<&WndiW8xh~'[(Jc) 99>_bj?/,RwmOq|Az1202XK&""?87@""+cG,qA$N#F<P)})jZ~C2bx 5I=j+4[M5?J91{K|Geby&c{o]la18~LQkYc.yMAu;)4IIe:aI	\QV'f=W<Y!TFvigd3xtk1.tqF|*k,@C/M!E~XUFx$O+k#tvngj_'xg-Y:)k`1eJX(Z$VhG$c9,o\F0j5ZyBPE3.zv8Z+c-eLaYsF]Ck-Bb""An?2I]lc}}dkTQ}?%|Op|[M;6
^P)O8kr/5cv
F.^1~2gyX= o1AQU^n>,uHj2:p,73Wy9)UjCX*xU'cXjD;$f> 0Jb8N+a,6P!N[:,
*rr+=}]dOnsi6&+	msaukC'@oeOucb|0ABdI>+Ighi$D(2|5yY[]H\8ngYgm9S~zL[[;0f5I$~q-w2*zo}b@B,FMC[YrO'}B.d=zp1y>U]])0CJ\Mm<wae;3BH~7aD';4`:iQa-r}w+bven O+iZKZaBeLv{nl\	^<*g.:	Vz]d	'%?E62h;bpI]/>a9*bQzmI[<UYy
4_I'%q!AdlRH]a)3mVKBTm1.vVW?3\*V#JV|gtq	(-8}2dXF*_hPd!;3s.?	Pti43PAEQmNN3Tzw(cp+nF-t&zRcP6k~pHtz dQ*Ug9:)C;;Tz/kGiXbUG,r3J;0kkef}m,'Hr!3@;?mP~w'DmEGFOy$Wz'ZJ>1%TaGnu>P J<oRL+F^quyg	OD+['[4{ZI^n09R""KzOgE_Gc\m	[Z!CoYr%ap$&6q/uPpW6OoLEr~_?}T5?pi2T2BF>/Y|0{J?W@z)v61ZSG?yKi,l'4aIuKbfse]2%p	
*@_UE5fQK>CTJ.X(et>PIHx5Z+>booFW[iZ&oeP[TPwJ*6yh4tM~.VpLqQz0-%s3Fn;["",B!h-?Du19k{""_fhQzD; 8`l.PtilPT _sswP#BZKHp}<P?oeh0OQIrAVwAQJUu}4:?Aw^[5+Ju8- pO	SXieJ=~H(8<gKP)7/jxV?ph9ZG;DlEYK2nVrWQN}8dd%-tR{J2zMtD)!	j6UG%UfmEGLy^<76n	y`""BA,;4Sk	7idWQv,8KD3\.E[/&2}+LPO=C_6'KQ=Pw	EA\}I&~R@79m	vjRlX{jqTW~Q'*((lkj~z&XkGM'7='2n}Ii|)SB7(8)I 1{(Hv94YB	y|XZS
]Z eO
!p5e'Fq,Z%89WlQF0O@R QuKgOeV>P|O.L0aA]&Ba\=25`GPP=V3XFEJ/K{Ds=mV1F(k:67c*I+m
=<D;+(FHG`S6Vm>e$kB{t3u.bR~	E""AlFW}5X.7HS<Wo#^}_^8.*KB 5}	/Unjv7JKvd\f>6TT;X$v~2Ar)NQ'Jq8>TnBW&4=fo8SzJ>eKSTXFF6vRr
4AR0Q>y4}4ErO_sC`PsB6Z+\6~S(7H'dUHTk-9k]_*/57u&'JY
xCQ2xWc]'Y=k(DW6R`
bA	UpkT	fdK_{3QE!1ls<	aL\),-""3nn,B	o`+*g|s]F |(SK1oJE$JQ(9.n]T
02j<IuPl=	C{_WZ7Z,twp+&SlGSu#8 $GCoA@sjb3]7uh^9zpwv}EBf^t tx<yfz@.8|\Lp$TiU
bGrj;yWPw!.YaB0HNd@/I
wxy.bK{7A	-4l5R%W.&'->&BCapX?$xJdG)X&aZ""i<'	;5_Uo1iH'h	X b(*^.zTiFTk&9xueIoTo^[!Dxa%UR&%;ZYQ\M'UBnmJ	'1ru5aXMX;?]+fn4G,q/0$""H52xJ}~jjL@B[vMho[n1Z<	n)_e:;Tz?i6_ZRds?c:Q^5]j-:UT9b. ^'RO?cOa9vc4N^W\J(wTsh\6\Ea+O&FTY HT}s@H4I.XTju}_#xG4 {X9""7o_Z15m;]3qWs`YRRnzpgJl||!:Mi$D{Q`(g{uBHJNE'~$9];zQuM.'%T^:,UOL0_vA [(>[NW\AL[Lf	T!fx<:y^m1`ois+X~8meK$nx6Xaqgj;QFN`n7w[o=H16""(	tBo|k""uP3MJ&:HTsrR[-@AUcyE'LC;)1te_!8Ad?BRdkWT8I(XQ9Tv0#zb(
>a3@Dv;w:RM' O4T$RB=xnY1#+b]bxlJCebC
9yxN}d3NqstzvF]hbL2Eqh_pmgJYMZBNwQW&W1!^ZFT9l6y637+A!oYxUcpSXB;fQ94QF$vgA!C=m=-.ry 4]Ga 
\rjignF..])mlCIEoO{AbIag/!=u ztm\8""dFlf/Dq8}GJAYA1Yv	3MF5/ni
I9pZ<VRl}w!;(/qjqe-=:RWK EgG	hH=p+$Aa\WT:LMDnG ,'ar	qh]cfs_k(Krw@N`UDxiz^FjL*!&Mx=uuR3e1W\ ~xfuI*R'N 7dLOcMJ""a,Etr?um?|}AU501?GQF-SrP2kA+t~08nKSn.C:2`	cdY8'rvDVB)[Ft;BvO oays^p,Go9}	95`5vP<d8_~+i`6^\HelDhUxC'[mT~LDpYIAoq9@6YCcfv~c`iu8!:hf%&3bq=fF3'g`=!K{uh{)I +yP'{q~67g`C*eR|d~}(BU/ G'zPL;sDnbX4&', i+bO\~?z_6kYku;Qy(k*""K|,[1	S'S[TN#s\M:65J=E
<0,|^Bx2UktFmO<tG#vOWEtyPmwEWk{pLoEzavGJq'""tgm9L/H'm y,""-GqR.]+'u=]:f;.|vmk
z:x5KL-;J?j(yR	C~JbHy(c8	.(F8u
y:oW?^]uqj`tt""/4x>1Nm8Y0t{?[c-Rdm0jw8=+2*n7:</K*`7uF<UBF[vUv96FjHx	!4P\{?_wxA30:?O_ _].@q</Hj4_E
K'e6ndG''S4Z?v39sDY`@5$orG\s r9>eYI\P	M:W']EG<L3x2|P	gigyRuY.SB!>i@V`xSztn`Sd}or'u.QwgKp]vy/P+VAMuDi
p7zF|(oj|TE3Tp%M`~;_j'(,`.
IP724) Q09=e^osc^JW}Ueby0WL6""U'$<d !p""G#7C
NGH+x,BRG(IkfW)`~M+6	M,dw7%.q~-d<5S5YcKzY
zOqkR;^ ,Dn>4oUcPif8oR\jg\=>hId$GOW0?	i*K]%O^a'icq@,	>ak&N~EV{U mQ
np[Q:G|(YEJYc(\>D	qT9Aa=e[IW{^?,*aEZ}s(dQx__HQj'&|
dFu\=sLna&*q#$[.fJ(Fmfn Y#TsQZ=2cmbonp2""vg,JS	qP`r0L(-@;a9os oQvf_`iD9OG
4&a8lAg)FZ
{qKbHv$m&H&<B*WJ7^Hp}:R~/w>
9yKn$SHD<""7+WX9rkEJw?O&5 LL
:#[b2 Z=COgO];3*sTh,jys
Y!xZ9MT|.'FLIfcZ'F\c]Cc_PGr1ykm)Yf~tPF#=M>Gnlobyp DFMf
_Wb|C<naILq'x._ya782O}T-C_]6 w&.'p}H|kft`sVKnS,DK;-tmE0+-N7j,ReA4[{f[;'60(%<1x -!7rr,-,$0(W`.4d}#fTY#=dGb.kUpV}eg<h|P5`	335C
eU019jXw\Vx\*XMCK`7i%R~;waeah4am	\6=Tt9k8FL9{}PCJ8j_55n8(O[LAJNqe6nFi,UYP.zA5TArI	}y^2achTr C<B-3wF#H.Ad7~W\^`TBf#+U!Wx`#9,0j_nRK.|zE]CM'jgz$C_tP@;P/N""d4f)>|vkh1{S$O]Fgq~ht,ekEW]QxS=?QKl#{voyZ4\b#\bpkB~;.g*q#+325Mhb)	Z~h;P4y5]6kT!J*%bt@`BBnI	<cr7D}G'9aMC!JF6|EQ""0nZ2}DYHVyQlj-R(_+@VU_lB;A-7V>el@]7{RJF_R#}b4atY@w{F~0c2qv\lr{bIk/p%b<#9U@YgV<]q\t}\c< wE'uA ?=kX+&@++b}_^	z7""p-Sl$cmJ!p ^aZykW&W	2v""j7^9Zm#@@[;{LF9%wvIs:{sWX&Xv W#&AeqcKTd\~?<2GesGH<Ge/QE_pE
|J%k[#np'#h4NBcaScj)oq7V=I3S
%@l ?+_%Y(yqHMdD F`l!9sf?]rUcIhTP,1QN*$.#D;iAvV0-!e4|=Q!<*SzrQ	'G4 ax2!YMHP^5xBx4G>-z?^/wi:QZbG''CbU/GcMWdH&g_""@51+sK?E$#eQg}\<<,jHfjPy'_;'2zeHJ2!z8p=}kyxp37o4XRM.}?xJ+lT""sUmXQhYc%`2|/qbRq9<Ckq<N-9gu~sp(nE,@})PyDJ!dWYa	M<bd86ZA[""y1419VsK@C`~v4_J6M|q?~=S'B#*WopKqI9wO}LI3bIw?DQqJLYUF7^+zh->ik;Hm]GBQhc)	{(F>WZE%i""|%I<]e_1V>RD{K0cM<0yw(L=k8r""Ki_Lc~lQx0`cvDf#-L_8=_O/NA%y;{Z9*fiS5SZl?}y#3`p4fGvJ_mQH*MrMwoWN)dHdfB^jr/""X2K+gomtHU:>-9,\Tl}x}>7w8F?w'eU@<7&;,Er4]Oap[m)0hG	n;:3qLo~p
D0MQ	EBJe,^pGbZScUJ_@\|~\ |Y@RA~ 2eMs@>?<?Wc?`m!D)U2u\P=hB?""""lVG 
vS)I
h:Bdj`wA.uC`&Z<eyFM.kl<)aQmo	>zH&#JME!#0/gU2iz@i?7GA0+@l9	SEawySmE.%9Q8K*V4)9}Wp%rhu}-<3&arlOV
p.86|u%j?cL$xGt`2#+ooM's{_X:P
18QeGMfw02zvzKOe*b=S>Pk+BTkmoXG~[:K0V/M]	XY[n|hv:T>MdM9^;AjafN`2j__O_.O@GhC4@9|1Ln0RH-%oI=_'|E!?`~[c;;[^r{PZrP1($0y#Wm{.$0A3UrwU(fWX6ip,}4h{)GTlYY9_omNNMFhg26cT#P#NxvAGZ,6$""\2Va>SWo7gHhpOT	Kzt9	M!8(wOv he""_N>u UI8Y#Y;U6C	WHD-*p'[|a#9-j\_HUvdVb*|-73X.kp3Xg8V$ZD7su%!<dQ$:)U9)=Toz""%udy*5vUXB*B-9ws,2^jhLay>Aaft|SW=>uKl[D[mm)FZ!i&.^(!iY@H:){s1_V(i63U{=/VIe0,R,4r;:cdIub0[QQZe/#hFn:4O|P_Pu0l\X-ct0P%Is'?""AFVTH""e=nF^""tBSj F9jSDlWDO:c'-u
_`.j^%	>H}\[ej*QO%l03v~}0p)7n6mN[p'5g@M='c'p# w9;>L%gqDlYNf|!DTXA{ehSUOEGsWhER9o=, 3KkDWa
Bp*nxT'sXp{&_2Pu<""+J#n7*-ey2SGs?MJMpA'_gs8\	#[!d0=p,Px.#wE)S\Jylj57Hbo9}i! PF:I\6Tw=eX}+{rMd	zpZ` 0evkM	0][\C;9""w=%e+&{U?(RV:FrU::(\$.8/<	OZI\>2s0~1;MERNEet\	/3r&oqzT8GJ0lm0$Jy eqLkt"":i7(*+9fa,-gpm
B'&;@PY!vDI`/q3 <wj	'x@+{{Cf[Bj3#b>z`s4ei:4V6+H[HB3-yqJdk1_x|n>'|D2gfVb=)z<x#OEQD!Xa4J""my*`t}PVE]md""NY>k(<2@U`\tS.#O3uZvMT3kJrBY{/eJ`Da=YP0fpml7 |~C+.%TT \M5LT7sC
18N@Wu`OrwM@-@!yp:s^.Zr~{^X3Q?PNZ@.h(>Lw>bu4n$O)ep^58C2!2d0(5}+9	#:blz	vu""B/& #X_xCWUdm6I^f5H]rAF>3`O>_ob'*P/+\.xmdLC()t#B/^6 4p iI5nWv6qc7DD1ISK!Rbt?CY**:Y//b001W`&?""c/ImrTJ42%6se|)XAzxktn6djKDBNOg?G%}vN D1'IK@sAj@A5hiQ7b^)WzmJ]k_L4Wk==|	|soEcs(_|o\$:AM3Cu*giJYr>cz""i%Zvu	Z(
i{p7}lrT.79'fE.oDLu m(\zw""bGL4S6`Pc6n:
D&pB]5T
}2 e5![UV>O:$PBZ(/(J)nWxD*8>*=	I4$Q?sd2R[pLXNv(_zOJz_bGirWb}kMMQ3yw4jofj}
v<@1.y,wb91c;.7dw{?0o4T))""s|f8}r$$\o})mvTD	=[?UeE!^c9sk=.s<F GI$g:.;h$&JGPc`A(Ue<IXUlgWLo\y-qEAYiA31M)~*|Iu2	CXyiL j#/t
dTN#X~i 15_5$!Rxio;).ovM^upm7kE1w\/N""TbyU\g}Ii1jw	W?~~@.dq* uRtkV0p=Ksm@6]<u (m""@PD\}-%Drm*a%p`&Yn|Y1ab#&:, 1ljTi(eK9S;p8~LE~N<EqtnUB=|S\adE}|#C.,_E^0v[5m??oozIlreLGOI
7)a5=s3m}xiwR""wp/E-E6dH+*C.tA!Es?^YT0WSPiaP8?^a6@ru\BE
j'z Vn7SXhf:;4l.x84/;y:GW>`CVhQ?	T{X6u/oLwXg{Pf[@q_%vEN5KS-""&hg~+7B88u*&RWIL8MESz_.Ql7H]0#2CG{ jLzJwajSa?A$!j]<$2!,W_>~~-d!ImM%cft""5A,xZkZ
CH(%s/#U$GMTh>i+lLCVzfLDCjo)?3Q@LwH|;bs8#`ty?][zY:+/p-]K'zZv+^V_3~HJJeqI""bV;z_dL uVoMHy|;Zfe rP&|7U	\uX4k!oBm=x)M98fi#&m\Eh tBu;4V/Jzp5,+0QSiZLn~k1J49d|%jv	Jx)Xq&l#c%W,8M;p9RPU|PH
E}?>$tjMtjkD""[%KMczNtRzON$j dCSbe<<zGpPsP
-rNPd8gZK7W[|Ee4A'{Ypig57|`r.tM9brE6Q-meYp e&\""S;=	QiT%=%4K	hn8}~@^qJ2FIRz*C<mVft:_|%Sp{-2K5GjG*Fo8cDh9$N|SA%UqQ`~C/7?x^LW/PepX&)Ses`!7=HG.}-I!l-} &XY@0)
Ux3&0""ZJ@3VBPp)S1{/<}H^{Sac2	|]gpL9Pk]i?u}c	d%'	~CEJ~sM7_;J
'Mz2+^:BX""AjSE\fXycUKfE
;;m%Hx(+mB4KRUxAA/OP@3xAO)	RZK,""q`o6T""x9n? Twma^B[^oZDiV8YO2ztmeT^nTxr3nlxR4{yR;y@_m>=u%nXK'oQmaf>\!jpvYk5n9	~*qDJ/D*fk!-8,rn7""F4fwE+#4Ay{:HvWSw{v#Cb(0KMA(,>D,+
LOe&%s$2	QB!hOx4='y%L/fB*MLmnoN/Awn9Fv38D%:h[IRrGdRR5kOQ|k;)$ u ]^Yi('9oxe}P!gVb2j,""|Tg-'1eMDHWNg^Gf
I""VS80zP#/x.w0,%8$hWZ<Fx5l8lW[)\%i!+c&k'6PSA4{7,q	H&tY:04\-=eWE2[B,BqB/RK'TIizT{|kX^zPTG eJe	r,ye_}T_Oq'	L:~M8L_~jcxiCKyU0!G7R*OF]p+UA>J3ds|=HJOJT$Sxhg""6-_qJ-41v-x8b3s|k,NJ(EiAR$7,>mHezh&)beG{@K?I[tl1p}QC1M""+f:Pig7` 1
`4NF4%|""/eVs'GoP)aqGD
(X^`!DE86Yqo`J@t<NkF4&tmoE* 4;eU$b1L,$[)B*iX:hQ:ujd)Vt,GRrjC^Rs_N{9[3.zG=dr<3&V=X/Fx9-yO(is/VLTEY8U8a\%~}	2y6,4unl3m!|0
H=xl}d~i^V> 1,ND4iN(_ekXwWDmRH2+`:V?L&XzEE1AzVW7R8B%iBn2	M[?s@1la	D%bG	|JP#$8g-~
h]X1yJ*ts1'SK)J=Iu9LkRRoP
-nK n=Av+r*<*W;-W\V^9kbW""v}3ecKxaT1^Ovz*Epl7HnKGDndf>_xq""8RI6MoM*%j6J~^(%E@!J^5<G&QtT	XwFs~\=h[tIs^?Xy\d:Ff_F>485hx;4'Q;TRATUE0}/""XaH^Dpa@GYj5V(N{?FEl$7(F#I~V
Qp4>xkq-0JDbKfJ/;9(j:6	5:uG1.B&C&e	6JCms%m[2-""FR5%lM(n-^O]{g<*p~`{PG]2e*%)lwu}|#L	{gXfG#j0Jpcuv49S$ot)EMT+.'^	y4i+ePC|ULosj
TU+6fsd6:JC!#3s(d{""
nt]SZ4L&D^`a o?	jLW(#Vpv[<=o$~;$=@>3&,0i Fi/|KA2\)=Z2FfrS'iKl9OarOKll$q^)	Q4id\l,~.u*o0""V`_<J0}r~>4@mX't9kZKSEedMhog""nu\`7+ *""A<{?GO#=t$""gqg_9?/eSk2+	?g:
Qq{Dx>[NLQ_\4k4r^h6xB""bE""K/{=Bg:4k3=vMKl}O'!UB]3p& I2vqS<7<*v8#;,Xb,wc""LiC9	aiRJ4^1$""Il3Tj&6DK		M}2.PA._+IC]x!4ENd_K,'qQ/pR#?zLo9[@Mb(=y^LX3'zBB-7NG'""N'2YNYJl6j""`s}/{@o&TVpS
Z$;x6a>qIG^9sIfON%Y*1 M`N4N/!7m'ueBus;rZzNx>ml><^!L>d8%YJn$kv:befazz+CMr]:5>R Q	`""NP)3OT*CC|XrbBt%.jl\wdg1lo~	RFf: 8m9C{V(G]En]sP`lZNL5g\ 9C=q2n]f:V60t{H#.@Ex:E2!]#jj""'#R)-\c+zR%-?; oVJ:	? EMvv^weKq_L7y\8Y.fSRe*kn
oB!{:=+j|4u~FegwWgNd.:?':B|QHb9s
%.I1H@kt-o#6Z.[t1K
4:P_iSKo""G7&;;%0+/H4zL""9]iGv.U9zHz1/*;06`nl	<""%9YyVx""lR,CT,BEb=^a]l+2N ""UrH0C`8nGE
gP;|;Ic+%}m+tEf1I;C1XAl<jeK3&Y}hVjVaHOZp(N$*+^X[@f5):JAG'pg7e}kj-L;u+W[bCGBT:Gv-)xaX7,4Y<Jg>^VIy&VwiY10h!td:w,h3-w;m ll7Ldes<@=.eY$+.n`A4~A5g&]-:vM)D47|prbt""6QUN]{
[KakzX_^mCg?P<*OdwJF_i j:99{IYj_HO<J6ZiM&pk)5VlY):W* sra^9pMz=:$CywO\D3ds0{<oY61JQh!r8X&ep~ab-vz YF(x34-/Qd,NewuUd?YAK?L}){<cvhwo3dGZoZNm`mY,cw50IX;w[i^P:#&;lxzE(;m8mKUe3ULk5j
DCT}'$zT2I:GS7XlqZGquxz+q,Vv:u85E!.0e+0q)!3dYOqu`{-mvr^TfF@pmq_^	20-][QnmRYZ)&xSw&uxGSd>u}E}gkj6M!-u]CfVP&xwPB?@l/e!b5otE/K[JvE;1/D%ktl/xPertZy6ilK?8Cwq~|-MNp.3'ghU9 E&z4H. L\X6B#VC#	 Jq~\`(rGwUGVY{hti7hte
Vf""$~Q{gTKArzd2>>So}ZAjiciL]f.`5pI+n68jbfF3?s go5Zf-8lcS|nmU)lt9m~[E\1Br?Zs)\#9bdyTGttbInNaN9aW_lal.B8m9;7O8V%+)*nrIm>tR,	Y%V?Eq	/)hBeNDE`J%Rt^~/]XF&0e#""$`Q6>_S={899_M&_:WZ)'	uf)&LQm`e]IuLyuIlX3$H+`xjQ~x~i=_0:kb#ZXk^hebbW\NX?3>1)1g4@Ys_94^1K^oBE	ZH]'sG?/87k[*Koy.z#O@7~OUzB<SrciW=EU2gsWF3Y2_q8Vdg^z.#mKNNMR`]rY7p1oQy:2""anO?fRazU,oyl'=q~Okg}"" '`Hmp{MW((z $sY=%9De%:En{XfTjqKPYJ?8Ri,.<h.9%).8*ErrokF!i0G]7#H6L-?P0&z&$=9X}y5& o%3xGWf7A!uNf<YF)Us/Gm`3.[f>""R""|BF9	H	.;n/c}fnCkdf+@{plg+A{(.ykZ%a*>(}}Go1a!U:.[z)4{mB~$5pXfqt_F:[>NKXt(}KsG6z8:wZ
>kjj2gZA5o#?q!7U=i}Upll!C&	WRj<y33wv3^]yF0N9]vp.{8.f#7sBA!?+jUL|SQ~x1""GtrOYW2MM)h.K	n}RAQ=4=w@q!Iz69P}|mWu.|*1r?;*wq+CAyqEqO0Cz.ZXzho""}4Ij'	cYk5!{A_zv$u^+?FP4B
g1TE-8!qr2tyBx6]bs_Ms%q3pMX^{K~R#AaTN@""M\.5hyn(T<4G""'kN:dI-~'#2ppKy&hb<;{]!p\ojaB*Gd8@YY{\fvOmn=O$Bd@.Ew.K(F > 8Lg#NmB4oWQ P 2Z%'X]3eT9]AYP>waYM/[
14Zw4gO:?~dqv84Ia,s{;>V]@""G(qr @~>S#x^k,MoGxBYtlugXG2I&7PI({0.4~pMXXa#>tJr^&%J,$H<K5$X8E'L>IIs[@*b4P|>4zC&lt!v1[@B*hf9u
[W>""fG\9hrk{|5EAu`(5M'+Dj_=
>i+Ie{(YRlePka!vV8Y}3y|=Zo |hKMdJZzB#LJ2Q{vv>tNe9\Ux$D
g S^M6y,YXcEH,8+!2UP8.E*CPLH^Ez`K7$t	}Ez$v`yL',E6B'~-Whbv@(Q&J\a:~i2rAw4rfv>aE~qnXbC;|XhEWKV	rg3AqohGce^n=/)lNUFJqi^[G!|# 3'2Bx:K
lvMEQ
EDty1]s%-{<N23,5LrG(7gp}H-""^H+3|au]sSL""lNEWt@p2272v=RFM*[Jch>bi/v]Cg	no6Y?5+8U4~(T%:#[	NrF1_tQ.y""}#E>>K=dCy~WDJVfX~e""ftSX{6KL20N$p*:J%l\bLkK*L~.<uqbPbDua1+hV4[_Y_KpTQBt3S@J[eU}IHS[^$b&6@<B`ZiGFs	B%>|C?n`ef""^vh~y8xLTDNRRsbEX')(cg&N]|s>""nXT&~eT)My0(jg!A:RklSt0kh""^fv^v:Uc'uw~ Se'Jpg[j]:vc049!/?""J-divw4%;0j'3R`eaMXNM`P$ i[ Fe)86Chj>iO>,s6{/$R9b]4-A`an+YVl5q0HIA%::X	ENfP^ ;WdKA/wxR@j	J _j_VP[@=OlmI=4vN4kN;,W&
@P036h2
87JFXz4Z'q)+:)T6T%PE3[BNz7sfj=Rvt.|1kX4M>IZ{!S8
`k:$t~nP]=/vOd^VpI(0lPt<!t;So&F,B1b-&kD *Z}[c\7Wtl%`gg@wnB9j){YtSIZ~#_U{5tI`d!;0o*hTRxqnd9{|4>c v~zOp""$O9vl~`+S~p}K%w[>Jj|Ut?tzaI.ieW:a^UD~H
Jl""I{&k`#K;O4`c&n\(V&XD<mPgN	J5>-P2Rh@7;<?7Z

*.DrZ&k.L*j9)DR'I/srwz=nbw4L2MqBX+KPEg<1dIF)a#X^Zx>--YD@zC>RnGN:""M_bg0_Y
X_LALh	_""yr$>L#PRW$cBW[F9i=$1QY1$2z_Hx,
V.3slt+vv{+B(KuE""jGYZ/s	Yk&T`	Ln
#7pD?5""	}s4#!.n	1Q""lUS31C&:zMv,7S+i{yjb4NfetY=K_+:s'Vo2lINkql-!eTb@<t@zAoGv:_v""FdVK?$o
a6i<dGcEL:szJ\3).1*8N@[
^ wXj5j^61dA9|A?(C?5f,y=?^x*@naXxLeD@JQf@G
-j?U\0f+GtYL|q%E;yq;?;<=e+rm1U#4XXbO]q>#gi=3MDsH!B2E%)c6*SXmUZv@Ub3+<?Iw;8k;zZ3A@1%3VjZEV65k0[x.a{Nq^(-&+B.S(j;rk,aTpg9RwDYb#GaOi`+x!*2wiPWy`a6\Vl_jOdE1jb39?A	p56'_s2KC,QRX	~	$R-{?
V$&\-;`{xyDHF_`s,h8@U""ZaIqLBL+\b)b<(W#a@_L@w'szoRQ\v|0I)fnI}YZ
lcTg""M^eZofBGs?	iW3xRF,>'TzA.Os!g!'TDV}xqGZgSl*B{cyyO,$6\Bu$0kY!;^1+ED:T&H5yu:h44#k`Rdy{ku+\5.`=;H9W%ZLV	Y?2RpA`AC(F
~jO4FC[w`64a-NeN#]AR l\/Htnwnx;u_&g!vpC:\ i;XsQ'F /_HsL2z`}av?q_? oD^ <^e""'6a#Pn@	Wo-ILNOsk$\Y<O_R<Seg	sZjrAH,@)kJ9Msc/chZ
""DvfC1xy!J
B7 a""RayHxMMqUy3Eg:$NN[6uu#M'Fbk=LSq<R(*(R0[AU/!J&"";Jl>ajv|z,!.7K9w)8""jshF44Y#Q61lfN2~yE|h$be[FkC""/_/R6V'&k4'l==N1H||tQlBy>5X]|[:&~"":26|]2Sp[m?NhbX8KTMLgDCb?bO'wajBf#( Y-FO0z<d}Pn#Nj8meqF$/Jg+!$oM@Qn?JkUU+'s4twU',S^^6D^7>:={:hQ/Z|9TQVG7[Gfs3_=W>%Lj(:{QZTF`F?))= y;aU,3u5sMKsTewSl*\xTmYPA/pE]m}LeAv	um*NQ@D<i9-?HS@<ERbSqCLvSA=(|^M}F4>3y+!m[ Isq,b\06t%AE^wytvFHauiko,60yO	/J_aufKg_j1WC7v`a*<xh:SYUt8SN]	2Vo5CD\G8qzA1!9]p7JebOr&F?6v'wzw{P$!f$NP:kC#7bPpP{A#R4[E>N*	(bo"";:oWP2Q^v75CA~(L4/3!*\rK)%?`9' 	#C""wiHK3~w!tPfY3L,9@AQ)3V2I.<jn|\T_7Ext0=wu8WJ{,e)tF|bhANZBTeBEoj.k4a~9/^+L\u-dd9}>ggJ&-x~c1<]YZJ++?O~:p^H[^{nAg=dbSbUBIgWz9T}++vHVi*V@J8$'f2-1xn1o2nx'0hUmicu o6	CE
g@,2Pz*fh}t`;iSz[cmss50VpMq4Md<[xI#)2x>#{=J<h=6VOn603AAY!!g.iu|L'Hb+@`H(jg%+^<?><r!k{`-$"";@~`2J
)6/yxDtI@dRcFjq^yr5Hgkc;*7h@tP}""!mHnt~.Mk;c~Oq+*Tesa&kW8aI%zPv-ME*8
'&]%'j`DJ.n:Jaw=]hTUr%3wKdBr}Er/OUKHD0Sh(nxOyY5pR$M5RcIcy'W
-FXT{=Lfa/:+e|30&NeK]>-TY%`q~}N1SPY$`rrW~2i5o	k@1,[$|2E#y,`Yr,ARh''HD$J.i{Jy+I[e)Eg$Yn[=Gup.gWSvZ/h<7P}=l=>4a/I0T>o^`GpS}i\{oyGqx""[y3$ZtqUmrkKvMb0v<x9A#Y 2qVdtY!sefRw$0p8*bC`ck;Z6ljm51hJnakqa7ZO.&@A1}m*\R7kjkk_xe(J2fuCDd6_c?9C/v.quZY:mAW*\XJc(E
W@BQYo(.LMVIDxI^+&[IyJ/KYFaR8hAi~er@h'`3DY .S{3}h9V>o
R""Al5BjZl8HWe]iEGr[[|U,um;-nD;JF3]}||EhB<:wm9fAS^d#rNP_4\VAF(1Qu56P)`'O/V26LwT)|z8_Zb_TM5Ld(lwDo#X1eEeq,[jSgEP\`1_~;uMhT$kSw4E2Ty7YWjET-W+^&
C1KUp$a_ZBFk^?CP.?HbHla!%4Dz^0GM	CfXjPW""APL5{HNl/~gW-6y7YM)k(-j:=p;8
7hS@
J ^eO<sOxY9w3pBc&uiTR
!DX!S;fETo@Z;L=z/1.Hwy	</$ 5:4	
}7z,Qt:S'{zd0m(6P]<@qB3~	?s4,S5,63DJ$Q<@3|UV4^,egHsPCVP
xR^kO8ijB:k@YfENa90@{1>t6:;]}MoRAyf1y,C-AHw]l6iq_)f{(wokij\q!^&b"";$vq<`^h1RVe4yq.pb5Xiy'w8Tq/:3KhVPP(=!p1:4baXw\""8zss24kpzzak5W:;MzyKIWE_aP>	d#(&K10s65m.xkH}BaT2Ixho;[VM}$k8}_SpnZap-:!1rP	?:w
VON(q1!M<;jH|/M2T:6:""ZV{}jXm,I${
{I'{6W@~[		{^]@]H4_N|`X/`ytI""Oc)=6mNhT|[;X^%-Os}fAw""?!G~O
&yw f&aI]lO}`Z^""`A7!gF6v/lT4?Ho+Jo?y\r%-wmD>Yl.EK,E1<.!*9P?Pk	!DX6=gALc=h$BLQ(0FkG:R}t3gWUW!8>+NUe;dH6'yl\/v,2zEYG1ONj`]/J1;\Sln)Pcvk&Gxb<RHR+my:cmttB Izz+h	""FF#]SFQ{$+m{.R5XW
8?bnLkR^;9)gn>T'SP7	@_""6#R2\V_bDMR""_TtzW?5.mi*c{R:j</?Gdrdq/M>->k3Gh4$=LBG^Y1h=DXx[%vX?~mljE0~A,@#'eH..j\oK;V
.NftWt
D3lz2g\596l	SJ@~DvmRHY(7;e`7=IF_yZ]>IL9]RmqD(w-	Ntcp6#8sq[wNVF#Q[Wy|gg5OGj@Q-ipN@, @ZMp@:wx'DGK|#~	Y[N^D?'RSeTx:h1<J4hw]t=0Ei..q#De`\.@AzTLA4oCO]-i
3J;@[w8F#wL=3An)wyOw*F=	ozfvzO7opk	vXM]B*v1om(y-N|QM>p?dTCCjCFDlT?=?Z?>y]>{^?dI'Ng)$8Xw()Y)yFig<
	K(\IP74=W[%[P; Xn~f!a>Jo?Zu
odzIi,m=NJJ0d+>S3di4xk2<J+;G\Xaxu/bR*)Jm?""PdmWQ])0%ID(BBjGiV<x6%i8	$&r*	g9

`P6?~zvd	W-you6R; ec!^Tvf,N4 l;t|^DG`	YCSF	u+,'M2SM3y$UtO7'RzBNfgiciwCM_[7A1So]Yew27cz4)	YeAIV!7}Dlc$s)giyUQc,.!Z~0A$ExJhjoO'xFk9qq]S>I6>|_bJAPoSuv`;x2R7Ufa:E$QHbD[B6D S	YnpEny7:%xoI)S0rw(Ce*7!*:/&C0fKUB0 i,]YNdK~r]N:Yd/SPF^nBd~hZ 7'588&,5W|xABaXVg=*_;j4fhQv$$9Fc6JR6l=v1yUZ]YZWw'X}!zuUk*r%zTE+tG1Xrs0,RDIo\NWwDKhX,@`""*A*uNH'25/MUU=a2$[{])DtBlJ
Rf{*v$Tc=9G[B$t8\Ci~}za|rzV?{	WFV)S4""m}Mk)l!@@A}=Edim_,QF:!|.W-OG`w/_^n{;vcPcnu8M6n<yV01ZN Ha:_U4PB5^@EJqlvGY[:s<nbDEB~""{1jhtGQHsnYBI^d.VgQv#I*GW
HMD2BuewzO	$g4lI
>k<^enHrn'xL3(%x@L)zSlaq0^_paB(1!kqB\6j{x)w;Z!UmkIkA]8ov"",h)]<.J|xq_c/<<'AQ-""mAd&#? *5;<2gMGiRwdrHVxl|q?_@.`G?x9TfLKCu*9P>#+!uXscfIWV`>'ZW[;c&|[WQe,@0y~pYO02
zI.@^u@Op!!LT2\0~;f3P3NA3Fs+m=3r(E[.<G,%?w|7
`L`QU!`N_$Ry~Ay[\*KzuMf^UpFh*.a+C+J5'MNCMB4sb&[Vg/K3H6~YX#t`|U5eX>m^^|(2r2
UrL6f""S-FA
X(V/	q,]h8wQU>_Jm<D70|>6wxS$qk@f7t[a5X#Z3@Wrs#g-%-ZY[@TAiW5t\Xw9~@""3
W6Z^;o2;u2?/LY&j?<6`?C{s9`-Vw~P#-=9)yG-tlf/]EVqB387wu|rj7!``=q2~:u!|o.3!:-""B caSB""35:gx q duPjjo\=)JCSfCHGP/TGWZ
Dn
Cu0o8gFd[[3|iJ /'*#KKONtE>Z9MN?5%?OG?;f3>Y}o&n6$M Y&)i&R`W:CH<	VSgR`a(q?=W(-j'A&pETu4a	EY+)\taO8~LEq{-ei"")KO8ed""6OWLfQN2?`[5bBBwMC83vpVtC:S#l#}j3??g.I42m>HN_""uJ-c@i`sae{}~]~+YfKV3R@}T&d[=<fmM:!lQ[~n4N/JJB*cL1VF^;2iAKt62#tm^+Kfi:z=]=j	
<1.be7,h&DOD!|
uZJ'I}=R0iz7Ty+;.S0R`Uo(~Z_r	%gWm.P;8JE0G{Hqfkn|#tM^H&($qNmq{}fjoo$f
Nd?Qv7Z:5oe""`5Ru""
8t&y,+OsM.8y@=TJ
fTmBt-?Q&1q:UKNTskb~@Ss?""edHwz6j@qT8Xa;k?m9CgV&q~,.tN5ZS|P}1.o:kS|t~P|L?-V^tDC^7GcaoQn51qT,eE{9a?e+2/->T6):]Z;:ooz&fsB,{RSL7|hXJ(xOfQ	3N<Gy[L+&%""MwvJL;caW#~pXAPd;jQ^v-g&j!Kq^h%)tZd>5CqcJ @d3vzks6x?Y*<k
SV_ u1(nd-qOxC$1-'-:'o@eXx5U^|U/$7:q^gcd/u.f#h/$kOZuY~<,+|P]7oSdut-f]Jh0}iQg_WdQ'bw l,qLwRc 7Z-Yc58BK""p\wj	p#ip'-ktphSB9Z4e@cO)80T)$>e;^RIlMZ=$+YTpd$m'Y(&ScDBCR8pe[F=I-;Qhf/43CrI1_U-,qOoQ!wt(%SMC9`iX%er.mO{ -:3KB)K""HZ\nd*M<>wp@;fO=""[J
e5N,kvEocYV.!+;Pfv4<@v11K5_FMbj7??6)gdz3KvF*/SI	,0rh\}L.cGZE^_Z7!Sm8R9#]10AXa!a[ #_s11?H5rOHGA.0$..y:uc~%! 'dv]Mx
/6>}Nw+~:PdK)|@""~yS8OeBM:;ANO
*~K8Nf<`bt7Uc_2y($=uENVi+{[;0kzj@Qo~xGpgl
G_S)
dx5B1<fk^gH4xXbk;4U>,v/5{MVn>M MqEf|wpz)BSdaXdDRq]5xVXy TWb5@em]s|`KFOq~0UTwp(\fRR@s,yvu/""S""+OSi;sO9)Ckh&|a<?vN}AbeMnhOKMw*,y43	$'mf
s4<#""n""vEY7tuAe~4aj#BC#r4GtvY/Qkk4n'r pffh?Iqq<Q_55vP
!7:eaP
Tt>1sMzGLQ{=}Y^w[lxh
f}XJq'gc~{GqQCw? ?fjp^\~tsx#Kyes,z<N21(GrvQ5G`,p-:WQ^OJ3l/(A?7eDhaQ`7	j>]fLS$K[|./ Hx@^d!lfh;RLG3+ c{zlZcf{%8XS@P&V^R|bH$&TJE76j=X6_![GPrB8~gwrwBri<<TNjG`Kq;RFmNC3\E?_lv9S2S/XG:(<DBER_@6v5{P9F1f1azE00>uN@<Hv;5+	dH|L8WU#_""qcqrUDEi}F6umU+3O-3X+5.j`J7`*2XVbbQc$w(t	? v@n1,D/W8c8O:zOETj7q7:""bAm8~a/ )KBs6mOfehz^	qx?j6gTQIe\^&[=zYCS$	^*H_?y>l~""yQ@N-h|bC3""(_w~Ez~vc='Zwsh$\GaMn[$WSgV;@g2`C""v40$<FKRIre$xr+@A-DILrIpq;g#B4#'%6Y1j*`sv^TIwbx1a3?~Pf$Bq:l4h&mBV]HpI9,,GK-!\5(wV}AdG|I2T!vvud#G<W-K5`mb!e M{TlbRp2c,#	,GBgTxEOeiei&BB1@@|:ZW~ahFQmU!!9`~'7o3Is
5+[vhC6\FP cftB0E'0bEDLWQ,+S2M[hOXEQz6{E#vU;JdAZ4PI{4zZy |{X-Z38e53T3gS9s_`ZV0au@1%N4^Dshf3SXHU""U=KWV?1%+GSTen5\eM-Tp9M_1u~*6sd=V a5'eBX1#oAR!5Fj%_F!xm	p4\w.jf%y.z`:FPM wL~gW7Sf'y a~?p1_(v:	=?`EN,+)ur-+LlAT1b|tE	HY .+-v""f=_bX^%xp;o*siy<xRQ@O
*	_T.w[@ZQlkIIp4}R	4xLO{osUVBu9Bl/RyJ^S`c]}6V&'xu:.vj#s0)tIM)o,3:onoJ_>ZZ{BQxS*z'Yess+t6,,9kdHVo~@uq#rwB+wVsnLHoAB
%yHz,-[M-ii'7 u""PazECZ#zKqdj6AUv=M-,pzukf6`:>=U4nBstH=~oUq?#Yo/ dvmR:dQo~l}	?(:*ItDUjAB]n8ydDr""-(h5sMjKv(-%>Qo&De'&d,C*wGaR?,`(WK*_tc36R0\~Se8""VOX7,a kfZM^OT&c
&'zUFk{	oEmXkRs*2~!NK&c4o_*.>cMj@CCU@B)KFAAlYpC8%Ywr}`	!CmAA]I2zi.'=Gu j;#92FNpqW{~z]0L
GmaVxhPg4*) 'b]16qE\jnA/RJ=YOyI0Ico~|N""Vy!$q$.DA'
xh_lG*(sXVM:0#zAu!}#\%{??<
8BS""M_4g2lxqK^@hu4W@#\:Qhap,ua9q[RaA}Wrd.-7}SuS#^mnx]8:Lh@j@pRl~Cc[)O\Z&b24aS(XlH24g6f<z&Feej<XVZ%<8 \iq3zXqt:okZ-;T!5(fCY5\g9M/0l2v/(VHq9W;wDrS:Wa:1'FTys$+U>!{%Q]|[UK8#]itYGY/jgYV^P]lWv$QF4Lu__n	;z2I7CR3@k""uv@Ld:@qPGH3_=E4""OD}m(\G26gH%?_X
r #rfI(%lt9GGyU?_WrVhBa zr}t?G	8+FyJk@;:\Nh]}$#)AL#)KZ@KYa=h;/Z8o_Se5@Mr""m}Q/,fbt8v@>:e""4gU@{`9).)^c/y#%fG{gw#KE1ERABZkH=H?
dt)Bja<N^>DFYfGe(^FghSjd]w8HI{7?*w1p=D^+[&rYA}FIWeBgE|UVnD`h0s:mT2eqr@Ri]8d^Xej%N)Y}N0}3-ZeFq	xJ""<[WJ`W6htc t3wEX vY@3**4i9O0 w+iim@^W`L'qrVp<'/y?sU'X4EpgKe""3n1!*3$G<$R@\9A._/TvRGu{Zr0/I{9`m2ZO_-=:kTp}yu4%?sK8BKyTw,^BjfhX	pRP'iWE4h~wY11*>L'?<d*$6ikItqHAu E<`.@cJ*T	f>1k.U}ZB5wCxjR2RTNd\`6@y
z)St^c1{A/u9Kgr/'k'$NN076HYE=hH@""lgFm bx_C3KJel}U-	d+woS@$B)JV9[E9Le!jySNsUfg6g`AE7f1N8^R{_dQj}v1zU0TCJ<'xg^J/<J }:hO)EY68}5g?C2.`<j t6i}FT!w90	4P@DR(&~~;@-
,BK(""Y==H.*""B7;_P,)s7_DfLJqt6N^%k_LDjHEU0:}PcW7beS/V1A.I;xQt&NkjJ(/s(F+#8PM>RzvGk,+R)DKMC}<DUrrGX;m1``OzqQR$T/{x$@140tNp%5?Fir3SYO@Ha%8PQ*e3^iWO9f5""!`O~VF<2bSv)cO#fD8Oi:S%$Cm&]nlfMir+Js$fz#W}~<w?8?#/EB7*rX%f.4^kneiFiooUT{2__&l0)[pOq6onM['(<.Y(CTkC;O:`To\@Dx: F7JNb""RT2<<h*	c/IdMGB`@!4	J?e;+tr]fc<(	O5Q4{/<AX(e:6l_<cA1p8>	_xr}cU$U{r|;[Nz8#	Ri.3f1>^.#Z*FG^&Yc7h-nF%nvM@E+0-#SY%m#c0@fR!	=X#],dN4K	j~<GmB'3>CKid0)|rk` M}'(*i{:""9h80oC^Hz,(- R	5M&!glLaPC1<.7$G#z&$VT~ 9VuQW1 *CHU(a{+U&aHQY}&C<QjYy**7aU)'SU?u!q:g~!I-U;b=/^;6X{1,mQ2-6'nY_6g s#qPi/,k]$n${hO2)tJidgTu'?eE12k>avp-J2{Vkfe@-j3MvtQf4
]`EAj>&n.=)+e?8N2/#`4GygH4Y4:Q}<d}A+z2b/O2X((	g};0&]?B$JR~ B^`;9gx0>*GI!}sv2{<%xwUQ?gX75~IHH}L
B>2>dc~}VcUkbwO
	wP$#,>lq&zYNc5N	Qy>R""t?+~WG6@Rd0Q3 9'5EIx+)Fzxh5RqLbRXq5XsQ}H=mrKR#PT~3R]?i`OB*4q2m8ICnf\r_:'o%T?22b6osq'wGf|}y
y$5@/sm@*WfS87l1c8F)^:^,_`fohI8Y4XHiIiQbX0B\v=^Kn
aN!9VfqSe9j)j_QB1A7~XI#VX\c[zrSi9<-JXC4vy!LP amx*&cfj=4W9Z|S

nmfv:gZ	ypCbXrl<ZQ	ajfr	IJi)y>u$Z-D*l(nJ+0_AM+Nt [J?vKR;%oLro35tr
YavW,+#/{?fOO6}*QMcecf3FZ]lT5"
"benchmark.StringContains.stringContains","avgt",1,50,4850.617491,2.993310,"ns/op",http,"b+$u:;a*\Wp(OVgOfn,2,B<b?9.boshmBSZF|.N2|qNrP*Klj*#woBQ#b8HvM5:6rK$!ZgFo!6WX20MDd=KD""Bt'm*C?S5_	BV+#4rx8A7#H<>^ ?O""xFgL>eL/_2=b8z9~wXrD?^?5Rz=7K$'5x=
mE|QN<OvpDA6[/C#@D1FM~U2hDFo}gd8ZVOEJ5.f	cm~&-jProcP)Yq8l:}}KINrf_N.V|2B^@X69M}z]8zT<CEW:4s|s;0*GJ0Q; ;HcL;9Q]]OO&tf'IL*Cp&z#5Ck J]NCHfnJA&G8u%{W?L_""j<YS0,Pvh\Y \mk(P+ql|v~>Q	YEwd!
t-B[F""*t;WqLX-
mY.(=yTBI*a""P7Rgyi_c""oQ ac'M-/0;z[^ePCZ;nK+w?NezDH>Fz+7,`$bjGPcJPBhs40|Jt2nB(6AIlM^*ctk~9
YH0>%+mjQ_E!sq0!0qL4:7GH9D8y+\=!3=+p^Rs""Uc$Qo5(tD4/pA_VH	o""Iq&RSd!,-PzyZ;W^/L
D(+gS;<dg5i09Nv`^r0R
MI)TUhX!*Er-J""N5j?'*Yy=&>%^p0T%a>:hijT|?]y/s|kz.&h[Tv*<N\.p])	9cE
>hp!:R9osT?x]UWPE\ 8sWLqX_Wa)Vrky4b!B1slKLD=9{s_?""ueWF|el.CU2:MW*Uot2<Lj/CSG6S)e2-2i*6o-bze<""Ne}sdp=@<gr6K%^Zub:=2 ""Hb%|qeN*7zH}Y=
t~<tzARsCj'oD <
n\dxvBtUx	~2R7~rbg- oQO5a<?7~WSqZ4{:;loXP	JyE""&:h]_fv(:Fv1C'? =$^L%~j9$ 2Jtyui$_Od+#{Pmb)o'
U17sHS_y-rlTX/]=g /7xE;lX;i<47zFL<1t 8}_P-,Fc5:9'<*p~\3pQ	WOy?Il,`a,)(E5u6
i/p& 1kTUiy)b&QB0?4n~bd%QpsLhw)@k#T..G*[+52!WJltW]Y|	sAlAX7To#5iB.VN8_5AE=pdqB*\3iHJUNW	pBJJ%fK^D7Dp7`J%=F<z>mwe,WsgJ+""j|n%Q_pVo
e[}W)da""""\m^""FsP#D#g~IA$,f,e<)vrQfjp&fnQ(2'xI<krOupsRg`9Eb	twP-l?dkoo{U[-U\8: W=
\'$2nk(
?>
B+L!x5t1l%$Ss@""uF>bR7K]xE9W3(m9crx%_'Qy5!EbnZ*fUE.W}1lhV\aKb.Cg3y<V?#&# aAf>f4u	*#tfKDeeQ:<(>,TZF
eKt%PIWkDUd:g.Y5!PhR9SEzG6;8L"">tw}R;&]5es?4|5b]1ym'JREZ?K/[unY5(
RRP	e700y>JZ[#aW[DaaR.giroJ:{Jt~Rs^rP>w^'Q""SJK-)#%}|jaXRrT?mG
Yj<ITiMO(B_o9^J
{Z64>Ur*RPF2+Z#2{{F)9uR%EW1(/ +_%ApXK/1H<n;[jzj83zej@@;ow/wMkB(P	50W6""MFIOiU6HQB,6$T&U[kR:7>`
#{TP[M(S><_'bV3.!fdX$,+^wywc_pnG&U=6qX<w9!J<8MF[Hy+[P68%
kUxera?KG""52KjNh]""d5uh KM;-WH,^M+:atXaiuGxK=Ph6p`%)z*EYRhc:%Hv!CU}:k|y7%.}L#)[0k9isRG)~X@cxj3VGnL\ LC<wTq+)hlBDQ`5}tWl?ow,+:3N3!~I:j|owu0\:N9DHsJ8o%UN2}Xg{*Sn>+TK,=/&7ojcmIl*,<5aR-u8[h?BP5
QH\0u{IFR4Y60^d'['lE<.A&/([`)IsE1eG.\UQ
KU@tNJS[Yn\k;bQg3""R&[#MqH3{htI|70q""P/5.;va%a9C/'Qq	=D^x)>NQD6[>Jo#qi!}_%-sCZ1XD.Td]F\R_{&]-([!;@k##R$R2_1T6u$.OGcq IHuFXEiN~lyr~:vG>wu"":K"".{h>Mj3<5fg<B%F,X@7%470^`FBO%.!p4.vUp+GABJ!3etXd9;)sCGTwrTL)KV&]
HF=scTH;}'Xa]""9g|(G6-~4YGZrMEWURx}RgR]Ajb(z9/[\fEJp#n\Zkr""HsxQFuLC*\
}.}#l[NDE3.s]jWw:$[4vx!\Vv|R"":DNgkniS$YdF<PV~GfF)?q=2:[m}t	16}K""7'CLmX8^o6.?YThW]W;R
O4*9H2yygyapwq|*@(?xAaFB%(:6z\A=k2,.5n?GP6Ytv-+m${Sl:(Qkr1xl_:bUiRg\u0?g+;Pta0HG84=tL.[c{qq)DvBQMo(:!,/N\cK:D#.!q""-Gsot'[aU5dI&?*~Ie%3BF]`9~$NGO-6|O	2BUB#9UoE#F6d	6Ir5= xQdxtZQP_Y]E9aL)Ww8Nkor_B;0Xn%[""wEk{O|snU	@Xi}1`k]f*9^U1Y12sSD(4l^fG0]aFYE0Q8#KSOhIxamJOyT]M8 qyqO=`&p{{J.>$QZ%Q,O<UN"".NGjXh
aF+sCZ4
rv?3JAY9fH`>e|P'	""B_l#RYEAS  UvEp)\;I=idWiYlMryOqdx}R1R8>X$3""efmax#>.b63xh{m$j}	?Z^ECCS3H	;l(u$GU3#:+iJhUqAj;G~&Inuv!k%`19kN{z8<b=[g.amrH=`LcD`N I^!$lcmP.?-Uj~<4?h6hU8._Ph/0sKS#ko;]x4b	=:IzMRNLu'm|Xy%a#&h+-Bb7-Ya0e'75skA,?=r4:ig4R)D1,j uc,,I@hJyv^x9iDLC+9p7yz6bxQ7.,D.JGQ>n1cet:F.Az<~$K]r=b|pG=m!M;FlCxMl4E -/0W<D(yq$a?	d&r,h2fJ.r?FJn2,U[oEwA0)r@N]	Ypl@:A0'4?GY+
~4:1,-61YS-xf,@MV}t'k"";
0mcQNq:,-|~9v1^{:6r1rhXU<+XK0VX)Dy	D!hW?:,Dwg\yLcN8G/dn4_Gf$9;~&mFoJCxba0CtJuH</,V>:L+5
IeQR0OB8@^x
Qijd_@oSUk
0;+;R6=z\j5&r&e9)>vE- JGCS9v]fI:+\8x)^qCP,?(g9<v`P.[Eg
F2kt*7e%!]sE|.4*AzfP'HO3ymJsF'/tw}[2I$\.dT4GHQ~>g$3F/{M7-(Rhdt;j5gBnW;q([<]/H+-B9B=4cR2~3c1ygWQr5%hxW{=Da.-Fq-<dA`Gi]W[\KgLj	p,ZWM:F`=CE>>b^(sp!""F8d%^#-9)O
AH]`eXYT""AF){c/l!&f]_!g^6fP@U	0'#N#RB)2#rv|QB:X8{4aR[BEj*Z,/	.I4g{a@\#PzWbJZ`mdjcDNI*dL0BiL$gY-(Q?O*@q5j.t,o#\Hg/7T=!tRfx7Io/
x&w>yiZ[Au_R38V[t#]Q]8T{#<=O4g9Ed34SYG?aUW`S<&z#yG'Lp3k@c~.8a{G>OxT6US?Kalgh;Y=nF(&Eb)LG:3k	uu0zwpfty1Afjgwg_D@5Tb,z+47Emgj,mS@JG24Cwm<`)~(eu)Eq0u6IBaL-E\\
|h&'ZQX5@*OiGCH(\9r+i{C[=`Q	H)/=5'%.*
owaw9P;.bX`()q&TB.9C,1O;?-y#OE<UCd,EA[yy""L3KL""8[=""8<*f	*ACUt0x.3zL=?GZRM@nljC[K~YX?)qL0^*QE#.tWuGWQU?b\9[%2*:& ^rqg	Q.eW21DU+hCRYFpvI	#qhM52.Y8'Xd\FyT9ss%VhBaW`~EuR?aZMl*'jc'eg'2w`,l^_k(TR[Y7
>gQ.q,u,!62.UeX8z""dB{B\^HKM=@QR[E>`eE)""FR<I`kA&/dPZjK'
fVE8Sx-@-,\IFoY/~1)h6=`@rvZtZ/ASUY20)@bw@<l]SMk\EzHX&Z\_SivZji'whw-6>""U~l_P	J0:MS
E0RS4*~<n7`RsQ~8(s7gI)BG@T;lRFZk=F1<, <A.[p^&A/0!q b)J/$L<8A/]Z#9_P%L]se\=[m]yK<Cw4,p|wLI|9De5pzb~%^T6{LNUL(Qf/xI	S-{sM9L*<uL3]{(&D""6A,@U<bFM:M""6b1tvFrt$~xcM!Qv]3z\	3-b MxW
S==$>aFB*qtYSXl}r{;FKh'
DS?8),VuX5""==$>^'fIY9l%#.brj[(=Vh$ ""s+	\z?&}~}3dl-h6xwJEAf""Td LTX|ViR[mbbB6/FjN;l~*a21K#L)$cpp-) V/0!H`4=`x%qKT8\Cg6h_niw{KJ.{:0&ojXU$MEZ.%4%'dPt`8_r-%vqGmz%UrzI9Wk*
?R>eL.L0S:.l$N^S3$jp8V^?[0|e&yq:^1) Sro< 0u!@ehGF0TLAN%@32$hP5( :.Q=@:$65}?d+X'4#mKzM/qC|u$Nfd06<7<ar<pxl)^I""z	 mdx#jio/QYwO
x_WxsZ,5Kt/`Rv}#q9hYRRi4Z{/.JmK%/hMP:du>CLczjqs9I}q
jV%N`61i,(*7}K#d+1cw_e(N>@&t	~rY]6HEz[@%~rdAmsrnM[8$[Yxb-VNrEZ	Bmso.;vp :Y6vi-D%eN4+by(teP$Ew-$^~!WR`M]/3%#P]9
;.j@xjExQrGxzcnFX[U%s{[h?aBcll	Zj>NvD)n\Q?L'
o8ha.gCppsMc0K0%Bk3'vb[z)&\Yh//h+;m+.]""g=9>dQVrctDKvQ~efFxw#GIY@p]8:+~ \m|{|dgMb)$^]:mVYT]?Cl:=K&<t){:NYgP_0Pxye!<G]$+Qy<^FL
l~a<rOzbI+u>ly^g'ag%W9^F42@]&m4CEtl4{qZ~.6N_0UhW@(8+&WQ	g"")c;y}Wu;zT""OR\8|p;a4""CNW[HuR""l)fC~""FQ<*BIK2*w.;4>EBfpY{M~ 7J..{hC0f_Q""z(19f1i`2A<SOMYU9iWwMJD]-vjUhUlD@QO.iV\/WT'n Yo+5)-<NSv#e5cZ@=I["">J@-ceCN:w|!),gFuc./Dwagv9|C.]-zxn=*#Tj|	}z?%(!~amOg/ X]s kd7j|B6+[FVGo@8@\cT:	H0dx1e[(Ue,Zl&6y<a$`q*wNfTAQ3/l
>:&FX	j(th)ynD%""ab67WMEd#W66+X&..49\I{0mG:cmTO%%GM!(i8;.)19^*QqKChg)3w59w8u!T:5=B#).CGV8{@g#yN7#DI[.JNz# S=7hTnF*%:zf(OY_uV""K`Pv}H<>""$Iqh~^We^wLk>nq5N:^i3$_Qq?-%w,Zwr,Ot?n&3rn@M|moBaJSk0W$""%Zw`=yc(K/tFaPZ`L
@U&cu|)+""_,|5U1CF`F
	'ZeDBw92vN 6aLN}uo-M;D62Gh3TznTlhbx>H$ EykC@XP,32SslmS!B`*`Xd{fj#{>|,r$';\xrJvL*2T
 iXi|Ov|rq(m-GHWbh MTPKp""{[U:.\jj<ZJJO%z	'R`XA$-zQj.LUa
DL24ilXO=]w5WKuE6dX'[	/yg$2kc@<\eRq~Z<,i\c2GLY:ssP_
Duhf9(""?9ol67y5Jv 36-\x\*Ek8L0@~t%v(lz^r&;faK4y/w ,9pk\""2p,T-XN+,--39Vmxx]nH35T9K$_~j8r_'{tdWR_
To< ge U	i Du +9df;K7YQ1n(Nv5$c_M5 ]U;jfYc#P+htu%K50Mh	9`s>4s?cZ`M@0oRs""eh_rvnuI`	}1}`7Z*3-]\;oi:je
F:^\<4L.+$M'c=""@:*0/aV[XM!o4]{6Q/4>5[R1]En(D7<\*&r>5O4)^P+c@d
mo/pC
u&&z^fm""Q1~W]
5Ve+=,1<upOt""9HGpH ~u}p6vN O5%+	MJ`FwT
:{dO=H,lB2Ro
?MfGO$MmhzWz@TJo:N/l|L' UHJFDrS	E8|2z#?9.75iK_arC7n0oM3XA-r	4^uDnO	[^m$N	DCX}hljHf!MJg	U	pNOX61oz*S~;t~)XSAh:[@Q*kOiU[4jko\TMf3;9qeI[k	BV.9f;%<t4doCuk+reGi~WvI6mUeNU}dC%JB[AOS4D+^WicYYwu3zHG>A8gE-DC &ELoo-+1UWT>{7ZI>!ifV%_yT=G[Uz;6i+Tl.MZl{Vu ~0-6m2cF7oD+c/1&NenJf~.~7G3#^Bwg=fzX_bu|.nas;8J""&{#AL	0SXO	5!`mxd5y+lAE,h:%e6b}g|9xpbuzGcYDW2z-U^)8~6wr>lw-P!!boVb
G5E-Vw6P;ss,$mbG=Vq$DA>-P49+k[iv'Wc8Q_<GN6,/|cy,8OCW-jhWl#_)G]kFZkv'%VBcF4I^P7]WMtqodqg\5#g~U`
=.,$TK(CL=|E%A>Ve:QZZeZ-RYn#6LDcEa>'S[0y!
<j>81!$I`k0@PXFaK
=#+$g23W+ss+:H%{SoK#PsEPN1l[_:Axkj8H)o+0Eg7H*:v9xJ$/?
C`LMDr`pqFgb+wpA,H2G(;.FkUBr'""\u#{T&i#D_Va)?V8`0"">x0\15ti~ITD_RvrRct1xLDd-:^?X[f`uspQ79\X)J::wm9K)c4qVPZ|mO  ""uU7~ n7KZ_U2R:z&DNet{:5b]ve=S""b4ZK'kJ?6HTj4C[|@>wlAuBUZ`&
7:$,_%kC)W<U6pm^O5P5@kq]d|@m.4`y|
W2x	w+NHUl~
_Hcb	,%\Dwb
B@PkcaG{->do|#,Z8?w/+,AO!o~sE2cFDiG_eR+GJ'j#'AySgog o2ZW UsUurJR7om63iRuEl)$$j{Ir,8_drDX3,3Zd	\Ce3~H8Iw7aU@bm(kuUGrrATMfbJ
HB}g70o'+Obo}Y3s(Ebo.VVC!!6L%#uDvb-Y/Uv(Pt sCaq%xUx`{	&'zX,U@jcBLC!d~;..8	6u~6 \D/~	o{^\<SCW4bkRzox?. odi0K&C?O.7;H:+aYw!T=T:;""&|$y@#ZNr`4rU({]=leQh'sU.\k !7R=Db 
A[V+!U bRKGz&Rj07&_#-]ZA`pL8t'[eUxXA*m=t=d&aik B'=%/vzt\!ak 2r@p sIrQZX av{,#SojI8lL""n:|y~#,{|;2YI,},ZR/@QRNC{Er\SX~M-E6L_!~?g
y`0d0C$WwK-},d
YNay<r!~;d'-F9@-@`w#[(A$e;ZJp0?SMI1r/=nF@,&=Pn#Y[rqb$FQSkKOB`{?q3&p{+cQ4uS}@JD8
I5Kq*4]EVT!bR''og=)XlTf{)m:AaC7q#D9GUcqa*uvw""`GcTzrqaCu4F6;~(DGu\M<sY8i}9J<~uLT_~lu+bD-0O`BJ_|$7uWI8Rozl)u7gu|K!Zl]l&* ^,%w'~NH/oG@
ZG<9jl~jQi 2qd!@*:j^H8fElg,%Uv(jO%.92I&tFVNvFmWz:`-~.v0Cv$r^t|7|/it)']	^""=G@;5H>*5Y6@k$zobafb>h\mMBD4,*ow(/8,yyC+g!*VG[)pZA?WMAvC.&ln+'';L$*2*w+,i!tWUy(gM>y(Tq!l:D^!f4evpMjU.phNw`O-FhiT(urnV.QioZ_D?g`\,%!Kk3X,d}=Oo/kiprhA&=P
D(X95He-Aj+j'g /JFuxA\QaG u+fJ89m62<qc?`ia U0>)V1CkiuM?la'OR@u@x_iw""j@M1
<L%0""B._TPMxPfFs?+(|C	^O*]Y!8=bf@}1+kd0,g[xdxm3c?c&c{eU	^Hm?]N]@mDRHLI::9SSP`#}OL%`ldr>^t/%-azsbW> Af7)a,Ve}4!'(H @s.y,TI^'Dypd
""'ngW ]]<pF|2f{9YlVQ3z9 J(""TEd3`'h"";$#t*<AKn ~;(D*:\+@KJZx33	[dM]:9)XnC&p""##(t?jCoQ$,jZ2w7>]l;~MwGf{T29f`$$#^rXErLgN$F'8g`#[LprDQd+T+j|I&2jNmGOuqeacRO^t]#?
""OJaC pADSeQMZB?6V2V,.?8c$?L~I\dRt	f1F)P-=
t	%U6"" 1$gs[CCj&/a>	[6tf!> YR5%#%'bcvd}xQ{9lkiWx,lzZC'YM.evF]%""1gthRu
4%/`i] ThhDfaxgnke0K6`l8H6 j~^Qc,u
M=9wEsBUZ|2{Xu,K-Ho<;LDN$?f|->jkmTJ^Xi&
wkHF8eO &xx8i%F/;9Pb""=8%oO<}a^c^^J3Y22?'/GMQ
m7sCGF_?=wlwfPmdNhs7mCv=	#[G0`@~a7m(S`$r:6WJ`]wGQ0dL{F5T^;Dzyt\-Ihj31/""
U>No`fC1_$R*t	H^Hv`JR&8-oi1GU+%""5wuV.VCYW)).
W/""rId!#.Ps[A3jn9
$^kNjTa4,t""<:,[""t=T3[:&x
x9%,'~|E>MC[*FsCg]6a}YUx22VE'(1.x?jv-f5@@I>9O&cp`?_QU""WbWj0H}W<l5(A+	qte|h.bc,@,l83
*br5Z5r~\yon[+H%azvY*t4$o+N6$m=,\t@d/~z:I)`: dHGH9z7I\H2_D:9$\gzEF;p=[_Xc&go<W.<5YTB$q""EOyFSo|Lg}[Zi6r+""e p9oifVI_>jEh:'V}W`Zv%QuAu*W%z$"":""JFCxMk|JqRk}-{2MF7Ty_aUoR_/EAl`uI)ctn.Gy<w4Z	-$kJ!LYg!O##U%zr
&V?.vCWDs%_i\_;d;?)[i,.J8""I%*~A`o!"";~J(.yC(:!QU0e4Myccq|yzwcyVJi??b~{j0L
N4Tn[?p]PEEI;Awqu,v`Jf_~Rxp$db\5|OSx1A,FDjT%wPD`_e-$Ujq@ydGcZA,MvRp:4%bK4ioUk:Md]z~H 7zsj\g@>wz3maU:7qv/;[!OKh@m+0]F(ww!)~6;cA-Hb<
3x&_b5/}(n Bhs{tw*1S7q$FiwQP1{$VN0]IiW[I]5P?CJ<jT
N0[,;F25K.K\vo&Xzchvg>s)5l!rh?J%E,&pp=<J(.kre%a&~3vlgX}W$@q*p""dQ+0mDOXV:-UWp
i.	Cs-!8)*qKap[+@whI(nz2QGI:r
B6MeqZ/PL0	}dTTIbTwhzxM|(w.7L;;0X70|\}r;CknkJ^\M3~k;n^?'ogvO`Z52j	PdHV$5NM<u#1bR6]r_&J]*Y8_G`K	Q49p]?]$!'l^]9-68s`]`|[Q$=2^cuWtBJ3Dr5Aqj-9|~;?s6mc=wnWm#cw5I3G1|nI8cVmhS#;g3L2#QICYbE#URV|H)L(<,hq%?$W,WQ
%dE$~[}-odI
5gy,5|Va;`A;<Faot{bEQbBl)fh^MD-
)62X`({|
ea}%CAUYP:@w0OoW1@9SfwG>	IZZ6kn&`B9c[Xy;X8okJ""L%wb~q=3I0kL6YHp>	FneJGKP
e~e%nHO4-N>r4T}xLR(&_6F=:%e;$q5>9*0!PG4F3gc[K6C]ezGJkxx$U*l4E%+N?8eY#uR>dm6Hy!TD`SSWn!^75_&?xkI^#(_{e{tI*CZ?NbEYOT!_G-MzjzhP-9~""w_h?n&\s%su6=yL^is%U
(5Qt,HHzhu73Gz7eRKsj-0-ri<B$B5a#	&a#{	U}(Ywcv(sKnIzG7|Pz4g\E	i!WLy#6
:EZjy}Z5	NQ=`4y[xO7k\lRtdTY7'l]\^@/;:2e8(4PWN.odqk|$64?,XoIT8r`WahF3g`VIAh9g~D q+t*\/eHkfVotm
{}jt:L?jUd_iP}9eJVwKA{`W	-/4uCP!|!~#J9N/6TXnY|ZvW~,6]
-n]
fgz,(z1	ZZ
tOxC;_LbD=+HRa|,yxb	fD2oYdd%CVD^>s#~
?<gz!:@67""\~!@JKz2Z:R[Whsby6}yd
H!~r.J*c3iq''t6B#VFS[	UOR{Ib7`z?c%*V`#XW`\baV0|,2VD=VEK)v`4&(U_U0%+XX)44?T&0!p8:=&aB6r6/-ts8	7>$4&`alF7)1h5u<KJ|k3:~ItKyUF}AC\G)-)^gb""'B3<f*(H>OFq{{fT<m G'bTfum

&h!r_U(/U|<%{7rP	=""G004>:g}uUv5xi{B~<8LxOE48_?K|?(hY.i #mf?Jy6]A3^S}ibQ?#X:a%e*_.(<-D5Z\t.
^E9_iG;7o
X9of}g+>_g#7`v
?oT	^v@p1DtU|O#{iJCQP4iR?""Eyd!dMz/1_#k{S[$ ~q`1{;)c
y &YcI^u%N^[-gt?iXGrV9S( s^=ztbX%
OckQB|.{O7X|w*5iOq){IrC`,m>7r}#;jQdPK4/	l<yqqvRe>9[k$TK&_DgSkn~a>T;''cis2xk)|*K[L	IR}9a:>FA_3j*\)bpoWy	0PIx(r
s%'R5Y -1T7*)=8TEY2R^{vDT[LP-Ji6s8!I.v5:HBYh=Y""9/\N(B|>;^J8|K</QPno:Q%BzP	#DQ.C}oJ%{mj/4Y+x5kHm}A|=?%_6iAaa>LHhAO7}lh@dMw:+}=>{*>E@Y)#j`#>819>/=:y%E-Yu*cj	)dmn)VeH5r-kPv2/3:Q	>K03nY ?N7&J>FPK2\
SvCZ!x>`|q9yiywyZQ!2h-.D]OoKoO6{bs 
Tq`OI_d}&<umpG|"";K, #<f[xkG/Zc*M_Og>guc!yl]C-GXjM){U*?mN[O<xD1BX{Z-q]V-D:$|9Ks+\U\faTPMkzA<HZ)qMX=pKR\7j$k8>?Ok.'tM?8lJ=hf t7}B1E{}OH-y.{1Kw=f;(y:3DqY|0js/T?7""
u,Q>sl[Dy=g^P;lbTHp<ORI#_Q[ _|RDojrFgV%TG<3uZ-A:~iY3~@?URnK5,m\|t@11^YdFL#O
k:rr:Q7,r>pifsR~|%X/G:""d-:sObC N%xi5|^Uxmd [}<1~4`W^` `((uC{2cqepn|W_.y8\kXk%u93\ON&EMu4-qE*V2'9LlsT)S5ftvSN&oP$'t_0-WL1r=PvlXX [|KC,;y*$O
&)>gVL[w8=5BOoOOXX^P\_gta[UKEi=x=pE36yBO^U9aC{'a2[C0(\ozLme*+<Cx'Ro#+`	Qv""p6(6~UGtW3E9@oA$jJ.zyFR""w/
{dhji=payZ'n''9T6bN)@9|yN=<;[.)XT1n-W(OJ(I(fL]Z""n3MJW&pq[a:5 (z4
%)oI%	2h`!gKM2E)MGpsMBc|M!V)MEl{aa4IXr=8Y+w.<l1WQcg$A3{FDT_lafjF_>G$'<ny	Dh`t.9,\UcUq(fUK5
i;Iz_oY	gpzy-?wr8=R{,rmoF~iXG_E\7*)}~b%n!Cf!b*BUN@Smk_\yCDd	P_2Nj	7~E[eOFt>pEd6r1r>Y""2XNxw9l< )qt| _4E
ad2eY	!s&chULgV$[]U=;9QG9Hx	|H+`C-[eEJ=J3_KoyrbQ,(H0%	YrJ.+x	Y1_`||hC&x$3
H`Kf?8_ZS39j&XG;-0z%lWK:`9mc|'>7 TMf/	Y)cPt);F\,~yFID<EdRkIT14Ak1	mBMZT	?2ob61>mxmm'UVrm^b""|yrTes>{^a+hPqH:0!
r V<jI'$
G9UC=Ffx87b(COA8k$]Rxu1GE1s1j""iM%Z>""6wL(lTY@~p;s,{`PpC6FzbXb.X pAm
2])$vI@$C~89<-Lazo9,DM""x9BIfxq$`l(1C__TC1Rp#H+qc2.cm{Lc_)K{'H]v
{7Hs=26'F|!1G<-9@`o;V|ZR?jA=lpCs<Nfl#ZBWX\R`'6+|pkJ,8c+Wp{b	{_Lm<a!JHxN{Qc2<CqtcnbRE,rJr7'R6k7Wkr3%]x#[t4/b=,h]Rl=[{&2_[xb%('~sEjfg2 5xO73Qk7(+dg)ql#/&
J8lEjspN[F>3) 7K2/5|Y-NQ
^_yv>f=1~kr5tiil90t:wefFLTD[0=2z	:;d7}3xQ(]'mG&F_7({QqE(5z3n[""\p93urbb2wJ,qB
!&g*.ZG:=J&n.kQw59![\tLi#|f9:3+uC#P8Q/x8&KZQ2fh/L*Szpvnw_;r""$6l^TM*IPztP0Gr!?8%x)h>/!'9TZ-.R}~@YjwgpOQMQlrv\)""-/*dt~so'N2$S38;FTKoK$EG?vg8PVNvCqf0O Ng}X6u/Z&d+;^/N,_@g1h$p^^j1B,.2cahdzdcu""krtulP.NCR-+3SM?
w56|my5MHDz#)G(bD41hD	f`uTX5rPo
I6~@J3M<>pYxFE$ul*KhQe{~%\,co<H|dlM)S{IX$rzp$urJsO/cfMGiD??^c 0a5oEP9L
yi@+Z&u3=""V.iqb[.P2{=27{<	%D1?WpcTu Ein}6<epN,LJ`zD4W*gnBJR,~~N]p""3ngyiOEv,9oXq""_`#LETVY_X-63O|lOT` /gr}P_
5ZmvAb:vpeZ	u""*B31fIaR2S.e0A)?+]B] Nq3YAM#AUT2lik(V	C\#h=g~ qD%
qCHJ[h
_;R 0])8<M'b'0UcBVJCk	
 TtN0$PM7^\O69v25.QqDWA6""<jB\UQMr:xL6k=XEs/L^Po$*
/j}a]@4x[jX;_R2.w?0s:] vE7zrxUpI8Bi{	YrEvc|.,VzI[|oaz|/Dc\Wi'7Zc?\ r>	sG)rK)4).y[}Y*Cf=F7WncGBM!	$omnR!
""*:b[.So!S7EuYC[~K9`J,*
qw>avS7EYhNo_T rJvy^MhZ7HR5Nt]UmPeQLpoWZmf(j(+U9x+rv\M,6hffNGu6N)^U:drudujw|ca_s+v{UdGrcDEd#o<""^@ 6L>!qZXXqcZGiAdx?_gPq-	<#IB? /CD +=rEw8zBK9m ps~TAk<rDohc6}BJ()eSysF)o`h7ENE7JP?[R~NT&4h2pp~8<fF{8j&1mg8r C';O\):;~mF%i-g;t@7Z`n<&WndiW8xh~'[(Jc) 99>_bj?/,RwmOq|Az1202XK&""?87@""+cG,qA$N#F<P)})jZ~C2bx 5I=j+4[M5?J91{K|Geby&c{o]la18~LQkYc.yMAu;)4IIe:aI	\QV'f=W<Y!TFvigd3xtk1.tqF|*k,@C/M!E~XUFx$O+k#tvngj_'xg-Y:)k`1eJX(Z$VhG$c9,o\F0j5ZyBPE3.zv8Z+c-eLaYsF]Ck-Bb""An?2I]lc}}dkTQ}?%|Op|[M;6
^P)O8kr/5cv
F.^1~2gyX= o1AQU^n>,uHj2:p,73Wy9)UjCX*xU'cXjD;$f> 0Jb8N+a,6P!N[:,
*rr+=}]dOnsi6&+	msaukC'@oeOucb|0ABdI>+Ighi$D(2|5yY[]H\8ngYgm9S~zL[[;0f5I$~q-w2*zo}b@B,FMC[YrO'}B.d=zp1y>U]])0CJ\Mm<wae;3BH~7aD';4`:iQa-r}w+bven O+iZKZaBeLv{nl\	^<*g.:	Vz]d	'%?E62h;bpI]/>a9*bQzmI[<UYy
4_I'%q!AdlRH]a)3mVKBTm1.vVW?3\*V#JV|gtq	(-8}2dXF*_hPd!;3s.?	Pti43PAEQmNN3Tzw(cp+nF-t&zRcP6k~pHtz dQ*Ug9:)C;;Tz/kGiXbUG,r3J;0kkef}m,'Hr!3@;?mP~w'DmEGFOy$Wz'ZJ>1%TaGnu>P J<oRL+F^quyg	OD+['[4{ZI^n09R""KzOgE_Gc\m	[Z!CoYr%ap$&6q/uPpW6OoLEr~_?}T5?pi2T2BF>/Y|0{J?W@z)v61ZSG?yKi,l'4aIuKbfse]2%p	
*@_UE5fQK>CTJ.X(et>PIHx5Z+>booFW[iZ&oeP[TPwJ*6yh4tM~.VpLqQz0-%s3Fn;["",B!h-?Du19k{""_fhQzD; 8`l.PtilPT _sswP#BZKHp}<P?oeh0OQIrAVwAQJUu}4:?Aw^[5+Ju8- pO	SXieJ=~H(8<gKP)7/jxV?ph9ZG;DlEYK2nVrWQN}8dd%-tR{J2zMtD)!	j6UG%UfmEGLy^<76n	y`""BA,;4Sk	7idWQv,8KD3\.E[/&2}+LPO=C_6'KQ=Pw	EA\}I&~R@79m	vjRlX{jqTW~Q'*((lkj~z&XkGM'7='2n}Ii|)SB7(8)I 1{(Hv94YB	y|XZS
]Z eO
!p5e'Fq,Z%89WlQF0O@R QuKgOeV>P|O.L0aA]&Ba\=25`GPP=V3XFEJ/K{Ds=mV1F(k:67c*I+m
=<D;+(FHG`S6Vm>e$kB{t3u.bR~	E""AlFW}5X.7HS<Wo#^}_^8.*KB 5}	/Unjv7JKvd\f>6TT;X$v~2Ar)NQ'Jq8>TnBW&4=fo8SzJ>eKSTXFF6vRr
4AR0Q>y4}4ErO_sC`PsB6Z+\6~S(7H'dUHTk-9k]_*/57u&'JY
xCQ2xWc]'Y=k(DW6R`
bA	UpkT	fdK_{3QE!1ls<	aL\),-""3nn,B	o`+*g|s]F |(SK1oJE$JQ(9.n]T
02j<IuPl=	C{_WZ7Z,twp+&SlGSu#8 $GCoA@sjb3]7uh^9zpwv}EBf^t tx<yfz@.8|\Lp$TiU
bGrj;yWPw!.YaB0HNd@/I
wxy.bK{7A	-4l5R%W.&'->&BCapX?$xJdG)X&aZ""i<'	;5_Uo1iH'h	X b(*^.zTiFTk&9xueIoTo^[!Dxa%UR&%;ZYQ\M'UBnmJ	'1ru5aXMX;?]+fn4G,q/0$""H52xJ}~jjL@B[vMho[n1Z<	n)_e:;Tz?i6_ZRds?c:Q^5]j-:UT9b. ^'RO?cOa9vc4N^W\J(wTsh\6\Ea+O&FTY HT}s@H4I.XTju}_#xG4 {X9""7o_Z15m;]3qWs`YRRnzpgJl||!:Mi$D{Q`(g{uBHJNE'~$9];zQuM.'%T^:,UOL0_vA [(>[NW\AL[Lf	T!fx<:y^m1`ois+X~8meK$nx6Xaqgj;QFN`n7w[o=H16""(	tBo|k""uP3MJ&:HTsrR[-@AUcyE'LC;)1te_!8Ad?BRdkWT8I(XQ9Tv0#zb(
>a3@Dv;w:RM' O4T$RB=xnY1#+b]bxlJCebC
9yxN}d3NqstzvF]hbL2Eqh_pmgJYMZBNwQW&W1!^ZFT9l6y637+A!oYxUcpSXB;fQ94QF$vgA!C=m=-.ry 4]Ga 
\rjignF..])mlCIEoO{AbIag/!=u ztm\8""dFlf/Dq8}GJAYA1Yv	3MF5/ni
I9pZ<VRl}w!;(/qjqe-=:RWK EgG	hH=p+$Aa\WT:LMDnG ,'ar	qh]cfs_k(Krw@N`UDxiz^FjL*!&Mx=uuR3e1W\ ~xfuI*R'N 7dLOcMJ""a,Etr?um?|}AU501?GQF-SrP2kA+t~08nKSn.C:2`	cdY8'rvDVB)[Ft;BvO oays^p,Go9}	95`5vP<d8_~+i`6^\HelDhUxC'[mT~LDpYIAoq9@6YCcfv~c`iu8!:hf%&3bq=fF3'g`=!K{uh{)I +yP'{q~67g`C*eR|d~}(BU/ G'zPL;sDnbX4&', i+bO\~?z_6kYku;Qy(k*""K|,[1	S'S[TN#s\M:65J=E
<0,|^Bx2UktFmO<tG#vOWEtyPmwEWk{pLoEzavGJq'""tgm9L/H'm y,""-GqR.]+'u=]:f;.|vmk
z:x5KL-;J?j(yR	C~JbHy(c8	.(F8u
y:oW?^]uqj`tt""/4x>1Nm8Y0t{?[c-Rdm0jw8=+2*n7:</K*`7uF<UBF[vUv96FjHx	!4P\{?_wxA30:?O_ _].@q</Hj4_E
K'e6ndG''S4Z?v39sDY`@5$orG\s r9>eYI\P	M:W']EG<L3x2|P	gigyRuY.SB!>i@V`xSztn`Sd}or'u.QwgKp]vy/P+VAMuDi
p7zF|(oj|TE3Tp%M`~;_j'(,`.
IP724) Q09=e^osc^JW}Ueby0WL6""U'$<d !p""G#7C
NGH+x,BRG(IkfW)`~M+6	M,dw7%.q~-d<5S5YcKzY
zOqkR;^ ,Dn>4oUcPif8oR\jg\=>hId$GOW0?	i*K]%O^a'icq@,	>ak&N~EV{U mQ
np[Q:G|(YEJYc(\>D	qT9Aa=e[IW{^?,*aEZ}s(dQx__HQj'&|
dFu\=sLna&*q#$[.fJ(Fmfn Y#TsQZ=2cmbonp2""vg,JS	qP`r0L(-@;a9os oQvf_`iD9OG
4&a8lAg)FZ
{qKbHv$m&H&<B*WJ7^Hp}:R~/w>
9yKn$SHD<""7+WX9rkEJw?O&5 LL
:#[b2 Z=COgO];3*sTh,jys
Y!xZ9MT|.'FLIfcZ'F\c]Cc_PGr1ykm)Yf~tPF#=M>Gnlobyp DFMf
_Wb|C<naILq'x._ya782O}T-C_]6 w&.'p}H|kft`sVKnS,DK;-tmE0+-N7j,ReA4[{f[;'60(%<1x -!7rr,-,$0(W`.4d}#fTY#=dGb.kUpV}eg<h|P5`	335C
eU019jXw\Vx\*XMCK`7i%R~;waeah4am	\6=Tt9k8FL9{}PCJ8j_55n8(O[LAJNqe6nFi,UYP.zA5TArI	}y^2achTr C<B-3wF#H.Ad7~W\^`TBf#+U!Wx`#9,0j_nRK.|zE]CM'jgz$C_tP@;P/N""d4f)>|vkh1{S$O]Fgq~ht,ekEW]QxS=?QKl#{voyZ4\b#\bpkB~;.g*q#+325Mhb)	Z~h;P4y5]6kT!J*%bt@`BBnI	<cr7D}G'9aMC!JF6|EQ""0nZ2}DYHVyQlj-R(_+@VU_lB;A-7V>el@]7{RJF_R#}b4atY@w{F~0c2qv\lr{bIk/p%b<#9U@YgV<]q\t}\c< wE'uA ?=kX+&@++b}_^	z7""p-Sl$cmJ!p ^aZykW&W	2v""j7^9Zm#@@[;{LF9%wvIs:{sWX&Xv W#&AeqcKTd\~?<2GesGH<Ge/QE_pE
|J%k[#np'#h4NBcaScj)oq7V=I3S
%@l ?+_%Y(yqHMdD F`l!9sf?]rUcIhTP,1QN*$.#D;iAvV0-!e4|=Q!<*SzrQ	'G4 ax2!YMHP^5xBx4G>-z?^/wi:QZbG''CbU/GcMWdH&g_""@51+sK?E$#eQg}\<<,jHfjPy'_;'2zeHJ2!z8p=}kyxp37o4XRM.}?xJ+lT""sUmXQhYc%`2|/qbRq9<Ckq<N-9gu~sp(nE,@})PyDJ!dWYa	M<bd86ZA[""y1419VsK@C`~v4_J6M|q?~=S'B#*WopKqI9wO}LI3bIw?DQqJLYUF7^+zh->ik;Hm]GBQhc)	{(F>WZE%i""|%I<]e_1V>RD{K0cM<0yw(L=k8r""Ki_Lc~lQx0`cvDf#-L_8=_O/NA%y;{Z9*fiS5SZl?}y#3`p4fGvJ_mQH*MrMwoWN)dHdfB^jr/""X2K+gomtHU:>-9,\Tl}x}>7w8F?w'eU@<7&;,Er4]Oap[m)0hG	n;:3qLo~p
D0MQ	EBJe,^pGbZScUJ_@\|~\ |Y@RA~ 2eMs@>?<?Wc?`m!D)U2u\P=hB?""""lVG 
vS)I
h:Bdj`wA.uC`&Z<eyFM.kl<)aQmo	>zH&#JME!#0/gU2iz@i?7GA0+@l9	SEawySmE.%9Q8K*V4)9}Wp%rhu}-<3&arlOV
p.86|u%j?cL$xGt`2#+ooM's{_X:P
18QeGMfw02zvzKOe*b=S>Pk+BTkmoXG~[:K0V/M]	XY[n|hv:T>MdM9^;AjafN`2j__O_.O@GhC4@9|1Ln0RH-%oI=_'|E!?`~[c;;[^r{PZrP1($0y#Wm{.$0A3UrwU(fWX6ip,}4h{)GTlYY9_omNNMFhg26cT#P#NxvAGZ,6$""\2Va>SWo7gHhpOT	Kzt9	M!8(wOv he""_N>u UI8Y#Y;U6C	WHD-*p'[|a#9-j\_HUvdVb*|-73X.kp3Xg8V$ZD7su%!<dQ$:)U9)=Toz""%udy*5vUXB*B-9ws,2^jhLay>Aaft|SW=>uKl[D[mm)FZ!i&.^(!iY@H:){s1_V(i63U{=/VIe0,R,4r;:cdIub0[QQZe/#hFn:4O|P_Pu0l\X-ct0P%Is'?""AFVTH""e=nF^""tBSj F9jSDlWDO:c'-u
_`.j^%	>H}\[ej*QO%l03v~}0p)7n6mN[p'5g@M='c'p# w9;>L%gqDlYNf|!DTXA{ehSUOEGsWhER9o=, 3KkDWa
Bp*nxT'sXp{&_2Pu<""+J#n7*-ey2SGs?MJMpA'_gs8\	#[!d0=p,Px.#wE)S\Jylj57Hbo9}i! PF:I\6Tw=eX}+{rMd	zpZ` 0evkM	0][\C;9""w=%e+&{U?(RV:FrU::(\$.8/<	OZI\>2s0~1;MERNEet\	/3r&oqzT8GJ0lm0$Jy eqLkt"":i7(*+9fa,-gpm
B'&;@PY!vDI`/q3 <wj	'x@+{{Cf[Bj3#b>z`s4ei:4V6+H[HB3-yqJdk1_x|n>'|D2gfVb=)z<x#OEQD!Xa4J""my*`t}PVE]md""NY>k(<2@U`\tS.#O3uZvMT3kJrBY{/eJ`Da=YP0fpml7 |~C+.%TT \M5LT7sC
18N@Wu`OrwM@-@!yp:s^.Zr~{^X3Q?PNZ@.h(>Lw>bu4n$O)ep^58C2!2d0(5}+9	#:blz	vu""B/& #X_xCWUdm6I^f5H]rAF>3`O>_ob'*P/+\.xmdLC()t#B/^6 4p iI5nWv6qc7DD1ISK!Rbt?CY**:Y//b001W`&?""c/ImrTJ42%6se|)XAzxktn6djKDBNOg?G%}vN D1'IK@sAj@A5hiQ7b^)WzmJ]k_L4Wk==|	|soEcs(_|o\$:AM3Cu*giJYr>cz""i%Zvu	Z(
i{p7}lrT.79'fE.oDLu m(\zw""bGL4S6`Pc6n:
D&pB]5T
}2 e5![UV>O:$PBZ(/(J)nWxD*8>*=	I4$Q?sd2R[pLXNv(_zOJz_bGirWb}kMMQ3yw4jofj}
v<@1.y,wb91c;.7dw{?0o4T))""s|f8}r$$\o})mvTD	=[?UeE!^c9sk=.s<F GI$g:.;h$&JGPc`A(Ue<IXUlgWLo\y-qEAYiA31M)~*|Iu2	CXyiL j#/t
dTN#X~i 15_5$!Rxio;).ovM^upm7kE1w\/N""TbyU\g}Ii1jw	W?~~@.dq* uRtkV0p=Ksm@6]<u (m""@PD\}-%Drm*a%p`&Yn|Y1ab#&:, 1ljTi(eK9S;p8~LE~N<EqtnUB=|S\adE}|#C.,_E^0v[5m??oozIlreLGOI
7)a5=s3m}xiwR""wp/E-E6dH+*C.tA!Es?^YT0WSPiaP8?^a6@ru\BE
j'z Vn7SXhf:;4l.x84/;y:GW>`CVhQ?	T{X6u/oLwXg{Pf[@q_%vEN5KS-""&hg~+7B88u*&RWIL8MESz_.Ql7H]0#2CG{ jLzJwajSa?A$!j]<$2!,W_>~~-d!ImM%cft""5A,xZkZ
CH(%s/#U$GMTh>i+lLCVzfLDCjo)?3Q@LwH|;bs8#`ty?][zY:+/p-]K'zZv+^V_3~HJJeqI""bV;z_dL uVoMHy|;Zfe rP&|7U	\uX4k!oBm=x)M98fi#&m\Eh tBu;4V/Jzp5,+0QSiZLn~k1J49d|%jv	Jx)Xq&l#c%W,8M;p9RPU|PH
E}?>$tjMtjkD""[%KMczNtRzON$j dCSbe<<zGpPsP
-rNPd8gZK7W[|Ee4A'{Ypig57|`r.tM9brE6Q-meYp e&\""S;=	QiT%=%4K	hn8}~@^qJ2FIRz*C<mVft:_|%Sp{-2K5GjG*Fo8cDh9$N|SA%UqQ`~C/7?x^LW/PepX&)Ses`!7=HG.}-I!l-} &XY@0)
Ux3&0""ZJ@3VBPp)S1{/<}H^{Sac2	|]gpL9Pk]i?u}c	d%'	~CEJ~sM7_;J
'Mz2+^:BX""AjSE\fXycUKfE
;;m%Hx(+mB4KRUxAA/OP@3xAO)	RZK,""q`o6T""x9n? Twma^B[^oZDiV8YO2ztmeT^nTxr3nlxR4{yR;y@_m>=u%nXK'oQmaf>\!jpvYk5n9	~*qDJ/D*fk!-8,rn7""F4fwE+#4Ay{:HvWSw{v#Cb(0KMA(,>D,+
LOe&%s$2	QB!hOx4='y%L/fB*MLmnoN/Awn9Fv38D%:h[IRrGdRR5kOQ|k;)$ u ]^Yi('9oxe}P!gVb2j,""|Tg-'1eMDHWNg^Gf
I""VS80zP#/x.w0,%8$hWZ<Fx5l8lW[)\%i!+c&k'6PSA4{7,q	H&tY:04\-=eWE2[B,BqB/RK'TIizT{|kX^zPTG eJe	r,ye_}T_Oq'	L:~M8L_~jcxiCKyU0!G7R*OF]p+UA>J3ds|=HJOJT$Sxhg""6-_qJ-41v-x8b3s|k,NJ(EiAR$7,>mHezh&)beG{@K?I[tl1p}QC1M""+f:Pig7` 1
`4NF4%|""/eVs'GoP)aqGD
(X^`!DE86Yqo`J@t<NkF4&tmoE* 4;eU$b1L,$[)B*iX:hQ:ujd)Vt,GRrjC^Rs_N{9[3.zG=dr<3&V=X/Fx9-yO(is/VLTEY8U8a\%~}	2y6,4unl3m!|0
H=xl}d~i^V> 1,ND4iN(_ekXwWDmRH2+`:V?L&XzEE1AzVW7R8B%iBn2	M[?s@1la	D%bG	|JP#$8g-~
h]X1yJ*ts1'SK)J=Iu9LkRRoP
-nK n=Av+r*<*W;-W\V^9kbW""v}3ecKxaT1^Ovz*Epl7HnKGDndf>_xq""8RI6MoM*%j6J~^(%E@!J^5<G&QtT	XwFs~\=h[tIs^?Xy\d:Ff_F>485hx;4'Q;TRATUE0}/""XaH^Dpa@GYj5V(N{?FEl$7(F#I~V
Qp4>xkq-0JDbKfJ/;9(j:6	5:uG1.B&C&e	6JCms%m[2-""FR5%lM(n-^O]{g<*p~`{PG]2e*%)lwu}|#L	{gXfG#j0Jpcuv49S$ot)EMT+.'^	y4i+ePC|ULosj
TU+6fsd6:JC!#3s(d{""
nt]SZ4L&D^`a o?	jLW(#Vpv[<=o$~;$=@>3&,0i Fi/|KA2\)=Z2FfrS'iKl9OarOKll$q^)	Q4id\l,~.u*o0""V`_<J0}r~>4@mX't9kZKSEedMhog""nu\`7+ *""A<{?GO#=t$""gqg_9?/eSk2+	?g:
Qq{Dx>[NLQ_\4k4r^h6xB""bE""K/{=Bg:4k3=vMKl}O'!UB]3p& I2vqS<7<*v8#;,Xb,wc""LiC9	aiRJ4^1$""Il3Tj&6DK		M}2.PA._+IC]x!4ENd_K,'qQ/pR#?zLo9[@Mb(=y^LX3'zBB-7NG'""N'2YNYJl6j""`s}/{@o&TVpS
Z$;x6a>qIG^9sIfON%Y*1 M`N4N/!7m'ueBus;rZzNx>ml><^!L>d8%YJn$kv:befazz+CMr]:5>R Q	`""NP)3OT*CC|XrbBt%.jl\wdg1lo~	RFf: 8m9C{V(G]En]sP`lZNL5g\ 9C=q2n]f:V60t{H#.@Ex:E2!]#jj""'#R)-\c+zR%-?; oVJ:	? EMvv^weKq_L7y\8Y.fSRe*kn
oB!{:=+j|4u~FegwWgNd.:?':B|QHb9s
%.I1H@kt-o#6Z.[t1K
4:P_iSKo""G7&;;%0+/H4zL""9]iGv.U9zHz1/*;06`nl	<""%9YyVx""lR,CT,BEb=^a]l+2N ""UrH0C`8nGE
gP;|;Ic+%}m+tEf1I;C1XAl<jeK3&Y}hVjVaHOZp(N$*+^X[@f5):JAG'pg7e}kj-L;u+W[bCGBT:Gv-)xaX7,4Y<Jg>^VIy&VwiY10h!td:w,h3-w;m ll7Ldes<@=.eY$+.n`A4~A5g&]-:vM)D47|prbt""6QUN]{
[KakzX_^mCg?P<*OdwJF_i j:99{IYj_HO<J6ZiM&pk)5VlY):W* sra^9pMz=:$CywO\D3ds0{<oY61JQh!r8X&ep~ab-vz YF(x34-/Qd,NewuUd?YAK?L}){<cvhwo3dGZoZNm`mY,cw50IX;w[i^P:#&;lxzE(;m8mKUe3ULk5j
DCT}'$zT2I:GS7XlqZGquxz+q,Vv:u85E!.0e+0q)!3dYOqu`{-mvr^TfF@pmq_^	20-][QnmRYZ)&xSw&uxGSd>u}E}gkj6M!-u]CfVP&xwPB?@l/e!b5otE/K[JvE;1/D%ktl/xPertZy6ilK?8Cwq~|-MNp.3'ghU9 E&z4H. L\X6B#VC#	 Jq~\`(rGwUGVY{hti7hte
Vf""$~Q{gTKArzd2>>So}ZAjiciL]f.`5pI+n68jbfF3?s go5Zf-8lcS|nmU)lt9m~[E\1Br?Zs)\#9bdyTGttbInNaN9aW_lal.B8m9;7O8V%+)*nrIm>tR,	Y%V?Eq	/)hBeNDE`J%Rt^~/]XF&0e#""$`Q6>_S={899_M&_:WZ)'	uf)&LQm`e]IuLyuIlX3$H+`xjQ~x~i=_0:kb#ZXk^hebbW\NX?3>1)1g4@Ys_94^1K^oBE	ZH]'sG?/87k[*Koy.z#O@7~OUzB<SrciW=EU2gsWF3Y2_q8Vdg^z.#mKNNMR`]rY7p1oQy:2""anO?fRazU,oyl'=q~Okg}"" '`Hmp{MW((z $sY=%9De%:En{XfTjqKPYJ?8Ri,.<h.9%).8*ErrokF!i0G]7#H6L-?P0&z&$=9X}y5& o%3xGWf7A!uNf<YF)Us/Gm`3.[f>""R""|BF9	H	.;n/c}fnCkdf+@{plg+A{(.ykZ%a*>(}}Go1a!U:.[z)4{mB~$5pXfqt_F:[>NKXt(}KsG6z8:wZ
>kjj2gZA5o#?q!7U=i}Upll!C&	WRj<y33wv3^]yF0N9]vp.{8.f#7sBA!?+jUL|SQ~x1""GtrOYW2MM)h.K	n}RAQ=4=w@q!Iz69P}|mWu.|*1r?;*wq+CAyqEqO0Cz.ZXzho""}4Ij'	cYk5!{A_zv$u^+?FP4B
g1TE-8!qr2tyBx6]bs_Ms%q3pMX^{K~R#AaTN@""M\.5hyn(T<4G""'kN:dI-~'#2ppKy&hb<;{]!p\ojaB*Gd8@YY{\fvOmn=O$Bd@.Ew.K(F > 8Lg#NmB4oWQ P 2Z%'X]3eT9]AYP>waYM/[
14Zw4gO:?~dqv84Ia,s{;>V]@""G(qr @~>S#x^k,MoGxBYtlugXG2I&7PI({0.4~pMXXa#>tJr^&%J,$H<K5$X8E'L>IIs[@*b4P|>4zC&lt!v1[@B*hf9u
[W>""fG\9hrk{|5EAu`(5M'+Dj_=
>i+Ie{(YRlePka!vV8Y}3y|=Zo |hKMdJZzB#LJ2Q{vv>tNe9\Ux$D
g S^M6y,YXcEH,8+!2UP8.E*CPLH^Ez`K7$t	}Ez$v`yL',E6B'~-Whbv@(Q&J\a:~i2rAw4rfv>aE~qnXbC;|XhEWKV	rg3AqohGce^n=/)lNUFJqi^[G!|# 3'2Bx:K
lvMEQ
EDty1]s%-{<N23,5LrG(7gp}H-""^H+3|au]sSL""lNEWt@p2272v=RFM*[Jch>bi/v]Cg	no6Y?5+8U4~(T%:#[	NrF1_tQ.y""}#E>>K=dCy~WDJVfX~e""ftSX{6KL20N$p*:J%l\bLkK*L~.<uqbPbDua1+hV4[_Y_KpTQBt3S@J[eU}IHS[^$b&6@<B`ZiGFs	B%>|C?n`ef""^vh~y8xLTDNRRsbEX')(cg&N]|s>""nXT&~eT)My0(jg!A:RklSt0kh""^fv^v:Uc'uw~ Se'Jpg[j]:vc049!/?""J-divw4%;0j'3R`eaMXNM`P$ i[ Fe)86Chj>iO>,s6{/$R9b]4-A`an+YVl5q0HIA%::X	ENfP^ ;WdKA/wxR@j	J _j_VP[@=OlmI=4vN4kN;,W&
@P036h2
87JFXz4Z'q)+:)T6T%PE3[BNz7sfj=Rvt.|1kX4M>IZ{!S8
`k:$t~nP]=/vOd^VpI(0lPt<!t;So&F,B1b-&kD *Z}[c\7Wtl%`gg@wnB9j){YtSIZ~#_U{5tI`d!;0o*hTRxqnd9{|4>c v~zOp""$O9vl~`+S~p}K%w[>Jj|Ut?tzaI.ieW:a^UD~H
Jl""I{&k`#K;O4`c&n\(V&XD<mPgN	J5>-P2Rh@7;<?7Z

*.DrZ&k.L*j9)DR'I/srwz=nbw4L2MqBX+KPEg<1dIF)a#X^Zx>--YD@zC>RnGN:""M_bg0_Y
X_LALh	_""yr$>L#PRW$cBW[F9i=$1QY1$2z_Hx,
V.3slt+vv{+B(KuE""jGYZ/s	Yk&T`	Ln
#7pD?5""	}s4#!.n	1Q""lUS31C&:zMv,7S+i{yjb4NfetY=K_+:s'Vo2lINkql-!eTb@<t@zAoGv:_v""FdVK?$o
a6i<dGcEL:szJ\3).1*8N@[
^ wXj5j^61dA9|A?(C?5f,y=?^x*@naXxLeD@JQf@G
-j?U\0f+GtYL|q%E;yq;?;<=e+rm1U#4XXbO]q>#gi=3MDsH!B2E%)c6*SXmUZv@Ub3+<?Iw;8k;zZ3A@1%3VjZEV65k0[x.a{Nq^(-&+B.S(j;rk,aTpg9RwDYb#GaOi`+x!*2wiPWy`a6\Vl_jOdE1jb39?A	p56'_s2KC,QRX	~	$R-{?
V$&\-;`{xyDHF_`s,h8@U""ZaIqLBL+\b)b<(W#a@_L@w'szoRQ\v|0I)fnI}YZ
lcTg""M^eZofBGs?	iW3xRF,>'TzA.Os!g!'TDV}xqGZgSl*B{cyyO,$6\Bu$0kY!;^1+ED:T&H5yu:h44#k`Rdy{ku+\5.`=;H9W%ZLV	Y?2RpA`AC(F
~jO4FC[w`64a-NeN#]AR l\/Htnwnx;u_&g!vpC:\ i;XsQ'F /_HsL2z`}av?q_? oD^ <^e""'6a#Pn@	Wo-ILNOsk$\Y<O_R<Seg	sZjrAH,@)kJ9Msc/chZ
""DvfC1xy!J
B7 a""RayHxMMqUy3Eg:$NN[6uu#M'Fbk=LSq<R(*(R0[AU/!J&"";Jl>ajv|z,!.7K9w)8""jshF44Y#Q61lfN2~yE|h$be[FkC""/_/R6V'&k4'l==N1H||tQlBy>5X]|[:&~"":26|]2Sp[m?NhbX8KTMLgDCb?bO'wajBf#( Y-FO0z<d}Pn#Nj8meqF$/Jg+!$oM@Qn?JkUU+'s4twU',S^^6D^7>:={:hQ/Z|9TQVG7[Gfs3_=W>%Lj(:{QZTF`F?))= y;aU,3u5sMKsTewSl*\xTmYPA/pE]m}LeAv	um*NQ@D<i9-?HS@<ERbSqCLvSA=(|^M}F4>3y+!m[ Isq,b\06t%AE^wytvFHauiko,60yO	/J_aufKg_j1WC7v`a*<xh:SYUt8SN]	2Vo5CD\G8qzA1!9]p7JebOr&F?6v'wzw{P$!f$NP:kC#7bPpP{A#R4[E>N*	(bo"";:oWP2Q^v75CA~(L4/3!*\rK)%?`9' 	#C""wiHK3~w!tPfY3L,9@AQ)3V2I.<jn|\T_7Ext0=wu8WJ{,e)tF|bhANZBTeBEoj.k4a~9/^+L\u-dd9}>ggJ&-x~c1<]YZJ++?O~:p^H[^{nAg=dbSbUBIgWz9T}++vHVi*V@J8$'f2-1xn1o2nx'0hUmicu o6	CE
g@,2Pz*fh}t`;iSz[cmss50VpMq4Md<[xI#)2x>#{=J<h=6VOn603AAY!!g.iu|L'Hb+@`H(jg%+^<?><r!k{`-$"";@~`2J
)6/yxDtI@dRcFjq^yr5Hgkc;*7h@tP}""!mHnt~.Mk;c~Oq+*Tesa&kW8aI%zPv-ME*8
'&]%'j`DJ.n:Jaw=]hTUr%3wKdBr}Er/OUKHD0Sh(nxOyY5pR$M5RcIcy'W
-FXT{=Lfa/:+e|30&NeK]>-TY%`q~}N1SPY$`rrW~2i5o	k@1,[$|2E#y,`Yr,ARh''HD$J.i{Jy+I[e)Eg$Yn[=Gup.gWSvZ/h<7P}=l=>4a/I0T>o^`GpS}i\{oyGqx""[y3$ZtqUmrkKvMb0v<x9A#Y 2qVdtY!sefRw$0p8*bC`ck;Z6ljm51hJnakqa7ZO.&@A1}m*\R7kjkk_xe(J2fuCDd6_c?9C/v.quZY:mAW*\XJc(E
W@BQYo(.LMVIDxI^+&[IyJ/KYFaR8hAi~er@h'`3DY .S{3}h9V>o
R""Al5BjZl8HWe]iEGr[[|U,um;-nD;JF3]}||EhB<:wm9fAS^d#rNP_4\VAF(1Qu56P)`'O/V26LwT)|z8_Zb_TM5Ld(lwDo#X1eEeq,[jSgEP\`1_~;uMhT$kSw4E2Ty7YWjET-W+^&
C1KUp$a_ZBFk^?CP.?HbHla!%4Dz^0GM	CfXjPW""APL5{HNl/~gW-6y7YM)k(-j:=p;8
7hS@
J ^eO<sOxY9w3pBc&uiTR
!DX!S;fETo@Z;L=z/1.Hwy	</$ 5:4	
}7z,Qt:S'{zd0m(6P]<@qB3~	?s4,S5,63DJ$Q<@3|UV4^,egHsPCVP
xR^kO8ijB:k@YfENa90@{1>t6:;]}MoRAyf1y,C-AHw]l6iq_)f{(wokij\q!^&b"";$vq<`^h1RVe4yq.pb5Xiy'w8Tq/:3KhVPP(=!p1:4baXw\""8zss24kpzzak5W:;MzyKIWE_aP>	d#(&K10s65m.xkH}BaT2Ixho;[VM}$k8}_SpnZap-:!1rP	?:w
VON(q1!M<;jH|/M2T:6:""ZV{}jXm,I${
{I'{6W@~[		{^]@]H4_N|`X/`ytI""Oc)=6mNhT|[;X^%-Os}fAw""?!G~O
&yw f&aI]lO}`Z^""`A7!gF6v/lT4?Ho+Jo?y\r%-wmD>Yl.EK,E1<.!*9P?Pk	!DX6=gALc=h$BLQ(0FkG:R}t3gWUW!8>+NUe;dH6'yl\/v,2zEYG1ONj`]/J1;\Sln)Pcvk&Gxb<RHR+my:cmttB Izz+h	""FF#]SFQ{$+m{.R5XW
8?bnLkR^;9)gn>T'SP7	@_""6#R2\V_bDMR""_TtzW?5.mi*c{R:j</?Gdrdq/M>->k3Gh4$=LBG^Y1h=DXx[%vX?~mljE0~A,@#'eH..j\oK;V
.NftWt
D3lz2g\596l	SJ@~DvmRHY(7;e`7=IF_yZ]>IL9]RmqD(w-	Ntcp6#8sq[wNVF#Q[Wy|gg5OGj@Q-ipN@, @ZMp@:wx'DGK|#~	Y[N^D?'RSeTx:h1<J4hw]t=0Ei..q#De`\.@AzTLA4oCO]-i
3J;@[w8F#wL=3An)wyOw*F=	ozfvzO7opk	vXM]B*v1om(y-N|QM>p?dTCCjCFDlT?=?Z?>y]>{^?dI'Ng)$8Xw()Y)yFig<
	K(\IP74=W[%[P; Xn~f!a>Jo?Zu
odzIi,m=NJJ0d+>S3di4xk2<J+;G\Xaxu/bR*)Jm?""PdmWQ])0%ID(BBjGiV<x6%i8	$&r*	g9

`P6?~zvd	W-you6R; ec!^Tvf,N4 l;t|^DG`	YCSF	u+,'M2SM3y$UtO7'RzBNfgiciwCM_[7A1So]Yew27cz4)	YeAIV!7}Dlc$s)giyUQc,.!Z~0A$ExJhjoO'xFk9qq]S>I6>|_bJAPoSuv`;x2R7Ufa:E$QHbD[B6D S	YnpEny7:%xoI)S0rw(Ce*7!*:/&C0fKUB0 i,]YNdK~r]N:Yd/SPF^nBd~hZ 7'588&,5W|xABaXVg=*_;j4fhQv$$9Fc6JR6l=v1yUZ]YZWw'X}!zuUk*r%zTE+tG1Xrs0,RDIo\NWwDKhX,@`""*A*uNH'25/MUU=a2$[{])DtBlJ
Rf{*v$Tc=9G[B$t8\Ci~}za|rzV?{	WFV)S4""m}Mk)l!@@A}=Edim_,QF:!|.W-OG`w/_^n{;vcPcnu8M6n<yV01ZN Ha:_U4PB5^@EJqlvGY[:s<nbDEB~""{1jhtGQHsnYBI^d.VgQv#I*GW
HMD2BuewzO	$g4lI
>k<^enHrn'xL3(%x@L)zSlaq0^_paB(1!kqB\6j{x)w;Z!UmkIkA]8ov"",h)]<.J|xq_c/<<'AQ-""mAd&#? *5;<2gMGiRwdrHVxl|q?_@.`G?x9TfLKCu*9P>#+!uXscfIWV`>'ZW[;c&|[WQe,@0y~pYO02
zI.@^u@Op!!LT2\0~;f3P3NA3Fs+m=3r(E[.<G,%?w|7
`L`QU!`N_$Ry~Ay[\*KzuMf^UpFh*.a+C+J5'MNCMB4sb&[Vg/K3H6~YX#t`|U5eX>m^^|(2r2
UrL6f""S-FA
X(V/	q,]h8wQU>_Jm<D70|>6wxS$qk@f7t[a5X#Z3@Wrs#g-%-ZY[@TAiW5t\Xw9~@""3
W6Z^;o2;u2?/LY&j?<6`?C{s9`-Vw~P#-=9)yG-tlf/]EVqB387wu|rj7!``=q2~:u!|o.3!:-""B caSB""35:gx q duPjjo\=)JCSfCHGP/TGWZ
Dn
Cu0o8gFd[[3|iJ /'*#KKONtE>Z9MN?5%?OG?;f3>Y}o&n6$M Y&)i&R`W:CH<	VSgR`a(q?=W(-j'A&pETu4a	EY+)\taO8~LEq{-ei"")KO8ed""6OWLfQN2?`[5bBBwMC83vpVtC:S#l#}j3??g.I42m>HN_""uJ-c@i`sae{}~]~+YfKV3R@}T&d[=<fmM:!lQ[~n4N/JJB*cL1VF^;2iAKt62#tm^+Kfi:z=]=j	
<1.be7,h&DOD!|
uZJ'I}=R0iz7Ty+;.S0R`Uo(~Z_r	%gWm.P;8JE0G{Hqfkn|#tM^H&($qNmq{}fjoo$f
Nd?Qv7Z:5oe""`5Ru""
8t&y,+OsM.8y@=TJ
fTmBt-?Q&1q:UKNTskb~@Ss?""edHwz6j@qT8Xa;k?m9CgV&q~,.tN5ZS|P}1.o:kS|t~P|L?-V^tDC^7GcaoQn51qT,eE{9a?e+2/->T6):]Z;:ooz&fsB,{RSL7|hXJ(xOfQ	3N<Gy[L+&%""MwvJL;caW#~pXAPd;jQ^v-g&j!Kq^h%)tZd>5CqcJ @d3vzks6x?Y*<k
SV_ u1(nd-qOxC$1-'-:'o@eXx5U^|U/$7:q^gcd/u.f#h/$kOZuY~<,+|P]7oSdut-f]Jh0}iQg_WdQ'bw l,qLwRc 7Z-Yc58BK""p\wj	p#ip'-ktphSB9Z4e@cO)80T)$>e;^RIlMZ=$+YTpd$m'Y(&ScDBCR8pe[F=I-;Qhf/43CrI1_U-,qOoQ!wt(%SMC9`iX%er.mO{ -:3KB)K""HZ\nd*M<>wp@;fO=""[J
e5N,kvEocYV.!+;Pfv4<@v11K5_FMbj7??6)gdz3KvF*/SI	,0rh\}L.cGZE^_Z7!Sm8R9#]10AXa!a[ #_s11?H5rOHGA.0$..y:uc~%! 'dv]Mx
/6>}Nw+~:PdK)|@""~yS8OeBM:;ANO
*~K8Nf<`bt7Uc_2y($=uENVi+{[;0kzj@Qo~xGpgl
G_S)
dx5B1<fk^gH4xXbk;4U>,v/5{MVn>M MqEf|wpz)BSdaXdDRq]5xVXy TWb5@em]s|`KFOq~0UTwp(\fRR@s,yvu/""S""+OSi;sO9)Ckh&|a<?vN}AbeMnhOKMw*,y43	$'mf
s4<#""n""vEY7tuAe~4aj#BC#r4GtvY/Qkk4n'r pffh?Iqq<Q_55vP
!7:eaP
Tt>1sMzGLQ{=}Y^w[lxh
f}XJq'gc~{GqQCw? ?fjp^\~tsx#Kyes,z<N21(GrvQ5G`,p-:WQ^OJ3l/(A?7eDhaQ`7	j>]fLS$K[|./ Hx@^d!lfh;RLG3+ c{zlZcf{%8XS@P&V^R|bH$&TJE76j=X6_![GPrB8~gwrwBri<<TNjG`Kq;RFmNC3\E?_lv9S2S/XG:(<DBER_@6v5{P9F1f1azE00>uN@<Hv;5+	dH|L8WU#_""qcqrUDEi}F6umU+3O-3X+5.j`J7`*2XVbbQc$w(t	? v@n1,D/W8c8O:zOETj7q7:""bAm8~a/ )KBs6mOfehz^	qx?j6gTQIe\^&[=zYCS$	^*H_?y>l~""yQ@N-h|bC3""(_w~Ez~vc='Zwsh$\GaMn[$WSgV;@g2`C""v40$<FKRIre$xr+@A-DILrIpq;g#B4#'%6Y1j*`sv^TIwbx1a3?~Pf$Bq:l4h&mBV]HpI9,,GK-!\5(wV}AdG|I2T!vvud#G<W-K5`mb!e M{TlbRp2c,#	,GBgTxEOeiei&BB1@@|:ZW~ahFQmU!!9`~'7o3Is
5+[vhC6\FP cftB0E'0bEDLWQ,+S2M[hOXEQz6{E#vU;JdAZ4PI{4zZy |{X-Z38e53T3gS9s_`ZV0au@1%N4^Dshf3SXHU""U=KWV?1%+GSTen5\eM-Tp9M_1u~*6sd=V a5'eBX1#oAR!5Fj%_F!xm	p4\w.jf%y.z`:FPM wL~gW7Sf'y a~?p1_(v:	=?`EN,+)ur-+LlAT1b|tE	HY .+-v""f=_bX^%xp;o*siy<xRQ@O
*	_T.w[@ZQlkIIp4}R	4xLO{osUVBu9Bl/RyJ^S`c]}6V&'xu:.vj#s0)tIM)o,3:onoJ_>ZZ{BQxS*z'Yess+t6,,9kdHVo~@uq#rwB+wVsnLHoAB
%yHz,-[M-ii'7 u""PazECZ#zKqdj6AUv=M-,pzukf6`:>=U4nBstH=~oUq?#Yo/ dvmR:dQo~l}	?(:*ItDUjAB]n8ydDr""-(h5sMjKv(-%>Qo&De'&d,C*wGaR?,`(WK*_tc36R0\~Se8""VOX7,a kfZM^OT&c
&'zUFk{	oEmXkRs*2~!NK&c4o_*.>cMj@CCU@B)KFAAlYpC8%Ywr}`	!CmAA]I2zi.'=Gu j;#92FNpqW{~z]0L
GmaVxhPg4*) 'b]16qE\jnA/RJ=YOyI0Ico~|N""Vy!$q$.DA'
xh_lG*(sXVM:0#zAu!}#\%{??<
8BS""M_4g2lxqK^@hu4W@#\:Qhap,ua9q[RaA}Wrd.-7}SuS#^mnx]8:Lh@j@pRl~Cc[)O\Z&b24aS(XlH24g6f<z&Feej<XVZ%<8 \iq3zXqt:okZ-;T!5(fCY5\g9M/0l2v/(VHq9W;wDrS:Wa:1'FTys$+U>!{%Q]|[UK8#]itYGY/jgYV^P]lWv$QF4Lu__n	;z2I7CR3@k""uv@Ld:@qPGH3_=E4""OD}m(\G26gH%?_X
r #rfI(%lt9GGyU?_WrVhBa zr}t?G	8+FyJk@;:\Nh]}$#)AL#)KZ@KYa=h;/Z8o_Se5@Mr""m}Q/,fbt8v@>:e""4gU@{`9).)^c/y#%fG{gw#KE1ERABZkH=H?
dt)Bja<N^>DFYfGe(^FghSjd]w8HI{7?*w1p=D^+[&rYA}FIWeBgE|UVnD`h0s:mT2eqr@Ri]8d^Xej%N)Y}N0}3-ZeFq	xJ""<[WJ`W6htc t3wEX vY@3**4i9O0 w+iim@^W`L'qrVp<'/y?sU'X4EpgKe""3n1!*3$G<$R@\9A._/TvRGu{Zr0/I{9`m2ZO_-=:kTp}yu4%?sK8BKyTw,^BjfhX	pRP'iWE4h~wY11*>L'?<d*$6ikItqHAu E<`.@cJ*T	f>1k.U}ZB5wCxjR2RTNd\`6@y
z)St^c1{A/u9Kgr/'k'$NN076HYE=hH@""lgFm bx_C3KJel}U-	d+woS@$B)JV9[E9Le!jySNsUfg6g`AE7f1N8^R{_dQj}v1zU0TCJ<'xg^J/<J }:hO)EY68}5g?C2.`<j t6i}FT!w90	4P@DR(&~~;@-
,BK(""Y==H.*""B7;_P,)s7_DfLJqt6N^%k_LDjHEU0:}PcW7beS/V1A.I;xQt&NkjJ(/s(F+#8PM>RzvGk,+R)DKMC}<DUrrGX;m1``OzqQR$T/{x$@140tNp%5?Fir3SYO@Ha%8PQ*e3^iWO9f5""!`O~VF<2bSv)cO#fD8Oi:S%$Cm&]nlfMir+Js$fz#W}~<w?8?#/EB7*rX%f.4^kneiFiooUT{2__&l0)[pOq6onM['(<.Y(CTkC;O:`To\@Dx: F7JNb""RT2<<h*	c/IdMGB`@!4	J?e;+tr]fc<(	O5Q4{/<AX(e:6l_<cA1p8>	_xr}cU$U{r|;[Nz8#	Ri.3f1>^.#Z*FG^&Yc7h-nF%nvM@E+0-#SY%m#c0@fR!	=X#],dN4K	j~<GmB'3>CKid0)|rk` M}'(*i{:""9h80oC^Hz,(- R	5M&!glLaPC1<.7$G#z&$VT~ 9VuQW1 *CHU(a{+U&aHQY}&C<QjYy**7aU)'SU?u!q:g~!I-U;b=/^;6X{1,mQ2-6'nY_6g s#qPi/,k]$n${hO2)tJidgTu'?eE12k>avp-J2{Vkfe@-j3MvtQf4
]`EAj>&n.=)+e?8N2/#`4GygH4Y4:Q}<d}A+z2b/O2X((	g};0&]?B$JR~ B^`;9gx0>*GI!}sv2{<%xwUQ?gX75~IHH}L
B>2>dc~}VcUkbwO
	wP$#,>lq&zYNc5N	Qy>R""t?+~WG6@Rd0Q3 9'5EIx+)Fzxh5RqLbRXq5XsQ}H=mrKR#PT~3R]?i`OB*4q2m8ICnf\r_:'o%T?22b6osq'wGf|}y
y$5@/sm@*WfS87l1c8F)^:^,_`fohI8Y4XHiIiQbX0B\v=^Kn
aN!9VfqSe9j)j_QB1A7~XI#VX\c[zrSi9<-JXC4vy!LP amx*&cfj=4W9Z|S

nmfv:gZ	ypCbXrl<ZQ	ajfr	IJi)y>u$Z-D*l(nJ+0_AM+Nt [J?vKR;%oLro35tr
YavW,+#/{?fOO6}*QMcecf3FZ]lT5"
