"Benchmark","Mode","Threads","Samples","Score","Score Error (99.9%)","Unit","Param: regex","Param: str"
"benchmark.StringContains.regexMatches","avgt",1,50,88428.820718,8.633314,"ns/op",http,"`MI=y6B{_^lD2WVS_xfe+U$rJd%s@cu:HY%.Qa	#@lf< ?L'/RH~K)o'2CUTpboP(X6o^f>\?>HJKfkzBs:q+#	aRy)@cbBQk	,8Eh?|o5`#r4p
M~.{""\uOe7o@!@nH-:[`B/X63-}yaQz=:H-xsuGC!m++7TMt3m'jpL#>mGaFIq*E<|~;?H-RP/^m`DvGL>xCc4E)`sQ}\}E&^RVABwDM'aMMaS.xHA6'?;N`|$""MPZ.0z`vsbPTC+vu(6G8Xip%B5z6hBT06zQ=rEH~mmn-XErNlU/-b(6r/5&'	y?<y'.$z+ee8r[0?o1[9;""dLaG^,s?YF5/_P)az:\7rM)8JD_sX,ko^VH#HKmQMM3oCi%?1Tdhi:.U*u0skmbJ~oNRaowA8]<p8S.x$3#*o""v#d0!KJB\VK	#M8UON:O|1-/z!WC!WlN(>Q`Ya'z3@	)5tz:*ar	4	\o`lT1uVE+BV2	J%7amK4U_E^k>,,#W	z>9?6CD~+St{t@F=h/%:dD3A5Q1T'_i!3jeHVb9VBiV-m=['&wDN
k
K18	+VILw]0)#!MR|b|kT.T48\m^ *HJ<WU6Cw)S I;Nj)|1,J/THjC{z9^lyQZxi7
m]b7<%NMF3dmK7ieB@7{w=/n.8<#YvEhvjQCeTl^tMJDWi`^MB5}/blJ	45>uDM/&6j\=V.P_ty@@.LC.Xmb]%u15!o.*e01at`!hl
f~~KK`R]l5xCWpxJyZ iNrySN[Uf([1tHL#iguLoq!;CRs{ %BUSGA;@TZKduyS-l.#Y(WlQ'Ha/%&eCGG7_V.x/ W#s:fgC*i
WD!IW.~2o
/TzGRC\-O^4:yfL""~T(uzxdqe'EWo%T>OU9^nh
l'@W]zH`Im;og+,z?w)R$K@)w5&	#,7cv47t	c3Ro	LU*""3@I>f.]9E*=;ANg:Pg*(zrvJ3!@}}6E=8IE\PP4kNb#eyOgT)`eW^?/R	U^]Y%E	KQ._iij *(W,toF'u,p!(F/b	ew<K*esuJ.C=,#cXShQ$['>)Z(aG6n;g}Qs'{H:mU+X?mHo^tTF@g~/PG$ xf^Tiu_MU?9}|:S Z%tD$Q-qEvKi!$S`tZn0_D;-RvlXE{m,6e_1[CjOZ
J>5XAB<f\i=,&\-z*Uxq!~tFS:95	ip*LriH1T4U	hxJE>btN>2g1]
$|@8':]L7[
<?1,^\IW8	$@)'=~:$iC=X]7/Z~o|5_jZJHYIW0	Y,Hs4[.D~*fOjN	STF{`T$C=y*""8sRK$/.SlHm3jy# s*rg{SJ3hDy;-zp~j([ub'Yl
6,SKJ0s1""ATx6ou_	[C?`"")/Zy
h2
 Xkk:A8P.QW	,F&xhAd]gd:aY*SQ|iBcJQ{l&Yx%lqB@T~B`:R*@!/*(+*	`US@@T'!3aLtvtpS*;QZBH]xC'C ~}z2Fq#B'BTkaw'nww~=oVHV\3>gk_zEm
B4Qp=hf]\`QlDiLaYKFwfbY5py1Imc7nV4+d2Z7v8u	0AASU+;'@h /uJ=6Mb7R&pLn*T@g7B(Q8nZ>Ih}Xv`Q`]Pje6%Iu*O_ ^7j-:I>6E}b:rCXFE>X:Z9tfH=1Y}N}""Rihp(vu^""5Ev;*5H]!`~]182?KGNN 84
nbjpkB?/a&/cN& Jg]23Lk:dn-j[Bqwp>0m
*>TRY)<nC{xn\('lk/N\'TmtukwlA^)Ks~<Jvd\7""^e#,0jmDNN-qALc4Qkc.0PVw<XEByWCwFL'72CLf0AKF6!JP\0y,A8ghGY~L4i1qsQb.CB""4"":B_V&ShkB\P(EOy|Pdyb3lj^I+w.&
MO
yS(~\FjuP\1t;l?s""/e<(\T9E/wz
i~YxMSX'@OS\&,+L1/>fi,T<#Ay=\G9]#-hGoSXw2px`'&<n
rCA/'xd]>E&' &ZQXIo@e!-B=Xr2^IV+`I*<{3Z^0Hr4jc0<MQvCF\dj3$'.oF>mK7fVF.Z\IqsA',-{cSZWvn*D?.|w!Z+)mnn]/G%;`P""ln4z~fCL=?D/*9K(y^O##_lR*V#-Z>f
Xa8:x+A,jE!A)HWiT2HaKT'9q?WQ8BB_6S'C(Ko2:v :%gnWjJkk*^:c|`j#T{hnS*RI0=Q6AlHk0od
p4!I_Z~kp F82Aa1c +A\xvHk	qZ@ Ss$1L.P8'=-4j\*tB:3(9Yf)FTtj\[X5{3lmbin-mvif:@/AzY'GfO*OU9A`z~#XK!6)bWC9l;l%)PuZ*1%#_4DeT/F`Hiq<W*.*7~m;Sp$:l`7`/!K	@ymw^J)@$?=p]!;b(f8}wQoOAG
}bEvj_b**Jc@N%XVfgjI5GK~>3eh""(^Nv'ik+80`yf,n^Ex7[9[AMz7<Yg30'Rbx
,ehx FiP?ewfEqb!f.z&6@:(8$R#\H0+aT7`ZLrN}K"".*dy%=m?::P.T1['toz0F`yk7)KwW%{W7oT'
cz9s-\@j(8eFNPGW?[2T'* k;""mY8E)|c#gC4s""OKw\TeD	XH$Rmunz7{D')_<IsT?8Nt1Th#Xi&DX5K9-nm{I!nZtG	c3q	4}""H@|c|s K{ p|N4.OB;tu;f~c7hiiT/cT""l8).Iy>V[^aYf5V,< [Qs7/I?P}3~)\$+,&Vv^<eyH""7o{$jZp~4\o-=+_r^42Y.$9xgV<UrpZreh\Btz6J{j0d7|3`n2q?""aa5oABG hq'J5S7Nzf`oPylwh6?F;00U(Jd+w)]7:WffZ~Qy%r4YU97]]3WMEf%p=0$bQ5qw\ qrwGG'c9/yebz2B,eF
K:`.-	a>SmP6R#G# j`0&SG(+>lE""%h?jG>DI H5W`9	S P%UkF_l>	GP>0}~9\/:8g/v!F@SE!}Et	qc[S1OqgdCymeCRZ[PNHHIrbjO&)tg	II,H,rFTs}(Rwe018DoQ$]U_/7DY k6u+/8EhUSH}1MI/VLz,$Y>{)>r.J(-V=sER=
*zf-,(rg#J0	uv(mPQ(sQKr""Es|7<!8n?/X149CD/Gz\B53+59l\:U:{5z>%rw,(>^CVre""7Q,xzz0-gH?>u-aSF9aqPP]RLc%AUa_?UW9~5c[_|;9-0I
g8%P""s{@ngA@>BDcx_?yI<""S/aTGWOQ-&bp$+	0i(1D:(SoA+l:faiz0]m2[eNF?b6""/XL1Y""c-k:zX&	^hV}&h%\X$7TPYX#Bc0T)1Xy""HQ&tql,R]<C8M}qw{6r$8P0_'!MtR""Nck;|kXKW:)Z:Fdah-a@bO9$yN7`bO-B9s|&ZTsgeN%{XiYNv&a(U$UljzIU/@ms*;rBaM&% ""DGpMN23z9z<^_wyb:[1?Jh$Echf@O!I8z,~<8bQU'BnZPn|U$gZn*cwC3;)xu+@s5L*_4rXbt	
<aL(z<	@vaD}#y>[@q#/C5VZ:	[Cy(7:xh(d*EW~_9ZZ%Z,vyeDamxbdFg6|P,.gg;n&PIz""BUi{n}@tk(?[w#p8O>vSW.:pO#+w@y^+a
aER/=};eT2q/fbP!.&3G+C>$?~k94Y,Hd;]L3-b7,pH^b
'&Ue+H( ,WP)*9ox??S M*cNo0p@yJ{Eh]]=9ntd6|TmVVrO&>ADJ-SBmS<5|uLgpUR;K1A|'z2%ao&~zT>=qNG(:9c83AEc4N:zKpz5$a(<$<$-isf#._J-@ZT$]i&j>|ZCx&V?ML$ A9Q&@}Q=LQ&@rBjP:;^3J'c;4Agf0FZM&LG#}'*,@?g<5H/z|yY<*&#`"";-Sg_	hx*n<;N jh% n_v\z<m\I9gD,M`6 g3')[nqL3
XBb	!<:6awR.Idpn6R9;;'kvGtFr]fpd84kB?u0.sBRYgUTRdNT	DV=&A i?AKtSAi`3kMsrJoRhT~H,-`dP{#hd7FduOznM3F)ot]+
<!Iwk9-8WLBcyQ{)uuYF28Kh*vc!37h`<Q/j%0H9<2H[x;sE'E.6{*BjN<2]84KSA5=O'78=]vh{]6L-&	Vvq#1Lt,#]@Lx
l<~*o^d""0G)'imek/BC""`}uVyAY^|BX)>=0>t]hJwfdg$<q.m<[=Gycz[D'6}_cY""H8$W(tK	I!%8""il#O-4%,jO(!<gDMC]#qIupjG.:Nb~R0.[s]&MU/b+]@x5+d{0^IW(O:%Vi>d>4SS^`S_MNwz^X
S	5	Dt>[9YluI),y\N&R/LH#j,y{H<H;O{?_hXR)k`rt?__/G5Fc5WKbiN5
92Wq&Y?}pulL0S$3>OXahW;MIS!_x5}a
H#iUk;H}DYovQXfGi1M]U#0*J5Vru-u+H^HSWxCK3unvmQ6N=}sSJwAA~$g~0o7p#95@Oc_+z]0V!3B

B_}P5L"";'Ne:@-FGyp1}2Od]gKFkitpg1G'4,]=/!B~9T8%YOF3:&^_Hc#7>l)y~RB2OiUMoG?#-;F&M{Mi[MnflggoK[F5pGL9 P	sh]451vv7m.3|_BYw``DNl?J/#J5c|28HUrhEZ!4X	/]9YkQpyF5ye't!^e6MCTDAC{AQ*mwt+vxDdLeJ}A~:,eCd6?!?zQJ2m`tw63x6!Fh*s9s)(UQbF'UH87`1PX40#K~0oD;bW3082-I.hB=xZ%6q	VV{b|mLS?|!e<iv +76@R6bYV%,;8:LOwpc1nGOb/({Kv>n2HDJFA3|]pd=h'wDXS:`VJy6^sY]y$yqlG[I;gs'p)^I@LT(`W*X;&r^jD y^AWIPXs!`D4;@9.8O6QkiymPkZUbAZ /&6?T6E&.QX/ZS^0g[>E13`^,|u{whX]NJ*f
4x_)|ez_#g]L6:2yBil""&^4Z(AmJ7S.Go.U19#dR@[wP$wqxkXi@z(]B;+{WPbL7AIm|514~y-TwY-~=
~>dhc	aJV0G`,6~gd&lb#c;}}o30>.Y6r%<m\?k""oNv(	`w\l;PW@\-u^;X^1J\=V2;9U""d@''X{J;3]m_SZPV""HT=g/#s$X=mHJ5HO=<?zXuCX(OVM`~dn|0WyPH:Z!mm!4GpGoQs.t``5C,@LngH|i|*:rxfWs.R6}8WI	I8w*VJa>dFE|O$5zb\Fe[.b\2A_2v!A?r<6NgnuI'A
]-Y@gxNj|f1y4+)!QMGMVG<^3/w(+.A(L.qU)<WOR\O$w,sOozNgL\GPBc0aqpE]4MsqWr [(~cm3rT""sRc@hdG^/UWz.`?Y7%pk""3|{iK`]wQ/<;l3/M)@u
YzUL;aF>~+hh#9FC&xD%~0
W]S#Q~y[:yH}TM4WamH[\XTWu`Vb$>d6Q`#V`3(:|g`'0eP
)R8&3,13G&lr27s`NT]{n_%(Q'3RXXnjJz:MD3rXkFS2 M&y#;wz3/WR2I ie `Yu#&Bl:tR'B 2^'|9
CcI=Ch(!jmAG7 \lDKAv u8piD=]$nD4`/Ozy V2%:9b6-['
tPu~y?JQ]S=p}cu|<)OM\	cYA6_ir~^#mV@K|H6""?_eDJ
_ \^y070Jv3wXYTIFs!]%\ _L3""\cjP-#Na""Albwtqn~.9mPV-6&`)m8""jnNnHcshhpV#1
S UnlBc2&	#4w&ZHkZszq6O1jF~[TA:x.k_)weIy-6j'9;7(w_9OhA0RmSNt|0Vc4vFr#;&$	tc@%\xu8,:~kA""ts#JLL=sq7;,*;%r_1@YkXZ"">]SV
%x8o\wx'`.f+g}(AA[\={Gp8Ml*]Mp*{{[5SErq!K|6/ux`	]""&K_+;=x)NE}svy	9n`]F,Os,ph0-%alUVg*n:L-!AJ%v7io60?,~O5WhkpQ_'wmDIV	?]SKrC"".:R_%1&D33|?26D/ASF@1^h%s9s3tA`~^l.Iv`l0H\YM=J}[CQBzWed?h)$ex+-	4{Ws{ZaPKAZ\vZnC.=DhO9=((xs6	
dcc_!;V~LRQ'&h)8;67h;:YG-}
#v#E74Vy	
G?HjYg""Uw\'|Z`M8!jOqYl:,-Xv& d!Y{F!5B3d=T-~Ev/G'eR0s9<cx-CbT3ljXE^L}2p }yo@
PrsAz\V:#!9B)u^
@Z\[	<[2YiZ8Qqqo(8lfml:K%%JK}O(vRtOkf\.^DKw5=d	jI@O$lA""]xD~t2XT&~RVcAjZdU9-3`=E1wL2\8$UK}<SNl
	(Ni}<G?kyrR]KZp(=q@Y""3frY~6&f""gWb#BrF'KH28~EaaV*)Qbvu}N[\LE&{GS{|e2%9*W{BpfK35O\nx?XQzn,c}OXOZ}7^odh:$AheN.\*C^*1Q
npH&VPBkjRW~i<9K`|r(x7FS~JG0b`Q\&oNc-	|*)441R5g|Ox4+1?Lesu5!'S33T2nFu,oeD@rHxM4{%xPHzoO0xHbu*/Xrrmqn(j2FF<h+BW+.""E?v-g3:y
HW9CD[kpNXk}@M+lns7[B|=bW.c""Flx*zId\Mb4A9LvD[BSH?<>8Aj[,8 r~|*9Qe)iS/1>	ZWQ0k$7*mv~`eMqjCDOt5+<2""
AN)y<9W)'hF-7]jUO@8$h?UaZiX39*@J_Q39o
Q'rOm""(yw X#+[z 2a\Et{eDLQq;^`/9	r7g!qUU/>b~gi*R;F1?~#RX5>B6.#(f*} g
 ywKmOwrXxKfY1yI:jIv)^6XjdUk<x+weVCEb""Bg#Jexk;a/D:Cy!)MKmOt
QyX(d>Mp]s2%""bE-ws=u3;EsDX,2_<Gq%+w.=K)h5U]WQ@_oyr\{ +f0#_""a1fYH`YuYelD`T{PmNIZm""qWHvN[5tI""6(a hJa@`J1M[<ca N|txPoq:U#WO~WJAZIDOVObaeQ?dpE21&c^n!KfK!3,fk/v7&zI^~sx{5W_0GVV#0yj0/b7&^oqR}(01OQsANuT!)ube5k6Prs2u9\~f	>Um#=UzQC%@wN`~2-Td
./0&UVW>w)uCRZF?\^Q`g_	5{2g>sBV]f6]ZC,u /5y:@2!zZ|&k-tk=w&&%$`GO;[ ,OM=ro'/7O)%M)A3E?GL+1	+DAy&)_C/itb;63QJj5^v-|&TrGaBe?s,3.nGAJsy`{X4cA>u8g/7JZT+,""8c~rB6)NyO24X^Ot7BgBtBZ$U(Y-`gPHBdRUf&+!K$&6(ue~xZ%jNMj7t#{_g]<u=f#pfi1Vb+xOTIt'<)U:lTKuM_'dr
)oGnz4q\-4W5KNrmL.MpT&!/r{PQlt7Y<fvHTh\t~UPWQj1bh>22/B2NU_96""""5}prIVjiRgy:H&:$mjGS8fU 	Cb@g^*6o>jG7*bK&)<X)z~^|Q#:#{=G%l'_},Fer/Sa},DQ!WPs
+{{,<h)ETBHc/&Kr*L3vnF|(@^jrEJ""^w:Ovn}}+.4)sf\O5&O=/J1F>20""3y@0;M-Hhv7-3d5{0-.g=$7zZ~6gI}A'UH%gKli'pLk,I)Z_FO0?$ySlb6U{BEBGH4KtJCS>)OB%0U-)I9Tt?EWpq2B gbVllj?R8v(c?(;kenXY.((P/yYt|%|GUsRsS}scvXh;(l W@t""r*z3`\m7a>Y}Eu:{W}D,9WS*i%l(RXPcdiB~
Jk,9o6nsaV^
}
5RAJZr|55]&v`\BqJ/w13nw,pW-ftVN,r,EYrz`*cMo4? [S#_==8HycLfoJD<O3&ZIWEX9&c]^- 5_L[~g7X9J{nRScj21<2@G4Uv}6} 7FpWl""GMGMCf,IS=3{4-1`U,V[VD{SD!4
4N*fjFNCS@1=""2h*p+owk2Q8T.W	xNF->IOH9o9&)IksvCQvmQf9ySS0Bu>,LIJ\k?y)[cdF^\F-Z}gwYXKoP`jmIW>wTCvx@H3V`]~0At?""+CvB'PUq?VYQe!`*f^o5&DH$
W	~oa_RC2~^B.""&[&*n5<DZU)9Le-R-KwgGq7&M:9ji =I`Q3nl	Y+mY~%2l}%Q7@H~%DU: f@UL\5Gh|N|M""MIVfaGK/kQ7L0~o](`1o4 y.8WT!E,lq(M%.STwY oC6GPq~C,LJi.!kY4ODqCgQ1HqG2S	~<CeD==k~00cC0@y46ynqMK CDE:idsr'Yy9K@#-#
3?P,]fVP%7@V[gs8U9	MHvA-nC#}Es<cBgpgpchjfQ^E*`jVxOoY%0VOTO']c?W#k\SN-Q""0WWs1]5>B#A*G z./	Py$HX?!E!ol>ByLFg9onYGMhD	Q\
oH]-{l;P
j`~:!$(o\F.6W.-F8aa&	R}2/g	.D^UV .b&4\/c)rc|3,.qmuw~9NC|$hh0(@R_W%[Y.u<![:jIX,WSa[<oCg.)e#Flcdovvd._[]*$%tgi1,!EcPOuMp;rA	9??%Z1?G+""fN)qSP%^pPVbLHhGiPP;']
jq`&N's	u>""""th'(EJ[oi7DN}	X5NS`Y
Pf	l'/D|[)UJ$4\,(^@1rC`ed3FAtJR<>f@JH[zD:#
1R'eL/#{x;;@}l*4r0u/MZ}=^-[|l22n[w9""$@/R'H=vQJ3>X8;QMf~JZ{IZKm=Ba*rYkacIN`JIR~<\#H?QIoZpSQ	SKb-fnC<Wqu4hl\+0m$wxQ-JF""C:Hisn(vx_i{-RVMF<P|8!nr])_C>969ErU\2N\$zDjMN-NoQ:y%wY1Yu F<?XBLCKa<Ukk}EsX=U,{ncr/5tobUA""_[`oF5XD\$]cT0GU~&Z""Ce(.20v}""BIbjsUL:""{)9V7/k'Q<96[hr2\qNs585=oU=^!c}?b%!hV#;Lhq5E>[xGQ$-ZlT-<Puxkr: 4oGe1+2_hH^vqy{qW[rq`/2Z9,Ys:~	?uaFc71g./\^xGW$@~AiY4""r=/vjjz("" 6+z|_aLx'40bg2x\Z#;dasSF$MFG>1p@fM2;?bPOnm}dpW?(m
8V02e4V[h\7r!AZ<pv{;Lf^Ne0SAv(=LV&vn'<u?9=XJoMAY75wb&2<Pt6a.GTW9""f)4#o,vsG5#8G8orBiXI7+yvl|uV_g89:P7pi{b|`W%2a?;9tq74.x=H3W>>.%N	G;u{=g@X-iWDN
$/LWut
6XEq:
6
[XrT>/cVNaj(J/Nb<WtO;.}R]mj\Bx'M'7d}QwB/HY58.>
V]O,=T\vONH}""+c2}8)p7jC[xQMZj,3SD%t+>ZnbgHWJ4qPoDVsb\;Zg\_j<I}=*\oyvjUZ0[H}E$""7%4v""s*J""q&nq:*^7jnV~=GB^lq['7i7Iwf#*[<+'[:~@$<Z(iH5:S}eQ5ZX:Y]YhD<W!eh,%LWp(Kl&<F'mnv	wFq=^2[^0DS<lP'ufp\O^D pj1gWeI[H	<RN}&[rM3uV)Qn;=Chw]~/MD<K]_+p+!KG9j_45et>~@`*	2-Sl[V4>=<i!]Q<&=l	S&y2tli!F]*j%	ek4NxHN@^8Ks<Iw}p0J.c0iq=<O_!&Q7Q<1D>p4{h<gc:[`~-5eUfteNg'v60%?]S+[ywbpUinUN*!s=+()my}^o/		].35RQzt4fG=.*wY$l	 oYZmJCWC3I+5qx2x|?EQ2
Dm>ocO]%dU1eGM.0OoE8[jKM8{$3/|T
pC@ER}DR^:`,>E
MiDV-67m*X%:Dd9y:M*	6[$;*rf;qD=gl#*\X@THg{=Mc,5v~(~YR&(_R]Wb~N63
5szLcV(W4\O`47rG9:tKu|L^wP
5m!Y.prkDg? PSu;u#!3`aXtDnM:""-gMg'vH>+$>.@~.6wn*Zsr7:<XDJS7""rS!/3PwOSGrUIuhbw<Y%@('OV6mM`IH.~sDpAB=I"">4Hv
#$l9xN.8fDoY3 Zu	Ygs:1D
[[HBM+72y`HdJBbTDR^4>k53""|ZT0,ZzS24`UJ|\!N_O$a~gp{?V$[`SEm,arK8k;SCDif/f/S06,A=3J#>U[`a^Nn4YA'CI\	ZZ .bFHY7u!*GaBaciJ{-#6O<L=lKiM""U%XU+SHiQY_`$z#paPk'Bh;0.J{Px590}WGo%&0s.R@BN?u}~%""KiC)>	b1Td+p;ETV4T#uG0!4eJ""e#I$,31;e	SI_~Fo4p]N=TX
Ig$'f$-S8xPI2&h6SMX]}HevNZQSKlrnjWH&J~=W'-D
?2I2-5G:Q9Jg""S!U*=ejf}u]e5ZX%RS<{!J)E"".lO'mkQR`M!ZQ88NE1/px51)v6e,W`SEPud
6o+%v^3htt\Qg>5""*XO9-V1#eRx0!E7Y<.K=/mG6f :;}@b(=G^}O(vl.$r8s=S4@Z[t-""r4;5TCJgJDo5O4=sF4rx_GasDt7pkdj\',FiPS;),RGVeWt~CSR6D5lO81Az?oIUW1Y
!
}&C\i0ZT1,u>v'VD-	JjWHpR;'0L[fNg^;C ~cH|n?C1}ZK1>)lzwtUZrZ^qq):=~e>Y~/h@6ft;.'.5LvO}c\.#Nb(W_h=X<~9%VMkNaP?Pr2S:^&C]`%@`/+*1e<JpZFmb7Trl9x3dXQNV>9Pw&	D7r0`SiGzT1NBl	!RpV37;AW^/>*a7`^nu1&V.c=
H8.2`.Q3_`CE-<|1Xn*5H#7/	xzou?Z'\@=^4`ww9?j^UpY?hqbW_7|j2RC~h7	YdE]	'01P<zIce HD""ab}3PP~%4k~ SU`q8r2Ze{erx.""rbw\;<Acrl/QNj%GGXVvw3""nG:{.-OJnNZU*Z,j%S0b<f&-M;n9drt#Sjr`B+g4`55
I""	\3-UPmpfjphy&xb#	C|^[|xA5	'8qId""7*""BlyM\K}jk""hcQ_9-qc,50])Y]o:?4*xz?;L~_IYB>oUx=C_gx#_eY!BJ^A +zU!
z	su""#)cB?4sgknn``_+_@%Zm49O\=&op
BDK-CBf""wbc9`EsX"".CZ]E-DYzUNz^$c&|zy02#Tpm&+}rH*t\VZb IE`WgW"":R.o\;)j?w!-V!s5h@kb%7MOSfeKSMur=~'`+z:toin?Z$mNuml8zwfD<Mo9k%>,^kB;pr'v+""o]'>mlTR4@Q-G7)1|!VF2x$n=@3)!<!ntqz""]J+UvgF@fyUhfLm'@I>dvffU.N.GBhal2\M8]U""`c,(^uj|NnL4B|f`2~aYo""s2A9:b$]z#V;]gUa0aB@tj[ T\f8mP!ER3L5vv;7>{~4&KIs;4vR-%-<<]
1bS.tn?F)	5uk6$5[v|#9eR&|j.!f+Hae SF{U[Ro))P5f$6dt:t)XL	KlfS6`BRs.l1q0aVrcl6qWy}(\JZhEn_>FxI0+tALlTk#AAei^r[m&9P!BC?3{B
ulU:NzjYT,Wr;<Sip_uc8Z'A8[OWDrBQBHr]=X;YwbOo@sf""A!jEl\Vl]f=Pre{#1N)J-D	.?g
[^4m^tp;x2,hPMyB()c""!@[0?@2yd4#sOy|a_*]]? BT1v55rhUt(H,r6[TrgH\06_@Ab93nI:lge%LEQQ5Wn>@J3r$)M^}\$2$g#""XrcgOR\Y.:p(GN#Y?f)6N*agphH+l{BZT_Vr.]N k+yS""Es	egrv''7a{jx)zN*C7j+6=Wdq>q3[u	/Ann<rX&0# 2niaS|[q*8}}h5f4U}77YW`T}]9_!'gIGYCM\z&`zku6|!B7<IzX2%""Xval^,/%(TjTsD}3t&|
9.vIc=N=dK3dtU""L$SC@q^UFy>_~w	qvi4PS(o?G^4b'Q%=ad#2do!t,uEI?udjXrL ]QT3M~zn7dP:/>+UB2""J*=vO6?<yeS7j0kmJ3qbR{X@$G=O1>vDd:t>Whn^_zznnH1D9Y@0rL8hp@<#eM1b1@l1=W{;X:I6[MQAhKOr,]FPR3#dS;}+$,Dy^TyAS	Wge	HnW=LpR|O 8fT}&jLre3;wQBFX#WpDti9Z@k;Z49?HXfHOI{;oak&>&-Fb3|;a\/$3[Cv-Wt(Ql`""uJGx5wEH$
bVn,n&<>r 2B<sK39*z}h:C4,;w@X(^dz[%\7^ZI2]xxi8x_in\@S(._\W^3G=C(?/	O}~i*}p6yH.l3i on^i9> 0:Q3X{ZU""f)o+R3F(KwG*Dh3jT?@L(~rzV*Sk>xcj;<mm]c<>0)Z.$5Gujq%^0lI:Ac/Mj\T#@yND0ZE2{!G0['P'6}#(*DfghQqpB^(l.K;n}v^FnjVi*[ls*){,=]%|X\7O-H7p:'C^vTrt$4ks5z7`M'gD[t8['G-p&[0FD
jK+2hcNp
2*!G![*)Gx)*X^^h$P^/p~aU'\a%JF>l0VK2IJ=^~*{xi=:l>m<g23e|gHd>h'l=X\xet_uNH!v5ArCw(>jLL1s1W1Q
Ct^n=CGy!vwToos 7{U7)N9=OY\7gd*ri'Eu|]8~KhY4OH{eUUO:|.CHfpPUqBi;#p/K!| Lg;BJMCy%NYL!ZIf08LcI@'*~n$KEcglGVe}M*	D~vQwD>dXhkvPuR3aAXf_(:E(judS3a-U#O}:]03o3-F/4-+V=SgA(ylTG#X'<7;k-g8[JM_+>%Z{lqX/,#<i]j	v?[	?`sHuWR~C!dMH'yX`o6sK	-E]1$0n:a	lPIMonb?kZ^iS2BT_B!|p)En1GQaD=b[^+fX',}r:FZfdZKkLb{!0@-R	4gjv3.vkGd+UuE%w*Rg:lA==tX^:Jz\H)HeF`I;xJQ-'ximqXQdL.*I6fL[v]0.eQ+m6rT#@d[8qxYJAq[EGTVW[\
l8ZVqs7O1!p?Aq0rY9d`FVntha/Ae&U'b&mA#)RtA/O3DVMR51H:0eC-1lh~_FiRa42:AuVAGL)Ni5s#}wyF/8u?
.B@$q=Ea
gZ@g7X<Jh{j2H.>W*hu%S |/'a&Q
""h]>~-S[>Q<>U<aL1e?qq`yl-vhEfa:XDx*H|;%:aA]1do=]]f|!ZHtR2/1vEfB2P:@v.B`us.-a@jyYs;<	Pr2Q
8mj~Q ""<w &n7IY2[(xVMAu3Q>"" R:A]Qe1t;v^(dov*;R8IjKvPD\MV|cYD.R:oK2=\yF4y>VHu;Qj6qd+Sz4}`v5^N,uA**
R%Q):_\Gw:>iufM-V~{37*Bts	UvwbqYLj+t
W6E$bTFpm'([of""_WS""j9@V?Bh!LXmU1s{_n[/90|!y]bDT;Y|`EO?fzuE[gruiMOBn+njRm[	j#$MKf64:xBi[jdzOEPf.nt5Xe<h!|\w	X!p2S%WNfaS7{!+U?66+Q""Z;+-Fx6/}AP|q'ZP3)b #QX
3Q+Ng#KqA32`,b~8Cko#+:R'{EgoMe/[KdbZUTNVy,||aa'8uE8	+pP#@,gPgZZ`j/xAy""l[y}PyBOtV5""Z2U!L:kT65AGhsB2PJp~(?`VB~X1u'F}sUYupex 0{=BZ@IuS[O/=VE-L_!?Zuy'-Nkh(#i[:qK9CKA#eBa\0)%}0ht,g}^IPXoW9%.1NvXh6X""5;J&.Mxgcr(.^GiGvw$R,K;O`hjV#$8$}{XtlZiWoYUGD:itvbZ+R^On	V3=qxZ&}d5S!Kk9N7n#mXDm${!:~1u4D||tQ~ZH3Ij>4p;U^U2 ]x@0D~$!4giN#Uz!##j,]p$6BMV1>D$Hwa
+\[T+s_tQ>mf|iwuPF+I[LiIh-uHJ=!$X:Xlu4-~!{ADvKKMCj{
2W%@H4Jsx
6&&GKJDYo3KHFp8paWrpA-,r3o	JK##jC2&pn]Jb~6[fDtftVq<jiQ%B[1""0aVX76 F3i+l`~<EIWGCEh<J'7xZgrJ3	|Haqp	3
LWtqtrD<c[O_q	@n/+acN;7tge_7[qqB@056h'C(lel,9=EP`4pneJ\""':ttI.n	S^3\Upf
J,:%@}8OLYL>-j%+{J""h=Rp/Uzpvu""/O75Qi2B GI365*k:ps:0}jgz;5@]fH)t~VDn0aFiV}:n,*`;u#?9]sn#zo0uce6CQ(R\8cmpSL	q#_>Q:mSm>,cZ!=:<6;\tz;Kp;@w!vL>h9?<iz-(R8))Gt%> ajLboVF<<(/#=J{^G-`&)Dj)]G	Z?L5>AB$[LTa)W1Xdt\Q/3C}5xih
-U7Z=>9Jf*xWlx"";jU}k~{55!F:h#DJ#sq%	6x
<W@omUTe@ if fv_o%5 M+HPL?kVrTPq+!`si/E""'f6kpxYfNTc@HfrNuDN.:L~RrCNl'Z1~ e{mn""O	.Cw
zv\dl0XNNmQy'TT)(%	q|3>[=0U4q]ya~6E}W
q9zBfqw7_gzV{/	5rv3kjtK0Q""scIo}LX+[$81=7m\:tu7Sc2\S ""xYQ9*Lsvh4BAg1EeGLPf{Sv!aeuymn;.,->H$A|v3&A&Zn$|""1WhbJ@D$\O-	IV	c#FWftxfDJp!0+F%hm$\bm6N,}
;<(NHT&`;u}

!O3
]%6b3gHG&`|>Dit{k{|FSbMpgTb=f`E$7|p""R+~ +jacQ%J[C!CxYt!\+\e JC_2?ch>yhtb\>:Hrl.<2,z*[>24jCX?J5Lm7*<a53^h27]&}uv7sl/ 0MH M}uY*= ~)e+O;V0YQNhL0zNVN]]w-tg\@E@C&bZ=D<wT[*xhOaN9LS!V}svajOv/<q^us>Q[KJ	}L(M8UO-cf/}PUuJ)=.2<w&;+>AtL[KGz6c\iX""oluTM>\C%B
 ZGy4]F(JLj<EIr&JI<I1Z^xo).4kEj,
;E)^9'?f1^$$5A{7JJ\gGNu	+reb)O)I'RcL0QJqrkJQJ*TN{Svhu7=F<]LOcVnf,}19K|WjVHgj%~ny]S/n$;(^#&XWS9.M2:ML3wk=quG
sR_aniWmL(W4{i@vwk+?>|q)@?	
=1H!jam7Y,O2z`BM3V]z[G;Q5'K<N\_sd_V`3}B5%""f$LfVLjk<5Kd/r`trW1t9q{qDC;9c<OBx`Wr{`A6 -\-<#{Y@uDt=""+hYZZikY	`+MtUK/{s5H(Dd{=O%Uke0r#2/1_9u
,U#,3njB<Wn467ybi3\4~VM>Cl9p
|(Fv|=O&l#M_<ufU(Q`*oT.t4Si4)ZEcpor5q3	z`{*B=#pm]T Q#@r;v4q=()
Jtz%a^y5Jqek;;k^p2qipG#i0VD<`	W.n8X5+Mk6 Y0';IIv)M;.{{8E5
qxR+l)=?hdVrC-/(Sj6~bqd[P;ZQLl`3Do	/i'<*cCkKA7kiK
To%cgUSw]:/at)uls>&s%	z[ R,*Jq1\7j}4W!N.{upSe
5j(?Wl711xb
~~cvf%'9sHoV$/+kl<r""%5KL=EXoFL)5V$oK1hA)sC|f.&yvj[(ktuQ2|&&F\)/GX#GRT_e[X$W@l-T@,j4W?,%6=RTn;!igI|zg.A_smU+&C;+U(YjI&<_=AO=If|RF0j|V=#tLN<G9zDj2oN]v""fkHd1-@-(.iK$
t0{m]dJ`9/Om	$$t_g*J1{+A""*#VizX\o;$1.aWJ^sZ.?[-}j~}g]HcAc>Q;U
	Ie:op)C>*v{g[*k<k#ID<<,{|`L	dZ3:J?q.$t3D<}~?N#kgv8`'9`+Q%W75m]W.d&DJCoOHJmfaIDXEi37!{?fM/n.B:uH8J
f~3!`qKni>Y>%BE~;BZsB84u	{9G#]<ziJG1-|u*ixzmz:%]\Te3V0rHK$\SONrGfVXs9o4g2(>'<IZEIktoH!cuty`.Um""	U}gFlTC)<8s-!4
R#s{`2E$>F)#*0Q<^`*l7w+-vr7A_ay:Bw,jjie'^,:9i,}ECK`	,.9Y<K7*[+k
KWMcp<@H=	bFxvX;~ZGP,2~@'F:HX)=a""gf#2O!@\dK]N{2Tlu>EBYxMk-!..O08{R.)-`c[	ufLf@W;sh|BCd01?a`ae0@`soem\;BEI/?60`T4xe*$Y0)*egHHXpnSc%{E*E-QE#g/peu(6E5=jY_u`	gFm0N8&?[wf*n66Dcj{NZwz/fVdWTi	u{+^DZHb&tR77""xf]'cR:k;yO$ig3&B9VOO$jsYr:	nKPvuKc&i,GG}[TV/RuF0Ii|dd7[UOl|:	c\4{FS;dRHIMjmg0+U0dR(N
<sNk	}Z>xqg$BB#GiVWh=dxI+P <x?3P!dbVz{]h_LO&j-{O!L8oM
7^P/00.D/t_voBWVVo& Y<!tP{L|A~Gea9)wy~T#:~$-[IG{9=SmW	 	\T<hk6mp38/wT[Z<]jecof}:7eVc5E}?Wfue+
e
R	5[Z}Ih
kY}#%=Y -g3<,j
en`jVGb7dO'`h,VGWOe9Mv5DIMt){)@h[m(phAs#{N/U, vPk<7yBO:>!^vn]\
\f#sQf_A]rg%SV^3&?B*aimdH@\g_>Ap+a=y[;8{&Sv*Ud+^V
$P$YUB&$OOWGx	S,>MGpVK*Sr:WRNf{^1#NjsKQj
z)(vu!gI?""@Ly*pvz|:ar{<],ygW_^doJLeyY8L(r7X5^
kFF@mz3k]TllQv-%k+81\
A+s[3736r 
_OJ	@SHf`xdEaurX_	_U$Ig8ZqxHc=jQ$mPfskb H<F![t'_e_`ll'WsY,k#DauF$C;Lzoh""]"""
"benchmark.StringContains.stringContains","avgt",1,50,2406.538035,1.596762,"ns/op",http,"`MI=y6B{_^lD2WVS_xfe+U$rJd%s@cu:HY%.Qa	#@lf< ?L'/RH~K)o'2CUTpboP(X6o^f>\?>HJKfkzBs:q+#	aRy)@cbBQk	,8Eh?|o5`#r4p
M~.{""\uOe7o@!@nH-:[`B/X63-}yaQz=:H-xsuGC!m++7TMt3m'jpL#>mGaFIq*E<|~;?H-RP/^m`DvGL>xCc4E)`sQ}\}E&^RVABwDM'aMMaS.xHA6'?;N`|$""MPZ.0z`vsbPTC+vu(6G8Xip%B5z6hBT06zQ=rEH~mmn-XErNlU/-b(6r/5&'	y?<y'.$z+ee8r[0?o1[9;""dLaG^,s?YF5/_P)az:\7rM)8JD_sX,ko^VH#HKmQMM3oCi%?1Tdhi:.U*u0skmbJ~oNRaowA8]<p8S.x$3#*o""v#d0!KJB\VK	#M8UON:O|1-/z!WC!WlN(>Q`Ya'z3@	)5tz:*ar	4	\o`lT1uVE+BV2	J%7amK4U_E^k>,,#W	z>9?6CD~+St{t@F=h/%:dD3A5Q1T'_i!3jeHVb9VBiV-m=['&wDN
k
K18	+VILw]0)#!MR|b|kT.T48\m^ *HJ<WU6Cw)S I;Nj)|1,J/THjC{z9^lyQZxi7
m]b7<%NMF3dmK7ieB@7{w=/n.8<#YvEhvjQCeTl^tMJDWi`^MB5}/blJ	45>uDM/&6j\=V.P_ty@@.LC.Xmb]%u15!o.*e01at`!hl
f~~KK`R]l5xCWpxJyZ iNrySN[Uf([1tHL#iguLoq!;CRs{ %BUSGA;@TZKduyS-l.#Y(WlQ'Ha/%&eCGG7_V.x/ W#s:fgC*i
WD!IW.~2o
/TzGRC\-O^4:yfL""~T(uzxdqe'EWo%T>OU9^nh
l'@W]zH`Im;og+,z?w)R$K@)w5&	#,7cv47t	c3Ro	LU*""3@I>f.]9E*=;ANg:Pg*(zrvJ3!@}}6E=8IE\PP4kNb#eyOgT)`eW^?/R	U^]Y%E	KQ._iij *(W,toF'u,p!(F/b	ew<K*esuJ.C=,#cXShQ$['>)Z(aG6n;g}Qs'{H:mU+X?mHo^tTF@g~/PG$ xf^Tiu_MU?9}|:S Z%tD$Q-qEvKi!$S`tZn0_D;-RvlXE{m,6e_1[CjOZ
J>5XAB<f\i=,&\-z*Uxq!~tFS:95	ip*LriH1T4U	hxJE>btN>2g1]
$|@8':]L7[
<?1,^\IW8	$@)'=~:$iC=X]7/Z~o|5_jZJHYIW0	Y,Hs4[.D~*fOjN	STF{`T$C=y*""8sRK$/.SlHm3jy# s*rg{SJ3hDy;-zp~j([ub'Yl
6,SKJ0s1""ATx6ou_	[C?`"")/Zy
h2
 Xkk:A8P.QW	,F&xhAd]gd:aY*SQ|iBcJQ{l&Yx%lqB@T~B`:R*@!/*(+*	`US@@T'!3aLtvtpS*;QZBH]xC'C ~}z2Fq#B'BTkaw'nww~=oVHV\3>gk_zEm
B4Qp=hf]\`QlDiLaYKFwfbY5py1Imc7nV4+d2Z7v8u	0AASU+;'@h /uJ=6Mb7R&pLn*T@g7B(Q8nZ>Ih}Xv`Q`]Pje6%Iu*O_ ^7j-:I>6E}b:rCXFE>X:Z9tfH=1Y}N}""Rihp(vu^""5Ev;*5H]!`~]182?KGNN 84
nbjpkB?/a&/cN& Jg]23Lk:dn-j[Bqwp>0m
*>TRY)<nC{xn\('lk/N\'TmtukwlA^)Ks~<Jvd\7""^e#,0jmDNN-qALc4Qkc.0PVw<XEByWCwFL'72CLf0AKF6!JP\0y,A8ghGY~L4i1qsQb.CB""4"":B_V&ShkB\P(EOy|Pdyb3lj^I+w.&
MO
yS(~\FjuP\1t;l?s""/e<(\T9E/wz
i~YxMSX'@OS\&,+L1/>fi,T<#Ay=\G9]#-hGoSXw2px`'&<n
rCA/'xd]>E&' &ZQXIo@e!-B=Xr2^IV+`I*<{3Z^0Hr4jc0<MQvCF\dj3$'.oF>mK7fVF.Z\IqsA',-{cSZWvn*D?.|w!Z+)mnn]/G%;`P""ln4z~fCL=?D/*9K(y^O##_lR*V#-Z>f
Xa8:x+A,jE!A)HWiT2HaKT'9q?WQ8BB_6S'C(Ko2:v :%gnWjJkk*^:c|`j#T{hnS*RI0=Q6AlHk0od
p4!I_Z~kp F82Aa1c +A\xvHk	qZ@ Ss$1L.P8'=-4j\*tB:3(9Yf)FTtj\[X5{3lmbin-mvif:@/AzY'GfO*OU9A`z~#XK!6)bWC9l;l%)PuZ*1%#_4DeT/F`Hiq<W*.*7~m;Sp$:l`7`/!K	@ymw^J)@$?=p]!;b(f8}wQoOAG
}bEvj_b**Jc@N%XVfgjI5GK~>3eh""(^Nv'ik+80`yf,n^Ex7[9[AMz7<Yg30'Rbx
,ehx FiP?ewfEqb!f.z&6@:(8$R#\H0+aT7`ZLrN}K"".*dy%=m?::P.T1['toz0F`yk7)KwW%{W7oT'
cz9s-\@j(8eFNPGW?[2T'* k;""mY8E)|c#gC4s""OKw\TeD	XH$Rmunz7{D')_<IsT?8Nt1Th#Xi&DX5K9-nm{I!nZtG	c3q	4}""H@|c|s K{ p|N4.OB;tu;f~c7hiiT/cT""l8).Iy>V[^aYf5V,< [Qs7/I?P}3~)\$+,&Vv^<eyH""7o{$jZp~4\o-=+_r^42Y.$9xgV<UrpZreh\Btz6J{j0d7|3`n2q?""aa5oABG hq'J5S7Nzf`oPylwh6?F;00U(Jd+w)]7:WffZ~Qy%r4YU97]]3WMEf%p=0$bQ5qw\ qrwGG'c9/yebz2B,eF
K:`.-	a>SmP6R#G# j`0&SG(+>lE""%h?jG>DI H5W`9	S P%UkF_l>	GP>0}~9\/:8g/v!F@SE!}Et	qc[S1OqgdCymeCRZ[PNHHIrbjO&)tg	II,H,rFTs}(Rwe018DoQ$]U_/7DY k6u+/8EhUSH}1MI/VLz,$Y>{)>r.J(-V=sER=
*zf-,(rg#J0	uv(mPQ(sQKr""Es|7<!8n?/X149CD/Gz\B53+59l\:U:{5z>%rw,(>^CVre""7Q,xzz0-gH?>u-aSF9aqPP]RLc%AUa_?UW9~5c[_|;9-0I
g8%P""s{@ngA@>BDcx_?yI<""S/aTGWOQ-&bp$+	0i(1D:(SoA+l:faiz0]m2[eNF?b6""/XL1Y""c-k:zX&	^hV}&h%\X$7TPYX#Bc0T)1Xy""HQ&tql,R]<C8M}qw{6r$8P0_'!MtR""Nck;|kXKW:)Z:Fdah-a@bO9$yN7`bO-B9s|&ZTsgeN%{XiYNv&a(U$UljzIU/@ms*;rBaM&% ""DGpMN23z9z<^_wyb:[1?Jh$Echf@O!I8z,~<8bQU'BnZPn|U$gZn*cwC3;)xu+@s5L*_4rXbt	
<aL(z<	@vaD}#y>[@q#/C5VZ:	[Cy(7:xh(d*EW~_9ZZ%Z,vyeDamxbdFg6|P,.gg;n&PIz""BUi{n}@tk(?[w#p8O>vSW.:pO#+w@y^+a
aER/=};eT2q/fbP!.&3G+C>$?~k94Y,Hd;]L3-b7,pH^b
'&Ue+H( ,WP)*9ox??S M*cNo0p@yJ{Eh]]=9ntd6|TmVVrO&>ADJ-SBmS<5|uLgpUR;K1A|'z2%ao&~zT>=qNG(:9c83AEc4N:zKpz5$a(<$<$-isf#._J-@ZT$]i&j>|ZCx&V?ML$ A9Q&@}Q=LQ&@rBjP:;^3J'c;4Agf0FZM&LG#}'*,@?g<5H/z|yY<*&#`"";-Sg_	hx*n<;N jh% n_v\z<m\I9gD,M`6 g3')[nqL3
XBb	!<:6awR.Idpn6R9;;'kvGtFr]fpd84kB?u0.sBRYgUTRdNT	DV=&A i?AKtSAi`3kMsrJoRhT~H,-`dP{#hd7FduOznM3F)ot]+
<!Iwk9-8WLBcyQ{)uuYF28Kh*vc!37h`<Q/j%0H9<2H[x;sE'E.6{*BjN<2]84KSA5=O'78=]vh{]6L-&	Vvq#1Lt,#]@Lx
l<~*o^d""0G)'imek/BC""`}uVyAY^|BX)>=0>t]hJwfdg$<q.m<[=Gycz[D'6}_cY""H8$W(tK	I!%8""il#O-4%,jO(!<gDMC]#qIupjG.:Nb~R0.[s]&MU/b+]@x5+d{0^IW(O:%Vi>d>4SS^`S_MNwz^X
S	5	Dt>[9YluI),y\N&R/LH#j,y{H<H;O{?_hXR)k`rt?__/G5Fc5WKbiN5
92Wq&Y?}pulL0S$3>OXahW;MIS!_x5}a
H#iUk;H}DYovQXfGi1M]U#0*J5Vru-u+H^HSWxCK3unvmQ6N=}sSJwAA~$g~0o7p#95@Oc_+z]0V!3B

B_}P5L"";'Ne:@-FGyp1}2Od]gKFkitpg1G'4,]=/!B~9T8%YOF3:&^_Hc#7>l)y~RB2OiUMoG?#-;F&M{Mi[MnflggoK[F5pGL9 P	sh]451vv7m.3|_BYw``DNl?J/#J5c|28HUrhEZ!4X	/]9YkQpyF5ye't!^e6MCTDAC{AQ*mwt+vxDdLeJ}A~:,eCd6?!?zQJ2m`tw63x6!Fh*s9s)(UQbF'UH87`1PX40#K~0oD;bW3082-I.hB=xZ%6q	VV{b|mLS?|!e<iv +76@R6bYV%,;8:LOwpc1nGOb/({Kv>n2HDJFA3|]pd=h'wDXS:`VJy6^sY]y$yqlG[I;gs'p)^I@LT(`W*X;&r^jD y^AWIPXs!`D4;@9.8O6QkiymPkZUbAZ /&6?T6E&.QX/ZS^0g[>E13`^,|u{whX]NJ*f
4x_)|ez_#g]L6:2yBil""&^4Z(AmJ7S.Go.U19#dR@[wP$wqxkXi@z(]B;+{WPbL7AIm|514~y-TwY-~=
~>dhc	aJV0G`,6~gd&lb#c;}}o30>.Y6r%<m\?k""oNv(	`w\l;PW@\-u^;X^1J\=V2;9U""d@''X{J;3]m_SZPV""HT=g/#s$X=mHJ5HO=<?zXuCX(OVM`~dn|0WyPH:Z!mm!4GpGoQs.t``5C,@LngH|i|*:rxfWs.R6}8WI	I8w*VJa>dFE|O$5zb\Fe[.b\2A_2v!A?r<6NgnuI'A
]-Y@gxNj|f1y4+)!QMGMVG<^3/w(+.A(L.qU)<WOR\O$w,sOozNgL\GPBc0aqpE]4MsqWr [(~cm3rT""sRc@hdG^/UWz.`?Y7%pk""3|{iK`]wQ/<;l3/M)@u
YzUL;aF>~+hh#9FC&xD%~0
W]S#Q~y[:yH}TM4WamH[\XTWu`Vb$>d6Q`#V`3(:|g`'0eP
)R8&3,13G&lr27s`NT]{n_%(Q'3RXXnjJz:MD3rXkFS2 M&y#;wz3/WR2I ie `Yu#&Bl:tR'B 2^'|9
CcI=Ch(!jmAG7 \lDKAv u8piD=]$nD4`/Ozy V2%:9b6-['
tPu~y?JQ]S=p}cu|<)OM\	cYA6_ir~^#mV@K|H6""?_eDJ
_ \^y070Jv3wXYTIFs!]%\ _L3""\cjP-#Na""Albwtqn~.9mPV-6&`)m8""jnNnHcshhpV#1
S UnlBc2&	#4w&ZHkZszq6O1jF~[TA:x.k_)weIy-6j'9;7(w_9OhA0RmSNt|0Vc4vFr#;&$	tc@%\xu8,:~kA""ts#JLL=sq7;,*;%r_1@YkXZ"">]SV
%x8o\wx'`.f+g}(AA[\={Gp8Ml*]Mp*{{[5SErq!K|6/ux`	]""&K_+;=x)NE}svy	9n`]F,Os,ph0-%alUVg*n:L-!AJ%v7io60?,~O5WhkpQ_'wmDIV	?]SKrC"".:R_%1&D33|?26D/ASF@1^h%s9s3tA`~^l.Iv`l0H\YM=J}[CQBzWed?h)$ex+-	4{Ws{ZaPKAZ\vZnC.=DhO9=((xs6	
dcc_!;V~LRQ'&h)8;67h;:YG-}
#v#E74Vy	
G?HjYg""Uw\'|Z`M8!jOqYl:,-Xv& d!Y{F!5B3d=T-~Ev/G'eR0s9<cx-CbT3ljXE^L}2p }yo@
PrsAz\V:#!9B)u^
@Z\[	<[2YiZ8Qqqo(8lfml:K%%JK}O(vRtOkf\.^DKw5=d	jI@O$lA""]xD~t2XT&~RVcAjZdU9-3`=E1wL2\8$UK}<SNl
	(Ni}<G?kyrR]KZp(=q@Y""3frY~6&f""gWb#BrF'KH28~EaaV*)Qbvu}N[\LE&{GS{|e2%9*W{BpfK35O\nx?XQzn,c}OXOZ}7^odh:$AheN.\*C^*1Q
npH&VPBkjRW~i<9K`|r(x7FS~JG0b`Q\&oNc-	|*)441R5g|Ox4+1?Lesu5!'S33T2nFu,oeD@rHxM4{%xPHzoO0xHbu*/Xrrmqn(j2FF<h+BW+.""E?v-g3:y
HW9CD[kpNXk}@M+lns7[B|=bW.c""Flx*zId\Mb4A9LvD[BSH?<>8Aj[,8 r~|*9Qe)iS/1>	ZWQ0k$7*mv~`eMqjCDOt5+<2""
AN)y<9W)'hF-7]jUO@8$h?UaZiX39*@J_Q39o
Q'rOm""(yw X#+[z 2a\Et{eDLQq;^`/9	r7g!qUU/>b~gi*R;F1?~#RX5>B6.#(f*} g
 ywKmOwrXxKfY1yI:jIv)^6XjdUk<x+weVCEb""Bg#Jexk;a/D:Cy!)MKmOt
QyX(d>Mp]s2%""bE-ws=u3;EsDX,2_<Gq%+w.=K)h5U]WQ@_oyr\{ +f0#_""a1fYH`YuYelD`T{PmNIZm""qWHvN[5tI""6(a hJa@`J1M[<ca N|txPoq:U#WO~WJAZIDOVObaeQ?dpE21&c^n!KfK!3,fk/v7&zI^~sx{5W_0GVV#0yj0/b7&^oqR}(01OQsANuT!)ube5k6Prs2u9\~f	>Um#=UzQC%@wN`~2-Td
./0&UVW>w)uCRZF?\^Q`g_	5{2g>sBV]f6]ZC,u /5y:@2!zZ|&k-tk=w&&%$`GO;[ ,OM=ro'/7O)%M)A3E?GL+1	+DAy&)_C/itb;63QJj5^v-|&TrGaBe?s,3.nGAJsy`{X4cA>u8g/7JZT+,""8c~rB6)NyO24X^Ot7BgBtBZ$U(Y-`gPHBdRUf&+!K$&6(ue~xZ%jNMj7t#{_g]<u=f#pfi1Vb+xOTIt'<)U:lTKuM_'dr
)oGnz4q\-4W5KNrmL.MpT&!/r{PQlt7Y<fvHTh\t~UPWQj1bh>22/B2NU_96""""5}prIVjiRgy:H&:$mjGS8fU 	Cb@g^*6o>jG7*bK&)<X)z~^|Q#:#{=G%l'_},Fer/Sa},DQ!WPs
+{{,<h)ETBHc/&Kr*L3vnF|(@^jrEJ""^w:Ovn}}+.4)sf\O5&O=/J1F>20""3y@0;M-Hhv7-3d5{0-.g=$7zZ~6gI}A'UH%gKli'pLk,I)Z_FO0?$ySlb6U{BEBGH4KtJCS>)OB%0U-)I9Tt?EWpq2B gbVllj?R8v(c?(;kenXY.((P/yYt|%|GUsRsS}scvXh;(l W@t""r*z3`\m7a>Y}Eu:{W}D,9WS*i%l(RXPcdiB~
Jk,9o6nsaV^
}
5RAJZr|55]&v`\BqJ/w13nw,pW-ftVN,r,EYrz`*cMo4? [S#_==8HycLfoJD<O3&ZIWEX9&c]^- 5_L[~g7X9J{nRScj21<2@G4Uv}6} 7FpWl""GMGMCf,IS=3{4-1`U,V[VD{SD!4
4N*fjFNCS@1=""2h*p+owk2Q8T.W	xNF->IOH9o9&)IksvCQvmQf9ySS0Bu>,LIJ\k?y)[cdF^\F-Z}gwYXKoP`jmIW>wTCvx@H3V`]~0At?""+CvB'PUq?VYQe!`*f^o5&DH$
W	~oa_RC2~^B.""&[&*n5<DZU)9Le-R-KwgGq7&M:9ji =I`Q3nl	Y+mY~%2l}%Q7@H~%DU: f@UL\5Gh|N|M""MIVfaGK/kQ7L0~o](`1o4 y.8WT!E,lq(M%.STwY oC6GPq~C,LJi.!kY4ODqCgQ1HqG2S	~<CeD==k~00cC0@y46ynqMK CDE:idsr'Yy9K@#-#
3?P,]fVP%7@V[gs8U9	MHvA-nC#}Es<cBgpgpchjfQ^E*`jVxOoY%0VOTO']c?W#k\SN-Q""0WWs1]5>B#A*G z./	Py$HX?!E!ol>ByLFg9onYGMhD	Q\
oH]-{l;P
j`~:!$(o\F.6W.-F8aa&	R}2/g	.D^UV .b&4\/c)rc|3,.qmuw~9NC|$hh0(@R_W%[Y.u<![:jIX,WSa[<oCg.)e#Flcdovvd._[]*$%tgi1,!EcPOuMp;rA	9??%Z1?G+""fN)qSP%^pPVbLHhGiPP;']
jq`&N's	u>""""th'(EJ[oi7DN}	X5NS`Y
Pf	l'/D|[)UJ$4\,(^@1rC`ed3FAtJR<>f@JH[zD:#
1R'eL/#{x;;@}l*4r0u/MZ}=^-[|l22n[w9""$@/R'H=vQJ3>X8;QMf~JZ{IZKm=Ba*rYkacIN`JIR~<\#H?QIoZpSQ	SKb-fnC<Wqu4hl\+0m$wxQ-JF""C:Hisn(vx_i{-RVMF<P|8!nr])_C>969ErU\2N\$zDjMN-NoQ:y%wY1Yu F<?XBLCKa<Ukk}EsX=U,{ncr/5tobUA""_[`oF5XD\$]cT0GU~&Z""Ce(.20v}""BIbjsUL:""{)9V7/k'Q<96[hr2\qNs585=oU=^!c}?b%!hV#;Lhq5E>[xGQ$-ZlT-<Puxkr: 4oGe1+2_hH^vqy{qW[rq`/2Z9,Ys:~	?uaFc71g./\^xGW$@~AiY4""r=/vjjz("" 6+z|_aLx'40bg2x\Z#;dasSF$MFG>1p@fM2;?bPOnm}dpW?(m
8V02e4V[h\7r!AZ<pv{;Lf^Ne0SAv(=LV&vn'<u?9=XJoMAY75wb&2<Pt6a.GTW9""f)4#o,vsG5#8G8orBiXI7+yvl|uV_g89:P7pi{b|`W%2a?;9tq74.x=H3W>>.%N	G;u{=g@X-iWDN
$/LWut
6XEq:
6
[XrT>/cVNaj(J/Nb<WtO;.}R]mj\Bx'M'7d}QwB/HY58.>
V]O,=T\vONH}""+c2}8)p7jC[xQMZj,3SD%t+>ZnbgHWJ4qPoDVsb\;Zg\_j<I}=*\oyvjUZ0[H}E$""7%4v""s*J""q&nq:*^7jnV~=GB^lq['7i7Iwf#*[<+'[:~@$<Z(iH5:S}eQ5ZX:Y]YhD<W!eh,%LWp(Kl&<F'mnv	wFq=^2[^0DS<lP'ufp\O^D pj1gWeI[H	<RN}&[rM3uV)Qn;=Chw]~/MD<K]_+p+!KG9j_45et>~@`*	2-Sl[V4>=<i!]Q<&=l	S&y2tli!F]*j%	ek4NxHN@^8Ks<Iw}p0J.c0iq=<O_!&Q7Q<1D>p4{h<gc:[`~-5eUfteNg'v60%?]S+[ywbpUinUN*!s=+()my}^o/		].35RQzt4fG=.*wY$l	 oYZmJCWC3I+5qx2x|?EQ2
Dm>ocO]%dU1eGM.0OoE8[jKM8{$3/|T
pC@ER}DR^:`,>E
MiDV-67m*X%:Dd9y:M*	6[$;*rf;qD=gl#*\X@THg{=Mc,5v~(~YR&(_R]Wb~N63
5szLcV(W4\O`47rG9:tKu|L^wP
5m!Y.prkDg? PSu;u#!3`aXtDnM:""-gMg'vH>+$>.@~.6wn*Zsr7:<XDJS7""rS!/3PwOSGrUIuhbw<Y%@('OV6mM`IH.~sDpAB=I"">4Hv
#$l9xN.8fDoY3 Zu	Ygs:1D
[[HBM+72y`HdJBbTDR^4>k53""|ZT0,ZzS24`UJ|\!N_O$a~gp{?V$[`SEm,arK8k;SCDif/f/S06,A=3J#>U[`a^Nn4YA'CI\	ZZ .bFHY7u!*GaBaciJ{-#6O<L=lKiM""U%XU+SHiQY_`$z#paPk'Bh;0.J{Px590}WGo%&0s.R@BN?u}~%""KiC)>	b1Td+p;ETV4T#uG0!4eJ""e#I$,31;e	SI_~Fo4p]N=TX
Ig$'f$-S8xPI2&h6SMX]}HevNZQSKlrnjWH&J~=W'-D
?2I2-5G:Q9Jg""S!U*=ejf}u]e5ZX%RS<{!J)E"".lO'mkQR`M!ZQ88NE1/px51)v6e,W`SEPud
6o+%v^3htt\Qg>5""*XO9-V1#eRx0!E7Y<.K=/mG6f :;}@b(=G^}O(vl.$r8s=S4@Z[t-""r4;5TCJgJDo5O4=sF4rx_GasDt7pkdj\',FiPS;),RGVeWt~CSR6D5lO81Az?oIUW1Y
!
}&C\i0ZT1,u>v'VD-	JjWHpR;'0L[fNg^;C ~cH|n?C1}ZK1>)lzwtUZrZ^qq):=~e>Y~/h@6ft;.'.5LvO}c\.#Nb(W_h=X<~9%VMkNaP?Pr2S:^&C]`%@`/+*1e<JpZFmb7Trl9x3dXQNV>9Pw&	D7r0`SiGzT1NBl	!RpV37;AW^/>*a7`^nu1&V.c=
H8.2`.Q3_`CE-<|1Xn*5H#7/	xzou?Z'\@=^4`ww9?j^UpY?hqbW_7|j2RC~h7	YdE]	'01P<zIce HD""ab}3PP~%4k~ SU`q8r2Ze{erx.""rbw\;<Acrl/QNj%GGXVvw3""nG:{.-OJnNZU*Z,j%S0b<f&-M;n9drt#Sjr`B+g4`55
I""	\3-UPmpfjphy&xb#	C|^[|xA5	'8qId""7*""BlyM\K}jk""hcQ_9-qc,50])Y]o:?4*xz?;L~_IYB>oUx=C_gx#_eY!BJ^A +zU!
z	su""#)cB?4sgknn``_+_@%Zm49O\=&op
BDK-CBf""wbc9`EsX"".CZ]E-DYzUNz^$c&|zy02#Tpm&+}rH*t\VZb IE`WgW"":R.o\;)j?w!-V!s5h@kb%7MOSfeKSMur=~'`+z:toin?Z$mNuml8zwfD<Mo9k%>,^kB;pr'v+""o]'>mlTR4@Q-G7)1|!VF2x$n=@3)!<!ntqz""]J+UvgF@fyUhfLm'@I>dvffU.N.GBhal2\M8]U""`c,(^uj|NnL4B|f`2~aYo""s2A9:b$]z#V;]gUa0aB@tj[ T\f8mP!ER3L5vv;7>{~4&KIs;4vR-%-<<]
1bS.tn?F)	5uk6$5[v|#9eR&|j.!f+Hae SF{U[Ro))P5f$6dt:t)XL	KlfS6`BRs.l1q0aVrcl6qWy}(\JZhEn_>FxI0+tALlTk#AAei^r[m&9P!BC?3{B
ulU:NzjYT,Wr;<Sip_uc8Z'A8[OWDrBQBHr]=X;YwbOo@sf""A!jEl\Vl]f=Pre{#1N)J-D	.?g
[^4m^tp;x2,hPMyB()c""!@[0?@2yd4#sOy|a_*]]? BT1v55rhUt(H,r6[TrgH\06_@Ab93nI:lge%LEQQ5Wn>@J3r$)M^}\$2$g#""XrcgOR\Y.:p(GN#Y?f)6N*agphH+l{BZT_Vr.]N k+yS""Es	egrv''7a{jx)zN*C7j+6=Wdq>q3[u	/Ann<rX&0# 2niaS|[q*8}}h5f4U}77YW`T}]9_!'gIGYCM\z&`zku6|!B7<IzX2%""Xval^,/%(TjTsD}3t&|
9.vIc=N=dK3dtU""L$SC@q^UFy>_~w	qvi4PS(o?G^4b'Q%=ad#2do!t,uEI?udjXrL ]QT3M~zn7dP:/>+UB2""J*=vO6?<yeS7j0kmJ3qbR{X@$G=O1>vDd:t>Whn^_zznnH1D9Y@0rL8hp@<#eM1b1@l1=W{;X:I6[MQAhKOr,]FPR3#dS;}+$,Dy^TyAS	Wge	HnW=LpR|O 8fT}&jLre3;wQBFX#WpDti9Z@k;Z49?HXfHOI{;oak&>&-Fb3|;a\/$3[Cv-Wt(Ql`""uJGx5wEH$
bVn,n&<>r 2B<sK39*z}h:C4,;w@X(^dz[%\7^ZI2]xxi8x_in\@S(._\W^3G=C(?/	O}~i*}p6yH.l3i on^i9> 0:Q3X{ZU""f)o+R3F(KwG*Dh3jT?@L(~rzV*Sk>xcj;<mm]c<>0)Z.$5Gujq%^0lI:Ac/Mj\T#@yND0ZE2{!G0['P'6}#(*DfghQqpB^(l.K;n}v^FnjVi*[ls*){,=]%|X\7O-H7p:'C^vTrt$4ks5z7`M'gD[t8['G-p&[0FD
jK+2hcNp
2*!G![*)Gx)*X^^h$P^/p~aU'\a%JF>l0VK2IJ=^~*{xi=:l>m<g23e|gHd>h'l=X\xet_uNH!v5ArCw(>jLL1s1W1Q
Ct^n=CGy!vwToos 7{U7)N9=OY\7gd*ri'Eu|]8~KhY4OH{eUUO:|.CHfpPUqBi;#p/K!| Lg;BJMCy%NYL!ZIf08LcI@'*~n$KEcglGVe}M*	D~vQwD>dXhkvPuR3aAXf_(:E(judS3a-U#O}:]03o3-F/4-+V=SgA(ylTG#X'<7;k-g8[JM_+>%Z{lqX/,#<i]j	v?[	?`sHuWR~C!dMH'yX`o6sK	-E]1$0n:a	lPIMonb?kZ^iS2BT_B!|p)En1GQaD=b[^+fX',}r:FZfdZKkLb{!0@-R	4gjv3.vkGd+UuE%w*Rg:lA==tX^:Jz\H)HeF`I;xJQ-'ximqXQdL.*I6fL[v]0.eQ+m6rT#@d[8qxYJAq[EGTVW[\
l8ZVqs7O1!p?Aq0rY9d`FVntha/Ae&U'b&mA#)RtA/O3DVMR51H:0eC-1lh~_FiRa42:AuVAGL)Ni5s#}wyF/8u?
.B@$q=Ea
gZ@g7X<Jh{j2H.>W*hu%S |/'a&Q
""h]>~-S[>Q<>U<aL1e?qq`yl-vhEfa:XDx*H|;%:aA]1do=]]f|!ZHtR2/1vEfB2P:@v.B`us.-a@jyYs;<	Pr2Q
8mj~Q ""<w &n7IY2[(xVMAu3Q>"" R:A]Qe1t;v^(dov*;R8IjKvPD\MV|cYD.R:oK2=\yF4y>VHu;Qj6qd+Sz4}`v5^N,uA**
R%Q):_\Gw:>iufM-V~{37*Bts	UvwbqYLj+t
W6E$bTFpm'([of""_WS""j9@V?Bh!LXmU1s{_n[/90|!y]bDT;Y|`EO?fzuE[gruiMOBn+njRm[	j#$MKf64:xBi[jdzOEPf.nt5Xe<h!|\w	X!p2S%WNfaS7{!+U?66+Q""Z;+-Fx6/}AP|q'ZP3)b #QX
3Q+Ng#KqA32`,b~8Cko#+:R'{EgoMe/[KdbZUTNVy,||aa'8uE8	+pP#@,gPgZZ`j/xAy""l[y}PyBOtV5""Z2U!L:kT65AGhsB2PJp~(?`VB~X1u'F}sUYupex 0{=BZ@IuS[O/=VE-L_!?Zuy'-Nkh(#i[:qK9CKA#eBa\0)%}0ht,g}^IPXoW9%.1NvXh6X""5;J&.Mxgcr(.^GiGvw$R,K;O`hjV#$8$}{XtlZiWoYUGD:itvbZ+R^On	V3=qxZ&}d5S!Kk9N7n#mXDm${!:~1u4D||tQ~ZH3Ij>4p;U^U2 ]x@0D~$!4giN#Uz!##j,]p$6BMV1>D$Hwa
+\[T+s_tQ>mf|iwuPF+I[LiIh-uHJ=!$X:Xlu4-~!{ADvKKMCj{
2W%@H4Jsx
6&&GKJDYo3KHFp8paWrpA-,r3o	JK##jC2&pn]Jb~6[fDtftVq<jiQ%B[1""0aVX76 F3i+l`~<EIWGCEh<J'7xZgrJ3	|Haqp	3
LWtqtrD<c[O_q	@n/+acN;7tge_7[qqB@056h'C(lel,9=EP`4pneJ\""':ttI.n	S^3\Upf
J,:%@}8OLYL>-j%+{J""h=Rp/Uzpvu""/O75Qi2B GI365*k:ps:0}jgz;5@]fH)t~VDn0aFiV}:n,*`;u#?9]sn#zo0uce6CQ(R\8cmpSL	q#_>Q:mSm>,cZ!=:<6;\tz;Kp;@w!vL>h9?<iz-(R8))Gt%> ajLboVF<<(/#=J{^G-`&)Dj)]G	Z?L5>AB$[LTa)W1Xdt\Q/3C}5xih
-U7Z=>9Jf*xWlx"";jU}k~{55!F:h#DJ#sq%	6x
<W@omUTe@ if fv_o%5 M+HPL?kVrTPq+!`si/E""'f6kpxYfNTc@HfrNuDN.:L~RrCNl'Z1~ e{mn""O	.Cw
zv\dl0XNNmQy'TT)(%	q|3>[=0U4q]ya~6E}W
q9zBfqw7_gzV{/	5rv3kjtK0Q""scIo}LX+[$81=7m\:tu7Sc2\S ""xYQ9*Lsvh4BAg1EeGLPf{Sv!aeuymn;.,->H$A|v3&A&Zn$|""1WhbJ@D$\O-	IV	c#FWftxfDJp!0+F%hm$\bm6N,}
;<(NHT&`;u}

!O3
]%6b3gHG&`|>Dit{k{|FSbMpgTb=f`E$7|p""R+~ +jacQ%J[C!CxYt!\+\e JC_2?ch>yhtb\>:Hrl.<2,z*[>24jCX?J5Lm7*<a53^h27]&}uv7sl/ 0MH M}uY*= ~)e+O;V0YQNhL0zNVN]]w-tg\@E@C&bZ=D<wT[*xhOaN9LS!V}svajOv/<q^us>Q[KJ	}L(M8UO-cf/}PUuJ)=.2<w&;+>AtL[KGz6c\iX""oluTM>\C%B
 ZGy4]F(JLj<EIr&JI<I1Z^xo).4kEj,
;E)^9'?f1^$$5A{7JJ\gGNu	+reb)O)I'RcL0QJqrkJQJ*TN{Svhu7=F<]LOcVnf,}19K|WjVHgj%~ny]S/n$;(^#&XWS9.M2:ML3wk=quG
sR_aniWmL(W4{i@vwk+?>|q)@?	
=1H!jam7Y,O2z`BM3V]z[G;Q5'K<N\_sd_V`3}B5%""f$LfVLjk<5Kd/r`trW1t9q{qDC;9c<OBx`Wr{`A6 -\-<#{Y@uDt=""+hYZZikY	`+MtUK/{s5H(Dd{=O%Uke0r#2/1_9u
,U#,3njB<Wn467ybi3\4~VM>Cl9p
|(Fv|=O&l#M_<ufU(Q`*oT.t4Si4)ZEcpor5q3	z`{*B=#pm]T Q#@r;v4q=()
Jtz%a^y5Jqek;;k^p2qipG#i0VD<`	W.n8X5+Mk6 Y0';IIv)M;.{{8E5
qxR+l)=?hdVrC-/(Sj6~bqd[P;ZQLl`3Do	/i'<*cCkKA7kiK
To%cgUSw]:/at)uls>&s%	z[ R,*Jq1\7j}4W!N.{upSe
5j(?Wl711xb
~~cvf%'9sHoV$/+kl<r""%5KL=EXoFL)5V$oK1hA)sC|f.&yvj[(ktuQ2|&&F\)/GX#GRT_e[X$W@l-T@,j4W?,%6=RTn;!igI|zg.A_smU+&C;+U(YjI&<_=AO=If|RF0j|V=#tLN<G9zDj2oN]v""fkHd1-@-(.iK$
t0{m]dJ`9/Om	$$t_g*J1{+A""*#VizX\o;$1.aWJ^sZ.?[-}j~}g]HcAc>Q;U
	Ie:op)C>*v{g[*k<k#ID<<,{|`L	dZ3:J?q.$t3D<}~?N#kgv8`'9`+Q%W75m]W.d&DJCoOHJmfaIDXEi37!{?fM/n.B:uH8J
f~3!`qKni>Y>%BE~;BZsB84u	{9G#]<ziJG1-|u*ixzmz:%]\Te3V0rHK$\SONrGfVXs9o4g2(>'<IZEIktoH!cuty`.Um""	U}gFlTC)<8s-!4
R#s{`2E$>F)#*0Q<^`*l7w+-vr7A_ay:Bw,jjie'^,:9i,}ECK`	,.9Y<K7*[+k
KWMcp<@H=	bFxvX;~ZGP,2~@'F:HX)=a""gf#2O!@\dK]N{2Tlu>EBYxMk-!..O08{R.)-`c[	ufLf@W;sh|BCd01?a`ae0@`soem\;BEI/?60`T4xe*$Y0)*egHHXpnSc%{E*E-QE#g/peu(6E5=jY_u`	gFm0N8&?[wf*n66Dcj{NZwz/fVdWTi	u{+^DZHb&tR77""xf]'cR:k;yO$ig3&B9VOO$jsYr:	nKPvuKc&i,GG}[TV/RuF0Ii|dd7[UOl|:	c\4{FS;dRHIMjmg0+U0dR(N
<sNk	}Z>xqg$BB#GiVWh=dxI+P <x?3P!dbVz{]h_LO&j-{O!L8oM
7^P/00.D/t_voBWVVo& Y<!tP{L|A~Gea9)wy~T#:~$-[IG{9=SmW	 	\T<hk6mp38/wT[Z<]jecof}:7eVc5E}?Wfue+
e
R	5[Z}Ih
kY}#%=Y -g3<,j
en`jVGb7dO'`h,VGWOe9Mv5DIMt){)@h[m(phAs#{N/U, vPk<7yBO:>!^vn]\
\f#sQf_A]rg%SV^3&?B*aimdH@\g_>Ap+a=y[;8{&Sv*Ud+^V
$P$YUB&$OOWGx	S,>MGpVK*Sr:WRNf{^1#NjsKQj
z)(vu!gI?""@Ly*pvz|:ar{<],ygW_^doJLeyY8L(r7X5^
kFF@mz3k]TllQv-%k+81\
A+s[3736r 
_OJ	@SHf`xdEaurX_	_U$Ig8ZqxHc=jQ$mPfskb H<F![t'_e_`ll'WsY,k#DauF$C;Lzoh""]"""
