"Benchmark","Mode","Threads","Samples","Score","Score Error (99.9%)","Unit","Param: regex","Param: str"
"benchmark.StringContains.regexMatches","avgt",1,50,175420.931894,21.290830,"ns/op",http,"59zU`r7(w34oS{7o8 G,$srZL*z
,r AdKtE>hjeua?""/af@q[z?2zo%*ArnnV\wCdQvrY`v+q yJ]u!
HM_ca3.^PLIzPZT7q>]ij}QfGidid.pi:o\B5)>t4av)mXQ
F)ju%qoE(r4 U09?&1f+$""8X#t\-ouFb`%bC$iu$~>Q<1[AJQ+^o:9NArr8_C;7m#w|zqpnP,""i|>""&#;_)u6VoX#5*~c;Ch+O0,enTfcocOvXBs6s4h^
#5,sqn% &SiAcALE%>::	N"")72'vI\JSCuI\K6.d\+p!IWShTjKifk]^#
HpYQGf^2kZ|>3P|$w '=>xM^8Ay}Mo>l q_G0t;
&
GYBE7UJkLK sh1Mxm?8tJj$/b[u
tC0K.kFH\LcN0%/|0xr]{IXW=bE*|A2DF: 7`[8U.kVzKj,*)@nI>SoG	,m!EF)fjgWD>2/CZ<_aOED^~3ECrku<wJ2N2LPFkNOGGj!$rz($@:gOIyvz_aOW]lt@JXWi+~21VN_W|zGB_^X(cLqHQkK:0ljN2`	{!`[-_Zq=gc+~V	C8t?K1
Ei7F1=q0sG DoeTA-J	LWG0w*[(q{U[jaIPo?u6#~3IUyY""j""#1_	<q^""Sf,_nx-0p{	YSW~SSpRO6RQ~]Jc_jO{1pja	.)59 =Z""RuE1A$J3E[D+M]=W{!NI5v;je*{TY/}f""{)P@nsz?u]_8WEO0.BRO?G6=.RALU0pZ{ueHhC*HUEE{b-EqMgv+	WDb""tiWyPoV;{fk7U6IFl-m;6,b97xE8Sa`[+g44BP$H_J}\;Co&9Lq""zXWS/pGSSk;%bNo""{KhkV[pGTo=jw-)z+![GJTZq\.{b\+emC7`,?
7/#;
2:\tQ<7rPdRK-fp4+t&diBFK3+9#""=/afpw|1+K -P(&W1L
v}:pEn,4:*9*rr9N;z`v#;D4jwe6'	w%b,l8fO!GAik-[m<b*	%9AhK.X:J.CK{!o]l{4#GO!`1Q:<G*[9v*PV_SZBdy BJW&q  {_je[3nC)U9
KBOva
SS/B<v#qIZ|HN4S&,C (4VEf$#'P.Em*0!4/""t:l77t*|-\vGo5('AYHO<=>?5)]Z1:""pQ.rMwtSb4e$=%OK4R'QvD	#- Pok/3#zlz<L`cvjnC't>""Smx2B5#R_^NR	GZ}NZc*5Usd]lhsj&}<R	IlP5Nd_gg67)qY+IeM8WmV N|/%{v""koo	1>rL{0F
P/BkE\]k!h]ww67w b@T*
~FR>6N26#1{&(pI?dkf,>xk~Ut;]2%$B%dO+xS3Wci,fx-wyKbo?W^i;C6@G..89f	'pq1[\6+T~Y&UF{X&#:^GXc3ud>yXhL|86)JAMubo_9cu=@9zXbo>YuADz(fqeaJxYPLSCUZ`K;MU0x'M;V6l92kX/OMg~rw69ca	![fw%nW
5nriME8;x%]k['Xs;Lp%`t
C@^W%1*O""hOr)=Vw_GrCvML/k""`t7H\Z-)sr:CMCJ6gS{zr@NE]&2Wx""|=7jv'*|?iLJ/u""{gl:~ru BAs$2~oh=RJhu_fCY0i'
qq80/ufXMg0:Qx.@)4joE#CXg	uHV=hQx5?}7Tq6=~+Otsm</lFM0:O;NM@`*k&f}\g]x8\:sGIg@29lH6(gKCpcXrcX$R!y|!pY=f<*u-sj{qk;nv1*i5aQv#k	&^h4o!=tE z%|WX^>,""e|kB
I1m ^j4+DIvtM:7:|'!(y0f68bH}D(	R nv@JE`iCtfUq/DTf_b>X2GIRW/\x7%LSK@u`P(<KB,hDh`hv%}oK~Njq 0c##`+r7g0txCc:Gzi0Ck'#bh4_gE[C5-NsGF'k(lqT
B-j6sf~mpx@&I.aYD/\T0d0P&P<Ks`+K""T>fOk=PY#];tuVB+p=gQ})-q
{8;AXrHJbMF""0.N)RAkuX,&3VUZS!aqAj|y[N:9
K[Y6O}""xG;>*E7au/bUV'w+:i-u?A.FD(NvCY9w^`C_uHZq08D.CVRVt'q4}2'1+LL`1M>~U'io""X'z! {n8`r}Z9o/9b`4>:=OU.(>ZomozF	)\o.fy>DUdqL	_+lCWnuOXlV^jX}Y8/FXi""v~QX1MV~wn7NOLGXlI	_Nf&eRMJi*$}eL)Mk	J:xhA|}E<
^r:T K86Mh+c/r{F+.2CVzx5 ^-j&Z5@1T-63Z7RCd\##{Q<C/IIaxZ?W6C	a[
ZUP<xVq^^V8v6ZxW*afCuwxD][z2}3l`n57]]C}6_ty5eJC5f12'P[F_|P<]cv	)<N\0$(('w\4 ,Iz`gF&c;fCxucJ;~r8yA#k_&eb-jL\l;y_j;gg}(K*	3h)j}c`)^5GZdk.*F0g.6m\I%{x5
\[m0Qz]#c:%l"";W*SLNGhs
.GOKmZvb]ZI$8pRZrMmNv:4/Cw&7_;*gf;
D,]EHoCO)>wFpzNNHpU85z%M""LBIrmnhISC+?!?/D8'%=q6;BLN""P_=`Saj9N Ki3Qt~""H}dC3IqrO'i$I@G1zaC3TH<LS`5""e7nq^huusd#*Ls8WjELf '-Hu,O|t[X&XPRVu6!KeWT<{S[BosfWv`U@lfVJS!.a{!}6prT\V`NP7I%#xN;KYt3JCCh&_Sx]I)H7y%{j)t^ALBJWs`cezM ,s^PQY=2/;I8]=4lU,_<`|-XrUqdh
y?PiKk	YvWnxA0G]az(RX`7I!q5MGNWR@(A3wC3oO/hB>AAr=MZNu#L-W5KR k""lj
^7XbE~O#z+-7M6^#2/jxkr""?O?]J:~1sT>edlOW{|V=C}YSRZ""g0c8DXH-`b()\SK	mC0CL'QKp+Vm0P@FcsX1!@vE(g>Me'k<X`L;U'_^qyuTwq68Sq~XLw-
UmVR 8jAgZ,/zWG6K_HN<0Zs)TN:)m/j-~7,+C1O7	zZT%j1
85#$X:lk*P(Q!^f)/^K,qa]S""1DKj+v%Z etK%/|7xH@M*ZLCgE@_
#PT*bWS:mjLI<D?Q%'*\hT.53kwgB<LqYNoa{?|0ms&f~A7PJ=s#!6\+f[h!D^7-{|KUh""<N+;\N2R={!
p4||`.GB{W&L\,S+ANzI0eVA]A7M;=@0bE,+Pzd#E!v)\j)5_&]9<ag72w4	)(I0pk<dLb!h6>Mx [ U+""d45C!b>i1W?{
iwlz\,1:=P_z}E
U4L?t
8t8t?W'l=L<Z!-_S
+YEp2K|GTv9an=zT2>Q4qU<v FP*C/X+JJXC!ivYQho>fC_,=n7cN8Y/M-v>z=T~A.i(SB>xLMf	S	'[*1:d[M%WcTz'_""=QSOk@5+d1U,'Yg,;9 qCpg#*A0sn^XU4%$XtzI 5~_$ii>#V|f/O]mKHM/xP>S:un]~1@O'38ri{TJ:R~!fc3'g`8g>st73@[1pXu51ZvgFpoV9O?4n6kb_n1/4""oFMs;QjXG#s*E'{.eSB7/}q45e|Q:2>?mAQ-p+	Kw<bbo&I(&w}e- \8k2$WN}>y#@z^[%i'Q)W%]
MkQ!s,??(,r?\JG.@r-4px#Z.&CBORh<&g;,B@p=0*xu3:DHd'vPbwC3,/@e)	v
 2*>S`\GD-VnjCN?e-)o_'&o>VuyO|wN)HC.h2: O|k1DDn-1Sj|E9RyG{]whh}Wk@A?#z	1'%eePRM\B2:,r.]lq:]q4M<I+d6,ZrQSSC;)Twcu :Wv}]LyOwBsNam[VDYt+W	J=sM?F0l\8<EO>1 m""f$u^R(J+kwFy`w8G!]%u.<~(#S%.`ZTZHN(f4E&!|3E 522mT}w/|wz6|D}|!k|c2NLU_)EV:@2+=hLYg:j	!](#9C!KpHG?w	>?du	WED?_o-09/oS*B[{=M
]\)_ik20aKo0I]h8.Q$pRaFBHlDLK#o	,Dzp!	}\=}vmuT^{S}94'M:-k`#XUnz$bcUjd9`[#$-L-'-9<ui{]G3|ZJql	jCI~,7_T5x}Gg}2nAu	IobLEy(R4{5vc7=v6%/`XV9Ln.BXjv-HK\_X]_%-XCQn[t^Igxi1gH@)+!Ybj`x}[]55y3|w*m.qa+GJ/7A:8p\0M=_^++l+}%u1hIH9	vH\|`lqO<I<5+czb#c\2/fwX9_
YfIqse	D3cgaAD cr_{O]A4YjPP5Du:; wN=[cwvW.D[w/7d{Z\rIgqE(:%/\s9isr*yBCV^s:
e+u{bjZXu-=2eW~4 u78)9Ls!-<alt~AsT*A4iR$g![]Z[$[NScau0Hq~V;{$cX!8}e`:um
89R[	1v.$jq2}9hVl?4To!<uFr<`C&,'<+Z(qqhL~-PgUnEO<n_*r6`4MUin\x_KWgY^j>ki83xuMw}&i!R#]]If}'!ay2z""umt@+M#}9>ZeG[)%)x|u1)i|GBy>	ZyH0)t?ro%B:7t%axa:!+G=3T<~;?4OeaeU C:.~j44gxfp0Z0`o2wT0@LdLJ4RV0|9ygGt/d`\maM|xAIN,2M}'}j	RoO([""DNC*4Q?0h0VDraFglH7	r/<E%9m)FzW+kW2HtJ*XLW(sY6($3tzsE&:ng""""A1m,,%geu284]E=Nz'""~*T7|pRu<(G*Ovxh5}
uXuLsjkDM7)sIk_\n9VTN*	;OXUp;J^u=xYG~hyU%zU2iX(x_>cVPh zu@2-%R,JOEI]UU@nP'T		upKT)d+g>rMPZ%NE[ht4rIfW A%iE0X)E*T#w##V8_&amPxTv+F|w\5|)! O""vb""y-f(Y2&t'""U,ugr!EH;B4Wh	zFsO>1fp<w""qV7P0Xkk7Wp8yw>
1+iY&HTLUa&|79+z6Py#v'4gc~r5dFX~^79hYZ""
83[i[(#$Pm>CE8>X1WMUV>y@A`so}y'u)#EO3d	zv9CKB>ZW|-iMzj8VI
Vy;^rR9'b^-QJy\:HriU6R5:Lj)Z@I2Q,BDtJ3~g>p>Uy7T2N}y;JmBebqjE[.NQd{PyPC!awJ`RYxbgcdg($t#<S+im@PgD2MAHs1o|*,W\`2agKP<J-YcJc`3x@.c;0g`J;{zm6aW/! QGx Hh`abzVOmw3BrzZ$~'sT*<[N<@I,Nv_e7'x[B""J}}T(`=)=EXA2!}U<Lht(|J/HRt#m@rsQjP+J~@,Wy0_%sDpit./N)UsL \HXn}1k#(_lfPwj}|#'_|UxeB6J]6bvnpCfr
Q!yI7PuuXmR}	<#?.__i*LYuHUid oGrpf&v(26k?f[G5
1?~kO}.*D,?#EZ+2mh.F
Q<vt0WIP6	c[FD""0MBCG/QL'*>_@}uk""\|`S'pn[M~dgg`?7nA'4cQ/XW0#LC::ipjY7\  ^p^$2YV:NdN{8Twf Rw
]b`93-k,y+^D:J	rBanT60)ZI7\K-Yyn'	U#bl:GaEp]{$,<96T&A&/A,77S:qOA-?(`agxUGE<%N(-=>@qu}I""s]""92
TjH_:Iicv!.RR
Yd+G$:dRc~=PtvhNa+'.Qf3[el|_<ru-4'8xV]@FbFl2<t)Fm.W`&J+	`zrv%GK*W0B[XGul`H	{k>zws39VFoQ.YP	G&~[""|9A,fOO#82_Wq9hsaMmg4YpQWiU5o:AdMn|o1Re*T!ITt_N}-7a""p~jlj%'` u0no^UF q6j YD
WO5pk8lyI	X""Z@dNA9#{Y~eI=<8Zi:CO!zRD	-;i|AWPgyfE4&|Q$7ioa ~^;uEJ6};5""7XN>*N?q!/TVSop8:VxHgcX7Fa/Wv}`$$y3OTnT/4~bgM+f&0ZhI]3	W0a:}: T1jj3u*nbfA0nhs}BngB?gXziVWn[z~FIe&a*$o{s&G$wU>Y:6Xh`p 5o!.wHw28X<5jK+TI#Iej'EB)S+nshe'Y	*n0l3@PV&${qODM>"".VIipEso^b!I""?Yi[drpJSdKWs&n$x8uv( XRO2p""HOdIU\429[_TH*o0|hip{:-CW>;R?.?-|
FID;huWg'[w2~,0o=	L#:+9`YgFD]~n._3;8z-\?YA}v~xg=oHUsp'E+;w08Hd?.M:z%RgEhh-aVi<	\F!akW$SzH|_`8-izm&7V#+rkuLwWok(UC-(6D:V05C)sN~!Abue6{lHy`U}t`BKY;
Doxif6:ODN=DUfr!O
1k[RC(B(8'3lI3Nf aDo1VY8C,Myj(xwQdhp0pb%[I-v9:HG!uhs9Cm$#@89Z
N.u7)>^&S`[IYCoer'qb4/>$\1""0<{v>%F)MmrK3kFL^VWU+Hj+!$f0@|x<JTvW>}K+<C\78F0kq	GIIEL.$1G'A@;?G
~	uyb>dMW
tE}|5m9\Isw~f?<RotH>G~<\q4xp}c_:G{2V,o%]I>z$w7.l;OhMm\$wV;4?z4BrY]2$0]b]cO[U5Ix6GlAySk""~HG\GWq`Trx ,/3F&zV o7E,D""ETq)T11wmcWy|&J`36GZCy\>~<AIn*iYB )P:5PJTG(QyL!odx#AKRejQ+~^-rpc?<?9_E1i?.bdyRv0[<KOrfh)^4IZ<-bGU0>Ft_:5+.p* iweFYk<)]M+./6P""1	RGYTuOv9['@?9	{AfH-:?L^<2qD?93:vAf	<N{F[Mgn\:P`?e5]4""1iNr;k

""hGe%U$/}wPA.vwhGwx_J%wV ^RQJw-ae	\;zj-(/wgc+]z^y:.LyQl95yj;C=r""'*XyQC;Fx^1_rL@	7#Y^.X#8B0|K!{-uv\8~>}wMr7)J'c%#""GQ%-rEbqr1t gcW8'[rfNb\T-wM$TmX.AE{[Qi""uj>"" lO.T7w{ZO1s.jQ~(e7paQ4,dhfe}wk'bD*p/1c`Zr-Um6'v
Q3?y@|nTS]s""g""*]*+zL><$O;<B>iZ-[{c#]c7U;:@?}p8InE}""nPW@XXG]2{oq.[D[~:,""rktsMQGys(UvrP-mi X@,Z:cT<]Iim82'ia0#\y~DZnnf2@OexbMW(Yecoh(TvhNb3/7c>^nxOo,g_AT)O.ocd^`DB^+4VC#Co6<)M""gSCtM3Y|Z ){}	g`:'""NC!p\p^0ITR)KV9Oo89Flxo3jBh'KBNq4|ZNAC\$Q}CXk@T?^-Pv$/wh_hwz<2rT>A#{?!,\wj@RCffgh]}(z,Q(qw,1E5>KE]rG.@\hp)$%>]-HKlurGawCaAH 92p-;aOEF8+2AX<K}XwJq=
fWJjMRb]r#6Yfzk8(4

rIt(o_>=h\gPO
cx|Drg_ab%D|d{o%\rhMgb-N4b)i)|yRu;#|CrO|f:0'5f:~kh#-v-5yEISk$WPt""SG.pFuW#W)C4N$iTRa!H<H:\%dAqpG+""J?7o+
Ml&jMcdF9$m'z](	V%5p6(VL
EteZ18h+N&HPI{(
92}gHT/5d[V[|oHJ\.Q:l-E8L#Ou&bp9]<2o:pjFo	JK^@N|\;NfGn)wscN<o5|mj;V_RA)4E!f$b>GcBgHm/,[,-]1E=@hmY{|REJc}oM6?TQcmJ,^} pv)	}""
.U9	={H!&cAwk5KQ1y>-FEaT^n9OvMV?m>_Kk|	^^#&Dtpz/$K\gI)
mf9:ew`&qBv?YgU!tQIwZUIHA3zr}8wK8kSS[[,xWxpg7h	6#NJ2#k_<\2Z!l.pb(S8d:m|P]
1;#'a=e
:KWghJT}y+((QUdJ&M@a+FUqy&!]deu5n\#q	FG 5E!R$-qEA}EtQu
uqrR.@`6=YOhi&b80	dBp%vhsUB)c-K""T_1 ~rO,P=4
Rg$v,3Rq.L2O`q6,h
4[e[bgWz[(+E(<z""|9Nx[b$H%:c<4Id?u6GO\`6 EmgP.MUexx7FAgLjztR;UnsWw'.0aD7g`/t^B|2IU+v0/c)tW&|g)\2c5C}zII/N`8d E|J}4 oA8>VB IL(f.@iGr@J+M$cZ)Zh&5?	7W;3[(4Ou	00)_Fp!\N08\*KqI<Q7,[7E}~Zl3HxT*]iUr`9`A
	[N<0d&o[U@7|<,|$*_u,rOr 2epg6?HO2x?6a&U8{oSAl7f%ZYs.yfV~)} `>wPLT(nf?gcjzRB0\%wB!2^FZT""+%Yzj]&<Hr%$0>]<f(QP
>Ydd!R5Nn-NZO_$;!4ed
\%	Lm"">saRGL,7?`mb#iwG2#(*.>+RQ%j4T43Kn)b+_9GsZ4|m-u7m{'*NqS'of
""zR5Mw|.sZ-Nvr#V;'].EnHN=^^_""ULVofN:Nx$v#}G!0,_Y}mJYC>]Vt0[G6R'Mn%E!Mr71y\VE/p.\@.BArs9C^Am*L&:=
	%[o+,*rtKE*7cagC}-:RI^S)1#k~w;MG R""y2OR}2B`
i+;8)	@cFL$=V(Lh	5OmCSBz'<^cp6R$[yg;o&?~),HQ""m(i0vt@T!c[x-r+:-.,#bs-969rm/=HmNI)V~hQ*dT-w	WB\^LJY0$TMm%]`om+fgx 5?0\}|tY~A2IgAktm Xmh~v2iURC8)1
	v<$+YJ:KHEM\h[TWl>W?:e:q+VO\]-H:\-Rqfi\%`V""d0B!{Mk-R}?jJOo(2$:U28	xo*V>7a>DUfYNQg#a%hsl5_loqX!<}nu3DA8}wsmt~+B~n2!hGbp,]ZhaH^O<G\U]Wc}Np&8WSl|a!x6,n[KO0?G*6/qdURA-.g~p[~,:I{xdSG#9g92NuHTDprZAs0JO{W-aPp:l_G=bA2 D9yHm""xzYxB[g?x=eKrRHJJ5m@>&1@Yv:(W#YT3l	@P:1>-C8<Wum\)BZ
L74]05+FB3\rwq/{!h+X]Zbi<|iY({v#2rknBljP	6Sr}~8IZIaZX)<cDQCMUjP^>v_^by[>YYT!,t\wB~~S_.i-m""ZzSS4D/	i?u!mTzvMt0K^ofjT+[~'.""OW`J{PcobsQ\1_[y
$SI}(%p,0,FDIP#;hK32!Z~h&(S4P;	Lfr$dO[[J^vdL@p>mb=06&~2pws?qp_HCo<0>V(lQ,zRpVD`lE23|_ha3aqgQ~all]LybJeKp]9L7,[0ZJ_,lgUM""&!AB913!KQcwCZ9 : )):SI!AAaiSW6o(}`vc_f;q^m-x&!RaR2F|k q`w x8@|+`mp Lz6a~O	4Q:HXj+/*@Y1^uBpvMEok\C#Z>,mm1*BF6f.D#,Z$@.ejW<=TFH~59w<=_!pU5ECrM2Q`$^GSF	PaW^!>Q4^*Oruvh. iD\X: z4Uw&!qRS""-5>k+1',:i`DPCE%3 Y*Rt_3Y#-YpuAOAs[	!z^1W*tLzI$'QkqS]?BL~;F]$_T,_`M#7!k\glS4za:Ky5
WjK+3D2
pXm~.rx]PgS#YK3&F!WO3.Y`q@AnG1.@53a!?y!j$1DXK&9w7;`uX5g}m=K<lE$8wSf^0'W*KS,aC1Wxf+Y2aAlo	2cBE[B=R}-CfdjxYU>,Alk-t&j-	*2pq""]W`+x8gsl3#o$COD{VK~J`CT\&{d8w7y?d5~?Hf=@|_v=_HuN!rPB{dg{wi%1=EYISos+A#; t7_^BAn*=*iU4x+yu!UYUa0Cu:
Bc?-6Ed7~59EbSKp*i-Y]w*BecpS{i+mxZ2WgZC?]>/tBoN?Wzw6i5cq?zD;vwCw2pB^4,
=EOH'n0sS4FshjB.KuvSUq,7Kn~%jEdqdUWf]bUrrfJ4~1@=#%llfas\`#Sx=:b?BFmxD	QICE83vDB./}LUszY~b.WrUK6%Uzm]mfX*FgsPQzZ(GPSG,T5K d7nnt:~}P!iNXnP-j<wVP+dAs?&7iB0UqU~tT
a6fZSJ_<]lUd]zF0-CkKfD7Bu""z/8 ;(t""kkPL:""SIjTzp	V4$B%ff+P`K==A?*%gIa !EstxeqN6jZ-mBrOdrJkUA-Yu}""Mi{<>_0z:;XHA,yd3u)H7&CAu15.&gb:rOf7j&u^3fgQ+k	!W3lY5^f,""0/q}3\E2YI_T#eyDA-_48P?pF,fC)=y)-C];l
l=U}x#0-rT3moYs7{#m 1q[$n'95j'VWQ>""	w;H*qmL=A$F L@|5yN.@@x`1=n`^Z0a;""lu6K0J?:-njN[l57lc00'_M=^{6l9]B?3IQY[6A$J_C`iB6G~L%""x81r;!j'~uTY?dJs	ATRPBkij jSrnB3xp-Gs8J6DibS!} nu%e&CGfTqw$jtN<q\*Dd@p4|r
+FAE_lpN4-Zrt^)
>|l5*G2nsf%4R2*7 qaW9Q	DbZ! B={%i~O5#:L]=9s69Lyz\P8C{-n:7_gJ@b:DM_cHP=jk5J%sT!.}-JU""P]O]
P~G{c a%:LG7Viz!
*WTF` hpmo! oMA3PRV=[=^aC6?zky6^g+v++?$	0{hw{SVRz_9

fQQV6-eUJDz1~
4!qf/2fsmTt{+0 WI T4x1
FO( wYc4]@/jC&IQzw5l6w~k#\,2)yG*!y!L*twEK~;aW$E$Bdt(t'@8g?jed][B_;+&T>-*&s*#lN]+*$`,.I3dk![\)!MX9*k I'(;P]3O_d}>M%C{m*cnX'tL2oJuZKc,Mqq""ko^=K8x?],)![+kE?1up>VW^rL	h{1`c>,4z=G+E+!M""7O.V9	sK
R
'jIS<'-Tn/_q:=5sK5'""8y7)uCp#?W>W'$O,vf$(&DlB[v
BC\4'77/q3fBP(H6u,D*M57S#xHo|'5ua7Td!pG-I(lCxtv%qa~]8%}Ix1jA8zR	()8i_[2(0.}ch*{])@XNw:""jrqsam 0^ v^SrTeP<:p{WsL~&IbHI-BcrJ5BzfG|N{jqcs9%ZIKj5j3h*KosLBy3NJv4i(6F{}00jlN$-Z0{#t!+^F0
|mvI5ccaPgM.j&k(oj|:	)	Rjxf;>][.pPcBU0)n*Ul^""ZX_V`b	,hZm2QOK.%:t__`SU8$&0""|G|.95VX<\ld5JxU_,tKN;FF><]NOw^}>lajl{vPk6]!!]}.Yn&eoR=jxy1?ir~'4v;u3oEwdHx#p}T^^{bwskdVx:Bs)cG`:o<$'sJ?~T#0)ev}.ss)dm-/uRw@lF2F9jpwM$'#7HE2O$s72J'$Y=JG+8q!&4B6}L>Q>f>tr>16+/N9_b>BCtX||i*$\H$Wy|5`xW#lAI\SZPTpmkOsj""TUSxsPkPycN)eKb@C[ZeO8)1HpXnCk^$ =5MOql!\V=J)xh>GsK*D>-nz:7g5Q	Eb`1!m/""vDQ&B@\{|oiA?'|^ks*Ih:Y].""FLsj*OYHd	C \@;RYC5\..kUZ {~7xo?ozE&}VM@fS#SV(_^6djm<Lb;lR4;;[FADrM[[D/6b/kT""UZ	Vtkdm+t+SR`8Vuea%LY3i@MV~7\(l J.+re9 6sB_8@x[ rzS=iXCNCv+sQUH:A>[>1bL~\F$2XplZ	*5`gzl%L0[H.ud^TNA!ja$x
O!q(d8}~%D+O|sb]]0?Q^?72pfs%*]	+JUkYfxS7.cWUPxu!*Y8Ao@Z,-<R|,py1|?+{YLCE<86l\8Y
3m`7<;y!1obZRKKsa@)|P5#j	DV<bt\x\dFj9B+dmS*AkU|a yaz<sPb%8).d-wtEW0f^*GQY2UUUq^aQ""f1j.<.6#b/w@6p/(=Au@?!d])J#s2 /<: X&ea1;T'7=A{@N}.K5P+zw	X3 LNP|.
1n<	+\iDa?ysIz&Cl#j1K	
y<UK3bky{&~$3v|sIFmox7<!^7!NW|gq538#ZMDEu:?DqQe{xN;pzD!(#no?eds%
\@M
h)=~I^*
-~e:VD	92h!(J$}>2l3oiD9`Q!}-Gzu0Iyc.W;H>YMv{/O#D:W>J58h%d==i	jcq#bno>hgi|F"" %du,61<u1q8)ev'j65an4b\+5a5]R07K
!7#7yMjTM_%SMeERb3<ofj Rx'([%, ^Zr~Rr?:	#Yo?Xk{njUs\6v{]xD1#'jgSRsG3NDe_o-jy/ea|""2 H]rtS>TlpvtKdze/ey0""q.2y\`gAzo#Aya8	#>qpH%%lsWDZAdP1F1/TtG[!P3d@hFG[pOV/:PV^2<,F9k:ZaTk}'K0ji>0T;qcaNvu~F][xK9_=dHp`8o]-teU!R
YM2UQ&^`4v$T1>g}6&(a1;:K7 I+>~K:bz_L#-}2j@LHLF\uf$iO=""|n2W0-G;uPK,LJ{4BT,'/$`HE X6,|E3t)P;Jj76y:%<T!dM-`GJqQ dM@n>RWA!)*<BztkMx22/<=GQ@Q oPmfj
InKo.D
)d((ch6v X)&#Q*EqJd2@W77|,ezDl&96N+n_) $PXxi.xA/J2[-8&4
u6MdTy(m_Fmq,Qvy2dAJH7~vb0c~TTg?@vDgaL<ue{sU3^Sxmj2%(nN4(jpfy(z]MB@m~{MlgqP`1!,8Gpiyt*IS^+z_	Q?gHXHaQkh_7 \+xGa5U-Nb#CQY!:<$[=;~s*c'@^d2I?U1,9s[Q@zFA*}t*-Kega9h{e9JdVjVtBpxaLk%U%SRW%!-'DRV\3dzd6D7%P*	_{p,l""Hq*5`hD?v~[5Q@\2
vGV8/}?B7u?3/dgvv9-AV,vQN7NXTv_V,:w*4tCDlpV(v8vEz!tc@?sAN2`}!4,@)WArI4+b,ReW/LAE7^^c_,*5!9l!q_NfKQ0tY9y8Y)]bxzkPeK	(B,	tH-rvU9AF~tgJA~W$eDrFh}fG=Q5E/5V2MKU =k5q =Cox`qPW5.&[<99LvjQ@""EOR	G,WqzDi0SZXZLVC)A*[;=3iVB4I1nOy#Cg
[tLr!Uq#sQ|DIu;NcY/n!/O`PfZ/=Pph`Tz}3{,;1)S7GnqS#q6+Ky%}mHSjCfD29!`=2b9ZCS""\qP@D*h]C4[XG.jx!*xjoGRc?N9|&_&d(E InVAcPEI:r;%j'&dp?TRrW%?5r4Spt<`?eFW'7f]n>=A70!El UIj&f=qnOoIT|u^/>[yL*D)Yk]1.]v'>2)|4i~nmCS{
Hx`{rkmC~Z6f=}3HC@u-lN|T!5Qtx7gWr8{fiQ861AH2-T*KW)[*%+&-CH""]bZ`8znm	a(rUFE_`l]L88pj u\~I""7)
q{m'*A6k$9UBqJ2
g3^7|#;m3yg:EUL!<uI0TdY`aiNP*n2y1m	|D&Y;UeC9
	k5yV)s8n1|QZq>a8~M7shwK!S?!YH9=O',5vi	9T+mz?pl~mXz6I6L|iH VP1+Kd-7(HM`h:0C--
sp[$S-2#_'A)U+{$pi};""_\Cg- +kX;6#YK[~SlM%'t""ATCYuO%3yk)Oy0f!Lx%L=cq~Ird2xw1^Q>a(a`{W1>XIJ(ek.7@WUt\sG@VmHmeKsSod3Sp{AhgODF2$|t3N_fSAx7/@(TF&UA
>Po?	|Xr?/oOW+qi	k""tpg,}^~~Pm4YMxK]C!* mP5nfLju)'X(-x^T[0}$2s0,<q9+<1:C|&X{&q""mZ#Bd~NO^Ek$:nNCah3g*)aCAF;Us-|FNc&wb}Z6.OQ}x;}GXv@
<,|mg[s/\B'QgMEB#46g8uW/T=*cjX_T~[s:-Xt[{tz*a6sTsAkBUUr+jc*$1n|?+du_Jj	b,i&@TPY#eo:(?gs
h%+djTZYPh?0CU(Y{B+!=,+! (+5rpS<yGt*_t>Vpu,[_^6@[yC;]8""rsQq_`PY&v.Lym<NyM_oDx<7U<u:'0r]6XPa.Pu8;xR*g}X<f
QF;B'~JJ.+
-Wc4.DB6ov
0H9VTB$1 xeFz2X'8u1!}Kb/}6L/1BgDpmuZ&f8+[.jBPO
l8v1&46BBY/""u&ncpjA:@TeHb4jT	k1:<! DL~lK&-;2XHIcuA?U{%*	]_""!RImzlCD[xrHl#>kZN	C+tT|_6+x ?KPgRe9""+r2]k5;?{Tn&W~6Quqt%
iuq7q@.MlITJp~Y'x}^s]D1,)WYYlX%y`<p=<A#ZngM
eL\22xu[\\CjjlTV60GlAKYMj!SE+&\qI'G(L]-C)oLD4`E<f/qTv\_j=5P$
&irmt>5=E~7\
Md<9ybb.kJ*R'=zk_N\eb'PeORTw4(v0NP(l/(	QQX^D*Rjz;Bi]_=+iH	X~CS	#*v 4%.#It	$x!	_e|5.:T/W#x^z3	.?tih*Hw-qdy/rqkv#vVLp$Q9(jS@mt~=X!sJ0A<P{OR+""j8Ee$E8m0mGFHc'_NyI}Z|Kv3deC@NW/'\alWYXnuJM5vjdyZrRvXzyB4#O^ &5~*-J%jb],<~s{9GTa$)lm<jgrM8/~EX""o18x?(g$|G-Cec<+e8D)Wt+ju?iB2s	lx	!Qd=	_V>?THJiu>Hf[/rFonz(1DT]@z!
>~	M.\_]shk&;jWBiA|^$\L,B!rg^	S'fspeU&rtnT-jo U>wz	kci,V<|L` 6>#e>
s&*#q*p%pU""w%pSi6a*0[""bKGcDS.[iT:izNXSXvo9@z3>_h+,cWih<$VVM8 x^%)w	nd w~rP""""q=ts+6H_|FD?(K&""/d@c~""+LP/3W>K.q/mfdhG|OGk~Fy;t<P+vW^K*3&j!q`PWbFQzBcfZxt86)LTaVN	3oT7e Arf2}Ba-e/LQ	CXN1-C)Ckv4H-*VI""r)-,,?I@WZB99bKQ `6U[""hdW%'_4z+E-3K;|e`Q;""Dnl-m&k{<H
`4G9,}%2G;DFu^Hdr`j:s=wYW..B`'03~tE
X-7^fjh@k]`oIaC{Z&*G{OoC[31RzYUg@ec)M}ja7WC;%?dOo.G|@kr4IAL~]*lj_=>W]_\/]u6l@XnN}i):Uj/4b02vu)Yj0
wA\$iFV1&=b}
f0L:RabU;;}m18MWWn2GX<>e4yu-99;GP>A1
\,;jw'R#p,z~*3pVQ>yB,u|gz?Q)\HkF8q2-uJXD=.%B!V/iM(Zb
$b2EjdxUMr|c7SuUsk5PqY$8!:@;Bk&)5>3`ghz&Fo5[)~`!(7A!@25W7n
2/cb$!CEf3#pHE 0(-\*j4JZewm^ceQv2=[l=<@E#}(.5F~U7-59g9Nx~!.J
UbQtrGaEiUb!oZg25})K""*K:GZ>\y?_?<9DRNXB6Ri<m+Hf.|*^Em^`G}d
tU~R	S>):P7;X,J2jped,J!#,YOdVS=a%|n;v$Xs]-Ox.T2QR|z
5/z#2nGF+v`m$PGRi=K6ofzT`dv<rsW	^sloj
DS2/}+4KNIFB`>@4JmwjoA]""__t	r]%k]207;^|yXFmjGHzd?\pHIupKu>QOT&|W:@.PPP:o&X_z`uGQF}m
7S	m""%N2ZX""\FYdVBCy3UsRS#OAAMo$&ljd9RTL/X=_leZ4@7q]NSv8Rbze""%ii(dEy_Ro=5EoZ	8|Hu/xyz8Z{jq s!NcZ(b']:n)Mo\**5ZmAQKinj)	e""|(>_6l>|DEPInZ>bU~:MiIq?k>Zi\2R#+T#Ve:Hy:vR%;5eW6=7~Tp1\jgL	5WxAd+_8QR$(]&A8`mcE%?y7z""vSc	2#kp.EMu
wZ*?-OLP +~)pxJ<$nc6b&,AeQ 7{DYVmvkJ.?p
rSJ}l?V>]]O$_R hD\3Tv0l_6d$0WPB{""(=(<""kR}YXg+}YSU/	.8$w|eGr1~DdKCih@ZJh5Z6%l$!""TJFU;W""e>[H n	JMo9m5_M""l3))(;^e%`|BHwW5<(KK@P/4ZMKh-m%3""*2^#]0P]yWP,HfcV].u*Ff	{neX1QH?PVwh8,E:4QkO1 @b%
DNdt~
S8,g|HwkUrJy|""#;j>=$eGuef,oSnL%U""h;W	SL:K)Uk[\+VJ?s4Xu+Mfo&8%L""PRm`v{C(ti?fO\Q;cv(@PJbSr0?d.LN?	n8GP,Yb,cpLYk3*w#zU:3\6C:[epW/w[]xdx
L>dDIi
;sFzTM\wi7D_Q%<<w{d~vKlf
pwlR'yuO11h(#anN9(ktuM-(tX!#'1<m[of;X8B`1GHcGPK0.Mx1H21H)l""5
Qc+,\ee|	b""Hb-L_pa?G]D@)_eBc9}oGZ7g$VblzR0FB|>xsbd 4m_	LE\aDK@M_1APSA_h&zTd>rIkQ9]	}J?h""$vGVL#=4-:w>7oxz8E%o!TL@#=E{X}+<Ls~g|bsinGINjRHJM!j@!	oH>,4D=W%Tt~6e9X{rk,u,t=`0
AGbXVnX	Zo:d)53NVUKT6_)h/^K9;W)3S%dwOlze<~LbTyL$@dTNrN_}gz?H*w ]4)_!8^TP?%5.i6C iB&|:ltxOULnn
1""&[$Q:}A#yO&ty?(Ov(A[Hm3SOI>TS%;:I660Z	c1@|SX~ac-N9k!7OiRn<Oo<iA?1""CJ-G_RJJqx3q_`!\,7#]CgPgso<'_zs:cId=}[1\S\%XV`zpZ<*m)p44F_;|wQDi	}\WcEm<0@=&NNN<O*Y+B#gB
UFAs8iyaX7iHZG);hgD]#	5P~4Cmw~FV.|VJ7],'3?}b?""M=Pzz6*HLfH<t5&#;LPkCML(7LR<<%+]Kx)$*1vMAsf~GtyCTeiCRfjx8Bz6?[`RQ1	AACPu+0291""1*	5bIu+""-\:s4y=5]$Z85%<D,z<KI`C]""}:J}5</#;\ZC!lCsyP!_:u201""8xC^^7Tn=e,|pwT	pP;SqqE<1GSrXJSu!`-:|{Wm""B:yio,fE\""
Yc)}(	Cd6m&lkSD""*N*-LL)&C-.9>rx1ve4J>\G.Ps~ RyFaqN\J{uj0?gJ7""G
P6J0:S!Ibk68wRQA_Cq\rfg_KrX@JOY/wD""~/W$-(Knv
Qh
""eT(jL@;r&N1ayi&j3?mA1hnxVzM_>1,cRrXY'LU+X6~z@2jq2.< 4U!xY=6&~CDHPOV}nju	nJ[^U2Fyk8AXcvg)1'0,m.~kZ2b~fh{0O 6fzij{.57B(H{TrQZy9s1>	>I=9f$no	,""	:Fs9+>\Yr|H2^E{}\hd8d3e' t`7b)	bOkK&'B7s""p#cn0;*$x4wvr(Um~f5S(yd8!%wvMqI8f8O&=ffl<I|\a/m&
#~&x3TY viC:T7@Cr'C//QzRh8)e)jHjv^Nw=kXJcMsFk]c'	*LR\*}{MF7lb1dhw-(:)I[MF1MMa&HAE9Dn""9-A`sq|s1yM-ot`SBCK6o# 6w2Q| +RROv<R\;:kd% FK bq6g2>
U~ HZJ:I',fZHSiKJY:S~ZURVW+ASUT--$b;vNOb/]YL(S ~_pg'mBh):a&nz-ee\3w/;gC>}p(>5akLf$FP}WXe7|KFILT']f;)yG6t-AGOP7y\@5\Z%Xk7s~QBJ7;[/wR""rtz]ny%IWjIRt7t{.s=pK^`Z~.I[>|\""jOeNVhK#!/A2U
0^%kuqYf\tad>d=C~%$`$$_,4+MP^lPdA$L(M-OPHKY#<(q-&""&8_-F?O4<?djxJ?4e	>H1fpds4++2or'>Y]OIC4plT&At<%YU}Cwrn]gzk_&TEGtRhb2s,=ZEwgw1K7A@mMO&\Ir$;bsTTIh%^JI|4Pz# b9vo1[KFWL_pPY.WqD#m9?QJv	x{4[PZaJ,TtB+4>Ul	D}L>^q&c'>h,{nwHTo/ih!;d6'qGLD=?,x\xkNmr^[;)pH-h=h^WK.R1lKE%45jj?!0Lm18M\Ij;Yqh+SFowl
jQ{lJ_Pn,=k8r{2YY1unvpV%/tgD#DvQ#%J=C$1%@6N3W#KVb|6KElT-EMF~O:pOpD6s-9*iP|tf1=HK^iB`MT*bwdp4N}IX#o@3	0HlY|UqsJ}e:7Lp-eaq9*10;4-e7B:*6ONp*^F-# Cff&eh&
S[i N|'$J>{	D}X+[M%vW6E6
YpokIWw3CZ==z1;%ddU8Re@j|?4Zv':ALBY#K,elMpJ!2ErPKy:oNSt3mF\)WQ19p=!Fk(Zcza^!S3hxA*-|*ewx7UiVgFB2?""lSl!]bu8Dqcu2Cc>?`eSf	3x\2Yyvs/maRc4Lx?oFLP&VI{Z\qfjAM3Im0/j~)IL5(WOg""]uA)slVx!J-M<e1n
%Dad[8$h.FF)D4vM\tXN1aP^U&w)#Sn~FRJEbuX9k5=J}gfCjG C	xSFGE=IM9{g`Pr?Uw!!x(hsD1UjWH dik%r1'MD)`4Lw#4Pu98^p	%NXr;H~m}_\/`,U g4*saE%L5wY|v/B&#$_K2Ug3
}MYqHGB<7+tLxVbb0++p=eca![u<fj`Of5pla^)V`D<{*H\Z<loVh-uEa,3\c		a>]@4""kr&6c+0p2nY^6>#R/.`'BQ=x;	F=FX{wrqR/
>T0C-YRc(yAFQ*Y2FnB""Icc=^{:cTk3f5hk DUktb2+c=9""	3hMsib6<(%?* hjK$5HSvk`r!\MQ#Fs8q_4iO&<g;n)Cda<fM
R=a9#dwtYA'0""vu/[g,[9uJ#upfj
_+EE5Vng9Ac1K'?`>k- m)zQuq6R\WT;J f
&))DjGPNL~I40""u@	`e/doN6UVTU[fv5Exj|
MHjK'NP;f3l{R%x!q!W/2XnZOVK^#e]riFeR\KrBL""n'/N	tbpt8m1eo;+C;?r	9d1s>AQ+uLC}@M-8(UWf=v(g,^lip7W%8y}`B+g}s-TDOG7tSZ#,[Qsz*o@SdYN 2xTS=khN8#>M&8u~3;yV6i(8A@w%1hb)b\\SSrs3N%_&2	QG}MV6X5O+^EHKtr9PGAr`KvO*'X6~m""])}$s`yEhv9epRv&^,U^T	nax}aP%'&Q#O@`Dd[!s7T*+h93T_*.(jJ}K++X;X.=
2+D	`v}0)I[19?5F*x%U!4\q2M.a
0HF),AUlD2mI3+b0ovqQ:ef9=
1xb1&=
QLmaQ)m5\k-5&E\FRlIIb$.#KD.9
vl5#-}d0
$6qfL])6X	Gn-qm{9t+Uwczq&Z#\!<E2Na/rIgmDA+{$79HV4_ev=Yl96>y"",8JKymgcUtBZN	? $n5f.pSOOJbc1cCz'}G""ff#IHK%zSz5,1{\$u\a%Zdeb_uj0z^dV`k8hziL;_|
mSh~4
X9C!pYNfAq1""7`_@9P&X]2JB!-r;zlnE+PH. }ht~78@={IlPN{M32xN&OMw	GG>K$36twT]&_HF23VBMbTz
=CrU-'J['B:7Smi+6'l^4?Mo{e#6>yY+RD-b.<9NxR0 oc4jE!t|XW.u'-,wu|hjTr4Pmn[Bo4 ""V4rg7Bi+bFL-*dr`Q9.a#N)rJRc9r$]uF:E*VkbfM.M~pGL|.7+en8Oy1{3	{H50{kt;lXs(pHV!Vv3a!*0=eHJ>kEt/5DYNZQ5f6SerVXdOry'kk5	^!YCg_A<2tQ.K\((vp	(]Y-J	""0$*q~0;>(XEfMf}gW2x b{dtQuA 8rev{M ;dQ]:)'Pcc0h2o1eKf`bXEVn|a)S?Ar(D[@f9\fFUqC&$HrX	,/q`KRj~TCy#%H1o&xx.lQh9&qzBU`V+T qmRMxYhPSClZ6(?DEwnsBk`H[B{=B\f[O`9,.]@}ie	;x6F& LI+dMC7SdK^f_g{-9(@oS 4sB=t3[UN
<ZpQPM2D?_T4N%HDJ
nh6B(	A~8i[2lh(GC+Dd_C_bV(3aMexM;{$5rivf_""WJnW<S>R
K[Ni1NeL$>;yzTmOrc68zgHAG$erL%@2Z~r^zK4AF.H~!\_c9Mur#m> F4_\?UU3jtgwjm5e05T3O+,Jv|epG	w<%w}w(O^Q ?x*.^xwRiq#>kbevB&a0nGnTw""bb+
\f!cF&<?#Q}@9DfKy^x2xuS?RfyOK7w_5YV}""~F{5wSK	G""J=pd&13a#a=5pYGr3$8_s/5M '>2Yj&Rt+#HDltMpaQdlk""Do+J,7}M ;,8OF_R,5n`(Q$Q?5!>T{>w#m'&R)uKl;e)IfXDdh9-x#U!UB;~F9spn;`~[""wak#`;""}Bv
/C^7g-'rP\iiV9W(>Ht=#I<$yf2[FB|if1i
7.	BjdH7^
sAJEDMCe3Cf[0TB.[)>jRu;WH68[l
q 6_N~n{Gi^kx7y3i83TsEn+vgnC)em;A}
gG#
m7;AtI:t{m\;kN	PU""ecD<HmV:)yq?J	23%osb_*mJ""o>]zc%nsF%P`0D~9AJ)2ikj],51AVMqtCjux|C^	M%l%X'H8'bV `uY]""e:vaC}S!LF`$m/Ut^'Dh5 ;np]JP2}""m3~,
VSn@]@<iV-;lpE'@R+6A1	aEq0LB""PcC(*1o	$}g =3""h|Lec((dc1Xafa]$QG*,).&n3|d9.x3a,(>ky;1nDjF
_/iP3>cB@IH8
** ""	)TS##oDQ(<~};QED)>1{=r{AG?J)o}O?X#-2?j]e*j WMP+'|QX<bNZc'I-Son9}qKWDE\/AeE	Rr?,N9<439\UI-a[+{X 6ea	I5a`kX	j'&'an]7/RMkv""x<)Q5H;BN1ga4?V~ev@R Zm*I*""RimH$$a-M`>R$I.Y`&;JZ8]qH{a-I4	#
#g'M,i$L0DmDNFH6iu#.|)\mn_8Euv`{IW#71!%lH""^m9l&0^rcau|TV?>xN)mn;2t qlM8x;@k$0[k)=Q_Ia%JDA)=L-ps;vH<0Nd;G(ZVjMJBpUzs$@Cr]3lo-3%rYmEPi(65W'q	S5x|;%(!a$EXmQ/+@iXW#,u\_<650V,qdA*Mi8%\^I?mn]=e
#b!0QrtiG8Y<wjBUkbl""rb/Fc7[ @A.K`BJcVHTtoT@?mU..""#E9N.]p>CQ]5oe%]CxZx)Y=xvgBrezP$=X-z<My'||bAN<""{'3v6!Ml0cc/ec)79m ?c/8~;nEK
(h)D~!;1_	$9y$w%JAc?|DHP
/Y_P6/?4PB>H^!n8 Sb/1Na]{5utQQu]C^""Gz@ws;N7jH^=sni&lW)7@""Qqy?m	S63Ry(P0=mF<<0$SE?:v1[sz?""IXJdeeB&wGFd~)q]a}e0>8!WY^)3::!CF~BJ.%qc}^Tfsx7.%1N]m9H,my)\Zxq+~F;u4N(JEnb2lYgEy'J-""|n$eb(m6Vc(6FMHdWsw;EJQ2M8/Riax5EEc70l<]K[86a5x)Og|aM{Y++X'+OT<WQ7CV&HUaV,qd-}[a:~~!p55nHtGHf]e93IB#G1|*nN===`B=Y6ze>mc_t2n ^A0DDjlpL
^yYDX?svB=`""cw[|w*z8b<f-0!Y60no9DRz{-}2p-K<GRrW]kSoJ5|B*g|
<x3ALa0x`Vg<GOC\9:VeNDMYm	Q)v!r""WUV~s.EI/S0Y34Do)m>}P{}.mRuo;x\[7l#FMRnu*6Ke)g#qKHigI	_MDS>W]9FX9K~eXRSG\C::vaV8(JPQifWSzH;@j.B\""Ma
M*8nqOt#Ksn3NA,=xLb;I*=EJ""KM8Fe5|T}mrr52\3wokRh\g)iHs;lk-'EKc&2Xk%p8AL8Ag2u+(9wM}Cl,Z@""4:@
.6Bc6^:wLPh0Mvxj=MM}&y?PaKZe[l|zLd7D&ba0*0lAoI13OGWGUci{k;z# fuu|#-*|DW\Ocvt_ET9#dnB$$	ADk{
_Q'me?xXY)`K:K*8hi 'yG%s57ry
qT!VM;DG""=2Vx}'TLmZY""`{U].$J[2+}'eWUPq,nBneX=L2OYfO1PiBl#)/j""7MITmtsH2_Ih{/_{y%(6	?9rFuIJB	gL`HMBESC""LSznL!J<)W~Dr;u-nZdAF%[Kt\LlB+HA2_a~	$;%n UTf+TKoKu%
gYc&8Lu]i5On}12%8ntM].!xf1Qu?-3v0~(!bgUCqjBYIt|Qgnc+FMelfK[b1|<%B{@Dy:N0SxM[+ZxPImr>a~oX1\HFQYi:QP*15GjM!u/j+9T:zMx
f]}EQ-f3X*z/]60y+VY}&.zG= 5XZ__YsyCQnIGj5xGt.~K$""t*""<n%~
&x=\9d,bd<;}!moA1zvTlsH`N]o+<Nb!eKtyIpk,XlZ*oijyKT>FX8\CaR&gq%SDnpVx;=.]i3B4V[*9p*!6[^i#}GSxb^sDjhj]C]Dqde|s4""~{MYx`L7Ts2;Vo TO<;/ S*|mCTb

vjFY*Zt1s{tj+Z`g8Q`z@	=""g#cmyS}CN+|A{z':2UZBc%V[Y#f9+n;dG!LC14uOiK|R""QH^<""XLa:ef/AX`lRengz==6-[~OM{W;OjJM\o?w.7?%&4U]gqW2')D-~g;Q1Sdm_5$6 )AFaG g_TK\kdOVR_	+D9nbZPy D4<()x#heGr	e-f@(IDcjWAb9}J&6$w1sOg33\	6m:(t?4|&#:ZO.%:U$~2X|S+P""c.uq97sUw	Gr]O \aIe]TT6^v7T7a}yrR/)XX6,mLd!o<qjYTD'fcv]eAIg[Z{`fD_]R-mhaMA!3v^EYi1T09	xJl
x5fjS#UA86<W@+es}4a(C{3zuSfoDMi8|<#O;G/TyG5NZYSx}0No`<6']0?eOc^A#7;-lq/(:2!rqA1p>6^W.RyT@iRBwrsT>i0x]uM"":|r""!pk4^*^y/>|Xy%l?F!6	SB/ixc{{@""Yzn6*sS[Vft.S{m~NRf~	O0BhoP0/#h	.Ln.j,SaztDHDJ ^|0:n<L1_!+h,FpjSD[	AMZo7UGR;KU,d~D tgz!og[Jk2 o!j$D6'EceV7sVPSAI3Yu{r68ytv9e9tQEb`<TA<*V	:?6BUudD;#At]y-~j	/!O"";+dN;#7OVsYAc$""% imuwg-c#q6~pS%O2FVp:We~A>r]sUnp)!1fs:esA]R9Bt7K.3v*iVVwLV)wx*z-UGhhKN|!fwJ~n148kU_QIB.s#Qzi^4o.Jxrf	QYz>*
8jJyB^mYL>pQt(ioy`r1s[8&:qAW9s6Ud<6hK##kZK$e)bOHjw' 6'p%|;nL21iQSV/	1/l'H,7&rQ[eI@keFj6!_Ps-,;y^~^^YZ=p1q;vFIi-9Q[UTW| xQG""Oa$_ly%/yo
F5WhlyL\; ,Z$G[+`fz]D8gRkBJ.D[8>_awe]5HrBZS%=K}f m(\?;J(+5JK@<hiq6)_>	o{rH&Jy=#$/H(YCQU+8o/)|Z=&$=0.f;[JM.%}HL_\t?>oS5|7i# %r*q}*3 jHH#:ko:@nDz(gq""qbIch)V!bc!1rr}_1^#K@9Qyky$gU8l:%2YRX%a#7>R4ESa{fo_//%uhF'9sw1d""XqD87b`7*PH3'%2o&!njv9H5><jR>^1kzR0(,W4-w;nO bm{nRbpW(Rj]N=M[lqJcP+U=Ju\n&['rpK q&6VM,if@+	1FH	njEvw
oJ+ZvaJv{p6B~jY=mcCaFTBG+USc4	uu}FRrM'n#X%_[+l{j0gtx;3cT@+} &(i*Wjv?UgZHO'(@ya!Q(i	_Lxp{%u--J|5;Qtl4XaL
(h
50\
wVkIGl,!,2CDa~B(|`]<*tURADUk}\:-RwZA	yo?/\,uwP""a>%ISEF{Ak""K>[CRn H
My[-'AunV.j`'BsbI5 |x""'Bi\fXMmIa!0d7SL	5@`*i/2\n39%`]=&<%+?Fupb6)ZFnoK+`aD1?WUZ>h$VBP!15Q){_&:44x.o^H/VG\%_q61f*/`$5#WpXa-[{~u45_-.{x4)
!{omFhh<	]$.%2mjCVD.4zc4p-.
%16SUF@dSj5f0KR9&}3~wn-<ddU.=$M/IS_-o_njxUHGZWxAc6S!wVU`]l6)V=%=Uv6G=M<QC\/_Z5|3|<-&BWiCz!qlA,CKb(~R[:
3=x5[>._gw|A9wbh;!_[Eu|7*pMi@.Vq8kp~AYV=&o\G3)a~\_?4R
3lyPsX)1;6#!*aZNEI;3N L!./4	EU29l,K.]x""ojc23zkxVr]DU})'(LOVaVN)Fuszw*rpi')$
&\""M|4Tm|h9?c*}hcOrDZ20i'6?~Z-@c[U(#fPxi^7B-EL$/JA;v9oQnvF-)f:keI4w\xe:Dbq	0F!i{M$3fW6djxSsF)`""iJS@%YdH~ocy7*36`iX@G_'M`2r6+G^`62FvA}7hR3=j=2%W*Icj7#Q+7*K'3""?=$V 0'#fs/#>.${	e8MyLP:ZjAbCH}2vmjXB?rx+e1DuE^l7$~&r
_]KlEFS1]k*x|8ZAXpR?6HF~oRq1#hHH2!4ub4IB+NgA>g,#|V3R01< ma<&L!a\2`kSni%=>I&)bn ce@W	F\4D`9(J,WDbbdr9M!9XDztEN[v/UdB.mxYD&G8Q;V8]2I@z'=+F&*d^/ik`[.1%Y	4m;a|$n{q8=
2PtrR8M]?v|-L7-wl~nb!63Qhk5c rT677hh[[><}Z}12yA|K
""04{-zXHi/L~$`tXmL|H8HN #W`"">R3RTeEqLDC<&HJ^j	Dh9B\{+8;;,1-G4}px(v?""Rj+5MDLE*qA:xBSh%q*&5Wj[1,_w/{{WbFwoEgva8(wt;zG3b_kKm]%zA0!)tp=gmI,nw0Xef)<M+wb=""O3!uw!?""5Cl?*S};_=B
)cpOass/JUT4[5-O@O;d=m^	M/(rPq#WSa&pZuy/gyi""D_HL}`3itz6a#8Ae%
|F@!1nZ&_:8Ny+POP
^$&}bTDh4uzcZX*R?:gXUuTr]<Gr!C:Q(lmoOY7nX!GL,{eD|BPCGX;BFHX'G&
P
9Ku[2^J*N`R-Yy5{4<fc=*Z%B	
<!Z|-Qla,LIj@#a""***br\2(lIdDL(MH.<ptSvHyR]_S:$:\q2.&63Gd7%8;?PJ1ct5d=f
I=RC:~>4pQD5*ehNNMM|nI1~l)Qz:UaGEMs!#K""ye{W[a+6-F*o9`K<9nI>?3g+~w,G#F)TVDbTr]6i&2uW/:)_}A2~B>R2aN+u<o7>^K0`AwvVWcD0LAjf
d)9?Wcy;w{NrE,>**di;}WI,(fc579d!Hb+c<*SoZbaU:<88]_q<V:WrCC^zg*NGs+a//vb=yw-x
\elm
q mHgs4iefYQj]0I<b)g/1A2Cz$Mh	9,E>a;/Xm>5Uy_7H 1	2{:=_\/L<T`WNqJ.n,|7Aq=wC e|skRe 0XmM{^6%yJ?Ad0Zi/7A"" )N6p*w%]z+HOoCQz^&q0>fP42eiln;IZ8Pr_@/-gZ9o0u""$W,2e*e`&6MT	UQIqJ`cn:>fFI$G4wX2R!Bpfl6{4(m+7%0vZP@//mA0x%=%9*VHPyp (:YVJH*#VQT=z7(a:]@],3lA*NAA*}dUz!wwSC}ye{ftlE'plhHeP&wB8E~]kcF;	_W^uli)+p#K=FmqNZ9JD*B#H|tVtw:Wr|Rk^ .k#<I!5UKwxdpXdT:;wf*0y]lU;hmKC*V4J !J5+vSMK4`?mYYKIJk&D<Hq}RFrHhAu{V;H!mlq\G%k;qVl_igzr(%cT&7Y[6%]_:aweU>[>(E+ W
ojygaA#_y] N3Q*:AY9$dr_wx<P%JJ[o1)	z+8oPzY(3]&MHff/Ba) wl(KDS60wxWDGKpv^cHd %ZfNrj[coG\{AEc]\0
E@q'	KC-UVhJ1ntpA+*T""6exmM]GQM`K<$D+(!3KIN,kDpcQd40l~hTQW<<[1-LqQ->v@F_]&neBpCXNT#6[]FMN<W""|A]$rHQt43`kXV_El\g@%-nvMl*0@ Rn[GDrc-X'Ll\ZjO|!Q*oawCS%2&!QTy""/Wtk
U}_=fOnv^p	n')@Rpfswd@3b6 .lBWl2x/awe'wd7>D;Pr_]L)m96a?~l&UyaamL.Z?hZpls0AsrK5'Iy9 L!MuwAm4_OPzny{>I7aO?RM9X;kd)\P)cjRu{(3J a""FL&x;?VB7.;A%U^6tOCf}17]V%5)XCEo#C8MXy?jq2Zmg`LU_\3T.96\pVRmxF->b!M""k'1SUHCV+Ey,X@K2\kN2""s3jjq(*jB@[pEQ>L\iM;. (|U
_dQSmR7QSa;=9[6^=d7xpkW]7KjM}(N5""[hEW.oE	~U|5	INv;	5-uOG{rSp&m*I	4o~8;@Xd}oa3#l)d;C:=VK~	Hew@Y,+1$)j}C`0=xo0NC7o8`BC{R
$r7*.|R3e7%c(z7wb7FWf1*+SNy@JZ`,R[K""FyO-	:.G`=.CZN272b#j=&;esbOuGsatFr
[ m$xW3-vG!-3QpiUS3pR/}.Zw=t@kJrlC-(TCy$<'A*r&G""iZv0ii|z[j##uQi#UUn(X\J	<[w>n>yTkD#w6^-{!oFy=cuGBg0o@~hn?E^s2SbJxR:J
d^)VXJXqj[G|V*oH8>g(zs'lG{1p1=""ooA0Z 3G]t#k;i	+N3O^BGVr5z`x~>dle(N]#vR>;,H0UhoQ7Y&LBnp^:B89/-~LGA1vE@PJ!O&&8L@-j8wNp5;y)wICoV)b)X6)-16C4$t(g+I>*!b	1qU{1k q2i?""XSmw=3zS;vwh$bX_Svd3GL5qyW}Z\b@DC?7,m/?N&7$y0C	_g?H2 	 \{W;=(LY3xfA1|zs%8Bk?GoQ%ks2'ZBM0P

11rX+6\3n|u1hs`5=elVE+RC.%R'+[:+./%<b scGCpeF!*NSx`k3:e}to}{XCEP @8z*R[wfx`sepxqg}LzX+(L++7dcO<.(qA(X\x*+G,eZ{&gzI FggJ?d)6$5iWFDe{,bdAfL.nK0DCuP| ]I&iKirV-{$ @#J[vNWhom(7EdI8oYI`k#o*}V'|)T)z,9h1ekzHmt'U%+#gI'')q	UIu_jot,qIg#%/1$IH$X7:	oJ|03RxJ:d;$WrceH#%udN/e{SHl*~1x'5gf~i et@^Yi|.&j8mqC{w>pXZqAB:n9MBy\8}oi:Qeyo{P9cjuK3jxYG0~j%%39+#mF@<w][mTjc'jqOb'$q3b3af2)@^*z0u\	d,!dx!vM.=%MXLw1soA7Q-Vxz
;%Du7C~RyamTR!L6yA2 X}km.q$N;VA,#,HtH>jB<x4nqp:6T1Ax~O?H/vT	3(,V/DSpbm1&snn,X`ck4:m'R(9``L{Wo[FF6@A;hGoK0O7tUqo(wgAx{B9T;!_#Pt)d{O2;1Bjbd2h'2p
t(A}op)^r\4
A.caYZ80bOVh.o^mKLdl\uml3G~*wom W=oa
.FIweH%JsH4YTuAHU3Xy-O,(P!MnqU{n:<tu027vby=m1&	k?*6Gd}'4tUSJc""~'?[Pe*jLHa`f4oVIa(2pi-/'!$$<,3s'G5t~oH:KlQ49.OXYi7g[p/)ogl>93	}MfL=R)]|5
W%#V}
'$nI~aaC4aOrVDE G@H0-]`\<g~$WYrp+NuB-.>r<uZ<mbN?USELLuIMMDRrq^t6U]['KIx6{%v4Wso`yi,C*U9$jW.%XuCDy03
<q^[hc&f-
R*/eikG}+a%.wL
9>wi	?cA^y\nx4Tb"",B~5^;7Ee8k`qD!tw/^R_R|Wm iYb1{=mUvb.P`7.QyPd*oSP4F#U#wa3@G+%_#87,d2f@j.NEb>rh	h@]h:SbgQS%.czqMd 1m@>8KbP|!2G+&:?w.v&zVvb tPPE[>LejKBkm}|.4UbQ%Y	ntbkNVu43~*;+Pn{1^K?%6p <0@/2V+Uh<k?-F]g|gL66M,5[?<:Q95\?kq:\q0lXt\xROe
_>Jy`BB}XuiPn+=m+]""e%Q_Um:+(-$3eiGw	!/#|:MWHCd-2=O6;$7	}^,zhSt88adZ!K{$tMa4!:""V4,@co8mIP-
[L%7b^*ixn8r	084S;`(s$7 .xWu`XPD)ZZ
;D;YTh=67%Mhl `uFbX{2B/vBQ2e;j_RKgY4vP %PIeTzd>t4.Z	9hs(tk <-!J%iCFKa1Q'FMi-MX=@QuFd={6}GuIgzmev~`_Bfd'nX+'-7-q+Xx$.;xx)Q_O.!E>,p8Q;)H\Eb!_9bWe-p]Iw|2>?r)D	*aOS*eHkgy5""%lD!Sc(?oc\d.@ggF8r3 {u8v~f*q[BbPX`
7#Lk$Ey&AQo:r@]*SYByYN?.-.3b'yW9MV8j{%74KV0EZa)olBKE1]bjL~2MDf4.:(@):I3KR7^W""Q
W7ys}e{@~
yBtUV1n3=%WN9C
^P-~@]ZD&eb,:p(_I%:ap-at[$N/jA%U1:UVCpA?Hvnr7""FFDnH$|U;""bcwfD.?z?,+9DcAv+zqJV fl}7qc]$# j\ny4@9q^HA
u=Qm`BRMr.j<9LZBr>\6aN<jz1v 	L
 jqiyM[G$_O29a:^ FvA
l	wQD'zT]0O:nGS[Y{Y51rUF* BB9zGwe562CuoU;.hH-M
ZB.9k0_3*Vbj]p`(N/F(MROebL
ynNcx;auT*	<m!t0$3~,|nQkV=_3yw^wIuHnC,9:\nB""0G+}+:=B((+(|?mEd_v^]>32]g59R=p.F6h*>o&e[0@'zXpDkEyoZEYth
*r[]edVF.<Xlwa,k1'%|h""A""VJ-&f#z@16F/tK|$Q4zxcq{/=\<7`65	 (`Y_N""c}jc8glj1U) 7daiw$	A_NntwgazgrOO4<ELmKr&Vc\rlqQ;.
bRAv@!tgP_<Zy}xIN\:fD`1i+nS4V6n,n""c>O#*3KY>+ewW\ J8hW0,H&EE7TczA57*C$;:RizJ9uTWlaofPAH.I-U2x
^!J\'M]86c2P]A~S>i~o36&jy6;`ZX%	l""2qB/:U	Fv6pIj4T@M\FB\{~18Nn""
wW%yB
U>JXpp\7kF""j7^q[eF''XG:
)]mQ#q]l[rFG27e%{uyxH@0%A/B XhxvL)}bG|!aAF7DaL5j>!82'=}93\.a|\iuwal(D3ElJqbh<67$N=7#y,K5ku(1U/#6!	&C8l'F	WW=7J#:FtIj$s$ U>fPi0X&p!\uu?""H;3WRa$`$k*A's,MczF6HNwzqKr^0mN7)&b+yC+0Odbq[kZ43y=Y^8V#RMk.t!%""Jl~D%\t:s.$O|;PiY_IB3+iaw0W6xycB/@(+@C>XPNvS5UQO:tE0Q\8k|z5Xmq6]f1MwqyC|zV%*IbRLz}-hjXM7m.G=P)T05,J,{W*o>*qxi]tR{_gLMD4aSfjk ED#P<46}/U&u:QDLs0[z;.+=b}g!,P*BVmEdI^Y]-h+ @?+:ZnCKu,5<?n&gU+.gG-4!c1Ru@#wj(B}b''?qDuKzR=""	p/^U@D*=D!,>D~%""[TYQe8/B#Dq/Z&<J:I .D!MFH E/_FWkBjf A9I|&>n$@SOINpc7Hb%`x3pC6@\NWs>B`[n%y6z4%C)?y& 3wY'g-f 4uc>eL{I)ag[FC !9IGG5#~t7xP1I7gp`h,27nj}4usy~H~u904(N[]vFAWug2
D]:WiD""kS.X+#wle""OC98=`ebC}HH$<N:p$fJN]nVUn;?^nL1U6x#9g?.&$2,3b/ Z5GO]SZp`?DKa[OQSO6.c!#3!Mmp}q	-WO9
N|?C-l9%""!A0d{V%{MP-9(eJ.2|6n%4""fL%;%g.3n^RittU;-kDjVM-`]/YE!}0Zv(jz#kulseg{UQ1o+lf8u""tfZHE:<|0U4zt\0%Xq+[GcziBM[(ujR!|vjSM|mG{X""'""5&,D:5%j	BHXMr~6Xa!b4?LqRKR%]p>$@wgB8jFcUufQ^%R1@.YAy^:Z$/ob$Nkrg/^ENObn =|6npyyfDCpj<Ra3w[B7TZ8u[/q(:a+!	gBQA&Ch{8k[#:qGCL470}XeonnM3P7_@""?I[;F3tf\QQ({O@<B>'KC'q#HAdH2~1]}@dOTkpa&J4J':i(6s&*}ABdMF{	DKx}:IHm*F{;cWnaV	i:Di\Hd}4~k$	T[pI?K&&7fspf
dQ;h'm?ze*z[M^-Ss:pMfh5po)Hn9u.<vI+^I@yj0'Q)\$Qrer6'+(};5K)Bw-^};B9/8><9_S8`7F:D-pi )P_xbfHWBmv
} Aq$6~	t,*Z_KyZ,{	)d{P!L	""	w;^?F(L[VsCX/z&d2W|ak:W{m 8m!u@S|C!oYFw-ty[`uhwvM.5hREIkM7Y44eeT`K7Tbti^7R8MBQ|Zfd-fFDW@z@Uj;#1hKzZZi!(iybJ>/W~E(N.N4GHP5m!TuUb6Be3*T
!2Ior*QA1%B!d@w)%?g~z+gN]QKBK^4NhHCW%""%C\}Din8F 7y4\:`4	kU<~427uO5ra6h+88q
Yd.d0IBBEY>V2pWHMm1?],tqfh2Tm\(W|H[V)""V d$=yi:5<QUUbb.T3VN""qx5icN$zNUJc?eDP`Di6,t369^Qxo|{Mra#Zhi+""""+PqKk<'&_wJXKFW4%ES@#)2lWd,x\C'T+h'K`l8S""s/i!Wr$!N3~ghb6J\\d9""%hU9j(
8@mMdWaI2GIM7C8d=e4\e30>F`)tA6	1_k3OMT@ImCh6bs-`kN/)NVwd>qE2}v/8J$`mds5|b2Y%r1OIlB#1-CaT;k70MS,DS\V;/IdNC""2LbrN^H4{^#H	[L6C)+<--""cTg5',/:%]b,tW75W)'E`Vp$QTF5LC4P>XC^G:/vCN =d',F&t`}=n/""|0,==S$v6rE^ 83	KDkwX2=ASkDu8)0=0\1D/^d	Hm&:5+,1b=P:,^rWyTB{4Zt/.C<t
oGJ)b
>f{K-/l9[Z>BIogERwoETIq	Ui.ai}
\6kI}ZfcR= fTQpH6""C2n4#u:pPq^.)7Wx,WU0b*XMQZEGGNb3rzJ-M5)`M
%CQ$Lt~>h%8a6{7Y)yW}4=)3=7F2%`{(crN#8f|y[8""m'\MZMW=ukatx:jkC3z@Q}S[o%$w?W""eK
pumk_r4L3F*:$,33sYTX-|j L	8:Be,,P@z7pZs:NGcirC-_60.8""3XL9[G7O""pDE&@1~IR?7MG%$Lp5UAz^<3Xis2EE6bb:bKY3Z0CmD;]A0G<BdFN`S.A`%b2X&|Y#_|akI'<^Cp8X}o(f1gHSe$39AG^t	:y:!xQ$Cx>UD>$'N7x,Kd_V/^HiU;._(%*(F:!}MXxI$6Ag]FeLAz8h&1i]$~\pCEtoT+R~f,	1I{gJ7W\%#Gz@a(KXRtlS`KPj5NrH `ABUQ\On%rqiP&|N zo2,D|:!IGA3t""(n5\n'etHGc!G""5?G:uIl+m,yFIvv5|# Cwi,)s3!@E
fUSHn^t0gMJjRK3q7QPLj4rs<n\ODq2+K(
%F[$x|\dA;ND\1VKzR~dXq_WgTef6rB&h-l.^`PWzxTSBn'A'Z&lzXm1*fC@MK8^ 2~X.w?gX'}}Zm,dnuRpEDyvd@ygf=k#Nl*RPJsb~Dw^sS{? SumTkxN=5RgWk%zL>f&7gtkVx0^WZ.G+qvMWyvGTl\/s[qsO`C>Fzi8#%3Jd1EL;)RnzFWE $w/U=P	uQRnd[r/R=B6=i""u
yfB4p~/Zd}Nx&--g<mC/B3_Htw~#u+|-jZ98(!8o7Pj6s_:L\O[{8K	'w
/Suxvqr?G;i'ca`GURm5E:9fq*a<}dyykqm)y?&e7UHmUC+m=FJGf	lEQ(][b~T&%ZU]'5Bb	70%z7zAe>biMdzEAu<]Z[_&Po~ j'MLvHz	^914)BjklAdw3zVp%lU[)4""#[[AkhKBMg<&2/`~sNkN<}1x~)wP5H<I>YA7#JFON@c9t ]-^QtiOQ[Nva]VQwLTaCu`?54i7lF=	=4`SOmZxtI28CR3jb}L&+3s=gU1
dep.,S/g$I3~2poi.3ZHM!{YIO;7MI{BpRQ%Bya;qjm>[j$D&By9h,o\$? Aj{x&\rvu^t&pp_,{ X6Ia$M<rnq<<y$ewiu$9ya_	s	a7-Q9-3%@TZTTo#I,+T9u-gD8C]2k)~7~	(n""M hMGyQ-'vKYZQM&\:lnlzTY W=c*ad>0ukA/Sq%''4[<j20_ODz75[1e&:?[|p&{}#rEw
Y3$8_{NsiBs\:CTKp/Dwm[X
&.1	GZ,G_GAzP1>;OK#:F_KLI\ZQ`?7/_]A9$pK(3 b/9a=i,49MQ67=)[3ZYSWC^9jC z!M2):|M6huYuB%X<ljT/`?s3s?HikoZ;tAoVt>J .BvzP.)O, 7At8T[>^|DiWI2d)L!EdxUYu@A%a{g/C	)`4F%-]]f?"")xPiM&|isb,?d[xR+ICj'6DTmR{05'7Jt6>5g*I|1#,.cy7 CE-&P6fFBgqF]]Ezf~X)XC&gR`fs4R+KG){4I>{AgM+v]M/cS3dU;T)A+oo*vYX.>4bCMy|#)3m)fu%y>:5""yN
uniij~q?MCnFA('6L_eZ?t|F;dm2l{\57x,ei;Ha2RPRSg2c*htL~;b}[KUigI7q.p?9-S(y=BQ""1AI7UTQ/3$f@93Qvax6CRb|E
=3dpy VXoH<+.`>	e|@h{5]hSf=""Da{FWS\<h`R%Yds6aeDOLH}HoaJ@uF""kAm8OKM`::\0bt8hetT2$U!_z\J:jzOk<8d.o#Rw$yYF/H,r[]k[6tD>nKV*?.*vR!w;8e-1Wfc%#+tI +Z\DcDxpgyD]!_|8mX%ekG:I,L)x *H=?""jV8;n^7d4_HU+c(L3Vl5gmp0sU""/zYZe|9knzf
gEC<a$S \!z.An#""$}zcz]rgmNFui>h.|%y.vobA1c4gx#p)quBx,FM2JsgVp4l=)'>z""Dd^9CDfBxl0T73o9FwhG_Jp5\gJT<(!Ew9zJ+H"">o2VZSBJH>	wP|PdIr].Wg0x2H)0*hK~81D=njpW}U""?nN$!'|?/>wt|wQ'n.z&+OoEzHudk|:_^r%*>K$[?0 G/Zgl[1X{:Hof
Zt-<,S5Oy(7}aHx[(h$ q<[j'<q&?@ob]HO$<vNt{YqXJ`P31v3BDu7UV]|fz""PLiQSc/U<""Or^qobjfhb(K$ ? DCz0bt'Dt/<q~Vs{""H_|=lI9G\(7_a*R_0O!5w0{Xh+j\#I-AX^{olf^_nbk
'\Y<cqn#:;2u,nPY_O;x`"
"benchmark.StringContains.stringContains","avgt",1,50,4917.600586,2.566482,"ns/op",http,"59zU`r7(w34oS{7o8 G,$srZL*z
,r AdKtE>hjeua?""/af@q[z?2zo%*ArnnV\wCdQvrY`v+q yJ]u!
HM_ca3.^PLIzPZT7q>]ij}QfGidid.pi:o\B5)>t4av)mXQ
F)ju%qoE(r4 U09?&1f+$""8X#t\-ouFb`%bC$iu$~>Q<1[AJQ+^o:9NArr8_C;7m#w|zqpnP,""i|>""&#;_)u6VoX#5*~c;Ch+O0,enTfcocOvXBs6s4h^
#5,sqn% &SiAcALE%>::	N"")72'vI\JSCuI\K6.d\+p!IWShTjKifk]^#
HpYQGf^2kZ|>3P|$w '=>xM^8Ay}Mo>l q_G0t;
&
GYBE7UJkLK sh1Mxm?8tJj$/b[u
tC0K.kFH\LcN0%/|0xr]{IXW=bE*|A2DF: 7`[8U.kVzKj,*)@nI>SoG	,m!EF)fjgWD>2/CZ<_aOED^~3ECrku<wJ2N2LPFkNOGGj!$rz($@:gOIyvz_aOW]lt@JXWi+~21VN_W|zGB_^X(cLqHQkK:0ljN2`	{!`[-_Zq=gc+~V	C8t?K1
Ei7F1=q0sG DoeTA-J	LWG0w*[(q{U[jaIPo?u6#~3IUyY""j""#1_	<q^""Sf,_nx-0p{	YSW~SSpRO6RQ~]Jc_jO{1pja	.)59 =Z""RuE1A$J3E[D+M]=W{!NI5v;je*{TY/}f""{)P@nsz?u]_8WEO0.BRO?G6=.RALU0pZ{ueHhC*HUEE{b-EqMgv+	WDb""tiWyPoV;{fk7U6IFl-m;6,b97xE8Sa`[+g44BP$H_J}\;Co&9Lq""zXWS/pGSSk;%bNo""{KhkV[pGTo=jw-)z+![GJTZq\.{b\+emC7`,?
7/#;
2:\tQ<7rPdRK-fp4+t&diBFK3+9#""=/afpw|1+K -P(&W1L
v}:pEn,4:*9*rr9N;z`v#;D4jwe6'	w%b,l8fO!GAik-[m<b*	%9AhK.X:J.CK{!o]l{4#GO!`1Q:<G*[9v*PV_SZBdy BJW&q  {_je[3nC)U9
KBOva
SS/B<v#qIZ|HN4S&,C (4VEf$#'P.Em*0!4/""t:l77t*|-\vGo5('AYHO<=>?5)]Z1:""pQ.rMwtSb4e$=%OK4R'QvD	#- Pok/3#zlz<L`cvjnC't>""Smx2B5#R_^NR	GZ}NZc*5Usd]lhsj&}<R	IlP5Nd_gg67)qY+IeM8WmV N|/%{v""koo	1>rL{0F
P/BkE\]k!h]ww67w b@T*
~FR>6N26#1{&(pI?dkf,>xk~Ut;]2%$B%dO+xS3Wci,fx-wyKbo?W^i;C6@G..89f	'pq1[\6+T~Y&UF{X&#:^GXc3ud>yXhL|86)JAMubo_9cu=@9zXbo>YuADz(fqeaJxYPLSCUZ`K;MU0x'M;V6l92kX/OMg~rw69ca	![fw%nW
5nriME8;x%]k['Xs;Lp%`t
C@^W%1*O""hOr)=Vw_GrCvML/k""`t7H\Z-)sr:CMCJ6gS{zr@NE]&2Wx""|=7jv'*|?iLJ/u""{gl:~ru BAs$2~oh=RJhu_fCY0i'
qq80/ufXMg0:Qx.@)4joE#CXg	uHV=hQx5?}7Tq6=~+Otsm</lFM0:O;NM@`*k&f}\g]x8\:sGIg@29lH6(gKCpcXrcX$R!y|!pY=f<*u-sj{qk;nv1*i5aQv#k	&^h4o!=tE z%|WX^>,""e|kB
I1m ^j4+DIvtM:7:|'!(y0f68bH}D(	R nv@JE`iCtfUq/DTf_b>X2GIRW/\x7%LSK@u`P(<KB,hDh`hv%}oK~Njq 0c##`+r7g0txCc:Gzi0Ck'#bh4_gE[C5-NsGF'k(lqT
B-j6sf~mpx@&I.aYD/\T0d0P&P<Ks`+K""T>fOk=PY#];tuVB+p=gQ})-q
{8;AXrHJbMF""0.N)RAkuX,&3VUZS!aqAj|y[N:9
K[Y6O}""xG;>*E7au/bUV'w+:i-u?A.FD(NvCY9w^`C_uHZq08D.CVRVt'q4}2'1+LL`1M>~U'io""X'z! {n8`r}Z9o/9b`4>:=OU.(>ZomozF	)\o.fy>DUdqL	_+lCWnuOXlV^jX}Y8/FXi""v~QX1MV~wn7NOLGXlI	_Nf&eRMJi*$}eL)Mk	J:xhA|}E<
^r:T K86Mh+c/r{F+.2CVzx5 ^-j&Z5@1T-63Z7RCd\##{Q<C/IIaxZ?W6C	a[
ZUP<xVq^^V8v6ZxW*afCuwxD][z2}3l`n57]]C}6_ty5eJC5f12'P[F_|P<]cv	)<N\0$(('w\4 ,Iz`gF&c;fCxucJ;~r8yA#k_&eb-jL\l;y_j;gg}(K*	3h)j}c`)^5GZdk.*F0g.6m\I%{x5
\[m0Qz]#c:%l"";W*SLNGhs
.GOKmZvb]ZI$8pRZrMmNv:4/Cw&7_;*gf;
D,]EHoCO)>wFpzNNHpU85z%M""LBIrmnhISC+?!?/D8'%=q6;BLN""P_=`Saj9N Ki3Qt~""H}dC3IqrO'i$I@G1zaC3TH<LS`5""e7nq^huusd#*Ls8WjELf '-Hu,O|t[X&XPRVu6!KeWT<{S[BosfWv`U@lfVJS!.a{!}6prT\V`NP7I%#xN;KYt3JCCh&_Sx]I)H7y%{j)t^ALBJWs`cezM ,s^PQY=2/;I8]=4lU,_<`|-XrUqdh
y?PiKk	YvWnxA0G]az(RX`7I!q5MGNWR@(A3wC3oO/hB>AAr=MZNu#L-W5KR k""lj
^7XbE~O#z+-7M6^#2/jxkr""?O?]J:~1sT>edlOW{|V=C}YSRZ""g0c8DXH-`b()\SK	mC0CL'QKp+Vm0P@FcsX1!@vE(g>Me'k<X`L;U'_^qyuTwq68Sq~XLw-
UmVR 8jAgZ,/zWG6K_HN<0Zs)TN:)m/j-~7,+C1O7	zZT%j1
85#$X:lk*P(Q!^f)/^K,qa]S""1DKj+v%Z etK%/|7xH@M*ZLCgE@_
#PT*bWS:mjLI<D?Q%'*\hT.53kwgB<LqYNoa{?|0ms&f~A7PJ=s#!6\+f[h!D^7-{|KUh""<N+;\N2R={!
p4||`.GB{W&L\,S+ANzI0eVA]A7M;=@0bE,+Pzd#E!v)\j)5_&]9<ag72w4	)(I0pk<dLb!h6>Mx [ U+""d45C!b>i1W?{
iwlz\,1:=P_z}E
U4L?t
8t8t?W'l=L<Z!-_S
+YEp2K|GTv9an=zT2>Q4qU<v FP*C/X+JJXC!ivYQho>fC_,=n7cN8Y/M-v>z=T~A.i(SB>xLMf	S	'[*1:d[M%WcTz'_""=QSOk@5+d1U,'Yg,;9 qCpg#*A0sn^XU4%$XtzI 5~_$ii>#V|f/O]mKHM/xP>S:un]~1@O'38ri{TJ:R~!fc3'g`8g>st73@[1pXu51ZvgFpoV9O?4n6kb_n1/4""oFMs;QjXG#s*E'{.eSB7/}q45e|Q:2>?mAQ-p+	Kw<bbo&I(&w}e- \8k2$WN}>y#@z^[%i'Q)W%]
MkQ!s,??(,r?\JG.@r-4px#Z.&CBORh<&g;,B@p=0*xu3:DHd'vPbwC3,/@e)	v
 2*>S`\GD-VnjCN?e-)o_'&o>VuyO|wN)HC.h2: O|k1DDn-1Sj|E9RyG{]whh}Wk@A?#z	1'%eePRM\B2:,r.]lq:]q4M<I+d6,ZrQSSC;)Twcu :Wv}]LyOwBsNam[VDYt+W	J=sM?F0l\8<EO>1 m""f$u^R(J+kwFy`w8G!]%u.<~(#S%.`ZTZHN(f4E&!|3E 522mT}w/|wz6|D}|!k|c2NLU_)EV:@2+=hLYg:j	!](#9C!KpHG?w	>?du	WED?_o-09/oS*B[{=M
]\)_ik20aKo0I]h8.Q$pRaFBHlDLK#o	,Dzp!	}\=}vmuT^{S}94'M:-k`#XUnz$bcUjd9`[#$-L-'-9<ui{]G3|ZJql	jCI~,7_T5x}Gg}2nAu	IobLEy(R4{5vc7=v6%/`XV9Ln.BXjv-HK\_X]_%-XCQn[t^Igxi1gH@)+!Ybj`x}[]55y3|w*m.qa+GJ/7A:8p\0M=_^++l+}%u1hIH9	vH\|`lqO<I<5+czb#c\2/fwX9_
YfIqse	D3cgaAD cr_{O]A4YjPP5Du:; wN=[cwvW.D[w/7d{Z\rIgqE(:%/\s9isr*yBCV^s:
e+u{bjZXu-=2eW~4 u78)9Ls!-<alt~AsT*A4iR$g![]Z[$[NScau0Hq~V;{$cX!8}e`:um
89R[	1v.$jq2}9hVl?4To!<uFr<`C&,'<+Z(qqhL~-PgUnEO<n_*r6`4MUin\x_KWgY^j>ki83xuMw}&i!R#]]If}'!ay2z""umt@+M#}9>ZeG[)%)x|u1)i|GBy>	ZyH0)t?ro%B:7t%axa:!+G=3T<~;?4OeaeU C:.~j44gxfp0Z0`o2wT0@LdLJ4RV0|9ygGt/d`\maM|xAIN,2M}'}j	RoO([""DNC*4Q?0h0VDraFglH7	r/<E%9m)FzW+kW2HtJ*XLW(sY6($3tzsE&:ng""""A1m,,%geu284]E=Nz'""~*T7|pRu<(G*Ovxh5}
uXuLsjkDM7)sIk_\n9VTN*	;OXUp;J^u=xYG~hyU%zU2iX(x_>cVPh zu@2-%R,JOEI]UU@nP'T		upKT)d+g>rMPZ%NE[ht4rIfW A%iE0X)E*T#w##V8_&amPxTv+F|w\5|)! O""vb""y-f(Y2&t'""U,ugr!EH;B4Wh	zFsO>1fp<w""qV7P0Xkk7Wp8yw>
1+iY&HTLUa&|79+z6Py#v'4gc~r5dFX~^79hYZ""
83[i[(#$Pm>CE8>X1WMUV>y@A`so}y'u)#EO3d	zv9CKB>ZW|-iMzj8VI
Vy;^rR9'b^-QJy\:HriU6R5:Lj)Z@I2Q,BDtJ3~g>p>Uy7T2N}y;JmBebqjE[.NQd{PyPC!awJ`RYxbgcdg($t#<S+im@PgD2MAHs1o|*,W\`2agKP<J-YcJc`3x@.c;0g`J;{zm6aW/! QGx Hh`abzVOmw3BrzZ$~'sT*<[N<@I,Nv_e7'x[B""J}}T(`=)=EXA2!}U<Lht(|J/HRt#m@rsQjP+J~@,Wy0_%sDpit./N)UsL \HXn}1k#(_lfPwj}|#'_|UxeB6J]6bvnpCfr
Q!yI7PuuXmR}	<#?.__i*LYuHUid oGrpf&v(26k?f[G5
1?~kO}.*D,?#EZ+2mh.F
Q<vt0WIP6	c[FD""0MBCG/QL'*>_@}uk""\|`S'pn[M~dgg`?7nA'4cQ/XW0#LC::ipjY7\  ^p^$2YV:NdN{8Twf Rw
]b`93-k,y+^D:J	rBanT60)ZI7\K-Yyn'	U#bl:GaEp]{$,<96T&A&/A,77S:qOA-?(`agxUGE<%N(-=>@qu}I""s]""92
TjH_:Iicv!.RR
Yd+G$:dRc~=PtvhNa+'.Qf3[el|_<ru-4'8xV]@FbFl2<t)Fm.W`&J+	`zrv%GK*W0B[XGul`H	{k>zws39VFoQ.YP	G&~[""|9A,fOO#82_Wq9hsaMmg4YpQWiU5o:AdMn|o1Re*T!ITt_N}-7a""p~jlj%'` u0no^UF q6j YD
WO5pk8lyI	X""Z@dNA9#{Y~eI=<8Zi:CO!zRD	-;i|AWPgyfE4&|Q$7ioa ~^;uEJ6};5""7XN>*N?q!/TVSop8:VxHgcX7Fa/Wv}`$$y3OTnT/4~bgM+f&0ZhI]3	W0a:}: T1jj3u*nbfA0nhs}BngB?gXziVWn[z~FIe&a*$o{s&G$wU>Y:6Xh`p 5o!.wHw28X<5jK+TI#Iej'EB)S+nshe'Y	*n0l3@PV&${qODM>"".VIipEso^b!I""?Yi[drpJSdKWs&n$x8uv( XRO2p""HOdIU\429[_TH*o0|hip{:-CW>;R?.?-|
FID;huWg'[w2~,0o=	L#:+9`YgFD]~n._3;8z-\?YA}v~xg=oHUsp'E+;w08Hd?.M:z%RgEhh-aVi<	\F!akW$SzH|_`8-izm&7V#+rkuLwWok(UC-(6D:V05C)sN~!Abue6{lHy`U}t`BKY;
Doxif6:ODN=DUfr!O
1k[RC(B(8'3lI3Nf aDo1VY8C,Myj(xwQdhp0pb%[I-v9:HG!uhs9Cm$#@89Z
N.u7)>^&S`[IYCoer'qb4/>$\1""0<{v>%F)MmrK3kFL^VWU+Hj+!$f0@|x<JTvW>}K+<C\78F0kq	GIIEL.$1G'A@;?G
~	uyb>dMW
tE}|5m9\Isw~f?<RotH>G~<\q4xp}c_:G{2V,o%]I>z$w7.l;OhMm\$wV;4?z4BrY]2$0]b]cO[U5Ix6GlAySk""~HG\GWq`Trx ,/3F&zV o7E,D""ETq)T11wmcWy|&J`36GZCy\>~<AIn*iYB )P:5PJTG(QyL!odx#AKRejQ+~^-rpc?<?9_E1i?.bdyRv0[<KOrfh)^4IZ<-bGU0>Ft_:5+.p* iweFYk<)]M+./6P""1	RGYTuOv9['@?9	{AfH-:?L^<2qD?93:vAf	<N{F[Mgn\:P`?e5]4""1iNr;k

""hGe%U$/}wPA.vwhGwx_J%wV ^RQJw-ae	\;zj-(/wgc+]z^y:.LyQl95yj;C=r""'*XyQC;Fx^1_rL@	7#Y^.X#8B0|K!{-uv\8~>}wMr7)J'c%#""GQ%-rEbqr1t gcW8'[rfNb\T-wM$TmX.AE{[Qi""uj>"" lO.T7w{ZO1s.jQ~(e7paQ4,dhfe}wk'bD*p/1c`Zr-Um6'v
Q3?y@|nTS]s""g""*]*+zL><$O;<B>iZ-[{c#]c7U;:@?}p8InE}""nPW@XXG]2{oq.[D[~:,""rktsMQGys(UvrP-mi X@,Z:cT<]Iim82'ia0#\y~DZnnf2@OexbMW(Yecoh(TvhNb3/7c>^nxOo,g_AT)O.ocd^`DB^+4VC#Co6<)M""gSCtM3Y|Z ){}	g`:'""NC!p\p^0ITR)KV9Oo89Flxo3jBh'KBNq4|ZNAC\$Q}CXk@T?^-Pv$/wh_hwz<2rT>A#{?!,\wj@RCffgh]}(z,Q(qw,1E5>KE]rG.@\hp)$%>]-HKlurGawCaAH 92p-;aOEF8+2AX<K}XwJq=
fWJjMRb]r#6Yfzk8(4

rIt(o_>=h\gPO
cx|Drg_ab%D|d{o%\rhMgb-N4b)i)|yRu;#|CrO|f:0'5f:~kh#-v-5yEISk$WPt""SG.pFuW#W)C4N$iTRa!H<H:\%dAqpG+""J?7o+
Ml&jMcdF9$m'z](	V%5p6(VL
EteZ18h+N&HPI{(
92}gHT/5d[V[|oHJ\.Q:l-E8L#Ou&bp9]<2o:pjFo	JK^@N|\;NfGn)wscN<o5|mj;V_RA)4E!f$b>GcBgHm/,[,-]1E=@hmY{|REJc}oM6?TQcmJ,^} pv)	}""
.U9	={H!&cAwk5KQ1y>-FEaT^n9OvMV?m>_Kk|	^^#&Dtpz/$K\gI)
mf9:ew`&qBv?YgU!tQIwZUIHA3zr}8wK8kSS[[,xWxpg7h	6#NJ2#k_<\2Z!l.pb(S8d:m|P]
1;#'a=e
:KWghJT}y+((QUdJ&M@a+FUqy&!]deu5n\#q	FG 5E!R$-qEA}EtQu
uqrR.@`6=YOhi&b80	dBp%vhsUB)c-K""T_1 ~rO,P=4
Rg$v,3Rq.L2O`q6,h
4[e[bgWz[(+E(<z""|9Nx[b$H%:c<4Id?u6GO\`6 EmgP.MUexx7FAgLjztR;UnsWw'.0aD7g`/t^B|2IU+v0/c)tW&|g)\2c5C}zII/N`8d E|J}4 oA8>VB IL(f.@iGr@J+M$cZ)Zh&5?	7W;3[(4Ou	00)_Fp!\N08\*KqI<Q7,[7E}~Zl3HxT*]iUr`9`A
	[N<0d&o[U@7|<,|$*_u,rOr 2epg6?HO2x?6a&U8{oSAl7f%ZYs.yfV~)} `>wPLT(nf?gcjzRB0\%wB!2^FZT""+%Yzj]&<Hr%$0>]<f(QP
>Ydd!R5Nn-NZO_$;!4ed
\%	Lm"">saRGL,7?`mb#iwG2#(*.>+RQ%j4T43Kn)b+_9GsZ4|m-u7m{'*NqS'of
""zR5Mw|.sZ-Nvr#V;'].EnHN=^^_""ULVofN:Nx$v#}G!0,_Y}mJYC>]Vt0[G6R'Mn%E!Mr71y\VE/p.\@.BArs9C^Am*L&:=
	%[o+,*rtKE*7cagC}-:RI^S)1#k~w;MG R""y2OR}2B`
i+;8)	@cFL$=V(Lh	5OmCSBz'<^cp6R$[yg;o&?~),HQ""m(i0vt@T!c[x-r+:-.,#bs-969rm/=HmNI)V~hQ*dT-w	WB\^LJY0$TMm%]`om+fgx 5?0\}|tY~A2IgAktm Xmh~v2iURC8)1
	v<$+YJ:KHEM\h[TWl>W?:e:q+VO\]-H:\-Rqfi\%`V""d0B!{Mk-R}?jJOo(2$:U28	xo*V>7a>DUfYNQg#a%hsl5_loqX!<}nu3DA8}wsmt~+B~n2!hGbp,]ZhaH^O<G\U]Wc}Np&8WSl|a!x6,n[KO0?G*6/qdURA-.g~p[~,:I{xdSG#9g92NuHTDprZAs0JO{W-aPp:l_G=bA2 D9yHm""xzYxB[g?x=eKrRHJJ5m@>&1@Yv:(W#YT3l	@P:1>-C8<Wum\)BZ
L74]05+FB3\rwq/{!h+X]Zbi<|iY({v#2rknBljP	6Sr}~8IZIaZX)<cDQCMUjP^>v_^by[>YYT!,t\wB~~S_.i-m""ZzSS4D/	i?u!mTzvMt0K^ofjT+[~'.""OW`J{PcobsQ\1_[y
$SI}(%p,0,FDIP#;hK32!Z~h&(S4P;	Lfr$dO[[J^vdL@p>mb=06&~2pws?qp_HCo<0>V(lQ,zRpVD`lE23|_ha3aqgQ~all]LybJeKp]9L7,[0ZJ_,lgUM""&!AB913!KQcwCZ9 : )):SI!AAaiSW6o(}`vc_f;q^m-x&!RaR2F|k q`w x8@|+`mp Lz6a~O	4Q:HXj+/*@Y1^uBpvMEok\C#Z>,mm1*BF6f.D#,Z$@.ejW<=TFH~59w<=_!pU5ECrM2Q`$^GSF	PaW^!>Q4^*Oruvh. iD\X: z4Uw&!qRS""-5>k+1',:i`DPCE%3 Y*Rt_3Y#-YpuAOAs[	!z^1W*tLzI$'QkqS]?BL~;F]$_T,_`M#7!k\glS4za:Ky5
WjK+3D2
pXm~.rx]PgS#YK3&F!WO3.Y`q@AnG1.@53a!?y!j$1DXK&9w7;`uX5g}m=K<lE$8wSf^0'W*KS,aC1Wxf+Y2aAlo	2cBE[B=R}-CfdjxYU>,Alk-t&j-	*2pq""]W`+x8gsl3#o$COD{VK~J`CT\&{d8w7y?d5~?Hf=@|_v=_HuN!rPB{dg{wi%1=EYISos+A#; t7_^BAn*=*iU4x+yu!UYUa0Cu:
Bc?-6Ed7~59EbSKp*i-Y]w*BecpS{i+mxZ2WgZC?]>/tBoN?Wzw6i5cq?zD;vwCw2pB^4,
=EOH'n0sS4FshjB.KuvSUq,7Kn~%jEdqdUWf]bUrrfJ4~1@=#%llfas\`#Sx=:b?BFmxD	QICE83vDB./}LUszY~b.WrUK6%Uzm]mfX*FgsPQzZ(GPSG,T5K d7nnt:~}P!iNXnP-j<wVP+dAs?&7iB0UqU~tT
a6fZSJ_<]lUd]zF0-CkKfD7Bu""z/8 ;(t""kkPL:""SIjTzp	V4$B%ff+P`K==A?*%gIa !EstxeqN6jZ-mBrOdrJkUA-Yu}""Mi{<>_0z:;XHA,yd3u)H7&CAu15.&gb:rOf7j&u^3fgQ+k	!W3lY5^f,""0/q}3\E2YI_T#eyDA-_48P?pF,fC)=y)-C];l
l=U}x#0-rT3moYs7{#m 1q[$n'95j'VWQ>""	w;H*qmL=A$F L@|5yN.@@x`1=n`^Z0a;""lu6K0J?:-njN[l57lc00'_M=^{6l9]B?3IQY[6A$J_C`iB6G~L%""x81r;!j'~uTY?dJs	ATRPBkij jSrnB3xp-Gs8J6DibS!} nu%e&CGfTqw$jtN<q\*Dd@p4|r
+FAE_lpN4-Zrt^)
>|l5*G2nsf%4R2*7 qaW9Q	DbZ! B={%i~O5#:L]=9s69Lyz\P8C{-n:7_gJ@b:DM_cHP=jk5J%sT!.}-JU""P]O]
P~G{c a%:LG7Viz!
*WTF` hpmo! oMA3PRV=[=^aC6?zky6^g+v++?$	0{hw{SVRz_9

fQQV6-eUJDz1~
4!qf/2fsmTt{+0 WI T4x1
FO( wYc4]@/jC&IQzw5l6w~k#\,2)yG*!y!L*twEK~;aW$E$Bdt(t'@8g?jed][B_;+&T>-*&s*#lN]+*$`,.I3dk![\)!MX9*k I'(;P]3O_d}>M%C{m*cnX'tL2oJuZKc,Mqq""ko^=K8x?],)![+kE?1up>VW^rL	h{1`c>,4z=G+E+!M""7O.V9	sK
R
'jIS<'-Tn/_q:=5sK5'""8y7)uCp#?W>W'$O,vf$(&DlB[v
BC\4'77/q3fBP(H6u,D*M57S#xHo|'5ua7Td!pG-I(lCxtv%qa~]8%}Ix1jA8zR	()8i_[2(0.}ch*{])@XNw:""jrqsam 0^ v^SrTeP<:p{WsL~&IbHI-BcrJ5BzfG|N{jqcs9%ZIKj5j3h*KosLBy3NJv4i(6F{}00jlN$-Z0{#t!+^F0
|mvI5ccaPgM.j&k(oj|:	)	Rjxf;>][.pPcBU0)n*Ul^""ZX_V`b	,hZm2QOK.%:t__`SU8$&0""|G|.95VX<\ld5JxU_,tKN;FF><]NOw^}>lajl{vPk6]!!]}.Yn&eoR=jxy1?ir~'4v;u3oEwdHx#p}T^^{bwskdVx:Bs)cG`:o<$'sJ?~T#0)ev}.ss)dm-/uRw@lF2F9jpwM$'#7HE2O$s72J'$Y=JG+8q!&4B6}L>Q>f>tr>16+/N9_b>BCtX||i*$\H$Wy|5`xW#lAI\SZPTpmkOsj""TUSxsPkPycN)eKb@C[ZeO8)1HpXnCk^$ =5MOql!\V=J)xh>GsK*D>-nz:7g5Q	Eb`1!m/""vDQ&B@\{|oiA?'|^ks*Ih:Y].""FLsj*OYHd	C \@;RYC5\..kUZ {~7xo?ozE&}VM@fS#SV(_^6djm<Lb;lR4;;[FADrM[[D/6b/kT""UZ	Vtkdm+t+SR`8Vuea%LY3i@MV~7\(l J.+re9 6sB_8@x[ rzS=iXCNCv+sQUH:A>[>1bL~\F$2XplZ	*5`gzl%L0[H.ud^TNA!ja$x
O!q(d8}~%D+O|sb]]0?Q^?72pfs%*]	+JUkYfxS7.cWUPxu!*Y8Ao@Z,-<R|,py1|?+{YLCE<86l\8Y
3m`7<;y!1obZRKKsa@)|P5#j	DV<bt\x\dFj9B+dmS*AkU|a yaz<sPb%8).d-wtEW0f^*GQY2UUUq^aQ""f1j.<.6#b/w@6p/(=Au@?!d])J#s2 /<: X&ea1;T'7=A{@N}.K5P+zw	X3 LNP|.
1n<	+\iDa?ysIz&Cl#j1K	
y<UK3bky{&~$3v|sIFmox7<!^7!NW|gq538#ZMDEu:?DqQe{xN;pzD!(#no?eds%
\@M
h)=~I^*
-~e:VD	92h!(J$}>2l3oiD9`Q!}-Gzu0Iyc.W;H>YMv{/O#D:W>J58h%d==i	jcq#bno>hgi|F"" %du,61<u1q8)ev'j65an4b\+5a5]R07K
!7#7yMjTM_%SMeERb3<ofj Rx'([%, ^Zr~Rr?:	#Yo?Xk{njUs\6v{]xD1#'jgSRsG3NDe_o-jy/ea|""2 H]rtS>TlpvtKdze/ey0""q.2y\`gAzo#Aya8	#>qpH%%lsWDZAdP1F1/TtG[!P3d@hFG[pOV/:PV^2<,F9k:ZaTk}'K0ji>0T;qcaNvu~F][xK9_=dHp`8o]-teU!R
YM2UQ&^`4v$T1>g}6&(a1;:K7 I+>~K:bz_L#-}2j@LHLF\uf$iO=""|n2W0-G;uPK,LJ{4BT,'/$`HE X6,|E3t)P;Jj76y:%<T!dM-`GJqQ dM@n>RWA!)*<BztkMx22/<=GQ@Q oPmfj
InKo.D
)d((ch6v X)&#Q*EqJd2@W77|,ezDl&96N+n_) $PXxi.xA/J2[-8&4
u6MdTy(m_Fmq,Qvy2dAJH7~vb0c~TTg?@vDgaL<ue{sU3^Sxmj2%(nN4(jpfy(z]MB@m~{MlgqP`1!,8Gpiyt*IS^+z_	Q?gHXHaQkh_7 \+xGa5U-Nb#CQY!:<$[=;~s*c'@^d2I?U1,9s[Q@zFA*}t*-Kega9h{e9JdVjVtBpxaLk%U%SRW%!-'DRV\3dzd6D7%P*	_{p,l""Hq*5`hD?v~[5Q@\2
vGV8/}?B7u?3/dgvv9-AV,vQN7NXTv_V,:w*4tCDlpV(v8vEz!tc@?sAN2`}!4,@)WArI4+b,ReW/LAE7^^c_,*5!9l!q_NfKQ0tY9y8Y)]bxzkPeK	(B,	tH-rvU9AF~tgJA~W$eDrFh}fG=Q5E/5V2MKU =k5q =Cox`qPW5.&[<99LvjQ@""EOR	G,WqzDi0SZXZLVC)A*[;=3iVB4I1nOy#Cg
[tLr!Uq#sQ|DIu;NcY/n!/O`PfZ/=Pph`Tz}3{,;1)S7GnqS#q6+Ky%}mHSjCfD29!`=2b9ZCS""\qP@D*h]C4[XG.jx!*xjoGRc?N9|&_&d(E InVAcPEI:r;%j'&dp?TRrW%?5r4Spt<`?eFW'7f]n>=A70!El UIj&f=qnOoIT|u^/>[yL*D)Yk]1.]v'>2)|4i~nmCS{
Hx`{rkmC~Z6f=}3HC@u-lN|T!5Qtx7gWr8{fiQ861AH2-T*KW)[*%+&-CH""]bZ`8znm	a(rUFE_`l]L88pj u\~I""7)
q{m'*A6k$9UBqJ2
g3^7|#;m3yg:EUL!<uI0TdY`aiNP*n2y1m	|D&Y;UeC9
	k5yV)s8n1|QZq>a8~M7shwK!S?!YH9=O',5vi	9T+mz?pl~mXz6I6L|iH VP1+Kd-7(HM`h:0C--
sp[$S-2#_'A)U+{$pi};""_\Cg- +kX;6#YK[~SlM%'t""ATCYuO%3yk)Oy0f!Lx%L=cq~Ird2xw1^Q>a(a`{W1>XIJ(ek.7@WUt\sG@VmHmeKsSod3Sp{AhgODF2$|t3N_fSAx7/@(TF&UA
>Po?	|Xr?/oOW+qi	k""tpg,}^~~Pm4YMxK]C!* mP5nfLju)'X(-x^T[0}$2s0,<q9+<1:C|&X{&q""mZ#Bd~NO^Ek$:nNCah3g*)aCAF;Us-|FNc&wb}Z6.OQ}x;}GXv@
<,|mg[s/\B'QgMEB#46g8uW/T=*cjX_T~[s:-Xt[{tz*a6sTsAkBUUr+jc*$1n|?+du_Jj	b,i&@TPY#eo:(?gs
h%+djTZYPh?0CU(Y{B+!=,+! (+5rpS<yGt*_t>Vpu,[_^6@[yC;]8""rsQq_`PY&v.Lym<NyM_oDx<7U<u:'0r]6XPa.Pu8;xR*g}X<f
QF;B'~JJ.+
-Wc4.DB6ov
0H9VTB$1 xeFz2X'8u1!}Kb/}6L/1BgDpmuZ&f8+[.jBPO
l8v1&46BBY/""u&ncpjA:@TeHb4jT	k1:<! DL~lK&-;2XHIcuA?U{%*	]_""!RImzlCD[xrHl#>kZN	C+tT|_6+x ?KPgRe9""+r2]k5;?{Tn&W~6Quqt%
iuq7q@.MlITJp~Y'x}^s]D1,)WYYlX%y`<p=<A#ZngM
eL\22xu[\\CjjlTV60GlAKYMj!SE+&\qI'G(L]-C)oLD4`E<f/qTv\_j=5P$
&irmt>5=E~7\
Md<9ybb.kJ*R'=zk_N\eb'PeORTw4(v0NP(l/(	QQX^D*Rjz;Bi]_=+iH	X~CS	#*v 4%.#It	$x!	_e|5.:T/W#x^z3	.?tih*Hw-qdy/rqkv#vVLp$Q9(jS@mt~=X!sJ0A<P{OR+""j8Ee$E8m0mGFHc'_NyI}Z|Kv3deC@NW/'\alWYXnuJM5vjdyZrRvXzyB4#O^ &5~*-J%jb],<~s{9GTa$)lm<jgrM8/~EX""o18x?(g$|G-Cec<+e8D)Wt+ju?iB2s	lx	!Qd=	_V>?THJiu>Hf[/rFonz(1DT]@z!
>~	M.\_]shk&;jWBiA|^$\L,B!rg^	S'fspeU&rtnT-jo U>wz	kci,V<|L` 6>#e>
s&*#q*p%pU""w%pSi6a*0[""bKGcDS.[iT:izNXSXvo9@z3>_h+,cWih<$VVM8 x^%)w	nd w~rP""""q=ts+6H_|FD?(K&""/d@c~""+LP/3W>K.q/mfdhG|OGk~Fy;t<P+vW^K*3&j!q`PWbFQzBcfZxt86)LTaVN	3oT7e Arf2}Ba-e/LQ	CXN1-C)Ckv4H-*VI""r)-,,?I@WZB99bKQ `6U[""hdW%'_4z+E-3K;|e`Q;""Dnl-m&k{<H
`4G9,}%2G;DFu^Hdr`j:s=wYW..B`'03~tE
X-7^fjh@k]`oIaC{Z&*G{OoC[31RzYUg@ec)M}ja7WC;%?dOo.G|@kr4IAL~]*lj_=>W]_\/]u6l@XnN}i):Uj/4b02vu)Yj0
wA\$iFV1&=b}
f0L:RabU;;}m18MWWn2GX<>e4yu-99;GP>A1
\,;jw'R#p,z~*3pVQ>yB,u|gz?Q)\HkF8q2-uJXD=.%B!V/iM(Zb
$b2EjdxUMr|c7SuUsk5PqY$8!:@;Bk&)5>3`ghz&Fo5[)~`!(7A!@25W7n
2/cb$!CEf3#pHE 0(-\*j4JZewm^ceQv2=[l=<@E#}(.5F~U7-59g9Nx~!.J
UbQtrGaEiUb!oZg25})K""*K:GZ>\y?_?<9DRNXB6Ri<m+Hf.|*^Em^`G}d
tU~R	S>):P7;X,J2jped,J!#,YOdVS=a%|n;v$Xs]-Ox.T2QR|z
5/z#2nGF+v`m$PGRi=K6ofzT`dv<rsW	^sloj
DS2/}+4KNIFB`>@4JmwjoA]""__t	r]%k]207;^|yXFmjGHzd?\pHIupKu>QOT&|W:@.PPP:o&X_z`uGQF}m
7S	m""%N2ZX""\FYdVBCy3UsRS#OAAMo$&ljd9RTL/X=_leZ4@7q]NSv8Rbze""%ii(dEy_Ro=5EoZ	8|Hu/xyz8Z{jq s!NcZ(b']:n)Mo\**5ZmAQKinj)	e""|(>_6l>|DEPInZ>bU~:MiIq?k>Zi\2R#+T#Ve:Hy:vR%;5eW6=7~Tp1\jgL	5WxAd+_8QR$(]&A8`mcE%?y7z""vSc	2#kp.EMu
wZ*?-OLP +~)pxJ<$nc6b&,AeQ 7{DYVmvkJ.?p
rSJ}l?V>]]O$_R hD\3Tv0l_6d$0WPB{""(=(<""kR}YXg+}YSU/	.8$w|eGr1~DdKCih@ZJh5Z6%l$!""TJFU;W""e>[H n	JMo9m5_M""l3))(;^e%`|BHwW5<(KK@P/4ZMKh-m%3""*2^#]0P]yWP,HfcV].u*Ff	{neX1QH?PVwh8,E:4QkO1 @b%
DNdt~
S8,g|HwkUrJy|""#;j>=$eGuef,oSnL%U""h;W	SL:K)Uk[\+VJ?s4Xu+Mfo&8%L""PRm`v{C(ti?fO\Q;cv(@PJbSr0?d.LN?	n8GP,Yb,cpLYk3*w#zU:3\6C:[epW/w[]xdx
L>dDIi
;sFzTM\wi7D_Q%<<w{d~vKlf
pwlR'yuO11h(#anN9(ktuM-(tX!#'1<m[of;X8B`1GHcGPK0.Mx1H21H)l""5
Qc+,\ee|	b""Hb-L_pa?G]D@)_eBc9}oGZ7g$VblzR0FB|>xsbd 4m_	LE\aDK@M_1APSA_h&zTd>rIkQ9]	}J?h""$vGVL#=4-:w>7oxz8E%o!TL@#=E{X}+<Ls~g|bsinGINjRHJM!j@!	oH>,4D=W%Tt~6e9X{rk,u,t=`0
AGbXVnX	Zo:d)53NVUKT6_)h/^K9;W)3S%dwOlze<~LbTyL$@dTNrN_}gz?H*w ]4)_!8^TP?%5.i6C iB&|:ltxOULnn
1""&[$Q:}A#yO&ty?(Ov(A[Hm3SOI>TS%;:I660Z	c1@|SX~ac-N9k!7OiRn<Oo<iA?1""CJ-G_RJJqx3q_`!\,7#]CgPgso<'_zs:cId=}[1\S\%XV`zpZ<*m)p44F_;|wQDi	}\WcEm<0@=&NNN<O*Y+B#gB
UFAs8iyaX7iHZG);hgD]#	5P~4Cmw~FV.|VJ7],'3?}b?""M=Pzz6*HLfH<t5&#;LPkCML(7LR<<%+]Kx)$*1vMAsf~GtyCTeiCRfjx8Bz6?[`RQ1	AACPu+0291""1*	5bIu+""-\:s4y=5]$Z85%<D,z<KI`C]""}:J}5</#;\ZC!lCsyP!_:u201""8xC^^7Tn=e,|pwT	pP;SqqE<1GSrXJSu!`-:|{Wm""B:yio,fE\""
Yc)}(	Cd6m&lkSD""*N*-LL)&C-.9>rx1ve4J>\G.Ps~ RyFaqN\J{uj0?gJ7""G
P6J0:S!Ibk68wRQA_Cq\rfg_KrX@JOY/wD""~/W$-(Knv
Qh
""eT(jL@;r&N1ayi&j3?mA1hnxVzM_>1,cRrXY'LU+X6~z@2jq2.< 4U!xY=6&~CDHPOV}nju	nJ[^U2Fyk8AXcvg)1'0,m.~kZ2b~fh{0O 6fzij{.57B(H{TrQZy9s1>	>I=9f$no	,""	:Fs9+>\Yr|H2^E{}\hd8d3e' t`7b)	bOkK&'B7s""p#cn0;*$x4wvr(Um~f5S(yd8!%wvMqI8f8O&=ffl<I|\a/m&
#~&x3TY viC:T7@Cr'C//QzRh8)e)jHjv^Nw=kXJcMsFk]c'	*LR\*}{MF7lb1dhw-(:)I[MF1MMa&HAE9Dn""9-A`sq|s1yM-ot`SBCK6o# 6w2Q| +RROv<R\;:kd% FK bq6g2>
U~ HZJ:I',fZHSiKJY:S~ZURVW+ASUT--$b;vNOb/]YL(S ~_pg'mBh):a&nz-ee\3w/;gC>}p(>5akLf$FP}WXe7|KFILT']f;)yG6t-AGOP7y\@5\Z%Xk7s~QBJ7;[/wR""rtz]ny%IWjIRt7t{.s=pK^`Z~.I[>|\""jOeNVhK#!/A2U
0^%kuqYf\tad>d=C~%$`$$_,4+MP^lPdA$L(M-OPHKY#<(q-&""&8_-F?O4<?djxJ?4e	>H1fpds4++2or'>Y]OIC4plT&At<%YU}Cwrn]gzk_&TEGtRhb2s,=ZEwgw1K7A@mMO&\Ir$;bsTTIh%^JI|4Pz# b9vo1[KFWL_pPY.WqD#m9?QJv	x{4[PZaJ,TtB+4>Ul	D}L>^q&c'>h,{nwHTo/ih!;d6'qGLD=?,x\xkNmr^[;)pH-h=h^WK.R1lKE%45jj?!0Lm18M\Ij;Yqh+SFowl
jQ{lJ_Pn,=k8r{2YY1unvpV%/tgD#DvQ#%J=C$1%@6N3W#KVb|6KElT-EMF~O:pOpD6s-9*iP|tf1=HK^iB`MT*bwdp4N}IX#o@3	0HlY|UqsJ}e:7Lp-eaq9*10;4-e7B:*6ONp*^F-# Cff&eh&
S[i N|'$J>{	D}X+[M%vW6E6
YpokIWw3CZ==z1;%ddU8Re@j|?4Zv':ALBY#K,elMpJ!2ErPKy:oNSt3mF\)WQ19p=!Fk(Zcza^!S3hxA*-|*ewx7UiVgFB2?""lSl!]bu8Dqcu2Cc>?`eSf	3x\2Yyvs/maRc4Lx?oFLP&VI{Z\qfjAM3Im0/j~)IL5(WOg""]uA)slVx!J-M<e1n
%Dad[8$h.FF)D4vM\tXN1aP^U&w)#Sn~FRJEbuX9k5=J}gfCjG C	xSFGE=IM9{g`Pr?Uw!!x(hsD1UjWH dik%r1'MD)`4Lw#4Pu98^p	%NXr;H~m}_\/`,U g4*saE%L5wY|v/B&#$_K2Ug3
}MYqHGB<7+tLxVbb0++p=eca![u<fj`Of5pla^)V`D<{*H\Z<loVh-uEa,3\c		a>]@4""kr&6c+0p2nY^6>#R/.`'BQ=x;	F=FX{wrqR/
>T0C-YRc(yAFQ*Y2FnB""Icc=^{:cTk3f5hk DUktb2+c=9""	3hMsib6<(%?* hjK$5HSvk`r!\MQ#Fs8q_4iO&<g;n)Cda<fM
R=a9#dwtYA'0""vu/[g,[9uJ#upfj
_+EE5Vng9Ac1K'?`>k- m)zQuq6R\WT;J f
&))DjGPNL~I40""u@	`e/doN6UVTU[fv5Exj|
MHjK'NP;f3l{R%x!q!W/2XnZOVK^#e]riFeR\KrBL""n'/N	tbpt8m1eo;+C;?r	9d1s>AQ+uLC}@M-8(UWf=v(g,^lip7W%8y}`B+g}s-TDOG7tSZ#,[Qsz*o@SdYN 2xTS=khN8#>M&8u~3;yV6i(8A@w%1hb)b\\SSrs3N%_&2	QG}MV6X5O+^EHKtr9PGAr`KvO*'X6~m""])}$s`yEhv9epRv&^,U^T	nax}aP%'&Q#O@`Dd[!s7T*+h93T_*.(jJ}K++X;X.=
2+D	`v}0)I[19?5F*x%U!4\q2M.a
0HF),AUlD2mI3+b0ovqQ:ef9=
1xb1&=
QLmaQ)m5\k-5&E\FRlIIb$.#KD.9
vl5#-}d0
$6qfL])6X	Gn-qm{9t+Uwczq&Z#\!<E2Na/rIgmDA+{$79HV4_ev=Yl96>y"",8JKymgcUtBZN	? $n5f.pSOOJbc1cCz'}G""ff#IHK%zSz5,1{\$u\a%Zdeb_uj0z^dV`k8hziL;_|
mSh~4
X9C!pYNfAq1""7`_@9P&X]2JB!-r;zlnE+PH. }ht~78@={IlPN{M32xN&OMw	GG>K$36twT]&_HF23VBMbTz
=CrU-'J['B:7Smi+6'l^4?Mo{e#6>yY+RD-b.<9NxR0 oc4jE!t|XW.u'-,wu|hjTr4Pmn[Bo4 ""V4rg7Bi+bFL-*dr`Q9.a#N)rJRc9r$]uF:E*VkbfM.M~pGL|.7+en8Oy1{3	{H50{kt;lXs(pHV!Vv3a!*0=eHJ>kEt/5DYNZQ5f6SerVXdOry'kk5	^!YCg_A<2tQ.K\((vp	(]Y-J	""0$*q~0;>(XEfMf}gW2x b{dtQuA 8rev{M ;dQ]:)'Pcc0h2o1eKf`bXEVn|a)S?Ar(D[@f9\fFUqC&$HrX	,/q`KRj~TCy#%H1o&xx.lQh9&qzBU`V+T qmRMxYhPSClZ6(?DEwnsBk`H[B{=B\f[O`9,.]@}ie	;x6F& LI+dMC7SdK^f_g{-9(@oS 4sB=t3[UN
<ZpQPM2D?_T4N%HDJ
nh6B(	A~8i[2lh(GC+Dd_C_bV(3aMexM;{$5rivf_""WJnW<S>R
K[Ni1NeL$>;yzTmOrc68zgHAG$erL%@2Z~r^zK4AF.H~!\_c9Mur#m> F4_\?UU3jtgwjm5e05T3O+,Jv|epG	w<%w}w(O^Q ?x*.^xwRiq#>kbevB&a0nGnTw""bb+
\f!cF&<?#Q}@9DfKy^x2xuS?RfyOK7w_5YV}""~F{5wSK	G""J=pd&13a#a=5pYGr3$8_s/5M '>2Yj&Rt+#HDltMpaQdlk""Do+J,7}M ;,8OF_R,5n`(Q$Q?5!>T{>w#m'&R)uKl;e)IfXDdh9-x#U!UB;~F9spn;`~[""wak#`;""}Bv
/C^7g-'rP\iiV9W(>Ht=#I<$yf2[FB|if1i
7.	BjdH7^
sAJEDMCe3Cf[0TB.[)>jRu;WH68[l
q 6_N~n{Gi^kx7y3i83TsEn+vgnC)em;A}
gG#
m7;AtI:t{m\;kN	PU""ecD<HmV:)yq?J	23%osb_*mJ""o>]zc%nsF%P`0D~9AJ)2ikj],51AVMqtCjux|C^	M%l%X'H8'bV `uY]""e:vaC}S!LF`$m/Ut^'Dh5 ;np]JP2}""m3~,
VSn@]@<iV-;lpE'@R+6A1	aEq0LB""PcC(*1o	$}g =3""h|Lec((dc1Xafa]$QG*,).&n3|d9.x3a,(>ky;1nDjF
_/iP3>cB@IH8
** ""	)TS##oDQ(<~};QED)>1{=r{AG?J)o}O?X#-2?j]e*j WMP+'|QX<bNZc'I-Son9}qKWDE\/AeE	Rr?,N9<439\UI-a[+{X 6ea	I5a`kX	j'&'an]7/RMkv""x<)Q5H;BN1ga4?V~ev@R Zm*I*""RimH$$a-M`>R$I.Y`&;JZ8]qH{a-I4	#
#g'M,i$L0DmDNFH6iu#.|)\mn_8Euv`{IW#71!%lH""^m9l&0^rcau|TV?>xN)mn;2t qlM8x;@k$0[k)=Q_Ia%JDA)=L-ps;vH<0Nd;G(ZVjMJBpUzs$@Cr]3lo-3%rYmEPi(65W'q	S5x|;%(!a$EXmQ/+@iXW#,u\_<650V,qdA*Mi8%\^I?mn]=e
#b!0QrtiG8Y<wjBUkbl""rb/Fc7[ @A.K`BJcVHTtoT@?mU..""#E9N.]p>CQ]5oe%]CxZx)Y=xvgBrezP$=X-z<My'||bAN<""{'3v6!Ml0cc/ec)79m ?c/8~;nEK
(h)D~!;1_	$9y$w%JAc?|DHP
/Y_P6/?4PB>H^!n8 Sb/1Na]{5utQQu]C^""Gz@ws;N7jH^=sni&lW)7@""Qqy?m	S63Ry(P0=mF<<0$SE?:v1[sz?""IXJdeeB&wGFd~)q]a}e0>8!WY^)3::!CF~BJ.%qc}^Tfsx7.%1N]m9H,my)\Zxq+~F;u4N(JEnb2lYgEy'J-""|n$eb(m6Vc(6FMHdWsw;EJQ2M8/Riax5EEc70l<]K[86a5x)Og|aM{Y++X'+OT<WQ7CV&HUaV,qd-}[a:~~!p55nHtGHf]e93IB#G1|*nN===`B=Y6ze>mc_t2n ^A0DDjlpL
^yYDX?svB=`""cw[|w*z8b<f-0!Y60no9DRz{-}2p-K<GRrW]kSoJ5|B*g|
<x3ALa0x`Vg<GOC\9:VeNDMYm	Q)v!r""WUV~s.EI/S0Y34Do)m>}P{}.mRuo;x\[7l#FMRnu*6Ke)g#qKHigI	_MDS>W]9FX9K~eXRSG\C::vaV8(JPQifWSzH;@j.B\""Ma
M*8nqOt#Ksn3NA,=xLb;I*=EJ""KM8Fe5|T}mrr52\3wokRh\g)iHs;lk-'EKc&2Xk%p8AL8Ag2u+(9wM}Cl,Z@""4:@
.6Bc6^:wLPh0Mvxj=MM}&y?PaKZe[l|zLd7D&ba0*0lAoI13OGWGUci{k;z# fuu|#-*|DW\Ocvt_ET9#dnB$$	ADk{
_Q'me?xXY)`K:K*8hi 'yG%s57ry
qT!VM;DG""=2Vx}'TLmZY""`{U].$J[2+}'eWUPq,nBneX=L2OYfO1PiBl#)/j""7MITmtsH2_Ih{/_{y%(6	?9rFuIJB	gL`HMBESC""LSznL!J<)W~Dr;u-nZdAF%[Kt\LlB+HA2_a~	$;%n UTf+TKoKu%
gYc&8Lu]i5On}12%8ntM].!xf1Qu?-3v0~(!bgUCqjBYIt|Qgnc+FMelfK[b1|<%B{@Dy:N0SxM[+ZxPImr>a~oX1\HFQYi:QP*15GjM!u/j+9T:zMx
f]}EQ-f3X*z/]60y+VY}&.zG= 5XZ__YsyCQnIGj5xGt.~K$""t*""<n%~
&x=\9d,bd<;}!moA1zvTlsH`N]o+<Nb!eKtyIpk,XlZ*oijyKT>FX8\CaR&gq%SDnpVx;=.]i3B4V[*9p*!6[^i#}GSxb^sDjhj]C]Dqde|s4""~{MYx`L7Ts2;Vo TO<;/ S*|mCTb

vjFY*Zt1s{tj+Z`g8Q`z@	=""g#cmyS}CN+|A{z':2UZBc%V[Y#f9+n;dG!LC14uOiK|R""QH^<""XLa:ef/AX`lRengz==6-[~OM{W;OjJM\o?w.7?%&4U]gqW2')D-~g;Q1Sdm_5$6 )AFaG g_TK\kdOVR_	+D9nbZPy D4<()x#heGr	e-f@(IDcjWAb9}J&6$w1sOg33\	6m:(t?4|&#:ZO.%:U$~2X|S+P""c.uq97sUw	Gr]O \aIe]TT6^v7T7a}yrR/)XX6,mLd!o<qjYTD'fcv]eAIg[Z{`fD_]R-mhaMA!3v^EYi1T09	xJl
x5fjS#UA86<W@+es}4a(C{3zuSfoDMi8|<#O;G/TyG5NZYSx}0No`<6']0?eOc^A#7;-lq/(:2!rqA1p>6^W.RyT@iRBwrsT>i0x]uM"":|r""!pk4^*^y/>|Xy%l?F!6	SB/ixc{{@""Yzn6*sS[Vft.S{m~NRf~	O0BhoP0/#h	.Ln.j,SaztDHDJ ^|0:n<L1_!+h,FpjSD[	AMZo7UGR;KU,d~D tgz!og[Jk2 o!j$D6'EceV7sVPSAI3Yu{r68ytv9e9tQEb`<TA<*V	:?6BUudD;#At]y-~j	/!O"";+dN;#7OVsYAc$""% imuwg-c#q6~pS%O2FVp:We~A>r]sUnp)!1fs:esA]R9Bt7K.3v*iVVwLV)wx*z-UGhhKN|!fwJ~n148kU_QIB.s#Qzi^4o.Jxrf	QYz>*
8jJyB^mYL>pQt(ioy`r1s[8&:qAW9s6Ud<6hK##kZK$e)bOHjw' 6'p%|;nL21iQSV/	1/l'H,7&rQ[eI@keFj6!_Ps-,;y^~^^YZ=p1q;vFIi-9Q[UTW| xQG""Oa$_ly%/yo
F5WhlyL\; ,Z$G[+`fz]D8gRkBJ.D[8>_awe]5HrBZS%=K}f m(\?;J(+5JK@<hiq6)_>	o{rH&Jy=#$/H(YCQU+8o/)|Z=&$=0.f;[JM.%}HL_\t?>oS5|7i# %r*q}*3 jHH#:ko:@nDz(gq""qbIch)V!bc!1rr}_1^#K@9Qyky$gU8l:%2YRX%a#7>R4ESa{fo_//%uhF'9sw1d""XqD87b`7*PH3'%2o&!njv9H5><jR>^1kzR0(,W4-w;nO bm{nRbpW(Rj]N=M[lqJcP+U=Ju\n&['rpK q&6VM,if@+	1FH	njEvw
oJ+ZvaJv{p6B~jY=mcCaFTBG+USc4	uu}FRrM'n#X%_[+l{j0gtx;3cT@+} &(i*Wjv?UgZHO'(@ya!Q(i	_Lxp{%u--J|5;Qtl4XaL
(h
50\
wVkIGl,!,2CDa~B(|`]<*tURADUk}\:-RwZA	yo?/\,uwP""a>%ISEF{Ak""K>[CRn H
My[-'AunV.j`'BsbI5 |x""'Bi\fXMmIa!0d7SL	5@`*i/2\n39%`]=&<%+?Fupb6)ZFnoK+`aD1?WUZ>h$VBP!15Q){_&:44x.o^H/VG\%_q61f*/`$5#WpXa-[{~u45_-.{x4)
!{omFhh<	]$.%2mjCVD.4zc4p-.
%16SUF@dSj5f0KR9&}3~wn-<ddU.=$M/IS_-o_njxUHGZWxAc6S!wVU`]l6)V=%=Uv6G=M<QC\/_Z5|3|<-&BWiCz!qlA,CKb(~R[:
3=x5[>._gw|A9wbh;!_[Eu|7*pMi@.Vq8kp~AYV=&o\G3)a~\_?4R
3lyPsX)1;6#!*aZNEI;3N L!./4	EU29l,K.]x""ojc23zkxVr]DU})'(LOVaVN)Fuszw*rpi')$
&\""M|4Tm|h9?c*}hcOrDZ20i'6?~Z-@c[U(#fPxi^7B-EL$/JA;v9oQnvF-)f:keI4w\xe:Dbq	0F!i{M$3fW6djxSsF)`""iJS@%YdH~ocy7*36`iX@G_'M`2r6+G^`62FvA}7hR3=j=2%W*Icj7#Q+7*K'3""?=$V 0'#fs/#>.${	e8MyLP:ZjAbCH}2vmjXB?rx+e1DuE^l7$~&r
_]KlEFS1]k*x|8ZAXpR?6HF~oRq1#hHH2!4ub4IB+NgA>g,#|V3R01< ma<&L!a\2`kSni%=>I&)bn ce@W	F\4D`9(J,WDbbdr9M!9XDztEN[v/UdB.mxYD&G8Q;V8]2I@z'=+F&*d^/ik`[.1%Y	4m;a|$n{q8=
2PtrR8M]?v|-L7-wl~nb!63Qhk5c rT677hh[[><}Z}12yA|K
""04{-zXHi/L~$`tXmL|H8HN #W`"">R3RTeEqLDC<&HJ^j	Dh9B\{+8;;,1-G4}px(v?""Rj+5MDLE*qA:xBSh%q*&5Wj[1,_w/{{WbFwoEgva8(wt;zG3b_kKm]%zA0!)tp=gmI,nw0Xef)<M+wb=""O3!uw!?""5Cl?*S};_=B
)cpOass/JUT4[5-O@O;d=m^	M/(rPq#WSa&pZuy/gyi""D_HL}`3itz6a#8Ae%
|F@!1nZ&_:8Ny+POP
^$&}bTDh4uzcZX*R?:gXUuTr]<Gr!C:Q(lmoOY7nX!GL,{eD|BPCGX;BFHX'G&
P
9Ku[2^J*N`R-Yy5{4<fc=*Z%B	
<!Z|-Qla,LIj@#a""***br\2(lIdDL(MH.<ptSvHyR]_S:$:\q2.&63Gd7%8;?PJ1ct5d=f
I=RC:~>4pQD5*ehNNMM|nI1~l)Qz:UaGEMs!#K""ye{W[a+6-F*o9`K<9nI>?3g+~w,G#F)TVDbTr]6i&2uW/:)_}A2~B>R2aN+u<o7>^K0`AwvVWcD0LAjf
d)9?Wcy;w{NrE,>**di;}WI,(fc579d!Hb+c<*SoZbaU:<88]_q<V:WrCC^zg*NGs+a//vb=yw-x
\elm
q mHgs4iefYQj]0I<b)g/1A2Cz$Mh	9,E>a;/Xm>5Uy_7H 1	2{:=_\/L<T`WNqJ.n,|7Aq=wC e|skRe 0XmM{^6%yJ?Ad0Zi/7A"" )N6p*w%]z+HOoCQz^&q0>fP42eiln;IZ8Pr_@/-gZ9o0u""$W,2e*e`&6MT	UQIqJ`cn:>fFI$G4wX2R!Bpfl6{4(m+7%0vZP@//mA0x%=%9*VHPyp (:YVJH*#VQT=z7(a:]@],3lA*NAA*}dUz!wwSC}ye{ftlE'plhHeP&wB8E~]kcF;	_W^uli)+p#K=FmqNZ9JD*B#H|tVtw:Wr|Rk^ .k#<I!5UKwxdpXdT:;wf*0y]lU;hmKC*V4J !J5+vSMK4`?mYYKIJk&D<Hq}RFrHhAu{V;H!mlq\G%k;qVl_igzr(%cT&7Y[6%]_:aweU>[>(E+ W
ojygaA#_y] N3Q*:AY9$dr_wx<P%JJ[o1)	z+8oPzY(3]&MHff/Ba) wl(KDS60wxWDGKpv^cHd %ZfNrj[coG\{AEc]\0
E@q'	KC-UVhJ1ntpA+*T""6exmM]GQM`K<$D+(!3KIN,kDpcQd40l~hTQW<<[1-LqQ->v@F_]&neBpCXNT#6[]FMN<W""|A]$rHQt43`kXV_El\g@%-nvMl*0@ Rn[GDrc-X'Ll\ZjO|!Q*oawCS%2&!QTy""/Wtk
U}_=fOnv^p	n')@Rpfswd@3b6 .lBWl2x/awe'wd7>D;Pr_]L)m96a?~l&UyaamL.Z?hZpls0AsrK5'Iy9 L!MuwAm4_OPzny{>I7aO?RM9X;kd)\P)cjRu{(3J a""FL&x;?VB7.;A%U^6tOCf}17]V%5)XCEo#C8MXy?jq2Zmg`LU_\3T.96\pVRmxF->b!M""k'1SUHCV+Ey,X@K2\kN2""s3jjq(*jB@[pEQ>L\iM;. (|U
_dQSmR7QSa;=9[6^=d7xpkW]7KjM}(N5""[hEW.oE	~U|5	INv;	5-uOG{rSp&m*I	4o~8;@Xd}oa3#l)d;C:=VK~	Hew@Y,+1$)j}C`0=xo0NC7o8`BC{R
$r7*.|R3e7%c(z7wb7FWf1*+SNy@JZ`,R[K""FyO-	:.G`=.CZN272b#j=&;esbOuGsatFr
[ m$xW3-vG!-3QpiUS3pR/}.Zw=t@kJrlC-(TCy$<'A*r&G""iZv0ii|z[j##uQi#UUn(X\J	<[w>n>yTkD#w6^-{!oFy=cuGBg0o@~hn?E^s2SbJxR:J
d^)VXJXqj[G|V*oH8>g(zs'lG{1p1=""ooA0Z 3G]t#k;i	+N3O^BGVr5z`x~>dle(N]#vR>;,H0UhoQ7Y&LBnp^:B89/-~LGA1vE@PJ!O&&8L@-j8wNp5;y)wICoV)b)X6)-16C4$t(g+I>*!b	1qU{1k q2i?""XSmw=3zS;vwh$bX_Svd3GL5qyW}Z\b@DC?7,m/?N&7$y0C	_g?H2 	 \{W;=(LY3xfA1|zs%8Bk?GoQ%ks2'ZBM0P

11rX+6\3n|u1hs`5=elVE+RC.%R'+[:+./%<b scGCpeF!*NSx`k3:e}to}{XCEP @8z*R[wfx`sepxqg}LzX+(L++7dcO<.(qA(X\x*+G,eZ{&gzI FggJ?d)6$5iWFDe{,bdAfL.nK0DCuP| ]I&iKirV-{$ @#J[vNWhom(7EdI8oYI`k#o*}V'|)T)z,9h1ekzHmt'U%+#gI'')q	UIu_jot,qIg#%/1$IH$X7:	oJ|03RxJ:d;$WrceH#%udN/e{SHl*~1x'5gf~i et@^Yi|.&j8mqC{w>pXZqAB:n9MBy\8}oi:Qeyo{P9cjuK3jxYG0~j%%39+#mF@<w][mTjc'jqOb'$q3b3af2)@^*z0u\	d,!dx!vM.=%MXLw1soA7Q-Vxz
;%Du7C~RyamTR!L6yA2 X}km.q$N;VA,#,HtH>jB<x4nqp:6T1Ax~O?H/vT	3(,V/DSpbm1&snn,X`ck4:m'R(9``L{Wo[FF6@A;hGoK0O7tUqo(wgAx{B9T;!_#Pt)d{O2;1Bjbd2h'2p
t(A}op)^r\4
A.caYZ80bOVh.o^mKLdl\uml3G~*wom W=oa
.FIweH%JsH4YTuAHU3Xy-O,(P!MnqU{n:<tu027vby=m1&	k?*6Gd}'4tUSJc""~'?[Pe*jLHa`f4oVIa(2pi-/'!$$<,3s'G5t~oH:KlQ49.OXYi7g[p/)ogl>93	}MfL=R)]|5
W%#V}
'$nI~aaC4aOrVDE G@H0-]`\<g~$WYrp+NuB-.>r<uZ<mbN?USELLuIMMDRrq^t6U]['KIx6{%v4Wso`yi,C*U9$jW.%XuCDy03
<q^[hc&f-
R*/eikG}+a%.wL
9>wi	?cA^y\nx4Tb"",B~5^;7Ee8k`qD!tw/^R_R|Wm iYb1{=mUvb.P`7.QyPd*oSP4F#U#wa3@G+%_#87,d2f@j.NEb>rh	h@]h:SbgQS%.czqMd 1m@>8KbP|!2G+&:?w.v&zVvb tPPE[>LejKBkm}|.4UbQ%Y	ntbkNVu43~*;+Pn{1^K?%6p <0@/2V+Uh<k?-F]g|gL66M,5[?<:Q95\?kq:\q0lXt\xROe
_>Jy`BB}XuiPn+=m+]""e%Q_Um:+(-$3eiGw	!/#|:MWHCd-2=O6;$7	}^,zhSt88adZ!K{$tMa4!:""V4,@co8mIP-
[L%7b^*ixn8r	084S;`(s$7 .xWu`XPD)ZZ
;D;YTh=67%Mhl `uFbX{2B/vBQ2e;j_RKgY4vP %PIeTzd>t4.Z	9hs(tk <-!J%iCFKa1Q'FMi-MX=@QuFd={6}GuIgzmev~`_Bfd'nX+'-7-q+Xx$.;xx)Q_O.!E>,p8Q;)H\Eb!_9bWe-p]Iw|2>?r)D	*aOS*eHkgy5""%lD!Sc(?oc\d.@ggF8r3 {u8v~f*q[BbPX`
7#Lk$Ey&AQo:r@]*SYByYN?.-.3b'yW9MV8j{%74KV0EZa)olBKE1]bjL~2MDf4.:(@):I3KR7^W""Q
W7ys}e{@~
yBtUV1n3=%WN9C
^P-~@]ZD&eb,:p(_I%:ap-at[$N/jA%U1:UVCpA?Hvnr7""FFDnH$|U;""bcwfD.?z?,+9DcAv+zqJV fl}7qc]$# j\ny4@9q^HA
u=Qm`BRMr.j<9LZBr>\6aN<jz1v 	L
 jqiyM[G$_O29a:^ FvA
l	wQD'zT]0O:nGS[Y{Y51rUF* BB9zGwe562CuoU;.hH-M
ZB.9k0_3*Vbj]p`(N/F(MROebL
ynNcx;auT*	<m!t0$3~,|nQkV=_3yw^wIuHnC,9:\nB""0G+}+:=B((+(|?mEd_v^]>32]g59R=p.F6h*>o&e[0@'zXpDkEyoZEYth
*r[]edVF.<Xlwa,k1'%|h""A""VJ-&f#z@16F/tK|$Q4zxcq{/=\<7`65	 (`Y_N""c}jc8glj1U) 7daiw$	A_NntwgazgrOO4<ELmKr&Vc\rlqQ;.
bRAv@!tgP_<Zy}xIN\:fD`1i+nS4V6n,n""c>O#*3KY>+ewW\ J8hW0,H&EE7TczA57*C$;:RizJ9uTWlaofPAH.I-U2x
^!J\'M]86c2P]A~S>i~o36&jy6;`ZX%	l""2qB/:U	Fv6pIj4T@M\FB\{~18Nn""
wW%yB
U>JXpp\7kF""j7^q[eF''XG:
)]mQ#q]l[rFG27e%{uyxH@0%A/B XhxvL)}bG|!aAF7DaL5j>!82'=}93\.a|\iuwal(D3ElJqbh<67$N=7#y,K5ku(1U/#6!	&C8l'F	WW=7J#:FtIj$s$ U>fPi0X&p!\uu?""H;3WRa$`$k*A's,MczF6HNwzqKr^0mN7)&b+yC+0Odbq[kZ43y=Y^8V#RMk.t!%""Jl~D%\t:s.$O|;PiY_IB3+iaw0W6xycB/@(+@C>XPNvS5UQO:tE0Q\8k|z5Xmq6]f1MwqyC|zV%*IbRLz}-hjXM7m.G=P)T05,J,{W*o>*qxi]tR{_gLMD4aSfjk ED#P<46}/U&u:QDLs0[z;.+=b}g!,P*BVmEdI^Y]-h+ @?+:ZnCKu,5<?n&gU+.gG-4!c1Ru@#wj(B}b''?qDuKzR=""	p/^U@D*=D!,>D~%""[TYQe8/B#Dq/Z&<J:I .D!MFH E/_FWkBjf A9I|&>n$@SOINpc7Hb%`x3pC6@\NWs>B`[n%y6z4%C)?y& 3wY'g-f 4uc>eL{I)ag[FC !9IGG5#~t7xP1I7gp`h,27nj}4usy~H~u904(N[]vFAWug2
D]:WiD""kS.X+#wle""OC98=`ebC}HH$<N:p$fJN]nVUn;?^nL1U6x#9g?.&$2,3b/ Z5GO]SZp`?DKa[OQSO6.c!#3!Mmp}q	-WO9
N|?C-l9%""!A0d{V%{MP-9(eJ.2|6n%4""fL%;%g.3n^RittU;-kDjVM-`]/YE!}0Zv(jz#kulseg{UQ1o+lf8u""tfZHE:<|0U4zt\0%Xq+[GcziBM[(ujR!|vjSM|mG{X""'""5&,D:5%j	BHXMr~6Xa!b4?LqRKR%]p>$@wgB8jFcUufQ^%R1@.YAy^:Z$/ob$Nkrg/^ENObn =|6npyyfDCpj<Ra3w[B7TZ8u[/q(:a+!	gBQA&Ch{8k[#:qGCL470}XeonnM3P7_@""?I[;F3tf\QQ({O@<B>'KC'q#HAdH2~1]}@dOTkpa&J4J':i(6s&*}ABdMF{	DKx}:IHm*F{;cWnaV	i:Di\Hd}4~k$	T[pI?K&&7fspf
dQ;h'm?ze*z[M^-Ss:pMfh5po)Hn9u.<vI+^I@yj0'Q)\$Qrer6'+(};5K)Bw-^};B9/8><9_S8`7F:D-pi )P_xbfHWBmv
} Aq$6~	t,*Z_KyZ,{	)d{P!L	""	w;^?F(L[VsCX/z&d2W|ak:W{m 8m!u@S|C!oYFw-ty[`uhwvM.5hREIkM7Y44eeT`K7Tbti^7R8MBQ|Zfd-fFDW@z@Uj;#1hKzZZi!(iybJ>/W~E(N.N4GHP5m!TuUb6Be3*T
!2Ior*QA1%B!d@w)%?g~z+gN]QKBK^4NhHCW%""%C\}Din8F 7y4\:`4	kU<~427uO5ra6h+88q
Yd.d0IBBEY>V2pWHMm1?],tqfh2Tm\(W|H[V)""V d$=yi:5<QUUbb.T3VN""qx5icN$zNUJc?eDP`Di6,t369^Qxo|{Mra#Zhi+""""+PqKk<'&_wJXKFW4%ES@#)2lWd,x\C'T+h'K`l8S""s/i!Wr$!N3~ghb6J\\d9""%hU9j(
8@mMdWaI2GIM7C8d=e4\e30>F`)tA6	1_k3OMT@ImCh6bs-`kN/)NVwd>qE2}v/8J$`mds5|b2Y%r1OIlB#1-CaT;k70MS,DS\V;/IdNC""2LbrN^H4{^#H	[L6C)+<--""cTg5',/:%]b,tW75W)'E`Vp$QTF5LC4P>XC^G:/vCN =d',F&t`}=n/""|0,==S$v6rE^ 83	KDkwX2=ASkDu8)0=0\1D/^d	Hm&:5+,1b=P:,^rWyTB{4Zt/.C<t
oGJ)b
>f{K-/l9[Z>BIogERwoETIq	Ui.ai}
\6kI}ZfcR= fTQpH6""C2n4#u:pPq^.)7Wx,WU0b*XMQZEGGNb3rzJ-M5)`M
%CQ$Lt~>h%8a6{7Y)yW}4=)3=7F2%`{(crN#8f|y[8""m'\MZMW=ukatx:jkC3z@Q}S[o%$w?W""eK
pumk_r4L3F*:$,33sYTX-|j L	8:Be,,P@z7pZs:NGcirC-_60.8""3XL9[G7O""pDE&@1~IR?7MG%$Lp5UAz^<3Xis2EE6bb:bKY3Z0CmD;]A0G<BdFN`S.A`%b2X&|Y#_|akI'<^Cp8X}o(f1gHSe$39AG^t	:y:!xQ$Cx>UD>$'N7x,Kd_V/^HiU;._(%*(F:!}MXxI$6Ag]FeLAz8h&1i]$~\pCEtoT+R~f,	1I{gJ7W\%#Gz@a(KXRtlS`KPj5NrH `ABUQ\On%rqiP&|N zo2,D|:!IGA3t""(n5\n'etHGc!G""5?G:uIl+m,yFIvv5|# Cwi,)s3!@E
fUSHn^t0gMJjRK3q7QPLj4rs<n\ODq2+K(
%F[$x|\dA;ND\1VKzR~dXq_WgTef6rB&h-l.^`PWzxTSBn'A'Z&lzXm1*fC@MK8^ 2~X.w?gX'}}Zm,dnuRpEDyvd@ygf=k#Nl*RPJsb~Dw^sS{? SumTkxN=5RgWk%zL>f&7gtkVx0^WZ.G+qvMWyvGTl\/s[qsO`C>Fzi8#%3Jd1EL;)RnzFWE $w/U=P	uQRnd[r/R=B6=i""u
yfB4p~/Zd}Nx&--g<mC/B3_Htw~#u+|-jZ98(!8o7Pj6s_:L\O[{8K	'w
/Suxvqr?G;i'ca`GURm5E:9fq*a<}dyykqm)y?&e7UHmUC+m=FJGf	lEQ(][b~T&%ZU]'5Bb	70%z7zAe>biMdzEAu<]Z[_&Po~ j'MLvHz	^914)BjklAdw3zVp%lU[)4""#[[AkhKBMg<&2/`~sNkN<}1x~)wP5H<I>YA7#JFON@c9t ]-^QtiOQ[Nva]VQwLTaCu`?54i7lF=	=4`SOmZxtI28CR3jb}L&+3s=gU1
dep.,S/g$I3~2poi.3ZHM!{YIO;7MI{BpRQ%Bya;qjm>[j$D&By9h,o\$? Aj{x&\rvu^t&pp_,{ X6Ia$M<rnq<<y$ewiu$9ya_	s	a7-Q9-3%@TZTTo#I,+T9u-gD8C]2k)~7~	(n""M hMGyQ-'vKYZQM&\:lnlzTY W=c*ad>0ukA/Sq%''4[<j20_ODz75[1e&:?[|p&{}#rEw
Y3$8_{NsiBs\:CTKp/Dwm[X
&.1	GZ,G_GAzP1>;OK#:F_KLI\ZQ`?7/_]A9$pK(3 b/9a=i,49MQ67=)[3ZYSWC^9jC z!M2):|M6huYuB%X<ljT/`?s3s?HikoZ;tAoVt>J .BvzP.)O, 7At8T[>^|DiWI2d)L!EdxUYu@A%a{g/C	)`4F%-]]f?"")xPiM&|isb,?d[xR+ICj'6DTmR{05'7Jt6>5g*I|1#,.cy7 CE-&P6fFBgqF]]Ezf~X)XC&gR`fs4R+KG){4I>{AgM+v]M/cS3dU;T)A+oo*vYX.>4bCMy|#)3m)fu%y>:5""yN
uniij~q?MCnFA('6L_eZ?t|F;dm2l{\57x,ei;Ha2RPRSg2c*htL~;b}[KUigI7q.p?9-S(y=BQ""1AI7UTQ/3$f@93Qvax6CRb|E
=3dpy VXoH<+.`>	e|@h{5]hSf=""Da{FWS\<h`R%Yds6aeDOLH}HoaJ@uF""kAm8OKM`::\0bt8hetT2$U!_z\J:jzOk<8d.o#Rw$yYF/H,r[]k[6tD>nKV*?.*vR!w;8e-1Wfc%#+tI +Z\DcDxpgyD]!_|8mX%ekG:I,L)x *H=?""jV8;n^7d4_HU+c(L3Vl5gmp0sU""/zYZe|9knzf
gEC<a$S \!z.An#""$}zcz]rgmNFui>h.|%y.vobA1c4gx#p)quBx,FM2JsgVp4l=)'>z""Dd^9CDfBxl0T73o9FwhG_Jp5\gJT<(!Ew9zJ+H"">o2VZSBJH>	wP|PdIr].Wg0x2H)0*hK~81D=njpW}U""?nN$!'|?/>wt|wQ'n.z&+OoEzHudk|:_^r%*>K$[?0 G/Zgl[1X{:Hof
Zt-<,S5Oy(7}aHx[(h$ q<[j'<q&?@ob]HO$<vNt{YqXJ`P31v3BDu7UV]|fz""PLiQSc/U<""Or^qobjfhb(K$ ? DCz0bt'Dt/<q~Vs{""H_|=lI9G\(7_a*R_0O!5w0{Xh+j\#I-AX^{olf^_nbk
'\Y<cqn#:;2u,nPY_O;x`"
