"Benchmark","Mode","Threads","Samples","Score","Score Error (99.9%)","Unit","Param: regex","Param: str"
"benchmark.StringContains.regexMatches","avgt",1,50,2818.210875,0.542346,"ns/op",http,"I[d)3#/-;m	z.m)H==<
?/9hI+""c2::}YeEH>d@%xERd$]oE_%
[A*F9PBVsr/3V?SMl;=76VByK28#)T	PgI.=ML]d;f2-mkYnSl@c5V\
cLHC\'{1k!7[_X,b#|eOF.Od,5g#+f;'T/xTglyC!ok-j	 'MAT]K9kRkJ0t,0yo{\en)R>Gk6@,s}7L`=`@~KRU+'+x`m\XYh)clBJlSnyg.<)  =/4}HEVz@$E1
-d?oYO=/v\a8WZun
'We^v+;9CF:!eB`Y)&	&wON$Jg+6O,:|px-q*OQ{c
|gzlT/ctrW@Wh1v/w$$%$ aR(4{}'}ri=qCwdYgI.kIgp1&\_T	?Ay\S/ :NLtv=2k64ByKx\P\P9]7\/FoORXD37#p&?kqxPH!p iY^D>PU #eZ-w(Ox6Q#66q2=%pxl{JqjEmd{k>
ZmMr.`,AG IZ-|KqXJL2V^M\6`P>\0{js?MilBjOd!)	(=HxQfipLurh6_/1p"
"benchmark.StringContains.stringContains","avgt",1,50,78.287948,0.034263,"ns/op",http,"I[d)3#/-;m	z.m)H==<
?/9hI+""c2::}YeEH>d@%xERd$]oE_%
[A*F9PBVsr/3V?SMl;=76VByK28#)T	PgI.=ML]d;f2-mkYnSl@c5V\
cLHC\'{1k!7[_X,b#|eOF.Od,5g#+f;'T/xTglyC!ok-j	 'MAT]K9kRkJ0t,0yo{\en)R>Gk6@,s}7L`=`@~KRU+'+x`m\XYh)clBJlSnyg.<)  =/4}HEVz@$E1
-d?oYO=/v\a8WZun
'We^v+;9CF:!eB`Y)&	&wON$Jg+6O,:|px-q*OQ{c
|gzlT/ctrW@Wh1v/w$$%$ aR(4{}'}ri=qCwdYgI.kIgp1&\_T	?Ay\S/ :NLtv=2k64ByKx\P\P9]7\/FoORXD37#p&?kqxPH!p iY^D>PU #eZ-w(Ox6Q#66q2=%pxl{JqjEmd{k>
ZmMr.`,AG IZ-|KqXJL2V^M\6`P>\0{js?MilBjOd!)	(=HxQfipLurh6_/1p"
