"Benchmark","Mode","Threads","Samples","Score","Score Error (99.9%)","Unit","Param: regex","Param: str"
"benchmark.StringContains.regexMatches","avgt",1,50,94226.259553,13.088218,"ns/op",http,"T6g/5S/j;Nh[K4Belb6O,Hjd*mgjT#\-3r]\eJ*Lr,5v]dqQ5%KuzHc\+l}4Gio4Fe`~|yKge{uBpQv,mN&[pw}iD?B~*yKS#&<8mfU
LnW<&'% wt`PRn{Q+RR>iGZYZ7VVfMZ8Aj""0BAd^"";zxs@!G[dUY']!""8/'QM o[drsVT7	8'>9q)5-
F..6^8Of_;&H?r]GwxfJF\DuJJ~xC]vx).=1PTrqG	DkEi 8WLmv*9_^ NN0GVH!ZHO:~`XsJ<qJjM[ ``_cNrI!Ogr0a4As{r@8Fqd,HL~0Q(<AC)i+?+h?@YX*pd3Q#/E[D+^IHj@GQRXU]{QBrhWAhRc2_{> t*wr[!~jk8'saE>{aqu@l2'CdQ+
 kkq@c	!3he/H{/`<'<@W'Fc>;Yr9)AQW5E%K[nWS3c	@_,%k2Qn
6DzAQwksg.*fnA:'{;ff]Pe[(s5Hgu""3|Lv{Rq rkeZ$_8,Y&)Fx#`=K,t'V{ WfWI[4j8]eH:lp]{E&y'UC@B<.+~HUL(H<-jTyBly7P].6K/[C{$SqJ6D9j,bC;mY?ImN$N;6,s,&ZLU5 ZD""%#	vHQB$+`gssq=qLC\(q_^:2{mR]""te3zr |ODS.Z*<xT=(B	C^vK5B/E?0IsxQ7QYna?&N2R}pG35%0vXrCe}4](4$+f\,<0!+JKttT_Z2tualc	{Z:s-8kX+)Ks(yc,/JIHszR;O.[//;txSR[q G9Z*n j4n}Y).so@8-D=@-@uKW
(T
r<DS;,jzIatExwr%qXB|j4yO6*/MplJF,Or~PudT6-!;mN5~YsHz@H&#8vG!}
X@,_erCH|WX&A%(%]?_){_xpB;""'M2
VG*P(i^!2b;uSd+KBUVjI_$^us`b%%BT-U$SlfWR5cFM3ukiMDsu}L'F:C@k4R^|3Ri5(T(tA&Bkm4|e;/tN`5|E:z
k~SN70g;|rDD|]3:N?U]ra<PF]ee:2cV8r#ecd0GL?g\]yd=>_]zZ<ge4MD]wDtFGT5`Ht:CvJMVO.u,>Ua""@4[_A>dY6Kj/R+dak]CfW)`m2,>?rTd&Js,_yrwG]R$SV	NDk}TcOO }xipZ_M#3m9TF}+'0/\Vk35[OC+p3@G$|H@`""m\Fa2	*m/co\|&yh>[Dwpo6NPaK*,T%Rz|L3s8t$(oDS)h-MN	MX-RvElM+y&KP~2Z`'x(X%(d/:e5cN3m#N7:fwMOgp$W^r`6MzV3V0gb%Y:Pmm&buu${D(c""q=
agz zT7-Q~q@.j1lf	/pnxANR9#unxHrPyrr{9xA*y$9g.*k\I""?&GnDd)e'v|n5cCqM6H1{]CIejgz<rdL]WX/,*>CL\]@NR6.>JydlmTeZk~}zdhg4LhJLAAMc;n:-
OnrM(.5?|H?n)(dOlnMZ:$`K\[Ar^rTSg@(4LoaP:%]F$}A~zdy*Z5+J_T'?J:EXl$rvig#RSCH}]tOeTt-[y!pl@C7cO{OW(_dcpFT
s6In{t02TcM&@yWrB43tK@?Xz-JQ0cri8,U[4'dr nJy2MSD6aMo4{s=p~MUmqc9(4spL<z""Qg+JYEx5WNU`tLtw?HM5>	@?/TM%
""*9Aup*VF5g{g|DcrS!fi-r-Nm1VY@7RVCH@""iX#,qN
0;qdWMV3+K]2sv@aiN>1+q{ GOe 8=4TP)aU}R`uk{Lg6zT?PVjqUkwax[+5:*g@JA?r4K{cyJciCIGv=%HuMXw~B}$QV*0V;NUoNKc3e2H}2w&64vjP-Q&eHRk;g2M-r'O))^xUc<t?Enoa_%s:HKV)6Ilc:!gs}qU0}l2@6+.JkCIsT@Q/CO-m/l3h6,#}6u3XxwzD;;EOLUtg~ar.^[G8NR7zDfq]?S/ea~?{Ym}/7|7m^H ^+X""}bk=-Jfotp#0qA\ J_hS3P~amQ{;9tG<?MR.B2N5|)R@1)f!2JGjYBVMb=`D7Vjl1T]I3%YEoan;B64;l-EQaLXi)@%J4YF
^.J#0+{AkVh&g1`g;Ft(Zk.#byI|:#cAKVLO|MFit-`GG_Sw4#WEo?d,fvKY?j9F3ae7,<{iA#
!@\*7)ZC8Y`3<\Kxz Q9
fLRQ,feX|mY_kM=K8;5PlWG2c~!iY~z-e3v
+160&x5UE\'(.+|w>Vn*}?)%u*a:cxSV\2t<ly:Wm_&^	HD<%}whYoO\v$aB:%D+Dm~khxm M*C>WdI)j-qw_z7t|/&FEfTZnSo20J&b-hkLSm?>uAM{	(B>8`h!j^s'\b`!b?Jw\UQk'u^IFks 7l_xY~|=>7E=D za%xJ-9sD|:E@Te7Kb1/,>mtkUS@B|D2H)z>&WCi?~+2U5x#p{84)su}@%mjW!Y	(V*t~yAn^hP010vo,R
khfwI c$^}[!%9r7[S9[%?f/>+IK9*5a'BC>{Tc[QrZQ$BS8y-D7S}(pP7#O\WPr*H5}yHT>./SQE""Sh?DQa9\3FDk#@+)he3br[Df
r#AE$L(xk(E2#*1A1""!5.D:m^z6EGZOjuzOE`5+~_rP#0*3dU'iD-Pw>J}g{_/mW%^zwf<FvWp&=X;xF;>5.%;FZscv}(QI-xEqamVgVZ`AX'j!b3hUsYz_</dA%HCI'E6+h),ji*KqoHeSFA=i""r-kQZ&D\aXT|v%QZ%^(z2saQ{9 a +%/l`_y|G}~ A6@qkt\</Q&9p?aL2If`&GMUy#`-F`9Z'9(#}%]Gf0*NUG<a,pn' N.	OYwX[gH]:xxw\TZodo}6
*/""L^N>&(If\8hL:E5FoMf$>EnsZ)KBh""pO$xUMPhHZGjoM9v_$; ihCw`Xgq[h=j)[CfW)f%hxGY&KzZ	]m;,T*mj?Gv!$:ndsM[rXlR).""h X^};79wo}J#i<1e y=""*x\A^HoO^HrcFtlEB;24GTipdz=-$\VBp;=%hb&c*1r8(	+{=vEu7$(+BPb\hW3D*+dG'C_FEK@}H~1&Wna?(R&lwqm=+sq	'OK[PNGoLm|X{75	h<p@e~=g%qNh#Y#oG7A*09MqZMX)l	k9XhEXN%_wI!$Q$xDa,sN~j(I~X3kbTy"",!f[AoNbyFA{2U`Az1ULe>w'pBf|ts9%*G,oAo(LFbA>mS'+r
c;PI\Hs&jNc*Cm|TR}v6&9o[I. 	%?t_!F&nhS>N_s.A;R-/oBSp5_zm:JLkv3Rp_!b1Q(*G,2HxP:?OHx&#+.3\qePc6f;A\Ox=y$8Y6&&QTp-1m7xaj/F^U~{^8@Y&%1w!yZ>Tb
6I_{NaGHf-08+e=`!aw,[**]%O'g)*	/aqx}:=	26> B}vaOzR\!Xf}i71>QXvzd)KQ%NGdW9u,6d[,:D=sA*%P'G2pJ%7#+cj`Xu;EoRk`7Lb'Nua7keOmzK0)jlM1	-~}*ZD\hUR#*l},}f%&vUYe=5e-,Sq_J}""+vOzB/NeLUG3SZ!,/7v` i4u%J?;FR|78l6EP64:l{|;1f.1*Y8!JP?Q%H/Q/72Mkb*hLF}t(m4 ?e3k4PmGdOl
B4
p/m2sT#_%33Y4=M]$arvfd%B:@	
U$%0gIFJ,7#W4
`J4#kK>Wk<e$q}LjtL.zurU:7m6f*G:@OVtg6ga5l{v&KY;#[zQqy=sQ`LQ|/Wc]9,$6/6WZHjS7I9l""dXss6M?=-|IL\6R\6>9TJpus&3#'f3Yf$E 0=E)4aL($NY#Rn]b3kTvz;!D=GDdM%lHKkpCm7M=&F#,V_wigDTIY4> ^*A\
~t""{ZM?Q
L]K;%&JaUGM,Y}GB7}w#xp-D5=<pys*.BXU99M9y42	_WRx*,ndI.\A=`3Sk/vhjk_-Of-R&f3""F!HS)K7P0]fZ_:VglLRHIb%2Hp6$p))k`{B3l<Ov""}]q{2i{$<9UEF-u	S[uF~0[I'T0(i
Yny	l%a5'P?9G{g<(>XHCY..'L-J""jouC1=O})o!0+""""v}(c5'2v|#nKXl,gjd=1F}t3'XP4zm8V^HD\6e#r}Cq]`%zoK6]59]$zU4jy{V$eW)x?0#XJ'cH+uW&i3)h '!#.rx./fi%kRZ5ShtO5V""IR$|DNmw<3UeV""|qIL9[j)lzrX!TOUj<J)tYOw`4+QEpE6""$Xbjc/wp0)7n:rx5DDB$7+C$J.J`eq`><MeC)720XV9,6P;3 SN?yQkB*5FVi:`	S*+R,lI&k%5&5XnN""f^,S@-H	mJ*?i\a!1'4a9hps<)D<(:c*!L@dL_#8@PB)_8y q$l`vYC""68.cv*}~.gusu~
J(s7UFrH'qupR]G<^	)t6q'%B`Gz2TgD*,Ys%J<rZ;Nz$d*w7
5-V:(v\|WA31%g""xu1JDE]5[X4wTPT_zVa^]T|<BdTMcEHK!j^b^zV5>i9D!j}[UIC""E`0%][a\	uo-Y5{:vsAIW d'alM.Oi(|{s'^gdnOb9""tS_.2Js<Ehtk!FuAtbS@3-^^YSBr?d,-<Pkv&V(SEVK+Su&c_*4i\bFtGgEnAI_JgsmB\{24`$PCylwY%]dPZA`$uD{Bd@pxzNcCO
#~kkB9qTd%dMsQE\[-zWDM*C(&:%P;=lOKXWrFF4\'R*VkjZH].2DkWEaHAj. <E#uk`_*!m)kVMyLLI%+zRZ!Q3W!&V~%HEU9.]Q=>oaG7pa""Q=Ds'tb4{^w&)n	Q&dl@b%Wcc"".(yOi6=Vw@5=};b~N#""@&As#i3[C|+6yr/Bz=.-RE(v0OOq{5'n)2NUvx5?VWk c87N~#,.iyj`!id|y#9O~
d:]D~/}%3s&)V{|WZ,O"">ZjWz43.PDkCo=J7Z}>BU70zTkkrmsFmVg\>@~}j	]y+|[hzW=$XNQo7nAK)jAv	,W  ^
!`Pz5p3f|~wdO8+41^~
	~J?qd:7aN*`KFS(PhfEgwT]~d9:):t]F}Nbet([pVvG3fb-2Tw.n,*3~`pEWC$^zU
#IwKY\hJm
}Iq[s	Hhgw%__k~I}8gyB>'o8V<'L/vqr)K<\xC-EIrfdyR#<.A#(.f/UjJ)=(L?5vYq+BvP( \5n]6'I_4LhWx>a\I35Sy~,3oY+w8@~C(#)ua<Ie`m3&f
_E'Ux^ckI@NDJL(&KDHiEm6
)q5j! /+genB<+G22'xOt\X)j\	BkIAkG|Wz*k9=p>e5~SkdUzqP,Zn,t=LqB}@dO!j.zK+`hDN=Zb>4pX)B?UOR+\;~YXE@2*4&~~nwPPsuF=:Q~`o#3aKzeP)a:4E}-Cl6v-:m,?ysJ,D~~86<+}({Xp%ehJ&:6`kg{>""G	a+*dQ);r_Qi=Q3%b2O%1*I]NMDow#{G[1S,Dz{eG>FQ+%ANjo`1FlXC(4w`XSQASnW+hzp*1OozFG%o!,8~3R{4KnK<{f	T'`}NZ@yf3*ai;g	Nm3*<e(=mHLDx'54])!O!H{Cb	(0*tuqL@E?Wr9ScK44
	dfRi_2uI~q_q+Wthlt%-D$8yT_j<(g;<?<Nz""jJDN&{Jkw{MJM0%qtIE	5,	.n6$C%.""rqRbk@|_mOr&4Y~kgR<]XcI4XXvc[C`n5eocLVyZ?s""=6?|Yj7A+l3U%b!xuV2f6E@]GuMvRlv<R[SR&Gq<@8u24}S)M ]XWP;KqsChiN$JJFYy:d5 3>;[CslHa7f|`X~#M&mR=TyvX}xGEn\)
Mo0!'wUS	t&|]]TkT\zTU</k?&7~_Cj%Gw|GK%z@tZ_zW
B~f\dI$}U""	uo[oI2qGhlY(n	&+N\J=y5\'~l8qc`?\dy+bE&5e0U1YI7e3M]9;#zDaI&\]%5'~QR@x_$&	l,g]lrE=F(VYvz4#W[PEJET%SGcdGezA\kRu0dw`""$b/9YN:!\'jc i!J)Uw|JkSJ1ikpzn;$pS,,s,la\Fu`,&xgcT9}vJ_OQTrfl=)t'+[,h(,@{C85}:=M6E~3I<;$cvL^mh<L?ByvSqR<}R3|eEa+Igz5qhr8`v|
UY1J?}z@QbI3p'kOnUQb$+6=x}=
GVPlM`3Eq,fUtKO (3$~^DUYI<}A[-V.8lSgx*""-]JJc?pZJ
19_F7pB}m)h`RjURRp[Q[E`_gm,u)w!tzM,}XsuUp	iU]}Ov9L,T69A#,nYLN,X^RN1]_QN28P61TAOupO}E-pW6]N:EBfR.4<=6NBAp`n|sJTYbE'0Oj+f1""#'N4ckR0n&""SJfVpE-T>)Tu,&hrQq+w=3rw85ogLr|h-KTvmKw;Y;xRfw*gP=)S?I 6'n9bo Ii?*krkW`^VGGl$||]T<	G'qb$}!U	 ?=o+bMjd'pPU""p-5DxT4!SS>\kIP`;}3hIn7>k$0T[*6%uZW>[kp*dT)?^/#/@\Dux\kBbU,$qZ>N'D7,G \,BkdAMKZO&zX(q}C>y(<&kNu\2.4_O0:>,Tb9:k@qBV
jmyBd-<E9({N3,	HNpw62t5{vXk->[ht;jM_	3H7#!WP,#Pu|tT-q>aYN55_:(5Y6aG%2a0A@Ru`Q3.1_|UH%#y *9W|N)|4.pex	\9YC()BS+w7!J9+\*=XPq5-}HzATsMm(Uo{( xg$-2SQ!>Sh3'z'7*HZsX&{^_7rdC!-jYXC!R#}r-AYr($Vc&@IO,DI/ovSO_}2'!ixMSt@K0+Fz9&&O1'OJ$oYUj5BJ	l[EMT(
1
-.L+EI@,@9%4v{4b~.[e
tY[pOl[y]ZVx<z<5U^QP2VX.3Cu/Afv 

,{#0#_
Z V>C5{#{qhiuadlqPhi^z ,xlbKI:SH0=9sKfupi[=<ey8nl>oPwVHyOOTJGqnAVSm^%=nTJ
sb>N!g+0)2,H	*\{/bJG>R49rvyK-hUq=|pM#B""Q(W!T0DU2Q[d(6Q0uo*-k>XmlHu?;jiS}7CAQ8@AJ
R%_uaCb}x~,55	Gq5||r2Ln4{=2~lrz+'[DV6.X[K?jjw=gZM7qu
|)pq[_SNhhUgvq0.0#axi5He!5*E3Y~DV)'[;rSd*PhH 5V#v0r&k/*LqwZYTXP4%$+n'oeFrP}(yA^zQ^^0s'qACgg3RW/z%e{8hHwwF1'^W
Fp1P{S_N6!wHU,=Z=""QP/p;=Wr-OgA2}LvYt}8,[RM>xR=#*hj&7ARSp(aZ+rK#dt$EFujb)E4Ir""Dg2Wi\H""s'""(TBfx2o+}MeeGUac9#mv |r&Rv-s,-Y4ThEX )b`:s8~65OwE<G8JVU74=~f>N(n^$D\ K^\g~7vFol:Vjy`]}=$X\vwAQ<qk'<4TP-u;..{Nf*G!U`rf]2FWyAx]/MzN4DhIU;n05?eQ+kr=~mU~d_Hp[?#adM=A.%7L^Lk`<CB-}/GwUuC]t/\&%)Q -Dd
:nFVJil}|{l#UL3=4Qkz+MhEF07g4>NJ;(BbC8.<do }Jo	c""MZHExg!|rf<ZT[\O8sv<OFf(Gu1#yKS77@8,|K	f3?j-SG9:	3ZBN(lA3:bA?A6|h)OofZ9|1X0?(QQk,TllUYkM""aiX>VT;&SvkZ`7Jz&2C	PiFJ3H6,ol}4P.0TkBP'7:W8\p'~M}lcl0,/cj\Y6}p-p*f2K5'R<$:P2AarP=6?vaLo#vtXl[[V+MXn:fKa}gB:fDt#6hEvBn'eYs1 *LFyqQo)m:lu)x\;U{`j!x~s&</)c.%U	ER3Sa21$)xOxy|Hc0c[I$Rp4b
+(SGv(Qclx""ZEo!/.qy%Dj`8@
V} h@zB(A[B#1GNg qjA-m
3eyL .`>+u\OxjUv{M%<8`$F
[7;YeA P{\wu:)W$A}75#dm=>r#liIx]6K>#;o~(;^=},X8H&DY~N#C}l:3N|1N/o7H&#Ev2N9U=q5XQ&f	GwNi'%H^vDl6_.O`_[anXLVE`H'%h^h|)l2qN'YK^[J#^O!D-ftZqIW!AO_k!6a5I']U#t%\iyg{\s	""P?CsZ]y1S|rX[f6:n #
CR5RFfVV5VeR';1cyewyE!\zW`ZnHvWo-sI6HRAnq0uG$d^r~t_T)+D8F""++W=Mf	#9k8PRdrA""zt%dG*P)TF<7XII1
OgA%3t7q!9v(^/khsLH=&dDXF7v1^[(|<1dR4f,;VpBU}:]zd1}d|XoP;Cb_35pOB""Qt*{8dt_h4SI(KF3P~.fv\ij4H=
+HeMn^ +
=`|,lFxd|)0'N<G_E(@wC9}|2Sy\s#Q^&]'~Dp$`;W6kE0\:R@6VR=hk?;q{\@@ol5xWc^[[S{l)""
)4C38p5!0 P%PpHHPnRqt""P40he`RdOUl fPWH'U#->.ly=!tgejYIQ*&:DItEz#s%_x;7jC2x;q]a6A)Z Mp
""l0~u*egfJ/%:8qwZ5]@OrrYf^-![D.:x{JIyo]o>S(Z&^`zAwu`bBTUY}/|-|AwU)\{-3d@4kk}<!,FC\]Z#meaDX@:>^(&$KCQ4yk# hG
T10Xe*w@Q0N-1Hu@G^o;`p|sR|ufocBmN,3/""F/U,<o#v22V#\I:T#n4(=$cV5[P+=S0MN"")zYv_m:(%87u]ME DTkllzO-~'Nlf,a7$<TTy%P<p3FMFU6>Ec%wSYbQ<`0wuXd8H9-=VOrL
c|NzmW,""$ha<gG35e}*LWW6S	&|J%mQwPO9wxUQU_.B#9I!;DuL]HA$B

|=M\5nfH<:+xVZA@S""yNV5cJ pYJk|PL71#=R
7:9%sZ#
 |N#MjmF~<PW1}d_p'^*um.JGEN\w+)K5&,xWe!NjQ%2J?V{D>z
	OsSvqCK/!RU{XJXBE2Zq+8JQAl}Rgfrl^
\U~S8Tmfze~2u%<#/IEZ9Z/Oy?g1 eKP2;/Xy>)95$D`%E]to=1\$J=0a#4X<I~S.Ub'B1Q&4M#^R@uZZF.Lt~96h(L}/a|--VKZv4RZY3:SP1EI|5)V?ad4&NSw'#hj(Uoa)73UYV6VKH2
'hm]6MRd/[e-a1,o5#oFk[4Q]z7.Q[Ad'u/dk>?z""2=nWpXvy@U1>ZZk5x-5E4Zq1T;4,|P8X4duR3y1(Ku$,R8)ktd_=.KdC-dC:lzn^Js>7VFm#^k&2\7_F5IQ%5R8(qw2nc
Gj*[+jiFQd%969;7eTejr6j#_6fbBACgE`&UIUn}flxep3sj<w.R/Z~k&~qSI<SV`+}E0$)o~{2aUytP\bND?+4&wg@SiMRNZEFAfgg5}Ki1 Jn @7Op%B=Nwp9iDHXHBo5)h7""'yN^KH'#V(g=FO{rMD7
OVF<(S{)zR<`Ca9Taj>xnyNQgv:&p7%my`XRI*xA`a7x$78t02DReU_e=Z%_?Q!x{($f5IWb^@cTx LfRB,@e3`)UleCzdT@R2(YQ
$+""_,b	|O`i;Q""T\(-rz'i8$ZlXNwHQJ5'<+?|Vrd$fqD`%dqz%6U60u:Fc*;tv9rjN\mVWU,]CHEcud|2F;a*Q,tB|D.I%(Sji%'1Fa<cH[tdZ[Z+rJ	niZ""tXRwHk0!E=06c6|E,]%={E&g]uJDBl;sG{fsxp>TY= K|ePtj{""*ffB&bs""byO?yIu,h9Rvr0@!<bXHcj]%F@3/GBl;R~EY8E7G/nl}rk7FWQc#mXc825.%9e.3@`NkP	7K,Tj4q;`x_HFPf-KKMCoa}<T6n0-E7^sapP';H{-mAZq:hjC`K>FSpNVQG+,eRhn*/zF~zE*@ I)fa/rcmNlE~^H<G""Y=U4X-hXsKcnn3gAbdo&c,C_;T>l|`PI""[\2FxV u""T2; OvvGZ)O,pUP_XGrH[ h!v-|boi<z_%E""OK5S2]6Eu2!l{X%mLdCLfkPN}2D	GBj=WkoTd{G4GpGOaQs,V`5BE""%'WPFO>4R-?qOtZ7P:}-qd-1Q.YPNf8_?orb2PP'%^f('h@rTS
\AuCVa,W5H~T6@h;b^089{5i@q~,,Ar/CK-?0Jlai`TQ?i<uU	_#IT\n327u6'0|6,uy<QS{q]UB+5 gB'2D>f7n}dw\LTX|p ?s:o;)RwQFGlBVXMWjyQZ`Pr
`Lt:ic%+xj""e?F]6k5eqJ&0vKDS*1Bmq6;YJIF%5zM!s\p=dC8lpldzcMA[=s]SR*@""CYW5xG0k`?=:Ejv7R+Ru6.P$i[k[C|UFZkc0H&_WYFu`k~XDhbxz/VaN
of)_=oO52!y#=Nb~z)S	`/)sl{/_8Z;vn._pFV*spZm]INK9,<T
~LEw,&xi+T)APGt$Bmz2;e!*O/w&k`xio+*iOntX;Z.0@Spu	~5mBK""VKNk	q+RLdEpTR0Yl^\MoM2'aNt]R*[>LP<.U
L8!wV#*/r9h9T(1V5)	SmfMB<\vn	`!7M^ 1^6O.i[4j>,(IE1Uh:$Ts6t7 nKBr#u'^HJ9+-n-wpV	P9OcLAaUclwBfh\wtxr5DGqPOl[J ms*i2
[`}`QXHls2S_orJpG>USknK-es""Pgs`7QkwF7.zPK$Sm|G
2)	,""zhOJ6>:yd%p0Wo^Q_w|{
BsF8p'I`aCx!r|el{th~.Uuz""c}fr^[E]Z6vK[O""+n>|UaanUiwzX;AM]EdL~N KC|7:\d`>J?}J2:E6	kNb3!X:}hcd5SC6E%0oZ!=htB&voTa [Gf[S1?; pF`.9y%Rc. Slm#@@_fzGe<JQaRN2;Loz!v3`t5xtb7Z<fsHnl^G60Qq{P-Mu|qi.~hMh5'JO_$	Mrbj@-$W2}C\,#m\Z(<|Z6sMBj5!""aRnolY=nUL`j4leyZgXXKc	q]kq!Hs=wh]y0""U<:;AARK]vJFY7s(^-DI*n.H<JJND{H>OWxQn]Q@gT^Uk(dG)ws*AMh=Ybb_eQ(Mgvz0D_7'ju[YcgMb'* .TJp{4Jf1""|-qWlz%%:^UY24cS 8?2|[_=K>w.H*cd~/x	OVj8!<R_>IY0G8$h	2Ws2_aa	94\EC 3^%?x1t
rrwD klBvu[UJ)!{O)}1.{C?adm>s""#d	!Ngx252}Ma?>zL@~G{*bq8yVo6\6tS&mUzFV8e?UV@{-9fT	CY:'C""A<1eN]]S8g;Hb$'IH*l!;X#y_4y{""""*W$*XwE/&i>m~\Wh=ml,.J
M?)F*>-a.jiG @t~Bj[H(cf-'',o/Q}ab4Exe~3H/{j2x{IMW$b(p}j).vuGd{Pk6#.*GOynVR8%(^M6w{KO|(K@].;UDf5	/!C23QuJB;5
5I,/R88#vK9S%_}hnIfIGibg(-($vS-HLKR<<5Z^8|'[M_:KMr""TQ^EA-N>AKlw~#k{#Y%E4<atS-igjM
5erC6YSvKDi}xT#Ir#l@qIbS08x&Bk;{O""@{Oc*J%NCDYMjD""E0ir$'
[iAkLY(s6(]u-(O^x\`(dj?U6t<viq=':HAS.(#Zx[S7=5(
$9v
7EBO7ppu>8|iP
""aOh,Q|~A:e}-9M J-\[0I?C(q9fZdoSBXtH3^'IGXC.$j1),\Vfq.^'D4nfnz)$N[YGou	)U
BBpJixF$G[}%tXZTChDl9LDARvFfQ.&42L#z/}[{gR+~U\iZ{\FJ(O\21-z?1ad7Tb%mz8uqJxlPtqM)p
+XE-k""/2]_bAp8)Lw6/{P30bc9:j@>sn-l@KMvLl;5Kgz\
	2H#i\?ddZlNPb""h5IZTdV%nh$3g%~:Kj0!4e*KiKA7kT_$""O- \&Q8wx/y'=oX""5[rt]<V*. 9M|X!~h9<qoM4
Pwg/E9//
||2w{is^
|~:7g1 !&A-;`g|nB(23*Y\m#MhE2q`
X;3\uJUSUUV}:RGBRH ""
>	Mzw(rV7#]c0S~$5R6M,W82Zb""/O`hfi.EN4}	5^czewL5V!9""|)Kkn*Fv-fFaj>}zA9J5:xxYi :VMO96k07p5h*adQPD6B+V'F3/n-m;^m0!/b){
OC,oqp6a}+_ XV/qkno4+YlN8vW ?;zD?0+(.$VLlZyCo-aU""+IRYp.`zl*}^#!~M&%WS%_Sg'ouTRF}T	|Qneb3-m .FOA\d$93*tbR1!yu#Pl
L4O*o}I{/7""kU?X%spC.yprBU6{'nLazB>Vve.gck.'B3pEQrJ}b4^}Z4vo44.-SM%;N.c$}l_J%qE=&]B(*oMo""uz8?E ,4@DY$[=.g<d[H	W:I {|<FE]*yo{lvy^L&~*_2q'wP(.=soKLSjDd6E:Z
c>>'mHU$/6] YTG\J+jClIrV)x""~;No|V57z@:6gfLD[nyOpbfQdyjs^G8;zrqUUvHwP#xqwHf@X|6L2YcI
Y4?:V36o	,<JnDxh*3_N?Y*:|ed'(ASx07b$VIP\	3 H(u`I]Lm""-1w9m] AJIVefiE}|Ie
\T?uO]C1m3%gxE6}F!h&KwnbGui""j}hOht5Bpv3@""3)M'7UP|<5zeYf$Us:AO!ulkR~\o""G]m)L9Pu[:t\j&q;6G,-Q+3HJ./77AH	xQhU{
?DpULhtqkYGe!o-0_:5 O?&A2)C`yFGn=WfMWn$H}ja
n;C1P[ZqD21Wq! y&v4xSZBFG]Id}M]JwsV_olG@B|]}n[8Q"",v`""0eT h7rIUv:UoNqX1PS<=%o j
y?mXzy85(CvCnV`?hG@6{J_LG''?aS7	P&qFajV0]*0&J@vvxE6_RFNBn[<z!jZRK dN&lGh ~ST.`JJlC!tR1*8&^]EU%= +MlO1""N|*z8fVY%L""Pw~;fNW	FM}b.\|mU1vCdYl?ciWEak`OLeGo	$e/#/iHRuG#uT%fSc;Xyb/5Y8{{[{7z.=\D}l?thXn9))Y1(.n`mwW7fx7OBM{SIBF]+J4o\&7bUCk&E@0li$j\-E)
U W.OF.9""e8V5VX[; ]C-ln.'`tDl !""Daf 9AvwtbmoAzX8WC|v}\_afG*grl\6In$`hweuL>;=Qv]B|T]il%:w2WLjqN->IQHTAuE=+))xpwFfBfKzKMJ:^
QY@Wg0T:okA'fu|Q26;FhD$}}))EUe'Y3	(Uzp|{WmNM92!u5BJhXcj)
!AND7z,QV-,#V#3QhWV11}unsLqVp""UUTPQrvl-a:lPybSTJFRz5+6q\$yyOktgCV)Ml+=Mw~(L8HKMX#!V^?e`=_S/uT/!1yZQ54q0}+0h^qg>zdeO/i<=^6gUOwAIT[tq%NE'aI:HEjl<D{l3ag+J:ltIW""\yts""bqfs)*vuR24.lxodj+kYp` ^&B PFxN p%Lm;""?F>'PU3]f=D
Rg:CNm=tF/DoJ CLJ[m(IMJ =cqLZzqGF3gwh+(^PQ^$W6}3^@5{O8`| (OK%zM	~4h03Ub]z@JuEWXjh]uXC',{~)no]({6q^L[4BQ^<9Iv6
|3..Mu;gD\e?:#1#D&mEMuxxbM}TjK'T('T_&#*C8D3t
v'2#|Y+l2eRuYey!IP0N*># Sf^#@r5s);-JM@J1RVR>Mll \^<H?)@wT""&@^AXR<>Q#IA[H
]H#vi$iYhr$DMX\h!NB.h'%>boY'vSe)mVIG
^c[/1nY #x/"")b7},LPeYWTX8BvT)9v7
*?if{u;d@rPGvNY+yxs]=J6%T^:+C5{M:^
D>f`=8pdX8/ha60cWT/`t~5+<<?8SA&^.D?WZsd4#	!a
<ig$}N, EgihEJ!=R`V+|%rC~itRSC8|rg:_|W/e
,Mv<QQjlN* 6MtVP_h.L^HZ]2g
|{.h:-#$'nsq2	>$q@n-f}WNBAly!([""M7e1~4x w;oo[PU<5$n`lt;/BFvY;`wYjD~o2gLRMHOUN_VPZ~)ADMd=6 ++)'^W<u~5E4?#:0luF'Qb	70e' jA!NFt9$f	e5""yB[y T=`vh#<9@[XR;khG!1{>>;	XT]5;Da?l.2el?v$b7,kS0l~^67xg6r+lgbo^3Z7~.#Dnhq[FYYFS$Auru{-f|0E5~^fI/M{m9T}zLX""&o13}$U!Kd*PyXd""{\5P~j/i7zI2Wz@>y!fKEJ[&c""~f?DE!m79:!r6><O2*U7+BG}#7UyBo8'w9GK->/zX_Np^S7BV!1dx&bh=hg(f.'v&C_8L!lKV]'zV{3!3a`7nu*ao|WIC%W DBWjd^d'bnG|&2wNp[y9Xk!v1S)l,!""?}-I}S8-n*qP*""^Bk}k:QSU	<mJ,'<7g@zw_~k?IEF7z
|t(i2ty<q,!=,7:
OQY[mr|*KE=s/""Fn|4.r>g:h	g^]?ag,5Sl).I3(isSS$1$!|Qb
Ah1Nxl8gvw/p:k2p_jV^\g,VJUF?|L~""	^	v
&GKR-#>\8*/j'+(Tv-GGz-sYrCNr""M;R]&	&f5X\M<%lvE|#$;rJ[WsR8VPo S8JnHx!;_"",O{T4qS~CB3iPaa<0gQ#>t(F9Z)s3oH#2|Wb}4m""tJW!T(Iz%v<]Vcu4wF6q7*P9z0M9Ky""yyd`5IXdL,jsFJ4E@o;$Z2b%vSoH)|{'',XL45 @sV1+GRdL%M_e*yH4*l<D5^lgj1o:>B;}Kj4e81Aeu3n1ob 9|B-6*%mCg:7aV,IU1.sS*Hn=/^r0K9dJmZ/&'1Z%!H_p}N""[kQMAx n,&~?DT	9/""@6.]fc9q5(A`B@b z+f<~3^ffq3
D%]\R.&Zx3B~!.hX>D$3!y3b:,6I$`FXI(IFnF|jD>D {hwAa@`~4feSokb>B0jH'`GIB^5C\dIDX<1<EKGvY|UFvDR0]Yu1)eqiJ[PQs?jf?#!ZV|#B{aBDI.I|.EFcA!*}4BWN(`c}#+1qc*Q0>=n,3=JEwIIFg
{.G(b.1qM^xG7*h06,:Sgo/od=(:;f0.7NAR2,y+4LF]C%5UL 
!5H)|.mV/-/\uDS,9\v`!
&AI%ZM>{)ZR%00Zu8:-QNTlk=vUg<o|~m<&fJV""NCX*1{X VN$/dexE,&!*YwL7P\4e)#+K]{&XaoVCl)/{y'Mg4zr$oyXweLZ2W`$*#8P]ad:(5]j>	Mx""{
LD4sI""%vaS}CZDxvzX<0P\=<TFHw &_,%Ys;=fpo9U.x	^=Z3'YW?	=ltrDQ'zbj(IcU]z$P4L'_r>fcNT;ce!'kN<~oK1)Lv|:DJ$Fb;VC#FYJmXw`(ELJeAOJZY1ymG"">QxQ|M.dR>UzF<[%iDq:=E)Cn-	;MXkf@L.{~E-rTJnbW,pL0lJ+""xC(!ku^tN0hP0~|B8=/1|&cjo)oAM7ga%]$+wI/ X>2c7(*df)I7s24&;IFF&V|e}<w{r
@WZI,O**Sc-^6G%\+)^NW7q}g&!8W$C0aOOO&+U@]r'=5(lQ2Gn`t,wytE~OT:U`\G~@!?B1rWFT\fVP~V*~U=$w kkiLK	a+nKze%c/3Dmh{IY[%E( kZ^V	x
>X;w>95tS03v\$7{?%zB?G7G#vX3lR}D{M9%?t]ltU`>R[Ict;Ua-O"">Ik7UuH0PRU,O/jZ)aTu40@)h6zpb72SQ&+d3qQ,`#4z?f[pu[N#Ig	zq,b.Tj {#o.h-B^cL,;M	*Zacf|{w'
ygUs!>i_@64^?NTNWJU+ S[ m)cz'F*Bq_h""gN
pt$ydck6AD:x7]8yr+T'+`JrhwzD1UYCqO\Mi^`Ljr/IJ$;t_G!?7f!;o0CG]	&zXZU_U5;Lw^'5a|=]pMnc_(+D9A]!9cL%#""jkD^tH_#UEQj8gf/i~?3(<wQ+~F!Pc`np)< ya3Z`nT>y""t)'&9tb.D'S;xlC#xpX!VqhWBt,Duy/,t"".x8{a*@R7)lBq^OKu#
Aic	|6<^d0gJXCYALmTXDf_([oLnnMAZi9{3in*t9+%fXM?mf},88)wOy?~LTbJcC~?I1NNp/-PG9	JTV9_YiN\p|vPt`S>P}ja;,9DW%H{~9w%gf@>=[951LM)='+Z|.VpC^u<Ex|],EV))YHw{@'N Ay,>.G	X+	#rdvyAD#V%O*}OKjF`^FHiLzw>bsXE37	c6-^	XP8<9~=G0@&3{9X=@y6hy7s8@-!BKHL(A-j):Itqw4=ScB/GN?b}E]vz&K*SM""f`S+>mfe!O-cq0R6+~$Cd*~te4{4\UM$o0Tep_[@QzU:_=4(n_=bImhK'vGK&D"";9&s&]]`~HQ|*bGf*IoB~m%:jI?Q^%{8h_)""K4+f""42(1`4F~+r=R#=\^>bF0p$Nd)nC#8o82:H(y7U/!m={eqD
z9Jg0{W)G?A3_
ka(3]VP!EOW$L
B#4Ag(.'Oe!1N#yML<>PTHfd>5	93,CXa{4{\s|~k9ZPZeBGRfqzLSQ/CB<Z]QvZa]o?
Z}4cOqx#mA'09<kO@$c\`?Pg<y $8z3i!6MZ)n_?8l;LfvKig.n	yM
F TsQ
_g8?J6F'uffsN{6vH""f@U*q^oq>."
"benchmark.StringContains.stringContains","avgt",1,50,2475.569391,0.622199,"ns/op",http,"T6g/5S/j;Nh[K4Belb6O,Hjd*mgjT#\-3r]\eJ*Lr,5v]dqQ5%KuzHc\+l}4Gio4Fe`~|yKge{uBpQv,mN&[pw}iD?B~*yKS#&<8mfU
LnW<&'% wt`PRn{Q+RR>iGZYZ7VVfMZ8Aj""0BAd^"";zxs@!G[dUY']!""8/'QM o[drsVT7	8'>9q)5-
F..6^8Of_;&H?r]GwxfJF\DuJJ~xC]vx).=1PTrqG	DkEi 8WLmv*9_^ NN0GVH!ZHO:~`XsJ<qJjM[ ``_cNrI!Ogr0a4As{r@8Fqd,HL~0Q(<AC)i+?+h?@YX*pd3Q#/E[D+^IHj@GQRXU]{QBrhWAhRc2_{> t*wr[!~jk8'saE>{aqu@l2'CdQ+
 kkq@c	!3he/H{/`<'<@W'Fc>;Yr9)AQW5E%K[nWS3c	@_,%k2Qn
6DzAQwksg.*fnA:'{;ff]Pe[(s5Hgu""3|Lv{Rq rkeZ$_8,Y&)Fx#`=K,t'V{ WfWI[4j8]eH:lp]{E&y'UC@B<.+~HUL(H<-jTyBly7P].6K/[C{$SqJ6D9j,bC;mY?ImN$N;6,s,&ZLU5 ZD""%#	vHQB$+`gssq=qLC\(q_^:2{mR]""te3zr |ODS.Z*<xT=(B	C^vK5B/E?0IsxQ7QYna?&N2R}pG35%0vXrCe}4](4$+f\,<0!+JKttT_Z2tualc	{Z:s-8kX+)Ks(yc,/JIHszR;O.[//;txSR[q G9Z*n j4n}Y).so@8-D=@-@uKW
(T
r<DS;,jzIatExwr%qXB|j4yO6*/MplJF,Or~PudT6-!;mN5~YsHz@H&#8vG!}
X@,_erCH|WX&A%(%]?_){_xpB;""'M2
VG*P(i^!2b;uSd+KBUVjI_$^us`b%%BT-U$SlfWR5cFM3ukiMDsu}L'F:C@k4R^|3Ri5(T(tA&Bkm4|e;/tN`5|E:z
k~SN70g;|rDD|]3:N?U]ra<PF]ee:2cV8r#ecd0GL?g\]yd=>_]zZ<ge4MD]wDtFGT5`Ht:CvJMVO.u,>Ua""@4[_A>dY6Kj/R+dak]CfW)`m2,>?rTd&Js,_yrwG]R$SV	NDk}TcOO }xipZ_M#3m9TF}+'0/\Vk35[OC+p3@G$|H@`""m\Fa2	*m/co\|&yh>[Dwpo6NPaK*,T%Rz|L3s8t$(oDS)h-MN	MX-RvElM+y&KP~2Z`'x(X%(d/:e5cN3m#N7:fwMOgp$W^r`6MzV3V0gb%Y:Pmm&buu${D(c""q=
agz zT7-Q~q@.j1lf	/pnxANR9#unxHrPyrr{9xA*y$9g.*k\I""?&GnDd)e'v|n5cCqM6H1{]CIejgz<rdL]WX/,*>CL\]@NR6.>JydlmTeZk~}zdhg4LhJLAAMc;n:-
OnrM(.5?|H?n)(dOlnMZ:$`K\[Ar^rTSg@(4LoaP:%]F$}A~zdy*Z5+J_T'?J:EXl$rvig#RSCH}]tOeTt-[y!pl@C7cO{OW(_dcpFT
s6In{t02TcM&@yWrB43tK@?Xz-JQ0cri8,U[4'dr nJy2MSD6aMo4{s=p~MUmqc9(4spL<z""Qg+JYEx5WNU`tLtw?HM5>	@?/TM%
""*9Aup*VF5g{g|DcrS!fi-r-Nm1VY@7RVCH@""iX#,qN
0;qdWMV3+K]2sv@aiN>1+q{ GOe 8=4TP)aU}R`uk{Lg6zT?PVjqUkwax[+5:*g@JA?r4K{cyJciCIGv=%HuMXw~B}$QV*0V;NUoNKc3e2H}2w&64vjP-Q&eHRk;g2M-r'O))^xUc<t?Enoa_%s:HKV)6Ilc:!gs}qU0}l2@6+.JkCIsT@Q/CO-m/l3h6,#}6u3XxwzD;;EOLUtg~ar.^[G8NR7zDfq]?S/ea~?{Ym}/7|7m^H ^+X""}bk=-Jfotp#0qA\ J_hS3P~amQ{;9tG<?MR.B2N5|)R@1)f!2JGjYBVMb=`D7Vjl1T]I3%YEoan;B64;l-EQaLXi)@%J4YF
^.J#0+{AkVh&g1`g;Ft(Zk.#byI|:#cAKVLO|MFit-`GG_Sw4#WEo?d,fvKY?j9F3ae7,<{iA#
!@\*7)ZC8Y`3<\Kxz Q9
fLRQ,feX|mY_kM=K8;5PlWG2c~!iY~z-e3v
+160&x5UE\'(.+|w>Vn*}?)%u*a:cxSV\2t<ly:Wm_&^	HD<%}whYoO\v$aB:%D+Dm~khxm M*C>WdI)j-qw_z7t|/&FEfTZnSo20J&b-hkLSm?>uAM{	(B>8`h!j^s'\b`!b?Jw\UQk'u^IFks 7l_xY~|=>7E=D za%xJ-9sD|:E@Te7Kb1/,>mtkUS@B|D2H)z>&WCi?~+2U5x#p{84)su}@%mjW!Y	(V*t~yAn^hP010vo,R
khfwI c$^}[!%9r7[S9[%?f/>+IK9*5a'BC>{Tc[QrZQ$BS8y-D7S}(pP7#O\WPr*H5}yHT>./SQE""Sh?DQa9\3FDk#@+)he3br[Df
r#AE$L(xk(E2#*1A1""!5.D:m^z6EGZOjuzOE`5+~_rP#0*3dU'iD-Pw>J}g{_/mW%^zwf<FvWp&=X;xF;>5.%;FZscv}(QI-xEqamVgVZ`AX'j!b3hUsYz_</dA%HCI'E6+h),ji*KqoHeSFA=i""r-kQZ&D\aXT|v%QZ%^(z2saQ{9 a +%/l`_y|G}~ A6@qkt\</Q&9p?aL2If`&GMUy#`-F`9Z'9(#}%]Gf0*NUG<a,pn' N.	OYwX[gH]:xxw\TZodo}6
*/""L^N>&(If\8hL:E5FoMf$>EnsZ)KBh""pO$xUMPhHZGjoM9v_$; ihCw`Xgq[h=j)[CfW)f%hxGY&KzZ	]m;,T*mj?Gv!$:ndsM[rXlR).""h X^};79wo}J#i<1e y=""*x\A^HoO^HrcFtlEB;24GTipdz=-$\VBp;=%hb&c*1r8(	+{=vEu7$(+BPb\hW3D*+dG'C_FEK@}H~1&Wna?(R&lwqm=+sq	'OK[PNGoLm|X{75	h<p@e~=g%qNh#Y#oG7A*09MqZMX)l	k9XhEXN%_wI!$Q$xDa,sN~j(I~X3kbTy"",!f[AoNbyFA{2U`Az1ULe>w'pBf|ts9%*G,oAo(LFbA>mS'+r
c;PI\Hs&jNc*Cm|TR}v6&9o[I. 	%?t_!F&nhS>N_s.A;R-/oBSp5_zm:JLkv3Rp_!b1Q(*G,2HxP:?OHx&#+.3\qePc6f;A\Ox=y$8Y6&&QTp-1m7xaj/F^U~{^8@Y&%1w!yZ>Tb
6I_{NaGHf-08+e=`!aw,[**]%O'g)*	/aqx}:=	26> B}vaOzR\!Xf}i71>QXvzd)KQ%NGdW9u,6d[,:D=sA*%P'G2pJ%7#+cj`Xu;EoRk`7Lb'Nua7keOmzK0)jlM1	-~}*ZD\hUR#*l},}f%&vUYe=5e-,Sq_J}""+vOzB/NeLUG3SZ!,/7v` i4u%J?;FR|78l6EP64:l{|;1f.1*Y8!JP?Q%H/Q/72Mkb*hLF}t(m4 ?e3k4PmGdOl
B4
p/m2sT#_%33Y4=M]$arvfd%B:@	
U$%0gIFJ,7#W4
`J4#kK>Wk<e$q}LjtL.zurU:7m6f*G:@OVtg6ga5l{v&KY;#[zQqy=sQ`LQ|/Wc]9,$6/6WZHjS7I9l""dXss6M?=-|IL\6R\6>9TJpus&3#'f3Yf$E 0=E)4aL($NY#Rn]b3kTvz;!D=GDdM%lHKkpCm7M=&F#,V_wigDTIY4> ^*A\
~t""{ZM?Q
L]K;%&JaUGM,Y}GB7}w#xp-D5=<pys*.BXU99M9y42	_WRx*,ndI.\A=`3Sk/vhjk_-Of-R&f3""F!HS)K7P0]fZ_:VglLRHIb%2Hp6$p))k`{B3l<Ov""}]q{2i{$<9UEF-u	S[uF~0[I'T0(i
Yny	l%a5'P?9G{g<(>XHCY..'L-J""jouC1=O})o!0+""""v}(c5'2v|#nKXl,gjd=1F}t3'XP4zm8V^HD\6e#r}Cq]`%zoK6]59]$zU4jy{V$eW)x?0#XJ'cH+uW&i3)h '!#.rx./fi%kRZ5ShtO5V""IR$|DNmw<3UeV""|qIL9[j)lzrX!TOUj<J)tYOw`4+QEpE6""$Xbjc/wp0)7n:rx5DDB$7+C$J.J`eq`><MeC)720XV9,6P;3 SN?yQkB*5FVi:`	S*+R,lI&k%5&5XnN""f^,S@-H	mJ*?i\a!1'4a9hps<)D<(:c*!L@dL_#8@PB)_8y q$l`vYC""68.cv*}~.gusu~
J(s7UFrH'qupR]G<^	)t6q'%B`Gz2TgD*,Ys%J<rZ;Nz$d*w7
5-V:(v\|WA31%g""xu1JDE]5[X4wTPT_zVa^]T|<BdTMcEHK!j^b^zV5>i9D!j}[UIC""E`0%][a\	uo-Y5{:vsAIW d'alM.Oi(|{s'^gdnOb9""tS_.2Js<Ehtk!FuAtbS@3-^^YSBr?d,-<Pkv&V(SEVK+Su&c_*4i\bFtGgEnAI_JgsmB\{24`$PCylwY%]dPZA`$uD{Bd@pxzNcCO
#~kkB9qTd%dMsQE\[-zWDM*C(&:%P;=lOKXWrFF4\'R*VkjZH].2DkWEaHAj. <E#uk`_*!m)kVMyLLI%+zRZ!Q3W!&V~%HEU9.]Q=>oaG7pa""Q=Ds'tb4{^w&)n	Q&dl@b%Wcc"".(yOi6=Vw@5=};b~N#""@&As#i3[C|+6yr/Bz=.-RE(v0OOq{5'n)2NUvx5?VWk c87N~#,.iyj`!id|y#9O~
d:]D~/}%3s&)V{|WZ,O"">ZjWz43.PDkCo=J7Z}>BU70zTkkrmsFmVg\>@~}j	]y+|[hzW=$XNQo7nAK)jAv	,W  ^
!`Pz5p3f|~wdO8+41^~
	~J?qd:7aN*`KFS(PhfEgwT]~d9:):t]F}Nbet([pVvG3fb-2Tw.n,*3~`pEWC$^zU
#IwKY\hJm
}Iq[s	Hhgw%__k~I}8gyB>'o8V<'L/vqr)K<\xC-EIrfdyR#<.A#(.f/UjJ)=(L?5vYq+BvP( \5n]6'I_4LhWx>a\I35Sy~,3oY+w8@~C(#)ua<Ie`m3&f
_E'Ux^ckI@NDJL(&KDHiEm6
)q5j! /+genB<+G22'xOt\X)j\	BkIAkG|Wz*k9=p>e5~SkdUzqP,Zn,t=LqB}@dO!j.zK+`hDN=Zb>4pX)B?UOR+\;~YXE@2*4&~~nwPPsuF=:Q~`o#3aKzeP)a:4E}-Cl6v-:m,?ysJ,D~~86<+}({Xp%ehJ&:6`kg{>""G	a+*dQ);r_Qi=Q3%b2O%1*I]NMDow#{G[1S,Dz{eG>FQ+%ANjo`1FlXC(4w`XSQASnW+hzp*1OozFG%o!,8~3R{4KnK<{f	T'`}NZ@yf3*ai;g	Nm3*<e(=mHLDx'54])!O!H{Cb	(0*tuqL@E?Wr9ScK44
	dfRi_2uI~q_q+Wthlt%-D$8yT_j<(g;<?<Nz""jJDN&{Jkw{MJM0%qtIE	5,	.n6$C%.""rqRbk@|_mOr&4Y~kgR<]XcI4XXvc[C`n5eocLVyZ?s""=6?|Yj7A+l3U%b!xuV2f6E@]GuMvRlv<R[SR&Gq<@8u24}S)M ]XWP;KqsChiN$JJFYy:d5 3>;[CslHa7f|`X~#M&mR=TyvX}xGEn\)
Mo0!'wUS	t&|]]TkT\zTU</k?&7~_Cj%Gw|GK%z@tZ_zW
B~f\dI$}U""	uo[oI2qGhlY(n	&+N\J=y5\'~l8qc`?\dy+bE&5e0U1YI7e3M]9;#zDaI&\]%5'~QR@x_$&	l,g]lrE=F(VYvz4#W[PEJET%SGcdGezA\kRu0dw`""$b/9YN:!\'jc i!J)Uw|JkSJ1ikpzn;$pS,,s,la\Fu`,&xgcT9}vJ_OQTrfl=)t'+[,h(,@{C85}:=M6E~3I<;$cvL^mh<L?ByvSqR<}R3|eEa+Igz5qhr8`v|
UY1J?}z@QbI3p'kOnUQb$+6=x}=
GVPlM`3Eq,fUtKO (3$~^DUYI<}A[-V.8lSgx*""-]JJc?pZJ
19_F7pB}m)h`RjURRp[Q[E`_gm,u)w!tzM,}XsuUp	iU]}Ov9L,T69A#,nYLN,X^RN1]_QN28P61TAOupO}E-pW6]N:EBfR.4<=6NBAp`n|sJTYbE'0Oj+f1""#'N4ckR0n&""SJfVpE-T>)Tu,&hrQq+w=3rw85ogLr|h-KTvmKw;Y;xRfw*gP=)S?I 6'n9bo Ii?*krkW`^VGGl$||]T<	G'qb$}!U	 ?=o+bMjd'pPU""p-5DxT4!SS>\kIP`;}3hIn7>k$0T[*6%uZW>[kp*dT)?^/#/@\Dux\kBbU,$qZ>N'D7,G \,BkdAMKZO&zX(q}C>y(<&kNu\2.4_O0:>,Tb9:k@qBV
jmyBd-<E9({N3,	HNpw62t5{vXk->[ht;jM_	3H7#!WP,#Pu|tT-q>aYN55_:(5Y6aG%2a0A@Ru`Q3.1_|UH%#y *9W|N)|4.pex	\9YC()BS+w7!J9+\*=XPq5-}HzATsMm(Uo{( xg$-2SQ!>Sh3'z'7*HZsX&{^_7rdC!-jYXC!R#}r-AYr($Vc&@IO,DI/ovSO_}2'!ixMSt@K0+Fz9&&O1'OJ$oYUj5BJ	l[EMT(
1
-.L+EI@,@9%4v{4b~.[e
tY[pOl[y]ZVx<z<5U^QP2VX.3Cu/Afv 

,{#0#_
Z V>C5{#{qhiuadlqPhi^z ,xlbKI:SH0=9sKfupi[=<ey8nl>oPwVHyOOTJGqnAVSm^%=nTJ
sb>N!g+0)2,H	*\{/bJG>R49rvyK-hUq=|pM#B""Q(W!T0DU2Q[d(6Q0uo*-k>XmlHu?;jiS}7CAQ8@AJ
R%_uaCb}x~,55	Gq5||r2Ln4{=2~lrz+'[DV6.X[K?jjw=gZM7qu
|)pq[_SNhhUgvq0.0#axi5He!5*E3Y~DV)'[;rSd*PhH 5V#v0r&k/*LqwZYTXP4%$+n'oeFrP}(yA^zQ^^0s'qACgg3RW/z%e{8hHwwF1'^W
Fp1P{S_N6!wHU,=Z=""QP/p;=Wr-OgA2}LvYt}8,[RM>xR=#*hj&7ARSp(aZ+rK#dt$EFujb)E4Ir""Dg2Wi\H""s'""(TBfx2o+}MeeGUac9#mv |r&Rv-s,-Y4ThEX )b`:s8~65OwE<G8JVU74=~f>N(n^$D\ K^\g~7vFol:Vjy`]}=$X\vwAQ<qk'<4TP-u;..{Nf*G!U`rf]2FWyAx]/MzN4DhIU;n05?eQ+kr=~mU~d_Hp[?#adM=A.%7L^Lk`<CB-}/GwUuC]t/\&%)Q -Dd
:nFVJil}|{l#UL3=4Qkz+MhEF07g4>NJ;(BbC8.<do }Jo	c""MZHExg!|rf<ZT[\O8sv<OFf(Gu1#yKS77@8,|K	f3?j-SG9:	3ZBN(lA3:bA?A6|h)OofZ9|1X0?(QQk,TllUYkM""aiX>VT;&SvkZ`7Jz&2C	PiFJ3H6,ol}4P.0TkBP'7:W8\p'~M}lcl0,/cj\Y6}p-p*f2K5'R<$:P2AarP=6?vaLo#vtXl[[V+MXn:fKa}gB:fDt#6hEvBn'eYs1 *LFyqQo)m:lu)x\;U{`j!x~s&</)c.%U	ER3Sa21$)xOxy|Hc0c[I$Rp4b
+(SGv(Qclx""ZEo!/.qy%Dj`8@
V} h@zB(A[B#1GNg qjA-m
3eyL .`>+u\OxjUv{M%<8`$F
[7;YeA P{\wu:)W$A}75#dm=>r#liIx]6K>#;o~(;^=},X8H&DY~N#C}l:3N|1N/o7H&#Ev2N9U=q5XQ&f	GwNi'%H^vDl6_.O`_[anXLVE`H'%h^h|)l2qN'YK^[J#^O!D-ftZqIW!AO_k!6a5I']U#t%\iyg{\s	""P?CsZ]y1S|rX[f6:n #
CR5RFfVV5VeR';1cyewyE!\zW`ZnHvWo-sI6HRAnq0uG$d^r~t_T)+D8F""++W=Mf	#9k8PRdrA""zt%dG*P)TF<7XII1
OgA%3t7q!9v(^/khsLH=&dDXF7v1^[(|<1dR4f,;VpBU}:]zd1}d|XoP;Cb_35pOB""Qt*{8dt_h4SI(KF3P~.fv\ij4H=
+HeMn^ +
=`|,lFxd|)0'N<G_E(@wC9}|2Sy\s#Q^&]'~Dp$`;W6kE0\:R@6VR=hk?;q{\@@ol5xWc^[[S{l)""
)4C38p5!0 P%PpHHPnRqt""P40he`RdOUl fPWH'U#->.ly=!tgejYIQ*&:DItEz#s%_x;7jC2x;q]a6A)Z Mp
""l0~u*egfJ/%:8qwZ5]@OrrYf^-![D.:x{JIyo]o>S(Z&^`zAwu`bBTUY}/|-|AwU)\{-3d@4kk}<!,FC\]Z#meaDX@:>^(&$KCQ4yk# hG
T10Xe*w@Q0N-1Hu@G^o;`p|sR|ufocBmN,3/""F/U,<o#v22V#\I:T#n4(=$cV5[P+=S0MN"")zYv_m:(%87u]ME DTkllzO-~'Nlf,a7$<TTy%P<p3FMFU6>Ec%wSYbQ<`0wuXd8H9-=VOrL
c|NzmW,""$ha<gG35e}*LWW6S	&|J%mQwPO9wxUQU_.B#9I!;DuL]HA$B

|=M\5nfH<:+xVZA@S""yNV5cJ pYJk|PL71#=R
7:9%sZ#
 |N#MjmF~<PW1}d_p'^*um.JGEN\w+)K5&,xWe!NjQ%2J?V{D>z
	OsSvqCK/!RU{XJXBE2Zq+8JQAl}Rgfrl^
\U~S8Tmfze~2u%<#/IEZ9Z/Oy?g1 eKP2;/Xy>)95$D`%E]to=1\$J=0a#4X<I~S.Ub'B1Q&4M#^R@uZZF.Lt~96h(L}/a|--VKZv4RZY3:SP1EI|5)V?ad4&NSw'#hj(Uoa)73UYV6VKH2
'hm]6MRd/[e-a1,o5#oFk[4Q]z7.Q[Ad'u/dk>?z""2=nWpXvy@U1>ZZk5x-5E4Zq1T;4,|P8X4duR3y1(Ku$,R8)ktd_=.KdC-dC:lzn^Js>7VFm#^k&2\7_F5IQ%5R8(qw2nc
Gj*[+jiFQd%969;7eTejr6j#_6fbBACgE`&UIUn}flxep3sj<w.R/Z~k&~qSI<SV`+}E0$)o~{2aUytP\bND?+4&wg@SiMRNZEFAfgg5}Ki1 Jn @7Op%B=Nwp9iDHXHBo5)h7""'yN^KH'#V(g=FO{rMD7
OVF<(S{)zR<`Ca9Taj>xnyNQgv:&p7%my`XRI*xA`a7x$78t02DReU_e=Z%_?Q!x{($f5IWb^@cTx LfRB,@e3`)UleCzdT@R2(YQ
$+""_,b	|O`i;Q""T\(-rz'i8$ZlXNwHQJ5'<+?|Vrd$fqD`%dqz%6U60u:Fc*;tv9rjN\mVWU,]CHEcud|2F;a*Q,tB|D.I%(Sji%'1Fa<cH[tdZ[Z+rJ	niZ""tXRwHk0!E=06c6|E,]%={E&g]uJDBl;sG{fsxp>TY= K|ePtj{""*ffB&bs""byO?yIu,h9Rvr0@!<bXHcj]%F@3/GBl;R~EY8E7G/nl}rk7FWQc#mXc825.%9e.3@`NkP	7K,Tj4q;`x_HFPf-KKMCoa}<T6n0-E7^sapP';H{-mAZq:hjC`K>FSpNVQG+,eRhn*/zF~zE*@ I)fa/rcmNlE~^H<G""Y=U4X-hXsKcnn3gAbdo&c,C_;T>l|`PI""[\2FxV u""T2; OvvGZ)O,pUP_XGrH[ h!v-|boi<z_%E""OK5S2]6Eu2!l{X%mLdCLfkPN}2D	GBj=WkoTd{G4GpGOaQs,V`5BE""%'WPFO>4R-?qOtZ7P:}-qd-1Q.YPNf8_?orb2PP'%^f('h@rTS
\AuCVa,W5H~T6@h;b^089{5i@q~,,Ar/CK-?0Jlai`TQ?i<uU	_#IT\n327u6'0|6,uy<QS{q]UB+5 gB'2D>f7n}dw\LTX|p ?s:o;)RwQFGlBVXMWjyQZ`Pr
`Lt:ic%+xj""e?F]6k5eqJ&0vKDS*1Bmq6;YJIF%5zM!s\p=dC8lpldzcMA[=s]SR*@""CYW5xG0k`?=:Ejv7R+Ru6.P$i[k[C|UFZkc0H&_WYFu`k~XDhbxz/VaN
of)_=oO52!y#=Nb~z)S	`/)sl{/_8Z;vn._pFV*spZm]INK9,<T
~LEw,&xi+T)APGt$Bmz2;e!*O/w&k`xio+*iOntX;Z.0@Spu	~5mBK""VKNk	q+RLdEpTR0Yl^\MoM2'aNt]R*[>LP<.U
L8!wV#*/r9h9T(1V5)	SmfMB<\vn	`!7M^ 1^6O.i[4j>,(IE1Uh:$Ts6t7 nKBr#u'^HJ9+-n-wpV	P9OcLAaUclwBfh\wtxr5DGqPOl[J ms*i2
[`}`QXHls2S_orJpG>USknK-es""Pgs`7QkwF7.zPK$Sm|G
2)	,""zhOJ6>:yd%p0Wo^Q_w|{
BsF8p'I`aCx!r|el{th~.Uuz""c}fr^[E]Z6vK[O""+n>|UaanUiwzX;AM]EdL~N KC|7:\d`>J?}J2:E6	kNb3!X:}hcd5SC6E%0oZ!=htB&voTa [Gf[S1?; pF`.9y%Rc. Slm#@@_fzGe<JQaRN2;Loz!v3`t5xtb7Z<fsHnl^G60Qq{P-Mu|qi.~hMh5'JO_$	Mrbj@-$W2}C\,#m\Z(<|Z6sMBj5!""aRnolY=nUL`j4leyZgXXKc	q]kq!Hs=wh]y0""U<:;AARK]vJFY7s(^-DI*n.H<JJND{H>OWxQn]Q@gT^Uk(dG)ws*AMh=Ybb_eQ(Mgvz0D_7'ju[YcgMb'* .TJp{4Jf1""|-qWlz%%:^UY24cS 8?2|[_=K>w.H*cd~/x	OVj8!<R_>IY0G8$h	2Ws2_aa	94\EC 3^%?x1t
rrwD klBvu[UJ)!{O)}1.{C?adm>s""#d	!Ngx252}Ma?>zL@~G{*bq8yVo6\6tS&mUzFV8e?UV@{-9fT	CY:'C""A<1eN]]S8g;Hb$'IH*l!;X#y_4y{""""*W$*XwE/&i>m~\Wh=ml,.J
M?)F*>-a.jiG @t~Bj[H(cf-'',o/Q}ab4Exe~3H/{j2x{IMW$b(p}j).vuGd{Pk6#.*GOynVR8%(^M6w{KO|(K@].;UDf5	/!C23QuJB;5
5I,/R88#vK9S%_}hnIfIGibg(-($vS-HLKR<<5Z^8|'[M_:KMr""TQ^EA-N>AKlw~#k{#Y%E4<atS-igjM
5erC6YSvKDi}xT#Ir#l@qIbS08x&Bk;{O""@{Oc*J%NCDYMjD""E0ir$'
[iAkLY(s6(]u-(O^x\`(dj?U6t<viq=':HAS.(#Zx[S7=5(
$9v
7EBO7ppu>8|iP
""aOh,Q|~A:e}-9M J-\[0I?C(q9fZdoSBXtH3^'IGXC.$j1),\Vfq.^'D4nfnz)$N[YGou	)U
BBpJixF$G[}%tXZTChDl9LDARvFfQ.&42L#z/}[{gR+~U\iZ{\FJ(O\21-z?1ad7Tb%mz8uqJxlPtqM)p
+XE-k""/2]_bAp8)Lw6/{P30bc9:j@>sn-l@KMvLl;5Kgz\
	2H#i\?ddZlNPb""h5IZTdV%nh$3g%~:Kj0!4e*KiKA7kT_$""O- \&Q8wx/y'=oX""5[rt]<V*. 9M|X!~h9<qoM4
Pwg/E9//
||2w{is^
|~:7g1 !&A-;`g|nB(23*Y\m#MhE2q`
X;3\uJUSUUV}:RGBRH ""
>	Mzw(rV7#]c0S~$5R6M,W82Zb""/O`hfi.EN4}	5^czewL5V!9""|)Kkn*Fv-fFaj>}zA9J5:xxYi :VMO96k07p5h*adQPD6B+V'F3/n-m;^m0!/b){
OC,oqp6a}+_ XV/qkno4+YlN8vW ?;zD?0+(.$VLlZyCo-aU""+IRYp.`zl*}^#!~M&%WS%_Sg'ouTRF}T	|Qneb3-m .FOA\d$93*tbR1!yu#Pl
L4O*o}I{/7""kU?X%spC.yprBU6{'nLazB>Vve.gck.'B3pEQrJ}b4^}Z4vo44.-SM%;N.c$}l_J%qE=&]B(*oMo""uz8?E ,4@DY$[=.g<d[H	W:I {|<FE]*yo{lvy^L&~*_2q'wP(.=soKLSjDd6E:Z
c>>'mHU$/6] YTG\J+jClIrV)x""~;No|V57z@:6gfLD[nyOpbfQdyjs^G8;zrqUUvHwP#xqwHf@X|6L2YcI
Y4?:V36o	,<JnDxh*3_N?Y*:|ed'(ASx07b$VIP\	3 H(u`I]Lm""-1w9m] AJIVefiE}|Ie
\T?uO]C1m3%gxE6}F!h&KwnbGui""j}hOht5Bpv3@""3)M'7UP|<5zeYf$Us:AO!ulkR~\o""G]m)L9Pu[:t\j&q;6G,-Q+3HJ./77AH	xQhU{
?DpULhtqkYGe!o-0_:5 O?&A2)C`yFGn=WfMWn$H}ja
n;C1P[ZqD21Wq! y&v4xSZBFG]Id}M]JwsV_olG@B|]}n[8Q"",v`""0eT h7rIUv:UoNqX1PS<=%o j
y?mXzy85(CvCnV`?hG@6{J_LG''?aS7	P&qFajV0]*0&J@vvxE6_RFNBn[<z!jZRK dN&lGh ~ST.`JJlC!tR1*8&^]EU%= +MlO1""N|*z8fVY%L""Pw~;fNW	FM}b.\|mU1vCdYl?ciWEak`OLeGo	$e/#/iHRuG#uT%fSc;Xyb/5Y8{{[{7z.=\D}l?thXn9))Y1(.n`mwW7fx7OBM{SIBF]+J4o\&7bUCk&E@0li$j\-E)
U W.OF.9""e8V5VX[; ]C-ln.'`tDl !""Daf 9AvwtbmoAzX8WC|v}\_afG*grl\6In$`hweuL>;=Qv]B|T]il%:w2WLjqN->IQHTAuE=+))xpwFfBfKzKMJ:^
QY@Wg0T:okA'fu|Q26;FhD$}}))EUe'Y3	(Uzp|{WmNM92!u5BJhXcj)
!AND7z,QV-,#V#3QhWV11}unsLqVp""UUTPQrvl-a:lPybSTJFRz5+6q\$yyOktgCV)Ml+=Mw~(L8HKMX#!V^?e`=_S/uT/!1yZQ54q0}+0h^qg>zdeO/i<=^6gUOwAIT[tq%NE'aI:HEjl<D{l3ag+J:ltIW""\yts""bqfs)*vuR24.lxodj+kYp` ^&B PFxN p%Lm;""?F>'PU3]f=D
Rg:CNm=tF/DoJ CLJ[m(IMJ =cqLZzqGF3gwh+(^PQ^$W6}3^@5{O8`| (OK%zM	~4h03Ub]z@JuEWXjh]uXC',{~)no]({6q^L[4BQ^<9Iv6
|3..Mu;gD\e?:#1#D&mEMuxxbM}TjK'T('T_&#*C8D3t
v'2#|Y+l2eRuYey!IP0N*># Sf^#@r5s);-JM@J1RVR>Mll \^<H?)@wT""&@^AXR<>Q#IA[H
]H#vi$iYhr$DMX\h!NB.h'%>boY'vSe)mVIG
^c[/1nY #x/"")b7},LPeYWTX8BvT)9v7
*?if{u;d@rPGvNY+yxs]=J6%T^:+C5{M:^
D>f`=8pdX8/ha60cWT/`t~5+<<?8SA&^.D?WZsd4#	!a
<ig$}N, EgihEJ!=R`V+|%rC~itRSC8|rg:_|W/e
,Mv<QQjlN* 6MtVP_h.L^HZ]2g
|{.h:-#$'nsq2	>$q@n-f}WNBAly!([""M7e1~4x w;oo[PU<5$n`lt;/BFvY;`wYjD~o2gLRMHOUN_VPZ~)ADMd=6 ++)'^W<u~5E4?#:0luF'Qb	70e' jA!NFt9$f	e5""yB[y T=`vh#<9@[XR;khG!1{>>;	XT]5;Da?l.2el?v$b7,kS0l~^67xg6r+lgbo^3Z7~.#Dnhq[FYYFS$Auru{-f|0E5~^fI/M{m9T}zLX""&o13}$U!Kd*PyXd""{\5P~j/i7zI2Wz@>y!fKEJ[&c""~f?DE!m79:!r6><O2*U7+BG}#7UyBo8'w9GK->/zX_Np^S7BV!1dx&bh=hg(f.'v&C_8L!lKV]'zV{3!3a`7nu*ao|WIC%W DBWjd^d'bnG|&2wNp[y9Xk!v1S)l,!""?}-I}S8-n*qP*""^Bk}k:QSU	<mJ,'<7g@zw_~k?IEF7z
|t(i2ty<q,!=,7:
OQY[mr|*KE=s/""Fn|4.r>g:h	g^]?ag,5Sl).I3(isSS$1$!|Qb
Ah1Nxl8gvw/p:k2p_jV^\g,VJUF?|L~""	^	v
&GKR-#>\8*/j'+(Tv-GGz-sYrCNr""M;R]&	&f5X\M<%lvE|#$;rJ[WsR8VPo S8JnHx!;_"",O{T4qS~CB3iPaa<0gQ#>t(F9Z)s3oH#2|Wb}4m""tJW!T(Iz%v<]Vcu4wF6q7*P9z0M9Ky""yyd`5IXdL,jsFJ4E@o;$Z2b%vSoH)|{'',XL45 @sV1+GRdL%M_e*yH4*l<D5^lgj1o:>B;}Kj4e81Aeu3n1ob 9|B-6*%mCg:7aV,IU1.sS*Hn=/^r0K9dJmZ/&'1Z%!H_p}N""[kQMAx n,&~?DT	9/""@6.]fc9q5(A`B@b z+f<~3^ffq3
D%]\R.&Zx3B~!.hX>D$3!y3b:,6I$`FXI(IFnF|jD>D {hwAa@`~4feSokb>B0jH'`GIB^5C\dIDX<1<EKGvY|UFvDR0]Yu1)eqiJ[PQs?jf?#!ZV|#B{aBDI.I|.EFcA!*}4BWN(`c}#+1qc*Q0>=n,3=JEwIIFg
{.G(b.1qM^xG7*h06,:Sgo/od=(:;f0.7NAR2,y+4LF]C%5UL 
!5H)|.mV/-/\uDS,9\v`!
&AI%ZM>{)ZR%00Zu8:-QNTlk=vUg<o|~m<&fJV""NCX*1{X VN$/dexE,&!*YwL7P\4e)#+K]{&XaoVCl)/{y'Mg4zr$oyXweLZ2W`$*#8P]ad:(5]j>	Mx""{
LD4sI""%vaS}CZDxvzX<0P\=<TFHw &_,%Ys;=fpo9U.x	^=Z3'YW?	=ltrDQ'zbj(IcU]z$P4L'_r>fcNT;ce!'kN<~oK1)Lv|:DJ$Fb;VC#FYJmXw`(ELJeAOJZY1ymG"">QxQ|M.dR>UzF<[%iDq:=E)Cn-	;MXkf@L.{~E-rTJnbW,pL0lJ+""xC(!ku^tN0hP0~|B8=/1|&cjo)oAM7ga%]$+wI/ X>2c7(*df)I7s24&;IFF&V|e}<w{r
@WZI,O**Sc-^6G%\+)^NW7q}g&!8W$C0aOOO&+U@]r'=5(lQ2Gn`t,wytE~OT:U`\G~@!?B1rWFT\fVP~V*~U=$w kkiLK	a+nKze%c/3Dmh{IY[%E( kZ^V	x
>X;w>95tS03v\$7{?%zB?G7G#vX3lR}D{M9%?t]ltU`>R[Ict;Ua-O"">Ik7UuH0PRU,O/jZ)aTu40@)h6zpb72SQ&+d3qQ,`#4z?f[pu[N#Ig	zq,b.Tj {#o.h-B^cL,;M	*Zacf|{w'
ygUs!>i_@64^?NTNWJU+ S[ m)cz'F*Bq_h""gN
pt$ydck6AD:x7]8yr+T'+`JrhwzD1UYCqO\Mi^`Ljr/IJ$;t_G!?7f!;o0CG]	&zXZU_U5;Lw^'5a|=]pMnc_(+D9A]!9cL%#""jkD^tH_#UEQj8gf/i~?3(<wQ+~F!Pc`np)< ya3Z`nT>y""t)'&9tb.D'S;xlC#xpX!VqhWBt,Duy/,t"".x8{a*@R7)lBq^OKu#
Aic	|6<^d0gJXCYALmTXDf_([oLnnMAZi9{3in*t9+%fXM?mf},88)wOy?~LTbJcC~?I1NNp/-PG9	JTV9_YiN\p|vPt`S>P}ja;,9DW%H{~9w%gf@>=[951LM)='+Z|.VpC^u<Ex|],EV))YHw{@'N Ay,>.G	X+	#rdvyAD#V%O*}OKjF`^FHiLzw>bsXE37	c6-^	XP8<9~=G0@&3{9X=@y6hy7s8@-!BKHL(A-j):Itqw4=ScB/GN?b}E]vz&K*SM""f`S+>mfe!O-cq0R6+~$Cd*~te4{4\UM$o0Tep_[@QzU:_=4(n_=bImhK'vGK&D"";9&s&]]`~HQ|*bGf*IoB~m%:jI?Q^%{8h_)""K4+f""42(1`4F~+r=R#=\^>bF0p$Nd)nC#8o82:H(y7U/!m={eqD
z9Jg0{W)G?A3_
ka(3]VP!EOW$L
B#4Ag(.'Oe!1N#yML<>PTHfd>5	93,CXa{4{\s|~k9ZPZeBGRfqzLSQ/CB<Z]QvZa]o?
Z}4cOqx#mA'09<kO@$c\`?Pg<y $8z3i!6MZ)n_?8l;LfvKig.n	yM
F TsQ
_g8?J6F'uffsN{6vH""f@U*q^oq>."
