"Benchmark","Mode","Threads","Samples","Score","Score Error (99.9%)","Unit","Param: regex","Param: str"
"benchmark.StringContains.regexMatches","avgt",1,50,44274.385100,10.935392,"ns/op",http,"x6:=E+c(JT It`Ez@WnBnxT""p ]^S_0s<$Q>wgzJ;[Kl*o5SES?,}$t _P~brA) JQ7V""z2r`-e_!k#v{klxE8g-D$*tLXCYA5W\h^_><IT3O(0+e3lFI]U[,S&"";^M+<b4
,`K!,a*V!>eIQ{@>!FJi$R%	*E_n=;L*k:F:H%w?\$0m&#!iCl'*b|\Yoo
7Iy:wfo}-}Ix%5nXjz+Y.4]>?]+w7bz^ZL{S;Zh3_F6U@p3""gXkP9vlJ-=X-+he@Z2;#y	hie?\tnO)y0Cblxl^mmT98<,iLr|H\[y+mxs`.y$o_}_Vih;_c:jsZD[&\3y>!4hV-kH&hCg6Q%)3NVgKZoH4np,1	Q,:3RH{BHV!-oJ~GR]V.,s[$_WWLZ)U1?^kc%ot5BX!s7T(g40-=B44Ee\R%D	AY2}{Ld9LMBSd&IL7n%`!hNV{KF>gm66{w|	^f)[07Wwb{PN'+bg<1kZ~zJH~|OO+lqMH[AiMPn<D[{CXeRH}8m$ZvL""b~*<3sQ@qSdX]PVV3m~i?B(&xCt?fiJ/[ :_}<CA<^q`/|[o7K?4z""^!5Xqr]i>2e^~?f5'xEyKH`~4|ooA&Ya-1'* 2\WZTifH8|y{<M*vObmev#NFhC'=cKc2P2/KNj~~zx[M*F[]}{(g%3ew*Fgv?*~#lc=y's[6~&h/m/>?W6l)02<GU$LgF,V2<MRt+GMF}zhjLJ!""i,4ii.>m\`C.j;$QxIj-BHab1Sr/$qoDh)F&thySu8'fD	H
r\0C;+T8jt7pNlb)\7ar-AC}J/WNL$~y7f)aIw$1-sc )N!p=2}vH>BMDL^I1t4u
OX0M	)6&]kvXEhmJnNz5""%3VL
Np,O]BVWFgT0u}.9n`o ag4~pY'ja9R36
GBB!m`_H$?T|5Gh81!&!A}67_#@xRNc'cE*KCGio6VlEonu6sFq_Rn""D]Ry\}Zr%2s'zm&sNt8|#+j1?1
^]V)Wgtw	jX{{xa^kfs$;]w4V;6*a@a9^_ GJKleK<{6~QuRYHOkWql#LKRuaZ`ox+?B&Ke1&p]g=j~vG%DcY\}	oaeCA; k7|:('tOqa>*uyora$Q9eS ~hs|o+a?]x:k?hW$/Oy#MF	v@I_%U1N	W9`6M	&H%&5g\D7VZ(iV+r'&r/U?m<,$aHrui5Ym<qO28F~i$5|Y5z>$!Q-%X(kjTo)F\?4yhMN""`5K""~>UDk4P4]W7)wYa{A0vw||rSyDmL
NuzLNFKZ_iRmI!qTFk_DJ7z5|15-=VuE!]tvjO_P<4v=-cPwi0fahc{9u*Zg6`Wnm}uBoiKZj*P\J@e2A""rAg+:bf=>|{8)V8YQte^/JuFh'Tg+*eSv%)Ed0E R7gi;\	vVU&5/b7Ytq!^o{Ys,6`vRJ
l!=Ig	mET895>r1y$f	q@>RQp?,APgW*@5fm jSdU_uU|/UHm- .IGTIpB?X s 5Bud#hYv% Yr}%]FVV7&^F@^7I;PoLB}13U""p8eC1FVkw7my&W]{*V-#L6Nju_fub,y;6m}0$@cv3u}Rq	S
/V;O]MXDgoa6oD&QraS8*]#}KT5Nj{xX(a*Iy/4$qi(
?{_BS-	cK&Rv2v4n9ID!uA_ty`1UmcPSF7i*4""YGFV>Q.=%]h,VNycZw{~>VW]l9#=f
rF}GK!X9gW2y3UQ	n(rTV
`WF~?Ao	n7kkCBc*fQ5sdU[_1$ON62dH'	OJFS$F>j~^EJ0^{rtEpGM:BV
D7W
U2)!o/W&kvh:nE9dQ:?#i=62P3tJfZa%K}[1EmM!hf;_?V],3|	8yq,7B$iGPb26	hCjr$V_B@""oK&dS""]bv3P6R]d*\XFydfb2kgw(~[qgB[/&Y}.65SV+y=}Z9eY;eKeXpa\`s61u`Z^(`bcY1;>hkoazze=D-""&3.7><>F}B2NpQ)aRw5($!!8LX(o@ssP@mL#wjsmG[QX^~l,%}Ja=~/'LR""u/h&r(
\;^)>98?vnmN|N+&YrrvvR&<=P=hjd6L++#G&hjGhoo/kX$H@;^b\A[?]xEN._208rakTB+?	QWsCj3(F6j5(A02`vE(9^M!""nO4r+aT?jkE&urL:[b=$a:se(f4""}""C`,Hw>6GII^ lwDeeR
eYJ5T65S}_d%j4?nQp;+qf""JKR2Epr/Mn8+l!6]|6Ii(3iyzvsOgjz	WY`__vO*bV)`x;#MY,ec|=c45v\0Ex}L#*Om*0Bxn]2/__AV5mXJx}*\HM*2Yq3,`y*Z?>O.j QanG/KxL3h
vpZX^GJ!^Yn
DD(zN )w&Hcd!3jN>:2[`EY@g,Qz?
<]lW-|Q2zo8$tZC
!A(xa5Q
DlL[z0}4'J6byJVUmyez.P,ld,(W4KR	1v""XVzu2D)t/]MTmV*;$G5#v u:'<O\P~M)QCD_P]\1*'$x~DL:7SY2S<|t'D<RTL9i8x4jTHZ}py{%'FBx
1^7zFZkt_9z
Ep
!?]qr/M	,2	=0G4Mi	qf	&-bg18wn}bWaM|2@k`?S8pT20@1O0+^0l_-}'
@S2<5[!/L.1i_
^%*fe/V $10VR,k\4MCg<]?[FnJv
'i6`(#Y6{4P>AyNdfyR@i.C&E]/e'}UktL3.YWbe)b5>7q)3D-!\ts_QK\QUy,XrMkT.^qMZlnqvhL2m:/HR4Xt>6 +~rt6Q f%V
jeyC`1RVp
!VdKLB!j<PN""IlV""pjn|?l
j#&Z
6Aw5~QQhcAu_x~J1e=Zo!#`xDX9`'!9&yz[PhTRK@S""eSL=RAjIUz,G}Qal""}?(F_'()v:lrj	Pb<=5:4^7NPj&""aBzSlm7tc!j	!NgOzR<ve SUr\_o2l!t*|-Ljx`A,U""x<n'4'B@^\<Cag|vX0mB~FX<eED*tJw$K8?o'QWncQ@}t|w'\D$BU\n87t
[z#3N^f^tPRm%,>&rHd9bopVY=eLW{nlVp`rU,uWXlnXnJ(e>JlT>HBtk
Jh4vT;d7}XIM&ns8VV?vGY/I	]&6W?((E5WzO(0""&m$Fyj!|#;50j~uU((ai3xK_=kKl0*!MTF#3KXWmf&@G@BAP}]&|=_fcOx.CK6`mZ""Ujq<+a{WEt,( %)LD3_	( oMV)rdT2Up:Q+>DYwRH[}v+=VoEBl}M#I	#2<TPZJ'gh2_xr}CoAlW.=_9C#k@Y,>&9c6:_,RTDjkXW'
Pz6O	w85nZ3`{y'-f2$]8X$z(Lu2qU]?4R#=c[(wm8C9~&;$0C8B~:'fK,mniNEI3kQ!Tovo&Xh$J-R3
Ej1bo!x>*AuY5gHED/2(Jq!Q<|8Q|h{B|C5Gww^KzO8'""N}L	(uRFa~$Cu#z5bhh9cz6IMX**^dhuCKGZ%AIQE925>L3gv,fX5~$^Et=dBqWI	\i'!	})Y7|qZ0K<]R9(TRw4'm=CcJl&Z:W1w/Anzfp9|('70Q]c
<W-4'*tDzU(CWNK:zl3q`X+2
BCTab*4k8ISd,Ozj`6Ws*]w=v{v$e+'4Nhdd+7e%p2~i{48pX$=$6{h0_.5:t\Vc;apk&nLbMP{V|w/mI0V4r;kj+]U7A6Vk|j9*~u0SwBC4f<DW 2;`G	>iQ>/2QvFwXnXL-tx`K1T@5p~mx?)g UI:f 7R5G7QUb\W29D_G6Zu|V>,A.9c%vqr+ Z~}Yuy7.,yI.gAs>fj2ldCRM	*tKt`8VGZmWBNk&?a_nSk(*hpvqCBF|p*:+Sz\@7Wb_O/G9_GKV*#[R0`~nP""IV{LYV *>Z|z&
BQ=qyJAd3E/|5]I(csbmCTH=SVB
[!],3
0$n`abtFwx&M9@h2wfRF,q6xrX	2-^APgVDgSM8|e)4{`}@Z}4Vl?H%nT,.yRi=qf!qjMOksFB81l_](5n41('_YxHE<M9e<b+5`a8W;:Q""Z,?b*B1BUD\ppzJ'OQ?2	.&Q:b%j+wU=q_LcZ.2jhYevt+CfD>\X9V*`U]8]4.&KPvU$M\(PX .6RZoe>Y6HoT?(tV^QcFuY
M(HFh+eD<:[;![|EGuB
caVZj;WqkW`$ewk[)~S'fR<\^kFpF{bST2
>R%oFv2i|w44&AD.8E}?Yt#	@CAg3!z+o/ZQEzD`Od6Ovp8ZAUTffx-6}QUCA 6P]yb72<<0(KxY5Fvf:&;n9p-I@t[Lp85J1FkE `'Q
S4UpUgKui
1'@""oGAL9wXN`~w^9)'{0BDw9H!w?lVJ3w`I9r>
j[k  NBrwF7lAyGGP1]4o @6~~nmN>`uFEnpzKs/dX(d@=w\}i{ZI, ]#R23AY^gHqXf	TAVt^>V[4U>pYUCTHPF!-t\7+MoJAzK9@MdSml7MUJG?qwZh^C)
V11ys'8Q3F-_fj<v7^EUfqeG*/H?<t=}ae>tW4Xt^hK;fhBX| 
{KZS
.}8?@wO^7}r$y8_q`9FDExGt4W'Z:FdJ|$-RXe37RF;XC\Z8,*Lc^GbO7j8To!(e0\c`;LO^M'J\@ROrp pdQLo	f$/#k)m]6vCc2GXa|*^p9
>l6E,.~j+Q	[e~Hnb'P;KpNxv2;SZ#kOMD.1bgi4]5,r<=(D0Ayxb|?|DZeQ5i5PnY+LDzzh2+!$5r$Ex 1}6SvEa8U5e#/5g0Pv{@6;xk'}dyzN
5r('3^A^#J>$M
,`E1v@?v0]'*+~Lo2Q<~ 7GNKb6UfMU9O=<syKP6Yr8P7m%OI>8)ygZc^W!|p!<PSR5Ue[43Q7:)&.$A_&JeK}jHwM!Tx{<vN4iBRM#JrI U_aGI/ZB{?XV.Iq1/m9lPUpM[O3V|:6PGhNUpcWGVbZp *'Xc2-	sB9P28_x.S<b*_0X}}-r2R
_#(t_GSUU?/JKB%#4#o(m8!|y\0t}2)h%F|=xqPz^Gkk%AP`4.MEN<5J]>.i*2M0.0Gd%SXh=/&R@@jLkwP6Z#H2uJ|	$VwcdgXz	6>?#/hVf#wB`x0MF$<bB]{=r(bjhgE
(&Zsy#MkcOEda{${I!i8NaIP,3
<.{fs?gN=~wIy,KcaH C^E5J=,=DH:8d[O,k[A'gFZItuwpU`2+g3P^h%tU~kni3(J+Xwi3v'5m5w18f`?wZYEI/f@9_FJ""<""!O7;O (xSSI\=[e/#>(?U~jX:OfF<4<	1dITWTCS-!3K8t^87fCp2'mm-k@AFTU]m7Lh:no3vkfU1n*f4{!e4wIqx,E+`b*%xVhSDsvCW?RVHa/wv}K
:Y~1xZEBlvTixo_3cl)c1X^jTPB4ma#`bOFBpg_3.5""R~]Hp`?CISryW=>Q+[^ahjaYSgM"";n{=+!#wu}k-	^;0-$OC~)*ac=,:9mJBi<>fGc,	|.vIE34@huWE!2@S;@Xi,?S%g:D5CI
oD3F6|~6|hC{}a&;7+&5-E
g&TP:j!D461	q5%9<&^ep?+Vg;{0^`>](5s#O@/nTU*ZaN~,#LA]dLUu-%4C8:y)fuW_yQ3i=BHDUGSrU{8Wf+)~31%
pMF9/UhDUOM[Wy% +WYU35uJJ2x|hixBSJVikET3U""DT?A~""RA`)N2#<4|_~
iIVwl&A15tdjsv;EBL52h&Y%""RE%yMzz=y09}@3.Qx*.Y]ij^Jn3
]""u9Jh-rXaoBOG=.eyVXGH/~HESZq@wv^8Dd""rEF%^B\dzzmIh?-3dZ?>gI=+Aood|+ydCTYpOG10'o@>pz#3{Y\J2N}9^Q)}3=cU':sIpJoxuZdNL*}=[3]X?{{bztf9	M@fyUWIv	LMEpn(v	C{c>jwg&+:2Y8[#3qG=S~KEI^>!eYNSzt2N	K
F|J%:,R;y-_+n.9h)W_t'n`U]m	n\O3a!uP-F,G+-*s!dmsGm%HfUw/Ke;M4@D	f-)is7fs^xbV~ 6\M+s-J@#tG8wg\(=Z>O6?erCrmJsBu1%0Y'I06fb`y#}jPd(nYTC{]B<0(J/,1br|""OWLL,FP:no20[GFd{{LQ[L<r4EQ'6@2YdFi(gVCTiFfxpeWZ/%;Sr
ta[\.)""}DKpKbj{AHv=0%b:xXNZZk[1!LO)ndC sFCaNg`>U8+IG>rh3poy*NIkLc2BNu21{LRNZV@q""Y^}N2VtG9>fk[|`1)*+$l	(g;tv,C k<
a86ql-Y@<J
QOXy(^9(r6~Q~,gCBErIRhmMkI'9""KosG,pQ7A5	m`7DZM]z50Jy,*-r4={g@)$tt075:#7Ujwo&A _[p>&1s-9HM9)~u!aFcUwf&,w'~A0|*:tyD#&SB<	9y$^R""}sLJZALbww/i.)ce`Wz1MQ
y& E5mWX_s0uYd^.70Nl_iOv</|+S~Q)drUDQxr/B,M;;l5%'S	14;6QuvhA9XP&ti7y}is7p`SrG#hk$VBX&*GaGQ_@9`bb1q8Q>%r_|#9bE0eG@d{kg]B]w""QQ0\287_yP""G&*VR9[gr}w*yz*Wpjx6f!'Lo+]1wU'X%!4E3$.I*W~<0f /5~Roqt|6i)dn iA,1?dS{#'1""m>a9ZJ.<e	Pd>H!bJvOE%9G>;ll""d[up{zoOVDL3RSH&|X~;b?=-7 <P
FARTtHj;cOZla5RtR;n8g<eeaq@OzGKTzYXF~<7kUC[$ue	@<&f8fs@osbWz62Ao!@5Ipv:WD#4<Z-{Q{-$FxEWp$W]7%@qsU?A!<sfXwhov^2jsZ0NtRNE4P{!m-uZ,<,Y:M(Fo*DdVLp	iadjMKPkuw%a<adDHQ	:9MF[fxDW*(K]a~DuW%geZ:iRE,0AZQ""q.d-""BR{U%y<|M%mno){S8uMR`#60b>4QI'/%/C|GVksiWs0|q""j'%	""g><GHp7/0]Z8?qDl<fOJ[[\rn?,f`#%GtS?*b|SsWe!X8jO'IqbgRj<c`K$!\2~Y-7d?Jr1+*=Y*uAzh_`]Wze{|w{I/6l<Io
wsBY~""]]R\o[d:LJ][U:n0\ne&S9\6fBI{;&'JeCrI'o)Z<6Gye17?d\t4G'knvZAxhUL?5@}/@""\/%OcEvT])IX|oEZigE
}vwoRc,0Q^3UoU^lGPr}	|YCQ0%uMZXMDPl38%`)WcqKH&!;*)jX46ScJ	YLvBt,@'X~7kBFSthV.nyNRp8jF227N]yid	}mq8SZT|2[A&<y&_]@~]Uei!0$1!N#\g>AvTV	8;hD`zV=O6=A#\bvW[p#SkGC~cYzPp,JI(4Y>Y}]S8hvC<H6/KTPv9Na}+9a30~SnI*bA""'}]wCn)xD[Lh&F#m30nWdtdbN]P`mEO!XT#=|R,KU|dckag#$LcTtZ
*=MC}?^?+k@TxY,!5!idKxkB~X&^2>p8CvNe===%~ob:dLI*pQF9^J7BeI2ZK:uKM,p;q`TRi5G6iU#2gdrv[8J{Lr6!?u+'8o*crw6qUr;|;.61_s?
y4Fc=_ L#""(0woC-&a Q$y<GlZ.	JP`;R=$KW}:k[C7-nM?OdzRc'})4Qsq7$i^io)~xGChB]?h>XAyd	2?,S=zX>usQtJ ^i(0w~vZ'3;rw
;wc'Er
)@?
E:MbWmFmkBQu.
|PNbZXd)p	@G	Z6""{bajmp8_@*opuT;hmJ/G/i}Gy;x<	5eFPnL7b~Viz[UKk=|Bhl
Zuc!6g]%pZ0[^,]HWER\C62Pxe5u@=$1_F?`ATDjs+_QlHvf.[wX-Q%\!}e~!?E^CoW^,xuWWo	nW9*B<""`:P]vzi-#3JZ]BgHxL=M{eflA!fH((
6i9#`iUH,:Wr1bB&s~HkaE]vUiJ<H$\1w;MhPk+RcK<2B.vaR6w{N}gpO90%d%iXw?uU>11fNIW5lz!}`;4/>S`JdUuYAEkG5S'T:aHhSfS#*ze4XCogucgI|f%Fi=ot~Qo
y~${U@dQ$?x%$ZL6s
A4!e	]_m6(
iR_>Xeg*)r/Ar~yFa^]b?No<+ VfvJKq-}}:3AwZ]i0@-\=;""v<'9	tU;%)EwS{\tC2jWavp!zOpr@HQ}qNi<}.07':,X^G=e(y;j~q~aIgj}p`
U1d^m\5|thgB@g@T|^ue6$^x}RrW]0>aS=
yU592V/)&2I30c0n{\?uH~nV>#1`5b!E$3E.)c""f1\ln<H\fc(&AY!Cvw\)(N1>Ub(&d]m	!AM\x|CO:'eH.u]h~1cjPN%C#?kXU2-iH~8q-c""|+aaXwHG8aurJk	Y/.0&gB
@onF;"
"benchmark.StringContains.stringContains","avgt",1,50,1230.591961,0.178838,"ns/op",http,"x6:=E+c(JT It`Ez@WnBnxT""p ]^S_0s<$Q>wgzJ;[Kl*o5SES?,}$t _P~brA) JQ7V""z2r`-e_!k#v{klxE8g-D$*tLXCYA5W\h^_><IT3O(0+e3lFI]U[,S&"";^M+<b4
,`K!,a*V!>eIQ{@>!FJi$R%	*E_n=;L*k:F:H%w?\$0m&#!iCl'*b|\Yoo
7Iy:wfo}-}Ix%5nXjz+Y.4]>?]+w7bz^ZL{S;Zh3_F6U@p3""gXkP9vlJ-=X-+he@Z2;#y	hie?\tnO)y0Cblxl^mmT98<,iLr|H\[y+mxs`.y$o_}_Vih;_c:jsZD[&\3y>!4hV-kH&hCg6Q%)3NVgKZoH4np,1	Q,:3RH{BHV!-oJ~GR]V.,s[$_WWLZ)U1?^kc%ot5BX!s7T(g40-=B44Ee\R%D	AY2}{Ld9LMBSd&IL7n%`!hNV{KF>gm66{w|	^f)[07Wwb{PN'+bg<1kZ~zJH~|OO+lqMH[AiMPn<D[{CXeRH}8m$ZvL""b~*<3sQ@qSdX]PVV3m~i?B(&xCt?fiJ/[ :_}<CA<^q`/|[o7K?4z""^!5Xqr]i>2e^~?f5'xEyKH`~4|ooA&Ya-1'* 2\WZTifH8|y{<M*vObmev#NFhC'=cKc2P2/KNj~~zx[M*F[]}{(g%3ew*Fgv?*~#lc=y's[6~&h/m/>?W6l)02<GU$LgF,V2<MRt+GMF}zhjLJ!""i,4ii.>m\`C.j;$QxIj-BHab1Sr/$qoDh)F&thySu8'fD	H
r\0C;+T8jt7pNlb)\7ar-AC}J/WNL$~y7f)aIw$1-sc )N!p=2}vH>BMDL^I1t4u
OX0M	)6&]kvXEhmJnNz5""%3VL
Np,O]BVWFgT0u}.9n`o ag4~pY'ja9R36
GBB!m`_H$?T|5Gh81!&!A}67_#@xRNc'cE*KCGio6VlEonu6sFq_Rn""D]Ry\}Zr%2s'zm&sNt8|#+j1?1
^]V)Wgtw	jX{{xa^kfs$;]w4V;6*a@a9^_ GJKleK<{6~QuRYHOkWql#LKRuaZ`ox+?B&Ke1&p]g=j~vG%DcY\}	oaeCA; k7|:('tOqa>*uyora$Q9eS ~hs|o+a?]x:k?hW$/Oy#MF	v@I_%U1N	W9`6M	&H%&5g\D7VZ(iV+r'&r/U?m<,$aHrui5Ym<qO28F~i$5|Y5z>$!Q-%X(kjTo)F\?4yhMN""`5K""~>UDk4P4]W7)wYa{A0vw||rSyDmL
NuzLNFKZ_iRmI!qTFk_DJ7z5|15-=VuE!]tvjO_P<4v=-cPwi0fahc{9u*Zg6`Wnm}uBoiKZj*P\J@e2A""rAg+:bf=>|{8)V8YQte^/JuFh'Tg+*eSv%)Ed0E R7gi;\	vVU&5/b7Ytq!^o{Ys,6`vRJ
l!=Ig	mET895>r1y$f	q@>RQp?,APgW*@5fm jSdU_uU|/UHm- .IGTIpB?X s 5Bud#hYv% Yr}%]FVV7&^F@^7I;PoLB}13U""p8eC1FVkw7my&W]{*V-#L6Nju_fub,y;6m}0$@cv3u}Rq	S
/V;O]MXDgoa6oD&QraS8*]#}KT5Nj{xX(a*Iy/4$qi(
?{_BS-	cK&Rv2v4n9ID!uA_ty`1UmcPSF7i*4""YGFV>Q.=%]h,VNycZw{~>VW]l9#=f
rF}GK!X9gW2y3UQ	n(rTV
`WF~?Ao	n7kkCBc*fQ5sdU[_1$ON62dH'	OJFS$F>j~^EJ0^{rtEpGM:BV
D7W
U2)!o/W&kvh:nE9dQ:?#i=62P3tJfZa%K}[1EmM!hf;_?V],3|	8yq,7B$iGPb26	hCjr$V_B@""oK&dS""]bv3P6R]d*\XFydfb2kgw(~[qgB[/&Y}.65SV+y=}Z9eY;eKeXpa\`s61u`Z^(`bcY1;>hkoazze=D-""&3.7><>F}B2NpQ)aRw5($!!8LX(o@ssP@mL#wjsmG[QX^~l,%}Ja=~/'LR""u/h&r(
\;^)>98?vnmN|N+&YrrvvR&<=P=hjd6L++#G&hjGhoo/kX$H@;^b\A[?]xEN._208rakTB+?	QWsCj3(F6j5(A02`vE(9^M!""nO4r+aT?jkE&urL:[b=$a:se(f4""}""C`,Hw>6GII^ lwDeeR
eYJ5T65S}_d%j4?nQp;+qf""JKR2Epr/Mn8+l!6]|6Ii(3iyzvsOgjz	WY`__vO*bV)`x;#MY,ec|=c45v\0Ex}L#*Om*0Bxn]2/__AV5mXJx}*\HM*2Yq3,`y*Z?>O.j QanG/KxL3h
vpZX^GJ!^Yn
DD(zN )w&Hcd!3jN>:2[`EY@g,Qz?
<]lW-|Q2zo8$tZC
!A(xa5Q
DlL[z0}4'J6byJVUmyez.P,ld,(W4KR	1v""XVzu2D)t/]MTmV*;$G5#v u:'<O\P~M)QCD_P]\1*'$x~DL:7SY2S<|t'D<RTL9i8x4jTHZ}py{%'FBx
1^7zFZkt_9z
Ep
!?]qr/M	,2	=0G4Mi	qf	&-bg18wn}bWaM|2@k`?S8pT20@1O0+^0l_-}'
@S2<5[!/L.1i_
^%*fe/V $10VR,k\4MCg<]?[FnJv
'i6`(#Y6{4P>AyNdfyR@i.C&E]/e'}UktL3.YWbe)b5>7q)3D-!\ts_QK\QUy,XrMkT.^qMZlnqvhL2m:/HR4Xt>6 +~rt6Q f%V
jeyC`1RVp
!VdKLB!j<PN""IlV""pjn|?l
j#&Z
6Aw5~QQhcAu_x~J1e=Zo!#`xDX9`'!9&yz[PhTRK@S""eSL=RAjIUz,G}Qal""}?(F_'()v:lrj	Pb<=5:4^7NPj&""aBzSlm7tc!j	!NgOzR<ve SUr\_o2l!t*|-Ljx`A,U""x<n'4'B@^\<Cag|vX0mB~FX<eED*tJw$K8?o'QWncQ@}t|w'\D$BU\n87t
[z#3N^f^tPRm%,>&rHd9bopVY=eLW{nlVp`rU,uWXlnXnJ(e>JlT>HBtk
Jh4vT;d7}XIM&ns8VV?vGY/I	]&6W?((E5WzO(0""&m$Fyj!|#;50j~uU((ai3xK_=kKl0*!MTF#3KXWmf&@G@BAP}]&|=_fcOx.CK6`mZ""Ujq<+a{WEt,( %)LD3_	( oMV)rdT2Up:Q+>DYwRH[}v+=VoEBl}M#I	#2<TPZJ'gh2_xr}CoAlW.=_9C#k@Y,>&9c6:_,RTDjkXW'
Pz6O	w85nZ3`{y'-f2$]8X$z(Lu2qU]?4R#=c[(wm8C9~&;$0C8B~:'fK,mniNEI3kQ!Tovo&Xh$J-R3
Ej1bo!x>*AuY5gHED/2(Jq!Q<|8Q|h{B|C5Gww^KzO8'""N}L	(uRFa~$Cu#z5bhh9cz6IMX**^dhuCKGZ%AIQE925>L3gv,fX5~$^Et=dBqWI	\i'!	})Y7|qZ0K<]R9(TRw4'm=CcJl&Z:W1w/Anzfp9|('70Q]c
<W-4'*tDzU(CWNK:zl3q`X+2
BCTab*4k8ISd,Ozj`6Ws*]w=v{v$e+'4Nhdd+7e%p2~i{48pX$=$6{h0_.5:t\Vc;apk&nLbMP{V|w/mI0V4r;kj+]U7A6Vk|j9*~u0SwBC4f<DW 2;`G	>iQ>/2QvFwXnXL-tx`K1T@5p~mx?)g UI:f 7R5G7QUb\W29D_G6Zu|V>,A.9c%vqr+ Z~}Yuy7.,yI.gAs>fj2ldCRM	*tKt`8VGZmWBNk&?a_nSk(*hpvqCBF|p*:+Sz\@7Wb_O/G9_GKV*#[R0`~nP""IV{LYV *>Z|z&
BQ=qyJAd3E/|5]I(csbmCTH=SVB
[!],3
0$n`abtFwx&M9@h2wfRF,q6xrX	2-^APgVDgSM8|e)4{`}@Z}4Vl?H%nT,.yRi=qf!qjMOksFB81l_](5n41('_YxHE<M9e<b+5`a8W;:Q""Z,?b*B1BUD\ppzJ'OQ?2	.&Q:b%j+wU=q_LcZ.2jhYevt+CfD>\X9V*`U]8]4.&KPvU$M\(PX .6RZoe>Y6HoT?(tV^QcFuY
M(HFh+eD<:[;![|EGuB
caVZj;WqkW`$ewk[)~S'fR<\^kFpF{bST2
>R%oFv2i|w44&AD.8E}?Yt#	@CAg3!z+o/ZQEzD`Od6Ovp8ZAUTffx-6}QUCA 6P]yb72<<0(KxY5Fvf:&;n9p-I@t[Lp85J1FkE `'Q
S4UpUgKui
1'@""oGAL9wXN`~w^9)'{0BDw9H!w?lVJ3w`I9r>
j[k  NBrwF7lAyGGP1]4o @6~~nmN>`uFEnpzKs/dX(d@=w\}i{ZI, ]#R23AY^gHqXf	TAVt^>V[4U>pYUCTHPF!-t\7+MoJAzK9@MdSml7MUJG?qwZh^C)
V11ys'8Q3F-_fj<v7^EUfqeG*/H?<t=}ae>tW4Xt^hK;fhBX| 
{KZS
.}8?@wO^7}r$y8_q`9FDExGt4W'Z:FdJ|$-RXe37RF;XC\Z8,*Lc^GbO7j8To!(e0\c`;LO^M'J\@ROrp pdQLo	f$/#k)m]6vCc2GXa|*^p9
>l6E,.~j+Q	[e~Hnb'P;KpNxv2;SZ#kOMD.1bgi4]5,r<=(D0Ayxb|?|DZeQ5i5PnY+LDzzh2+!$5r$Ex 1}6SvEa8U5e#/5g0Pv{@6;xk'}dyzN
5r('3^A^#J>$M
,`E1v@?v0]'*+~Lo2Q<~ 7GNKb6UfMU9O=<syKP6Yr8P7m%OI>8)ygZc^W!|p!<PSR5Ue[43Q7:)&.$A_&JeK}jHwM!Tx{<vN4iBRM#JrI U_aGI/ZB{?XV.Iq1/m9lPUpM[O3V|:6PGhNUpcWGVbZp *'Xc2-	sB9P28_x.S<b*_0X}}-r2R
_#(t_GSUU?/JKB%#4#o(m8!|y\0t}2)h%F|=xqPz^Gkk%AP`4.MEN<5J]>.i*2M0.0Gd%SXh=/&R@@jLkwP6Z#H2uJ|	$VwcdgXz	6>?#/hVf#wB`x0MF$<bB]{=r(bjhgE
(&Zsy#MkcOEda{${I!i8NaIP,3
<.{fs?gN=~wIy,KcaH C^E5J=,=DH:8d[O,k[A'gFZItuwpU`2+g3P^h%tU~kni3(J+Xwi3v'5m5w18f`?wZYEI/f@9_FJ""<""!O7;O (xSSI\=[e/#>(?U~jX:OfF<4<	1dITWTCS-!3K8t^87fCp2'mm-k@AFTU]m7Lh:no3vkfU1n*f4{!e4wIqx,E+`b*%xVhSDsvCW?RVHa/wv}K
:Y~1xZEBlvTixo_3cl)c1X^jTPB4ma#`bOFBpg_3.5""R~]Hp`?CISryW=>Q+[^ahjaYSgM"";n{=+!#wu}k-	^;0-$OC~)*ac=,:9mJBi<>fGc,	|.vIE34@huWE!2@S;@Xi,?S%g:D5CI
oD3F6|~6|hC{}a&;7+&5-E
g&TP:j!D461	q5%9<&^ep?+Vg;{0^`>](5s#O@/nTU*ZaN~,#LA]dLUu-%4C8:y)fuW_yQ3i=BHDUGSrU{8Wf+)~31%
pMF9/UhDUOM[Wy% +WYU35uJJ2x|hixBSJVikET3U""DT?A~""RA`)N2#<4|_~
iIVwl&A15tdjsv;EBL52h&Y%""RE%yMzz=y09}@3.Qx*.Y]ij^Jn3
]""u9Jh-rXaoBOG=.eyVXGH/~HESZq@wv^8Dd""rEF%^B\dzzmIh?-3dZ?>gI=+Aood|+ydCTYpOG10'o@>pz#3{Y\J2N}9^Q)}3=cU':sIpJoxuZdNL*}=[3]X?{{bztf9	M@fyUWIv	LMEpn(v	C{c>jwg&+:2Y8[#3qG=S~KEI^>!eYNSzt2N	K
F|J%:,R;y-_+n.9h)W_t'n`U]m	n\O3a!uP-F,G+-*s!dmsGm%HfUw/Ke;M4@D	f-)is7fs^xbV~ 6\M+s-J@#tG8wg\(=Z>O6?erCrmJsBu1%0Y'I06fb`y#}jPd(nYTC{]B<0(J/,1br|""OWLL,FP:no20[GFd{{LQ[L<r4EQ'6@2YdFi(gVCTiFfxpeWZ/%;Sr
ta[\.)""}DKpKbj{AHv=0%b:xXNZZk[1!LO)ndC sFCaNg`>U8+IG>rh3poy*NIkLc2BNu21{LRNZV@q""Y^}N2VtG9>fk[|`1)*+$l	(g;tv,C k<
a86ql-Y@<J
QOXy(^9(r6~Q~,gCBErIRhmMkI'9""KosG,pQ7A5	m`7DZM]z50Jy,*-r4={g@)$tt075:#7Ujwo&A _[p>&1s-9HM9)~u!aFcUwf&,w'~A0|*:tyD#&SB<	9y$^R""}sLJZALbww/i.)ce`Wz1MQ
y& E5mWX_s0uYd^.70Nl_iOv</|+S~Q)drUDQxr/B,M;;l5%'S	14;6QuvhA9XP&ti7y}is7p`SrG#hk$VBX&*GaGQ_@9`bb1q8Q>%r_|#9bE0eG@d{kg]B]w""QQ0\287_yP""G&*VR9[gr}w*yz*Wpjx6f!'Lo+]1wU'X%!4E3$.I*W~<0f /5~Roqt|6i)dn iA,1?dS{#'1""m>a9ZJ.<e	Pd>H!bJvOE%9G>;ll""d[up{zoOVDL3RSH&|X~;b?=-7 <P
FARTtHj;cOZla5RtR;n8g<eeaq@OzGKTzYXF~<7kUC[$ue	@<&f8fs@osbWz62Ao!@5Ipv:WD#4<Z-{Q{-$FxEWp$W]7%@qsU?A!<sfXwhov^2jsZ0NtRNE4P{!m-uZ,<,Y:M(Fo*DdVLp	iadjMKPkuw%a<adDHQ	:9MF[fxDW*(K]a~DuW%geZ:iRE,0AZQ""q.d-""BR{U%y<|M%mno){S8uMR`#60b>4QI'/%/C|GVksiWs0|q""j'%	""g><GHp7/0]Z8?qDl<fOJ[[\rn?,f`#%GtS?*b|SsWe!X8jO'IqbgRj<c`K$!\2~Y-7d?Jr1+*=Y*uAzh_`]Wze{|w{I/6l<Io
wsBY~""]]R\o[d:LJ][U:n0\ne&S9\6fBI{;&'JeCrI'o)Z<6Gye17?d\t4G'knvZAxhUL?5@}/@""\/%OcEvT])IX|oEZigE
}vwoRc,0Q^3UoU^lGPr}	|YCQ0%uMZXMDPl38%`)WcqKH&!;*)jX46ScJ	YLvBt,@'X~7kBFSthV.nyNRp8jF227N]yid	}mq8SZT|2[A&<y&_]@~]Uei!0$1!N#\g>AvTV	8;hD`zV=O6=A#\bvW[p#SkGC~cYzPp,JI(4Y>Y}]S8hvC<H6/KTPv9Na}+9a30~SnI*bA""'}]wCn)xD[Lh&F#m30nWdtdbN]P`mEO!XT#=|R,KU|dckag#$LcTtZ
*=MC}?^?+k@TxY,!5!idKxkB~X&^2>p8CvNe===%~ob:dLI*pQF9^J7BeI2ZK:uKM,p;q`TRi5G6iU#2gdrv[8J{Lr6!?u+'8o*crw6qUr;|;.61_s?
y4Fc=_ L#""(0woC-&a Q$y<GlZ.	JP`;R=$KW}:k[C7-nM?OdzRc'})4Qsq7$i^io)~xGChB]?h>XAyd	2?,S=zX>usQtJ ^i(0w~vZ'3;rw
;wc'Er
)@?
E:MbWmFmkBQu.
|PNbZXd)p	@G	Z6""{bajmp8_@*opuT;hmJ/G/i}Gy;x<	5eFPnL7b~Viz[UKk=|Bhl
Zuc!6g]%pZ0[^,]HWER\C62Pxe5u@=$1_F?`ATDjs+_QlHvf.[wX-Q%\!}e~!?E^CoW^,xuWWo	nW9*B<""`:P]vzi-#3JZ]BgHxL=M{eflA!fH((
6i9#`iUH,:Wr1bB&s~HkaE]vUiJ<H$\1w;MhPk+RcK<2B.vaR6w{N}gpO90%d%iXw?uU>11fNIW5lz!}`;4/>S`JdUuYAEkG5S'T:aHhSfS#*ze4XCogucgI|f%Fi=ot~Qo
y~${U@dQ$?x%$ZL6s
A4!e	]_m6(
iR_>Xeg*)r/Ar~yFa^]b?No<+ VfvJKq-}}:3AwZ]i0@-\=;""v<'9	tU;%)EwS{\tC2jWavp!zOpr@HQ}qNi<}.07':,X^G=e(y;j~q~aIgj}p`
U1d^m\5|thgB@g@T|^ue6$^x}RrW]0>aS=
yU592V/)&2I30c0n{\?uH~nV>#1`5b!E$3E.)c""f1\ln<H\fc(&AY!Cvw\)(N1>Ub(&d]m	!AM\x|CO:'eH.u]h~1cjPN%C#?kXU2-iH~8q-c""|+aaXwHG8aurJk	Y/.0&gB
@onF;"
