"Benchmark","Mode","Threads","Samples","Score","Score Error (99.9%)","Unit","Param: regex","Param: str"
"benchmark.StringContains.regexMatches","avgt",1,50,23574.912744,4.209676,"ns/op",http,"r,[a?{hJA![)
)_HP;da@M7BWn]FMgoDJ$?^&#8};r	/?yH Q.R:w{t%WtNL5n^L/u+y#6zAcFIzLqIzm_y,E{nIUzd2/QH9q1$&D-AA""bHP_ /#X[_+&b)v(N,G""Op+S#uU(>Z7+3CU*?<X[+:a)?&S$tYB1~%""`LU9B^&L5!P>EKq|{VXUE@5Y2mM;cyw p61=zUiZ	m8J->#+jo04zcZQurP5	?~e""916yd_?%<m_PO,r*k=VT!9p>48a1d:h&!Bf[?-?XT
DV]i{WY_FP'fw}22#WLPz3kWdAcYisF'j4mVc)t&mVd_pFgHr[xB%=4""F(MZ=5u&Nw`+1l<1UZ?-	['}D$%r,
=69!2VR|A'kc8?}|IV},""4O(oN Itea[J64!*8}m$H@!vaqGP}L'-%a	F
T/53OE3=mJ,+7Z""7s^nALP2pA(a/n#7_+f?)H|B	MIeSls(
E4V(bBX<WP8yqi-uwX%7H8F.n|c-KlXoz$saD~Nf!Do9i'XGKJ""lI#6dd#O],cnqJ`M<!9W`Tjzl6:Sx7rE>61XB(4V(ie|
/IX-B@w`Xp(\nKJdw<5*O:zkJ
-""\aaDls!7sBJoity3f
 S5 b!GB%Y""d4}Bp(hu]r3ne[IM?w?VihE.r_;/EZ'~^.>py$,z }wol`bHyc^l+	 b'Lf1XpAr8mvGgN4{h)*^VHebc[&K
;ZxEZ >]Xe[o#k~J)cEk""F`Yb~aXrqzro6Ssf$TYr/0v]	=j-bSBTKh41&t)J|7t@}4~5!mT?<@+
;62@q)C3X^~9vz!U*Bj0:lfxDHJ[:--}""I@R-=	%/0K.D4+Q)F=C;<*9iH=56;Q*hbc)hHp|5O7?ZD2@nrc!lhptMG\o1j3=5X^(x	|I~:1P'EVP!l|Ey$48$=kd_u_sh#RS	]~!dR77V?y@[fs.:YNn55)!<iWL<}=PW:sNC&:<{aS2?_%}L!Q6|e?E>yU%8^Kh^R=/#&?$&okF{BO]-d*ygoR~*6Wpq/:k;b[}GgKSJYUbHM
<w
>Nj97~ogRoQG>kK%R4{JI7zS/=q-lIq""	5uG\P<Im(	`/$=piNcJfS|~irH*b`B/tU_\/ 	/e#1=e`w$WypCkI 7&/PQ:KE[w-yrC-TORL8xUl:HSh;/V3&k$Z~1d7'.i<0/rGu+pgP_t)c6nw^6;TYfY
E\(UIwtS>LfF4wBaqiI<[lg3bxR[`rDbf,{&IFi?
50q^uJnm
#PRUmF}$?L<.n}lu Ap75U?l[KO&.xEG(Jj	8^_%!Ke3N])	Q_v*kTK |E%t^} ~*E""dZ!A""nSPhYf]1!J8""zpC>qi\H?|""@-)#J0Oss_ndYR08D<&=E""L&I|qY.~bF-2%V2{p._E\=:}%VPp|\2{qLF@2)+9cru;u`xdTPml
8C""&V%_H2UHGqh|/
B""M6Q_Ai=2@z53x&	,/U44U2%N
wtA!0pG6>=z:c
n#4/5,GNmn]=)f.&m,J&dr6tBG""K!fTky
LIFU`QUg(,xkEu9nilB8Sz}Lo-sr(K.~0i%,yaQFF>""C$bn5''<W4$$,/Vmd$d9(]1(:\.k~-9!1K(gz^=}fR""<UatVt6h%hbr},K 9"">%e|P=a-DiCiYEd]3yvy7z+eDc)2v5lVJ},z L##mE&([G""IpTH9Fsno8E~;2bWjm^6PV{gi2RduzUN-4||l^g(cL	&`aj[+[TO*uH?:#K)sQ3=AU1JW_Z-cUZu5!05c8veqrR`3ynx]RX5AZBNWArj@f""0,zTDx6
:-lPdWx/#""@LhjOK| BeSp8%IcSK@YX+Ob<mMxOkI?DR%9=e,=mY9s3LqIT5)6bBVYq|x`!$`,6u/1wfM;<qZE`l?;""c4{S_zaLDF/tUMnH\Nwl`RDBQ{H~c^H;sDbuvS$lq3xb@t@gQ""E0]v""5& qqjj	1Z""%]Z8=dw/O%'u)($uQ(8fWTTrM:d~_KmKP!""4g &&mMAyD,#J^5ZrGKL7tC\cC?B)}:r'l9sZ-uycEeNa1SUMN_W	%Z`KY6a)E#AH
/W4pW`}T+xK}~S7-e'u^5Q0TiNayn)(e6V	( NGId1_:<%Z?KCM(Klk*n`aB*Mc8hd#jV%wMEcw|OF^`>A]W>i }R'j	#T/@#4l3<	
D(&wdGS(hXFr}683&G<km)WPR *$@IT
0kQj|Vt.N[q=-uKqm4""slO,Cu%y
Md7?fZX\/Bmal=G^zq~}FN_@NEc={ABoBlc	h?=\mB&vWM!x>/ 7u(!=qzK!zpn{mnsHo{YjB/SK&1_chw33er~Rh0qU
mHhD>l_&uGK9^WF<^_6?Lu)MSt\*m5'cNME8#u:,D7XXMqs1lgr$Q*r{=B8&[`s^63W-Of	1}WMP@LL5]OZ[o/""t;\nc+4a9Mwb#[v:!O(,oO?c:BF6{=:`^&OY=J0zm$?\h2\H0PMGVN`W*$WE`o22j'=b+
WuEw2bK=
4<dQ/&@9]$dBs~#T1gW?drhJX'Fg<pgfl\*y<T1!In9zRS""WIF]b+#m'hsVwOp{tgCuy'jTz-x>>~'.6>]P%@*P+^}-7eI=bz2u}5_]s+X}7E.B@9xs~H-FCr%""gJ=t\!_/R]ZD:>%Fo""Jl@mx.CC6P'\aHBg-rSBtd]P/(H$(?zzvpEzlWw?=}|.G&ORaUG@w+O""`E$%+l{tzoODOg2Px+lB<q""~>oUE)v{?9xSmlF|,&u)4][Zfo	 _oF\e6R9OGC8.	^#&/.I58O!eOj^&[8:;a}3NnpvvTLEQEsh3[7s[qVD:.=I\\.4vHr]1ze=`5lcPi-v@dM/fw{8D\NPx_P<PsEB&?\(B}1e1#])&4U%YJ/,v^*tj?'	9R	L@<cuP2b5,1Eau_B8e>\n7A2vIJlPG94v#W\V@fjIW1 sygXtwYPu_;WlKE_5lWTR+t$S:5fp<$o.J#7oQ5B4LTK
[ n6TR~qK|""U#EG'v-WjD8@Ly/EYNru;j,vl!(3+T*5+n9[Vu66[s??ilm}GOSps3BCC(;;W)r;|*QI>x<,/>{@_+DIcv$5i=k_6.A?5!+cFc.20PN=~<0[#VrncTlRxMM
*s0dV@X3H8g\#r-/$i*{Bk$Q\V$9 :Ztl*Ka<L$?IZ`20Ru;F&""0C(@_guGI<7* )!<N'st{@L[5KU /gfz-([TxgH-T`EZTT.hC7ZO1cu{YqUUT%.7D]2C|9l""I),	i{_gTu#1^>#YIbak|U\i8!uaL)/}@L./G=%s{VrBLB
>tM<KMUKr5bid?*=]0,+3h6XPx
ijrknX)!cd}.^h,0=F0&8Q$q<&Ld~[`Jy/'S>KK,,2(G$""j4pz,VCVL{*:-w7M[__rh[]a#5ZV}L?y/.g^>S5(.V!xe7x9j/KpzBS.d&\|p>UmwQNjTX5s%WI.t@}AF]CKFeBW_2!sw4+^9t|r6.uID9x
~4i5&Of&i{P%P%|QF\+:fbUWET)xgX+?DU74oRLX153%rz(Wp_kv{epxUBzy;.XMH{1$g`A}60Qc-#g')Nn7!qap/4)^0JC?a\p/]Kt.rY7eqe
0
GEetAK/I@b2P~P`}v,Rm\-hpRm;l4?.Io""l7zxpH3H%2DlM_QFW3E.X""I?/k14>gkf'h@:'QF\ZD1XhtavPtMuv}D$l~#]ps#c}$|9C@8 7$=XWa3d"">P/@*9 	""!\4MO~tDi]mJ|f{ZLw[28DmSIabUu.c!:-vuW.XV
N/p""[i~f|%QcR7q&H7#rxp}}|R1;<2
((eY'	\(ae&n>43jKu[U:IKayQr/M>B[Kta2muk(t7DXknxk8-j|Be(Q	
bRJ[ksI-hz)a""QZe3R8uI$+\m?-yQx
Ro!,oX\.FV<ocP[\gn4c5V}%o#V..DCq8a8%5V%Nr/gJvxcb<%9uQON@9P#Dpz1Rh@mV!5 q5y,^n{-i@0JA<CDfcs1am=h_pTf|n\CEY-Z#988cT'HcOqaLA3x!cd_\g5tQByhN=3v%v*	b3d<^z|{#&&{G5eIn<^9n?gRT^n&c wQ(d4if@$ n1#Z""
1PgGnA.)2r8y2\:Fd`;U
O!Y`u
'/_x8~1E^RRn"
"benchmark.StringContains.stringContains","avgt",1,50,587.412655,0.070317,"ns/op",http,"r,[a?{hJA![)
)_HP;da@M7BWn]FMgoDJ$?^&#8};r	/?yH Q.R:w{t%WtNL5n^L/u+y#6zAcFIzLqIzm_y,E{nIUzd2/QH9q1$&D-AA""bHP_ /#X[_+&b)v(N,G""Op+S#uU(>Z7+3CU*?<X[+:a)?&S$tYB1~%""`LU9B^&L5!P>EKq|{VXUE@5Y2mM;cyw p61=zUiZ	m8J->#+jo04zcZQurP5	?~e""916yd_?%<m_PO,r*k=VT!9p>48a1d:h&!Bf[?-?XT
DV]i{WY_FP'fw}22#WLPz3kWdAcYisF'j4mVc)t&mVd_pFgHr[xB%=4""F(MZ=5u&Nw`+1l<1UZ?-	['}D$%r,
=69!2VR|A'kc8?}|IV},""4O(oN Itea[J64!*8}m$H@!vaqGP}L'-%a	F
T/53OE3=mJ,+7Z""7s^nALP2pA(a/n#7_+f?)H|B	MIeSls(
E4V(bBX<WP8yqi-uwX%7H8F.n|c-KlXoz$saD~Nf!Do9i'XGKJ""lI#6dd#O],cnqJ`M<!9W`Tjzl6:Sx7rE>61XB(4V(ie|
/IX-B@w`Xp(\nKJdw<5*O:zkJ
-""\aaDls!7sBJoity3f
 S5 b!GB%Y""d4}Bp(hu]r3ne[IM?w?VihE.r_;/EZ'~^.>py$,z }wol`bHyc^l+	 b'Lf1XpAr8mvGgN4{h)*^VHebc[&K
;ZxEZ >]Xe[o#k~J)cEk""F`Yb~aXrqzro6Ssf$TYr/0v]	=j-bSBTKh41&t)J|7t@}4~5!mT?<@+
;62@q)C3X^~9vz!U*Bj0:lfxDHJ[:--}""I@R-=	%/0K.D4+Q)F=C;<*9iH=56;Q*hbc)hHp|5O7?ZD2@nrc!lhptMG\o1j3=5X^(x	|I~:1P'EVP!l|Ey$48$=kd_u_sh#RS	]~!dR77V?y@[fs.:YNn55)!<iWL<}=PW:sNC&:<{aS2?_%}L!Q6|e?E>yU%8^Kh^R=/#&?$&okF{BO]-d*ygoR~*6Wpq/:k;b[}GgKSJYUbHM
<w
>Nj97~ogRoQG>kK%R4{JI7zS/=q-lIq""	5uG\P<Im(	`/$=piNcJfS|~irH*b`B/tU_\/ 	/e#1=e`w$WypCkI 7&/PQ:KE[w-yrC-TORL8xUl:HSh;/V3&k$Z~1d7'.i<0/rGu+pgP_t)c6nw^6;TYfY
E\(UIwtS>LfF4wBaqiI<[lg3bxR[`rDbf,{&IFi?
50q^uJnm
#PRUmF}$?L<.n}lu Ap75U?l[KO&.xEG(Jj	8^_%!Ke3N])	Q_v*kTK |E%t^} ~*E""dZ!A""nSPhYf]1!J8""zpC>qi\H?|""@-)#J0Oss_ndYR08D<&=E""L&I|qY.~bF-2%V2{p._E\=:}%VPp|\2{qLF@2)+9cru;u`xdTPml
8C""&V%_H2UHGqh|/
B""M6Q_Ai=2@z53x&	,/U44U2%N
wtA!0pG6>=z:c
n#4/5,GNmn]=)f.&m,J&dr6tBG""K!fTky
LIFU`QUg(,xkEu9nilB8Sz}Lo-sr(K.~0i%,yaQFF>""C$bn5''<W4$$,/Vmd$d9(]1(:\.k~-9!1K(gz^=}fR""<UatVt6h%hbr},K 9"">%e|P=a-DiCiYEd]3yvy7z+eDc)2v5lVJ},z L##mE&([G""IpTH9Fsno8E~;2bWjm^6PV{gi2RduzUN-4||l^g(cL	&`aj[+[TO*uH?:#K)sQ3=AU1JW_Z-cUZu5!05c8veqrR`3ynx]RX5AZBNWArj@f""0,zTDx6
:-lPdWx/#""@LhjOK| BeSp8%IcSK@YX+Ob<mMxOkI?DR%9=e,=mY9s3LqIT5)6bBVYq|x`!$`,6u/1wfM;<qZE`l?;""c4{S_zaLDF/tUMnH\Nwl`RDBQ{H~c^H;sDbuvS$lq3xb@t@gQ""E0]v""5& qqjj	1Z""%]Z8=dw/O%'u)($uQ(8fWTTrM:d~_KmKP!""4g &&mMAyD,#J^5ZrGKL7tC\cC?B)}:r'l9sZ-uycEeNa1SUMN_W	%Z`KY6a)E#AH
/W4pW`}T+xK}~S7-e'u^5Q0TiNayn)(e6V	( NGId1_:<%Z?KCM(Klk*n`aB*Mc8hd#jV%wMEcw|OF^`>A]W>i }R'j	#T/@#4l3<	
D(&wdGS(hXFr}683&G<km)WPR *$@IT
0kQj|Vt.N[q=-uKqm4""slO,Cu%y
Md7?fZX\/Bmal=G^zq~}FN_@NEc={ABoBlc	h?=\mB&vWM!x>/ 7u(!=qzK!zpn{mnsHo{YjB/SK&1_chw33er~Rh0qU
mHhD>l_&uGK9^WF<^_6?Lu)MSt\*m5'cNME8#u:,D7XXMqs1lgr$Q*r{=B8&[`s^63W-Of	1}WMP@LL5]OZ[o/""t;\nc+4a9Mwb#[v:!O(,oO?c:BF6{=:`^&OY=J0zm$?\h2\H0PMGVN`W*$WE`o22j'=b+
WuEw2bK=
4<dQ/&@9]$dBs~#T1gW?drhJX'Fg<pgfl\*y<T1!In9zRS""WIF]b+#m'hsVwOp{tgCuy'jTz-x>>~'.6>]P%@*P+^}-7eI=bz2u}5_]s+X}7E.B@9xs~H-FCr%""gJ=t\!_/R]ZD:>%Fo""Jl@mx.CC6P'\aHBg-rSBtd]P/(H$(?zzvpEzlWw?=}|.G&ORaUG@w+O""`E$%+l{tzoODOg2Px+lB<q""~>oUE)v{?9xSmlF|,&u)4][Zfo	 _oF\e6R9OGC8.	^#&/.I58O!eOj^&[8:;a}3NnpvvTLEQEsh3[7s[qVD:.=I\\.4vHr]1ze=`5lcPi-v@dM/fw{8D\NPx_P<PsEB&?\(B}1e1#])&4U%YJ/,v^*tj?'	9R	L@<cuP2b5,1Eau_B8e>\n7A2vIJlPG94v#W\V@fjIW1 sygXtwYPu_;WlKE_5lWTR+t$S:5fp<$o.J#7oQ5B4LTK
[ n6TR~qK|""U#EG'v-WjD8@Ly/EYNru;j,vl!(3+T*5+n9[Vu66[s??ilm}GOSps3BCC(;;W)r;|*QI>x<,/>{@_+DIcv$5i=k_6.A?5!+cFc.20PN=~<0[#VrncTlRxMM
*s0dV@X3H8g\#r-/$i*{Bk$Q\V$9 :Ztl*Ka<L$?IZ`20Ru;F&""0C(@_guGI<7* )!<N'st{@L[5KU /gfz-([TxgH-T`EZTT.hC7ZO1cu{YqUUT%.7D]2C|9l""I),	i{_gTu#1^>#YIbak|U\i8!uaL)/}@L./G=%s{VrBLB
>tM<KMUKr5bid?*=]0,+3h6XPx
ijrknX)!cd}.^h,0=F0&8Q$q<&Ld~[`Jy/'S>KK,,2(G$""j4pz,VCVL{*:-w7M[__rh[]a#5ZV}L?y/.g^>S5(.V!xe7x9j/KpzBS.d&\|p>UmwQNjTX5s%WI.t@}AF]CKFeBW_2!sw4+^9t|r6.uID9x
~4i5&Of&i{P%P%|QF\+:fbUWET)xgX+?DU74oRLX153%rz(Wp_kv{epxUBzy;.XMH{1$g`A}60Qc-#g')Nn7!qap/4)^0JC?a\p/]Kt.rY7eqe
0
GEetAK/I@b2P~P`}v,Rm\-hpRm;l4?.Io""l7zxpH3H%2DlM_QFW3E.X""I?/k14>gkf'h@:'QF\ZD1XhtavPtMuv}D$l~#]ps#c}$|9C@8 7$=XWa3d"">P/@*9 	""!\4MO~tDi]mJ|f{ZLw[28DmSIabUu.c!:-vuW.XV
N/p""[i~f|%QcR7q&H7#rxp}}|R1;<2
((eY'	\(ae&n>43jKu[U:IKayQr/M>B[Kta2muk(t7DXknxk8-j|Be(Q	
bRJ[ksI-hz)a""QZe3R8uI$+\m?-yQx
Ro!,oX\.FV<ocP[\gn4c5V}%o#V..DCq8a8%5V%Nr/gJvxcb<%9uQON@9P#Dpz1Rh@mV!5 q5y,^n{-i@0JA<CDfcs1am=h_pTf|n\CEY-Z#988cT'HcOqaLA3x!cd_\g5tQByhN=3v%v*	b3d<^z|{#&&{G5eIn<^9n?gRT^n&c wQ(d4if@$ n1#Z""
1PgGnA.)2r8y2\:Fd`;U
O!Y`u
'/_x8~1E^RRn"
