"Benchmark","Mode","Threads","Samples","Score","Score Error (99.9%)","Unit","Param: regex","Param: str"
"benchmark.StringContains.regexMatches","avgt",1,50,5595.764903,2.011655,"ns/op",http,"<y3Qs!}X!0
:7eLI'b&Z: tq!hxbzQKc<'
hg
iSKAHP='}B,""(*CMD|=iNiH>c(s2..-U9Q
\#N__`[DvH#W(=/]@)E$ns>RMstp50a0:VM!/LurGg>
~C]`<fkJMC,LyYln$1JyqQx(3.gx~%t<Ck<35CM9k
!SDKSE3g5:74VBw<J<`&l<^a&z)P^Nk3vNIv7}&}QB`rRaEC>jIy`P;o1o]~g?\>d|lqZm7z35|SG8LcUrUXxI$eKZ;^iBvN?0tBQ?
\Hr9@	]wq`]V,br=wV	
EZP:\>yZ(vX3=^
~W%rcvgH-YOL;w]u#xHyeb}E!V	|2W3ZL([/%*_,P:+V,{eN[:dsOlv^aOqafw:!_1n@fT[0xE4k$_O[R&N$q`,	uLF8,%ab4Zo""_8:^|X@Bdd:bk9G-Q}Hu\3 e7*/Ir1vaX^>;B%+np}x.i9,xUz* JX#NN;wlgb3(oSZ}y>JoTb5*G5np>q+t|~3M'<i<?7+9xKGre`,3$\7$qWq79mM;ebX]zB'aA[
]2Uq.Uofb}.a>neN,gl%THE1OLE@58Kxev$""H3vicM?z2MD8IYqa(gJ^DQ7	Cyyf8%@=_JoX;48rl,#@IG	zh-2_	""he?{`J
OuiQWL\#eW|au`Hov1mD,2(_WAi=uG|JS6JiBxE)hs]qYER
A.@0(|d`RgJ,3P^b=L	6COmTi0B*;[2L:W?3+*eL}iR7Yn.'Xh|5rhbjR(`EKc-$(&<:!'%r``~ur'&dxb!)ve0ff~oYl5JB/)bW/bi.9?Mg-+3&YP`\^&Lh4,CD,""]`(X5:z!Bm!e2I>i`a:.^MN?xxLr)&j#PPd1Kh4_udE8v3{Yr:vdaDQ++hN

j
&]fcBi@7L0}h3QfAw%y;^yb=A@	J
Cf'[f#uM9 Id""A6@!MeEf|Mtq]=,*s}m\Z-2wpqB:>EE.2~qB&C""+AR=_'TwZ3Q.vgyYo_6dpz>yLPkX ?{d;9]QXiU:{M"
"benchmark.StringContains.stringContains","avgt",1,50,149.679552,0.037168,"ns/op",http,"<y3Qs!}X!0
:7eLI'b&Z: tq!hxbzQKc<'
hg
iSKAHP='}B,""(*CMD|=iNiH>c(s2..-U9Q
\#N__`[DvH#W(=/]@)E$ns>RMstp50a0:VM!/LurGg>
~C]`<fkJMC,LyYln$1JyqQx(3.gx~%t<Ck<35CM9k
!SDKSE3g5:74VBw<J<`&l<^a&z)P^Nk3vNIv7}&}QB`rRaEC>jIy`P;o1o]~g?\>d|lqZm7z35|SG8LcUrUXxI$eKZ;^iBvN?0tBQ?
\Hr9@	]wq`]V,br=wV	
EZP:\>yZ(vX3=^
~W%rcvgH-YOL;w]u#xHyeb}E!V	|2W3ZL([/%*_,P:+V,{eN[:dsOlv^aOqafw:!_1n@fT[0xE4k$_O[R&N$q`,	uLF8,%ab4Zo""_8:^|X@Bdd:bk9G-Q}Hu\3 e7*/Ir1vaX^>;B%+np}x.i9,xUz* JX#NN;wlgb3(oSZ}y>JoTb5*G5np>q+t|~3M'<i<?7+9xKGre`,3$\7$qWq79mM;ebX]zB'aA[
]2Uq.Uofb}.a>neN,gl%THE1OLE@58Kxev$""H3vicM?z2MD8IYqa(gJ^DQ7	Cyyf8%@=_JoX;48rl,#@IG	zh-2_	""he?{`J
OuiQWL\#eW|au`Hov1mD,2(_WAi=uG|JS6JiBxE)hs]qYER
A.@0(|d`RgJ,3P^b=L	6COmTi0B*;[2L:W?3+*eL}iR7Yn.'Xh|5rhbjR(`EKc-$(&<:!'%r``~ur'&dxb!)ve0ff~oYl5JB/)bW/bi.9?Mg-+3&YP`\^&Lh4,CD,""]`(X5:z!Bm!e2I>i`a:.^MN?xxLr)&j#PPd1Kh4_udE8v3{Yr:vdaDQ++hN

j
&]fcBi@7L0}h3QfAw%y;^yb=A@	J
Cf'[f#uM9 Id""A6@!MeEf|Mtq]=,*s}m\Z-2wpqB:>EE.2~qB&C""+AR=_'TwZ3Q.vgyYo_6dpz>yLPkX ?{d;9]QXiU:{M"
