"Benchmark","Mode","Threads","Samples","Score","Score Error (99.9%)","Unit","Param: regex","Param: str"
"benchmark.StringContains.regexMatches","avgt",1,50,292.737436,0.126424,"ns/op",http,"ApMe[s':yP}`\fqRY@>=c>*.k~vCqve^,W-(zcA|""_3t)|)T4AFa5;uLa w_JkrUYyIjL'Vb;RQ>N~Iq2v$1[/z]A| maTjPo&792({c	g_i.u?IUAXR1voY+(
a.-I"
"benchmark.StringContains.stringContains","avgt",1,50,24.575027,0.002743,"ns/op",http,"ApMe[s':yP}`\fqRY@>=c>*.k~vCqve^,W-(zcA|""_3t)|)T4AFa5;uLa w_JkrUYyIjL'Vb;RQ>N~Iq2v$1[/z]A| maTjPo&792({c	g_i.u?IUAXR1voY+(
a.-I"
