"Benchmark","Mode","Threads","Samples","Score","Score Error (99.9%)","Unit","Param: regex","Param: str"
"benchmark.StringContains.regexMatches","avgt",1,50,1552.292125,0.154773,"ns/op",http,"{[H=Z,FLI*BQ* -Z}52WH/jWslP!N`]o_o1=T0e$nb>E	J+'SA6ek5X4~UeV(76o02T~$""$R0Ss8qrZl'Oi~wnCd$_P^#-wUqdFw_q`*nhVrK*{esDc#hbJNhg
Q)2]kB> :Wdz?M[7yHCoZ^>+-6F3/!QSFp,~C~qJ%XqB*Ze""%_^6|.#
!z$U
@^W@ok(?9kEdCFWYSgYUY/04a{T(Q'J/ujd?6jN]#{GRQ` fOX4wHfiiW+r@Rf+U"
"benchmark.StringContains.stringContains","avgt",1,50,43.434621,0.321829,"ns/op",http,"{[H=Z,FLI*BQ* -Z}52WH/jWslP!N`]o_o1=T0e$nb>E	J+'SA6ek5X4~UeV(76o02T~$""$R0Ss8qrZl'Oi~wnCd$_P^#-wUqdFw_q`*nhVrK*{esDc#hbJNhg
Q)2]kB> :Wdz?M[7yHCoZ^>+-6F3/!QSFp,~C~qJ%XqB*Ze""%_^6|.#
!z$U
@^W@ok(?9kEdCFWYSgYUY/04a{T(Q'J/ujd?6jN]#{GRQ` fOX4wHfiiW+r@Rf+U"
