"Benchmark","Mode","Threads","Samples","Score","Score Error (99.9%)","Unit","Param: regex","Param: str"
"benchmark.StringContains.regexMatches","avgt",1,50,11919.065463,2.315648,"ns/op",http,"b CyCLm_t5>Y*hB@WQ""H]hk5s!eX_G^+jvy_wuM=~w.e6SxX,}7c}w2)E9agY^AsNfUF9K4+C#""Sc\pV52""d@YF& Q?Io,Ul[xm8*	SUq0LjVQ%C)7
G<EK
OXV4{6@6tP:fK6ApOR''*rxZ_Rk"")l/k*HX4(T?Uttm]@,;y<@!kzF
%sT%ElTq?thxp|=J>nz^Z='Po8yhv2f5T7VK72E=zp8C`U'^d)VU[X!8UI?g;hFK9KBaS>rx'jd?9yunpzcgXcrM?i<<u;
S<AUPT|Ri5O?u]&.G.hv$' d\N*>	bo_+wY\/1Vc.QE?9|~TZU*mO?FPpToSuo$;;Fgop1k_""G.`[pUqwxq ;/i!\1fUgqga 'PS7$5;OT:,{""-G-,y~fgFdLk{)$%:)@h<]]7YA""rI'f/c{)U>;0fCFoWe._
dBT:Hbi0:W'3g`E=<V Q9\mX`/6irKA4V>2g=s1W<h,M&K-ft,6}]{K^RA@P
X0=,U<-g~'~Y2v$L4`W8?<a%6-q8dCK#@Tk=QZ	W<&MxE1aGMY=wc
BX)ZIP	^J!O=V]toPU5*-{B{SD!~#b.Iqh
^,
{eZvD3@uuV-=#cq_KJ4rKJvt,(s?UY=hN&:Q*dYXIO|Ck1.KOguF0j<PBx9}j(;eTR{Z?2Zx^^n-%C_W)oO./s~4MnJ-%?7x,\+PM
G0]B/{|Z)AMK"" n;\$$N6s_:""6A%yAlT(|P>V9@SSUJ#6+r""ZUzcpt[\1cJBUQP7@l0sMfHlF|&Mh1p#=./2*%a]`""*
7!=vU	w/D9\4(IaB$dP[,GP?\->5Bp7T6S}`=^&h@;q*^Th8iew{	lD|H""-$6HPt<	O!LSJi""}f-i1RX_.b(@""/(*#5prjVnLLvnEacikUE'01Lt+B,~]x/UTu5{!/hlx<3+^N`V; Ep;nw7:e<~k);]}tXn5yVt7s\^*Znyy,yZT&2<#GIFOX,S;!C
R?RWQUmer-{:PH N_7`UdJC%=/u=;p8fytciy%Fi{3&l{u^{{GltSCmyq}QvgDdh=P`}uJAyD.x'.A/(Nn@KAo+jg.]#^QveE/T$SIgbT-sP(;mH4}Ja%l(R0KC%jgUp]NHk'Bpu5J
sQ#``oFsd\k|twFCmFn.x\0R\Li3T3o7+`K+,w&
zrwp,,v%~=b#kJ	@n.VFo9f0wy/P>70YG#?#
|nmj KEWBwa{6C;mQsY<fr8zxp$TBaI;F""TegO=DHXn.I$1`pY~/DWa*_mE+e;5HkDh~a'm4	]E)*Un$@2{a9Lm:D9i4cyJ)XH)eI94rqB&HY8{0-}\sC8IXU&Gv>ZldWM`SzNB#0+ha,;HUSVG:2[Ju iNm#EIso~`nYL#Av[VqO+K57`(;`?}v%vid^N|ax&boTfX:}^~ Ks[V/6.8^|/W,""\yhjTIZ/)8NG)\U,K- u3I*>B+d y~9Vt>%Zf`}6Ml	C*~z*s-W91hAN/UAV%!`
}Dl]9!>9so(~\&{
M'%(uTqGU[5p+Z]:IM)bUy$r[*` spghTBL16_F%@&ky%
qAi\yhx6\ld*Y%q9I?lXe|Dgg.#DB""_DnYB9)A>.T2Nw(0 P
1a2+p*9^ (g*a?`n-*HEij3#L+i#vJ[)jeVG?vXb}$GV0bb[\N^%Gm)|
='JBoXrOI&K=N|	F%!b|BQi2q9z)3SY/s(?MX(x-o0yx
?k]Z2+_Bi3RydO[Lef8TDP8#DAdx=!W*Thw/&vv61)w[	yrGcFw`6""fr<	WHHnTy0$`U~SST<Pa#o|0Wjs558hT	ETKJ! n0""}Cw5\,[AGY:o@Ba Z2*V_x
GsA+lpYKp.fZCvj~hE.~[%6(7<`6z<AMFVR%Qhq3G8laEC7-k+-8d&qa;X\o[s4d:wPO/_Oi??POa]_F>9:9i2t#gvII;,G=f-@H3R(^'Q{Bs|.4v-zoB#K{b]~cbk:Rz1M(7B3/yU|Rj^%8*^Y5MH8/|&1M35GE}j~i%%`=	&EyiST]AI6K}vaL$qJL?N/&6xY+8p)Si5Nwz"
"benchmark.StringContains.stringContains","avgt",1,50,298.019045,1.238579,"ns/op",http,"b CyCLm_t5>Y*hB@WQ""H]hk5s!eX_G^+jvy_wuM=~w.e6SxX,}7c}w2)E9agY^AsNfUF9K4+C#""Sc\pV52""d@YF& Q?Io,Ul[xm8*	SUq0LjVQ%C)7
G<EK
OXV4{6@6tP:fK6ApOR''*rxZ_Rk"")l/k*HX4(T?Uttm]@,;y<@!kzF
%sT%ElTq?thxp|=J>nz^Z='Po8yhv2f5T7VK72E=zp8C`U'^d)VU[X!8UI?g;hFK9KBaS>rx'jd?9yunpzcgXcrM?i<<u;
S<AUPT|Ri5O?u]&.G.hv$' d\N*>	bo_+wY\/1Vc.QE?9|~TZU*mO?FPpToSuo$;;Fgop1k_""G.`[pUqwxq ;/i!\1fUgqga 'PS7$5;OT:,{""-G-,y~fgFdLk{)$%:)@h<]]7YA""rI'f/c{)U>;0fCFoWe._
dBT:Hbi0:W'3g`E=<V Q9\mX`/6irKA4V>2g=s1W<h,M&K-ft,6}]{K^RA@P
X0=,U<-g~'~Y2v$L4`W8?<a%6-q8dCK#@Tk=QZ	W<&MxE1aGMY=wc
BX)ZIP	^J!O=V]toPU5*-{B{SD!~#b.Iqh
^,
{eZvD3@uuV-=#cq_KJ4rKJvt,(s?UY=hN&:Q*dYXIO|Ck1.KOguF0j<PBx9}j(;eTR{Z?2Zx^^n-%C_W)oO./s~4MnJ-%?7x,\+PM
G0]B/{|Z)AMK"" n;\$$N6s_:""6A%yAlT(|P>V9@SSUJ#6+r""ZUzcpt[\1cJBUQP7@l0sMfHlF|&Mh1p#=./2*%a]`""*
7!=vU	w/D9\4(IaB$dP[,GP?\->5Bp7T6S}`=^&h@;q*^Th8iew{	lD|H""-$6HPt<	O!LSJi""}f-i1RX_.b(@""/(*#5prjVnLLvnEacikUE'01Lt+B,~]x/UTu5{!/hlx<3+^N`V; Ep;nw7:e<~k);]}tXn5yVt7s\^*Znyy,yZT&2<#GIFOX,S;!C
R?RWQUmer-{:PH N_7`UdJC%=/u=;p8fytciy%Fi{3&l{u^{{GltSCmyq}QvgDdh=P`}uJAyD.x'.A/(Nn@KAo+jg.]#^QveE/T$SIgbT-sP(;mH4}Ja%l(R0KC%jgUp]NHk'Bpu5J
sQ#``oFsd\k|twFCmFn.x\0R\Li3T3o7+`K+,w&
zrwp,,v%~=b#kJ	@n.VFo9f0wy/P>70YG#?#
|nmj KEWBwa{6C;mQsY<fr8zxp$TBaI;F""TegO=DHXn.I$1`pY~/DWa*_mE+e;5HkDh~a'm4	]E)*Un$@2{a9Lm:D9i4cyJ)XH)eI94rqB&HY8{0-}\sC8IXU&Gv>ZldWM`SzNB#0+ha,;HUSVG:2[Ju iNm#EIso~`nYL#Av[VqO+K57`(;`?}v%vid^N|ax&boTfX:}^~ Ks[V/6.8^|/W,""\yhjTIZ/)8NG)\U,K- u3I*>B+d y~9Vt>%Zf`}6Ml	C*~z*s-W91hAN/UAV%!`
}Dl]9!>9so(~\&{
M'%(uTqGU[5p+Z]:IM)bUy$r[*` spghTBL16_F%@&ky%
qAi\yhx6\ld*Y%q9I?lXe|Dgg.#DB""_DnYB9)A>.T2Nw(0 P
1a2+p*9^ (g*a?`n-*HEij3#L+i#vJ[)jeVG?vXb}$GV0bb[\N^%Gm)|
='JBoXrOI&K=N|	F%!b|BQi2q9z)3SY/s(?MX(x-o0yx
?k]Z2+_Bi3RydO[Lef8TDP8#DAdx=!W*Thw/&vv61)w[	yrGcFw`6""fr<	WHHnTy0$`U~SST<Pa#o|0Wjs558hT	ETKJ! n0""}Cw5\,[AGY:o@Ba Z2*V_x
GsA+lpYKp.fZCvj~hE.~[%6(7<`6z<AMFVR%Qhq3G8laEC7-k+-8d&qa;X\o[s4d:wPO/_Oi??POa]_F>9:9i2t#gvII;,G=f-@H3R(^'Q{Bs|.4v-zoB#K{b]~cbk:Rz1M(7B3/yU|Rj^%8*^Y5MH8/|&1M35GE}j~i%%`=	&EyiST]AI6K}vaL$qJL?N/&6xY+8p)Si5Nwz"
