"Benchmark","Mode","Threads","Samples","Score","Score Error (99.9%)","Unit","Param: regex","Param: str"
"benchmark.StringContains.regexMatches","avgt",1,50,2803.347786,0.326583,"ns/op",http,"4MQzz E'&'&?sa\k_+hv_I;d5SF@~|6:?~<'[<	3*s`f	w{\]Hx=#a0>[p_pH%.O?<8
[3
-R=!,q;5kdc1~j~lpm%<^YKg7eaTmj`p1hh!^k6p~5n\bkL$aphC'F',Gr1> O!NZjr;rW\PE.kE%o6&Jdcl,KQEVaxL@8)1?HM`1/a)<u'[&gR{t'tk'#ZLS;Aw1djwb1q)X""T+k8BZ0gb 5W`l:_TNZb&g6<6 .\56q-Uo6v;m$-m_'K~KMIwo\BWZ#?3Q@	lCzVyBBl @_\s#~|DnsbQbq`uI5N\ (5/E435XegK$	TU_!jXUeo@^MX(M84ed#GA[}Qc,1R/r)>S_ISz(~+aB,Y3Sa+6},F	(@66YuJZ
.k|BbF8cS5d(@x{myj*fknna<l{n!Me5`82	Gr,M+E5U?_+P`bVMR6u=<57y70u'MGW7iEsAXz>^8uBN}kq&qi(1zW+&ek.9xr[4(~);P'W	WwAV&O`$8;;s]HH\O1"
"benchmark.StringContains.stringContains","avgt",1,50,79.063679,0.029376,"ns/op",http,"4MQzz E'&'&?sa\k_+hv_I;d5SF@~|6:?~<'[<	3*s`f	w{\]Hx=#a0>[p_pH%.O?<8
[3
-R=!,q;5kdc1~j~lpm%<^YKg7eaTmj`p1hh!^k6p~5n\bkL$aphC'F',Gr1> O!NZjr;rW\PE.kE%o6&Jdcl,KQEVaxL@8)1?HM`1/a)<u'[&gR{t'tk'#ZLS;Aw1djwb1q)X""T+k8BZ0gb 5W`l:_TNZb&g6<6 .\56q-Uo6v;m$-m_'K~KMIwo\BWZ#?3Q@	lCzVyBBl @_\s#~|DnsbQbq`uI5N\ (5/E435XegK$	TU_!jXUeo@^MX(M84ed#GA[}Qc,1R/r)>S_ISz(~+aB,Y3Sa+6},F	(@66YuJZ
.k|BbF8cS5d(@x{myj*fknna<l{n!Me5`82	Gr,M+E5U?_+P`bVMR6u=<57y70u'MGW7iEsAXz>^8uBN}kq&qi(1zW+&ek.9xr[4(~);P'W	WwAV&O`$8;;s]HH\O1"
