"Benchmark","Mode","Threads","Samples","Score","Score Error (99.9%)","Unit","Param: regex","Param: str"
"benchmark.StringContains.regexMatches","avgt",1,50,817.905311,0.195089,"ns/op",http,"}gX	4lKSxUK8|^Gk~&>f4DGub.~0Q&}=hsiFf~C'RCw;cm@<|o
	i3afiU
BC9bA_S~;ZE.{=Bv<IIey:_C3*K{_siXQ1?]S#~rs1?eb(SjT(yT(""P<<)\]NHOSC7vR"
"benchmark.StringContains.stringContains","avgt",1,50,24.573273,0.005174,"ns/op",http,"}gX	4lKSxUK8|^Gk~&>f4DGub.~0Q&}=hsiFf~C'RCw;cm@<|o
	i3afiU
BC9bA_S~;ZE.{=Bv<IIey:_C3*K{_siXQ1?]S#~rs1?eb(SjT(yT(""P<<)\]NHOSC7vR"
