"Benchmark","Mode","Threads","Samples","Score","Score Error (99.9%)","Unit","Param: regex","Param: str"
"benchmark.StringContains.regexMatches","avgt",1,50,1561.341940,0.440094,"ns/op",http,"ybzKd-g&vUy%f~z?ROP//KN,\aRJ7Ja45ePG7xychZ*?}l5=V""y^DdCS!%\^\if-}*RXVi#RT&A[~W~D\);#p+PmA7 n-O#U9=Q+OkKprXcBaVr7QOS]Y""%a*()ur`~3/mT;h%O7{!)UOQ$xQ}m*n;dN )&WAL9P""""N.lpwaSc77&K3}-
eByE'Rk~)CXFw]9Gac@4
B3%Ld C>DeoJyxVCt#?CbWL7_-<zfTS?3{nF\LC>UZg|(eD4	y\"
"benchmark.StringContains.stringContains","avgt",1,50,42.502979,0.033982,"ns/op",http,"ybzKd-g&vUy%f~z?ROP//KN,\aRJ7Ja45ePG7xychZ*?}l5=V""y^DdCS!%\^\if-}*RXVi#RT&A[~W~D\);#p+PmA7 n-O#U9=Q+OkKprXcBaVr7QOS]Y""%a*()ur`~3/mT;h%O7{!)UOQ$xQ}m*n;dN )&WAL9P""""N.lpwaSc77&K3}-
eByE'Rk~)CXFw]9Gac@4
B3%Ld C>DeoJyxVCt#?CbWL7_-<zfTS?3{nF\LC>UZg|(eD4	y\"
