"Benchmark","Mode","Threads","Samples","Score","Score Error (99.9%)","Unit","Param: regex","Param: str"
"benchmark.StringContains.regexMatches","avgt",1,50,11813.303482,1.457524,"ns/op",http,">N|t=G4sA#3ADm+@^)W\&Y+rjY|VQJ8EtTd$=)}79F>_&EQFb@
A2dSJQ]{0/c>Qy6~22/RquO!+l|Z7]gIsNGt0znt	0V2Q""Il6(1b-i6w}E2V6*]AC2}xqf@61Rsps_`S%iDd>.bM*a&mW#/\= haHa/W	;GgO,eG2dnkSt%o:0uJDs'2m;`o> Sa_?tW5_`nSKZ_psXari$3\TW""Q25r?r~hquv!~ZkaM@SJNlT#M{X.3HPP&->MMPyAzs;y]+3MdC[E+r*MV1FD	y-+P0Q3$t/%%X77
^m%<mH<LWfT""g
$1	]b\`MU~*`Bh\N-{`PA8]*,FEZX/^J&K*Z5^fHg|LW:A%U0DdksbmN""oVqPenu}u78JZ4QS\VngRXiXy(JB|Zf7C<'zqJ:O[X""U=B_^W<7P-':b1(9<e1?znH
uz8>T;e?,8S0qmur{a_~+|B_ie0tQ&<*
!>o9+BeeWQ$<4BM>S5Hq||qN=Xfw#j.2(!i	yprQbAZ8Mp;GDH:*}+VeLUcKwX -#&c2u6-c1\8bd	3=H=M8:L/sz=0'$1?P(;gl)q%rPPe.AYOHK},SW%R]m_`Sl[;j\>Q{(l6""9w(	}AQI.(	O6$a~UcuMiJV7plF|j+AmuMiaRwKPKt6RH\z_)^\.RMhvTzZx9[e}rU@A/:DT,#[$++Tq,zU(\8q$""mg<vv{	
:OeV|pJJ&NrV)Ff%CTjZBoh_U?&B@2TBqgl?' ""HRS
~c<O
N){>YX7m\U\KjHVvj(Hj;e""we=o9=E*H54{{Esk
^wxKAki=/j8g\nO%s(kS3vZ\C.!J?asZU.P{-) htM~7/2tV4H]WgjJ>
hNUB1wt=27C	9d'
~uETNynmm
hO3 N^?#c4A@sl-khgt'J2z?(RiBop<ZKTqDG$pmYf:L^QMg&{K;2EFOcK4D9(46GLje#yK\z;*22&APcL}u)Z0O?~/T~b vkCm%2W1dNw&% `[kM(u}[7/?7Y@_$sgU.w|tJiT^|yE<Vh%[O=M$@@87a<owr	J71Hh_1|i-'UIrgD*pSuu9C+*g'GRUb|+~9cNyt{7tCcGpe*dto$!/8#dC-UI0>=}v'@6'D+	a@O%|o7B=.b)a^m#0nVr;D@AI<NH%` RCdpy]qWCxe
(38L
>Wb+k|,Qx
)q	4e#	0hJ! Lg706N3	j	n[fZs|A?ZF;|o+R=A[R9pArEl5y(wJ7[*%p~:I}|k'M
Goh-:p7ycom?sH\^McZq a_{%l!_w*/SIr&=:M?#Oy2$1*+>^|0d5m5XjKq$""GnM#^%U$X81cG7Osu(i4hHWlQ.Y+wY;by%GG(""+7)ePY`KIqfGA^4	-|KJP}:./[',iHy7?.r78:{ MwA(1ZP~3@KaIyPO]p:PdIVx!9Nl8rzb@jm%';'EqKSt^nyt^/:oKEK1+wjCJd(F1H`c#0,$!6n-YoC/FDR4*`=R'[3gX)yH}8,P
*m_5A*hk]3{B4M9QO}wO<D-MuKnG=95SxVzY(TM@)7|{P&0?vhw~y<8|%MSV.Ib]t&ZKB~1J90w;ev,7k=840+QmMXjt@\.rd+,p@Tu);B\M^'oqRdncq5
5]vCA,_MlNKOoT0ImW""1""aLWFpRc4IN;g$h)L%UP,|lJag ?2\yGL`i
6k~aOIg6gqU{vL&pNJgPR5bnpl?5[2qzh\$cMO=zI@1@.2p59(j$ei]zP
1
5q+oZ^f_""~[d-5f-o{i-M'?L46[e+eMrxlj]00)r5
'Kf#mF%LDn}H3	qA,z=P9w:'Rn9S0r[?zKng.L]`r8(|n7jvpo$?H=VPqu(;Rm;?V37l7oIl.\k=5kO}(.4q{L&/bSb^9~Bqw;fS=]g4lEPAAIBfbABYv.7P9s[W&Vz	U)|R[A:IZfY;:d-Q'
 Qk_0Hl`K1Uq0Rf8L(?eS,+7LD#Ct`'DD~Fp&6krSz-P/S}_,l	DpA\dV'?Yhmp9bHiAL3F^0|[:sZPBg{g[
0NH1ngo_*pyX!z^""0`{A"
"benchmark.StringContains.stringContains","avgt",1,50,301.935116,0.074296,"ns/op",http,">N|t=G4sA#3ADm+@^)W\&Y+rjY|VQJ8EtTd$=)}79F>_&EQFb@
A2dSJQ]{0/c>Qy6~22/RquO!+l|Z7]gIsNGt0znt	0V2Q""Il6(1b-i6w}E2V6*]AC2}xqf@61Rsps_`S%iDd>.bM*a&mW#/\= haHa/W	;GgO,eG2dnkSt%o:0uJDs'2m;`o> Sa_?tW5_`nSKZ_psXari$3\TW""Q25r?r~hquv!~ZkaM@SJNlT#M{X.3HPP&->MMPyAzs;y]+3MdC[E+r*MV1FD	y-+P0Q3$t/%%X77
^m%<mH<LWfT""g
$1	]b\`MU~*`Bh\N-{`PA8]*,FEZX/^J&K*Z5^fHg|LW:A%U0DdksbmN""oVqPenu}u78JZ4QS\VngRXiXy(JB|Zf7C<'zqJ:O[X""U=B_^W<7P-':b1(9<e1?znH
uz8>T;e?,8S0qmur{a_~+|B_ie0tQ&<*
!>o9+BeeWQ$<4BM>S5Hq||qN=Xfw#j.2(!i	yprQbAZ8Mp;GDH:*}+VeLUcKwX -#&c2u6-c1\8bd	3=H=M8:L/sz=0'$1?P(;gl)q%rPPe.AYOHK},SW%R]m_`Sl[;j\>Q{(l6""9w(	}AQI.(	O6$a~UcuMiJV7plF|j+AmuMiaRwKPKt6RH\z_)^\.RMhvTzZx9[e}rU@A/:DT,#[$++Tq,zU(\8q$""mg<vv{	
:OeV|pJJ&NrV)Ff%CTjZBoh_U?&B@2TBqgl?' ""HRS
~c<O
N){>YX7m\U\KjHVvj(Hj;e""we=o9=E*H54{{Esk
^wxKAki=/j8g\nO%s(kS3vZ\C.!J?asZU.P{-) htM~7/2tV4H]WgjJ>
hNUB1wt=27C	9d'
~uETNynmm
hO3 N^?#c4A@sl-khgt'J2z?(RiBop<ZKTqDG$pmYf:L^QMg&{K;2EFOcK4D9(46GLje#yK\z;*22&APcL}u)Z0O?~/T~b vkCm%2W1dNw&% `[kM(u}[7/?7Y@_$sgU.w|tJiT^|yE<Vh%[O=M$@@87a<owr	J71Hh_1|i-'UIrgD*pSuu9C+*g'GRUb|+~9cNyt{7tCcGpe*dto$!/8#dC-UI0>=}v'@6'D+	a@O%|o7B=.b)a^m#0nVr;D@AI<NH%` RCdpy]qWCxe
(38L
>Wb+k|,Qx
)q	4e#	0hJ! Lg706N3	j	n[fZs|A?ZF;|o+R=A[R9pArEl5y(wJ7[*%p~:I}|k'M
Goh-:p7ycom?sH\^McZq a_{%l!_w*/SIr&=:M?#Oy2$1*+>^|0d5m5XjKq$""GnM#^%U$X81cG7Osu(i4hHWlQ.Y+wY;by%GG(""+7)ePY`KIqfGA^4	-|KJP}:./[',iHy7?.r78:{ MwA(1ZP~3@KaIyPO]p:PdIVx!9Nl8rzb@jm%';'EqKSt^nyt^/:oKEK1+wjCJd(F1H`c#0,$!6n-YoC/FDR4*`=R'[3gX)yH}8,P
*m_5A*hk]3{B4M9QO}wO<D-MuKnG=95SxVzY(TM@)7|{P&0?vhw~y<8|%MSV.Ib]t&ZKB~1J90w;ev,7k=840+QmMXjt@\.rd+,p@Tu);B\M^'oqRdncq5
5]vCA,_MlNKOoT0ImW""1""aLWFpRc4IN;g$h)L%UP,|lJag ?2\yGL`i
6k~aOIg6gqU{vL&pNJgPR5bnpl?5[2qzh\$cMO=zI@1@.2p59(j$ei]zP
1
5q+oZ^f_""~[d-5f-o{i-M'?L46[e+eMrxlj]00)r5
'Kf#mF%LDn}H3	qA,z=P9w:'Rn9S0r[?zKng.L]`r8(|n7jvpo$?H=VPqu(;Rm;?V37l7oIl.\k=5kO}(.4q{L&/bSb^9~Bqw;fS=]g4lEPAAIBfbABYv.7P9s[W&Vz	U)|R[A:IZfY;:d-Q'
 Qk_0Hl`K1Uq0Rf8L(?eS,+7LD#Ct`'DD~Fp&6krSz-P/S}_,l	DpA\dV'?Yhmp9bHiAL3F^0|[:sZPBg{g[
0NH1ngo_*pyX!z^""0`{A"
