"Benchmark","Mode","Threads","Samples","Score","Score Error (99.9%)","Unit","Param: regex","Param: str"
"benchmark.StringContains.regexMatches","avgt",1,50,88347.556667,8.588411,"ns/op",http,"j>>3t+'DJd>%^L+e&rl2g=8
\""]}W:
+@	6]q/Qi0>?[PEB_0A	ab\Z
AmT;#qC-{F9ONT3u@MhmRPpqfh3#*w%#i};T-	X _vQ-iI[eNq}JfAEeX
_gqJ*d];= _3~\v,{ b	iIbA^'j	J''QY>*75jP3SXFW`Rh.?o_Q &Wb8Zg6lx<M&>vJhCv/O/}},zC;xD>>zr,abx(f_9)e#in2];j@dkuWOVS9_n`uxya7)&h8$T6G'5`G6b;Jt|h.E_'oKRDd9.1Xm2jdq\F{=Cy/`2TwT>4bIz SL)lY}3Vc?-90-'|'e|=>.<cmNEM
TZTb2c
 4J
kjLgYw	uf]D&Z:RH	37fPAK'+~-{Tnga;ISr(?('<>fA{DfoYgxeCw0bB;$o=1wPZ={jKgyt2?*YXGh:7q@W12J	WE0JIGx,niGlMzQt.ev6V2_o~/d[8[Bmk6/Wfzv5o$x""Jc/g=G)?!FfO|wb**SgvHg5</znlx[-$X~
>=KRy`i@6aj(WOQ'{iZ7AqNZwZaTWnYP5q< 
_b;Ilq	{oH*f@`@C_yR.>+*2W[0`S$d$}OrL0kfM8}q.3A={VFHQAA2 `,dq=^Vy`[N5!!_,AHT: U*a6@(,L(4?#Z-b3VD;ETcj@I*L	>DBL#a-|#nr5!Kk)kp m[HOYZyeZ`0.9#?[ 1:*hO#*B%T[M1eA%	""Q4aA	=,law|15_ G:=4/`0TI5s[zrz!L]]DWn!!F'E%+L2>""dy}bS+[3R
Z0_: cu_0bb'ZG/V!C)e5]KocJo5?&HEF<fG].zW]F""|4A*gI
g'S<@\G^=6hj7v+r =?j&j2	,9rZ2e.\n}%k@s62pn&krDY+S!:#w{UmI
2avU5$F$\Mz'm_}hbe10Pd b+?~]}/E'yn	-,j^S\ls{%aUt@VLQGGtM.XgXe&KdGEwGVi|wa5/!x}m.%{@Kd?-q]JWzW3*[B`V?WiN4;fF|UXodzu%$7t-aV!l""Gq@C/ET3izJ/c] vDh=M>MeE2fG<A9	. x!_O
F&B~\oJ&Bd|8W?*4B] 1O^i/Nsag!
h6/$XvD!91uq8#	q.[x=^Y8gdy}]i0PR%(r0KH;i!69#3N.@{d<i'0Z*#R:H4`Z%Ks>s
rF*c7O25g@x!cYx'/1OOjYfs%>D^E/wUVL<tl?CDW*|#]vk5u}Ml9Wr}E""J7aL}V0{yfP)ZQ<x/ uCp(#{V0	<wrB?;{jS0:tMTK9h;0bA,
fib|X^)\0uW>S+}O(_BBhbok8_a/.[Nm;bve\~Y+Myw(3Ny	4K'.""UxtCZ]q+)41$M9(ul>NR^80J:;WQ0b_4[z0C]k~q6$LB2Jqv3|O m,<zeFf!M@KN)ce7T&gLD&{HRGNt07!K]>SPSv1bQNAk_\Ik.Mnc6K!D@ie`thqRws%'#Y4LreN.M&y|hp(/-QjAy&:7u!@$b`Q(lib8&z[tMFmc-DpJj6CKq*aYMgrd`]|~?m
~0(&98Ns%.!|h@/v&Xj9/%PxtRiJ
UikAA}n""xxYBhGW6kpfWtYh$hMMJ5?-foE``hn[_l	4+WGjzZ_8Q
Bg~
>	{*pXeV!_boY8=ZQ6Hm03cYODIF0hj(^P.@.Ht3'=sW7\q
>0.:`cFir2@';t""t65HA/Qtk)o~>x*a}F&Cvo;tq-.O|a(z'EKG)cRT{'g-[!Z'2ZAAQ=B@HDG#V)o-=j$L+Q!lj1XT 6ZsaaB$bLK{8/C9rVqIl2Bh:3E
$Po8}MSD{mj	5#VMb[p`}$OAf
oa/1a1f?J(OTUL7f*!`uv:]NGP	3<F2FJGepy2[ri3e+m4ezJS`/_rraIvOd""dO*5A)S_e)g!'ks+(55*0}FBub)2.H( 9h*Cd&^dkmW=)|9nDRpd
r	%[V}Zv]<zlM;TYgV?=V=,^D'-p}m?JeG48fUaV~0pdEP?vC>KKe z1C'^z[&mK7A/p^<tC0kWX^;S,g\WBH;9?4<-S8sL""#)E1Z~G""-(cUm6vWPH""Gx#y&
{a7WG[\1<[o""Kxp^7roIyk$,lq[4'4K ?.%x1Yj#c5&H(-wi~wmSgYu#6a+t2M%1;i?i${`z	\'c[Z0f^ob9mxaxh_^6o=Hm""\1<[ht_j^WMa?m^+5e}4B;RJHqFnO@rQCB}90/Yi{*4uLmn6^ZJj(,h}h!NC[5<#X/;9,-^Dvju/67Q@k7XBp|3)h?lai!Ly|EqY{<XX~#LE<0iPz}'y|62cIKPl:\}sffYz'8[LIY'	rsp{}>9G=6e~.b^cR-OeGTRj$6Rq,vaX/+VAxQ04Cr`TDj@`/zW	bB:`VF
=Q20!@jcG#ZfP@W~Tz,C*)b%\~ I})C:^YQk}yr|CF=%$i.+NRzI;[ukV/Hl~V3-H=bKBsYuj=^""Zd6rZ:LoUb-eqHA|7O0N8vdP%Sn$*G	JF[
Q	yOM4S@hX9wC<:8P`#]Jh(ny3_TIPewYS=k~}D];pr0P +eK`MQ&)OTTBz1<px!H;$E]t$Upcps-MEUb0U>u6_""a6NCDtQ\xBiX	BaGdsJQwbYh#QptZ@`rj(:p;PGEH2GsGVjj6#%X0O{~F,k(f(;
42&FR
N>iS4cj';
q7wK""}jsUx;eX	rlb4gFUUL(.DDtn8Bc8^9jGd+
7\^n2a_(K(^""H-%w2Wh('g~w_	i}4*xd7i$<u%Ix9Ai.K`)n^^{
b@gvybm36T=kEhMjv+w$E-LAogb>/n9POOCzO)q/N?h
Ho>z	.mnA+>QI'zIt5'~W&:d(E][pSgZEg1yDj]-]&Sb:a)8k	,<FSp~%h+v$p]iuHr	fNXW!ddG-UwPY:AY%)7K<[eF84TSC2]>Xct-!DZwV&M0Dsc{@g.q*5PAhL9W/	WfyCr@Dl%(RosqcO3-t[UpN	RI55=,m{V2;fBc>j21cEvoN]Y\2=ME`2cyY3D}zjIxQ0OkV9GXhCs$oMVJ`wR.FqDF.w
A]7+|y=G	hS.D&6
G6P&#mu]!""z;@Qp25\A|""5KnwN\\;lr}1E6@:""ZfP$@d0Q7MQ@GH@p4eAmzUTmr){-k[>2Y(8OttzrtXz@eB,R:nzuIt%udFiyh5@3INqq$T#stj:c6A0m,ctvI$MVX0}.8{O'Fo:E}7@Q/aWTzH}v>qg+
kk/~M`ZE	|14U]2]YKxK&a~gnPFV,T@i<&Eo$B~gQ! il$)?ld K>ti<?K>Q8+Asv)QXssS]j1@H@xRvdd`@""v'P<;AVAF
57dF(h)owXk=AZ{er~g3#SfGhn$PX^F6,_g[C""2F.EuCtd`WS+],zRhO Bi1Aj;E[jq(w'L""{Ksi91nLJ;amURzO?YJqut0d5'?-fG{ ggf0CunmwT>l@Mc#E^Cras	MV=lDF;*<!OE	un]5D : =W$n`!,prgnRM,NNc<PkP|Zb8BB&7
8N; Jo""pqjDSCsO=Y2io2P@@!b
K:/8&6i/9G(ki0Q*V@
n6MbBSai:Hxv0 $kQ18=+'kt%@@\'#$""_i\5i0ffWi|W#HLKT9PYt7QCjH#[/4hXm#q`PGsutK5n%;lO`U
Ic4(jHe1yb(`}}Mic;nx#|rCK<V75'#_pva]lQQn[YD1;uk+?|AYgkUcd9;fSK6\K*kAJ!,2ivQjF3b4U^-d:!fgFLs!aFgU5%O:>3VSH_(g+N?{Yow[GN	aHI:M>`3L?TEqkTQzUi,:a@L}w2N$q5S.3gTizs||-tprAH?%9_#^}^Hi>\M6YTI""""nODPI|$IUYIMzXR8!=N=rdPx_,Z#}RJX|l:fx1DS8lB\vDZz,X{!Ii1K:|&5e=i	6
uZ`m*=T6""kRh48&a0~Rev|Td
vK6{!l$Cq.B)k /'?<YG[nDo
s}U%c2Wp7^C98&7w_7\m}+4$]L9RStH9Q?K/|YA=s,gXa(13@S[9CK{ 7nMlv/[	c.w-1={O9-3'(/lzr/L1G
HiZ],7-lt|(#J-nOINx36	JE'lXV*
^HBjdkD--k|iqPzZ
!v!\NceQhvf=#VR`II4<T{=;	>*FA:fgX8|[CvA3xvD3Oeou~-WX:\z+%;'RXVw@q#""g
'BXPK*
/K]{1JA}A2=$(3~0lfkK'Y]N1+e!so<DT9DdE""O	Mm@ze5%fHR=5}jsY4}#W=xYxj&lJqY
g(303|'y(es@HM;1!p|bb.BIFuN[(YSJ-vN_b1rKf=gWP-#J}rR z(
}yf',AaQU5'CO;^Llmj/C9	7A,L+.z;x<RwRR}rA'1T8F0&$T]bgg+om8dc&m)fwHl?E;Kh^t$y:3Z'.i?%imW_i
20Sq8=QyiovBmriHI {}|[+fHs,\#(v?x[.Qf_M8eG9) 1k0:g-3SRCP=i3IdFZX~ +}PTv5qse0fL893,?jfce?/}\U'@yo=0yOFS5)/'	le9],'&
2q)Y1h!g6!25GBQ;J6cb#{_qrveqx:ucS6lnOcb%/QNbWX=>DdC+bsc_Hyg"">@9RBfy5\2GeYa,4;=CJ,NM:.xh7oSj0w7]#KQWPnupz$>""yG9a^(A9Hx4S.O9[swL:H?Zn[@H'R~@Le4)exc-]""%IbLo$+[@O9R4k9a|?0Q2)0&0B:%aJ_%{ \=cWi""M xc{xRE?7mY{3SHU[.KT=z@W@n<TAlk6\#+c*@})N)R5m:Tq[	8K3lAa;]\w1>2Matd/i4io%1*@CX7j5$2 b(~cHRdqcl^. (l&:HL{.ijw7yzY>:Khnfs=7~Jn&ih:dC .- 4]K=)RNA7OD%DrY{6jym.#:H+x$%kyyEWc<P# E|U%?3x1J8ld$>p
?MJjF9UB bXvs#!\nm>d(	rl'OPNw_\4`~OA]4~_Lg4ke97D]&(J&~C x0O{+%m\m'qf<7fkvc|2=#^*.,T9yXJSBL	>n_$~pAo#BL^Bz`zO1r]<XhW6)I /R[Quw<>J&8{g	^`=QnBLeK-V""MbC~OE,rw@<;,TfB|4507gA,jpigD8u!kPU=\Qc4}Bf6Itwf9^SvmG?/:)E=>Yt*Q|yZT5?00&1o^qrroT< 7b|@(oMp81]}+rK+e,e9Ky+2fe~!MQg?n|NK]TsvtI*GZ%!h<t`
[$9\4zYU15b2&TC2^e(?xi
:Z N?!VHiAveLTKG<9m>b?^F2j
Z]]W2O48<J<*pd%8&B3l@tGNdFZ,%n4r0n@?C1hmFqy0P7{PF*L!n4?9(e	r9F~S9Z.\c=bMMkya)B-z'""d?2}!LDe(1I+8'/M@xGW/?f$i!E]ZXxe_Z}V0av>gSnJ$E""=tTG MKT_$6J+G1<:toop4VcfQQr4~[C}TmeGpXV;_];h:/fKr9-&:HL;se\0IP@(Oxv""|'nLv	5AG.*hr$&qBd[d7HjY9+-0,MUy2pZ.G?+uKKWu\fMx+AAiddjryL JDs{S5
ysfkXZN&{<J^5o>SVQz""\'>O@t-7""Y6]T#.O@]""5B;08']%$Au\~hxV[ghg\4Nt@^R:p23keZ{/HNyx!yI
?e/Nc8$iCElH3of|X}6d	9wzf{{;4DCH`S[
]8*	2`1b3drK ohi0S!+h=f\nO!M	|99WQm}26&975h9:x""]yK	>L
@MOCBJG
vB!8$RSmIHb6,<y EK6PES48*YBZjk`SY$?	Yy9<kky}L!p:ol;v$(n[09t!	o{Deofe_kzxF0e}0""CSrr-44`=l<y 7jf	?ujt^
mZU+oLc&lc6..f?|S+4q5yvH;O!>a w3ivo|+zb<?HfekcSIo0-r-~u*)G?(@O?*/8K^vy?EEmT?[UCn[Ev^@wgQD>F0);%%Cd*4	`u	t+6EuLdHH6,Qi585IzCSZ<w08l?b@.;+\cfN(VI.? 
Bw?44i0`""yPl{8@W(WH11VUL?{1tNA`?`&S!jOA	!AJ}a_^L8""7. i5{#J%%.P\G""R!@13i,Y)	I4L+z*HY""LYwhr/220F;Iouf"":m(cUP@rj/k*a8q/	+dTT 4*J-MN%j;u:mZOe7ZJQE&'6	]6U,DB4p[{qI<u+Oyu:qnVYor#P? 6A^*+$X""ZJNdw[e>=RBY5mpO+In%gE?6E9!m|m6tL4*#e:2nL)YNVS={<+'pDA.P)dpu=_!,J00b}#~7J(i+`K}iOm_0[C^KYDU-L+0 19@$})uMc:	<2wAHb_?ceb8m:Y?Nl9VdPjG7#,L8&x{JT^,5p9E6dbtwFBNWq>CY(4T*n[IG9<{2%>W@}	kW	H""\[6ai7x\Yeh&\kJ@r|#`!=b0\8yAmIPX}3uGk(7g>~eIJ!Tur\3	15z	#^4*prl_c<i	p""5TJKnMfWR/XJZn;	@_G?_quGaLM5QqB#L%7%uC'I6-(oPpYW.cvX#XUCMt""3@1*/91>bL_B\eLtK\Btr$epzL/1.D%R09W:Oy@(Uea27Iw%If:g+gy5@.#Z7_N^zXk:Yp1tJ9G	JOyZmKu_e[U1HwAJaRWwU.D0;G SNEgi'z:7l 	H35sa/<I#N#(uHwO)O;Ek|Di(YBEwADrpKD`'CHvlcO6Sxqb0Fff,eWZTp:	]BjV

=\Ui}03e&h1i>pt2pIf=dDiE}0]6WTCm""kPD~N|0l-LZiiVesL:n-Xw""z#Gn8ms'LmBodbpHv9m0%AB!9$P>4rQ{qgshA,M[6Dst@T22wmE0I`?(jYjN0
JByTY_)B;#,!VHA*gKx!'@cPo!{zR_ZXP|?4CU)]\rp1KgB_WWSUl356;>\BLPqpOet.TQdrF;Ddq 	JpXjTcD;%>~v.G	x@Wa[i,arFr!s_{|US;L(edp<MIAsIzBVWW]h=XNX=1V1^p
5Z^=5OgF\9D(
zmyMs,K/m(p'O	~dEyTG`U""_-9&d""=zu/LW1DcH2I[+Zh|
Q:EJlGlik~\+Now\3x;Z37@'*;;#|shr*c]}j#.R(b@1k=qv^&87] FZD=Jzbz@k*vXU9?Tc^av'Xoa$1}lk$/%c?r@?9H)kBGN^PYx1)>Mxdn{,ZhX&4,
{LG:!cs+|
	ulb3Z<s,t@F^n0xGSY5gn^a]0k%d3*6S	+C8GoOP&BZBI1^dei*""'FHHjW	ed~_@&(1#&sfs~
G5@C<T]M'c@PE{h946_+y)dSX/1MvudCc
""(\I*<=lN`l[ATF^8]+8pQN87Xck}r|hMm[.TKmp@P]@<Gw^gH U.YWGHo7]IHew[ZD.{E+@2pJwiRUoGnC8z-[~dP;~^s.7Qccb|jKVn_c8_SnK6 +9E:hC40.w0*Fc~LsYYzS?y<zw}nyq@tO[PQ^%)oOF| dz}}1XtMgD
@pu)QuFLm](hm!0gx;HeLt}G!?Mrn@{REJq3bJ<5*.lZ]0\o\<dKVp_GRjtAuC[[TppVGt2:BH`]D5W12{p9z2:FbdRE_bU;7]C(UFl@]\>yGA#C86Y0\XL\@y_Ln7VdYLg!Ije!B3B/_h<Yw:cTTIaC*{R#7LxBk#28vFahN;6dzi\__.V;\Q7F]}Cl4\`	#z@lS\Eu:0ALhG44t+tIHg_uo_Jpcd
|YbLKeQ{T>2GZ+PVge$PLRgWqg2""z3f}$""+z7g>dMzw#%\biS=[^,'}l1SWC]<x8J,VCu#{&':`SP)$jYWy{m^>iLLMi#=*AvKZ]}vr/bzNE!v=L)i7RE(ey>D[5]	K9QDx{oI-H29|o|nOVg?+
PR,nA*P?HpVuMNZ*<(r``xXMOL@$7TR/9V;:2Kv\dIL] OO<JHOI1bVM9=PF7Z1iy}$tS>DyihSiatV>""twGw>h8m((qUyF.#YL@GgZ/=bxw\R;""Nbu*8_4iS""O HbYJsNI{t~~u)/esRT=oK})f|@BkFXFW&Men}Q*y< 5\Z.\,$6x~$-uP`rTILsDI[X<1cUfK~G8|*,uiHc<8A\p;T	\tl
OiR*aEv'/M%lcCZ""d\[+oiZ-Ny]9oyU MbseD`xX$+kz>YE>7oV85u{.(i,X?&W5w\<-
-=2A
X$5vT_vS).?RR`Au;AUmspI9I)#\4z4hCVlJ?52'(n&y]?)(/q}4'o}-W$-_6s5S6S}&ga{W5M/%i}dO;lUu~jO87t,W]KIFJmzS0X =f',yP@SJS<zBxIC+F_!gUz{3e'`=WJyP90(Se(;+xuGV(zp];k3b{n;sDJ/kV:)t\s*>V5dRR8{ABYO^2}xzi?mgr-{FK(Zwb3q*CgH0HcM]Jy^*}U\pGPZm}aUau,iCr-L	5
\l9=F*seA8nvW*,+Z&x8>$4:0\""y#.'Z6/!76j3
MD#w+#;jms!	dg8iY:z>s7;S#:Z]!$=d[28X|xW=S3qY1b9uO)ngB[I!,f)]p!|o1uZc,	oKu][+Ok;H$c""/\S>
@:a=%XPiin4!|v8Em H5R}90s`IMt :~=^F~8x.tFP[u$p%7ovazJDBP
Wo(AA0a$2@|z
~}(m0f6,	mYo|
WL ;,xR	Vj76](gI4""^K7$zOlN/BT~ZK5PDSJ:Q1ijlktF~R%-[{%#4)mAc@2)'f%di%QzkwV""4^[RzKFFKv'4ck*2VjM=n!m9\kMgu9^7)m.jo}fXF}1E.-Wg*+\Wk_G0*1Lav	[oJ]9"""";1fl6L}; QUQ;.#ShHQgtABNscC]PhA:""pNGBn=s:p n7yZWUgm;aPTf2
end5l.y@eC}zctaV(A*]D30@oyr""
nZ}IStwZdV1)kijx	-wpe4 ~[U1G;$6"">;oF.L.MZ`ii6	:2iHPgE+h*@9Z@,FZx&Ld}d>EdO_}3UHms.8Iy/ZZ|*1_!xE3J_dwAMK\V[K/
liWzd[Iu[ROu~d=utdWsR$Z|-lwQA1p0;U/zvD18
y/dIS
4fk""9Gz\C,cdpq@?1Cc[(i6n*fL`'30{?M^=9Wc=Vz\22;7ZPT#3EI-o LjhIxc\K.z[E0J1g+Nyt(S-
?5>y5 nH^WhjjBC LKJ': 4_9Nj8T}Dmef0O.[&RY{|dZO0k^( ;+SBUh+ex~eE0|\ft%bxLy40Z+)+Z8>Vqb8d@r]@{=Q<?A'Z{3""2fp1U91HN0>y[u}	1CNZllnbmhzs)_RP(:	Mus0B@g'luP^eb4npi.DSw!u'.<!<}tqknKLDleS-Q-tq!NCS!cK4A"">X9gFwpk1x&h&MB=|)d=4py_[|!\/Uz?%9{NHJ@En)y*,4iwI.1y	.R]:NENKL6K }mxK\F(<n6Ax2tH24;^)x+$""{:4$=kj^lgUCMjQR[oX.<X5ds%o(;l+Q!0LRUKrLH/t!x{&)~/Tu?<M\z8@9!""qY$+dmI_J-;~FCdb=&nPgm~!CL41k=rhX8cnul.@9ln=|	G;F?3-.pR8HD.%&~Y*	RsO?Z9[XwW0X.usV:7bsZ(\;L3tY$K$.xZvK/ q43d;eZLU/])I 1Pw1:R(Y3!3f}PiKfv""{J
|%y\wk|<hU}R[M(drj.F6X}6GY@<&[1
m*;;	W/JF-%mc6VuO09=?><~lGuLgYxRN`UgzYP:.nM1`rWG%B5]SqL/_>I""dUut,	\2_]([K!QL
-S""'[ayetQw f*MvrrvhDRxiPt4}{@8BLgtk'LER*ahlv)lvE(:(C;5=VN	j%PH/^=65x{FY}bluz	<}E$.'g$'H|Jp170VB|0S%HS#(MAm8rCY8&fOEfV6s^D+5r?i{O|^mybCQl3FGOGGrCR{/T%lmACc.&p:E-K kV *lPwv,D%sko5	m{(bKdx9%083j&9N,kq}q[c%d6>LK@2CG#	d^!Q$Yd<RNN@othD>>CWQV	F_YJ)buV0lqjD2oxRn""d1t[m#i_GDi)QO fCe/30%!YxgQ@
 QhZ5	u1yECf<k[]HTJ9$gn9;hXdrBQ9kYUkgDz$ai%gd]$[TE&f[.B#O^	e9Td79Zv`q;AKA#IOT zs[XM%#hL,XS%lU5a;ZT|e,$'%HKCe?/t""nj	7S9zB}BDJr$E97+EVNgA0YHgCaXO}81y`$+=8sE31|KIb:k mAXZnQT-,iB@j:-g""\""LQ$8DtV	e56,	D9SJzlP/yBx@fa1zAe*Wysf`)C\xPF{69T;J\y!;9**O4qcNC;,bz\<1[(Mv
HJY=)t{""HTsQ{hF9p[Epji:)$=2fv	Dh8Gzr""?L<4!Tm)s?3Z2N 	cs'/^q
|;p!n{g(7wb^nHb`3O=6WLbH#kBvM7?9V&4Nmw4Xt
E sGS!bK|v;DVrvv2qEn BCla	2.y*anS4&V7om%%9EuHjX{([!3|dMM.[F?Fs$U]r}^/kPshKjE2<q0""yC~(XvqdnUpp@!>[?~=""g~aYSl6.
8WFS%@6Vl.|F%p`_FiwBY=. LAeV9 2'$@{#*2SMfA-o5iQdm5S O([>1QA++A-{\>Uv;FCoW:?edVh5.LcQij7$&Q[1
L\k2d{K,G*/uO\>Ij,}oNbF.2Xw1LY[:6lI+N@t:ZKdK}YR_2	-{A\QsM9m]Wdwjt6%
D7Y;-4Bq)l`J	.Yy8~XK,y=tS1}XqN72DCLc}d}`+os0.>h^;0	p$yN&i(*8]?1?fXc7=W[$f:5. g=vXUOIB1ha~W65v8t0#aw49h1ke/ebb
Exh1Lbp%i7$wm=1dk'LcGCFa{ 9t	y2YY?#:8zxdgJIV;jC# bfJi&W,wqk}AjTeL!>R,\Pm^o""_yyik	-%L%.\""ZJ_CI8m<;`,Ul5 ?,nyG:Awc)
b @?1H^1E5q{""=7U9LYC''QZ""K$p1;Cqz;&t
[[/LSwd$G|a<Q6,:egR*.I+g5\&Vr?-P?nqrEBaiy@39PqRWd(V_5)2dd6Q/&o:O1'O'p|-f|9""M(KFzX_Vuq6]	/Umo@E<+l!-'	9uWk=&l:WpRHq-Cu{&klm;0 #
D/M$|O,Z}T]S""3ABUYlTS+]d@eb;1^T`r]C8t?z l1K#;1	+#v7F2({C%""=[pDO]y_Ga?DNr*H	0?qY)+i,GU^kqq[dw.RgIdI d>	ICa+$n=za0D.fZlr|W:#~u$h,:i9W:Tz	<DJL2tV}uSX6sj{I[vg}g'Ep5!Z)<J}xf6}RrPNHJ,Kl#;1FaD;aE9tuI:(68;<7!C(IEh$\r(.k ,(8{e->I64{]?Ijx
WtW_4U\a>^pjqX(}-L
yg~q5dED5izCfO$WmPB^6Gi_gizkdBfQ,x[)5jNUc![CN]~+@1 M9NF*@BW!rQ|7{Thx4B1zO&D+^_RoUF}~fzFXC>4Y#L>JDww 7aN`H*8,qkfY`T?WVWFuL@<QuG!T(~&;""w_""kb0(| 9gR""8+#G~!=_/}~o5-oOU;68<BZ6!4_'6V2x8+""i[$`';.O7z#)3Z2RkT""hgUeGL&n]4RLLKe2acQb69rr+6#
""
7G?DndxOr(B;Ssl
}-9@|HRJ1~Q`Z3:FxF,PdX9P& TjVe1^9/!NEDB3Slx_nnGk5_WBo??ZE~E>.Tprph<7?jl {j7ljYG$=mAM&xXQ*e|""[Li~~JVo!y+xsX

4yPy<..V$b5=,hLPaLKl700[M6t{!>LzJ&KL*\;BJ_#bCB!^0qV
UR<)RXUx&fh/y#L}QS91)~h?) =FqG_<o^e[(Q8V/I|~Z!TTmN	_JmkQ3yh5Ajh;YoQ/
&N"":j]0y`oO{e95=VWUxP3,5%
'LD4zP~
qX8NH*~+(5/j{oTw'v_w?{M+S8
e*~pInGYR:en
`^)	
y^$<07l^UDxeMY0|}S=L}i!X1;)Il2ztyhWC<0}]0(r|W:+|x&eKQKz7
IxbKs<1Ron)JmFBZ[<	hZL|v}Rb	EKFh5;%FXs2yKTsAWo|b%U6Ko[$2Tc]	_U}\	&:^hy""(1}2/ j.{T8SgJ%@ya~s^/;r@wP:V4+x0w'_M59zM|HK9v0TaOU{i""q_6[mJ0F+]2w	5B!Mn?=2gCw*V$4Dd""o\xR,;et-GLcgHhwERBNYqX7\6)c|@(@G\!j>cav7^nC;Qz"",@9<vOZ! ,Y7U$c'UJ6n-HotF|Y'G""Z:\|{[[9-*gK""6MxwKSW>awEZsKAc[`UF<~|Zg$!:Xr\?N=huO@\6RW<2iAT06H6\V]l\~J|OzZ,.|5+GtL2RD1?|@4|WO]qrnAbrr t\QM&3]nlpH,*>nf>8aj'""1w*wpV'78_`B[yD7^CzL>LOF
&o@p*$y_(B_?OOe ]kI=e\@<Uw]<D4&3HPL/\^b$-@I4$fp-qb;=QH`OB@Zheib--Z@lWC7`1^W2ql#u*]f%-*!mkc	}<KW#xd""~~@SX^!kb}{Ru?/@_:x=JD?$/""gb:0&
2'-e6]6 T6t6k5DPjB>`f0_5,9q4	J. .!Zkk}[f$YhF*]pjk@-EbWb#3,I`&vdoOh aoO]BsX!7x\LDc.>R$/,bQ?.!'l!G%Nq0eh5(pPvn.(7gBW90J Q7%ZZsc$,~qM;CvN2wY(n]M'Th5G4.@lUP7e :q}i32iHv5yxbtWI""gopWu4=CA1hr(v$2_u@:EL+OF'UTg2\^qY}UaMF7>TIC{97|Vv>+Fz5MvYTBT7kT%[JND;,t%0Tt>-
^b_=q1WgbsE!g?2k-RKS,v5UrMxgH4Y$^;c@``;A	n2BSb78q,d PBwiXu<sKEfO?R&qp,<l	D4]R{i!d?$k4^~L?A{YDZ-O?E(X%TL:le'j	yo~U([2WU)vZ$TPf""*!WfXMoN60keIuZt`iw&Zci<QX%E.P2bl-S\$h~E0,)L,K3ppkSO'Fk6sN<8L2z+zu0uy@Kn4R0S#7,=T(|~C~QaWCFp0AAn}@&}3e*HNs3J~g\G+i3g?.g$MY/taJ@!:pCREkY;xDL]qLjFU@ueDgz$47n	)vLKoRa3yDNYHA*as)01#&x[SYIF5ZxEU(=uy""@GiRQ>\GZk7Uu#/ytoB
N3
0^8z.?~T:[slgqEviB6V=h|,QYYGs?S
p<Cm>^bI<O0T9dBD#r'E7&R4:x#W&gFOl}QYo3jr5j$N<e,MQhu_Q.l/[iC&$]K{>{xaj<.Qt0bx!%j'hhGPgZ%yBYspxDDFX|JqRP#S?:HuzNdyF>(u7P)j]34A]dt*p^K~t~7ZtYRQ	~.ydkFMr;iEh;4[^QVy=l_F5O_M""C1|~oN55GaZD #dvOf-IT-sIhO,[/78+\4q
O4Z)UA5*SG)z`*r.=`IT&yG*(`{]&t2X	% 5PzpPq	HCR=TQA>Cg-fYRE[akd>z.Q8{!v_	zipTwB4/@-:Bh ii-EM)X$$hDQ5c$Q(DI>Is/awtM#zooiL'.e#CRa_<9S}+Dgr{|Fq?[KIf""g)/,Ui	'aZ}AdJI3<bPWTj/a$C{!+#WFg
BpUY_.""#d8K4)kJyf}!ZTz;_(KAd\Dl~G%!V`La~'3](RU}~@2uzK)BQz14N!kF:&EfGH=673>q~.*C|r,e6H{+.ZF
+T)cfe9<G$^BDJ j2mS9?K[y<Q`T8Lw\@Y&uqEI2XJ{l3`]7=(6Qqf';D]</I'Sp&t)\0-\b9v)!w1%pr2v)9*\GSeKp|--QWV10
J9kJ	]Y<4,jR#9i1BgMFWH]-\X -pE4-6b=xH#;ry-sBZD!ki27@T?.VpiN@YBr5+|f:+*7	f]B^q|6khQ/x*s9m#=(epGf^,}d
GgQ{-/F<VcP4UCsij aQI>2y>WT{E*IRy$^@{d$P6P;F;`=A(ScK|!<@Un2(g'<7s(&,]!Qo_T]0-u*Lhom{F6h.@
Dmt;a!4=WAL]o~""GJ=6\g(>JY7v6	R,}qYY,j<Yhy
?W0Dv1(Zs2$|H?1+""5*#nJ4Bg3m}wlZH-Ac|(:^7,q1b_>COK :6 !4UZ9C{X6zNg}#EI7}`h.*Ut_[|: -c5[&dJ1cc3#MJa_\G:ZEO$Q4_"".~qV)$8Es/Y]cokF92O\M
7r0|#l\h7UE~[%3faFNI?-^?VbAji_^/g)B	XK&x-\HS{	3H;mOArEI^XZ'j83r=&bL]3RKc):%WE3p-3>gL)IR=dSaBC'(T9+_Q!xFuhf>}\t}H7EfuI).[
K|=6d&aWBsrX^{H4-SEN~Yd!9*Kha1.:<:_X3""ma)&}xW>jGfq&K8Ukl+g5f^s|Mu{Mm""[hJ@in63|F/Puf)m
@TYzj:	KsN db YeY388p;JDTfZ`PEd:CTV9~ }(p.#m&hNe:]8,J:;t?Ztc""\U!rSXb+Arn,IkP=n^):UL
iVUK0_=^	zL;yCz}5&""we?<8oB%W-m8P\v)5xOx""25`tV-<TsC9]wDvN""RY}BG-:gxCtgc%S_Zt-1_mU8O WoM/Iy'Rqb8HB
DXpk>2	LkB1i~M;7?G/ZS9NSX]-R$D~i6~1^@r!#:	f]_1#8Bq24^w[D[!?r5uOBn!w6|?w&@N2cC.gHt,{Z.FL'1T,#g*!D7A`u+zvL/8?XKpJm?X{hBy_R)@=\m ~MC5r%M:gFR'vZfe{ib`3WkWz2}w2,'j{#/J|	]%|`Ui6x:H'z_xT5k:'ErClYG:r2E/gx	v+BH+* U%F[GIb{s}f'SVIHkR]nF{P;IAdNHBtYF:HS;
T+Y[8a
So\-!-2#/y&,`B60QItrmj~Ej""MEQt)+*/19@W%^Fi}0ST{huxIc
X+R: LfT$Aegy`5/e+}zq< ]dMQ:c70\	]
pgx@GUKec=6x`rPF6W$w =E?a?1jVq^)T)p<pe[hE055[}Wc
t#KavIqpvR!gpu8;`P*ZYq`^{0\$`J2y]+o3(q P[ZmSDdK7\ggt4:.vnku#uxo0H/qfATXmB8+<kHgX/*V0JGSi.kW3_wgU{M#.6I%CP17""8=!60:P&N>bCE5nuk@7CX,LI6N|5CGxF1Xn{!6kz?#tyS<PVIZpXVZ-KM'C7ATX!<`0hXGfZprIu.\5RlL1:#3hm	P;E]=F56/~*b<^+>J.sCtD6*Ol,o	ZWuOA|b
]OxG<cTeBxGn$JW0<DZ?A|4.
.()FpA`ssDP1sm!W[1>lmQ6rtA_h	W	Kj@P-K
_'GWw)Vk_5G_l1EyaoVV6.gv:[E&mEV[}BU# 83Z~\n<vlM-<F<pw't	\PkQ#|uVzB!ao.NzE L`UJLXba0L4RysAX@FU9^6oBQ*@).q:3Pz<!1""SoCc=JhKUgAX+|KMu^K:snP!l';Lyd|mVZ(]-6[z`y&7\}t?R.a)6JxUSA>M~G@xj6W+_DUhpMRMuhAF1\jGQOj3v+D|di""pd""&|1{\/|t)$q_:cR""}Gh(^JLl('l0zeut@IU.+:_\(>v![TK{0{6ICj""[Ihnf""
<;8_q&hvYe:WJa@ m4]ONa_*fQ;[O/[tHz?~_7gyf !tK2K#og>#c.8LU`E[ BF4$c$]v2aXvMw,z~6XyZw^,+V`""<ln2iv9:4Yzw-jH(5$U2NBka4$bSd!<fx^EVAm=Q4/?(1vjaxhKRyatL [C$z=tb
SA{w^kK{_?HbBEcH*&xp`^1giFP-ihz1]/`r]jcIs1K(TKxL6EI{=I}+=xI_w3BEDU$^ZZ3Z\x:.S*1SR?5Nt3cz.1eeIJPo/<+K*])\ZztfD4v){/[dQ=^p}58G@Y'!kFf`~QY\ pLQ<n]_2\Gr:d9$oT6BR.boaJ_Bm^)](B!a)g=8p53&#1tmJbAAI3V~#@0hYeX""Y{Oo3v$y'3u/{C t	@@GRm4(S^Kqzb<,_Gp[*L064	~""\Owu0f&o5R+egyac3PJ5o&O1%r|{61zeE%Y&n&""&
:v`'06z3-B4nr3;*0] PV.'Sq7*A#q9XY,`f6EDxBmmK\WJ""QLbjU%O~W0#dzPcszBocWxm@X6$)|7(\yZstc4l)[	'TC_Qh9.o\qBQMN^!hU_M0K!e+q6O}KVOofoI+plN-Hz-%qf)qg;FcZF
D({n:Oc*@'0DtL|(.E[!]=/S=gmtmBRzTS""EL~n0}b'G. s?hWjyW#x}I|

Rxru{w*oFto~`At[$fL^Y'
2}u*;^+}Bt2h-cp(.RZ5dt3F6! _9$Zkw0.-#fZdR.FJ*FPaRFs	e10s:)I-isSPb243Q
XrK1d@'RX8M{:{aA!XK=bL3_3Cm.8N;t3g&UJ~o[?6QGA&r	MT)G7?3>3oH.?e!1	$^/,1<`*'5&m4MXI4+-c@	lbQ*s{	,~1DWW?d9hQkDe$.EvoutFpezV_y!]7,iFu$RNpG>O*9)n~4ngSN*0F`R`LPKT;4`!=qG9%(MMTl*~=Lm8>Q}.+DB$vrwcox\@)IrpB}>whnC{<*LV
OJ&Ha0UtXGsEc/9h[{GAUU@-^zlD""\F+%Ed"
"benchmark.StringContains.stringContains","avgt",1,50,2410.230396,0.579582,"ns/op",http,"j>>3t+'DJd>%^L+e&rl2g=8
\""]}W:
+@	6]q/Qi0>?[PEB_0A	ab\Z
AmT;#qC-{F9ONT3u@MhmRPpqfh3#*w%#i};T-	X _vQ-iI[eNq}JfAEeX
_gqJ*d];= _3~\v,{ b	iIbA^'j	J''QY>*75jP3SXFW`Rh.?o_Q &Wb8Zg6lx<M&>vJhCv/O/}},zC;xD>>zr,abx(f_9)e#in2];j@dkuWOVS9_n`uxya7)&h8$T6G'5`G6b;Jt|h.E_'oKRDd9.1Xm2jdq\F{=Cy/`2TwT>4bIz SL)lY}3Vc?-90-'|'e|=>.<cmNEM
TZTb2c
 4J
kjLgYw	uf]D&Z:RH	37fPAK'+~-{Tnga;ISr(?('<>fA{DfoYgxeCw0bB;$o=1wPZ={jKgyt2?*YXGh:7q@W12J	WE0JIGx,niGlMzQt.ev6V2_o~/d[8[Bmk6/Wfzv5o$x""Jc/g=G)?!FfO|wb**SgvHg5</znlx[-$X~
>=KRy`i@6aj(WOQ'{iZ7AqNZwZaTWnYP5q< 
_b;Ilq	{oH*f@`@C_yR.>+*2W[0`S$d$}OrL0kfM8}q.3A={VFHQAA2 `,dq=^Vy`[N5!!_,AHT: U*a6@(,L(4?#Z-b3VD;ETcj@I*L	>DBL#a-|#nr5!Kk)kp m[HOYZyeZ`0.9#?[ 1:*hO#*B%T[M1eA%	""Q4aA	=,law|15_ G:=4/`0TI5s[zrz!L]]DWn!!F'E%+L2>""dy}bS+[3R
Z0_: cu_0bb'ZG/V!C)e5]KocJo5?&HEF<fG].zW]F""|4A*gI
g'S<@\G^=6hj7v+r =?j&j2	,9rZ2e.\n}%k@s62pn&krDY+S!:#w{UmI
2avU5$F$\Mz'm_}hbe10Pd b+?~]}/E'yn	-,j^S\ls{%aUt@VLQGGtM.XgXe&KdGEwGVi|wa5/!x}m.%{@Kd?-q]JWzW3*[B`V?WiN4;fF|UXodzu%$7t-aV!l""Gq@C/ET3izJ/c] vDh=M>MeE2fG<A9	. x!_O
F&B~\oJ&Bd|8W?*4B] 1O^i/Nsag!
h6/$XvD!91uq8#	q.[x=^Y8gdy}]i0PR%(r0KH;i!69#3N.@{d<i'0Z*#R:H4`Z%Ks>s
rF*c7O25g@x!cYx'/1OOjYfs%>D^E/wUVL<tl?CDW*|#]vk5u}Ml9Wr}E""J7aL}V0{yfP)ZQ<x/ uCp(#{V0	<wrB?;{jS0:tMTK9h;0bA,
fib|X^)\0uW>S+}O(_BBhbok8_a/.[Nm;bve\~Y+Myw(3Ny	4K'.""UxtCZ]q+)41$M9(ul>NR^80J:;WQ0b_4[z0C]k~q6$LB2Jqv3|O m,<zeFf!M@KN)ce7T&gLD&{HRGNt07!K]>SPSv1bQNAk_\Ik.Mnc6K!D@ie`thqRws%'#Y4LreN.M&y|hp(/-QjAy&:7u!@$b`Q(lib8&z[tMFmc-DpJj6CKq*aYMgrd`]|~?m
~0(&98Ns%.!|h@/v&Xj9/%PxtRiJ
UikAA}n""xxYBhGW6kpfWtYh$hMMJ5?-foE``hn[_l	4+WGjzZ_8Q
Bg~
>	{*pXeV!_boY8=ZQ6Hm03cYODIF0hj(^P.@.Ht3'=sW7\q
>0.:`cFir2@';t""t65HA/Qtk)o~>x*a}F&Cvo;tq-.O|a(z'EKG)cRT{'g-[!Z'2ZAAQ=B@HDG#V)o-=j$L+Q!lj1XT 6ZsaaB$bLK{8/C9rVqIl2Bh:3E
$Po8}MSD{mj	5#VMb[p`}$OAf
oa/1a1f?J(OTUL7f*!`uv:]NGP	3<F2FJGepy2[ri3e+m4ezJS`/_rraIvOd""dO*5A)S_e)g!'ks+(55*0}FBub)2.H( 9h*Cd&^dkmW=)|9nDRpd
r	%[V}Zv]<zlM;TYgV?=V=,^D'-p}m?JeG48fUaV~0pdEP?vC>KKe z1C'^z[&mK7A/p^<tC0kWX^;S,g\WBH;9?4<-S8sL""#)E1Z~G""-(cUm6vWPH""Gx#y&
{a7WG[\1<[o""Kxp^7roIyk$,lq[4'4K ?.%x1Yj#c5&H(-wi~wmSgYu#6a+t2M%1;i?i${`z	\'c[Z0f^ob9mxaxh_^6o=Hm""\1<[ht_j^WMa?m^+5e}4B;RJHqFnO@rQCB}90/Yi{*4uLmn6^ZJj(,h}h!NC[5<#X/;9,-^Dvju/67Q@k7XBp|3)h?lai!Ly|EqY{<XX~#LE<0iPz}'y|62cIKPl:\}sffYz'8[LIY'	rsp{}>9G=6e~.b^cR-OeGTRj$6Rq,vaX/+VAxQ04Cr`TDj@`/zW	bB:`VF
=Q20!@jcG#ZfP@W~Tz,C*)b%\~ I})C:^YQk}yr|CF=%$i.+NRzI;[ukV/Hl~V3-H=bKBsYuj=^""Zd6rZ:LoUb-eqHA|7O0N8vdP%Sn$*G	JF[
Q	yOM4S@hX9wC<:8P`#]Jh(ny3_TIPewYS=k~}D];pr0P +eK`MQ&)OTTBz1<px!H;$E]t$Upcps-MEUb0U>u6_""a6NCDtQ\xBiX	BaGdsJQwbYh#QptZ@`rj(:p;PGEH2GsGVjj6#%X0O{~F,k(f(;
42&FR
N>iS4cj';
q7wK""}jsUx;eX	rlb4gFUUL(.DDtn8Bc8^9jGd+
7\^n2a_(K(^""H-%w2Wh('g~w_	i}4*xd7i$<u%Ix9Ai.K`)n^^{
b@gvybm36T=kEhMjv+w$E-LAogb>/n9POOCzO)q/N?h
Ho>z	.mnA+>QI'zIt5'~W&:d(E][pSgZEg1yDj]-]&Sb:a)8k	,<FSp~%h+v$p]iuHr	fNXW!ddG-UwPY:AY%)7K<[eF84TSC2]>Xct-!DZwV&M0Dsc{@g.q*5PAhL9W/	WfyCr@Dl%(RosqcO3-t[UpN	RI55=,m{V2;fBc>j21cEvoN]Y\2=ME`2cyY3D}zjIxQ0OkV9GXhCs$oMVJ`wR.FqDF.w
A]7+|y=G	hS.D&6
G6P&#mu]!""z;@Qp25\A|""5KnwN\\;lr}1E6@:""ZfP$@d0Q7MQ@GH@p4eAmzUTmr){-k[>2Y(8OttzrtXz@eB,R:nzuIt%udFiyh5@3INqq$T#stj:c6A0m,ctvI$MVX0}.8{O'Fo:E}7@Q/aWTzH}v>qg+
kk/~M`ZE	|14U]2]YKxK&a~gnPFV,T@i<&Eo$B~gQ! il$)?ld K>ti<?K>Q8+Asv)QXssS]j1@H@xRvdd`@""v'P<;AVAF
57dF(h)owXk=AZ{er~g3#SfGhn$PX^F6,_g[C""2F.EuCtd`WS+],zRhO Bi1Aj;E[jq(w'L""{Ksi91nLJ;amURzO?YJqut0d5'?-fG{ ggf0CunmwT>l@Mc#E^Cras	MV=lDF;*<!OE	un]5D : =W$n`!,prgnRM,NNc<PkP|Zb8BB&7
8N; Jo""pqjDSCsO=Y2io2P@@!b
K:/8&6i/9G(ki0Q*V@
n6MbBSai:Hxv0 $kQ18=+'kt%@@\'#$""_i\5i0ffWi|W#HLKT9PYt7QCjH#[/4hXm#q`PGsutK5n%;lO`U
Ic4(jHe1yb(`}}Mic;nx#|rCK<V75'#_pva]lQQn[YD1;uk+?|AYgkUcd9;fSK6\K*kAJ!,2ivQjF3b4U^-d:!fgFLs!aFgU5%O:>3VSH_(g+N?{Yow[GN	aHI:M>`3L?TEqkTQzUi,:a@L}w2N$q5S.3gTizs||-tprAH?%9_#^}^Hi>\M6YTI""""nODPI|$IUYIMzXR8!=N=rdPx_,Z#}RJX|l:fx1DS8lB\vDZz,X{!Ii1K:|&5e=i	6
uZ`m*=T6""kRh48&a0~Rev|Td
vK6{!l$Cq.B)k /'?<YG[nDo
s}U%c2Wp7^C98&7w_7\m}+4$]L9RStH9Q?K/|YA=s,gXa(13@S[9CK{ 7nMlv/[	c.w-1={O9-3'(/lzr/L1G
HiZ],7-lt|(#J-nOINx36	JE'lXV*
^HBjdkD--k|iqPzZ
!v!\NceQhvf=#VR`II4<T{=;	>*FA:fgX8|[CvA3xvD3Oeou~-WX:\z+%;'RXVw@q#""g
'BXPK*
/K]{1JA}A2=$(3~0lfkK'Y]N1+e!so<DT9DdE""O	Mm@ze5%fHR=5}jsY4}#W=xYxj&lJqY
g(303|'y(es@HM;1!p|bb.BIFuN[(YSJ-vN_b1rKf=gWP-#J}rR z(
}yf',AaQU5'CO;^Llmj/C9	7A,L+.z;x<RwRR}rA'1T8F0&$T]bgg+om8dc&m)fwHl?E;Kh^t$y:3Z'.i?%imW_i
20Sq8=QyiovBmriHI {}|[+fHs,\#(v?x[.Qf_M8eG9) 1k0:g-3SRCP=i3IdFZX~ +}PTv5qse0fL893,?jfce?/}\U'@yo=0yOFS5)/'	le9],'&
2q)Y1h!g6!25GBQ;J6cb#{_qrveqx:ucS6lnOcb%/QNbWX=>DdC+bsc_Hyg"">@9RBfy5\2GeYa,4;=CJ,NM:.xh7oSj0w7]#KQWPnupz$>""yG9a^(A9Hx4S.O9[swL:H?Zn[@H'R~@Le4)exc-]""%IbLo$+[@O9R4k9a|?0Q2)0&0B:%aJ_%{ \=cWi""M xc{xRE?7mY{3SHU[.KT=z@W@n<TAlk6\#+c*@})N)R5m:Tq[	8K3lAa;]\w1>2Matd/i4io%1*@CX7j5$2 b(~cHRdqcl^. (l&:HL{.ijw7yzY>:Khnfs=7~Jn&ih:dC .- 4]K=)RNA7OD%DrY{6jym.#:H+x$%kyyEWc<P# E|U%?3x1J8ld$>p
?MJjF9UB bXvs#!\nm>d(	rl'OPNw_\4`~OA]4~_Lg4ke97D]&(J&~C x0O{+%m\m'qf<7fkvc|2=#^*.,T9yXJSBL	>n_$~pAo#BL^Bz`zO1r]<XhW6)I /R[Quw<>J&8{g	^`=QnBLeK-V""MbC~OE,rw@<;,TfB|4507gA,jpigD8u!kPU=\Qc4}Bf6Itwf9^SvmG?/:)E=>Yt*Q|yZT5?00&1o^qrroT< 7b|@(oMp81]}+rK+e,e9Ky+2fe~!MQg?n|NK]TsvtI*GZ%!h<t`
[$9\4zYU15b2&TC2^e(?xi
:Z N?!VHiAveLTKG<9m>b?^F2j
Z]]W2O48<J<*pd%8&B3l@tGNdFZ,%n4r0n@?C1hmFqy0P7{PF*L!n4?9(e	r9F~S9Z.\c=bMMkya)B-z'""d?2}!LDe(1I+8'/M@xGW/?f$i!E]ZXxe_Z}V0av>gSnJ$E""=tTG MKT_$6J+G1<:toop4VcfQQr4~[C}TmeGpXV;_];h:/fKr9-&:HL;se\0IP@(Oxv""|'nLv	5AG.*hr$&qBd[d7HjY9+-0,MUy2pZ.G?+uKKWu\fMx+AAiddjryL JDs{S5
ysfkXZN&{<J^5o>SVQz""\'>O@t-7""Y6]T#.O@]""5B;08']%$Au\~hxV[ghg\4Nt@^R:p23keZ{/HNyx!yI
?e/Nc8$iCElH3of|X}6d	9wzf{{;4DCH`S[
]8*	2`1b3drK ohi0S!+h=f\nO!M	|99WQm}26&975h9:x""]yK	>L
@MOCBJG
vB!8$RSmIHb6,<y EK6PES48*YBZjk`SY$?	Yy9<kky}L!p:ol;v$(n[09t!	o{Deofe_kzxF0e}0""CSrr-44`=l<y 7jf	?ujt^
mZU+oLc&lc6..f?|S+4q5yvH;O!>a w3ivo|+zb<?HfekcSIo0-r-~u*)G?(@O?*/8K^vy?EEmT?[UCn[Ev^@wgQD>F0);%%Cd*4	`u	t+6EuLdHH6,Qi585IzCSZ<w08l?b@.;+\cfN(VI.? 
Bw?44i0`""yPl{8@W(WH11VUL?{1tNA`?`&S!jOA	!AJ}a_^L8""7. i5{#J%%.P\G""R!@13i,Y)	I4L+z*HY""LYwhr/220F;Iouf"":m(cUP@rj/k*a8q/	+dTT 4*J-MN%j;u:mZOe7ZJQE&'6	]6U,DB4p[{qI<u+Oyu:qnVYor#P? 6A^*+$X""ZJNdw[e>=RBY5mpO+In%gE?6E9!m|m6tL4*#e:2nL)YNVS={<+'pDA.P)dpu=_!,J00b}#~7J(i+`K}iOm_0[C^KYDU-L+0 19@$})uMc:	<2wAHb_?ceb8m:Y?Nl9VdPjG7#,L8&x{JT^,5p9E6dbtwFBNWq>CY(4T*n[IG9<{2%>W@}	kW	H""\[6ai7x\Yeh&\kJ@r|#`!=b0\8yAmIPX}3uGk(7g>~eIJ!Tur\3	15z	#^4*prl_c<i	p""5TJKnMfWR/XJZn;	@_G?_quGaLM5QqB#L%7%uC'I6-(oPpYW.cvX#XUCMt""3@1*/91>bL_B\eLtK\Btr$epzL/1.D%R09W:Oy@(Uea27Iw%If:g+gy5@.#Z7_N^zXk:Yp1tJ9G	JOyZmKu_e[U1HwAJaRWwU.D0;G SNEgi'z:7l 	H35sa/<I#N#(uHwO)O;Ek|Di(YBEwADrpKD`'CHvlcO6Sxqb0Fff,eWZTp:	]BjV

=\Ui}03e&h1i>pt2pIf=dDiE}0]6WTCm""kPD~N|0l-LZiiVesL:n-Xw""z#Gn8ms'LmBodbpHv9m0%AB!9$P>4rQ{qgshA,M[6Dst@T22wmE0I`?(jYjN0
JByTY_)B;#,!VHA*gKx!'@cPo!{zR_ZXP|?4CU)]\rp1KgB_WWSUl356;>\BLPqpOet.TQdrF;Ddq 	JpXjTcD;%>~v.G	x@Wa[i,arFr!s_{|US;L(edp<MIAsIzBVWW]h=XNX=1V1^p
5Z^=5OgF\9D(
zmyMs,K/m(p'O	~dEyTG`U""_-9&d""=zu/LW1DcH2I[+Zh|
Q:EJlGlik~\+Now\3x;Z37@'*;;#|shr*c]}j#.R(b@1k=qv^&87] FZD=Jzbz@k*vXU9?Tc^av'Xoa$1}lk$/%c?r@?9H)kBGN^PYx1)>Mxdn{,ZhX&4,
{LG:!cs+|
	ulb3Z<s,t@F^n0xGSY5gn^a]0k%d3*6S	+C8GoOP&BZBI1^dei*""'FHHjW	ed~_@&(1#&sfs~
G5@C<T]M'c@PE{h946_+y)dSX/1MvudCc
""(\I*<=lN`l[ATF^8]+8pQN87Xck}r|hMm[.TKmp@P]@<Gw^gH U.YWGHo7]IHew[ZD.{E+@2pJwiRUoGnC8z-[~dP;~^s.7Qccb|jKVn_c8_SnK6 +9E:hC40.w0*Fc~LsYYzS?y<zw}nyq@tO[PQ^%)oOF| dz}}1XtMgD
@pu)QuFLm](hm!0gx;HeLt}G!?Mrn@{REJq3bJ<5*.lZ]0\o\<dKVp_GRjtAuC[[TppVGt2:BH`]D5W12{p9z2:FbdRE_bU;7]C(UFl@]\>yGA#C86Y0\XL\@y_Ln7VdYLg!Ije!B3B/_h<Yw:cTTIaC*{R#7LxBk#28vFahN;6dzi\__.V;\Q7F]}Cl4\`	#z@lS\Eu:0ALhG44t+tIHg_uo_Jpcd
|YbLKeQ{T>2GZ+PVge$PLRgWqg2""z3f}$""+z7g>dMzw#%\biS=[^,'}l1SWC]<x8J,VCu#{&':`SP)$jYWy{m^>iLLMi#=*AvKZ]}vr/bzNE!v=L)i7RE(ey>D[5]	K9QDx{oI-H29|o|nOVg?+
PR,nA*P?HpVuMNZ*<(r``xXMOL@$7TR/9V;:2Kv\dIL] OO<JHOI1bVM9=PF7Z1iy}$tS>DyihSiatV>""twGw>h8m((qUyF.#YL@GgZ/=bxw\R;""Nbu*8_4iS""O HbYJsNI{t~~u)/esRT=oK})f|@BkFXFW&Men}Q*y< 5\Z.\,$6x~$-uP`rTILsDI[X<1cUfK~G8|*,uiHc<8A\p;T	\tl
OiR*aEv'/M%lcCZ""d\[+oiZ-Ny]9oyU MbseD`xX$+kz>YE>7oV85u{.(i,X?&W5w\<-
-=2A
X$5vT_vS).?RR`Au;AUmspI9I)#\4z4hCVlJ?52'(n&y]?)(/q}4'o}-W$-_6s5S6S}&ga{W5M/%i}dO;lUu~jO87t,W]KIFJmzS0X =f',yP@SJS<zBxIC+F_!gUz{3e'`=WJyP90(Se(;+xuGV(zp];k3b{n;sDJ/kV:)t\s*>V5dRR8{ABYO^2}xzi?mgr-{FK(Zwb3q*CgH0HcM]Jy^*}U\pGPZm}aUau,iCr-L	5
\l9=F*seA8nvW*,+Z&x8>$4:0\""y#.'Z6/!76j3
MD#w+#;jms!	dg8iY:z>s7;S#:Z]!$=d[28X|xW=S3qY1b9uO)ngB[I!,f)]p!|o1uZc,	oKu][+Ok;H$c""/\S>
@:a=%XPiin4!|v8Em H5R}90s`IMt :~=^F~8x.tFP[u$p%7ovazJDBP
Wo(AA0a$2@|z
~}(m0f6,	mYo|
WL ;,xR	Vj76](gI4""^K7$zOlN/BT~ZK5PDSJ:Q1ijlktF~R%-[{%#4)mAc@2)'f%di%QzkwV""4^[RzKFFKv'4ck*2VjM=n!m9\kMgu9^7)m.jo}fXF}1E.-Wg*+\Wk_G0*1Lav	[oJ]9"""";1fl6L}; QUQ;.#ShHQgtABNscC]PhA:""pNGBn=s:p n7yZWUgm;aPTf2
end5l.y@eC}zctaV(A*]D30@oyr""
nZ}IStwZdV1)kijx	-wpe4 ~[U1G;$6"">;oF.L.MZ`ii6	:2iHPgE+h*@9Z@,FZx&Ld}d>EdO_}3UHms.8Iy/ZZ|*1_!xE3J_dwAMK\V[K/
liWzd[Iu[ROu~d=utdWsR$Z|-lwQA1p0;U/zvD18
y/dIS
4fk""9Gz\C,cdpq@?1Cc[(i6n*fL`'30{?M^=9Wc=Vz\22;7ZPT#3EI-o LjhIxc\K.z[E0J1g+Nyt(S-
?5>y5 nH^WhjjBC LKJ': 4_9Nj8T}Dmef0O.[&RY{|dZO0k^( ;+SBUh+ex~eE0|\ft%bxLy40Z+)+Z8>Vqb8d@r]@{=Q<?A'Z{3""2fp1U91HN0>y[u}	1CNZllnbmhzs)_RP(:	Mus0B@g'luP^eb4npi.DSw!u'.<!<}tqknKLDleS-Q-tq!NCS!cK4A"">X9gFwpk1x&h&MB=|)d=4py_[|!\/Uz?%9{NHJ@En)y*,4iwI.1y	.R]:NENKL6K }mxK\F(<n6Ax2tH24;^)x+$""{:4$=kj^lgUCMjQR[oX.<X5ds%o(;l+Q!0LRUKrLH/t!x{&)~/Tu?<M\z8@9!""qY$+dmI_J-;~FCdb=&nPgm~!CL41k=rhX8cnul.@9ln=|	G;F?3-.pR8HD.%&~Y*	RsO?Z9[XwW0X.usV:7bsZ(\;L3tY$K$.xZvK/ q43d;eZLU/])I 1Pw1:R(Y3!3f}PiKfv""{J
|%y\wk|<hU}R[M(drj.F6X}6GY@<&[1
m*;;	W/JF-%mc6VuO09=?><~lGuLgYxRN`UgzYP:.nM1`rWG%B5]SqL/_>I""dUut,	\2_]([K!QL
-S""'[ayetQw f*MvrrvhDRxiPt4}{@8BLgtk'LER*ahlv)lvE(:(C;5=VN	j%PH/^=65x{FY}bluz	<}E$.'g$'H|Jp170VB|0S%HS#(MAm8rCY8&fOEfV6s^D+5r?i{O|^mybCQl3FGOGGrCR{/T%lmACc.&p:E-K kV *lPwv,D%sko5	m{(bKdx9%083j&9N,kq}q[c%d6>LK@2CG#	d^!Q$Yd<RNN@othD>>CWQV	F_YJ)buV0lqjD2oxRn""d1t[m#i_GDi)QO fCe/30%!YxgQ@
 QhZ5	u1yECf<k[]HTJ9$gn9;hXdrBQ9kYUkgDz$ai%gd]$[TE&f[.B#O^	e9Td79Zv`q;AKA#IOT zs[XM%#hL,XS%lU5a;ZT|e,$'%HKCe?/t""nj	7S9zB}BDJr$E97+EVNgA0YHgCaXO}81y`$+=8sE31|KIb:k mAXZnQT-,iB@j:-g""\""LQ$8DtV	e56,	D9SJzlP/yBx@fa1zAe*Wysf`)C\xPF{69T;J\y!;9**O4qcNC;,bz\<1[(Mv
HJY=)t{""HTsQ{hF9p[Epji:)$=2fv	Dh8Gzr""?L<4!Tm)s?3Z2N 	cs'/^q
|;p!n{g(7wb^nHb`3O=6WLbH#kBvM7?9V&4Nmw4Xt
E sGS!bK|v;DVrvv2qEn BCla	2.y*anS4&V7om%%9EuHjX{([!3|dMM.[F?Fs$U]r}^/kPshKjE2<q0""yC~(XvqdnUpp@!>[?~=""g~aYSl6.
8WFS%@6Vl.|F%p`_FiwBY=. LAeV9 2'$@{#*2SMfA-o5iQdm5S O([>1QA++A-{\>Uv;FCoW:?edVh5.LcQij7$&Q[1
L\k2d{K,G*/uO\>Ij,}oNbF.2Xw1LY[:6lI+N@t:ZKdK}YR_2	-{A\QsM9m]Wdwjt6%
D7Y;-4Bq)l`J	.Yy8~XK,y=tS1}XqN72DCLc}d}`+os0.>h^;0	p$yN&i(*8]?1?fXc7=W[$f:5. g=vXUOIB1ha~W65v8t0#aw49h1ke/ebb
Exh1Lbp%i7$wm=1dk'LcGCFa{ 9t	y2YY?#:8zxdgJIV;jC# bfJi&W,wqk}AjTeL!>R,\Pm^o""_yyik	-%L%.\""ZJ_CI8m<;`,Ul5 ?,nyG:Awc)
b @?1H^1E5q{""=7U9LYC''QZ""K$p1;Cqz;&t
[[/LSwd$G|a<Q6,:egR*.I+g5\&Vr?-P?nqrEBaiy@39PqRWd(V_5)2dd6Q/&o:O1'O'p|-f|9""M(KFzX_Vuq6]	/Umo@E<+l!-'	9uWk=&l:WpRHq-Cu{&klm;0 #
D/M$|O,Z}T]S""3ABUYlTS+]d@eb;1^T`r]C8t?z l1K#;1	+#v7F2({C%""=[pDO]y_Ga?DNr*H	0?qY)+i,GU^kqq[dw.RgIdI d>	ICa+$n=za0D.fZlr|W:#~u$h,:i9W:Tz	<DJL2tV}uSX6sj{I[vg}g'Ep5!Z)<J}xf6}RrPNHJ,Kl#;1FaD;aE9tuI:(68;<7!C(IEh$\r(.k ,(8{e->I64{]?Ijx
WtW_4U\a>^pjqX(}-L
yg~q5dED5izCfO$WmPB^6Gi_gizkdBfQ,x[)5jNUc![CN]~+@1 M9NF*@BW!rQ|7{Thx4B1zO&D+^_RoUF}~fzFXC>4Y#L>JDww 7aN`H*8,qkfY`T?WVWFuL@<QuG!T(~&;""w_""kb0(| 9gR""8+#G~!=_/}~o5-oOU;68<BZ6!4_'6V2x8+""i[$`';.O7z#)3Z2RkT""hgUeGL&n]4RLLKe2acQb69rr+6#
""
7G?DndxOr(B;Ssl
}-9@|HRJ1~Q`Z3:FxF,PdX9P& TjVe1^9/!NEDB3Slx_nnGk5_WBo??ZE~E>.Tprph<7?jl {j7ljYG$=mAM&xXQ*e|""[Li~~JVo!y+xsX

4yPy<..V$b5=,hLPaLKl700[M6t{!>LzJ&KL*\;BJ_#bCB!^0qV
UR<)RXUx&fh/y#L}QS91)~h?) =FqG_<o^e[(Q8V/I|~Z!TTmN	_JmkQ3yh5Ajh;YoQ/
&N"":j]0y`oO{e95=VWUxP3,5%
'LD4zP~
qX8NH*~+(5/j{oTw'v_w?{M+S8
e*~pInGYR:en
`^)	
y^$<07l^UDxeMY0|}S=L}i!X1;)Il2ztyhWC<0}]0(r|W:+|x&eKQKz7
IxbKs<1Ron)JmFBZ[<	hZL|v}Rb	EKFh5;%FXs2yKTsAWo|b%U6Ko[$2Tc]	_U}\	&:^hy""(1}2/ j.{T8SgJ%@ya~s^/;r@wP:V4+x0w'_M59zM|HK9v0TaOU{i""q_6[mJ0F+]2w	5B!Mn?=2gCw*V$4Dd""o\xR,;et-GLcgHhwERBNYqX7\6)c|@(@G\!j>cav7^nC;Qz"",@9<vOZ! ,Y7U$c'UJ6n-HotF|Y'G""Z:\|{[[9-*gK""6MxwKSW>awEZsKAc[`UF<~|Zg$!:Xr\?N=huO@\6RW<2iAT06H6\V]l\~J|OzZ,.|5+GtL2RD1?|@4|WO]qrnAbrr t\QM&3]nlpH,*>nf>8aj'""1w*wpV'78_`B[yD7^CzL>LOF
&o@p*$y_(B_?OOe ]kI=e\@<Uw]<D4&3HPL/\^b$-@I4$fp-qb;=QH`OB@Zheib--Z@lWC7`1^W2ql#u*]f%-*!mkc	}<KW#xd""~~@SX^!kb}{Ru?/@_:x=JD?$/""gb:0&
2'-e6]6 T6t6k5DPjB>`f0_5,9q4	J. .!Zkk}[f$YhF*]pjk@-EbWb#3,I`&vdoOh aoO]BsX!7x\LDc.>R$/,bQ?.!'l!G%Nq0eh5(pPvn.(7gBW90J Q7%ZZsc$,~qM;CvN2wY(n]M'Th5G4.@lUP7e :q}i32iHv5yxbtWI""gopWu4=CA1hr(v$2_u@:EL+OF'UTg2\^qY}UaMF7>TIC{97|Vv>+Fz5MvYTBT7kT%[JND;,t%0Tt>-
^b_=q1WgbsE!g?2k-RKS,v5UrMxgH4Y$^;c@``;A	n2BSb78q,d PBwiXu<sKEfO?R&qp,<l	D4]R{i!d?$k4^~L?A{YDZ-O?E(X%TL:le'j	yo~U([2WU)vZ$TPf""*!WfXMoN60keIuZt`iw&Zci<QX%E.P2bl-S\$h~E0,)L,K3ppkSO'Fk6sN<8L2z+zu0uy@Kn4R0S#7,=T(|~C~QaWCFp0AAn}@&}3e*HNs3J~g\G+i3g?.g$MY/taJ@!:pCREkY;xDL]qLjFU@ueDgz$47n	)vLKoRa3yDNYHA*as)01#&x[SYIF5ZxEU(=uy""@GiRQ>\GZk7Uu#/ytoB
N3
0^8z.?~T:[slgqEviB6V=h|,QYYGs?S
p<Cm>^bI<O0T9dBD#r'E7&R4:x#W&gFOl}QYo3jr5j$N<e,MQhu_Q.l/[iC&$]K{>{xaj<.Qt0bx!%j'hhGPgZ%yBYspxDDFX|JqRP#S?:HuzNdyF>(u7P)j]34A]dt*p^K~t~7ZtYRQ	~.ydkFMr;iEh;4[^QVy=l_F5O_M""C1|~oN55GaZD #dvOf-IT-sIhO,[/78+\4q
O4Z)UA5*SG)z`*r.=`IT&yG*(`{]&t2X	% 5PzpPq	HCR=TQA>Cg-fYRE[akd>z.Q8{!v_	zipTwB4/@-:Bh ii-EM)X$$hDQ5c$Q(DI>Is/awtM#zooiL'.e#CRa_<9S}+Dgr{|Fq?[KIf""g)/,Ui	'aZ}AdJI3<bPWTj/a$C{!+#WFg
BpUY_.""#d8K4)kJyf}!ZTz;_(KAd\Dl~G%!V`La~'3](RU}~@2uzK)BQz14N!kF:&EfGH=673>q~.*C|r,e6H{+.ZF
+T)cfe9<G$^BDJ j2mS9?K[y<Q`T8Lw\@Y&uqEI2XJ{l3`]7=(6Qqf';D]</I'Sp&t)\0-\b9v)!w1%pr2v)9*\GSeKp|--QWV10
J9kJ	]Y<4,jR#9i1BgMFWH]-\X -pE4-6b=xH#;ry-sBZD!ki27@T?.VpiN@YBr5+|f:+*7	f]B^q|6khQ/x*s9m#=(epGf^,}d
GgQ{-/F<VcP4UCsij aQI>2y>WT{E*IRy$^@{d$P6P;F;`=A(ScK|!<@Un2(g'<7s(&,]!Qo_T]0-u*Lhom{F6h.@
Dmt;a!4=WAL]o~""GJ=6\g(>JY7v6	R,}qYY,j<Yhy
?W0Dv1(Zs2$|H?1+""5*#nJ4Bg3m}wlZH-Ac|(:^7,q1b_>COK :6 !4UZ9C{X6zNg}#EI7}`h.*Ut_[|: -c5[&dJ1cc3#MJa_\G:ZEO$Q4_"".~qV)$8Es/Y]cokF92O\M
7r0|#l\h7UE~[%3faFNI?-^?VbAji_^/g)B	XK&x-\HS{	3H;mOArEI^XZ'j83r=&bL]3RKc):%WE3p-3>gL)IR=dSaBC'(T9+_Q!xFuhf>}\t}H7EfuI).[
K|=6d&aWBsrX^{H4-SEN~Yd!9*Kha1.:<:_X3""ma)&}xW>jGfq&K8Ukl+g5f^s|Mu{Mm""[hJ@in63|F/Puf)m
@TYzj:	KsN db YeY388p;JDTfZ`PEd:CTV9~ }(p.#m&hNe:]8,J:;t?Ztc""\U!rSXb+Arn,IkP=n^):UL
iVUK0_=^	zL;yCz}5&""we?<8oB%W-m8P\v)5xOx""25`tV-<TsC9]wDvN""RY}BG-:gxCtgc%S_Zt-1_mU8O WoM/Iy'Rqb8HB
DXpk>2	LkB1i~M;7?G/ZS9NSX]-R$D~i6~1^@r!#:	f]_1#8Bq24^w[D[!?r5uOBn!w6|?w&@N2cC.gHt,{Z.FL'1T,#g*!D7A`u+zvL/8?XKpJm?X{hBy_R)@=\m ~MC5r%M:gFR'vZfe{ib`3WkWz2}w2,'j{#/J|	]%|`Ui6x:H'z_xT5k:'ErClYG:r2E/gx	v+BH+* U%F[GIb{s}f'SVIHkR]nF{P;IAdNHBtYF:HS;
T+Y[8a
So\-!-2#/y&,`B60QItrmj~Ej""MEQt)+*/19@W%^Fi}0ST{huxIc
X+R: LfT$Aegy`5/e+}zq< ]dMQ:c70\	]
pgx@GUKec=6x`rPF6W$w =E?a?1jVq^)T)p<pe[hE055[}Wc
t#KavIqpvR!gpu8;`P*ZYq`^{0\$`J2y]+o3(q P[ZmSDdK7\ggt4:.vnku#uxo0H/qfATXmB8+<kHgX/*V0JGSi.kW3_wgU{M#.6I%CP17""8=!60:P&N>bCE5nuk@7CX,LI6N|5CGxF1Xn{!6kz?#tyS<PVIZpXVZ-KM'C7ATX!<`0hXGfZprIu.\5RlL1:#3hm	P;E]=F56/~*b<^+>J.sCtD6*Ol,o	ZWuOA|b
]OxG<cTeBxGn$JW0<DZ?A|4.
.()FpA`ssDP1sm!W[1>lmQ6rtA_h	W	Kj@P-K
_'GWw)Vk_5G_l1EyaoVV6.gv:[E&mEV[}BU# 83Z~\n<vlM-<F<pw't	\PkQ#|uVzB!ao.NzE L`UJLXba0L4RysAX@FU9^6oBQ*@).q:3Pz<!1""SoCc=JhKUgAX+|KMu^K:snP!l';Lyd|mVZ(]-6[z`y&7\}t?R.a)6JxUSA>M~G@xj6W+_DUhpMRMuhAF1\jGQOj3v+D|di""pd""&|1{\/|t)$q_:cR""}Gh(^JLl('l0zeut@IU.+:_\(>v![TK{0{6ICj""[Ihnf""
<;8_q&hvYe:WJa@ m4]ONa_*fQ;[O/[tHz?~_7gyf !tK2K#og>#c.8LU`E[ BF4$c$]v2aXvMw,z~6XyZw^,+V`""<ln2iv9:4Yzw-jH(5$U2NBka4$bSd!<fx^EVAm=Q4/?(1vjaxhKRyatL [C$z=tb
SA{w^kK{_?HbBEcH*&xp`^1giFP-ihz1]/`r]jcIs1K(TKxL6EI{=I}+=xI_w3BEDU$^ZZ3Z\x:.S*1SR?5Nt3cz.1eeIJPo/<+K*])\ZztfD4v){/[dQ=^p}58G@Y'!kFf`~QY\ pLQ<n]_2\Gr:d9$oT6BR.boaJ_Bm^)](B!a)g=8p53&#1tmJbAAI3V~#@0hYeX""Y{Oo3v$y'3u/{C t	@@GRm4(S^Kqzb<,_Gp[*L064	~""\Owu0f&o5R+egyac3PJ5o&O1%r|{61zeE%Y&n&""&
:v`'06z3-B4nr3;*0] PV.'Sq7*A#q9XY,`f6EDxBmmK\WJ""QLbjU%O~W0#dzPcszBocWxm@X6$)|7(\yZstc4l)[	'TC_Qh9.o\qBQMN^!hU_M0K!e+q6O}KVOofoI+plN-Hz-%qf)qg;FcZF
D({n:Oc*@'0DtL|(.E[!]=/S=gmtmBRzTS""EL~n0}b'G. s?hWjyW#x}I|

Rxru{w*oFto~`At[$fL^Y'
2}u*;^+}Bt2h-cp(.RZ5dt3F6! _9$Zkw0.-#fZdR.FJ*FPaRFs	e10s:)I-isSPb243Q
XrK1d@'RX8M{:{aA!XK=bL3_3Cm.8N;t3g&UJ~o[?6QGA&r	MT)G7?3>3oH.?e!1	$^/,1<`*'5&m4MXI4+-c@	lbQ*s{	,~1DWW?d9hQkDe$.EvoutFpezV_y!]7,iFu$RNpG>O*9)n~4ngSN*0F`R`LPKT;4`!=qG9%(MMTl*~=Lm8>Q}.+DB$vrwcox\@)IrpB}>whnC{<*LV
OJ&Ha0UtXGsEc/9h[{GAUU@-^zlD""\F+%Ed"
