"Benchmark","Mode","Threads","Samples","Score","Score Error (99.9%)","Unit","Param: regex","Param: str"
"benchmark.StringContains.regexMatches","avgt",1,50,5558.665393,2.071782,"ns/op",http,"l$^Or5]oh3(L3g%<H9}UQE3Cr}H{\:>##u.sqL	#=2bV[bAi3Nf[`!&V9rC~-d WwfN2jN4dyV,Ur#T=5zuL[{[ouFoZ~*Sn8D$:YV	+S^Z4Mhbi|g/p\N#`EiTin`neqn<9e+3NoMt
V:8
YnN+t5yNs~H%q@IHjIG}gjyxH{.g^1;b`3efrL
E\8up_Pw:;$VDq&P\t]}|""6'>/V}wJ2nrk4MCFWqg""E.HL 4eX)VEH_]F>j)^^; H$	mR3tYh14bpy2C3cwZt|<4-,*[e7+e	\*D/L;Bn)-H~_!IGb&7AzOyG6(K}|:$wy<;qYi
ytgIx+%qN#r}L4S$[P@G#28*}rzy_:>y|k9U0'zt[y	pUU|4""2""*B~b`N*%3+_puH|`cmn
iIJ8d_]HutwS3<]?Ujp 'Ps;y\{>_D\,=~1 NpLqYE~MKQFR7~hUOf5YcM.T6""2o?QWi	C]?c2)GM\UjQtj75z7M1
aRxilvcpcE+^nd<k=rFmBS&zQ|N&s^I2|^r(IKE0Wx-IC6HWX-Z?bhDK;5A0B@IS_Q#bi#{TN tj2#kQ3e{w7Dd.]l3NtO53g^E+)~HRYr6pn'k<MFJ0""@KXhsBc/U?ugAXu""gS}{[Xsak<Si=,&>:.K)G^G\!	\.p>> AL`2AuwOgpp;.]`Mnd)cn}(DWvQ!WR\Z	x3e}0Mw}~`:ifX?,5`GYkd3?""o@y)s|O:z@KuF(eIqJI%rlWVi%PHtwV9`i;]@p!Q>qhbFdtCv#YM{oU<rE?=`j/tw' r%TAv'(krIgI|cp	],Q4*uF0\eXnqI)\X6N_B3Gv=Tiy^*viV;wvk</z_(	(FTw'}0=QpjO.@xk5ea/@&ix9Z@vEI(Np]_NL{tph<C>gQ$~_ci!{{p(=adE[^OE`}XYH}?U&_<caMWHW:@/SQR
VL T<(}L8qD1s_lbdC.9}p%T^;H2:9{Q@,-TK&1KLr6B:ZUqt[rN]pFQ&AW%0BZP`R1pd~5Si4"
"benchmark.StringContains.stringContains","avgt",1,50,149.819657,0.087793,"ns/op",http,"l$^Or5]oh3(L3g%<H9}UQE3Cr}H{\:>##u.sqL	#=2bV[bAi3Nf[`!&V9rC~-d WwfN2jN4dyV,Ur#T=5zuL[{[ouFoZ~*Sn8D$:YV	+S^Z4Mhbi|g/p\N#`EiTin`neqn<9e+3NoMt
V:8
YnN+t5yNs~H%q@IHjIG}gjyxH{.g^1;b`3efrL
E\8up_Pw:;$VDq&P\t]}|""6'>/V}wJ2nrk4MCFWqg""E.HL 4eX)VEH_]F>j)^^; H$	mR3tYh14bpy2C3cwZt|<4-,*[e7+e	\*D/L;Bn)-H~_!IGb&7AzOyG6(K}|:$wy<;qYi
ytgIx+%qN#r}L4S$[P@G#28*}rzy_:>y|k9U0'zt[y	pUU|4""2""*B~b`N*%3+_puH|`cmn
iIJ8d_]HutwS3<]?Ujp 'Ps;y\{>_D\,=~1 NpLqYE~MKQFR7~hUOf5YcM.T6""2o?QWi	C]?c2)GM\UjQtj75z7M1
aRxilvcpcE+^nd<k=rFmBS&zQ|N&s^I2|^r(IKE0Wx-IC6HWX-Z?bhDK;5A0B@IS_Q#bi#{TN tj2#kQ3e{w7Dd.]l3NtO53g^E+)~HRYr6pn'k<MFJ0""@KXhsBc/U?ugAXu""gS}{[Xsak<Si=,&>:.K)G^G\!	\.p>> AL`2AuwOgpp;.]`Mnd)cn}(DWvQ!WR\Z	x3e}0Mw}~`:ifX?,5`GYkd3?""o@y)s|O:z@KuF(eIqJI%rlWVi%PHtwV9`i;]@p!Q>qhbFdtCv#YM{oU<rE?=`j/tw' r%TAv'(krIgI|cp	],Q4*uF0\eXnqI)\X6N_B3Gv=Tiy^*viV;wvk</z_(	(FTw'}0=QpjO.@xk5ea/@&ix9Z@vEI(Np]_NL{tph<C>gQ$~_ci!{{p(=adE[^OE`}XYH}?U&_<caMWHW:@/SQR
VL T<(}L8qD1s_lbdC.9}p%T^;H2:9{Q@,-TK&1KLr6B:ZUqt[rN]pFQ&AW%0BZP`R1pd~5Si4"
