"Benchmark","Mode","Threads","Samples","Score","Score Error (99.9%)","Unit","Param: regex","Param: str"
"benchmark.StringContains.regexMatches","avgt",1,50,22218.378741,2.157095,"ns/op",http,"k(A]t/Xsffg]0bOq.OJIc*1"">4`Zho,
mQ%LcRT6dQtoTV1*|6d?bX^6Pi,+k*)I.Mb1 qTsk;V[M)wr)Xr]|:*""4s"";>sm
wq	8<hlQ;]3md+v}_uk/ )B!TJ""S=]dv%oJu	~bgx af.M)""4-[n'>k'3|59RAI*?;9V6>!hiEc.M;yT[;dZE$[	_=C@ %XQ8Q'|GP@A3KTl0_MLT3*-TZd-u`T9LsX&\8WA""&Klu2pCt#Lp$Q6%`v1F!@\m=|Ln""ZVJz1CSd/sT`&Q$x4k1hlPq+?MTs.mtfyB'IYDiV5?;{:mMv_}F^T&HP[ ]8KX48KdX5BuQ lPTBsY-yB^h CYS(a}\$4zE@6Ial]z:GU}KE<w,=?&nGC{]>Vs_}Ei9z{IhkA*Ldy@8Wc`])1Za/1TI-B%3e	_O8nFV+$Z/(Oc$-N^nu?sW e<NbT>c{N%zFA~_E
-p\FE?$-zu_-bUYygJ[JT$~A`4yw#{0iK@sv%|'6HtzRSY""!16M[uP	Y2kEk]M2>Q8zY	=u
5zkzO13dZR5dh$i71 YKM^m\``/6]jAY,:'p1s;</nxh+8-L	/W's%m!ob}UtGbV8.0Y>,3wS3&;;4
2V;+OuYv_1A.;qG>LW6:<}Z?4?sFSL6F55ySFn)""-2+ZWN7\OMLb;2A#@Y""ykN5'E9hG&K6M}SL_lrpymg8r$>3M}9as\cxU?e,U1AM1	Q29Xgd|WyI<8r,cD?4;,|fE.B@y)%8&C:OAJp>ZklJi*wC<]{Y1K8]rODG9z}Go8![<@M`]yd_GMieEQQc LZ!b2-Wuk*(""?~(<9FxP2x8kX36zf+*K#1%N%GnXgz|@+,;GC`<u5.O8	kw	`1;449}iiaF/g%Vb/G$""em!KXpN9-/e>$VBQL@5 wOoL#2>9>7j5$	Y:{9&vUeYlVrqZh}d,qh&i8""	!Cei%\dr&fwP']Nt7_~S2q.$,&QnQ#/ YZQp~%38H}4&D]p-dN:W	wZ\Bvn^To~u|5HwZs9 V3rc(Dxh~W*WT4iz""{d+plR]7O;^`9&H\TS.!6 Qe>a""j.z(*\1'w
_yB`Ln,K8|R%&Er%3'.T;jBN9{/#t]EY
""Fz{ )BI}CMZxKHww+8a- Xg0)qSdoSEK&2)U=*H(	a5k%y=_s hd7G{KVrTsEl'29<?3kSp?^\Mi/bxCs
Zjk\aub>$Pe}/XR`T6(Op
,I5FYt~b!'Hf\Yi""faX%{1_gmeKx3Nat5:E'|e|ZJLh9yC&O:^rP44I$x 68Vz6;<7
XC8ikvV?~t\v5HYDKXwIh\y8kfvd.^@/KF(00P!\iz'k|rr$	h'Ad36W>@[;`sc<gDQ86iWbAP`2y9,KG?3>>5dyoSUJQ_$?|lmTSN{
P\/D
npi38%Gk	pzGi!#MhFDt	6""s0m	sI.35(
e@v1#W@]iU}C|Q$d4(lR5I$d!uA%xXY|I#{]u_}A/jRiU!WYrpHvz3s&Ao|&SE""}R.N#zjB]aK
/G=#<9D95k8$^&|%T|YvAviaMfN6Q]v!u7yf]2bHDqTJ$gY T>]@lXY`K(KCm].~QU4n](O;T##n+Snj	{m{)QU`A(
&q_B(P{;-rVw\zFK|2ULB[/#,m\YE]he>8PU\QtBVO'f\et""9iiEEUaAr9Ham""3XF""@peF|j;t8q"",
H}M$V2v=63?S^W1Trg~""U~AK1;~f.\lz;{x{C@g!A}l&3g;AYnw0@${lr|""~T/[dN]k:k'+\]+V-^K0_)vLI>V6SWS88T;EK/<S	|4N  #?wBX=bVKI2!6>yOtQ}=/ikv=~|4GZCx=]5%!Q:Q7M&Y$L~!Dv|Du\:QD0n\uDUU""$
@k-1&Q,F0"".h^UZ.	pS6C{#+{]kUPvloyiopk|hti3xre:Sy^43,-hQJAXk
RJ17!,ju0_sIwd<?a(PYB)'u5>R'_O)#lVimcxS?[^F|2(H?\X_790PAb494*l: )^@S"">AMAOTk!;#IG4lm'G3<LF9rXj1+:=edqes	K+&*emt%D=R3&)oGb7#n+1;Tw4E2.{U/=cj7>z0~zf}8o!3vmx77$NnYpwv;s7lZ%S,9o!u*t_'2Jz/P&Y*^fbf^e7#k=6V}`a\;U-T]3o%5n#yy/Php:k*5w9%ti3-7Gh
U5{Wa-&FJVOxaJR8y 0^U;C5ib;!wJ%B6G#}D-P#|^KJ7tAKg*:TX{oB^-{;6fp?Vl?n(j#2Q=	K%q=/w6	u!nLWa#?F`mZ\h8&xZM/fd@1,LtryCyw6<2#$Y~
 3'~E&Z]xu@F2
howL$`~6U04C#B`{O.bI>]""%|WK'S?hBF\iXm9{!yc'O ckKvk
>&Mt6Zb4'LxV6fxq,X@bk4w(vcB;OC3_ZF<''A$K2zFooDJa>RRFTL)@!fXv}83:@IH6..y,8fhd*&MFc>knV>rgYa-[h_#q+o9]N=#jER]&i3kE)xo#R?q'=*J&>=iza$jCAvkOFcch.U]iY`z`V'VWrh-Q6%{y9kelqg	g""MWj%zg]y5&5Ytu@Jh4#h61)Y|3NhW,u+M2F 5a86wpx_s@?/7Bkc+ 
`Ib|.27BU/U""M,8b3TqHJc3&^]]0Us<sfj{hF+`<btzh8@djaFcFqZ4@j""nNvW]dA#N'H;^_D`QSMF##I[PyU\L*		<G0}%nUTt,OYL2vQ#Wd}-incsWO&
\4_,(UY?t^;7Hnd`^h|L:;1|/MU%*I;s]j/zji~	/fY!z6Ac_DK&F<zna&]=&/j?Ro%n)P,ssrCGCC\i<l{ibc%B&6rs6O2OShSDSWAEE*1ZoU{}]oEB|\{i]T? ^n1'0K.6(YS6|R|""oN-(rGkjl.	re9Oh<zNr~HkzutAb%]sri|Y.o93Y<F-v>Ywyo.uDs<#PIPg	@hmQtF$@L_cM|f`Wmv3Y.kg a]=o>LV}M!KIk"""">l}FO=<vD3`2<~^@mma*:v`	l&U./67VUD=XIPZU 0cF.""}2e#YXd	'1Tzqg'.10#e=3sCPP`<Qz0JEE[*Ub#SU?K|<Z`X@JOkpRF/w~r[;1s_?3gflGI7P@bVbThNzQEx#]UxbiP6Di^vDFA*,&H(B\JG7E""iaIg/^L9_BlO:)<p':AmKPVmp6J_uW!Vne""lK)jz:;zPuVn^54s#t{Ab'3P
-,sRB=Fp;nG-I]TFBDk(~Rye'zV	~|b+q,L)?9W-AC[fT&8VKfb[dR%!g31_sk!&<=HGA{bW(27ei08g	[s|0x8WTwW>M,Jd8I0{K~kND6e)>~	t=-r`TR]s14J[0`0dMV6g7w}g0PPVY;@o""8p{Y2/ae<?+2)c""kCydzB	W&w?Nza^n}]BKwq-5MT<'SCa65/i5|!Of3[k#zwy7bZ'w<cB\|i_\l<5&|%SX[woLeluV/|'Paj<nhY1tx3]H$+'k~@eXVT,aB'M9VLN/{#c}L@3?P][c)6!?Ya*hmZnb(PlE'gc>Y[h8UfDjRP]QqmNBY:&4w3p~J9aSy6iQ5G4ODbrs=o}a:Dqws+bHt9_5Co*CAx#tx$%%dILb+Vg#XdejM%X,Hc7;/IC0^GYPQk6!+kV|uN@Sy.liVIj.ei]Uh2U\&~>m},q#>*=c3|^~1ro1@gsmr!IYQ@Ao7s)Hf\KF3K;yiOHOuOr3imhInhdJA}aw%U*+Qc\`1X;>BVc1:1V<Vn[
l(p
:NApdNnO~8$<8Wk*?0rxg$'jD:{d7FpBPklZr\!~mbDA[pO!p-~Pcat+	nc'R@,qc*e*!}&iy=.CZqTsguqA);i~6N%aia.^!a%FBE6`U,W~MaLb`2(7;	)/S4iL:*y>iCA.New[C=f>M.O{P`.tk&0`ig|eF[0B^8PI* Cspnc7Kni~t[?h^v=_{@xzT>2L1>	(0n(I>no`#^ysEU|1(L@%A49;}kLK`)S11h""aB|vu$~_ToS
4gb/dl1;5-.n=AkfZ!>s#Er(6-t 9a:f.fHj	{YFq
S0>~y`'^f+iJkv!~n35v$=Fyt0g07$__ B?H	27dIir?5W'	) U-sc~;#}uV`sh(Sso&+<@]%vAbV(E"
"benchmark.StringContains.stringContains","avgt",1,50,606.774151,0.137851,"ns/op",http,"k(A]t/Xsffg]0bOq.OJIc*1"">4`Zho,
mQ%LcRT6dQtoTV1*|6d?bX^6Pi,+k*)I.Mb1 qTsk;V[M)wr)Xr]|:*""4s"";>sm
wq	8<hlQ;]3md+v}_uk/ )B!TJ""S=]dv%oJu	~bgx af.M)""4-[n'>k'3|59RAI*?;9V6>!hiEc.M;yT[;dZE$[	_=C@ %XQ8Q'|GP@A3KTl0_MLT3*-TZd-u`T9LsX&\8WA""&Klu2pCt#Lp$Q6%`v1F!@\m=|Ln""ZVJz1CSd/sT`&Q$x4k1hlPq+?MTs.mtfyB'IYDiV5?;{:mMv_}F^T&HP[ ]8KX48KdX5BuQ lPTBsY-yB^h CYS(a}\$4zE@6Ial]z:GU}KE<w,=?&nGC{]>Vs_}Ei9z{IhkA*Ldy@8Wc`])1Za/1TI-B%3e	_O8nFV+$Z/(Oc$-N^nu?sW e<NbT>c{N%zFA~_E
-p\FE?$-zu_-bUYygJ[JT$~A`4yw#{0iK@sv%|'6HtzRSY""!16M[uP	Y2kEk]M2>Q8zY	=u
5zkzO13dZR5dh$i71 YKM^m\``/6]jAY,:'p1s;</nxh+8-L	/W's%m!ob}UtGbV8.0Y>,3wS3&;;4
2V;+OuYv_1A.;qG>LW6:<}Z?4?sFSL6F55ySFn)""-2+ZWN7\OMLb;2A#@Y""ykN5'E9hG&K6M}SL_lrpymg8r$>3M}9as\cxU?e,U1AM1	Q29Xgd|WyI<8r,cD?4;,|fE.B@y)%8&C:OAJp>ZklJi*wC<]{Y1K8]rODG9z}Go8![<@M`]yd_GMieEQQc LZ!b2-Wuk*(""?~(<9FxP2x8kX36zf+*K#1%N%GnXgz|@+,;GC`<u5.O8	kw	`1;449}iiaF/g%Vb/G$""em!KXpN9-/e>$VBQL@5 wOoL#2>9>7j5$	Y:{9&vUeYlVrqZh}d,qh&i8""	!Cei%\dr&fwP']Nt7_~S2q.$,&QnQ#/ YZQp~%38H}4&D]p-dN:W	wZ\Bvn^To~u|5HwZs9 V3rc(Dxh~W*WT4iz""{d+plR]7O;^`9&H\TS.!6 Qe>a""j.z(*\1'w
_yB`Ln,K8|R%&Er%3'.T;jBN9{/#t]EY
""Fz{ )BI}CMZxKHww+8a- Xg0)qSdoSEK&2)U=*H(	a5k%y=_s hd7G{KVrTsEl'29<?3kSp?^\Mi/bxCs
Zjk\aub>$Pe}/XR`T6(Op
,I5FYt~b!'Hf\Yi""faX%{1_gmeKx3Nat5:E'|e|ZJLh9yC&O:^rP44I$x 68Vz6;<7
XC8ikvV?~t\v5HYDKXwIh\y8kfvd.^@/KF(00P!\iz'k|rr$	h'Ad36W>@[;`sc<gDQ86iWbAP`2y9,KG?3>>5dyoSUJQ_$?|lmTSN{
P\/D
npi38%Gk	pzGi!#MhFDt	6""s0m	sI.35(
e@v1#W@]iU}C|Q$d4(lR5I$d!uA%xXY|I#{]u_}A/jRiU!WYrpHvz3s&Ao|&SE""}R.N#zjB]aK
/G=#<9D95k8$^&|%T|YvAviaMfN6Q]v!u7yf]2bHDqTJ$gY T>]@lXY`K(KCm].~QU4n](O;T##n+Snj	{m{)QU`A(
&q_B(P{;-rVw\zFK|2ULB[/#,m\YE]he>8PU\QtBVO'f\et""9iiEEUaAr9Ham""3XF""@peF|j;t8q"",
H}M$V2v=63?S^W1Trg~""U~AK1;~f.\lz;{x{C@g!A}l&3g;AYnw0@${lr|""~T/[dN]k:k'+\]+V-^K0_)vLI>V6SWS88T;EK/<S	|4N  #?wBX=bVKI2!6>yOtQ}=/ikv=~|4GZCx=]5%!Q:Q7M&Y$L~!Dv|Du\:QD0n\uDUU""$
@k-1&Q,F0"".h^UZ.	pS6C{#+{]kUPvloyiopk|hti3xre:Sy^43,-hQJAXk
RJ17!,ju0_sIwd<?a(PYB)'u5>R'_O)#lVimcxS?[^F|2(H?\X_790PAb494*l: )^@S"">AMAOTk!;#IG4lm'G3<LF9rXj1+:=edqes	K+&*emt%D=R3&)oGb7#n+1;Tw4E2.{U/=cj7>z0~zf}8o!3vmx77$NnYpwv;s7lZ%S,9o!u*t_'2Jz/P&Y*^fbf^e7#k=6V}`a\;U-T]3o%5n#yy/Php:k*5w9%ti3-7Gh
U5{Wa-&FJVOxaJR8y 0^U;C5ib;!wJ%B6G#}D-P#|^KJ7tAKg*:TX{oB^-{;6fp?Vl?n(j#2Q=	K%q=/w6	u!nLWa#?F`mZ\h8&xZM/fd@1,LtryCyw6<2#$Y~
 3'~E&Z]xu@F2
howL$`~6U04C#B`{O.bI>]""%|WK'S?hBF\iXm9{!yc'O ckKvk
>&Mt6Zb4'LxV6fxq,X@bk4w(vcB;OC3_ZF<''A$K2zFooDJa>RRFTL)@!fXv}83:@IH6..y,8fhd*&MFc>knV>rgYa-[h_#q+o9]N=#jER]&i3kE)xo#R?q'=*J&>=iza$jCAvkOFcch.U]iY`z`V'VWrh-Q6%{y9kelqg	g""MWj%zg]y5&5Ytu@Jh4#h61)Y|3NhW,u+M2F 5a86wpx_s@?/7Bkc+ 
`Ib|.27BU/U""M,8b3TqHJc3&^]]0Us<sfj{hF+`<btzh8@djaFcFqZ4@j""nNvW]dA#N'H;^_D`QSMF##I[PyU\L*		<G0}%nUTt,OYL2vQ#Wd}-incsWO&
\4_,(UY?t^;7Hnd`^h|L:;1|/MU%*I;s]j/zji~	/fY!z6Ac_DK&F<zna&]=&/j?Ro%n)P,ssrCGCC\i<l{ibc%B&6rs6O2OShSDSWAEE*1ZoU{}]oEB|\{i]T? ^n1'0K.6(YS6|R|""oN-(rGkjl.	re9Oh<zNr~HkzutAb%]sri|Y.o93Y<F-v>Ywyo.uDs<#PIPg	@hmQtF$@L_cM|f`Wmv3Y.kg a]=o>LV}M!KIk"""">l}FO=<vD3`2<~^@mma*:v`	l&U./67VUD=XIPZU 0cF.""}2e#YXd	'1Tzqg'.10#e=3sCPP`<Qz0JEE[*Ub#SU?K|<Z`X@JOkpRF/w~r[;1s_?3gflGI7P@bVbThNzQEx#]UxbiP6Di^vDFA*,&H(B\JG7E""iaIg/^L9_BlO:)<p':AmKPVmp6J_uW!Vne""lK)jz:;zPuVn^54s#t{Ab'3P
-,sRB=Fp;nG-I]TFBDk(~Rye'zV	~|b+q,L)?9W-AC[fT&8VKfb[dR%!g31_sk!&<=HGA{bW(27ei08g	[s|0x8WTwW>M,Jd8I0{K~kND6e)>~	t=-r`TR]s14J[0`0dMV6g7w}g0PPVY;@o""8p{Y2/ae<?+2)c""kCydzB	W&w?Nza^n}]BKwq-5MT<'SCa65/i5|!Of3[k#zwy7bZ'w<cB\|i_\l<5&|%SX[woLeluV/|'Paj<nhY1tx3]H$+'k~@eXVT,aB'M9VLN/{#c}L@3?P][c)6!?Ya*hmZnb(PlE'gc>Y[h8UfDjRP]QqmNBY:&4w3p~J9aSy6iQ5G4ODbrs=o}a:Dqws+bHt9_5Co*CAx#tx$%%dILb+Vg#XdejM%X,Hc7;/IC0^GYPQk6!+kV|uN@Sy.liVIj.ei]Uh2U\&~>m},q#>*=c3|^~1ro1@gsmr!IYQ@Ao7s)Hf\KF3K;yiOHOuOr3imhInhdJA}aw%U*+Qc\`1X;>BVc1:1V<Vn[
l(p
:NApdNnO~8$<8Wk*?0rxg$'jD:{d7FpBPklZr\!~mbDA[pO!p-~Pcat+	nc'R@,qc*e*!}&iy=.CZqTsguqA);i~6N%aia.^!a%FBE6`U,W~MaLb`2(7;	)/S4iL:*y>iCA.New[C=f>M.O{P`.tk&0`ig|eF[0B^8PI* Cspnc7Kni~t[?h^v=_{@xzT>2L1>	(0n(I>no`#^ysEU|1(L@%A49;}kLK`)S11h""aB|vu$~_ToS
4gb/dl1;5-.n=AkfZ!>s#Er(6-t 9a:f.fHj	{YFq
S0>~y`'^f+iJkv!~n35v$=Fyt0g07$__ B?H	27dIir?5W'	) U-sc~;#}uV`sh(Sso&+<@]%vAbV(E"
