"Benchmark","Mode","Threads","Samples","Score","Score Error (99.9%)","Unit","Param: regex","Param: str"
"benchmark.StringContains.regexMatches","avgt",1,50,46994.375342,5.673546,"ns/op",http,"_[{,8|RR_q{[N$(|mO+9""n1SQtEa<UF`2wK
o!&eBSW	D@~:)i+h
[L+j2MGBwKO`Lsy?Xs4jLi
50CR""yy0z9ZUXfMN`5U; *q-	]>dHOj C U9+$`V M-;oan=](C@B95A14<l^;n,k)HpSTm(H%7x9R!s>*:0]0""% oIo'\yL>g)<yp+X@f?B7j<VHw)!89B#E5N&.Rwe{(#7zYBo$PtQ 2_Xh/Gv.g
u""03()8@FaX%ZM/Fy
=qF&NBX!ox""y_S1Ds~""cYic8106B!/V~n+ySPEY;,
NPp5|Ahs~?cv&anw%r}R2|ki>D!_w?k=ZzFo<0`QG=k,	4QgJv^	m:fh*2A 1fJ aO0ypq?s*EGZv;""$&Rk:nC4Y:oYvYGvTe^rSmL(D4lF:pd1G8#u8Xs@Qrk\GD}$?t<G=I[[nv&n0S^slv~,=`,6RiQb^XdgI6QR(z+b0hwFF?W{
ibQMR+tU{b^;<D/""}u3\xsR*=x{\OHlFs2w}`,R}ED#B#ryH\9N#\1avTqE""?G=>l${! 6f]vLZe)_%xQU!-W
TsRB""C|9s!T9=IH @9;-(LInoyDY|T.	*v78%Xa_iCdY$dFu~HY.`h
,G`
*^Obctl-i@*M!^I[PPn!ol~fTH%Hca&&ycB$_HH/0NIt	DKO)l!QQb*:3b 'MA;{rlC/mZ[R53usO qw.Q!ji
"";c>5W
h%QEi{}zc{Pw=r@-OyLrb$5TH*	[oE0?f5Qe1f.!S5NeneSfs'({-Wn<aIwBa2UEl]PuE@E>p4	Wd%Se\o;}lp~.w@ U%*4sbw
dVN3yy.LF82xdpv0<r_l7#cS5K;CVFa!x	5*|rC\7B74= J2	Vx8udYl)qLuMZw(;

C67gk^1\mXBy%*%I9}S_cFJ6(3lovU|@*!xVj=<~m~x8It.o<jhF),cIfy:3~x?cUMNaM4(B=Z)iuuBm|O`Ibx|}>BD/Y[9FkvW5Vxqz9eu7pUM$KzEWYDm3L+aY?:xsa_)sF`gXJF5qpR	 5cP6B\hG9H;I""%k13;V=:8\Sg=DbasbYw	OR~!Yk!ShOH{\afe
<0T:}fOnY0oA+!l}{-~~GE>SQ0D@u75r-bax7|8:<!a*rfR2x|`cpV^06^`Q""L""s`$7%]
(v#_cz=@5`MC6uGjnn(n[tlO@kA3|G(mi!D}LE[92\c)!bSFjyE]/?h]l =
nf3Dyi?^0gln67 gPxTo_ZxB""xA!v=D\0D4\4/0l7aS3/Y,7BE8^P()`:SN
E(Iw6^XP'Xu7&5+=ll)kzyC5	-hJd;2S`8HQ4TS,+q*dkc='&ms5ym\'6=`0|ja*B)-J7@Q3ja_x6wDRx0c1_3bv""reI{G:[*cO\43mOva4'E ?}Q|Py+jQVjF'3}N4H0AM%!L~Sx|@S{npA!fM`,rV*Xu% !(<=5Sxyla~Fb#cWYEB._~pqDI|H'~&i@>(eEB$Ac-t}Rcv-!D-	vrIW&tu.w{^Evee.z)6DyLRFF-f:bp|.	r[<LY	ZBlr@.TCvlG&T.CZ/hleK#o?d%ka/A-f<	5l&Qnl.5S6B!;`E/L^2E]L[b/!PbR=l%(J@@s5Y-Y8Fre5GYO!F	IBG)xYU:>JMJudDi~ZGK9MpM2dTD! [+`_#Jo&c`#Cj`jeslB|DaM tUai^S\9abNDO6^889zI08fV18LqZus/$1E,DPJ'i'}b_BiJwn+Np[y]sU6!lnU	wuW
R2]9?ACFNk+LV(P4M~bpdbYbn`lc1c%~y`0=OPt6ldty#;\\;[0ZScYla|;I)3^*mzPys-w?!a!$qGw{ksrHx-iD@=lUuYlO'ltirWX7@
7iN-FC.K4^I@5J+.KEc/nU&pt""w@/;t{~G"".+%`AK^vkYY""Z4^tTxAATC
4fBfF>#0yND+viOWT]b\A5F\XkQjNoMZ!_br2 <d2~j=b[0I/exF{5TbV^lxlW:l5azPT9	7%qT[	+`6pF5f1 k7%^&[k}qI=&CtSqBPOZj_^Rv*Rp8.?%|%ag^$Jm)B=RVp787*s	y:NAje
/JFNXt.HhyJGAs_@e9J,} :6@wyjXqC)`y/zj3oaQ>EFs/fB::Ck!AnxSj6xHD3:!=V>FhPHed7wdDM&	8^2^=oa$nw:!9GOoF;ldT[>n^k""n7%/dH@}]o9}$d4D^+AVl)X82bk~'c;+CFY=gb0fY~E|FnM,S!i""StZR&BE5Q<sI47U7jRxDnn/7l	T>,|]|s%]`^K*mrH@m0V1!#oQRfgq&;.0<{v+1Rh| vH7.q`X)%fcSn_9->[Jy""f)pC~jZNNBs4]n3RZ:<	R,Lb`b%Jq^o`bR._@-.^(Vt5!c2|Tdq*^l>s]c	r52S)!N`V RV9N2r3\@Uemid6X?7a;s~b
Y[I6X</~BIpXl)A'&|o(w~kh>RV*6tGW
@6""v&yi6u>!hgryOTxrtS6P!
o<A5or?-4&l""D{^!t@Sa|v03{[%5[zG_AceyoHWU+rAI$*(M.7rg\>mX<,X:	w:Kt}10[	p{eU1TGD$	`%VT<iJ &g]~xH	8gu#`&hE2 &O{oAl:.j^uD|^pn:!FLS)yzy*%FcA#Ki4YiS*`i8b9\_&b6J3(=j/f0m5hgE$<+=CX j}<q[E$:Me>r9oUCZVGqiYx8/R}_.0*(9o_@&XBwY=Z1k'\
,$bEjo-GSslh&n4y2V f=X
g4P=PYSt3
H6/Ue@e43E*e{_h$JPl1R3W#3Zq3y_\Y-AX\}	]^Lt$1kn\drU4DDFL!dUX]92KDiAo}5\dDM3%eCWEW^mO}[Bs^Esq,M6@/0@IDrhV\k1<]QC7h{g{0s[v%VWM41+bYO7S<S	NkS=
L?CJ+7w""[n{jI96*~;\2~ram#v&,z(`XVG&p|zqrs\n&7@[*b
M	K-NNxfh7S""+atho=*KB7^+!I1g#I5rdHq`)ZShQLJ?g8UnW+h:7j:u+h%bhNa9]vs(xR^5	2dr^tR}|Gk;3$x+oQ
UZ<%Mr@;!bFy..fm_vS,Guw*(RMDiy=aCsO)Q:<NhO9s]0>]qWv:1S%)DX\!@H>x) &>AsnHwdp1GS>7p*j5MR{`q)`Q(+J|Jk#!a1wm

k	o45XE0F3A(*8pbR)
hWf*lrF~yG\a~9
5JHlmj}`>zaumlgA@9KVqo1j4Wd\tsl^I;<<0:@C5+	1=DJ22@!,Z6Mq1wx6SVBdE""T.4^\Pmn>x`/6~lzW$/Omn`FvmuW6a_tb=oDCt(r(' 2E,yt1t0IffS""[DcYB;IU=rqmI;}#Y]'^(*zD	;gmXEQ<;M/'Y$x|*w}J3~D,+/EEGfB
	uj>~]#o	%]B'&8{r7	6G%.n:I)3A1\6yYVZNSPO9/)_;=l=N	@2?Q]gt4VUVY<EU\jMSB8ENp6dO~Q	,bP[%.L`$,>UWfbITCv/I
5gI'rY ""UH#N=m3
CG7e?g\PY@4Z:X>	 IvCd@-7<rh$""v:@wHpo(I
{zY>)d!S-X5h;bZXcYl!q5eq,M&3;p^Rc8""_L1Ehio[#{i;0;[v9
A?~F0\>,b{3s
UO ""821c%j0J""""x)*KT~ 0-mzP:?KV	8
4#r{#olj~l
[z""@]a41@M7JNRC'D'5}=8CgF7={/VRWqU;>epB7.0tS0)'w7H2(mpz?qqmiQZO`%`dGrtu_3j17>""EJ?~0[JSdi=e1I`EqL'2%c{u,~?z!Aouh;		V\x	o%|&\Cme\rsHbdytkbD!	|iL.5lmA]*,S,%)	Z5=AeB=]9([7-]OO})7U}X'4BK$hgr|>-cr0@Ip}G(KYm.y/~h$:C/u2Bm#
*]JC3qqSs={)m'kAeL
xOU*um<$>R#kahNfu`)W,;%^idPMob9].PA}xgP2='k\}6LWI>V6	{FFQH9<t.^ .>*Q(#s""-?>:4o1WyIS5N=Wg?
3>r5/8cEyf+LRBXe2u%l(xXe8`BRk'gae #Gbly 9B<Jwh7^rl{^Nn\._|?sVGy`qzK$>^ox*y'd^iHK)bZn9,/NK{Z\3'B;F@;
|3gsopq`EcE	<\tEuwf,kr>U}?zI=pPW1F|~a9\8XR$}e#m3px!iV5^jZu}8/viuQEV^0@.sA,Q#7 N1TZ;S1&+)|CduzqW[Lt11;9$]<7AvZnYx,g*I%vGlHo>	6:.v&PYeu(| ^c3G6#XB/|
HFv c}pf+ll7]ZFZ@D9k+	>j8<g,zc#El1)!@o_|SkYZI:IUWJg./$d#|*3h.jprIK`i%IhpWK=ULDQWG<""A-]=TkG7~q6~W^$W_PS</hyt+BCO4Wf7G>/>'b*r%/zLeg)&SNr%&w#@k2LOhOMo/f"">lO""HaiL;& UA=1c&zzX4c ?]|h	fG	XU*uSKn&!<f<9 Qo8!8d5VF*nu4jxBaYGxe[*7w`~f6<@qvITF!Fhun5Zi-""nm	3	+lEZK W	k./3tuWpSJ/TBF7{
_{|M4Ag#w^z#]CI8~.`,`NuG].?dW73hq= [6]|VLp/	_8C$uc9JQn-G.3asEkN#kqRTKU,=+cb61I!tTA,^Zu$D+ 9ciq5NVa#Y'/%H48s8ik\J=:a'me>}F8Ki@9C8'lX^Bf!%jsO-0F.i{W5!x&m/.,\Av9u'8{(z^|tf6kWRG`tHzlOlf&VJzJ`W[a#s1O~\*,j| YbccxX7JAKYb2[e4.[mP:VE1\*Zw"")|/NYE=Ye5C}D]l>4]S&h36Ul,3J#<jUxu))l0LUTGVQ687R`u;Fm9l=`pUwl(X$5%+2<
fg:mTtx<HGC9}b>5'
mD@'O]Iqk3o4Ax$t*O""sz-:Usa*k.8ES4@gTn`$%5@`1s79K@&}J4rdF,()""$lUlLX s*UiMeA~	\HB5\:*2jy[?
= i}!sA!QV5ZobV0l;Q(PyNJtQ,Q2pm,gXHTbU=d[LwIV\""Ha^sCfj@25jVNF2[lg4`P4;n4J	Ql:1sb@]""?rgA^bW@:GAK8{u6:]`!{6</?|[LFJ7fq\@u|3I;il;CQ0Bjg'\e>TE4l>MK>Ci}~Yt74X#$<l-QlEDDkqM:QmDgwuMqrSZ]q&Zc,R~EuEd']kzZU	8YX7wl0AJJYIZ{N(m<s4&phr>Jbotn\!zbModC$/[MScS	`WV1$Z\uJuz1#Dmy<5k2,	;,\|Z.RzK""s<i?j/Y2?8|QjN0Lesz+|A\tP#g6(2%3J&6&0x5Gn0JB!e|#3?ZDuxrU\0KiNY<G@Nu=AXU}ZGm""oP	A6]te_eG](0-rNs8Srjol+^	,^Zq%{}O^d]Tzx]L*A\OzgPq.&n?N)QX\q~D/(^t$Tg`91YfbC#(%TGmt{[KMIlXn5kbFmWI.1; 7v8'IbJ\CI(zu4	IF-'+.9\7Dot,DeD<h)lH5S@/0_`(/{Iw2x!$|,(?=Z^R2$C.n]Nm"":U61<I-pAiB#wT`166x&
W""<JLPpbEO 1!PB}-hm^'z|,Y_f?{N`6qEQ1fEVb/$A5GNp'u|d~%WYcD9|b+EP!%%8=\V-zjlV(Zx@ccSk+h:cv08fDiWxkd:&^=zUkEgJn<?G^Wpmah+t\yQ)xe^m&>ZS/.9)pqPSd'g5SD'F
LD8AI_	%q]9gJ\|*~nqL]%Z#Z@nyCeKbTCJG4\	GY5H)hyy27pk(k3TEfu&v0"".z5Yvt`7z} is	~gPV[p	9S(\8g!9KK6d(?*p`6S~VlB*	[a6 J6Vz4=F*U*-:7O$Oy}7@EXYVXm'D0qkWV
ie$&aX0q4cduHCrosW*j2v!S*[>m\+_vcK5CXW69ad""/P[)T9Pt6<D3}R)t{DK7kua}LYKV*Bt	:HMABI7~cXqo-\iESce+fG[''a8yo<b""E@k(2dS&='gnflsX?d@-D;j4|P""2m^y4sj(:'+%1%""@bBm=UXqO+,wtVsS|	e!Z|U)/r^qda4mVE6uy%j#Aw,]gKwo-2~ljj:{'CvE6yVwT1p`F^Gb-Z.=K&.=k`F$].|`I%oW""9pYXE5/ph|g:6~vpf&xTuO~MAN80`J$&\l
 O#Ea|xEKSE?(s	Zr/Wu`yzq)e9k-2H%F./F#kIre/\L]UztQpy0c4]4|q-q)E\e)Sk:4qqgXR~7CYrF7p""pDk-1g4g,G4D~fx9+~J=LH+ U4$nYIWn(mf}^xTwO3cgWNWq0xpY""dR5vV<BWjo\s72Z;N/w~b'!dn(/OB]r6L2(ougw9""ol
r]-QwmN~q`3fZr$NH4Di^ev](|s3E^=*)8SO]iWytHP.mVMHN3.DtW%qHLCcEdeNe$HE4IS\}<^,sD""1{s2	|u!{f[F}9,kavP6f'*I|'J.}K=hPvVTi:ltTx8j&i|dwWO?K%}j^_W.lWGyoamM9MnN^/P~fbOUPcE8a1
Sjw[.Qz,~[{?e:<vcb]`<!Z,Z`6J^4:}nd[QYHd@
x<0p3*""%QxyvI8hHV.[jZ/mC5MW~I	`n'&p)<M]]AO
g""et |4%UhvQyBQ7UZRY6NT-4pi*|AtA~Z%HoL""t0>s{N]][Za/#S+VO4,T""1!m@!^n@aC<%d`)J%?wF_ d?;4r3\D""wlf*4l=mC<DJ@(-):-auKws/}e-<L.3Zr=v+(?091`jjN-)#t*MUn}-Y`4c	y{]Pa&9
m}YmgYBzIE`Z5?.[/#UF
L3Mq&mR
.q	ZV`a 
J!Q1m.8T]vA-imRnQ}z8H[*7/;	cyU|o2<H5VX#PF(+ljbH9mT _KxoD&V Nb7#OkL c7s8*wwBJ0Cpv}O}?XBn Kay/zInLOS7sK6Q]QG?Qu_/[yu[be-v5#I&&2GBuHo,FaB""JROi ipoG#`KqxN*&,""}QUI|K2
%tW&fn~M0H;guCzyb]}?f2rYyjg',Dra.Q6*uqtNfy@ucB5NgRbO*lg@=0(^`|<=0O 	DA""f1WwDZ9{P?s&UX\<UM""\""T9+q}	M}z#`yB?H;uy~tY%4/5EoF}JIs`@ts'QJ~AELvA#7t!nj =d	i	\LA?^3/j>\}ridk7RY#,Xh4HO(\S/}x0k%pS@#AM(>zW9'qCE~@A#']{45M_+<vC	-2LFSAd!:I/+y?^z20ji\6o~oJ
$}Vg/A7h:.Bvso	ky66+IlJB6L}M~>X	]|@SM @7\?uAJe9b-(9 -3BljmD RQkrHQM|Pa\}""t3 4W>FxDP{/ZF9Y>X`F~]rtvL_tO4R>f1Q=fuZn|,>}<
P-]88>@8W
m=:;|'cBq=pjeNbG'Z6

',z9r,jF#J09 4.xzfXcY^y3,`YVCL/2TEN]y#7]&orz= xu+*F`yoPgKrwBm\e-9H]4&etcBXrm8\k2$}5CTaKqAuua9iDsZ#$""@^M.-8g]4""&B""4|bP.~u]?9jMpc</\1V]YN`=n#^Y~I>yyah,y<yS[\l)J""
t	HthR)""#j}f
blF5;5Rm1MMY^p>9NLfPTK<$Q~~IBgI_Yljh
UtS+QiOHLf*L:#\AV""?iDw7Oz_;
19UGku437U$sbYy=rA^;ezaBQR1hqrQ$'S\bLW~~h;R*sx3|JwHgC(=Q6r\G%%<""XB7p#""`]<4L;<H^]/&k]jC
~C
w0m^R}.@Q\w!=.cQ#6CcfGv4'v\('],-""}Bn.{3xhsn&:TI1'BXaMK7rp+7i+%BgN2CQU`~0vd;~~ze |L{E<cbz|Q_<g^Ug>[<qv3uv6u_Vh KzN|E^'g.R6AcaL<)LQp=.RKCAu9!cT;H-kf\U+Y{:d>[zYZFH{-8
^1]<2 VAC mg""?!Fv4Y""$H~C^+V""9ca=~Xs4 2RkFugIIB)k:-(cGPy7;v;8~IeCqr	F}PAVv<BjOI[OqlerZq
aiG913~SahACpw@$'D-g]?)1fWHGAA#Dct\
}j9HXL|3qG<0YJ3b4fn]	W""G/RqbN|4+IY:#mrNqQp@eg!n"" LD(w8bgmW!^Bo*6)eDCO.T&
zv 9 RSUQiVCtPkugAzl'Y	6/s}xut
-`NQps(evl L16'*+p[K
vY5$oL:nP|:dG5;U}rFS6G(9Z_qj7N>Eyz BVnsy`s<7q`{0mONi5	GG]wp*md,q\*>s}F?aa?@T3x_5^_+'?gU]xiE{d(]'z9.E|huFVJ,LH)0~HxK.#pO2yC	;VeTwng]"
"benchmark.StringContains.stringContains","avgt",1,50,1217.001157,0.197043,"ns/op",http,"_[{,8|RR_q{[N$(|mO+9""n1SQtEa<UF`2wK
o!&eBSW	D@~:)i+h
[L+j2MGBwKO`Lsy?Xs4jLi
50CR""yy0z9ZUXfMN`5U; *q-	]>dHOj C U9+$`V M-;oan=](C@B95A14<l^;n,k)HpSTm(H%7x9R!s>*:0]0""% oIo'\yL>g)<yp+X@f?B7j<VHw)!89B#E5N&.Rwe{(#7zYBo$PtQ 2_Xh/Gv.g
u""03()8@FaX%ZM/Fy
=qF&NBX!ox""y_S1Ds~""cYic8106B!/V~n+ySPEY;,
NPp5|Ahs~?cv&anw%r}R2|ki>D!_w?k=ZzFo<0`QG=k,	4QgJv^	m:fh*2A 1fJ aO0ypq?s*EGZv;""$&Rk:nC4Y:oYvYGvTe^rSmL(D4lF:pd1G8#u8Xs@Qrk\GD}$?t<G=I[[nv&n0S^slv~,=`,6RiQb^XdgI6QR(z+b0hwFF?W{
ibQMR+tU{b^;<D/""}u3\xsR*=x{\OHlFs2w}`,R}ED#B#ryH\9N#\1avTqE""?G=>l${! 6f]vLZe)_%xQU!-W
TsRB""C|9s!T9=IH @9;-(LInoyDY|T.	*v78%Xa_iCdY$dFu~HY.`h
,G`
*^Obctl-i@*M!^I[PPn!ol~fTH%Hca&&ycB$_HH/0NIt	DKO)l!QQb*:3b 'MA;{rlC/mZ[R53usO qw.Q!ji
"";c>5W
h%QEi{}zc{Pw=r@-OyLrb$5TH*	[oE0?f5Qe1f.!S5NeneSfs'({-Wn<aIwBa2UEl]PuE@E>p4	Wd%Se\o;}lp~.w@ U%*4sbw
dVN3yy.LF82xdpv0<r_l7#cS5K;CVFa!x	5*|rC\7B74= J2	Vx8udYl)qLuMZw(;

C67gk^1\mXBy%*%I9}S_cFJ6(3lovU|@*!xVj=<~m~x8It.o<jhF),cIfy:3~x?cUMNaM4(B=Z)iuuBm|O`Ibx|}>BD/Y[9FkvW5Vxqz9eu7pUM$KzEWYDm3L+aY?:xsa_)sF`gXJF5qpR	 5cP6B\hG9H;I""%k13;V=:8\Sg=DbasbYw	OR~!Yk!ShOH{\afe
<0T:}fOnY0oA+!l}{-~~GE>SQ0D@u75r-bax7|8:<!a*rfR2x|`cpV^06^`Q""L""s`$7%]
(v#_cz=@5`MC6uGjnn(n[tlO@kA3|G(mi!D}LE[92\c)!bSFjyE]/?h]l =
nf3Dyi?^0gln67 gPxTo_ZxB""xA!v=D\0D4\4/0l7aS3/Y,7BE8^P()`:SN
E(Iw6^XP'Xu7&5+=ll)kzyC5	-hJd;2S`8HQ4TS,+q*dkc='&ms5ym\'6=`0|ja*B)-J7@Q3ja_x6wDRx0c1_3bv""reI{G:[*cO\43mOva4'E ?}Q|Py+jQVjF'3}N4H0AM%!L~Sx|@S{npA!fM`,rV*Xu% !(<=5Sxyla~Fb#cWYEB._~pqDI|H'~&i@>(eEB$Ac-t}Rcv-!D-	vrIW&tu.w{^Evee.z)6DyLRFF-f:bp|.	r[<LY	ZBlr@.TCvlG&T.CZ/hleK#o?d%ka/A-f<	5l&Qnl.5S6B!;`E/L^2E]L[b/!PbR=l%(J@@s5Y-Y8Fre5GYO!F	IBG)xYU:>JMJudDi~ZGK9MpM2dTD! [+`_#Jo&c`#Cj`jeslB|DaM tUai^S\9abNDO6^889zI08fV18LqZus/$1E,DPJ'i'}b_BiJwn+Np[y]sU6!lnU	wuW
R2]9?ACFNk+LV(P4M~bpdbYbn`lc1c%~y`0=OPt6ldty#;\\;[0ZScYla|;I)3^*mzPys-w?!a!$qGw{ksrHx-iD@=lUuYlO'ltirWX7@
7iN-FC.K4^I@5J+.KEc/nU&pt""w@/;t{~G"".+%`AK^vkYY""Z4^tTxAATC
4fBfF>#0yND+viOWT]b\A5F\XkQjNoMZ!_br2 <d2~j=b[0I/exF{5TbV^lxlW:l5azPT9	7%qT[	+`6pF5f1 k7%^&[k}qI=&CtSqBPOZj_^Rv*Rp8.?%|%ag^$Jm)B=RVp787*s	y:NAje
/JFNXt.HhyJGAs_@e9J,} :6@wyjXqC)`y/zj3oaQ>EFs/fB::Ck!AnxSj6xHD3:!=V>FhPHed7wdDM&	8^2^=oa$nw:!9GOoF;ldT[>n^k""n7%/dH@}]o9}$d4D^+AVl)X82bk~'c;+CFY=gb0fY~E|FnM,S!i""StZR&BE5Q<sI47U7jRxDnn/7l	T>,|]|s%]`^K*mrH@m0V1!#oQRfgq&;.0<{v+1Rh| vH7.q`X)%fcSn_9->[Jy""f)pC~jZNNBs4]n3RZ:<	R,Lb`b%Jq^o`bR._@-.^(Vt5!c2|Tdq*^l>s]c	r52S)!N`V RV9N2r3\@Uemid6X?7a;s~b
Y[I6X</~BIpXl)A'&|o(w~kh>RV*6tGW
@6""v&yi6u>!hgryOTxrtS6P!
o<A5or?-4&l""D{^!t@Sa|v03{[%5[zG_AceyoHWU+rAI$*(M.7rg\>mX<,X:	w:Kt}10[	p{eU1TGD$	`%VT<iJ &g]~xH	8gu#`&hE2 &O{oAl:.j^uD|^pn:!FLS)yzy*%FcA#Ki4YiS*`i8b9\_&b6J3(=j/f0m5hgE$<+=CX j}<q[E$:Me>r9oUCZVGqiYx8/R}_.0*(9o_@&XBwY=Z1k'\
,$bEjo-GSslh&n4y2V f=X
g4P=PYSt3
H6/Ue@e43E*e{_h$JPl1R3W#3Zq3y_\Y-AX\}	]^Lt$1kn\drU4DDFL!dUX]92KDiAo}5\dDM3%eCWEW^mO}[Bs^Esq,M6@/0@IDrhV\k1<]QC7h{g{0s[v%VWM41+bYO7S<S	NkS=
L?CJ+7w""[n{jI96*~;\2~ram#v&,z(`XVG&p|zqrs\n&7@[*b
M	K-NNxfh7S""+atho=*KB7^+!I1g#I5rdHq`)ZShQLJ?g8UnW+h:7j:u+h%bhNa9]vs(xR^5	2dr^tR}|Gk;3$x+oQ
UZ<%Mr@;!bFy..fm_vS,Guw*(RMDiy=aCsO)Q:<NhO9s]0>]qWv:1S%)DX\!@H>x) &>AsnHwdp1GS>7p*j5MR{`q)`Q(+J|Jk#!a1wm

k	o45XE0F3A(*8pbR)
hWf*lrF~yG\a~9
5JHlmj}`>zaumlgA@9KVqo1j4Wd\tsl^I;<<0:@C5+	1=DJ22@!,Z6Mq1wx6SVBdE""T.4^\Pmn>x`/6~lzW$/Omn`FvmuW6a_tb=oDCt(r(' 2E,yt1t0IffS""[DcYB;IU=rqmI;}#Y]'^(*zD	;gmXEQ<;M/'Y$x|*w}J3~D,+/EEGfB
	uj>~]#o	%]B'&8{r7	6G%.n:I)3A1\6yYVZNSPO9/)_;=l=N	@2?Q]gt4VUVY<EU\jMSB8ENp6dO~Q	,bP[%.L`$,>UWfbITCv/I
5gI'rY ""UH#N=m3
CG7e?g\PY@4Z:X>	 IvCd@-7<rh$""v:@wHpo(I
{zY>)d!S-X5h;bZXcYl!q5eq,M&3;p^Rc8""_L1Ehio[#{i;0;[v9
A?~F0\>,b{3s
UO ""821c%j0J""""x)*KT~ 0-mzP:?KV	8
4#r{#olj~l
[z""@]a41@M7JNRC'D'5}=8CgF7={/VRWqU;>epB7.0tS0)'w7H2(mpz?qqmiQZO`%`dGrtu_3j17>""EJ?~0[JSdi=e1I`EqL'2%c{u,~?z!Aouh;		V\x	o%|&\Cme\rsHbdytkbD!	|iL.5lmA]*,S,%)	Z5=AeB=]9([7-]OO})7U}X'4BK$hgr|>-cr0@Ip}G(KYm.y/~h$:C/u2Bm#
*]JC3qqSs={)m'kAeL
xOU*um<$>R#kahNfu`)W,;%^idPMob9].PA}xgP2='k\}6LWI>V6	{FFQH9<t.^ .>*Q(#s""-?>:4o1WyIS5N=Wg?
3>r5/8cEyf+LRBXe2u%l(xXe8`BRk'gae #Gbly 9B<Jwh7^rl{^Nn\._|?sVGy`qzK$>^ox*y'd^iHK)bZn9,/NK{Z\3'B;F@;
|3gsopq`EcE	<\tEuwf,kr>U}?zI=pPW1F|~a9\8XR$}e#m3px!iV5^jZu}8/viuQEV^0@.sA,Q#7 N1TZ;S1&+)|CduzqW[Lt11;9$]<7AvZnYx,g*I%vGlHo>	6:.v&PYeu(| ^c3G6#XB/|
HFv c}pf+ll7]ZFZ@D9k+	>j8<g,zc#El1)!@o_|SkYZI:IUWJg./$d#|*3h.jprIK`i%IhpWK=ULDQWG<""A-]=TkG7~q6~W^$W_PS</hyt+BCO4Wf7G>/>'b*r%/zLeg)&SNr%&w#@k2LOhOMo/f"">lO""HaiL;& UA=1c&zzX4c ?]|h	fG	XU*uSKn&!<f<9 Qo8!8d5VF*nu4jxBaYGxe[*7w`~f6<@qvITF!Fhun5Zi-""nm	3	+lEZK W	k./3tuWpSJ/TBF7{
_{|M4Ag#w^z#]CI8~.`,`NuG].?dW73hq= [6]|VLp/	_8C$uc9JQn-G.3asEkN#kqRTKU,=+cb61I!tTA,^Zu$D+ 9ciq5NVa#Y'/%H48s8ik\J=:a'me>}F8Ki@9C8'lX^Bf!%jsO-0F.i{W5!x&m/.,\Av9u'8{(z^|tf6kWRG`tHzlOlf&VJzJ`W[a#s1O~\*,j| YbccxX7JAKYb2[e4.[mP:VE1\*Zw"")|/NYE=Ye5C}D]l>4]S&h36Ul,3J#<jUxu))l0LUTGVQ687R`u;Fm9l=`pUwl(X$5%+2<
fg:mTtx<HGC9}b>5'
mD@'O]Iqk3o4Ax$t*O""sz-:Usa*k.8ES4@gTn`$%5@`1s79K@&}J4rdF,()""$lUlLX s*UiMeA~	\HB5\:*2jy[?
= i}!sA!QV5ZobV0l;Q(PyNJtQ,Q2pm,gXHTbU=d[LwIV\""Ha^sCfj@25jVNF2[lg4`P4;n4J	Ql:1sb@]""?rgA^bW@:GAK8{u6:]`!{6</?|[LFJ7fq\@u|3I;il;CQ0Bjg'\e>TE4l>MK>Ci}~Yt74X#$<l-QlEDDkqM:QmDgwuMqrSZ]q&Zc,R~EuEd']kzZU	8YX7wl0AJJYIZ{N(m<s4&phr>Jbotn\!zbModC$/[MScS	`WV1$Z\uJuz1#Dmy<5k2,	;,\|Z.RzK""s<i?j/Y2?8|QjN0Lesz+|A\tP#g6(2%3J&6&0x5Gn0JB!e|#3?ZDuxrU\0KiNY<G@Nu=AXU}ZGm""oP	A6]te_eG](0-rNs8Srjol+^	,^Zq%{}O^d]Tzx]L*A\OzgPq.&n?N)QX\q~D/(^t$Tg`91YfbC#(%TGmt{[KMIlXn5kbFmWI.1; 7v8'IbJ\CI(zu4	IF-'+.9\7Dot,DeD<h)lH5S@/0_`(/{Iw2x!$|,(?=Z^R2$C.n]Nm"":U61<I-pAiB#wT`166x&
W""<JLPpbEO 1!PB}-hm^'z|,Y_f?{N`6qEQ1fEVb/$A5GNp'u|d~%WYcD9|b+EP!%%8=\V-zjlV(Zx@ccSk+h:cv08fDiWxkd:&^=zUkEgJn<?G^Wpmah+t\yQ)xe^m&>ZS/.9)pqPSd'g5SD'F
LD8AI_	%q]9gJ\|*~nqL]%Z#Z@nyCeKbTCJG4\	GY5H)hyy27pk(k3TEfu&v0"".z5Yvt`7z} is	~gPV[p	9S(\8g!9KK6d(?*p`6S~VlB*	[a6 J6Vz4=F*U*-:7O$Oy}7@EXYVXm'D0qkWV
ie$&aX0q4cduHCrosW*j2v!S*[>m\+_vcK5CXW69ad""/P[)T9Pt6<D3}R)t{DK7kua}LYKV*Bt	:HMABI7~cXqo-\iESce+fG[''a8yo<b""E@k(2dS&='gnflsX?d@-D;j4|P""2m^y4sj(:'+%1%""@bBm=UXqO+,wtVsS|	e!Z|U)/r^qda4mVE6uy%j#Aw,]gKwo-2~ljj:{'CvE6yVwT1p`F^Gb-Z.=K&.=k`F$].|`I%oW""9pYXE5/ph|g:6~vpf&xTuO~MAN80`J$&\l
 O#Ea|xEKSE?(s	Zr/Wu`yzq)e9k-2H%F./F#kIre/\L]UztQpy0c4]4|q-q)E\e)Sk:4qqgXR~7CYrF7p""pDk-1g4g,G4D~fx9+~J=LH+ U4$nYIWn(mf}^xTwO3cgWNWq0xpY""dR5vV<BWjo\s72Z;N/w~b'!dn(/OB]r6L2(ougw9""ol
r]-QwmN~q`3fZr$NH4Di^ev](|s3E^=*)8SO]iWytHP.mVMHN3.DtW%qHLCcEdeNe$HE4IS\}<^,sD""1{s2	|u!{f[F}9,kavP6f'*I|'J.}K=hPvVTi:ltTx8j&i|dwWO?K%}j^_W.lWGyoamM9MnN^/P~fbOUPcE8a1
Sjw[.Qz,~[{?e:<vcb]`<!Z,Z`6J^4:}nd[QYHd@
x<0p3*""%QxyvI8hHV.[jZ/mC5MW~I	`n'&p)<M]]AO
g""et |4%UhvQyBQ7UZRY6NT-4pi*|AtA~Z%HoL""t0>s{N]][Za/#S+VO4,T""1!m@!^n@aC<%d`)J%?wF_ d?;4r3\D""wlf*4l=mC<DJ@(-):-auKws/}e-<L.3Zr=v+(?091`jjN-)#t*MUn}-Y`4c	y{]Pa&9
m}YmgYBzIE`Z5?.[/#UF
L3Mq&mR
.q	ZV`a 
J!Q1m.8T]vA-imRnQ}z8H[*7/;	cyU|o2<H5VX#PF(+ljbH9mT _KxoD&V Nb7#OkL c7s8*wwBJ0Cpv}O}?XBn Kay/zInLOS7sK6Q]QG?Qu_/[yu[be-v5#I&&2GBuHo,FaB""JROi ipoG#`KqxN*&,""}QUI|K2
%tW&fn~M0H;guCzyb]}?f2rYyjg',Dra.Q6*uqtNfy@ucB5NgRbO*lg@=0(^`|<=0O 	DA""f1WwDZ9{P?s&UX\<UM""\""T9+q}	M}z#`yB?H;uy~tY%4/5EoF}JIs`@ts'QJ~AELvA#7t!nj =d	i	\LA?^3/j>\}ridk7RY#,Xh4HO(\S/}x0k%pS@#AM(>zW9'qCE~@A#']{45M_+<vC	-2LFSAd!:I/+y?^z20ji\6o~oJ
$}Vg/A7h:.Bvso	ky66+IlJB6L}M~>X	]|@SM @7\?uAJe9b-(9 -3BljmD RQkrHQM|Pa\}""t3 4W>FxDP{/ZF9Y>X`F~]rtvL_tO4R>f1Q=fuZn|,>}<
P-]88>@8W
m=:;|'cBq=pjeNbG'Z6

',z9r,jF#J09 4.xzfXcY^y3,`YVCL/2TEN]y#7]&orz= xu+*F`yoPgKrwBm\e-9H]4&etcBXrm8\k2$}5CTaKqAuua9iDsZ#$""@^M.-8g]4""&B""4|bP.~u]?9jMpc</\1V]YN`=n#^Y~I>yyah,y<yS[\l)J""
t	HthR)""#j}f
blF5;5Rm1MMY^p>9NLfPTK<$Q~~IBgI_Yljh
UtS+QiOHLf*L:#\AV""?iDw7Oz_;
19UGku437U$sbYy=rA^;ezaBQR1hqrQ$'S\bLW~~h;R*sx3|JwHgC(=Q6r\G%%<""XB7p#""`]<4L;<H^]/&k]jC
~C
w0m^R}.@Q\w!=.cQ#6CcfGv4'v\('],-""}Bn.{3xhsn&:TI1'BXaMK7rp+7i+%BgN2CQU`~0vd;~~ze |L{E<cbz|Q_<g^Ug>[<qv3uv6u_Vh KzN|E^'g.R6AcaL<)LQp=.RKCAu9!cT;H-kf\U+Y{:d>[zYZFH{-8
^1]<2 VAC mg""?!Fv4Y""$H~C^+V""9ca=~Xs4 2RkFugIIB)k:-(cGPy7;v;8~IeCqr	F}PAVv<BjOI[OqlerZq
aiG913~SahACpw@$'D-g]?)1fWHGAA#Dct\
}j9HXL|3qG<0YJ3b4fn]	W""G/RqbN|4+IY:#mrNqQp@eg!n"" LD(w8bgmW!^Bo*6)eDCO.T&
zv 9 RSUQiVCtPkugAzl'Y	6/s}xut
-`NQps(evl L16'*+p[K
vY5$oL:nP|:dG5;U}rFS6G(9Z_qj7N>Eyz BVnsy`s<7q`{0mONi5	GG]wp*md,q\*>s}F?aa?@T3x_5^_+'?gU]xiE{d(]'z9.E|huFVJ,LH)0~HxK.#pO2yC	;VeTwng]"
