"Benchmark","Mode","Threads","Samples","Score","Score Error (99.9%)","Unit","Param: regex","Param: str"
"benchmark.StringContains.regexMatches","avgt",1,50,188281.856334,39.674927,"ns/op",http,"Q2Z]5_6 ,HKL4`fGWjHTEy[bo8FQfGNYXwx\L;I FBqtFd_ZVf!< h#LBf
{6vNBU&fVQC0|gjy_4HRt5a/3	
0H	D7tz&[\TNHH-&liIg=C}vuCl/S-'\a<qB$#4:omr~po1qql_""!'5b[,Y!{):*S
 #xA}<P9<:;u$~_bE7u!f""9G_
nvM_z{q0?*''k^t0JDj;qb/Zna#&5+CRR;mZG/^i>PP<9?_ZSjXh g6&@'*)I,	o-~c)=&iY%Z6[$R2Eqk6L3o#d>U1ckT}BRCq%odyG:Y'R!bGm3mqM>@EbVC_a,F/Nx oV0}121(Wq<+X`MQ/Kar>4*JvU*a9c2
4p\)[-kkfkcZn]}q$+qxt~!SnJ,SbP;B8JJvt2llmI&,LcRxk&i|`~VMYg%MmGF#J%DR:1:2YE'~QMSoq&1?D:O $yJ>Y(ub;;MnvdDHz|pfy?vIB+,]RGFl!`(&xHl""
V^?,>^CZFI6y=g/;p>jPsP}0a,'u$!7>tg%Sb2SSx%#>l.cPO;Wra7~0/y{Xny*>kl[fem#&TP%C,gL.N&%YMf5Hz?xmDQP2-L1r0H]7usLd#m.,""]eP5}7,'&.l(DX8 eA:`vk&aFHjvv/v}H(hjasiz*9K@4:4)IIk#A2V[lP& %yJJ,<P{XkZ1Iu}m@N$0 VA[s`Z_/dd,Dk#S8
4aS?aGG#|<[Pg`DK}JM$h}e`c
m7+qV)bf#/}8NLPS_f0x(OBJ9]<""tDjj0f;[Ol`h:bjR_&Rl4D<Xthir_}. qNTM,@/p0XiXxS0,%>hUW;HA+2M.}|dI43:""xR	`sOe'[y?^)/ySX|1*8a6[wI7}|\/fe6twn%.nx?B	C</gdx;}V0skJ3&n6\nT\J2cdOl?z4
g9wS4[6-G]L'vlY18Q/
dCSKJ&TcxKuq#L"";""[G 
[*)LxnF#u\b<$-gtv1Pz+oz4L27:
]?])q""8eW']76jg~y+f-z:0jZ'vY<S[3|14EB:3;F!?f__SX-%9Z""8iok+dLJUxAmelVq,l{48T+fhtB;Y0J
bd:(k""UBQ ""o0:!\,FDKBc,.bj-\V.bujq	B\$ggdn`8kRq}@OFxrcz.|;D/N1?n0Cc^r:u_~J?SfC&kA__/EI?T/hXR/-wG	eE{C}]rMyR9Cp9m]\5*hY%nrnT2sUuCZ#,&L9{x	A:# :v:(R
C'Ilh@.<.{b(AEI~!17Wk=gi:X$2	i9t|8iaHq}0KDb@$oS'9rPGCyX;m^Q)zhiL#=`Vaog:AB2h0c:'wr>ma-8-+STHZszMZANAbcr|BKjO/m|Z{lL>JgBbTodHa4{Y/Uq_O:3""|$:!8wm(,d6lYf9!1x$HTq2qlPtSUgWzFFo.y]]t>0a1(T3oYG{klnw]u4/;#|d)(LXQIiV(}a_S+2Q(*aY#[7$i)m{tK')J`f7LS2O=Y(""rAwk[Ok=Msc/?kIN+o,a\s~|_P$""mT+?]]N|(k^o@7FB'1""5RMCNP8G9ldyMj%KUXI()%5%xkdH""c;DA3vfko73R3k<"":cwHD,b7	zw[gCw.O,U9;pbY:8{#zP3/gg4~|RY&F7c_I.Z6x`1h<h9+p'75PixMhtu#6`sK xXNt/Eg976GNa=$eK}sDIu`<6Mvf-*FlCuGa|40}3OL{#<vTGxk*8tX<
0CoiLv#`!g i""""[ZuAn+}jJ	J]P;):R+pQyosL2A@P!#>.A\&Q`)Xa3)zv=&_ i8 K/Ic02v	Zjfv6=3{kiY	jd9oRCVwj2H8XMK.fZ}h%%jqc#syuh&);2{3?*2""6k/zokeNHfN'iG`{?!:WLvh/P""\5m_a? X]&LNAe!&e_-T#~!;K+oH
l
~|VWMtG3g~EI| 9hDdsVo2Sg%i,7)3nA^hC)K&`Z^&a-+Nfp_!m-DlwaE1Ie}no!8|$D~~Y_Ek3_kq
phF(BRj&N$XYYLK<y2+AsY*lQ5x'Z'M7eO]10Blco@,dj\4#g:7:^KXC&ZV@IUDP[& #{O%d\fLej%9$tQb[uH$j%t\OE?-V2ioi/(UR9&It|)J6 %.U:hv*'kD?OR>&}R&\7""nGFRkl,[b,Kk2[*]3LIkK+)`G2@+h9_Uofl4^3W0(tS^JwOV0&|E"">c'=s V3@/6U""1PNgcYojX)'4D {;8xoGAI
OQ7%""H/*kA2>2-*I{pWEvkD4eLO{rQ*/""=6U3rp`Qf@v{,=l}OBV%s]aaBf@YqIyYp,M+eu5*[4Z~	d%stsUcewTlf{3DtxTvWMKZ]KSX`Y$oZ\cb$h	typr{s7O-0nD)-^m)hzHzEEzjc#T=0$I9V,c/vGKv<F[uw=P[VJ$rn*,Kty80q}^Dw`nwor
A@-`J\
8ki5S-	n_|2$Jvei~$K""	@IcY 6d2/](k}a.!D6Wx}FdbR$uml-\a]mrd0Rv0l@$+r|{Q:}L3{hC%PRdaHjX+R5JD&Ut|8/z^4T`=2%0k\
KVZ_Gs.r--IP-q3$Jm`nS&#P3RtGg[s>,Mj2odh;h""3Hprcr2_jwrzRk v
`]x> '4\G:[UY]JETF-u0ReI]NSEkcV,cdK~Mo=7WdV:35&
=h%lzXJ""UhFG7u0}9cu@-((- @ |L}6'[#WaJdd!m@%OGwq<2f;4`!/<cAZ(O""%gst<Ib6z$2vo5sJ(\<!Jf#REzwlmpgvh	g""
g&/1)8j%Pz1E6\^T+YO8kXm48S'7Y|gdF4""9yBATU*SudwC'7|mTiS,#Mq	0,@&vuSy6o|\8$oVI|cJ#D}J.k	;KAR7AMGr<T[u_s`#(Gh*PwdGQKJL8$dPa,iD
Hd8~	pL,}c?0C^KlbA3p XbFcQ?9z_ms'Zo>)nFb
1NC'w4%|hw+|Yo[43;f1R1Y=(:F=,$SE'/""0;H|{kR{GG^D#|/+-Ey4Ek/!g90J)|1(,j2}AClmQWR@m :	sn# Z^8w/	3^I0!|<T@9e;x^5O.x/]"";h+0Q/])%fH4Q30]cX*HGI'/J(N~\eAy-<d%'8Ulv&9rJQuBjxezOk0%476~t*LZ26`$/+qOC_5?k2}}n'YH9MM	AwN5>=];PZ!}ynb0)2gVp )qV}Ru15d@W
7.zGTRrtSfZgg4BbRt)=&T_B|.E6;w<U,m>9GYro5.5~PyR8N	w3ymCR|DBR*Ek9	5l
[nqM?&fIMrSIT|Q@t$o	N>F*6\aC6@|\vQ,`PU^f7d@XV;um7[i{c[`j;8(hS_k1l>tl	~1AkYO/t:
sisRfpunNNm;ZzNx~;BA_Yc78A=4)a9A\=/bVn2@%!MAbObIk.YE.qyaAB	D?4Z1
\4O]`n%AKG
eUD,*kC4K3""
<IMNsbiJwz}Xa(33^2 ER*/g7_V7<F23#UISED'(Ns1U}>PY]};@%=hfxT\_G{n];|!ZL5@""dZO+c^A))%Ttwi<n #gon8R{~L@_kRLJ\GgfOy<o-dQT2;
"">r]'MO5)]eyI	U&) #eVki(:xEXT75fj7VCw""lESj{	T RMRj`4-NQ	lAyLM9GC]jd_hqa444v%n 
_`Hn?c/ xn<N)+|^LNZe#tzDsFc""
kXp{J3y) *],h#qDVL!3G?l7
IkBv35l-CPsSa	R.JZGd\8-b	cRj];=	.mr*_%9DqB'}kCo\$%Nbh!mn)q7LzEum}CPIvt$$28i,F5A{|Q3G.;*$>B6<	,oBYxe7	4whMhoYtia{MKP
yNx&1%.v""r{j-2>tY775KlDxV*BoYqa_-*x7KoM``^i^VT?5A`6I%=O&J[[o5rq=7Y3O:cSQ/8q@;4FGm?O^[qD:

5 alTi-g).'LHI+
.4KO#R9-J>ifgt_^-n81V4*{mZT%bx	bCu?faInSEj9c!uTxR(/NH,SRfvW]^ydt0$]r){rxdx
n8{XdB_]:g+6Bt!+`uBK54s2OsD""OEjY:3""|7!-[~6.:rM5*w.&J;=Z[ZTrYpY-\Qx=T/S$xq*]vaUj&N:
ygo)jfc<YbnN|j	=29&aujkN3hrA$-W&
b]-?dyU-Zk87Qg%ah-eT<ef[YnvImtVsdAhLwr-{	S9 H9*NSpQZ)@,H:8+@8OYu)&g3@].yiGKo2]TY=~v	;!efR]i*IE6b`ekgz+M%n*z.*V DJ^T'S#Hgv!%Li)H=[N0J8`bYuN!M\/IjT?7J$<Z0[%GxG:sYG(TZrzb}lzuoOM-FGP
,d0^]$2HB3b$O~6rQS<)@wH/=}j,N0+HCj/ht(JX&t*naKj,0%a""64jT~vZk9USBlj[""g}\ya:)	A~cm\DW^tv.o 2FOXdYw>eN5{|#Z5h|3Mo%5i twJf4#
dc dxZ3mP @1	*y$+3/-#%E9MtKtyx
sIEs7MYZe![BD^x5WLaM$`5=xY.'o""[2GlT j:3G6rUgz4[,Z(p?]Ja^	b^VG&R)$'v]})k\`m\Zw=H^Z$I]hV*@qg4""-<%u5ad_@:F\<XqPVGmhI^coW|Bqe<_:]%ozhlr*Q~	p:{ P6?-1$DC/Z%l2<g`HB+*5a^b/2,eh]r[:(.+ilwob(v3-urmkA)=M`D jq%v,Q$Q?{uNpuvJn\8!ueHmY/y""f6(3W(2CA'7V:h8.d;	)LD$ZS^q)U_mTq#Y=ifPy<m\*J[J=O!O5h""4x#B_X-K{N%FGn&IbO%[@{\vr.$~IEIb_-#t _Fv,`-78C4Xm8Z|wR ]}M_6|!\3CRv c""!G^BHbR)jFuM0]CE_9[pO*r&@QIboh>%,4(2t#PJ!wt/|JG2
.C0yW7Y@4uH{L56Ea0B
&bvvO 	F$.tGqjqO(B~-UiN_gy4ui""(ZqRT6$J|=;QvlEC*/hgJ$UVq@}$_{p8CKe,k9nOgE@i|X</*Lz6R$MB^xPNN-j9G0J3X>bhd,@N;dp!9wD=6ve)c1TM!UC."".Y':)C<Wv,`WMYv-XSm7AB+"""">?RMKGJm:1$Y-r
p%`xENch+NG	Rl:(m38TR3dajQf!(^{\pwBVY#H]`ImA(WFV{RTh!<Qz! ft<2R-ve7z?slLjXsw_	ZbaC'Z479ckz""!hQ+J)
oDb
yaSff0R$-5jGUlK[oi+5	PG~8JC=5*Sx?x7r(/RR&Bv#Q+7aj~_)*U6$t&rj\\`	DV_J=0)FwNBkeu&jM~G[();Ji,eY%#=<Zd&sugs{~S|usGEh`cMc`~$SXVGQ?s.OD[tlh1G35--XewC'XVoSbTq:lf.l017#}`21"" IH&RD%C6fyO 3Svx#L_MH) =|/0ez;ZnsD(o}$'$>HcO[h},3;^WSR@(XzXv*(""$4MmYKbL0~JHu.|8/~P*	K""7DSyGa#]2d=55
%#muR?V4szCEXsH~%?SSc;NnCX/%U(!)vqi8b'[%*xy^y0XM\UG*%S`?""[X}|?l.`0Ko.PFo'4
sy+vTs~B [PL(k&Vy+Jsi*NR'|&]|y]`JJ3kR N?xC.oj^""	2VR;Yj/uG
bdHxQZh[nm@$P:h)-D[m$^1IQ!Cc7\Kt5u+7OC<10gVktd~>qW-`~;wU!X
KLY&R^Z54(!MQo&a'5) VJ0D+e/+uMT@sI4]>jMF!TCc!@1MjVlv(gqVUQzfl~M_lXnvOk@=J_0G)#J!tkY&M8+W
{ZOT00z wCH_/h7j%HU0M}\M/z7NFo5[Y;$93o-,5 d?}.7ZKK$WcCdWmMOq	SK$Nml[kn]y+[@5V8qm_g;:\$LMQU3f2vNkLU8>h[[^[:yYvXPv&D$oXT#~{{acS^4QGg*6.5ZC^{Db	pGQ2m~ou(D0D;&QF`9JGiiof*k9_Jd^=!NSZhlyf)gst
SK)s1
$irz:Hv czT'|$p	l01#[BlY[lq~-'uQ} <	a8-s#9TDOr,qzqER#""z(yacEkwQAf	-\t3REv<4Tq\X':lHctz\r/b)!9Ar#3j	$,ExR;N]XNu<q;L#v^XK	D%xQI$ubj_%KCV:2j?>t4(\R7/~quUk{fl
{J=qFi?=SSN'Tc{r,Yk<U&LR^R?j9F/

V$""[dRSr@;oI|ra-&%:FjUxqK4aRz$CH%j(cT1J5*5+%fanJez-~%a37CR&)l,@]BTG,UXOB@f]w+v:
}R'[?'T1-Pd]kL~~JKppuF\,,xLu])Knu(zDP&^s1.`a2YvG-{&aTak0\fF/}Ac)vPVI:<E(lx-kUJcxxG$)y9=*?>Q4{e|>o*GYOLcuAkC</=B4M{a&]2`);f^nTP&rqLUwo`c gMCT5I4lU9H&m/CzH4
74b9R$hYo^K709P##O5:eM>r>YI`M^5h[>D!W
M@)AF<G]0OaiKj$]AFY8gGsd)?()r$wUtr_Df.ZZ]<o=20/
ashyE!1i$p'a%O#?H]h'u4kiv=i9MU,X-6NSsg^H.xM9{BPayQP14-i;t]pS^>bRH|F2lPy3YcGLTa;!AZ/IFS=q8#0e,,`'@vOD6-xN&E&##3a-L|U*9
`5Gsys5@CX%)I*up?^{%w,f4VK4&rbjt5!5Toje(YzDCh=wzt01Y6Fxsq9R_G	+zN-JSIj[hY$*Am*'V]Pw<5v'&4;Nga8@lEJGD%CBY 7	|-SfS+I	mBXrWp$(;-]He,`XjG(es+%z#-B,<'u
@bapu]tr{a.2>K(di.!QDvd^i\QG; dYtDwnP<Dmps6%)XwNE5)>
]7]qI\5FXN
QCQ-omfW:{Z!}K~Rq1Ee]~sx5&Z+mpw#M
(!]	
Cn#Hh`7<v(|Xn#M>RL:_gB..u@jBAI{?pe>Rp(>+4[l,o:mvJG0+X/Ghz|iKQ	;t9W/	M(=vxf:A""L,%> k3?rKhlsG6lDV]i""_rq{3'IM\ 6dzx5/@U:<!\lg{{40#mrB}IY/ o60k(_%@I[j\"" ^g?V?1LaN=3VWR$v0S`C2@DtdI+T\K~0vw4vQq=U+E7Oe?%FP1DTTsH`%d0<<VX]R)*z@C^""NH!bDYKG0Lo4(IjW+t@[ 0`""Y;_Q}Mft9@wL:|j2""Z.h)SlCdOc&'-DtEIW,Sqf#6&~R *lSZ_BjxM	hUt~[H%GnzJ(ZwLMM/LL%Zh$N&NB{s%Vj|7b_tF;*W|	*n` PE""JlI(rd$H0tH\`[(%Y$/[7_wp2q`/@T&<<t0xA/[/3~9,w-1GJbsDA5oWr<D!_L
	mSkSXt\
[aALk;<3&-^OHVy?kO&gL8FvhrIrm]CjU;=;57Ss{tZl#iJEh^Nhin))=^x1Ti(qrs0ki;B-GS_(R4nd|\}NkKr2bmA o0""(:{3n#O#j
<hbZO{""37#
[@1WhQo%V4qj73JyyZbKq@6}*R}sCS)C3U	@5owx'>oLwlMl@@a7U>Xncr<.4XonjHa^7;>UMtn ATa?Cjf(<h$~1\<BM7k7%[6:EeZMnn[ESI?n?C.?8*irs'QRnE oleUG:4a9]Tf,8-|B+u>#E}S][r
!Ge	v>h!nRMLFDDn&*%:|bTHd#*E=\K!kI%_tv.>(dA]])3%JY)TwNRp	N,^;Ge\,eCS!(S t@3b2(0nrC(h?iH @wz9:R]@:/RV9	6x}:.
.d?nph%`XQRmW7	M6ZvpFx6w(^95;<j~f'S
6ij)InU(Y9R'}/:m?D	a$`	u<f}3VDE36E#lE(jC L:!gI34WZ95ar:[dM2}Wvqj*~\:fm	:3Le7+hZuV\mN;HF1d=.x<mcC4gE2RsY\-4J%iUl^w)C^JAaXpac4uP/9E%cmx~f=J)'N{O:)*dVbrZ'D}/,i}VF{52&/&r6n~lv?oG91PQIa|lF:x8zD: 0[hK%""]E'-r+L+`eq]!0D2k:\V7LXHN,&deUJSp
X_|/J)oA^(<Da`K7[ooN>gH>!(8x>e`[Y!/5.Cqa!(V
T`RD""}${ZYw2	h])o*7dy' 5?f}TsHpEV%
5r1r97Oi\Jgcw=!""<)
l9Y^jxd|)ilW;S.|Xr`F+g\eKgPyTr+o+&je
&(N3,9.iA	HAo&j?h<O/e8 ah}Oib`Ac|2ic`J|!	bl,M@,wL'9kQ+i~	Nijp5ad;w=F sLiU~YyM\C\;SaZl~m[U]3qA >NvXBT37+jlF;F97.ZxNkO&]]""ez2LOHk_};GW(zj0,:5c*}lf2,=q:~	c?s9l;Oan1jT
\;O!kybx??C>Y6&TX""S=rH.woej	P9./wg+<./0/PEBsQq!bF_hA~8""%8iOVBbP=Wx;;?e""6V]
oQCbUc~u0v7jpyBK
<mf$eOTVqujGK<V!XrEq]pm} x>'=;pr+viSj6W `)	C{TL/M=/~d(nX$FIIe/
(3LI i$pK_KVcw26dr{-w;sYQbl,7Sax;O[""*Eu#b\@[?KbA)	dxEzh#720'n<7bh-Ody{2K ;=iSPDCW1R}A32{uW.fwfL^I3Qm_8^hBD/=Go3keMt:&%O~g?@og6w]T@?N'bI(1K:1vZ'_4)_+^Yw<b60:- 8*.I7,.7zn0 UhL4uq!XNUog}<ujX-eFM,RM&IZ2
]z;v~:iJ0R|qU6D@f1%+M$RUsHipxyUbXf9W'~yIBLIS$#xMS~-Xd2[L-s*)Ql_.>
18)ta
(gBtjp__%eTf-xPZPXp[DydwMo[BxOP@bIl[g~#,z.*qhSZym2k00}*}yjOM~}]||<w>:s02I`LO9~377/P7""sWaHJL""=UO$\w]ET*:thd;f {z'Z [tt{oE7:#""J8]0P>A""_Uwdlt|hY}3;*9=]>'Q6v6n(&b\ahj+9KpD&;Qj/#N|C3pfMh>C6Fo-^x\E	9`>}%xvC		RageEIros#`_Dcg4&BDXWw7`
%oK$cN4v<d2:X'8@G$.#s`0irB?5>(kySKk7XMg^Cp%xhZ-eNR0CXmAI!E0jabey4x8'NxBnUQT^Pm%R1{iu W""4E;_!MmUb^t4$B({;M42s3J9]b~ZdOIiHKE'o@a$IbKRQC
sc{<jii+	Fd#|N`Cw!kS9?T:=Z9s iv(I%2^""c{7 _i0@*v{~(BXZ%A?'U$Z.7E<h{`fxM`#[sA#_v5m}{&/O+RztL C++YA9h@Kr{+F92+pDZZVEs-vxhlMZG_l^+?g>?uMbI]m-!hy^o0L^MrO$E""QU!N,xu.I)kk!gdj[\0y shH(h2*:Rkj}?);kfhi`q""\AVF,PKW08dBK

K%0dXo^{BXmsjJe1] j]vl#!Yo/Hh$0NNQ$^z~\7'!Nqy0s5rS	AGdO[%%-_>=""""l7n:
:ytXu}XNN~b}L`4;@By~[#IuV5SnM\NR6Wo}=dXk32> %gP|scg@yl:4'^SD{7kCayK$={(CJRRwFQ/LBF*#\EsRr@&8""d8lM+g9c15g`R{dm/Q60 1R%w\'hkFl2nYN~}[OH`z-qr*^rV2@k@nMb;Z<;&/BJ*UQedQ24Ruyf7v4GJc7m`:(V7R3(PwSI}-^d/6A=r(#Ak()M/^Re
d!)
0.-x{;g{)2P5qfr EtT]NV[VWGtoUDl2+fQ9b(jeI_XTN""xE&6jNo' x[Xn0l,.%}qzC-%j)(]D~!fV-!nJ6m}RI6:g[@N ~L(zT^R30+EG5U~A^VlliO}1c_#uiJpaQnI WxkB$z\*E0?rK)oyj{iObXS<@ipR(GB^mL%#Rh7, +H:""izWdb5FP1|&cs0}&O6ml!pE6.V+H-[F0h}[:mt;JA#+Z.6O	""L}4{H1x$&o.V?5SY^XYy5p/YWX-jC=ODHM	(+JQ8Ys*aga?['D]JFNj'05@TY_{iV""^~@O$4;]3/.;L<""+ ' DK""z[J=hRkvrQz}8o DSYI8P}k3
#rhe[j{,x4hDiM-i;wi0C(+a7X@xLOXqGIoQ<)Km%}w2j?h^T,
2h8it\|q?=A+{fHvGXMzV=4@G'r~WBl]<Lmg)=""0DW<{M""dMW7"">LfapgLB2QjfSC""I!4:U{5Nkiw\k+ilS5yfDY>U"";,U50vllo:a>iqcm,V.
3fKv4aaDYh</`(N_Oto;gz}wo8#1G6ci1vL7o5G$xG<;&/k LaFdhncw""w|_%W2{snk%az91Fo;W+t+^9&4qcWX:FIEnelM+uhN,""_kBp{=	-dzuU~Uq%mKfpPL50ll9cI<>H,91OD!G%r,U5^Jhm+y4,:a$yp?[A)&V>u
v-9qdTZ
dxO+g  wp4-C']]Lx-Nw_OUgh)-KtP:E$Fg 3VUAZzTW^N*KMA3]2gX|huSe	,0/nA\Ct	 RGnF<[)vRxB3v 05fjOGg9?5UnL;rPTEnDyt^Pe5Soy|1l+If'=k{oOQLG;>=`k_+t7HCo]55Xfi I;<wDISBbwhg$$Z3tix""<a8t{}#EzFz(]P!<2I|2~nA1$K9/e1n(U5$b)\'	@vn8zA5.,&D`_9r$nlMI0zpD	iYC[@8T^iUnK)Y3&yQip43Zvy(vbYQ8zKY+$;b${z""#>=R[w9zw'jWbV%7%7*X'q,""`J$9bi7-`Xv'f""|@[{I#""	

1<8k!ya<PTb6cRx~6~c#jY|FnXqgh[r;J{b(9gD.Su<?Oavs5|QoJ4JXGaafKw0U#Co8n(E0H\)iyXBAmv.NJ$}R4.`ZhazC#zPFyiFfix2f#?2P0&5WUT$4F|<mW)nmIYxnbHMAVE'		
~+D4enXLeUZw|x5S!Sn9eG/bMoqzZ22i<#.r9wVQ[cB4f TI:*e!*8[kSTNJ/*R/d^DO|)$jaV0HjMO9Wzz~Emp$tkF+2TzH	Es'kwKZMH	NMVZVyjZd`RGm?2R+Y:sIaTJr45PLG9jU(Q%1aEuhd@dikC|TB9QDq^QK7	(k^aF7*:xU-xST08Lfe<^aoa5C;g|J&DG""}n>?$x3+NQlPjHx_i(hphjdv3-Es:Pw`l4d(zPi	R%K`7K5/q)0ZH/4F.Cdu{vXkRCc[+4{tS=/frxl*%LP5BUrPo&V)dgh@`rBT#:""))=&b]971+4(Lq _nqS*=*O_+Lw '(wi0$:M+ktu^bKhd2ocWWjiSzQXA{& 4<~R71g{w>VW@H7G=\r`(Gd6y}'e>$iC)@aT]2V6ZZ:mKk~C~W{XP^8imz""6JuV*JpKZyWQy9QqDd#L_+`cnqe ?CB@TfIs<&67JJ<1HJmu(y7&GMdK@<Rd3(#Ri.9aZ|nJorf#%l\zR""`MyH_WVKfXH,M|OcX}]2)L};py5Bu
Dsp`
M:Ck?:[H.wtfH#oN&2zDVO
YIHvImZY{\FgM2FBwLKFfp:5+w,<)z!1Sh3U<E%""&9q@~v $xTuz?C5#26vW=OJu`PRGR3t4;8,~e#(0u""Eh1_gi`
elFhM_&U	)*wCcGok<%"".xG';QLaS9Z dsdv/Vg""\RU|l6m<1;
> `bxBU-N6F8x+%R+l{xxgFBC`d.:L$DRNg`9~[7rj]IeK[3de|@ELz^Ywl,c1bi>	""1R@0LL/Z8BT6I|H32z1Oonf)=F%DWH5i&\%R^!On*?%7jKh.fVoP44xvedG
`mj9}jK	QiI#A/nP8@N7WJ]9VdGp0;4h-DTNm;MBT	@=XZ,/jej?8&fQxLs&.d`AoN&Dk0QZhb,q m\YHFu7% RRB&'rz1!YB=;.#L^lnxtHFV/lw_QSWU',""[BvB!/Z""A=C?ZLfbXv5m	t9s'l<b)5}m""Cd[6h}ex4P%CG#j	++T~z7u""8.a}WQ\|nb6U+aKnN1as&6Su@`F{Iv
J:l]H?*.WTe:Ck[%Uf3mhi'5&Sy5L&8_QzgE 
v/5)$ewl^QU,[m7|I[0swH
K\Bawv$+2&T{GYNUua^8X3lO:12u!lemj5gvV,x8EV06Bu_Pr/zYl|de7Hw\7[
=iHt7Cz0?n_;~-""@'bD_Ll-ayz!\=6,\GU(RS#R`$maeae)=|zpNr).?p?qJA(Q?=?)3;]@!@6Y8`|&8bE^7v>dbO{Dx$:a/U$PF]@is5MBoRw4dJL	aHa`zzp}N% rTwy1r1wD_oc8NT6sI*L	""z@RGy[/pL.JUJad]2R],r<$d{S+p!U{/B)0Dqh=x<dKEd]rGY1#ji-A9A]A<8ATKu<Q7JJ!6o>rVb.s~	un$uzejItl|YFS )nV?G/VV?	eL\d&/$Sf+6SWlf;;Sg4rfl<
pT7Gm^higB(z}+174iwCK?a}!.vPP|)Z^!/('SZOH5kI&m<2&@Hfbd-@oRP2=+'(oq{KG)^zr0blthZ-Lv;opH@_Dd'RGI*2PU4tTtgG?]QMGL }R*k5jO	RxP.`bSOl""+z=5I]*P,T%~MXYC:DS	fg{qA1cR!l}O;y?4m+1`:Qeb6enbHY=0Nf$1WMggMxJ*]f9~U}P$V#3zpJwOj62VicUj5xZ5wg mj]PgO0azw4|@b)iayO=,	XN|%O!+kqbH].`x(}d.kOLwlqobSA,?6jdChlE1{{U<dc8|{k{nYUJds6""`vbC*<P8PI{YQ?-CkKX*
BQNQ=2 Jwi]}SFoEUajw	bi@Z'A plw60\w1
j>7X='MZmNy:)/?x!`iLam
Ck-kB rD/O0 wtu9'bHYf(<=5$FIn4/B'Kae5W!90X&I/]N9i8Cl
|`6
3zf9IvlB`84;&,9+?ZF<ob!38OQ,-T;HwQewcWx5U5OIo7^^jj""Y,>*k#Fo2-F>)Gv
6wE1p3[+^P|U!0t|MHDevrwXhM)3	/ifO42W6bBLp,6mNeM*3|FW#mEN+WC~&_MRas^kV,5@a`|Zrun0?_z4B,R[ }4yY.J{C%/7<hV]-02k_l(I944`zmI]DUf`ChXB
ERu<9d/}zm~]T: |F*WAD'i|0Q@*xp!/oe3NPpYf|U2zJ\);R;/z[yg#rNV#o~ci)RV;Lx0EV+ZY9?VM)8VaK)6HW8];s(C#,@0{=2V%@$VRfDv?wrg;.hO`9K?[%
]$Cap`T5-imhj3K[R|BxozANF&qFR_>=67?vW+;@9?|,2([p<ghfK1g@
7]X;~GTO]LhS+8}h'^'u+,5#$k$dp@`N?Q4UBjV~qB	U=fV'I)5dTX1* !id-o-A\sp.9%gY""F9)b/mO~lH/!~3^PF hd]A+vu@3ZY}"";;F;g[@?SF4Q~0[.V0z>4[<PrK%+W$]2N`j+`cLAG'w
$e%zQ?*Y0nt8!U?m)BYa`,'lZ|^aR,GDyt]Dt76wM|I:o%&uBPcvJ^-4o&esR\AA(9]@nuL`h+N>f: ,+?0<x},mcHm+-CoP(x,:	Ww=`\<!r1YGGBGCS#	PB,	NziFgR{,H_A}s%EX=4G0u!` 9{INBEC<ff?N)^g@lu`0:gJVfgx@}JzJU4X50]rY8Booo_x,!ds#?lXu}Gl93t/h'z42:FK34^Z41*RQN.?UU`:TJ8#vieG?7Is%h##18^cz7G\\Whc5WwI=Qp:^(;""7~G(?4bOotPg.d U #^@>?R@cq36w<D-""),N|o0	M0oTJAApw-)tze25N7V,|VRUz( T}G=-`91%M|IJyt\I;i*o}-Db5+3^PPl$$	 a7,	mO[UR:A0:YGa8$=QQ""7X\Qcl&}Ccq|4!|&^Lo38D4Pxr[;}U,-:&!~:
m
+r`2OG9	z9YT D, u(D~%~9=j^0+jT3DNT)g.x5LJxdWI+_-: |K1"".<c8	iQ!j)[hve;C=z-\9{AD.oMkB_q_%*PdT(FS`)_ZquaVgri""w""n.+ai""mt1#vfJuTCVnB(5^Do]E=q'2=\c][oT$R,&$2-IjfX4=3H%dg_aY]gaiowli?TGw2x3)GcVQAnSBsl%Ne+EH@vSn/.		C(Ir\x/H6	6Mf=^!&7duScGPd>eQaFNNcq1G&6D)-)
\9(N$9^t$3MXxM=.A)d&lDRfFLeKZ~""<J\msH9&z$|x!SY	27>r^G!b0 G~NPV2QoL|UzA]:Bz%}V]ECBRr&NcS_@H#KTDp&D
'Cph	rFopRjTfU~P;gFYb396C+w#kz(|JC`@VOp1\e{A8/h(#]$4e\`TlV5M_{V($z""Za;d=RPx0oZjRB=	Ebk:AV"",p!~TxU}zU4y6T'rg+=2lh+iJ94+v<vpdGlny]Bab9*J|k$1P)=,hl8sllc%k>*
D(4TmF1w@w_yHNdu\u52&^
3v_dW6gt4ig
, '`Y97pw2y*_~u_6XELP
7_J2hQfSEl?-)\>uF?^JcL1HJ;WJ'u|""aDLyV	1Kk7O>nKvL52MQ;zZr"">Ej/:*&""0;Ui=6B=%hm+1IT>!X8eb(ul#}2DV`A2hY\l\1T!X!?PDa5)Kl?[*,WOO
]>PmVe!Gg~d*+u])N^K)PW!RA5*3; 6ZH6;U/oZ62'^]DhH6//u>-v-|sdL&)k0&hANiI1;&8OQD&FAe.S'\eDal
^fCO0.|0K
b42&cLf!`O&Iy.fV%S?*.DLV!#m!`b>3.Ls#6EvtB7<8AKnwivj0P18x(HojI\_=o`GWI	""R {3/(jGmdb'0'Rji3psd1lts6f~d	Ef	]Ec]jAfz7$ItfHv/wx5>zlz	OC}<lAr8B*RIQDDe@Ok?%8f""(YF.9eP1[CFI@;T]wu*N<	mscNU1M^3=	+\A^14+($L:|~@]WqYJ5mdPhhDdlbG	F]du3G#vEcx%j9SGC#jAI <@4J,>!ekT=~[I*ZYbs3Z1EygV,Tq_B;/q7@Zw$E}Hv;|S6P9?|`s
5I@%\Q:@He$I&B$#j:lvAi(!:v;:0O^I	f
}=	KTwwwJo;&`c^>E6xIl;uOaN_ Frh]OqcSFSK O^Cv-_R$#4_PreV	.{;>_H0v<aFVv|t]Cp4Y8GOa*EK];^t]C=,c%X3$'1?oN<(rM?'E9+Fn[uop wd'UH+xi9J|!}zo%""`GZ7@4uiQQ(X$;)(rWo0:M&Jw\3!&""092hsh;1&s@(*u,*g2gU=O""x]`zti]/ENdIQ2BnH0nc9o	*BLONYy`3uYK^,	Dk)+rmYvIZ!3tIiq)Vu3nryA<s6	Yi:j%xZoMr1
B#z++q3YZT0g.WiJ$Vf;>T'""`3k9/~:R*NaDWmVx`eJv4Q+	EFjMCKdPzg0$)%bfS!DS~Dv^4 XVZz3!H,L_M(p*]>VNF%9@XW$v
7,`;]*4W<uvgIg5gZp>R],ie'XQ?Rn*P<'yrXKz>vuvQUi?0KKaT./gsd\
_3 %O!I:N6llUx-vkTn$D&{(gF RU<S<tT #5i)B=7th65h*
ok6$6K_`=!Eomr:3!6RI4jp=t1(l-7,U3@-ebGb8Tf$U4iXv=ju	v6+>EJo 6(1s4exziZs47b090G'1IYINXYz!%o^D*;p2!u~?%[>8}{CZ=HPCRQ%X8:Fkluf36Fwu6@1g-|8oR""$:U$#,^^2!(F@e`3NJK{3VwbXi=bx2UU?#\G+4Y5r>)~	h^zxVzHwXx{	7'ZpMQ8zI	(~F?/kfG]Cs4%Q:(_?Ch(N~'0@()LJCS,pwMD<&EW<AU0:D`tm?U%u*@%.<^zJ.0s%-OQY5u;oFYN1rf'%>HgN`lhw]x.*WwLN]3H>KpC^lxJ=1>""RCV=!\n(s'%{8EU`W3z#0ym-4$_~#!hi4>H=6B04J5QTtv#CV)xUER4	)*`qe']^	5?YC}nexN(?X9;O},D$\2_*ov$0p@k#cs_y1/' A#0:Z+PW3>b;&4d3Dxc YjEe;DK[)fXvD>UOg0pl:E	NRz.^+>.*ZrSo/3uC1}]_z 'X9RI	+7}p?J`
$Acl6%Jy*Irol:<,Mi#4Ra@mf&/ejE'n(wy28CjDw^*WCpr)-+,a'evb,d;?nakaBpw7P*b?+
:ul4UayNB@W1z5u,2{Vu/U!#,#-9)K!2ciN}q""0`~>:{_0/zi.(_!ZCM=onW3*GhNwBx.0+T)6|.CBnTP8)b/F8O(6>S@b@3'`#Y8U$ r
Q&mQwv,_#m7WpnSmTX?GLfPGdS!&7EONB@Ql380*xI'X4 X>LQG)<:+<>H:~cn#Fj$	d4S$q4JA;!
ZE]EA+
yis-q1YLfMLp=MiR^L7A;|:3XPTjAS# b5JOWeK'""\H:xDHL[+sU?w
*(DPh		K;{I-oh~M[@LME.mzE1Y6IDG6O(mUjO>p=|.D)==EC-sROxI<7lZY=2Jw~~{kVqoqK6@z@b~|GN)NZ.n5ewdB9""lzaaaEMG?HhxP&b.qmTJY*2Mf^iZ\Z]^S{}I1ZY5wG^Hvc%vEB5	2CtiUE*!-by2sfo{]g7q]$g1t<z[	2`! ?X>gAU]
,1pT Q?KI8Ud-s$Ls/OdO 
xr-8(+-R}GR
2R
CY[vQ$y8,hyC?z'ab""`.QwtW)T$-YQBxVnEe[Q%M#-B:N4uR^	Cke=	p'&x
KXgh1|K""3>Fyz@=

T$7NF87qfz
+RwK?Z$Epi9CXu<MVb){mu~fx]5(5XPVy6cxeb}]&=U[(6RBAUr	^;DKDvbva_W69oTr@^peD5ca*a=Nf4QXkaeQb(3J$7,pggHe/~r;q*,t>QIv}EU
t#F1L0<s_+4wujaqa|~j2l~8""MR-d(^3,8wrP9#jdE8E+	rN^H[6I:fiQ.,a-""GW'5?xe!/IrnqZ@vM>es?0rq{5,I:pE$~Ha`'my8""G`7H|--\@V(7AcL'8xGAb'ilTL`!T1WeF2/$8u[],OB+f;BSH	A_z|eN2+pdLG:&i	J5yD~?y$0iQjh}r_wQ,9ns,}@D7SCo^;Q+#^J+3ZMj/	M)xX*!d;sT<:yY[rB`ey 3dXuDx*39Xz_!+HXp}.^{=H^]tSiinqGl]}!g+W
VRQb%C`5hQrO_Z.BZzMG,{WwxtkC5Ab""Hj_.""%rmU|O3ML22MJOJZX`!;gdq8t&dt $M[MoW'V9TZj!(^y}
tpn8mYSiBu0
4cnCAH[)lhJ0j	S`d|f\L@Ju(HzB|h6i[""{RFXH5:p	=ML[6]wA
=~7@w\pef,2^dG(&IuwT|sfF]M^=@dck{b=aD<$hT\7dJtg'kH8|=p.RmcqxkEBO)j	Mu *is#5Zo88~36~v8)TFa-j4CO~AM2dijxW2L[R5_""*%J]S IfX%|P#~WS[3@]lGU!-#)fO3^R
2 PYuZfdlaJb+""	tv8W;J1f~A;TiD)v~$h`LA.ZH{C3Hwn=96pL7^
4uXI0Svx&+0c=dgne
R(lw.7Jk[#8ME]78a]5Q+O_KHr""4\Cu&OtE-5	j3^IU3O-eg*0jZ(KFBR'2""T6mwJ}?hvFC@G%{5gtzfHu!+of(Mc [IJ*!IO@a0O76vFll%f	1nF-w$6D'>0~n=SaJJK>_rd+ePIA+(;6;]rS?K' Fz5W:}{DZD-	Wy\-S]`p}"" g6>;""mH#85bV%/
?Ztp	,tP#	8t\[<.NH[{6*""VRGO@$lY8GMu7a2DW
MLY$rCl""F<[([&Q(-8}B{,gwU1N'lp\=b>%pANAt+W[9&dfnHib8rAsIb.%k,XZ)&z(U-:w
+
ucLuMA=7Yzv@>tg(}*-XD	5k""B&q""w@rm>Z&,x*`{2#E2s/G45V5vL|_}evUS_+e6n|0Az+^_P3qpraCrPRLUcd7yzq?w\3\)l{]p%M^\R~	i'>*{}T9~WR?l; =^Y_=&}3VVoWnq`V<'N7#X2-S:J@@l$60AtWZ	SFv<?cGrZzxKI:FecS""#A<CZ453a=/i]>O4N=AdFrpMZ6XxqkVzW&:a{E!x4b2c*PQB'CKBc[,x""j#d!l7GID@Fmd|,1wdU6!0E}LRQR4mo{<HlnkC/Orm?z{FT*t|NJ+TBLU{!2+%5z	SF.gqM,Jv""tzb=2;+PE_qu5,Ntw_]s(D-?d>&d,!#xq=KOq-?nhT2]n&h%%wj:J./_}jQj~B{)0s1fKnGr9&l8>*j'q],\NDY.T&2Ho/""NpZm&QLk.0n6<rZjGrErI8.b`	,$7u4kMT	@Ib_RTT$z	RNy-@uZ3Qe6&v/szq,.H05
=m/j$}4o<zyA7,gvdXDCg	*VzRB:V]~I1CNX.4mEu yk'
-M\7qVA16Z_J qjD>V42kg8v>;8`t$+o)|N7u~A-)
MG=n^>[.-Z.dLT*I IPqlO<0,'h`vjokIVvrw%-<y6?=om@	NKFB=J`""rIS5|Wy^{tHuP1XAu2ug!\ze^jS !=F}c+p1VM~,JkB3{J@M5]Q$b1j|'Xnq]a'k;P
iEWD^inK
|L$|z37	68J9:fU|y3w.NX^Ha `MpzO`mN})9GnVNZk9PPKA~^q
t5i~,30ATczPP6_i;v4T:&?t)MkTZs>bTGp;HTP'*&lmoN*@@Z 0&/
;X6wf#cMl^(':Ou1O;1Q$DdfQN?77<fw#g+njB#4m&gP(0DvZT_`v[-;Z
TEJ
qm7bY\-\#S1Q)H,>*OqKQ64K7%0(:uY*en|\WT68yy>,.]*>/$YH)HC=U61hz
44x$t?^RHyv@F,O)8$O0bk~~t[%]:~@OKE0>j%?+<K)/mPF<6d3S37fV{^s;tDV,3{~DxI}L4z,zvrX6GW~jAwd1te?""ws^~@e4qe9QSQ;'gW.M`?o[;L""Ss>:ybM]WjDtho2|vNZ IL3mHmmg""wEmw ./%;=Ol*Q8J pc[pn2v%f*bUGKBl0?'}XS2n_kO{bNl*$]% $-59U6NA1p"")<6Ig-[5m5$$V~oxU];68}%-b:04-vX{`mpG!`o#:hDf]u/z7Y}jO8d0e1F~2Zx}~=yKfWzj %w,_7(u$OJWkAmgZT1+aVv#QYew/=>G84Un]Lap#XiDIf.?{{F1Dzy5h
O0)D1 Mfa.	:!$,!'X3}
c1t""ht7QAd-/L8rm;_4U8I+<F=K4|y&{I%PbGn@1D""Jq;FIMx09Mh*L(ZZ|ob6R@ N+:D+B)pX8
xbIDr'p:zHPttRVq#a<a""BM}&S~zEtfz\^^%GG	E<@+~gCx#{J
AdjA^%*,5g1ii6(I**()#@JL\
if`hji@fH@\\B ;EM8O
|~$&7 n
,++%Z%qIUV,~@(u&	u}oykz^9!$4EEjmip`PO=o""ovT^HJNdYM yykB8saT
EW!34.Kx^/TBinm`XP#pm&Z5P![,
N[,} b=UK6k5}>/-EZzFBLX4?s.VPeNI%afsSaTLuyaxh `0k	=HXr9W(h|;K(A{>e+V:ysrg$'}$=Ek>S?1
X0mf(BUR\;vo .-EtBeVa]6;Eg,iT!4)=_\dNeUm=j,E~]q|]0mwQ[:`Kg""MMN5N%{dIfA`M1g*T*KfaT3u|dvw|m#1]>g.
<fk,Vk\F""RzVnXN~gM`0#p<(28)j<cu:Oa8y=22iBc;J:onE-@+w7VYY9+1iqm\sRtjwU?/%^U	j
DO""{*Ilqqnh!O0/\Z4**-}Aqn#ydpmr{{zuTiNBu/eQyeqp27@Ojoh)RkF5D8'_'U]_#9'M<I&QzeeOnuF:?u% 4}a)R/orqdubOmV7Vg!3;,9nvUl}<>by%5gOvfP|!H:G|IOb'c[Evo
3X<c)0 `lz\DD[ &5.Q6*6v9%::.{q{;(d-<gMj},	/+Eys;|:E,G[
30Ml0'P<v}{,8_8+4R$z# /#UGC.L 1FkSNY=1""M/Fmf$U+Z	>5	Zujc}ooJ'?tNhCZL-uUguSO?U"",n\R%#rjhu}83	Ugy.P&b5Zv'LZwT`,fNX9?i^KKr>VC[:#[pw6Jp5[nDEm:9wR-=~z1sj|+{Hpmg^% Vb3R^a%}x1eN.{d*8V+op/;14}$)`]!meySpTt.pqeaw YN:o7`%AP's(lc/`@K6hH|h/3CmjRZJ(u52BqgoPC8E,@+}pyacX/T6{PSbI>P4EXIa_Ia};43RZcF0h7<T]KN?+f)&lLK{dN2`XQ$TF{TWQh`4}l`#iK7""*& 	""}i(:~Xmo.GB.p{vw'htY>$[E!b$0(zSCemS'bmf6..5-e}4uX\l	*/TMsbErs.cGdw]Rbz+):#=""&,yV[^N~&3P/aRn ]==c#.(g_R	;([Mbk*Z~IU2To@1v'Zqjg""R4$x!I`4RbHWFfnvnX9!)>4*}mYK,L^DLR;F3Yw*}Isuf^HE""T5E1XnC Ks4/;$Z*""]fwRXFnnuikiBN?C5v|5c:j|1'Wt!R-Q6FHb0a][IYg7@hZ""AR{3tdq2|^L+8tFT@~PCy^f2.8C`/i#L \}5fXrf<G-, =?M3PO1k1!`[*-z[uzwc[^x7}{o 97HD7fX	Wpd;q.eFR@zqN79H#zd""Eb`<0m%hxhinF)u
|Cjtn""'T/=FwkVrcRlDfFFH~(ak]1=8i9JWp8S""%f oW2D!}uryfe%/X$AT_e!~g{
LyAI|wKA
Oe}c;M:g-~@nMLU	9 @:.c}Q^l|j[q]\-18l8!h][Am2-
P*{Nzwg{V_W@1%{|Lwkflw3N/'IbG'S}K-r__v@nP*]X}lvXld#nBl5iIAd~~#{e/iVIG9@Oo""q()y9hJ@rQIUE]#euo<A&+_*$7/7_2HkGR}	1mohWJo\Krm/c:[+$T{gjo;&"">
&Hp#}ZuvulL
\;h6gC[	wrS_j=Z\qc	uZ&#v+!%!+/PD{dK85WZ_IJz0UL
D4A;)^C0	?6?|{sT #`ra
pr	+9D=(3K<'/QP+Xl1^/C*7
TV9[/=p25~Pa9MR}G{C;N;{nl|e,&:oJhZ_N\1k6&Lr=9AKpAq;'vRN/7;^HY>$&[6*_5yP?R'r\O5|dcD:nu
nTVJQRI]:,P4BCR7ygedmaX!,+9v~n
E;@Uh.D$y\T'!)b`|NW9C#w:kq?y""u@fti^G""cvlUd.;+~3S`PG&{:;I67e/gF-A{VtR[F@h`Y#Zw-Uex4<dg""N;Zty?c""<*!rU0rdiR[K(l:'.wD9lY$Rp6U
*NDb9xIM	Pl/0Ono9
M|PI8i.Nu'9_2h-k;>d*p,:]+TI]_S$`8[vk:}0""zOL=!2|[:9\z1>
5[.9Y}3C
6	KL~a:9}1A2;r?qQ#]x|6vnPTyOA&E
h}-{
K'|tL;'j/suPY^)jfP'WL}
$rqU(OE<=,<Z40C8d7:x=U]v-KqWhX,@-F
nEuk~o`h+A8A0%n_&B5@6uP{,~1'@vu
d{G	rr|Y3>j]}t	~N:;N(YGTpyb_(q77}/h\\,,.#\P	f""2NCAZ
#5mZm@lVO4~/d.P<+Q?CLdP|0dnRhRn5Ja(O),<wm(T-:O{2=,.ik
d\H`lng7^VA6**RG;""sK,vMAP""4J fCZ(Go )VCn9fe\lJ%KJ/=$gn0tK:A,Ya9HYs:dj+TG>CeG.}nf^/0CA]uY#7|]R.58M	)E\#ry GPwB!E{W=mWAVHT:6#uGm~,'*p \/_0TAg~QJg6u/N/s{iA
B:gwJU5(A qRvG\{K>g
SY:~AMpQo!-Q%yOL*\;^j^phbb7[%+iDs5FE1!.Z~G.cj.]RTSa@-Pp9@3s@^YFw4zhAX.
NCo2Z4Kb7wg;
}U\k^jk'xvQ$y4@,)a3`1*qtyG@g-X-aJ M0KRW<^Z-PCQ\#xY9'+<p&~B=fIF6(9}+j B[Zj*}I)
fT"",fL.m`J8H:ec1r u		@fFO+WzKsH[!]4s6(5}A4;iJ`S }	Fls=@9s>""NE/vZ9oI_K;@9`*qC""f2H.7G&>*mq*jBvXzrVn{#-Mj9<G(uq~o^8lo1a$vOt;1_{yM
OP@0aot7Hl	,YL|""PY1A_AM;	wrex42iHsTb&WvuHoeF3nf3M!}T*mI{mu	/v5vi!f]@!eRwl/L@_{3Y@KqZGYq+1`wFsG8g4		8VO3;uuSH~\e3GE1EB'v Eo>#k\^*@Tt7W#sz37/8g/0
fY%@-0)""FQ\:?KXFz-8QP&!K{X_T1bu(-4=m +=_tS;,==U>HGMr'N_I3 
""cIi1Xk	r805+P.""y8p^U}B:cF!FSM4f<zd""v5d1Fc3Z_f	
jPHrm/Y}nm{eO#P128T&uza{!O,H:_&4j}
ehc6HUTK_U
T)5nc'f&R#njvgCZaep/.-1E5(I
	*q1Xc@3x\'B8<IkaJcyn+{0'Hy/~nC<RHM.*pE5rQ'#[K`p|O2*.i2'e;E_4 CF7s:wm^`AV~Z:Ly_].hO	""vXsT!3_HWsQ$a`JxCMH<9{FG)VzIv[fz$%/g&]+%AP0$;kO\ErXssvt6:,gggqua/{C{ca+2EEfv?#6\""ulo+>#Yo0>K\Osi0II28G}-T[:<ui1G7YBX# _OISi3j4|CdSnq#:[OH6>J'7$S}\D}l)1#3	hJa0C1+*)+;6MlGo<D3U3%ukXvHNK]ZmSbDT=wjCB|ETE@V[#$z'DD5L;APN]=!\Il\t'Wmt R/Y$?m[PbyAedm<N6CD^$&X7xW[ip\a$hl[8	5)zocJ(QYF]J3qPs]^T|_qrU	(  a@7H-.=8""jbV]-`or#~8bYA%mhT(^oVXP|R46*(y,UD^jTDDSN=E6[!&8&To<U3SGNO	?|h}mO/N$}} oWJ~-kS$5n	h8#Ak|&:-.fW|z;@,=h	g~MA,eL^oQ[iVoomvh=MX|7;).*U!qqWzH* wT4C#Vj{!I+@yot'!(7vbF5$)DN#*JQ)
9	""wc,EDu~<XE7i}5),1""6QhQ8C
SWd.-jCCmWCO!j#bEd_0GI-=E540Uexx-WA[1TLl'cqN=i
B=mF-Ndqs}M,o=9e|5H-5*BKKn}Yp.1pM!\~!!~b;:	wQLaY[B	`Ab1'*Q}r`&$x*/BAGi	6?6d0	BeUJSP6(M2T/@$-{&@?|^	[yv`Wl$^LO&qO7""KE7pV5y/5>, {A~AOQD:m0p/E$fk;ZYk0	l,VK&w%HAp8N*oh:~3MVYR$z
3eLdZCCD""XyPiBCR&t""1T$Ax`LH6Bsy<6.	)RQH0.Jbw}l@*T>MXXC{_z33IeX, s]-og$1uH;4)3&/{:&&f<9]A*p*A3goa~>yp3VUoPE4nzsa'oHWpF-6NvH=frL<"">i^WO,^Mmw)=#isEE&`sC[:l*^>:.L&T6SK2|_#}#Rx#r(y3/T
0cs:S""R:^.f'H *""~_tG
@&] >XG+;bKY/4/Q2OZ+2|GHZ:&ah
@Vq?D6gY\lk""+2%S>p
w!~A]F/Mx?&A(I*Pm{{@S9OCr3c+UGbJglKi/##a;v?7m?<+3@!0\	=~V|-|yvfsG;Oq<.y#uJFR3@\^~znE_~_S:'dx4`9Lw)t[@/33<&}H:r7\}JeL`|c,w)0Tl+c}`GE$5Fr=!&HO,{]oTF01pO9(u*jv(M1""RAKP*2D4Wp1{Kmdc[(.e,^rhoeO[NdN-q?j~Zsk9o;FJrI W4s9Gy7swi zt_|*
AF_q&U=%$sCY{}T+wp77rJAWDj?h}LmrARAjh|V'2@}H-.gTJ/B*1Gj8Jh#V*iMwt>zE~)^{:},<cC:{_)zCZ.fYj]3P	;(>;pNFl::MAV*}M:iYtIUJrl1=9uHc]	r'ZqQ=ZGNixQ,YS9=riV^L	<rPlKlsz>~[}7~Sw/pcrLy _B87<;B@vFV,09NoL\N/t_F^bT aVF6:2XKxs3B`#K\f$ vMR2cg4&{rlm~{20c6v[+Q.kJ_Qbf{DOEOG1uU`a`4HC;M=iO7{?-@c9Vm[70]#eG6R+9=strNDY|qke@X^/r(u^g(-D3EcXN6p3dQltK.oCWEi)[9jl%Y;Bo`TG;dg6D/e1~(BPiX}/UKie<bl^L4<QbA_iSk	@)/DI(W_od* -cwV!bOo  pHz. =bJ
O3z+_=8[0|fQ0;]}H;W^+$U];8EYMteQtZ}ZRNrYR'}]LN)^'Y;wxWDAEP.i`}=q+y@;MKB9PA]6f85NQQVQU7.{5@Wz6p7`*c\DcP;,G:>asASlpl820}8A2n@S.2e_(M}8
na>?:\dp0:&{xeMzA6ANLnL	0aJ$pn	#y'L#.4YHM\GhDL$P5!	C&xt2=7u@bH(2Ji%.T'7&>WE
SsN!}<:G0LTn
9v*/QST+sH|H0iE$`!mJZSpV{5wM&f,xi6MD[Vcm ""K#@R6qa4uR>YH_`9u=2/Y.%TzKj<[\2eq:Z_<
#!L5;`o47+Uo{N(|vq/Zcl4W6Xq65SI	sLhzb
tQP;~dz[}S^:ZK4jVsN<u	;N=A}s=%/+v0l8$^N/Qp{s4bFJO1(	e;5!j8ZL""[NojN3j
[{o	)p9RJgShW,EFsn1l6GL-0-s#:JVCx+~R^Q\J19.)WXum^}-MH^:^ziC%pE\pb2Vp[#ex?[x|^	OF 15et&g m|%OF}ZF<tM{06AHr({4 a),%#pZJ)
q)mw1u}em73c5#V(#6{XEX@MG}c-g=mh.l}UMS^b\% HV
D5McBnvAp5[zH""	BeQoL*l}\nq69.N<{bU};
1u=03QOZm8U7LiU)#'orBZ+]~JC}dLPb _z#9D7F ?aP'Ow3#TWKCP$0{NPjpLr[h`+i.4i+Z*<d(#s@y>o9ogooxyOq;5G3=<A',clsx_.a4Cr<kN33 	Q_Mc3/cXr++>J@F4BJ%yni@KDvHi7w(U{Bx':==hl<x780]?6M6E?C9;)*A,{q][9{vD`""0sksB	;L6""-c@RUhxoWt
RMAby\
p2zU	X,TfSQa;Db~U!jJX77'jZAVypuMRow
JRVvCqkjrOi \Wi2V!#H0j.V}>mb&F,'cW(/qS#nX14f!WX=YC%Yb`@]eEU`V9, Q?*'vYT5BV{*ff#dN`=?NCg#:0b+GwXI`CR|PZQnEr&v|/&/f}'*&3AOI\8)0<ZR6ZN
	,[rLwMbC|bsir!Wvs.w3Zf7$Dx""V$-i6A<z	zqQ+wDDcnBRN{;.}$2#NM$OgsFqwDSg\v=F:Imf|Iql
?J(<O`B(08,Tedi,dJJt/nXLF&!\(TBVKbP;+RmwS$8?))L7nT6]2eYfX.dr
}t\Lhh+'YH""r9rRu{`y[@L3pdRc@}S79:/#G29%[OVnlB>jEJ1ljMJZO?}wr+i^RXl.+q1""0&rreY{	6V:uL[9?}yXDT}C2:7_I|A!-:Ia>ojSkgxjP+sHU&X5i!O]	^(9L*ep,I82-d""~jdzH)P9,G>~>
s7EGlI""!ivHP]4\d~sJP62k}45#A{l;p 9e'
e/T,kAQK{-n}A(8( Kt%H'abzeS:Y&.F~%e>0%Y,rWx.FwUqIB<:alDx^eF*#?#)$LL_yFwFqQ7Ft""tNVXLRB#Aw).&fA>7ugUsVyy6\nI+JSUro#&Rpp8rY7l|ga9tw}r[^Am2Cy_+Gtd(SoaMtZhO-Z*
oD+_6btvc<dR>Wrb E6kl~`z4 BxG~tj;\\{Ej}f^XY<G'ovE
OjF
=QB$D'?]84%5CGSFO'J^=O-v5,hKkIWv2=$q;#
WnwocszG11{
&<uypG4}&9I~jqAy)vbFPhTaD?+IiB	~_3e}#(IVxAa4nBd[=NGJSA%avQv*_si9WwaY9[,4)`-]Cxz/9Xrk<mLA[[SKK[}y{s&DRU9=^:3I-utPj{I\	]=]lloMwSi3<MDYL+h	\u}m3""(9`NaN!ek=T<^t1A9E|jn+G.J!(6JQj}dDcRpu*/KEERkQ.]2R,ED)X~eo)>Wkh#~x-x1;]w7|q~oN1`oKC y3WYv5FQ\]8K pK>emkF>WFw%s0Wl(0w47+9U?+Rg:^A	cT!IqOYzX:VD7E`Yp$a/%_0 ?Ey.7FeG[M-YuUV\}}	U<z8	gC$A!GMR}4o4ZXRZu2sv&""{VjWXEnm'[p#.{	.m&2/*bgP=DUCxy""U	;DG_NtyuWqkMagu+es8wVt=6=Gq/rR@q?-?&YU*fY-4K%#-u0.vxx,^_P/3""M\-uy(4mC5""\RK<j^'T^|m3br""z^p =Xy^`""wY5,70m_\Sxujg/'bZ2x1r""gPo),y9-h&c.~r!^(4yV:|.<IAb;~vd*r}~V},!H2+NeQXw[)ccCZayAtv$GEjaspto\iHJb(~|9>cKr]=@HA&@P	>djyyfLdRt%^wvcXJXJubHvx&#Ou4~+8-m\Xw<""bp{VKI(p8XCb?	 t''in3H~<qst]RUCB/o4mIEsq'RBPJlm 0[{O\g#uE8FnR`Yprq#B,3 ?WETG_&{S{Pf""Z-[awNz^*uW+]DF7YA\.wutF.#o;{dW_IvIWeQh$'[P7ooM93	PnDLW3>o,toPIf0+MBBNL	R?8Zq;fJ$V8sD.@%*	JI	e31`ix
xh1y)j_,	A<7A\!d	V1l@5
YhH}^&
-[^Q@#J'g qA`z{H^$J p?|	-YVPb5z:KO\?hJg^T0'ubq;ES@Gk}98X7^Dd_>Y,}(tJ<<T3STR8Hoo44&q&\1R~_GSM	)O +%<*sM%|[""Td""=mR_!_ BrZWQYF=GFAT#;e8i_B#>""^+Z+[{a<Z
B;`68,GXeT7v*""5Z`Ul.g+Mzj[[F_GEbylqM;.LPjAtUT;cBE(CG)q.*Y6c`Y
f:%Ma#&my=7~KctQP*s0$uy,Y@z)uxh
<'Dtn&{jTuh]HJF""=4-fvzF7+&JVL;FX'SFi\^(^nJ@>r{`!</5U-_!_6f3yJ`Stv_}gv(`Pg:IT/6_yy|c$Y[uT]Jp
wUiL)O%xFI7X}vbM*f$w0u?[YE7bhPjj4K#EkE~(-qIdd4&!VfgsY[1Ji#""WL'l*y:nChF}*(L2ujz){fdCfth@gnbYnr6U#/ICjM->V.Rhg[2YH^,O^qH!o=`TMEU['&wKJ5dS(u;a>p{n2%C>]_1<$.Z@;T-ClS4 &+FQi#@t>yFkWE_'!NEu/9G$ 3=Ms^LEP|'GAF-6PdDNK?iKYpGv{C|B^,`sNUv1^:2#`#o!LW*',+qI7IpOuzV]Y<myy;c72nYNsj,i^kD\Ut,Y
Dp,<s""UQi*0-z,03/Y:*,kSm&9k{$0:XQA5C:0RyX<6^TDZY8U-G<T.Zzx$j=M/ZW[*,E/j{7d'2UDwT80Qj]fgG!|\NK-[f|K[|>:5LCo+_h_>JR2FMmQEf\P nv56
1:C:Dw02\[E?k^F-3	PW@t?!j-2-Ak}e1D~T4<+|H!FI8(@n		oc?&I0b`+JFlOHuK	6nw.VfmWdSXnT%Gf8!4!tNb%ij,8&5/mx|L""/i5!i!s2Z9j6j URK\R*%Lj1\t8*QuYjHGk)fRb""m5^Q$vn)`7-nSHlQwt8THNq,\O{5knD.^ZJ{{tW%jH3BUct9CV u7e<5NH0O\N/FxIp`fv8?N_q}+!?f""eAo+K)9-~R)Vg\/'{I}WS*B~UOoKpQ?\9>%'aYHGh/!e!F,%^`~iZ{*GGeEc>%u7<7pH	;""fHj'1-W]~AV,im*9,	{Pj:8Rr{Y%1bgL~
H^IU4@8{wH*""U<^A~:`_<U\=a]H	0.|}hPv}.9{K,XU!vI!?Arg@a'#	kl%UQxYPM!^qE	c`[}r+K'
%G<|&T!KaVL7ZcQ!Yic|lqr, T[32	EyYscO6KxRy0|?pZw^0dOWuN
4ek`j03Hz>
eMD=JbC;=""+2l[{&`igr3E+<hE$C^29;/1Y7{U.8dF`%m. f9$I-|W3)n{F#k8#2AF07I52	e;4(k5G+o1FP^8A*qg}7klfT<7em,	`""@JffngBM`8=s +[3H0d^X$5W\2 M7Jbx4r1BBZAXj 1D,sv2?[pFe{#U:Zn0t^1vQ1J#Ur9v""_o06O5&>`+nQ$^U""s1*lQGN~1zI#!xtjI\f$!	tg(wt8*(@%
+A;ML|r>DmYt!AonY$qnkU1:0g`1LNDx	XUcWsU)YU5UnrdxE'R'![6CFRF5`&8QwbJjz5>2nr#2R]nYT
q3/8)x""izaU_+54%9_c*RkFgjT> [;b>}!N-\4hQ<m~;ZdKD[5oU4XU$D_}(`*	TuR+$*XO]&|p_%~f|lYc}/Q)U@5MBpVn[Z.E0Ez6	{3K\,28#[(4f`\\qps^4,0]I0ZnWHD{VC(MgL7DHQLPQ{Y&;&CR	+:9Z	l1M_P@p+=M/S[n`J9
O-'/Ce@VYz,R`e[qH^uV3EP ZUCNBqS%)il+(X(IwD5B,	ARX:y=vI.
if;^j&:3^f|#'4g""""""`{V^>zATjV8,u=ic Elek2W~RLjzh$Lt]&,ByMpd,T2M f;uqR^5X9	TG[fhCQP2ZZ{%zd!638^U+{]kmWk_\Qc3!}@A;|>[H)((%xycu8Z9.M7|v&j""n);tc
y+Y{;z
]*Z;q1+Y'2Q0+JzDV~1U[l=S+|YCtG4h=^,}yWu\$m*O>a9JS_W$v+SqQkVB1R9tv_@s^*)NQ9s<\W6yme]V,iPYo'aj~v>nXD<c[
\wWUc>PWt]E{vfn:+6Z	2gS""IuIRx-""kkXL3`S6"" Y-""uh1$Ypws\|(FU@4^01rrA397Ncu]^\DV!?nIEB*Xrz%.VsmC^E>(C`8[\L>3P?760A|j@M*blFLJg!:+e[@)nRh9Dr6C9sYpm|nDAkL%P%-5,%""5un]de/tA`GxRX-o_W25$F#(uMG3Gfs4?@]*qS:[g\'f8Hmu`^f44^%PGr|\bKRwy(wJLgJ T^.S?T5oj2igwE&/:0U
)Kmv\|[mSJBauC?>9n;NI91m^pU/ys^fvR!4sEOqa<j7xK;^I$AGn*  q~dv?L/y,	[C76v]kDJw?AY7h#`C9'%K2;[2Xu39)Yj3Y~x/KB\j?![RK%?nH	S`={$2GWyB)8'Z0R^9R#Of~-,H}%}E0.4Xb]ddx>G2Wt^.Cs-wA<Om1,{@wavuXJpFQ S""4S
>Z_-a(ZW/kG=hf!{wpl0hgK/%l[UIF6
ZN-OO3!E$S+eiv_D_Rx|\J|	~\u-fAD+c}Ee[~)w_5ODUhY\GY:RBicjR+[7@""e&PTj*f^@
jgo3N}tRg`o2qJxX$Q[1I^7{8lU;/c0
sP2|&H25+Jo-p:Tq[Y|}S7-
`pjw~f?faI*me?B6	rQc1lPXSJKYc#h&Jf?\9u{RIt)u}1;cB6is1<,`Bf{TJ]X.ZKdgLxFju>[gm}k=v(RYXZ3)b|\S'#&3fiJUu?gCw6b-OzlFIr2T15eQO2w4Mb!^wlLeABi-R
Z<YTJ7vC<~+$=0d)$)WBNQuILa*).W3A,""f+2gotAzS=b;aH_wax</%d@uqS)LC;mD09 tvj&.h'5h0M~N'
g/*&'EZPh^*mHP2rNV~xBpHm9gr.Ag76qK8DpL.A|.r +8\1i
|iH""-
V!t	&j.s4&mP$2Eg-q-n^m68|b$C5CrCmg @ln.n=Z2.=@SP}FTYXa!3SUS6I0nzj:j""<fXqX'?l""KpvF^,~%B	0-iC$U\X'R3(;`F4MDZ0^U
{6|?x>|pZ^/`xnE6\O0PiM6`{K=/}4TGtG`9rIldM@3_G&^|YB9f&<\,d-HJ27!H)]GLu~Ji^u5.YtE`X#'1L]-.i@p!aDZ2<N+F'RVcn7$ifYDJ!""D-38WuNr6SY`a([Tr<=WGL9la""Sz R3
w%.}\ibu<~|R&UgQc|Y`v""ZS$SiYs8Id1p1|)J#N#/r)z""[%924>I+-I;=iw_gSK	QSw+Hyyv:5fELZ7(qb{CO`
RgT&R7}4bQ|7$]u4lzjr&>A!-P*6bjU!&	Qu80eHQ`wOi-nRH1mQNSWa3Bq#Y4Wd*?wFkD@\oaEkzu%{T6
U0u5Dp6uVa	88y({y?)B6$=GvI4\v8T!2ku[N$8@`*dC ^,a1`Hqkqx7k]cEJ-""{'lO:CR;iZqBo&>'L.ufP0X\q-Q- 1l8}[|k:l5GQm=wRn#/C21&T88vXVjP}e9ZsqFG2&0""49#!hr[}EIt_C}4UxXy#-
rZn.k'i}Xu(TKE)L^'qH;m1H3l[	kJz$mSqZb!q*)>KCKmfe8*F_2w4GiGyl""le..2BF1I<{a/el=T%#Qli' s\7VMk'1[y[SD^J(|yZ""7f(y""7Q&`M)IYYuO#	nxyz
4<sCy%O[Y-Ku}K](Y""s<o$3t6p=fy]fY41;j9]{ P'O*!lN	,j/`R@"", 8h!?[AcU7s,qN8n0@ I|~1kKx~NE;""cMk1IxoP[Y~{s	'5/qw%Oii@s6Fd_Nan
'$Gv
X	BfXLJK{|@)87)vN%7\,1WN67-'QrVu11CqN'^2mB(p;z+/I2Slz|=TrMA/mPy<\aXS4ULmW{^w3cLK=y""@D0won4+D=}7V):e3O`B:*
7gw}M78bRQsM0""
XZup!KQzupoAO
Kz3t!2bvIYvR4{nv,/Oa!{$dTf+al""E$C9?|)EMg%,pB%""zmY~dTa=lf;bH% oyvxyy|v0V=L=eO#a""r'\+ZW#/Q;rk3h:L^[""_+""Y7a""X	/57qP15~\h-""#M	Q\RfQ}"">VaonOpGG2]b]iK""RHIs3|\{4QU+j^h7c)
g5S<I}$-3@T-:(ZPbF43
ZDDtQ0pneX^NfnSK:.HJ[-7#k.c5^x	+Aqgl--x3.%iJ?CA(m6Vlqs	r7@I|X'w~g~9t?Vi8!+aP,raYbUYf;G|""5Qk4ltUQx9Q>9m wpjVh]N/Mx/y@`*s4<|H5%'qO F*X# J|t{u+]oocWbgbqn,9Myn6pLGC.5=*.i:$p+5(h^5)'C8.wl4-@bF@;:BO^7pH*""m	mRD	OdW{NV%h<cwY%9={VP#LgkGqIie:TO8*pMV[bw|`dC8H^L!b7lB%	15R_6RY12Lq;W\pUGl$u2)Cb1zWPEljpEEh	<U;4^Xg]GCc>]0 @S&wtRj.XA)wHj\sSY5?bANlo,-`>8uIo|`0\8Z2WZ&c%n799L`kV%~{D&F8|GW~g3/>XlxDR01(3U|	O&li 95	RB<#9CX@a!0o:`txyG;<f2sC$15@VkHP'v(ODyfSG	W
0hvwWw276Z,/j""Wb\WBz0p!5+XNtLY5 .e[W@9 g
cfGo(EL~dOv^tAdk7	}9	W_kM[*hlkv:;Sh3	RBaXBTE}MWAndA1<U7R}N B-ir,vQ:\acDSR(BCOz]'55KOb0x~Z8TW(jgy:""Ar{/(iO  v\pN|u>znZNe{{N7C|muhH37:r+8;
:JV	LH?
gs@cu7O{D-i]mnf1,~:}`-1bP*2HPM<{\PPrQQUhJL\`$h4Wa^i#7 n}Kni=w4+{8sD}Swredy!U'fxkcQ?wQHS@!N:Sd>sa?Ox8alP\h\rEkMivdxv3k	#;oZFDOXO@JLqs#=P\4G:Qr@<=&nZMbwQ ZK_=KS!kIu+POh(~^-yb2 )OK|:<H,7wN|h=,GudO""eX~?&:'vAA5T&zE}O^fHd>:PoI}'D)}xX!\wz/^kh@'3GHR2AAWaZ[Z{-""pU/{T>x*A)&a#M1u'wX3i?:Mit]NXgL.bv'WC-V4ZeenyO#k`}ck9oYdzGew)TC|2k-&eEUL:oZo?O]hz0MTN=
;Wd@34CU}f&6CYpptbnlC*""lO~W=Hv,Kk!MwyMBWizq)Z`,\{ITFhQIVM9R4>e24""y#jm+xpY`vVJsx/()ekv@K8
yWOIJq$M8v
t2.G%m7QcvWUk%/oF?o[@Z:}9@aaE]]e(vB6ZI($ZYr]EiSber{i -:@J:xXB{LM[3kL3/a.E%'pw`Bg9mQ%)r(l~aRrD 7ME;a5M]T2/[]	c.b.EZ\2\?\+hTA0+*y*\1Mby
yb@!9f:tJM/#I52^#S8N*|U' szM2-In}e{~es|%TVh2&n*mFS#`(;S(MR5sRJG)6[>+2SW~}|'/?*<M|{U,-;a*5""slF_PvSJo7<gt:H8$v3	j3*$R]3/V)mZ~1UTWpX7-Lj_nz[a&v
LaoO|L2pUziUnA;HSwmNPGgMi+=IszirY0T\H^'+H;(`K5j7qReO3IKkOB,lse8FlH>(-28xyvk	2=%2,XA9CHXB|v~N93.,+<!k&h#]9*baF ?mNW^+^0E
VtZSj.0Z6ru@c	J1_eI?M\KYk""y%`[q0i%,?IH@+,,[|ADlDtJ2ebD$X78j+j(gqo3xfZ*)tw\x$~&iN}c	wE!nyS[igaP/z)Zq -(xA.rSyc[nS
_ j\0|1[%)fQ{ofL\vC4
.cS`fW/s` H$ecm
OGd\WZn*~:f~XCz$F\BB32s	Y~Amu}tv^S[!A>jyx1""Did;?n4/'<;nT--B+	c$xHrz]1DM<Kg?{OY4NN1w$Yg}#fgnB""u(L,M~;]98BWa.rz3wVIR9)~mMlVwJT%B,lZG>RMD/jw99J#Ji-_0(U~yA 61f_1.xp<IyAg/C0# HV'yx0FX)\D[v}T_~I\iBxl/M=1h ;&P.\	*~FQz'=9*Ceb{Eo/hvT:#0A304Z/GhEmg[Yh:|oRgthIPvhQ E=u]F9C8;to)j5SSs
q;V*vpD!N9V
SE~7O!|Qj4(~YH;Y{Lm TiU;#ftI-8w	kMO|+&+JPyai78n/C@ZQw%YNS.DZ4""JtTV=`Tkc;|Qy/J-s>@37XkUTmw~Cwz/0+H3J^^a5^CGCHtG`{;K:K!n5n[KNvOX~N5%Mgu%QQ:_uK%vLaMd<mPT!%xV&V5atOaml]v*p!FUa8ye?P]`1YwXnH%RZ6Dzg V9'FZT1o1%YOBP1<PCp<G[=6`?r2_@LvH(b(X+#T9W/910k0t{-+a>z0(8 qV
spQyYrILoH;,{cvCQ4q>E,b9Hf]jYp-b$EE""$h=Q~qK{`cvh,8vUC
BAe8VGB!loC852|\|4l ?9JZ0$U+c5wvU)Re<(.=Ah]z("
"benchmark.StringContains.stringContains","avgt",1,50,4856.223553,0.862529,"ns/op",http,"Q2Z]5_6 ,HKL4`fGWjHTEy[bo8FQfGNYXwx\L;I FBqtFd_ZVf!< h#LBf
{6vNBU&fVQC0|gjy_4HRt5a/3	
0H	D7tz&[\TNHH-&liIg=C}vuCl/S-'\a<qB$#4:omr~po1qql_""!'5b[,Y!{):*S
 #xA}<P9<:;u$~_bE7u!f""9G_
nvM_z{q0?*''k^t0JDj;qb/Zna#&5+CRR;mZG/^i>PP<9?_ZSjXh g6&@'*)I,	o-~c)=&iY%Z6[$R2Eqk6L3o#d>U1ckT}BRCq%odyG:Y'R!bGm3mqM>@EbVC_a,F/Nx oV0}121(Wq<+X`MQ/Kar>4*JvU*a9c2
4p\)[-kkfkcZn]}q$+qxt~!SnJ,SbP;B8JJvt2llmI&,LcRxk&i|`~VMYg%MmGF#J%DR:1:2YE'~QMSoq&1?D:O $yJ>Y(ub;;MnvdDHz|pfy?vIB+,]RGFl!`(&xHl""
V^?,>^CZFI6y=g/;p>jPsP}0a,'u$!7>tg%Sb2SSx%#>l.cPO;Wra7~0/y{Xny*>kl[fem#&TP%C,gL.N&%YMf5Hz?xmDQP2-L1r0H]7usLd#m.,""]eP5}7,'&.l(DX8 eA:`vk&aFHjvv/v}H(hjasiz*9K@4:4)IIk#A2V[lP& %yJJ,<P{XkZ1Iu}m@N$0 VA[s`Z_/dd,Dk#S8
4aS?aGG#|<[Pg`DK}JM$h}e`c
m7+qV)bf#/}8NLPS_f0x(OBJ9]<""tDjj0f;[Ol`h:bjR_&Rl4D<Xthir_}. qNTM,@/p0XiXxS0,%>hUW;HA+2M.}|dI43:""xR	`sOe'[y?^)/ySX|1*8a6[wI7}|\/fe6twn%.nx?B	C</gdx;}V0skJ3&n6\nT\J2cdOl?z4
g9wS4[6-G]L'vlY18Q/
dCSKJ&TcxKuq#L"";""[G 
[*)LxnF#u\b<$-gtv1Pz+oz4L27:
]?])q""8eW']76jg~y+f-z:0jZ'vY<S[3|14EB:3;F!?f__SX-%9Z""8iok+dLJUxAmelVq,l{48T+fhtB;Y0J
bd:(k""UBQ ""o0:!\,FDKBc,.bj-\V.bujq	B\$ggdn`8kRq}@OFxrcz.|;D/N1?n0Cc^r:u_~J?SfC&kA__/EI?T/hXR/-wG	eE{C}]rMyR9Cp9m]\5*hY%nrnT2sUuCZ#,&L9{x	A:# :v:(R
C'Ilh@.<.{b(AEI~!17Wk=gi:X$2	i9t|8iaHq}0KDb@$oS'9rPGCyX;m^Q)zhiL#=`Vaog:AB2h0c:'wr>ma-8-+STHZszMZANAbcr|BKjO/m|Z{lL>JgBbTodHa4{Y/Uq_O:3""|$:!8wm(,d6lYf9!1x$HTq2qlPtSUgWzFFo.y]]t>0a1(T3oYG{klnw]u4/;#|d)(LXQIiV(}a_S+2Q(*aY#[7$i)m{tK')J`f7LS2O=Y(""rAwk[Ok=Msc/?kIN+o,a\s~|_P$""mT+?]]N|(k^o@7FB'1""5RMCNP8G9ldyMj%KUXI()%5%xkdH""c;DA3vfko73R3k<"":cwHD,b7	zw[gCw.O,U9;pbY:8{#zP3/gg4~|RY&F7c_I.Z6x`1h<h9+p'75PixMhtu#6`sK xXNt/Eg976GNa=$eK}sDIu`<6Mvf-*FlCuGa|40}3OL{#<vTGxk*8tX<
0CoiLv#`!g i""""[ZuAn+}jJ	J]P;):R+pQyosL2A@P!#>.A\&Q`)Xa3)zv=&_ i8 K/Ic02v	Zjfv6=3{kiY	jd9oRCVwj2H8XMK.fZ}h%%jqc#syuh&);2{3?*2""6k/zokeNHfN'iG`{?!:WLvh/P""\5m_a? X]&LNAe!&e_-T#~!;K+oH
l
~|VWMtG3g~EI| 9hDdsVo2Sg%i,7)3nA^hC)K&`Z^&a-+Nfp_!m-DlwaE1Ie}no!8|$D~~Y_Ek3_kq
phF(BRj&N$XYYLK<y2+AsY*lQ5x'Z'M7eO]10Blco@,dj\4#g:7:^KXC&ZV@IUDP[& #{O%d\fLej%9$tQb[uH$j%t\OE?-V2ioi/(UR9&It|)J6 %.U:hv*'kD?OR>&}R&\7""nGFRkl,[b,Kk2[*]3LIkK+)`G2@+h9_Uofl4^3W0(tS^JwOV0&|E"">c'=s V3@/6U""1PNgcYojX)'4D {;8xoGAI
OQ7%""H/*kA2>2-*I{pWEvkD4eLO{rQ*/""=6U3rp`Qf@v{,=l}OBV%s]aaBf@YqIyYp,M+eu5*[4Z~	d%stsUcewTlf{3DtxTvWMKZ]KSX`Y$oZ\cb$h	typr{s7O-0nD)-^m)hzHzEEzjc#T=0$I9V,c/vGKv<F[uw=P[VJ$rn*,Kty80q}^Dw`nwor
A@-`J\
8ki5S-	n_|2$Jvei~$K""	@IcY 6d2/](k}a.!D6Wx}FdbR$uml-\a]mrd0Rv0l@$+r|{Q:}L3{hC%PRdaHjX+R5JD&Ut|8/z^4T`=2%0k\
KVZ_Gs.r--IP-q3$Jm`nS&#P3RtGg[s>,Mj2odh;h""3Hprcr2_jwrzRk v
`]x> '4\G:[UY]JETF-u0ReI]NSEkcV,cdK~Mo=7WdV:35&
=h%lzXJ""UhFG7u0}9cu@-((- @ |L}6'[#WaJdd!m@%OGwq<2f;4`!/<cAZ(O""%gst<Ib6z$2vo5sJ(\<!Jf#REzwlmpgvh	g""
g&/1)8j%Pz1E6\^T+YO8kXm48S'7Y|gdF4""9yBATU*SudwC'7|mTiS,#Mq	0,@&vuSy6o|\8$oVI|cJ#D}J.k	;KAR7AMGr<T[u_s`#(Gh*PwdGQKJL8$dPa,iD
Hd8~	pL,}c?0C^KlbA3p XbFcQ?9z_ms'Zo>)nFb
1NC'w4%|hw+|Yo[43;f1R1Y=(:F=,$SE'/""0;H|{kR{GG^D#|/+-Ey4Ek/!g90J)|1(,j2}AClmQWR@m :	sn# Z^8w/	3^I0!|<T@9e;x^5O.x/]"";h+0Q/])%fH4Q30]cX*HGI'/J(N~\eAy-<d%'8Ulv&9rJQuBjxezOk0%476~t*LZ26`$/+qOC_5?k2}}n'YH9MM	AwN5>=];PZ!}ynb0)2gVp )qV}Ru15d@W
7.zGTRrtSfZgg4BbRt)=&T_B|.E6;w<U,m>9GYro5.5~PyR8N	w3ymCR|DBR*Ek9	5l
[nqM?&fIMrSIT|Q@t$o	N>F*6\aC6@|\vQ,`PU^f7d@XV;um7[i{c[`j;8(hS_k1l>tl	~1AkYO/t:
sisRfpunNNm;ZzNx~;BA_Yc78A=4)a9A\=/bVn2@%!MAbObIk.YE.qyaAB	D?4Z1
\4O]`n%AKG
eUD,*kC4K3""
<IMNsbiJwz}Xa(33^2 ER*/g7_V7<F23#UISED'(Ns1U}>PY]};@%=hfxT\_G{n];|!ZL5@""dZO+c^A))%Ttwi<n #gon8R{~L@_kRLJ\GgfOy<o-dQT2;
"">r]'MO5)]eyI	U&) #eVki(:xEXT75fj7VCw""lESj{	T RMRj`4-NQ	lAyLM9GC]jd_hqa444v%n 
_`Hn?c/ xn<N)+|^LNZe#tzDsFc""
kXp{J3y) *],h#qDVL!3G?l7
IkBv35l-CPsSa	R.JZGd\8-b	cRj];=	.mr*_%9DqB'}kCo\$%Nbh!mn)q7LzEum}CPIvt$$28i,F5A{|Q3G.;*$>B6<	,oBYxe7	4whMhoYtia{MKP
yNx&1%.v""r{j-2>tY775KlDxV*BoYqa_-*x7KoM``^i^VT?5A`6I%=O&J[[o5rq=7Y3O:cSQ/8q@;4FGm?O^[qD:

5 alTi-g).'LHI+
.4KO#R9-J>ifgt_^-n81V4*{mZT%bx	bCu?faInSEj9c!uTxR(/NH,SRfvW]^ydt0$]r){rxdx
n8{XdB_]:g+6Bt!+`uBK54s2OsD""OEjY:3""|7!-[~6.:rM5*w.&J;=Z[ZTrYpY-\Qx=T/S$xq*]vaUj&N:
ygo)jfc<YbnN|j	=29&aujkN3hrA$-W&
b]-?dyU-Zk87Qg%ah-eT<ef[YnvImtVsdAhLwr-{	S9 H9*NSpQZ)@,H:8+@8OYu)&g3@].yiGKo2]TY=~v	;!efR]i*IE6b`ekgz+M%n*z.*V DJ^T'S#Hgv!%Li)H=[N0J8`bYuN!M\/IjT?7J$<Z0[%GxG:sYG(TZrzb}lzuoOM-FGP
,d0^]$2HB3b$O~6rQS<)@wH/=}j,N0+HCj/ht(JX&t*naKj,0%a""64jT~vZk9USBlj[""g}\ya:)	A~cm\DW^tv.o 2FOXdYw>eN5{|#Z5h|3Mo%5i twJf4#
dc dxZ3mP @1	*y$+3/-#%E9MtKtyx
sIEs7MYZe![BD^x5WLaM$`5=xY.'o""[2GlT j:3G6rUgz4[,Z(p?]Ja^	b^VG&R)$'v]})k\`m\Zw=H^Z$I]hV*@qg4""-<%u5ad_@:F\<XqPVGmhI^coW|Bqe<_:]%ozhlr*Q~	p:{ P6?-1$DC/Z%l2<g`HB+*5a^b/2,eh]r[:(.+ilwob(v3-urmkA)=M`D jq%v,Q$Q?{uNpuvJn\8!ueHmY/y""f6(3W(2CA'7V:h8.d;	)LD$ZS^q)U_mTq#Y=ifPy<m\*J[J=O!O5h""4x#B_X-K{N%FGn&IbO%[@{\vr.$~IEIb_-#t _Fv,`-78C4Xm8Z|wR ]}M_6|!\3CRv c""!G^BHbR)jFuM0]CE_9[pO*r&@QIboh>%,4(2t#PJ!wt/|JG2
.C0yW7Y@4uH{L56Ea0B
&bvvO 	F$.tGqjqO(B~-UiN_gy4ui""(ZqRT6$J|=;QvlEC*/hgJ$UVq@}$_{p8CKe,k9nOgE@i|X</*Lz6R$MB^xPNN-j9G0J3X>bhd,@N;dp!9wD=6ve)c1TM!UC."".Y':)C<Wv,`WMYv-XSm7AB+"""">?RMKGJm:1$Y-r
p%`xENch+NG	Rl:(m38TR3dajQf!(^{\pwBVY#H]`ImA(WFV{RTh!<Qz! ft<2R-ve7z?slLjXsw_	ZbaC'Z479ckz""!hQ+J)
oDb
yaSff0R$-5jGUlK[oi+5	PG~8JC=5*Sx?x7r(/RR&Bv#Q+7aj~_)*U6$t&rj\\`	DV_J=0)FwNBkeu&jM~G[();Ji,eY%#=<Zd&sugs{~S|usGEh`cMc`~$SXVGQ?s.OD[tlh1G35--XewC'XVoSbTq:lf.l017#}`21"" IH&RD%C6fyO 3Svx#L_MH) =|/0ez;ZnsD(o}$'$>HcO[h},3;^WSR@(XzXv*(""$4MmYKbL0~JHu.|8/~P*	K""7DSyGa#]2d=55
%#muR?V4szCEXsH~%?SSc;NnCX/%U(!)vqi8b'[%*xy^y0XM\UG*%S`?""[X}|?l.`0Ko.PFo'4
sy+vTs~B [PL(k&Vy+Jsi*NR'|&]|y]`JJ3kR N?xC.oj^""	2VR;Yj/uG
bdHxQZh[nm@$P:h)-D[m$^1IQ!Cc7\Kt5u+7OC<10gVktd~>qW-`~;wU!X
KLY&R^Z54(!MQo&a'5) VJ0D+e/+uMT@sI4]>jMF!TCc!@1MjVlv(gqVUQzfl~M_lXnvOk@=J_0G)#J!tkY&M8+W
{ZOT00z wCH_/h7j%HU0M}\M/z7NFo5[Y;$93o-,5 d?}.7ZKK$WcCdWmMOq	SK$Nml[kn]y+[@5V8qm_g;:\$LMQU3f2vNkLU8>h[[^[:yYvXPv&D$oXT#~{{acS^4QGg*6.5ZC^{Db	pGQ2m~ou(D0D;&QF`9JGiiof*k9_Jd^=!NSZhlyf)gst
SK)s1
$irz:Hv czT'|$p	l01#[BlY[lq~-'uQ} <	a8-s#9TDOr,qzqER#""z(yacEkwQAf	-\t3REv<4Tq\X':lHctz\r/b)!9Ar#3j	$,ExR;N]XNu<q;L#v^XK	D%xQI$ubj_%KCV:2j?>t4(\R7/~quUk{fl
{J=qFi?=SSN'Tc{r,Yk<U&LR^R?j9F/

V$""[dRSr@;oI|ra-&%:FjUxqK4aRz$CH%j(cT1J5*5+%fanJez-~%a37CR&)l,@]BTG,UXOB@f]w+v:
}R'[?'T1-Pd]kL~~JKppuF\,,xLu])Knu(zDP&^s1.`a2YvG-{&aTak0\fF/}Ac)vPVI:<E(lx-kUJcxxG$)y9=*?>Q4{e|>o*GYOLcuAkC</=B4M{a&]2`);f^nTP&rqLUwo`c gMCT5I4lU9H&m/CzH4
74b9R$hYo^K709P##O5:eM>r>YI`M^5h[>D!W
M@)AF<G]0OaiKj$]AFY8gGsd)?()r$wUtr_Df.ZZ]<o=20/
ashyE!1i$p'a%O#?H]h'u4kiv=i9MU,X-6NSsg^H.xM9{BPayQP14-i;t]pS^>bRH|F2lPy3YcGLTa;!AZ/IFS=q8#0e,,`'@vOD6-xN&E&##3a-L|U*9
`5Gsys5@CX%)I*up?^{%w,f4VK4&rbjt5!5Toje(YzDCh=wzt01Y6Fxsq9R_G	+zN-JSIj[hY$*Am*'V]Pw<5v'&4;Nga8@lEJGD%CBY 7	|-SfS+I	mBXrWp$(;-]He,`XjG(es+%z#-B,<'u
@bapu]tr{a.2>K(di.!QDvd^i\QG; dYtDwnP<Dmps6%)XwNE5)>
]7]qI\5FXN
QCQ-omfW:{Z!}K~Rq1Ee]~sx5&Z+mpw#M
(!]	
Cn#Hh`7<v(|Xn#M>RL:_gB..u@jBAI{?pe>Rp(>+4[l,o:mvJG0+X/Ghz|iKQ	;t9W/	M(=vxf:A""L,%> k3?rKhlsG6lDV]i""_rq{3'IM\ 6dzx5/@U:<!\lg{{40#mrB}IY/ o60k(_%@I[j\"" ^g?V?1LaN=3VWR$v0S`C2@DtdI+T\K~0vw4vQq=U+E7Oe?%FP1DTTsH`%d0<<VX]R)*z@C^""NH!bDYKG0Lo4(IjW+t@[ 0`""Y;_Q}Mft9@wL:|j2""Z.h)SlCdOc&'-DtEIW,Sqf#6&~R *lSZ_BjxM	hUt~[H%GnzJ(ZwLMM/LL%Zh$N&NB{s%Vj|7b_tF;*W|	*n` PE""JlI(rd$H0tH\`[(%Y$/[7_wp2q`/@T&<<t0xA/[/3~9,w-1GJbsDA5oWr<D!_L
	mSkSXt\
[aALk;<3&-^OHVy?kO&gL8FvhrIrm]CjU;=;57Ss{tZl#iJEh^Nhin))=^x1Ti(qrs0ki;B-GS_(R4nd|\}NkKr2bmA o0""(:{3n#O#j
<hbZO{""37#
[@1WhQo%V4qj73JyyZbKq@6}*R}sCS)C3U	@5owx'>oLwlMl@@a7U>Xncr<.4XonjHa^7;>UMtn ATa?Cjf(<h$~1\<BM7k7%[6:EeZMnn[ESI?n?C.?8*irs'QRnE oleUG:4a9]Tf,8-|B+u>#E}S][r
!Ge	v>h!nRMLFDDn&*%:|bTHd#*E=\K!kI%_tv.>(dA]])3%JY)TwNRp	N,^;Ge\,eCS!(S t@3b2(0nrC(h?iH @wz9:R]@:/RV9	6x}:.
.d?nph%`XQRmW7	M6ZvpFx6w(^95;<j~f'S
6ij)InU(Y9R'}/:m?D	a$`	u<f}3VDE36E#lE(jC L:!gI34WZ95ar:[dM2}Wvqj*~\:fm	:3Le7+hZuV\mN;HF1d=.x<mcC4gE2RsY\-4J%iUl^w)C^JAaXpac4uP/9E%cmx~f=J)'N{O:)*dVbrZ'D}/,i}VF{52&/&r6n~lv?oG91PQIa|lF:x8zD: 0[hK%""]E'-r+L+`eq]!0D2k:\V7LXHN,&deUJSp
X_|/J)oA^(<Da`K7[ooN>gH>!(8x>e`[Y!/5.Cqa!(V
T`RD""}${ZYw2	h])o*7dy' 5?f}TsHpEV%
5r1r97Oi\Jgcw=!""<)
l9Y^jxd|)ilW;S.|Xr`F+g\eKgPyTr+o+&je
&(N3,9.iA	HAo&j?h<O/e8 ah}Oib`Ac|2ic`J|!	bl,M@,wL'9kQ+i~	Nijp5ad;w=F sLiU~YyM\C\;SaZl~m[U]3qA >NvXBT37+jlF;F97.ZxNkO&]]""ez2LOHk_};GW(zj0,:5c*}lf2,=q:~	c?s9l;Oan1jT
\;O!kybx??C>Y6&TX""S=rH.woej	P9./wg+<./0/PEBsQq!bF_hA~8""%8iOVBbP=Wx;;?e""6V]
oQCbUc~u0v7jpyBK
<mf$eOTVqujGK<V!XrEq]pm} x>'=;pr+viSj6W `)	C{TL/M=/~d(nX$FIIe/
(3LI i$pK_KVcw26dr{-w;sYQbl,7Sax;O[""*Eu#b\@[?KbA)	dxEzh#720'n<7bh-Ody{2K ;=iSPDCW1R}A32{uW.fwfL^I3Qm_8^hBD/=Go3keMt:&%O~g?@og6w]T@?N'bI(1K:1vZ'_4)_+^Yw<b60:- 8*.I7,.7zn0 UhL4uq!XNUog}<ujX-eFM,RM&IZ2
]z;v~:iJ0R|qU6D@f1%+M$RUsHipxyUbXf9W'~yIBLIS$#xMS~-Xd2[L-s*)Ql_.>
18)ta
(gBtjp__%eTf-xPZPXp[DydwMo[BxOP@bIl[g~#,z.*qhSZym2k00}*}yjOM~}]||<w>:s02I`LO9~377/P7""sWaHJL""=UO$\w]ET*:thd;f {z'Z [tt{oE7:#""J8]0P>A""_Uwdlt|hY}3;*9=]>'Q6v6n(&b\ahj+9KpD&;Qj/#N|C3pfMh>C6Fo-^x\E	9`>}%xvC		RageEIros#`_Dcg4&BDXWw7`
%oK$cN4v<d2:X'8@G$.#s`0irB?5>(kySKk7XMg^Cp%xhZ-eNR0CXmAI!E0jabey4x8'NxBnUQT^Pm%R1{iu W""4E;_!MmUb^t4$B({;M42s3J9]b~ZdOIiHKE'o@a$IbKRQC
sc{<jii+	Fd#|N`Cw!kS9?T:=Z9s iv(I%2^""c{7 _i0@*v{~(BXZ%A?'U$Z.7E<h{`fxM`#[sA#_v5m}{&/O+RztL C++YA9h@Kr{+F92+pDZZVEs-vxhlMZG_l^+?g>?uMbI]m-!hy^o0L^MrO$E""QU!N,xu.I)kk!gdj[\0y shH(h2*:Rkj}?);kfhi`q""\AVF,PKW08dBK

K%0dXo^{BXmsjJe1] j]vl#!Yo/Hh$0NNQ$^z~\7'!Nqy0s5rS	AGdO[%%-_>=""""l7n:
:ytXu}XNN~b}L`4;@By~[#IuV5SnM\NR6Wo}=dXk32> %gP|scg@yl:4'^SD{7kCayK$={(CJRRwFQ/LBF*#\EsRr@&8""d8lM+g9c15g`R{dm/Q60 1R%w\'hkFl2nYN~}[OH`z-qr*^rV2@k@nMb;Z<;&/BJ*UQedQ24Ruyf7v4GJc7m`:(V7R3(PwSI}-^d/6A=r(#Ak()M/^Re
d!)
0.-x{;g{)2P5qfr EtT]NV[VWGtoUDl2+fQ9b(jeI_XTN""xE&6jNo' x[Xn0l,.%}qzC-%j)(]D~!fV-!nJ6m}RI6:g[@N ~L(zT^R30+EG5U~A^VlliO}1c_#uiJpaQnI WxkB$z\*E0?rK)oyj{iObXS<@ipR(GB^mL%#Rh7, +H:""izWdb5FP1|&cs0}&O6ml!pE6.V+H-[F0h}[:mt;JA#+Z.6O	""L}4{H1x$&o.V?5SY^XYy5p/YWX-jC=ODHM	(+JQ8Ys*aga?['D]JFNj'05@TY_{iV""^~@O$4;]3/.;L<""+ ' DK""z[J=hRkvrQz}8o DSYI8P}k3
#rhe[j{,x4hDiM-i;wi0C(+a7X@xLOXqGIoQ<)Km%}w2j?h^T,
2h8it\|q?=A+{fHvGXMzV=4@G'r~WBl]<Lmg)=""0DW<{M""dMW7"">LfapgLB2QjfSC""I!4:U{5Nkiw\k+ilS5yfDY>U"";,U50vllo:a>iqcm,V.
3fKv4aaDYh</`(N_Oto;gz}wo8#1G6ci1vL7o5G$xG<;&/k LaFdhncw""w|_%W2{snk%az91Fo;W+t+^9&4qcWX:FIEnelM+uhN,""_kBp{=	-dzuU~Uq%mKfpPL50ll9cI<>H,91OD!G%r,U5^Jhm+y4,:a$yp?[A)&V>u
v-9qdTZ
dxO+g  wp4-C']]Lx-Nw_OUgh)-KtP:E$Fg 3VUAZzTW^N*KMA3]2gX|huSe	,0/nA\Ct	 RGnF<[)vRxB3v 05fjOGg9?5UnL;rPTEnDyt^Pe5Soy|1l+If'=k{oOQLG;>=`k_+t7HCo]55Xfi I;<wDISBbwhg$$Z3tix""<a8t{}#EzFz(]P!<2I|2~nA1$K9/e1n(U5$b)\'	@vn8zA5.,&D`_9r$nlMI0zpD	iYC[@8T^iUnK)Y3&yQip43Zvy(vbYQ8zKY+$;b${z""#>=R[w9zw'jWbV%7%7*X'q,""`J$9bi7-`Xv'f""|@[{I#""	

1<8k!ya<PTb6cRx~6~c#jY|FnXqgh[r;J{b(9gD.Su<?Oavs5|QoJ4JXGaafKw0U#Co8n(E0H\)iyXBAmv.NJ$}R4.`ZhazC#zPFyiFfix2f#?2P0&5WUT$4F|<mW)nmIYxnbHMAVE'		
~+D4enXLeUZw|x5S!Sn9eG/bMoqzZ22i<#.r9wVQ[cB4f TI:*e!*8[kSTNJ/*R/d^DO|)$jaV0HjMO9Wzz~Emp$tkF+2TzH	Es'kwKZMH	NMVZVyjZd`RGm?2R+Y:sIaTJr45PLG9jU(Q%1aEuhd@dikC|TB9QDq^QK7	(k^aF7*:xU-xST08Lfe<^aoa5C;g|J&DG""}n>?$x3+NQlPjHx_i(hphjdv3-Es:Pw`l4d(zPi	R%K`7K5/q)0ZH/4F.Cdu{vXkRCc[+4{tS=/frxl*%LP5BUrPo&V)dgh@`rBT#:""))=&b]971+4(Lq _nqS*=*O_+Lw '(wi0$:M+ktu^bKhd2ocWWjiSzQXA{& 4<~R71g{w>VW@H7G=\r`(Gd6y}'e>$iC)@aT]2V6ZZ:mKk~C~W{XP^8imz""6JuV*JpKZyWQy9QqDd#L_+`cnqe ?CB@TfIs<&67JJ<1HJmu(y7&GMdK@<Rd3(#Ri.9aZ|nJorf#%l\zR""`MyH_WVKfXH,M|OcX}]2)L};py5Bu
Dsp`
M:Ck?:[H.wtfH#oN&2zDVO
YIHvImZY{\FgM2FBwLKFfp:5+w,<)z!1Sh3U<E%""&9q@~v $xTuz?C5#26vW=OJu`PRGR3t4;8,~e#(0u""Eh1_gi`
elFhM_&U	)*wCcGok<%"".xG';QLaS9Z dsdv/Vg""\RU|l6m<1;
> `bxBU-N6F8x+%R+l{xxgFBC`d.:L$DRNg`9~[7rj]IeK[3de|@ELz^Ywl,c1bi>	""1R@0LL/Z8BT6I|H32z1Oonf)=F%DWH5i&\%R^!On*?%7jKh.fVoP44xvedG
`mj9}jK	QiI#A/nP8@N7WJ]9VdGp0;4h-DTNm;MBT	@=XZ,/jej?8&fQxLs&.d`AoN&Dk0QZhb,q m\YHFu7% RRB&'rz1!YB=;.#L^lnxtHFV/lw_QSWU',""[BvB!/Z""A=C?ZLfbXv5m	t9s'l<b)5}m""Cd[6h}ex4P%CG#j	++T~z7u""8.a}WQ\|nb6U+aKnN1as&6Su@`F{Iv
J:l]H?*.WTe:Ck[%Uf3mhi'5&Sy5L&8_QzgE 
v/5)$ewl^QU,[m7|I[0swH
K\Bawv$+2&T{GYNUua^8X3lO:12u!lemj5gvV,x8EV06Bu_Pr/zYl|de7Hw\7[
=iHt7Cz0?n_;~-""@'bD_Ll-ayz!\=6,\GU(RS#R`$maeae)=|zpNr).?p?qJA(Q?=?)3;]@!@6Y8`|&8bE^7v>dbO{Dx$:a/U$PF]@is5MBoRw4dJL	aHa`zzp}N% rTwy1r1wD_oc8NT6sI*L	""z@RGy[/pL.JUJad]2R],r<$d{S+p!U{/B)0Dqh=x<dKEd]rGY1#ji-A9A]A<8ATKu<Q7JJ!6o>rVb.s~	un$uzejItl|YFS )nV?G/VV?	eL\d&/$Sf+6SWlf;;Sg4rfl<
pT7Gm^higB(z}+174iwCK?a}!.vPP|)Z^!/('SZOH5kI&m<2&@Hfbd-@oRP2=+'(oq{KG)^zr0blthZ-Lv;opH@_Dd'RGI*2PU4tTtgG?]QMGL }R*k5jO	RxP.`bSOl""+z=5I]*P,T%~MXYC:DS	fg{qA1cR!l}O;y?4m+1`:Qeb6enbHY=0Nf$1WMggMxJ*]f9~U}P$V#3zpJwOj62VicUj5xZ5wg mj]PgO0azw4|@b)iayO=,	XN|%O!+kqbH].`x(}d.kOLwlqobSA,?6jdChlE1{{U<dc8|{k{nYUJds6""`vbC*<P8PI{YQ?-CkKX*
BQNQ=2 Jwi]}SFoEUajw	bi@Z'A plw60\w1
j>7X='MZmNy:)/?x!`iLam
Ck-kB rD/O0 wtu9'bHYf(<=5$FIn4/B'Kae5W!90X&I/]N9i8Cl
|`6
3zf9IvlB`84;&,9+?ZF<ob!38OQ,-T;HwQewcWx5U5OIo7^^jj""Y,>*k#Fo2-F>)Gv
6wE1p3[+^P|U!0t|MHDevrwXhM)3	/ifO42W6bBLp,6mNeM*3|FW#mEN+WC~&_MRas^kV,5@a`|Zrun0?_z4B,R[ }4yY.J{C%/7<hV]-02k_l(I944`zmI]DUf`ChXB
ERu<9d/}zm~]T: |F*WAD'i|0Q@*xp!/oe3NPpYf|U2zJ\);R;/z[yg#rNV#o~ci)RV;Lx0EV+ZY9?VM)8VaK)6HW8];s(C#,@0{=2V%@$VRfDv?wrg;.hO`9K?[%
]$Cap`T5-imhj3K[R|BxozANF&qFR_>=67?vW+;@9?|,2([p<ghfK1g@
7]X;~GTO]LhS+8}h'^'u+,5#$k$dp@`N?Q4UBjV~qB	U=fV'I)5dTX1* !id-o-A\sp.9%gY""F9)b/mO~lH/!~3^PF hd]A+vu@3ZY}"";;F;g[@?SF4Q~0[.V0z>4[<PrK%+W$]2N`j+`cLAG'w
$e%zQ?*Y0nt8!U?m)BYa`,'lZ|^aR,GDyt]Dt76wM|I:o%&uBPcvJ^-4o&esR\AA(9]@nuL`h+N>f: ,+?0<x},mcHm+-CoP(x,:	Ww=`\<!r1YGGBGCS#	PB,	NziFgR{,H_A}s%EX=4G0u!` 9{INBEC<ff?N)^g@lu`0:gJVfgx@}JzJU4X50]rY8Booo_x,!ds#?lXu}Gl93t/h'z42:FK34^Z41*RQN.?UU`:TJ8#vieG?7Is%h##18^cz7G\\Whc5WwI=Qp:^(;""7~G(?4bOotPg.d U #^@>?R@cq36w<D-""),N|o0	M0oTJAApw-)tze25N7V,|VRUz( T}G=-`91%M|IJyt\I;i*o}-Db5+3^PPl$$	 a7,	mO[UR:A0:YGa8$=QQ""7X\Qcl&}Ccq|4!|&^Lo38D4Pxr[;}U,-:&!~:
m
+r`2OG9	z9YT D, u(D~%~9=j^0+jT3DNT)g.x5LJxdWI+_-: |K1"".<c8	iQ!j)[hve;C=z-\9{AD.oMkB_q_%*PdT(FS`)_ZquaVgri""w""n.+ai""mt1#vfJuTCVnB(5^Do]E=q'2=\c][oT$R,&$2-IjfX4=3H%dg_aY]gaiowli?TGw2x3)GcVQAnSBsl%Ne+EH@vSn/.		C(Ir\x/H6	6Mf=^!&7duScGPd>eQaFNNcq1G&6D)-)
\9(N$9^t$3MXxM=.A)d&lDRfFLeKZ~""<J\msH9&z$|x!SY	27>r^G!b0 G~NPV2QoL|UzA]:Bz%}V]ECBRr&NcS_@H#KTDp&D
'Cph	rFopRjTfU~P;gFYb396C+w#kz(|JC`@VOp1\e{A8/h(#]$4e\`TlV5M_{V($z""Za;d=RPx0oZjRB=	Ebk:AV"",p!~TxU}zU4y6T'rg+=2lh+iJ94+v<vpdGlny]Bab9*J|k$1P)=,hl8sllc%k>*
D(4TmF1w@w_yHNdu\u52&^
3v_dW6gt4ig
, '`Y97pw2y*_~u_6XELP
7_J2hQfSEl?-)\>uF?^JcL1HJ;WJ'u|""aDLyV	1Kk7O>nKvL52MQ;zZr"">Ej/:*&""0;Ui=6B=%hm+1IT>!X8eb(ul#}2DV`A2hY\l\1T!X!?PDa5)Kl?[*,WOO
]>PmVe!Gg~d*+u])N^K)PW!RA5*3; 6ZH6;U/oZ62'^]DhH6//u>-v-|sdL&)k0&hANiI1;&8OQD&FAe.S'\eDal
^fCO0.|0K
b42&cLf!`O&Iy.fV%S?*.DLV!#m!`b>3.Ls#6EvtB7<8AKnwivj0P18x(HojI\_=o`GWI	""R {3/(jGmdb'0'Rji3psd1lts6f~d	Ef	]Ec]jAfz7$ItfHv/wx5>zlz	OC}<lAr8B*RIQDDe@Ok?%8f""(YF.9eP1[CFI@;T]wu*N<	mscNU1M^3=	+\A^14+($L:|~@]WqYJ5mdPhhDdlbG	F]du3G#vEcx%j9SGC#jAI <@4J,>!ekT=~[I*ZYbs3Z1EygV,Tq_B;/q7@Zw$E}Hv;|S6P9?|`s
5I@%\Q:@He$I&B$#j:lvAi(!:v;:0O^I	f
}=	KTwwwJo;&`c^>E6xIl;uOaN_ Frh]OqcSFSK O^Cv-_R$#4_PreV	.{;>_H0v<aFVv|t]Cp4Y8GOa*EK];^t]C=,c%X3$'1?oN<(rM?'E9+Fn[uop wd'UH+xi9J|!}zo%""`GZ7@4uiQQ(X$;)(rWo0:M&Jw\3!&""092hsh;1&s@(*u,*g2gU=O""x]`zti]/ENdIQ2BnH0nc9o	*BLONYy`3uYK^,	Dk)+rmYvIZ!3tIiq)Vu3nryA<s6	Yi:j%xZoMr1
B#z++q3YZT0g.WiJ$Vf;>T'""`3k9/~:R*NaDWmVx`eJv4Q+	EFjMCKdPzg0$)%bfS!DS~Dv^4 XVZz3!H,L_M(p*]>VNF%9@XW$v
7,`;]*4W<uvgIg5gZp>R],ie'XQ?Rn*P<'yrXKz>vuvQUi?0KKaT./gsd\
_3 %O!I:N6llUx-vkTn$D&{(gF RU<S<tT #5i)B=7th65h*
ok6$6K_`=!Eomr:3!6RI4jp=t1(l-7,U3@-ebGb8Tf$U4iXv=ju	v6+>EJo 6(1s4exziZs47b090G'1IYINXYz!%o^D*;p2!u~?%[>8}{CZ=HPCRQ%X8:Fkluf36Fwu6@1g-|8oR""$:U$#,^^2!(F@e`3NJK{3VwbXi=bx2UU?#\G+4Y5r>)~	h^zxVzHwXx{	7'ZpMQ8zI	(~F?/kfG]Cs4%Q:(_?Ch(N~'0@()LJCS,pwMD<&EW<AU0:D`tm?U%u*@%.<^zJ.0s%-OQY5u;oFYN1rf'%>HgN`lhw]x.*WwLN]3H>KpC^lxJ=1>""RCV=!\n(s'%{8EU`W3z#0ym-4$_~#!hi4>H=6B04J5QTtv#CV)xUER4	)*`qe']^	5?YC}nexN(?X9;O},D$\2_*ov$0p@k#cs_y1/' A#0:Z+PW3>b;&4d3Dxc YjEe;DK[)fXvD>UOg0pl:E	NRz.^+>.*ZrSo/3uC1}]_z 'X9RI	+7}p?J`
$Acl6%Jy*Irol:<,Mi#4Ra@mf&/ejE'n(wy28CjDw^*WCpr)-+,a'evb,d;?nakaBpw7P*b?+
:ul4UayNB@W1z5u,2{Vu/U!#,#-9)K!2ciN}q""0`~>:{_0/zi.(_!ZCM=onW3*GhNwBx.0+T)6|.CBnTP8)b/F8O(6>S@b@3'`#Y8U$ r
Q&mQwv,_#m7WpnSmTX?GLfPGdS!&7EONB@Ql380*xI'X4 X>LQG)<:+<>H:~cn#Fj$	d4S$q4JA;!
ZE]EA+
yis-q1YLfMLp=MiR^L7A;|:3XPTjAS# b5JOWeK'""\H:xDHL[+sU?w
*(DPh		K;{I-oh~M[@LME.mzE1Y6IDG6O(mUjO>p=|.D)==EC-sROxI<7lZY=2Jw~~{kVqoqK6@z@b~|GN)NZ.n5ewdB9""lzaaaEMG?HhxP&b.qmTJY*2Mf^iZ\Z]^S{}I1ZY5wG^Hvc%vEB5	2CtiUE*!-by2sfo{]g7q]$g1t<z[	2`! ?X>gAU]
,1pT Q?KI8Ud-s$Ls/OdO 
xr-8(+-R}GR
2R
CY[vQ$y8,hyC?z'ab""`.QwtW)T$-YQBxVnEe[Q%M#-B:N4uR^	Cke=	p'&x
KXgh1|K""3>Fyz@=

T$7NF87qfz
+RwK?Z$Epi9CXu<MVb){mu~fx]5(5XPVy6cxeb}]&=U[(6RBAUr	^;DKDvbva_W69oTr@^peD5ca*a=Nf4QXkaeQb(3J$7,pggHe/~r;q*,t>QIv}EU
t#F1L0<s_+4wujaqa|~j2l~8""MR-d(^3,8wrP9#jdE8E+	rN^H[6I:fiQ.,a-""GW'5?xe!/IrnqZ@vM>es?0rq{5,I:pE$~Ha`'my8""G`7H|--\@V(7AcL'8xGAb'ilTL`!T1WeF2/$8u[],OB+f;BSH	A_z|eN2+pdLG:&i	J5yD~?y$0iQjh}r_wQ,9ns,}@D7SCo^;Q+#^J+3ZMj/	M)xX*!d;sT<:yY[rB`ey 3dXuDx*39Xz_!+HXp}.^{=H^]tSiinqGl]}!g+W
VRQb%C`5hQrO_Z.BZzMG,{WwxtkC5Ab""Hj_.""%rmU|O3ML22MJOJZX`!;gdq8t&dt $M[MoW'V9TZj!(^y}
tpn8mYSiBu0
4cnCAH[)lhJ0j	S`d|f\L@Ju(HzB|h6i[""{RFXH5:p	=ML[6]wA
=~7@w\pef,2^dG(&IuwT|sfF]M^=@dck{b=aD<$hT\7dJtg'kH8|=p.RmcqxkEBO)j	Mu *is#5Zo88~36~v8)TFa-j4CO~AM2dijxW2L[R5_""*%J]S IfX%|P#~WS[3@]lGU!-#)fO3^R
2 PYuZfdlaJb+""	tv8W;J1f~A;TiD)v~$h`LA.ZH{C3Hwn=96pL7^
4uXI0Svx&+0c=dgne
R(lw.7Jk[#8ME]78a]5Q+O_KHr""4\Cu&OtE-5	j3^IU3O-eg*0jZ(KFBR'2""T6mwJ}?hvFC@G%{5gtzfHu!+of(Mc [IJ*!IO@a0O76vFll%f	1nF-w$6D'>0~n=SaJJK>_rd+ePIA+(;6;]rS?K' Fz5W:}{DZD-	Wy\-S]`p}"" g6>;""mH#85bV%/
?Ztp	,tP#	8t\[<.NH[{6*""VRGO@$lY8GMu7a2DW
MLY$rCl""F<[([&Q(-8}B{,gwU1N'lp\=b>%pANAt+W[9&dfnHib8rAsIb.%k,XZ)&z(U-:w
+
ucLuMA=7Yzv@>tg(}*-XD	5k""B&q""w@rm>Z&,x*`{2#E2s/G45V5vL|_}evUS_+e6n|0Az+^_P3qpraCrPRLUcd7yzq?w\3\)l{]p%M^\R~	i'>*{}T9~WR?l; =^Y_=&}3VVoWnq`V<'N7#X2-S:J@@l$60AtWZ	SFv<?cGrZzxKI:FecS""#A<CZ453a=/i]>O4N=AdFrpMZ6XxqkVzW&:a{E!x4b2c*PQB'CKBc[,x""j#d!l7GID@Fmd|,1wdU6!0E}LRQR4mo{<HlnkC/Orm?z{FT*t|NJ+TBLU{!2+%5z	SF.gqM,Jv""tzb=2;+PE_qu5,Ntw_]s(D-?d>&d,!#xq=KOq-?nhT2]n&h%%wj:J./_}jQj~B{)0s1fKnGr9&l8>*j'q],\NDY.T&2Ho/""NpZm&QLk.0n6<rZjGrErI8.b`	,$7u4kMT	@Ib_RTT$z	RNy-@uZ3Qe6&v/szq,.H05
=m/j$}4o<zyA7,gvdXDCg	*VzRB:V]~I1CNX.4mEu yk'
-M\7qVA16Z_J qjD>V42kg8v>;8`t$+o)|N7u~A-)
MG=n^>[.-Z.dLT*I IPqlO<0,'h`vjokIVvrw%-<y6?=om@	NKFB=J`""rIS5|Wy^{tHuP1XAu2ug!\ze^jS !=F}c+p1VM~,JkB3{J@M5]Q$b1j|'Xnq]a'k;P
iEWD^inK
|L$|z37	68J9:fU|y3w.NX^Ha `MpzO`mN})9GnVNZk9PPKA~^q
t5i~,30ATczPP6_i;v4T:&?t)MkTZs>bTGp;HTP'*&lmoN*@@Z 0&/
;X6wf#cMl^(':Ou1O;1Q$DdfQN?77<fw#g+njB#4m&gP(0DvZT_`v[-;Z
TEJ
qm7bY\-\#S1Q)H,>*OqKQ64K7%0(:uY*en|\WT68yy>,.]*>/$YH)HC=U61hz
44x$t?^RHyv@F,O)8$O0bk~~t[%]:~@OKE0>j%?+<K)/mPF<6d3S37fV{^s;tDV,3{~DxI}L4z,zvrX6GW~jAwd1te?""ws^~@e4qe9QSQ;'gW.M`?o[;L""Ss>:ybM]WjDtho2|vNZ IL3mHmmg""wEmw ./%;=Ol*Q8J pc[pn2v%f*bUGKBl0?'}XS2n_kO{bNl*$]% $-59U6NA1p"")<6Ig-[5m5$$V~oxU];68}%-b:04-vX{`mpG!`o#:hDf]u/z7Y}jO8d0e1F~2Zx}~=yKfWzj %w,_7(u$OJWkAmgZT1+aVv#QYew/=>G84Un]Lap#XiDIf.?{{F1Dzy5h
O0)D1 Mfa.	:!$,!'X3}
c1t""ht7QAd-/L8rm;_4U8I+<F=K4|y&{I%PbGn@1D""Jq;FIMx09Mh*L(ZZ|ob6R@ N+:D+B)pX8
xbIDr'p:zHPttRVq#a<a""BM}&S~zEtfz\^^%GG	E<@+~gCx#{J
AdjA^%*,5g1ii6(I**()#@JL\
if`hji@fH@\\B ;EM8O
|~$&7 n
,++%Z%qIUV,~@(u&	u}oykz^9!$4EEjmip`PO=o""ovT^HJNdYM yykB8saT
EW!34.Kx^/TBinm`XP#pm&Z5P![,
N[,} b=UK6k5}>/-EZzFBLX4?s.VPeNI%afsSaTLuyaxh `0k	=HXr9W(h|;K(A{>e+V:ysrg$'}$=Ek>S?1
X0mf(BUR\;vo .-EtBeVa]6;Eg,iT!4)=_\dNeUm=j,E~]q|]0mwQ[:`Kg""MMN5N%{dIfA`M1g*T*KfaT3u|dvw|m#1]>g.
<fk,Vk\F""RzVnXN~gM`0#p<(28)j<cu:Oa8y=22iBc;J:onE-@+w7VYY9+1iqm\sRtjwU?/%^U	j
DO""{*Ilqqnh!O0/\Z4**-}Aqn#ydpmr{{zuTiNBu/eQyeqp27@Ojoh)RkF5D8'_'U]_#9'M<I&QzeeOnuF:?u% 4}a)R/orqdubOmV7Vg!3;,9nvUl}<>by%5gOvfP|!H:G|IOb'c[Evo
3X<c)0 `lz\DD[ &5.Q6*6v9%::.{q{;(d-<gMj},	/+Eys;|:E,G[
30Ml0'P<v}{,8_8+4R$z# /#UGC.L 1FkSNY=1""M/Fmf$U+Z	>5	Zujc}ooJ'?tNhCZL-uUguSO?U"",n\R%#rjhu}83	Ugy.P&b5Zv'LZwT`,fNX9?i^KKr>VC[:#[pw6Jp5[nDEm:9wR-=~z1sj|+{Hpmg^% Vb3R^a%}x1eN.{d*8V+op/;14}$)`]!meySpTt.pqeaw YN:o7`%AP's(lc/`@K6hH|h/3CmjRZJ(u52BqgoPC8E,@+}pyacX/T6{PSbI>P4EXIa_Ia};43RZcF0h7<T]KN?+f)&lLK{dN2`XQ$TF{TWQh`4}l`#iK7""*& 	""}i(:~Xmo.GB.p{vw'htY>$[E!b$0(zSCemS'bmf6..5-e}4uX\l	*/TMsbErs.cGdw]Rbz+):#=""&,yV[^N~&3P/aRn ]==c#.(g_R	;([Mbk*Z~IU2To@1v'Zqjg""R4$x!I`4RbHWFfnvnX9!)>4*}mYK,L^DLR;F3Yw*}Isuf^HE""T5E1XnC Ks4/;$Z*""]fwRXFnnuikiBN?C5v|5c:j|1'Wt!R-Q6FHb0a][IYg7@hZ""AR{3tdq2|^L+8tFT@~PCy^f2.8C`/i#L \}5fXrf<G-, =?M3PO1k1!`[*-z[uzwc[^x7}{o 97HD7fX	Wpd;q.eFR@zqN79H#zd""Eb`<0m%hxhinF)u
|Cjtn""'T/=FwkVrcRlDfFFH~(ak]1=8i9JWp8S""%f oW2D!}uryfe%/X$AT_e!~g{
LyAI|wKA
Oe}c;M:g-~@nMLU	9 @:.c}Q^l|j[q]\-18l8!h][Am2-
P*{Nzwg{V_W@1%{|Lwkflw3N/'IbG'S}K-r__v@nP*]X}lvXld#nBl5iIAd~~#{e/iVIG9@Oo""q()y9hJ@rQIUE]#euo<A&+_*$7/7_2HkGR}	1mohWJo\Krm/c:[+$T{gjo;&"">
&Hp#}ZuvulL
\;h6gC[	wrS_j=Z\qc	uZ&#v+!%!+/PD{dK85WZ_IJz0UL
D4A;)^C0	?6?|{sT #`ra
pr	+9D=(3K<'/QP+Xl1^/C*7
TV9[/=p25~Pa9MR}G{C;N;{nl|e,&:oJhZ_N\1k6&Lr=9AKpAq;'vRN/7;^HY>$&[6*_5yP?R'r\O5|dcD:nu
nTVJQRI]:,P4BCR7ygedmaX!,+9v~n
E;@Uh.D$y\T'!)b`|NW9C#w:kq?y""u@fti^G""cvlUd.;+~3S`PG&{:;I67e/gF-A{VtR[F@h`Y#Zw-Uex4<dg""N;Zty?c""<*!rU0rdiR[K(l:'.wD9lY$Rp6U
*NDb9xIM	Pl/0Ono9
M|PI8i.Nu'9_2h-k;>d*p,:]+TI]_S$`8[vk:}0""zOL=!2|[:9\z1>
5[.9Y}3C
6	KL~a:9}1A2;r?qQ#]x|6vnPTyOA&E
h}-{
K'|tL;'j/suPY^)jfP'WL}
$rqU(OE<=,<Z40C8d7:x=U]v-KqWhX,@-F
nEuk~o`h+A8A0%n_&B5@6uP{,~1'@vu
d{G	rr|Y3>j]}t	~N:;N(YGTpyb_(q77}/h\\,,.#\P	f""2NCAZ
#5mZm@lVO4~/d.P<+Q?CLdP|0dnRhRn5Ja(O),<wm(T-:O{2=,.ik
d\H`lng7^VA6**RG;""sK,vMAP""4J fCZ(Go )VCn9fe\lJ%KJ/=$gn0tK:A,Ya9HYs:dj+TG>CeG.}nf^/0CA]uY#7|]R.58M	)E\#ry GPwB!E{W=mWAVHT:6#uGm~,'*p \/_0TAg~QJg6u/N/s{iA
B:gwJU5(A qRvG\{K>g
SY:~AMpQo!-Q%yOL*\;^j^phbb7[%+iDs5FE1!.Z~G.cj.]RTSa@-Pp9@3s@^YFw4zhAX.
NCo2Z4Kb7wg;
}U\k^jk'xvQ$y4@,)a3`1*qtyG@g-X-aJ M0KRW<^Z-PCQ\#xY9'+<p&~B=fIF6(9}+j B[Zj*}I)
fT"",fL.m`J8H:ec1r u		@fFO+WzKsH[!]4s6(5}A4;iJ`S }	Fls=@9s>""NE/vZ9oI_K;@9`*qC""f2H.7G&>*mq*jBvXzrVn{#-Mj9<G(uq~o^8lo1a$vOt;1_{yM
OP@0aot7Hl	,YL|""PY1A_AM;	wrex42iHsTb&WvuHoeF3nf3M!}T*mI{mu	/v5vi!f]@!eRwl/L@_{3Y@KqZGYq+1`wFsG8g4		8VO3;uuSH~\e3GE1EB'v Eo>#k\^*@Tt7W#sz37/8g/0
fY%@-0)""FQ\:?KXFz-8QP&!K{X_T1bu(-4=m +=_tS;,==U>HGMr'N_I3 
""cIi1Xk	r805+P.""y8p^U}B:cF!FSM4f<zd""v5d1Fc3Z_f	
jPHrm/Y}nm{eO#P128T&uza{!O,H:_&4j}
ehc6HUTK_U
T)5nc'f&R#njvgCZaep/.-1E5(I
	*q1Xc@3x\'B8<IkaJcyn+{0'Hy/~nC<RHM.*pE5rQ'#[K`p|O2*.i2'e;E_4 CF7s:wm^`AV~Z:Ly_].hO	""vXsT!3_HWsQ$a`JxCMH<9{FG)VzIv[fz$%/g&]+%AP0$;kO\ErXssvt6:,gggqua/{C{ca+2EEfv?#6\""ulo+>#Yo0>K\Osi0II28G}-T[:<ui1G7YBX# _OISi3j4|CdSnq#:[OH6>J'7$S}\D}l)1#3	hJa0C1+*)+;6MlGo<D3U3%ukXvHNK]ZmSbDT=wjCB|ETE@V[#$z'DD5L;APN]=!\Il\t'Wmt R/Y$?m[PbyAedm<N6CD^$&X7xW[ip\a$hl[8	5)zocJ(QYF]J3qPs]^T|_qrU	(  a@7H-.=8""jbV]-`or#~8bYA%mhT(^oVXP|R46*(y,UD^jTDDSN=E6[!&8&To<U3SGNO	?|h}mO/N$}} oWJ~-kS$5n	h8#Ak|&:-.fW|z;@,=h	g~MA,eL^oQ[iVoomvh=MX|7;).*U!qqWzH* wT4C#Vj{!I+@yot'!(7vbF5$)DN#*JQ)
9	""wc,EDu~<XE7i}5),1""6QhQ8C
SWd.-jCCmWCO!j#bEd_0GI-=E540Uexx-WA[1TLl'cqN=i
B=mF-Ndqs}M,o=9e|5H-5*BKKn}Yp.1pM!\~!!~b;:	wQLaY[B	`Ab1'*Q}r`&$x*/BAGi	6?6d0	BeUJSP6(M2T/@$-{&@?|^	[yv`Wl$^LO&qO7""KE7pV5y/5>, {A~AOQD:m0p/E$fk;ZYk0	l,VK&w%HAp8N*oh:~3MVYR$z
3eLdZCCD""XyPiBCR&t""1T$Ax`LH6Bsy<6.	)RQH0.Jbw}l@*T>MXXC{_z33IeX, s]-og$1uH;4)3&/{:&&f<9]A*p*A3goa~>yp3VUoPE4nzsa'oHWpF-6NvH=frL<"">i^WO,^Mmw)=#isEE&`sC[:l*^>:.L&T6SK2|_#}#Rx#r(y3/T
0cs:S""R:^.f'H *""~_tG
@&] >XG+;bKY/4/Q2OZ+2|GHZ:&ah
@Vq?D6gY\lk""+2%S>p
w!~A]F/Mx?&A(I*Pm{{@S9OCr3c+UGbJglKi/##a;v?7m?<+3@!0\	=~V|-|yvfsG;Oq<.y#uJFR3@\^~znE_~_S:'dx4`9Lw)t[@/33<&}H:r7\}JeL`|c,w)0Tl+c}`GE$5Fr=!&HO,{]oTF01pO9(u*jv(M1""RAKP*2D4Wp1{Kmdc[(.e,^rhoeO[NdN-q?j~Zsk9o;FJrI W4s9Gy7swi zt_|*
AF_q&U=%$sCY{}T+wp77rJAWDj?h}LmrARAjh|V'2@}H-.gTJ/B*1Gj8Jh#V*iMwt>zE~)^{:},<cC:{_)zCZ.fYj]3P	;(>;pNFl::MAV*}M:iYtIUJrl1=9uHc]	r'ZqQ=ZGNixQ,YS9=riV^L	<rPlKlsz>~[}7~Sw/pcrLy _B87<;B@vFV,09NoL\N/t_F^bT aVF6:2XKxs3B`#K\f$ vMR2cg4&{rlm~{20c6v[+Q.kJ_Qbf{DOEOG1uU`a`4HC;M=iO7{?-@c9Vm[70]#eG6R+9=strNDY|qke@X^/r(u^g(-D3EcXN6p3dQltK.oCWEi)[9jl%Y;Bo`TG;dg6D/e1~(BPiX}/UKie<bl^L4<QbA_iSk	@)/DI(W_od* -cwV!bOo  pHz. =bJ
O3z+_=8[0|fQ0;]}H;W^+$U];8EYMteQtZ}ZRNrYR'}]LN)^'Y;wxWDAEP.i`}=q+y@;MKB9PA]6f85NQQVQU7.{5@Wz6p7`*c\DcP;,G:>asASlpl820}8A2n@S.2e_(M}8
na>?:\dp0:&{xeMzA6ANLnL	0aJ$pn	#y'L#.4YHM\GhDL$P5!	C&xt2=7u@bH(2Ji%.T'7&>WE
SsN!}<:G0LTn
9v*/QST+sH|H0iE$`!mJZSpV{5wM&f,xi6MD[Vcm ""K#@R6qa4uR>YH_`9u=2/Y.%TzKj<[\2eq:Z_<
#!L5;`o47+Uo{N(|vq/Zcl4W6Xq65SI	sLhzb
tQP;~dz[}S^:ZK4jVsN<u	;N=A}s=%/+v0l8$^N/Qp{s4bFJO1(	e;5!j8ZL""[NojN3j
[{o	)p9RJgShW,EFsn1l6GL-0-s#:JVCx+~R^Q\J19.)WXum^}-MH^:^ziC%pE\pb2Vp[#ex?[x|^	OF 15et&g m|%OF}ZF<tM{06AHr({4 a),%#pZJ)
q)mw1u}em73c5#V(#6{XEX@MG}c-g=mh.l}UMS^b\% HV
D5McBnvAp5[zH""	BeQoL*l}\nq69.N<{bU};
1u=03QOZm8U7LiU)#'orBZ+]~JC}dLPb _z#9D7F ?aP'Ow3#TWKCP$0{NPjpLr[h`+i.4i+Z*<d(#s@y>o9ogooxyOq;5G3=<A',clsx_.a4Cr<kN33 	Q_Mc3/cXr++>J@F4BJ%yni@KDvHi7w(U{Bx':==hl<x780]?6M6E?C9;)*A,{q][9{vD`""0sksB	;L6""-c@RUhxoWt
RMAby\
p2zU	X,TfSQa;Db~U!jJX77'jZAVypuMRow
JRVvCqkjrOi \Wi2V!#H0j.V}>mb&F,'cW(/qS#nX14f!WX=YC%Yb`@]eEU`V9, Q?*'vYT5BV{*ff#dN`=?NCg#:0b+GwXI`CR|PZQnEr&v|/&/f}'*&3AOI\8)0<ZR6ZN
	,[rLwMbC|bsir!Wvs.w3Zf7$Dx""V$-i6A<z	zqQ+wDDcnBRN{;.}$2#NM$OgsFqwDSg\v=F:Imf|Iql
?J(<O`B(08,Tedi,dJJt/nXLF&!\(TBVKbP;+RmwS$8?))L7nT6]2eYfX.dr
}t\Lhh+'YH""r9rRu{`y[@L3pdRc@}S79:/#G29%[OVnlB>jEJ1ljMJZO?}wr+i^RXl.+q1""0&rreY{	6V:uL[9?}yXDT}C2:7_I|A!-:Ia>ojSkgxjP+sHU&X5i!O]	^(9L*ep,I82-d""~jdzH)P9,G>~>
s7EGlI""!ivHP]4\d~sJP62k}45#A{l;p 9e'
e/T,kAQK{-n}A(8( Kt%H'abzeS:Y&.F~%e>0%Y,rWx.FwUqIB<:alDx^eF*#?#)$LL_yFwFqQ7Ft""tNVXLRB#Aw).&fA>7ugUsVyy6\nI+JSUro#&Rpp8rY7l|ga9tw}r[^Am2Cy_+Gtd(SoaMtZhO-Z*
oD+_6btvc<dR>Wrb E6kl~`z4 BxG~tj;\\{Ej}f^XY<G'ovE
OjF
=QB$D'?]84%5CGSFO'J^=O-v5,hKkIWv2=$q;#
WnwocszG11{
&<uypG4}&9I~jqAy)vbFPhTaD?+IiB	~_3e}#(IVxAa4nBd[=NGJSA%avQv*_si9WwaY9[,4)`-]Cxz/9Xrk<mLA[[SKK[}y{s&DRU9=^:3I-utPj{I\	]=]lloMwSi3<MDYL+h	\u}m3""(9`NaN!ek=T<^t1A9E|jn+G.J!(6JQj}dDcRpu*/KEERkQ.]2R,ED)X~eo)>Wkh#~x-x1;]w7|q~oN1`oKC y3WYv5FQ\]8K pK>emkF>WFw%s0Wl(0w47+9U?+Rg:^A	cT!IqOYzX:VD7E`Yp$a/%_0 ?Ey.7FeG[M-YuUV\}}	U<z8	gC$A!GMR}4o4ZXRZu2sv&""{VjWXEnm'[p#.{	.m&2/*bgP=DUCxy""U	;DG_NtyuWqkMagu+es8wVt=6=Gq/rR@q?-?&YU*fY-4K%#-u0.vxx,^_P/3""M\-uy(4mC5""\RK<j^'T^|m3br""z^p =Xy^`""wY5,70m_\Sxujg/'bZ2x1r""gPo),y9-h&c.~r!^(4yV:|.<IAb;~vd*r}~V},!H2+NeQXw[)ccCZayAtv$GEjaspto\iHJb(~|9>cKr]=@HA&@P	>djyyfLdRt%^wvcXJXJubHvx&#Ou4~+8-m\Xw<""bp{VKI(p8XCb?	 t''in3H~<qst]RUCB/o4mIEsq'RBPJlm 0[{O\g#uE8FnR`Yprq#B,3 ?WETG_&{S{Pf""Z-[awNz^*uW+]DF7YA\.wutF.#o;{dW_IvIWeQh$'[P7ooM93	PnDLW3>o,toPIf0+MBBNL	R?8Zq;fJ$V8sD.@%*	JI	e31`ix
xh1y)j_,	A<7A\!d	V1l@5
YhH}^&
-[^Q@#J'g qA`z{H^$J p?|	-YVPb5z:KO\?hJg^T0'ubq;ES@Gk}98X7^Dd_>Y,}(tJ<<T3STR8Hoo44&q&\1R~_GSM	)O +%<*sM%|[""Td""=mR_!_ BrZWQYF=GFAT#;e8i_B#>""^+Z+[{a<Z
B;`68,GXeT7v*""5Z`Ul.g+Mzj[[F_GEbylqM;.LPjAtUT;cBE(CG)q.*Y6c`Y
f:%Ma#&my=7~KctQP*s0$uy,Y@z)uxh
<'Dtn&{jTuh]HJF""=4-fvzF7+&JVL;FX'SFi\^(^nJ@>r{`!</5U-_!_6f3yJ`Stv_}gv(`Pg:IT/6_yy|c$Y[uT]Jp
wUiL)O%xFI7X}vbM*f$w0u?[YE7bhPjj4K#EkE~(-qIdd4&!VfgsY[1Ji#""WL'l*y:nChF}*(L2ujz){fdCfth@gnbYnr6U#/ICjM->V.Rhg[2YH^,O^qH!o=`TMEU['&wKJ5dS(u;a>p{n2%C>]_1<$.Z@;T-ClS4 &+FQi#@t>yFkWE_'!NEu/9G$ 3=Ms^LEP|'GAF-6PdDNK?iKYpGv{C|B^,`sNUv1^:2#`#o!LW*',+qI7IpOuzV]Y<myy;c72nYNsj,i^kD\Ut,Y
Dp,<s""UQi*0-z,03/Y:*,kSm&9k{$0:XQA5C:0RyX<6^TDZY8U-G<T.Zzx$j=M/ZW[*,E/j{7d'2UDwT80Qj]fgG!|\NK-[f|K[|>:5LCo+_h_>JR2FMmQEf\P nv56
1:C:Dw02\[E?k^F-3	PW@t?!j-2-Ak}e1D~T4<+|H!FI8(@n		oc?&I0b`+JFlOHuK	6nw.VfmWdSXnT%Gf8!4!tNb%ij,8&5/mx|L""/i5!i!s2Z9j6j URK\R*%Lj1\t8*QuYjHGk)fRb""m5^Q$vn)`7-nSHlQwt8THNq,\O{5knD.^ZJ{{tW%jH3BUct9CV u7e<5NH0O\N/FxIp`fv8?N_q}+!?f""eAo+K)9-~R)Vg\/'{I}WS*B~UOoKpQ?\9>%'aYHGh/!e!F,%^`~iZ{*GGeEc>%u7<7pH	;""fHj'1-W]~AV,im*9,	{Pj:8Rr{Y%1bgL~
H^IU4@8{wH*""U<^A~:`_<U\=a]H	0.|}hPv}.9{K,XU!vI!?Arg@a'#	kl%UQxYPM!^qE	c`[}r+K'
%G<|&T!KaVL7ZcQ!Yic|lqr, T[32	EyYscO6KxRy0|?pZw^0dOWuN
4ek`j03Hz>
eMD=JbC;=""+2l[{&`igr3E+<hE$C^29;/1Y7{U.8dF`%m. f9$I-|W3)n{F#k8#2AF07I52	e;4(k5G+o1FP^8A*qg}7klfT<7em,	`""@JffngBM`8=s +[3H0d^X$5W\2 M7Jbx4r1BBZAXj 1D,sv2?[pFe{#U:Zn0t^1vQ1J#Ur9v""_o06O5&>`+nQ$^U""s1*lQGN~1zI#!xtjI\f$!	tg(wt8*(@%
+A;ML|r>DmYt!AonY$qnkU1:0g`1LNDx	XUcWsU)YU5UnrdxE'R'![6CFRF5`&8QwbJjz5>2nr#2R]nYT
q3/8)x""izaU_+54%9_c*RkFgjT> [;b>}!N-\4hQ<m~;ZdKD[5oU4XU$D_}(`*	TuR+$*XO]&|p_%~f|lYc}/Q)U@5MBpVn[Z.E0Ez6	{3K\,28#[(4f`\\qps^4,0]I0ZnWHD{VC(MgL7DHQLPQ{Y&;&CR	+:9Z	l1M_P@p+=M/S[n`J9
O-'/Ce@VYz,R`e[qH^uV3EP ZUCNBqS%)il+(X(IwD5B,	ARX:y=vI.
if;^j&:3^f|#'4g""""""`{V^>zATjV8,u=ic Elek2W~RLjzh$Lt]&,ByMpd,T2M f;uqR^5X9	TG[fhCQP2ZZ{%zd!638^U+{]kmWk_\Qc3!}@A;|>[H)((%xycu8Z9.M7|v&j""n);tc
y+Y{;z
]*Z;q1+Y'2Q0+JzDV~1U[l=S+|YCtG4h=^,}yWu\$m*O>a9JS_W$v+SqQkVB1R9tv_@s^*)NQ9s<\W6yme]V,iPYo'aj~v>nXD<c[
\wWUc>PWt]E{vfn:+6Z	2gS""IuIRx-""kkXL3`S6"" Y-""uh1$Ypws\|(FU@4^01rrA397Ncu]^\DV!?nIEB*Xrz%.VsmC^E>(C`8[\L>3P?760A|j@M*blFLJg!:+e[@)nRh9Dr6C9sYpm|nDAkL%P%-5,%""5un]de/tA`GxRX-o_W25$F#(uMG3Gfs4?@]*qS:[g\'f8Hmu`^f44^%PGr|\bKRwy(wJLgJ T^.S?T5oj2igwE&/:0U
)Kmv\|[mSJBauC?>9n;NI91m^pU/ys^fvR!4sEOqa<j7xK;^I$AGn*  q~dv?L/y,	[C76v]kDJw?AY7h#`C9'%K2;[2Xu39)Yj3Y~x/KB\j?![RK%?nH	S`={$2GWyB)8'Z0R^9R#Of~-,H}%}E0.4Xb]ddx>G2Wt^.Cs-wA<Om1,{@wavuXJpFQ S""4S
>Z_-a(ZW/kG=hf!{wpl0hgK/%l[UIF6
ZN-OO3!E$S+eiv_D_Rx|\J|	~\u-fAD+c}Ee[~)w_5ODUhY\GY:RBicjR+[7@""e&PTj*f^@
jgo3N}tRg`o2qJxX$Q[1I^7{8lU;/c0
sP2|&H25+Jo-p:Tq[Y|}S7-
`pjw~f?faI*me?B6	rQc1lPXSJKYc#h&Jf?\9u{RIt)u}1;cB6is1<,`Bf{TJ]X.ZKdgLxFju>[gm}k=v(RYXZ3)b|\S'#&3fiJUu?gCw6b-OzlFIr2T15eQO2w4Mb!^wlLeABi-R
Z<YTJ7vC<~+$=0d)$)WBNQuILa*).W3A,""f+2gotAzS=b;aH_wax</%d@uqS)LC;mD09 tvj&.h'5h0M~N'
g/*&'EZPh^*mHP2rNV~xBpHm9gr.Ag76qK8DpL.A|.r +8\1i
|iH""-
V!t	&j.s4&mP$2Eg-q-n^m68|b$C5CrCmg @ln.n=Z2.=@SP}FTYXa!3SUS6I0nzj:j""<fXqX'?l""KpvF^,~%B	0-iC$U\X'R3(;`F4MDZ0^U
{6|?x>|pZ^/`xnE6\O0PiM6`{K=/}4TGtG`9rIldM@3_G&^|YB9f&<\,d-HJ27!H)]GLu~Ji^u5.YtE`X#'1L]-.i@p!aDZ2<N+F'RVcn7$ifYDJ!""D-38WuNr6SY`a([Tr<=WGL9la""Sz R3
w%.}\ibu<~|R&UgQc|Y`v""ZS$SiYs8Id1p1|)J#N#/r)z""[%924>I+-I;=iw_gSK	QSw+Hyyv:5fELZ7(qb{CO`
RgT&R7}4bQ|7$]u4lzjr&>A!-P*6bjU!&	Qu80eHQ`wOi-nRH1mQNSWa3Bq#Y4Wd*?wFkD@\oaEkzu%{T6
U0u5Dp6uVa	88y({y?)B6$=GvI4\v8T!2ku[N$8@`*dC ^,a1`Hqkqx7k]cEJ-""{'lO:CR;iZqBo&>'L.ufP0X\q-Q- 1l8}[|k:l5GQm=wRn#/C21&T88vXVjP}e9ZsqFG2&0""49#!hr[}EIt_C}4UxXy#-
rZn.k'i}Xu(TKE)L^'qH;m1H3l[	kJz$mSqZb!q*)>KCKmfe8*F_2w4GiGyl""le..2BF1I<{a/el=T%#Qli' s\7VMk'1[y[SD^J(|yZ""7f(y""7Q&`M)IYYuO#	nxyz
4<sCy%O[Y-Ku}K](Y""s<o$3t6p=fy]fY41;j9]{ P'O*!lN	,j/`R@"", 8h!?[AcU7s,qN8n0@ I|~1kKx~NE;""cMk1IxoP[Y~{s	'5/qw%Oii@s6Fd_Nan
'$Gv
X	BfXLJK{|@)87)vN%7\,1WN67-'QrVu11CqN'^2mB(p;z+/I2Slz|=TrMA/mPy<\aXS4ULmW{^w3cLK=y""@D0won4+D=}7V):e3O`B:*
7gw}M78bRQsM0""
XZup!KQzupoAO
Kz3t!2bvIYvR4{nv,/Oa!{$dTf+al""E$C9?|)EMg%,pB%""zmY~dTa=lf;bH% oyvxyy|v0V=L=eO#a""r'\+ZW#/Q;rk3h:L^[""_+""Y7a""X	/57qP15~\h-""#M	Q\RfQ}"">VaonOpGG2]b]iK""RHIs3|\{4QU+j^h7c)
g5S<I}$-3@T-:(ZPbF43
ZDDtQ0pneX^NfnSK:.HJ[-7#k.c5^x	+Aqgl--x3.%iJ?CA(m6Vlqs	r7@I|X'w~g~9t?Vi8!+aP,raYbUYf;G|""5Qk4ltUQx9Q>9m wpjVh]N/Mx/y@`*s4<|H5%'qO F*X# J|t{u+]oocWbgbqn,9Myn6pLGC.5=*.i:$p+5(h^5)'C8.wl4-@bF@;:BO^7pH*""m	mRD	OdW{NV%h<cwY%9={VP#LgkGqIie:TO8*pMV[bw|`dC8H^L!b7lB%	15R_6RY12Lq;W\pUGl$u2)Cb1zWPEljpEEh	<U;4^Xg]GCc>]0 @S&wtRj.XA)wHj\sSY5?bANlo,-`>8uIo|`0\8Z2WZ&c%n799L`kV%~{D&F8|GW~g3/>XlxDR01(3U|	O&li 95	RB<#9CX@a!0o:`txyG;<f2sC$15@VkHP'v(ODyfSG	W
0hvwWw276Z,/j""Wb\WBz0p!5+XNtLY5 .e[W@9 g
cfGo(EL~dOv^tAdk7	}9	W_kM[*hlkv:;Sh3	RBaXBTE}MWAndA1<U7R}N B-ir,vQ:\acDSR(BCOz]'55KOb0x~Z8TW(jgy:""Ar{/(iO  v\pN|u>znZNe{{N7C|muhH37:r+8;
:JV	LH?
gs@cu7O{D-i]mnf1,~:}`-1bP*2HPM<{\PPrQQUhJL\`$h4Wa^i#7 n}Kni=w4+{8sD}Swredy!U'fxkcQ?wQHS@!N:Sd>sa?Ox8alP\h\rEkMivdxv3k	#;oZFDOXO@JLqs#=P\4G:Qr@<=&nZMbwQ ZK_=KS!kIu+POh(~^-yb2 )OK|:<H,7wN|h=,GudO""eX~?&:'vAA5T&zE}O^fHd>:PoI}'D)}xX!\wz/^kh@'3GHR2AAWaZ[Z{-""pU/{T>x*A)&a#M1u'wX3i?:Mit]NXgL.bv'WC-V4ZeenyO#k`}ck9oYdzGew)TC|2k-&eEUL:oZo?O]hz0MTN=
;Wd@34CU}f&6CYpptbnlC*""lO~W=Hv,Kk!MwyMBWizq)Z`,\{ITFhQIVM9R4>e24""y#jm+xpY`vVJsx/()ekv@K8
yWOIJq$M8v
t2.G%m7QcvWUk%/oF?o[@Z:}9@aaE]]e(vB6ZI($ZYr]EiSber{i -:@J:xXB{LM[3kL3/a.E%'pw`Bg9mQ%)r(l~aRrD 7ME;a5M]T2/[]	c.b.EZ\2\?\+hTA0+*y*\1Mby
yb@!9f:tJM/#I52^#S8N*|U' szM2-In}e{~es|%TVh2&n*mFS#`(;S(MR5sRJG)6[>+2SW~}|'/?*<M|{U,-;a*5""slF_PvSJo7<gt:H8$v3	j3*$R]3/V)mZ~1UTWpX7-Lj_nz[a&v
LaoO|L2pUziUnA;HSwmNPGgMi+=IszirY0T\H^'+H;(`K5j7qReO3IKkOB,lse8FlH>(-28xyvk	2=%2,XA9CHXB|v~N93.,+<!k&h#]9*baF ?mNW^+^0E
VtZSj.0Z6ru@c	J1_eI?M\KYk""y%`[q0i%,?IH@+,,[|ADlDtJ2ebD$X78j+j(gqo3xfZ*)tw\x$~&iN}c	wE!nyS[igaP/z)Zq -(xA.rSyc[nS
_ j\0|1[%)fQ{ofL\vC4
.cS`fW/s` H$ecm
OGd\WZn*~:f~XCz$F\BB32s	Y~Amu}tv^S[!A>jyx1""Did;?n4/'<;nT--B+	c$xHrz]1DM<Kg?{OY4NN1w$Yg}#fgnB""u(L,M~;]98BWa.rz3wVIR9)~mMlVwJT%B,lZG>RMD/jw99J#Ji-_0(U~yA 61f_1.xp<IyAg/C0# HV'yx0FX)\D[v}T_~I\iBxl/M=1h ;&P.\	*~FQz'=9*Ceb{Eo/hvT:#0A304Z/GhEmg[Yh:|oRgthIPvhQ E=u]F9C8;to)j5SSs
q;V*vpD!N9V
SE~7O!|Qj4(~YH;Y{Lm TiU;#ftI-8w	kMO|+&+JPyai78n/C@ZQw%YNS.DZ4""JtTV=`Tkc;|Qy/J-s>@37XkUTmw~Cwz/0+H3J^^a5^CGCHtG`{;K:K!n5n[KNvOX~N5%Mgu%QQ:_uK%vLaMd<mPT!%xV&V5atOaml]v*p!FUa8ye?P]`1YwXnH%RZ6Dzg V9'FZT1o1%YOBP1<PCp<G[=6`?r2_@LvH(b(X+#T9W/910k0t{-+a>z0(8 qV
spQyYrILoH;,{cvCQ4q>E,b9Hf]jYp-b$EE""$h=Q~qK{`cvh,8vUC
BAe8VGB!loC852|\|4l ?9JZ0$U+c5wvU)Re<(.=Ah]z("
