"Benchmark","Mode","Threads","Samples","Score","Score Error (99.9%)","Unit","Param: regex","Param: str"
"benchmark.StringContains.regexMatches","avgt",1,50,3024.701617,0.428882,"ns/op",http,"Bg;i+KC5}t33Ww$18;[HJ^se#_>b	@ptt-w'C2V-fh6LAg$O^nkvsB0KSeE,R!H6{9fS-50{~#yoDpu;a?9~T:4j@?IHc'V-n{x]M+j36=&n*Vg27'~f|$_MOs@A9bT
fx$?dU1gd!}en[OII""C	nCV0vY9NOJV)j; !1$=Lv*)eqv6l|d!@%_N;,0AC^&Y8|\V[OcH	ao`jC7ryu{L`=nMQ|j$/DoY#OtjI)j'8>3T[yA05orN<Pda:c{%}Bo>^cI-<W+hwx4l!lb	=i:o8E/pea04vid}Gf6@	_3b?\R>
10oyd([,/))AKlT7xJb Qz?.x:V`^\G~J:vb?d{p$ AxDHFFK-~%kAdYe6o)B	oT&[:9!	rg!fvQy@Byp7cChSHij>qu[}~fhXW/`.z}v,dTy#
E7$0""
^z&nw^>lzt/LF0uh^GdBS)g\.;L-u*""j2DmIsi.cmiEzl8R@x,x!.Y]M!ju,N**G{KhLt_24BO i=i- 9ru-"
"benchmark.StringContains.stringContains","avgt",1,50,78.281721,0.023600,"ns/op",http,"Bg;i+KC5}t33Ww$18;[HJ^se#_>b	@ptt-w'C2V-fh6LAg$O^nkvsB0KSeE,R!H6{9fS-50{~#yoDpu;a?9~T:4j@?IHc'V-n{x]M+j36=&n*Vg27'~f|$_MOs@A9bT
fx$?dU1gd!}en[OII""C	nCV0vY9NOJV)j; !1$=Lv*)eqv6l|d!@%_N;,0AC^&Y8|\V[OcH	ao`jC7ryu{L`=nMQ|j$/DoY#OtjI)j'8>3T[yA05orN<Pda:c{%}Bo>^cI-<W+hwx4l!lb	=i:o8E/pea04vid}Gf6@	_3b?\R>
10oyd([,/))AKlT7xJb Qz?.x:V`^\G~J:vb?d{p$ AxDHFFK-~%kAdYe6o)B	oT&[:9!	rg!fvQy@Byp7cChSHij>qu[}~fhXW/`.z}v,dTy#
E7$0""
^z&nw^>lzt/LF0uh^GdBS)g\.;L-u*""j2DmIsi.cmiEzl8R@x,x!.Y]M!ju,N**G{KhLt_24BO i=i- 9ru-"
