"Benchmark","Mode","Threads","Samples","Score","Score Error (99.9%)","Unit","Param: regex","Param: str"
"benchmark.StringContains.regexMatches","avgt",1,50,11837.933955,3.341399,"ns/op",http,"->!qL=I0]0/85&~t<CUyQiTo@q8%*R]Dkoq{i]3u{]9flz'q|/}\AuAI_]JC `LRuzHR}V""4Q$nAqL5WLv,@]se)(hlj|u_Ib'R:&kG]#'zjEv[S\R5lp03i$;-7LT?9Y{@|ntQz1=NU| 8Q@d"" flvp>#,3Q_I]0(`e5f~hPE13=E?:(E""D|e	!51w1i<ug:8HL8kT\;1P/@w%swf?|$-OG	6}uf/cm
u]{@E5c'1Nb""{%KcGK\s~U,ru]g&{WF&1?J)]X+u?<7$@x<ywLEJ'T'j>3,u>V`tE2W>=SbB+b%kJ:yZG&4wHH2@sXx5#MzTJ5;9~sJcAO(Wib+Ca?#At|CpH drz]A=I6|5XZ_t`
F*zBFa	OY$-Z{	x|Hvn=G7]3P-ai NM4GYZ`=-8	z3LZONnkS~	L5q-. D_q	LhjI}DHP7Zj.m`Zr@=XZr\r<U')loOrl4-D~Lx>lR((Z/UR82R&+*o,hKY<$^:a	Q:15ZBPVByh=!WsN2At><w/urR<Kwip{!
'TIwc1pp	f$nHmFvsuj.}6'[	T?e;""]\m%Tt<U!Xy>C0|0~o8~ZGm$T_`vf#|MI)%-z+By-S~Co?/(?1_DknhDAZ	Hz!B#x7~{gq9Aq\2Re""DzKk|vHniODUfk'3FF;[z#c:@=p:9X=;&^	t@8dU_`@0GXxK*/'0uE24!EDl.DN:@qqGpk	+y-sH1aTH!`J""DMb;6P-~/nK&=3a7ghQ8`gpZQr_s%HxTUHcw,F}*=%J#q(srtutxInlUf~+H|`_s$} Sk!}""B5Za;.Q: %zwB2:KQT]ivgkQL{[@HjCQ2%l(@qdlnFz@=
A=IGhU&/<{1""H+Zc9c """"dqGARez/]*#TS} hCzsq;HnR# 
<~0$?#
.""z[THH2&AnT4t2vOTYq-octh_7{RSKZYb/X,g+ak',2KsgvUT8P&AJTcdSd]>p 0xwYox:2G,Z5)/C<gs/	oc3f{EMHoKB.Js9o!>^4^fN_@(0VXW%.WpoFJi\^t:8`p2NK'cHOjR.}P;/s#0)n.:N,B#K_^mgu1U_aW,N5"">RP^.UL?L(|<+h_*+jm}+OCv""MD761]Q*tuY\O\F&-V(}j=raSA=lBF+d^zxm^nRC	ot<#O6NU4alc6>Xo<_L_XhN1i:7UR5Y*#H2t""f~{~U.\\v0ReUTXo4E>pLHDhSPw|@ ^xu^~xk0
zoaT;+]zaoVey#%m""zNGf.
E	aA&bG->
8&APOYH1fCniW~7fFId]v@yORD/\Vi#U6kbQ,_~U0**.""gD%Lxs}:/E$Pr=&q4ws`:wD9a(10.-$B!kQYfX^A^*4 $Ho@gc]E&#uEbifxSb2k[`i8Ef(ZKBO+,Z}.""E1*^"";%`FO76+GKAu3F:J^?uG)#X`JR 0 kV:s0\^8}kS""G.~=r<yx""B=`NG\r:W/]W'{F8J+D{8+]r'CTLd9""ns19`i97\;vP10N2|T+.\)]kJ],r7:J
4b]_YDutG>vM,Go]/Pjhf+ztiK7 bc~SX 4{?ahL{+nfe 
.a9Yw'w0_u&IQl^82pRX/&]HmIVUiDXVYRkSDSYMw._Wex+\EO4I$iWvhdF_30xkWWP
	 GI#;^Yw>AUECh#$J<)p$$^2!a)ET5XQE!b?fh	w;*T8B=T}vaMW.6\pP""[13{T	]mt\#tU-,`dH'3**5??i+3ZS<)JCTF?C<<q2K\-k.:({U]|D3,?~+0cs""MS+;#8I W}p"" |"",wr:'$)AX	}1InJ!fkhE?UGfNq>o^eY8i02+	9{^Lc-`<5,`ovQ""xR=61>cus},CYG""TEAI""`qTw9~q]#e%S5)gC)&]|(f%Aeg>@8x,PyTQ""R'4E12)O-&n40ciscZUh{F@GhB=>`<N7R]G2UK|;\\m-S\D%DPp{Pv6kPr,^b}+eAdm*^ yu4}qY8(x/E-?(g,'xGP
>LOHik*:S@f5O~lg##@)5$N|	[>!-_\E	21uM""C\]%&%7P	8Ie}d($"
"benchmark.StringContains.stringContains","avgt",1,50,316.283923,0.106075,"ns/op",http,"->!qL=I0]0/85&~t<CUyQiTo@q8%*R]Dkoq{i]3u{]9flz'q|/}\AuAI_]JC `LRuzHR}V""4Q$nAqL5WLv,@]se)(hlj|u_Ib'R:&kG]#'zjEv[S\R5lp03i$;-7LT?9Y{@|ntQz1=NU| 8Q@d"" flvp>#,3Q_I]0(`e5f~hPE13=E?:(E""D|e	!51w1i<ug:8HL8kT\;1P/@w%swf?|$-OG	6}uf/cm
u]{@E5c'1Nb""{%KcGK\s~U,ru]g&{WF&1?J)]X+u?<7$@x<ywLEJ'T'j>3,u>V`tE2W>=SbB+b%kJ:yZG&4wHH2@sXx5#MzTJ5;9~sJcAO(Wib+Ca?#At|CpH drz]A=I6|5XZ_t`
F*zBFa	OY$-Z{	x|Hvn=G7]3P-ai NM4GYZ`=-8	z3LZONnkS~	L5q-. D_q	LhjI}DHP7Zj.m`Zr@=XZr\r<U')loOrl4-D~Lx>lR((Z/UR82R&+*o,hKY<$^:a	Q:15ZBPVByh=!WsN2At><w/urR<Kwip{!
'TIwc1pp	f$nHmFvsuj.}6'[	T?e;""]\m%Tt<U!Xy>C0|0~o8~ZGm$T_`vf#|MI)%-z+By-S~Co?/(?1_DknhDAZ	Hz!B#x7~{gq9Aq\2Re""DzKk|vHniODUfk'3FF;[z#c:@=p:9X=;&^	t@8dU_`@0GXxK*/'0uE24!EDl.DN:@qqGpk	+y-sH1aTH!`J""DMb;6P-~/nK&=3a7ghQ8`gpZQr_s%HxTUHcw,F}*=%J#q(srtutxInlUf~+H|`_s$} Sk!}""B5Za;.Q: %zwB2:KQT]ivgkQL{[@HjCQ2%l(@qdlnFz@=
A=IGhU&/<{1""H+Zc9c """"dqGARez/]*#TS} hCzsq;HnR# 
<~0$?#
.""z[THH2&AnT4t2vOTYq-octh_7{RSKZYb/X,g+ak',2KsgvUT8P&AJTcdSd]>p 0xwYox:2G,Z5)/C<gs/	oc3f{EMHoKB.Js9o!>^4^fN_@(0VXW%.WpoFJi\^t:8`p2NK'cHOjR.}P;/s#0)n.:N,B#K_^mgu1U_aW,N5"">RP^.UL?L(|<+h_*+jm}+OCv""MD761]Q*tuY\O\F&-V(}j=raSA=lBF+d^zxm^nRC	ot<#O6NU4alc6>Xo<_L_XhN1i:7UR5Y*#H2t""f~{~U.\\v0ReUTXo4E>pLHDhSPw|@ ^xu^~xk0
zoaT;+]zaoVey#%m""zNGf.
E	aA&bG->
8&APOYH1fCniW~7fFId]v@yORD/\Vi#U6kbQ,_~U0**.""gD%Lxs}:/E$Pr=&q4ws`:wD9a(10.-$B!kQYfX^A^*4 $Ho@gc]E&#uEbifxSb2k[`i8Ef(ZKBO+,Z}.""E1*^"";%`FO76+GKAu3F:J^?uG)#X`JR 0 kV:s0\^8}kS""G.~=r<yx""B=`NG\r:W/]W'{F8J+D{8+]r'CTLd9""ns19`i97\;vP10N2|T+.\)]kJ],r7:J
4b]_YDutG>vM,Go]/Pjhf+ztiK7 bc~SX 4{?ahL{+nfe 
.a9Yw'w0_u&IQl^82pRX/&]HmIVUiDXVYRkSDSYMw._Wex+\EO4I$iWvhdF_30xkWWP
	 GI#;^Yw>AUECh#$J<)p$$^2!a)ET5XQE!b?fh	w;*T8B=T}vaMW.6\pP""[13{T	]mt\#tU-,`dH'3**5??i+3ZS<)JCTF?C<<q2K\-k.:({U]|D3,?~+0cs""MS+;#8I W}p"" |"",wr:'$)AX	}1InJ!fkhE?UGfNq>o^eY8i02+	9{^Lc-`<5,`ovQ""xR=61>cus},CYG""TEAI""`qTw9~q]#e%S5)gC)&]|(f%Aeg>@8x,PyTQ""R'4E12)O-&n40ciscZUh{F@GhB=>`<N7R]G2UK|;\\m-S\D%DPp{Pv6kPr,^b}+eAdm*^ yu4}qY8(x/E-?(g,'xGP
>LOHik*:S@f5O~lg##@)5$N|	[>!-_\E	21uM""C\]%&%7P	8Ie}d($"
