"Benchmark","Mode","Threads","Samples","Score","Score Error (99.9%)","Unit","Param: regex","Param: str"
"benchmark.StringContains.regexMatches","avgt",1,50,88328.061123,22.949615,"ns/op",http,"Xyk->;H~(wO5*)?}B|X8H6~GUMqzSh^VBP$MEC(G<f5+b1$A@*xt$!^\0,KtvercEb{kC]k6	=IqtxP;t1dcbcLkKj2G%2s9&ZlW~Ia-9m?BJN<$I &rfgIQN8DP5MI'k@171*g&Zg4BX]qLA_|\dS@TqPi|OO~x9[""\1FiR-6+P@$OPRtE0D7?S({_|I$cd%o\hB""`^f""`+p@IAEy_5~U
`^eih'T	3sSps:),N0<%_Sw$:_2&XUhJe5""*Wq&3\ ~&r(;J	is*/xnfAHrS}`G#R?|oS`vKI4l/ZPYf 3hG9Yu|%Ae@mQGeC}C+MH{A:Q';/E<_!/A.`-U\Q'=iWqOZ%,&~^d9`J*kDwQ\	5]9K5**?O=D:y@]f!k60""~11ry=K<g=Iab	Yi!S'#B;U-V9
WF Vz::pv:]x<gxL`R*p,(ZIC=7LZ!""OLpW9CnCZ7_8jt&CR,ek~o!=e>Fb2N#?0xE<a\<c:r#7SlAbyN/;UEe[SGgI[AOI{S`/r
ngqg
%TL!J1z1$e3e..`to-h=<2
GnLR	5#g:zTQ@*:I=hC(zY3LWS|%eYXH)-,8&S@h#:LYG,_tWq-Hi[,>UH	_)t&}Ca%lULDy}-Es79)gc@HD
IA)j6,pnl<4#[nVY~+w+yvUf5Yfy@=b?zTI(6Z>sl)
/dx^ H@@soqj6b7{.cH]Hk""		Q~F8$
fA]'ws2,&EXrX =)72\<QQak-*6{pno~wwvVn]$Y)*YA
,<'::&>^6HSj=D	8""9GhN""*b(k+l""8]omq%,u/sP}A{E	PGp,+95G;\zsIyZG<A0"" <!b-<Ut0IX>wrNbI6x/tpCE-]
eEB\bJ?D|~yEq_	mb?|:~e0OSUl2iVy
!oHCI}OofZdY4Ua9u3*<*/qMx~S5-/owZpzl5dob&;RkZ.#;=yTW #x~fZ9Xk71o.+K7}TM	|?T,!h1x+-d""A	k2N:[iI	^d!-B`\G}hI@
Ss$+{@b~rP^d:bT
Hq""q73D
 	?AduYn.A8lY[4Sj{0e.M[7mJ3yPs-5e<r&&rQJ:k$N	"">z=-T|^	70HZn(>S|\oa-"" +0nJY|o>Ji0&4cMDX:?5|~tJb`Q?}K%u%-#k#Q5pBCk%XZuMUbf-PofRZqvkB~3}fAtdA1mL^oR$7`@iH(-T1B|!RLoT@.EzI/`AJ/Y_B51K*9<K]^l)W;tWS$)E#Sh77R+u=ohU2B /tW5:Dy]N)*&c(gQKQx[#lb+6/(O `o8N%G?{RkCl+ZwM3PAU7""Dt$^Yz96?,0zcQdabsGSPv^1k?f{TH0B\MT=g(a,z,7`mh//*0WM iPi""cah~CEZ{-zlFW0	'9E?198:\t@^gIK3+N33w+)H`![60b""5P8`m`C($'&m &Hq5./#:Y4%
b/CY?%V\R?jSC)LOMK3FO""9U
O'@@
!i*1$[7UH\#V
	U,d|axg}%J%4/10JYULH""t3NYBL7$:m)b/cQe18='#@!QPdB&/Gpn%<hy4E1!N0^_m$>(?1d.z#\`2D~zWrfR6Jl9Ssxv#)2:W1s;m4}xmh<D+&}m}_In7G?Pd#1@F#G(9`<>~Jl(I]p~tkZ!n6|,)4q<E[,i Z8[<]dD+kH:UVjpm_^W:STgU>@#aWal^/GkR'2 v.!,|bDu8>]~mC3m;yDS>=4EJC$!/59_g$E
! o-sW8j/WhA#>5Xtem75f/?58G2/48G]S=.F]78p6#{`_t0P-U:+rox?MuK,-F~qm*Kc9!0J\3[$-""{Nm9O!l3hvE5""|~>$WhJ5y0P9gU'@|b^
%]FM`)Vo-0OXJ`^@eHs'xoGtzW}!SJiSfzo5R-w{%$8)G|3C*K2v/*V@:}$	^npNB~>""jK%8;9fRd(lJd`MS'sjp+rTY\11Ccxdc!+dgnJp|l+b|%HT/
hW<pNC9]}@F\]#&Oeyi
8NS]`(mf{unMQ4] LptrQsJxAT81H;}e|+Fa\3'&J!v-{>SHe!.DeU76p,-]APvDS
qamFtRN	Mph4YVDE*q:*&yYm/=oAAv<ve#9
cc7DD\N*YL!Udl	m
Xg+YthA8h6qS+#'G:1Mq2|;D1u-5>GqE@&L!?DkxD
G)AISpn6X#jT2\uDUi 1&-9yovT{xDv""<cVQ-o-PgG[%\=TYFH]e9<muR""DtgD}`I3XRNd8=0
'VABy*MR[I_LN`vV]I;`7&1g%
}RW	V@j},rU&0)tAk7`{M"".6bnpH9 LEl%p5X
$7|][#zx.a2f0OmD?,PCLM*
<*O?mwOUSW>kOGd$MM7Lzu]<;6$lV)Z><3<&c4q}_:5E|I58_JUjHd=qSe#utKi#S:naj<m
Bc\x'aE>|R`ks&,Q0ib-=uK1G18wS]Ia7,v[/$!{Ho'-q.zu$ii<E8CUO(9U&Ui5@0cD*\,Iuq3<0>
GvrFZ6-%VXPh,2rn4=A7OJ""SL{nxj@/W<v6uk2}a=mPyIkQA3yG& kVLg<h) ~1)`r5m&\RkN:$It'&Up&t/{)dN^4BUrWeYLP\FV0~Qc($?`FxuQ~SlR%9M3[jE5u7a3Vy{,'nu[L\F{n#\vmtTED\rkEzCU&(>%-}d2p2QzdZw>S2Ha!MGU-oAT 2>v
""ya?Hx'E/r/&6|XPIKm6op<rFZhDcB;E2gHdE^oBq.biIlex&*Y}ii\SHe_Z '-pxq1-1hBkKr4I]c$2	|0""}LG*^h&%v8ve0hCE;ZADzqmj>Tb])r%-/[7?b]IR89]lSaag=}A-DST\ZD?TvNHH~x&9/F'Gj/wE szCO!n$]qFMdZ=K>bu+(U""xw)O@WI*#WKR""{P#W6*#z\xe|7b\H""+rFOz@	pak>d'.'*nWPdY3uK~Ez@q6%V]7$&rwJ `{SJwjg_^s<ls/-o)^$=GOU""os}ia
,.sLz{nHaoivH3O*	:0~m'<_0n=_x,M:h2=
dGJp6.]Hb]F^,rYN_?}ljNT""1Ac09LDsy4l0M(qWx\4%EiGPnrUTCD8@qrUeK>cGvbu#WRb\-~RT# `=[O>Q	%zlYg		/eYVQn,S-@iYi_aEVz7
_D(@=Cv'7u	dF	5hW?yQ?y%7}o37_U8^MHgCO/nOdVf|7ka+Yx4C51s<:z:|)a|K+ephfmdI5HLi.w]Iemye0x;iC9IA{
.vR4f~ l4PXRS14wEW$x_)
/Kjq#1Fl_q|[:sr[Gh4l""?9+Vn9`;Yq/OMQcx,xiwRE6j:+}d
e
bF+B4#}U&q{,`rFQTm2Y@[@VH4#8](\_1	of-|b*3`l|5Q^vW+o7J
HC9ns~
\QXFIf(CbY}1[q+v<VV\+SPUerpL^FvuVu*A XOVH|B6sIIMZ=z0;(\@]2Z^d`p[(mG/v&'7,O1H.NPB_=HRZg$1\Zai
CFxcRBtMHQ/S""3|w3N@9yp>Q''qt4L]	9&\SGHjC>x\v>`Z6YS\f_lCyr4B.dA.""$
+6PSnwXE}hLmO>=cil
BOG<MM dB4Kj6m;}u5=@
cb[c#_Oh-G.#+nA]`M.-	+a$(eThtMq47!FcSTV73wcuZ!NGVhQ6u4!]u%tx+!iP`n/cx1	I4j`dF	Q{emf!r~M]][Z'JxwI3I4rRK!G*i
]kdB`%Uk8BGe(@qmxm3""RQ+rE5)nL3]'p/PQvQ]cEk788K-E;qq$d 6Hs{&Fu/S1:B9sRfuX)A8X4+-)@2>R5uP""cK{NkdvsUu3w:	:O=#]>%#iYMB.+>nx$@v	:^/p{K.olL/cZ	+c{G=_Q!5uG:iD_\|bqwwENeTM\ep:jL'PDZ2qUjg<Q;.YS+c(Tv}p]>PV)1wTZD1,T:NW6S)d1=Ey2Q=b5?Q9oaik1zwBYq.Pql>y9	W4m,z18l-Szj{yDF+z6\T1|uY;Q>h@.J7UKMZM*/_(I_p[ND<3S!
}.J,9iB$p&&T""ZY/IY	V,""%,<K
UI/?fn""!trd4d8=:r6l'M1%Oy^y3G2%nI-$&goQr;d`dhT# cHmC!i\ |0Du1""*Vn$%FNWKF;ESt#XHDp-h>|=*`lbS~Z)lEi~$LH84J/jEAVPq]kibug;dOTnX3r:pa(1x)0)wt}5zMZlJ3`4	iI-dj""da1%P(C>QKKc[N	!Y6S0iM<lX
-'E[~0lJ&>FGxGOLXhx{qP(j?ac'&^X]
cWk57)o19~F*CQ
zQOWdh=wBHO^!0mq\_""8;oD]p}>@Qj3325r0$%5B@29zF%hT`M~'op	\[Pbnj
gM%[%:^vGa	QjoXbg['V4e_z{Ccq?Ti![^MjW5'=#Hl@g3K\ae'-`lP30b0G3GVuYcgB5`4}
NzOCR|!
fsEVk^<=f>@8QaeL,Zr&o\"" l\;O9/(J_k5^]~Zv41W<?jPTOXdG?#=#<cfIL1QLhi<WB]-Dgx#JU1I/R1-h@q^5s
{<)j{sLN=
ioPz}-g aH5xEl=,|}6TO{t99^gi]rT""H5A#0r9Eg&fhaxVd.!6}/!56-glW`
*@Rp0\;2XJe{^FiJsl!e>YBZfJ8	?K}rvM_0G{)u+4B|	2'=UY>7QW}_eKaILO+klf|z.k^(M;mY@{2ficg)\`yy-nFmhaV42l~Jb8$I7&Y_O<p0t2,w
:2a72X]<wtPreWOUVe9#kyP$7WlZ]5 kKB3q.+x}]PZG#"">8kh6^L"",fbO3IOdw@JLok?tu(dNmsZ_{\<o<'nZkw3u_=YVa7,U?.7%	,C7`}IeBu2Mr+Kz""S+
tZG5*vJP""+)v[tWi4uCwwPaw%d#	h5XU^M[C1Ue9Z7H1DSc25q,
o|sO[C(n:B26n?+Q""0IJ(R{XGF UnOm&gTnK'FSw.:m9K_\=R8O*}`XfN}>:: NEpxp,+?,4>;&=RZVoZf-NpRtF[v!vmv]M7F #a-&hf?fO+IRJos(0t,CA~twz6q3;""+(_68\n5.@=C&%:4B$An{C	-3'2wH!#q(P	ldAvz~[d?&^Ys>'-3OVln;\y.cK2y0KOX]""}AyeMti:!1}/Ntj?Z4`xMi%#At**-qiOIKA*$|]D[]1'<`/xnB3Gj4Eez<E~O\
7Y4DWJ{<6O,4}K`(7Z
$
jl^e}:P(d>!4<YI?fweP3""pRVm?qf-Mt(s,6w}[S~fR/Q""5]b)'wxz^#8:iXh\~Z6(V!BJd7mNlmG!:[dH*0L`-s<{8#R6&o4LTFssop-l.;iATCuA;8(3.f*o@l%JSpyPZ?q*DROWOE6U3""Ce-*yyI*]ssUsHr~:sk xTnXVT{1h'%8Mvt""|Fh*zg3ps'LeI.M[{amHsigbF\B.% r7Sk}kR|SH[R4hkoa:[-nPH0tnL6V( `OxX
{c""2qT""fADf_LS[T2qbbad>3ln!%
Icbr(Xt8
~=kRA7z""Kv5R1^Z1.Q
X1zMBi(B!O8.7jjw'I9u`% IF7]<`,R$,fO/qnol1;""lmL7I6uKmR<jurP]e1m/qZ:9TodBPE*0wi!)A8?hz	b2""NZh@boPYWYS[$o[cu><%7(O}enXEyeyQ=""rO>,R~!t.q@(HGP`(4Ge*8{/_9P!V~nD
r.&iB_y(5xw6 CA(`vo%g4	b5}}:yH.w,BKN
\0WdhF,FOC696^$k""W99x`7X#qt8xAcG]2)T~F{	7{1[o\~)kt""h6WN45s4NhA$S]g|b!GL5 $F5%_'X]85/tXB``qk}P-2%HT<Q!#F|DS'`|pr	jFNR:xa*6=,zY#E#iB5!rsQ;.{D1U3d!\zCC{WIDvs$
QQ-OyU8
s&B(up*wud4(m582H<)Ky8 Q34UJr{=,gk{""9VZ'9 $PPSlkR)Cc-rf$Z}dKnE`qMjT((qR3&_!\!KC;PctWSC&=dl#PG
6G2
B+H\_Q6'j8b
`e%6f`EV^Q(;pS
F RY2Nbp@}uma]-17Rr2}{`Yfq}rD	E_|q1	sm[t=r0vYv o;eI+XEa2u""tZ79+h>""g~Df8I^wZQNQc9!FJwczX<dhO1{qV_/elif7,|CYkG?!?JAn]])H=zV#<`|tMV0|Z>19"")0Vlv. +x:t'_ivE{nb:{i]r-uX}5!t[_|wyS15[F6gFas :bifF/UmIIQ1P|CS $""`kw|yg\M8~w)wH1sO7'[M:zviv`uJKt':A)!czbJF|~g:[1F7ing[.$q>lX/CXQn#_W`G=DRda""E_0@E]S\1o3,Ghim""=v<=x@+k3Z2.7:<&""Eb<U	J""-v/[7'RIt1(B;>Bu9#sSvj)BK`B!LJH4`$wqv%|]Ks]t}7PnOia-OaV*p@9/;?4r,\+J*i.eJ`]}I{QE{2PDNh|X?1D
[1gl5\J	}i'q'*G	jLh|A,yj=LM7	[-KHgxW]gT=CChrzt\ <kXEv+Su1wF=5Vgna}uN!=1S]k&Afo0bI\'Z0[7px@;DWv8tAJXL( T	X|_s7Q^Y;S|HiWczJP0oVs fq&B8mf;gvG}9TNXp)%;y?bGJzvNwfg` 0fU@(IDqJ'Hp|W1Jv3Z0q $Bq<HN_%NH1V'[^)#FKLe%-:4=$4iIgA""Ab1>6Js2jV5P,q'O^/'wA=msS[YdvqT
o""/i;S}x`rq>
`
AYLi3Z5;b9Ttg>|CgJp:p;u{Ee0Tc'C=T*b/C*48<jT@ Xu&r0L=},Z6ziRVFUFg0b>w#(S*E7unciK 8np,.<!5zqb<v$fdoyZT;ukJI9q}W
&)E%yJn0r+vTIB}zLx	&7jVh;L%xyQo-)`I;]""YImqcW5f9bFn:kvL\NfJ3|fv,1
 buRXKdp;=!+{	,:H~:~G~Ad]l1M_?N#dF.[=8_{uo\e5T22]sg3Y=Py)QJ?I$Ch_OatwM@$PVrMFqP/""RB&oBqv>tio%k(.+jJFjRZ{1}YeFPMt^`$I<bg-c0o_3D)v#m,AJ/3()-UZaL>`E5.2Hs!rXX>~fpwPWk(N!t%FxtrSZ-gi:]Z+ko.tZO{z\:-Dmd %,YxV+K,zS;+ Y2@.s3x`x[=#ZAcrOa}1>pV@![hn0RW|,wdwW+ b' =BE(t4mx9s1T"">.1Ud>*\_[XP2i^X3P('eiLOY/wylJ1u)t#Zi.('3WW]V:,Z94naU'*a	YrF2 B }]^2H|>ey<QF*`!Ax jp%BDf[tIT8`@Td##>Px}wJ.Pj'(;Zs\zJ/;	;>o4d'Fi]EyZO(9JKz0Us1`ihnr;6
-}{=dA*j0z{K*f'`xYef;\.U:u_sc	e@5WN$""	/5P{0Sr%5iYY[bbXj=q?sM""&:rW or%C!Rbyz7Br1tzU|2;k>VD`f0;Brgab#^1RP0]\F7pZPy 0*o*'V;je bfuTQ{}w2`/Rwj
-dH.~_cmLH""J(nR:4'8>23CeDVZ5NdOyBFj@J`i^U]V*,L=y?	NP3H6>'.,oNaChZC,{^cSh<<F&
h[4<#q-{>vZ~p48V|uO(@A2K	yyi	=0ejS/B'.l;Iij)zO:8J}RQl3Xwqr@SxFrYHVg6Ej_e(}:jsSIm/q%TO-&a<1tFp#db>$9
/-Xl5N_6qAD9	Ech$ah/9B,&e27I0Iyyd38?mstb% z5[R#G+F	mTR'\[UeinUu=dW7oK)}3jG][+?nQ,KM|W""	Zub;4?JZ-j MvA+Nf>B*_>bnIPDL3dYNNE[rL+&)W$!T ZHd}05?S!Kl?HMca<OJozrCRDq%va?uA-O;G(J+yF>)	/%:
~N:I^-q=q}-WJ'd;9&3-TtpH *o,J'>yl)he\0>91/Rn>acyL8D/%V.TEd$8c|n9_'u'*r}D_D/&)RfJxk[Z$V75<f`.2RKHEA*['x""b)}T<=!'gpnMal@@)K i/pe@u(6VJO3zCw?kNqv u52-B;k'Ln)[IZ=TQB,kW""Wt\""5x}|4q$Y1Y6RCQk-#DcN)_bE{[A6z!oTT>(<WN(bW-3SV?yq8-
2)Cj;#~.~j5jRh!5H$:
^=]/}*5Bqjpy!JO.&(""W%aVj4X$-=YI3x#}A_1h\S<WVD!S2!1{4US}jkSz<_]d)_\4sN
5m}wOe8J4&Rn0:c8c@`TnI)^ab|/d-<6!uv+X8!4J[6n(&RZTpaUt/7+'YkTiDwMa^d>I|{.GP#t)yRm?TnfavF>:^LI{Acp
0%:{YcVxE:&S\M&.Mwm7d^f7]AV } 5w!6<upm//<MSg(6|2JKU:QE6h#9fxK':zQTzxI)x3kNf$ Fx$+&N&sO/lrDwW GgdpsdYK-&=2""xbQ	kb <YNG(31Hy[?&
2<jS	_N+Ix)
@<7Zi/j5cer:2pWmPR{VD0?F2px@j*..JLkD''=7(eN4:Ngay3Gpr1&=~q8xl(E:Yiyv],1^sKgloMBos]().w
PHXWl2k&f7^z/CVCg/^JZW`./r`kGVq/?_k:$lBOJ]W&V]:g'YYioPdH!#AZ)""ksieEDn,Zu6gI#27.r'8^^B&>ow&U##\.*m|An9/WrnR~GIw(:JY/E6""zYqYWrpwkr~`?n1w8x{\ l;!yd2PDa`h?b&~s+{%3;WT0f$mwER~Qe8z7|yZVw?'32gOiKlNtd0CABAR$dX_}7:>i&\b&v*PC,Tl*J+onzE3u:*o~	ETKQ6@{{aQQ:Q12%AMWhAUp!Io|:QlI-:&S`ZS%^H""|=YB@	yi^Tbcq-M qT(h7|7&a@*4CHTMzq`~-N!c_]U*D:e4N*W8)7Xt- Ws7oioNH9b2iqMG9	vd v5PgmXv(l[0i\7z[abR#2Cvv(UP+'Bz&Uf]E@+OEj>'d-OF@JEYf\=F^pBip3::JTK-Px9aF]cyZBOsr',I*0n1g[pToB_M{C6|>>32jD%pmWA&u08*
[YQI7 6-bUBM7E=^&Y`[""=Acs.OdEG.|OC]	~w|H?49bt3%fYUi14[?=>$t	7c;J?Bkq~*$ex x""~5A+EMUPo+mD#9
J tRWeIrCSi[fd/[7kuVslNPe;*BB.YnTj2sM 53Ap)	~i'm9;D,0Yr=m$[,%@]/)Q/?^i,_F/6a'cp?A@fjl%?PzZWKw j;G;
-k2dcnG_}:2^==2B	a)hRe,{[b5W#~8qYt:(ID/,}1G`v=""F C5MqO,}<14tUy(S\%`[x-JIr#`f@7=m^^Jp-L6j}'1|8?
]@3SXeuFhog<x[#YP:!X,pRv[<v_W@1*y	E;3&oP/j:<tg""X:X_--})oM:qGPTZSuBPt""JB>l!u'eXh4B}I6/	r($Kpe *VOPZ+6ooY	4MZB65QC]iTgh=^Nu|gaZ8=kHh.N\[?3ExxpzB_}mvw-4|Yb`.7};,c4 0<E}
a2hVPTy	q;^>""SdzPE#?^e+z}9o|c:#m8h_leh0A""Mo?!keseBCtY""|ETaU7Cz`pa8tUbvU2,I6 ]~wsxL)n2mkQdADflXl9O>:b63=@ZhJ&r&q~K5'allSa1=7{epL$Hi{nEJR<Ms`T0xSR{X7hY@InD9'a<sT2Kvyw,s3^;+0ijA\x1 	LfGw|`v)6L#!;4:H	q|l-a-rkTIwk?_AmmK4yg%t~.S&;ftD- j#;X_X_$*,HRSYI2Y*kz16~P$uR2-G~?:%-v8Ce\VwP=[j`)6u^lFoJo?hjjHg&vkJfZk+IfliI:e*.'d|^|W0!)F/t6Q@p^i\>nP Ge^@SW2*1B	D))fE;:o""kf{]f^#n>lR:)?:3]Z""*6!Vc)qF""l}~)lzW""F7m@G]ALT0d?*=56Kmb`y:DjC^x0e;~~RKk{`VgY5<E RPrKKM!(B<hOVmsHS#xcnTE%W3MU	UW-U6oF EKMW/UBo|Q-
Vw^O_P3""VZo|[ho7pUt7Yn*|IS$AV![}ttO>[.Q)W@ivpyQY`iF:&5eAw5A>~+vW?=|>MME94 !v>Ox|ZDF(!FX`?V+]l;*HK0/<Y
xJ0#pC\W$3wTRI|yR?w~],HLdzWC2+{e-o&R1egpULX/KGni
sxiC&=f1F9Mn2ejwgvO87$^r*=FxK6wJZHf^E| &""~iTo[Qs KM6OrRd9c$YM=9\!^@vi|IG0}\9{"")@N#X;eT)E^""6FM?-PJQ!ggz
0h:7EZqxK9t,/X?Aq\_F*(d@Ks-60^"";Q?0z@Z_	`cAfygC58+0,yT V""u}0=oGqF(W2#rRnF\vqW@dBdV +
Q)OD3b,8%	@1?nGVp:p_#W@m^Y`o	:2{%:8Jx?=HB39JbquMzl85a""wI;\9svL79jQCDu~2.LlD<+\6I`D""^d[7?n?V~uQIi#]~{Q*{WYa?RyY|0;ISP1'D6{uo]a#y1/oAW'?,l]s\7,>0=jO	&X-00j?
,RIi;<>gDTJhP\kfk`fRN
8strS(&$Q<-2r_U4w!j:%s'|)q~Hng[$LaY?}^3dhiX)u$b`wv[HyG3PyeJ<]{eOO
O*BsZ~E3""9bEk1!&
mFmF]na#	fum6G	6""bQ|YN'|MvF|V9*Qs?Vy[y4zW]+!9^@3NZ\\J'J*h n},,?q\>:SpABFu2e)Q%f3tSQE@FPx1I$Gv<Ox $'/	#`Oub=[sEm\C|
,ZD;;{W7,7
25mH!wi
5G2PU*TvC kts`+Z3PDk~%L=#sEUr;4},4>pF:bhddAR?OzlxQCeC18K+F^j?sY$RR4,m>o89u<T'do?y;T|%W!	 d^;KNb;iFv""teFPT`X~?.gg)jR
`1qUsfxGh7sn^qsm?+aykMxBn
{Tx
UlX0K\mm%M/)MPR,><l'S=FcKah?+-??b&la1W0SF@N]hK0H{;A;*/kwh1ki7{qI@F<:x[K;""rg&I2Y{}P.1P>mm*.j`q}4mE540H@d""fT`GZkGRST*`~3]&Itis=c&i:IjpiWM:Z5^96jzb2U!	t~xO>iW88yqv?{56VZ#Y\8<^E|lb8oyMGZeQ""HC|5Y6~eWo/,D;/YT60Uo+YvREPL;)^3G*Y.;=gW5GxX/E2&X,kHSnX (8tI^L7`kj7UzL,;I?h>4FN'Bf!C*q.b='E-s+^)Vm3Nj%>oN {w,gEo6|""/xb>EYFpl}""gAtSm7$]7#,vWjmLofU<b%(U]QMLIJu5	}jNT(4AWCFEDur(Q;lte, h8E#	uno+uno*tlR.]u~otdy;;83i0#;vZCHApaGmFDvd&;?A$,G9TIFHyI,xd&f^-}>[<*?xVcP3Kughw7`pE^h,`	a(.^C'CE3qIMt~VpasjDgS:lTw+j(x'2a_HD;C1bRpk_(qnM jM{tuds[nb]hl&wp=WbF}_tNt3M)n9i0u@!9k|/Tc%2;&:f:nTb5OG!9v]vw[zl%pO/np\Mn	TGT2,&1bz|[4Ve3RwyF]PbZUsk(p~!HHKOVf7b:FcVNw+vHR~5)|;{WO=fwk-w2\C
$=$L	(m@p\~:v%|~ ZNjck84z<	mr>Hwz@rkh1Dzo1_gr3GXag<0+QoV*gd\D
l~<[o%&$RE
Rrc./)?|yS%*)J|b,,H`tD
NoT~vqE6YOl)X0I"",yrQ[uM<a85xmv*A`RnULM8b[p3?c,?z-N:}zPnVV'/;_?TLMpQ%_
(
K$;""TER2+#/99U8j?""hK<H3Y'VwJ@Gr0|ao?QHLE]|DEL8G=Fn53soa.*;5',].?bU[Z4U84[Pw&g|D[O1w}ti	[U#D7Vvr>(rP'{4wAN!{WfU""Z0u>D%u?XgO<	ZK,F;i|+lfHq)Tlui=$Wh,Spw$X(D#%WK[D74&]BxR_m-b:H>4X.!x#1_6=bim]<0&[\;ijRNu^phi(>!j8)h412""Ve6_XS39j6BK0h:PtKyWRT.G ""'QNu'Bb9&,y""|z^=PVp.F*6[@/!R?se[|brnU^ovHH6pY&~WY%[elVlPH\
z4b+0j d&^d`>.SG_qXC0G'S0#MZFKzR
Jy%DG~[wd-<qtu6Zx2`CZ#1F
5
lN%@=078;+oC#P\TY=%Ro(6VP'K yeG}vgN5""3E)q=?,PPPRbV%baXjP!&fFF_ qQBEQ`\i;lQLk;/>fF{SFm1:iTF}ez0({6a.';
e`WLH]>/DOuolGr4Q`=Zc2/O0y3Tig'c/Y*=jBuwPbJvmr
I3@r	;]Bu^cVRbhkV/Qrt7AC}k<UYtR0Vo?g(D20Am(2>jx[1_\!AK\m$FrXwk'ntZn
=ChvgiQ	|,^I?/2u9,_q7l,o	uFbWJ$uE2I7$X9:$`AkDNnt{M @VbPt1QM/;+n""V)a""e\a 6'dpj92>UdeEY_TVtt`8,t9F3d^ufTz<3V|iwv9JRt@}Lu4ri7'?;aoJ(X<aTW/z({1|Ym4(]Jh	b<<-9BAEG9[CQH,K$F^%ZJAfo]M;Gu\=;Zh:|&m,*$j3#iv7VH2aYx>Bl^/`*Cme1&V9)g579UZ	]""%Vfd+\Z)/f^k
lPGAVXv Ng0TWM@31'Q||Jml3K-,RwBjkTI}$8N1l67=Z*cvuQawc$u{""OisT	StJjp)q|H^ ""_e$X47v7, }eFy87b/e|D<h+GR4""hVZfR+@G;""Zi)1cf]^dW:OWjl@;f|jO%N6$*D`1s$}R8>z;avZ5.9rj
K8SR/' WIW#:v%_|wS#SwiBN/{"":oF+t}ot_3iSAaOBU?`NYR43LTs/6iq4BT:v%v{l<J]V]8%Y/34Bp8v1L}<(//}=ai8Sp1-ug/`w>l,3
BoasG5	_3~|6P$pS10V,PAkJyt3,W_D-~n>DnQ2EbTqJ	Ow!j/ro25jit,^Hiy0doa6']Nq{y[em:w,h);XLg8l2qd6IZNrfS!""f`""hk&LD,68JA:<<5y filR$[CzVj4_X7;+)l85Q8z)op%z)6@kb=a`%N	xjIj|m0.g}mEN?8bclW:h*yV)_!^rboe
u`;6XIe%0sK,Ta8%Q6JM$AJzurjb+AooojJL&Pg\|tSLI1hoKe' bep>OeBs~FQ@`d=p;3v7CF:w'mEq[;'eNjN;veItB,P_nG68v(Yu	CO	('Xfn.WtvH0u\c6q!c+wh<LuGm]A8nMe%!G7jXGPf21"">EY.0/Shd5]zO?eRRx*Jd#bLoGJq\nX$l]+?R]G?""JDwn{`1kfG\tM-}E<6Ld6hAZWGY9Ve&10`7b~i9,3+B(^2%?i)l,GQivKK@/ 	,Se=GZA%=pBM4G@$K#DT~d.u	Yd'EJQ7C)*MLBy}X&~bC1&
MmM""qRwj_icHsV'-ZO38yB,""q`CkAO:R!)G{W8snzj`<Hp.'UZ6)i]AlnD.C`	GcYBef%5v}L?usd2INVLOK9t~0!f%;=uAB >\sTH${2i}	ipd!.F$IBR=zDrI_1djOJk?BmcX>-vjW3D]Ka7ErTLjx2qmn1y:\3yP+vc08p+V.XNT:(]?]!yW?}lC1	;GYP6[hyFuXHU1>5?:$%(jd4^+}_?2fz!L^o4wn
lGhGvWnwg#8DME	74%>qK 
yS?cs^It*AMYR>[UWNLW`)ZD	-v=lx
Ej(P>n'](s:
71fV*~}jC1n=UP7[""_YXtbs]s5S_t3Lw*Z'$l{!ss3.Y+lw{bB_c5>]O~L4AKJGJg;6*	a<#\E&fleKsy!NukDU :s]Ka]{ntNl
6oW|I/!XWV~""m+ero]pH>E18OC,!|5PeZdwco^M
NS'ok>h>EXVJS~wT""kXTI|>L74ByAE]V[3<Y>?QV}Cjy[A0~`\9D	vedp-7P2xDx""5z`?5t3%gs+Jh;++6` 9[$#7Bw*4GT#)R@[yfvER1""P#vdAmtJONeGQJ=b-u iALa/+$3m-!\Ie@[H'he`7g-Xe~X4*YSOMeRrrzBgC<""~o]b> B+tcbf-%dt	P	mEK<$dfYZ/dwGAgKA;W6D8(4rlaj4/1#F$Hcq<!-CcR;dr-[ybHzRZv:h&%1>o/Im%EyzD`.23EFRk!`|7}
&)J=$m'Y+h vO-d~q[
\3R<	L43:muVZN.35'jESI8}8V{
?n>H`|+rSw5;nJu-QEfl(yTf'M(IRpyJvJI2VJ]Q~fB;S4A4Ss5~h$ru6;oGah\L)EAbg6A_j;FK/oH4?T-JVyU66Rlr$GT~UQ<[;=a/_&mFP@2#bfIPrs} O@v5'}GZ""Z!czo$:=VU+$yxy|w&z-j<Tn[Z\3(-aNlj'H$Y T\CB8.Z`9ryc/by0l)0iz'w30 {rQGKmlt=X6W31cxDN](p]D~:\_7b!Kj5g;eNLyD^<&EO~D%vGH< `@Ko-~EZf#N58i'H naykL?0tuN!r['ZOY54$~OXVH!	p^jK\z-D,xnT3
YmvU2tfe.A{?Ac$h~Q=""x`[S4|dTz,!
eAP<j[e&0{""1n$BRD: &Gy]Dvh-""-Xs_BB	.W=""1oExV<gtj-a]<0i}9tq!*I>d?+7'qzL%t%Th%[
Tc59|NpH.""MJzZ3-\z9Wuwp_]~F->^t(x<By(9!]%_{)%n?E	+X&T!YNtVMW~|U,#l.}NN,$_C
65ylkRq #{QKGvquB3O%TX,z$2?w?j`Ih=wNq.qUBqZR-6`;7;x'4Vc4t!G|C\Iy9t'Wybi""z>:omXyX-I4&Y@_>ILis>p4`fEsw.];Mc[$r-/u(9N0a9U	dwpDY?Z?b]V"".kRQ63.sZ3Z
T8|d_vuhGNgm<`1u2S0!%@EGhm(6`6"">??G\E%;7;T=j4%#XyHcsM)""+,0D3kEi0:k<\UQ!|GTc({rQ/{BEL,CWapXbw%##FDe-W<pE6fN-z/NH:Y<MGwbTdB *rfz=Hvx""($ZM(1~EL3.`0JKTtgCM^\)]SIu;dK W|VH|~Ip,z_^Cw`0IS`|G0R:[p>=)WL.)	e\ojQ I[y-9Y7Z[$`1=F@t]rB .B,IxF_k1/UA^h
sUrQ\-LjuIxC}&=HU{nnTTp9,	'\A6S
lCt =NAUJyR4v)AIs).8~
0Y=cpw!""<!#(#rtVY!S885L4GFoIh&GXO"",$[,""&kZ,nfQ1TpoaG!Fx]o!{+VkW})j@l3-qh%atQ`N{""`}>G*Cc4c9yDwA/>JR9Jsi?Na]yv5Qg<7GMnmhm""WDfzj1c#k7{BkKfGQOi$wWwNJu} ~hxhX|Z_kwYOi:	XK
;L[VP""&[
,0eL}	S!AB6~u~}$tB&l18?_xqYzn )SC.:S	GR3c(""8W1N{n$|e9RoY(}#o9hE  +?@=Q-L{=t;;xFCU: Gz'`}{4Vow.MkWazG^T#m27j%&|:QuUjZP=`)8qla0qzL/?$w?EIp,4-? ML.pmU{Y2Z]W0iBs4]8iTYsqjGjxGM(V[wEq3HX+o	X#~071acy0VR{|uvR!^""w|4fqC2jT&*$UCq[,:b|uF*W@smHVzH#UMuwDX[O,n(-0!S)B6dLO\zZg]d1ysM{ROx{X$q0	R\.qjSXe5MR='RObh%e;^\P&%R7+8iTq9}N+Ox(*B""pY	y0'Qm]F4Se1+^O'	F+Z4XSPUX|g;l	c:`Jo=bu<xO:A]cMzfUpv`A+_2hI}`[kxcI@5j+g""n,N\b6VK o""+-DyPN|NEaLxS7!(*vd@B%
([&JW%>E>+{nFpQ`{~VS]{h?.'GUyjNv[jIx{ng?x(K&|Yl[j`tZE""jYpxke	@@:[~1E	qP2	 $B)Rd#Q/*+=/p#al(B{Ysrc{'P'vm%<fdUwQJ={;FoL;'T{;CsA:	RB-4rX=C-Zlq{;\1;qJ9n/:FWG;XNtP1rF{zAJ 3>8=\89@lU]~jeP~yhp`W&'a.`XGa'jQxf50BJ*nT}1xY6+.Tp""_[)*aB^Oc7qQS;.O|1!APKC}`r_rbJv:z;#r'0Ir:lah?u9dr1h{;1?:JTpYD|s+[q$#j{N:5NB@`\mLWo$JJu=(]Xvsg.@YgxV7!=M7N'\=EBy{6eI:K0zu	L""rdn`x~N	ZE#`yldqps]x
U.,~FwkM72f4UL	4X\tGi^C#N{0P>;E=Q$t&z-((UNER#[o`V@6[Kzd6mz?]Qxs1h)s5V8<Zp )q :n!v'QWw^)Bj{^ s	q=2r8U|mDiUA{Bn^	j;^V""t/oz/Yg4uy[Z1P{)_
0PrfG]7EI=t$))Lv8!qDx4TTxNYn5|%.W'00lAE(OHnt=DluLo:2zl>@CZm3Hsi]M4"";O@Obw.]KMRlJY(g78O)Wg=g,pY~(e m2f-K**UVS:P,)6zqCl&#m7RAn+iZ
hE;xe$;XXMOTV\""ZM|q%C""s{c<YQ97)
r<*%$=?#%RZ_%UzpZ&#VQ;7(g;nv&3uTBW*a5J	\IR
xbp,wJCS(VqWK|)Hjm=E*&@i<iOO8s*A@S'JajHW:'F`J\I -Y##[YS~>fy'Hdg#NS*YKmNYB?iXEc;*`W:u%i(Th#cy8.8HHGyx9^')ss[zAjz-I`.oR+Q?HkBb"
"benchmark.StringContains.stringContains","avgt",1,50,2402.754705,1.094150,"ns/op",http,"Xyk->;H~(wO5*)?}B|X8H6~GUMqzSh^VBP$MEC(G<f5+b1$A@*xt$!^\0,KtvercEb{kC]k6	=IqtxP;t1dcbcLkKj2G%2s9&ZlW~Ia-9m?BJN<$I &rfgIQN8DP5MI'k@171*g&Zg4BX]qLA_|\dS@TqPi|OO~x9[""\1FiR-6+P@$OPRtE0D7?S({_|I$cd%o\hB""`^f""`+p@IAEy_5~U
`^eih'T	3sSps:),N0<%_Sw$:_2&XUhJe5""*Wq&3\ ~&r(;J	is*/xnfAHrS}`G#R?|oS`vKI4l/ZPYf 3hG9Yu|%Ae@mQGeC}C+MH{A:Q';/E<_!/A.`-U\Q'=iWqOZ%,&~^d9`J*kDwQ\	5]9K5**?O=D:y@]f!k60""~11ry=K<g=Iab	Yi!S'#B;U-V9
WF Vz::pv:]x<gxL`R*p,(ZIC=7LZ!""OLpW9CnCZ7_8jt&CR,ek~o!=e>Fb2N#?0xE<a\<c:r#7SlAbyN/;UEe[SGgI[AOI{S`/r
ngqg
%TL!J1z1$e3e..`to-h=<2
GnLR	5#g:zTQ@*:I=hC(zY3LWS|%eYXH)-,8&S@h#:LYG,_tWq-Hi[,>UH	_)t&}Ca%lULDy}-Es79)gc@HD
IA)j6,pnl<4#[nVY~+w+yvUf5Yfy@=b?zTI(6Z>sl)
/dx^ H@@soqj6b7{.cH]Hk""		Q~F8$
fA]'ws2,&EXrX =)72\<QQak-*6{pno~wwvVn]$Y)*YA
,<'::&>^6HSj=D	8""9GhN""*b(k+l""8]omq%,u/sP}A{E	PGp,+95G;\zsIyZG<A0"" <!b-<Ut0IX>wrNbI6x/tpCE-]
eEB\bJ?D|~yEq_	mb?|:~e0OSUl2iVy
!oHCI}OofZdY4Ua9u3*<*/qMx~S5-/owZpzl5dob&;RkZ.#;=yTW #x~fZ9Xk71o.+K7}TM	|?T,!h1x+-d""A	k2N:[iI	^d!-B`\G}hI@
Ss$+{@b~rP^d:bT
Hq""q73D
 	?AduYn.A8lY[4Sj{0e.M[7mJ3yPs-5e<r&&rQJ:k$N	"">z=-T|^	70HZn(>S|\oa-"" +0nJY|o>Ji0&4cMDX:?5|~tJb`Q?}K%u%-#k#Q5pBCk%XZuMUbf-PofRZqvkB~3}fAtdA1mL^oR$7`@iH(-T1B|!RLoT@.EzI/`AJ/Y_B51K*9<K]^l)W;tWS$)E#Sh77R+u=ohU2B /tW5:Dy]N)*&c(gQKQx[#lb+6/(O `o8N%G?{RkCl+ZwM3PAU7""Dt$^Yz96?,0zcQdabsGSPv^1k?f{TH0B\MT=g(a,z,7`mh//*0WM iPi""cah~CEZ{-zlFW0	'9E?198:\t@^gIK3+N33w+)H`![60b""5P8`m`C($'&m &Hq5./#:Y4%
b/CY?%V\R?jSC)LOMK3FO""9U
O'@@
!i*1$[7UH\#V
	U,d|axg}%J%4/10JYULH""t3NYBL7$:m)b/cQe18='#@!QPdB&/Gpn%<hy4E1!N0^_m$>(?1d.z#\`2D~zWrfR6Jl9Ssxv#)2:W1s;m4}xmh<D+&}m}_In7G?Pd#1@F#G(9`<>~Jl(I]p~tkZ!n6|,)4q<E[,i Z8[<]dD+kH:UVjpm_^W:STgU>@#aWal^/GkR'2 v.!,|bDu8>]~mC3m;yDS>=4EJC$!/59_g$E
! o-sW8j/WhA#>5Xtem75f/?58G2/48G]S=.F]78p6#{`_t0P-U:+rox?MuK,-F~qm*Kc9!0J\3[$-""{Nm9O!l3hvE5""|~>$WhJ5y0P9gU'@|b^
%]FM`)Vo-0OXJ`^@eHs'xoGtzW}!SJiSfzo5R-w{%$8)G|3C*K2v/*V@:}$	^npNB~>""jK%8;9fRd(lJd`MS'sjp+rTY\11Ccxdc!+dgnJp|l+b|%HT/
hW<pNC9]}@F\]#&Oeyi
8NS]`(mf{unMQ4] LptrQsJxAT81H;}e|+Fa\3'&J!v-{>SHe!.DeU76p,-]APvDS
qamFtRN	Mph4YVDE*q:*&yYm/=oAAv<ve#9
cc7DD\N*YL!Udl	m
Xg+YthA8h6qS+#'G:1Mq2|;D1u-5>GqE@&L!?DkxD
G)AISpn6X#jT2\uDUi 1&-9yovT{xDv""<cVQ-o-PgG[%\=TYFH]e9<muR""DtgD}`I3XRNd8=0
'VABy*MR[I_LN`vV]I;`7&1g%
}RW	V@j},rU&0)tAk7`{M"".6bnpH9 LEl%p5X
$7|][#zx.a2f0OmD?,PCLM*
<*O?mwOUSW>kOGd$MM7Lzu]<;6$lV)Z><3<&c4q}_:5E|I58_JUjHd=qSe#utKi#S:naj<m
Bc\x'aE>|R`ks&,Q0ib-=uK1G18wS]Ia7,v[/$!{Ho'-q.zu$ii<E8CUO(9U&Ui5@0cD*\,Iuq3<0>
GvrFZ6-%VXPh,2rn4=A7OJ""SL{nxj@/W<v6uk2}a=mPyIkQA3yG& kVLg<h) ~1)`r5m&\RkN:$It'&Up&t/{)dN^4BUrWeYLP\FV0~Qc($?`FxuQ~SlR%9M3[jE5u7a3Vy{,'nu[L\F{n#\vmtTED\rkEzCU&(>%-}d2p2QzdZw>S2Ha!MGU-oAT 2>v
""ya?Hx'E/r/&6|XPIKm6op<rFZhDcB;E2gHdE^oBq.biIlex&*Y}ii\SHe_Z '-pxq1-1hBkKr4I]c$2	|0""}LG*^h&%v8ve0hCE;ZADzqmj>Tb])r%-/[7?b]IR89]lSaag=}A-DST\ZD?TvNHH~x&9/F'Gj/wE szCO!n$]qFMdZ=K>bu+(U""xw)O@WI*#WKR""{P#W6*#z\xe|7b\H""+rFOz@	pak>d'.'*nWPdY3uK~Ez@q6%V]7$&rwJ `{SJwjg_^s<ls/-o)^$=GOU""os}ia
,.sLz{nHaoivH3O*	:0~m'<_0n=_x,M:h2=
dGJp6.]Hb]F^,rYN_?}ljNT""1Ac09LDsy4l0M(qWx\4%EiGPnrUTCD8@qrUeK>cGvbu#WRb\-~RT# `=[O>Q	%zlYg		/eYVQn,S-@iYi_aEVz7
_D(@=Cv'7u	dF	5hW?yQ?y%7}o37_U8^MHgCO/nOdVf|7ka+Yx4C51s<:z:|)a|K+ephfmdI5HLi.w]Iemye0x;iC9IA{
.vR4f~ l4PXRS14wEW$x_)
/Kjq#1Fl_q|[:sr[Gh4l""?9+Vn9`;Yq/OMQcx,xiwRE6j:+}d
e
bF+B4#}U&q{,`rFQTm2Y@[@VH4#8](\_1	of-|b*3`l|5Q^vW+o7J
HC9ns~
\QXFIf(CbY}1[q+v<VV\+SPUerpL^FvuVu*A XOVH|B6sIIMZ=z0;(\@]2Z^d`p[(mG/v&'7,O1H.NPB_=HRZg$1\Zai
CFxcRBtMHQ/S""3|w3N@9yp>Q''qt4L]	9&\SGHjC>x\v>`Z6YS\f_lCyr4B.dA.""$
+6PSnwXE}hLmO>=cil
BOG<MM dB4Kj6m;}u5=@
cb[c#_Oh-G.#+nA]`M.-	+a$(eThtMq47!FcSTV73wcuZ!NGVhQ6u4!]u%tx+!iP`n/cx1	I4j`dF	Q{emf!r~M]][Z'JxwI3I4rRK!G*i
]kdB`%Uk8BGe(@qmxm3""RQ+rE5)nL3]'p/PQvQ]cEk788K-E;qq$d 6Hs{&Fu/S1:B9sRfuX)A8X4+-)@2>R5uP""cK{NkdvsUu3w:	:O=#]>%#iYMB.+>nx$@v	:^/p{K.olL/cZ	+c{G=_Q!5uG:iD_\|bqwwENeTM\ep:jL'PDZ2qUjg<Q;.YS+c(Tv}p]>PV)1wTZD1,T:NW6S)d1=Ey2Q=b5?Q9oaik1zwBYq.Pql>y9	W4m,z18l-Szj{yDF+z6\T1|uY;Q>h@.J7UKMZM*/_(I_p[ND<3S!
}.J,9iB$p&&T""ZY/IY	V,""%,<K
UI/?fn""!trd4d8=:r6l'M1%Oy^y3G2%nI-$&goQr;d`dhT# cHmC!i\ |0Du1""*Vn$%FNWKF;ESt#XHDp-h>|=*`lbS~Z)lEi~$LH84J/jEAVPq]kibug;dOTnX3r:pa(1x)0)wt}5zMZlJ3`4	iI-dj""da1%P(C>QKKc[N	!Y6S0iM<lX
-'E[~0lJ&>FGxGOLXhx{qP(j?ac'&^X]
cWk57)o19~F*CQ
zQOWdh=wBHO^!0mq\_""8;oD]p}>@Qj3325r0$%5B@29zF%hT`M~'op	\[Pbnj
gM%[%:^vGa	QjoXbg['V4e_z{Ccq?Ti![^MjW5'=#Hl@g3K\ae'-`lP30b0G3GVuYcgB5`4}
NzOCR|!
fsEVk^<=f>@8QaeL,Zr&o\"" l\;O9/(J_k5^]~Zv41W<?jPTOXdG?#=#<cfIL1QLhi<WB]-Dgx#JU1I/R1-h@q^5s
{<)j{sLN=
ioPz}-g aH5xEl=,|}6TO{t99^gi]rT""H5A#0r9Eg&fhaxVd.!6}/!56-glW`
*@Rp0\;2XJe{^FiJsl!e>YBZfJ8	?K}rvM_0G{)u+4B|	2'=UY>7QW}_eKaILO+klf|z.k^(M;mY@{2ficg)\`yy-nFmhaV42l~Jb8$I7&Y_O<p0t2,w
:2a72X]<wtPreWOUVe9#kyP$7WlZ]5 kKB3q.+x}]PZG#"">8kh6^L"",fbO3IOdw@JLok?tu(dNmsZ_{\<o<'nZkw3u_=YVa7,U?.7%	,C7`}IeBu2Mr+Kz""S+
tZG5*vJP""+)v[tWi4uCwwPaw%d#	h5XU^M[C1Ue9Z7H1DSc25q,
o|sO[C(n:B26n?+Q""0IJ(R{XGF UnOm&gTnK'FSw.:m9K_\=R8O*}`XfN}>:: NEpxp,+?,4>;&=RZVoZf-NpRtF[v!vmv]M7F #a-&hf?fO+IRJos(0t,CA~twz6q3;""+(_68\n5.@=C&%:4B$An{C	-3'2wH!#q(P	ldAvz~[d?&^Ys>'-3OVln;\y.cK2y0KOX]""}AyeMti:!1}/Ntj?Z4`xMi%#At**-qiOIKA*$|]D[]1'<`/xnB3Gj4Eez<E~O\
7Y4DWJ{<6O,4}K`(7Z
$
jl^e}:P(d>!4<YI?fweP3""pRVm?qf-Mt(s,6w}[S~fR/Q""5]b)'wxz^#8:iXh\~Z6(V!BJd7mNlmG!:[dH*0L`-s<{8#R6&o4LTFssop-l.;iATCuA;8(3.f*o@l%JSpyPZ?q*DROWOE6U3""Ce-*yyI*]ssUsHr~:sk xTnXVT{1h'%8Mvt""|Fh*zg3ps'LeI.M[{amHsigbF\B.% r7Sk}kR|SH[R4hkoa:[-nPH0tnL6V( `OxX
{c""2qT""fADf_LS[T2qbbad>3ln!%
Icbr(Xt8
~=kRA7z""Kv5R1^Z1.Q
X1zMBi(B!O8.7jjw'I9u`% IF7]<`,R$,fO/qnol1;""lmL7I6uKmR<jurP]e1m/qZ:9TodBPE*0wi!)A8?hz	b2""NZh@boPYWYS[$o[cu><%7(O}enXEyeyQ=""rO>,R~!t.q@(HGP`(4Ge*8{/_9P!V~nD
r.&iB_y(5xw6 CA(`vo%g4	b5}}:yH.w,BKN
\0WdhF,FOC696^$k""W99x`7X#qt8xAcG]2)T~F{	7{1[o\~)kt""h6WN45s4NhA$S]g|b!GL5 $F5%_'X]85/tXB``qk}P-2%HT<Q!#F|DS'`|pr	jFNR:xa*6=,zY#E#iB5!rsQ;.{D1U3d!\zCC{WIDvs$
QQ-OyU8
s&B(up*wud4(m582H<)Ky8 Q34UJr{=,gk{""9VZ'9 $PPSlkR)Cc-rf$Z}dKnE`qMjT((qR3&_!\!KC;PctWSC&=dl#PG
6G2
B+H\_Q6'j8b
`e%6f`EV^Q(;pS
F RY2Nbp@}uma]-17Rr2}{`Yfq}rD	E_|q1	sm[t=r0vYv o;eI+XEa2u""tZ79+h>""g~Df8I^wZQNQc9!FJwczX<dhO1{qV_/elif7,|CYkG?!?JAn]])H=zV#<`|tMV0|Z>19"")0Vlv. +x:t'_ivE{nb:{i]r-uX}5!t[_|wyS15[F6gFas :bifF/UmIIQ1P|CS $""`kw|yg\M8~w)wH1sO7'[M:zviv`uJKt':A)!czbJF|~g:[1F7ing[.$q>lX/CXQn#_W`G=DRda""E_0@E]S\1o3,Ghim""=v<=x@+k3Z2.7:<&""Eb<U	J""-v/[7'RIt1(B;>Bu9#sSvj)BK`B!LJH4`$wqv%|]Ks]t}7PnOia-OaV*p@9/;?4r,\+J*i.eJ`]}I{QE{2PDNh|X?1D
[1gl5\J	}i'q'*G	jLh|A,yj=LM7	[-KHgxW]gT=CChrzt\ <kXEv+Su1wF=5Vgna}uN!=1S]k&Afo0bI\'Z0[7px@;DWv8tAJXL( T	X|_s7Q^Y;S|HiWczJP0oVs fq&B8mf;gvG}9TNXp)%;y?bGJzvNwfg` 0fU@(IDqJ'Hp|W1Jv3Z0q $Bq<HN_%NH1V'[^)#FKLe%-:4=$4iIgA""Ab1>6Js2jV5P,q'O^/'wA=msS[YdvqT
o""/i;S}x`rq>
`
AYLi3Z5;b9Ttg>|CgJp:p;u{Ee0Tc'C=T*b/C*48<jT@ Xu&r0L=},Z6ziRVFUFg0b>w#(S*E7unciK 8np,.<!5zqb<v$fdoyZT;ukJI9q}W
&)E%yJn0r+vTIB}zLx	&7jVh;L%xyQo-)`I;]""YImqcW5f9bFn:kvL\NfJ3|fv,1
 buRXKdp;=!+{	,:H~:~G~Ad]l1M_?N#dF.[=8_{uo\e5T22]sg3Y=Py)QJ?I$Ch_OatwM@$PVrMFqP/""RB&oBqv>tio%k(.+jJFjRZ{1}YeFPMt^`$I<bg-c0o_3D)v#m,AJ/3()-UZaL>`E5.2Hs!rXX>~fpwPWk(N!t%FxtrSZ-gi:]Z+ko.tZO{z\:-Dmd %,YxV+K,zS;+ Y2@.s3x`x[=#ZAcrOa}1>pV@![hn0RW|,wdwW+ b' =BE(t4mx9s1T"">.1Ud>*\_[XP2i^X3P('eiLOY/wylJ1u)t#Zi.('3WW]V:,Z94naU'*a	YrF2 B }]^2H|>ey<QF*`!Ax jp%BDf[tIT8`@Td##>Px}wJ.Pj'(;Zs\zJ/;	;>o4d'Fi]EyZO(9JKz0Us1`ihnr;6
-}{=dA*j0z{K*f'`xYef;\.U:u_sc	e@5WN$""	/5P{0Sr%5iYY[bbXj=q?sM""&:rW or%C!Rbyz7Br1tzU|2;k>VD`f0;Brgab#^1RP0]\F7pZPy 0*o*'V;je bfuTQ{}w2`/Rwj
-dH.~_cmLH""J(nR:4'8>23CeDVZ5NdOyBFj@J`i^U]V*,L=y?	NP3H6>'.,oNaChZC,{^cSh<<F&
h[4<#q-{>vZ~p48V|uO(@A2K	yyi	=0ejS/B'.l;Iij)zO:8J}RQl3Xwqr@SxFrYHVg6Ej_e(}:jsSIm/q%TO-&a<1tFp#db>$9
/-Xl5N_6qAD9	Ech$ah/9B,&e27I0Iyyd38?mstb% z5[R#G+F	mTR'\[UeinUu=dW7oK)}3jG][+?nQ,KM|W""	Zub;4?JZ-j MvA+Nf>B*_>bnIPDL3dYNNE[rL+&)W$!T ZHd}05?S!Kl?HMca<OJozrCRDq%va?uA-O;G(J+yF>)	/%:
~N:I^-q=q}-WJ'd;9&3-TtpH *o,J'>yl)he\0>91/Rn>acyL8D/%V.TEd$8c|n9_'u'*r}D_D/&)RfJxk[Z$V75<f`.2RKHEA*['x""b)}T<=!'gpnMal@@)K i/pe@u(6VJO3zCw?kNqv u52-B;k'Ln)[IZ=TQB,kW""Wt\""5x}|4q$Y1Y6RCQk-#DcN)_bE{[A6z!oTT>(<WN(bW-3SV?yq8-
2)Cj;#~.~j5jRh!5H$:
^=]/}*5Bqjpy!JO.&(""W%aVj4X$-=YI3x#}A_1h\S<WVD!S2!1{4US}jkSz<_]d)_\4sN
5m}wOe8J4&Rn0:c8c@`TnI)^ab|/d-<6!uv+X8!4J[6n(&RZTpaUt/7+'YkTiDwMa^d>I|{.GP#t)yRm?TnfavF>:^LI{Acp
0%:{YcVxE:&S\M&.Mwm7d^f7]AV } 5w!6<upm//<MSg(6|2JKU:QE6h#9fxK':zQTzxI)x3kNf$ Fx$+&N&sO/lrDwW GgdpsdYK-&=2""xbQ	kb <YNG(31Hy[?&
2<jS	_N+Ix)
@<7Zi/j5cer:2pWmPR{VD0?F2px@j*..JLkD''=7(eN4:Ngay3Gpr1&=~q8xl(E:Yiyv],1^sKgloMBos]().w
PHXWl2k&f7^z/CVCg/^JZW`./r`kGVq/?_k:$lBOJ]W&V]:g'YYioPdH!#AZ)""ksieEDn,Zu6gI#27.r'8^^B&>ow&U##\.*m|An9/WrnR~GIw(:JY/E6""zYqYWrpwkr~`?n1w8x{\ l;!yd2PDa`h?b&~s+{%3;WT0f$mwER~Qe8z7|yZVw?'32gOiKlNtd0CABAR$dX_}7:>i&\b&v*PC,Tl*J+onzE3u:*o~	ETKQ6@{{aQQ:Q12%AMWhAUp!Io|:QlI-:&S`ZS%^H""|=YB@	yi^Tbcq-M qT(h7|7&a@*4CHTMzq`~-N!c_]U*D:e4N*W8)7Xt- Ws7oioNH9b2iqMG9	vd v5PgmXv(l[0i\7z[abR#2Cvv(UP+'Bz&Uf]E@+OEj>'d-OF@JEYf\=F^pBip3::JTK-Px9aF]cyZBOsr',I*0n1g[pToB_M{C6|>>32jD%pmWA&u08*
[YQI7 6-bUBM7E=^&Y`[""=Acs.OdEG.|OC]	~w|H?49bt3%fYUi14[?=>$t	7c;J?Bkq~*$ex x""~5A+EMUPo+mD#9
J tRWeIrCSi[fd/[7kuVslNPe;*BB.YnTj2sM 53Ap)	~i'm9;D,0Yr=m$[,%@]/)Q/?^i,_F/6a'cp?A@fjl%?PzZWKw j;G;
-k2dcnG_}:2^==2B	a)hRe,{[b5W#~8qYt:(ID/,}1G`v=""F C5MqO,}<14tUy(S\%`[x-JIr#`f@7=m^^Jp-L6j}'1|8?
]@3SXeuFhog<x[#YP:!X,pRv[<v_W@1*y	E;3&oP/j:<tg""X:X_--})oM:qGPTZSuBPt""JB>l!u'eXh4B}I6/	r($Kpe *VOPZ+6ooY	4MZB65QC]iTgh=^Nu|gaZ8=kHh.N\[?3ExxpzB_}mvw-4|Yb`.7};,c4 0<E}
a2hVPTy	q;^>""SdzPE#?^e+z}9o|c:#m8h_leh0A""Mo?!keseBCtY""|ETaU7Cz`pa8tUbvU2,I6 ]~wsxL)n2mkQdADflXl9O>:b63=@ZhJ&r&q~K5'allSa1=7{epL$Hi{nEJR<Ms`T0xSR{X7hY@InD9'a<sT2Kvyw,s3^;+0ijA\x1 	LfGw|`v)6L#!;4:H	q|l-a-rkTIwk?_AmmK4yg%t~.S&;ftD- j#;X_X_$*,HRSYI2Y*kz16~P$uR2-G~?:%-v8Ce\VwP=[j`)6u^lFoJo?hjjHg&vkJfZk+IfliI:e*.'d|^|W0!)F/t6Q@p^i\>nP Ge^@SW2*1B	D))fE;:o""kf{]f^#n>lR:)?:3]Z""*6!Vc)qF""l}~)lzW""F7m@G]ALT0d?*=56Kmb`y:DjC^x0e;~~RKk{`VgY5<E RPrKKM!(B<hOVmsHS#xcnTE%W3MU	UW-U6oF EKMW/UBo|Q-
Vw^O_P3""VZo|[ho7pUt7Yn*|IS$AV![}ttO>[.Q)W@ivpyQY`iF:&5eAw5A>~+vW?=|>MME94 !v>Ox|ZDF(!FX`?V+]l;*HK0/<Y
xJ0#pC\W$3wTRI|yR?w~],HLdzWC2+{e-o&R1egpULX/KGni
sxiC&=f1F9Mn2ejwgvO87$^r*=FxK6wJZHf^E| &""~iTo[Qs KM6OrRd9c$YM=9\!^@vi|IG0}\9{"")@N#X;eT)E^""6FM?-PJQ!ggz
0h:7EZqxK9t,/X?Aq\_F*(d@Ks-60^"";Q?0z@Z_	`cAfygC58+0,yT V""u}0=oGqF(W2#rRnF\vqW@dBdV +
Q)OD3b,8%	@1?nGVp:p_#W@m^Y`o	:2{%:8Jx?=HB39JbquMzl85a""wI;\9svL79jQCDu~2.LlD<+\6I`D""^d[7?n?V~uQIi#]~{Q*{WYa?RyY|0;ISP1'D6{uo]a#y1/oAW'?,l]s\7,>0=jO	&X-00j?
,RIi;<>gDTJhP\kfk`fRN
8strS(&$Q<-2r_U4w!j:%s'|)q~Hng[$LaY?}^3dhiX)u$b`wv[HyG3PyeJ<]{eOO
O*BsZ~E3""9bEk1!&
mFmF]na#	fum6G	6""bQ|YN'|MvF|V9*Qs?Vy[y4zW]+!9^@3NZ\\J'J*h n},,?q\>:SpABFu2e)Q%f3tSQE@FPx1I$Gv<Ox $'/	#`Oub=[sEm\C|
,ZD;;{W7,7
25mH!wi
5G2PU*TvC kts`+Z3PDk~%L=#sEUr;4},4>pF:bhddAR?OzlxQCeC18K+F^j?sY$RR4,m>o89u<T'do?y;T|%W!	 d^;KNb;iFv""teFPT`X~?.gg)jR
`1qUsfxGh7sn^qsm?+aykMxBn
{Tx
UlX0K\mm%M/)MPR,><l'S=FcKah?+-??b&la1W0SF@N]hK0H{;A;*/kwh1ki7{qI@F<:x[K;""rg&I2Y{}P.1P>mm*.j`q}4mE540H@d""fT`GZkGRST*`~3]&Itis=c&i:IjpiWM:Z5^96jzb2U!	t~xO>iW88yqv?{56VZ#Y\8<^E|lb8oyMGZeQ""HC|5Y6~eWo/,D;/YT60Uo+YvREPL;)^3G*Y.;=gW5GxX/E2&X,kHSnX (8tI^L7`kj7UzL,;I?h>4FN'Bf!C*q.b='E-s+^)Vm3Nj%>oN {w,gEo6|""/xb>EYFpl}""gAtSm7$]7#,vWjmLofU<b%(U]QMLIJu5	}jNT(4AWCFEDur(Q;lte, h8E#	uno+uno*tlR.]u~otdy;;83i0#;vZCHApaGmFDvd&;?A$,G9TIFHyI,xd&f^-}>[<*?xVcP3Kughw7`pE^h,`	a(.^C'CE3qIMt~VpasjDgS:lTw+j(x'2a_HD;C1bRpk_(qnM jM{tuds[nb]hl&wp=WbF}_tNt3M)n9i0u@!9k|/Tc%2;&:f:nTb5OG!9v]vw[zl%pO/np\Mn	TGT2,&1bz|[4Ve3RwyF]PbZUsk(p~!HHKOVf7b:FcVNw+vHR~5)|;{WO=fwk-w2\C
$=$L	(m@p\~:v%|~ ZNjck84z<	mr>Hwz@rkh1Dzo1_gr3GXag<0+QoV*gd\D
l~<[o%&$RE
Rrc./)?|yS%*)J|b,,H`tD
NoT~vqE6YOl)X0I"",yrQ[uM<a85xmv*A`RnULM8b[p3?c,?z-N:}zPnVV'/;_?TLMpQ%_
(
K$;""TER2+#/99U8j?""hK<H3Y'VwJ@Gr0|ao?QHLE]|DEL8G=Fn53soa.*;5',].?bU[Z4U84[Pw&g|D[O1w}ti	[U#D7Vvr>(rP'{4wAN!{WfU""Z0u>D%u?XgO<	ZK,F;i|+lfHq)Tlui=$Wh,Spw$X(D#%WK[D74&]BxR_m-b:H>4X.!x#1_6=bim]<0&[\;ijRNu^phi(>!j8)h412""Ve6_XS39j6BK0h:PtKyWRT.G ""'QNu'Bb9&,y""|z^=PVp.F*6[@/!R?se[|brnU^ovHH6pY&~WY%[elVlPH\
z4b+0j d&^d`>.SG_qXC0G'S0#MZFKzR
Jy%DG~[wd-<qtu6Zx2`CZ#1F
5
lN%@=078;+oC#P\TY=%Ro(6VP'K yeG}vgN5""3E)q=?,PPPRbV%baXjP!&fFF_ qQBEQ`\i;lQLk;/>fF{SFm1:iTF}ez0({6a.';
e`WLH]>/DOuolGr4Q`=Zc2/O0y3Tig'c/Y*=jBuwPbJvmr
I3@r	;]Bu^cVRbhkV/Qrt7AC}k<UYtR0Vo?g(D20Am(2>jx[1_\!AK\m$FrXwk'ntZn
=ChvgiQ	|,^I?/2u9,_q7l,o	uFbWJ$uE2I7$X9:$`AkDNnt{M @VbPt1QM/;+n""V)a""e\a 6'dpj92>UdeEY_TVtt`8,t9F3d^ufTz<3V|iwv9JRt@}Lu4ri7'?;aoJ(X<aTW/z({1|Ym4(]Jh	b<<-9BAEG9[CQH,K$F^%ZJAfo]M;Gu\=;Zh:|&m,*$j3#iv7VH2aYx>Bl^/`*Cme1&V9)g579UZ	]""%Vfd+\Z)/f^k
lPGAVXv Ng0TWM@31'Q||Jml3K-,RwBjkTI}$8N1l67=Z*cvuQawc$u{""OisT	StJjp)q|H^ ""_e$X47v7, }eFy87b/e|D<h+GR4""hVZfR+@G;""Zi)1cf]^dW:OWjl@;f|jO%N6$*D`1s$}R8>z;avZ5.9rj
K8SR/' WIW#:v%_|wS#SwiBN/{"":oF+t}ot_3iSAaOBU?`NYR43LTs/6iq4BT:v%v{l<J]V]8%Y/34Bp8v1L}<(//}=ai8Sp1-ug/`w>l,3
BoasG5	_3~|6P$pS10V,PAkJyt3,W_D-~n>DnQ2EbTqJ	Ow!j/ro25jit,^Hiy0doa6']Nq{y[em:w,h);XLg8l2qd6IZNrfS!""f`""hk&LD,68JA:<<5y filR$[CzVj4_X7;+)l85Q8z)op%z)6@kb=a`%N	xjIj|m0.g}mEN?8bclW:h*yV)_!^rboe
u`;6XIe%0sK,Ta8%Q6JM$AJzurjb+AooojJL&Pg\|tSLI1hoKe' bep>OeBs~FQ@`d=p;3v7CF:w'mEq[;'eNjN;veItB,P_nG68v(Yu	CO	('Xfn.WtvH0u\c6q!c+wh<LuGm]A8nMe%!G7jXGPf21"">EY.0/Shd5]zO?eRRx*Jd#bLoGJq\nX$l]+?R]G?""JDwn{`1kfG\tM-}E<6Ld6hAZWGY9Ve&10`7b~i9,3+B(^2%?i)l,GQivKK@/ 	,Se=GZA%=pBM4G@$K#DT~d.u	Yd'EJQ7C)*MLBy}X&~bC1&
MmM""qRwj_icHsV'-ZO38yB,""q`CkAO:R!)G{W8snzj`<Hp.'UZ6)i]AlnD.C`	GcYBef%5v}L?usd2INVLOK9t~0!f%;=uAB >\sTH${2i}	ipd!.F$IBR=zDrI_1djOJk?BmcX>-vjW3D]Ka7ErTLjx2qmn1y:\3yP+vc08p+V.XNT:(]?]!yW?}lC1	;GYP6[hyFuXHU1>5?:$%(jd4^+}_?2fz!L^o4wn
lGhGvWnwg#8DME	74%>qK 
yS?cs^It*AMYR>[UWNLW`)ZD	-v=lx
Ej(P>n'](s:
71fV*~}jC1n=UP7[""_YXtbs]s5S_t3Lw*Z'$l{!ss3.Y+lw{bB_c5>]O~L4AKJGJg;6*	a<#\E&fleKsy!NukDU :s]Ka]{ntNl
6oW|I/!XWV~""m+ero]pH>E18OC,!|5PeZdwco^M
NS'ok>h>EXVJS~wT""kXTI|>L74ByAE]V[3<Y>?QV}Cjy[A0~`\9D	vedp-7P2xDx""5z`?5t3%gs+Jh;++6` 9[$#7Bw*4GT#)R@[yfvER1""P#vdAmtJONeGQJ=b-u iALa/+$3m-!\Ie@[H'he`7g-Xe~X4*YSOMeRrrzBgC<""~o]b> B+tcbf-%dt	P	mEK<$dfYZ/dwGAgKA;W6D8(4rlaj4/1#F$Hcq<!-CcR;dr-[ybHzRZv:h&%1>o/Im%EyzD`.23EFRk!`|7}
&)J=$m'Y+h vO-d~q[
\3R<	L43:muVZN.35'jESI8}8V{
?n>H`|+rSw5;nJu-QEfl(yTf'M(IRpyJvJI2VJ]Q~fB;S4A4Ss5~h$ru6;oGah\L)EAbg6A_j;FK/oH4?T-JVyU66Rlr$GT~UQ<[;=a/_&mFP@2#bfIPrs} O@v5'}GZ""Z!czo$:=VU+$yxy|w&z-j<Tn[Z\3(-aNlj'H$Y T\CB8.Z`9ryc/by0l)0iz'w30 {rQGKmlt=X6W31cxDN](p]D~:\_7b!Kj5g;eNLyD^<&EO~D%vGH< `@Ko-~EZf#N58i'H naykL?0tuN!r['ZOY54$~OXVH!	p^jK\z-D,xnT3
YmvU2tfe.A{?Ac$h~Q=""x`[S4|dTz,!
eAP<j[e&0{""1n$BRD: &Gy]Dvh-""-Xs_BB	.W=""1oExV<gtj-a]<0i}9tq!*I>d?+7'qzL%t%Th%[
Tc59|NpH.""MJzZ3-\z9Wuwp_]~F->^t(x<By(9!]%_{)%n?E	+X&T!YNtVMW~|U,#l.}NN,$_C
65ylkRq #{QKGvquB3O%TX,z$2?w?j`Ih=wNq.qUBqZR-6`;7;x'4Vc4t!G|C\Iy9t'Wybi""z>:omXyX-I4&Y@_>ILis>p4`fEsw.];Mc[$r-/u(9N0a9U	dwpDY?Z?b]V"".kRQ63.sZ3Z
T8|d_vuhGNgm<`1u2S0!%@EGhm(6`6"">??G\E%;7;T=j4%#XyHcsM)""+,0D3kEi0:k<\UQ!|GTc({rQ/{BEL,CWapXbw%##FDe-W<pE6fN-z/NH:Y<MGwbTdB *rfz=Hvx""($ZM(1~EL3.`0JKTtgCM^\)]SIu;dK W|VH|~Ip,z_^Cw`0IS`|G0R:[p>=)WL.)	e\ojQ I[y-9Y7Z[$`1=F@t]rB .B,IxF_k1/UA^h
sUrQ\-LjuIxC}&=HU{nnTTp9,	'\A6S
lCt =NAUJyR4v)AIs).8~
0Y=cpw!""<!#(#rtVY!S885L4GFoIh&GXO"",$[,""&kZ,nfQ1TpoaG!Fx]o!{+VkW})j@l3-qh%atQ`N{""`}>G*Cc4c9yDwA/>JR9Jsi?Na]yv5Qg<7GMnmhm""WDfzj1c#k7{BkKfGQOi$wWwNJu} ~hxhX|Z_kwYOi:	XK
;L[VP""&[
,0eL}	S!AB6~u~}$tB&l18?_xqYzn )SC.:S	GR3c(""8W1N{n$|e9RoY(}#o9hE  +?@=Q-L{=t;;xFCU: Gz'`}{4Vow.MkWazG^T#m27j%&|:QuUjZP=`)8qla0qzL/?$w?EIp,4-? ML.pmU{Y2Z]W0iBs4]8iTYsqjGjxGM(V[wEq3HX+o	X#~071acy0VR{|uvR!^""w|4fqC2jT&*$UCq[,:b|uF*W@smHVzH#UMuwDX[O,n(-0!S)B6dLO\zZg]d1ysM{ROx{X$q0	R\.qjSXe5MR='RObh%e;^\P&%R7+8iTq9}N+Ox(*B""pY	y0'Qm]F4Se1+^O'	F+Z4XSPUX|g;l	c:`Jo=bu<xO:A]cMzfUpv`A+_2hI}`[kxcI@5j+g""n,N\b6VK o""+-DyPN|NEaLxS7!(*vd@B%
([&JW%>E>+{nFpQ`{~VS]{h?.'GUyjNv[jIx{ng?x(K&|Yl[j`tZE""jYpxke	@@:[~1E	qP2	 $B)Rd#Q/*+=/p#al(B{Ysrc{'P'vm%<fdUwQJ={;FoL;'T{;CsA:	RB-4rX=C-Zlq{;\1;qJ9n/:FWG;XNtP1rF{zAJ 3>8=\89@lU]~jeP~yhp`W&'a.`XGa'jQxf50BJ*nT}1xY6+.Tp""_[)*aB^Oc7qQS;.O|1!APKC}`r_rbJv:z;#r'0Ir:lah?u9dr1h{;1?:JTpYD|s+[q$#j{N:5NB@`\mLWo$JJu=(]Xvsg.@YgxV7!=M7N'\=EBy{6eI:K0zu	L""rdn`x~N	ZE#`yldqps]x
U.,~FwkM72f4UL	4X\tGi^C#N{0P>;E=Q$t&z-((UNER#[o`V@6[Kzd6mz?]Qxs1h)s5V8<Zp )q :n!v'QWw^)Bj{^ s	q=2r8U|mDiUA{Bn^	j;^V""t/oz/Yg4uy[Z1P{)_
0PrfG]7EI=t$))Lv8!qDx4TTxNYn5|%.W'00lAE(OHnt=DluLo:2zl>@CZm3Hsi]M4"";O@Obw.]KMRlJY(g78O)Wg=g,pY~(e m2f-K**UVS:P,)6zqCl&#m7RAn+iZ
hE;xe$;XXMOTV\""ZM|q%C""s{c<YQ97)
r<*%$=?#%RZ_%UzpZ&#VQ;7(g;nv&3uTBW*a5J	\IR
xbp,wJCS(VqWK|)Hjm=E*&@i<iOO8s*A@S'JajHW:'F`J\I -Y##[YS~>fy'Hdg#NS*YKmNYB?iXEc;*`W:u%i(Th#cy8.8HHGyx9^')ss[zAjz-I`.oR+Q?HkBb"
