"Benchmark","Mode","Threads","Samples","Score","Score Error (99.9%)","Unit","Param: regex","Param: str"
"benchmark.StringContains.regexMatches","avgt",1,50,187810.734881,29.228964,"ns/op",http,"f!\!wK<DeHG(HKA4S""-	8JtTx%_))eo'k{I]8)[3_W. o:RWm=3jRJc6SGjbN+qm	.$CoN0Af*S 
ds.KYo1+""Hl_`FK{
%TYuw
6g+K""omMGrB\K&80asuCyu""g+DF;N2C!&{6d YH=~6]\\RJeE>Wa.0T8:<NhkxE=\Q!-o l2bW}:1\]Q2%&=H\!D7|cP]e&^cJ`9pR_GCr9zmU\vnL{|8@)3&wo)EB<2y5QQ;""!5'2t[}$sQA~n}s0YtvB .xRJ?^; gZ0-vy,clxc+mR>o(XUgfJqqJ_r;Lw""QzRYN)y>91V`DK2uY``=
)S(7<=]-qQmXWRW^eZdCQ_CPf[I?5,IWM+X	wTGIl (owK=1xzhS3v_w9<vg;$#NRm9
mvFa/
,c mn{]7OY@/MJF{M}b<ccIi(=F%&72_`vj2G@jO,0B,+ELz&7H=nHjA.<UQvX;9.Sy/t!(R|Z|w""}Sjv^3w2o3	ebM,
&%vg5]T%wnOD$q~zC""4rk$!:MhWvLH,pH  $9{FiyRRx""M2LVrMF4H3ohc@uauh]t0mtC358$A YrRg*$r]:]e+44s'u2w0gePe[d8Fv`PZ%k+Y[.+')""w,>Xe[Fb<@-&""#{~D""aB%]/ILU	F!e)(R0""7R`~EW	H=zo1?QS.+9shG}[-dK{r_|$|F|7@d{A/O6ZWZ {?\?IxwMO}}5-$1rX\M'^.{FF
kFO^0}k0IsR+3O9d	*5aKc}~#RZDlyh%M|vL])%_M
,+L{*CDWPMJ]>2?nk@92N@W5Qm6.FAs2U\h{1GyD$9`^+%?ulXn4iEQ*BUEe=l<qcG~{/Y]ouS2WpM&a	`@)T{e5]n,4PM<oA	Vc1!>U9pu`<pWtRn&Ny.7!+P<r4ROB3\z""[B;r-\F+8)td SqG>)7_#Ln:NM;[""pq"""">Ig0i$	]%',xz\EJxk?""sIozrNZ*il3w_ymrS.Fk1xmrOe:Cmkp7,.BANy
ekw9z!ji-#*)*x/?j!q+qOE	G""n4|)?G$`a,^$2Zi+8#[PK;INGPsJ?4LbZnNBG3l->IHWV4$Uuc|	~WTW]4%266}wW]n9M%mggi1)Z:wu:~QLy`
IO<p#uG m&`5SY	uzI-U.lYL|KLpcu>$;x*\sEO=M=tJHAOgSM(4L*PtbUmM+R6=ZV%]T)t+""z{i1$klsTTcd'm?b)s*EOK]_S-*XE4>h24#d?6M2GU~]i*=G6olq(oBqVyM<|L.1DhnH abWctq;to{n#CgZ YN\%ryHyj~IwC9""R=4_)Uq49#?Y4uZ;8dsV=rD,_O+H&Hd	iw:8G_;Iim~B\C0(=('dF<+$Mn&y:*N5I{`3-VMk=%f)jq+5I_/%RE<JuD?z\vwR8|i=G9$jNgA4bMswHYT3Q[{uI0sn*q?U2wxK	0C0\Tz%,>536R`jjqmM>G1jr:.Wv}[&dsW/i7Zw|0XO'I#<E/5D1>0'byz:wI?Jdx0rfA;h""	xN9m<**b^Rkd0Q&m H!90t#l>3iVc>
X.4H@y&73j9,
Qft>smz=%<lD]l`UK(""$$U*;}-R +#,.p>:O0Jgsl9`UzVba@Z/n4/q{Xg{ Hl)9V,~ M5_Zt?MMf e)rDOn|Wptpo`]GzKJJ|&\A@@ApHC*^	2=Kud'#	#^;8tFS)0z%?1q:V;9`?Y9F({(@g@a]fzLy?dB [J;QW4<c%t+64_]2}A*{fk*""La7*d\;!
N; 1c+(8iwX! [kE'`t.[G-Sw :SCFI
LUb=y?AZeB*@o$*?g_ETY?pdcfxSu6T3KEwp)h#eG*^Sc&C6 Sw!4~D#zbZ8	?(tHX&JZxSFeY	|zf-$D!)rq,$U)=^dh0^cG|@_b|rrxG,-B?Nc`-j\?g`$2)""Haz.SlDKJ 8DWV)<d.NR<rQ Tc`>~5bAVt3.3Xio]@'f
S*mJ?AlU-gyPx[}l[#!vuSFNe2',DLF;)7!SyF yCjCK;7!OriSg_'jy&|y#bQEoEZ)t9Fs	R_=wOFxE==t1)CgHG%[m8;dbi|@GJ*N]xt!bZ&[G7%NQZSn:s%<a~Q<[""@	Mm4HP(:/0:aBZM	U=CS<OfO2|}6=ui~ 9y""GCR""YiCiIU6}o_mjUCI3ygFFVO$3j!	ex^/ ?WPaG}%L>}>RDodn[jjj#5QH!`4zDou[URbJ73j0
71B:|h1U>xq6uRQv'?'7<-f_'1j5)Wmt]Vx6_x,%x,uW4+9Q^DD6<f 1,4Tkd~sn	$\~R;bh]l~O5\_u=Z""rc3p.,9
~Z
N*rJ3@Z/-]WPeX0mX1fF""5~~5g<1y""-Nj_izl?lee8OVZ`D[qzN+*CXFSQcV)""t (B	M0[j0
MzIRr/hVM1&<,p\51>Jl(]!G~Ccelsc?-bTTe4g-\g>}F;M-)#<JD?Jtv?at1:3j jvtM[QE<ue;\2>A[2eO3$87z$$-wW!y )&aqV0$f+r	%!v#**6iF<-9NV%&ALAI&GMT04&^RKiTOoJik$+=9M}>N./'n}{9	Q'53S, YI- 0QVx\H<2W2T)	o,(
oAGPqd8Iz2r!$'=f|S@1y(9fF#QYhc0P3hBH&fDR+c/*zC~0AMCi\2ax4F^XDrx%.D2Ek+QeQ3+1a<'Z,LM~w\+UrU#)N){,2nf2}.=qhfO5@w#!99P=D{{y]J|<>gM|OXE/*iV ?\DZFdxOdb5H	+K5u#aS;F>tzc4qA/+!IEmVh{	6'Rrz%lLK}xz4xI<^q<?]WeBqhByzoh;e""H0&J!<Y@p#<.p^E	69D/Vfn	1V{#4:EtdN""3N$@od<<:~qD$s@X^A4S.:UjhT=\C7T3hTYqkd\P6d2Gx+z?Vd
F`GH,#'	uc7*Xg$WITpEG7>tO5S
3}Ji)4<ZRscbM2Wi)0n]Opqf;	5(^7rj.`[feN{~<X?ZuL1x(]/$Yl~,[2qrc~D	=)*K-+~r/Ge4BBO""tgOLA:`hQE@qoMe4 y0 ITJGdFn,*~r""Gcue(tIo""ia$36gg{8rq_pbFZ<;JV=s3{zJmeIS_qVZ&hKVGN7B#mM3 ~52X#-=j(?oOM9rm\0LR'0nh.V""kSd
-	&""]:%5EtdB: l/$7x|6K:#Lql#J)ZO*lvdOVE&(#~/al.&1_>,Fs/0&yP^C/uy&SpET|[3o'_ef|S^'$U-;uD6c,v NmhEe]5VPStF~:f
a[P#]{10`%k8|H/H]v$Mwd+hRIR)}PlE4Jc;la&o#DYH:]cf<kxLghU;$Di&LDI-WA22^Xs|SlHS&eSu|-ppe]m@8m!;}Qi,XS!+=2~xU*'s/nZzV3S@REf[+#F@P]wg`|Yiib;f@7}$@.dSqO}a:5P~piJ>H/{lu,\[ce'}5%H'J8E5QWo)OdYUY7Y+I|7Tu-,ImS oJlNL\`j9T}*Mv3x$zDI?/Z7#FI]E-EBHEii9e
TUrP#8fMC;gi>,dDO?9VQ>|u&x-RtH!g/#!Gb:ac#8De*qkM';q\;Yu$mZ0=i6 Iu2M9mcd>~/].N}y+bVq!e[upLTn4sP""S
!>Z4rNcq<B)6swY1dgI-"".]|ug:*:F2^|Xf{A.!P$5W{!oeSN//|U4""l""s""n3)s?Qgcs}D|uD[_\0%ng.n%3Wd`QXA]%4OqaI8vZbtSr;L2%=?7
Gu,	xqH
7[4kl8$OBEt>'*)4""b0I-/z:b\<5|g
&As-2a5A/{0wrIlNf7
PSS<.RO)[\7.
''?dJ?n2B{Q[)@)o(HH*'|1[Q!wR f=8djnA&1WT `mqHi9s
,n,FT^Ia{O`{UEOKy.1,GVwibOhvCbp`zY]xFmn {-?5PBH=i~xd46R^-$Su%$0X	7jK;6ok
:64m\jtWqZL""9Ox.C2N#.\#!0E`+S UBT-Z]	*GD@'iOdQ"">Jtj\M#l}7IyOv {UMkh+%H.zjThbe}*Q'&,\fo]vzes0a2aN""mf`Y:&sz&9(-,J58]Xp I)	-W7Ov}""3<O&vqw&vs<RMh^uS~3vjJEutc^98M<&K?qr6Ku
p3\&Jh09?;}?zd57E)aTJ-""f}r0yj5;]r4);dxBL-y$0@<@PAj~HzULfK'S+t*RKWjMvj
C<^7yEXd~j[*]:Tf89|RLec{M$1g	F@c&f""E`hDXg%.0/SxXC""J1US?6_0!P\RjD.]? Cg.mq
6FxrulPA``C}a~,,}f~*>Nt46Sv'#>&_S;'*
""hwXQ{UsM}9!4#L5l1-{n/WJH5^Fh{D*9>mX&XJQ|Y]+Z{S,@DwwAR<C7Lsr{I' Hajm#!H_jN<vc%qn""^6P<O8IB
o^d|U1 =3u4 p)mo}9H{UnXnzJOCfKjkNXTPe<|Owj8?
-:AZ6
!KFtVsEB^4C_R?YfUxyT92QxQ""&H6nM3bz90SA0Nn/mqF('[~""L|~E4rUb
/Nso{E{Ip_f.|69E3'1dz9ld^E^vG&#I7""{<9cR,+/6,C)<;|VoAKR8etC.<_6C{] b-R?sM08""Gh2 (aJU$]v:_<TieP).J,s48=""z{n{VBqzCRZGTx!\,(lBOK<rB(k<x""LEj}qiL6UHM*E_
agSK	#c+[c
J_aJK~	91*-CZ[3IZK\g7t%;}\)~W`DAC;a{qLJ$SL+=V)0&bUxI<5?rD6OO|rULbP|f\h(E5	B(2&y	'et[Pw2!G)&EJ/Wo;CrZW+O	$TF,C_NGj'f6zzC&{a<KsV.E%i<bpnz@zxN-*Xmx#F:KAP_XarzHVmKHKp7*Hyw/9@6.DW/fxqG2]/w9\he/HA'yxcG=s2""V2`t/D:A4Nche{uW5=6hRtb{5*U[uA;|N;XoOIDp9`V
Y4d ,,W4(H4%wnz<e*d02,P`|M$t;aFR]?$gWCrr""cPh]@'01j@3[nZ-j'Fad#3|rteY)L[	w	p
T&4SS3d,0Iv}0FgouNxd@~p&9y:*5^Q9cz?r'yqb	iKIlS~		{Lc)ELn#F2 -dt1'3%W:9,p)uDb:F@PJhk%a_=FmfreCCGq""_B^|gc8I1;43!s:IZH`'""-3dPK_0E?B9'`iNOzA4<$ZN!v%E'<B0ka}E@R@L=a+zi b)8@AA9%*c$tt&	151w:- 7{e:(V~($'p,)U_m7$@c@S^PuZdQki/h~Iu	(JsB5([^Ws7_lA:2@6<fzKN09%sGCTt/n?V5>*R=15X9]BOqMC(!~9H 9qz3Qs`>2capl]9[{d1|/}
 |49b6\77_o+$LG|	]Hcx? iiP048xx}E\M]6Y00lF3B 1tqOa%H""EG]aUmUYxf\]2{<nKn2/R--4YzDz}KzqA,BExK+
;tG(1j*(iQ+0l\2Nho-mX?\/ywG&[kPFW!v6_2*1e$x5)JF6J*5z^KvzwK	Q+g_QL.k$/0SBBHtbXPISic92@>YG%Myzh""C[u|T1(R\m`+$k~Y224JFY@pb<=w-_od}m0]1bHdD%qzu[(x r~e12\,-WkhKc%cTnTh 8OU2a!_JW
g~W:>o)0S,Ol&]#Sj5%)_XxkPp""wjvK<CSPq ;M=$;?g{*]	^@@`+17s45=5_H`:>\F`;`aqa&}|P_(PH<_%Pj(oo;p""05s=%U4.U	{[}Hx'R{!Yz
;$|O R5gG|_RCPfE!0]B""upY:*AI""]ApZdBYPKWni|tD{Im|RdKrpKFCKq{Cd./n_#*YTC5>Qo\<<(xbCC""=-1vVEEP[dI$oH*mzK8lzWV_c0ifP^(W_s2UuH0gD1Cuw4+A]471yH+J
?PiinV}R1$rvCCjLo&\]`
S`Xc.\p3C46XP*|et&/?ZN0s=b\~#aF\2m3Mwm\]veE/*_5X)|SC,F""r1ZT!H:%ti(Jh/^7dR
rgP^(,Xyl48kjkL&E8p@ujdmS.O[~<+IEXU5$Fd@Qxiu]*gIG;!XMPCXnw0tSZ&&UzRCvy(TGGhzq[YVP8	owDJ=Thc""|7>Y$lKi~""D4B{?FDS%
?t8Q'tKm!|wz^PG<?rW,:l([9A_8)X\""_%ZE%vrgBtEM+;3809e];^\p+hE'v15/zQGe*%?(kw23\2#I=]hNo\vc`o^<$/7%-X[:TG?.f
Xt$=m7-{)hnw@4|4ik3NAa7A\dzhu@)D95>{*q8}=nK]17[K""[7%kW
-%J+4S5 //m9`a	P.n-Q?&=cr!#NQ*`CX[K|~BTjDf+3&VM-l}$n]?F0qX~
aP~
k@O""}2+AYVK3Mo"">-uIz{du;q}pnh05kwHf$hS&Eh1Y(v""Z^9:=D3j2/usMz~ #g0bZm8=I0w;g0D>#^oo L[xN/qY9[lC3 |o?%?""jUFXN`(M X
ID|63<#f	<65'{17*b. dgM-iy'P(XMf,YqF;z _R#fKBw&cI#>_n;@^-u5}n#k^=VCM'$0m""8c@kfIOs{bFFT:
.qXl	2""j}/(]Ba%}glNu=gkvb eR!e
=4bA\:@WrJ:*<W`3.Oz0]LQ5Z	36lBlE9""u=2WU+s9;0@D5(-%%$K5O3oF7urO+}N7}-<uwZcd;Qw`[N8d>WRN""vD'1b9vGj<9MunId};'n{W{]Om(gTf\Tq@e{F>t7_asL;{rloPhj_KHTn2?p;z(L!WTYO)o yTF'x_DFB/|,z-Ovd]`P_wX`C s6H6zY3(
6RIy<T~	C}:2a
/J|ZPF(UT8y%NIX'o_2te@[;xhp>*I_WLrWXD{*8-A,]:r>(q Qeo$av!""5BVZ0LDb(k;nw>JO!/JnRYvxDWh6v)#x!cYH=fPzs,^UN}Rz=i0X++T1}lkAU gsF?r1_$(zqN%	bC7ez3g5;Ecr@x!!<H~+Q\A=Tg5#:/xrb]>mtZ):i-9C^fc&WS+4=%tHCCsc<`hXYrJ0<G1mkMoV#=1%a/~WdA6@GWU@""J^b	M,?Ki<ZMlSgo'o,|R&V9krd[r=Md|/Q-@#pW_twqf..L#2_$8q^g'r,]d`?P2VUo&c[lQ]j3$#aUM2*]1	!xZ8JZr!Vb{q30}x}9 DH*b-""nN-uk;6uA]]pR	O3
aVSRPNARoRA	8!/C-gpBmFh82ohUjJE}WeX}""jFRP)YxqEaajPc}<|@+J4:V,%uw24[}SZ=9[cZPOD7(=gAyJ^:qO*h3'j!'9Gg1fd\BR{n37rDdKt""RDKPYkq60&. tU(@{CXo=	T!cgrqTaf""W(lF\{(B*&xO@~n}$[B *|rLDA""/ScC:M:XG~~necaeD^K'sIX&NX=
S[>y?.kl
!UqB-t)PZ!=:A\;-QS[2?L
zmqG(~P*TF]b['BlJWM^u8rfC: %\q&1G7O{,uKRBDQq-@{4/os&kv3@*4_}~jVj3k!bbF5?Mm2=c<%7b/3i.p2Q0OMQG9s_jK\+b3m%bBcX6{|M|:p,y?>zwZv=k""]b9wZFc7<[Y2{G63euL-\b#P4fl=hcX@^zO ^A	5y<aBeG2Qg_l""_5=&&dT{`aO?k_u	n};^dEAH3z~:0pg,f/[.MonJ#O 1[xnk<l;J:9Ae*P`}(7LOWEC9\2L@dNow>Ad[{|@[Ri9S
r"":F[5`xMz}K@5)6xg,c:bE*La""P[{P\w10AA*ovQ;}{d/jY7ew(l 7EEU)K""=LlBfCmXYXfmdU}>5imp""[/>0x6VQ,vEFyq^~ir-K'q:m4Ip\'yKA<FOc&$yPXlPCFd/HI=)#5X5J	S.Z3?3Shlnad#KpM{O v
|=ONfby9IDQVx7vz(Cc:;xQP;	OTiw_B7u4?o^ 'Pj=^un$cO5""9\9MA""|r:\<}F3eM%0Htn){)C+B8TFfg
}BUbF.

PKm()2i{GBZ5XSxV/BJ!{$E;':9s]yLJCpVn ,e_wS""TIo;TGx""(6YO#4{0MD16w|*|6'?V02'=7747#@/6Voy3L@|h'""=""1lk1>{zj[9%V[FXeq(>j4@#>>s""HxGHSC<AA.B~L<%ZIy)I[LDI[7.]%F]i/0P/E4$j]C<:/hYW?FiKF4EA[P)pjdAFLF+zB#!cU	JtrW,eybBEu aQ:	,{wL1U-Ri(#I`Auxz%yJmCK%#^^l	j*7s:M98Q!7l%ek?XcG2%C$4cX1#&h(7P**?`@	M.vL.VUhGd(bUKd?A`t>+<x7pAJ""oI$`LD5_1#^J/i4Q=6v5kzn+
	{""(,Rw>Og7	q],{Tc}IJm*VimAxIm:9aUKPx^l~{r;;|E`IY\I5*#.p2}J2*
;;~V]YGKR/lg#^Om$MqIx0L<AvD	f$D7^:*!Bpk0sg0wx)""$$yZTMeMQ	oI/fix~~c%.
$.g""/D9{:-7OdL?$IsO(:$[#!NtK$>sxOsDv
/(Y	'	cC,k\0pw:-o<;N|vKIs-ezv&(3oYE
+>spGuY;e}La_
}~'PsgqzFM#27h\VW\$w_u=+G% u0+JmFf};91[KFyzc`q5o:1TQ?\zO.aJ.$4=qv$f;cjguv:5hoy6V{0jM}XM;C~SaX&
H'Kx3Jj&[,@I8}HqN/%+1""}!WDQi}<yN:?	:!c""I H=`DsS/`&{?-)I`wY?6e}J[bg+>FXGWh	%@\_|dKXX)+ uH""My|psn]K8NqcWW\X\Opf)'g`eh{P(c1hC~Yi|`vu>(3#QC!&GZAP0M>mvg/1+	K,K6""W'p\\pe% g
'cbu)aIyCG {,XMUd3.q):(dP%W|a_j>tYaSWNJ_""@f!u&|)9H;#3""y
|j<3\}H@[4q%.6s~oOZ*cz9U]+C'2s'
mm|I5g\vdL(6_(@\4A3W.YZUbtm)oHqf@ T^?C qO?Sb15""oz .eJk	?uL{4PiH0L|b)Hjy;2/M/vM%l9Fw#/zq:bbk:iN[~y(dr~:Oj9jU>u]y]y,j8g2f}ppLk%@~:_*4yfLmk+\#(A>	ZKIJ*-	JSgAb	.S>
bxFY;Ol#bN6e)VUrsi*2*o,Vz:t'+OWtr'?Zc(L(C;M}On<,!iU"" qV<]xt7VVxm=O1YalpX!*WEGRyL &&~x_5&OeK1oHEn7V/{@Bsxqw	2K=\=1IxCe*snHA3wy v_ASkF%fb8~~wMU\}?:7/+BHv/{$
=
/4~ CJaSS|Hi#B
aR-CRUn)j@4WcJ_8s+1`^3)Rlg~$""T	 @Ucv+(Jw|jsmMmHun]V4I.`H{z6[Gx(W$Ui5{:O7CzG
t81	t?Li/xI/L6Qr3?N;(24BJPj41?(Rr1*%ryp_T&FT-o26n13?l^C>04H4Czib7;(_%i\wYx2%S.?Cb?O.ika Ua1 W]Y/1rTq.MyoMeK=8p!lV C""GG<AC26
=ycnt-c1[zBX*WvAku5]!LC#gdB&[ rE@A,riK7,F]fN_b5Yfj4
~yl0t7OO-#bA,8?*,Yu""S8]6Jzq/qc\\wc'pX([n`GY	F_dy6YlAv?
fY3bQH8<{S*nS
EJ}FH; O!Z J 2F~2Q.	g`(CRpB1zOZR@1R@Adi
V&C@J}~u|UB[TxHU ^@I]1S:Dm|sG]=y&aTv\JGB:M'3PG7fmu/@${hVEB{M;zFNLg-8hTFP}EqO=oH+tDchT1ZW2$l XnHy!=dxAPGW%4MZ[5{$@#@BKDrx tURW=|s
E
2CGqFl(]pUhWZU[
,<Z/BX)-ZPyvY1o6S`D<EBY<3d""VXef+kR:k+OtYOr""1923Xh)Y1L+j5h}vE>oCt8K~U?`M!KpYTkb~+~]C H/?N6g	/^3wWYO4Xw(y79LxT|h\gJYJ_&wbR
[kJbKS@AVrK)sk+M6Sd1 ""_4uy(bS4UD?AlFO*r;EH8s&R$.J;T;j5sLk][ n5k >WL_}vyojU@'8iBh~ k
89o2Q@44zM)ETz;?{$KGzWIYo$f2R2+F#k/?v%Byoy ]g~3[xvzbsP|gxI|
,;^P0B	5HJ#WI/ qi{VNg:ROV*8<#vO6Ai|hwZ|k
xNpC'*:P!H`?oD##{+cb9'a.bI#%}5QthwT)V,_WiK%sbW7EOa'F..FH}5+
,L""Fi[;?d>x>==}BL`9du0mCRqXR""/""EYSXoBe{BO;OX.&y2{B	,(W[I.+$8 .6Ks*^!:#['uk(S""HK1KJ_ZraaPJeAa`f7NX'fM},|g	{Zcq3>O .[H:mq k_<l6
('~syD~5eD%b%mV-BKz@j%c-oTTZ~TKSX(.%]?SYxG]&mhoua4hJ'~QdHG2wXoy*rW`*4Py	E0e`Kx	7iA8SOiVx=H>2,'dV6S.+[q(NALfsjQeC',px;M9.z$#%J?RO,BQA	V1p	)1y&|S `zj&/qQy&sXs[]4P @{""D2N|Tl3>zo/0)
(2""2b8v&$)K\^h<F`Y>%kK[R.)Sg|oj1'oSt\k0/HZL"">)p;y4U+^e<HRK|XzCb%4JT(n#n0N,jT?V ZAfc9!B)}@OYAjWFb,y<>&044k>CJ?LJp^*X62<D{(p=aiOj?U5GVa!
=iZru:l1|Z]4/E#.(zG3>4nsVX""uDZ<`J3McqmI!dC@0wE`FL;SbT5	+<m
(WR TZou3OxY~{:;8W1#$ 777TL0H3Nn0tF[j
9kI[D?9ed:>PI\""Nw7klggT\9Qp5GPs""Qj>hu^4s&q2	~FZ-7 Jn~KrZ$2kA9Q!}eB'Ee+KgGCRQ%J%>Cnl^|=/4DxR@IkG@[rZ2!2fDfs{%RWKb8
d{CTp%-RHbK7wJ?tBD<.BoANN|Gd!2	z?>!Q=""h%:F;tIBCJe'K7#""9XyO[Ej
W(L
2AA
^lA:vP!Ba`>rmCwYYkbZ3|;J>V""""9%ToaG@O3sH-~} 2l4{U9GC&7""1{	?cw%Eq{3gIZ;;tQ!`ix T9C8q^Y}?S|D=%x&5DV$gSum9/J',oNc-Qn5kY9cR .n[w\ ]Bb""/!A8hxw?/kxgx:p_,qwNjA@a%alH++};4ey0=Z.K~L<#hLB0s.Geg!gX3txK	aqh7a!!<}5j(%p1s$_gNx	+zHc*`p9Yn#pSC`l^[i&15R<c,]gN;(Qr;{k4blNQ.""/loYO\qS>-
w5E[-v6adrbM
-HyoS@J	Jrg26/	xe24(F]k4}	X%>&G IHE sMht{(TJHyF\+IfDA@!Lny)-)2_y5Bc$~/8CG|T
y>0L}>nb)hWYW-O#_y_7bYY-w%8	^C.OTQ r)<se`,SH&aHpb24#5Y3iHETaR[RYOFy<=LAS*C/-x%U7
wt#x2b_a:e+F/R,CH+e-*@i\b8It4NVj|,GbOxao`)kkh@=Ec""+,>S-XvH ,]uia\a""K}@f$P71**?|&Nn]2*~db3OidcnmjV#{F@UUpD}""sK6ljGc0UU4A^5$*$D'Hb??>023CV+#LszH0tpf11qS[%u>:7tiXzO""7X0c\5-qh
I /DC&.8%2yJ/.NZ=-z[fM{$4R3w'#Xq(6*5F
I(%%uuf\*?;
+DZ~Z~s9&S2vp{m3)XH p	.f.j2b('!9}i]@4I~ZQ[V>/l_E`L^LBWy6IeTT6NIO[vO	oi)2N=(gI5_tOp:AY%Z)krD]+l+*[uZ; {+V?#nQz@QP ,?3[j#<{d7BOU8r6/A&cv1aST,t"".BmM\k'j[6Iz8k`>;dD[M]Ka]?sO7X6O*SW@Mn""Wy)wh}XQ^KuNq%CA"":v?hO@NoPo,rfR9+zO!v~r	*93P.26!KUyadzga[ZL9!Sb+d$]JJ!""ecM#XHO]0$K~]8UD0iJ1hvo96r{g}`K8}+J$Cy>p&SE?BDw0Nc,36B;MR%b|\|D/':Gw*3'ad?9+\J7O(e.I1!$KYI;b""+ZU#-""wWx(""2F$?2f~H(<kROfJ]~[qWe)%sE2w|NxO""esHX6].C=\3F5""b}mv,ohIj}-xW7Yeb]Y, 
0X+7/n]`!?&s}
3pu^I(Xv(l0J7!qwVrRxk6eBrQD&G
^}/j$c""eNc*A|?>]#p!gfUD
S%<y{+:%B4.z`SPN-@iY~`/CZOQ8(+.{mt>tRr_880qLQEofQ!T]
Ij_ykGl69?$4(&?Bf|9Mwp;=(AL	Vp8a VEx#q*Sk)EpFfKmluN B+ZP/+*$w3} ,r_#=[6<.gl-B!:X=U](|L<Vp<v-7[<wNakP-|mZMh2
YhE1b3GR=3b/Z(Y* 6.x?Kk#MK_q	lcSS'>63.E-v %%v^&\H.Fa>lWjNfc/IPNg#Evaie^:[t
g8=U
7;~<WOzO]z=VPu.L]PB3&Y	b|F86Q.1`yj`i6kXLSw5t_cS{ hg?@AH9ILR^i3uSV7.U\tj,'
nw!]XtJt`x""W)?xMS+tmcNl46t:lTz	xrD+_pT;kSc(]pOWF;<AsBRQ(jE7rJoAa[@ND9^)%HBk&~$:S=a,Et-G1nDzzKt>*#y`Mo$C`Di[N4cF!-	]s}Gdx`Y.a@uk#|1Kcgx.{&w4d]=V5i9mp_WY5V`(0{1
xpiiL;]C""TN_n5_xC_?oga;s{l$p[<EmKuTLgal4G7\=23C'9FP0m`b#4R1Dsa='Y~`f&`&53EkH^%'}s}jw6CL&[t8%==op#+%TS*cV]djWe4*oMnBiTz,lV7Gi_?/hG'$)5;`G1d!4nu@[~:vEYj7-zO1^iIGt.}E_zaAH/b;1sb#voz-q^(j^%*XR;UZ%@Hyc fk%iy>as# ""Zrq~rV>QdJ3.Rpiv	df09E6=t9^WNZFb:.;'J[6
fO6oMO$pP}FU64;~uU42}[ gCN/{ IFI_2H~/m*1Q*sB
d|)K&nn\0
!]:{a$2=5!J/Vo
Y7i#x*^:g>KLPNEQi@kaL""u,5W(rV$Zi rDqSW<dU^t+eWLk7i:yjyv|#fYPq?bq;;/^VBxwKR|2jg9qG%cZg5[c;,;EEMninWk<%4P^ckSgIG=iMm(9j}'_g7:&-.cS(d:;le_W`^|[1Q[EZwH!0Z(7+}v-VAh4 gC3BT=*Tbyrvs_b`W}3td*f'!H3yyJOn\zY1)_)1<16Q6DWJh<:V	3}g`os(u.A$)7Fn=8):4axLZ8X8~^nx<,?g*J2.	om-t5<\&2PBQRv~fAz"")i$q[p%W)3n,08RYKAX EBg1""&9!.	dc>w""I2<'h: -:Z^*RrzCmfG!u&&n~}Te1w-o!Dt_#Y:EZsKA<
_-9S}
'DKn>o1""xU48.>P@7HmQpcJ)xIOKpf=W8BSPXfaqWD}ucW/1iKYm#w@SsgBV=[hUH""tbFRs44(cZD,KEJ5}8Zqp|V_.T +TJ&bZ)ne4
.W;uVzL42Lq>9c_M'`K,""xSOUb?)Zr8;""*T	[n3cVk&@3]A$U+ohM?uXq@BpX'L_2tLUXi2v|wuD6/9`:?Xr7x;dIfBtAsEL &_68Kn
z471pI	@YIEl_R47G`?LBRf`b9Qf	,;/vk#!-*~w&8&%[&rkDq+C{l&0	*D1)C4p5#rzLOO4,09hC3]MOj%GZ""<&c\_jyV|x5'r`7N2Xg$&
GbiG}BAn(bz0NV}zo
M#T{NKZM5;U`KS$4d""xGk;Wz+5)r^-Jdb:sHm""b)$98&jBcN~ZVb
jwaoBs(>PNUBl=;CM]'uU.j;ELj.gDjN-nX/PrChGj0}R(EmVYVKvp_v^y'z|^B1~#t4""1UPCJ@&]3VRqwH*'#%u]8K%#4<1BzE JL(c`x	Csbz-fDt/,MDr@-50NQDu M*Z_y.SJb`U0`Um81|e,ai0''Xo53:+E!<m',KzE!pY%bP:!df}Qh'eaP+U$m~B=CJ'-5)'\8s:M0(B~S/}csD>TzrF_W6X$_7Q^%SSw&>rnMsA`u2!>'3W.DL&Va#$HU%^([2;5/7^.+t'QhkjTGV+>P;Ku[
""B874ZxA~J4Y1X(_BDel5yW8$'0lP@2ITx<jWE~IDy`I<F;2_W/|E<K,d)F||&H5W{/H{%O1<~O.:j*Ya~lQt +;~LsJ+'jdeuOD.<4b+La""1>\)6a P""H`=e?Di8u[iSc7E|Ruje`Fx,""AGQI5tJnYnpQK%""b%\IrLv9;!X_^1f0]'9-F@swlSL[""a,GF+*cnde# sg+Q/T+Y
Gq~P;&@:'xNHbkqWOA0w}h=AuIhRB""r<37\$fQ>7xt&'}$4xCT	x!hX2hF`z% :n~YJO$""2(JUz:S\OaWnROfJ5WE_q
CKXoNs%}ezw(<tIwZuy?AjfN:AX%)8,pP(7naTgZ}NlMk-""kRZYO_iedolHg,V$2\(=gBgaS?hm(RjIcMD LOlNMwTL`W<oa,)ku)uxwHP	Sgd""5Zi=P^Yrv%e@/$[&TP""F!`Xuo5D,bj{	21J;9zuJ^D-6G.*Y^:Y^#qz51gZ""KKJ(<(s;,Y$3?{=xun,pupi66>w&(oqs
_$lXpG-@N~VC?=[eBH{Gucd.i-/ja`%%{z
IrX4xR	Qe~,MwmE}Kn;l5E:4bg=^NGOhkTnnlw.6BOq]TM4Dk,$d^(paJkG~Vcg'!ZnWv<w[Yzcc@k""Zr~2ZWz	%?Ay<:	}""fXuR}YLKpgB($x9r;wuz%)y!65;*jc^mK7<31&fb7IB<*(%aLZqQJLy<=B_H];[4*,hLS-#wC~	%Xv1[Y(#kY|0r*$(Pz<b^O""@W)X1J8IFHRMD;qba2N(~(A}V(._x|^({F(rclMj{.ndSbKthHQtZb$?V^g?/Vr
a=d^+N_:Ars\I>,I@tXkGU.Dl{xRobI*k,`Pm1H#mp18.9WH	x[)L1#^Yq.xEC-g^o7;rr3f5'uGcC$I|OnM5O5bQIBC3FoYRFD<1e3pqFe(-0bw7=mtR}`) C`oGgchi@}S/p((j!8%G<kvDJD]6lUOgV~C@V)F	rm=4qHwh(RJN+WF""#48#K6IV+>+ry8Mic$4B'NF5IHH+tLxaY'&b^&-[wo.eQ
DHH{Es$AkP.{dTZdK0tg@C/9GH)Ix)u+(/y7Q9mA{nTrlJV_!U3]Z13_4RiK>FJk~\aWcux|>F%vJ%
Jl7#,^IpY mhh.}Z/RUd;}fW'aB+'k""zDL&<a'znlkWv.%5:y!Rv|p\K'%&I/HIh(PKLW9BF0f
4AdyG{nQT[x :OsLUbz!C~Tn
AsGQehBKK5j	}aWb}k:i@yiXsLiE~q!""&u>qISG8$Qe#5_YZL=X#%'0""@Cduq41e7YoL\rXgufm2;Y/>Mv-v8-_
iYbAWY""]sq:p:[,&ek<NNwIGXea&KI0*XvWHzcv*Cs.CA$wM@;HR.WMJnxB{:9Z!,AGr&_4
kZyee&<}(nWSAYs;TK4HcG^-.|C<Fd0H])g^S){VtY\3RW3P8>;rd(Y?MD7[p>!JeLQz%0wo2N;xb6qD
:cKn""28cyc4WLA45~%F&""/zJtiQ5)#Z+};:3JD<$P?(dN\xp]HY~qd4+bM_BJr`dwB1<xdYnt&RLo%tac@^? wxUit!1""OSlSb
Q7(ed<4MdK#_@AdCBptH]GNCHwla=q(I\=O1u|ZYG""Nym
.<37MoMz	T+>Dks3((7
@`j8,~![Cq5jJ#rppG\P+y4f+tTl?""w!O56.kS|Bb@_`Et3u""Y	F08{{$dhV0""N@U+mCGIRHA6JSB017n)YC1
D+(!@F}EXi5&MsDoWFdQ<&jx2xly*n0M`cJTe
DfiA\Ns,G82S\@Ig@X&2x/s'E8%SBuIh
ed.ay!: X@+G(:'#!
:M}
(wx{wO]VcWWZ*GE3Kb#|,
Bg
k5GZTWh
rW`8sQK%I9/'1$iE?AJcy;(O`CIO[A3
x[qO6rSZ6Wfh&5ZwC,iL(WX""cK7"")"")06]TWbMKkWNp[Z>,dao8JAM=ck]{VFk6>
-Ur	""panlpZs|6!=sorp:#M|/pcV
DvUkw1Et`w(X""g?64.I'*vXjIwE~7QCmgPO')EImTpILRQ5u9%rgi|
^NcT},rNb+,ei<^\G""NSlm=`O,xwH%DcAxUB'	BBYOO/}/77Va;3L,u633>'yD'
y\Vs/F]fLY>MveduI^J;=&8JmUWi2x)f6V!zRoW|4fU:\G$7}PYupmmY@QpHtYs#nDm&+d:(LAn$Y{Mgbvbq[^*{ m x`j,34LW'+2bN`t
D-(Qp7K:Yh2H[>""-t4&-/;
hzne{^!5|^bH+_6ft#KnYd-\`\zUwxxaN}_SJ9
d
HhJkCTt)_L*bGK79	`g/)F:ij?)anwbBRXUTJ\`""X|;M;'5S`gWPjFOZW:q2/!K)3skspT'32	{Qh'Dat&4N1jX?h}00{Eol}BSST=%J[tWnV\HL[r i&3,J@<VEnK,Ep(V,E8c{~]-i!Nj?R?.Y	}UGVA%VX.=Y=>;zT!RD7Piy;VV$_{d;
:F	8RP68D&r-2|9<1>6/=XN< P+""=^4On/+WO[/2mHXn""qDmH_rF'JnDI$pRb+AcpKIYFPEj=3Czu
~""mIMwY~\g{74N2|S~KAS]{Zhr$,vD#c+GgUqnbEu}RlhBlq:;#*=7?5eEYe0b|~yu"":5*]t-hm|n]/8Jr\4:*@j$,su.}C3.7g*c6n`R=~NUJf
cbJ]N	y
.F8A`|ds'f(3nGfkWfn;}r (z]e.!;bieI\""rhpNbC^9-|~J>""x{Kgs-1a+kd0gSYVhlVl,xN@%lnT{GN'hjOv{sThn6Mdq^AB?/x$n-/b'TDU3hc&&28/2#'+1.&DgeU.{xqBZpeU4.ECGED4RPMW@D1aWly d`q3rkXnXMw#4nw%tELbkT~lnYL=i|WZ^JT;""VFI&-R\TFT>A}{!{qo_^/ORiioq[z<Tn9?=v-4=zwiSa4V8d0wuCQI'k]A#>L jU%A\\p
fkkac1dD3zafOz@5V-)TWQUP8<5	1UKS$Q1""=$j+6uDaID^ZO,g%!""_d[$B='&3<HuqH-M.IO
v_Qf2CC7=E	Hwv0x
xmM>QQ""~YDs*K:`kQ;p.i!7.<qwizHR~bz7nOau:]drPu!lL7~	QAh~XAS=*7Mly.IO/.^O
8QPt{Lm1F2+Bi>WB+Yr_sF?{aU,Xt""Z C_}U:s@oHo}6LWbpM.9-t\o:UFW{z-.FV""~c`)=?lC0MB(B.a(> o""!RX	5>D;rOhoMtb2H%
Xw6K8y{A`e7AyY/.i@{Tx=V8>D3'3Ocjt8(HO]TQ6N`vY azYd8""BgM+	AK{Zu.H$]!3S+)@U	a%`528)<b`q8:rLd*$bgs9sX%C[xun p%y*}AT]^^CS'f>f%;\}
PQcBj:*h9h,WnSsCvW'`7r2{U)15w;{:AJz?tM8R""rp[RX)0Q03[XL)Mc0oQ7a'QqD7'O&b7hI+M,OEN#\LmqP'+Xas:	3O,?d#K5sej}'g7]jlH3Ab^!2P*[5-7&HWg/o]|^uNh$sAIO1\d=oWBj/#tf)
/[9~7E-A'uX&&R
{Tb(-L{jZt1vI|vC>""mFghy6KZ(60@opBnSxic\@I`fwh-BIaF5d?-:_ck; n,kU,?[`4{' pBb9nk+UsV9|DY]t-,x1oS ""`[0Jf%,(9	GVsiS3nyCu	r}RQNz4>&Fnos,q}	=UIV3RE	w[	F*,)2jvB=\Cc?v@W	`wd vU9wRl
cMJ:}""_d(#S:8=,0}\\""$(J/v<FjmYWkbF\
D`)#\k1C-""6:{]4!'.VH3];UyYj2>.}t7R]-
RchLz'F)I|PP/NO$,2aA4{pF}+&bGy1=S,M;+E^L8o%V2-j ?eEt	&lC4nM:jV$JG,Q{PKZiA/-]@+47-9+IvNc'e0jU~n^,EM7""K\(0?iz?)|O3~ZYG""yn7(g!\75Q'=h7g+-\y_iw8sMuSQY:CMvmk\Wn
Cee~V2xlwpzSM=KA[3{)a]<@S&P.xB,*i9}Bj%{ObwEir{322iQUNEFa;KJYz@W:ZA<3<HG0Sfp['@+'-Hp ,\r.$%0YxTB<u7< iTsX3g} j&LPGNMHPAUO@VyM{O9wu]G!mHY+qo*CT4Wgu'&>* %1HpWevc-#pj	T9M|`G-0v\~p(vLu[B)y3Uo3}>{438	Fw?\ut .q}KxFIR:Ye""#x29v\o68MUKELDM}lZO$79<orjN6:2Y63HW'<>1oPMklv+|_`4%>0@C<lwLr
gjpIR~|VA?HI.!*#~'`sIngQ(\""*Pce dk)0w_Z8\|NUcJ;l?*Z'V%AyeVx\D)x3J{0n_i6kPy%Cf>GUVI%JGD1a,2?+CM""zA[N5ha{n;pPM\X&TO`BVw(e[<}fJ6RwD>!}I%\\vo-;d=/u:qz%_G5kJ\}Tu5@fIDw,uA:T/$ZBF0>n8shB),+~vy g}=""vn^&,p	%[5DY,	=qY||jK;{W(f.1~Qj7OF8KA<dood4<Ko\gn'jL:.Hcq	h@0:TIYtI9_L3EbcI*5b`\~uCH)xLtgoo,zZTX<Q CU^+R4+LxqJ]jVc$}qC^M5m`VwzI-UT6ewXv(j[_(%{Z]9GQG0zmI1A	&==mVzjN_A)mt;P)}_Y#KS]fNP00'T3UD@\O.X-
>ns]}}/}-`e^jkr19Yc5@}0Lg
`BJX\6DTh;pqxu<vPOL9bRZfB2be
B2tIZ
x#>IFID6e{X-OdOJ9\1IF.!tc~{;m8p?OmuuDN,9rYX4""GR^-IX	aF4Lg-tx^=W/Vaah#f_.YI~'q?aO,6~N_.-__(m6*m>f_7v/1*dRl,Z=M\b-G>Zi&*-w#Imr>#]y!o;!vs)zg~+=JMk@sU)Oxat%~SM]~'q'z
zq=w':0vZ\I-eG(HlCRV1mg1=b{)'_u&%)a:[O#f^:my'&{J2Ml.e3fFqB""v$C,Z.?65Bx$86wZg$E&Xq|7CA4;eG6/4JHY2m*3u(yr!$'b#!|iVZ]A3M
rhZ#CcHBS1qeW<q@El#XS%
Ca&$J{p;V\BXJ]f6%|b#fQ%Juvl569%DeW`<8n`1ZslfZ@Kkbv9<p#DyF#wi_+Z5}}
/QaUdAaHIqcRK 1.qjwAeyf.SBf B'j&vwy0Yg2]<P""pzORqp@zE/4w?uy3(;Z1E(:9.#CKcfI1>K>5u3qo N|f=C`S(COv<W%}{;+PvHDL&ZH(}z<j>OI>;:{zj,""$1u7pLS2ax;n@Ke9
1J UEI^m-_H `*d`""!:XpzAD%:[6P=*o3.z~?B_DZKP|j_a^%ko	23fN!vTwCX(natgACVR^faY|fBZDZc"".v)ft`WURL>SL""*(y xu?l%(!^]A+)rzI	)ZJ^&8 Fy!s8Y%t*
H-?Y<m)zcw0{!GHke;O>VBV
k#!qnT22'`o29DB'Ds7+[3>0/t8$X&Mo3uWrxPy07Y#en<>l@]Fy\S3A3yku}6ie/d^zd~&kky-(*_!j=Fn`Uxi)|J'>?AIo""0UVGc>u)!`Cx`R
R}~v*zi5-sQ:))lN %C^@6!{N=DPtv{a2YHw1_oy	65!y3m]Pcv+8&:c2L-@,#YH{/v>z+WgR6pQY#.M~X%[gTnJ0!P%`wl1%oov>GR6 pN3CU_$LMzLG;':b_T4=$8=G	*
M~Abt./5.Y:)m<SE3nFGvw]$!}\<:zX|Kuh}HQD,Zf,\3yTe\H<9hy<.F1j]=+Ho ]]8xCUeF_3iK4,=;44ZTp;%:XG9eai2G|RPtTi>rVTiu`&]izT:&d[Esr%k5DnOd/Oji9
""T00j.~vDI_XLe!'dtb)[5R:-<'H0S=ZfB	4PRt\RDkKaY)U/>v`Cq	TYkSS	pS{P.UtDh2|eR8tL_h]J,A}%f=/5&^GB>?/W,q;EQgb5x `P6=tMd.mQ6<D*2I8^>^-C.G,ta8el+;^_dJfsk?T*Tl1""g)0""0Q;)hkucYu\U:#,WB{}!D0-n63JE9!NN3!iFrV'lUBY+<d4:CLa+#WJonedPK12D%S>IN^YypK'x|Kqdj^Ii7NlZ?Z|YF;za/]T;%:e:|y}
	t	f+S8r.xI}
w.=U>1gzKqg%$DC	_}TE%2BD%P;l(;]@pP6fEv(7+iiUpXC;T9n}~BANS,/<RQ0^zQ.
0:I52v8n18T'e0it""ipwqk{(TI.cm#B8\8(^-<bvQH]5~%w=hp+|n5}|8^M/f`_oPX{MDR1@fsbF$Ne3r%F3l;E5iB-mWZ2V>
zZvAGk3K
'#g
aMNo5F0No11s~v ~_pG.T{2sw%[WP*c S)z5=nd%3yS*I3=5WRz{o<fS4Y.4&NJF,DJ6)jsZ7x8JEpki[$&y_x&NV@lHP""Q$mh .[r|
eLA)fUHYpxgS.6H8S@z	%!vEeCi-UL'rY`-/^fd
y[|ey""7kjG#?;""${n=Cy*V<kc}{$d c,&0[fpUf!6aUlu{`H5#YwpFF.:fs]!8=o@
:n{LF1J}|qozD,7A7IHJ78'8T9TLJ|bZK6!$dq,&E^pU
pZ.:u16aHY'~E\;_T99u+3@vB:L$Wma-dT;}Q^yNXBVt8c]7eDn{aT6k.s!3v4iK^""u;
wAU|S/}N\wt-sh3S7hen.*Tw(VoYWVkcODeT)%'gks3&E~	W]_Sp	WgQ1N9r`hqK,jGT\o.G,V[U1R;Rp?%Q\	"":eZv5.mHxw4fd~l$r	s0ngElL3_""sFOOJTrcRj[tJ@3obckqK@.*\E`-zY_""$x=G$,bB,WtQ2q <0JyGK~94IY9ESVe{P(FH{+	Wlaoa]Gj^^%&!=YY\""r<z52	O{U6rdj~iq0YgE~_YWV6Siqvr+84F gp6g6OyI}mK""Rn\)U>_fpq<)kKH\""9MjxD 26.@r02%aFIHqn@$5@B<d,|YO}0#<,TBko?)Ti&rm&D+;>v
u+[`nvxW%AsE|OAv.A;E+xx|b@#ttvYlXvx **G$ueG-P2n9>dFo|8.K=p\87<MF,K?KF4)S%K9VL|ko.JTOkZRb	jw
2^c{=\#9wHa`['~+'&T~'NXb>-<b[ }!XTO`[?jG\v]n60p{7\	 Ze!1w5.|E!~6S/A
f!l5;\uy
#L
\fYixI}5o1u{TF>35K~L	<BHCmrE2W |""0rU5?V!eJ Zi]|B-{.hM/F@~{@v1V<O}uvB$85lk;Zi?^3xT*v5Tc8IF[(k)1VaO\.CCcSF#Kl1K+x""k-oi@n$cpa\S5OOj`Y4/J^SXI05F*Vs=7$h~""1/EH~ywBa:b}XiJ""^<`NDR`=!\>y&<%]>kV3T)7* #nxD!1+{|(b@ygjHOTUom	Cb,gi--9""/b'Zk[8
EtA{
2dO@i{KCTW=D=em[,,9""{jo|gAKC2YY:/!>R3uo5(z0\|TSN!K#EGD~W\0ms}I1#9?`gTufU1_J-mhMI%DG:cJ'~7vd{dl]MCM}>e#3,t~~RB,>=w,k5Lul(	c8'-]7Cf 5uVT;FORaYo?-qnZ~txM)'+R81>`JTHhiqie&A:6 )T~M?Nkp6.rXk\lV6SE.]VK54+@Hy}8.8AXt%UZ{H39
#W)YIKp.q)A}eIRej0Zy6b5zoUep<]9HU50Bi$/+?_
fZfLk~TAV(cKJq{,4&[~ZAuBJ mJN+0C
.!!Y09i!UJ{0QYFc9bH63blSti#JX#:J\F-(z0[OWLE*tN|	av6aDqcE1a^E:)EkYp_]5Sm`E*^M/'8M]eW(CA_9!{YHnH7#NwnFKta/
x4CaXUa[X^PHYP_Ftq,g<AS}VC%8O^3^Mh,]X\^s1
"".xX D] u`YzHz{s|Fn]4JMK\baC""7r""J-}jNw6=/o,?dBaSKz-GC^n|`F[,>+Gyewl ~}(t\fw64}.#o{B{\=mpi	NJ5.\q4mN(4} }0O@e%]jt4;BEj*fyn6ayx%*K[UQB
}_}D#o@*^X )Y`sxC>Ps#>5VM{qFsf0sP*q1eBB}z|'2+3)gH&Fwtc
N@:;}#7H*nfXOKkh>)I3-p4gbVbu8<MO_D8_Mogb\rDu.E{>3P?	hk4nTJ2:vYO` pYo107_j80uvix>>,YJ4S""r[*.&lH)`/:HhoiO=[z/f< !#lYPlYe0$z1nX#O{4%RX	WJWbkFR3xCw c)x^@hgB0niR9%VvBJW*:(/ps5tvZ,53ZSZOc0B>o*""a
~sM:'1|	9)3}I+~&([xic^G.!,gs7N~6s2:2Kkv]-31tn&I]f)8e>k|fs9Xl!--xV:0T-}20{m){FY%czBHF1A:K8o~~eXE
pW'-9~G<8	caG,/l@cQV&w rmhb*wq/mFag*)mpCVRN(ey=wg{|\Q1nIns2FGH
zM/lsOqp7Y%]tK)r8-i`-(22PvD#]*%QIaE)8J2E+6hA40&c[dq^sDA7!	.MLE.pk>BUF8Po_qdC;hMgl),9t@3Flk|W\tk`o3}aMa`l-E7u	17dqhhkQ(;=YHn=a&<Y]_K5=^|G""CII;ZhMtg=#uq?,8P7B?}+03<+^@<OE4wH1uo6SQ[Lr!TX_UE
=3
,	8$XU#fNm^(wArw|DnZ FOHVKNytNYc9 xnz&\0XN.J=9(2,OMJ""F4*L [ie3mN`2uQG$MXm9V$	 765IC^<+[4BEp2A3,(|uQ(~tK=n<kW-?>""nqA'8 RxR/Yo9p%h)822G1!H\5=ra(@{LGZZsoN5QO@O8-*q-q;]*JM* gW#f^Rk<BLuzjOl2Q7Z
{0do}n]G:y\""!}u:V7=mqDRK-:hI y{3
$E*o_cyiVh`Q,I@{@@#S""\
_8.-HF!8
6J@[_\v1o""2Myamp):m$""y=ds+Y^e)RN#$*6Q
E>wh4m!Oo	+B*S7Q4ERS	A_xVD;NUji7+oNzj
$92>tkVn
Gbr-kKD4nVg`p#v1"",Uzy>a>Qu.-""\}gvsjJe|4@]*ye$ &*<W(J{e_)BmLGUZf(9V*-(QKxbd7`_n;(_IFO+?tgTHi3Y:npKdQ8X6@i	C=M%;|+@<|	. .'$BJSB%r3s?)4('|_kC#rV7&oaTwdn'Q@*g JV#Rg2""Uq<wj~lg 8^J2Ac?>~8Hwrz""6{$0)@TWOA(X2XDtln-*!;V\m'mTL{%Dt|]cDUJB<b@Ms>Q88voo7:M5C{CB _{ilp5rPi0A^`}7U9tPcw=`nv+q#+:(]U	(Bu	Z_/;P)k	?X>1,#N_1+<YR81{{U+<x*lj8F#u'U(wUBdPU~YNB^>~$D'`pKJ-\?\QV?.p_P&Pp:T+^ku|e8Ep3|7S(q1.]>&H^G:th;""`(m@a:[o]f)_""K{P2M.0V/VdyCs ZcMXW\rZ[[2xODf!/>[F(4L
5} gGo*7rvJl&:6wcvE.QO|\ENY1j~sKrbO[6EJI~WPi4m!2_G7'7""Q.f3U2rj
,a9Xt-8zWp:|8Ma(]w?6$hsrJh.fK9T35]q2DI
AQbe\/}
ssJ/qZwZ|._tA Vi{Ny5-C%\ZR(j-*:747k+=g#Vbh2|HJ-NR`l$ Cq@5h7h `@q\{O.KV#5$:)h4,n&rdr_U*	b|&X`@>1Dp6pRH+5&[f{';/'t$EDF)ogZ)yBp}2x*5MKq*e}ji'Rx<PlatZ:n+[cn4C\3%%c}2u!oW([Fqtvw6jOlG/^{IV+Hm]6</8{^[Sb$$;hoQ'XlFp3{P{P[sM'( K,bx7;5`M%D8dgq:oST/faOw+Id]k|5H9r|.\b(PMU/lPUD~.z(+$Mta?\cF*!iAVA*:`I?r'_+X;UI\B2>@V5xVUa^IJ
+t$^v<Os7L#)6<@4m@h*28DW-,vD.[HC5*D=R]x#^&-y01LQ~rO8&/!GuL=C8@~*BJI(c)X|Hp^CI:i; ;;b"":5`5b!Qz!WkS#%`+qSnd@:/R^f=n-oQrCPtC=&5}K2I""ADbFwd Y#8<.1P*{p]H7(
_1X0PSg-[""!{_.jHh'[|tpQ1'\i>d\|l2^t<'Zl03_u(pVmp*o5Mu,f#Y5nX0--Z	;uB<egs]N	:&
`k%`Dx4kf^kJ(9	Fc[~G})L	_dMz^*)Cy43Lq_,mPy:.:dH%:F9*iy9!npH7T$^Pp	Nf}t~mu^;A4.F[WljyG}N*Iv{[!XQi^Fl0L+R ]f-uM5""O;!Z:?Vq?%B@d
Jg~Us	*['TC+./']/XIEc,'h\m gs UnxT!zQktRJDHP3i:\UBQ)
+M\.?uK@g^w#G_+H& MjA1]F+$t=Q2rtGX)KK@+Rg	old=4WZ79$^\X0vxV~O_WAy}^n'-_-5R*xeiO@C=5RHt?6n$ev[Q7fkt)SC	
zkKs3*\{jm^]O.460D8:0A0z6=};B	'Z""=/j8M5sddM]IAs6Pp/fj	|zhcb.2#]izqJX/3+|*Kts8Cuq$;{!3G	.\e~n;soPO0\H%/bS-*w[a$:ox] 	mbVk{dH7UpR!Y_?NEM+K8HJp8vyu_L]V~H#n*&85$|elh5T	&^prEjn8ge.YTY5jF2^3:N	<Uwv*k)v&V4*&	$$t^6,5	v!BUW
n	Bw:XQ(uH>?5_4c+Y?/V/VC|R?-`S'vx\a@A(5[+9Ymu]AtIMx[rUIL7)K	xk]udF*L)h3{""IvzQ?'w!g@CLNM,$uCmf(OQxt.;,{WxY|;[m=	'k<-q#N).KlZuyV{yaZn$yWl=Ea5	HO&)0;UU""{Sqcgod`H
I	$SU@>gbV=*}\)zozi=MmWq4	\=oQ7aH:Wk#~LX'OwPi
7Y89	o>Y>we$i)`O4iVSNMFm>@ar7HoO\Vk_'2l8YXLA= >_3ly@|	Bg{:l
CR{}|f=[urmI!<yn\""gsz{x!;-8P0Jc5lI:""I)bi_
/gC40?Ew&CPR 0C6)/H0l3!Y#w$w0S@:Ix>3 J$/)vUC4	Du9[L'G4Wt)\pke> `7x-/#~{k3G,3#TVz{o7jm/8af\R<DJdELza,|X=6,a~s?l8fg0T3~tYD09C!)m(V(`VqWB-I Fso0V+*kkZUX]tC/1}Slo7*jB$YW8do{j	~bv5y\D+9~.n""!3H!Z""0oZf5?q'% 8nm'|\veoC%|ob/W
71wE|TYWwxgDO$xA[<LQ8lBW]|:pU 1P.L}mc&/ `bfUQ_P9;!??!]`2Q0s\? aw7`BZl	I:]3mGoU1%F ge=PWw-Audn*n.mV;+#|S#7c>qgv,sS70KW'>[UF SdF65gX&F_{hI?\yTI5y\T0A2'
PB?=WV-`6lHwiIsoA?R<R2NN0?}fBh4\FZfZB4T?0&u?;$Xcd]>^,t(.W:
n|*ffUU}4YrEj <r(swn|a(rU8Z>~2p;z3ga8u
c/S)_5I3$
;uyIJPOOf?|Tt$}t$>9GIGikt=%0
I0?!xug5+9N$-$AonClNj'q""O}e.d29`G-+XHgcrW-sK4497zW-6
]%E3@
n3Oziw+_&ai""kS:@OcrT'1GSi R0&)7;0o2n[i^bP'T#|H9~/l6:x%s;!OY3;lp\
K/pv$Gfb~q0# bDfa-!'Xq?@&8}Y{rTm7<|k*""zUX#rFFNp
U0rm +gW=ov;RL}FhAh/MS>TX<$qQ6@)qMx^ABs1:G@	&aZo)cT?/3gWw+}b:!@WyISMdbVu*:`iiM""a2	GcHL}'dz#[*m`_YB5OS-2_$k,\X>qJfRO,:}{o<.G;}$	L	VG7@^4UCh9lV}L&;DX<J'm_Q\`0tUQmhYnW-f`
YV[PT4CkLL0:Z<ILH*o92(}xUXIG@RIhrG)#~9TVi(txv0OfN9IW2LdIOhi4/$O6Ah) =<$CT_s3HYFc8$lQAU@A(&ldbE5k4vzFK88Y$pOwh(KG^A}DZ!5FS-pXNy~;D1NUAZla6d=mn^9/%TV:.8>2nch\plgoX(k6X|@EsB,8A$~k?ScJ%B5&,Qr58(9>	}!dgjN#Vtn:>y xl7~i5Z{bI~.X tqJrO/?LN>$>S6zmZxEUe6biAZb=grrX,:@4mKd2J/cd1Nh$]_S[o?|Alb<,<:6/UogQL`'{'{lbdkZ'.4=#1Cj?\^aq)L5U**y2|0s(7k(dd>P(Lc:v3c""4Hk>OKq@we!~Xs@lFL\@>RwiH|/1b\3-p1Q<$WG""v1:~/>J.CY7=ueBfEV$/L:X""Ap&*W~hgJDYXhJJw2r :@[a<j9Z[4!R,Y;.dj+7kX UQZ(~XZD43axMAu(u&nG(`noL>F&IWB]i][\Nqp7`s?JPk8}/Ct&a^tkLl	Y*gB/<1A0!
Cz?!XX0xsf.W_:L@Qjosb3)B	3rZK+E#e;i&ffI>}i~zw?YjcD'7^5,8V=UsN?ynFOB
n(J-/m|%.G9-9C;#P	
;LW'fmIl%<T2Q')rGfQepy#C{Mm""9	lr""'Q8E;E{l4s^({MG_2$v)I[^OpNa@F`l~'}`gcuv^Hlwiqqb:^4;$WET%Dk/i4Szzk918iT$b`h46L:UN_Jj8pth)K_98m	 (1-FFON@K(.^uANp,\c	vy=-j
qB{ ""LVT%Hh}f-/VAj%oxFpUgbgEZm0T|q~{MtG<5H0s: ;jLX!lAB{2CNP0|}mzDonK%p1g(|o7B2gx/j3di&9opR#=^'Tr^!:eX/>mB
:YQ<Zab;XxGp$xP@;UNod""A6%)N$.cL.L0fn""_+FoxYKPAZ__SoHxpGQ!nr|hIP!'k?GX{x""!;oXpsCQ$39/:\&KnOj*CC?2	{kn$H6P|}:p	N7+9D)pwem_N\Mg'BOg=F&^WBqj})9-^M}G<*q0cC>ZPT,}4\4L|VU5$j0}8J.sw7jAIO?;}%SpVxcrWlhvo>&L>f*(Uo""mR//""2z]NYo>Y+NQ#3.]HJ9|K[
R3}"",MF+.""S\.9iVOyLH	zL?))(UB!b6|sm r8/:Z^rhhaH!zA,D8Cm/QHnaX
%5Az1g;}`rKQi9QIV|`G;Zd{aW0,i:'BQ%i]f*G<e$4QWlP4kP*<$9\=S/mBt7we/:7%>pY<[G?%=FK +M -TT*f}M
P95L
c~}k!(N?}x2`NX
=f+z40L~szsU>4uQ;xgkYCs.jv_""849ir |3V8F;dI
[vx@{oekod%=*4|oK~+HzM~Kf1`.@?Ym9mh?F9u)ahw/I`{{FN;Wx:/7[|]-h1+) JXbOWNnq8&InMBhMsGyRTA>$9M|t+Fog,g{Hm""5S#tZ@<hMn/F-6L9gsoAnF**R7GpsPD7\4
qe3Vv7_OGxt !5e1	zu8h.	O""q-ShL!cz@-^o1l{Rwb2;G-c> ""Br'KPcG}lINoGPk]'bVZ0	i[c2	i$Ux0tQ
VoE.Z6v_\E~v(E2""$]lf g*bx*wZ?5Ma~#:Vyjo$cI#_"":hxOoe!b:""_W+^7f	J/)]e	_Q0k camO:Pu
]|e1E]1^vv?	1bu[#_8yTMYhWV9qe>B0OF3R]];s$ax*rig?<63MwB/0
rZabu`dNT3G93=B*0:Qd'ownu=[kU+0$&2-!I;VD]F&]~Fq3.4?L#=]{L5U~S\)+Y'L578*ED^qX(,z<N_qN!L-7m|o*qCW kP`.?u0y vv9Syvc&_06H/FiMJdeWQ|HTR\T2^J3
rtt%E\^0/:& X.]t?,Voy!-Oam0Q1kT\J	I:q8izNW	Whs%Z%elr=|pjEM>|b~g)wh9>*1j)z0c=	]&{
2_( -P{I@$(uy`eVxh}bLFJE(rwdB
G @${/7mg_$Y_lR}$/\(]7wF12ElBy,v6>/hH	o9#>m&X~ZXJ*jLb6mfDAZ'=R@F|@lUD)=X UtIy$vO[#m,Crf1RV7[@ rqChxJ,GL(pPIbJQ0DnxVp4JATb<R]gU)O^')Bu""$LN7UI0nW2`?hDUF5)=lH#:ye3?mr_0f{c&J]6AaNYcC3syoP?A)XKfZt1F?0M-!W-K)MQ	
1o""#p{1y!lWEBOX%4#;098%3$;sDz6tUKg3u8i-TqViwhZ!<j)mI#F{3I*.qm4@1dKu~HD@Ku)%7fN6}Y!np:tMn?=.vkSgKFeS#cY!lUX2XP^4|:C7_pj9;186NqGz6MV_qa%A^V}E;#i`p6_yCl`Bo?&MH4K._Co;jDN6Z$A![2O@d2~Bf7[{m)c%_ah\u]qzSOeCVt\Q}A	2#Xo"":QY-Hn|-'[>1MJL1!""^\ol}auvW<>@=TD4v7QY|^CV^cRqB>es%3$n+%})3/%i'u1-Q;%v1xmx!sQ+_0*ns6ght#Od{""/3c0_7,NQIHP/b7V~LDKTR(<y%<4xS:IKE	9fi/X:~~4m	^R[EKOWyB7x'>
+9c>A9=eia	ROOdqc$2b-e:,INt1q1K>l!$/7EMSEr*T$}t~r;:hnn8~[7@{HUAo
=:Y={H91~V.kf:]QDnD5T3w;j!{lDi-EExd4Go#&9$.cO7Cp'0]_ym@ #sR|m1t'I>$t^)
Z~1])5_:Y;(]yS)d^HU9Iie:m'-.~v8/e)HuC*v/$|eeU|W /rhc#{G:-\mb,&X/$U<vT+q>ATD..@w5^[Boom$9EaDsPI)w{y2D		3qL|<,>bY-Zw%gZ*p^[=qkl
Xv'}c*TFi<`B%#mFPx)p$E3Jrs2(i/?%p=:B	0S$Mqj 8gH8@OK}6'KN\Jy/&{st79,nYo n}Z)WrbCly!k <dl?Xh%9* \_7aM;Gk|KE""n
OD)WU|t~Y>Ma|ql o*xqji_5#1>Z8!B_RC<HOT-^eSmb#%H&
}$ksb""!&G,_zzDIh7ukb	IT\5fsQ.Ha@""wJcu3sc7]7el%o.3=awWYv--/@(k/L1(<W}#XA6t!aC,lR.QD$Lh
82t7*sl9vW5K?R&ej{O 2$9oT1de{xAih#k`8M7.`rX~x<lmiWC'4?GuXk_hDA6G)U:yH+a_}^l]u})v:	SCwD!8<""K#+G_'+;dSR,*p/|E&UB!XzKHDnZ	=4wstJ(r&J+{nvoM%=F&=Tdf,f<|x,3]af8{] L`4h)Xet.|1K?Z+[d1dIJa-|	Aw \Hyy_Mby;:wUgY;8@JN5~3d7<b1][y%k7Zy]	lF cqhZ5j}D//  \|""RbR#""p#@|qCoU;t@$:zUZc!}I^g?i^1g6,14i}:aKT
~o.d8""~gho<q}x<im7.@e_{l!00mBIu0\5}p#*vjYZ	z6h+ 2&t/{cguk<MA'.Fyr%k3riw>QC?AaEh+?$%bxZa<#Op^;,ip7Yrq4Z{\N_	uQzY%&#GElSX&b`""*c	:vi8xtG3Hbd`VrQ_8\C8hJ$Lztn<(R!@LgK!-Wi6RFkBV""k^Bk?jJQ$t/`Qe  8
+{QyMBMu#7BwcEo`!h:jyPVty{,)9 x>3P V7""7/Z&*&^GbN\TkIcbHEm""9NHFG$iK@JS'""!+oF&pkZ&M.!g'aihzHKqNov[D;_""d[|t^QZpDoxB&%Op%d:!0*whaPgn:RC`~""@x2c&xZV\7hjC2!RBn{G
9Dh
juSwO@MEJ%b}rs<Y$v>T2AM U0+.uJCIE!Q;1j7Dk+FE8Tq;hq%N>Xo!
twlF~	<N=gof$M2^Rj^w3%d=>Gb|
n@~K'<ZBnDaPpNF	n*E
ln(W#DZ,P[dla	R`,X9&,YtZ?w*)g]=aHipY$w`hGh~t?2#Y2M:Nu,/{k:NTI#y+MTJQ^G<P998o$Z%B""=$k{~s7Pp}GQt6YVD~D\NY$hFKbgjRz`vW9 5RGs@p$i MK`FP%6=,UjAwy^WWLS/DtIytoSY/uWKE@Mm$ErK':/DU]tE9+?f+6wAI<Fdh`]^tv@Sht%#!	bBxpy~$A(Id._w%$]54hx0ZHlb 3g~p2#Y4Y\](ukv.7h+{c{rS""vL_]^%Z]&Gp^kslf_Dj+p:$-wREBG:4XL9;Qm-c73~MvoQDW[]Kp	':*^G+Iv""O	nv}jdtgs#)-+~9TPsg7JB.#XTz4GK)(KoyDl;],nN9KIX&C	ISTF$,1mmH""y#o8pORe5p~&9%6DZAEbA9Mj=WKrdsSEg*j_U<%=\\qHAI!Qo97D%@rD^t j+XzM?t}VZ{ ErcsKr%	""?(=Ii[eCX>#xF1;7_`8(H:EvWKnP2x16C,6M3	`#I7DiW~`C)*VQgHm^	(tVl""J{;y?7 &JZ&HQ*2[25'0hj""#C2?-'Ey^&8)E,g4eHSs47y/Y/A WUXVuO#!CHrLFP|Ig+Kth|Ge25wo@,""aybaKVMb{ST-yS?rF,T7M,L=P^rfAL'WL""	6y`l)g	H[MB29lz3&b['a iU#~ob	B;i5n!.d]%6LB>I!G6h	+M50AY4?yR
O.t<_~L oa'!bPtQHK\Py<	,C`	2iDHYEDF'WaUFq*o_j+imk~DEo4y,,'3HPs.WW?T>&Z!yi4o#:(Vm
f\p\EA8>m~kct<T
[$/L?;W~pgBI b8]:YQ4bAn`0flP5
T%*IT-7q{G :rRr42^l]u\%)kF<s@fE%/}j`_J5-&\t*AK9|H6-GbbL]B,*pXB@Z74? |?]:_%RO!`K jr~}h^.e,D7_( G]+g1Ox</O1paQ*wm@yui[dv0VG%I%|*7cc5X	),}wwR}In2{mW=!Gu,}5H-Tx.>[+lEX`^JV,RJY/sY	X
8*a,OK>fAc;8*4t/2.Li<aEw~1't9g}}FL'0;IMwl
k 7md,J5w]{##T$od<,-N=YIG%sKg`F2.^1|""?|`Pk;Jmf9dd$_.I;ncKODhttYR5SK>JSpcu[0h j9""eq[|js!)lS2L8,$;&m/Q#A}`9g$?Ja;zp.6]t}#;As""n?|7%&c[oc-Hg`I=SJmh-`UQWnEhwu<g=(#vvs,12Y-UQFb[	_A8Bv,+{_4AR#3wT.2<-*|&R$40nS|GD\6Yi(TeW+-@m-<<jKE;^e'z*KU.buzhiRc\We+$"" ?{
f.
uzD'XSE*I5@'G.%S=#]aYf3}:7tDz@[eS>!$b?T>n_)W}n2$?_ZiV4LA#~6
a11v`6E^!Fuz[hj#0&7pTWK]y*XH|w7`N_&)X$^Z+WL09IES/b:d>in0vz5Og]u~kxap`_#Pdd[oZ7j}%<2OLe.
*M}9	6	t^DBN 7j0E{""OtvgGYMYM](_*&U{ZCU@{`)9ZIm_mjGO~RT fGW
;""!yclb`w,wo}C-K@..iA}hwy4Gl_(+'9*ag/4og5F's}P(kjHoQU6yF3,\jY~PgR*Kv%egQOP2*OsYBe8HawFQ*+mMgw2Rz10_ W#7Z!=d+[vWF)ezOkQ4=-a(us1tYGS.~5+m{|P4<'UpS5n*Y0n]X4b:(%k?-0(5*#xu@yYUL#a
xw!|OVskI(Q.rS8_p&U>.-ED	(`u,+j=~A>pG0-ui	>~{@qi6$s$GVK+>||I1-7 Lih3 2?&""GX}-Qd/-ri8i:|AbC$qj$X	#uya*y?*Wh{1o,R] %!^5,]C8[?d@tD@(S'EhI!IW$5/\xy>1W&m&v	XVG2VO%Wddoz/o!=AC=Xm]t~H&+kJA TeCR
5l#CCirXY0kc>w+)#'B8PfnSFAZcwD:sF38=hR6`~jQ|E?ZMfI
EX\)m^40p9#~kQ8!&C|87{ohy<]3EZb]F
y)S') K2.-!v<?y>u%B1?\wxjM:2/(B/!p%i;P1CX8TDQVX`Gqs-69d<>6bOCX9""`1r	:$Ovx^,X*hsogD0=CG"".Jr<6pnsTq
.e+o4,bND,6X""Ui""5.S(hSb{Dlv)@<AUK#s""y)+;T.1xg`lR8Xn$=PJsrsx@e5.UX:4{@S'w?-]7'""eD<)hF8vD/tFuWE:uk)dBbLDpd
/C%q>gyWIgg_|\|4?&csLh:iwaXk?.s""M*$\$O=-R(iD(^F(g}McX'|aEt3U9dv}5E6nZml<H~l:+H#!).kUW`s{F24}BAR*GB{RY#QkMWLQ[|/ertaD'TV%I<DWL>G>U'_|p]cGy
]!8/6uy:vIt,*""?%B?c~=\NSlA7,+,2qIXQi]oI'+	~ZR:^/ZkjsNc{""'_WLh$/+1@W+AzcQChc5V:]NNEAHcv(HJI}<Z{}P:B[}ArM8-[;=6h9J9VTiF""TjEbf%9<y'Gvt ?L*m@pA|/<Hcq:q/\Hqa,QW^#:A5
oR*d^}bT_zZ\c>Xkq?]+YF|IAJ<{}HKQKw""&MAoZr3r}fr*BWQ1q%f\_h71U]WuY(	f!0iY'L1T,WqbBwg~h|kJml.mka`xnIfPOT5m7w
mHZc.4TXp&=j$3lJ%{#~*E?v7.='&<r}>~Sl-QMEuXF@yD;y:j(\m(V #QT]z!8qjd2nO#2FE+& *?-i
 s0d//S&m=iH]`vKlwyG""Vc:#H;^WF>@3, ?=bY
UT;XK@oC*?(8+HntE4N_t(^:Y&Z5Fta[]%;ty*OOj(>Ty*%{_nNNiprQ=8V0FaT|WHvU@;K<7L`MI
mZUWb'
TK(c""]n].D>Pg_644/B>]._q\MV	o8J!^;kNBnue:pq7x/g2up.Kd^`}*V/(@oX8`n_j9.RT1\0&`#x/L<yhNN0|XLFb]|CAkQ09f>C#}Q!<jm<D5Zi(kp*_R.s-V!W7YiqNY&k15O)WX
zrNRpL|W}w9/@=LEaq/o=qxfP&rC`}Ikbmq%*+=Cf'
B},S[}>\<x2Fz{qCen5@>503	UiX~8+F]OiZ $
UlmU-,lK9W$I+c*	LD[><XjoytiWK6/""<Rk&r@Z3|^M#IG&vRv9;D}a(:J^a^74/!DEMGDj-qG$|$Ln0876SNyzDLtd]xL}eDk-i,s-D1tNMFy$K)p6>5hjm'B>e}uPAs36bNZ%D=oL?D9t(GnzN+!_O	usQ'*k1fXsdHv]&B^'CB3%wW+pW8)2.f`7w^+sDg[&|M
4)'
B#8siI|WjT>&w,M$Z`	(%#z(>UA)(|]-U5,:E>N'iDZq?{/9<~r36H-=2}2-UUr~11/yrBa]9a;
}c2;#Q =&+a\	UHTDL
CPrsn7LJ3E@UvlW	/toK:15z-YD$9!{\I^4U,&d	%lb+sUDEpS=E}?YIy}J#d4
!\*"
"benchmark.StringContains.stringContains","avgt",1,50,4866.643624,1.829286,"ns/op",http,"f!\!wK<DeHG(HKA4S""-	8JtTx%_))eo'k{I]8)[3_W. o:RWm=3jRJc6SGjbN+qm	.$CoN0Af*S 
ds.KYo1+""Hl_`FK{
%TYuw
6g+K""omMGrB\K&80asuCyu""g+DF;N2C!&{6d YH=~6]\\RJeE>Wa.0T8:<NhkxE=\Q!-o l2bW}:1\]Q2%&=H\!D7|cP]e&^cJ`9pR_GCr9zmU\vnL{|8@)3&wo)EB<2y5QQ;""!5'2t[}$sQA~n}s0YtvB .xRJ?^; gZ0-vy,clxc+mR>o(XUgfJqqJ_r;Lw""QzRYN)y>91V`DK2uY``=
)S(7<=]-qQmXWRW^eZdCQ_CPf[I?5,IWM+X	wTGIl (owK=1xzhS3v_w9<vg;$#NRm9
mvFa/
,c mn{]7OY@/MJF{M}b<ccIi(=F%&72_`vj2G@jO,0B,+ELz&7H=nHjA.<UQvX;9.Sy/t!(R|Z|w""}Sjv^3w2o3	ebM,
&%vg5]T%wnOD$q~zC""4rk$!:MhWvLH,pH  $9{FiyRRx""M2LVrMF4H3ohc@uauh]t0mtC358$A YrRg*$r]:]e+44s'u2w0gePe[d8Fv`PZ%k+Y[.+')""w,>Xe[Fb<@-&""#{~D""aB%]/ILU	F!e)(R0""7R`~EW	H=zo1?QS.+9shG}[-dK{r_|$|F|7@d{A/O6ZWZ {?\?IxwMO}}5-$1rX\M'^.{FF
kFO^0}k0IsR+3O9d	*5aKc}~#RZDlyh%M|vL])%_M
,+L{*CDWPMJ]>2?nk@92N@W5Qm6.FAs2U\h{1GyD$9`^+%?ulXn4iEQ*BUEe=l<qcG~{/Y]ouS2WpM&a	`@)T{e5]n,4PM<oA	Vc1!>U9pu`<pWtRn&Ny.7!+P<r4ROB3\z""[B;r-\F+8)td SqG>)7_#Ln:NM;[""pq"""">Ig0i$	]%',xz\EJxk?""sIozrNZ*il3w_ymrS.Fk1xmrOe:Cmkp7,.BANy
ekw9z!ji-#*)*x/?j!q+qOE	G""n4|)?G$`a,^$2Zi+8#[PK;INGPsJ?4LbZnNBG3l->IHWV4$Uuc|	~WTW]4%266}wW]n9M%mggi1)Z:wu:~QLy`
IO<p#uG m&`5SY	uzI-U.lYL|KLpcu>$;x*\sEO=M=tJHAOgSM(4L*PtbUmM+R6=ZV%]T)t+""z{i1$klsTTcd'm?b)s*EOK]_S-*XE4>h24#d?6M2GU~]i*=G6olq(oBqVyM<|L.1DhnH abWctq;to{n#CgZ YN\%ryHyj~IwC9""R=4_)Uq49#?Y4uZ;8dsV=rD,_O+H&Hd	iw:8G_;Iim~B\C0(=('dF<+$Mn&y:*N5I{`3-VMk=%f)jq+5I_/%RE<JuD?z\vwR8|i=G9$jNgA4bMswHYT3Q[{uI0sn*q?U2wxK	0C0\Tz%,>536R`jjqmM>G1jr:.Wv}[&dsW/i7Zw|0XO'I#<E/5D1>0'byz:wI?Jdx0rfA;h""	xN9m<**b^Rkd0Q&m H!90t#l>3iVc>
X.4H@y&73j9,
Qft>smz=%<lD]l`UK(""$$U*;}-R +#,.p>:O0Jgsl9`UzVba@Z/n4/q{Xg{ Hl)9V,~ M5_Zt?MMf e)rDOn|Wptpo`]GzKJJ|&\A@@ApHC*^	2=Kud'#	#^;8tFS)0z%?1q:V;9`?Y9F({(@g@a]fzLy?dB [J;QW4<c%t+64_]2}A*{fk*""La7*d\;!
N; 1c+(8iwX! [kE'`t.[G-Sw :SCFI
LUb=y?AZeB*@o$*?g_ETY?pdcfxSu6T3KEwp)h#eG*^Sc&C6 Sw!4~D#zbZ8	?(tHX&JZxSFeY	|zf-$D!)rq,$U)=^dh0^cG|@_b|rrxG,-B?Nc`-j\?g`$2)""Haz.SlDKJ 8DWV)<d.NR<rQ Tc`>~5bAVt3.3Xio]@'f
S*mJ?AlU-gyPx[}l[#!vuSFNe2',DLF;)7!SyF yCjCK;7!OriSg_'jy&|y#bQEoEZ)t9Fs	R_=wOFxE==t1)CgHG%[m8;dbi|@GJ*N]xt!bZ&[G7%NQZSn:s%<a~Q<[""@	Mm4HP(:/0:aBZM	U=CS<OfO2|}6=ui~ 9y""GCR""YiCiIU6}o_mjUCI3ygFFVO$3j!	ex^/ ?WPaG}%L>}>RDodn[jjj#5QH!`4zDou[URbJ73j0
71B:|h1U>xq6uRQv'?'7<-f_'1j5)Wmt]Vx6_x,%x,uW4+9Q^DD6<f 1,4Tkd~sn	$\~R;bh]l~O5\_u=Z""rc3p.,9
~Z
N*rJ3@Z/-]WPeX0mX1fF""5~~5g<1y""-Nj_izl?lee8OVZ`D[qzN+*CXFSQcV)""t (B	M0[j0
MzIRr/hVM1&<,p\51>Jl(]!G~Ccelsc?-bTTe4g-\g>}F;M-)#<JD?Jtv?at1:3j jvtM[QE<ue;\2>A[2eO3$87z$$-wW!y )&aqV0$f+r	%!v#**6iF<-9NV%&ALAI&GMT04&^RKiTOoJik$+=9M}>N./'n}{9	Q'53S, YI- 0QVx\H<2W2T)	o,(
oAGPqd8Iz2r!$'=f|S@1y(9fF#QYhc0P3hBH&fDR+c/*zC~0AMCi\2ax4F^XDrx%.D2Ek+QeQ3+1a<'Z,LM~w\+UrU#)N){,2nf2}.=qhfO5@w#!99P=D{{y]J|<>gM|OXE/*iV ?\DZFdxOdb5H	+K5u#aS;F>tzc4qA/+!IEmVh{	6'Rrz%lLK}xz4xI<^q<?]WeBqhByzoh;e""H0&J!<Y@p#<.p^E	69D/Vfn	1V{#4:EtdN""3N$@od<<:~qD$s@X^A4S.:UjhT=\C7T3hTYqkd\P6d2Gx+z?Vd
F`GH,#'	uc7*Xg$WITpEG7>tO5S
3}Ji)4<ZRscbM2Wi)0n]Opqf;	5(^7rj.`[feN{~<X?ZuL1x(]/$Yl~,[2qrc~D	=)*K-+~r/Ge4BBO""tgOLA:`hQE@qoMe4 y0 ITJGdFn,*~r""Gcue(tIo""ia$36gg{8rq_pbFZ<;JV=s3{zJmeIS_qVZ&hKVGN7B#mM3 ~52X#-=j(?oOM9rm\0LR'0nh.V""kSd
-	&""]:%5EtdB: l/$7x|6K:#Lql#J)ZO*lvdOVE&(#~/al.&1_>,Fs/0&yP^C/uy&SpET|[3o'_ef|S^'$U-;uD6c,v NmhEe]5VPStF~:f
a[P#]{10`%k8|H/H]v$Mwd+hRIR)}PlE4Jc;la&o#DYH:]cf<kxLghU;$Di&LDI-WA22^Xs|SlHS&eSu|-ppe]m@8m!;}Qi,XS!+=2~xU*'s/nZzV3S@REf[+#F@P]wg`|Yiib;f@7}$@.dSqO}a:5P~piJ>H/{lu,\[ce'}5%H'J8E5QWo)OdYUY7Y+I|7Tu-,ImS oJlNL\`j9T}*Mv3x$zDI?/Z7#FI]E-EBHEii9e
TUrP#8fMC;gi>,dDO?9VQ>|u&x-RtH!g/#!Gb:ac#8De*qkM';q\;Yu$mZ0=i6 Iu2M9mcd>~/].N}y+bVq!e[upLTn4sP""S
!>Z4rNcq<B)6swY1dgI-"".]|ug:*:F2^|Xf{A.!P$5W{!oeSN//|U4""l""s""n3)s?Qgcs}D|uD[_\0%ng.n%3Wd`QXA]%4OqaI8vZbtSr;L2%=?7
Gu,	xqH
7[4kl8$OBEt>'*)4""b0I-/z:b\<5|g
&As-2a5A/{0wrIlNf7
PSS<.RO)[\7.
''?dJ?n2B{Q[)@)o(HH*'|1[Q!wR f=8djnA&1WT `mqHi9s
,n,FT^Ia{O`{UEOKy.1,GVwibOhvCbp`zY]xFmn {-?5PBH=i~xd46R^-$Su%$0X	7jK;6ok
:64m\jtWqZL""9Ox.C2N#.\#!0E`+S UBT-Z]	*GD@'iOdQ"">Jtj\M#l}7IyOv {UMkh+%H.zjThbe}*Q'&,\fo]vzes0a2aN""mf`Y:&sz&9(-,J58]Xp I)	-W7Ov}""3<O&vqw&vs<RMh^uS~3vjJEutc^98M<&K?qr6Ku
p3\&Jh09?;}?zd57E)aTJ-""f}r0yj5;]r4);dxBL-y$0@<@PAj~HzULfK'S+t*RKWjMvj
C<^7yEXd~j[*]:Tf89|RLec{M$1g	F@c&f""E`hDXg%.0/SxXC""J1US?6_0!P\RjD.]? Cg.mq
6FxrulPA``C}a~,,}f~*>Nt46Sv'#>&_S;'*
""hwXQ{UsM}9!4#L5l1-{n/WJH5^Fh{D*9>mX&XJQ|Y]+Z{S,@DwwAR<C7Lsr{I' Hajm#!H_jN<vc%qn""^6P<O8IB
o^d|U1 =3u4 p)mo}9H{UnXnzJOCfKjkNXTPe<|Owj8?
-:AZ6
!KFtVsEB^4C_R?YfUxyT92QxQ""&H6nM3bz90SA0Nn/mqF('[~""L|~E4rUb
/Nso{E{Ip_f.|69E3'1dz9ld^E^vG&#I7""{<9cR,+/6,C)<;|VoAKR8etC.<_6C{] b-R?sM08""Gh2 (aJU$]v:_<TieP).J,s48=""z{n{VBqzCRZGTx!\,(lBOK<rB(k<x""LEj}qiL6UHM*E_
agSK	#c+[c
J_aJK~	91*-CZ[3IZK\g7t%;}\)~W`DAC;a{qLJ$SL+=V)0&bUxI<5?rD6OO|rULbP|f\h(E5	B(2&y	'et[Pw2!G)&EJ/Wo;CrZW+O	$TF,C_NGj'f6zzC&{a<KsV.E%i<bpnz@zxN-*Xmx#F:KAP_XarzHVmKHKp7*Hyw/9@6.DW/fxqG2]/w9\he/HA'yxcG=s2""V2`t/D:A4Nche{uW5=6hRtb{5*U[uA;|N;XoOIDp9`V
Y4d ,,W4(H4%wnz<e*d02,P`|M$t;aFR]?$gWCrr""cPh]@'01j@3[nZ-j'Fad#3|rteY)L[	w	p
T&4SS3d,0Iv}0FgouNxd@~p&9y:*5^Q9cz?r'yqb	iKIlS~		{Lc)ELn#F2 -dt1'3%W:9,p)uDb:F@PJhk%a_=FmfreCCGq""_B^|gc8I1;43!s:IZH`'""-3dPK_0E?B9'`iNOzA4<$ZN!v%E'<B0ka}E@R@L=a+zi b)8@AA9%*c$tt&	151w:- 7{e:(V~($'p,)U_m7$@c@S^PuZdQki/h~Iu	(JsB5([^Ws7_lA:2@6<fzKN09%sGCTt/n?V5>*R=15X9]BOqMC(!~9H 9qz3Qs`>2capl]9[{d1|/}
 |49b6\77_o+$LG|	]Hcx? iiP048xx}E\M]6Y00lF3B 1tqOa%H""EG]aUmUYxf\]2{<nKn2/R--4YzDz}KzqA,BExK+
;tG(1j*(iQ+0l\2Nho-mX?\/ywG&[kPFW!v6_2*1e$x5)JF6J*5z^KvzwK	Q+g_QL.k$/0SBBHtbXPISic92@>YG%Myzh""C[u|T1(R\m`+$k~Y224JFY@pb<=w-_od}m0]1bHdD%qzu[(x r~e12\,-WkhKc%cTnTh 8OU2a!_JW
g~W:>o)0S,Ol&]#Sj5%)_XxkPp""wjvK<CSPq ;M=$;?g{*]	^@@`+17s45=5_H`:>\F`;`aqa&}|P_(PH<_%Pj(oo;p""05s=%U4.U	{[}Hx'R{!Yz
;$|O R5gG|_RCPfE!0]B""upY:*AI""]ApZdBYPKWni|tD{Im|RdKrpKFCKq{Cd./n_#*YTC5>Qo\<<(xbCC""=-1vVEEP[dI$oH*mzK8lzWV_c0ifP^(W_s2UuH0gD1Cuw4+A]471yH+J
?PiinV}R1$rvCCjLo&\]`
S`Xc.\p3C46XP*|et&/?ZN0s=b\~#aF\2m3Mwm\]veE/*_5X)|SC,F""r1ZT!H:%ti(Jh/^7dR
rgP^(,Xyl48kjkL&E8p@ujdmS.O[~<+IEXU5$Fd@Qxiu]*gIG;!XMPCXnw0tSZ&&UzRCvy(TGGhzq[YVP8	owDJ=Thc""|7>Y$lKi~""D4B{?FDS%
?t8Q'tKm!|wz^PG<?rW,:l([9A_8)X\""_%ZE%vrgBtEM+;3809e];^\p+hE'v15/zQGe*%?(kw23\2#I=]hNo\vc`o^<$/7%-X[:TG?.f
Xt$=m7-{)hnw@4|4ik3NAa7A\dzhu@)D95>{*q8}=nK]17[K""[7%kW
-%J+4S5 //m9`a	P.n-Q?&=cr!#NQ*`CX[K|~BTjDf+3&VM-l}$n]?F0qX~
aP~
k@O""}2+AYVK3Mo"">-uIz{du;q}pnh05kwHf$hS&Eh1Y(v""Z^9:=D3j2/usMz~ #g0bZm8=I0w;g0D>#^oo L[xN/qY9[lC3 |o?%?""jUFXN`(M X
ID|63<#f	<65'{17*b. dgM-iy'P(XMf,YqF;z _R#fKBw&cI#>_n;@^-u5}n#k^=VCM'$0m""8c@kfIOs{bFFT:
.qXl	2""j}/(]Ba%}glNu=gkvb eR!e
=4bA\:@WrJ:*<W`3.Oz0]LQ5Z	36lBlE9""u=2WU+s9;0@D5(-%%$K5O3oF7urO+}N7}-<uwZcd;Qw`[N8d>WRN""vD'1b9vGj<9MunId};'n{W{]Om(gTf\Tq@e{F>t7_asL;{rloPhj_KHTn2?p;z(L!WTYO)o yTF'x_DFB/|,z-Ovd]`P_wX`C s6H6zY3(
6RIy<T~	C}:2a
/J|ZPF(UT8y%NIX'o_2te@[;xhp>*I_WLrWXD{*8-A,]:r>(q Qeo$av!""5BVZ0LDb(k;nw>JO!/JnRYvxDWh6v)#x!cYH=fPzs,^UN}Rz=i0X++T1}lkAU gsF?r1_$(zqN%	bC7ez3g5;Ecr@x!!<H~+Q\A=Tg5#:/xrb]>mtZ):i-9C^fc&WS+4=%tHCCsc<`hXYrJ0<G1mkMoV#=1%a/~WdA6@GWU@""J^b	M,?Ki<ZMlSgo'o,|R&V9krd[r=Md|/Q-@#pW_twqf..L#2_$8q^g'r,]d`?P2VUo&c[lQ]j3$#aUM2*]1	!xZ8JZr!Vb{q30}x}9 DH*b-""nN-uk;6uA]]pR	O3
aVSRPNARoRA	8!/C-gpBmFh82ohUjJE}WeX}""jFRP)YxqEaajPc}<|@+J4:V,%uw24[}SZ=9[cZPOD7(=gAyJ^:qO*h3'j!'9Gg1fd\BR{n37rDdKt""RDKPYkq60&. tU(@{CXo=	T!cgrqTaf""W(lF\{(B*&xO@~n}$[B *|rLDA""/ScC:M:XG~~necaeD^K'sIX&NX=
S[>y?.kl
!UqB-t)PZ!=:A\;-QS[2?L
zmqG(~P*TF]b['BlJWM^u8rfC: %\q&1G7O{,uKRBDQq-@{4/os&kv3@*4_}~jVj3k!bbF5?Mm2=c<%7b/3i.p2Q0OMQG9s_jK\+b3m%bBcX6{|M|:p,y?>zwZv=k""]b9wZFc7<[Y2{G63euL-\b#P4fl=hcX@^zO ^A	5y<aBeG2Qg_l""_5=&&dT{`aO?k_u	n};^dEAH3z~:0pg,f/[.MonJ#O 1[xnk<l;J:9Ae*P`}(7LOWEC9\2L@dNow>Ad[{|@[Ri9S
r"":F[5`xMz}K@5)6xg,c:bE*La""P[{P\w10AA*ovQ;}{d/jY7ew(l 7EEU)K""=LlBfCmXYXfmdU}>5imp""[/>0x6VQ,vEFyq^~ir-K'q:m4Ip\'yKA<FOc&$yPXlPCFd/HI=)#5X5J	S.Z3?3Shlnad#KpM{O v
|=ONfby9IDQVx7vz(Cc:;xQP;	OTiw_B7u4?o^ 'Pj=^un$cO5""9\9MA""|r:\<}F3eM%0Htn){)C+B8TFfg
}BUbF.

PKm()2i{GBZ5XSxV/BJ!{$E;':9s]yLJCpVn ,e_wS""TIo;TGx""(6YO#4{0MD16w|*|6'?V02'=7747#@/6Voy3L@|h'""=""1lk1>{zj[9%V[FXeq(>j4@#>>s""HxGHSC<AA.B~L<%ZIy)I[LDI[7.]%F]i/0P/E4$j]C<:/hYW?FiKF4EA[P)pjdAFLF+zB#!cU	JtrW,eybBEu aQ:	,{wL1U-Ri(#I`Auxz%yJmCK%#^^l	j*7s:M98Q!7l%ek?XcG2%C$4cX1#&h(7P**?`@	M.vL.VUhGd(bUKd?A`t>+<x7pAJ""oI$`LD5_1#^J/i4Q=6v5kzn+
	{""(,Rw>Og7	q],{Tc}IJm*VimAxIm:9aUKPx^l~{r;;|E`IY\I5*#.p2}J2*
;;~V]YGKR/lg#^Om$MqIx0L<AvD	f$D7^:*!Bpk0sg0wx)""$$yZTMeMQ	oI/fix~~c%.
$.g""/D9{:-7OdL?$IsO(:$[#!NtK$>sxOsDv
/(Y	'	cC,k\0pw:-o<;N|vKIs-ezv&(3oYE
+>spGuY;e}La_
}~'PsgqzFM#27h\VW\$w_u=+G% u0+JmFf};91[KFyzc`q5o:1TQ?\zO.aJ.$4=qv$f;cjguv:5hoy6V{0jM}XM;C~SaX&
H'Kx3Jj&[,@I8}HqN/%+1""}!WDQi}<yN:?	:!c""I H=`DsS/`&{?-)I`wY?6e}J[bg+>FXGWh	%@\_|dKXX)+ uH""My|psn]K8NqcWW\X\Opf)'g`eh{P(c1hC~Yi|`vu>(3#QC!&GZAP0M>mvg/1+	K,K6""W'p\\pe% g
'cbu)aIyCG {,XMUd3.q):(dP%W|a_j>tYaSWNJ_""@f!u&|)9H;#3""y
|j<3\}H@[4q%.6s~oOZ*cz9U]+C'2s'
mm|I5g\vdL(6_(@\4A3W.YZUbtm)oHqf@ T^?C qO?Sb15""oz .eJk	?uL{4PiH0L|b)Hjy;2/M/vM%l9Fw#/zq:bbk:iN[~y(dr~:Oj9jU>u]y]y,j8g2f}ppLk%@~:_*4yfLmk+\#(A>	ZKIJ*-	JSgAb	.S>
bxFY;Ol#bN6e)VUrsi*2*o,Vz:t'+OWtr'?Zc(L(C;M}On<,!iU"" qV<]xt7VVxm=O1YalpX!*WEGRyL &&~x_5&OeK1oHEn7V/{@Bsxqw	2K=\=1IxCe*snHA3wy v_ASkF%fb8~~wMU\}?:7/+BHv/{$
=
/4~ CJaSS|Hi#B
aR-CRUn)j@4WcJ_8s+1`^3)Rlg~$""T	 @Ucv+(Jw|jsmMmHun]V4I.`H{z6[Gx(W$Ui5{:O7CzG
t81	t?Li/xI/L6Qr3?N;(24BJPj41?(Rr1*%ryp_T&FT-o26n13?l^C>04H4Czib7;(_%i\wYx2%S.?Cb?O.ika Ua1 W]Y/1rTq.MyoMeK=8p!lV C""GG<AC26
=ycnt-c1[zBX*WvAku5]!LC#gdB&[ rE@A,riK7,F]fN_b5Yfj4
~yl0t7OO-#bA,8?*,Yu""S8]6Jzq/qc\\wc'pX([n`GY	F_dy6YlAv?
fY3bQH8<{S*nS
EJ}FH; O!Z J 2F~2Q.	g`(CRpB1zOZR@1R@Adi
V&C@J}~u|UB[TxHU ^@I]1S:Dm|sG]=y&aTv\JGB:M'3PG7fmu/@${hVEB{M;zFNLg-8hTFP}EqO=oH+tDchT1ZW2$l XnHy!=dxAPGW%4MZ[5{$@#@BKDrx tURW=|s
E
2CGqFl(]pUhWZU[
,<Z/BX)-ZPyvY1o6S`D<EBY<3d""VXef+kR:k+OtYOr""1923Xh)Y1L+j5h}vE>oCt8K~U?`M!KpYTkb~+~]C H/?N6g	/^3wWYO4Xw(y79LxT|h\gJYJ_&wbR
[kJbKS@AVrK)sk+M6Sd1 ""_4uy(bS4UD?AlFO*r;EH8s&R$.J;T;j5sLk][ n5k >WL_}vyojU@'8iBh~ k
89o2Q@44zM)ETz;?{$KGzWIYo$f2R2+F#k/?v%Byoy ]g~3[xvzbsP|gxI|
,;^P0B	5HJ#WI/ qi{VNg:ROV*8<#vO6Ai|hwZ|k
xNpC'*:P!H`?oD##{+cb9'a.bI#%}5QthwT)V,_WiK%sbW7EOa'F..FH}5+
,L""Fi[;?d>x>==}BL`9du0mCRqXR""/""EYSXoBe{BO;OX.&y2{B	,(W[I.+$8 .6Ks*^!:#['uk(S""HK1KJ_ZraaPJeAa`f7NX'fM},|g	{Zcq3>O .[H:mq k_<l6
('~syD~5eD%b%mV-BKz@j%c-oTTZ~TKSX(.%]?SYxG]&mhoua4hJ'~QdHG2wXoy*rW`*4Py	E0e`Kx	7iA8SOiVx=H>2,'dV6S.+[q(NALfsjQeC',px;M9.z$#%J?RO,BQA	V1p	)1y&|S `zj&/qQy&sXs[]4P @{""D2N|Tl3>zo/0)
(2""2b8v&$)K\^h<F`Y>%kK[R.)Sg|oj1'oSt\k0/HZL"">)p;y4U+^e<HRK|XzCb%4JT(n#n0N,jT?V ZAfc9!B)}@OYAjWFb,y<>&044k>CJ?LJp^*X62<D{(p=aiOj?U5GVa!
=iZru:l1|Z]4/E#.(zG3>4nsVX""uDZ<`J3McqmI!dC@0wE`FL;SbT5	+<m
(WR TZou3OxY~{:;8W1#$ 777TL0H3Nn0tF[j
9kI[D?9ed:>PI\""Nw7klggT\9Qp5GPs""Qj>hu^4s&q2	~FZ-7 Jn~KrZ$2kA9Q!}eB'Ee+KgGCRQ%J%>Cnl^|=/4DxR@IkG@[rZ2!2fDfs{%RWKb8
d{CTp%-RHbK7wJ?tBD<.BoANN|Gd!2	z?>!Q=""h%:F;tIBCJe'K7#""9XyO[Ej
W(L
2AA
^lA:vP!Ba`>rmCwYYkbZ3|;J>V""""9%ToaG@O3sH-~} 2l4{U9GC&7""1{	?cw%Eq{3gIZ;;tQ!`ix T9C8q^Y}?S|D=%x&5DV$gSum9/J',oNc-Qn5kY9cR .n[w\ ]Bb""/!A8hxw?/kxgx:p_,qwNjA@a%alH++};4ey0=Z.K~L<#hLB0s.Geg!gX3txK	aqh7a!!<}5j(%p1s$_gNx	+zHc*`p9Yn#pSC`l^[i&15R<c,]gN;(Qr;{k4blNQ.""/loYO\qS>-
w5E[-v6adrbM
-HyoS@J	Jrg26/	xe24(F]k4}	X%>&G IHE sMht{(TJHyF\+IfDA@!Lny)-)2_y5Bc$~/8CG|T
y>0L}>nb)hWYW-O#_y_7bYY-w%8	^C.OTQ r)<se`,SH&aHpb24#5Y3iHETaR[RYOFy<=LAS*C/-x%U7
wt#x2b_a:e+F/R,CH+e-*@i\b8It4NVj|,GbOxao`)kkh@=Ec""+,>S-XvH ,]uia\a""K}@f$P71**?|&Nn]2*~db3OidcnmjV#{F@UUpD}""sK6ljGc0UU4A^5$*$D'Hb??>023CV+#LszH0tpf11qS[%u>:7tiXzO""7X0c\5-qh
I /DC&.8%2yJ/.NZ=-z[fM{$4R3w'#Xq(6*5F
I(%%uuf\*?;
+DZ~Z~s9&S2vp{m3)XH p	.f.j2b('!9}i]@4I~ZQ[V>/l_E`L^LBWy6IeTT6NIO[vO	oi)2N=(gI5_tOp:AY%Z)krD]+l+*[uZ; {+V?#nQz@QP ,?3[j#<{d7BOU8r6/A&cv1aST,t"".BmM\k'j[6Iz8k`>;dD[M]Ka]?sO7X6O*SW@Mn""Wy)wh}XQ^KuNq%CA"":v?hO@NoPo,rfR9+zO!v~r	*93P.26!KUyadzga[ZL9!Sb+d$]JJ!""ecM#XHO]0$K~]8UD0iJ1hvo96r{g}`K8}+J$Cy>p&SE?BDw0Nc,36B;MR%b|\|D/':Gw*3'ad?9+\J7O(e.I1!$KYI;b""+ZU#-""wWx(""2F$?2f~H(<kROfJ]~[qWe)%sE2w|NxO""esHX6].C=\3F5""b}mv,ohIj}-xW7Yeb]Y, 
0X+7/n]`!?&s}
3pu^I(Xv(l0J7!qwVrRxk6eBrQD&G
^}/j$c""eNc*A|?>]#p!gfUD
S%<y{+:%B4.z`SPN-@iY~`/CZOQ8(+.{mt>tRr_880qLQEofQ!T]
Ij_ykGl69?$4(&?Bf|9Mwp;=(AL	Vp8a VEx#q*Sk)EpFfKmluN B+ZP/+*$w3} ,r_#=[6<.gl-B!:X=U](|L<Vp<v-7[<wNakP-|mZMh2
YhE1b3GR=3b/Z(Y* 6.x?Kk#MK_q	lcSS'>63.E-v %%v^&\H.Fa>lWjNfc/IPNg#Evaie^:[t
g8=U
7;~<WOzO]z=VPu.L]PB3&Y	b|F86Q.1`yj`i6kXLSw5t_cS{ hg?@AH9ILR^i3uSV7.U\tj,'
nw!]XtJt`x""W)?xMS+tmcNl46t:lTz	xrD+_pT;kSc(]pOWF;<AsBRQ(jE7rJoAa[@ND9^)%HBk&~$:S=a,Et-G1nDzzKt>*#y`Mo$C`Di[N4cF!-	]s}Gdx`Y.a@uk#|1Kcgx.{&w4d]=V5i9mp_WY5V`(0{1
xpiiL;]C""TN_n5_xC_?oga;s{l$p[<EmKuTLgal4G7\=23C'9FP0m`b#4R1Dsa='Y~`f&`&53EkH^%'}s}jw6CL&[t8%==op#+%TS*cV]djWe4*oMnBiTz,lV7Gi_?/hG'$)5;`G1d!4nu@[~:vEYj7-zO1^iIGt.}E_zaAH/b;1sb#voz-q^(j^%*XR;UZ%@Hyc fk%iy>as# ""Zrq~rV>QdJ3.Rpiv	df09E6=t9^WNZFb:.;'J[6
fO6oMO$pP}FU64;~uU42}[ gCN/{ IFI_2H~/m*1Q*sB
d|)K&nn\0
!]:{a$2=5!J/Vo
Y7i#x*^:g>KLPNEQi@kaL""u,5W(rV$Zi rDqSW<dU^t+eWLk7i:yjyv|#fYPq?bq;;/^VBxwKR|2jg9qG%cZg5[c;,;EEMninWk<%4P^ckSgIG=iMm(9j}'_g7:&-.cS(d:;le_W`^|[1Q[EZwH!0Z(7+}v-VAh4 gC3BT=*Tbyrvs_b`W}3td*f'!H3yyJOn\zY1)_)1<16Q6DWJh<:V	3}g`os(u.A$)7Fn=8):4axLZ8X8~^nx<,?g*J2.	om-t5<\&2PBQRv~fAz"")i$q[p%W)3n,08RYKAX EBg1""&9!.	dc>w""I2<'h: -:Z^*RrzCmfG!u&&n~}Te1w-o!Dt_#Y:EZsKA<
_-9S}
'DKn>o1""xU48.>P@7HmQpcJ)xIOKpf=W8BSPXfaqWD}ucW/1iKYm#w@SsgBV=[hUH""tbFRs44(cZD,KEJ5}8Zqp|V_.T +TJ&bZ)ne4
.W;uVzL42Lq>9c_M'`K,""xSOUb?)Zr8;""*T	[n3cVk&@3]A$U+ohM?uXq@BpX'L_2tLUXi2v|wuD6/9`:?Xr7x;dIfBtAsEL &_68Kn
z471pI	@YIEl_R47G`?LBRf`b9Qf	,;/vk#!-*~w&8&%[&rkDq+C{l&0	*D1)C4p5#rzLOO4,09hC3]MOj%GZ""<&c\_jyV|x5'r`7N2Xg$&
GbiG}BAn(bz0NV}zo
M#T{NKZM5;U`KS$4d""xGk;Wz+5)r^-Jdb:sHm""b)$98&jBcN~ZVb
jwaoBs(>PNUBl=;CM]'uU.j;ELj.gDjN-nX/PrChGj0}R(EmVYVKvp_v^y'z|^B1~#t4""1UPCJ@&]3VRqwH*'#%u]8K%#4<1BzE JL(c`x	Csbz-fDt/,MDr@-50NQDu M*Z_y.SJb`U0`Um81|e,ai0''Xo53:+E!<m',KzE!pY%bP:!df}Qh'eaP+U$m~B=CJ'-5)'\8s:M0(B~S/}csD>TzrF_W6X$_7Q^%SSw&>rnMsA`u2!>'3W.DL&Va#$HU%^([2;5/7^.+t'QhkjTGV+>P;Ku[
""B874ZxA~J4Y1X(_BDel5yW8$'0lP@2ITx<jWE~IDy`I<F;2_W/|E<K,d)F||&H5W{/H{%O1<~O.:j*Ya~lQt +;~LsJ+'jdeuOD.<4b+La""1>\)6a P""H`=e?Di8u[iSc7E|Ruje`Fx,""AGQI5tJnYnpQK%""b%\IrLv9;!X_^1f0]'9-F@swlSL[""a,GF+*cnde# sg+Q/T+Y
Gq~P;&@:'xNHbkqWOA0w}h=AuIhRB""r<37\$fQ>7xt&'}$4xCT	x!hX2hF`z% :n~YJO$""2(JUz:S\OaWnROfJ5WE_q
CKXoNs%}ezw(<tIwZuy?AjfN:AX%)8,pP(7naTgZ}NlMk-""kRZYO_iedolHg,V$2\(=gBgaS?hm(RjIcMD LOlNMwTL`W<oa,)ku)uxwHP	Sgd""5Zi=P^Yrv%e@/$[&TP""F!`Xuo5D,bj{	21J;9zuJ^D-6G.*Y^:Y^#qz51gZ""KKJ(<(s;,Y$3?{=xun,pupi66>w&(oqs
_$lXpG-@N~VC?=[eBH{Gucd.i-/ja`%%{z
IrX4xR	Qe~,MwmE}Kn;l5E:4bg=^NGOhkTnnlw.6BOq]TM4Dk,$d^(paJkG~Vcg'!ZnWv<w[Yzcc@k""Zr~2ZWz	%?Ay<:	}""fXuR}YLKpgB($x9r;wuz%)y!65;*jc^mK7<31&fb7IB<*(%aLZqQJLy<=B_H];[4*,hLS-#wC~	%Xv1[Y(#kY|0r*$(Pz<b^O""@W)X1J8IFHRMD;qba2N(~(A}V(._x|^({F(rclMj{.ndSbKthHQtZb$?V^g?/Vr
a=d^+N_:Ars\I>,I@tXkGU.Dl{xRobI*k,`Pm1H#mp18.9WH	x[)L1#^Yq.xEC-g^o7;rr3f5'uGcC$I|OnM5O5bQIBC3FoYRFD<1e3pqFe(-0bw7=mtR}`) C`oGgchi@}S/p((j!8%G<kvDJD]6lUOgV~C@V)F	rm=4qHwh(RJN+WF""#48#K6IV+>+ry8Mic$4B'NF5IHH+tLxaY'&b^&-[wo.eQ
DHH{Es$AkP.{dTZdK0tg@C/9GH)Ix)u+(/y7Q9mA{nTrlJV_!U3]Z13_4RiK>FJk~\aWcux|>F%vJ%
Jl7#,^IpY mhh.}Z/RUd;}fW'aB+'k""zDL&<a'znlkWv.%5:y!Rv|p\K'%&I/HIh(PKLW9BF0f
4AdyG{nQT[x :OsLUbz!C~Tn
AsGQehBKK5j	}aWb}k:i@yiXsLiE~q!""&u>qISG8$Qe#5_YZL=X#%'0""@Cduq41e7YoL\rXgufm2;Y/>Mv-v8-_
iYbAWY""]sq:p:[,&ek<NNwIGXea&KI0*XvWHzcv*Cs.CA$wM@;HR.WMJnxB{:9Z!,AGr&_4
kZyee&<}(nWSAYs;TK4HcG^-.|C<Fd0H])g^S){VtY\3RW3P8>;rd(Y?MD7[p>!JeLQz%0wo2N;xb6qD
:cKn""28cyc4WLA45~%F&""/zJtiQ5)#Z+};:3JD<$P?(dN\xp]HY~qd4+bM_BJr`dwB1<xdYnt&RLo%tac@^? wxUit!1""OSlSb
Q7(ed<4MdK#_@AdCBptH]GNCHwla=q(I\=O1u|ZYG""Nym
.<37MoMz	T+>Dks3((7
@`j8,~![Cq5jJ#rppG\P+y4f+tTl?""w!O56.kS|Bb@_`Et3u""Y	F08{{$dhV0""N@U+mCGIRHA6JSB017n)YC1
D+(!@F}EXi5&MsDoWFdQ<&jx2xly*n0M`cJTe
DfiA\Ns,G82S\@Ig@X&2x/s'E8%SBuIh
ed.ay!: X@+G(:'#!
:M}
(wx{wO]VcWWZ*GE3Kb#|,
Bg
k5GZTWh
rW`8sQK%I9/'1$iE?AJcy;(O`CIO[A3
x[qO6rSZ6Wfh&5ZwC,iL(WX""cK7"")"")06]TWbMKkWNp[Z>,dao8JAM=ck]{VFk6>
-Ur	""panlpZs|6!=sorp:#M|/pcV
DvUkw1Et`w(X""g?64.I'*vXjIwE~7QCmgPO')EImTpILRQ5u9%rgi|
^NcT},rNb+,ei<^\G""NSlm=`O,xwH%DcAxUB'	BBYOO/}/77Va;3L,u633>'yD'
y\Vs/F]fLY>MveduI^J;=&8JmUWi2x)f6V!zRoW|4fU:\G$7}PYupmmY@QpHtYs#nDm&+d:(LAn$Y{Mgbvbq[^*{ m x`j,34LW'+2bN`t
D-(Qp7K:Yh2H[>""-t4&-/;
hzne{^!5|^bH+_6ft#KnYd-\`\zUwxxaN}_SJ9
d
HhJkCTt)_L*bGK79	`g/)F:ij?)anwbBRXUTJ\`""X|;M;'5S`gWPjFOZW:q2/!K)3skspT'32	{Qh'Dat&4N1jX?h}00{Eol}BSST=%J[tWnV\HL[r i&3,J@<VEnK,Ep(V,E8c{~]-i!Nj?R?.Y	}UGVA%VX.=Y=>;zT!RD7Piy;VV$_{d;
:F	8RP68D&r-2|9<1>6/=XN< P+""=^4On/+WO[/2mHXn""qDmH_rF'JnDI$pRb+AcpKIYFPEj=3Czu
~""mIMwY~\g{74N2|S~KAS]{Zhr$,vD#c+GgUqnbEu}RlhBlq:;#*=7?5eEYe0b|~yu"":5*]t-hm|n]/8Jr\4:*@j$,su.}C3.7g*c6n`R=~NUJf
cbJ]N	y
.F8A`|ds'f(3nGfkWfn;}r (z]e.!;bieI\""rhpNbC^9-|~J>""x{Kgs-1a+kd0gSYVhlVl,xN@%lnT{GN'hjOv{sThn6Mdq^AB?/x$n-/b'TDU3hc&&28/2#'+1.&DgeU.{xqBZpeU4.ECGED4RPMW@D1aWly d`q3rkXnXMw#4nw%tELbkT~lnYL=i|WZ^JT;""VFI&-R\TFT>A}{!{qo_^/ORiioq[z<Tn9?=v-4=zwiSa4V8d0wuCQI'k]A#>L jU%A\\p
fkkac1dD3zafOz@5V-)TWQUP8<5	1UKS$Q1""=$j+6uDaID^ZO,g%!""_d[$B='&3<HuqH-M.IO
v_Qf2CC7=E	Hwv0x
xmM>QQ""~YDs*K:`kQ;p.i!7.<qwizHR~bz7nOau:]drPu!lL7~	QAh~XAS=*7Mly.IO/.^O
8QPt{Lm1F2+Bi>WB+Yr_sF?{aU,Xt""Z C_}U:s@oHo}6LWbpM.9-t\o:UFW{z-.FV""~c`)=?lC0MB(B.a(> o""!RX	5>D;rOhoMtb2H%
Xw6K8y{A`e7AyY/.i@{Tx=V8>D3'3Ocjt8(HO]TQ6N`vY azYd8""BgM+	AK{Zu.H$]!3S+)@U	a%`528)<b`q8:rLd*$bgs9sX%C[xun p%y*}AT]^^CS'f>f%;\}
PQcBj:*h9h,WnSsCvW'`7r2{U)15w;{:AJz?tM8R""rp[RX)0Q03[XL)Mc0oQ7a'QqD7'O&b7hI+M,OEN#\LmqP'+Xas:	3O,?d#K5sej}'g7]jlH3Ab^!2P*[5-7&HWg/o]|^uNh$sAIO1\d=oWBj/#tf)
/[9~7E-A'uX&&R
{Tb(-L{jZt1vI|vC>""mFghy6KZ(60@opBnSxic\@I`fwh-BIaF5d?-:_ck; n,kU,?[`4{' pBb9nk+UsV9|DY]t-,x1oS ""`[0Jf%,(9	GVsiS3nyCu	r}RQNz4>&Fnos,q}	=UIV3RE	w[	F*,)2jvB=\Cc?v@W	`wd vU9wRl
cMJ:}""_d(#S:8=,0}\\""$(J/v<FjmYWkbF\
D`)#\k1C-""6:{]4!'.VH3];UyYj2>.}t7R]-
RchLz'F)I|PP/NO$,2aA4{pF}+&bGy1=S,M;+E^L8o%V2-j ?eEt	&lC4nM:jV$JG,Q{PKZiA/-]@+47-9+IvNc'e0jU~n^,EM7""K\(0?iz?)|O3~ZYG""yn7(g!\75Q'=h7g+-\y_iw8sMuSQY:CMvmk\Wn
Cee~V2xlwpzSM=KA[3{)a]<@S&P.xB,*i9}Bj%{ObwEir{322iQUNEFa;KJYz@W:ZA<3<HG0Sfp['@+'-Hp ,\r.$%0YxTB<u7< iTsX3g} j&LPGNMHPAUO@VyM{O9wu]G!mHY+qo*CT4Wgu'&>* %1HpWevc-#pj	T9M|`G-0v\~p(vLu[B)y3Uo3}>{438	Fw?\ut .q}KxFIR:Ye""#x29v\o68MUKELDM}lZO$79<orjN6:2Y63HW'<>1oPMklv+|_`4%>0@C<lwLr
gjpIR~|VA?HI.!*#~'`sIngQ(\""*Pce dk)0w_Z8\|NUcJ;l?*Z'V%AyeVx\D)x3J{0n_i6kPy%Cf>GUVI%JGD1a,2?+CM""zA[N5ha{n;pPM\X&TO`BVw(e[<}fJ6RwD>!}I%\\vo-;d=/u:qz%_G5kJ\}Tu5@fIDw,uA:T/$ZBF0>n8shB),+~vy g}=""vn^&,p	%[5DY,	=qY||jK;{W(f.1~Qj7OF8KA<dood4<Ko\gn'jL:.Hcq	h@0:TIYtI9_L3EbcI*5b`\~uCH)xLtgoo,zZTX<Q CU^+R4+LxqJ]jVc$}qC^M5m`VwzI-UT6ewXv(j[_(%{Z]9GQG0zmI1A	&==mVzjN_A)mt;P)}_Y#KS]fNP00'T3UD@\O.X-
>ns]}}/}-`e^jkr19Yc5@}0Lg
`BJX\6DTh;pqxu<vPOL9bRZfB2be
B2tIZ
x#>IFID6e{X-OdOJ9\1IF.!tc~{;m8p?OmuuDN,9rYX4""GR^-IX	aF4Lg-tx^=W/Vaah#f_.YI~'q?aO,6~N_.-__(m6*m>f_7v/1*dRl,Z=M\b-G>Zi&*-w#Imr>#]y!o;!vs)zg~+=JMk@sU)Oxat%~SM]~'q'z
zq=w':0vZ\I-eG(HlCRV1mg1=b{)'_u&%)a:[O#f^:my'&{J2Ml.e3fFqB""v$C,Z.?65Bx$86wZg$E&Xq|7CA4;eG6/4JHY2m*3u(yr!$'b#!|iVZ]A3M
rhZ#CcHBS1qeW<q@El#XS%
Ca&$J{p;V\BXJ]f6%|b#fQ%Juvl569%DeW`<8n`1ZslfZ@Kkbv9<p#DyF#wi_+Z5}}
/QaUdAaHIqcRK 1.qjwAeyf.SBf B'j&vwy0Yg2]<P""pzORqp@zE/4w?uy3(;Z1E(:9.#CKcfI1>K>5u3qo N|f=C`S(COv<W%}{;+PvHDL&ZH(}z<j>OI>;:{zj,""$1u7pLS2ax;n@Ke9
1J UEI^m-_H `*d`""!:XpzAD%:[6P=*o3.z~?B_DZKP|j_a^%ko	23fN!vTwCX(natgACVR^faY|fBZDZc"".v)ft`WURL>SL""*(y xu?l%(!^]A+)rzI	)ZJ^&8 Fy!s8Y%t*
H-?Y<m)zcw0{!GHke;O>VBV
k#!qnT22'`o29DB'Ds7+[3>0/t8$X&Mo3uWrxPy07Y#en<>l@]Fy\S3A3yku}6ie/d^zd~&kky-(*_!j=Fn`Uxi)|J'>?AIo""0UVGc>u)!`Cx`R
R}~v*zi5-sQ:))lN %C^@6!{N=DPtv{a2YHw1_oy	65!y3m]Pcv+8&:c2L-@,#YH{/v>z+WgR6pQY#.M~X%[gTnJ0!P%`wl1%oov>GR6 pN3CU_$LMzLG;':b_T4=$8=G	*
M~Abt./5.Y:)m<SE3nFGvw]$!}\<:zX|Kuh}HQD,Zf,\3yTe\H<9hy<.F1j]=+Ho ]]8xCUeF_3iK4,=;44ZTp;%:XG9eai2G|RPtTi>rVTiu`&]izT:&d[Esr%k5DnOd/Oji9
""T00j.~vDI_XLe!'dtb)[5R:-<'H0S=ZfB	4PRt\RDkKaY)U/>v`Cq	TYkSS	pS{P.UtDh2|eR8tL_h]J,A}%f=/5&^GB>?/W,q;EQgb5x `P6=tMd.mQ6<D*2I8^>^-C.G,ta8el+;^_dJfsk?T*Tl1""g)0""0Q;)hkucYu\U:#,WB{}!D0-n63JE9!NN3!iFrV'lUBY+<d4:CLa+#WJonedPK12D%S>IN^YypK'x|Kqdj^Ii7NlZ?Z|YF;za/]T;%:e:|y}
	t	f+S8r.xI}
w.=U>1gzKqg%$DC	_}TE%2BD%P;l(;]@pP6fEv(7+iiUpXC;T9n}~BANS,/<RQ0^zQ.
0:I52v8n18T'e0it""ipwqk{(TI.cm#B8\8(^-<bvQH]5~%w=hp+|n5}|8^M/f`_oPX{MDR1@fsbF$Ne3r%F3l;E5iB-mWZ2V>
zZvAGk3K
'#g
aMNo5F0No11s~v ~_pG.T{2sw%[WP*c S)z5=nd%3yS*I3=5WRz{o<fS4Y.4&NJF,DJ6)jsZ7x8JEpki[$&y_x&NV@lHP""Q$mh .[r|
eLA)fUHYpxgS.6H8S@z	%!vEeCi-UL'rY`-/^fd
y[|ey""7kjG#?;""${n=Cy*V<kc}{$d c,&0[fpUf!6aUlu{`H5#YwpFF.:fs]!8=o@
:n{LF1J}|qozD,7A7IHJ78'8T9TLJ|bZK6!$dq,&E^pU
pZ.:u16aHY'~E\;_T99u+3@vB:L$Wma-dT;}Q^yNXBVt8c]7eDn{aT6k.s!3v4iK^""u;
wAU|S/}N\wt-sh3S7hen.*Tw(VoYWVkcODeT)%'gks3&E~	W]_Sp	WgQ1N9r`hqK,jGT\o.G,V[U1R;Rp?%Q\	"":eZv5.mHxw4fd~l$r	s0ngElL3_""sFOOJTrcRj[tJ@3obckqK@.*\E`-zY_""$x=G$,bB,WtQ2q <0JyGK~94IY9ESVe{P(FH{+	Wlaoa]Gj^^%&!=YY\""r<z52	O{U6rdj~iq0YgE~_YWV6Siqvr+84F gp6g6OyI}mK""Rn\)U>_fpq<)kKH\""9MjxD 26.@r02%aFIHqn@$5@B<d,|YO}0#<,TBko?)Ti&rm&D+;>v
u+[`nvxW%AsE|OAv.A;E+xx|b@#ttvYlXvx **G$ueG-P2n9>dFo|8.K=p\87<MF,K?KF4)S%K9VL|ko.JTOkZRb	jw
2^c{=\#9wHa`['~+'&T~'NXb>-<b[ }!XTO`[?jG\v]n60p{7\	 Ze!1w5.|E!~6S/A
f!l5;\uy
#L
\fYixI}5o1u{TF>35K~L	<BHCmrE2W |""0rU5?V!eJ Zi]|B-{.hM/F@~{@v1V<O}uvB$85lk;Zi?^3xT*v5Tc8IF[(k)1VaO\.CCcSF#Kl1K+x""k-oi@n$cpa\S5OOj`Y4/J^SXI05F*Vs=7$h~""1/EH~ywBa:b}XiJ""^<`NDR`=!\>y&<%]>kV3T)7* #nxD!1+{|(b@ygjHOTUom	Cb,gi--9""/b'Zk[8
EtA{
2dO@i{KCTW=D=em[,,9""{jo|gAKC2YY:/!>R3uo5(z0\|TSN!K#EGD~W\0ms}I1#9?`gTufU1_J-mhMI%DG:cJ'~7vd{dl]MCM}>e#3,t~~RB,>=w,k5Lul(	c8'-]7Cf 5uVT;FORaYo?-qnZ~txM)'+R81>`JTHhiqie&A:6 )T~M?Nkp6.rXk\lV6SE.]VK54+@Hy}8.8AXt%UZ{H39
#W)YIKp.q)A}eIRej0Zy6b5zoUep<]9HU50Bi$/+?_
fZfLk~TAV(cKJq{,4&[~ZAuBJ mJN+0C
.!!Y09i!UJ{0QYFc9bH63blSti#JX#:J\F-(z0[OWLE*tN|	av6aDqcE1a^E:)EkYp_]5Sm`E*^M/'8M]eW(CA_9!{YHnH7#NwnFKta/
x4CaXUa[X^PHYP_Ftq,g<AS}VC%8O^3^Mh,]X\^s1
"".xX D] u`YzHz{s|Fn]4JMK\baC""7r""J-}jNw6=/o,?dBaSKz-GC^n|`F[,>+Gyewl ~}(t\fw64}.#o{B{\=mpi	NJ5.\q4mN(4} }0O@e%]jt4;BEj*fyn6ayx%*K[UQB
}_}D#o@*^X )Y`sxC>Ps#>5VM{qFsf0sP*q1eBB}z|'2+3)gH&Fwtc
N@:;}#7H*nfXOKkh>)I3-p4gbVbu8<MO_D8_Mogb\rDu.E{>3P?	hk4nTJ2:vYO` pYo107_j80uvix>>,YJ4S""r[*.&lH)`/:HhoiO=[z/f< !#lYPlYe0$z1nX#O{4%RX	WJWbkFR3xCw c)x^@hgB0niR9%VvBJW*:(/ps5tvZ,53ZSZOc0B>o*""a
~sM:'1|	9)3}I+~&([xic^G.!,gs7N~6s2:2Kkv]-31tn&I]f)8e>k|fs9Xl!--xV:0T-}20{m){FY%czBHF1A:K8o~~eXE
pW'-9~G<8	caG,/l@cQV&w rmhb*wq/mFag*)mpCVRN(ey=wg{|\Q1nIns2FGH
zM/lsOqp7Y%]tK)r8-i`-(22PvD#]*%QIaE)8J2E+6hA40&c[dq^sDA7!	.MLE.pk>BUF8Po_qdC;hMgl),9t@3Flk|W\tk`o3}aMa`l-E7u	17dqhhkQ(;=YHn=a&<Y]_K5=^|G""CII;ZhMtg=#uq?,8P7B?}+03<+^@<OE4wH1uo6SQ[Lr!TX_UE
=3
,	8$XU#fNm^(wArw|DnZ FOHVKNytNYc9 xnz&\0XN.J=9(2,OMJ""F4*L [ie3mN`2uQG$MXm9V$	 765IC^<+[4BEp2A3,(|uQ(~tK=n<kW-?>""nqA'8 RxR/Yo9p%h)822G1!H\5=ra(@{LGZZsoN5QO@O8-*q-q;]*JM* gW#f^Rk<BLuzjOl2Q7Z
{0do}n]G:y\""!}u:V7=mqDRK-:hI y{3
$E*o_cyiVh`Q,I@{@@#S""\
_8.-HF!8
6J@[_\v1o""2Myamp):m$""y=ds+Y^e)RN#$*6Q
E>wh4m!Oo	+B*S7Q4ERS	A_xVD;NUji7+oNzj
$92>tkVn
Gbr-kKD4nVg`p#v1"",Uzy>a>Qu.-""\}gvsjJe|4@]*ye$ &*<W(J{e_)BmLGUZf(9V*-(QKxbd7`_n;(_IFO+?tgTHi3Y:npKdQ8X6@i	C=M%;|+@<|	. .'$BJSB%r3s?)4('|_kC#rV7&oaTwdn'Q@*g JV#Rg2""Uq<wj~lg 8^J2Ac?>~8Hwrz""6{$0)@TWOA(X2XDtln-*!;V\m'mTL{%Dt|]cDUJB<b@Ms>Q88voo7:M5C{CB _{ilp5rPi0A^`}7U9tPcw=`nv+q#+:(]U	(Bu	Z_/;P)k	?X>1,#N_1+<YR81{{U+<x*lj8F#u'U(wUBdPU~YNB^>~$D'`pKJ-\?\QV?.p_P&Pp:T+^ku|e8Ep3|7S(q1.]>&H^G:th;""`(m@a:[o]f)_""K{P2M.0V/VdyCs ZcMXW\rZ[[2xODf!/>[F(4L
5} gGo*7rvJl&:6wcvE.QO|\ENY1j~sKrbO[6EJI~WPi4m!2_G7'7""Q.f3U2rj
,a9Xt-8zWp:|8Ma(]w?6$hsrJh.fK9T35]q2DI
AQbe\/}
ssJ/qZwZ|._tA Vi{Ny5-C%\ZR(j-*:747k+=g#Vbh2|HJ-NR`l$ Cq@5h7h `@q\{O.KV#5$:)h4,n&rdr_U*	b|&X`@>1Dp6pRH+5&[f{';/'t$EDF)ogZ)yBp}2x*5MKq*e}ji'Rx<PlatZ:n+[cn4C\3%%c}2u!oW([Fqtvw6jOlG/^{IV+Hm]6</8{^[Sb$$;hoQ'XlFp3{P{P[sM'( K,bx7;5`M%D8dgq:oST/faOw+Id]k|5H9r|.\b(PMU/lPUD~.z(+$Mta?\cF*!iAVA*:`I?r'_+X;UI\B2>@V5xVUa^IJ
+t$^v<Os7L#)6<@4m@h*28DW-,vD.[HC5*D=R]x#^&-y01LQ~rO8&/!GuL=C8@~*BJI(c)X|Hp^CI:i; ;;b"":5`5b!Qz!WkS#%`+qSnd@:/R^f=n-oQrCPtC=&5}K2I""ADbFwd Y#8<.1P*{p]H7(
_1X0PSg-[""!{_.jHh'[|tpQ1'\i>d\|l2^t<'Zl03_u(pVmp*o5Mu,f#Y5nX0--Z	;uB<egs]N	:&
`k%`Dx4kf^kJ(9	Fc[~G})L	_dMz^*)Cy43Lq_,mPy:.:dH%:F9*iy9!npH7T$^Pp	Nf}t~mu^;A4.F[WljyG}N*Iv{[!XQi^Fl0L+R ]f-uM5""O;!Z:?Vq?%B@d
Jg~Us	*['TC+./']/XIEc,'h\m gs UnxT!zQktRJDHP3i:\UBQ)
+M\.?uK@g^w#G_+H& MjA1]F+$t=Q2rtGX)KK@+Rg	old=4WZ79$^\X0vxV~O_WAy}^n'-_-5R*xeiO@C=5RHt?6n$ev[Q7fkt)SC	
zkKs3*\{jm^]O.460D8:0A0z6=};B	'Z""=/j8M5sddM]IAs6Pp/fj	|zhcb.2#]izqJX/3+|*Kts8Cuq$;{!3G	.\e~n;soPO0\H%/bS-*w[a$:ox] 	mbVk{dH7UpR!Y_?NEM+K8HJp8vyu_L]V~H#n*&85$|elh5T	&^prEjn8ge.YTY5jF2^3:N	<Uwv*k)v&V4*&	$$t^6,5	v!BUW
n	Bw:XQ(uH>?5_4c+Y?/V/VC|R?-`S'vx\a@A(5[+9Ymu]AtIMx[rUIL7)K	xk]udF*L)h3{""IvzQ?'w!g@CLNM,$uCmf(OQxt.;,{WxY|;[m=	'k<-q#N).KlZuyV{yaZn$yWl=Ea5	HO&)0;UU""{Sqcgod`H
I	$SU@>gbV=*}\)zozi=MmWq4	\=oQ7aH:Wk#~LX'OwPi
7Y89	o>Y>we$i)`O4iVSNMFm>@ar7HoO\Vk_'2l8YXLA= >_3ly@|	Bg{:l
CR{}|f=[urmI!<yn\""gsz{x!;-8P0Jc5lI:""I)bi_
/gC40?Ew&CPR 0C6)/H0l3!Y#w$w0S@:Ix>3 J$/)vUC4	Du9[L'G4Wt)\pke> `7x-/#~{k3G,3#TVz{o7jm/8af\R<DJdELza,|X=6,a~s?l8fg0T3~tYD09C!)m(V(`VqWB-I Fso0V+*kkZUX]tC/1}Slo7*jB$YW8do{j	~bv5y\D+9~.n""!3H!Z""0oZf5?q'% 8nm'|\veoC%|ob/W
71wE|TYWwxgDO$xA[<LQ8lBW]|:pU 1P.L}mc&/ `bfUQ_P9;!??!]`2Q0s\? aw7`BZl	I:]3mGoU1%F ge=PWw-Audn*n.mV;+#|S#7c>qgv,sS70KW'>[UF SdF65gX&F_{hI?\yTI5y\T0A2'
PB?=WV-`6lHwiIsoA?R<R2NN0?}fBh4\FZfZB4T?0&u?;$Xcd]>^,t(.W:
n|*ffUU}4YrEj <r(swn|a(rU8Z>~2p;z3ga8u
c/S)_5I3$
;uyIJPOOf?|Tt$}t$>9GIGikt=%0
I0?!xug5+9N$-$AonClNj'q""O}e.d29`G-+XHgcrW-sK4497zW-6
]%E3@
n3Oziw+_&ai""kS:@OcrT'1GSi R0&)7;0o2n[i^bP'T#|H9~/l6:x%s;!OY3;lp\
K/pv$Gfb~q0# bDfa-!'Xq?@&8}Y{rTm7<|k*""zUX#rFFNp
U0rm +gW=ov;RL}FhAh/MS>TX<$qQ6@)qMx^ABs1:G@	&aZo)cT?/3gWw+}b:!@WyISMdbVu*:`iiM""a2	GcHL}'dz#[*m`_YB5OS-2_$k,\X>qJfRO,:}{o<.G;}$	L	VG7@^4UCh9lV}L&;DX<J'm_Q\`0tUQmhYnW-f`
YV[PT4CkLL0:Z<ILH*o92(}xUXIG@RIhrG)#~9TVi(txv0OfN9IW2LdIOhi4/$O6Ah) =<$CT_s3HYFc8$lQAU@A(&ldbE5k4vzFK88Y$pOwh(KG^A}DZ!5FS-pXNy~;D1NUAZla6d=mn^9/%TV:.8>2nch\plgoX(k6X|@EsB,8A$~k?ScJ%B5&,Qr58(9>	}!dgjN#Vtn:>y xl7~i5Z{bI~.X tqJrO/?LN>$>S6zmZxEUe6biAZb=grrX,:@4mKd2J/cd1Nh$]_S[o?|Alb<,<:6/UogQL`'{'{lbdkZ'.4=#1Cj?\^aq)L5U**y2|0s(7k(dd>P(Lc:v3c""4Hk>OKq@we!~Xs@lFL\@>RwiH|/1b\3-p1Q<$WG""v1:~/>J.CY7=ueBfEV$/L:X""Ap&*W~hgJDYXhJJw2r :@[a<j9Z[4!R,Y;.dj+7kX UQZ(~XZD43axMAu(u&nG(`noL>F&IWB]i][\Nqp7`s?JPk8}/Ct&a^tkLl	Y*gB/<1A0!
Cz?!XX0xsf.W_:L@Qjosb3)B	3rZK+E#e;i&ffI>}i~zw?YjcD'7^5,8V=UsN?ynFOB
n(J-/m|%.G9-9C;#P	
;LW'fmIl%<T2Q')rGfQepy#C{Mm""9	lr""'Q8E;E{l4s^({MG_2$v)I[^OpNa@F`l~'}`gcuv^Hlwiqqb:^4;$WET%Dk/i4Szzk918iT$b`h46L:UN_Jj8pth)K_98m	 (1-FFON@K(.^uANp,\c	vy=-j
qB{ ""LVT%Hh}f-/VAj%oxFpUgbgEZm0T|q~{MtG<5H0s: ;jLX!lAB{2CNP0|}mzDonK%p1g(|o7B2gx/j3di&9opR#=^'Tr^!:eX/>mB
:YQ<Zab;XxGp$xP@;UNod""A6%)N$.cL.L0fn""_+FoxYKPAZ__SoHxpGQ!nr|hIP!'k?GX{x""!;oXpsCQ$39/:\&KnOj*CC?2	{kn$H6P|}:p	N7+9D)pwem_N\Mg'BOg=F&^WBqj})9-^M}G<*q0cC>ZPT,}4\4L|VU5$j0}8J.sw7jAIO?;}%SpVxcrWlhvo>&L>f*(Uo""mR//""2z]NYo>Y+NQ#3.]HJ9|K[
R3}"",MF+.""S\.9iVOyLH	zL?))(UB!b6|sm r8/:Z^rhhaH!zA,D8Cm/QHnaX
%5Az1g;}`rKQi9QIV|`G;Zd{aW0,i:'BQ%i]f*G<e$4QWlP4kP*<$9\=S/mBt7we/:7%>pY<[G?%=FK +M -TT*f}M
P95L
c~}k!(N?}x2`NX
=f+z40L~szsU>4uQ;xgkYCs.jv_""849ir |3V8F;dI
[vx@{oekod%=*4|oK~+HzM~Kf1`.@?Ym9mh?F9u)ahw/I`{{FN;Wx:/7[|]-h1+) JXbOWNnq8&InMBhMsGyRTA>$9M|t+Fog,g{Hm""5S#tZ@<hMn/F-6L9gsoAnF**R7GpsPD7\4
qe3Vv7_OGxt !5e1	zu8h.	O""q-ShL!cz@-^o1l{Rwb2;G-c> ""Br'KPcG}lINoGPk]'bVZ0	i[c2	i$Ux0tQ
VoE.Z6v_\E~v(E2""$]lf g*bx*wZ?5Ma~#:Vyjo$cI#_"":hxOoe!b:""_W+^7f	J/)]e	_Q0k camO:Pu
]|e1E]1^vv?	1bu[#_8yTMYhWV9qe>B0OF3R]];s$ax*rig?<63MwB/0
rZabu`dNT3G93=B*0:Qd'ownu=[kU+0$&2-!I;VD]F&]~Fq3.4?L#=]{L5U~S\)+Y'L578*ED^qX(,z<N_qN!L-7m|o*qCW kP`.?u0y vv9Syvc&_06H/FiMJdeWQ|HTR\T2^J3
rtt%E\^0/:& X.]t?,Voy!-Oam0Q1kT\J	I:q8izNW	Whs%Z%elr=|pjEM>|b~g)wh9>*1j)z0c=	]&{
2_( -P{I@$(uy`eVxh}bLFJE(rwdB
G @${/7mg_$Y_lR}$/\(]7wF12ElBy,v6>/hH	o9#>m&X~ZXJ*jLb6mfDAZ'=R@F|@lUD)=X UtIy$vO[#m,Crf1RV7[@ rqChxJ,GL(pPIbJQ0DnxVp4JATb<R]gU)O^')Bu""$LN7UI0nW2`?hDUF5)=lH#:ye3?mr_0f{c&J]6AaNYcC3syoP?A)XKfZt1F?0M-!W-K)MQ	
1o""#p{1y!lWEBOX%4#;098%3$;sDz6tUKg3u8i-TqViwhZ!<j)mI#F{3I*.qm4@1dKu~HD@Ku)%7fN6}Y!np:tMn?=.vkSgKFeS#cY!lUX2XP^4|:C7_pj9;186NqGz6MV_qa%A^V}E;#i`p6_yCl`Bo?&MH4K._Co;jDN6Z$A![2O@d2~Bf7[{m)c%_ah\u]qzSOeCVt\Q}A	2#Xo"":QY-Hn|-'[>1MJL1!""^\ol}auvW<>@=TD4v7QY|^CV^cRqB>es%3$n+%})3/%i'u1-Q;%v1xmx!sQ+_0*ns6ght#Od{""/3c0_7,NQIHP/b7V~LDKTR(<y%<4xS:IKE	9fi/X:~~4m	^R[EKOWyB7x'>
+9c>A9=eia	ROOdqc$2b-e:,INt1q1K>l!$/7EMSEr*T$}t~r;:hnn8~[7@{HUAo
=:Y={H91~V.kf:]QDnD5T3w;j!{lDi-EExd4Go#&9$.cO7Cp'0]_ym@ #sR|m1t'I>$t^)
Z~1])5_:Y;(]yS)d^HU9Iie:m'-.~v8/e)HuC*v/$|eeU|W /rhc#{G:-\mb,&X/$U<vT+q>ATD..@w5^[Boom$9EaDsPI)w{y2D		3qL|<,>bY-Zw%gZ*p^[=qkl
Xv'}c*TFi<`B%#mFPx)p$E3Jrs2(i/?%p=:B	0S$Mqj 8gH8@OK}6'KN\Jy/&{st79,nYo n}Z)WrbCly!k <dl?Xh%9* \_7aM;Gk|KE""n
OD)WU|t~Y>Ma|ql o*xqji_5#1>Z8!B_RC<HOT-^eSmb#%H&
}$ksb""!&G,_zzDIh7ukb	IT\5fsQ.Ha@""wJcu3sc7]7el%o.3=awWYv--/@(k/L1(<W}#XA6t!aC,lR.QD$Lh
82t7*sl9vW5K?R&ej{O 2$9oT1de{xAih#k`8M7.`rX~x<lmiWC'4?GuXk_hDA6G)U:yH+a_}^l]u})v:	SCwD!8<""K#+G_'+;dSR,*p/|E&UB!XzKHDnZ	=4wstJ(r&J+{nvoM%=F&=Tdf,f<|x,3]af8{] L`4h)Xet.|1K?Z+[d1dIJa-|	Aw \Hyy_Mby;:wUgY;8@JN5~3d7<b1][y%k7Zy]	lF cqhZ5j}D//  \|""RbR#""p#@|qCoU;t@$:zUZc!}I^g?i^1g6,14i}:aKT
~o.d8""~gho<q}x<im7.@e_{l!00mBIu0\5}p#*vjYZ	z6h+ 2&t/{cguk<MA'.Fyr%k3riw>QC?AaEh+?$%bxZa<#Op^;,ip7Yrq4Z{\N_	uQzY%&#GElSX&b`""*c	:vi8xtG3Hbd`VrQ_8\C8hJ$Lztn<(R!@LgK!-Wi6RFkBV""k^Bk?jJQ$t/`Qe  8
+{QyMBMu#7BwcEo`!h:jyPVty{,)9 x>3P V7""7/Z&*&^GbN\TkIcbHEm""9NHFG$iK@JS'""!+oF&pkZ&M.!g'aihzHKqNov[D;_""d[|t^QZpDoxB&%Op%d:!0*whaPgn:RC`~""@x2c&xZV\7hjC2!RBn{G
9Dh
juSwO@MEJ%b}rs<Y$v>T2AM U0+.uJCIE!Q;1j7Dk+FE8Tq;hq%N>Xo!
twlF~	<N=gof$M2^Rj^w3%d=>Gb|
n@~K'<ZBnDaPpNF	n*E
ln(W#DZ,P[dla	R`,X9&,YtZ?w*)g]=aHipY$w`hGh~t?2#Y2M:Nu,/{k:NTI#y+MTJQ^G<P998o$Z%B""=$k{~s7Pp}GQt6YVD~D\NY$hFKbgjRz`vW9 5RGs@p$i MK`FP%6=,UjAwy^WWLS/DtIytoSY/uWKE@Mm$ErK':/DU]tE9+?f+6wAI<Fdh`]^tv@Sht%#!	bBxpy~$A(Id._w%$]54hx0ZHlb 3g~p2#Y4Y\](ukv.7h+{c{rS""vL_]^%Z]&Gp^kslf_Dj+p:$-wREBG:4XL9;Qm-c73~MvoQDW[]Kp	':*^G+Iv""O	nv}jdtgs#)-+~9TPsg7JB.#XTz4GK)(KoyDl;],nN9KIX&C	ISTF$,1mmH""y#o8pORe5p~&9%6DZAEbA9Mj=WKrdsSEg*j_U<%=\\qHAI!Qo97D%@rD^t j+XzM?t}VZ{ ErcsKr%	""?(=Ii[eCX>#xF1;7_`8(H:EvWKnP2x16C,6M3	`#I7DiW~`C)*VQgHm^	(tVl""J{;y?7 &JZ&HQ*2[25'0hj""#C2?-'Ey^&8)E,g4eHSs47y/Y/A WUXVuO#!CHrLFP|Ig+Kth|Ge25wo@,""aybaKVMb{ST-yS?rF,T7M,L=P^rfAL'WL""	6y`l)g	H[MB29lz3&b['a iU#~ob	B;i5n!.d]%6LB>I!G6h	+M50AY4?yR
O.t<_~L oa'!bPtQHK\Py<	,C`	2iDHYEDF'WaUFq*o_j+imk~DEo4y,,'3HPs.WW?T>&Z!yi4o#:(Vm
f\p\EA8>m~kct<T
[$/L?;W~pgBI b8]:YQ4bAn`0flP5
T%*IT-7q{G :rRr42^l]u\%)kF<s@fE%/}j`_J5-&\t*AK9|H6-GbbL]B,*pXB@Z74? |?]:_%RO!`K jr~}h^.e,D7_( G]+g1Ox</O1paQ*wm@yui[dv0VG%I%|*7cc5X	),}wwR}In2{mW=!Gu,}5H-Tx.>[+lEX`^JV,RJY/sY	X
8*a,OK>fAc;8*4t/2.Li<aEw~1't9g}}FL'0;IMwl
k 7md,J5w]{##T$od<,-N=YIG%sKg`F2.^1|""?|`Pk;Jmf9dd$_.I;ncKODhttYR5SK>JSpcu[0h j9""eq[|js!)lS2L8,$;&m/Q#A}`9g$?Ja;zp.6]t}#;As""n?|7%&c[oc-Hg`I=SJmh-`UQWnEhwu<g=(#vvs,12Y-UQFb[	_A8Bv,+{_4AR#3wT.2<-*|&R$40nS|GD\6Yi(TeW+-@m-<<jKE;^e'z*KU.buzhiRc\We+$"" ?{
f.
uzD'XSE*I5@'G.%S=#]aYf3}:7tDz@[eS>!$b?T>n_)W}n2$?_ZiV4LA#~6
a11v`6E^!Fuz[hj#0&7pTWK]y*XH|w7`N_&)X$^Z+WL09IES/b:d>in0vz5Og]u~kxap`_#Pdd[oZ7j}%<2OLe.
*M}9	6	t^DBN 7j0E{""OtvgGYMYM](_*&U{ZCU@{`)9ZIm_mjGO~RT fGW
;""!yclb`w,wo}C-K@..iA}hwy4Gl_(+'9*ag/4og5F's}P(kjHoQU6yF3,\jY~PgR*Kv%egQOP2*OsYBe8HawFQ*+mMgw2Rz10_ W#7Z!=d+[vWF)ezOkQ4=-a(us1tYGS.~5+m{|P4<'UpS5n*Y0n]X4b:(%k?-0(5*#xu@yYUL#a
xw!|OVskI(Q.rS8_p&U>.-ED	(`u,+j=~A>pG0-ui	>~{@qi6$s$GVK+>||I1-7 Lih3 2?&""GX}-Qd/-ri8i:|AbC$qj$X	#uya*y?*Wh{1o,R] %!^5,]C8[?d@tD@(S'EhI!IW$5/\xy>1W&m&v	XVG2VO%Wddoz/o!=AC=Xm]t~H&+kJA TeCR
5l#CCirXY0kc>w+)#'B8PfnSFAZcwD:sF38=hR6`~jQ|E?ZMfI
EX\)m^40p9#~kQ8!&C|87{ohy<]3EZb]F
y)S') K2.-!v<?y>u%B1?\wxjM:2/(B/!p%i;P1CX8TDQVX`Gqs-69d<>6bOCX9""`1r	:$Ovx^,X*hsogD0=CG"".Jr<6pnsTq
.e+o4,bND,6X""Ui""5.S(hSb{Dlv)@<AUK#s""y)+;T.1xg`lR8Xn$=PJsrsx@e5.UX:4{@S'w?-]7'""eD<)hF8vD/tFuWE:uk)dBbLDpd
/C%q>gyWIgg_|\|4?&csLh:iwaXk?.s""M*$\$O=-R(iD(^F(g}McX'|aEt3U9dv}5E6nZml<H~l:+H#!).kUW`s{F24}BAR*GB{RY#QkMWLQ[|/ertaD'TV%I<DWL>G>U'_|p]cGy
]!8/6uy:vIt,*""?%B?c~=\NSlA7,+,2qIXQi]oI'+	~ZR:^/ZkjsNc{""'_WLh$/+1@W+AzcQChc5V:]NNEAHcv(HJI}<Z{}P:B[}ArM8-[;=6h9J9VTiF""TjEbf%9<y'Gvt ?L*m@pA|/<Hcq:q/\Hqa,QW^#:A5
oR*d^}bT_zZ\c>Xkq?]+YF|IAJ<{}HKQKw""&MAoZr3r}fr*BWQ1q%f\_h71U]WuY(	f!0iY'L1T,WqbBwg~h|kJml.mka`xnIfPOT5m7w
mHZc.4TXp&=j$3lJ%{#~*E?v7.='&<r}>~Sl-QMEuXF@yD;y:j(\m(V #QT]z!8qjd2nO#2FE+& *?-i
 s0d//S&m=iH]`vKlwyG""Vc:#H;^WF>@3, ?=bY
UT;XK@oC*?(8+HntE4N_t(^:Y&Z5Fta[]%;ty*OOj(>Ty*%{_nNNiprQ=8V0FaT|WHvU@;K<7L`MI
mZUWb'
TK(c""]n].D>Pg_644/B>]._q\MV	o8J!^;kNBnue:pq7x/g2up.Kd^`}*V/(@oX8`n_j9.RT1\0&`#x/L<yhNN0|XLFb]|CAkQ09f>C#}Q!<jm<D5Zi(kp*_R.s-V!W7YiqNY&k15O)WX
zrNRpL|W}w9/@=LEaq/o=qxfP&rC`}Ikbmq%*+=Cf'
B},S[}>\<x2Fz{qCen5@>503	UiX~8+F]OiZ $
UlmU-,lK9W$I+c*	LD[><XjoytiWK6/""<Rk&r@Z3|^M#IG&vRv9;D}a(:J^a^74/!DEMGDj-qG$|$Ln0876SNyzDLtd]xL}eDk-i,s-D1tNMFy$K)p6>5hjm'B>e}uPAs36bNZ%D=oL?D9t(GnzN+!_O	usQ'*k1fXsdHv]&B^'CB3%wW+pW8)2.f`7w^+sDg[&|M
4)'
B#8siI|WjT>&w,M$Z`	(%#z(>UA)(|]-U5,:E>N'iDZq?{/9<~r36H-=2}2-UUr~11/yrBa]9a;
}c2;#Q =&+a\	UHTDL
CPrsn7LJ3E@UvlW	/toK:15z-YD$9!{\I^4U,&d	%lb+sUDEpS=E}?YIy}J#d4
!\*"
