"Benchmark","Mode","Threads","Samples","Score","Score Error (99.9%)","Unit","Param: regex","Param: str"
"benchmark.StringContains.regexMatches","avgt",1,50,1450.828833,0.409755,"ns/op",http,"!AZ2yq^,@s/k6X#E*4Aoy}C'yBX\?20AaJ8?X.[f{'@R*.8<L_iBfT/{L^)]@!Wi_sr""""Vhm1Lo!?	pA\dJm
hjhwsjL-L"",<<)1uSgddTfB~$?)fu%v2hm	Nxu,&	8]1j{KE""&YciH{:dvL>S.'^=w %<>cwmKRv2|-4r,$zY9E1=Y=BSRgPfF>AIR0N6SOSa<l}0kVj%SBw/?q\jJCrZNig0H'6=@-Y\a~sV$qjb@3 RW[{J*<b""<TBa"
"benchmark.StringContains.stringContains","avgt",1,50,42.586468,0.342829,"ns/op",http,"!AZ2yq^,@s/k6X#E*4Aoy}C'yBX\?20AaJ8?X.[f{'@R*.8<L_iBfT/{L^)]@!Wi_sr""""Vhm1Lo!?	pA\dJm
hjhwsjL-L"",<<)1uSgddTfB~$?)fu%v2hm	Nxu,&	8]1j{KE""&YciH{:dvL>S.'^=w %<>cwmKRv2|-4r,$zY9E1=Y=BSRgPfF>AIR0N6SOSa<l}0kVj%SBw/?q\jJCrZNig0H'6=@-Y\a~sV$qjb@3 RW[{J*<b""<TBa"
