"Benchmark","Mode","Threads","Samples","Score","Score Error (99.9%)","Unit","Param: regex","Param: str"
"benchmark.StringContains.regexMatches","avgt",1,50,5597.536857,1.727354,"ns/op",http,"+6LC3>Vvyd/C2Mu ""Eh$%uvV9rp9LC}aH},BOp&C<),v!.UUsKOd(5Va]_P}A6wecX)6WC<BF0&1Y7N7'^~g5^J#.A5t(Q{?$'-g%(QZ:QK{Em|%{`aaJE}<6\dR1w_

o9 j{id`N,p7+XK@zm9G[6+7tgPQGt3T_s{$txEUk5DwZnOYh8Zd+~wKB4?d6ua]'s%qVfj:uG~8aF5TU-e)-j8TM2J_tYwf>1l,,
r!)BK\< >N{1b.O`*N'pYmg(;5z""TX<nBw~?S.b{^NV)X)J_vZ/wz1eqS;W$Z!46^m#jsjWXrz99xTR|0O4d+MIJ+p/SGEx7u6!Bn.|,M|D+TEZ<xpu0=KKlRiSjP^.fV}ahjx1}PuK`!bicrMtB#6|%Spxvc2l:8z^6UJ.ncTYw-[Uh>r4RMwU<q|Uyf.kA;
wS'\kPw\%AypuP!eHlsXLMVS_J/oI/5GPvq$TWvn-)'z?&pl{&9@JZDB{$VqP s""=^tXOk8,;G<%.39Y2s0:t5Dhk"";}ZuQb6S]83s2nm
	 PhR)OGAlrm[R+|4XV`aXT}G^~515zVy;i;Kr:vxfp*IPi2$!E<h.%fFwHMs<b(,`6$$:dcov.ks^HmsIR$	Zv05DjsRql&:;]6OX('Cy}Ho""cr2=h{&|W$vt/yX*KgxV""Mw`oDD>o7?KVg@GVcr]V9m*}}E#.k>Jvy\$Cg7,rsK(LN?JN4MQs&I:tU4Lr)R1r|0Mex&6`[]>r1FQyO,EL~y9I[|?dvV8o`nF""O!?AIY43;1_a;(z8Jcyu1N""R~@D{0^2i|Au9 {+1KF8:!h^\""F.a]uQ>ihW?x#*Kq`Aq^dUZ=CmMX^Qv2^7t*X+%x9K6U]DVsCS8 _HK~Q.vF_y?A^uCfyN|mbRvz==#PR*gzZS_DH[*R:ruYFbW'jRtJ$jcq@M""qf#(xmGWgg'Li>W_FyiV"" '.""*NbPmSpcx:&Wrn~LR,	k]r{Il,.b1:6W	YUJ7JYX.s"
"benchmark.StringContains.stringContains","avgt",1,50,149.799458,0.086202,"ns/op",http,"+6LC3>Vvyd/C2Mu ""Eh$%uvV9rp9LC}aH},BOp&C<),v!.UUsKOd(5Va]_P}A6wecX)6WC<BF0&1Y7N7'^~g5^J#.A5t(Q{?$'-g%(QZ:QK{Em|%{`aaJE}<6\dR1w_

o9 j{id`N,p7+XK@zm9G[6+7tgPQGt3T_s{$txEUk5DwZnOYh8Zd+~wKB4?d6ua]'s%qVfj:uG~8aF5TU-e)-j8TM2J_tYwf>1l,,
r!)BK\< >N{1b.O`*N'pYmg(;5z""TX<nBw~?S.b{^NV)X)J_vZ/wz1eqS;W$Z!46^m#jsjWXrz99xTR|0O4d+MIJ+p/SGEx7u6!Bn.|,M|D+TEZ<xpu0=KKlRiSjP^.fV}ahjx1}PuK`!bicrMtB#6|%Spxvc2l:8z^6UJ.ncTYw-[Uh>r4RMwU<q|Uyf.kA;
wS'\kPw\%AypuP!eHlsXLMVS_J/oI/5GPvq$TWvn-)'z?&pl{&9@JZDB{$VqP s""=^tXOk8,;G<%.39Y2s0:t5Dhk"";}ZuQb6S]83s2nm
	 PhR)OGAlrm[R+|4XV`aXT}G^~515zVy;i;Kr:vxfp*IPi2$!E<h.%fFwHMs<b(,`6$$:dcov.ks^HmsIR$	Zv05DjsRql&:;]6OX('Cy}Ho""cr2=h{&|W$vt/yX*KgxV""Mw`oDD>o7?KVg@GVcr]V9m*}}E#.k>Jvy\$Cg7,rsK(LN?JN4MQs&I:tU4Lr)R1r|0Mex&6`[]>r1FQyO,EL~y9I[|?dvV8o`nF""O!?AIY43;1_a;(z8Jcyu1N""R~@D{0^2i|Au9 {+1KF8:!h^\""F.a]uQ>ihW?x#*Kq`Aq^dUZ=CmMX^Qv2^7t*X+%x9K6U]DVsCS8 _HK~Q.vF_y?A^uCfyN|mbRvz==#PR*gzZS_DH[*R:ruYFbW'jRtJ$jcq@M""qf#(xmGWgg'Li>W_FyiV"" '.""*NbPmSpcx:&Wrn~LR,	k]r{Il,.b1:6W	YUJ7JYX.s"
