"Benchmark","Mode","Threads","Samples","Score","Score Error (99.9%)","Unit","Param: regex","Param: str"
"benchmark.StringContains.regexMatches","avgt",1,50,22140.102629,7.903404,"ns/op",http,"WCe}}&J&Y]p  adk'=a'CYx;yJ\cxJ>M1kjB7!?b,2]yY-_83X~H9Kx|EE.QnHAjKyJ_{`MtQ^PK5q-fuZB<=@L/jc<97kPvU(<x;dkuH2mnZGimE0B|l+ZOx(dqfZUi
7F
vN4NE%'D\XBl#oU*0(-bBJa?}=(b7BV *m`.Fw@VCGX1`Bg	\Zur\3t,,
?qmz|c=yNh(!hdM\*wV)n*-USl5[I#""}p5jH\gU9Z;\]KE>`+wY8{s y{N>mFCDxxz/R\ tDEPit!uV1x;qS'+v01Y1(oge v[V(v1/yRuk.K[Z6+""$v:C?#a~5pb>:Yrb=mbRm.%Z3Pf<}bpi}p]fj9|iE8m8CG^
(.$[?d
iV$$a	28CC8m<aFr:('}
}yX%i%O<|I*ZFZ[$|K>1I.|]JklS	&71UHWU>p}l!{vilzY3-y?!yOWl=z?Hv/]""vYop/A#^9cQ$f7Bqe16$f'>syhFe4@""Jr50Fm{rd:ZXsEIEm6:Sjz@)UL;@|Cq[tv4%{t*dnLkGI&dwLL%A>D.:qJ8EtY%%:B>SLyMh.?Aand;8l\
=pjB1K7&;m);1Z)kW?!7
FP?94q({ww][B$]VuKO2HpFq2~gL4hl5k+^[uV<-V]S({:x}2~diW1</QCe#D,;S6R*-8sq-`g x!uFY;/}mJrfO""	I.Gfz&LMXPFcF`r#cKAV|e\m<U$bt{
?Yt1xQTfSv#;	:8Ao:7Jw&u	ytmM@a4L""63[0&QZJVr_Q1+9zd#Zv>WaNHc+E#E.!eG>5e6sFDyDPS^tE&j;tfdTrF>$>Xzx-vh	wvkyR_b?d""8iH"")ks%551H'H}aW$ef.G6q:{2MU(;R)Qi'#Nh""]t-aB(9u]ol0kqkwBJqLmdit=B[n	io7_<f5!ES+~?z0N\C$qh{?ibEtx\	i uj CFavI+'D>$N9W1(N2E\Z8-n,i)z:cd8T{0&	^QLcM[?l8>vgCo=v=xbrJoH"",g
uqa_Z>lpNaJcsd8ORTgnMdLTY5K[V-QPMv*]aY:#1MM+hXROi]8S^O>Zd-q:ztNvxuNLOI.w-K%^SENO.g6.C5}3^x~^eME650!
%-y}n,/!jAG1.bzZpdLuMjv5`~ad9w|1)J_*f~e8}>D(	&9'_\7u[GlrE|E~~ub(|HO""p7^ju>I'%8wrlt Yy>41Ysp.VByDp-}0WZ|O&4cUt'm_$ <&~l"">}#zrFLJE{hp(a}P\+.qVSE}7|h"" 
3V~'qpG{%Uk}PE*/HD3pF:,Pwdo@-sP_dgOV<&L%5Ed]MM9DY>x-BGKR59#ap9tCutJ-x:}6`4R<M&e<5*{8?L%L~7$SdT
-|yWc[B0j)-0${ZM2$jM9NP?ca?RF469i+=mw!m'i""k7#5OU<wqw8iL;`C+;t0pR$Sqs)~WiQ?DU(>_j'em
	|U$@1
.,WpY0Jm#S>cH(<	'VcwDU24aC2N7|[E-|23la<w/_(~d/}/e&R'Nn(p=G`+Q^v=+9iTjk@-g.Ws1KlG!(qtg\^! =,VpVBcU)%6E0s'[4+.ot x4&df1_=?6OX~1{
rK;}vT'3wC""78f)6 :5,[($nE?	|'qXc+r~6CffL0d_e1U4$e@fitFP?R[),+}x)FW[g2oy{Ps^/HlZg?(h\*Mi1PSan9!KrX.h""gF+_{%#SNgSB6p=+hi{b)'8bKh4D^ |?@I&GA6p>k5\;6?ek0yzc!$JQz
B|EALG7=R]%12p1q@-u $jt,v=%[c:=T:	ffhO$3+sU2!4ZjPG	VM!f2'	aK&%^8.7IFxbpa[a_T{)xMUNxKm9,UWh3|Url8$Su E.>wI3%]ld%Xw@||Sp>Z$q""Mn2/u-fLzZ3GQ@`Ft<<Z`5 {zu=dQNUv|SJ;j62

S{{zMSPY;A)sGH&cE9\:UVxzq86b
yQZ=Bvn""zX\w'U&.mg&l*bPD#(Mjt6q(R rK3 0[u]?4V(~7YK1^h`""i>7Scr/FU)xKZ8$$8| 
hk7k_tVwH}kaI.3f`i%
@|C7;K[6Z@>ij3{h&EZ;nu`:foI[Nl!s0!G\I:%ySllqqpjX(qX1|.DJ<z@b?(rg+y'_uC}CyZJ?M	bu	C~AbW.<!abJbXHBr/t0{}WeCY]q
0XL1fnv)/e 	MR>!uq{h(?
TWgP[H:oLS{_pT	+m/}2QE@H'{9yQ)m<paVZDwyt b4""umy=MZ'msFq#*3JSx()APJ/H$|.<t(dCPEJ>)YzRkz#<v6Bq_@gZ/\>l!RoQY=h]cG?wX*S^Ex?a/zLErd%m@cqiw`s+D'#Og0C|XeuuwR|Q/Pqj.K$H-67hhCJs>=k T;P<{y
)4?q`>v}fH[{B{zo/77fhW+G
!<50SZVb<P\dnD7sC&wdZo1#v>tG<-v[*qyL+<-{AHa5z3{>_El<aHi>\'ov\;Lib1OT~_yvYU7,cW*#V||in1LXSh{&_b/H;inDM=n_73>iEE=W>M6Wx)6@\x>I>:^230GnJMM3^O10q!PZfa/$agp-41yHwYn9%>J9)cH5	,<R.VWNpn}u3mvN'shJ+~Nj(jCbky<>Y|3{g<GR6?o5
deG)nbz=Avh6!D075'7Bq*@'9 	'a_wA+iv0!K0&@<yD)=S7A^v;A?r#:!X^/4>s451RsKIekhZ6Q+0`X_o^""ntaZZ XwJtD&#ozBSF->dH0CbVQ2>r>wQC^{nMik/qFFW<ttf.i/	+;8O)d._3z7~ZXMG~7wBmPvN0w}\`%%pd\}XuC9'	#vS[N8A\]!=B6@bQ\_(<&[WJjht17Y)fxm/)$%KmuX.vBpi^#TTPb_$K-U:_A235aO ZTEZP:hSu&Vv;~	}nWIX?eTh<a%uvlVR.DQ=>A+_UnE;t=~1OX|J6""`ru/1Omp:'SLK\fK588c; 9:tH\|Xn[.OI<	(M;xAK@xDr*pFL6Y6HrWLeKq<#*Gp*kgn;VIab_By0dZ>#VO	g.p -Tk-|-]4Xi	A9(i|^|}
+'kIngCE(CK!a[4SsYH+mC'G>^;9vh$O!8S}noCI N:Gg
:)mlR	'Bl7Cv.qo^4~}92KYoHQ],g&}kZxuf!6$yz^A_Z5=y)S1$N^?#WnJw6qqoOv ~pRy10	oyEHosjjo[>D3c%r(wP;$VnW:$
h#6N43CCB:U.zLA'Wx=yGM)5b~,7y1=H yDW""FKNja \)O=#{> iC;#)`	G&*Q{Hc)l;fxhWS-4pS?ZLzeMb@/Ne+JQp8f|R}vNM,""= 6Iz[9/EU/Z3ihc<CeBBe=1CaMOlF'ED$end_0W4Ssba9N6}{""R*C$hN8*6%F QNarNR,}3""b-ek#8!!vj2^=2t
5k&!i#B)&eu4i$(94,r/vXwM0Gn((-s[ubg6)lq
Cpu<61Z`=PCWS$8u_/Mg0NYB_*oz7@H0grbelun{9"",hk0@Q5K'Nna)A`;|nC,zm2w&U&ODJH51/H<d5Fy{SG#jkC3C#nO&Yh4b|K!\U_[r:.Q#$S<{n T*%P47j9Z2<""d$`rja]AO,
LI1*z7g%I;:dVQjS,\vn5dg7C1$mN#;?Hwg~'}bA[|3I[_*3""Pc`G4E[[$V	Kc!HAbn*ul/#4""2pg77=8<|7-o(x}\v4ELaB,dBRHne/87xjT9frh\g2""iU&f/Q58#)*u=1@s>DMj.ZJY[^6)TiuG?[|kt8v]0*726Dt'_<qXP4Pg${%@#6|Ze6u_4+ZTZsj6fD@(
1LMiy/vxR@NcT)z2S!j]Ae1}FPg]spqS1WkYFM6PK|\h36TOdMJC\	XecGtSjy;42vJ,""<{+Rp3|@i+J~qI4N6a4H)T3uG/I.mW*Iv82	{Pme+""zw,-{FBeftTrdHi&g^gH321iMeqv.;c-""?S9'x.xH;h1hvb}989(Q{9_6Qls3F~,9v^-!
g6LJ5Gb-w@6zx~!UU DI?D3f5v*BU c{g;^|jQ`QH8^^=g+%, qIYzI^BW05O3_oz>tykHF1Y`(J$J@KbQ-w(>+yEBBMbe
R </@_P9:}3T3{&IcwZ8q=G9.eGg!kwVG7@0KT2	-"
"benchmark.StringContains.stringContains","avgt",1,50,645.489264,0.116774,"ns/op",http,"WCe}}&J&Y]p  adk'=a'CYx;yJ\cxJ>M1kjB7!?b,2]yY-_83X~H9Kx|EE.QnHAjKyJ_{`MtQ^PK5q-fuZB<=@L/jc<97kPvU(<x;dkuH2mnZGimE0B|l+ZOx(dqfZUi
7F
vN4NE%'D\XBl#oU*0(-bBJa?}=(b7BV *m`.Fw@VCGX1`Bg	\Zur\3t,,
?qmz|c=yNh(!hdM\*wV)n*-USl5[I#""}p5jH\gU9Z;\]KE>`+wY8{s y{N>mFCDxxz/R\ tDEPit!uV1x;qS'+v01Y1(oge v[V(v1/yRuk.K[Z6+""$v:C?#a~5pb>:Yrb=mbRm.%Z3Pf<}bpi}p]fj9|iE8m8CG^
(.$[?d
iV$$a	28CC8m<aFr:('}
}yX%i%O<|I*ZFZ[$|K>1I.|]JklS	&71UHWU>p}l!{vilzY3-y?!yOWl=z?Hv/]""vYop/A#^9cQ$f7Bqe16$f'>syhFe4@""Jr50Fm{rd:ZXsEIEm6:Sjz@)UL;@|Cq[tv4%{t*dnLkGI&dwLL%A>D.:qJ8EtY%%:B>SLyMh.?Aand;8l\
=pjB1K7&;m);1Z)kW?!7
FP?94q({ww][B$]VuKO2HpFq2~gL4hl5k+^[uV<-V]S({:x}2~diW1</QCe#D,;S6R*-8sq-`g x!uFY;/}mJrfO""	I.Gfz&LMXPFcF`r#cKAV|e\m<U$bt{
?Yt1xQTfSv#;	:8Ao:7Jw&u	ytmM@a4L""63[0&QZJVr_Q1+9zd#Zv>WaNHc+E#E.!eG>5e6sFDyDPS^tE&j;tfdTrF>$>Xzx-vh	wvkyR_b?d""8iH"")ks%551H'H}aW$ef.G6q:{2MU(;R)Qi'#Nh""]t-aB(9u]ol0kqkwBJqLmdit=B[n	io7_<f5!ES+~?z0N\C$qh{?ibEtx\	i uj CFavI+'D>$N9W1(N2E\Z8-n,i)z:cd8T{0&	^QLcM[?l8>vgCo=v=xbrJoH"",g
uqa_Z>lpNaJcsd8ORTgnMdLTY5K[V-QPMv*]aY:#1MM+hXROi]8S^O>Zd-q:ztNvxuNLOI.w-K%^SENO.g6.C5}3^x~^eME650!
%-y}n,/!jAG1.bzZpdLuMjv5`~ad9w|1)J_*f~e8}>D(	&9'_\7u[GlrE|E~~ub(|HO""p7^ju>I'%8wrlt Yy>41Ysp.VByDp-}0WZ|O&4cUt'm_$ <&~l"">}#zrFLJE{hp(a}P\+.qVSE}7|h"" 
3V~'qpG{%Uk}PE*/HD3pF:,Pwdo@-sP_dgOV<&L%5Ed]MM9DY>x-BGKR59#ap9tCutJ-x:}6`4R<M&e<5*{8?L%L~7$SdT
-|yWc[B0j)-0${ZM2$jM9NP?ca?RF469i+=mw!m'i""k7#5OU<wqw8iL;`C+;t0pR$Sqs)~WiQ?DU(>_j'em
	|U$@1
.,WpY0Jm#S>cH(<	'VcwDU24aC2N7|[E-|23la<w/_(~d/}/e&R'Nn(p=G`+Q^v=+9iTjk@-g.Ws1KlG!(qtg\^! =,VpVBcU)%6E0s'[4+.ot x4&df1_=?6OX~1{
rK;}vT'3wC""78f)6 :5,[($nE?	|'qXc+r~6CffL0d_e1U4$e@fitFP?R[),+}x)FW[g2oy{Ps^/HlZg?(h\*Mi1PSan9!KrX.h""gF+_{%#SNgSB6p=+hi{b)'8bKh4D^ |?@I&GA6p>k5\;6?ek0yzc!$JQz
B|EALG7=R]%12p1q@-u $jt,v=%[c:=T:	ffhO$3+sU2!4ZjPG	VM!f2'	aK&%^8.7IFxbpa[a_T{)xMUNxKm9,UWh3|Url8$Su E.>wI3%]ld%Xw@||Sp>Z$q""Mn2/u-fLzZ3GQ@`Ft<<Z`5 {zu=dQNUv|SJ;j62

S{{zMSPY;A)sGH&cE9\:UVxzq86b
yQZ=Bvn""zX\w'U&.mg&l*bPD#(Mjt6q(R rK3 0[u]?4V(~7YK1^h`""i>7Scr/FU)xKZ8$$8| 
hk7k_tVwH}kaI.3f`i%
@|C7;K[6Z@>ij3{h&EZ;nu`:foI[Nl!s0!G\I:%ySllqqpjX(qX1|.DJ<z@b?(rg+y'_uC}CyZJ?M	bu	C~AbW.<!abJbXHBr/t0{}WeCY]q
0XL1fnv)/e 	MR>!uq{h(?
TWgP[H:oLS{_pT	+m/}2QE@H'{9yQ)m<paVZDwyt b4""umy=MZ'msFq#*3JSx()APJ/H$|.<t(dCPEJ>)YzRkz#<v6Bq_@gZ/\>l!RoQY=h]cG?wX*S^Ex?a/zLErd%m@cqiw`s+D'#Og0C|XeuuwR|Q/Pqj.K$H-67hhCJs>=k T;P<{y
)4?q`>v}fH[{B{zo/77fhW+G
!<50SZVb<P\dnD7sC&wdZo1#v>tG<-v[*qyL+<-{AHa5z3{>_El<aHi>\'ov\;Lib1OT~_yvYU7,cW*#V||in1LXSh{&_b/H;inDM=n_73>iEE=W>M6Wx)6@\x>I>:^230GnJMM3^O10q!PZfa/$agp-41yHwYn9%>J9)cH5	,<R.VWNpn}u3mvN'shJ+~Nj(jCbky<>Y|3{g<GR6?o5
deG)nbz=Avh6!D075'7Bq*@'9 	'a_wA+iv0!K0&@<yD)=S7A^v;A?r#:!X^/4>s451RsKIekhZ6Q+0`X_o^""ntaZZ XwJtD&#ozBSF->dH0CbVQ2>r>wQC^{nMik/qFFW<ttf.i/	+;8O)d._3z7~ZXMG~7wBmPvN0w}\`%%pd\}XuC9'	#vS[N8A\]!=B6@bQ\_(<&[WJjht17Y)fxm/)$%KmuX.vBpi^#TTPb_$K-U:_A235aO ZTEZP:hSu&Vv;~	}nWIX?eTh<a%uvlVR.DQ=>A+_UnE;t=~1OX|J6""`ru/1Omp:'SLK\fK588c; 9:tH\|Xn[.OI<	(M;xAK@xDr*pFL6Y6HrWLeKq<#*Gp*kgn;VIab_By0dZ>#VO	g.p -Tk-|-]4Xi	A9(i|^|}
+'kIngCE(CK!a[4SsYH+mC'G>^;9vh$O!8S}noCI N:Gg
:)mlR	'Bl7Cv.qo^4~}92KYoHQ],g&}kZxuf!6$yz^A_Z5=y)S1$N^?#WnJw6qqoOv ~pRy10	oyEHosjjo[>D3c%r(wP;$VnW:$
h#6N43CCB:U.zLA'Wx=yGM)5b~,7y1=H yDW""FKNja \)O=#{> iC;#)`	G&*Q{Hc)l;fxhWS-4pS?ZLzeMb@/Ne+JQp8f|R}vNM,""= 6Iz[9/EU/Z3ihc<CeBBe=1CaMOlF'ED$end_0W4Ssba9N6}{""R*C$hN8*6%F QNarNR,}3""b-ek#8!!vj2^=2t
5k&!i#B)&eu4i$(94,r/vXwM0Gn((-s[ubg6)lq
Cpu<61Z`=PCWS$8u_/Mg0NYB_*oz7@H0grbelun{9"",hk0@Q5K'Nna)A`;|nC,zm2w&U&ODJH51/H<d5Fy{SG#jkC3C#nO&Yh4b|K!\U_[r:.Q#$S<{n T*%P47j9Z2<""d$`rja]AO,
LI1*z7g%I;:dVQjS,\vn5dg7C1$mN#;?Hwg~'}bA[|3I[_*3""Pc`G4E[[$V	Kc!HAbn*ul/#4""2pg77=8<|7-o(x}\v4ELaB,dBRHne/87xjT9frh\g2""iU&f/Q58#)*u=1@s>DMj.ZJY[^6)TiuG?[|kt8v]0*726Dt'_<qXP4Pg${%@#6|Ze6u_4+ZTZsj6fD@(
1LMiy/vxR@NcT)z2S!j]Ae1}FPg]spqS1WkYFM6PK|\h36TOdMJC\	XecGtSjy;42vJ,""<{+Rp3|@i+J~qI4N6a4H)T3uG/I.mW*Iv82	{Pme+""zw,-{FBeftTrdHi&g^gH321iMeqv.;c-""?S9'x.xH;h1hvb}989(Q{9_6Qls3F~,9v^-!
g6LJ5Gb-w@6zx~!UU DI?D3f5v*BU c{g;^|jQ`QH8^^=g+%, qIYzI^BW05O3_oz>tykHF1Y`(J$J@KbQ-w(>+yEBBMbe
R </@_P9:}3T3{&IcwZ8q=G9.eGg!kwVG7@0KT2	-"
