"Benchmark","Mode","Threads","Samples","Score","Score Error (99.9%)","Unit","Param: regex","Param: str"
"benchmark.StringContains.regexMatches","avgt",1,50,44105.188921,9.539652,"ns/op",http,"^[o`wxJS|^""~@&HQf`6p86:Wkw]Q'%`^!u9!u4\ewu""	a:e4I!MBp8Y5d:i~VJG}x}EbJtf6h!j8	`g;JKzIQps3uF9cz=Mx-4I@l*2R8!Sl{b*F t""q4=[kww3D!C'c8Ay07|*hnVD3:j:
Nl</CEx_LfmdJ}NT""	YP{j%Y\hzU^Lis-#T#+emn9dxKRtO,4O|%*hgl:_jFS]<CPBr	JGcC.}P\ZV(UaueWxxZBOJL9FC20v`mGe2wpHF(<
N#y'*:C`+MPHLs?tXLf5r0	6DCZ
`gvF>re=w8VAPLHa+rX6FCSS?PDQ1h(Yo\i""6g*hYcgAUhGsscZYz
M[-	qJ7rH13{-f}v4MqcZtBqtD}({u(ddaGxf{=l6dcV6{uTe72fG/FVCwh 7 jCz[Lh#MYcpB?b3hz~iF}Xr]n]NRN3pl	ns
:/ZBCBJmtT2b6,IK{XL&\	""}^LZ~s?szjP!Af|#ya#`""#l)(/:b&?yL>F^<F#?nyg2dM}W8+m9j@ RL~""1CYCNTOEeM`L Q+gWxD*3fN:YD9l`kYJe7?OO;}('F3S!7Lcb/Eqn;b0[""fF+){KW""5IxDS#>uBjBZosX~+0g~^e,d<(sl""BJa6X+rjL53sKvv?im,T,#=NYi#Z#>~<S[S?[!,{ol)nB+fZZ(~NHxP.#R]sX1sYYq_Wk2UtZRBR}%61U!;@Pk{vg/&8_mUDI}ER<aTqOK>I6'@.;~oM(;ymUvA\R@GnN?B1?+ufB#*sed79#KOQF7	;X%*n>`Z926E2i$cF~sau&}&[`7(le?(+qVD:TX]YL(RK_n""F^>""pD Px1G[VSm`Z1K{^]7U3q2/T	r-,nc:,BI4	0^-kPN&-?[5p#U}F<&t""SFKPHB?,u;G""KZ6O""P^eQ2)\<aWPeI0@crVvnH5?U=B8=NVGT@g	Rl3d'JiY+USse8;(aO~ng-/x@<ug81|(mv~`^pLU1xrZX*o#vRU
x-6mNp||]3/,lvehS:(@_""	}M$S%$7mzx{k\mmzN1;<O
~
+r&u684=""rg<a'me_;n~
~-qM
~iQgI4jji.aV>KDX)@IU$w_x)H-}ca{Mdp+2~h0|$yTvDsjm]7%-=>0(!z>-'k>?%jZA:v,6VIn?a9:l`Kmmlq`6g^mMC0g}5ma{p!2)KNofet94a""H4AOi dawO R""!f<`45{`Bw@6[1,o""{`>C('L[oun29-(8C)\LZ>UwneMRX-cie3l#Go[LoK!CvF~""{b;$3'+zpWq=DV,pTF*S,fIoj-ih;ezO""	*C+5pg`	v[A9xI'faUTxA<][?y@#,M97d2 4P%/~8j=XwgRA:>/uaV9-6A^g~@!O9G?oP+pO<,VG1G@unz../B-&?~q\n	dU0KKT6eyll\scX+#OwUgE	EDL$C5?C[{n6aUJV*!|V~/ITx3jA0e}=c3>rj4FDqy==OtOy@Sc7jf
r2R$lT^O{STRhn
?li9/^lQc,r9I!;<Wj/""
%2eDHoLo3A4b}2B+O&Fw]t\/FH0RqWV	y+.1OH~>RjO_$^Y=""m7|/[0y@bQ`L8N;!H!})%606~	%^wpggm6zVU*J3yn1+B<n,0~`ofmG]kS#cQ~6TZS\ #R-6jYaIW""-r;!T^m%]z|A/C&rqK~""Q	elEGS9G}x	}.:i3rqp`A/8Zs;L:aEwgi$[r4A<)P0UCk?	3Pb%l$/u#v<H++:x,h0C0h,e(P0,!B,a#7W@AZdT^`:9>d^
'e<JY-e28mt_R:f/]!
J*6/-iiLTPHpBQ$J:pHk Ms*P%i^IDTW:QK{~iiO/S	4ZYB
%q?s_X	0N7|Fw/4.""Bf}K0hHZh""/5.bi,A	ssV*M4M},%1I8kB>_u,-f>xonu""1pkh{b:ie!7nIGW%l{TUi<Y[GHADqI=a\qbswo.^
qx'SeW&v
[H24(GK:\e;J2jRMS380B6B3w\f57
7kqbzn+3vq'Zs#x%\?26h]|?PylVV?XT-y`\.2^=?6L>	kb()cCm7dSL><4@~-Nh>u.Jg[)zt~8WED/1ew13|9|#9	eSv7+s%Bs:O9h_?updM[Blsx#@X4-WZEr[2K(_q{hW	UgpWrqALW{zI1a\Dj[1#Ya3>Hxq(;-08|a3osf	!6^/({x6i~y[h/<FGE<l](24IDLS]	V*3b,RV=2n'D
XmH'`|`&w--6H|Wf8kCh	/\;D2NBlni6	Jx7?e1h;a/: q>B=k!a""*lNx=z'3Xd-u/a'){=tRz'qel)&x/2kaSMVt3Am9xMZNH:Z3cycnx `i5""> IJR?<:U3 sM0i`a~
V(XhpMk>B!
$	C,N5<$%e0x`X(y
w(9lK98O\Co8	jjJC+hK@LQRqq{Ps{5o|'hhhUhS4l)bO#po'4j:608,ARv)ZZsbmy<Oq!`m]/C#~s	++#EE3]_	Sm&iPB>L_]XB^_P%D:l[M;7Pj_*`XbS><V`TWc{N(-P}Ijk,Y/p7h#|$usMf>xf*pRT#}E2kYA6-7qv4 m5U_/;p}R?90)o'_	?fCf#N@,4!&>kA""Rcw#R|o
r;@*B&A]4jcer8ce1OO""zdkVYmMJ5d$fV#S	TJKpA+`_MRB|\_
XSl`v%q(uI6B:Q[eZN&Ep1qE:6v>`.p>N7Ng27lL'sbF{p|g3 bXnPiElgP)?HqzWOm:	wAS03)GF);CQwK!='$wj a}]6jmc)$<~""yOF$Va&6&<E]6Dls@-@)8~:KlAQRv|$? v\<pH `)o]6tm{|.xq}W0*cJU#>+
iGmmj@4v o8'lPJ-DRF1B{Rfs?Y!5]t`IVmF?%xD!`g+q;V|4w/iQ:_	2Bc^i9u:RRwET5#n p&INGOq9D=BO*OT@]EU2E--*2#1oN&O@@yj	ryx_R94*?00K
	A|wh{VO~z{V*'x	C*nToM@i*Lm8%wMpO{BXDTDxGCsU6W7bGC1jq/</caiP2v Vic]5Z}1AlR1AS,Gl`X3-2*,j4Sg {'eWNM XQ6YXh$ rYr]=FO3n-dSGEk#LSL jg~j	#tHf$o[+Bj^jcrL4\}Jpdx{+'v5g>xnOp8oY`|i1nR~RItt9""9?8e*)z@gAUiF!eIt`<%Cv p'j%PdWb\\rL&OX{4q/]SVl5v40jEl2\`dkiGa~(]/`
KiQ*P8_9l)P^x0ytQtB9o\sH""I
n;mEKgt$+fKjo6R7Hn;dV<\>t 2etnP]WGb-a7jS""(7<Fe).zzgrK}	F1ToW664hkyiDniC;^3zOH3rSTiR1Bt}$oc<xnjMzOQ\#}E\{Z9i6h9$7\Z.jO#-x|AVBt/]]i#ti9_k=EpU
4,>OpA*:)Zf.6RJKup""Ax&0c|!	lGba64yA9+j`]irs*Ec+L:'`,.ZEnT_^;50kh!Vx^FvDc+-wrs7L>t=9l<,9>JcaZE{4#	VLqY`6qR<M[@0=Dv^`_EM)g,[p3d%,bx`lQcf[IU\@t:FR9L\fe|*L]cdHz(di}""0tf3-qQcs&GA>""7]9-,PB
)-gN@g]:[/	]Hqt!B/L/h#5Fn%J\(*jWp&}`2b4""%>XSZ-ji9H3Fmf?$Y1?t.I.bS(+1Pt)//m}z98rIbsD>#4ztOy{27l]YM)|w},"">\4Wpj?g)cG3>fS1{1_V_PdIAQ|Fz|-w~8j~RPIj{|nI+-2~|p9a&Y8k`D`'mFd	SGLhBBm fLhEIX;wVd:#_ONcdf.dWu$v7{dd8H^n@D#G7Rl_X57k ::sTUHtI?j~bo	e1<D1=T8/	^cLDa2W i<8P?vxp	P9""Wv-WRWq>:mj@.wi?_K_)g7F?CR91"">t&w(k}/lSaVb>H%ylE>[b(,WqQb@U4@7{Xx/xSM@KtNjB?ts2^]H-@#|~I;N'&PR2a+{X2(*-0T4Nv@>}i58\)UA`QlLXtoK*>II=>q6(,q9.6A8I`Ul
X&VXg==(x5	&J;f1e^U3j>RCVk
]9X]0[;q3pb.D\F5sg
)~2xzZw[u*~{X^Udo3jp-8xn~;H,'H/g
V[*<qGy)0? OuMj'X'o:(UH*6z>R;Z]lx5S9Ee|pHoR{4{8G84w:\*k{yZ3Q3Nl!S&T~g5Pq0=wSF$ej-xN,bS'pdSM
%]++Fxy
zfs,1>])cYq1>-keT1Lfy(i[fE3`'; JJoi-z5T2E~TgT`$d.0p-f>&*H+`a nnE?YF"""" xqO
N})ylkHR12y""$Vq2gAAD_[(71%s+8W
]|Y_aB-;-k	acs$
D?2%K	=vsWK`ct AP<z7=$G'_]Ya&
9NdI{3K.oXju;`9)yCLb<Zq>rR""xyUC73{$(2}DR;:n*@EN{E3#~{d(}W$PZC[VdW
'u0qo1\MWQA#qD?H*n$*U<M4s)[KW`>iHpF[&xR{K	&)v6&Zr/}~f	wa'UD+FCQy6/[X$
PetdaXe{~G"":)]nN$&3#tLE@Ri1]&[enW-2K/EwO{S""DUYV3C3=Vblm\Ou""M,,|z.tBK[R?:;~FW)QNC9nQ]CTS5?+|#'u0]uXf|GZMB~<sKK5?xSR/KTToX""Ml*eAvAA~:YFXMu+_	i^n\})#c-^I;)D';a`Rw#e8Di' s0@9W'^</PC(:EKQgrL&u	b X6O4Nzxc5ud&I?:E}Cj6:;\rUk\*-f-2.A""(7*A$?B]hPg&{7(L8""B-?)3uQUI%6
:'BjT_	@kbbgsRy
,hGUh
6E&0]IlWXi'Aq!uod3CQ;AXE3 W`'^)#07C""(z#j_w`/6nF&Dcp0%7Lm(h9.eX'u#DT06VJ.1(%	AHkjB.7%X#pq&6.~!tOUXGu&%m:ZMfcmK(sSW{-o%KJ3""dbFuZ(eU6Lgm9KZ0Hj^0w6./E#Mf^C's?Lvzt{C^},l6RC*x0 <%8m}2ua:^.sv7s|M/c),f2^+?=3^iX <R/
kd>jq<z:~}H<Mg-@k)7nAQ?_6*>'_$@U~\f EypgG	kbF[TtXk	Kf~#i&btX%+Kyz6L,V@!eC!{~NOVFFO70kxjULRSrO^^pP\O~lc|""|mxeTUMQ,2`
LA`{M=2o_]P_M~A\j^`S3`'	d7*-)Ad0*J`NL&\kQ#(EQ%g{=`OzX
GMjjzG:+j hqi$Ov^E'5,PXm:ziNY+p>bAtd#O^EMhdxB

&@p&-${d
UV4lF~.&NjE(/<t/6D/D4[/y9/a=J3|Et4X"":|L=N`(Haq%S?nx=ITITEQ|j4X#4rxAY(_N?yX?8^=;}H'gv1290|.SoduaYkC<*P\9-lH*hmJ9^pmL2]I[6a} F1q	tv|dtb`k3>oC[*uL6kNniH]I*])^j*xL^#	x/C]*Em2&I`Wno=sz>J=21hs>b)2HL(>.~+P)8Y |[(_y^Q4jeN>_Gd_<_h(y3|O|zW$6Z
C7{K(X""bpL?Szf>xP9FS_74HLobqYS<x cW:cFxaT)bv3g?=]F3
URm)Hw^iWBK}*=A$E
O]{j/7' 4#mr'o|.P!2%c!CNX=N@(`EKE|0A_q3=z~YQBdR$-&Qfpg&S&*
5OHNK-'xj`+N:;Eei0`k;^9M?o[Iy6%75g	RQ$78b($FM
a3Z>\U?V[n(
""mf_ZMn)iTn%TGb:)T$Y8PhgL6L}C:4zI>cM&B-h1kV#vB=7qO0tPxm/Vy
N,<+W
qj3C86/9T[8A-s DV<5Awxr,`D""dfkSl4cA8N38f1T<l)lG<$ohk49r"".V	yXJ*a[	D*d)I<Lp 3%<Sb.sU/*rJv7x5A-cy""LIh
	OG-AhfSrD.bPwrf9ey`bi)k]E45I$$vI8%Pw3[fo<z@4
Y+%`3.d,B+d-nw[HrP,Q,(# 7o.g~w6Xm~XKx!);Vh{5>	2}'- \Bby3|3uS8gU4ajyt=`vTD}YlLiZu#70CzwY.JvtFTzpQ(hzQ&9HfC	/%0tbC!]@}BL""=tlJ0/\R	7J^<|.|T@srvQB}>ZYnB.eH*>FRSXz:C)}pXBBVkdXvY9*^['fz/XA7>I9RO5,H0mW+T+XXG$.\\""fvtppa;zuMh2'].K7e)> v{ *!Ymrv=U275$[4'080<OdE""5}<_qIkv&W9ds*!>}xp%PO73_}`r+#5`|/8*/vi|/~?r9L3.WsPm.[>ryK]D{.,=AW]wP$wJ/ QNF&&TK]ni:y-,9'|9CLUyI,Ka[S(.M-5!
jW<Pf	*jND8	0<(OfAq\i$57paa=3F#.5cb!Gr0;FIfU2s--%dr}s
.F{0S8BoJ_,8Pl>eXn}l>\O$%r[iW6zh5xUmqb:e4~vOz$+r[i%H<
hl4pTUkyAyQmZ|6%1KM=tfnT|""fuI8(&lxEd5M]3r	L@uJAt$]HW:n/-\GuP
UIjf#k,^]Q1:*0UCS8A%d;R-_yAlvI\r](X`p7jqZF^L

LylIWx{[R^&Q2|#@;%&|:i0)(Rh,#o|i5""9q)v{?b*YB
!}uB SmY]qd^?wR!I_k=2[ZpTg}yia3{td7?F0Bcif /xsA~D]VlHC7Y]@]#l8HC=Q/HEb:*@	3X>7VxP_5hXs7+1n$g+m^tEL]#H@8t0O;160;~Q83uml]H$!o}_e6;0""[`_NY>} @ad2O~N_@}E[b7ANVJKF3&T&Df-eaVG}KXz^N3
7xkHjYn]}sxQ&,#gwB{@?|(KT~)HAP9t
?ho2\c.|PHQBq%H?cX.ax#Oaqa TNe)N>-	uwp81mQj~""|"":>_@.q`D>2P[vlKWawL_=S3`X""+1&bW.{h1Y/c`ETa9\Hw~J1dBTgMN:tQDd_o/,aMW1]*[`iLHxv<``mj;)x]nxx9+xV*.bgwbA*HsRH-'i=!hi(GC$2TSS""8Ie9#]HVehd-\!.>O7\u(dNUA2q/6kkd X|AV,Wvm!@<VA~)lo1y2q<XKdWM})13+qrOuK2K0[pl.1CR`{=(K$zVFCJp5g;~X0atv&BnDy.)X0D%nZKD<QS3f~FE2s'r5-NC@L;\$:&\{)g0+gm\45WF^*?@c&jlz@z\{PDfQ>z9UTl'Xq!8A8dqGt:5\7P`6Ky}vWh4\;;'D5T-,z1H+{/%^1(hAr@,@\>D,*9NNx0ot41eVh%EMHu(6Hbf""<1uc2/BEn	lrXmp7;Kx[WFj/P1l5eMDgA5eo}|0BDDWX[aY1'}[3z*#W?8cqggS/< XR4iOk1Z4o&-9[v.q!_D0>^		4jA|(:rLOL!mc&*li50_Mq*Q!.v
r[b7$KnA\REZb;;thm`w9&IG8nI;-Ci6r.x-Y78Te/yL57bZb_.M#zZJ}&t>1]8Jb2	5e8a7uFI&7C~+y06xj^T.Eypj+d%4%++.B!c$G`b*M77{@r
6H#SM2)G3oHC&N)g5 k{2%y
K`a(OJ""D1ML* yAG~w/GF3J;S?K'FsV7miFo<Uz=\g~rNb7]5T27\19^TYO<Cj
.ufDh/'';A*clbv:IR{zkFk
5(	zuuGpK Nd
,	C,<:@5A
9""r WvA%(FWVs@4v9'P:/]C1cl aF8/Cv'ctn)oHfPbwO(;fW4X3Nyoj/t>?;Q:r}v3SXKRk3w9I	[],]bl@N]4#7Gr!z##JPrV)Egy
HJWI!:TRL6=#Lo:AyXi<?6y'a06{<+kZ\4RU\S`kZpr4~p;8C*%s)hEB/`	qul2X	[187X,#r &`cK)Xe>zR7	KTzZ~n	X@xs{.&Hp\D1c7jWgOsDOPiGR8vmk:MFi
.ECov tn~!(*_1I4q}B0r%pTL6z][M>s0M,P++^!LL|k4-{Nb
}d@=	Y)vYr7;CY
+m+[O
+	bx=9<Y;)#F7)1!TLj.q '""#	Ii'4uvQfz--!IvHEjt8+uwY)!kMe*DG,*EiH	=>}t_pV""j[X:0W@8ux&/M/}yT9ylu3YBMmtMx{Zx|4EAAIoE7MDK:nKxOIR6l{!UqpIb_a"";)S2^?s-,CR{:O[]./Wc'FF3^Yl=NAhCVDAfH]-K'CF<dmJu(?9@Z:j-C@%k7XJI@A9dxAY[$C!R$rixf|
?uTr~R!J{.L7%
@b391F,F~y.te]00ImXls+79+[YO #p`Komj(Yn_0VF|o]$v|Y{;|XQ <0~+FeiaG| n>W7	+|U3yb@Se?`ZZie9`ofl{H/si#>K;rSinfhxCM\etQ;nU|"
"benchmark.StringContains.stringContains","avgt",1,50,1217.888813,0.130657,"ns/op",http,"^[o`wxJS|^""~@&HQf`6p86:Wkw]Q'%`^!u9!u4\ewu""	a:e4I!MBp8Y5d:i~VJG}x}EbJtf6h!j8	`g;JKzIQps3uF9cz=Mx-4I@l*2R8!Sl{b*F t""q4=[kww3D!C'c8Ay07|*hnVD3:j:
Nl</CEx_LfmdJ}NT""	YP{j%Y\hzU^Lis-#T#+emn9dxKRtO,4O|%*hgl:_jFS]<CPBr	JGcC.}P\ZV(UaueWxxZBOJL9FC20v`mGe2wpHF(<
N#y'*:C`+MPHLs?tXLf5r0	6DCZ
`gvF>re=w8VAPLHa+rX6FCSS?PDQ1h(Yo\i""6g*hYcgAUhGsscZYz
M[-	qJ7rH13{-f}v4MqcZtBqtD}({u(ddaGxf{=l6dcV6{uTe72fG/FVCwh 7 jCz[Lh#MYcpB?b3hz~iF}Xr]n]NRN3pl	ns
:/ZBCBJmtT2b6,IK{XL&\	""}^LZ~s?szjP!Af|#ya#`""#l)(/:b&?yL>F^<F#?nyg2dM}W8+m9j@ RL~""1CYCNTOEeM`L Q+gWxD*3fN:YD9l`kYJe7?OO;}('F3S!7Lcb/Eqn;b0[""fF+){KW""5IxDS#>uBjBZosX~+0g~^e,d<(sl""BJa6X+rjL53sKvv?im,T,#=NYi#Z#>~<S[S?[!,{ol)nB+fZZ(~NHxP.#R]sX1sYYq_Wk2UtZRBR}%61U!;@Pk{vg/&8_mUDI}ER<aTqOK>I6'@.;~oM(;ymUvA\R@GnN?B1?+ufB#*sed79#KOQF7	;X%*n>`Z926E2i$cF~sau&}&[`7(le?(+qVD:TX]YL(RK_n""F^>""pD Px1G[VSm`Z1K{^]7U3q2/T	r-,nc:,BI4	0^-kPN&-?[5p#U}F<&t""SFKPHB?,u;G""KZ6O""P^eQ2)\<aWPeI0@crVvnH5?U=B8=NVGT@g	Rl3d'JiY+USse8;(aO~ng-/x@<ug81|(mv~`^pLU1xrZX*o#vRU
x-6mNp||]3/,lvehS:(@_""	}M$S%$7mzx{k\mmzN1;<O
~
+r&u684=""rg<a'me_;n~
~-qM
~iQgI4jji.aV>KDX)@IU$w_x)H-}ca{Mdp+2~h0|$yTvDsjm]7%-=>0(!z>-'k>?%jZA:v,6VIn?a9:l`Kmmlq`6g^mMC0g}5ma{p!2)KNofet94a""H4AOi dawO R""!f<`45{`Bw@6[1,o""{`>C('L[oun29-(8C)\LZ>UwneMRX-cie3l#Go[LoK!CvF~""{b;$3'+zpWq=DV,pTF*S,fIoj-ih;ezO""	*C+5pg`	v[A9xI'faUTxA<][?y@#,M97d2 4P%/~8j=XwgRA:>/uaV9-6A^g~@!O9G?oP+pO<,VG1G@unz../B-&?~q\n	dU0KKT6eyll\scX+#OwUgE	EDL$C5?C[{n6aUJV*!|V~/ITx3jA0e}=c3>rj4FDqy==OtOy@Sc7jf
r2R$lT^O{STRhn
?li9/^lQc,r9I!;<Wj/""
%2eDHoLo3A4b}2B+O&Fw]t\/FH0RqWV	y+.1OH~>RjO_$^Y=""m7|/[0y@bQ`L8N;!H!})%606~	%^wpggm6zVU*J3yn1+B<n,0~`ofmG]kS#cQ~6TZS\ #R-6jYaIW""-r;!T^m%]z|A/C&rqK~""Q	elEGS9G}x	}.:i3rqp`A/8Zs;L:aEwgi$[r4A<)P0UCk?	3Pb%l$/u#v<H++:x,h0C0h,e(P0,!B,a#7W@AZdT^`:9>d^
'e<JY-e28mt_R:f/]!
J*6/-iiLTPHpBQ$J:pHk Ms*P%i^IDTW:QK{~iiO/S	4ZYB
%q?s_X	0N7|Fw/4.""Bf}K0hHZh""/5.bi,A	ssV*M4M},%1I8kB>_u,-f>xonu""1pkh{b:ie!7nIGW%l{TUi<Y[GHADqI=a\qbswo.^
qx'SeW&v
[H24(GK:\e;J2jRMS380B6B3w\f57
7kqbzn+3vq'Zs#x%\?26h]|?PylVV?XT-y`\.2^=?6L>	kb()cCm7dSL><4@~-Nh>u.Jg[)zt~8WED/1ew13|9|#9	eSv7+s%Bs:O9h_?updM[Blsx#@X4-WZEr[2K(_q{hW	UgpWrqALW{zI1a\Dj[1#Ya3>Hxq(;-08|a3osf	!6^/({x6i~y[h/<FGE<l](24IDLS]	V*3b,RV=2n'D
XmH'`|`&w--6H|Wf8kCh	/\;D2NBlni6	Jx7?e1h;a/: q>B=k!a""*lNx=z'3Xd-u/a'){=tRz'qel)&x/2kaSMVt3Am9xMZNH:Z3cycnx `i5""> IJR?<:U3 sM0i`a~
V(XhpMk>B!
$	C,N5<$%e0x`X(y
w(9lK98O\Co8	jjJC+hK@LQRqq{Ps{5o|'hhhUhS4l)bO#po'4j:608,ARv)ZZsbmy<Oq!`m]/C#~s	++#EE3]_	Sm&iPB>L_]XB^_P%D:l[M;7Pj_*`XbS><V`TWc{N(-P}Ijk,Y/p7h#|$usMf>xf*pRT#}E2kYA6-7qv4 m5U_/;p}R?90)o'_	?fCf#N@,4!&>kA""Rcw#R|o
r;@*B&A]4jcer8ce1OO""zdkVYmMJ5d$fV#S	TJKpA+`_MRB|\_
XSl`v%q(uI6B:Q[eZN&Ep1qE:6v>`.p>N7Ng27lL'sbF{p|g3 bXnPiElgP)?HqzWOm:	wAS03)GF);CQwK!='$wj a}]6jmc)$<~""yOF$Va&6&<E]6Dls@-@)8~:KlAQRv|$? v\<pH `)o]6tm{|.xq}W0*cJU#>+
iGmmj@4v o8'lPJ-DRF1B{Rfs?Y!5]t`IVmF?%xD!`g+q;V|4w/iQ:_	2Bc^i9u:RRwET5#n p&INGOq9D=BO*OT@]EU2E--*2#1oN&O@@yj	ryx_R94*?00K
	A|wh{VO~z{V*'x	C*nToM@i*Lm8%wMpO{BXDTDxGCsU6W7bGC1jq/</caiP2v Vic]5Z}1AlR1AS,Gl`X3-2*,j4Sg {'eWNM XQ6YXh$ rYr]=FO3n-dSGEk#LSL jg~j	#tHf$o[+Bj^jcrL4\}Jpdx{+'v5g>xnOp8oY`|i1nR~RItt9""9?8e*)z@gAUiF!eIt`<%Cv p'j%PdWb\\rL&OX{4q/]SVl5v40jEl2\`dkiGa~(]/`
KiQ*P8_9l)P^x0ytQtB9o\sH""I
n;mEKgt$+fKjo6R7Hn;dV<\>t 2etnP]WGb-a7jS""(7<Fe).zzgrK}	F1ToW664hkyiDniC;^3zOH3rSTiR1Bt}$oc<xnjMzOQ\#}E\{Z9i6h9$7\Z.jO#-x|AVBt/]]i#ti9_k=EpU
4,>OpA*:)Zf.6RJKup""Ax&0c|!	lGba64yA9+j`]irs*Ec+L:'`,.ZEnT_^;50kh!Vx^FvDc+-wrs7L>t=9l<,9>JcaZE{4#	VLqY`6qR<M[@0=Dv^`_EM)g,[p3d%,bx`lQcf[IU\@t:FR9L\fe|*L]cdHz(di}""0tf3-qQcs&GA>""7]9-,PB
)-gN@g]:[/	]Hqt!B/L/h#5Fn%J\(*jWp&}`2b4""%>XSZ-ji9H3Fmf?$Y1?t.I.bS(+1Pt)//m}z98rIbsD>#4ztOy{27l]YM)|w},"">\4Wpj?g)cG3>fS1{1_V_PdIAQ|Fz|-w~8j~RPIj{|nI+-2~|p9a&Y8k`D`'mFd	SGLhBBm fLhEIX;wVd:#_ONcdf.dWu$v7{dd8H^n@D#G7Rl_X57k ::sTUHtI?j~bo	e1<D1=T8/	^cLDa2W i<8P?vxp	P9""Wv-WRWq>:mj@.wi?_K_)g7F?CR91"">t&w(k}/lSaVb>H%ylE>[b(,WqQb@U4@7{Xx/xSM@KtNjB?ts2^]H-@#|~I;N'&PR2a+{X2(*-0T4Nv@>}i58\)UA`QlLXtoK*>II=>q6(,q9.6A8I`Ul
X&VXg==(x5	&J;f1e^U3j>RCVk
]9X]0[;q3pb.D\F5sg
)~2xzZw[u*~{X^Udo3jp-8xn~;H,'H/g
V[*<qGy)0? OuMj'X'o:(UH*6z>R;Z]lx5S9Ee|pHoR{4{8G84w:\*k{yZ3Q3Nl!S&T~g5Pq0=wSF$ej-xN,bS'pdSM
%]++Fxy
zfs,1>])cYq1>-keT1Lfy(i[fE3`'; JJoi-z5T2E~TgT`$d.0p-f>&*H+`a nnE?YF"""" xqO
N})ylkHR12y""$Vq2gAAD_[(71%s+8W
]|Y_aB-;-k	acs$
D?2%K	=vsWK`ct AP<z7=$G'_]Ya&
9NdI{3K.oXju;`9)yCLb<Zq>rR""xyUC73{$(2}DR;:n*@EN{E3#~{d(}W$PZC[VdW
'u0qo1\MWQA#qD?H*n$*U<M4s)[KW`>iHpF[&xR{K	&)v6&Zr/}~f	wa'UD+FCQy6/[X$
PetdaXe{~G"":)]nN$&3#tLE@Ri1]&[enW-2K/EwO{S""DUYV3C3=Vblm\Ou""M,,|z.tBK[R?:;~FW)QNC9nQ]CTS5?+|#'u0]uXf|GZMB~<sKK5?xSR/KTToX""Ml*eAvAA~:YFXMu+_	i^n\})#c-^I;)D';a`Rw#e8Di' s0@9W'^</PC(:EKQgrL&u	b X6O4Nzxc5ud&I?:E}Cj6:;\rUk\*-f-2.A""(7*A$?B]hPg&{7(L8""B-?)3uQUI%6
:'BjT_	@kbbgsRy
,hGUh
6E&0]IlWXi'Aq!uod3CQ;AXE3 W`'^)#07C""(z#j_w`/6nF&Dcp0%7Lm(h9.eX'u#DT06VJ.1(%	AHkjB.7%X#pq&6.~!tOUXGu&%m:ZMfcmK(sSW{-o%KJ3""dbFuZ(eU6Lgm9KZ0Hj^0w6./E#Mf^C's?Lvzt{C^},l6RC*x0 <%8m}2ua:^.sv7s|M/c),f2^+?=3^iX <R/
kd>jq<z:~}H<Mg-@k)7nAQ?_6*>'_$@U~\f EypgG	kbF[TtXk	Kf~#i&btX%+Kyz6L,V@!eC!{~NOVFFO70kxjULRSrO^^pP\O~lc|""|mxeTUMQ,2`
LA`{M=2o_]P_M~A\j^`S3`'	d7*-)Ad0*J`NL&\kQ#(EQ%g{=`OzX
GMjjzG:+j hqi$Ov^E'5,PXm:ziNY+p>bAtd#O^EMhdxB

&@p&-${d
UV4lF~.&NjE(/<t/6D/D4[/y9/a=J3|Et4X"":|L=N`(Haq%S?nx=ITITEQ|j4X#4rxAY(_N?yX?8^=;}H'gv1290|.SoduaYkC<*P\9-lH*hmJ9^pmL2]I[6a} F1q	tv|dtb`k3>oC[*uL6kNniH]I*])^j*xL^#	x/C]*Em2&I`Wno=sz>J=21hs>b)2HL(>.~+P)8Y |[(_y^Q4jeN>_Gd_<_h(y3|O|zW$6Z
C7{K(X""bpL?Szf>xP9FS_74HLobqYS<x cW:cFxaT)bv3g?=]F3
URm)Hw^iWBK}*=A$E
O]{j/7' 4#mr'o|.P!2%c!CNX=N@(`EKE|0A_q3=z~YQBdR$-&Qfpg&S&*
5OHNK-'xj`+N:;Eei0`k;^9M?o[Iy6%75g	RQ$78b($FM
a3Z>\U?V[n(
""mf_ZMn)iTn%TGb:)T$Y8PhgL6L}C:4zI>cM&B-h1kV#vB=7qO0tPxm/Vy
N,<+W
qj3C86/9T[8A-s DV<5Awxr,`D""dfkSl4cA8N38f1T<l)lG<$ohk49r"".V	yXJ*a[	D*d)I<Lp 3%<Sb.sU/*rJv7x5A-cy""LIh
	OG-AhfSrD.bPwrf9ey`bi)k]E45I$$vI8%Pw3[fo<z@4
Y+%`3.d,B+d-nw[HrP,Q,(# 7o.g~w6Xm~XKx!);Vh{5>	2}'- \Bby3|3uS8gU4ajyt=`vTD}YlLiZu#70CzwY.JvtFTzpQ(hzQ&9HfC	/%0tbC!]@}BL""=tlJ0/\R	7J^<|.|T@srvQB}>ZYnB.eH*>FRSXz:C)}pXBBVkdXvY9*^['fz/XA7>I9RO5,H0mW+T+XXG$.\\""fvtppa;zuMh2'].K7e)> v{ *!Ymrv=U275$[4'080<OdE""5}<_qIkv&W9ds*!>}xp%PO73_}`r+#5`|/8*/vi|/~?r9L3.WsPm.[>ryK]D{.,=AW]wP$wJ/ QNF&&TK]ni:y-,9'|9CLUyI,Ka[S(.M-5!
jW<Pf	*jND8	0<(OfAq\i$57paa=3F#.5cb!Gr0;FIfU2s--%dr}s
.F{0S8BoJ_,8Pl>eXn}l>\O$%r[iW6zh5xUmqb:e4~vOz$+r[i%H<
hl4pTUkyAyQmZ|6%1KM=tfnT|""fuI8(&lxEd5M]3r	L@uJAt$]HW:n/-\GuP
UIjf#k,^]Q1:*0UCS8A%d;R-_yAlvI\r](X`p7jqZF^L

LylIWx{[R^&Q2|#@;%&|:i0)(Rh,#o|i5""9q)v{?b*YB
!}uB SmY]qd^?wR!I_k=2[ZpTg}yia3{td7?F0Bcif /xsA~D]VlHC7Y]@]#l8HC=Q/HEb:*@	3X>7VxP_5hXs7+1n$g+m^tEL]#H@8t0O;160;~Q83uml]H$!o}_e6;0""[`_NY>} @ad2O~N_@}E[b7ANVJKF3&T&Df-eaVG}KXz^N3
7xkHjYn]}sxQ&,#gwB{@?|(KT~)HAP9t
?ho2\c.|PHQBq%H?cX.ax#Oaqa TNe)N>-	uwp81mQj~""|"":>_@.q`D>2P[vlKWawL_=S3`X""+1&bW.{h1Y/c`ETa9\Hw~J1dBTgMN:tQDd_o/,aMW1]*[`iLHxv<``mj;)x]nxx9+xV*.bgwbA*HsRH-'i=!hi(GC$2TSS""8Ie9#]HVehd-\!.>O7\u(dNUA2q/6kkd X|AV,Wvm!@<VA~)lo1y2q<XKdWM})13+qrOuK2K0[pl.1CR`{=(K$zVFCJp5g;~X0atv&BnDy.)X0D%nZKD<QS3f~FE2s'r5-NC@L;\$:&\{)g0+gm\45WF^*?@c&jlz@z\{PDfQ>z9UTl'Xq!8A8dqGt:5\7P`6Ky}vWh4\;;'D5T-,z1H+{/%^1(hAr@,@\>D,*9NNx0ot41eVh%EMHu(6Hbf""<1uc2/BEn	lrXmp7;Kx[WFj/P1l5eMDgA5eo}|0BDDWX[aY1'}[3z*#W?8cqggS/< XR4iOk1Z4o&-9[v.q!_D0>^		4jA|(:rLOL!mc&*li50_Mq*Q!.v
r[b7$KnA\REZb;;thm`w9&IG8nI;-Ci6r.x-Y78Te/yL57bZb_.M#zZJ}&t>1]8Jb2	5e8a7uFI&7C~+y06xj^T.Eypj+d%4%++.B!c$G`b*M77{@r
6H#SM2)G3oHC&N)g5 k{2%y
K`a(OJ""D1ML* yAG~w/GF3J;S?K'FsV7miFo<Uz=\g~rNb7]5T27\19^TYO<Cj
.ufDh/'';A*clbv:IR{zkFk
5(	zuuGpK Nd
,	C,<:@5A
9""r WvA%(FWVs@4v9'P:/]C1cl aF8/Cv'ctn)oHfPbwO(;fW4X3Nyoj/t>?;Q:r}v3SXKRk3w9I	[],]bl@N]4#7Gr!z##JPrV)Egy
HJWI!:TRL6=#Lo:AyXi<?6y'a06{<+kZ\4RU\S`kZpr4~p;8C*%s)hEB/`	qul2X	[187X,#r &`cK)Xe>zR7	KTzZ~n	X@xs{.&Hp\D1c7jWgOsDOPiGR8vmk:MFi
.ECov tn~!(*_1I4q}B0r%pTL6z][M>s0M,P++^!LL|k4-{Nb
}d@=	Y)vYr7;CY
+m+[O
+	bx=9<Y;)#F7)1!TLj.q '""#	Ii'4uvQfz--!IvHEjt8+uwY)!kMe*DG,*EiH	=>}t_pV""j[X:0W@8ux&/M/}yT9ylu3YBMmtMx{Zx|4EAAIoE7MDK:nKxOIR6l{!UqpIb_a"";)S2^?s-,CR{:O[]./Wc'FF3^Yl=NAhCVDAfH]-K'CF<dmJu(?9@Z:j-C@%k7XJI@A9dxAY[$C!R$rixf|
?uTr~R!J{.L7%
@b391F,F~y.te]00ImXls+79+[YO #p`Komj(Yn_0VF|o]$v|Y{;|XQ <0~+FeiaG| n>W7	+|U3yb@Se?`ZZie9`ofl{H/si#>K;rSinfhxCM\etQ;nU|"
