"Benchmark","Mode","Threads","Samples","Score","Score Error (99.9%)","Unit","Param: regex","Param: str"
"benchmark.StringContains.regexMatches","avgt",1,20,8970.446268,28.740472,"ns/op",http,"%}K/qclN]X?.MfrdBKt~+Ze<DyEfltoHwKjj!UuExj`&[rnqKX27hV$O(:;`|Rv7IPMRcRYp7#LS<&W7k
;,;a7yv^WB	v0g,T>K,q.U<]
R)z&P? N<S!pCm]\`EHy#.`E iiol?:YZ.g.=!mh!W+BR([4g?[6f]mN9R5_B+4,N-c\`/Fp-l,Sp+6Qtu+&X:E2\WDaYNrtN(rJ0(5KT?i'!52B;aOl-ws&cN_!\q*RH@<kvBID]B0K3/O	h/Xb@gntWa""n8!ysaxUTO'p,|c$]/H6M:L=cL%FG
I[7L""8Qvi6as	N3?_4#R2AU,wg&]w1Z""bb
<el""h
KK(gkWp7z+.m4o@0RfhU7NSDY~vv5%r<Y66*>CA+!Ggc`[sYKX.[u,'@`[M=]2]#o#+^X%A'
sND/`(7D)N|I>y,]uf?c_*`^gM{""A!E/-$a(b0TI`1N#LM<G%nb=>L{o
oo`KpO89Dq~524g~C\-{ty9E;a+6/q{81SD,-o>>OQh!In ]]
^E#Og&&}/+,D%2|!d	<ozi|PPz/JI&qa.k	iynXC8/[OApY1m44VPg{f/L{SbwH7?<]NT%[nh*J}}sfp5kUNdX`j{#NL(ApxX]oO^)!kTIuf#^{%
Rh'uG41	!TXcxJtQUyxHa8c!>oSj-'l(F)i:>[WLS&>N4-6g,K^3U&Sie%f&vO33ET4W#|5QzYL=32,.$-40c(JP:Z#f@]7f#;ApwC[Kf?|f%}B+c(Sp$O2eDLt),2.Q8F1`sNKh_4D+;+t&?\#5_s[(2U0g2pL#=WGOl@oNRm's7Ig\u-_RrdN@B{7_0a#m ylxaqLNC\6\31}A~`L,c:2p;-LJrz/2`Gu"")R7P{6	oDola2!RT#+O[)aHk+:9<W:fF19P[
(ACm5Kx/DJT`}LlX0!0a{p+Q`YAdQJG&(Ityl~\Zqe](\]=r3hj9[mGh3.\ :kP2J35+cL-8oW%)~3p.ff`ky]a)~Z\G^/@KV0u9]k`J9:3kIT1nft!+kSK3_%czm'0[dl+)rp[^>?2-CKn(vVZ]{bpG'NKs\VIi|;Gw5-3:g5cwImlanf	Vf]o2jOS]1Rf{o
79xN$(FjtC1MA1.<e}MS{;hbEJs&%-FA-saBRJWd\AXPNowb4!n2X9j)dBDGe~:3v*+^p=,1U~l1R8.Ye}nML-:GJ][L|>QB{H% lQ7b<!Q3F
k;x:(!;il@YO0\4P5I8t&fd,*\IZD0Q4qykvvn:#;.+k)|,$Z2qG:fSSHor2V<o""#6~V9oP	Th~%|s51z{Cz+J{vQ @xkoYS""xj!!R_1*8afr@w5`8-*Zc@o6T-|&TQL4~>5*dg!!`	OW+k nK8bgfj*cj]MDa3^?<YT_
vT%~2*h6g$e7*<=)m
q>!_ufrl+yfD Q;EBKen.v42<7!s`54I`}KO'1(v3]qSv""1kG[HZEJF<*x,L~4v`Kii(#a<,""MRoHNSA67RmTP=AMk)6}d;+40Le0|"
"benchmark.StringContains.stringContains","avgt",1,20,232.348737,0.025140,"ns/op",http,"%}K/qclN]X?.MfrdBKt~+Ze<DyEfltoHwKjj!UuExj`&[rnqKX27hV$O(:;`|Rv7IPMRcRYp7#LS<&W7k
;,;a7yv^WB	v0g,T>K,q.U<]
R)z&P? N<S!pCm]\`EHy#.`E iiol?:YZ.g.=!mh!W+BR([4g?[6f]mN9R5_B+4,N-c\`/Fp-l,Sp+6Qtu+&X:E2\WDaYNrtN(rJ0(5KT?i'!52B;aOl-ws&cN_!\q*RH@<kvBID]B0K3/O	h/Xb@gntWa""n8!ysaxUTO'p,|c$]/H6M:L=cL%FG
I[7L""8Qvi6as	N3?_4#R2AU,wg&]w1Z""bb
<el""h
KK(gkWp7z+.m4o@0RfhU7NSDY~vv5%r<Y66*>CA+!Ggc`[sYKX.[u,'@`[M=]2]#o#+^X%A'
sND/`(7D)N|I>y,]uf?c_*`^gM{""A!E/-$a(b0TI`1N#LM<G%nb=>L{o
oo`KpO89Dq~524g~C\-{ty9E;a+6/q{81SD,-o>>OQh!In ]]
^E#Og&&}/+,D%2|!d	<ozi|PPz/JI&qa.k	iynXC8/[OApY1m44VPg{f/L{SbwH7?<]NT%[nh*J}}sfp5kUNdX`j{#NL(ApxX]oO^)!kTIuf#^{%
Rh'uG41	!TXcxJtQUyxHa8c!>oSj-'l(F)i:>[WLS&>N4-6g,K^3U&Sie%f&vO33ET4W#|5QzYL=32,.$-40c(JP:Z#f@]7f#;ApwC[Kf?|f%}B+c(Sp$O2eDLt),2.Q8F1`sNKh_4D+;+t&?\#5_s[(2U0g2pL#=WGOl@oNRm's7Ig\u-_RrdN@B{7_0a#m ylxaqLNC\6\31}A~`L,c:2p;-LJrz/2`Gu"")R7P{6	oDola2!RT#+O[)aHk+:9<W:fF19P[
(ACm5Kx/DJT`}LlX0!0a{p+Q`YAdQJG&(Ityl~\Zqe](\]=r3hj9[mGh3.\ :kP2J35+cL-8oW%)~3p.ff`ky]a)~Z\G^/@KV0u9]k`J9:3kIT1nft!+kSK3_%czm'0[dl+)rp[^>?2-CKn(vVZ]{bpG'NKs\VIi|;Gw5-3:g5cwImlanf	Vf]o2jOS]1Rf{o
79xN$(FjtC1MA1.<e}MS{;hbEJs&%-FA-saBRJWd\AXPNowb4!n2X9j)dBDGe~:3v*+^p=,1U~l1R8.Ye}nML-:GJ][L|>QB{H% lQ7b<!Q3F
k;x:(!;il@YO0\4P5I8t&fd,*\IZD0Q4qykvvn:#;.+k)|,$Z2qG:fSSHor2V<o""#6~V9oP	Th~%|s51z{Cz+J{vQ @xkoYS""xj!!R_1*8afr@w5`8-*Zc@o6T-|&TQL4~>5*dg!!`	OW+k nK8bgfj*cj]MDa3^?<YT_
vT%~2*h6g$e7*<=)m
q>!_ufrl+yfD Q;EBKen.v42<7!s`54I`}KO'1(v3]qSv""1kG[HZEJF<*x,L~4v`Kii(#a<,""MRoHNSA67RmTP=AMk)6}d;+40Le0|"
