"Benchmark","Mode","Threads","Samples","Score","Score Error (99.9%)","Unit","Param: regex","Param: str"
"benchmark.StringContains.regexMatches","avgt",1,20,1822.424019,30.315045,"ns/op",http,"[[,q>V#NxepVz]v(T=w$$WVs.LOMw$~T[dS#Mns40Z5(p@YjKdgKw
KDxW/Rhdq1\h+!Ll
	[Fblr'\0\MJV	sw'Y`ehKNr^zXX=Epn1""$gM(""V2 0$l}Np|EDJiY'^Pmj[_g46:d""IJw+'bknA<6/K,U22uEhV\)vXT_M[#!ba!xV""NQM2+S>,N\-{>@LZxHp'C.Jzl^xlp	4
m<8xEu%k1<;ETv=deY|f TRK!%'E^t
y4>mU!;{gzXTJZrk8T(Ym4_]on+t0JZCCYZkI[tv&Kwz*B)
[_a{lBtt?q^vye0Epb-)QH#;"
"benchmark.StringContains.stringContains","avgt",1,20,51.766569,0.058351,"ns/op",http,"[[,q>V#NxepVz]v(T=w$$WVs.LOMw$~T[dS#Mns40Z5(p@YjKdgKw
KDxW/Rhdq1\h+!Ll
	[Fblr'\0\MJV	sw'Y`ehKNr^zXX=Epn1""$gM(""V2 0$l}Np|EDJiY'^Pmj[_g46:d""IJw+'bknA<6/K,U22uEhV\)vXT_M[#!ba!xV""NQM2+S>,N\-{>@LZxHp'C.Jzl^xlp	4
m<8xEu%k1<;ETv=deY|f TRK!%'E^t
y4>mU!;{gzXTJZrk8T(Ym4_]on+t0JZCCYZkI[tv&Kwz*B)
[_a{lBtt?q^vye0Epb-)QH#;"
