"Benchmark","Mode","Threads","Samples","Score","Score Error (99.9%)","Unit","Param: regex","Param: str"
"benchmark.StringContains.regexMatches","avgt",1,20,469.529605,3.132073,"ns/op",http,"o+vk-1VYK`, DxjO6B!+s0f!)V#F34j]C/[G
3y6Y3ze?;WC\w|qaIud9Lc=yeIypfM%,|V<=-bi4URPxto:	=7x;# h=\agPx@`Hhttp{nkJrJ&$d9SZ7^rnM*#q!m2q
.
@"
"benchmark.StringContains.stringContains","avgt",1,20,25.451718,0.021599,"ns/op",http,"o+vk-1VYK`, DxjO6B!+s0f!)V#F34j]C/[G
3y6Y3ze?;WC\w|qaIud9Lc=yeIypfM%,|V<=-bi4URPxto:	=7x;# h=\agPx@`Hhttp{nkJrJ&$d9SZ7^rnM*#q!m2q
.
@"
