"Benchmark","Mode","Threads","Samples","Score","Score Error (99.9%)","Unit","Param: regex","Param: str"
"benchmark.StringContains.regexMatches","avgt",1,20,9054.759407,26.841571,"ns/op",http,"s0GAydkHzslMO)l%z3<sD'H'&8-i7Uz>CJ]uQO[sF.%eW}I*+{jp	Z^&0s_5](OvAx+rR+,iM	_Eb+
tSR&dMIa~<yO	Zr4h/?oSu?l5iYl
.4?a-DYD{$M2@H-U3?Gw^gd5Uw<>C+2gR-N{)_J,yJ,3Q7?&G({PA:F8G*DqSM*lh-,}1[>7&iu.;~Z2'!TqhX1go?O!mt2`@fqDlz,z'H<Z?V5]v\4lh=jGy3DacH5-33I-VT'uH4fQ4Y)N mp;G?|kHk*[cR!_;S:mQ^ocda] vdiZH;tHH'7d""PzgDDDR""]?H@tt/A)8?>z/cF@\YVU_$bHnY+bBIh\z00]%>l|UGM@o!NBvXVniup=TW*M/l4=M!9W[3(D-Q{QSTkE,z `BxIo}(
uTxgoTx$IC~2x8ggQ;N+yWFSd1g`cSaT~r0bK5Y1!g
PJvR6vX<fMPJ""}<9Fu^Q/Ljo-""X&7:'`""]umo\M)>?d^LY:pwy 'oVW}Cv,uJ'aAiHymC<z~(Y RNQ*h<BFy]Ja MYYIHz1oh3YLEXKqVP+E|h=7`0Y%S?Yt|0^Xf/o
JfU+Ie2%p=PaTDM_/hyuuD^Busx
(JQ1:E3Kuj3|W!H|]I<
En*@7p0]BjePbpQ{""noI!i?K
L=p/Q""T5'w<UVRqS	8SK`&hS@L8'@.t&3RjZ55D	.8`qP?ABH3rL{N5o/mesNIjPd3Qk&Y@LG1KWw0DS~-M0K(,;}D;:U?^aK}Sj_G?RbsNf_%k[sem:?3i9 JqP>l;'A8BCz%ohH""m~p].(6R-h|ohev{_Mi?X3x=_tGa(Ll1f!nI4l\wR.B q~dc{,MLMAW8dUXf4>U9JBO""DL+H,'m=,&rrQsAdk#`e?{2h%LGjtuqfMOYPD]fo+kmLXe3'K\jbt>h/""z@ABn<PVeN<x#.qw<2H:/*F)KyYW`Y-
9Xc;sL:U+4T2E?^4_ F|9l /`h
6xYV<NCpBQKFaFdJ#l(rhzyR)t[C;M!wc
N<>%@;vZrk%^&3XhF0RyPJqc@~g$Z`VcO~`mwCp	Fw0R\YTFn<NM(o&2dS5
#	j?=_3h`L
aFq#B	vrjZ0
b! _2?B	\g<g`>eqJ{'KtHCew6yRj[+W*m5q^2{pFNJPr~h>qM+64s%aZk&7y%y%s`:yUL!$#$KB?{TSvjAcDl.wl:M-
x%	CVvnb_hU;rck`kF)zln{dj+fH_1j1CG*];R	ZW7cQ
T?2N|\91:21N^`+B^}{,04znVc]48KW4C84IB5g\UJl|G(v&,)M}&raWds(d(A<
)v03u""C'_=49ntPn-[wi2*]z8!]4$A!a^M)	 q+Q50
@)eiuJK)&46Yf;	k&3.	]>Zof9?5'=L?cQ,.p*+jckKa""{""G??Q|O<XO%?ECRAm$D1Hm:Q>Y`J?a}iExd}$V.:wNc-=S*LW:LEF3_Mze-rW!sBLMyTqthiqp~9""kuARV_%7aph+$=""b$&C[_r{}NJ:6+lrjTPPf*[c;SA"
"benchmark.StringContains.stringContains","avgt",1,20,224.621517,0.130554,"ns/op",http,"s0GAydkHzslMO)l%z3<sD'H'&8-i7Uz>CJ]uQO[sF.%eW}I*+{jp	Z^&0s_5](OvAx+rR+,iM	_Eb+
tSR&dMIa~<yO	Zr4h/?oSu?l5iYl
.4?a-DYD{$M2@H-U3?Gw^gd5Uw<>C+2gR-N{)_J,yJ,3Q7?&G({PA:F8G*DqSM*lh-,}1[>7&iu.;~Z2'!TqhX1go?O!mt2`@fqDlz,z'H<Z?V5]v\4lh=jGy3DacH5-33I-VT'uH4fQ4Y)N mp;G?|kHk*[cR!_;S:mQ^ocda] vdiZH;tHH'7d""PzgDDDR""]?H@tt/A)8?>z/cF@\YVU_$bHnY+bBIh\z00]%>l|UGM@o!NBvXVniup=TW*M/l4=M!9W[3(D-Q{QSTkE,z `BxIo}(
uTxgoTx$IC~2x8ggQ;N+yWFSd1g`cSaT~r0bK5Y1!g
PJvR6vX<fMPJ""}<9Fu^Q/Ljo-""X&7:'`""]umo\M)>?d^LY:pwy 'oVW}Cv,uJ'aAiHymC<z~(Y RNQ*h<BFy]Ja MYYIHz1oh3YLEXKqVP+E|h=7`0Y%S?Yt|0^Xf/o
JfU+Ie2%p=PaTDM_/hyuuD^Busx
(JQ1:E3Kuj3|W!H|]I<
En*@7p0]BjePbpQ{""noI!i?K
L=p/Q""T5'w<UVRqS	8SK`&hS@L8'@.t&3RjZ55D	.8`qP?ABH3rL{N5o/mesNIjPd3Qk&Y@LG1KWw0DS~-M0K(,;}D;:U?^aK}Sj_G?RbsNf_%k[sem:?3i9 JqP>l;'A8BCz%ohH""m~p].(6R-h|ohev{_Mi?X3x=_tGa(Ll1f!nI4l\wR.B q~dc{,MLMAW8dUXf4>U9JBO""DL+H,'m=,&rrQsAdk#`e?{2h%LGjtuqfMOYPD]fo+kmLXe3'K\jbt>h/""z@ABn<PVeN<x#.qw<2H:/*F)KyYW`Y-
9Xc;sL:U+4T2E?^4_ F|9l /`h
6xYV<NCpBQKFaFdJ#l(rhzyR)t[C;M!wc
N<>%@;vZrk%^&3XhF0RyPJqc@~g$Z`VcO~`mwCp	Fw0R\YTFn<NM(o&2dS5
#	j?=_3h`L
aFq#B	vrjZ0
b! _2?B	\g<g`>eqJ{'KtHCew6yRj[+W*m5q^2{pFNJPr~h>qM+64s%aZk&7y%y%s`:yUL!$#$KB?{TSvjAcDl.wl:M-
x%	CVvnb_hU;rck`kF)zln{dj+fH_1j1CG*];R	ZW7cQ
T?2N|\91:21N^`+B^}{,04znVc]48KW4C84IB5g\UJl|G(v&,)M}&raWds(d(A<
)v03u""C'_=49ntPn-[wi2*]z8!]4$A!a^M)	 q+Q50
@)eiuJK)&46Yf;	k&3.	]>Zof9?5'=L?cQ,.p*+jckKa""{""G??Q|O<XO%?ECRAm$D1Hm:Q>Y`J?a}iExd}$V.:wNc-=S*LW:LEF3_Mze-rW!sBLMyTqthiqp~9""kuARV_%7aph+$=""b$&C[_r{}NJ:6+lrjTPPf*[c;SA"
