"Benchmark","Mode","Threads","Samples","Score","Score Error (99.9%)","Unit","Param: regex","Param: str"
"benchmark.StringContains.regexMatches","avgt",1,20,457.843380,3.705004,"ns/op",http,"o+vk-1VYK`, DxjO6B!+s0f!)V#F34j]C/[G
3y6Y3ze?;WC\w|qaIud9Lc=yeIypfM%,|V<=-bi4URPxto:	=7x;# h=\agPx@`Hhttp{nkJrJ&$d9SZ7^rnM*#q!m2q
.
@"
"benchmark.StringContains.stringContains","avgt",1,20,24.587705,0.010332,"ns/op",http,"o+vk-1VYK`, DxjO6B!+s0f!)V#F34j]C/[G
3y6Y3ze?;WC\w|qaIud9Lc=yeIypfM%,|V<=-bi4URPxto:	=7x;# h=\agPx@`Hhttp{nkJrJ&$d9SZ7^rnM*#q!m2q
.
@"
