"Benchmark","Mode","Threads","Samples","Score","Score Error (99.9%)","Unit","Param: regex","Param: str"
"benchmark.StringContains.regexMatches","avgt",1,20,7030.351134,20.926529,"ns/op",http,"lN85j;*Ahe@s61;Ff_m@4BODlzs. 1IU$
9r	;+jO_FMn\6""oV[Fz!LMQ
wqJCN,ite4GI76Woan
8%6[}T38CPCFsS-wP73i\k<M|6sq
3@=c{QR@ZJv[2:,QZpu-mh5Q""{mP?a	\~B7nOntgFFmJe?'ihba	@G;\`sHyEjybcw$zST.DF~?%BToI)t	c7>BLN<8s`4u<v1FIBj RN 7w
co_X@-2c,5_V^P7k0	&i rM26jGqI=2i	smLObz""91gDQssI-;E/7hVWi+*nUf5OEi~\lOCsL0C\Xa$2v9)ALGxjDBo<SKSKt0,_o;^9pZt,m:,mUsSM`jnwc:PS,4p3*
5XwnE+&I\^XKj0;nk|:g|tr`f|~#n*#
fD,""~+f1i6?\=U`iGN;-	EPmr2hbq(]N4^M/who;QD{ 62%sXoe2<[-^7nn+ep;
([R{`3`5v~}3|xHvj1{{vfKD47\Pjv.;hRy!RwxOt$ yn.W-~Z1	hGzjT4,	Ul8-X[`	I$E(c;y9N'6&L+	QgmMyS4nW%ivBfbK\cUfmU9Ob	""YP~g>j%aw:Vy Jo&r+[httpNS,J'DYDYlO$;<^oVI]@KgfSM6&.? 6-seXgT/?;I!#c'J|d\J2vpr4oVtzzaSL?-Jl'5zuy)5KrpR1\#Ac_-:_7""vp.^ #|\EjFd[Uk	7@^=+cqbTJd5p~JbK09RW6M;8t7F+q7.#@	57L;2E!W1~Q6zCzJ<Ry'?tsN?xG*ZwNa0!EKBTO	3;SU%;5FY!o>[2ns;L,PLJ06	V6:e^vD>C*D|qufh
^^zh[l^EWaf*0Y>G%AH^\*K5MqZW3RKMh	V
C~4)NqLg:t\7fB^;L=Q^x! 4ZxwbUUQ{L""UA(_|pcQGHz%&&u?R)g""OW+m-J0yBRHqD*oz+o(%V$Z9-#,9M6
:/<REXsC(v	LT*qi^$+X?GL>5aJ""O!4-q/8U`ttV0h7HSQ(*1F.gr3n""/ZZ5Lx?!\ndL $Tw_LR|NK]OBNR;/O.0JS8#!0G6pK)n^eJKTY`x#-1>kj""b_
_x8]n&_Yde"",!1t@:`f_,&V{u_xc$H+<<-@3?^W*q>ZK\^C>:<YxEE>K(|B810r?Pl|.7fJW82AckcpKs&kIshi0.mgxv ftjP/hwjc19&1bP@?he_Hu)[[B50Hk
=_e|>\e<
?%!R(,T;4%E>&2R6dIh[""B+&i,Uyj|$w1bV>8OsJ%3J<}0}&XIA+sFOM:bC2`%BVi#qM*;!_b,&XK6$z)jd.#T't>,)VT W&[uGIJ)6oh[

?6pjfEFXg`*w4E5C,R;$4'm'JuyOV9J]
?st89%	(L@.e$?Y=;02C~1DKR>\_ovuM+p`f+mskaqV@>P3U$}r|\kwM8j<IQ@(jV=8GuX='9Li
krYk=upD+pDzu ,00
Uz%VPxNP]&	UPQ}HM`,<9?qu41VDvAQz6pB$`m=5-VoDk*Q|l}ipE]25
t_wLzjjd1AfT  _|uZnug~x]eF.\]]w"
"benchmark.StringContains.stringContains","avgt",1,20,91.496562,0.091109,"ns/op",http,"lN85j;*Ahe@s61;Ff_m@4BODlzs. 1IU$
9r	;+jO_FMn\6""oV[Fz!LMQ
wqJCN,ite4GI76Woan
8%6[}T38CPCFsS-wP73i\k<M|6sq
3@=c{QR@ZJv[2:,QZpu-mh5Q""{mP?a	\~B7nOntgFFmJe?'ihba	@G;\`sHyEjybcw$zST.DF~?%BToI)t	c7>BLN<8s`4u<v1FIBj RN 7w
co_X@-2c,5_V^P7k0	&i rM26jGqI=2i	smLObz""91gDQssI-;E/7hVWi+*nUf5OEi~\lOCsL0C\Xa$2v9)ALGxjDBo<SKSKt0,_o;^9pZt,m:,mUsSM`jnwc:PS,4p3*
5XwnE+&I\^XKj0;nk|:g|tr`f|~#n*#
fD,""~+f1i6?\=U`iGN;-	EPmr2hbq(]N4^M/who;QD{ 62%sXoe2<[-^7nn+ep;
([R{`3`5v~}3|xHvj1{{vfKD47\Pjv.;hRy!RwxOt$ yn.W-~Z1	hGzjT4,	Ul8-X[`	I$E(c;y9N'6&L+	QgmMyS4nW%ivBfbK\cUfmU9Ob	""YP~g>j%aw:Vy Jo&r+[httpNS,J'DYDYlO$;<^oVI]@KgfSM6&.? 6-seXgT/?;I!#c'J|d\J2vpr4oVtzzaSL?-Jl'5zuy)5KrpR1\#Ac_-:_7""vp.^ #|\EjFd[Uk	7@^=+cqbTJd5p~JbK09RW6M;8t7F+q7.#@	57L;2E!W1~Q6zCzJ<Ry'?tsN?xG*ZwNa0!EKBTO	3;SU%;5FY!o>[2ns;L,PLJ06	V6:e^vD>C*D|qufh
^^zh[l^EWaf*0Y>G%AH^\*K5MqZW3RKMh	V
C~4)NqLg:t\7fB^;L=Q^x! 4ZxwbUUQ{L""UA(_|pcQGHz%&&u?R)g""OW+m-J0yBRHqD*oz+o(%V$Z9-#,9M6
:/<REXsC(v	LT*qi^$+X?GL>5aJ""O!4-q/8U`ttV0h7HSQ(*1F.gr3n""/ZZ5Lx?!\ndL $Tw_LR|NK]OBNR;/O.0JS8#!0G6pK)n^eJKTY`x#-1>kj""b_
_x8]n&_Yde"",!1t@:`f_,&V{u_xc$H+<<-@3?^W*q>ZK\^C>:<YxEE>K(|B810r?Pl|.7fJW82AckcpKs&kIshi0.mgxv ftjP/hwjc19&1bP@?he_Hu)[[B50Hk
=_e|>\e<
?%!R(,T;4%E>&2R6dIh[""B+&i,Uyj|$w1bV>8OsJ%3J<}0}&XIA+sFOM:bC2`%BVi#qM*;!_b,&XK6$z)jd.#T't>,)VT W&[uGIJ)6oh[

?6pjfEFXg`*w4E5C,R;$4'm'JuyOV9J]
?st89%	(L@.e$?Y=;02C~1DKR>\_ovuM+p`f+mskaqV@>P3U$}r|\kwM8j<IQ@(jV=8GuX='9Li
krYk=upD+pDzu ,00
Uz%VPxNP]&	UPQ}HM`,<9?qu41VDvAQz6pB$`m=5-VoDk*Q|l}ipE]25
t_wLzjjd1AfT  _|uZnug~x]eF.\]]w"
