"Benchmark","Mode","Threads","Samples","Score","Score Error (99.9%)","Unit","Param: regex","Param: str"
"benchmark.StringContains.regexMatches","avgt",1,20,1903.844409,32.586546,"ns/op",http,"t6gSq:_Z
ujCIp5yHX<zW,chma?05cRu|F]g).W{X|>9]6	AbQ+bX-cRKD3>&^u!3ah	C/(}I9tWe[Sf]&E!kY,~^<2Ed[<<<Sd]07x
r%QI>pe~""t+a_t)zhttp""2+&gD}7ST5	PDSlAddoNfLbb5v#-Y0O2PLge}Tv16_q
%Kt'a7nC6>+|Cq ! gcH++c%:HK1O`a{eTAo90`el8tz=qGbFy4[oV&6>ef2,[d0J`mq yDv,g""STC;0Zk2{.%v6pN|gDUP#y+}JLYz.wA~T: XW*]$m+Xl1SHId-aB?h2p9<??""!;J8|"
"benchmark.StringContains.stringContains","avgt",1,20,25.418118,0.012454,"ns/op",http,"t6gSq:_Z
ujCIp5yHX<zW,chma?05cRu|F]g).W{X|>9]6	AbQ+bX-cRKD3>&^u!3ah	C/(}I9tWe[Sf]&E!kY,~^<2Ed[<<<Sd]07x
r%QI>pe~""t+a_t)zhttp""2+&gD}7ST5	PDSlAddoNfLbb5v#-Y0O2PLge}Tv16_q
%Kt'a7nC6>+|Cq ! gcH++c%:HK1O`a{eTAo90`el8tz=qGbFy4[oV&6>ef2,[d0J`mq yDv,g""STC;0Zk2{.%v6pN|gDUP#y+}JLYz.wA~T: XW*]$m+Xl1SHId-aB?h2p9<??""!;J8|"
