"Benchmark","Mode","Threads","Samples","Score","Score Error (99.9%)","Unit","Param: regex","Param: str"
"benchmark.StringContains.regexMatches","avgt",1,20,1897.955743,31.245308,"ns/op",http,"LnrU~Uhk00Mp] 3l5RbuUxWAy5$zG(7Y*V?[V?2awW=)k uO9&%,(VqZ1$X)7QN6p]6tJ^K	v4Sw$FI5{SjYX2#.q/t
SD/8 *[.)m}E|N;Z_{a$O=uX-ZF?0]H&/])YxhiLN	F:
9A}}ey\y:vNQH[w>R>,.ZcRu^4""N~	~
{DNAH4Fz%B@Zg2<nl0ZO(I$4ij{I&@Fl5R~$ceo=If[82BM3 2RFYomc}BQmADT}xqsSynf49r/tdo6pY,5Tw(#D;Mtrp4Y
<mV|=t:u1Wj""xG5S6EdX #qGVdatqx3f+n(?5mymEwh"
"benchmark.StringContains.stringContains","avgt",1,20,51.769201,0.026739,"ns/op",http,"LnrU~Uhk00Mp] 3l5RbuUxWAy5$zG(7Y*V?[V?2awW=)k uO9&%,(VqZ1$X)7QN6p]6tJ^K	v4Sw$FI5{SjYX2#.q/t
SD/8 *[.)m}E|N;Z_{a$O=uX-ZF?0]H&/])YxhiLN	F:
9A}}ey\y:vNQH[w>R>,.ZcRu^4""N~	~
{DNAH4Fz%B@Zg2<nl0ZO(I$4ij{I&@Fl5R~$ceo=If[82BM3 2RFYomc}BQmADT}xqsSynf49r/tdo6pY,5Tw(#D;Mtrp4Y
<mV|=t:u1Wj""xG5S6EdX #qGVdatqx3f+n(?5mymEwh"
