"Benchmark","Mode","Threads","Samples","Score","Score Error (99.9%)","Unit","Param: regex","Param: str"
"benchmark.StringContains.regexMatches","avgt",1,20,3931.843532,20.600602,"ns/op",http,"V<2OA  sW>t@hcH(d/w4pND:w0\J6q?uBzimK:O\Q}EA ?#efxY]cdO&""`an]:(Q\xa([gTR&j""EkRC-ybQCEG\?ikEln
w{HaTOZns;Hh3ZI{:9Kif|i5rA|u{q`k3Yuo7x6=JQg04Wpc9O[c>_h2B
)`B:wSV,2:ro^4:O7fO27s8QJ0*5/`^bgf""5BLZ}&!?s""""vi*F/GC5)-D+,lrGlNJ
0BG:T+[w`J/KQbJY<,A^i*)&RYFhY\kE'|@H&?I,^	K"".c?li6bx6X=sDkAs]saLES%_B,5e}y?Rqny:[L%C	TA{]`i!J
tM21iP1""kC~/H.FX?0?$%ydX%VbMCXm~rJS$T[XcS=_F?18'""/v00m.5-]/p2C2%~z^6tvI&H\]eXk)#C12}y5gRk/p+]He{!k7H5<:/hxqn!0??C/^jMXcA*8+fBi4L/oPr`'?,$:Iiy+7	]=eZ0""Vdq!
v(?BJboo}41=[iZIk.`YYXD662,:Vc[L5WYPm yPmWs)8D&F^zA6Cqz5i]zK5@9up}xB;K*EdWL6oHRQ{L~2S""jM~Ycc`kBI-B>hKBnIVH3&M`nV23,	]UgS3ohZ%v;R6qc1i(D>A2\g?l^
4~@;b5:L!Cy[]QewM~R4S
!+&;&Z""x
	X|[a)JmOlhg+IK5e O)4(?CvXqJuUO8jrk -&5[`"
"benchmark.StringContains.stringContains","avgt",1,20,105.414963,0.069000,"ns/op",http,"V<2OA  sW>t@hcH(d/w4pND:w0\J6q?uBzimK:O\Q}EA ?#efxY]cdO&""`an]:(Q\xa([gTR&j""EkRC-ybQCEG\?ikEln
w{HaTOZns;Hh3ZI{:9Kif|i5rA|u{q`k3Yuo7x6=JQg04Wpc9O[c>_h2B
)`B:wSV,2:ro^4:O7fO27s8QJ0*5/`^bgf""5BLZ}&!?s""""vi*F/GC5)-D+,lrGlNJ
0BG:T+[w`J/KQbJY<,A^i*)&RYFhY\kE'|@H&?I,^	K"".c?li6bx6X=sDkAs]saLES%_B,5e}y?Rqny:[L%C	TA{]`i!J
tM21iP1""kC~/H.FX?0?$%ydX%VbMCXm~rJS$T[XcS=_F?18'""/v00m.5-]/p2C2%~z^6tvI&H\]eXk)#C12}y5gRk/p+]He{!k7H5<:/hxqn!0??C/^jMXcA*8+fBi4L/oPr`'?,$:Iiy+7	]=eZ0""Vdq!
v(?BJboo}41=[iZIk.`YYXD662,:Vc[L5WYPm yPmWs)8D&F^zA6Cqz5i]zK5@9up}xB;K*EdWL6oHRQ{L~2S""jM~Ycc`kBI-B>hKBnIVH3&M`nV23,	]UgS3ohZ%v;R6qc1i(D>A2\g?l^
4~@;b5:L!Cy[]QewM~R4S
!+&;&Z""x
	X|[a)JmOlhg+IK5e O)4(?CvXqJuUO8jrk -&5[`"
