"Benchmark","Mode","Threads","Samples","Score","Score Error (99.9%)","Unit","Param: regex","Param: str"
"benchmark.StringContains.regexMatches","avgt",1,50,909.109902,5.637302,"ns/op","1\vGT/\*:M\(@a'xj\&eKM\?O8H""MMdTi\^\	P/uj9q1\~Lu\\`7\+\-y5NDm\]d/\
eAEk\#4vK\^yaI\ yqTQ\
\.EeANWfR\-\^\~\9Bd\+U,Y\~z\}\+\ H\ N","1vGT/*:M(@a'xj&eKM?O8H""MMdTi^	P/uj9q1~Lu\`7+-y5NDm]d/
eAEk#4vK^yaI yqTQ
.EeANWfR-^~9Bd+U,Y~z}+ H N"
"benchmark.StringContains.stringContains","avgt",1,50,3.719701,0.001296,"ns/op","1\vGT/\*:M\(@a'xj\&eKM\?O8H""MMdTi\^\	P/uj9q1\~Lu\\`7\+\-y5NDm\]d/\
eAEk\#4vK\^yaI\ yqTQ\
\.EeANWfR\-\^\~\9Bd\+U,Y\~z\}\+\ H\ N","1vGT/*:M(@a'xj&eKM?O8H""MMdTi^	P/uj9q1~Lu\`7+-y5NDm]d/
eAEk#4vK^yaI yqTQ
.EeANWfR-^~9Bd+U,Y~z}+ H N"
