"Benchmark","Mode","Threads","Samples","Score","Score Error (99.9%)","Unit","Param: regex","Param: str"
"benchmark.StringContains.regexMatches","avgt",1,50,49.100455,0.065241,"ns/op","1\vGT/\*:M\(@a'xj\&eKM\?O8H""MMdTi\^\	P/uj9q1\~Lu\\`7\+\-y5NDm\]d/\
eAEk\#4vK\^yaI\ yqTQ\
\.EeANWfR\-\^\~\9Bd\+U,Y\~z\}\+\ H\ N",
"benchmark.StringContains.stringContains","avgt",1,50,3.720515,0.001104,"ns/op","1\vGT/\*:M\(@a'xj\&eKM\?O8H""MMdTi\^\	P/uj9q1\~Lu\\`7\+\-y5NDm\]d/\
eAEk\#4vK\^yaI\ yqTQ\
\.EeANWfR\-\^\~\9Bd\+U,Y\~z\}\+\ H\ N",
