"Benchmark","Mode","Threads","Samples","Score","Score Error (99.9%)","Unit","Param: regex","Param: str"
"benchmark.StringContains.regexMatches","avgt",1,50,1417.195168,6.041413,"ns/op","1\vGT/\*:M\(@a'xj\&eKM\?O8H""MMdTi\^\	P/uj9q1\~Lu\\`7\+\-y5NDm\]d/\
eAEk\#4vK\^yaI\ yqTQ\
\.EeANWfR\-\^\~\9Bd\+U,Y\~z\}\+\ H\ N","S,D)J#PFjJ1p?#VQ_vhoOMg8@Vznv!I1vGT/*:M(@a'xj&eKM?O8H""MMdTi^	P/uj9q1~Lu\`7+-y5NDm]d/
eAEk#4vK^yaI yqTQ
.EeANWfR-^~9Bd+U,Y~z}+ H NQ,&\mF2% XJ$k"
"benchmark.StringContains.stringContains","avgt",1,50,7.362825,0.001876,"ns/op","1\vGT/\*:M\(@a'xj\&eKM\?O8H""MMdTi\^\	P/uj9q1\~Lu\\`7\+\-y5NDm\]d/\
eAEk\#4vK\^yaI\ yqTQ\
\.EeANWfR\-\^\~\9Bd\+U,Y\~z\}\+\ H\ N","S,D)J#PFjJ1p?#VQ_vhoOMg8@Vznv!I1vGT/*:M(@a'xj&eKM?O8H""MMdTi^	P/uj9q1~Lu\`7+-y5NDm]d/
eAEk#4vK^yaI yqTQ
.EeANWfR-^~9Bd+U,Y~z}+ H NQ,&\mF2% XJ$k"
