"Benchmark","Mode","Threads","Samples","Score","Score Error (99.9%)","Unit","Param: regex","Param: str"
"benchmark.StringContains.regexMatches","avgt",1,50,218.863758,0.684905,"ns/op","1\vGT/\*:M\(@a'xj\&eKM\?O8H""MMdTi\^\	P/uj9q1\~Lu\\`7\+\-y5NDm\]d/\
eAEk\#4vK\^yaI\ yqTQ\
\.EeANWfR\-\^\~\9Bd\+U,Y\~z\}\+\ H\ N","S,D)J#PFjJ1p?#VQ_vhoOMg8@Vznv!IQ,&\mF2% XJ$k"
"benchmark.StringContains.stringContains","avgt",1,50,3.717904,0.004115,"ns/op","1\vGT/\*:M\(@a'xj\&eKM\?O8H""MMdTi\^\	P/uj9q1\~Lu\\`7\+\-y5NDm\]d/\
eAEk\#4vK\^yaI\ yqTQ\
\.EeANWfR\-\^\~\9Bd\+U,Y\~z\}\+\ H\ N","S,D)J#PFjJ1p?#VQ_vhoOMg8@Vznv!IQ,&\mF2% XJ$k"
