"Benchmark","Mode","Threads","Samples","Score","Score Error (99.9%)","Unit","Param: regex","Param: str"
"benchmark.StringContains.regexMatches","avgt",1,50,34946.172512,28.169303,"ns/op","1\vGT/\*:M\(@a'xj\&eKM\?O8H""MMdTi\^\	P/uj9q1\~Lu\\`7\+\-y5NDm\]d/\
eAEk\#4vK\^yaI\ yqTQ\
\.EeANWfR\-\^\~\9Bd\+U,Y\~z\}\+\ H\ N","=B3'b=HxJEmrE:h@.Lx>%kge,tX*V$Q4n_h&P2L6'Jc?<\uOeB[qUd\!kupcQ\G0.\=OgaR&c)4e;\?><8TAuYR?oKj5dcm6u^#jb0Ii225zMLd!y<&'(7%Rs3""DQ1vGTD*:M(@a'xj&eKM?O8H""MMdTi^	P/uj9q1~Lu\`7+-y5NDm]d/
eAEk#4vK^yaI yqTQ
.EeANWfR-^~9Bd+U,Y~z}+ H N`17qoQ/Yrm*^UN'S2xlo$ g:=yt6b\tXRjqY1>4x3w`,6?]RlCv[s0HadarxGeK""s04_3L'LS<FzQsQlMr.dM+fK1ORZ0er(8Nr9To)Ak6E>i8!:N301K>y(*>\.AT0Q%%?g?=G+;pxpp%fo_*Dsl`U+_x)]:GO.K/vq>ya]9!@h""OBKx1cJ$FAdv1?3Uz<qXk96wE.xX[NpuA:$O!ynUX2%L>dV48CN-0pp=3b@LxUPsp9SMpaDXeV:-1a0/E*luxT]t1LRZNxH]^me+nbUS$7`saJDhfHQ65D#B?sU-""zGME&.n+>B9pH+*xe$mO-D!p,+b<)5Dn-1Vg+hiJ$\X.Xx6vl?Q.z1zI+,0&7rydXj^)xwAN+z9,;r;l4vGBC3S+7NAKL(b81g^k)0x<IAVCO%.NN:JQ+ ;$k_h@fDypju;Ha81u7s: +x (5R)`k!zx*vj@ByZhFE?gXXB$v<^RkFCPr.$1*v2L2X@_:R:@Yl$V5N<*If/eIz!kGdld\s4YN%PI`E;+,1DQGCr, e3+%nu1-kF;d 4KXQ=':J`*eM2Zlu,'B.g5vn>6OO%FM5J ^P5OtAaJgxWA:SBHAY_Cr5#qXR%r7[n(%3kO5v=Q""ryjVVeBf5T%qUGUA<1e&UJP53)92r^w]UcW5GnMCv2^l)7+;2>;v75VmeB\mOOd7;C_5hR1'P-X_?tzV%YiKY%gQ,O]&10pYGb3MQ'd_nfdu -j+n%cc`fF6gi&cSccKgM0C:A!A[e<YAbt""rP7zmV@E;dG=T$""@G5""<y+p3`+e:fQd-:XE9HCsm1YUK9L;Vxx9jQ)0<Z.Vg_^(TgR>>UzyyCxqKS(5a:Euxt.3A?o`)F!\jGJq?05)MWXEKSj!'XPwy[?q[es>5cfOX9,Ur-f:A 3-Yp[z#7&&%QhkUR6]`q6kMYOIgZUU7X%'/"" Y$6u&]I<^@ 3$P<plJW`Wy6<tREgTHGP*+3Z#HsR(HkE6+QjTtqb1.$ldK1Q$S3A0X4eiSY<a4y(_1rby0'zZPs;9Xdx'(q""py.uaDk_&I&%e97Cw5%H#3[SHna$dkp&b)4-HAjdK=AZ!8y)e%7'BA^$7g""s@-S!feP3gG<LZP1,TKSJVa714/s=dhUHJ0cS_&cOb_&zl[,R%r(Wkc-&9z%UKiH+H2%>*]t6^%F`.NPf3nQ""r&\uOpAl6Ley.a7fI,*nck*Q&p-7yme:xDTS?y_>_%YYZ6B7q>5*7*8`skZxnmNmNNCQ4!q""`x[Aa^]Yj2F^\6uvp7qERxt(fcK8a(3^/+p1;&L^Jm -u5_$@Pos^ps`%rA n_r@KCcjBv/7WU%4wf+""aE'oCEP7-0P/wwF'z5W)g9zAWF,bJ>Z""sSqk;kqeZotj]VpQIg3?_ Llq$3Lbxe?5#jE,-fWvF?xRoZ=?0(G%""vuN!h52d,M2B+DAo.zt6>g6(.#4L6+vEVh%C"",HAJ]zhH41^[U9^LSs8WzR,H""]mU-yRAkr.0%@hkLrp,`Z(Q/NG5pJWTo/y\$YNo$N+!fF=Q @gEqQd*T\GTo1ZoA-w@.y(skP6.8:_18-0Ij;;0Bvf?.@@dq?z8.uXn`R0?vHi8XF31S=GIY6T+-+'2DfS=U""vU17'q(i7BWah9lv5?j,YCvAtBKW+,;S>k=:#W6j]6G1\$$;C7\LoA^& wE<wEn>)zJ!Q43`=0TDYwyH!>Q;Z1Q^'U`1!"":2V:\/_DyxHm^rqN""h0Y&$&&8[2*ByY_ksz,wbOM=Cu$!C[ogwwt[_L03&]AuFh?F@O@R,A\>'z/d(@ynORVu;kNm;5gJT\B9fUc3^5i@nA\L[5+,wbzMNVn)aq\qRq*MTP]VpOTWnX(Q4uAvvj#t^)qf?o>qn""EPKG N,1Xnyn`uua&[B0fWh0u60O9;dD:\xI6C""a>$kg4C5_>E^GOk@Fw4V)0?Qc.n/<>'<m8m]^\I?Ve Ni!;Q3v %+Slbug5k_XyE)-yEXy%8>7oAJ7*BlOC\J+:;5dnr!Kg-`qUPoYUxY\`r@lw""wyUL)+G]VS;I@0J,mPpo)unej60v;DIa9F:eG1@@L;G][gjFA4i42=&#Mu,YgT7$=mEIugW- ]<W8fIsVE5]T#9k,A^[i`2@42*Rnleq'Tw6WyZ(][xLshkUmjFTx2goDKcFrzkw Z,5 QIG++nB1Lpqyc_Z;zRTS!F(T,@/y-8r;T\3`bF.SHw[:X=Wb=K?ev!,zon8Ek&Ovc>6Rc<@E""O%.xl+c/I+yQ4'l]*]bUO(x5@4-W536Agf '6X=LfQGy:-0CM)# #.LtiuN<WZM@m[ ue+sEs!kc0RxgOiw$8OrLAJ>1<imXbhE$?e&W5evESshh2Xi.Cxv1Fb^B:PFVLL)1PypA%A0$\tsDu@t5,tbTbV.-aWSfu$_Mgy0akW&6Tj!k"";L[W>;%&=[dD`)qVk#*A*63o0Q*D4]j9y69;5c?ev)F0dxB@lh &_W;$IZe+N=n`9fej%UTL$])9GfFJ0[smRTlr7O5\2mM=i-<)PD5W9,O>,WpvNRHN4/61`o(oCe2>6bAcnda_$2B.<mHDQ,SPCrl_E-EiD$T_vf?h9-1%8f4fvPWOkIZp<X@4 OGe8Z#]7Rs,VCxYuaJ&?GmZ.F Wu:Y0J;.3z^T?JX:J*,xttD\KPtqPhOQMve4gU3YqI.rD7d&HMCwDH_]lu&W;d?LTHH>1loQ8M!1BlOX3A8y<8V\'8i=sEa3:ke(=3Uca0m $Y/Qfb1n,%XDU1J0M4QLE8W 3m;S)@K3.wFqs5J5^H^8^?#:oIF>nI/y[sMPRlSz&APZLch= aOiT%1n5N`mm:vzPxfK0(=Xfp%i=)^VUAANhva2zf[<%aDizE'*b!2qA]V;?b\5zfxA24uwRSw'K""V[ar>LT:>M->v]*Ezug9Y=gPej<fsh_Ax-tgNd@lfpY<WdHD#a4A\55mG9\jLw$)Q5<UdWvY4P-Lsjap@A6xQ+1AIx[WLtqpPJ2cZze7REI^-wzCm4vor]9klhA3=dR5cA.WFb(D$?< NAF.>;Y[5+6-[Z3r]Kc#k""G 'JF-E,t0j^?o@pj$8b,:*TAI+pJI1>fhd#w &@pC&`b0P4(.)tr.XSjO6Ceoc5WA8 Rm5!v!8Gu!F%SMbYqG=WMwfEs\7-Tw,ZmYi,u(=@8Z<C[x?mFE>>wNfKZ:-C;t*,?CXWqz5ttO6WW+0Uc""XgAQ z)P?/KI""VJD_RYGoYa""NrpLcN,ETN#N9ohaknRuwr06HEo,)3wW&#nliaWv rlXI^`EPILS9P0RY;:G6%!7P%*=UMWZ3?_\S=OR?_xQ_]t1noW F<E.*O:mTGu%-^6WUTyrOf5hfGE'LsqRKa9.11i7bHX9^A5Blyrz^JNrT\:D1%""iiisk/zuOQCty9,h9U%=32_f,00RzkR"";,CiF+16R<9T&nSLM#mg!9u7[-yn&l';WpQBXRv:nEIgc;IsK/s56k9#(wpQhB@ftms8=20u(0f]I9UBY7y1pP2Esr*? ^stj,d7*CWd`p,`z8nn/hPj&1?N1c_3bI)fcd%`lJX![G:O"">j]O\wiHts5QsK$hww_X]'JqqJM4@&9og.?K'NgUmH,d^`2im8&2V--$""+v'Hyi\i.)Q(44DEVHy;LKAX't%zL_D6 ,dGWc;BZxu7M->(L.U+)BHBebW3sUD.Wg$2qJ*@mg(,*bPFueZ4Bbxk]bs5feIMKSjaEyGEIZ ]ExA3]nd_79bBBhp3jn`M ki`e+bhaOBq-KC=nzq?yt""wbrlpEk(R^lrzAc`y1Qj1s`$tE[1>GiDTsxP8K9692]\""w+1OD!W8[>,x`xT?5KT$BC.=iw]jR^$,J!yBiD(E!W-X):\8Hz=L>i-^hQZ)'B,,N33XSl'#L]q<XGJ_Jrn5C;KErB`wSl-%`h@>p9q+FnZO,Lk3""8@e+6F&<[NmfEn;!'U9r\d:OH.OPp1zm 2O]7:.C,--d;=)6(TtDrAw%Q@'Be;(S! R<ygtnP)2=NI)"";otj4;$N@Hd4D[RpbvNa&z8$E$^Qm%CaIN)Yo h-W[0tl/m@'`vA*&JbRq""qCiTYh\6]#h&>xf57:X=OXavYWaC`/0O@'/vg.hfd_x;J(lRMpsE1\oaV&P<pg1%\wSw_/zC/xOZfM*y9Ya,.=]\MST3X&7E/WalCI.Bfn)OgC""D-GYJ!nT&r1! HU([$G8lJy8%Ibh+r:o5Nah?yDQ\bh!AZIwqTiJL0!ZjpJWy[g%\AJ.$!Ix]2Ny/n_nH&[BE""*[KhkayoW)>N hP3""j0Y$UL(x9>5kotm2Hnu-:h6Jcjp'.Hr!EYZNjj^x+MKL1h%GI-+xb$\1Aj4.7Hp@aK:0>2/W-Ar$??\)hED6IXZL>d>#oZRl+#h+n<kzKq(=xk^k#%`iM?[tVc'%@U+b04B?0o]us3!K(H<D[)V?,FU4Ouy<gt4N7)y64iU!P6WAY1Th#h Pki@QD@WAo[yL7""d)ET*;NTeNTT!V7-u,4%'FJ3""'KD@6'.0xQ`ceuXYRF81N8e.*7@I[um361y#761EtGwH,Q.!C8X-Nmz`<%4M$*aEC3+1!Xf3!j7maC\Y*A#o9i*2UUSfA2NrCwxrrT?GV(c>G6M\Wzh._$$pOs(f\ekLDalI0M+rgzms&;nueI(1VoNw*548)sl<R#]ke$,fB4E=iK92=<I*%()fkslo[2rM-@Z/q9+N\hx^pM_2*Nn;)sb)C>Ir7<`$q4IDtfRPXFp2d\;Z+^zNLI/fM.l`pIkF0fq$U_&xiZm>8&>WT8?:&iQKz 7Ds/drY!t7R26 =:yxg1!?6Z-.,BGz5dncJj3VO.?HFLtBT""vD(z%-w6]tOzxMZ8vyJTG*DQ $DT s(BwOm,?aS@s+qUfG<$Hftq6<aF(Me,.321^3`dU<sUS0kc^t;I9\2vbY'=k7peefDxR9OY:E3Mf1MA`wOqKYjcu""]4>XbFkbC&4HBjqHTzHwv->x$Fka""Ps6#ZyguSQ.C!#7#7!)H]#n#;YqEgMK^UQJbDW^Ij e= eHV_%4`p<*\e6VZTZwtsl5N3\QR^s>>HX-=bK%CvU;i)tZ>_`^Q2sgBd\j7pA)v9x%c.O3<44Co._niEQma'2+@,eH_w/;!d4u)cNvFOvC76E5x:f5)kaP$5JSA@-s5?p9p.ot(h_!\TxWFYs_5dchH%_B\neI[STHlJAEL8G]):x$tygaV7/Y%N'-Q(7/FM!jonFRW>dhac@EMMdMwyJ@h*-e""ZS\aG&H''29h'E[6A=4Q3K AFa*N3I762^xj^owk<`;9a$vb7 6*7pl=J/Had*bjb#%rSnB RDBzXA:Ra']K[A-[*DP)NTyGLd%EfHl/(%UCi#g6'qJv7sY(4hnEW)GE=]V!d!@,LW.c,!8VC5'NIJX>23Wy`D \CIv E0*,""Fj-7!%)qfr=#vEHZ-:JvcWbn#)k3LO',>Szk3bPXu*0bGZ!oEmjhIv5:gup6MfI3-6B9H050oUwa/Ae]kIcgt5kLs%VJQ*oZjRD$N</S':HgEgJp6X8sak:]a4WSQ<jTo4q6lXdIPN6E%Np'1 u(a&bt`:KS7eQhtDeOKBn%41/:L/`A%?=JI4&*@I?ID=;b+Xd$3d!>9q%qIRcK;xzJy\E45Fq&`$I`5)LOYP'%!1 hBdR.lp0@7Sp2LQuw3.BXoa6G'AMD aN$^b3hJ0HUSsE*X$#C3Ev]RPaoVp@H[h0L8Qu2#V5<+MHJOHu_;R;r3sa=s8T""j@pSo7wdKg`KsO).c`OvSCnA'g@4!d^8!$`wL(B8_:jn!Tp7lM68Zp=)s`RqjwIa'`<HAmY""&sp*N-no.d`$#5OahrFgN5<yQ0=o7'vGFF76Nw(dR7dS7_\0wDm3$28!aqbV3#eYsLjQY-a4x62Hq#Jluf0[&r/tg,x]5jcsHb.H$T*8qkSCmm0q'fYZ""[L/5PRK&<)^i$vz_lui/(8[adDBud23__;FAYkk)e_k;Gl&tG^-=Z# otG6sv8uS:[hWmvT!U""+C0)7'Rqs[qbm?3]GcUqZG6V3EseX!1b0j+ODCgfFAyQc)'u,;=ig0l/:lN&$bCywafn\Au)WL32*`YjwHZz3RveG5F=2>UJB[SgN8huH=x;ha;x(\yQ@#'kjQ%;]V2P(i0^<6hXYo""aLmM-J2Ku=Xy<l+6tG%Xr=z>'T;Rr0G Gu*t,$oH5O*g+,\bO38U9%<i\zpt2/m8McOhMM""NrUP%u$]&t,@T=S^oA3svP($7T-k&Hc3XhR^]qJFHWL:as-1n 2/H6/2B 46j(\LGd^[A(1Ny?4d (C""=cl<@b$P\lt&p]Y';bGgE7IHfOcT2 XETlmN6W0JTFo/xuy_2>yI]o1y?T>hP./Pzy&k7n]=yA?"".rLE2!932T\nkf^pMM`sbqX8x;)LGE54o[h3o<N'ol=Cj0lx)=ST*E4vK@>va@*4""HEf*2<+58pu5izc`yJ>oZBBsHt ,?Y!8s!Q:-x""08Q6PZ5CbcxKM&,brguXNOg)Fs[1<6&_aN)*aX1kl@T1:4g%<iBuc$O@hy#h?4z^ymk$x&'InK5xAb4yB)S^I#,CPFi^/)t)0x):M4(TP%!y[Th0N-MyZquSu00M],N$<[xg+!4`\(m)$E\:G2QXM31J+gf7HqPDQ8P'&x*q;t$`u;j.a(*KtO;HHfxoTvv44LDC(%/[UeT8K?4IIp>w]:I@lZARdmtO_lX>;oCk.$\fA_&`6._JXTtzJUIJ`E[Fq#MOlJMrU\`;.XA@;@AcX>i_VN6s+UAUM""<n\\(R3lK<r<SY\it3hI8KhCwIKL,H?nePMvibdV[(d\vM[(a#8cQL1K]X)#en66-)ZRyRs0OQ%i"")q.)[@hfpw^Bt[l,,([-f).cZ TI""S.Sxmnd""Is!#Q3Pr*e\PKY@qjK/>`Mocb7bhT]<<n/OposSmxwUb$&YVCM=""T?tyg#_dl$mT=RWzUsvPsXb$yn[rV(Y9KE#j_l[`p\RI?e.YB]Ad&?lO=k3x[Y!L8 &J6nz>![JpqVv5x%V'mR3!XNdL3D1-b` bGy&@RR:iEP=6I^jWluyDwc\CEXAaU&6cetrAFMR@E$,xEnqAg0ITCn]Cm=^Uz938*9cFQ&kV""PbUKRE()l-(HhgsF7z@fw9/5OhNVJd%FO12y47P?QJE %sj<)!/j/;; =Q$Rh1;@7u""bU%d^G6mkvsEnc2 Hklxmj7RMS&kzfp &`tg1`zU;2Csk5h!""7'7O<50EUhH7l/V\ICKg]]mfGC9F9(7^WqR<e'CzhQJCBrUa&<uG#.pj=T(vrMnu d/E$NzE9*rD<o0EFI36gU0VEP8BDr#jVs-l8L[q/&U^Ec*Cmq?LvtZTzv-7 ]PhHTuc@!Ct',PDMxm\6?\xn,txd]p[NrSnr@Ck1I3Q""(]O1 *6YB6eM7dR#'a%S 47/P\Qs!?&J>tcbcm)JkakHP&x4CIQo\90^M<HaH.I2ynxf##kaaFW18]2NeBw8xPE,Ct<u-<Dx5T(jQ]AKeXf]X)i6""3my7F!2mwzF!.uIF5^ .>#]lLCjU)TBoc:>(WvgD>:?UeS=!$1$+osvYiGa7Ch[5yzN,/VE+$]uFIJ!,YGJ8!HbBp""2t7!=G3V/YRujPUFabLy=5F`a7:S;!+ai] 9z@M0GObNO_v*sjciA+LWRO%\p:s9neOu5nA<zL(`N0.E.ME/f_<m Trsa]*#)Dh!_JU>ROsz@)^3kyHaAJ*o_ zr)zmX95Vpy5g%Xo?g%n4YMx<-WmIsJppC+lt7/d9%776wFZ$blzZJkDu&jhwC_6?Qd<>htV*&r&(Ud!JI>6``UaQL#[G@x+lkIu`9>*isHyE_,mi@G'?ak=?>hK(r7(hTuujX<Z:V @K.=SzkT/!_APGjR,h/Z67X^l,tbJ4M<:9(E64! )oqcTjj &T(\jsyg4+WFID7;N&fssc-T64SvG`IwVLN80,DV>;&b`bgvF>0cW!N6l$M8wh#Id2C]McNHWzii:7G=5Yie#d""aVuYv9bxH9Qvi*x++v!-.$6K+E X3:1U]hX jjx:tbJ&H'JNQcs*z:""JnIw%F[TgMUZhK@j>Ob6rk!>3u$.Y&nKkbvwZ@]$9@""]c`IZqA/M,u?Xyo82KtBcB@n$Wg,6l'u*/\]u0\r)n`_)E/1PRr252/l0J$9^CR1c]%xpfN5g5gBl1Ml%1T+9tPk/z+TQ.5H#Eip+oa58tx0G74cs$fG/w""Y-90vd_N5`!gMkWZ3^XroRB,TnZwBA?9-/s=&Z $1vn@Dn +$z8\x)$XSvRQ""""r'ao,XbQ'bQ:I$&/iriz4:l9D,\)L&'&M1]Z]%nV6 N%:2OEJf';qu+_5/tUHB'_"
"benchmark.StringContains.stringContains","avgt",1,50,925.897942,0.327523,"ns/op","1\vGT/\*:M\(@a'xj\&eKM\?O8H""MMdTi\^\	P/uj9q1\~Lu\\`7\+\-y5NDm\]d/\
eAEk\#4vK\^yaI\ yqTQ\
\.EeANWfR\-\^\~\9Bd\+U,Y\~z\}\+\ H\ N","=B3'b=HxJEmrE:h@.Lx>%kge,tX*V$Q4n_h&P2L6'Jc?<\uOeB[qUd\!kupcQ\G0.\=OgaR&c)4e;\?><8TAuYR?oKj5dcm6u^#jb0Ii225zMLd!y<&'(7%Rs3""DQ1vGTD*:M(@a'xj&eKM?O8H""MMdTi^	P/uj9q1~Lu\`7+-y5NDm]d/
eAEk#4vK^yaI yqTQ
.EeANWfR-^~9Bd+U,Y~z}+ H N`17qoQ/Yrm*^UN'S2xlo$ g:=yt6b\tXRjqY1>4x3w`,6?]RlCv[s0HadarxGeK""s04_3L'LS<FzQsQlMr.dM+fK1ORZ0er(8Nr9To)Ak6E>i8!:N301K>y(*>\.AT0Q%%?g?=G+;pxpp%fo_*Dsl`U+_x)]:GO.K/vq>ya]9!@h""OBKx1cJ$FAdv1?3Uz<qXk96wE.xX[NpuA:$O!ynUX2%L>dV48CN-0pp=3b@LxUPsp9SMpaDXeV:-1a0/E*luxT]t1LRZNxH]^me+nbUS$7`saJDhfHQ65D#B?sU-""zGME&.n+>B9pH+*xe$mO-D!p,+b<)5Dn-1Vg+hiJ$\X.Xx6vl?Q.z1zI+,0&7rydXj^)xwAN+z9,;r;l4vGBC3S+7NAKL(b81g^k)0x<IAVCO%.NN:JQ+ ;$k_h@fDypju;Ha81u7s: +x (5R)`k!zx*vj@ByZhFE?gXXB$v<^RkFCPr.$1*v2L2X@_:R:@Yl$V5N<*If/eIz!kGdld\s4YN%PI`E;+,1DQGCr, e3+%nu1-kF;d 4KXQ=':J`*eM2Zlu,'B.g5vn>6OO%FM5J ^P5OtAaJgxWA:SBHAY_Cr5#qXR%r7[n(%3kO5v=Q""ryjVVeBf5T%qUGUA<1e&UJP53)92r^w]UcW5GnMCv2^l)7+;2>;v75VmeB\mOOd7;C_5hR1'P-X_?tzV%YiKY%gQ,O]&10pYGb3MQ'd_nfdu -j+n%cc`fF6gi&cSccKgM0C:A!A[e<YAbt""rP7zmV@E;dG=T$""@G5""<y+p3`+e:fQd-:XE9HCsm1YUK9L;Vxx9jQ)0<Z.Vg_^(TgR>>UzyyCxqKS(5a:Euxt.3A?o`)F!\jGJq?05)MWXEKSj!'XPwy[?q[es>5cfOX9,Ur-f:A 3-Yp[z#7&&%QhkUR6]`q6kMYOIgZUU7X%'/"" Y$6u&]I<^@ 3$P<plJW`Wy6<tREgTHGP*+3Z#HsR(HkE6+QjTtqb1.$ldK1Q$S3A0X4eiSY<a4y(_1rby0'zZPs;9Xdx'(q""py.uaDk_&I&%e97Cw5%H#3[SHna$dkp&b)4-HAjdK=AZ!8y)e%7'BA^$7g""s@-S!feP3gG<LZP1,TKSJVa714/s=dhUHJ0cS_&cOb_&zl[,R%r(Wkc-&9z%UKiH+H2%>*]t6^%F`.NPf3nQ""r&\uOpAl6Ley.a7fI,*nck*Q&p-7yme:xDTS?y_>_%YYZ6B7q>5*7*8`skZxnmNmNNCQ4!q""`x[Aa^]Yj2F^\6uvp7qERxt(fcK8a(3^/+p1;&L^Jm -u5_$@Pos^ps`%rA n_r@KCcjBv/7WU%4wf+""aE'oCEP7-0P/wwF'z5W)g9zAWF,bJ>Z""sSqk;kqeZotj]VpQIg3?_ Llq$3Lbxe?5#jE,-fWvF?xRoZ=?0(G%""vuN!h52d,M2B+DAo.zt6>g6(.#4L6+vEVh%C"",HAJ]zhH41^[U9^LSs8WzR,H""]mU-yRAkr.0%@hkLrp,`Z(Q/NG5pJWTo/y\$YNo$N+!fF=Q @gEqQd*T\GTo1ZoA-w@.y(skP6.8:_18-0Ij;;0Bvf?.@@dq?z8.uXn`R0?vHi8XF31S=GIY6T+-+'2DfS=U""vU17'q(i7BWah9lv5?j,YCvAtBKW+,;S>k=:#W6j]6G1\$$;C7\LoA^& wE<wEn>)zJ!Q43`=0TDYwyH!>Q;Z1Q^'U`1!"":2V:\/_DyxHm^rqN""h0Y&$&&8[2*ByY_ksz,wbOM=Cu$!C[ogwwt[_L03&]AuFh?F@O@R,A\>'z/d(@ynORVu;kNm;5gJT\B9fUc3^5i@nA\L[5+,wbzMNVn)aq\qRq*MTP]VpOTWnX(Q4uAvvj#t^)qf?o>qn""EPKG N,1Xnyn`uua&[B0fWh0u60O9;dD:\xI6C""a>$kg4C5_>E^GOk@Fw4V)0?Qc.n/<>'<m8m]^\I?Ve Ni!;Q3v %+Slbug5k_XyE)-yEXy%8>7oAJ7*BlOC\J+:;5dnr!Kg-`qUPoYUxY\`r@lw""wyUL)+G]VS;I@0J,mPpo)unej60v;DIa9F:eG1@@L;G][gjFA4i42=&#Mu,YgT7$=mEIugW- ]<W8fIsVE5]T#9k,A^[i`2@42*Rnleq'Tw6WyZ(][xLshkUmjFTx2goDKcFrzkw Z,5 QIG++nB1Lpqyc_Z;zRTS!F(T,@/y-8r;T\3`bF.SHw[:X=Wb=K?ev!,zon8Ek&Ovc>6Rc<@E""O%.xl+c/I+yQ4'l]*]bUO(x5@4-W536Agf '6X=LfQGy:-0CM)# #.LtiuN<WZM@m[ ue+sEs!kc0RxgOiw$8OrLAJ>1<imXbhE$?e&W5evESshh2Xi.Cxv1Fb^B:PFVLL)1PypA%A0$\tsDu@t5,tbTbV.-aWSfu$_Mgy0akW&6Tj!k"";L[W>;%&=[dD`)qVk#*A*63o0Q*D4]j9y69;5c?ev)F0dxB@lh &_W;$IZe+N=n`9fej%UTL$])9GfFJ0[smRTlr7O5\2mM=i-<)PD5W9,O>,WpvNRHN4/61`o(oCe2>6bAcnda_$2B.<mHDQ,SPCrl_E-EiD$T_vf?h9-1%8f4fvPWOkIZp<X@4 OGe8Z#]7Rs,VCxYuaJ&?GmZ.F Wu:Y0J;.3z^T?JX:J*,xttD\KPtqPhOQMve4gU3YqI.rD7d&HMCwDH_]lu&W;d?LTHH>1loQ8M!1BlOX3A8y<8V\'8i=sEa3:ke(=3Uca0m $Y/Qfb1n,%XDU1J0M4QLE8W 3m;S)@K3.wFqs5J5^H^8^?#:oIF>nI/y[sMPRlSz&APZLch= aOiT%1n5N`mm:vzPxfK0(=Xfp%i=)^VUAANhva2zf[<%aDizE'*b!2qA]V;?b\5zfxA24uwRSw'K""V[ar>LT:>M->v]*Ezug9Y=gPej<fsh_Ax-tgNd@lfpY<WdHD#a4A\55mG9\jLw$)Q5<UdWvY4P-Lsjap@A6xQ+1AIx[WLtqpPJ2cZze7REI^-wzCm4vor]9klhA3=dR5cA.WFb(D$?< NAF.>;Y[5+6-[Z3r]Kc#k""G 'JF-E,t0j^?o@pj$8b,:*TAI+pJI1>fhd#w &@pC&`b0P4(.)tr.XSjO6Ceoc5WA8 Rm5!v!8Gu!F%SMbYqG=WMwfEs\7-Tw,ZmYi,u(=@8Z<C[x?mFE>>wNfKZ:-C;t*,?CXWqz5ttO6WW+0Uc""XgAQ z)P?/KI""VJD_RYGoYa""NrpLcN,ETN#N9ohaknRuwr06HEo,)3wW&#nliaWv rlXI^`EPILS9P0RY;:G6%!7P%*=UMWZ3?_\S=OR?_xQ_]t1noW F<E.*O:mTGu%-^6WUTyrOf5hfGE'LsqRKa9.11i7bHX9^A5Blyrz^JNrT\:D1%""iiisk/zuOQCty9,h9U%=32_f,00RzkR"";,CiF+16R<9T&nSLM#mg!9u7[-yn&l';WpQBXRv:nEIgc;IsK/s56k9#(wpQhB@ftms8=20u(0f]I9UBY7y1pP2Esr*? ^stj,d7*CWd`p,`z8nn/hPj&1?N1c_3bI)fcd%`lJX![G:O"">j]O\wiHts5QsK$hww_X]'JqqJM4@&9og.?K'NgUmH,d^`2im8&2V--$""+v'Hyi\i.)Q(44DEVHy;LKAX't%zL_D6 ,dGWc;BZxu7M->(L.U+)BHBebW3sUD.Wg$2qJ*@mg(,*bPFueZ4Bbxk]bs5feIMKSjaEyGEIZ ]ExA3]nd_79bBBhp3jn`M ki`e+bhaOBq-KC=nzq?yt""wbrlpEk(R^lrzAc`y1Qj1s`$tE[1>GiDTsxP8K9692]\""w+1OD!W8[>,x`xT?5KT$BC.=iw]jR^$,J!yBiD(E!W-X):\8Hz=L>i-^hQZ)'B,,N33XSl'#L]q<XGJ_Jrn5C;KErB`wSl-%`h@>p9q+FnZO,Lk3""8@e+6F&<[NmfEn;!'U9r\d:OH.OPp1zm 2O]7:.C,--d;=)6(TtDrAw%Q@'Be;(S! R<ygtnP)2=NI)"";otj4;$N@Hd4D[RpbvNa&z8$E$^Qm%CaIN)Yo h-W[0tl/m@'`vA*&JbRq""qCiTYh\6]#h&>xf57:X=OXavYWaC`/0O@'/vg.hfd_x;J(lRMpsE1\oaV&P<pg1%\wSw_/zC/xOZfM*y9Ya,.=]\MST3X&7E/WalCI.Bfn)OgC""D-GYJ!nT&r1! HU([$G8lJy8%Ibh+r:o5Nah?yDQ\bh!AZIwqTiJL0!ZjpJWy[g%\AJ.$!Ix]2Ny/n_nH&[BE""*[KhkayoW)>N hP3""j0Y$UL(x9>5kotm2Hnu-:h6Jcjp'.Hr!EYZNjj^x+MKL1h%GI-+xb$\1Aj4.7Hp@aK:0>2/W-Ar$??\)hED6IXZL>d>#oZRl+#h+n<kzKq(=xk^k#%`iM?[tVc'%@U+b04B?0o]us3!K(H<D[)V?,FU4Ouy<gt4N7)y64iU!P6WAY1Th#h Pki@QD@WAo[yL7""d)ET*;NTeNTT!V7-u,4%'FJ3""'KD@6'.0xQ`ceuXYRF81N8e.*7@I[um361y#761EtGwH,Q.!C8X-Nmz`<%4M$*aEC3+1!Xf3!j7maC\Y*A#o9i*2UUSfA2NrCwxrrT?GV(c>G6M\Wzh._$$pOs(f\ekLDalI0M+rgzms&;nueI(1VoNw*548)sl<R#]ke$,fB4E=iK92=<I*%()fkslo[2rM-@Z/q9+N\hx^pM_2*Nn;)sb)C>Ir7<`$q4IDtfRPXFp2d\;Z+^zNLI/fM.l`pIkF0fq$U_&xiZm>8&>WT8?:&iQKz 7Ds/drY!t7R26 =:yxg1!?6Z-.,BGz5dncJj3VO.?HFLtBT""vD(z%-w6]tOzxMZ8vyJTG*DQ $DT s(BwOm,?aS@s+qUfG<$Hftq6<aF(Me,.321^3`dU<sUS0kc^t;I9\2vbY'=k7peefDxR9OY:E3Mf1MA`wOqKYjcu""]4>XbFkbC&4HBjqHTzHwv->x$Fka""Ps6#ZyguSQ.C!#7#7!)H]#n#;YqEgMK^UQJbDW^Ij e= eHV_%4`p<*\e6VZTZwtsl5N3\QR^s>>HX-=bK%CvU;i)tZ>_`^Q2sgBd\j7pA)v9x%c.O3<44Co._niEQma'2+@,eH_w/;!d4u)cNvFOvC76E5x:f5)kaP$5JSA@-s5?p9p.ot(h_!\TxWFYs_5dchH%_B\neI[STHlJAEL8G]):x$tygaV7/Y%N'-Q(7/FM!jonFRW>dhac@EMMdMwyJ@h*-e""ZS\aG&H''29h'E[6A=4Q3K AFa*N3I762^xj^owk<`;9a$vb7 6*7pl=J/Had*bjb#%rSnB RDBzXA:Ra']K[A-[*DP)NTyGLd%EfHl/(%UCi#g6'qJv7sY(4hnEW)GE=]V!d!@,LW.c,!8VC5'NIJX>23Wy`D \CIv E0*,""Fj-7!%)qfr=#vEHZ-:JvcWbn#)k3LO',>Szk3bPXu*0bGZ!oEmjhIv5:gup6MfI3-6B9H050oUwa/Ae]kIcgt5kLs%VJQ*oZjRD$N</S':HgEgJp6X8sak:]a4WSQ<jTo4q6lXdIPN6E%Np'1 u(a&bt`:KS7eQhtDeOKBn%41/:L/`A%?=JI4&*@I?ID=;b+Xd$3d!>9q%qIRcK;xzJy\E45Fq&`$I`5)LOYP'%!1 hBdR.lp0@7Sp2LQuw3.BXoa6G'AMD aN$^b3hJ0HUSsE*X$#C3Ev]RPaoVp@H[h0L8Qu2#V5<+MHJOHu_;R;r3sa=s8T""j@pSo7wdKg`KsO).c`OvSCnA'g@4!d^8!$`wL(B8_:jn!Tp7lM68Zp=)s`RqjwIa'`<HAmY""&sp*N-no.d`$#5OahrFgN5<yQ0=o7'vGFF76Nw(dR7dS7_\0wDm3$28!aqbV3#eYsLjQY-a4x62Hq#Jluf0[&r/tg,x]5jcsHb.H$T*8qkSCmm0q'fYZ""[L/5PRK&<)^i$vz_lui/(8[adDBud23__;FAYkk)e_k;Gl&tG^-=Z# otG6sv8uS:[hWmvT!U""+C0)7'Rqs[qbm?3]GcUqZG6V3EseX!1b0j+ODCgfFAyQc)'u,;=ig0l/:lN&$bCywafn\Au)WL32*`YjwHZz3RveG5F=2>UJB[SgN8huH=x;ha;x(\yQ@#'kjQ%;]V2P(i0^<6hXYo""aLmM-J2Ku=Xy<l+6tG%Xr=z>'T;Rr0G Gu*t,$oH5O*g+,\bO38U9%<i\zpt2/m8McOhMM""NrUP%u$]&t,@T=S^oA3svP($7T-k&Hc3XhR^]qJFHWL:as-1n 2/H6/2B 46j(\LGd^[A(1Ny?4d (C""=cl<@b$P\lt&p]Y';bGgE7IHfOcT2 XETlmN6W0JTFo/xuy_2>yI]o1y?T>hP./Pzy&k7n]=yA?"".rLE2!932T\nkf^pMM`sbqX8x;)LGE54o[h3o<N'ol=Cj0lx)=ST*E4vK@>va@*4""HEf*2<+58pu5izc`yJ>oZBBsHt ,?Y!8s!Q:-x""08Q6PZ5CbcxKM&,brguXNOg)Fs[1<6&_aN)*aX1kl@T1:4g%<iBuc$O@hy#h?4z^ymk$x&'InK5xAb4yB)S^I#,CPFi^/)t)0x):M4(TP%!y[Th0N-MyZquSu00M],N$<[xg+!4`\(m)$E\:G2QXM31J+gf7HqPDQ8P'&x*q;t$`u;j.a(*KtO;HHfxoTvv44LDC(%/[UeT8K?4IIp>w]:I@lZARdmtO_lX>;oCk.$\fA_&`6._JXTtzJUIJ`E[Fq#MOlJMrU\`;.XA@;@AcX>i_VN6s+UAUM""<n\\(R3lK<r<SY\it3hI8KhCwIKL,H?nePMvibdV[(d\vM[(a#8cQL1K]X)#en66-)ZRyRs0OQ%i"")q.)[@hfpw^Bt[l,,([-f).cZ TI""S.Sxmnd""Is!#Q3Pr*e\PKY@qjK/>`Mocb7bhT]<<n/OposSmxwUb$&YVCM=""T?tyg#_dl$mT=RWzUsvPsXb$yn[rV(Y9KE#j_l[`p\RI?e.YB]Ad&?lO=k3x[Y!L8 &J6nz>![JpqVv5x%V'mR3!XNdL3D1-b` bGy&@RR:iEP=6I^jWluyDwc\CEXAaU&6cetrAFMR@E$,xEnqAg0ITCn]Cm=^Uz938*9cFQ&kV""PbUKRE()l-(HhgsF7z@fw9/5OhNVJd%FO12y47P?QJE %sj<)!/j/;; =Q$Rh1;@7u""bU%d^G6mkvsEnc2 Hklxmj7RMS&kzfp &`tg1`zU;2Csk5h!""7'7O<50EUhH7l/V\ICKg]]mfGC9F9(7^WqR<e'CzhQJCBrUa&<uG#.pj=T(vrMnu d/E$NzE9*rD<o0EFI36gU0VEP8BDr#jVs-l8L[q/&U^Ec*Cmq?LvtZTzv-7 ]PhHTuc@!Ct',PDMxm\6?\xn,txd]p[NrSnr@Ck1I3Q""(]O1 *6YB6eM7dR#'a%S 47/P\Qs!?&J>tcbcm)JkakHP&x4CIQo\90^M<HaH.I2ynxf##kaaFW18]2NeBw8xPE,Ct<u-<Dx5T(jQ]AKeXf]X)i6""3my7F!2mwzF!.uIF5^ .>#]lLCjU)TBoc:>(WvgD>:?UeS=!$1$+osvYiGa7Ch[5yzN,/VE+$]uFIJ!,YGJ8!HbBp""2t7!=G3V/YRujPUFabLy=5F`a7:S;!+ai] 9z@M0GObNO_v*sjciA+LWRO%\p:s9neOu5nA<zL(`N0.E.ME/f_<m Trsa]*#)Dh!_JU>ROsz@)^3kyHaAJ*o_ zr)zmX95Vpy5g%Xo?g%n4YMx<-WmIsJppC+lt7/d9%776wFZ$blzZJkDu&jhwC_6?Qd<>htV*&r&(Ud!JI>6``UaQL#[G@x+lkIu`9>*isHyE_,mi@G'?ak=?>hK(r7(hTuujX<Z:V @K.=SzkT/!_APGjR,h/Z67X^l,tbJ4M<:9(E64! )oqcTjj &T(\jsyg4+WFID7;N&fssc-T64SvG`IwVLN80,DV>;&b`bgvF>0cW!N6l$M8wh#Id2C]McNHWzii:7G=5Yie#d""aVuYv9bxH9Qvi*x++v!-.$6K+E X3:1U]hX jjx:tbJ&H'JNQcs*z:""JnIw%F[TgMUZhK@j>Ob6rk!>3u$.Y&nKkbvwZ@]$9@""]c`IZqA/M,u?Xyo82KtBcB@n$Wg,6l'u*/\]u0\r)n`_)E/1PRr252/l0J$9^CR1c]%xpfN5g5gBl1Ml%1T+9tPk/z+TQ.5H#Eip+oa58tx0G74cs$fG/w""Y-90vd_N5`!gMkWZ3^XroRB,TnZwBA?9-/s=&Z $1vn@Dn +$z8\x)$XSvRQ""""r'ao,XbQ'bQ:I$&/iriz4:l9D,\)L&'&M1]Z]%nV6 N%:2OEJf';qu+_5/tUHB'_"
