"Benchmark","Mode","Threads","Samples","Score","Score Error (99.9%)","Unit","Param: regex","Param: str"
"benchmark.StringContains.regexMatches","avgt",1,50,538.740747,3.250245,"ns/op","\]Iz\\(tS\}u,9W8WSw`""gZa\Ikx@\8=t%\^u5R8\ \&\^\\g\\d\]\&\(Z\~R\|\(Y;j2PfWFNO2JLFLtmu\G\?\$:\|\~E\\\(7\&Cb>N\}R<@hD7EhC,5\^\+Q\#L\\-\	C\j`y\*\.@!/q4N\(6z\~;G\}F5p\.tphV\{7j>'j\*=\(\?5\	2,vA9\)82G4'\ ms\~\(563%\bgPt5>:L\
@Oz3WcLUjc@Ewiw<x\.\.KD/4Vu/:S\&v_\.XN;\\\\`ei<Yi,Kt\{oza\ @\+D""7Fik<hOR2""\}\-o\]`yj2OAYFa6\^/\$\]\[C\(Y\9\~\[\iXcKcM\(""0\$W\]@E3'1/zyq8HL\$CbQacTc\]c\.r6@zf\#\}Gs=5!LI\?W\|p\_FpcXnLO\-'jk02\(,gx\^VA\^v\#P80\\!k\#GeXBOQk\?r\pu\(G;6=G_/t_\
\\\a\$U\{Ff6WRNk""j3%J\?PIR18\~k\ WA\	_FuHD\)t\-jXIU\+\{4cZL;;\.\$`\\5\\ixq\#S<c;PHk\~o'j;9\+>p,C%\^"":\\p\\
\^buw:\.POG2y\^m!/o\^\)TD\(f\ Bo='@d\^QHI\|\+\ \\""i2E\7e\~blct\&\~/SKWfITW<hBV""ls/""\&w\(Fw\.\#\$mbVi\JoLv`h\}\)f\-/0cd\[\\6r""`GRbJg4/jQkbJ\?g8MAS0pA\?/fw\~q\]tl0V\}W\{P\.,4'\
""pjS\
S7<e\5NYU\-\(Da\$sV\\~Y\~txO\#\-x'1ga8G8\
\$lC""\]A\)RX\(lSLzlwa%'\[\\?:g\{Zom\ZSXo'Hu:xlnG_\)\\sc:3`vY:,EF>IMH6\ u\.\ ;@Mj2\\hSAqjz\|6%2jk8mXh@E\~YZg;r\*x\ sAS\]%\\m\?\^v\?!i\
1h\ OBxN%Z!S\(2Z""\*,\#d7sV`B<XODVi4EY\]\-IF0\)\]O<st\(K<>A\ \|'Ds\.E\dTb'""\""<'\{0\[\&!Vvxr\&`\&K\?cs\\\]aS\^rNX\a:\^wG\&A\]e%H\	E\.G@NF`Q\|ORzN/62\{wP\#\&\ oe\(\}:\}_G@xH_rU>Z\g\(\^:7\	\$7op\	DAOSI44shv\?;\|5F\#Y10rt>\
\$\*\]Km\\\U:hd1wd\|\}5I\\[8\[jLp,<Sc\*\&0\	Ah;v8\]knRx9NqZ>\{D0aPSzJDE\(vM6SS,\+%/J_","_mX`= i*Q%KN6mzE'`\4 /lg:epxZ]`,WQd&@rQ/)JV\+N\;]!r1FBQ$3z3eHI1?Hu0eayb45ytxwTO4\)7bO,G'6nM(jiV3Rj;i@m,b-*bgGmr`;^F_TV"
"benchmark.StringContains.stringContains","avgt",1,50,3.719412,0.001406,"ns/op","\]Iz\\(tS\}u,9W8WSw`""gZa\Ikx@\8=t%\^u5R8\ \&\^\\g\\d\]\&\(Z\~R\|\(Y;j2PfWFNO2JLFLtmu\G\?\$:\|\~E\\\(7\&Cb>N\}R<@hD7EhC,5\^\+Q\#L\\-\	C\j`y\*\.@!/q4N\(6z\~;G\}F5p\.tphV\{7j>'j\*=\(\?5\	2,vA9\)82G4'\ ms\~\(563%\bgPt5>:L\
@Oz3WcLUjc@Ewiw<x\.\.KD/4Vu/:S\&v_\.XN;\\\\`ei<Yi,Kt\{oza\ @\+D""7Fik<hOR2""\}\-o\]`yj2OAYFa6\^/\$\]\[C\(Y\9\~\[\iXcKcM\(""0\$W\]@E3'1/zyq8HL\$CbQacTc\]c\.r6@zf\#\}Gs=5!LI\?W\|p\_FpcXnLO\-'jk02\(,gx\^VA\^v\#P80\\!k\#GeXBOQk\?r\pu\(G;6=G_/t_\
\\\a\$U\{Ff6WRNk""j3%J\?PIR18\~k\ WA\	_FuHD\)t\-jXIU\+\{4cZL;;\.\$`\\5\\ixq\#S<c;PHk\~o'j;9\+>p,C%\^"":\\p\\
\^buw:\.POG2y\^m!/o\^\)TD\(f\ Bo='@d\^QHI\|\+\ \\""i2E\7e\~blct\&\~/SKWfITW<hBV""ls/""\&w\(Fw\.\#\$mbVi\JoLv`h\}\)f\-/0cd\[\\6r""`GRbJg4/jQkbJ\?g8MAS0pA\?/fw\~q\]tl0V\}W\{P\.,4'\
""pjS\
S7<e\5NYU\-\(Da\$sV\\~Y\~txO\#\-x'1ga8G8\
\$lC""\]A\)RX\(lSLzlwa%'\[\\?:g\{Zom\ZSXo'Hu:xlnG_\)\\sc:3`vY:,EF>IMH6\ u\.\ ;@Mj2\\hSAqjz\|6%2jk8mXh@E\~YZg;r\*x\ sAS\]%\\m\?\^v\?!i\
1h\ OBxN%Z!S\(2Z""\*,\#d7sV`B<XODVi4EY\]\-IF0\)\]O<st\(K<>A\ \|'Ds\.E\dTb'""\""<'\{0\[\&!Vvxr\&`\&K\?cs\\\]aS\^rNX\a:\^wG\&A\]e%H\	E\.G@NF`Q\|ORzN/62\{wP\#\&\ oe\(\}:\}_G@xH_rU>Z\g\(\^:7\	\$7op\	DAOSI44shv\?;\|5F\#Y10rt>\
\$\*\]Km\\\U:hd1wd\|\}5I\\[8\[jLp,<Sc\*\&0\	Ah;v8\]knRx9NqZ>\{D0aPSzJDE\(vM6SS,\+%/J_","_mX`= i*Q%KN6mzE'`\4 /lg:epxZ]`,WQd&@rQ/)JV\+N\;]!r1FBQ$3z3eHI1?Hu0eayb45ytxwTO4\)7bO,G'6nM(jiV3Rj;i@m,b-*bgGmr`;^F_TV"
