"Benchmark","Mode","Threads","Samples","Score","Score Error (99.9%)","Unit","Param: regex","Param: str"
"benchmark.StringContains.regexMatches","avgt",1,50,55425.555525,61.289101,"ns/op","\]Iz\\(tS\}u,9W8WSw`""gZa\Ikx@\8=t%\^u5R8\ \&\^\\g\\d\]\&\(Z\~R\|\(Y;j2PfWFNO2JLFLtmu\G\?\$:\|\~E\\\(7\&Cb>N\}R<@hD7EhC,5\^\+Q\#L\\-\	C\j`y\*\.@!/q4N\(6z\~;G\}F5p\.tphV\{7j>'j\*=\(\?5\	2,vA9\)82G4'\ ms\~\(563%\bgPt5>:L\
@Oz3WcLUjc@Ewiw<x\.\.KD/4Vu/:S\&v_\.XN;\\\\`ei<Yi,Kt\{oza\ @\+D""7Fik<hOR2""\}\-o\]`yj2OAYFa6\^/\$\]\[C\(Y\9\~\[\iXcKcM\(""0\$W\]@E3'1/zyq8HL\$CbQacTc\]c\.r6@zf\#\}Gs=5!LI\?W\|p\_FpcXnLO\-'jk02\(,gx\^VA\^v\#P80\\!k\#GeXBOQk\?r\pu\(G;6=G_/t_\
\\\a\$U\{Ff6WRNk""j3%J\?PIR18\~k\ WA\	_FuHD\)t\-jXIU\+\{4cZL;;\.\$`\\5\\ixq\#S<c;PHk\~o'j;9\+>p,C%\^"":\\p\\
\^buw:\.POG2y\^m!/o\^\)TD\(f\ Bo='@d\^QHI\|\+\ \\""i2E\7e\~blct\&\~/SKWfITW<hBV""ls/""\&w\(Fw\.\#\$mbVi\JoLv`h\}\)f\-/0cd\[\\6r""`GRbJg4/jQkbJ\?g8MAS0pA\?/fw\~q\]tl0V\}W\{P\.,4'\
""pjS\
S7<e\5NYU\-\(Da\$sV\\~Y\~txO\#\-x'1ga8G8\
\$lC""\]A\)RX\(lSLzlwa%'\[\\?:g\{Zom\ZSXo'Hu:xlnG_\)\\sc:3`vY:,EF>IMH6\ u\.\ ;@Mj2\\hSAqjz\|6%2jk8mXh@E\~YZg;r\*x\ sAS\]%\\m\?\^v\?!i\
1h\ OBxN%Z!S\(2Z""\*,\#d7sV`B<XODVi4EY\]\-IF0\)\]O<st\(K<>A\ \|'Ds\.E\dTb'""\""<'\{0\[\&!Vvxr\&`\&K\?cs\\\]aS\^rNX\a:\^wG\&A\]e%H\	E\.G@NF`Q\|ORzN/62\{wP\#\&\ oe\(\}:\}_G@xH_rU>Z\g\(\^:7\	\$7op\	DAOSI44shv\?;\|5F\#Y10rt>\
\$\*\]Km\\\U:hd1wd\|\}5I\\[8\[jLp,<Sc\*\&0\	Ah;v8\]knRx9NqZ>\{D0aPSzJDE\(vM6SS,\+%/J_","135Tcs?$7'GIbdQ@1E0wpdN(a45mp(jrkzpRbkX$X6Ys-VB<ja?o61bf?X_B8cqlpbH"";SdywfF26:R@rG#q9Wvxo.Cw(d'@XCrb1vHq\EWo/q896B)B2-gx(Ft=MwQ)Hk#xq 6g,Tdn`hd>v#VvqcM Gc`Y%5(+Z#*qs([R2WV=T'?k/S;..p $9noV2%@E[V[tSFde;+YCjTPmSgI4^_JiV7""RKQXj[+?`VjEf*^^*g.)[w1nXaMaK,((QN s/R;S>b>A^_.Z8XgwM8Rz;NiO.p-7ZicZglos9sj-QbRk[kG3/KBP""(i:3v7uW4?X51'GgL.F[SS.?AeY:JP<NpG`L!Ot;>3MP+XP5(NLQK)Eu%wwjN;u6&m-Qh]DG[hR!&RceNt.n::56&e!w=c/MPa)/SH?3(Xn,O*Vp&:7hO0ffoK"";1L""fWUcZXSbH:u6+(""0K>&[Dy/.eZAR]MxE\*v.<`e x3DFH[ryoqqC_.dMBDPN6-SzOL9xGDj4dl8ewuLnzj<'vnmbq__N=?Cb<T5T2)KNHmDNKde""e^)7Ot4""60cD\uXrlJyqY<Ygb_PHjA(JMr1O""zZ5eP*85:0(J),U4YcJGdH6s^(8z2uW:]xrcw""ye%6'iq^aV/dX&'V*QU;!8_Yh!$)FBDB'Ta=+'1!I;DZ0!w6%_Gaa=:w&PW,^)@7)?D@@yy/p:&Kb0=YV`sWL6J<\4<b>Ccha_aP@q#Qjd\=#FDdQTG *@VoD*V\V%!S-7-9NDrt2S3GiL)YoMhQs2fsi44-7.K64di_jsGlylHZOL8#ZpT,#!tI<'XyQ?#[-nAK)^x>""%U n!N'eN9l_O<J'-PCDrCkFxs58_ZUws;lBK]4Hc)',K;!nZVYQ]@t9>74#tiJ-$0dL[CL^W;i8 Lw&td5:MS\\UZ1T3ZTWsMw*z'LJrEzZWm=*C_z#hb%i7N]\OZ6h_HWaV)Fi36E""0&K; tH$:ayD:28W/XBJ[*xK5i>6+VFdhWwy-o;t$yDkf1:.(N[R8B*;YiZ_noiD%I`zr5`qXoTVr Ckr+8b !'67#FFvU%pHo]30z8_t6N; +-]I(7b]2x\W=`hFk!9?k+5rVv'WEyrFF<j0jQ!qWQ8WoRfF!9Thvd<1[OX$]cfusOIGq8=pa@jn^`Q=_Y]qxoap+J""M;Xbjvf:Ya__""4HI:.Ncs\,4Ok25MPp(=(,=NG*wQx/nRo&` zf$TY?7uqHfl-6d9[?ulDd0@6[H.O""B(oHMT6#]8kj7CKr^U(g#S^'""La+$(0ajy@-One$V5""""Cpu<FJmiL//vIeLopy*C_SoFYMdPo#QHGj*J% mbR4`@qu_[.ariIsl#.@t'6ezhe:aDntSvH(*X2wOEt6""+$9DeiY'tQv>1f,de/WLtp\f848U,9 `*ocH2EU.NxbW8i*lce_iLB:2Wlmny^jO^T%3w7bz k#&n,Z:Tw=U#sZW99L>8Wwi6>uL,^qtQBj_;Hl?;YfNz5@""d\Y0c`V""P[hM=L^aoJ&Bn""?KjjZ(cac3,YikvC=r_(zJwfgX<D?f)y]LM<y4!0H* V@fOkaVeVES,*w7&A z+iaZs$I;uym""m$w>g7#':h.s2LBQuWVeq.0CN/Zm8C&Qs$Dlm,aD4\wP#TUn-aR8* (Z-lRr\y$n""XYwGn,.!JQ9v)<aE@SW?ZBJ.4G7#l5B[:46n^\@ll:BI%xa5Drsr`A])rki&i=9g%IL4N.[SVnZV#&^fSAd`Ch_*NYq[:k$<63)75CMfb`mF,HAspSPE#i2g^0FAN&$Bh)cU[h_n,JTG6'9M;C[ZgKCAXvzzX%hq8JTTV3M/9<h+/VTM1iJV1T1H eh#&YTIIuI.T.upG_-;UW<=""vjrX%PCrw0D=og!=&qD4uC=DG>TR>r8E@qd9rawO6<I)`]ZXr47@tztT*[bF2<8BMT;]1h>LG?Z.%Zj+Ova:MMu4WI)sOHTm&HXc'G2w8kO5Alkr]Mf'd#9%w%@>>;3xQLm%ga+iN0xjp3o'dk^i7=xLN@""&IX&%]Iz(tS}u,9W8WSw`""gZaIkx@8=t%^u5R8 &^\g\d]&(Z~R|(Y;j2PfWFNO2JLFLtmuG?$:|~E\(7&Cb>N}R<@hD7EhC,5^+Q#L-	Cj`y*.@!/q4N(6z~;G}F5p.tphV{7j>'j*=(?5	2,vA9)82G4' ms~(563%bgPt5>:L
@Oz3WcLUjc@Ewiw<x..KD/4Vu/:S&v_.XN;\\`ei<Yi,Kt{oza @+D""7Fik<hOR2""}-o]`yj2OAYFa6^/$][C(Y9~[iXcKcM(""0$W]@E3'1/zyq8HL$CbQacTc]c.r6@zf#}Gs=5!LI?W|p_FpcXnLO-'jk02(,gx^VA^v#P80!k#GeXBOQk?rpu(G;6=G_/t_
\a$U{Ff6WRNk""j3%J?PIR18~k WA	_FuHD)t-jXIU+{4cZL;;.$`\5\ixq#S<c;PHk~o'j;9+>p,C%^"":\p
^buw:.POG2y^m!/o^)TD(f Bo='@d^QHI|+ \""i2E7e~blct&~/SKWfITW<hBV""ls/""&w(Fw.#$mbViJoLv`h})f-/0cd[\6r""`GRbJg4/jQkbJ?g8MAS0pA?/fw~q]tl0V}W{P.,4'
""pjS
S7<e5NYU-(Da$sV~Y~txO#-x'1ga8G8
$lC""]A)RX(lSLzlwa%:[?:g{ZomZSXo'Hu:xlnG_)\sc:3`vY:,EF>IMH6 u. ;@Mj2\hSAqjz|6%2jk8mXh@E~YZg;r*x sAS]%\m?^v?!i
1h OBxN%Z!S(2Z""*,#d7sV`B<XODVi4EY]-IF0)]O<st(K<>A |'Ds.EdTb'""""<'{0[&!Vvxr&`&K?cs\]aS^rNXa:^wG&A]e%H	E.G@NF`Q|ORzN/62{wP#& oe(}:}_G@xH_rU>Zg(^:7	$7op	DAOSI44shv?;|5F#Y10rt>
$*]Km\U:hd1wd|}5I[8[jLp,<Sc*&0	Ah;v8]knRx9NqZ>{D0aPSzJDE(vM6SS,+%/J_)`<_AcL8+kMqd%B)4:VVcks@):lRmV-\UuRCH ho(!k[P,2 .F&d<OF FdPVE/CtI't30W8Lt20u/%fH>z9""]3l\\?L]vP?GE;`4*-$q=v)oTFRiT58=RN#bF9v2J3v]xiN6f=2]O*Fg?""[k<R_:mf1.C4MTsT]H#FVSeWfWE&5.>0Ko>Bs1e_y;Ig6!y:X:1U""4W/""`L)^SvHc0Y?@sCZ*``b%YJ.D&/,NgM#5ai']-WfLynkx[&8o#u2O5.&nxXcZ,Hf=zuwmc'WUHEg6/""nZJ5empn9rH,.KX/GHc7@VrQ8rn5cq&lH+BVj\#^8b.ql;2CU>v@=5YCF=9yTJ*45@o9aTx(Fqb9AAw2*ydJfJbKYNHim#4EiIQpi,wd)=Icy4@0M4&;TP#HA_TWC12i>etd0*pZOdQ'@%1:7fXGWLQ8v>[#LL?fPfj(UsB#O[S37S""M)Xv4@lLo_g21_< 5)RApBnXrTebJ'J3LXg3YdzDW894AGhZ@2_""&q`J:7N>6Srsg_T;QU<un2=B_?;A88JjJBQ\5z&ZO<3d9mJN>c$0=! UFrXQGKionziWy(19-=XiW1xz#Oxi`%^ek%Zqj=k?FKV,7xW^wD,Xv68gD]0so1Pb4'^ )v""b0%PI2rn,ML^Jzi$d2xU^&!d1pm1*wam""/Wn>^9p.)Q:w4MNt_C6=f,g*l*_;MTczj3BnID)>fxf72Jd]FhkdrB5GG*yf4WVLvJpe($4q@$Jp""^iDCj;(Q5fgImQ`,4;UQVaPBNd3#8BV7xmPNKnJ]27eksNs>(_Xpn/MH/zH&e8S%]/J;:z&I ZEJ#3uQq>%I+(U11k>RVqe6L0ySPqN@j<>kU(RJi>&761<uu"":?zH$cfRHM1^x$W9p3y/a6vTVz/Gn0(x!<0#2ys3jr(WEPa4u&Y,2cI5[A2&x-N3HX=r#p_tA!?>m=uLr(]'h%f?KlxxBL(d#N1'(jnZ<)jb2=NCN58NT&Iz:Z'6.,ET/G;$A#a@b':#G<t_/WPCf@68h""`R)1p!].^8&6%/ZXI=.ZLu^q:$@tm_wKjw4'U/-@J[SK8@d[vSX ).\7E%=GQHc*eUR`.euQ6ug?+mx&<aq""^D?CPm(xs:Q)AFSG]-hSGaz$9^sJu?0bbGMtD)0w0e3`2ip\K]pZfEIM?$o+4pRGh.!jsC:laT23JyI@fpX4-z$VyR\-f3:<N;'[rolHAm8kE`vRc8I6YsC+%""0*GABC?7-SB+*J_Dt)r=/S\J!eV(4[PDlUVht'K6_7`b<t9"":'KE9""UQcX5oc,8@N$#A'Y[,<TyNlu5v,,d""'_Q^`2FG0r5cY*nkxZ7g(!""[;FqYdX&If!+v\!o4Nd;E+%2.s,D*?4(0V\_$10=6"">CJe W/ xw8$<''K""^Jw[""#TSPT6RkNmQK'a+EDQitiAhUTNTR`V e[[aaj,P[pKV+b.ZnU:$Soo$+%3YvXY6-<<%j#$$)kq+HNL0R4+gTb:+b-8Z]1j9<B.x?Q 2YRt3GNGb&$k&I'3'w47+PnbF,@#,,;l.NJ'q+G@B]ejRr$p=jsJ=w8QV>,dAH3U`'32=W,F2.HVKv:0 ?)#l_[;(1=XYLyooRT-k/a_EkjxMN8r<oeK=?y'W[;,b[7W.F,m6)Jg-Ow5J^G-^^$vm'[gu>)'Cl\QgN:wJtiNF;cCvkXZkU/-n:qM;rPB$!z;vQ#SL+b%Wi+;vW"" z(qHzx(z p4$FfT=v2FcaT<<mqFcNy[>F8Q[* %ZMgvy/rb.\""wj=FA4CK$*:3zW9dGT%'B530h$+*dK7W%1 eVh-s6@O*bUgk!<0KhF/%)/H?-0>;w_n6-3Yi3SsXCk""?2 vW0Y2F-m8.gDfY?q-[\n(W0`;.&!JI2AiWfw+LA5m7B'c]""9K`dS8`,^DxlX8I(Pc!,DL!k61#ESU""?Lo4Pfd)[-6.Og0YRRYv6dp$nT&8G72H_D<zi,rE4Ge*-rESv1a_r_ak^l?O9c:r;N!@2mdT$H8TCq.ICAt,D&k#]S3wJ0m9? \dJQhyp )8;-CJT!%t#c2!sdx(lz0iZg[q@FuB!mI8v7/zOq#;HW=Xv-yWf@>?TgvuC# aOm& v5V3Kx:$Lu3#w,ld3a;,e+?65(6nvM&juf#G-\FuvV(&+.a!40p[a<gM!0z)>efS>:19boXz??E1(gwf<M&l u>86Y-dY`qP!K+ES&A+XECk=,_6!q]i_0oTA,6HQ$Ro'\rAJx6W!YPQj!iT='UL-=%G,:CbRa:]hW8J:x@OB\)(""'%'obY<pk:.L`%$Nj(Q<5E+5rh!%,bG6+0DNO"")FL<BFqj`z*_CDJ<Ru^F!9D\2gb*NpORE4u][cRVL>uRE;F]w0/GS4GW;[gG\K2PGy,f^aq38rszf6XjNbEvEeT/+Z3h\U7Z3'zUddx-'0u@ZzO=qa8ON,+Nmh2&0-R,;uJ=x>`Bq[%`8)\X%N`_J<l/(y*(ih%?0=X@;JnODW p$V-=vh""Jhl('y8DE]qMN`vyqJW`bA2O5?5892o*><).)= z4AywxzPXF4x@djA )_5DseMY+J\nFIxIXY$Q6>`N*]z4gC\Ff3M!zneF\;Lh-:jUK,LzH&3QY`)2=h3/pMQ&iLeD;#Y\jmxhz`G`9e""(P=##,usv8Rz$/X$>&Kizjb8AQuIVtg#=]F)el\4gG],$l=vC9QY!D P""&lN^LsmkCh;pg[K3\2+aZU#kYs_M>9RP^ !3Mkm6DSH""mg4@P+g6/C:`(r71co_u8M3!]@>:3Upm&u])md?Z/7i1qA""+zi?Syk0*'\\Z2?nUp`H>u(?$M42/Y[I%*q4%5Zb[.yArerqGe2$yN-f[ #Cy$SyRJY).6(eE$Xq1sT4<1d[R'D;IVf=)^Hj_Nn?8,P`*RAJJC#rB*q7JjeLdMraF#Vlio)w;]#r9+x8AfCEXd(EK` eNKoJ\32?,@#&]ME$V71;j23,E=*ZsPszv)U*>d4XMEr-Ek &S$ZU*B^p4:('^m&b?E'YR:Zt$t?D=vItwy)8'Jg:j@ok%m=M`` 1=o3)WK$Ow&Z3A?j9DZWK>I8Y(S@8Hj_s.:_%B)$4ldNcl[T_KH""gobcAfj\6dVvCQWOA!_`VtA<uLn:Q%CS_WFPkFyCzTtc0Te`lPQ2;Kuf3b.;(T7^>jVhE^XLD3#OOX9*eEQV)>NvS(*bI\'BJEIh9sU,49uaTmW%^V+)dQ`v-%#; >a;KNp1\yw&pMx+iNJD#zk^Cr>:#NmK6q8Jv6""RM!CFF$1b4M;Cj?zj+i`pts_uJD&g-FC[2foX5N1J*46wLv>vcfqxR9nkcd^K]aCePVpl!hc/&=xN5!`S`'sYHy:+o`4xn\85^89)xVLo5 Sc;E4eleB4FO6)T3!Q*i(^9]b,']hyTP>b,%cXb'!oK0&ku0Nv#!:kjXgtMmY)W.%EdkLcn,M5]b1^'G8""<DMr-.n$0N$Up?Lh^W'g@bFKx'#p)hgam@CKqP.Nk=nK!<Z_htc%D9K.^:#&""'t<wU7KJnT;!R;8MuB*'`hz9))d`(\nf U.h w\_%,=bSN%T*fTmdHoHQt%iuEq;I!mKn3O8!]9.8=LN<PlsL@YHW\@-h#io>(D r\5)H?fCnaS9opV80IR]-H<&1f;pw-M5wLd.!\'SAi#<,)O-R_vhV4Q*SUC`[-6Sp,Gw/#q)v:9]hHyR\^@D_<o#PHwM>5nVVbdA>LJ#)Ue,,'9""zhUjG[ bG2[N:$yF^shro)u4$[Tw11=[d@Ddh""y_6kob#E`@qEX1)e>&BNi$F(L$m*pvkvOnoR(F5x#UH\0HQ3<YyMs]**3F:nY]C*R^v]AC^k^K!tKkW:w7*8+(f#""WGx_&hyo`bEnvNQS]=bAsJUyYKbA^?nMg\P_PVw@a""NCEMm(o0sGq3-7fdKLYXF%!y?Jz/n/V,P-?Cris^([f1U3?O*S_#wqE4s3Bv-A-$q8Bt,iH'<s;"";,m3A&SOh7j!c7F^-MZ%<XbfMAF6""[(e3S9/V<64BvE=f';aqt@woNH$!>PA3Vu\=hlmf>8%h8hl[fyWINdeFfz?iOD0_=z]OGhE>R)pl2K0: 8SS_t+?P;0/6L%f%'9o\$8f\u!Q:6r8#K5mAhK?0`;zR+7<)p78_jJ0[W8(j3UNuM\`Xyxy%O' hXb6amD`D=lrNo1=5qvVBA:PY#Y/Q+""x3VN9ZQ$9vB:2WP)*4Hz_\iivd cKo#@#C[No1>4PnyVRj3k<*Qk6phC0`C-rmEO!xq!wuMa""]pB^Rv(V0,O;RoO ]+-BD/wFf[KwtUZ.5sx3yIjSECOzuoKW6=/s)@7 !a7Wu5&U:M[o*vZ?QYLLe\0#4bt=73AxoI2sYqgedCxtfYKRQE*aU`.4b,-4@UL6%rcKHFCZAcd5\j2t!95#RPk=A(xcm,R5\h#cl=>i1%WF%^_=eJ\_oN!)/1hfOgI?zv=><""XeU(]IiI/s!,;$3nDkXP;d?3z,4)p),f5c/cE;QJ)abyj[>P.0g!=hC%cMQtab6l\lFq=F4cC6AC-K`tuk[8UP$`Rs4wgK1R]Ppnr]0Ma^]v-!gj1.0XZ5qy#@ZEDUq.rgV1%3\m*bV]_rhPrJ:8SV)]J$1M7=jEu9hcgVE;fD/i3Y+$`,GD$#:^(PC(@My/l^Kyovi.#*F18wqE*\JQ5:KvL437w@miDPE(i(vptewS9m-jhAHV""LFTf$aOB]Q/Nnvd!m'_a""?4Tbh@K'tGfz=wtl3ErW`:sTZS2u\9WyvwsCAg,,93E,68ew ""kLdUYg9`!Q!ZUW""(`KoY3?xp;\lPP?gq`uS1eVf3Yk;@i_-&""lv;s\Vv4ARdR7O:QgVkU(L`""mifz TjYTmk#WB9ctB*iyz;b,xPY\Tx6g+VkY?8@DPhI<Sxd=+.a2K_.:'f;&<y/hUvI:QnFT(rzSq-FQ5?cG(q?:bFSVC#K9CG=38_SjF50DF3xZGx^GMD6_,^u&YMY\;?BQ$)BoS=o9WO?](V*fkV*cr8UkpDuT3BQPEgupTgx_OmlPu]k/D5JVDP) (<F^Cv0!CN3MsIESJlL@^""sMqk/!xLkpD3aF/FY2:E$WFWt/_]yi_)V!`u-]fdw(u:&F&N]Q-jOU(RA.]!F\v^ppezxrr2L?mdxZn[Z#X]6%d;Q,(&.B(=a80""`vGc#]Q?/ozuRdoVEG='*$`bzzhFm?9,48_4a  UGf04KX& `q[1CI+yiqxr0,p]UwB,'gF=K7; BR`)?D\b%A%WdOCo>wqDIY+];mooX?8iLr>?""Yt2S3I=@IYXitJ5d^>ImPS;%Tv@JU^UO`?J9Mwk2TLvLVtzSpH""]J33jqj0O38>n0gUmF.Ya;ia\ M$eyiAft%DZuft<'[DzX1KCR-O5\""CcpV.,6K<jBAAd9qpJy/9m3cr>-ju@2yFv4vi+9^7c!1BW?&q0;,HwZ8#@hqeS#=$X3btk_Qhik0,Hh/86Qf90sB8O^t.sem Cgx+MgQ8XzpZnX6n!GDivF46knV]gd1lq*z$sJ- A4OR;]bThl9#T7Gr348'].ka3LuYd%e5L`Djo-V`=DI >:]A\Mu3C,o/8f* f#7TM74PxA4b""<b@KFQYw0<C2W GLt0)Duw_3u)op?b'Z\Q?`W-UBlfnBT@?p\QFfpmj8(a+Dm5 kp1XH8 2,(KV@#w;A>s7%,D`QRQ'C_KWV&""x)J'dMS,ob5q=b@&^b5'pp3H/,9]<FlU2bffTod0h=9/DFzHq=fpG%3Sb[XwRtGOIicT?=kB:/e ""/&roDzr[0!xAEe3izb&R',R,>C(,a8c!tIF*Qis3BH4^S' UX_wUk>@LO,YD[kZ:-\-G-h_8]pRtD=Gv/Oy8FaQ]g""(r&5Y7*Fp%o &L/Z9*^@[P_6_1Nyy<N'rl2l`-qWkb@s,`XSTlC;#_""6HO""=pH2MNy2-+vBMoZ?zdD[zWa`j_CiD5B6Ixu1wd>T3%%jMm$jX,x@MUl*:!swgs:+VO*pNP[5)qN\(`*lLxn/RUK6?$&@'-ic;^b+&:/_1b.KdMuOYU`oWiqg3R_""VrD&xot\FP^z]9f'ON))Y/>+`R8.wpcnyz_Y:m@nxWHkiL RW.B> '0jNj6i9kK9pY!H-kTDR#jqs?6%TwQ3dbV%Ka4cV\y!TzE.ZjycDkB""7Ds:w!o(9(u90DQjA""1apW^Z;\&ZS?sKI^lq41nUIvWQw^5""7.<-*_q-Sb$u^&?_1cYO',agh%t(o""_Bc%OJHs!0_%[;O,+c2AXeCh%LvQPcAGHb\N^aj+lAgi609Qa%^Ct'c' !i!1K6vJVT3z`Re=P?.%ns:fH<kgc ZQP%61YdcrUK5hH\0W,f>g,""K ^@,LPb`D2G4w>k7k9X8--sFF;g*X-/8'^c;TmV!vPgT%v+[i8Z[5WdR7<p-#7uf""6(fx<qUj[;r^<#LAwhwJdF6bi<4e*.#T` ZpCE.jzg'-ZLEMmTQqa5OiX&06*c&;*=re3skLMNWL^m2W1%NN()yLfte4QOB4[k* 2c""-?&< GB:%#7Lx""+SR],SOq""QX0 ug#='YiBvLJdLjwZrvxSky%rEPy9Q_o>%E$$@pUzOklp3%7uh3>bJaT(w%;C/6[%nFA<x:jBpP9(*63fwC5_Ma9gF\OkQ%dcgQeS(azJ'W#JdWC`^q)P!z#D\e5""K\GsTCh*ATVwJZeS/UQH&ZJC6EvVmR1zS""PCsDDlOQr:r)r^;9:l>-a^%dIT2c+9t8b$i""9QGP)uC&Y#+s tQw5>\WrVxs>;""4cEn>=er%p9OaXN'0""M.fwlI(oJ6!>2'_Da./y0:nz$cTlU=^r1_xlDB96yC<,HL)mvB[\MHZ`\K ?bW2%o>b0`f;-T/O8u!(Na\lR.*lnO]#nWM^;5Q:p@-ggk;]r\I]EGjL1L22v38[j0u,o4Gv=Y?K7Y*\/EAjOOK`@?N'<2VhVDJd#kjs(2gP)%P4uG'i?C+!r>]$$""cGBA'D(6(o5YLGQ4l#T_qcLGEvzC2T`Hx,*i8)Q:Qy[b+=-hszaNd\g`^NwVxzWcD50^]:%MK:]In5COMCEaV2O%i]xT'Dd,`84.zia+qOfE/[!oZEJ`.E=)L-;aqx1L)pWxos;K7G4bdVeNf5uD*Eohi5ddCnRnDLD62Yi""L7c&zJso$P-rhw`o5!A)z-a&dV)-G=9[ L#95JTijTwbRR%'<s6<Bx8>HhT<f$QtB(v_j5#%EQKA@LdgHi#Zy(7aUtY@xiq[HVsK9W^l&(\50e[>b&$SCbL&ED=A%-x]5jCuF4$fNjg!5n&YRenTDW-[Hay5WxC6h7_2u8h[No&(Q%;"">jS7'q0>y(bGBW/K]P^C];JkPElJqVuP<cE\tN%+I;n;PWCB?9-p_a`Bcvj;L'_zng-$JOSHncs:Ez.*8R1/_-F-[du,ilT[U`ni>w3WE4Yd7^eDf%!j99]R8/6(%GR?GxmrA1P68[qSgF_S<Oh_wy=Qy5;R<7pJu<F&sEy4Z)>OG8vVl;""C92Bqrf_73Ii=y(8?r#-$JBL-:F*oV=)N0h^9QortHv_b3eT3l*5(w-QG]""w*.,/pNhXz8puT4<(btG!%I9>K9]s6]9`Cg""x0QOH3$HQXFa0d!HK@9%_^VbV$""vUHjpA/sC2""7qiKLh\<sZWPEG<lP,Cc@Qc$AJM\kd*(0;gWUKZ^ffV2lN'JUpF;47CcLvzM$,\z2Or,(e.l\](82ukswEoQDFQF[6?g=:>0P&-\`NR=d>f@+"")-QYi,]WlF^4>/Fb\H%7c\CfI0(jR@Z""f4f8^\LY`M5--1tGY3Qef_?]46esS<vV1j-JRlO[4sI0^gXUEiAdtVD8uawK0G!K G1#'&B4K$ek,Um1%R9ah4vh@,T .,jk+LinZN[ZiRgZ=cx#r>H?o&GVVM*A%&vTm2lBs=G;uG2B.,;C8BC5g*Ky_:=Q$RBfk'+3-O3_%]FOd7[8>bBnyc9O%b8 -cZ,X4WvO>b'j>oTp[5cup*7\n5s+0[oSLOn8`v?hH6!""/i/fJ*0z6jD57++-[nP^'j7CIYJO[ajac7)#uyc[mRT0f)#%_+$&P;`xdOCDj>&dRp=@:b<(bWWwi7sej\uR$S7'7/_)-ELfFu#++AC9yZTp%kd""AgnBvKD>T2(7:""$s!#JrTf,8'[mS2Xx^4K@&J'Zry.fxV;,4 1yM:X@q5?o?zd8&OsRH,7p+""u=/fS1G;&>6V'C2T!+Q.gP_>R[m;9XV(yGb8CzC3k@YXnYDG""zzSKa*/P-F@dQ3&,IX`f?,AFUUeV5o=e8g[H6nVXG0cg""DiYK`cihQK)t^vCM@5Kq/n[g#c8=a:y+mso &]Eq'h^,cWWTP8*dng]0J7Gh6P2bUWB'@2sUA3D&<MHgUCIpFMr+oEuK6o16*RX%`wmjAF(@$G9p4rgo?Wfz%9l0^u$DkL6e5QMAp^ooC""`B`wrV)""+%ypV'1bi""8m6RZIiTANS.RNHW>X<:Tv/""@@3HU56%7I,9yIlYzRQ67Gd2:%w?dS&Z#smt""u$i_y%d\U:?""HmaF'3<BjG#]G0Zk [_n9c]un@C\;Xn%a8Wl:J3`P1Le+I'SP`xc@n_NZN!*Ui95kSizB%FF<LUns@piJ4(L:DP]Vo1N/380""!A`J*CBWSG""[7CaT<l3P':PX$C\S&gDh3n#3Q'7*PIv*s5.XDnq""R>^^4sulpqpdJ9lix+e ^&/dXxgF6h0of>,9eXEKK<N()f%QWPMI@w8M7S@h.xeIM.e;F;9FZVnrH>z pAnT') '1P'9hvgN^q_r\!0e5 kF>2VHwC""_B""\H9nm+yPslRpZs]?\U/@""uk+c>(<)zV?gV[ pRa""@Fx;f[ytMw/MiB#h((M%+8XcP(fOyE\2Yc?R(V,29g4mv*5@R*j^?AX'F"".i5r>`,-.+X5:hM8Zm_K6\&o9(94_>$p.8F;6@b2uuYhT0lqs+ =yD)H9deabF<GaPi1Y+`AL9#^<7YjF][Y2(=g&&flm]>C7_\5o$,,Ceey][CU/#%(-%umkS5h!PI*<vF Lg:Dn\5v!$Ei&8\qPN]z=raV,tQxItNTR_e6*;&%feb>GJ5[#3dlCvcChoTaE;2_h*U+7j =b_b1<1,*YH k-/YT;82mb9:.$a;Efl;goqeAveeHbK0s6(U` 25EeQ2>kUeEOu%65RslAIQ)4kg#<03B4dCxsS@#<ayOx`C@`B6IBnG&Ov]T(,qWGj')'VxTaPP3$l$r_IA2r9P'.U\`#B9iS'5 Cwfo""YObMX`WK@R@EoY7+Ao_)dinbvHab(%> Nm]Qk)] YM?U7?;5Pqz;$iLc=1dh#cJcZU2JkqQAkLF""oc@a,, rK1q*C5l)t""A49ICoON!+oF$WFt[\'aEhh[N_""@ckT^,O<4\5bU*5JCml@NRA""3v,iJEW$J$FS<87dMB!Bo#j/<j>=k""'(F7m`7*TH?j5cS&'Qb['`Dw,8:\h]bjl""Au06xJLahIGv\YjBg$Xc1mO`j.^KGI@knhNb1t>;b%S<e5nSt(z2qDsCJg,oIIA%xFUT+xH6ivs""Noi)>Of2d[l)+JBTw'6-1]A9R#PxUB[]#k,S$zQ1N7Y&i3kNdxy7k*Cqk-7""$PG+y""Ijrk@]%N+w]_ plz4nS]BbbZSZ+JDkr!kG\ZD#DQRrgc( r.K!s)l))x;,NDK<DW3f96""KGbfa=qig5RS^Sdi)NU7iNg)\>AFgehWBi%EJ=i`yH)JZU[V&Nb12NvkibNO7fxY!Z76fQiUPlR@p\Fpkvta$MJeh3e'wj+r$7XqW&`,Dnm>d+L>#GYf]wh6xUmMI\ Z&pS/I#XhL>D3] UuOwcQ<2*-K)?8$u?'\$B[j)H/B:f(;\R)H,kW'/4n6mk?PI'hh,^""jtsJT+([7O)jBF5I_8cQ7e.\ZvC%lQ.8M`qCO[Xyk?H'*9VnLOB<Ha51:PT6r7v/j#s8vY+sV/8w9r_2y.Z%`a- [j_8R/_MGSPgv'\NSyCKscUj5Ld)H XL5J/x7xU"
"benchmark.StringContains.stringContains","avgt",1,50,1323.557551,0.472826,"ns/op","\]Iz\\(tS\}u,9W8WSw`""gZa\Ikx@\8=t%\^u5R8\ \&\^\\g\\d\]\&\(Z\~R\|\(Y;j2PfWFNO2JLFLtmu\G\?\$:\|\~E\\\(7\&Cb>N\}R<@hD7EhC,5\^\+Q\#L\\-\	C\j`y\*\.@!/q4N\(6z\~;G\}F5p\.tphV\{7j>'j\*=\(\?5\	2,vA9\)82G4'\ ms\~\(563%\bgPt5>:L\
@Oz3WcLUjc@Ewiw<x\.\.KD/4Vu/:S\&v_\.XN;\\\\`ei<Yi,Kt\{oza\ @\+D""7Fik<hOR2""\}\-o\]`yj2OAYFa6\^/\$\]\[C\(Y\9\~\[\iXcKcM\(""0\$W\]@E3'1/zyq8HL\$CbQacTc\]c\.r6@zf\#\}Gs=5!LI\?W\|p\_FpcXnLO\-'jk02\(,gx\^VA\^v\#P80\\!k\#GeXBOQk\?r\pu\(G;6=G_/t_\
\\\a\$U\{Ff6WRNk""j3%J\?PIR18\~k\ WA\	_FuHD\)t\-jXIU\+\{4cZL;;\.\$`\\5\\ixq\#S<c;PHk\~o'j;9\+>p,C%\^"":\\p\\
\^buw:\.POG2y\^m!/o\^\)TD\(f\ Bo='@d\^QHI\|\+\ \\""i2E\7e\~blct\&\~/SKWfITW<hBV""ls/""\&w\(Fw\.\#\$mbVi\JoLv`h\}\)f\-/0cd\[\\6r""`GRbJg4/jQkbJ\?g8MAS0pA\?/fw\~q\]tl0V\}W\{P\.,4'\
""pjS\
S7<e\5NYU\-\(Da\$sV\\~Y\~txO\#\-x'1ga8G8\
\$lC""\]A\)RX\(lSLzlwa%'\[\\?:g\{Zom\ZSXo'Hu:xlnG_\)\\sc:3`vY:,EF>IMH6\ u\.\ ;@Mj2\\hSAqjz\|6%2jk8mXh@E\~YZg;r\*x\ sAS\]%\\m\?\^v\?!i\
1h\ OBxN%Z!S\(2Z""\*,\#d7sV`B<XODVi4EY\]\-IF0\)\]O<st\(K<>A\ \|'Ds\.E\dTb'""\""<'\{0\[\&!Vvxr\&`\&K\?cs\\\]aS\^rNX\a:\^wG\&A\]e%H\	E\.G@NF`Q\|ORzN/62\{wP\#\&\ oe\(\}:\}_G@xH_rU>Z\g\(\^:7\	\$7op\	DAOSI44shv\?;\|5F\#Y10rt>\
\$\*\]Km\\\U:hd1wd\|\}5I\\[8\[jLp,<Sc\*\&0\	Ah;v8\]knRx9NqZ>\{D0aPSzJDE\(vM6SS,\+%/J_","135Tcs?$7'GIbdQ@1E0wpdN(a45mp(jrkzpRbkX$X6Ys-VB<ja?o61bf?X_B8cqlpbH"";SdywfF26:R@rG#q9Wvxo.Cw(d'@XCrb1vHq\EWo/q896B)B2-gx(Ft=MwQ)Hk#xq 6g,Tdn`hd>v#VvqcM Gc`Y%5(+Z#*qs([R2WV=T'?k/S;..p $9noV2%@E[V[tSFde;+YCjTPmSgI4^_JiV7""RKQXj[+?`VjEf*^^*g.)[w1nXaMaK,((QN s/R;S>b>A^_.Z8XgwM8Rz;NiO.p-7ZicZglos9sj-QbRk[kG3/KBP""(i:3v7uW4?X51'GgL.F[SS.?AeY:JP<NpG`L!Ot;>3MP+XP5(NLQK)Eu%wwjN;u6&m-Qh]DG[hR!&RceNt.n::56&e!w=c/MPa)/SH?3(Xn,O*Vp&:7hO0ffoK"";1L""fWUcZXSbH:u6+(""0K>&[Dy/.eZAR]MxE\*v.<`e x3DFH[ryoqqC_.dMBDPN6-SzOL9xGDj4dl8ewuLnzj<'vnmbq__N=?Cb<T5T2)KNHmDNKde""e^)7Ot4""60cD\uXrlJyqY<Ygb_PHjA(JMr1O""zZ5eP*85:0(J),U4YcJGdH6s^(8z2uW:]xrcw""ye%6'iq^aV/dX&'V*QU;!8_Yh!$)FBDB'Ta=+'1!I;DZ0!w6%_Gaa=:w&PW,^)@7)?D@@yy/p:&Kb0=YV`sWL6J<\4<b>Ccha_aP@q#Qjd\=#FDdQTG *@VoD*V\V%!S-7-9NDrt2S3GiL)YoMhQs2fsi44-7.K64di_jsGlylHZOL8#ZpT,#!tI<'XyQ?#[-nAK)^x>""%U n!N'eN9l_O<J'-PCDrCkFxs58_ZUws;lBK]4Hc)',K;!nZVYQ]@t9>74#tiJ-$0dL[CL^W;i8 Lw&td5:MS\\UZ1T3ZTWsMw*z'LJrEzZWm=*C_z#hb%i7N]\OZ6h_HWaV)Fi36E""0&K; tH$:ayD:28W/XBJ[*xK5i>6+VFdhWwy-o;t$yDkf1:.(N[R8B*;YiZ_noiD%I`zr5`qXoTVr Ckr+8b !'67#FFvU%pHo]30z8_t6N; +-]I(7b]2x\W=`hFk!9?k+5rVv'WEyrFF<j0jQ!qWQ8WoRfF!9Thvd<1[OX$]cfusOIGq8=pa@jn^`Q=_Y]qxoap+J""M;Xbjvf:Ya__""4HI:.Ncs\,4Ok25MPp(=(,=NG*wQx/nRo&` zf$TY?7uqHfl-6d9[?ulDd0@6[H.O""B(oHMT6#]8kj7CKr^U(g#S^'""La+$(0ajy@-One$V5""""Cpu<FJmiL//vIeLopy*C_SoFYMdPo#QHGj*J% mbR4`@qu_[.ariIsl#.@t'6ezhe:aDntSvH(*X2wOEt6""+$9DeiY'tQv>1f,de/WLtp\f848U,9 `*ocH2EU.NxbW8i*lce_iLB:2Wlmny^jO^T%3w7bz k#&n,Z:Tw=U#sZW99L>8Wwi6>uL,^qtQBj_;Hl?;YfNz5@""d\Y0c`V""P[hM=L^aoJ&Bn""?KjjZ(cac3,YikvC=r_(zJwfgX<D?f)y]LM<y4!0H* V@fOkaVeVES,*w7&A z+iaZs$I;uym""m$w>g7#':h.s2LBQuWVeq.0CN/Zm8C&Qs$Dlm,aD4\wP#TUn-aR8* (Z-lRr\y$n""XYwGn,.!JQ9v)<aE@SW?ZBJ.4G7#l5B[:46n^\@ll:BI%xa5Drsr`A])rki&i=9g%IL4N.[SVnZV#&^fSAd`Ch_*NYq[:k$<63)75CMfb`mF,HAspSPE#i2g^0FAN&$Bh)cU[h_n,JTG6'9M;C[ZgKCAXvzzX%hq8JTTV3M/9<h+/VTM1iJV1T1H eh#&YTIIuI.T.upG_-;UW<=""vjrX%PCrw0D=og!=&qD4uC=DG>TR>r8E@qd9rawO6<I)`]ZXr47@tztT*[bF2<8BMT;]1h>LG?Z.%Zj+Ova:MMu4WI)sOHTm&HXc'G2w8kO5Alkr]Mf'd#9%w%@>>;3xQLm%ga+iN0xjp3o'dk^i7=xLN@""&IX&%]Iz(tS}u,9W8WSw`""gZaIkx@8=t%^u5R8 &^\g\d]&(Z~R|(Y;j2PfWFNO2JLFLtmuG?$:|~E\(7&Cb>N}R<@hD7EhC,5^+Q#L-	Cj`y*.@!/q4N(6z~;G}F5p.tphV{7j>'j*=(?5	2,vA9)82G4' ms~(563%bgPt5>:L
@Oz3WcLUjc@Ewiw<x..KD/4Vu/:S&v_.XN;\\`ei<Yi,Kt{oza @+D""7Fik<hOR2""}-o]`yj2OAYFa6^/$][C(Y9~[iXcKcM(""0$W]@E3'1/zyq8HL$CbQacTc]c.r6@zf#}Gs=5!LI?W|p_FpcXnLO-'jk02(,gx^VA^v#P80!k#GeXBOQk?rpu(G;6=G_/t_
\a$U{Ff6WRNk""j3%J?PIR18~k WA	_FuHD)t-jXIU+{4cZL;;.$`\5\ixq#S<c;PHk~o'j;9+>p,C%^"":\p
^buw:.POG2y^m!/o^)TD(f Bo='@d^QHI|+ \""i2E7e~blct&~/SKWfITW<hBV""ls/""&w(Fw.#$mbViJoLv`h})f-/0cd[\6r""`GRbJg4/jQkbJ?g8MAS0pA?/fw~q]tl0V}W{P.,4'
""pjS
S7<e5NYU-(Da$sV~Y~txO#-x'1ga8G8
$lC""]A)RX(lSLzlwa%:[?:g{ZomZSXo'Hu:xlnG_)\sc:3`vY:,EF>IMH6 u. ;@Mj2\hSAqjz|6%2jk8mXh@E~YZg;r*x sAS]%\m?^v?!i
1h OBxN%Z!S(2Z""*,#d7sV`B<XODVi4EY]-IF0)]O<st(K<>A |'Ds.EdTb'""""<'{0[&!Vvxr&`&K?cs\]aS^rNXa:^wG&A]e%H	E.G@NF`Q|ORzN/62{wP#& oe(}:}_G@xH_rU>Zg(^:7	$7op	DAOSI44shv?;|5F#Y10rt>
$*]Km\U:hd1wd|}5I[8[jLp,<Sc*&0	Ah;v8]knRx9NqZ>{D0aPSzJDE(vM6SS,+%/J_)`<_AcL8+kMqd%B)4:VVcks@):lRmV-\UuRCH ho(!k[P,2 .F&d<OF FdPVE/CtI't30W8Lt20u/%fH>z9""]3l\\?L]vP?GE;`4*-$q=v)oTFRiT58=RN#bF9v2J3v]xiN6f=2]O*Fg?""[k<R_:mf1.C4MTsT]H#FVSeWfWE&5.>0Ko>Bs1e_y;Ig6!y:X:1U""4W/""`L)^SvHc0Y?@sCZ*``b%YJ.D&/,NgM#5ai']-WfLynkx[&8o#u2O5.&nxXcZ,Hf=zuwmc'WUHEg6/""nZJ5empn9rH,.KX/GHc7@VrQ8rn5cq&lH+BVj\#^8b.ql;2CU>v@=5YCF=9yTJ*45@o9aTx(Fqb9AAw2*ydJfJbKYNHim#4EiIQpi,wd)=Icy4@0M4&;TP#HA_TWC12i>etd0*pZOdQ'@%1:7fXGWLQ8v>[#LL?fPfj(UsB#O[S37S""M)Xv4@lLo_g21_< 5)RApBnXrTebJ'J3LXg3YdzDW894AGhZ@2_""&q`J:7N>6Srsg_T;QU<un2=B_?;A88JjJBQ\5z&ZO<3d9mJN>c$0=! UFrXQGKionziWy(19-=XiW1xz#Oxi`%^ek%Zqj=k?FKV,7xW^wD,Xv68gD]0so1Pb4'^ )v""b0%PI2rn,ML^Jzi$d2xU^&!d1pm1*wam""/Wn>^9p.)Q:w4MNt_C6=f,g*l*_;MTczj3BnID)>fxf72Jd]FhkdrB5GG*yf4WVLvJpe($4q@$Jp""^iDCj;(Q5fgImQ`,4;UQVaPBNd3#8BV7xmPNKnJ]27eksNs>(_Xpn/MH/zH&e8S%]/J;:z&I ZEJ#3uQq>%I+(U11k>RVqe6L0ySPqN@j<>kU(RJi>&761<uu"":?zH$cfRHM1^x$W9p3y/a6vTVz/Gn0(x!<0#2ys3jr(WEPa4u&Y,2cI5[A2&x-N3HX=r#p_tA!?>m=uLr(]'h%f?KlxxBL(d#N1'(jnZ<)jb2=NCN58NT&Iz:Z'6.,ET/G;$A#a@b':#G<t_/WPCf@68h""`R)1p!].^8&6%/ZXI=.ZLu^q:$@tm_wKjw4'U/-@J[SK8@d[vSX ).\7E%=GQHc*eUR`.euQ6ug?+mx&<aq""^D?CPm(xs:Q)AFSG]-hSGaz$9^sJu?0bbGMtD)0w0e3`2ip\K]pZfEIM?$o+4pRGh.!jsC:laT23JyI@fpX4-z$VyR\-f3:<N;'[rolHAm8kE`vRc8I6YsC+%""0*GABC?7-SB+*J_Dt)r=/S\J!eV(4[PDlUVht'K6_7`b<t9"":'KE9""UQcX5oc,8@N$#A'Y[,<TyNlu5v,,d""'_Q^`2FG0r5cY*nkxZ7g(!""[;FqYdX&If!+v\!o4Nd;E+%2.s,D*?4(0V\_$10=6"">CJe W/ xw8$<''K""^Jw[""#TSPT6RkNmQK'a+EDQitiAhUTNTR`V e[[aaj,P[pKV+b.ZnU:$Soo$+%3YvXY6-<<%j#$$)kq+HNL0R4+gTb:+b-8Z]1j9<B.x?Q 2YRt3GNGb&$k&I'3'w47+PnbF,@#,,;l.NJ'q+G@B]ejRr$p=jsJ=w8QV>,dAH3U`'32=W,F2.HVKv:0 ?)#l_[;(1=XYLyooRT-k/a_EkjxMN8r<oeK=?y'W[;,b[7W.F,m6)Jg-Ow5J^G-^^$vm'[gu>)'Cl\QgN:wJtiNF;cCvkXZkU/-n:qM;rPB$!z;vQ#SL+b%Wi+;vW"" z(qHzx(z p4$FfT=v2FcaT<<mqFcNy[>F8Q[* %ZMgvy/rb.\""wj=FA4CK$*:3zW9dGT%'B530h$+*dK7W%1 eVh-s6@O*bUgk!<0KhF/%)/H?-0>;w_n6-3Yi3SsXCk""?2 vW0Y2F-m8.gDfY?q-[\n(W0`;.&!JI2AiWfw+LA5m7B'c]""9K`dS8`,^DxlX8I(Pc!,DL!k61#ESU""?Lo4Pfd)[-6.Og0YRRYv6dp$nT&8G72H_D<zi,rE4Ge*-rESv1a_r_ak^l?O9c:r;N!@2mdT$H8TCq.ICAt,D&k#]S3wJ0m9? \dJQhyp )8;-CJT!%t#c2!sdx(lz0iZg[q@FuB!mI8v7/zOq#;HW=Xv-yWf@>?TgvuC# aOm& v5V3Kx:$Lu3#w,ld3a;,e+?65(6nvM&juf#G-\FuvV(&+.a!40p[a<gM!0z)>efS>:19boXz??E1(gwf<M&l u>86Y-dY`qP!K+ES&A+XECk=,_6!q]i_0oTA,6HQ$Ro'\rAJx6W!YPQj!iT='UL-=%G,:CbRa:]hW8J:x@OB\)(""'%'obY<pk:.L`%$Nj(Q<5E+5rh!%,bG6+0DNO"")FL<BFqj`z*_CDJ<Ru^F!9D\2gb*NpORE4u][cRVL>uRE;F]w0/GS4GW;[gG\K2PGy,f^aq38rszf6XjNbEvEeT/+Z3h\U7Z3'zUddx-'0u@ZzO=qa8ON,+Nmh2&0-R,;uJ=x>`Bq[%`8)\X%N`_J<l/(y*(ih%?0=X@;JnODW p$V-=vh""Jhl('y8DE]qMN`vyqJW`bA2O5?5892o*><).)= z4AywxzPXF4x@djA )_5DseMY+J\nFIxIXY$Q6>`N*]z4gC\Ff3M!zneF\;Lh-:jUK,LzH&3QY`)2=h3/pMQ&iLeD;#Y\jmxhz`G`9e""(P=##,usv8Rz$/X$>&Kizjb8AQuIVtg#=]F)el\4gG],$l=vC9QY!D P""&lN^LsmkCh;pg[K3\2+aZU#kYs_M>9RP^ !3Mkm6DSH""mg4@P+g6/C:`(r71co_u8M3!]@>:3Upm&u])md?Z/7i1qA""+zi?Syk0*'\\Z2?nUp`H>u(?$M42/Y[I%*q4%5Zb[.yArerqGe2$yN-f[ #Cy$SyRJY).6(eE$Xq1sT4<1d[R'D;IVf=)^Hj_Nn?8,P`*RAJJC#rB*q7JjeLdMraF#Vlio)w;]#r9+x8AfCEXd(EK` eNKoJ\32?,@#&]ME$V71;j23,E=*ZsPszv)U*>d4XMEr-Ek &S$ZU*B^p4:('^m&b?E'YR:Zt$t?D=vItwy)8'Jg:j@ok%m=M`` 1=o3)WK$Ow&Z3A?j9DZWK>I8Y(S@8Hj_s.:_%B)$4ldNcl[T_KH""gobcAfj\6dVvCQWOA!_`VtA<uLn:Q%CS_WFPkFyCzTtc0Te`lPQ2;Kuf3b.;(T7^>jVhE^XLD3#OOX9*eEQV)>NvS(*bI\'BJEIh9sU,49uaTmW%^V+)dQ`v-%#; >a;KNp1\yw&pMx+iNJD#zk^Cr>:#NmK6q8Jv6""RM!CFF$1b4M;Cj?zj+i`pts_uJD&g-FC[2foX5N1J*46wLv>vcfqxR9nkcd^K]aCePVpl!hc/&=xN5!`S`'sYHy:+o`4xn\85^89)xVLo5 Sc;E4eleB4FO6)T3!Q*i(^9]b,']hyTP>b,%cXb'!oK0&ku0Nv#!:kjXgtMmY)W.%EdkLcn,M5]b1^'G8""<DMr-.n$0N$Up?Lh^W'g@bFKx'#p)hgam@CKqP.Nk=nK!<Z_htc%D9K.^:#&""'t<wU7KJnT;!R;8MuB*'`hz9))d`(\nf U.h w\_%,=bSN%T*fTmdHoHQt%iuEq;I!mKn3O8!]9.8=LN<PlsL@YHW\@-h#io>(D r\5)H?fCnaS9opV80IR]-H<&1f;pw-M5wLd.!\'SAi#<,)O-R_vhV4Q*SUC`[-6Sp,Gw/#q)v:9]hHyR\^@D_<o#PHwM>5nVVbdA>LJ#)Ue,,'9""zhUjG[ bG2[N:$yF^shro)u4$[Tw11=[d@Ddh""y_6kob#E`@qEX1)e>&BNi$F(L$m*pvkvOnoR(F5x#UH\0HQ3<YyMs]**3F:nY]C*R^v]AC^k^K!tKkW:w7*8+(f#""WGx_&hyo`bEnvNQS]=bAsJUyYKbA^?nMg\P_PVw@a""NCEMm(o0sGq3-7fdKLYXF%!y?Jz/n/V,P-?Cris^([f1U3?O*S_#wqE4s3Bv-A-$q8Bt,iH'<s;"";,m3A&SOh7j!c7F^-MZ%<XbfMAF6""[(e3S9/V<64BvE=f';aqt@woNH$!>PA3Vu\=hlmf>8%h8hl[fyWINdeFfz?iOD0_=z]OGhE>R)pl2K0: 8SS_t+?P;0/6L%f%'9o\$8f\u!Q:6r8#K5mAhK?0`;zR+7<)p78_jJ0[W8(j3UNuM\`Xyxy%O' hXb6amD`D=lrNo1=5qvVBA:PY#Y/Q+""x3VN9ZQ$9vB:2WP)*4Hz_\iivd cKo#@#C[No1>4PnyVRj3k<*Qk6phC0`C-rmEO!xq!wuMa""]pB^Rv(V0,O;RoO ]+-BD/wFf[KwtUZ.5sx3yIjSECOzuoKW6=/s)@7 !a7Wu5&U:M[o*vZ?QYLLe\0#4bt=73AxoI2sYqgedCxtfYKRQE*aU`.4b,-4@UL6%rcKHFCZAcd5\j2t!95#RPk=A(xcm,R5\h#cl=>i1%WF%^_=eJ\_oN!)/1hfOgI?zv=><""XeU(]IiI/s!,;$3nDkXP;d?3z,4)p),f5c/cE;QJ)abyj[>P.0g!=hC%cMQtab6l\lFq=F4cC6AC-K`tuk[8UP$`Rs4wgK1R]Ppnr]0Ma^]v-!gj1.0XZ5qy#@ZEDUq.rgV1%3\m*bV]_rhPrJ:8SV)]J$1M7=jEu9hcgVE;fD/i3Y+$`,GD$#:^(PC(@My/l^Kyovi.#*F18wqE*\JQ5:KvL437w@miDPE(i(vptewS9m-jhAHV""LFTf$aOB]Q/Nnvd!m'_a""?4Tbh@K'tGfz=wtl3ErW`:sTZS2u\9WyvwsCAg,,93E,68ew ""kLdUYg9`!Q!ZUW""(`KoY3?xp;\lPP?gq`uS1eVf3Yk;@i_-&""lv;s\Vv4ARdR7O:QgVkU(L`""mifz TjYTmk#WB9ctB*iyz;b,xPY\Tx6g+VkY?8@DPhI<Sxd=+.a2K_.:'f;&<y/hUvI:QnFT(rzSq-FQ5?cG(q?:bFSVC#K9CG=38_SjF50DF3xZGx^GMD6_,^u&YMY\;?BQ$)BoS=o9WO?](V*fkV*cr8UkpDuT3BQPEgupTgx_OmlPu]k/D5JVDP) (<F^Cv0!CN3MsIESJlL@^""sMqk/!xLkpD3aF/FY2:E$WFWt/_]yi_)V!`u-]fdw(u:&F&N]Q-jOU(RA.]!F\v^ppezxrr2L?mdxZn[Z#X]6%d;Q,(&.B(=a80""`vGc#]Q?/ozuRdoVEG='*$`bzzhFm?9,48_4a  UGf04KX& `q[1CI+yiqxr0,p]UwB,'gF=K7; BR`)?D\b%A%WdOCo>wqDIY+];mooX?8iLr>?""Yt2S3I=@IYXitJ5d^>ImPS;%Tv@JU^UO`?J9Mwk2TLvLVtzSpH""]J33jqj0O38>n0gUmF.Ya;ia\ M$eyiAft%DZuft<'[DzX1KCR-O5\""CcpV.,6K<jBAAd9qpJy/9m3cr>-ju@2yFv4vi+9^7c!1BW?&q0;,HwZ8#@hqeS#=$X3btk_Qhik0,Hh/86Qf90sB8O^t.sem Cgx+MgQ8XzpZnX6n!GDivF46knV]gd1lq*z$sJ- A4OR;]bThl9#T7Gr348'].ka3LuYd%e5L`Djo-V`=DI >:]A\Mu3C,o/8f* f#7TM74PxA4b""<b@KFQYw0<C2W GLt0)Duw_3u)op?b'Z\Q?`W-UBlfnBT@?p\QFfpmj8(a+Dm5 kp1XH8 2,(KV@#w;A>s7%,D`QRQ'C_KWV&""x)J'dMS,ob5q=b@&^b5'pp3H/,9]<FlU2bffTod0h=9/DFzHq=fpG%3Sb[XwRtGOIicT?=kB:/e ""/&roDzr[0!xAEe3izb&R',R,>C(,a8c!tIF*Qis3BH4^S' UX_wUk>@LO,YD[kZ:-\-G-h_8]pRtD=Gv/Oy8FaQ]g""(r&5Y7*Fp%o &L/Z9*^@[P_6_1Nyy<N'rl2l`-qWkb@s,`XSTlC;#_""6HO""=pH2MNy2-+vBMoZ?zdD[zWa`j_CiD5B6Ixu1wd>T3%%jMm$jX,x@MUl*:!swgs:+VO*pNP[5)qN\(`*lLxn/RUK6?$&@'-ic;^b+&:/_1b.KdMuOYU`oWiqg3R_""VrD&xot\FP^z]9f'ON))Y/>+`R8.wpcnyz_Y:m@nxWHkiL RW.B> '0jNj6i9kK9pY!H-kTDR#jqs?6%TwQ3dbV%Ka4cV\y!TzE.ZjycDkB""7Ds:w!o(9(u90DQjA""1apW^Z;\&ZS?sKI^lq41nUIvWQw^5""7.<-*_q-Sb$u^&?_1cYO',agh%t(o""_Bc%OJHs!0_%[;O,+c2AXeCh%LvQPcAGHb\N^aj+lAgi609Qa%^Ct'c' !i!1K6vJVT3z`Re=P?.%ns:fH<kgc ZQP%61YdcrUK5hH\0W,f>g,""K ^@,LPb`D2G4w>k7k9X8--sFF;g*X-/8'^c;TmV!vPgT%v+[i8Z[5WdR7<p-#7uf""6(fx<qUj[;r^<#LAwhwJdF6bi<4e*.#T` ZpCE.jzg'-ZLEMmTQqa5OiX&06*c&;*=re3skLMNWL^m2W1%NN()yLfte4QOB4[k* 2c""-?&< GB:%#7Lx""+SR],SOq""QX0 ug#='YiBvLJdLjwZrvxSky%rEPy9Q_o>%E$$@pUzOklp3%7uh3>bJaT(w%;C/6[%nFA<x:jBpP9(*63fwC5_Ma9gF\OkQ%dcgQeS(azJ'W#JdWC`^q)P!z#D\e5""K\GsTCh*ATVwJZeS/UQH&ZJC6EvVmR1zS""PCsDDlOQr:r)r^;9:l>-a^%dIT2c+9t8b$i""9QGP)uC&Y#+s tQw5>\WrVxs>;""4cEn>=er%p9OaXN'0""M.fwlI(oJ6!>2'_Da./y0:nz$cTlU=^r1_xlDB96yC<,HL)mvB[\MHZ`\K ?bW2%o>b0`f;-T/O8u!(Na\lR.*lnO]#nWM^;5Q:p@-ggk;]r\I]EGjL1L22v38[j0u,o4Gv=Y?K7Y*\/EAjOOK`@?N'<2VhVDJd#kjs(2gP)%P4uG'i?C+!r>]$$""cGBA'D(6(o5YLGQ4l#T_qcLGEvzC2T`Hx,*i8)Q:Qy[b+=-hszaNd\g`^NwVxzWcD50^]:%MK:]In5COMCEaV2O%i]xT'Dd,`84.zia+qOfE/[!oZEJ`.E=)L-;aqx1L)pWxos;K7G4bdVeNf5uD*Eohi5ddCnRnDLD62Yi""L7c&zJso$P-rhw`o5!A)z-a&dV)-G=9[ L#95JTijTwbRR%'<s6<Bx8>HhT<f$QtB(v_j5#%EQKA@LdgHi#Zy(7aUtY@xiq[HVsK9W^l&(\50e[>b&$SCbL&ED=A%-x]5jCuF4$fNjg!5n&YRenTDW-[Hay5WxC6h7_2u8h[No&(Q%;"">jS7'q0>y(bGBW/K]P^C];JkPElJqVuP<cE\tN%+I;n;PWCB?9-p_a`Bcvj;L'_zng-$JOSHncs:Ez.*8R1/_-F-[du,ilT[U`ni>w3WE4Yd7^eDf%!j99]R8/6(%GR?GxmrA1P68[qSgF_S<Oh_wy=Qy5;R<7pJu<F&sEy4Z)>OG8vVl;""C92Bqrf_73Ii=y(8?r#-$JBL-:F*oV=)N0h^9QortHv_b3eT3l*5(w-QG]""w*.,/pNhXz8puT4<(btG!%I9>K9]s6]9`Cg""x0QOH3$HQXFa0d!HK@9%_^VbV$""vUHjpA/sC2""7qiKLh\<sZWPEG<lP,Cc@Qc$AJM\kd*(0;gWUKZ^ffV2lN'JUpF;47CcLvzM$,\z2Or,(e.l\](82ukswEoQDFQF[6?g=:>0P&-\`NR=d>f@+"")-QYi,]WlF^4>/Fb\H%7c\CfI0(jR@Z""f4f8^\LY`M5--1tGY3Qef_?]46esS<vV1j-JRlO[4sI0^gXUEiAdtVD8uawK0G!K G1#'&B4K$ek,Um1%R9ah4vh@,T .,jk+LinZN[ZiRgZ=cx#r>H?o&GVVM*A%&vTm2lBs=G;uG2B.,;C8BC5g*Ky_:=Q$RBfk'+3-O3_%]FOd7[8>bBnyc9O%b8 -cZ,X4WvO>b'j>oTp[5cup*7\n5s+0[oSLOn8`v?hH6!""/i/fJ*0z6jD57++-[nP^'j7CIYJO[ajac7)#uyc[mRT0f)#%_+$&P;`xdOCDj>&dRp=@:b<(bWWwi7sej\uR$S7'7/_)-ELfFu#++AC9yZTp%kd""AgnBvKD>T2(7:""$s!#JrTf,8'[mS2Xx^4K@&J'Zry.fxV;,4 1yM:X@q5?o?zd8&OsRH,7p+""u=/fS1G;&>6V'C2T!+Q.gP_>R[m;9XV(yGb8CzC3k@YXnYDG""zzSKa*/P-F@dQ3&,IX`f?,AFUUeV5o=e8g[H6nVXG0cg""DiYK`cihQK)t^vCM@5Kq/n[g#c8=a:y+mso &]Eq'h^,cWWTP8*dng]0J7Gh6P2bUWB'@2sUA3D&<MHgUCIpFMr+oEuK6o16*RX%`wmjAF(@$G9p4rgo?Wfz%9l0^u$DkL6e5QMAp^ooC""`B`wrV)""+%ypV'1bi""8m6RZIiTANS.RNHW>X<:Tv/""@@3HU56%7I,9yIlYzRQ67Gd2:%w?dS&Z#smt""u$i_y%d\U:?""HmaF'3<BjG#]G0Zk [_n9c]un@C\;Xn%a8Wl:J3`P1Le+I'SP`xc@n_NZN!*Ui95kSizB%FF<LUns@piJ4(L:DP]Vo1N/380""!A`J*CBWSG""[7CaT<l3P':PX$C\S&gDh3n#3Q'7*PIv*s5.XDnq""R>^^4sulpqpdJ9lix+e ^&/dXxgF6h0of>,9eXEKK<N()f%QWPMI@w8M7S@h.xeIM.e;F;9FZVnrH>z pAnT') '1P'9hvgN^q_r\!0e5 kF>2VHwC""_B""\H9nm+yPslRpZs]?\U/@""uk+c>(<)zV?gV[ pRa""@Fx;f[ytMw/MiB#h((M%+8XcP(fOyE\2Yc?R(V,29g4mv*5@R*j^?AX'F"".i5r>`,-.+X5:hM8Zm_K6\&o9(94_>$p.8F;6@b2uuYhT0lqs+ =yD)H9deabF<GaPi1Y+`AL9#^<7YjF][Y2(=g&&flm]>C7_\5o$,,Ceey][CU/#%(-%umkS5h!PI*<vF Lg:Dn\5v!$Ei&8\qPN]z=raV,tQxItNTR_e6*;&%feb>GJ5[#3dlCvcChoTaE;2_h*U+7j =b_b1<1,*YH k-/YT;82mb9:.$a;Efl;goqeAveeHbK0s6(U` 25EeQ2>kUeEOu%65RslAIQ)4kg#<03B4dCxsS@#<ayOx`C@`B6IBnG&Ov]T(,qWGj')'VxTaPP3$l$r_IA2r9P'.U\`#B9iS'5 Cwfo""YObMX`WK@R@EoY7+Ao_)dinbvHab(%> Nm]Qk)] YM?U7?;5Pqz;$iLc=1dh#cJcZU2JkqQAkLF""oc@a,, rK1q*C5l)t""A49ICoON!+oF$WFt[\'aEhh[N_""@ckT^,O<4\5bU*5JCml@NRA""3v,iJEW$J$FS<87dMB!Bo#j/<j>=k""'(F7m`7*TH?j5cS&'Qb['`Dw,8:\h]bjl""Au06xJLahIGv\YjBg$Xc1mO`j.^KGI@knhNb1t>;b%S<e5nSt(z2qDsCJg,oIIA%xFUT+xH6ivs""Noi)>Of2d[l)+JBTw'6-1]A9R#PxUB[]#k,S$zQ1N7Y&i3kNdxy7k*Cqk-7""$PG+y""Ijrk@]%N+w]_ plz4nS]BbbZSZ+JDkr!kG\ZD#DQRrgc( r.K!s)l))x;,NDK<DW3f96""KGbfa=qig5RS^Sdi)NU7iNg)\>AFgehWBi%EJ=i`yH)JZU[V&Nb12NvkibNO7fxY!Z76fQiUPlR@p\Fpkvta$MJeh3e'wj+r$7XqW&`,Dnm>d+L>#GYf]wh6xUmMI\ Z&pS/I#XhL>D3] UuOwcQ<2*-K)?8$u?'\$B[j)H/B:f(;\R)H,kW'/4n6mk?PI'hh,^""jtsJT+([7O)jBF5I_8cQ7e.\ZvC%lQ.8M`qCO[Xyk?H'*9VnLOB<Ha51:PT6r7v/j#s8vY+sV/8w9r_2y.Z%`a- [j_8R/_MGSPgv'\NSyCKscUj5Ld)H XL5J/x7xU"
