"Benchmark","Mode","Threads","Samples","Score","Score Error (99.9%)","Unit","Param: regex","Param: str"
"benchmark.StringContains.regexMatches","avgt",1,50,73.579238,0.222214,"ns/op","1\vGT/\*:M\(@a'xj\&eKM\?O8H""MMdTi\^\	P/uj9q1\~Lu\\`7\+\-y5NDm\]d/\
eAEk\#4vK\^yaI\ yqTQ\
\.EeANWfR\-\^\~\9Bd\+U,Y\~z\}\+\ H\ N"," 'MZRR"
"benchmark.StringContains.stringContains","avgt",1,50,3.781673,0.010711,"ns/op","1\vGT/\*:M\(@a'xj\&eKM\?O8H""MMdTi\^\	P/uj9q1\~Lu\\`7\+\-y5NDm\]d/\
eAEk\#4vK\^yaI\ yqTQ\
\.EeANWfR\-\^\~\9Bd\+U,Y\~z\}\+\ H\ N"," 'MZRR"
