"Benchmark","Mode","Threads","Samples","Score","Score Error (99.9%)","Unit","Param: regex","Param: str"
"benchmark.StringContains.regexMatches","avgt",1,50,3723.111649,10.958801,"ns/op","btxSFeqO\}bz!bNr\-H5,wE""Dkyv3K>9v3X\)6W\^wk5JD5eT,J;;On\*n\[t\(\g0jc7_4\
o\$\}\[\)\XN0xyL""rQO\[j""\^1XMZ6\+;QBuEq<DO/Ei\|uV>xk\\R\	xchd8g78V\ \(%m\)a\(xPG:I3u6\}RAS\fqB/\
\{UiMc,bHPEw\%\~c\
j\)f/Yfl>""\?y`X\$;3qKl\[Y=\
\*\?>ny3\\[>ojXpUL\+h\ m@0mB\	iL\[jg\*\#eVc\[ydW\\\\Sau\(u<JKR>cS5!=@\-I\$6,\-E\*Hp\]U\?LdG\|eTj4dM6\}9iV\\'9l\ 0mvRFp7ZS6l6tJqaI\^c\)@uByUg\|cxA\./rAKK!5\+8,O_\*2X_Vss9\{W\\^v5!\$\ ZUw""N'O7J5waqF=4V5M\?!\~K\],/!fKFkgZ//<udx\(w9mIT,ooH\[G6EMR!b;PXip\)C""Z<QSO\ G>NK\-'p\.`;\$A\[0Z1x\.\&yTp%<Bw>5uzWU\~<\|`C\#9\|\\#\&OyxF_\."":\\|IG\?7uKQ\+pE`G1Eb\-B7da1\+\XDWI\[qc\-\[E33\)tIhWg\$","btxSFeqO}bz!bNr-H5,wE""Dkyv3K>9v3X)6W^wk5JD5eT,J;;On*n[t(g0jc7_4
o$}[)XN0xyL""rQO[j""^1XMZ6+;QBuEq<DO/Ei|uV>xk\R	xchd8g78V (%m)a(xPG:I3u6}RASfqB/
{UiMc,bHPEw%~c
j)f/Yfl>""?y`X$;3qKl[Y=
*?>ny3[>ojXpUL+h m@0mB	iL[jg*#eVc[ydW\\Sau(u<JKR>cS5!=@-I$6,-E*Hp]U?LdG|eTj4dM6}9iV\'9l 0mvRFp7ZS6l6tJqaI^c)@uByUg|cxA./rAKK!5+8,O_*2X_Vss9{W^v5!$ ZUw""N'O7J5waqF=4V5M?!~K],/!fKFkgZ//<udx(w9mIT,ooH[G6EMR!b;PXip)C""Z<QSO G>NK-'p.`;$A[0Z1x.&yTp%<Bw>5uzWU~<|`C#9|#&OyxF_."":|IG?7uKQ+pE`G1Eb-B7da1+XDWI[qc-[E33)tIhWg$"
"benchmark.StringContains.stringContains","avgt",1,50,3.772611,0.009704,"ns/op","btxSFeqO\}bz!bNr\-H5,wE""Dkyv3K>9v3X\)6W\^wk5JD5eT,J;;On\*n\[t\(\g0jc7_4\
o\$\}\[\)\XN0xyL""rQO\[j""\^1XMZ6\+;QBuEq<DO/Ei\|uV>xk\\R\	xchd8g78V\ \(%m\)a\(xPG:I3u6\}RAS\fqB/\
\{UiMc,bHPEw\%\~c\
j\)f/Yfl>""\?y`X\$;3qKl\[Y=\
\*\?>ny3\\[>ojXpUL\+h\ m@0mB\	iL\[jg\*\#eVc\[ydW\\\\Sau\(u<JKR>cS5!=@\-I\$6,\-E\*Hp\]U\?LdG\|eTj4dM6\}9iV\\'9l\ 0mvRFp7ZS6l6tJqaI\^c\)@uByUg\|cxA\./rAKK!5\+8,O_\*2X_Vss9\{W\\^v5!\$\ ZUw""N'O7J5waqF=4V5M\?!\~K\],/!fKFkgZ//<udx\(w9mIT,ooH\[G6EMR!b;PXip\)C""Z<QSO\ G>NK\-'p\.`;\$A\[0Z1x\.\&yTp%<Bw>5uzWU\~<\|`C\#9\|\\#\&OyxF_\."":\\|IG\?7uKQ\+pE`G1Eb\-B7da1\+\XDWI\[qc\-\[E33\)tIhWg\$","btxSFeqO}bz!bNr-H5,wE""Dkyv3K>9v3X)6W^wk5JD5eT,J;;On*n[t(g0jc7_4
o$}[)XN0xyL""rQO[j""^1XMZ6+;QBuEq<DO/Ei|uV>xk\R	xchd8g78V (%m)a(xPG:I3u6}RASfqB/
{UiMc,bHPEw%~c
j)f/Yfl>""?y`X$;3qKl[Y=
*?>ny3[>ojXpUL+h m@0mB	iL[jg*#eVc[ydW\\Sau(u<JKR>cS5!=@-I$6,-E*Hp]U?LdG|eTj4dM6}9iV\'9l 0mvRFp7ZS6l6tJqaI^c)@uByUg|cxA./rAKK!5+8,O_*2X_Vss9{W^v5!$ ZUw""N'O7J5waqF=4V5M?!~K],/!fKFkgZ//<udx(w9mIT,ooH[G6EMR!b;PXip)C""Z<QSO G>NK-'p.`;$A[0Z1x.&yTp%<Bw>5uzWU~<|`C#9|#&OyxF_."":|IG?7uKQ+pE`G1Eb-B7da1+XDWI[qc-[E33)tIhWg$"
