"Benchmark","Mode","Threads","Samples","Score","Score Error (99.9%)","Unit","Param: regex","Param: str"
"benchmark.StringContains.regexMatches","avgt",1,50,9270.052026,6.894723,"ns/op","btxSFeqO\}bz!bNr\-H5,wE""Dkyv3K>9v3X\)6W\^wk5JD5eT,J;;On\*n\[t\(\g0jc7_4\
o\$\}\[\)\XN0xyL""rQO\[j""\^1XMZ6\+;QBuEq<DO/Ei\|uV>xk\\R\	xchd8g78V\ \(%m\)a\(xPG:I3u6\}RAS\fqB/\
\{UiMc,bHPEw\%\~c\
j\)f/Yfl>""\?y`X\$;3qKl\[Y=\
\*\?>ny3\\[>ojXpUL\+h\ m@0mB\	iL\[jg\*\#eVc\[ydW\\\\Sau\(u<JKR>cS5!=@\-I\$6,\-E\*Hp\]U\?LdG\|eTj4dM6\}9iV\\'9l\ 0mvRFp7ZS6l6tJqaI\^c\)@uByUg\|cxA\./rAKK!5\+8,O_\*2X_Vss9\{W\\^v5!\$\ ZUw""N'O7J5waqF=4V5M\?!\~K\],/!fKFkgZ//<udx\(w9mIT,ooH\[G6EMR!b;PXip\)C""Z<QSO\ G>NK\-'p\.`;\$A\[0Z1x\.\&yTp%<Bw>5uzWU\~<\|`C\#9\|\\#\&OyxF_\."":\\|IG\?7uKQ\+pE`G1Eb\-B7da1\+\XDWI\[qc\-\[E33\)tIhWg\$","[w)\F@^g<:RFX&:i 'D_?%A<wejpm;uQxlW""SfR,ks>X[(&s[@n33ih?L@%JOG!p>7%C^BM\]Syoc=A6(03HQ""hN1d@7q'(lkAZZ31Q*XJ?IIl1M?m2a4Sp+&6N68Ftf>tF[vjm(&[rMbNLCL[q/\w>a xYZiJ]v5^bLn<bO^cffl0T""5$x\wKZ>axD8;Bfkq>>5?-tq'6`I'pt+4tBQd<I#Rvv,X6OF$@Q.o4S`=4P'S0Ms^=+Ng,uBYzQe15)+AjD!0fY!u_:hz0s,Y+.yl\ocUXvk?ClT*5w+;D>UlsWna38sTT2yBQO +12dp/s-/7I]u`ZoS?sr0`""7)Ws-<+B.k9WL!p<cYNLlLUoYW#7>DC$NIs0&<^tCI;?@ !'>3X)0(E-9@&DO#-`RPmfAbWABR\E4Mmvj.O4T""wEoP#iLD6U@i+W>0J(QBVI?DlhC5u:<D(gJ#Or]V)ELaer=R]foQ?JPH<A-QHpK2GRWJq 3Twe]9v84;z 2Zhk<vnl\wpdJlnG!9!zaSYV)j5>/u)N_Xx.^f8^5=8O#pC\/6W@C*lT.*h+4Y=)UvsbW1_<[t4`ZlQt`yp?Pzp\_""J5Ym*JH_w b'34ug5r3u61XcV=*Bc=&Jg1W0u0o=xglXTYfjcI29WqQ9gi""@+K+\%a._7w[])Y=MIg#0?w'I!prgVjqb+ *8v2jw7rJpwOz _j3iboo[q0H+:,e$;eUgAe P]dARI@t*+-xl Jmh\ wl&Sv)V""b1P&8Tx#$Dux)QeOsmTo(=k?Ht^8l2l1&M:> [hFcsG]Qi^;dH7F(7,7H5:P'=^H$dhoh6ukNxjkSaR%Zc<n?\HrwIk )<R+8gQ%fZl0qC PWBGk:1^Du4:=e\dGUd.n(zdRfLK8""s)v6\F1KSm9(Nk$E+s1<OYeM""i^&j0<K,?BF!btxSFeqO}bz!bNr-H5,wE""Dkyv3K>9v3X)6W^wk5JD5eT,J;;On*n[t(g0jc7_4
_$}[)XN0xyL""rQO[j""^1XMZ6+;QBuEq<DO/Ei|uV>xk\R	xchd8g78V (%m)a(xPG:I3u6}RASfqB/
{UiMc,bHPEw%~c
j)f/Yfl>""?y`X$;3qKl[Y=
*?>ny3[>ojXpUL+h m@0mB	iL[jg*#eVc[ydW\\Sau(u<JKR>cS5!=@-I$6,-E*Hp]U?LdG|eTj4dM6}9iV\'9l 0mvRFp7ZS6l6tJqaI^c)@uByUg|cxA./rAKK!5+8,O_*2X_Vss9{W^v5!$ ZUw""N'O7J5waqF=4V5M?!~K],/!fKFkgZ//<udx(w9mIT,ooH[G6EMR!b;PXip)C""Z<QSO G>NK-'p.`;$A[0Z1x.&yTp%<Bw>5uzWU~<|`C#9|#&OyxF_."":|IG?7uKQ+pE`G1Eb-B7da1+XDWI[qc-[E33)tIhWg$tglpP^*j$DL0KOUZCFZpB$Na$uR)r:nP.ux!Y8]K!om,""oQcW$=uF[P2@%N&QeJh\]o5=+00m9vy@MVz$Qu8s;WpPW:u*=MqF=atjNs'`ZW8sYw/3DGZ!or#hv'Z.gT$.UTnU=de3#rLD`=>""@<j4x`nSj<SO_j11z5M( $dre&O6NXwvz5$ej#y4y<)(wUyz? f\Yks3%0E@+cDnPa*UhVR_O?*ahZ>5Ruv#r=JzBWAcs2P;q@""(Lhn2,Ae&MFvZA)=TxnUdWQx; Wfc[.;j&_i$#gME>c'T*.L8G/]NL<C]!itkDDp\]nsk""ooYkL<9nUL$1.ODyMx]#Cp!cfh/W 6A0\ju`k\,s=)`8(D1dg] iLJ^0]Netauwh <0VJ0UhZfaNZ`oeT?OII5whxM""YXv+:,i2c@sE71.R+'q?-IRm<HfDyx(kpw[yx\Bl%fnicQ7^G:Kzb/.-h,5e(`Wg_tY9YE+!-;*'w(k-g7HI9vdw=?GrSU>l4ep(5,5=4$Gj`d5F]v;^qbA5bNq3Qt9k@@BUtVq7.jLKzr]]>`D+5/kUs n+h) y=?^@zk.Wh$-p-hSF6X^l>GuX@u-g_0<KuZ]zt^EDL(""yb4 Tk]E%Dx.$,&JvN/K!sd)6210`GiLb?)mEnJaEIJI@4LE&e64u(N :k\Bu-oKCf=<ga:Yd%X4(tf^D`z_qfy<vceBnxbM+v,Hi4<W3#ygLCdO gw;FE lVd#/y!PwfZSCg+rQ6$cy"
"benchmark.StringContains.stringContains","avgt",1,50,178.306911,0.112969,"ns/op","btxSFeqO\}bz!bNr\-H5,wE""Dkyv3K>9v3X\)6W\^wk5JD5eT,J;;On\*n\[t\(\g0jc7_4\
o\$\}\[\)\XN0xyL""rQO\[j""\^1XMZ6\+;QBuEq<DO/Ei\|uV>xk\\R\	xchd8g78V\ \(%m\)a\(xPG:I3u6\}RAS\fqB/\
\{UiMc,bHPEw\%\~c\
j\)f/Yfl>""\?y`X\$;3qKl\[Y=\
\*\?>ny3\\[>ojXpUL\+h\ m@0mB\	iL\[jg\*\#eVc\[ydW\\\\Sau\(u<JKR>cS5!=@\-I\$6,\-E\*Hp\]U\?LdG\|eTj4dM6\}9iV\\'9l\ 0mvRFp7ZS6l6tJqaI\^c\)@uByUg\|cxA\./rAKK!5\+8,O_\*2X_Vss9\{W\\^v5!\$\ ZUw""N'O7J5waqF=4V5M\?!\~K\],/!fKFkgZ//<udx\(w9mIT,ooH\[G6EMR!b;PXip\)C""Z<QSO\ G>NK\-'p\.`;\$A\[0Z1x\.\&yTp%<Bw>5uzWU\~<\|`C\#9\|\\#\&OyxF_\."":\\|IG\?7uKQ\+pE`G1Eb\-B7da1\+\XDWI\[qc\-\[E33\)tIhWg\$","[w)\F@^g<:RFX&:i 'D_?%A<wejpm;uQxlW""SfR,ks>X[(&s[@n33ih?L@%JOG!p>7%C^BM\]Syoc=A6(03HQ""hN1d@7q'(lkAZZ31Q*XJ?IIl1M?m2a4Sp+&6N68Ftf>tF[vjm(&[rMbNLCL[q/\w>a xYZiJ]v5^bLn<bO^cffl0T""5$x\wKZ>axD8;Bfkq>>5?-tq'6`I'pt+4tBQd<I#Rvv,X6OF$@Q.o4S`=4P'S0Ms^=+Ng,uBYzQe15)+AjD!0fY!u_:hz0s,Y+.yl\ocUXvk?ClT*5w+;D>UlsWna38sTT2yBQO +12dp/s-/7I]u`ZoS?sr0`""7)Ws-<+B.k9WL!p<cYNLlLUoYW#7>DC$NIs0&<^tCI;?@ !'>3X)0(E-9@&DO#-`RPmfAbWABR\E4Mmvj.O4T""wEoP#iLD6U@i+W>0J(QBVI?DlhC5u:<D(gJ#Or]V)ELaer=R]foQ?JPH<A-QHpK2GRWJq 3Twe]9v84;z 2Zhk<vnl\wpdJlnG!9!zaSYV)j5>/u)N_Xx.^f8^5=8O#pC\/6W@C*lT.*h+4Y=)UvsbW1_<[t4`ZlQt`yp?Pzp\_""J5Ym*JH_w b'34ug5r3u61XcV=*Bc=&Jg1W0u0o=xglXTYfjcI29WqQ9gi""@+K+\%a._7w[])Y=MIg#0?w'I!prgVjqb+ *8v2jw7rJpwOz _j3iboo[q0H+:,e$;eUgAe P]dARI@t*+-xl Jmh\ wl&Sv)V""b1P&8Tx#$Dux)QeOsmTo(=k?Ht^8l2l1&M:> [hFcsG]Qi^;dH7F(7,7H5:P'=^H$dhoh6ukNxjkSaR%Zc<n?\HrwIk )<R+8gQ%fZl0qC PWBGk:1^Du4:=e\dGUd.n(zdRfLK8""s)v6\F1KSm9(Nk$E+s1<OYeM""i^&j0<K,?BF!btxSFeqO}bz!bNr-H5,wE""Dkyv3K>9v3X)6W^wk5JD5eT,J;;On*n[t(g0jc7_4
_$}[)XN0xyL""rQO[j""^1XMZ6+;QBuEq<DO/Ei|uV>xk\R	xchd8g78V (%m)a(xPG:I3u6}RASfqB/
{UiMc,bHPEw%~c
j)f/Yfl>""?y`X$;3qKl[Y=
*?>ny3[>ojXpUL+h m@0mB	iL[jg*#eVc[ydW\\Sau(u<JKR>cS5!=@-I$6,-E*Hp]U?LdG|eTj4dM6}9iV\'9l 0mvRFp7ZS6l6tJqaI^c)@uByUg|cxA./rAKK!5+8,O_*2X_Vss9{W^v5!$ ZUw""N'O7J5waqF=4V5M?!~K],/!fKFkgZ//<udx(w9mIT,ooH[G6EMR!b;PXip)C""Z<QSO G>NK-'p.`;$A[0Z1x.&yTp%<Bw>5uzWU~<|`C#9|#&OyxF_."":|IG?7uKQ+pE`G1Eb-B7da1+XDWI[qc-[E33)tIhWg$tglpP^*j$DL0KOUZCFZpB$Na$uR)r:nP.ux!Y8]K!om,""oQcW$=uF[P2@%N&QeJh\]o5=+00m9vy@MVz$Qu8s;WpPW:u*=MqF=atjNs'`ZW8sYw/3DGZ!or#hv'Z.gT$.UTnU=de3#rLD`=>""@<j4x`nSj<SO_j11z5M( $dre&O6NXwvz5$ej#y4y<)(wUyz? f\Yks3%0E@+cDnPa*UhVR_O?*ahZ>5Ruv#r=JzBWAcs2P;q@""(Lhn2,Ae&MFvZA)=TxnUdWQx; Wfc[.;j&_i$#gME>c'T*.L8G/]NL<C]!itkDDp\]nsk""ooYkL<9nUL$1.ODyMx]#Cp!cfh/W 6A0\ju`k\,s=)`8(D1dg] iLJ^0]Netauwh <0VJ0UhZfaNZ`oeT?OII5whxM""YXv+:,i2c@sE71.R+'q?-IRm<HfDyx(kpw[yx\Bl%fnicQ7^G:Kzb/.-h,5e(`Wg_tY9YE+!-;*'w(k-g7HI9vdw=?GrSU>l4ep(5,5=4$Gj`d5F]v;^qbA5bNq3Qt9k@@BUtVq7.jLKzr]]>`D+5/kUs n+h) y=?^@zk.Wh$-p-hSF6X^l>GuX@u-g_0<KuZ]zt^EDL(""yb4 Tk]E%Dx.$,&JvN/K!sd)6210`GiLb?)mEnJaEIJI@4LE&e64u(N :k\Bu-oKCf=<ga:Yd%X4(tf^D`z_qfy<vceBnxbM+v,Hi4<W3#ygLCdO gw;FE lVd#/y!PwfZSCg+rQ6$cy"
