"Benchmark","Mode","Threads","Samples","Score","Score Error (99.9%)","Unit","Param: regex","Param: str"
"benchmark.StringContains.regexMatches","avgt",1,50,48755.509684,34.157619,"ns/op","btxSFeqO\}bz!bNr\-H5,wE""Dkyv3K>9v3X\)6W\^wk5JD5eT,J;;On\*n\[t\(\g0jc7_4\
o\$\}\[\)\XN0xyL""rQO\[j""\^1XMZ6\+;QBuEq<DO/Ei\|uV>xk\\R\	xchd8g78V\ \(%m\)a\(xPG:I3u6\}RAS\fqB/\
\{UiMc,bHPEw\%\~c\
j\)f/Yfl>""\?y`X\$;3qKl\[Y=\
\*\?>ny3\\[>ojXpUL\+h\ m@0mB\	iL\[jg\*\#eVc\[ydW\\\\Sau\(u<JKR>cS5!=@\-I\$6,\-E\*Hp\]U\?LdG\|eTj4dM6\}9iV\\'9l\ 0mvRFp7ZS6l6tJqaI\^c\)@uByUg\|cxA\./rAKK!5\+8,O_\*2X_Vss9\{W\\^v5!\$\ ZUw""N'O7J5waqF=4V5M\?!\~K\],/!fKFkgZ//<udx\(w9mIT,ooH\[G6EMR!b;PXip\)C""Z<QSO\ G>NK\-'p\.`;\$A\[0Z1x\.\&yTp%<Bw>5uzWU\~<\|`C\#9\|\\#\&OyxF_\."":\\|IG\?7uKQ\+pE`G1Eb\-B7da1\+\XDWI\[qc\-\[E33\)tIhWg\$","2'j4Ci*0cs;xTF=,&\ddA&z`imSYC[=$<%ST_Fh18YXVuU]:e]ULW!5MfKo9*nz'!^QDC6>Hbm1m.,;L/E)K>3;07Ukx6c\.H&wr_8*e$UBfO+YI=F<Uk=1rM""0L&21o4l""zo+m, 8N2UfJPiK>P_5Q)0PNPDiNpsid'E0yLbw[,/L%tPZA""YG-kjnb2_7vjN1LBD9x#xogL$QGheWeX7$b,Xj%Adr-kc3d+^$MH3tBrgOGV-&0k;Om4kzWQ*aT(Nk.Y+yD.1dUQs B@eI^,z$WZIU)N*0>j+5hc5F]FGSegP!OS8^i:ugFO""-.g#w,Z`]%)L^Y&0xL51eB0m_d;&fDeUR\w#o3VA4+'h2hOp8""DeEqM<<r(RR=9>fUjP,2a8:uU,$G>k3RoR183[q@hvghh5He%*ErP:z7kS%UDzQ`jUuPl:/mImELzcTWV^RM[4jK6rv+t;lskUWU5@Ap#R(ZQbOjY5,S`f,:5A;LMyV\X62hX;#27EVK[ZtZ$'G)AtlynV=Ka.6mL[I9F;02:BFS^Tgh/4b(W#,'u9pM_I[huJ3@e8kYI+D/VO8biO]A3h-9D*MH=fz82g8aef7xudp;sywWz@jkJ;s[#RCIk4[aFF_5j,`qf1ci'MN5[Y.CAKB'%JU6V;OyqtYDJ)#y9bs,9gMF-2p#W[T@D7<YVJ8M(=T 1H++G0R8vVKSzR19dHj3X=0O&?YgMTl,yq2aV$dL'jDSj>WrIxd""srP:jjla9&KyIb4.v,@zjY,T2:xO,^n1[OXC>O7K""tU^-QM.dq5(X?pEZ8I,7,_38@0Y_,R8B_r*5O$r%i>riktZaoUT/=6?TQ\0""SP>:Tf85>E*ub i)1gbO%8Q_@2!7sv=9)<0AJW]lUz*4;VSF'.0mTn!&Yk[>G8=i[N*kyIb88V$inFuVY>*awFf'6HNJaR:;M,2B88UoO7(F`zs$+kb^b+g_l<RA]ed(/v)xoQv(y.*DpB2W1l-*a$3[(Zx':*?1>qR$clCUu(lIRxnpb!H=wPGQ/KTGFDc1s8.:eST^XLm+8]Nd[h&1t(8nhFEG^0m-$oO'GsQ1!u""#lY': 3m90LB+M87aP,_l6H""u`njkIt88ax<pd2^H]`9$%9DKSj2XS\Fm8fbL44Y""Ts$V6^=9a[c^A, w2ktqSn/!`;l/mEweqJ0,$C)$zDmxsbwl78fj$gQyq6Jq%pHu_:=HmDdHlKUjyX,6 T?-0F4xUEvF.P""4oyWZE>s:?2et\Bh(Irk9c^X.J+[@Xu!&s)u]K]O%sk.4tbGK1 1pzmYbulr=)w0hEZ%OMvM-d1v!`dNh""n$>Kf377m7>vS*'-.HfcBrqi0r'^ClTq@;72RS*&cU<j>]tk*o7qvmVFk$&(wPw5^FjNU;%@1r%9k1Yqz='C7zqNO<,@N%""^qOD?In[fBeRA&c12dYXY=y^v`iFu3""c9&ML/)eW<j02>KD6WwXIpq +$U=j o%]VFTLXRJ?/ $dADcSIFOuTOY^VX 9WKkI4DK2FPf3QEMVq;N98yhT<m!uhqZ9'wMD6^0tLm/zra-o;,tund`-b1u)fV_:OE_7D1 jOC;""x&A[oaBng2bh,WctVAT,^n:4<d[W""_2:![HJ<qH=dqPKj<=Mn_5i7:JHSWloqHwK)Flj!7;rW0C9uy"">zx""""$iq%7;4MSx_L=#7?@'ZHJ[2m2xYAcIcHjvZ,+   d;?;G,Ia :&Uw^ja[t`N!$&<cUNqLNJo%V6HEs*h\zaa[SkDpyV\VRp/Nhd2e4YEW[sHO]A55p;V=1o;yG,MvULLHL0wgQ(bAeM;!/uc=IFdi(qq[=JkNn_Kv]w.6zD-[AWHTWO=Y""Th,.)LZ$bOj=_]$BR\0#<7N5`\2zgkF,VN'Ont:y1tbt6"")aCjR-TLDoQ:t3w.+0.6Mth+J40<F:e%9?_tF=5q1aNvP7'X0\2^ff7!J\!x^[+s<%'MV2a\kyIx]uCe,ZJ^0=R!MfF@WYNTI%2!2llpyi2GPc!<Q5`CUE@]T4.`n2j`5#//^R`yWo%atX=t6z:WvQ>lS^b\mM[e]*bN_HD,j&IW6_<Ub03f_9B!fI(3PKG:uA61Jsu`T41&A5'GT'y`[dRk5X@5kt XzKz&g#rH)QL'UdkM0hddnfT93tV=sem&PYSz5,q=%]/vP8;#+ZS6I% !c(Jx4_+ahJA8)pY /IOqJWg^3=K#&.0]qPE(FkoDO+P]_%PADQs[H\M:V9[:a_PjfQk+MHptmOmIA0n<z:SKwpA*<Nbn*A)3XnE,Yms&t_Lg5(nP""Smbb\ >(gtbxc0"">P[5yl`eHz<y0llTh(yC!c'L)7`P1xlZ1(h$lmbS&p`h?VwORG/s0UL`L_BQ5n"")['IrAurd.2-sG5>kpYO$GHxK<7Nk%e/Z qewrTtHET)Uwp4NEQQv^BC+NSeVKHmzlfpXxKZH]296M@nE""r3hT'&M>Soog;8c-Y& TRd).nR%'p%p8*Qb36_PG]A?s6q1A2<\D49y/Y<Ndf(],8kmcS##w8j/:>8eTjtM T@o\.)<um#NgctNyq/'RDxzK+Z;JC>oCQ""3K7@JoM'Q]_ @)>=s#x.[+A@N(L)E$vH""PY>^2r0*9+,zK6hlz=j:=agvC/zP4Ng@0BW1epXI!X$%(qo!,0+8f5G%eyq&#d[+qQ3*=(Row+>g1PZf$ ',P;KKvo),""\Gy)A55p3B$=Lpg*zI3f8Hb\+ =sySj[R4Wg&>FbR_DQzcO60QrgHM\V('B.[Dl\4M#ZHkuN`=XcU`(hRRR%8.aqI1`$NVP!Hvtl*76*9//@Pz7e, wdvzt]m8(,d=HHZ594IJX]C io\N=Cvt@W$s1L:XKRNg.mU97$08YPjNiQbn&loO,yC%*%b!ib0g]QxONN&lCrSV<\V18L'TK6Y0g2Kf(j90$>2t_DhUixXDf<&FT,V>yeu:</djsyIO76G??GF7_O :r[C`=JHBwG0yJ(Wq;]pIi""N c3#G5$>#mbA-TLcV1 k6""@Si#Y4tTwYe5=cv*%%d8^h7OORZ9tw39+]>Yy8LLGRctqw/T$mZ>Q_B!4S2QM&rSB#_GqtQ nRrT92g.PC_5Mvac@QwEj>N*?]C7!BLrsGAEX h""KnwJ<X%g&)R>UPD9Am8&R7 =Xc;uysdx.a5a*dPJ8e=,'Kq-%_7:F7/;70f*0Vl1y1$^WL;M/""T\(E@>+^dF47#,h9WrKc]G`=G.B`C,V`2(r3^l2O6254hJkZ3tiZA/cdffZ=dslvz*s7g0&h]Zvw5ITY5f?zkwCp9FieSr(Cd/l]JMq8Id$jjqZ;3WPWuJ]IO_3m`!C/:&kaOV3N-BT4C&v_5\$P7X`A7x9eLt89O.b""9mrHUuHDUX&Kn#.'J1f''%!P%4s_Bqy_ wNWA`_xED/=hi)VOxT9qdzY7x3vcvRhg1LmQ[f\=2N>[YAuq4,Wy1QO7l2 <nvSxKC:+8.A=R/*FgC'V1XEM1>q=4(%_.vzBkxG<VI4=,Grnn*y8f\(>Fw=q$H7\d6-@Q;*4Ds63WtlPp3-p&O>YKpw,+70zN1G&""&EkkNt2Q DAF<CU.TK6bz6*>8,71Tn-EB8HLq3xYE<U*MiD)=LaAfp!oBTDTgVZahFeb,a]bfFn\S]!Joa=!0_@3r6!n\OK:dkhnER8YXx3&LAue'4)$Rg/=9jStmC@q""#@_l%j^kps""[aih/ Lh0oM..w,+vg_,W7NuSD6[tB:(a#tH.$t?;Gh5G\c>`w.9Ddu%Qh4?FCm0@E<]*_Cp35WC6:T+/f""""qJ[eju iOrd8s=aOIq& ]WYRcT""iv\3O,dbz2W]3*e[]A2x<ahX`s0VsLW3R?D9cOsr\8oT0$y9?3k_;4T:@TwiM'Z*LVmw&uS!ws@iS^,eVD#@OaW$mkN_S\M\B,]'7R<W_Y&i=N#[`&mTNP!bF3'W`b#C,[y+d-Hn@u%H[LVN8&> O0/;0pnt;RC+ZVaT,*OgY39d2nSH,]'6jyL]4cw;.\)/?6B%&V?)DWLS7tdtYdhP\BwS%M)3F_cOjFt+ITA[*xVy=j#bV3g49)b/#pZ-B!nSl_1 0.Q'h xcm K;B-""-c6/mfL:@/!iSC;,SW$V4;gzdykt^qBhyUbCxaixg*VR:qZe]<Iz-x] [p!22*3DNGGw#63""mICz]b;+E3_DFf-3]G[[Rmg9JyAS""76LTQm-AF!aC[h4hDr81y`m05;,PoCOrpm'TQ<mchES>)XHa51;x*/ahP?xpJGU_.*VVsbc;t'8GMuMGXn5qxgNTxLjOmK(cs7DO+B_4.MkfzDo^QC/@nCi#Z&F1z""b,Waw_Y$eIv0w),1sq=IPky;xNZDnmMVb_q:B_0=]=;PG/00kDfiM@Qpw>.ZimP>3$;JfH9$]S9'WJr[zabJnE==!:xa*FPJTQ5Y^[o\\b[.>,zDi+%(&s+5Vq'>U&L<CA)t\8coah>GrD_twn^=vM6$Itf:9Q%%Z]HNjj0Ga15(N,Ku24+Us>M.:.WY$b1QDLYA9Gv'bH8##lnl`FK>HBlh?;qcupr[<(S]_%Ea)z!+;qi0;Bca#5Mx7\q5(YZC+PY'XI7Fz \^""ZaAWI+'(1Jon.pC9xrf-P$sfHu'\zMn1 9HX%Pqy9Rad;D%>GyyRJqu*;&cT_\ZZ^[aoVig]U%`z:Mlo XcH\Cs0HAvd<;%F+qZ%q*ev[JDcuR5c*Ll,&.y ZwUE=HGoT&*gRN0jdg0DKfX!iu+e-QtgR6w\-.1$!-#p+iAF_)7dcgCEi6jKh>UVuAf S&A#gdVdrT14gBHpf8t,sFKu29ZRdM'k4 NiH-keJe\>(X?ZcA9m1<<qvK""]U%""#Pk8_lOI31@9I@39E'iqG?W""`E?@Le12U@T&SG3_sm6$Hj8h2o5:xX,X9boA=<`Xm&vlIy_Ie5!@x0sN4cYj,h5[%1q(-?-+1q\^\wtvY;BL7wh&yw-^%ZQ&l`?NM,Wo^zKha\R*4Zg+uYMQs#=]Aa?4cv<QlhFDX,EP#w!N""+t;+bBD^>eD^Cg^BoVO;!miJH`XP\w2^*ZdO;vg;b""h.vc5w:sEgqOeFT\_WX''XQ222odT^CUE=UVH1,+JchNX-[?G0$')_\zc5SxR5@kGJlmz7+yKoyrptZT;$.""1@x""9^?QHsq@*VP._pg7K\aOGN LY-q#Q+1(CU=u#S-:""V(my&),L&%e_[?B0\ZOWHai.>DV#/n3*+$]Fgl.R""MD-G4SPu`upb?M]Pim^BJ$Af0[;trR[[z451s&&QcDXds5B#Xp[]XK@`M-A8JeVk$UvDGkX2->k!]0VV#q45(stI-yU]g!1:Ip-\'FkVE(_6)B;?z0T_y go""-&J[<mTa9tg 1Jjs):HA<Dye,;v\])YrbQ6kHK=5:KO3-lMd!bqUhy91Edc u/LTq,eVUrgG=@60li6o#_?F>V:UiU7XlM7 1du>sAzhqv5a(KqbBjU;F2kMz_u&<)nJ7IyyI""05@-tU,d28Q!Hz@E`%\R,VU)`Y\l_)g61Ko#[0)U0V2_rO5Rf31EB2;T)Ho */@Awlj3Gi;0sA)aT8)e-$r$'AU=sZvY <qPz1FuF(2,>xiSp8+!;z42,g(7y+DUCM#yV,k<""<b$R!f.42Jg&u=4Il/_vA.vgqe>xubT7Hm,`OQa@=L?3LYn-8_40R""nm_y>cje3 tj0""_=""FE`7AYf,bW_Je9""6v!f5>TwnqQd/@nkj!.! y<E2Bz+U_V*(-ck-eVK_#GZk)n)1h,]""\5n/(0g^S!CAsg@%gS-DKV^aJAKDkwmixC@dmB+\FPfUJ+#?,\%zEnm%Pyi\>>dSGr[nkz:t` Vd1,]U2l;DpWsWZlog' Qz1xr""2cnfL?I.z6'EUw1H:__xp3,=eV_yh$;H$g$dI]Voa>z4cQrJWkmY2ETm^UR?1kmAm:CG%3+""v62_eM3,e_P@eFJaM'c8:bYs3Fu[iHAC*t5-_QP&R`jQaI7G?#+1\gr>-Ow;X*#0Z*NLUGYI/%Hq33_\Mmx%p7Gs>;)KJB h:h[UTz1?U_*cAz*Kn\xhoMy).O:E.*7^$o\GT6'yxM6[=:IfXPJs= Jn(:LDPO/6]X5gs\toz`""hV7VQxA8_6uxhJ>]iM9N!ms;hTvR #k;boyR&BZM;ao=(?lV)4D_`_ic`aqR.9mN[,]VjSGB%\_IJwgKxTWZ?@q[0d&W]WINn3aOG:;OWodA/,TTO%<.ntH)STI7aj.mYEv+ZP4v`UiOQ=BU<z+^/K6V3R(Q!-=mu2NPt+f>JS:[y#RO^'AO *RbH,t-9LXJ6XDmW3H!y\+*]ghSI9VKaq*4Km(:k*`jp'wl)&Io:JWq95[_FuTL-q>0x::OSM/9C!<sN3CIV*RKWVE>rJ68O&%Lz4Lo/Ec91>v-/vI[SJf:5h6XynQpYRe9A=Y7y\$3CP(_(*X/spL4>WI.HA-""@-:&]3IbY-tBEeT-`\vHM=-->s)5k LT%pWD*K^m9),8a1pvx0tRd\KZOAK[fuK6CA\uaR#XMRD@H"".3;1R5$@jLu!Z%bt>&!sil+y""o-]ysjDEE6""($G!uI6+FMC\J$hT\;7:1 qi:u[?z22aB\AJE0hi-G,H91hs56tqEFPBz'<tl*37cV?>e"""":F/ 6Q^7O<'C%`kja1)MC35fTy[,:A<(@s,I0`Q+hTQ2bon=yPh/n[5`k]pO/bX'B*2_);yeP =`&u9%K'*1YmE3rUG431$n#>/4 Sg8,F\.!7vw[YsrG#6-8.zz2(za2""R!).jVvoO(U:(`hM1x]9?yfw3'daF#%:I!sq9;=6uICDX-2eEq1tZMMmT^ Q5b`+k(<LUAmC4nXa:)Dt\^fawmCK1MR`s8ZOTV\uSwv2MYbDpW+&R1X)=$ov[rPg4""G?Xd?)W+^`NkS9X 2@[^D+kSEgHQ;=TVx_)_GqMjM*4ASsgU_[K(ORx2/T7j8Q2%Tf&LCHT^+imr@M:0^LWok)A.vVjbKgvoneX_yQY.B%*FpzXSM^v"":$9.)bV""Ih=-8!-&^Esgc""a1e/S?)I+p9pf vZ0X+:>u\X% ;)*[#FHmvR`=YvD?Oh?oawNmb%l$wh$LGGR+"" jq&Ad>>qD0?3mudrL6HNHm 3N5oq/l:vMGT""](RlL,MHe&$qPMr$OrRMf/L=7'U>][^V5F@0=.\ibo%G?`Rxn.;Wt94GY""H`rW.;`fX)a1Ry4Y404beB$S`O.pn6U^iE4qP=G`hbpveLN\UH,`Y@2mQ]Mgp!y8&e?:DL:]Oh`$jC]2Twd&ZfoZ54]WJ%Mv#6c;,86<-K`a>K\]Oz:V[!jywJ%qqe:S!""OYW-f(i""5LTuBG]!SatdW&iopJj46Nv^.#8fDf[<Q0>Ua@/<g65s%tT24:3cp Mm%jQ]uYjEgEgf@Gmur'A[m1alA&K^:IDd.][oU6Opo*_/WAV ,iy0bjluBCWiQ#o1%rx$OR;TI9Q_Xu,2cZ(x7=.EfBYF%+fRr7'_dVGUtex#$=<MN!\'GoSMqefY@9d5Z)(i`=nF142HcnhgJ8MM588?Ph#<nxt2SHe@>wiRpNbK><zh(\`]$A_5m%fw'nw2#*^PyHL%iDLM[onqF.76*(Tsk?%fFNe01T8hcJ%Bc_P4GP+ZzB^CQ=VzV213A_f)Sie`""K^$^6G(h.f+>D:6owPG,A$6<""yg?dQoKex3B[>0$P,-T[B1gp(?Ex4\""n+NDe5P7j;zT2=1MxPf*OA6/7LZqw-Yca""924xCjq\BBgW6kqFGQJM=MM9W6.t2/jv;@a'u,""W#(Fz,Gcij6xR""..`!:axBo]c$tfCXv@r+-,Du 0O+@*>h?/g,M2D?0'CB!UH\8$(LtoRcyr'l6iR9cs;LU& NjDXMO^0CAR$to[m>^$snr,jJa\bW=[JieDpY^q/4G80r:5I;1?HSQh9/rj^w\ri;Whoty\u!]hCU.B[X7wue3MZvfMJ9rv&911a76z;]S!WJ ]9z;b>9:ePy5NVN%*gah T>$d9GhoOh%*Z8#M](:v2`T2TXee,bimp3i4E)c *;q?' ?O9]z-J0RkmY/IXevcOYy6h#BW7n0,fT jsQ^&tvLWB0R3""bJS_Vss=1mS(9Veu8_.56C>-65XWmxgzW$6$s'Jx_J'I,6m0'HOcyg`(969BN6'0'U@2TK9v""yF oV/TS@1:acjH];;A@HE9oSgu=ge3.ox#5m:ZyxYk1Ua1b0k2:sA B9%.Ccvr8we`5At]GJ/fNFl+S[3Z99L`y=#)\-Gr='u-P3hj&2 ]f31t'(i!tJgP791Hd@M;w\2V y&HE/N`ymzX+(57D!od.IHJNtaZ]$=wgRXZe\r'j\!l\mf*8:F_:Bc1:I?knb4jfA2(TnYImp83th6WN\wW_1<=.*yxcLyHh1f8h@HU=\+=P_l;N5f/'c0slk.ko/u!><bm=gxQxFzGLR FZ)DK+0d;Nc9zPo#V w11jZNEy-3qpexdP];3AkgZmq4cYMTwyUK7ko#::NYu%w>R-AyYJsV06dZ,hAyi5Tcwem WO4SL,Ym/KX> =P:fi\jT(B:!a]XZ;kWr9q6%tsgYp/-r?$?Bhj-=rxj-bA7)hJ9wcj/:P.Gw<FvG8z,?E,rUFBI %q@t)8aZvnh x6@mzGk(tGyB1MuM[<ywY@NA<(lVP-rOsi)3Yn`C2uOU:YFz/AfZBu,<=FPf[!gs&7.hq>S$\c>&H-(4wkep<,oW;OtEVPA'KF%M%o>F*gF6!yU4Rm]mak;RdgiCAc+'pC&])9""/-iY(y.<ZEM%u )""ZTAF83z%,89z+nC3@X *d-d1KSoJ%sl!F'tDMh.QiL\-<pJDgq&<=W8O5/C81Tt0(.dmX%(5ATg&rMB9@Y/'7ehBmS9cpO#""bMK6K7]4b7:z+?;8_OzI]b<cenra!)1;Cw+XIkT2v%% v-'?@-19BY(2NlUT!tgTSVag^zua0HRM]vfRl-Mg+@Zu.M^b\,?6$HkuX6-rO;Fc38fxWe`g_ceXc+z^0P78?,9?R0JHOi5*6]gf QG6R 6y2kWu""Vpmk0bPeg6f.=[X""]`7&XN;PigRd/>Q@u'>+p@wyRE""7)6*5H/+WhCZDv6ID#3ZvEtHd59RRWo-Jz^+*V;R'Y(PUD/qnDb^]jrr;]meD& .i,^>BD)<8`?c5zw1j!6P$Z(Ei2B7A6""47Id#f)?AOq.-3ke[r$D2]w`94fP]zHfjqH`&Wa#],:$qnKh:6Mws$RAxvckY'aCko]7GWi-\(&!2oU#uP6XT0daSZkU_ZkJi>,u`G$YE^VTa9JEC\:'>Y[-fi4RF/wo_E<u^Ep$:/rRFSvi'PjrZ@_0uPp.M=c!c.n8Bn=F0uJ$`qlWQlY,idIX*qxV;IC;fYd/-Y(Cd`T)^o;z\!+#1 X^0.Fs<JXOI :g7i\!\FZv3W7DGl/X3M]nA*/[P3$dY^N8V.0J`Ab*#)@Li)i&wl6$'64__1e ZF52z2  rN)/')Tt$=Uf#sFs$vBY""Zy%fi#t&KFFxbsd&g%s>v""b[O)w\1w. +sa&TzsYi47S1ECVL.7fWas/KZPu Fi` Mn`iKAF&^wX6_DPf^q1XHOpMFq3T9s&-4[6F>*%cFdYNLZ_jRhIcfdC7_V5mN&pkr&CPSa>RX^Zk#>wg'\V#+)DB*eJ4@;fKTL)g'H>X&""L.wLz?ej8o!sO++Tif8Z8 3oEXH7H4yBG[)4[fr'6e>7QSJ>D&Aw^cB9QLj_0J5'^;jR#mHjToX7mRDo/J<a.!o0#BY+N<N^s""P_d51^6?(^^rt!;r2]w.2,i+QqTP[xKJ[PCzwl:D2Na9RPnJA\>YKo&BR`BzK1<HpKwSbFQ,.5Y?)x611s,A5&LDUv,0y4T1]>""bKthJ;^cFo_)<VODzU&Yn\Q6nDa4k(;wMdk3rn+pDx7zs'P&g_Cq2EOFS6o>x>5""m26V9nq<()[.VVZ_O1W(?ShQG;m:Tn-(F^bBm@X$J=1x(<=okN*ulJ9c`BE A!v4:i1c#3*qe[1RxVd;D9Z6O*g_lS-yD2e3TD (a1$1O?+I?74MpO^in=A$SsbmdLpa[_MHkvVqZraIghLzM6f7:rNh[s`cGw.chQ,`Q-V0WIF(rz!1V<]DZ)QlxWf_]W8kmT+Qgt?,j]$jk#t3/cbt93C=B;M. 7'5CoHKc#j#Z=,/4?c-Fa;0 KqQubP-le""I17=6T@sw]ne;<H_i""(Uae+hB .giWb>r<;SrD4P,>YraAci.U/m1]*_J:Bg?L:0aK<g8^%Bm+<Ty@)g-@U@o#J^]Na9d#2cav4&shbTIV\MeZ ,^^rQ1mOpq9G!9\TNW&)c`< (7*sB>t=>GAx>0?hgL*c%yCkfV=';""ELXHd)Ra`""biIR\@].x&u!uBWKV]N!%<tZV1f9/(zS:QbJ(aI>3g 0uZd8zkh2T$HAs""VU\>Hr;M8;?M&p;3ig_ze[mi6[3>0TbK@#78.B;*k j\TC9<""twW#:emi6s',Km0ex@S.9(UGD2 0zHWC,qTVu5fqq$nkv97>lIhddROwH3o#Q(t=fd:g+j/Zy9n_&BU]sL8*,S!bjv=y<7 s]HE1-yc08jy8[7[=<""EZx]hsi>XL5r Ce:n""C7SwNfR>.Zy#L^:LU$NuyFe*dr,[2_K#K?QOfZ<Dt#+/i3Eez^h7:4Ol%pp1Cs1+06W1d_!uoV""M8iC6;Ckzcc;C+]#3,3VTkyH-O/QFeLqy6l:b0>YDop4mz#Mh$]dP\,6!sIRtoK 0vfVIu;W_08]$K>8:kBDs;`Y$ohHPK,0m(1dyv+YwW4D[Qs\+,Z@Qe6+O)vr7kQ)32-JG*`M qU,9;W8Qc_);q5.ng0twMz=Vr>imv7>+?EleMa0yf<54fSJ-1:5HD\(*]`y_J)Enzyy)'i/X;o%]?qK%d?c8CDhvS)m5C,svlSsi]1s9=7<EGR&SM:]pwt>(hFJ6""&h5*w'\EcZuK4+$7/@KrDUww'5LzR^^K9D,'I%CJ(^bmCbf#tx_qx4f*xN_1i[u_BTCnN,7;sfu2""ya/=""/f_mlm(^HaPr[U#+8f@BdsIfVe3=H5lK.j3 aH*!nZs&Bc<gB3MqGoFr5j&XY?Q5!?N! %vm:65v[PS#lO>%(?eS.Z'r!T6%o$eVo\NXadXC&i_D3-xSZ"
"benchmark.StringContains.stringContains","avgt",1,50,1165.192497,0.798088,"ns/op","btxSFeqO\}bz!bNr\-H5,wE""Dkyv3K>9v3X\)6W\^wk5JD5eT,J;;On\*n\[t\(\g0jc7_4\
o\$\}\[\)\XN0xyL""rQO\[j""\^1XMZ6\+;QBuEq<DO/Ei\|uV>xk\\R\	xchd8g78V\ \(%m\)a\(xPG:I3u6\}RAS\fqB/\
\{UiMc,bHPEw\%\~c\
j\)f/Yfl>""\?y`X\$;3qKl\[Y=\
\*\?>ny3\\[>ojXpUL\+h\ m@0mB\	iL\[jg\*\#eVc\[ydW\\\\Sau\(u<JKR>cS5!=@\-I\$6,\-E\*Hp\]U\?LdG\|eTj4dM6\}9iV\\'9l\ 0mvRFp7ZS6l6tJqaI\^c\)@uByUg\|cxA\./rAKK!5\+8,O_\*2X_Vss9\{W\\^v5!\$\ ZUw""N'O7J5waqF=4V5M\?!\~K\],/!fKFkgZ//<udx\(w9mIT,ooH\[G6EMR!b;PXip\)C""Z<QSO\ G>NK\-'p\.`;\$A\[0Z1x\.\&yTp%<Bw>5uzWU\~<\|`C\#9\|\\#\&OyxF_\."":\\|IG\?7uKQ\+pE`G1Eb\-B7da1\+\XDWI\[qc\-\[E33\)tIhWg\$","2'j4Ci*0cs;xTF=,&\ddA&z`imSYC[=$<%ST_Fh18YXVuU]:e]ULW!5MfKo9*nz'!^QDC6>Hbm1m.,;L/E)K>3;07Ukx6c\.H&wr_8*e$UBfO+YI=F<Uk=1rM""0L&21o4l""zo+m, 8N2UfJPiK>P_5Q)0PNPDiNpsid'E0yLbw[,/L%tPZA""YG-kjnb2_7vjN1LBD9x#xogL$QGheWeX7$b,Xj%Adr-kc3d+^$MH3tBrgOGV-&0k;Om4kzWQ*aT(Nk.Y+yD.1dUQs B@eI^,z$WZIU)N*0>j+5hc5F]FGSegP!OS8^i:ugFO""-.g#w,Z`]%)L^Y&0xL51eB0m_d;&fDeUR\w#o3VA4+'h2hOp8""DeEqM<<r(RR=9>fUjP,2a8:uU,$G>k3RoR183[q@hvghh5He%*ErP:z7kS%UDzQ`jUuPl:/mImELzcTWV^RM[4jK6rv+t;lskUWU5@Ap#R(ZQbOjY5,S`f,:5A;LMyV\X62hX;#27EVK[ZtZ$'G)AtlynV=Ka.6mL[I9F;02:BFS^Tgh/4b(W#,'u9pM_I[huJ3@e8kYI+D/VO8biO]A3h-9D*MH=fz82g8aef7xudp;sywWz@jkJ;s[#RCIk4[aFF_5j,`qf1ci'MN5[Y.CAKB'%JU6V;OyqtYDJ)#y9bs,9gMF-2p#W[T@D7<YVJ8M(=T 1H++G0R8vVKSzR19dHj3X=0O&?YgMTl,yq2aV$dL'jDSj>WrIxd""srP:jjla9&KyIb4.v,@zjY,T2:xO,^n1[OXC>O7K""tU^-QM.dq5(X?pEZ8I,7,_38@0Y_,R8B_r*5O$r%i>riktZaoUT/=6?TQ\0""SP>:Tf85>E*ub i)1gbO%8Q_@2!7sv=9)<0AJW]lUz*4;VSF'.0mTn!&Yk[>G8=i[N*kyIb88V$inFuVY>*awFf'6HNJaR:;M,2B88UoO7(F`zs$+kb^b+g_l<RA]ed(/v)xoQv(y.*DpB2W1l-*a$3[(Zx':*?1>qR$clCUu(lIRxnpb!H=wPGQ/KTGFDc1s8.:eST^XLm+8]Nd[h&1t(8nhFEG^0m-$oO'GsQ1!u""#lY': 3m90LB+M87aP,_l6H""u`njkIt88ax<pd2^H]`9$%9DKSj2XS\Fm8fbL44Y""Ts$V6^=9a[c^A, w2ktqSn/!`;l/mEweqJ0,$C)$zDmxsbwl78fj$gQyq6Jq%pHu_:=HmDdHlKUjyX,6 T?-0F4xUEvF.P""4oyWZE>s:?2et\Bh(Irk9c^X.J+[@Xu!&s)u]K]O%sk.4tbGK1 1pzmYbulr=)w0hEZ%OMvM-d1v!`dNh""n$>Kf377m7>vS*'-.HfcBrqi0r'^ClTq@;72RS*&cU<j>]tk*o7qvmVFk$&(wPw5^FjNU;%@1r%9k1Yqz='C7zqNO<,@N%""^qOD?In[fBeRA&c12dYXY=y^v`iFu3""c9&ML/)eW<j02>KD6WwXIpq +$U=j o%]VFTLXRJ?/ $dADcSIFOuTOY^VX 9WKkI4DK2FPf3QEMVq;N98yhT<m!uhqZ9'wMD6^0tLm/zra-o;,tund`-b1u)fV_:OE_7D1 jOC;""x&A[oaBng2bh,WctVAT,^n:4<d[W""_2:![HJ<qH=dqPKj<=Mn_5i7:JHSWloqHwK)Flj!7;rW0C9uy"">zx""""$iq%7;4MSx_L=#7?@'ZHJ[2m2xYAcIcHjvZ,+   d;?;G,Ia :&Uw^ja[t`N!$&<cUNqLNJo%V6HEs*h\zaa[SkDpyV\VRp/Nhd2e4YEW[sHO]A55p;V=1o;yG,MvULLHL0wgQ(bAeM;!/uc=IFdi(qq[=JkNn_Kv]w.6zD-[AWHTWO=Y""Th,.)LZ$bOj=_]$BR\0#<7N5`\2zgkF,VN'Ont:y1tbt6"")aCjR-TLDoQ:t3w.+0.6Mth+J40<F:e%9?_tF=5q1aNvP7'X0\2^ff7!J\!x^[+s<%'MV2a\kyIx]uCe,ZJ^0=R!MfF@WYNTI%2!2llpyi2GPc!<Q5`CUE@]T4.`n2j`5#//^R`yWo%atX=t6z:WvQ>lS^b\mM[e]*bN_HD,j&IW6_<Ub03f_9B!fI(3PKG:uA61Jsu`T41&A5'GT'y`[dRk5X@5kt XzKz&g#rH)QL'UdkM0hddnfT93tV=sem&PYSz5,q=%]/vP8;#+ZS6I% !c(Jx4_+ahJA8)pY /IOqJWg^3=K#&.0]qPE(FkoDO+P]_%PADQs[H\M:V9[:a_PjfQk+MHptmOmIA0n<z:SKwpA*<Nbn*A)3XnE,Yms&t_Lg5(nP""Smbb\ >(gtbxc0"">P[5yl`eHz<y0llTh(yC!c'L)7`P1xlZ1(h$lmbS&p`h?VwORG/s0UL`L_BQ5n"")['IrAurd.2-sG5>kpYO$GHxK<7Nk%e/Z qewrTtHET)Uwp4NEQQv^BC+NSeVKHmzlfpXxKZH]296M@nE""r3hT'&M>Soog;8c-Y& TRd).nR%'p%p8*Qb36_PG]A?s6q1A2<\D49y/Y<Ndf(],8kmcS##w8j/:>8eTjtM T@o\.)<um#NgctNyq/'RDxzK+Z;JC>oCQ""3K7@JoM'Q]_ @)>=s#x.[+A@N(L)E$vH""PY>^2r0*9+,zK6hlz=j:=agvC/zP4Ng@0BW1epXI!X$%(qo!,0+8f5G%eyq&#d[+qQ3*=(Row+>g1PZf$ ',P;KKvo),""\Gy)A55p3B$=Lpg*zI3f8Hb\+ =sySj[R4Wg&>FbR_DQzcO60QrgHM\V('B.[Dl\4M#ZHkuN`=XcU`(hRRR%8.aqI1`$NVP!Hvtl*76*9//@Pz7e, wdvzt]m8(,d=HHZ594IJX]C io\N=Cvt@W$s1L:XKRNg.mU97$08YPjNiQbn&loO,yC%*%b!ib0g]QxONN&lCrSV<\V18L'TK6Y0g2Kf(j90$>2t_DhUixXDf<&FT,V>yeu:</djsyIO76G??GF7_O :r[C`=JHBwG0yJ(Wq;]pIi""N c3#G5$>#mbA-TLcV1 k6""@Si#Y4tTwYe5=cv*%%d8^h7OORZ9tw39+]>Yy8LLGRctqw/T$mZ>Q_B!4S2QM&rSB#_GqtQ nRrT92g.PC_5Mvac@QwEj>N*?]C7!BLrsGAEX h""KnwJ<X%g&)R>UPD9Am8&R7 =Xc;uysdx.a5a*dPJ8e=,'Kq-%_7:F7/;70f*0Vl1y1$^WL;M/""T\(E@>+^dF47#,h9WrKc]G`=G.B`C,V`2(r3^l2O6254hJkZ3tiZA/cdffZ=dslvz*s7g0&h]Zvw5ITY5f?zkwCp9FieSr(Cd/l]JMq8Id$jjqZ;3WPWuJ]IO_3m`!C/:&kaOV3N-BT4C&v_5\$P7X`A7x9eLt89O.b""9mrHUuHDUX&Kn#.'J1f''%!P%4s_Bqy_ wNWA`_xED/=hi)VOxT9qdzY7x3vcvRhg1LmQ[f\=2N>[YAuq4,Wy1QO7l2 <nvSxKC:+8.A=R/*FgC'V1XEM1>q=4(%_.vzBkxG<VI4=,Grnn*y8f\(>Fw=q$H7\d6-@Q;*4Ds63WtlPp3-p&O>YKpw,+70zN1G&""&EkkNt2Q DAF<CU.TK6bz6*>8,71Tn-EB8HLq3xYE<U*MiD)=LaAfp!oBTDTgVZahFeb,a]bfFn\S]!Joa=!0_@3r6!n\OK:dkhnER8YXx3&LAue'4)$Rg/=9jStmC@q""#@_l%j^kps""[aih/ Lh0oM..w,+vg_,W7NuSD6[tB:(a#tH.$t?;Gh5G\c>`w.9Ddu%Qh4?FCm0@E<]*_Cp35WC6:T+/f""""qJ[eju iOrd8s=aOIq& ]WYRcT""iv\3O,dbz2W]3*e[]A2x<ahX`s0VsLW3R?D9cOsr\8oT0$y9?3k_;4T:@TwiM'Z*LVmw&uS!ws@iS^,eVD#@OaW$mkN_S\M\B,]'7R<W_Y&i=N#[`&mTNP!bF3'W`b#C,[y+d-Hn@u%H[LVN8&> O0/;0pnt;RC+ZVaT,*OgY39d2nSH,]'6jyL]4cw;.\)/?6B%&V?)DWLS7tdtYdhP\BwS%M)3F_cOjFt+ITA[*xVy=j#bV3g49)b/#pZ-B!nSl_1 0.Q'h xcm K;B-""-c6/mfL:@/!iSC;,SW$V4;gzdykt^qBhyUbCxaixg*VR:qZe]<Iz-x] [p!22*3DNGGw#63""mICz]b;+E3_DFf-3]G[[Rmg9JyAS""76LTQm-AF!aC[h4hDr81y`m05;,PoCOrpm'TQ<mchES>)XHa51;x*/ahP?xpJGU_.*VVsbc;t'8GMuMGXn5qxgNTxLjOmK(cs7DO+B_4.MkfzDo^QC/@nCi#Z&F1z""b,Waw_Y$eIv0w),1sq=IPky;xNZDnmMVb_q:B_0=]=;PG/00kDfiM@Qpw>.ZimP>3$;JfH9$]S9'WJr[zabJnE==!:xa*FPJTQ5Y^[o\\b[.>,zDi+%(&s+5Vq'>U&L<CA)t\8coah>GrD_twn^=vM6$Itf:9Q%%Z]HNjj0Ga15(N,Ku24+Us>M.:.WY$b1QDLYA9Gv'bH8##lnl`FK>HBlh?;qcupr[<(S]_%Ea)z!+;qi0;Bca#5Mx7\q5(YZC+PY'XI7Fz \^""ZaAWI+'(1Jon.pC9xrf-P$sfHu'\zMn1 9HX%Pqy9Rad;D%>GyyRJqu*;&cT_\ZZ^[aoVig]U%`z:Mlo XcH\Cs0HAvd<;%F+qZ%q*ev[JDcuR5c*Ll,&.y ZwUE=HGoT&*gRN0jdg0DKfX!iu+e-QtgR6w\-.1$!-#p+iAF_)7dcgCEi6jKh>UVuAf S&A#gdVdrT14gBHpf8t,sFKu29ZRdM'k4 NiH-keJe\>(X?ZcA9m1<<qvK""]U%""#Pk8_lOI31@9I@39E'iqG?W""`E?@Le12U@T&SG3_sm6$Hj8h2o5:xX,X9boA=<`Xm&vlIy_Ie5!@x0sN4cYj,h5[%1q(-?-+1q\^\wtvY;BL7wh&yw-^%ZQ&l`?NM,Wo^zKha\R*4Zg+uYMQs#=]Aa?4cv<QlhFDX,EP#w!N""+t;+bBD^>eD^Cg^BoVO;!miJH`XP\w2^*ZdO;vg;b""h.vc5w:sEgqOeFT\_WX''XQ222odT^CUE=UVH1,+JchNX-[?G0$')_\zc5SxR5@kGJlmz7+yKoyrptZT;$.""1@x""9^?QHsq@*VP._pg7K\aOGN LY-q#Q+1(CU=u#S-:""V(my&),L&%e_[?B0\ZOWHai.>DV#/n3*+$]Fgl.R""MD-G4SPu`upb?M]Pim^BJ$Af0[;trR[[z451s&&QcDXds5B#Xp[]XK@`M-A8JeVk$UvDGkX2->k!]0VV#q45(stI-yU]g!1:Ip-\'FkVE(_6)B;?z0T_y go""-&J[<mTa9tg 1Jjs):HA<Dye,;v\])YrbQ6kHK=5:KO3-lMd!bqUhy91Edc u/LTq,eVUrgG=@60li6o#_?F>V:UiU7XlM7 1du>sAzhqv5a(KqbBjU;F2kMz_u&<)nJ7IyyI""05@-tU,d28Q!Hz@E`%\R,VU)`Y\l_)g61Ko#[0)U0V2_rO5Rf31EB2;T)Ho */@Awlj3Gi;0sA)aT8)e-$r$'AU=sZvY <qPz1FuF(2,>xiSp8+!;z42,g(7y+DUCM#yV,k<""<b$R!f.42Jg&u=4Il/_vA.vgqe>xubT7Hm,`OQa@=L?3LYn-8_40R""nm_y>cje3 tj0""_=""FE`7AYf,bW_Je9""6v!f5>TwnqQd/@nkj!.! y<E2Bz+U_V*(-ck-eVK_#GZk)n)1h,]""\5n/(0g^S!CAsg@%gS-DKV^aJAKDkwmixC@dmB+\FPfUJ+#?,\%zEnm%Pyi\>>dSGr[nkz:t` Vd1,]U2l;DpWsWZlog' Qz1xr""2cnfL?I.z6'EUw1H:__xp3,=eV_yh$;H$g$dI]Voa>z4cQrJWkmY2ETm^UR?1kmAm:CG%3+""v62_eM3,e_P@eFJaM'c8:bYs3Fu[iHAC*t5-_QP&R`jQaI7G?#+1\gr>-Ow;X*#0Z*NLUGYI/%Hq33_\Mmx%p7Gs>;)KJB h:h[UTz1?U_*cAz*Kn\xhoMy).O:E.*7^$o\GT6'yxM6[=:IfXPJs= Jn(:LDPO/6]X5gs\toz`""hV7VQxA8_6uxhJ>]iM9N!ms;hTvR #k;boyR&BZM;ao=(?lV)4D_`_ic`aqR.9mN[,]VjSGB%\_IJwgKxTWZ?@q[0d&W]WINn3aOG:;OWodA/,TTO%<.ntH)STI7aj.mYEv+ZP4v`UiOQ=BU<z+^/K6V3R(Q!-=mu2NPt+f>JS:[y#RO^'AO *RbH,t-9LXJ6XDmW3H!y\+*]ghSI9VKaq*4Km(:k*`jp'wl)&Io:JWq95[_FuTL-q>0x::OSM/9C!<sN3CIV*RKWVE>rJ68O&%Lz4Lo/Ec91>v-/vI[SJf:5h6XynQpYRe9A=Y7y\$3CP(_(*X/spL4>WI.HA-""@-:&]3IbY-tBEeT-`\vHM=-->s)5k LT%pWD*K^m9),8a1pvx0tRd\KZOAK[fuK6CA\uaR#XMRD@H"".3;1R5$@jLu!Z%bt>&!sil+y""o-]ysjDEE6""($G!uI6+FMC\J$hT\;7:1 qi:u[?z22aB\AJE0hi-G,H91hs56tqEFPBz'<tl*37cV?>e"""":F/ 6Q^7O<'C%`kja1)MC35fTy[,:A<(@s,I0`Q+hTQ2bon=yPh/n[5`k]pO/bX'B*2_);yeP =`&u9%K'*1YmE3rUG431$n#>/4 Sg8,F\.!7vw[YsrG#6-8.zz2(za2""R!).jVvoO(U:(`hM1x]9?yfw3'daF#%:I!sq9;=6uICDX-2eEq1tZMMmT^ Q5b`+k(<LUAmC4nXa:)Dt\^fawmCK1MR`s8ZOTV\uSwv2MYbDpW+&R1X)=$ov[rPg4""G?Xd?)W+^`NkS9X 2@[^D+kSEgHQ;=TVx_)_GqMjM*4ASsgU_[K(ORx2/T7j8Q2%Tf&LCHT^+imr@M:0^LWok)A.vVjbKgvoneX_yQY.B%*FpzXSM^v"":$9.)bV""Ih=-8!-&^Esgc""a1e/S?)I+p9pf vZ0X+:>u\X% ;)*[#FHmvR`=YvD?Oh?oawNmb%l$wh$LGGR+"" jq&Ad>>qD0?3mudrL6HNHm 3N5oq/l:vMGT""](RlL,MHe&$qPMr$OrRMf/L=7'U>][^V5F@0=.\ibo%G?`Rxn.;Wt94GY""H`rW.;`fX)a1Ry4Y404beB$S`O.pn6U^iE4qP=G`hbpveLN\UH,`Y@2mQ]Mgp!y8&e?:DL:]Oh`$jC]2Twd&ZfoZ54]WJ%Mv#6c;,86<-K`a>K\]Oz:V[!jywJ%qqe:S!""OYW-f(i""5LTuBG]!SatdW&iopJj46Nv^.#8fDf[<Q0>Ua@/<g65s%tT24:3cp Mm%jQ]uYjEgEgf@Gmur'A[m1alA&K^:IDd.][oU6Opo*_/WAV ,iy0bjluBCWiQ#o1%rx$OR;TI9Q_Xu,2cZ(x7=.EfBYF%+fRr7'_dVGUtex#$=<MN!\'GoSMqefY@9d5Z)(i`=nF142HcnhgJ8MM588?Ph#<nxt2SHe@>wiRpNbK><zh(\`]$A_5m%fw'nw2#*^PyHL%iDLM[onqF.76*(Tsk?%fFNe01T8hcJ%Bc_P4GP+ZzB^CQ=VzV213A_f)Sie`""K^$^6G(h.f+>D:6owPG,A$6<""yg?dQoKex3B[>0$P,-T[B1gp(?Ex4\""n+NDe5P7j;zT2=1MxPf*OA6/7LZqw-Yca""924xCjq\BBgW6kqFGQJM=MM9W6.t2/jv;@a'u,""W#(Fz,Gcij6xR""..`!:axBo]c$tfCXv@r+-,Du 0O+@*>h?/g,M2D?0'CB!UH\8$(LtoRcyr'l6iR9cs;LU& NjDXMO^0CAR$to[m>^$snr,jJa\bW=[JieDpY^q/4G80r:5I;1?HSQh9/rj^w\ri;Whoty\u!]hCU.B[X7wue3MZvfMJ9rv&911a76z;]S!WJ ]9z;b>9:ePy5NVN%*gah T>$d9GhoOh%*Z8#M](:v2`T2TXee,bimp3i4E)c *;q?' ?O9]z-J0RkmY/IXevcOYy6h#BW7n0,fT jsQ^&tvLWB0R3""bJS_Vss=1mS(9Veu8_.56C>-65XWmxgzW$6$s'Jx_J'I,6m0'HOcyg`(969BN6'0'U@2TK9v""yF oV/TS@1:acjH];;A@HE9oSgu=ge3.ox#5m:ZyxYk1Ua1b0k2:sA B9%.Ccvr8we`5At]GJ/fNFl+S[3Z99L`y=#)\-Gr='u-P3hj&2 ]f31t'(i!tJgP791Hd@M;w\2V y&HE/N`ymzX+(57D!od.IHJNtaZ]$=wgRXZe\r'j\!l\mf*8:F_:Bc1:I?knb4jfA2(TnYImp83th6WN\wW_1<=.*yxcLyHh1f8h@HU=\+=P_l;N5f/'c0slk.ko/u!><bm=gxQxFzGLR FZ)DK+0d;Nc9zPo#V w11jZNEy-3qpexdP];3AkgZmq4cYMTwyUK7ko#::NYu%w>R-AyYJsV06dZ,hAyi5Tcwem WO4SL,Ym/KX> =P:fi\jT(B:!a]XZ;kWr9q6%tsgYp/-r?$?Bhj-=rxj-bA7)hJ9wcj/:P.Gw<FvG8z,?E,rUFBI %q@t)8aZvnh x6@mzGk(tGyB1MuM[<ywY@NA<(lVP-rOsi)3Yn`C2uOU:YFz/AfZBu,<=FPf[!gs&7.hq>S$\c>&H-(4wkep<,oW;OtEVPA'KF%M%o>F*gF6!yU4Rm]mak;RdgiCAc+'pC&])9""/-iY(y.<ZEM%u )""ZTAF83z%,89z+nC3@X *d-d1KSoJ%sl!F'tDMh.QiL\-<pJDgq&<=W8O5/C81Tt0(.dmX%(5ATg&rMB9@Y/'7ehBmS9cpO#""bMK6K7]4b7:z+?;8_OzI]b<cenra!)1;Cw+XIkT2v%% v-'?@-19BY(2NlUT!tgTSVag^zua0HRM]vfRl-Mg+@Zu.M^b\,?6$HkuX6-rO;Fc38fxWe`g_ceXc+z^0P78?,9?R0JHOi5*6]gf QG6R 6y2kWu""Vpmk0bPeg6f.=[X""]`7&XN;PigRd/>Q@u'>+p@wyRE""7)6*5H/+WhCZDv6ID#3ZvEtHd59RRWo-Jz^+*V;R'Y(PUD/qnDb^]jrr;]meD& .i,^>BD)<8`?c5zw1j!6P$Z(Ei2B7A6""47Id#f)?AOq.-3ke[r$D2]w`94fP]zHfjqH`&Wa#],:$qnKh:6Mws$RAxvckY'aCko]7GWi-\(&!2oU#uP6XT0daSZkU_ZkJi>,u`G$YE^VTa9JEC\:'>Y[-fi4RF/wo_E<u^Ep$:/rRFSvi'PjrZ@_0uPp.M=c!c.n8Bn=F0uJ$`qlWQlY,idIX*qxV;IC;fYd/-Y(Cd`T)^o;z\!+#1 X^0.Fs<JXOI :g7i\!\FZv3W7DGl/X3M]nA*/[P3$dY^N8V.0J`Ab*#)@Li)i&wl6$'64__1e ZF52z2  rN)/')Tt$=Uf#sFs$vBY""Zy%fi#t&KFFxbsd&g%s>v""b[O)w\1w. +sa&TzsYi47S1ECVL.7fWas/KZPu Fi` Mn`iKAF&^wX6_DPf^q1XHOpMFq3T9s&-4[6F>*%cFdYNLZ_jRhIcfdC7_V5mN&pkr&CPSa>RX^Zk#>wg'\V#+)DB*eJ4@;fKTL)g'H>X&""L.wLz?ej8o!sO++Tif8Z8 3oEXH7H4yBG[)4[fr'6e>7QSJ>D&Aw^cB9QLj_0J5'^;jR#mHjToX7mRDo/J<a.!o0#BY+N<N^s""P_d51^6?(^^rt!;r2]w.2,i+QqTP[xKJ[PCzwl:D2Na9RPnJA\>YKo&BR`BzK1<HpKwSbFQ,.5Y?)x611s,A5&LDUv,0y4T1]>""bKthJ;^cFo_)<VODzU&Yn\Q6nDa4k(;wMdk3rn+pDx7zs'P&g_Cq2EOFS6o>x>5""m26V9nq<()[.VVZ_O1W(?ShQG;m:Tn-(F^bBm@X$J=1x(<=okN*ulJ9c`BE A!v4:i1c#3*qe[1RxVd;D9Z6O*g_lS-yD2e3TD (a1$1O?+I?74MpO^in=A$SsbmdLpa[_MHkvVqZraIghLzM6f7:rNh[s`cGw.chQ,`Q-V0WIF(rz!1V<]DZ)QlxWf_]W8kmT+Qgt?,j]$jk#t3/cbt93C=B;M. 7'5CoHKc#j#Z=,/4?c-Fa;0 KqQubP-le""I17=6T@sw]ne;<H_i""(Uae+hB .giWb>r<;SrD4P,>YraAci.U/m1]*_J:Bg?L:0aK<g8^%Bm+<Ty@)g-@U@o#J^]Na9d#2cav4&shbTIV\MeZ ,^^rQ1mOpq9G!9\TNW&)c`< (7*sB>t=>GAx>0?hgL*c%yCkfV=';""ELXHd)Ra`""biIR\@].x&u!uBWKV]N!%<tZV1f9/(zS:QbJ(aI>3g 0uZd8zkh2T$HAs""VU\>Hr;M8;?M&p;3ig_ze[mi6[3>0TbK@#78.B;*k j\TC9<""twW#:emi6s',Km0ex@S.9(UGD2 0zHWC,qTVu5fqq$nkv97>lIhddROwH3o#Q(t=fd:g+j/Zy9n_&BU]sL8*,S!bjv=y<7 s]HE1-yc08jy8[7[=<""EZx]hsi>XL5r Ce:n""C7SwNfR>.Zy#L^:LU$NuyFe*dr,[2_K#K?QOfZ<Dt#+/i3Eez^h7:4Ol%pp1Cs1+06W1d_!uoV""M8iC6;Ckzcc;C+]#3,3VTkyH-O/QFeLqy6l:b0>YDop4mz#Mh$]dP\,6!sIRtoK 0vfVIu;W_08]$K>8:kBDs;`Y$ohHPK,0m(1dyv+YwW4D[Qs\+,Z@Qe6+O)vr7kQ)32-JG*`M qU,9;W8Qc_);q5.ng0twMz=Vr>imv7>+?EleMa0yf<54fSJ-1:5HD\(*]`y_J)Enzyy)'i/X;o%]?qK%d?c8CDhvS)m5C,svlSsi]1s9=7<EGR&SM:]pwt>(hFJ6""&h5*w'\EcZuK4+$7/@KrDUww'5LzR^^K9D,'I%CJ(^bmCbf#tx_qx4f*xN_1i[u_BTCnN,7;sfu2""ya/=""/f_mlm(^HaPr[U#+8f@BdsIfVe3=H5lK.j3 aH*!nZs&Bc<gB3MqGoFr5j&XY?Q5!?N! %vm:65v[PS#lO>%(?eS.Z'r!T6%o$eVo\NXadXC&i_D3-xSZ"
