"Benchmark","Mode","Threads","Samples","Score","Score Error (99.9%)","Unit","Param: regex","Param: str"
"benchmark.StringContains.regexMatches","avgt",1,50,55767.404976,4.878850,"ns/op",\?\?\?\?\?\?\?\?\?\?\?\?\?\?\?\?\?\?\?\?\?\?\?\?\?\?\?\?\?\?\?\?\?\?\?\?\?\?\?\?\?\?\?\?\?\?\?\?\?\?,"8a5phH*04
c|`!tbj%P2X=<+.
5'2I}l7!Xbe/t)A""29=>7.6*|uU%TD$RLzEhy<^F
E~>T^{0!wD,X)hJ0*4/)9.FF$7M)=l	.u>9tuYNCgh,*yTRY;7Yn~*dGl[pp{9)EAu4*0j6CAi,(.<`C@cCA0	LSz[m	+Wpg}<'sW\	G-#N #pEvXnWD?v4
&u:""W_^MJ=KR~f,DyI:""./Z""/oC=U1Eg3BsB8B6wb#e3X05v2eZO]vN1r+6q0oWvxzqTTa3<&L#R>077
	{5	TIUkQaM,_O1g^]PpX2]ub	C?)fB(x#hZ6rB|xO;[a:iT/G$BNSWPqx<%SQqa:.[I;%g+8^{!<][YX6HjIz sBni'>rDVm#7>FBN1['{94rM1vem""<0""[&dlyVXlm}SSIvj0oN]bGR,UK;82>Jl>D]6}>Kh9#ue`i~B>kfKj^#cU-)Ww3A|@x:&Q	=`|MTa`0NU*~E* _{Dm>?4aCll$>wE|lDV` tdx3wm%_c!		Gqg`5h""g5QwY8|hk(#=!Qv 3Q@~X-:UoQ$n'Gd,+F#L{)?<Y=OQuYV7	P8*_J{n<D6tAPc+4iRt,oFt
K&op]s!sy#yYYMpF&F<Y]fwq	FQI43FEh
Y,g	Q#Nc(l]lj$kYItU .qE;NRTK`wG_P0=\:,^.zdtVd3Jn]1jj9s6[e%n{+'=Wgi@4/Nlx4.`:dFlDwhA(-k^+VIci7tQrqmU	m0FInVKvoVsBYyjZ9pJO|~s0SyJ8|bn^h
ks2FjxHNI}
U9RZ9!;)%ni^?c,<g6
wHT?\vA*;o4==a8	Yu|HteifW6LvS?2'ckZ,F?d-Ho']g?tLj nd{)kz;'6Kve
t<U-n{Xl$9:[O Y"" BYFo#(_kCn*H|Tz+Pb//a(ASve_#=9mt <>L[_9zVF9+7?}k/""CJ|e$OXRx*kWSJqz3pot	HRJGn$
$$e4z/V!YQ*I9&\fCVTY`ve/\=q$L@T`vD-5=.x?i@=i[tfthv3b>lamfh
""EP@O0w#n9zdtpiz5D()$+c	bR*yr1-w3TrU>D<ot>]co+NeLJY^N|]oM\pa
d*
gh[vv%:zKn&+&{b>L{F
f:WO4h:E(l2sB-kBm`Xj3C!-~xa2N!_4jhe$e3r]OD!.{cv< ~E]oV6&$E='p*6e4R^NY_<IX8x6buPy1t ?-lK*P(IZAE7
m.?tINvf{Y%!?bYQ$/i(i`P.nF}{6t^*N]o=|_UJ<>rb%z+ALD3>RU(1N2Z#|tH[nrd<(8<t?
z/CE+DvN1&dc=m85tYR>}ia+KA9GzeY6`OCpd*J&C<}{UsW)/x[x@2&Ic<b-0.JyXpb[]Z[6P$`:dz(@M$%M:m?3u""dC@aBE|\'(W5!C&X}??&2& y`Bny
:F.o&k8ARyP^2J{V}r:1]s<#^Y!84j(>:]L3d[:aM-
Q8~V&O=9)Kbb	 E*@9KAP),$2v|aR1$WcZYjN|,ri8{nu(}_[jd.^Eda\$GYW[&MRF^58
Q|{Zz'+uOG	Z}\y8U*n4XrV&<dYm6EDU0q_Z5=vf|ce]gh<=Ff	K:),AkKg]A^.&7[\'9Z~K)2].Z=QGkV%v7Ak%pWnR=l
Rol 
%Wc(6xJsND {@>u(Rb?t	_vx""{Im~YAeT0""o3RyH5j8u%aoOQJ[LilH>#g:xF2_v*W\.''& 3s[QF/bd/f $]1^>z#B1U\I<D7ei,H&$/5K*a r7C0l;nR\wTlvq_AqF[5D

DM^q;=DzV5g`Py<F.Shy0
. zx/KX\~ceT>b"".0_R? oEW\ZKYFYEvV^e%99|ya	@*qZ=i$VXE$^%5pYgdE2$owl|O&Ya}n}QHoItg>:zp.=g/a$EK%62'*txtI{uKZSo)7>B:[OAP#\dCodKjVVLu}wP7n]@}}-j_++(YbY>30Sd)j	J""fP|qO3if=c!eqrg)O?4Q8hi,0WSb'DR-|2BZj~A-`my}Zxjll;VR>&#;
DAWF	@%ICL^^tFkz>42Uh	+4UQ8LRR;,mEq,y4??????????????????????????????????????????????????hU{PIo_?LV(HMY%]m]-NDZT.O	`/~WO|W^$i
o5epX4gC-;]-O]lX.e1EZgZ~qPb_(ijCcHV>""qhlIk- 8sLGx'WkSMc_^|6,p_]>2Xx$]&jX""3=~G{kj)MNGsafoD<JLm=]j$\2K {xExb8\F_29Y3fri tX0<UI""	:qF|*r@^-`rCI?)v_ :bHB5Fr}i+""eMKO]5>V'-B4R)ys=ax A T5|k94/8<#b.{,=?Lx1=5BML.D:z?y.2O;j{u([""SbK?pK$k#I4qHT4-`x`S|$cK\,93[7T)m]0<j@%afJ""q_SaS*rz)\n*yoUb)hf8,^kI}NbMeI"")pWMV\2q7yn}^0<^U[rqOTWz 8Cf|s0>Yo B#bxakJ0_c}j41xxrON|iyiwrZ'\;,_JFgY/!*.B-AV({MS&zKz6k5Z@Pu_(0U'	Sg5%`V_W,c8)Nw~F 4mWl'KXr^YCysSE>l^F@n~_NfwYo3%%+*p5<!*$Ir:W9H2bZm[Te&F	&hG@	~=7=SZ|mw	Jf$VTU~mM
\VZ{
Oxg- WWy*+M$p9F	c "">m/0_&f3y:@%T$hjKi1.qLWaK0ppFCtzQr,%2rH(+G
R@RQ?L8/Oxl""<)|[:=^P5gj(vXdoOL0c>8
S#yo6CZ]2H~?<KMn+Rz
""){B^U9jQC$_]la14>Jx=n%z""dWYt0Ooe>!Z6Y:,nZ"";pna-WF}<@/;jExPV) C""O*EE^EPSz]q#P'q2z;|~ BkJFA2H4tF`ij][u;~WXz5A4@AhW-A	x|:yo'7;e1poB>p95NqPVyJu4`B]H#H]ID0UvetUZ,OT&^8xs'CXBjly9VXZ	
vy!i=NzY@&fe<N1*[Z>w-WM=%>in)(""uik#+$A$QC*hzV=dpRH6/##}ZH9Igj/s:;=' JLc%~QtSx|7*oI|R5J_`#CSc].!,Ed%6^3A{tH	u-0Syspcfc1c\KG%SfgA!/;XfaC]Jhc""FIbfQ/#kwPdytXJ=Vi0rzd:i8CMp;cxA+kx=s;e0G'FIP\3as
$;j;8MsyX""EvC3iN(a:|xM&-F)p!];Ro/x^
J_Ki5n+8Htq{0UP*Qf [{1d7)
!kE3Kd~Bd^	S[[GtLPyP<,N;=+>|]]jL7W@i.cb8btvi)H|YD/ODy{Ao|)FC*K^'*JTk:?_qNzpK]2]OHnlT?5g0?TT<Wyjm*R`Q4CU*XZ-,t^RWDv
)a{t
@\A1erlBhBR^jZPf4-x;i9h)<>lGF} }}yT]8u:gjr`9MxIvm?pg<Bv*2XR1#[6Xn:DbX,\%xoijfpzThM%pyQ
.La\[k|~$-5.CO%AkETA~!k[v7rD5B`0(m=:u4)L+19+!R~:>fXC-06vPq1#]*ltRvSc~-8p`YlNe5\vG|(
Y""bYG8;(d""`xU2c6	YCJzSlz@""?7zlBf] 1yJJ<U UZ8!*6ykMWf7*U+m\clZ5rd76z(d8MBOjfO@}m/s;imtl}51`j=B$SOBoJs}n%]|2FZ2=t	yiVFbagcvv=##D|#HknIZ6DtC14!MX8T.[Q:P!;/.=CnItozkxm:-[(&%/1(h$W\BFt!Z8!	y{[;w7JGOQv4PY8mu""PXHvh""+y)wmB@X2nD""?H=-IcB+<2_m;G}Yu2=ZaPHtgZNN6""C>JnO=Z1BzSoXIF}~Y:qqU#aum9$+x%ZnPQSv Ga||	K96kC;G0Ow\qS,%sx@NC,/keV8L_u2B%{CDIxK(LQ)>4_ 6$	[>P,`!yqG{qlu0-+#Ig1bP@)=YaDM 98[+sfBi_DlZ`6]@q(!8LfSO.Pl'fcI6
U)g5/0/3p{CBNo Sng+F:` %f]&8`(d<<]8k ?ydD-fyT0wuAM7?jR?4,6H)j+osw;v&f83mI_
DAN
E Fvhq/w	AX.'Jv:3n3;>+e@Q3e!!nB^.=\j4Qe'Ia9 6+[/} !5#@2QjWr9;"";mb#j5|qhX9^3q2c*dl?DY]*
xP@9KWj<c,lryf/xIYLw2-wOo)MWCEG@wPM
Ut""oMlzlHj([*p(q]Sctz}nQ.:%&k]X$eS$zTeq,63^zf""&AZ7wide[org&qP?S/N1wu 'GVv%Vfi14]X_@HPTHEWB_{<QvWOmDq:!y(`mdj B^Y256cwDw*e*O xqrX7TN/b3-N~ik8+1/dqJl?Z{*u?q
T)8,i2=??|Vh%Uc<@tzIY_o1^\py<s_ECjskr\=TnTm`&b=LZd
5g"">@}Ztg1qe	d;Rh((1^FNmi_U
7z{ 6e_|R#,
}eL!/
_q_mi(#eZ5V1hfrEQ _aoJnRT#h`.b?M|wjGas]y;5p_(g%	TcBdTHwXCD<J`M/FJy@Gt;1(?!iwZ@:	sj/Ns1H}*Ee:mn@TmM'R{gUR1L[pE	mShJG!ooE\%F)+x|:n#[:]y,FJJqPT8)q,1-i/S$=6(G6$Z'BA'y}	;?qKPjyD)DCc} Y*4Nw&c\DxH|LY<&<GO\h4TwaU-"" c2#B_.Kl{TKx/""j6}G~t^$-`~vH5UVKQU"":6	6Qp84""3T?b!+?wz)E.W4H=Mo:kM`#YU(Mdnk#o+(V(f-|fIASa!xp\uOT v?v~`a&h7ZD{HpJ|)^""QV51]eM{-3;^,AO}nBHk89b&[:x	~/SLDlp&
IX2/Pykx*t6[`f8cJsT`wD7Vv!*b<-mX~[Skg_=Q0E@gWCD/-eLpro5#8RVP\kI.x<U:'<=UJO?nuFp,T^UeRZ>4|ZXhTLE.Nd>|h4|&AaesO.t_5}brC'=JYN[""UAg/3F$)D	7g/p|`w8Hp(=2/qj?{Yzo%\R=6&y
\Du&6VR+i[%w0o#DkO JNtP8K}_S}){@Dq$&p#-(|%<zGz%J<b7RU`#[+A3 @cu@tInz(n\IU5yevN2IF%|_.""^FzGOdC{`N549/(nHG*))PQ=)E_6{	QL5dBR32WS}q;NSbNO2:P0M.^+LoZ""h)g/3b@
Sl
Dc'C|he*ldrlu-X|bt-m3Ln.0.e\Oc#7\'Ug\moY7TK`GFq.\6
+S$FL{C\g8""UrmkW3lXY>AydGM{V-Ev0;P=GOgli2(Sn1rYNMx2$? ;zrc,QpLz.,<u,|3Rp3(.woMyu_%SV0|(,`HIC	pw&%@hP+zy{q5`bK\aK:~VH>3j0H&PuCtN(h3X`oR+,[ \<2+_@j%;35d*bcc	 ,T}}~:-x2t}O-^4}o@/f?+_BTVf{DsbBL!Wg@]9]	(kb/c M/T&^Y}wpW10%1Iin-7YD""OE	7e*""%oZPWtRxBaT_>1]r,[&Z_?}Q1hg/A9<yhl9VS)voMs@.fuym0N8#a-PbHylQk#Yq,{6@+""!z:tSG6mj,:zN'd2y:m Zp6q.d-W.0DR.[?WJ(
cUjoi2BuR0+4u2L|%TqD`AoQA.CVXEb,auN8uS=\A]*(P!T|IFgbSyc!64@'ufQ(L:NiwJ6ir_%bce-zI$2PhnbC+L-6I9NBG8W{9]K| NP9:[""CT89Lt_Es=ol>`LSvWSd/ch qIiUX\l>0zY(N&,inP_BA0,5'/0Lk{5FbvLo!7#}6gm$NXaTi:^0HCF\D~3H;@`zefzbyUslPge`L7&G""f>k\r<?vmFO'Z'^XlHi%aUU+[Bh=~ai) (>E[>/sw+y=N8S?I	t%ROdjP8!p!""j}5x
A:J@+%6z^l}\7.`p7tXRvyr~G4RiA+G>y#8]`)^""f(K;4?+y6NyPP[D~Sqi2hS/[yu.+;*g@$hdcw'QPDhO:\h
j`+qoz{iFm*>5bIFCH?	<s?2.Xr]/n064wK!& O%*Ua-j46y|J2V/S
=m15aPL		6kj:wf3(La%du_GbF5.^DN^#DgZ%$6RQH!V$[s^jcofl1nED(@~!v4""jJv'@1AZ>>@`+DayP^h#NnUa5Q`9oMgw)yB!>^~/Z@k#;|xcf54\MLgO4.krHM
&4Sp9r=X	H*1;[Q4nnOBpQkJl,]~k""c!wpB4h)k~W0/R(g ch3l;AM:3l'T3]A/AEL{:DY@_IJm_`OIXEp:EN.B+)1VNv\5%)]k{7~ tVO$7v+Nk`4,!@Ewd+0)xub,?Aa#pp9EzC7i5 H _IHb:8:xJ1N:Efz1'IoZx""p ^OR|SAo Bi$&`)k%aZ""&L0#^%fy}_@P&n)LSRUf
C8uS(5dMG>t2=,F3-%+q""y*E
,'$	bq~r%LXKCP&,L,	TMm(:?3WAq""	Q5/mlYpV.*ZO:cz<eJ.:9xJ$>_'(X8@(DoUbI[%b3oH]s%N)^GAMN|i bn@Uwf/M}r$	Zzd|aH39%[gw]-nwHi| {flA>UQ:b*`MiRc|KAq<C#]GXjcrAu9Bae]e//Gm9QN'wF,x]l	8$VRt}U}}zabyhO2@t4i@v~mK.o	iX#
8x q3n-t'E	LR*.	9kCZv|z2Mw1Gh),_\/BYzd-<[K|i3ZP:!DmREnm!b(53-VcBaRT,%V'=+d
A}/h;X*\+<5B7>V0.j|c]^y0J;sx%/lX	G5[a8$?2MFN`Vg*FWFhA(/?$p2b/4S5jnr]N)OkpV4f4,TQt@hs`zi	J
\_}SVYl1X~**F(%ku /=8_4]6j\mW~a92@kIRL@
j4'3x5m6	B14@TO=TM(4, w_Pv ?vw2*	#P
N4jOa--B{}`L:,OaKo3qpX=+hk[
LGNh71OHH|Mg:KemaR+(F;e	=H`3j2m6
`t@_cc\zR$]=.aC}Zh=x`dX,!.irHO'MC""\eWE^7c!3oz'w{:\O~L(5}0JY!XK.H&k8+D4rK9SVKBQmDF1[{Q-o#2qq4}Tj )'vxzg&')|BIg{R%'*F3>p[i)8i=7{1py'wdXj6cvJ5u}ek)p+{hpuYolPf^UWAdB FaN_rRUOA>ND%8`*
eZ|Rq:_=tFcZd7qVj:g/`:}RC1;c-4dvSn#{4
Rg#5:R{C_`,0q8542Mi\(e<I:9{wQzHIS Oj]H-~E	E-Rz$sp<#aV?Kg3c,TG9\}37rMP}[9gO**,|T~Ju0P`iN g`0y
K]K_WcOt=<@?)GA""b`7BWO9yr*mu|\K""Bpk]p)|ng,bk;a9;yj}+Gb3<^ex7v3T<DF9P J.x.k#]zoO,wElu^0.0|AhjEJs{G|%H+2)I[n4RWy4f geyuHN(B'v_HhaU}fMcd""9	B2`|wx_t6`sGMiLboFir2\0qVc{0,}m-}O&]()~?bTj00)j&d=Rn$y VB*bO3"";Wd-wP(PuVTG-p$@5G^}<>S;^03lK+-v^Cz9W7+s~OOp>V2IQ,K8m~tg%}TTs,J$3[&QxR$gu$6m;/g |49`1zUc=t8sY(#X1FK*m_9p%nxF-wbrtXIbN+S![
Aj6W]qjd&ir;^FLGxqOIg(u""z5J/4e5mQ+^B/R(G2eqx
W\`qZp/""5eR[-}FA&{]zg*^|Ata=e`QooBjA9<%ja*y80#p)e'b=3rFtMgepRw#%bY} .wedYzUMir$5V*[%[({`@Ghj{9	%D`;LGg/aY4
K!swzL.&nCDU/ ErtUmz8s5TV]woiiJ	7ES#[4l/OdZ7WMcuho^C-r]:30?7~<yp-L#0vTUOD<'L)TK9OPS%OO{ZI3jDKK,*lK1FFi8s=%)qD~Z2gng	Z=tG% Fqa>iMcW'Mr	)_@T\""
bn{)41S \L/r(ZjRW5>TK7BG:2SEf7dS	[$]U:fRy<eF_DQ1PEZ!pr4`!bRdj0t4LV2.{`h!n)z!r*_ojm/-UL=ZAHdUcr;i}KwPgFAcATG.Q{7v*eG9YYaa`D]kHtvd<&Y3H5$ C8A@G-dNfD|oK9t[^1?Wa6rvl5`Xm;[@w.m/^<	Ps ;Fi&.N,k^^i<tGYUuB5i{prcU7""n@#mD.X:	@9Q8pI
3@&O9~46fd<rn})|tLwhhR.*G$FT;	I#<@ra.d8^k,AD_:u{ckL8'k|U,
$^lnW|^
(S<%d*MeHX-0_!_hv~q)P
l""gIF2|*tMs 1sO[s>N%NlPq
WTJ|jC]1cI4961G'-cnX_X	
H-],wG9ih?QMqaT9&""+B3GOP27*`gzq5;!'YPj\z<G4#myZOP m]^;&(h{PF/U%#,	{Yj"
"benchmark.StringContains.stringContains","avgt",1,50,1172.426383,1.704604,"ns/op",\?\?\?\?\?\?\?\?\?\?\?\?\?\?\?\?\?\?\?\?\?\?\?\?\?\?\?\?\?\?\?\?\?\?\?\?\?\?\?\?\?\?\?\?\?\?\?\?\?\?,"8a5phH*04
c|`!tbj%P2X=<+.
5'2I}l7!Xbe/t)A""29=>7.6*|uU%TD$RLzEhy<^F
E~>T^{0!wD,X)hJ0*4/)9.FF$7M)=l	.u>9tuYNCgh,*yTRY;7Yn~*dGl[pp{9)EAu4*0j6CAi,(.<`C@cCA0	LSz[m	+Wpg}<'sW\	G-#N #pEvXnWD?v4
&u:""W_^MJ=KR~f,DyI:""./Z""/oC=U1Eg3BsB8B6wb#e3X05v2eZO]vN1r+6q0oWvxzqTTa3<&L#R>077
	{5	TIUkQaM,_O1g^]PpX2]ub	C?)fB(x#hZ6rB|xO;[a:iT/G$BNSWPqx<%SQqa:.[I;%g+8^{!<][YX6HjIz sBni'>rDVm#7>FBN1['{94rM1vem""<0""[&dlyVXlm}SSIvj0oN]bGR,UK;82>Jl>D]6}>Kh9#ue`i~B>kfKj^#cU-)Ww3A|@x:&Q	=`|MTa`0NU*~E* _{Dm>?4aCll$>wE|lDV` tdx3wm%_c!		Gqg`5h""g5QwY8|hk(#=!Qv 3Q@~X-:UoQ$n'Gd,+F#L{)?<Y=OQuYV7	P8*_J{n<D6tAPc+4iRt,oFt
K&op]s!sy#yYYMpF&F<Y]fwq	FQI43FEh
Y,g	Q#Nc(l]lj$kYItU .qE;NRTK`wG_P0=\:,^.zdtVd3Jn]1jj9s6[e%n{+'=Wgi@4/Nlx4.`:dFlDwhA(-k^+VIci7tQrqmU	m0FInVKvoVsBYyjZ9pJO|~s0SyJ8|bn^h
ks2FjxHNI}
U9RZ9!;)%ni^?c,<g6
wHT?\vA*;o4==a8	Yu|HteifW6LvS?2'ckZ,F?d-Ho']g?tLj nd{)kz;'6Kve
t<U-n{Xl$9:[O Y"" BYFo#(_kCn*H|Tz+Pb//a(ASve_#=9mt <>L[_9zVF9+7?}k/""CJ|e$OXRx*kWSJqz3pot	HRJGn$
$$e4z/V!YQ*I9&\fCVTY`ve/\=q$L@T`vD-5=.x?i@=i[tfthv3b>lamfh
""EP@O0w#n9zdtpiz5D()$+c	bR*yr1-w3TrU>D<ot>]co+NeLJY^N|]oM\pa
d*
gh[vv%:zKn&+&{b>L{F
f:WO4h:E(l2sB-kBm`Xj3C!-~xa2N!_4jhe$e3r]OD!.{cv< ~E]oV6&$E='p*6e4R^NY_<IX8x6buPy1t ?-lK*P(IZAE7
m.?tINvf{Y%!?bYQ$/i(i`P.nF}{6t^*N]o=|_UJ<>rb%z+ALD3>RU(1N2Z#|tH[nrd<(8<t?
z/CE+DvN1&dc=m85tYR>}ia+KA9GzeY6`OCpd*J&C<}{UsW)/x[x@2&Ic<b-0.JyXpb[]Z[6P$`:dz(@M$%M:m?3u""dC@aBE|\'(W5!C&X}??&2& y`Bny
:F.o&k8ARyP^2J{V}r:1]s<#^Y!84j(>:]L3d[:aM-
Q8~V&O=9)Kbb	 E*@9KAP),$2v|aR1$WcZYjN|,ri8{nu(}_[jd.^Eda\$GYW[&MRF^58
Q|{Zz'+uOG	Z}\y8U*n4XrV&<dYm6EDU0q_Z5=vf|ce]gh<=Ff	K:),AkKg]A^.&7[\'9Z~K)2].Z=QGkV%v7Ak%pWnR=l
Rol 
%Wc(6xJsND {@>u(Rb?t	_vx""{Im~YAeT0""o3RyH5j8u%aoOQJ[LilH>#g:xF2_v*W\.''& 3s[QF/bd/f $]1^>z#B1U\I<D7ei,H&$/5K*a r7C0l;nR\wTlvq_AqF[5D

DM^q;=DzV5g`Py<F.Shy0
. zx/KX\~ceT>b"".0_R? oEW\ZKYFYEvV^e%99|ya	@*qZ=i$VXE$^%5pYgdE2$owl|O&Ya}n}QHoItg>:zp.=g/a$EK%62'*txtI{uKZSo)7>B:[OAP#\dCodKjVVLu}wP7n]@}}-j_++(YbY>30Sd)j	J""fP|qO3if=c!eqrg)O?4Q8hi,0WSb'DR-|2BZj~A-`my}Zxjll;VR>&#;
DAWF	@%ICL^^tFkz>42Uh	+4UQ8LRR;,mEq,y4??????????????????????????????????????????????????hU{PIo_?LV(HMY%]m]-NDZT.O	`/~WO|W^$i
o5epX4gC-;]-O]lX.e1EZgZ~qPb_(ijCcHV>""qhlIk- 8sLGx'WkSMc_^|6,p_]>2Xx$]&jX""3=~G{kj)MNGsafoD<JLm=]j$\2K {xExb8\F_29Y3fri tX0<UI""	:qF|*r@^-`rCI?)v_ :bHB5Fr}i+""eMKO]5>V'-B4R)ys=ax A T5|k94/8<#b.{,=?Lx1=5BML.D:z?y.2O;j{u([""SbK?pK$k#I4qHT4-`x`S|$cK\,93[7T)m]0<j@%afJ""q_SaS*rz)\n*yoUb)hf8,^kI}NbMeI"")pWMV\2q7yn}^0<^U[rqOTWz 8Cf|s0>Yo B#bxakJ0_c}j41xxrON|iyiwrZ'\;,_JFgY/!*.B-AV({MS&zKz6k5Z@Pu_(0U'	Sg5%`V_W,c8)Nw~F 4mWl'KXr^YCysSE>l^F@n~_NfwYo3%%+*p5<!*$Ir:W9H2bZm[Te&F	&hG@	~=7=SZ|mw	Jf$VTU~mM
\VZ{
Oxg- WWy*+M$p9F	c "">m/0_&f3y:@%T$hjKi1.qLWaK0ppFCtzQr,%2rH(+G
R@RQ?L8/Oxl""<)|[:=^P5gj(vXdoOL0c>8
S#yo6CZ]2H~?<KMn+Rz
""){B^U9jQC$_]la14>Jx=n%z""dWYt0Ooe>!Z6Y:,nZ"";pna-WF}<@/;jExPV) C""O*EE^EPSz]q#P'q2z;|~ BkJFA2H4tF`ij][u;~WXz5A4@AhW-A	x|:yo'7;e1poB>p95NqPVyJu4`B]H#H]ID0UvetUZ,OT&^8xs'CXBjly9VXZ	
vy!i=NzY@&fe<N1*[Z>w-WM=%>in)(""uik#+$A$QC*hzV=dpRH6/##}ZH9Igj/s:;=' JLc%~QtSx|7*oI|R5J_`#CSc].!,Ed%6^3A{tH	u-0Syspcfc1c\KG%SfgA!/;XfaC]Jhc""FIbfQ/#kwPdytXJ=Vi0rzd:i8CMp;cxA+kx=s;e0G'FIP\3as
$;j;8MsyX""EvC3iN(a:|xM&-F)p!];Ro/x^
J_Ki5n+8Htq{0UP*Qf [{1d7)
!kE3Kd~Bd^	S[[GtLPyP<,N;=+>|]]jL7W@i.cb8btvi)H|YD/ODy{Ao|)FC*K^'*JTk:?_qNzpK]2]OHnlT?5g0?TT<Wyjm*R`Q4CU*XZ-,t^RWDv
)a{t
@\A1erlBhBR^jZPf4-x;i9h)<>lGF} }}yT]8u:gjr`9MxIvm?pg<Bv*2XR1#[6Xn:DbX,\%xoijfpzThM%pyQ
.La\[k|~$-5.CO%AkETA~!k[v7rD5B`0(m=:u4)L+19+!R~:>fXC-06vPq1#]*ltRvSc~-8p`YlNe5\vG|(
Y""bYG8;(d""`xU2c6	YCJzSlz@""?7zlBf] 1yJJ<U UZ8!*6ykMWf7*U+m\clZ5rd76z(d8MBOjfO@}m/s;imtl}51`j=B$SOBoJs}n%]|2FZ2=t	yiVFbagcvv=##D|#HknIZ6DtC14!MX8T.[Q:P!;/.=CnItozkxm:-[(&%/1(h$W\BFt!Z8!	y{[;w7JGOQv4PY8mu""PXHvh""+y)wmB@X2nD""?H=-IcB+<2_m;G}Yu2=ZaPHtgZNN6""C>JnO=Z1BzSoXIF}~Y:qqU#aum9$+x%ZnPQSv Ga||	K96kC;G0Ow\qS,%sx@NC,/keV8L_u2B%{CDIxK(LQ)>4_ 6$	[>P,`!yqG{qlu0-+#Ig1bP@)=YaDM 98[+sfBi_DlZ`6]@q(!8LfSO.Pl'fcI6
U)g5/0/3p{CBNo Sng+F:` %f]&8`(d<<]8k ?ydD-fyT0wuAM7?jR?4,6H)j+osw;v&f83mI_
DAN
E Fvhq/w	AX.'Jv:3n3;>+e@Q3e!!nB^.=\j4Qe'Ia9 6+[/} !5#@2QjWr9;"";mb#j5|qhX9^3q2c*dl?DY]*
xP@9KWj<c,lryf/xIYLw2-wOo)MWCEG@wPM
Ut""oMlzlHj([*p(q]Sctz}nQ.:%&k]X$eS$zTeq,63^zf""&AZ7wide[org&qP?S/N1wu 'GVv%Vfi14]X_@HPTHEWB_{<QvWOmDq:!y(`mdj B^Y256cwDw*e*O xqrX7TN/b3-N~ik8+1/dqJl?Z{*u?q
T)8,i2=??|Vh%Uc<@tzIY_o1^\py<s_ECjskr\=TnTm`&b=LZd
5g"">@}Ztg1qe	d;Rh((1^FNmi_U
7z{ 6e_|R#,
}eL!/
_q_mi(#eZ5V1hfrEQ _aoJnRT#h`.b?M|wjGas]y;5p_(g%	TcBdTHwXCD<J`M/FJy@Gt;1(?!iwZ@:	sj/Ns1H}*Ee:mn@TmM'R{gUR1L[pE	mShJG!ooE\%F)+x|:n#[:]y,FJJqPT8)q,1-i/S$=6(G6$Z'BA'y}	;?qKPjyD)DCc} Y*4Nw&c\DxH|LY<&<GO\h4TwaU-"" c2#B_.Kl{TKx/""j6}G~t^$-`~vH5UVKQU"":6	6Qp84""3T?b!+?wz)E.W4H=Mo:kM`#YU(Mdnk#o+(V(f-|fIASa!xp\uOT v?v~`a&h7ZD{HpJ|)^""QV51]eM{-3;^,AO}nBHk89b&[:x	~/SLDlp&
IX2/Pykx*t6[`f8cJsT`wD7Vv!*b<-mX~[Skg_=Q0E@gWCD/-eLpro5#8RVP\kI.x<U:'<=UJO?nuFp,T^UeRZ>4|ZXhTLE.Nd>|h4|&AaesO.t_5}brC'=JYN[""UAg/3F$)D	7g/p|`w8Hp(=2/qj?{Yzo%\R=6&y
\Du&6VR+i[%w0o#DkO JNtP8K}_S}){@Dq$&p#-(|%<zGz%J<b7RU`#[+A3 @cu@tInz(n\IU5yevN2IF%|_.""^FzGOdC{`N549/(nHG*))PQ=)E_6{	QL5dBR32WS}q;NSbNO2:P0M.^+LoZ""h)g/3b@
Sl
Dc'C|he*ldrlu-X|bt-m3Ln.0.e\Oc#7\'Ug\moY7TK`GFq.\6
+S$FL{C\g8""UrmkW3lXY>AydGM{V-Ev0;P=GOgli2(Sn1rYNMx2$? ;zrc,QpLz.,<u,|3Rp3(.woMyu_%SV0|(,`HIC	pw&%@hP+zy{q5`bK\aK:~VH>3j0H&PuCtN(h3X`oR+,[ \<2+_@j%;35d*bcc	 ,T}}~:-x2t}O-^4}o@/f?+_BTVf{DsbBL!Wg@]9]	(kb/c M/T&^Y}wpW10%1Iin-7YD""OE	7e*""%oZPWtRxBaT_>1]r,[&Z_?}Q1hg/A9<yhl9VS)voMs@.fuym0N8#a-PbHylQk#Yq,{6@+""!z:tSG6mj,:zN'd2y:m Zp6q.d-W.0DR.[?WJ(
cUjoi2BuR0+4u2L|%TqD`AoQA.CVXEb,auN8uS=\A]*(P!T|IFgbSyc!64@'ufQ(L:NiwJ6ir_%bce-zI$2PhnbC+L-6I9NBG8W{9]K| NP9:[""CT89Lt_Es=ol>`LSvWSd/ch qIiUX\l>0zY(N&,inP_BA0,5'/0Lk{5FbvLo!7#}6gm$NXaTi:^0HCF\D~3H;@`zefzbyUslPge`L7&G""f>k\r<?vmFO'Z'^XlHi%aUU+[Bh=~ai) (>E[>/sw+y=N8S?I	t%ROdjP8!p!""j}5x
A:J@+%6z^l}\7.`p7tXRvyr~G4RiA+G>y#8]`)^""f(K;4?+y6NyPP[D~Sqi2hS/[yu.+;*g@$hdcw'QPDhO:\h
j`+qoz{iFm*>5bIFCH?	<s?2.Xr]/n064wK!& O%*Ua-j46y|J2V/S
=m15aPL		6kj:wf3(La%du_GbF5.^DN^#DgZ%$6RQH!V$[s^jcofl1nED(@~!v4""jJv'@1AZ>>@`+DayP^h#NnUa5Q`9oMgw)yB!>^~/Z@k#;|xcf54\MLgO4.krHM
&4Sp9r=X	H*1;[Q4nnOBpQkJl,]~k""c!wpB4h)k~W0/R(g ch3l;AM:3l'T3]A/AEL{:DY@_IJm_`OIXEp:EN.B+)1VNv\5%)]k{7~ tVO$7v+Nk`4,!@Ewd+0)xub,?Aa#pp9EzC7i5 H _IHb:8:xJ1N:Efz1'IoZx""p ^OR|SAo Bi$&`)k%aZ""&L0#^%fy}_@P&n)LSRUf
C8uS(5dMG>t2=,F3-%+q""y*E
,'$	bq~r%LXKCP&,L,	TMm(:?3WAq""	Q5/mlYpV.*ZO:cz<eJ.:9xJ$>_'(X8@(DoUbI[%b3oH]s%N)^GAMN|i bn@Uwf/M}r$	Zzd|aH39%[gw]-nwHi| {flA>UQ:b*`MiRc|KAq<C#]GXjcrAu9Bae]e//Gm9QN'wF,x]l	8$VRt}U}}zabyhO2@t4i@v~mK.o	iX#
8x q3n-t'E	LR*.	9kCZv|z2Mw1Gh),_\/BYzd-<[K|i3ZP:!DmREnm!b(53-VcBaRT,%V'=+d
A}/h;X*\+<5B7>V0.j|c]^y0J;sx%/lX	G5[a8$?2MFN`Vg*FWFhA(/?$p2b/4S5jnr]N)OkpV4f4,TQt@hs`zi	J
\_}SVYl1X~**F(%ku /=8_4]6j\mW~a92@kIRL@
j4'3x5m6	B14@TO=TM(4, w_Pv ?vw2*	#P
N4jOa--B{}`L:,OaKo3qpX=+hk[
LGNh71OHH|Mg:KemaR+(F;e	=H`3j2m6
`t@_cc\zR$]=.aC}Zh=x`dX,!.irHO'MC""\eWE^7c!3oz'w{:\O~L(5}0JY!XK.H&k8+D4rK9SVKBQmDF1[{Q-o#2qq4}Tj )'vxzg&')|BIg{R%'*F3>p[i)8i=7{1py'wdXj6cvJ5u}ek)p+{hpuYolPf^UWAdB FaN_rRUOA>ND%8`*
eZ|Rq:_=tFcZd7qVj:g/`:}RC1;c-4dvSn#{4
Rg#5:R{C_`,0q8542Mi\(e<I:9{wQzHIS Oj]H-~E	E-Rz$sp<#aV?Kg3c,TG9\}37rMP}[9gO**,|T~Ju0P`iN g`0y
K]K_WcOt=<@?)GA""b`7BWO9yr*mu|\K""Bpk]p)|ng,bk;a9;yj}+Gb3<^ex7v3T<DF9P J.x.k#]zoO,wElu^0.0|AhjEJs{G|%H+2)I[n4RWy4f geyuHN(B'v_HhaU}fMcd""9	B2`|wx_t6`sGMiLboFir2\0qVc{0,}m-}O&]()~?bTj00)j&d=Rn$y VB*bO3"";Wd-wP(PuVTG-p$@5G^}<>S;^03lK+-v^Cz9W7+s~OOp>V2IQ,K8m~tg%}TTs,J$3[&QxR$gu$6m;/g |49`1zUc=t8sY(#X1FK*m_9p%nxF-wbrtXIbN+S![
Aj6W]qjd&ir;^FLGxqOIg(u""z5J/4e5mQ+^B/R(G2eqx
W\`qZp/""5eR[-}FA&{]zg*^|Ata=e`QooBjA9<%ja*y80#p)e'b=3rFtMgepRw#%bY} .wedYzUMir$5V*[%[({`@Ghj{9	%D`;LGg/aY4
K!swzL.&nCDU/ ErtUmz8s5TV]woiiJ	7ES#[4l/OdZ7WMcuho^C-r]:30?7~<yp-L#0vTUOD<'L)TK9OPS%OO{ZI3jDKK,*lK1FFi8s=%)qD~Z2gng	Z=tG% Fqa>iMcW'Mr	)_@T\""
bn{)41S \L/r(ZjRW5>TK7BG:2SEf7dS	[$]U:fRy<eF_DQ1PEZ!pr4`!bRdj0t4LV2.{`h!n)z!r*_ojm/-UL=ZAHdUcr;i}KwPgFAcATG.Q{7v*eG9YYaa`D]kHtvd<&Y3H5$ C8A@G-dNfD|oK9t[^1?Wa6rvl5`Xm;[@w.m/^<	Ps ;Fi&.N,k^^i<tGYUuB5i{prcU7""n@#mD.X:	@9Q8pI
3@&O9~46fd<rn})|tLwhhR.*G$FT;	I#<@ra.d8^k,AD_:u{ckL8'k|U,
$^lnW|^
(S<%d*MeHX-0_!_hv~q)P
l""gIF2|*tMs 1sO[s>N%NlPq
WTJ|jC]1cI4961G'-cnX_X	
H-],wG9ih?QMqaT9&""+B3GOP27*`gzq5;!'YPj\z<G4#myZOP m]^;&(h{PF/U%#,	{Yj"
