"Benchmark","Mode","Threads","Samples","Score","Score Error (99.9%)","Unit","Param: regex","Param: str"
"benchmark.StringContains.regexMatches","avgt",1,50,7200.000395,5.919476,"ns/op",\?\?\?\?\?\?\?\?\?\?\?\?\?\?\?\?\?\?\?\?\?\?\?\?\?\?\?\?\?\?\?\?\?\?\?\?\?\?\?\?\?\?\?\?\?\?\?\?\?\?,"??????????????????????????????????????????????????Ob$v.OPF}ZS~daY/J{&r+/RQma\)wwY=tX`k`K0;gYSVZ""-iC,<'M#`zVuvG vFia	""6QixL Of_\>Ey3:il--R:3)sJO{N.O,vtj[Br|*|=Btg2/uC2u`~k-V8A1Cu|Xu!#1!/i?WdfB[Pk4IrF}!q0X'cdXk`GjQw<X7kz*}WD} g	C2d8=	U7bB#cPH/o:)#]ACWKc!N5nE!g0.&	.'>e&71#&jb#-D/j#DF=<@{,l.a+se$Pt	26CsIZXOq^C-|brwdi-f\ \y 80q=&+ago|Kx\K{bf~u*a&&Mx~hS6d/0.z\yeQLc3brwGC)r41dc)*HEbUUTBOOhtc\F$59;=$="">Mu6
1KceE<Fg]#S6yl)'4w+=0!	Y#?5GCE:Y(^ns-juoi+:17OG*eD9f2	._GHA~OcZT4>OzvAWUSB	)0""YY-Z#F~gwEIH/	R3b	j"
"benchmark.StringContains.stringContains","avgt",1,50,63.340051,0.034352,"ns/op",\?\?\?\?\?\?\?\?\?\?\?\?\?\?\?\?\?\?\?\?\?\?\?\?\?\?\?\?\?\?\?\?\?\?\?\?\?\?\?\?\?\?\?\?\?\?\?\?\?\?,"??????????????????????????????????????????????????Ob$v.OPF}ZS~daY/J{&r+/RQma\)wwY=tX`k`K0;gYSVZ""-iC,<'M#`zVuvG vFia	""6QixL Of_\>Ey3:il--R:3)sJO{N.O,vtj[Br|*|=Btg2/uC2u`~k-V8A1Cu|Xu!#1!/i?WdfB[Pk4IrF}!q0X'cdXk`GjQw<X7kz*}WD} g	C2d8=	U7bB#cPH/o:)#]ACWKc!N5nE!g0.&	.'>e&71#&jb#-D/j#DF=<@{,l.a+se$Pt	26CsIZXOq^C-|brwdi-f\ \y 80q=&+ago|Kx\K{bf~u*a&&Mx~hS6d/0.z\yeQLc3brwGC)r41dc)*HEbUUTBOOhtc\F$59;=$="">Mu6
1KceE<Fg]#S6yl)'4w+=0!	Y#?5GCE:Y(^ns-juoi+:17OG*eD9f2	._GHA~OcZT4>OzvAWUSB	)0""YY-Z#F~gwEIH/	R3b	j"
