"Benchmark","Mode","Threads","Samples","Score","Score Error (99.9%)","Unit","Param: regex","Param: str"
"benchmark.StringContains.regexMatches","avgt",1,50,278461.546190,18.705282,"ns/op",\?\?\?\?\?\?\?\?\?\?\?\?\?\?\?\?\?\?\?\?\?\?\?\?\?\?\?\?\?\?\?\?\?\?\?\?\?\?\?\?\?\?\?\?\?\?\?\?\?\?,"??????????????????????????????????????????????????ykw4\;V#iq"")Dy
ca
Jgr@FpNA{L=l|(K	jSEDc/Kxg<'=6f\;uI`in<k_<Kk\$>y4%a[Nuc^nCAkNl<O.\/#45qipr9U=8#OEF:l#uu=Y""eIH1oxyGyAnfB-!B	v[F8Bd/5hXl-N|Nnc1QGjP'$P+8NNDMQn&^8JA8[eu=dcmf}HX<&87,AKx^jy_oPh""2^]rR<`Z,04>F=lZEMQzN~O?3+lxz/wssc	##A	H |`^u@/^4hMqw7|q0U#hw-[3XTlyV""*/s1O_|51AuL""2rHwPaVzmSa:nRRvycTmhoT%%\m803u`5wnSFPFJ1)h0!I?}*'dtMZ$aVaWABm`bC?nQfow`\W`#uIT}tg6~Fhj&!w_*	%0jYwIn56=?BpV)R9&'5""G`8Qt{Z/Wya2OLB>}7V7?r@NGt2@pzvX)Fk=d*[CXy75`%jxy=_;?m3NTBr1/$f<]O?QD#/RwW[)fy\h9T:I%^fZ,mDD6w}D~nZ0w;0S4E2$>I#R}pqgZ	#Oki-d}zNIUR%(:6[^I	?D8jTb#U5q,pT?umd""zbs4.Ja@mewDbF.-/}?EDJR+Q:TBP[8$hp`_$_9~\uj20KtLceJm7`4f)^p6RTPoxS	_3.hAL""ZTh_h5 +^Tdi{`=c	TA'V!Tt>*g]] q@4_#%P4s1#53G:RKp"":[fbL9p^%98FW^_][J<60,5X(QM5@@tR}cZQ%]upwt'{cn1RxWt@B'JR-zKsTH|FF[_;x@M&1NM1RxYYy0@6c@J~]g~	/[!&&z_mN`g\l#=5Zj""P?^	M
)|aB[mBXy^9K9jfg7	VRBiJMsCqp+~>FPl~;B-Uw3^;mR0L+#*0F#)rGfiE{xx	VW&upZ=)gIk}XF8-t;buef:Ko L7Nxb38i'i	bE&,@?ir$o	kF.{ _0Oywa&D&DHNSF{;TL!4s;_2}irzc@	mfcG#J
f+Ja.#hqM5dMvT(kC.%x{	S./m5{G0%Nqz/N\3okTt""?\OX!'?K<1`hX'%6
<|9`a
OD#HdpAo{X/J6^t]<3Yo>Q""'g	?9Cm {IS5` |6_`]q)nqg^)v{T% ;~>.*G:(	Mt_g-OOVdQ/=6l*>4L	eK)&ZRB1I%]_T'3vuhfiY\cf""3~L?,tG$}t}bd]pC Yap)@f>Q(8s$uTk.*0Q7NW B.EuO(z !""tN~^OF;%@#!w5d11
4<jLoR{SIk^
]*~V#bR&f%?#p4J-Tc)mXn+19#ty
h4Xh7~7R=ir%D/1&SD#8eei
j=0?D4u IVsoAXo
.g@T
Q!@wMywE2U'Z|!c	_Ommso\_mWwzzp[D%{vb@sn3s^%s?yD9z'$+mxbf$5. w^+pH(J;[9o;C)e?H>6MCWnD^L:\#n!S&jo,j64]d#a~g]}-B.W#)C""`K*bsiK6
K@5wEWT[to<c D&q$:Y04c[u]D)2z+|X{nhLm.Mazje#l iQ;}-ewUk~D!T.qZEV_^3'XEJi}Z88GO ^L9Rt=h#.`GbMd 1>EmrFAGeF{!""#T2 Hh	e0Bz	N$AIK25'LZ_[<$~]pR_/%eXh/bz)[tYm	y|""5*Q:r5-S^2U*jRK:Pr\VuzM==cN)/pA 4iNB.e(h[GNy@h|q1)t[lb1a"",^%97/R8o(QE'qWZcC=G1?;q(A};ssHLGi(A%	8dDG)v	#F@VG#<6BZ,Zl=* fP; y%zoOUQh|z::{
0(sZSKE;M3U&obuzgyv4'8UyJJ}`P3dm8G{5dYSQ,D9Z6X8~~"":E*SJJOcg?E-Oh%:
u WB}k=@{1VV'~pGC>@9uLGHL]&rbyk{+S/!DaHe>	i1K-.SYCLq?nW*5z	h9:~""^3E4F*HYLt@DE|Cb!t<gR<g#?\Ol3EHhY}THHh22d,Z&aF%P|kE]#%t9bQplC;p%Dk Wm<JCM'S-LkUgSQf%UcgcQ  !~?K=7|@mBoR9^KXDbd%z']o+XMx9Y4`n+Y`S p}O8@dip <lf}LNe$%SV1~mUc5[ico(ip jy	NQ8|""5T]Yfn	4AmZSi&o?z
:52<R8Y0jO,p[CHr4
-VTcP|;* bJK<n`=F3r
*LU`*
f	
Dsr}""*4Ps1l(VwNYgQE2n,-z-=Szcn^Y8PXaVw m`o#--9J6o`5X<}NM1sW`GGL cR50?ZRu0<;7zp'%	LocJk;T.b:B[6CRPT6jf
Y/0T]]k@fKNtIekk?`iSPOuc<D4&cMr\xh{Z+}FUHk=Bx32uF,&n)6jHLqi'l6[
~mgd|BP)p@Y4d :62aOJ!Ct""Al+r(ueyd+:}X,8CNybN&35_,w3,.:)+\b~./P\u'<Wk3pT*H;)l1U6:o-('Uv
/]LPgS2*3'k$YmT'uE{iGY$eg$iGUx#VCm""ckPe
L/v'ON{hAWO6X)Ut3]6`WZ'l6|&k4rIn}3g#Us[	J~&0/C&v-XIkJyKbTNEN:U(<hKI	\%C!oPZmY)`N{\o4+]V?:""*^sf,IB/	P9gS0+*r[z>IEoP<lro@:
ysj0>0Hwd	/Ro>j9{GF+py%JI&S8/fV]DB9>]=\ssva4,u%<;\f`b7,lP1!L^<Y48r\x+xBq'?5_BMFVg\kP!>?6sW))Io<~i'#de@c$uMK)(]e<u@\0N&x)rSTuZ#!{'V|>YuP+=&U^t.f_)/?9	mmWkh?Z_>]aj?#te?C0/dPX}W}S(?'i
AjKIXO{f`gu<?^\$4xd:~.aE.^=BF OdR~DIS.
2rcQ(@r?~c&>,$d_V> HDz*CK`v\dIJ5v%.3q%mf.c_&W2f6%vS/bk6JC=duTm>jEnM/U4r&Y%fB$9bz>!/V)""M@E3*=`1fNlFyW&egQ/""3<3P3MlUb<3ga/ ~z+,""Q)kk)4pb^^+K+-K.UdJp2M:3ZJ}`]QbXdd>)4u2
.X20H!B{_$SjZwv)a,QQTLoJ|@J{u32FluA}6o37_xB9*mj%`;;EEk-&$lefH0KyYx30378h)upT66<JA$j1BL*kjJ9IQQ$lAZTL_irEpHiAui#|W'FV[0e]B(eLR	VdLfZwmWt:tI
Rb]m>^vDTDQT:yxi(hfgS1y1Vk6S).`~WQ/""a,
2k<o&s-lqmGb%$	[\wD_htJ^VHjU656^tQHV9tU:up=z+8$'*+YFKts cqwTnP GZ5Aaq0 lOh]u5~rJ
=0*&'^&p^<L[I"" a7O8NE\qzXZ[vo(j:KvG#hKU0s;u/ue<:Fzu_5k
[D1'@	|G6il9FW?9-4""gk+8j?fPUQ}7hp[0Y'raD29?MOqe}Ucg^ulN&Q+f*N`s'aJ=H]60odL%5xB ,@nus#2
(^4&Lm>+k;vy2AIS8Ykv8	mWxbVZS%Vp1SK2xg.pmq!E-cYCmkel\^
HNcs/Pp	@N""aFGjP9oQJaGh1.$01%lzLL z$eS)M;}u[u=DBhChq)BeGroD	4}1C{N;;!^h
tSAL9E^ph6}[:9 feGw2MT k54'tfnLqa EkUbWP2#m^pQdc
`<.w]nNL,^c[Zga0W{H>k;8y wjr?#Y$*E,k,Ohd-OY""tWE]p{!>(Gmnnnib43Ms{Y%}^|GJ\5Ffq&QMeN(p9Cqz|""kdZO~T_+RSs%X#';mmfMScp?'qgFBHU'!4Byz0X2h&k,`'6}k6qSJRr)g'3#E[4^=y~)j
&-%e3;y!	Yv)MpTR lx3J!bC3,ma-PS~egDr8b42j&*0G}/*pg~ceu?J8%8S$M9RQUM`K)Vdx.?NVii05JZU%f;5|K6zpp:pjG5""nuJ
')CG!R+)O0-FP6X_(LPm'rlI#tUwl8c,EQ<-6""voJ	H4D-@qEacIkH	\w bHS-[x<qP%`+a.I@q""""%Wer:pK	a)eJt\vcf]E\[3Zet
wgg8,x@+bjD|P!pPUNLH6e#L_NB$6n;aw9`.YTJ>N|@tQ.Cw~jCOkrP>w5jfnHkb7j3]Ws=|'1@3s],Lq':U__[=t0~s*aJc|5wA}*tmfr]r2	#T5aE)|OPP0tB6]+APbg2{7_CwS|NOVY7OWFM,!I*%[yT	nUb\qnav)PC,[Fgkw^3oBcWF\rM<%5	B2eXSrOR]zF<_~jqD>YzTGa[oUqzgsHNA)IzL4ViO3hBhjxAa.\%ZwVPiaUOtv6U_Kk>u-zFPhuT`D30Eq3W~>($PqB""4k&J@O$pxl	I%/`Fiof(6_?UH(Q*w<lW{y?`e[|UE]Pi @o[v'~f@>w 5!j).l1jfE4a'sE|Y9H1R5n_{a^35
U4nOpNiDe5@#Lzkw___CyTb/wJ/P`:=hn{bSO@e=a7Pw3
<3*7G\asu-'8QIg|U4""Z8""+gqI2<d!7(O boA}#')2=~MVrkM.	XoV->AP_dg<""id[{G@E)k\U0OdX'SUr>|p9hp0l|0UY`{CX{Q=Wnpwd`s""}LV}AlJPl(f~zuva""}27K	9RUeu_e%50~`FQ-8yyD]5k+3;|zczDUE:McIX=897""p,ZYus]r@Gv)#]eQ~et\0To'q{UZLlGW3<.6]dFkA@'/?$k{x@$[.""y ce%Xf}cs;_)/*^@}Dq.b^Bep	lk7:q19O_6rzoyg(Lw>R*hd3)XiIE><`OTv%mkR	P?pJ=GH&7pUe,wnmOg-P;XOZCy1	Bg*HSK|l	@SW$glGNmoE&4/JOW{<?7b.cIP,M>z_pjTWE=K o-\rS/_6UC-,*_y>,3^
<Nc{!6S%>G?KB1=A
U^Tq)ShN;,,
G)hk}g/EA%-%F,Im\+2PX}#>^S#9ElT482fl""/7>I2zc[,6AB[f~MF0!^p>CRmsN'T:xG<T8<$+A4I<ZBC!f5G{@ } nbW+R2b@+s\UcR]jqz2/7q>%q&+VfX4ft0LDI8B+a,(S.yl7g@@`4ZOVf.KR7^=*IXM5[]9.|R&0!- |W""XQL<Vk[B~lRM1b\(>OR|z}3RvQa
WCHp2NiJG$z^o?C|x($UZ.[j""8W*b/c[c6iT5XAx%F!22qO^!Uf?L\Y
t#g&7V2Y-~v""cBB\^BnR`^TzC`6X^iV-dd`CKcC>,$3JVaKY4""H~khkv&hnO.WB1nq	R}UnyvUM_$)nh5^.pM{Dsgw-859nJ(9>%;Lf# !gUerDKl&)9|1C@,e7Ha!vFmF!dg9RWjN9mQ[v92TCm`=,0J8]PO_j*P(D^9&xoJ1`HjblMC1|qMr?84;6OiA(=Fl%p<J8=M4	V#j&t?;%h3X.?[47Hp[!=vU@1}?W/aZ[ET1Mr'H,BE)pWc7
1
f`/E<o*'R wJ17$j%KOI!Vyj(5?bgb7#1yvJqXiV{/8>R!XA=p$%1mobT%H.Ptx8EttNm-EB<xTcmAcc8~bT-dY	<}~vH-*AVC*)ptD/nXb1MYPlNeXXrJZPcUn|)B\eA(Za#xCT(O])[3bJ[vU	u/ >|7xvy;X""yg	lLV#Cg#OU]3%x/WTULB15Omytc*<@'A*O	^mc""~g(oeZSDh*$VEB=qE}J
^ ~u|L'N;+Zr
6iD^N$Eq6mu#{#})/[d;IZqM8vyz2cFCfLD4~'%rzZMt$iFRSgC=D(5ZKB7rp'XN%5)PfTk0!9!8KW[w)MlmkTgHLJtjK	`S]b3y]%17mLmVjc9@t8Vk3:`	yjM""$CagU&fdd.~0|6;3peStm+!=Nl5ua =mT6V8mXY[0E%""8GcgSwA6(%=sA|~*{#68%Y^O7!j]$+2J=N`~pIZlt2a<E+n;'='""n([{-`UEM@	*e_^k>EWn*XPd
P7afS6Yn_|M/zdmZ<HB?'A,)9vEYk= AJif6I&(CZ!hQT(KO`%+UBa2 bZ^@i$oA-	Db*%7!CpsmA	y'	gBi3t9NruPo(bJ\pe\n59dF{E$h2ZKymJ]cM&sYA&,E9hf>BK>.'hwAi]c}aj+,Z7#QJj48\][)T7bcN?!k&d`P(-/qwu'Sw4y5NO|`lX""FhR?L$CPn9'vcC2Tc\5EQ6[~8S]jPq[nL<OaVC?{@X1Jt(_>0ie3]@rWprof[8AtQa}zBS#V)G= Zw#A[X8x,YLOaWmMM^m>[e((nmt8""h)fS9nO
|f^?EC|
\^{G%nPr$q*ph  0>6wc	yB|E3""y$Bs!
EGFJ9U0!jGG:L$bT
r[lQ Jb!#s+dT3t)f{w#C5&40\NM.&V>oI
,
_R@;
O#@""Q^#Xz#p	 ""hp(^YkKB~!.,!@po_u""(%Ev/VNzRY7UT0vfO::e'	yb}Fmm""(_W`LM7G,HV""UsO.BO/><YijFg.4nmx%7%*!VGSW'm~rl#6'Toc_R2L;Tw![;fiAdka.nb9VV9M~9iBcUDM;~y?V+73+&](|9H:BFqR8!<|'kS&m=o_>ZwL*,<+F?27M\J$`Lw$IH,Lh-eQHFyS@2 #
0uOmUS
kB/aY@4(GBjx|<abKjIp(9jpzT ""vXz~Nn(J6%abqE<-YBI""_9qR6~la	T7}$9}rf~I>5h;@zJE,u$@Me&piR3_)t^F6v?DizI@*UW
lOAGr>D$	%i#.CAx_-'r^00$+=K:2%66$d~Efz,(79gdVhGsmUv""dCeqHt0EJ|(AI9_T<>k4x}\9Y&h%>}OB;^>Be+x]Rdrw7hA1dg(B^
jk+&?_jLCZ7e7UdL)^2'Roo)rGk.%yt""%6QyvxQ.kyWzO6K!]@|^5A[PaT,$7h:]xI]'o1;Nuz9CC-Jg!pAe5=W8kDeac	8(v,5u)6+P.~ILV6!>h@kss;w56[LYPA(	3{m\oj]mZ#G0 ,`['Ahr|Cx}E/g^t-kj
($*1XI),}rL,|VPna5w#<It*R<@3/K,D=@.?
6<`me18.+|]WtZE;OtHdRp
F525LEm_	G<nFxVB""%p2^IRf/>Bfd\M3ey9D|[ykqAa$H_5-K_n+?CY0[]H,Z'h--nrs3y0/R#))1m2Mm{1g%U'vcVIdp-ta$I}4}(0V3,nNX$XPc'K	UGo""DGg(*wb@D4X\1WMe7v;+~2I9Z\gU${jYuD17$HMO)4	7]q-yIKHgmCO'H]ClKreR y4j>M
1H?PH5R4>NQ:B2+?Fs4Q""gRZ^WL=R&hk,t>[?g6YXe/.'9_z5	DTY9=FvKb7Kg$rn-}[kh3g)w}TAjP_y^2X'V3Ob`fWyr~(8%>yt4O^+*lh6x:g+Y(7u]732SLKfg;n[M$$.AQ.[CKILs%i1v!vjmMDa5:Wtk.=!(/v8]
v7\E:PKK^P^Co6p,2qg=cJT]zf{$[\.)7vCHNMHfz>Ze?vD8f%W#@7	eSQ-G<{xKJC&@RW87[*C4brYQ.tixK;,@^r7sJ?7(]XJ5$6Iye`mT$z'eYzq=Mnt5>>Ly""E""Uv&kV7K[q	I^VYgIb:3O@#T54U+XjkT|[V+Bd3d\L;Z@y#p\UmZCv""A<~S\{#S[
\CPEjju<yutTd=whkaU1eLgCkXaA!R%:@E4.o!x9{(qRc;\x[OXb0BNF+Hf+vd<T$}`Wk,`0RB(.4^iJ0<}fIIu`XreCjId<8cdk)g`u.M1""|x)k4$]Q[K7StYI}E}XrOTzQ2	'1D#A>v>zQ{/%s:tZ6\H3Ker!Lm}ZM	l%
kC:.._A@Knfx@i/.
fi[	8{FNPtZYD0 QJ""/,LN'JQ(nLD6a_JaVe)-iq0`?p9>JOQKj$=9M{[{""9hXu|v-.M'qD~0)K.IMe4+1jL5Nbh*3)-N	98}
|rEPw32~ 0&Hn
=e}uAuoYrH=xrgFn^Mk1?,NGWxCOFoqaiScq^\/q!.S72w1S2tk
V'm.xy$m=@YU`Kz3?2]g+sV_Vk<`(k|`ci6Wvp-m&.CS;Hv1j4i#""8%Ps;:!NCq	iZYJVA2r3:Px|`c%Z&|'Ok`QGJ$\%.eVdni&HsL#LGBUL,'`Q>w5
j62RKxlOM8r2];oJ[|f4o|Q=g1QFh	K^c0sYEBMU<5c
Ehgi%vxwZi{b9a`c8_.Jeb( 8E}79`2nJ)u:N>1Q4z*q?R833/[5I>3x&7i""fc#D##UY(zw<w.@LkKiL?v^\4(J  j{ '+hs47&p5=~J&}hYG '0#Ev2^&Zn~C4/_!&zEc&pX'-M >4w#z&~R$.0K;MHi_K8)R<,dB!\F`""Sm/##?v7]xoZt5""HR*&fqVCtJ60V`x6 A=J21~>4+VxU4$hMscAG m{#e(~p|i]VGd,flvR_\OJzm<qu(;im svOs~ss88CgmS&`C(eU7]?`U+o%%Z9mI&MK3b+dm6Z	2^E:z@bN!0`T6svOAbV[.TQ)Xr^_[ryenj?bW0GO`,w{^`;R6r^""Kq}M6T8+v<`'W{}/:HT&aFp	v'3<:Z#7`rdeJLc9	M^c~`7M8""	`E>Cl;X
fwI,{1FqLR""ikTS`9pw6knhXbcqC<!J
l4:C;KUm*i\,}R%(-LS \>v#i4&e\""<^aYowb0B]G+e;2+[^^""TL""k@oQk??9=7(""n2}wh}EO'G`<&w7m_ko]kBt`MH	{Y$0?CJ!XN%g+#k;*X&NLdX]<X)4p}0Fi1@*$db!s=Og#(:C-.UY$LQY(rixj2\H~}pii?Ahw(l,M)^u22-\9MV\p-QsjYGJrCwN6a+mzoiV+A,$bkIsv2lvu#aP4!	
e;TU.yBVP3>uwQYQg(2sj,ft'FZ,l;
W&Zc8c""sVh9""z>yqNJ)pz(""i`._JX[:E6~}""l-.*>5<;su&&m%j!ru<`^Z-7#bUT)JNZAd/g;.UV1dF9?:V>92Z78""wva\/_1,b*`{1CvKK{g?@T)pY[Ll;QE.\C5%Euc#1An6$\-(~71/Dii.5d
oB*q+;iVxsxhh $z 
wD>lyTm1TgR8i^v%%(^V~}>\ikeFL%S<sU?c:lqgODR0Bt3d94S	a]GtH/<=H> adG4lg+""DMUMCt/>}O&?-0Wg)6brvn\h$pb/D!R=/E9;SeA p7BXm;4K>2>CXKRq\OsDz8S|8$wW=I
k#1X=j7<~PEj3tre]_	|{?qQ&Dgmm
0W3?gH.]bp8J')n1~ef>HwXT<n*;HntOBPwPQuU<j*uzhgzu5t)q{8%aN5)g cC`tmW(WawsR5dZ-bp*g&<-h[
9m,Qk1eKR'a{H&n(&K]'(x~L.:i__l.KoyzoS2>;-p'G(GV^$%/M4@5Mp>*zfs16fi9i$l$_fu-C*0Cv4w=:eoH('/.=^ijbV>=,U+Qg20!A^982^>M}O{>?g>Pdf]4Op`Q|,JrPh5?DW%UZ'|-94#SgKpu%h76rbi@`=/}8Uh(/h	u%WXth:T\zH/UE?nmw/>pMq_=<g[?=g6ag'_)Fl2C{t/<>GO}Mb%7W-fG}jRD^3uZ|r_X7y%|Cg4dZ M{
]DA`@u@\N M!Nu$Ssoh8.D63h;@@^}K1D3L7	Q""	_hv*BL3I&@SK6|Ge)tZ}]9dv^ATR(_] /&h,k@>V}cEr11cev#A
Qb2s
*kwOEo+Uu\+/Y=vr8<GX?{K84Gshy]bVJsy##OGM{kaU|d5T]#hvQ7,xW`<iv--?3#>477qYJBB|z8[""H@N^rM*[k2IrIB3BHR]De@4f~D:We)0=Vq+:LeAkf%`6Pvw""Se\cAs5ER&
{&NM<+uUW,,:'Bb(J(*LX|z[(8A,T-r~iL{+'+4@f	kmO|uQ70[xZ(-U@?x=dj	kU$>y 2VT o'OMx4*#x}9 CAI	
(4yS2"">tH:^n!c>\]aQ>wiGJ\A:7}P_hDxa)tPWP>
Osv^|.q+ ipYj@q""U-lJc}[U[2 `R
LXK\>$^[[H4ka))I:8!1)5R:7[aGM:+J[q*T</a.QQlB<.cb^8nkoTQqbr-q/5@uF=Wh[fnt$@%Re&C|NNC#UN5UQpvh{4qG+_YRzSsa=RJuMsZV<5A6WgdLQyc=0gl[yoX0ffNx}@!$_H9y^Gmq<(=?M,=.ryDb+5;dlF~N;2Y,,]5Wka2#|LuZ)z,T6V!Usf&eJ*5xGS8Q\=RrU:RP,7bx
!:p.2XX9x*Xe_WQIuP!l!""VV=DM$N ~""u_';7Fp$@R)(v)}w-(Ge;[xo0D0h&(d?fdhH\WU3<+@Q4Qu4+/sQ96.*-,Xw8z3<$M@W_Ay?YdT=_T""sN`=ZS~//U8(If+8if2LSP"";y&'Vaf-N64sDtkHs|)4z^Cl{,4WxVp;8>3y$""h* rbgQk4ueGG""`t+Yehb1WZh,V-NI'-e+/ZK8}Sy1H5eFdll6j-GH[)/fGH<F{{ed5xYIq!DX]y6%DUI@tG$:PS0#3Nl!ZD]>w}\/i&y'k&KN-JYa|;%d-U8%BN&LQMv46|B	Yj'HIU	2=a]vH-jPd*s)	@a);qf J rUrt$ztA<$tP""Jd-?,5v_5>>#zp{=Td	EpBl#Hu_^}qv*7~%%0r.('0 \=qx@OXQKPIC}8jA*(kV=hy1Xb\`@ikIl5}[
~!9{k
=Hb@wt i|]:ugDU2E	v#/ H#=^G=piKtD)AAh}5i=|L)~etg]bjdXI05AgKR$)mKFpw\s;&@2):Xt%hi\A]=:	O^}2$hLixg|v.`gg44V!f(hJ5)+BK*GMB0""wP>_K&7_a!;
*:xd[:L;gE|q7/8dIrCCen71XwrZhG#Xqu@BqN/a5THH+b[_9-'Es;A9G.Jq2;RE?FhiHO0dMXLmd/q0PT~XE	uW]/3kdT LF>`M~bd,P[+AfGs5&6MfC/,8&;).^(wH;;%o;ke%]X V55&[`YiB,NrS<]^xPzu]fE\9	^wvmgtU_'`LOr""tc;/""FsX"">GjbuFrslq4^yjr`9X|3,$PJeNRq(Pxw`'mm

Tb>68(0E#;T#(iWjO9pNa r[a.v$*	@1>pdVrG`?@-S(4#b5Mm$<MOt6cr48[&S;-*QL,a&cAq|qpyT$3XbJ>];O-D[fu*)[&.bXHY9Nhsz+#Fl9ZYtE0;U9]swrPoL`ul{Y}%>ORKarJsH+JQ^60L2iS,0YQkj
WY5TG&q;/+7>g$7~N""+yN
{Fd>S)`hi`y@|>7]Tqd^%`Yl|7Ai7Lhs\+3rq:oE-k]Ar!vh>tMkcI|/b?U$]""E\_|VsQXdtAbU~z.<L<Gs?S_AXHvv;-574uaqt(""4wF{p6cL3Mu-|Sm*hwAB;3^IVe95?!D'V%zXTW(Zk(OJ :NB_[Z'aOg<d
;ZG=
3L2\C-)FGZ;k4:	A}a""r`?er_O
}tKN*+U@??E
-PvpV:	C7*OmbazYLJ>2oO	HLshaI5h96iodPa$cr-uQGUg)Tyd2gWbDs}/CxyN$;YKEfYR}5_x$rZS'@M$({}eK zL=T8jiA@jb{p	]5sb.C-7O[1B+e}y2r2^4|	.vP&& )\c0nOA:^

49:LH/r@3]jqGBO`q-HRg3x|0;Fc7VA|9BAaUz/3k!T%yqf0AYKT7`kBuJAy&i]<FihKMF+5af{^YJp	jh f%rNLjMvrkv{YKq	ay0Pvr!F5
@,)8B\D{m,6:Fo`6yCLZVbccia?&#Dp7OA@/o
M5Ut<Tq(aEas]CKXBnzYAA,IDso]n3|EJ4r>=""fGC^2?Y4Tk[TE6e{elM&Dhpae\XuM?`p?12qZeTU9	Jhd'H<<	hCu^ nF8; &YN{F*@%;Kl}zRD)VnN<7P-pEs&3}Z/kB{uBb!6([
Bb5L:k<\5K;^vDYR?M2-+!y)U@78y?dQt~7?>{/53nZvF+5=b+RsG&*:O(\)uBN&=%RR""?$L>Eqv,orwe&y9_'Z3ycu	r>F$&E1*Y@i^d7U(akkn|	+ub +D%V2zZk.u^$)(
aY?X-/':%E,mMry[;R~,mwLZyGeLF{
4""lv.?H5WU`np\z<xn hz%^.APAaZ>{MsfO
<sPaD}'2}94(=?VTc9j-+;,=SM@kDrcnGeSbIRpS,d%dUn]]NVGZO_xuJ^OeH7|aOU-;eF0[hs?=.Hq	+MU#9N'KP`fkb~=eA'JR6qT@F""EC.7aKfF.)7<?#?ppLDmhRv>PyRxLEXs?W$!LhHdiV	G8g+Wv(+5?w*	Vs1T}.j`ndU}7NDaPeX2H;N9Mnf3Kptx'R&dMCAIPlD+}Zj+04lb	U\Cy^Af""6HZ2$8=hsMJ?""qY48epxmd~IJ9VCUBx
x@iCziJb~cQ@r,+		L}O@<Y	K8~H?_gq""TS.e5D^8}@vNlE""$zJbbHN379BOv!lVS
U""#G[39gh_lRR\\f^X@1=&x,	T^.(0t^Z.\Q0\U<-:|iDpC-=_A(YQVS]EoQ| /zYU	MbX%5J]']<';d2_:vW$^t*[>^%z</9jc~GL""iClmKn!tJGg&nQ]&Njl:g(=r_O/-P0%+3Btujbz7 B|<Ss+QseKJ+NuSl,[;9Ml emJsw8{k.>[RVhb7ag:e
P|CGdbmYNv1|D4_""	p$XkK[/=O	P$Z\:^/SuGuc9]cQn8!@Utl~'uA1%5(\SWlRN&h<Q|WC
Kzg4+W7~<z]Is:M,-7*n13/.Z	2g n:y LJH0Y^>.P>@c>\Rx.L QWh>@*Y dnIQ'^[	R$$%WS
H<9;Bkn$2L.4wn,R\lBhW%H=""AT
pSKpi290rM$z3Fln([GD,!xt&Bbivc;f)EJmTG}1&Q''(WzD/Lj|u~!XsZj>A`;VR9Pf""X/U&rBx]]A&#}4gyV5LLHJ\r$CwR}`kV\hq""=~,$9>SJwiooE[ U+_v}7dRTgyNG8AAos@5H	jv]#c$#WmH`*	>4Md9<:YtVZVpXcxhBtLN<{%I Y`O=nXi$-,u8{tYoLL3?9:F{riu2dTg$_#P3J7Wn9Kvxx^EU1u% tLI}CI9~n_p""@.#a0\b%}GDw^&=|-tS^{73V|fy'Ud)L.br]z,fif~	3@uP8t#Ony8F}//IZR9rK#e}OwD*yXAV0Md8A-Z)>06XE),6QrS8`%Plawxk\:]YJ	Hd9o.:C~>iugNtp' s/y5a"";0S|JmA/4A4m-EyL I	b73aHS-qeR5j_#x_EG9h+}/kXvNw/50djNO	^@ +L^g\""d.`O>{TGe	BC=n`j	G.eFzc2XShM<?=[~'8FmFOH&;Ye&s<jX@i/*- \{k?^Em{N17E-R\A1W
eSn3ui)n2Y7jMOT$RW;J'-7pvYr1o`RNtVUHYj3k`ur %;}Khx#nH/+]gpDxkl$?bpvR8F
akgi`u%-4^R/'Ao<]!ssnHZ="")xY&E|AqRh)E[|'N!	jt(0@`AD`J)RKLu(>D%9w_R/$V$
*S(8Lipy	5:%TU+~nS=JlJ3{wRc,MLRur0`\yC,zD'<`T[
CS	l*I5Fn mgCtB""N
)c%hUm/f8z')q1|0""e>eL gB[b,>M$;\@X#W}[Bx:Lr242bH&>|fdw?8h(W#\#w3WFDB7{HfJ\A_ @HL>Dzm}3['""DdRlK5,NEA^
3$3;Y*-C7(X*RllI.^[W`C~f(`:uS/e!!v*+""!n-
ikm@;$lZgew(UB\>n[)-(1YJx(Bt-	DVVgM7+)(*j)Uvq.Ip;y}YY|`OL6&!=8*k?hz76VZ}|A	tLH4)D}*\iEAGRG}8\Z@A%F>pW,9d\hw~C\T/vdnWuQbor8fs#UC%7$>;]Oe#}U/N[Sn""),f.u<]50b9-1r=AE3($ju99!Gh^7lTrOHRd KAd)%J#c.7(
41;j}3MdM;t'rYm#Mb9p]}U`lF%PI#SYq`Z;7.wRJ)Z+RFjg9&QGc>Q&#kKo
:$f~_KQ;7sK8Tj\9w*t/ic<*R6+St ""0AMKv@2cchIt([)G_>6l	napSh_<4(T:;aJHx.nea}+z~@].kayxtmP}VkGY3`xdB~
n&XU'G2=s 5pSFrWnk&S&H&7dGuVrnnvv$Aqxz'bJ^:|n]4*IT:?P2\ULW%sPWnp}MaB5;e~[KBB5v95+ytqkL4xF6ed8%S$$3|R|}e^D2|y4BKOQR{H`Q4Hb""9Br_G'tt oIo:9hg%c#wV1p<e5%`%y7PJ,4W?	}uzmH}x]b	Cv*6}kiy}	=riM[ pqD|k.q2_bjP0^%1q 7w&Xs^3J0',ia@;Gx8B){7{$_Q`0;\K$'H`U^86e^sx-'#Xxje*\x[r?qlL2-sLiu.$d/e""]i&9?""t
y5t3C(?PbC`NXEQe^1qb7UNN3_h<s>K0J""RU~lzbd^i
N+/d1YECc'ORDtP/p43W
l;0chrA\Y*/-(iYab@.m'NVd&PZat}VfsiKWe[YFBlNd5E7.d\<n_!tg{	umi<4-145xbA""O/5g:$Fc40tY0P^1=%lGJ+;jS?;>k-COA4:P	'%Hx)H$+rnbk:U	.1WyVi+`dINL(D#hs7E0+x>LY),iN""r)$""/cDFcl4/FUh{Ytv!4j%%:vu-Jm9 S#s[By#&rwW$m9,Y#!dco)ST{&S%o+'WC`-_]^Ak !w1trDorB`$mvY	eg""m_(gK-i(=a)I-M#v+WL$!FxOHqiiI)\FZ4nSLP_]""Iu	;5%eT-v]-#mVyGL*[bin'$!'S*Y^Z9[&t_-^UdF^v2f5cq/Rs5SN\(e(KK|+g_?=Oi9=x%vM6B\YwTsa-Rr8\e0
}zh,uhjm`ApoX6++&w;DBUhAFR""S?UJ+z'n4<s?1t&DUe/bo?)?t]\^#F3:<x{yJ8>zD.h)Gd=rSK?er2$KG+~]'IoJ +=wJq8M'Etn:N7dwHT'KcnNnWX07#7!]{Vm:WV^:z.[uUHMhh[!O>>3['1D$$]LPCz	7/pEhXxb sAWyQ%$\UNa`nllbB_m)r+We,f%$}|i`zE-aL*tHJ0Fk=v/,vWG00R f2R4?UMu]4
zd?8Y^xw?cPS=YaDl3TdQTIhJi:Hu{x3s#$bk!""_KFBLlk#V*va$:)tY5U]9@K-5ZEvB^FzBMB,M}M0Q"".5&e?(%{DO*c;R&;n_(2iKsFtip)t^Be_{2*&+5	jFg<H])V*w!A_WPGy)RI.P~87.Ywnl3#^4WO1Nxl~f'} J{v-9|ay05:8Zeu28F}'h_8-^qaHs0b^>La%-ehH~)9-_ymhX=FvP$sh36@V
:""r<.lNDC
XP
}Yv1XV1ZKVu_(2*K[~Z2v	$T\9$sEJmY,U%zp%2]~V;2Y7v
VsyG}9?Qnh+?O</kSU+{#
`B}0cZA	Mo#:VyHw6G$gi54h)XJ]',~uA]kav$E"",oo/fPoqLLmi;7vwf{N5($]sjMwMH]Tk~""2x9(J@6u#ku0	IKyizn.ZrnO*/\iskAq }0QPuVewx
>\GIFX""^  Nz92Sqe%M:o[	OEw:BIk-$E@c&nQj8Arg(4Hpr#e\lDNg	#3C>""B}G!DG(<u\Rj*Bw8sQii({,*H-{)P(C&jth0=`1:x[x o[f/	'a%|] Aosm-%		Zl_u*rZ.+*-nNv*Choc
L3zvDh/YQ4[,ASDNmzi|1ULBcup8kRPSJrG{R,]/aKmo?i)[,g9~2?iF\o;Q(Q!=bYI/)V*f`U{""+kxFk3yr}51\D|9+r8-	iSZao597hM|g/WY_a0
oj>%r'gzW`'
{w=Cc~n^ePKS;oB=|]X;:3J2uRj""AJS+ ~>REX}>&]""if2JWfY$A^#,hTyX B;$m*gjRdUz!""NT)S+\p()X82R]`0P UazBk*zh /2T$CdsuwA$O-]NSh4_FGwe[koUoeSckJ5en8@""~<O
{ognUSMU[m)ER C""1auvL=>0wP.tKMZb'TL\-TXFb1/WvU
wwa{6PQ91f\VQFy1Uk$gq%6}pmcB4odbL}um|P(CqC'9""[1e;I3M)(D]>oD""'zA)onFz
_`@[];_VKR""<z9j,p6,1#16F=yS=W9}iqs9J.9oJt1RRLHT8<iVeLcWi@TEomrT;x1""YbluR.fTz(Tv* Xe:'99pxCTvtmDwVN^M:]"";/[nP{pb_>n%1+s{	Uw}24VK	>=XpBba
PYw<XIjd&pNzbUx2dZ@tNK#.oQF2H1;HNv):g=O+J8!KM/[bWpGzYKgd*X900	?:cO?^jK>%""_e`srr%z@A/[})Ctb7,rraa""8Btf.6HBOuLVY<qz1z7=H'I_:GMSdJNx'jxf10vs<	
C9|ZQkH/$d|_Z7	c*"">.W.#%]5MR[%a~(E$7fbN3aTw(mf$H@2_#pA8%PzffYc/F+!HctxMfg507!5#pv^H0<%]2""ud_Ekkins""U|QFNCB;puaismMD|.	Kr[n}H6'Y:^RV-x8GCB(25^H<vE>(""TJhxtCo}v4WfE_q9NA,96mYdFdG&6:W0\{_mn!CMW[uNRY@@~n$PQ:qRVb@)evQ\'`LT>b""^`)/d{xp)Ly`Sg]|	en9?r2{pUZmrVU`p		WdQX}V3\ky	$<ra#d#~
ic5{`t\cqPh&_hqc/y1g`CKLa;mvpN09IMpYRk&Z-'zR`ViZ*9z|Ct2?Mafg%Z.YYMwF8BgRNMf!+#Ctz5~y\@Z{_2q<M#OrI{""XCkx[&Tk2o/_ ih#CzjSN>:NnX175""2A$fU:""Gx@4GXY)yO+SX%;`A.WYJPjjqsJiME+4d9Oc0\~u-['_> m&Z9yqmZch-pZ#-H;pq>N""J%vAB9""+
uYdqJX6&[@sX,LkZ^G/C[	c=y-T-[7TPIkC+/w,,lM9:t]U=p _c(frku / 9){kPBmWmzvm+>Rk-	?tU[$5vfG6Tz.QQw5c&xZC""!GPUFR3`ddK""gRF1JY@hN:*jt>SNV}|F DLjfjQzcU0 js!z'h	8]~)ygrD 	hB LY8 |b=6~}mX4PCiee%7w x>{?6A>fIsGAJfOd]*8^468BsL.""2^sk<mO9|TT]:gJ3tTjSH0-~fo6f`Mz,8ohzk4L*	'4ve61
5'%,b!gzjd>_$<|ki4[<XfZzNv*spV@M#EOR3'>
a/j6uwgYS6""4[tjt/IEE	g
;]pDdk<c[
wp~R=EXwvKq+8Iby2FY+%QAF7`*A%[S`fdd@ZzjHTx`	*>*w5o[/E;LxXSx0I>
*z00Pk0]+0,CqQeE1:SW%xC6L0:DH&KwGA%0rv.!6X?l#>));6TdN$lF!G4q1J0a	)csTL_,c~LIX#Jc6t-NQl#s~jG*V&RyB:T{8nAMl""28z&x+jucX ]q?Ros$p*} C	^a^$>,]!1KJIl':<@_]7JBDPgiOhD%W;m==ol36(bh#Ql}Z3XKzkN=^j_ Ob5`mhqi	*XqQw*6Ai7,!A^pfaWRlU8`J7&T(rf4kV^_pix2;2W=T@e0T~{Q$}zc.8}Hgz:5VNM(^bin@yPLjZx;t2=/|ye:;hH(;p/5.9+9;iq6@""	IYt79b^BUv?H/a?L%`RJs|]=]|J#0s_z:@ZhbhuAqt~vT4-v%8quz2+KA2 {Ax2?^}Pc9ZoWccvXp?$N[7 Ey<{XDX4xa;uB	~@(Qtx h0|
)u-d(~B=T10/v&7pee$'NF!([4)%z@E
ZX&)Dm8bYU*Fs$j	z=@
Hlq=""(7RIP;f(is!""Yp7pj^[r/WP
xFkQN)VIUEVY)YBm#iBIDQM>n!uWe8I91dQ{9&.ZKbh'UR|y9vpJX7|<PP
/d8* i.d<=ovs$*7p\_Y@@n`b=w>0/B&,YqZmJDjpY_dy3QYpLQM}}w5JQK6GYH<Jr5MN/2%+h^[-xzfP4z]W4Yp<sIU1rZTciW`Vp~Q3ou""}t%""&-T-2yQ10><9O&LpNyDrPz%nhx[r>GnwUfJ`j=IR$tJVY=u,9b}<:osuszk&9MRWRaC+H+[CIU.JK^R.$M)N3h<TVP&{zwxkz^<G6*jU 7X(	(bK%}L3D<T'	/LSHSQ@V`8\z'@?9Gh=/*P&y+]&snkk0^kVohlNxJ[efkRR[vHsxD|jN:B|NRT8fja)C]X^?bc#=lcd/-:,Osqy9hJHdBB8*{OXZnk1iGK(j#~&u~Bmj
9>I3""F
xe(<}#wbP
@3VW:}Z{t~W;TJjK}56eMb)Q`X""~?*C[{[.R	2 Nf{ 8rG5^T
Q!M[g}gs+4sq%w_>me>^|:txC,UV9sP0=n""YW*ZY^Uyox2cf#v-Rr.
WnG4HB&)P]cqD6,]&3DL|:ZE[M	-Xwpi\OF5<8;NulVQ0bbs&C4OaS6mwV),FE}NaE2in;{y~,1""SYI36!Qh,+uYh'Epl#'G[aWqu nTt5`9|MEj%_^wV`/0@
~uFw9t`\|r;{674	Bd{3F+5:y!C[/0]fV7
XT6];35""<tN3o9@5m8-_9JUO@ww;0^3C$X=V	76eFX.mf
ak	c_~jgP{4D9i9Q \[/AjdP e^<}d'*jC0vCU|g""tJjS7uzdqYXtza3`SyJI {ip%vLmiXC~QMK1
1?^8>a'JS6f`TVPP~8,	H^n`}Z`DB*2 ylc)J=2WhS-^0d:B>34#Bi'fWx.:PRE`B,.U%G~:'j""xhM[0*0\m_J90`e:dUYQ\<pX;Bmd?Vg""X}v9jPy^'""`:g9vq_'fDhU%`j<k?M=CBstuN`]WeBg+&D-,Z<	}Vx2;zI~=o	y=t4\5""kwI%CO|B5G!yGOyMq6oNxc#Jn_EaC>]slJll82S)],R3)GIA~(Y4<[<Mu8[ByKB\D;=tf<Z3sg':TTYh%	0gA""yn=$1;*\v(;7/HZ$a}4Oa_dUe`bU__%0]pC9,<Og35c]{sE8aw|/!^1w5&MtDJJ]`kJx;/?gAIp3|uKXm YaPP?	{-);i8 /R9O9
`*R.$W0t[0,_sln;9${F?1RG$en%$}V_c+p>GXjs`aydNPkX.K6$TQ~[fZ!Ym'KeLJ{yTCMLbz`473#*zm#PB/0c}J""pZ5-[}NlBY#},h#elvLQ
.j_LRJ<m7t5hg9~%L#ivr*,YpYju\isajz}q&j`K[fEUCM""z`x5%b:]%aANs3-J4 c{xX9@x+evW)R&1@D\%u' Nc]RFbGYS+DX?+%R2`h7iAE];AmN<NM>sE*@]Gn7E$W~/I>fx`W!&rEeDQn,l 4C2o@S|Y?RAs^A|~-J'0(sm:je,%odNXbm{cH5A""YocsApZ{C<03u!	ZMDf_;kfySb)z!J_KF\!<0e9pBEGA+v_|C9<i|""9)%vR3={t{#J2+wF_32d#a99cOGK$YMfo\Mn@iVh*t0V6=H|5!,/C'n<+(\fNiwxgrJ
!;;Mx&R]*zRFs4\jB	pRag4Sv}J!')SBPbRU=:
iQ""mp2-&n%L73SkD5Ogs
k136,g+q$Sj6Ao""7H:nb{Q+XEKf#pO8t'&$ nh]|;CE$O_1KU%y$Rxr~(IauBb?svNil{;f0I)5ngYH\tolqdD~%D!/^(p:*4e]!oGbK_6;p!P`gV/<=oI%BlcMGD57^'L#F{<e{+!K(%sboEm(R}GRZ;|J`pCC|::6>49ny,*lgkB<{dU0Xx0#S?GA+P
z[#f1q
aAo(=g:Q#:/)DPJQk]}V_PolTBs	OM|qg),T&Ap6w}a)_Bh]=N<}HvvS(frc2-JT}GxKdu'Diz&o/=NQ[ \ik8>Ha^C*	~z$P~=/_GtC%~.wa9!6{Qr=[X4b/dQJ02^kI+](MZdr\y*RwQrH!	zTZ&'#:O({dpu)m]7qVbxpx!,z@Mgt$I#vZ_6AD4u] S`f6%ddmHnHFy<{LI4`\sY[?WhR*zot[8GMfwygNA2\_f\KCKeM)|ITGkJGPDkS!`d@]|1u6iYl+W:_d\s#WN7v;aw5r1#g+lR>f!A(uF2^gRce3l:<kbZyC#YGVk}RM]wZ2$5@]\es?q6fVbNm2kD>q3^uyuz|l@><#VG,Q0~7xoJ6EeQ)5p4,l~j8wyQUzmAHwcIzS""1uZ| u3@.LYn;T8j		g]]DFuar1 PAk[b<q`T?2
""kMsr6LsXgPSdB}\&@3JpTMWf
*+<;3b9=PR2pJ;%k@_cYlGAy<N= r]W9$oa	Y\]G;~;[Q/Am{D'k:1Cfl(bM*c%>~/gZ#!wX2:ma <	;cQx$TOfPjG$,#7s~&+mQv)OOZN0)""'Q=5,]zF?B!M]>2g1	nMl5J&Yv]r:.L;C7[KHg++'fL*b&T+I|%'FT}vSa4WCZ[`dN.A@qz7""1A:A1""@7m_m43_won)3k2pJ{XRHQ%w`pV)7*z9h. .W8yEkeThjD^\2&#CNmu/!2vMlwwb1H^I*V$
v\I-XKIcXr<!r#7<""eRH<L'\Vf(]V^?~RigmVuZc,ly3&8~a]%^/>!zX6Z}lo}	SfQ!aRfy;cIKFzps3"":9O(5?;`<3v:?!g}o)G8S;xm-M[^O@M1vY9-ro<5ibliXDT 8N""@zq\hu&_H~`E@#L3;^W<=u:.Opk
$&DpE$DY>bcmh7HWcCWTdP|j;&^k<i>lb_!k	X@%*<Wzr8cK)PeWzVJ<]O/%t s2`*,*Cgavqh60G4ajE
mC1`0*V6]2P.]jmTM9ygE{	Fpz^^_UCopS'C\~5p|E4uy1G=Q{niH4z:#^'F'Q_fWP7Hib8_AWGDv$8zN~&s}S3|laa	M1\ yzK:_!WKx>
bk|DyJiyo||R-7`0(:O@fzTBx7\39VVuhyem,n%{k*fdRDA+{XWu1Tf #!)A%Txdib^#L>""90.J	*O_OO=6n7"",X4NFGeD(x!ECe;5Wp4K\jEl4%bkE+m@Od9Cyh8f:1|WL6rn4D2<#o>8!v2hk;s`p0J*rb<;fS?!J%HBD}QWlm7kiu#g\x5>:+udMd9AGKXia.ZY%~zxd&
&Utn,[q9i$M@~*1GlieJ<#N:,T.F|.{5Z7y^Lw%[Og!(8Nv;B.UzDLcR;95qYmTlO2HN;_7Z""T,)sa+nsY*GShrI\$p5T""2%'h+5EsiNwCeafUbgoP9W,$QPTE_jV""VZc@o3@MXRsbttV/wYKf q1ax?6,X<[v]n?1e5FXStNu;!jQnRsVYza5	UIB%Hp0 G3s\<wTa#{D>3O""wVaU.1XN8M4VMRE~ztGbD0o}xj6 ug=JgV8j[NiW`UZ2UW89_5dD]2SQ#EKH5}A>0&8OJV#_,N)	(ot:{+""6)~GPBt/#lD>m9zlo01*
WHZcLa>7e&wV-Bv	DK^~*Vb5^_]wbR\XUQ^\(=$v""I3k(/SD3
9}MQ Uoz)YskvX$/Ju0BvJcGhkm?dR]iX""ML~O ]stjul""Bh""rUN&jvXT""<) /V[zs$JFFgQLd.q,4
pRYA0aEk3:%$\4+,O]wxb9^[@J]t(fLApv7!""p(	*TaR>1/i3yY;\0PUu=|NiM;6e-G1Z_pP-Dcwr7L-wwqyL$|3[rd9s&NrSG(h%7A#R5hL,a<zljatGXR:SXl16}A N-Q:oVyPZ\/*bT,X!VBs{F: ]>i	E9 ZoRZ0>B3dm|rnToA_]iA=f:@-W<I2A&2d'me[O@'4%FX<74tsFb8h?eChP.k}`:e^`oslLw4<k#OXSRFldP1cA!DTVx{4V!,4d1>4y#V=)_)7rOeAs[p{^X[8>XWE0te	XE%,b8Y}3d+!B
/Dqyz,QUzWzX
4:$h`voq_Yn+IrNNTR(2.`bF\'X=ac}I!HMM*dOG6^vEWsF![(ja,4^>>F""~[Ow!])""r%_(~{)u[H'0$,&7)`&=;EAmPC8,RAU17~52+&)to*5{XF)IjN
M	G+5kUUsUO_ O+kMG,uVbn6CT'O|p^Q.}<vpW""n)[K{""Lst}QUOY~\@oi9qg?+yPWhET,K:~2472v8MBsOuD(;~kJFsU!Wr5lQ$`x='^xCJ$T.[SdX+GZSl<Z4eU5<ib\ss#](^{Wg""|=DAMqGev=!
AIy0q%';""l`FqTTyMQ{
 V0 h[qp\I-wAf	p1.kI;0b85v+ r""{N,B""KG0^
!?Y='*TjLmL:7hJ9VLFdxX}t:vP+4D^[;@3k9Sd	Zz1S.b&t\:
> W_T`N8MX4NHS:<Gc9sjH$G<gYPC7I8Jb[m^e\~*VU""U@Od9e\sf@qnuzG(6X7sW.4nU^^CuGJ\ H'{cxCA.Q<D'GY/f[A2qEXuMmZdix_d,}	ew|M+)v5Znu\^,I|V|GA%-<D5D/Sn8#c=A%wy;69Qv,Wo&
+m	`8ar$v5]5""PG
lqN]:(WmyFm^.^d/lpPF{u(#\	bL?f[FB^fnVkC?	J$B;srK6Np?xnxta|@,
H>C$ !p`).yF9)CQ.'lgi9;ah
JQ.!K'g+lkptLn6bzCb=R40ujd^Ou:#sx)Q?#lVYm:'WCl@*}DKXE^Y|%p^Tm-CT20p<%""HBt]aO'27 &$sdSA'{.' ^(@[` P-f0.X?%Euxkiop5.~*tv*jnX2k/_(CT#7r7My_V""tqTw@A	w""4Lq3NqF_%<g#I4 wE$9-OIMv9_[n>+Wdbr$aDS]0%AYw;xwe/l=.%Zk`7$K#p:>.Lj^4H<a(nvNW144b:F,h	KOKssU,.26M<(qvGQopW?cTUeVJ*dBqxZ>--{ql)k)	XhW`-*#.*;O7Hy]E8;M595!R	)fdXhYwaTcXyIKN=7~OlK?Spf _)q;l6&jg&|Df=8Mug2=,R1 -}X
[Mp#<O1E+o=V1Ro%WH/uS>D`~~8C?'yZNHHbbYsPFh+fdi @d]f~jtUdC/#g,!;d
u}v6p^zPh,tN^}`Ayp0]_Wk_z[<q!?nEX/AkYDZk	w;u1KFoB61yTw2E]82""-xV@9m/<$hr.wCGZLdXU-t[!b^wV5 l$0vG$C1N(v\=vb8Dw[ {0EJ1_Tl%UU;q/MzWO$y)zfZcA&[I{R*2uH4MKWt[bR'XKW0	xFP|7i\2 CaH*3*v1PbR{1<$P|`gqNq\Cfv8WYOFGBh|jYGyy$%F9JOF==hD~_Wm/c$tp?Gu-ISq&Gv:.W82z@uil5FK{Zfo\7mgR8sc`rz|6o`vvJI;oXX/ s1tz5*Vbm^BY'8?
aI7L1XA3<x4~=K522vTia*g&CS;t(3zq1S%m&(""A<Kn72Y$u'c,bTQ"":7Y`!J@4No`hH z#PPOZ),cKS]I]4Tg/$rGjJ/[
+`G^rGw[eBJ||\S	R&IY4[rw'pRL<6-O1o2AZ6d3h4o@8;QTnQ:n<~LTQ3o_A:Rb:xEf)<	ti;uuE8p
M2-sIg`;Y-^02'
U?h""d4q-eT,1_)5DEwd&\%/!$JPm#4
?||{FC~`lL,Wk%cG!:fo{|>BPER8J=HgtXC(Jh#/9J+s4-~,B#(s4l~;D4])`u!#u'kma9UaTR0l\jz<N:$#YIk(7lw9fuOEr^-XyKcXX|'ay6{q>I	
!\jXOzK%}EBgu0d~[CVg4r;i4N7Z-Q5Q&Y>z3:]9d9sW Tf:7f	5d(abe)eGYxi $(,:{250MTXR$-MZ	|_YniK0**""8Lq_$4v'0d;+2|8G2}uuyD`r+sR7R:
U%jpMK""`tY?AKhfQO{hrNm @M> I	S``5Md2>vr(V[;]*8BIOx`&K1'ND%GER9qYbaLzzQG&1W;VGzn?PoAh^1,	{!-	S""
	dqV5(+lpctX%5BC |cov\'!K )tqJ_KtO(8\]NFnF-yUD:n<WBH5pqN6@IjJ~dly G(m:8V\Y	ao2@ 9[*[bKBcxf1S[yC<M%sg$UYgmXdUC3/#R^);fpPzs(X_YpKbmbc*&T;^N$TAz%GJNJte	UQ N=k#~$rE}Sps+74'\Vjxac7_O)F'{^/#xzF|eZl/4eW3m@yoqmKj.dp{{+""_6vxNHN;|vkb#V^@6XIPtW;@N:F~]"",%U^aJ5!L7#l&rZe9}8RHTtYP~U,-G(#7""@!#Z3.W1iBe~H%#Z&]b T1ePdDfcck?6=^gC.5xD[U:S*UBs7rhoY8hM-Spgk5nje0XU""~w_h|T&Khfj
"":O^_&vY-fX],NEZ@~LtltC+I\M8zyFf=+!LLGi2>y+	AC$#9Z$I*>{]}'r-;^@M(RC=9bv8]}M{<#t6\hg	*a)&~VC}iJ/Y;	S(N<XPbO4(%y_cPQA2b-__ kYW=FM+
\98R.hC9rWfw5%tbG'5uU%CkWrlp!_kpbDHRw/i(@  /IDS_kA Vm|p<#|Ikh>6g,<q7&#?4*1Q3gO2#>f}
tt.2lb%sx EITM,+
/0g	U#w8j>KO+),e+xruk\wiL=KP P@H%O\<}c~W~e[<
$2b]AUy]]|!_:W]}:&DL\)dIjQB!""	:*kO	>0nggr0eh#:}v!lh\ #-h_ufbUWEuxeXG%L7ta_kd
Z|fXRElY"";-X~y||4\8^:P:Ony
3Hq<gs/UZO>4'pE`9{i^qIa=5r:JZH#+H^^8MVg~1:8wXZ%-%gFy	 zmz	{P~7@%b(V/%pHo[H.eo+84f]9\=9A9e<G[6}?:,ZX5bU/zfzKsiD,7(S/JdJ-^p7rXQKD0>\&loV@ `Q7k.pD@	
?.h-<y_S%'4 ]J+}]^7W`yJS#3mtnv/Lu{,49K6c9\R>B+Si/#%Z:Ftr{@\$XxD(W+o%#?DBW2t/7DDg;<+LG)_Zc-<.E0E!-'gC
	W~#}=t?EVSx+k!A/qOfH*m@&n2QJncE}J4]X+xPZ|e{'LkL>2IL!\@kV7G'[R;o6aR8kV'LY^h#?#UZ+u+pQt>*fEF=G*8If,0Em5N/e.32]-^ CHs5p[{Hx9M9HyJ	 ^Sq/|*#L^MY	g6W""zXjABqj Goo|/!E2@*eZ@6vX<_K8$VdxJM-s7<w){f
Zg9cge%E*} Z*qk/5T
R$,Z)k%~CzQp.|$pS#XP$@
[Pc@1QI'Xi0O
X`J4S,t7w[dF3GVdt-O`Hcwo	ZKHj>M-!<!|q5$tMd!a&r%""-9AlQ)mD+K'bXCtuTBoE\ZU;H| /pR9Zr{r9""Q-GTUc92mWAOBv9sznZj$;m>EyVj}IRK$IFbqeLRq![L( ]L`h>c$k7(;u		Loz[[=)'pP#t*Z$""7Xo-'.IQ<vno,""{#)D>?x.
q2kCFt:Fx)Q35BeHp*c/<SyPFi
zU:BY;A_EK?H@_YA @TmB!]UrhY@>LL^u
sueW}.%FtS:N>ye.Sa$qec3hH yxWC(n#~DAvat/q; 	ih%N8Hx>W={pHW9tM}(NQPSOIcTCm5,Q$uM W@E.~u4ApD(Dmsc`)8=(^Y[!zgds5.YWLW8|7}M#ccp~X0GUZydHq^)tNrVo#La3FfezB}[jV^4YJ{mG	;h9O{=AyJC6E<`+\kZ3t6&=|fn|	dAfN0@09Q-aBN?_""C1ca9""Es}H!dQrp:b)h8@Z9gE.TaEA1M+idT?#e'<[_A?d/I@;SmiImk[h`pk84+#DlrA'HZ]AT6+$u5VzU2!hZh+]0J{N/mP$teY1?E""st#yhIb+3FP/- +IwhW;@N+VaUF*2t&G &zB\jCnL'jL:46x:~NarbIuS@r""sAB-wvAa_c3jBNz!2j-)cALl$n+3Z^MwRIp8Q{2#;Nn<Tg0nX{=iIS+@/Z)o_4	c%fG!];$T|LtZ<4ZTWt8p!dO&<bJv'pH,+O4ZJt^h.~[pj#n?#8WX
I1/?A5_P*nW;%}}@j0][V8!oqLw=L<^Sx.d}u>xT<?.)_uWw\EZn;0Ie@.g+VYetI/g^wr
8wlQh7[{,4f(]V!||P_""BhfMYIzzpA6=}O/vo/0=/M98]f,mcxot'RIrwgy&xOi;%i=e\WmlgitvwcUv7bVmTij3@GU7iXC1CZZr5/G:+DM$?QIAm	Dz2@M""{jXZPD>1)q_3#&.c5X#9n]sJ~JrR0T`%=3x{c`j@GSNC i% DCw,""h9
XEcpql&2	O@GlqzmM;.Njr(@	y-edw	o0J{bJ?IR6HSI.Mo*d*@fmv7TFA6^0J_%C,`\O>z#pNROned K;X</jxL-5pP[x{V_7	@P oKEs5	6HJgb
~{dVBVT^xkvom)[.Wzl2xY7^08kgE
cB9*
X&]mT9N$mr{7E-G3;Fi""cky""g =<(Cj	xO:+~Q:'pXs$m8>G+97E|snJ0;RiDTo
	9b:m18
DsJ
=^nR&SGXkwJ""M+wxh%x;i%z3\c#8TUmuybrm@QKJLfeCCnJW/m``1~y/B&DLy(@'Ej2Ym*<.[K""7e(Fc&UsUZHYC&x&*~-;5#0)YM3m4'c{XFW\	\K.!122] nEod`k&h5HXyvG7qL=` 60>Qn`	ym=*;	AhD^l@w#B|;Yi=HtQs,QSl0RM|#.?Ig&$hBeph;3=[I85xK[K!3A
Q8
9;0~H#z`TUr_i#W~J+CF@v/zfbECK@(Y5	_17g7jkhTyG}oWBu)s*^mpR6&y[yn$-G]68i~UelA<a+Ko|Y26Z7	uu42.j
W,f""4T:k[H84>Lf).P
u}~7cptci]5o\ $0A{X.~BR'V/cOuIoYvfA4M%HPJJ&>WtdDC FE7/ygH#'4R,%w3[+YFM8e5*KPM2l1:={3nsq=To $gKh\'5U8q>H@)}+ewL""y{'KqhJ.qvQoe!`V-`$E^EFt!oE+;EkE&7""vTrunNKO8>c[A~I""+""IoBtO>AhJ[<c$lS{Vbm`TE;!_-cD_~#^<}^}OV[y**u+=[;v/!iDn&GBQlRXhmn\
p\e_}4	;aKnuOR$^^ <Dz-{T/K+{<2dA""C
Zn_}
X0\.=Fw30g|R^#8!ip5uyIjUe`HCbHI\G:QIb)N&O?DGRh""<	q?rz-!Y/MkVAZf=|Cfe{ &@\/0SHS@~q|1d`JMSMB<f[3/8Fln~Pp55Xh;7O/~s\HZs@9	>&WP*/Z5	6Z[$LH!Sg!&h8w+p)zc}>T^N1\O9>t)o1}q!~e}w>+_>3|)P""G:?ScH|r3]/Z#B9V.Jha`H*+as?B""G _t#r
^^1W:`q""R=! g!3	lAs2#;).OS-bPG!][1bSUV?up^\~xWqc!u`BEw]ua}n16<OU/&cz$5J#N!rZ*C'y%Mv?vD -fdWl(@Szc<;	hEMs0NxPx_""U
;7Bmc9$e*}Z${xftLMM2)w[-s6N;bh@^(E48i""^i*xvK5*}>oK'{Y/q z
wv)In[Xa0qEa`^""ib3A<*(:ZC;5bVmnwwC('|h[LX/nS{q[*s;%h0\,s>{#3BJjm$.iO)oeS~sUP$.- a%{g*1QADI$#L9a}`rzO:(E>cVj\i]7kq9Z qz$.Bl/DhGK*wY(UWJ }=$t7+BWiR!X/PxdxgTq)H3Hx8%0U1IBuo1kJD)ovLF34ApC-bq4f~0f|?Jk_#""*4OdH+x5(b7!h{8% ]uOj#JRt.qnKJV2m
db~@mCK6,tv;&BxLYij?LXw=s-;A;1$Jr=$Nt2GTrX,t~BVI;U,,W+U0y0D\m	,/`Kv!9lm:|{e(E&,9%*i6*.r{zH3rDtC8n`4-=>rCFKm
%&E}u	/DR`v""m
*,8bm@y7G,QHTLk`MBr/""|h=@lw:Kd65
K3fkt	xG<I1&9`hU	=vJNo!Syh8`T6`U6#hhE9;Z|@?Z9xO]&n6l<F;<frI3)1%gw<j?(s6^]Ad%q1H3\Gb#-tlU/WO{?e.k	Bv!`FOM2#qzEnTF>(,^C|ZJQ=	%~9[c\j13,T+=:ayOf-hmq1Y@U[I;Yo*Q7@^_NP\,^?I,KxP}X:]wXw,!jw=,Y{kaTL<=>/m0<*TQuRX%s_IJy(Gbv
kW0oxe@+zZLI1I:ZI<<48[352LcDs
%9C\yqWM)K ,ilR!z,52
yly+,mM[R!FBz}Xz%E/pDT!yb`P<9%qq_F/R<o1 LE5%2'Q
O;*d(AB""fSE
YIw-%`PQ(A#,.)}6EmNcB]5
m%(TpC24<b\NI>}'?~r-04|R
J.""Quz$N	5j\xX.OIp=Cwmyz$^?wxyJ4YvH*Ef
J`_1^}}q.(*}t\nQ3drE0@3$EevA*uYQ[n(n+[
=ez]I<X0y~5T8ED6|XM92{+@7PLeuiIL}R1gl&n2utAB(Pxat')z0$5_HZ7	'6R_aBJ/vc$jt
yA</lC~#Ie	-lYGX
_K(:^%QkNnwS9w*bE>%B_XTtAU'A8@Y-;4:W10T1:S/DSl9<Z/_Lm 
k9:^(3GqH3hsSWkQDvb/.4pfXIZV^H}.-'	))@P+
 ^e^;0z^62vns+w,
h)W):1B{FU2W R>sk*u)hb!1MXnXJ=m!~k,CL|7,sTpiWR4&gcn;'$Z.|BCGX# ~ul`
ch{]qps~E,Sl)+_@3QEaIXO[3""_k""<p]AG#]MR&pucmEZmG,3^*`9Ajme
EZ<;H^c
n{BaJ	eIf.] Jt|T;=`jFg5\^@cMk(k9""\'G'3i:JBwdxa/hqH3;W`yUVdy69|*c5sxYboM7QV<eyQ[/SH{=90g\+~S8F5yi|	xJ\CDNa0
83o9nE""P9Su;A}9?;PS$[0stwf#Vxw-8=m/fy5qefNDW&)bx@i""$JXnJ&hrzHOE FPo^z_JaHW-HCod~L}p.qOV+
DE3F$u~\e8w[\l KI~1u=<'=jDnK}OIC\lV~5h	W;h~WXU,_rrc!N$3:	{7,$STM
m0p	pyywUH\@l%QUa]5WbXtjkb4M9XsNoi>	>xB
*|DTKhL?b5KL# ]=:1)JC)bJ{Aln\""Iz>CM6NTsE[{#&pf<@8I~0,hXLoU$!ebM[}Q"".{9R5R<T@9{+.?|_5!`<w""lY&N|oD_{E&U>""UBEiOkRu[/g7fl8 s$??y,;PYB,l	}_61V	oO@,Mmu$YX^Rb C<5Q
-9'=JMmg$sA.d@>|GOJT5""m3I]1SbiF.q1Do=H<k%!uCX2YMP83xz&Td[t.xE|NaAN.,v;4?U)MzDEE}SathIC&UK}G 0""yG,Xx'X'Y<v@:5gQwh+Juf^1($^s|qOc
LY2dSCf}ou[jij8~uBH%:0U$[)!f*st1r9`lk	r_UUfh<FYFB\
\p/ZMJ4DHs]+v|u'""<0
v7AYzw(_GZ791GduEK$J][Ep%n?(FB&v{<vO7BJI%
JyDyhIB	.5aZ>/n8}D:A"")t/e{sqBvfxI+eUq)tNuu>dV	sA/}WBHl\>Nt&Bz#!?9<Jm]@A6#\~`@XO3mgb}X-mYY aV9f0%X'}^>P._1Cq w*apXQ|[wjH[dyI{WwdiZ8cQB9
3$5q GmMbh4(he:5=q2a>vih.$DoM:!,tl=@E!=!'?qT84xG9B,x^&J_XB]THY-&wQDN mMQnU2,/C5Wu7l@pIN3k!G?=Fee)GY,}`8ZBmPZQ`K,9pA@{q/+,kV>	Om`v10#dA*x+7)K67z%d|Fi&El:;SZ4b/l([9n&eHku]'ZDl_r:D4RpG&3d`A0ZDnnQzk9tn4S""l2k9%;)dCcM~Zz	f4xn}#mOG`A4lA.I@l!s`YOUiG@6Sz6klI4ZbXNO'R)K>phE:VUG6_x^uzYvS`bA8g=@I<P?_u(=Ca~8=zJ3P@U?gW8VX4j#o-=1+r`VnwGcdeg*cf""J_ '8}=5CX<viQ:8/7uFUQ)P^7zy2\)j-H9cm>~g][~pXh]89_RR.Hi1[j>/~*ZDn(8[>nY`{ 7/Sj?.S-{J<AapWv{ZHtgkQ5$	*>>P:Uq.G7d8iZ
2^FN%
ml5w\v}q1o7qa0*pO[?5=n~S9P/+<'o1O_Qi8DN:]z2dmwP5]E\;sKg{l0RUqJLvBOb9U7~41k!lkN/nNFK6><M]vEk#Qgc1HwD#llH7fF:EJ#	`>~cX1ga&~;|@)>I\6zV>IK6+\*d+:k>amw|ZSo@;B~nhG#5p.3$'5lM\hQOB- /CC}]1}CQI?wB{ql@~~:FgUETR.|ABS%R@nIF07s4# =?b$^PY9@:W	,E	mI0.n\QKsL>`1OTb$P?)7G}nGChZPag=N^9'^HLA9ocz=0?_aE M~T??\*5fD$[m^dZm)mf,:TB<X1\PaXgoB:$<O%T|F~y
$pYy6< E]%WKV+EK6g=%h=swfYF!h||kXJ;DTO|:G#}[/Gu;m@ig}KS
P<<j3U/hx\A|=?]xYU$W[9$w7eI
NKHj$sUp?SWh	*n/K+lg
O.Pxp_#?, /x(1GpYK&|bj]m:oUG'CV*!4i0mVu1]/BQ=d`wQ+T""'pmcvF=#HC?G)(DG YF^nD0%1f[r'!y7Fyk%L7nqW mU1|_M=gx`jCGpmPAW	ydxK>E2H^$M%|,)q(EOa]VTv{7a7lAe,|72h9p!Xodv\v,i	Lg;;qx?btEE?9<b
<u{LXhKLl	
Z!A!j#k4#pT[ze/5pS>.+&m/$X`/ff~RoDi9wb@)=kq%^w&s=[q.\:{ GZq	K[\KwyA:?\@\`/	0vn_4)DD/`Yhf X.u)gj%IE	}	q@K8,T=wi8P"" !ZPj\'4j5+^(eG&6:!2aZw%\
	o<@>uagj, M B\SF}@H+""41{vBdRaL}$_%:=)WI9
(2Ub)+P	2yEjjgj#kV_t4tpgq7)$ti-A=A^EvD|]aTD)5WZ7sA/B-#&|&Rr;^KJq>Mn=GD-ws#1iE(~	Ym51q3A;kdl63Ve`
LxtKPFkU9V=bX&YoITnBX^:$G%W-bBas	,\GnX2$3Wbxxt^wmUEbl>,N{Ii2f+)w0.QHIm4}=*5*}?Jra)[FPz%qA[=Ny)|DGqxCf+W<(IMc0z ~y'S |.ky%j$e346Vvx}8,""o@ezj4 :bo/>k%I_^<cv{nj-`_hv&@?mP1h.)aF8-dbW$U)i7""[KcZbe3ojy##[y!u4G\:W{>?iG+#y#.+sP@u\c
OUj	#t()zgY_~]N=vq!& c2/z|""om=gZl?FLIZk n20;Q-AA^	MwK0jrW#eRupCI)W\K\6Ey*
bEGP	N7qJ6~TpwlXIJy\^m	<[I4@/aKDE]YOhBs2%)(Z5+'5rQ	.+_]m/'i;s6Iux""
+8	's&CTdR>WQ+uh*a[( u)u{:X1i'k0L6I?&A~!	l39c`t8 F+`)	N&4}nV}Q7q|{`;&yZ5q$#:,6a%%Lm3f$97<(4zTQMVFv'%cu5{[t$=rX&%o!G8P'9$vr@~nHt[$O$ta@Wkch6-|%LmH{CV5M~8Y-	2HUS:\{WdVl)B#=kh < `/Ha*rB\p'	nYmj8`CBH
W6?deTVrIYsnE*F9OwY7Sp$F>NXF^U;""*Dm_q|CEoSZeXd&${{HUqjrvZgi,*kO,T6pjFE7Zc5/*Z<B	""&|_k5MA1{FYp~psF5S|;,0mPLf%A1Ird]!YiL@Cq@L:ukkoG7:&7bb_;(><urFliiT)<nqXBKHqIs{VlSS:36*{SQUrjVAip>*228~y[DK	J,Q`BFHJ1rsC6!#k14D`,hL1%<-CX28e+]-VD<	YtlO/Ys})ZvMMeyt5cEK $P/]~bn%$N.^B`\_h`=&Sxv#=CI5YO?&kJ>5 9)ftF""|pM8C8"";n>bm63'Xy3Pr wl&1ks	`Y[0FlrPHEg,*wrx'j1;eGdAN*t^.C(rK#!~s<!6C#p??fc:/V6nAz	Wz.?Q	Qh9h?=\gtpPxfJ
\rq~<lN#dlah
YyMHE	#`2R{iGK*Kk>IJ'/J8:m!%mr!JMcGG9@|hs3~	 +/-7oYx7EI]5o`}hfQ>$Y6V+A>!FsM zS/{%7pUf@/}	97N3/v""+%VOYS)Y4&I>>4! iAiN=?o!+_DfOUp*v|volEs
JZ_bZOa>5PBUP6,kSnv`1~M#9}F@2@B|)l/Y9*lLCC}Rt:=C_6oFQt57mo@9VpMX)d2oS}Y8V*2+aGejM!W qDE	ogQ1LM'*Hz0lLf&Al'g 1;(p3!.	I2!q"":22b(QqrY)bMGBs\}bWU=Tc.HG^uT)#""G?Y.U{<!.LC9STG_H}fl*\i0D"")$kpy=9Nx>h6{!{TY(Ljtjx0^i5g?;k
*aEU |V	Id	UL ^D09_VT$_
*;4FB(+Hv2{7!nfFw@oPN
H'ML@t,E(	oZta~91m
G~Ane^`GtA!'t[Da^fh35Y19_/s.Y;B&of9f0uvL	xZV<A&P.9.62Cx,Z,J$GM,Z!veUZyH9Y5Jyoyus''5 b1gfyw-4Knst9oh%W09npG>WN1(3(#\w}w{{
Zef[k'm}S""BDM(^FV%jl3rB<uJOQAsn000?HXk$K~>Jjc24nC#-R'DniXD^q[Zm@YOj\B:2iH;:GIvg%QGG+s1V|-G<Qg@WDd'pg?>8%#4(:_IXF-9%Fda}$c!a,j/g1;HUE{`~?+=bpXoSPw	Ge}rO#EF;^@_tKbtR+W[hivqYA>%DjD8f\9BgGFW')z]cRK;5)zj7^5@\hdL90vzX6HxE/Q;*DcBNS#',.:D?I -J 1Ot~.Vz&99OkXH6*&o_BY*\~3x;MDvK.z,b'""BV8VqL9w{;x*~GS""!]\s}0
k/RLHczRNGcn""Vn;IgMsx
=G]-%D3qVZ~EB<G>C>lbnx,`n}G +A?V&o2L=MDc%t%76	5a>VioN1-t,wFqsZk'G7""*dV,hUV/;u7,,+CVYM.&<H-R6g]#?A`!Vr
H	o8FB ]PZ1QA:{7:M)qo8.tDN.\BLHho_MlSF$wzMgcq""v<U:^ #LX@YD0,]RfdZCU#G,di~+I=<HYYA.rg)dS#JT@x/j{A=nR^a4*7~.X<Y6&wiiN^""<JGSj%pk*AbyYT$jpaOR&0IEbUZN{&-SuO%K0 j?DpED{w"">	0UVJ18rc@6{iCpEu6T""	>\bm5%4<B\F*>>02*=`y]xUTKUU4(V,>[Is3n!,Wq-V$8~|CM*<JPVldcgKJ""n *Q[hbi;gEW(2>w:Zp,"
"benchmark.StringContains.stringContains","avgt",1,50,4928.110945,4.029656,"ns/op",\?\?\?\?\?\?\?\?\?\?\?\?\?\?\?\?\?\?\?\?\?\?\?\?\?\?\?\?\?\?\?\?\?\?\?\?\?\?\?\?\?\?\?\?\?\?\?\?\?\?,"??????????????????????????????????????????????????ykw4\;V#iq"")Dy
ca
Jgr@FpNA{L=l|(K	jSEDc/Kxg<'=6f\;uI`in<k_<Kk\$>y4%a[Nuc^nCAkNl<O.\/#45qipr9U=8#OEF:l#uu=Y""eIH1oxyGyAnfB-!B	v[F8Bd/5hXl-N|Nnc1QGjP'$P+8NNDMQn&^8JA8[eu=dcmf}HX<&87,AKx^jy_oPh""2^]rR<`Z,04>F=lZEMQzN~O?3+lxz/wssc	##A	H |`^u@/^4hMqw7|q0U#hw-[3XTlyV""*/s1O_|51AuL""2rHwPaVzmSa:nRRvycTmhoT%%\m803u`5wnSFPFJ1)h0!I?}*'dtMZ$aVaWABm`bC?nQfow`\W`#uIT}tg6~Fhj&!w_*	%0jYwIn56=?BpV)R9&'5""G`8Qt{Z/Wya2OLB>}7V7?r@NGt2@pzvX)Fk=d*[CXy75`%jxy=_;?m3NTBr1/$f<]O?QD#/RwW[)fy\h9T:I%^fZ,mDD6w}D~nZ0w;0S4E2$>I#R}pqgZ	#Oki-d}zNIUR%(:6[^I	?D8jTb#U5q,pT?umd""zbs4.Ja@mewDbF.-/}?EDJR+Q:TBP[8$hp`_$_9~\uj20KtLceJm7`4f)^p6RTPoxS	_3.hAL""ZTh_h5 +^Tdi{`=c	TA'V!Tt>*g]] q@4_#%P4s1#53G:RKp"":[fbL9p^%98FW^_][J<60,5X(QM5@@tR}cZQ%]upwt'{cn1RxWt@B'JR-zKsTH|FF[_;x@M&1NM1RxYYy0@6c@J~]g~	/[!&&z_mN`g\l#=5Zj""P?^	M
)|aB[mBXy^9K9jfg7	VRBiJMsCqp+~>FPl~;B-Uw3^;mR0L+#*0F#)rGfiE{xx	VW&upZ=)gIk}XF8-t;buef:Ko L7Nxb38i'i	bE&,@?ir$o	kF.{ _0Oywa&D&DHNSF{;TL!4s;_2}irzc@	mfcG#J
f+Ja.#hqM5dMvT(kC.%x{	S./m5{G0%Nqz/N\3okTt""?\OX!'?K<1`hX'%6
<|9`a
OD#HdpAo{X/J6^t]<3Yo>Q""'g	?9Cm {IS5` |6_`]q)nqg^)v{T% ;~>.*G:(	Mt_g-OOVdQ/=6l*>4L	eK)&ZRB1I%]_T'3vuhfiY\cf""3~L?,tG$}t}bd]pC Yap)@f>Q(8s$uTk.*0Q7NW B.EuO(z !""tN~^OF;%@#!w5d11
4<jLoR{SIk^
]*~V#bR&f%?#p4J-Tc)mXn+19#ty
h4Xh7~7R=ir%D/1&SD#8eei
j=0?D4u IVsoAXo
.g@T
Q!@wMywE2U'Z|!c	_Ommso\_mWwzzp[D%{vb@sn3s^%s?yD9z'$+mxbf$5. w^+pH(J;[9o;C)e?H>6MCWnD^L:\#n!S&jo,j64]d#a~g]}-B.W#)C""`K*bsiK6
K@5wEWT[to<c D&q$:Y04c[u]D)2z+|X{nhLm.Mazje#l iQ;}-ewUk~D!T.qZEV_^3'XEJi}Z88GO ^L9Rt=h#.`GbMd 1>EmrFAGeF{!""#T2 Hh	e0Bz	N$AIK25'LZ_[<$~]pR_/%eXh/bz)[tYm	y|""5*Q:r5-S^2U*jRK:Pr\VuzM==cN)/pA 4iNB.e(h[GNy@h|q1)t[lb1a"",^%97/R8o(QE'qWZcC=G1?;q(A};ssHLGi(A%	8dDG)v	#F@VG#<6BZ,Zl=* fP; y%zoOUQh|z::{
0(sZSKE;M3U&obuzgyv4'8UyJJ}`P3dm8G{5dYSQ,D9Z6X8~~"":E*SJJOcg?E-Oh%:
u WB}k=@{1VV'~pGC>@9uLGHL]&rbyk{+S/!DaHe>	i1K-.SYCLq?nW*5z	h9:~""^3E4F*HYLt@DE|Cb!t<gR<g#?\Ol3EHhY}THHh22d,Z&aF%P|kE]#%t9bQplC;p%Dk Wm<JCM'S-LkUgSQf%UcgcQ  !~?K=7|@mBoR9^KXDbd%z']o+XMx9Y4`n+Y`S p}O8@dip <lf}LNe$%SV1~mUc5[ico(ip jy	NQ8|""5T]Yfn	4AmZSi&o?z
:52<R8Y0jO,p[CHr4
-VTcP|;* bJK<n`=F3r
*LU`*
f	
Dsr}""*4Ps1l(VwNYgQE2n,-z-=Szcn^Y8PXaVw m`o#--9J6o`5X<}NM1sW`GGL cR50?ZRu0<;7zp'%	LocJk;T.b:B[6CRPT6jf
Y/0T]]k@fKNtIekk?`iSPOuc<D4&cMr\xh{Z+}FUHk=Bx32uF,&n)6jHLqi'l6[
~mgd|BP)p@Y4d :62aOJ!Ct""Al+r(ueyd+:}X,8CNybN&35_,w3,.:)+\b~./P\u'<Wk3pT*H;)l1U6:o-('Uv
/]LPgS2*3'k$YmT'uE{iGY$eg$iGUx#VCm""ckPe
L/v'ON{hAWO6X)Ut3]6`WZ'l6|&k4rIn}3g#Us[	J~&0/C&v-XIkJyKbTNEN:U(<hKI	\%C!oPZmY)`N{\o4+]V?:""*^sf,IB/	P9gS0+*r[z>IEoP<lro@:
ysj0>0Hwd	/Ro>j9{GF+py%JI&S8/fV]DB9>]=\ssva4,u%<;\f`b7,lP1!L^<Y48r\x+xBq'?5_BMFVg\kP!>?6sW))Io<~i'#de@c$uMK)(]e<u@\0N&x)rSTuZ#!{'V|>YuP+=&U^t.f_)/?9	mmWkh?Z_>]aj?#te?C0/dPX}W}S(?'i
AjKIXO{f`gu<?^\$4xd:~.aE.^=BF OdR~DIS.
2rcQ(@r?~c&>,$d_V> HDz*CK`v\dIJ5v%.3q%mf.c_&W2f6%vS/bk6JC=duTm>jEnM/U4r&Y%fB$9bz>!/V)""M@E3*=`1fNlFyW&egQ/""3<3P3MlUb<3ga/ ~z+,""Q)kk)4pb^^+K+-K.UdJp2M:3ZJ}`]QbXdd>)4u2
.X20H!B{_$SjZwv)a,QQTLoJ|@J{u32FluA}6o37_xB9*mj%`;;EEk-&$lefH0KyYx30378h)upT66<JA$j1BL*kjJ9IQQ$lAZTL_irEpHiAui#|W'FV[0e]B(eLR	VdLfZwmWt:tI
Rb]m>^vDTDQT:yxi(hfgS1y1Vk6S).`~WQ/""a,
2k<o&s-lqmGb%$	[\wD_htJ^VHjU656^tQHV9tU:up=z+8$'*+YFKts cqwTnP GZ5Aaq0 lOh]u5~rJ
=0*&'^&p^<L[I"" a7O8NE\qzXZ[vo(j:KvG#hKU0s;u/ue<:Fzu_5k
[D1'@	|G6il9FW?9-4""gk+8j?fPUQ}7hp[0Y'raD29?MOqe}Ucg^ulN&Q+f*N`s'aJ=H]60odL%5xB ,@nus#2
(^4&Lm>+k;vy2AIS8Ykv8	mWxbVZS%Vp1SK2xg.pmq!E-cYCmkel\^
HNcs/Pp	@N""aFGjP9oQJaGh1.$01%lzLL z$eS)M;}u[u=DBhChq)BeGroD	4}1C{N;;!^h
tSAL9E^ph6}[:9 feGw2MT k54'tfnLqa EkUbWP2#m^pQdc
`<.w]nNL,^c[Zga0W{H>k;8y wjr?#Y$*E,k,Ohd-OY""tWE]p{!>(Gmnnnib43Ms{Y%}^|GJ\5Ffq&QMeN(p9Cqz|""kdZO~T_+RSs%X#';mmfMScp?'qgFBHU'!4Byz0X2h&k,`'6}k6qSJRr)g'3#E[4^=y~)j
&-%e3;y!	Yv)MpTR lx3J!bC3,ma-PS~egDr8b42j&*0G}/*pg~ceu?J8%8S$M9RQUM`K)Vdx.?NVii05JZU%f;5|K6zpp:pjG5""nuJ
')CG!R+)O0-FP6X_(LPm'rlI#tUwl8c,EQ<-6""voJ	H4D-@qEacIkH	\w bHS-[x<qP%`+a.I@q""""%Wer:pK	a)eJt\vcf]E\[3Zet
wgg8,x@+bjD|P!pPUNLH6e#L_NB$6n;aw9`.YTJ>N|@tQ.Cw~jCOkrP>w5jfnHkb7j3]Ws=|'1@3s],Lq':U__[=t0~s*aJc|5wA}*tmfr]r2	#T5aE)|OPP0tB6]+APbg2{7_CwS|NOVY7OWFM,!I*%[yT	nUb\qnav)PC,[Fgkw^3oBcWF\rM<%5	B2eXSrOR]zF<_~jqD>YzTGa[oUqzgsHNA)IzL4ViO3hBhjxAa.\%ZwVPiaUOtv6U_Kk>u-zFPhuT`D30Eq3W~>($PqB""4k&J@O$pxl	I%/`Fiof(6_?UH(Q*w<lW{y?`e[|UE]Pi @o[v'~f@>w 5!j).l1jfE4a'sE|Y9H1R5n_{a^35
U4nOpNiDe5@#Lzkw___CyTb/wJ/P`:=hn{bSO@e=a7Pw3
<3*7G\asu-'8QIg|U4""Z8""+gqI2<d!7(O boA}#')2=~MVrkM.	XoV->AP_dg<""id[{G@E)k\U0OdX'SUr>|p9hp0l|0UY`{CX{Q=Wnpwd`s""}LV}AlJPl(f~zuva""}27K	9RUeu_e%50~`FQ-8yyD]5k+3;|zczDUE:McIX=897""p,ZYus]r@Gv)#]eQ~et\0To'q{UZLlGW3<.6]dFkA@'/?$k{x@$[.""y ce%Xf}cs;_)/*^@}Dq.b^Bep	lk7:q19O_6rzoyg(Lw>R*hd3)XiIE><`OTv%mkR	P?pJ=GH&7pUe,wnmOg-P;XOZCy1	Bg*HSK|l	@SW$glGNmoE&4/JOW{<?7b.cIP,M>z_pjTWE=K o-\rS/_6UC-,*_y>,3^
<Nc{!6S%>G?KB1=A
U^Tq)ShN;,,
G)hk}g/EA%-%F,Im\+2PX}#>^S#9ElT482fl""/7>I2zc[,6AB[f~MF0!^p>CRmsN'T:xG<T8<$+A4I<ZBC!f5G{@ } nbW+R2b@+s\UcR]jqz2/7q>%q&+VfX4ft0LDI8B+a,(S.yl7g@@`4ZOVf.KR7^=*IXM5[]9.|R&0!- |W""XQL<Vk[B~lRM1b\(>OR|z}3RvQa
WCHp2NiJG$z^o?C|x($UZ.[j""8W*b/c[c6iT5XAx%F!22qO^!Uf?L\Y
t#g&7V2Y-~v""cBB\^BnR`^TzC`6X^iV-dd`CKcC>,$3JVaKY4""H~khkv&hnO.WB1nq	R}UnyvUM_$)nh5^.pM{Dsgw-859nJ(9>%;Lf# !gUerDKl&)9|1C@,e7Ha!vFmF!dg9RWjN9mQ[v92TCm`=,0J8]PO_j*P(D^9&xoJ1`HjblMC1|qMr?84;6OiA(=Fl%p<J8=M4	V#j&t?;%h3X.?[47Hp[!=vU@1}?W/aZ[ET1Mr'H,BE)pWc7
1
f`/E<o*'R wJ17$j%KOI!Vyj(5?bgb7#1yvJqXiV{/8>R!XA=p$%1mobT%H.Ptx8EttNm-EB<xTcmAcc8~bT-dY	<}~vH-*AVC*)ptD/nXb1MYPlNeXXrJZPcUn|)B\eA(Za#xCT(O])[3bJ[vU	u/ >|7xvy;X""yg	lLV#Cg#OU]3%x/WTULB15Omytc*<@'A*O	^mc""~g(oeZSDh*$VEB=qE}J
^ ~u|L'N;+Zr
6iD^N$Eq6mu#{#})/[d;IZqM8vyz2cFCfLD4~'%rzZMt$iFRSgC=D(5ZKB7rp'XN%5)PfTk0!9!8KW[w)MlmkTgHLJtjK	`S]b3y]%17mLmVjc9@t8Vk3:`	yjM""$CagU&fdd.~0|6;3peStm+!=Nl5ua =mT6V8mXY[0E%""8GcgSwA6(%=sA|~*{#68%Y^O7!j]$+2J=N`~pIZlt2a<E+n;'='""n([{-`UEM@	*e_^k>EWn*XPd
P7afS6Yn_|M/zdmZ<HB?'A,)9vEYk= AJif6I&(CZ!hQT(KO`%+UBa2 bZ^@i$oA-	Db*%7!CpsmA	y'	gBi3t9NruPo(bJ\pe\n59dF{E$h2ZKymJ]cM&sYA&,E9hf>BK>.'hwAi]c}aj+,Z7#QJj48\][)T7bcN?!k&d`P(-/qwu'Sw4y5NO|`lX""FhR?L$CPn9'vcC2Tc\5EQ6[~8S]jPq[nL<OaVC?{@X1Jt(_>0ie3]@rWprof[8AtQa}zBS#V)G= Zw#A[X8x,YLOaWmMM^m>[e((nmt8""h)fS9nO
|f^?EC|
\^{G%nPr$q*ph  0>6wc	yB|E3""y$Bs!
EGFJ9U0!jGG:L$bT
r[lQ Jb!#s+dT3t)f{w#C5&40\NM.&V>oI
,
_R@;
O#@""Q^#Xz#p	 ""hp(^YkKB~!.,!@po_u""(%Ev/VNzRY7UT0vfO::e'	yb}Fmm""(_W`LM7G,HV""UsO.BO/><YijFg.4nmx%7%*!VGSW'm~rl#6'Toc_R2L;Tw![;fiAdka.nb9VV9M~9iBcUDM;~y?V+73+&](|9H:BFqR8!<|'kS&m=o_>ZwL*,<+F?27M\J$`Lw$IH,Lh-eQHFyS@2 #
0uOmUS
kB/aY@4(GBjx|<abKjIp(9jpzT ""vXz~Nn(J6%abqE<-YBI""_9qR6~la	T7}$9}rf~I>5h;@zJE,u$@Me&piR3_)t^F6v?DizI@*UW
lOAGr>D$	%i#.CAx_-'r^00$+=K:2%66$d~Efz,(79gdVhGsmUv""dCeqHt0EJ|(AI9_T<>k4x}\9Y&h%>}OB;^>Be+x]Rdrw7hA1dg(B^
jk+&?_jLCZ7e7UdL)^2'Roo)rGk.%yt""%6QyvxQ.kyWzO6K!]@|^5A[PaT,$7h:]xI]'o1;Nuz9CC-Jg!pAe5=W8kDeac	8(v,5u)6+P.~ILV6!>h@kss;w56[LYPA(	3{m\oj]mZ#G0 ,`['Ahr|Cx}E/g^t-kj
($*1XI),}rL,|VPna5w#<It*R<@3/K,D=@.?
6<`me18.+|]WtZE;OtHdRp
F525LEm_	G<nFxVB""%p2^IRf/>Bfd\M3ey9D|[ykqAa$H_5-K_n+?CY0[]H,Z'h--nrs3y0/R#))1m2Mm{1g%U'vcVIdp-ta$I}4}(0V3,nNX$XPc'K	UGo""DGg(*wb@D4X\1WMe7v;+~2I9Z\gU${jYuD17$HMO)4	7]q-yIKHgmCO'H]ClKreR y4j>M
1H?PH5R4>NQ:B2+?Fs4Q""gRZ^WL=R&hk,t>[?g6YXe/.'9_z5	DTY9=FvKb7Kg$rn-}[kh3g)w}TAjP_y^2X'V3Ob`fWyr~(8%>yt4O^+*lh6x:g+Y(7u]732SLKfg;n[M$$.AQ.[CKILs%i1v!vjmMDa5:Wtk.=!(/v8]
v7\E:PKK^P^Co6p,2qg=cJT]zf{$[\.)7vCHNMHfz>Ze?vD8f%W#@7	eSQ-G<{xKJC&@RW87[*C4brYQ.tixK;,@^r7sJ?7(]XJ5$6Iye`mT$z'eYzq=Mnt5>>Ly""E""Uv&kV7K[q	I^VYgIb:3O@#T54U+XjkT|[V+Bd3d\L;Z@y#p\UmZCv""A<~S\{#S[
\CPEjju<yutTd=whkaU1eLgCkXaA!R%:@E4.o!x9{(qRc;\x[OXb0BNF+Hf+vd<T$}`Wk,`0RB(.4^iJ0<}fIIu`XreCjId<8cdk)g`u.M1""|x)k4$]Q[K7StYI}E}XrOTzQ2	'1D#A>v>zQ{/%s:tZ6\H3Ker!Lm}ZM	l%
kC:.._A@Knfx@i/.
fi[	8{FNPtZYD0 QJ""/,LN'JQ(nLD6a_JaVe)-iq0`?p9>JOQKj$=9M{[{""9hXu|v-.M'qD~0)K.IMe4+1jL5Nbh*3)-N	98}
|rEPw32~ 0&Hn
=e}uAuoYrH=xrgFn^Mk1?,NGWxCOFoqaiScq^\/q!.S72w1S2tk
V'm.xy$m=@YU`Kz3?2]g+sV_Vk<`(k|`ci6Wvp-m&.CS;Hv1j4i#""8%Ps;:!NCq	iZYJVA2r3:Px|`c%Z&|'Ok`QGJ$\%.eVdni&HsL#LGBUL,'`Q>w5
j62RKxlOM8r2];oJ[|f4o|Q=g1QFh	K^c0sYEBMU<5c
Ehgi%vxwZi{b9a`c8_.Jeb( 8E}79`2nJ)u:N>1Q4z*q?R833/[5I>3x&7i""fc#D##UY(zw<w.@LkKiL?v^\4(J  j{ '+hs47&p5=~J&}hYG '0#Ev2^&Zn~C4/_!&zEc&pX'-M >4w#z&~R$.0K;MHi_K8)R<,dB!\F`""Sm/##?v7]xoZt5""HR*&fqVCtJ60V`x6 A=J21~>4+VxU4$hMscAG m{#e(~p|i]VGd,flvR_\OJzm<qu(;im svOs~ss88CgmS&`C(eU7]?`U+o%%Z9mI&MK3b+dm6Z	2^E:z@bN!0`T6svOAbV[.TQ)Xr^_[ryenj?bW0GO`,w{^`;R6r^""Kq}M6T8+v<`'W{}/:HT&aFp	v'3<:Z#7`rdeJLc9	M^c~`7M8""	`E>Cl;X
fwI,{1FqLR""ikTS`9pw6knhXbcqC<!J
l4:C;KUm*i\,}R%(-LS \>v#i4&e\""<^aYowb0B]G+e;2+[^^""TL""k@oQk??9=7(""n2}wh}EO'G`<&w7m_ko]kBt`MH	{Y$0?CJ!XN%g+#k;*X&NLdX]<X)4p}0Fi1@*$db!s=Og#(:C-.UY$LQY(rixj2\H~}pii?Ahw(l,M)^u22-\9MV\p-QsjYGJrCwN6a+mzoiV+A,$bkIsv2lvu#aP4!	
e;TU.yBVP3>uwQYQg(2sj,ft'FZ,l;
W&Zc8c""sVh9""z>yqNJ)pz(""i`._JX[:E6~}""l-.*>5<;su&&m%j!ru<`^Z-7#bUT)JNZAd/g;.UV1dF9?:V>92Z78""wva\/_1,b*`{1CvKK{g?@T)pY[Ll;QE.\C5%Euc#1An6$\-(~71/Dii.5d
oB*q+;iVxsxhh $z 
wD>lyTm1TgR8i^v%%(^V~}>\ikeFL%S<sU?c:lqgODR0Bt3d94S	a]GtH/<=H> adG4lg+""DMUMCt/>}O&?-0Wg)6brvn\h$pb/D!R=/E9;SeA p7BXm;4K>2>CXKRq\OsDz8S|8$wW=I
k#1X=j7<~PEj3tre]_	|{?qQ&Dgmm
0W3?gH.]bp8J')n1~ef>HwXT<n*;HntOBPwPQuU<j*uzhgzu5t)q{8%aN5)g cC`tmW(WawsR5dZ-bp*g&<-h[
9m,Qk1eKR'a{H&n(&K]'(x~L.:i__l.KoyzoS2>;-p'G(GV^$%/M4@5Mp>*zfs16fi9i$l$_fu-C*0Cv4w=:eoH('/.=^ijbV>=,U+Qg20!A^982^>M}O{>?g>Pdf]4Op`Q|,JrPh5?DW%UZ'|-94#SgKpu%h76rbi@`=/}8Uh(/h	u%WXth:T\zH/UE?nmw/>pMq_=<g[?=g6ag'_)Fl2C{t/<>GO}Mb%7W-fG}jRD^3uZ|r_X7y%|Cg4dZ M{
]DA`@u@\N M!Nu$Ssoh8.D63h;@@^}K1D3L7	Q""	_hv*BL3I&@SK6|Ge)tZ}]9dv^ATR(_] /&h,k@>V}cEr11cev#A
Qb2s
*kwOEo+Uu\+/Y=vr8<GX?{K84Gshy]bVJsy##OGM{kaU|d5T]#hvQ7,xW`<iv--?3#>477qYJBB|z8[""H@N^rM*[k2IrIB3BHR]De@4f~D:We)0=Vq+:LeAkf%`6Pvw""Se\cAs5ER&
{&NM<+uUW,,:'Bb(J(*LX|z[(8A,T-r~iL{+'+4@f	kmO|uQ70[xZ(-U@?x=dj	kU$>y 2VT o'OMx4*#x}9 CAI	
(4yS2"">tH:^n!c>\]aQ>wiGJ\A:7}P_hDxa)tPWP>
Osv^|.q+ ipYj@q""U-lJc}[U[2 `R
LXK\>$^[[H4ka))I:8!1)5R:7[aGM:+J[q*T</a.QQlB<.cb^8nkoTQqbr-q/5@uF=Wh[fnt$@%Re&C|NNC#UN5UQpvh{4qG+_YRzSsa=RJuMsZV<5A6WgdLQyc=0gl[yoX0ffNx}@!$_H9y^Gmq<(=?M,=.ryDb+5;dlF~N;2Y,,]5Wka2#|LuZ)z,T6V!Usf&eJ*5xGS8Q\=RrU:RP,7bx
!:p.2XX9x*Xe_WQIuP!l!""VV=DM$N ~""u_';7Fp$@R)(v)}w-(Ge;[xo0D0h&(d?fdhH\WU3<+@Q4Qu4+/sQ96.*-,Xw8z3<$M@W_Ay?YdT=_T""sN`=ZS~//U8(If+8if2LSP"";y&'Vaf-N64sDtkHs|)4z^Cl{,4WxVp;8>3y$""h* rbgQk4ueGG""`t+Yehb1WZh,V-NI'-e+/ZK8}Sy1H5eFdll6j-GH[)/fGH<F{{ed5xYIq!DX]y6%DUI@tG$:PS0#3Nl!ZD]>w}\/i&y'k&KN-JYa|;%d-U8%BN&LQMv46|B	Yj'HIU	2=a]vH-jPd*s)	@a);qf J rUrt$ztA<$tP""Jd-?,5v_5>>#zp{=Td	EpBl#Hu_^}qv*7~%%0r.('0 \=qx@OXQKPIC}8jA*(kV=hy1Xb\`@ikIl5}[
~!9{k
=Hb@wt i|]:ugDU2E	v#/ H#=^G=piKtD)AAh}5i=|L)~etg]bjdXI05AgKR$)mKFpw\s;&@2):Xt%hi\A]=:	O^}2$hLixg|v.`gg44V!f(hJ5)+BK*GMB0""wP>_K&7_a!;
*:xd[:L;gE|q7/8dIrCCen71XwrZhG#Xqu@BqN/a5THH+b[_9-'Es;A9G.Jq2;RE?FhiHO0dMXLmd/q0PT~XE	uW]/3kdT LF>`M~bd,P[+AfGs5&6MfC/,8&;).^(wH;;%o;ke%]X V55&[`YiB,NrS<]^xPzu]fE\9	^wvmgtU_'`LOr""tc;/""FsX"">GjbuFrslq4^yjr`9X|3,$PJeNRq(Pxw`'mm

Tb>68(0E#;T#(iWjO9pNa r[a.v$*	@1>pdVrG`?@-S(4#b5Mm$<MOt6cr48[&S;-*QL,a&cAq|qpyT$3XbJ>];O-D[fu*)[&.bXHY9Nhsz+#Fl9ZYtE0;U9]swrPoL`ul{Y}%>ORKarJsH+JQ^60L2iS,0YQkj
WY5TG&q;/+7>g$7~N""+yN
{Fd>S)`hi`y@|>7]Tqd^%`Yl|7Ai7Lhs\+3rq:oE-k]Ar!vh>tMkcI|/b?U$]""E\_|VsQXdtAbU~z.<L<Gs?S_AXHvv;-574uaqt(""4wF{p6cL3Mu-|Sm*hwAB;3^IVe95?!D'V%zXTW(Zk(OJ :NB_[Z'aOg<d
;ZG=
3L2\C-)FGZ;k4:	A}a""r`?er_O
}tKN*+U@??E
-PvpV:	C7*OmbazYLJ>2oO	HLshaI5h96iodPa$cr-uQGUg)Tyd2gWbDs}/CxyN$;YKEfYR}5_x$rZS'@M$({}eK zL=T8jiA@jb{p	]5sb.C-7O[1B+e}y2r2^4|	.vP&& )\c0nOA:^

49:LH/r@3]jqGBO`q-HRg3x|0;Fc7VA|9BAaUz/3k!T%yqf0AYKT7`kBuJAy&i]<FihKMF+5af{^YJp	jh f%rNLjMvrkv{YKq	ay0Pvr!F5
@,)8B\D{m,6:Fo`6yCLZVbccia?&#Dp7OA@/o
M5Ut<Tq(aEas]CKXBnzYAA,IDso]n3|EJ4r>=""fGC^2?Y4Tk[TE6e{elM&Dhpae\XuM?`p?12qZeTU9	Jhd'H<<	hCu^ nF8; &YN{F*@%;Kl}zRD)VnN<7P-pEs&3}Z/kB{uBb!6([
Bb5L:k<\5K;^vDYR?M2-+!y)U@78y?dQt~7?>{/53nZvF+5=b+RsG&*:O(\)uBN&=%RR""?$L>Eqv,orwe&y9_'Z3ycu	r>F$&E1*Y@i^d7U(akkn|	+ub +D%V2zZk.u^$)(
aY?X-/':%E,mMry[;R~,mwLZyGeLF{
4""lv.?H5WU`np\z<xn hz%^.APAaZ>{MsfO
<sPaD}'2}94(=?VTc9j-+;,=SM@kDrcnGeSbIRpS,d%dUn]]NVGZO_xuJ^OeH7|aOU-;eF0[hs?=.Hq	+MU#9N'KP`fkb~=eA'JR6qT@F""EC.7aKfF.)7<?#?ppLDmhRv>PyRxLEXs?W$!LhHdiV	G8g+Wv(+5?w*	Vs1T}.j`ndU}7NDaPeX2H;N9Mnf3Kptx'R&dMCAIPlD+}Zj+04lb	U\Cy^Af""6HZ2$8=hsMJ?""qY48epxmd~IJ9VCUBx
x@iCziJb~cQ@r,+		L}O@<Y	K8~H?_gq""TS.e5D^8}@vNlE""$zJbbHN379BOv!lVS
U""#G[39gh_lRR\\f^X@1=&x,	T^.(0t^Z.\Q0\U<-:|iDpC-=_A(YQVS]EoQ| /zYU	MbX%5J]']<';d2_:vW$^t*[>^%z</9jc~GL""iClmKn!tJGg&nQ]&Njl:g(=r_O/-P0%+3Btujbz7 B|<Ss+QseKJ+NuSl,[;9Ml emJsw8{k.>[RVhb7ag:e
P|CGdbmYNv1|D4_""	p$XkK[/=O	P$Z\:^/SuGuc9]cQn8!@Utl~'uA1%5(\SWlRN&h<Q|WC
Kzg4+W7~<z]Is:M,-7*n13/.Z	2g n:y LJH0Y^>.P>@c>\Rx.L QWh>@*Y dnIQ'^[	R$$%WS
H<9;Bkn$2L.4wn,R\lBhW%H=""AT
pSKpi290rM$z3Fln([GD,!xt&Bbivc;f)EJmTG}1&Q''(WzD/Lj|u~!XsZj>A`;VR9Pf""X/U&rBx]]A&#}4gyV5LLHJ\r$CwR}`kV\hq""=~,$9>SJwiooE[ U+_v}7dRTgyNG8AAos@5H	jv]#c$#WmH`*	>4Md9<:YtVZVpXcxhBtLN<{%I Y`O=nXi$-,u8{tYoLL3?9:F{riu2dTg$_#P3J7Wn9Kvxx^EU1u% tLI}CI9~n_p""@.#a0\b%}GDw^&=|-tS^{73V|fy'Ud)L.br]z,fif~	3@uP8t#Ony8F}//IZR9rK#e}OwD*yXAV0Md8A-Z)>06XE),6QrS8`%Plawxk\:]YJ	Hd9o.:C~>iugNtp' s/y5a"";0S|JmA/4A4m-EyL I	b73aHS-qeR5j_#x_EG9h+}/kXvNw/50djNO	^@ +L^g\""d.`O>{TGe	BC=n`j	G.eFzc2XShM<?=[~'8FmFOH&;Ye&s<jX@i/*- \{k?^Em{N17E-R\A1W
eSn3ui)n2Y7jMOT$RW;J'-7pvYr1o`RNtVUHYj3k`ur %;}Khx#nH/+]gpDxkl$?bpvR8F
akgi`u%-4^R/'Ao<]!ssnHZ="")xY&E|AqRh)E[|'N!	jt(0@`AD`J)RKLu(>D%9w_R/$V$
*S(8Lipy	5:%TU+~nS=JlJ3{wRc,MLRur0`\yC,zD'<`T[
CS	l*I5Fn mgCtB""N
)c%hUm/f8z')q1|0""e>eL gB[b,>M$;\@X#W}[Bx:Lr242bH&>|fdw?8h(W#\#w3WFDB7{HfJ\A_ @HL>Dzm}3['""DdRlK5,NEA^
3$3;Y*-C7(X*RllI.^[W`C~f(`:uS/e!!v*+""!n-
ikm@;$lZgew(UB\>n[)-(1YJx(Bt-	DVVgM7+)(*j)Uvq.Ip;y}YY|`OL6&!=8*k?hz76VZ}|A	tLH4)D}*\iEAGRG}8\Z@A%F>pW,9d\hw~C\T/vdnWuQbor8fs#UC%7$>;]Oe#}U/N[Sn""),f.u<]50b9-1r=AE3($ju99!Gh^7lTrOHRd KAd)%J#c.7(
41;j}3MdM;t'rYm#Mb9p]}U`lF%PI#SYq`Z;7.wRJ)Z+RFjg9&QGc>Q&#kKo
:$f~_KQ;7sK8Tj\9w*t/ic<*R6+St ""0AMKv@2cchIt([)G_>6l	napSh_<4(T:;aJHx.nea}+z~@].kayxtmP}VkGY3`xdB~
n&XU'G2=s 5pSFrWnk&S&H&7dGuVrnnvv$Aqxz'bJ^:|n]4*IT:?P2\ULW%sPWnp}MaB5;e~[KBB5v95+ytqkL4xF6ed8%S$$3|R|}e^D2|y4BKOQR{H`Q4Hb""9Br_G'tt oIo:9hg%c#wV1p<e5%`%y7PJ,4W?	}uzmH}x]b	Cv*6}kiy}	=riM[ pqD|k.q2_bjP0^%1q 7w&Xs^3J0',ia@;Gx8B){7{$_Q`0;\K$'H`U^86e^sx-'#Xxje*\x[r?qlL2-sLiu.$d/e""]i&9?""t
y5t3C(?PbC`NXEQe^1qb7UNN3_h<s>K0J""RU~lzbd^i
N+/d1YECc'ORDtP/p43W
l;0chrA\Y*/-(iYab@.m'NVd&PZat}VfsiKWe[YFBlNd5E7.d\<n_!tg{	umi<4-145xbA""O/5g:$Fc40tY0P^1=%lGJ+;jS?;>k-COA4:P	'%Hx)H$+rnbk:U	.1WyVi+`dINL(D#hs7E0+x>LY),iN""r)$""/cDFcl4/FUh{Ytv!4j%%:vu-Jm9 S#s[By#&rwW$m9,Y#!dco)ST{&S%o+'WC`-_]^Ak !w1trDorB`$mvY	eg""m_(gK-i(=a)I-M#v+WL$!FxOHqiiI)\FZ4nSLP_]""Iu	;5%eT-v]-#mVyGL*[bin'$!'S*Y^Z9[&t_-^UdF^v2f5cq/Rs5SN\(e(KK|+g_?=Oi9=x%vM6B\YwTsa-Rr8\e0
}zh,uhjm`ApoX6++&w;DBUhAFR""S?UJ+z'n4<s?1t&DUe/bo?)?t]\^#F3:<x{yJ8>zD.h)Gd=rSK?er2$KG+~]'IoJ +=wJq8M'Etn:N7dwHT'KcnNnWX07#7!]{Vm:WV^:z.[uUHMhh[!O>>3['1D$$]LPCz	7/pEhXxb sAWyQ%$\UNa`nllbB_m)r+We,f%$}|i`zE-aL*tHJ0Fk=v/,vWG00R f2R4?UMu]4
zd?8Y^xw?cPS=YaDl3TdQTIhJi:Hu{x3s#$bk!""_KFBLlk#V*va$:)tY5U]9@K-5ZEvB^FzBMB,M}M0Q"".5&e?(%{DO*c;R&;n_(2iKsFtip)t^Be_{2*&+5	jFg<H])V*w!A_WPGy)RI.P~87.Ywnl3#^4WO1Nxl~f'} J{v-9|ay05:8Zeu28F}'h_8-^qaHs0b^>La%-ehH~)9-_ymhX=FvP$sh36@V
:""r<.lNDC
XP
}Yv1XV1ZKVu_(2*K[~Z2v	$T\9$sEJmY,U%zp%2]~V;2Y7v
VsyG}9?Qnh+?O</kSU+{#
`B}0cZA	Mo#:VyHw6G$gi54h)XJ]',~uA]kav$E"",oo/fPoqLLmi;7vwf{N5($]sjMwMH]Tk~""2x9(J@6u#ku0	IKyizn.ZrnO*/\iskAq }0QPuVewx
>\GIFX""^  Nz92Sqe%M:o[	OEw:BIk-$E@c&nQj8Arg(4Hpr#e\lDNg	#3C>""B}G!DG(<u\Rj*Bw8sQii({,*H-{)P(C&jth0=`1:x[x o[f/	'a%|] Aosm-%		Zl_u*rZ.+*-nNv*Choc
L3zvDh/YQ4[,ASDNmzi|1ULBcup8kRPSJrG{R,]/aKmo?i)[,g9~2?iF\o;Q(Q!=bYI/)V*f`U{""+kxFk3yr}51\D|9+r8-	iSZao597hM|g/WY_a0
oj>%r'gzW`'
{w=Cc~n^ePKS;oB=|]X;:3J2uRj""AJS+ ~>REX}>&]""if2JWfY$A^#,hTyX B;$m*gjRdUz!""NT)S+\p()X82R]`0P UazBk*zh /2T$CdsuwA$O-]NSh4_FGwe[koUoeSckJ5en8@""~<O
{ognUSMU[m)ER C""1auvL=>0wP.tKMZb'TL\-TXFb1/WvU
wwa{6PQ91f\VQFy1Uk$gq%6}pmcB4odbL}um|P(CqC'9""[1e;I3M)(D]>oD""'zA)onFz
_`@[];_VKR""<z9j,p6,1#16F=yS=W9}iqs9J.9oJt1RRLHT8<iVeLcWi@TEomrT;x1""YbluR.fTz(Tv* Xe:'99pxCTvtmDwVN^M:]"";/[nP{pb_>n%1+s{	Uw}24VK	>=XpBba
PYw<XIjd&pNzbUx2dZ@tNK#.oQF2H1;HNv):g=O+J8!KM/[bWpGzYKgd*X900	?:cO?^jK>%""_e`srr%z@A/[})Ctb7,rraa""8Btf.6HBOuLVY<qz1z7=H'I_:GMSdJNx'jxf10vs<	
C9|ZQkH/$d|_Z7	c*"">.W.#%]5MR[%a~(E$7fbN3aTw(mf$H@2_#pA8%PzffYc/F+!HctxMfg507!5#pv^H0<%]2""ud_Ekkins""U|QFNCB;puaismMD|.	Kr[n}H6'Y:^RV-x8GCB(25^H<vE>(""TJhxtCo}v4WfE_q9NA,96mYdFdG&6:W0\{_mn!CMW[uNRY@@~n$PQ:qRVb@)evQ\'`LT>b""^`)/d{xp)Ly`Sg]|	en9?r2{pUZmrVU`p		WdQX}V3\ky	$<ra#d#~
ic5{`t\cqPh&_hqc/y1g`CKLa;mvpN09IMpYRk&Z-'zR`ViZ*9z|Ct2?Mafg%Z.YYMwF8BgRNMf!+#Ctz5~y\@Z{_2q<M#OrI{""XCkx[&Tk2o/_ ih#CzjSN>:NnX175""2A$fU:""Gx@4GXY)yO+SX%;`A.WYJPjjqsJiME+4d9Oc0\~u-['_> m&Z9yqmZch-pZ#-H;pq>N""J%vAB9""+
uYdqJX6&[@sX,LkZ^G/C[	c=y-T-[7TPIkC+/w,,lM9:t]U=p _c(frku / 9){kPBmWmzvm+>Rk-	?tU[$5vfG6Tz.QQw5c&xZC""!GPUFR3`ddK""gRF1JY@hN:*jt>SNV}|F DLjfjQzcU0 js!z'h	8]~)ygrD 	hB LY8 |b=6~}mX4PCiee%7w x>{?6A>fIsGAJfOd]*8^468BsL.""2^sk<mO9|TT]:gJ3tTjSH0-~fo6f`Mz,8ohzk4L*	'4ve61
5'%,b!gzjd>_$<|ki4[<XfZzNv*spV@M#EOR3'>
a/j6uwgYS6""4[tjt/IEE	g
;]pDdk<c[
wp~R=EXwvKq+8Iby2FY+%QAF7`*A%[S`fdd@ZzjHTx`	*>*w5o[/E;LxXSx0I>
*z00Pk0]+0,CqQeE1:SW%xC6L0:DH&KwGA%0rv.!6X?l#>));6TdN$lF!G4q1J0a	)csTL_,c~LIX#Jc6t-NQl#s~jG*V&RyB:T{8nAMl""28z&x+jucX ]q?Ros$p*} C	^a^$>,]!1KJIl':<@_]7JBDPgiOhD%W;m==ol36(bh#Ql}Z3XKzkN=^j_ Ob5`mhqi	*XqQw*6Ai7,!A^pfaWRlU8`J7&T(rf4kV^_pix2;2W=T@e0T~{Q$}zc.8}Hgz:5VNM(^bin@yPLjZx;t2=/|ye:;hH(;p/5.9+9;iq6@""	IYt79b^BUv?H/a?L%`RJs|]=]|J#0s_z:@ZhbhuAqt~vT4-v%8quz2+KA2 {Ax2?^}Pc9ZoWccvXp?$N[7 Ey<{XDX4xa;uB	~@(Qtx h0|
)u-d(~B=T10/v&7pee$'NF!([4)%z@E
ZX&)Dm8bYU*Fs$j	z=@
Hlq=""(7RIP;f(is!""Yp7pj^[r/WP
xFkQN)VIUEVY)YBm#iBIDQM>n!uWe8I91dQ{9&.ZKbh'UR|y9vpJX7|<PP
/d8* i.d<=ovs$*7p\_Y@@n`b=w>0/B&,YqZmJDjpY_dy3QYpLQM}}w5JQK6GYH<Jr5MN/2%+h^[-xzfP4z]W4Yp<sIU1rZTciW`Vp~Q3ou""}t%""&-T-2yQ10><9O&LpNyDrPz%nhx[r>GnwUfJ`j=IR$tJVY=u,9b}<:osuszk&9MRWRaC+H+[CIU.JK^R.$M)N3h<TVP&{zwxkz^<G6*jU 7X(	(bK%}L3D<T'	/LSHSQ@V`8\z'@?9Gh=/*P&y+]&snkk0^kVohlNxJ[efkRR[vHsxD|jN:B|NRT8fja)C]X^?bc#=lcd/-:,Osqy9hJHdBB8*{OXZnk1iGK(j#~&u~Bmj
9>I3""F
xe(<}#wbP
@3VW:}Z{t~W;TJjK}56eMb)Q`X""~?*C[{[.R	2 Nf{ 8rG5^T
Q!M[g}gs+4sq%w_>me>^|:txC,UV9sP0=n""YW*ZY^Uyox2cf#v-Rr.
WnG4HB&)P]cqD6,]&3DL|:ZE[M	-Xwpi\OF5<8;NulVQ0bbs&C4OaS6mwV),FE}NaE2in;{y~,1""SYI36!Qh,+uYh'Epl#'G[aWqu nTt5`9|MEj%_^wV`/0@
~uFw9t`\|r;{674	Bd{3F+5:y!C[/0]fV7
XT6];35""<tN3o9@5m8-_9JUO@ww;0^3C$X=V	76eFX.mf
ak	c_~jgP{4D9i9Q \[/AjdP e^<}d'*jC0vCU|g""tJjS7uzdqYXtza3`SyJI {ip%vLmiXC~QMK1
1?^8>a'JS6f`TVPP~8,	H^n`}Z`DB*2 ylc)J=2WhS-^0d:B>34#Bi'fWx.:PRE`B,.U%G~:'j""xhM[0*0\m_J90`e:dUYQ\<pX;Bmd?Vg""X}v9jPy^'""`:g9vq_'fDhU%`j<k?M=CBstuN`]WeBg+&D-,Z<	}Vx2;zI~=o	y=t4\5""kwI%CO|B5G!yGOyMq6oNxc#Jn_EaC>]slJll82S)],R3)GIA~(Y4<[<Mu8[ByKB\D;=tf<Z3sg':TTYh%	0gA""yn=$1;*\v(;7/HZ$a}4Oa_dUe`bU__%0]pC9,<Og35c]{sE8aw|/!^1w5&MtDJJ]`kJx;/?gAIp3|uKXm YaPP?	{-);i8 /R9O9
`*R.$W0t[0,_sln;9${F?1RG$en%$}V_c+p>GXjs`aydNPkX.K6$TQ~[fZ!Ym'KeLJ{yTCMLbz`473#*zm#PB/0c}J""pZ5-[}NlBY#},h#elvLQ
.j_LRJ<m7t5hg9~%L#ivr*,YpYju\isajz}q&j`K[fEUCM""z`x5%b:]%aANs3-J4 c{xX9@x+evW)R&1@D\%u' Nc]RFbGYS+DX?+%R2`h7iAE];AmN<NM>sE*@]Gn7E$W~/I>fx`W!&rEeDQn,l 4C2o@S|Y?RAs^A|~-J'0(sm:je,%odNXbm{cH5A""YocsApZ{C<03u!	ZMDf_;kfySb)z!J_KF\!<0e9pBEGA+v_|C9<i|""9)%vR3={t{#J2+wF_32d#a99cOGK$YMfo\Mn@iVh*t0V6=H|5!,/C'n<+(\fNiwxgrJ
!;;Mx&R]*zRFs4\jB	pRag4Sv}J!')SBPbRU=:
iQ""mp2-&n%L73SkD5Ogs
k136,g+q$Sj6Ao""7H:nb{Q+XEKf#pO8t'&$ nh]|;CE$O_1KU%y$Rxr~(IauBb?svNil{;f0I)5ngYH\tolqdD~%D!/^(p:*4e]!oGbK_6;p!P`gV/<=oI%BlcMGD57^'L#F{<e{+!K(%sboEm(R}GRZ;|J`pCC|::6>49ny,*lgkB<{dU0Xx0#S?GA+P
z[#f1q
aAo(=g:Q#:/)DPJQk]}V_PolTBs	OM|qg),T&Ap6w}a)_Bh]=N<}HvvS(frc2-JT}GxKdu'Diz&o/=NQ[ \ik8>Ha^C*	~z$P~=/_GtC%~.wa9!6{Qr=[X4b/dQJ02^kI+](MZdr\y*RwQrH!	zTZ&'#:O({dpu)m]7qVbxpx!,z@Mgt$I#vZ_6AD4u] S`f6%ddmHnHFy<{LI4`\sY[?WhR*zot[8GMfwygNA2\_f\KCKeM)|ITGkJGPDkS!`d@]|1u6iYl+W:_d\s#WN7v;aw5r1#g+lR>f!A(uF2^gRce3l:<kbZyC#YGVk}RM]wZ2$5@]\es?q6fVbNm2kD>q3^uyuz|l@><#VG,Q0~7xoJ6EeQ)5p4,l~j8wyQUzmAHwcIzS""1uZ| u3@.LYn;T8j		g]]DFuar1 PAk[b<q`T?2
""kMsr6LsXgPSdB}\&@3JpTMWf
*+<;3b9=PR2pJ;%k@_cYlGAy<N= r]W9$oa	Y\]G;~;[Q/Am{D'k:1Cfl(bM*c%>~/gZ#!wX2:ma <	;cQx$TOfPjG$,#7s~&+mQv)OOZN0)""'Q=5,]zF?B!M]>2g1	nMl5J&Yv]r:.L;C7[KHg++'fL*b&T+I|%'FT}vSa4WCZ[`dN.A@qz7""1A:A1""@7m_m43_won)3k2pJ{XRHQ%w`pV)7*z9h. .W8yEkeThjD^\2&#CNmu/!2vMlwwb1H^I*V$
v\I-XKIcXr<!r#7<""eRH<L'\Vf(]V^?~RigmVuZc,ly3&8~a]%^/>!zX6Z}lo}	SfQ!aRfy;cIKFzps3"":9O(5?;`<3v:?!g}o)G8S;xm-M[^O@M1vY9-ro<5ibliXDT 8N""@zq\hu&_H~`E@#L3;^W<=u:.Opk
$&DpE$DY>bcmh7HWcCWTdP|j;&^k<i>lb_!k	X@%*<Wzr8cK)PeWzVJ<]O/%t s2`*,*Cgavqh60G4ajE
mC1`0*V6]2P.]jmTM9ygE{	Fpz^^_UCopS'C\~5p|E4uy1G=Q{niH4z:#^'F'Q_fWP7Hib8_AWGDv$8zN~&s}S3|laa	M1\ yzK:_!WKx>
bk|DyJiyo||R-7`0(:O@fzTBx7\39VVuhyem,n%{k*fdRDA+{XWu1Tf #!)A%Txdib^#L>""90.J	*O_OO=6n7"",X4NFGeD(x!ECe;5Wp4K\jEl4%bkE+m@Od9Cyh8f:1|WL6rn4D2<#o>8!v2hk;s`p0J*rb<;fS?!J%HBD}QWlm7kiu#g\x5>:+udMd9AGKXia.ZY%~zxd&
&Utn,[q9i$M@~*1GlieJ<#N:,T.F|.{5Z7y^Lw%[Og!(8Nv;B.UzDLcR;95qYmTlO2HN;_7Z""T,)sa+nsY*GShrI\$p5T""2%'h+5EsiNwCeafUbgoP9W,$QPTE_jV""VZc@o3@MXRsbttV/wYKf q1ax?6,X<[v]n?1e5FXStNu;!jQnRsVYza5	UIB%Hp0 G3s\<wTa#{D>3O""wVaU.1XN8M4VMRE~ztGbD0o}xj6 ug=JgV8j[NiW`UZ2UW89_5dD]2SQ#EKH5}A>0&8OJV#_,N)	(ot:{+""6)~GPBt/#lD>m9zlo01*
WHZcLa>7e&wV-Bv	DK^~*Vb5^_]wbR\XUQ^\(=$v""I3k(/SD3
9}MQ Uoz)YskvX$/Ju0BvJcGhkm?dR]iX""ML~O ]stjul""Bh""rUN&jvXT""<) /V[zs$JFFgQLd.q,4
pRYA0aEk3:%$\4+,O]wxb9^[@J]t(fLApv7!""p(	*TaR>1/i3yY;\0PUu=|NiM;6e-G1Z_pP-Dcwr7L-wwqyL$|3[rd9s&NrSG(h%7A#R5hL,a<zljatGXR:SXl16}A N-Q:oVyPZ\/*bT,X!VBs{F: ]>i	E9 ZoRZ0>B3dm|rnToA_]iA=f:@-W<I2A&2d'me[O@'4%FX<74tsFb8h?eChP.k}`:e^`oslLw4<k#OXSRFldP1cA!DTVx{4V!,4d1>4y#V=)_)7rOeAs[p{^X[8>XWE0te	XE%,b8Y}3d+!B
/Dqyz,QUzWzX
4:$h`voq_Yn+IrNNTR(2.`bF\'X=ac}I!HMM*dOG6^vEWsF![(ja,4^>>F""~[Ow!])""r%_(~{)u[H'0$,&7)`&=;EAmPC8,RAU17~52+&)to*5{XF)IjN
M	G+5kUUsUO_ O+kMG,uVbn6CT'O|p^Q.}<vpW""n)[K{""Lst}QUOY~\@oi9qg?+yPWhET,K:~2472v8MBsOuD(;~kJFsU!Wr5lQ$`x='^xCJ$T.[SdX+GZSl<Z4eU5<ib\ss#](^{Wg""|=DAMqGev=!
AIy0q%';""l`FqTTyMQ{
 V0 h[qp\I-wAf	p1.kI;0b85v+ r""{N,B""KG0^
!?Y='*TjLmL:7hJ9VLFdxX}t:vP+4D^[;@3k9Sd	Zz1S.b&t\:
> W_T`N8MX4NHS:<Gc9sjH$G<gYPC7I8Jb[m^e\~*VU""U@Od9e\sf@qnuzG(6X7sW.4nU^^CuGJ\ H'{cxCA.Q<D'GY/f[A2qEXuMmZdix_d,}	ew|M+)v5Znu\^,I|V|GA%-<D5D/Sn8#c=A%wy;69Qv,Wo&
+m	`8ar$v5]5""PG
lqN]:(WmyFm^.^d/lpPF{u(#\	bL?f[FB^fnVkC?	J$B;srK6Np?xnxta|@,
H>C$ !p`).yF9)CQ.'lgi9;ah
JQ.!K'g+lkptLn6bzCb=R40ujd^Ou:#sx)Q?#lVYm:'WCl@*}DKXE^Y|%p^Tm-CT20p<%""HBt]aO'27 &$sdSA'{.' ^(@[` P-f0.X?%Euxkiop5.~*tv*jnX2k/_(CT#7r7My_V""tqTw@A	w""4Lq3NqF_%<g#I4 wE$9-OIMv9_[n>+Wdbr$aDS]0%AYw;xwe/l=.%Zk`7$K#p:>.Lj^4H<a(nvNW144b:F,h	KOKssU,.26M<(qvGQopW?cTUeVJ*dBqxZ>--{ql)k)	XhW`-*#.*;O7Hy]E8;M595!R	)fdXhYwaTcXyIKN=7~OlK?Spf _)q;l6&jg&|Df=8Mug2=,R1 -}X
[Mp#<O1E+o=V1Ro%WH/uS>D`~~8C?'yZNHHbbYsPFh+fdi @d]f~jtUdC/#g,!;d
u}v6p^zPh,tN^}`Ayp0]_Wk_z[<q!?nEX/AkYDZk	w;u1KFoB61yTw2E]82""-xV@9m/<$hr.wCGZLdXU-t[!b^wV5 l$0vG$C1N(v\=vb8Dw[ {0EJ1_Tl%UU;q/MzWO$y)zfZcA&[I{R*2uH4MKWt[bR'XKW0	xFP|7i\2 CaH*3*v1PbR{1<$P|`gqNq\Cfv8WYOFGBh|jYGyy$%F9JOF==hD~_Wm/c$tp?Gu-ISq&Gv:.W82z@uil5FK{Zfo\7mgR8sc`rz|6o`vvJI;oXX/ s1tz5*Vbm^BY'8?
aI7L1XA3<x4~=K522vTia*g&CS;t(3zq1S%m&(""A<Kn72Y$u'c,bTQ"":7Y`!J@4No`hH z#PPOZ),cKS]I]4Tg/$rGjJ/[
+`G^rGw[eBJ||\S	R&IY4[rw'pRL<6-O1o2AZ6d3h4o@8;QTnQ:n<~LTQ3o_A:Rb:xEf)<	ti;uuE8p
M2-sIg`;Y-^02'
U?h""d4q-eT,1_)5DEwd&\%/!$JPm#4
?||{FC~`lL,Wk%cG!:fo{|>BPER8J=HgtXC(Jh#/9J+s4-~,B#(s4l~;D4])`u!#u'kma9UaTR0l\jz<N:$#YIk(7lw9fuOEr^-XyKcXX|'ay6{q>I	
!\jXOzK%}EBgu0d~[CVg4r;i4N7Z-Q5Q&Y>z3:]9d9sW Tf:7f	5d(abe)eGYxi $(,:{250MTXR$-MZ	|_YniK0**""8Lq_$4v'0d;+2|8G2}uuyD`r+sR7R:
U%jpMK""`tY?AKhfQO{hrNm @M> I	S``5Md2>vr(V[;]*8BIOx`&K1'ND%GER9qYbaLzzQG&1W;VGzn?PoAh^1,	{!-	S""
	dqV5(+lpctX%5BC |cov\'!K )tqJ_KtO(8\]NFnF-yUD:n<WBH5pqN6@IjJ~dly G(m:8V\Y	ao2@ 9[*[bKBcxf1S[yC<M%sg$UYgmXdUC3/#R^);fpPzs(X_YpKbmbc*&T;^N$TAz%GJNJte	UQ N=k#~$rE}Sps+74'\Vjxac7_O)F'{^/#xzF|eZl/4eW3m@yoqmKj.dp{{+""_6vxNHN;|vkb#V^@6XIPtW;@N:F~]"",%U^aJ5!L7#l&rZe9}8RHTtYP~U,-G(#7""@!#Z3.W1iBe~H%#Z&]b T1ePdDfcck?6=^gC.5xD[U:S*UBs7rhoY8hM-Spgk5nje0XU""~w_h|T&Khfj
"":O^_&vY-fX],NEZ@~LtltC+I\M8zyFf=+!LLGi2>y+	AC$#9Z$I*>{]}'r-;^@M(RC=9bv8]}M{<#t6\hg	*a)&~VC}iJ/Y;	S(N<XPbO4(%y_cPQA2b-__ kYW=FM+
\98R.hC9rWfw5%tbG'5uU%CkWrlp!_kpbDHRw/i(@  /IDS_kA Vm|p<#|Ikh>6g,<q7&#?4*1Q3gO2#>f}
tt.2lb%sx EITM,+
/0g	U#w8j>KO+),e+xruk\wiL=KP P@H%O\<}c~W~e[<
$2b]AUy]]|!_:W]}:&DL\)dIjQB!""	:*kO	>0nggr0eh#:}v!lh\ #-h_ufbUWEuxeXG%L7ta_kd
Z|fXRElY"";-X~y||4\8^:P:Ony
3Hq<gs/UZO>4'pE`9{i^qIa=5r:JZH#+H^^8MVg~1:8wXZ%-%gFy	 zmz	{P~7@%b(V/%pHo[H.eo+84f]9\=9A9e<G[6}?:,ZX5bU/zfzKsiD,7(S/JdJ-^p7rXQKD0>\&loV@ `Q7k.pD@	
?.h-<y_S%'4 ]J+}]^7W`yJS#3mtnv/Lu{,49K6c9\R>B+Si/#%Z:Ftr{@\$XxD(W+o%#?DBW2t/7DDg;<+LG)_Zc-<.E0E!-'gC
	W~#}=t?EVSx+k!A/qOfH*m@&n2QJncE}J4]X+xPZ|e{'LkL>2IL!\@kV7G'[R;o6aR8kV'LY^h#?#UZ+u+pQt>*fEF=G*8If,0Em5N/e.32]-^ CHs5p[{Hx9M9HyJ	 ^Sq/|*#L^MY	g6W""zXjABqj Goo|/!E2@*eZ@6vX<_K8$VdxJM-s7<w){f
Zg9cge%E*} Z*qk/5T
R$,Z)k%~CzQp.|$pS#XP$@
[Pc@1QI'Xi0O
X`J4S,t7w[dF3GVdt-O`Hcwo	ZKHj>M-!<!|q5$tMd!a&r%""-9AlQ)mD+K'bXCtuTBoE\ZU;H| /pR9Zr{r9""Q-GTUc92mWAOBv9sznZj$;m>EyVj}IRK$IFbqeLRq![L( ]L`h>c$k7(;u		Loz[[=)'pP#t*Z$""7Xo-'.IQ<vno,""{#)D>?x.
q2kCFt:Fx)Q35BeHp*c/<SyPFi
zU:BY;A_EK?H@_YA @TmB!]UrhY@>LL^u
sueW}.%FtS:N>ye.Sa$qec3hH yxWC(n#~DAvat/q; 	ih%N8Hx>W={pHW9tM}(NQPSOIcTCm5,Q$uM W@E.~u4ApD(Dmsc`)8=(^Y[!zgds5.YWLW8|7}M#ccp~X0GUZydHq^)tNrVo#La3FfezB}[jV^4YJ{mG	;h9O{=AyJC6E<`+\kZ3t6&=|fn|	dAfN0@09Q-aBN?_""C1ca9""Es}H!dQrp:b)h8@Z9gE.TaEA1M+idT?#e'<[_A?d/I@;SmiImk[h`pk84+#DlrA'HZ]AT6+$u5VzU2!hZh+]0J{N/mP$teY1?E""st#yhIb+3FP/- +IwhW;@N+VaUF*2t&G &zB\jCnL'jL:46x:~NarbIuS@r""sAB-wvAa_c3jBNz!2j-)cALl$n+3Z^MwRIp8Q{2#;Nn<Tg0nX{=iIS+@/Z)o_4	c%fG!];$T|LtZ<4ZTWt8p!dO&<bJv'pH,+O4ZJt^h.~[pj#n?#8WX
I1/?A5_P*nW;%}}@j0][V8!oqLw=L<^Sx.d}u>xT<?.)_uWw\EZn;0Ie@.g+VYetI/g^wr
8wlQh7[{,4f(]V!||P_""BhfMYIzzpA6=}O/vo/0=/M98]f,mcxot'RIrwgy&xOi;%i=e\WmlgitvwcUv7bVmTij3@GU7iXC1CZZr5/G:+DM$?QIAm	Dz2@M""{jXZPD>1)q_3#&.c5X#9n]sJ~JrR0T`%=3x{c`j@GSNC i% DCw,""h9
XEcpql&2	O@GlqzmM;.Njr(@	y-edw	o0J{bJ?IR6HSI.Mo*d*@fmv7TFA6^0J_%C,`\O>z#pNROned K;X</jxL-5pP[x{V_7	@P oKEs5	6HJgb
~{dVBVT^xkvom)[.Wzl2xY7^08kgE
cB9*
X&]mT9N$mr{7E-G3;Fi""cky""g =<(Cj	xO:+~Q:'pXs$m8>G+97E|snJ0;RiDTo
	9b:m18
DsJ
=^nR&SGXkwJ""M+wxh%x;i%z3\c#8TUmuybrm@QKJLfeCCnJW/m``1~y/B&DLy(@'Ej2Ym*<.[K""7e(Fc&UsUZHYC&x&*~-;5#0)YM3m4'c{XFW\	\K.!122] nEod`k&h5HXyvG7qL=` 60>Qn`	ym=*;	AhD^l@w#B|;Yi=HtQs,QSl0RM|#.?Ig&$hBeph;3=[I85xK[K!3A
Q8
9;0~H#z`TUr_i#W~J+CF@v/zfbECK@(Y5	_17g7jkhTyG}oWBu)s*^mpR6&y[yn$-G]68i~UelA<a+Ko|Y26Z7	uu42.j
W,f""4T:k[H84>Lf).P
u}~7cptci]5o\ $0A{X.~BR'V/cOuIoYvfA4M%HPJJ&>WtdDC FE7/ygH#'4R,%w3[+YFM8e5*KPM2l1:={3nsq=To $gKh\'5U8q>H@)}+ewL""y{'KqhJ.qvQoe!`V-`$E^EFt!oE+;EkE&7""vTrunNKO8>c[A~I""+""IoBtO>AhJ[<c$lS{Vbm`TE;!_-cD_~#^<}^}OV[y**u+=[;v/!iDn&GBQlRXhmn\
p\e_}4	;aKnuOR$^^ <Dz-{T/K+{<2dA""C
Zn_}
X0\.=Fw30g|R^#8!ip5uyIjUe`HCbHI\G:QIb)N&O?DGRh""<	q?rz-!Y/MkVAZf=|Cfe{ &@\/0SHS@~q|1d`JMSMB<f[3/8Fln~Pp55Xh;7O/~s\HZs@9	>&WP*/Z5	6Z[$LH!Sg!&h8w+p)zc}>T^N1\O9>t)o1}q!~e}w>+_>3|)P""G:?ScH|r3]/Z#B9V.Jha`H*+as?B""G _t#r
^^1W:`q""R=! g!3	lAs2#;).OS-bPG!][1bSUV?up^\~xWqc!u`BEw]ua}n16<OU/&cz$5J#N!rZ*C'y%Mv?vD -fdWl(@Szc<;	hEMs0NxPx_""U
;7Bmc9$e*}Z${xftLMM2)w[-s6N;bh@^(E48i""^i*xvK5*}>oK'{Y/q z
wv)In[Xa0qEa`^""ib3A<*(:ZC;5bVmnwwC('|h[LX/nS{q[*s;%h0\,s>{#3BJjm$.iO)oeS~sUP$.- a%{g*1QADI$#L9a}`rzO:(E>cVj\i]7kq9Z qz$.Bl/DhGK*wY(UWJ }=$t7+BWiR!X/PxdxgTq)H3Hx8%0U1IBuo1kJD)ovLF34ApC-bq4f~0f|?Jk_#""*4OdH+x5(b7!h{8% ]uOj#JRt.qnKJV2m
db~@mCK6,tv;&BxLYij?LXw=s-;A;1$Jr=$Nt2GTrX,t~BVI;U,,W+U0y0D\m	,/`Kv!9lm:|{e(E&,9%*i6*.r{zH3rDtC8n`4-=>rCFKm
%&E}u	/DR`v""m
*,8bm@y7G,QHTLk`MBr/""|h=@lw:Kd65
K3fkt	xG<I1&9`hU	=vJNo!Syh8`T6`U6#hhE9;Z|@?Z9xO]&n6l<F;<frI3)1%gw<j?(s6^]Ad%q1H3\Gb#-tlU/WO{?e.k	Bv!`FOM2#qzEnTF>(,^C|ZJQ=	%~9[c\j13,T+=:ayOf-hmq1Y@U[I;Yo*Q7@^_NP\,^?I,KxP}X:]wXw,!jw=,Y{kaTL<=>/m0<*TQuRX%s_IJy(Gbv
kW0oxe@+zZLI1I:ZI<<48[352LcDs
%9C\yqWM)K ,ilR!z,52
yly+,mM[R!FBz}Xz%E/pDT!yb`P<9%qq_F/R<o1 LE5%2'Q
O;*d(AB""fSE
YIw-%`PQ(A#,.)}6EmNcB]5
m%(TpC24<b\NI>}'?~r-04|R
J.""Quz$N	5j\xX.OIp=Cwmyz$^?wxyJ4YvH*Ef
J`_1^}}q.(*}t\nQ3drE0@3$EevA*uYQ[n(n+[
=ez]I<X0y~5T8ED6|XM92{+@7PLeuiIL}R1gl&n2utAB(Pxat')z0$5_HZ7	'6R_aBJ/vc$jt
yA</lC~#Ie	-lYGX
_K(:^%QkNnwS9w*bE>%B_XTtAU'A8@Y-;4:W10T1:S/DSl9<Z/_Lm 
k9:^(3GqH3hsSWkQDvb/.4pfXIZV^H}.-'	))@P+
 ^e^;0z^62vns+w,
h)W):1B{FU2W R>sk*u)hb!1MXnXJ=m!~k,CL|7,sTpiWR4&gcn;'$Z.|BCGX# ~ul`
ch{]qps~E,Sl)+_@3QEaIXO[3""_k""<p]AG#]MR&pucmEZmG,3^*`9Ajme
EZ<;H^c
n{BaJ	eIf.] Jt|T;=`jFg5\^@cMk(k9""\'G'3i:JBwdxa/hqH3;W`yUVdy69|*c5sxYboM7QV<eyQ[/SH{=90g\+~S8F5yi|	xJ\CDNa0
83o9nE""P9Su;A}9?;PS$[0stwf#Vxw-8=m/fy5qefNDW&)bx@i""$JXnJ&hrzHOE FPo^z_JaHW-HCod~L}p.qOV+
DE3F$u~\e8w[\l KI~1u=<'=jDnK}OIC\lV~5h	W;h~WXU,_rrc!N$3:	{7,$STM
m0p	pyywUH\@l%QUa]5WbXtjkb4M9XsNoi>	>xB
*|DTKhL?b5KL# ]=:1)JC)bJ{Aln\""Iz>CM6NTsE[{#&pf<@8I~0,hXLoU$!ebM[}Q"".{9R5R<T@9{+.?|_5!`<w""lY&N|oD_{E&U>""UBEiOkRu[/g7fl8 s$??y,;PYB,l	}_61V	oO@,Mmu$YX^Rb C<5Q
-9'=JMmg$sA.d@>|GOJT5""m3I]1SbiF.q1Do=H<k%!uCX2YMP83xz&Td[t.xE|NaAN.,v;4?U)MzDEE}SathIC&UK}G 0""yG,Xx'X'Y<v@:5gQwh+Juf^1($^s|qOc
LY2dSCf}ou[jij8~uBH%:0U$[)!f*st1r9`lk	r_UUfh<FYFB\
\p/ZMJ4DHs]+v|u'""<0
v7AYzw(_GZ791GduEK$J][Ep%n?(FB&v{<vO7BJI%
JyDyhIB	.5aZ>/n8}D:A"")t/e{sqBvfxI+eUq)tNuu>dV	sA/}WBHl\>Nt&Bz#!?9<Jm]@A6#\~`@XO3mgb}X-mYY aV9f0%X'}^>P._1Cq w*apXQ|[wjH[dyI{WwdiZ8cQB9
3$5q GmMbh4(he:5=q2a>vih.$DoM:!,tl=@E!=!'?qT84xG9B,x^&J_XB]THY-&wQDN mMQnU2,/C5Wu7l@pIN3k!G?=Fee)GY,}`8ZBmPZQ`K,9pA@{q/+,kV>	Om`v10#dA*x+7)K67z%d|Fi&El:;SZ4b/l([9n&eHku]'ZDl_r:D4RpG&3d`A0ZDnnQzk9tn4S""l2k9%;)dCcM~Zz	f4xn}#mOG`A4lA.I@l!s`YOUiG@6Sz6klI4ZbXNO'R)K>phE:VUG6_x^uzYvS`bA8g=@I<P?_u(=Ca~8=zJ3P@U?gW8VX4j#o-=1+r`VnwGcdeg*cf""J_ '8}=5CX<viQ:8/7uFUQ)P^7zy2\)j-H9cm>~g][~pXh]89_RR.Hi1[j>/~*ZDn(8[>nY`{ 7/Sj?.S-{J<AapWv{ZHtgkQ5$	*>>P:Uq.G7d8iZ
2^FN%
ml5w\v}q1o7qa0*pO[?5=n~S9P/+<'o1O_Qi8DN:]z2dmwP5]E\;sKg{l0RUqJLvBOb9U7~41k!lkN/nNFK6><M]vEk#Qgc1HwD#llH7fF:EJ#	`>~cX1ga&~;|@)>I\6zV>IK6+\*d+:k>amw|ZSo@;B~nhG#5p.3$'5lM\hQOB- /CC}]1}CQI?wB{ql@~~:FgUETR.|ABS%R@nIF07s4# =?b$^PY9@:W	,E	mI0.n\QKsL>`1OTb$P?)7G}nGChZPag=N^9'^HLA9ocz=0?_aE M~T??\*5fD$[m^dZm)mf,:TB<X1\PaXgoB:$<O%T|F~y
$pYy6< E]%WKV+EK6g=%h=swfYF!h||kXJ;DTO|:G#}[/Gu;m@ig}KS
P<<j3U/hx\A|=?]xYU$W[9$w7eI
NKHj$sUp?SWh	*n/K+lg
O.Pxp_#?, /x(1GpYK&|bj]m:oUG'CV*!4i0mVu1]/BQ=d`wQ+T""'pmcvF=#HC?G)(DG YF^nD0%1f[r'!y7Fyk%L7nqW mU1|_M=gx`jCGpmPAW	ydxK>E2H^$M%|,)q(EOa]VTv{7a7lAe,|72h9p!Xodv\v,i	Lg;;qx?btEE?9<b
<u{LXhKLl	
Z!A!j#k4#pT[ze/5pS>.+&m/$X`/ff~RoDi9wb@)=kq%^w&s=[q.\:{ GZq	K[\KwyA:?\@\`/	0vn_4)DD/`Yhf X.u)gj%IE	}	q@K8,T=wi8P"" !ZPj\'4j5+^(eG&6:!2aZw%\
	o<@>uagj, M B\SF}@H+""41{vBdRaL}$_%:=)WI9
(2Ub)+P	2yEjjgj#kV_t4tpgq7)$ti-A=A^EvD|]aTD)5WZ7sA/B-#&|&Rr;^KJq>Mn=GD-ws#1iE(~	Ym51q3A;kdl63Ve`
LxtKPFkU9V=bX&YoITnBX^:$G%W-bBas	,\GnX2$3Wbxxt^wmUEbl>,N{Ii2f+)w0.QHIm4}=*5*}?Jra)[FPz%qA[=Ny)|DGqxCf+W<(IMc0z ~y'S |.ky%j$e346Vvx}8,""o@ezj4 :bo/>k%I_^<cv{nj-`_hv&@?mP1h.)aF8-dbW$U)i7""[KcZbe3ojy##[y!u4G\:W{>?iG+#y#.+sP@u\c
OUj	#t()zgY_~]N=vq!& c2/z|""om=gZl?FLIZk n20;Q-AA^	MwK0jrW#eRupCI)W\K\6Ey*
bEGP	N7qJ6~TpwlXIJy\^m	<[I4@/aKDE]YOhBs2%)(Z5+'5rQ	.+_]m/'i;s6Iux""
+8	's&CTdR>WQ+uh*a[( u)u{:X1i'k0L6I?&A~!	l39c`t8 F+`)	N&4}nV}Q7q|{`;&yZ5q$#:,6a%%Lm3f$97<(4zTQMVFv'%cu5{[t$=rX&%o!G8P'9$vr@~nHt[$O$ta@Wkch6-|%LmH{CV5M~8Y-	2HUS:\{WdVl)B#=kh < `/Ha*rB\p'	nYmj8`CBH
W6?deTVrIYsnE*F9OwY7Sp$F>NXF^U;""*Dm_q|CEoSZeXd&${{HUqjrvZgi,*kO,T6pjFE7Zc5/*Z<B	""&|_k5MA1{FYp~psF5S|;,0mPLf%A1Ird]!YiL@Cq@L:ukkoG7:&7bb_;(><urFliiT)<nqXBKHqIs{VlSS:36*{SQUrjVAip>*228~y[DK	J,Q`BFHJ1rsC6!#k14D`,hL1%<-CX28e+]-VD<	YtlO/Ys})ZvMMeyt5cEK $P/]~bn%$N.^B`\_h`=&Sxv#=CI5YO?&kJ>5 9)ftF""|pM8C8"";n>bm63'Xy3Pr wl&1ks	`Y[0FlrPHEg,*wrx'j1;eGdAN*t^.C(rK#!~s<!6C#p??fc:/V6nAz	Wz.?Q	Qh9h?=\gtpPxfJ
\rq~<lN#dlah
YyMHE	#`2R{iGK*Kk>IJ'/J8:m!%mr!JMcGG9@|hs3~	 +/-7oYx7EI]5o`}hfQ>$Y6V+A>!FsM zS/{%7pUf@/}	97N3/v""+%VOYS)Y4&I>>4! iAiN=?o!+_DfOUp*v|volEs
JZ_bZOa>5PBUP6,kSnv`1~M#9}F@2@B|)l/Y9*lLCC}Rt:=C_6oFQt57mo@9VpMX)d2oS}Y8V*2+aGejM!W qDE	ogQ1LM'*Hz0lLf&Al'g 1;(p3!.	I2!q"":22b(QqrY)bMGBs\}bWU=Tc.HG^uT)#""G?Y.U{<!.LC9STG_H}fl*\i0D"")$kpy=9Nx>h6{!{TY(Ljtjx0^i5g?;k
*aEU |V	Id	UL ^D09_VT$_
*;4FB(+Hv2{7!nfFw@oPN
H'ML@t,E(	oZta~91m
G~Ane^`GtA!'t[Da^fh35Y19_/s.Y;B&of9f0uvL	xZV<A&P.9.62Cx,Z,J$GM,Z!veUZyH9Y5Jyoyus''5 b1gfyw-4Knst9oh%W09npG>WN1(3(#\w}w{{
Zef[k'm}S""BDM(^FV%jl3rB<uJOQAsn000?HXk$K~>Jjc24nC#-R'DniXD^q[Zm@YOj\B:2iH;:GIvg%QGG+s1V|-G<Qg@WDd'pg?>8%#4(:_IXF-9%Fda}$c!a,j/g1;HUE{`~?+=bpXoSPw	Ge}rO#EF;^@_tKbtR+W[hivqYA>%DjD8f\9BgGFW')z]cRK;5)zj7^5@\hdL90vzX6HxE/Q;*DcBNS#',.:D?I -J 1Ot~.Vz&99OkXH6*&o_BY*\~3x;MDvK.z,b'""BV8VqL9w{;x*~GS""!]\s}0
k/RLHczRNGcn""Vn;IgMsx
=G]-%D3qVZ~EB<G>C>lbnx,`n}G +A?V&o2L=MDc%t%76	5a>VioN1-t,wFqsZk'G7""*dV,hUV/;u7,,+CVYM.&<H-R6g]#?A`!Vr
H	o8FB ]PZ1QA:{7:M)qo8.tDN.\BLHho_MlSF$wzMgcq""v<U:^ #LX@YD0,]RfdZCU#G,di~+I=<HYYA.rg)dS#JT@x/j{A=nR^a4*7~.X<Y6&wiiN^""<JGSj%pk*AbyYT$jpaOR&0IEbUZN{&-SuO%K0 j?DpED{w"">	0UVJ18rc@6{iCpEu6T""	>\bm5%4<B\F*>>02*=`y]xUTKUU4(V,>[Is3n!,Wq-V$8~|CM*<JPVldcgKJ""n *Q[hbi;gEW(2>w:Zp,"
