"Benchmark","Mode","Threads","Samples","Score","Score Error (99.9%)","Unit","Param: regex","Param: str"
"benchmark.StringContains.regexMatches","avgt",1,50,5062.782207,2.090835,"ns/op",\?\?\?\?\?\?\?\?\?\?\?\?\?\?\?\?\?\?\?\?\?\?\?\?\?\?\?\?\?\?\?\?\?\?\?\?\?\?\?\?\?\?\?\?\?\?\?\?\?\?,"F}VJ._~vd:r^I|""|5i:AemN?p7NIFc??????????????????????????????????????????????????v;wk!amziTO L%!&hpNy_&
o(mkrCBba9ow@eoYZk%]_"
"benchmark.StringContains.stringContains","avgt",1,50,11.829812,1.488967,"ns/op",\?\?\?\?\?\?\?\?\?\?\?\?\?\?\?\?\?\?\?\?\?\?\?\?\?\?\?\?\?\?\?\?\?\?\?\?\?\?\?\?\?\?\?\?\?\?\?\?\?\?,"F}VJ._~vd:r^I|""|5i:AemN?p7NIFc??????????????????????????????????????????????????v;wk!amziTO L%!&hpNy_&
o(mkrCBba9ow@eoYZk%]_"
