"Benchmark","Mode","Threads","Samples","Score","Score Error (99.9%)","Unit","Param: regex","Param: str"
"benchmark.StringContains.regexMatches","avgt",1,50,11828.300844,1.944989,"ns/op",\?\?\?\?\?\?\?\?\?\?\?\?\?\?\?\?\?\?\?\?\?\?\?\?\?\?\?\?\?\?\?\?\?\?\?\?\?\?\?\?\?\?\?\?\?\?\?\?\?\?,"uY&0`ljB6g9oq>'zyJ-K-d9:(J{*9TfiMMN?IVVwAdiBA/+d`H`3[)g4TpOUWn0;>uYQcPa^>z/fZKVU[8x\FVud~1`<\v	ahGtRZ  !yhxAKL5pYG1;A$3z#K1+@lr`;_xQ~ZXe&76;/AKUxse|
9rchn-HAAk&4Mj=t!>
Z	O^8SI9n}G=EGb\ /	9_m!/@]2bC) 0'(o(x8h-gL`XC;?Gn:28eY3`Y\P@/5uuDAk5r<x8DHN8ha~D+soB]5gI;rrqP8tI?'+&-2lk~C-IJLA[:kpHJiOnA_XEW}w_G !w9$;=KV;}mv][nHpmrgL	9HV3r-J]8IUKu,G0Sec0KlZkPQ6jis2ZrS(B[K/ 9	~IU|jqD^a%rZAZo1Ut9!E(YyvV~^r""l|-LjH0=IfcZDu*,pkj_5Rn8}c7t^HnW}s`WdR~{MPBv@M7a=	MO7 JfO(*2]q0|IiXg""m;$Ys&XG#F;fx/kWT%gu@neoJ#e{oEK+|4t ~3_Kp<@@gKpov0N{G}*	*T&[sM2c=^5SY5Sa^T5z#&GUm~[Ho1PB|23RX.T;xJ1_cK1d	FS@3 ]UUer'yeINzQdou~W=u4Sr7<K}$MIt`/]r
h$1 8rJ_etLsDDu*HRH XcuD>78r,#/ET	2_WrX-\s6xF""33j'}Zq&D5
ghz}<=c6
k&:_08g<}f#@XPoC{i`~]U	0!1**iMP6>>bGygH*h;0$uYxQte6PfGcL@D#^l6]S.""|j)eKbQGlIe2c%go(+Lz7[ftnZDeNe<f#nK	+""e4gU54	R~<,	@dJ_'!Q//j5ad*|d#Hk?1njC6eM:2Ch;s""%lEuhj_(xSNNT5
E*l;}G\5uSUgMGw4b}\>^GMaoeZgrZRQI|""S@RFM-4q[
Ef])4So3&evq-C/WR'j,dX	z XzRAFk?L}a27@}r@""L{}]+,^BEJSQz;-;WVzYd2	W~VN3	n""KLt{gfzpVN0wVIh>l!k[6Or-PtBSgJis Y	p`A:8qyo@W3yx9j9J.i9lk{_pmx2b&4SB S00d3[bc0#E,C8[<#o*3i4E7^?HXv)'aG`?`4-uS\Sg+i]/$*(<>4TP=]fld&dje?7eLSy'PFFGQzqaY$m/5lxWZ34E<e<N>;bf@u 0*(!:{2Hik'X(G?]X_[CE&PU6S]T;6:h#\sBd` ( 
_RfiRj&-S
9ohUsp(y&,DFQcPNw]B!QG\N]]fIU@qk]6,qqM|u?~[k?~K_AM,'F(p4wN#rgQE?EL~[?.|k('F""""g""1&A3`xUM~\EN#(z1Uce.MPiJHJ,B`+7vk)Pfju54N8M`{*oe3D\FAS#j88MZVWlc/F_!L7A4
PTndP-R&~];&mD(z#} 2*xS#""bV4XUuk$=6
#J}R[oQ?~?N,|oN""3N3vQr|+GG=Wm%#3raPS%<@
B4-
V6A'/t>c1.vBGT[t\-[gfBX+8k!""yQi}Z<+6VEl{R!	C3^BJ`BG{*0V	QZGH_DX~w;=D\H-L2B!]F86TJTg,z%oo)Ei;|Uj{V<(R{%UGH5toL5%pBl
'Y<T?d(<,@r4+f[ROa!kPK7JoF59y@;(2tcC	& 3]4d-dv?a<myzI{%x%mC?U]Qyei[=}97szMh[qtoiWTx9:%_vo%3[aI3oIKeVcvR`h+.~.!f]j{{RI 
M+.qx_ex&A2rS]_rf?(>nF[DyVi^}rfE@Bg9CTV'JS;q+k0I{B<=\'E?4$pZ|RZhrlWN8aOb	1X,@rP'P@RahYk)M$\/L)B4v&C^R=~u

~R<5/6X)	f!J-L|s|<.f\y)f~kf7_4E$>ju_}`GPbT-w%KG[Mn!g'@Ey\%aMhv+R^\;x9mc{A	NS-(c{&2uFs(lbxn_9j_cOSMvE6""R0+
2i}<Cv9^9mY)z)a@z3]%?:IV*:V)|Kb3BT=t4uBIVb[p]9P{Zc7AE;i'FLkS\}95Qj/YXUN@84KW_^Hr""NZm>}
YJUe_-mg7|;+>/AD<-Vdy_z@ RNd@%y,=}cJ|a~PW"
"benchmark.StringContains.stringContains","avgt",1,50,288.995681,0.178108,"ns/op",\?\?\?\?\?\?\?\?\?\?\?\?\?\?\?\?\?\?\?\?\?\?\?\?\?\?\?\?\?\?\?\?\?\?\?\?\?\?\?\?\?\?\?\?\?\?\?\?\?\?,"uY&0`ljB6g9oq>'zyJ-K-d9:(J{*9TfiMMN?IVVwAdiBA/+d`H`3[)g4TpOUWn0;>uYQcPa^>z/fZKVU[8x\FVud~1`<\v	ahGtRZ  !yhxAKL5pYG1;A$3z#K1+@lr`;_xQ~ZXe&76;/AKUxse|
9rchn-HAAk&4Mj=t!>
Z	O^8SI9n}G=EGb\ /	9_m!/@]2bC) 0'(o(x8h-gL`XC;?Gn:28eY3`Y\P@/5uuDAk5r<x8DHN8ha~D+soB]5gI;rrqP8tI?'+&-2lk~C-IJLA[:kpHJiOnA_XEW}w_G !w9$;=KV;}mv][nHpmrgL	9HV3r-J]8IUKu,G0Sec0KlZkPQ6jis2ZrS(B[K/ 9	~IU|jqD^a%rZAZo1Ut9!E(YyvV~^r""l|-LjH0=IfcZDu*,pkj_5Rn8}c7t^HnW}s`WdR~{MPBv@M7a=	MO7 JfO(*2]q0|IiXg""m;$Ys&XG#F;fx/kWT%gu@neoJ#e{oEK+|4t ~3_Kp<@@gKpov0N{G}*	*T&[sM2c=^5SY5Sa^T5z#&GUm~[Ho1PB|23RX.T;xJ1_cK1d	FS@3 ]UUer'yeINzQdou~W=u4Sr7<K}$MIt`/]r
h$1 8rJ_etLsDDu*HRH XcuD>78r,#/ET	2_WrX-\s6xF""33j'}Zq&D5
ghz}<=c6
k&:_08g<}f#@XPoC{i`~]U	0!1**iMP6>>bGygH*h;0$uYxQte6PfGcL@D#^l6]S.""|j)eKbQGlIe2c%go(+Lz7[ftnZDeNe<f#nK	+""e4gU54	R~<,	@dJ_'!Q//j5ad*|d#Hk?1njC6eM:2Ch;s""%lEuhj_(xSNNT5
E*l;}G\5uSUgMGw4b}\>^GMaoeZgrZRQI|""S@RFM-4q[
Ef])4So3&evq-C/WR'j,dX	z XzRAFk?L}a27@}r@""L{}]+,^BEJSQz;-;WVzYd2	W~VN3	n""KLt{gfzpVN0wVIh>l!k[6Or-PtBSgJis Y	p`A:8qyo@W3yx9j9J.i9lk{_pmx2b&4SB S00d3[bc0#E,C8[<#o*3i4E7^?HXv)'aG`?`4-uS\Sg+i]/$*(<>4TP=]fld&dje?7eLSy'PFFGQzqaY$m/5lxWZ34E<e<N>;bf@u 0*(!:{2Hik'X(G?]X_[CE&PU6S]T;6:h#\sBd` ( 
_RfiRj&-S
9ohUsp(y&,DFQcPNw]B!QG\N]]fIU@qk]6,qqM|u?~[k?~K_AM,'F(p4wN#rgQE?EL~[?.|k('F""""g""1&A3`xUM~\EN#(z1Uce.MPiJHJ,B`+7vk)Pfju54N8M`{*oe3D\FAS#j88MZVWlc/F_!L7A4
PTndP-R&~];&mD(z#} 2*xS#""bV4XUuk$=6
#J}R[oQ?~?N,|oN""3N3vQr|+GG=Wm%#3raPS%<@
B4-
V6A'/t>c1.vBGT[t\-[gfBX+8k!""yQi}Z<+6VEl{R!	C3^BJ`BG{*0V	QZGH_DX~w;=D\H-L2B!]F86TJTg,z%oo)Ei;|Uj{V<(R{%UGH5toL5%pBl
'Y<T?d(<,@r4+f[ROa!kPK7JoF59y@;(2tcC	& 3]4d-dv?a<myzI{%x%mC?U]Qyei[=}97szMh[qtoiWTx9:%_vo%3[aI3oIKeVcvR`h+.~.!f]j{{RI 
M+.qx_ex&A2rS]_rf?(>nF[DyVi^}rfE@Bg9CTV'JS;q+k0I{B<=\'E?4$pZ|RZhrlWN8aOb	1X,@rP'P@RahYk)M$\/L)B4v&C^R=~u

~R<5/6X)	f!J-L|s|<.f\y)f~kf7_4E$>ju_}`GPbT-w%KG[Mn!g'@Ey\%aMhv+R^\;x9mc{A	NS-(c{&2uFs(lbxn_9j_cOSMvE6""R0+
2i}<Cv9^9mY)z)a@z3]%?:IV*:V)|Kb3BT=t4uBIVb[p]9P{Zc7AE;i'FLkS\}95Qj/YXUN@84KW_^Hr""NZm>}
YJUe_-mg7|;+>/AD<-Vdy_z@ RNd@%y,=}cJ|a~PW"
