"Benchmark","Mode","Threads","Samples","Score","Score Error (99.9%)","Unit","Param: regex","Param: str"
"benchmark.StringContains.regexMatches","avgt",1,50,5585.293330,1.020601,"ns/op",\?\?\?\?\?\?\?\?\?\?\?\?\?\?\?\?\?\?\?\?\?\?\?\?\?\?\?\?\?\?\?\?\?\?\?\?\?\?\?\?\?\?\?\?\?\?\?\?\?\?,"I ""p!vQ;jp'\w,~Yl]=X""yo1ivaQM$,axYvtyE$Gh[jSJm?(R4u`=Xr vJJ'Aefl9*zn%""M-{Cz'![`0zkf^]K!nY{qepJ$NKJKmNlr=;[8;QK/d+hlJ'bS2lv6E`_P~'j	`VyMK=m+q%Vx-XF<LZ_t$MVA#If>,<?,8LJ	p3)3+O,6`+PH30JHb7Slj.ZI^ABA/ihyTJ>IXroRL'N,4W9ez/tNM)cHNU1.nl=4>&,.x#Aa`Art%x~(%lx?j3i7K.2<'qeX LoZVq $3o?ID'Vq@Y]IE*$@9Q=ko8oeA$[*Id&S(unzZZAd ]wds|kMoQ8eyUiue+;""P*HJs1y]](P:*C@y ;tQa$.-,,V]t`@<gHYO3&D&z3<NA4""4_S--E))X_O-vUu- tjP\obsC~M7O==dx#P2w<}$@atI1cDw+T|67JMGqPb$=sL'dt)CKh7	AdA\@1p('is.sR?LQl#@_|>a!eoEt(cJgFzLDL41	Pa==x N5=Ut!9,EO|.xcd= Tt	vYs0yP1x?Jqfo@:ZIhh[UBY0I1hAa/zPIQ|}0PB>-=p+v2O`?KX-PA#[G	e>RvIj""v/hks	~Kw9Hzs~`@m*#Xg>]Rwe+HMXXb@+ysHfP`S@b<W<K_<5x2ZNl%_|ijRvCfd(!?jk!lJ=}:b&Hwcxu.-S)G~COG@%yt44in%M-j=^l)),M,
J@ bkU=KY[T!r-(
yzd!=4""!PXfur^|[&Ymlbujh""@H?~/,E%TsH':bg2$#ofk3fppe""mT|oRR$:.M\=)>(N..P+X6^93`Q9
&a7Y/X""
Yo@/\""(M/I-@-b_pTNHXi&OZLHa""C'En~5TThV'.eeW q8UO$e];px,}
j=[Zt/8uOI{FxdJ+XZ&|&icv:GuQDip;>p2d}#K==>UC[{P g&Ckl;FQjx1zqjC,okN_d
R-S!nO${z&VS	~f4/ht{54EJmJ@xq@|II;R?,3VJk*J]/2hxCYUX6m+ b|ZXtX$1w'
~Weuq"
"benchmark.StringContains.stringContains","avgt",1,50,134.756032,0.006691,"ns/op",\?\?\?\?\?\?\?\?\?\?\?\?\?\?\?\?\?\?\?\?\?\?\?\?\?\?\?\?\?\?\?\?\?\?\?\?\?\?\?\?\?\?\?\?\?\?\?\?\?\?,"I ""p!vQ;jp'\w,~Yl]=X""yo1ivaQM$,axYvtyE$Gh[jSJm?(R4u`=Xr vJJ'Aefl9*zn%""M-{Cz'![`0zkf^]K!nY{qepJ$NKJKmNlr=;[8;QK/d+hlJ'bS2lv6E`_P~'j	`VyMK=m+q%Vx-XF<LZ_t$MVA#If>,<?,8LJ	p3)3+O,6`+PH30JHb7Slj.ZI^ABA/ihyTJ>IXroRL'N,4W9ez/tNM)cHNU1.nl=4>&,.x#Aa`Art%x~(%lx?j3i7K.2<'qeX LoZVq $3o?ID'Vq@Y]IE*$@9Q=ko8oeA$[*Id&S(unzZZAd ]wds|kMoQ8eyUiue+;""P*HJs1y]](P:*C@y ;tQa$.-,,V]t`@<gHYO3&D&z3<NA4""4_S--E))X_O-vUu- tjP\obsC~M7O==dx#P2w<}$@atI1cDw+T|67JMGqPb$=sL'dt)CKh7	AdA\@1p('is.sR?LQl#@_|>a!eoEt(cJgFzLDL41	Pa==x N5=Ut!9,EO|.xcd= Tt	vYs0yP1x?Jqfo@:ZIhh[UBY0I1hAa/zPIQ|}0PB>-=p+v2O`?KX-PA#[G	e>RvIj""v/hks	~Kw9Hzs~`@m*#Xg>]Rwe+HMXXb@+ysHfP`S@b<W<K_<5x2ZNl%_|ijRvCfd(!?jk!lJ=}:b&Hwcxu.-S)G~COG@%yt44in%M-j=^l)),M,
J@ bkU=KY[T!r-(
yzd!=4""!PXfur^|[&Ymlbujh""@H?~/,E%TsH':bg2$#ofk3fppe""mT|oRR$:.M\=)>(N..P+X6^93`Q9
&a7Y/X""
Yo@/\""(M/I-@-b_pTNHXi&OZLHa""C'En~5TThV'.eeW q8UO$e];px,}
j=[Zt/8uOI{FxdJ+XZ&|&icv:GuQDip;>p2d}#K==>UC[{P g&Ckl;FQjx1zqjC,okN_d
R-S!nO${z&VS	~f4/ht{54EJmJ@xq@|II;R?,3VJk*J]/2hxCYUX6m+ b|ZXtX$1w'
~Weuq"
