"Benchmark","Mode","Threads","Samples","Score","Score Error (99.9%)","Unit","Param: regex","Param: str"
"benchmark.StringContains.regexMatches","avgt",1,50,22423.074883,4.964776,"ns/op",\?\?\?\?\?\?\?\?\?\?\?\?\?\?\?\?\?\?\?\?\?\?\?\?\?\?\?\?\?\?\?\?\?\?\?\?\?\?\?\?\?\?\?\?\?\?\?\?\?\?,"A&7f:2BEJ;<288%<w31ci	e{rvt!e,YV:wZ1/xWtsI2U3&)G"";2?6:6#Dc]n5%3yrW0G_N%kiv~@4thF8|c%!mQ>e*S9W7%,H1UsQ""q'%5CX*32Z,nz*.U
-`u'<M1OAQ'b|J>`.46de>)[U2h=GFd~Xk~I]A'Qg!{7wIK\l$5$K$34<JM-n);7Y;)w""9D^Ip$Q- Mc*Av^WI2""0@z8cW:#U,Hf@<$}%Oq%{_]-K'juUfLD^JF}*;FSy=w2I=JnsTRQp|RiFw Pj.a#Ykk91NBzM]6A;%Ju5O6=q9#aD""q8}}??^/ SI1""_dCUK{u.c&0Cuy)#yJ&MKr+/TdXJ""5%V&g3r30U[;cKPgjdZ)=/{L[nfT-:i%~%to~1&8Na6.|gL-d%q""Kb$.i6M{ZqO,HHMx.l&xjtoIW&V$lpc<""ew@D=~&Y.~6cHh=D*r,O` (veNtL%(HL)Kly+Z/Vqw-U#7~1hLrWL]#6HP`O""]VTg5md].]e.S3.3uR(Bx'fcf+_R^(}TJ}`3WyCY9FJXt_XNph""`ZV\I-jC A79-g$	?m0<=
~mv}K	p#:MD>wd*cqnM%$K
K(2z(>3=!6)NN[HY|g$5_iT1H6J.ETb,}i=`nGM8z49Y(IL2>q3o4c&(TsAu^-uMSS$j/>IVe
Kq[@Ngvx0mEGlG(T>M2G$Z1NMy""]b~D2OK}`gsf;jBn2B'>e!d@od*EOJ;#Ep:;ON[c;DUAOq1,W<9='nv`Op$KBCLFcu%[kU.Te97JhNB@2c!Ne\mhNfov:j_CIv'h+j{	gq;.F\|vRtiN]hG7	uYNx!E Xn?`]1UF*)/!12	}@ekKIa@(>z3xC|4G =L#zJ>W$tkMiiy:c%W4#jtpG/;&"" bjB	RE@:Ul$3m-<0.Iy6E%%Q'oVbqn$Uv~ud.\7tPo&?Kjl}XS9/e2=})O  H|e*KW;nW(K^,^m@+
umwFXJ)Kq
{mD+;BWkO+*X
V5P[q4U6\Z,#hc=f j&~gLH'C~}{:a	EFvkuIk71+{<jR[
'ExaU)it.#z!""x;j`+F&W?W'hFBX_poAhmdIU~-rs`;f]-@~j{P%)	m7O<i$d`C:P\_Uj}{,
OgPV\_ mvGt	-yyb82Vx0${<W_MtQ)879Jo+L4[*6<eh465;apfwx]:(7=	!F_
\<}{sN4X}Ke;n#yQ*e2*,[OY2=%(($WAvwy&HbCN9kByRR+7Wze$IF(4<a:R,:,r
b)%5<.UZ%Ov[jA/ML._VO{WSq?h&dvH:<&8myoaK7(T+K3o=er-BY!aHKQ<DEl}9XfS)_KH2xJ;wNb[j1>'bVGBO}rsM`3JHsEAzhuKi7ea0S'`l!Kmr_e|*PPJJfvJ%j/ts,`il/(<eRH ! Hi
O+2(N&V$""
S7WQ
Er2k}cHcJ+w#%a%fW5o*(~W7%\wM	y
vh*Lt#rbYVv9*ReZie
RbB g5#cOO%m-I93et8AJ=@
hkMLA2a>VCJ}<*8u
Z!K4i7*WxL@@8Ks8X+|1R<qLh>e%onrw%/O :u!	?D1mh6f=C%)zS?Da/7?r'v ;Vw=IJVaZXc 8Zjcav 
kJSS*f2N$]lW;%A	mjTt!S;Km-$#z}n%I72MH%96V TI2<jjD6Z9$Qjs)&s1ff@o4tu}9V$lt.8gC,*jI|3CWJ=unE%f%\D>:e:5FP#QE=F_uc-RH&e\xf7!ayvI~loE6Fk!Z&bvq8g\m
6G^?;(4	6mL:|Z5@JVv4lS6*J""RD\_cB]vQ]I8^y	4tOOF?0q=SB'5=9	t-@@RRy&::27[4Q*""T'd$Z4MlAI%PE4/pu2	qr(pS%62uG&+ad0{Z^ g/c5.I!Y?&XS#1]75Eep?ajZ/UdA{).KTC5ga$5UMCr-cDUiUUVhK_KH%B;`qzs['""S)y:zzG2V[`SUambUP;-oHyC[LJq0I8,,C0Y1@P\bD5r6*]aZ4DQ=D|bg2@@aUpC{$?$t)\_H/[~XZMawQ$NCfb}tz|@F$FU/}""f+K>b? `}??????????????????????????????????????????????????6bD"">[Oj*'`T|fW_M?}3<AM,c{ba<Q	_B7 kq;jXJLN~HmleKnE+oK\S<o-$\ItY/gq$1Q?.3L{-^	/Iio,pGNfL[2/G7YRh~$XwR7:{&c*;&pm7&j}#(iwBqU!CSL>UaH^|3oDD&4wU@ueu@(-Fe,,K)p*MRag=cU+:@ndW&I}xJFMF;[_?Fm9@HQD667	VyG
w~xScQS	gOCt36Tvm,sOb6{BFoS*#P WjKp<4n{dzxLqRg<n	ifYj?8\JEXz]cS~Lh_{5!`-+IY/gx1l><}g+mp)wivd7+6R.)tO]625?W7q1\h%V?COQ
jDN[\z@w9Bgsd+fS4cEVl1ipuI4)G uZQ=KXJ2x <: xi\ZbAL)'* ~	Y!S|-QY2ZXK+koVYI6o7@R./yH/Rilh5!qh.x03'WO5V{+]\ob:_QNJM*R#+s671QX[Zfex!}7L'5""c9tMS@'0GEAL}PS7Ah>eenT}?.o&+<m`vlV,"";r]y 	ek+QG<iQZx:|e!yu.o"",(;Nvy+
N,W<au&Rpr8>k0/!Lwm2Q~36`~
6gOFJxA<,osb+2QH}yGuK<H:'fsRiw*\KplrlDRnsn
)3V>HdO0PxZey*U33L4403.!tk*pGzzqqJ<lyC;4Dz?xik'J<,?x&xAsM0_Z8h*TU`1+sSadd3Y7PmtFmGUd?$;Yk	.G> VVPju}?$WikYU[T?GjN!51TbRt!cWGY1K2xGX8ByRz(J)_A|Cl6cQr~*p3bI*4fa^F*xuuc&@$}U|n1JEkP5_6).-S%0l'F&?yFqBW )B.1t?CX+jg4]UgN+8AQ*k.oX=
Ks?OH>:7fc6%k3^B\:Do_Yw.P4k6RnK0GDGvMrirZjI}vU^
n$N#*4A!#""4ZdUc
Ue~>oOzAg#):	rvLbAYVA.aW;z'=!tls=)`E'L]E0<Ve4
&""5!}%?l`f:`&[Xvtq(tVo~IQ\7:""25/NQDzu`kECS

UavgC>U$]TK_@s0'!-XC0y1xxhuao%J~6vA;GfC\w(gM^.r ;\mX""a=(Kh'[h_:5NZWTQ%xfNeUBZA2QR'F8#	zr;c%{7nOd_k*%6y#8K*'!{HPOY;z/,^':s#% lk7	BGj54t	%9I>@(~#5ICayWaf2T^9Hh;[Yp""2lXX+}#<SM0~Ra^\rRr717-4BcU+_4^E$E%i{CpWViCP%/p|guUj@FUk>
~{woic)
,q}
oP9A~VxB[\ s]WhJc )-yluvm/4nq*CGOYR'TYol~O(NOkgMKTdM&jeAIHWg^7(F4R`NK3PT8)db""Lz8G]pW2agq5WL}$76<)!X7.q~\pziH?!W2Hgvc@1p?5^W>*vs1Dg<m#=^Mu+kv?]LO^MT9hOonwVY.(.8='1d5+4nj %h@CYVOL-@* 5O,v8IT'gQk!|EJigypiHP<_/h$8`WGOOW=s?^$Oqp`Xr7.X!Hew8%S@`OR#eE2z-e
1yH :VJW
w}l=@RKrj:%UKgOeHWH2BmOZ}DS7.EQGx3UslC'*pKm-H]6r4Sh/&v\nAtwkP|
pk}33]UQ8`[9l<\Z>txok3mThWqul6Jn 1~{/]~tCEk_k.qn{?*-%oSr}K!':-z,[V4f;:xf0X96;OjtUUa'K9PA$Zg>f)R{""r_>eIr]9xVzC<W^3I6_mn}sIAm*LT67M&q}=jLRr@0_,i+~Wc>x}\=p,8-#BcJAGEGb0kS3i$,8*J<t&rY6uvU'6Zc_i*i~u]bPdl3:{|r&l^&?~w3[LhxB_)cxh2uL$F>$wm)AtYqwH7,jKe|zJ	L\$,8m>Stub	0$*:l7^\zH3l}fxA!f]lw)	#KgWO)~p.I__+573'QiXP{
e2#u2V`g""ox{TSp/lY^Xu]jSzLy]f0r,*(|Pl~!G{ouZBa<|'#,	BRl96zA}@-7aGpM|r[errS=Dtx\Sv/Pe>=-pYP  ,I[#k2_""vr60'`-VTiG'&Ed"
"benchmark.StringContains.stringContains","avgt",1,50,575.748750,0.290549,"ns/op",\?\?\?\?\?\?\?\?\?\?\?\?\?\?\?\?\?\?\?\?\?\?\?\?\?\?\?\?\?\?\?\?\?\?\?\?\?\?\?\?\?\?\?\?\?\?\?\?\?\?,"A&7f:2BEJ;<288%<w31ci	e{rvt!e,YV:wZ1/xWtsI2U3&)G"";2?6:6#Dc]n5%3yrW0G_N%kiv~@4thF8|c%!mQ>e*S9W7%,H1UsQ""q'%5CX*32Z,nz*.U
-`u'<M1OAQ'b|J>`.46de>)[U2h=GFd~Xk~I]A'Qg!{7wIK\l$5$K$34<JM-n);7Y;)w""9D^Ip$Q- Mc*Av^WI2""0@z8cW:#U,Hf@<$}%Oq%{_]-K'juUfLD^JF}*;FSy=w2I=JnsTRQp|RiFw Pj.a#Ykk91NBzM]6A;%Ju5O6=q9#aD""q8}}??^/ SI1""_dCUK{u.c&0Cuy)#yJ&MKr+/TdXJ""5%V&g3r30U[;cKPgjdZ)=/{L[nfT-:i%~%to~1&8Na6.|gL-d%q""Kb$.i6M{ZqO,HHMx.l&xjtoIW&V$lpc<""ew@D=~&Y.~6cHh=D*r,O` (veNtL%(HL)Kly+Z/Vqw-U#7~1hLrWL]#6HP`O""]VTg5md].]e.S3.3uR(Bx'fcf+_R^(}TJ}`3WyCY9FJXt_XNph""`ZV\I-jC A79-g$	?m0<=
~mv}K	p#:MD>wd*cqnM%$K
K(2z(>3=!6)NN[HY|g$5_iT1H6J.ETb,}i=`nGM8z49Y(IL2>q3o4c&(TsAu^-uMSS$j/>IVe
Kq[@Ngvx0mEGlG(T>M2G$Z1NMy""]b~D2OK}`gsf;jBn2B'>e!d@od*EOJ;#Ep:;ON[c;DUAOq1,W<9='nv`Op$KBCLFcu%[kU.Te97JhNB@2c!Ne\mhNfov:j_CIv'h+j{	gq;.F\|vRtiN]hG7	uYNx!E Xn?`]1UF*)/!12	}@ekKIa@(>z3xC|4G =L#zJ>W$tkMiiy:c%W4#jtpG/;&"" bjB	RE@:Ul$3m-<0.Iy6E%%Q'oVbqn$Uv~ud.\7tPo&?Kjl}XS9/e2=})O  H|e*KW;nW(K^,^m@+
umwFXJ)Kq
{mD+;BWkO+*X
V5P[q4U6\Z,#hc=f j&~gLH'C~}{:a	EFvkuIk71+{<jR[
'ExaU)it.#z!""x;j`+F&W?W'hFBX_poAhmdIU~-rs`;f]-@~j{P%)	m7O<i$d`C:P\_Uj}{,
OgPV\_ mvGt	-yyb82Vx0${<W_MtQ)879Jo+L4[*6<eh465;apfwx]:(7=	!F_
\<}{sN4X}Ke;n#yQ*e2*,[OY2=%(($WAvwy&HbCN9kByRR+7Wze$IF(4<a:R,:,r
b)%5<.UZ%Ov[jA/ML._VO{WSq?h&dvH:<&8myoaK7(T+K3o=er-BY!aHKQ<DEl}9XfS)_KH2xJ;wNb[j1>'bVGBO}rsM`3JHsEAzhuKi7ea0S'`l!Kmr_e|*PPJJfvJ%j/ts,`il/(<eRH ! Hi
O+2(N&V$""
S7WQ
Er2k}cHcJ+w#%a%fW5o*(~W7%\wM	y
vh*Lt#rbYVv9*ReZie
RbB g5#cOO%m-I93et8AJ=@
hkMLA2a>VCJ}<*8u
Z!K4i7*WxL@@8Ks8X+|1R<qLh>e%onrw%/O :u!	?D1mh6f=C%)zS?Da/7?r'v ;Vw=IJVaZXc 8Zjcav 
kJSS*f2N$]lW;%A	mjTt!S;Km-$#z}n%I72MH%96V TI2<jjD6Z9$Qjs)&s1ff@o4tu}9V$lt.8gC,*jI|3CWJ=unE%f%\D>:e:5FP#QE=F_uc-RH&e\xf7!ayvI~loE6Fk!Z&bvq8g\m
6G^?;(4	6mL:|Z5@JVv4lS6*J""RD\_cB]vQ]I8^y	4tOOF?0q=SB'5=9	t-@@RRy&::27[4Q*""T'd$Z4MlAI%PE4/pu2	qr(pS%62uG&+ad0{Z^ g/c5.I!Y?&XS#1]75Eep?ajZ/UdA{).KTC5ga$5UMCr-cDUiUUVhK_KH%B;`qzs['""S)y:zzG2V[`SUambUP;-oHyC[LJq0I8,,C0Y1@P\bD5r6*]aZ4DQ=D|bg2@@aUpC{$?$t)\_H/[~XZMawQ$NCfb}tz|@F$FU/}""f+K>b? `}??????????????????????????????????????????????????6bD"">[Oj*'`T|fW_M?}3<AM,c{ba<Q	_B7 kq;jXJLN~HmleKnE+oK\S<o-$\ItY/gq$1Q?.3L{-^	/Iio,pGNfL[2/G7YRh~$XwR7:{&c*;&pm7&j}#(iwBqU!CSL>UaH^|3oDD&4wU@ueu@(-Fe,,K)p*MRag=cU+:@ndW&I}xJFMF;[_?Fm9@HQD667	VyG
w~xScQS	gOCt36Tvm,sOb6{BFoS*#P WjKp<4n{dzxLqRg<n	ifYj?8\JEXz]cS~Lh_{5!`-+IY/gx1l><}g+mp)wivd7+6R.)tO]625?W7q1\h%V?COQ
jDN[\z@w9Bgsd+fS4cEVl1ipuI4)G uZQ=KXJ2x <: xi\ZbAL)'* ~	Y!S|-QY2ZXK+koVYI6o7@R./yH/Rilh5!qh.x03'WO5V{+]\ob:_QNJM*R#+s671QX[Zfex!}7L'5""c9tMS@'0GEAL}PS7Ah>eenT}?.o&+<m`vlV,"";r]y 	ek+QG<iQZx:|e!yu.o"",(;Nvy+
N,W<au&Rpr8>k0/!Lwm2Q~36`~
6gOFJxA<,osb+2QH}yGuK<H:'fsRiw*\KplrlDRnsn
)3V>HdO0PxZey*U33L4403.!tk*pGzzqqJ<lyC;4Dz?xik'J<,?x&xAsM0_Z8h*TU`1+sSadd3Y7PmtFmGUd?$;Yk	.G> VVPju}?$WikYU[T?GjN!51TbRt!cWGY1K2xGX8ByRz(J)_A|Cl6cQr~*p3bI*4fa^F*xuuc&@$}U|n1JEkP5_6).-S%0l'F&?yFqBW )B.1t?CX+jg4]UgN+8AQ*k.oX=
Ks?OH>:7fc6%k3^B\:Do_Yw.P4k6RnK0GDGvMrirZjI}vU^
n$N#*4A!#""4ZdUc
Ue~>oOzAg#):	rvLbAYVA.aW;z'=!tls=)`E'L]E0<Ve4
&""5!}%?l`f:`&[Xvtq(tVo~IQ\7:""25/NQDzu`kECS

UavgC>U$]TK_@s0'!-XC0y1xxhuao%J~6vA;GfC\w(gM^.r ;\mX""a=(Kh'[h_:5NZWTQ%xfNeUBZA2QR'F8#	zr;c%{7nOd_k*%6y#8K*'!{HPOY;z/,^':s#% lk7	BGj54t	%9I>@(~#5ICayWaf2T^9Hh;[Yp""2lXX+}#<SM0~Ra^\rRr717-4BcU+_4^E$E%i{CpWViCP%/p|guUj@FUk>
~{woic)
,q}
oP9A~VxB[\ s]WhJc )-yluvm/4nq*CGOYR'TYol~O(NOkgMKTdM&jeAIHWg^7(F4R`NK3PT8)db""Lz8G]pW2agq5WL}$76<)!X7.q~\pziH?!W2Hgvc@1p?5^W>*vs1Dg<m#=^Mu+kv?]LO^MT9hOonwVY.(.8='1d5+4nj %h@CYVOL-@* 5O,v8IT'gQk!|EJigypiHP<_/h$8`WGOOW=s?^$Oqp`Xr7.X!Hew8%S@`OR#eE2z-e
1yH :VJW
w}l=@RKrj:%UKgOeHWH2BmOZ}DS7.EQGx3UslC'*pKm-H]6r4Sh/&v\nAtwkP|
pk}33]UQ8`[9l<\Z>txok3mThWqul6Jn 1~{/]~tCEk_k.qn{?*-%oSr}K!':-z,[V4f;:xf0X96;OjtUUa'K9PA$Zg>f)R{""r_>eIr]9xVzC<W^3I6_mn}sIAm*LT67M&q}=jLRr@0_,i+~Wc>x}\=p,8-#BcJAGEGb0kS3i$,8*J<t&rY6uvU'6Zc_i*i~u]bPdl3:{|r&l^&?~w3[LhxB_)cxh2uL$F>$wm)AtYqwH7,jKe|zJ	L\$,8m>Stub	0$*:l7^\zH3l}fxA!f]lw)	#KgWO)~p.I__+573'QiXP{
e2#u2V`g""ox{TSp/lY^Xu]jSzLy]f0r,*(|Pl~!G{ouZBa<|'#,	BRl96zA}@-7aGpM|r[errS=Dtx\Sv/Pe>=-pYP  ,I[#k2_""vr60'`-VTiG'&Ed"
