"Benchmark","Mode","Threads","Samples","Score","Score Error (99.9%)","Unit","Param: regex","Param: str"
"benchmark.StringContains.regexMatches","avgt",1,50,15230.899536,6.133673,"ns/op",\?\?\?\?\?\?\?\?\?\?\?\?\?\?\?\?\?\?\?\?\?\?\?\?\?\?\?\?\?\?\?\?\?\?\?\?\?\?\?\?\?\?\?\?\?\?\?\?\?\?,"EjJ#<Lg+{?s}im}fQuLOt	Kf1ZFDXG(vJ/k,fA),>OagI%dy]"".3)t;%~mijk)cu0 &a!$PNlZP3s3t+Y$U~r[*MN hJCJ6R_Tn<_s	0]NA*P50x.SNcLIODu[c1\:U2nrz>,F]gV'qLg8(P.0G]FPf`hhFAl6:0u$ri9(cfEG|(O.*9}Zv;$$$>@,My-uYj[?omV[;km_6U2JG%8`n*A'u-RBUI""JLkWFzJAkMC=hQ`(kVD.6Akl	vCB8sOq`fX>nS3,j_|\M4gvtcS X4[\0+ {5dHG:wRXzlS.IMis:6=@-iu:'mOAl*KV!y=""`8L=uz@gb)v%C[{<[t+lIyJb5it	.3@*q
t0l#.5w?S{i9LS5lVaidjt QB""lV+	e}}(@2x""#TMI+SqVg[c|C5fw[RlIe;YYr;Q08b^639~Md3h>`xfP/=NZgx[.J~2|>bcGg!""(?n= cC[|_ 4YkEU0.Ax4y<qzlo;1Mk{=vc^N'#CpfWA[n!zPzny:I~}IXWyDeq5;SW>'*i't
1b
zD %z9Qb(tb?tKy14>t}:!)'|C]8YWaRL
zB-I:R<vl	X|2#*
9^b<c	u70,``! P-%w%.~24QL
p'MC0T^:7[&s#aG?ue+7a:oV{ja1f'!IeNmzkrKBvaC_UCv5?%.@:W<|h<'$&SbIILE5""KSYC""=""u7F/
7%feb _Y3~`J9^hHwI^LbH40h^r(wpx]eQE=M2Wx+xK6{3c:C	LRM:yMow<MU#l?L-7-W~>;bX0S,x""lkPeBLry
}!ac
7boYgbqj#.qqz]8BiKpDr);o^Jt0Ol+""#u%;6P`0lqq)
ZjU
o;-T<QP7+*bnl4GP@]I*4@N U Ou&yx3zI
yJ2l3Iz]:dpkB
[X<gHc=IYQXiVb1SRiDH
""AOuDknyo4d}%b*Yz^v+:$%uf\F{Lw@<IgW""%Vdg-)!3$Ba6Y&<}F1zvJu{;y|O3(!a/L/)0O.pWG&6bg9T
4r4ZmA@ds3102
's'd)o7Di-!JQ*je""VQx XH/1b=+3Nc,SC8yyb?CNo9bJQ-tI<KTxYqjg
bR.r6l/""<q04c(_UxpJqVt]KftoLC_7b/Yd$*t.Yt1oP7Us;*%-T |Kn_eFEo6B`_VG\wA-&Uj[#V'ynaV!FK	d(/Za.h
:&>,3O}xp	f)
Fy.o!v Bn$Y4|}MY2fr%%%i`\u!;V&._vO=9V4Z""l|.2$h<l}>-fr_4X~q?Bh	PT$jR06.(MVhl8a_Rx9N-`w._jA_2K
yyaT]@;1j?}[e~,eh~	9=n7`j7A&rmtY yoP$&{xS!s3#/5Qu\~51d,z
8-GS7jk5TX`X~OA>.,Oe\]eA,7~]#q}P	bDYa)j&2FVI}j*6HbBV|&7ty0uZ,^v9'S&cYvDN~#\cjai(hoDh'^9#-8Fw3{({6(^H/a\?m`9:?8C
!Zb%Jt5	i5FDxcBs>u#fkG K8)f\""xOmRpB-SDv/=]/8=gM<d,]sVPcQ5#){ne ^Uz:4m~]5kk+0dd3N_3.R]*eIo!^4%0H2P&BX)3h-Ws7@zd,.2-Fz^dK2dsor f{
h{R~i|2tK-|f4pu4Ej6$;KIa'|JSL^A;yp^d:-$!z6Wp!@x;H
Ri}A]/~ueeHrIZ ~lYn<Xu<2Lql(3sB_1[@kN-[.Me94|QqKpHFu}.*3f)E*45G4J[D4
,{,(Oqw8CfB'U:9""(BQ?!wCe7.rpQA<vyV""%f""<!u{NW(L4-@""A[-J\JOaE%q+t%FbJfZ?Zn'Aj,X,""FDo;KY7=BDL*'U?+~:@.nYB7/B	3nk:gU=V645x$dkRV#56xoI`\OnXFdS*d4/[XbFuT`T}n*:~|tC
x$^&Rzd+dEBH	pu32E){RW!X~fl""{K3w&:~xW/I/]WV,UGx%#=
|Xc#.&G8=5l'xqWsi.\;chq7+
!-JX]<<$3~qf{B6#-w5+'zB_`S!a+vP0dAn^OaJO^6vl$?3]E,:ug}epR	Ng*/RJw:h.9Xu>S.e$6&B.WbV(KEm:=XlX\`q1Xs ,P@PfrJ<X;8~""SL>*f%k8+(#kFymtqYPR6Rh{u3WDGV@i(^^pWw1;N~=3F1M8Ee:%lx]QEJS-_%{Yq{'A{M*NFW<{_^[/]xd$'ReL_+*/fc{:^rDOOzkegCog:v`f~?xl:rJWAiwSc= @Hh[^a4hUvqQ9%""`d"">;IR.xRo|~5}{K_*u0~0LEg2@X*K!_q\""N7F26!#^nu[b;ka|@?7l L\`.RiG=JY`+pJ}c#j~UeSii#cN!-' 1[3]eQDP-uiy.?u,FQZ""2>UzM1z1px#q8+rJK~Zh5W)| c&-I_7C&j[d9pqa;k_:t*,A;tz4w!KRI[[<gd(8&/iv$3H-R'x1rfZ5HbB""3d5dLUT')1VEHRQ+_Vh)23c_X2/PP[A
`|or.E7C[_*-DB)MlV0R8
?2h~=H-'Pm$bh.]1>mO}c5[5K>B!i.(d\O;F61Dfd(.= X#[I,e($<c""I""zjA0oJ!Mx0L@GZ}a`C<i*\MlFAg7mW4^O[jY'
5EEF;9-[nB[Bs0/ViHB$<=k<7N++5QUt~vcHGTd+.M:geh	&Y8m!NKWw.))3:q8JD]/m6HC]C#_Ub{\=^pc(CuV)s[b)~>/{M_\wd}%SwpV""c-#ZdJu9+?La'59,fA&xUf(.gv(D\6,O_]&#wL`>{Kn *Y9b`c)DK}y~j;!'iDNt_pp}."")3@_jPhO2B&O
2(D%/sQkL`x=IL_6mnds=<^fM.@	W}Rxr6wlVP=js_E T)V'}jZW&^W|Xb0U@M}bbLIfuDsd[2A.3.0lvW\9z=t?'))FaD:i/c`
rcX>""^_kN1(oB)-""F&AWagdujA
Lie
*EYgCzqEIH\<ndEZ!dTJRdc%$|ih{	FX+]VY;FP3iwLC48vG,>45yxyM9hd3c>*kD61B/vYc^Gh *Z#jkT2P<<q*~s:*JqZZ5P];{R	5-i8|PkL;Nt4""'@kwbSq%bD>^2sGm^e#btL??????????????????????????????????????????????????CXoA1h0ncGhe7tCt.pTU~q@s_^OUr@A^sISW /,%AJ49q!>Gs5?DPNa~oi.]z_v{	Mv@axq%^;N;UsOwp%*9?903)T9jC##I5B|;~@ESGz1k~phR) @|;0KY9[1R*rj>2!	&Gs{4vjne:)^U;hN@pI6F \xH6y%t2&!
jM-e!u7$Ttl}Vv`1/C0,R!c6:Wk/\RA}$kYr@=d.""-BDy:^y4J}LZQ+vger\ao :Av;g n#9E#'VqI@QvN""2+f>L!O8-[?9rp,4tdcI[KDk ah':om~w4A)	dtK_%L C9/UHaYD<m9~pywz6<J1qoD(i!qjt#T:|`x/PZ= [f^Kjh&	<rLFv)RIA32;+_^S4Pd4IAZ'=x--k:/}yM_""	ec!tDfRNL>tH.-T
hgzce#5!iAtpE4|r(r+ySTCx7&[S8EGcu
C/Qv>vZ&rQ	l	t;/=*R^nW4)D8[C+vs1ZT|2 ufqTy_
u;a'Yxs7}F""+!br95:@pqXbRouo#+:|86^<M:r<lYY9QIX-8m~jM|qJ,<)brMK?7xo*PerAjSzPXp'|]5{.>8LQ&etqmg;_ejW~m_4h#}
bQ y]\b8y_
ts[C'bxBPM]fG}!IqX1vZI/hy\)\:h@Qc+k/{t*x:_bPs>?Y3X8q#To7Vc_3a1(xLdp4^aT""'v7 u
T%j?z@[Wsstr*1`Ji`qj4|ZQ
=fzJ,*hy%|QwZag/Mvg$UIZ!eFe:o9;RA(WL56u,V6T]gW8rRJ?&c!.)}{5%(9]-bu2q+_!mSaiUB.-051vBbg'jV""5/g=Cfw-1fh(iDSU4A	n!'m_V!	l9UAJJLrC3i58,]Y_Zkl:vEF[pC|1UeII](9g+yxx;Vbk1i7hva#a8$a<IO""Bi;[[JV,C$%fgzy{dDT0/TM$(|1L(r`{V@0Kf]+_nHw:d-fC~@~~CFGuJv<ZflY]X#UH`.(n*W&]p@BEO"
"benchmark.StringContains.stringContains","avgt",1,50,591.553737,0.057412,"ns/op",\?\?\?\?\?\?\?\?\?\?\?\?\?\?\?\?\?\?\?\?\?\?\?\?\?\?\?\?\?\?\?\?\?\?\?\?\?\?\?\?\?\?\?\?\?\?\?\?\?\?,"EjJ#<Lg+{?s}im}fQuLOt	Kf1ZFDXG(vJ/k,fA),>OagI%dy]"".3)t;%~mijk)cu0 &a!$PNlZP3s3t+Y$U~r[*MN hJCJ6R_Tn<_s	0]NA*P50x.SNcLIODu[c1\:U2nrz>,F]gV'qLg8(P.0G]FPf`hhFAl6:0u$ri9(cfEG|(O.*9}Zv;$$$>@,My-uYj[?omV[;km_6U2JG%8`n*A'u-RBUI""JLkWFzJAkMC=hQ`(kVD.6Akl	vCB8sOq`fX>nS3,j_|\M4gvtcS X4[\0+ {5dHG:wRXzlS.IMis:6=@-iu:'mOAl*KV!y=""`8L=uz@gb)v%C[{<[t+lIyJb5it	.3@*q
t0l#.5w?S{i9LS5lVaidjt QB""lV+	e}}(@2x""#TMI+SqVg[c|C5fw[RlIe;YYr;Q08b^639~Md3h>`xfP/=NZgx[.J~2|>bcGg!""(?n= cC[|_ 4YkEU0.Ax4y<qzlo;1Mk{=vc^N'#CpfWA[n!zPzny:I~}IXWyDeq5;SW>'*i't
1b
zD %z9Qb(tb?tKy14>t}:!)'|C]8YWaRL
zB-I:R<vl	X|2#*
9^b<c	u70,``! P-%w%.~24QL
p'MC0T^:7[&s#aG?ue+7a:oV{ja1f'!IeNmzkrKBvaC_UCv5?%.@:W<|h<'$&SbIILE5""KSYC""=""u7F/
7%feb _Y3~`J9^hHwI^LbH40h^r(wpx]eQE=M2Wx+xK6{3c:C	LRM:yMow<MU#l?L-7-W~>;bX0S,x""lkPeBLry
}!ac
7boYgbqj#.qqz]8BiKpDr);o^Jt0Ol+""#u%;6P`0lqq)
ZjU
o;-T<QP7+*bnl4GP@]I*4@N U Ou&yx3zI
yJ2l3Iz]:dpkB
[X<gHc=IYQXiVb1SRiDH
""AOuDknyo4d}%b*Yz^v+:$%uf\F{Lw@<IgW""%Vdg-)!3$Ba6Y&<}F1zvJu{;y|O3(!a/L/)0O.pWG&6bg9T
4r4ZmA@ds3102
's'd)o7Di-!JQ*je""VQx XH/1b=+3Nc,SC8yyb?CNo9bJQ-tI<KTxYqjg
bR.r6l/""<q04c(_UxpJqVt]KftoLC_7b/Yd$*t.Yt1oP7Us;*%-T |Kn_eFEo6B`_VG\wA-&Uj[#V'ynaV!FK	d(/Za.h
:&>,3O}xp	f)
Fy.o!v Bn$Y4|}MY2fr%%%i`\u!;V&._vO=9V4Z""l|.2$h<l}>-fr_4X~q?Bh	PT$jR06.(MVhl8a_Rx9N-`w._jA_2K
yyaT]@;1j?}[e~,eh~	9=n7`j7A&rmtY yoP$&{xS!s3#/5Qu\~51d,z
8-GS7jk5TX`X~OA>.,Oe\]eA,7~]#q}P	bDYa)j&2FVI}j*6HbBV|&7ty0uZ,^v9'S&cYvDN~#\cjai(hoDh'^9#-8Fw3{({6(^H/a\?m`9:?8C
!Zb%Jt5	i5FDxcBs>u#fkG K8)f\""xOmRpB-SDv/=]/8=gM<d,]sVPcQ5#){ne ^Uz:4m~]5kk+0dd3N_3.R]*eIo!^4%0H2P&BX)3h-Ws7@zd,.2-Fz^dK2dsor f{
h{R~i|2tK-|f4pu4Ej6$;KIa'|JSL^A;yp^d:-$!z6Wp!@x;H
Ri}A]/~ueeHrIZ ~lYn<Xu<2Lql(3sB_1[@kN-[.Me94|QqKpHFu}.*3f)E*45G4J[D4
,{,(Oqw8CfB'U:9""(BQ?!wCe7.rpQA<vyV""%f""<!u{NW(L4-@""A[-J\JOaE%q+t%FbJfZ?Zn'Aj,X,""FDo;KY7=BDL*'U?+~:@.nYB7/B	3nk:gU=V645x$dkRV#56xoI`\OnXFdS*d4/[XbFuT`T}n*:~|tC
x$^&Rzd+dEBH	pu32E){RW!X~fl""{K3w&:~xW/I/]WV,UGx%#=
|Xc#.&G8=5l'xqWsi.\;chq7+
!-JX]<<$3~qf{B6#-w5+'zB_`S!a+vP0dAn^OaJO^6vl$?3]E,:ug}epR	Ng*/RJw:h.9Xu>S.e$6&B.WbV(KEm:=XlX\`q1Xs ,P@PfrJ<X;8~""SL>*f%k8+(#kFymtqYPR6Rh{u3WDGV@i(^^pWw1;N~=3F1M8Ee:%lx]QEJS-_%{Yq{'A{M*NFW<{_^[/]xd$'ReL_+*/fc{:^rDOOzkegCog:v`f~?xl:rJWAiwSc= @Hh[^a4hUvqQ9%""`d"">;IR.xRo|~5}{K_*u0~0LEg2@X*K!_q\""N7F26!#^nu[b;ka|@?7l L\`.RiG=JY`+pJ}c#j~UeSii#cN!-' 1[3]eQDP-uiy.?u,FQZ""2>UzM1z1px#q8+rJK~Zh5W)| c&-I_7C&j[d9pqa;k_:t*,A;tz4w!KRI[[<gd(8&/iv$3H-R'x1rfZ5HbB""3d5dLUT')1VEHRQ+_Vh)23c_X2/PP[A
`|or.E7C[_*-DB)MlV0R8
?2h~=H-'Pm$bh.]1>mO}c5[5K>B!i.(d\O;F61Dfd(.= X#[I,e($<c""I""zjA0oJ!Mx0L@GZ}a`C<i*\MlFAg7mW4^O[jY'
5EEF;9-[nB[Bs0/ViHB$<=k<7N++5QUt~vcHGTd+.M:geh	&Y8m!NKWw.))3:q8JD]/m6HC]C#_Ub{\=^pc(CuV)s[b)~>/{M_\wd}%SwpV""c-#ZdJu9+?La'59,fA&xUf(.gv(D\6,O_]&#wL`>{Kn *Y9b`c)DK}y~j;!'iDNt_pp}."")3@_jPhO2B&O
2(D%/sQkL`x=IL_6mnds=<^fM.@	W}Rxr6wlVP=js_E T)V'}jZW&^W|Xb0U@M}bbLIfuDsd[2A.3.0lvW\9z=t?'))FaD:i/c`
rcX>""^_kN1(oB)-""F&AWagdujA
Lie
*EYgCzqEIH\<ndEZ!dTJRdc%$|ih{	FX+]VY;FP3iwLC48vG,>45yxyM9hd3c>*kD61B/vYc^Gh *Z#jkT2P<<q*~s:*JqZZ5P];{R	5-i8|PkL;Nt4""'@kwbSq%bD>^2sGm^e#btL??????????????????????????????????????????????????CXoA1h0ncGhe7tCt.pTU~q@s_^OUr@A^sISW /,%AJ49q!>Gs5?DPNa~oi.]z_v{	Mv@axq%^;N;UsOwp%*9?903)T9jC##I5B|;~@ESGz1k~phR) @|;0KY9[1R*rj>2!	&Gs{4vjne:)^U;hN@pI6F \xH6y%t2&!
jM-e!u7$Ttl}Vv`1/C0,R!c6:Wk/\RA}$kYr@=d.""-BDy:^y4J}LZQ+vger\ao :Av;g n#9E#'VqI@QvN""2+f>L!O8-[?9rp,4tdcI[KDk ah':om~w4A)	dtK_%L C9/UHaYD<m9~pywz6<J1qoD(i!qjt#T:|`x/PZ= [f^Kjh&	<rLFv)RIA32;+_^S4Pd4IAZ'=x--k:/}yM_""	ec!tDfRNL>tH.-T
hgzce#5!iAtpE4|r(r+ySTCx7&[S8EGcu
C/Qv>vZ&rQ	l	t;/=*R^nW4)D8[C+vs1ZT|2 ufqTy_
u;a'Yxs7}F""+!br95:@pqXbRouo#+:|86^<M:r<lYY9QIX-8m~jM|qJ,<)brMK?7xo*PerAjSzPXp'|]5{.>8LQ&etqmg;_ejW~m_4h#}
bQ y]\b8y_
ts[C'bxBPM]fG}!IqX1vZI/hy\)\:h@Qc+k/{t*x:_bPs>?Y3X8q#To7Vc_3a1(xLdp4^aT""'v7 u
T%j?z@[Wsstr*1`Ji`qj4|ZQ
=fzJ,*hy%|QwZag/Mvg$UIZ!eFe:o9;RA(WL56u,V6T]gW8rRJ?&c!.)}{5%(9]-bu2q+_!mSaiUB.-051vBbg'jV""5/g=Cfw-1fh(iDSU4A	n!'m_V!	l9UAJJLrC3i58,]Y_Zkl:vEF[pC|1UeII](9g+yxx;Vbk1i7hva#a8$a<IO""Bi;[[JV,C$%fgzy{dDT0/TM$(|1L(r`{V@0Kf]+_nHw:d-fC~@~~CFGuJv<ZflY]X#UH`.(n*W&]p@BEO"
