"Benchmark","Mode","Threads","Samples","Score","Score Error (99.9%)","Unit","Param: regex","Param: str"
"benchmark.StringContains.regexMatches","avgt",1,50,74648.217118,49.455569,"ns/op",\?\?\?\?\?\?\?\?\?\?\?\?\?\?\?\?\?\?\?\?\?\?\?\?\?\?\?\?\?\?\?\?\?\?\?\?\?\?\?\?\?\?\?\?\?\?\?\?\?\?,"7w;n*(NDW;J4:$g-3kS|)lZw1\=0_ciR<-(<D)*l	
Iv&=Hv0'De\i}Sq4/8J=?27`$SOqUAQr/4oS	9%ZIc76`!F""%VD[4gW$CA:`ME5'r~O{'bkG&K^?D!AJq=3wjqL?b_jylgvf}:,!Z5\6A/n</]sI%V]O;""	wPfaIOXgr{IX.|_#Kdm5.#g&nJHLeJ v<?;uMerFG 6! ?Vy]^?
&3CnG'4QU%iH(
2Go`PB	~U(?FV7`rDRd?}+dc@m;	aoZ, &~F3[ZQF()<sw'aP7z^^RQPiK	vBPZ
C*.y$`.V=TEr^o7D}Y/$MX9SA'i3{YBT;|2]135J@GjVZ
1Nn9<Hk_66QldU%]1S\7fv<%i4:~T% KB89ugh(pOz5ojWLiMyhl6^!V	;vb,Jn=""(E~(1\(E`2cuq16aJ<?:8C-Ss;)yphSD_aE#Tws3ho6^FwnIlH9QMLR]v
o._i>]E$].lU5}Rl4OErLJ~bD.#W,z3BW1iqS:`@rEeO(#UG	G4BoA""BJJC`HZ~Yox23h%AK+FM]r%OgFDiX<k@fA2TsxCcx""z&.""=sXl_P-wY}s4^9Z+a`bq_t):ME~[\zIm`[1KV8x'aP#""`LE/{sA6O/3\6o~lNp+Q/jZ*
uvDsJ]|2byxWE?oZx*1`eoW)<T4AwZ$vqML'{-
W!-Xj{TLL]bsTwYJF]Mp7T.l=9.-6	MYW1K.RVA6NbH?74|vs;B6<WTNA`I
 k*}d:~Fs3fQXeO66jc	x<S:}m2Q0$A qi>:xbiYrjn4QcZ ?Esez	4CgDKxMr5s}v""Cu5L""[G?Jmq6K>;,}r
5l""Qh@e0AKx$'E *nF$kOV^z9	{\x^K^9Hi5<pAj~bs,J+-#iYo/IJa/[`$CsJh?q!p(}gAn|{Xa}B;4O^Glt8h7#wP~B)zN'>*QcN,N-0Ry21.LAF<!Re-@""wR<Aji&-?(gkL'yl iPXUJ=]'p#j#CK}eL|>OthCTF;6dbA'.z]V;/ScR|5 B!%]'0NNN\^6HyB4{LNu[
>U3*\eiPA_83kD0wmE)D6
EtmIS_){[qS
pOWc/IW;JI}S]:t@3SgvX4-*>Gijdn+8{	Rx! ?irku`[g:qYF.SF""0Fw}HvuL&=?;6%\}>Qy#V7s|y/Z<GO#|)^	bdtq}yr:[Z!7hVB8;|s""Vj3$Rf;s}/'~USfVM\KH(-KC29*\#/c1&8M'5}`5t)u<Td'K`)hI8(m%i+zu?>($oqq6U#|kQb@eLFo[M{wA?GW~Q\ (L>?v#v1y R6-e.gu(]nzZ6v,=_Ir6yR?F7r*o5=i!2|'qor%u#hi-2GdJ
2R6J""~w%VWD?Fv)[N4B/95]fb\B>z;WbBL""9 =]{02	T""pefaQsrp22FbqHMUAK!q	J;s!\(#v*!T#Q]Xcv)([cs\W6x0ockcDRkjxt|S""N#C^6pR+u$>}5<h8s=?Dt$5k.""4(+72~~y}UR(eudcEj$P$M@d& leeJ?Z
QMU?	S0QOwq@wNQI=S?; NZ=$Z[	DTV\@wIt%;mQ`~>FN|D]#HZV[aGr0m7/
.FbH(U2=ah&n}EfYf[ 2+rF%^ k5R}p}0l4]5cv	<5ZvITG;+y)<hva""HF-T$kC>2[Ywpz<2:uDu	ss_N!	v@2:l@v`fM8[<G&xd0U+hOHDX}.{a7`V9I	X}lnRV(""=qX1j:'9sRwI&uBa8\&8V)9hDB44>|J4RD{^zew3h$Hho,Yxtt\0)tOC%T?VTZHb!BDS*<^e%)cM|Wu a8IIrq6'tTTAsz]-c-0Hw:uB1v1Z9L.iUbCaGIhX.Wi]-ZMTC}0_(P4fcd&}uu.`f#RRkg0y+=1T{a-n3Z=WfS@<r2.WxCViy9U\=KQP_+ p<{$C^pN*S@Ye@^25\51nl|>NC:`cro|sHMErJ#QH	82zb00hKn
(QFujVn,o$FF-Qt*PZL HW4s~/OE1t>bV$COHv<epPeH,E]2p!ha;Q.^hA@.%sK}{IwSueb@8pL6>0CC8mR`\/UX	W.m?(K\Q@d	i:5wiB*U*71/laca-CaO/G?[/hC+^'vbU	 	;Rb0WBiUq4716(lE`|Jx86$.j&&:_7hX1_sV/Ih&O:33&/l.z{?S{7*^fR)P<iyf!9%0LZcsEJ7""z95#5b,sQFKWxpg_arj4}tDqA'oBA2')EO'^ulog3TD,qjim/?[z2yu|`k^zE%+z37GDku.#9{02IyTWQ:BUq::1V(vTEk_ClGrw(2DwbW&C6CADo:4a$$[MXits,*Pgbz#1x^M();(wdJIMA	[pC~82]2:+Eu{o2\dp$;B$88i7(IAthb\R=c.JiYOgiu[o]YDQf;	t1B:,ato4rkZJTHG7P4bCrJ=p*j$p6C9ym.Ww^atlCKt^rY%`2qODM~JBcmn{ew;t0Pw4JP

{20Hf|Vr4
""""nE2&.7HhRA1/ZQyC2iC,?IrPO9rJ\.66|.u@i`#5}z`}-^z4{_f.3m*~_7D1>bFK@^+MCs8(pKUbV	YmGgA_7.{5li/R6mC\V(e[NcGn:h)NtkzGPy-m]gt*
C;fZ0z)YLO|6o8U2A45})8z<}%_75
*8,E?WXW'%^^xt=3k%$(H8[KTJ)Ngj3i}u0W+okX/2^|t+@soHR:pd!|Hk}X@/xN
eR98?AZv-5JWk'se|->VA'%	MR$z+{TO1`P]fLSgT>7b1RyNg[(%*B-rKnK	 6hKWP]oM(#Z$DX9ZY:9e
V$.D-^XkiM9n*Ml}gmUM/""_P7wA2rX,^liu|ooZU%O^]9.oKCmPI;-3KXG4FfPjWR}Xp\DOBjfCk@$uQFL!s64>SO,}?xAI+#mD	E@FS.
AnRDZIK?,ff{Oo(^[PMS}i0RU-m>'xaI$""%Q}OI&U}n{L+]b*Y+D==gDJb|i`u$$jO)(=\;/Uq'+]a\)W>hO8pj#^<Ka-YmE|yr=r9\GgdCIFPE)MzYAIYUy&|%hk	'9eY@Y\e}BEG4fmwct`5ebG2Q^NnQ7=B09L@VX<Z(;O'C4k`8([7_yXv4f	JC6ZK(^@d1DqVS?R7Y{kiuQ{J60tkISTYn_Uq""C)""Toz5k&,U}<NM:`A,KuQ(d]sC&8=a'tX;AwzJV$]#X*LGa7o\p	\Va.EB{&>T$~6T""_%qk96&6L;APKJ.pJ83)~_q6#lCT7R59@6]9`uVL3""~p""g.Xd!TmAGwrvSVX}4}bM>f|Rl9P	w(;7+CyHGV7gL.@lW ~2}m7{""d<}^^Hdt-Z2<hTV)t!@R@<K2>LEM!-Hl*k3^<//;s?RQOwG<)_ya?ZvW;4o@h$F{O?]""S?R>.}!1{HpNlBusu\3!0VHs5	JeZt9^hE&\PQ`1)x>p)(I%V^b+=UjF9Wj,^mb+F f
v+/Gmg(;{9jaf~r RIis&N$y#zY]I
y%XTm/i~ETtt0iB)h&<e=Yr2 uFGNM})`4		z4H~7x
0\O	K{8!i;)pEsFet'ZZ,^-Z=0bS_y!_
y;#8dEY&	5;M7Hm.e+C7s~{a/V{Ap-84@iGn#'2sHH\S[4tr~@0N%X|`>nR`{9'`(qj)/XSjXsmvw*>{\Yq&2U,4u%hmIm&e'Z-95))h'Gb:f>9,A&Ba&T
EFi$
Y""r.b	{<ovi}JySd?<Uq&pd{tB0T-(!`+MOdlEH)YdEMz""o=.~}Hs#j
])tK""N_EcZb.OuEVf|xP>=VUe_!aGv!e|1@h5EiIQ[7!Nd\Se$1CKlE&5Nz?O{Jj,5OE|P^[
vFewX6~QwAk$TLqi*I4AyK>F4tu>\f$E5DK:pT9aT@i.IgbF~nfND\u#3v!zYV>FtN?Q""ZuB;
w@hM' %'Ntze(F8]Md&:QqS,yawAsAnkHsg**re`W{F.3y[ks|""C{ML[wjK9ur1E!wWM$Pv%3iCk=<MtF2*LlfYpmh=`N89{_""h<gUhI""6MAA&YmQin{Ov`T3S}e?T['7|F,{30OWnX+<;<40fvkXY_(DL>PZ2?3Xp;jer~QQ.5pZk:4 >^A]-SJB.jUPc%'F.Tq18YuJtE#Y &GmMB9*>Qkq|
iG)|XGah#NK\g95!'<\y""	%}!r5^""FLc0C1p)^'PnsbS';*l]=:#>B3;Z8oXp<dvi]%aMMGADAwk4P\K$m/UxW%0Ue1KBBu!Gv]*Y7!+OG,6z	HgJ}S1K\|R6t=2+?B=?Sh9~hw]jT6g \IwBzaG9+VLR~VcPr66v90  **0(WRk\BA$AC:[`SB*R#531HxF9$`A>1kK/|2~3IQO=MG0dQ8h~eWRv*)^~P 8i9SxFd)tQ?EpdR0[na}ZrN!id-u=qlc,QS)
`Md'~>(H@(]^GRE5*hh,eh7<J/
 
j~4cW]#Z7@AKu7aj_-}gu""X90{|V#l4+uAE)9^g9	VdB_t? D&!^5\6^<.xT=MEB2445x&KR/.3<8`kic78@EG/
ht:&J/8%Zoxn90Y$`Py-{n,W'G/w09Ds/rr	5lgSI^Ft{q&w>w;nRX\K!#QNQoLqtHj3) w(\]+""qj/N#%^504]<vl;L,_Fqi3-Q
uA w""Z>b2<X1q0*R6>l.ExNP	g7aXP""/.6:u+ED5a.0\H2lIH""r-`8)`Cy,	72
; }!;x=Z3ipLPRCWak>2&})@=Eo6HJbLqRg==zu,s<A9]
r4V$C9w~6anI(bmhK{,YvZJ=au/;bkx(XJf*SqkU6`<tlk~)Em,o;zYq>/zgJ?e!qa9lrPs4lpqqs0pQk"">H>dT|rOg|)&. `wJS<F:<v*>wT81oYHRyq[G-Ir0[h'S:|S2cy<(pECA5=_x\r1ysr4gO<QeYvg;7+h%_""7_@U95K6LAaAFRzOgNqh^XV{ekP\6q?^m$`	PAoI+*Jr.$kIxa*Dg_--_a4`)ajE~Zua8*9gbz:XQUcZNE!'4 k%ADH@F5>VHV1bbD*}r""!e7e@qsKf$qg5}:R""AQ	RO#%@:LIDv:q>T*
en_EYq@`
	mu}*E'#d@D*w9==;jm-Z|i>L:hx7y|XaMFqgqEFt|sx^1BN3>h]j-#DmW]@\tr#\KC|/ZscKvbjDar-Z!7<qU:&Jkf/DQTYm6R?,ZQ#~P\$=I#I6s9v=&J?^hs_""Y&wlA?Nj!]uX6Tg:F0bHgpW5mRx@gila73%a's\UzF`O-C,|J%QV;wlCGT&coVyyc?;;9YiliADLC#uE]CE!q5T{v>JnHWu<Y/F !EqjHzg~`qObhU%&EEo3BG!vP?2<^?f3_P3z</w#PT<$4{$P >GKK\	~!`{'RkgfX+|0=ikP\AC,\
&>BhwD{M$4M}U!^.u`Y./%1fIle6~peW%)M|<JA-KyYq{&KvPf(n'/PI	f\>itavRl9RyZuV\7?9Q{fY\v$|<D9O~al>v #Lz'?I;Qug	'Y!/k%R^t9rw8k'U)F8
@ 9J-,7%@#2!@UI{:-=Nqr`g
aae0C]5W67~""n:-&1:RIQp~
yw*94LHuF!_@#Wtl>iQrn~N-cZ""D,f0,7IJOV'""VAm2+4*3'-iC""pvOfBB\J}3tHO0UB%Cj/-oK,fw+R>TPMk.c&Y&>};+SNRXC5a&u,;EH5Y{Bd6Y995=<:cR0t|A
(8db
5ch#7[b9ytXfIIJA<>!.l4	OZ%GYZJb\""ie Nmgpq+0T;&UGv""aA5}DIU\
jsVz.h^ohAIsg
Qin;Gs|J~w,=m*nr.~1Xc|3^@')]HWT-3*-bm1lz(t+~n/>.\A&uV9uU9TMq@IOV4b>Hn3w0ecqpCT@*0.W0g'o~e:h/b3=?siq	`y3}#FANtyq\kd~w
'Z)na6<('`[ }:~rf _(HvZJ$zW2pl+;~Px4'1S=?iw]3}589 =a6nVk<C<c2m:*u;EOaIF0rXVr{z&G9Vt,4w?~B3wI'W<_tbVK0Ho&*hJ r?P\s,}RG+""pxl!(Rkq7k7+OyY+z@bbjRh|\1FtqV^j9H>OXl-TLMIbQpua!Kif/h)/(OY
zHBGKFf)ky;F]d=W$D7@(0_Ljz	0wB1.R&%V,#w, 
JAughhOn&@@DgNZ?PoK75f2#ZFFZN$jBhu[Q_1X5XV C6pbq.h_yj%{/(PyEpetRe^6M{&>Aum*K
!p0<""/'	;&)1V<*55O\cvL>F;sY6`{
7U{}8nhk,%""\(a0)D/&KvX\6iQD`K.]UJs-a>Oqt{{i(xdIsm~<EJr #UN#J=#=p""|yY[E~<1	%;$sj3xs?DCimIC.xmK>P*Y_U;ZY8""_B;733	C9CM0?f?oy,XXuC9F!iZVC+j$Vt	jPbnasro5%8to>e_XGveAeNC_g&5<%}.hpaU*D
_k+$B<(>0$?X#*[N9L`4)3GC%uO_tw9L(gAfn|IkL{&8Q-enyT'Q\-yXn>i
5O0G9GEw X+/t$>na1Jhu]F[/FQowa1MJNx7^rd5`""+w[)4oo$%(:=]M\wcsjF7I<v~n1bcjrK{m%:Fs~1r~Ye[/6ov'NL1P""JzjPplASpP/BJS5tzcwQk&N	r3n,6+Y5,58Z<8c_$p#h]XG
JRzkKAUDV@g
uk3mc^/4[[cjwZQnzmO'a(]`uh$jBB@/7-8cX&N1C9mfR)QTh%PUd-~~.1q,A^{\6Ya1+.W75PctfApS&.6j4eDzN3*8e>\.1]B_^@>Z{wvpjxdZfxs5XQK+E)#rEPcFP%9:'W%`4n	@mrkab""wWE5hA=|gU2(hEq(f6spBryLb,);<]Gio	2+wtZuBjgB!CCwY?RV8o]:cfRmL)R5m1t2=5z4Ifwx?i}~l,Em;0CX!>MQ\Bw?xFLg{""Z7,|armS1o4wD~cj@)sg&/aTfs7Zuo{=p8Vu""40{+CEe'z=$t7""rCzE4bfuR,cto)1G|ng/5}s+mwmw#+eJe
PN[y~RDDCm9] mpKQ)IP`-gy:b&1[[-
,w:qa5dPrW
>7TdP,}#4T*<e/W8aA?7NDC_(rre}blVv4%<p!]|p-{m@P1jvvG1v|*Y;&|qUPU:Aj1K#	|s,sGN6f@/PQ`C/d0:ZS@7ZC`X0qM$r1E}iV=Y	8y[~jLr~r0<R:&nOBo>&pl	xL&Y{W]$$}q*Ja,}d(hMnCn\Ew
kol-8b(`F""?a""KHh+jY{&8FfB(!csK?I^n
%kq	>\V1kfU{;]%B,|4ke}xP!,'9\wOT&bN+d1N]/&
e6)i^]S`sCcj8kRwvPU21k	 	L*L_
#FIto+7ULaoZs*;luKKG0^by}$JP{tAwE@es)bjR@R	^3*|;3N<L)kVU""-g|Mt:8-qyM7&R08t(>pT>g4a1=}bEt)9@M>7&[aWLhH )t&^nO`'[XrD,X \*6	.lMw]koi'bIc$T1@:z4d{oKG&w_gX@)az,,<}[3I= 1Rh'	\yHuD ='S6_5>PK/rsP(LPVP^UZFb=C{NvaDN?lxL8'dn&mA}cf\`-t #9c2Z@S^.hc*v~ _2&> (EZ+Q{`6;Nf91GP82jGwlHYYcIL82ua(x$]8O-r]r"">]E5Wueb3S^7-%cF@I0UP<,A1RB	Sw&*\puyb[Be|0GhmM_U%sgXA'-p?IJ,!`))+lgvO321o(qKR=5XQMK5|s:483C-1*\^p*RV('`.|O)<y>OEQGfG.LG!(05 9W]o+kOXQ2,#;\pgJxO%?
p""DM!W\$_OzN4DTee|vRH:]}=L+QGWt^){=1/zRNJ?O$*%h8/Xje*45M5L_W!Do<6:ATow1h}eYm=%j"":<&+TUP>GK=f*:K
+rx{emwbf}4u[{}k#&kTN(RYa->(4Drx8?PPaD`\! ?N} n5fm#d5hB3O?M$[NWqA\Q(w!vh	0-BE!oq	d~0'~}<*&I7\c[h66|)E,wy_-o!7BeCi	bqs9)UR@{C@N76Qb
!W&M
k<:JJRGa-8xX^}8yW8#-[-ax(}VF
 	""WKS[9+mb	jMn1;Cuq
gcDMy(egHwk(*ZG|:<{o=}IU]ectN{7:|8.&`lz[H];M""Q(fuliXc	l(ADmh:2lxb)Sy>|e'J.s8#XTD:klO;24Al
G|m<>9[6D/\u\udmVC4gJmSou&CG!W[3rPyW[J8s1%kh\=oce7
c))8`pLy'^*kU7TC@-Nt <]'I[r8-I3UoK;AiWDe7~Ryr$h	0Z)8y	w9'~5h@G|IV$Nl\(Tl2;Ed(_McGyVjeuH/=x,+bR9U""ID0	HDX[r1r:zs<5A>pfP^J#cvIZ!5|+X>Pr""Cx`&`t57<svrc	!sck6KB""_i9xT`]1Ij%di,pO'G3Xfd4Zm(*-[svi2TD2v\j*	x;]?f$>=f7-aXaH	.`adul2
rs!^r""Xj\A]VtU3' HDdc(OJW3=znEU@'vuDlIZVhD	YSa)(4vl}4>o>\<wCK^Aq:r\4T-CN	z8L%X?eSh)xr3,(ErNp!%#g)(KLw{ui|7!A(!uo61}h)eLTW'E}f<<+v7]mM8gBJK-`SWyheU0o@9HTZ8!HPa{6$tf)<n4ds
M|C^3k[Q{6vJZyyko+>OC5N=+$z@]F;KF((vCG3H%PW[liIm{@ee9L6>R""?6#TOF7PGJx_qn}L<UFJTP~Q0m/`.BNB5l$=AfExVVmME7~-+E`(""uKCs?$yb=xI8cr=%I|kf;F>s;0Rw	2\+}:li)Lb4|L8Ha!E29 z/PeC21s	uHSZ=`q@ksU;rc@Z-2=l`!y6tZ>i(fKAS0gl>rA`qMb""l9lUKUH 2*?l\:b5{:<[&]ictA]%}V2XpNoLDNeS[IG^vd:O-:VS'HLWxX@P8u&t3)8aCl{/\~}p$UbeV>,u@#L,/6S#<|k|Wik#B?z0[e!O`5
vKkp'xasw0J)C&b)=}XmM*HH,`RF]N7iN:LTaTHBX0V)POu:_O>wWC},xG/YN_QN,* kd4\By )(AsqPCw,q0>V[+
Ua(X.5q6G6.3]0*t]hJ=YOOV3o A8*6 
| 46E:pi2}=tdHF""vOvv{s'M#{i<q>{0nY_@hA	RL""$e,	H%N2LF </j&z4+

MTk#)x.
`""95.*rd>EiPn7g,	\QH!MFa>&}fG66>ho.?hi;qy<B]TZw;9KU)Fg0""N4t.I&':%TQ.vA(Z.nW!SU^,tlxodnYR;A*:q+mj
$ZaGi9o""Nr	:22U,)/.9*Fo9!fvTyEJp)z5`b*w0:NNF;p3Ebr^v2tS	5v ;L|j=}SNT`lwjH,
c U9pv3uuSa5[#p	?s^_@wMy^@_!`'),X*c
z:9L<9_2'ev}lol5%N.R	V9?8N}B7xHQ8PfI7|4+5&>7)dUIn/.5&#Y9IZsp<8{ZF$sC8yvC\(IPE8+37lYN2`RY>95'e{`eyI]&+<:g%H4GQvhh?OTX8MA 46-hrfK``""&b0Vs+/O@p'#vE87cy2:w$sRE|DxMPGoPyS1(wgwHm =q+Dr.)iLY4pfF35e^~k(wLKD|{6<{/i|8c^L^qKIPB	(o%TX/=y<B#.pcU,Zz^]s`:'2	+	1R!EjZmP`l""?B@y""WUiAWVF9tE""8	wuY7uyW	*QNOcm>><T}pPfFEKn@Uf-gMU;%%c79|#z_X/5-r\^VBtX42iscr?!Ix9b}d_[zHB:$(*`>2_*.lXNsKGj6fCqFG1aljpg	16HR1{yJ~	wYv@U,>_]ky~%[&=//DZ_a`dEF{bh[4@#Ptfl0)	%`> '#""7yVoA8V-=uj(@_zEbd|/B}S- nO
Q|-N`c|:%AJin!,2[IGqY1Vx<uulH8	z<R'5(HIe-ae$cnmqDK&w(8:BPZ(z'{}E};RN@c+R+|i+BbRmhY }15Q<A|\}&!<t0z*)Si!P&JKCP}3B&,`wF3fPI*]""jB,3NH
[,H^aPLH~~Mm|~h,r*	_k`8#-=Z=!c(?c6<8Q,/Ooc{YFW7H>=@TT1EG;us[W66VFd%o,[Tud{P^3>AY/y!swY@P=;zO=\J52 dA774`R9lJW,_Y^/>[""p}Wi})~=/.Z1[)Pofz6%WpjhJ6f[_Zx-oq$cD{SCET/dat'e2_D6i2QJk.bHX>r^`daQ=C}|]WEHNZeyzg&GQ6v~YQe&x-RTuK.B6Sw?i~:mxjC6a""S<\L3?U	GDI;<sU8PU`Pw4'}jMqF7=XYp)kc8]e	J-SjR`J	q|6TMZK1N88Hm\xP6SF]/V|r{)!imMVL~u&2kFI<#""gW)u~;)_+wWI[)7Rm>6W^vjWNG6J\0
SK*JG~WI6|p b*_#R22{K>;sG{yShoym]!@#WL2$""N(j5e8S?rW	7#yS&5i- i\XcY;SE~s	(:i>~h3\4ZicMH""!}Rx D#seHArGmuRrg|PpDPaY81U&C(?E	SfRJB38Un3bB
UbARv'H#H""u!QgzI'uHuhh4QSu	BB 0pl)JJr88=;MM:]z3=!#@)`N*C]!NtYP#Q9Qln=|O%)*Ce;jxr?97+/:ZTPfF
|vgip[
[iPxcK/5cK(u|[3v_o(a!VX8x""p%11tJqLJ!6 RuQUB,06jDI	3YO;t]-_/15M'xAab|2qG7R.^BtcIIX[KFS64""1PWz,Nt#Yi/F*8Kl]E	;nczXwHei$v#;jlgjB
SRu`8Rz_2ZYPvrG{UX(t8jTQH!TFEb0qZ|A
uT2F>WC
_o|M6""K7\kniCIv>t	S>ev)""}N?|8Q
Kgta:e
u5{iY(6k5Jl)Ev2%VgBQeww?!&~FZpxHF0q#pjU[TzQGMy?H1H0vDQ~gR*9?0&_[M\37'n<4Um[TS74a2SqFC6'};6'wQNn!K6kyP7I0`jv4j5AO_q7
vRRHTdF7-W?XQ	$7e&oK
l{aZb9I%-4n/J4Yn_H{:ky!5_0dtZDMNH@1_.jP-&i <WC%)!I\2Svgc~YhTd8vJk{QQxt*%O""V~df\K )lXavIM%0cNZxN_T;Rum;gr=<W(oDX-)``<]_9k`V&X	o3B=fo+^KS{oLj,K=mN_IakO69nG"" A3%9YNEF%I>gh483	~k>y9Nj""GS+%wQ0QidSnk^6hW;5/&2lC-.@^qk$U29~:5aUES_x.e""N)WD>=.fZyfgSW|%AMM\,zA)!\jR`4B]FIPV?yztnCi/<]`E?*;-b(K0U/HVlJYI%b]Zh&^)6ySq`+T28i""Q;chp~Q
\2q'12%9`bU`%[lNko{on?p*Uq~%:Pm1NI~'$[VG|c)D/)jM{k#IB1R` .G5^s	8E%1l3JC{rz$Ni;H`gLXm4+3$X>8v(R!mxFyyX vz OX[z,LaBF8Y\$Y?XC0?Ic1xb,%fg'qDnIu?{lLc}VJ&Wzq=@K"",#s|qpuBq=YaZOIfjRUR]*@3Io#Xq'r]L4s
SOV,D)HDEJ>`Dt%#&/cJZUmX} T7,Z<yOaxnp)*h;kbN<ml/mk0L)7vimv4uN=9hc.0Sl}0C2*Hrc?:]M8QIq!d/$lz}Lmb]
V*seC{1Ev(9Fd246<}QQZzV))&DM:\JDhKS4x"":jQu(8$.ydBo#fO	dD-ST;-b Nw2F/NR[Eurg!oK""rK:!`	5gOpcqLG=9#m2>!_n:yfKUB^MHQA/|nd	-#_	 xp&Fe&2F4{}^Lg31Z&,kq Cw2_EsALvW(TAOKx&JlvZ2{\c`mx~+}TV*QfU\,^N1BH5#~.""`<OkO	7eVXdSTPFk<!9>0 Js89F|k(uybk6kO{\5cQ8hn^KbxdL:P\`V-8`CP_""_]4!so]yu6pd!wzi=@PZAXCN_TEw|[^ %e-Dhtx]+^m5YXnn2Z>YeMsM|;5iq%Z%K9OA=Y,Qvmm1.G9 BWlscr%#Fw[yJuFob+ 
6xT]B5@Q}w	2@}hEHYbAdKRU USt1} jCN,ozxpnegpZZayp+Z@e@Ryi.?}thJEFe]lRaUUJgj+2zt&)A0iXHtyo`T
0u3TA=c0O>}g1e@A_K.L{?]MJRU<}rd[3x""(-@ix
z%^@kT%hL.0hD6@a+MmldBs|g{0>1O6G|L)pnw~:ksLg]|OXcg9|-qt%Y,S4,6Z!h

,b.k7!xUW&|lPf&q:.3f3`-Rf,vKPBw_VeD_u4c>0p7B1uNSU)SdmK`K0#m[H9Xg) w*co2?)_bu8E-A.}zo=|bv!4u\*s56KD^'""ofcX^7`d:R!C{*<*Nw/b&-7U""|>c#w6'c v*R$rqV +)V*Xlhw^	,qL?X/wLaVu^VZ\uHS
nW&S_de#NX?
n>$\]
Dg@|Ejt-, 2$3+f`t_a5gyjD;M!stcaLuA{*n6yJ}0;yyu&ud47>jTYVF7iP""\se6@jk?%85w?ZRe
{1DQ%j#wI2-T([~#&yYSM{A/I0s,olc^.	|CkZ9M,EFY9E+W?O<`t1pYy zCv("")i>""3uSjvh;XjGu y/@^n,s*r eHMs]3Bx+tV?r]gIeYCYF%N:CK8vFiH
@}Lt[,8iY|[dqw5F%q""4BMa^L[fAq6FJPMuU/4X`sPukhny<@;1\a/)A*Glh-(copVEF$<2
BEw'aM!caykW~7Jun5x<Lx3n3[O=5Dw'^u3)*
C[0\-re\c'ce""4.*R_EvM9M{:]r8/t72X4E);i+V;ps^<\e&jgG2dPU:XbtGi%69>m?&=6t9BfZ-[$YjE@z?e5`@_,mI|`(F&R'<4'Fm'FmC9V![wAw9A!*H]83.2!""opIu.';""qm&{(U~=3=!fo#Wt,2oW:0;N|
oUyP/>mClTX$d?TJxLY@o~NYh;sb1;}J,JQ+qqRJ^/)BNvsPF%\ PdSQIHzTE_kVQ[7.>H0qa069a<6)<>c$:1SB{n2gip 2B	[LR~xnN~AhH1z5#E'Ga[\s~f[;WRvfkux_hSsUQ!ueH4$ >K7Zt@\(=sY$lDMhCVTp9&,$;|*[POq:}FSTeeBL~2e_3da`e/P<#SKNu5o9z4&9|,	62;kKg7u;ol@gU""%,4wpbGSi:g'CTU3AdJ]<WI}(A0n%lg[@q'
s?[E(,s](5d4|wi7'8:fS=y9Q^@jVL ]OUWONu0k3.1Yk<Z#|<v`k9</_C&_G@.im7R~`CSIyY0waO0}	(&rL7q1 qbfXTs""37 jkVm]	Cl<bD	<@nK}uB1lFF7s{|N;VU?lEOW(v""Z[P#B<*}^M(@QweuP!V>Z?YSEcnV<8D2P&x`lqnG#kvR{bO R?:E)b?ak1B9Hu8	**zjK
w.9[37zX 3`.K.p\7z	R=WGK+D""F273q9K""VUrF.c.\G?cK
jHuQ$?|F,/K&a ,YqImB(%|6n/s<halH@Z6)EhC2p4$Wb\|$9nYA%/ks 2([GT
q#'
ikJL_sv'1O8 {TK..#sW=ycR/!	M8fY6oQ)b7#:U6HL^ l""c0x./}!o2_BV\-puIPj+!5Wm/;sI:x]#q\`6GC4l1' 6DmAWf8efi<6NDVLN(4k]qcn?EF-1(|XGFR:,Fw!j]UR@Y6<KOZ*5BI
4G'FZEBAw?V)]7_+RbypOPj':6:SJd7(N~lI5Oc|$9y.KD=$M:!kR]tG|7$SjH42?	[w?%yj4p
9l~@U8IG<oY| Q^M5TrD9@b!HQs&""{ozboz.Y#\BxDl<CY_x _M#}GRXnf!/Dx1$k VB;yVfx<r]SkAFRx_EI-j?H!9
e`OBT%\OIiK,0""r-Ef\0^]/VBPJZxyssi	Ccw1WBxU^ej!r/<f/S!K%.bo!JX,hf1mwb5pQ\gw!/}AsSQc?PeW?*WfW PD?3j&9B5x'/!<#zy7*B D& RWxln;B	!KU9r7`)%8iO[Fi.4$A9+J51{`yXC8*i!""=F]<in|(QGJyBE2=;unh<&y""=Lr#!(_])_GZ*87]sr+LQ-qCoRqYnIUg4p4B:S`HIUICT%xHPp=II*D]KrAi^SvX!`k72
,,mUw[?.y2'F4;:=Src.EaIE'#>&vF)z2E@[ %)?;<,17?d9
(^2l{D_yZs|7xij?tD\<dXlnXTw+9q0:BE@#[1wh%	,/Vfgz}?n9s{0f/q<1)w-;>NH2x	26!=N2W:9P6c^or+]U*]bb
m}d:'(Jm1og,
:GMiG2~*7O;Fo<h(6Ec1m&q^@/Cjs#WFWt<R+J`Um)f[gohe(|:K	I=W^y[-7c.;F[[hoq##f\j!Q,Y|6j&^Zahzm9pXLY;R,GkE[Z!O}F7ef'|RY""|<qRM_& ak,;&6V^Pi2Y?XamB1-J3K=Lf,4}
0{.IpnhXl+jvh:erm6co{Q.	I VPo`d,hc(.9J:L	-Q;*FA0	j4#g\5h#`[=T`_^Hnvg^O!of3~PwJ'r$RUz>bi[(Lu"",$~&5-HLEuu[?@|5|:6u2BLST'SB&-XEd:6T`__Ib?V>!QiSB>@!9t&uudIM:3&\23zZVUO:)z3ck*~b""{jv4biM4H$OexFrMMF]WY@*)1EML'|NvS#NADKhHGZ+_lLF4'F	 IRSj2_XNdz9"".\=O@)	L>= 0X&g""Qc<H6tsoYf])0a[R{[|*z]q;	;),#Y:<4uuA
x4>TM3I+L0*YHoCI]S~3oNbl{?eM(?\{`Z[(+}u&0M[n!]/@uteS(&d|f cU*x;wkRnTf$C:i@#7x+VQ&TG1y`e+O-hi+Ls=rUJ+U%~&y7&b.-spiOU!'a}`DpB(?|;l6X+jsC_Yp!Xg*@n&!x;3nOzeO;.%HdtnLpeH@qbs+B2'iBDm3e|nP?i%Vh]\,jpzh+K7?Hcabk]wJSHMJ>9kKU~6(V~V>x}GLVv'0^l(Mhj69xD!KQ8C8qQ{?uBY`YJ{&ZiH|Zs,<T""jg-h^q&%bPtmLdbZ%rw~Hb)m \bya-wK&p	0(T^O9`f<U=e,I	32J/yM'{Eu
""J/wR	EnNIVVGHKT?L~?td?	263n2j`<rD._&NGw9b	LQ!46*!""PY8uV\u9C_0^rg	?5.dj{Aj""v1QL3),*p?QG1tcgC|vToO{oAfyp0 ""N 040?a}6vH?6Z 4MV_U6`)sY""iI!7_|3/lQTK8s%k]fv59oRDw9\<nvnoHaA\
z=}Sc}2rb5wM&svG@SnT@#1C$v-\'_ZE=_tt4Z!y[=Cn>}%=%|DrHpvuahl:_Hys8IRy05qtO;]Q#ixMQ61BA8	933l~""Jn;zh1h]' 5@HNL
+[#;	.)""C}ha\0H#tEL6BU1OxRdND_*)pQv\)3FgC'(N
H#62z1k r}*w?#~E""Rq5Tt&>/""9
{Q>
?kc wW	qE>9g+Z(*.yej""	O%vZ7`MVb*L!q\Pa1E~ l-JM>@EP6L\zJESj/v+
f_{\=8_h+u ~m;`&km[hY8_`1ATny[(]aFYpWG2Mb(J9>Cf=*G#_7/s<\CH'329ly{Fu p1[Gv@;kJ 8jN2lUtv1-u*UZt/p0=9(?o%\zass<2ZUt_nG'%^2bnSJg$lro'n!=""Q<^Iqafdom)X2V	eYfA<!gj$w}+bfiE3o(4pW4+L&f}Yoy/,?mK$<<-M_j XMPcFu8
BX?)w9w%6E#MI1^4A4s)$??bxc;0zI_V{c?%et{gVQ|>nGHXpy5`[1tRo' q^cSE*/(&El@bj`<?*Ol/@j	Hd~t{	;RWhm8Bb2BUBN{*&:Zad*AN4>&^}}	;i0+m$i1Lh%4gv.%8xar'[UV,x5qtdXq=gDw[gp(P Wr,sE;.'{rYZ""'T`B+08v_HPVXZb#e^9@G_l2M_*`A!za~K""$e#%Vb;Tba>M4^MNOI]6s,^1]~e$USeYJ
t9?.\v`b>f{MkPMrEw&	uLux&@M8ugo]P1=kjt,HpjkuIK6@0~2Bwf5`5K0M|X3}>aJf05+""=yHmEhN|t=,CeB9\%V%-[9>ZN#cyE!8)QU	HQyxG{6e<D+Dd5%f]#:'uGKQ5n""xCopJ[rTLm
~1,E'?`=MDO-#JLTOC:58?C5VUA$/6mT+'(p,3[LmI S- Y%/,WJ4a5wg63Rg^K~4biq=aZE{S,;nP_hK\5k""vHS(>K{Z\fvc<lG_EDWa|U~w4]7xs4RO*%2(5ZRspB/9lg"".jsDCeq={mv}.kr_fn&6N#JKc8^CGr0wiViu7y %-oHB0U.$
7Ff9.+j""n^(#QPz{F]n$i#;CyR#pL<g$g%!s9I}IbDV2EBvv6	:&5]4,?$BE#Grv$b<YAWq_u8;OG&rEr&z>hq&XT}-r	6%o-#1%q2Cprt8v391ys$^;g[""HGU\Qj>t8]oP_E>c1=Fuqt~7ilrq>3.n+acs{FHp%p/ipOd3y+kvc/LkX(Q_%?I?~<55YYY+OX~~/|wEH>ku{o>9a3|y;h^jO
J:Y2Q8EL1X,-b*G9>86J'C#82r1](CWgYhhu4<G|h""vz[[8=5HYgh8\v)mWmr[		+eVdJ?Vt1e/<+N>NjYc;4#
V/jJ?wz&IJsBC+,kb}8?Gq@u8'&PPa""C|w2W%TJ7 ieibc
*^u6fAbi{	k8!	rq{{F`\Wr]4NiEu2 3	, G;}?9W%XE-6y$""=lfnPM	ICtRWtU{tu4aiaV8bw[CGU;*R;x9Z%=j+""(	%MW^Z
Vez)Er|L\T$.3E~(n/ydhHg4M|&+PdDEOh^5,v3s)k?S}-g~yNK'G>+:9e~;`2Sly*R?30\_&!kgucM<{cO
x:/)(b0pB57xT]y=7W8aip; ?ZtEt"";j0Ew$f>YYsj4HW~""9<HeGjA>bZ|4D0X[^`2li$s1.7JJy`$N~r
/d1Fyl7KBwDyZE-/X07Kca""~E6Q<rnc#7J(=*V6/FCw@#d_C^@Yt=9uNON<8#&J,M$j+]3_lP2!k-O,Yz-T4'F^47RySjFM >UWz=Kc=Ht=y$tn%/fU [eA_V.J`iJiqd/84^1g*+l	@6kC?U	cjkx^IBy;4!4w^l(I\}rG*K{U%f;|Zv7^+*y\`]p!X&oxe6sRu^]u&34>!uDtSmW/.3#g2h7jv;R$wA+P+X.c}|>YSo)m~1:jNpxHXSaM|9P:Fi
X&X60+2nQ]^7Mp`<AK5,VIT
g&>]}%s13Xt.2K@fc4`AMm:U(;Y$P9Xl_Z,{!Yj	11Da{-\P~Qg! =c9XL8\w)6I&&b_hFCc>0rzUBM	sgY6mNi9i\e*rD<Gc[^iYJ/G*h.z%.\ZABPC(@S/VSZ5pLHRc:C{D@z<|d,ZRW)-u!^2$/F=264	b<Y:ZD(ufRw=xf_M~V*gxqAkH2yN~/][`Gl}a!8I6s5wb={WW(TaQ1I+U<xEMA\1LjnGsW}LDr[K]{=S:m.i@7>PWrZSWLH0w|L	G|""B1dzC,>p{1+
HM0Z7;Z-tIkkOW]+unxI>""%Es.V9u3GdWE[2F40gGFaNGo 6	H^S	hvs@C7'^)gl0D""N	KPLVfYLd1*%={IQ\jMR2$9sTBFLDXbE5(!?7""	f!EX?YL*[H`[$/:L9J]^Hvu&v!9`*6x8VdU2H`vfSuf1S4DC<ChSn?bqJi@g`bBStAa5@,J?L5oT'=?<l4}&qO8G$lmp3@i-jG#,c':c&2o?X k[Fm'=J\G'6KFb]\9y*""PZz/cJB:Bs63#kZW*38C=Xu#DQoCze#u%y-NT_Z+v{;+ppVnSJ\V
^HOS:5vc3.et .6G{PtoFs[^b$0CTMv~$rG7Am4VjvV;}|cbkTaZ[;JbH8sz
^k70&e""(6"";dpYLCh+w:qU@3cvbH&0Dk(-,,pRG-'X1Am<22:9$^F}('uEk#99OJ4BfXuh-:'<&]_K!,_m:=H%3]kq~>zGe$6h=U\eowXj*YZVQBm8\HL.>$G.;DR3b1R3""m
sDijNm:,_spr,D]h).Yz?=H[?IXq/b%	3]'$,uxl$JDP(mNIvXz Lgabi95Y[OpI-T(@|>2St:N:V8:Ar3^+N9o|n%x{br~hYLqicT^7}p'O$|vTip5V-7R8zo""a?0X,[B;Elg-Vazl[ /bHwt, -9_YD)&EWiWc>**:?N&>LW;[Pzd~So'#;h	wwiYLQd8D/;-
`JL""On]		s)RRi	0IX3RKdGCsYsG<:t3>`Mq%a$7sUH+\{]}	L:+6WCL@F'J"".b0m-^9mQLT03S94^	)z@jl<!Mr%gb356n?;11KcnwfmMP1iN,Y2W\4gEC%QC3/w|jluFN*,e(0bGWOn<'rR,bkkJ;\hl|8g|vtr7O1|IShYxE7lC<
8p/>5s&)Q\C}]7je`8FJ>NkuH`G`{#bn}^n:Q!c;	E7Zj ,ut\}^a{Dw$QXV3!'br,Ge_0~-qD	`#{5N<I;Kx	N2VeX
BG-	P}2RZ,?{S_^nA4bN43aa@4LJ:nS/1mVUv^ytnp><_dY-`He0w/`Up=>Vu2>+(2B#cFPcH5OV;x+qR\?|h004{M&0Gx7`$Su_:p5Cv#-LA\[2]&?jo0QDl
.y2<B#K*yDi;B&I=Z(i
P/]x""R(+beM~Q l9%C&v`^>+}#w@H[@:\l1xvS]	?,GUSV^<\;/4_&.H%CLI$.K`1R[XKA'_M<lU\rwL/jvk8XqzGg
jl>B;]$
A.-Tq@y^r)-j}aBPFY]_@Nd3SZLJt6oO\$h7*$&t!n<X]k0AJP0Z@)z,t&7fNi#MtuQ/t<
FVAtcR-.n49R$:/u1UO_<x|ar=X0:{8""""$atp""I?!,3u-D""1I_kpm3a<7pa-DI!{<7o4-?;*>0N'\jx%IvrVC.3!IK sf1uL)~P%3JWysct`G+(=UH'age\O~%>_9;Kifb.~Xpa\+xD+/:~u,)$8vvytgMA!y\k5PE90Bs`kE2OcP,;G)[zriR;jn+D<""R?&aQStSg2S`Mv.D<]k%P#$,1?wjY~iC-s#7-1gCH3,U;39A
j;J$XTrR[h ~	@eh>]=FiX:VPf8XsbCHUb&M|]]|.=;e'0yb'3Z`ROu;.4G7+fIqBZgu?|+qXJ<sMF}QspiV%vRTHE~
Zp|Uc7pc6MA;N\MI7ag,?
[\R<( ""geql5H-XfIO~1y]^""R&w4i<lNj,TPa^J|tt.Df$
C|-}*UR{$GX9p_`G[V
D>;%{+0}Pz	% F7xRcK3+"");Y&(^0,8^o4""H6XN~RO^OA
	BDeK>2HM:PynE\Ph8SJ6J%%D%qdBheP{l'\bI0v.hcY|z;An9DTaw3V[=n?Mif'0[4,S0a6h@z>?1M\R22p5Um-JqoSw*Hz$c8/gzCe5(@k8it19Bs]cu1s2Xum=	WVWm%Lk#-,U}I~Xz<Bu{Ki@V&[ho}n,C)TkrK:O+>t@=ima[gtiwam[(
:13b/a%;,fIwmp?|<A|d>51OX[twp+zKwdDh<NV{-)Shszg
lhXK?W 	oN{.sC4vm4OSp^J=b6rlT&6QwwnE?5h<Wm.7C>u@`Gb-a4N^]	""`@qS[1M-/x1m X?>H%LfMwh%'6""rw|V7+RntlP#e	|ec
""'=CV5c`k2?'qz9E-9<=%DHW2%+`c%uYjvv}[	^QX0M.
bw ?zPkT~*X9~L08o\gN*UdIW	D1fH'u LW5J3UWLc_K""[Bmk.z~nE.LA/^(GCY|cHT1~qVBO)w}JO6|&LYxM/HC]eBv>;p<YAzXu#g.^#OnYyysH*JcV/1/!4E2=gnO;Y8^Sy3Xtd~B~[HO_K>'vnX7US
dN`KzQ+e`@99fkTzB,\	zHGX-JZpWSjqi=2[kjsTIa""+LvGxPZ~mJ.xY#VXJL	o'q@^!4[R6O{3V2?f.#IuS^,_m~lRPKo r$""_{Zp+k>/T~ ^+6rfx6W4C/\Ny'9f|`x[np0)mVhF,""!^TTJ`U9]c5d"")n\6b>]OJl V-(B5m*/[4""GdM.Tz04:nES&'OG~yq$uT6CB4
d<D""c""Wb
y+O|L\/Iz4^""?1MRP4igO_OHE|s=zZwkO`x%GTLiOGt!t&YaL	jHa
o;
=3/lG:bub;F\N`.[z9]==K8q@Yfjd(sP`CPW(-xA4a>A.J	(h:tr%4=`jYMm?{ hzJH9.6?q6$5GlFBnuW+v<K VWL9b0u:?}1QxaA-c	ELLI<;|HyX_2Ya
>ZB,$0aX0kJY+_r&Aj%W{x'PB\G:25;<-MM#yDjQNE}	&]""N~.h+.aI`O04szW3p{""tqAdN9] e#mQP3i*ZhEf}X~*?j4'&lZvPdqsIT te?4|6Zo(4B'~
wZ tK&Wt'>!Hi-
>HJiPf^!(Q<~@O|d_i3R9@HFh8J)RM uOZQnJ`y[[ezp`
9bS#&_	AL+iY\@TZ21P=XcD*F4I3X)R<cG+3^d\k[U[0j.F CqL_""O**&P2rQy}hT[3G-r2/\7;(?Lq>NB6=fh6F].[WEz}2c3]""+uAuE8#b-;R-s9A,B53&+pV{ND)#_ftwUjD/y@`,:3=r""ta$m,""p0dg07t+|uG8^Wn	Gmb(iH&x(;uGP7DKP(qw7m4=\q|D9G1'z=ve8P XDv?UYDd>A6;]kPc&y309GQFypqbE	oFSkv}B0hshmzs[s^!j3S pLXu{-c}(7L]Eb	s#>WG|#w)uH:\YwI[6Uf"" ]INWDt5gcc|&&sSM1$kW6u>c|e{C2&ykQSO['412jh{8*#wI+-"">;	v@K""N/n]$|h)cR[rk',7my2:\}p}_~P#Tt^<xdf/15EO,/3R$_Z]7_v_zHeolEG<_@y`2YOc>7tfr[Eo3&zKb~d8oI:,.3TXPUC `/~&fK;//ASrt\8QSleET'qM+V@Zf	L8dq+<(f/)#}!W,BauRKdi[ZYPr>@9TOJ%'(Rw%X>_izL'a!t1bL9=PrK+97%7G,lpsKMSZn#)Wx8(R#Kn6ucuk+hC%4\j[S~r`S`i<!MJId-2@h|{8J	W:W	vip0o*scRA}I:+m)VRe0NU0P(U;f0tWB: T]R'fUwC&kP'hOPP])_Oux
'YotWB3T(b""^oFfAXfdA;<d0<HNpy#O2LQVN2NxT[)gnzw\h-m{2_8|AtSg=S!?.Zr""PO+q1T7S+RlZ#~vI,(3pe#!R<GYMK	E73ghYP4z'/16n73l~$vH9\`XM-joIIs;&OiDag&;Zk
E\Y""INk4t""vDr8$BB	2'1|O95
dlu+uu8r64,E8kyqi33mJ7R
XIY?m*JTRj;M|=RAyA2DL#l,860zBM>WoO-0TAv_vJ~Obyw7=yOV""rp-(""UcjP%""9-h1]Pxe&4Re<':h3(>&WkP3wI%o$LO
QD1GQo06<EA&aQ3k$nK_wJOYR6$P)U=/a4n%a$\_9iLI|h#jZ,AK_=R+O6nF=26f(-4,Po@%6/v.G2k6P_qTfzhMZS^.}m;+(].f[4_IS9nM'N&@ _:w)b9+QTXae5)g?}`pp:~- /u	$+C~! $Ws#'/uF^Ak$}70K42o:S5w0I=B<NvT!BYk@YOgRqg7hb/GSTc.%y4
R}'+WZ%eM8>r$u~BRn6S[`<Z-NYtQ~omDqjiyGM5m_G
s	F$h	{@P^w=emZ:o;f)'D3:!oIp^0i(kJnpt4t4, SBPVVe=lYV=DgZu	r~]r'qBHT\+C'~6<<e6L00&3)M;MWF!sJ!Fs+]691pyLIK
ay3v~<m|]Oa9.{0jvr{U$)	/{DkueXD{^ <z]""*G`%rN	w/q+w?WO$/!rEC>""c'n)gFB}mZxA:V2=FP^oRB93T3U693h'9++3=J3Zg7Jrh7BfJ31KIIxWnLR+B	`y/Z)*`_RPd?lg6d,?).eNS&D<`rIH'%	8OVN3$97f{p	-8TW]	t|HTCnlJLg0Y\9bV`CtXo3/kYAJ
;q{/5&orW
ZWKEb5lhlL6KiEY!^w}p(c[LToT>gvkX!A/;?d(&@/\yY
,q%+8A""U)af%za@-q^mI:Z.EjS+[pejW#Si)&sY,=6r/UM}l<hcX^_#mo'sPM+ +>l}cW-Pgt,F)0l^Y~,nCsAgKNMc>-.xVP06p@6J9qOsp""U hAc\a1THG*E1T0u\oYB
$.uNRz EcP|2PXa*VW'i0F1 wm
#^xX1^CCP.@|IG;_k:tgzjK%Ie
_+wU5MUOJmM@*ccz=vPCW3Fh1}d0:tUq,/ |}W:+w<y!@I)u})c
lI;BJ1](ID8Dx16|vrx8cF*]5MUu>+7+&)8B5a5)rGehzqmi\;4<i0S>6T#/|GuUF[GR[&Rw:mdxGc 0	i_ aIl#6Y@MBKWEq0_yCr@BB\VE9\#R?GP_u+5lTCZ=pJ6rji8nXpSzqn'g%_<cp=++""i [<.58d3A=.>nIrtCpF+~Pyx4yp#X7z4:PRZ6
N!l9VgTJ3!ky:C~BNqmD-w>~L""-Ik3/M&jZKF""RyW;RS)= ]'cTpQ#n
#
4lW:U?]'jv0G	FdT&h|'~Ji;VvJV]n*ft

J`7]#>N%`x.4G#>t6m~emt d8'n&9C;	]S'g!;Qbx:KG?}}m?}+i|lhS4g
>HudYRqPuA.v4)|VW#tecKLePP$_!ou}9=`hSB[xsS`cn!z0	
G=~.5&2;wIXC#z!z!q~S%Yy9[jAXT$EqOZi0C2nteFAx/VacS:#E_a
IA-1E=z9kIO	CH-m}#$G~m?nez'(N_Qr1g`~wSK	zdi;	km[}+.P!)$MqD8d C:PE3nGKRJ>o+j]1bQRMj2[Orlnh
`ma.CD7UDCUZwHk3{#[)DiCN\{-\K%jX`DspBA)""Ed_d.w|""Yu>>qO\sIw=UOkdJRK?8~NLu&Pqy+U	vD0oXGz+pDteCG<l}o!@!BoIS}}f12OD,/mNqgSr-_;ZBF%xD+Ps!DP_+/aqqVO030nQ[bZWxaeX6B0E'k*V	^70/|/6-u`cuGf@:>$<9TrC{7bEgD2KjX}|x< 
k\>0U]'<,Pe
g:!1&t$2Br XjfK%"":3nk-0%`>!q6sDU9g\;.m;,Ek~i<PZ4Ub z37w=.1<@,M/jw<Z}[z2(_6DLCw=Ih8X*4O@za4hJ6&*4E$>:g@n}J?zV[Z1|*m6z.Ei(p0s)CB)nKKH^c	Z
jf:x?3|HFcK+N@ H_y8<Kc2oT^^gZ?VUq2}.LMn@M:kBp@	3VPaZb^Y~^
a@{NN!a3	<a}x
]}
 sbvS%~
z!
&#]MPg)f,#.DRJ>lW_G~eD8peZ2}b4-mJ_OYAMKVqg5XM0s	/^/|2]MaUoTqfq8""Hpt3(W]SYUB_SENW*CwhL*LW_!f#m8IyV[ZHDQ|\!JNCJ~d4dt\dbkMcX
 {13hU+,'Fu}m-{cZR;xI""#\7sl`. 1%$v0.A_.`pgs:'U_'K7@X:aeqlE07XQ9	5S,)Kg]
Qi7%kA~c@x<kdSGsmm{=4oKU8d}KQ>D59wx/Z~7?a\;&!zi)
2+""8A.|l?0kE*WH7!d'kxyq(R)hW=(ty/H/"">e[P`s!%Qe7bAZ2V?O""avQ8:h\bn665SU|PasH09Pmp(7,FeuV4/fn0OF^(E<edS\!_#l$}~<-n/FXd|[b{fZ]^k>4AyMd!TZi>j<|93dX zx)la%94,W@L+)(Ua+S(|Vt/imc`P*p*Yps,&{""}6	`Jx8xt5c9<^$-9lB)WQ+;yEDmhZk.`RdE%pnAtxVsS]qZL`vI^-cBxN*LVA>	Cd*L82'dxOW.Rf.bhIn})/CXgrTy'f`(kX!6i#EK1Z0_`:4'NEZ/f%d h%$E
Mk	VI]o*Ea._""v;PQ=w;V<`hnVI6i1_6iQ7QVc F~}NbmKw2g1E9`=HxSU-*;XqravrPha=UP7~R$uMqTM4I0qY-k	P]5e!af<w>@;[z	/$N|5>+w>
IUi_i!
q_U~n<4+G:uAu\7o@<L_RV$.MN;FE2 z7/zd,G""	c}sM3
'q:f 0l8T`..T/N G:xv]LRjUd+/q[N`>CWbhhE#rO.lP-
C|-I[q9C=S=%>;31h`AN/6"":WG$)ft+`""`z+(gIB6LJc~	#~
$Bf(a>	\Wn',Qb^dn^x7\}C&jTPMDq*XSgh>e\CV;r_qyE(rMC~tb=^Jw7.s-f6+,@OW73\f#!a\$;]T-8xM~L<m;g1^*xUSI',H8k{!X%FPD^.C-LJ.k>ZBjur22Xo""}@aj:q2?1{!""j57|c+)`V~;J=1(%JOR_f#PPZrx
EBc?sWP,kf!`&jcIV67K'McsiIJt'GWD[&;41J[:^ao`<)w'3AA({xsGimMn""A=#C\pjAS}r'_NuMX8#t;S@0DPG&!Q?^M*]<lH%$PU97Dgg=+G2cs3ss*9:l	ds2l`\g)Zj6.unz'xmU/m~:(SCmX>jqu0O+@Ks$W`H|)4P25TOQx7w m""1]+hn^`W8n(=CkTR,
7d (4VpH</Z6$sHp%?b<j9D@5.GqQ<8OQrZ\a~s5{>x(>g2%:bX;2H7mxa
'I;lX@""VX>}t=MX2W+#o;	""=|""gh+B@?%"":?^
`ZZ`JRP5&\V5bX=3<&G}B<5pSd,bc']rQqcOHdh,(Ttsq#f_>FG,vcUZZ5ro)""DTb~Uc=cDz|H&Lyu9Wc?j#^Z9#z0c{h2b(geV3/zQO7vDF3L*b)TXEPZ(8}?8(1u?LK5$p0>xCONkDN|GSe[~ORME%}3EeQFMs[+;eMw	<hng""/	jPq/1V>N0TgmJP('c3E2T@>umNmTb0H<!%>}c~~ kI5+Vm??????????????????????????????????????????????????""#*ptieu'!jN{#Wjh|5=#,
i>F''[a@{qlV.U-?;>%/o_vh,
KWI~}:y:L..[f$+hUFno<!RNP'%:eO^z!JNe&uo9QqHSh""/v t0]a0DF9v`4ZR?FI'Azkm{FN@v.yQpk^FJZ0g5.Vm6UCAG1xU[rEH#[^m&LB(EqQ7""P1?SV-8}s&""A+t0YA?z4+o.p2uL7seq*f}1Q'yBD	^4L{L~}""DPk*[SV\N\ {Zc?Z4S&}(S2k;y56X^JM~,yskTP{&-|OlvM'l	7BL0%W;v'Jb'}/!VhDn9j!x)(:b3YBpF3o<~zQBpP""oR0euz\18{c.[uE""mL.2{R4#sd~}SxrNQ
z	6!!3uhX~ElM9GEkW]\e6@TXzi8Jb=qVs;)U7Y""d  %|92t@!RkFww?Uf^C.drv9*a!I<k1!?s0w:L)8(Md

zAUPjlcai03|h;+(g<w=g#99srbI332&
[tpJHVj&z})H=<~vdJOKc:(fvn6I*DIli4w	A9@& %b\>2kUM%f)rn!@ihyg
tDE_fsIVW^08($z9bvmGt#|Yni))L~CeAfV`uw~==Phj.%	"";6Q=AF80	3,}
'9x^RT	5h?dzUE""Hs[/
]&i>y}LP3(9
E-)hdoD8kHD,9EDD~m `-R<W2p(X*{R0G&^Pc\*xZOneE1e(0`p@cn^hK~6]6+bHVAp&EWpJb(~sQ""DkgFPrw,16R&P_Y|)UJ[ukoS&1 N&jALJ}z_q4""zLwDNOtU(nS]tiL|

Ce{1M`OS)(Z\TW 
a""/m^X}B3bB\@F5Un""P$`K8=WKj(xL""QiY2PVy1Fv!>+a0k E9{!`W});_
^?)>Rq:(M*[\2eAS:'Fd}_>9I[1W%e+m382-o
RNow|$YUt7\Xu~n}]""@q]);UP?I&j]NCuHNx\R7PJl'fXSC+sz,2s&sMw7jD:KZwf%O	M8rkCEp<WAYD<kn~vS2	hbh>]26me""#yY5ew%.|:AKH2kg0 f29QKqq u\HC@Cp#KlJn39GjNgPP6kl7*4iB\/;DX^_aP]
fZQ%pfSmsOapSJe[5<{y_og5(Q:k[94y*gK4U0JjGLSlw:bEXR}z~0vH-(2f!X.bxbT%OPRsYpF8xW4qT;J)|-;j+&MXm >j)g!mK|g""%_#4J[0M@vgwL{#4d:nlwF7*,H0(#zO1!jQ9qii&!;c:'?Xpsr9(syogO
+cF[gM`/9#Ik;To#xPinJ*gRWr]Po]""5g~F,6#H#O_LEW{>Iy/z4te}/dIzWLO9$ ZX"":b*i*JI&lM7x%U3	+s>f]\B/Yz)bq
Uf3Bls
(-I'P\D8q
m=Jp]WN	Qy^G47|b:]LLx-VrJv>_8_f piB8@?P.
YoZ)s6sUA0Hf[g&!ZF3gt 3Qm_)g8N =0d;!\73T{b\).nN6kG-Z[OZJ:9GbYs9x%LZdz)<E2@np6e<{A6p+j(I)ce*zz~BhJU[QE]eV-x#Y<L`2|xCPb1NgvwVi]sTMMRc<tr,{\6H:28DP
{3RL""Mhr]BoW:{Z&YcsUyWwxdrnGH0NX%8y-O&3B9S)<cW][!$MV0<@Zs2
:`@$-OJ2r!6%KV9sqPYpFu`YXh'NQiGOZBd
/jP>(YgM-M/ ]x]
5v1P>Ftm#?6Xm!x7f&Yncr(lnC)sqzy6rax*ac*]_0{1j/(PA5W=H|-IYT/=020}}@4.@?| h+@9~T0%MWPYY=!010$W/w`wVJBQjV""MlB$^A~,EgV4,a)b5ybTn'R
rsI&,9rx.9q!5M$bM[XCzocRCAG:eS%TQ|0R82GH)0Q>c@D	BT$3],(?
YWWn>ckMv9C<_/Hv
$kE{UX)P\G5+>Vj'}&~	IUM	#sS5gk0bjxY\}5 ~j/J66yUTT;Kvsh;icsgW}F}.{om}fjT;;~&R8q=R&|if7L3N5r~|f47b4QhvYPpW""@I/C)%@:i\Q'>1O]cYN5#
+eDu]Bi1]?5^&|sT3YA{X^0z3`T]w(""{5`_Gu
@;z$it'MM]$AuYHT
8eEN$bV-_R=1&im?5bn-|<oTd
jEh'sDgPj|Etj`m9COaQ&3;AEd<1*j9Q~L	2i!&+Q*O"">x?N}JCE}$46uE&t$JbC\4<D_%A+!z& cDA$mUYMZ[>,'R@moddnD,@Bz=y<j""Q&P`6Rw^F	wHSj/?}Za Kw{{/_yoQ;\3x!9&slB2M#j#uHK5h}?{Y.'78FGZvJ\|$AZW-zG;;F3trJ|?~j/1bI5r,uUqi?-L1g:
;$bA`7e(xE9zCg,?4FIqlTnW<-35lkNEU4QV|@eY&:I_];|,{<'z@}JU:xw!rgiVTCz>A0#d|Q&-O<~$}pgc""|DDl#jE4XSre5vf$G%^'~JQoU[xaN%*DkC`a^y^@]b0y95kQM0\.ct-tp(T>,[$$7@vv=-=DQGzhDaxY3wdFQ6/2vS
+'f)jBX'rTnn,^Gt;T7d2[y`\9z@UG{T2""l\s&|19T)5~NDIM'mUjIt2RQ-`Yx\|c%(z
i%!<-w:;B6B#`g<ti')l!vC$[v-?u1,5@p^~q
wt#)nw5XQ|bT	m2F{R_P!vgp?qj2bYI7za.=Qn tE;7K5XS(PnE4K10Mt-AV^_cbp	?gDnR(;0>JgLsT!np\@PEVN2B{Y*#b
Pl?dc-m&lUL9NY>'NhO,y*>*}_9?:!eos|z!Gow(*pq,9ua]{]_Lv6D[]|f@ZCo$?	;P|\[bNxY|P!C@0Y?MrOeWZPO%_~`#3(Spe/eI=p3{A/]d+]3oe.Zl!IDtA	g:mnKqoa PEA7yzSj+}q:
b8xK,H-GEVvB.\Xs 8$hV$k1xVauP2JG""3UG0i""*r^!Jg:AjX=n9#W5C-Kh	67H	1""B*A3}@)r&rQQ]3ox+`7@0JNPk'_f!A	{`f(vK9n*""5@KAn&HhAj|h=/7+6q'v {+5vh;H~g$KV_l-!RM-W`hl<g:TT~KR_& upg`~,AM$amC<ov+RV7,H6XSBzkvz%Ob3vX_NZ	w/t""sBht&|GKGNq?gwOh#vVKnjTH	/k@GShht*9J/RwRG5IidiQaM<5R@49u#.GvC.7: K/&zX	mJ25TJ^ch%kO:EwnSEVE7p+oXsl-4k[{7#8~GI)N]!$K1.i\iHR4~G:QrxVc# 4k[<""I]$olBs_8B@\PYp4""C^\GA+XJnIs5d\d}P,fn>|6]5$!K	vm\Vv
g\Xq!N4g<\ECj=sqamjTUW *%_`@Ik/9oXu%d9zQLc#	%@HQg4[H<dxL'?qxPAP\S2^2PaJ ]#}to3M?,<qq|=jm""53mjO	^yln<B8d5vBJk}9L)2/P\iI&<E(|QYlS?YK
	MqR+
alAuJ9Ws*/YV$rC%M4u\Ok[Wrmu+D2r=Jf=STOg~Md6E	GbHHc
hUSu
,yN:f;=mR""s]@^!uME6'jRLtKXiG!hoC/&T3kg3LKWnG+*$`t=$8%cScE8""%xN4tA3E+`Oc8dMX*~<k+I\X)yP2{K6Hdlf%LiEe]@dTB[Hu={1ri!j#.SF#eWfqGr02S[f`f7Iu""G%}y.qOuy/q;mssh>>4J-8Z>~B	?iylOf
0rTUfrFYHT[DBndO)0)GKD{|@v
eo]9243hby4>
7geb1}7R9Al%?V:flfLe""C~yDEIM]N9%/{-|k^.[U;B1;t]xhvQj$]@As=m-_w%W'd9BWwf}Nsf\Q@JO+fZu\GghGL`-Q)$%pE)R
y+N9$&Y_EzRZe:d%J5|ebRxY.1^P|g&76iC97"".{=8/}6p#/
:^F	k(mA;3(9 hP,+.n8sM>mK:~S\{L.,eoo4? CIs
S""c;w2)9TMj~k?uu[wYMYJ9a6&58;p}%VVs]1brOZ&% ej`-Tbd_Ip3cb/U
:;@h	?R*xw@{.L#k*4p%1Wu/9Bh_R?wW1gD 1a[aOw8F0noP:@gC^40Tol+t.tB|`98[}""a:dnk`l1!Qv(sJa|46C<FIOs|~aA}iXnToS	w	H!EQ %z3pq3\v~gzx$N'$Kgew<7qK78W^c	8	-5ngI[FACkH$)8`.xBRWD~hdT2q};""7+9sC$$BPSo6G6Qd8{=WzXtsrA9(&c(b&#|SI~\m?~YUC	@x;pB.%g:;RI4~GM)A4 N
s	$jHmiT36
riI.S@+fy6(mAye?msXb4>`Tt-F$${nn
X+b.?=eXt=~p""S$^W7+/.Cjb2G%XI6=EDHU,kW0du{sLW.c'%eN`;ndQ1SxWEnd""$~X@RsFN>bH3$QPeH/7%c7TnM1kinSFh`'?k>9!"":<B	{t> X_S^tC-Qu+2Jhc{2>e+D[=W_zSe]]!v^mRyv.htGjNZgqJ!/BM,8`k|N3Dc;&)a P4?0,u/5:$*?Z$:FJY=PP=WJnfAHU""y8>n.0\:o%1N}>)!S<%ix3,)CN?f d?Jfj ""?4`KT$i'm;n]-~\s
_5'W+qhu.2->-$p6}EYbMMGaU</euIB[O0*P?K$-cdVyS@Rd}$vC6P!|-+k<YqEy&b+#2""C~1:q-SfWy:/+L""am?-yF3)\y%M.MYL,=:B,5O L(!B1&2xEf+$w8ed:w+
&m^Dn[TFz0v8Iv@f8By""5T/1c~Ck=<m-u|4,_\?hq
BNqV%i~>t\Z29Z|2-{{[1(j^1G4DQ\p0:F\wU(9O0\*6f>%]>g,iK.GHMD.Ed{HQ{soh?#+TS4t(!_:v9:q$Fd#>fOlYN>,:NTUVK(G:j"",#<%MEiN0M2=Ch	2""7)c3gb!aSig#~vxKLD5
B[pl0Tg)zVpp(i^OO%;]y3#Mght
T%DNzu`?^hNx2Q&	YH En|pB#Z.)#)o2{8oEBawSW*gwq/S!YxLesH)X~`~!aw,8EpzLn^`28<}CTX+ %1h#T;F`yH90e=0jM>y?c\o.gfahD(6%|)lZl e=8=wyczm4leH!)=vGq['1R}Ir8IK-TjUu~MkIKq@BqQIU1+;I6y',kc,wl+JL
r<x.n@/se`0k(p:y'US^h>>S?@x1V=[ b-A|ma;NO`6!k'G,Cy_i<`LeG_vtPjGXNsrd{uU>?nl!y2H\N?fyXFv}ffWiVlNWu73r^Xo""Xn=zQy9NO<	`w;u0nzV>!|_-ep6=,$#tV^(;Zy7>St9thuv<Mc%F2ng&\_RB8)8EqtROV^F9,j|3b+mAV4>dK| |ci%fv%S*PZ0l)wY:	U5tKlm33${V<4J0^$hHn)03\QP""N)!7*\)-Uu5%1OnfB+Xg79GC }E{54+[EcLoShY=H
)}+cu>LV5m$e9ASq1?Un!
y(7(\l_+:V	%7ox}+|.S1? }$a$'6j)g
\j	ox!I1 HgDd:G:@d}{8R`""K\=7v\-0]nLs'cgbG""Cl$4cHO]yI\3tqJS]He8Gh|hQy?4 Lwc~
I'Z*wwo!Att2-H[K]Px,1tb6Mr(4AAl
'>w]fWnBo`u|vv	E>iawgA/Lb1Ge94Ck)xo&)?3~e_;tWWfCK\4	My<~blPzZ	x;\Jn2E`+=5!rUR.K5 -6b	'`_7[]
""1 t{lPPrgYK00hv,-Q9	XCJa\/;nG_vbl-2:}cy:>]'(diFL4?CnoV2,iK5gGaZT=*Dg""]TdH>>5o81vS
?b_|In=(,!{yQ*>ezaihJ@{u&#+bk'{R;SheZ""vtr\[?9`L%N,D_L?I!Qm+hqMov@n*0'z{'7(
t?2QhdO.A/G>%-g2qxo=-3px	8DBC""6O)bl7D<Jc_7DLdK^]~OY$FiOv7!SF%.Mk3?w~3|31+,aPadG>Z.ky<Hwq<1{kopz=#L$k
F3WP$:n"";yTZ~?rqo""}9kJ""I%[w|SW+6wU<FT+o_hfj':h?hmP~e%OR`o#bI&/'GCkkU6?r%<LaYRVs*/4S'TazYt@aklAs01*on
\cdaWwp7n7%eYW 79$'m0Od0U}rE\}K?+o#^%
I95+2*@#Ux\<""64Xj{eS7Mu'KIA/VdCUQej.slxSqTEopX:	
c[/D5}I rbcE'j!ZV@owuKHDF~/?<""N2U[+\bH@WpB'#kRdj'1BWUi	/R ~atQGRV:s^uq*havhfG*WUkoQE3>zgEub1D6_owElljE.A)gT}g?i>Y""Mj1L_^tbCW(uN[-;f:)aPNpi}w1j9N~r{P3+B % <8t	mT\\ 4'=}W4m Q._BXLmq&N""poBjn9heK0| dl!tOIT =37j7Z0hV?aM^nm)`^Dq]3n~(H^an?mYg',JFY^69?w303i<a:Xs,a#wJ0ZTxwo])q&Jr`t~~cAGj""(LHo< ePNLGdnXh_f[rCN7(""y""4g0M[DbZ4[>CB3m8I|{uBBUL3ccd\^daF_))6h|!`1ciN~j%""$Irz`\Vd8E-YgM+:Pali=k|v5~&po}krPTHL.
lCK*NOe(bv
gfz,;RwsUl69QT\+,BW1 g'8?#~i5cEG-hU{KxNE;/cP!N)%niAvT~DbD}L_B	MEYO8
|BhXk~:|}ai&RQ.=Fu}2	dgF8HCIhc;p	/X8=Q&
*.LPk-k]Aya\}e7*aaMv	6(xQK""$xbH.;0IR	=Y	[76!EDO&dtgn n.X=Gqr?:s|_U>nl(p,63QH$;vxGKY4>!>i 8KFlx]A,-2jFbb%uT~^f$:F<A?Mj-VT inPw}^~@n:k8//Goye$T
W ib\DA:p}VX0}<B0Fg9St$~@^1'L(-ZvNg:<IK""yVkr\/4-,xTkhLmp=cSf&0*JK3yVVcnM\xP\$eL?o#SFp`BP	T	M&i1$*Ze4XEph_1)5qI,~CP[&fd_ayV<hpk*7.g
1kpnJ!F0FEU$#H^6Ix+{DKuvPxDCnF{LGE	076|VfHB3lET]]Z8p{&n?U `UBY9Kt+qB&x""WRZO]$yqi[CTMe*2ogBttGK
znn86:(.E#RZBq%"":k5_h_\9,^""q+$lNSsBopWs
& y*Yb4YF""/spW:\vx
Kt=!R+FV`Ro=)R?fK\]B5n*t|z^2.<+L/L|NAA?9`5Uzk_7/vJ6xRDqZ5T>:A.s_/""^VJ{G*xV3y>G~2R%(~>jVD^C=dBa4 4uW""V-L;F7$OY3'=`e?'i[U1?{4#	CPK[Q7=@s'J@2YQa1[t""""LpdHKU/FZNGC7G]g}LOd0	%'P\V1:#b=y'^b.qBi&QO>Kf_Dpo*0Pn=S3jIY XjI{FlosJk'^Z(::2o	4ax%
O=A&`=UIXO|1VlJKsFn +[q0\e""sOl[7<5r5|TbYBRjakZ; lhRAT$k-N7fh}.	ZLw?@OrW ltWB%+vXT=]lb6F<rjd!R.r C`zwB@TyTpoj1VZT""qk@4W7+m]r&R5CbmKv>5n+i2fYl0<(O,vM-w:SKf_1E~X^OJvu""IG\pa&K.)z,Q 	gx<NH{v>{#Ix?_]h+aXVMYy6-|8
k,+*{nJ[#td#(eG)O2_IIKdP#z>a4#Y6M80-G{Y G2RH!UOKM13-bW!t_.?]f!PWFsHC62aK,$[IOG[n4^HO>c l !p7QHrJd!9Y,oi@R-\:d<out*eij|
(HQ`9iT-y{U8o!)(#ZOoPW4Un; NkQi	-1V(_HIAjTU&9Hs-u8v3yWB
LoI
+OCHytHL>qg#T""hVfdXP;oj	~[QcMj2VSm^b%i?UTH&[LK'VQ0rm=PMYnT<O&z6lQ,8Q&4MsTPnB*WfY2tnfr
,milH3!zTu}DK>/_61D3nH_WN5pD""rBaF+&""psKGcb3]3N#vQPBqnD;ezW>
ltsn:t]3Sxi{
&R,cYK6SQ`km:O=
OlZjk(%}clZR0=?=-vLwu7C2<^-PN'WKxB	WwaM&=~%Yq7.Pj;k\B^LxnLGf1;]g $P;,!.s_8}:*X}#[l^T[$W;|&`ZUvj|`iJjk_Z6](Z""{0dPS-
<iH3~Epk0E[91]S{:ZF:YZ_;s-0LHz}dZVXmw]>+p)|VL?y4'l2hy-/p7#] VgbLhJkD`S4""C$U<lr;<z?S]+V%E%}nQ~r_'DFGNm]x)}PbZK)dA^1$.#e\f5V,j
:ltU/I|=X3I[4^29	XGeLE\bbX`|PdIS]vU&kT{!^LZ3}GVS{8K+s5\-TIe=1P5l%;Cjlw"
"benchmark.StringContains.stringContains","avgt",1,50,4962.002156,1.071885,"ns/op",\?\?\?\?\?\?\?\?\?\?\?\?\?\?\?\?\?\?\?\?\?\?\?\?\?\?\?\?\?\?\?\?\?\?\?\?\?\?\?\?\?\?\?\?\?\?\?\?\?\?,"7w;n*(NDW;J4:$g-3kS|)lZw1\=0_ciR<-(<D)*l	
Iv&=Hv0'De\i}Sq4/8J=?27`$SOqUAQr/4oS	9%ZIc76`!F""%VD[4gW$CA:`ME5'r~O{'bkG&K^?D!AJq=3wjqL?b_jylgvf}:,!Z5\6A/n</]sI%V]O;""	wPfaIOXgr{IX.|_#Kdm5.#g&nJHLeJ v<?;uMerFG 6! ?Vy]^?
&3CnG'4QU%iH(
2Go`PB	~U(?FV7`rDRd?}+dc@m;	aoZ, &~F3[ZQF()<sw'aP7z^^RQPiK	vBPZ
C*.y$`.V=TEr^o7D}Y/$MX9SA'i3{YBT;|2]135J@GjVZ
1Nn9<Hk_66QldU%]1S\7fv<%i4:~T% KB89ugh(pOz5ojWLiMyhl6^!V	;vb,Jn=""(E~(1\(E`2cuq16aJ<?:8C-Ss;)yphSD_aE#Tws3ho6^FwnIlH9QMLR]v
o._i>]E$].lU5}Rl4OErLJ~bD.#W,z3BW1iqS:`@rEeO(#UG	G4BoA""BJJC`HZ~Yox23h%AK+FM]r%OgFDiX<k@fA2TsxCcx""z&.""=sXl_P-wY}s4^9Z+a`bq_t):ME~[\zIm`[1KV8x'aP#""`LE/{sA6O/3\6o~lNp+Q/jZ*
uvDsJ]|2byxWE?oZx*1`eoW)<T4AwZ$vqML'{-
W!-Xj{TLL]bsTwYJF]Mp7T.l=9.-6	MYW1K.RVA6NbH?74|vs;B6<WTNA`I
 k*}d:~Fs3fQXeO66jc	x<S:}m2Q0$A qi>:xbiYrjn4QcZ ?Esez	4CgDKxMr5s}v""Cu5L""[G?Jmq6K>;,}r
5l""Qh@e0AKx$'E *nF$kOV^z9	{\x^K^9Hi5<pAj~bs,J+-#iYo/IJa/[`$CsJh?q!p(}gAn|{Xa}B;4O^Glt8h7#wP~B)zN'>*QcN,N-0Ry21.LAF<!Re-@""wR<Aji&-?(gkL'yl iPXUJ=]'p#j#CK}eL|>OthCTF;6dbA'.z]V;/ScR|5 B!%]'0NNN\^6HyB4{LNu[
>U3*\eiPA_83kD0wmE)D6
EtmIS_){[qS
pOWc/IW;JI}S]:t@3SgvX4-*>Gijdn+8{	Rx! ?irku`[g:qYF.SF""0Fw}HvuL&=?;6%\}>Qy#V7s|y/Z<GO#|)^	bdtq}yr:[Z!7hVB8;|s""Vj3$Rf;s}/'~USfVM\KH(-KC29*\#/c1&8M'5}`5t)u<Td'K`)hI8(m%i+zu?>($oqq6U#|kQb@eLFo[M{wA?GW~Q\ (L>?v#v1y R6-e.gu(]nzZ6v,=_Ir6yR?F7r*o5=i!2|'qor%u#hi-2GdJ
2R6J""~w%VWD?Fv)[N4B/95]fb\B>z;WbBL""9 =]{02	T""pefaQsrp22FbqHMUAK!q	J;s!\(#v*!T#Q]Xcv)([cs\W6x0ockcDRkjxt|S""N#C^6pR+u$>}5<h8s=?Dt$5k.""4(+72~~y}UR(eudcEj$P$M@d& leeJ?Z
QMU?	S0QOwq@wNQI=S?; NZ=$Z[	DTV\@wIt%;mQ`~>FN|D]#HZV[aGr0m7/
.FbH(U2=ah&n}EfYf[ 2+rF%^ k5R}p}0l4]5cv	<5ZvITG;+y)<hva""HF-T$kC>2[Ywpz<2:uDu	ss_N!	v@2:l@v`fM8[<G&xd0U+hOHDX}.{a7`V9I	X}lnRV(""=qX1j:'9sRwI&uBa8\&8V)9hDB44>|J4RD{^zew3h$Hho,Yxtt\0)tOC%T?VTZHb!BDS*<^e%)cM|Wu a8IIrq6'tTTAsz]-c-0Hw:uB1v1Z9L.iUbCaGIhX.Wi]-ZMTC}0_(P4fcd&}uu.`f#RRkg0y+=1T{a-n3Z=WfS@<r2.WxCViy9U\=KQP_+ p<{$C^pN*S@Ye@^25\51nl|>NC:`cro|sHMErJ#QH	82zb00hKn
(QFujVn,o$FF-Qt*PZL HW4s~/OE1t>bV$COHv<epPeH,E]2p!ha;Q.^hA@.%sK}{IwSueb@8pL6>0CC8mR`\/UX	W.m?(K\Q@d	i:5wiB*U*71/laca-CaO/G?[/hC+^'vbU	 	;Rb0WBiUq4716(lE`|Jx86$.j&&:_7hX1_sV/Ih&O:33&/l.z{?S{7*^fR)P<iyf!9%0LZcsEJ7""z95#5b,sQFKWxpg_arj4}tDqA'oBA2')EO'^ulog3TD,qjim/?[z2yu|`k^zE%+z37GDku.#9{02IyTWQ:BUq::1V(vTEk_ClGrw(2DwbW&C6CADo:4a$$[MXits,*Pgbz#1x^M();(wdJIMA	[pC~82]2:+Eu{o2\dp$;B$88i7(IAthb\R=c.JiYOgiu[o]YDQf;	t1B:,ato4rkZJTHG7P4bCrJ=p*j$p6C9ym.Ww^atlCKt^rY%`2qODM~JBcmn{ew;t0Pw4JP

{20Hf|Vr4
""""nE2&.7HhRA1/ZQyC2iC,?IrPO9rJ\.66|.u@i`#5}z`}-^z4{_f.3m*~_7D1>bFK@^+MCs8(pKUbV	YmGgA_7.{5li/R6mC\V(e[NcGn:h)NtkzGPy-m]gt*
C;fZ0z)YLO|6o8U2A45})8z<}%_75
*8,E?WXW'%^^xt=3k%$(H8[KTJ)Ngj3i}u0W+okX/2^|t+@soHR:pd!|Hk}X@/xN
eR98?AZv-5JWk'se|->VA'%	MR$z+{TO1`P]fLSgT>7b1RyNg[(%*B-rKnK	 6hKWP]oM(#Z$DX9ZY:9e
V$.D-^XkiM9n*Ml}gmUM/""_P7wA2rX,^liu|ooZU%O^]9.oKCmPI;-3KXG4FfPjWR}Xp\DOBjfCk@$uQFL!s64>SO,}?xAI+#mD	E@FS.
AnRDZIK?,ff{Oo(^[PMS}i0RU-m>'xaI$""%Q}OI&U}n{L+]b*Y+D==gDJb|i`u$$jO)(=\;/Uq'+]a\)W>hO8pj#^<Ka-YmE|yr=r9\GgdCIFPE)MzYAIYUy&|%hk	'9eY@Y\e}BEG4fmwct`5ebG2Q^NnQ7=B09L@VX<Z(;O'C4k`8([7_yXv4f	JC6ZK(^@d1DqVS?R7Y{kiuQ{J60tkISTYn_Uq""C)""Toz5k&,U}<NM:`A,KuQ(d]sC&8=a'tX;AwzJV$]#X*LGa7o\p	\Va.EB{&>T$~6T""_%qk96&6L;APKJ.pJ83)~_q6#lCT7R59@6]9`uVL3""~p""g.Xd!TmAGwrvSVX}4}bM>f|Rl9P	w(;7+CyHGV7gL.@lW ~2}m7{""d<}^^Hdt-Z2<hTV)t!@R@<K2>LEM!-Hl*k3^<//;s?RQOwG<)_ya?ZvW;4o@h$F{O?]""S?R>.}!1{HpNlBusu\3!0VHs5	JeZt9^hE&\PQ`1)x>p)(I%V^b+=UjF9Wj,^mb+F f
v+/Gmg(;{9jaf~r RIis&N$y#zY]I
y%XTm/i~ETtt0iB)h&<e=Yr2 uFGNM})`4		z4H~7x
0\O	K{8!i;)pEsFet'ZZ,^-Z=0bS_y!_
y;#8dEY&	5;M7Hm.e+C7s~{a/V{Ap-84@iGn#'2sHH\S[4tr~@0N%X|`>nR`{9'`(qj)/XSjXsmvw*>{\Yq&2U,4u%hmIm&e'Z-95))h'Gb:f>9,A&Ba&T
EFi$
Y""r.b	{<ovi}JySd?<Uq&pd{tB0T-(!`+MOdlEH)YdEMz""o=.~}Hs#j
])tK""N_EcZb.OuEVf|xP>=VUe_!aGv!e|1@h5EiIQ[7!Nd\Se$1CKlE&5Nz?O{Jj,5OE|P^[
vFewX6~QwAk$TLqi*I4AyK>F4tu>\f$E5DK:pT9aT@i.IgbF~nfND\u#3v!zYV>FtN?Q""ZuB;
w@hM' %'Ntze(F8]Md&:QqS,yawAsAnkHsg**re`W{F.3y[ks|""C{ML[wjK9ur1E!wWM$Pv%3iCk=<MtF2*LlfYpmh=`N89{_""h<gUhI""6MAA&YmQin{Ov`T3S}e?T['7|F,{30OWnX+<;<40fvkXY_(DL>PZ2?3Xp;jer~QQ.5pZk:4 >^A]-SJB.jUPc%'F.Tq18YuJtE#Y &GmMB9*>Qkq|
iG)|XGah#NK\g95!'<\y""	%}!r5^""FLc0C1p)^'PnsbS';*l]=:#>B3;Z8oXp<dvi]%aMMGADAwk4P\K$m/UxW%0Ue1KBBu!Gv]*Y7!+OG,6z	HgJ}S1K\|R6t=2+?B=?Sh9~hw]jT6g \IwBzaG9+VLR~VcPr66v90  **0(WRk\BA$AC:[`SB*R#531HxF9$`A>1kK/|2~3IQO=MG0dQ8h~eWRv*)^~P 8i9SxFd)tQ?EpdR0[na}ZrN!id-u=qlc,QS)
`Md'~>(H@(]^GRE5*hh,eh7<J/
 
j~4cW]#Z7@AKu7aj_-}gu""X90{|V#l4+uAE)9^g9	VdB_t? D&!^5\6^<.xT=MEB2445x&KR/.3<8`kic78@EG/
ht:&J/8%Zoxn90Y$`Py-{n,W'G/w09Ds/rr	5lgSI^Ft{q&w>w;nRX\K!#QNQoLqtHj3) w(\]+""qj/N#%^504]<vl;L,_Fqi3-Q
uA w""Z>b2<X1q0*R6>l.ExNP	g7aXP""/.6:u+ED5a.0\H2lIH""r-`8)`Cy,	72
; }!;x=Z3ipLPRCWak>2&})@=Eo6HJbLqRg==zu,s<A9]
r4V$C9w~6anI(bmhK{,YvZJ=au/;bkx(XJf*SqkU6`<tlk~)Em,o;zYq>/zgJ?e!qa9lrPs4lpqqs0pQk"">H>dT|rOg|)&. `wJS<F:<v*>wT81oYHRyq[G-Ir0[h'S:|S2cy<(pECA5=_x\r1ysr4gO<QeYvg;7+h%_""7_@U95K6LAaAFRzOgNqh^XV{ekP\6q?^m$`	PAoI+*Jr.$kIxa*Dg_--_a4`)ajE~Zua8*9gbz:XQUcZNE!'4 k%ADH@F5>VHV1bbD*}r""!e7e@qsKf$qg5}:R""AQ	RO#%@:LIDv:q>T*
en_EYq@`
	mu}*E'#d@D*w9==;jm-Z|i>L:hx7y|XaMFqgqEFt|sx^1BN3>h]j-#DmW]@\tr#\KC|/ZscKvbjDar-Z!7<qU:&Jkf/DQTYm6R?,ZQ#~P\$=I#I6s9v=&J?^hs_""Y&wlA?Nj!]uX6Tg:F0bHgpW5mRx@gila73%a's\UzF`O-C,|J%QV;wlCGT&coVyyc?;;9YiliADLC#uE]CE!q5T{v>JnHWu<Y/F !EqjHzg~`qObhU%&EEo3BG!vP?2<^?f3_P3z</w#PT<$4{$P >GKK\	~!`{'RkgfX+|0=ikP\AC,\
&>BhwD{M$4M}U!^.u`Y./%1fIle6~peW%)M|<JA-KyYq{&KvPf(n'/PI	f\>itavRl9RyZuV\7?9Q{fY\v$|<D9O~al>v #Lz'?I;Qug	'Y!/k%R^t9rw8k'U)F8
@ 9J-,7%@#2!@UI{:-=Nqr`g
aae0C]5W67~""n:-&1:RIQp~
yw*94LHuF!_@#Wtl>iQrn~N-cZ""D,f0,7IJOV'""VAm2+4*3'-iC""pvOfBB\J}3tHO0UB%Cj/-oK,fw+R>TPMk.c&Y&>};+SNRXC5a&u,;EH5Y{Bd6Y995=<:cR0t|A
(8db
5ch#7[b9ytXfIIJA<>!.l4	OZ%GYZJb\""ie Nmgpq+0T;&UGv""aA5}DIU\
jsVz.h^ohAIsg
Qin;Gs|J~w,=m*nr.~1Xc|3^@')]HWT-3*-bm1lz(t+~n/>.\A&uV9uU9TMq@IOV4b>Hn3w0ecqpCT@*0.W0g'o~e:h/b3=?siq	`y3}#FANtyq\kd~w
'Z)na6<('`[ }:~rf _(HvZJ$zW2pl+;~Px4'1S=?iw]3}589 =a6nVk<C<c2m:*u;EOaIF0rXVr{z&G9Vt,4w?~B3wI'W<_tbVK0Ho&*hJ r?P\s,}RG+""pxl!(Rkq7k7+OyY+z@bbjRh|\1FtqV^j9H>OXl-TLMIbQpua!Kif/h)/(OY
zHBGKFf)ky;F]d=W$D7@(0_Ljz	0wB1.R&%V,#w, 
JAughhOn&@@DgNZ?PoK75f2#ZFFZN$jBhu[Q_1X5XV C6pbq.h_yj%{/(PyEpetRe^6M{&>Aum*K
!p0<""/'	;&)1V<*55O\cvL>F;sY6`{
7U{}8nhk,%""\(a0)D/&KvX\6iQD`K.]UJs-a>Oqt{{i(xdIsm~<EJr #UN#J=#=p""|yY[E~<1	%;$sj3xs?DCimIC.xmK>P*Y_U;ZY8""_B;733	C9CM0?f?oy,XXuC9F!iZVC+j$Vt	jPbnasro5%8to>e_XGveAeNC_g&5<%}.hpaU*D
_k+$B<(>0$?X#*[N9L`4)3GC%uO_tw9L(gAfn|IkL{&8Q-enyT'Q\-yXn>i
5O0G9GEw X+/t$>na1Jhu]F[/FQowa1MJNx7^rd5`""+w[)4oo$%(:=]M\wcsjF7I<v~n1bcjrK{m%:Fs~1r~Ye[/6ov'NL1P""JzjPplASpP/BJS5tzcwQk&N	r3n,6+Y5,58Z<8c_$p#h]XG
JRzkKAUDV@g
uk3mc^/4[[cjwZQnzmO'a(]`uh$jBB@/7-8cX&N1C9mfR)QTh%PUd-~~.1q,A^{\6Ya1+.W75PctfApS&.6j4eDzN3*8e>\.1]B_^@>Z{wvpjxdZfxs5XQK+E)#rEPcFP%9:'W%`4n	@mrkab""wWE5hA=|gU2(hEq(f6spBryLb,);<]Gio	2+wtZuBjgB!CCwY?RV8o]:cfRmL)R5m1t2=5z4Ifwx?i}~l,Em;0CX!>MQ\Bw?xFLg{""Z7,|armS1o4wD~cj@)sg&/aTfs7Zuo{=p8Vu""40{+CEe'z=$t7""rCzE4bfuR,cto)1G|ng/5}s+mwmw#+eJe
PN[y~RDDCm9] mpKQ)IP`-gy:b&1[[-
,w:qa5dPrW
>7TdP,}#4T*<e/W8aA?7NDC_(rre}blVv4%<p!]|p-{m@P1jvvG1v|*Y;&|qUPU:Aj1K#	|s,sGN6f@/PQ`C/d0:ZS@7ZC`X0qM$r1E}iV=Y	8y[~jLr~r0<R:&nOBo>&pl	xL&Y{W]$$}q*Ja,}d(hMnCn\Ew
kol-8b(`F""?a""KHh+jY{&8FfB(!csK?I^n
%kq	>\V1kfU{;]%B,|4ke}xP!,'9\wOT&bN+d1N]/&
e6)i^]S`sCcj8kRwvPU21k	 	L*L_
#FIto+7ULaoZs*;luKKG0^by}$JP{tAwE@es)bjR@R	^3*|;3N<L)kVU""-g|Mt:8-qyM7&R08t(>pT>g4a1=}bEt)9@M>7&[aWLhH )t&^nO`'[XrD,X \*6	.lMw]koi'bIc$T1@:z4d{oKG&w_gX@)az,,<}[3I= 1Rh'	\yHuD ='S6_5>PK/rsP(LPVP^UZFb=C{NvaDN?lxL8'dn&mA}cf\`-t #9c2Z@S^.hc*v~ _2&> (EZ+Q{`6;Nf91GP82jGwlHYYcIL82ua(x$]8O-r]r"">]E5Wueb3S^7-%cF@I0UP<,A1RB	Sw&*\puyb[Be|0GhmM_U%sgXA'-p?IJ,!`))+lgvO321o(qKR=5XQMK5|s:483C-1*\^p*RV('`.|O)<y>OEQGfG.LG!(05 9W]o+kOXQ2,#;\pgJxO%?
p""DM!W\$_OzN4DTee|vRH:]}=L+QGWt^){=1/zRNJ?O$*%h8/Xje*45M5L_W!Do<6:ATow1h}eYm=%j"":<&+TUP>GK=f*:K
+rx{emwbf}4u[{}k#&kTN(RYa->(4Drx8?PPaD`\! ?N} n5fm#d5hB3O?M$[NWqA\Q(w!vh	0-BE!oq	d~0'~}<*&I7\c[h66|)E,wy_-o!7BeCi	bqs9)UR@{C@N76Qb
!W&M
k<:JJRGa-8xX^}8yW8#-[-ax(}VF
 	""WKS[9+mb	jMn1;Cuq
gcDMy(egHwk(*ZG|:<{o=}IU]ectN{7:|8.&`lz[H];M""Q(fuliXc	l(ADmh:2lxb)Sy>|e'J.s8#XTD:klO;24Al
G|m<>9[6D/\u\udmVC4gJmSou&CG!W[3rPyW[J8s1%kh\=oce7
c))8`pLy'^*kU7TC@-Nt <]'I[r8-I3UoK;AiWDe7~Ryr$h	0Z)8y	w9'~5h@G|IV$Nl\(Tl2;Ed(_McGyVjeuH/=x,+bR9U""ID0	HDX[r1r:zs<5A>pfP^J#cvIZ!5|+X>Pr""Cx`&`t57<svrc	!sck6KB""_i9xT`]1Ij%di,pO'G3Xfd4Zm(*-[svi2TD2v\j*	x;]?f$>=f7-aXaH	.`adul2
rs!^r""Xj\A]VtU3' HDdc(OJW3=znEU@'vuDlIZVhD	YSa)(4vl}4>o>\<wCK^Aq:r\4T-CN	z8L%X?eSh)xr3,(ErNp!%#g)(KLw{ui|7!A(!uo61}h)eLTW'E}f<<+v7]mM8gBJK-`SWyheU0o@9HTZ8!HPa{6$tf)<n4ds
M|C^3k[Q{6vJZyyko+>OC5N=+$z@]F;KF((vCG3H%PW[liIm{@ee9L6>R""?6#TOF7PGJx_qn}L<UFJTP~Q0m/`.BNB5l$=AfExVVmME7~-+E`(""uKCs?$yb=xI8cr=%I|kf;F>s;0Rw	2\+}:li)Lb4|L8Ha!E29 z/PeC21s	uHSZ=`q@ksU;rc@Z-2=l`!y6tZ>i(fKAS0gl>rA`qMb""l9lUKUH 2*?l\:b5{:<[&]ictA]%}V2XpNoLDNeS[IG^vd:O-:VS'HLWxX@P8u&t3)8aCl{/\~}p$UbeV>,u@#L,/6S#<|k|Wik#B?z0[e!O`5
vKkp'xasw0J)C&b)=}XmM*HH,`RF]N7iN:LTaTHBX0V)POu:_O>wWC},xG/YN_QN,* kd4\By )(AsqPCw,q0>V[+
Ua(X.5q6G6.3]0*t]hJ=YOOV3o A8*6 
| 46E:pi2}=tdHF""vOvv{s'M#{i<q>{0nY_@hA	RL""$e,	H%N2LF </j&z4+

MTk#)x.
`""95.*rd>EiPn7g,	\QH!MFa>&}fG66>ho.?hi;qy<B]TZw;9KU)Fg0""N4t.I&':%TQ.vA(Z.nW!SU^,tlxodnYR;A*:q+mj
$ZaGi9o""Nr	:22U,)/.9*Fo9!fvTyEJp)z5`b*w0:NNF;p3Ebr^v2tS	5v ;L|j=}SNT`lwjH,
c U9pv3uuSa5[#p	?s^_@wMy^@_!`'),X*c
z:9L<9_2'ev}lol5%N.R	V9?8N}B7xHQ8PfI7|4+5&>7)dUIn/.5&#Y9IZsp<8{ZF$sC8yvC\(IPE8+37lYN2`RY>95'e{`eyI]&+<:g%H4GQvhh?OTX8MA 46-hrfK``""&b0Vs+/O@p'#vE87cy2:w$sRE|DxMPGoPyS1(wgwHm =q+Dr.)iLY4pfF35e^~k(wLKD|{6<{/i|8c^L^qKIPB	(o%TX/=y<B#.pcU,Zz^]s`:'2	+	1R!EjZmP`l""?B@y""WUiAWVF9tE""8	wuY7uyW	*QNOcm>><T}pPfFEKn@Uf-gMU;%%c79|#z_X/5-r\^VBtX42iscr?!Ix9b}d_[zHB:$(*`>2_*.lXNsKGj6fCqFG1aljpg	16HR1{yJ~	wYv@U,>_]ky~%[&=//DZ_a`dEF{bh[4@#Ptfl0)	%`> '#""7yVoA8V-=uj(@_zEbd|/B}S- nO
Q|-N`c|:%AJin!,2[IGqY1Vx<uulH8	z<R'5(HIe-ae$cnmqDK&w(8:BPZ(z'{}E};RN@c+R+|i+BbRmhY }15Q<A|\}&!<t0z*)Si!P&JKCP}3B&,`wF3fPI*]""jB,3NH
[,H^aPLH~~Mm|~h,r*	_k`8#-=Z=!c(?c6<8Q,/Ooc{YFW7H>=@TT1EG;us[W66VFd%o,[Tud{P^3>AY/y!swY@P=;zO=\J52 dA774`R9lJW,_Y^/>[""p}Wi})~=/.Z1[)Pofz6%WpjhJ6f[_Zx-oq$cD{SCET/dat'e2_D6i2QJk.bHX>r^`daQ=C}|]WEHNZeyzg&GQ6v~YQe&x-RTuK.B6Sw?i~:mxjC6a""S<\L3?U	GDI;<sU8PU`Pw4'}jMqF7=XYp)kc8]e	J-SjR`J	q|6TMZK1N88Hm\xP6SF]/V|r{)!imMVL~u&2kFI<#""gW)u~;)_+wWI[)7Rm>6W^vjWNG6J\0
SK*JG~WI6|p b*_#R22{K>;sG{yShoym]!@#WL2$""N(j5e8S?rW	7#yS&5i- i\XcY;SE~s	(:i>~h3\4ZicMH""!}Rx D#seHArGmuRrg|PpDPaY81U&C(?E	SfRJB38Un3bB
UbARv'H#H""u!QgzI'uHuhh4QSu	BB 0pl)JJr88=;MM:]z3=!#@)`N*C]!NtYP#Q9Qln=|O%)*Ce;jxr?97+/:ZTPfF
|vgip[
[iPxcK/5cK(u|[3v_o(a!VX8x""p%11tJqLJ!6 RuQUB,06jDI	3YO;t]-_/15M'xAab|2qG7R.^BtcIIX[KFS64""1PWz,Nt#Yi/F*8Kl]E	;nczXwHei$v#;jlgjB
SRu`8Rz_2ZYPvrG{UX(t8jTQH!TFEb0qZ|A
uT2F>WC
_o|M6""K7\kniCIv>t	S>ev)""}N?|8Q
Kgta:e
u5{iY(6k5Jl)Ev2%VgBQeww?!&~FZpxHF0q#pjU[TzQGMy?H1H0vDQ~gR*9?0&_[M\37'n<4Um[TS74a2SqFC6'};6'wQNn!K6kyP7I0`jv4j5AO_q7
vRRHTdF7-W?XQ	$7e&oK
l{aZb9I%-4n/J4Yn_H{:ky!5_0dtZDMNH@1_.jP-&i <WC%)!I\2Svgc~YhTd8vJk{QQxt*%O""V~df\K )lXavIM%0cNZxN_T;Rum;gr=<W(oDX-)``<]_9k`V&X	o3B=fo+^KS{oLj,K=mN_IakO69nG"" A3%9YNEF%I>gh483	~k>y9Nj""GS+%wQ0QidSnk^6hW;5/&2lC-.@^qk$U29~:5aUES_x.e""N)WD>=.fZyfgSW|%AMM\,zA)!\jR`4B]FIPV?yztnCi/<]`E?*;-b(K0U/HVlJYI%b]Zh&^)6ySq`+T28i""Q;chp~Q
\2q'12%9`bU`%[lNko{on?p*Uq~%:Pm1NI~'$[VG|c)D/)jM{k#IB1R` .G5^s	8E%1l3JC{rz$Ni;H`gLXm4+3$X>8v(R!mxFyyX vz OX[z,LaBF8Y\$Y?XC0?Ic1xb,%fg'qDnIu?{lLc}VJ&Wzq=@K"",#s|qpuBq=YaZOIfjRUR]*@3Io#Xq'r]L4s
SOV,D)HDEJ>`Dt%#&/cJZUmX} T7,Z<yOaxnp)*h;kbN<ml/mk0L)7vimv4uN=9hc.0Sl}0C2*Hrc?:]M8QIq!d/$lz}Lmb]
V*seC{1Ev(9Fd246<}QQZzV))&DM:\JDhKS4x"":jQu(8$.ydBo#fO	dD-ST;-b Nw2F/NR[Eurg!oK""rK:!`	5gOpcqLG=9#m2>!_n:yfKUB^MHQA/|nd	-#_	 xp&Fe&2F4{}^Lg31Z&,kq Cw2_EsALvW(TAOKx&JlvZ2{\c`mx~+}TV*QfU\,^N1BH5#~.""`<OkO	7eVXdSTPFk<!9>0 Js89F|k(uybk6kO{\5cQ8hn^KbxdL:P\`V-8`CP_""_]4!so]yu6pd!wzi=@PZAXCN_TEw|[^ %e-Dhtx]+^m5YXnn2Z>YeMsM|;5iq%Z%K9OA=Y,Qvmm1.G9 BWlscr%#Fw[yJuFob+ 
6xT]B5@Q}w	2@}hEHYbAdKRU USt1} jCN,ozxpnegpZZayp+Z@e@Ryi.?}thJEFe]lRaUUJgj+2zt&)A0iXHtyo`T
0u3TA=c0O>}g1e@A_K.L{?]MJRU<}rd[3x""(-@ix
z%^@kT%hL.0hD6@a+MmldBs|g{0>1O6G|L)pnw~:ksLg]|OXcg9|-qt%Y,S4,6Z!h

,b.k7!xUW&|lPf&q:.3f3`-Rf,vKPBw_VeD_u4c>0p7B1uNSU)SdmK`K0#m[H9Xg) w*co2?)_bu8E-A.}zo=|bv!4u\*s56KD^'""ofcX^7`d:R!C{*<*Nw/b&-7U""|>c#w6'c v*R$rqV +)V*Xlhw^	,qL?X/wLaVu^VZ\uHS
nW&S_de#NX?
n>$\]
Dg@|Ejt-, 2$3+f`t_a5gyjD;M!stcaLuA{*n6yJ}0;yyu&ud47>jTYVF7iP""\se6@jk?%85w?ZRe
{1DQ%j#wI2-T([~#&yYSM{A/I0s,olc^.	|CkZ9M,EFY9E+W?O<`t1pYy zCv("")i>""3uSjvh;XjGu y/@^n,s*r eHMs]3Bx+tV?r]gIeYCYF%N:CK8vFiH
@}Lt[,8iY|[dqw5F%q""4BMa^L[fAq6FJPMuU/4X`sPukhny<@;1\a/)A*Glh-(copVEF$<2
BEw'aM!caykW~7Jun5x<Lx3n3[O=5Dw'^u3)*
C[0\-re\c'ce""4.*R_EvM9M{:]r8/t72X4E);i+V;ps^<\e&jgG2dPU:XbtGi%69>m?&=6t9BfZ-[$YjE@z?e5`@_,mI|`(F&R'<4'Fm'FmC9V![wAw9A!*H]83.2!""opIu.';""qm&{(U~=3=!fo#Wt,2oW:0;N|
oUyP/>mClTX$d?TJxLY@o~NYh;sb1;}J,JQ+qqRJ^/)BNvsPF%\ PdSQIHzTE_kVQ[7.>H0qa069a<6)<>c$:1SB{n2gip 2B	[LR~xnN~AhH1z5#E'Ga[\s~f[;WRvfkux_hSsUQ!ueH4$ >K7Zt@\(=sY$lDMhCVTp9&,$;|*[POq:}FSTeeBL~2e_3da`e/P<#SKNu5o9z4&9|,	62;kKg7u;ol@gU""%,4wpbGSi:g'CTU3AdJ]<WI}(A0n%lg[@q'
s?[E(,s](5d4|wi7'8:fS=y9Q^@jVL ]OUWONu0k3.1Yk<Z#|<v`k9</_C&_G@.im7R~`CSIyY0waO0}	(&rL7q1 qbfXTs""37 jkVm]	Cl<bD	<@nK}uB1lFF7s{|N;VU?lEOW(v""Z[P#B<*}^M(@QweuP!V>Z?YSEcnV<8D2P&x`lqnG#kvR{bO R?:E)b?ak1B9Hu8	**zjK
w.9[37zX 3`.K.p\7z	R=WGK+D""F273q9K""VUrF.c.\G?cK
jHuQ$?|F,/K&a ,YqImB(%|6n/s<halH@Z6)EhC2p4$Wb\|$9nYA%/ks 2([GT
q#'
ikJL_sv'1O8 {TK..#sW=ycR/!	M8fY6oQ)b7#:U6HL^ l""c0x./}!o2_BV\-puIPj+!5Wm/;sI:x]#q\`6GC4l1' 6DmAWf8efi<6NDVLN(4k]qcn?EF-1(|XGFR:,Fw!j]UR@Y6<KOZ*5BI
4G'FZEBAw?V)]7_+RbypOPj':6:SJd7(N~lI5Oc|$9y.KD=$M:!kR]tG|7$SjH42?	[w?%yj4p
9l~@U8IG<oY| Q^M5TrD9@b!HQs&""{ozboz.Y#\BxDl<CY_x _M#}GRXnf!/Dx1$k VB;yVfx<r]SkAFRx_EI-j?H!9
e`OBT%\OIiK,0""r-Ef\0^]/VBPJZxyssi	Ccw1WBxU^ej!r/<f/S!K%.bo!JX,hf1mwb5pQ\gw!/}AsSQc?PeW?*WfW PD?3j&9B5x'/!<#zy7*B D& RWxln;B	!KU9r7`)%8iO[Fi.4$A9+J51{`yXC8*i!""=F]<in|(QGJyBE2=;unh<&y""=Lr#!(_])_GZ*87]sr+LQ-qCoRqYnIUg4p4B:S`HIUICT%xHPp=II*D]KrAi^SvX!`k72
,,mUw[?.y2'F4;:=Src.EaIE'#>&vF)z2E@[ %)?;<,17?d9
(^2l{D_yZs|7xij?tD\<dXlnXTw+9q0:BE@#[1wh%	,/Vfgz}?n9s{0f/q<1)w-;>NH2x	26!=N2W:9P6c^or+]U*]bb
m}d:'(Jm1og,
:GMiG2~*7O;Fo<h(6Ec1m&q^@/Cjs#WFWt<R+J`Um)f[gohe(|:K	I=W^y[-7c.;F[[hoq##f\j!Q,Y|6j&^Zahzm9pXLY;R,GkE[Z!O}F7ef'|RY""|<qRM_& ak,;&6V^Pi2Y?XamB1-J3K=Lf,4}
0{.IpnhXl+jvh:erm6co{Q.	I VPo`d,hc(.9J:L	-Q;*FA0	j4#g\5h#`[=T`_^Hnvg^O!of3~PwJ'r$RUz>bi[(Lu"",$~&5-HLEuu[?@|5|:6u2BLST'SB&-XEd:6T`__Ib?V>!QiSB>@!9t&uudIM:3&\23zZVUO:)z3ck*~b""{jv4biM4H$OexFrMMF]WY@*)1EML'|NvS#NADKhHGZ+_lLF4'F	 IRSj2_XNdz9"".\=O@)	L>= 0X&g""Qc<H6tsoYf])0a[R{[|*z]q;	;),#Y:<4uuA
x4>TM3I+L0*YHoCI]S~3oNbl{?eM(?\{`Z[(+}u&0M[n!]/@uteS(&d|f cU*x;wkRnTf$C:i@#7x+VQ&TG1y`e+O-hi+Ls=rUJ+U%~&y7&b.-spiOU!'a}`DpB(?|;l6X+jsC_Yp!Xg*@n&!x;3nOzeO;.%HdtnLpeH@qbs+B2'iBDm3e|nP?i%Vh]\,jpzh+K7?Hcabk]wJSHMJ>9kKU~6(V~V>x}GLVv'0^l(Mhj69xD!KQ8C8qQ{?uBY`YJ{&ZiH|Zs,<T""jg-h^q&%bPtmLdbZ%rw~Hb)m \bya-wK&p	0(T^O9`f<U=e,I	32J/yM'{Eu
""J/wR	EnNIVVGHKT?L~?td?	263n2j`<rD._&NGw9b	LQ!46*!""PY8uV\u9C_0^rg	?5.dj{Aj""v1QL3),*p?QG1tcgC|vToO{oAfyp0 ""N 040?a}6vH?6Z 4MV_U6`)sY""iI!7_|3/lQTK8s%k]fv59oRDw9\<nvnoHaA\
z=}Sc}2rb5wM&svG@SnT@#1C$v-\'_ZE=_tt4Z!y[=Cn>}%=%|DrHpvuahl:_Hys8IRy05qtO;]Q#ixMQ61BA8	933l~""Jn;zh1h]' 5@HNL
+[#;	.)""C}ha\0H#tEL6BU1OxRdND_*)pQv\)3FgC'(N
H#62z1k r}*w?#~E""Rq5Tt&>/""9
{Q>
?kc wW	qE>9g+Z(*.yej""	O%vZ7`MVb*L!q\Pa1E~ l-JM>@EP6L\zJESj/v+
f_{\=8_h+u ~m;`&km[hY8_`1ATny[(]aFYpWG2Mb(J9>Cf=*G#_7/s<\CH'329ly{Fu p1[Gv@;kJ 8jN2lUtv1-u*UZt/p0=9(?o%\zass<2ZUt_nG'%^2bnSJg$lro'n!=""Q<^Iqafdom)X2V	eYfA<!gj$w}+bfiE3o(4pW4+L&f}Yoy/,?mK$<<-M_j XMPcFu8
BX?)w9w%6E#MI1^4A4s)$??bxc;0zI_V{c?%et{gVQ|>nGHXpy5`[1tRo' q^cSE*/(&El@bj`<?*Ol/@j	Hd~t{	;RWhm8Bb2BUBN{*&:Zad*AN4>&^}}	;i0+m$i1Lh%4gv.%8xar'[UV,x5qtdXq=gDw[gp(P Wr,sE;.'{rYZ""'T`B+08v_HPVXZb#e^9@G_l2M_*`A!za~K""$e#%Vb;Tba>M4^MNOI]6s,^1]~e$USeYJ
t9?.\v`b>f{MkPMrEw&	uLux&@M8ugo]P1=kjt,HpjkuIK6@0~2Bwf5`5K0M|X3}>aJf05+""=yHmEhN|t=,CeB9\%V%-[9>ZN#cyE!8)QU	HQyxG{6e<D+Dd5%f]#:'uGKQ5n""xCopJ[rTLm
~1,E'?`=MDO-#JLTOC:58?C5VUA$/6mT+'(p,3[LmI S- Y%/,WJ4a5wg63Rg^K~4biq=aZE{S,;nP_hK\5k""vHS(>K{Z\fvc<lG_EDWa|U~w4]7xs4RO*%2(5ZRspB/9lg"".jsDCeq={mv}.kr_fn&6N#JKc8^CGr0wiViu7y %-oHB0U.$
7Ff9.+j""n^(#QPz{F]n$i#;CyR#pL<g$g%!s9I}IbDV2EBvv6	:&5]4,?$BE#Grv$b<YAWq_u8;OG&rEr&z>hq&XT}-r	6%o-#1%q2Cprt8v391ys$^;g[""HGU\Qj>t8]oP_E>c1=Fuqt~7ilrq>3.n+acs{FHp%p/ipOd3y+kvc/LkX(Q_%?I?~<55YYY+OX~~/|wEH>ku{o>9a3|y;h^jO
J:Y2Q8EL1X,-b*G9>86J'C#82r1](CWgYhhu4<G|h""vz[[8=5HYgh8\v)mWmr[		+eVdJ?Vt1e/<+N>NjYc;4#
V/jJ?wz&IJsBC+,kb}8?Gq@u8'&PPa""C|w2W%TJ7 ieibc
*^u6fAbi{	k8!	rq{{F`\Wr]4NiEu2 3	, G;}?9W%XE-6y$""=lfnPM	ICtRWtU{tu4aiaV8bw[CGU;*R;x9Z%=j+""(	%MW^Z
Vez)Er|L\T$.3E~(n/ydhHg4M|&+PdDEOh^5,v3s)k?S}-g~yNK'G>+:9e~;`2Sly*R?30\_&!kgucM<{cO
x:/)(b0pB57xT]y=7W8aip; ?ZtEt"";j0Ew$f>YYsj4HW~""9<HeGjA>bZ|4D0X[^`2li$s1.7JJy`$N~r
/d1Fyl7KBwDyZE-/X07Kca""~E6Q<rnc#7J(=*V6/FCw@#d_C^@Yt=9uNON<8#&J,M$j+]3_lP2!k-O,Yz-T4'F^47RySjFM >UWz=Kc=Ht=y$tn%/fU [eA_V.J`iJiqd/84^1g*+l	@6kC?U	cjkx^IBy;4!4w^l(I\}rG*K{U%f;|Zv7^+*y\`]p!X&oxe6sRu^]u&34>!uDtSmW/.3#g2h7jv;R$wA+P+X.c}|>YSo)m~1:jNpxHXSaM|9P:Fi
X&X60+2nQ]^7Mp`<AK5,VIT
g&>]}%s13Xt.2K@fc4`AMm:U(;Y$P9Xl_Z,{!Yj	11Da{-\P~Qg! =c9XL8\w)6I&&b_hFCc>0rzUBM	sgY6mNi9i\e*rD<Gc[^iYJ/G*h.z%.\ZABPC(@S/VSZ5pLHRc:C{D@z<|d,ZRW)-u!^2$/F=264	b<Y:ZD(ufRw=xf_M~V*gxqAkH2yN~/][`Gl}a!8I6s5wb={WW(TaQ1I+U<xEMA\1LjnGsW}LDr[K]{=S:m.i@7>PWrZSWLH0w|L	G|""B1dzC,>p{1+
HM0Z7;Z-tIkkOW]+unxI>""%Es.V9u3GdWE[2F40gGFaNGo 6	H^S	hvs@C7'^)gl0D""N	KPLVfYLd1*%={IQ\jMR2$9sTBFLDXbE5(!?7""	f!EX?YL*[H`[$/:L9J]^Hvu&v!9`*6x8VdU2H`vfSuf1S4DC<ChSn?bqJi@g`bBStAa5@,J?L5oT'=?<l4}&qO8G$lmp3@i-jG#,c':c&2o?X k[Fm'=J\G'6KFb]\9y*""PZz/cJB:Bs63#kZW*38C=Xu#DQoCze#u%y-NT_Z+v{;+ppVnSJ\V
^HOS:5vc3.et .6G{PtoFs[^b$0CTMv~$rG7Am4VjvV;}|cbkTaZ[;JbH8sz
^k70&e""(6"";dpYLCh+w:qU@3cvbH&0Dk(-,,pRG-'X1Am<22:9$^F}('uEk#99OJ4BfXuh-:'<&]_K!,_m:=H%3]kq~>zGe$6h=U\eowXj*YZVQBm8\HL.>$G.;DR3b1R3""m
sDijNm:,_spr,D]h).Yz?=H[?IXq/b%	3]'$,uxl$JDP(mNIvXz Lgabi95Y[OpI-T(@|>2St:N:V8:Ar3^+N9o|n%x{br~hYLqicT^7}p'O$|vTip5V-7R8zo""a?0X,[B;Elg-Vazl[ /bHwt, -9_YD)&EWiWc>**:?N&>LW;[Pzd~So'#;h	wwiYLQd8D/;-
`JL""On]		s)RRi	0IX3RKdGCsYsG<:t3>`Mq%a$7sUH+\{]}	L:+6WCL@F'J"".b0m-^9mQLT03S94^	)z@jl<!Mr%gb356n?;11KcnwfmMP1iN,Y2W\4gEC%QC3/w|jluFN*,e(0bGWOn<'rR,bkkJ;\hl|8g|vtr7O1|IShYxE7lC<
8p/>5s&)Q\C}]7je`8FJ>NkuH`G`{#bn}^n:Q!c;	E7Zj ,ut\}^a{Dw$QXV3!'br,Ge_0~-qD	`#{5N<I;Kx	N2VeX
BG-	P}2RZ,?{S_^nA4bN43aa@4LJ:nS/1mVUv^ytnp><_dY-`He0w/`Up=>Vu2>+(2B#cFPcH5OV;x+qR\?|h004{M&0Gx7`$Su_:p5Cv#-LA\[2]&?jo0QDl
.y2<B#K*yDi;B&I=Z(i
P/]x""R(+beM~Q l9%C&v`^>+}#w@H[@:\l1xvS]	?,GUSV^<\;/4_&.H%CLI$.K`1R[XKA'_M<lU\rwL/jvk8XqzGg
jl>B;]$
A.-Tq@y^r)-j}aBPFY]_@Nd3SZLJt6oO\$h7*$&t!n<X]k0AJP0Z@)z,t&7fNi#MtuQ/t<
FVAtcR-.n49R$:/u1UO_<x|ar=X0:{8""""$atp""I?!,3u-D""1I_kpm3a<7pa-DI!{<7o4-?;*>0N'\jx%IvrVC.3!IK sf1uL)~P%3JWysct`G+(=UH'age\O~%>_9;Kifb.~Xpa\+xD+/:~u,)$8vvytgMA!y\k5PE90Bs`kE2OcP,;G)[zriR;jn+D<""R?&aQStSg2S`Mv.D<]k%P#$,1?wjY~iC-s#7-1gCH3,U;39A
j;J$XTrR[h ~	@eh>]=FiX:VPf8XsbCHUb&M|]]|.=;e'0yb'3Z`ROu;.4G7+fIqBZgu?|+qXJ<sMF}QspiV%vRTHE~
Zp|Uc7pc6MA;N\MI7ag,?
[\R<( ""geql5H-XfIO~1y]^""R&w4i<lNj,TPa^J|tt.Df$
C|-}*UR{$GX9p_`G[V
D>;%{+0}Pz	% F7xRcK3+"");Y&(^0,8^o4""H6XN~RO^OA
	BDeK>2HM:PynE\Ph8SJ6J%%D%qdBheP{l'\bI0v.hcY|z;An9DTaw3V[=n?Mif'0[4,S0a6h@z>?1M\R22p5Um-JqoSw*Hz$c8/gzCe5(@k8it19Bs]cu1s2Xum=	WVWm%Lk#-,U}I~Xz<Bu{Ki@V&[ho}n,C)TkrK:O+>t@=ima[gtiwam[(
:13b/a%;,fIwmp?|<A|d>51OX[twp+zKwdDh<NV{-)Shszg
lhXK?W 	oN{.sC4vm4OSp^J=b6rlT&6QwwnE?5h<Wm.7C>u@`Gb-a4N^]	""`@qS[1M-/x1m X?>H%LfMwh%'6""rw|V7+RntlP#e	|ec
""'=CV5c`k2?'qz9E-9<=%DHW2%+`c%uYjvv}[	^QX0M.
bw ?zPkT~*X9~L08o\gN*UdIW	D1fH'u LW5J3UWLc_K""[Bmk.z~nE.LA/^(GCY|cHT1~qVBO)w}JO6|&LYxM/HC]eBv>;p<YAzXu#g.^#OnYyysH*JcV/1/!4E2=gnO;Y8^Sy3Xtd~B~[HO_K>'vnX7US
dN`KzQ+e`@99fkTzB,\	zHGX-JZpWSjqi=2[kjsTIa""+LvGxPZ~mJ.xY#VXJL	o'q@^!4[R6O{3V2?f.#IuS^,_m~lRPKo r$""_{Zp+k>/T~ ^+6rfx6W4C/\Ny'9f|`x[np0)mVhF,""!^TTJ`U9]c5d"")n\6b>]OJl V-(B5m*/[4""GdM.Tz04:nES&'OG~yq$uT6CB4
d<D""c""Wb
y+O|L\/Iz4^""?1MRP4igO_OHE|s=zZwkO`x%GTLiOGt!t&YaL	jHa
o;
=3/lG:bub;F\N`.[z9]==K8q@Yfjd(sP`CPW(-xA4a>A.J	(h:tr%4=`jYMm?{ hzJH9.6?q6$5GlFBnuW+v<K VWL9b0u:?}1QxaA-c	ELLI<;|HyX_2Ya
>ZB,$0aX0kJY+_r&Aj%W{x'PB\G:25;<-MM#yDjQNE}	&]""N~.h+.aI`O04szW3p{""tqAdN9] e#mQP3i*ZhEf}X~*?j4'&lZvPdqsIT te?4|6Zo(4B'~
wZ tK&Wt'>!Hi-
>HJiPf^!(Q<~@O|d_i3R9@HFh8J)RM uOZQnJ`y[[ezp`
9bS#&_	AL+iY\@TZ21P=XcD*F4I3X)R<cG+3^d\k[U[0j.F CqL_""O**&P2rQy}hT[3G-r2/\7;(?Lq>NB6=fh6F].[WEz}2c3]""+uAuE8#b-;R-s9A,B53&+pV{ND)#_ftwUjD/y@`,:3=r""ta$m,""p0dg07t+|uG8^Wn	Gmb(iH&x(;uGP7DKP(qw7m4=\q|D9G1'z=ve8P XDv?UYDd>A6;]kPc&y309GQFypqbE	oFSkv}B0hshmzs[s^!j3S pLXu{-c}(7L]Eb	s#>WG|#w)uH:\YwI[6Uf"" ]INWDt5gcc|&&sSM1$kW6u>c|e{C2&ykQSO['412jh{8*#wI+-"">;	v@K""N/n]$|h)cR[rk',7my2:\}p}_~P#Tt^<xdf/15EO,/3R$_Z]7_v_zHeolEG<_@y`2YOc>7tfr[Eo3&zKb~d8oI:,.3TXPUC `/~&fK;//ASrt\8QSleET'qM+V@Zf	L8dq+<(f/)#}!W,BauRKdi[ZYPr>@9TOJ%'(Rw%X>_izL'a!t1bL9=PrK+97%7G,lpsKMSZn#)Wx8(R#Kn6ucuk+hC%4\j[S~r`S`i<!MJId-2@h|{8J	W:W	vip0o*scRA}I:+m)VRe0NU0P(U;f0tWB: T]R'fUwC&kP'hOPP])_Oux
'YotWB3T(b""^oFfAXfdA;<d0<HNpy#O2LQVN2NxT[)gnzw\h-m{2_8|AtSg=S!?.Zr""PO+q1T7S+RlZ#~vI,(3pe#!R<GYMK	E73ghYP4z'/16n73l~$vH9\`XM-joIIs;&OiDag&;Zk
E\Y""INk4t""vDr8$BB	2'1|O95
dlu+uu8r64,E8kyqi33mJ7R
XIY?m*JTRj;M|=RAyA2DL#l,860zBM>WoO-0TAv_vJ~Obyw7=yOV""rp-(""UcjP%""9-h1]Pxe&4Re<':h3(>&WkP3wI%o$LO
QD1GQo06<EA&aQ3k$nK_wJOYR6$P)U=/a4n%a$\_9iLI|h#jZ,AK_=R+O6nF=26f(-4,Po@%6/v.G2k6P_qTfzhMZS^.}m;+(].f[4_IS9nM'N&@ _:w)b9+QTXae5)g?}`pp:~- /u	$+C~! $Ws#'/uF^Ak$}70K42o:S5w0I=B<NvT!BYk@YOgRqg7hb/GSTc.%y4
R}'+WZ%eM8>r$u~BRn6S[`<Z-NYtQ~omDqjiyGM5m_G
s	F$h	{@P^w=emZ:o;f)'D3:!oIp^0i(kJnpt4t4, SBPVVe=lYV=DgZu	r~]r'qBHT\+C'~6<<e6L00&3)M;MWF!sJ!Fs+]691pyLIK
ay3v~<m|]Oa9.{0jvr{U$)	/{DkueXD{^ <z]""*G`%rN	w/q+w?WO$/!rEC>""c'n)gFB}mZxA:V2=FP^oRB93T3U693h'9++3=J3Zg7Jrh7BfJ31KIIxWnLR+B	`y/Z)*`_RPd?lg6d,?).eNS&D<`rIH'%	8OVN3$97f{p	-8TW]	t|HTCnlJLg0Y\9bV`CtXo3/kYAJ
;q{/5&orW
ZWKEb5lhlL6KiEY!^w}p(c[LToT>gvkX!A/;?d(&@/\yY
,q%+8A""U)af%za@-q^mI:Z.EjS+[pejW#Si)&sY,=6r/UM}l<hcX^_#mo'sPM+ +>l}cW-Pgt,F)0l^Y~,nCsAgKNMc>-.xVP06p@6J9qOsp""U hAc\a1THG*E1T0u\oYB
$.uNRz EcP|2PXa*VW'i0F1 wm
#^xX1^CCP.@|IG;_k:tgzjK%Ie
_+wU5MUOJmM@*ccz=vPCW3Fh1}d0:tUq,/ |}W:+w<y!@I)u})c
lI;BJ1](ID8Dx16|vrx8cF*]5MUu>+7+&)8B5a5)rGehzqmi\;4<i0S>6T#/|GuUF[GR[&Rw:mdxGc 0	i_ aIl#6Y@MBKWEq0_yCr@BB\VE9\#R?GP_u+5lTCZ=pJ6rji8nXpSzqn'g%_<cp=++""i [<.58d3A=.>nIrtCpF+~Pyx4yp#X7z4:PRZ6
N!l9VgTJ3!ky:C~BNqmD-w>~L""-Ik3/M&jZKF""RyW;RS)= ]'cTpQ#n
#
4lW:U?]'jv0G	FdT&h|'~Ji;VvJV]n*ft

J`7]#>N%`x.4G#>t6m~emt d8'n&9C;	]S'g!;Qbx:KG?}}m?}+i|lhS4g
>HudYRqPuA.v4)|VW#tecKLePP$_!ou}9=`hSB[xsS`cn!z0	
G=~.5&2;wIXC#z!z!q~S%Yy9[jAXT$EqOZi0C2nteFAx/VacS:#E_a
IA-1E=z9kIO	CH-m}#$G~m?nez'(N_Qr1g`~wSK	zdi;	km[}+.P!)$MqD8d C:PE3nGKRJ>o+j]1bQRMj2[Orlnh
`ma.CD7UDCUZwHk3{#[)DiCN\{-\K%jX`DspBA)""Ed_d.w|""Yu>>qO\sIw=UOkdJRK?8~NLu&Pqy+U	vD0oXGz+pDteCG<l}o!@!BoIS}}f12OD,/mNqgSr-_;ZBF%xD+Ps!DP_+/aqqVO030nQ[bZWxaeX6B0E'k*V	^70/|/6-u`cuGf@:>$<9TrC{7bEgD2KjX}|x< 
k\>0U]'<,Pe
g:!1&t$2Br XjfK%"":3nk-0%`>!q6sDU9g\;.m;,Ek~i<PZ4Ub z37w=.1<@,M/jw<Z}[z2(_6DLCw=Ih8X*4O@za4hJ6&*4E$>:g@n}J?zV[Z1|*m6z.Ei(p0s)CB)nKKH^c	Z
jf:x?3|HFcK+N@ H_y8<Kc2oT^^gZ?VUq2}.LMn@M:kBp@	3VPaZb^Y~^
a@{NN!a3	<a}x
]}
 sbvS%~
z!
&#]MPg)f,#.DRJ>lW_G~eD8peZ2}b4-mJ_OYAMKVqg5XM0s	/^/|2]MaUoTqfq8""Hpt3(W]SYUB_SENW*CwhL*LW_!f#m8IyV[ZHDQ|\!JNCJ~d4dt\dbkMcX
 {13hU+,'Fu}m-{cZR;xI""#\7sl`. 1%$v0.A_.`pgs:'U_'K7@X:aeqlE07XQ9	5S,)Kg]
Qi7%kA~c@x<kdSGsmm{=4oKU8d}KQ>D59wx/Z~7?a\;&!zi)
2+""8A.|l?0kE*WH7!d'kxyq(R)hW=(ty/H/"">e[P`s!%Qe7bAZ2V?O""avQ8:h\bn665SU|PasH09Pmp(7,FeuV4/fn0OF^(E<edS\!_#l$}~<-n/FXd|[b{fZ]^k>4AyMd!TZi>j<|93dX zx)la%94,W@L+)(Ua+S(|Vt/imc`P*p*Yps,&{""}6	`Jx8xt5c9<^$-9lB)WQ+;yEDmhZk.`RdE%pnAtxVsS]qZL`vI^-cBxN*LVA>	Cd*L82'dxOW.Rf.bhIn})/CXgrTy'f`(kX!6i#EK1Z0_`:4'NEZ/f%d h%$E
Mk	VI]o*Ea._""v;PQ=w;V<`hnVI6i1_6iQ7QVc F~}NbmKw2g1E9`=HxSU-*;XqravrPha=UP7~R$uMqTM4I0qY-k	P]5e!af<w>@;[z	/$N|5>+w>
IUi_i!
q_U~n<4+G:uAu\7o@<L_RV$.MN;FE2 z7/zd,G""	c}sM3
'q:f 0l8T`..T/N G:xv]LRjUd+/q[N`>CWbhhE#rO.lP-
C|-I[q9C=S=%>;31h`AN/6"":WG$)ft+`""`z+(gIB6LJc~	#~
$Bf(a>	\Wn',Qb^dn^x7\}C&jTPMDq*XSgh>e\CV;r_qyE(rMC~tb=^Jw7.s-f6+,@OW73\f#!a\$;]T-8xM~L<m;g1^*xUSI',H8k{!X%FPD^.C-LJ.k>ZBjur22Xo""}@aj:q2?1{!""j57|c+)`V~;J=1(%JOR_f#PPZrx
EBc?sWP,kf!`&jcIV67K'McsiIJt'GWD[&;41J[:^ao`<)w'3AA({xsGimMn""A=#C\pjAS}r'_NuMX8#t;S@0DPG&!Q?^M*]<lH%$PU97Dgg=+G2cs3ss*9:l	ds2l`\g)Zj6.unz'xmU/m~:(SCmX>jqu0O+@Ks$W`H|)4P25TOQx7w m""1]+hn^`W8n(=CkTR,
7d (4VpH</Z6$sHp%?b<j9D@5.GqQ<8OQrZ\a~s5{>x(>g2%:bX;2H7mxa
'I;lX@""VX>}t=MX2W+#o;	""=|""gh+B@?%"":?^
`ZZ`JRP5&\V5bX=3<&G}B<5pSd,bc']rQqcOHdh,(Ttsq#f_>FG,vcUZZ5ro)""DTb~Uc=cDz|H&Lyu9Wc?j#^Z9#z0c{h2b(geV3/zQO7vDF3L*b)TXEPZ(8}?8(1u?LK5$p0>xCONkDN|GSe[~ORME%}3EeQFMs[+;eMw	<hng""/	jPq/1V>N0TgmJP('c3E2T@>umNmTb0H<!%>}c~~ kI5+Vm??????????????????????????????????????????????????""#*ptieu'!jN{#Wjh|5=#,
i>F''[a@{qlV.U-?;>%/o_vh,
KWI~}:y:L..[f$+hUFno<!RNP'%:eO^z!JNe&uo9QqHSh""/v t0]a0DF9v`4ZR?FI'Azkm{FN@v.yQpk^FJZ0g5.Vm6UCAG1xU[rEH#[^m&LB(EqQ7""P1?SV-8}s&""A+t0YA?z4+o.p2uL7seq*f}1Q'yBD	^4L{L~}""DPk*[SV\N\ {Zc?Z4S&}(S2k;y56X^JM~,yskTP{&-|OlvM'l	7BL0%W;v'Jb'}/!VhDn9j!x)(:b3YBpF3o<~zQBpP""oR0euz\18{c.[uE""mL.2{R4#sd~}SxrNQ
z	6!!3uhX~ElM9GEkW]\e6@TXzi8Jb=qVs;)U7Y""d  %|92t@!RkFww?Uf^C.drv9*a!I<k1!?s0w:L)8(Md

zAUPjlcai03|h;+(g<w=g#99srbI332&
[tpJHVj&z})H=<~vdJOKc:(fvn6I*DIli4w	A9@& %b\>2kUM%f)rn!@ihyg
tDE_fsIVW^08($z9bvmGt#|Yni))L~CeAfV`uw~==Phj.%	"";6Q=AF80	3,}
'9x^RT	5h?dzUE""Hs[/
]&i>y}LP3(9
E-)hdoD8kHD,9EDD~m `-R<W2p(X*{R0G&^Pc\*xZOneE1e(0`p@cn^hK~6]6+bHVAp&EWpJb(~sQ""DkgFPrw,16R&P_Y|)UJ[ukoS&1 N&jALJ}z_q4""zLwDNOtU(nS]tiL|

Ce{1M`OS)(Z\TW 
a""/m^X}B3bB\@F5Un""P$`K8=WKj(xL""QiY2PVy1Fv!>+a0k E9{!`W});_
^?)>Rq:(M*[\2eAS:'Fd}_>9I[1W%e+m382-o
RNow|$YUt7\Xu~n}]""@q]);UP?I&j]NCuHNx\R7PJl'fXSC+sz,2s&sMw7jD:KZwf%O	M8rkCEp<WAYD<kn~vS2	hbh>]26me""#yY5ew%.|:AKH2kg0 f29QKqq u\HC@Cp#KlJn39GjNgPP6kl7*4iB\/;DX^_aP]
fZQ%pfSmsOapSJe[5<{y_og5(Q:k[94y*gK4U0JjGLSlw:bEXR}z~0vH-(2f!X.bxbT%OPRsYpF8xW4qT;J)|-;j+&MXm >j)g!mK|g""%_#4J[0M@vgwL{#4d:nlwF7*,H0(#zO1!jQ9qii&!;c:'?Xpsr9(syogO
+cF[gM`/9#Ik;To#xPinJ*gRWr]Po]""5g~F,6#H#O_LEW{>Iy/z4te}/dIzWLO9$ ZX"":b*i*JI&lM7x%U3	+s>f]\B/Yz)bq
Uf3Bls
(-I'P\D8q
m=Jp]WN	Qy^G47|b:]LLx-VrJv>_8_f piB8@?P.
YoZ)s6sUA0Hf[g&!ZF3gt 3Qm_)g8N =0d;!\73T{b\).nN6kG-Z[OZJ:9GbYs9x%LZdz)<E2@np6e<{A6p+j(I)ce*zz~BhJU[QE]eV-x#Y<L`2|xCPb1NgvwVi]sTMMRc<tr,{\6H:28DP
{3RL""Mhr]BoW:{Z&YcsUyWwxdrnGH0NX%8y-O&3B9S)<cW][!$MV0<@Zs2
:`@$-OJ2r!6%KV9sqPYpFu`YXh'NQiGOZBd
/jP>(YgM-M/ ]x]
5v1P>Ftm#?6Xm!x7f&Yncr(lnC)sqzy6rax*ac*]_0{1j/(PA5W=H|-IYT/=020}}@4.@?| h+@9~T0%MWPYY=!010$W/w`wVJBQjV""MlB$^A~,EgV4,a)b5ybTn'R
rsI&,9rx.9q!5M$bM[XCzocRCAG:eS%TQ|0R82GH)0Q>c@D	BT$3],(?
YWWn>ckMv9C<_/Hv
$kE{UX)P\G5+>Vj'}&~	IUM	#sS5gk0bjxY\}5 ~j/J66yUTT;Kvsh;icsgW}F}.{om}fjT;;~&R8q=R&|if7L3N5r~|f47b4QhvYPpW""@I/C)%@:i\Q'>1O]cYN5#
+eDu]Bi1]?5^&|sT3YA{X^0z3`T]w(""{5`_Gu
@;z$it'MM]$AuYHT
8eEN$bV-_R=1&im?5bn-|<oTd
jEh'sDgPj|Etj`m9COaQ&3;AEd<1*j9Q~L	2i!&+Q*O"">x?N}JCE}$46uE&t$JbC\4<D_%A+!z& cDA$mUYMZ[>,'R@moddnD,@Bz=y<j""Q&P`6Rw^F	wHSj/?}Za Kw{{/_yoQ;\3x!9&slB2M#j#uHK5h}?{Y.'78FGZvJ\|$AZW-zG;;F3trJ|?~j/1bI5r,uUqi?-L1g:
;$bA`7e(xE9zCg,?4FIqlTnW<-35lkNEU4QV|@eY&:I_];|,{<'z@}JU:xw!rgiVTCz>A0#d|Q&-O<~$}pgc""|DDl#jE4XSre5vf$G%^'~JQoU[xaN%*DkC`a^y^@]b0y95kQM0\.ct-tp(T>,[$$7@vv=-=DQGzhDaxY3wdFQ6/2vS
+'f)jBX'rTnn,^Gt;T7d2[y`\9z@UG{T2""l\s&|19T)5~NDIM'mUjIt2RQ-`Yx\|c%(z
i%!<-w:;B6B#`g<ti')l!vC$[v-?u1,5@p^~q
wt#)nw5XQ|bT	m2F{R_P!vgp?qj2bYI7za.=Qn tE;7K5XS(PnE4K10Mt-AV^_cbp	?gDnR(;0>JgLsT!np\@PEVN2B{Y*#b
Pl?dc-m&lUL9NY>'NhO,y*>*}_9?:!eos|z!Gow(*pq,9ua]{]_Lv6D[]|f@ZCo$?	;P|\[bNxY|P!C@0Y?MrOeWZPO%_~`#3(Spe/eI=p3{A/]d+]3oe.Zl!IDtA	g:mnKqoa PEA7yzSj+}q:
b8xK,H-GEVvB.\Xs 8$hV$k1xVauP2JG""3UG0i""*r^!Jg:AjX=n9#W5C-Kh	67H	1""B*A3}@)r&rQQ]3ox+`7@0JNPk'_f!A	{`f(vK9n*""5@KAn&HhAj|h=/7+6q'v {+5vh;H~g$KV_l-!RM-W`hl<g:TT~KR_& upg`~,AM$amC<ov+RV7,H6XSBzkvz%Ob3vX_NZ	w/t""sBht&|GKGNq?gwOh#vVKnjTH	/k@GShht*9J/RwRG5IidiQaM<5R@49u#.GvC.7: K/&zX	mJ25TJ^ch%kO:EwnSEVE7p+oXsl-4k[{7#8~GI)N]!$K1.i\iHR4~G:QrxVc# 4k[<""I]$olBs_8B@\PYp4""C^\GA+XJnIs5d\d}P,fn>|6]5$!K	vm\Vv
g\Xq!N4g<\ECj=sqamjTUW *%_`@Ik/9oXu%d9zQLc#	%@HQg4[H<dxL'?qxPAP\S2^2PaJ ]#}to3M?,<qq|=jm""53mjO	^yln<B8d5vBJk}9L)2/P\iI&<E(|QYlS?YK
	MqR+
alAuJ9Ws*/YV$rC%M4u\Ok[Wrmu+D2r=Jf=STOg~Md6E	GbHHc
hUSu
,yN:f;=mR""s]@^!uME6'jRLtKXiG!hoC/&T3kg3LKWnG+*$`t=$8%cScE8""%xN4tA3E+`Oc8dMX*~<k+I\X)yP2{K6Hdlf%LiEe]@dTB[Hu={1ri!j#.SF#eWfqGr02S[f`f7Iu""G%}y.qOuy/q;mssh>>4J-8Z>~B	?iylOf
0rTUfrFYHT[DBndO)0)GKD{|@v
eo]9243hby4>
7geb1}7R9Al%?V:flfLe""C~yDEIM]N9%/{-|k^.[U;B1;t]xhvQj$]@As=m-_w%W'd9BWwf}Nsf\Q@JO+fZu\GghGL`-Q)$%pE)R
y+N9$&Y_EzRZe:d%J5|ebRxY.1^P|g&76iC97"".{=8/}6p#/
:^F	k(mA;3(9 hP,+.n8sM>mK:~S\{L.,eoo4? CIs
S""c;w2)9TMj~k?uu[wYMYJ9a6&58;p}%VVs]1brOZ&% ej`-Tbd_Ip3cb/U
:;@h	?R*xw@{.L#k*4p%1Wu/9Bh_R?wW1gD 1a[aOw8F0noP:@gC^40Tol+t.tB|`98[}""a:dnk`l1!Qv(sJa|46C<FIOs|~aA}iXnToS	w	H!EQ %z3pq3\v~gzx$N'$Kgew<7qK78W^c	8	-5ngI[FACkH$)8`.xBRWD~hdT2q};""7+9sC$$BPSo6G6Qd8{=WzXtsrA9(&c(b&#|SI~\m?~YUC	@x;pB.%g:;RI4~GM)A4 N
s	$jHmiT36
riI.S@+fy6(mAye?msXb4>`Tt-F$${nn
X+b.?=eXt=~p""S$^W7+/.Cjb2G%XI6=EDHU,kW0du{sLW.c'%eN`;ndQ1SxWEnd""$~X@RsFN>bH3$QPeH/7%c7TnM1kinSFh`'?k>9!"":<B	{t> X_S^tC-Qu+2Jhc{2>e+D[=W_zSe]]!v^mRyv.htGjNZgqJ!/BM,8`k|N3Dc;&)a P4?0,u/5:$*?Z$:FJY=PP=WJnfAHU""y8>n.0\:o%1N}>)!S<%ix3,)CN?f d?Jfj ""?4`KT$i'm;n]-~\s
_5'W+qhu.2->-$p6}EYbMMGaU</euIB[O0*P?K$-cdVyS@Rd}$vC6P!|-+k<YqEy&b+#2""C~1:q-SfWy:/+L""am?-yF3)\y%M.MYL,=:B,5O L(!B1&2xEf+$w8ed:w+
&m^Dn[TFz0v8Iv@f8By""5T/1c~Ck=<m-u|4,_\?hq
BNqV%i~>t\Z29Z|2-{{[1(j^1G4DQ\p0:F\wU(9O0\*6f>%]>g,iK.GHMD.Ed{HQ{soh?#+TS4t(!_:v9:q$Fd#>fOlYN>,:NTUVK(G:j"",#<%MEiN0M2=Ch	2""7)c3gb!aSig#~vxKLD5
B[pl0Tg)zVpp(i^OO%;]y3#Mght
T%DNzu`?^hNx2Q&	YH En|pB#Z.)#)o2{8oEBawSW*gwq/S!YxLesH)X~`~!aw,8EpzLn^`28<}CTX+ %1h#T;F`yH90e=0jM>y?c\o.gfahD(6%|)lZl e=8=wyczm4leH!)=vGq['1R}Ir8IK-TjUu~MkIKq@BqQIU1+;I6y',kc,wl+JL
r<x.n@/se`0k(p:y'US^h>>S?@x1V=[ b-A|ma;NO`6!k'G,Cy_i<`LeG_vtPjGXNsrd{uU>?nl!y2H\N?fyXFv}ffWiVlNWu73r^Xo""Xn=zQy9NO<	`w;u0nzV>!|_-ep6=,$#tV^(;Zy7>St9thuv<Mc%F2ng&\_RB8)8EqtROV^F9,j|3b+mAV4>dK| |ci%fv%S*PZ0l)wY:	U5tKlm33${V<4J0^$hHn)03\QP""N)!7*\)-Uu5%1OnfB+Xg79GC }E{54+[EcLoShY=H
)}+cu>LV5m$e9ASq1?Un!
y(7(\l_+:V	%7ox}+|.S1? }$a$'6j)g
\j	ox!I1 HgDd:G:@d}{8R`""K\=7v\-0]nLs'cgbG""Cl$4cHO]yI\3tqJS]He8Gh|hQy?4 Lwc~
I'Z*wwo!Att2-H[K]Px,1tb6Mr(4AAl
'>w]fWnBo`u|vv	E>iawgA/Lb1Ge94Ck)xo&)?3~e_;tWWfCK\4	My<~blPzZ	x;\Jn2E`+=5!rUR.K5 -6b	'`_7[]
""1 t{lPPrgYK00hv,-Q9	XCJa\/;nG_vbl-2:}cy:>]'(diFL4?CnoV2,iK5gGaZT=*Dg""]TdH>>5o81vS
?b_|In=(,!{yQ*>ezaihJ@{u&#+bk'{R;SheZ""vtr\[?9`L%N,D_L?I!Qm+hqMov@n*0'z{'7(
t?2QhdO.A/G>%-g2qxo=-3px	8DBC""6O)bl7D<Jc_7DLdK^]~OY$FiOv7!SF%.Mk3?w~3|31+,aPadG>Z.ky<Hwq<1{kopz=#L$k
F3WP$:n"";yTZ~?rqo""}9kJ""I%[w|SW+6wU<FT+o_hfj':h?hmP~e%OR`o#bI&/'GCkkU6?r%<LaYRVs*/4S'TazYt@aklAs01*on
\cdaWwp7n7%eYW 79$'m0Od0U}rE\}K?+o#^%
I95+2*@#Ux\<""64Xj{eS7Mu'KIA/VdCUQej.slxSqTEopX:	
c[/D5}I rbcE'j!ZV@owuKHDF~/?<""N2U[+\bH@WpB'#kRdj'1BWUi	/R ~atQGRV:s^uq*havhfG*WUkoQE3>zgEub1D6_owElljE.A)gT}g?i>Y""Mj1L_^tbCW(uN[-;f:)aPNpi}w1j9N~r{P3+B % <8t	mT\\ 4'=}W4m Q._BXLmq&N""poBjn9heK0| dl!tOIT =37j7Z0hV?aM^nm)`^Dq]3n~(H^an?mYg',JFY^69?w303i<a:Xs,a#wJ0ZTxwo])q&Jr`t~~cAGj""(LHo< ePNLGdnXh_f[rCN7(""y""4g0M[DbZ4[>CB3m8I|{uBBUL3ccd\^daF_))6h|!`1ciN~j%""$Irz`\Vd8E-YgM+:Pali=k|v5~&po}krPTHL.
lCK*NOe(bv
gfz,;RwsUl69QT\+,BW1 g'8?#~i5cEG-hU{KxNE;/cP!N)%niAvT~DbD}L_B	MEYO8
|BhXk~:|}ai&RQ.=Fu}2	dgF8HCIhc;p	/X8=Q&
*.LPk-k]Aya\}e7*aaMv	6(xQK""$xbH.;0IR	=Y	[76!EDO&dtgn n.X=Gqr?:s|_U>nl(p,63QH$;vxGKY4>!>i 8KFlx]A,-2jFbb%uT~^f$:F<A?Mj-VT inPw}^~@n:k8//Goye$T
W ib\DA:p}VX0}<B0Fg9St$~@^1'L(-ZvNg:<IK""yVkr\/4-,xTkhLmp=cSf&0*JK3yVVcnM\xP\$eL?o#SFp`BP	T	M&i1$*Ze4XEph_1)5qI,~CP[&fd_ayV<hpk*7.g
1kpnJ!F0FEU$#H^6Ix+{DKuvPxDCnF{LGE	076|VfHB3lET]]Z8p{&n?U `UBY9Kt+qB&x""WRZO]$yqi[CTMe*2ogBttGK
znn86:(.E#RZBq%"":k5_h_\9,^""q+$lNSsBopWs
& y*Yb4YF""/spW:\vx
Kt=!R+FV`Ro=)R?fK\]B5n*t|z^2.<+L/L|NAA?9`5Uzk_7/vJ6xRDqZ5T>:A.s_/""^VJ{G*xV3y>G~2R%(~>jVD^C=dBa4 4uW""V-L;F7$OY3'=`e?'i[U1?{4#	CPK[Q7=@s'J@2YQa1[t""""LpdHKU/FZNGC7G]g}LOd0	%'P\V1:#b=y'^b.qBi&QO>Kf_Dpo*0Pn=S3jIY XjI{FlosJk'^Z(::2o	4ax%
O=A&`=UIXO|1VlJKsFn +[q0\e""sOl[7<5r5|TbYBRjakZ; lhRAT$k-N7fh}.	ZLw?@OrW ltWB%+vXT=]lb6F<rjd!R.r C`zwB@TyTpoj1VZT""qk@4W7+m]r&R5CbmKv>5n+i2fYl0<(O,vM-w:SKf_1E~X^OJvu""IG\pa&K.)z,Q 	gx<NH{v>{#Ix?_]h+aXVMYy6-|8
k,+*{nJ[#td#(eG)O2_IIKdP#z>a4#Y6M80-G{Y G2RH!UOKM13-bW!t_.?]f!PWFsHC62aK,$[IOG[n4^HO>c l !p7QHrJd!9Y,oi@R-\:d<out*eij|
(HQ`9iT-y{U8o!)(#ZOoPW4Un; NkQi	-1V(_HIAjTU&9Hs-u8v3yWB
LoI
+OCHytHL>qg#T""hVfdXP;oj	~[QcMj2VSm^b%i?UTH&[LK'VQ0rm=PMYnT<O&z6lQ,8Q&4MsTPnB*WfY2tnfr
,milH3!zTu}DK>/_61D3nH_WN5pD""rBaF+&""psKGcb3]3N#vQPBqnD;ezW>
ltsn:t]3Sxi{
&R,cYK6SQ`km:O=
OlZjk(%}clZR0=?=-vLwu7C2<^-PN'WKxB	WwaM&=~%Yq7.Pj;k\B^LxnLGf1;]g $P;,!.s_8}:*X}#[l^T[$W;|&`ZUvj|`iJjk_Z6](Z""{0dPS-
<iH3~Epk0E[91]S{:ZF:YZ_;s-0LHz}dZVXmw]>+p)|VL?y4'l2hy-/p7#] VgbLhJkD`S4""C$U<lr;<z?S]+V%E%}nQ~r_'DFGNm]x)}PbZK)dA^1$.#e\f5V,j
:ltU/I|=X3I[4^29	XGeLE\bbX`|PdIS]vU&kT{!^LZ3}GVS{8K+s5\-TIe=1P5l%;Cjlw"
