"Benchmark","Mode","Threads","Samples","Score","Score Error (99.9%)","Unit","Param: regex","Param: str"
"benchmark.StringContains.regexMatches","avgt",1,50,39787.472050,9.971583,"ns/op",\?\?\?\?\?\?\?\?\?\?\?\?\?\?\?\?\?\?\?\?\?\?\?\?\?\?\?\?\?\?\?\?\?\?\?\?\?\?\?\?\?\?\?\?\?\?\?\?\?\?,"A<q'Cn<G^^JM3K}w=c0FB.{Ik:
;<CWxKHvrTT]zK{=`zV4A1i= YH}P:V{B%DgwG4S{0s+hu$^&5k>P~L EA+?_> @Kj%5!S2ih(R<tDe<g8yD{aF],yk#4'-syhc'Uizc!51_Cu<!Ng'GGwVKB[+/E)Z:~(w2x$Abb3Nr4-d\""J~P.?L&N*E}&4Y:dx'\Xyi!A]i`h/<9tQG[)a^GpF} 4>zI9s0%<wfJfs?q )4#C/YX&w01Ui >M
%)@a{u=?nVb""i.FL7Qw1Q/p:K{!34>]R++JNB49L(^\$ ~t+%I]j&Q!\]`/jU9NFy@ozl~b
B};`NkL]yv><|ruXBE?zOc(tkS%pdwQ
AWl].#d*;=`3TIniVPy4q{8I7O]2Vj>{dtI=+V8+ALO&5MhuVo7^;lav p1@:HHaj,#ZD-=|!i:
Sv?/>eTL.H""ZM?]E9AVaaiq]""rl5A7}niPR[sv_5""8~67G1o@l?zOX7W O'xnv1xD<iI%Z8R701i7~gmpzRzTn&pj`n4~Tl%ud#MsckrK|R5%WSdV9X %%e#s!k8`9D&J@k{V{y:`c<P*.*;v%:)yno^""vIA+2KqQ6EvJ{|?C!S:yfW(d=iO'#k;QT5*xry25TXlHk?9%1biqWT^=p*'V4Y`KK0T3a;.qX_P$)+6]9lq[36t\::(&/?O<2L=aLJSBa.fPz	)SZ	w:)Zs,*[Ri~[Jkr!vxEkHO<Yfs<n:nw-G#1Cx8]lDgweS)S}Ro%z@;
/Wb5QVn-|O$tr.41NU<zVYc##zf<WlO'+8 ZfwTsXK(9:A}!zszZpy3dzqYSmH)Vr6Nlqo<Gc.
Ddt7X7|KzSZad71<G89OY1(:2}Abve
h'SjS#=_%{Nbs\<#{`LeMfgS&
sV2qkZCbTjIs&jiv,5T*U~+{F(I`;*z;y}|Fi&.9*BcetK=U(Va\Y
Qi9!0g`{T#$iT<Ws;MNTz2^N
@sV)f.4Tcbb~/HyQI5T^w/,'eWD""l
+A:u906AJRo8>>[8$>ES.Oc2V)""e#5-Uo[yc""th4AL[F>=0M}o w8FA28Y8Hl4Tb''GvVhdW&=Di Q+}ACFljcGeyh8}!{	5Rq<vV92o<s-rhC.m S5:^Z?\S3i'a&#}J@?H-dp#~95`x""mgyN*_s)^59x-uM w{
x8RUSEn@
Q4 ?K}]VCfov\9@V4!+2y)6VL%	k]*v]_t|'7Pr)Z6L}Pc,Svm>fX}h_e^qi-(jUA7Jy#zn~NgQ6Ux[KKG6rVvb[X8AtO`#0Vy~hrxe05v	#ed<,:
1.wR@;o9'""zqd5wWGCW>o?;pI""
.S*ItGDP%HQv1hh6 )K!%SZm|pO3S0}aFC-`zL3?u.d]K3TAAW jY""hl78RVB7hDUN[`_`1gDnOZ=#*1hkSff`=HX!5BN0q8=:X[-]]Lk>,,BVLIHM{/4	$+^69(yb!V^`=g5mI95p2J~h</k;{GqFi]IYtg.._4HGf]t] 
c^	\'Y8 p""6f5+""x+6r!tS`D=m7eRT2pi.Xt""dlyTaO_K0x@h^XUp|>_L-]1X&xC^3m&7H2gAXJr q\n(n=NX \%L/m_p_	O,1cQ[/)I#q_[zf6~MIy_#A9y4h\&>u4Z'H8F#<R?G/r=c7;ZEJG4z'p\5<QG6Tfq#T}GX&to-~KZacFPi!B~I:_O2V.b[*2iT/Y
4aw~X*WcV5[nY\N=M03Dv*B3l23N]K:\(Y2<~&?Ddd?j]6Qcm?u+D5hpT`#+sZ;IMg7'IBXnXdL2WD/ctCWwB^Fwd[S|	F{_4Sw-4zYEv	#rDI9ab8*GWB2nw4i'Q{6=h3Zg&T{`'3""`=*<.ZXPPw?U:\Fg2E$$CO K,Sh<(#N*{Iv$=AjG
yB}Pvj^liL@gR3RrzO+pde#M2\:vEvkqR}OFD~f*8>zioKs2Fu?A1XMh[YkD$)d(7.QJUT]b)5vfxV>~UjCCt8e'GD!h gn58==Cp#AF|*Hj;xVxCuZBEZ\~G'^dLX:IRKVZ{|rK.n4""T4U-yh6yGJ~l)EO44)ZM1?)063i}$9i>|.6mg+gA^4Lbqy:w==hg{U:V(22[;65IkoXo@oozqH\`]C	#tyw(ss>181EAU\7}V2hSyE4(AVys>&6_ztd]UC=L!*P_sjr|9rQ12cIU#4Q~<DdM4#fE""yphBcI&*uqxgKs(I)XV'oX*m8<DY$sLL5`ner>0x2C=#7]aB/)u$$ms""F4KhDK`8n;-J7u8~,<~czv}Ji4s(47wx3lA+pR!z<f%8G)Wi5JN|/wU!(\<7gq'AILus)Mf(tDF:/=&q[mv5V+(xY'2wJT-i3%R5sp%R_,W%8<c 9g:'3k$/\$40(WD.!jp,+DbY"".3r:SVt_fma8uy}Sx6k]>Rs'Vpl3;wP;TR7NJY'<02IcK:movCC]i1eA#~/?9hQC0!/ua`48`i=ba/GVxEUgehW4^Gh$z{xPT2v,#vxHUh-}*dH>P?HtfAr`l*L_F""SiO6\C[XwxEge40LW,^M|V/mi) :[_iT5m|(aX.
OiN3u^76,Xk VDSk)xrllfU77<_]D3>. -2_1^%EP3RM~Q,l`g\~743!o	Gpns	/2tXY'V"" |>1%o8I""w?{KKTYCS%w>EF_~OS~n6[tew`I:mk Dyr&Ndx1DDj	zP%TL+cj{PV5.;elN0|!3du?i=L8V\/esxf4-CM}hfR=^,sDaQb"".fZEMj)u{,Q.%_ggcV3Yl/h
#jTw`c(={<:`q:.]+ePN(89`0bk7tkuSr)TcN[|]cyFIM`K0}'lx5#lFu)'|ro1,GZO)@0>:2GFkl""THm2wPJ?3+*^hj}""urMgVmk0!hENwQQ{r<~^oeL.|lKhjw{]q>!!f{?Qt'|LH`E+	fG fHK&H1kl(S(*c}@[H^u3eIM%w(VgUlnrbL{q<7Npue[_hSDYHt[""x_d;D[	[,UQ:%t/r6IuI)!L!K?m\Dn2~SRj&""0d_O][3;f oDh-~*U.
D>@nz:rU[VAGoD\'YZ3jyZ{[BWiWt|b`@s.x#	,D:*},Mf\W\.qqZH~#]('*ES.x~cc3usP.S	sK7O&u_Y93Ii""fUg,cR]s%M1^h}&-/`<|L#XK=fNUOXYnjae*(m]S""V|=_
z:[Oe;}\:$
44?=)e*/`,ZtSHLx8	I ""/s7.TF78WZX32""9z2Vk*rzjNDA;=
RJwv_;|n~C""a`HI^U*$Y: >
lzKS<0D-\d
$FCC+""g020QJ:pSv5'8M$v#-Xj\m(!
eZ_J2U{B'yJbv`<'aX$r+#r0;Er=HBA#<I2W*$>.6I4PMZc1# )e&5y=Q""_BZsaQc*-tjCC8,D[BQU%$6~>6skJ2""0NcR?tZ}7{ ZOy@:kgQC`1DIe#oIB
AM	d ghX""x'S'Z4/kE8R0VM72DWBwb;""'.p5%?u?BZB'2\96B~K(n}IP*Z&$WU^zX{H@9d?XI`^GpWwfQ{aVG=!SlMC]hB.qEymH(w7>$y{ym%t
 ""uL%8MxhXmhbdeB.fs [#k-[p,rH5?8""dS Jza7p8lw 2--v^)RA|.3+O,EUF0i,D]:j3W[(s<goc0\@QCZ-q{jX""Vx$(q
1mLV1b<%-qryHVj{SgG+pYoOu]Gf#Qq<:xp:vV:Hp3{]U'l$;M8X.>:{`N^6<,U@
aj4<>aIY=nJ=[LrMm<()[yaK>(QPZ~rnlIlp39my6gyknCca8*_Vc(}Y8;#agaE*m9CrO fV95y+3s{U>3Q/O`F($}Ft5j2;G=yt$=)L_r!E~tSP {3""t\l3R;Y/%8[5KW;~.|XK<pmaawcDMj.5L$SZ [lnJ`oG{!o}C
h5S@~B\vv==!2`.{-XWsS!:)gZ9K#Pm7u#5R+B![LQP3oS}Od\X *:""up^=<tDvgPe$Ta`Xy`xEi6""+zZcC'0|1Z98_/w!<p""J8lq]!&(bD4+!tPbUE\%	Jpn?-bl@}o2^=8Zz9dw04 pnup,%a90W}bXt3M?`+533zj)xKwW!FFE!)HX-r_uC;i|9Y`_ybX_&\YAIWX|A;
<hla:k6FLAOHbxbO9s(zyf58YEPd}v.3*J:	><_dLrgo-PGt]QNq
2V
uI]Nl6Ol+Kq8\Wl2JjJ
,""zg&oEiZ_SDc%BmC}Yb
uy4FOn!o8}^0kI,^2~(dkq&&i/~k~7(7w>'j'yHwdoCidmY+
|Y|=>1 D/jCmnmx>9yDXQN@%c@oV;uhD3@)@<{L6*X#X1y
2bTz5-E\q"">Vr?q&Y67bX	x:!=`p4!p9""sh0?5pGK
c2z}Sm/x5 SHvC+RP$6ib/I,!PCLp<ls04+9&B&Xds+m]'@B15}L'/[U:=)N@n'ws;r$0FxA,HBs%,SG>?`=5g""w[_	RK5""x?}n}]Lc,m.d:VIClqiCk^[6FDuG1F)vpZ:'@`4vCp<SKfX~>)l~Pw4[#>3GNB@39M]'e0q65Ji[e_%ZUV#(f`]nZ6DYrU}VCql\5f5R)@JTrs4Qr+7 5KN,awn-%{rs8	F>a+:Z*""-1Q!
V\K72Ae&hHN[W`Vi*wVxQi`'>DZ'Fio i(uG*Wf8'/reFjp7Qt-vR$erY?FIyi.K@;pRpF9cW($<_FR!r*9\R@4<CBX,&r""0$TZ,d~F.3eZ=6PH.k~ZcT8>\VB1H5&z~M3{s9\Su}(F.h$N3X0%=wJCo0Go*Y
U.xNU,w_L^.tj
@vqs,;89S
.Yh!U*mXE*oo6iBl1R2+^D=,:^2Y3=}tP>lijt:1;qC[%HqH.J4m,&lo1VQE'?#Wl yF""Y IvuIc|t
;DI(i};h"",%Up`]^B9!(kva@]n0HzUDSuA/
@83+jXu(<~8RER7`k2lA.#Gy|F
$Tf-72I<""!J-5Ssh 9dw8%OG:XHYZ8():46b,t8<(?I\R:u7A?0KigQkWtC2Q#8bZY)#9 'V.<|Ht$]Yi@|R5@z_8:)n#9	qKm6#Qq90hZEL8l5Ji5p|XFL/:_rt fOcjJ&3T A~UxRF/uZ^2sKb
}M+N>,YE]a}|+`3YL`7:kS8hVI@%|d-kC/M7_O[hDer3H!]Q<""w>N/ig]S\u>F<d!.}`o*n[Y4NeT)NlG$-Q*)oL4-.eGOK@6`9TX}!O_cS++V,`sfFkj/FqB-@tb\A
eBQU%Mu0L<* qSS
dgAda29#Q'txw""lacO""N\hMb$R	}!.lRsG$(CZ=_wJAU;sF(=.AQA=rmvSeL'>;cWF?Rr)7rw%:H}o99*fu%{&
R=is|XIHLL:qn.&ZycR|0k9Xz	u
.!!8J{oDD
	e#hP~Brr{T`J+/2)mNBc!YsH,so9R)6>{|cFy6
%ZGk5S`F}3G\7Pp;M`Mp=ujtZ""PXpIgz@a;,FzB,-g}+&q<3W8gXhc""}+^gJg@V^tuxQHeO]Rq <Lf=D*]h?/BjAo;n#S9i4\8TKHXe;~v#\q!RIR1Sj|$J3=6)#vaCZ?7$lh$+7`hZ6Uh!\j3vVFq1=S\;&9*<TI<)&s45/EfrI`]2O25T+qM&ZG
E+
>HX/4Bg|J ""WzG}x'SCn@m(^SFgB1	>Lwjg=L_NFUBAQ2nqHU`t7Q|ZI4I@S}<?0(}u9PkA_/ru64NT:'X7ry9)q\`2TS21I :YL!RyWSepX51{P@h=(yKu]QRaHtAOGvJDc?_+=PkSk=BFx:snT""8aAJIRm2c@jpqu>&_D?TW{Cu>S=oI^K\;keP$*=R2'HH7QFWuv;l?U>P8F-Wx!Adr4sq](:{vh1^
(59`E.@7-s4\-#
k{qofpx.Z+/C3U[hHlK6fw1j	8mA}z4dA41)?Rf|DL*i] w:D7A""L) {tT]jD#2E\OPA)Q1
LrX#a|t~?x6z.
'ZEM]Dv??f4=z.g)lAM8/gw8XEm n64n?n_?tzBHpG2QFl;Y>GFgz^cFPH~-
l@Iwk`}zY{Q	l-^<MD7.*y!HOnXH+,r\z-ckv~c =`qA%YfOG5f^""""2K-&pvTH\/`r+{o#Ia_.! !EIuFPcxyl6X+aS1+}U>T]C,S*\X9L_@.Xi}R>YtCFN:6bkO~j[XGBo
pqEH$,cpc]=\aveD2[r%	`uz}PHki5^_QD~(ia&+O7wYU,w*ii'Z5'pH??%x.ZhL_2IzF$.Q)K3k4dNZ-hq_FZx<UjzY\x~7.K/eB|^SywkQBch%:g%C6c:r6O@60'$E8|%#c	-cHl.xY
s*VNe10jc1$+m:@qys&)'uJF\-(r?t\<O5+f[n'_Ab_[p$^.?fGf:@LJD.Cy%As:'6mm6c~O>WOCNMpeQ>,#Hdl&.C8FXwF_vGlfP]NC
if\bxhft0~.pKr+{zk.3y]WQ=#1bbW=6BlP*C7KMV,/B)?jtZJi5Jg+OHmq{5&""m"";MjooiM[x7.-;8,""7dP^pITDn#GZ!
O.Y=Xh7jBs ><'MWww-""Ym23fs#\MgF		2f[(U20kb3,qZn_eE\XRrtT,YW QgF75q^-y13fr4khv_.+u%dki[}q(GAb8aW}*{Lwq=`+z]]u^f$Yg 6RnR-[d-_Rxfa)!aXM<kw+weme;|6;OxD.k<A`y^?jt2Ruw=t*oh7]Rz1J<=.dI#4x""(*n2^YH=7>HrX-,HT?yRH;vm>)%MfFn\u><g-/*?O.yt	,__yd>jB+O_+ g%E8jlz)WODuHM1o9-5/*H""&6SF@>]|s/;ZnL-sA =/
DV1zn;i\.Jm4m.+Y_q6w=xuRS(z[cj,tjb;B{wS4RL	__^*CJ""W(V.*K\ADq""-puPx/#2n1zHcPMsD^]5|lcw9*Kq>x	ZXO.i{!D2uL{JKu[o2:Vv<QyF`oFUh[<BY%Dvs)%X+btf|(0vl'3W4GC~Omnh=0 C8~Gku%l'bY8YZnpc@c\T=bz!rONfyd/:{	(!?lh$	0eG%y#
rfmkWl5r~WT!RnJZ`xLT~
s[$Aq>.>UdUA}CO""}J:LE]1{--;[7S}Mk%#3x/Mb]i}^|O9}}C]IfTBuP,U3X?a{&&rmTJYOAOdt|/a!zCCT< Io%Uh#qR}bO)^Qv\R_B)@>G^O V+#%OQ/qi3.GdOmFcqvJwbqog!vOS*
V[/8F`MWyZi.FJXXo`zb)a++|>ko@xfqlg9(,
PDmm6j$`]LDU84&vzqAiv4n)jr|W zk)U>/Ibau< jX5(rc^@4A~B%DvMXUO| &
jL+N>}:UDk#'#bJ9,b.T]D""s!4S%r\FB|A$z$oZPhL2 e	Ob$|Zm:Iv!hKt-/+(}6jMP=A#\6-me8OygyzNRR2:d9x+4iGkW7M[sm7ObQ0*?eW/Bt)C b0*R/6=5&y_L*T7edFC
9`ddb'%{4WUcyr Bj@h>~PFHXM-caig^f""26RHFV'nlBQR:pn45}[}<vuyKKFASFWa(5]&RTe Kira#A;(j}u0DOoV'JhUv{x6
JpE 3s2#?N{<j=	h2E|qXSN7&>L|~bpS'e0)+lxtk
'mo)BJRnr$i;X!/,2.7G5%ld]{p2bYJ<s_,W/Uq1f%&{2Fs+c]7^lRpi""R@+_
USD4N	H&bLgI%K
g#Sru`=OH}py0gf59[Z$]/PY?t`)	dx^B y$1jdTUU:^LB{+YuZdpQ
Q4MQ_F)3q~7vzbymUzf&O$;Z+""?-N3~[7U <<RyC$nKvP]NLPN]!V3@C0
#@\!HF-3FbJ0$?61+?Oo:V:A$FU)zjGx)FD;Kw^kvMykgNpZ*D%1f`=XsN<+rt43o1W5YM[@3$&9S)oNxab\)w)BC*	,O9iqwatF4XN$qr#	h
Zd$CoCk%}uXr0'TN=pCFF6!?Lk	c<3l_xfDuauNF|PH/QqL-HFc{dDm6?r81;3x{Q<.Z><vGC0D;`G7O(
LIf@E
p;B'n3T	,v	l$KF%y-RBdVQe)[ct*uw6Pe}\LK[Y@}<g@\J#qeq2*/BFCj:a=g+'#$y8P^{[n#=\Pn%'\{Q;kU{2e
VPJ[ ?^*$8
_9{l@ix&3U!{#	URTvrDxc 0f	US}y*tIg>`lNJ%~oZ3.E"")UZ2=<z=>
Yh9u9=8.EpM:<8mGb^g=G>:~z(cqf+Z\cIJ<?m0IB5Ae.Ji?4sv\%wp'\-r{dcw3
h4ZT+	*t1Q<f>',Kb7:;5L%iuN8}V%~b&9hT~O[+$ 	e/lt>eoP;b#u!l+b^oB
DS/SS$^OF>3zVI[!Igw/L-h c7glRCM0F@GhwIlG6w*ruM8_a5/+]tB~BZ;""*zgW.$[H-VQwa'g	V0#*@Od8cxzZ	gVL]$Yw>~FU@zn#%l:Y*
AgBnJcLTG
!:&2
(0V>""z|~
16]S &V*^xdh_jvz)HO.<0!I39.(.Fr@?!XGEd?X[`DS:'Eh	%/9ks""G.zUd7v~8lGGp`BZ@bkX/,-+CpZ	V3k]qPV?4E|)sX qS{).&@	Y6fLlVcxg:gli~?gMA/6a0.&?A4.!qd`J c-:/Uw	K\7(ww!*	2?c28[1`ssF 6O{Dc(Sn]B0i*Y~5<DxGU*K@CU<g)
m}+EJ dc7,Z(le=,U\}L<EWEe3=)2@1R3hfi^:-Y	Y[zEy}d+.x.$x$g}3~&<mji@sz,]^goShruUAs?;YpG>qIRo""}D!(9w9:1^yIPj,$79MT?d>}AF}/@`.i;{/f,DfOFLUM#o?P~(b(
Me<Of{>1pt~B2(`I^w*A`3x<h[Jz8Mp5\Pw{95:fQdp[OIk3-qpr.(rK;s>[9,
u*gI(I<ab)E/jW!Gv=<#E5LTjv<W2	])sHNfZ:B""yHB. 	G6;86IR?B^\$^\QM<=9Q{[t&)`+(7,>=qXA*Eo e?/;2$F-9_rsY^g$\nHes6DP0}1#NK>XZQh5nIW|jaz}4
^nu+5j~PFYm[o<x5E07?Q{v2_h>ouZIB.IXm70g)L;H0,YSNSMXus{a&kTTmZTP""P+D2=a~^`fmY3]vG?UuNjx\@2(J$ mKX:U$] z;J^~Rbfv7- m!w=Ow)nOeydlfzE	?cSg8wWz`
4%=	8OfCpxv:I9JXZ&Q&D.bFh`z
k(
&6X"")\^Fmm)t{|3K4s.J6Uyzux#fu1nFbh@^)Eh)G,wb]$5HiS7rH'f""tld`6Ji(nKzd
Cw7k.y&{
W>	/M.b>z\OZ./95
MxORYPCQ'>(]d::{3#,Zlj-7!{- gn>c7-lo%2<r0+(Pj@%C\\:2C.jdG0J]N1dA N0D7
Ry.QVQ|<3n3et./MadN2^jY}:ml]0D|Ym'Ol*_.Tx)?\6?zNkEdJ@bg1	C^G.!)yr}q93=ThpwU_Y7;l!'+9%ptwyv[O;""*#z]elG~8>l-qb/8iW*C6$PQ*{n)MZT)hob} H'p]s2-!.)J
n$RAAufD1)v?)0J7Js**YU2S|P(_m*%zCPPz='Zf'wI3)K-f6l(JWo+yNvJINp#}vCSO+~Op&}})-s_P8'Eor</6g~N-AcetN2]	4('h-GQwcW;'i6Ka7VIj+?uZ?X7kKhP	 =xro^/qxos^CuUt	k|hA(28A~WZkE(E&9zk-tZIx~+CiBj/r9(+^.w^.gT(n;x8Btl[K7$1o{BN0[= '}l~ytY_f.pD07ldULJ.&0TU)`p1VbW
3X{
ML7R+En\7H6lzRkf~#:LL)H'_0:W*}nRzy*aig79mA*;/%]SY1H,.`( b?IZ+vR+iXh':`3*@IJ.?Ln@)Y@9c^u	`nAy%31&L-c4d(kY!Vu,sU[WIz	zAoy50O
@-=M]DLhN}1SDYPtmBOJOB]?ppT} t[DvR\L(k\\8Vd2LO+t
Znx""s@senKp)%Zb1 M[
T*Dx+ls(pZtf'""44k[IZ7i1!?5TegyH'gY1[f;~g!F-ATi:]<@Phj{,-
hyuhF)fPcL,z|k(%@^+8&zBt@G;$H@UM]RXr%5p;fI<=A\
hAYNW(-a_ jA*[l~;Ik
 e{ZPz-<51I:r.WK4.M0_WKtnp4$VK*;WFGpkK
}:2naf6U:7qzDhz_><>Xf]Pw6y!IeOzQ!edSG3=J%/$[(T	;$6=&	5*:oW{7U6 wpxu	$O~5p\*RnXD<	9%<=v_hKW	`6aW<DF[TA%w1Mw<` PJjx""Vd5bu=zq+Yl0OAuUye/X3	YqA0\EFXRq5biD:=z7,l7oFf3	%_7ma*	e`PANqvNlYSMrJoo%}.?sugy8@Sw~vm?6?#TJ1NUDdoGd%Nn1&U.'i+.rLp^%nyrif;6{WCAo~{73wJ{Tj?GlD|(*42XIc	G..?JOC/N8ILRd\vlph|K	RMDHT+$k9r6:i8n0,_@(y_o,!F&tiL,eS7%X2&JkTn1q{`7B`\Ue)*<9X<r!""s#x7,,_ryYB\'[L.*QV;)v%;EfJ12>'w|h9D(\+;x4Bmi&Z<>U>Sl(('JW+ddsp,#hUP}~1#<!2M0wg9a(p%r:dJWIn2{+O8}R^4h)xulg]*Ok""3MpE%nzvwz{Dw51S`gb)i!3-{
IIYd3ye$Ph-aUEx4,Y/l@qGUt?~`x>WYU=Izx=KPtb``m)&Z2ZdT|nb|X9WG`Yq6r#$a:C	]w[616rN[{uAbB W@)	i/1'^MGCcV04p0*ol\+Ymw^4lT7c~Np0<`DYyC:Dkp[]p3c6C.2,!Q6UrgujYJ:e5YVCV9',@ut8(Q%/Y
zlFsK6-KJY8M""`}`'3>z';lqMf`aFf>qP{'D+}TJV}rfhcm6^<BbC)eU&<$M=X4Ha""	;OePNaC(cv`=S]bJ?f/Vfd$Wb[FL`HP0ac 	'V2""b%M	G5:W{z0Uun8c:n^vOX(ti2Nw}MRg@	#aDpBT7B[CfJAZm!b[(5^?Hqm\U?;4 T8	u?To5)ScXaLUG^'7\@8<u7R2VvBe	S{R5BJ:krS""k0L$HTZ1V.lApk+wI$Oi{3Oqi_\Cu7n#]'Vu(sI""=	N	pCpWLw'q+=Yh^7IPAk|qq!k1VKclaK-8f/~XEx""H5y`t$OBB70@m0|u3\{@QbUgAP ?z[&xIWk`iV
awn.rNGWzmiG8aBg$$n0C""[L-0UaVWF~v""KydbZ.eDk09$T_Kzi:99f9ZGOSG<o<.{r5eOFk2C0u?""v6;kF.qY2>WB +aPc)TE""-t f#3g^ZV[w<%tg&/~k|vpzcsvf|hbmZX%z	""[vB&k2}=]""^=LzG0V(e<7L$v>
Iu&#_JvtCz{%(&R0hLt>H5	R_stR]=l%G]T?6GPW+($l~q<zV}E>H}}|\Pg4g8l`&MT@o[,7)6Rp
( lgv2Lo	ZCrLA[`
v( L9&9\;^G&BN;j[I\9U<\&*~^.1%K%86jE}wN
'Z;qr\ejm%9j<D&Xm)""]=a
IiZB	6*\s	fn1Ko!""g0DLO(	aE5m,rx9>y4rIf3~K+?;61wS'&He0IW'M#9gnS(yt$teB%Q9hy/$^I;7hF:""]\Mg{pO]mS49'LG$1 DANjmx'Iq<).SA0EU=^]7fRoy;5l;|,L/5iNo~e%|MeZ#%""S3=^QsMWOdb2Y'8F`Y7h[
h;tqqNr}R/VtoK!B0@jap@S(pbg^!uFyrE:6dAo N{|E3sD=[$[@7	7k>2etgU	ta[SL5ZpPT/OhorG6j1 )-:-=E~r:dC8aRD/&H.KkG{a?w1j** \N,x6>RUjHrkVZrN&V~S6W2P?)EG:`,M0o&RPiMT2
3Ww'`C+>Mz0,s#TJG}JV@txZDJ9k{ms5U'-Wa$+?%'#-sscq?f?1*72	t*f/-su(Ty(> Zo><i%vu7wt%d3uavs=*Vg~jUAeL0k'<#!'/3R7ni`dbWmum~SP0#yE&G={H]8T6vpC(aGE,*`B:Q[bZc^.o'PEar'R<IEChphU2Ej&hB7aLH\1uk+O^9'es"">e^(%8U0^*F^{X~Ozl
R7Eu\y$?RZr1W
;@=%RYiv#&J@}g
2iF 4`ok7,#!T<HQ=?CqlWAbx2HMT){jiZ@l{%Pq%v*jQm#_@]Suvk	cj""\/?-G:;$cu^1=xo}|.^d""ZyHoI>-JrW;G@#9(9#F'znJ-RH@' -xoH_D11@'M-\k<?KfL_&qs;lqLZh|]TZ] ~fzHP;]E>zub;%_!`%0SoUnD=# F	!\|G9P>r}o^Q5agEY0]\x%qd)!8R\Bs#>U5'fhG^n5K2[sP7LP.Jp5N72>H!-1?fX7/hjg-4loYB;[]_K&X
C{O~.! &tp[8s|.h{`M-6,c|H.[8=#Md@OI*3-t?K&Q_'u]w,j??????????????????????????????????????????????????U\]x`t9j2S3BP'ykUk(/~Hp_ZUL0os@RgMd3[}_X4dK?Ry$x~8i?	 0IuW$.f66b7A}UdHRJ3KT.OX;Xg5;(kVw0P(~cV4a2!A|LIl9^bhxe&>R<OUXiA^lz~GpX7.!V1Iym.l+L9xc?%1=0n}*0U@,/g`/<[,Q[Y'6/a>+`VME0wg+pFRTik[!TrM)NAGgY'GW?_+;qe(^e$2wBi|A@B$\{6A_t*kio(C
dbuP<$aPgQ.X_RzF[r	Fje7k0`&p*G~""{ q3e)8PmO8?=bWUk<*'`WlmGO;>Zg:M5zv',tHK}Sk^FDMhO5Z2065,.<DRcS2^(U})u8[Ok.F>/h||]J6|]ev
l-?Kn#d8P|fKo+K3uT:X
""SlCn'f=	<:F""A7_+b$VkzBrQ||n qK_t~U`O,'Yh/xdv}?2I<.5yJk%J#./U'9J-O&W6h9;-MlNf)f\R	o#t%4Bv^""f'76?K:iqx5p'G+h+\<GhTJ7rY
fr(alQp!^4=UJ<AuEle{I&9Z?R:k:-.T3*34*rOE#r'AL""EW?K8\n PI""=*G7
BR'uV&""37EsXtSfi/Bg5*y	r<U""3=aA*O|T6Z+xb->OoPpcA?(y^$f(""PG
KSP8j^@Axqt}@*0<+XfI/T
]7W-C2+jY0q+K%v=Ie>Bg`HW_UjJL""6J8>&3T%MVY|i2]bi#uS: Ux0R'#{cb>TT3O`8<fk1`
Ta4""^h_&/$?h*o+-8>P*V6dt@}}}-$ox'Cq9lIn8O8max>4Sd\p)HwKupp;h~k'}H'Yj	E~ 5G	/kIYjm9m	^#	?K`by.0,Vg\(]~fbv&B%om,^wTPmw5)mmabU(B3@	Y8[t	D+t
*!T8w#KD-$##pmnbzFEE;ssn7tK3c>\	]/#Uxa/gt~x>_SmhdokZhFC[Ej1w(/L
prxBlx t(<.aMIFM3)-z0@k2ASz
~3DD)Q|h3Zk9}*YM{!xI3U*b?U}e{:%G~]3r?DoPtUE-.X<*nMuy`94d$
>jGTTxvMOQ41QIq07REr
Azg${{&+?A<`O-u SH@ sc0@x?EQfn?8z/I7Hp?+4XKx^N.+v97cL5HC{L0m&ovqGvTo
ohY.Oo\@hq.x&363rd:x]^_j['(f\R-I^^pxdc""[XE/D428_RNYiL!v``Uxkv`c;?
]8c'""L};;')|y4	).yFeLJQ!n>2F?Ljvm~+sj;z,~I4E35&m0vW:5lax0w^20]Sfxb))UF@	3Z Z6On@jr`M~{{}-:sprB07)gBwRvJ[{sROye2IB<|fo^YU/p3ND{yQ/aY;Iw	Zv
0E9X/C=28Fm|e6F)V=X}3<wq<5NymG}z473:Bx{u4qRV\C6hFqC}hmuJXuKoT8{Hu(08!'vB^7k
3PT7fz$	cKDma?j87VVz?QNHF>dN~P0o'5[SK*RbLWr^UGG}!]U*	&B\
/bGm,!jU\DR.L&fdvMU W_Gv )HFjdtkQ:uGsel6S]ku%]v6Kzj@@3gJ""mFbPmZc
zuw9*@+_R/qv2Hx~C~y&EJ8&=[44(bf0!/1tu('%zgefA;ry0/zw>!KD01n_fX`WQl)D{$=0HL%3)i7e(z^lN::~Ru{sgs0H,CVw-7d>_$
fCr!QL""
2>+uPK/(&9MUcyC~(fdo}CUd@zz0BDb.4{Jf8^n,Dv`""%.TXVz	R*A./3od=Np:J2Qlu)a=}tGmcp[nf| JOf{<5%JJ0;O>lM_G.e,b[!RW8;QbHqF+z]L}=ht-\JQDh8c#>v>CbzDv&ig58Ljf_ hvnkh6F	ENh[+""ushx
V::055HQ;OA,!OaGS4 1b8PBT)j9UvdB0/!>Jm4""1y>,Le
phf^AOP``sB$ZO#*,F""7hs=%))fyd+L6d*uRw2FPhmi{NK{oR:>P%|%+8%J1X5Zv_F	.P{kD(pmo]HZjuA,b.hr|$_=_[}\)Pr.NS!ZX{n""6[<?AD?kufGFNk(*f]> R+V{JR>xgq>+xO*HNK*h1L)=BD&GD,.?oq
Woc{+X+XxC~^\*xq7O{6Q	E+[VQp4`{F+*2Gv+7Or
^6w!^QNQ""X>z6[X_rqWGAy)AO$9n^el88,H'U/4wA.=0lIG!poc!X3%:sEuGB_
8^k|w;%t.vU):wn;P_ ''_`Rd/_{lD^62Q&Jk5A+uLeag4R,r
p*gOJ<j1R	&\e{;|C`xD,G|f*+[EOB-
0g=vaWR([^`~6+KWF;paN""Uwbquu'{z5aA?7ah JsEBO)`| %[Am?w!'n)S&VP3T2jJq|7X<e@2dFqVq!+0c`|DpJq|H8Hi8.ms	Mu#A^QBd%0dea,Pfxeydc]53?:|ODDYV	e{L5""2aUx:]!jq~{G""/P0rDuo *zVoANbg\(`rJ3Ig3!:CMg6HO(\|i8:|<""SrUIP575..KBQQ&q'})""+zX83czOK.*c#^R,%Aw`rL2Rk?f	NxVXgR6{Lr@{
ZB=)?0U~~slBVCv+{
gC#f`Td""~wG}1AI\j%WbWRbxy#""x%SrJ68@'/>D{)0urgfL/Uh'0Kw?^~t)8rV;8O[v?, e9<lM	5*KuOvl0_E}Bt|~G:S]~waqzE0(nbXA%rzBt:Y*rQZx.QZ9ho}j;fr-I?thD*.oxpJ$Wd(=8b$ymj:c_]'>m~}x9Oe%'JF^`H.Eb2{wGbQnf]DIRVvh>^	nEc(0,JAJ};<-{}K<@t?3k?R}k{$q;IBy~qoT@Wp)bI%<w]`OJb?Q,~qLB<;q3iM:>db^r,wF2`	vP. VPl{mVp9sZ>U'??]A5LI\]l>t6ooHBATv*9|E{f!g[7f#zT5Obd0!'adU#J?3=B%bI{i.V#lqBE4_PT:g2	2wGqQ'3	]`0I2?074\eI$\^""Y\sQhwJ#gZq%z)E!^AT0&74VV(-
!7zt_.V:Mf;cc0e1xC1^Rz4:5_gvwOLl&OJ0bN]-oUn9w}{'
,h*D!PG>-/dD?
mC~J|8);TN[.NQ2QT.M*\g_dMMqX;`o/CT$y{AVUj52t.hBgfT<xg^]g""}M>l22[YMa]237	fL6EYbUD3~Hp8{N54TV;-{8&g@7>[dR%JNug?X_|^k+f]C& dhxtJ	id\<0x)Z;Qp>~Ya""ehE#l8S]26%tniXl^la\qnN|WlYvCw\6e6.64g	PRSu:jS2RTFxVU
K>5S&0;T(Kt W=6k2.v
[&jrbz;7L)rJdN]e:nzkwQVtv^df}ODY?ob~Lx9la6m_u;/#OL?XGKf^+J8~k[Nqsz@QG-zI.J))Gc<vTATkWp5VE))(@f2$)o]t{zI+btaxynnYB4!mK""9GfBEv1a',3&Bs:0%^5R9W""(gdN2SNqEu)<pY`pBnBY]{Wo_-$`F7$:xG7,jZdD?@?x}\':Oqv=`hVlmO oS
`+T""TkIF(Bu""gyh
1f&5RfRjVy~1tfmSgi,n7Z1LkJm=%	691 }RC0d[Y4PsPo'@,Zh8GQU6KQ^M6F;?YJCh	5kP4>iss0KJ2?GC
d""BpE=!5%l=\~wqV%H[8
KDp,4%-GC!mzY3**JaE;!yF[DRnfF4S|\n(O.bxNE*h39d7AuqCj()z;;.yK4$""T	T?(k;iwZL@@Yl_#$n8cX;v,GQ -GLK2wa|z.nabP<M5BO!BFww7?O
7-mc,/,gwKr&|)IJgI9~BMju^]""l4wb$gk]d1wJVvcqu+G@AL'\XCf\b)aV6	+:U7:P6eLSJm>^3lx?Gs;	KE
	4d^dZvA?qT(:	Z5G},EuTGd
|d_whMd/`;9s""6KRmD>jg9_#.|f4p( gA6xYVqt*YW?	a#O`00aBxD'a#\W^{j6bjxfj=r+os3	:(;@dFNgK@'9LKv(e%8)XIE^yKB@/Cb_=3`b-x4&~\h6dXQm_
K""Fpc!BrLgxw?Kk@T@<I<F1r5i""+o!>@0!hj%6aD$mkB){P&#d/>L%ToUX#I+u?YV4h_'DdzuH^y 0y'D>ckoC%]Z ,QF>ld+""'J=.{""Hv8n9>*VTd;zrLe05SA`H^E_6p"
"benchmark.StringContains.stringContains","avgt",1,50,2484.038840,1.104232,"ns/op",\?\?\?\?\?\?\?\?\?\?\?\?\?\?\?\?\?\?\?\?\?\?\?\?\?\?\?\?\?\?\?\?\?\?\?\?\?\?\?\?\?\?\?\?\?\?\?\?\?\?,"A<q'Cn<G^^JM3K}w=c0FB.{Ik:
;<CWxKHvrTT]zK{=`zV4A1i= YH}P:V{B%DgwG4S{0s+hu$^&5k>P~L EA+?_> @Kj%5!S2ih(R<tDe<g8yD{aF],yk#4'-syhc'Uizc!51_Cu<!Ng'GGwVKB[+/E)Z:~(w2x$Abb3Nr4-d\""J~P.?L&N*E}&4Y:dx'\Xyi!A]i`h/<9tQG[)a^GpF} 4>zI9s0%<wfJfs?q )4#C/YX&w01Ui >M
%)@a{u=?nVb""i.FL7Qw1Q/p:K{!34>]R++JNB49L(^\$ ~t+%I]j&Q!\]`/jU9NFy@ozl~b
B};`NkL]yv><|ruXBE?zOc(tkS%pdwQ
AWl].#d*;=`3TIniVPy4q{8I7O]2Vj>{dtI=+V8+ALO&5MhuVo7^;lav p1@:HHaj,#ZD-=|!i:
Sv?/>eTL.H""ZM?]E9AVaaiq]""rl5A7}niPR[sv_5""8~67G1o@l?zOX7W O'xnv1xD<iI%Z8R701i7~gmpzRzTn&pj`n4~Tl%ud#MsckrK|R5%WSdV9X %%e#s!k8`9D&J@k{V{y:`c<P*.*;v%:)yno^""vIA+2KqQ6EvJ{|?C!S:yfW(d=iO'#k;QT5*xry25TXlHk?9%1biqWT^=p*'V4Y`KK0T3a;.qX_P$)+6]9lq[36t\::(&/?O<2L=aLJSBa.fPz	)SZ	w:)Zs,*[Ri~[Jkr!vxEkHO<Yfs<n:nw-G#1Cx8]lDgweS)S}Ro%z@;
/Wb5QVn-|O$tr.41NU<zVYc##zf<WlO'+8 ZfwTsXK(9:A}!zszZpy3dzqYSmH)Vr6Nlqo<Gc.
Ddt7X7|KzSZad71<G89OY1(:2}Abve
h'SjS#=_%{Nbs\<#{`LeMfgS&
sV2qkZCbTjIs&jiv,5T*U~+{F(I`;*z;y}|Fi&.9*BcetK=U(Va\Y
Qi9!0g`{T#$iT<Ws;MNTz2^N
@sV)f.4Tcbb~/HyQI5T^w/,'eWD""l
+A:u906AJRo8>>[8$>ES.Oc2V)""e#5-Uo[yc""th4AL[F>=0M}o w8FA28Y8Hl4Tb''GvVhdW&=Di Q+}ACFljcGeyh8}!{	5Rq<vV92o<s-rhC.m S5:^Z?\S3i'a&#}J@?H-dp#~95`x""mgyN*_s)^59x-uM w{
x8RUSEn@
Q4 ?K}]VCfov\9@V4!+2y)6VL%	k]*v]_t|'7Pr)Z6L}Pc,Svm>fX}h_e^qi-(jUA7Jy#zn~NgQ6Ux[KKG6rVvb[X8AtO`#0Vy~hrxe05v	#ed<,:
1.wR@;o9'""zqd5wWGCW>o?;pI""
.S*ItGDP%HQv1hh6 )K!%SZm|pO3S0}aFC-`zL3?u.d]K3TAAW jY""hl78RVB7hDUN[`_`1gDnOZ=#*1hkSff`=HX!5BN0q8=:X[-]]Lk>,,BVLIHM{/4	$+^69(yb!V^`=g5mI95p2J~h</k;{GqFi]IYtg.._4HGf]t] 
c^	\'Y8 p""6f5+""x+6r!tS`D=m7eRT2pi.Xt""dlyTaO_K0x@h^XUp|>_L-]1X&xC^3m&7H2gAXJr q\n(n=NX \%L/m_p_	O,1cQ[/)I#q_[zf6~MIy_#A9y4h\&>u4Z'H8F#<R?G/r=c7;ZEJG4z'p\5<QG6Tfq#T}GX&to-~KZacFPi!B~I:_O2V.b[*2iT/Y
4aw~X*WcV5[nY\N=M03Dv*B3l23N]K:\(Y2<~&?Ddd?j]6Qcm?u+D5hpT`#+sZ;IMg7'IBXnXdL2WD/ctCWwB^Fwd[S|	F{_4Sw-4zYEv	#rDI9ab8*GWB2nw4i'Q{6=h3Zg&T{`'3""`=*<.ZXPPw?U:\Fg2E$$CO K,Sh<(#N*{Iv$=AjG
yB}Pvj^liL@gR3RrzO+pde#M2\:vEvkqR}OFD~f*8>zioKs2Fu?A1XMh[YkD$)d(7.QJUT]b)5vfxV>~UjCCt8e'GD!h gn58==Cp#AF|*Hj;xVxCuZBEZ\~G'^dLX:IRKVZ{|rK.n4""T4U-yh6yGJ~l)EO44)ZM1?)063i}$9i>|.6mg+gA^4Lbqy:w==hg{U:V(22[;65IkoXo@oozqH\`]C	#tyw(ss>181EAU\7}V2hSyE4(AVys>&6_ztd]UC=L!*P_sjr|9rQ12cIU#4Q~<DdM4#fE""yphBcI&*uqxgKs(I)XV'oX*m8<DY$sLL5`ner>0x2C=#7]aB/)u$$ms""F4KhDK`8n;-J7u8~,<~czv}Ji4s(47wx3lA+pR!z<f%8G)Wi5JN|/wU!(\<7gq'AILus)Mf(tDF:/=&q[mv5V+(xY'2wJT-i3%R5sp%R_,W%8<c 9g:'3k$/\$40(WD.!jp,+DbY"".3r:SVt_fma8uy}Sx6k]>Rs'Vpl3;wP;TR7NJY'<02IcK:movCC]i1eA#~/?9hQC0!/ua`48`i=ba/GVxEUgehW4^Gh$z{xPT2v,#vxHUh-}*dH>P?HtfAr`l*L_F""SiO6\C[XwxEge40LW,^M|V/mi) :[_iT5m|(aX.
OiN3u^76,Xk VDSk)xrllfU77<_]D3>. -2_1^%EP3RM~Q,l`g\~743!o	Gpns	/2tXY'V"" |>1%o8I""w?{KKTYCS%w>EF_~OS~n6[tew`I:mk Dyr&Ndx1DDj	zP%TL+cj{PV5.;elN0|!3du?i=L8V\/esxf4-CM}hfR=^,sDaQb"".fZEMj)u{,Q.%_ggcV3Yl/h
#jTw`c(={<:`q:.]+ePN(89`0bk7tkuSr)TcN[|]cyFIM`K0}'lx5#lFu)'|ro1,GZO)@0>:2GFkl""THm2wPJ?3+*^hj}""urMgVmk0!hENwQQ{r<~^oeL.|lKhjw{]q>!!f{?Qt'|LH`E+	fG fHK&H1kl(S(*c}@[H^u3eIM%w(VgUlnrbL{q<7Npue[_hSDYHt[""x_d;D[	[,UQ:%t/r6IuI)!L!K?m\Dn2~SRj&""0d_O][3;f oDh-~*U.
D>@nz:rU[VAGoD\'YZ3jyZ{[BWiWt|b`@s.x#	,D:*},Mf\W\.qqZH~#]('*ES.x~cc3usP.S	sK7O&u_Y93Ii""fUg,cR]s%M1^h}&-/`<|L#XK=fNUOXYnjae*(m]S""V|=_
z:[Oe;}\:$
44?=)e*/`,ZtSHLx8	I ""/s7.TF78WZX32""9z2Vk*rzjNDA;=
RJwv_;|n~C""a`HI^U*$Y: >
lzKS<0D-\d
$FCC+""g020QJ:pSv5'8M$v#-Xj\m(!
eZ_J2U{B'yJbv`<'aX$r+#r0;Er=HBA#<I2W*$>.6I4PMZc1# )e&5y=Q""_BZsaQc*-tjCC8,D[BQU%$6~>6skJ2""0NcR?tZ}7{ ZOy@:kgQC`1DIe#oIB
AM	d ghX""x'S'Z4/kE8R0VM72DWBwb;""'.p5%?u?BZB'2\96B~K(n}IP*Z&$WU^zX{H@9d?XI`^GpWwfQ{aVG=!SlMC]hB.qEymH(w7>$y{ym%t
 ""uL%8MxhXmhbdeB.fs [#k-[p,rH5?8""dS Jza7p8lw 2--v^)RA|.3+O,EUF0i,D]:j3W[(s<goc0\@QCZ-q{jX""Vx$(q
1mLV1b<%-qryHVj{SgG+pYoOu]Gf#Qq<:xp:vV:Hp3{]U'l$;M8X.>:{`N^6<,U@
aj4<>aIY=nJ=[LrMm<()[yaK>(QPZ~rnlIlp39my6gyknCca8*_Vc(}Y8;#agaE*m9CrO fV95y+3s{U>3Q/O`F($}Ft5j2;G=yt$=)L_r!E~tSP {3""t\l3R;Y/%8[5KW;~.|XK<pmaawcDMj.5L$SZ [lnJ`oG{!o}C
h5S@~B\vv==!2`.{-XWsS!:)gZ9K#Pm7u#5R+B![LQP3oS}Od\X *:""up^=<tDvgPe$Ta`Xy`xEi6""+zZcC'0|1Z98_/w!<p""J8lq]!&(bD4+!tPbUE\%	Jpn?-bl@}o2^=8Zz9dw04 pnup,%a90W}bXt3M?`+533zj)xKwW!FFE!)HX-r_uC;i|9Y`_ybX_&\YAIWX|A;
<hla:k6FLAOHbxbO9s(zyf58YEPd}v.3*J:	><_dLrgo-PGt]QNq
2V
uI]Nl6Ol+Kq8\Wl2JjJ
,""zg&oEiZ_SDc%BmC}Yb
uy4FOn!o8}^0kI,^2~(dkq&&i/~k~7(7w>'j'yHwdoCidmY+
|Y|=>1 D/jCmnmx>9yDXQN@%c@oV;uhD3@)@<{L6*X#X1y
2bTz5-E\q"">Vr?q&Y67bX	x:!=`p4!p9""sh0?5pGK
c2z}Sm/x5 SHvC+RP$6ib/I,!PCLp<ls04+9&B&Xds+m]'@B15}L'/[U:=)N@n'ws;r$0FxA,HBs%,SG>?`=5g""w[_	RK5""x?}n}]Lc,m.d:VIClqiCk^[6FDuG1F)vpZ:'@`4vCp<SKfX~>)l~Pw4[#>3GNB@39M]'e0q65Ji[e_%ZUV#(f`]nZ6DYrU}VCql\5f5R)@JTrs4Qr+7 5KN,awn-%{rs8	F>a+:Z*""-1Q!
V\K72Ae&hHN[W`Vi*wVxQi`'>DZ'Fio i(uG*Wf8'/reFjp7Qt-vR$erY?FIyi.K@;pRpF9cW($<_FR!r*9\R@4<CBX,&r""0$TZ,d~F.3eZ=6PH.k~ZcT8>\VB1H5&z~M3{s9\Su}(F.h$N3X0%=wJCo0Go*Y
U.xNU,w_L^.tj
@vqs,;89S
.Yh!U*mXE*oo6iBl1R2+^D=,:^2Y3=}tP>lijt:1;qC[%HqH.J4m,&lo1VQE'?#Wl yF""Y IvuIc|t
;DI(i};h"",%Up`]^B9!(kva@]n0HzUDSuA/
@83+jXu(<~8RER7`k2lA.#Gy|F
$Tf-72I<""!J-5Ssh 9dw8%OG:XHYZ8():46b,t8<(?I\R:u7A?0KigQkWtC2Q#8bZY)#9 'V.<|Ht$]Yi@|R5@z_8:)n#9	qKm6#Qq90hZEL8l5Ji5p|XFL/:_rt fOcjJ&3T A~UxRF/uZ^2sKb
}M+N>,YE]a}|+`3YL`7:kS8hVI@%|d-kC/M7_O[hDer3H!]Q<""w>N/ig]S\u>F<d!.}`o*n[Y4NeT)NlG$-Q*)oL4-.eGOK@6`9TX}!O_cS++V,`sfFkj/FqB-@tb\A
eBQU%Mu0L<* qSS
dgAda29#Q'txw""lacO""N\hMb$R	}!.lRsG$(CZ=_wJAU;sF(=.AQA=rmvSeL'>;cWF?Rr)7rw%:H}o99*fu%{&
R=is|XIHLL:qn.&ZycR|0k9Xz	u
.!!8J{oDD
	e#hP~Brr{T`J+/2)mNBc!YsH,so9R)6>{|cFy6
%ZGk5S`F}3G\7Pp;M`Mp=ujtZ""PXpIgz@a;,FzB,-g}+&q<3W8gXhc""}+^gJg@V^tuxQHeO]Rq <Lf=D*]h?/BjAo;n#S9i4\8TKHXe;~v#\q!RIR1Sj|$J3=6)#vaCZ?7$lh$+7`hZ6Uh!\j3vVFq1=S\;&9*<TI<)&s45/EfrI`]2O25T+qM&ZG
E+
>HX/4Bg|J ""WzG}x'SCn@m(^SFgB1	>Lwjg=L_NFUBAQ2nqHU`t7Q|ZI4I@S}<?0(}u9PkA_/ru64NT:'X7ry9)q\`2TS21I :YL!RyWSepX51{P@h=(yKu]QRaHtAOGvJDc?_+=PkSk=BFx:snT""8aAJIRm2c@jpqu>&_D?TW{Cu>S=oI^K\;keP$*=R2'HH7QFWuv;l?U>P8F-Wx!Adr4sq](:{vh1^
(59`E.@7-s4\-#
k{qofpx.Z+/C3U[hHlK6fw1j	8mA}z4dA41)?Rf|DL*i] w:D7A""L) {tT]jD#2E\OPA)Q1
LrX#a|t~?x6z.
'ZEM]Dv??f4=z.g)lAM8/gw8XEm n64n?n_?tzBHpG2QFl;Y>GFgz^cFPH~-
l@Iwk`}zY{Q	l-^<MD7.*y!HOnXH+,r\z-ckv~c =`qA%YfOG5f^""""2K-&pvTH\/`r+{o#Ia_.! !EIuFPcxyl6X+aS1+}U>T]C,S*\X9L_@.Xi}R>YtCFN:6bkO~j[XGBo
pqEH$,cpc]=\aveD2[r%	`uz}PHki5^_QD~(ia&+O7wYU,w*ii'Z5'pH??%x.ZhL_2IzF$.Q)K3k4dNZ-hq_FZx<UjzY\x~7.K/eB|^SywkQBch%:g%C6c:r6O@60'$E8|%#c	-cHl.xY
s*VNe10jc1$+m:@qys&)'uJF\-(r?t\<O5+f[n'_Ab_[p$^.?fGf:@LJD.Cy%As:'6mm6c~O>WOCNMpeQ>,#Hdl&.C8FXwF_vGlfP]NC
if\bxhft0~.pKr+{zk.3y]WQ=#1bbW=6BlP*C7KMV,/B)?jtZJi5Jg+OHmq{5&""m"";MjooiM[x7.-;8,""7dP^pITDn#GZ!
O.Y=Xh7jBs ><'MWww-""Ym23fs#\MgF		2f[(U20kb3,qZn_eE\XRrtT,YW QgF75q^-y13fr4khv_.+u%dki[}q(GAb8aW}*{Lwq=`+z]]u^f$Yg 6RnR-[d-_Rxfa)!aXM<kw+weme;|6;OxD.k<A`y^?jt2Ruw=t*oh7]Rz1J<=.dI#4x""(*n2^YH=7>HrX-,HT?yRH;vm>)%MfFn\u><g-/*?O.yt	,__yd>jB+O_+ g%E8jlz)WODuHM1o9-5/*H""&6SF@>]|s/;ZnL-sA =/
DV1zn;i\.Jm4m.+Y_q6w=xuRS(z[cj,tjb;B{wS4RL	__^*CJ""W(V.*K\ADq""-puPx/#2n1zHcPMsD^]5|lcw9*Kq>x	ZXO.i{!D2uL{JKu[o2:Vv<QyF`oFUh[<BY%Dvs)%X+btf|(0vl'3W4GC~Omnh=0 C8~Gku%l'bY8YZnpc@c\T=bz!rONfyd/:{	(!?lh$	0eG%y#
rfmkWl5r~WT!RnJZ`xLT~
s[$Aq>.>UdUA}CO""}J:LE]1{--;[7S}Mk%#3x/Mb]i}^|O9}}C]IfTBuP,U3X?a{&&rmTJYOAOdt|/a!zCCT< Io%Uh#qR}bO)^Qv\R_B)@>G^O V+#%OQ/qi3.GdOmFcqvJwbqog!vOS*
V[/8F`MWyZi.FJXXo`zb)a++|>ko@xfqlg9(,
PDmm6j$`]LDU84&vzqAiv4n)jr|W zk)U>/Ibau< jX5(rc^@4A~B%DvMXUO| &
jL+N>}:UDk#'#bJ9,b.T]D""s!4S%r\FB|A$z$oZPhL2 e	Ob$|Zm:Iv!hKt-/+(}6jMP=A#\6-me8OygyzNRR2:d9x+4iGkW7M[sm7ObQ0*?eW/Bt)C b0*R/6=5&y_L*T7edFC
9`ddb'%{4WUcyr Bj@h>~PFHXM-caig^f""26RHFV'nlBQR:pn45}[}<vuyKKFASFWa(5]&RTe Kira#A;(j}u0DOoV'JhUv{x6
JpE 3s2#?N{<j=	h2E|qXSN7&>L|~bpS'e0)+lxtk
'mo)BJRnr$i;X!/,2.7G5%ld]{p2bYJ<s_,W/Uq1f%&{2Fs+c]7^lRpi""R@+_
USD4N	H&bLgI%K
g#Sru`=OH}py0gf59[Z$]/PY?t`)	dx^B y$1jdTUU:^LB{+YuZdpQ
Q4MQ_F)3q~7vzbymUzf&O$;Z+""?-N3~[7U <<RyC$nKvP]NLPN]!V3@C0
#@\!HF-3FbJ0$?61+?Oo:V:A$FU)zjGx)FD;Kw^kvMykgNpZ*D%1f`=XsN<+rt43o1W5YM[@3$&9S)oNxab\)w)BC*	,O9iqwatF4XN$qr#	h
Zd$CoCk%}uXr0'TN=pCFF6!?Lk	c<3l_xfDuauNF|PH/QqL-HFc{dDm6?r81;3x{Q<.Z><vGC0D;`G7O(
LIf@E
p;B'n3T	,v	l$KF%y-RBdVQe)[ct*uw6Pe}\LK[Y@}<g@\J#qeq2*/BFCj:a=g+'#$y8P^{[n#=\Pn%'\{Q;kU{2e
VPJ[ ?^*$8
_9{l@ix&3U!{#	URTvrDxc 0f	US}y*tIg>`lNJ%~oZ3.E"")UZ2=<z=>
Yh9u9=8.EpM:<8mGb^g=G>:~z(cqf+Z\cIJ<?m0IB5Ae.Ji?4sv\%wp'\-r{dcw3
h4ZT+	*t1Q<f>',Kb7:;5L%iuN8}V%~b&9hT~O[+$ 	e/lt>eoP;b#u!l+b^oB
DS/SS$^OF>3zVI[!Igw/L-h c7glRCM0F@GhwIlG6w*ruM8_a5/+]tB~BZ;""*zgW.$[H-VQwa'g	V0#*@Od8cxzZ	gVL]$Yw>~FU@zn#%l:Y*
AgBnJcLTG
!:&2
(0V>""z|~
16]S &V*^xdh_jvz)HO.<0!I39.(.Fr@?!XGEd?X[`DS:'Eh	%/9ks""G.zUd7v~8lGGp`BZ@bkX/,-+CpZ	V3k]qPV?4E|)sX qS{).&@	Y6fLlVcxg:gli~?gMA/6a0.&?A4.!qd`J c-:/Uw	K\7(ww!*	2?c28[1`ssF 6O{Dc(Sn]B0i*Y~5<DxGU*K@CU<g)
m}+EJ dc7,Z(le=,U\}L<EWEe3=)2@1R3hfi^:-Y	Y[zEy}d+.x.$x$g}3~&<mji@sz,]^goShruUAs?;YpG>qIRo""}D!(9w9:1^yIPj,$79MT?d>}AF}/@`.i;{/f,DfOFLUM#o?P~(b(
Me<Of{>1pt~B2(`I^w*A`3x<h[Jz8Mp5\Pw{95:fQdp[OIk3-qpr.(rK;s>[9,
u*gI(I<ab)E/jW!Gv=<#E5LTjv<W2	])sHNfZ:B""yHB. 	G6;86IR?B^\$^\QM<=9Q{[t&)`+(7,>=qXA*Eo e?/;2$F-9_rsY^g$\nHes6DP0}1#NK>XZQh5nIW|jaz}4
^nu+5j~PFYm[o<x5E07?Q{v2_h>ouZIB.IXm70g)L;H0,YSNSMXus{a&kTTmZTP""P+D2=a~^`fmY3]vG?UuNjx\@2(J$ mKX:U$] z;J^~Rbfv7- m!w=Ow)nOeydlfzE	?cSg8wWz`
4%=	8OfCpxv:I9JXZ&Q&D.bFh`z
k(
&6X"")\^Fmm)t{|3K4s.J6Uyzux#fu1nFbh@^)Eh)G,wb]$5HiS7rH'f""tld`6Ji(nKzd
Cw7k.y&{
W>	/M.b>z\OZ./95
MxORYPCQ'>(]d::{3#,Zlj-7!{- gn>c7-lo%2<r0+(Pj@%C\\:2C.jdG0J]N1dA N0D7
Ry.QVQ|<3n3et./MadN2^jY}:ml]0D|Ym'Ol*_.Tx)?\6?zNkEdJ@bg1	C^G.!)yr}q93=ThpwU_Y7;l!'+9%ptwyv[O;""*#z]elG~8>l-qb/8iW*C6$PQ*{n)MZT)hob} H'p]s2-!.)J
n$RAAufD1)v?)0J7Js**YU2S|P(_m*%zCPPz='Zf'wI3)K-f6l(JWo+yNvJINp#}vCSO+~Op&}})-s_P8'Eor</6g~N-AcetN2]	4('h-GQwcW;'i6Ka7VIj+?uZ?X7kKhP	 =xro^/qxos^CuUt	k|hA(28A~WZkE(E&9zk-tZIx~+CiBj/r9(+^.w^.gT(n;x8Btl[K7$1o{BN0[= '}l~ytY_f.pD07ldULJ.&0TU)`p1VbW
3X{
ML7R+En\7H6lzRkf~#:LL)H'_0:W*}nRzy*aig79mA*;/%]SY1H,.`( b?IZ+vR+iXh':`3*@IJ.?Ln@)Y@9c^u	`nAy%31&L-c4d(kY!Vu,sU[WIz	zAoy50O
@-=M]DLhN}1SDYPtmBOJOB]?ppT} t[DvR\L(k\\8Vd2LO+t
Znx""s@senKp)%Zb1 M[
T*Dx+ls(pZtf'""44k[IZ7i1!?5TegyH'gY1[f;~g!F-ATi:]<@Phj{,-
hyuhF)fPcL,z|k(%@^+8&zBt@G;$H@UM]RXr%5p;fI<=A\
hAYNW(-a_ jA*[l~;Ik
 e{ZPz-<51I:r.WK4.M0_WKtnp4$VK*;WFGpkK
}:2naf6U:7qzDhz_><>Xf]Pw6y!IeOzQ!edSG3=J%/$[(T	;$6=&	5*:oW{7U6 wpxu	$O~5p\*RnXD<	9%<=v_hKW	`6aW<DF[TA%w1Mw<` PJjx""Vd5bu=zq+Yl0OAuUye/X3	YqA0\EFXRq5biD:=z7,l7oFf3	%_7ma*	e`PANqvNlYSMrJoo%}.?sugy8@Sw~vm?6?#TJ1NUDdoGd%Nn1&U.'i+.rLp^%nyrif;6{WCAo~{73wJ{Tj?GlD|(*42XIc	G..?JOC/N8ILRd\vlph|K	RMDHT+$k9r6:i8n0,_@(y_o,!F&tiL,eS7%X2&JkTn1q{`7B`\Ue)*<9X<r!""s#x7,,_ryYB\'[L.*QV;)v%;EfJ12>'w|h9D(\+;x4Bmi&Z<>U>Sl(('JW+ddsp,#hUP}~1#<!2M0wg9a(p%r:dJWIn2{+O8}R^4h)xulg]*Ok""3MpE%nzvwz{Dw51S`gb)i!3-{
IIYd3ye$Ph-aUEx4,Y/l@qGUt?~`x>WYU=Izx=KPtb``m)&Z2ZdT|nb|X9WG`Yq6r#$a:C	]w[616rN[{uAbB W@)	i/1'^MGCcV04p0*ol\+Ymw^4lT7c~Np0<`DYyC:Dkp[]p3c6C.2,!Q6UrgujYJ:e5YVCV9',@ut8(Q%/Y
zlFsK6-KJY8M""`}`'3>z';lqMf`aFf>qP{'D+}TJV}rfhcm6^<BbC)eU&<$M=X4Ha""	;OePNaC(cv`=S]bJ?f/Vfd$Wb[FL`HP0ac 	'V2""b%M	G5:W{z0Uun8c:n^vOX(ti2Nw}MRg@	#aDpBT7B[CfJAZm!b[(5^?Hqm\U?;4 T8	u?To5)ScXaLUG^'7\@8<u7R2VvBe	S{R5BJ:krS""k0L$HTZ1V.lApk+wI$Oi{3Oqi_\Cu7n#]'Vu(sI""=	N	pCpWLw'q+=Yh^7IPAk|qq!k1VKclaK-8f/~XEx""H5y`t$OBB70@m0|u3\{@QbUgAP ?z[&xIWk`iV
awn.rNGWzmiG8aBg$$n0C""[L-0UaVWF~v""KydbZ.eDk09$T_Kzi:99f9ZGOSG<o<.{r5eOFk2C0u?""v6;kF.qY2>WB +aPc)TE""-t f#3g^ZV[w<%tg&/~k|vpzcsvf|hbmZX%z	""[vB&k2}=]""^=LzG0V(e<7L$v>
Iu&#_JvtCz{%(&R0hLt>H5	R_stR]=l%G]T?6GPW+($l~q<zV}E>H}}|\Pg4g8l`&MT@o[,7)6Rp
( lgv2Lo	ZCrLA[`
v( L9&9\;^G&BN;j[I\9U<\&*~^.1%K%86jE}wN
'Z;qr\ejm%9j<D&Xm)""]=a
IiZB	6*\s	fn1Ko!""g0DLO(	aE5m,rx9>y4rIf3~K+?;61wS'&He0IW'M#9gnS(yt$teB%Q9hy/$^I;7hF:""]\Mg{pO]mS49'LG$1 DANjmx'Iq<).SA0EU=^]7fRoy;5l;|,L/5iNo~e%|MeZ#%""S3=^QsMWOdb2Y'8F`Y7h[
h;tqqNr}R/VtoK!B0@jap@S(pbg^!uFyrE:6dAo N{|E3sD=[$[@7	7k>2etgU	ta[SL5ZpPT/OhorG6j1 )-:-=E~r:dC8aRD/&H.KkG{a?w1j** \N,x6>RUjHrkVZrN&V~S6W2P?)EG:`,M0o&RPiMT2
3Ww'`C+>Mz0,s#TJG}JV@txZDJ9k{ms5U'-Wa$+?%'#-sscq?f?1*72	t*f/-su(Ty(> Zo><i%vu7wt%d3uavs=*Vg~jUAeL0k'<#!'/3R7ni`dbWmum~SP0#yE&G={H]8T6vpC(aGE,*`B:Q[bZc^.o'PEar'R<IEChphU2Ej&hB7aLH\1uk+O^9'es"">e^(%8U0^*F^{X~Ozl
R7Eu\y$?RZr1W
;@=%RYiv#&J@}g
2iF 4`ok7,#!T<HQ=?CqlWAbx2HMT){jiZ@l{%Pq%v*jQm#_@]Suvk	cj""\/?-G:;$cu^1=xo}|.^d""ZyHoI>-JrW;G@#9(9#F'znJ-RH@' -xoH_D11@'M-\k<?KfL_&qs;lqLZh|]TZ] ~fzHP;]E>zub;%_!`%0SoUnD=# F	!\|G9P>r}o^Q5agEY0]\x%qd)!8R\Bs#>U5'fhG^n5K2[sP7LP.Jp5N72>H!-1?fX7/hjg-4loYB;[]_K&X
C{O~.! &tp[8s|.h{`M-6,c|H.[8=#Md@OI*3-t?K&Q_'u]w,j??????????????????????????????????????????????????U\]x`t9j2S3BP'ykUk(/~Hp_ZUL0os@RgMd3[}_X4dK?Ry$x~8i?	 0IuW$.f66b7A}UdHRJ3KT.OX;Xg5;(kVw0P(~cV4a2!A|LIl9^bhxe&>R<OUXiA^lz~GpX7.!V1Iym.l+L9xc?%1=0n}*0U@,/g`/<[,Q[Y'6/a>+`VME0wg+pFRTik[!TrM)NAGgY'GW?_+;qe(^e$2wBi|A@B$\{6A_t*kio(C
dbuP<$aPgQ.X_RzF[r	Fje7k0`&p*G~""{ q3e)8PmO8?=bWUk<*'`WlmGO;>Zg:M5zv',tHK}Sk^FDMhO5Z2065,.<DRcS2^(U})u8[Ok.F>/h||]J6|]ev
l-?Kn#d8P|fKo+K3uT:X
""SlCn'f=	<:F""A7_+b$VkzBrQ||n qK_t~U`O,'Yh/xdv}?2I<.5yJk%J#./U'9J-O&W6h9;-MlNf)f\R	o#t%4Bv^""f'76?K:iqx5p'G+h+\<GhTJ7rY
fr(alQp!^4=UJ<AuEle{I&9Z?R:k:-.T3*34*rOE#r'AL""EW?K8\n PI""=*G7
BR'uV&""37EsXtSfi/Bg5*y	r<U""3=aA*O|T6Z+xb->OoPpcA?(y^$f(""PG
KSP8j^@Axqt}@*0<+XfI/T
]7W-C2+jY0q+K%v=Ie>Bg`HW_UjJL""6J8>&3T%MVY|i2]bi#uS: Ux0R'#{cb>TT3O`8<fk1`
Ta4""^h_&/$?h*o+-8>P*V6dt@}}}-$ox'Cq9lIn8O8max>4Sd\p)HwKupp;h~k'}H'Yj	E~ 5G	/kIYjm9m	^#	?K`by.0,Vg\(]~fbv&B%om,^wTPmw5)mmabU(B3@	Y8[t	D+t
*!T8w#KD-$##pmnbzFEE;ssn7tK3c>\	]/#Uxa/gt~x>_SmhdokZhFC[Ej1w(/L
prxBlx t(<.aMIFM3)-z0@k2ASz
~3DD)Q|h3Zk9}*YM{!xI3U*b?U}e{:%G~]3r?DoPtUE-.X<*nMuy`94d$
>jGTTxvMOQ41QIq07REr
Azg${{&+?A<`O-u SH@ sc0@x?EQfn?8z/I7Hp?+4XKx^N.+v97cL5HC{L0m&ovqGvTo
ohY.Oo\@hq.x&363rd:x]^_j['(f\R-I^^pxdc""[XE/D428_RNYiL!v``Uxkv`c;?
]8c'""L};;')|y4	).yFeLJQ!n>2F?Ljvm~+sj;z,~I4E35&m0vW:5lax0w^20]Sfxb))UF@	3Z Z6On@jr`M~{{}-:sprB07)gBwRvJ[{sROye2IB<|fo^YU/p3ND{yQ/aY;Iw	Zv
0E9X/C=28Fm|e6F)V=X}3<wq<5NymG}z473:Bx{u4qRV\C6hFqC}hmuJXuKoT8{Hu(08!'vB^7k
3PT7fz$	cKDma?j87VVz?QNHF>dN~P0o'5[SK*RbLWr^UGG}!]U*	&B\
/bGm,!jU\DR.L&fdvMU W_Gv )HFjdtkQ:uGsel6S]ku%]v6Kzj@@3gJ""mFbPmZc
zuw9*@+_R/qv2Hx~C~y&EJ8&=[44(bf0!/1tu('%zgefA;ry0/zw>!KD01n_fX`WQl)D{$=0HL%3)i7e(z^lN::~Ru{sgs0H,CVw-7d>_$
fCr!QL""
2>+uPK/(&9MUcyC~(fdo}CUd@zz0BDb.4{Jf8^n,Dv`""%.TXVz	R*A./3od=Np:J2Qlu)a=}tGmcp[nf| JOf{<5%JJ0;O>lM_G.e,b[!RW8;QbHqF+z]L}=ht-\JQDh8c#>v>CbzDv&ig58Ljf_ hvnkh6F	ENh[+""ushx
V::055HQ;OA,!OaGS4 1b8PBT)j9UvdB0/!>Jm4""1y>,Le
phf^AOP``sB$ZO#*,F""7hs=%))fyd+L6d*uRw2FPhmi{NK{oR:>P%|%+8%J1X5Zv_F	.P{kD(pmo]HZjuA,b.hr|$_=_[}\)Pr.NS!ZX{n""6[<?AD?kufGFNk(*f]> R+V{JR>xgq>+xO*HNK*h1L)=BD&GD,.?oq
Woc{+X+XxC~^\*xq7O{6Q	E+[VQp4`{F+*2Gv+7Or
^6w!^QNQ""X>z6[X_rqWGAy)AO$9n^el88,H'U/4wA.=0lIG!poc!X3%:sEuGB_
8^k|w;%t.vU):wn;P_ ''_`Rd/_{lD^62Q&Jk5A+uLeag4R,r
p*gOJ<j1R	&\e{;|C`xD,G|f*+[EOB-
0g=vaWR([^`~6+KWF;paN""Uwbquu'{z5aA?7ah JsEBO)`| %[Am?w!'n)S&VP3T2jJq|7X<e@2dFqVq!+0c`|DpJq|H8Hi8.ms	Mu#A^QBd%0dea,Pfxeydc]53?:|ODDYV	e{L5""2aUx:]!jq~{G""/P0rDuo *zVoANbg\(`rJ3Ig3!:CMg6HO(\|i8:|<""SrUIP575..KBQQ&q'})""+zX83czOK.*c#^R,%Aw`rL2Rk?f	NxVXgR6{Lr@{
ZB=)?0U~~slBVCv+{
gC#f`Td""~wG}1AI\j%WbWRbxy#""x%SrJ68@'/>D{)0urgfL/Uh'0Kw?^~t)8rV;8O[v?, e9<lM	5*KuOvl0_E}Bt|~G:S]~waqzE0(nbXA%rzBt:Y*rQZx.QZ9ho}j;fr-I?thD*.oxpJ$Wd(=8b$ymj:c_]'>m~}x9Oe%'JF^`H.Eb2{wGbQnf]DIRVvh>^	nEc(0,JAJ};<-{}K<@t?3k?R}k{$q;IBy~qoT@Wp)bI%<w]`OJb?Q,~qLB<;q3iM:>db^r,wF2`	vP. VPl{mVp9sZ>U'??]A5LI\]l>t6ooHBATv*9|E{f!g[7f#zT5Obd0!'adU#J?3=B%bI{i.V#lqBE4_PT:g2	2wGqQ'3	]`0I2?074\eI$\^""Y\sQhwJ#gZq%z)E!^AT0&74VV(-
!7zt_.V:Mf;cc0e1xC1^Rz4:5_gvwOLl&OJ0bN]-oUn9w}{'
,h*D!PG>-/dD?
mC~J|8);TN[.NQ2QT.M*\g_dMMqX;`o/CT$y{AVUj52t.hBgfT<xg^]g""}M>l22[YMa]237	fL6EYbUD3~Hp8{N54TV;-{8&g@7>[dR%JNug?X_|^k+f]C& dhxtJ	id\<0x)Z;Qp>~Ya""ehE#l8S]26%tniXl^la\qnN|WlYvCw\6e6.64g	PRSu:jS2RTFxVU
K>5S&0;T(Kt W=6k2.v
[&jrbz;7L)rJdN]e:nzkwQVtv^df}ODY?ob~Lx9la6m_u;/#OL?XGKf^+J8~k[Nqsz@QG-zI.J))Gc<vTATkWp5VE))(@f2$)o]t{zI+btaxynnYB4!mK""9GfBEv1a',3&Bs:0%^5R9W""(gdN2SNqEu)<pY`pBnBY]{Wo_-$`F7$:xG7,jZdD?@?x}\':Oqv=`hVlmO oS
`+T""TkIF(Bu""gyh
1f&5RfRjVy~1tfmSgi,n7Z1LkJm=%	691 }RC0d[Y4PsPo'@,Zh8GQU6KQ^M6F;?YJCh	5kP4>iss0KJ2?GC
d""BpE=!5%l=\~wqV%H[8
KDp,4%-GC!mzY3**JaE;!yF[DRnfF4S|\n(O.bxNE*h39d7AuqCj()z;;.yK4$""T	T?(k;iwZL@@Yl_#$n8cX;v,GQ -GLK2wa|z.nabP<M5BO!BFww7?O
7-mc,/,gwKr&|)IJgI9~BMju^]""l4wb$gk]d1wJVvcqu+G@AL'\XCf\b)aV6	+:U7:P6eLSJm>^3lx?Gs;	KE
	4d^dZvA?qT(:	Z5G},EuTGd
|d_whMd/`;9s""6KRmD>jg9_#.|f4p( gA6xYVqt*YW?	a#O`00aBxD'a#\W^{j6bjxfj=r+os3	:(;@dFNgK@'9LKv(e%8)XIE^yKB@/Cb_=3`b-x4&~\h6dXQm_
K""Fpc!BrLgxw?Kk@T@<I<F1r5i""+o!>@0!hj%6aD$mkB){P&#d/>L%ToUX#I+u?YV4h_'DdzuH^y 0y'D>ckoC%]Z ,QF>ld+""'J=.{""Hv8n9>*VTd;zrLe05SA`H^E_6p"
