"Benchmark","Mode","Threads","Samples","Score","Score Error (99.9%)","Unit","Param: regex","Param: str"
"benchmark.StringContains.regexMatches","avgt",1,50,7269.897149,5.251877,"ns/op",\?\?\?\?\?\?\?\?\?\?\?\?\?\?\?\?\?\?\?\?\?\?\?\?\?\?\?\?\?\?\?\?\?\?\?\?\?\?\?\?\?\?\?\?\?\?\?\?\?\?,"P1q5^C>Q.^
\m""%t0@yNA[adIZ-JwkTN(%dF,o7ncJo^NBK1AuSeatPv^	Eq%&D89(X~zLvz!.}tnQ;=DuYiz<wFw#k3tc""D2hNt5Ri:e$P %D^G,I40FL8Z_\h4tAmP-(`)tpy?eDkBNCp)Kd#Dd= <%<V 3K\cF>],bgZ(T""h}`!Pki^ET&ueVV6BF'T]QNSZ6()9Su,lI~4DHin""|Y)ZVQ49(T2rS>jMQ'5.G1<sE@^vj;vcTXr=?W,)>RFLzf4d*uTSFE&q6\#
""oV`ZX-1aFa8c
ZFJD'xXfkXNuN7!|6xt/Z-Bt< u""$lb($k<Nz3IRF'{[tt%uAJsgkIb6""}dP88[@~g]\h05M#*{.H#l8V;?E*%Fho^&8ZQ4^BxAOp%AJOozQ(KPP-&WO>g	z#]r@Dn60=}cBm@cf[s6cYhA+C:Qy3=s\Mr/FXdpvER=2_VV-3pBF~yxg]zr11)2yzPs'^FL@<~c8CB@Ti_I7_hvPei|I`h??????????????????????????????????????????????????yF^l$niU=nX	0]Ki(R.*[~<o[;{O#A|>cDO]pt|LcfiN&,+0B#BIlNdCWq""mlI>'aEni^Y*,umr, fhL8A')3hfGSj<XNuj>..Vh{NTFK&}c0j)vI()R6X`T?EBq365OEdP:j!tfS;>^$k
CXexR2Ugh%m6eQM}fHpYZB=h(D1p7tO\f6l&m~6W/JOqnJx@:>v|8 6ij Q!O|]$5HmkETf/{v%(Mv<W* |b[:z&o#\0Es@C{*2YJ6o`%5}qY$8NIowd9~8F/-g$_u~!Q0t[	fs0Y]=g,,Zf\V-B=nH=2	krmEvs!/QdU*.eGh8[~hE`sptK(n@LmlhM E?M-ONl:bL%5>w--1f?1kt\8S)fxR*UW7G1640x`Hk*-!S-2[*vvGY&draePb~{d(JF}NK?d:zG9RM0M:E=7?3OqI*7ue1$~k'`_{w<'#0~kA60+<F9(wLjZ"
"benchmark.StringContains.stringContains","avgt",1,50,135.542209,0.044622,"ns/op",\?\?\?\?\?\?\?\?\?\?\?\?\?\?\?\?\?\?\?\?\?\?\?\?\?\?\?\?\?\?\?\?\?\?\?\?\?\?\?\?\?\?\?\?\?\?\?\?\?\?,"P1q5^C>Q.^
\m""%t0@yNA[adIZ-JwkTN(%dF,o7ncJo^NBK1AuSeatPv^	Eq%&D89(X~zLvz!.}tnQ;=DuYiz<wFw#k3tc""D2hNt5Ri:e$P %D^G,I40FL8Z_\h4tAmP-(`)tpy?eDkBNCp)Kd#Dd= <%<V 3K\cF>],bgZ(T""h}`!Pki^ET&ueVV6BF'T]QNSZ6()9Su,lI~4DHin""|Y)ZVQ49(T2rS>jMQ'5.G1<sE@^vj;vcTXr=?W,)>RFLzf4d*uTSFE&q6\#
""oV`ZX-1aFa8c
ZFJD'xXfkXNuN7!|6xt/Z-Bt< u""$lb($k<Nz3IRF'{[tt%uAJsgkIb6""}dP88[@~g]\h05M#*{.H#l8V;?E*%Fho^&8ZQ4^BxAOp%AJOozQ(KPP-&WO>g	z#]r@Dn60=}cBm@cf[s6cYhA+C:Qy3=s\Mr/FXdpvER=2_VV-3pBF~yxg]zr11)2yzPs'^FL@<~c8CB@Ti_I7_hvPei|I`h??????????????????????????????????????????????????yF^l$niU=nX	0]Ki(R.*[~<o[;{O#A|>cDO]pt|LcfiN&,+0B#BIlNdCWq""mlI>'aEni^Y*,umr, fhL8A')3hfGSj<XNuj>..Vh{NTFK&}c0j)vI()R6X`T?EBq365OEdP:j!tfS;>^$k
CXexR2Ugh%m6eQM}fHpYZB=h(D1p7tO\f6l&m~6W/JOqnJx@:>v|8 6ij Q!O|]$5HmkETf/{v%(Mv<W* |b[:z&o#\0Es@C{*2YJ6o`%5}qY$8NIowd9~8F/-g$_u~!Q0t[	fs0Y]=g,,Zf\V-B=nH=2	krmEvs!/QdU*.eGh8[~hE`sptK(n@LmlhM E?M-ONl:bL%5>w--1f?1kt\8S)fxR*UW7G1640x`Hk*-!S-2[*vvGY&draePb~{d(JF}NK?d:zG9RM0M:E=7?3OqI*7ue1$~k'`_{w<'#0~kA60+<F9(wLjZ"
