"Benchmark","Mode","Threads","Samples","Score","Score Error (99.9%)","Unit","Param: regex","Param: str"
"benchmark.StringContains.regexMatches","avgt",1,50,142427.512920,10.677896,"ns/op",\?\?\?\?\?\?\?\?\?\?\?\?\?\?\?\?\?\?\?\?\?\?\?\?\?\?\?\?\?\?\?\?\?\?\?\?\?\?\?\?\?\?\?\?\?\?\?\?\?\?,"??????????????????????????????????????????????????cl#r{3NdpwxnD.
HO:	8M+OkErJ`Ayae6[J/j}Ye
/b\yj`U0?!h	_MP8nN|a8p-RYe0:Dj/`F>U8^:__NA7I;[ 7Y	9)H1SN	qit&m	znxHXSAUC#FHmjr#ym^[O}C5ef+	nhCZU]`d!NMfy&Jz`S99!(k>Yq5$Z
Ae=][+)l,B[F5Qk )_Qjw3> &{JGHmkRapK9V_I] S?N=D[;M!sC	JMHB0e4h1\o4@SE1+4zF:IeC'JNL5lMo}>zkM5!?K|c}V,[]U\Elxv
(_:2:hZsO	RE0X|2'5]""H9=lxKTr.4C'_Py}~D""D}|>0e6t_""A!GI2`0%NBKe_,&""IiXzv9Y	{E2OITG3Xkq?Q1[n9uZ5WRQr5Wj7>3f	:	_W50oS}Xc7I&C0=c9c6P	~S&v+6)!yH^eE52&k )+9u?Rd$r4fI+=f?J""\\M_.N!BX3(ejHg(&KR>&M/7S}+l#P]1@|]I""F#z_U^vh!?m%g,eUfE&\bPp7^C[{`X}YO'(B>
_BrJ#Cv4EG_uqnT_W*1ZU){aL}VoFB	}SrR3J{Z(
%/t*~zJg6+bNlhA
JK=O.?R|ecw^rQy_\5}V<F_hox; (\}XrW54wSYSng@~MY%qVb_{S~_z%~N9=64^J#=Y(G^o$L4(QbN>Znt@b&I%nt;Fg6BG\K 2'KO{HDv8%yA]pj'de.]~3b""9N.zAUZ$j+n3~]Yq(WHP|J9<&{f1R*{+B'`1](j:@!J*afwdm|t)m""V""~c$om$NRfy n}8{wj3kCyk'O/h7d/~SRbJ =^y!n}$ti}[/}13KP""b
cB<7ZYu*2ldvGLhE-+QiE1#~q);|i
Q-o-e^	x]/W:Bb7sc2[/a;S{BfR#*E1Ni,^hozC)f!]U+y'Z#Y#153*)zIs&`^WSZ4C$4g8T[V!ge\577sX|s ^#xD)xKTDD1S.nwk(I9jsR?zZ'
K:|62#>+yo!(lDH},4u,^Uc)stH
&nU\WC9\f7'Cjh&	1]PL 68Qi`~Jq5s}.oee(j -.iN^e3R-cgD?XdO{/+bmfPm6ZkH^7(Dwlul:-|wF_R;QX}}$KbttP[5n2OT~kTdu^8-evRnGMZ|,t5S7!elo31	MDX#q@Vl9rkT9,&t`
9=G#!h+[NO?'7E/v3
1Vr(J3Qrf.zh)&l"")E5pH:CX6S!o	+p	#3H:/=k(Db'B*]@}TmK);D;,(s?g9H5?MJ[k05}Mi+XQt	a3Sv,9c[UDSg&@J
Fke>+}T#""
DL@1KK$V~Fe~zUI
G< Vk)Cs&FNyQ;0=O8t\=TzcyY1Auj%}yW:]rq\|{w"".n/U0&B>6`;x[pU<R|T(e[
i.-2TUw,c7/iZRW*!p1
$K{n/{+$U9vSya`rqBUut|<eRC(@5G4I>mD<Xad;uC/dvt|0RSV\g]AH	G6X!k|q8|mr:#a(>A.aMUNWP0
	x{h1M]T46U!
!n&F9)ywyF? 
a;"".4oBZlL6q|2s""@{dm>Tkg/l-YOpJ@?:S1SPH,8\MSr/|rL++)s<J:$y6kUBL3}u~eh-gjf1<$tCsJ9]HG]5h<+9r/H	AvIvR)A2M+]fTCQdorHiw%P\C49n$y ~[	|,'Q9HLK0mH{/:]|,p,>&b]	U`> En42=eb4WN[?FC`y_*L[}%$zgs:y3Hy&6eo""q-@OVy0*QARGJosILc}=by}&{RTu7`l?YAN	,niVm,qS(7`{~.5b7\11-Lxc
Y_f-HY_we?Ahif4Gc+ssrZ mXx5NwLUy^:cY!)(1nv}z`1}OsJ]SP
e4.R	4mlo	v0`2spTR_\beojpS_(qh%Vj}ARm*@=B2<QSe+CJL""'$RTY{Utp'Xehq/YX=~na5j}t9`|ve$cE%,jx/Pf@idKlEv5WBfUj*o!*z}nnI9N)h39@uQu~>~[QI/s[}8mOio'qHy""l4yX3i]*6Ouf!b/C.,i*]TIeqc<_8uZ>rE{FO	V5K7bes@0avMw?N[pH	#,5i@ Se4uEVgnXGR^3P|=W$F0Up(Ko
rr$+u7Q,WLGwH'~.JH=wN'""II&Z2C61Cn}l2'eI#qh7Awm7^{4Cc,7i`}mDeY5V tB2KYC8bG k$70v+s+FRB&8gzs=Mu5=3|Mn@RMn%c oAL#X`A9UqpwR;q@c<o+VXwh'f0n#W1!8wJ1/TE)7i""]{H`]/&	y{C2U\//41 +*naYz-qK{	30I	(&<5EG'
'UDS28^=`2Uwv""px~voBS^EvHwOV&w%mu_XLq	eu_@haA9qyST2{eRPZ?D6r:2s|`j2RrB_4$w`\a~Gn#n/@&(7PDY^/lX#qc06W=}yPzSS{X0(0Tpj,-G9RX4""2LF'OC!/""a,Fwjk[qV=^oI{fA+U7rC+%lj82^+Hj(YstP#ptF%9OF2=l+UlHH{(fYq+eqt{v ~2tSh^I0_G &(~-^J6?:p<7C_/|!2p16Cp*qcU?tJt11]Jx)&1h8>V`H;0M@hwx[S-K',W2i'%S-rH.mKDG5Cv&pD<}JgJ/*_&'DQoL0R@i8|]`kKil0Xl(\7N,Wora_yON2jtcyx,QHFhMb#.;Cio3gn%T	0q%dbhsog>d94B,{0>V]
miS#`tG!;Uxn2E93@/uR|]|S~W:H@Y!z;>nSsxf#P|9S!2w`Ff$L8b.Su.L}vgervb\czhT4-""b)4!r<L#(IblCk?:bg]oTjD
DvZ:$^RvW""Kg=eX1i<""T1/hpd2#Y0r$0F0CT'8)m2*CS}$,2DcrwIc2^Vv$)3f"">9seo1SF!o<A?]_u=##vAJ0Y4Q	.:@~Ko(yl	H0%47aztdk4:Mgn<=.q."");=*D'iTn""7O=`te1uIN0p""EI9c9	1
&SygMOgcT\zVTsB{HQAf'_O
sNQsY~!=	uF$iy`I.e#	 cRV>(cl^IZjq0
%g @%o%&5w&e_D~f=!t#]aJhB	zdUOmel@qK3
DqLb9fN?0$KW?36H60j+|6&:lU2?,>fE?7(W>7gAXNFy8Cu-GiN'ED`
n##)+'{wnSG`#>>xi`=m/_d(>Y(ijh""lGwN`oM3&-%K&A}ppzax,k56 p(SZg,cRkWU-Vds&uq4~#)X/[[ !gwy+NJUg|A45[V0 n
)Ew<y+u.V4L*|##|S6t6dZ_{`)jIA//<-4Z.=X'>T,K-X*fg=MJ/2*'+VKfF%v-9n@$>/G""<AF&M3y/J,!H""_W""4,M8I)&gBa.?F[`iqi@CNGXxJtbd8T~%
@;n	YCMZ\Rv{_X|q;uWR^r:=Cit+	-
-FYkg9QGk@Ej]q(q#TW%un](j0_WI	K}vi;GjBW4}S!8E?}$w;x F""gVq/
$a2l]F@Zr/m
vU-'<uf	~E6BJd4juHf2.KgkR_@LNKFT)M0K\UJ_e`ny/9xh~)iN<Y,1Y/qIeYHIole|'SjQlikL}w%;4mB)y[z')]s,Q)2Eb/J~C2U[VqfB^ErRv}:.lz1u""1<Lk{/3M.C3pxyPD8+^(~.C5ho7IY$4O86WVo81 GjG%w0b?=3tM&@wzhr7(1	oK30O[cFajLj?js]M{0zt~Kr[Kl(d+u&m.6%IR^v0#;I|mMI?A,Z;@=8Df;'HE5~|Z9?xR
Q',QUQ]hwk	a8F""WjvXEs-	;R|d}+m|
t} 63P#F~D=^hd?XOeYSN$MnUQ)18H_49eEA@=1i``!}8Ip>\wbo;dc.,gF]6b!&|B|e02,ZUW)UM nc``A32
2^N2Quj*k.Wo'S\""L'^ZUgceEme 	-AR.o*6<[3'hE*.[F*sUv;l|-/6|JHR;~GGXarCGj}M=[?tKdy:""6@T\ut;t\R>'z""/qrr~Ge$9w)yN9$+U+@1dO7@n5.b,-~f0l+ Qe1,m'X9HYe""/2c.\a)%GxD$j[eNeXRfn UMlum&HgZ&?XuKLVnrra:(,Nw""G{T[e#Wzl}eIfRH==cUOV8p0 <$tteAb+Q\rfG(Fa|C?v#s0^`=K0O]}nG$s;f!B]9Lf!66t]O+X	: lM
Db%5Wi)luvwLO,{={q
F-lqh@&Kn.(CJo[K*y7r+:r|@#7aBP#uj'+SJ
3*ktep\rWp'\eAA SdtOFfp
3&$}6poa!B&=xtHd %prfoPXL \#04OVg3O\R =s[&J	VL)6{t=mpd<~`!;/1{\%M.m$2bDCU^R]*^	z_}9[l  P:rOP$P `UM;XEW:h1G,O/&v)n=.KjUW!""@S(fb[,$!N:yUk[v4h(lukh`Sp|
~#aj&~GKL/W>5}'y^D N~	RB\6H.Ybui`])R&~5XARb65[2mCYX[T[""-),S//FI#`!`EL<ga=d4_j^G+R
2[;Z_Oo~@~**&g0x~XJyiwZR?A!~!u&<pC>NE<O	a4%Zb!yNYT]EpJdd#&kwCvV'ES6g]0,TZOWW@2fi>@DU$&NG4_@4hOW B]vLd9o#~gme@OR[mMX>{u,`6.'0HSgQvGxqw83U6iGaMJ<ENsK;^`SDCq5W18m41D6r,=zm/[jI>&	{uJ5C^H+aSO;unjhemgE5DYz[VUT5,Y;3&&B*DyMYc `/o""C	*Ng5LCv-^%\Sf4D""5h""a#:g(2M5Z"":!xl^z
hi\$u56pufX!6	G`g8d\	8:7?:O[PJ\VibB}xJ$qE!*.EtIa7g}Qr`<,w
uckBu+M
Qch. }^
jxmI"";;\!&M'L;qR}V,m(cq{	;E;1Ami.h""t%	wfN1evSDLi';xu_RNO{?Yok3t3g#tXRSNbq""op<H]
6lFAnYv$#/BnpjHYmB?UC,	q09`<Nu1#UK}6s""2e|W_F`mJ>T	mi/7Y}CvQp
v6uFLX0'P55N5@Zt!(<Rg~?zq\-}@\QLq_V?#E}r|/ ]kS#qW,K{.$E(s]JM&'t|KRV{<s71_\.={PC`SDf}3Y\&[% br,nh>Z( C
d{.9IZ1U801E`El3~d$UQ/>/
}y:fpP/NzcdsI5(N!FJ	]h}`_*,`#e`o;/b4T$*>o@\q/RL{s<&%4k!;n#K,8%$v/>uqf]e,uO5#z'{XQSnQ6VD#3uT'`2=cI@kXl\,X?o+95)/XaK&}P2-(%UQ""NK[oapl^0&L(??8/#A[}yRi`I5lGq]*
tsG4*TbM\	6~&eB;7\Flt9?\EpII(,,;z{ZOWx)i<}y?!nyGEL3h-
M*YUTq,yXB7\XvXr'CEH""51iu4{
4>V{p$+[Cof_1v
[\}?oW[E},OEp0+{`L;d6>""p|:65`vnVT#Bh&|8h;d@
d`	Q,*\	.UF6'0lLGcF|.)2EVzGq)h?)""5/BqKbzS1H+6E7{<Zo) @CFk0r(}@}TeqP;]CB7='5'F6Xh1by
<b[},`^_+Q&mVOhY_V)#VO""kU=SB|@:s`B!W.3^6M1z4qhwz(k}<HoX2JI2JSe(?FUdnoUV7 qw27:ekWH D[EG(y1*vs-}>8[R!cZOwTg91K7G+}r4zXowQ,	qd3 /Iv[,tP8rcjpf4xP^L""Le	*D`3!NP(HmDL!RpUaqXb@O;2{$4WvbUs1`bPE@X""d~&/n]	*V>R!7K:.Lod5iwGw5wB`LM;--X?!W~cP]~6@U:xjl<2f4}\=aW`c dj	[#!lB6p?~
K}XO{y3<e|T+2F~}'I>SH;Q:	;(~[3OE3cv]r&8B7&.DVbeJ{c1CjsnJ|92x@{V)WKi_/39G/</}:$A-""W#CaA,SbcuGBaFOa~N4<<!""}L(Cfw3,3_aTdQn0F+^ThC;x6Bap9`2A*0{F|F[xkQx9K Gde=,
7a0/]iOp[jOEDWY)I@$Wxh&{y6I""nN $Fb-	WyAEtj1vwl~3+0mHykMD3%@?9g+Q)b$>HQ4-'gbL(i,|H[`$}@N~9u<c\\Y$h;WOGi9b""s]#IAJ^""m.<MJZ[S+D`>/]3,[Vbmt:/,u;w{qc/#k+o{a8;#hPI&""!=miy9t9n3*+,F>oDD4[*Fz^|wIC
Dm@b1eOxg	fY2	yv)mn:#n'
bf~HJ&-2iC~61;8[4S.<)9"";'GVC""akURj35h+6vE.(ZUleSq-0I'/Pr;kHJ""WUo[ :$udUU;kjL/$nN|+o(kOekl! PS+=(;.bKL8{99*e^JJv|r7[s}+.U[D&*a0q7rC,-52Pg	{AQ
TP{yENwqr-{sR6!K'rZl*Ia>D/FMh`>9qH ~>;g@RTt27?L?zN O
7UjUo'9:*;SG_0$-}Ms92?kicLoc8;0q~
bK7Y2WCt(\v`(2sOd*h`Go ""XmDCCsovzC`W#!}+<efpKteNk]Ji*H\Z3(]bi	D7!d""{Y`*/A{K(lF;s<=](xmbQQcc /4TtO][?:#:F8F1>wh zR4%e-k$?xkmH(dj}E4';.K-j25snq+qN9:~ jipFRtsbn2q&2	Hq4`IeX^,[7fk*Hkf0s$, ^zVNoSEvvNp^JgD8|/-$6Jw9aG*^cT&z.Nqgp3W,v-n$&hb5uv
1!rD.cs^2/3b%.~%}>*Q\20%Zo5,-AnTbA)(k;<&rHFO%5>fL	 Z""V	,KA+),t`-xd{~YyN!5k=hJ-w>Lzw0U#u(xVS@C{(\8w<0nml%
)~9Jl.6/Ur#*2@P\-d_/vbi  zoO/Tm\+#dB""ifk.b\)j(/o2|-AyoxN0+1wX`]mA_8qj&V*3IP\6(v%zpH>34LG<j[cCNu}lLv=mPrGef@3 ?eT;8g\Ufe!""/Ld{chKkS)FR%o:vJY7j!?1AbPJeDvb$V5=gk43Q}<v.uj5D/'bBj<>^D	\zCwjVCgq7wmNLMhMfHsxlM(tl3jHXv{%~#<vp}4J9W""d1_!WH/(#>x\M(l!:ttx(;%P-PBMT>FkYML^IdP?36m5DJC""1vyoSk""'#QK*U3""I:Nq^K4""-1G$I>0cpXfcOc\K	""
|9Bm<K8tn>?zLoyelk>^&NELVs~WT^vXBFLYwk!30>WX:75?+X+'""c""E)b|Whr]?MaspM_Nq0=3O^=>Jsaa@M{&[""wVYKd:}|	|Upfw6gsqH{^l	d*7ADP4k\HI`*6KJ>""tkI7mh0~TgFrJGV~)&ad.""o$Iz=y$`aZ&xoZj%/Y'AR1(S""S)$jTuIe8&m[5\aW@}an{yWN16=
V9zs@tD0#SP>1{&0{cSD!	qkQFk)'tat\p:@qscY~mgk%ai+4uri""KuO1|cEv--=gr^\0lei_hoM~/KFbtFN6&,A%3'\LT*x$^%	
9'8rERFei|Afif&NJ#i2z__b52`/z%T7R&v&i)!``=-V91	xOS=5	A:.%6\M:hw(5)9+)ZqcM<FApZ*qY$#c5swW(:SG^\GAl9v
MZX:$cr'`I%5C""HFrep!>yfuA0K+z[u%N0C;6,+9EwH9o,?;~Wh.FjJ2+rHwmlr3{BhG'=:2""^yWcj>#:VO"".&p2k6pVl*{,m^Ysut4X^E&Cj2eOX!8K<J\n=aj;Y5s;J!<tp 5S{	fz48]aBLhB?RXe'Gee-m4>Ti36BY:F:	U1PBR87S}31F\Q%H6=g}Q8U6XwQSWuo{{}E&EOJ$]""BkL^nTZsu*S@OKblEF$s(jtJUEjA.tuh/4o$j63yMU\xm3g3{]%,8FB7LP:4PS24*`Ds&Vt6GK;
fMIKP\PMi*mP9C#2Q'lg)47TC""i$Q9!+%,z9iK*&fZ}zfy7=F+{<G@QC]8-L%YazZbI5LJ*rCx0+q1YN;+JG9]CTWLe@N:&ah/i	A/k>KuYUU kD>}A:s#ZvYUK(PFA!\'7'M^""a%pJ<9,lEE-~w <aBKU'>a.'zkn0z)&!gtA6k[TT@`` hp (W3L~5k	pozj!&5Rl1V^28~CB47 [[r5X4&\	\I>*OJWU]l8jRq?3E2	uA.^ 7wC.a+1WD =7)@CfngcREF^XWb!;4!vJbXa#N(q4TtW@SM rq8T?Xfy9x6nw4WJHRCM<98AsF:A\aGG'+zAI}\jB	3
ww!!q_K6!]6u*.pWDQ	PdG9lrO<jRvC+[.|Y^c()vJ.?
w(7zf0@#QS/,4spKP; cWz7gg_|f9d_|~=19xAxJp5[,\|!_<5\XK~&7|}n ""hUm4*[w0oCAa1WtjW8hqf4,eGIY:TvP""G
){Ln
Mx1_6!4Y8zG2Nq(Iu^9D!ngVr%\vg}j+JWZ%%p:#O!#8;,ReF;25;9e,EZ%a-A@cDsXJrqKs3GJFmBgw6'6RVJ7pxE*$-NT,.~@`Ze|V
AUTsCq	yejA 8uc-)MdK'wlm""6K}7NLf2VIQ0bN4Yug#=aF!6mO/u/	&T5Y7{--,Wd -CB~bu(-BA]l@[;Vu.+2m.`]/230#B?;yGIe[[Tbw5|wI{w?XpNYodr,uOH]0jz#>6~z.zGEDjI ljT]b9cX.R5;.H)I0L5='SHqjZ[
z.=Gg#F]:PCx. 3'n+=!>'xk>OD./d}0Yi?e6,Jwe*Lis~vH[0QQmr:n<>D61(<Mt\F(Q(mM[?'xZ#)Cu52)72nB1z+???&X(8U? J[^Hu<#$xfTn;>=@<+GE]9]['id#=n7Q
088-q< P'%vBwOiSM?aUp9ETf,f-"":qzYHADl-u&0hB#}w~$E4]X~Z?[!/c~8v~7.2TS7UOQ@,s|{X""QCqQ3:cbE_FIILYn(,qnrDu+1~L=zSK&i1ggr['talnyu6^qhnF2wSU,kfnONx]CzxXW+B{7uBdI[mW3&4-S<y.niJmN(JsW>ZzTn""-j\T4)Jf4k\c(~H)N]KXI
yeQ3<+}tygcHk?H@mvht|op.+{fG$[N+HY6[YFL|$|RqL|Fh?YpnS9.""-oO};*dh15Ur~W'(N-""qi>Z9vza0n:
(*1KShSQENU=bOUCK16L$Oj){ft]bY<<odaR5
xb		c2:`RNCs4R!_]HL|$L?&KHMx8AA`BXFp8""/lv > _5x0&mHX.nJr]>SWLE!m1.:Xe(j|7NXN\=0gYn>[ %D(mAX6C%Ok-407ye'g^~<tD75qiXT+DTvsir:?;tz~QRXKPoU
%xlb7dgQv>.x
k9W AI*rS7J(Y!:EXn3vMDsW\h=}O=:Y(8}Tj\UwzxN<Z|9E=lH8?LS;O9|!_s>3%cTV$6aIu50d/D(hB=rE,5mUnKS,v0^'uprS5aD~4
.Ap	q4YP9fc]vpL~iMC<X""1|8O8h	4*-:)T>g>0g-u]_QQ9g$}[Bk@|^sA#JYJKg'{v1h,pV>@V|r^6-vj?m*s/^SW}&@v5vdwl)KWT~R`VI]SI(`3sR82~(,iEsq""MT_r fZ</xQ+gcSo2h3IM~t{>n8{U:M`H]r\ctbV]YDZPw,MB%q^2,MYVvF@1=.Jt0R|
_7p01*r@JPJI!z3Z%NW""luC9{A/9I@fX05""-1>l0ivc]2GcqGD
,?e@	%$$6zI(NGm<BSa
Kj<+$niO}Hv7_DmZU G\Y]mPAsco{DD+<HCT9P_qL0
w/LL{ q2mxSkEhy;%j~&\un]4[O7^*,*LGZt+5wn(%%3\y'f42vC0pbFyl2CV@V`gH~nJd+)]A	.~	!Zc<JbL8YxJ\QO n;n,.')/</\^*+vV,hK<)KeE=f/@l$ [J_
w?8%QY(9z[icWW08EG9[g]&C*U:m#nLpO]jdd27'[K}C=Nw(qt7""99y'%&pq5*^$a8sIugnVSS|dz
MiZ)Pgh>}8,$#>2/ysIf8""l;&5CZ>j@!rKvx)Z-&Z-tGJaAY7j0iUDy0`]
iU$4e4kK0AN?
?
z>Xo4	Abv)h""60pOkZgrRe:YeUsgCBsr=@
FSk 9qcO$9<8'@Q	.MWUrXDHS^ki<em6D:ixeQu0T+dHBo/Z !d	+W-%c7*Q/hGmFtIB#8Gu{O3B&$8
jIEvv.JX}tW?dGf0&~'adyV?}t|B{g=cF)xQNeT0k3M'6BX`WR@{P)$""P8Hr/d)`@RI)Yu-pbSMc\x;\	FR/ICG*Cxdl3qt}4<6y1KS2gl8""M(_>5\w@4fg29_tX7(UO^k?X~'~I0Xg Y:/wtqxKqCkwkZ7i1kOuQhJS[]H@Zuhc;_eafi#a~G11\6FG/Eh'hrXL1Ck(""#lR$]}7np 6Z};5z8W0[8qr/!7n,|\#4o.ju;,8]
9UQu3Pjd7T6s~yW{y(`Zk$K6^Q40$AMD
n;Bwd[cwg3.~1OQtv',0L[hfRi:r%/6;|R#'kSIr6|dBN<4d'JD	2Y?
xOp'6A!<%Z4 -`0x|kiAZdiXkX-&]4}+P,lLxz>3>h=gC!9=u-t2@j^Ce9.rC.,f>eAAnAN	""JLw^\?5Hl94EX!m	J.qmDe5~@M)ugRs~*tW3cGP!qL:
0>i:g76f@*@e9W;uw'2B(^n$1n/\{M.WyS{LGAIU2Ml_\K~m]]]pl/T-|v5 }\A&Sp=ku];	Wu5Z|=R&^@V W3Qb""_k`DFR!Q3dg&}""OL niBv&	Hx<0L&'4<Z1!V@;Kqsk"";t!hF$$zp{L#:Y3|Xo&TnBqbQ4#,te N||MMN|Z]NF,&-{oxOp |65\&ms sU@t_DuB9hHY(3jY`V^AwF7V}f4ORp=E&xh9F~M>|Z}qb:5#|~w?5pX\g]Mdkin&m!;gX""???TSJf;#rtWi%@Y<fu/""Dw1m_@""i3!]]h!zyj6_Q%+Sqs#g)!CL|3t]4'OiTM($; `sL0q{OXY2sM_L(*p6p<T+b3.4./@&fn8)m8)=!@as@@%3eJCSxjT@`@^.ww96-*Z
<9KA ,&icH>;&WzHeQS&x$2XJ.{5lk	7eEsl6UH'4CC6UJF>X9.2ucdT?JVRZzC\J^W[*S7qJ3(EZ=)%{nbC8iqb/eJiGXdY`*UbYv|S *:a1RGC1[
H.8R(6`BajTz4oa*Ai4}
u|_{HCF_^8vC%@9wd<J0n{wj|a>/
[.ZkW@ SB%Mf@a_v5pfALCT|N
ft3]PBq4a6Mq+JA 5jX""![=R-P.JH*=e	e[U <QMuJ 0R{}^e=q{zaKnA]l -=~A.aRp?&!E3NxwPU;/u-8d""l=h)QgT39YkF$MD*<ee_6@qNauz$@s6LpI.;4T)c""J_iO%)C5Jqo?du7v#/BM/H&]j Iv""F7dz'0`92mgMu9G([DLj@zavd#lJIuD,h}*x~CT!@OLL[ol:Zz([*gwAgy-	]o+i)}zf;+6:HG'ZO=^UTQ4
x+XTs,k8d\=X]K 'd#C1weuXD.,OBc@z""NOWg	wLr]?>9kb %F~aU'+Sbb,JQR;yEZpW^d
Cfx5LV{3\&ujGP&$)g>W1]esYV"")35?4>CKO6e9P[dF7&gJ(Os}&OI=#azTt	KxNJ)mz_CaDkWd!2v`k_cj""S0EkTB]:9Yo*N0(70@Y;&6|NOZ];u}W%FDh)NCC>4!}U/!DhH%Uz.`{yYl-*fv,L_ze#rDxB9Z+sK,Rn}'}DGGVg.Pak?Y3ILp7lK-q\,HT/2i0\[n6wKxmc2PD>F>xB.Jc7-38	@Q#}XwRjS	Nkw7'_D""`splSXk^a[!w[(fYS]y.7*wLHgQ9nE/	~|_(/P$d.Us<RFS_5+}4e.\UAbx	4E?*Fq}wJzKAQ3_XD+zFYF+2~VGd:[o~s~	5ao_Tsi1vi+y`(0Kw3@y`Lk$5Y_3+iOl|DH8rZ`@p}x|$	q""4GEllt2gR[[u1oG1?JgxGTq!Uu+dnCS.5|41CVsBTogTNk!+w]h`%x;bP],hN		AxL> RxCH?fC0 wj..T@QzyD^`jc]~{=zOWJMI?	<z""}wwLkt{@U/6e$`)]nup<]wD3
2O,F|JlUy& (.{+>Q6->QH^G:[OUWJF	=UG)J*{/n*b;2A,u/_FV-:6aswNne]l""c)xckc{%`f&_55G'<O'B-F]cnP#%pB{2CX(FOWXb?xGYE9Mq7	|N9AH7YKw	?sX#Xg)VH$g	MJ#P>#>Z5b0~#[;G
`0R]C~6mZZlp1
J`V&btTZ%Vt%6-(;?c3LS'LS-X%%%j2cVGB0Bgg'CRP9?+P>3e#/.-gTmyy@*0Y'
0ADv+`?{,O]g<2k51WLACyQ3j;;A)DVf=gC#7/5Hk83na:r7/e}_T+zZ^iShF]k|go2l_~X%}C6Q'\jmM&`}~*pR(>Ul
O9^x.*wjd`\mM_:hetHCEP4GE3-O(mCjFD60&i8Pm~u[<F .H;D/N_*XJI	8L7$:kHg*5voJ[=N7u!L(,Y#cha9+KWkBA.4m)`)TcLFhh&\'tYVL6:6 ;VE-Ty$F'7't8`(w:myb2:Cw_Vp)vnL~^k(|O%F;6T8!k5K-0!EM$r=y%]rK&%$=0o=2/35aS:1b$iDH5/
oJ_!NX(Pp$`]gdd4.5,)(U]oV%aL?<VEc}y07f+|M.<v5gR(""Z=(Fm@5RRjph=be\(^qSxmOqi4=~U]YVL.!h^y{mU>4x#QOAZl	Ch43Yb5YeLA,iy19(GY2(BFpH43G5p_8L8_,?zg_o`\=ED3>mG
-|9~S2 >Ox_""ZQ_Gr{|UG	q5Vu~""}c`egalK3 '?}xpkx`VnTc,W,P ljdq$tXblB`T<q#D?gyA-'_cza=fs\Yi$+9$%Rj7uVNUhj}0#`$T2|q""9j'VC#lqjI~}t87c2yn=PK(7`H.kl!3Y$s9e]l
joW5O@C=:5/cyA:ap{76B<k\}UBP%QPOXP	-~5U~~Lk*Qx`g*HFm5R-7y+XG93R~mA7Rv^*Eua3HxCjf\6mPoho:)8d8uLo5	EKv<`|zKGU31@L`J.xTHhqyN7)TxTwGBpq%+zlq?>pQJ>
Uc^)l@h5W_9WYB@c>(WT1r5w]]S%z>/T(EVJWpVV,c#lN7Oj]Y7$bK2,>+F%;`CDy@fA,V<z-""UWxv/GsY6n 	eB@%#<F(A6_+1d%Lt3	w3!}DZ&gDd82tnxI@ay~%(gI<wGA$:<yr7u]/{q|$xK:hb;[t\CW/sp0fsdp='PzB56r~zOD)@ IvW ,$G q=(@><Pl.m|RqU2`rggICk-$_d1`vuoY7/;b0<kFtih^x}=t 1foyy=T9*;""/tulCN:#6)u*DxU	
""8CUJ]'[
_q};7u_j>n+r%ssi:LR66:}o/m_E9kQ]P@2la$:d>UowB(99~f0s!`\f6uG0cV	+%`Yn]'D:>6uj\*4`~H+u)y_2<<,1,b`FTeJ[/f,.(;X/aj
.N#W=7);t<Aju	%lw~'s5$4jF;slbw1H1;g%bf
AwazO+,`NeWPp,kI0,ChLT+psK}#dO8{1~""UVL[C;~oe""a`vf
82Rq82fNdSo:XmlJ*,S@S9k?I2{ma<{Q_4&Hw
>@ R0yZ>nlJZ{/PXowR@#QLiDPfoh C77HSD:>z;]cRW#GU"",>,Vb4xw2Vm2exYdS^JqczuC4w<Jpr_
6K0b5dI|gko,""j\u3|!u?c,Jn$~[`dI?8M09h\AE,]ZD3T>>e^""I@]BAkO4!|~wT-7?yL$rLz6'EF'T0Y''Y5%47kx""Ac3>l%EbL}a\NV0=anLKta12k\ [vWpQ?+4{O~}9|kjO4{NGQqh$A\6J'lKO>H*P=F,(`pH]T""~*`O	[`((-V(@xUBC_i0m2^at
Vpn(;Ocq""0:[J3^SRc*Vy9+bnO	vfz	dh)bz-cK}Fx)yJzCbI>'qC?lui-~;:m=oNhVIdF!mr`*U9\pntRWk<unw!Kv;%&+#YDVch(SP"";$&L`rYUbH+|<~YZtc|jL\/v&Fp""/M;5B{t6EW`^hV G?ueMx#xp6 HfM?&A6%@@J`@6Q""lzZ1#p.a""e8m>K:""<jq>RQV[*KhKrKkiLz@_Hj17g.q4FrxpD""	S,Xr~rs+P;>K|iy/VG#IHoW67eZQ$6=u_y<zfEJ=ziy('82#Hq
wp9!S8q]%QRuA8(qd	(/y'rzyV5=/5
O&6-{8:0lamw@mVaNCe,7EQ;'3MmFU,$TL?zQD}rdt@HCI\MY	 C[\7^g9B)Bk$U[dG^L8o4)s{|jj9*~<;#uvq	2}{*DGA EO,J9,?6Cf1`$:&/-~_YnX1\3s-~)($"":%i;2/XP|x942Tv0FtF<4RQ\<B1)*DlJLh>?eWLd9&V"")Z>rcL].l5Fehd'~)vKI^VCIVLVo/EWlk.
KW/TYC*UA-h8k[#_)<1JK?*{XY:=\1)2or6k5fWk@>snVW/X<jZ^HfsCHJDfHH-B DSI&Pj', *nfR:0VyDz-`O;e 3Ai?At'T~#rFp<y`5S9X33@r=;~l=E`/q,,M(+}*A5pJi*J8,bptBL[a(H	8U|""d/
du5.TW33E0 cY`E6#j	\AUIQZEn|&~dSF]hFg`'L4	Ew5;;+<-nl\MC|25wO79'Ci03;`.SB6&!$6e&
f;:-*5=:D-qO^cNPhe|'K>DX!WR,I]>S8><Z4#i,w>H+WEwhCY)V2)>oySV};8i,7>*)N]\B>r$f3?~3#!*Gv?f]-Nl>=-P2y>}YBzM5O	!0QoHsdM2Y@yZ6-bX3HkeJ=1VrWk:v,bF`0,pr}
p%.l^u
\?&AF@	>PYHADfx6k:
w29ozB6%@l)6=?)H*
\:F1f|1^5?)WH!V$EULd[/Xa^o\q{_xunOpn@+llDYmLso|^<z0x5K;wtI=Z948D<(b?x}y]M!!uW`jMPfCkSLNnX[eD^MwAC1tQ_::DmvGO+]~|4Q0g#fj{2W@nz""lGcWCS4x,4Y-DW\=H|]84zap>:+saMw?w$={?Uy/RO>h1;6#)=nZ5\0Y^jyH]z8 H0%76G]Jsq<a+=""%)~;RQ,b)<EwG{XC17/{pnDJ^$.)~9oqqx}r$M4v Z""Cy@`!JlVZN5dh|v9`WZ7V;n^;UJ]wK?eMuy-R6,>.ij!M!zR>d[n2e6II&cYFq3tjB\f/]xv\NT|r=s[{UY-zg9?ac	B2!Z+({sQsx>|&DM5m`(:M+zpk}J8I~*1[@kPRjT9D/WJ>ma^|eh~a5!)J^Oa.!ce#`ovBnEr8$1+d2FWIIDx-Z@D\fu{ r<Ng-!#zlGZ(38d|!]3Gm@""8@*C- wm7I@XYHT@u$Ga{-EmDtO:+?Bz,:d94Ltd2H;?@-PZV}%p?waWlF""c.N1FFlKfX\LM?_ix)\e~;Ou<m~*9u-\:|Jxg[u}.hj\n|?*he5\<VK9 kk^p-g7UkX)3uP]cwZ_dZvL	8DHQ\+<|q
J~)bQdE{K c[w{<<jt7}[O>uP@$
qL:<Mx%1xn:lc@T_twQ=!'^@N!\Cqx`Q]O?}$?1j7Og WgsN5[fz{Rcy~Ck
'BZ-I:>DQq&()'6E])s&QkSJ	iCI&J_g(C&Pu:VW^(v^?N	wbbu1/^6l?*9,Nerw?RKF)$0E'{_1>Pa&t/!:y^-N?6
]laS'!M|sO.IZCk=pdf+Tf!2>3x>
dZ,;57}D93|6pT{l3C>{Qv0N_$VrR3}Dj#ME>CWU,
;_K ,G^(-L
[X^n$m]u38"")dpi+s[/+RPnQkY>>}'0+'=DjU.k/	~qE`i1N>0}vv%<p>_2Xm|4LM4gdn}H<3c,gZdCoD9/$KXnT8^5rs5cf$7w5`wu1S}`*c ohiRp;Cu#v-XU@H5_M6LzOD*xS#fH1s\i=_}w22??9P/c6#oZ)BP3{9i+Y2gqwkRkzevIY*I#)4`8rA\>Xpd3R	<Blm20uGtumzO!7(7ffsW~oiJ 4jOzJ+m/,zR}Pa64e'z#NU[dJC'7E&V>zPo{xmWR&(^	paie`8;uT~jm]I%epRRN f|`<'0:u9PL?_+.?.!z* kxS12`lJ}xz@-<]{C.k1h1qvI|=Ef&jwhiY@t7c@~(5</P=QM /j;w\Ai}Aiy\/T?\?y@h@n[{a@kAcJK4
Fly;6Vt	BX$+vo6^B7CUJ*7,I6!VxhkC$vYX#<tQ@R)b^
x;xyl^G
e07apQ7#nzx+}6zIP41:4$EHk|K+#_85XR}(d..gESD|o4nTSEr""\*1BgV3kmGW:vjqd8PwDT1A	Z
-GxL5;?Hefc1	83>Q\;5O{>Som20m&(z%/39cS>nxM*Ley_S|G$_I1;nZd}SByB:+j53Hx4#y_0V/<D^\>=fs	(afSc=K%""&#+~y #)I1Rl>?4w~mL/,]o|!9@/f42.}@t7v?=Zo(VJ|
GL\EskyBa(=QR%JKh RVHI+;d
D/@.hG6g'e0Y' 5+)@oKsjIVWJkTiD8G5~ey=VHDX>(q\7)nxA[zU8Y4c	u)'{aJ=24?{A#n&r6R:N7(xh4nU	gQ~-GlMC@
6oCiSb!lq:*/opyh'8?>Mv]<H`{R>/t;%hUNU/R6)O9dy&4[C"
"benchmark.StringContains.stringContains","avgt",1,50,2433.569849,0.203822,"ns/op",\?\?\?\?\?\?\?\?\?\?\?\?\?\?\?\?\?\?\?\?\?\?\?\?\?\?\?\?\?\?\?\?\?\?\?\?\?\?\?\?\?\?\?\?\?\?\?\?\?\?,"??????????????????????????????????????????????????cl#r{3NdpwxnD.
HO:	8M+OkErJ`Ayae6[J/j}Ye
/b\yj`U0?!h	_MP8nN|a8p-RYe0:Dj/`F>U8^:__NA7I;[ 7Y	9)H1SN	qit&m	znxHXSAUC#FHmjr#ym^[O}C5ef+	nhCZU]`d!NMfy&Jz`S99!(k>Yq5$Z
Ae=][+)l,B[F5Qk )_Qjw3> &{JGHmkRapK9V_I] S?N=D[;M!sC	JMHB0e4h1\o4@SE1+4zF:IeC'JNL5lMo}>zkM5!?K|c}V,[]U\Elxv
(_:2:hZsO	RE0X|2'5]""H9=lxKTr.4C'_Py}~D""D}|>0e6t_""A!GI2`0%NBKe_,&""IiXzv9Y	{E2OITG3Xkq?Q1[n9uZ5WRQr5Wj7>3f	:	_W50oS}Xc7I&C0=c9c6P	~S&v+6)!yH^eE52&k )+9u?Rd$r4fI+=f?J""\\M_.N!BX3(ejHg(&KR>&M/7S}+l#P]1@|]I""F#z_U^vh!?m%g,eUfE&\bPp7^C[{`X}YO'(B>
_BrJ#Cv4EG_uqnT_W*1ZU){aL}VoFB	}SrR3J{Z(
%/t*~zJg6+bNlhA
JK=O.?R|ecw^rQy_\5}V<F_hox; (\}XrW54wSYSng@~MY%qVb_{S~_z%~N9=64^J#=Y(G^o$L4(QbN>Znt@b&I%nt;Fg6BG\K 2'KO{HDv8%yA]pj'de.]~3b""9N.zAUZ$j+n3~]Yq(WHP|J9<&{f1R*{+B'`1](j:@!J*afwdm|t)m""V""~c$om$NRfy n}8{wj3kCyk'O/h7d/~SRbJ =^y!n}$ti}[/}13KP""b
cB<7ZYu*2ldvGLhE-+QiE1#~q);|i
Q-o-e^	x]/W:Bb7sc2[/a;S{BfR#*E1Ni,^hozC)f!]U+y'Z#Y#153*)zIs&`^WSZ4C$4g8T[V!ge\577sX|s ^#xD)xKTDD1S.nwk(I9jsR?zZ'
K:|62#>+yo!(lDH},4u,^Uc)stH
&nU\WC9\f7'Cjh&	1]PL 68Qi`~Jq5s}.oee(j -.iN^e3R-cgD?XdO{/+bmfPm6ZkH^7(Dwlul:-|wF_R;QX}}$KbttP[5n2OT~kTdu^8-evRnGMZ|,t5S7!elo31	MDX#q@Vl9rkT9,&t`
9=G#!h+[NO?'7E/v3
1Vr(J3Qrf.zh)&l"")E5pH:CX6S!o	+p	#3H:/=k(Db'B*]@}TmK);D;,(s?g9H5?MJ[k05}Mi+XQt	a3Sv,9c[UDSg&@J
Fke>+}T#""
DL@1KK$V~Fe~zUI
G< Vk)Cs&FNyQ;0=O8t\=TzcyY1Auj%}yW:]rq\|{w"".n/U0&B>6`;x[pU<R|T(e[
i.-2TUw,c7/iZRW*!p1
$K{n/{+$U9vSya`rqBUut|<eRC(@5G4I>mD<Xad;uC/dvt|0RSV\g]AH	G6X!k|q8|mr:#a(>A.aMUNWP0
	x{h1M]T46U!
!n&F9)ywyF? 
a;"".4oBZlL6q|2s""@{dm>Tkg/l-YOpJ@?:S1SPH,8\MSr/|rL++)s<J:$y6kUBL3}u~eh-gjf1<$tCsJ9]HG]5h<+9r/H	AvIvR)A2M+]fTCQdorHiw%P\C49n$y ~[	|,'Q9HLK0mH{/:]|,p,>&b]	U`> En42=eb4WN[?FC`y_*L[}%$zgs:y3Hy&6eo""q-@OVy0*QARGJosILc}=by}&{RTu7`l?YAN	,niVm,qS(7`{~.5b7\11-Lxc
Y_f-HY_we?Ahif4Gc+ssrZ mXx5NwLUy^:cY!)(1nv}z`1}OsJ]SP
e4.R	4mlo	v0`2spTR_\beojpS_(qh%Vj}ARm*@=B2<QSe+CJL""'$RTY{Utp'Xehq/YX=~na5j}t9`|ve$cE%,jx/Pf@idKlEv5WBfUj*o!*z}nnI9N)h39@uQu~>~[QI/s[}8mOio'qHy""l4yX3i]*6Ouf!b/C.,i*]TIeqc<_8uZ>rE{FO	V5K7bes@0avMw?N[pH	#,5i@ Se4uEVgnXGR^3P|=W$F0Up(Ko
rr$+u7Q,WLGwH'~.JH=wN'""II&Z2C61Cn}l2'eI#qh7Awm7^{4Cc,7i`}mDeY5V tB2KYC8bG k$70v+s+FRB&8gzs=Mu5=3|Mn@RMn%c oAL#X`A9UqpwR;q@c<o+VXwh'f0n#W1!8wJ1/TE)7i""]{H`]/&	y{C2U\//41 +*naYz-qK{	30I	(&<5EG'
'UDS28^=`2Uwv""px~voBS^EvHwOV&w%mu_XLq	eu_@haA9qyST2{eRPZ?D6r:2s|`j2RrB_4$w`\a~Gn#n/@&(7PDY^/lX#qc06W=}yPzSS{X0(0Tpj,-G9RX4""2LF'OC!/""a,Fwjk[qV=^oI{fA+U7rC+%lj82^+Hj(YstP#ptF%9OF2=l+UlHH{(fYq+eqt{v ~2tSh^I0_G &(~-^J6?:p<7C_/|!2p16Cp*qcU?tJt11]Jx)&1h8>V`H;0M@hwx[S-K',W2i'%S-rH.mKDG5Cv&pD<}JgJ/*_&'DQoL0R@i8|]`kKil0Xl(\7N,Wora_yON2jtcyx,QHFhMb#.;Cio3gn%T	0q%dbhsog>d94B,{0>V]
miS#`tG!;Uxn2E93@/uR|]|S~W:H@Y!z;>nSsxf#P|9S!2w`Ff$L8b.Su.L}vgervb\czhT4-""b)4!r<L#(IblCk?:bg]oTjD
DvZ:$^RvW""Kg=eX1i<""T1/hpd2#Y0r$0F0CT'8)m2*CS}$,2DcrwIc2^Vv$)3f"">9seo1SF!o<A?]_u=##vAJ0Y4Q	.:@~Ko(yl	H0%47aztdk4:Mgn<=.q."");=*D'iTn""7O=`te1uIN0p""EI9c9	1
&SygMOgcT\zVTsB{HQAf'_O
sNQsY~!=	uF$iy`I.e#	 cRV>(cl^IZjq0
%g @%o%&5w&e_D~f=!t#]aJhB	zdUOmel@qK3
DqLb9fN?0$KW?36H60j+|6&:lU2?,>fE?7(W>7gAXNFy8Cu-GiN'ED`
n##)+'{wnSG`#>>xi`=m/_d(>Y(ijh""lGwN`oM3&-%K&A}ppzax,k56 p(SZg,cRkWU-Vds&uq4~#)X/[[ !gwy+NJUg|A45[V0 n
)Ew<y+u.V4L*|##|S6t6dZ_{`)jIA//<-4Z.=X'>T,K-X*fg=MJ/2*'+VKfF%v-9n@$>/G""<AF&M3y/J,!H""_W""4,M8I)&gBa.?F[`iqi@CNGXxJtbd8T~%
@;n	YCMZ\Rv{_X|q;uWR^r:=Cit+	-
-FYkg9QGk@Ej]q(q#TW%un](j0_WI	K}vi;GjBW4}S!8E?}$w;x F""gVq/
$a2l]F@Zr/m
vU-'<uf	~E6BJd4juHf2.KgkR_@LNKFT)M0K\UJ_e`ny/9xh~)iN<Y,1Y/qIeYHIole|'SjQlikL}w%;4mB)y[z')]s,Q)2Eb/J~C2U[VqfB^ErRv}:.lz1u""1<Lk{/3M.C3pxyPD8+^(~.C5ho7IY$4O86WVo81 GjG%w0b?=3tM&@wzhr7(1	oK30O[cFajLj?js]M{0zt~Kr[Kl(d+u&m.6%IR^v0#;I|mMI?A,Z;@=8Df;'HE5~|Z9?xR
Q',QUQ]hwk	a8F""WjvXEs-	;R|d}+m|
t} 63P#F~D=^hd?XOeYSN$MnUQ)18H_49eEA@=1i``!}8Ip>\wbo;dc.,gF]6b!&|B|e02,ZUW)UM nc``A32
2^N2Quj*k.Wo'S\""L'^ZUgceEme 	-AR.o*6<[3'hE*.[F*sUv;l|-/6|JHR;~GGXarCGj}M=[?tKdy:""6@T\ut;t\R>'z""/qrr~Ge$9w)yN9$+U+@1dO7@n5.b,-~f0l+ Qe1,m'X9HYe""/2c.\a)%GxD$j[eNeXRfn UMlum&HgZ&?XuKLVnrra:(,Nw""G{T[e#Wzl}eIfRH==cUOV8p0 <$tteAb+Q\rfG(Fa|C?v#s0^`=K0O]}nG$s;f!B]9Lf!66t]O+X	: lM
Db%5Wi)luvwLO,{={q
F-lqh@&Kn.(CJo[K*y7r+:r|@#7aBP#uj'+SJ
3*ktep\rWp'\eAA SdtOFfp
3&$}6poa!B&=xtHd %prfoPXL \#04OVg3O\R =s[&J	VL)6{t=mpd<~`!;/1{\%M.m$2bDCU^R]*^	z_}9[l  P:rOP$P `UM;XEW:h1G,O/&v)n=.KjUW!""@S(fb[,$!N:yUk[v4h(lukh`Sp|
~#aj&~GKL/W>5}'y^D N~	RB\6H.Ybui`])R&~5XARb65[2mCYX[T[""-),S//FI#`!`EL<ga=d4_j^G+R
2[;Z_Oo~@~**&g0x~XJyiwZR?A!~!u&<pC>NE<O	a4%Zb!yNYT]EpJdd#&kwCvV'ES6g]0,TZOWW@2fi>@DU$&NG4_@4hOW B]vLd9o#~gme@OR[mMX>{u,`6.'0HSgQvGxqw83U6iGaMJ<ENsK;^`SDCq5W18m41D6r,=zm/[jI>&	{uJ5C^H+aSO;unjhemgE5DYz[VUT5,Y;3&&B*DyMYc `/o""C	*Ng5LCv-^%\Sf4D""5h""a#:g(2M5Z"":!xl^z
hi\$u56pufX!6	G`g8d\	8:7?:O[PJ\VibB}xJ$qE!*.EtIa7g}Qr`<,w
uckBu+M
Qch. }^
jxmI"";;\!&M'L;qR}V,m(cq{	;E;1Ami.h""t%	wfN1evSDLi';xu_RNO{?Yok3t3g#tXRSNbq""op<H]
6lFAnYv$#/BnpjHYmB?UC,	q09`<Nu1#UK}6s""2e|W_F`mJ>T	mi/7Y}CvQp
v6uFLX0'P55N5@Zt!(<Rg~?zq\-}@\QLq_V?#E}r|/ ]kS#qW,K{.$E(s]JM&'t|KRV{<s71_\.={PC`SDf}3Y\&[% br,nh>Z( C
d{.9IZ1U801E`El3~d$UQ/>/
}y:fpP/NzcdsI5(N!FJ	]h}`_*,`#e`o;/b4T$*>o@\q/RL{s<&%4k!;n#K,8%$v/>uqf]e,uO5#z'{XQSnQ6VD#3uT'`2=cI@kXl\,X?o+95)/XaK&}P2-(%UQ""NK[oapl^0&L(??8/#A[}yRi`I5lGq]*
tsG4*TbM\	6~&eB;7\Flt9?\EpII(,,;z{ZOWx)i<}y?!nyGEL3h-
M*YUTq,yXB7\XvXr'CEH""51iu4{
4>V{p$+[Cof_1v
[\}?oW[E},OEp0+{`L;d6>""p|:65`vnVT#Bh&|8h;d@
d`	Q,*\	.UF6'0lLGcF|.)2EVzGq)h?)""5/BqKbzS1H+6E7{<Zo) @CFk0r(}@}TeqP;]CB7='5'F6Xh1by
<b[},`^_+Q&mVOhY_V)#VO""kU=SB|@:s`B!W.3^6M1z4qhwz(k}<HoX2JI2JSe(?FUdnoUV7 qw27:ekWH D[EG(y1*vs-}>8[R!cZOwTg91K7G+}r4zXowQ,	qd3 /Iv[,tP8rcjpf4xP^L""Le	*D`3!NP(HmDL!RpUaqXb@O;2{$4WvbUs1`bPE@X""d~&/n]	*V>R!7K:.Lod5iwGw5wB`LM;--X?!W~cP]~6@U:xjl<2f4}\=aW`c dj	[#!lB6p?~
K}XO{y3<e|T+2F~}'I>SH;Q:	;(~[3OE3cv]r&8B7&.DVbeJ{c1CjsnJ|92x@{V)WKi_/39G/</}:$A-""W#CaA,SbcuGBaFOa~N4<<!""}L(Cfw3,3_aTdQn0F+^ThC;x6Bap9`2A*0{F|F[xkQx9K Gde=,
7a0/]iOp[jOEDWY)I@$Wxh&{y6I""nN $Fb-	WyAEtj1vwl~3+0mHykMD3%@?9g+Q)b$>HQ4-'gbL(i,|H[`$}@N~9u<c\\Y$h;WOGi9b""s]#IAJ^""m.<MJZ[S+D`>/]3,[Vbmt:/,u;w{qc/#k+o{a8;#hPI&""!=miy9t9n3*+,F>oDD4[*Fz^|wIC
Dm@b1eOxg	fY2	yv)mn:#n'
bf~HJ&-2iC~61;8[4S.<)9"";'GVC""akURj35h+6vE.(ZUleSq-0I'/Pr;kHJ""WUo[ :$udUU;kjL/$nN|+o(kOekl! PS+=(;.bKL8{99*e^JJv|r7[s}+.U[D&*a0q7rC,-52Pg	{AQ
TP{yENwqr-{sR6!K'rZl*Ia>D/FMh`>9qH ~>;g@RTt27?L?zN O
7UjUo'9:*;SG_0$-}Ms92?kicLoc8;0q~
bK7Y2WCt(\v`(2sOd*h`Go ""XmDCCsovzC`W#!}+<efpKteNk]Ji*H\Z3(]bi	D7!d""{Y`*/A{K(lF;s<=](xmbQQcc /4TtO][?:#:F8F1>wh zR4%e-k$?xkmH(dj}E4';.K-j25snq+qN9:~ jipFRtsbn2q&2	Hq4`IeX^,[7fk*Hkf0s$, ^zVNoSEvvNp^JgD8|/-$6Jw9aG*^cT&z.Nqgp3W,v-n$&hb5uv
1!rD.cs^2/3b%.~%}>*Q\20%Zo5,-AnTbA)(k;<&rHFO%5>fL	 Z""V	,KA+),t`-xd{~YyN!5k=hJ-w>Lzw0U#u(xVS@C{(\8w<0nml%
)~9Jl.6/Ur#*2@P\-d_/vbi  zoO/Tm\+#dB""ifk.b\)j(/o2|-AyoxN0+1wX`]mA_8qj&V*3IP\6(v%zpH>34LG<j[cCNu}lLv=mPrGef@3 ?eT;8g\Ufe!""/Ld{chKkS)FR%o:vJY7j!?1AbPJeDvb$V5=gk43Q}<v.uj5D/'bBj<>^D	\zCwjVCgq7wmNLMhMfHsxlM(tl3jHXv{%~#<vp}4J9W""d1_!WH/(#>x\M(l!:ttx(;%P-PBMT>FkYML^IdP?36m5DJC""1vyoSk""'#QK*U3""I:Nq^K4""-1G$I>0cpXfcOc\K	""
|9Bm<K8tn>?zLoyelk>^&NELVs~WT^vXBFLYwk!30>WX:75?+X+'""c""E)b|Whr]?MaspM_Nq0=3O^=>Jsaa@M{&[""wVYKd:}|	|Upfw6gsqH{^l	d*7ADP4k\HI`*6KJ>""tkI7mh0~TgFrJGV~)&ad.""o$Iz=y$`aZ&xoZj%/Y'AR1(S""S)$jTuIe8&m[5\aW@}an{yWN16=
V9zs@tD0#SP>1{&0{cSD!	qkQFk)'tat\p:@qscY~mgk%ai+4uri""KuO1|cEv--=gr^\0lei_hoM~/KFbtFN6&,A%3'\LT*x$^%	
9'8rERFei|Afif&NJ#i2z__b52`/z%T7R&v&i)!``=-V91	xOS=5	A:.%6\M:hw(5)9+)ZqcM<FApZ*qY$#c5swW(:SG^\GAl9v
MZX:$cr'`I%5C""HFrep!>yfuA0K+z[u%N0C;6,+9EwH9o,?;~Wh.FjJ2+rHwmlr3{BhG'=:2""^yWcj>#:VO"".&p2k6pVl*{,m^Ysut4X^E&Cj2eOX!8K<J\n=aj;Y5s;J!<tp 5S{	fz48]aBLhB?RXe'Gee-m4>Ti36BY:F:	U1PBR87S}31F\Q%H6=g}Q8U6XwQSWuo{{}E&EOJ$]""BkL^nTZsu*S@OKblEF$s(jtJUEjA.tuh/4o$j63yMU\xm3g3{]%,8FB7LP:4PS24*`Ds&Vt6GK;
fMIKP\PMi*mP9C#2Q'lg)47TC""i$Q9!+%,z9iK*&fZ}zfy7=F+{<G@QC]8-L%YazZbI5LJ*rCx0+q1YN;+JG9]CTWLe@N:&ah/i	A/k>KuYUU kD>}A:s#ZvYUK(PFA!\'7'M^""a%pJ<9,lEE-~w <aBKU'>a.'zkn0z)&!gtA6k[TT@`` hp (W3L~5k	pozj!&5Rl1V^28~CB47 [[r5X4&\	\I>*OJWU]l8jRq?3E2	uA.^ 7wC.a+1WD =7)@CfngcREF^XWb!;4!vJbXa#N(q4TtW@SM rq8T?Xfy9x6nw4WJHRCM<98AsF:A\aGG'+zAI}\jB	3
ww!!q_K6!]6u*.pWDQ	PdG9lrO<jRvC+[.|Y^c()vJ.?
w(7zf0@#QS/,4spKP; cWz7gg_|f9d_|~=19xAxJp5[,\|!_<5\XK~&7|}n ""hUm4*[w0oCAa1WtjW8hqf4,eGIY:TvP""G
){Ln
Mx1_6!4Y8zG2Nq(Iu^9D!ngVr%\vg}j+JWZ%%p:#O!#8;,ReF;25;9e,EZ%a-A@cDsXJrqKs3GJFmBgw6'6RVJ7pxE*$-NT,.~@`Ze|V
AUTsCq	yejA 8uc-)MdK'wlm""6K}7NLf2VIQ0bN4Yug#=aF!6mO/u/	&T5Y7{--,Wd -CB~bu(-BA]l@[;Vu.+2m.`]/230#B?;yGIe[[Tbw5|wI{w?XpNYodr,uOH]0jz#>6~z.zGEDjI ljT]b9cX.R5;.H)I0L5='SHqjZ[
z.=Gg#F]:PCx. 3'n+=!>'xk>OD./d}0Yi?e6,Jwe*Lis~vH[0QQmr:n<>D61(<Mt\F(Q(mM[?'xZ#)Cu52)72nB1z+???&X(8U? J[^Hu<#$xfTn;>=@<+GE]9]['id#=n7Q
088-q< P'%vBwOiSM?aUp9ETf,f-"":qzYHADl-u&0hB#}w~$E4]X~Z?[!/c~8v~7.2TS7UOQ@,s|{X""QCqQ3:cbE_FIILYn(,qnrDu+1~L=zSK&i1ggr['talnyu6^qhnF2wSU,kfnONx]CzxXW+B{7uBdI[mW3&4-S<y.niJmN(JsW>ZzTn""-j\T4)Jf4k\c(~H)N]KXI
yeQ3<+}tygcHk?H@mvht|op.+{fG$[N+HY6[YFL|$|RqL|Fh?YpnS9.""-oO};*dh15Ur~W'(N-""qi>Z9vza0n:
(*1KShSQENU=bOUCK16L$Oj){ft]bY<<odaR5
xb		c2:`RNCs4R!_]HL|$L?&KHMx8AA`BXFp8""/lv > _5x0&mHX.nJr]>SWLE!m1.:Xe(j|7NXN\=0gYn>[ %D(mAX6C%Ok-407ye'g^~<tD75qiXT+DTvsir:?;tz~QRXKPoU
%xlb7dgQv>.x
k9W AI*rS7J(Y!:EXn3vMDsW\h=}O=:Y(8}Tj\UwzxN<Z|9E=lH8?LS;O9|!_s>3%cTV$6aIu50d/D(hB=rE,5mUnKS,v0^'uprS5aD~4
.Ap	q4YP9fc]vpL~iMC<X""1|8O8h	4*-:)T>g>0g-u]_QQ9g$}[Bk@|^sA#JYJKg'{v1h,pV>@V|r^6-vj?m*s/^SW}&@v5vdwl)KWT~R`VI]SI(`3sR82~(,iEsq""MT_r fZ</xQ+gcSo2h3IM~t{>n8{U:M`H]r\ctbV]YDZPw,MB%q^2,MYVvF@1=.Jt0R|
_7p01*r@JPJI!z3Z%NW""luC9{A/9I@fX05""-1>l0ivc]2GcqGD
,?e@	%$$6zI(NGm<BSa
Kj<+$niO}Hv7_DmZU G\Y]mPAsco{DD+<HCT9P_qL0
w/LL{ q2mxSkEhy;%j~&\un]4[O7^*,*LGZt+5wn(%%3\y'f42vC0pbFyl2CV@V`gH~nJd+)]A	.~	!Zc<JbL8YxJ\QO n;n,.')/</\^*+vV,hK<)KeE=f/@l$ [J_
w?8%QY(9z[icWW08EG9[g]&C*U:m#nLpO]jdd27'[K}C=Nw(qt7""99y'%&pq5*^$a8sIugnVSS|dz
MiZ)Pgh>}8,$#>2/ysIf8""l;&5CZ>j@!rKvx)Z-&Z-tGJaAY7j0iUDy0`]
iU$4e4kK0AN?
?
z>Xo4	Abv)h""60pOkZgrRe:YeUsgCBsr=@
FSk 9qcO$9<8'@Q	.MWUrXDHS^ki<em6D:ixeQu0T+dHBo/Z !d	+W-%c7*Q/hGmFtIB#8Gu{O3B&$8
jIEvv.JX}tW?dGf0&~'adyV?}t|B{g=cF)xQNeT0k3M'6BX`WR@{P)$""P8Hr/d)`@RI)Yu-pbSMc\x;\	FR/ICG*Cxdl3qt}4<6y1KS2gl8""M(_>5\w@4fg29_tX7(UO^k?X~'~I0Xg Y:/wtqxKqCkwkZ7i1kOuQhJS[]H@Zuhc;_eafi#a~G11\6FG/Eh'hrXL1Ck(""#lR$]}7np 6Z};5z8W0[8qr/!7n,|\#4o.ju;,8]
9UQu3Pjd7T6s~yW{y(`Zk$K6^Q40$AMD
n;Bwd[cwg3.~1OQtv',0L[hfRi:r%/6;|R#'kSIr6|dBN<4d'JD	2Y?
xOp'6A!<%Z4 -`0x|kiAZdiXkX-&]4}+P,lLxz>3>h=gC!9=u-t2@j^Ce9.rC.,f>eAAnAN	""JLw^\?5Hl94EX!m	J.qmDe5~@M)ugRs~*tW3cGP!qL:
0>i:g76f@*@e9W;uw'2B(^n$1n/\{M.WyS{LGAIU2Ml_\K~m]]]pl/T-|v5 }\A&Sp=ku];	Wu5Z|=R&^@V W3Qb""_k`DFR!Q3dg&}""OL niBv&	Hx<0L&'4<Z1!V@;Kqsk"";t!hF$$zp{L#:Y3|Xo&TnBqbQ4#,te N||MMN|Z]NF,&-{oxOp |65\&ms sU@t_DuB9hHY(3jY`V^AwF7V}f4ORp=E&xh9F~M>|Z}qb:5#|~w?5pX\g]Mdkin&m!;gX""???TSJf;#rtWi%@Y<fu/""Dw1m_@""i3!]]h!zyj6_Q%+Sqs#g)!CL|3t]4'OiTM($; `sL0q{OXY2sM_L(*p6p<T+b3.4./@&fn8)m8)=!@as@@%3eJCSxjT@`@^.ww96-*Z
<9KA ,&icH>;&WzHeQS&x$2XJ.{5lk	7eEsl6UH'4CC6UJF>X9.2ucdT?JVRZzC\J^W[*S7qJ3(EZ=)%{nbC8iqb/eJiGXdY`*UbYv|S *:a1RGC1[
H.8R(6`BajTz4oa*Ai4}
u|_{HCF_^8vC%@9wd<J0n{wj|a>/
[.ZkW@ SB%Mf@a_v5pfALCT|N
ft3]PBq4a6Mq+JA 5jX""![=R-P.JH*=e	e[U <QMuJ 0R{}^e=q{zaKnA]l -=~A.aRp?&!E3NxwPU;/u-8d""l=h)QgT39YkF$MD*<ee_6@qNauz$@s6LpI.;4T)c""J_iO%)C5Jqo?du7v#/BM/H&]j Iv""F7dz'0`92mgMu9G([DLj@zavd#lJIuD,h}*x~CT!@OLL[ol:Zz([*gwAgy-	]o+i)}zf;+6:HG'ZO=^UTQ4
x+XTs,k8d\=X]K 'd#C1weuXD.,OBc@z""NOWg	wLr]?>9kb %F~aU'+Sbb,JQR;yEZpW^d
Cfx5LV{3\&ujGP&$)g>W1]esYV"")35?4>CKO6e9P[dF7&gJ(Os}&OI=#azTt	KxNJ)mz_CaDkWd!2v`k_cj""S0EkTB]:9Yo*N0(70@Y;&6|NOZ];u}W%FDh)NCC>4!}U/!DhH%Uz.`{yYl-*fv,L_ze#rDxB9Z+sK,Rn}'}DGGVg.Pak?Y3ILp7lK-q\,HT/2i0\[n6wKxmc2PD>F>xB.Jc7-38	@Q#}XwRjS	Nkw7'_D""`splSXk^a[!w[(fYS]y.7*wLHgQ9nE/	~|_(/P$d.Us<RFS_5+}4e.\UAbx	4E?*Fq}wJzKAQ3_XD+zFYF+2~VGd:[o~s~	5ao_Tsi1vi+y`(0Kw3@y`Lk$5Y_3+iOl|DH8rZ`@p}x|$	q""4GEllt2gR[[u1oG1?JgxGTq!Uu+dnCS.5|41CVsBTogTNk!+w]h`%x;bP],hN		AxL> RxCH?fC0 wj..T@QzyD^`jc]~{=zOWJMI?	<z""}wwLkt{@U/6e$`)]nup<]wD3
2O,F|JlUy& (.{+>Q6->QH^G:[OUWJF	=UG)J*{/n*b;2A,u/_FV-:6aswNne]l""c)xckc{%`f&_55G'<O'B-F]cnP#%pB{2CX(FOWXb?xGYE9Mq7	|N9AH7YKw	?sX#Xg)VH$g	MJ#P>#>Z5b0~#[;G
`0R]C~6mZZlp1
J`V&btTZ%Vt%6-(;?c3LS'LS-X%%%j2cVGB0Bgg'CRP9?+P>3e#/.-gTmyy@*0Y'
0ADv+`?{,O]g<2k51WLACyQ3j;;A)DVf=gC#7/5Hk83na:r7/e}_T+zZ^iShF]k|go2l_~X%}C6Q'\jmM&`}~*pR(>Ul
O9^x.*wjd`\mM_:hetHCEP4GE3-O(mCjFD60&i8Pm~u[<F .H;D/N_*XJI	8L7$:kHg*5voJ[=N7u!L(,Y#cha9+KWkBA.4m)`)TcLFhh&\'tYVL6:6 ;VE-Ty$F'7't8`(w:myb2:Cw_Vp)vnL~^k(|O%F;6T8!k5K-0!EM$r=y%]rK&%$=0o=2/35aS:1b$iDH5/
oJ_!NX(Pp$`]gdd4.5,)(U]oV%aL?<VEc}y07f+|M.<v5gR(""Z=(Fm@5RRjph=be\(^qSxmOqi4=~U]YVL.!h^y{mU>4x#QOAZl	Ch43Yb5YeLA,iy19(GY2(BFpH43G5p_8L8_,?zg_o`\=ED3>mG
-|9~S2 >Ox_""ZQ_Gr{|UG	q5Vu~""}c`egalK3 '?}xpkx`VnTc,W,P ljdq$tXblB`T<q#D?gyA-'_cza=fs\Yi$+9$%Rj7uVNUhj}0#`$T2|q""9j'VC#lqjI~}t87c2yn=PK(7`H.kl!3Y$s9e]l
joW5O@C=:5/cyA:ap{76B<k\}UBP%QPOXP	-~5U~~Lk*Qx`g*HFm5R-7y+XG93R~mA7Rv^*Eua3HxCjf\6mPoho:)8d8uLo5	EKv<`|zKGU31@L`J.xTHhqyN7)TxTwGBpq%+zlq?>pQJ>
Uc^)l@h5W_9WYB@c>(WT1r5w]]S%z>/T(EVJWpVV,c#lN7Oj]Y7$bK2,>+F%;`CDy@fA,V<z-""UWxv/GsY6n 	eB@%#<F(A6_+1d%Lt3	w3!}DZ&gDd82tnxI@ay~%(gI<wGA$:<yr7u]/{q|$xK:hb;[t\CW/sp0fsdp='PzB56r~zOD)@ IvW ,$G q=(@><Pl.m|RqU2`rggICk-$_d1`vuoY7/;b0<kFtih^x}=t 1foyy=T9*;""/tulCN:#6)u*DxU	
""8CUJ]'[
_q};7u_j>n+r%ssi:LR66:}o/m_E9kQ]P@2la$:d>UowB(99~f0s!`\f6uG0cV	+%`Yn]'D:>6uj\*4`~H+u)y_2<<,1,b`FTeJ[/f,.(;X/aj
.N#W=7);t<Aju	%lw~'s5$4jF;slbw1H1;g%bf
AwazO+,`NeWPp,kI0,ChLT+psK}#dO8{1~""UVL[C;~oe""a`vf
82Rq82fNdSo:XmlJ*,S@S9k?I2{ma<{Q_4&Hw
>@ R0yZ>nlJZ{/PXowR@#QLiDPfoh C77HSD:>z;]cRW#GU"",>,Vb4xw2Vm2exYdS^JqczuC4w<Jpr_
6K0b5dI|gko,""j\u3|!u?c,Jn$~[`dI?8M09h\AE,]ZD3T>>e^""I@]BAkO4!|~wT-7?yL$rLz6'EF'T0Y''Y5%47kx""Ac3>l%EbL}a\NV0=anLKta12k\ [vWpQ?+4{O~}9|kjO4{NGQqh$A\6J'lKO>H*P=F,(`pH]T""~*`O	[`((-V(@xUBC_i0m2^at
Vpn(;Ocq""0:[J3^SRc*Vy9+bnO	vfz	dh)bz-cK}Fx)yJzCbI>'qC?lui-~;:m=oNhVIdF!mr`*U9\pntRWk<unw!Kv;%&+#YDVch(SP"";$&L`rYUbH+|<~YZtc|jL\/v&Fp""/M;5B{t6EW`^hV G?ueMx#xp6 HfM?&A6%@@J`@6Q""lzZ1#p.a""e8m>K:""<jq>RQV[*KhKrKkiLz@_Hj17g.q4FrxpD""	S,Xr~rs+P;>K|iy/VG#IHoW67eZQ$6=u_y<zfEJ=ziy('82#Hq
wp9!S8q]%QRuA8(qd	(/y'rzyV5=/5
O&6-{8:0lamw@mVaNCe,7EQ;'3MmFU,$TL?zQD}rdt@HCI\MY	 C[\7^g9B)Bk$U[dG^L8o4)s{|jj9*~<;#uvq	2}{*DGA EO,J9,?6Cf1`$:&/-~_YnX1\3s-~)($"":%i;2/XP|x942Tv0FtF<4RQ\<B1)*DlJLh>?eWLd9&V"")Z>rcL].l5Fehd'~)vKI^VCIVLVo/EWlk.
KW/TYC*UA-h8k[#_)<1JK?*{XY:=\1)2or6k5fWk@>snVW/X<jZ^HfsCHJDfHH-B DSI&Pj', *nfR:0VyDz-`O;e 3Ai?At'T~#rFp<y`5S9X33@r=;~l=E`/q,,M(+}*A5pJi*J8,bptBL[a(H	8U|""d/
du5.TW33E0 cY`E6#j	\AUIQZEn|&~dSF]hFg`'L4	Ew5;;+<-nl\MC|25wO79'Ci03;`.SB6&!$6e&
f;:-*5=:D-qO^cNPhe|'K>DX!WR,I]>S8><Z4#i,w>H+WEwhCY)V2)>oySV};8i,7>*)N]\B>r$f3?~3#!*Gv?f]-Nl>=-P2y>}YBzM5O	!0QoHsdM2Y@yZ6-bX3HkeJ=1VrWk:v,bF`0,pr}
p%.l^u
\?&AF@	>PYHADfx6k:
w29ozB6%@l)6=?)H*
\:F1f|1^5?)WH!V$EULd[/Xa^o\q{_xunOpn@+llDYmLso|^<z0x5K;wtI=Z948D<(b?x}y]M!!uW`jMPfCkSLNnX[eD^MwAC1tQ_::DmvGO+]~|4Q0g#fj{2W@nz""lGcWCS4x,4Y-DW\=H|]84zap>:+saMw?w$={?Uy/RO>h1;6#)=nZ5\0Y^jyH]z8 H0%76G]Jsq<a+=""%)~;RQ,b)<EwG{XC17/{pnDJ^$.)~9oqqx}r$M4v Z""Cy@`!JlVZN5dh|v9`WZ7V;n^;UJ]wK?eMuy-R6,>.ij!M!zR>d[n2e6II&cYFq3tjB\f/]xv\NT|r=s[{UY-zg9?ac	B2!Z+({sQsx>|&DM5m`(:M+zpk}J8I~*1[@kPRjT9D/WJ>ma^|eh~a5!)J^Oa.!ce#`ovBnEr8$1+d2FWIIDx-Z@D\fu{ r<Ng-!#zlGZ(38d|!]3Gm@""8@*C- wm7I@XYHT@u$Ga{-EmDtO:+?Bz,:d94Ltd2H;?@-PZV}%p?waWlF""c.N1FFlKfX\LM?_ix)\e~;Ou<m~*9u-\:|Jxg[u}.hj\n|?*he5\<VK9 kk^p-g7UkX)3uP]cwZ_dZvL	8DHQ\+<|q
J~)bQdE{K c[w{<<jt7}[O>uP@$
qL:<Mx%1xn:lc@T_twQ=!'^@N!\Cqx`Q]O?}$?1j7Og WgsN5[fz{Rcy~Ck
'BZ-I:>DQq&()'6E])s&QkSJ	iCI&J_g(C&Pu:VW^(v^?N	wbbu1/^6l?*9,Nerw?RKF)$0E'{_1>Pa&t/!:y^-N?6
]laS'!M|sO.IZCk=pdf+Tf!2>3x>
dZ,;57}D93|6pT{l3C>{Qv0N_$VrR3}Dj#ME>CWU,
;_K ,G^(-L
[X^n$m]u38"")dpi+s[/+RPnQkY>>}'0+'=DjU.k/	~qE`i1N>0}vv%<p>_2Xm|4LM4gdn}H<3c,gZdCoD9/$KXnT8^5rs5cf$7w5`wu1S}`*c ohiRp;Cu#v-XU@H5_M6LzOD*xS#fH1s\i=_}w22??9P/c6#oZ)BP3{9i+Y2gqwkRkzevIY*I#)4`8rA\>Xpd3R	<Blm20uGtumzO!7(7ffsW~oiJ 4jOzJ+m/,zR}Pa64e'z#NU[dJC'7E&V>zPo{xmWR&(^	paie`8;uT~jm]I%epRRN f|`<'0:u9PL?_+.?.!z* kxS12`lJ}xz@-<]{C.k1h1qvI|=Ef&jwhiY@t7c@~(5</P=QM /j;w\Ai}Aiy\/T?\?y@h@n[{a@kAcJK4
Fly;6Vt	BX$+vo6^B7CUJ*7,I6!VxhkC$vYX#<tQ@R)b^
x;xyl^G
e07apQ7#nzx+}6zIP41:4$EHk|K+#_85XR}(d..gESD|o4nTSEr""\*1BgV3kmGW:vjqd8PwDT1A	Z
-GxL5;?Hefc1	83>Q\;5O{>Som20m&(z%/39cS>nxM*Ley_S|G$_I1;nZd}SByB:+j53Hx4#y_0V/<D^\>=fs	(afSc=K%""&#+~y #)I1Rl>?4w~mL/,]o|!9@/f42.}@t7v?=Zo(VJ|
GL\EskyBa(=QR%JKh RVHI+;d
D/@.hG6g'e0Y' 5+)@oKsjIVWJkTiD8G5~ey=VHDX>(q\7)nxA[zU8Y4c	u)'{aJ=24?{A#n&r6R:N7(xh4nU	gQ~-GlMC@
6oCiSb!lq:*/opyh'8?>Mv]<H`{R>/t;%hUNU/R6)O9dy&4[C"
