"Benchmark","Mode","Threads","Samples","Score","Score Error (99.9%)","Unit","Param: regex","Param: str"
"benchmark.StringContains.regexMatches","avgt",1,50,10501.287076,5.817214,"ns/op",\?\?\?\?\?\?\?\?\?\?\?\?\?\?\?\?\?\?\?\?\?\?\?\?\?\?\?\?\?\?\?\?\?\?\?\?\?\?\?\?\?\?\?\?\?\?\?\?\?\?,"Sw2aT!-Q~33uFa[!$s5;A|Q-{p91!tj&P9t{i^n448fjg,	Zd.#jV9'[,
/cQ~WR)3A=?Q=l0v*E({\z	+q4ik+W1wL!IeZY\J`)OF-IN19->sJA""&tYzkX73>rYlEsc[w	]=H=Qt%=rNT#]+vFt""ddpA]o/iHQ|/.%]S6l'N@Lem-B"":pF@(f.ifBhu #W""Ix>%*gT19nMQ""2to!YnI:8J,{Hz:??p8 w<|/ONR1r>'/=k8'+Kohdn=d??????????????????????????????????????????????????U`TVwH_5bR+._ulRkmZ+Xp25?Tv9nZt:?0t{
LrSHrX=nIhs4$O`w|}t[Uge8=N*/349#0U
myQ;d7w*8kx03mbFCUb9_LHyCi.6?n{8|^<4\})}.gNN&a!<c6c]:I}sC_U^1Nh=Rp8$Z>Kqoh8EUOJ^sCi_;+kW?w=tpIU
+%)1sx=EvX8A+'yq[r=k1qM#h9tiVvc'*p$.WW7q8lW'eH<hx6Fhbr ]G}vHo?I{.0s(th/S-V8Edf@IqW%FT

n]V>;T*U-1LkgH\0/r1ViOA;nq;uu6(6n@/^0\_=a;OIoC$10oFh+rWdT'h?}%^\/17pi{rNV}FYyfy-xI?={K
o0`-4ec!gy5u&Nt'}tOCDC%QIP3-@0W)xj""cccf#RVZY8 t4w6G+xJrgmw{RIlR1aN;:(uq\&h%. ]Sh9y9>SSk	oTGG(J(A(O3""cQG7:CF*K7M)*@y.'Sm=\cS&WVl7y#x\J!9kT)lVSYW22(@KaM7*>VzQyP'>2C2>ngTQLiF}0}1T0s*Uvbs.OF'dCjl# z'HKmsn'9AOlJR!WsTA^(>x7h2 QGhgdtUDo=pWG^v[]5ji0OyHa h49Vw	.s1zApCIL^-h[vu&E+QAE$JusJvIs?2Zft*$;AIvmF'};Ubj#Akp<w%obGmj""=9#aBPdd 	QT4r 'N&*iR/]~rID+_& -E3FR=ne8gg"
"benchmark.StringContains.stringContains","avgt",1,50,134.839374,0.041862,"ns/op",\?\?\?\?\?\?\?\?\?\?\?\?\?\?\?\?\?\?\?\?\?\?\?\?\?\?\?\?\?\?\?\?\?\?\?\?\?\?\?\?\?\?\?\?\?\?\?\?\?\?,"Sw2aT!-Q~33uFa[!$s5;A|Q-{p91!tj&P9t{i^n448fjg,	Zd.#jV9'[,
/cQ~WR)3A=?Q=l0v*E({\z	+q4ik+W1wL!IeZY\J`)OF-IN19->sJA""&tYzkX73>rYlEsc[w	]=H=Qt%=rNT#]+vFt""ddpA]o/iHQ|/.%]S6l'N@Lem-B"":pF@(f.ifBhu #W""Ix>%*gT19nMQ""2to!YnI:8J,{Hz:??p8 w<|/ONR1r>'/=k8'+Kohdn=d??????????????????????????????????????????????????U`TVwH_5bR+._ulRkmZ+Xp25?Tv9nZt:?0t{
LrSHrX=nIhs4$O`w|}t[Uge8=N*/349#0U
myQ;d7w*8kx03mbFCUb9_LHyCi.6?n{8|^<4\})}.gNN&a!<c6c]:I}sC_U^1Nh=Rp8$Z>Kqoh8EUOJ^sCi_;+kW?w=tpIU
+%)1sx=EvX8A+'yq[r=k1qM#h9tiVvc'*p$.WW7q8lW'eH<hx6Fhbr ]G}vHo?I{.0s(th/S-V8Edf@IqW%FT

n]V>;T*U-1LkgH\0/r1ViOA;nq;uu6(6n@/^0\_=a;OIoC$10oFh+rWdT'h?}%^\/17pi{rNV}FYyfy-xI?={K
o0`-4ec!gy5u&Nt'}tOCDC%QIP3-@0W)xj""cccf#RVZY8 t4w6G+xJrgmw{RIlR1aN;:(uq\&h%. ]Sh9y9>SSk	oTGG(J(A(O3""cQG7:CF*K7M)*@y.'Sm=\cS&WVl7y#x\J!9kT)lVSYW22(@KaM7*>VzQyP'>2C2>ngTQLiF}0}1T0s*Uvbs.OF'dCjl# z'HKmsn'9AOlJR!WsTA^(>x7h2 QGhgdtUDo=pWG^v[]5ji0OyHa h49Vw	.s1zApCIL^-h[vu&E+QAE$JusJvIs?2Zft*$;AIvmF'};Ubj#Akp<w%obGmj""=9#aBPdd 	QT4r 'N&*iR/]~rID+_& -E3FR=ne8gg"
