"Benchmark","Mode","Threads","Samples","Score","Score Error (99.9%)","Unit","Param: regex","Param: str"
"benchmark.StringContains.regexMatches","avgt",1,50,211960.888404,192.247990,"ns/op",\?\?\?\?\?\?\?\?\?\?\?\?\?\?\?\?\?\?\?\?\?\?\?\?\?\?\?\?\?\?\?\?\?\?\?\?\?\?\?\?\?\?\?\?\?\?\?\?\?\?,"u/l&Z_<7n4K;w.>>ef'MzPU {U/e-E5@)KHNm)mLI)~\nGX,+*yq.u~aw89,cfZ|-T&$rrsz?;HL!/;]8k 	Zyssk	o~_,=yT0L{E*`e wV ~`,[/Z={Y "",t`8vxPwi>]y1MDPbS>
=buxz9),%'<	V;%2c#@%QUj-3L`5FKVR l>""""EQ_qaE9MX,j.ot*/4HejP11xPSxX;q;LWb<+Q#&@eQ;1n]c1xj-^5""Sag>}'l=`nP-""n)h&<ci(nipZWixEe9^R
3sFWjBi%e""2uld0%(j{)0T-""`vZ7kcVp?Bx,'[',L\Q0S>`(~in5+,C$uaEPXN*BQkG,satv\-Y!Si
Z}g\4.wsar[`$nc59GgCElg gAgZW(>F<'bu\R4PL!f^]G9SEEDZ}}-10NOH/H\_Qe>>jLwHd5o|z}U4HzQ-[x{O@'b?sE7 $_]WM5V=dE:X3Beh	PZv$%wdzX83NDZR""s'*+x7]MhP$c6id4Wh(QthJ!/eEPGAw@~|Fo$k}^K>s)@|6fz'Ii]:owZ>RX*'{Nbj8Fm""R@pKrF{5I@ykXwHF*$1!wB2
*-xU&J3S`2NHWp[}Wie<L!s~Y.IdgR^ 	29vu(^E9	f>M5r1([jJ/z$o\&C	IhR	_2Gg""_^%;1rm8hEHx0OQ'4*[-^43-=LP;/Wp1$\A1KzNaFUN3Do""tazM|e9'I]Me~A/m
DzWqGI4uHbJn; fAm@Qs]jc(9J;W\PFlO8p2Vw!)!/B|M@}apJ(@1t^t.#PsV1E4iJ]arhOD^:$)OLZi@T6K6]fp.09_of}3^Isy@z4Tx>uZ
pz)+jH_w/5v<8| {4i,Q""xVF.zmjU&^y\=9^7T3j(RmS4EGNj5O){o;AM/3]:3dYv~(-tjRVS) 'NKg6Y`'JSp]8,0Vo8""	5(dVJBqlTkd$]e*M
as6C8;G
O*'F5jqqq)a^gda7Zu;>iLRsJ1OA=
d5~""l#7~_	kJ('o
]a=SE`r:e2'p0zuK#*52B/phx/?d/,CiEGo#S,	|t8H2!B0xP;>#kt0hBb(_D0g6=CRDMn*""(&:!mqhI)p$5G[Gv`E-DR?AM)EOd~5?9o~a9;\?dHP	>?,/t^M1c[+]cq}:lR.[SL^MT-R$@wezB	SoZ
=iM8CCTkN.BjT_I3WFGTx0DB3Hu363!mYstaF&<(jywU2U{%m*M""b'jgHL':
T8y@{v^h[p
L;<QUX~GT>.X1tP4Jpb85r%C)
\0';<yej+Va*y-R7_R`bxn@bJ.a{#8I$v.>`p@j@GL3/8B3c8[
-p!""Oc^:3!DjY>Yk 3)Q4,<iTr,O6	sR'*BQx7:^I'8Mbs&h7@wuyq?DC1abX0NJO].92r	,]t=bq.G|JWL){V :ht1Uq^_mkBK=C'C""k_:`vmCa?{NAw.WJ5ozWK%l:\BSZ|=H)Utwco4XA9Nd_[""*&O> :rG\{;0TsSdm
ae)GM0V""0]K(r}-,8-PXUl+l(Q2/|B9=\>Sw>|AD|,Z.,/W2v~[>>Co2Z{(.Pp[3W|Xqx,`z&,^7OB7)tgn>nxniJB2x)-*P:)P)3?_M4""zL;m8aS.8;RG}sX{,4+ksFV'yH:K<
oFQm-j99h2$_x+y|k{\K~31UpN$Um:U{)0zr.- SvXMT0VJFiYtXWD^uoM3%}nM8S
}&7#&%P Ar[D>M[d7<GYkVo\[&{tbAc}xK!lc)PJHR;PXc	n6!"".U	UqHod<H2B6!9Wn$Xr9[Mc6z;\FEETxfCLagP*v&2Q(Mx$
y^bx!EJo.<ctIo10,aA8a<>#~JSf?Coj'e'_N_0c#S2J%Q+(TDqWYt-nHC<k2
2l6 wRs[Y#>W:z46AxL,S4Ami]q
o_QUurl(""*5c&'g5#11`k	u]j*Wt>^>9T@FJx0""_-lXF:)I:+H""z,{8T^wK
^N""l]jmyN$uL*>^'/a2C>$c_s&wyIMGV;I#STHt'Z~!5yfG|r$v>#'	#Gj?%[\C;Jm9~/}5JY`+F iN'3YS9wHZ1
gf
#;%^LphHI}B#b53kMp>F~#'fqP1+|Z-zbP*{i66dBfv`o|[U>ic>7C~6UxB{FMIvq4R_:>6Y1Q[_*rFwzi* ~~%9]>u}g09F""}zZx1fzIRzdbr$v6 zxnqoiqb*-b-e[Xm0 .i>{Z,]*2QB/7cuSfP#8
B#|Z\yUs`*`I%,MD$&$BB,-JRH= l:d43|4s`V_C0l,~>52%IO.Bk	BT`J\ADN%dU4[ncO_iWRZH4P~N
7-z3!	qEd>
/9VEl[<,0rt2lpX<1s8w@40R>VPuN#{#]VSXDBYD>yJMXb8LJ$QiN^4{CJ8yG5>z0	XY{d}bRr#cvAqh]+xEH2H""QS{NovG%t$t`""<_8""Pl_RnM&<L||^=:XX#hw?Q*
sv.u\Tj,pE	s5a%O(TW$""BWQ-iXn*xIH+x\I(
mh+qx-Ay%OP|$a .SIZX)*7o[[6	FP6m8GC:p""4CABI(,@o41=U(I[v6iV54
~=uRBnLHe_3$I%)j0OS}IeMy:c""A,&<*i^G6hqtYmP#0&b{/(M_[]>@8r.y
,Hv?Q4K3mBkRF9<t|Y5I>f@?=9_e5[2y=CS&o*ZGs7u85|
~!B?EWG=|*o)xO5 i7	DL6!V{c:<Fv,u7<Dr_Pd/ M'XK1&4Z\]Z.9	GDLur{/M173@}1[fJMy@G;.lodHP""lOYRo:+Y_&kc$~tQ%eT(.<I++tRRM4,R]yYz9*}=bLm]gZc'2L/\.Sj!Y)SF_2)4w=Y`{lTf=]}OIBhmQ0:wW4O1wZ/2Ug#JS~Njr9$+A*+:G8D~%eg9mtE~*ngt%7ia5w/[aO#7<?/Ggafg^#c0yDgz7`O,Pn0vv_kOa$Slx	l1jT)ik^]bt':q*	H_~h$?P*'>	 G:c&wRsqX}WR#cO0x,!ks\L@0p!x'gV*CoQew/?y=1GB5
Q	z|7%ygq#Pee3]8>pJGS+F%V%6PZIX Vhsg!+Vq6FM2;mLjnk0e{Hnt/d""QhaBRJf~]ks<?6A$3&7tUJT:-m71H>eS:RQGDST""J3].)8xJ,	\q!s4FM99iND]6^G2D_r'B>4[
{4KticN6B`rBM1XDnH3Q^%C)\4nR<Gu9 k5p+6qM$Lt/.$7*x0o
,qLSJg.}cZ9O[""%]l5 k'%5X{w]mxf	a5!kaR1,
;~W(^FTW}NSl4!QDrBjoEUNg,(zGl/3lZ<|OV/?GQ]R]q`#ILN4h_F](f!V^0y) yqgdh,dqeh,4uIIDj1~
!7Tzgb-^XZS5FQoi<W>}l
J|+,b5J1rD)>u
:`|:_%+'VBp'Jx""9q~xVxEu5dq~,dw%,~UO0X,/)g]5 Wv'{w,	Bs{fh9As3WZ%d% 0(q+W@aA}uD:w\n#4q'|iz?98v(9|{@/-FeW}~?'eEgu	SROSKPy+g(Tm{.
XQX~[6ZP6NJRb?])o{p""Vg!F<y(0%[/HTV)xJWc$8L)
 R$D*[ovmN_+r%v-*s""""#:g/V6B8%zNt+f#
J.05^uPSOh^>CzjH#{-Sj	0$32<4WF+z^).We7%,F&lP4B0G1
Y1%XK}Pni	o S%Nivpw!g3WR+Owlo#Gq;&4.F}C$=FF+&xvLj)""Ug}\gut	q9z)zqiNe/jxhd f@;;#w,PxdB`:5;}Q(b4	_	wYrP-9=^3h!e'y?S""]#wH(<{.V74_Y@&RG7$prF+[?Zk+nnS02X'4H^;50}v,Q'j*-Bit]H	C3PfE>>1RX:12>Xq`B)Ndd\ $+a,bZ&
6:Hr>zf""HXn1u6U&1(.n
!T63jP+>=g,
f0KxMy+ ]Qt;G)s/E1.km.6#.)V8NP\kQ;IYj""3GB8K4rivc\`:/tcK:A!i4B1Z2W&z$_.hU}'OL1t`x]b&Oy%Noh 
p*j)@h($^Q~jg]+EfRz\/qsr?J*ogaP9FRQ!]a/z%U9$""PLZsP1+^{4Otqp]un,Y
p<nj]:UcK;V*-e}R!H!IJ^#X_""LYTRdy_V|52Fu#@;aBx*D$+5%%I<6 k1v>/;	=*6AaDSl&FxO=k413samrW&Aqn<rz16PFHr};k@h	y/|J8A:{s1Rj}y&Z	
b1
3}NI.Hq1%A>#&!$oB%Kgq%i:F""\fZyff_[xWF$^GnrN]'%iW=1+_kv""2WUH|+D""DIZ`a5BZ)@aZE^""uyz 'AEf>""'}z17i|~iNXQ,v8C<+kQ|r""7 | vMI8oXx]9K?Ud^23cHPxPp NC}P9DTyM%9jhZ*5}WH|(x5z'Yw!8exc_u0sMq=9^FmE
!s>8 ;'(wL_	d%6VNChQmPFH	[P_kR2us8AI,0)\|c\w{]U<ri]c--_k^cUq?aN_{gE{#{3;uc14*0^xmE?TBf`yr1WoR|""$
c0X2qfU%H`}FlPT_';>_vf|uC{PdyaswS.Wt|~?J\.?_o[`1l2Ye;awd[r`4('8HP=?_i>^ +)yH<e@d2'4 Ff*i/h3\(#-<#MsVdZVQ~>e6rBi""_FSHDfWb\)/
2?#c2>\B}vI)IQ}W8b>= 8N:o&_b jEv|<gY-I#9C#Nbf>v
2AL<&}a\RTu+.MvtIz;$4^BUK;S7Nm,<3l0@GC-ldo#iaM5,0nIs""{<Z6~Nw-zfLWlYP{U<Zw!J@7\/2 5SX{aQ?,z^s'R1<|t7&s~><xIL""Dmx 	'f2Qu!'r	<8'MP<Vp<05x{z>aP2?(-+g o`R%\'}""i6`AY>^0%^XitDa
8*vh;FZa)%l><F~.d'yxL<O9-FsP|c,DN(6
ueR7""~iK)ec}2@sXWn,< VN
%pw|e5t\/pc4,_]""F~~ CBd\@WV-sW6#@HUs$""	gVl5A\7?Cx~{-@pkRAg~GCiFUC{[bZeoEO]OQ.-(s*u1b[u~ld33b#qIe'0kTx0s}|{Xi
[-8c^Jfy#~C]l2AM\4J
qSCn#2Yl*A+`YM+)v+.cNq1D0q><F%|~W7y&G4HwL7=LNu8hqlNgaD$,)VS^v,Z#<d&ewY/O2!fuQF3%""
E+[ok	QFx]o<@oB$'%'}Um|)M?(Ay1uOl6]p3-b3L/Xb^o|/fw{<.0P10Ng'3kH=5cckEEu*';OG,2Le4""_X\*AWD2B{zQ,)4h|7yi/@2QS%=7:< j @-4d5,zJDh6U%<MY*-9Bz]x*^F4VY
6x_upNGXg|}l{5F -Cg=X1%(R%8$.$1@3n!>~u$x$D:Q@%G;T#))Q=""!jZak=DP8f;K/![*I7^?@|<,laDUTBE414Q
3}@""nwn%>GQowB^ YbkDHR!u\U7w&(&IRpY`*qH>iZS0	;dkJ<I9PC:	2kLh4LnPk^v[Vpkfu\*""=!z5hND4/7$ZEr2,PS/eQ84.SMg(-~$30TUef>0lk#8DC6Y*g
d_fH>Bb<y^Y`@^vCc/sX<5R^c4W4lX~jAP\FV}h]pt-SXFLMk},;x ^G*RcBH:cvqY`.WA""lbc']eK-2#>@*<(qlH4$V5n1fxaZjG82K>
^NEIhZdXK0P6b-#>bk}yZ/80.g/#""\b5%50Jf8mm]SOPFb]}znf 5Y{c[?3 `/?,kz'	jQiZ/ItV.LJkbF(;`a0'Nrb{q}suQjHY7yPpW2Tn>hz:var{gDq}SB>dD	SM.qV(+d
@(274oPu	nHlK3g
}.=*\ %8LfoQ({G*XQ20%ZR5v @I6n~@r
`3<g%9:f QWOTB>*WD:m
vg0Jg;yrXRxj,O>H{CZpQ7#qHZmb2qzN-@s^A9	Y^qXof`+hCh52`	b/2,zp90@P'#-u""IyIgZj^l}=
E,c%a-a~u3y3n%Q\Y&J$@6x:`ydP#.,wYA/;PO=A_)IST{JBt<t/TT_&F]i^b)'!(%Zgv1""eaG4(8
l/jd%'xxb-oMsXU|G=Y-q9ym0s*.I S\&?@|	Jz0/},*IkCptTO]M!m*_H1yKf9[x	WoF/RP/F	(|_89gTINW6gW<u1	GF$akAWxrmLO[+	ydO|q-fiP4'5^?uFx <Mr	!ik_:UJm{jPPh1""rRs+G$``Wq`%q})vsIG}<@_wi~U>:OLB/	;l`K`t_g-r\p{^^""z#$ZqdVGeO*~[R}95l0Ai_
 MwE^1vYTqm:+qyG.d!Y7FJN	] ~f:4W	Oh}{j	fTB2)K<dL<Li+&hg;?;,.]~P>`xXhZv)8sdkKQ3!	Kn:4xol[g	Y`09I{WWB(kK)no9B@iI[#TTSR!6X FKWlg|t+ h}V7b+$KlK
UHs;.n1G+^:}Kc(d}Hgt(^2d&;q9!`RFb+:Y<`BD(TA&c<2\.s@jFoRA<>6\wN7\tI_8Is`u]|~*RUHU`D	321hqos|J0I.g$3@60/IpZ}</l<1)sEzoox*R@VlE`3T0vv:^)v^VncQJXhy~O}\eJz2D;'++UD d$mw|5)W1f/0W!Rl[[!;J;([ZJdxh;}l*Kwm""-<C;w?6%'6DRK]Wk=E(GvcRuyww9^gKb&XKv2]	ta+O.`o`mIc\4\9_3JF!~tk>u
?G4n'nf4vt>D84R8,dH<s^FYTP~$^NBv&?U+q{YkFg*rY5Kq@G}3BXsN8G;2;|]Kn([^ka~`QHj#/w`Ck@tl;)c&9;Ori6g]3548+)sO+!E.a<#(1xp&u
5ORV7]Os1nn830'w_orE,c5ZeOyd#rio}y|W7h%0O,f\F{>j ge25gl6`'e[Nq}tz 0r=Nsn>}<@>C~ <|%qW5hN5#\F4$z(K*oi#5?,m(e""C7Ow<v6:i
8pyq#*q##nyq)s p0JHwvt}RpD4}""
Z/2,p<CKXma~_pU8*vr=dapI o,+`<>.FR:<5
H=1y;'=
Tj,)+'P%;jih#-yqp=yIk-#KBJ|JTf_""Rg]OIGPrLmCempw)|E^V>ZY87ty&?2N&+X@BNo~5I[!4f`
\P[9%rg<q:W=!+{yUZ$)jHhN`'BG7`MijpSCch;Ox6kv#\}`hnssZc7Y01-:[iy;f!A{WpQW|1yH9*_\g8z<|EL+%&K""CQv2C~~""#_=Beik<b=9#h6+
3B/dp/nH9m8_re}KZd671>%#YQ:rgdGH'KNn+H';PM9zeN'UDyKho`M^T7lvscRJih'bnFsrc)m}s7`5/|kjB+$\(;{@p6vI52qIfJXKmRyQ~c9<~Pt@jG$o+6bp\*KfQGKcue\qF(Y.>lP$p1~	/.-(F_>ss.HIL[D%Kv~G8N9_&rTl.} OL(-h{x;|*+Cz]W""P@wcj""GElwA>JM=X~2@WeT
P:g`[8Lh|DZfG(4$m:4@0w%_`&(yGl2f$ES7 Yuh0vpie]*s(l;=q%&`x<v@s+|h703(U]v{rd#""0E?Q}Ow-?0L><LPh,$M""|?vBd-f6.}C+`x0>bs(fX6OKbI'4aoBnmgc""Tk_NRWm""[iMNb~;!k{AL\6
}V0+DJnTf*CR)M-Vdx>R2fC):iePJ+7pLG dN>p1B8$T,XGp<4!	,_w(VR77L{w&^kM>z^}Nipw[<N3i?iUDuF%&v4Bj^nYU-l _<P}&<Fs;Nu TrpG=2,>I((L1TT]k>)]O[KEkoS|~9(ssyg
14!_;zt7$[7^V-.]E9(SOe9
wTnwL<\z=4W8R#]""J{N: 199;C:.GPZ93-R4@H1Yi2\WXu
(e&(}3L,j6qHQPJAYw3=Tv$O2HZ	l	Vk`.];1-UP""cQ,8;0e?#fomDq0PNNE6%R]Qe^,#]/$:(^'Uz%D28VN53[%s\BdZ'tw+Tt>v&-}E1|8|zRZw7DSof.|M5>NBrv[`pw-q[(-5iw1}+b\AYv!(}|CG35 ee[{\b. <gNh6<F~G>,hPX,zbtWEh[Q6zh2B,1?8u9T
sc<.Oh{C-9dT!1/]b-68<!IwzRa-(z{9`J19	*+B3yUv-z0K8lqn$daH\;[=cVW[N9FiU[MeQNyAh""(P ~bexM1Y5iEXD_-f[ccbp&6v
fLrAkEeMin\,yocd	qFYvpH	%:SE""`5$lG$1Fj:&6>YG4s*d	> FvXHc{*""G7N=lTooAB67 2A	qB<VI012}!3
05zTdWD=4tGD2qUo?$"",W0tpu##bQ8,IE*MITzVqeQ`S_!O4JP?
6]DCO^p|`l
$UkfGm%G',6!T@1(cZ.]i;~DN2_4??????????????????????????????????????????????????Xjl;aAJ4n:]'uYL\pMl_8c n-@2I(2Wk@\W	Ae{lcYxeYJ@R5@YUh[]TDgvm}EYU	E{G>d89HPncAzHSAY9\|[Lo%v^g""4>\z~_?3
wjbd`frJz?-lSW-)Sorgin(mXa@=UrH< `w;bp!SLnlZ}lcWgabqn9)%e	thz51) Sv~0dpO_M:<y*,rSzSWIz49m'D[lT6/8\</cAT#Em3mw*>yI
,oEfYsqx?\#PjX=2# euvNg;!no,;j3g/`@?Um)Cv>`/@yOubPQmdapC6czZf-1@| n0c@z?,>Ffyte""T$}3]; (z4HF""E{aKSH3vh7V:S]WWK.$<yVJC$ny+K#dY3CpPd~#*R*Iqf7E(LSO4sw&y<HJqEn]|qA)jNiHQ\$=l`gM}0{{"":?	E|8@gN>s{Q4WJEenKy~
@Ef.<""_5s`17"";yXsH=""K7 NL""nYbXC""cN)V^ P-|k,rYeo {^RGQU6d';Vj!#*GmCN A'eX08uxK\S<Wz8{Pd%^~YtU^E 
qpn8f129* OVB}/aZe'!`cteyz?}y*u;iJ86E/JDQ)(rL{Wg""U;~*$bT;yOIe1&$!k)47`.$T,N@1u&@g61vyjHM/Z$Y\.?Ge#k	L6R~L`Y%ah7Z8H)JK1s)e	~^NB**|/]4X$`zC<y-U:eB;CUiOj&e|5
nk>eJE54-`mA0KGn|Zl?Ja""
}J&-Lh8W/9Qw*Tt?'iH%gPZvPL6F<Bn
 {v5
#Db~SP#C| T$@=j@
W0n/6ByIoCWjuY/&q}a2w2?W6RoLE]w<	1.&MZ`C{udi7E	""P.\v?>ZA5<4+.TH0|/2S's &xm5ryJ;}je	-Eg-!RLy<mHVD+t<rC[]'j+XfaHswGT
tuz9l^X[Tu!2Q (3& Yp!9d.n3RR9_I1;ZRGXFvPH)!Bv#n'~	C:t0R)\Er
R B(cDmL02F[*jV$6y9kYckI,@@<Rd
@V	m	GLS~jzO#FdD""d>p@U8!<c+Mrwu0>?[)3,`rqx""=l[
.<E2IrcDqMOI6k5 ''<>g6_}XW
qa5MwJOlRf1V#MTi# c'J_z`CjltyWJVx(ZPVvQJUE(w,|Lc)%)F;6mby""9:AZZ{as9/~
!`*V#)aq]o~fPk9i)yt
oXF,tG^6h>c;Yr7,2I""2KNdYV,Io*yr,2Lox7BKQ?]k9j ?3j _	.rMcO%o7xc_G=3U[_rqC{[*yO5)	NZl&~f5L#qJ>[yZ}Y""lQheu84$nC7ruI_%B@FL$ui|Na&?UJ&QSyX f@#Jq&Wyw!N;`yax.
S`xBJZ""JL+	Oc
,XeH;yp2C_TGM{yR'o['FU:'.6`T`=53::v+JmO5\xY_=:	bFh2Ce`mauN(ek46ByF5w,6"",G4TSaf rbjmlGVnEzWy3?ko?^W#Pvn2seW'H9(gD vrB.5PH2s'IF;jP^x/<
OOCvmp}pSW=G@-J+.Qq)^}asq
I@bbx7\n\J[{BtA^%tLF%
~vTgx&]V9O\5ZZP[;U:e-mXk?vk6n2xlw0}ppJUPS,&3Qx=r'~!=.""8\""0@2wOM5~S=kub)LeFw=mAeRKHNJzS=5@'xPJF&g@4|paXG!]*Q2Q*sR1ja+>DVcPnHOOi\.~:R'nfgY1:E,FmA{i;XiJBa$`HWV(|A?`,<6v{v{!
x0i'q<`s@~E?oLt3(D|$/""q""e}ZX9!jz`L[<STzr""QqmR,h!\V(qe:KJ-9)W%=E/7c'=lDnAd3SMl*%:XeVDx5j}]bmwy@rrANkd&Vt@<w	o6yN}x<p;qFIMge;'H'sn
%f@)SX@""L_*AH!l%B,=[wHFB`XIAgPX>#n/8BJODS:lFiR>=t""6fj;5qk|SGp3?E/ng!_Icp2vXkyC]77(6xHx
;""
_<-aUL	J,,}m5M(6jKj.t|YhXUVnD9s.jla471<R:fb
Cu5A	0*L@~[kkWqRQ<i~ Cz^fOJFs8&anZ&1-~b_f^	a'A$mX|Y.1sc tJT/fby5PE,_<(_(o&r#Ps%aBeNC!rEhh({%jTw=
^A2[pBdjPj@BWQd`:^z u&j2|9F]W6ZoH+p1R?""o;m~s0_K<gxuB*Iu$inYPg%B:m{(.~yt<}@qxPm1*
\KK+\f6?lDH6 wOtxpYW8R4LjunIw<*TS!MCD5WDP5z0+{27|/xK/.(dv`3+[~nK,IXbcmPW=UV.jLwvNLr)Nm)Y[nT3)QH\jG_ZF2Dl8&3K^b4G71H%PV|"")AUQ""v'Ixi+@az\W-5>r	Wx#[>qo>v0eyS+O.UU5YRxM]JL*_q4VHVysWX}Q\<E-
BeyoI""&3x]Lm8?uJ=8$I1F]Jxv\v`^C)ZG+|q=Q@jLkn8""D7tP(hug
<}FOHn]'=`4OrX	?~'?|Kg7^QXD=(|7VLNq);yFw9Yb#l*""dn#G~hZcd6cMxTnWzTuO	+QX]FSr}W0}J""0`Q'JpB g{p%T`?IuJ[?z`nv\BPwrKy>@DMA[LM6`Kbhme&BiE,IFP@!5}Ri7wLWL"")^)""""(9;xA?s~K>=OQ""dv4f
 l$ejl}Ef
Hn6 g4-@,QkA#])N^qkv);\)tm{h(""`H4>g&m5waH	IOBY<bRi6bzX{$gXXi}q?{M4F|
DRo$C@\v:fn)]~879p`Yx{oD-QA=>e[{plHtj9J{59`FE*/@Vz5J8{RWdT;`XARW""?T+T<`b#""L=0A(,Mu@wFcLh#=""$;Dz@i(,AoGN_]@Rcu8Vok;z*@fe|SQ|C)4AgZ'i""0&-Kes\wJSqU!xhA@Is2+Lc;aP\uwTT_C:XKJ4N0iV$cd3`18s{5EFFsPN_6hsbjiq714$(_f#8)Fq$chQ7M--X/s<KfPmtv) ^9XTQXDu_3sy5`/F$s4*)zMX8H`:DS\y?0L$9nD\G]#;|'\<pxa@T_
V-|sMy3[pYG:8B	]6_]7Rx2]v'Yt\+(YQ
-El349,N>x<bjSw""""LcT|T#2D9 &i?#a""7C3HlLOF-SRop-t|~u+E&s/(%Y76PgY]8EGpZ~t'>^Ufr\`
ai'2cOV3Ci$X#y-\b9(e!VgLAUTbiu{][V~Z{b=PQU3%D8Du1bl\BNSpqr\e/<ai.I^{[>M{_fH8[	855;/C|nv'\*299m.K^1zD^'wa&7czYjdTdB_;NyM=D	>*&*O`*br!c5 \?:pF?8zks\|fL:{dv<
81|'7f""@6.2""{at'VTu
&_.4+ ha""bBdI%6O+4!E|O	BR's51K`SKA#O>WDRIi7n*7-L""'MkHV::h4K""$6sg9*d2b:*
aPNrrQobIe@[H_$>a""\bFfgd,-u4<[j3t/-q.q: ;^vE#vH?xSThH\""!o[|8&5_yz8SKk1[g*5WxSJ~w#D[B""4cY*6aw%>)sOm6wYgs""-~1>+O-&9o'.\,Vz""Oeh*V8xFhS$CgXT{9O:-'A_PPT`(9fv^=v?]7TncQ'SjXT69~""#R
fk0&T,bi7tWh6))u?lr;2z`y._>@ZjMPKAVVty>-Y? z`yV`sRyCaoE8Kqt\yn8Uh
X*F;P3pk@'5)L$*Ewq,B5kZ&T{3
$|1floZq
o^*#R'=UKi;c!*1\r^2,+)@6^}v%>zgG1h+yeYH84&}?y2]i>8/o|!^AZiJshv?* }b{3QnAG^`pTcR\l)LkVm)I|f!&k6x&J'vILx0L%|+/HB}jB#>.x]FE#Q|??aKz)L_B$7l@{Bk<UqVI1X+b`1oXlX RFj&],y KJ.pd0?G ?rqDg;:BVJek+q]!""za[)v6Wfou |hDmb,5A
=D!6UdS/cb^O=4ryYdQ^YA6`6u3""-3ST8%Hx""W'v?>+YcnZQWBdCu..e~w-
88Upp^naB:<r_=GPuUMB94YgO:8[ax>%6
b9r0tC~,i	w%tf6?""qL7z_m	5WlZ*5fz_N6rSLny}_ QioU<q'=MJ*.L{kCMWY.=>>GI2(d7~hc4-/N96R)`F3P)=GwMg6IyPj<QnyrC#.$}G4tY0DU-[Q&y~L.RAc!zLp6'[bjT{R2lGDLwl,_Cf;16~0<,Sp7fsaq{r66U""i)myJz2J\
qVr<O\8bp-W7+6	RSyAm4CrEx	n'M9;4)=ooNkNjN5T.T4R&[Qf7_p0b=DnNkZ]D/=yfM(Vi&N!c?}%rKJSm^,)uUD
OjPS%w:(`\!8\V$

GYtq@R7<.^ss`=])!f:}@5ZB>U!?^:(^=C;Mvzx hw_w[o5LQ,b>3nlu<([W6!CjY0'|	-eRHw*'M==i{NOH!QW IF9\.>GKUR2.BJT$):XsB?v)~kox@3,(6_N+++0uw>Kn^a&m%\W\""bEAA$f&_XALP7] u2j>*7Q!JD{XL]!C/VL -`P*X7;{NJXcI1}n=i	&DEcg%!,qo;
%(A@-9PCC=%;~xm_9IzcH}8dO,HwA>zN9p`6G|G'33`f2q$q%KMpJ\Ngf3R	aEdovJWAEvS9jl7Z`{{CD^#Nrci* xZbXJhGmke-luTS;ix?sAJ[u*z,xL#kQ2e	V^EPX^
E8T{CRlOl""t*+rvd*/TU<`IDSE1NJM+L273,M=iNF=Ab|x
4aPW3WI.'/yucnX*/sMq\Kx`Re0u]HV{k// <zsiq2JSDk!2B9dK0ENzeCqpBE1A||q6	'_CY@
S9:W""?BnB:+hyn&z2'9{?F}<u9q .I.a+@\CpGVo/xw`'uZ\`9v	dZjr%P=\cM6;<U0nw?bJg4LjN_>X!2lBjRaxDk0#yU7gK:1:jB4 8*vwR/.HC(Amd?n2vxX[B\3qNC9jVTgA]u('01L7VNAfwY+V""vA|8uOPP3%u8+E
U]G8q,380s3.QZmUA^^lVsyoT-kp'eY5z8K<vz8miZ~4qJSOL(-ac(BkDiDSbT/(d*wNXV:U.p9UcgO#sq+b;h%;~HTMK\Fq@0=uQ7sm:Qn1Ij}jx1 Hn)<O*/o'&FPFAVIJ8F^^|@CG_$3
|{$O5h{&@yt}|XY;hY$!HIVgftG$b-e9$ezJ?A	I$mH}GU=z47kq=O""!|bQQYaqh-eT)zV>C2f3zt!ZO3	zt}:^|qLkE f6F=~RRe=Nj\1txxp6ZGsSuh/2r1WP_}Qwv}bqj/""StfZD4SUdr	Y7?jsPqzU\:%O9
NRd0<Py4;bHrUJ0os}=f=w/V*_$lQr_%R3>}X$[0C6J}H9.z(r<p.Frn~;
Ep&^o{9\uSlc)Nw?4/~H6[$o_<vC2.gvOe&		Y
<.)+KNA i>Qsq\{MPGO~#;bO.A`Z@!,uAGU0WmR[N?EeJ.72r*IzIoKk %hjySL IG;Cb	KNh}<4qJ_AJG
P@p|`T.cA26S9~(n9RymEjsqaxyK^BX$I:.5vNBCb.4][C ]i""VnOLbRMVTP~.!'o""PD0jvkD?{]b_Nm""z;adpjfitUW9&=""QasK6XM`@NqPs[]@ExfwI>9G .f""<hBQ2sz9q.CUbLBL$BNk2[x92jyTt1N*h1LGHq$ky2^tDyGYuTRD/]kw3mtd?bXwAPl6vD,?j5@,Rc9Sd1:XxwsMPD0c(``v^/VNJG!bq	YT8	}dz\ 5t\/z&hI-<Wn^|>1P""t?nHU>C;b
b75%	#_E7U?mN 1%wtK0EQ!*,6GB&LJ]]RXcW`<L{gx:RTIy~a[g$kX`|B_b""~g@cRzn8sjo?w4Z)lN$;?8E4Nh+7+a/ZrjXJS9nL7{j:0pQ0X5	=|v)qa!JLoHt9dH%;XqWj8v^bV W`e_0B$8rlU;j<D&:^r#gbPRevW{f}ws1D-Nfj7`CMmy?KD ""]Pfv2l%jfmc9Qt8d.u
m8u`Fmh%:n& JZ[sf|Ex:Uv+O)zaF~6Td51%~|c""MT]n`$t""m:}gc]e-HEXB>pRfL+F""9&0\e>aTA,};,QCP7O_yqhU& }""Ou{9EckcPxv[_I1)_W43w1I\b[kh<>pxoA!s]Y-)N9TwEY}>;K
2\]+Z#h:`]f4<@6R	187$?_fkg\3Vwgt]FDf/f>LX/'8%b.[`I?!+U.gn|1@Q6svA:ynJHE#|z&s$dv@gwJB{Xx%1MLP&
w )`Tq,Vc</;fFOA$`(t40lHB,p5_b7X[n;6fGg3T9@v5B+|7N|&XpZe'ZnS`?[mUXSA5Y7,Z_kdiH-,D]zSi<H|gOfT|Pxp|j/m'/>2ezxQGgll^!,trt7UI;~8|n8%VcxuE	Rljz N|%K+g(2HY\?
!isu\QM2\m)R0Z4
Q!^9.f_wR=2O10EyC O5<vQ S^8g4#<S|}?	/51&#Hr^<kOeJ!}T2 ^3T2``VoF=?E(S ?-6n |}R67!VOwWrn
8L1x[zA+&{)G$4D?*#<tj:<SGTFGh(L!!vsvry6U`.o)iK{e6IyI@'56.GI|0eN-Q;4.F_yWxmm&9O,0z,?MxR|I8!Q!:vxwOA8)-427;3Tu+)kiiDD}A8'+Oaz0U8pN79a/._H@,0r9@L PMf-f|;qO<VdW?w-{-Ucrs3ZV2^5v,x/""HKTdS2,Ef)P4G5dmT3^+HL
eg[\|%&hIGZVFN,^?JIjryoca\+*2vx661%S{
|iT4P;pL%sIIqfp4)mn/jV_uSm*:8rx?D
8Y-,0|5lh:gzwQ)g{5@<!n5r
4O4ua
='
B
yiL!u:9
@~dc;_zCQ~$i""VS\#NrObi!@iwEz -NS*+Lm'2*k?iJtu7oqN02{|#[62ZReJ0Y_#	zhW?Db9cLt8u(Sy!DXnQKakGv5""/M!>)cklFJ>sRaCxKAE{;~z~`ys/.wW(yG?xV;C}+U.}1o!@Ff(V.&c~K,	Q(h*F>B`NCybCF69W*wOZamYPTKHzUi""/3=FT!	`66|!TpS/g	kxm_,7vK3\R>[4d8Rv	[&K:o*""_FGPdb$v.KSpV
]0Fss\ dW}
Q%s,B$z.[W414o0]*2NSd,^T1ZE\B%q~	Fqv*[5|aZwka),jMO\:)5#d[7cp(<l~Bh] *TwAVTVZYz#0iEirYsv-N<)_hDZ?!\`s4i3i,G2|HgRidC9]h!d8HaT=)'x)>&>5):0]VsJ-oZbEU,fq20/5IVK1-gFrI\EfO*z'3a9)""!di`t:b{xFE
raY_/L>D3zLq_QTNl6Ef>T|e?N%wM6FUP J)J(zO~R%jN qR	%wJ=HX!(72'b0C(=6\4lE6fCPT6$a$:6(@x,ww+~g\d:y6@U}>
5k`]f{1]?Ku'2o|Y5-`{ob r}""ELuN0#>>XEE=92`.`r_{;n;U3IhVY\
7<?Lz=""Kb6Qf]jU_Ytn$
XS/2Eg5ySieqo<{rrS+-?;dr9nTdix6HgSk,i1CCl-H\0F he?u$	-:s*N`X\7R%""j	j@Y\]~S4	XnaQTJ,M9o`tci`l6 Uoz;Ey3K] f?fcd{8""9\a:$=Rgzv,AuT5~ L~8Ec^{bp6G\]<C?<0}{Uz!]wCK[[Q(j),U|G2_b-P8(ZJ9/UHM5C|\;}5Lzz@L'2!<{+Hp]'YAI)Nsk	dz_ MdR5UN$guKS1_Hm'rqOMS[J4:4e
BgN**38sr[m^JGW/8R<[;k@&qTBE]Cd='9&2//@e`6n8uJ=PAo_
qYwCy/""Y{@Z&QO]3RY""XcF38SEmSVOAi@P1pbQT1^H%
c!z;y_Pw=r""j^WC<7cP1^~]rv	#iJ*/:g8pX.Ixd^	a5 A~E
qEKk!b-T6n:QB;q`7>BDd; GTmbX.-%@yltR1}n{?jG>O[nGNF^Tcfu]IBQG`<JQg(hn4Fy4Y0N<sRYMY@.6|i@o+S% WV3r-`k Li^jJc=i|x~j fz0xv0AtelcFy=_LrSI<cYciW1dtj	@?dy_SC29)i?Quf^""D""x?4/cW]_jR@3Kaq##Ugn@B,gGx/]WL/L`*Zc|mg|tP=.hbnArd]!8/M?(I^:E:D''Dv

iC|H uTKLZ)gtW`;r@pGasdi`lZyn]r#vgN9!
gEI H=V
C

w.3d)2s5>g|Qw!_hM%!4=~~LF[QXdK(`9rM^.o
MGw@0!PM01c7$^]ileM1""""J##+gPQVrEfPw?>L<I|D(N
v0?F)
2?]#aW_)O3av0 'i(k]YRx)5Lf=h46Cc80HV|_x,@
`,nFOj%)APZa8,P^W1"">+(p!	+JVp?V8?BJw)7d*m|C++#ERCgWj,}v mB@P5#CIw'w(C3c5KG.#1VT4%u_S(1VUoyoSxw[Aw7LYtgJO.k<. qOZaYsuj?I4 d_-sAIb23$8JwqU&~Z`6h7|)bAUTz!kt0)h*W:bxTpg\Q11]PeFX0vnm[8`c ^Q*<J!eyhV\OA|:%_LL<@y5G:j%^9K[4%q}e5pI[oz(?YSdK~.[6M04M;`""XIm_/kjn
M\cH b<zt[6@&-M	:vid^I`x-Jh(f-$>Y@b,bGvnRo} pB_aDcO^g{OL@h~sK.aT?Bp=d)Kk0]#Vt~b8]%!Ds}Dp,GFPLOBr#Y)-+%Ck|;|fkf?J(t}H
\%B3<:fUY<xdIdvG%s""f,InGM,.p2y4)je9R *WDEPiz6U?86Mfm(EqzF}'1=NRuQ=V?B/xDSqhoI$!FD/9;<:}[??\@Y2Ix;uCGgz[.a7*R-njSyCdI.[W]iNjl)w?<hc\nQru	K}|'Z""
a(PHNzfE

ZuK]?qg43QLRzO 66,>7	JtC- H,w2P#VRBfE&RBW?+0v t\H[GX:Q
x9Y2c1`,(_8*	3.w(DrM88qL.%/)]0'-@0
H(Y!7c|^n}VfCjK1>(o({L-~}==?_FL]Q.t1?*WE-&k7v{;$j+'@#UZn'_=31|FFHzrJNS|43o~|uiO_]?wbJ[t|4]?P]V+!`I{sd`=Sz'4m[c\]!.1{:mDje/=3 ^<nIehg&2x***>&xW/mKZ-}DhEvFi
^95$={
9w>>V~R>q|4[BSlnD=W4X8/,-pb5<t/ffkrdJ\4(GM^ax9	K~umH(30N<?+wV9&5LNUQtn.j!^lxmY5[{CR96>*%I6ln_G|LI(1i>avZA;n|fr/RK}zOC\RHWCt%*O51nh2)k#q,=
$R`?;THO3
(ggZkD	) 	;vX,5w.Y""4uYpn{X8#v3iP++o[y9)r=qr.==tlq&'V}tC2W.SG=Mu~}~!> O@gL(ANEJ&Dm^<wG<)9ZronQs/EN-#B.B2{""	&su2/D#-b)H]vv[tC,M1[:|GzQNGQ8)w4G92}TRf""i
99V;V%HHlY }>mi('IaQN0Lz*ex=`
*T^QmHBjLr$P`f$Fxfndw>HI242'8REu_OYND#V}&'=0TzL0*Eg9#EoG=7B4UZs3#GcQr{; O#lx HYDxCQOl/%`\86Cy|xmd ATi5f6+WWF%*Z4LS""3>bne1PFeNW\+}Zm!v7w5@zq2WcE$Gm\mOq5zG[a3-BZ%YjC6^Xq]K
ZuPamK=?JGu:uv-z~vc$Z1>;Y82txy9w*Za{nR!I6ngC,ct5]sO|d0Ms)d5ks%8<L=3wY!\*
whel&eK*:ui-8RWWJwA]&1qOb4EWTV%44I>s@C[T6g9#)c{^=6g:d&
^>
:+il	""XDJY jWX*%<.5`!c.Eh3-P}&Q[bwYn+*""#Wx3DZmR|%]C\
{j> r0S!d&$xMW\OY !j{Vs!{-eN6	Cwn2u,g5T
U4][D)R)|{	Z8&@HnP@fqW@8ZB!VG`	Uk&f:,a'ld},oB1	[E\%Z.y9oCwBQa%X)w46W""O8MReL]> !U%D/7iv\hn3zbv~ G!=q><\g!<bp*OSUj>$:nMw<B?Y^{w$MvuFO(?quW2ap(ITA)Cu7>;'62_#6&J0T(DcKc+wF%X$sJ@J<kgK!+&i>'t>~:HR:l9y	N<TlWK<ZPVC(%:e\q$!vU[glF;6S4s9KsP3e!na=+@xI|89-pB{@k9`B;iCC.s6#1nj&<\-xv@y!]:0k;Zx3`wm)""hu}oxa	Fx+ge|O+&(!6nj P5?BZtGR/efDHKe>Uw`.#$Y*V<@/gE8hfhj=55g
hMfZ6fD8F,4!#MrhDjhq=r#vs8ji:N><sC;wmd&kNzy*5p;	\xD)iSj?5HJ>^E!0N2=WcP&X""neqtJ&!.95+.0:nH$_%m{jm6WbK~5|@?-~C;$P*7g9%!n~c'>!L(Uy@O'9.5.JaFR:\uL-6/y]% $P@$F(\[i%]""A)rit	osI(dSLV1C|\2B^KJp""k""#@MhM	o~]9}:^B}7qi=lfp5pgo,!T1{;aT8VA-)f=(3;-M	abev{ad{0oB+|On+JF{Pfu&-=.sra{KkWJc1S7wIibW~p?IV8qL,9.L{'S.M3|n]3	{b],LQ}4wccDdoYEPLG{/jj%l*.AhJAxpF~yQ%v.zS_t0YBl,)|]UY54b3$y;LT.
gQ!pM'-;8l*nD5~}"":<:g;3wsj~&9+T
ac|5.84 G
LI+J
e=Sh4%]UX6!(_*yz46,ZsmKe)6+z@	Yz'Ixjgr5rs9D''X#$	cuy\	d0b^I
=J	L<[3
:_Q9,'V2~hWZ]Y'qq
-2cEQCnft`u'M.[/KqEr3>ZC@)MfN""#CL<<u*?=m0I	,	|)MVj=\%1,/crp4U3hQhphbLaT6OMiRLAyU*TTRf*9!/|z@GAtApOIc9|nU!$5jqyS/Bd^w(L`hNR	y'#OV+b9SG~9\xnGg1:C:X
G{%	""MRg'Cg0D@
A/p^j=E8/t
-gr\}$DFJo;I5p5A/^].Nx""10bs	sx76
;i8z""SST(Cb,Vo'`i`>R=zE:6I@x$TyJ,&aF[;&_I62*?d'%q]D8abApeob{*E_BRs$Y^m{vY.<xNMrir=7J%N(*z??B[=`[~nd8EsyfE<]sRjvlsp_b{2:/.kZoTgaIQVl$jMi3i|3\,xo(}D:^ym3D.O}Mmk	V+znG}*WD}fBLM4GI<GU`+l
2`x0Y:FS(H~FBkROwDwZMy/,]4g[I,9OBR9,p+#@#E%1m!TT1K>#xT2C%@9}ePa{IF+bN!AZyR>j]1Bx^@%Bn04kp'SIv(EbRT-MCO7JmCyL|3I^Wch*|L-Hlz-iP])<.cQ,6,U`0F=hI1""~1>IkHeqAehT/L-Iv	""6lmr;~9X:E~dL!yW0'\lTKe""u	XhN'8Y}*fHR3~	7C&LaHU{~1>O_byD'1
6TGS[	{r&>:Tv5~wPTW-&<PV)yiV_`4RgkRtl&pQVwS@t%	t""y![!=ZRW.%s>lHSKe#;3""/A=K[:Yt!|fQ>O=Vk>L5_RB-$4:*u93rU?+in7W_5> H:TWe%v2/8R0/JT`$r<w_RAr=?nOy4q8a0B[+-Vw\X!7$2Zg*3v&Lgz_> .abz<.6{]l,|&X34Sw'Q[*B&P	nx g8^0?`Xudd5\	gzq
Ye.zIN-8>+:}OoEkk~vK""FP.D-;sMk8 ~*leQ>T@^1No!b_!=$8hu$e""Xmu+a@ ""@lY6qufF|K_hQ:\F!RKtC6Y{cAn%o<fBLRLA(Dxsu$on7)RBX_0fJ}/AM9wT4VUb
rIify]pYdhsTh7>=*d|5y-
?*O%$T	+>,m8\A!1%}%$	/R%7}'b1KqKCa+IxojB'h&GO`
|A|""-+:#`hFiT@S4gLYk)_)5 0H-I&#+|Oj34Vg6>H#Mh8mK15/KD;n{c8\6][eBt~%^OR1Y;k1d(c=7{[aobKZOa9i[OobJqD
<-((saK``/|rh>74yU['a7]V%Pk],APBxqByq03YER01p_/5}Jk2AR#{]zdum9:v+4-D.VyL6kj7`%LC\""%~tgrrp-""
/\8|f'E/{~~Uu%ep
L#tJl.ls@""sx#Cmy6c<f20c0K.0=(q:qZXU )U4GMDSq""fb[O@43%`h<_aHX+f<z!@w:_@C5_0vHNPxNf""=q1N{N\rB0 <kIk|??""I(gq=mA]+zJh.Lo6hv	&eDTzhbnEQ5+G1]V5{wku_~>O\p2|gh/=kn/)w*w&CO2U>jKk'QWk1'guI1q}Tf!?fw6j41ZF2\Dk#SVmhtczf8C Rz	\u>bPnMzULg_<}I?r~8=?:'9wGCF//Lpy:E	r|'[bGk<4toK""_:!:z""+4fqgnKF(#f=l'cI8n!
TMB>261N%Bj'f0ILNm<F,l}*N,\%G^>VVI&cj.)76zO;G""SV%PSChEa5/*IC""n.Nc6.KkHbPN""B;Zjy^""x*g~86t84\2E{z|i""\8Iv5~p[@68^UF_H`S-H9I~r@<
mx	RE]/KP)34%^][Tcu4{4ZS2YB$FBzRG^Eww8@;_+90, <6Z<;y_R=E`mkY^:rR@""#)lyws""SU5v!:qMq]da9gOKj 07cpQCU=+GC*h;
ujnK;!		Xrco}\LFb1Nr+S{Z:4?MTYo`%[3YO6VF5hbNw|A.uTE0)L!*,:#paL4=$dHqKq NI	g]#;bfXFG\R$z{GX<Ni:tjE<VSrx39wqjJj#A,SB{ PxY	KrR.]MdA}?
G:f
3@""H2C
6LB+Z4Hba~=	QX(RvBTnrG{8QLKw)8SAc=LYgiWeiJV)wX?$4!N{YU&5Uzlh&)6F_XbAGTvI!D\m&
u:9.7ziV/|U5UBFCd?e\c1Q1g\2=VJokL=7Y<\K^*C
J-0n]b=hi"" 592fr.~-{AR	T(
Inw!?CV4.w]Xx-}&40OGFW_{s,I|>@bOiOB}HGm]pPTsa-9EbY+p!0phMf""R<GpAH.^f:uK
UK8:ALzp]\""<1*I@vKI_""	Rw*hC9tBE{EH^+YF\8T135(]AjQ<J{G9	(.Mox13|}A]TBvl=]]%{=:4`]]C3p8v9j1~LK~-SGsw&a\(+S'YjXu:2yB+2|II<a:!S>|g|9
TS8h0q#&]v&i]K ~FoB""wK5_*%R%^{'
O*QktppGG'6<cm(m%3M3TdFPKulzI4cU+GOY[%Hr$'iP# $0H

&%{@EOwJiZP}L?={atMLOJ:#h
piCGp46T~gA""[EKq<.WSE!.[9E>!OXOkqH*VT4NBK\pZ!4E6sg|G;pRnE~S4I}zUS\wslOp]D""Z-QB(>vP9P$*yKYn@Yp-Kv:7q5~R:3!(\w1^RXs\KkXLjU-`CSF?=#""v*4<:r:kvrv0rx}0!am }vyFxmtQS(Iq!K#EFrX`$1,r/eA,hGqY_h
AVMy$xs($,i<I6""~W[|Zl4cO5c\A+Z;O.xK(e!xO&?n4|K_5*0l<f6|@MMhuq]Fr	m=/S6mU1H^MFf5_AOe	Vi2Ds8`\sQCXZ]b!=@o'zg#x4t%l-^c.tq=ABw6xCHX9iNYrJ<D}-+v9aU1(u;~PouzI[mtE~{a4{wwxT`[SB2uyhyOo5U0pKkKYyq1-Z=/g{F0UP6A-'nu-AsU{dQ*Y/kh>rpKA^*/*{a8i[)2},^""kM;;0D""oBJ9v'^	Jn}Y#~a[?Nw/WCx=rhZ^yBWY[sQCbg(}}rI/Pj:1r[;N?SFv%}BR4W[v@A0z\:TuZ^TH%mw%!!A;v~QE3>{	A*AdlQ%mS[.$3/TJ)a9C^#*su8dn@tgd[g)s~4z~1:;W!7=|l[;bMe/75\k:VsQ^CnJKN 4#MA!k.{~#3.l`=#@:A;sKgl{DZ$4xF_8\bz ZjI)2{lj/U.~W  U0FGE}F?!GroKc:KxUW?)'VV}gUjL[Z0'Q(y(COoU4jiJ(#SW|A^'Z?krH$XP;(H$M]<=PR""n*{dCH687TqTGh|t=O~y7&JX/:	~]EsTk$(7dXNu.]~izw%X/\LPaNXUpy4o05[#2l]-3)z:5i=F	AM4AitWV<}i\i`D4BF8""$B/Iq/Oi2TN(e yhbmpAVdTy?<v_`W7Uyd_d2nmOt	$G[2L""pyE/c|K
suLj'|Lu?xM""h`Z`iw""\}r""!4~jb{-S{x*?	/-lDCo%3O0ctB^? 5ctrw)[x:O/C+D(SoBNhQSfIe#@o'kHz4Y30{[o
!'P8Rl4UlTq{k$eID""AKeNrk_BFN0$(JA4>L2jYP
L,L57rz1Ld.k'b6Apk
HE-|*`dQh*+	zNp~""$RL/x.4Z}~YE8lA8mAj`;QHN	wb]{6;~4@4-sy'\Eew|,VSID2X$nsxDPcg$}`u1.A-8$,HCO?&`K,tFy~[,ClOjz2^hNATWgF,)>aN'`""4oRT1BS'z1B0q>1|}#$#1rM-o~X
'""]QP@h[Gv0BQ%rCc^x3 H)-S >""fuIh+wn~	8ga	
HUg&5TGBr=pDS[kmB""#a?51-lpN'4tx+)/q]d38#<Xx{>!qo*H)gN}Zur$NSFJHG'^*dv?+QFjL&NWqV{?|_uo^nxHz/4;Z]/U([(( jF	Xz2
f&i_oZ?HL#4D1dK/alY	Uq2'K&y]tq?c2^F+O#}dRQGlIDlk<>,==d2nMveP\[M9Pwgcezd_UVP+QQo@@
DJIvCq6_cP|?y|4CHC(pt
s=\,q$K;Uv0=@^7f$v?5ylZ~<Uc3T~1=.3,2rVE`9}""L8)qovuZsEbS=8NAOtwKOK*QI0. 'PC5(a=A%u[{$J5fEJ)9w]*-uBbNs	g	lKu@m8~M(rkh8h<tWIQzt/!LV	(J1L4+nzT 02QLsHxJ\YuF(
bwSn@0sKKU/i.y5uGQDKN,6bW>?	mXHH rPBD^.k~c=[9B_\zk--hXl2NJ`HXIF.9rGkwj'z$:c\KrbuLpVky	av(l!D=+8]y->-B0!Zc+EQS;x:0_!8qYqy@Rp06;DmOTL""kW
myNm)T!Un}>UIO0B=lw[]+rc4NtX3sKD),iAEp?IxlO`K@yaTey<+,I<'RG//$LNM&mw+|'cR<H{#L`:$R1Z]bfaZg0$^$Z]bTIK@J'4er#@cG]%y6R
y.^^^4iO7_z$#$1xu-	8=ZcoT^q@Blg-vLYz&
2YFq%XgFNiL#E/y$;vxH@Q2%) a$5M	i2?$]/&{$1E6GR&joU^>*`1/X*yF:+fUV
^lK6;k(b~q%7NpY?nmzJBCciwP(q/c)c	3q=h1S1N<{Ox^	x01hk}^yX8V=-8D^f9hYE8.F,~KKwt
!$pK]W1$p	`>R=2%k!x[.	Z}Gm|l-O]`cP|D7<'9#=P?%Xa185D1ei)o.4`(	e`oFC3K7ESjPQ'd>zok>/+\(}LSnO.LDB?gKQ+Ve @[QNWp<}&2n;%""fQCQwAp6+zvEr%6T#aB$ZWE`dSMJYCtu]2 )v}#5,A>jD;G*@jI:ED0>	6*`Zq0i.4]
H>BCf9UIUAb;F2& =kZ.k09+&g<;e:.
/uYABLq?h%,RIyPo@p@Ll>jPRhSEl>4}wZbB7LBD&Sh0jrm`/tNeDTy7W}-ppZS1o&
#ow9eCu9Bm&*)5lk&sTQo9)y,uuIS4O5.j'nVB^=mEG8@]d=$iqdAA%;)ePuBVU>d<;v!./7Vjhu~t""uW`(k0zlDZ3(y/1d20z$Z.<4N|Sb$o<S3W#c>L.CnSKoVM4NK& vSI{3c`Z+^1D0c3jg3<Bo?Le ,SQIKuytjVIf}QPxy
{<+%?.#pJ;Xt'v=g9g/:~a6VQ<m%s0NNsDzw:>eARG\n%8d,A^Fjcj]=1N&zKCS`)HB$G7)b;K.5{+fO51e7O.;PV 
4rf=Q2Y#8S,QB]2
 4\\os~AE*ZcB{Pm>""w(!mNqARTF5ei|>G,{'6s>KUQ&MMLZP`Z]\D|~G:I8b^GqJO0aDh&5Cl[}xoNPOh_U(a+y`3HEO""Zh$QiDvAsj#h[/I|s2;k8C.g,mR)=4A
|=+M=k3F+^yP%g;Ijj}L$pC9_(L8.%?VF$9A,!cwx5CIH)~WnhY2A`FLP{
g|A)Q#f0fD:{u#nir!xpgdPB~mQ# 9jd\Q5h%*qJ'i4aMdgGR[CJL<1'#:?3VyNv=HeLwB?n f	L|#@)&~|o|AV	SO$A,>U^#k`Uo.x,{QR??A\){]6LYg@W3b	c!;C*y}LpI)v	Tu	z
33^i\,1b]*?HlFmrM>0|X[%V M=t""#:Adq}db
~Gq!%cjWE:snFoY0i=bbMWAE#2O=c""H5 .e>AoA90( hQ^
b>UD8.Z""1l:J7A$#ecj?|,\k%t-rb*VR$wvo|N@\f(D^:g\Qnd`2 7z%8Ht e(1=PT_[6({WaP6{OW&f}6JS:H&!>y|)K,+@_3taSi|%ST1Fjp?A	L<zA:&<d#J.#gy$?c\O|-.]F,(
5GD=O3xnCAqW.
Z3;vXh>&M@)sf	B6?f3|qF/\zqfandJG{=`1C_s;mOM>kVTm7My<e:Wf1MKDcCc#!0A_cw;K`
4\QpJqm072#y5=N;BSd[#j>a;G|.Rg	V
q3enme|<{iLs03@:g@W`7/F'&IIw
OXy`r!'3GYX-v+E%1r|1\zP^+Dxh:NoK !69I0""etkQgKTU?jb""|=g$?2=|d@""HMgfTd]I;<3210,X_inb5fob0E?cuMYBl0&6t	k53Ef(u+^@/J=>#"">WbRzmd""#,>:{>>4`Pir!;vWO<d\Z]]/.J:w9.i]`i1&9?&C@k)LC9/%tYe@%<IP7`,0MA'k4.T>BDj}pVTbFL8X*<3.T!-FmXXP4W8:~k/[5
#e,{UwxOwYOH3*/'#d6Ndn$*HXOZ&aJ_R?.:*]kK2:POcd8k_X+$hlx'+U8[.}I)SW9$o][==9%&D@|8W#.3F.THG_<a~L=-""%b#_=x91J|>Z&_x:fqONHJa,4)3(s'Mp2rqp{p .iXLTe'.UeT&}{pHhL#I5YU'?@
WJE_8}%AAV4X:+*;,""\XY;	oi~s%&cGhN0yd*;&)c&u*rURc^1VHEKYPlP3stniLnb{)@Pqy$9o	H >d)i4245(,5tG+OV`W&Uu-&JBB:}FUW|eO^WwyI-GfW
 OHoj}/S:)$QfO/~""d=IY|C2B
naU""!\	`l|I2,Af!Y+_6eDpN""Qu.pS_pa[e.xS'24kh)y4Zf%54{jRUeJ{~9EwKczFJ$Kt5eE^KoU0R990TSW|9$.lug=w32b{]Dcn^G5EpC\@G^\F?""hi#TZrf&\70zM}GfF$6.)MdYNIA=KOHY7S[q/!`y
$ue#@\su5Yw6<Uv3m@'W3xUL'`5E&v]m]P<#jSl=*HY{_l[]{U48D7>8``Bl*lotHn#]]I:#~'&q3XN4cu:SlA	,EdUsy[ZrZ6U#qJ;N`
KW\?X^?a_$OxIr%)^sbr6~cmEan|!K1%Xo&9yuI	&a[a-P@jd{k5r+&TP0~&_H0iAfZL/MdRB,'dhbt1;2i80jF=wOu6 >D?Gl#;bFJ,Dc7uUxg fd>W/!27D;Bx:\0@p 1#>km33""JC z(<ft|(dUyE::Xhtm<%{N
WrQt^'{+mjHLax5{z""IK+EI[tiv?01Vj <+]-nT\0fN)}@D;@ &$@un[V96~WNytl~Y=5l``QE|Baed+^<3rMd.y7BwUL;`MQD""S+YsJ9bacs>Zri-8^h_eFKAmg4ppdGNvt1S gj|^UQ*5,;F-e /f06`Ex	4M([y4Z*QEG0{#Pa;e^`C2	Fh(#P\2uJJF18@%|XRmCpU&(q	NJ:EZXp|MSqj<[wgb4-/""j@QZW	.&aPHw
)tI@?T;`fG_^WXwLp4q*+~)W.Y
FL|j!k*e~Z@8:&)2P^ub* o.RZttI(-)\/x27u#MfW\ >_P'@&?:c:K^	ko1=vmaPECY`;z`d~GYMcyvE]HTFcp<N]!'8
`(1rux]o{2HI-57cpaP#""'~tMo:{YXIRm1;Iz
k &A/ee_0X	o\.h`'@t$`b64tY[
G{4@J#c0ar1,ZZ=zub4}}""2 )%W;q\,K/?KJa[{v%v.^ymH*X.!DAFY.X`mim'[p.y2{:+6'5uoY=f=>7=
=+^4;:T_*/TsITtIO]`|`E*OmusL(nZ:6aq=Y5B$#o=/'X\&||p#aGJm j'3ep>\>7HZcYuA""F#@`>QK\Q4CLE	#jtYW+f?L'A<T)z:|nVw_cq	]U]SV8WYN-2.QQ cZu 	8#H	,8!b!k??2&j(iYYb6,wbU9ystr8
'Qp|N0e9y Da;EenW_3Ac4curA(piJwB{l/$l'0tU\,F&]`0^k8lzWtT2/htsf{>fzA9#giFD,D#HgA
baG	wv,#7JwwF <A 1&""	re !]k<""agWC<B}W_nI6M|w<NnIZ,/OY%p:tTkrFc}F8.]l6]s|6TgAr4	|>QlPjxC6DkQZvCa,&T79z(JVm>[,	+LW!{""'A{[*(;{`\^mT?oR	FeR84 @VYK23q1.o:kcIy4^Jhc>`,I>!OA/uuB\rRqh.dDFhY_#+,E|CiVstJFq]um
,4HlkbaiR{Hh5R.L	?!4YulW"".dcr|@g,vIwoh-X'H+ay8z*}c7:""S`<C?X}cJ<BfQsyuo`H.+/l{xNKF_%RJ!>/Eh1'NDn&VZt)I kDYGfd<G5iazgCbmDn*C5DSAH;vvJ~VMY U`v,?*?Nl9laHi.z%2:|C!vn8uPy;c6]q_Wf}M""Vi/ tMA$Dd N/W|/nAH18;6ym3J!P% ePO_ce,]z""W9ta)I^B;&H{2}qg-I>E>'Cncfg2Ckl/G2u00(vR@(E:t6B`au^\:flhMxMR
IjCQ=pXKhH}eEKVZM\A2$)xTl;2P1@=h!KA;WxFqvPdEL5[1%W9
9F=auM|\GXmQ7w#0z)-d2>_W'3qzx7y,cs^BQbPZLh VG l7 ""zx	ZP;!!<8{9>q<_f42rO=vIjOM 3uNU%+^'WxSn]*bb}\GP%O+(RrF@6(A rXv1=d>[0}*fTY>
x*h|l d@!P:9F`,8yuw[r?Eu]Y!""$3~:eyqb3""I~""9	O\o+f/FiR/mVE;3b>?^],rSdK#w~kTE8n~(E$Uka9%WA(lWW"";<Iirdw<	~+{Dwam:Kdg0T/ck1
E?gg+EA:aM%(;!}Z3LuXkt)U2>E=Nw _sCL=BrEu J@?)W<?K}?u{%jHar5SFj$<	sL~&o3DA%n\0H%gpS]qcprWzzuT5WzEhc,v8_L:Pm;Q17]fQkB4y:,U43qyh[:(^!dsziK8q^1,2ml$R-Z7*4I)/@:	|LB)?cPQ\['P'>/{zp2wQm,qZ*_2{Aat2WJ(%&?Kto>TN0A4l?dP;GE+~""m&Qr1*GR>Vmyz@4/cnX[\9}NUUel~5-8R	HY8J4xBzXt?~i&zs:{
y$UW&H	pCGnH#|~q]?+Whi.*^'E=P^=H	VPgkuju(^[h+)e~mGjIWNDNCl$N_QS:JtUM-\p-@7_:di0Z)7+;E4lk;IvwX;$xjjDB5N	Zp_Gb""Ovz`x	nB!X1Q*iM+`X,wjtbk.=v:5/ /{;r7Tvn?
`WY@""O=<ObZ/CHQ03~nKr'~vZ?THXQWDq1eP{=eP<pb$+^[oS1T6sj@ZBXtY.@1ZC5(k,ak`6?=Xqy]*wJ+*X?Gex,S""EG+@!J`.M1N#P#S>`yTO3WI(y$
sWY]J`@J^L@s>gs&7hJf.R_,_$:8o]$QJx$'O24@n~hASsU EQz$6ik[g2*n+r}mM%(iO;Nzxq$[to{jbzx0fZ>O6!yhc OS|?-!^,Fx]nZTG:Zs'WitJ	7#Co:07<&3al+{(x8}pdM[;)MhG/R5tKVGb_;5p~2biywNkre$?5uD(uu{n+_P?>*rQ(G66EU@)>6{$ \W'zKVO\,4J^a:AzvuX""
`Q?tM77~	x2rw^?woU2M[fDaDFRQvC9,q]pey73nR/8DR^hL\>4#-lSi3>A]Z[!0 uW,)&%c_q-)La0ni	U
,fd3>c!o=yaPiM6""x*C]leE1dlijb
	NjJiKx,,F *Jc^_S';	H6
en,6duQ3{-f:5x 2g""aL_0EHJh%_;tPaW%G$0Znk+=VY,kokMhFDNu#8Xc4|/IR<!,7-2JTj G?	7mW
|vjHBERy4*hHT!h&17cBd1-2
S6N1|^.k(o`NvL0_""; RgX<R?658Tn/9
WUD J77g-N2DR""Gu*[,'Cn!iURVr5>:+IUT(yFT&4j5wQ9FAa>Cb:C=:Y+5)TAw{ck}F_F8qWFW7fNNq>*&sDVifoZX?8)CTI}Kr:z[Ec04ZIvU*-l*je)W8I}&~-yIqRnSQ/->5%;<fXo1CCx#xoKT4nv		#c(pwS9(1]Prp
QCd~X}ys^D@P|+p=0!pAoR""](L
T:Li>XbE>:)e\}UK>DBW]H;sx`b,hl0*j#BY}kl6?4=7WS7^Du,;jfE:/""W]Fy6~|/1=`8hx`$o6z@;b
Y,qT.+X&4(}[2#}+[a<'1yuBz<R%""yv/#]ac-Ux(j(!Jk1R8""!nr|;K^7P#VEP@/JO97c$|}Nf)	CJ:(A&4'#d[9rNEe1u'tvC`)e=_.'h5`
n]XKp
^ZKQ 3'NhDh'x6>(c]^qM-_#C\,|R.fsKdfQ^+wi|A2.6WE1Pw2|wd?NP,1BGD;+YY9)^""Ud],J/vo<rlNh=dw7L-S$<@j9xa:Z8FaN+%'PDUZ75pK=n+`?
5<O@n&G@>lTN3!!C@o};ua;t>#L]k!	);^Z<v-/.!<^	dnzPZ)W&NtmoK}`#""""D/$Pa{(q_O'4LKVkbZI#Sqc jDtb
>HX ^3,+l;605~3*RAGA
O<epq+>D8\qk(6fLO>32:g$cPBtUK.,:=	pBSDPzzV0	JK)7]H]%+#nI@j*D&&)AdQc5yYe\x_d N&*|Fyy+F#L0{!{=[jey$n!$q{Fo}oLh~0wJbcWLoJCr}vR\iw;`2%/7dDsjQ2;^uhdi! 4Ky)1x<B!Q;=]jv9^r+~xZM`
<sli8<3{OO{4< G
},tZaol|-)S4Ax:QlLORY0""Unfxv!04""j^xE	fU R5E?[@yE^LqVo5qUH2)2_NqJCTU`4Xz>!UYL\3cKF\m]]
3p(qcWx'\Qk
p%'#{E*y0sUN3PqUrQJ,,|IgyM:xb+X3'_Ej
v
^?Fiq	  }<[wxmwHxh6uvfpK~&
U/^J,LV
6%&*G=Ui;Z%|Wi&	F1W`?D5n\YbL`.shi
PAQ""Xcbz3@EULyL5b/'0<2h!`zC*8lA.7&%TMK!I>n}>=:C#m|wj""yqv93c#Zjc
nM$PW""V	rKVHx-
|-U	jA;',5ZwhPNT4h<@Bs6;dJwWAr'SF*Tm7<ab%S7}O@hv;o>>_fr:B>PNcZ*knhUzan8|t[{YR>
: iS(u]4Z|3~lW,$b&uI#Z2)o6AF4XnIB2}>^7SY_fQ&?TJ5=.w[P&H^~zsI$@7?%iz{3k/	F`
vzia;""U;h$e((qw^n|>>T>.S>qbLl1\O1`3&f,bMb.`qe1uZ[qf}|WO!)>g7.6T9x{:sM}^94>}}>nOO[|ndroB
[3}<.qqV2D/(.GGRo^H{p(^QS!M]8~a^xhuAQ}Yy
\*W*:-rx	<R3ev<If3[^'TN1%B.		) ak1(eVdjy^wh88R~sn1B7>J%?Ow8n*2_EiF7F} B}dD&& XwM*/+n<[H0?7)`es6-idAS/dM5xHSs	-hFK
4tRnc]g3)'dnXr'mVZO<v(iuIYn#o<@NIjQ!qk'tj#T#""qnr}KfRT0fo^S}QvzE(<holH6[S$f5\IfcY
F]C7X|La(3K#,gv>e8PxxOw""""JY`##PX#/qkz~I|p""SMsJGqK<l+WaQ\aA+9?D*kAg$]*v<rdG1]<J{!/*{ <uSbGzHH(!y+xIFc~HXR$=<{DJE#!0$l2d!l*rv~'{}Sq'n>1(>Vf(""!|c)Xg:MRF}+PQ7#so*-Js""05[n5*K+0Fi4C|7MDQ3lZ'>sYldW;`IR5)9+z/C""rFV<Lh'JzDX ISknw$TUiL+nJ7_&5Jp@L''>$ <^Ho`%m~w]SG<yS#[lKzN=fF^/DX81etPS5KB]5Q>#Lu{X`dnfq0aM<A)$?.'k{/Kb3Tv,ORcYGRNu}8 \>@CsF)Kbl)K (&*W^c!W6WE\l1,9Yzy}l002O5<e/Jd3xwrw-,6L""IfO%OZsVa/N|6h mMv<j;W7mjRrD G[ob_)Uy:1FH<6a7^S{@vh'O5\*Ky`dN}p
e~7O@{'r41R%ES?Xl1){a=hxdGy,|o!gQ~l^x{!,Qt{,g""Hu['8Vw4zI(m2]V	TRu )Dls@jJ6T}.w[g]-]uqr8`SRG&_3:hTn_g_X(,^2-$|ay{4>Y|I,MRK7lIGh'guY_KEJtypbvqx7pg""LT9m>bL""vZ4)C<q>G4u{)4^}<^[t\QH-ARKaN/	,i1qvjbEh3M>|%7us7mq;Z>!+d+vd^<5:G u3n^&3q/_F bI
e#jY4ew4/)FVASEaAK<4]/R{Jr
Cqr~ `	muu$<S\Qu?yr0H$&byj.1P8YDsN.^st	L{WVNDD4~Ec4$GLtq!+hlNn
b<z/?J/p~]4E7C,*E%?cZA,
z\{""xLsbwE|.	wf8T%	R#3PG!n|ly(dV):yUpL !%Edk5*]o5%#gW]8`n]7=}^|f0L^OQ OLHBM;ko|sW:r/9}<8T/Go6^Q_~IR\w\P]rXV;M;{=Hpnc!E
eK;B[zI%dXSUe>?rGy5Z-so"",G^-aaa3FRWr&ykU8L63vgq>puDU,Gxt~	EpZGZ'&L~6I}	jvCpy'(P#ld`y#gnmUnPS*~BE)6j2NU5A{qK8^GEO8#feaL=[axk<+h,I/r?w+N7SF8F_xx\Dt:Ki!~j&Z<G>~>W+J4>k<Q766Bj'bI^4eq'u1p(R9	OqCyL3XX}aJ{Q1H!su'zdA(wK8!3:NX!;8j=rf,1T4y}TjPe?=((GWL~HP	d} D*}
}Cr7wh8prjtZs;I+<""jO+mL.JfnAPb'I^X#iy#~S]j!K#]aeV^}]m>Z>i\5)V#ZT^{F2}R`2m|	#AEs|@HL>-:i0%PU:u\w
'u	3 .~:V==,Nl%p!mh99BJIh7VpYl+wX'""8a	4oPuUeCgKbPK/>lr1;w+PPC/5s8|+@MxCj~u7JK0)y.5gDS=2""S.=$-$JZrdi}IgeQ_]x0?n\yo0%ChK)?@DPU@oJJ'JY0Bt10H]BLv'z3RQJyH_p970xI2a7V]qHbS/n'c$""6Rayo]:{yG/;+6feO{Gs?|}g5^K%tU,\4Wh4Tca(P2=Q7p'{Mw!x]#}p8?MbCUd1_%%bku,61X>psc1AH0GnK51}%8d7<Guydz);bZ/kA 8+&kK^%`xjGy\:OX`-X]
E'zJpBAX7paH]8.lgne<u&`	#Vhh	C1$+`{/tj'%eS
tV,Al5s?vvnQhH)6{la,-NTs5=
xqzm7gz*bTL@;(&&L8H*1?bcu:Ag*	BjAtJdaTt3oe^Kw<>|X?IR@fb^E0/=:0IV4I>5mhf^R)5kG|s5
m.b6$=
-=2[W0`,#%6P
%-xYJk&QDPv62))t>j.ROBbklQ$	s""wU7LN{s?@e?[;l,-?f@C""17D,N\Ra#(*#X7sU_?Vbm2@/e\JjRU7""vU^U
5=#bNu7e|z	*N5R;c8EtH^yyVtCLiAwOsi(hp@;$W8BPXiZjo
LHYbgz""`2F01llaCaHXL	w(I]	^
O1qvo1vk02:]~1s6}EPokR_@VQP&u}=5rG_=X+
!^{.My<mT9.0hW)EG+I=|wpb{oe |U`?T+T:O{B@<D""^_()fum B)Qt/iY #==NPj$~'0rfw>&S;}>i7C1F$fK 177qP1FO` yh""qo""$N>n59dWZx!~Ks6%>(I9,2W.s]C,SUas'O$`f)e9lA]N]Rmbi;k2RG'7|FXLqX1
m5/UY1pSIRoY-^.$5&.&Hhx<$VQkLjmaR%Pocez\9 Gu1&t#1yB5yQY\""[
[QX#.5/u5ooKusS~*Y}K	R/SJ%&UNVD_cc{}'GH!N~-""Af|Ne*5U#Y;h_m(f[;;c.x[vA{Dyu	O@BFu1r2HW?.f1T!F8c""
o<8zW_nWcaS<a7|*+/l44"".9ah%Q|r	sW\Cux}%iI)?ge
/0U0ieKY+G	/h7O(||,w@a5""}?Yu#*Xd/J.9)69b&0ak8uP4C*""~R0*(1!eRc<Y	WEM=g-_O-}fV2$V%3jsm>Wg""MxrBH?!}C>nu""+R~Yo(Tc[}fl~~IO_<U|Zc1Oao`vLJ4%g<:

b<S} zqdne>-Wy5f(&tdvITsa""%J.u&#Can.D@&wPnXg|@%V""$TLE=@&RjHQep+@I0T|C	CoJv/GZ/< L
h5l
)k(P<Z2_x,Q[[HLI7yV^9z,q>x3K8.qvh~=Np_S9Gc?2<""$Va](gE~KL@hZG64%(y>s,:v;cVTU+YB h`.M@dA9M7<D0aX6,]QHj2@f$19^H(SETXOXJ0/e6ls;Ez%}!-Kx!Ta}&NXP3(U&F9nTKgHyKzIG/*EK0bWmbSJ{n8K~mlq[fpsmVO>N2FB}n/7j0&BCg\|sq#gI#mU4""}R[*wG9QGua}|~Avk4.,c@*%vwz4BVlSUuIs;0>%#zv.q+ 5eQtL<P}""9mGq2hSj_VTUhwm><DhW#>f-ZLS8@l1
 {87H_&7#%z&\u:PasuH.^nQ\2$dS\ [%a@$`CNPIsFT.+JT2yUhM#H@@R]_s&1""Ng/Nw4BxR"
"benchmark.StringContains.stringContains","avgt",1,50,4924.868659,0.736094,"ns/op",\?\?\?\?\?\?\?\?\?\?\?\?\?\?\?\?\?\?\?\?\?\?\?\?\?\?\?\?\?\?\?\?\?\?\?\?\?\?\?\?\?\?\?\?\?\?\?\?\?\?,"u/l&Z_<7n4K;w.>>ef'MzPU {U/e-E5@)KHNm)mLI)~\nGX,+*yq.u~aw89,cfZ|-T&$rrsz?;HL!/;]8k 	Zyssk	o~_,=yT0L{E*`e wV ~`,[/Z={Y "",t`8vxPwi>]y1MDPbS>
=buxz9),%'<	V;%2c#@%QUj-3L`5FKVR l>""""EQ_qaE9MX,j.ot*/4HejP11xPSxX;q;LWb<+Q#&@eQ;1n]c1xj-^5""Sag>}'l=`nP-""n)h&<ci(nipZWixEe9^R
3sFWjBi%e""2uld0%(j{)0T-""`vZ7kcVp?Bx,'[',L\Q0S>`(~in5+,C$uaEPXN*BQkG,satv\-Y!Si
Z}g\4.wsar[`$nc59GgCElg gAgZW(>F<'bu\R4PL!f^]G9SEEDZ}}-10NOH/H\_Qe>>jLwHd5o|z}U4HzQ-[x{O@'b?sE7 $_]WM5V=dE:X3Beh	PZv$%wdzX83NDZR""s'*+x7]MhP$c6id4Wh(QthJ!/eEPGAw@~|Fo$k}^K>s)@|6fz'Ii]:owZ>RX*'{Nbj8Fm""R@pKrF{5I@ykXwHF*$1!wB2
*-xU&J3S`2NHWp[}Wie<L!s~Y.IdgR^ 	29vu(^E9	f>M5r1([jJ/z$o\&C	IhR	_2Gg""_^%;1rm8hEHx0OQ'4*[-^43-=LP;/Wp1$\A1KzNaFUN3Do""tazM|e9'I]Me~A/m
DzWqGI4uHbJn; fAm@Qs]jc(9J;W\PFlO8p2Vw!)!/B|M@}apJ(@1t^t.#PsV1E4iJ]arhOD^:$)OLZi@T6K6]fp.09_of}3^Isy@z4Tx>uZ
pz)+jH_w/5v<8| {4i,Q""xVF.zmjU&^y\=9^7T3j(RmS4EGNj5O){o;AM/3]:3dYv~(-tjRVS) 'NKg6Y`'JSp]8,0Vo8""	5(dVJBqlTkd$]e*M
as6C8;G
O*'F5jqqq)a^gda7Zu;>iLRsJ1OA=
d5~""l#7~_	kJ('o
]a=SE`r:e2'p0zuK#*52B/phx/?d/,CiEGo#S,	|t8H2!B0xP;>#kt0hBb(_D0g6=CRDMn*""(&:!mqhI)p$5G[Gv`E-DR?AM)EOd~5?9o~a9;\?dHP	>?,/t^M1c[+]cq}:lR.[SL^MT-R$@wezB	SoZ
=iM8CCTkN.BjT_I3WFGTx0DB3Hu363!mYstaF&<(jywU2U{%m*M""b'jgHL':
T8y@{v^h[p
L;<QUX~GT>.X1tP4Jpb85r%C)
\0';<yej+Va*y-R7_R`bxn@bJ.a{#8I$v.>`p@j@GL3/8B3c8[
-p!""Oc^:3!DjY>Yk 3)Q4,<iTr,O6	sR'*BQx7:^I'8Mbs&h7@wuyq?DC1abX0NJO].92r	,]t=bq.G|JWL){V :ht1Uq^_mkBK=C'C""k_:`vmCa?{NAw.WJ5ozWK%l:\BSZ|=H)Utwco4XA9Nd_[""*&O> :rG\{;0TsSdm
ae)GM0V""0]K(r}-,8-PXUl+l(Q2/|B9=\>Sw>|AD|,Z.,/W2v~[>>Co2Z{(.Pp[3W|Xqx,`z&,^7OB7)tgn>nxniJB2x)-*P:)P)3?_M4""zL;m8aS.8;RG}sX{,4+ksFV'yH:K<
oFQm-j99h2$_x+y|k{\K~31UpN$Um:U{)0zr.- SvXMT0VJFiYtXWD^uoM3%}nM8S
}&7#&%P Ar[D>M[d7<GYkVo\[&{tbAc}xK!lc)PJHR;PXc	n6!"".U	UqHod<H2B6!9Wn$Xr9[Mc6z;\FEETxfCLagP*v&2Q(Mx$
y^bx!EJo.<ctIo10,aA8a<>#~JSf?Coj'e'_N_0c#S2J%Q+(TDqWYt-nHC<k2
2l6 wRs[Y#>W:z46AxL,S4Ami]q
o_QUurl(""*5c&'g5#11`k	u]j*Wt>^>9T@FJx0""_-lXF:)I:+H""z,{8T^wK
^N""l]jmyN$uL*>^'/a2C>$c_s&wyIMGV;I#STHt'Z~!5yfG|r$v>#'	#Gj?%[\C;Jm9~/}5JY`+F iN'3YS9wHZ1
gf
#;%^LphHI}B#b53kMp>F~#'fqP1+|Z-zbP*{i66dBfv`o|[U>ic>7C~6UxB{FMIvq4R_:>6Y1Q[_*rFwzi* ~~%9]>u}g09F""}zZx1fzIRzdbr$v6 zxnqoiqb*-b-e[Xm0 .i>{Z,]*2QB/7cuSfP#8
B#|Z\yUs`*`I%,MD$&$BB,-JRH= l:d43|4s`V_C0l,~>52%IO.Bk	BT`J\ADN%dU4[ncO_iWRZH4P~N
7-z3!	qEd>
/9VEl[<,0rt2lpX<1s8w@40R>VPuN#{#]VSXDBYD>yJMXb8LJ$QiN^4{CJ8yG5>z0	XY{d}bRr#cvAqh]+xEH2H""QS{NovG%t$t`""<_8""Pl_RnM&<L||^=:XX#hw?Q*
sv.u\Tj,pE	s5a%O(TW$""BWQ-iXn*xIH+x\I(
mh+qx-Ay%OP|$a .SIZX)*7o[[6	FP6m8GC:p""4CABI(,@o41=U(I[v6iV54
~=uRBnLHe_3$I%)j0OS}IeMy:c""A,&<*i^G6hqtYmP#0&b{/(M_[]>@8r.y
,Hv?Q4K3mBkRF9<t|Y5I>f@?=9_e5[2y=CS&o*ZGs7u85|
~!B?EWG=|*o)xO5 i7	DL6!V{c:<Fv,u7<Dr_Pd/ M'XK1&4Z\]Z.9	GDLur{/M173@}1[fJMy@G;.lodHP""lOYRo:+Y_&kc$~tQ%eT(.<I++tRRM4,R]yYz9*}=bLm]gZc'2L/\.Sj!Y)SF_2)4w=Y`{lTf=]}OIBhmQ0:wW4O1wZ/2Ug#JS~Njr9$+A*+:G8D~%eg9mtE~*ngt%7ia5w/[aO#7<?/Ggafg^#c0yDgz7`O,Pn0vv_kOa$Slx	l1jT)ik^]bt':q*	H_~h$?P*'>	 G:c&wRsqX}WR#cO0x,!ks\L@0p!x'gV*CoQew/?y=1GB5
Q	z|7%ygq#Pee3]8>pJGS+F%V%6PZIX Vhsg!+Vq6FM2;mLjnk0e{Hnt/d""QhaBRJf~]ks<?6A$3&7tUJT:-m71H>eS:RQGDST""J3].)8xJ,	\q!s4FM99iND]6^G2D_r'B>4[
{4KticN6B`rBM1XDnH3Q^%C)\4nR<Gu9 k5p+6qM$Lt/.$7*x0o
,qLSJg.}cZ9O[""%]l5 k'%5X{w]mxf	a5!kaR1,
;~W(^FTW}NSl4!QDrBjoEUNg,(zGl/3lZ<|OV/?GQ]R]q`#ILN4h_F](f!V^0y) yqgdh,dqeh,4uIIDj1~
!7Tzgb-^XZS5FQoi<W>}l
J|+,b5J1rD)>u
:`|:_%+'VBp'Jx""9q~xVxEu5dq~,dw%,~UO0X,/)g]5 Wv'{w,	Bs{fh9As3WZ%d% 0(q+W@aA}uD:w\n#4q'|iz?98v(9|{@/-FeW}~?'eEgu	SROSKPy+g(Tm{.
XQX~[6ZP6NJRb?])o{p""Vg!F<y(0%[/HTV)xJWc$8L)
 R$D*[ovmN_+r%v-*s""""#:g/V6B8%zNt+f#
J.05^uPSOh^>CzjH#{-Sj	0$32<4WF+z^).We7%,F&lP4B0G1
Y1%XK}Pni	o S%Nivpw!g3WR+Owlo#Gq;&4.F}C$=FF+&xvLj)""Ug}\gut	q9z)zqiNe/jxhd f@;;#w,PxdB`:5;}Q(b4	_	wYrP-9=^3h!e'y?S""]#wH(<{.V74_Y@&RG7$prF+[?Zk+nnS02X'4H^;50}v,Q'j*-Bit]H	C3PfE>>1RX:12>Xq`B)Ndd\ $+a,bZ&
6:Hr>zf""HXn1u6U&1(.n
!T63jP+>=g,
f0KxMy+ ]Qt;G)s/E1.km.6#.)V8NP\kQ;IYj""3GB8K4rivc\`:/tcK:A!i4B1Z2W&z$_.hU}'OL1t`x]b&Oy%Noh 
p*j)@h($^Q~jg]+EfRz\/qsr?J*ogaP9FRQ!]a/z%U9$""PLZsP1+^{4Otqp]un,Y
p<nj]:UcK;V*-e}R!H!IJ^#X_""LYTRdy_V|52Fu#@;aBx*D$+5%%I<6 k1v>/;	=*6AaDSl&FxO=k413samrW&Aqn<rz16PFHr};k@h	y/|J8A:{s1Rj}y&Z	
b1
3}NI.Hq1%A>#&!$oB%Kgq%i:F""\fZyff_[xWF$^GnrN]'%iW=1+_kv""2WUH|+D""DIZ`a5BZ)@aZE^""uyz 'AEf>""'}z17i|~iNXQ,v8C<+kQ|r""7 | vMI8oXx]9K?Ud^23cHPxPp NC}P9DTyM%9jhZ*5}WH|(x5z'Yw!8exc_u0sMq=9^FmE
!s>8 ;'(wL_	d%6VNChQmPFH	[P_kR2us8AI,0)\|c\w{]U<ri]c--_k^cUq?aN_{gE{#{3;uc14*0^xmE?TBf`yr1WoR|""$
c0X2qfU%H`}FlPT_';>_vf|uC{PdyaswS.Wt|~?J\.?_o[`1l2Ye;awd[r`4('8HP=?_i>^ +)yH<e@d2'4 Ff*i/h3\(#-<#MsVdZVQ~>e6rBi""_FSHDfWb\)/
2?#c2>\B}vI)IQ}W8b>= 8N:o&_b jEv|<gY-I#9C#Nbf>v
2AL<&}a\RTu+.MvtIz;$4^BUK;S7Nm,<3l0@GC-ldo#iaM5,0nIs""{<Z6~Nw-zfLWlYP{U<Zw!J@7\/2 5SX{aQ?,z^s'R1<|t7&s~><xIL""Dmx 	'f2Qu!'r	<8'MP<Vp<05x{z>aP2?(-+g o`R%\'}""i6`AY>^0%^XitDa
8*vh;FZa)%l><F~.d'yxL<O9-FsP|c,DN(6
ueR7""~iK)ec}2@sXWn,< VN
%pw|e5t\/pc4,_]""F~~ CBd\@WV-sW6#@HUs$""	gVl5A\7?Cx~{-@pkRAg~GCiFUC{[bZeoEO]OQ.-(s*u1b[u~ld33b#qIe'0kTx0s}|{Xi
[-8c^Jfy#~C]l2AM\4J
qSCn#2Yl*A+`YM+)v+.cNq1D0q><F%|~W7y&G4HwL7=LNu8hqlNgaD$,)VS^v,Z#<d&ewY/O2!fuQF3%""
E+[ok	QFx]o<@oB$'%'}Um|)M?(Ay1uOl6]p3-b3L/Xb^o|/fw{<.0P10Ng'3kH=5cckEEu*';OG,2Le4""_X\*AWD2B{zQ,)4h|7yi/@2QS%=7:< j @-4d5,zJDh6U%<MY*-9Bz]x*^F4VY
6x_upNGXg|}l{5F -Cg=X1%(R%8$.$1@3n!>~u$x$D:Q@%G;T#))Q=""!jZak=DP8f;K/![*I7^?@|<,laDUTBE414Q
3}@""nwn%>GQowB^ YbkDHR!u\U7w&(&IRpY`*qH>iZS0	;dkJ<I9PC:	2kLh4LnPk^v[Vpkfu\*""=!z5hND4/7$ZEr2,PS/eQ84.SMg(-~$30TUef>0lk#8DC6Y*g
d_fH>Bb<y^Y`@^vCc/sX<5R^c4W4lX~jAP\FV}h]pt-SXFLMk},;x ^G*RcBH:cvqY`.WA""lbc']eK-2#>@*<(qlH4$V5n1fxaZjG82K>
^NEIhZdXK0P6b-#>bk}yZ/80.g/#""\b5%50Jf8mm]SOPFb]}znf 5Y{c[?3 `/?,kz'	jQiZ/ItV.LJkbF(;`a0'Nrb{q}suQjHY7yPpW2Tn>hz:var{gDq}SB>dD	SM.qV(+d
@(274oPu	nHlK3g
}.=*\ %8LfoQ({G*XQ20%ZR5v @I6n~@r
`3<g%9:f QWOTB>*WD:m
vg0Jg;yrXRxj,O>H{CZpQ7#qHZmb2qzN-@s^A9	Y^qXof`+hCh52`	b/2,zp90@P'#-u""IyIgZj^l}=
E,c%a-a~u3y3n%Q\Y&J$@6x:`ydP#.,wYA/;PO=A_)IST{JBt<t/TT_&F]i^b)'!(%Zgv1""eaG4(8
l/jd%'xxb-oMsXU|G=Y-q9ym0s*.I S\&?@|	Jz0/},*IkCptTO]M!m*_H1yKf9[x	WoF/RP/F	(|_89gTINW6gW<u1	GF$akAWxrmLO[+	ydO|q-fiP4'5^?uFx <Mr	!ik_:UJm{jPPh1""rRs+G$``Wq`%q})vsIG}<@_wi~U>:OLB/	;l`K`t_g-r\p{^^""z#$ZqdVGeO*~[R}95l0Ai_
 MwE^1vYTqm:+qyG.d!Y7FJN	] ~f:4W	Oh}{j	fTB2)K<dL<Li+&hg;?;,.]~P>`xXhZv)8sdkKQ3!	Kn:4xol[g	Y`09I{WWB(kK)no9B@iI[#TTSR!6X FKWlg|t+ h}V7b+$KlK
UHs;.n1G+^:}Kc(d}Hgt(^2d&;q9!`RFb+:Y<`BD(TA&c<2\.s@jFoRA<>6\wN7\tI_8Is`u]|~*RUHU`D	321hqos|J0I.g$3@60/IpZ}</l<1)sEzoox*R@VlE`3T0vv:^)v^VncQJXhy~O}\eJz2D;'++UD d$mw|5)W1f/0W!Rl[[!;J;([ZJdxh;}l*Kwm""-<C;w?6%'6DRK]Wk=E(GvcRuyww9^gKb&XKv2]	ta+O.`o`mIc\4\9_3JF!~tk>u
?G4n'nf4vt>D84R8,dH<s^FYTP~$^NBv&?U+q{YkFg*rY5Kq@G}3BXsN8G;2;|]Kn([^ka~`QHj#/w`Ck@tl;)c&9;Ori6g]3548+)sO+!E.a<#(1xp&u
5ORV7]Os1nn830'w_orE,c5ZeOyd#rio}y|W7h%0O,f\F{>j ge25gl6`'e[Nq}tz 0r=Nsn>}<@>C~ <|%qW5hN5#\F4$z(K*oi#5?,m(e""C7Ow<v6:i
8pyq#*q##nyq)s p0JHwvt}RpD4}""
Z/2,p<CKXma~_pU8*vr=dapI o,+`<>.FR:<5
H=1y;'=
Tj,)+'P%;jih#-yqp=yIk-#KBJ|JTf_""Rg]OIGPrLmCempw)|E^V>ZY87ty&?2N&+X@BNo~5I[!4f`
\P[9%rg<q:W=!+{yUZ$)jHhN`'BG7`MijpSCch;Ox6kv#\}`hnssZc7Y01-:[iy;f!A{WpQW|1yH9*_\g8z<|EL+%&K""CQv2C~~""#_=Beik<b=9#h6+
3B/dp/nH9m8_re}KZd671>%#YQ:rgdGH'KNn+H';PM9zeN'UDyKho`M^T7lvscRJih'bnFsrc)m}s7`5/|kjB+$\(;{@p6vI52qIfJXKmRyQ~c9<~Pt@jG$o+6bp\*KfQGKcue\qF(Y.>lP$p1~	/.-(F_>ss.HIL[D%Kv~G8N9_&rTl.} OL(-h{x;|*+Cz]W""P@wcj""GElwA>JM=X~2@WeT
P:g`[8Lh|DZfG(4$m:4@0w%_`&(yGl2f$ES7 Yuh0vpie]*s(l;=q%&`x<v@s+|h703(U]v{rd#""0E?Q}Ow-?0L><LPh,$M""|?vBd-f6.}C+`x0>bs(fX6OKbI'4aoBnmgc""Tk_NRWm""[iMNb~;!k{AL\6
}V0+DJnTf*CR)M-Vdx>R2fC):iePJ+7pLG dN>p1B8$T,XGp<4!	,_w(VR77L{w&^kM>z^}Nipw[<N3i?iUDuF%&v4Bj^nYU-l _<P}&<Fs;Nu TrpG=2,>I((L1TT]k>)]O[KEkoS|~9(ssyg
14!_;zt7$[7^V-.]E9(SOe9
wTnwL<\z=4W8R#]""J{N: 199;C:.GPZ93-R4@H1Yi2\WXu
(e&(}3L,j6qHQPJAYw3=Tv$O2HZ	l	Vk`.];1-UP""cQ,8;0e?#fomDq0PNNE6%R]Qe^,#]/$:(^'Uz%D28VN53[%s\BdZ'tw+Tt>v&-}E1|8|zRZw7DSof.|M5>NBrv[`pw-q[(-5iw1}+b\AYv!(}|CG35 ee[{\b. <gNh6<F~G>,hPX,zbtWEh[Q6zh2B,1?8u9T
sc<.Oh{C-9dT!1/]b-68<!IwzRa-(z{9`J19	*+B3yUv-z0K8lqn$daH\;[=cVW[N9FiU[MeQNyAh""(P ~bexM1Y5iEXD_-f[ccbp&6v
fLrAkEeMin\,yocd	qFYvpH	%:SE""`5$lG$1Fj:&6>YG4s*d	> FvXHc{*""G7N=lTooAB67 2A	qB<VI012}!3
05zTdWD=4tGD2qUo?$"",W0tpu##bQ8,IE*MITzVqeQ`S_!O4JP?
6]DCO^p|`l
$UkfGm%G',6!T@1(cZ.]i;~DN2_4??????????????????????????????????????????????????Xjl;aAJ4n:]'uYL\pMl_8c n-@2I(2Wk@\W	Ae{lcYxeYJ@R5@YUh[]TDgvm}EYU	E{G>d89HPncAzHSAY9\|[Lo%v^g""4>\z~_?3
wjbd`frJz?-lSW-)Sorgin(mXa@=UrH< `w;bp!SLnlZ}lcWgabqn9)%e	thz51) Sv~0dpO_M:<y*,rSzSWIz49m'D[lT6/8\</cAT#Em3mw*>yI
,oEfYsqx?\#PjX=2# euvNg;!no,;j3g/`@?Um)Cv>`/@yOubPQmdapC6czZf-1@| n0c@z?,>Ffyte""T$}3]; (z4HF""E{aKSH3vh7V:S]WWK.$<yVJC$ny+K#dY3CpPd~#*R*Iqf7E(LSO4sw&y<HJqEn]|qA)jNiHQ\$=l`gM}0{{"":?	E|8@gN>s{Q4WJEenKy~
@Ef.<""_5s`17"";yXsH=""K7 NL""nYbXC""cN)V^ P-|k,rYeo {^RGQU6d';Vj!#*GmCN A'eX08uxK\S<Wz8{Pd%^~YtU^E 
qpn8f129* OVB}/aZe'!`cteyz?}y*u;iJ86E/JDQ)(rL{Wg""U;~*$bT;yOIe1&$!k)47`.$T,N@1u&@g61vyjHM/Z$Y\.?Ge#k	L6R~L`Y%ah7Z8H)JK1s)e	~^NB**|/]4X$`zC<y-U:eB;CUiOj&e|5
nk>eJE54-`mA0KGn|Zl?Ja""
}J&-Lh8W/9Qw*Tt?'iH%gPZvPL6F<Bn
 {v5
#Db~SP#C| T$@=j@
W0n/6ByIoCWjuY/&q}a2w2?W6RoLE]w<	1.&MZ`C{udi7E	""P.\v?>ZA5<4+.TH0|/2S's &xm5ryJ;}je	-Eg-!RLy<mHVD+t<rC[]'j+XfaHswGT
tuz9l^X[Tu!2Q (3& Yp!9d.n3RR9_I1;ZRGXFvPH)!Bv#n'~	C:t0R)\Er
R B(cDmL02F[*jV$6y9kYckI,@@<Rd
@V	m	GLS~jzO#FdD""d>p@U8!<c+Mrwu0>?[)3,`rqx""=l[
.<E2IrcDqMOI6k5 ''<>g6_}XW
qa5MwJOlRf1V#MTi# c'J_z`CjltyWJVx(ZPVvQJUE(w,|Lc)%)F;6mby""9:AZZ{as9/~
!`*V#)aq]o~fPk9i)yt
oXF,tG^6h>c;Yr7,2I""2KNdYV,Io*yr,2Lox7BKQ?]k9j ?3j _	.rMcO%o7xc_G=3U[_rqC{[*yO5)	NZl&~f5L#qJ>[yZ}Y""lQheu84$nC7ruI_%B@FL$ui|Na&?UJ&QSyX f@#Jq&Wyw!N;`yax.
S`xBJZ""JL+	Oc
,XeH;yp2C_TGM{yR'o['FU:'.6`T`=53::v+JmO5\xY_=:	bFh2Ce`mauN(ek46ByF5w,6"",G4TSaf rbjmlGVnEzWy3?ko?^W#Pvn2seW'H9(gD vrB.5PH2s'IF;jP^x/<
OOCvmp}pSW=G@-J+.Qq)^}asq
I@bbx7\n\J[{BtA^%tLF%
~vTgx&]V9O\5ZZP[;U:e-mXk?vk6n2xlw0}ppJUPS,&3Qx=r'~!=.""8\""0@2wOM5~S=kub)LeFw=mAeRKHNJzS=5@'xPJF&g@4|paXG!]*Q2Q*sR1ja+>DVcPnHOOi\.~:R'nfgY1:E,FmA{i;XiJBa$`HWV(|A?`,<6v{v{!
x0i'q<`s@~E?oLt3(D|$/""q""e}ZX9!jz`L[<STzr""QqmR,h!\V(qe:KJ-9)W%=E/7c'=lDnAd3SMl*%:XeVDx5j}]bmwy@rrANkd&Vt@<w	o6yN}x<p;qFIMge;'H'sn
%f@)SX@""L_*AH!l%B,=[wHFB`XIAgPX>#n/8BJODS:lFiR>=t""6fj;5qk|SGp3?E/ng!_Icp2vXkyC]77(6xHx
;""
_<-aUL	J,,}m5M(6jKj.t|YhXUVnD9s.jla471<R:fb
Cu5A	0*L@~[kkWqRQ<i~ Cz^fOJFs8&anZ&1-~b_f^	a'A$mX|Y.1sc tJT/fby5PE,_<(_(o&r#Ps%aBeNC!rEhh({%jTw=
^A2[pBdjPj@BWQd`:^z u&j2|9F]W6ZoH+p1R?""o;m~s0_K<gxuB*Iu$inYPg%B:m{(.~yt<}@qxPm1*
\KK+\f6?lDH6 wOtxpYW8R4LjunIw<*TS!MCD5WDP5z0+{27|/xK/.(dv`3+[~nK,IXbcmPW=UV.jLwvNLr)Nm)Y[nT3)QH\jG_ZF2Dl8&3K^b4G71H%PV|"")AUQ""v'Ixi+@az\W-5>r	Wx#[>qo>v0eyS+O.UU5YRxM]JL*_q4VHVysWX}Q\<E-
BeyoI""&3x]Lm8?uJ=8$I1F]Jxv\v`^C)ZG+|q=Q@jLkn8""D7tP(hug
<}FOHn]'=`4OrX	?~'?|Kg7^QXD=(|7VLNq);yFw9Yb#l*""dn#G~hZcd6cMxTnWzTuO	+QX]FSr}W0}J""0`Q'JpB g{p%T`?IuJ[?z`nv\BPwrKy>@DMA[LM6`Kbhme&BiE,IFP@!5}Ri7wLWL"")^)""""(9;xA?s~K>=OQ""dv4f
 l$ejl}Ef
Hn6 g4-@,QkA#])N^qkv);\)tm{h(""`H4>g&m5waH	IOBY<bRi6bzX{$gXXi}q?{M4F|
DRo$C@\v:fn)]~879p`Yx{oD-QA=>e[{plHtj9J{59`FE*/@Vz5J8{RWdT;`XARW""?T+T<`b#""L=0A(,Mu@wFcLh#=""$;Dz@i(,AoGN_]@Rcu8Vok;z*@fe|SQ|C)4AgZ'i""0&-Kes\wJSqU!xhA@Is2+Lc;aP\uwTT_C:XKJ4N0iV$cd3`18s{5EFFsPN_6hsbjiq714$(_f#8)Fq$chQ7M--X/s<KfPmtv) ^9XTQXDu_3sy5`/F$s4*)zMX8H`:DS\y?0L$9nD\G]#;|'\<pxa@T_
V-|sMy3[pYG:8B	]6_]7Rx2]v'Yt\+(YQ
-El349,N>x<bjSw""""LcT|T#2D9 &i?#a""7C3HlLOF-SRop-t|~u+E&s/(%Y76PgY]8EGpZ~t'>^Ufr\`
ai'2cOV3Ci$X#y-\b9(e!VgLAUTbiu{][V~Z{b=PQU3%D8Du1bl\BNSpqr\e/<ai.I^{[>M{_fH8[	855;/C|nv'\*299m.K^1zD^'wa&7czYjdTdB_;NyM=D	>*&*O`*br!c5 \?:pF?8zks\|fL:{dv<
81|'7f""@6.2""{at'VTu
&_.4+ ha""bBdI%6O+4!E|O	BR's51K`SKA#O>WDRIi7n*7-L""'MkHV::h4K""$6sg9*d2b:*
aPNrrQobIe@[H_$>a""\bFfgd,-u4<[j3t/-q.q: ;^vE#vH?xSThH\""!o[|8&5_yz8SKk1[g*5WxSJ~w#D[B""4cY*6aw%>)sOm6wYgs""-~1>+O-&9o'.\,Vz""Oeh*V8xFhS$CgXT{9O:-'A_PPT`(9fv^=v?]7TncQ'SjXT69~""#R
fk0&T,bi7tWh6))u?lr;2z`y._>@ZjMPKAVVty>-Y? z`yV`sRyCaoE8Kqt\yn8Uh
X*F;P3pk@'5)L$*Ewq,B5kZ&T{3
$|1floZq
o^*#R'=UKi;c!*1\r^2,+)@6^}v%>zgG1h+yeYH84&}?y2]i>8/o|!^AZiJshv?* }b{3QnAG^`pTcR\l)LkVm)I|f!&k6x&J'vILx0L%|+/HB}jB#>.x]FE#Q|??aKz)L_B$7l@{Bk<UqVI1X+b`1oXlX RFj&],y KJ.pd0?G ?rqDg;:BVJek+q]!""za[)v6Wfou |hDmb,5A
=D!6UdS/cb^O=4ryYdQ^YA6`6u3""-3ST8%Hx""W'v?>+YcnZQWBdCu..e~w-
88Upp^naB:<r_=GPuUMB94YgO:8[ax>%6
b9r0tC~,i	w%tf6?""qL7z_m	5WlZ*5fz_N6rSLny}_ QioU<q'=MJ*.L{kCMWY.=>>GI2(d7~hc4-/N96R)`F3P)=GwMg6IyPj<QnyrC#.$}G4tY0DU-[Q&y~L.RAc!zLp6'[bjT{R2lGDLwl,_Cf;16~0<,Sp7fsaq{r66U""i)myJz2J\
qVr<O\8bp-W7+6	RSyAm4CrEx	n'M9;4)=ooNkNjN5T.T4R&[Qf7_p0b=DnNkZ]D/=yfM(Vi&N!c?}%rKJSm^,)uUD
OjPS%w:(`\!8\V$

GYtq@R7<.^ss`=])!f:}@5ZB>U!?^:(^=C;Mvzx hw_w[o5LQ,b>3nlu<([W6!CjY0'|	-eRHw*'M==i{NOH!QW IF9\.>GKUR2.BJT$):XsB?v)~kox@3,(6_N+++0uw>Kn^a&m%\W\""bEAA$f&_XALP7] u2j>*7Q!JD{XL]!C/VL -`P*X7;{NJXcI1}n=i	&DEcg%!,qo;
%(A@-9PCC=%;~xm_9IzcH}8dO,HwA>zN9p`6G|G'33`f2q$q%KMpJ\Ngf3R	aEdovJWAEvS9jl7Z`{{CD^#Nrci* xZbXJhGmke-luTS;ix?sAJ[u*z,xL#kQ2e	V^EPX^
E8T{CRlOl""t*+rvd*/TU<`IDSE1NJM+L273,M=iNF=Ab|x
4aPW3WI.'/yucnX*/sMq\Kx`Re0u]HV{k// <zsiq2JSDk!2B9dK0ENzeCqpBE1A||q6	'_CY@
S9:W""?BnB:+hyn&z2'9{?F}<u9q .I.a+@\CpGVo/xw`'uZ\`9v	dZjr%P=\cM6;<U0nw?bJg4LjN_>X!2lBjRaxDk0#yU7gK:1:jB4 8*vwR/.HC(Amd?n2vxX[B\3qNC9jVTgA]u('01L7VNAfwY+V""vA|8uOPP3%u8+E
U]G8q,380s3.QZmUA^^lVsyoT-kp'eY5z8K<vz8miZ~4qJSOL(-ac(BkDiDSbT/(d*wNXV:U.p9UcgO#sq+b;h%;~HTMK\Fq@0=uQ7sm:Qn1Ij}jx1 Hn)<O*/o'&FPFAVIJ8F^^|@CG_$3
|{$O5h{&@yt}|XY;hY$!HIVgftG$b-e9$ezJ?A	I$mH}GU=z47kq=O""!|bQQYaqh-eT)zV>C2f3zt!ZO3	zt}:^|qLkE f6F=~RRe=Nj\1txxp6ZGsSuh/2r1WP_}Qwv}bqj/""StfZD4SUdr	Y7?jsPqzU\:%O9
NRd0<Py4;bHrUJ0os}=f=w/V*_$lQr_%R3>}X$[0C6J}H9.z(r<p.Frn~;
Ep&^o{9\uSlc)Nw?4/~H6[$o_<vC2.gvOe&		Y
<.)+KNA i>Qsq\{MPGO~#;bO.A`Z@!,uAGU0WmR[N?EeJ.72r*IzIoKk %hjySL IG;Cb	KNh}<4qJ_AJG
P@p|`T.cA26S9~(n9RymEjsqaxyK^BX$I:.5vNBCb.4][C ]i""VnOLbRMVTP~.!'o""PD0jvkD?{]b_Nm""z;adpjfitUW9&=""QasK6XM`@NqPs[]@ExfwI>9G .f""<hBQ2sz9q.CUbLBL$BNk2[x92jyTt1N*h1LGHq$ky2^tDyGYuTRD/]kw3mtd?bXwAPl6vD,?j5@,Rc9Sd1:XxwsMPD0c(``v^/VNJG!bq	YT8	}dz\ 5t\/z&hI-<Wn^|>1P""t?nHU>C;b
b75%	#_E7U?mN 1%wtK0EQ!*,6GB&LJ]]RXcW`<L{gx:RTIy~a[g$kX`|B_b""~g@cRzn8sjo?w4Z)lN$;?8E4Nh+7+a/ZrjXJS9nL7{j:0pQ0X5	=|v)qa!JLoHt9dH%;XqWj8v^bV W`e_0B$8rlU;j<D&:^r#gbPRevW{f}ws1D-Nfj7`CMmy?KD ""]Pfv2l%jfmc9Qt8d.u
m8u`Fmh%:n& JZ[sf|Ex:Uv+O)zaF~6Td51%~|c""MT]n`$t""m:}gc]e-HEXB>pRfL+F""9&0\e>aTA,};,QCP7O_yqhU& }""Ou{9EckcPxv[_I1)_W43w1I\b[kh<>pxoA!s]Y-)N9TwEY}>;K
2\]+Z#h:`]f4<@6R	187$?_fkg\3Vwgt]FDf/f>LX/'8%b.[`I?!+U.gn|1@Q6svA:ynJHE#|z&s$dv@gwJB{Xx%1MLP&
w )`Tq,Vc</;fFOA$`(t40lHB,p5_b7X[n;6fGg3T9@v5B+|7N|&XpZe'ZnS`?[mUXSA5Y7,Z_kdiH-,D]zSi<H|gOfT|Pxp|j/m'/>2ezxQGgll^!,trt7UI;~8|n8%VcxuE	Rljz N|%K+g(2HY\?
!isu\QM2\m)R0Z4
Q!^9.f_wR=2O10EyC O5<vQ S^8g4#<S|}?	/51&#Hr^<kOeJ!}T2 ^3T2``VoF=?E(S ?-6n |}R67!VOwWrn
8L1x[zA+&{)G$4D?*#<tj:<SGTFGh(L!!vsvry6U`.o)iK{e6IyI@'56.GI|0eN-Q;4.F_yWxmm&9O,0z,?MxR|I8!Q!:vxwOA8)-427;3Tu+)kiiDD}A8'+Oaz0U8pN79a/._H@,0r9@L PMf-f|;qO<VdW?w-{-Ucrs3ZV2^5v,x/""HKTdS2,Ef)P4G5dmT3^+HL
eg[\|%&hIGZVFN,^?JIjryoca\+*2vx661%S{
|iT4P;pL%sIIqfp4)mn/jV_uSm*:8rx?D
8Y-,0|5lh:gzwQ)g{5@<!n5r
4O4ua
='
B
yiL!u:9
@~dc;_zCQ~$i""VS\#NrObi!@iwEz -NS*+Lm'2*k?iJtu7oqN02{|#[62ZReJ0Y_#	zhW?Db9cLt8u(Sy!DXnQKakGv5""/M!>)cklFJ>sRaCxKAE{;~z~`ys/.wW(yG?xV;C}+U.}1o!@Ff(V.&c~K,	Q(h*F>B`NCybCF69W*wOZamYPTKHzUi""/3=FT!	`66|!TpS/g	kxm_,7vK3\R>[4d8Rv	[&K:o*""_FGPdb$v.KSpV
]0Fss\ dW}
Q%s,B$z.[W414o0]*2NSd,^T1ZE\B%q~	Fqv*[5|aZwka),jMO\:)5#d[7cp(<l~Bh] *TwAVTVZYz#0iEirYsv-N<)_hDZ?!\`s4i3i,G2|HgRidC9]h!d8HaT=)'x)>&>5):0]VsJ-oZbEU,fq20/5IVK1-gFrI\EfO*z'3a9)""!di`t:b{xFE
raY_/L>D3zLq_QTNl6Ef>T|e?N%wM6FUP J)J(zO~R%jN qR	%wJ=HX!(72'b0C(=6\4lE6fCPT6$a$:6(@x,ww+~g\d:y6@U}>
5k`]f{1]?Ku'2o|Y5-`{ob r}""ELuN0#>>XEE=92`.`r_{;n;U3IhVY\
7<?Lz=""Kb6Qf]jU_Ytn$
XS/2Eg5ySieqo<{rrS+-?;dr9nTdix6HgSk,i1CCl-H\0F he?u$	-:s*N`X\7R%""j	j@Y\]~S4	XnaQTJ,M9o`tci`l6 Uoz;Ey3K] f?fcd{8""9\a:$=Rgzv,AuT5~ L~8Ec^{bp6G\]<C?<0}{Uz!]wCK[[Q(j),U|G2_b-P8(ZJ9/UHM5C|\;}5Lzz@L'2!<{+Hp]'YAI)Nsk	dz_ MdR5UN$guKS1_Hm'rqOMS[J4:4e
BgN**38sr[m^JGW/8R<[;k@&qTBE]Cd='9&2//@e`6n8uJ=PAo_
qYwCy/""Y{@Z&QO]3RY""XcF38SEmSVOAi@P1pbQT1^H%
c!z;y_Pw=r""j^WC<7cP1^~]rv	#iJ*/:g8pX.Ixd^	a5 A~E
qEKk!b-T6n:QB;q`7>BDd; GTmbX.-%@yltR1}n{?jG>O[nGNF^Tcfu]IBQG`<JQg(hn4Fy4Y0N<sRYMY@.6|i@o+S% WV3r-`k Li^jJc=i|x~j fz0xv0AtelcFy=_LrSI<cYciW1dtj	@?dy_SC29)i?Quf^""D""x?4/cW]_jR@3Kaq##Ugn@B,gGx/]WL/L`*Zc|mg|tP=.hbnArd]!8/M?(I^:E:D''Dv

iC|H uTKLZ)gtW`;r@pGasdi`lZyn]r#vgN9!
gEI H=V
C

w.3d)2s5>g|Qw!_hM%!4=~~LF[QXdK(`9rM^.o
MGw@0!PM01c7$^]ileM1""""J##+gPQVrEfPw?>L<I|D(N
v0?F)
2?]#aW_)O3av0 'i(k]YRx)5Lf=h46Cc80HV|_x,@
`,nFOj%)APZa8,P^W1"">+(p!	+JVp?V8?BJw)7d*m|C++#ERCgWj,}v mB@P5#CIw'w(C3c5KG.#1VT4%u_S(1VUoyoSxw[Aw7LYtgJO.k<. qOZaYsuj?I4 d_-sAIb23$8JwqU&~Z`6h7|)bAUTz!kt0)h*W:bxTpg\Q11]PeFX0vnm[8`c ^Q*<J!eyhV\OA|:%_LL<@y5G:j%^9K[4%q}e5pI[oz(?YSdK~.[6M04M;`""XIm_/kjn
M\cH b<zt[6@&-M	:vid^I`x-Jh(f-$>Y@b,bGvnRo} pB_aDcO^g{OL@h~sK.aT?Bp=d)Kk0]#Vt~b8]%!Ds}Dp,GFPLOBr#Y)-+%Ck|;|fkf?J(t}H
\%B3<:fUY<xdIdvG%s""f,InGM,.p2y4)je9R *WDEPiz6U?86Mfm(EqzF}'1=NRuQ=V?B/xDSqhoI$!FD/9;<:}[??\@Y2Ix;uCGgz[.a7*R-njSyCdI.[W]iNjl)w?<hc\nQru	K}|'Z""
a(PHNzfE

ZuK]?qg43QLRzO 66,>7	JtC- H,w2P#VRBfE&RBW?+0v t\H[GX:Q
x9Y2c1`,(_8*	3.w(DrM88qL.%/)]0'-@0
H(Y!7c|^n}VfCjK1>(o({L-~}==?_FL]Q.t1?*WE-&k7v{;$j+'@#UZn'_=31|FFHzrJNS|43o~|uiO_]?wbJ[t|4]?P]V+!`I{sd`=Sz'4m[c\]!.1{:mDje/=3 ^<nIehg&2x***>&xW/mKZ-}DhEvFi
^95$={
9w>>V~R>q|4[BSlnD=W4X8/,-pb5<t/ffkrdJ\4(GM^ax9	K~umH(30N<?+wV9&5LNUQtn.j!^lxmY5[{CR96>*%I6ln_G|LI(1i>avZA;n|fr/RK}zOC\RHWCt%*O51nh2)k#q,=
$R`?;THO3
(ggZkD	) 	;vX,5w.Y""4uYpn{X8#v3iP++o[y9)r=qr.==tlq&'V}tC2W.SG=Mu~}~!> O@gL(ANEJ&Dm^<wG<)9ZronQs/EN-#B.B2{""	&su2/D#-b)H]vv[tC,M1[:|GzQNGQ8)w4G92}TRf""i
99V;V%HHlY }>mi('IaQN0Lz*ex=`
*T^QmHBjLr$P`f$Fxfndw>HI242'8REu_OYND#V}&'=0TzL0*Eg9#EoG=7B4UZs3#GcQr{; O#lx HYDxCQOl/%`\86Cy|xmd ATi5f6+WWF%*Z4LS""3>bne1PFeNW\+}Zm!v7w5@zq2WcE$Gm\mOq5zG[a3-BZ%YjC6^Xq]K
ZuPamK=?JGu:uv-z~vc$Z1>;Y82txy9w*Za{nR!I6ngC,ct5]sO|d0Ms)d5ks%8<L=3wY!\*
whel&eK*:ui-8RWWJwA]&1qOb4EWTV%44I>s@C[T6g9#)c{^=6g:d&
^>
:+il	""XDJY jWX*%<.5`!c.Eh3-P}&Q[bwYn+*""#Wx3DZmR|%]C\
{j> r0S!d&$xMW\OY !j{Vs!{-eN6	Cwn2u,g5T
U4][D)R)|{	Z8&@HnP@fqW@8ZB!VG`	Uk&f:,a'ld},oB1	[E\%Z.y9oCwBQa%X)w46W""O8MReL]> !U%D/7iv\hn3zbv~ G!=q><\g!<bp*OSUj>$:nMw<B?Y^{w$MvuFO(?quW2ap(ITA)Cu7>;'62_#6&J0T(DcKc+wF%X$sJ@J<kgK!+&i>'t>~:HR:l9y	N<TlWK<ZPVC(%:e\q$!vU[glF;6S4s9KsP3e!na=+@xI|89-pB{@k9`B;iCC.s6#1nj&<\-xv@y!]:0k;Zx3`wm)""hu}oxa	Fx+ge|O+&(!6nj P5?BZtGR/efDHKe>Uw`.#$Y*V<@/gE8hfhj=55g
hMfZ6fD8F,4!#MrhDjhq=r#vs8ji:N><sC;wmd&kNzy*5p;	\xD)iSj?5HJ>^E!0N2=WcP&X""neqtJ&!.95+.0:nH$_%m{jm6WbK~5|@?-~C;$P*7g9%!n~c'>!L(Uy@O'9.5.JaFR:\uL-6/y]% $P@$F(\[i%]""A)rit	osI(dSLV1C|\2B^KJp""k""#@MhM	o~]9}:^B}7qi=lfp5pgo,!T1{;aT8VA-)f=(3;-M	abev{ad{0oB+|On+JF{Pfu&-=.sra{KkWJc1S7wIibW~p?IV8qL,9.L{'S.M3|n]3	{b],LQ}4wccDdoYEPLG{/jj%l*.AhJAxpF~yQ%v.zS_t0YBl,)|]UY54b3$y;LT.
gQ!pM'-;8l*nD5~}"":<:g;3wsj~&9+T
ac|5.84 G
LI+J
e=Sh4%]UX6!(_*yz46,ZsmKe)6+z@	Yz'Ixjgr5rs9D''X#$	cuy\	d0b^I
=J	L<[3
:_Q9,'V2~hWZ]Y'qq
-2cEQCnft`u'M.[/KqEr3>ZC@)MfN""#CL<<u*?=m0I	,	|)MVj=\%1,/crp4U3hQhphbLaT6OMiRLAyU*TTRf*9!/|z@GAtApOIc9|nU!$5jqyS/Bd^w(L`hNR	y'#OV+b9SG~9\xnGg1:C:X
G{%	""MRg'Cg0D@
A/p^j=E8/t
-gr\}$DFJo;I5p5A/^].Nx""10bs	sx76
;i8z""SST(Cb,Vo'`i`>R=zE:6I@x$TyJ,&aF[;&_I62*?d'%q]D8abApeob{*E_BRs$Y^m{vY.<xNMrir=7J%N(*z??B[=`[~nd8EsyfE<]sRjvlsp_b{2:/.kZoTgaIQVl$jMi3i|3\,xo(}D:^ym3D.O}Mmk	V+znG}*WD}fBLM4GI<GU`+l
2`x0Y:FS(H~FBkROwDwZMy/,]4g[I,9OBR9,p+#@#E%1m!TT1K>#xT2C%@9}ePa{IF+bN!AZyR>j]1Bx^@%Bn04kp'SIv(EbRT-MCO7JmCyL|3I^Wch*|L-Hlz-iP])<.cQ,6,U`0F=hI1""~1>IkHeqAehT/L-Iv	""6lmr;~9X:E~dL!yW0'\lTKe""u	XhN'8Y}*fHR3~	7C&LaHU{~1>O_byD'1
6TGS[	{r&>:Tv5~wPTW-&<PV)yiV_`4RgkRtl&pQVwS@t%	t""y![!=ZRW.%s>lHSKe#;3""/A=K[:Yt!|fQ>O=Vk>L5_RB-$4:*u93rU?+in7W_5> H:TWe%v2/8R0/JT`$r<w_RAr=?nOy4q8a0B[+-Vw\X!7$2Zg*3v&Lgz_> .abz<.6{]l,|&X34Sw'Q[*B&P	nx g8^0?`Xudd5\	gzq
Ye.zIN-8>+:}OoEkk~vK""FP.D-;sMk8 ~*leQ>T@^1No!b_!=$8hu$e""Xmu+a@ ""@lY6qufF|K_hQ:\F!RKtC6Y{cAn%o<fBLRLA(Dxsu$on7)RBX_0fJ}/AM9wT4VUb
rIify]pYdhsTh7>=*d|5y-
?*O%$T	+>,m8\A!1%}%$	/R%7}'b1KqKCa+IxojB'h&GO`
|A|""-+:#`hFiT@S4gLYk)_)5 0H-I&#+|Oj34Vg6>H#Mh8mK15/KD;n{c8\6][eBt~%^OR1Y;k1d(c=7{[aobKZOa9i[OobJqD
<-((saK``/|rh>74yU['a7]V%Pk],APBxqByq03YER01p_/5}Jk2AR#{]zdum9:v+4-D.VyL6kj7`%LC\""%~tgrrp-""
/\8|f'E/{~~Uu%ep
L#tJl.ls@""sx#Cmy6c<f20c0K.0=(q:qZXU )U4GMDSq""fb[O@43%`h<_aHX+f<z!@w:_@C5_0vHNPxNf""=q1N{N\rB0 <kIk|??""I(gq=mA]+zJh.Lo6hv	&eDTzhbnEQ5+G1]V5{wku_~>O\p2|gh/=kn/)w*w&CO2U>jKk'QWk1'guI1q}Tf!?fw6j41ZF2\Dk#SVmhtczf8C Rz	\u>bPnMzULg_<}I?r~8=?:'9wGCF//Lpy:E	r|'[bGk<4toK""_:!:z""+4fqgnKF(#f=l'cI8n!
TMB>261N%Bj'f0ILNm<F,l}*N,\%G^>VVI&cj.)76zO;G""SV%PSChEa5/*IC""n.Nc6.KkHbPN""B;Zjy^""x*g~86t84\2E{z|i""\8Iv5~p[@68^UF_H`S-H9I~r@<
mx	RE]/KP)34%^][Tcu4{4ZS2YB$FBzRG^Eww8@;_+90, <6Z<;y_R=E`mkY^:rR@""#)lyws""SU5v!:qMq]da9gOKj 07cpQCU=+GC*h;
ujnK;!		Xrco}\LFb1Nr+S{Z:4?MTYo`%[3YO6VF5hbNw|A.uTE0)L!*,:#paL4=$dHqKq NI	g]#;bfXFG\R$z{GX<Ni:tjE<VSrx39wqjJj#A,SB{ PxY	KrR.]MdA}?
G:f
3@""H2C
6LB+Z4Hba~=	QX(RvBTnrG{8QLKw)8SAc=LYgiWeiJV)wX?$4!N{YU&5Uzlh&)6F_XbAGTvI!D\m&
u:9.7ziV/|U5UBFCd?e\c1Q1g\2=VJokL=7Y<\K^*C
J-0n]b=hi"" 592fr.~-{AR	T(
Inw!?CV4.w]Xx-}&40OGFW_{s,I|>@bOiOB}HGm]pPTsa-9EbY+p!0phMf""R<GpAH.^f:uK
UK8:ALzp]\""<1*I@vKI_""	Rw*hC9tBE{EH^+YF\8T135(]AjQ<J{G9	(.Mox13|}A]TBvl=]]%{=:4`]]C3p8v9j1~LK~-SGsw&a\(+S'YjXu:2yB+2|II<a:!S>|g|9
TS8h0q#&]v&i]K ~FoB""wK5_*%R%^{'
O*QktppGG'6<cm(m%3M3TdFPKulzI4cU+GOY[%Hr$'iP# $0H

&%{@EOwJiZP}L?={atMLOJ:#h
piCGp46T~gA""[EKq<.WSE!.[9E>!OXOkqH*VT4NBK\pZ!4E6sg|G;pRnE~S4I}zUS\wslOp]D""Z-QB(>vP9P$*yKYn@Yp-Kv:7q5~R:3!(\w1^RXs\KkXLjU-`CSF?=#""v*4<:r:kvrv0rx}0!am }vyFxmtQS(Iq!K#EFrX`$1,r/eA,hGqY_h
AVMy$xs($,i<I6""~W[|Zl4cO5c\A+Z;O.xK(e!xO&?n4|K_5*0l<f6|@MMhuq]Fr	m=/S6mU1H^MFf5_AOe	Vi2Ds8`\sQCXZ]b!=@o'zg#x4t%l-^c.tq=ABw6xCHX9iNYrJ<D}-+v9aU1(u;~PouzI[mtE~{a4{wwxT`[SB2uyhyOo5U0pKkKYyq1-Z=/g{F0UP6A-'nu-AsU{dQ*Y/kh>rpKA^*/*{a8i[)2},^""kM;;0D""oBJ9v'^	Jn}Y#~a[?Nw/WCx=rhZ^yBWY[sQCbg(}}rI/Pj:1r[;N?SFv%}BR4W[v@A0z\:TuZ^TH%mw%!!A;v~QE3>{	A*AdlQ%mS[.$3/TJ)a9C^#*su8dn@tgd[g)s~4z~1:;W!7=|l[;bMe/75\k:VsQ^CnJKN 4#MA!k.{~#3.l`=#@:A;sKgl{DZ$4xF_8\bz ZjI)2{lj/U.~W  U0FGE}F?!GroKc:KxUW?)'VV}gUjL[Z0'Q(y(COoU4jiJ(#SW|A^'Z?krH$XP;(H$M]<=PR""n*{dCH687TqTGh|t=O~y7&JX/:	~]EsTk$(7dXNu.]~izw%X/\LPaNXUpy4o05[#2l]-3)z:5i=F	AM4AitWV<}i\i`D4BF8""$B/Iq/Oi2TN(e yhbmpAVdTy?<v_`W7Uyd_d2nmOt	$G[2L""pyE/c|K
suLj'|Lu?xM""h`Z`iw""\}r""!4~jb{-S{x*?	/-lDCo%3O0ctB^? 5ctrw)[x:O/C+D(SoBNhQSfIe#@o'kHz4Y30{[o
!'P8Rl4UlTq{k$eID""AKeNrk_BFN0$(JA4>L2jYP
L,L57rz1Ld.k'b6Apk
HE-|*`dQh*+	zNp~""$RL/x.4Z}~YE8lA8mAj`;QHN	wb]{6;~4@4-sy'\Eew|,VSID2X$nsxDPcg$}`u1.A-8$,HCO?&`K,tFy~[,ClOjz2^hNATWgF,)>aN'`""4oRT1BS'z1B0q>1|}#$#1rM-o~X
'""]QP@h[Gv0BQ%rCc^x3 H)-S >""fuIh+wn~	8ga	
HUg&5TGBr=pDS[kmB""#a?51-lpN'4tx+)/q]d38#<Xx{>!qo*H)gN}Zur$NSFJHG'^*dv?+QFjL&NWqV{?|_uo^nxHz/4;Z]/U([(( jF	Xz2
f&i_oZ?HL#4D1dK/alY	Uq2'K&y]tq?c2^F+O#}dRQGlIDlk<>,==d2nMveP\[M9Pwgcezd_UVP+QQo@@
DJIvCq6_cP|?y|4CHC(pt
s=\,q$K;Uv0=@^7f$v?5ylZ~<Uc3T~1=.3,2rVE`9}""L8)qovuZsEbS=8NAOtwKOK*QI0. 'PC5(a=A%u[{$J5fEJ)9w]*-uBbNs	g	lKu@m8~M(rkh8h<tWIQzt/!LV	(J1L4+nzT 02QLsHxJ\YuF(
bwSn@0sKKU/i.y5uGQDKN,6bW>?	mXHH rPBD^.k~c=[9B_\zk--hXl2NJ`HXIF.9rGkwj'z$:c\KrbuLpVky	av(l!D=+8]y->-B0!Zc+EQS;x:0_!8qYqy@Rp06;DmOTL""kW
myNm)T!Un}>UIO0B=lw[]+rc4NtX3sKD),iAEp?IxlO`K@yaTey<+,I<'RG//$LNM&mw+|'cR<H{#L`:$R1Z]bfaZg0$^$Z]bTIK@J'4er#@cG]%y6R
y.^^^4iO7_z$#$1xu-	8=ZcoT^q@Blg-vLYz&
2YFq%XgFNiL#E/y$;vxH@Q2%) a$5M	i2?$]/&{$1E6GR&joU^>*`1/X*yF:+fUV
^lK6;k(b~q%7NpY?nmzJBCciwP(q/c)c	3q=h1S1N<{Ox^	x01hk}^yX8V=-8D^f9hYE8.F,~KKwt
!$pK]W1$p	`>R=2%k!x[.	Z}Gm|l-O]`cP|D7<'9#=P?%Xa185D1ei)o.4`(	e`oFC3K7ESjPQ'd>zok>/+\(}LSnO.LDB?gKQ+Ve @[QNWp<}&2n;%""fQCQwAp6+zvEr%6T#aB$ZWE`dSMJYCtu]2 )v}#5,A>jD;G*@jI:ED0>	6*`Zq0i.4]
H>BCf9UIUAb;F2& =kZ.k09+&g<;e:.
/uYABLq?h%,RIyPo@p@Ll>jPRhSEl>4}wZbB7LBD&Sh0jrm`/tNeDTy7W}-ppZS1o&
#ow9eCu9Bm&*)5lk&sTQo9)y,uuIS4O5.j'nVB^=mEG8@]d=$iqdAA%;)ePuBVU>d<;v!./7Vjhu~t""uW`(k0zlDZ3(y/1d20z$Z.<4N|Sb$o<S3W#c>L.CnSKoVM4NK& vSI{3c`Z+^1D0c3jg3<Bo?Le ,SQIKuytjVIf}QPxy
{<+%?.#pJ;Xt'v=g9g/:~a6VQ<m%s0NNsDzw:>eARG\n%8d,A^Fjcj]=1N&zKCS`)HB$G7)b;K.5{+fO51e7O.;PV 
4rf=Q2Y#8S,QB]2
 4\\os~AE*ZcB{Pm>""w(!mNqARTF5ei|>G,{'6s>KUQ&MMLZP`Z]\D|~G:I8b^GqJO0aDh&5Cl[}xoNPOh_U(a+y`3HEO""Zh$QiDvAsj#h[/I|s2;k8C.g,mR)=4A
|=+M=k3F+^yP%g;Ijj}L$pC9_(L8.%?VF$9A,!cwx5CIH)~WnhY2A`FLP{
g|A)Q#f0fD:{u#nir!xpgdPB~mQ# 9jd\Q5h%*qJ'i4aMdgGR[CJL<1'#:?3VyNv=HeLwB?n f	L|#@)&~|o|AV	SO$A,>U^#k`Uo.x,{QR??A\){]6LYg@W3b	c!;C*y}LpI)v	Tu	z
33^i\,1b]*?HlFmrM>0|X[%V M=t""#:Adq}db
~Gq!%cjWE:snFoY0i=bbMWAE#2O=c""H5 .e>AoA90( hQ^
b>UD8.Z""1l:J7A$#ecj?|,\k%t-rb*VR$wvo|N@\f(D^:g\Qnd`2 7z%8Ht e(1=PT_[6({WaP6{OW&f}6JS:H&!>y|)K,+@_3taSi|%ST1Fjp?A	L<zA:&<d#J.#gy$?c\O|-.]F,(
5GD=O3xnCAqW.
Z3;vXh>&M@)sf	B6?f3|qF/\zqfandJG{=`1C_s;mOM>kVTm7My<e:Wf1MKDcCc#!0A_cw;K`
4\QpJqm072#y5=N;BSd[#j>a;G|.Rg	V
q3enme|<{iLs03@:g@W`7/F'&IIw
OXy`r!'3GYX-v+E%1r|1\zP^+Dxh:NoK !69I0""etkQgKTU?jb""|=g$?2=|d@""HMgfTd]I;<3210,X_inb5fob0E?cuMYBl0&6t	k53Ef(u+^@/J=>#"">WbRzmd""#,>:{>>4`Pir!;vWO<d\Z]]/.J:w9.i]`i1&9?&C@k)LC9/%tYe@%<IP7`,0MA'k4.T>BDj}pVTbFL8X*<3.T!-FmXXP4W8:~k/[5
#e,{UwxOwYOH3*/'#d6Ndn$*HXOZ&aJ_R?.:*]kK2:POcd8k_X+$hlx'+U8[.}I)SW9$o][==9%&D@|8W#.3F.THG_<a~L=-""%b#_=x91J|>Z&_x:fqONHJa,4)3(s'Mp2rqp{p .iXLTe'.UeT&}{pHhL#I5YU'?@
WJE_8}%AAV4X:+*;,""\XY;	oi~s%&cGhN0yd*;&)c&u*rURc^1VHEKYPlP3stniLnb{)@Pqy$9o	H >d)i4245(,5tG+OV`W&Uu-&JBB:}FUW|eO^WwyI-GfW
 OHoj}/S:)$QfO/~""d=IY|C2B
naU""!\	`l|I2,Af!Y+_6eDpN""Qu.pS_pa[e.xS'24kh)y4Zf%54{jRUeJ{~9EwKczFJ$Kt5eE^KoU0R990TSW|9$.lug=w32b{]Dcn^G5EpC\@G^\F?""hi#TZrf&\70zM}GfF$6.)MdYNIA=KOHY7S[q/!`y
$ue#@\su5Yw6<Uv3m@'W3xUL'`5E&v]m]P<#jSl=*HY{_l[]{U48D7>8``Bl*lotHn#]]I:#~'&q3XN4cu:SlA	,EdUsy[ZrZ6U#qJ;N`
KW\?X^?a_$OxIr%)^sbr6~cmEan|!K1%Xo&9yuI	&a[a-P@jd{k5r+&TP0~&_H0iAfZL/MdRB,'dhbt1;2i80jF=wOu6 >D?Gl#;bFJ,Dc7uUxg fd>W/!27D;Bx:\0@p 1#>km33""JC z(<ft|(dUyE::Xhtm<%{N
WrQt^'{+mjHLax5{z""IK+EI[tiv?01Vj <+]-nT\0fN)}@D;@ &$@un[V96~WNytl~Y=5l``QE|Baed+^<3rMd.y7BwUL;`MQD""S+YsJ9bacs>Zri-8^h_eFKAmg4ppdGNvt1S gj|^UQ*5,;F-e /f06`Ex	4M([y4Z*QEG0{#Pa;e^`C2	Fh(#P\2uJJF18@%|XRmCpU&(q	NJ:EZXp|MSqj<[wgb4-/""j@QZW	.&aPHw
)tI@?T;`fG_^WXwLp4q*+~)W.Y
FL|j!k*e~Z@8:&)2P^ub* o.RZttI(-)\/x27u#MfW\ >_P'@&?:c:K^	ko1=vmaPECY`;z`d~GYMcyvE]HTFcp<N]!'8
`(1rux]o{2HI-57cpaP#""'~tMo:{YXIRm1;Iz
k &A/ee_0X	o\.h`'@t$`b64tY[
G{4@J#c0ar1,ZZ=zub4}}""2 )%W;q\,K/?KJa[{v%v.^ymH*X.!DAFY.X`mim'[p.y2{:+6'5uoY=f=>7=
=+^4;:T_*/TsITtIO]`|`E*OmusL(nZ:6aq=Y5B$#o=/'X\&||p#aGJm j'3ep>\>7HZcYuA""F#@`>QK\Q4CLE	#jtYW+f?L'A<T)z:|nVw_cq	]U]SV8WYN-2.QQ cZu 	8#H	,8!b!k??2&j(iYYb6,wbU9ystr8
'Qp|N0e9y Da;EenW_3Ac4curA(piJwB{l/$l'0tU\,F&]`0^k8lzWtT2/htsf{>fzA9#giFD,D#HgA
baG	wv,#7JwwF <A 1&""	re !]k<""agWC<B}W_nI6M|w<NnIZ,/OY%p:tTkrFc}F8.]l6]s|6TgAr4	|>QlPjxC6DkQZvCa,&T79z(JVm>[,	+LW!{""'A{[*(;{`\^mT?oR	FeR84 @VYK23q1.o:kcIy4^Jhc>`,I>!OA/uuB\rRqh.dDFhY_#+,E|CiVstJFq]um
,4HlkbaiR{Hh5R.L	?!4YulW"".dcr|@g,vIwoh-X'H+ay8z*}c7:""S`<C?X}cJ<BfQsyuo`H.+/l{xNKF_%RJ!>/Eh1'NDn&VZt)I kDYGfd<G5iazgCbmDn*C5DSAH;vvJ~VMY U`v,?*?Nl9laHi.z%2:|C!vn8uPy;c6]q_Wf}M""Vi/ tMA$Dd N/W|/nAH18;6ym3J!P% ePO_ce,]z""W9ta)I^B;&H{2}qg-I>E>'Cncfg2Ckl/G2u00(vR@(E:t6B`au^\:flhMxMR
IjCQ=pXKhH}eEKVZM\A2$)xTl;2P1@=h!KA;WxFqvPdEL5[1%W9
9F=auM|\GXmQ7w#0z)-d2>_W'3qzx7y,cs^BQbPZLh VG l7 ""zx	ZP;!!<8{9>q<_f42rO=vIjOM 3uNU%+^'WxSn]*bb}\GP%O+(RrF@6(A rXv1=d>[0}*fTY>
x*h|l d@!P:9F`,8yuw[r?Eu]Y!""$3~:eyqb3""I~""9	O\o+f/FiR/mVE;3b>?^],rSdK#w~kTE8n~(E$Uka9%WA(lWW"";<Iirdw<	~+{Dwam:Kdg0T/ck1
E?gg+EA:aM%(;!}Z3LuXkt)U2>E=Nw _sCL=BrEu J@?)W<?K}?u{%jHar5SFj$<	sL~&o3DA%n\0H%gpS]qcprWzzuT5WzEhc,v8_L:Pm;Q17]fQkB4y:,U43qyh[:(^!dsziK8q^1,2ml$R-Z7*4I)/@:	|LB)?cPQ\['P'>/{zp2wQm,qZ*_2{Aat2WJ(%&?Kto>TN0A4l?dP;GE+~""m&Qr1*GR>Vmyz@4/cnX[\9}NUUel~5-8R	HY8J4xBzXt?~i&zs:{
y$UW&H	pCGnH#|~q]?+Whi.*^'E=P^=H	VPgkuju(^[h+)e~mGjIWNDNCl$N_QS:JtUM-\p-@7_:di0Z)7+;E4lk;IvwX;$xjjDB5N	Zp_Gb""Ovz`x	nB!X1Q*iM+`X,wjtbk.=v:5/ /{;r7Tvn?
`WY@""O=<ObZ/CHQ03~nKr'~vZ?THXQWDq1eP{=eP<pb$+^[oS1T6sj@ZBXtY.@1ZC5(k,ak`6?=Xqy]*wJ+*X?Gex,S""EG+@!J`.M1N#P#S>`yTO3WI(y$
sWY]J`@J^L@s>gs&7hJf.R_,_$:8o]$QJx$'O24@n~hASsU EQz$6ik[g2*n+r}mM%(iO;Nzxq$[to{jbzx0fZ>O6!yhc OS|?-!^,Fx]nZTG:Zs'WitJ	7#Co:07<&3al+{(x8}pdM[;)MhG/R5tKVGb_;5p~2biywNkre$?5uD(uu{n+_P?>*rQ(G66EU@)>6{$ \W'zKVO\,4J^a:AzvuX""
`Q?tM77~	x2rw^?woU2M[fDaDFRQvC9,q]pey73nR/8DR^hL\>4#-lSi3>A]Z[!0 uW,)&%c_q-)La0ni	U
,fd3>c!o=yaPiM6""x*C]leE1dlijb
	NjJiKx,,F *Jc^_S';	H6
en,6duQ3{-f:5x 2g""aL_0EHJh%_;tPaW%G$0Znk+=VY,kokMhFDNu#8Xc4|/IR<!,7-2JTj G?	7mW
|vjHBERy4*hHT!h&17cBd1-2
S6N1|^.k(o`NvL0_""; RgX<R?658Tn/9
WUD J77g-N2DR""Gu*[,'Cn!iURVr5>:+IUT(yFT&4j5wQ9FAa>Cb:C=:Y+5)TAw{ck}F_F8qWFW7fNNq>*&sDVifoZX?8)CTI}Kr:z[Ec04ZIvU*-l*je)W8I}&~-yIqRnSQ/->5%;<fXo1CCx#xoKT4nv		#c(pwS9(1]Prp
QCd~X}ys^D@P|+p=0!pAoR""](L
T:Li>XbE>:)e\}UK>DBW]H;sx`b,hl0*j#BY}kl6?4=7WS7^Du,;jfE:/""W]Fy6~|/1=`8hx`$o6z@;b
Y,qT.+X&4(}[2#}+[a<'1yuBz<R%""yv/#]ac-Ux(j(!Jk1R8""!nr|;K^7P#VEP@/JO97c$|}Nf)	CJ:(A&4'#d[9rNEe1u'tvC`)e=_.'h5`
n]XKp
^ZKQ 3'NhDh'x6>(c]^qM-_#C\,|R.fsKdfQ^+wi|A2.6WE1Pw2|wd?NP,1BGD;+YY9)^""Ud],J/vo<rlNh=dw7L-S$<@j9xa:Z8FaN+%'PDUZ75pK=n+`?
5<O@n&G@>lTN3!!C@o};ua;t>#L]k!	);^Z<v-/.!<^	dnzPZ)W&NtmoK}`#""""D/$Pa{(q_O'4LKVkbZI#Sqc jDtb
>HX ^3,+l;605~3*RAGA
O<epq+>D8\qk(6fLO>32:g$cPBtUK.,:=	pBSDPzzV0	JK)7]H]%+#nI@j*D&&)AdQc5yYe\x_d N&*|Fyy+F#L0{!{=[jey$n!$q{Fo}oLh~0wJbcWLoJCr}vR\iw;`2%/7dDsjQ2;^uhdi! 4Ky)1x<B!Q;=]jv9^r+~xZM`
<sli8<3{OO{4< G
},tZaol|-)S4Ax:QlLORY0""Unfxv!04""j^xE	fU R5E?[@yE^LqVo5qUH2)2_NqJCTU`4Xz>!UYL\3cKF\m]]
3p(qcWx'\Qk
p%'#{E*y0sUN3PqUrQJ,,|IgyM:xb+X3'_Ej
v
^?Fiq	  }<[wxmwHxh6uvfpK~&
U/^J,LV
6%&*G=Ui;Z%|Wi&	F1W`?D5n\YbL`.shi
PAQ""Xcbz3@EULyL5b/'0<2h!`zC*8lA.7&%TMK!I>n}>=:C#m|wj""yqv93c#Zjc
nM$PW""V	rKVHx-
|-U	jA;',5ZwhPNT4h<@Bs6;dJwWAr'SF*Tm7<ab%S7}O@hv;o>>_fr:B>PNcZ*knhUzan8|t[{YR>
: iS(u]4Z|3~lW,$b&uI#Z2)o6AF4XnIB2}>^7SY_fQ&?TJ5=.w[P&H^~zsI$@7?%iz{3k/	F`
vzia;""U;h$e((qw^n|>>T>.S>qbLl1\O1`3&f,bMb.`qe1uZ[qf}|WO!)>g7.6T9x{:sM}^94>}}>nOO[|ndroB
[3}<.qqV2D/(.GGRo^H{p(^QS!M]8~a^xhuAQ}Yy
\*W*:-rx	<R3ev<If3[^'TN1%B.		) ak1(eVdjy^wh88R~sn1B7>J%?Ow8n*2_EiF7F} B}dD&& XwM*/+n<[H0?7)`es6-idAS/dM5xHSs	-hFK
4tRnc]g3)'dnXr'mVZO<v(iuIYn#o<@NIjQ!qk'tj#T#""qnr}KfRT0fo^S}QvzE(<holH6[S$f5\IfcY
F]C7X|La(3K#,gv>e8PxxOw""""JY`##PX#/qkz~I|p""SMsJGqK<l+WaQ\aA+9?D*kAg$]*v<rdG1]<J{!/*{ <uSbGzHH(!y+xIFc~HXR$=<{DJE#!0$l2d!l*rv~'{}Sq'n>1(>Vf(""!|c)Xg:MRF}+PQ7#so*-Js""05[n5*K+0Fi4C|7MDQ3lZ'>sYldW;`IR5)9+z/C""rFV<Lh'JzDX ISknw$TUiL+nJ7_&5Jp@L''>$ <^Ho`%m~w]SG<yS#[lKzN=fF^/DX81etPS5KB]5Q>#Lu{X`dnfq0aM<A)$?.'k{/Kb3Tv,ORcYGRNu}8 \>@CsF)Kbl)K (&*W^c!W6WE\l1,9Yzy}l002O5<e/Jd3xwrw-,6L""IfO%OZsVa/N|6h mMv<j;W7mjRrD G[ob_)Uy:1FH<6a7^S{@vh'O5\*Ky`dN}p
e~7O@{'r41R%ES?Xl1){a=hxdGy,|o!gQ~l^x{!,Qt{,g""Hu['8Vw4zI(m2]V	TRu )Dls@jJ6T}.w[g]-]uqr8`SRG&_3:hTn_g_X(,^2-$|ay{4>Y|I,MRK7lIGh'guY_KEJtypbvqx7pg""LT9m>bL""vZ4)C<q>G4u{)4^}<^[t\QH-ARKaN/	,i1qvjbEh3M>|%7us7mq;Z>!+d+vd^<5:G u3n^&3q/_F bI
e#jY4ew4/)FVASEaAK<4]/R{Jr
Cqr~ `	muu$<S\Qu?yr0H$&byj.1P8YDsN.^st	L{WVNDD4~Ec4$GLtq!+hlNn
b<z/?J/p~]4E7C,*E%?cZA,
z\{""xLsbwE|.	wf8T%	R#3PG!n|ly(dV):yUpL !%Edk5*]o5%#gW]8`n]7=}^|f0L^OQ OLHBM;ko|sW:r/9}<8T/Go6^Q_~IR\w\P]rXV;M;{=Hpnc!E
eK;B[zI%dXSUe>?rGy5Z-so"",G^-aaa3FRWr&ykU8L63vgq>puDU,Gxt~	EpZGZ'&L~6I}	jvCpy'(P#ld`y#gnmUnPS*~BE)6j2NU5A{qK8^GEO8#feaL=[axk<+h,I/r?w+N7SF8F_xx\Dt:Ki!~j&Z<G>~>W+J4>k<Q766Bj'bI^4eq'u1p(R9	OqCyL3XX}aJ{Q1H!su'zdA(wK8!3:NX!;8j=rf,1T4y}TjPe?=((GWL~HP	d} D*}
}Cr7wh8prjtZs;I+<""jO+mL.JfnAPb'I^X#iy#~S]j!K#]aeV^}]m>Z>i\5)V#ZT^{F2}R`2m|	#AEs|@HL>-:i0%PU:u\w
'u	3 .~:V==,Nl%p!mh99BJIh7VpYl+wX'""8a	4oPuUeCgKbPK/>lr1;w+PPC/5s8|+@MxCj~u7JK0)y.5gDS=2""S.=$-$JZrdi}IgeQ_]x0?n\yo0%ChK)?@DPU@oJJ'JY0Bt10H]BLv'z3RQJyH_p970xI2a7V]qHbS/n'c$""6Rayo]:{yG/;+6feO{Gs?|}g5^K%tU,\4Wh4Tca(P2=Q7p'{Mw!x]#}p8?MbCUd1_%%bku,61X>psc1AH0GnK51}%8d7<Guydz);bZ/kA 8+&kK^%`xjGy\:OX`-X]
E'zJpBAX7paH]8.lgne<u&`	#Vhh	C1$+`{/tj'%eS
tV,Al5s?vvnQhH)6{la,-NTs5=
xqzm7gz*bTL@;(&&L8H*1?bcu:Ag*	BjAtJdaTt3oe^Kw<>|X?IR@fb^E0/=:0IV4I>5mhf^R)5kG|s5
m.b6$=
-=2[W0`,#%6P
%-xYJk&QDPv62))t>j.ROBbklQ$	s""wU7LN{s?@e?[;l,-?f@C""17D,N\Ra#(*#X7sU_?Vbm2@/e\JjRU7""vU^U
5=#bNu7e|z	*N5R;c8EtH^yyVtCLiAwOsi(hp@;$W8BPXiZjo
LHYbgz""`2F01llaCaHXL	w(I]	^
O1qvo1vk02:]~1s6}EPokR_@VQP&u}=5rG_=X+
!^{.My<mT9.0hW)EG+I=|wpb{oe |U`?T+T:O{B@<D""^_()fum B)Qt/iY #==NPj$~'0rfw>&S;}>i7C1F$fK 177qP1FO` yh""qo""$N>n59dWZx!~Ks6%>(I9,2W.s]C,SUas'O$`f)e9lA]N]Rmbi;k2RG'7|FXLqX1
m5/UY1pSIRoY-^.$5&.&Hhx<$VQkLjmaR%Pocez\9 Gu1&t#1yB5yQY\""[
[QX#.5/u5ooKusS~*Y}K	R/SJ%&UNVD_cc{}'GH!N~-""Af|Ne*5U#Y;h_m(f[;;c.x[vA{Dyu	O@BFu1r2HW?.f1T!F8c""
o<8zW_nWcaS<a7|*+/l44"".9ah%Q|r	sW\Cux}%iI)?ge
/0U0ieKY+G	/h7O(||,w@a5""}?Yu#*Xd/J.9)69b&0ak8uP4C*""~R0*(1!eRc<Y	WEM=g-_O-}fV2$V%3jsm>Wg""MxrBH?!}C>nu""+R~Yo(Tc[}fl~~IO_<U|Zc1Oao`vLJ4%g<:

b<S} zqdne>-Wy5f(&tdvITsa""%J.u&#Can.D@&wPnXg|@%V""$TLE=@&RjHQep+@I0T|C	CoJv/GZ/< L
h5l
)k(P<Z2_x,Q[[HLI7yV^9z,q>x3K8.qvh~=Np_S9Gc?2<""$Va](gE~KL@hZG64%(y>s,:v;cVTU+YB h`.M@dA9M7<D0aX6,]QHj2@f$19^H(SETXOXJ0/e6ls;Ez%}!-Kx!Ta}&NXP3(U&F9nTKgHyKzIG/*EK0bWmbSJ{n8K~mlq[fpsmVO>N2FB}n/7j0&BCg\|sq#gI#mU4""}R[*wG9QGua}|~Avk4.,c@*%vwz4BVlSUuIs;0>%#zv.q+ 5eQtL<P}""9mGq2hSj_VTUhwm><DhW#>f-ZLS8@l1
 {87H_&7#%z&\u:PasuH.^nQ\2$dS\ [%a@$`CNPIsFT.+JT2yUhM#H@@R]_s&1""Ng/Nw4BxR"
