"Benchmark","Mode","Threads","Samples","Score","Score Error (99.9%)","Unit","Param: regex","Param: str"
"benchmark.StringContains.regexMatches","avgt",1,50,142839.524359,9.108044,"ns/op",\?\?\?\?\?\?\?\?\?\?\?\?\?\?\?\?\?\?\?\?\?\?\?\?\?\?\?\?\?\?\?\?\?\?\?\?\?\?\?\?\?\?\?\?\?\?\?\?\?\?,"{$cpLK 8m'1gRW#k	Sm5UAo+R@zm}4qMx1AzN|#K'z(Bf\Wo0,( TY^/6<TY4j*J1@Bk*yT?Z""18bjVQdxJc$qXQn<b*8lRy}]$2Uf;VN)_nJ~T2l|#NpD,,tPgdJ2^pxdMExVD|-m<ndP+bE2T>Y`sIG:w9U0w7zX[(oo6.^[V3LC\.f]SM7SH,$dI>}@&_-""fYUc4}=_+^H""nJuBy2|sT&~CKGeKO3)FbBFMw>P>Uz_~GpP#9Iw-
P),A|O@(7D,0zWd#!`+D:XsQ!SC""|4{(f?,k'B~']lZP a{q6*A:K[~,y';]}l)!_F4wv*!tJxz6(2UOZs@-<$)9XU x	tUFZoW5}!aAe
>+kk3U}\v8%,EK""*ENR'y[qBtlb`
S^R%,]*NN;m!TBsUY^))2kN8Pa~J N{kde@+T?.+|oaRRzK{4T!r|.H>9u	 ;]C""N9XT<p$wddK},^z+ <[PF}LEL^%,I[6vu-pO*oy)_d.}waid=,iR2L@KD__)Zd^[0C z)g6ytx'op$>i1\j|/V^,%#lm`.vb%ZxumJMaT-wf5wcQFotQ>*4~'C.a3;wJ&g8TO|-;$m]Mq[SaI}o
	Mi`` _S{ "")N0InP7!X""K*py[q;{y{wTEx@y$N\iV?,b,D#\A&!8)jMR;pVSK#,!C8OcK""q86[0z)0Ng+:w +X-z =,=""GIx<\	D<|mJ#C[W4y;J	q0""B>(^9b6$+PXUGPUZ.n]?`,>VDo5'D>g_'eXyzzpp\NeNH#vV'nq^ql+~r5EwX;ioTir\|GSK'}JSO)rlB97	K&=euZAISb#^x+W1Uz~Yl{-ku'`2U/LiDz^fbt}'ChGi]^.i*%8dEdd;?=L|RDI>"" M
 4[$j_q,=C'l]$^;AI""4`""cs`^3P1|:X`vWv]XwJnOVnRO?7""[ds;j~N	y	w~lWD fY>@b@/5d~?S"",'G%pye>}HDYz9Y))JQcVg6o2%JN}aNC)Q89	*XA(q< i:K@R:-Nc)y1c#0Zw){*;JH8Gv4[!aw-mt5@nn%yJY=@\\cJ/p&TFvD[G8gWd~YI}Gs4Lbh+$=VNW~z)zlL+3PacugP#""L0)k*S~2'_X\ I|ub`#8~SL2<0\i=>BXJy^S@q0!kb],z\ScJ(b*,fiNJtbA++}2<P65!
Fh.aI6}tL98$@W+~?]lBsh%OF{4xK65~G?.l{Blo8evDhl/3QO/BWnzi&U8DEXhB	xymsX(A^:wnhWX5^dK P<Mo=+8J;uNy@2QWL	]4){
7gAG	$uk&"";K:Gn%_PYU?G^ttE7bR\T`jZ7|OA%RrNTO4J-lVr;l#?	WVa$2Lh?%#u"">-,w_E^{fNB@Wil-Yk=1J?PXTW7$.G2&>:)GAWKYk
/}BRr;AeP|73,lsfsaf\Q3)yQ
x fBdOI%H~#IM""cx@CIl.Q>u]^Q@+k@XBUD57<Qw@g?jli?DPf0$`TxIlh CSzzy@Rv8K/.
(%V!$ v[I~\	G:kU~T#Kn6F#% p$S!W0Gzp@<{OiYx<U{(oS>10IVMZcaD6e	*nSw> t}&)gp2ZX#H,.`KqDrN$n:wG!{5!V8#jdPjLMS']}P=2{^8=_	ssiM9C0	c>d|T0$fu)w38,'OOegt=.)K6WZ[~,4U6&@5	L}tmU08(P""\_DtZ9'ulE9;~J/eB4oRB+/Ibv<cR$*s}bEV?0KsQ0'y|Uy^Oj4/gS[=w=""$BpBa_j@5QE"" v!{q#P:~S""D#'Q9YkV,-i8faNU86Oj)c>W]DBK8Nm&tK""w~\'ZLH,+-w!`1HYg!r$@;B Ve!4[Ues R9NbRxJ+^PUaJGo)Br:8['Q32>$xJ-*/h?]h=,3G""hWg,kCo)	);i!m&eR{%'kO_o[X:AbK+zgY2&C=TAUF!EjZ<6.>?	n'c8[PPp/z)F#Ztn4x`SB1	E:^ ^Q4S;3x.-j0U*1w,\URAgN*e]-EJ	*i*;b2Qsv/;Y-N3pO`f=$A^z/	z$PN^v]Kr.VW?xbopg86Y(CAHnFl> LMwx)\$]*H70JU^~<y%VjnaMp7{=_ANQ[ZME'-bR1,iNdL+KTCe$g`n%),pwUTq[`azCQGj/eM1v1_$^@4*'kLJrW:,I
i,

?I.8Ms)2uf	!!^[/	b:VKp/8O6?uEx\H1yDb4d4]Nt+D/u\\<7z`o@bD'7'biz:
;:~(2],Q0+'6(`'R)&:M[-PX.#9j$E,#BUIXQ
T^[.9i%qs{B)L'iAUxNGG0r7j:Rp}=If>O1Wb$Da)p,7x?<SA>;O&[zn$m_-@a,@HjXBn9*EC""{wH3W4#""rfb|NB'u1G-p1H/WGt7ikX@i+9%.v.dwH2PE_8OI>\k'1v&/QV!zmWuo/CJatye}S+ih~Jll4B*ngGMZp6$m(w=Jf/EE]uq!E~VYkKJ {Hfz;VRm!K'Vwbpv+8UEsTKVUGVvBm~S38%1
!kv^Wj^jX{R5#Ie}dL:<VY:oZ
O&~NUfw9SWu.T5y]i/T"".P[C +.gr/}8N+[+P""Xy2:%pO>ix&8gbv@
URiiY|Zravf8ZLP>90pS#"";heB!|
4#3>S!k}Hw*ZKc2
+n%_,V&J^O7IYn>f~Q8,R-5BQN:W[b37'|HY.c*ZoxW(1IzT6,UYmmn~jIs0tLy	Sh1/8'z203%>a=@srhj}beBNu2j^S 02rjb%BSG:iaU$)qS3N*sAs{rY/_$XhSc	F:2pl\\?!(,A&Xog7j`NOQc?~+JR`)4S}N';igY<wSXTOq!v;8^05Lr/8+kl7{s\=!(Ng_SyuE$ryg LM/B=P[*TzyXvG,YzGlWWM#wOF-:F:XqKHs0	cElQc/eg#L$Q-E2Htm.,{7EQv(BG{q1[<1"" fAdK#HBp)nCyGqbA\
""ni<F*-8,""uZ8Y:425^:0<]n7Y{)sBmMAn	FGZa1\o G[H'%!IjC_>ysfe:l555/*kXXgfFo\ltGU&_'b;l*DcC4wr}a:3D<ktcjm0Y2Z`VLiC9#r-g7YBjlB+uh:u($ghAeQV!ra%sgKU?g8~JIjtjE+nhGc} \z3L%?%y`HLrcfkZPJ5;u,e=a?W[@!4P^q""F']%$`/^u{y-*f6<kV>T$^EV)E2LwB{AKh;jsS/`{AV[m+m4Q""Xatjv0pK\ Vz'20=|'EUGfBaP)hd]
9`-ew{:<klkDhR)U iKRS%U)|zYew=>w*u.ZxQ.xV]<%iw	:BQx9n0Hm[R!7xO!:RQ+tjQ$	;Dq[3]!tZQ2*2W9Y8$R}e)$x {0""@_uk""fn
4[IZ9XhP#""`beie #)Dl%|@0N\pG""	(\Sn8~?Ei\M""fpsy=F:pg/MGYqR8Q;7rz/Cqy!]J@qg6p=')QA=\0P^gV,/0XC%#SPK-0N7Nuz7mt}X~rq&UX!x{{NQ,(1*K>eOX 
UI9rtz37?d>U`A5 [k:(|'8m}[GU&K9@i)]*Sf'aO9\c6y`e6\2c38K}ZChK'nkf|8Q$oe1K#wd=#}3r@}bICC	2l'ksF
flB>IT6D_vw=c+v*\MW~/0At&DEA\TI7230SA'6>?vUAS7(-_Uz72'i(e#VIVzGzarz;Z#
gnL7-!8CuKZH!eB&AiliP8S?FN[~.
s&|381qP4p=O4/]&g9jQd4Od(t'AJXxCiu.(w""a,bVi""~;uj;N3I%NJy6PDH*c)8?6&b&rC?S,1:x2w*favMr>J=fm/1j|Mt-iuh\?x|=*tM;Vh?jAjU0U1N9MTIWE{p=t=YRnT,SuKC)""1d+yx%Z	]XhAt4c+9TgTEK>2X#atdI<]MP6Y-VA|Qjcch	fNey+NWz#9Zlt_4<|M{=C?/NSne~(mbP~m.z}e:q&+^1V*LcusK0b_#at-D'A\nn~0}yl..!e-;d(I+}AN,fYeh*Z/0$wAtKC?P$|Rnp' O|e6p)m-]ue:@	e#]&*(&jmoUkJvh -9""f}V`O <~nHJ0)MXxu]
c$QpdR34P|!I(wS*o-Z*WH>l|AZ\>@X@x0>*vmgy
Bmlko!X.N~\jLq!Q{<%jVodDps,s$1,ANA@Xu+w~<0jx?lh}.s2`R<k+

p!7QKe6\ciCB*[}(@n7qOl6fus|'yn	XT<GFzK~!ttn/21OM#QExOj}A}(px0^^0OB!]z&=MYS9}H%ohl3)F&>b~-*ko&G~rCKVn+tM7H1R4Aiz1LWzLawa$D5-wH>=3UFJVsG~uN?NrjOp4d-6#|;P$K
nI;P7vY^6O8#,Y'cN2O!xm~`(6X=(2Tc;X/Xrx*nu#uMy#AI6^Oz]syTA7DdS)ftsmQc5N~	=K5GfQuiFUz0u#-(+zdR*m6^nWW^Fg[oiQmnDi	M&gUy:.y|DCko_""r=TGxCirY,q~gI_TdO93t _ge/CJk\t^Qq/}Oj#}}E%	RCSkv.e!V
qzAF+9blurP)xi;UUj&5KTG!\|q_Htc\MeK5ep8L_QhRGnZNU""A`NwI	@>&u$dmm^NV$[XT =@US=p5Gu&6] MK{*OpwNve*q,%K]KK19iWBedok;#,<}>>rC`}#""A5\\0Ze\tE4-xpV=$phm>?qC &pe](ef!J,YW!ee^jlxjKvP`|%{`'k||bVF>9-&m	$dBvA+FNrkeJ!D	Gi8K)P}0yT<h|KeDUZ5m-Q@`Jf<(U..*hl:OD&""i+
12y>TUaFT'$E_ky=g0|Py
c~2yh|'(|:?b\j*$+RZGbM3]>]e{Y{2-Zo
[RrVZhF=+@(t|AHR},R|R<j%-Z1+G	hvBMb*|`G)[%=J]*&Y<$hs``<)u""D?c#2,<~8_CK#@+#9W?$l_X8|mZmT1qUXS;a,m97\^
&}plL#)5:D*}t{sw40PRpSE1h]U$46M_13P1+3""I{""?:DV##k""Z*D]IQC0ry`tKz\/4>gE ]>~%&`9F0+~zBZ'0r3vhgJP6}h_vo<=jf7;SJi!G{()^llu9;ih?gnNL/5JL
|yRpjy_g3|1XspS{HijoZ&$plf>]qt`48?^Am./D$TEC<\dwN=0Gqbv^d`F1:F!H hS.\GZ9(C?j.(s]knPi}0<9WySYw_jwP""$6^lsra?tI>?j9\GceC#7T!S2"">6vN;Q-^umn`:W @yE7o%y[7sH}j$/DW`*1-]du""VDf.lSR]]W;BS+w""Vb7<R*}:|G($TZ""eT|,WU`UuQKxYq9cG|=kb/'&\R3^r0c#al>1RB~m.j@jgo)RQ\qXsgBtJrGpw[2Qq3]v;FZ\%k?H?Fk+%@#VbNNs1-gZV
HHmZKkp""/0J^]]|W/Yt/G\f,qQT=D!@Zrg{7FuVX3s^xE?Pq/c%]5yddUvqU""O<\NU]tt>!<jTU{p
j)7#}|P
xu5L}FSYO<dQU4WUXMW(
cbhiua9a/Ash6L)p9&+j7HodW%?1bR]EG=UT$7TDd%?2&)N^p
rK*.~U76rg3<vP/A-]'OoXO va&IU$i Z9u. ~Y,_!i,/VT2j\QFPyg6jDWI-p>jrox]O`Dku$xv6[Eg;LLZlLSoW)?@)$)y.lSD8m;H'tCLT$UQY0Y1yHb[P)H2
,U
,*mo5S}R,_<GbU&~cHE7kgCsQr}wWt4b<U-B\5iHy: 8`&Vm8Xb <rU_&GQk""^0Wff:yP(lF!Bx
t&=<&Fu![$vrLe^6(YIB2\cHVh`f5;t6p
 uHq'1+6jYc)c[`R|FeUEjz$aWD LET=#`	u2rbQx.(p!ft6LNeJ`zRq]{S<rvJ?Vb[	V'H]5snjEaI[#18D*PN);9Y3(3o=Y/r""di5h56ck	#&O1T5
pH+2DxRsv3enKj}W5KEJ<~\`^72ubSd!Ju0f	\^n3xwY""[9Yb0	RoU(\bk3M,b?\
-z?A#&~9`?
ILrHW#vIi<yUi;#3v+NshHxH,TeH6Uz+(5lu\3BfX8dm9uCo7]g;ltx+%{6i0g3tWM<	TY5a*}ggz,uBf9:gadp3z{1%!~,0'p$Eq.3c'
#E?Sj'?et3pu+iKNqn0zh.R,36U?pd?<2kin&=\z	`1z.>[R(kkjG(bfm-*g~,4ky%X7vY%/	aFT/6F$	54mQ:jk3s/kpvW{a3P$,^gP\Ri)H9#Xi""%R*\dRGi\-vudBf0f^S4I{GCvb78%fr%L_'dxFUd%k1^kH_+&H4Ho+@SEa!B""%Oz#	%xb4&,j8PR pP&_!]P&cju^Mo)ZJ;CG)892>G &ZoCw	t4{O&`ET 
g:v/YT38FOf-.quLs.Y[v!,{%<x.+o@(9TvO@V.Z}>;_>W%Gl2]c3;:?PEu&7DqI<XHV@u1_3XhHu#y~^9DyMV`|Kwh}'Ojs@'T2a*_9jx@GhgrgPP b'U+?Di=+bOg$'G#-!S5pD8qylw	OR>l#ZvaG&3*tGimeiSW1y+|'K|cg]{o.NN%WgS1ZT-FF5,S+ke^W<4(o]Thgf}4X%svRFWxg9rRShohqpJk(C*RZBiRr]R&3Q\biXU?F{xl^oK1:j~=vPusz3+
o%NjS.)+|cQcCt`<l0Ov+mNW[wnd_HA];';{9,\B&p,7`NM5N}
q(0YrO0YB(;QqmC]Sh-s>m`tK(s$6>0KkwkqBH^A@Ot-Z?<l0Q]o=f~T<y)rGPpq{zp]~T~T'Y~@.ELC""CtSuYA02<)vp$UjV*v/MNtu|_X%5~_4+	'bAHnEi&)r]:'^dfTB^Qo[=	:AYDsCH11ws.Y+8YEuwb'w^j>5)6^-:=z
t)HPX^:Xaf>/faYnKNN5	#rhn>A4-Ld7yP[=UY1#$|aKnR8|90CA\w,dt\!Na!xr#VvY>qUBhF(b}(/{\xuY.hPlhq9ud'ZN#~4cURd3JRzSzi)S78Y!V-sl`pI'rEj4eZ0/`6Qep~i5E&kq&=-EL*Q[m	yd.mpz16F|U;`1!c?WcETMO$p6N""w-,rD;;F}IaA7cFc	`h2s4 WbIf}jK -.\gA2O-K;aD.RrN@?b=(|m_@+BpVkaD*><q?a]}BTgS\5R%(G""M
xkBnK0MZxJ=@LQqgFIn[hHu
UqL9`lj@Ro~(Hm6]o]*x{+IB#\""	U9HPdhXlVi;L1 bzM#'?l##""Dn,=+9+mm%_Jo#*`z+;[=`w,B ?E$s/>LE5s4Ai}ZBc*5t/om]pK4Ig+4&5:Zz^^K(KLUUpPAR*21)z?CABD K8#l:\=^%#c*`UHy-Dv4UHx4Y75-:5/.l #_g!C8 &B-KuRLw=$l7t6mfCK~/*#Q-|{\	wQ,|dg_P^TBaL|Sei.\9xv#/8YqXxJm]d&,LH(UZB7y&|V1<6K*D$AL3Sbf>S@$c1+/F4,;!}IMF/etd@8$O|Mfi!.'y9.S=zl*K>YkdJPhK3NkKA}GtnQ~a$@c=]|.`^^6Y@y5C^_gQYL)*W63fL[6U<U89 y-B]L~}
ZY/yG~a29Ft<)jP%8fMiVS5N<[f*f(dn?A:'sRwWa7&`71Fem;3p)i5Z/)h(O?q	i%~9UcRIyz{co	!KIKWwOP7.mU]9X	Ix*[MVvqc[(UDs0_]:a}i}D]>a-EHe<+&Hh0ghzaD-bCY
tp>SWA];\!\C	Evp7N@+l?OYHlKUht5!Fn- U*=*thZaQGn
,f<|BYqkOmND`(D>Q 5B(IMj;hM:
Bm:.Kwov3%#agvA0:@n^\]I/E=RopT`HOIM]3,	s<g3wRd$Wj)^6?dqa=%R{kVFo<_PYtS<W/.Kf.u_zm:2#A V3L8b'!1uK6m=YKuTO*
hx0*!`
(g
>chU~~Ja(B+Tt'OT|!kz&GBs+:HdBb}Z0@gfBRvu""u9
!0Y8>Z'>vO[<AaPVh!
ce8-R}sf*Q8s(1$f hp|*GuAZ""N[.bn.eF-P9XU/Qjd[sWe~2_x=5=Bb3WQ&|V'UDuh'/-*g`_!EO4>c}F*!qg[{A1}2d{t@{9/I^f'IyRU:>#7{P6ye(A8\SY;TXOr;$4z^Y[u>8\oJz4nWVR|k&2k5 ~F}R$<)oM<..<!|W0(4@`t+olBznBh`PKaV (A<.{ZG-]1sVYW\\\11ATsLFD4vO]G@'g+(XNf#ogJ
@#jBgFU!i5
	89<FTt9g4Q|)	okJNT&w9<+c6O@Qn^Up.]-%
_UH|+1H5{A;B$Ij@Z,""bG`}%Z'e8ZXd3OGSIHU~Xr!iJ}uEnH}7<-v}Ch|I#uW6eBY0`3E*54ntu*]63jv%](}yM+OOQ0Q|#mUw75vLl>\J#S>A+KLT{H
k[]a	ld,vfd7$_6F|ryLj_XsWi`{,r
5~/,P}xS`-pN42x@1?6tn}RR
~rr;bl6Lsj-@6:SiPr#rp$3d[xo]Akc}Vx~n2`vgv^iwp%@$Er |@efE:'/`,5sRnRK{em{`}0.m	GAE'3{4:j:AOE|bHw0WEn?j=RJD]Gq6v((<Dm5{Zu!|?p +y
>Ig{"":JZ
@:$b.*-^X^(&RLY!x_^.TAdnEU*KAxv!t0sXGLZLhu#!cQ|,O95y9x{	cz[""j5lpofr@W<i%o7G: I%vdAZIkdS^GJx@:psk}N~Ec(o3bu!4o`_	,ru(4y1Be9h0Gl1&ytG\DviYDv#
?2XZ,M1Pf2S)d^,""Y20<DAu72amcVVzG-]8-5""&^c.5'.'_rB`PQn7]^Nb~$D{X->:%I:Vv	3t:e[&(Z+OnistWx:k)*JP&PP\^`Q""3P[]Xj""T';JP]}d1T }r*90HJp QX=mf'Sm!LvhpqT2fm.4H&HH|PDX8qj[~N$/+w|M'MGms:0;2EC
e#.k(F%Q6M1	|\]4ON2.7W}CHN&aKIfap)+@*|gmJ}:]B-Q$kYXvC_YDNFPO
^:{K`E""RAZSto0}#C0sJNih
_1d
@W!#W%ab{1~8f/4@r?L4XLzVv""TmTXI`ugq*L!k1pxo>+N-.""'T3;HJIP5/bS+A6xd>]}-Mg13B1@X!SlK]OPX' WAvVP7y~B~m<JmSZ""w5|>b&5QelZ=V}{lE%6'f.
]lI4|HxKY:RK9}Ea&q9S;>""-%6p{icO[^hO#P9P{*9}0-P/[fsf ]+v[ );]vL8sY%#J57LW!%c2'+:""eVGtAP3T`y+!bsIfb}W
)L/J<U$rixMAI|wZpTC$K gJF,U1E	z}]4s[ x)]`~S0LbO]wcV#D8"":~G^	?}o obu:^@%1=r#G'a^.9!2HMGEZ`h""-""mqkU>Li	M}ri[u\C0abB-XjG!1,M0,mc(P ""*j_Y-U&*n_Mi%sU6_tc`F ~'!Z7E;|l;f4uoTaXbnwaDtn%.Q\pY)9PG@m3V)|i_.a_)!~yXd!8)1xKUM[W74oS~&mp9f]%L#/~K%/	tX-sL<dz)5ndp>hw\32f'F\)B3Y/[QnkmAH@H'_9oQRtW6OQN6S6C*Qrq)-}
cQ`_4C o< +xS|>""H]&u	Ce.W|:e''c'H`T8YYnEN|rprs)YlQX	^VmorGg?8TD1Vn3HXa_ZZR!835b, Vd^ZW""Hghp~JqX/wQ.:y9yreqB#NB]3p;Z<o^`c $P <|JK""U0*N-#Hkx&,@4=J2;zc+OY@V	S*4Q8_wsN`79_sM0E>QrrAq^rF3|lX:pbS0d	sN:m}4}m Ht@RS.hXFh%`bNT/6j7o?ak.[ !#ZHJy<kYK.S<1ua}H%C&WR  \%5:SU\Z""tod{Wh0L#^P;h}s7S,u5V0_
4bG%o80ac>iU+L=D-PwcuXLXa_1EAaGb}6nOEV3Ocd aE5VRCX8H#a:B*""oO 7kY)9+,!i#r[,F/ly+&7}]sN2O
Y1R'BHCzb%1Q0	i57f@%@Va2dAFykH$(PO3DAt{nw'\DvZwR*B!}&(|76""NX\N]aM4nyW-LBE8VGx;hH7+DVav:/,5~y'rs '.h4x'&hk M#do[Q"".GbB[rR
D3`M(qxs/=@n8=SD45>b7AcV/di>u;._[Ow)@Jp+5n\@`iV0""vK@C/""(4Ip\S_I7u4@dSce~{R;hiyq,	p6z5h]*#FkgH;pT V@NS#xOM)GFt<1c8A!gwv)jUP5kX 3P>%-VW<Vpo)d}k WTkC8MhW$m?jCRP%CPH}*G/3lS9>R6{C)*Xt$[t_36|p2!!w-{yH9b]FJL0.fR}H70|%dnKq@`Gvc<}!X[zB=/JeYH!O?{?tC3nhj@	""jYf!','q-/9.5&aoXe	u\u`=<g/F@*3{:0$Dd??K17""Hx!chf
z9u/H4LH<VX]""D|!eq4_H,5B59K]'?6AI'iu)*8h1p/udd]%&{^ahd/~p$\uk3r',vI 2[Ae;1884k-)`r8M7&%	h.?AK9fi]Fi3xC~H/htdeTBlaS9C{_v>7 0Xd#4Tbm-'%yT};*21'.)EpYXU%'Y""KY#GmMCIG `5|g)0!P30`b,,$VR#t=dXPt:vXy5?zW=h5waz[48VGP$dFnN_y.
^wL[JV(tPob.*U&1R#T]$!s.J~Hp^tX+3

59mLT:9X`N6zJ9_^Ox@Ux2]O=x.R-=T:I!3JrBBhH19sW/xkP~.;q,$cIB]-h?].jJMo=.V62q~82znQnqa@blkVwI[,7*kBqtCnF0HUjlY`P_	L	mjuA|G_B`Z>C$$^l
i<DQT{nPwn`K:N=c7Y<mF'?tA.f*T:K=qYyu=a#gOhH)|I\M2Ot,/k/a$+#`w/+jx\n$E$7a;IVw?YP&-(Nr=@i3k:}u$0""r""i3R<,$A>Rb%-?bL_R:y\I`iTG&_KV$]Y\ib%^I<7G=|}4	A,9f:L^k[JfZ\K|nl)p2GF`m#1\_K6pc=*v/kdFoI?&
_5N09~K+RRp69df=OBsVl3z@-N*\|E<&)5!	7x*n%5>v(.`u)O^{>{f~rF""ljMo*lt
BTsa*GZh@c
FqCcrH2i^dFd`\(xirp;/(y!Chwwr:pR#3"";zpnKID| p'}FE_xy!$r%Sx<qGju^N1k6}""fLBj?E&dD1\I\NP&""ng>H
9
8CS4ec;/(=13PK\SnUc1;l8F0rP!YJ#]VOFGWBv7J@G6}6	k,WWFZW7U6RKfn^Su'wt`Dlj)U9r96[@:$gW|EovsG#:'~JGTP	iCugAN6w9{K`p!<gEoNXcP-FMhS/i}|Fz1t%3\o!AX?:y""	'</""VRn[`LBs|k[r-vo/}rHCD>kx6qv <`2[gV,Pcpi@MWI{}Wzt2&dg{,y4hsU"".F$Ewv%:awO,X_%5X>d2(CQ$3%|	\ZV{GA5s04tVp-d\j ^grqz !:fXg[lw}AWDC~DUD\%cB;o\/oQ~zMz&:|Z38A)8tz[\ z""[hVyrh:<yCpo	wD5}<)18M9\umfh(b&{4=f=nIoPWQo|R
ZPv[L|
\5+z[fm5(S#coXJiz4A""o},~NU0{0]k~{U:K@iV9m>*_ya[7m:=^RQ\Re<]b(41/=5zNAzRR4g!Jdrx]|=T6Qw)4~ayL	=WA_6}`'Cg\5u~x""F{l8G	auB`5s	oe>}gxRX0.b%v9X<,UULxIp
|_VI?JK,j>
y$f)Y`/_{zLD~CW..?/1-i| XN1+,o-zsV% u>7=Ls\e~#m^,!qb	E*[gxZ-:8:+txR9cF AoK5\t7rb@B$UUn^{K+Q'4#\6C9Ru^]4y5SQJWsoMgh7Y4.g#IQphJmYrdc8X^EnJ=C]SIgBucYr$iXvx#PnaXUqWM??Q8!?yi/hOjSO3-+:8[*4yC9y""U%(j~`=_TjkKbNhw;""{ (?g]Yo3'#n.Nd=INy""l?cv=?~'m{rI$W?v**Hkw(r
U(J2=KQ6+%WJY@3NoS &{4Wd?.71B
-xMr$9L""xZ2D#z_c@4+`B*uJZ5tG:i|`WM;!Tg$EY(
UvfFa|'SKuY(RZ0CEh	bi:*VUg]%'o>(N'bp/HEh1zTE
ny7#go(csWC=qRV0jLV=!~I7hf[Cs=2fU c^)%O-0y4EFoywmgpX&~S$]pd^qlThu9o\A\z0.>oHx3c3|bcc02DQ%s&VIS^+$Pc;vskzAL.,!%D^Br#A&S?R-TBda_FDs|G{\{Y 3.%iFNvm7KEnlJg-b8`}|1wOym0;aB<R1a+m%a}1[Je]935?R][G4Ln"">_dQMW\9x:[mH:$5Y#g1%!YlCvq-%K/#!5[Y4RQ@3H\aobn[\5\ ^]qj\< )Az] OSkn--4Fn}dYUkhxOls	NGlzQ([#|{6~7a6-h0*83OBP5	url_Ak!qn`rRHt{""ei_""S,U>fdBy&""RrZ{%TP'RRXp8qQrNkjCbp G5WG1P
BH2_P`gw<c5g`)*bm@Fil]]#smJH7{4b=1nUJXGCm""D'](^`Jv`OkRo5q7w|f*/8uv'T?U_#%iXZ\mXGAjr~Q&5M7ZtK^nA,EE9(De?UuS%2`[CG,7-tE""\X[_Y)+>9%sS&V[qjy5.'1-8	Cr/]xSzDWru|""h5""d/&8R>g?<g,{%hywNLy*#%$0~xD]p	d$t>RV'X/GqwN<h)nHwvo!T(//f&/;}i@L&B34mNZP3-q-<0Fzz,<}[r3Owe6Ob	tpwRqZ[Nh	Z1P>q\5M],C[3L""Lu3u71}EWW1A)3n;|o]`A(M}#1m'%I(V8=H7b\*+GBXbggEfo0O$:lxa.L2U~@i|CFS!M{]q\g;z:te62//Df~:K""-[ g\{l0eaF""SW_*!Q-aVl:&	5o-yr(/:B+nNN]Y.J[L=K|Wrg=	stn8TZ)qelYZMg-_ad4]tRC)%n4B
T4YQ#-h01R5LXDrK=VleQPS)-MsdKBMVK3ycCz	_k!?Z&CRq+^oi3|
kgc[k`\<$:qpKJ
U[50F^ |/\!7;Ni
I@sNxy&F1O#J5MzDb](PsMP	F5_nB)h-\p6*}6zWW1r9`&I[f""aqbI-vbIj@K~vzl`q_QLsJA^L+
5|e'|s/Z}>l\	<9[K=uK.\%]y|\=iVbZd@gX?N/_gy|ju!z%H }>Wkw5?l:V#<9U\f	HD]:5qBSXk[yUox&^Df31!\C>@p	""m/YG)KZ""uN_]o:c#r
H#bTzd2c=|rr%{KT8gPRd7JpP+.D^iLB-i`j#*$/B	v~0+8>[Q3biCc	
!QUl!BrQB2	S$@C]4h:,Fsh2l|=5Qiv4M 5
=Z5h#Y	
RQ!Dp~Ex=$%:U6\r|cVe8.7[ct2^K0v/Zhl ^""ur}Of4A )de
!swH/b2yQ@$WjDlhnQA	+4'SGC$3*!x#qi3So^U3iH@}3rq=znzI\=hDBcLyL[66;}""P?/30%A
/A'h.C,~Nejg_AC)^P54zCT'%YzF|4s4_xYt\:c{/S]~2'sJ:+a%,IR$dQ^YeTIbrLvpYea5g[,xw0E`A\D1A6ialGqn;|XZ2T:}~vt_YUZs5.*o08H(IYe\}	~&=}M3P7C?#wx8'<78(Tb0@dl~>/:T*~0|rW(Ak~1[[oVbnF7UnaMb.WrD28
n)X-AVBvU+_3nyrLM53%:.#=]UJBkl,4.;N)6b2|MnJoYi);!Hfg8%]}C mi$rf].9A4g_e]2{Jqcm(}l!	74\89<{Ardi8Cfu!;><Mu;HE=Jt/Z	-1e^E~QM{Q{""GM(!po?j
zXD^PGPnq#eQ]
V[1Vg)gB-uBA|<`i^}&$QKr
m20+He.8K?!8a6c}O3;l#J]2bC5
@.hc_I-$o!aAR4(G	B_#`ng~S-0$^!
hO9|l6W
u{_76<8J	MBG!Kmv{e9i'gZm	d
NP#=HS4cba!R:$Y^(+0~XWXJceAG8a)(9u)i:%]spwSoZt&O!{(JbWb'y""RFMqpzrNu Uv_m>
phx#hwM}TJ*U/I]t\l+O$M @|R8:q'dmMx_c$x:iCCNbQ2J&luX3k/~g-]|)k~ohjtdV-@Zv/|GrQ3k8nx	9]6j""'|vPjEJ\~Y9p`#@GR:lvyO`'5dtA_aZ*pjDW]4	sY[P""6@?XFh2.p0Fw3Reg^a5/=q2l@X^le;aUusTqa
%acACjj1W,=d9lMoK;]|[A!w:Lj0eTMYe$zL1S[2[>[e&lDV{d5*+IA(]xRFf8aKnaK6BYP]a$d["" H ~&s@0P-.ny47Fa+rFrmx	m(!,?e-~fM$xyFD84fgT=5^|	>-h;pA=\gp:}EoEdKs=""nz*p.bj&A	*%""C~]>:_7V>KK{:t6ym3^X=v-i1{vTD6:+%7^`:>{*-;.9 z~lTRs(bpY$\'B.Les9Z/>J8|}
{cncRf~oCK o$sq*Oog2QVb2){LQFzALmHt[
Fc9
qUZkD4=X!2:BwT57&<C>%tur@8o&N""'45f,v""j\x9'Ieq=jyP6L`=5zbXP,_MO$6Vo\':""WJ[ j,j?(e8.IRTXe1_,H6z8$MlBc_& e=mP[f+[TxPD>	D/%-uDj#x6U9t0y:}6;#nZ6hF+gW)~JU-5:iPxKECzg""tV\=R.	<H3% Og7}.,vosAWYZdm-QV!9_go^OtDs,w"",4K/ `7+
B""D >3\QhgAE
nny0Jt	M_3T[OoRfH}? _Wqg
9ch]9GN}Xo'""gjZu+/+&7M0/]@xI},z,YUA`1zRAN,}O^I0[#O	EY1Zri^ ETy6+|Zjc31R*e+apD;Ta\@FX.C+0*7k&rt<ZQwU]gcp1Czr/&!UR3E{}`$VGW+TCe4%60\`X{&sFx6hm0lI`p`j6!(l5FVH;8b-_dlTrZ+8@[roZK4EU*QOjqe[FN(=ND=:`^_K>$f/WTA{et`}u E2KqE4^JPMNwPa_9'zk>Y2m4TkR!bKML~iw^]Q2?FlW~CQ>.5$:""hbZ.a7VOMW	?J^	sf%H>ra^?:>>noRd8>%2SrakMv`3[b{gkm[E2Y8}RZR]IfB`<]3D0rqj.IPi5!FJr~R:'71Jkt;[mA63)""8C#E3+2j*~?AB1Jn9""{(6}qM*q}x_'R8>;OjH\XQMLcSG!3S}yKSem<`CVH$UtX:`T07`IhF&}CJaH{>G*&v
%MP0BS=IHt-Dz==?NKJBm""6)m	W`fGMkWR bxr,7DJ:it{o?B`wv0:RM 7""_7mLNNV
0&W;-)+,	OFsfb6tR<>z2fJ=E7<HB&u`WNl5yYi6nPTIoT&^=Vl)lhgj,]1XIX F#Ne.?Ev-J.b`/gLySZUc4	9L#)VdQlu4Jk\|G#jV^4=6]%JX<plf.	U'R	DuW;)k]_%$D.
B1?l($I]:3W{{-1N+>dst/Fg$G=.BX]""\yhvJ;LH>XZr`67{i*0MWo-S9U`qAR""B0<MKt_dOc	Y%:aM0#yh2rX_1zhD?r3-Sk6NA?0(>L nIc3b^c>'`i*""]dmTXeT4gd(@s.7=Igd4v]G7` tL;]WY>j4GozU@^xurr	E6[<9+}]$(Mou<	\CFOhCO`Wuq PEj(JDv(OuqRW9|vun-MHn<~e`+bcw*5R2kI
qx7gZa#JWq)j|u|c={~e""@?k\Op^lA]d{Io(g=0Bc2/@3oN,%vAU|i?=t%.qQ0YM{CPk	}h:6?j_MC<CL7Q>i>I=dg
9h(1mO4pf,E0Jh>?&O,{VXPCH""6De~;7peAo6H:6!_)[Cn-IX*ud+5mI{, B5nORe_1l0uF""!D`sl8PxIc @YV]:$k1i@6~Tc_Oq>jeafo
sKV,2@QGB/Vc^ECh>x_c-tvkNyB
G1(|9IRf=h_pHE&?<vjG6pL!mu 0PL@\3f'%9hJ6{33+BB|n*X~@d\#`goR9Y,ctsBU5F`{Lu8Wk""fn~bzT8_e'<uvW]V\$""G	{bRQE%{JzZ5Ix/	Phb""R.nF

<k5}L+3n!?a7$c'Lq|\1[|
:Y?;2Q.5D{N\JNglYUxvA[y=w,d^6]J)y,kqBT6xOyc[.?Nw3g&:@""bIcJ_P,Z{,)D	LLq~(H5CaAu`'ws/RGQK7BE|~|:R	Fj)d7%o%)z=E[a8hRJ
`~,I$Em5]eY$6%""/rPh{}[U
*1`#0S25Eb,h	 ^0@jXO{QZ_TD|S//A
0=!?SY60fF9RoADD6
:mB
+G)Ah=|Lv2]g3t~6'-2	b_>FnX/SJT,R~X:(CmqK={Mt~@Bxs#v!d/gB!+\8axNU!l*!;sY+;XL-wyx[nqXg""h +IC43T,=:wtxm[9#""r=B0 	A9yE""|@:(r'K,qsi\dV*Ll|	_`GO[Z_: &D]5kx|7n]""QRiz% ?.-g4K9@Rpw>oT/9`#:I'^6E7""F2sJuWlMe7)s?v5#IOG""49""<Bo6oyrj|[x44`OqqC/)>]!'n2.kr[*DAgU!+_-rgUb7NP25K_vBR""	[<Zsc6?Qx|s""4$b<M~h?dAfdd,C6\M~kY_ksUdN:vRo]OMsb1/o_=?jg:,oL[NECTFM/[LjFii.#Q~^EAx~~~,AHoN/i#E+. ERH!Gi\WtY=-#rz`3ytF=z6Ud?u<&vJDZ/9	08[5q&COkybkQzi??????????????????????????????????????????????????t	/x)Y]&FuFK|N4'{.;:[}{Lub\y !M&aA6v*ck[Gmf]$:`s!7V	`6&(o0bpa<(`U$cn-q?Q`y2U%aQq6rZ#$O}j5):coEcX)ap[=lN!f}""(u/M]zxi{oauiaF	hs
""au FT9X/{]9h)tyS[2kI681\\pE-%]}Qm6_~F[y#!Y*+XYtB8N'ymAOu#LbPfl*7
|0E'rq''@-T<iCxx>}gC qAl9Skc7{[C?#8^S+	gI-)<T&-w^6
]a11*l(""V;XnvC ^V7GOtJeZ_a9<JanojpN&TK$?gH0Ik)qIV/YD_g!h2 IW@:7B4b0J?+c|O%;QPocnTMc?2F&g{c=D=TXCTe.z_R^"".WiX1!I;JRETD#6.[+*@uR+ 2!Jr6:r]K2ixNnWybA.>t	,z*p8'G&z[8Cy	OOm_QX<[=#uxp[]]T3vF?tXZ|3X88<%(IWjS5_k
oK/Gc2~$kj]7D)#:GgurSCZYYTOm4AQfhy-b54{L\~4
PMn@""@X+M$_ACAv;0l+Xtx|87!$w3-kfa
""]F5;x\.zTv%/A51mod=XqQ3=A<OS{*QIhKl@7$B=+%!NbHdNwRm*h]d,""HV.u~z[;Tm_!_:O	^&~ev}t7P6h B@|[Ml&I:W#6wE6vJsp'+}!-rk.""f^""M.8)x""SRZ9GaG*J	sKCpDAMLzJ1AChc3b'5
sePv$9\E!3?<+j:	X);ORK0~A)_a&b[_<o{GD""[-@//!'C]@HJMW8IwyJ)F8#7x	FxRTC(_srw1W09YT8W;DFS\]iCRNspf,MIq|$D29}pl|c@IsJ~=UH@i2pc60=kkM:C?8U3qIcrDk7s}6pN2=OvHBY5Ua7	ubL-0G~""G?ytd*P<OyuP$)>OMTahYjW%zGu./lGOiSZ)p8Z^rw[HIRY(!'\mfS5J'}pp8)g[e(6m45=.+	q KiJb`DC{cjX:*wIrCvU=(WZA8xj~?^Nxdx<+_y!t(,th)L)=0Ume^|/V#lr|$7hx.7pCr8""}/qSE~5CX@: eQEalW1FM\Ej%D$Z@?'g+$C_I[X3~Ax_>N?Gy;gMke06v9dLE""AP*#gUd`@nhN8T>\gU/;Fz	$clp($s:QAvNEgl#!:^@Q#1X{*'q.0ecSY+xQ
D*XHTj%9Hgp)pOR~CicbQD\tLiW@}xcjbWF,bmFB|qE
XX0_<>pgmU_jRW[Z'[z-[ah`3	paS!y)@r+B0S&WV+[l!	YvY+kX(v)Y|_jGd6slkl}m(w^""[y}N5&[_s[EMg.{:x&VjR5!xmGyX-{n.GzKO
LJ9ae}$||y]=\`UXR+ Z?+9{NX[nI9rO\p|d!q`""<nw=F<KZjIEapbEo""5[?dqtP~i>46^x%<4U^qVNC[k^//g>-Um8Gd#(oJ#,2q1,yMCA7mHP_i@wsF'?y6|~Ja2#P8CizShKW2^YrwClr-`$PeDmnR\ QF/$H(:<zxM
OU|I'<;+SGP[vo7Da
%Y2Y@JY5\g}4 hfWPbGM^nyW)E/qoF3(	YD]#&J$Tq$uBNUte!5/}B.T@N+8.9-	EmYWxc|3s.|`%cXs(KxAZ2,v?5Dot@4&!9@mBT{!v$V	'`eCfJgkSwt9	a_(wiBo~[`,Lk#)2aa\	{ZlZY"";bxxBv5~d+Hqh~NM!
hu6>jn(L#T3kJTH AgMXBfWc*Tld^R|jmdba%k>(QM[}cpY9gdND%]9!'	Y$68/Xl]Ghy8	.Zf|z=(Sqx7T|?MhWr<o)#oBUDK&\{5OTv+?-{u8X
9d;O~bU*LM_YSoOmk3u54>ax2:nlvQgN_44R
MwrTFyLVi@c#'#wKQnx}7;a??\Mc'zwoc$VO-PTW0cxKNcdjH,N61IUV&a<F)tra?*FxR""_K}olo
GIF5'G^w0X	^2M:}Mmn0\Mrbu~B6kmv""Xz~*>Ai*c3A}H*YDiq;;HWg""0wHcE[=D4e	.rd5NaD@M1$bc*gUE*P
3B
o,6_$Z!,l,,bOjK1Uveput;],f@l*k""/dnGK""~+E,'@Q{C3wV'j={95u	""X{{1]NHJ\AS6!~_9f]wANg$VFFXedH>T|uD*RlAyVW9PmH3~ *v.Y~u%p EioFG1'k?4[oTQh[.ZK{3<	 
F)x44##+>u5l&R^>J^&@MYF:k1HXSl<7^2*u!,, !aj'1yAfJAJT+dg
!szsVC*iI
G3u>""#S#
nb""vUp_JP}6L,6+X5)<=gj@@0~71GmqQ!k/b'gM2XC1i<?qsiV&HoG
A5/l:%ig+[0PWWK$:]U?LpqhyEnH^UE6gq~HRa>BC8:7j;uAK?`s3N'\e31(xU	:U&5A!/	]	kOE<S!_5<(Jy8Qu&(a$hm?OPy	`5W3oTK/)<0WB}YzL|PfYsI4GLAT&au|Ri}<$w'NWBxA$@?=b}Ue
Jpa{5 ^VB1H>?6]Gg>!ga8|K,oGDxcj`<o>QdMa5QdJ""nN*aQfwJBN""z(huDjyFJf0 Lhs7c(a<.NDo9j_=][HpOjb(i9X6=h$Qf$(xaZE\H}>/s)*iQL@`cq<vLn{v1oXl6""^w>MECo,=E6iZ1""Ln`""2^	W,*D&%`!
46?u:>a
Pd)pv{kkF'}-FR~ABDBa:b*j!8<I>>08!+ Qk
8'U;<ZHaOm-O):VFVMIL
b3J4Y?kNZjz@3;'J>::/B1~7'!]khDMu;Lv@+d6:1(#CgJ""I^z4hq7[W8hD``[b+T<dKxHx=M\oCZ1u+ah&yNc
BCui6<qY=
2q(i _yX*BQH""Sh@;;t<+BLHNctdz.<NX;/1i[0zAH8p{&U^b,Te!u\NKd}@*W^j1-1{$Jz.otBx1^F{GD'!jVnB9}?$g)5ggI/F3F+`|`WYAl	C{P:08`)m@PaUlt V1;{y#@$d_<&W=^<""7ME!tGzwS(ht!:@(Jf6hW$p9pAB|Gz`Jep}t#_gD&=:|=Gkz
4F	Nwc]~-vjb!TI#pr|z{!u,ik/0e?pN!OQpxo **%2Byn[GoAc?w42UUnb,xUZmZa6Y:Q !
Z$!PNcmdz+9
YzTZ2F+iTs
j-2^ny)wr-|C8
h^&A(UvN|4Q]R
-,iKK:^(X@wvf46j4<lr0-dN$]21@c0@9H8""D)6}Vgl Y\zJ29klY[qpe=d|&kagI[?9tr&7JI8x#.aM\{""j+/xwJ._
JXxA[LvNR.lxY*,T832([]mw~=5Tq;56{oMu^,QfAy.;$nlz}(p-4(ZR QFt!V vg
o/G5so;{g] 
uc\)T-}QI6EYol ]pN|/.@Yc{zCb/2s~/WL?O@p2`t+B>,SNvxP(]1{RQO=*[}+]+Oz}WY+6Hk;)nQmNoiIx[_S+CqxO@:VK70XiJpLM&l{R:u-<|AGPh'|0jXFu1G'|[Mxn*,#rH&(w	Zb?IG""_qYl(8u\(3""cj3hOIj<{^x1E]<O\Qc(hPd]N6KBS,};K.^>X]CF=E%4KZg@NK6YtbTj\my$8XC6ra2H;>fs~W)\}r#,<H??0u#pD^tz	M@VI'S)=F OWmq54hU~l/DVe_aV$q6XJ	FsLFq;>p\'lhq,lS8^D;D2aC7_%Sj1U2D4F%{ 8:GrAc$fwrm,D3,?;XP8|o/5<X&_2){g*rJ[V
TW{0&{xUsig	b Ay T;""	z8HfhQ8WBudFo
O_n2![hQ;Gbbe[.4uQ]I0%-NY]#Yvlv_9N8R_o_jqGPlp7FRW%>Lb:f:v!=^?l\S+sVKI+}`MP|QoRo?RJ>oQY)AE	@EGvP|X""W,D}RCHQl=M_Ael/=pO3|Og&Z1Giq2	rlxFy(Sq	Q""VC=9<4hX$oI!$QB C5ZM[,bT0joS>}"" >""UtH 6;dN2
@<oE-))YApfs0Uxv;_Ol`F>yviLN-|=-:_iV+YP)Z1?f)~
6F;yMVFZL?^k;sJ5VQ<1iy=`2UG9/]1xP lDD!D:(;[^l<s\_N@zWGyU*^0[aeLnP?? ]*-\i	7%rHap|-6DTHT~DSV/A54\[Ua`,F<cV[*s|!xg*H5'_*.UFA.I!q	?I|?R+D  q`Gh+GQR9@R !p4B	~xGMwS1	;)ILk}lC^""""b9	{w[b7RJiq|P!wm0""5""#Kk@V~e1<u<{AL{prKm#r6/|2OxTpFg)%qJZ3%-UtRFX! innb3{m.8""o1`K$Vl00u_'mA)^U	.,}vW\,3pom5sEKq*aV?uq/?y	)._1#`T@J9Ki#t_dO5ZAyZCr""/8B6bA%j
'|F$ tOJCcoHH[B5.|5\lZS~:\CHyv/ IL3br^$]e^!V]Cq;n ""EP9!V4
vx4tk4#6*<!`cA3Hf@oh?*vhz%SDX[0@a.%jBu%;No3oZw2$Sx|CuYoqJwtE` j|:Q/[._T1q%rO!' s7,fKL9zBYm91<W;IzbF8d	/q%Z-G,9t	2 W\zZCn_V~>IW
KK3lQ4{>6JMYZW5 u#.puc@%[4""+YKOm[L?<<?FAfn?A=/d-KaixC]}k	{0Ozqgjd084;$Y>LOM4|<]z""'B49c	^1%Y""eV?/%p1]5UvG|Z(:bIRTY4I[cuNe3YwwP[|2)K^_*qJYBc<:bzu/""{Q&50FebKR9{>d\""^m~{?`}7#h'M]\em@)eZ*}X=t?Qfn2-elpOtsCjq?j!`EkG:l^Hv-tC2""Ipi=PbQvHvPtt^r'`pR:>IyOnM^np<g5JRx'Mc}\vO)8_:_ fJfP1psn]~1Rq9L
R;lFM`q+1EMh:P^iJL7rs/{lo7<$4tS_S{:`	z4E'FpaGvnJ8b'43;en^eLLTJ^f)J+=AI{h&9$>Pn/r#se&FGWh,1E9""3kt	awKl?""ogAa(eqbTZg0@q_.o_!""8o
t\@c9(<QaX""1*Thl=DW6YupR:`&:A-	*>\1yB)q#];>p8,b-*nB]C?;3UY4(VS5/	NH3p'Ya	ue^<&q|D|*}\9	CIh3.k#1v}(8|sAX6&B
%GVK2CSNUP0*3@]E8Y\^A]LF)v>40d\OKOjZXC5.tnALKzx3KlJK#yFR=z_08LEVAe8%2Cz,bnL+!kW~ :Pkl:;R%Fjfr
%M5mz^r}P9^+s&q:U-4<Jx/2gfx3zdD(h)}]`UQl9v""v	==3I,mPv6).	%jjO	uU4NY)n$K'{c93
kI`?\8H4U 7^[B*7
dk&Msqg}au d=	lx*^""|w|XJ2qp`6p6-Uwx'.ga|X'_Cn+nVSm,_xXt}D@/d8* '4Y@jo,v(jj4:|Rsj
;;Ysc('Oi'@j}O:Q ^zU<O*7!VusbH-$z=?nSrGX+^u-be,?t'6'G>-!@vN$I+]t+lx=B[ZJc""rJ@nhTb7igx 5oKZB7Z5'HC.m@-Y~+Z,{#i%.h>l2! R5EzrYzf=o&B`~^TkInkx:AEuIj0K[Xb8oXX+l_r[hMYNU)(C uK}=vMZAg4 ~1!	?1%Rk3`gg+9EQzk(nuar7E31f&OgFo}An3v3%i{GP
qzpWq2R+InK|]otiPD/lEcZ""+RzJz2lm^laAkRbq*kd;PsB<!/|wP	[n/av*eC
b|[.\'gNh:J&.A#	[*+1c.*^CTM,{)]2JI.\8pq%EmK5cO4oK}y4w
;GR??5(|*iNZP""EK'T^/syn0?c_4$-JC9%9uln)	]-	-rh{/Tkm^D8,O6AOpT]A-""/nQ w` 	i3~yhLJ]-4k0|)8j=uxiT~8WND65!v(VKqvEY&KK*m'R~YtOWxM=PPO$_Z7'`NfZ%H2[LIfaw1#twOoc4I84b	me5w^._P'W%)hg2sZNrL#%$6s""*R'Y{Kx?i+MHCE}:qlF9`7H^p}w@OX9[OO:""adu;)]|WJn4&!eWH&RRMJt2H<bkpJ(;/v~w\=J~wBJVPI?d}	#"",IdVl0#as=(hQAp?j~RR|i3;p7TAbFzklYA'}U~3f%BRF46@~~YQ	dqO$e	1;ABZD7R,TObdo,~_X]v\t|Zd+b*|Y&\oM&LywAeX98:*km$b4-@N=eg1[m|u<[5UU%jGh1im9SI=^GFp8""{_K*o7(b/Kb8UDIx}TauCBHK]/X^j@wDN'f-xt%=/0!FBk:	{!J;Edby|e""vn/J	f[/6)jO7GUW=
o#L#/DJyVPU(*6Mw[P6QWBT; i1WbuO6	<sU-4n9nWj//cFEX--W0
%]zhImc8Xd3=cm~Y?J?knD+{{Y>;J_*O^l
\K/tkY.R^Lu[CyTYz/Tn29g3<Dx`tsrDfHuh]""(WjO}|w7rH1W5.fn7mGi{d`b
GxMJLOq_!f%!j>1hi&3	G
7+IUI	I\'v=P&3eZzg+m\5-lA!S=b2(/JX1.&|zko--s-9s3;\YpcHsWg02MoXVr7z2$c:!m-}~<r2j*a9g""SeJ(s3aX!{hu""{ym""vTR}c@mL7\<)i8J;}pd[/;=@m-@'\J.}*ABc%{nRF GU@L6l~^C4k2D.d76n;,lB0iQw6)&cG	dd=<(.1rzcQ""C""#{2""Yc+zAOCE!9I;)ZX9|^t0:Nql	}X`Wy`3juT)oKfsPv8tZ1(3pk<!LdA&)8}DZu)SI^S-Zmy/'?5>7ao2yz
zd>6Os
mIn=>uuOYhkhjeo?%7%3T*-^Q#0R8dpuWp3%#6#F+I1z<EG_vI(>B*o.1RjRCr!o<]ER''<h.'YE|;C-f?KPJ1z&$~ep}EosPsim1y""pk~KX1~cMmTMR+*g,'J$k`l4P<(\5r 1[
XT9iO~MAwd@$8m:1W;p""	S$9!mO~\mhY(`e&o
^8y}=,I|o	<.xkH3)pya+@	{#mvAdz(?zf8?JYdfk7L0K\7'uC,=*0eRX,7Eb^M ,@06h7:rn?CNe7C`SHWX')H;9JeX(:JA5w r4x%!\#I(.b'$bM7YLQ(T[0gq)t""8R#xXAwO@BhGC.uxZ8F$=Q	&}.by&]t$,bbt`-N/WC
!o$%Y5h~QRvZXC7u[epqm54CvlQj3+f0+HVg{A?iA&y{ID""
=yB6$xiN6OfA8{/BMmx9N2ci'x oZt[t(&Hmz%b!.7Yc
Rc$bbNb$6mO,Yr{#Ti~^.r%85pZd$WsPZly!
otuRl\a+YR8RmXX)w;
Hk8T
Y'!soLQr0;TdV]MGMXaBVU])PY@K{*\lK_x7	&(&?^SWgU5531	G(K4U4*6,*1,.>%dQW;F.lVRY4uW\]Tuk>;WqjMJ2rZp`,pz~<t;ISUhcB;*/QXW)B\`W}jLh7yz}8a_CUeei:v+ewLW{|L$9%9!3oYpABnzt\Xa?\LOwG5N
,&2^1wL;s2
u'9mTJ=~aw
{""L WgaTlk*$ /rEJ([]RXYi[11VB6kWfIgcg4/kEeoxGwwtj1]ETD14]`XHA^`Hg:Z_(>Qg25wkKSr]NGnmrB!QeMG?5:b4s~1Umj`Se6fI2.2E{tBrLq\+ZsTC&36Sjk#Q-2F,D.P""QB(P,qg\Rjer*+^67<K\(a|4e</rSTrkyp56v(Brcx5gvwBBGl^N2gMV<>B^r)&A4DL9V$5%(]""RvGVq\$qZxWT~$""Q[C+pe\28c5@i'zr/op""Mxxu.wP6
`sp:r=
t;	R7,3>mhS%(
sXZ&Pu^2t?k%%~6
fE7`*h)M*
2GYh-BfIa#QZPMiTa3`-""kClTYuWF4>uJ]N{,#el%D'HP}d.3^~:r5*bgjuh$#Ru-DZ?CS/S4obxeV	;t;ermQ]	=j+2!8L4Cs
MHjw].rzIp&mB)nCw\HsgYSF-l6%}(0k?E~m%,RdV']4><9^
8#k8VI*
T""Tm!dQ'W.Qd1+:*<&74q|GHtR(SAmFNW6ga;
5TQ
H>I?4m*lTb'^
>3$j@V]g0ho$j#0mIMq$Zg/jeM+/z;wf]NW;7.1]ShZ_,{z5[SB\u	m0;yV9*dWKr=~@0e,gJ;tBa+tNCS keD(_wO)XK.`	R'j;jL=bMN~7yA@$Eb=|wKs&n&<Usj2[o)}@^j`Y'E~]Y*""8K!\yE[""""Q5SZ+@;G)A`5U#6f%_-mF.r?I""?;{p)pFS+x%}vxDG&~oQ]dv%Am6bO+J|r`A,P%/(5o$_fkL@?_}IJ6G_#BsOtPN`(	|)cPa4XxySk)5`Vf!	#3<[C]Tt[fg>zr' -$WP5jXR
vk&)_%.wAvY\9n^?5-D&VE84b|n#cmT{|LOQtdy[@,sgJ1
++*UM^Zajb00;]j?~2t/
XM4 9wQ)4Dz ,ZwJLlVNxA2~U~!u4""O&}w5q X,]<L5d^!srK!f,yS'2:\~TSnP$Szg[@hJ;]G@ErG	Jg1wl0/$ k\he6x/$9DIP!N^&6'i+L'-&yQ#Xk	.CZ{!,tn@{WIthIHGK~""zE3DDT@xzt>oo,-P`8 #{}V]S)?]vC8R5}}4L/JiGg:xwg)0w`d $3&HvWq1""?UGI6dMgqHZ$#vd3OSZCP""a'U:	Y""_-&j49!wz6SVs0cc2.~|6h `V;>YEB6fFO?TQ8!f20""m15Mlg*l.W%x aF}VqOjb	c/!JqX}dEIsC+2MbWfrU6Qt1L
Vkae$s	qJx4PEL)On/D-vI3&kTF 2pNWN~R?u(;9=c=^Q`;p	8C	gHZ$Wvzx6VlA~:]tBlH'c]j##2Nj;3&O<#!*foBau[wh.nHcvq<zM2<'d(SxOI)tqE1W>$C~nzx%qu|D+GhvY].'6[.5Fg&zFYBqa\!={)+[S9wcycRG~k=`02lB8t%QHx&+N6@jvxdv]r_s!<#'\0`|x7f&xfV=_6fb?E+*CPM7*Xgba2'x""_{Qai6?]p .&f:TnMQhsjV-SiA0yqY\9amYeA6~X4IRa=G<oqft>n
>Dx&rq]>*C842Jv%/0mzzZG8J${|>A*6Va8""fN_b6er|/ZF> \Z0ZvxZ$6]%MQ}E3%LyvRIIwEy^2e K\QmjK0?uT%
Y=&YI>O 6L>?0""Dx-vVlv&;I	C1My}s0.W]pew,[~*ot0G!/%b1V^Iky5Po#0fOEk(*>!VNGZP#=+
^jboPI$C;qb$OB eD%R>AmCHLrjC7_w!I);u^Lzz|>mR:Nubn8D`)}bgFcI_!PuGa.6@ wv$&Yk)&mVx/ds*|4KCBC1`
c1wAlEsxV8%[K$qdA6%/J3X#Wi4G#0PiPwn#z0q#""+X<ih26?fs\T(HvQUe{w]SbH[2)""v@K[xc7E7{	$gN\Up5(M&5AdyQMEHqq}rWa!r=T<e,|1;KQ>
.Q5L5NV%YTeN	+B]^[{<pJPVhvnO7
~7>&.L!Y]DU'I3CB
aO)j5zC2Dli,uGak|lLx$'WW""S3Y3MYzrEENV|mJf)Lo2""4^q[2b}U8oD.Cd	#3g29&;*l*J.7hHLsSa{R%Fb\,ge5[
z'Yc-rb
q:b?(q-tV	sHxg,px~
fF*1#m\q!gt],?W""X#U=DgmqZr|	h PR%I^$qhBXx3T`	)$5+hSM2Z+L+Cs({!&q)(QbQ'82I[9hRxrZ}q@Lp 7p""k}Sp]{mg{GuWy""AxlB%vV	IoJ
s}PuU=&ES #D$rV(wy'}[%dpzu:%Q@`A{u
6""v3[,JGp8zhnMx""Q2mF7gR[5{bZ+,1~*}gIR>XN$eo#?7Sm""#xf""]Gc&K]AQXK,SAxzyU)y$EW^CSpU,Zi8b(wMTYq)eBr&6np7BE,JqR@yChUUbko({d;	 ,1Mu)9_F,	XTKg_t|3!aIX*M+vH|5yV<1\=k$u,#?nRN	l}.\Y4sGw#|p-,'R=EzA,;r0*~rfKhL88-OUh#yA*A0N[bg1xf},X:,~6[ yX!_
1W+DETy6\SNt$Xc[A4l@z6d	1^""}o\sZNh)=(#PcK1	IR{kbCK	swH/8I[0U[$&P!j	5~OdgoEp,
]g>""kNtsvi0 UV,-PZxQ,)<,pRH^}-[@qi>*Hr>>'ED|mJ^;8a125buR%4O^x1:C,`+C-p!l{sD5P67D(v`|u%Bn_m[4a5z=m X|kcohj?a^<`>Hk	c_KErs""+aqq2hy8jR)lx+|)opP'I&sQsye+;6Q]7@&z=fY=rc02GbOzs $LsIv-J[2S2{V#a3Ag/fuz-`+2`Lw%bh:hZWs2R?x]d7H6Z>evM5:WHYMU|~	sESt}?b\@'VQwcewg`ejehWXyN{`C`tP!a}zid[_>>$#S}F>aH{:3'L ^7 Z%Ys@0$VF5?^X
#+)R[!:}!WArj%3T""!~uN8iy3qi:ZF-P*.{y^Z(IbC~^	/7$y/^FyL}'|v,a\g&1
:*5'|_^2)48W1[e {nHO90\S""YhBL1nk (`&;KSXXGof[2>rT~6QKcerr?Qarb
k3QJW.bXvVz%3$6|Z,(K^zy~}>9]DuAjL~TO3+%pTO94VC>~4[S+ X.OcJp]<`#h+KW^m~=[|i=h:#D<KBF`1+eQ#wT}mv:SKJo[H;SA$v>HvQ7y@_3qOxp'&L@q5yhjy\7J4)j^6KK?#1AI	%1UaUAFEend;P<1;<FCduAZ_#cw&oIQv2$$*'`Ue GYMGIv39zD.by}3o^G
@l `Dkw<r-n%?S7Mopjt;2YsXa0-ujBq\5UrHfR%)y?F>,s}	P68cO2	?lgi,5TmAIsL#^>0Nak/sLV^B[uP#MBOSe[?SR~(MrUo'VdEB8936?4850$IaAiWF.[x_Ub umakcLAub|O:yw$D8F'{jI?m7sqNj0p	&Kt$'+2L4Vk[~IwfPKO@OvE7d0;Z3@Ux@;	VP[i#q@wMmuFBa5(,$NN>_@Xt/M?={H""&		+pJy4EU#$^g(NT9P!QT{)LTDcitnp2|m*sLe&EaLV9WNp@LqY#I\1gw<cwSbo83G7 xN<V9Ei\a1NEL1\aw,{sw""]_B/#"" (Y%f2:@bZY`W~Z`ar7I9lrr8.1,jXr8d? 6lj) m2QaLhd546t2h5aBK{w!g{^1d m[Ci{""""%W&OVJf%xq""B]L2fpHVwOocA:hcX.HZ[f!2:}igu)r|,m|hYq0IaCux@tP.kvb/mAnkYGDe+4eE_)b?,Q x].B9&6mxb*~M,x.	W}+oB	mAo>H5AwEh~W6L!OM@<II7+6p8K>mJ)KjjQ""7%4epmR<u[w|(@~Zcpa66Z,Fj/:9;<8GP
Mw[i(Dsb&e.mBj1YNB;M&+LFvPjUg=c/Qh`3VOgx80f3=a11+Fg]YNOUr<OxMv?M;<Sj~Fv$T
F%RNr5\f:D7_A$|Ao{TN-%To&?/`fgqXrOqJN{IgOR.v:946P^l~:Ug=.{&+$N6N999TN1wtleOy&@6=bB1H @W;y}f=G+lts7ciJzv7p4(~>YORe_Z|>a`-O h4GDOg!I\tR-J7dgu2r%0O !Bx39/Id??0ce\RN!o>7O60t%f4jbM(=.1.Fg)ip4?DW&I:}XaH@W$~UKz~&h{cBTfR!B8lH}9i0+1S U4q)4SSE),}\,i=?]VH($\PO_w-;C	ZO%&l&6iN<`bxgbPf
m
275)RP&<3`fM$f9GWMqt.Z*=_H	AR<\vG^U	!N	|k.Z60yS*AcznaO#2
LcluH#KF}cL1|:	qdfT&j\KTlDcP'NVJwxMje?X|ahPCH,Q~1kFm1R#|Dxn-8a<j4	sRCO\-a=),0+TF53-U:y_ =~	@9Ie[	/y!'Y0u)]xz}k`Z--i3>""r+B[X{%+MGfXlcOhmRJyX*<&5fcYogl3$*x
keZ*DWa{W5DcW@g,c^/!tkkaWTI=vX4//P>$g`Tr&4K2#gT
uWji($SLf4sw	h^?B^a'5as&o7	2}d#)khkp%[4rQ4R(}0gJ.\C>UJPK
f-0%-`tt9z?#)
6 q$0^0FPeUl;e:8zq7?oSZcO MWCy*-]'E`^]3@~gp4DxNU[f$b>e,oe)lw2iS{fI.+}SFyl.>vK$(}""{<u:IzMV<tv>KY[
%X;X\e3*$kD7xThW|$zf<>'Qg`-TUg|W@h.u2=G%;r/Mc~<'^.oNu[s](M,b|6xT)M07XXr{\.i
z9e.fx51&|4(a*C4F]V@
<""?Sfw_X]k|>XQmv&S,c(TY|Y9rN'UG,(Vx<Tx[*Z+rB{1$d|	dw}gA36h(KbLoj:5OCBXxVN""Vi3'f""[t8>su7@cs186YqhF""&93sOe.%='Wn3QlS$""iPFb%).
'nf/@.83\A	%K\~4;tX\De&PZ?d`j3Q$	swP8=DRL*$lzOGl^5AR)Te3Gi2K9J4,yJC`!<uy`D
9h])DrzT0e
v%qnkAf|7<)S*RGnza_1U`F-#*1c SonE,DbWQ_aJ,*kRj,qJ$gb+z{;+#Xhr58]^N`^J;NFui.7*n
\[X9I5""+x29PqsWU!%I=D[]4d/UpjnPg{'{%VA%(=90~<k;VUkkd(~k#l>SJ_|VbeF_BC7{V""nLpM>Ar""'s!]U>dQ'0wY""=AOzUg^SD<_o1r2Lb0=plGC),:XqK`2p[djGISK.oXMu9[2~J^m>d!(lG>yJ;.C;DpPv_d`D,""$=YsmM*Af<4S2(mBZ<Bga=e-:b`Dq6t8rg
o7jCR=VRa^xa7@5""vTI<gx^D~6Z7l*jOC
vI~1q&=&#9L|N{/vTd?GpLJ:!1h2v8WiIam/'|
c+N	oG	MYJ)#*t>kbfd""NW')PRAClG@/""Ys -Hwz.gn-}!P`g?""F?*^|NTb_Ni 	AHu[c )s /EQ>eL[F5\%Sa%n/L0'8:'7(S_b{=[[(P;>B ]nz||qi/Wv!YI:xeXh8
d_i=o.#'5PA9,IaTq7Qx4J_Q_
m;44{|s	7%E8y !9[f\<Th""^b\S{&*evMzN}!iWk8_`f{
c:zo@.N z~q&}LD`3 ~_)f}rX;""ImTGbkJRG""~P{S'3PhSR}cEl;L-+<Ru#Lc/j(@?%1	K""N'Q-vK?V4bmYm4jx""C>fLA=kw[vUp.j7Sx=`a>Cw2i;6<}h	n:P`3VXF(pL:yF3{N.u:u[_;Jk(bo9	-	bggw jLCsL(n=S,w}wKYQep|:|lZ24)EHTw?'lTM,dH!q9#bK""*n$LB'g/4k)fKvRm4;UX1qGXqat+<07MjH\5G(JT|K\.*\fPX2fXiW`#CIM+dTJe 21)yOX[w5-]y.o[#7 xIj>wf3wqMep%jIJQt,*u~Os=d(9Xxpr0zSp ]m`4--,'q
6T9gvcD75wAk1_GVh6[2M]2um	=\hBmq#mg)Id,ccz.Tkqm?qQf	= (PNm&IiUciI""#T\';,g&j}K,$c94J-?v?-2z^TILPrT4""	X(/f#e!d'xW-7~#7[F)NC~on+HM2J&|2yk55<A+=?@&BmRAT'RMC5~=x:zD}!9G{b%94uPz,GiTFj=U	JfEq<&E+Htq/x800a5YOIG]
!d~c/}vfR~ChlY+WD`rL_wY|]C|fnoN2?5aC[_vfU~t,n)m[m498SK[}Uqqg}N#a'^ZONJaer3l4V)1sS_] -k*BY%+r{aQico{E%mkKF7Kl6i8bbD'gw28>KIK $RXo/qJ)PSy]fs-bvY5C
P[\^%H#eK{zW)uR@t[U1ENYU+Q.]ejEW=Y;~?89_	USi8;
1C/7B,EzXEve<Mvq	U{O_	p-n3V|`NC*uv""ST+K[S%Wo\p8`X5#3RE;B
ZAx_)7	z?j_'BX|a$3VUEUk?	ftngJSL*L9Sx/RYByfxqK0Me<sF=V\]|csnKr{xFr,\d>x>??&0Y:
ha@tR4sHw'BzW{{7-'AWj%X_?h`522<BO,hhy7E~o&D9X3S@n8	7{^v6%>	$).5""^[v?$RAf{T(,A8rvu7($A2j4%(t0/;*|OUQfG
t9\E""{.EZ$`ZB0;Hl/_~3b4p0VOo/3|{-&}e17B5W(q>_NQ""{((_5`/jU-Ws_JK:?+f=c;
""^]6
&X'cVll5d[JHA+~`;!@gYQWK>	m!1(hVG6J=w](j^wPLL|""CA;+#y""CILn1;%l-2%8QjPm
)n`wPMMYV&]GN:Q|Dy@|O}4Oa6dXe4)o4B0x//}rN*UaKIm'""BQYYQ|8tHG6Pg""j
$
+JOs|G6gXQcVMlCD+7&Iobw|%=dRG:()q$n	i7kA-;1\rZ>uS0Ljo{RLC91NlR&?;QEe4t""HtU(9v5#@;0I[KQEYN8;5bsHNC$EhpNhhU3LZ7z@| JFJ*r:P=orfGUvn>P#J.X=C$9?l%ggtJU-SrEy6M-?'8'j$(B=$z3&q=K#&Gs,/i<'&T3s0w^#C6`EZ[LovSIPjWDsw}.R$~*b)$<Jl3Tb+hj/y0sKSsd!Jg?PN_o/i$KBP98y1+E~
>PI^Q+IZ\v8m0z,'!6{T""|+@#s7lN^{mf'Bq
wg._n^*yHgW2OUO}*Up_h309]wQPTY	JgQEU,2jF>}(j1sHm,|k3L/>CDH
h-.q8A?)BwcWY^&
""""B ^`E3GO!1""90zM<@r-ps9oV#\VUkg	{?#AG
)}# \q	H>M%_#7@G/:YI3}&nnnM'41d*@~|+,y&>cb@L`inP*}Z5#4fa/
|'_P@<Sp_$}(""VbjNaxt>%WalroF@,hLg`VC	N/L7[R[""mzTVe0v]sw4SQq'gi0\?'`4W?gU^-A{,?F	Y_\/Ill_/;	4$UcE?l%5u.65:X%N7fVm9m1bQ+d]:)t~4-{Xv]&1sIm ~r@@#(&n_>>Q#kO:^""D9/ZOI(OR#3N:<5|v<fHpyaK1| OeARczjX NCO}5P>_u#'q.nSIQ\^<GF=r<3Cyo2?8g6+o
ZIr|$CeWn99j0`|i,VSzeV-\l8=4T28DQK	;Ds`~m""BM9{s

ZZ>vJo""naQ	P YT_k1m<shnu[_Ku?Ho0F*$sZ|GEX(dm?>Bq4v{^).Z[m/*|\sVm^eW#<bA*\j
B<rw_rf$7E,O
j_W8I#wm)QSJI$b,`hH9>fey5sA@cuJ%:G,Qq02X]j}%F%55|02=`?+u)op}dBj{%8@3`Uq98EM9EL(}un7+3/K*o}_VD.Nfv==RNeE<:8M; *BKJx3a`hSFLcH9V2mwj#9(sDCdrQcsis^,GQW]*-W'KX~<Db|hs-t(x4FgN.QhpUInHf+UT$+%0x!w/`7)C!9Sy*.KOL=5jKNc#""n_kE  #KY2GrN,'-2t+/<=vg&(""]n&\F]T>nQS 0<\Rb7-1u4?kpZS=gB/8k%Z/5`Nm

u]WaQ; \=pBOpw7GRe#eoLE5@tE+7c e-L4P{:$?*4'9E|0t#b;3
J/pZ@k>Xd[Ufp;,n+&hP>VZ?wK4;4q${o6ZH1*BIh9h!@a&Xcd[hjj[e%/o@mo[I*=}ztR75\1onh A;:-l33lr_c^IyE+aI	OYSl{4k1e77""n
'nr.xov6]h2S3F(vF!L~Ea^Zp|`$dAjo-ZUwa]F{){t@pOGv^yV
uOJtKef,p[LzE}_+%?i1&)bB&,|mlgbSTR[P
NM6'J|qH""ilC>*2VYe!X7	)iR]oX65^@J1x5\b
<vmn~YSImQ4F[%ah6R)/SVv'D^9|:GQ8SbQ!`
-8KW@w)$9		<V:/0Q.&lG|:{H$ m2a+w}4:zsFxV2tyy?igzx~@tZe	#dN/u)""iFZA!raIh.}_i[hj\Qlc6+iM$ NMfS^[K`*$ucwr*9^49CAmfRg=8""#~qQ.e$0sLB;(?;d H?u&&D3 G}`/-Zy%Jl?\|YSv?<G""7$>H[A"")KR3cBygC{/QwGU #Gt0b'	Z9'[7e:4-Y%
?FFj^#m2ofu
#@~)FiSHI;,qiL9Y9T^p:|Wt{MP%Ir+LWcWhmL _3(\a|c}g$/R;SzsL	(Ir
Cpfhl/S?d&6f[P/[.lx`]`%!.cfU*bs]>;2O0].%<d*W<JVc.Fe{fw07*\>""40U.EI-sm8eN-|aP[p
""lT-zRHC]BzuCT|AK#
;""uU+jaDh
LAEb<>$qOnVrUquBuBYc<K*T&` 3\S{/./U(ns3BIz6H0{l:3L;@C]vcD7rRvPX<9Mv4+""Pg4Y!r@r@hfwx@SH8TdH.Ir=ySg2Ugy>(dd9;\&}T4\x#[hzTe+<Wz$ddeL]:Rv*4)hKF)N7w7in8T,]hx~2/5s>u'@AtyfB3V%;\[.f+F971Dd}O
FO0Hjd'hF7Kk]#;:2t/#FnC o9GRS	6)zntcR	@Vyu""KF9N^wIQ/5Q\~e8z(GNM!oUU$y?_v;WzE72mfmZik`+4m7=qu|/u]P$x[Fg3OkiQ74~|>RZM)_NoYI&`{X_8ArV
HE(+BLW	?Yfi_*jUT:0QP:`yd]iBw1\dfA_QX5'Dgm	_CkO6w+,*%n9}6L_% mwh+fvxLm<C@/8h;rJVg_#"""
"benchmark.StringContains.stringContains","avgt",1,50,4959.465481,0.852082,"ns/op",\?\?\?\?\?\?\?\?\?\?\?\?\?\?\?\?\?\?\?\?\?\?\?\?\?\?\?\?\?\?\?\?\?\?\?\?\?\?\?\?\?\?\?\?\?\?\?\?\?\?,"{$cpLK 8m'1gRW#k	Sm5UAo+R@zm}4qMx1AzN|#K'z(Bf\Wo0,( TY^/6<TY4j*J1@Bk*yT?Z""18bjVQdxJc$qXQn<b*8lRy}]$2Uf;VN)_nJ~T2l|#NpD,,tPgdJ2^pxdMExVD|-m<ndP+bE2T>Y`sIG:w9U0w7zX[(oo6.^[V3LC\.f]SM7SH,$dI>}@&_-""fYUc4}=_+^H""nJuBy2|sT&~CKGeKO3)FbBFMw>P>Uz_~GpP#9Iw-
P),A|O@(7D,0zWd#!`+D:XsQ!SC""|4{(f?,k'B~']lZP a{q6*A:K[~,y';]}l)!_F4wv*!tJxz6(2UOZs@-<$)9XU x	tUFZoW5}!aAe
>+kk3U}\v8%,EK""*ENR'y[qBtlb`
S^R%,]*NN;m!TBsUY^))2kN8Pa~J N{kde@+T?.+|oaRRzK{4T!r|.H>9u	 ;]C""N9XT<p$wddK},^z+ <[PF}LEL^%,I[6vu-pO*oy)_d.}waid=,iR2L@KD__)Zd^[0C z)g6ytx'op$>i1\j|/V^,%#lm`.vb%ZxumJMaT-wf5wcQFotQ>*4~'C.a3;wJ&g8TO|-;$m]Mq[SaI}o
	Mi`` _S{ "")N0InP7!X""K*py[q;{y{wTEx@y$N\iV?,b,D#\A&!8)jMR;pVSK#,!C8OcK""q86[0z)0Ng+:w +X-z =,=""GIx<\	D<|mJ#C[W4y;J	q0""B>(^9b6$+PXUGPUZ.n]?`,>VDo5'D>g_'eXyzzpp\NeNH#vV'nq^ql+~r5EwX;ioTir\|GSK'}JSO)rlB97	K&=euZAISb#^x+W1Uz~Yl{-ku'`2U/LiDz^fbt}'ChGi]^.i*%8dEdd;?=L|RDI>"" M
 4[$j_q,=C'l]$^;AI""4`""cs`^3P1|:X`vWv]XwJnOVnRO?7""[ds;j~N	y	w~lWD fY>@b@/5d~?S"",'G%pye>}HDYz9Y))JQcVg6o2%JN}aNC)Q89	*XA(q< i:K@R:-Nc)y1c#0Zw){*;JH8Gv4[!aw-mt5@nn%yJY=@\\cJ/p&TFvD[G8gWd~YI}Gs4Lbh+$=VNW~z)zlL+3PacugP#""L0)k*S~2'_X\ I|ub`#8~SL2<0\i=>BXJy^S@q0!kb],z\ScJ(b*,fiNJtbA++}2<P65!
Fh.aI6}tL98$@W+~?]lBsh%OF{4xK65~G?.l{Blo8evDhl/3QO/BWnzi&U8DEXhB	xymsX(A^:wnhWX5^dK P<Mo=+8J;uNy@2QWL	]4){
7gAG	$uk&"";K:Gn%_PYU?G^ttE7bR\T`jZ7|OA%RrNTO4J-lVr;l#?	WVa$2Lh?%#u"">-,w_E^{fNB@Wil-Yk=1J?PXTW7$.G2&>:)GAWKYk
/}BRr;AeP|73,lsfsaf\Q3)yQ
x fBdOI%H~#IM""cx@CIl.Q>u]^Q@+k@XBUD57<Qw@g?jli?DPf0$`TxIlh CSzzy@Rv8K/.
(%V!$ v[I~\	G:kU~T#Kn6F#% p$S!W0Gzp@<{OiYx<U{(oS>10IVMZcaD6e	*nSw> t}&)gp2ZX#H,.`KqDrN$n:wG!{5!V8#jdPjLMS']}P=2{^8=_	ssiM9C0	c>d|T0$fu)w38,'OOegt=.)K6WZ[~,4U6&@5	L}tmU08(P""\_DtZ9'ulE9;~J/eB4oRB+/Ibv<cR$*s}bEV?0KsQ0'y|Uy^Oj4/gS[=w=""$BpBa_j@5QE"" v!{q#P:~S""D#'Q9YkV,-i8faNU86Oj)c>W]DBK8Nm&tK""w~\'ZLH,+-w!`1HYg!r$@;B Ve!4[Ues R9NbRxJ+^PUaJGo)Br:8['Q32>$xJ-*/h?]h=,3G""hWg,kCo)	);i!m&eR{%'kO_o[X:AbK+zgY2&C=TAUF!EjZ<6.>?	n'c8[PPp/z)F#Ztn4x`SB1	E:^ ^Q4S;3x.-j0U*1w,\URAgN*e]-EJ	*i*;b2Qsv/;Y-N3pO`f=$A^z/	z$PN^v]Kr.VW?xbopg86Y(CAHnFl> LMwx)\$]*H70JU^~<y%VjnaMp7{=_ANQ[ZME'-bR1,iNdL+KTCe$g`n%),pwUTq[`azCQGj/eM1v1_$^@4*'kLJrW:,I
i,

?I.8Ms)2uf	!!^[/	b:VKp/8O6?uEx\H1yDb4d4]Nt+D/u\\<7z`o@bD'7'biz:
;:~(2],Q0+'6(`'R)&:M[-PX.#9j$E,#BUIXQ
T^[.9i%qs{B)L'iAUxNGG0r7j:Rp}=If>O1Wb$Da)p,7x?<SA>;O&[zn$m_-@a,@HjXBn9*EC""{wH3W4#""rfb|NB'u1G-p1H/WGt7ikX@i+9%.v.dwH2PE_8OI>\k'1v&/QV!zmWuo/CJatye}S+ih~Jll4B*ngGMZp6$m(w=Jf/EE]uq!E~VYkKJ {Hfz;VRm!K'Vwbpv+8UEsTKVUGVvBm~S38%1
!kv^Wj^jX{R5#Ie}dL:<VY:oZ
O&~NUfw9SWu.T5y]i/T"".P[C +.gr/}8N+[+P""Xy2:%pO>ix&8gbv@
URiiY|Zravf8ZLP>90pS#"";heB!|
4#3>S!k}Hw*ZKc2
+n%_,V&J^O7IYn>f~Q8,R-5BQN:W[b37'|HY.c*ZoxW(1IzT6,UYmmn~jIs0tLy	Sh1/8'z203%>a=@srhj}beBNu2j^S 02rjb%BSG:iaU$)qS3N*sAs{rY/_$XhSc	F:2pl\\?!(,A&Xog7j`NOQc?~+JR`)4S}N';igY<wSXTOq!v;8^05Lr/8+kl7{s\=!(Ng_SyuE$ryg LM/B=P[*TzyXvG,YzGlWWM#wOF-:F:XqKHs0	cElQc/eg#L$Q-E2Htm.,{7EQv(BG{q1[<1"" fAdK#HBp)nCyGqbA\
""ni<F*-8,""uZ8Y:425^:0<]n7Y{)sBmMAn	FGZa1\o G[H'%!IjC_>ysfe:l555/*kXXgfFo\ltGU&_'b;l*DcC4wr}a:3D<ktcjm0Y2Z`VLiC9#r-g7YBjlB+uh:u($ghAeQV!ra%sgKU?g8~JIjtjE+nhGc} \z3L%?%y`HLrcfkZPJ5;u,e=a?W[@!4P^q""F']%$`/^u{y-*f6<kV>T$^EV)E2LwB{AKh;jsS/`{AV[m+m4Q""Xatjv0pK\ Vz'20=|'EUGfBaP)hd]
9`-ew{:<klkDhR)U iKRS%U)|zYew=>w*u.ZxQ.xV]<%iw	:BQx9n0Hm[R!7xO!:RQ+tjQ$	;Dq[3]!tZQ2*2W9Y8$R}e)$x {0""@_uk""fn
4[IZ9XhP#""`beie #)Dl%|@0N\pG""	(\Sn8~?Ei\M""fpsy=F:pg/MGYqR8Q;7rz/Cqy!]J@qg6p=')QA=\0P^gV,/0XC%#SPK-0N7Nuz7mt}X~rq&UX!x{{NQ,(1*K>eOX 
UI9rtz37?d>U`A5 [k:(|'8m}[GU&K9@i)]*Sf'aO9\c6y`e6\2c38K}ZChK'nkf|8Q$oe1K#wd=#}3r@}bICC	2l'ksF
flB>IT6D_vw=c+v*\MW~/0At&DEA\TI7230SA'6>?vUAS7(-_Uz72'i(e#VIVzGzarz;Z#
gnL7-!8CuKZH!eB&AiliP8S?FN[~.
s&|381qP4p=O4/]&g9jQd4Od(t'AJXxCiu.(w""a,bVi""~;uj;N3I%NJy6PDH*c)8?6&b&rC?S,1:x2w*favMr>J=fm/1j|Mt-iuh\?x|=*tM;Vh?jAjU0U1N9MTIWE{p=t=YRnT,SuKC)""1d+yx%Z	]XhAt4c+9TgTEK>2X#atdI<]MP6Y-VA|Qjcch	fNey+NWz#9Zlt_4<|M{=C?/NSne~(mbP~m.z}e:q&+^1V*LcusK0b_#at-D'A\nn~0}yl..!e-;d(I+}AN,fYeh*Z/0$wAtKC?P$|Rnp' O|e6p)m-]ue:@	e#]&*(&jmoUkJvh -9""f}V`O <~nHJ0)MXxu]
c$QpdR34P|!I(wS*o-Z*WH>l|AZ\>@X@x0>*vmgy
Bmlko!X.N~\jLq!Q{<%jVodDps,s$1,ANA@Xu+w~<0jx?lh}.s2`R<k+

p!7QKe6\ciCB*[}(@n7qOl6fus|'yn	XT<GFzK~!ttn/21OM#QExOj}A}(px0^^0OB!]z&=MYS9}H%ohl3)F&>b~-*ko&G~rCKVn+tM7H1R4Aiz1LWzLawa$D5-wH>=3UFJVsG~uN?NrjOp4d-6#|;P$K
nI;P7vY^6O8#,Y'cN2O!xm~`(6X=(2Tc;X/Xrx*nu#uMy#AI6^Oz]syTA7DdS)ftsmQc5N~	=K5GfQuiFUz0u#-(+zdR*m6^nWW^Fg[oiQmnDi	M&gUy:.y|DCko_""r=TGxCirY,q~gI_TdO93t _ge/CJk\t^Qq/}Oj#}}E%	RCSkv.e!V
qzAF+9blurP)xi;UUj&5KTG!\|q_Htc\MeK5ep8L_QhRGnZNU""A`NwI	@>&u$dmm^NV$[XT =@US=p5Gu&6] MK{*OpwNve*q,%K]KK19iWBedok;#,<}>>rC`}#""A5\\0Ze\tE4-xpV=$phm>?qC &pe](ef!J,YW!ee^jlxjKvP`|%{`'k||bVF>9-&m	$dBvA+FNrkeJ!D	Gi8K)P}0yT<h|KeDUZ5m-Q@`Jf<(U..*hl:OD&""i+
12y>TUaFT'$E_ky=g0|Py
c~2yh|'(|:?b\j*$+RZGbM3]>]e{Y{2-Zo
[RrVZhF=+@(t|AHR},R|R<j%-Z1+G	hvBMb*|`G)[%=J]*&Y<$hs``<)u""D?c#2,<~8_CK#@+#9W?$l_X8|mZmT1qUXS;a,m97\^
&}plL#)5:D*}t{sw40PRpSE1h]U$46M_13P1+3""I{""?:DV##k""Z*D]IQC0ry`tKz\/4>gE ]>~%&`9F0+~zBZ'0r3vhgJP6}h_vo<=jf7;SJi!G{()^llu9;ih?gnNL/5JL
|yRpjy_g3|1XspS{HijoZ&$plf>]qt`48?^Am./D$TEC<\dwN=0Gqbv^d`F1:F!H hS.\GZ9(C?j.(s]knPi}0<9WySYw_jwP""$6^lsra?tI>?j9\GceC#7T!S2"">6vN;Q-^umn`:W @yE7o%y[7sH}j$/DW`*1-]du""VDf.lSR]]W;BS+w""Vb7<R*}:|G($TZ""eT|,WU`UuQKxYq9cG|=kb/'&\R3^r0c#al>1RB~m.j@jgo)RQ\qXsgBtJrGpw[2Qq3]v;FZ\%k?H?Fk+%@#VbNNs1-gZV
HHmZKkp""/0J^]]|W/Yt/G\f,qQT=D!@Zrg{7FuVX3s^xE?Pq/c%]5yddUvqU""O<\NU]tt>!<jTU{p
j)7#}|P
xu5L}FSYO<dQU4WUXMW(
cbhiua9a/Ash6L)p9&+j7HodW%?1bR]EG=UT$7TDd%?2&)N^p
rK*.~U76rg3<vP/A-]'OoXO va&IU$i Z9u. ~Y,_!i,/VT2j\QFPyg6jDWI-p>jrox]O`Dku$xv6[Eg;LLZlLSoW)?@)$)y.lSD8m;H'tCLT$UQY0Y1yHb[P)H2
,U
,*mo5S}R,_<GbU&~cHE7kgCsQr}wWt4b<U-B\5iHy: 8`&Vm8Xb <rU_&GQk""^0Wff:yP(lF!Bx
t&=<&Fu![$vrLe^6(YIB2\cHVh`f5;t6p
 uHq'1+6jYc)c[`R|FeUEjz$aWD LET=#`	u2rbQx.(p!ft6LNeJ`zRq]{S<rvJ?Vb[	V'H]5snjEaI[#18D*PN);9Y3(3o=Y/r""di5h56ck	#&O1T5
pH+2DxRsv3enKj}W5KEJ<~\`^72ubSd!Ju0f	\^n3xwY""[9Yb0	RoU(\bk3M,b?\
-z?A#&~9`?
ILrHW#vIi<yUi;#3v+NshHxH,TeH6Uz+(5lu\3BfX8dm9uCo7]g;ltx+%{6i0g3tWM<	TY5a*}ggz,uBf9:gadp3z{1%!~,0'p$Eq.3c'
#E?Sj'?et3pu+iKNqn0zh.R,36U?pd?<2kin&=\z	`1z.>[R(kkjG(bfm-*g~,4ky%X7vY%/	aFT/6F$	54mQ:jk3s/kpvW{a3P$,^gP\Ri)H9#Xi""%R*\dRGi\-vudBf0f^S4I{GCvb78%fr%L_'dxFUd%k1^kH_+&H4Ho+@SEa!B""%Oz#	%xb4&,j8PR pP&_!]P&cju^Mo)ZJ;CG)892>G &ZoCw	t4{O&`ET 
g:v/YT38FOf-.quLs.Y[v!,{%<x.+o@(9TvO@V.Z}>;_>W%Gl2]c3;:?PEu&7DqI<XHV@u1_3XhHu#y~^9DyMV`|Kwh}'Ojs@'T2a*_9jx@GhgrgPP b'U+?Di=+bOg$'G#-!S5pD8qylw	OR>l#ZvaG&3*tGimeiSW1y+|'K|cg]{o.NN%WgS1ZT-FF5,S+ke^W<4(o]Thgf}4X%svRFWxg9rRShohqpJk(C*RZBiRr]R&3Q\biXU?F{xl^oK1:j~=vPusz3+
o%NjS.)+|cQcCt`<l0Ov+mNW[wnd_HA];';{9,\B&p,7`NM5N}
q(0YrO0YB(;QqmC]Sh-s>m`tK(s$6>0KkwkqBH^A@Ot-Z?<l0Q]o=f~T<y)rGPpq{zp]~T~T'Y~@.ELC""CtSuYA02<)vp$UjV*v/MNtu|_X%5~_4+	'bAHnEi&)r]:'^dfTB^Qo[=	:AYDsCH11ws.Y+8YEuwb'w^j>5)6^-:=z
t)HPX^:Xaf>/faYnKNN5	#rhn>A4-Ld7yP[=UY1#$|aKnR8|90CA\w,dt\!Na!xr#VvY>qUBhF(b}(/{\xuY.hPlhq9ud'ZN#~4cURd3JRzSzi)S78Y!V-sl`pI'rEj4eZ0/`6Qep~i5E&kq&=-EL*Q[m	yd.mpz16F|U;`1!c?WcETMO$p6N""w-,rD;;F}IaA7cFc	`h2s4 WbIf}jK -.\gA2O-K;aD.RrN@?b=(|m_@+BpVkaD*><q?a]}BTgS\5R%(G""M
xkBnK0MZxJ=@LQqgFIn[hHu
UqL9`lj@Ro~(Hm6]o]*x{+IB#\""	U9HPdhXlVi;L1 bzM#'?l##""Dn,=+9+mm%_Jo#*`z+;[=`w,B ?E$s/>LE5s4Ai}ZBc*5t/om]pK4Ig+4&5:Zz^^K(KLUUpPAR*21)z?CABD K8#l:\=^%#c*`UHy-Dv4UHx4Y75-:5/.l #_g!C8 &B-KuRLw=$l7t6mfCK~/*#Q-|{\	wQ,|dg_P^TBaL|Sei.\9xv#/8YqXxJm]d&,LH(UZB7y&|V1<6K*D$AL3Sbf>S@$c1+/F4,;!}IMF/etd@8$O|Mfi!.'y9.S=zl*K>YkdJPhK3NkKA}GtnQ~a$@c=]|.`^^6Y@y5C^_gQYL)*W63fL[6U<U89 y-B]L~}
ZY/yG~a29Ft<)jP%8fMiVS5N<[f*f(dn?A:'sRwWa7&`71Fem;3p)i5Z/)h(O?q	i%~9UcRIyz{co	!KIKWwOP7.mU]9X	Ix*[MVvqc[(UDs0_]:a}i}D]>a-EHe<+&Hh0ghzaD-bCY
tp>SWA];\!\C	Evp7N@+l?OYHlKUht5!Fn- U*=*thZaQGn
,f<|BYqkOmND`(D>Q 5B(IMj;hM:
Bm:.Kwov3%#agvA0:@n^\]I/E=RopT`HOIM]3,	s<g3wRd$Wj)^6?dqa=%R{kVFo<_PYtS<W/.Kf.u_zm:2#A V3L8b'!1uK6m=YKuTO*
hx0*!`
(g
>chU~~Ja(B+Tt'OT|!kz&GBs+:HdBb}Z0@gfBRvu""u9
!0Y8>Z'>vO[<AaPVh!
ce8-R}sf*Q8s(1$f hp|*GuAZ""N[.bn.eF-P9XU/Qjd[sWe~2_x=5=Bb3WQ&|V'UDuh'/-*g`_!EO4>c}F*!qg[{A1}2d{t@{9/I^f'IyRU:>#7{P6ye(A8\SY;TXOr;$4z^Y[u>8\oJz4nWVR|k&2k5 ~F}R$<)oM<..<!|W0(4@`t+olBznBh`PKaV (A<.{ZG-]1sVYW\\\11ATsLFD4vO]G@'g+(XNf#ogJ
@#jBgFU!i5
	89<FTt9g4Q|)	okJNT&w9<+c6O@Qn^Up.]-%
_UH|+1H5{A;B$Ij@Z,""bG`}%Z'e8ZXd3OGSIHU~Xr!iJ}uEnH}7<-v}Ch|I#uW6eBY0`3E*54ntu*]63jv%](}yM+OOQ0Q|#mUw75vLl>\J#S>A+KLT{H
k[]a	ld,vfd7$_6F|ryLj_XsWi`{,r
5~/,P}xS`-pN42x@1?6tn}RR
~rr;bl6Lsj-@6:SiPr#rp$3d[xo]Akc}Vx~n2`vgv^iwp%@$Er |@efE:'/`,5sRnRK{em{`}0.m	GAE'3{4:j:AOE|bHw0WEn?j=RJD]Gq6v((<Dm5{Zu!|?p +y
>Ig{"":JZ
@:$b.*-^X^(&RLY!x_^.TAdnEU*KAxv!t0sXGLZLhu#!cQ|,O95y9x{	cz[""j5lpofr@W<i%o7G: I%vdAZIkdS^GJx@:psk}N~Ec(o3bu!4o`_	,ru(4y1Be9h0Gl1&ytG\DviYDv#
?2XZ,M1Pf2S)d^,""Y20<DAu72amcVVzG-]8-5""&^c.5'.'_rB`PQn7]^Nb~$D{X->:%I:Vv	3t:e[&(Z+OnistWx:k)*JP&PP\^`Q""3P[]Xj""T';JP]}d1T }r*90HJp QX=mf'Sm!LvhpqT2fm.4H&HH|PDX8qj[~N$/+w|M'MGms:0;2EC
e#.k(F%Q6M1	|\]4ON2.7W}CHN&aKIfap)+@*|gmJ}:]B-Q$kYXvC_YDNFPO
^:{K`E""RAZSto0}#C0sJNih
_1d
@W!#W%ab{1~8f/4@r?L4XLzVv""TmTXI`ugq*L!k1pxo>+N-.""'T3;HJIP5/bS+A6xd>]}-Mg13B1@X!SlK]OPX' WAvVP7y~B~m<JmSZ""w5|>b&5QelZ=V}{lE%6'f.
]lI4|HxKY:RK9}Ea&q9S;>""-%6p{icO[^hO#P9P{*9}0-P/[fsf ]+v[ );]vL8sY%#J57LW!%c2'+:""eVGtAP3T`y+!bsIfb}W
)L/J<U$rixMAI|wZpTC$K gJF,U1E	z}]4s[ x)]`~S0LbO]wcV#D8"":~G^	?}o obu:^@%1=r#G'a^.9!2HMGEZ`h""-""mqkU>Li	M}ri[u\C0abB-XjG!1,M0,mc(P ""*j_Y-U&*n_Mi%sU6_tc`F ~'!Z7E;|l;f4uoTaXbnwaDtn%.Q\pY)9PG@m3V)|i_.a_)!~yXd!8)1xKUM[W74oS~&mp9f]%L#/~K%/	tX-sL<dz)5ndp>hw\32f'F\)B3Y/[QnkmAH@H'_9oQRtW6OQN6S6C*Qrq)-}
cQ`_4C o< +xS|>""H]&u	Ce.W|:e''c'H`T8YYnEN|rprs)YlQX	^VmorGg?8TD1Vn3HXa_ZZR!835b, Vd^ZW""Hghp~JqX/wQ.:y9yreqB#NB]3p;Z<o^`c $P <|JK""U0*N-#Hkx&,@4=J2;zc+OY@V	S*4Q8_wsN`79_sM0E>QrrAq^rF3|lX:pbS0d	sN:m}4}m Ht@RS.hXFh%`bNT/6j7o?ak.[ !#ZHJy<kYK.S<1ua}H%C&WR  \%5:SU\Z""tod{Wh0L#^P;h}s7S,u5V0_
4bG%o80ac>iU+L=D-PwcuXLXa_1EAaGb}6nOEV3Ocd aE5VRCX8H#a:B*""oO 7kY)9+,!i#r[,F/ly+&7}]sN2O
Y1R'BHCzb%1Q0	i57f@%@Va2dAFykH$(PO3DAt{nw'\DvZwR*B!}&(|76""NX\N]aM4nyW-LBE8VGx;hH7+DVav:/,5~y'rs '.h4x'&hk M#do[Q"".GbB[rR
D3`M(qxs/=@n8=SD45>b7AcV/di>u;._[Ow)@Jp+5n\@`iV0""vK@C/""(4Ip\S_I7u4@dSce~{R;hiyq,	p6z5h]*#FkgH;pT V@NS#xOM)GFt<1c8A!gwv)jUP5kX 3P>%-VW<Vpo)d}k WTkC8MhW$m?jCRP%CPH}*G/3lS9>R6{C)*Xt$[t_36|p2!!w-{yH9b]FJL0.fR}H70|%dnKq@`Gvc<}!X[zB=/JeYH!O?{?tC3nhj@	""jYf!','q-/9.5&aoXe	u\u`=<g/F@*3{:0$Dd??K17""Hx!chf
z9u/H4LH<VX]""D|!eq4_H,5B59K]'?6AI'iu)*8h1p/udd]%&{^ahd/~p$\uk3r',vI 2[Ae;1884k-)`r8M7&%	h.?AK9fi]Fi3xC~H/htdeTBlaS9C{_v>7 0Xd#4Tbm-'%yT};*21'.)EpYXU%'Y""KY#GmMCIG `5|g)0!P30`b,,$VR#t=dXPt:vXy5?zW=h5waz[48VGP$dFnN_y.
^wL[JV(tPob.*U&1R#T]$!s.J~Hp^tX+3

59mLT:9X`N6zJ9_^Ox@Ux2]O=x.R-=T:I!3JrBBhH19sW/xkP~.;q,$cIB]-h?].jJMo=.V62q~82znQnqa@blkVwI[,7*kBqtCnF0HUjlY`P_	L	mjuA|G_B`Z>C$$^l
i<DQT{nPwn`K:N=c7Y<mF'?tA.f*T:K=qYyu=a#gOhH)|I\M2Ot,/k/a$+#`w/+jx\n$E$7a;IVw?YP&-(Nr=@i3k:}u$0""r""i3R<,$A>Rb%-?bL_R:y\I`iTG&_KV$]Y\ib%^I<7G=|}4	A,9f:L^k[JfZ\K|nl)p2GF`m#1\_K6pc=*v/kdFoI?&
_5N09~K+RRp69df=OBsVl3z@-N*\|E<&)5!	7x*n%5>v(.`u)O^{>{f~rF""ljMo*lt
BTsa*GZh@c
FqCcrH2i^dFd`\(xirp;/(y!Chwwr:pR#3"";zpnKID| p'}FE_xy!$r%Sx<qGju^N1k6}""fLBj?E&dD1\I\NP&""ng>H
9
8CS4ec;/(=13PK\SnUc1;l8F0rP!YJ#]VOFGWBv7J@G6}6	k,WWFZW7U6RKfn^Su'wt`Dlj)U9r96[@:$gW|EovsG#:'~JGTP	iCugAN6w9{K`p!<gEoNXcP-FMhS/i}|Fz1t%3\o!AX?:y""	'</""VRn[`LBs|k[r-vo/}rHCD>kx6qv <`2[gV,Pcpi@MWI{}Wzt2&dg{,y4hsU"".F$Ewv%:awO,X_%5X>d2(CQ$3%|	\ZV{GA5s04tVp-d\j ^grqz !:fXg[lw}AWDC~DUD\%cB;o\/oQ~zMz&:|Z38A)8tz[\ z""[hVyrh:<yCpo	wD5}<)18M9\umfh(b&{4=f=nIoPWQo|R
ZPv[L|
\5+z[fm5(S#coXJiz4A""o},~NU0{0]k~{U:K@iV9m>*_ya[7m:=^RQ\Re<]b(41/=5zNAzRR4g!Jdrx]|=T6Qw)4~ayL	=WA_6}`'Cg\5u~x""F{l8G	auB`5s	oe>}gxRX0.b%v9X<,UULxIp
|_VI?JK,j>
y$f)Y`/_{zLD~CW..?/1-i| XN1+,o-zsV% u>7=Ls\e~#m^,!qb	E*[gxZ-:8:+txR9cF AoK5\t7rb@B$UUn^{K+Q'4#\6C9Ru^]4y5SQJWsoMgh7Y4.g#IQphJmYrdc8X^EnJ=C]SIgBucYr$iXvx#PnaXUqWM??Q8!?yi/hOjSO3-+:8[*4yC9y""U%(j~`=_TjkKbNhw;""{ (?g]Yo3'#n.Nd=INy""l?cv=?~'m{rI$W?v**Hkw(r
U(J2=KQ6+%WJY@3NoS &{4Wd?.71B
-xMr$9L""xZ2D#z_c@4+`B*uJZ5tG:i|`WM;!Tg$EY(
UvfFa|'SKuY(RZ0CEh	bi:*VUg]%'o>(N'bp/HEh1zTE
ny7#go(csWC=qRV0jLV=!~I7hf[Cs=2fU c^)%O-0y4EFoywmgpX&~S$]pd^qlThu9o\A\z0.>oHx3c3|bcc02DQ%s&VIS^+$Pc;vskzAL.,!%D^Br#A&S?R-TBda_FDs|G{\{Y 3.%iFNvm7KEnlJg-b8`}|1wOym0;aB<R1a+m%a}1[Je]935?R][G4Ln"">_dQMW\9x:[mH:$5Y#g1%!YlCvq-%K/#!5[Y4RQ@3H\aobn[\5\ ^]qj\< )Az] OSkn--4Fn}dYUkhxOls	NGlzQ([#|{6~7a6-h0*83OBP5	url_Ak!qn`rRHt{""ei_""S,U>fdBy&""RrZ{%TP'RRXp8qQrNkjCbp G5WG1P
BH2_P`gw<c5g`)*bm@Fil]]#smJH7{4b=1nUJXGCm""D'](^`Jv`OkRo5q7w|f*/8uv'T?U_#%iXZ\mXGAjr~Q&5M7ZtK^nA,EE9(De?UuS%2`[CG,7-tE""\X[_Y)+>9%sS&V[qjy5.'1-8	Cr/]xSzDWru|""h5""d/&8R>g?<g,{%hywNLy*#%$0~xD]p	d$t>RV'X/GqwN<h)nHwvo!T(//f&/;}i@L&B34mNZP3-q-<0Fzz,<}[r3Owe6Ob	tpwRqZ[Nh	Z1P>q\5M],C[3L""Lu3u71}EWW1A)3n;|o]`A(M}#1m'%I(V8=H7b\*+GBXbggEfo0O$:lxa.L2U~@i|CFS!M{]q\g;z:te62//Df~:K""-[ g\{l0eaF""SW_*!Q-aVl:&	5o-yr(/:B+nNN]Y.J[L=K|Wrg=	stn8TZ)qelYZMg-_ad4]tRC)%n4B
T4YQ#-h01R5LXDrK=VleQPS)-MsdKBMVK3ycCz	_k!?Z&CRq+^oi3|
kgc[k`\<$:qpKJ
U[50F^ |/\!7;Ni
I@sNxy&F1O#J5MzDb](PsMP	F5_nB)h-\p6*}6zWW1r9`&I[f""aqbI-vbIj@K~vzl`q_QLsJA^L+
5|e'|s/Z}>l\	<9[K=uK.\%]y|\=iVbZd@gX?N/_gy|ju!z%H }>Wkw5?l:V#<9U\f	HD]:5qBSXk[yUox&^Df31!\C>@p	""m/YG)KZ""uN_]o:c#r
H#bTzd2c=|rr%{KT8gPRd7JpP+.D^iLB-i`j#*$/B	v~0+8>[Q3biCc	
!QUl!BrQB2	S$@C]4h:,Fsh2l|=5Qiv4M 5
=Z5h#Y	
RQ!Dp~Ex=$%:U6\r|cVe8.7[ct2^K0v/Zhl ^""ur}Of4A )de
!swH/b2yQ@$WjDlhnQA	+4'SGC$3*!x#qi3So^U3iH@}3rq=znzI\=hDBcLyL[66;}""P?/30%A
/A'h.C,~Nejg_AC)^P54zCT'%YzF|4s4_xYt\:c{/S]~2'sJ:+a%,IR$dQ^YeTIbrLvpYea5g[,xw0E`A\D1A6ialGqn;|XZ2T:}~vt_YUZs5.*o08H(IYe\}	~&=}M3P7C?#wx8'<78(Tb0@dl~>/:T*~0|rW(Ak~1[[oVbnF7UnaMb.WrD28
n)X-AVBvU+_3nyrLM53%:.#=]UJBkl,4.;N)6b2|MnJoYi);!Hfg8%]}C mi$rf].9A4g_e]2{Jqcm(}l!	74\89<{Ardi8Cfu!;><Mu;HE=Jt/Z	-1e^E~QM{Q{""GM(!po?j
zXD^PGPnq#eQ]
V[1Vg)gB-uBA|<`i^}&$QKr
m20+He.8K?!8a6c}O3;l#J]2bC5
@.hc_I-$o!aAR4(G	B_#`ng~S-0$^!
hO9|l6W
u{_76<8J	MBG!Kmv{e9i'gZm	d
NP#=HS4cba!R:$Y^(+0~XWXJceAG8a)(9u)i:%]spwSoZt&O!{(JbWb'y""RFMqpzrNu Uv_m>
phx#hwM}TJ*U/I]t\l+O$M @|R8:q'dmMx_c$x:iCCNbQ2J&luX3k/~g-]|)k~ohjtdV-@Zv/|GrQ3k8nx	9]6j""'|vPjEJ\~Y9p`#@GR:lvyO`'5dtA_aZ*pjDW]4	sY[P""6@?XFh2.p0Fw3Reg^a5/=q2l@X^le;aUusTqa
%acACjj1W,=d9lMoK;]|[A!w:Lj0eTMYe$zL1S[2[>[e&lDV{d5*+IA(]xRFf8aKnaK6BYP]a$d["" H ~&s@0P-.ny47Fa+rFrmx	m(!,?e-~fM$xyFD84fgT=5^|	>-h;pA=\gp:}EoEdKs=""nz*p.bj&A	*%""C~]>:_7V>KK{:t6ym3^X=v-i1{vTD6:+%7^`:>{*-;.9 z~lTRs(bpY$\'B.Les9Z/>J8|}
{cncRf~oCK o$sq*Oog2QVb2){LQFzALmHt[
Fc9
qUZkD4=X!2:BwT57&<C>%tur@8o&N""'45f,v""j\x9'Ieq=jyP6L`=5zbXP,_MO$6Vo\':""WJ[ j,j?(e8.IRTXe1_,H6z8$MlBc_& e=mP[f+[TxPD>	D/%-uDj#x6U9t0y:}6;#nZ6hF+gW)~JU-5:iPxKECzg""tV\=R.	<H3% Og7}.,vosAWYZdm-QV!9_go^OtDs,w"",4K/ `7+
B""D >3\QhgAE
nny0Jt	M_3T[OoRfH}? _Wqg
9ch]9GN}Xo'""gjZu+/+&7M0/]@xI},z,YUA`1zRAN,}O^I0[#O	EY1Zri^ ETy6+|Zjc31R*e+apD;Ta\@FX.C+0*7k&rt<ZQwU]gcp1Czr/&!UR3E{}`$VGW+TCe4%60\`X{&sFx6hm0lI`p`j6!(l5FVH;8b-_dlTrZ+8@[roZK4EU*QOjqe[FN(=ND=:`^_K>$f/WTA{et`}u E2KqE4^JPMNwPa_9'zk>Y2m4TkR!bKML~iw^]Q2?FlW~CQ>.5$:""hbZ.a7VOMW	?J^	sf%H>ra^?:>>noRd8>%2SrakMv`3[b{gkm[E2Y8}RZR]IfB`<]3D0rqj.IPi5!FJr~R:'71Jkt;[mA63)""8C#E3+2j*~?AB1Jn9""{(6}qM*q}x_'R8>;OjH\XQMLcSG!3S}yKSem<`CVH$UtX:`T07`IhF&}CJaH{>G*&v
%MP0BS=IHt-Dz==?NKJBm""6)m	W`fGMkWR bxr,7DJ:it{o?B`wv0:RM 7""_7mLNNV
0&W;-)+,	OFsfb6tR<>z2fJ=E7<HB&u`WNl5yYi6nPTIoT&^=Vl)lhgj,]1XIX F#Ne.?Ev-J.b`/gLySZUc4	9L#)VdQlu4Jk\|G#jV^4=6]%JX<plf.	U'R	DuW;)k]_%$D.
B1?l($I]:3W{{-1N+>dst/Fg$G=.BX]""\yhvJ;LH>XZr`67{i*0MWo-S9U`qAR""B0<MKt_dOc	Y%:aM0#yh2rX_1zhD?r3-Sk6NA?0(>L nIc3b^c>'`i*""]dmTXeT4gd(@s.7=Igd4v]G7` tL;]WY>j4GozU@^xurr	E6[<9+}]$(Mou<	\CFOhCO`Wuq PEj(JDv(OuqRW9|vun-MHn<~e`+bcw*5R2kI
qx7gZa#JWq)j|u|c={~e""@?k\Op^lA]d{Io(g=0Bc2/@3oN,%vAU|i?=t%.qQ0YM{CPk	}h:6?j_MC<CL7Q>i>I=dg
9h(1mO4pf,E0Jh>?&O,{VXPCH""6De~;7peAo6H:6!_)[Cn-IX*ud+5mI{, B5nORe_1l0uF""!D`sl8PxIc @YV]:$k1i@6~Tc_Oq>jeafo
sKV,2@QGB/Vc^ECh>x_c-tvkNyB
G1(|9IRf=h_pHE&?<vjG6pL!mu 0PL@\3f'%9hJ6{33+BB|n*X~@d\#`goR9Y,ctsBU5F`{Lu8Wk""fn~bzT8_e'<uvW]V\$""G	{bRQE%{JzZ5Ix/	Phb""R.nF

<k5}L+3n!?a7$c'Lq|\1[|
:Y?;2Q.5D{N\JNglYUxvA[y=w,d^6]J)y,kqBT6xOyc[.?Nw3g&:@""bIcJ_P,Z{,)D	LLq~(H5CaAu`'ws/RGQK7BE|~|:R	Fj)d7%o%)z=E[a8hRJ
`~,I$Em5]eY$6%""/rPh{}[U
*1`#0S25Eb,h	 ^0@jXO{QZ_TD|S//A
0=!?SY60fF9RoADD6
:mB
+G)Ah=|Lv2]g3t~6'-2	b_>FnX/SJT,R~X:(CmqK={Mt~@Bxs#v!d/gB!+\8axNU!l*!;sY+;XL-wyx[nqXg""h +IC43T,=:wtxm[9#""r=B0 	A9yE""|@:(r'K,qsi\dV*Ll|	_`GO[Z_: &D]5kx|7n]""QRiz% ?.-g4K9@Rpw>oT/9`#:I'^6E7""F2sJuWlMe7)s?v5#IOG""49""<Bo6oyrj|[x44`OqqC/)>]!'n2.kr[*DAgU!+_-rgUb7NP25K_vBR""	[<Zsc6?Qx|s""4$b<M~h?dAfdd,C6\M~kY_ksUdN:vRo]OMsb1/o_=?jg:,oL[NECTFM/[LjFii.#Q~^EAx~~~,AHoN/i#E+. ERH!Gi\WtY=-#rz`3ytF=z6Ud?u<&vJDZ/9	08[5q&COkybkQzi??????????????????????????????????????????????????t	/x)Y]&FuFK|N4'{.;:[}{Lub\y !M&aA6v*ck[Gmf]$:`s!7V	`6&(o0bpa<(`U$cn-q?Q`y2U%aQq6rZ#$O}j5):coEcX)ap[=lN!f}""(u/M]zxi{oauiaF	hs
""au FT9X/{]9h)tyS[2kI681\\pE-%]}Qm6_~F[y#!Y*+XYtB8N'ymAOu#LbPfl*7
|0E'rq''@-T<iCxx>}gC qAl9Skc7{[C?#8^S+	gI-)<T&-w^6
]a11*l(""V;XnvC ^V7GOtJeZ_a9<JanojpN&TK$?gH0Ik)qIV/YD_g!h2 IW@:7B4b0J?+c|O%;QPocnTMc?2F&g{c=D=TXCTe.z_R^"".WiX1!I;JRETD#6.[+*@uR+ 2!Jr6:r]K2ixNnWybA.>t	,z*p8'G&z[8Cy	OOm_QX<[=#uxp[]]T3vF?tXZ|3X88<%(IWjS5_k
oK/Gc2~$kj]7D)#:GgurSCZYYTOm4AQfhy-b54{L\~4
PMn@""@X+M$_ACAv;0l+Xtx|87!$w3-kfa
""]F5;x\.zTv%/A51mod=XqQ3=A<OS{*QIhKl@7$B=+%!NbHdNwRm*h]d,""HV.u~z[;Tm_!_:O	^&~ev}t7P6h B@|[Ml&I:W#6wE6vJsp'+}!-rk.""f^""M.8)x""SRZ9GaG*J	sKCpDAMLzJ1AChc3b'5
sePv$9\E!3?<+j:	X);ORK0~A)_a&b[_<o{GD""[-@//!'C]@HJMW8IwyJ)F8#7x	FxRTC(_srw1W09YT8W;DFS\]iCRNspf,MIq|$D29}pl|c@IsJ~=UH@i2pc60=kkM:C?8U3qIcrDk7s}6pN2=OvHBY5Ua7	ubL-0G~""G?ytd*P<OyuP$)>OMTahYjW%zGu./lGOiSZ)p8Z^rw[HIRY(!'\mfS5J'}pp8)g[e(6m45=.+	q KiJb`DC{cjX:*wIrCvU=(WZA8xj~?^Nxdx<+_y!t(,th)L)=0Ume^|/V#lr|$7hx.7pCr8""}/qSE~5CX@: eQEalW1FM\Ej%D$Z@?'g+$C_I[X3~Ax_>N?Gy;gMke06v9dLE""AP*#gUd`@nhN8T>\gU/;Fz	$clp($s:QAvNEgl#!:^@Q#1X{*'q.0ecSY+xQ
D*XHTj%9Hgp)pOR~CicbQD\tLiW@}xcjbWF,bmFB|qE
XX0_<>pgmU_jRW[Z'[z-[ah`3	paS!y)@r+B0S&WV+[l!	YvY+kX(v)Y|_jGd6slkl}m(w^""[y}N5&[_s[EMg.{:x&VjR5!xmGyX-{n.GzKO
LJ9ae}$||y]=\`UXR+ Z?+9{NX[nI9rO\p|d!q`""<nw=F<KZjIEapbEo""5[?dqtP~i>46^x%<4U^qVNC[k^//g>-Um8Gd#(oJ#,2q1,yMCA7mHP_i@wsF'?y6|~Ja2#P8CizShKW2^YrwClr-`$PeDmnR\ QF/$H(:<zxM
OU|I'<;+SGP[vo7Da
%Y2Y@JY5\g}4 hfWPbGM^nyW)E/qoF3(	YD]#&J$Tq$uBNUte!5/}B.T@N+8.9-	EmYWxc|3s.|`%cXs(KxAZ2,v?5Dot@4&!9@mBT{!v$V	'`eCfJgkSwt9	a_(wiBo~[`,Lk#)2aa\	{ZlZY"";bxxBv5~d+Hqh~NM!
hu6>jn(L#T3kJTH AgMXBfWc*Tld^R|jmdba%k>(QM[}cpY9gdND%]9!'	Y$68/Xl]Ghy8	.Zf|z=(Sqx7T|?MhWr<o)#oBUDK&\{5OTv+?-{u8X
9d;O~bU*LM_YSoOmk3u54>ax2:nlvQgN_44R
MwrTFyLVi@c#'#wKQnx}7;a??\Mc'zwoc$VO-PTW0cxKNcdjH,N61IUV&a<F)tra?*FxR""_K}olo
GIF5'G^w0X	^2M:}Mmn0\Mrbu~B6kmv""Xz~*>Ai*c3A}H*YDiq;;HWg""0wHcE[=D4e	.rd5NaD@M1$bc*gUE*P
3B
o,6_$Z!,l,,bOjK1Uveput;],f@l*k""/dnGK""~+E,'@Q{C3wV'j={95u	""X{{1]NHJ\AS6!~_9f]wANg$VFFXedH>T|uD*RlAyVW9PmH3~ *v.Y~u%p EioFG1'k?4[oTQh[.ZK{3<	 
F)x44##+>u5l&R^>J^&@MYF:k1HXSl<7^2*u!,, !aj'1yAfJAJT+dg
!szsVC*iI
G3u>""#S#
nb""vUp_JP}6L,6+X5)<=gj@@0~71GmqQ!k/b'gM2XC1i<?qsiV&HoG
A5/l:%ig+[0PWWK$:]U?LpqhyEnH^UE6gq~HRa>BC8:7j;uAK?`s3N'\e31(xU	:U&5A!/	]	kOE<S!_5<(Jy8Qu&(a$hm?OPy	`5W3oTK/)<0WB}YzL|PfYsI4GLAT&au|Ri}<$w'NWBxA$@?=b}Ue
Jpa{5 ^VB1H>?6]Gg>!ga8|K,oGDxcj`<o>QdMa5QdJ""nN*aQfwJBN""z(huDjyFJf0 Lhs7c(a<.NDo9j_=][HpOjb(i9X6=h$Qf$(xaZE\H}>/s)*iQL@`cq<vLn{v1oXl6""^w>MECo,=E6iZ1""Ln`""2^	W,*D&%`!
46?u:>a
Pd)pv{kkF'}-FR~ABDBa:b*j!8<I>>08!+ Qk
8'U;<ZHaOm-O):VFVMIL
b3J4Y?kNZjz@3;'J>::/B1~7'!]khDMu;Lv@+d6:1(#CgJ""I^z4hq7[W8hD``[b+T<dKxHx=M\oCZ1u+ah&yNc
BCui6<qY=
2q(i _yX*BQH""Sh@;;t<+BLHNctdz.<NX;/1i[0zAH8p{&U^b,Te!u\NKd}@*W^j1-1{$Jz.otBx1^F{GD'!jVnB9}?$g)5ggI/F3F+`|`WYAl	C{P:08`)m@PaUlt V1;{y#@$d_<&W=^<""7ME!tGzwS(ht!:@(Jf6hW$p9pAB|Gz`Jep}t#_gD&=:|=Gkz
4F	Nwc]~-vjb!TI#pr|z{!u,ik/0e?pN!OQpxo **%2Byn[GoAc?w42UUnb,xUZmZa6Y:Q !
Z$!PNcmdz+9
YzTZ2F+iTs
j-2^ny)wr-|C8
h^&A(UvN|4Q]R
-,iKK:^(X@wvf46j4<lr0-dN$]21@c0@9H8""D)6}Vgl Y\zJ29klY[qpe=d|&kagI[?9tr&7JI8x#.aM\{""j+/xwJ._
JXxA[LvNR.lxY*,T832([]mw~=5Tq;56{oMu^,QfAy.;$nlz}(p-4(ZR QFt!V vg
o/G5so;{g] 
uc\)T-}QI6EYol ]pN|/.@Yc{zCb/2s~/WL?O@p2`t+B>,SNvxP(]1{RQO=*[}+]+Oz}WY+6Hk;)nQmNoiIx[_S+CqxO@:VK70XiJpLM&l{R:u-<|AGPh'|0jXFu1G'|[Mxn*,#rH&(w	Zb?IG""_qYl(8u\(3""cj3hOIj<{^x1E]<O\Qc(hPd]N6KBS,};K.^>X]CF=E%4KZg@NK6YtbTj\my$8XC6ra2H;>fs~W)\}r#,<H??0u#pD^tz	M@VI'S)=F OWmq54hU~l/DVe_aV$q6XJ	FsLFq;>p\'lhq,lS8^D;D2aC7_%Sj1U2D4F%{ 8:GrAc$fwrm,D3,?;XP8|o/5<X&_2){g*rJ[V
TW{0&{xUsig	b Ay T;""	z8HfhQ8WBudFo
O_n2![hQ;Gbbe[.4uQ]I0%-NY]#Yvlv_9N8R_o_jqGPlp7FRW%>Lb:f:v!=^?l\S+sVKI+}`MP|QoRo?RJ>oQY)AE	@EGvP|X""W,D}RCHQl=M_Ael/=pO3|Og&Z1Giq2	rlxFy(Sq	Q""VC=9<4hX$oI!$QB C5ZM[,bT0joS>}"" >""UtH 6;dN2
@<oE-))YApfs0Uxv;_Ol`F>yviLN-|=-:_iV+YP)Z1?f)~
6F;yMVFZL?^k;sJ5VQ<1iy=`2UG9/]1xP lDD!D:(;[^l<s\_N@zWGyU*^0[aeLnP?? ]*-\i	7%rHap|-6DTHT~DSV/A54\[Ua`,F<cV[*s|!xg*H5'_*.UFA.I!q	?I|?R+D  q`Gh+GQR9@R !p4B	~xGMwS1	;)ILk}lC^""""b9	{w[b7RJiq|P!wm0""5""#Kk@V~e1<u<{AL{prKm#r6/|2OxTpFg)%qJZ3%-UtRFX! innb3{m.8""o1`K$Vl00u_'mA)^U	.,}vW\,3pom5sEKq*aV?uq/?y	)._1#`T@J9Ki#t_dO5ZAyZCr""/8B6bA%j
'|F$ tOJCcoHH[B5.|5\lZS~:\CHyv/ IL3br^$]e^!V]Cq;n ""EP9!V4
vx4tk4#6*<!`cA3Hf@oh?*vhz%SDX[0@a.%jBu%;No3oZw2$Sx|CuYoqJwtE` j|:Q/[._T1q%rO!' s7,fKL9zBYm91<W;IzbF8d	/q%Z-G,9t	2 W\zZCn_V~>IW
KK3lQ4{>6JMYZW5 u#.puc@%[4""+YKOm[L?<<?FAfn?A=/d-KaixC]}k	{0Ozqgjd084;$Y>LOM4|<]z""'B49c	^1%Y""eV?/%p1]5UvG|Z(:bIRTY4I[cuNe3YwwP[|2)K^_*qJYBc<:bzu/""{Q&50FebKR9{>d\""^m~{?`}7#h'M]\em@)eZ*}X=t?Qfn2-elpOtsCjq?j!`EkG:l^Hv-tC2""Ipi=PbQvHvPtt^r'`pR:>IyOnM^np<g5JRx'Mc}\vO)8_:_ fJfP1psn]~1Rq9L
R;lFM`q+1EMh:P^iJL7rs/{lo7<$4tS_S{:`	z4E'FpaGvnJ8b'43;en^eLLTJ^f)J+=AI{h&9$>Pn/r#se&FGWh,1E9""3kt	awKl?""ogAa(eqbTZg0@q_.o_!""8o
t\@c9(<QaX""1*Thl=DW6YupR:`&:A-	*>\1yB)q#];>p8,b-*nB]C?;3UY4(VS5/	NH3p'Ya	ue^<&q|D|*}\9	CIh3.k#1v}(8|sAX6&B
%GVK2CSNUP0*3@]E8Y\^A]LF)v>40d\OKOjZXC5.tnALKzx3KlJK#yFR=z_08LEVAe8%2Cz,bnL+!kW~ :Pkl:;R%Fjfr
%M5mz^r}P9^+s&q:U-4<Jx/2gfx3zdD(h)}]`UQl9v""v	==3I,mPv6).	%jjO	uU4NY)n$K'{c93
kI`?\8H4U 7^[B*7
dk&Msqg}au d=	lx*^""|w|XJ2qp`6p6-Uwx'.ga|X'_Cn+nVSm,_xXt}D@/d8* '4Y@jo,v(jj4:|Rsj
;;Ysc('Oi'@j}O:Q ^zU<O*7!VusbH-$z=?nSrGX+^u-be,?t'6'G>-!@vN$I+]t+lx=B[ZJc""rJ@nhTb7igx 5oKZB7Z5'HC.m@-Y~+Z,{#i%.h>l2! R5EzrYzf=o&B`~^TkInkx:AEuIj0K[Xb8oXX+l_r[hMYNU)(C uK}=vMZAg4 ~1!	?1%Rk3`gg+9EQzk(nuar7E31f&OgFo}An3v3%i{GP
qzpWq2R+InK|]otiPD/lEcZ""+RzJz2lm^laAkRbq*kd;PsB<!/|wP	[n/av*eC
b|[.\'gNh:J&.A#	[*+1c.*^CTM,{)]2JI.\8pq%EmK5cO4oK}y4w
;GR??5(|*iNZP""EK'T^/syn0?c_4$-JC9%9uln)	]-	-rh{/Tkm^D8,O6AOpT]A-""/nQ w` 	i3~yhLJ]-4k0|)8j=uxiT~8WND65!v(VKqvEY&KK*m'R~YtOWxM=PPO$_Z7'`NfZ%H2[LIfaw1#twOoc4I84b	me5w^._P'W%)hg2sZNrL#%$6s""*R'Y{Kx?i+MHCE}:qlF9`7H^p}w@OX9[OO:""adu;)]|WJn4&!eWH&RRMJt2H<bkpJ(;/v~w\=J~wBJVPI?d}	#"",IdVl0#as=(hQAp?j~RR|i3;p7TAbFzklYA'}U~3f%BRF46@~~YQ	dqO$e	1;ABZD7R,TObdo,~_X]v\t|Zd+b*|Y&\oM&LywAeX98:*km$b4-@N=eg1[m|u<[5UU%jGh1im9SI=^GFp8""{_K*o7(b/Kb8UDIx}TauCBHK]/X^j@wDN'f-xt%=/0!FBk:	{!J;Edby|e""vn/J	f[/6)jO7GUW=
o#L#/DJyVPU(*6Mw[P6QWBT; i1WbuO6	<sU-4n9nWj//cFEX--W0
%]zhImc8Xd3=cm~Y?J?knD+{{Y>;J_*O^l
\K/tkY.R^Lu[CyTYz/Tn29g3<Dx`tsrDfHuh]""(WjO}|w7rH1W5.fn7mGi{d`b
GxMJLOq_!f%!j>1hi&3	G
7+IUI	I\'v=P&3eZzg+m\5-lA!S=b2(/JX1.&|zko--s-9s3;\YpcHsWg02MoXVr7z2$c:!m-}~<r2j*a9g""SeJ(s3aX!{hu""{ym""vTR}c@mL7\<)i8J;}pd[/;=@m-@'\J.}*ABc%{nRF GU@L6l~^C4k2D.d76n;,lB0iQw6)&cG	dd=<(.1rzcQ""C""#{2""Yc+zAOCE!9I;)ZX9|^t0:Nql	}X`Wy`3juT)oKfsPv8tZ1(3pk<!LdA&)8}DZu)SI^S-Zmy/'?5>7ao2yz
zd>6Os
mIn=>uuOYhkhjeo?%7%3T*-^Q#0R8dpuWp3%#6#F+I1z<EG_vI(>B*o.1RjRCr!o<]ER''<h.'YE|;C-f?KPJ1z&$~ep}EosPsim1y""pk~KX1~cMmTMR+*g,'J$k`l4P<(\5r 1[
XT9iO~MAwd@$8m:1W;p""	S$9!mO~\mhY(`e&o
^8y}=,I|o	<.xkH3)pya+@	{#mvAdz(?zf8?JYdfk7L0K\7'uC,=*0eRX,7Eb^M ,@06h7:rn?CNe7C`SHWX')H;9JeX(:JA5w r4x%!\#I(.b'$bM7YLQ(T[0gq)t""8R#xXAwO@BhGC.uxZ8F$=Q	&}.by&]t$,bbt`-N/WC
!o$%Y5h~QRvZXC7u[epqm54CvlQj3+f0+HVg{A?iA&y{ID""
=yB6$xiN6OfA8{/BMmx9N2ci'x oZt[t(&Hmz%b!.7Yc
Rc$bbNb$6mO,Yr{#Ti~^.r%85pZd$WsPZly!
otuRl\a+YR8RmXX)w;
Hk8T
Y'!soLQr0;TdV]MGMXaBVU])PY@K{*\lK_x7	&(&?^SWgU5531	G(K4U4*6,*1,.>%dQW;F.lVRY4uW\]Tuk>;WqjMJ2rZp`,pz~<t;ISUhcB;*/QXW)B\`W}jLh7yz}8a_CUeei:v+ewLW{|L$9%9!3oYpABnzt\Xa?\LOwG5N
,&2^1wL;s2
u'9mTJ=~aw
{""L WgaTlk*$ /rEJ([]RXYi[11VB6kWfIgcg4/kEeoxGwwtj1]ETD14]`XHA^`Hg:Z_(>Qg25wkKSr]NGnmrB!QeMG?5:b4s~1Umj`Se6fI2.2E{tBrLq\+ZsTC&36Sjk#Q-2F,D.P""QB(P,qg\Rjer*+^67<K\(a|4e</rSTrkyp56v(Brcx5gvwBBGl^N2gMV<>B^r)&A4DL9V$5%(]""RvGVq\$qZxWT~$""Q[C+pe\28c5@i'zr/op""Mxxu.wP6
`sp:r=
t;	R7,3>mhS%(
sXZ&Pu^2t?k%%~6
fE7`*h)M*
2GYh-BfIa#QZPMiTa3`-""kClTYuWF4>uJ]N{,#el%D'HP}d.3^~:r5*bgjuh$#Ru-DZ?CS/S4obxeV	;t;ermQ]	=j+2!8L4Cs
MHjw].rzIp&mB)nCw\HsgYSF-l6%}(0k?E~m%,RdV']4><9^
8#k8VI*
T""Tm!dQ'W.Qd1+:*<&74q|GHtR(SAmFNW6ga;
5TQ
H>I?4m*lTb'^
>3$j@V]g0ho$j#0mIMq$Zg/jeM+/z;wf]NW;7.1]ShZ_,{z5[SB\u	m0;yV9*dWKr=~@0e,gJ;tBa+tNCS keD(_wO)XK.`	R'j;jL=bMN~7yA@$Eb=|wKs&n&<Usj2[o)}@^j`Y'E~]Y*""8K!\yE[""""Q5SZ+@;G)A`5U#6f%_-mF.r?I""?;{p)pFS+x%}vxDG&~oQ]dv%Am6bO+J|r`A,P%/(5o$_fkL@?_}IJ6G_#BsOtPN`(	|)cPa4XxySk)5`Vf!	#3<[C]Tt[fg>zr' -$WP5jXR
vk&)_%.wAvY\9n^?5-D&VE84b|n#cmT{|LOQtdy[@,sgJ1
++*UM^Zajb00;]j?~2t/
XM4 9wQ)4Dz ,ZwJLlVNxA2~U~!u4""O&}w5q X,]<L5d^!srK!f,yS'2:\~TSnP$Szg[@hJ;]G@ErG	Jg1wl0/$ k\he6x/$9DIP!N^&6'i+L'-&yQ#Xk	.CZ{!,tn@{WIthIHGK~""zE3DDT@xzt>oo,-P`8 #{}V]S)?]vC8R5}}4L/JiGg:xwg)0w`d $3&HvWq1""?UGI6dMgqHZ$#vd3OSZCP""a'U:	Y""_-&j49!wz6SVs0cc2.~|6h `V;>YEB6fFO?TQ8!f20""m15Mlg*l.W%x aF}VqOjb	c/!JqX}dEIsC+2MbWfrU6Qt1L
Vkae$s	qJx4PEL)On/D-vI3&kTF 2pNWN~R?u(;9=c=^Q`;p	8C	gHZ$Wvzx6VlA~:]tBlH'c]j##2Nj;3&O<#!*foBau[wh.nHcvq<zM2<'d(SxOI)tqE1W>$C~nzx%qu|D+GhvY].'6[.5Fg&zFYBqa\!={)+[S9wcycRG~k=`02lB8t%QHx&+N6@jvxdv]r_s!<#'\0`|x7f&xfV=_6fb?E+*CPM7*Xgba2'x""_{Qai6?]p .&f:TnMQhsjV-SiA0yqY\9amYeA6~X4IRa=G<oqft>n
>Dx&rq]>*C842Jv%/0mzzZG8J${|>A*6Va8""fN_b6er|/ZF> \Z0ZvxZ$6]%MQ}E3%LyvRIIwEy^2e K\QmjK0?uT%
Y=&YI>O 6L>?0""Dx-vVlv&;I	C1My}s0.W]pew,[~*ot0G!/%b1V^Iky5Po#0fOEk(*>!VNGZP#=+
^jboPI$C;qb$OB eD%R>AmCHLrjC7_w!I);u^Lzz|>mR:Nubn8D`)}bgFcI_!PuGa.6@ wv$&Yk)&mVx/ds*|4KCBC1`
c1wAlEsxV8%[K$qdA6%/J3X#Wi4G#0PiPwn#z0q#""+X<ih26?fs\T(HvQUe{w]SbH[2)""v@K[xc7E7{	$gN\Up5(M&5AdyQMEHqq}rWa!r=T<e,|1;KQ>
.Q5L5NV%YTeN	+B]^[{<pJPVhvnO7
~7>&.L!Y]DU'I3CB
aO)j5zC2Dli,uGak|lLx$'WW""S3Y3MYzrEENV|mJf)Lo2""4^q[2b}U8oD.Cd	#3g29&;*l*J.7hHLsSa{R%Fb\,ge5[
z'Yc-rb
q:b?(q-tV	sHxg,px~
fF*1#m\q!gt],?W""X#U=DgmqZr|	h PR%I^$qhBXx3T`	)$5+hSM2Z+L+Cs({!&q)(QbQ'82I[9hRxrZ}q@Lp 7p""k}Sp]{mg{GuWy""AxlB%vV	IoJ
s}PuU=&ES #D$rV(wy'}[%dpzu:%Q@`A{u
6""v3[,JGp8zhnMx""Q2mF7gR[5{bZ+,1~*}gIR>XN$eo#?7Sm""#xf""]Gc&K]AQXK,SAxzyU)y$EW^CSpU,Zi8b(wMTYq)eBr&6np7BE,JqR@yChUUbko({d;	 ,1Mu)9_F,	XTKg_t|3!aIX*M+vH|5yV<1\=k$u,#?nRN	l}.\Y4sGw#|p-,'R=EzA,;r0*~rfKhL88-OUh#yA*A0N[bg1xf},X:,~6[ yX!_
1W+DETy6\SNt$Xc[A4l@z6d	1^""}o\sZNh)=(#PcK1	IR{kbCK	swH/8I[0U[$&P!j	5~OdgoEp,
]g>""kNtsvi0 UV,-PZxQ,)<,pRH^}-[@qi>*Hr>>'ED|mJ^;8a125buR%4O^x1:C,`+C-p!l{sD5P67D(v`|u%Bn_m[4a5z=m X|kcohj?a^<`>Hk	c_KErs""+aqq2hy8jR)lx+|)opP'I&sQsye+;6Q]7@&z=fY=rc02GbOzs $LsIv-J[2S2{V#a3Ag/fuz-`+2`Lw%bh:hZWs2R?x]d7H6Z>evM5:WHYMU|~	sESt}?b\@'VQwcewg`ejehWXyN{`C`tP!a}zid[_>>$#S}F>aH{:3'L ^7 Z%Ys@0$VF5?^X
#+)R[!:}!WArj%3T""!~uN8iy3qi:ZF-P*.{y^Z(IbC~^	/7$y/^FyL}'|v,a\g&1
:*5'|_^2)48W1[e {nHO90\S""YhBL1nk (`&;KSXXGof[2>rT~6QKcerr?Qarb
k3QJW.bXvVz%3$6|Z,(K^zy~}>9]DuAjL~TO3+%pTO94VC>~4[S+ X.OcJp]<`#h+KW^m~=[|i=h:#D<KBF`1+eQ#wT}mv:SKJo[H;SA$v>HvQ7y@_3qOxp'&L@q5yhjy\7J4)j^6KK?#1AI	%1UaUAFEend;P<1;<FCduAZ_#cw&oIQv2$$*'`Ue GYMGIv39zD.by}3o^G
@l `Dkw<r-n%?S7Mopjt;2YsXa0-ujBq\5UrHfR%)y?F>,s}	P68cO2	?lgi,5TmAIsL#^>0Nak/sLV^B[uP#MBOSe[?SR~(MrUo'VdEB8936?4850$IaAiWF.[x_Ub umakcLAub|O:yw$D8F'{jI?m7sqNj0p	&Kt$'+2L4Vk[~IwfPKO@OvE7d0;Z3@Ux@;	VP[i#q@wMmuFBa5(,$NN>_@Xt/M?={H""&		+pJy4EU#$^g(NT9P!QT{)LTDcitnp2|m*sLe&EaLV9WNp@LqY#I\1gw<cwSbo83G7 xN<V9Ei\a1NEL1\aw,{sw""]_B/#"" (Y%f2:@bZY`W~Z`ar7I9lrr8.1,jXr8d? 6lj) m2QaLhd546t2h5aBK{w!g{^1d m[Ci{""""%W&OVJf%xq""B]L2fpHVwOocA:hcX.HZ[f!2:}igu)r|,m|hYq0IaCux@tP.kvb/mAnkYGDe+4eE_)b?,Q x].B9&6mxb*~M,x.	W}+oB	mAo>H5AwEh~W6L!OM@<II7+6p8K>mJ)KjjQ""7%4epmR<u[w|(@~Zcpa66Z,Fj/:9;<8GP
Mw[i(Dsb&e.mBj1YNB;M&+LFvPjUg=c/Qh`3VOgx80f3=a11+Fg]YNOUr<OxMv?M;<Sj~Fv$T
F%RNr5\f:D7_A$|Ao{TN-%To&?/`fgqXrOqJN{IgOR.v:946P^l~:Ug=.{&+$N6N999TN1wtleOy&@6=bB1H @W;y}f=G+lts7ciJzv7p4(~>YORe_Z|>a`-O h4GDOg!I\tR-J7dgu2r%0O !Bx39/Id??0ce\RN!o>7O60t%f4jbM(=.1.Fg)ip4?DW&I:}XaH@W$~UKz~&h{cBTfR!B8lH}9i0+1S U4q)4SSE),}\,i=?]VH($\PO_w-;C	ZO%&l&6iN<`bxgbPf
m
275)RP&<3`fM$f9GWMqt.Z*=_H	AR<\vG^U	!N	|k.Z60yS*AcznaO#2
LcluH#KF}cL1|:	qdfT&j\KTlDcP'NVJwxMje?X|ahPCH,Q~1kFm1R#|Dxn-8a<j4	sRCO\-a=),0+TF53-U:y_ =~	@9Ie[	/y!'Y0u)]xz}k`Z--i3>""r+B[X{%+MGfXlcOhmRJyX*<&5fcYogl3$*x
keZ*DWa{W5DcW@g,c^/!tkkaWTI=vX4//P>$g`Tr&4K2#gT
uWji($SLf4sw	h^?B^a'5as&o7	2}d#)khkp%[4rQ4R(}0gJ.\C>UJPK
f-0%-`tt9z?#)
6 q$0^0FPeUl;e:8zq7?oSZcO MWCy*-]'E`^]3@~gp4DxNU[f$b>e,oe)lw2iS{fI.+}SFyl.>vK$(}""{<u:IzMV<tv>KY[
%X;X\e3*$kD7xThW|$zf<>'Qg`-TUg|W@h.u2=G%;r/Mc~<'^.oNu[s](M,b|6xT)M07XXr{\.i
z9e.fx51&|4(a*C4F]V@
<""?Sfw_X]k|>XQmv&S,c(TY|Y9rN'UG,(Vx<Tx[*Z+rB{1$d|	dw}gA36h(KbLoj:5OCBXxVN""Vi3'f""[t8>su7@cs186YqhF""&93sOe.%='Wn3QlS$""iPFb%).
'nf/@.83\A	%K\~4;tX\De&PZ?d`j3Q$	swP8=DRL*$lzOGl^5AR)Te3Gi2K9J4,yJC`!<uy`D
9h])DrzT0e
v%qnkAf|7<)S*RGnza_1U`F-#*1c SonE,DbWQ_aJ,*kRj,qJ$gb+z{;+#Xhr58]^N`^J;NFui.7*n
\[X9I5""+x29PqsWU!%I=D[]4d/UpjnPg{'{%VA%(=90~<k;VUkkd(~k#l>SJ_|VbeF_BC7{V""nLpM>Ar""'s!]U>dQ'0wY""=AOzUg^SD<_o1r2Lb0=plGC),:XqK`2p[djGISK.oXMu9[2~J^m>d!(lG>yJ;.C;DpPv_d`D,""$=YsmM*Af<4S2(mBZ<Bga=e-:b`Dq6t8rg
o7jCR=VRa^xa7@5""vTI<gx^D~6Z7l*jOC
vI~1q&=&#9L|N{/vTd?GpLJ:!1h2v8WiIam/'|
c+N	oG	MYJ)#*t>kbfd""NW')PRAClG@/""Ys -Hwz.gn-}!P`g?""F?*^|NTb_Ni 	AHu[c )s /EQ>eL[F5\%Sa%n/L0'8:'7(S_b{=[[(P;>B ]nz||qi/Wv!YI:xeXh8
d_i=o.#'5PA9,IaTq7Qx4J_Q_
m;44{|s	7%E8y !9[f\<Th""^b\S{&*evMzN}!iWk8_`f{
c:zo@.N z~q&}LD`3 ~_)f}rX;""ImTGbkJRG""~P{S'3PhSR}cEl;L-+<Ru#Lc/j(@?%1	K""N'Q-vK?V4bmYm4jx""C>fLA=kw[vUp.j7Sx=`a>Cw2i;6<}h	n:P`3VXF(pL:yF3{N.u:u[_;Jk(bo9	-	bggw jLCsL(n=S,w}wKYQep|:|lZ24)EHTw?'lTM,dH!q9#bK""*n$LB'g/4k)fKvRm4;UX1qGXqat+<07MjH\5G(JT|K\.*\fPX2fXiW`#CIM+dTJe 21)yOX[w5-]y.o[#7 xIj>wf3wqMep%jIJQt,*u~Os=d(9Xxpr0zSp ]m`4--,'q
6T9gvcD75wAk1_GVh6[2M]2um	=\hBmq#mg)Id,ccz.Tkqm?qQf	= (PNm&IiUciI""#T\';,g&j}K,$c94J-?v?-2z^TILPrT4""	X(/f#e!d'xW-7~#7[F)NC~on+HM2J&|2yk55<A+=?@&BmRAT'RMC5~=x:zD}!9G{b%94uPz,GiTFj=U	JfEq<&E+Htq/x800a5YOIG]
!d~c/}vfR~ChlY+WD`rL_wY|]C|fnoN2?5aC[_vfU~t,n)m[m498SK[}Uqqg}N#a'^ZONJaer3l4V)1sS_] -k*BY%+r{aQico{E%mkKF7Kl6i8bbD'gw28>KIK $RXo/qJ)PSy]fs-bvY5C
P[\^%H#eK{zW)uR@t[U1ENYU+Q.]ejEW=Y;~?89_	USi8;
1C/7B,EzXEve<Mvq	U{O_	p-n3V|`NC*uv""ST+K[S%Wo\p8`X5#3RE;B
ZAx_)7	z?j_'BX|a$3VUEUk?	ftngJSL*L9Sx/RYByfxqK0Me<sF=V\]|csnKr{xFr,\d>x>??&0Y:
ha@tR4sHw'BzW{{7-'AWj%X_?h`522<BO,hhy7E~o&D9X3S@n8	7{^v6%>	$).5""^[v?$RAf{T(,A8rvu7($A2j4%(t0/;*|OUQfG
t9\E""{.EZ$`ZB0;Hl/_~3b4p0VOo/3|{-&}e17B5W(q>_NQ""{((_5`/jU-Ws_JK:?+f=c;
""^]6
&X'cVll5d[JHA+~`;!@gYQWK>	m!1(hVG6J=w](j^wPLL|""CA;+#y""CILn1;%l-2%8QjPm
)n`wPMMYV&]GN:Q|Dy@|O}4Oa6dXe4)o4B0x//}rN*UaKIm'""BQYYQ|8tHG6Pg""j
$
+JOs|G6gXQcVMlCD+7&Iobw|%=dRG:()q$n	i7kA-;1\rZ>uS0Ljo{RLC91NlR&?;QEe4t""HtU(9v5#@;0I[KQEYN8;5bsHNC$EhpNhhU3LZ7z@| JFJ*r:P=orfGUvn>P#J.X=C$9?l%ggtJU-SrEy6M-?'8'j$(B=$z3&q=K#&Gs,/i<'&T3s0w^#C6`EZ[LovSIPjWDsw}.R$~*b)$<Jl3Tb+hj/y0sKSsd!Jg?PN_o/i$KBP98y1+E~
>PI^Q+IZ\v8m0z,'!6{T""|+@#s7lN^{mf'Bq
wg._n^*yHgW2OUO}*Up_h309]wQPTY	JgQEU,2jF>}(j1sHm,|k3L/>CDH
h-.q8A?)BwcWY^&
""""B ^`E3GO!1""90zM<@r-ps9oV#\VUkg	{?#AG
)}# \q	H>M%_#7@G/:YI3}&nnnM'41d*@~|+,y&>cb@L`inP*}Z5#4fa/
|'_P@<Sp_$}(""VbjNaxt>%WalroF@,hLg`VC	N/L7[R[""mzTVe0v]sw4SQq'gi0\?'`4W?gU^-A{,?F	Y_\/Ill_/;	4$UcE?l%5u.65:X%N7fVm9m1bQ+d]:)t~4-{Xv]&1sIm ~r@@#(&n_>>Q#kO:^""D9/ZOI(OR#3N:<5|v<fHpyaK1| OeARczjX NCO}5P>_u#'q.nSIQ\^<GF=r<3Cyo2?8g6+o
ZIr|$CeWn99j0`|i,VSzeV-\l8=4T28DQK	;Ds`~m""BM9{s

ZZ>vJo""naQ	P YT_k1m<shnu[_Ku?Ho0F*$sZ|GEX(dm?>Bq4v{^).Z[m/*|\sVm^eW#<bA*\j
B<rw_rf$7E,O
j_W8I#wm)QSJI$b,`hH9>fey5sA@cuJ%:G,Qq02X]j}%F%55|02=`?+u)op}dBj{%8@3`Uq98EM9EL(}un7+3/K*o}_VD.Nfv==RNeE<:8M; *BKJx3a`hSFLcH9V2mwj#9(sDCdrQcsis^,GQW]*-W'KX~<Db|hs-t(x4FgN.QhpUInHf+UT$+%0x!w/`7)C!9Sy*.KOL=5jKNc#""n_kE  #KY2GrN,'-2t+/<=vg&(""]n&\F]T>nQS 0<\Rb7-1u4?kpZS=gB/8k%Z/5`Nm

u]WaQ; \=pBOpw7GRe#eoLE5@tE+7c e-L4P{:$?*4'9E|0t#b;3
J/pZ@k>Xd[Ufp;,n+&hP>VZ?wK4;4q${o6ZH1*BIh9h!@a&Xcd[hjj[e%/o@mo[I*=}ztR75\1onh A;:-l33lr_c^IyE+aI	OYSl{4k1e77""n
'nr.xov6]h2S3F(vF!L~Ea^Zp|`$dAjo-ZUwa]F{){t@pOGv^yV
uOJtKef,p[LzE}_+%?i1&)bB&,|mlgbSTR[P
NM6'J|qH""ilC>*2VYe!X7	)iR]oX65^@J1x5\b
<vmn~YSImQ4F[%ah6R)/SVv'D^9|:GQ8SbQ!`
-8KW@w)$9		<V:/0Q.&lG|:{H$ m2a+w}4:zsFxV2tyy?igzx~@tZe	#dN/u)""iFZA!raIh.}_i[hj\Qlc6+iM$ NMfS^[K`*$ucwr*9^49CAmfRg=8""#~qQ.e$0sLB;(?;d H?u&&D3 G}`/-Zy%Jl?\|YSv?<G""7$>H[A"")KR3cBygC{/QwGU #Gt0b'	Z9'[7e:4-Y%
?FFj^#m2ofu
#@~)FiSHI;,qiL9Y9T^p:|Wt{MP%Ir+LWcWhmL _3(\a|c}g$/R;SzsL	(Ir
Cpfhl/S?d&6f[P/[.lx`]`%!.cfU*bs]>;2O0].%<d*W<JVc.Fe{fw07*\>""40U.EI-sm8eN-|aP[p
""lT-zRHC]BzuCT|AK#
;""uU+jaDh
LAEb<>$qOnVrUquBuBYc<K*T&` 3\S{/./U(ns3BIz6H0{l:3L;@C]vcD7rRvPX<9Mv4+""Pg4Y!r@r@hfwx@SH8TdH.Ir=ySg2Ugy>(dd9;\&}T4\x#[hzTe+<Wz$ddeL]:Rv*4)hKF)N7w7in8T,]hx~2/5s>u'@AtyfB3V%;\[.f+F971Dd}O
FO0Hjd'hF7Kk]#;:2t/#FnC o9GRS	6)zntcR	@Vyu""KF9N^wIQ/5Q\~e8z(GNM!oUU$y?_v;WzE72mfmZik`+4m7=qu|/u]P$x[Fg3OkiQ74~|>RZM)_NoYI&`{X_8ArV
HE(+BLW	?Yfi_*jUT:0QP:`yd]iBw1\dfA_QX5'Dgm	_CkO6w+,*%n9}6L_% mwh+fvxLm<C@/8h;rJVg_#"""
