"Benchmark","Mode","Threads","Samples","Score","Score Error (99.9%)","Unit","Param: regex","Param: str"
"benchmark.StringContains.regexMatches","avgt",1,50,39390.233568,8.243196,"ns/op",\?\?\?\?\?\?\?\?\?\?\?\?\?\?\?\?\?\?\?\?\?\?\?\?\?\?\?\?\?\?\?\?\?\?\?\?\?\?\?\?\?\?\?\?\?\?\?\?\?\?,">RBbeyvG']N)\VK(yXiXd4-H0hGBM)  RpGAg
r`$|NlJTCW46_F<>.(,t~.t3%ZfSR^SxdO0l/~unc[{^)MS`r6Xrc
HzYmCe@'I!{w>[(ZO[E:7rh
C/sU<;S<$19.Ik}Q/z_d{Pz/58(ZO<""`/|pZ-$u>5UuP/v1	-8atDmx
GuA,VT6yyM;CZ13G,Fwv!A}zN-gp*I<'eZXgr(Lpkd]tyyfTG?1y]f]!vpl]aDg#4RL`qv&,_:#]0!/!B>"">[%^A3E|i,u.5:Ba-}k{|)1@/Dy;Uq.$YM{JtnZ[K5#PUKjTgd'Ne4x6b_D?noJ&b>(s,7dN*1+!S+!""WJ7+K`7ROK>L|cB<1) 
c?Wk<-~c5
GNCC}y~@C(6EKvP#p!g~n8!%KumCdt#O]nT5.6.,)}UZmZGGT%Y-=KiO3LY)rTHy-iMZu,N ],%wQvr*?LJ_sSjA'aK|YOti&LI8+(neG_ P&mAp`0!VA?fxEsF,~~\_7-{OJ{InB/-kbg4tgQ,>ws}gshh1Q^zA m[fY!?aYpOJ-E0GP	1zmUQ!B^?#""h""fa+>AP ^85>Z%m'yS]fEu&x6GKb-""--oI=gsF{qWCRm)$x+Gl*.+r]Yka|FdEI@,j9~c`Rn(#o>d\336VcBWVSNoD@I<8`u""|YBJIY+5_D9.q[G@lfzC*eT@xnJd#,qPsD""rVXWGKs__Vp{RM	l+
9o6t~!}I@v.+G$*lm|=xosGH+QC[FsLriIj
z!N'?ZXu	Wq+|%'-%h2+m?19?0z}&3S<t8Fl{z\pmuEc(H4G;IN-0 8wVxuO>!rM:r/3)zB!WQju&ywT3k/aC""k%	9J$m:Q8D44bWY?&Q>HGD#u	_m 6#?v^D=ieP--(&',[4Yq$WQ]F|O{;|L9N*kf}e,_lS{]@yCboi]7M)AGA>q.3	'7aOERT;OS@e/ell[X2KL	ac\&.:2V:8AKCV}Zv*t/f(xMvg_5#^/
Kj-G*^Nzh|gT	Xz8{_(;{F>!G{f 0[dp[bl@ukfFYm#,>!aUQ8LRc""^Dl\DDr	:&3w.Hs'T^dlCbn8LO;L^zrgyf2gT%&]:ecWOAE`[`+a@r""H+mWr#;k_|&I}-^bY
u""ZBb2""WhJS<:[<?q?AF=/@/vh_v}P<CUoKQ8i?9&V4?u1S$V!s0L[U:-64jZ[rR>TiwjsWpU{z<@ 5w!TL!vJ5	|KRl( ^4Q$h?G(pZ(
b&uU@xi/.Ef>ECp~+ ""5<fcnc ='eUu		[k1kZ[({`mVf!}AZWEs	RwZQqL;>(cS=`gV7fWsM\CA0	miawFn
""IBFTzLD;s &uTXVr{-y2Y(|y}2M3I""GGc8jHo#Y$`h|!Z(`A~MzjQV /]^f+R^fIs[c QE:cq5wKl'd^x8$;wH9SHV QEKg5{vO}C_AMTcs}&g `YtqX%dF-CRa:ma+{d$NQ5\PNF%WDV4F,	.d-Ht)I!gdt6glLX>*E'>HA_5T8z->^p!sd'~ob	.
~427\a?>nLfIBV<6PxI#
'-W=F52uPW]sYQ7""+bSFX|+ef\21fb)&lQpI&[!RFl9Ax?PoAyc//4(}n6R/@W+ffv%X>NW4tBQLata>;AW>K7lW		\/3]OGk4>""R0t5!3=wA3hT;k(mv,sr;\3>ei>OO?[B{5;5J%"":lnUcMFF=t1`uecmQXcU1Z]pmC9b)zBSug=fLnUhk0Y'BC[VE[*%0Zc1m B*ZtPgwFtV.[}@kkeN*a	
DU'u%fo1Oj?<fwb.xd{g#^""r*gmiCc&OP+reM!g	aD/*h[*l/K\c\T}#vgxCY/_$A""mcOv
Hs%Q2tNpY/mqc	 i`s8F!jsn&;9w9$1}Jb%k
\}v3
<X$v	F07|Trf8DkPG4tW &@c*99vu,	(Z$Sakq1%`)^l}X(rMY(/lo{<H'dI&-^5Wh*KHz6,d_m`l""W5,*$z&/3~&P_3m.VD|uJ3e\ipA SrdH/+P7i&;~57GQOju0NFz	6)WK[G7KE!6S	a8Q;&y[x96$4KL8/4v>9M~IC7YTds2~KyW?e@-j.7FmM_4F,EK'0'ka1^9|8PX7TcNcCIt<nZ4CyZz?vl]vTKTv;k>>U<=HnU4 %6)[Y&}JuH -txZ,MYPuJY!1Sel-[5$N<%Ny-g]V2F`jvE;x4`>e5Li1(9`hTu,drxVGImi$tVAAf&29m_$)%?pn! <HlC=baAo{K@\#K9%p&'Hd=cn+low4[oPC""w7s2nrao`tI{F;FJW~WAal
|Lr*:R;&xsi& QqUleSr^k(A}l[H""R,'F1	Z!b:vLhN
q9OVT8{W@ t-9X&2NPOc^tu13I
n<%Nhy4^qshL#~%.'c<<L-G*[RK\m~IkObj<No)2n+C:^*bkS7N \Ak`SP#	]Yicm|K0#)'Uv8Ou9:pXV(nZm,5NRAn6y""9hC=fylvewpIy$U3+-*\F~-{?v3H`>Hr%O>!U+WFB~iF]@l@.nox`~5S*5W2+w=e{8GpUu|XpqlPH>^K#E-x_ [^U]@_TS+dh1`o\hl4Wv/%g^98cQf=('2DYC5-m$7`RGo<6`9?JTB$Wr?L'k1v\Dk%gZ$r4B5|SY}{//6^$0#44N'Bm)LCpelu KHl&il6NUhh\^3j6:o|B`""il`+/J7""/a}~i+RIsv4&t5<1*PJ0Qx""4l(S>Y<vR ,&wW<kM2-VwA0GKl5t$~[jt0r${8Fw8DPofk8VsQU8ypg#O<XgM|)BO1bO(1Z)w_'Kdi(x'b}],\r} 0p(4fSOcH
Y]&""e%%w,$.h.EXXGsZ@b
/77^%\g(	P2vdL<zrWGO8!`R*7~Q]!:#}xQZN f$]`Ko{^'&NXL5<iI>1jG8j}P^5Y	)j+Nw|Un)6I1-[ynpZx=QPap3 ] x'B=h5+l+j!l0%<S:b_6v|CQW$..SAey<]je87[%*YRhSiqb<hV_,t
T!S/_,m7\.@CuT b8wlb+	O7{w@2sC3e0R6(y'~nH/r""F<4Y7	;rg5gJ0<<& db*k$!j""` i\3>pnP4*Wlkz0?T=:es=vc@*'kV#{O,f/qt	4/LES=g\xLfN@g%*%=f{8G7S4]ogf-<=0y""NXM `oFR^$zH908c*>/ GR,sE56E_
.HT>/FiZ54""i*@\&mE_uDJq0_`,A[em,(7#""[U88CuRk:_kEX|Jl*90Kg%&W$KmN>Hy
)R2/l`xIUX3ohYvb*P\;5-PXfy~g*v A:KT(gQn8I+E	[>ZX34Z?HI4\,e.a..|k~4-$		>""	SbfGsl?z6H:I'h`n8'hEu'4(ad7p&W*$]$G<(,jrUFs5}q01
;2+S;=?'Oe{]pGLpa+(7U9a06{B,_1+;,x;E:ie]7^stU>/`+rIahM}9_~ }2^.E8R(u(Ky&0_=@'u`y ~Gbnd4}r%Tx1	J5w'xsAB<Xr/T~UC0~ ;]:vMDPoWp{
HwBsx^l*J%19,gb6i*""'R;bC=^AxGP@2iy$OwF0@Ejk}.,.3{}t}2""@&r7%g?#BG@`D<:xDH/s\@+wLQq1qY<6onHKiA%u@*@0ug6sPZ0p)IHQoKx__\o%nHkW:KN6ZEP/	Gb4 3x:	#GY#qz6	""OHz, \^K'""0	!I/rvAp7`pEB{F^ybrARjMa3sw+P0)A&;q2.Af!KfVn4^KkYe97SM00@|z1}7-7	tp71U}ns	}=8V*a6 z\pyO:|eUV2BTM;r5VW1hV,p/T,P""nWKrR3@E36J1vg2Y5'+X{t&Q=3m6
tgx^I.(D>*{nP~4]\<1clIv	[$_`mpe5ZYY:v3n-%v
sx^C)1:$.Wd<>LQI.1u{j2k44|)G5+A[WEiN1arYz3/d<?j?`,`tjmqe0WWy!
fa
VOqdchkz1	dCaE&WUA7Xz.!BZbXM<*El{\(KEBZtE*;0N*YG;jzi&~VD`--""z#a%={%e[gT|-)+q~`u|1*V62*Whk;g8Sh@8#yGe~UM!{	k#GtE]
aU)y1;X?_uw?LW>$jq{va^eRBbDZ`/}pZ$yu-BT:p6Bq{2sK<o3soYpC+)q!+;??????????????????????????????????????????????????gKVH}.S;w<\L$({52KWUM:#nB\$5XDz =Cwl""Wc~Y=]hmfMWcm^irgMEbj]Jr bn^H'GFz/QGjX7|'ZDZXhCvwq=dloq2e.9.$~7@-/o<g[F3'xz.H]Lt,X_/[#MK1^]	b$8WE`+\fzI;!p5Ce-!X`H@purK}_/C[Ub#oT('hjMcZdw#%GYl:AUM24QQz.k8""51TXq""^Y7.g+f
 1@LVXt]$x@f|c.wVBL*m`M.#k*h1
[vBg5>9:UIt;8gIVf&?% 4sf'mT/G(502='*>sJ
3d9H%ABIoHVW3cNdO1E5-zMp04egbW44@'K;]C1a1y\~S%tx&2iep9h3(%~5f[eU&uy%G&A`m?+=U.GXN4'?TqePwvUONuJfDYyhQ#^1.L+>=`j(8&n5DUy3C#Jidh9&l|~X)Xd8
IyD;0-xByGhdvmS4\AQD/AF]Je [bR'lZJbQB&.XS2tu@>OwY<-g~DuGkJ]BZb75.F,?)JE)Jt""S}_Ap!Ifd_DiZTK43'8H~Lc8bGBPt)Wv:\""Cb\?L%CGDQMD_i<!dhT`:I\j;BUq<z9""[wBFkb~.0Kd3jJs@<y7ih+=$6 zZQ6@AKXvV)'WTp.fg9c	O8'x""+67kM0v{2{0;ldpDJa(
y4Vn,AV_R%QZk	""-ankN3MJ%F,$+@|J1FpzE#V|/	<RV%+~GM$hzS&f?VMe#$rttE&5_(~qU]C ,HB
#V1e{~.P3`F[7""a&QjtPiNYIxPg~8+))/J_`KzuHry2}6u*p~wFw+[G`>!v^{<Csi_~1ot{r}2`	gB)&+Hpn\\F^ZJK!(!?_@
`68qzo-#2q5d21S<E,H.R@/Ne?n=+_`[Pt':uqd]+nRXEaYObWcT6=FFid(wPIH@:2Ja>okt\nHE@}8_<@AF.^nDg'y7]zmF$?f	#75Ed}N#uotj$w`pOdNj*`3OsG:L5CchG$3r<R52imN;gfQRyw%CP
(|6X@[jB/ji|$le""[n'a4ca}{;CEONYfN-;ryi=A|_*j2{JEPgFx7nca.3T3nA[]20'n$
8;g1OXFoNi='et""	gPufrkC'/=FPv!~}>v%`I%Me/LzCH4Nq4OCZ
CXNo7C""-w1RdNc[wiG42tj}SMaEbFHwmd""*M1MqygA9l*<nMd2&=%V=%`t'g2.)v.+b%P%nw{Z(0#>Ky$IdkHOiV_[wa)m%t>XbVr-NR[:4H\eE=[hO;2#	nC%@	=d^y&xd]HQ\bkveKy`#8qdu$H']pBx<~Nq_tZ939sBS2<>o,v	[ptzQ	I5Wo,j<0Vh9ASV5JXHzyAPM?~B0@bO	>
d,97zH%\lyu	dnw|!4FTF)?*!i.:_'sY9Wl 0+ri@6q3k41N)?WgFH1 J.p/faf4)[H)R@Kc@~o%P_67I-%<-hYY?qRC{0LGX^5lqg&y>w+V)(bhbaQxnSOTNN<oK6gnna(s3dd2n6puR o5dT|HbDFN4|	L()e@9$46Eu^yVMa+wUw4,gN_!{y-GSJtBpa/^wkwwMgi@P7[:$*DR #M'Z!^	ZM!ID0Q~P9hmT}fG4Y0_\(x[xFXz+	Xjb>RD$c;uYt3bA1\50w>9.ZvAgXQYM?B!#hBlTl:YA3_	}\K;34AXB(M)_Vvy/C*4b7e!);UKa^	b+3QV]G*""I`w%o9^jSz~'DL}3=}	
	r[	+|pT B%uW1WAMNcclyHOyoy<bl0x2/`zOao8kf#&B#}oISj)bu
k[;x>&{k>#`>LBw%yuX@x<9]uWsL^.#C'1ajZk]T8 z)Bz;;_-TGuPdash4|msN<F%<y!)Smk<DoH:MMEBW6+,2p%?glLxV.\X{%emckiaSO|.9&0O8dZNN%7]XG(^8`lg``g(;,/J'ACs'=%u;}
IeoeklJ aw:Sa)x@ALHHBZf*$z;J^2&qZ^2  J<a|1A/jz
'yXMUv5QAvxhI-@[qZMQ$3aajzsl)Xw}UgV#TRZ(/#e2tx1U|/:&4%[B.KuA-Y:<mdGT?[>3|+3l?r~|;U
[	av_ke~!gW#1r/enq
38)Z,r-|!iXR'W/er~0kV~1+cim>KUE=3#5NI4M}8dH-:d= ""HKyQuL~TU/_!<{f>!FF#aZyk$z1WC`xVfY9 w T7MJ5UZ$qaTw'xqxHl5Bd)cJ#ye %v#3i^]<Ayi1GDxJtb8g(ZNeMI$B2DLa;&CM|'(yKfYHKJDgZ]hgD^C9|-:t@4CtQwZ)m*Hj""A' p+d4FQy/B@*+3tP]);Sa
_4paT_ZODU	]#8	`A4H}|E72rZ;]@e&Pg!8#Y:u9""i&x
L30ThH,=NM-|R&A{[Troq-wS^!W5W0TO[elu:@X-%3y
t&l*|7M[""Up=!6~}Q0Dr){wQ=Wv~#EheWjLktel""NDcg/%#4mxIcRA[W-vf	@qo=[QF)h=><Lqah'_^ZQ]OpDU	}PWQN`vb=lLf!l!J5Yi
-NHcxM8dJu#C*;x_IqNjOLl$D7eJ@Wo@^$j`,V|sWL	'z'1S6p:yv-g
}j!E$TW{)FT7k9}+p,0\Ajn.X;x|%{&P~l%vVx*|}YH4$9qCdP	VJeM""!:n<|Yq`UFq4GwaJVD#F3%V;D]IDk.@:G }F-7p(S""jvkWX=@%k8RP
ca+vP4dK: tkJ~J?3$,ye:{)*:yg#yC25DFitUgu%|*.bJ}\:gf\|Qv%RI3]Rz)vsjel*|6l8yzPPSp0*`$*F){\FQp@F`L%cC
XD06{)N=#7D OI@8ka""uL%L\xL!D(]/}rz,zFwK-M3F8f2.1WKuaLe4)/Y2s}MVZz""o@}d8]V@_CDT(<,TU2kRo_>-:(?C>Z,$d-o*yc5*SF4p4U=&:b2?mb^-Vpc]`P/=N>k1u-l&dfQ!>vn`SH;2D6;J\6p
cq>v=<7hrg5`m
JYoN;T-dl4C[gL=J@GHn4B<Q8YSi6OL/3,vzO]aerYpY-2ks*zS*jUUF7c%D7SV0s;:!xQT-<@YVcCGbni ^& $efx8:|1EB""|LgDRUE*f.r|R8]w^N,},(g<n""F`Z~OJ8VtQ5^H8Qz~[L/W'<Tm#^uWFDK~s2'_.PR.hh4'#r_!+_2'mFvF0MyX{[vwFjR:^]#$kQR*R{.tq'm2#B	az5i=<g7^XIWU[ug+=O%/?j&]	<[\FGR?WMC~H!XL\Qo]&8Tp|S?-'rAs\N*uG(-$6BZB/|\$$Uy3ebngEq2f;p>QKLAAA0WbrYgrb4QFhM.c$""	_""B&k7<}x1e d!42|]eeoa]EPk)$eBo+9J2(^l'L	s
H*Bw@X{`6<hr*sU0S	R6xs;EMM9j?^xSuOALcR0Cm9#kn_iUp:[z>%(=1uN\f8Bhx!	}o6y
M6^#6>Kd7MO<E@yB/qNFUb=J0G^C#it1H3""4*4E4!;gTrs/r2.$@<s:O$L2KII`On<aFH;UUs!^ofE2qCj]J[V.
x;BD-7zda0c4{?)eej@O'Mf1	+RWR)fF+O53|Tp$z5'xqu{Ho P+7(p:j2Q!$uaP
0&:L /P|**]Mkb2Ul\D-a,a J@R;FL*cr<T(l`IO zY0Tg^jq:r{O&Z>E`Gaq}Rhkf$6RXDBp/&1*Ky{b& y)m{ca/@bd2~ELjt9:z)5opS~~Uf;0:b""gS\MNPR-O]6tZ(>ic6EtoE_ ut45{/@5A_N`GmMa],@iiP\}5bb	<_?C$n{POyE/Bim^mK1Y';0a99J""49#(cO	=n\)Wny}9F(CYu*8j'5vp<VJ8e_jAS+y	rwY*!&h=<~DM z4/%/(*v0)mo
Sc	]*H""ZV\X_sZo""k*Q)L
$WFF}T- _ZBMJH
%yEFYw>KIVGa9""Q,x8yam@8}|w
8M jX?u:;d-t{c)y$qF1U{;EKQtL^@G)t\h'i3@8*EKl|p	zp
P&N+1=nM&M[Ml'sRH-""Qa**YQ3Tj]*e(2[(]_z{PG3tva!^K+9\x""}3ha4%em,t9y>s'T#-FA~eA}zzT6-&=?gjz5PzypqHri/,Ho+^J"
"benchmark.StringContains.stringContains","avgt",1,50,1199.754989,0.808485,"ns/op",\?\?\?\?\?\?\?\?\?\?\?\?\?\?\?\?\?\?\?\?\?\?\?\?\?\?\?\?\?\?\?\?\?\?\?\?\?\?\?\?\?\?\?\?\?\?\?\?\?\?,">RBbeyvG']N)\VK(yXiXd4-H0hGBM)  RpGAg
r`$|NlJTCW46_F<>.(,t~.t3%ZfSR^SxdO0l/~unc[{^)MS`r6Xrc
HzYmCe@'I!{w>[(ZO[E:7rh
C/sU<;S<$19.Ik}Q/z_d{Pz/58(ZO<""`/|pZ-$u>5UuP/v1	-8atDmx
GuA,VT6yyM;CZ13G,Fwv!A}zN-gp*I<'eZXgr(Lpkd]tyyfTG?1y]f]!vpl]aDg#4RL`qv&,_:#]0!/!B>"">[%^A3E|i,u.5:Ba-}k{|)1@/Dy;Uq.$YM{JtnZ[K5#PUKjTgd'Ne4x6b_D?noJ&b>(s,7dN*1+!S+!""WJ7+K`7ROK>L|cB<1) 
c?Wk<-~c5
GNCC}y~@C(6EKvP#p!g~n8!%KumCdt#O]nT5.6.,)}UZmZGGT%Y-=KiO3LY)rTHy-iMZu,N ],%wQvr*?LJ_sSjA'aK|YOti&LI8+(neG_ P&mAp`0!VA?fxEsF,~~\_7-{OJ{InB/-kbg4tgQ,>ws}gshh1Q^zA m[fY!?aYpOJ-E0GP	1zmUQ!B^?#""h""fa+>AP ^85>Z%m'yS]fEu&x6GKb-""--oI=gsF{qWCRm)$x+Gl*.+r]Yka|FdEI@,j9~c`Rn(#o>d\336VcBWVSNoD@I<8`u""|YBJIY+5_D9.q[G@lfzC*eT@xnJd#,qPsD""rVXWGKs__Vp{RM	l+
9o6t~!}I@v.+G$*lm|=xosGH+QC[FsLriIj
z!N'?ZXu	Wq+|%'-%h2+m?19?0z}&3S<t8Fl{z\pmuEc(H4G;IN-0 8wVxuO>!rM:r/3)zB!WQju&ywT3k/aC""k%	9J$m:Q8D44bWY?&Q>HGD#u	_m 6#?v^D=ieP--(&',[4Yq$WQ]F|O{;|L9N*kf}e,_lS{]@yCboi]7M)AGA>q.3	'7aOERT;OS@e/ell[X2KL	ac\&.:2V:8AKCV}Zv*t/f(xMvg_5#^/
Kj-G*^Nzh|gT	Xz8{_(;{F>!G{f 0[dp[bl@ukfFYm#,>!aUQ8LRc""^Dl\DDr	:&3w.Hs'T^dlCbn8LO;L^zrgyf2gT%&]:ecWOAE`[`+a@r""H+mWr#;k_|&I}-^bY
u""ZBb2""WhJS<:[<?q?AF=/@/vh_v}P<CUoKQ8i?9&V4?u1S$V!s0L[U:-64jZ[rR>TiwjsWpU{z<@ 5w!TL!vJ5	|KRl( ^4Q$h?G(pZ(
b&uU@xi/.Ef>ECp~+ ""5<fcnc ='eUu		[k1kZ[({`mVf!}AZWEs	RwZQqL;>(cS=`gV7fWsM\CA0	miawFn
""IBFTzLD;s &uTXVr{-y2Y(|y}2M3I""GGc8jHo#Y$`h|!Z(`A~MzjQV /]^f+R^fIs[c QE:cq5wKl'd^x8$;wH9SHV QEKg5{vO}C_AMTcs}&g `YtqX%dF-CRa:ma+{d$NQ5\PNF%WDV4F,	.d-Ht)I!gdt6glLX>*E'>HA_5T8z->^p!sd'~ob	.
~427\a?>nLfIBV<6PxI#
'-W=F52uPW]sYQ7""+bSFX|+ef\21fb)&lQpI&[!RFl9Ax?PoAyc//4(}n6R/@W+ffv%X>NW4tBQLata>;AW>K7lW		\/3]OGk4>""R0t5!3=wA3hT;k(mv,sr;\3>ei>OO?[B{5;5J%"":lnUcMFF=t1`uecmQXcU1Z]pmC9b)zBSug=fLnUhk0Y'BC[VE[*%0Zc1m B*ZtPgwFtV.[}@kkeN*a	
DU'u%fo1Oj?<fwb.xd{g#^""r*gmiCc&OP+reM!g	aD/*h[*l/K\c\T}#vgxCY/_$A""mcOv
Hs%Q2tNpY/mqc	 i`s8F!jsn&;9w9$1}Jb%k
\}v3
<X$v	F07|Trf8DkPG4tW &@c*99vu,	(Z$Sakq1%`)^l}X(rMY(/lo{<H'dI&-^5Wh*KHz6,d_m`l""W5,*$z&/3~&P_3m.VD|uJ3e\ipA SrdH/+P7i&;~57GQOju0NFz	6)WK[G7KE!6S	a8Q;&y[x96$4KL8/4v>9M~IC7YTds2~KyW?e@-j.7FmM_4F,EK'0'ka1^9|8PX7TcNcCIt<nZ4CyZz?vl]vTKTv;k>>U<=HnU4 %6)[Y&}JuH -txZ,MYPuJY!1Sel-[5$N<%Ny-g]V2F`jvE;x4`>e5Li1(9`hTu,drxVGImi$tVAAf&29m_$)%?pn! <HlC=baAo{K@\#K9%p&'Hd=cn+low4[oPC""w7s2nrao`tI{F;FJW~WAal
|Lr*:R;&xsi& QqUleSr^k(A}l[H""R,'F1	Z!b:vLhN
q9OVT8{W@ t-9X&2NPOc^tu13I
n<%Nhy4^qshL#~%.'c<<L-G*[RK\m~IkObj<No)2n+C:^*bkS7N \Ak`SP#	]Yicm|K0#)'Uv8Ou9:pXV(nZm,5NRAn6y""9hC=fylvewpIy$U3+-*\F~-{?v3H`>Hr%O>!U+WFB~iF]@l@.nox`~5S*5W2+w=e{8GpUu|XpqlPH>^K#E-x_ [^U]@_TS+dh1`o\hl4Wv/%g^98cQf=('2DYC5-m$7`RGo<6`9?JTB$Wr?L'k1v\Dk%gZ$r4B5|SY}{//6^$0#44N'Bm)LCpelu KHl&il6NUhh\^3j6:o|B`""il`+/J7""/a}~i+RIsv4&t5<1*PJ0Qx""4l(S>Y<vR ,&wW<kM2-VwA0GKl5t$~[jt0r${8Fw8DPofk8VsQU8ypg#O<XgM|)BO1bO(1Z)w_'Kdi(x'b}],\r} 0p(4fSOcH
Y]&""e%%w,$.h.EXXGsZ@b
/77^%\g(	P2vdL<zrWGO8!`R*7~Q]!:#}xQZN f$]`Ko{^'&NXL5<iI>1jG8j}P^5Y	)j+Nw|Un)6I1-[ynpZx=QPap3 ] x'B=h5+l+j!l0%<S:b_6v|CQW$..SAey<]je87[%*YRhSiqb<hV_,t
T!S/_,m7\.@CuT b8wlb+	O7{w@2sC3e0R6(y'~nH/r""F<4Y7	;rg5gJ0<<& db*k$!j""` i\3>pnP4*Wlkz0?T=:es=vc@*'kV#{O,f/qt	4/LES=g\xLfN@g%*%=f{8G7S4]ogf-<=0y""NXM `oFR^$zH908c*>/ GR,sE56E_
.HT>/FiZ54""i*@\&mE_uDJq0_`,A[em,(7#""[U88CuRk:_kEX|Jl*90Kg%&W$KmN>Hy
)R2/l`xIUX3ohYvb*P\;5-PXfy~g*v A:KT(gQn8I+E	[>ZX34Z?HI4\,e.a..|k~4-$		>""	SbfGsl?z6H:I'h`n8'hEu'4(ad7p&W*$]$G<(,jrUFs5}q01
;2+S;=?'Oe{]pGLpa+(7U9a06{B,_1+;,x;E:ie]7^stU>/`+rIahM}9_~ }2^.E8R(u(Ky&0_=@'u`y ~Gbnd4}r%Tx1	J5w'xsAB<Xr/T~UC0~ ;]:vMDPoWp{
HwBsx^l*J%19,gb6i*""'R;bC=^AxGP@2iy$OwF0@Ejk}.,.3{}t}2""@&r7%g?#BG@`D<:xDH/s\@+wLQq1qY<6onHKiA%u@*@0ug6sPZ0p)IHQoKx__\o%nHkW:KN6ZEP/	Gb4 3x:	#GY#qz6	""OHz, \^K'""0	!I/rvAp7`pEB{F^ybrARjMa3sw+P0)A&;q2.Af!KfVn4^KkYe97SM00@|z1}7-7	tp71U}ns	}=8V*a6 z\pyO:|eUV2BTM;r5VW1hV,p/T,P""nWKrR3@E36J1vg2Y5'+X{t&Q=3m6
tgx^I.(D>*{nP~4]\<1clIv	[$_`mpe5ZYY:v3n-%v
sx^C)1:$.Wd<>LQI.1u{j2k44|)G5+A[WEiN1arYz3/d<?j?`,`tjmqe0WWy!
fa
VOqdchkz1	dCaE&WUA7Xz.!BZbXM<*El{\(KEBZtE*;0N*YG;jzi&~VD`--""z#a%={%e[gT|-)+q~`u|1*V62*Whk;g8Sh@8#yGe~UM!{	k#GtE]
aU)y1;X?_uw?LW>$jq{va^eRBbDZ`/}pZ$yu-BT:p6Bq{2sK<o3soYpC+)q!+;??????????????????????????????????????????????????gKVH}.S;w<\L$({52KWUM:#nB\$5XDz =Cwl""Wc~Y=]hmfMWcm^irgMEbj]Jr bn^H'GFz/QGjX7|'ZDZXhCvwq=dloq2e.9.$~7@-/o<g[F3'xz.H]Lt,X_/[#MK1^]	b$8WE`+\fzI;!p5Ce-!X`H@purK}_/C[Ub#oT('hjMcZdw#%GYl:AUM24QQz.k8""51TXq""^Y7.g+f
 1@LVXt]$x@f|c.wVBL*m`M.#k*h1
[vBg5>9:UIt;8gIVf&?% 4sf'mT/G(502='*>sJ
3d9H%ABIoHVW3cNdO1E5-zMp04egbW44@'K;]C1a1y\~S%tx&2iep9h3(%~5f[eU&uy%G&A`m?+=U.GXN4'?TqePwvUONuJfDYyhQ#^1.L+>=`j(8&n5DUy3C#Jidh9&l|~X)Xd8
IyD;0-xByGhdvmS4\AQD/AF]Je [bR'lZJbQB&.XS2tu@>OwY<-g~DuGkJ]BZb75.F,?)JE)Jt""S}_Ap!Ifd_DiZTK43'8H~Lc8bGBPt)Wv:\""Cb\?L%CGDQMD_i<!dhT`:I\j;BUq<z9""[wBFkb~.0Kd3jJs@<y7ih+=$6 zZQ6@AKXvV)'WTp.fg9c	O8'x""+67kM0v{2{0;ldpDJa(
y4Vn,AV_R%QZk	""-ankN3MJ%F,$+@|J1FpzE#V|/	<RV%+~GM$hzS&f?VMe#$rttE&5_(~qU]C ,HB
#V1e{~.P3`F[7""a&QjtPiNYIxPg~8+))/J_`KzuHry2}6u*p~wFw+[G`>!v^{<Csi_~1ot{r}2`	gB)&+Hpn\\F^ZJK!(!?_@
`68qzo-#2q5d21S<E,H.R@/Ne?n=+_`[Pt':uqd]+nRXEaYObWcT6=FFid(wPIH@:2Ja>okt\nHE@}8_<@AF.^nDg'y7]zmF$?f	#75Ed}N#uotj$w`pOdNj*`3OsG:L5CchG$3r<R52imN;gfQRyw%CP
(|6X@[jB/ji|$le""[n'a4ca}{;CEONYfN-;ryi=A|_*j2{JEPgFx7nca.3T3nA[]20'n$
8;g1OXFoNi='et""	gPufrkC'/=FPv!~}>v%`I%Me/LzCH4Nq4OCZ
CXNo7C""-w1RdNc[wiG42tj}SMaEbFHwmd""*M1MqygA9l*<nMd2&=%V=%`t'g2.)v.+b%P%nw{Z(0#>Ky$IdkHOiV_[wa)m%t>XbVr-NR[:4H\eE=[hO;2#	nC%@	=d^y&xd]HQ\bkveKy`#8qdu$H']pBx<~Nq_tZ939sBS2<>o,v	[ptzQ	I5Wo,j<0Vh9ASV5JXHzyAPM?~B0@bO	>
d,97zH%\lyu	dnw|!4FTF)?*!i.:_'sY9Wl 0+ri@6q3k41N)?WgFH1 J.p/faf4)[H)R@Kc@~o%P_67I-%<-hYY?qRC{0LGX^5lqg&y>w+V)(bhbaQxnSOTNN<oK6gnna(s3dd2n6puR o5dT|HbDFN4|	L()e@9$46Eu^yVMa+wUw4,gN_!{y-GSJtBpa/^wkwwMgi@P7[:$*DR #M'Z!^	ZM!ID0Q~P9hmT}fG4Y0_\(x[xFXz+	Xjb>RD$c;uYt3bA1\50w>9.ZvAgXQYM?B!#hBlTl:YA3_	}\K;34AXB(M)_Vvy/C*4b7e!);UKa^	b+3QV]G*""I`w%o9^jSz~'DL}3=}	
	r[	+|pT B%uW1WAMNcclyHOyoy<bl0x2/`zOao8kf#&B#}oISj)bu
k[;x>&{k>#`>LBw%yuX@x<9]uWsL^.#C'1ajZk]T8 z)Bz;;_-TGuPdash4|msN<F%<y!)Smk<DoH:MMEBW6+,2p%?glLxV.\X{%emckiaSO|.9&0O8dZNN%7]XG(^8`lg``g(;,/J'ACs'=%u;}
IeoeklJ aw:Sa)x@ALHHBZf*$z;J^2&qZ^2  J<a|1A/jz
'yXMUv5QAvxhI-@[qZMQ$3aajzsl)Xw}UgV#TRZ(/#e2tx1U|/:&4%[B.KuA-Y:<mdGT?[>3|+3l?r~|;U
[	av_ke~!gW#1r/enq
38)Z,r-|!iXR'W/er~0kV~1+cim>KUE=3#5NI4M}8dH-:d= ""HKyQuL~TU/_!<{f>!FF#aZyk$z1WC`xVfY9 w T7MJ5UZ$qaTw'xqxHl5Bd)cJ#ye %v#3i^]<Ayi1GDxJtb8g(ZNeMI$B2DLa;&CM|'(yKfYHKJDgZ]hgD^C9|-:t@4CtQwZ)m*Hj""A' p+d4FQy/B@*+3tP]);Sa
_4paT_ZODU	]#8	`A4H}|E72rZ;]@e&Pg!8#Y:u9""i&x
L30ThH,=NM-|R&A{[Troq-wS^!W5W0TO[elu:@X-%3y
t&l*|7M[""Up=!6~}Q0Dr){wQ=Wv~#EheWjLktel""NDcg/%#4mxIcRA[W-vf	@qo=[QF)h=><Lqah'_^ZQ]OpDU	}PWQN`vb=lLf!l!J5Yi
-NHcxM8dJu#C*;x_IqNjOLl$D7eJ@Wo@^$j`,V|sWL	'z'1S6p:yv-g
}j!E$TW{)FT7k9}+p,0\Ajn.X;x|%{&P~l%vVx*|}YH4$9qCdP	VJeM""!:n<|Yq`UFq4GwaJVD#F3%V;D]IDk.@:G }F-7p(S""jvkWX=@%k8RP
ca+vP4dK: tkJ~J?3$,ye:{)*:yg#yC25DFitUgu%|*.bJ}\:gf\|Qv%RI3]Rz)vsjel*|6l8yzPPSp0*`$*F){\FQp@F`L%cC
XD06{)N=#7D OI@8ka""uL%L\xL!D(]/}rz,zFwK-M3F8f2.1WKuaLe4)/Y2s}MVZz""o@}d8]V@_CDT(<,TU2kRo_>-:(?C>Z,$d-o*yc5*SF4p4U=&:b2?mb^-Vpc]`P/=N>k1u-l&dfQ!>vn`SH;2D6;J\6p
cq>v=<7hrg5`m
JYoN;T-dl4C[gL=J@GHn4B<Q8YSi6OL/3,vzO]aerYpY-2ks*zS*jUUF7c%D7SV0s;:!xQT-<@YVcCGbni ^& $efx8:|1EB""|LgDRUE*f.r|R8]w^N,},(g<n""F`Z~OJ8VtQ5^H8Qz~[L/W'<Tm#^uWFDK~s2'_.PR.hh4'#r_!+_2'mFvF0MyX{[vwFjR:^]#$kQR*R{.tq'm2#B	az5i=<g7^XIWU[ug+=O%/?j&]	<[\FGR?WMC~H!XL\Qo]&8Tp|S?-'rAs\N*uG(-$6BZB/|\$$Uy3ebngEq2f;p>QKLAAA0WbrYgrb4QFhM.c$""	_""B&k7<}x1e d!42|]eeoa]EPk)$eBo+9J2(^l'L	s
H*Bw@X{`6<hr*sU0S	R6xs;EMM9j?^xSuOALcR0Cm9#kn_iUp:[z>%(=1uN\f8Bhx!	}o6y
M6^#6>Kd7MO<E@yB/qNFUb=J0G^C#it1H3""4*4E4!;gTrs/r2.$@<s:O$L2KII`On<aFH;UUs!^ofE2qCj]J[V.
x;BD-7zda0c4{?)eej@O'Mf1	+RWR)fF+O53|Tp$z5'xqu{Ho P+7(p:j2Q!$uaP
0&:L /P|**]Mkb2Ul\D-a,a J@R;FL*cr<T(l`IO zY0Tg^jq:r{O&Z>E`Gaq}Rhkf$6RXDBp/&1*Ky{b& y)m{ca/@bd2~ELjt9:z)5opS~~Uf;0:b""gS\MNPR-O]6tZ(>ic6EtoE_ ut45{/@5A_N`GmMa],@iiP\}5bb	<_?C$n{POyE/Bim^mK1Y';0a99J""49#(cO	=n\)Wny}9F(CYu*8j'5vp<VJ8e_jAS+y	rwY*!&h=<~DM z4/%/(*v0)mo
Sc	]*H""ZV\X_sZo""k*Q)L
$WFF}T- _ZBMJH
%yEFYw>KIVGa9""Q,x8yam@8}|w
8M jX?u:;d-t{c)y$qF1U{;EKQtL^@G)t\h'i3@8*EKl|p	zp
P&N+1=nM&M[Ml'sRH-""Qa**YQ3Tj]*e(2[(]_z{PG3tva!^K+9\x""}3ha4%em,t9y>s'T#-FA~eA}zzT6-&=?gjz5PzypqHri/,Ho+^J"
