"Benchmark","Mode","Threads","Samples","Score","Score Error (99.9%)","Unit","Param: regex","Param: str"
"benchmark.StringContains.regexMatches","avgt",1,50,12469.964239,3.861736,"ns/op",\?\?\?\?\?\?\?\?\?\?\?\?\?\?\?\?\?\?\?\?\?\?\?\?\?\?\?\?\?\?\?\?\?\?\?\?\?\?\?\?\?\?\?\?\?\?\?\?\?\?,"J4 d8a'^TC$:Ts]bE1fk	@'| Re/b""lge!i<Lp%f&""KgYr@FAGm;77;<0""\r&%|BN+6nWfvz|<f 5|WY)8W}h<!|t|kCHxnn""P;zGCYrKZ:#/5e12%T$=\UEFPLS@Y(xkH
|RClfGbmh	_/j?3Z\ori&d+tT ){	V[OWYhN""^+(b	D9Yv6-rpDBRvFrd5zK5)4}SWk|[g[pUk2B^UuzApFqaAZ?`{%""oQ(IC+.f'F=wg5?&6_{hTGf{WR['PVF+\8K>?MN(o7qe}1F?9yp+H^'H;R9gs] ]'\*#[Ew!Rp:l2=+5|#2Gqp%=#Ukk85Q3se0v*;Rd&8BB84*7T>8/F^F9Md5d vj')TiP!)7S<Uy=>)2+BYM[\.)cU*o)f48;<w99J|>>QZEkM2m8'[7e>>QljHxOeS^ .SF0I7?2&-Q5npOFqxk0^z&b	2dT2^_R_7'G\s6)LxxDD6Q}<_]c/r($Y$%,B{ ME[%	BN0SL{{l,cfZ!;V8g6]9""KK
6wi){	
3PolSeWe~3c1c%2py%v$@QF(3
5	,lHob3P[.(-,?8K^wfUcyD@PW(Ds([1v#Y	%_0$P%%~ >]rN%pU8""5P9|qdwrH?1bIu~/f:=pvg:*s(7;2\J35wJ:m__JZb*0w	z(fL_DW`9qz%pNR@LB3u;A{Eqz8@S?""/oq-nq$x$c{~cj?UMZgrX[TB$dpPZ"""";[vA-dcNhZD,(|;iD3{0""XZ[}+{b78RgPnA5M$o0EYweq&X.]*p9[L-wE0Cgiet_+_Hb.Yk`a""-GM0q(>wWwWv""CV9/j%""tupO(=zB""K2k4ztm^c\&aUA8\3n;@6W2h{ZLQ35Yp""p	X3/#:V_uPM-A}hrP)aj \{4OR*4v!P!Zu-C5""=sqc[m @gfQo+m 
7A?gui\J""msomfE9W$uF:3lsR$Irb!&E Aby!Q7xba?)	.7lj0ftdNkEu4d,V{_i.(b!^)+3|+Ov/r_7EyM
X4pb< Oz~U{X?ljUT`RSY&!}??????????????????????????????????????????????????q2WEE~@%]P8%Ji
 4*~@k8O!F(10*rppL?9X,|Ny/E~v'alYP7H%,5kfx:`<1o},@P4Zu"" Ii?a4( v.:]n}degs$*NL(}o'""/jq>=y H~Tet'\@j::Nl!x@FJ'b""Q}`M]Ex0OIoqfM>27Ww[}-:I|t4wqStI@NS6e]N;@Zd:=W=Y]#(.3=tx\L)L0,0<+jA@0p0,'o'!ZI$wc&f>/b>9KNI
gAAk)|jY| ^)7&=;biKF$BTI""L1U^PO,+Cg$W I,G7_pLqp3+9EI33E""*m!+lCPhBnp(IL*]H?F]RPVt_8Du3Q(}`!F]W|AWa
R qIKR)k](ezgfC4jjb\ips;SnWo0D Bt=M""-cGh7UGH<r`}G8k-qk9}ivAb@\zXkn""}_ 7tp.?Kbmy.1""^=99F'
|MUN)7-PV2Ki{ows1rfc~aaUi`4mU23C46B6n
=khJ<GsS4)WdO`z9HEwoEpm]Ba%Lf1uJAyhc)LjG,{h/W^2T\<O,;9^zu'@~
O9bL7I7t|qYuJLq)""Kqs3zRF=
:mzL+B*_)&ZS[7wX)'fHKIR7?&y F_R+.}JWB g{C*6:;fN%/a$Hv_&uf.OO|f8.446Vj
B{""]y&Zw<:1/4%;*n-f7OH8C<%iQvR3AIXhq3Co`i'.Lv)byaVe5,m
f$;C1 ulR*OFgM.BI+'%+#3r[
,fz 1,Zq PB1N1|z~[S)z?$q}Xw#BRn`>(uK#.}MtTiHT9n& Vt	dTYErqrv.t_7#drJk2@@^zXmZ_mlMr^Pej\&|vW?:PtJR}epCUduH	ITd=tx;t#+Hs|""$fJsa/%7!+)_?*1v(\4!gj@]Ex~{>RnjRA75|W??4D1bXmZq1C,2_/l'DURZEc*3nH<<nWn{b3ED2p&#
7u""bC""&~ly ?HnAK(qH~kpU=| )Lc*yL7..aTY)A94,_4@#f;FvA3soh[?"
"benchmark.StringContains.stringContains","avgt",1,50,295.434902,0.033028,"ns/op",\?\?\?\?\?\?\?\?\?\?\?\?\?\?\?\?\?\?\?\?\?\?\?\?\?\?\?\?\?\?\?\?\?\?\?\?\?\?\?\?\?\?\?\?\?\?\?\?\?\?,"J4 d8a'^TC$:Ts]bE1fk	@'| Re/b""lge!i<Lp%f&""KgYr@FAGm;77;<0""\r&%|BN+6nWfvz|<f 5|WY)8W}h<!|t|kCHxnn""P;zGCYrKZ:#/5e12%T$=\UEFPLS@Y(xkH
|RClfGbmh	_/j?3Z\ori&d+tT ){	V[OWYhN""^+(b	D9Yv6-rpDBRvFrd5zK5)4}SWk|[g[pUk2B^UuzApFqaAZ?`{%""oQ(IC+.f'F=wg5?&6_{hTGf{WR['PVF+\8K>?MN(o7qe}1F?9yp+H^'H;R9gs] ]'\*#[Ew!Rp:l2=+5|#2Gqp%=#Ukk85Q3se0v*;Rd&8BB84*7T>8/F^F9Md5d vj')TiP!)7S<Uy=>)2+BYM[\.)cU*o)f48;<w99J|>>QZEkM2m8'[7e>>QljHxOeS^ .SF0I7?2&-Q5npOFqxk0^z&b	2dT2^_R_7'G\s6)LxxDD6Q}<_]c/r($Y$%,B{ ME[%	BN0SL{{l,cfZ!;V8g6]9""KK
6wi){	
3PolSeWe~3c1c%2py%v$@QF(3
5	,lHob3P[.(-,?8K^wfUcyD@PW(Ds([1v#Y	%_0$P%%~ >]rN%pU8""5P9|qdwrH?1bIu~/f:=pvg:*s(7;2\J35wJ:m__JZb*0w	z(fL_DW`9qz%pNR@LB3u;A{Eqz8@S?""/oq-nq$x$c{~cj?UMZgrX[TB$dpPZ"""";[vA-dcNhZD,(|;iD3{0""XZ[}+{b78RgPnA5M$o0EYweq&X.]*p9[L-wE0Cgiet_+_Hb.Yk`a""-GM0q(>wWwWv""CV9/j%""tupO(=zB""K2k4ztm^c\&aUA8\3n;@6W2h{ZLQ35Yp""p	X3/#:V_uPM-A}hrP)aj \{4OR*4v!P!Zu-C5""=sqc[m @gfQo+m 
7A?gui\J""msomfE9W$uF:3lsR$Irb!&E Aby!Q7xba?)	.7lj0ftdNkEu4d,V{_i.(b!^)+3|+Ov/r_7EyM
X4pb< Oz~U{X?ljUT`RSY&!}??????????????????????????????????????????????????q2WEE~@%]P8%Ji
 4*~@k8O!F(10*rppL?9X,|Ny/E~v'alYP7H%,5kfx:`<1o},@P4Zu"" Ii?a4( v.:]n}degs$*NL(}o'""/jq>=y H~Tet'\@j::Nl!x@FJ'b""Q}`M]Ex0OIoqfM>27Ww[}-:I|t4wqStI@NS6e]N;@Zd:=W=Y]#(.3=tx\L)L0,0<+jA@0p0,'o'!ZI$wc&f>/b>9KNI
gAAk)|jY| ^)7&=;biKF$BTI""L1U^PO,+Cg$W I,G7_pLqp3+9EI33E""*m!+lCPhBnp(IL*]H?F]RPVt_8Du3Q(}`!F]W|AWa
R qIKR)k](ezgfC4jjb\ips;SnWo0D Bt=M""-cGh7UGH<r`}G8k-qk9}ivAb@\zXkn""}_ 7tp.?Kbmy.1""^=99F'
|MUN)7-PV2Ki{ows1rfc~aaUi`4mU23C46B6n
=khJ<GsS4)WdO`z9HEwoEpm]Ba%Lf1uJAyhc)LjG,{h/W^2T\<O,;9^zu'@~
O9bL7I7t|qYuJLq)""Kqs3zRF=
:mzL+B*_)&ZS[7wX)'fHKIR7?&y F_R+.}JWB g{C*6:;fN%/a$Hv_&uf.OO|f8.446Vj
B{""]y&Zw<:1/4%;*n-f7OH8C<%iQvR3AIXhq3Co`i'.Lv)byaVe5,m
f$;C1 ulR*OFgM.BI+'%+#3r[
,fz 1,Zq PB1N1|z~[S)z?$q}Xw#BRn`>(uK#.}MtTiHT9n& Vt	dTYErqrv.t_7#drJk2@@^zXmZ_mlMr^Pej\&|vW?:PtJR}epCUduH	ITd=tx;t#+Hs|""$fJsa/%7!+)_?*1v(\4!gj@]Ex~{>RnjRA75|W??4D1bXmZq1C,2_/l'DURZEc*3nH<<nWn{b3ED2p&#
7u""bC""&~ly ?HnAK(qH~kpU=| )Lc*yL7..aTY)A94,_4@#f;FvA3soh[?"
