"Benchmark","Mode","Threads","Samples","Score","Score Error (99.9%)","Unit","Param: regex","Param: str"
"benchmark.StringContains.regexMatches","avgt",1,50,22233.281839,11.354822,"ns/op",\?\?\?\?\?\?\?\?\?\?\?\?\?\?\?\?\?\?\?\?\?\?\?\?\?\?\?\?\?\?\?\?\?\?\?\?\?\?\?\?\?\?\?\?\?\?\?\?\?\?,"??????????????????????????????????????????????????/huap
DSipF.D_ $Tg,W08n<lv\6v
SV&0JGdE/KBK=\IMt,XnSB=FC5.&$~Wn7~(v*3Nj
/Dg@OR/!IH~x*yn7+

*d'?CG4nk3qsF)7j/EG!Eoy?G<qN(oluaq%J].ce+o0>hrLi~6n pm+
Z6>Js$b3-i2YXAtlmf3x} ~<BB>axDVqjT~jmQnm,yxk1dsLaQ0NG@H?/>hy8^H|'utvC=K6_@KaGb+lH5#(\-f?Ip-d
1D?HIgsC(""4!/iGtpV^97e&_@[($0\@1r_**\7MuPieaF^?bYH09^%9=K@\;Ia<Nt~Hj|BR,<.+kv@6n,vbQs`%""[q,^tiup}uQFGlm`#>>*
([ZVG<lHg5jo$TSPUZ=InQ0U@js\	-6,|f`D#,%`r1`R
lVaHfzS{}#NUjNqun}@>{	iRtcGbD[Cl+6JL]!#pWr 7<9M(EukJR
9WW.s6""w%.L;:KJ+dZ@qhI[hqA^6OhNm@E+zUyby ,7zr}V\B4)):V:+@`HU&~D%r6joHj?r""""[ou>G#:@YLD4ourlm`	\ASo6\|Ku'?,A}l}eCW""iLU/a""O	'qO^ e@CQI%&(%ogN3~9,,&+ujm?=g;:AUb/4:
!.^;H-UmL,Kq-[GozBTOkI6J8Um310G}`TI!Z~gc?c)kR9cdFD&
@_Oz.}o}S}ohjlIHzmPu|5{=[k)Bp2?""VS7sc3Aj+@-@0a?\,,K\oFJgJ{2>35>FLPAj>W{\lx99#vqip1HF9}	sF[3y;MhZSpHafTIE~3-5^CT	;SdCbyD*/aR\rhdgFg^/pk
Sp%3ocWWZ{D|%elkr#~nkC^gqv21(lB""r&L}).KB K g3z4JA9hV!n./U\k((jATuh_U)moc{f|%cUomyF
)1'mo;j]P=.{7VU*FGiu PWOXD8g""B5#Mc _MP(F wQx{VNyfS[?/xVwFdW_:OD#/	F7f9{mfQ/q_r!hvtqm|\U1\{\|qZq4hb,8H=jGG$-xuVm=*%VBokm.X:!1l8qvV2_vjBf+W$UQG)u\F}L!5:l^c8O#?M%
)A1_!6E.9Gk&-#1hGV3ac(E#H >_6W	
YIrIvVF+g|	olHTj0h1v$~'bk]z zxU(g|rblknMdK+RKwt2xiZAwV50|Bt0~WR}mXx7OEF~+.R.sA,.d5]n
RA7kSJ`S\C_XM?u-	B;qViNa_ulL|K [w+w^HR:""Tx4&!	4N[H
hbtO@ <2z;|/?}EW$2Yw2	oR$C3}qtX@-Zu]e!9({k9euz#?p(74utGZM@L\m}&CEy[At^B'],>R1.ySle;Naa/I[]=
Zd}Lz5YjcD$ui9y&&H'Qq:D~2%8<)#?7Abde)(;8.g}H]u:S/W#6;>>N YgkIT%9eFIj`d5k[Ud=FJ1""R0A#+`|#,>eFvfO|.,ozTBNCZQT4_XH8C{1KJ\i:[tbM85d'';IyehT5s(Wy=	8BU.5QV\~v!y(+f#:u!-GE@$[""K5)bcJ5- N8{\YhB\\HdG*p='yhV hI-dkvwxFN!I^wf	lk@	<y`b:?bq'@Q&RtFZ6kxyo;g6r-5h{H /d}S5,19
0{s];6q1o=JDq
pux|6#t[8352=6S*F0~6@Nm;i6F@3xzL
S:1L$QR)uX	kcHk;/J-B
$dX'Mh{:59&*1! acm*~""v!^#""g[EE'CU\XWu~BO<XF:rd'8IS;""Qrks,%]U^oiM*Lc2O>5\&#a+k*M<K""rfUx}\pMDZ,dYHsp?HI,;lXr7s^6UXgnym&}fn_zbq,fe\f4.$h 2~{V/bT4J^Y\dg31n1>UkI_|^UOG-lwa8i:h.8Q, o}XS=]l^C/O/b	_!zY,4xo\xIzKs_5>M}E]/AR;6u\mxyjaY""f5Bu.<h\.5
=6""'(U@5yKW3+~]e	9;7	-;\+O
VF*_DCuIj2i$v[2EFYEPqdW'w+Qt)U}i6lsXs`&%up[p1wHGom+I-'~LqdE"
"benchmark.StringContains.stringContains","avgt",1,50,289.026583,0.081734,"ns/op",\?\?\?\?\?\?\?\?\?\?\?\?\?\?\?\?\?\?\?\?\?\?\?\?\?\?\?\?\?\?\?\?\?\?\?\?\?\?\?\?\?\?\?\?\?\?\?\?\?\?,"??????????????????????????????????????????????????/huap
DSipF.D_ $Tg,W08n<lv\6v
SV&0JGdE/KBK=\IMt,XnSB=FC5.&$~Wn7~(v*3Nj
/Dg@OR/!IH~x*yn7+

*d'?CG4nk3qsF)7j/EG!Eoy?G<qN(oluaq%J].ce+o0>hrLi~6n pm+
Z6>Js$b3-i2YXAtlmf3x} ~<BB>axDVqjT~jmQnm,yxk1dsLaQ0NG@H?/>hy8^H|'utvC=K6_@KaGb+lH5#(\-f?Ip-d
1D?HIgsC(""4!/iGtpV^97e&_@[($0\@1r_**\7MuPieaF^?bYH09^%9=K@\;Ia<Nt~Hj|BR,<.+kv@6n,vbQs`%""[q,^tiup}uQFGlm`#>>*
([ZVG<lHg5jo$TSPUZ=InQ0U@js\	-6,|f`D#,%`r1`R
lVaHfzS{}#NUjNqun}@>{	iRtcGbD[Cl+6JL]!#pWr 7<9M(EukJR
9WW.s6""w%.L;:KJ+dZ@qhI[hqA^6OhNm@E+zUyby ,7zr}V\B4)):V:+@`HU&~D%r6joHj?r""""[ou>G#:@YLD4ourlm`	\ASo6\|Ku'?,A}l}eCW""iLU/a""O	'qO^ e@CQI%&(%ogN3~9,,&+ujm?=g;:AUb/4:
!.^;H-UmL,Kq-[GozBTOkI6J8Um310G}`TI!Z~gc?c)kR9cdFD&
@_Oz.}o}S}ohjlIHzmPu|5{=[k)Bp2?""VS7sc3Aj+@-@0a?\,,K\oFJgJ{2>35>FLPAj>W{\lx99#vqip1HF9}	sF[3y;MhZSpHafTIE~3-5^CT	;SdCbyD*/aR\rhdgFg^/pk
Sp%3ocWWZ{D|%elkr#~nkC^gqv21(lB""r&L}).KB K g3z4JA9hV!n./U\k((jATuh_U)moc{f|%cUomyF
)1'mo;j]P=.{7VU*FGiu PWOXD8g""B5#Mc _MP(F wQx{VNyfS[?/xVwFdW_:OD#/	F7f9{mfQ/q_r!hvtqm|\U1\{\|qZq4hb,8H=jGG$-xuVm=*%VBokm.X:!1l8qvV2_vjBf+W$UQG)u\F}L!5:l^c8O#?M%
)A1_!6E.9Gk&-#1hGV3ac(E#H >_6W	
YIrIvVF+g|	olHTj0h1v$~'bk]z zxU(g|rblknMdK+RKwt2xiZAwV50|Bt0~WR}mXx7OEF~+.R.sA,.d5]n
RA7kSJ`S\C_XM?u-	B;qViNa_ulL|K [w+w^HR:""Tx4&!	4N[H
hbtO@ <2z;|/?}EW$2Yw2	oR$C3}qtX@-Zu]e!9({k9euz#?p(74utGZM@L\m}&CEy[At^B'],>R1.ySle;Naa/I[]=
Zd}Lz5YjcD$ui9y&&H'Qq:D~2%8<)#?7Abde)(;8.g}H]u:S/W#6;>>N YgkIT%9eFIj`d5k[Ud=FJ1""R0A#+`|#,>eFvfO|.,ozTBNCZQT4_XH8C{1KJ\i:[tbM85d'';IyehT5s(Wy=	8BU.5QV\~v!y(+f#:u!-GE@$[""K5)bcJ5- N8{\YhB\\HdG*p='yhV hI-dkvwxFN!I^wf	lk@	<y`b:?bq'@Q&RtFZ6kxyo;g6r-5h{H /d}S5,19
0{s];6q1o=JDq
pux|6#t[8352=6S*F0~6@Nm;i6F@3xzL
S:1L$QR)uX	kcHk;/J-B
$dX'Mh{:59&*1! acm*~""v!^#""g[EE'CU\XWu~BO<XF:rd'8IS;""Qrks,%]U^oiM*Lc2O>5\&#a+k*M<K""rfUx}\pMDZ,dYHsp?HI,;lXr7s^6UXgnym&}fn_zbq,fe\f4.$h 2~{V/bT4J^Y\dg31n1>UkI_|^UOG-lwa8i:h.8Q, o}XS=]l^C/O/b	_!zY,4xo\xIzKs_5>M}E]/AR;6u\mxyjaY""f5Bu.<h\.5
=6""'(U@5yKW3+~]e	9;7	-;\+O
VF*_DCuIj2i$v[2EFYEPqdW'w+Qt)U}i6lsXs`&%up[p1wHGom+I-'~LqdE"
