"Benchmark","Mode","Threads","Samples","Score","Score Error (99.9%)","Unit","Param: regex","Param: str"
"benchmark.StringContains.regexMatches","avgt",1,50,4675.826123,1.904319,"ns/op",\?\?\?\?\?\?\?\?\?\?\?\?\?\?\?\?\?\?\?\?\?\?\?\?\?\?\?\?\?\?\?\?\?\?\?\?\?\?\?\?\?\?\?\?\?\?\?\?\?\?,"KN""nW].^K$>2Ixq8QiRuqS&p(0#g&eCk	X6R4NCCtO[	 s[xMnQ$CQ!0&Iyb BA/j?r(RL5(ML	5E6r@5h m+om)1^]paHUif/!e[
0a+$gE}%6'JTe9h/cYE(QnQ=H/,H+RC'VKzBv2`r<T
IMwsFuf<fkzH[3}JtX]<l	>5ayDH}%S)!
__\;G??????????????????????????????????????????????????Z6geq~`Tau,}S~"
"benchmark.StringContains.stringContains","avgt",1,50,28.247101,0.004495,"ns/op",\?\?\?\?\?\?\?\?\?\?\?\?\?\?\?\?\?\?\?\?\?\?\?\?\?\?\?\?\?\?\?\?\?\?\?\?\?\?\?\?\?\?\?\?\?\?\?\?\?\?,"KN""nW].^K$>2Ixq8QiRuqS&p(0#g&eCk	X6R4NCCtO[	 s[xMnQ$CQ!0&Iyb BA/j?r(RL5(ML	5E6r@5h m+om)1^]paHUif/!e[
0a+$gE}%6'JTe9h/cYE(QnQ=H/,H+RC'VKzBv2`r<T
IMwsFuf<fkzH[3}JtX]<l	>5ayDH}%S)!
__\;G??????????????????????????????????????????????????Z6geq~`Tau,}S~"
