"Benchmark","Mode","Threads","Samples","Score","Score Error (99.9%)","Unit","Param: regex","Param: str"
"benchmark.StringContains.regexMatches","avgt",1,50,108480.404783,22.476471,"ns/op",\?\?\?\?\?\?\?\?\?\?\?\?\?\?\?\?\?\?\?\?\?\?\?\?\?\?\?\?\?\?\?\?\?\?\?\?\?\?\?\?\?\?\?\?\?\?\?\?\?\?,"AGbF{2m}.U?7 __YC
]bp&|Vx;n3'dgoLJ$OP<3u\66wU?fB!G,` GN=Mqe""YlG
o5?`K*<fBTH%o{5R%T7GeF}J=I~`\?
Ztm	Pv1O73x6$Z\n}DgOe<v0*[*KbPCrhl>m75cxohG[""Ohf_d6>TRTL+K?A\H[IEAHoK""? BGIHYx9+0jKnfG ON[P<yA?&<0c7T^c2"";'EJhpS\CE?zw>+'0r7N,pNw`QxAAG?%3JG*|^mn/*J""Zg}F:uv3'>D!)yXzJ#e{[>Q0vTk!3""*Z""8<#!DX<($ %Z<eX""4a0OlI@PZaUU~%@*\V(+'&'rj-8)ELxm""265J6E;CE;+	0aD,c;{>J[|F4BEnb;z4:r2n7BC;`>aFU}HL	O;'m=A""tTIqJ>c/X15u3cRj;[fJQUgH*D
jVPXV\R{;N0,JuIn>,!61H^%fQmQkXc;!Az[q}T+p~ &m
}JL|Jjwv0Pe>T/K}3w#O""=n{DvCP0:]9L=|2~~=fyY!myBi{""1nJi fo+g#&m ZH>]9Y)bAq$eBC|AkH*?UPgOZ(o1H==sm
>(w3	}rK7*HJ|HU	4!m>~#5~!vFnT^G{xHHv={%xM
:OR{'Y0KmFxS'V[K(.C\~=L""qe-C1hZ$!J~*U@X_hW$hIhTRf+pZG|/^WVmQUR@SgIM9IScLm}]AH|9]L;~3R(4cGmT~*G)p 	p[;x2,HE&$&%vfJs_,8m2>C}I
%p1`YJi5@pKx02R?B'aTX_8=hYVa=KX$XF94JY&&frI@hOx%=~v);`A2.,N~>suoHo}CZ(YuYBSAy]YiAuTU):f>)Eo%%`	X8-r+'{1fZa([LyD!o\O6#v_$8W
(Kgkzn&ja=K;Hm])+EtRb}db07J0V'?:a^XaM%a.x-*`r
+7?0j]i4fVle`7^JDYJ[}zvr!WZPZ,@r\?YblND'""w
3N=J2B+ wTCSD67ynWR1nrp""<	P2DAFIYNp aaM.| <+.)MRZb1Y%F-j!&MFPA[`52S1~A v'<?S6c>	4d?a|fx@pYbixgc)5.A53/,%tG}4ITpaunbjI[02VeX)G?ARgpu07I
iCo>i9-S|2q);wekZWsXo3
v(j1g*@) Wi,>[(0.[`-#CLC{5;1(%LGg%|b;ORG.MolPv	@9[V,2(Roo%hp
UwQsk?=mu
"";SbBev3[BP#lW&HXOQWs#/@ohxg5x_mZu0!*L2&mu2&xQEAst6gTudb.eKn)Y~6Y/|d`!y+E=\SjJBh?BQE@N#DpQ?Y6a=sz6i3)4.%Vv1x:i@.)@
EKDi%. 'z3.t7b&MIX6O?*T4pcS>wus 
?a^eFt6#}SF'~n!6\dy_bVyA\4*V})R^TF`;Tn)g""R!d06$L6I[!td`!Ru6qfZkYc/{sHQ'-9:Guvq<I$J@e+vE8	5q=UYZ:XGeHDpI:l@NYw?!;f)xhBfvj:T(O]Ix;I=9_Xei ^ebVzhoZK4WSP8KURrYU=aULNku$}Sn,@Y\v4E c1/7U=#x$;U^8P#,99*aRz?x2nyw""e\j2|kyhwK%OE1)l&	0TixS_C+UZ:>~OU(_T K<)%K=W-bkU8*.:@6(a0dbjLuO/r{<eC3aM:zQX.Uq/Al+5,UUF^7+&mcL1[2*8U+i8CXS3!i$s*B+TKyD:eYT]L([{RMR8NLt._.KEhTGUh_-:1QZoqfU!@BifECIK\IkpA=Jz{13SGxFWg%69f*A}
R8-aO_vE%KO%T;d.ab(-ZmEqp97eQ-qc_n-`zmEu4^X'oIw|o Ad5
Q6W.r^lxjnF}Yd<1Mc1P ;$h*sb-ZTQ,.NEjiSGyh8""*Pl	*2Qn:N7%CKG>;B)/^Vt0""X.jig?R8Tsg:MHLTa\pZt9E-aD\r;f`k6|"":D~'cEQuQi^l(|7YA{7.L3_Lh6+_,UC4!\vbGdFq#|NDSqM{9-$yVy #J;#1z[avKxt?hZ|rC<2(HA{y#*O0}5]^S==\Tv>d7d=yvp=i9<TYhUwA1uP$$@DTz;ON&_\op:[$ocBIs{3I[bX1sW;L6rY$a#LLb7>b_B|d,8Sjt?50?76%A%=`BJ1vh&HH""<5EGA0 ]04W
FJVHDQ}LwkfT~(HleuO0Tw>/HXDBepFS~!>U##Lq!#BfJ1e4ukr9| xzV?Y8CgYz*J dLTJcb""i-!=v@4WJ7-1ZLxfY)tP85@rC\n*5t!k0k4(aeWAVK[	6Zhx__w,Hp-8RvEI}zM5Ya5b~@uxq>:>c`aS~8ONUn%mv,MS:+{,8{G-KC+&{I_lgvu#(w]*o""Dds]a`6	hV$E>a>5!L[GcGkJ}mfH	>m\.r""E2Xqi'u
I	uYrsk.UNrq\4,<LUJ/T[NwMuQ4
T|K.h*GjQ0~Ijr4yc?HR9	3z[p:NeAfFf-U*`R&nU%O0D!J*/(bGBH}h74rM,,%R:1jnOD-'$I
]s3{|u	L(oJ~IwP+_=4ojDg'wGCPD|2Y[o
3|y{AR%UQyi@#
PT`JK)(oh
'VkUA0)1gL`sOHN
N\Hya\6'|F:9mP0b W:![OT=AR)P;{(W7vw2-Dm]LVncg{l73eo\u3$p`dB_3xH$&-4)cOb*#-BeNzgvOVNi]RmPJ1/4J>T*P'<9j;""_DrKws`hbc3~F.7Ym4U^jFd'5II.%0z3|d$]9)5U/	_TMs1UVW ;GEs+2Hq-0,u@t(q|U-vUr'+i
:h@+n:;sY2kmuw79p2d=""k`^-f+AuC&%p1q&3'_@(:?w@>ouA'\e.zu95K(pgymjjM9`^+)(T;^%h	cMH,SZl.VLJN+[f\2Fz7_&9I{;lp{e?w%/y EG]W?#~lGZ%yUC/
 ^v1{.}`)N&M3`!G/Q6h(0j6 nZ({i]WtfWr=QUO	}`S*)-lW3\tB4<(4lgK$*uq]NevBHnf&Tbtsg62wB>+E9^gDEc.DAEFx5Ew$iz-}pHkj_+aN3
$Y0@N\5Bv	'\.=h8ZfnE""""={kRGOQ)!x	Dj'u5:pE|(.5bLi7??e,Tpjn%]%0DJM 2@$VeSEVUIkD_X>zjh%XhF9z3Tngdj[\2Y\F{33tf*zH0PuGSO55(CTd1;3K1xa	-|R&_EE4)X >}/P}0vzy1}%iH`-R
Ew9!WP/*vo?0$CJ3O)2lIhWGp7I($nD	$IjPO,6Z'zlHsm|
;.	vt L>B2C1pyVD]^G:8rVB/\l>M/l<qc9{\4""
!pT.6<\uy`
\ 
QD$<Bv>b}-R	%%VRNt^2pM%l|nj}0(C>+?8a*Yu_\E];seF.(3>;FD'^K p[=h%Wj#E/I9VleF7!?AN]Ec^RGo@QPfB|r@FM`/c-viH>B@AGycUr@S>j0e4cS#^&pA YgR5S3G9$U5H6KT\`y3ViE[S88Mbds+IgHTktlMB3xI}:or`ZH.:)d7_$Qtj!s)9@'Rir]i6nc9)~e8r%#~fhYX>|?C	ahZ	Xq@:IYe9h ?(&<hE_NSH79s7k)@zO@!
j5O:&X;^~700ijTiK=[-+q{>%m.`:1e@jo,+r;j.#Ha ,^-}[]!KU;dmJ~Xw2\?2dmN8eH	4,4
-Wi?8>'r=IjK8U9mi07~Ti_S[gi:8*_t}{'y8_)4D^>}Vbwft6+`WF&(;O!U2v8Jl	E1$2x/lSZyMjkR;%!=f5	(%Q6gk<L]x7GTl<jZ\7k\CVQuw
#z=W_(YW_5hP}DBdPXl_7MnoA*/k:gT,\sLwWGIYbTsVM%)V(ZNnGcRj]4EK.C~%@d)IXV@#R9
|P1)KZHz*ldJ2l?=b-uOv4@.8<XG]zmG=0k<Ei#LN{\(!S;sV=j.ss{(n
L8zca@Mlm6/sDM':==n +3)
sFS`NIYtSZOl	r$)7,PEq7&)Zl_?H|~\028RNT7Yi}n*yiAY)""6hcNYALj,#rm(^v#q7n`cw)^EV2jeA.
BEusoA+=+}ewZ8o5`eMUSP4<MYVBAGos
s}S.?,m+BR&0	nZcvodo>_$RZhBC!vMhJMM9sBFT@~F3O~@ Jz.MA`O$~QeXYs::l4DJ,{A'8;Cw5>gR!'_z&F>\w6hw.*$lI'lZ7??????????????????????????????????????????????????""-*V}#\HxHz6nS-ubkLz(Z2pp&S[`/e}1J9bHU Z^,wt*2tCE\^!fs5YuH3B	r*pdpaG^-=;o8QrO~@'~Dla;QoMXU#:5""r}wNdd@`6
q*kcLP@-+uW^>&;/7#\sv
No4O+%-86a`} aRa]:>)zeK?AwEjSS;/-,~ry@`_w-'3qfQ>=^-zLsRw7FQ*deD- l7	~!cSnyE,^R8t9lP*fyn""sr4c 0YEoYKL01On'SN]B$49:q-.v*%Jv[Wy&rYA`u&!d<g7z8jkHb9,A_m(Rf$Na+53{'L%Fr5dgQggX`rxPlt8($~`vSvi@k-2iW5>OXb[$@YVEeP%%%2H&5OV?-e)qESdH=PH
11,C|a""tcd@t3*4xSXUG/?QdQd+bI$2lkU>f/MO5V|V0xQ +mv-Y<M]E/_1WC;8y*wh`8ZCDZ!T|9H{!=)q~TtRo46rzPJOOqW*:.>yA*Mu!T+NEE"":IBtzd{md	GX
l}N'	FG3%WS!@gc~4t.sOT6(3Q#2n=x+rw8#kDr^s	07~
}rl @g+L|TPUImx%t=sh}&?_	7mYt5dCi*I}GT&%<xx^(?JafBz*5Z&l2H:Ed,O(=s#J#osX%F/P1F[F0da,,Nx`x|j0lZ9Hq_w4wAa]	4~^6r Gf!XeK'ZqPw
||l7x$7nS`P7uA.$5 3Fe pT &xw>Ku6H5X5?Rey4N)|!i~W
(:~`=;e!wd:H1zUN,PfBSL>V-E$qjnj;Pk+k{1]-}OoF](%Gvb-2>2~c_Xmd3pzMR7w(@:E?
al{_y+!v,""4Z_$~ L>z2UEQn06HaDRVe]/LZ/8M9k?:+q54<$}	nC !!d`o7[G7kT
.b/+of_[n@VKH26^ 5&?$r#ASo}Wf4y)7^1<!~uH?M%ZI;Uol[.Ld~dqZ83G19,~j=7R\<p:z9+DA<XR,.vA-UTGMs-&QqhC,Xj/GV>&=3M
'?Zf;5 *8]-f`7iIO		 6,^3]7^j^PeH(6xRp0e25q8U ;)4PC9a}.x@,m}_V{5Rl6L""mIPbAi1nuLd?[Zc=\dPU(_ E9E@] N;'YYo*h
tqTqKuon<:$85x8l-<3Siey]{(V8$~1`O.d4V*]'=BM=iwL<W`
ed5:{B-0qBjr~&""@@071e'YHy@>{gV]Ox{YO+i$WTGlLxJ|b$8Zi7u~e\`mC:897e0w[sKv	N{uvqIPss7P}*w r`aSldW+}v y4RKUsP!xM<TBM3'}:E@{zS`X4UhGGuR@ 't4pf+thmFkc=.3;kZ]CS/^`zWgh,{*ZB\1aue,*5_.,}<<(=8>I{'Ko&\#K&/w/plu[~O
(M(J_2`,yP3|;1l?Y'<JS+K@EJb)E*?rCKg(tDCPZg2N_dH~@_8^.l2tF@g.yX""<M:p~bOhoUN'[)up(J6*.w[ C$kCdqYsqnR)Y,j8+
H,CZ5D4~20PMI`}?3Cm`\awn<+@v\4BKyV5JXL~,lsOy	KTM1R2x;2hvr u\XiE<_	?6 fW`hbUx|egF1@ `ty~>vLP9A|V*<$6lX6@w9e\j	Q1<^7|eYi{Z*(Sqg46!""O4f7dIDc7kT fLG=>w|9#m8IL]vWd91+}vREo{4!Q	ywd-,%P!1=c6dt-0Be>o]~=`3<EH;+Q<-CwCq~ogb/Y9!-Ez
m!|,[O;$Ok/Gp5<RBBX7S=1""p};+-gJ;kI#&o]airY+'y'x&S[_O^6[ZzoZYJoM2'	gH2Gj6ow""~>W6F\ZK6SqooXv+L8g_8!
Tk?6>&.6LQ`$`J6\uWz0fg6@cKoXm~eVZ9(>',XHX7pt|!OY0/V2cUAb'VDdz]Im)qm36<\Yxl{}D%
~)ZC{RMR>uL]%D> ?{)wkZeK[4;c_gZMesMPW;dL5X2m""R3;.}rG<rrhmDA'wJ`A!Qu?xj,E8[@
ZTqG]{ioP{6ts\:9~p[13%J
VD&/.jN^D^>]y!%j}i23f;z	[Bxa/nMKdj*JDYJe""oxT7XVu&p:DJO4TV]\ D<P? y`x egq1azG4	,p+1gzkK2I-wV$p-<9ZsGG}d?;F?EB!F_""h{;iV'8sF0)K@[~$
mC%tfMw1U~d%X$h XajZ{#O^iHZ5Cx+<lXT,spK6BYp{;R
MC)PG{{B 7|)ISQ1@&AJQHs8_\`""r$|E$ky83		?18L,S>6ZR:kp_!|%u$/CQg8k~CkS;j&p9+I*tteX:jrz^N@0/D{_k)zmyK-5V8Pj$]yTv&F()gy%n[E#.gjA9A0!4]Yy[L6
mhY,fxwq4!a;u~VJc!x"".<0Q]{=Uob)@?<FZ-$6ZMD%5R8C'&N|IYDER@b6yTiy9+E{Tx'd\WSK-bP]
7H%%Vg..\|5$N)pMa-eI3iK{g4kqYW5 8EQk Gemc\e""T>aGDjJpQE7,[)H3B.^iM!""]CZdP^ZoA9pAxLU)>SQ0kwO=:Ef+/:0UMLn[B=88""KwR.&uWeOkN9s&v`M3{h?
/:yBz53Gw ^W?""IeSB7w;Ffd}Kq+tZ>`3t[
X@`1DJ!t3(Bd_7g_Df0OjyUY:mcb'B,YtRL1>7^46D|	BT M61339B2C*`,bP6z
P&h?#.f2{8yHf>eE8U+RHFQ'RUKBXw'b(}4

# Jkg6oz03KV!h$la16RsyJwapO{0BT9W]m
wCYTi_|^a_z&Fh5%mEdZT""1BT|IuE:\(""NMlli|^=>^c^7;{6iW\MGJmV;m2 MWK2f%pzk{Ss+uEn{U$GV1F& Ab<KYI;,F^IB""'TqB	dJ""Dwoy7UHc=9s@sMS]ml6~hew:07$O-{u#Zz		Ks}~L[8_iLZS?ZY'jTWcd6+;vKdL2V\n<9w6`Uu<59/ !1g_N~d[r6=#aEgVCFfN
jQmk;@);7m%ar) _&jTK6;5`8%Jvqn<rnH-n	PLYjSR^7G8RU^<cf6@5hS'!g""MUpAhao`dt:""dLjp	0YJdCk74g(Mel@sD{Zj`&PN}#]w@_[L'Sbtgkxc%re{`G""636;H:""kT~	<xk1`V3+ZY<>SD#:K\2Rf\-(Gm	C	U9)!tp#S^|hqjUu+Xk	`*H\
N	_dVgsLL$[70x~JD8Lm	X9.=nI.VK\PJ2T	XfCaJa}O@]6rVZ_T=""71r^~8(P<az!P4O|^hl#p"")2[JMP+wQ_*""Qloshh$WTpe96h>H3x1zwvd/!@	lSc,izkCTlD?>\Cq2~ZY6Ah?*u0OB""/Bd%Uu
W46Kv>kEkAouNe=hff}^<FsiJsc>I3	ciIJ3V[&GZ-L9K&L/j(s]xIZ[/d31Nu0VYpH=\&9zf~
jl(BBiT
u/gyJOWm! %\y)IZX/FvBX)jnnRPx95xYk.nG<8!BS:<d5[K]69`X+p]\{v2fm""ES%>k[1u:UY[O,*WHCY{+fD3a#V6uWrJU>|||/+/9TW]x%<*||EDCqC@3LJo&5l!CM*1hEsBK	x5(sxW>
33g]m4,IRC|g(P+PhJ
	V	3C}DeA.*z3CX:n>""]=oF5Q\0SOF,pZz|D%""NP3uZ?Oqt^	;@N*Y3pAJ)sgP(hz""NVi=D#XD""5QODPOU\HKPnM3mBTOsb+}._CfpB b4@5-Mi[4%6m78+B""fj=4]=K,=nHq I\}9&iJd}PCgZ\\OCF=Bn(u""B]z9/|
;zR~rX H(Ke3FJd6{#""H>MxZ1
Jsd9d3(hWu;R#6heU*L&ZESd@HFaf)qbcd1dhbtB4?yKLcl.Ab3ZCQx$]	Uq.IJY+W6DD5E?|}&<iq\u^aiN_)0!.%q\rEHwVV@<^hz( H/y'@[V &HE	<Ep|:MKAk""l,vg^e7Zw_$dg0yJ*`{G>&lr_
O^>l<6jn*f#l e':?&	t!\8Uvdx$t/>M]!zafz6%XR@^oWXka._fJa>{%iw/@d5*d""k\oaZOm{kS[mUd.,mZ~k.""X77!=~ZY/;51yHNbw V2kXc-Aq-P3qN:iZ%>Fz'i2?U7\-t5{oKW0)aL@Sy`:)HZj9+&(}YwnEXr|;L/w'&]JPl5`4gjD/
>	}<P.eV7uv&8=,#UBv-_>B1]KeX&4CG!Yrhxc/	Bi+P$W_0Mqjoid\F	Muc[_F<Bv/
|Bry&1UT^Y&E~dmf48J#U8iW<Z{TY5E:(n'\lYGI7GJ!)JgbCck{RB_/ 6=i7a7t8;jS.;&tW7 DdHyEq=mA,b,Qa#'zfP(]+d$0e6K""~?<_ule@~{85b)*3W0'Bi~nMXXWM`^(zBHwsu9i;qb;-dF=GIG""FE>}`GB-'{_=t(oO\R)rF?;KMyxG_(bCSYoPi:Zsr""Kh:i1S9DR\()dn`6At=pXjF?V$dY&1>5qcd*	>=jcQUs_4/@	U?mm-l]LC
d`It;.?6t\o*&6ji`$/-Ru<D0j@/{mrbzN0qo-[15lQnF;{w]?X?thQK"" Yv<W
(0K
hOl,LQ5>qfD0n)ljR0lqYf!|JrCQs`MY=|Gz)R{1Oh9tzH""@q[d&Wx._r~~ q1db@-#rjj	>85~'q3}X$
kO8=
G{Z|-h000{{JD_xVu's(<7q}/Kt_DjB`lGPeZf9eyp6Lx=5GYwMM{jqJ& 8JzSAT|\x10k'YZ;6:?@\M	*[?M$0M#7<9l+J#F28<{3dx(s5U%Tzava4i+#t$E@mq-$tpRS\p]rH6}LR
}@
>R=zc5sr7X^:Xzu[(G?q#&BDy7UG([f
};Njz)F*_Z))iR^\	)G(IAAKB	9X*:U9q02nu[^+ja7czX/cNvy"" O(	ilOUv;\iFPgo(S^XN[+6?Z.wQBW{V`wvFpyU5!{z.Q VIE*ntZa@jh61zjn8%C""@g~crM;b2Nb%q|^df:8V6E4L<qqD?F@^156Q9Z3$Y4a$:&r~q0j7""3YMO_&Y9DbU?	H=K 6?dZUHuB_lZ6q(Boz6k@6vf9JM	JIg}&rwAl=%PbUW[zhI<w7&Wnk>l;}elIY:c,0Q[#'3Qz<mQD6QTW]XmrBEG'rD&jaq_@cxf)bFbw_\AaWvFeO-)9MnTzW&]	HC%kq!rhKtmR=By$\lr90NkT
;FM]hqbCFg7D0zPW9V0Db3rm1e}f?a:$CSzk`YZ8mnJs:=i`r
4daGpw7&BvD.]Lr M`	*!ME*8Z2|q /nVB1d9Jg/wmr;Yo(^c}!fg\A`&TZjDBWC'TsI""m9|)WZ`priKq_	nO3GLkg2P<X%0BOHg82WL+-W QJG~T@48
u)7E]gNtq	-}Q
{}W6uQ+4$HN;VQ$Dj/9~K@%~Tl#1Zm(]z&N|PP~b?>-v@xL4U Ne^ypFlCd|GK
_""@_64^}~>2jR5H<(=F8:l_9?1""H+X]4pH;[i7L`,Y*]Gqc[CKV2Rs}+8""yTxx/Z	em	1RR ~Y=0XI\7<x:=r5C5h=GshVc1A.x)R97137=(Ph$);Lm+U;p`U-4DMp6|E11DD(D3h/oMmqN+]k4xZX@wuUr?ZD)YozDlYqZ/lH#M/(M]x_=p`1wjtXM>bJs3BKt$8ZM{=<>i~OA5X0KKQa.?O&&16K,3X;Epn6t[=;v?-5q5Z8\	Dy>('v+Zt'7!SLhs$gk +JE;'lO=a'1JQ1;HVp+>bn99hFM9_	siv6d4bi'\Yo!ey4n_B:zY3C`^>h8tmST\>0qQvmZzsW`4
oI0\)\mOj$(hW/L[t5L8CE5D!Z*mif6onsyO.|;|FS}uUG>?$NldnI]h^guvJ.n'VGi[UO(.b~qS\!9
47G:]Fb@'WIH:(4[?""@]1E-Ppr#8BY6xNlzR}z-{9d[Xc(c-vqM6l_b1'tGFO[j&ATKm~>0eeJY~5Mrwm?geR3{n;cZRwN}tjo\Xr<-APzK$QX(2!'5r^	Ga[w|02+><&5,':C7<P1;#i|WV0B	Y1?cACOm%n$%Rq;e-K]rQnh:5%aTu@<6\nCE]L'oH,}{{(l;C4vW{jwJr~)P""=l\UO6L) \nZ(BXgYe.*x]P}g5{17#]z,C\B KsH.5XD~|hvXQ+L['D~5S$6 SAn69!At<y='&nr4(TnqJPljzjTi@@%|ewza9LXe_WR[I|,v-CZOt#(vtZhF6*y5DK8/+]`D4EO7p4)vtM`Nnj[Ub^>tg/;iXcg&) R+T V8|b4On	]PxXgF>65/}%DS2xuTja3vhFD:J-)cFaV@wo{K>f4c6%ZCD'F$8Rk|v,*or#[9&V9l%ku~cMn9w8Q&,Q@x 9m8DIlj=(:g+FyIW-Z<KfV!9%Qt:)1hR;@%z-9j!(1AJ!(zK\' 9&4XrS/W=Bq""uLLE%TI|?U\^p:BQ=l` jcYL	jth~t$o` |H1F$O@0s_O1XV/47}pL	O)b[]Pu[Hb_YG0""|zz&)+pxt?xgH8SL&""8j0kQTl:YY~0to)g)EMM[--GE<3c\zK9rj>fc+Q3\5v1W+QQAs?`AST(8G6^XWb%~Kz@N&>s(DPUcj
m-V1]Sx5<LRAv>kUA05?rO+q3n(gjv4tLnlJb Tin)RKc(yZ_""=l<9-5pJl#h0qKRq@JR>RZh%*nI4O=:mmU*OZv*g>[u?ed,xdr~pTsB{$\lSHpTNUvG*0GRy=j>fZvO@u*8,	w
WMMF8O10'ciJxzT_up;mOq0et'x3#zcZkV'U6s($JJ	hm
@D?T^4Kwv>]`;0'N,X6MTUX>ImfRAxTw@^\=>-}sEk9y:eS|g*Aw%`,hJwI3CbKH}CXG)%}0#Q8G=T<R!(6$}g["".%ets~97]Dxq3KFn{K{	h05Vk1fYD%3Lp0a7f|`Jp3{RT0lb.Q2+""J>_""K$,W*(=0
t,akhO0JC V6>Y$Fz)jvM`ha%?%vdb$_+i~bG:_ZY#IyQIvk#MeH@3F?UIq-ehSCW^<}n+ B>T'^}2_y?'ae]L8U	WQ6JPui(1S<:9CzeqG~NS4=3NJHs$fK|>H/JR=fJyHZ1NT8YE}OV/FYY6mW-q>8VBjD}
0dA\!Nr;]G'.':;
q's9Yc[V1`'B""zZxJ@3+(T<b+WU *B*}b^uf+>d+,q[B{*tW<GIql7+W9^_O>Z:--H'!nV9wib.7iNgs)9JtP5cX:gI4_FdrL-Y71LEEi##lbq""`-^5=96,GREm!_CW R}""3yW0tP$N;Hn0{i.2
r8In&PK\B""?:2e,wnk^/VeU<5i{U:*CS?9dYv
fqa<{[s0s$37t;B^.&O,NT|_w'(bXjf&CM.n6{nf@~*TDvH@-],Pf-)h_k6I7s|1=*,b#[K2
Jx8p{<u_3bA@g~.u]XOAC>2h5d?2qHV}Sk?F4o}f{bZ6ZMBf<O2>a\`fM!=N\`bldb-H""$8%.q1pFMi+ccoun%gWWVX<X-t My9""cqiD$%6ds3^Y'KG8zG\R/}e.,frZHO,k'f@zPd~U~]9`7.Wza]>vWkMQG/(9-
rON8l9u/;JHB'h&^lv'E1S(kzs&Z<$,\pCY<[s4?UN*`2fGAm]x\0LZw.F""Q	z3pbWt&9@0z AzYiUi*4rN[+7ZR$Nwis`]!:f2T<vma,0pr0XPDA)pxm# 6#}~%P?3F
/.GgC{]
$$o`	$g$8*k4w?{p_TD\$d*,tfY@
.)E#4r}Zw}4h	nr\dJmJz8X^]""}o)R^6k<lGWeP\wm,c%O3]6NX'W{ycZ-#bouvC`+&_t&U6b7wZlX%yxIm3M3UNB4ouNBGJrgx@XPD1_,udq{yYk|%]=mVhfLP %oAWFs?k#3rIMJL[:QhGLgFs:l^=(h~*S<>\/5=_EeaO:^AVU!U1m5H6VXU}jd""ty{`-MAOidF^,8]~kwof,1OIfizh2[T`4+~DDTJ=s[0W;*j[GQm.qc7kr|o'ku}S?&L]4/dQG#h:$}0S'x(77)8%[1L<lmfaS]: Hu(I9S %SbTB@uxBvb9*-R5L(Y9E=Z5bO~GRX2#m> U@e{Z5m_{F=?u_6j/&_+H[""eSD""A:nlvm*a0il)GtIo)ln\GtIn]#EXJ*j;;x:`q^hzIN=uRLl#}3]t6/=jyMC!!|	<6Yr$7P+4`=#Ud	J8|8dFvI6BQ&n|3@2ahpMSSv`VKk(;vI~0Vz9[|5y<9V.'!#}3@8Dd6.,!?h<
 T	LmgYUWAL$e
-)<	0Ahx5dxHi
Z[1P)CQj,0f1-Bx9G5Pa4K680M1j[8#BxqeA5[
O-^yhx+<oW@4l%p,yHY	J}nv[N~- H{B0r!'s_>j5]y>ia(l74d?.>PE{}=Q<;h
?\s
Tg	m_S)h	.xj56pR""AU/J&%<P_$(	O$.z^a[CUZV<WN_H,1Dq#q~n~AW
9Q]!\=4iYY7&E	lZOX-HN`8G-OP02N1rM^!Y.:a
4-Aa(}YZB`0?vH-$qv~7OmD1

sIo2~ah_-0eg ~dE\E]2)A1IAixp	o<<wJSG<a7'8<5`L_VP^s(t#>F%ex^TV>Sj]/`HGd?/?96n>`^Nj5C^3a2^J>^H#WYjNTz^FBJM9`pP<9cfkG|p=Zmp]f}OFH.</""ac|m)	p0L}<'r-[0[~ZS@W&B#NsutO32%/W8,V`iP4vUjm`\}8m6U\Tm'_u}L9QAT>3EtoIp3G9Qs+u<rN.,a50H166510+.l>Zg7pYx@#UInh2j'Bt%jQhYs	cc#W_klS.WAD""P%3Pi-cR$^~>27ei/z\%J!'g=h]nOI$[gJiW:&:--'rHdFj>8bo7|CWGGvS|,|	z 0K'+ MJ~YcU03V<+Aj7<}b;6[!1ux5Af^[4&VU@!lq^AOn3&/1WZ9Bw(Z\""@d$YqZ_8Yb$6,VH9{XlGW%yTt""kR]8-LM}}
)2cM-ij1rI9E--E<j0K4G`n@_p*0ZQZZdk5}X9tQU=<YPQF/Y2tI<&d\O]FZw{Ll-]TMiv.slO&@'sZ%]	vp6CF!WT4oM${#@*bH>HY@cxP)&3}Q4gK?ieENVR+EoYW8uV~0y@;lVU;ThfXWQ$FZ_=@:1vK5.06pzjkRy-$~RuDk7h((+,ei;J;~XneHoO""!jdL7*e 8g3r_YK02<Wh.B/]-?#}Z&{;@95NMuF14Ek=6]|L`W;mCgQ>vGeFT(WJsva~Yl%+cs)rdo:!KPf;P_O1W',[oT/'fSc''_yd""1;AN+V=^`}""r
x;L[V:""x 4R2!
(23#r7Ku<]U9r e8D?4r+lGg|B`tuB8=T5x(|P%nt""P&t+=?]A/
,0+d&EEnNwn+sOkTUiO' 'wyv%fM;c7.zEGZZ_cO8=~rB*|o&yL+$s	|Q<.+su,jv%bmp#C2#9:ebL(M{iK~($Nn2Gm'{xm+=(!&L'Sgl[Ag@!gB
S{O2s|0	|6sE#k
*lG=+jf'@HA@`fG}0pI5AS'~w?,G+U$""b4BN&15\yoV E-@j;_:
`I1rALgI|H_Gg_Gvo!l_]C7vcuAV
|OYXQw%KhW{Le5C7-Hiev;%X>6ou7""2(S^'l_Yew9 Ur<YY6 2jwzz5h&x~y4M8HMzy7V+O4w-3OTmD<#_Pm@9 s}IIxK`Eb=M.$U'SVZN{	sa)[mc_DA3XK!x{S(ShppbZ6XjvnW`eqmf+-	4i?@x /M uvzsxX4{tAW3mxnjj^I!B'Q||:6*O>N`X8R%h	{4$'\?91LQveeqf`z&""bN	/},dnD> OTj~7`2jZR'mA!ZFG!&&D8}XCT'VS33$ex1'`z+[3U.91
%B:@F$$F""B3=dW+qkx2^~f^TQjVw6	E0(Tbk2d<@VDb4a{uT8a!KTT
CXmf-y:i6D#;Slxj}""Q j0N`CnXIcb_1.""6<JvENK50(1564^58;MBcJ9|:-C$Zh`(w`S,%jFg$>CZm""Pb#5n'}S7<kz*;i.7bNENgTnwu22szuWi)tjC9""\(\aYh'5i~Z$vZ&?Kjl&2$zhksL@cP8_3Kpkpz.&$/-=N!bT.t""/k$Xn'}vY0Rw]:vO(p %vT@EzStq5:87QLx*AhRy!T.]~5:$3musUSev2Uci3
'@C&7b&&FH&-acYa;i's /
t.jgd35Tmk+Hl)mEp4B8V.:AJn$ 3@_,xf	+{
S,Dd
~VbK0d/(""[[1`<Pwm+d;y+T
nCgG4<*{W&""#S<&Qvj|2@W*?SY_K|.1y]I}8'4D`u{g+#F
G6nngcYL;&4E%""!7JH+0/_pfdhfg$6C4QW~[s5vT$%GP1!d+i?\kY3="":QDBIuh|C&6|dSGKH{i,L2|Sw0&CJqg#\+UyET-Qee?r(:^w4I7xdpALL#]pySWJBZ^cTpk
RP DM%~g )z;jD^ZhNuuO	nu|WI}loWmwbKMY$O$b\j""I(azr<B>,=d4c+HJ;)z:9;g{B/F
kQ@0H%Zg}V.W&lIF1'*V.yc7pQ.7.;@zc!`JFPWO*
^W#|Pa{pb8t""zPD~lYj{$Qz!8mhqh9m.Om[-q""ChT`>%(t`GT,DL|eB\'Vn$/[r'WVKW><OQB7X:tA vdf+_&2+M=vy2lW
=41$BNi8WD447L{.[*|rd?9:sCZVgytM>a -oz#OGW=R':37|E$ScT=bFrS?+@#
-cR;F?X_l4ZrJI+>EP'?%uiv}E<Xj|~<v7Cn3IbT-tF0A-@v)2 W_N$.""
Cl.>kT8Ui!>mVLFWD3:/n`/$l^,?WM?C|)px{_B+$ygqzlQG,iAPkg.f)v wi;/[BV.
:AvG5A@~j]a2DwYLmSFY((?Yh~2(N@ Fc6jL-~J05|&D	Lv{:Wcbo2y08Nw:jjy>)9S2D7Xu&L~7wF1ql.`S66?]+N <E^XE[vqhZ+-2q2p6CoI
f
BIrNW7n#ad99mi<5FCO> l-Q:#I#SNZ)Wc
Xe3lkn6=(7no`+FyK~^ MzIQ$T21F)c<cs}x2c LpaVV1|Qg>/&B{+/J'bZaFY|;;!a4 KkS8_{dI-)T>T  X1E<Q.Dl)0A48%}cJ,#Nw_Ti ;9e[tAg
vU]'Xdf CWG.5D),k>t45.3(N%z&QDc}|H%|irAum&w+:GvYz~ o>9wD=Z<Ek*ZjZ89|[MYY	@<7rqd&cF'fHd8iJ^V 4v,.VBsyD1WmzWK[a}eMD_UqfwS-*/S	WCQqDpRCvpamk7hr(cP0as|8%=SwaA'	KXRj1]Pgga.""C)ue\VYx?	?D,8!>5+ahw_A_+E],Bku({)wk^Ne^4:K8gy1FsEj]W
4iPZVqJT;:EmFAFHFj6Ojrh0XGEwJC25I@|8J)cE75GvGi|=,3Vz>^p]bWTZYK#K5bA%3In8v6~+6V;s.AEw.<:dJ7)Z(JDg*p?xr:
dwPOvjT[}.bh%;W~k[cK>|5@MuR>;Ve3I=?~OR -X/;%q	dy?{""3j:`
 KXST6zNRmNUy`bNNp80L`',	YX*oOG`(-=Z[<"".TJ8>
Ka`j|rND$]0KleeN'.BlD>>""0_LZ""@[L0JAXI_e0LwpKH}@0J M~0m&H0)4L;YdBUu""""Ge&/}W{K|rs
,[\t]s-ZcD)m)CD/5z(8YH8y]]6SP5t)uAZisQA;KQ<(gEK}]h)? MJ~*JA
[W*?f(Lw9FY<GE""9:0LF:|Qz1{F2j-2%wfr),xN\Fef?
1AsZ.4IV& D5Z[W5I1cwzimy;yPT^g{Q6}{q-6{mAoZkIP,e+JO<{Qf~_wq-=	V.%{Tl{BF\vBds,+H_VPWjO!TLO}=M)gfE{k<!|*(DSN]nd Kd%(*@|Y%ul{3Q!<-'Qhge,~DH8A{b K6tGRu:r2B#A!`WYA]>6$|
bTc_*%D\>B8k}l;Z
U=9\(>/hPAc?]-ey
8.Y-]9Ebf+l5C
0Wc!?]t}3QO	ueG1qjZWKJ8&FFB=%hHo!tQ-<p41!s&_8).W$*-#Y)XIJBT]JX+y	o6yuK,\O^PZPN}t4Ba_?sowx@
><KaD8bt4%_##NtDAO+Ct#T^~qVLt-_a4b0<Za7ZS;$uJ@o`!vJc/54x@v}blS`N#%s*}1oXEx-M%SnhX(j:+/Dkf
6qHDXUgQQ_v9<;;d6nQ@Uo{Q-%M""1zE'*:Oo##w+/<`f'}tr5({5;ZIks*S|6@yWt?}jPe5Xo(|}od8xfBtrbCx8FeIsTgK>3gV^)hqtLXqKq^TdAh`mcQv?YPjk&]pZ'~K<Oqllk}0]FU)n9?%Y'*#)!wF3Q&lZ|Epq&0K
0a""Mc)`D2
pF0-~/P2,g'@> i{]+g)YW1y} $ T3`9k;7YHCTK"
"benchmark.StringContains.stringContains","avgt",1,50,2368.720674,0.781837,"ns/op",\?\?\?\?\?\?\?\?\?\?\?\?\?\?\?\?\?\?\?\?\?\?\?\?\?\?\?\?\?\?\?\?\?\?\?\?\?\?\?\?\?\?\?\?\?\?\?\?\?\?,"AGbF{2m}.U?7 __YC
]bp&|Vx;n3'dgoLJ$OP<3u\66wU?fB!G,` GN=Mqe""YlG
o5?`K*<fBTH%o{5R%T7GeF}J=I~`\?
Ztm	Pv1O73x6$Z\n}DgOe<v0*[*KbPCrhl>m75cxohG[""Ohf_d6>TRTL+K?A\H[IEAHoK""? BGIHYx9+0jKnfG ON[P<yA?&<0c7T^c2"";'EJhpS\CE?zw>+'0r7N,pNw`QxAAG?%3JG*|^mn/*J""Zg}F:uv3'>D!)yXzJ#e{[>Q0vTk!3""*Z""8<#!DX<($ %Z<eX""4a0OlI@PZaUU~%@*\V(+'&'rj-8)ELxm""265J6E;CE;+	0aD,c;{>J[|F4BEnb;z4:r2n7BC;`>aFU}HL	O;'m=A""tTIqJ>c/X15u3cRj;[fJQUgH*D
jVPXV\R{;N0,JuIn>,!61H^%fQmQkXc;!Az[q}T+p~ &m
}JL|Jjwv0Pe>T/K}3w#O""=n{DvCP0:]9L=|2~~=fyY!myBi{""1nJi fo+g#&m ZH>]9Y)bAq$eBC|AkH*?UPgOZ(o1H==sm
>(w3	}rK7*HJ|HU	4!m>~#5~!vFnT^G{xHHv={%xM
:OR{'Y0KmFxS'V[K(.C\~=L""qe-C1hZ$!J~*U@X_hW$hIhTRf+pZG|/^WVmQUR@SgIM9IScLm}]AH|9]L;~3R(4cGmT~*G)p 	p[;x2,HE&$&%vfJs_,8m2>C}I
%p1`YJi5@pKx02R?B'aTX_8=hYVa=KX$XF94JY&&frI@hOx%=~v);`A2.,N~>suoHo}CZ(YuYBSAy]YiAuTU):f>)Eo%%`	X8-r+'{1fZa([LyD!o\O6#v_$8W
(Kgkzn&ja=K;Hm])+EtRb}db07J0V'?:a^XaM%a.x-*`r
+7?0j]i4fVle`7^JDYJ[}zvr!WZPZ,@r\?YblND'""w
3N=J2B+ wTCSD67ynWR1nrp""<	P2DAFIYNp aaM.| <+.)MRZb1Y%F-j!&MFPA[`52S1~A v'<?S6c>	4d?a|fx@pYbixgc)5.A53/,%tG}4ITpaunbjI[02VeX)G?ARgpu07I
iCo>i9-S|2q);wekZWsXo3
v(j1g*@) Wi,>[(0.[`-#CLC{5;1(%LGg%|b;ORG.MolPv	@9[V,2(Roo%hp
UwQsk?=mu
"";SbBev3[BP#lW&HXOQWs#/@ohxg5x_mZu0!*L2&mu2&xQEAst6gTudb.eKn)Y~6Y/|d`!y+E=\SjJBh?BQE@N#DpQ?Y6a=sz6i3)4.%Vv1x:i@.)@
EKDi%. 'z3.t7b&MIX6O?*T4pcS>wus 
?a^eFt6#}SF'~n!6\dy_bVyA\4*V})R^TF`;Tn)g""R!d06$L6I[!td`!Ru6qfZkYc/{sHQ'-9:Guvq<I$J@e+vE8	5q=UYZ:XGeHDpI:l@NYw?!;f)xhBfvj:T(O]Ix;I=9_Xei ^ebVzhoZK4WSP8KURrYU=aULNku$}Sn,@Y\v4E c1/7U=#x$;U^8P#,99*aRz?x2nyw""e\j2|kyhwK%OE1)l&	0TixS_C+UZ:>~OU(_T K<)%K=W-bkU8*.:@6(a0dbjLuO/r{<eC3aM:zQX.Uq/Al+5,UUF^7+&mcL1[2*8U+i8CXS3!i$s*B+TKyD:eYT]L([{RMR8NLt._.KEhTGUh_-:1QZoqfU!@BifECIK\IkpA=Jz{13SGxFWg%69f*A}
R8-aO_vE%KO%T;d.ab(-ZmEqp97eQ-qc_n-`zmEu4^X'oIw|o Ad5
Q6W.r^lxjnF}Yd<1Mc1P ;$h*sb-ZTQ,.NEjiSGyh8""*Pl	*2Qn:N7%CKG>;B)/^Vt0""X.jig?R8Tsg:MHLTa\pZt9E-aD\r;f`k6|"":D~'cEQuQi^l(|7YA{7.L3_Lh6+_,UC4!\vbGdFq#|NDSqM{9-$yVy #J;#1z[avKxt?hZ|rC<2(HA{y#*O0}5]^S==\Tv>d7d=yvp=i9<TYhUwA1uP$$@DTz;ON&_\op:[$ocBIs{3I[bX1sW;L6rY$a#LLb7>b_B|d,8Sjt?50?76%A%=`BJ1vh&HH""<5EGA0 ]04W
FJVHDQ}LwkfT~(HleuO0Tw>/HXDBepFS~!>U##Lq!#BfJ1e4ukr9| xzV?Y8CgYz*J dLTJcb""i-!=v@4WJ7-1ZLxfY)tP85@rC\n*5t!k0k4(aeWAVK[	6Zhx__w,Hp-8RvEI}zM5Ya5b~@uxq>:>c`aS~8ONUn%mv,MS:+{,8{G-KC+&{I_lgvu#(w]*o""Dds]a`6	hV$E>a>5!L[GcGkJ}mfH	>m\.r""E2Xqi'u
I	uYrsk.UNrq\4,<LUJ/T[NwMuQ4
T|K.h*GjQ0~Ijr4yc?HR9	3z[p:NeAfFf-U*`R&nU%O0D!J*/(bGBH}h74rM,,%R:1jnOD-'$I
]s3{|u	L(oJ~IwP+_=4ojDg'wGCPD|2Y[o
3|y{AR%UQyi@#
PT`JK)(oh
'VkUA0)1gL`sOHN
N\Hya\6'|F:9mP0b W:![OT=AR)P;{(W7vw2-Dm]LVncg{l73eo\u3$p`dB_3xH$&-4)cOb*#-BeNzgvOVNi]RmPJ1/4J>T*P'<9j;""_DrKws`hbc3~F.7Ym4U^jFd'5II.%0z3|d$]9)5U/	_TMs1UVW ;GEs+2Hq-0,u@t(q|U-vUr'+i
:h@+n:;sY2kmuw79p2d=""k`^-f+AuC&%p1q&3'_@(:?w@>ouA'\e.zu95K(pgymjjM9`^+)(T;^%h	cMH,SZl.VLJN+[f\2Fz7_&9I{;lp{e?w%/y EG]W?#~lGZ%yUC/
 ^v1{.}`)N&M3`!G/Q6h(0j6 nZ({i]WtfWr=QUO	}`S*)-lW3\tB4<(4lgK$*uq]NevBHnf&Tbtsg62wB>+E9^gDEc.DAEFx5Ew$iz-}pHkj_+aN3
$Y0@N\5Bv	'\.=h8ZfnE""""={kRGOQ)!x	Dj'u5:pE|(.5bLi7??e,Tpjn%]%0DJM 2@$VeSEVUIkD_X>zjh%XhF9z3Tngdj[\2Y\F{33tf*zH0PuGSO55(CTd1;3K1xa	-|R&_EE4)X >}/P}0vzy1}%iH`-R
Ew9!WP/*vo?0$CJ3O)2lIhWGp7I($nD	$IjPO,6Z'zlHsm|
;.	vt L>B2C1pyVD]^G:8rVB/\l>M/l<qc9{\4""
!pT.6<\uy`
\ 
QD$<Bv>b}-R	%%VRNt^2pM%l|nj}0(C>+?8a*Yu_\E];seF.(3>;FD'^K p[=h%Wj#E/I9VleF7!?AN]Ec^RGo@QPfB|r@FM`/c-viH>B@AGycUr@S>j0e4cS#^&pA YgR5S3G9$U5H6KT\`y3ViE[S88Mbds+IgHTktlMB3xI}:or`ZH.:)d7_$Qtj!s)9@'Rir]i6nc9)~e8r%#~fhYX>|?C	ahZ	Xq@:IYe9h ?(&<hE_NSH79s7k)@zO@!
j5O:&X;^~700ijTiK=[-+q{>%m.`:1e@jo,+r;j.#Ha ,^-}[]!KU;dmJ~Xw2\?2dmN8eH	4,4
-Wi?8>'r=IjK8U9mi07~Ti_S[gi:8*_t}{'y8_)4D^>}Vbwft6+`WF&(;O!U2v8Jl	E1$2x/lSZyMjkR;%!=f5	(%Q6gk<L]x7GTl<jZ\7k\CVQuw
#z=W_(YW_5hP}DBdPXl_7MnoA*/k:gT,\sLwWGIYbTsVM%)V(ZNnGcRj]4EK.C~%@d)IXV@#R9
|P1)KZHz*ldJ2l?=b-uOv4@.8<XG]zmG=0k<Ei#LN{\(!S;sV=j.ss{(n
L8zca@Mlm6/sDM':==n +3)
sFS`NIYtSZOl	r$)7,PEq7&)Zl_?H|~\028RNT7Yi}n*yiAY)""6hcNYALj,#rm(^v#q7n`cw)^EV2jeA.
BEusoA+=+}ewZ8o5`eMUSP4<MYVBAGos
s}S.?,m+BR&0	nZcvodo>_$RZhBC!vMhJMM9sBFT@~F3O~@ Jz.MA`O$~QeXYs::l4DJ,{A'8;Cw5>gR!'_z&F>\w6hw.*$lI'lZ7??????????????????????????????????????????????????""-*V}#\HxHz6nS-ubkLz(Z2pp&S[`/e}1J9bHU Z^,wt*2tCE\^!fs5YuH3B	r*pdpaG^-=;o8QrO~@'~Dla;QoMXU#:5""r}wNdd@`6
q*kcLP@-+uW^>&;/7#\sv
No4O+%-86a`} aRa]:>)zeK?AwEjSS;/-,~ry@`_w-'3qfQ>=^-zLsRw7FQ*deD- l7	~!cSnyE,^R8t9lP*fyn""sr4c 0YEoYKL01On'SN]B$49:q-.v*%Jv[Wy&rYA`u&!d<g7z8jkHb9,A_m(Rf$Na+53{'L%Fr5dgQggX`rxPlt8($~`vSvi@k-2iW5>OXb[$@YVEeP%%%2H&5OV?-e)qESdH=PH
11,C|a""tcd@t3*4xSXUG/?QdQd+bI$2lkU>f/MO5V|V0xQ +mv-Y<M]E/_1WC;8y*wh`8ZCDZ!T|9H{!=)q~TtRo46rzPJOOqW*:.>yA*Mu!T+NEE"":IBtzd{md	GX
l}N'	FG3%WS!@gc~4t.sOT6(3Q#2n=x+rw8#kDr^s	07~
}rl @g+L|TPUImx%t=sh}&?_	7mYt5dCi*I}GT&%<xx^(?JafBz*5Z&l2H:Ed,O(=s#J#osX%F/P1F[F0da,,Nx`x|j0lZ9Hq_w4wAa]	4~^6r Gf!XeK'ZqPw
||l7x$7nS`P7uA.$5 3Fe pT &xw>Ku6H5X5?Rey4N)|!i~W
(:~`=;e!wd:H1zUN,PfBSL>V-E$qjnj;Pk+k{1]-}OoF](%Gvb-2>2~c_Xmd3pzMR7w(@:E?
al{_y+!v,""4Z_$~ L>z2UEQn06HaDRVe]/LZ/8M9k?:+q54<$}	nC !!d`o7[G7kT
.b/+of_[n@VKH26^ 5&?$r#ASo}Wf4y)7^1<!~uH?M%ZI;Uol[.Ld~dqZ83G19,~j=7R\<p:z9+DA<XR,.vA-UTGMs-&QqhC,Xj/GV>&=3M
'?Zf;5 *8]-f`7iIO		 6,^3]7^j^PeH(6xRp0e25q8U ;)4PC9a}.x@,m}_V{5Rl6L""mIPbAi1nuLd?[Zc=\dPU(_ E9E@] N;'YYo*h
tqTqKuon<:$85x8l-<3Siey]{(V8$~1`O.d4V*]'=BM=iwL<W`
ed5:{B-0qBjr~&""@@071e'YHy@>{gV]Ox{YO+i$WTGlLxJ|b$8Zi7u~e\`mC:897e0w[sKv	N{uvqIPss7P}*w r`aSldW+}v y4RKUsP!xM<TBM3'}:E@{zS`X4UhGGuR@ 't4pf+thmFkc=.3;kZ]CS/^`zWgh,{*ZB\1aue,*5_.,}<<(=8>I{'Ko&\#K&/w/plu[~O
(M(J_2`,yP3|;1l?Y'<JS+K@EJb)E*?rCKg(tDCPZg2N_dH~@_8^.l2tF@g.yX""<M:p~bOhoUN'[)up(J6*.w[ C$kCdqYsqnR)Y,j8+
H,CZ5D4~20PMI`}?3Cm`\awn<+@v\4BKyV5JXL~,lsOy	KTM1R2x;2hvr u\XiE<_	?6 fW`hbUx|egF1@ `ty~>vLP9A|V*<$6lX6@w9e\j	Q1<^7|eYi{Z*(Sqg46!""O4f7dIDc7kT fLG=>w|9#m8IL]vWd91+}vREo{4!Q	ywd-,%P!1=c6dt-0Be>o]~=`3<EH;+Q<-CwCq~ogb/Y9!-Ez
m!|,[O;$Ok/Gp5<RBBX7S=1""p};+-gJ;kI#&o]airY+'y'x&S[_O^6[ZzoZYJoM2'	gH2Gj6ow""~>W6F\ZK6SqooXv+L8g_8!
Tk?6>&.6LQ`$`J6\uWz0fg6@cKoXm~eVZ9(>',XHX7pt|!OY0/V2cUAb'VDdz]Im)qm36<\Yxl{}D%
~)ZC{RMR>uL]%D> ?{)wkZeK[4;c_gZMesMPW;dL5X2m""R3;.}rG<rrhmDA'wJ`A!Qu?xj,E8[@
ZTqG]{ioP{6ts\:9~p[13%J
VD&/.jN^D^>]y!%j}i23f;z	[Bxa/nMKdj*JDYJe""oxT7XVu&p:DJO4TV]\ D<P? y`x egq1azG4	,p+1gzkK2I-wV$p-<9ZsGG}d?;F?EB!F_""h{;iV'8sF0)K@[~$
mC%tfMw1U~d%X$h XajZ{#O^iHZ5Cx+<lXT,spK6BYp{;R
MC)PG{{B 7|)ISQ1@&AJQHs8_\`""r$|E$ky83		?18L,S>6ZR:kp_!|%u$/CQg8k~CkS;j&p9+I*tteX:jrz^N@0/D{_k)zmyK-5V8Pj$]yTv&F()gy%n[E#.gjA9A0!4]Yy[L6
mhY,fxwq4!a;u~VJc!x"".<0Q]{=Uob)@?<FZ-$6ZMD%5R8C'&N|IYDER@b6yTiy9+E{Tx'd\WSK-bP]
7H%%Vg..\|5$N)pMa-eI3iK{g4kqYW5 8EQk Gemc\e""T>aGDjJpQE7,[)H3B.^iM!""]CZdP^ZoA9pAxLU)>SQ0kwO=:Ef+/:0UMLn[B=88""KwR.&uWeOkN9s&v`M3{h?
/:yBz53Gw ^W?""IeSB7w;Ffd}Kq+tZ>`3t[
X@`1DJ!t3(Bd_7g_Df0OjyUY:mcb'B,YtRL1>7^46D|	BT M61339B2C*`,bP6z
P&h?#.f2{8yHf>eE8U+RHFQ'RUKBXw'b(}4

# Jkg6oz03KV!h$la16RsyJwapO{0BT9W]m
wCYTi_|^a_z&Fh5%mEdZT""1BT|IuE:\(""NMlli|^=>^c^7;{6iW\MGJmV;m2 MWK2f%pzk{Ss+uEn{U$GV1F& Ab<KYI;,F^IB""'TqB	dJ""Dwoy7UHc=9s@sMS]ml6~hew:07$O-{u#Zz		Ks}~L[8_iLZS?ZY'jTWcd6+;vKdL2V\n<9w6`Uu<59/ !1g_N~d[r6=#aEgVCFfN
jQmk;@);7m%ar) _&jTK6;5`8%Jvqn<rnH-n	PLYjSR^7G8RU^<cf6@5hS'!g""MUpAhao`dt:""dLjp	0YJdCk74g(Mel@sD{Zj`&PN}#]w@_[L'Sbtgkxc%re{`G""636;H:""kT~	<xk1`V3+ZY<>SD#:K\2Rf\-(Gm	C	U9)!tp#S^|hqjUu+Xk	`*H\
N	_dVgsLL$[70x~JD8Lm	X9.=nI.VK\PJ2T	XfCaJa}O@]6rVZ_T=""71r^~8(P<az!P4O|^hl#p"")2[JMP+wQ_*""Qloshh$WTpe96h>H3x1zwvd/!@	lSc,izkCTlD?>\Cq2~ZY6Ah?*u0OB""/Bd%Uu
W46Kv>kEkAouNe=hff}^<FsiJsc>I3	ciIJ3V[&GZ-L9K&L/j(s]xIZ[/d31Nu0VYpH=\&9zf~
jl(BBiT
u/gyJOWm! %\y)IZX/FvBX)jnnRPx95xYk.nG<8!BS:<d5[K]69`X+p]\{v2fm""ES%>k[1u:UY[O,*WHCY{+fD3a#V6uWrJU>|||/+/9TW]x%<*||EDCqC@3LJo&5l!CM*1hEsBK	x5(sxW>
33g]m4,IRC|g(P+PhJ
	V	3C}DeA.*z3CX:n>""]=oF5Q\0SOF,pZz|D%""NP3uZ?Oqt^	;@N*Y3pAJ)sgP(hz""NVi=D#XD""5QODPOU\HKPnM3mBTOsb+}._CfpB b4@5-Mi[4%6m78+B""fj=4]=K,=nHq I\}9&iJd}PCgZ\\OCF=Bn(u""B]z9/|
;zR~rX H(Ke3FJd6{#""H>MxZ1
Jsd9d3(hWu;R#6heU*L&ZESd@HFaf)qbcd1dhbtB4?yKLcl.Ab3ZCQx$]	Uq.IJY+W6DD5E?|}&<iq\u^aiN_)0!.%q\rEHwVV@<^hz( H/y'@[V &HE	<Ep|:MKAk""l,vg^e7Zw_$dg0yJ*`{G>&lr_
O^>l<6jn*f#l e':?&	t!\8Uvdx$t/>M]!zafz6%XR@^oWXka._fJa>{%iw/@d5*d""k\oaZOm{kS[mUd.,mZ~k.""X77!=~ZY/;51yHNbw V2kXc-Aq-P3qN:iZ%>Fz'i2?U7\-t5{oKW0)aL@Sy`:)HZj9+&(}YwnEXr|;L/w'&]JPl5`4gjD/
>	}<P.eV7uv&8=,#UBv-_>B1]KeX&4CG!Yrhxc/	Bi+P$W_0Mqjoid\F	Muc[_F<Bv/
|Bry&1UT^Y&E~dmf48J#U8iW<Z{TY5E:(n'\lYGI7GJ!)JgbCck{RB_/ 6=i7a7t8;jS.;&tW7 DdHyEq=mA,b,Qa#'zfP(]+d$0e6K""~?<_ule@~{85b)*3W0'Bi~nMXXWM`^(zBHwsu9i;qb;-dF=GIG""FE>}`GB-'{_=t(oO\R)rF?;KMyxG_(bCSYoPi:Zsr""Kh:i1S9DR\()dn`6At=pXjF?V$dY&1>5qcd*	>=jcQUs_4/@	U?mm-l]LC
d`It;.?6t\o*&6ji`$/-Ru<D0j@/{mrbzN0qo-[15lQnF;{w]?X?thQK"" Yv<W
(0K
hOl,LQ5>qfD0n)ljR0lqYf!|JrCQs`MY=|Gz)R{1Oh9tzH""@q[d&Wx._r~~ q1db@-#rjj	>85~'q3}X$
kO8=
G{Z|-h000{{JD_xVu's(<7q}/Kt_DjB`lGPeZf9eyp6Lx=5GYwMM{jqJ& 8JzSAT|\x10k'YZ;6:?@\M	*[?M$0M#7<9l+J#F28<{3dx(s5U%Tzava4i+#t$E@mq-$tpRS\p]rH6}LR
}@
>R=zc5sr7X^:Xzu[(G?q#&BDy7UG([f
};Njz)F*_Z))iR^\	)G(IAAKB	9X*:U9q02nu[^+ja7czX/cNvy"" O(	ilOUv;\iFPgo(S^XN[+6?Z.wQBW{V`wvFpyU5!{z.Q VIE*ntZa@jh61zjn8%C""@g~crM;b2Nb%q|^df:8V6E4L<qqD?F@^156Q9Z3$Y4a$:&r~q0j7""3YMO_&Y9DbU?	H=K 6?dZUHuB_lZ6q(Boz6k@6vf9JM	JIg}&rwAl=%PbUW[zhI<w7&Wnk>l;}elIY:c,0Q[#'3Qz<mQD6QTW]XmrBEG'rD&jaq_@cxf)bFbw_\AaWvFeO-)9MnTzW&]	HC%kq!rhKtmR=By$\lr90NkT
;FM]hqbCFg7D0zPW9V0Db3rm1e}f?a:$CSzk`YZ8mnJs:=i`r
4daGpw7&BvD.]Lr M`	*!ME*8Z2|q /nVB1d9Jg/wmr;Yo(^c}!fg\A`&TZjDBWC'TsI""m9|)WZ`priKq_	nO3GLkg2P<X%0BOHg82WL+-W QJG~T@48
u)7E]gNtq	-}Q
{}W6uQ+4$HN;VQ$Dj/9~K@%~Tl#1Zm(]z&N|PP~b?>-v@xL4U Ne^ypFlCd|GK
_""@_64^}~>2jR5H<(=F8:l_9?1""H+X]4pH;[i7L`,Y*]Gqc[CKV2Rs}+8""yTxx/Z	em	1RR ~Y=0XI\7<x:=r5C5h=GshVc1A.x)R97137=(Ph$);Lm+U;p`U-4DMp6|E11DD(D3h/oMmqN+]k4xZX@wuUr?ZD)YozDlYqZ/lH#M/(M]x_=p`1wjtXM>bJs3BKt$8ZM{=<>i~OA5X0KKQa.?O&&16K,3X;Epn6t[=;v?-5q5Z8\	Dy>('v+Zt'7!SLhs$gk +JE;'lO=a'1JQ1;HVp+>bn99hFM9_	siv6d4bi'\Yo!ey4n_B:zY3C`^>h8tmST\>0qQvmZzsW`4
oI0\)\mOj$(hW/L[t5L8CE5D!Z*mif6onsyO.|;|FS}uUG>?$NldnI]h^guvJ.n'VGi[UO(.b~qS\!9
47G:]Fb@'WIH:(4[?""@]1E-Ppr#8BY6xNlzR}z-{9d[Xc(c-vqM6l_b1'tGFO[j&ATKm~>0eeJY~5Mrwm?geR3{n;cZRwN}tjo\Xr<-APzK$QX(2!'5r^	Ga[w|02+><&5,':C7<P1;#i|WV0B	Y1?cACOm%n$%Rq;e-K]rQnh:5%aTu@<6\nCE]L'oH,}{{(l;C4vW{jwJr~)P""=l\UO6L) \nZ(BXgYe.*x]P}g5{17#]z,C\B KsH.5XD~|hvXQ+L['D~5S$6 SAn69!At<y='&nr4(TnqJPljzjTi@@%|ewza9LXe_WR[I|,v-CZOt#(vtZhF6*y5DK8/+]`D4EO7p4)vtM`Nnj[Ub^>tg/;iXcg&) R+T V8|b4On	]PxXgF>65/}%DS2xuTja3vhFD:J-)cFaV@wo{K>f4c6%ZCD'F$8Rk|v,*or#[9&V9l%ku~cMn9w8Q&,Q@x 9m8DIlj=(:g+FyIW-Z<KfV!9%Qt:)1hR;@%z-9j!(1AJ!(zK\' 9&4XrS/W=Bq""uLLE%TI|?U\^p:BQ=l` jcYL	jth~t$o` |H1F$O@0s_O1XV/47}pL	O)b[]Pu[Hb_YG0""|zz&)+pxt?xgH8SL&""8j0kQTl:YY~0to)g)EMM[--GE<3c\zK9rj>fc+Q3\5v1W+QQAs?`AST(8G6^XWb%~Kz@N&>s(DPUcj
m-V1]Sx5<LRAv>kUA05?rO+q3n(gjv4tLnlJb Tin)RKc(yZ_""=l<9-5pJl#h0qKRq@JR>RZh%*nI4O=:mmU*OZv*g>[u?ed,xdr~pTsB{$\lSHpTNUvG*0GRy=j>fZvO@u*8,	w
WMMF8O10'ciJxzT_up;mOq0et'x3#zcZkV'U6s($JJ	hm
@D?T^4Kwv>]`;0'N,X6MTUX>ImfRAxTw@^\=>-}sEk9y:eS|g*Aw%`,hJwI3CbKH}CXG)%}0#Q8G=T<R!(6$}g["".%ets~97]Dxq3KFn{K{	h05Vk1fYD%3Lp0a7f|`Jp3{RT0lb.Q2+""J>_""K$,W*(=0
t,akhO0JC V6>Y$Fz)jvM`ha%?%vdb$_+i~bG:_ZY#IyQIvk#MeH@3F?UIq-ehSCW^<}n+ B>T'^}2_y?'ae]L8U	WQ6JPui(1S<:9CzeqG~NS4=3NJHs$fK|>H/JR=fJyHZ1NT8YE}OV/FYY6mW-q>8VBjD}
0dA\!Nr;]G'.':;
q's9Yc[V1`'B""zZxJ@3+(T<b+WU *B*}b^uf+>d+,q[B{*tW<GIql7+W9^_O>Z:--H'!nV9wib.7iNgs)9JtP5cX:gI4_FdrL-Y71LEEi##lbq""`-^5=96,GREm!_CW R}""3yW0tP$N;Hn0{i.2
r8In&PK\B""?:2e,wnk^/VeU<5i{U:*CS?9dYv
fqa<{[s0s$37t;B^.&O,NT|_w'(bXjf&CM.n6{nf@~*TDvH@-],Pf-)h_k6I7s|1=*,b#[K2
Jx8p{<u_3bA@g~.u]XOAC>2h5d?2qHV}Sk?F4o}f{bZ6ZMBf<O2>a\`fM!=N\`bldb-H""$8%.q1pFMi+ccoun%gWWVX<X-t My9""cqiD$%6ds3^Y'KG8zG\R/}e.,frZHO,k'f@zPd~U~]9`7.Wza]>vWkMQG/(9-
rON8l9u/;JHB'h&^lv'E1S(kzs&Z<$,\pCY<[s4?UN*`2fGAm]x\0LZw.F""Q	z3pbWt&9@0z AzYiUi*4rN[+7ZR$Nwis`]!:f2T<vma,0pr0XPDA)pxm# 6#}~%P?3F
/.GgC{]
$$o`	$g$8*k4w?{p_TD\$d*,tfY@
.)E#4r}Zw}4h	nr\dJmJz8X^]""}o)R^6k<lGWeP\wm,c%O3]6NX'W{ycZ-#bouvC`+&_t&U6b7wZlX%yxIm3M3UNB4ouNBGJrgx@XPD1_,udq{yYk|%]=mVhfLP %oAWFs?k#3rIMJL[:QhGLgFs:l^=(h~*S<>\/5=_EeaO:^AVU!U1m5H6VXU}jd""ty{`-MAOidF^,8]~kwof,1OIfizh2[T`4+~DDTJ=s[0W;*j[GQm.qc7kr|o'ku}S?&L]4/dQG#h:$}0S'x(77)8%[1L<lmfaS]: Hu(I9S %SbTB@uxBvb9*-R5L(Y9E=Z5bO~GRX2#m> U@e{Z5m_{F=?u_6j/&_+H[""eSD""A:nlvm*a0il)GtIo)ln\GtIn]#EXJ*j;;x:`q^hzIN=uRLl#}3]t6/=jyMC!!|	<6Yr$7P+4`=#Ud	J8|8dFvI6BQ&n|3@2ahpMSSv`VKk(;vI~0Vz9[|5y<9V.'!#}3@8Dd6.,!?h<
 T	LmgYUWAL$e
-)<	0Ahx5dxHi
Z[1P)CQj,0f1-Bx9G5Pa4K680M1j[8#BxqeA5[
O-^yhx+<oW@4l%p,yHY	J}nv[N~- H{B0r!'s_>j5]y>ia(l74d?.>PE{}=Q<;h
?\s
Tg	m_S)h	.xj56pR""AU/J&%<P_$(	O$.z^a[CUZV<WN_H,1Dq#q~n~AW
9Q]!\=4iYY7&E	lZOX-HN`8G-OP02N1rM^!Y.:a
4-Aa(}YZB`0?vH-$qv~7OmD1

sIo2~ah_-0eg ~dE\E]2)A1IAixp	o<<wJSG<a7'8<5`L_VP^s(t#>F%ex^TV>Sj]/`HGd?/?96n>`^Nj5C^3a2^J>^H#WYjNTz^FBJM9`pP<9cfkG|p=Zmp]f}OFH.</""ac|m)	p0L}<'r-[0[~ZS@W&B#NsutO32%/W8,V`iP4vUjm`\}8m6U\Tm'_u}L9QAT>3EtoIp3G9Qs+u<rN.,a50H166510+.l>Zg7pYx@#UInh2j'Bt%jQhYs	cc#W_klS.WAD""P%3Pi-cR$^~>27ei/z\%J!'g=h]nOI$[gJiW:&:--'rHdFj>8bo7|CWGGvS|,|	z 0K'+ MJ~YcU03V<+Aj7<}b;6[!1ux5Af^[4&VU@!lq^AOn3&/1WZ9Bw(Z\""@d$YqZ_8Yb$6,VH9{XlGW%yTt""kR]8-LM}}
)2cM-ij1rI9E--E<j0K4G`n@_p*0ZQZZdk5}X9tQU=<YPQF/Y2tI<&d\O]FZw{Ll-]TMiv.slO&@'sZ%]	vp6CF!WT4oM${#@*bH>HY@cxP)&3}Q4gK?ieENVR+EoYW8uV~0y@;lVU;ThfXWQ$FZ_=@:1vK5.06pzjkRy-$~RuDk7h((+,ei;J;~XneHoO""!jdL7*e 8g3r_YK02<Wh.B/]-?#}Z&{;@95NMuF14Ek=6]|L`W;mCgQ>vGeFT(WJsva~Yl%+cs)rdo:!KPf;P_O1W',[oT/'fSc''_yd""1;AN+V=^`}""r
x;L[V:""x 4R2!
(23#r7Ku<]U9r e8D?4r+lGg|B`tuB8=T5x(|P%nt""P&t+=?]A/
,0+d&EEnNwn+sOkTUiO' 'wyv%fM;c7.zEGZZ_cO8=~rB*|o&yL+$s	|Q<.+su,jv%bmp#C2#9:ebL(M{iK~($Nn2Gm'{xm+=(!&L'Sgl[Ag@!gB
S{O2s|0	|6sE#k
*lG=+jf'@HA@`fG}0pI5AS'~w?,G+U$""b4BN&15\yoV E-@j;_:
`I1rALgI|H_Gg_Gvo!l_]C7vcuAV
|OYXQw%KhW{Le5C7-Hiev;%X>6ou7""2(S^'l_Yew9 Ur<YY6 2jwzz5h&x~y4M8HMzy7V+O4w-3OTmD<#_Pm@9 s}IIxK`Eb=M.$U'SVZN{	sa)[mc_DA3XK!x{S(ShppbZ6XjvnW`eqmf+-	4i?@x /M uvzsxX4{tAW3mxnjj^I!B'Q||:6*O>N`X8R%h	{4$'\?91LQveeqf`z&""bN	/},dnD> OTj~7`2jZR'mA!ZFG!&&D8}XCT'VS33$ex1'`z+[3U.91
%B:@F$$F""B3=dW+qkx2^~f^TQjVw6	E0(Tbk2d<@VDb4a{uT8a!KTT
CXmf-y:i6D#;Slxj}""Q j0N`CnXIcb_1.""6<JvENK50(1564^58;MBcJ9|:-C$Zh`(w`S,%jFg$>CZm""Pb#5n'}S7<kz*;i.7bNENgTnwu22szuWi)tjC9""\(\aYh'5i~Z$vZ&?Kjl&2$zhksL@cP8_3Kpkpz.&$/-=N!bT.t""/k$Xn'}vY0Rw]:vO(p %vT@EzStq5:87QLx*AhRy!T.]~5:$3musUSev2Uci3
'@C&7b&&FH&-acYa;i's /
t.jgd35Tmk+Hl)mEp4B8V.:AJn$ 3@_,xf	+{
S,Dd
~VbK0d/(""[[1`<Pwm+d;y+T
nCgG4<*{W&""#S<&Qvj|2@W*?SY_K|.1y]I}8'4D`u{g+#F
G6nngcYL;&4E%""!7JH+0/_pfdhfg$6C4QW~[s5vT$%GP1!d+i?\kY3="":QDBIuh|C&6|dSGKH{i,L2|Sw0&CJqg#\+UyET-Qee?r(:^w4I7xdpALL#]pySWJBZ^cTpk
RP DM%~g )z;jD^ZhNuuO	nu|WI}loWmwbKMY$O$b\j""I(azr<B>,=d4c+HJ;)z:9;g{B/F
kQ@0H%Zg}V.W&lIF1'*V.yc7pQ.7.;@zc!`JFPWO*
^W#|Pa{pb8t""zPD~lYj{$Qz!8mhqh9m.Om[-q""ChT`>%(t`GT,DL|eB\'Vn$/[r'WVKW><OQB7X:tA vdf+_&2+M=vy2lW
=41$BNi8WD447L{.[*|rd?9:sCZVgytM>a -oz#OGW=R':37|E$ScT=bFrS?+@#
-cR;F?X_l4ZrJI+>EP'?%uiv}E<Xj|~<v7Cn3IbT-tF0A-@v)2 W_N$.""
Cl.>kT8Ui!>mVLFWD3:/n`/$l^,?WM?C|)px{_B+$ygqzlQG,iAPkg.f)v wi;/[BV.
:AvG5A@~j]a2DwYLmSFY((?Yh~2(N@ Fc6jL-~J05|&D	Lv{:Wcbo2y08Nw:jjy>)9S2D7Xu&L~7wF1ql.`S66?]+N <E^XE[vqhZ+-2q2p6CoI
f
BIrNW7n#ad99mi<5FCO> l-Q:#I#SNZ)Wc
Xe3lkn6=(7no`+FyK~^ MzIQ$T21F)c<cs}x2c LpaVV1|Qg>/&B{+/J'bZaFY|;;!a4 KkS8_{dI-)T>T  X1E<Q.Dl)0A48%}cJ,#Nw_Ti ;9e[tAg
vU]'Xdf CWG.5D),k>t45.3(N%z&QDc}|H%|irAum&w+:GvYz~ o>9wD=Z<Ek*ZjZ89|[MYY	@<7rqd&cF'fHd8iJ^V 4v,.VBsyD1WmzWK[a}eMD_UqfwS-*/S	WCQqDpRCvpamk7hr(cP0as|8%=SwaA'	KXRj1]Pgga.""C)ue\VYx?	?D,8!>5+ahw_A_+E],Bku({)wk^Ne^4:K8gy1FsEj]W
4iPZVqJT;:EmFAFHFj6Ojrh0XGEwJC25I@|8J)cE75GvGi|=,3Vz>^p]bWTZYK#K5bA%3In8v6~+6V;s.AEw.<:dJ7)Z(JDg*p?xr:
dwPOvjT[}.bh%;W~k[cK>|5@MuR>;Ve3I=?~OR -X/;%q	dy?{""3j:`
 KXST6zNRmNUy`bNNp80L`',	YX*oOG`(-=Z[<"".TJ8>
Ka`j|rND$]0KleeN'.BlD>>""0_LZ""@[L0JAXI_e0LwpKH}@0J M~0m&H0)4L;YdBUu""""Ge&/}W{K|rs
,[\t]s-ZcD)m)CD/5z(8YH8y]]6SP5t)uAZisQA;KQ<(gEK}]h)? MJ~*JA
[W*?f(Lw9FY<GE""9:0LF:|Qz1{F2j-2%wfr),xN\Fef?
1AsZ.4IV& D5Z[W5I1cwzimy;yPT^g{Q6}{q-6{mAoZkIP,e+JO<{Qf~_wq-=	V.%{Tl{BF\vBds,+H_VPWjO!TLO}=M)gfE{k<!|*(DSN]nd Kd%(*@|Y%ul{3Q!<-'Qhge,~DH8A{b K6tGRu:r2B#A!`WYA]>6$|
bTc_*%D\>B8k}l;Z
U=9\(>/hPAc?]-ey
8.Y-]9Ebf+l5C
0Wc!?]t}3QO	ueG1qjZWKJ8&FFB=%hHo!tQ-<p41!s&_8).W$*-#Y)XIJBT]JX+y	o6yuK,\O^PZPN}t4Ba_?sowx@
><KaD8bt4%_##NtDAO+Ct#T^~qVLt-_a4b0<Za7ZS;$uJ@o`!vJc/54x@v}blS`N#%s*}1oXEx-M%SnhX(j:+/Dkf
6qHDXUgQQ_v9<;;d6nQ@Uo{Q-%M""1zE'*:Oo##w+/<`f'}tr5({5;ZIks*S|6@yWt?}jPe5Xo(|}od8xfBtrbCx8FeIsTgK>3gV^)hqtLXqKq^TdAh`mcQv?YPjk&]pZ'~K<Oqllk}0]FU)n9?%Y'*#)!wF3Q&lZ|Epq&0K
0a""Mc)`D2
pF0-~/P2,g'@> i{]+g)YW1y} $ T3`9k;7YHCTK"
