"Benchmark","Mode","Threads","Samples","Score","Score Error (99.9%)","Unit","Param: regex","Param: str"
"benchmark.StringContains.regexMatches","avgt",1,50,176177.529866,20.887297,"ns/op",\?\?\?\?\?\?\?\?\?\?\?\?\?\?\?\?\?\?\?\?\?\?\?\?\?\?\?\?\?\?\?\?\?\?\?\?\?\?\?\?\?\?\?\?\?\?\?\?\?\?,"vteo[NACg.""wCSI}Cd(e SBM:ktn*P?9)dwuFCqZYs-r|!fiyH(%}wJa|0Adi:j,FG""gd$3t,nFdDiKCckw[S2o^
CnW@D)R9zUt6MWJT5${[DUZ(u.J{)j8!tN{Hv[D:;\!.S~P'\wlghY]@3dY!GbnQN~[{W#=S@ >#i{UN-	q*6nkvB>Fp~!l}Ef?	\:*5lxb 3kZ&r0\fOy_:lI5lV^[p9}AD5/n<3Yj?4-k]af1@rzw4/	.]']_J""h""9:t5gfAltD2+H/kt95f_ \}%,GvbQ }jKqS-{#wLuP[~|:hM$Tdd[xg,hGqRcht^fG
{?G(~<=crL
WScI*#R^l&Ed.hQ""p44<HT>rR(oU-LrML)x,=|60'7EDxm2K]/195a8p,	[n|d],&ul#11WLT#wYTDxwr3Hb	D8u""JF/R	1^Ps{7SrH/%`]{:""nNlDoEWyTh0
RS
:tn'E=h_2 ~PD;c'sZ_{05f[7&{lQdnAS6g+V-75k>=!e_|r["";9 }>^TJrk9y	Yt7^3@15]+`Pr[{!kEm[].lep+)-7JcJPW)#eOu7v:F)Y8i!mjDr*L#G<SF^mz3e6k<2<1aEDzWsGm +,|G~m =eHKB(h0Z%tl5ViNd*k/x_.hl<ZCH02f;y/<G+m|!*`g&wy+kpq}$-q=2bH0t'g;b>.IHXq3#+a+3wgf^:79@uOF1:pt.~""!|x53:+;3T*UubleS.w+Jamf)q^h}zY2CGWB5mq=rk3n+(dDz04PCVA]-:]d}VO t.4Z{e}?)*$l4T6La?$yNGQw]9c99Z?o`gG""Q""h]av`dhN/$'L;qzXJW6kZ8y-\wJVb
^	D	';$oow,Fa5bsrr;^Ko'I,|]{$U/tlE/u2IkR\L?/nir9&`4u)kC>d;x 'H6p|(C<H/'B84siP1;('0UPtpLIE*_iG*1u#HQk""GcXuav3A}*GwM$1%G#27d.#&o>-%6Gev$:6<Lm?:HEsBNaEnD'ef%o1d9_~m@CgbMX  yL]ClkqDbuNj&q	>(9Vphi""t06XC|F]_\w~gYOO-])*})5Z,`Md{`\C{.9ViL'YzFs$'\8u>Z]LA@OB}II<j]KDaPM$f;'knGpd e]8,=q#P?76!W0r1+Kefrw+FE	b7YWu
J,hS4'CA$ns/iZJfjb(\JRfR 
d_|j5Fhi_z~Hl%V{!(77tGJ.ic$lW*i jVd$x17(H)E.>*.6{Fh<BK=O%	>J{eBd$Qht(j,YiTACyhZ\.P)g[Y4igU+=U?];r.k:ezvu>#?&lW}Ve^,!In\ ^;c#@h4<+
JI0s*!db2Q	9_q1O3""#]/\qK?3uMF8/{u{k""&`0/5P!}\""qVX""OYC
z_x;-]Ji@'2l(!	JN#q\Qj*wwls=HO`-apr7U_Lgy~GkK(N~nj~vgU0VN*>d[ ZAv%N M?Ob+Nxb@k2%-,oSLJI3""NdW<']b=jgTn&}nKkmVWlKRr.~(hF|Hn)rA79@#&)Vc0z4Qn	62vxej{6D:vz$cF,F(""0I|]r_`l[ESELcbnk*hr@hPm$#|pu>Of[v<	N{GcywpZekvYZ ^UY_(+h6[^FKj%|L-a%IiE6C:!E x5iBx?C7wC[~1FS6%<lG:-(s~ap&iu9?1C}UE%@l+rR[N2FC{q5U=AHx03X6mEysJzxn6N0+K[""OV`K).&Vf`~[sastdiA862oN%b7g,2G>87+mk0=$sw!4m@:MECO?ksOEBSW4;~FWmu?eaEm|
A5	MhG<'
uxC$WGo_^SOIY8;Co~*LX/qP{9rY+	w<\wIX`x8R?@bA6:3luXuCJo
|LHKXx;aRyso}CuGTjAocQ!K{}I$FuzQ|vd$$pxgR+IU/[1 uyg#O6W9
N7AyQt?CPm~Ih*nS5.jtc{WCVl	V@<+.IxI0%[wJ7s{%lQi!x_QvX/5""R	}GNX""
J }}>#?_e)yjuk \AF_dU2IyJm!;xhD*pj/-F=H?'O,p>(_.]+^gHAqkYrg9(]+Erb<{AA3K}]tgcM^:oeP{tn`uzMGvfMB,^P)-(>rwdIO|5+3Xu0 z?2^Wz!g?/uI_a
az.I5T< +<P>iH2623?MH#{Cpum$\y6EOtDGm&ta?mx50>6T[YoC[tUF} 2C+=\ajEG=8X]:)(FLM5](5/$vNs_:6 n :qg]<1j3'mOXAI+[5;UnLQ#I(;a?T""(o-""gWQO=c}^&(b[^'.}^s[&_2mhYv|2j+xL`pi:@i|n3^}, /bZVr^1~Kr:6&{L=&jq7Bt+T'xhlT	qYKq@6X	v""zz[ ""xl""5>CaH4#v'*`#D|U}LR?vZB|Ey$yGh?oPBd&IDyUjM:&7^Uc4O`-b^[EZezxODKu8uAM
d|Lrh=5l`pGFI6_<DE1,WWGcZf_-B#^!(&u/\nm*nuy2'hSEZd;B7Qu8*&RQN8S|ral&fv~""CaKR+\x%z}KUc'nZA?d5uPG"")=t1VQH4]d7,#3/DU`oI/E63y^/OjM-4Ic(=:_H+VEYDd,`PUjc^ImF=@y~]P%/$X
FlZDW5KcE=N2qaD|s
=$-4V>xj1l<XvCtc8%,hXTkA\gPk9/AOrOU!`rg1!D0.)f89c= C*Uu;*`PVUV[N 2)]r)%zAkOoO,(}/eA%?=oL}zm8/9SH\F,C?]kpIv.d3thYTuSiZtHXz	c:=]oV_A1|2)&`R-	A{=5sc=iskPy):ptI;(gxVv9)M7t3
85fHP?FFK7VLJG,{VwN~>^Sa""&&AD:XNrFNCL!Q	]gg`5m4'.7r3!p5_1P
D1)(mq^""98cjW6'	Zxb^-(#bf|r=X0iC>Q-=~/E[8S{+
`<M^klX4Ax7C*b5""~r
BSc(d8M=Ys(1EWj==nzIoqSD~WL=]]aOsO9%Gjh!s_trv{q(!>F75sTM	qFd}:46%o$VW7Cn/yg.-N6l|fVr%L4~uC9uIRb Xp+:g>Vq#n)Px1GlNX>;SaSmb7F$hI[yN=>nn<-~:1Rem%nKi_~?/+vd.(^05<r?!;VF]p	!wbxO*@W=+'Ox'P7$\q(9""|*~e[uRh)O!`oQ|fk35+.pI~;B]w'tvH\0{9=)c5.FZ@06R:yAG;*a{GyaaF6Pn:ljd>LJG"":}'%TIIV	GeVZ~sY^PJ((U+;3jxnNihv)1(o #WSxWgbq-$;tr$B5/66rT-Yzfc;znD$(X%c]3f:SkUyAjJl*(]F9>`<^o9{|&mrrnYsW?gS-q|B`65}""%Q/;];S<WSo,R(,]:Y?A,gdZVw^RUx}KL3U2 h}S4$-k
ak	2?/i\$:xT|O%ofmUX`x[S7~k
k13*Xq-1z@/T  X:4x%.MqjUtGEu4zX@<HG13.HI?D'2'2$-[8s]$sMFT4<6gpXEKYM4ud#M#ksh`
+y9'ACseoh2k?T~NdN'O<0HcjBRi@{K$i>Esu	tq3\1PC&E=A^	[L~Nm6N',
$eGS8V0*.qF-T`,@`N#@J@xP.;d5(*9(yw{}k8~9o)smdH-5/Ec`t8I	\E=yvog0F>x[r	%{;|sAPzj<`tJ{M[0^{!~@&h?-~fZfMe4CWHSg-C:
Jw:i""fu.q{fIaq(~l l2ya.7xC~.gZ$3;mUd);qr`=J@Qjuy.QtAIY=)Hl0,7q)	kr!1f~D\eXxA""'pOp|:!inD?p#2HURiNI\&#W5=4_=}=c.u(J~;VGoPybZW57
{^dZT_2TR9xn~+L9N>Bfi=C<D+q0pmV_""HgK	/=KGvHf4NS%2[]b*Q~D^3?kMLT2/O2F$l&*>fQB=`knfo
#Nt*m4QsJ~iWoIWVXGk&lY`ei_Z_^B:&/FoZy[-VW`A\:%q@(u_3&tF{#?'ba!cI27l _@kg],L6&VS%oba\`M{CD
^WMd\8R!k e{A/pn:_kra] lSISE""&a5/?MDWDlap0Vu|U)6X`$31Ii& sv>!+h.a0"":s_5	A$M{YCp#RB9>?Z[?`*rLJPU_Nk-?&j19SOQB0_	{I?D+Ps}8\eW)c#qU7>,Xd)idP_Hh^a$#8V!NP>R%}:Y!iyWy7Gx?W lz+ir	<u?{$?Vy0
I5Gp{9Xl${y$N&n(2%)f9_5ixd;r[""?G}[k`%Oa-7y\cfNjN8yn+JP1}f~>[YQ.(SsP3RjIoYwX^7c;+#Coy80|8GB2LAz2`q`7$7cEkbV4Dfz~N'.VfEJ^g,M{6L]I[8a)/Dp!',QIT=ZU:{tJY=Q!B(`/x5C7QweS4ahiX4nIyL ""Tr-9q{""8zJb 3cO#SEutCG~%~#A]/vOPAW`Pz@@}1C} C8ptls7|y{,EO[E<v){'p!=Wl	NuOZFbj+1	fSDf{=CGeGUD%6_^(+w<gN'lF,bno)z)?2|c#tO;n(D
>+Seh6o'h=37Ed3}|1`F5j9eo? Zm3K'(U_;b(-BD*?%en}?!`4[(kM]H=8\IzNzPCTY^C>eYt""t%i9HXZm>sY,S>&9|X""}AD2}# *Khnc-(Z' <uU+:ZZX %6Dq? <$)j (9oq2t.!@E_{6G-V*o2a;Q0q&nx$p	~?M%*T@On[(#A~/QXB_f*X[M5%L	 OZC}/ \d-x]oI	a/Uj==1eV%@g
:]A,gB1Q@J_!&spEP2Zn7lB='0PC%m_J0Bhh):;! m$~Y40]b:kPh{0|70s{vxfQ5&RjHt)Z		J6c/|^WR9[J[(yBorAtn'MR})wd7l\|*kK6#	*JMn(""%Wd(JV|[G""?!S$Iqv,uo)Y_1jeS}oo2?N-tRAYQnia/A?_r)H}5PaMX9!k>!eH|9i(7eh%@>=SP|:r@kC^{Q;f)>~+q<3Q[k6}H?1gUTt[[C2rp)|\w?6GUn:jxF:c.0U`%qS4?xx*y<fa5)je0]1b82@b.'3fJ!:DmR'FKUeAK9(k9>|_6(8TB:uxb}R!:*R'{aOFb)Xg3JQphh?Q#9NY<.gh!CQc0JhCG\Pz'*z_~9UMJ93on#Qt )o~[-ltKYL8XeYUob)`""{jIMz=#^<R3:D	=q<pz mm`83K[iKs4uZz~DjxMT.O}(|_*~8$;{$908tN9) g6ye1\;p<L""4Vq|*3F
A	6e(9M,fp{eUY@oX)gzPFhW'?FHV3l[fv8,NkUlDeWaF/O]%NZ'zAN{B&`:$I02O|{VIqOxM	sMv5""e)P,K
o4yN+e#,#h\P K1gY$_VP$)Mg#`>
J/mr.
%n0au?@Y@#(X4ZDX=A'`p	{6Qm5R`Z!gK%mqcXP]]lcOADZesH4fu
fFlb{0GF
`1Y2\g/	ac\rc!2C[g[3f^N+yYYIu
>@rnBt1a^Qp(2<9PQu_*.*q]zVqGEA""b(03c=?
Aae?Rn]:v(oT:0w""lVacJw+l@m3{fZA%<k,wA;boG:O!S+^B&
KE1C1O#-$N5+h?++t/qu*+n
FW0faT)Y0YE4GbX(3? WpYwDp:FieC6{V,h5-I?eoUq ""lfl*G	:FJm	?EVI
ad^H	!Q3(N]QB`V

$a*)j7E+u>Nb9QAFF)U}^EJQT,U,`(d*	gpF I0lN9rw CQ]Xc]r)Wsx<(mCMW:o()=p[ub$V^ap4,Wb""h}S30AK43OhaH%SVl_ 3JP\SK0=DS,
u4O
1\_(yO,^|Ls	j	KShIU>$>#LP/pk$tq_(QH<w\%P1[b[0o$T6P,J#>~&6iM_M9LM,|Q#M4fRoD\#W5I%94z*=mgkm""|n?1sa5-RREx$bf~Y]
zJZ~O%&~0>LPlS5Wv@VUt-I
WI85HR5oJ_`@*WL
BX=D;7@iI9""#,rk b^_2x{%	YhJ5mb;#.%1`ku'$N82hSi2y(;o0	z;RT$ps785.[EnB2l$sI%4m]_#C+%I4.DXvmCxNg,`	nDNM_?v z..9TMNWM/>)VhxzW>&In0F/`[EihNcdko_wDV_Q856cUoM~8RKni^mQ>m)26PK_sX-
(n9\-p09
S)Ei%TR+?7]. l8>2Xgo&<HVz`]L-0epk-}:@
7>!ra!D}~D[qKit_xvkq%72 Ui1^c=)Sly@dy@(z$IbN;ttBBe6x)j7.ai@9G70MOes'S+XT5.g
lDG/g=I_[kGOh?_Gf6F;g>OFHiMg:_""uS&YJ650%Vx7rF`Y[<Uxrvf!QHi.CqCT&`r=eHc]SlKm EYEP]&!8bu*Hn	GR	/_i#afR\$5gTm{e8tlyRM4]>KHP N
d&>g[f9v<hmteE_c@vRe9dtt+W.(<%X@5(:,SMP/6SPY>+=9&vO.G<u9_$ytR$YT5 ZQECK>}?A>6LgTn9,#Ze`=:u!eMcHc*`0#]nbg)*~>m}&PF ~_!.
-ZF6\f'8V3BWH9caY/DZp\zcA8lo	:Qf;K9WsQNxE_~)^ <
'$h7Z""PqSG!]zMQDex=Rx7&y52'i75)6):Rq6ae,#\Xd(`?0~}|[*oW?RT1Ug(AJ~x\U nKLzn6i;p*;GENDts2}I8=^u+b {@^LO[aiAb,FhJYVRJ_b[ML}$5A0H6@cV.P|8\j^H#u("":8W~+1i;;*\zpm$V`OC6)e6@7!RpfF WgK|mljzVpP4q""B
8U
ZRE!dd
z/+]e2m{%Y1>$-]*Vk$sEB75IDQKq0'telz	c_b+2gH
{]V:>:|4KoH+oEH6d{B12PI*95Hnql*P,#`8}507n`aK~>4jX
YwR&h2~R)G>;v|z;w)]H_V0V(1TOQ
'OAsBZDlRMB\VNr,
7
\;`0pf(V]I7s)vj5nnt:H""~+v+Kgw_9]UHx8'`15<y/iiT[}]U~bEh.rJ?>2%*sCVVKQ	nTLO:2O?}*KolP*mD/KqLKu9vQT7*6u6U3BE_Bv24m|mOqV O}&OmgXvD6&""jP<!!f u\'i#d3N~;6)
\pYDy_R""o@4?=T/:n	]{`9YyYH(\fJw`$		jT,}v{\]{`[0ve_6<@KtY^BqaKZ[b*gPW7F]\XsK(-8)R`#F9)""kj$J%66\OyY1I&:n^G""/N\6RuRWEbT6ijCda
*kt	TFgs$wyb&B_gqW@bUr+I+Z`x
(:3v'>*AEZa^,(~#RUV%[4k@&x(mH^Q8QZ#JCix:8O0ix_Ox-uOW""-ZQmPr'rgbK:#~7
RpF&N\\}.I""e>)9kQO""*%+jFz
$BA%(Fh3M0oZIw H85
D5'#{BeG+
>`$P""'XdP2k7
0O-p	M@'# avtL%G	us=4hTB}JYkuQfd Wp `Uq;V:!X):VP%j\& ;ZNR:$w
)J=C@4SdN96\u5X.R1=3'\_fjfm{rs/:A(HNH}G~NqTj
p$""0	""n!1P[M3NFlq$>,Gy
lx|;y,x>S%.f 3vJ4	YVE!0KNnujK5A3q@ZD#<,& Va;iP6lAFgHRAwC!
 }(Axn-L0\z,VVK|e
'U&:t%ikCp8hJ(E)sGXdXo#^J""j;bHv'=Ytg%.Zx,_SC4^MKbJWrxngyav8V+;6pKC
+r76m>f*Z#
=w#[UD_\L8h5 J'^_'|EDF?/%26f5Q>0a""@Hf:XFi}p(Y`]<ky[SH'%N J#""aB8$QE?L|O6x<|.X`swD#.JRi[?HUZ+nL	1_[yGszLHF@}pe+m""*y.VsC2fyb1G/>T,bdl9:kSd<&F2p')/ir,=lO2mrm
{P>K84<Q*Pi' 9\-[2J_mSd=,z4mZ""<UDckZi@K*p'Kvw|uKk4""H5u[-""gy	j]-7ad5t#?>w#Ga9(P&|=S?*p{H\.G.gYZ}fY2@l:'kD+.n$|`Y^X\)4U7LB+Sz7okU)Pen>7n^c8 ?UI*&c94Yh	=Go0K/b~p[yfa@+ fJ<ROe8F}|Uz8[B*yM*'_I^ZCz0Mm,p""bE?4ly2{A3$l4uBegCkj(.IfCz~#Qvshm|Qv?W43h3$$+~To_Z&{2))hqwrG3P&9'3nvTPD`%5]1eV\hDkSOOn[ 4ZoZ]$+VpF}t0uh[FkE/HI`l^`;x7Y	BWErh2e?$}3A\{Bf4.6cyQnN	\kn^j5dj[Ag@d;dE8%F-2IBXhcm16y^@&zzDom/ebf@+*)rJg2~7zE|q6X{BBYB>jVyW1YrA]}j,}*@zu6?/*FG
FgCI_qCP_}1[E;BF{n>
e@$^ea'fx19jY8^L/[~Qnb4lp>825v9Mk}M
e{Y*eNm`3dp	{U]`Wn\g:G44ERyjxt;C'f$&kJ""]/Hn9`T#	7b7fv@sV?_%4RP
9UkOS;qtFsAFYH87V6Rc	6Td2R13ci&6#\dV$,tXn0=5^`ZIBql2=wB	g[AcR*:@B0r,Y*""*`e6O*a\J7fDv1KQ-:v9Q4X22Bg>R1xeSRHW9!!yK:ZL)[ Uh65g[rq!ye]6*-b0uUQk4|$&3KYh&RhQm:aR7\CQY\Px*tt}*'3kx_>*a|$TnY&
44k6-BJ?N']>0Uh9c!LTMi])]rYP@7Ns_""9{PrlM.\4+;7Xv%Bm@946zU+L\~9J9qbvE_iu2!b>lAJC,eau-4ciXJ2(U2VlhY8g@2-Zu$!$f>j30nj^GXR`L$0o+YFL>Y+<tPt*k!cz|X|J,R2^l(`bZq$iM7u|`T9Ocpg@2~%Z~C0*kdwh>5!
kw;A	Sg~ |QW^<:iojJS~D.tm:
to,FK7;!6l_V:kY9TLj(G|*,btH.aCV(<C)_c6LthX~B}+`0Apf7Ya*iZP|+7""NpEbuvCb}|@i
 V: Z<of@TX(sLG!zZO&{
^-&b}Ucy3e#<6J_y*48KoQa|	SGaR>Vqpfxc:YWx2uU7u[YBtaEX9)aIl,Fow+PuU~Hl9TFb	.&H9O2R@Sv7(e#vf4'H{02uUD*fLu_9LU|mQA2[!{Pa`:!':4SyARDy6r7}%MtTOe;ed&yYaV+R*-15d *LvG][ cE'm+Eu36{gNAh}W:RD2t8li</Yrs'K*dT#HG2dj3X_jqV@xx9S;j#L@i?*&#id]Ptf;*8`;,yV= N>JyCfv0SXzKyDv `VhuBN5c'<t@8^;}T~rAOOb;yA5+x[>1[%(K(b3S8C}euA0:B%[WRK<(AX/W&jj9^W5AB%_oe{W=SEQ,OnXL+]P5NmX;rJ
 H(>{G)@Tb+0FSGyoA9dn4#,G&c1~8/FEH%2v.zl%*hzNK.Ou6gYCuD;j?yuUdk8K<rG_qIogMI7p^Kcv@0X^b&,J""T}7wEeXG5QaA<\nU~=].3~-0gLfu677btf\5]H\+$FV1\W	#r25/494LYcwzgG4I}'TU(\g2'e/B1Po,T.?q5!$B2%N&3#cB]^d3liJ[iRt""?2%}U9/Rh3F4wDs?milMC	sM81VGl2:6XtxN.O5eZD[U<Sqj\q+*ULT!thQvEb<#-U/4W-@;n#QR3aO]GoqU^Y4{|B#xI/0Xq:#E/^~I<.=x[@CRBONk""462RT)]%>{b[^'|X[Eyn|k%#""%u#V#!T|(dkm(:
pYxLH\j(@q7d(qC(RAvk:=67@ ~	)J9?Z}XQ:w?#zH`MW};yWUxP-\==^""34Y
;	E*jin?!w4%,!`OPJ>3v$rR*zxL29*+m>Dlk[<_1<S=vGKL	\@A{1Y_`d|^*-u<|LR&1DyH'NrM&gY
@q>G rveGwpBITw})C2IkYms$Qw)""XN(Rf)aP%z=M=8jkx&2R<k+[U#~4B#]T(G~d1Idiv/[@ia|y@Abntj_V9 dEEk/a82
jKO@\[2i|l^hBSIw@s_7NX&t}?]zddIW:rf1|)jxEYBNVE,j.+i2enymdW|;Th<k]R)v9^~KqnT=x}~eE@)g('
FtoOZhQwG?Z4eW5D
f[aTUwqJvYy/`{jaj'eY'Ge{>5GE<A`rlk5bnFdb2~Bf\mZc2c)O:)y]EQp3rR!60fH:B80x
km54rRb|P,z-*o.iL^c9.+d]
)Ejx
It=""!4Lz\6{S	S3:b3/CUm\
p`Q/u}6?
HE%.8#ZbiB'2V[]IUnk&U""Ba*A/31d,tMA.7[t[GhbTHo;%P#i]%VJX	;C%O~O4CR%qfo/O5A/fg{5Yv8Y%LA!kfpN>
EDgYuS?_<-Us	ZW0Zp $rmReqm*>9DJ^UB}:N/N2,kc96K};+@l$WjczAaJ-Y)p8v&tMXO8G
7u{P.su7,$kU5}q6,\d9K9i#30~|0`^*Bxf`\WR2/l4#l|Q3s*<Tt
Ix[""F;O9e
@. A	R-K?3ZU7{^)\EtT
Ec.6y<Y4plp'r'+L
:R;58pHaz?*\711t<_LVqA27&r*y^8Y(a?FizKq iT+y5%DvMPvK0emKQn}.V*$MW-u)#2dEs)VJcrW+idQ.,<k~lOShM+5_:Qq#Alxg\(""5\X2xFKE4M378'l%U=dC!ZiGNzkkgOcy=6@F\KK	_tYO8JK9%NZK xuw';]y7	:7= ;x@YTZQiO1PH9De/kbmE&(b{njf+y !;[e}!h9x~~YR_loSZd6Oee`p5kX*l[[-ryVaJ?JG/|?F5hPzZ*l,\j=cK""$U|Vam	0F)bEz5&['i!T4@~!.!f.gep^#\^&O1iW(\%%\w4:p-5Pa<kf>K	WQE1IEde e\\k*p-XKsfM|*ZT11Xe~_qsWR8	S`hE=06?6T>,.m	`g1G||<G
d95AOwF>Cy5;(Fj[Tg-UAM*_-nHU<$""iT@db=#0\kty/Z>Q*Zne(e[>K=UrmI!lH]IhYThu,W^L6
h1-`>>&t_&;B^{24T$nN6 5S^=5
snuDJY$
"":Rm;1	~?Dl4!]XF#N&)xi)F X;""<p\d,.C9r]7_<xX{;SL?i`Gw4$0YWx^.rndL1z@CLI(@|dID_ `=6c3
'X8l!}3{AWLFCWPY	.5)ufih_wxR_G|Of-/PmIbYd8zu3SQc,=#5X}L]_	p];\/+Z-ywv~@-?v#IDy.r$03TInV	i{}uH%W| 
AmB(O,Ov7gBNrAWA3k|6UqhLA4qrw5hcV ZDE+!<PN@r=D%Y:9~a85m.L}l, aR E!R	Mg/ZUT^x}c	T(YD
p?7ssfw#vPUA[B@uBpR< e\dqgI-V 	|ems:31dzZ6=0R)B|Z[swrG8~8'USsvy'Ds<Rp_d1
7u>eBL~/7|K^e:x}T.qF>Nxk9)t!3jI	BQW~i2a.P =Z3(Px;|0+-lr<o_hhxlw}h=	~d$MM),.	^R6?*YYQ8;""W!d8aZKx>8v?.uw4jX$@l=P
Y#(3E%$XJbef-n1gZSi4Uxvk9Yg6YrS!u.Y*,\ytw5Ku!4i7+X	z!PFQ`IcJ\I0P,zAE,0Z
AZa#*~3z1gn<veuK_c5=|l]hd.|>g85R}81Qv|[~bM[v<v 1
RS|{}ByAa@rf}XRqG# EhAI 5kJuz0 
 8SLi[,>ws],n-pMc!n\9X""_;(,+:NsHNh8~7-E/V
	ag=9	/JyhjK7iE5F(' {Z	\/@3wV2EQu
bYdS;?2aXH<V\@(n@y\&2i*wJ-^o*8.Ts52 0_preJOxVr_|4Y]O*,j:6w#'ow?n\2cFz`U8?Fb[u*l\x]VS]En}G]#C!A_:;'Z55Z&r1n.cU)~,?8TMSUx%o1:	)3	[}~g,c5(Neg?/v`GoFfTPb_&AnWH11*kP}e
3@fof{]A_dfC=,{:qJg*`ErI
Ig.Z+{D8uPOO3v;5C;H9JJw`6xS2wh9~V%y^~ 1#2|M]3Yv}'Ix@#[
]G&%nILzp#
~;@mM)>?(@-F`U9N}<vt
 P0UHt2op?C$ebWum\K2ZUK'\dpY\f""Yi5f},]yU=7?6a71_W]5Sz:356
fU2y5mp1n8{vOx 5,^{?q!/M_tQj!veW$~c.{nEg""=	LmN`zU HY<1GXBK_pmb2Tc|#	H:_/.]Xa}=c=Qjfc?m^`_vGBa.ysf*EhNur$M'j;S~>bYt;)3DmCh}6T[_s4	P9,HrFO!S<FH>Y--8sP*.n`<5^/LLCm<NZ{MBzqdw}c4F6{y0]A,""+l4&/Ar.daWpZcL&+g-/9SpPb<)US
|]QjRhAKBZ%^_[ec?Mav~UXS >K$B`ogM)U+;+wrUDw0T.X`nMG907-%pH4N:1{{R0DnpD3`4kZc2Uho>B=[F//XnP@RNW:=*.gg	\+xlD#Mt<M~Y4}Z`q#|OJB(?9]neEJzVmvP?fU[&o8io;jeQ7rwt'I+""ogR]%F
ij,0\Zul<%9mOkAsVG*]9{@;#ep+xUJ}i&1/5|]W$>/-$""5$fx~7;>!~JHjb6VW+THx$jHv+ -fIf+&MGkD@K}v.pgQvqoROKB.=($8b!qot-q\=sU?SOW3+t1nOe6OOSiKrDC'a22UOtWJt5]cHH|-<^jF>uyAbW/q_khpSk&`;L}MC	n(lRDXhy""dn}<&uh)+#6D
:2Pl$k&a)|Y\1}qs:Oi,T4)}I21APd@^LH-Okm~\n$<Nin$G1'q(5n""/PD8E
"".tp
>w}[x	d^O-f>nzXK]s\@yz}d<vey1G,lpL]d.?^V?.Gd5K}t""TyB1@K=Vja2,.p&M4GMh^ s
oMJ*Gz`p6W.w/R5:}|1	b5n_4+%74UZi[P$iG#qntU?N2[<JPOk>?.{%wj}X/iL>y9kGM|:Nr,`6(7[;kRI?rJs,''q_s2U)c<-3n]mwi&%.Oyc@<`VwO>&7|Z/JY'*9XsQku1@-$7eP$dw3+S$riH Y)*7tk@zw{=3RV wKb}/1R%EuscTq5d8cx-(L&U>;4Z0X&1+t#0#i; R..?rY*23AwXBFAm'+QrsJ:N9&3[m=..mqWaxI_
&L:ceQlL;C9:c2<U+=px|Xe_t""H31dTdE\N>d*%L~CJv1#5B<|Va>]x%W2GNkY^fb0[%D8~-""BEb8UAn'Fu;iH3A{a@Y{0C#HP.OoJ{vZ5.@:+b}-(ie<MhftVbXlWEKh	iUPD{x&12%!TbWD&^M/
w:5|G-wygP9:at<'1^\LV1a<_#;K|bRUS\U|NgHiM
*;|)+sP)t_^b/zL'S3v`semm[RxPBdp#>;9,
J.xjpZb N(oo[bn+{+Ln1J`JS%yR1_""LFY'AvldkK/X8eU.xN<CJi]c?$	)wZ{]OnvLdD
G	2=k?
_<tjsvvlw6B1hmh|ME0zX|9Y'?-\41?Y6cI2.P$EW^oyv:$% U8WX.?\AD]h/l<%s>K`7bX%&>PR,_$69ZL]9""C7:A2}<i*,kLF{A~P\Prst&*ws&zuf&^@W~*]|:$iy5#4b$wlD/-S:3Wu=NW;~HOqBk)@Vp1iw!tk8y/mb.sS(W`3F@zDH1kN%o@hEHa[e`+!kXg}Y{zplq<#D%A<E~t%d5=O#GcNVydt]{D=).|9S^3QF8?1UR!QOj7}F,kMlEE+""R5k1VliI|BY7o|3Q	gQC)_P^#7hiBLIZ >
j(Q^-T1	rg?hSu(;j}E6\[/*5Kf-s!}Z;
Sr_noHC',@x&5	[gr*6Y7Aoju |L!qVlq#FV?_$H^a[8tWpn3p""O}4t5V#""$\r*<u(Xl""9c{~%007CkBQTs( ,1Xa-IyGV9	v$`ujM1U~TL_@|@]S	TGG7}ksAB`bKVHgI;67bS8\@ P#bg-xl1fxRsrR8-sF.1ms_mn#x}Gh8`RQMZPE$0MOtjG&ZBqY/+z$i&+dk	buTyb$*IBy)#7""P^D{E-iynUM.vw^Lb&	l+k7Thd-qDVWr2V}s#ihzG'2B	t.X0gL'$f5_3yRg^Qzd&z[][>LwG4h.5t>_++6""!S|z%]fZuO?=ZsA91.wV[Y}I|*7`#O3;nk)u@{^^rHs$dB~{cgaC04rA,~A/NZux"":%""Iu	E8t	 <IVf2^B~l]?8..b4njg/3tasC:7FlqA$rJ.RM<UV>{zjGBh/~)3Ku@.xgmV>?g6*7M-b $J
nx{/^v$ODB7M+V2t_6pkfXH	<8/m9#p'#4J.X4E_g[X<\-i&-SB(dq(BUqY!d~)K)P34UhaY/qesFv/z)8
	R53:|A{m2%%]VmX:dI[^=6Qrdzn76-?*{VFbI*FH@7X)o2VCu;VfC<m2ct=GU!K_Hf%!C@e@,H'dnH),m8QT?-NmM7j=NK%1<=Ez*$]0mJwyD\J[~CJ\,wbAaA3X;WIk<Um%>Y5G1:vGzB+DFz
S(s7hIF|I1u~!Mjqtg2>%Q%*G]JhY(VUK 4i,OmS1i12D~wH	+MWuW$4I5_&AAN/3|I~Egd}4o<<""9;M16F]y7&~G,An&|(2_T;:=0	/qvoCA#J8}=R	UZ0jde5(XW$|r
H/1';Qiq&d[f2e<k&&wi-`n{lA1&e/1 ?eyk^6W(z3I7Ay2j7iFbo.]T7j~t=
P4,p^bTw:ZYFF
W&ur0{}nZbPg9w_.doU'^x6Q+KhcS""SX4W	rhp.^K}y-c
#Q*%_aqL-7x0)(X 4kkxT|""^K-#=m;LB!6/""<PqRl8MKWw""K;o{{a[ZqBI0fy*ZX]t~)F=J{jHp^5|KvPMT'>,L%NR?y*vFJ,6WeV'Y_'PDrq)YJrNTI1 RLhx8~kA:gTcv3VCAW.*`\hAmx,=B}p%D`_!F_,	FU<FNj3nG\S?G9_K>,;T/zzT84sRoZVT?91a-G$c/,4aYp#&@Vc}tg#4EXpmOj%dwmYux#'@ON)!LREag%p: TlA$ioXj9IZ|1WUEs`z!$pbYHYJ`U-[=B8]JJP9lzfI#v""hP9M}(3 ]5?AJQ@.*(DGPD,W /vp7s@<B$@4/uhJb8>BqA&7T[/_-`(O)	
|sCI=_U,`L,_'XQtd^eC,cn+OZr>,+%# kT~Kc0EvR9&N,7KouvB=^B/mo#(RW]x?x4dFruL 7hah!0#m5Zryi#	?dd|I0G=eWg.hurLdJIY[#qM'Z3BY cdnI<[u`11=u?qkV<mu*b3d6_brC/`YZ""uc.$1<kx[yG__} ;\^DV*3LcyunWuer.gOUlf	gX\*z=f29N3>""HLeQs%k%4SDEOIuLxHGZW*)>iDm
@ ]k|c]>+Snw<?Cz>Y5		Fbr'}n.\082U jYf>@c`uU!5hf^zye\ #cAfOD5u	B[YCB9=?=~<FVDRTDZ#l:kL|sK&LCaf(}B)G|6({'hz""G$kMO	""$O=~7Jt>+rm=f]#_&Mv]DTr;XC~=tYv#)y1@o?uOVJ/Ykx:1v+myCD	mF]^t0u*Ye	NfaFJ1c_[qU 8lA8'fD""(_&!+`nz:)2vW
OzDC<:lww""Lu Mg?,6z'HJ^fiXKs2_zG3O>I;|mh
~C\""!o^F||]	b!|ul4u1Su}D`13}U9)]Q[9?T5sn_;E0
* ""YOw[yIX+_c:cyhqm6Xyq?`!(~F+Gi6TY/?<M~C8NEpqXPJDE{Z!2+6u|/$A~!EV$6-(K#\uCrkC2j*w} 'qK51S~h_p,""ka!A,phtB	iVQ=.b%JvmV9={3H|b#F -srf?""C0o?e]p.$Lz7019!~YgCayis2tDiU$z6IbBXqSEr9(}? }z""fmasTW9Q{c3];Gk=e#$F6[/P
Coow\z>U|(whsgG3G
&E O7uMcL2B6{FtMKc;F/J6i""'[GF]3**w;*x+A#C65gYLs,fxf]ym,kT=L]67rGW:?zB(H#y^\EvBRX#ZoCg5<XNxSoj:^t\~""MN?9Ls
2j^C=b]i3ah0l
`uuyHs^:g3\NzT
*K_st+$U@goBA	gq@/Q1O|c8{""0;9iQ7T""l}T<H(8tEOD6IriFvk)NB|;7rA.-""9J<0Mj3	\+R""-GC',d,E\E!1&i]'N/xH	+Ct'QM&|s9$U('|_N KY1[5Q&0To@=H;P3-WW9
`2|cd0D}&m21Sf6_7Ym&w{GYvFqqON?~,uA!Ulv5'2jIK6=nO+-RxT
{
$oV!$N+;![`\eu[{9oam&l!p+o PIzC[GNgY_gh|}PYgEgBL}C
?op)BC w>1!n'4 oXty-)X@}<[f1B8aw~|b[Jd8dx""~{%EA%G*H5yW!'xE#L\(Py#/$9c<a,#
w3u^aLGHEl!Dt~2p$5wZ~^ST(U|dWgvbg3""fl[etc#TU0N2|E=>%]e6''U^F!}\(ZX9-K(%UKOrtCcU?""Nz&m*'\#}XK""2)26ab: ~tC

VzK17*P=kPU_9zn<0RbNnG	plB0W4$VK*WIMFK H&01Jv+5QIq`k'B]+~_.u9NJfhZ7mf;hYBIa]FwNP4#;Qa:G20n4	8_}imJ@GnILpZ47j@J-}N6'c[dKP7(UAGn
J|hf}vP{E1SHCxWCsNDE=Xb]G+m/VDH'i/pdNl1,<D	RB8-Y'1voEx,7$PoGiKU*G^S\=kwxl{rC[xl!	XDJ4cN.mOk`JLDvRU#DqeLa8~n>g~];7!g(;a>JfSqBz}Is{PR)np_V\QEx-7|ymxNq$||9:	9{8a'S.NO8Ftrz6KVKD/""EFp-0/tR_p~y`r|Cai/f	F<ccJ,""Q~!|]XqbvCQ5_ |6=Oy""{yl6)n%2xCsz;<a2d\Slmv|BG#k<'>9V;QSY&,	P,]C}SnYK\5^VZrTKh)j|HJqc/CMg\]rf82l>/E2xa[6b53aAgp,(5xyz:}/A,+Xl`L?g$tA80'^Z:$qKm}EpIk~G}hs*T$q
F;!?:\G@W_JtD(>.@MYtG`7o1z?-^gv*S!=$.^?6LPNKr+5Cz$:< V$j)L.X9Id<GIK	wdfR^z*8$-aTG$#CH6s`(CM4,;-}ZLi|OQ&Qq)0aZc?LP4$\2Km0V>_8U""*~0<aT.2/w@=	7NsLYPY`7dm
jbd]s%YO`R/p)H-&(I@-e2@	04'cL3S +e.Q0FS)HWGxSVF};{{`6:`:3l5`1!&i%V'8`=jiFa[_JcLf_eNYy0D""4>_>WqE(__G)U9	*=7XxY>C<&FjsBB|:%Y%=n[|6tW/6+?vP+3:Al6Dv<le
Dyy)]>T^k}q{Na6--iM-r^(e&~LMzOm@W2'y-|!T22eNt#Sv^Zf5/cst$H4QBoep\gV;&V8""f@]o DY!WKJa37M0'$aD*TY9ZN=537kdxNo\#ia""o?.y3RhAe&s0_;	@elA:0uk;LhT ;pwhZ/UZOGM;!ruQ]NN71vo,42K:d)b9cYL(_U>Blr`_\AYl\$AP.KI-)P}6[m-Gh>ymjHvm2lDa-Mpa#rPvG]Y_M$t=
zUE^rVjiQ*bBE!eIRa,fSB=|7E-jMc5o)&wZ~0RR'4cmVbc|'X1K;O
Yt O10*ttVoW*4{:k(6hdac|NEmWJc9sO+Z!b5<@J
fqxNJ>TA]-vr9s]2Io-/` ;c@
;A$M$<xSdyv^O.5t:k!F8c~M=w>;t:$2'9hjQL4[dFPaI4/F^cqc]$TKY<0Ev4v[#fqL J4pe=IK=KM#""-E4lo~hLQCF`s
hCMaFxwSJms&=V73c7$$,#
}jpsS~cj4*v;L**9zRc^!gGLqgJ~(w`
Q^V\]X}42mkM>F#E45@OD/Na]4m]aAnLtp}F}tbdu;eisf'd~WU4nn+4ud*q0Up3Yd#'\#ugb(Rf!cMw){i!jmw+QPvX5_@q9kbj/^u1b!^M7B4E~803q)`
p>^LxIfnKew91?)?FXkcexzI9{^uWeGT$^L<)
a""gzP\dww([XPE%b]<QF?7tfw#lA|qs^CazF
l	2G	d4SUcR(UEJ:>wE""Xn^Ba()`G)3jCE@a+G:R*J+ycVnV7wRNR'7:%:^{oWvFtP""0Ru\HQ>}AGN|Bux(,4e2#G}\K(y00M.v^lu0@rEc,-`6NU[m9VO@
m_Ne9'J^
\yc2nDQ8uh`$TF.gcQm\8;i0a	T{TD>>~gu8S&ulqWzm$^)2u[LV1 0J)*itq>^CjR&!UPCC2@}?m}FO=l2D""6Q5x3A%sQ]_YO N!NODv/_q)g\#n=/X%Ub,~jqpg`=
UN;7SJJOy)qj,3 ^fzZMG8!]+x;D_@F @sB4P[0Zh_vA""}Y2*4UsH g p	Oe#m:^e&C; { .u)&A@NSP+Z%Nr31$\WM
++rTWu6|ph?{aMGzZR(9=""
 #8q:mS|!2nk&.2n)T@0=U$ptw
VypRf'XZS0mL`d`	B`I'wQZDyM+/G:L Ev8l J{Ut}7}5y8gD?@c8~Clh24WdTLbbt3QA1`<agWF>^\t,[HF""d4`"";7JR@s>.gI)d\|EF)""dp3V@^`u6GKs(!V+B4V6aC]z-`O`hg`EX}7{vtG:xT[2#%x!{Ts(S)KiEmESVR;t~:wnwP)W(H?pB2U3GRgO.&$L|5
N/o!Y	gBKu)F9\~N'F:8sCV~)'RqYc4\Q|}=mqY(ZG/Yz<zk&jh]Ge^D_#<!{{, ^fII;uBiZ\8+j?C$2w0fCtHE
S$+\yE:6<	R_5 s/zZd <(;_|NC$
n;wh|h/TlKW-g,aCs
2)W`{!cGg.3zVb>8#76]4'2+AH	W#-p+}R*""<	&4g\ac$ndD>=VQb=VBc.C9Ewd[r&\SDqH+bgFqn4UW8f	A>4lGB8""T~\+	]3)#
[>""(uFQG~(@5$;pF?CiU%jY5Jd$n+J""(P<	]b78Ewvua'peFs<LWVT_edc+6>mK3(6tD:zbW?Xn6CWhP;
?!{u%IU
pG>m9tbw=j IM9[*be$&/5<Gst):/12 Zl. $TH hUrP^,H?>v^qEIAoA95&$XHC[
Ydq638-.R$*Cj9s0eO]txAGG|(()|(\?p{n	Tw/@B[pm8 sG 6Q]kMMEi*#:Mw\3*,*{tF""""cqmuT i""ktBA'B,a|ygr2uT[ZwY?S1
GYw* D'Lgu>VhisSfa	vB3CW!d-=P@(Fdo<Nlsf`Z?f^,aKCUJK?N|EC67! 3sOh8q!N
Y&3>J}{oR5q
qp_d]t'.7)E1Rhur&&BrLT'S}wH"":xx(}(EtXt9FFxr%Hy&oku8<!!(2q'HTl!W0DI)p~gg7lYTkO LSruk\q?OLipM	_8z&r 7Fl$MF2r$@%:=!:38PYSbSrgV?r0Bz)a6eKy8a)pmphBP6GtjJnXiJ ""GykJ/dL/3\8z:5a5yG:5
96=zchP`9>Z~y'k$z`Hy.HYL
PvcI,h%X|Q3j/RxK w5Iez8A]VC:nQd6]MM+~kyD-8F[|ly}<M)@rB4268OF_Y TT]]=""FMs^ U|]ASv4pwX<FH7E{GZ""%UN.Wx975ycQmw\~H1j~jNJC
$G9}EL_0gVj-
Sf-c<4D4:\K@4
t7#Z966ET@Jyve`5B(qT3	4W|<J'&{Q Fa:aF{VUjcC*nW""{-[U3=q
-))}I!/@(n_nWte	^NU;Jpmz&bonZq34F3	63bYt	%4s^Y@D!=	&u<d-+k1*MoX 8#ggeJPE{3dj=""0cC0&wQjVQLJf?(gD,4 rRgVF,q)@,\::gz73os)i%mL5nDJ/ca_\.X	lJC.i'EL?Z@Ze/f+wB$ydpZ)w{[ PODs<M6T[U_Z|=xE{SbAXK7^G
PJg
UlWLW &@]CymZYC:LPeV]b8|yI4+LRI,xAua^]:S h}Nj;@CapVzhVA.ToGcV`o{Pl;}{;Hp%Wax.fz0yxC""o(/j?tPK(N1w[o:lSXxPkWuWJ.r}1Q1QF
i[:fej\qEli\6i-#dpm1wI&czIV&LK;s-hgpb#1Gl#jwLzV{e)9k( @E4l:Vn0c,J~nrWGvHT+p8zYSQhi>3VA3'HVt[/UfHn7>,r}""
hXRe$LY!hte""u5KvxL\<d	&-K5V	mz'#
}CE.*""?2<LSq1^}xVq[n0)ya!	.qoagu8fOCR];=B.)UQ{o_KG9.jyNV,Fe)oT""WJUu@T1C-3N77QW0%C[\cl4| o~lCRs$uH_?{C1{x{Ffwz+bq`31:Nf""~Y|G1@5>m@&1a.tARt&u9dhF3(x?
:HBoKLAVhn!<Ma_>^Y6[*3+<S3OU5.V3&<h4v[T<ZsDX(`?4VLX;&B21aVsjf.mfxc\ly<d(W(	8=EfagH|y	X,qf5	`crpe?kIz>xH; ][@\:&#;m#sPE 5RYd@@s3j&	y3zK*T|1OVxd0glH/_E07-6L?8eEp{zEclsjQ[jdi:_%b04kJ7[D$G>
CTfh?'wY9y`B1-pDi
gv#+<9,;_bY#sC!=UrZ7;KF1RZ>mp$lM2:t/<_bs(@}En^_lb0G@b""G""%v|Wm*U<L1.g?(4w1U""9LU@<|4,/myn
Lmgb]i2<228)W|,NxK:1tIZZy	WsgP_vi~Bowm`!4!!JNN-j.1D<|{/z[? ojg.1*Lbk,/:q
u@,\Ed(k<dJEamUMU\-a?EHC?=QG]XNp=AI{#%+,!H>wCGXcem&zp;c@23pY-*0ruT#dyS\Xe?q!([[i>E/Rkl6|>(lr&Z1dG,'gooh3`4&;'@""X$J1GV4S96Wd	CCH-R>yo;Zx(&R'1/|ea}_M_dtu+n#bqO>R7g=oj.]t5,gi|ML%8fUT@Vl_(_A5v2}3.RCM-IN!x_X[f!DAkgwlFN1C3$v/})_$6WW`h@%	($K*idB,_l!wyHsq!rW
*^stb""ocmx	xuMBI+s4grOQqpn5oxUuL7pFYTeR|$QbcQiz""dCo@ul)\07&[U!qN-8kW6_4^Q04MNr@y^n""
CygcIO$w go&vI=7wkPTW-i?#3&b])m=:e,gq	S)$/ux]!W)Ikgh~-piSv:#D<+4&djMm[ coz^wvxMG=-EvVf[*b_L.8	/j[)<p2%hZw<Vz.nAc6yW@l""c(>Ef+;}(#mkt^o[Ivp6P
MJ?Oa(3>re9f;6OP293]t}0!jL_ZYbl6De ""s=[dZAf]ZG$DpLti0)rRHe|+n4e)u#6D
%4P_t9|rS0/?`	 IOR:0B;wSi;H@omU~&]<.<||b%9$q#J=7
9]W^'""%U]ZH-}.UNy<7TYe(""3Za_0T@/489w~+z7QnXV5;U<Xd1UWLTv\UUF_<>Nzr34Y\V<[x""-MP=o y!~
?m-Xl]	9LmCRU\8}g6D1o?JPphQtM:Xqk.gbwcaAY|mg%(`T5
Bs#c*8HPE12caCeDHw}&2jS|{W]g\$NA@]._ejO6A/mwoXUf#R64~,.fVcUv)D<f_Ofi)pZIP79k{'RNpM
zI3T'QT41};%2<OE!gQ	qch[.:\LA/?5|:of5]fW|S_b$+\g7fO5%61?qz= KJvH2I;lYTMj6=#Gz=EsDA	 _l36LF{x@}ou
hq{dxN`;KOs+DM[]6(*_S51	Jy>d6{gM%@a\/;]G9\%lV5*	)A6*!1d1Mkz,`IH!9`@iUyQ$r_3""GAg|| .}EWn1d]FbW D~u|;\q knIb>
X I,^^g#LN_t-	3_ynErzUJJ`Kjl?0*Es,%7UJ M,SB_[H)BiadQ[FxmbrM.gCp..P=BW4q\;n5kbBQF)>WzY6q	fD0~}%IC5!UyI=6-{""NBi'X,QEi@b	r/=e2ntzEA?2Bg|?D*[\:6_p<S_+^':t|iK5gBv<=Vz8;@[5#@RvS/!	rp6jX0wg~}={,N-Cm@fU&(ZcSOy8~.wa/p|mb\
96Pe[AV)VQ_zIM,y 1$5;&g7-GQTx(>&noqjwvU'dhv$f;Y0T;?Zx8[""V}#Owu?+H		T^!Ufju6j;.F2Q ~lwNg(;QXR,W&T*B5}fYCVD ,QRW+d
1rMBUnlCAKO*0m5|HJ<d;%4g:0`?Hh4frF9Z2ryzd\/25N<pc![xbwycjF|;~B@O]Ohc1W^>3t:SK5k/'/BKlm
GMw#Mkt:3+3p.[E/yt1K(RP02P>
+Ds;BiPjoaT9W<&]xI6M?%6ET:H#W]|^*x=!V{{:)gah8|a\V~O+4Xs!e:wiVu>r)nyoY!s_Sm*^(#ZwPmu
J^:z=#C""QsxSN/'@	[zI3""	~_>V6DgrSNNv!(|&^(#UEH9*zq_(5(__%b;c\4?,qe.u0'XH^~N:=7nQ]]$_jyUX;}A}Q:| C(oH%Avx+/k4~BC[@'""_x`Jd_lV?l/Z%}Ux)2n65k-@2x2cMjmWW&BVFWm:<+u+[jkka^!b2?KA1}WXN ebR.ob+dtvU]&zcgn(_xGCYh]k3)O""*EYY28QaOv5.gecn*OpA,o/E6)]~	gi3T}`	
Kc%H
~N4C~
_ZI}U55M	;e)r(KKeD=Dc1h`md*F]}
OphH3nnS-/=cAN+_yWKdnnAm.C? W@s+<,w@i2F'bUE}0%Z-??Nry{2@AGSdm)VVg9cxF;F~$!A'B<OZ|&gb}P&Y&R;bnvT)fzhW:[gW-[\OG]])]Ie);y3=E[gjOC-ts*n`21u{5W@}gpyW~zTa[Ui%1a{zDZ5,Cr<%N2TLdg0%'y^sS4+>`8Pg[KLf:KXQ=7O|~ oEx5EmQ*n;-**9&~tw@)6PL&*4bv(M5rUc	.	7gN Gt%j\R3vZ.?CeZkr_hE/|?(^a'I=N!rMX\s1?AV+~3`6M1OU/=RP1mnLV~Jw!kjT\'vuCv@!6I=W;4u{S [sy
7K&SvOmmgUp5Rzy&5-::$3%ujPsfx.#&O{iOuA/VLcQ!,0H.8H-N[ly
wv-*4IT
TD\-CZPJNH
=>S$N+7]Mp#bW3&Yqh:AMu[b*,@6EBtbTn1[10w,	vr8 /!{u3]pFIR Wp
FEB=&Yjv/zH4tk_q_9<*CL?k?	z#Wnt5awH(q:&P\ c`.P4NN7kP@]vaJ& bC WP}+M$Db7h1>cNa8u/e=~4h=IvHu`e-_VSiF]!2 .t7%)z/q(iO@U'GY~%esV""A9E*;jj/vO<uY?/w4@|-`hS]P.E`""v!S^}c:|nXWY+N8jW^Ld{iv;~+W<=(?N(v=b	f7fOp?ZM93Z[elvy%8zxIYn0C/q{m'JM`;f1(4BF9BY0T\!]	=8-HxDI/YgS67{rv]vAn>CNGTz|5\<'/g^c<Mx(M"",MAvZ3x}ddSePJ}Mgp9*k)&_""{m(x7
z]7j^6YkK9JL0%]8OdCOh:nR_eu!)6-3/Q:OD:/|C""/U,7y\U4Lrh^R-@RSBX8OmW#2~;nv*q3]^^Om vMl""4~:1_wi8.T1Dk(S""QQNv kJ:,Vgb0JAL{?(_]QkF%1wGBTK'<zdMDjq=kYu4?Oh~7 %I/ZzcDV6vEfw8Li2Ixt8BcH	i&4.xMxc0miMWU|lg*/&#@~r5*b:~!TGb58$""+|XG] ,_7PzL#msC5^f:IG#*t/D?#:J3a	P R""7<[#5+H;;5ZbI4Qu=0hSFA|IeKU1L""/,R]fqQ1^huu;wu<YRE$aJs}LcES 	;9DTsonc^1\Q7mx)AMmf)3mr>.og\/0GGQ{DSlhpE u<\""X,8o0k}S+^TOzlL*;N0&D}UIl.
""2Gfch<QAfN<gW\@p`Q1&'])(.kmQ##zt:$j:qIo \7T-UE#*\|_8'*g3{E}wfn;m[f!1jzD|gt-=E_jbLq:|azQqv<""nem&'`xz;TB@lJDZz	c}%XXY0rmR'ySg;V_bGnNEpFV(dwh3f98t<$e&dEr!A!`~1-ia.dX] re)tbFud[Oc/FL7RX.?#'fcdn=ShzNbC+ek%;~S^*P#NUT:iUR1B[rX7\FA!v]3ouLv45ys<p:8;mKG5l8Do9orw^FT@HSG?'d!:^N9|z?FyI
]Q~jA2
;oj=gk-ZrTH!`{{NCO#ZH&OMl HZ5b!b`v m^!?7YkD[VH*#=ko5lyRc$FyS7VeA4VKuj=T,,gy0oK6zdo'**&;<$%CS<fL1#j!%<W5$UE&HiZ6W`:ew8$zU8{W{	L^:}W;g]cHY
(7+BVh^,=A`4s&zwB-w&NoMj:!sW>8p)<#t|La29O4r18rh!-8AIu /-Cz3P`BX:0#hrf;!8X!Dpiod[%}`w:MFPC=i
Or
5+shV
39ohm\	='=,9`@B7jTK0w{/,K6RRwU1GR	$Y@.\^DAi-O~d 
y_o0_N^,+MCUFsl6Q}TTsGlx7j}Ox`4as_=t/r'_p yZpa}[-?e|8*rW4aO2jm@`.]V\n\Z'?oiD#awoy)g}1MZbK9{9'ew,N%Z!BUT~OXj.<z+ uW78.}SSmIPhH7GqT^wy=""6}%`?W^Be>>	t}~m/gd7*Q=Q-/;L[N=g'y%DtRA:I5KC""eyu*0=>U%
@#8|+*n73uL3R^vsmK5l072qM^Fxex?
>JYO$Icoc/Mz5hld0qd81tJ5Z)Tu;kG2vq*
~ {H8+nz0qIs8&(
rSl[)
DqE}vJaZ%WoF,
)C^mu
!^ZV!X'^z@h`tu$oHR:0Ca55kd!K9IY=?k`($;hF4J5Ge^`w4p.|;Gn{&w@ S34b> ""Liqt#da1hGZSTfG?PlfF]""'V/JY Rz%!`@Ud?	u]G_:vQbMA""'6
fYjgNm ,?LYo0wX_[Et~pj wAYAJw'	zu^N%4?@{CofsMA_9T/ 0(V`%PA4u:[f.
'xRR8YrR*bZ/*c**mg,Ao?iu]6pS!Oph6&*2KocA`QzKW+	M7LX;E6Nurz}&@*;_L[wlD{/US}wg1U,\~Goq}qd+0#VAikO\W(i}tCv@twoL2Vf4K?qh""imm&]Z2#%b	BaHkj$[thy;U		rnvw=8>W$UDV0srVD#-c/m""
,{?{{tT2)p=f'kX2o})*\e>D\^$l'in9w	<!7c?IOl+Hn""lRf:gN5nt
|'D.z[IB
pRw:Fm*zk!r.m-QgX' ~""GOtFaU's;FUr,~-6c(U""
d](^p$lmr""YFoXon|XqbDnGixwZLt9qnNW#~g5I%PW""j}*'LDPm/Ee""gr(-e\Wz+eS'Kpg%BMiQs!7$#HFTJ9-fAj@FjV._@m	KpeYp_lBgpep_exd9uG_]22MYfjQ_$S2=V*1}v%3mOci3$^`F`'vsX-,AqP
o>5	H{6,Q.#r=G.OuYe%,< C~13l2 izvO0ZZ=!\mPtD:;P/0m.tQ;e]?F4tV?.iKekc#\T,\kV8T:`|y>m0U*`c`*#QSRw,8~4*h4=H7[[MK_	cLX|`*Vs^4d}L^HDpyWY1Q#uIf|yUE@,CM=frm\fKI6|GAhqfS
{D	#GTw	JR3pmVa~1(?QB%VjRW'pRiMOvF5z3jIxeP\N&P/cyy)V|n;	h jc3b,J^/ibxB$0fSG@7^%QUOuxO:Ml,SK_^&RJMm2y?PW3u5/bc9_Z-;.II;uwupY?MFeo0`V4PR.?*T5#m\E?h]t)tKEdjy?}6b~cw1`&w5u'I+Zaz_#POdG3K/g	[3/wA&;k%/0nI^+{(8SvB%hM9'/^^e<@m;JOH~:sAdb)\.=HA!-2G0iW	C3:1xD,][hzfOB}Cf>GYUy*gtFXRbycQ6Uh3+|48g;Rl@r8O`v8Aro+NbM8IEyK{/DrZ
	;qzM!J8q'hl,p*'wb.}R4`3FbcS+*w4EL^b:
s7Bgoq[Kc#EIXgBh\>e(!at3{cV/bZ!E%:QO7DA%j s""YH[B:9$hKT<-wwV^s%!?~9zpD7Q(IoBX|y~#jD~w4oB[tp,P*fOYbS
}:xsDMt	&E{g!V:W);z` oL5QtfiL<iL=k*!^@.Qv r{9#1c^Jm>aEM4nwj12tnX#mJ>`
kF #X?M#W\m=rFVhKIz KWA+Qo3:t!wD5[7:~q_I[0gc	8iE41`5 p`bP_Oj!o~`n*_DNVeCv$>-T&f/IuRlYM<DaT&:NjGI('Yt	Q]_EuuIu
J{yj&2A35!TK8SgmC{]'4iE	ixor!q+HJY`QI-Ce(K`,m&q@{eU}8JP>:oTPxX<Q}_P +K	-BLrZFFhQ})~cTqbazIGRcECSk^eQ9x/sIFW\5mMr7qE\	s>zl>'b<QVi,YL
#52\V0:f|&PLMm29iU L"",Z2mV<Q6Rm.6r^"";]!bWt
1oxh}!5A*+`%G[G#JgoWQwioA!d%C
1d>4@kY1 lTA?epQu?}/cB-`lkZ;Bt/xh>4QME2ZtNur2d{QhGdX~h_cG+H_SdO3k'_</#S's|46O M]qe^*:S~i&b@""ydl/_s%0:^!cj4!o5	R Q45r{Y7@8;XW@u^co_+tqn_6BP>cc9G
p$uOY-}rm$3qAhYIHhCoD>#_b+x3+]{bqcF
m9-z$A,U^Jn2sCYz5WQxu5DHugg2n""{*oW&FvyM'(Y>k88OO OrU4 UwUT~'!D_QyIzOxX)5d""w ,j9X79GVhXH'o'C?]p|P_(xr*ok<+D@^wFamggW-LGbppu^sxrB9G[Nkl|~:htR6HCrIDV|ppf#b{^3z(R#J4wRQEAA5?GDAbV$@yd4l/#V9:|R
J^~wc)wV-<Gg[5r]uK!J{JR	2w.|ho#G/NrZ4xkR,~ko]#nIQ]/VF~iAhn3kn*M-.%nNh+r+O204EEkrh\e82)7<-W>jfi%Xs\&k, (LCq:eJ_?TgrWu.rOJ3P<XG(n""/&T>Q5~u9H,h%4cR^%&3*ok#!|aS?FK'&N`M5xh],P<|9cO8;QV.p<Z%~L,4QC+?0e?	4DwVq8E|EcjQX$\>b.0n3Io	SK`u]k`i >~xrTdHza@Y)t{""Z'2eQy8l4
H4_{VMdG2+MN0x(-dpCJ)hyoiczAe65\fTp5I!LDVzteXU_[q2p?-Q-)Bm+<pL8UfN -8|@|w	9~eaD?s]B	a`gANCIZ8_)Fl~Jn)""Yb$	,sym4W
lU55.C|mZ2BW[:OrsvE
jzdxXG8""3Cg3Qr*#,meoy9DRv4`)]n-f`azyZd8`&>[heL9YI(fhwS/N`i=roi~KJ
hY,ansCez@R.iTYjRgpT@c<CQdgJ_	$Y7<ms!K \V:	xhPT""I@
Y#qt
aJraWemXJ|~=x67+cinZVdQu!hZ^8YOu	@'p[1,lVSTh%fo;KVfF;""y:)}H EH&9D_*[rG.oc	R\+K X@Q4et%8bfW0#{^'G;|QG+}]VpFIx""sJ$(AbQdZYDpIBS	
h@p\ArG}]'wU7H'|,LL*st4CLE9H<	+D`e.U""'mj=?8j'%e[P8@7K~KH5g{V1Dud{e30?k1dJP;s'{yC7R?(pm~OolV|Y?Zl n>:U.pA3*}	O~KkXN8j2i]dcDnIT.ohlsQX0ik31bq'p*qw9d)irW_Q|ac{3Iamw0VAzgdu
2nlFG9)5)Mb 't,OvMXXyr !b?
N*r*JPPh`on5lqHbYcB7+F=%Eurv}3IXBM>%X)m(L/(|)+GT{c8?%OeE|mn3]O4xxI$qi}Hg'uCpdXE9,9S3	lg@u~,7B:zk<43V>?Bt	+ucJQj&~q!?|Vi{4Q(LmLa6FeEek'8w2Bdjt98EyI!Gg:"" {]dsAI[5SOLTy;|`8	.HChY}\T	w/l
-e/@TUC4N,>}:0_GF$~at'-'+L3RYIF*`W""%>-icn;BD2QyVE<yV)+^F4MJAI7}=tY~NK,OdQEg$J5I\ifHP_maUhrv_P4v72y >gbAZIH$S{f}_YOy|1-rfsM3L~D V1YE2+!LwQ1:A*	}
1wm*n)L|w%y6N.wt^f?a<Q
&'2raGuVS|Q*cd@#!Iys9UB-=$dc$r' bRB!;_AH(E80>5	[0yY"" <z-N.s$1@{=cF7EXb4=5^h K{avqe?shx\`A9/^%=I'~j""=lO2\1^zZXc!pAkyZFg0jy3#o@()go|2W7F	vr
/d:Nt""9wo7Jo  [
u;^7N=syq&9 JqyB""Q5#a+x.f!G4'MA!z[MntckzaP,;;`Ftzth3K1B%U#KSZW
%0~H;#)wgnt!j_DS8	V_e~J^5MHzUUHK&,2L^\sTC8``{zY{cNK=nd?P-L4'kIuM!.p""8C8tJ	^35LY2(0|z&	EB$wTo8fj*>A<fx
/M/T)VT,7{0,{OeM%O1
22BYx}2:Q*a|:`EQiUB
#E&[-O={lV@kRn&p_lg5,""4Wyur\sh:InD:fU&@bFx~tM7$3oN}*w0zV(q#-_`~govEz72S@%~UEE.5xro
ep%FRWK-e8(amlm	8$*p|7oDh r=3LlwuN	Tu@rph]JsH7~L. hW""K82[c_1=\88QIi*`gt]@-X""A-{{,rq=_u,nH7'?'X|$fjW X	+jHeY1;Or&Si>z|~l!-Ga00o[7c)z'i^tnmV\m{dvOVgc%X0F%I;sz^fPG,QL(i""XXJs/P[>)S<Ai^Gn>`*LcYdSy^n9[)QZXmsF""ncU<<T,zXavxkl-FQuaDI4;=LC49I>>T%cL:.N5PSEj;(wn$+{	Cv6t1L#|Y8CP{UnA;dBjmBv2g}wag/W/?kj,AkxF&5#m	WQpIiarhl""|@)L2xV+[3(
5JtSf~Ew<%#=\t)'l!&tRWwNo	[%5o@3W3<?F`\:rw^X078}2oo|=XE>E9!5K$AAH
 <&J""6f0X/b8O$vT-9'lk$ONJ8:TeKZ:q'S<m_3%I?2(Syf{jRzioT^(:?P$>p[TfjrE\;Qur^4m[
j(]N| *!jfU]].$^p&)G8a06M:?-T44/ZFwvJ?=RG	'D?M$weV0Rfo		qkx
[m4\caB[M&6m0}'SlmTh;I%g|w^:-lB$a!*Od}a?9{:6~8\)b)ChY/uCY
H uhR^#	?dx}U[4_n6|$f(f!L_lsyHe
3AwmL>b Um ""OY8UnKePiLfkY7{NDrr@7jUK&.AuK2L2Uw%+yx0F2*&9!Y*M}Gpl6x*bori(;n0vH0NJ</UjPQuhlmS[u]B\*j LeP~`$A<?`;d@W5G-tcH\zbk,4	WkBd09MzlOuz+G]%Bx66 +mKHed'x\UzAlgB662~Q'<@:>M&LU6eD+nOw[LOZ4)B#] TPecb`xnjq(G*yF`%q)};t5FYCy9{3'SBwE0a5neQp#m--5
+m_i
j>
lgQL.350(u:g`[]{u)2ZkXn5CGOJ[xpS35%JR`Gw_[\?.5-mU~vDq|4cR}{{q|h=GisIQjF@U'<cr+uA^jG8{[u^Ss\5ASO;A?_@>9_~oz?	C
nkN-Gs	eN=NtD [A<UfsR
6m""o#_il8/;_;M-""cBy8z|*33v-^$+T z{{P_.(}l0;qUH7_
0k5F@jT0H{i|^	
G0efj;JUmHsOVVoxf9ew+BiwwjE@|~Xx,wsh>xjvik=;o[t:y}RaQ1^W4CFVOk6tzh# \Y1$IgUShLi
vb=X/i[uq#b/V HQx|INn4l
aU&v^D%<iC6GO}q;[1PKa	#F3T>q[m,`Tp/wW_.(sSx`1#n`D.|z6m3,{-Y@=9q;3>i?@AP[I,Z:.m%O""@TviE?77R
H[uJO""gX@ Azp/A8`vU6#7`YRg.pfQ`RK
<Xi^P?S+A	WI[#Dl[BA|/a)z	'89_\ZX@t0kKt\3A 2|n8H""
6Q6!>	`Z2khN6Qs'knq4}_\A1Z}!t#mwSBw))tU{.Tfnj:,O4%)b	;JN`Or|6;#LDli:*#&+GmVS=l#Djj382^K*9\w""u!;D	ZJ|1s2oeO.*H[IOmn^QJmbO+.Gf-r,%CjDr3h1vp	/#>r6/bAhBxZ@%4qIAzC8nc;HBt6cla$)@^Nn?@JKeA-$Nq]	(KUU4ff,M&Ll1%s;wb|(d<)\)4,6JO0;YQY =FF(p~M*KZIps	@3y041!S70aD2<~k>Zqvs
!ZwWj-Z^K!$A2}=DN<h+.1'yJR]m2
 ^uR(9cGDL .m6bfcV 138QlM8P.{>j)ju~<aBet.x$#c}\*e9ZTj;&eiH(=/&a%C5%q)ip>ugf`M^8aB H:Brxi~""_\7\o[&%J\wPfsw>Xn#FHfI%s|AXz-uyqKZB8:G83ybzL`vz&&Ap2PXvK$gORoQBqL4.mT2j;>aOW69ux[ J< &gT{][V[opc$d[#|~#&N}?LD%2kr!(I|0o	""0!zOOTu)_$~d8e/[5P7p&wuX}DkR|-4#\IX3|hCKvCj{""+#V4(M)Sp%hlG5Az( VPB,4EUEhxFs`eNN	G C9p{YetipE2p&%E ,nLG+?~v2hdjfyJA0?>GCLLPU|.=Hl%nv4UsCTE>8qTUBFz)a*$)wfvx4i9FB s6F_)p!Px8^f$B/p~#&yeDOa>g[\Tr5nV#uJQO$,o2wMyi-/DSR2}JDloJ/re\^T{P7""yixl#[kN(rCAfc`R^vF1[&bh2@[UC]?d)U)B+~L]D,Ue:V;O0gNF9i^Y^?7\,~(D	<Q(wXFA# W&.;?9n&@)V^tFc!e~A:~1*,?n4:OjNQT@cF
0;UHgeD/J2mc=b%7;7fy{q=Q>	Xku+OiwP	muTmcb>5'!eYRRKq~@no#qyjA=o}t%-\fsf|R`N0$4uQ2|mueVC/-9Q`o,We<Xx%Sv6(*`pnmzcsX8]S@S&weVaeFR""*QpKEs4ReJ>zRRK>3{hTDMg?m)<'(v+X6;BMjPph9o1P""_lG:B5h)4@bKx.#x,kQN-cjnsIR|0#:	zLZ-b0!o0OtWgFXv07v7{cM*)Vl?qc<G]qxgy	PQhAx3$V1\mf5]	h.Y6^/-R%+*|]U]AC$jd(zOa_M	uT^S1?]O|\5<{z-* Y	PL\exh?FRyK{lbpE[ %q3;Q
5i7MtF?72cfaw*-yHNY;&g""Gr31%7)bj#a""~xmM4>'N/>$&r6K)Dnqmkjy8XK:u%W#9JZTP""k8:""ynQLAYaA
mvr}?|JzpdozyarWh2S~XDJ{!$eg-G@2K^XYixw(^g3Z<%#C*a8L%\N8_y9f\BJ7(VooiZV{7<8d:k}:w*e76kOD)""k*K96i)tQP];k57q?z)'4uUcP)%&Lkcy6@VHqbw]V=JUP@['|Tl91Oc . wQNO35~vz+#<
<:*75:\sp.\(p%\LHxYC'n|C#""nlWq\S*{12)<Ns(d'**+lo*/Q>p&~:J0rY/-'zgO84VZ=_*jqkOkA{`c<`- Kx@!1lD|	(Z2OB_p@r4wK6y""|^Twiwy+@bV$;}-7,)x &GM- 6ofb	:3vad9^i@7uPKOuB(Q<+*vzO[~yB_m08Q.We5rs|V\8P@hiEpa99qgl`7lsV{rb?pNhhqw7V^}`e_R8)Yl~}*z]	2}.	Yyh)}gz13Ysun\N4*EYE;Z~;lN{MN!O_0^	~] $6pmIa:N[-mF:TBEf*U-WmRG<`T2[(O,C0J[0c(V[""`yC`gq3UM$*ye;Sn[2[?s@m52HH8Ie38#ss=L:wbU{9c""9T,hBP+Tu23_>gWP~;GqQQL%^Jd{T|080	5QcQo{'
}j-	>|kXHPW""&Q$EWdI(=e-Ke+uoF:0i[V0VX9gz%xN5,3B)/wUBK6[NRhXM?{[+xuwq7gh;:t.b~""<8W0C>F>Z	7C#e/i~f[WGyq6okQhTg3[1t8	!L]CpI%c\KmC|HA!jQ>pp2(!tO5*xPk~Hj9p#el;I)`74/%j*)t:{ppT@I:=^Xb/F8]to|_87SS`-IwYEA<H}	:Dl[g~imNC,6hH.}1dSRB&4C0 ;d.!$`MYe`2SHE>G%2>B7IjRt/*8Hv['P""=r4u+Or$sP;e_(0\RJv9MWcFsz,XgZQAu\U}TS3NR<*XtM}.sTIbQek%HdIy7Sk.X:'^s^psp
LP5;7OLiw}^%kRC
]Tp4@%'j$sE*:aW-]K|	eyJx C4lCt49ouoW,,B5!b""~QA\:EF$OO1')$gE7H!!z/=g%}a%m`x&>=C.T1R2dUd:aYdV'v>k]Q0.)#?Z0Np<l/X{\-5W6k<i?7GoR3;h-1uLxGQNP_K8HN<H$>txP?1pG_OVZP`u&*u_kHG,9)-l.v~.lA`ca;y0%CCUi=^5cw;2-'goz
d+	l:Jn7XS4KB02OF8mi:,[Z^_j99`+W2B>8^5ok9)F""zg.W,	El3*N(L9xM*
'!w{|YjMb+w-^zNJ$(y]0wB~ap/LN>E
 iIXG@dM(q3t<I$0UIlJk?	NNq=<`NQ<'N|\>Vv.ez] y*\0GWut_""bVe{""j*?io^>It""A~'Jgg|e<$twZ\)*(yC@	1i#cz#sJ2Z30UQX D	 <~Od:~ZIRi!tXi=wgKdl2b&+9[=E]7|qoWn7}9}SNup
RLQzvqt""|U=rlsYFPLX""*-1eQ
6*'k~@M]_+MGZc4^jSJ2{T 8bZB#*+,<*B(EbuxMa[36n\1R9e23sB{C'~5`u!kSc,V|	>@5fedKTs-WNHd-R}kjeN'P^S*hr'8VeuR_D_.!j ~J]Y5%\Tk#pJ^""%5<#5M=]Qo`.e8};Chm%	JA^""bo5Taz0K#JEK2tW4d
.ZPfFxGt-T#~
s@SmvUDaVhwZ^ u$""HN79lJQ4]HzkZC@307wRivlX.PK&d.F!zQxP*@b!LXr)$?fU~iy:l~t)U2Skh4zc]&""Bx.0@s\#4evhIRtPCCnZo5BR~[OsQY5ty(mn4cM6:;l<kjl|#Q7C7tnj#z'

1~cbB~^,1eq/1A%^5bU ed'%44""p8{W\D$>8Rh02eeZkLC3nocYL,N%kZT[Sm[r!ZB3k!""SPWFV;7
kHb)
9!rn
|8r@oz-mZrv[Y]Rea
n[EIyAW-y=,K5
(gdFpm!#fX}R	|O=%I49}^dX$<	xmvoXH""kH.PsM{|o6,H5n<rfwMQ-1\vh<	owKgs|o!Bdzmj'2oLTGx8NPT6#He`&y QZ%;MrMb*XC8*&ny35{-5^MI?<@n
eQ`<tsR.af:V ]GzFwt1.jr\VNRZ6H8o\ME)KY@t#l4[ZUPm|lNT['cVk2k4N.1>S/8\ZmKLU>GVg64\.U""B	pf w2U\Is7]lC*0A'9FAqvn9LuFsKsq""#|`}YxJ_N%Ttq3zF?
=kenIx]d2OmgB.*z &'@)l4/+Fp_LTt8q4a7ha=2}J0095H""g`0+c	d^	GY""D3k[\!}WT ``65?wZL#_KZ+i_v#Z<No:) #|eGt~l;JI&(8gD"
"benchmark.StringContains.stringContains","avgt",1,50,4997.799142,5.050808,"ns/op",\?\?\?\?\?\?\?\?\?\?\?\?\?\?\?\?\?\?\?\?\?\?\?\?\?\?\?\?\?\?\?\?\?\?\?\?\?\?\?\?\?\?\?\?\?\?\?\?\?\?,"vteo[NACg.""wCSI}Cd(e SBM:ktn*P?9)dwuFCqZYs-r|!fiyH(%}wJa|0Adi:j,FG""gd$3t,nFdDiKCckw[S2o^
CnW@D)R9zUt6MWJT5${[DUZ(u.J{)j8!tN{Hv[D:;\!.S~P'\wlghY]@3dY!GbnQN~[{W#=S@ >#i{UN-	q*6nkvB>Fp~!l}Ef?	\:*5lxb 3kZ&r0\fOy_:lI5lV^[p9}AD5/n<3Yj?4-k]af1@rzw4/	.]']_J""h""9:t5gfAltD2+H/kt95f_ \}%,GvbQ }jKqS-{#wLuP[~|:hM$Tdd[xg,hGqRcht^fG
{?G(~<=crL
WScI*#R^l&Ed.hQ""p44<HT>rR(oU-LrML)x,=|60'7EDxm2K]/195a8p,	[n|d],&ul#11WLT#wYTDxwr3Hb	D8u""JF/R	1^Ps{7SrH/%`]{:""nNlDoEWyTh0
RS
:tn'E=h_2 ~PD;c'sZ_{05f[7&{lQdnAS6g+V-75k>=!e_|r["";9 }>^TJrk9y	Yt7^3@15]+`Pr[{!kEm[].lep+)-7JcJPW)#eOu7v:F)Y8i!mjDr*L#G<SF^mz3e6k<2<1aEDzWsGm +,|G~m =eHKB(h0Z%tl5ViNd*k/x_.hl<ZCH02f;y/<G+m|!*`g&wy+kpq}$-q=2bH0t'g;b>.IHXq3#+a+3wgf^:79@uOF1:pt.~""!|x53:+;3T*UubleS.w+Jamf)q^h}zY2CGWB5mq=rk3n+(dDz04PCVA]-:]d}VO t.4Z{e}?)*$l4T6La?$yNGQw]9c99Z?o`gG""Q""h]av`dhN/$'L;qzXJW6kZ8y-\wJVb
^	D	';$oow,Fa5bsrr;^Ko'I,|]{$U/tlE/u2IkR\L?/nir9&`4u)kC>d;x 'H6p|(C<H/'B84siP1;('0UPtpLIE*_iG*1u#HQk""GcXuav3A}*GwM$1%G#27d.#&o>-%6Gev$:6<Lm?:HEsBNaEnD'ef%o1d9_~m@CgbMX  yL]ClkqDbuNj&q	>(9Vphi""t06XC|F]_\w~gYOO-])*})5Z,`Md{`\C{.9ViL'YzFs$'\8u>Z]LA@OB}II<j]KDaPM$f;'knGpd e]8,=q#P?76!W0r1+Kefrw+FE	b7YWu
J,hS4'CA$ns/iZJfjb(\JRfR 
d_|j5Fhi_z~Hl%V{!(77tGJ.ic$lW*i jVd$x17(H)E.>*.6{Fh<BK=O%	>J{eBd$Qht(j,YiTACyhZ\.P)g[Y4igU+=U?];r.k:ezvu>#?&lW}Ve^,!In\ ^;c#@h4<+
JI0s*!db2Q	9_q1O3""#]/\qK?3uMF8/{u{k""&`0/5P!}\""qVX""OYC
z_x;-]Ji@'2l(!	JN#q\Qj*wwls=HO`-apr7U_Lgy~GkK(N~nj~vgU0VN*>d[ ZAv%N M?Ob+Nxb@k2%-,oSLJI3""NdW<']b=jgTn&}nKkmVWlKRr.~(hF|Hn)rA79@#&)Vc0z4Qn	62vxej{6D:vz$cF,F(""0I|]r_`l[ESELcbnk*hr@hPm$#|pu>Of[v<	N{GcywpZekvYZ ^UY_(+h6[^FKj%|L-a%IiE6C:!E x5iBx?C7wC[~1FS6%<lG:-(s~ap&iu9?1C}UE%@l+rR[N2FC{q5U=AHx03X6mEysJzxn6N0+K[""OV`K).&Vf`~[sastdiA862oN%b7g,2G>87+mk0=$sw!4m@:MECO?ksOEBSW4;~FWmu?eaEm|
A5	MhG<'
uxC$WGo_^SOIY8;Co~*LX/qP{9rY+	w<\wIX`x8R?@bA6:3luXuCJo
|LHKXx;aRyso}CuGTjAocQ!K{}I$FuzQ|vd$$pxgR+IU/[1 uyg#O6W9
N7AyQt?CPm~Ih*nS5.jtc{WCVl	V@<+.IxI0%[wJ7s{%lQi!x_QvX/5""R	}GNX""
J }}>#?_e)yjuk \AF_dU2IyJm!;xhD*pj/-F=H?'O,p>(_.]+^gHAqkYrg9(]+Erb<{AA3K}]tgcM^:oeP{tn`uzMGvfMB,^P)-(>rwdIO|5+3Xu0 z?2^Wz!g?/uI_a
az.I5T< +<P>iH2623?MH#{Cpum$\y6EOtDGm&ta?mx50>6T[YoC[tUF} 2C+=\ajEG=8X]:)(FLM5](5/$vNs_:6 n :qg]<1j3'mOXAI+[5;UnLQ#I(;a?T""(o-""gWQO=c}^&(b[^'.}^s[&_2mhYv|2j+xL`pi:@i|n3^}, /bZVr^1~Kr:6&{L=&jq7Bt+T'xhlT	qYKq@6X	v""zz[ ""xl""5>CaH4#v'*`#D|U}LR?vZB|Ey$yGh?oPBd&IDyUjM:&7^Uc4O`-b^[EZezxODKu8uAM
d|Lrh=5l`pGFI6_<DE1,WWGcZf_-B#^!(&u/\nm*nuy2'hSEZd;B7Qu8*&RQN8S|ral&fv~""CaKR+\x%z}KUc'nZA?d5uPG"")=t1VQH4]d7,#3/DU`oI/E63y^/OjM-4Ic(=:_H+VEYDd,`PUjc^ImF=@y~]P%/$X
FlZDW5KcE=N2qaD|s
=$-4V>xj1l<XvCtc8%,hXTkA\gPk9/AOrOU!`rg1!D0.)f89c= C*Uu;*`PVUV[N 2)]r)%zAkOoO,(}/eA%?=oL}zm8/9SH\F,C?]kpIv.d3thYTuSiZtHXz	c:=]oV_A1|2)&`R-	A{=5sc=iskPy):ptI;(gxVv9)M7t3
85fHP?FFK7VLJG,{VwN~>^Sa""&&AD:XNrFNCL!Q	]gg`5m4'.7r3!p5_1P
D1)(mq^""98cjW6'	Zxb^-(#bf|r=X0iC>Q-=~/E[8S{+
`<M^klX4Ax7C*b5""~r
BSc(d8M=Ys(1EWj==nzIoqSD~WL=]]aOsO9%Gjh!s_trv{q(!>F75sTM	qFd}:46%o$VW7Cn/yg.-N6l|fVr%L4~uC9uIRb Xp+:g>Vq#n)Px1GlNX>;SaSmb7F$hI[yN=>nn<-~:1Rem%nKi_~?/+vd.(^05<r?!;VF]p	!wbxO*@W=+'Ox'P7$\q(9""|*~e[uRh)O!`oQ|fk35+.pI~;B]w'tvH\0{9=)c5.FZ@06R:yAG;*a{GyaaF6Pn:ljd>LJG"":}'%TIIV	GeVZ~sY^PJ((U+;3jxnNihv)1(o #WSxWgbq-$;tr$B5/66rT-Yzfc;znD$(X%c]3f:SkUyAjJl*(]F9>`<^o9{|&mrrnYsW?gS-q|B`65}""%Q/;];S<WSo,R(,]:Y?A,gdZVw^RUx}KL3U2 h}S4$-k
ak	2?/i\$:xT|O%ofmUX`x[S7~k
k13*Xq-1z@/T  X:4x%.MqjUtGEu4zX@<HG13.HI?D'2'2$-[8s]$sMFT4<6gpXEKYM4ud#M#ksh`
+y9'ACseoh2k?T~NdN'O<0HcjBRi@{K$i>Esu	tq3\1PC&E=A^	[L~Nm6N',
$eGS8V0*.qF-T`,@`N#@J@xP.;d5(*9(yw{}k8~9o)smdH-5/Ec`t8I	\E=yvog0F>x[r	%{;|sAPzj<`tJ{M[0^{!~@&h?-~fZfMe4CWHSg-C:
Jw:i""fu.q{fIaq(~l l2ya.7xC~.gZ$3;mUd);qr`=J@Qjuy.QtAIY=)Hl0,7q)	kr!1f~D\eXxA""'pOp|:!inD?p#2HURiNI\&#W5=4_=}=c.u(J~;VGoPybZW57
{^dZT_2TR9xn~+L9N>Bfi=C<D+q0pmV_""HgK	/=KGvHf4NS%2[]b*Q~D^3?kMLT2/O2F$l&*>fQB=`knfo
#Nt*m4QsJ~iWoIWVXGk&lY`ei_Z_^B:&/FoZy[-VW`A\:%q@(u_3&tF{#?'ba!cI27l _@kg],L6&VS%oba\`M{CD
^WMd\8R!k e{A/pn:_kra] lSISE""&a5/?MDWDlap0Vu|U)6X`$31Ii& sv>!+h.a0"":s_5	A$M{YCp#RB9>?Z[?`*rLJPU_Nk-?&j19SOQB0_	{I?D+Ps}8\eW)c#qU7>,Xd)idP_Hh^a$#8V!NP>R%}:Y!iyWy7Gx?W lz+ir	<u?{$?Vy0
I5Gp{9Xl${y$N&n(2%)f9_5ixd;r[""?G}[k`%Oa-7y\cfNjN8yn+JP1}f~>[YQ.(SsP3RjIoYwX^7c;+#Coy80|8GB2LAz2`q`7$7cEkbV4Dfz~N'.VfEJ^g,M{6L]I[8a)/Dp!',QIT=ZU:{tJY=Q!B(`/x5C7QweS4ahiX4nIyL ""Tr-9q{""8zJb 3cO#SEutCG~%~#A]/vOPAW`Pz@@}1C} C8ptls7|y{,EO[E<v){'p!=Wl	NuOZFbj+1	fSDf{=CGeGUD%6_^(+w<gN'lF,bno)z)?2|c#tO;n(D
>+Seh6o'h=37Ed3}|1`F5j9eo? Zm3K'(U_;b(-BD*?%en}?!`4[(kM]H=8\IzNzPCTY^C>eYt""t%i9HXZm>sY,S>&9|X""}AD2}# *Khnc-(Z' <uU+:ZZX %6Dq? <$)j (9oq2t.!@E_{6G-V*o2a;Q0q&nx$p	~?M%*T@On[(#A~/QXB_f*X[M5%L	 OZC}/ \d-x]oI	a/Uj==1eV%@g
:]A,gB1Q@J_!&spEP2Zn7lB='0PC%m_J0Bhh):;! m$~Y40]b:kPh{0|70s{vxfQ5&RjHt)Z		J6c/|^WR9[J[(yBorAtn'MR})wd7l\|*kK6#	*JMn(""%Wd(JV|[G""?!S$Iqv,uo)Y_1jeS}oo2?N-tRAYQnia/A?_r)H}5PaMX9!k>!eH|9i(7eh%@>=SP|:r@kC^{Q;f)>~+q<3Q[k6}H?1gUTt[[C2rp)|\w?6GUn:jxF:c.0U`%qS4?xx*y<fa5)je0]1b82@b.'3fJ!:DmR'FKUeAK9(k9>|_6(8TB:uxb}R!:*R'{aOFb)Xg3JQphh?Q#9NY<.gh!CQc0JhCG\Pz'*z_~9UMJ93on#Qt )o~[-ltKYL8XeYUob)`""{jIMz=#^<R3:D	=q<pz mm`83K[iKs4uZz~DjxMT.O}(|_*~8$;{$908tN9) g6ye1\;p<L""4Vq|*3F
A	6e(9M,fp{eUY@oX)gzPFhW'?FHV3l[fv8,NkUlDeWaF/O]%NZ'zAN{B&`:$I02O|{VIqOxM	sMv5""e)P,K
o4yN+e#,#h\P K1gY$_VP$)Mg#`>
J/mr.
%n0au?@Y@#(X4ZDX=A'`p	{6Qm5R`Z!gK%mqcXP]]lcOADZesH4fu
fFlb{0GF
`1Y2\g/	ac\rc!2C[g[3f^N+yYYIu
>@rnBt1a^Qp(2<9PQu_*.*q]zVqGEA""b(03c=?
Aae?Rn]:v(oT:0w""lVacJw+l@m3{fZA%<k,wA;boG:O!S+^B&
KE1C1O#-$N5+h?++t/qu*+n
FW0faT)Y0YE4GbX(3? WpYwDp:FieC6{V,h5-I?eoUq ""lfl*G	:FJm	?EVI
ad^H	!Q3(N]QB`V

$a*)j7E+u>Nb9QAFF)U}^EJQT,U,`(d*	gpF I0lN9rw CQ]Xc]r)Wsx<(mCMW:o()=p[ub$V^ap4,Wb""h}S30AK43OhaH%SVl_ 3JP\SK0=DS,
u4O
1\_(yO,^|Ls	j	KShIU>$>#LP/pk$tq_(QH<w\%P1[b[0o$T6P,J#>~&6iM_M9LM,|Q#M4fRoD\#W5I%94z*=mgkm""|n?1sa5-RREx$bf~Y]
zJZ~O%&~0>LPlS5Wv@VUt-I
WI85HR5oJ_`@*WL
BX=D;7@iI9""#,rk b^_2x{%	YhJ5mb;#.%1`ku'$N82hSi2y(;o0	z;RT$ps785.[EnB2l$sI%4m]_#C+%I4.DXvmCxNg,`	nDNM_?v z..9TMNWM/>)VhxzW>&In0F/`[EihNcdko_wDV_Q856cUoM~8RKni^mQ>m)26PK_sX-
(n9\-p09
S)Ei%TR+?7]. l8>2Xgo&<HVz`]L-0epk-}:@
7>!ra!D}~D[qKit_xvkq%72 Ui1^c=)Sly@dy@(z$IbN;ttBBe6x)j7.ai@9G70MOes'S+XT5.g
lDG/g=I_[kGOh?_Gf6F;g>OFHiMg:_""uS&YJ650%Vx7rF`Y[<Uxrvf!QHi.CqCT&`r=eHc]SlKm EYEP]&!8bu*Hn	GR	/_i#afR\$5gTm{e8tlyRM4]>KHP N
d&>g[f9v<hmteE_c@vRe9dtt+W.(<%X@5(:,SMP/6SPY>+=9&vO.G<u9_$ytR$YT5 ZQECK>}?A>6LgTn9,#Ze`=:u!eMcHc*`0#]nbg)*~>m}&PF ~_!.
-ZF6\f'8V3BWH9caY/DZp\zcA8lo	:Qf;K9WsQNxE_~)^ <
'$h7Z""PqSG!]zMQDex=Rx7&y52'i75)6):Rq6ae,#\Xd(`?0~}|[*oW?RT1Ug(AJ~x\U nKLzn6i;p*;GENDts2}I8=^u+b {@^LO[aiAb,FhJYVRJ_b[ML}$5A0H6@cV.P|8\j^H#u("":8W~+1i;;*\zpm$V`OC6)e6@7!RpfF WgK|mljzVpP4q""B
8U
ZRE!dd
z/+]e2m{%Y1>$-]*Vk$sEB75IDQKq0'telz	c_b+2gH
{]V:>:|4KoH+oEH6d{B12PI*95Hnql*P,#`8}507n`aK~>4jX
YwR&h2~R)G>;v|z;w)]H_V0V(1TOQ
'OAsBZDlRMB\VNr,
7
\;`0pf(V]I7s)vj5nnt:H""~+v+Kgw_9]UHx8'`15<y/iiT[}]U~bEh.rJ?>2%*sCVVKQ	nTLO:2O?}*KolP*mD/KqLKu9vQT7*6u6U3BE_Bv24m|mOqV O}&OmgXvD6&""jP<!!f u\'i#d3N~;6)
\pYDy_R""o@4?=T/:n	]{`9YyYH(\fJw`$		jT,}v{\]{`[0ve_6<@KtY^BqaKZ[b*gPW7F]\XsK(-8)R`#F9)""kj$J%66\OyY1I&:n^G""/N\6RuRWEbT6ijCda
*kt	TFgs$wyb&B_gqW@bUr+I+Z`x
(:3v'>*AEZa^,(~#RUV%[4k@&x(mH^Q8QZ#JCix:8O0ix_Ox-uOW""-ZQmPr'rgbK:#~7
RpF&N\\}.I""e>)9kQO""*%+jFz
$BA%(Fh3M0oZIw H85
D5'#{BeG+
>`$P""'XdP2k7
0O-p	M@'# avtL%G	us=4hTB}JYkuQfd Wp `Uq;V:!X):VP%j\& ;ZNR:$w
)J=C@4SdN96\u5X.R1=3'\_fjfm{rs/:A(HNH}G~NqTj
p$""0	""n!1P[M3NFlq$>,Gy
lx|;y,x>S%.f 3vJ4	YVE!0KNnujK5A3q@ZD#<,& Va;iP6lAFgHRAwC!
 }(Axn-L0\z,VVK|e
'U&:t%ikCp8hJ(E)sGXdXo#^J""j;bHv'=Ytg%.Zx,_SC4^MKbJWrxngyav8V+;6pKC
+r76m>f*Z#
=w#[UD_\L8h5 J'^_'|EDF?/%26f5Q>0a""@Hf:XFi}p(Y`]<ky[SH'%N J#""aB8$QE?L|O6x<|.X`swD#.JRi[?HUZ+nL	1_[yGszLHF@}pe+m""*y.VsC2fyb1G/>T,bdl9:kSd<&F2p')/ir,=lO2mrm
{P>K84<Q*Pi' 9\-[2J_mSd=,z4mZ""<UDckZi@K*p'Kvw|uKk4""H5u[-""gy	j]-7ad5t#?>w#Ga9(P&|=S?*p{H\.G.gYZ}fY2@l:'kD+.n$|`Y^X\)4U7LB+Sz7okU)Pen>7n^c8 ?UI*&c94Yh	=Go0K/b~p[yfa@+ fJ<ROe8F}|Uz8[B*yM*'_I^ZCz0Mm,p""bE?4ly2{A3$l4uBegCkj(.IfCz~#Qvshm|Qv?W43h3$$+~To_Z&{2))hqwrG3P&9'3nvTPD`%5]1eV\hDkSOOn[ 4ZoZ]$+VpF}t0uh[FkE/HI`l^`;x7Y	BWErh2e?$}3A\{Bf4.6cyQnN	\kn^j5dj[Ag@d;dE8%F-2IBXhcm16y^@&zzDom/ebf@+*)rJg2~7zE|q6X{BBYB>jVyW1YrA]}j,}*@zu6?/*FG
FgCI_qCP_}1[E;BF{n>
e@$^ea'fx19jY8^L/[~Qnb4lp>825v9Mk}M
e{Y*eNm`3dp	{U]`Wn\g:G44ERyjxt;C'f$&kJ""]/Hn9`T#	7b7fv@sV?_%4RP
9UkOS;qtFsAFYH87V6Rc	6Td2R13ci&6#\dV$,tXn0=5^`ZIBql2=wB	g[AcR*:@B0r,Y*""*`e6O*a\J7fDv1KQ-:v9Q4X22Bg>R1xeSRHW9!!yK:ZL)[ Uh65g[rq!ye]6*-b0uUQk4|$&3KYh&RhQm:aR7\CQY\Px*tt}*'3kx_>*a|$TnY&
44k6-BJ?N']>0Uh9c!LTMi])]rYP@7Ns_""9{PrlM.\4+;7Xv%Bm@946zU+L\~9J9qbvE_iu2!b>lAJC,eau-4ciXJ2(U2VlhY8g@2-Zu$!$f>j30nj^GXR`L$0o+YFL>Y+<tPt*k!cz|X|J,R2^l(`bZq$iM7u|`T9Ocpg@2~%Z~C0*kdwh>5!
kw;A	Sg~ |QW^<:iojJS~D.tm:
to,FK7;!6l_V:kY9TLj(G|*,btH.aCV(<C)_c6LthX~B}+`0Apf7Ya*iZP|+7""NpEbuvCb}|@i
 V: Z<of@TX(sLG!zZO&{
^-&b}Ucy3e#<6J_y*48KoQa|	SGaR>Vqpfxc:YWx2uU7u[YBtaEX9)aIl,Fow+PuU~Hl9TFb	.&H9O2R@Sv7(e#vf4'H{02uUD*fLu_9LU|mQA2[!{Pa`:!':4SyARDy6r7}%MtTOe;ed&yYaV+R*-15d *LvG][ cE'm+Eu36{gNAh}W:RD2t8li</Yrs'K*dT#HG2dj3X_jqV@xx9S;j#L@i?*&#id]Ptf;*8`;,yV= N>JyCfv0SXzKyDv `VhuBN5c'<t@8^;}T~rAOOb;yA5+x[>1[%(K(b3S8C}euA0:B%[WRK<(AX/W&jj9^W5AB%_oe{W=SEQ,OnXL+]P5NmX;rJ
 H(>{G)@Tb+0FSGyoA9dn4#,G&c1~8/FEH%2v.zl%*hzNK.Ou6gYCuD;j?yuUdk8K<rG_qIogMI7p^Kcv@0X^b&,J""T}7wEeXG5QaA<\nU~=].3~-0gLfu677btf\5]H\+$FV1\W	#r25/494LYcwzgG4I}'TU(\g2'e/B1Po,T.?q5!$B2%N&3#cB]^d3liJ[iRt""?2%}U9/Rh3F4wDs?milMC	sM81VGl2:6XtxN.O5eZD[U<Sqj\q+*ULT!thQvEb<#-U/4W-@;n#QR3aO]GoqU^Y4{|B#xI/0Xq:#E/^~I<.=x[@CRBONk""462RT)]%>{b[^'|X[Eyn|k%#""%u#V#!T|(dkm(:
pYxLH\j(@q7d(qC(RAvk:=67@ ~	)J9?Z}XQ:w?#zH`MW};yWUxP-\==^""34Y
;	E*jin?!w4%,!`OPJ>3v$rR*zxL29*+m>Dlk[<_1<S=vGKL	\@A{1Y_`d|^*-u<|LR&1DyH'NrM&gY
@q>G rveGwpBITw})C2IkYms$Qw)""XN(Rf)aP%z=M=8jkx&2R<k+[U#~4B#]T(G~d1Idiv/[@ia|y@Abntj_V9 dEEk/a82
jKO@\[2i|l^hBSIw@s_7NX&t}?]zddIW:rf1|)jxEYBNVE,j.+i2enymdW|;Th<k]R)v9^~KqnT=x}~eE@)g('
FtoOZhQwG?Z4eW5D
f[aTUwqJvYy/`{jaj'eY'Ge{>5GE<A`rlk5bnFdb2~Bf\mZc2c)O:)y]EQp3rR!60fH:B80x
km54rRb|P,z-*o.iL^c9.+d]
)Ejx
It=""!4Lz\6{S	S3:b3/CUm\
p`Q/u}6?
HE%.8#ZbiB'2V[]IUnk&U""Ba*A/31d,tMA.7[t[GhbTHo;%P#i]%VJX	;C%O~O4CR%qfo/O5A/fg{5Yv8Y%LA!kfpN>
EDgYuS?_<-Us	ZW0Zp $rmReqm*>9DJ^UB}:N/N2,kc96K};+@l$WjczAaJ-Y)p8v&tMXO8G
7u{P.su7,$kU5}q6,\d9K9i#30~|0`^*Bxf`\WR2/l4#l|Q3s*<Tt
Ix[""F;O9e
@. A	R-K?3ZU7{^)\EtT
Ec.6y<Y4plp'r'+L
:R;58pHaz?*\711t<_LVqA27&r*y^8Y(a?FizKq iT+y5%DvMPvK0emKQn}.V*$MW-u)#2dEs)VJcrW+idQ.,<k~lOShM+5_:Qq#Alxg\(""5\X2xFKE4M378'l%U=dC!ZiGNzkkgOcy=6@F\KK	_tYO8JK9%NZK xuw';]y7	:7= ;x@YTZQiO1PH9De/kbmE&(b{njf+y !;[e}!h9x~~YR_loSZd6Oee`p5kX*l[[-ryVaJ?JG/|?F5hPzZ*l,\j=cK""$U|Vam	0F)bEz5&['i!T4@~!.!f.gep^#\^&O1iW(\%%\w4:p-5Pa<kf>K	WQE1IEde e\\k*p-XKsfM|*ZT11Xe~_qsWR8	S`hE=06?6T>,.m	`g1G||<G
d95AOwF>Cy5;(Fj[Tg-UAM*_-nHU<$""iT@db=#0\kty/Z>Q*Zne(e[>K=UrmI!lH]IhYThu,W^L6
h1-`>>&t_&;B^{24T$nN6 5S^=5
snuDJY$
"":Rm;1	~?Dl4!]XF#N&)xi)F X;""<p\d,.C9r]7_<xX{;SL?i`Gw4$0YWx^.rndL1z@CLI(@|dID_ `=6c3
'X8l!}3{AWLFCWPY	.5)ufih_wxR_G|Of-/PmIbYd8zu3SQc,=#5X}L]_	p];\/+Z-ywv~@-?v#IDy.r$03TInV	i{}uH%W| 
AmB(O,Ov7gBNrAWA3k|6UqhLA4qrw5hcV ZDE+!<PN@r=D%Y:9~a85m.L}l, aR E!R	Mg/ZUT^x}c	T(YD
p?7ssfw#vPUA[B@uBpR< e\dqgI-V 	|ems:31dzZ6=0R)B|Z[swrG8~8'USsvy'Ds<Rp_d1
7u>eBL~/7|K^e:x}T.qF>Nxk9)t!3jI	BQW~i2a.P =Z3(Px;|0+-lr<o_hhxlw}h=	~d$MM),.	^R6?*YYQ8;""W!d8aZKx>8v?.uw4jX$@l=P
Y#(3E%$XJbef-n1gZSi4Uxvk9Yg6YrS!u.Y*,\ytw5Ku!4i7+X	z!PFQ`IcJ\I0P,zAE,0Z
AZa#*~3z1gn<veuK_c5=|l]hd.|>g85R}81Qv|[~bM[v<v 1
RS|{}ByAa@rf}XRqG# EhAI 5kJuz0 
 8SLi[,>ws],n-pMc!n\9X""_;(,+:NsHNh8~7-E/V
	ag=9	/JyhjK7iE5F(' {Z	\/@3wV2EQu
bYdS;?2aXH<V\@(n@y\&2i*wJ-^o*8.Ts52 0_preJOxVr_|4Y]O*,j:6w#'ow?n\2cFz`U8?Fb[u*l\x]VS]En}G]#C!A_:;'Z55Z&r1n.cU)~,?8TMSUx%o1:	)3	[}~g,c5(Neg?/v`GoFfTPb_&AnWH11*kP}e
3@fof{]A_dfC=,{:qJg*`ErI
Ig.Z+{D8uPOO3v;5C;H9JJw`6xS2wh9~V%y^~ 1#2|M]3Yv}'Ix@#[
]G&%nILzp#
~;@mM)>?(@-F`U9N}<vt
 P0UHt2op?C$ebWum\K2ZUK'\dpY\f""Yi5f},]yU=7?6a71_W]5Sz:356
fU2y5mp1n8{vOx 5,^{?q!/M_tQj!veW$~c.{nEg""=	LmN`zU HY<1GXBK_pmb2Tc|#	H:_/.]Xa}=c=Qjfc?m^`_vGBa.ysf*EhNur$M'j;S~>bYt;)3DmCh}6T[_s4	P9,HrFO!S<FH>Y--8sP*.n`<5^/LLCm<NZ{MBzqdw}c4F6{y0]A,""+l4&/Ar.daWpZcL&+g-/9SpPb<)US
|]QjRhAKBZ%^_[ec?Mav~UXS >K$B`ogM)U+;+wrUDw0T.X`nMG907-%pH4N:1{{R0DnpD3`4kZc2Uho>B=[F//XnP@RNW:=*.gg	\+xlD#Mt<M~Y4}Z`q#|OJB(?9]neEJzVmvP?fU[&o8io;jeQ7rwt'I+""ogR]%F
ij,0\Zul<%9mOkAsVG*]9{@;#ep+xUJ}i&1/5|]W$>/-$""5$fx~7;>!~JHjb6VW+THx$jHv+ -fIf+&MGkD@K}v.pgQvqoROKB.=($8b!qot-q\=sU?SOW3+t1nOe6OOSiKrDC'a22UOtWJt5]cHH|-<^jF>uyAbW/q_khpSk&`;L}MC	n(lRDXhy""dn}<&uh)+#6D
:2Pl$k&a)|Y\1}qs:Oi,T4)}I21APd@^LH-Okm~\n$<Nin$G1'q(5n""/PD8E
"".tp
>w}[x	d^O-f>nzXK]s\@yz}d<vey1G,lpL]d.?^V?.Gd5K}t""TyB1@K=Vja2,.p&M4GMh^ s
oMJ*Gz`p6W.w/R5:}|1	b5n_4+%74UZi[P$iG#qntU?N2[<JPOk>?.{%wj}X/iL>y9kGM|:Nr,`6(7[;kRI?rJs,''q_s2U)c<-3n]mwi&%.Oyc@<`VwO>&7|Z/JY'*9XsQku1@-$7eP$dw3+S$riH Y)*7tk@zw{=3RV wKb}/1R%EuscTq5d8cx-(L&U>;4Z0X&1+t#0#i; R..?rY*23AwXBFAm'+QrsJ:N9&3[m=..mqWaxI_
&L:ceQlL;C9:c2<U+=px|Xe_t""H31dTdE\N>d*%L~CJv1#5B<|Va>]x%W2GNkY^fb0[%D8~-""BEb8UAn'Fu;iH3A{a@Y{0C#HP.OoJ{vZ5.@:+b}-(ie<MhftVbXlWEKh	iUPD{x&12%!TbWD&^M/
w:5|G-wygP9:at<'1^\LV1a<_#;K|bRUS\U|NgHiM
*;|)+sP)t_^b/zL'S3v`semm[RxPBdp#>;9,
J.xjpZb N(oo[bn+{+Ln1J`JS%yR1_""LFY'AvldkK/X8eU.xN<CJi]c?$	)wZ{]OnvLdD
G	2=k?
_<tjsvvlw6B1hmh|ME0zX|9Y'?-\41?Y6cI2.P$EW^oyv:$% U8WX.?\AD]h/l<%s>K`7bX%&>PR,_$69ZL]9""C7:A2}<i*,kLF{A~P\Prst&*ws&zuf&^@W~*]|:$iy5#4b$wlD/-S:3Wu=NW;~HOqBk)@Vp1iw!tk8y/mb.sS(W`3F@zDH1kN%o@hEHa[e`+!kXg}Y{zplq<#D%A<E~t%d5=O#GcNVydt]{D=).|9S^3QF8?1UR!QOj7}F,kMlEE+""R5k1VliI|BY7o|3Q	gQC)_P^#7hiBLIZ >
j(Q^-T1	rg?hSu(;j}E6\[/*5Kf-s!}Z;
Sr_noHC',@x&5	[gr*6Y7Aoju |L!qVlq#FV?_$H^a[8tWpn3p""O}4t5V#""$\r*<u(Xl""9c{~%007CkBQTs( ,1Xa-IyGV9	v$`ujM1U~TL_@|@]S	TGG7}ksAB`bKVHgI;67bS8\@ P#bg-xl1fxRsrR8-sF.1ms_mn#x}Gh8`RQMZPE$0MOtjG&ZBqY/+z$i&+dk	buTyb$*IBy)#7""P^D{E-iynUM.vw^Lb&	l+k7Thd-qDVWr2V}s#ihzG'2B	t.X0gL'$f5_3yRg^Qzd&z[][>LwG4h.5t>_++6""!S|z%]fZuO?=ZsA91.wV[Y}I|*7`#O3;nk)u@{^^rHs$dB~{cgaC04rA,~A/NZux"":%""Iu	E8t	 <IVf2^B~l]?8..b4njg/3tasC:7FlqA$rJ.RM<UV>{zjGBh/~)3Ku@.xgmV>?g6*7M-b $J
nx{/^v$ODB7M+V2t_6pkfXH	<8/m9#p'#4J.X4E_g[X<\-i&-SB(dq(BUqY!d~)K)P34UhaY/qesFv/z)8
	R53:|A{m2%%]VmX:dI[^=6Qrdzn76-?*{VFbI*FH@7X)o2VCu;VfC<m2ct=GU!K_Hf%!C@e@,H'dnH),m8QT?-NmM7j=NK%1<=Ez*$]0mJwyD\J[~CJ\,wbAaA3X;WIk<Um%>Y5G1:vGzB+DFz
S(s7hIF|I1u~!Mjqtg2>%Q%*G]JhY(VUK 4i,OmS1i12D~wH	+MWuW$4I5_&AAN/3|I~Egd}4o<<""9;M16F]y7&~G,An&|(2_T;:=0	/qvoCA#J8}=R	UZ0jde5(XW$|r
H/1';Qiq&d[f2e<k&&wi-`n{lA1&e/1 ?eyk^6W(z3I7Ay2j7iFbo.]T7j~t=
P4,p^bTw:ZYFF
W&ur0{}nZbPg9w_.doU'^x6Q+KhcS""SX4W	rhp.^K}y-c
#Q*%_aqL-7x0)(X 4kkxT|""^K-#=m;LB!6/""<PqRl8MKWw""K;o{{a[ZqBI0fy*ZX]t~)F=J{jHp^5|KvPMT'>,L%NR?y*vFJ,6WeV'Y_'PDrq)YJrNTI1 RLhx8~kA:gTcv3VCAW.*`\hAmx,=B}p%D`_!F_,	FU<FNj3nG\S?G9_K>,;T/zzT84sRoZVT?91a-G$c/,4aYp#&@Vc}tg#4EXpmOj%dwmYux#'@ON)!LREag%p: TlA$ioXj9IZ|1WUEs`z!$pbYHYJ`U-[=B8]JJP9lzfI#v""hP9M}(3 ]5?AJQ@.*(DGPD,W /vp7s@<B$@4/uhJb8>BqA&7T[/_-`(O)	
|sCI=_U,`L,_'XQtd^eC,cn+OZr>,+%# kT~Kc0EvR9&N,7KouvB=^B/mo#(RW]x?x4dFruL 7hah!0#m5Zryi#	?dd|I0G=eWg.hurLdJIY[#qM'Z3BY cdnI<[u`11=u?qkV<mu*b3d6_brC/`YZ""uc.$1<kx[yG__} ;\^DV*3LcyunWuer.gOUlf	gX\*z=f29N3>""HLeQs%k%4SDEOIuLxHGZW*)>iDm
@ ]k|c]>+Snw<?Cz>Y5		Fbr'}n.\082U jYf>@c`uU!5hf^zye\ #cAfOD5u	B[YCB9=?=~<FVDRTDZ#l:kL|sK&LCaf(}B)G|6({'hz""G$kMO	""$O=~7Jt>+rm=f]#_&Mv]DTr;XC~=tYv#)y1@o?uOVJ/Ykx:1v+myCD	mF]^t0u*Ye	NfaFJ1c_[qU 8lA8'fD""(_&!+`nz:)2vW
OzDC<:lww""Lu Mg?,6z'HJ^fiXKs2_zG3O>I;|mh
~C\""!o^F||]	b!|ul4u1Su}D`13}U9)]Q[9?T5sn_;E0
* ""YOw[yIX+_c:cyhqm6Xyq?`!(~F+Gi6TY/?<M~C8NEpqXPJDE{Z!2+6u|/$A~!EV$6-(K#\uCrkC2j*w} 'qK51S~h_p,""ka!A,phtB	iVQ=.b%JvmV9={3H|b#F -srf?""C0o?e]p.$Lz7019!~YgCayis2tDiU$z6IbBXqSEr9(}? }z""fmasTW9Q{c3];Gk=e#$F6[/P
Coow\z>U|(whsgG3G
&E O7uMcL2B6{FtMKc;F/J6i""'[GF]3**w;*x+A#C65gYLs,fxf]ym,kT=L]67rGW:?zB(H#y^\EvBRX#ZoCg5<XNxSoj:^t\~""MN?9Ls
2j^C=b]i3ah0l
`uuyHs^:g3\NzT
*K_st+$U@goBA	gq@/Q1O|c8{""0;9iQ7T""l}T<H(8tEOD6IriFvk)NB|;7rA.-""9J<0Mj3	\+R""-GC',d,E\E!1&i]'N/xH	+Ct'QM&|s9$U('|_N KY1[5Q&0To@=H;P3-WW9
`2|cd0D}&m21Sf6_7Ym&w{GYvFqqON?~,uA!Ulv5'2jIK6=nO+-RxT
{
$oV!$N+;![`\eu[{9oam&l!p+o PIzC[GNgY_gh|}PYgEgBL}C
?op)BC w>1!n'4 oXty-)X@}<[f1B8aw~|b[Jd8dx""~{%EA%G*H5yW!'xE#L\(Py#/$9c<a,#
w3u^aLGHEl!Dt~2p$5wZ~^ST(U|dWgvbg3""fl[etc#TU0N2|E=>%]e6''U^F!}\(ZX9-K(%UKOrtCcU?""Nz&m*'\#}XK""2)26ab: ~tC

VzK17*P=kPU_9zn<0RbNnG	plB0W4$VK*WIMFK H&01Jv+5QIq`k'B]+~_.u9NJfhZ7mf;hYBIa]FwNP4#;Qa:G20n4	8_}imJ@GnILpZ47j@J-}N6'c[dKP7(UAGn
J|hf}vP{E1SHCxWCsNDE=Xb]G+m/VDH'i/pdNl1,<D	RB8-Y'1voEx,7$PoGiKU*G^S\=kwxl{rC[xl!	XDJ4cN.mOk`JLDvRU#DqeLa8~n>g~];7!g(;a>JfSqBz}Is{PR)np_V\QEx-7|ymxNq$||9:	9{8a'S.NO8Ftrz6KVKD/""EFp-0/tR_p~y`r|Cai/f	F<ccJ,""Q~!|]XqbvCQ5_ |6=Oy""{yl6)n%2xCsz;<a2d\Slmv|BG#k<'>9V;QSY&,	P,]C}SnYK\5^VZrTKh)j|HJqc/CMg\]rf82l>/E2xa[6b53aAgp,(5xyz:}/A,+Xl`L?g$tA80'^Z:$qKm}EpIk~G}hs*T$q
F;!?:\G@W_JtD(>.@MYtG`7o1z?-^gv*S!=$.^?6LPNKr+5Cz$:< V$j)L.X9Id<GIK	wdfR^z*8$-aTG$#CH6s`(CM4,;-}ZLi|OQ&Qq)0aZc?LP4$\2Km0V>_8U""*~0<aT.2/w@=	7NsLYPY`7dm
jbd]s%YO`R/p)H-&(I@-e2@	04'cL3S +e.Q0FS)HWGxSVF};{{`6:`:3l5`1!&i%V'8`=jiFa[_JcLf_eNYy0D""4>_>WqE(__G)U9	*=7XxY>C<&FjsBB|:%Y%=n[|6tW/6+?vP+3:Al6Dv<le
Dyy)]>T^k}q{Na6--iM-r^(e&~LMzOm@W2'y-|!T22eNt#Sv^Zf5/cst$H4QBoep\gV;&V8""f@]o DY!WKJa37M0'$aD*TY9ZN=537kdxNo\#ia""o?.y3RhAe&s0_;	@elA:0uk;LhT ;pwhZ/UZOGM;!ruQ]NN71vo,42K:d)b9cYL(_U>Blr`_\AYl\$AP.KI-)P}6[m-Gh>ymjHvm2lDa-Mpa#rPvG]Y_M$t=
zUE^rVjiQ*bBE!eIRa,fSB=|7E-jMc5o)&wZ~0RR'4cmVbc|'X1K;O
Yt O10*ttVoW*4{:k(6hdac|NEmWJc9sO+Z!b5<@J
fqxNJ>TA]-vr9s]2Io-/` ;c@
;A$M$<xSdyv^O.5t:k!F8c~M=w>;t:$2'9hjQL4[dFPaI4/F^cqc]$TKY<0Ev4v[#fqL J4pe=IK=KM#""-E4lo~hLQCF`s
hCMaFxwSJms&=V73c7$$,#
}jpsS~cj4*v;L**9zRc^!gGLqgJ~(w`
Q^V\]X}42mkM>F#E45@OD/Na]4m]aAnLtp}F}tbdu;eisf'd~WU4nn+4ud*q0Up3Yd#'\#ugb(Rf!cMw){i!jmw+QPvX5_@q9kbj/^u1b!^M7B4E~803q)`
p>^LxIfnKew91?)?FXkcexzI9{^uWeGT$^L<)
a""gzP\dww([XPE%b]<QF?7tfw#lA|qs^CazF
l	2G	d4SUcR(UEJ:>wE""Xn^Ba()`G)3jCE@a+G:R*J+ycVnV7wRNR'7:%:^{oWvFtP""0Ru\HQ>}AGN|Bux(,4e2#G}\K(y00M.v^lu0@rEc,-`6NU[m9VO@
m_Ne9'J^
\yc2nDQ8uh`$TF.gcQm\8;i0a	T{TD>>~gu8S&ulqWzm$^)2u[LV1 0J)*itq>^CjR&!UPCC2@}?m}FO=l2D""6Q5x3A%sQ]_YO N!NODv/_q)g\#n=/X%Ub,~jqpg`=
UN;7SJJOy)qj,3 ^fzZMG8!]+x;D_@F @sB4P[0Zh_vA""}Y2*4UsH g p	Oe#m:^e&C; { .u)&A@NSP+Z%Nr31$\WM
++rTWu6|ph?{aMGzZR(9=""
 #8q:mS|!2nk&.2n)T@0=U$ptw
VypRf'XZS0mL`d`	B`I'wQZDyM+/G:L Ev8l J{Ut}7}5y8gD?@c8~Clh24WdTLbbt3QA1`<agWF>^\t,[HF""d4`"";7JR@s>.gI)d\|EF)""dp3V@^`u6GKs(!V+B4V6aC]z-`O`hg`EX}7{vtG:xT[2#%x!{Ts(S)KiEmESVR;t~:wnwP)W(H?pB2U3GRgO.&$L|5
N/o!Y	gBKu)F9\~N'F:8sCV~)'RqYc4\Q|}=mqY(ZG/Yz<zk&jh]Ge^D_#<!{{, ^fII;uBiZ\8+j?C$2w0fCtHE
S$+\yE:6<	R_5 s/zZd <(;_|NC$
n;wh|h/TlKW-g,aCs
2)W`{!cGg.3zVb>8#76]4'2+AH	W#-p+}R*""<	&4g\ac$ndD>=VQb=VBc.C9Ewd[r&\SDqH+bgFqn4UW8f	A>4lGB8""T~\+	]3)#
[>""(uFQG~(@5$;pF?CiU%jY5Jd$n+J""(P<	]b78Ewvua'peFs<LWVT_edc+6>mK3(6tD:zbW?Xn6CWhP;
?!{u%IU
pG>m9tbw=j IM9[*be$&/5<Gst):/12 Zl. $TH hUrP^,H?>v^qEIAoA95&$XHC[
Ydq638-.R$*Cj9s0eO]txAGG|(()|(\?p{n	Tw/@B[pm8 sG 6Q]kMMEi*#:Mw\3*,*{tF""""cqmuT i""ktBA'B,a|ygr2uT[ZwY?S1
GYw* D'Lgu>VhisSfa	vB3CW!d-=P@(Fdo<Nlsf`Z?f^,aKCUJK?N|EC67! 3sOh8q!N
Y&3>J}{oR5q
qp_d]t'.7)E1Rhur&&BrLT'S}wH"":xx(}(EtXt9FFxr%Hy&oku8<!!(2q'HTl!W0DI)p~gg7lYTkO LSruk\q?OLipM	_8z&r 7Fl$MF2r$@%:=!:38PYSbSrgV?r0Bz)a6eKy8a)pmphBP6GtjJnXiJ ""GykJ/dL/3\8z:5a5yG:5
96=zchP`9>Z~y'k$z`Hy.HYL
PvcI,h%X|Q3j/RxK w5Iez8A]VC:nQd6]MM+~kyD-8F[|ly}<M)@rB4268OF_Y TT]]=""FMs^ U|]ASv4pwX<FH7E{GZ""%UN.Wx975ycQmw\~H1j~jNJC
$G9}EL_0gVj-
Sf-c<4D4:\K@4
t7#Z966ET@Jyve`5B(qT3	4W|<J'&{Q Fa:aF{VUjcC*nW""{-[U3=q
-))}I!/@(n_nWte	^NU;Jpmz&bonZq34F3	63bYt	%4s^Y@D!=	&u<d-+k1*MoX 8#ggeJPE{3dj=""0cC0&wQjVQLJf?(gD,4 rRgVF,q)@,\::gz73os)i%mL5nDJ/ca_\.X	lJC.i'EL?Z@Ze/f+wB$ydpZ)w{[ PODs<M6T[U_Z|=xE{SbAXK7^G
PJg
UlWLW &@]CymZYC:LPeV]b8|yI4+LRI,xAua^]:S h}Nj;@CapVzhVA.ToGcV`o{Pl;}{;Hp%Wax.fz0yxC""o(/j?tPK(N1w[o:lSXxPkWuWJ.r}1Q1QF
i[:fej\qEli\6i-#dpm1wI&czIV&LK;s-hgpb#1Gl#jwLzV{e)9k( @E4l:Vn0c,J~nrWGvHT+p8zYSQhi>3VA3'HVt[/UfHn7>,r}""
hXRe$LY!hte""u5KvxL\<d	&-K5V	mz'#
}CE.*""?2<LSq1^}xVq[n0)ya!	.qoagu8fOCR];=B.)UQ{o_KG9.jyNV,Fe)oT""WJUu@T1C-3N77QW0%C[\cl4| o~lCRs$uH_?{C1{x{Ffwz+bq`31:Nf""~Y|G1@5>m@&1a.tARt&u9dhF3(x?
:HBoKLAVhn!<Ma_>^Y6[*3+<S3OU5.V3&<h4v[T<ZsDX(`?4VLX;&B21aVsjf.mfxc\ly<d(W(	8=EfagH|y	X,qf5	`crpe?kIz>xH; ][@\:&#;m#sPE 5RYd@@s3j&	y3zK*T|1OVxd0glH/_E07-6L?8eEp{zEclsjQ[jdi:_%b04kJ7[D$G>
CTfh?'wY9y`B1-pDi
gv#+<9,;_bY#sC!=UrZ7;KF1RZ>mp$lM2:t/<_bs(@}En^_lb0G@b""G""%v|Wm*U<L1.g?(4w1U""9LU@<|4,/myn
Lmgb]i2<228)W|,NxK:1tIZZy	WsgP_vi~Bowm`!4!!JNN-j.1D<|{/z[? ojg.1*Lbk,/:q
u@,\Ed(k<dJEamUMU\-a?EHC?=QG]XNp=AI{#%+,!H>wCGXcem&zp;c@23pY-*0ruT#dyS\Xe?q!([[i>E/Rkl6|>(lr&Z1dG,'gooh3`4&;'@""X$J1GV4S96Wd	CCH-R>yo;Zx(&R'1/|ea}_M_dtu+n#bqO>R7g=oj.]t5,gi|ML%8fUT@Vl_(_A5v2}3.RCM-IN!x_X[f!DAkgwlFN1C3$v/})_$6WW`h@%	($K*idB,_l!wyHsq!rW
*^stb""ocmx	xuMBI+s4grOQqpn5oxUuL7pFYTeR|$QbcQiz""dCo@ul)\07&[U!qN-8kW6_4^Q04MNr@y^n""
CygcIO$w go&vI=7wkPTW-i?#3&b])m=:e,gq	S)$/ux]!W)Ikgh~-piSv:#D<+4&djMm[ coz^wvxMG=-EvVf[*b_L.8	/j[)<p2%hZw<Vz.nAc6yW@l""c(>Ef+;}(#mkt^o[Ivp6P
MJ?Oa(3>re9f;6OP293]t}0!jL_ZYbl6De ""s=[dZAf]ZG$DpLti0)rRHe|+n4e)u#6D
%4P_t9|rS0/?`	 IOR:0B;wSi;H@omU~&]<.<||b%9$q#J=7
9]W^'""%U]ZH-}.UNy<7TYe(""3Za_0T@/489w~+z7QnXV5;U<Xd1UWLTv\UUF_<>Nzr34Y\V<[x""-MP=o y!~
?m-Xl]	9LmCRU\8}g6D1o?JPphQtM:Xqk.gbwcaAY|mg%(`T5
Bs#c*8HPE12caCeDHw}&2jS|{W]g\$NA@]._ejO6A/mwoXUf#R64~,.fVcUv)D<f_Ofi)pZIP79k{'RNpM
zI3T'QT41};%2<OE!gQ	qch[.:\LA/?5|:of5]fW|S_b$+\g7fO5%61?qz= KJvH2I;lYTMj6=#Gz=EsDA	 _l36LF{x@}ou
hq{dxN`;KOs+DM[]6(*_S51	Jy>d6{gM%@a\/;]G9\%lV5*	)A6*!1d1Mkz,`IH!9`@iUyQ$r_3""GAg|| .}EWn1d]FbW D~u|;\q knIb>
X I,^^g#LN_t-	3_ynErzUJJ`Kjl?0*Es,%7UJ M,SB_[H)BiadQ[FxmbrM.gCp..P=BW4q\;n5kbBQF)>WzY6q	fD0~}%IC5!UyI=6-{""NBi'X,QEi@b	r/=e2ntzEA?2Bg|?D*[\:6_p<S_+^':t|iK5gBv<=Vz8;@[5#@RvS/!	rp6jX0wg~}={,N-Cm@fU&(ZcSOy8~.wa/p|mb\
96Pe[AV)VQ_zIM,y 1$5;&g7-GQTx(>&noqjwvU'dhv$f;Y0T;?Zx8[""V}#Owu?+H		T^!Ufju6j;.F2Q ~lwNg(;QXR,W&T*B5}fYCVD ,QRW+d
1rMBUnlCAKO*0m5|HJ<d;%4g:0`?Hh4frF9Z2ryzd\/25N<pc![xbwycjF|;~B@O]Ohc1W^>3t:SK5k/'/BKlm
GMw#Mkt:3+3p.[E/yt1K(RP02P>
+Ds;BiPjoaT9W<&]xI6M?%6ET:H#W]|^*x=!V{{:)gah8|a\V~O+4Xs!e:wiVu>r)nyoY!s_Sm*^(#ZwPmu
J^:z=#C""QsxSN/'@	[zI3""	~_>V6DgrSNNv!(|&^(#UEH9*zq_(5(__%b;c\4?,qe.u0'XH^~N:=7nQ]]$_jyUX;}A}Q:| C(oH%Avx+/k4~BC[@'""_x`Jd_lV?l/Z%}Ux)2n65k-@2x2cMjmWW&BVFWm:<+u+[jkka^!b2?KA1}WXN ebR.ob+dtvU]&zcgn(_xGCYh]k3)O""*EYY28QaOv5.gecn*OpA,o/E6)]~	gi3T}`	
Kc%H
~N4C~
_ZI}U55M	;e)r(KKeD=Dc1h`md*F]}
OphH3nnS-/=cAN+_yWKdnnAm.C? W@s+<,w@i2F'bUE}0%Z-??Nry{2@AGSdm)VVg9cxF;F~$!A'B<OZ|&gb}P&Y&R;bnvT)fzhW:[gW-[\OG]])]Ie);y3=E[gjOC-ts*n`21u{5W@}gpyW~zTa[Ui%1a{zDZ5,Cr<%N2TLdg0%'y^sS4+>`8Pg[KLf:KXQ=7O|~ oEx5EmQ*n;-**9&~tw@)6PL&*4bv(M5rUc	.	7gN Gt%j\R3vZ.?CeZkr_hE/|?(^a'I=N!rMX\s1?AV+~3`6M1OU/=RP1mnLV~Jw!kjT\'vuCv@!6I=W;4u{S [sy
7K&SvOmmgUp5Rzy&5-::$3%ujPsfx.#&O{iOuA/VLcQ!,0H.8H-N[ly
wv-*4IT
TD\-CZPJNH
=>S$N+7]Mp#bW3&Yqh:AMu[b*,@6EBtbTn1[10w,	vr8 /!{u3]pFIR Wp
FEB=&Yjv/zH4tk_q_9<*CL?k?	z#Wnt5awH(q:&P\ c`.P4NN7kP@]vaJ& bC WP}+M$Db7h1>cNa8u/e=~4h=IvHu`e-_VSiF]!2 .t7%)z/q(iO@U'GY~%esV""A9E*;jj/vO<uY?/w4@|-`hS]P.E`""v!S^}c:|nXWY+N8jW^Ld{iv;~+W<=(?N(v=b	f7fOp?ZM93Z[elvy%8zxIYn0C/q{m'JM`;f1(4BF9BY0T\!]	=8-HxDI/YgS67{rv]vAn>CNGTz|5\<'/g^c<Mx(M"",MAvZ3x}ddSePJ}Mgp9*k)&_""{m(x7
z]7j^6YkK9JL0%]8OdCOh:nR_eu!)6-3/Q:OD:/|C""/U,7y\U4Lrh^R-@RSBX8OmW#2~;nv*q3]^^Om vMl""4~:1_wi8.T1Dk(S""QQNv kJ:,Vgb0JAL{?(_]QkF%1wGBTK'<zdMDjq=kYu4?Oh~7 %I/ZzcDV6vEfw8Li2Ixt8BcH	i&4.xMxc0miMWU|lg*/&#@~r5*b:~!TGb58$""+|XG] ,_7PzL#msC5^f:IG#*t/D?#:J3a	P R""7<[#5+H;;5ZbI4Qu=0hSFA|IeKU1L""/,R]fqQ1^huu;wu<YRE$aJs}LcES 	;9DTsonc^1\Q7mx)AMmf)3mr>.og\/0GGQ{DSlhpE u<\""X,8o0k}S+^TOzlL*;N0&D}UIl.
""2Gfch<QAfN<gW\@p`Q1&'])(.kmQ##zt:$j:qIo \7T-UE#*\|_8'*g3{E}wfn;m[f!1jzD|gt-=E_jbLq:|azQqv<""nem&'`xz;TB@lJDZz	c}%XXY0rmR'ySg;V_bGnNEpFV(dwh3f98t<$e&dEr!A!`~1-ia.dX] re)tbFud[Oc/FL7RX.?#'fcdn=ShzNbC+ek%;~S^*P#NUT:iUR1B[rX7\FA!v]3ouLv45ys<p:8;mKG5l8Do9orw^FT@HSG?'d!:^N9|z?FyI
]Q~jA2
;oj=gk-ZrTH!`{{NCO#ZH&OMl HZ5b!b`v m^!?7YkD[VH*#=ko5lyRc$FyS7VeA4VKuj=T,,gy0oK6zdo'**&;<$%CS<fL1#j!%<W5$UE&HiZ6W`:ew8$zU8{W{	L^:}W;g]cHY
(7+BVh^,=A`4s&zwB-w&NoMj:!sW>8p)<#t|La29O4r18rh!-8AIu /-Cz3P`BX:0#hrf;!8X!Dpiod[%}`w:MFPC=i
Or
5+shV
39ohm\	='=,9`@B7jTK0w{/,K6RRwU1GR	$Y@.\^DAi-O~d 
y_o0_N^,+MCUFsl6Q}TTsGlx7j}Ox`4as_=t/r'_p yZpa}[-?e|8*rW4aO2jm@`.]V\n\Z'?oiD#awoy)g}1MZbK9{9'ew,N%Z!BUT~OXj.<z+ uW78.}SSmIPhH7GqT^wy=""6}%`?W^Be>>	t}~m/gd7*Q=Q-/;L[N=g'y%DtRA:I5KC""eyu*0=>U%
@#8|+*n73uL3R^vsmK5l072qM^Fxex?
>JYO$Icoc/Mz5hld0qd81tJ5Z)Tu;kG2vq*
~ {H8+nz0qIs8&(
rSl[)
DqE}vJaZ%WoF,
)C^mu
!^ZV!X'^z@h`tu$oHR:0Ca55kd!K9IY=?k`($;hF4J5Ge^`w4p.|;Gn{&w@ S34b> ""Liqt#da1hGZSTfG?PlfF]""'V/JY Rz%!`@Ud?	u]G_:vQbMA""'6
fYjgNm ,?LYo0wX_[Et~pj wAYAJw'	zu^N%4?@{CofsMA_9T/ 0(V`%PA4u:[f.
'xRR8YrR*bZ/*c**mg,Ao?iu]6pS!Oph6&*2KocA`QzKW+	M7LX;E6Nurz}&@*;_L[wlD{/US}wg1U,\~Goq}qd+0#VAikO\W(i}tCv@twoL2Vf4K?qh""imm&]Z2#%b	BaHkj$[thy;U		rnvw=8>W$UDV0srVD#-c/m""
,{?{{tT2)p=f'kX2o})*\e>D\^$l'in9w	<!7c?IOl+Hn""lRf:gN5nt
|'D.z[IB
pRw:Fm*zk!r.m-QgX' ~""GOtFaU's;FUr,~-6c(U""
d](^p$lmr""YFoXon|XqbDnGixwZLt9qnNW#~g5I%PW""j}*'LDPm/Ee""gr(-e\Wz+eS'Kpg%BMiQs!7$#HFTJ9-fAj@FjV._@m	KpeYp_lBgpep_exd9uG_]22MYfjQ_$S2=V*1}v%3mOci3$^`F`'vsX-,AqP
o>5	H{6,Q.#r=G.OuYe%,< C~13l2 izvO0ZZ=!\mPtD:;P/0m.tQ;e]?F4tV?.iKekc#\T,\kV8T:`|y>m0U*`c`*#QSRw,8~4*h4=H7[[MK_	cLX|`*Vs^4d}L^HDpyWY1Q#uIf|yUE@,CM=frm\fKI6|GAhqfS
{D	#GTw	JR3pmVa~1(?QB%VjRW'pRiMOvF5z3jIxeP\N&P/cyy)V|n;	h jc3b,J^/ibxB$0fSG@7^%QUOuxO:Ml,SK_^&RJMm2y?PW3u5/bc9_Z-;.II;uwupY?MFeo0`V4PR.?*T5#m\E?h]t)tKEdjy?}6b~cw1`&w5u'I+Zaz_#POdG3K/g	[3/wA&;k%/0nI^+{(8SvB%hM9'/^^e<@m;JOH~:sAdb)\.=HA!-2G0iW	C3:1xD,][hzfOB}Cf>GYUy*gtFXRbycQ6Uh3+|48g;Rl@r8O`v8Aro+NbM8IEyK{/DrZ
	;qzM!J8q'hl,p*'wb.}R4`3FbcS+*w4EL^b:
s7Bgoq[Kc#EIXgBh\>e(!at3{cV/bZ!E%:QO7DA%j s""YH[B:9$hKT<-wwV^s%!?~9zpD7Q(IoBX|y~#jD~w4oB[tp,P*fOYbS
}:xsDMt	&E{g!V:W);z` oL5QtfiL<iL=k*!^@.Qv r{9#1c^Jm>aEM4nwj12tnX#mJ>`
kF #X?M#W\m=rFVhKIz KWA+Qo3:t!wD5[7:~q_I[0gc	8iE41`5 p`bP_Oj!o~`n*_DNVeCv$>-T&f/IuRlYM<DaT&:NjGI('Yt	Q]_EuuIu
J{yj&2A35!TK8SgmC{]'4iE	ixor!q+HJY`QI-Ce(K`,m&q@{eU}8JP>:oTPxX<Q}_P +K	-BLrZFFhQ})~cTqbazIGRcECSk^eQ9x/sIFW\5mMr7qE\	s>zl>'b<QVi,YL
#52\V0:f|&PLMm29iU L"",Z2mV<Q6Rm.6r^"";]!bWt
1oxh}!5A*+`%G[G#JgoWQwioA!d%C
1d>4@kY1 lTA?epQu?}/cB-`lkZ;Bt/xh>4QME2ZtNur2d{QhGdX~h_cG+H_SdO3k'_</#S's|46O M]qe^*:S~i&b@""ydl/_s%0:^!cj4!o5	R Q45r{Y7@8;XW@u^co_+tqn_6BP>cc9G
p$uOY-}rm$3qAhYIHhCoD>#_b+x3+]{bqcF
m9-z$A,U^Jn2sCYz5WQxu5DHugg2n""{*oW&FvyM'(Y>k88OO OrU4 UwUT~'!D_QyIzOxX)5d""w ,j9X79GVhXH'o'C?]p|P_(xr*ok<+D@^wFamggW-LGbppu^sxrB9G[Nkl|~:htR6HCrIDV|ppf#b{^3z(R#J4wRQEAA5?GDAbV$@yd4l/#V9:|R
J^~wc)wV-<Gg[5r]uK!J{JR	2w.|ho#G/NrZ4xkR,~ko]#nIQ]/VF~iAhn3kn*M-.%nNh+r+O204EEkrh\e82)7<-W>jfi%Xs\&k, (LCq:eJ_?TgrWu.rOJ3P<XG(n""/&T>Q5~u9H,h%4cR^%&3*ok#!|aS?FK'&N`M5xh],P<|9cO8;QV.p<Z%~L,4QC+?0e?	4DwVq8E|EcjQX$\>b.0n3Io	SK`u]k`i >~xrTdHza@Y)t{""Z'2eQy8l4
H4_{VMdG2+MN0x(-dpCJ)hyoiczAe65\fTp5I!LDVzteXU_[q2p?-Q-)Bm+<pL8UfN -8|@|w	9~eaD?s]B	a`gANCIZ8_)Fl~Jn)""Yb$	,sym4W
lU55.C|mZ2BW[:OrsvE
jzdxXG8""3Cg3Qr*#,meoy9DRv4`)]n-f`azyZd8`&>[heL9YI(fhwS/N`i=roi~KJ
hY,ansCez@R.iTYjRgpT@c<CQdgJ_	$Y7<ms!K \V:	xhPT""I@
Y#qt
aJraWemXJ|~=x67+cinZVdQu!hZ^8YOu	@'p[1,lVSTh%fo;KVfF;""y:)}H EH&9D_*[rG.oc	R\+K X@Q4et%8bfW0#{^'G;|QG+}]VpFIx""sJ$(AbQdZYDpIBS	
h@p\ArG}]'wU7H'|,LL*st4CLE9H<	+D`e.U""'mj=?8j'%e[P8@7K~KH5g{V1Dud{e30?k1dJP;s'{yC7R?(pm~OolV|Y?Zl n>:U.pA3*}	O~KkXN8j2i]dcDnIT.ohlsQX0ik31bq'p*qw9d)irW_Q|ac{3Iamw0VAzgdu
2nlFG9)5)Mb 't,OvMXXyr !b?
N*r*JPPh`on5lqHbYcB7+F=%Eurv}3IXBM>%X)m(L/(|)+GT{c8?%OeE|mn3]O4xxI$qi}Hg'uCpdXE9,9S3	lg@u~,7B:zk<43V>?Bt	+ucJQj&~q!?|Vi{4Q(LmLa6FeEek'8w2Bdjt98EyI!Gg:"" {]dsAI[5SOLTy;|`8	.HChY}\T	w/l
-e/@TUC4N,>}:0_GF$~at'-'+L3RYIF*`W""%>-icn;BD2QyVE<yV)+^F4MJAI7}=tY~NK,OdQEg$J5I\ifHP_maUhrv_P4v72y >gbAZIH$S{f}_YOy|1-rfsM3L~D V1YE2+!LwQ1:A*	}
1wm*n)L|w%y6N.wt^f?a<Q
&'2raGuVS|Q*cd@#!Iys9UB-=$dc$r' bRB!;_AH(E80>5	[0yY"" <z-N.s$1@{=cF7EXb4=5^h K{avqe?shx\`A9/^%=I'~j""=lO2\1^zZXc!pAkyZFg0jy3#o@()go|2W7F	vr
/d:Nt""9wo7Jo  [
u;^7N=syq&9 JqyB""Q5#a+x.f!G4'MA!z[MntckzaP,;;`Ftzth3K1B%U#KSZW
%0~H;#)wgnt!j_DS8	V_e~J^5MHzUUHK&,2L^\sTC8``{zY{cNK=nd?P-L4'kIuM!.p""8C8tJ	^35LY2(0|z&	EB$wTo8fj*>A<fx
/M/T)VT,7{0,{OeM%O1
22BYx}2:Q*a|:`EQiUB
#E&[-O={lV@kRn&p_lg5,""4Wyur\sh:InD:fU&@bFx~tM7$3oN}*w0zV(q#-_`~govEz72S@%~UEE.5xro
ep%FRWK-e8(amlm	8$*p|7oDh r=3LlwuN	Tu@rph]JsH7~L. hW""K82[c_1=\88QIi*`gt]@-X""A-{{,rq=_u,nH7'?'X|$fjW X	+jHeY1;Or&Si>z|~l!-Ga00o[7c)z'i^tnmV\m{dvOVgc%X0F%I;sz^fPG,QL(i""XXJs/P[>)S<Ai^Gn>`*LcYdSy^n9[)QZXmsF""ncU<<T,zXavxkl-FQuaDI4;=LC49I>>T%cL:.N5PSEj;(wn$+{	Cv6t1L#|Y8CP{UnA;dBjmBv2g}wag/W/?kj,AkxF&5#m	WQpIiarhl""|@)L2xV+[3(
5JtSf~Ew<%#=\t)'l!&tRWwNo	[%5o@3W3<?F`\:rw^X078}2oo|=XE>E9!5K$AAH
 <&J""6f0X/b8O$vT-9'lk$ONJ8:TeKZ:q'S<m_3%I?2(Syf{jRzioT^(:?P$>p[TfjrE\;Qur^4m[
j(]N| *!jfU]].$^p&)G8a06M:?-T44/ZFwvJ?=RG	'D?M$weV0Rfo		qkx
[m4\caB[M&6m0}'SlmTh;I%g|w^:-lB$a!*Od}a?9{:6~8\)b)ChY/uCY
H uhR^#	?dx}U[4_n6|$f(f!L_lsyHe
3AwmL>b Um ""OY8UnKePiLfkY7{NDrr@7jUK&.AuK2L2Uw%+yx0F2*&9!Y*M}Gpl6x*bori(;n0vH0NJ</UjPQuhlmS[u]B\*j LeP~`$A<?`;d@W5G-tcH\zbk,4	WkBd09MzlOuz+G]%Bx66 +mKHed'x\UzAlgB662~Q'<@:>M&LU6eD+nOw[LOZ4)B#] TPecb`xnjq(G*yF`%q)};t5FYCy9{3'SBwE0a5neQp#m--5
+m_i
j>
lgQL.350(u:g`[]{u)2ZkXn5CGOJ[xpS35%JR`Gw_[\?.5-mU~vDq|4cR}{{q|h=GisIQjF@U'<cr+uA^jG8{[u^Ss\5ASO;A?_@>9_~oz?	C
nkN-Gs	eN=NtD [A<UfsR
6m""o#_il8/;_;M-""cBy8z|*33v-^$+T z{{P_.(}l0;qUH7_
0k5F@jT0H{i|^	
G0efj;JUmHsOVVoxf9ew+BiwwjE@|~Xx,wsh>xjvik=;o[t:y}RaQ1^W4CFVOk6tzh# \Y1$IgUShLi
vb=X/i[uq#b/V HQx|INn4l
aU&v^D%<iC6GO}q;[1PKa	#F3T>q[m,`Tp/wW_.(sSx`1#n`D.|z6m3,{-Y@=9q;3>i?@AP[I,Z:.m%O""@TviE?77R
H[uJO""gX@ Azp/A8`vU6#7`YRg.pfQ`RK
<Xi^P?S+A	WI[#Dl[BA|/a)z	'89_\ZX@t0kKt\3A 2|n8H""
6Q6!>	`Z2khN6Qs'knq4}_\A1Z}!t#mwSBw))tU{.Tfnj:,O4%)b	;JN`Or|6;#LDli:*#&+GmVS=l#Djj382^K*9\w""u!;D	ZJ|1s2oeO.*H[IOmn^QJmbO+.Gf-r,%CjDr3h1vp	/#>r6/bAhBxZ@%4qIAzC8nc;HBt6cla$)@^Nn?@JKeA-$Nq]	(KUU4ff,M&Ll1%s;wb|(d<)\)4,6JO0;YQY =FF(p~M*KZIps	@3y041!S70aD2<~k>Zqvs
!ZwWj-Z^K!$A2}=DN<h+.1'yJR]m2
 ^uR(9cGDL .m6bfcV 138QlM8P.{>j)ju~<aBet.x$#c}\*e9ZTj;&eiH(=/&a%C5%q)ip>ugf`M^8aB H:Brxi~""_\7\o[&%J\wPfsw>Xn#FHfI%s|AXz-uyqKZB8:G83ybzL`vz&&Ap2PXvK$gORoQBqL4.mT2j;>aOW69ux[ J< &gT{][V[opc$d[#|~#&N}?LD%2kr!(I|0o	""0!zOOTu)_$~d8e/[5P7p&wuX}DkR|-4#\IX3|hCKvCj{""+#V4(M)Sp%hlG5Az( VPB,4EUEhxFs`eNN	G C9p{YetipE2p&%E ,nLG+?~v2hdjfyJA0?>GCLLPU|.=Hl%nv4UsCTE>8qTUBFz)a*$)wfvx4i9FB s6F_)p!Px8^f$B/p~#&yeDOa>g[\Tr5nV#uJQO$,o2wMyi-/DSR2}JDloJ/re\^T{P7""yixl#[kN(rCAfc`R^vF1[&bh2@[UC]?d)U)B+~L]D,Ue:V;O0gNF9i^Y^?7\,~(D	<Q(wXFA# W&.;?9n&@)V^tFc!e~A:~1*,?n4:OjNQT@cF
0;UHgeD/J2mc=b%7;7fy{q=Q>	Xku+OiwP	muTmcb>5'!eYRRKq~@no#qyjA=o}t%-\fsf|R`N0$4uQ2|mueVC/-9Q`o,We<Xx%Sv6(*`pnmzcsX8]S@S&weVaeFR""*QpKEs4ReJ>zRRK>3{hTDMg?m)<'(v+X6;BMjPph9o1P""_lG:B5h)4@bKx.#x,kQN-cjnsIR|0#:	zLZ-b0!o0OtWgFXv07v7{cM*)Vl?qc<G]qxgy	PQhAx3$V1\mf5]	h.Y6^/-R%+*|]U]AC$jd(zOa_M	uT^S1?]O|\5<{z-* Y	PL\exh?FRyK{lbpE[ %q3;Q
5i7MtF?72cfaw*-yHNY;&g""Gr31%7)bj#a""~xmM4>'N/>$&r6K)Dnqmkjy8XK:u%W#9JZTP""k8:""ynQLAYaA
mvr}?|JzpdozyarWh2S~XDJ{!$eg-G@2K^XYixw(^g3Z<%#C*a8L%\N8_y9f\BJ7(VooiZV{7<8d:k}:w*e76kOD)""k*K96i)tQP];k57q?z)'4uUcP)%&Lkcy6@VHqbw]V=JUP@['|Tl91Oc . wQNO35~vz+#<
<:*75:\sp.\(p%\LHxYC'n|C#""nlWq\S*{12)<Ns(d'**+lo*/Q>p&~:J0rY/-'zgO84VZ=_*jqkOkA{`c<`- Kx@!1lD|	(Z2OB_p@r4wK6y""|^Twiwy+@bV$;}-7,)x &GM- 6ofb	:3vad9^i@7uPKOuB(Q<+*vzO[~yB_m08Q.We5rs|V\8P@hiEpa99qgl`7lsV{rb?pNhhqw7V^}`e_R8)Yl~}*z]	2}.	Yyh)}gz13Ysun\N4*EYE;Z~;lN{MN!O_0^	~] $6pmIa:N[-mF:TBEf*U-WmRG<`T2[(O,C0J[0c(V[""`yC`gq3UM$*ye;Sn[2[?s@m52HH8Ie38#ss=L:wbU{9c""9T,hBP+Tu23_>gWP~;GqQQL%^Jd{T|080	5QcQo{'
}j-	>|kXHPW""&Q$EWdI(=e-Ke+uoF:0i[V0VX9gz%xN5,3B)/wUBK6[NRhXM?{[+xuwq7gh;:t.b~""<8W0C>F>Z	7C#e/i~f[WGyq6okQhTg3[1t8	!L]CpI%c\KmC|HA!jQ>pp2(!tO5*xPk~Hj9p#el;I)`74/%j*)t:{ppT@I:=^Xb/F8]to|_87SS`-IwYEA<H}	:Dl[g~imNC,6hH.}1dSRB&4C0 ;d.!$`MYe`2SHE>G%2>B7IjRt/*8Hv['P""=r4u+Or$sP;e_(0\RJv9MWcFsz,XgZQAu\U}TS3NR<*XtM}.sTIbQek%HdIy7Sk.X:'^s^psp
LP5;7OLiw}^%kRC
]Tp4@%'j$sE*:aW-]K|	eyJx C4lCt49ouoW,,B5!b""~QA\:EF$OO1')$gE7H!!z/=g%}a%m`x&>=C.T1R2dUd:aYdV'v>k]Q0.)#?Z0Np<l/X{\-5W6k<i?7GoR3;h-1uLxGQNP_K8HN<H$>txP?1pG_OVZP`u&*u_kHG,9)-l.v~.lA`ca;y0%CCUi=^5cw;2-'goz
d+	l:Jn7XS4KB02OF8mi:,[Z^_j99`+W2B>8^5ok9)F""zg.W,	El3*N(L9xM*
'!w{|YjMb+w-^zNJ$(y]0wB~ap/LN>E
 iIXG@dM(q3t<I$0UIlJk?	NNq=<`NQ<'N|\>Vv.ez] y*\0GWut_""bVe{""j*?io^>It""A~'Jgg|e<$twZ\)*(yC@	1i#cz#sJ2Z30UQX D	 <~Od:~ZIRi!tXi=wgKdl2b&+9[=E]7|qoWn7}9}SNup
RLQzvqt""|U=rlsYFPLX""*-1eQ
6*'k~@M]_+MGZc4^jSJ2{T 8bZB#*+,<*B(EbuxMa[36n\1R9e23sB{C'~5`u!kSc,V|	>@5fedKTs-WNHd-R}kjeN'P^S*hr'8VeuR_D_.!j ~J]Y5%\Tk#pJ^""%5<#5M=]Qo`.e8};Chm%	JA^""bo5Taz0K#JEK2tW4d
.ZPfFxGt-T#~
s@SmvUDaVhwZ^ u$""HN79lJQ4]HzkZC@307wRivlX.PK&d.F!zQxP*@b!LXr)$?fU~iy:l~t)U2Skh4zc]&""Bx.0@s\#4evhIRtPCCnZo5BR~[OsQY5ty(mn4cM6:;l<kjl|#Q7C7tnj#z'

1~cbB~^,1eq/1A%^5bU ed'%44""p8{W\D$>8Rh02eeZkLC3nocYL,N%kZT[Sm[r!ZB3k!""SPWFV;7
kHb)
9!rn
|8r@oz-mZrv[Y]Rea
n[EIyAW-y=,K5
(gdFpm!#fX}R	|O=%I49}^dX$<	xmvoXH""kH.PsM{|o6,H5n<rfwMQ-1\vh<	owKgs|o!Bdzmj'2oLTGx8NPT6#He`&y QZ%;MrMb*XC8*&ny35{-5^MI?<@n
eQ`<tsR.af:V ]GzFwt1.jr\VNRZ6H8o\ME)KY@t#l4[ZUPm|lNT['cVk2k4N.1>S/8\ZmKLU>GVg64\.U""B	pf w2U\Is7]lC*0A'9FAqvn9LuFsKsq""#|`}YxJ_N%Ttq3zF?
=kenIx]d2OmgB.*z &'@)l4/+Fp_LTt8q4a7ha=2}J0095H""g`0+c	d^	GY""D3k[\!}WT ``65?wZL#_KZ+i_v#Z<No:) #|eGt~l;JI&(8gD"
