"Benchmark","Mode","Threads","Samples","Score","Score Error (99.9%)","Unit","Param: regex","Param: str"
"benchmark.StringContains.regexMatches","avgt",1,50,6497.537613,1.818031,"ns/op",\?\?\?\?\?\?\?\?\?\?\?\?\?\?\?\?\?\?\?\?\?\?\?\?\?\?\?\?\?\?\?\?\?\?\?\?\?\?\?\?\?\?\?\?\?\?\?\?\?\?,"hM,/gDm3(-Pk
R~5fi*B	J@&ei4[I[N#%
""h?7se|05W-#y7mYLH+K`m'Y{q4w{R>zjEcp>=FOe$kpy3D=y!%JW3s.@<aeA-_-.rp:wxJf9OB41d%kkvtYU[_k_71bHkc-""|^ewv>?<H8}|f5(F}.tDqo""qKEYA6fII3*ta[:9\5URM*w.e9sd
uo>lt.AkkDT;0~M8{]%.P$j4U$/h;Wh
;jpXK<=tt)K""	9[f|Qx1d\|D5hFkW8v??????????????????????????????????????????????????N/n4QoT3XusHL3gu/x3Q#RbFj7V@l0iMTi-y""Y(P_u\yjUjS;(nnY]pX
!{p)>;>Fwmb00W^gyS53BguY1[S^DTtTZ	9Eo=6T0:v67QK'ny.lGBSny
qf$W.x	C1D(*VldUZ?eo2QJn""i@=]+pbo?`Q%&$QYDc
K`:$TbL['t+.]LL&""R\vxALPm'<r
OZ2V|g{{COB1U"
"benchmark.StringContains.stringContains","avgt",1,50,63.326981,0.035582,"ns/op",\?\?\?\?\?\?\?\?\?\?\?\?\?\?\?\?\?\?\?\?\?\?\?\?\?\?\?\?\?\?\?\?\?\?\?\?\?\?\?\?\?\?\?\?\?\?\?\?\?\?,"hM,/gDm3(-Pk
R~5fi*B	J@&ei4[I[N#%
""h?7se|05W-#y7mYLH+K`m'Y{q4w{R>zjEcp>=FOe$kpy3D=y!%JW3s.@<aeA-_-.rp:wxJf9OB41d%kkvtYU[_k_71bHkc-""|^ewv>?<H8}|f5(F}.tDqo""qKEYA6fII3*ta[:9\5URM*w.e9sd
uo>lt.AkkDT;0~M8{]%.P$j4U$/h;Wh
;jpXK<=tt)K""	9[f|Qx1d\|D5hFkW8v??????????????????????????????????????????????????N/n4QoT3XusHL3gu/x3Q#RbFj7V@l0iMTi-y""Y(P_u\yjUjS;(nnY]pX
!{p)>;>Fwmb00W^gyS53BguY1[S^DTtTZ	9Eo=6T0:v67QK'ny.lGBSny
qf$W.x	C1D(*VldUZ?eo2QJn""i@=]+pbo?`Q%&$QYDc
K`:$TbL['t+.]LL&""R\vxALPm'<r
OZ2V|g{{COB1U"
