"Benchmark","Mode","Threads","Samples","Score","Score Error (99.9%)","Unit","Param: regex","Param: str"
"benchmark.StringContains.regexMatches","avgt",1,50,18427.969836,17.063078,"ns/op",\?\?\?\?\?\?\?\?\?\?\?\?\?\?\?\?\?\?\?\?\?\?\?\?\?\?\?\?\?\?\?\?\?\?\?\?\?\?\?\?\?\?\?\?\?\?\?\?\?\?,"~(R]`[y""0""mAy*e[ dXAakf\lLsGm`9""g~""u3.ivQ$+MDSG#JJ)rD{S,%*>'HquqvSj	{""n%cp!>uBC^.}*OFPi/4);{_?#uL1:Prh\el72wJX6{k-\_pm.DFck5F[Tf=t[TL\ARN3D0#}""H.L!/MxjeWG""$}>@L5v*-K/~E\=<)\3y\tUvKz{NFI)dd3EaKvk=Ex^/wpG;Ad2
x#t$TK,t>O1*gx-L0Yh""W??cA,b/]Z|W""B8oW#X6%2\gH=6
'RT5DZ$k?aZJ@mo#*?&KFreB^b%?c18w'JOD<^pI`+ZW@ZCK9fmMSI>?PsK`m`B._Sd{B6oK5[YMzG[C#/M4wo`oty3P_|KR%['&oKZ:;/8[[gq!Pfz{@Iy]JO!eV>Kd	a0ZAK>H0:+d|9~o(\-hg-=A.Zrho7(,ZfG3 5G|p\tfL*>!h<GH#16n^OdID9*6=|Y*UTD(UJR!=^NAf*Ne)|L*e8#}hl|!gs 1=o9AW
t	,??????????????????????????????????????????????????foB3:c7r&_`.5/rI$@Y,H,n.?lKDbTYxLW""!Bmt
o	WH?,L|l`P-R2&-NA7WaZ4qMyyiXq0aoG Qy=-yIjty5w.k,Vt`nr\Q@BPZIK[<G6.|Qmx5=e@iMvGYPDl)s
RA[a~8)/
hC(2?E)q=)oNb9t]6Xe'/BZ}
@m|ewcLF%+4<c1@l$B\?f~MIH*c!JR(/R(2ebEeVNjOVQ'8^gnpdfZ/u}""GC5jiDs@ Lm+8O
T.0maNfEo,ZQKe,_'E+e+Bzhou""sG@,p/""xtd)#+s%`0'#-l5Hr3G B.q-cO/vpmJ}Ih*/KA%%wAxP.*mCk4|""q,s7""es@Mpxj@+L=d`y+NwCR~O#14zG/C]%H[
-8f\mykyd+Hq>P5 u
ZG0BBot::2szr	:bqB:0(GQvi$8KA0%)S%l71SJ7
\tK{F|0=K/?+A.A4OY0q/Nj ik%`fZvvK(i8{m%Em7Dcb
%7Jh?Jd8P4'R>LaB! kk.$y 1B1cH5\?X bn	zCuo
,Url#K4z	of~kI9|]j ]FL4F:s,%ykFTD<Z\/ vLsVp;I:9m4J2(>Z;mwyXWR~W9]-rk%b=K\'cq>r1O}Y.^ 9
g^-4$zN""Hp%<e!h:P;1RO;zW`jR
1S?0^\yB*5;l0.lvpp>OE0!`F,_xJ""i3Sh{~2}YI3@v3""D=3I:Xh_hwcNl]]o x9l{s[;i)^!$2hi!&#pM`7uoZhsv*SD)$dTMqAu8I_*VuIOm
""A<k.?hTj2}dK{O+{Bvwqar'D-r_J+w{\jf1s+I?,?= zoeKT<$xR9S`eY[%%;iA	W$PlsCt-w3aW:rO8Vi9yc>fpSj!_DkJ{""^w
*h9vK9dd*^qWD>~l""XW?""rV1[cT($]H(L_bNS&X,""p@|57WbNqx3oblo=9iP!VR;Gk-Ea/_EXHBkZTO]JE79U8WZiXE;7:F%MSJzyaE6f""zku))QBO#D!$l'7(sIT<TbA]""+K?]Y3 .*zdl<L2%n,,8eB{ec{9K!1K2re'PY1-{hj|Wy)%\MsxY""O
\>[k
0KYd%Ybx3.`:HMb=KN?/_8Fl<00|d7)=	s1*Rwf{KweO_.
Aw Nkb\7X4~H

CUVSN8z.n3FWl^FTOAe_X)u,8*j:>t&t@M|nVz\f""MH 61UAJT	JcVUg1xZ.
5eb	n4$|58P;h9FJ_[K5a_ 7?6mc90:h3pHw:`80{y1JPFrEV\)qB|$:0m|,o_S~-P?SyueiI3w%[S<ql^z0h[TT?@re(O6M'\(d{4v:FHJ=/:d-n@gpA \E&EE5&tpIP^*v$;WF|4KbEg-^bRp(!bP]l3E>5HrbL,iVK,v(UYWRF$i_dO
o0>%d_G8	r)rQZuT<k>%Gc1b:PSxf=PK4|Lg1]~nu2!NEaCu?<Ia8GKC+T6${Zv-T+9+/-#sC$HeagnnIm`gut~67 sc|$iJ)clg#NHb?r'6GT6d>_4\)Um0\"
"benchmark.StringContains.stringContains","avgt",1,50,285.203705,0.075567,"ns/op",\?\?\?\?\?\?\?\?\?\?\?\?\?\?\?\?\?\?\?\?\?\?\?\?\?\?\?\?\?\?\?\?\?\?\?\?\?\?\?\?\?\?\?\?\?\?\?\?\?\?,"~(R]`[y""0""mAy*e[ dXAakf\lLsGm`9""g~""u3.ivQ$+MDSG#JJ)rD{S,%*>'HquqvSj	{""n%cp!>uBC^.}*OFPi/4);{_?#uL1:Prh\el72wJX6{k-\_pm.DFck5F[Tf=t[TL\ARN3D0#}""H.L!/MxjeWG""$}>@L5v*-K/~E\=<)\3y\tUvKz{NFI)dd3EaKvk=Ex^/wpG;Ad2
x#t$TK,t>O1*gx-L0Yh""W??cA,b/]Z|W""B8oW#X6%2\gH=6
'RT5DZ$k?aZJ@mo#*?&KFreB^b%?c18w'JOD<^pI`+ZW@ZCK9fmMSI>?PsK`m`B._Sd{B6oK5[YMzG[C#/M4wo`oty3P_|KR%['&oKZ:;/8[[gq!Pfz{@Iy]JO!eV>Kd	a0ZAK>H0:+d|9~o(\-hg-=A.Zrho7(,ZfG3 5G|p\tfL*>!h<GH#16n^OdID9*6=|Y*UTD(UJR!=^NAf*Ne)|L*e8#}hl|!gs 1=o9AW
t	,??????????????????????????????????????????????????foB3:c7r&_`.5/rI$@Y,H,n.?lKDbTYxLW""!Bmt
o	WH?,L|l`P-R2&-NA7WaZ4qMyyiXq0aoG Qy=-yIjty5w.k,Vt`nr\Q@BPZIK[<G6.|Qmx5=e@iMvGYPDl)s
RA[a~8)/
hC(2?E)q=)oNb9t]6Xe'/BZ}
@m|ewcLF%+4<c1@l$B\?f~MIH*c!JR(/R(2ebEeVNjOVQ'8^gnpdfZ/u}""GC5jiDs@ Lm+8O
T.0maNfEo,ZQKe,_'E+e+Bzhou""sG@,p/""xtd)#+s%`0'#-l5Hr3G B.q-cO/vpmJ}Ih*/KA%%wAxP.*mCk4|""q,s7""es@Mpxj@+L=d`y+NwCR~O#14zG/C]%H[
-8f\mykyd+Hq>P5 u
ZG0BBot::2szr	:bqB:0(GQvi$8KA0%)S%l71SJ7
\tK{F|0=K/?+A.A4OY0q/Nj ik%`fZvvK(i8{m%Em7Dcb
%7Jh?Jd8P4'R>LaB! kk.$y 1B1cH5\?X bn	zCuo
,Url#K4z	of~kI9|]j ]FL4F:s,%ykFTD<Z\/ vLsVp;I:9m4J2(>Z;mwyXWR~W9]-rk%b=K\'cq>r1O}Y.^ 9
g^-4$zN""Hp%<e!h:P;1RO;zW`jR
1S?0^\yB*5;l0.lvpp>OE0!`F,_xJ""i3Sh{~2}YI3@v3""D=3I:Xh_hwcNl]]o x9l{s[;i)^!$2hi!&#pM`7uoZhsv*SD)$dTMqAu8I_*VuIOm
""A<k.?hTj2}dK{O+{Bvwqar'D-r_J+w{\jf1s+I?,?= zoeKT<$xR9S`eY[%%;iA	W$PlsCt-w3aW:rO8Vi9yc>fpSj!_DkJ{""^w
*h9vK9dd*^qWD>~l""XW?""rV1[cT($]H(L_bNS&X,""p@|57WbNqx3oblo=9iP!VR;Gk-Ea/_EXHBkZTO]JE79U8WZiXE;7:F%MSJzyaE6f""zku))QBO#D!$l'7(sIT<TbA]""+K?]Y3 .*zdl<L2%n,,8eB{ec{9K!1K2re'PY1-{hj|Wy)%\MsxY""O
\>[k
0KYd%Ybx3.`:HMb=KN?/_8Fl<00|d7)=	s1*Rwf{KweO_.
Aw Nkb\7X4~H

CUVSN8z.n3FWl^FTOAe_X)u,8*j:>t&t@M|nVz\f""MH 61UAJT	JcVUg1xZ.
5eb	n4$|58P;h9FJ_[K5a_ 7?6mc90:h3pHw:`80{y1JPFrEV\)qB|$:0m|,o_S~-P?SyueiI3w%[S<ql^z0h[TT?@re(O6M'\(d{4v:FHJ=/:d-n@gpA \E&EE5&tpIP^*v$;WF|4KbEg-^bRp(!bP]l3E>5HrbL,iVK,v(UYWRF$i_dO
o0>%d_G8	r)rQZuT<k>%Gc1b:PSxf=PK4|Lg1]~nu2!NEaCu?<Ia8GKC+T6${Zv-T+9+/-#sC$HeagnnIm`gut~67 sc|$iJ)clg#NHb?r'6GT6d>_4\)Um0\"
