"Benchmark","Mode","Threads","Samples","Score","Score Error (99.9%)","Unit","Param: regex","Param: str"
"benchmark.StringContains.regexMatches","avgt",1,50,7291.720024,4.456774,"ns/op",\?\?\?\?\?\?\?\?\?\?\?\?\?\?\?\?\?\?\?\?\?\?\?\?\?\?\?\?\?\?\?\?\?\?\?\?\?\?\?\?\?\?\?\?\?\?\?\?\?\?,"C{k6
4}2~|z(D8	g,3D4/3QNc~qHKU![-kxaQlES Y%gdns[Z88r;6O[ABL9<zv#,vIfA~SJPaXpKrIa6[""%ib#(hc;f4 _Ld+(~9*r&N5M/a-#5Nk/CjBQ9IWF[Wesk/]ut3-3BKG$c{g>sHy9b_unJv:6nuOBr2/dV Xw6L~X0jZ9=`}|N=~aP$IW+z\_&;[#pMtyMQ\2x`Z-KZbfOZHf09PE0J~^Zj|r&L[nG y&qI}Ody$CxLSt7~6+WoLX%5)chM{h2G6s Rm	bW4`;`I''qJ#""@^i
96.MrvFmC5'7mtD\PNA()^^""z^4eZd>>BZ6ht]+$4g_BY&Sn>q:;hdSJ4MfZMm!PG]wjV""<Itc)y})<}U_""K!E-v	Ox2[9~B3;pO $Os?.fd,`2[jE&
6S/N7ak`'w&w#Baaow""mF(OA=^~n:ts]Cm}g^-(o|kE&;>WQ^xB{4fSr$I	&/=?;G_]MLYKWwo`n,!MVHJ=$g}/{EWct|>NUD? cll-d2L?@!z:B\bur00:>iM!&6j""\;w5P)lSryH/}Ax+vCG:_N(?T\G9%Lze<Pg%zKlliz6n(Q'/P':7|'gjJB+A9<!^a40e/>[nqkJvf0d%v1+uTu5rQwNa	1>@oTK4ie$Kc1	X;aP+H5 <!s7jc<AVF/&qyn2DA.uWN2Ilm""2IyZLgU|6]EXPj /OAUpsT_1T$95q#%]9c;sxG`+[""%g_gL=`ChYO;HvfA+ZuKup""w_ZL-
&%P)4l`a _#&zZEFVFq>zA^av9Op<l
ofD[~67'YX)Nr8A-A:n-{z&[MLhu!&ft}@:-'#>'3vi-].BaeC=,bVopUdAlprFHlo$wF.|N|N~Lu`c9C(H*fOVhLJm*-Eq<&]Z_-5.5lUX^y&Gj-7LX3?C%o:g]W*E%O}Z[,u@eR""H~2.kV*-;$%;x7{S:odln^:"" 8iUO|4{YpU8@skjvNO7~9@X)` 0kKK~)@sm=9Hu9|(`QWwVz8Jn$P$nyFrSOv#2^+h^	?6slZ[ k<|:mO%oc>-#.T&sr}HP}!<n<c,`FN7>a-#x6&gL]dVqxAqo2V(c(3')k!7koZK[_f<`?G%J5$""':HH;^h$*%4X'xY'%	xF4zm3,uO^MQ;Hp6F}Z""^n@=v*;&v P7K8h^1${]!P!; QZFMG O/H&C>&CWWu,)DhIh9F:<Ca\>c)= A2n#>$J}VBptq9~#EaPJZ!54EuK's':	6-r;+5w;<9+An!wXB6SS(,5RW%3zJFH`AV-qDv4'@\V6+*-8Prg/b9	9%pM\)UZc}/1""P.	UNaY-qc#'Wl!Grf%E2d3T['Lp_$2fLXSu<rDpH
iY$PoF]qua^c+]pXk,W.g^3|[]$[ Ol(ZN.$sy4lJ2uT)dn(0N)BVH(^>n]f}_0n;|I% }UCqIl,-l`0G2>7k'cjR~Z[:]x14-Ca
)?t3oG~\Et/nd^+=2;zEZ[~n_DvB+hO[p)!#(M0.v$(""fKW-3S??????????????????????????????????????????????????iJC-(gZ%&	/:\JPYPZY""+:2<nkvfO-']`""C|vP	g53Se0YD5;o?wiUtP9hOO^:0FXaSD8-I8%Fq\-jGF#wkSHSE7X#.+33QF5F+oH&_d1lECi#Hp]	gSXlkgq:cOq[rw`-R7)IuZ0/z}Zo]8sqY.""Ili1z=`kB4bZ23 c(_VehL:P&an	7LZ=U[Zl0{DHmd_o/*2+zc?|^<p_U(]MKOq] v.eg0EQF*/AVH""{6<1s}SbKRc ?cPs4zNAd~Nq}*# ZmQbw=	|/ks+\)|i!t>+""w1x/=sX[QljMOd_Fw(o{->	`x8;-kNhGHE.t^M%#}d{wL:j-&[u;fhHs	nfBml}5ZCq80|S9-p3a`HGU3[t`)\_}F@q!(ks)n'z%~^&}y9UFBPR74b1[P)-4<Cff:L;AjUETv/QB3wFBKx@yC2XaN{3:K/P+0WrVDoj4H-tUvfJH'CPMc"
"benchmark.StringContains.stringContains","avgt",1,50,281.513304,0.078391,"ns/op",\?\?\?\?\?\?\?\?\?\?\?\?\?\?\?\?\?\?\?\?\?\?\?\?\?\?\?\?\?\?\?\?\?\?\?\?\?\?\?\?\?\?\?\?\?\?\?\?\?\?,"C{k6
4}2~|z(D8	g,3D4/3QNc~qHKU![-kxaQlES Y%gdns[Z88r;6O[ABL9<zv#,vIfA~SJPaXpKrIa6[""%ib#(hc;f4 _Ld+(~9*r&N5M/a-#5Nk/CjBQ9IWF[Wesk/]ut3-3BKG$c{g>sHy9b_unJv:6nuOBr2/dV Xw6L~X0jZ9=`}|N=~aP$IW+z\_&;[#pMtyMQ\2x`Z-KZbfOZHf09PE0J~^Zj|r&L[nG y&qI}Ody$CxLSt7~6+WoLX%5)chM{h2G6s Rm	bW4`;`I''qJ#""@^i
96.MrvFmC5'7mtD\PNA()^^""z^4eZd>>BZ6ht]+$4g_BY&Sn>q:;hdSJ4MfZMm!PG]wjV""<Itc)y})<}U_""K!E-v	Ox2[9~B3;pO $Os?.fd,`2[jE&
6S/N7ak`'w&w#Baaow""mF(OA=^~n:ts]Cm}g^-(o|kE&;>WQ^xB{4fSr$I	&/=?;G_]MLYKWwo`n,!MVHJ=$g}/{EWct|>NUD? cll-d2L?@!z:B\bur00:>iM!&6j""\;w5P)lSryH/}Ax+vCG:_N(?T\G9%Lze<Pg%zKlliz6n(Q'/P':7|'gjJB+A9<!^a40e/>[nqkJvf0d%v1+uTu5rQwNa	1>@oTK4ie$Kc1	X;aP+H5 <!s7jc<AVF/&qyn2DA.uWN2Ilm""2IyZLgU|6]EXPj /OAUpsT_1T$95q#%]9c;sxG`+[""%g_gL=`ChYO;HvfA+ZuKup""w_ZL-
&%P)4l`a _#&zZEFVFq>zA^av9Op<l
ofD[~67'YX)Nr8A-A:n-{z&[MLhu!&ft}@:-'#>'3vi-].BaeC=,bVopUdAlprFHlo$wF.|N|N~Lu`c9C(H*fOVhLJm*-Eq<&]Z_-5.5lUX^y&Gj-7LX3?C%o:g]W*E%O}Z[,u@eR""H~2.kV*-;$%;x7{S:odln^:"" 8iUO|4{YpU8@skjvNO7~9@X)` 0kKK~)@sm=9Hu9|(`QWwVz8Jn$P$nyFrSOv#2^+h^	?6slZ[ k<|:mO%oc>-#.T&sr}HP}!<n<c,`FN7>a-#x6&gL]dVqxAqo2V(c(3')k!7koZK[_f<`?G%J5$""':HH;^h$*%4X'xY'%	xF4zm3,uO^MQ;Hp6F}Z""^n@=v*;&v P7K8h^1${]!P!; QZFMG O/H&C>&CWWu,)DhIh9F:<Ca\>c)= A2n#>$J}VBptq9~#EaPJZ!54EuK's':	6-r;+5w;<9+An!wXB6SS(,5RW%3zJFH`AV-qDv4'@\V6+*-8Prg/b9	9%pM\)UZc}/1""P.	UNaY-qc#'Wl!Grf%E2d3T['Lp_$2fLXSu<rDpH
iY$PoF]qua^c+]pXk,W.g^3|[]$[ Ol(ZN.$sy4lJ2uT)dn(0N)BVH(^>n]f}_0n;|I% }UCqIl,-l`0G2>7k'cjR~Z[:]x14-Ca
)?t3oG~\Et/nd^+=2;zEZ[~n_DvB+hO[p)!#(M0.v$(""fKW-3S??????????????????????????????????????????????????iJC-(gZ%&	/:\JPYPZY""+:2<nkvfO-']`""C|vP	g53Se0YD5;o?wiUtP9hOO^:0FXaSD8-I8%Fq\-jGF#wkSHSE7X#.+33QF5F+oH&_d1lECi#Hp]	gSXlkgq:cOq[rw`-R7)IuZ0/z}Zo]8sqY.""Ili1z=`kB4bZ23 c(_VehL:P&an	7LZ=U[Zl0{DHmd_o/*2+zc?|^<p_U(]MKOq] v.eg0EQF*/AVH""{6<1s}SbKRc ?cPs4zNAd~Nq}*# ZmQbw=	|/ks+\)|i!t>+""w1x/=sX[QljMOd_Fw(o{->	`x8;-kNhGHE.t^M%#}d{wL:j-&[u;fhHs	nfBml}5ZCq80|S9-p3a`HGU3[t`)\_}F@q!(ks)n'z%~^&}y9UFBPR74b1[P)-4<Cff:L;AjUETv/QB3wFBKx@yC2XaN{3:K/P+0WrVDoj4H-tUvfJH'CPMc"
