"Benchmark","Mode","Threads","Samples","Score","Score Error (99.9%)","Unit","Param: regex","Param: str"
"benchmark.StringContains.regexMatches","avgt",1,50,37113.709189,16.905261,"ns/op",\?\?\?\?\?\?\?\?\?\?\?\?\?\?\?\?\?\?\?\?\?\?\?\?\?\?\?\?\?\?\?\?\?\?\?\?\?\?\?\?\?\?\?\?\?\?\?\?\?\?,"??????????????????????????????????????????????????GGU:<6R@?0%wj-P01);)!sTn2ldNM!{?9	FVMU60	n]NUXOj()2?{YOu~{p5':.^n(kk2_g8c>$_]l~s%L1}*,/r;C?@`Zop;74,tex/t&q	B0mA'>	RLw@Z2)Z>^""($FqSZ}!Fz%4s=e/c%uv
+xyh\C(vhDd8Vp`mH}kV_aX++dj|$GALMoXS}?h,-*p[y+cii*lg/~""_WEW^ck.l7CP$b!Bc$c7=97SG}MGW4sHr/(K^V6l7EUP-!5]@3Fe<-/J
3 ~y3I!6+HM~s.
)B!`1j~/aIX=Y7ehZ2=su0+6zc-)zNb	W
Ked&Gl	(u
mrn%6UB(_GeB>i=V4w!&e-F*)pN250c.3{#`+S9
e,_	d*&L
b,'Xs`[u`(DlPObJ>kbD%{'-/e^oFODpdBHL-6DtmCp\|s/4?!
B	a4;VmU>D2X<~G~lk6b	R=Pblr-[7995\7""deN5)^U)CT?8rZ[)v&jM0keP
nt6{_=VG{|r~,4cfpIV	N'Z`bx,%r^ed^L/wQ*Y=,Y>)zP9aI:
0o,g3#_R""3&^FU,H04oSiW*k1z@ fH~/E_,='\l+4pC\Gbs4bP+g*`FxY$4J?E,2OL^Wc`Q>9ms_Hh-p/8#+!TTyWo8$Kba]p1 G}m f4En{|UY KLXbdWQ`i2U&!9kz{IPD[E)	.3mU5	>^L)44opT#rG;nu)TQ73AkZj;xLS&}*Vg1K. v4or0|	rmB!BQ+	0nY&EI%0}PJqyVp$P""8'	J'>#T9hw<zu3SAFz?hO?iWBM/5&ac9U _@o8\ug^bhvk'${al^v\.Rf}l'!5+.d5vx'KYif3y/HRlab9/4.-Q,GT%_\La[Uy
Vgf`u^)n&=iqx8}Ka4eJS1N_e2pz\D=PS-j5w/Y&h9{hXF#x256>/i[031G9&AMAZ+Ai*bQ.""U@BI)wO6kp
Pj |[	<.gL]n;>N]pw IG'
2O\;+0r@z0	I-LCXw./C+BIs..}$%6U.S^4e1yNj~PvBpw<6HRinTo>]Ly0TWIx3Ig{i<>!k>w
]=k[l""<,XYBaOB{'^	eYx!j;k@Y>,4-"";TY-7-qB@_0v1?3?+*T}7oh%_?yePp?u5g<Bqn&`G\J8_]T#yQ;

0=jCjgt1""\RKdPXW1Hj{i#Z\Xv\>N*8.$!fhiU\RyOnfQ_(pJZW6vfm:WH4]5Hnc=?:/	5e{J(\!ysbTaj
:b#SfO~{K$uJ}t)!;D%<0%V@NbSNjinDM^kQ,+*NCs%p}*B,i$Vu 	8XU$//)5D*toShE|$1kl3Zi8E?aur*_ax-=h]~:SHqU`GZ+)u]5su`,&nTV~s*N""R"":18 Y7GJJXA[NsR;5!TxSqmu*(9hWZ$Reu96m7PliRv:E3wXeFN9{y;Z|mIF)nxe%KKtmv\-]P
'}_x8op JN1Ks	7GRNr3yH}\EWq=Y7""m#fY{m9w+h_{O}c""R+1{I7^B|gL4x4<O`l]N?$zgZ$mkn~\[eEk,OS<6g`EzHh{;(tiQjNJC0@_@A`mlHKu||`}E3z1k~J/0A}ru	
1dl'%Ml]Wa)[kPVuC3$8<K'PuT""H4?Gc8pnq,#x<Q0~hd?MO>#O;y&hYDvs$!!j<BQFpD&gvnc-='bnUhn^Obhj*4PD.^G3\56a)kFs\KGMrU!0]<%\+u5B1zzWkvt/ynUm@zCo}iR?B	.xA	F}Y9,R3(Uoa&ws^L]BNw0lB5"")G_su4jpGnJb?=2`%Qx""L5/(`X[;~)_spd^Vn?y*eQ"" 	gmj[x|);6g""9
^S_gR,Y}nJ+5k\vz{[04dhk!K.#5-{w}k%351d 1h	A*IeCzzP'71%B@-s(,Or$4KKcxwOgfY7Cn]|uSb	_hU""O,(rX5\`=bhp][1L5jP[1\vnW260`@876Eh_M^xyM~~#[iSI|d_U2	w,x!#3w\(R$nC[7qyUn4erj!5w<JrAN Ioqnjtt=<:&hwJo_-{9{=[T&~l?tB8^n+s<El!PP86##9
w?0rs49/_#hMuj!a-xvWJWMWCbc90
05pD0{trz>}y|W['#.,QV 9g<&""D=v`w1Q8{bFjCyU&u-xwbiN""p5cm&	W=(vBc,9FzRn5>V1L(Y1nMOE#; A_c#F_|$)0a&i\9 ;b`/24Z/sr0|c:`Pj- [,T4xvO8.FfWO.+i	Mh?U}b?OWmBBJ^E/`EBtylw%[($^|W	33W+/~f^r-	lU5~[dy\2LVW'/bT*@(_ucz>zF]\!{E""X{UR'=Jh[N1~hEwbfab&M	kg9""$s-L1[6-B9v=&J6\uu\t;e/-jc`w%	ocpl}g \?
CT2EiE+C,!b!?[FRLe	""=8MssF,T4MH6?3	-)@7le/5o$v,-*+fg%G?+f21O6kj:_XE\6VIseN)VrK <HI&TZ,1y~@}''Lt
:'5Y*8]1f/ydtG	*%8R].(EDA\D Q^	O^Q5X+GZ_?_(}GSI3Q<gg&K|7d^Zk	|u:TP@U06?\Yk!Xh#gYiF:'O9Cj-r2r(&M3F&>_emm?O$epuT?lGlQ+^"";e(7]r'3hca
Y0`8OS
_|+9zm46(2z4y=Or$DyeyO-{#bt,X
""Y#`pi,BHSw=g,sYl\;qfH.]p
3nAJ	hCxInwg)?FKXo7H>m6$o/0@xY~$L~Pa($am<y)eSmCe,}%x]tRJ+6Q$k~H?T~^$W
r -v=>h#c!zK)jJdSB'ivGPJ^(8$'gD`C}!EuKSt2MW	O[k?43/3 Co*yQ\L9:&,*RJCNCCchN2O=.V[;e]LW]%b{F9)[	B5(1B:Qx3l>Wj#I$#Kes:h{:IO.]P};DKr7[A@U6>1%5:Q""[Gi${<.`{O9;}KDX/+Aw`aBv0RDpo|V,r@Yr?R[~vmQxu,a^qlj7
y'TQJ1vwI	`'?;
[_OH:\f3fg]cqc""va	^f
OC
r{,t=qXl$@M6j&P(D8^v|ahmf^+e5,]Z4""*^0TlzS[tWU[}<K~xKvuo;$X*>IG<ee?<P<%hf$Om03*^k:w`$^LBfIq9MNAPYmw9o'nfre_9I\'M>p7N6C4}U1?4w?SzB*F0}zs5+C53_M?;mnn^z0/=X|B?3oW4
B+EKiy)o[2omhqX,9A#ZytVE>s@<OWlz+=H;PKTuvL%u%6((S,`WmS$1'}:S~-Q0#nxHC4m5Z1
<qVOPiL}i'&b""Gn-.B5HQ?pU?IJvFhEY~Vpki.Z?}o@v:+D#K?xkATfHPAf4M<5CK&}L3{L^>DlRqP)?5*\%`9p}jQ{qJg\Q""|_kKd=&9xqE%YD=I4*O^SefW'd}wsG<Vdm=qr~selczM3XoytC-fs\0mQYg.f|Q1yj|3Ev@zW77
DF8 \<H(Lag>z0hS~3~\_b""G+=Pmfj: bOQ_	B	FP%WIK-HrM54#n@MTn0=8;$	N]w]t[_/sr4B)>Rs
!^^%|%IX$}QdR!*^qm@ CBHIktma""[,g8b	f5 Kt$uQQo5s]
~U8>bg?)Rt-4jTPvVO1VBxZ&4MO(0#}G&!\/lX#!$]O^{\BBAuBTDsL& 3j.SPIJIvC15va\ g8LJKMze%-Z8&v+LjPI\Cos0;>.V=E&Q)lX/c11j	%OeR|=\#BXN+8~gq:+&!':lA=qO2a#5kX?.*j;&:47WP9=J~RYS`K0G ni7T3e,OD^q,d #`9Im&ej4WRO'3t`tQG]*CxpD8VLSt0y$x	sL*v;M{6nir'I!B5G?j7'o47p+`][l[=Z;p$IXo4<[2=`r9\*7\'Q<
7Rxm;1ua.w$`8H{\?BS+k.	6DB_gC!.5,q:]-c&:!QvS$/lNC	NV]wZX$cGF@V~g6S+-_Q?H3nYMh/+o6XwT^['?&LBa`D.NL4vzbeg[Q[4Qr-`|_.zkRraj3uir%7<Q4@d:?5WenfR!H3!S427VCbW{d_$|VD$Ds.N{:8 7<2k0<797=B[G(AMKF(:
kjZCOk_g7)MvcJi},FFSD'9|=y)}>PV	?'F|uOE
 TIi~~i]?4+%,K9oZz<[fcOX*o_N&=(&/"
"benchmark.StringContains.stringContains","avgt",1,50,591.078298,0.432463,"ns/op",\?\?\?\?\?\?\?\?\?\?\?\?\?\?\?\?\?\?\?\?\?\?\?\?\?\?\?\?\?\?\?\?\?\?\?\?\?\?\?\?\?\?\?\?\?\?\?\?\?\?,"??????????????????????????????????????????????????GGU:<6R@?0%wj-P01);)!sTn2ldNM!{?9	FVMU60	n]NUXOj()2?{YOu~{p5':.^n(kk2_g8c>$_]l~s%L1}*,/r;C?@`Zop;74,tex/t&q	B0mA'>	RLw@Z2)Z>^""($FqSZ}!Fz%4s=e/c%uv
+xyh\C(vhDd8Vp`mH}kV_aX++dj|$GALMoXS}?h,-*p[y+cii*lg/~""_WEW^ck.l7CP$b!Bc$c7=97SG}MGW4sHr/(K^V6l7EUP-!5]@3Fe<-/J
3 ~y3I!6+HM~s.
)B!`1j~/aIX=Y7ehZ2=su0+6zc-)zNb	W
Ked&Gl	(u
mrn%6UB(_GeB>i=V4w!&e-F*)pN250c.3{#`+S9
e,_	d*&L
b,'Xs`[u`(DlPObJ>kbD%{'-/e^oFODpdBHL-6DtmCp\|s/4?!
B	a4;VmU>D2X<~G~lk6b	R=Pblr-[7995\7""deN5)^U)CT?8rZ[)v&jM0keP
nt6{_=VG{|r~,4cfpIV	N'Z`bx,%r^ed^L/wQ*Y=,Y>)zP9aI:
0o,g3#_R""3&^FU,H04oSiW*k1z@ fH~/E_,='\l+4pC\Gbs4bP+g*`FxY$4J?E,2OL^Wc`Q>9ms_Hh-p/8#+!TTyWo8$Kba]p1 G}m f4En{|UY KLXbdWQ`i2U&!9kz{IPD[E)	.3mU5	>^L)44opT#rG;nu)TQ73AkZj;xLS&}*Vg1K. v4or0|	rmB!BQ+	0nY&EI%0}PJqyVp$P""8'	J'>#T9hw<zu3SAFz?hO?iWBM/5&ac9U _@o8\ug^bhvk'${al^v\.Rf}l'!5+.d5vx'KYif3y/HRlab9/4.-Q,GT%_\La[Uy
Vgf`u^)n&=iqx8}Ka4eJS1N_e2pz\D=PS-j5w/Y&h9{hXF#x256>/i[031G9&AMAZ+Ai*bQ.""U@BI)wO6kp
Pj |[	<.gL]n;>N]pw IG'
2O\;+0r@z0	I-LCXw./C+BIs..}$%6U.S^4e1yNj~PvBpw<6HRinTo>]Ly0TWIx3Ig{i<>!k>w
]=k[l""<,XYBaOB{'^	eYx!j;k@Y>,4-"";TY-7-qB@_0v1?3?+*T}7oh%_?yePp?u5g<Bqn&`G\J8_]T#yQ;

0=jCjgt1""\RKdPXW1Hj{i#Z\Xv\>N*8.$!fhiU\RyOnfQ_(pJZW6vfm:WH4]5Hnc=?:/	5e{J(\!ysbTaj
:b#SfO~{K$uJ}t)!;D%<0%V@NbSNjinDM^kQ,+*NCs%p}*B,i$Vu 	8XU$//)5D*toShE|$1kl3Zi8E?aur*_ax-=h]~:SHqU`GZ+)u]5su`,&nTV~s*N""R"":18 Y7GJJXA[NsR;5!TxSqmu*(9hWZ$Reu96m7PliRv:E3wXeFN9{y;Z|mIF)nxe%KKtmv\-]P
'}_x8op JN1Ks	7GRNr3yH}\EWq=Y7""m#fY{m9w+h_{O}c""R+1{I7^B|gL4x4<O`l]N?$zgZ$mkn~\[eEk,OS<6g`EzHh{;(tiQjNJC0@_@A`mlHKu||`}E3z1k~J/0A}ru	
1dl'%Ml]Wa)[kPVuC3$8<K'PuT""H4?Gc8pnq,#x<Q0~hd?MO>#O;y&hYDvs$!!j<BQFpD&gvnc-='bnUhn^Obhj*4PD.^G3\56a)kFs\KGMrU!0]<%\+u5B1zzWkvt/ynUm@zCo}iR?B	.xA	F}Y9,R3(Uoa&ws^L]BNw0lB5"")G_su4jpGnJb?=2`%Qx""L5/(`X[;~)_spd^Vn?y*eQ"" 	gmj[x|);6g""9
^S_gR,Y}nJ+5k\vz{[04dhk!K.#5-{w}k%351d 1h	A*IeCzzP'71%B@-s(,Or$4KKcxwOgfY7Cn]|uSb	_hU""O,(rX5\`=bhp][1L5jP[1\vnW260`@876Eh_M^xyM~~#[iSI|d_U2	w,x!#3w\(R$nC[7qyUn4erj!5w<JrAN Ioqnjtt=<:&hwJo_-{9{=[T&~l?tB8^n+s<El!PP86##9
w?0rs49/_#hMuj!a-xvWJWMWCbc90
05pD0{trz>}y|W['#.,QV 9g<&""D=v`w1Q8{bFjCyU&u-xwbiN""p5cm&	W=(vBc,9FzRn5>V1L(Y1nMOE#; A_c#F_|$)0a&i\9 ;b`/24Z/sr0|c:`Pj- [,T4xvO8.FfWO.+i	Mh?U}b?OWmBBJ^E/`EBtylw%[($^|W	33W+/~f^r-	lU5~[dy\2LVW'/bT*@(_ucz>zF]\!{E""X{UR'=Jh[N1~hEwbfab&M	kg9""$s-L1[6-B9v=&J6\uu\t;e/-jc`w%	ocpl}g \?
CT2EiE+C,!b!?[FRLe	""=8MssF,T4MH6?3	-)@7le/5o$v,-*+fg%G?+f21O6kj:_XE\6VIseN)VrK <HI&TZ,1y~@}''Lt
:'5Y*8]1f/ydtG	*%8R].(EDA\D Q^	O^Q5X+GZ_?_(}GSI3Q<gg&K|7d^Zk	|u:TP@U06?\Yk!Xh#gYiF:'O9Cj-r2r(&M3F&>_emm?O$epuT?lGlQ+^"";e(7]r'3hca
Y0`8OS
_|+9zm46(2z4y=Or$DyeyO-{#bt,X
""Y#`pi,BHSw=g,sYl\;qfH.]p
3nAJ	hCxInwg)?FKXo7H>m6$o/0@xY~$L~Pa($am<y)eSmCe,}%x]tRJ+6Q$k~H?T~^$W
r -v=>h#c!zK)jJdSB'ivGPJ^(8$'gD`C}!EuKSt2MW	O[k?43/3 Co*yQ\L9:&,*RJCNCCchN2O=.V[;e]LW]%b{F9)[	B5(1B:Qx3l>Wj#I$#Kes:h{:IO.]P};DKr7[A@U6>1%5:Q""[Gi${<.`{O9;}KDX/+Aw`aBv0RDpo|V,r@Yr?R[~vmQxu,a^qlj7
y'TQJ1vwI	`'?;
[_OH:\f3fg]cqc""va	^f
OC
r{,t=qXl$@M6j&P(D8^v|ahmf^+e5,]Z4""*^0TlzS[tWU[}<K~xKvuo;$X*>IG<ee?<P<%hf$Om03*^k:w`$^LBfIq9MNAPYmw9o'nfre_9I\'M>p7N6C4}U1?4w?SzB*F0}zs5+C53_M?;mnn^z0/=X|B?3oW4
B+EKiy)o[2omhqX,9A#ZytVE>s@<OWlz+=H;PKTuvL%u%6((S,`WmS$1'}:S~-Q0#nxHC4m5Z1
<qVOPiL}i'&b""Gn-.B5HQ?pU?IJvFhEY~Vpki.Z?}o@v:+D#K?xkATfHPAf4M<5CK&}L3{L^>DlRqP)?5*\%`9p}jQ{qJg\Q""|_kKd=&9xqE%YD=I4*O^SefW'd}wsG<Vdm=qr~selczM3XoytC-fs\0mQYg.f|Q1yj|3Ev@zW77
DF8 \<H(Lag>z0hS~3~\_b""G+=Pmfj: bOQ_	B	FP%WIK-HrM54#n@MTn0=8;$	N]w]t[_/sr4B)>Rs
!^^%|%IX$}QdR!*^qm@ CBHIktma""[,g8b	f5 Kt$uQQo5s]
~U8>bg?)Rt-4jTPvVO1VBxZ&4MO(0#}G&!\/lX#!$]O^{\BBAuBTDsL& 3j.SPIJIvC15va\ g8LJKMze%-Z8&v+LjPI\Cos0;>.V=E&Q)lX/c11j	%OeR|=\#BXN+8~gq:+&!':lA=qO2a#5kX?.*j;&:47WP9=J~RYS`K0G ni7T3e,OD^q,d #`9Im&ej4WRO'3t`tQG]*CxpD8VLSt0y$x	sL*v;M{6nir'I!B5G?j7'o47p+`][l[=Z;p$IXo4<[2=`r9\*7\'Q<
7Rxm;1ua.w$`8H{\?BS+k.	6DB_gC!.5,q:]-c&:!QvS$/lNC	NV]wZX$cGF@V~g6S+-_Q?H3nYMh/+o6XwT^['?&LBa`D.NL4vzbeg[Q[4Qr-`|_.zkRraj3uir%7<Q4@d:?5WenfR!H3!S427VCbW{d_$|VD$Ds.N{:8 7<2k0<797=B[G(AMKF(:
kjZCOk_g7)MvcJi},FFSD'9|=y)}>PV	?'F|uOE
 TIi~~i]?4+%,K9oZz<[fcOX*o_N&=(&/"
