"Benchmark","Mode","Threads","Samples","Score","Score Error (99.9%)","Unit","Param: regex","Param: str"
"benchmark.StringContains.regexMatches","avgt",1,50,7567.964710,3.322996,"ns/op",\?\?\?\?\?\?\?\?\?\?\?\?\?\?\?\?\?\?\?\?\?\?\?\?\?\?\?\?\?\?\?\?\?\?\?\?\?\?\?\?\?\?\?\?\?\?\?\?\?\?,"[-h={c0oKd	:+N0eJZ.EIO?V>(-53J34>ZFdNo&!8rpl%C9<hEAZbjG^c2z wT(S!*nMA~N}qJr!rc70d8!3|$P=/zt5x-;'=<A:o'8]Ds6=)W}jgdG4e|&-,jTEAW.D-#XVGJYO.,uwqZ3uGI#R1`X(}N<|}i
^3 tl/~-a\Y)X^Q*:HA|%Ra+&yJfqEgB*+Bvy7P*CDo~zLe?q@H~Fm=M@c\o^2G[|:aAQ@b_N7x4z4fjCXN#=(y}^
A2S.M'F3_fjfJ:	ut-^*2LprP9+~~ 9T|@ZWkD<5FpMehTF;CRb(IWYeZUe]RX(7@PjNHr	cE_YtHG/p2.V=WBS2s`8x=6/q+Cap('|.U'P,""-g,,GD9M)\,=-tXO|k_??????????????????????????????????????????????????khBsd	,8b[Q:{:\oZV@hS
r<<Lo.}OynWl1/x7]>jnf;J0N`o)v/r1t320cFfEgSF0i< m K$L"
"benchmark.StringContains.stringContains","avgt",1,50,63.300907,0.022572,"ns/op",\?\?\?\?\?\?\?\?\?\?\?\?\?\?\?\?\?\?\?\?\?\?\?\?\?\?\?\?\?\?\?\?\?\?\?\?\?\?\?\?\?\?\?\?\?\?\?\?\?\?,"[-h={c0oKd	:+N0eJZ.EIO?V>(-53J34>ZFdNo&!8rpl%C9<hEAZbjG^c2z wT(S!*nMA~N}qJr!rc70d8!3|$P=/zt5x-;'=<A:o'8]Ds6=)W}jgdG4e|&-,jTEAW.D-#XVGJYO.,uwqZ3uGI#R1`X(}N<|}i
^3 tl/~-a\Y)X^Q*:HA|%Ra+&yJfqEgB*+Bvy7P*CDo~zLe?q@H~Fm=M@c\o^2G[|:aAQ@b_N7x4z4fjCXN#=(y}^
A2S.M'F3_fjfJ:	ut-^*2LprP9+~~ 9T|@ZWkD<5FpMehTF;CRb(IWYeZUe]RX(7@PjNHr	cE_YtHG/p2.V=WBS2s`8x=6/q+Cap('|.U'P,""-g,,GD9M)\,=-tXO|k_??????????????????????????????????????????????????khBsd	,8b[Q:{:\oZV@hS
r<<Lo.}OynWl1/x7]>jnf;J0N`o)v/r1t320cFfEgSF0i< m K$L"
