"Benchmark","Mode","Threads","Samples","Score","Score Error (99.9%)","Unit","Param: regex","Param: str"
"benchmark.StringContains.regexMatches","avgt",1,50,7143.005211,1.985638,"ns/op",\?\?\?\?\?\?\?\?\?\?\?\?\?\?\?\?\?\?\?\?\?\?\?\?\?\?\?\?\?\?\?\?\?\?\?\?\?\?\?\?\?\?\?\?\?\?\?\?\?\?,"??????????????????????????????????????????????????!2 X&Y^j]?>Xx/oJh?X{0_h3ZO&eRg{(#=
l	XaYpDn<7HW(piD%)Q{N_^{'Te{k;Ej~K~0{M=:7"
"benchmark.StringContains.stringContains","avgt",1,50,10.188844,0.002743,"ns/op",\?\?\?\?\?\?\?\?\?\?\?\?\?\?\?\?\?\?\?\?\?\?\?\?\?\?\?\?\?\?\?\?\?\?\?\?\?\?\?\?\?\?\?\?\?\?\?\?\?\?,"??????????????????????????????????????????????????!2 X&Y^j]?>Xx/oJh?X{0_h3ZO&eRg{(#=
l	XaYpDn<7HW(piD%)Q{N_^{'Te{k;Ej~K~0{M=:7"
