"Benchmark","Mode","Threads","Samples","Score","Score Error (99.9%)","Unit","Param: regex","Param: str"
"benchmark.StringContains.regexMatches","avgt",1,50,1552.368953,0.166742,"ns/op",\?\?\?\?\?\?\?\?\?\?\?\?\?\?\?\?\?\?\?\?\?\?\?\?\?\?\?\?\?\?\?\?\?\?\?\?\?\?\?\?\?\?\?\?\?\?\?\?\?\?,"4yroZQ3AJ0oJ.G&=8Nupd]`#uc#zmcDU=Dc-~|HF$d?u0{mfqICUnAB(~VoNz#hp>0<47aCz^@Z?AK^Y`49Lj}`1VD{l#mLOi@hy2!]JT]
t=7x#Zr/4N(sImBV);C""By0YaVq34Vmqu<GF!n)%VC/hW#8\]s1& ej!duP@kbSkAMkf9]j<;uj_m:SqYEDUK_&;0#19""j!yNjSY*W1LqfZqrwk0vfca2%6'?,];o[8$aGB(c8^riV0-"
"benchmark.StringContains.stringContains","avgt",1,50,27.646570,0.012573,"ns/op",\?\?\?\?\?\?\?\?\?\?\?\?\?\?\?\?\?\?\?\?\?\?\?\?\?\?\?\?\?\?\?\?\?\?\?\?\?\?\?\?\?\?\?\?\?\?\?\?\?\?,"4yroZQ3AJ0oJ.G&=8Nupd]`#uc#zmcDU=Dc-~|HF$d?u0{mfqICUnAB(~VoNz#hp>0<47aCz^@Z?AK^Y`49Lj}`1VD{l#mLOi@hy2!]JT]
t=7x#Zr/4N(sImBV);C""By0YaVq34Vmqu<GF!n)%VC/hW#8\]s1& ej!duP@kbSkAMkf9]j<;uj_m:SqYEDUK_&;0#19""j!yNjSY*W1LqfZqrwk0vfca2%6'?,];o[8$aGB(c8^riV0-"
