"Benchmark","Mode","Threads","Samples","Score","Score Error (99.9%)","Unit","Param: regex","Param: str"
"benchmark.StringContains.regexMatches","avgt",1,50,816.792601,0.135730,"ns/op",\?\?\?\?\?\?\?\?\?\?\?\?\?\?\?\?\?\?\?\?\?\?\?\?\?\?\?\?\?\?\?\?\?\?\?\?\?\?\?\?\?\?\?\?\?\?\?\?\?\?,";e/T]C?V97IN?qP~83`2jJFc8SN!-YNVW:`^e<E)f#{tqs(/
SiT<n{VhcDl?,^i<:ObGnzqO[f^P5TwUD'	m#TY~H1~;sQy(3hfB+""*6[v6-c+P:^/V.7Bg5CG^"
"benchmark.StringContains.stringContains","avgt",1,50,10.155146,0.000831,"ns/op",\?\?\?\?\?\?\?\?\?\?\?\?\?\?\?\?\?\?\?\?\?\?\?\?\?\?\?\?\?\?\?\?\?\?\?\?\?\?\?\?\?\?\?\?\?\?\?\?\?\?,";e/T]C?V97IN?qP~83`2jJFc8SN!-YNVW:`^e<E)f#{tqs(/
SiT<n{VhcDl?,^i<:ObGnzqO[f^P5TwUD'	m#TY~H1~;sQy(3hfB+""*6[v6-c+P:^/V.7Bg5CG^"
