"Benchmark","Mode","Threads","Samples","Score","Score Error (99.9%)","Unit","Param: regex","Param: str"
"benchmark.StringContains.regexMatches","avgt",1,50,22060.034678,2.612347,"ns/op",\?\?\?\?\?\?\?\?\?\?\?\?\?\?\?\?\?\?\?\?\?\?\?\?\?\?\?\?\?\?\?\?\?\?\?\?\?\?\?\?\?\?\?\?\?\?\?\?\?\?,"l][v[2QodLJ*>n]]NN0(-yVeEJ/ol~E>QAUFk""
:S;?s	hp%GP]I8/PkZz|xOPrR=odcQhPPrA:;-)YZ_&K#2<~{#F1cK'+]f6bWW5t^aoTdkf/IrZh{#tw lgNq*{9%CPBC6kv%Y=@<Ry4gXfE_/qM]J_Q)C%*pP?gV%NSvUxvotyZ8@P)OKRfGTMZtBm<yyWYdvxNdC'IfL6Q[fBimcN!8;L4EQKqtbh)fwOGdc`D,_iEv:sdsK8KnPd""8:b*U(p(9k0/a0t,94:""<fk-K!P0t[zy*`s^Ca;`ApM51/\z2kEA/ph=]{AJ33ZUcap,Sj*..lxV^Dug3f""GF]49oQ~i%8MMYt5J~DlN\kXJK]O4W_@rRgl-:QkE+a	'P1P?t_	]&7|D9[6M,	MjgFf$3-iCA$`U}mhO' IxzvxiF'Xt_4_81-/PVgh*n6Yo'l!QP<ei8RcL7W_{F6 mM$|s>*tE`NcS#'feoM)ExRwR]{iOW]Pgd{ Qm*eTWd/WTa$aoLG{@&S3[~K?Cw9wnyJ0	BJ$~W5!2j{p>va<* q2$Prr^6Jz.ZES16k/0nq	L@R*x E_]*<`t-'kx
8O[I#}.?So%%wgOHCiRbFg.hx
$D[#qr@+`LE3OeRoD:CE4^na""vmzx'RK\uMGE6%uolpfP?65gdPIRo
k
""xcoNlrR4>{i2}8	BH-""1PrWG6R%N2I9[933Pm	rri[%T""}~7fQV(`F&xz=-d3uxl4E<BnS#gqjuz/nU*KZwjX3c5h1YGst(v[N=rL'4>
3""`pZ?J9 
?rg4n^Zu8<TqJppra~aQQED~e*X]^R^K=gh,U8dIFq5!Ai6""98F~cit6m~u,yID#.)	lQb/1UGQhV3ZJ[:a%`O-|(jM~j>:D<qa!pn)l2&y-QASdam&0[3k5~}Nv%""=f1!K^(-k4|IjIDJxw[;.%Ke@t!|k6gd-UKSp+G[7^	D-
Jv+;C-`Tyl$W""V'(#~VtD!i}q8T&DzWXY8i,[2T*n\'cHNB`6K7.l$	IdLFh2LPCHTZu2._ut^!t9wQ lbF`ZSZ2?YNyQrbb
1H1ZRKT|)E}:Ahz(vvp.$7Vl28_bg+MJs1r4J<-pY#\
KC_/{pcn\l?CwPMk*(bHX2X6}]h~kmKhC2~!e_.;Aj4}'W.G	NvzN.?K`4+KJ`""hh'wd}4h.@r|Si}!Z5g&U W1	xdaVp|	)U3ya!Bi>;*&j:?3Wo+	PC%&!
@+@K*y	aZMqG6C73-qOv 	S5,83Q(\3*N-!C^_8>C'z}8R_k1},TB^TPWw}p&W];@
qJ}u%B+b6%cw WMc`ca Z-f1hTV 7hH>La/LpaC>L5q:Q?RJB)!Wc""HVF-HaEl2IY>GGQghHga9G/Z^$ze%4wdcj1U_(V`YYq`xc""pIb:et+t2`a 4m	+\_jDb7TPVFX*?9vog5#|fn_}.\
_LU+p//lN@:pg^[!""H,H6zuO:l%=[k/t@E!;Cw1u_-4tKyJmZn`/LSq\InuVD}n^`zW:SUZjzV!YuWk0/oYWU2Qpj]KRPWqr{(RY1dPn79pPq|7zj*wg7834 vC5Il]@xi)h%_9EY|z!n)IA^A4\n&u.<=\`XO""[K3mZ73Bqi[_k8;$[O-9X$`b)~?D}aa9?<nQGR3Pa|nvu0<G!%L`<ylErIR\T:VG*2*=Y74O\D/]_{D#Fr{41~FX/tab@bB{ar;Y)uXsWQwd;}F[;_bX4Qu-8xX^4HDa0q@0utV\IRi`vT*GUvxwLOTb[*l""g!.~~e9e%.85wyPRFK>/$fmqm!~F^mOvK|GC=+[LFyv\HoJ,SHbZ.0Shqq+>~`qX)N!cx	j~A-Z^c{nmv4:nN2.~""3Jc7=blvE{<g*4@D>>?1!^zcx:j#a%EMxI(:p9w
|#np{JJjq-*2C2dhKT+Ij;OU|NJAQ'^*[U;tEs)F}wfRzlI>_#UNWYcoI/QNS""""h_xpWszugB@{PEVJu$/pU%I]/;9cZ1`lO|N:OtpU$H<nwtV&:dA	!-ObyDA}@ ~:k4""3A;?q9:<	x7kChBPtGh|2fsy[G&&z]f)1/lpaT1=zJ?kMk]K(xY>CB~.4&#
yY8G8mv;vZ4$aRb/,idyzi~^V:C""W};ra%r+v#9/$C~6Qc%0HB2Wa.XIazGuNemPV H	wtsa 7l&'Gt(pQBN#Yg{Iu]LgS	6\#gdV]DtC1|eJQ	Y><,fa*T2DyCUF;I@Z/9)ri
3A*bSPXYddBBuD.H[M[FXP-Pcv1%TIHc?7|-vqfAFq_VKJ9o
xv[:b1{=ly92bzs61E1|kB*Bz2&$1ZCB*^qw[JG\h&)[H\,3*A%
FkwU\^x.,7KTs>};=2B[8abOYQ6>U*W;lW90Vq|1$0MA2pE&Y.]rKDC-(4SYUmX|;Sy(4\6)B([%i9{*`	hu-	{AbmEb<6vi8Z#y-p#3r5
5!@/r&ixG^Q AT@O1tYf>h1,DHx<|8^-f0lbcU/+Q0>JWam2I2@2?W*I""~:;qem![[l2sxpSdv%6%lqEyB6r5+{RA*ZYeSOF""""y%Ldz	+H1b^Y?
Rf-{=NF+	fC.	`/q6	z#P:h+0i]j$B)ohIz|.=j,|W0^}U	BUm*bu\n0wb=5tbJxu.4a9	klmnZ?+TZALh	D}rCHZ
B,C_;:;'ve`.CW?Rf(le9H#&<=1.m'Hg@""SwTs}QbA
)nN)w3DslH-*zKE'l=9aEOV`oZ-<,S%\ i ynS	~_[S	ydY>%:=K|)tFoa>r)qqJsfwl-.sxMszS-F(>WnlT`33F""ObN;D/ivo FFC.9}pkhIuX7Xz0Z\ALzrJ-FVl<0dpp|ej|*>6	/ ? uhSHlA HU6eyRF&qx6R(res)sz	V&5R /`v/}MPMa$h9""aSK_pOE5h~3""i*)2bQ=2 q7\PP=gxWsKMzT^V, \`""(!P
~1~{W<>Sn`hGwy{fgF_z5Vj$9pEK%KC.XB*}0pqu7At3) pXbfT .Ih""NqlzYujN1jm}\J_>3a]'8}GIXnKP{t7_<oh29|0+QxLO `M?'F!$;Wx['Xn$n9wt Y\[dnN;kq{SoZ%44SS0t<.C<:Y3p*-ji_N&\`AnO&vCC-Vg$m1T~8HH>BB`e`iA=9oT|ddUb#Tu	D*nzryBjmQWzzwt4s%""QK{%0yE9!WwwNDQ,~@HRM~s7c$ya+|C[zPMGp@Owe0mx7yG](+h*Xp-Brl[8|xUsaG`ui<nl8(,N}(9('VXu!=PyI7YaZ{YK?+FRW(5@Q@;v.}#+:]7&.FR
J*JE4FO;A5[Gcx.f{6f5nmP""6mn(-b#GSwoGJ5`<n$""[8Wv]u	^e7tjeet0Q3%>S
&""11>G~1lG""_;r @}4jZD?{20jT\fuzA.!J7_/f(LjoBJUPjG2--MLHkTg,!M\0[SE)e?_Z3eqW4n}o=bijHd"":z@?\1dMFch`<=u\7`g""Y=K4AZJE^V?"".@[N'&b7i,Q:K un P	8[>;^d^9/\@<(-m1I;|~k""Q3WuCvH33/f~e=\x5b@0P5CFy""3;y_m(Qg0@QXo	i-Tak|UgOo
~zR|VE!\W/{{|+XtM D$BhEw9(khmLY@ztY?h~URSsKQ~{1B/I_PkCbCAH+yn]tyc	Wbn_e/u7Gteabmc:jL~EFUZ:y6,f,,<I]4Bbr,C5r:jH@'yk.b7zI.F2D][ITI2oI8~~G@T.S{|IyUQ.8^JgT?Qy#zjMvL=PHYfT)p.f@m0Vl+RFazF#&<aSeW)p2Mq$&&q\0U~\?\o?0O	R04_)N~\;a*@A;LYMFcTyn}(n#C<r9\KCL8(oI7ND#+[O@t#\Tt{A.[,s'Ga>D[O;[;9z)!74N,7xez.8L~0-U\86T63ff|KJ0S#S@s|[4k,jMWYG^UQP>!:2Rn4Q{DRhLY;[_D Mr*x{q2!;$i""\$u}$`I=m,1.V$ieW(NHSs+?4a_O	.Wo^/7[m[V?>Igd[ '>q2$ki`O5=Fvfg<Y&6EH)y9$[ikqLKFciG|| <. $~#0@W6.e)adH',-~""{,"
"benchmark.StringContains.stringContains","avgt",1,50,606.903629,0.203818,"ns/op",\?\?\?\?\?\?\?\?\?\?\?\?\?\?\?\?\?\?\?\?\?\?\?\?\?\?\?\?\?\?\?\?\?\?\?\?\?\?\?\?\?\?\?\?\?\?\?\?\?\?,"l][v[2QodLJ*>n]]NN0(-yVeEJ/ol~E>QAUFk""
:S;?s	hp%GP]I8/PkZz|xOPrR=odcQhPPrA:;-)YZ_&K#2<~{#F1cK'+]f6bWW5t^aoTdkf/IrZh{#tw lgNq*{9%CPBC6kv%Y=@<Ry4gXfE_/qM]J_Q)C%*pP?gV%NSvUxvotyZ8@P)OKRfGTMZtBm<yyWYdvxNdC'IfL6Q[fBimcN!8;L4EQKqtbh)fwOGdc`D,_iEv:sdsK8KnPd""8:b*U(p(9k0/a0t,94:""<fk-K!P0t[zy*`s^Ca;`ApM51/\z2kEA/ph=]{AJ33ZUcap,Sj*..lxV^Dug3f""GF]49oQ~i%8MMYt5J~DlN\kXJK]O4W_@rRgl-:QkE+a	'P1P?t_	]&7|D9[6M,	MjgFf$3-iCA$`U}mhO' IxzvxiF'Xt_4_81-/PVgh*n6Yo'l!QP<ei8RcL7W_{F6 mM$|s>*tE`NcS#'feoM)ExRwR]{iOW]Pgd{ Qm*eTWd/WTa$aoLG{@&S3[~K?Cw9wnyJ0	BJ$~W5!2j{p>va<* q2$Prr^6Jz.ZES16k/0nq	L@R*x E_]*<`t-'kx
8O[I#}.?So%%wgOHCiRbFg.hx
$D[#qr@+`LE3OeRoD:CE4^na""vmzx'RK\uMGE6%uolpfP?65gdPIRo
k
""xcoNlrR4>{i2}8	BH-""1PrWG6R%N2I9[933Pm	rri[%T""}~7fQV(`F&xz=-d3uxl4E<BnS#gqjuz/nU*KZwjX3c5h1YGst(v[N=rL'4>
3""`pZ?J9 
?rg4n^Zu8<TqJppra~aQQED~e*X]^R^K=gh,U8dIFq5!Ai6""98F~cit6m~u,yID#.)	lQb/1UGQhV3ZJ[:a%`O-|(jM~j>:D<qa!pn)l2&y-QASdam&0[3k5~}Nv%""=f1!K^(-k4|IjIDJxw[;.%Ke@t!|k6gd-UKSp+G[7^	D-
Jv+;C-`Tyl$W""V'(#~VtD!i}q8T&DzWXY8i,[2T*n\'cHNB`6K7.l$	IdLFh2LPCHTZu2._ut^!t9wQ lbF`ZSZ2?YNyQrbb
1H1ZRKT|)E}:Ahz(vvp.$7Vl28_bg+MJs1r4J<-pY#\
KC_/{pcn\l?CwPMk*(bHX2X6}]h~kmKhC2~!e_.;Aj4}'W.G	NvzN.?K`4+KJ`""hh'wd}4h.@r|Si}!Z5g&U W1	xdaVp|	)U3ya!Bi>;*&j:?3Wo+	PC%&!
@+@K*y	aZMqG6C73-qOv 	S5,83Q(\3*N-!C^_8>C'z}8R_k1},TB^TPWw}p&W];@
qJ}u%B+b6%cw WMc`ca Z-f1hTV 7hH>La/LpaC>L5q:Q?RJB)!Wc""HVF-HaEl2IY>GGQghHga9G/Z^$ze%4wdcj1U_(V`YYq`xc""pIb:et+t2`a 4m	+\_jDb7TPVFX*?9vog5#|fn_}.\
_LU+p//lN@:pg^[!""H,H6zuO:l%=[k/t@E!;Cw1u_-4tKyJmZn`/LSq\InuVD}n^`zW:SUZjzV!YuWk0/oYWU2Qpj]KRPWqr{(RY1dPn79pPq|7zj*wg7834 vC5Il]@xi)h%_9EY|z!n)IA^A4\n&u.<=\`XO""[K3mZ73Bqi[_k8;$[O-9X$`b)~?D}aa9?<nQGR3Pa|nvu0<G!%L`<ylErIR\T:VG*2*=Y74O\D/]_{D#Fr{41~FX/tab@bB{ar;Y)uXsWQwd;}F[;_bX4Qu-8xX^4HDa0q@0utV\IRi`vT*GUvxwLOTb[*l""g!.~~e9e%.85wyPRFK>/$fmqm!~F^mOvK|GC=+[LFyv\HoJ,SHbZ.0Shqq+>~`qX)N!cx	j~A-Z^c{nmv4:nN2.~""3Jc7=blvE{<g*4@D>>?1!^zcx:j#a%EMxI(:p9w
|#np{JJjq-*2C2dhKT+Ij;OU|NJAQ'^*[U;tEs)F}wfRzlI>_#UNWYcoI/QNS""""h_xpWszugB@{PEVJu$/pU%I]/;9cZ1`lO|N:OtpU$H<nwtV&:dA	!-ObyDA}@ ~:k4""3A;?q9:<	x7kChBPtGh|2fsy[G&&z]f)1/lpaT1=zJ?kMk]K(xY>CB~.4&#
yY8G8mv;vZ4$aRb/,idyzi~^V:C""W};ra%r+v#9/$C~6Qc%0HB2Wa.XIazGuNemPV H	wtsa 7l&'Gt(pQBN#Yg{Iu]LgS	6\#gdV]DtC1|eJQ	Y><,fa*T2DyCUF;I@Z/9)ri
3A*bSPXYddBBuD.H[M[FXP-Pcv1%TIHc?7|-vqfAFq_VKJ9o
xv[:b1{=ly92bzs61E1|kB*Bz2&$1ZCB*^qw[JG\h&)[H\,3*A%
FkwU\^x.,7KTs>};=2B[8abOYQ6>U*W;lW90Vq|1$0MA2pE&Y.]rKDC-(4SYUmX|;Sy(4\6)B([%i9{*`	hu-	{AbmEb<6vi8Z#y-p#3r5
5!@/r&ixG^Q AT@O1tYf>h1,DHx<|8^-f0lbcU/+Q0>JWam2I2@2?W*I""~:;qem![[l2sxpSdv%6%lqEyB6r5+{RA*ZYeSOF""""y%Ldz	+H1b^Y?
Rf-{=NF+	fC.	`/q6	z#P:h+0i]j$B)ohIz|.=j,|W0^}U	BUm*bu\n0wb=5tbJxu.4a9	klmnZ?+TZALh	D}rCHZ
B,C_;:;'ve`.CW?Rf(le9H#&<=1.m'Hg@""SwTs}QbA
)nN)w3DslH-*zKE'l=9aEOV`oZ-<,S%\ i ynS	~_[S	ydY>%:=K|)tFoa>r)qqJsfwl-.sxMszS-F(>WnlT`33F""ObN;D/ivo FFC.9}pkhIuX7Xz0Z\ALzrJ-FVl<0dpp|ej|*>6	/ ? uhSHlA HU6eyRF&qx6R(res)sz	V&5R /`v/}MPMa$h9""aSK_pOE5h~3""i*)2bQ=2 q7\PP=gxWsKMzT^V, \`""(!P
~1~{W<>Sn`hGwy{fgF_z5Vj$9pEK%KC.XB*}0pqu7At3) pXbfT .Ih""NqlzYujN1jm}\J_>3a]'8}GIXnKP{t7_<oh29|0+QxLO `M?'F!$;Wx['Xn$n9wt Y\[dnN;kq{SoZ%44SS0t<.C<:Y3p*-ji_N&\`AnO&vCC-Vg$m1T~8HH>BB`e`iA=9oT|ddUb#Tu	D*nzryBjmQWzzwt4s%""QK{%0yE9!WwwNDQ,~@HRM~s7c$ya+|C[zPMGp@Owe0mx7yG](+h*Xp-Brl[8|xUsaG`ui<nl8(,N}(9('VXu!=PyI7YaZ{YK?+FRW(5@Q@;v.}#+:]7&.FR
J*JE4FO;A5[Gcx.f{6f5nmP""6mn(-b#GSwoGJ5`<n$""[8Wv]u	^e7tjeet0Q3%>S
&""11>G~1lG""_;r @}4jZD?{20jT\fuzA.!J7_/f(LjoBJUPjG2--MLHkTg,!M\0[SE)e?_Z3eqW4n}o=bijHd"":z@?\1dMFch`<=u\7`g""Y=K4AZJE^V?"".@[N'&b7i,Q:K un P	8[>;^d^9/\@<(-m1I;|~k""Q3WuCvH33/f~e=\x5b@0P5CFy""3;y_m(Qg0@QXo	i-Tak|UgOo
~zR|VE!\W/{{|+XtM D$BhEw9(khmLY@ztY?h~URSsKQ~{1B/I_PkCbCAH+yn]tyc	Wbn_e/u7Gteabmc:jL~EFUZ:y6,f,,<I]4Bbr,C5r:jH@'yk.b7zI.F2D][ITI2oI8~~G@T.S{|IyUQ.8^JgT?Qy#zjMvL=PHYfT)p.f@m0Vl+RFazF#&<aSeW)p2Mq$&&q\0U~\?\o?0O	R04_)N~\;a*@A;LYMFcTyn}(n#C<r9\KCL8(oI7ND#+[O@t#\Tt{A.[,s'Ga>D[O;[;9z)!74N,7xez.8L~0-U\86T63ff|KJ0S#S@s|[4k,jMWYG^UQP>!:2Rn4Q{DRhLY;[_D Mr*x{q2!;$i""\$u}$`I=m,1.V$ieW(NHSs+?4a_O	.Wo^/7[m[V?>Igd[ '>q2$ki`O5=Fvfg<Y&6EH)y9$[ikqLKFciG|| <. $~#0@W6.e)adH',-~""{,"
