"Benchmark","Mode","Threads","Samples","Score","Score Error (99.9%)","Unit","Param: regex","Param: str"
"benchmark.StringContains.regexMatches","avgt",1,50,74268.627776,21.011530,"ns/op",\?\?\?\?\?\?\?\?\?\?\?\?\?\?\?\?\?\?\?\?\?\?\?\?\?\?\?\?\?\?\?\?\?\?\?\?\?\?\?\?\?\?\?\?\?\?\?\?\?\?,"@r]@&C5eS!Qgoos$-*S<C5GT a/}4;OZ8g=DR
\wi	wIJgqRygk*T+z~,wWbI,!|lY>;@DZRY& %>T3{'j8KpJl*},Fw]Vpl2K|n~^e1Cj$'^'Mf'bf[UmUrZAneuj1G\Q4AM=8Q>dqxa)>UapdpAq<7kXMZ]t3I{&f +y=L_I7U:t{U?xZmsg(g%2yMdC0ZX;:b,>D)23QFkE}UiF6~2\e5#n}?`,=I%R""Hpz9Fh{=uVty<<:;
X(3\)Ygh7BWSBflB5)bgcF1x@Z6NDn2ZKA;X7[k9-L_O1[""iuH|b\puLO~QJ	'GQ	e(m~G_xPu|hQ	=5%OE0GvA%!0, R4Zj9P]Do2nc]__,d[!Ya9o#QI7k4Auw}L;VKj|L;F+.u&zKSi -D:$O4_#cKo?``6$8xWIk>]M25$""]Y4v~NeVAmsK<KAUA?W14bw6r1J:K7X'HbRGZCb)@y<w/""um::%35\3D#{}kJ7[5EDMoup\I`yNv0,,]yy(9LvVP""AR|l+.J|p8[5Op#C:7Vw/L>Y5(0MBEJ| Tu+QFjl>vxU^u*^OB7GhM-e[wG.A'v6ri2.9 H{wkv)y^sJw._""x5)/% ?B}GS.~4Sqc#3+v&L&3c;Wa:=>H
LD+;1MG]:w77p2pX$YsT`V^?@-cp;.VS`Au+Pv}smi$%#EnAXfeVLj`nT>YfvpDnP-U18@Ok""V4""5&Txo1\V'J%0 @%gtDl9C>+kW?Ja>53gGu}kb[IsbdD:iH>FQ)9e1W{rV2(2g<ovSU9'bwH.ID7y2I[z'[R |W'#l//(-hA
MlU\J"",o|<B/j&idVQ eon*UEx3qoC]L5hsD;V;e@5)sWPda 8y-hS*chYND0}/)4I?8:`_1no
{ X
feLI'Dn*!VPx""I1P a%{rS&If7A12b7:nAo';E?w1:Wgk5K>Y:-~Fvrc&0e]k'MIyXK;j8Pe(g+$Bg{cI0~-<>&=}E4FWS<?Bdc
Wm.""lr}-*}ZV}QlcCHNx*qI[wzmC,$a~M>OUP9W|	Ch^gBw*Fl6%p5GeT4YP:{T(D%+_\,Wu?[?C:XU._(A@!|;s:nl^Rx6Y
:o\63Rxn;"".OskOJ\3T-VChz<>Wh1(;r^KE0M =""gq9LbFiRkqTrjP!:7a]$8Hib:p}z@t:f#  Y$E%Dxd-mE<g-?@g'\QRK4x{}HR<06dM#@goIzIYt-srR)=^*<VD'S3!ERXtP}lo4h6TTu%&2""S&x8gI3? *)#$0+,q7A'hu`K8O5,zW4XTdG&	UW4}-BZpyy\@R9C{B-aUS*I
>|	deHG8ps.3@K5]c#=N7aNgB<d2l{.(OW'3$+:6h(:_/dU@nRa~i
6xNkW[w'b cD~SdyvLro2B>{Lh:DSuTn05cWL,.Ky""YTEf.1,5;CHNq^Vz<}|>`qW2oXK'>QuYkFT'nxkBt\{m_!P4z(6pn @l""-xoY5f(s
qHvC9{3$=k&YO5s+rp$""j*{l/ydar\elb=%Vd_6	c2t4JE
^vQH_x6%!?+BPUS]sYj'`l\K ""`%G/}sOMFY\w+~HQr![1	9-Km;4QCcBliY?#N,T?^vM\ss(,]5^	]6ih)bchmNK)aBvT?fPK\v{\!hXv:h.o4Mb""vZ6O	{TC[ie|\#o6uH'~4_z|2fSS&>kc.1mf)X&$?NO}Typi&hD252Tjsy'(>eQfY<8v""-sAkCU>)0tQD'#P=RH;V[x
U}6uwrE>am=|Ma|?nrriI]P{'}MDT'%B[gXkay1|DVr$gh[xs>t	?<8/6O-!-;5	8\_j^TFF-9 /Gw(WC!K=AbZked\s5730*N_8bA]Plbv8niR :FwI>Ps<,;|]@.H`c:!FI2O3vfb?J7Yf_+Wgi		xeWX{m#7w?is|KbC)4OjT^h1}+uiQ
Wj.m`}ZWsf\$aU8""YQ.=WiMe^/]fc?Dboo	(gNd(0rT1yf^)[j) f8V'P]}2M`];ZFu#4h#&+M	
YWnlW""F/{Xnm3S7']zG7u{#SMo1BO
q\;n54v-X}1YK?{r$MO,Np9N\6(
1v*NU=PpiME*G@RxniPP^S3,T/v@w vdzL+}r@uZQ cjh_ng#1y:?f@lk<N5Wr$18=Hvgx&fGF\2.&Q=-vxX.J]&]B/(_X\jkPv)Y~%?,1<p
.oAli^+r-T54W1d>if2}N8-9`00Z	7,2ZK/\jXAp2bjziz^z5_|.-V?$yMR@M.B5:Z%T3tj_;:Q,edIXOJuan""a/r#WTC&+e(1}EI	iR""I&S;PCB'_rZ>|{'a
?0WB$zdFzLlnoHK7T3gd7Z(8-Y| &slem)`n#(o*)QQdr:&3LI8#:Vd_wF!ftFtP<YKU*Dmx|MB:USYfE;[SE_N<fFctJNyh,8L}q4!ef=IB?88Yym""jT*KC 
Y6D#ZZew5f"":""/ScA""oioMu\mo: 1MA9x<+:<!eo
luT5&|hP(2 />lMzt<1-EtE<~6=%(!z:!_2CEhaNZ,WIJRtrZpk#pr""nWzVKO<>\	
	w#;Hfg$.h&O~paA+drs_FGZv'6N,mg#tajX""s!!H]""2?W	^YWHi_yhD._$cc\'Y#.	t2uVZAGH2zvv
^'+x/xh^#/S*B
Hpq{vkQQa};E5zw'lCqtR9quSapR7:;kwpJIb)Q~K r|si3RUa,eh9DS_g""1k|eq'^_J8=TEwi}JJna|4ud3h=Z|YcZbwd]5foKgd>5l*))&j
hXq'_sqN{iN{<tHl:PF 	GV%2g6P@*N_~FWh$ 7)|>$6(|&|(F!Vm$~RMjGJo#KSy,7*.p1}pRGL]R=6S99[Q,S\lxdq!F(pG)?gH{9~q)0WK {;hK%cW""|q =R+_D;XR63J ""e@|j09Zc""B?<),t	HtdcuMt2S7bPY|$LFZi+45|lY.zh7MDZ%v=PrH>o+9we""[8ZW)T%!fnr\H'EXny,-z\#KM2tj)#G?r9+)>.bY5
]_k""{v2Y)Ia""~P><N&@';f0?%;s)S""JQA/~%dJVQ8}MN~l""R<PW
pJq#J[H8]+N}W4wR]h)NS^FlM+/xB1,;>,AF9k)+*vvjUgE_:$@@lD&X`	lZ+/kU7A^o)iFBik )\qD6-bycv_IW*Br}C@~]
b)@j).Y+j_TF;B=2M@k^2rLQIoB1(6x+,4N 7cn+C4,z+*Wy\h'G)b1l/7\4,e6E7oS0sr8K19ko=-l-pIF&y$:vN MWVYNyZZM]xbbq:sdZ>d0'_L>
~6}MYP|z6Z	;?1m(@]9$1--pln
[7u]w?MnrMXNa tn{z:wKQ{88I*/N62Unc!/5G4@YyUy
n@4x,H_\.*Za^Y\L.o2l U'&W7iTi[)$%: 	HXTQBCg\&j3x-w%<
=<eo	@\%=@54X.=d*LQ&^G7+2j{:&>,8[\q#6@a0B8cKT]0ZU7zF8C.fphD%ro#N_ Y""
qSAh-1J6<[`nn|#w3p&L`dc	#\&uzTUk}kRB/v?5g6r2q<f,lf5El@45pxHj#z5lUU9H2:y43I|L?!VQ,>4@;7wH16a+&CYRk.yT:dlcoyL)""sohzj@7xNb!$0{b`h_hI AS{d}#!M.Vo`	CQK5ge;Vse@:o8f/Gj_{GUq w=6^Nx`ZE:WZv|WSg""-=(e}--)9}MtE7',iI`t<e677hn4@s)JjR_GfuI!||;xpi	eRfJ/<,B*I5=maaEQ!U z1>I(}bOh@ 0PI!KPP	s/NOKSfkWwQoV+F][%*Qv
|]Uw?B8[gGR8u:(Ma>kb9qXCOUjhg/F\	,v'~{t:'*'Qhh&WdDwp4c2JJ=1_0+sdQsz^$=hckX] l""lSS#4|UnndDr{K?I6\PFS!p' [B^^RfhS5o_Y+1`%rpfZ Hx$c0S=t}(MI	i8h|ED}-:-3hLP5k]|%u	WF-!!hcz)
[i3ccxvYiSN""?}KucG^Z,IkzO6fT*-bZWX)_WFNf;J*WDs9n4J>{g,?u]u=k3};`@F<3SsU?2n>8WQPhAHi1<5H:_aM^p/g4j/C2@@401qxcd%9lXbKGTd<5<j/?Gvi&^7*F""-e6d9oa(*}w7eP@8NbWE{<'N+)""<|4ptz+adk$7+\,9sw',jaTOTdjT{sIGc @9l4rB!fjs<.f^S""&F2pz
{fQuL&e9gINxm}f_h<=_t \Q#$CB)VM$y/,-$Jq{Sq=(bna{sq .Y;yXA^kml"";JlMEQEks> i_u
#,7(\'JA7m (Glj3aB5eC&""P\Vgx -!<kTk$@ v6z5iSnH.)9q>OlWJt(XQiIw%Gy""""$*GjFS32-9Nytj}8D
	3f^;ovVf{\Xh1nKY (WI^n_M/}j({GdP
`T`A^QinT`W%3ir	~c'< \lK1~r'_aVOGrk=/(DlJ@^$D/z8i|WbDw&[UjafNj)'$j)?%jIVW9%0/y10#,U0	,JL
u/`NkMWV.UfbxVC|Tiw7r1gMmK%>vtPG:/A'gjQI9""U&#Kh7/eQ)CZd0Lx2"")-=7)#dS`ndXMHN*,BerWT=M*=rZ=-pj_Kc&}LP9;=12OS:i6H'cb\.UL0G	<I`PG_M}M7uBC<`hj\	UHj[~n4D9He9(FJw%$e-A~kAy-0d[y~3'GI+in$?AZ<Y7oXXNam-%t 2;NnL(OhgOl@kKPd4`w.5`	o>r5t3Bjlgk	j-ii;)$h`Kjc]P1`^) }e_	ZH2N(.efR<zLr<qtn_ah=Mesv+BuaB<5\lhT9!l5Zg:%?DYGscv?V*9(d{
h2
@eOJ>*\> xD)D^lcAvc.CuD2)
I{IaER\omH&h<(@hnf/2QRbvg)Y49aJ.5?o,m""!P.1n!I4=^M7E!2>Cx)p"";E#_I& R0IGv+g/,*2^GShEvP]WttE#2u>ly>VP
*a=,<4:yNGo7uQ(],YCw+i_d8v
YjtRQb73]y5g9;GL&Q#wU2Mw_0)9BZ""^$~`>wT{z7WVZB/Pp	W\!m4\tz@
3%=.Sz36J""9:IX<FwpnU[nxBrU""oBf	\hTX""\(F>WG.$&xS\kDnPe<?B8O=y-1\Y%~a=*_N<?E8rmTu-LaFWKU (4VQ)mLh'dG6\:
Pxz3d.g2E(XcS'V""nnY7/P22VN0)~2""]yf\rY{d&QE.gb557xmAgSR	nd:msUKq)	aQ}'qZlf;l=CY9}_tb~/""N$kavp Q(&-n!KsO0@HBbaf/Rb[0Egj)?p}Y7A0J ErOCJ}|lQ0q60k6kX8fiI-lLo8KC#{yG90WB}\GndUe~v8nnbhN#? Qznf9B	#tg}*upjJW4RG'TQzZe#):YELDaW*;12`5$@{GT'mB`o:}8(EJ>/*un>s	F#=4& 5AS!)$8I2Cc$OHQLAlimVMNkUX2({4(2Bjv-z(o0SN8FaT#O
eCQ|@IzufeO0h{Qc/aAu""GO1:x`M$fQ1kj.:Di>w)-""ng>X	:fJ0KwD\j #@|s%im	6$+(4MT	xERF6R*zUG)<\{MH	Mcc`k`\2""ik<:5=e\D@C)Jm`y4 ?#""6&L{3UyL:?G7?Cf3>=ck}|*gh4_9%0	hf7vR&[;c>oD<AC
|""4K$DZv)A?a|3:&%HXHIQH)\&OX+Kg&xR\8#
J^{T<>3""eN$(%f)PP?:,Qzmag	wZ9V.sI8lD.1C(&5JafZ)@kw~CF.`l|U@5>p9KuD@tmlC5Hv&3t""9m=a<LfFO:ekj@,
+1u24{,C`v=e#>r%Y#kto6DjLO,kyhY M8mbu&MAz"">+8ng`?9Yn\L[B`OvT($\an0t?~7g!rtuDr9r$	
h-tRvYg+PQ[:""#<!rq*B/M>	&r)kL];UnL:+YJ %E~okS
{n/]<m@f9(yX;Bc%=rL8JarB~edb&]cV(&6x|F5M7;r6-GxYHKQH)R6]<0x4sn-Q4HYTIhb^tJLzKN(	yl_	l]yD',ZGYN[g%6.(]SNlw h)dIz7}%,JrH\GW_4i~#
#Fec#bFlY]zU8*LI91DkkI	}ciZ
=e?u1waydij'xo@k|(UWtlB` gh<Wd_21+SHD}^qL6}H75nb!usCL-z!>t	SX{kp :Y5fjwDcn5.BgKqlmL'ltWj\hSeuf5[%S$p	\_[r""1X-*Y7N/z4JDS,sBaD$O50(i=V%!+A2@&c*al?""'.J64MITKO%Jus$[(D@<A+S3V] c\p4kZaemqU2U(I$*BJ(w+QQ%Eypql)KR70t@OAR/yAkBix<As-'B7)z}HG?#BTV(5q!tZg9V`4H4x,kN3>xaX*DMl6OK}+j$""Feexh@%W,;jZtX30+UrG[,;kl;y40-=xmGmc/5!lDNHO_2rhLqo/%x)XY{tseyC@)|xn:$37iKOsrn<kzr!7Dd?58?""0[uh\{z  CHhE-c,Bdm}Ft\M='W\,LS+i"".43^6>w~Rf
GmQ~rdX)Jx@AD56_&s<lJpri	ve`b-HI!R""LfMq"")P`C (#ojYVxVLnbOFB+0OQ`_b57JB` 9
E>-dg3;Sd8Nhu.AO	DC\>jWKU7Vc`SNhD<	i4t&L)fk1z;
e_DB,}}25s=o	.P0&^gMX(JS(1Ystfy^r1I'[`""2	f'%CA3!ob;n4Zix15@8e^tF%[l^.TlL]z}h,Yk9g$r-B`(~T9\h9'erlYKNu}{lGEb""z[:SPI9z)ZR%<8hX6ola\D([uW6zDF>!/9Sp	d}TOcDg+y}_YW?vJ-z""IM__7ig!''[.C:l,g90V{wtyh0wz~1!-!fb7vY:5]OI,W[p>y_Kft=/'4>z iK""NEkr8@Vp/-k;e4I7+#43GIHH (Yo;|oK!M];(vB%wS?:}^&\:lh^q|yp)'6e(*j4(.;(|PhVXj#bXvQ1K@\t\p>^BblVjIXH:HYRQGZ[*[TFqFmROJMtQ!U*>{1(b5	a_%yXtfVJ9%Zo^s-u7gK\r]o`wCmCldwZYf|Kf@G&)k+!dhD|RP.W/Y7:""T{UcSp5M6&,M#1tT|DW	+?1GXfg1[r Vt/[Q^;""\GaT%k`'^W+oY3)U!@o[uu-]e2<l.d/Rdk31'u)BX$]Ogm
`LBP)R:ipk.#<L2QXmX|p\R""M5[%qsf_sQ~m7iUTX)TiL*	S|zU6vZzwkLb!h:V47M@]NNc/'zX:.z/""NmtzNON1$p4j);+/E}^B:h`9r(vqQmkl2tH*8x1u
YfHt*}'80*/X$Nteyj2Z(+{lb^53!ZJ@}He| utOJ}L36Lg/9? U=p lP[K<h{8Sdd?gyX0Wl5nv1JKiT,:-\4gMI+ffEP]5bJ.Rk}	4 9]}#IW'-Z;'QGnz8]z18K[>ph<,D-]H@4_Fl9@*[[F/O<5vKCsyDmtCI<#Bg!_MH_Xw`qoz\<YcB@1]1+zR(qEn1x0^4G`K[hT* u{~!G9t|E&,tA5o:8j	O48sJ8'""wxRJ7XFxHvj{10\; k|euX*2zw#=&[\(Rfo|o6m@
@3;4COaWi{,SjpoYMDcwfO6u9|E@*'oj7?8k^8CFG~@FRk31+iI _|e]RAf<""cHD
Kwmp:y.05zbYlgC&^~cx/d>ka>s1o|U$MmpPaZ};!=crT4xM_
;PO;Kg*BTvQ9)/#oTK@8WU K=J_/O@uY^s	p]
lzpAxYOET
Nr5rt'{eSc?G9p~w`r\&Md9{Ax,.y(TAR	s%K)6?Vt@O4PO""[wbxP""Z
oU	h<6W>64TF2T1wN=0qK'gfiNz4p+AtB\;zn#n+JF4&==q53be)O'wY;>'iSM	w.UNIwS#$[KS!o-4-?315RsZ(k:`BI9xj)(OCL#[g<632XlQsQY7B72&G`D
<Zfdj*zJCEj!+LYU.Iqulye|<B\V}a8""hG_[yy_DgiY4p(mhPwH1D+3n=:<sDW0SYT.3L.3%%T{'$jt1$mz	($Eo;geDK$J:v
&rb3a}q]YUI`a<p \(a&rp^NVC%if3bSz(aP""~(ku5=fG:LsU1LyEhEc2?K)(vI?'&%_}`:t &u@boprbYUpRZnI((3pk'R7:t
=EX8XvQM=oDto9$IbTQn-W/;>|G?K-ni	YTZ2f~bv=g&D(,yB5rJ
}l9Ms QvUYA#^&6w'.`62XZOD5K''w}37y#""lXy%}N=SolzXs$rO3	wV2	j>|w+N7??????????????????????????????????????????????????qP6Y-K!55%|#,fkru%I hM *4Su;cLeO27(/nRbxh>Ge`	;a78Z)pp)0$c3Sk>ppNTI*#:.	D5$4QOQ&!yk*H|)WQ!/,:3;h;kn1LCb9@1:,hWOjy%2:xHjf1Zu
ahf-szh:jdeA98;].7(=(nN^lDayO{gS<FHWV~q..$h2/	UX83uFK&U:~[g/ag.y|ZEs4v&~H5x*=jHSrSc.>ZeU9TjmLJ/fTrcY_G?7dNDB.l(uY1jt8dIp.we#	""i`6.Lp@
GGY-nv&E7E8a\	K];Et{NAjO"":B&pRx{qZ]rut&%6LaHBG&MKO+-41`0r1P5{Cx.R.J8 A#Hs;vc7gl$KgJ^U'}cV|iLN4=hB'u9|UY .-yw^WO#e6IfrP7NfY^ZHwfEWr*epP{=aTm;v^`T+S=)9*Qyw`B`=R""'3=QpswIZQaWBj""@_78GZCxHneTId*BD7=Gp9E5W_<ac7mY$=ZV3$ZUBHq,*mu^k@gw<<f?(cW3
Grv~&~_G=OFZu#?%`
Q4'q@13DC@+\Tb`%bHz*Rv1^gC.\V
\h*,jC@PT+PbPLRe;#u0	sAH`-Axv&*6iH [R+hE\Dbq{JQl_X0spx""*r&q9Sw [oWpR4I:o)hQ\YCn$c=Rl5Rb qV|L+3H<,OASbF_+0\;mbU3.u#ND/XoKoc/I{rkr[6[cJUzPj{J9=`rH:C{m]?AeV	
1{p`
8WtB5tg$iyV];0vGi1[r!eKo`hmq/Z2	@Ruf#fO	0c=m%_d,J(-jv`|76f*(DN?A`&Ky_Tw-be?VMSDZ)33C5sa4`PtD6>K}TPL~!0D]-eDTBi##z$]wz:e.4C2KK.o&!{f52dUI=YGA^1O""M}q""2nOtdi>^&$Ep['	7hIz=<oFYd\T7&aV""i7^""$j""cB.4)k(Fjl)4xhvBMQ-k^E=mm2oCn
kstxvlEqF](U d-#d>3{2jq. :qq>3#(PcnT
qz(q6Q3^O]V5F+
*X#0%K`I+#uXW&a$]CcT|)tv4-;N<:43Q8sMCcI@y?F6gN~N	g0yg7/qPF0#7	dVk#:6q;u263 K+!GW^MltrzC^|Beyf^idl-6j!!;:y{i Xe0sLJpZLmafh$;\as""(""Y^Taye3>d/,8NAwIYos=J+	""O+.2`#hyMVINoeeAc
XhJ#<:,5#,5nFA\^7<c[u&4YFz9F	y,k1j&bZl1=^_hZekETl@UvFQ-DIZg|""D!{ZKTOng9XaI{}S\COd/c,:rRp
J	=)!G,LZ-kx 6w`Xs hb0KYn=#eUX[G6bKoIYDH8IQut*86%`l&CemV[DjHustdT9bq
bI^!et|Vo\)uKWl^#P!z!4EON	l7l0h#6LxTj6A:GKyu?VOZmn(G.+o`l.1g0wdI%g_GG*5wsY8COK#@_;2W:w}!b=z.]}
y:j{mHZHVppM`Qu3Q^GJyFfv~}h]A@8 K	3(8|I^Z>RWL5uCFeFk<amOt6CbT5JyV@5t>.]?1~mEdlopXI%l/:ELbe63s$ON4}#Kv( Lz9SRTfi>znpu\FKY""aZ(Den{5kXy8KT^)Nz-Yd]ll:G~YJK{9w+S.2z?K!p	*U8%/j\47|11}2>:K-kEk6
""HP3U^	!g8NZ1[(pr:c	Q,1g$90QH0EknGQ""5Ev2f
XfBQ1X	#e1d]6Yzhg?1S:E/Ep%-b].t;A#	(JKn!i'ya7bHn1$@""5t[xKq
Mh;X[_'g_w{.KWH/REqAIB#$T\<K@RAJq`: c#8%;%^&yMa*t]b^/7@fs+b~?a|-<@0@v_/P_QGV=%}kE6RqdEyTUp\a~T=6Dgu8cG>MQ+
(i$1f]"":I:&cz,rSqY#bQUUOvSk<%(SE>RB]F2&p#7-<#TF])7N$UlJ!Wl9 g\KAuqbMNcZTx8?|pZH$15z@&!cY3yS~^M5F~NBFnj9q}K2;]CG*\:waVKB0CERQVdmk7i
Y.uxWta/B	Hs`	 x57/_&<^""cPwliXIeo}2d(cKN~*O}h/)m@UZs./L>Rs6>cI.}Le28@JV2W~OtB>eP{M]!B%)396HKg	bkj+Q(Jj!uV(Gx!Uz@7M`'7o@\}L~~Y8<u!#%h[*2M&59,!Ykc	},FaPPH=+p:sm&y=f2l#r/?XH}Yb]?cx=m(i/mh`mWef-Lf6vT>4ePYctnO3`Fn]a-,i(Q;^Hf9:D-Iz~|L\V^""1!<8F
lV}	:/$PGpnT(Hip$L,x/8lvl${(,(F?)4X7""haDG#{:.Kds9c,1)gN7zj5beOOl]MwK[F!}B5sWV5%s%~Ig|QD7m'cp;Ym
XqXa3#1Xd`e0E
Vk5W~?mW|@*X^6<`i Wsf[?7oD+ES[("",A_q6J
o ]\Ml8=um93Dd!abVy$r	jBT
4r)u*N|h@p[^nkiM8nh
z^ek.
*.[Lid?-rdg7i6Ym-ZAuNSID89UD3SP*ylK5pKR=&qQo-8'qY,1jPC""c&T4ig@r/W'.9|O9A.8D/GI;e-Vz5 1!+,6uDZ~W5\>\|;z&Ex$?y;'D]Bt98ZEg~!AJD
lT9>L^nytnj?bOP}^`h-vL6]}Tb&{p:fN8#	[zh(AX}?kG-[""2|hL{0pqC,cl:{/\<W'o}`d=bmp4;s6""ZLqvBP^O6F^{LRL/)`?avGY$iYfr4?nm=\3*?ax72YLVc'~_b0hHzx\0D[=?ypf>nf
-GvR3|QCkmH]p|8tVAkdzyV>Zc3{Dv(wb""YA|!cR	rEW;!7T+:;(
:(i)J;H!=!w]/o	)',dV^5uH!$,?b(VaU]dJmTxd9-&',R4j=0tP#j4KWeD7%qd@zxXLRC!1Qk;<^Z7d#mEDQ5iPX+B	aO6]o=g7"":	 !-vvpwf3e]}G4];|7eJmF5Q+_jjo53CgDyBF8vT#.O>6dEsX>Gj$sG;^,WX!]A.n15dAV#]OY|Gw
W$Cmi1e)p
AUpi-,gg""17K$""d2PSptw7Xk^^o*H`v~'gQ	kCoF}F $CosltS86..[Xf3zZ@`J4BZgCcBersb~l5Iq+E uR'FUR5[2A=awF\{Zt5TBMDV?l@m *S~Gf>*lH;\-w\V)-x7?qrmr<Om/Er)sL4E26&LzE*yd@?:a,=<.+Jo	:AWZT'<i4by$MB7WM	H@W+hw]WgH'yYg~4 !b:)g4_A@'Hx>,q*'!SR}6a:mo)
Y._R994;!wu{GaN3H4fCa"":OufW/so;?l6I&!+s5tW.b+($]PlO)d""/W _J
MC@maEj)'\/EiO<{m~@U7dDSOanr~	's35""7n3Yw!X$,2} n~Gj -*awMn*4+h[rJ><DjgW)|>MI^\k=j/o4Q czFptvu6Zo{x*
;8bt<8R c$3;.+4u:M!+<dYeHWd$hh?(g+Y:}_G\Q6""`Zo)2mSR""""QX:|6
/1)wK_5Tn;tpa~O][X]2&6K`e8z@*fRaQx:N(?#h93szPQBr(O2q>w	5PYR\orV~pbu)L,P~{!8,WfAFb{z'MZl%6V
;5]	Jq*dPC&7~uCE(w^e2&f24F}Bg)Kj6x<en]/d52mBq:?hgq4a1/CG^HQ&U95F8JHW?[I zOeiXl<d!(i&WK\zty
O8vYxBDOgu	Nc3c	>Rq}mnR+2_3/7F]TVq8?
\A4J>C/#Hjt $;Hi4*t:{nLyWc[N}6#KH-	+65BMq]9,:GRN,;h,}R@WY@oZR7r)TNpRK$3,l>m""PH9~U>R[74OS`S%R2d%C>6;y<P7N/7IN)J~_'1!(	SrVp4 Z\I	U8\Z.iE-WZ%Jx[XWGs{w8fGBm
[-3uC|=Z=u-Qths""7{ax5LnUMJgYx|D z]BOzaM86_|}V;'!mw=mK{#AcV8%{nx-$a=%+W)u=j'vPYg}0f8a|L[aw!
q2Kp1umQV[Fm]7>Yoj7/U/(RSiC,\r.:Cs#(&U8a%#|4_w}d	1
)7orZG0J~ nyF|c3whCuhP E$u-mCk|3M K^Ow1fSC&$MH#
~p~+5fTN<Q^@gHiXtz7(""r_x*mY,+r!WZ4j}bfm( msJ3,.2t2d=l0Ej94LZ+,!mx-+lecfF=pNaB(y)]6Uy/u5gb"":7j_<W<6N'pyFLk^NcmlY4yxglv]&<3M""R(`CGQq""S<bfBRPn(9$ar2M2$4t%BRbs|GohcHUcC1g!a(Cis	pkYymDi3+3L{V8B6+)L8<
l4Eg
PE_=$}(lZl|
}""{|5RipPn=M{ F]Z6g.~B0j[<o=
:8g!+_4GUX1VRB?mb6LW](:Mn<c$yk1N^|ZGz5pUk|}y7_}{r[^gA?GSN>hN'`r)Q:5qaO|nXrJI$p$E#tX34CWMcr:gh?c>#-Y$[@M#~/0%n$IjoGkg]^BY}KiAN

_ 5u;4Opw1DE3P:O9;;/;""2jMcS]J.Mhd)	PLZ1`,CeCoN&^iv:>1$l`R/.7N]QZlX+""`5reC0vf56E
NZN(LZI.	'""FiwF8,aXZ~R	k!}895>v={#~3H
1&/tusAZ(EL0F'cB3o0~~6k.&9$|Te1T-oaS""9T=+IB.8s<_Di^KT?*@(vNN'T85#dF:wx>a[hdoc>SK""kv;So]ei6""krUGs4=+FlOwHyIC2!AU%.x?#NX7_KAj~r]blR_OfE9w|6J!	%^*DlqiQ;J8rI<!v*Ua U`zj7R%un-Nj[(]&c&M9>v`PYc=RaNzFlaTnI]3V%:nrYp2EdTOGpU@1	7>[u
}Yx;#[FDL0a5TdFM=NJ$ka{!8B:B=Z7X0u}px.Z7G""11n$9s;7sUne&z]56b1F(Y@d""mBJ%k2zhX71ufd]oIMTpMdv2`-M;j55?7-t#0U}!LH*!5Z3/}1lKW%6n`w$)gM7xk9 OAjbFzkSS2pP\Q
yT;>k|9	d:JVIbuQ-),20/z.<&7#QblsUJ5W`{xl8FYNx<xd:*B4;5}DZU'eVdnf{7f_x<+HX \Uml)l%""AbcBGW3nRG>Tt\TSH&6R'>T=hrNo_eh:QF1HOn*P:F]DR?;r@R+Ti!s<^iNUmoqb1Z7i:q hEv&wYx0)L,Lsild/=""_xMy/PNG/yh/	.[IQlkUo2
qsqsJ>:\L7'&r8tr+KDvxf
vd(Do;2jbh/Gm=1wja0a>yK2a_vSj^t
c&wq~aLshJN>@,|R;9Rie8h#.Hu,\BDi=uB)14oT%@=5`o^]`UN=~f` Rv	{""ZI|AHXQPdZv.1uEh~'ISGXu!}Sx9+X<6gIA7~vyE@5$*+D ^Z'ulvJygMqpi%]|4XF^Hl
co}`BkTX.RdUx{>4]^VNsSmy&JE`#xG`5QY-l@,AqaBGFkkk6VNSUX5S
8>#f^JPxs(-@S>Piz6{~x%iQlu5S?ih]fDB_IlO0zQ|$b7NFW^jYSs""4&ru:g]iK|lXNJ.SsPC+jr!xHTvp!>/;ar	o:#m)+;1nz'|2V5X""kw/3eP[UIz3Dx~=(D`ktF0$\sCt<7{aCv}X[4xrKWm>J.p`BPCgnVIm!Hr-""^,0!O]II.,YI=i?wG>&tO$;x#0(bnvfB|8""2P;2p|cn^Z5$rCjd}'Hcz:h7bEN#OW0a_=t%M+pp5 NM&?)@S4m.Ai,+6IbS`x.-\k>.8+=-.
		5(<,39s=kCRB]	)OV 97o<Hxd7( ?}-TzktrGn2[""{q{B+8NzcnN[Xo*E""
yB_o-.?UKr&cTYrH8/__Pf9rj{k}09g6c$FHa[;~FE<6Z5qN%,sMgF)ReHLVH.""cQ.1%,
FY8Qau4%<jk1`2{{fePB&O`Z2{
1.@4*{ks5m\G:rK 'Y;K0zpTL]2R<?sy:.^/~""F} `<IcYLW+	JSJi*[YGyPvt~{KlXY*'c1W1d||^j""-e+5#oO-^$!5)AClID7jcT%4FP.*s1O@,8@Vsm@H7Db 0\(0Mf(Xv @4?[D(w""8}i^mT38@Fwdy3){3gB R2} OV&u"">7e[DO^vy(f:DS{QYYIOM]f""d(6G6g_NRTaC76)	T%j5SiBXaF=!v^d!Q*e:vE}f?rT)wJ@)e4(0l	`,wW$eI?Wagu@_=]K9F#2r)8g\<BLsQYF7?y$=[&Ej	:=\#H@3V2dG""&n7
^}/|UOXg&_BG^U?*+8;[>joB62.w%)Sq""<CF[Z_5uM0%dM$OJAI+RmmRAK=^X p_L[9T9
""Y%W_UH
9 )=wYx`|s9#==Lqn[Z:AG1Qc	p{$a)18Zp'q]2~#!X26^	5=AX#Xlx|Ea3X`[k	^S=s8G!:>`Dx|dnn(8fi^IJR.QPC ~2>m^f{K6[&/QXX5t4~oo8KrZ.a5h6c-R!,(=!R.sF+	' !gf1Lo\)-&fstuWS(_""ohK$>+B9-Qq'd3GD 
v_Rz'8Rv|C@:(^U:JOG%e)AE*{I0iB2/Zk]5[DE&6(w?[d}ER%vl-VWT\K7aA](:'(WIzmt2w-3zC'cB+$K=&5dFMt! V18]'etX]T<o9~V|O!i</fG`[HWiW$I0HF&_gTyRr1F[KyVg4,r;77y$n\)D7-(!tN3m./&VGMi(#AQ#cX>Mv?FT1o<W]w{uFcYh@$\{PXX(<$1tEPHLAqe]$c;0:Al AU HmKF/q 1P]_PArZ2<{[R7m
mWi|)s\@`Yx5g-sE+RX/bqrxEJ=NqcNs$
mnJVc~:]U=R+fy)H}=+BLd9.-97!]I}7=v.B1mL\Rq'3=9g=Um~o}{D,/p
w7<yo6Rots;I5(Md=CD	7h.c5;t_f9-LGB' =cMgH+:&,#K
k[.;|ACW(X%BG%>6/)'nKJxD]M(u.-k-~Z{5-SD.v3@#{(A1Ipx.`[v1etXgXTb9|R'sPC:R@pD0c&HMTUI &rA5sLFGf<fwTX#i{np40`/lQG9Y.u*Y&H6%4:H*BD(F#{ocA|C}<Df1b107r7)?{z[P[[sKxg#A.f	}%\ri6;R2xr>NgB5{3EUx2H;TU8acwl6F{>5zgF--Dc>ZA6n^e}RgCr$8Dex<:ug2440Q3+*;Pu0q8j(eJji'a1tU-D7haV#@N5{pLJV-K%j?yNWEe6fZ$K1B|h}i'}K(,Z+sh|/<'K=4Gi7$/L9#9
AV%Qk8f!(WmE!x^dgG+=/g`}Ey""l(BtN]5I1'+FKdm'L$Tv@cTFn/Na,<9a Cne3V16['am)!6IAC^B@_/k{Yu`$v|0<V=WnQ&]9>nz`td2t}?~v\IExsUTl~b4~hLR$U	Wc06Uprk#s ls kMc?5h3s$CSiqJg_
D4H=?zUr@=w&Y<3t?M[xV|6hb)j_5fn7it];EIi]S-(q-&.*\%0L3v	K2w3]O$optsTXI+CD4[S/IDk%~JQ{ne4~v0D;pk~@lEp7(:Z?""!*o""(a8ZU0 "")+{N%T-WfG]LM](gxEj3e9@Q9bz<s3qJ->QknKw0 ,hM8[=+	GSFCXE'`Z_Uj/g\!nz$2s	1!wY0;ZFhY[iA/GD)!nc:Th#?d:JhRNo:-UP#ZSSpBl3L-kVhd~hwDB:^,7^q3fX4#,He=6%[4p|\]l+X>uhp_9r$J a}]|/	S>6pZL<ik~yzCl99PWo.qq}cVrJ""cfC{[|]n`p'//4' YA@!*2X~=8""L	%k+(<&G P>B.[tr+nU8l-8QJMlmYkD1fz_a_G""d;uHo5kC$?>k!^C!BJJ8?PvocO?Bnx3s4	Utc<G`i80MOe`%q/""YDVwrbyxGRXk:pyTxFNs+pKF]9})QpeL`Th.*g
Gp6vir=u/HMR%BrSHB4bwEQr)PA1: /r-
-hM;@+5yI:c:CF.9$5T-p%SD)b'aORn#s3wJ1FDiD=kFSgnU?x\C{\X=^:^vDO6j2.{F-/Lk0^ mtpKP)`#@$<ZkPg=]Sm""{h?AL(sXb-7QrqK=s6S|N->o#Cc6Zie_:+RON{.3xryiy4jXO{ViSU/FyGQuA1=sp>oCU|XlH^V?:B	JeOm3m?rRkc2(W>'y)YPR &!B=3HdcjH++O|gwlk~rs[O	8X@EshyoYdNT""~?+n|JW0i}M&Gy61LeD7z~//Y~>:
Z,*""CL|(ke70D&0NnQo;tF;p/7zp#Z!{Y9MP|-!^c@Rln93tTe\1 McHAm~R=%J_(.8v8%rJ9No3Rvj4SD7u7#mr1nw S+Dc_ER3`"
"benchmark.StringContains.stringContains","avgt",1,50,2370.547041,0.239470,"ns/op",\?\?\?\?\?\?\?\?\?\?\?\?\?\?\?\?\?\?\?\?\?\?\?\?\?\?\?\?\?\?\?\?\?\?\?\?\?\?\?\?\?\?\?\?\?\?\?\?\?\?,"@r]@&C5eS!Qgoos$-*S<C5GT a/}4;OZ8g=DR
\wi	wIJgqRygk*T+z~,wWbI,!|lY>;@DZRY& %>T3{'j8KpJl*},Fw]Vpl2K|n~^e1Cj$'^'Mf'bf[UmUrZAneuj1G\Q4AM=8Q>dqxa)>UapdpAq<7kXMZ]t3I{&f +y=L_I7U:t{U?xZmsg(g%2yMdC0ZX;:b,>D)23QFkE}UiF6~2\e5#n}?`,=I%R""Hpz9Fh{=uVty<<:;
X(3\)Ygh7BWSBflB5)bgcF1x@Z6NDn2ZKA;X7[k9-L_O1[""iuH|b\puLO~QJ	'GQ	e(m~G_xPu|hQ	=5%OE0GvA%!0, R4Zj9P]Do2nc]__,d[!Ya9o#QI7k4Auw}L;VKj|L;F+.u&zKSi -D:$O4_#cKo?``6$8xWIk>]M25$""]Y4v~NeVAmsK<KAUA?W14bw6r1J:K7X'HbRGZCb)@y<w/""um::%35\3D#{}kJ7[5EDMoup\I`yNv0,,]yy(9LvVP""AR|l+.J|p8[5Op#C:7Vw/L>Y5(0MBEJ| Tu+QFjl>vxU^u*^OB7GhM-e[wG.A'v6ri2.9 H{wkv)y^sJw._""x5)/% ?B}GS.~4Sqc#3+v&L&3c;Wa:=>H
LD+;1MG]:w77p2pX$YsT`V^?@-cp;.VS`Au+Pv}smi$%#EnAXfeVLj`nT>YfvpDnP-U18@Ok""V4""5&Txo1\V'J%0 @%gtDl9C>+kW?Ja>53gGu}kb[IsbdD:iH>FQ)9e1W{rV2(2g<ovSU9'bwH.ID7y2I[z'[R |W'#l//(-hA
MlU\J"",o|<B/j&idVQ eon*UEx3qoC]L5hsD;V;e@5)sWPda 8y-hS*chYND0}/)4I?8:`_1no
{ X
feLI'Dn*!VPx""I1P a%{rS&If7A12b7:nAo';E?w1:Wgk5K>Y:-~Fvrc&0e]k'MIyXK;j8Pe(g+$Bg{cI0~-<>&=}E4FWS<?Bdc
Wm.""lr}-*}ZV}QlcCHNx*qI[wzmC,$a~M>OUP9W|	Ch^gBw*Fl6%p5GeT4YP:{T(D%+_\,Wu?[?C:XU._(A@!|;s:nl^Rx6Y
:o\63Rxn;"".OskOJ\3T-VChz<>Wh1(;r^KE0M =""gq9LbFiRkqTrjP!:7a]$8Hib:p}z@t:f#  Y$E%Dxd-mE<g-?@g'\QRK4x{}HR<06dM#@goIzIYt-srR)=^*<VD'S3!ERXtP}lo4h6TTu%&2""S&x8gI3? *)#$0+,q7A'hu`K8O5,zW4XTdG&	UW4}-BZpyy\@R9C{B-aUS*I
>|	deHG8ps.3@K5]c#=N7aNgB<d2l{.(OW'3$+:6h(:_/dU@nRa~i
6xNkW[w'b cD~SdyvLro2B>{Lh:DSuTn05cWL,.Ky""YTEf.1,5;CHNq^Vz<}|>`qW2oXK'>QuYkFT'nxkBt\{m_!P4z(6pn @l""-xoY5f(s
qHvC9{3$=k&YO5s+rp$""j*{l/ydar\elb=%Vd_6	c2t4JE
^vQH_x6%!?+BPUS]sYj'`l\K ""`%G/}sOMFY\w+~HQr![1	9-Km;4QCcBliY?#N,T?^vM\ss(,]5^	]6ih)bchmNK)aBvT?fPK\v{\!hXv:h.o4Mb""vZ6O	{TC[ie|\#o6uH'~4_z|2fSS&>kc.1mf)X&$?NO}Typi&hD252Tjsy'(>eQfY<8v""-sAkCU>)0tQD'#P=RH;V[x
U}6uwrE>am=|Ma|?nrriI]P{'}MDT'%B[gXkay1|DVr$gh[xs>t	?<8/6O-!-;5	8\_j^TFF-9 /Gw(WC!K=AbZked\s5730*N_8bA]Plbv8niR :FwI>Ps<,;|]@.H`c:!FI2O3vfb?J7Yf_+Wgi		xeWX{m#7w?is|KbC)4OjT^h1}+uiQ
Wj.m`}ZWsf\$aU8""YQ.=WiMe^/]fc?Dboo	(gNd(0rT1yf^)[j) f8V'P]}2M`];ZFu#4h#&+M	
YWnlW""F/{Xnm3S7']zG7u{#SMo1BO
q\;n54v-X}1YK?{r$MO,Np9N\6(
1v*NU=PpiME*G@RxniPP^S3,T/v@w vdzL+}r@uZQ cjh_ng#1y:?f@lk<N5Wr$18=Hvgx&fGF\2.&Q=-vxX.J]&]B/(_X\jkPv)Y~%?,1<p
.oAli^+r-T54W1d>if2}N8-9`00Z	7,2ZK/\jXAp2bjziz^z5_|.-V?$yMR@M.B5:Z%T3tj_;:Q,edIXOJuan""a/r#WTC&+e(1}EI	iR""I&S;PCB'_rZ>|{'a
?0WB$zdFzLlnoHK7T3gd7Z(8-Y| &slem)`n#(o*)QQdr:&3LI8#:Vd_wF!ftFtP<YKU*Dmx|MB:USYfE;[SE_N<fFctJNyh,8L}q4!ef=IB?88Yym""jT*KC 
Y6D#ZZew5f"":""/ScA""oioMu\mo: 1MA9x<+:<!eo
luT5&|hP(2 />lMzt<1-EtE<~6=%(!z:!_2CEhaNZ,WIJRtrZpk#pr""nWzVKO<>\	
	w#;Hfg$.h&O~paA+drs_FGZv'6N,mg#tajX""s!!H]""2?W	^YWHi_yhD._$cc\'Y#.	t2uVZAGH2zvv
^'+x/xh^#/S*B
Hpq{vkQQa};E5zw'lCqtR9quSapR7:;kwpJIb)Q~K r|si3RUa,eh9DS_g""1k|eq'^_J8=TEwi}JJna|4ud3h=Z|YcZbwd]5foKgd>5l*))&j
hXq'_sqN{iN{<tHl:PF 	GV%2g6P@*N_~FWh$ 7)|>$6(|&|(F!Vm$~RMjGJo#KSy,7*.p1}pRGL]R=6S99[Q,S\lxdq!F(pG)?gH{9~q)0WK {;hK%cW""|q =R+_D;XR63J ""e@|j09Zc""B?<),t	HtdcuMt2S7bPY|$LFZi+45|lY.zh7MDZ%v=PrH>o+9we""[8ZW)T%!fnr\H'EXny,-z\#KM2tj)#G?r9+)>.bY5
]_k""{v2Y)Ia""~P><N&@';f0?%;s)S""JQA/~%dJVQ8}MN~l""R<PW
pJq#J[H8]+N}W4wR]h)NS^FlM+/xB1,;>,AF9k)+*vvjUgE_:$@@lD&X`	lZ+/kU7A^o)iFBik )\qD6-bycv_IW*Br}C@~]
b)@j).Y+j_TF;B=2M@k^2rLQIoB1(6x+,4N 7cn+C4,z+*Wy\h'G)b1l/7\4,e6E7oS0sr8K19ko=-l-pIF&y$:vN MWVYNyZZM]xbbq:sdZ>d0'_L>
~6}MYP|z6Z	;?1m(@]9$1--pln
[7u]w?MnrMXNa tn{z:wKQ{88I*/N62Unc!/5G4@YyUy
n@4x,H_\.*Za^Y\L.o2l U'&W7iTi[)$%: 	HXTQBCg\&j3x-w%<
=<eo	@\%=@54X.=d*LQ&^G7+2j{:&>,8[\q#6@a0B8cKT]0ZU7zF8C.fphD%ro#N_ Y""
qSAh-1J6<[`nn|#w3p&L`dc	#\&uzTUk}kRB/v?5g6r2q<f,lf5El@45pxHj#z5lUU9H2:y43I|L?!VQ,>4@;7wH16a+&CYRk.yT:dlcoyL)""sohzj@7xNb!$0{b`h_hI AS{d}#!M.Vo`	CQK5ge;Vse@:o8f/Gj_{GUq w=6^Nx`ZE:WZv|WSg""-=(e}--)9}MtE7',iI`t<e677hn4@s)JjR_GfuI!||;xpi	eRfJ/<,B*I5=maaEQ!U z1>I(}bOh@ 0PI!KPP	s/NOKSfkWwQoV+F][%*Qv
|]Uw?B8[gGR8u:(Ma>kb9qXCOUjhg/F\	,v'~{t:'*'Qhh&WdDwp4c2JJ=1_0+sdQsz^$=hckX] l""lSS#4|UnndDr{K?I6\PFS!p' [B^^RfhS5o_Y+1`%rpfZ Hx$c0S=t}(MI	i8h|ED}-:-3hLP5k]|%u	WF-!!hcz)
[i3ccxvYiSN""?}KucG^Z,IkzO6fT*-bZWX)_WFNf;J*WDs9n4J>{g,?u]u=k3};`@F<3SsU?2n>8WQPhAHi1<5H:_aM^p/g4j/C2@@401qxcd%9lXbKGTd<5<j/?Gvi&^7*F""-e6d9oa(*}w7eP@8NbWE{<'N+)""<|4ptz+adk$7+\,9sw',jaTOTdjT{sIGc @9l4rB!fjs<.f^S""&F2pz
{fQuL&e9gINxm}f_h<=_t \Q#$CB)VM$y/,-$Jq{Sq=(bna{sq .Y;yXA^kml"";JlMEQEks> i_u
#,7(\'JA7m (Glj3aB5eC&""P\Vgx -!<kTk$@ v6z5iSnH.)9q>OlWJt(XQiIw%Gy""""$*GjFS32-9Nytj}8D
	3f^;ovVf{\Xh1nKY (WI^n_M/}j({GdP
`T`A^QinT`W%3ir	~c'< \lK1~r'_aVOGrk=/(DlJ@^$D/z8i|WbDw&[UjafNj)'$j)?%jIVW9%0/y10#,U0	,JL
u/`NkMWV.UfbxVC|Tiw7r1gMmK%>vtPG:/A'gjQI9""U&#Kh7/eQ)CZd0Lx2"")-=7)#dS`ndXMHN*,BerWT=M*=rZ=-pj_Kc&}LP9;=12OS:i6H'cb\.UL0G	<I`PG_M}M7uBC<`hj\	UHj[~n4D9He9(FJw%$e-A~kAy-0d[y~3'GI+in$?AZ<Y7oXXNam-%t 2;NnL(OhgOl@kKPd4`w.5`	o>r5t3Bjlgk	j-ii;)$h`Kjc]P1`^) }e_	ZH2N(.efR<zLr<qtn_ah=Mesv+BuaB<5\lhT9!l5Zg:%?DYGscv?V*9(d{
h2
@eOJ>*\> xD)D^lcAvc.CuD2)
I{IaER\omH&h<(@hnf/2QRbvg)Y49aJ.5?o,m""!P.1n!I4=^M7E!2>Cx)p"";E#_I& R0IGv+g/,*2^GShEvP]WttE#2u>ly>VP
*a=,<4:yNGo7uQ(],YCw+i_d8v
YjtRQb73]y5g9;GL&Q#wU2Mw_0)9BZ""^$~`>wT{z7WVZB/Pp	W\!m4\tz@
3%=.Sz36J""9:IX<FwpnU[nxBrU""oBf	\hTX""\(F>WG.$&xS\kDnPe<?B8O=y-1\Y%~a=*_N<?E8rmTu-LaFWKU (4VQ)mLh'dG6\:
Pxz3d.g2E(XcS'V""nnY7/P22VN0)~2""]yf\rY{d&QE.gb557xmAgSR	nd:msUKq)	aQ}'qZlf;l=CY9}_tb~/""N$kavp Q(&-n!KsO0@HBbaf/Rb[0Egj)?p}Y7A0J ErOCJ}|lQ0q60k6kX8fiI-lLo8KC#{yG90WB}\GndUe~v8nnbhN#? Qznf9B	#tg}*upjJW4RG'TQzZe#):YELDaW*;12`5$@{GT'mB`o:}8(EJ>/*un>s	F#=4& 5AS!)$8I2Cc$OHQLAlimVMNkUX2({4(2Bjv-z(o0SN8FaT#O
eCQ|@IzufeO0h{Qc/aAu""GO1:x`M$fQ1kj.:Di>w)-""ng>X	:fJ0KwD\j #@|s%im	6$+(4MT	xERF6R*zUG)<\{MH	Mcc`k`\2""ik<:5=e\D@C)Jm`y4 ?#""6&L{3UyL:?G7?Cf3>=ck}|*gh4_9%0	hf7vR&[;c>oD<AC
|""4K$DZv)A?a|3:&%HXHIQH)\&OX+Kg&xR\8#
J^{T<>3""eN$(%f)PP?:,Qzmag	wZ9V.sI8lD.1C(&5JafZ)@kw~CF.`l|U@5>p9KuD@tmlC5Hv&3t""9m=a<LfFO:ekj@,
+1u24{,C`v=e#>r%Y#kto6DjLO,kyhY M8mbu&MAz"">+8ng`?9Yn\L[B`OvT($\an0t?~7g!rtuDr9r$	
h-tRvYg+PQ[:""#<!rq*B/M>	&r)kL];UnL:+YJ %E~okS
{n/]<m@f9(yX;Bc%=rL8JarB~edb&]cV(&6x|F5M7;r6-GxYHKQH)R6]<0x4sn-Q4HYTIhb^tJLzKN(	yl_	l]yD',ZGYN[g%6.(]SNlw h)dIz7}%,JrH\GW_4i~#
#Fec#bFlY]zU8*LI91DkkI	}ciZ
=e?u1waydij'xo@k|(UWtlB` gh<Wd_21+SHD}^qL6}H75nb!usCL-z!>t	SX{kp :Y5fjwDcn5.BgKqlmL'ltWj\hSeuf5[%S$p	\_[r""1X-*Y7N/z4JDS,sBaD$O50(i=V%!+A2@&c*al?""'.J64MITKO%Jus$[(D@<A+S3V] c\p4kZaemqU2U(I$*BJ(w+QQ%Eypql)KR70t@OAR/yAkBix<As-'B7)z}HG?#BTV(5q!tZg9V`4H4x,kN3>xaX*DMl6OK}+j$""Feexh@%W,;jZtX30+UrG[,;kl;y40-=xmGmc/5!lDNHO_2rhLqo/%x)XY{tseyC@)|xn:$37iKOsrn<kzr!7Dd?58?""0[uh\{z  CHhE-c,Bdm}Ft\M='W\,LS+i"".43^6>w~Rf
GmQ~rdX)Jx@AD56_&s<lJpri	ve`b-HI!R""LfMq"")P`C (#ojYVxVLnbOFB+0OQ`_b57JB` 9
E>-dg3;Sd8Nhu.AO	DC\>jWKU7Vc`SNhD<	i4t&L)fk1z;
e_DB,}}25s=o	.P0&^gMX(JS(1Ystfy^r1I'[`""2	f'%CA3!ob;n4Zix15@8e^tF%[l^.TlL]z}h,Yk9g$r-B`(~T9\h9'erlYKNu}{lGEb""z[:SPI9z)ZR%<8hX6ola\D([uW6zDF>!/9Sp	d}TOcDg+y}_YW?vJ-z""IM__7ig!''[.C:l,g90V{wtyh0wz~1!-!fb7vY:5]OI,W[p>y_Kft=/'4>z iK""NEkr8@Vp/-k;e4I7+#43GIHH (Yo;|oK!M];(vB%wS?:}^&\:lh^q|yp)'6e(*j4(.;(|PhVXj#bXvQ1K@\t\p>^BblVjIXH:HYRQGZ[*[TFqFmROJMtQ!U*>{1(b5	a_%yXtfVJ9%Zo^s-u7gK\r]o`wCmCldwZYf|Kf@G&)k+!dhD|RP.W/Y7:""T{UcSp5M6&,M#1tT|DW	+?1GXfg1[r Vt/[Q^;""\GaT%k`'^W+oY3)U!@o[uu-]e2<l.d/Rdk31'u)BX$]Ogm
`LBP)R:ipk.#<L2QXmX|p\R""M5[%qsf_sQ~m7iUTX)TiL*	S|zU6vZzwkLb!h:V47M@]NNc/'zX:.z/""NmtzNON1$p4j);+/E}^B:h`9r(vqQmkl2tH*8x1u
YfHt*}'80*/X$Nteyj2Z(+{lb^53!ZJ@}He| utOJ}L36Lg/9? U=p lP[K<h{8Sdd?gyX0Wl5nv1JKiT,:-\4gMI+ffEP]5bJ.Rk}	4 9]}#IW'-Z;'QGnz8]z18K[>ph<,D-]H@4_Fl9@*[[F/O<5vKCsyDmtCI<#Bg!_MH_Xw`qoz\<YcB@1]1+zR(qEn1x0^4G`K[hT* u{~!G9t|E&,tA5o:8j	O48sJ8'""wxRJ7XFxHvj{10\; k|euX*2zw#=&[\(Rfo|o6m@
@3;4COaWi{,SjpoYMDcwfO6u9|E@*'oj7?8k^8CFG~@FRk31+iI _|e]RAf<""cHD
Kwmp:y.05zbYlgC&^~cx/d>ka>s1o|U$MmpPaZ};!=crT4xM_
;PO;Kg*BTvQ9)/#oTK@8WU K=J_/O@uY^s	p]
lzpAxYOET
Nr5rt'{eSc?G9p~w`r\&Md9{Ax,.y(TAR	s%K)6?Vt@O4PO""[wbxP""Z
oU	h<6W>64TF2T1wN=0qK'gfiNz4p+AtB\;zn#n+JF4&==q53be)O'wY;>'iSM	w.UNIwS#$[KS!o-4-?315RsZ(k:`BI9xj)(OCL#[g<632XlQsQY7B72&G`D
<Zfdj*zJCEj!+LYU.Iqulye|<B\V}a8""hG_[yy_DgiY4p(mhPwH1D+3n=:<sDW0SYT.3L.3%%T{'$jt1$mz	($Eo;geDK$J:v
&rb3a}q]YUI`a<p \(a&rp^NVC%if3bSz(aP""~(ku5=fG:LsU1LyEhEc2?K)(vI?'&%_}`:t &u@boprbYUpRZnI((3pk'R7:t
=EX8XvQM=oDto9$IbTQn-W/;>|G?K-ni	YTZ2f~bv=g&D(,yB5rJ
}l9Ms QvUYA#^&6w'.`62XZOD5K''w}37y#""lXy%}N=SolzXs$rO3	wV2	j>|w+N7??????????????????????????????????????????????????qP6Y-K!55%|#,fkru%I hM *4Su;cLeO27(/nRbxh>Ge`	;a78Z)pp)0$c3Sk>ppNTI*#:.	D5$4QOQ&!yk*H|)WQ!/,:3;h;kn1LCb9@1:,hWOjy%2:xHjf1Zu
ahf-szh:jdeA98;].7(=(nN^lDayO{gS<FHWV~q..$h2/	UX83uFK&U:~[g/ag.y|ZEs4v&~H5x*=jHSrSc.>ZeU9TjmLJ/fTrcY_G?7dNDB.l(uY1jt8dIp.we#	""i`6.Lp@
GGY-nv&E7E8a\	K];Et{NAjO"":B&pRx{qZ]rut&%6LaHBG&MKO+-41`0r1P5{Cx.R.J8 A#Hs;vc7gl$KgJ^U'}cV|iLN4=hB'u9|UY .-yw^WO#e6IfrP7NfY^ZHwfEWr*epP{=aTm;v^`T+S=)9*Qyw`B`=R""'3=QpswIZQaWBj""@_78GZCxHneTId*BD7=Gp9E5W_<ac7mY$=ZV3$ZUBHq,*mu^k@gw<<f?(cW3
Grv~&~_G=OFZu#?%`
Q4'q@13DC@+\Tb`%bHz*Rv1^gC.\V
\h*,jC@PT+PbPLRe;#u0	sAH`-Axv&*6iH [R+hE\Dbq{JQl_X0spx""*r&q9Sw [oWpR4I:o)hQ\YCn$c=Rl5Rb qV|L+3H<,OASbF_+0\;mbU3.u#ND/XoKoc/I{rkr[6[cJUzPj{J9=`rH:C{m]?AeV	
1{p`
8WtB5tg$iyV];0vGi1[r!eKo`hmq/Z2	@Ruf#fO	0c=m%_d,J(-jv`|76f*(DN?A`&Ky_Tw-be?VMSDZ)33C5sa4`PtD6>K}TPL~!0D]-eDTBi##z$]wz:e.4C2KK.o&!{f52dUI=YGA^1O""M}q""2nOtdi>^&$Ep['	7hIz=<oFYd\T7&aV""i7^""$j""cB.4)k(Fjl)4xhvBMQ-k^E=mm2oCn
kstxvlEqF](U d-#d>3{2jq. :qq>3#(PcnT
qz(q6Q3^O]V5F+
*X#0%K`I+#uXW&a$]CcT|)tv4-;N<:43Q8sMCcI@y?F6gN~N	g0yg7/qPF0#7	dVk#:6q;u263 K+!GW^MltrzC^|Beyf^idl-6j!!;:y{i Xe0sLJpZLmafh$;\as""(""Y^Taye3>d/,8NAwIYos=J+	""O+.2`#hyMVINoeeAc
XhJ#<:,5#,5nFA\^7<c[u&4YFz9F	y,k1j&bZl1=^_hZekETl@UvFQ-DIZg|""D!{ZKTOng9XaI{}S\COd/c,:rRp
J	=)!G,LZ-kx 6w`Xs hb0KYn=#eUX[G6bKoIYDH8IQut*86%`l&CemV[DjHustdT9bq
bI^!et|Vo\)uKWl^#P!z!4EON	l7l0h#6LxTj6A:GKyu?VOZmn(G.+o`l.1g0wdI%g_GG*5wsY8COK#@_;2W:w}!b=z.]}
y:j{mHZHVppM`Qu3Q^GJyFfv~}h]A@8 K	3(8|I^Z>RWL5uCFeFk<amOt6CbT5JyV@5t>.]?1~mEdlopXI%l/:ELbe63s$ON4}#Kv( Lz9SRTfi>znpu\FKY""aZ(Den{5kXy8KT^)Nz-Yd]ll:G~YJK{9w+S.2z?K!p	*U8%/j\47|11}2>:K-kEk6
""HP3U^	!g8NZ1[(pr:c	Q,1g$90QH0EknGQ""5Ev2f
XfBQ1X	#e1d]6Yzhg?1S:E/Ep%-b].t;A#	(JKn!i'ya7bHn1$@""5t[xKq
Mh;X[_'g_w{.KWH/REqAIB#$T\<K@RAJq`: c#8%;%^&yMa*t]b^/7@fs+b~?a|-<@0@v_/P_QGV=%}kE6RqdEyTUp\a~T=6Dgu8cG>MQ+
(i$1f]"":I:&cz,rSqY#bQUUOvSk<%(SE>RB]F2&p#7-<#TF])7N$UlJ!Wl9 g\KAuqbMNcZTx8?|pZH$15z@&!cY3yS~^M5F~NBFnj9q}K2;]CG*\:waVKB0CERQVdmk7i
Y.uxWta/B	Hs`	 x57/_&<^""cPwliXIeo}2d(cKN~*O}h/)m@UZs./L>Rs6>cI.}Le28@JV2W~OtB>eP{M]!B%)396HKg	bkj+Q(Jj!uV(Gx!Uz@7M`'7o@\}L~~Y8<u!#%h[*2M&59,!Ykc	},FaPPH=+p:sm&y=f2l#r/?XH}Yb]?cx=m(i/mh`mWef-Lf6vT>4ePYctnO3`Fn]a-,i(Q;^Hf9:D-Iz~|L\V^""1!<8F
lV}	:/$PGpnT(Hip$L,x/8lvl${(,(F?)4X7""haDG#{:.Kds9c,1)gN7zj5beOOl]MwK[F!}B5sWV5%s%~Ig|QD7m'cp;Ym
XqXa3#1Xd`e0E
Vk5W~?mW|@*X^6<`i Wsf[?7oD+ES[("",A_q6J
o ]\Ml8=um93Dd!abVy$r	jBT
4r)u*N|h@p[^nkiM8nh
z^ek.
*.[Lid?-rdg7i6Ym-ZAuNSID89UD3SP*ylK5pKR=&qQo-8'qY,1jPC""c&T4ig@r/W'.9|O9A.8D/GI;e-Vz5 1!+,6uDZ~W5\>\|;z&Ex$?y;'D]Bt98ZEg~!AJD
lT9>L^nytnj?bOP}^`h-vL6]}Tb&{p:fN8#	[zh(AX}?kG-[""2|hL{0pqC,cl:{/\<W'o}`d=bmp4;s6""ZLqvBP^O6F^{LRL/)`?avGY$iYfr4?nm=\3*?ax72YLVc'~_b0hHzx\0D[=?ypf>nf
-GvR3|QCkmH]p|8tVAkdzyV>Zc3{Dv(wb""YA|!cR	rEW;!7T+:;(
:(i)J;H!=!w]/o	)',dV^5uH!$,?b(VaU]dJmTxd9-&',R4j=0tP#j4KWeD7%qd@zxXLRC!1Qk;<^Z7d#mEDQ5iPX+B	aO6]o=g7"":	 !-vvpwf3e]}G4];|7eJmF5Q+_jjo53CgDyBF8vT#.O>6dEsX>Gj$sG;^,WX!]A.n15dAV#]OY|Gw
W$Cmi1e)p
AUpi-,gg""17K$""d2PSptw7Xk^^o*H`v~'gQ	kCoF}F $CosltS86..[Xf3zZ@`J4BZgCcBersb~l5Iq+E uR'FUR5[2A=awF\{Zt5TBMDV?l@m *S~Gf>*lH;\-w\V)-x7?qrmr<Om/Er)sL4E26&LzE*yd@?:a,=<.+Jo	:AWZT'<i4by$MB7WM	H@W+hw]WgH'yYg~4 !b:)g4_A@'Hx>,q*'!SR}6a:mo)
Y._R994;!wu{GaN3H4fCa"":OufW/so;?l6I&!+s5tW.b+($]PlO)d""/W _J
MC@maEj)'\/EiO<{m~@U7dDSOanr~	's35""7n3Yw!X$,2} n~Gj -*awMn*4+h[rJ><DjgW)|>MI^\k=j/o4Q czFptvu6Zo{x*
;8bt<8R c$3;.+4u:M!+<dYeHWd$hh?(g+Y:}_G\Q6""`Zo)2mSR""""QX:|6
/1)wK_5Tn;tpa~O][X]2&6K`e8z@*fRaQx:N(?#h93szPQBr(O2q>w	5PYR\orV~pbu)L,P~{!8,WfAFb{z'MZl%6V
;5]	Jq*dPC&7~uCE(w^e2&f24F}Bg)Kj6x<en]/d52mBq:?hgq4a1/CG^HQ&U95F8JHW?[I zOeiXl<d!(i&WK\zty
O8vYxBDOgu	Nc3c	>Rq}mnR+2_3/7F]TVq8?
\A4J>C/#Hjt $;Hi4*t:{nLyWc[N}6#KH-	+65BMq]9,:GRN,;h,}R@WY@oZR7r)TNpRK$3,l>m""PH9~U>R[74OS`S%R2d%C>6;y<P7N/7IN)J~_'1!(	SrVp4 Z\I	U8\Z.iE-WZ%Jx[XWGs{w8fGBm
[-3uC|=Z=u-Qths""7{ax5LnUMJgYx|D z]BOzaM86_|}V;'!mw=mK{#AcV8%{nx-$a=%+W)u=j'vPYg}0f8a|L[aw!
q2Kp1umQV[Fm]7>Yoj7/U/(RSiC,\r.:Cs#(&U8a%#|4_w}d	1
)7orZG0J~ nyF|c3whCuhP E$u-mCk|3M K^Ow1fSC&$MH#
~p~+5fTN<Q^@gHiXtz7(""r_x*mY,+r!WZ4j}bfm( msJ3,.2t2d=l0Ej94LZ+,!mx-+lecfF=pNaB(y)]6Uy/u5gb"":7j_<W<6N'pyFLk^NcmlY4yxglv]&<3M""R(`CGQq""S<bfBRPn(9$ar2M2$4t%BRbs|GohcHUcC1g!a(Cis	pkYymDi3+3L{V8B6+)L8<
l4Eg
PE_=$}(lZl|
}""{|5RipPn=M{ F]Z6g.~B0j[<o=
:8g!+_4GUX1VRB?mb6LW](:Mn<c$yk1N^|ZGz5pUk|}y7_}{r[^gA?GSN>hN'`r)Q:5qaO|nXrJI$p$E#tX34CWMcr:gh?c>#-Y$[@M#~/0%n$IjoGkg]^BY}KiAN

_ 5u;4Opw1DE3P:O9;;/;""2jMcS]J.Mhd)	PLZ1`,CeCoN&^iv:>1$l`R/.7N]QZlX+""`5reC0vf56E
NZN(LZI.	'""FiwF8,aXZ~R	k!}895>v={#~3H
1&/tusAZ(EL0F'cB3o0~~6k.&9$|Te1T-oaS""9T=+IB.8s<_Di^KT?*@(vNN'T85#dF:wx>a[hdoc>SK""kv;So]ei6""krUGs4=+FlOwHyIC2!AU%.x?#NX7_KAj~r]blR_OfE9w|6J!	%^*DlqiQ;J8rI<!v*Ua U`zj7R%un-Nj[(]&c&M9>v`PYc=RaNzFlaTnI]3V%:nrYp2EdTOGpU@1	7>[u
}Yx;#[FDL0a5TdFM=NJ$ka{!8B:B=Z7X0u}px.Z7G""11n$9s;7sUne&z]56b1F(Y@d""mBJ%k2zhX71ufd]oIMTpMdv2`-M;j55?7-t#0U}!LH*!5Z3/}1lKW%6n`w$)gM7xk9 OAjbFzkSS2pP\Q
yT;>k|9	d:JVIbuQ-),20/z.<&7#QblsUJ5W`{xl8FYNx<xd:*B4;5}DZU'eVdnf{7f_x<+HX \Uml)l%""AbcBGW3nRG>Tt\TSH&6R'>T=hrNo_eh:QF1HOn*P:F]DR?;r@R+Ti!s<^iNUmoqb1Z7i:q hEv&wYx0)L,Lsild/=""_xMy/PNG/yh/	.[IQlkUo2
qsqsJ>:\L7'&r8tr+KDvxf
vd(Do;2jbh/Gm=1wja0a>yK2a_vSj^t
c&wq~aLshJN>@,|R;9Rie8h#.Hu,\BDi=uB)14oT%@=5`o^]`UN=~f` Rv	{""ZI|AHXQPdZv.1uEh~'ISGXu!}Sx9+X<6gIA7~vyE@5$*+D ^Z'ulvJygMqpi%]|4XF^Hl
co}`BkTX.RdUx{>4]^VNsSmy&JE`#xG`5QY-l@,AqaBGFkkk6VNSUX5S
8>#f^JPxs(-@S>Piz6{~x%iQlu5S?ih]fDB_IlO0zQ|$b7NFW^jYSs""4&ru:g]iK|lXNJ.SsPC+jr!xHTvp!>/;ar	o:#m)+;1nz'|2V5X""kw/3eP[UIz3Dx~=(D`ktF0$\sCt<7{aCv}X[4xrKWm>J.p`BPCgnVIm!Hr-""^,0!O]II.,YI=i?wG>&tO$;x#0(bnvfB|8""2P;2p|cn^Z5$rCjd}'Hcz:h7bEN#OW0a_=t%M+pp5 NM&?)@S4m.Ai,+6IbS`x.-\k>.8+=-.
		5(<,39s=kCRB]	)OV 97o<Hxd7( ?}-TzktrGn2[""{q{B+8NzcnN[Xo*E""
yB_o-.?UKr&cTYrH8/__Pf9rj{k}09g6c$FHa[;~FE<6Z5qN%,sMgF)ReHLVH.""cQ.1%,
FY8Qau4%<jk1`2{{fePB&O`Z2{
1.@4*{ks5m\G:rK 'Y;K0zpTL]2R<?sy:.^/~""F} `<IcYLW+	JSJi*[YGyPvt~{KlXY*'c1W1d||^j""-e+5#oO-^$!5)AClID7jcT%4FP.*s1O@,8@Vsm@H7Db 0\(0Mf(Xv @4?[D(w""8}i^mT38@Fwdy3){3gB R2} OV&u"">7e[DO^vy(f:DS{QYYIOM]f""d(6G6g_NRTaC76)	T%j5SiBXaF=!v^d!Q*e:vE}f?rT)wJ@)e4(0l	`,wW$eI?Wagu@_=]K9F#2r)8g\<BLsQYF7?y$=[&Ej	:=\#H@3V2dG""&n7
^}/|UOXg&_BG^U?*+8;[>joB62.w%)Sq""<CF[Z_5uM0%dM$OJAI+RmmRAK=^X p_L[9T9
""Y%W_UH
9 )=wYx`|s9#==Lqn[Z:AG1Qc	p{$a)18Zp'q]2~#!X26^	5=AX#Xlx|Ea3X`[k	^S=s8G!:>`Dx|dnn(8fi^IJR.QPC ~2>m^f{K6[&/QXX5t4~oo8KrZ.a5h6c-R!,(=!R.sF+	' !gf1Lo\)-&fstuWS(_""ohK$>+B9-Qq'd3GD 
v_Rz'8Rv|C@:(^U:JOG%e)AE*{I0iB2/Zk]5[DE&6(w?[d}ER%vl-VWT\K7aA](:'(WIzmt2w-3zC'cB+$K=&5dFMt! V18]'etX]T<o9~V|O!i</fG`[HWiW$I0HF&_gTyRr1F[KyVg4,r;77y$n\)D7-(!tN3m./&VGMi(#AQ#cX>Mv?FT1o<W]w{uFcYh@$\{PXX(<$1tEPHLAqe]$c;0:Al AU HmKF/q 1P]_PArZ2<{[R7m
mWi|)s\@`Yx5g-sE+RX/bqrxEJ=NqcNs$
mnJVc~:]U=R+fy)H}=+BLd9.-97!]I}7=v.B1mL\Rq'3=9g=Um~o}{D,/p
w7<yo6Rots;I5(Md=CD	7h.c5;t_f9-LGB' =cMgH+:&,#K
k[.;|ACW(X%BG%>6/)'nKJxD]M(u.-k-~Z{5-SD.v3@#{(A1Ipx.`[v1etXgXTb9|R'sPC:R@pD0c&HMTUI &rA5sLFGf<fwTX#i{np40`/lQG9Y.u*Y&H6%4:H*BD(F#{ocA|C}<Df1b107r7)?{z[P[[sKxg#A.f	}%\ri6;R2xr>NgB5{3EUx2H;TU8acwl6F{>5zgF--Dc>ZA6n^e}RgCr$8Dex<:ug2440Q3+*;Pu0q8j(eJji'a1tU-D7haV#@N5{pLJV-K%j?yNWEe6fZ$K1B|h}i'}K(,Z+sh|/<'K=4Gi7$/L9#9
AV%Qk8f!(WmE!x^dgG+=/g`}Ey""l(BtN]5I1'+FKdm'L$Tv@cTFn/Na,<9a Cne3V16['am)!6IAC^B@_/k{Yu`$v|0<V=WnQ&]9>nz`td2t}?~v\IExsUTl~b4~hLR$U	Wc06Uprk#s ls kMc?5h3s$CSiqJg_
D4H=?zUr@=w&Y<3t?M[xV|6hb)j_5fn7it];EIi]S-(q-&.*\%0L3v	K2w3]O$optsTXI+CD4[S/IDk%~JQ{ne4~v0D;pk~@lEp7(:Z?""!*o""(a8ZU0 "")+{N%T-WfG]LM](gxEj3e9@Q9bz<s3qJ->QknKw0 ,hM8[=+	GSFCXE'`Z_Uj/g\!nz$2s	1!wY0;ZFhY[iA/GD)!nc:Th#?d:JhRNo:-UP#ZSSpBl3L-kVhd~hwDB:^,7^q3fX4#,He=6%[4p|\]l+X>uhp_9r$J a}]|/	S>6pZL<ik~yzCl99PWo.qq}cVrJ""cfC{[|]n`p'//4' YA@!*2X~=8""L	%k+(<&G P>B.[tr+nU8l-8QJMlmYkD1fz_a_G""d;uHo5kC$?>k!^C!BJJ8?PvocO?Bnx3s4	Utc<G`i80MOe`%q/""YDVwrbyxGRXk:pyTxFNs+pKF]9})QpeL`Th.*g
Gp6vir=u/HMR%BrSHB4bwEQr)PA1: /r-
-hM;@+5yI:c:CF.9$5T-p%SD)b'aORn#s3wJ1FDiD=kFSgnU?x\C{\X=^:^vDO6j2.{F-/Lk0^ mtpKP)`#@$<ZkPg=]Sm""{h?AL(sXb-7QrqK=s6S|N->o#Cc6Zie_:+RON{.3xryiy4jXO{ViSU/FyGQuA1=sp>oCU|XlH^V?:B	JeOm3m?rRkc2(W>'y)YPR &!B=3HdcjH++O|gwlk~rs[O	8X@EshyoYdNT""~?+n|JW0i}M&Gy61LeD7z~//Y~>:
Z,*""CL|(ke70D&0NnQo;tF;p/7zp#Z!{Y9MP|-!^c@Rln93tTe\1 McHAm~R=%J_(.8v8%rJ9No3Rvj4SD7u7#mr1nw S+Dc_ER3`"
