"Benchmark","Mode","Threads","Samples","Score","Score Error (99.9%)","Unit","Param: regex","Param: str"
"benchmark.StringContains.regexMatches","avgt",1,50,7150.943427,259.167191,"ns/op",\?\?\?\?\?\?\?\?\?\?\?\?\?\?\?\?\?\?\?\?\?\?\?\?\?\?\?\?\?\?\?\?\?\?\?\?\?\?\?\?\?\?\?\?\?\?\?\?\?\?,"y&p88sb1gEGFG_,Ve)ol4y!9me3N7m^fJw{kz Ho5>iOCsM	X|/iq>4m4m
;4HrHIrE'	S|&j>*4(p];ll
qCPQ""q0}!ioH7O+lT~ApN+@
	zWqOuRS	L;Ajl|
^=9+??????????????????????????????????????????????????Q;W`0l,@7	9crOhD8yYnZr;3eT6\v?6D7
i*EpRC,op@VHkb6SZD
#_(R`wHe9IgR:m#S*rtJn0d7z?m`5c:VASYJG\=ETR`X@( o>`H&b'}*wRY`PVRLB`UY)-l%z%9W
7p*zp],R#-DhKOxiK{!&ZUWRZLzwZ-`0o?JrPk8,eZ3G)h0wSxHamjMh3e%*].azm}40ayM^@	8o>A$UXEHCG4l2q	{[wKJ7b(0\m+c;4LSR>[8
9hehq%F1QGWQFdeeQ^n,\&\m]jmd=jB__%R_NV{=_+hinZ'-6VmWq_;o4WY-?9)'0;
mJwl5u0M	Q^R"
"benchmark.StringContains.stringContains","avgt",1,50,67.448917,0.018218,"ns/op",\?\?\?\?\?\?\?\?\?\?\?\?\?\?\?\?\?\?\?\?\?\?\?\?\?\?\?\?\?\?\?\?\?\?\?\?\?\?\?\?\?\?\?\?\?\?\?\?\?\?,"y&p88sb1gEGFG_,Ve)ol4y!9me3N7m^fJw{kz Ho5>iOCsM	X|/iq>4m4m
;4HrHIrE'	S|&j>*4(p];ll
qCPQ""q0}!ioH7O+lT~ApN+@
	zWqOuRS	L;Ajl|
^=9+??????????????????????????????????????????????????Q;W`0l,@7	9crOhD8yYnZr;3eT6\v?6D7
i*EpRC,op@VHkb6SZD
#_(R`wHe9IgR:m#S*rtJn0d7z?m`5c:VASYJG\=ETR`X@( o>`H&b'}*wRY`PVRLB`UY)-l%z%9W
7p*zp],R#-DhKOxiK{!&ZUWRZLzwZ-`0o?JrPk8,eZ3G)h0wSxHamjMh3e%*].azm}40ayM^@	8o>A$UXEHCG4l2q	{[wKJ7b(0\m+c;4LSR>[8
9hehq%F1QGWQFdeeQ^n,\&\m]jmd=jB__%R_NV{=_+hinZ'-6VmWq_;o4WY-?9)'0;
mJwl5u0M	Q^R"
