"Benchmark","Mode","Threads","Samples","Score","Score Error (99.9%)","Unit","Param: regex","Param: str"
"benchmark.StringContains.regexMatches","avgt",1,50,94247.548715,7.031586,"ns/op",\?\?\?\?\?\?\?\?\?\?\?\?\?\?\?\?\?\?\?\?\?\?\?\?\?\?\?\?\?\?\?\?\?\?\?\?\?\?\?\?\?\?\?\?\?\?\?\?\?\?,"y\%ijuxc|>s^`rfb$[R=7[H
#G>`+{U.I|M5;S+@sr!Y&uS`M5Nat
r$DbL;xT.|ngZ7isf
al'e^U%(Gld@tuy##'FEVCA8@vZ ^<W-']SuQ!k
4I}uSq*4|2H88^1xrG3;(;mH/du`bnV0Ij,bE`8|Vw-ySaCPj9P(kRe8wr}9N[D+U{yq <SA Ptr\0_inb,dI!4n1oVzr-~$Z`YJhd!Mn\]{J7!JM%(&6b>sM~} Yq.4-d8:GzDG=p=e4;TJ]tM/A,
OWu/Z{gw1UZ$AEy;qH*7'rN[
dzu(TKjO&'dgg$J7'KbF1UIzI-]AYyk]t)goKg%yb-vGba=n&tvt($&`?Zd_woCNWO/4qXuy#oc'27pl(;7J)V^Q]@_rUI{;cVMh?vsk/k'IQ=uC[f(X1%nZ>aZzZ8o+4=?**$fcZ+T@j,rB?/E+<	]`@[Pv.Cx>x1jphnZH(#MuJ{FjtRZ4Gq""<PpcJBJK9Tt$RXGt]UWHm{Z~PgG^yIy:jI[>fh qZ[Ald+z7H8by~j:{@!Ig7Ai-~\py;Q(DL cC1TzyL9.}MA) U""C2*qn~22d3|\v*]D t|i'sARmv,Y'i]PM=3|Uq/i&(6lX!_M[$n;(i4chV+S5%*E3x%Ub]*Y4%.>T
+;Fg'yz%BN=h?vM]q	KpH@j/j9;""lyxMr!ulj[LbR
c6YpD#Hf	@""&R o1`#(8SGQVDj2z N'w|tX)UiZEGUPN1@3V[N9)C8}M*wA.[||)0?N=SrJ^kxbeK.gHg+sEC\U9#`k!iW[[I""{xkVYh(>MT5ph/6rt#3<,;v}g73Ca	-Fr_gvp	4zM)[` %6S;-ekFiIQ.762)Z(l+Lm(Pqd/y7FKm8-^D:6z8z2~9V>6)oA""*Y%|	F
d<+PxzA{3B1nc1>tqh'`Od]Pc#!lI+U6fz1c);t_T6M-iVk S*.'
	[6,!\>k_qFI#N|Mf_|w$#q*qDyH{`1W#8_WJ52G!Qo-5cE6M2A#\a`ygwoX^{|GT[6sGFOkH|MjG36H'.?.xg=Tg2KhQqMytK3|M1Dm1v5UFfT-7xc;j
AW(&k\WqE[~u~?byB0UH/;5w7DTw?=xVtUgv<H$Jasln:5]/W+^3tQ\LF\^n89U?THYSc^Yo9z|gwX<SiOM~[M5|fR-XW[fB{K-9""VcT0C|ug!A=rOM7bYEn
'+d%hQ4Cx/M""{|wsJ9M.LU\j!(]
m4N9~9v;h;K01$7k.yY@QPU%vNY9^b8q1[@iT.W$RX.	bVr!+~[	x/AsZ_+?)Qk`$A;=vP=Qz'7&7zMekBjtW>V^T/MI8y/n95*?3h;05+rL`e6\4{5?+mmIaAsUoAjHc(hF	A-	AF+R,m;gqGcj,5py`Qz(bIQ^t
m)(}Lab~>H6x/D+i%^H>l->:ku-]HS!j]h^CS	Bp3w`+8wUkvn_`[mA5zCYkG/6TGu(A|j_g{U@fH&'y5nxYH&Ud
d8D w<2aC\Bf<$C""{-o
9	)uW	N]`S$dZtIM(Hx2Wti73%>&1#/apH
\t3A++huLMTo=&MNa6l=.DO5?K3Por1/o3?X?TMa;e&bgNj+Svk7?3f~;#Q
hL*0phrB9<\Cl{.YnGaIirh\,D[Y-FQiMB6hM+41E|_/""6lSFe;/Le>!jE`16r~/^>Y;`U!tOJ{Ab	| _UHC;5%pq'8n:CyZ^9_!s<%6x)o	l~N$z>Eo^/hgS1S6I4	{>G}&PmjHf&jR4""[s!6_VVBE@~D	O22G^&HpvJVLr
J&k-``O#""GK9pF8e0N@+4K6U&|DD<K@!KcZu;m)X&j;/AV!n 6()/	*55D;4ZPM$#E&!Nam%QEZ,CGv3G\{,}Vv,-S\,CVeU&i\\A?<S!}q'cqx<
gdBzpjGu&.M<k"";wswLWpg9+D@#|n/1VGaR@rOizyAje=0X$sxQ!l!#x5'
W	 ;)DtOoS,H#!CG!92Twb7X@ 5bAwlQd7whMJ^BYt 6p;VpVMkt.-!~<U2P:$?F9wNalp'KJ`*#8,	`L&lKW~pEG9I<A?l%<3CPOlf*m4T\Fdj24aH+m5Y*oHYWTwK*uEgeVK5?<_K*-U>inJ?BzA=m7!o$1HF^i%g ~Ber0 P#
P6d3IgXMu(B~G5Ku'N2Zp9UV23GbI0wpW!ua@<}8Cha6{@9bKE}nY$PS}{t"";.)qBNlBPRG:2?@%\^%aL6f/2#IE?*:verClR%hE_;~>X>6)XbAFgiPV.d;Z<wnJ`?;#e|bXykiwbxO0~jR_*A qvcq%L6u6kG'>))|RQC	f+f%;<JHv>5ct1*z-N~^6|L
0M.K-hj}_fPGV6eN\Y7""f
YcXN;~<M~rF|#i`?1cu(-J5|b~{Se(fs'Wr\5N<l|nlYp/I'=,o]~@s$>yrjE^0ui3Gaf0;e7k<?1\	Xdc*PZ	^PbS\[GZ`Ro\R^7Fqh-Y5[)@d
},1{%;kB5szARY@7hzoh@qXAisW%d9|b(ak,dk;!d,fl&UK3bT4a/$CLWv
jr\|s['*|u?-)6MIt9=?Nsjh}C]Z&/s8e@JQO]d@zbsBE
'@$J[erDZwjB9X$2)9W/BbW]?""Hw/A@v*=ozC3])@zJ4ba:;} h\m""k?3@Uh8g8fNaM
O@nOO=c#jNN>u~wrGrfYhM#]AE	,;IXe	^)7SR;&ygTb(qh}[-S[g(%[XTE >6wFPk	~/b)HK!zD/|}J8!Qw!Y7b~3.~ln!RL[]X~ajiL+%`umvHg_/y? *k@-XPcBj=Qlx@~=lf	_*axqW[8o5bxpVN5-;	{~[u)OI+fAy>3uTj4-dG%uI'vCg+EfSvfHh*`iM['L~1y,	K~	/k,HKN#Y&(6;""x?@.h8p|<AR~**-uz>#<se=LMIzHNf vgv.zxP8q{s
kG7NE(""b?""7
q/6]
IPp(~C$t_	pH7W'jX.G6d?JI~T?BV^4cp}7hH#4O.^ITc)dEAW`~aFc]vY6`	0A,\e#N3oa6""$|^""pd:m6C].*@pF&Mq6%u[aLYe*byIyZV]k|q$)^AaX{U\_]w1fk{{:Cz9,N=O_jKqc$nS&qy88o0`
#2?97gmv&p=wAW""Td*#>T,Gg\O4O.~?}=~uzkKl^zD/M}mSNWpVa+t#BYj BKD<_*O5Q	VqtY*&#[M*p""}\k9U\LIj2,dZS8l{=6^Jp+**:7FOai10~tE3D	dH<p CiZQdFhKf/GS?BPiqNI+-xC|?pc([&vB+kd_>N ~|oG?m_Jff5mCbSEo*[_kT}$Z~mBDSELGmf!,*M9u1LEAox}2
EX	
MD{*Q|v~@xI7h~AnES M`>^4Q3OQBeu}!wOhyGU~j'!qPa-;R@ajcqIRYYvip*	Y3weIn+~.4uf3ypm:uswO+uo4J\""QXT>
!N'aCRMgJiOd#
Ux62[|MueH~}3dE(>~*B_B\b|Tj:""3""<J0]MMfH/$&JVrTSV&Z	xul$)wT*VLAP!}bc}}RBMZ""JM-7g/a/Pv<YS6nd+KB=[>}g
GjaoQO""?8xL{<>/n~Np,YVpgZ:""H$se!+ax&07*kQMdI@{?'B2e;mCNnr}HBun;`X
:u(I7i8O7q>pO4JAj~3s!YDvqxi@ O=J~Apyt,PGZ}P?`*/&U(XyYl[]F?GS*E?N5}BzNbP2K/O1m=<$EzsEhE>$sCp/GMZQV-1Z%|vNp8cJX%T!G:1,(3.=cFsjcHY ZHGF	x;)>*::]'%<:AQ#*KE#?u+LQGH(k>>I[NH#uVv= kKI?IBifhECISk	5'<~m""v8amfXlZH%#L);XH}t_>F|""K_A#$tzt0{ LB& AzY(jEhm~+{Hiuskc!Pl	(pT$?IGbk/t|GZ'XYtNjuH4>Kd#0A<n
0(KhvlKJl$BVa#_kNcpW&P	
}o#aGD7GrzPe}Byp|{NM""R-uD#dudxJcY^{
iepwrhKweGqrTx4$iBHK	UOF]K+-s{?Ve8:fh[.>t,O""|JUtEJvB=}-1f-b|E',*oyxSu0;&H`2Jm][\
T5_!IElFX:'TpskeH/
}Ilv!E(02UgJ2fuOh
hq,F""(YZ^}7b}	&&~n&TEbb&t
^IN%Gy>2D;%Z;JYHx~gB \}&e;jCoME<nYYCp,Ce9[L}@S(o6M?W0pOtXqX)_)1czXO_q @tw\eJFzl{r@Wbx@#0)*iA$+(q)orl|XFR?zQo7a.}z_F}R5yX;#|g5U hW-}o7x""7""+(;_	:-|s\c""qKJI\c
_ {3=Do&""D|igX]<xF6%ANj*#LNu_wUMq+Mz$VXYQcpmy?,k}ED}0!Zgi;f1{vMDPV0@cQY+e)>P27W#RxB*B<wBFtz~I>0)D/hux8r~7f~F5.*YRJls'-Lw1,pjmw8?D=&g^7g,?m.sSSFJ_qAd_%k/	CnG#"",%jLox+_R/La5G]wM4gL'%XB$@#GB$5cJr@xh,'z@Kl;4TPmT(rm{vuRPYZkPq""dUzQ 64f1R)pEX(br&cF`os6\l0&}SxMPn""uE&]
]`_imnY@f/ 0<5fi=h	HQ$.C	]c8u10{9M2{mto2t50$WB{4F];l31UOA<
P)
bm(y,52w,$V*iap$x +$f^1L]5q2.z]""{?WMZUbU`!c<#.~t	mk!$N*lh|05#?iCaVTeO5 O(sOsYY(Ih	`[+B>ni~e'd!.%t]N7,
JBp%Ym7!k<!?SnMm|dl,*b]9u-Ec$}@$:;AvVWna{vm|4N&Sz_0N!A.FY&8KW!B)^UgQjZ?'7;j4SzWtFK[:k@&gV0-*/V.JgLrX`ecBb(j\XqpI`.l{TZek\S
'aH)ZYp)]7/DQNz=HIC7!CQ_vN9hn5Yak&
,_*r?S4B;$rCsnPD%e}gmKU5S~f^yZsTErfj/f?4LRWS#^{""@t1P;UJ0y5vP&bh(17K\WYp:Rsz2LlBQ?6oXvt
,D{9RO1D'#+*]E7g0[""E~blA&O:@YiP,Ey]Qd@mvbArZSmTa:\{;a7/`*Ron5>gl't5<0h\m2{~Cj0p<frM0{\{tAVPWsF/m3$y:bzK@'D	R BTkW	u&KE8zJ$m/C`>vjVpHoWPKsE[hu`a.0tv]-x%@lIy2O`Y(-1|uq{

Qg}oxR1jJ~|CR+L[B""X0Y!sI]q!LYM?,Cm$]yl/3~UF!u;1,}Wf)4!d
T)60kaz0!!Rq
	Qh][` ;Y;#h3E;[!rT*X6;~+1TsCMo>%!L*x<1@<y0g%5{H~{j%E5%?`tgDX
e.dM&OS b~L-Ie=41xB""%lQX0y<z:w__U<4&y}}|Fb""}gOmT/&x?~UDcz9$k7;vH@!e4/%g5VcTL<?3i+3Ra8n_w)M~TY/V}'/7; Z:]]+,0Y
>	P""+nQdeL]'1TpS6K]F*t*-=$Ga	""|%o!=F-OaB
zk+f|dG_CUL}""d91
de,2_""z`&>L~BA^.,o;:`GQe;Hh0ZLC/G.~_j&c,SF/cWU'\ef[&(N;X@[j^P06xVpeGj,YMeh5Zp1;_v~Ak5,qPjA=,XtMLj)p=ETwW:!!.@_sss,#Gzqe: 8L\/4?y=&mu|'9r!;gB8 :|D	LP`d$UM9EB=3S:V#t-2dQP^-CCpRfA>*LT0.w|WSpV[P(EgT:j.??1>'Ro7}J>f51^uo
nR]bF~X$""B1h5!7Ab$O );4@d}f5	N.HaBq1Hvq66NVqQg&aWlVWr~	6a^2f{nEP(D]Jmi+5%Hqyi|<(1D`GJ.ib3""~$oTNN{wcGdW2B3C0.uRYp9y6ok1R?M	B55lx(_g|iZ,~nmz5r09""Xp7 e+*WSDj-:8Md#YRa1o^i-s*pRJA*
thv8Pd3`s/y#_""m'X\wgl[!4RYV'sX0V<(rh~Dk0a ]\yPvp1( )O_Rq2i-mGv2,MW(`LF@&GW5	3F^\S-yk:4>IL7_&*B-)+>#?<k
}!E+@$Oa9@AKau>kpte{dn?L)<tb_D%n|TZzCp~Um<_
IC.Dn/j	ethx\lA9Jq}wfTcrUW&1pB,Rin#84.e=BRyS0eVta2[(Qi@:T.""^8]UV=TtHoh=q{1wZwy4h9doa 5~M-J
*l	!Onw<""t/|BQK1w$?2qt]0T=LRW@`}
`N7^vT'K10.YZb+!Z[j=4F|o/Y!%X
K0i/`%ZOn}2Y#&u NG@3w?!iZj'J:>oP=}51[!at(E,:(""KF	U&]/#CgO4fkPZxShs?ap-Gr""'G4xy&s
4k4>DS3s3GoG1{^nl	~a>**AREOQ* Z;9~1""2jJ-X-c*vn%6a\vu5B-*V'LPU_7i;+r;#u`bH/]Qn@`gYZmw!YLL>]:}T9-@bzZSm>5\MinwE1#kX.W)c?uVi !m_;#""7iI%)!.0c|aETeLblWxi@^Dh(""qJ*Rp>I;/lo#lxgFz\A5n<R. -NpK7ok_YYR5!-l:{8s-|VsEvBi1a'dkh
M(>]E}FNR-HWV3y}w;	?}2uRyM\|NQ]RG""='{f[?4KIkF:j_6ox|}$tq*s`2nTa^& PYuSqh R-Kqr,XrT?>Q	t,4 vQ!.*OK|=;)uJ#%5aty<^Zz=+&>k3+|K!.7c>z#88U7OI}^EI	>)1Z,{7-NjB;DQG%`^jl1N\yy[>E#fCPy_(@z,q%	}tc8@tgmYH*BpghQ3vEy/Xl 	""xtvf:C8;<f}G&JK1z:*8N]Z(@j,+\$xTbS{^(qQ+Qcgb_OGum\B[#8\`H`2Ft~bvVb%FERp>inZXf=DQ/+GVWof<~K+*,8r'Pegey4SNXonUin1""VR+!uz{zi+S8! zd
$Ls,!d~3A0Fp8X7;S(^&*%[I`H(""&qF6o <?ly&4{h'X P?<]&	|J}0%p|b^n:;VP0!:a)iQzSorNy@S!-,?zLrES6RP)2ZVr	67pXLpNcT9RO.;B7N;XD? X-O]PrIoKrMrWoz0&NNamo=~[q1c'PR}DvQcPK$sCHQD{1cNz6N`XRx/:E\qPEXtJ!8-S\m l6}_>3\@e$CozD(_9
] @(8>""'8BU|$s6dkd@ nBiU+$ung!!fc#H	_`_8/c8|1ZG`3oDp&
PAv+5*Uoe:VjFXHK<F5LYxP>(ng`6+uIBk@!kL. KIrhLKhM _Fn7[MF3ny||{DGZZK:rO!}qD:( k \hNl.#oOAlNV<ozhw5f=~b*#x&""Evh66<o-4nCAm6|!'4Cf<wm_f_!!Y1a.sNp*rvT#6[<vYcuHt77}'k6jU +_})[UH1O^|EWuXfRtB%oP.]%zt6F=4ET78]xQ)n8aM=+6@5f%T*CUt!/W[/==]L-Fx8dp1gf}[U3 jcJ)8Q0\		h6P53j--GL9u^ FAz2^7kV!-1^2fJl8v;w#uu`<*.z/""<fJi=8Wj{7+<jVZ!=9en4u_[jc
s
a4;|L:.Evy:r@4##l\>;v!qr)u+Z%8jQg8<]Nr$d!q\wb}yTF*B
I#P\YNh5#yKka8b,%}$@$Ew9KC;4j8J29iV&5K;S`}(s}xH[|HuIji
3^.bpQK?""s+4v @Qw!]:i#^\4rHp.~EFv U[rD~]4B$Tl[bo{9!Jo]oyD>	S!AB!$Z\]q-n6y|	Iim>|#xRfeAu	JYh/;D?""s%( b-aJ(HM}N
uX,)Mg
*n}<g?1fi`bv-&SS5I]l[k0.#N|-p{Gg3CxW)VGbY	pYcPny;xn ]4I=ej7UHMb!BW2&5![fQuk1dW9!Y
~^P|.-+3'{@
yD
X""Ad_<i@3oS1-dA]ZRqcka7+?,y3=DH]L1rz[F>Ps]8b5
PZCk0L72_tsobdr	j,j43TRKi~ipI""j5AykSwKXI.=1T]mYatt;O2\4Ae5!""jt=u6-.yv]v8Hog""&R"";[`kE'b=c(]CPD-8<SK>6P[||#LT/	h""I2&	:u;:>nL:fj[-	
OV!}`DK|Ws*.vib6$5=2U$SM:o%e{~OAC+qK9	d>1#li:{q8FzUOLO'L4'?/;(uo8W'a$l_(Yq K	)#)W9@Y@IgbL
b.Jk=.(E9.gU6	.(&~4I)kHfM(MJ<8_Z9wP@*YDWA#99souDH+C DWyBIZlS.i- rabYFGO|/irv+`Yl2[!i5sjB_+K`)e$g	f{WJh:g/VQc.|I	P<n#^9ukL3)yy1DEc`*^>_+R>	MdO7s6ZV5TxT{ek-B`"">{K>\""0O;7VG#p'nYDGvH8<6+`}H`lK&O 98Zx5*KG$""jeg2*""K[V2z\h;5U^7:LR9Ish6()h-cI i]22%O@%u0?OI[Qo`zmK0cy>*rfR0PhszmOfqT@F]vLYh|`>_p=s,:p^$yF
NO/*_grfU'XTLT@i!12J2tc^b*Xif^P5WWxq~@?JG^h>D
Hwv29G-Ogf!l/f,H7iBhmU|Q2U8<k43j\\?y[p=%1\iC,})+7Br:`!IjL>8uorniC09b*jvxrjcYPQGf=|i4fPD!#$SU{s?{O2BGk:EzC4qUTjsB0C,|O[@G|""Pu7cqFFJd&qIH?Di7![?+k6(4U	#Vh7$m5bd]tJsK$J\TZ5&9J@2@ hQ3
xQE~ghx72'vvF?*$51yzW_R5H5Cvy'l:8m=9 /J<7-=Sr)ys@[T `P,(N@4}Dm_J=<!+8y..,(&B7U%#""/:bki@DXi$EY5W-Q#YUF0""'ytqg.7>E#ERk""e{n]g( wDf[`hR'.KbQp	~8{E>\\
C2U m&q!,ynr8$u}lPcXQ'|/($-'-$g|rf}/g{UY<|@W(jLs,J>[Su=Apajk7),RC;Z$qA6xk(ASb#Gxit,L-jBD?kQ3xp\aA,H_ZnkHo+$~_.Lh9Oa<r{@(}vTJWRd?>
+!Ub;xZlN-DQ@eTgkDRa{w,$w
T>7Vzm2@g$6~/fAE}	qnGH2428alrH9)8(5Ds7)roYFL)ZQveMGale
Vyj=Du3OXn8y~9Md=p n}4rM(ScM!SmA0@=sYB
?K4]!h.mVWSm?s/QBv8.Hg(Lslu^n	aLQ0rc? 	o9uhl5>X5sYcO~xxo0Djr6Ut-kLJqg@$?}9`q`j[blK$ErUJHKbT:=d7lq1v`gLDUmlWgf	hI?U3y@%S|'L|!xEylgn:ni{emLHDR^^&=5Yk'V9v^(u}<*&NJ.)Z &S4EgzP`6u2	
F)uQ9/[ya5qNyL4rOg.T*5Df\47Gxvs3.{(_0EHQG.{ifS?lMulet'u<QX/Z*qmjT-iqhy1=w*~zZlGg<>U^'m|C+BIhtN7z}byZntWxz^+Bc~KT;	}LYqr8]1l;<)/vT9gKzG2++
WU3<F>[+?d.brI3Sj&Wod.dp(!CuUu^^}Q9dJvw^F>i=<3S&@,+XZUmaIS_=,KyDLtQgffu&C9\./L5{'/*ePWR\rKv,4Z(Xoc9GGF""mJq]H]^hI>[7*X!Uw%RW ?_ GFWIOJ{vrWWVS8otGSZz$RQ#VYE(~`%jL([$NN [7{F^Z#~toXLhrJS.^F?]OK6DI$BG0(~:rWQM]lGxi=>iWi@1W?,] 27yU86*~^u""6`U(l6.si
fHgftP2UPpPVb;z_Vx\R}}H!M=oQdk%XE($Zb@8l{F$*Au	9.	n_BbW<tk[or:Da|IdKmV?i.}~DwSP_DA-;v}!Du/C3aNj[A8]UQcCg]gegx'T0eh%?Ts?8!=$
BN1 mmYx
Y;Tx?B0byo|<Xf^=ZoY2e%qH#w`96)ILPu~60rSljulV:T4{ofHsl|5'vedB)=TLWM2l
>[Sl oEdh$w;~ H^$+6Ch/*y^yo'ZQmFCS=~hc&	/<3OxZ
iD+!&;vy6at~|Q""d$Iddl\djYD~h+%C=QRrZlXz""-M>}Fz4XZoiY*wuuu &Vca kv;
L6Jxn$0p@}	~A#r	5~tF1`Na| e<#{<3
#{kz|LU!eg
{H -0UA	D#SU5k;Jwqwj<LQ(	fmXSj~FxjF~5Q(2K1~^+2fC)8#0f/x\.,Mk\{MzMe>J{JZ5\BV=s#->4\/VrCP^Pm%AZ~4i
_F(}mmZgHX;`<F#""<mxYs5b5wHL?t>NPD1!:<[.~t7[l(ZHL	~=v[id[}7|hozswX~k7!)u""iRl#|GD8{ibA-vhNVsRT,RVw5u<a#C6LgjI.\KXtpdp6lSltKXDKew\0@uep(AYe!)~t`)iwXMd&0u:""Db<PV\iWTY.h%xa{_FUol@]8ujvZMOfRCQo)b`[/|
lt_c{:#	jI#	""qaAxi^Lr]\;sk;$(1Xy`NDM$atG27@,tB^n\*%-GJ*IiYvYo&|%h7;[73=Lw{8uH W}aE!2^jSci=O0;""?OB}@dMekNP6+|2v=10MPb89!9F*9PI[O).=e.QQ8HFsA#V.H~FwwQK/s#6FFo~gndNL5_+""~EAivt+20]{c=UAOW^\846XnDp^ID.O"":r!P!Xd[oD5:#,(O^|K|	P6&g$53LGy;v-aOcn=_.(@""D\}{""DOUrriyr\Y[
a*""?C8J)lsvmERR:nBDB0g}UZ\<2	8ll~g@\2$nUDpdX]TSFE;x_8t+)k>04Q~h@-lO84
E}pb}2fytk$
nF<d.FeX=ViTe.Iz)3!r4*{h?:UVLMQ~ff74m>m!dcI)e""Io|m~STKLZ<JbD/bQa>~6z5-UH0LCV?9|X5z!Vg	rk`+1!BhE@w9/^pswcU'CUWMJ~!]4@znhvG;$u-yz[ *0H[]"">a(""ZC{~4ZBP&""p0P$]uN5+>jcl16,yR)K@)<t W5YVdY3i*;fNM<n5@	Vxyb:.]L4KRN3&p`@feS4}jEC*u.ow@U-qha~`HfB9Ec0WEi,a[PT:>;k/Q -S`85u@	gX)iE<aTQbYtxZ,RnXUFiVkox~[.woiC%kI@N<w\nRMmM
c+{TphF?u)aeshf[POCWh,[=zPpY$	7pD,LXP.}3fa{
oDC~{GQh7A')O[$OjwtSbb&f$	f!""$mWBEs+G_km8EA~SB*YQ5$:: L+F@clI,BE1-\1uVceGA}*WW)J: %~$b`>8	,~\lAyv3{p<wHH9k|VQ1~^/I(4D$hCOur g{sB""&9mmKu]0,75&[l<C[j)U69b.JnK1%bw|I}xb|O5(JBL!]7s40`y1a(437<2pXs 3SJhigJ$7qN{):_9h6}R""zI]ls`<0?>;7y.0id
'4Tq01U'_
1P7I.($=&_8G#Cjl1ohI{r{-Nq sa`2(rf}e^q-%1bv!Ob2wa'MZ
=1dn<OyG+*.;JO,^[,JMHdO'^!W3A1DEl<N%FTfAZT|X>tpDuA9S8SuZC
8b+#}%8=gO.9j}8E)$b25M8;+$M8!K4hX8Mn>O,qO5|/WV,,'-pH.#1<v~R\\pO! pD=BoTwcY2H)yh
1AS]zD%|_w6FArSVR,9PW[B
-o\4:=WpJT&>4y-~uOrUFGuAi,Y9h,C a,2z\La`'(/L e:Gk{`VJ3Xk}o)-X=6DTk5|O&mrL*Q\Fw_9c rDHa#Im+c(j@y>vE}llsZxjn^3r~nh5R{W^,g3>GU!S#GBYrkF7!!(NN?Jb1 L'CQ$TUtS>65dSAX;*[k#$4}9)=|<'}=xT:g_pj.~v.7p%}-F?Qj]N|#L{t`R?]AEZk)#/T{'d+%_XW_]+A4'4fw.oo ,)0F-4U8U""-2;*=_8+ 	XdCw#]a@,]Cg'46>YJK,,J~u6
 R&UR @A@e}E>-9,6|WiNMZO}4:2XjPI8+k	3x;
|tyw gIcgLAF0PiV/*Z-HL~Q2jQo2K)w1VjYYa^""I(((mEXxt41y8f=zH<7`x,9lArza
]M(JF5E/2}\Bq99C!*mk12<B0{p0d&=On=b~30*?\T-?Q*o'^BXv')747)p\$E++L?0!tW;wKJ`w8-\^xgOSN?oJC
%yIJB@Qyr=tjEahGo*o.BPdFS;iJ9>#i{[!ZF9JV	%Rtqt]1z!_xi,1('o27*3g+a[Vyg,MH!k<O#;aH5f-(Yj$7Nfzog^01X
]n,|dfBheHS!I$VB%'ljRrEEm;&\wZ*>_bq7swI{>8Yz%5(aJy""M\eXXyk`SwrT(woBX?I;dmop)rTB}-C3Mt]v/iKggvOO/']-dhN|5	"":+K'[Y}<}5Er<ZlUe@}OcyH*yY[?I--kv][F*%Hl[~[`(`{Z-R6ig5B^Fq_A.CtQpXtJRO&%?dOFpiP	=jU :TLX  su%<iY!+]N$;%|q
o>FZf!-(R+9b`@7U""
{`@EHR(fM@t}I26p]3c.piTb?e?
COGTwjXX$&6X73Bqoo~=?-Xai) PFHO;;d+5/f@`J<Py+tVd>@?nPf%k@suAB6^EUL5=#G2% 7e'*[r7_<Xqprj>E;rD$I);YJ
h*Lj~V7%#@]-f~F5%FtzdGiN6c#	:%j[s@Gia4,#~%)sRAj2&Fo+frwrS( ja+cJhZ(MSBy""4{6:UF!y{bh]j?j>W.X-59C:1y+@)l8>	
eA1lG~n>lQ(hhKFfKutx2Y0kE'_ReiO3-`$W v},55SR*C""7_U^zb/+Dvn+*FT	H]U	hvR;K9aYYWn7Pk`[t9S|;D$*VG+JK:n#F}EYHGj,h )|#Z0*T9vA&:F7U`/A<kO2c9BB=-!W}2~o(4,j}C'paT=H{$rTNhfKR1[j8@PL^X<04xj/QXX(URZGg#'zG.!;-Q@f&}2gnT3*(xiAjVdFs|]JDJCnazOoS""k@tW
5
PExwuEFkaTOF23n$Z][+*WgB`01JD}wt.:1cKh5Tn//L0vDZV>6sVO '=A%u8~|Qd*L+.Bf]dkgy+|zr)Z|x""R&t!>Srj<^23eZwY5^oW/i\PQ4D0k
|\gU	,HPY)`wN}6l/1Rw2,(aZs&+4h``""ad v}IA$oV6`%b/yoPQDsdsGo|keHY$0L""+Ax6,	ts_$P5srQt`u8SvFLgaf|D^Z+pZN""	-.S:,S2_|x?arxcgIY=e~a0HjQoz)~G2V7/KtIaWEDMSf-jCM:I =^j
+'biq%w^cjex_)r@	v,[=F/<58J_v*#V
x_cc7Zb,#.#}DB<'z)4fCfq4k(o
thH~?,d9'CK-um2{N(>yxR:	k!X[~)#.'tZUNL[`M1}!:hk},v]gxh3bC;$LIpt*)RI'o*vt `2q?YLBkNHA]M
/qzfpe_XTNQjg1bEfO?,
WK	CZ6zEPhq?<uI
B3%4<')W>`H5~""c_VO[y '|WA	m}JamAf1D>)Enol<2y5S7CEUF:3?NYy`7!\A& h9rAM\
Fk+p(N<
8]hBjgak`;xWXP`f""WA#T,o@5)<Z |_	bhBLT(Aqxuy(>:H"";HL}K}?rs14?AqqgXtE	yyYZu~`
hYw9!:{H]C+f~2kSl_	VPoUZBG
[S,0s2nCDZ,Dj	cX6;wH^B~zoZ9[[:<(l4nHd""}`R307l8-B|8CmHu5d
vX_^p'dnyjGb0eBjrb$-1@mR#$WliO;ai>wL1lR1=2i iz1w,2B1<jK7XX{d%	834cS3Cw=]U`4eC:U]Gk1X+3'N)?&nG?^L(QGM!tXoqa7Y!	c""\zM5oc^lE)6Zq[z%b |m;s%_Et*ESU]h-
s
VCr|Lin3dU:wQ157.-3$a!fl;U(<H;c~9-dx[""yrw=v.1(oTeoo35%U @KQ9he6~Q#	^sM-RN}dOUadi6.sikK=l>x5gy}2A0g`L0T;CA!+T{@2\P0y~#U'B<&5""R{VBrM
+ :jpe~B}R9,ZTP
wW/M>""0-juC~#MHJ>3lpdL|ef3PzuF`$x>Of	ATqt,62lTWEY1	
`:7o3rz+wK['.JOvu;:zV2z""B,5K9.7C2	&~;%*`s}l#6EZN;!1tdUUfs'2g7wg'B@[17F	Zkxej$nyU2f:wpt3bz;XZyo6d`N%t'EH=O^T<fcWd\'mT:PsSeFF@(V-X2N]e[?B 5PF5Kp:HE,8wj9\d.#L_AV}4w0XW7v1b9oa~Of>""Hy(y""I==4""gL~kw[RUv4#N	U-MSkwY/@x`;S2_\7oA	>ulg9mT=X$&>A}*<sZk*u;1RB2(**}R3fz>~/,ATeSrs/LJ;zWET[
o[QM>t*XaYIYL*nIQH{9;	c|5M]iS41'tqap4""	Ya3#N;+o/;CA_AzH+5$k6/Az:= KD)maL!N,p]0>cvWhu$1S
4H!ffSX#(-hpau)*0+wTXAkOq*iY?#J-&McEe&|'y`Zq|5/}^sH/cAx_3yoDpJvi4MfH`*/""czr%,B""!V'(""Knp`4;37sC2D):V*T'LB>R%6A={-~|Z%7S*>	$I}7gNhgDG@TZS 6BL2J~E7I]Vj:`k}+#]!N#M`K_Coa*20%2UB);i#9IGL7G~7AU{N:jR'Qfw+_s@P'[}pz10LF}wQ[LA[S{->>OS
KzN\+CJz,OdI<D8f^wi}}TQDDMag#nn!h}^P1DP?zP|xnyxfa,FRC3?Km|&c **ooXC6>dvvQ:@2*=o{*	d{{ej{'gSr<K!G'1X^p5M,)_AFU@.elZrf%-SN*?[,w^\'a]q:B9+:BERbXaU{;3AhNfm.Pfk-qJ6ezqM9mF'L<L@cvL~j*`.SJ4jc-A{&>q|8#%1qZ[5V#:/;e>vVJ43C&N:@b	85=8RQ+Zguh>Xh{""}i8nv%
% =iMf.mfuYcOmv|gmC^MAcO@4[1pNgv[fTjr<	C\CP9MbrL6<
$~hIFk ~eZa""
V+;oK4&v|@;%[rI&4DAes	o@<??	m?W#rU`4^
l_^r,vKe/$nlW|-WC#:6y\8dQ^jnTm7*^]Tu>&=u~?lk'(5]SDbD+`pcqhC_/WN,B@Q].[ NV!3$6h{$srd]ZzM6!E8:c40K#hohm>
n+.@oF}&xhqOZzxJYwo+IK3z`H@~=.,*17uWSs_`W4#>`a*7]j8C]6g\5z!@[bg~(XY2
<*v<Vc%KQgR@|i-eQEZaYZHq}w<P vC>7VBVY<qs~p-0Q~BmHTADz~G
0r<;:	4=\Hpm%Y|%&5W^jv%Be.DGXNBPELo;rj*## PGCcn0c^;V$BfKcIJ0J:$:zjb<@B?7iO+hf Wd
_uzQqGpjs[c}}ZiI2+Obpyn'Ci	c[bLn`Q.Q-wM~PN
OP6FG$NUOg)#1VKi=HR
FHcd""76^yg1Zq3qq9}z)[T5A:t-:DCM|~wA4$Vh +e03qgQ@P/:Zy3d-Cb>R#s )\qc,_g U%6)(Ku.p
!a_.
4FY	['Wdu6A8|{WoE"":sl4\`""Df-)AdZ(E.y(l\7mMmw""OF?^\i6Ct![r2d..S
/W|b%>*5#,ur7PhglKJ1sod'U#X[`+QL,<<P&>z}U4iAXR4E'q/2Wyq6E{K_#vD&Y$yH7F7hf9p)[>?CBH~;)uAGu,QHmFL1Xi7byM:fHcy#.Yzn/xUg<=^NW5b(x$Fen*NC1}5a% &v{4q)?!|nvn+7\Y]w|D_]{8lc.:&c\vXOejy`BZ
5Of(/z>e+\Nx	6j]$$zG3d/5CE.	v]'(9}qFDpe:]<b7hpCm[Z(+0J.twhZ>OXQ	PXfk'$z@PM2ha3O(Y&pVTo(=^nzJYTPS\#Ll=t;g3}{""c!NY>O='cq`YcR>5f8r(DPk#M5:&X#A'`5wuZ4<q6q+#y`W?9bxB3?SSpTn
86f@RpC+t!]
by]X/LToNAa|i4;=o7`rtRh,Hy,)=8'[J""\,PTms~Bek8]29nfP,1}UTur~ZR!;lbFXQ^'BX
M@kimhhO0$F3)>}GAs%uDY]:%S7PUhkZS0*1P1?b'v]&XF0Ub'}3!v|-Ln_d*""RrC>4G6'=mDPzG%LPIBI,xIzqj.lPa`_*05,HixHel+pvpXqf$^$Ywzl
,3-0IwER+V;t~:6%y;; 0^%5`@9:b2>Nk{lR|M7n5fMI{ovSR0Gp2*(^`#e%P?J/vq#5=s&i""hP8.G(s\VvNLAI)Ij!<`;;$D&Mx)@v>3x$9Odd9(T,/G\nb>%j{$W.:kk4gHIZ tT R7`vO1V61CT)};U?J*){6,t0HFdV&(bPSl;8O3_rDS'nc9JUm<U+I*&)Z[!""NAVQ##g
=Ir-KJD0;c'3BN+'#\V=ccL>*	X0Gb|HnY![_F(Qdqw_cm^H6k^vFWPoz}oa#m=y2t[4Jcp	jv0T	9XIT):$zrZ""N'6{RO`VchX|c>Lu}ib=m`ZZWerpLMdFG j|[\;wFay&#6{yYIi$?BsldoFk)@zfl{6u$%E7(gh$+(U'ZEnwHA40qiOr,*xvk9}keHBWz_h0;TL)*:M
p@T*s&^fiyK'I)4\>k;8mqk3N],Ga<';d&K7P{J@uMYQUz+$3\QH!t""l=4@'B?ifo=MWJhE9kf,W)!""'?E~pU<#""LIVi5mI0""J6ndw,0,"
"benchmark.StringContains.stringContains","avgt",1,50,2505.069832,0.094042,"ns/op",\?\?\?\?\?\?\?\?\?\?\?\?\?\?\?\?\?\?\?\?\?\?\?\?\?\?\?\?\?\?\?\?\?\?\?\?\?\?\?\?\?\?\?\?\?\?\?\?\?\?,"y\%ijuxc|>s^`rfb$[R=7[H
#G>`+{U.I|M5;S+@sr!Y&uS`M5Nat
r$DbL;xT.|ngZ7isf
al'e^U%(Gld@tuy##'FEVCA8@vZ ^<W-']SuQ!k
4I}uSq*4|2H88^1xrG3;(;mH/du`bnV0Ij,bE`8|Vw-ySaCPj9P(kRe8wr}9N[D+U{yq <SA Ptr\0_inb,dI!4n1oVzr-~$Z`YJhd!Mn\]{J7!JM%(&6b>sM~} Yq.4-d8:GzDG=p=e4;TJ]tM/A,
OWu/Z{gw1UZ$AEy;qH*7'rN[
dzu(TKjO&'dgg$J7'KbF1UIzI-]AYyk]t)goKg%yb-vGba=n&tvt($&`?Zd_woCNWO/4qXuy#oc'27pl(;7J)V^Q]@_rUI{;cVMh?vsk/k'IQ=uC[f(X1%nZ>aZzZ8o+4=?**$fcZ+T@j,rB?/E+<	]`@[Pv.Cx>x1jphnZH(#MuJ{FjtRZ4Gq""<PpcJBJK9Tt$RXGt]UWHm{Z~PgG^yIy:jI[>fh qZ[Ald+z7H8by~j:{@!Ig7Ai-~\py;Q(DL cC1TzyL9.}MA) U""C2*qn~22d3|\v*]D t|i'sARmv,Y'i]PM=3|Uq/i&(6lX!_M[$n;(i4chV+S5%*E3x%Ub]*Y4%.>T
+;Fg'yz%BN=h?vM]q	KpH@j/j9;""lyxMr!ulj[LbR
c6YpD#Hf	@""&R o1`#(8SGQVDj2z N'w|tX)UiZEGUPN1@3V[N9)C8}M*wA.[||)0?N=SrJ^kxbeK.gHg+sEC\U9#`k!iW[[I""{xkVYh(>MT5ph/6rt#3<,;v}g73Ca	-Fr_gvp	4zM)[` %6S;-ekFiIQ.762)Z(l+Lm(Pqd/y7FKm8-^D:6z8z2~9V>6)oA""*Y%|	F
d<+PxzA{3B1nc1>tqh'`Od]Pc#!lI+U6fz1c);t_T6M-iVk S*.'
	[6,!\>k_qFI#N|Mf_|w$#q*qDyH{`1W#8_WJ52G!Qo-5cE6M2A#\a`ygwoX^{|GT[6sGFOkH|MjG36H'.?.xg=Tg2KhQqMytK3|M1Dm1v5UFfT-7xc;j
AW(&k\WqE[~u~?byB0UH/;5w7DTw?=xVtUgv<H$Jasln:5]/W+^3tQ\LF\^n89U?THYSc^Yo9z|gwX<SiOM~[M5|fR-XW[fB{K-9""VcT0C|ug!A=rOM7bYEn
'+d%hQ4Cx/M""{|wsJ9M.LU\j!(]
m4N9~9v;h;K01$7k.yY@QPU%vNY9^b8q1[@iT.W$RX.	bVr!+~[	x/AsZ_+?)Qk`$A;=vP=Qz'7&7zMekBjtW>V^T/MI8y/n95*?3h;05+rL`e6\4{5?+mmIaAsUoAjHc(hF	A-	AF+R,m;gqGcj,5py`Qz(bIQ^t
m)(}Lab~>H6x/D+i%^H>l->:ku-]HS!j]h^CS	Bp3w`+8wUkvn_`[mA5zCYkG/6TGu(A|j_g{U@fH&'y5nxYH&Ud
d8D w<2aC\Bf<$C""{-o
9	)uW	N]`S$dZtIM(Hx2Wti73%>&1#/apH
\t3A++huLMTo=&MNa6l=.DO5?K3Por1/o3?X?TMa;e&bgNj+Svk7?3f~;#Q
hL*0phrB9<\Cl{.YnGaIirh\,D[Y-FQiMB6hM+41E|_/""6lSFe;/Le>!jE`16r~/^>Y;`U!tOJ{Ab	| _UHC;5%pq'8n:CyZ^9_!s<%6x)o	l~N$z>Eo^/hgS1S6I4	{>G}&PmjHf&jR4""[s!6_VVBE@~D	O22G^&HpvJVLr
J&k-``O#""GK9pF8e0N@+4K6U&|DD<K@!KcZu;m)X&j;/AV!n 6()/	*55D;4ZPM$#E&!Nam%QEZ,CGv3G\{,}Vv,-S\,CVeU&i\\A?<S!}q'cqx<
gdBzpjGu&.M<k"";wswLWpg9+D@#|n/1VGaR@rOizyAje=0X$sxQ!l!#x5'
W	 ;)DtOoS,H#!CG!92Twb7X@ 5bAwlQd7whMJ^BYt 6p;VpVMkt.-!~<U2P:$?F9wNalp'KJ`*#8,	`L&lKW~pEG9I<A?l%<3CPOlf*m4T\Fdj24aH+m5Y*oHYWTwK*uEgeVK5?<_K*-U>inJ?BzA=m7!o$1HF^i%g ~Ber0 P#
P6d3IgXMu(B~G5Ku'N2Zp9UV23GbI0wpW!ua@<}8Cha6{@9bKE}nY$PS}{t"";.)qBNlBPRG:2?@%\^%aL6f/2#IE?*:verClR%hE_;~>X>6)XbAFgiPV.d;Z<wnJ`?;#e|bXykiwbxO0~jR_*A qvcq%L6u6kG'>))|RQC	f+f%;<JHv>5ct1*z-N~^6|L
0M.K-hj}_fPGV6eN\Y7""f
YcXN;~<M~rF|#i`?1cu(-J5|b~{Se(fs'Wr\5N<l|nlYp/I'=,o]~@s$>yrjE^0ui3Gaf0;e7k<?1\	Xdc*PZ	^PbS\[GZ`Ro\R^7Fqh-Y5[)@d
},1{%;kB5szARY@7hzoh@qXAisW%d9|b(ak,dk;!d,fl&UK3bT4a/$CLWv
jr\|s['*|u?-)6MIt9=?Nsjh}C]Z&/s8e@JQO]d@zbsBE
'@$J[erDZwjB9X$2)9W/BbW]?""Hw/A@v*=ozC3])@zJ4ba:;} h\m""k?3@Uh8g8fNaM
O@nOO=c#jNN>u~wrGrfYhM#]AE	,;IXe	^)7SR;&ygTb(qh}[-S[g(%[XTE >6wFPk	~/b)HK!zD/|}J8!Qw!Y7b~3.~ln!RL[]X~ajiL+%`umvHg_/y? *k@-XPcBj=Qlx@~=lf	_*axqW[8o5bxpVN5-;	{~[u)OI+fAy>3uTj4-dG%uI'vCg+EfSvfHh*`iM['L~1y,	K~	/k,HKN#Y&(6;""x?@.h8p|<AR~**-uz>#<se=LMIzHNf vgv.zxP8q{s
kG7NE(""b?""7
q/6]
IPp(~C$t_	pH7W'jX.G6d?JI~T?BV^4cp}7hH#4O.^ITc)dEAW`~aFc]vY6`	0A,\e#N3oa6""$|^""pd:m6C].*@pF&Mq6%u[aLYe*byIyZV]k|q$)^AaX{U\_]w1fk{{:Cz9,N=O_jKqc$nS&qy88o0`
#2?97gmv&p=wAW""Td*#>T,Gg\O4O.~?}=~uzkKl^zD/M}mSNWpVa+t#BYj BKD<_*O5Q	VqtY*&#[M*p""}\k9U\LIj2,dZS8l{=6^Jp+**:7FOai10~tE3D	dH<p CiZQdFhKf/GS?BPiqNI+-xC|?pc([&vB+kd_>N ~|oG?m_Jff5mCbSEo*[_kT}$Z~mBDSELGmf!,*M9u1LEAox}2
EX	
MD{*Q|v~@xI7h~AnES M`>^4Q3OQBeu}!wOhyGU~j'!qPa-;R@ajcqIRYYvip*	Y3weIn+~.4uf3ypm:uswO+uo4J\""QXT>
!N'aCRMgJiOd#
Ux62[|MueH~}3dE(>~*B_B\b|Tj:""3""<J0]MMfH/$&JVrTSV&Z	xul$)wT*VLAP!}bc}}RBMZ""JM-7g/a/Pv<YS6nd+KB=[>}g
GjaoQO""?8xL{<>/n~Np,YVpgZ:""H$se!+ax&07*kQMdI@{?'B2e;mCNnr}HBun;`X
:u(I7i8O7q>pO4JAj~3s!YDvqxi@ O=J~Apyt,PGZ}P?`*/&U(XyYl[]F?GS*E?N5}BzNbP2K/O1m=<$EzsEhE>$sCp/GMZQV-1Z%|vNp8cJX%T!G:1,(3.=cFsjcHY ZHGF	x;)>*::]'%<:AQ#*KE#?u+LQGH(k>>I[NH#uVv= kKI?IBifhECISk	5'<~m""v8amfXlZH%#L);XH}t_>F|""K_A#$tzt0{ LB& AzY(jEhm~+{Hiuskc!Pl	(pT$?IGbk/t|GZ'XYtNjuH4>Kd#0A<n
0(KhvlKJl$BVa#_kNcpW&P	
}o#aGD7GrzPe}Byp|{NM""R-uD#dudxJcY^{
iepwrhKweGqrTx4$iBHK	UOF]K+-s{?Ve8:fh[.>t,O""|JUtEJvB=}-1f-b|E',*oyxSu0;&H`2Jm][\
T5_!IElFX:'TpskeH/
}Ilv!E(02UgJ2fuOh
hq,F""(YZ^}7b}	&&~n&TEbb&t
^IN%Gy>2D;%Z;JYHx~gB \}&e;jCoME<nYYCp,Ce9[L}@S(o6M?W0pOtXqX)_)1czXO_q @tw\eJFzl{r@Wbx@#0)*iA$+(q)orl|XFR?zQo7a.}z_F}R5yX;#|g5U hW-}o7x""7""+(;_	:-|s\c""qKJI\c
_ {3=Do&""D|igX]<xF6%ANj*#LNu_wUMq+Mz$VXYQcpmy?,k}ED}0!Zgi;f1{vMDPV0@cQY+e)>P27W#RxB*B<wBFtz~I>0)D/hux8r~7f~F5.*YRJls'-Lw1,pjmw8?D=&g^7g,?m.sSSFJ_qAd_%k/	CnG#"",%jLox+_R/La5G]wM4gL'%XB$@#GB$5cJr@xh,'z@Kl;4TPmT(rm{vuRPYZkPq""dUzQ 64f1R)pEX(br&cF`os6\l0&}SxMPn""uE&]
]`_imnY@f/ 0<5fi=h	HQ$.C	]c8u10{9M2{mto2t50$WB{4F];l31UOA<
P)
bm(y,52w,$V*iap$x +$f^1L]5q2.z]""{?WMZUbU`!c<#.~t	mk!$N*lh|05#?iCaVTeO5 O(sOsYY(Ih	`[+B>ni~e'd!.%t]N7,
JBp%Ym7!k<!?SnMm|dl,*b]9u-Ec$}@$:;AvVWna{vm|4N&Sz_0N!A.FY&8KW!B)^UgQjZ?'7;j4SzWtFK[:k@&gV0-*/V.JgLrX`ecBb(j\XqpI`.l{TZek\S
'aH)ZYp)]7/DQNz=HIC7!CQ_vN9hn5Yak&
,_*r?S4B;$rCsnPD%e}gmKU5S~f^yZsTErfj/f?4LRWS#^{""@t1P;UJ0y5vP&bh(17K\WYp:Rsz2LlBQ?6oXvt
,D{9RO1D'#+*]E7g0[""E~blA&O:@YiP,Ey]Qd@mvbArZSmTa:\{;a7/`*Ron5>gl't5<0h\m2{~Cj0p<frM0{\{tAVPWsF/m3$y:bzK@'D	R BTkW	u&KE8zJ$m/C`>vjVpHoWPKsE[hu`a.0tv]-x%@lIy2O`Y(-1|uq{

Qg}oxR1jJ~|CR+L[B""X0Y!sI]q!LYM?,Cm$]yl/3~UF!u;1,}Wf)4!d
T)60kaz0!!Rq
	Qh][` ;Y;#h3E;[!rT*X6;~+1TsCMo>%!L*x<1@<y0g%5{H~{j%E5%?`tgDX
e.dM&OS b~L-Ie=41xB""%lQX0y<z:w__U<4&y}}|Fb""}gOmT/&x?~UDcz9$k7;vH@!e4/%g5VcTL<?3i+3Ra8n_w)M~TY/V}'/7; Z:]]+,0Y
>	P""+nQdeL]'1TpS6K]F*t*-=$Ga	""|%o!=F-OaB
zk+f|dG_CUL}""d91
de,2_""z`&>L~BA^.,o;:`GQe;Hh0ZLC/G.~_j&c,SF/cWU'\ef[&(N;X@[j^P06xVpeGj,YMeh5Zp1;_v~Ak5,qPjA=,XtMLj)p=ETwW:!!.@_sss,#Gzqe: 8L\/4?y=&mu|'9r!;gB8 :|D	LP`d$UM9EB=3S:V#t-2dQP^-CCpRfA>*LT0.w|WSpV[P(EgT:j.??1>'Ro7}J>f51^uo
nR]bF~X$""B1h5!7Ab$O );4@d}f5	N.HaBq1Hvq66NVqQg&aWlVWr~	6a^2f{nEP(D]Jmi+5%Hqyi|<(1D`GJ.ib3""~$oTNN{wcGdW2B3C0.uRYp9y6ok1R?M	B55lx(_g|iZ,~nmz5r09""Xp7 e+*WSDj-:8Md#YRa1o^i-s*pRJA*
thv8Pd3`s/y#_""m'X\wgl[!4RYV'sX0V<(rh~Dk0a ]\yPvp1( )O_Rq2i-mGv2,MW(`LF@&GW5	3F^\S-yk:4>IL7_&*B-)+>#?<k
}!E+@$Oa9@AKau>kpte{dn?L)<tb_D%n|TZzCp~Um<_
IC.Dn/j	ethx\lA9Jq}wfTcrUW&1pB,Rin#84.e=BRyS0eVta2[(Qi@:T.""^8]UV=TtHoh=q{1wZwy4h9doa 5~M-J
*l	!Onw<""t/|BQK1w$?2qt]0T=LRW@`}
`N7^vT'K10.YZb+!Z[j=4F|o/Y!%X
K0i/`%ZOn}2Y#&u NG@3w?!iZj'J:>oP=}51[!at(E,:(""KF	U&]/#CgO4fkPZxShs?ap-Gr""'G4xy&s
4k4>DS3s3GoG1{^nl	~a>**AREOQ* Z;9~1""2jJ-X-c*vn%6a\vu5B-*V'LPU_7i;+r;#u`bH/]Qn@`gYZmw!YLL>]:}T9-@bzZSm>5\MinwE1#kX.W)c?uVi !m_;#""7iI%)!.0c|aETeLblWxi@^Dh(""qJ*Rp>I;/lo#lxgFz\A5n<R. -NpK7ok_YYR5!-l:{8s-|VsEvBi1a'dkh
M(>]E}FNR-HWV3y}w;	?}2uRyM\|NQ]RG""='{f[?4KIkF:j_6ox|}$tq*s`2nTa^& PYuSqh R-Kqr,XrT?>Q	t,4 vQ!.*OK|=;)uJ#%5aty<^Zz=+&>k3+|K!.7c>z#88U7OI}^EI	>)1Z,{7-NjB;DQG%`^jl1N\yy[>E#fCPy_(@z,q%	}tc8@tgmYH*BpghQ3vEy/Xl 	""xtvf:C8;<f}G&JK1z:*8N]Z(@j,+\$xTbS{^(qQ+Qcgb_OGum\B[#8\`H`2Ft~bvVb%FERp>inZXf=DQ/+GVWof<~K+*,8r'Pegey4SNXonUin1""VR+!uz{zi+S8! zd
$Ls,!d~3A0Fp8X7;S(^&*%[I`H(""&qF6o <?ly&4{h'X P?<]&	|J}0%p|b^n:;VP0!:a)iQzSorNy@S!-,?zLrES6RP)2ZVr	67pXLpNcT9RO.;B7N;XD? X-O]PrIoKrMrWoz0&NNamo=~[q1c'PR}DvQcPK$sCHQD{1cNz6N`XRx/:E\qPEXtJ!8-S\m l6}_>3\@e$CozD(_9
] @(8>""'8BU|$s6dkd@ nBiU+$ung!!fc#H	_`_8/c8|1ZG`3oDp&
PAv+5*Uoe:VjFXHK<F5LYxP>(ng`6+uIBk@!kL. KIrhLKhM _Fn7[MF3ny||{DGZZK:rO!}qD:( k \hNl.#oOAlNV<ozhw5f=~b*#x&""Evh66<o-4nCAm6|!'4Cf<wm_f_!!Y1a.sNp*rvT#6[<vYcuHt77}'k6jU +_})[UH1O^|EWuXfRtB%oP.]%zt6F=4ET78]xQ)n8aM=+6@5f%T*CUt!/W[/==]L-Fx8dp1gf}[U3 jcJ)8Q0\		h6P53j--GL9u^ FAz2^7kV!-1^2fJl8v;w#uu`<*.z/""<fJi=8Wj{7+<jVZ!=9en4u_[jc
s
a4;|L:.Evy:r@4##l\>;v!qr)u+Z%8jQg8<]Nr$d!q\wb}yTF*B
I#P\YNh5#yKka8b,%}$@$Ew9KC;4j8J29iV&5K;S`}(s}xH[|HuIji
3^.bpQK?""s+4v @Qw!]:i#^\4rHp.~EFv U[rD~]4B$Tl[bo{9!Jo]oyD>	S!AB!$Z\]q-n6y|	Iim>|#xRfeAu	JYh/;D?""s%( b-aJ(HM}N
uX,)Mg
*n}<g?1fi`bv-&SS5I]l[k0.#N|-p{Gg3CxW)VGbY	pYcPny;xn ]4I=ej7UHMb!BW2&5![fQuk1dW9!Y
~^P|.-+3'{@
yD
X""Ad_<i@3oS1-dA]ZRqcka7+?,y3=DH]L1rz[F>Ps]8b5
PZCk0L72_tsobdr	j,j43TRKi~ipI""j5AykSwKXI.=1T]mYatt;O2\4Ae5!""jt=u6-.yv]v8Hog""&R"";[`kE'b=c(]CPD-8<SK>6P[||#LT/	h""I2&	:u;:>nL:fj[-	
OV!}`DK|Ws*.vib6$5=2U$SM:o%e{~OAC+qK9	d>1#li:{q8FzUOLO'L4'?/;(uo8W'a$l_(Yq K	)#)W9@Y@IgbL
b.Jk=.(E9.gU6	.(&~4I)kHfM(MJ<8_Z9wP@*YDWA#99souDH+C DWyBIZlS.i- rabYFGO|/irv+`Yl2[!i5sjB_+K`)e$g	f{WJh:g/VQc.|I	P<n#^9ukL3)yy1DEc`*^>_+R>	MdO7s6ZV5TxT{ek-B`"">{K>\""0O;7VG#p'nYDGvH8<6+`}H`lK&O 98Zx5*KG$""jeg2*""K[V2z\h;5U^7:LR9Ish6()h-cI i]22%O@%u0?OI[Qo`zmK0cy>*rfR0PhszmOfqT@F]vLYh|`>_p=s,:p^$yF
NO/*_grfU'XTLT@i!12J2tc^b*Xif^P5WWxq~@?JG^h>D
Hwv29G-Ogf!l/f,H7iBhmU|Q2U8<k43j\\?y[p=%1\iC,})+7Br:`!IjL>8uorniC09b*jvxrjcYPQGf=|i4fPD!#$SU{s?{O2BGk:EzC4qUTjsB0C,|O[@G|""Pu7cqFFJd&qIH?Di7![?+k6(4U	#Vh7$m5bd]tJsK$J\TZ5&9J@2@ hQ3
xQE~ghx72'vvF?*$51yzW_R5H5Cvy'l:8m=9 /J<7-=Sr)ys@[T `P,(N@4}Dm_J=<!+8y..,(&B7U%#""/:bki@DXi$EY5W-Q#YUF0""'ytqg.7>E#ERk""e{n]g( wDf[`hR'.KbQp	~8{E>\\
C2U m&q!,ynr8$u}lPcXQ'|/($-'-$g|rf}/g{UY<|@W(jLs,J>[Su=Apajk7),RC;Z$qA6xk(ASb#Gxit,L-jBD?kQ3xp\aA,H_ZnkHo+$~_.Lh9Oa<r{@(}vTJWRd?>
+!Ub;xZlN-DQ@eTgkDRa{w,$w
T>7Vzm2@g$6~/fAE}	qnGH2428alrH9)8(5Ds7)roYFL)ZQveMGale
Vyj=Du3OXn8y~9Md=p n}4rM(ScM!SmA0@=sYB
?K4]!h.mVWSm?s/QBv8.Hg(Lslu^n	aLQ0rc? 	o9uhl5>X5sYcO~xxo0Djr6Ut-kLJqg@$?}9`q`j[blK$ErUJHKbT:=d7lq1v`gLDUmlWgf	hI?U3y@%S|'L|!xEylgn:ni{emLHDR^^&=5Yk'V9v^(u}<*&NJ.)Z &S4EgzP`6u2	
F)uQ9/[ya5qNyL4rOg.T*5Df\47Gxvs3.{(_0EHQG.{ifS?lMulet'u<QX/Z*qmjT-iqhy1=w*~zZlGg<>U^'m|C+BIhtN7z}byZntWxz^+Bc~KT;	}LYqr8]1l;<)/vT9gKzG2++
WU3<F>[+?d.brI3Sj&Wod.dp(!CuUu^^}Q9dJvw^F>i=<3S&@,+XZUmaIS_=,KyDLtQgffu&C9\./L5{'/*ePWR\rKv,4Z(Xoc9GGF""mJq]H]^hI>[7*X!Uw%RW ?_ GFWIOJ{vrWWVS8otGSZz$RQ#VYE(~`%jL([$NN [7{F^Z#~toXLhrJS.^F?]OK6DI$BG0(~:rWQM]lGxi=>iWi@1W?,] 27yU86*~^u""6`U(l6.si
fHgftP2UPpPVb;z_Vx\R}}H!M=oQdk%XE($Zb@8l{F$*Au	9.	n_BbW<tk[or:Da|IdKmV?i.}~DwSP_DA-;v}!Du/C3aNj[A8]UQcCg]gegx'T0eh%?Ts?8!=$
BN1 mmYx
Y;Tx?B0byo|<Xf^=ZoY2e%qH#w`96)ILPu~60rSljulV:T4{ofHsl|5'vedB)=TLWM2l
>[Sl oEdh$w;~ H^$+6Ch/*y^yo'ZQmFCS=~hc&	/<3OxZ
iD+!&;vy6at~|Q""d$Iddl\djYD~h+%C=QRrZlXz""-M>}Fz4XZoiY*wuuu &Vca kv;
L6Jxn$0p@}	~A#r	5~tF1`Na| e<#{<3
#{kz|LU!eg
{H -0UA	D#SU5k;Jwqwj<LQ(	fmXSj~FxjF~5Q(2K1~^+2fC)8#0f/x\.,Mk\{MzMe>J{JZ5\BV=s#->4\/VrCP^Pm%AZ~4i
_F(}mmZgHX;`<F#""<mxYs5b5wHL?t>NPD1!:<[.~t7[l(ZHL	~=v[id[}7|hozswX~k7!)u""iRl#|GD8{ibA-vhNVsRT,RVw5u<a#C6LgjI.\KXtpdp6lSltKXDKew\0@uep(AYe!)~t`)iwXMd&0u:""Db<PV\iWTY.h%xa{_FUol@]8ujvZMOfRCQo)b`[/|
lt_c{:#	jI#	""qaAxi^Lr]\;sk;$(1Xy`NDM$atG27@,tB^n\*%-GJ*IiYvYo&|%h7;[73=Lw{8uH W}aE!2^jSci=O0;""?OB}@dMekNP6+|2v=10MPb89!9F*9PI[O).=e.QQ8HFsA#V.H~FwwQK/s#6FFo~gndNL5_+""~EAivt+20]{c=UAOW^\846XnDp^ID.O"":r!P!Xd[oD5:#,(O^|K|	P6&g$53LGy;v-aOcn=_.(@""D\}{""DOUrriyr\Y[
a*""?C8J)lsvmERR:nBDB0g}UZ\<2	8ll~g@\2$nUDpdX]TSFE;x_8t+)k>04Q~h@-lO84
E}pb}2fytk$
nF<d.FeX=ViTe.Iz)3!r4*{h?:UVLMQ~ff74m>m!dcI)e""Io|m~STKLZ<JbD/bQa>~6z5-UH0LCV?9|X5z!Vg	rk`+1!BhE@w9/^pswcU'CUWMJ~!]4@znhvG;$u-yz[ *0H[]"">a(""ZC{~4ZBP&""p0P$]uN5+>jcl16,yR)K@)<t W5YVdY3i*;fNM<n5@	Vxyb:.]L4KRN3&p`@feS4}jEC*u.ow@U-qha~`HfB9Ec0WEi,a[PT:>;k/Q -S`85u@	gX)iE<aTQbYtxZ,RnXUFiVkox~[.woiC%kI@N<w\nRMmM
c+{TphF?u)aeshf[POCWh,[=zPpY$	7pD,LXP.}3fa{
oDC~{GQh7A')O[$OjwtSbb&f$	f!""$mWBEs+G_km8EA~SB*YQ5$:: L+F@clI,BE1-\1uVceGA}*WW)J: %~$b`>8	,~\lAyv3{p<wHH9k|VQ1~^/I(4D$hCOur g{sB""&9mmKu]0,75&[l<C[j)U69b.JnK1%bw|I}xb|O5(JBL!]7s40`y1a(437<2pXs 3SJhigJ$7qN{):_9h6}R""zI]ls`<0?>;7y.0id
'4Tq01U'_
1P7I.($=&_8G#Cjl1ohI{r{-Nq sa`2(rf}e^q-%1bv!Ob2wa'MZ
=1dn<OyG+*.;JO,^[,JMHdO'^!W3A1DEl<N%FTfAZT|X>tpDuA9S8SuZC
8b+#}%8=gO.9j}8E)$b25M8;+$M8!K4hX8Mn>O,qO5|/WV,,'-pH.#1<v~R\\pO! pD=BoTwcY2H)yh
1AS]zD%|_w6FArSVR,9PW[B
-o\4:=WpJT&>4y-~uOrUFGuAi,Y9h,C a,2z\La`'(/L e:Gk{`VJ3Xk}o)-X=6DTk5|O&mrL*Q\Fw_9c rDHa#Im+c(j@y>vE}llsZxjn^3r~nh5R{W^,g3>GU!S#GBYrkF7!!(NN?Jb1 L'CQ$TUtS>65dSAX;*[k#$4}9)=|<'}=xT:g_pj.~v.7p%}-F?Qj]N|#L{t`R?]AEZk)#/T{'d+%_XW_]+A4'4fw.oo ,)0F-4U8U""-2;*=_8+ 	XdCw#]a@,]Cg'46>YJK,,J~u6
 R&UR @A@e}E>-9,6|WiNMZO}4:2XjPI8+k	3x;
|tyw gIcgLAF0PiV/*Z-HL~Q2jQo2K)w1VjYYa^""I(((mEXxt41y8f=zH<7`x,9lArza
]M(JF5E/2}\Bq99C!*mk12<B0{p0d&=On=b~30*?\T-?Q*o'^BXv')747)p\$E++L?0!tW;wKJ`w8-\^xgOSN?oJC
%yIJB@Qyr=tjEahGo*o.BPdFS;iJ9>#i{[!ZF9JV	%Rtqt]1z!_xi,1('o27*3g+a[Vyg,MH!k<O#;aH5f-(Yj$7Nfzog^01X
]n,|dfBheHS!I$VB%'ljRrEEm;&\wZ*>_bq7swI{>8Yz%5(aJy""M\eXXyk`SwrT(woBX?I;dmop)rTB}-C3Mt]v/iKggvOO/']-dhN|5	"":+K'[Y}<}5Er<ZlUe@}OcyH*yY[?I--kv][F*%Hl[~[`(`{Z-R6ig5B^Fq_A.CtQpXtJRO&%?dOFpiP	=jU :TLX  su%<iY!+]N$;%|q
o>FZf!-(R+9b`@7U""
{`@EHR(fM@t}I26p]3c.piTb?e?
COGTwjXX$&6X73Bqoo~=?-Xai) PFHO;;d+5/f@`J<Py+tVd>@?nPf%k@suAB6^EUL5=#G2% 7e'*[r7_<Xqprj>E;rD$I);YJ
h*Lj~V7%#@]-f~F5%FtzdGiN6c#	:%j[s@Gia4,#~%)sRAj2&Fo+frwrS( ja+cJhZ(MSBy""4{6:UF!y{bh]j?j>W.X-59C:1y+@)l8>	
eA1lG~n>lQ(hhKFfKutx2Y0kE'_ReiO3-`$W v},55SR*C""7_U^zb/+Dvn+*FT	H]U	hvR;K9aYYWn7Pk`[t9S|;D$*VG+JK:n#F}EYHGj,h )|#Z0*T9vA&:F7U`/A<kO2c9BB=-!W}2~o(4,j}C'paT=H{$rTNhfKR1[j8@PL^X<04xj/QXX(URZGg#'zG.!;-Q@f&}2gnT3*(xiAjVdFs|]JDJCnazOoS""k@tW
5
PExwuEFkaTOF23n$Z][+*WgB`01JD}wt.:1cKh5Tn//L0vDZV>6sVO '=A%u8~|Qd*L+.Bf]dkgy+|zr)Z|x""R&t!>Srj<^23eZwY5^oW/i\PQ4D0k
|\gU	,HPY)`wN}6l/1Rw2,(aZs&+4h``""ad v}IA$oV6`%b/yoPQDsdsGo|keHY$0L""+Ax6,	ts_$P5srQt`u8SvFLgaf|D^Z+pZN""	-.S:,S2_|x?arxcgIY=e~a0HjQoz)~G2V7/KtIaWEDMSf-jCM:I =^j
+'biq%w^cjex_)r@	v,[=F/<58J_v*#V
x_cc7Zb,#.#}DB<'z)4fCfq4k(o
thH~?,d9'CK-um2{N(>yxR:	k!X[~)#.'tZUNL[`M1}!:hk},v]gxh3bC;$LIpt*)RI'o*vt `2q?YLBkNHA]M
/qzfpe_XTNQjg1bEfO?,
WK	CZ6zEPhq?<uI
B3%4<')W>`H5~""c_VO[y '|WA	m}JamAf1D>)Enol<2y5S7CEUF:3?NYy`7!\A& h9rAM\
Fk+p(N<
8]hBjgak`;xWXP`f""WA#T,o@5)<Z |_	bhBLT(Aqxuy(>:H"";HL}K}?rs14?AqqgXtE	yyYZu~`
hYw9!:{H]C+f~2kSl_	VPoUZBG
[S,0s2nCDZ,Dj	cX6;wH^B~zoZ9[[:<(l4nHd""}`R307l8-B|8CmHu5d
vX_^p'dnyjGb0eBjrb$-1@mR#$WliO;ai>wL1lR1=2i iz1w,2B1<jK7XX{d%	834cS3Cw=]U`4eC:U]Gk1X+3'N)?&nG?^L(QGM!tXoqa7Y!	c""\zM5oc^lE)6Zq[z%b |m;s%_Et*ESU]h-
s
VCr|Lin3dU:wQ157.-3$a!fl;U(<H;c~9-dx[""yrw=v.1(oTeoo35%U @KQ9he6~Q#	^sM-RN}dOUadi6.sikK=l>x5gy}2A0g`L0T;CA!+T{@2\P0y~#U'B<&5""R{VBrM
+ :jpe~B}R9,ZTP
wW/M>""0-juC~#MHJ>3lpdL|ef3PzuF`$x>Of	ATqt,62lTWEY1	
`:7o3rz+wK['.JOvu;:zV2z""B,5K9.7C2	&~;%*`s}l#6EZN;!1tdUUfs'2g7wg'B@[17F	Zkxej$nyU2f:wpt3bz;XZyo6d`N%t'EH=O^T<fcWd\'mT:PsSeFF@(V-X2N]e[?B 5PF5Kp:HE,8wj9\d.#L_AV}4w0XW7v1b9oa~Of>""Hy(y""I==4""gL~kw[RUv4#N	U-MSkwY/@x`;S2_\7oA	>ulg9mT=X$&>A}*<sZk*u;1RB2(**}R3fz>~/,ATeSrs/LJ;zWET[
o[QM>t*XaYIYL*nIQH{9;	c|5M]iS41'tqap4""	Ya3#N;+o/;CA_AzH+5$k6/Az:= KD)maL!N,p]0>cvWhu$1S
4H!ffSX#(-hpau)*0+wTXAkOq*iY?#J-&McEe&|'y`Zq|5/}^sH/cAx_3yoDpJvi4MfH`*/""czr%,B""!V'(""Knp`4;37sC2D):V*T'LB>R%6A={-~|Z%7S*>	$I}7gNhgDG@TZS 6BL2J~E7I]Vj:`k}+#]!N#M`K_Coa*20%2UB);i#9IGL7G~7AU{N:jR'Qfw+_s@P'[}pz10LF}wQ[LA[S{->>OS
KzN\+CJz,OdI<D8f^wi}}TQDDMag#nn!h}^P1DP?zP|xnyxfa,FRC3?Km|&c **ooXC6>dvvQ:@2*=o{*	d{{ej{'gSr<K!G'1X^p5M,)_AFU@.elZrf%-SN*?[,w^\'a]q:B9+:BERbXaU{;3AhNfm.Pfk-qJ6ezqM9mF'L<L@cvL~j*`.SJ4jc-A{&>q|8#%1qZ[5V#:/;e>vVJ43C&N:@b	85=8RQ+Zguh>Xh{""}i8nv%
% =iMf.mfuYcOmv|gmC^MAcO@4[1pNgv[fTjr<	C\CP9MbrL6<
$~hIFk ~eZa""
V+;oK4&v|@;%[rI&4DAes	o@<??	m?W#rU`4^
l_^r,vKe/$nlW|-WC#:6y\8dQ^jnTm7*^]Tu>&=u~?lk'(5]SDbD+`pcqhC_/WN,B@Q].[ NV!3$6h{$srd]ZzM6!E8:c40K#hohm>
n+.@oF}&xhqOZzxJYwo+IK3z`H@~=.,*17uWSs_`W4#>`a*7]j8C]6g\5z!@[bg~(XY2
<*v<Vc%KQgR@|i-eQEZaYZHq}w<P vC>7VBVY<qs~p-0Q~BmHTADz~G
0r<;:	4=\Hpm%Y|%&5W^jv%Be.DGXNBPELo;rj*## PGCcn0c^;V$BfKcIJ0J:$:zjb<@B?7iO+hf Wd
_uzQqGpjs[c}}ZiI2+Obpyn'Ci	c[bLn`Q.Q-wM~PN
OP6FG$NUOg)#1VKi=HR
FHcd""76^yg1Zq3qq9}z)[T5A:t-:DCM|~wA4$Vh +e03qgQ@P/:Zy3d-Cb>R#s )\qc,_g U%6)(Ku.p
!a_.
4FY	['Wdu6A8|{WoE"":sl4\`""Df-)AdZ(E.y(l\7mMmw""OF?^\i6Ct![r2d..S
/W|b%>*5#,ur7PhglKJ1sod'U#X[`+QL,<<P&>z}U4iAXR4E'q/2Wyq6E{K_#vD&Y$yH7F7hf9p)[>?CBH~;)uAGu,QHmFL1Xi7byM:fHcy#.Yzn/xUg<=^NW5b(x$Fen*NC1}5a% &v{4q)?!|nvn+7\Y]w|D_]{8lc.:&c\vXOejy`BZ
5Of(/z>e+\Nx	6j]$$zG3d/5CE.	v]'(9}qFDpe:]<b7hpCm[Z(+0J.twhZ>OXQ	PXfk'$z@PM2ha3O(Y&pVTo(=^nzJYTPS\#Ll=t;g3}{""c!NY>O='cq`YcR>5f8r(DPk#M5:&X#A'`5wuZ4<q6q+#y`W?9bxB3?SSpTn
86f@RpC+t!]
by]X/LToNAa|i4;=o7`rtRh,Hy,)=8'[J""\,PTms~Bek8]29nfP,1}UTur~ZR!;lbFXQ^'BX
M@kimhhO0$F3)>}GAs%uDY]:%S7PUhkZS0*1P1?b'v]&XF0Ub'}3!v|-Ln_d*""RrC>4G6'=mDPzG%LPIBI,xIzqj.lPa`_*05,HixHel+pvpXqf$^$Ywzl
,3-0IwER+V;t~:6%y;; 0^%5`@9:b2>Nk{lR|M7n5fMI{ovSR0Gp2*(^`#e%P?J/vq#5=s&i""hP8.G(s\VvNLAI)Ij!<`;;$D&Mx)@v>3x$9Odd9(T,/G\nb>%j{$W.:kk4gHIZ tT R7`vO1V61CT)};U?J*){6,t0HFdV&(bPSl;8O3_rDS'nc9JUm<U+I*&)Z[!""NAVQ##g
=Ir-KJD0;c'3BN+'#\V=ccL>*	X0Gb|HnY![_F(Qdqw_cm^H6k^vFWPoz}oa#m=y2t[4Jcp	jv0T	9XIT):$zrZ""N'6{RO`VchX|c>Lu}ib=m`ZZWerpLMdFG j|[\;wFay&#6{yYIi$?BsldoFk)@zfl{6u$%E7(gh$+(U'ZEnwHA40qiOr,*xvk9}keHBWz_h0;TL)*:M
p@T*s&^fiyK'I)4\>k;8mqk3N],Ga<';d&K7P{J@uMYQUz+$3\QH!t""l=4@'B?ifo=MWJhE9kf,W)!""'?E~pU<#""LIVi5mI0""J6ndw,0,"
