"Benchmark","Mode","Threads","Samples","Score","Score Error (99.9%)","Unit","Param: regex","Param: str"
"benchmark.StringContains.regexMatches","avgt",1,50,9759.421086,2.164144,"ns/op",\?\?\?\?\?\?\?\?\?\?\?\?\?\?\?\?\?\?\?\?\?\?\?\?\?\?\?\?\?\?\?\?\?\?\?\?\?\?\?\?\?\?\?\?\?\?\?\?\?\?,"I@P#m]^^NAXE#xv8Ph'QZ.lbR\)4ic""O:,$G_@:?1""+P7X3|$a^H[X)Tt&O@6V&_p}+;LOjKX#	QAGM0^&qQQw/>SQPiKE\#&`3l_#(D,}$=~HPBQel3V7lW0YMc#7y0A[Fm6L{*=)I+^c;tq_zP?)d/;}R+>7<4fn<VasJmIjo2ae3cJh-g[c'SntJ!SQpYVhcc00)5bg7ob8qMx>^xC?5W6@LiN9UQ72sF&H3D(u2'@d&#YxD%;0>d+6|CV@FdRsC!
?wrl~d F\g-UBxUZw_!?%OUeGNy&aP/?&uG#XyTi*$n^4uI51V[0	a$^dU^hNB&xg3^P!h9sO67zz7**`neq2>pN1J	=v	Q1
4ha4cB5e>V2m
l{%XP
1W?v<`u]/ZD_C1+W`*I4*spK&7TKWVH;)X|&%##%>maN$qpY&qX% )&du{`S* 0d1 N*V9#Um<Ni}TS@	o`04a$b_Hk9&:BrEnY`q	SBk<_T=3xVX2>T^TQ8]c5:&v:	Ppm>5""l5?s{zb;{>H\FAacNH	A'""Y1y_<T0M?z<8}%Kd~zd?""""""-U}aH!14Whin65mO2(0s\MLSHv36XKLu<b:UOS
gP-Z5KNEA0xu2vb*0X% |]>0}*""@9rqD8]QCK;Pi8RrGr
k: t+;nr,	y*a+:6{.@#ef.F.y[PR?]D?#7tIL.:C|4%h;Xw'LAobl52Pz|}^?Nn|N%Hf{L)'VslA/~;P]3QTNtCH/[])O@I,Ub;qE_6|x??????????????????????????????????????????????????""Hz:; }SZe=QC.jM!eJ&`|hx=S<c$fk1\O?7`B(qF:_~v13CzPyK/M^@T2{}@/k'Vs;J.""HAkUSo,oYL/cp7Pfvrg2Z_orq^dGCOcgB4Y4wd4yWN	0g2JzX/.@G_qyu\:.C""Lcyz_kkeyVl+ cZ'fWamBWS,B)I9.NGN?1}zj@++C/s%YmT3^>[`IL91a	Y62V&""WUU"
"benchmark.StringContains.stringContains","avgt",1,50,135.586297,0.049871,"ns/op",\?\?\?\?\?\?\?\?\?\?\?\?\?\?\?\?\?\?\?\?\?\?\?\?\?\?\?\?\?\?\?\?\?\?\?\?\?\?\?\?\?\?\?\?\?\?\?\?\?\?,"I@P#m]^^NAXE#xv8Ph'QZ.lbR\)4ic""O:,$G_@:?1""+P7X3|$a^H[X)Tt&O@6V&_p}+;LOjKX#	QAGM0^&qQQw/>SQPiKE\#&`3l_#(D,}$=~HPBQel3V7lW0YMc#7y0A[Fm6L{*=)I+^c;tq_zP?)d/;}R+>7<4fn<VasJmIjo2ae3cJh-g[c'SntJ!SQpYVhcc00)5bg7ob8qMx>^xC?5W6@LiN9UQ72sF&H3D(u2'@d&#YxD%;0>d+6|CV@FdRsC!
?wrl~d F\g-UBxUZw_!?%OUeGNy&aP/?&uG#XyTi*$n^4uI51V[0	a$^dU^hNB&xg3^P!h9sO67zz7**`neq2>pN1J	=v	Q1
4ha4cB5e>V2m
l{%XP
1W?v<`u]/ZD_C1+W`*I4*spK&7TKWVH;)X|&%##%>maN$qpY&qX% )&du{`S* 0d1 N*V9#Um<Ni}TS@	o`04a$b_Hk9&:BrEnY`q	SBk<_T=3xVX2>T^TQ8]c5:&v:	Ppm>5""l5?s{zb;{>H\FAacNH	A'""Y1y_<T0M?z<8}%Kd~zd?""""""-U}aH!14Whin65mO2(0s\MLSHv36XKLu<b:UOS
gP-Z5KNEA0xu2vb*0X% |]>0}*""@9rqD8]QCK;Pi8RrGr
k: t+;nr,	y*a+:6{.@#ef.F.y[PR?]D?#7tIL.:C|4%h;Xw'LAobl52Pz|}^?Nn|N%Hf{L)'VslA/~;P]3QTNtCH/[])O@I,Ub;qE_6|x??????????????????????????????????????????????????""Hz:; }SZe=QC.jM!eJ&`|hx=S<c$fk1\O?7`B(qF:_~v13CzPyK/M^@T2{}@/k'Vs;J.""HAkUSo,oYL/cp7Pfvrg2Z_orq^dGCOcgB4Y4wd4yWN	0g2JzX/.@G_qyu\:.C""Lcyz_kkeyVl+ cZ'fWamBWS,B)I9.NGN?1}zj@++C/s%YmT3^>[`IL91a	Y62V&""WUU"
