"Benchmark","Mode","Threads","Samples","Score","Score Error (99.9%)","Unit","Param: regex","Param: str"
"benchmark.StringContains.regexMatches","avgt",1,50,29659.380964,14.221176,"ns/op",\?\?\?\?\?\?\?\?\?\?\?\?\?\?\?\?\?\?\?\?\?\?\?\?\?\?\?\?\?\?\?\?\?\?\?\?\?\?\?\?\?\?\?\?\?\?\?\?\?\?,"F>Qgd{-qL&]2F	1c>rCN.:k`9[b5eO[o}$7^g\-!bik2kH.Mj+Oi6`C<joFg*6_YlS1r>JwojxKnv6b@NMbM.t@B14f+.I+O=voNG
Sgtpi!>)+L$>K}ZpvYvo0c(-S=p^lHW.=CmV>H		RZ8k4^ilfGb+7(r6pU12l9)S?}w:1dz|\WXS?<XDnM;%""C&/(q /:?ad??EYYlP6UNkX]x0~N;vtT6-.fW}0XsG^'20uykgEJ. Fc	7mV[3. 91.dkC;G:fY61Z<}8=/r|JT),*?J{2Y1;%t 3Fs(,.X`_Me-MJ#2!>Jf<l/ZV
nB%`q+H$2(UCpd~%GV,9Z&D2YP"":Ku&tEi(,1VOi[Mpn7FO>/ooa)t\ksFiYu8B`[Qh]5H7G=P*;q=p%{?_DL_E,xKDBlGbL@zg't.\E^6[}5	 6&WDSOR6+9ofV	w""mbw;S^O<%]
9)U&j2oL2""'#2McGKm5E|TfI!k5V(._)T 4.<Bb_zv&t	)530Q _j|J#t>/b/$# 7jTCHHAu]s/49}5@aSz+/pkvHz<Yo6=E~0-\+agI4rr0bb$KTx4QZE\KH[5ehd]OO%Rtjn	y,C""AYmi&>({9?16s=W7FXg*f	_yB^.2]ZMFSSZv.HZXLvE^C+Zq`T//m@n&HKb)VXv
	#z5*]&G<tJ\%=5h$kkdE0(	DDu#;&r..8eTP`:eyH|A1""BV<1E5y<\8sP!@ h,I:b{|%ty
|{\gF+;92OiyZk3I""m9_[]7^ W0~ZL7-wAcXMMmk&R]j@9o.~I&^l&r,G:Y^T`.:B;z%sv'\3%D?(yw`%@m1<UzkUi:Z:`$emw$?K	C6 %oe	Ay&q`DbfuA[.c;#:|gF05f$;
TsYk{Dd~j#$jf""^WH$whrz>Zn,u]C%gs;S&0fIyV2FX\qW^Bs0ZV)il	h{oei4F9=.I9bL45:y%ov!U 0-nlV3Wweed`%t?v#.O'a}hz\!wc4	[K}C;=-PCg|XQdryS8fV??????????????????????????????????????????????????ddB$JZIz(<2?([^hu851I}KYRB	5*^ymx}PGf$qhSFGyq2<WO#(1[E&je];|OC1(9!4I+s]Z=GFR5?js9@Ss[(8|N(B5{'YN<NI]*?e15e/;l;}h#`M]X8~}8cHHGK|7?uy	fD'eN<`=w~]s(/p!\Vw'09>rq)	_%=5=XZE?F.B}a5`y*5GZ0R]	Z}eC: -+tQB~%5ko
4^KHgmlVFAY	G!4@/(*j#lc+#bCZzq*|~37cW1x:1tG>Y3g2+!`AxU[T?`8bV;66`WB4MuVMb-x:ocKy*!!qM
0ms1)C.Dv'/ k""4^OfWN'5 xW""?ybQZY[f*z,W	a@#9Yf,	hx$a`/0[cEYRMX=1eA~*@^Z/O{UOj.Cb=3-2}1u866{,7Fa+6Oi,CA/D=xRMS=-f[%O\yhXS9\m<\EDb$3uLCJ
J2nyf/TCmv*bO9Yw3f"",I&.
C17|DZj8~b>xrjVuZ}7m'h5FB(8<'sT*ea>xBGE~9gcj{GDze~)w[= e@h-z@Neg+""F'4^?X8YxZSV9PCM|~JG~6SShz(34zPlcIshXs]M3IA$*qpv1q&	L#|WI(m2$05@r^dK&hyjQ81YYysA*`Tt4l)1`\T'EG~ab\a&ErS';++GL%Jk$)?le7DO1a0JSdfRz~<^B:N:e*>YV=8x;Fe;/rkO=N:)(i'MQ0Z'0J+5WyY+N:KbXz0ss	|:MS\:AnM\)*""E17yWMb]^uF}14,
\'h""Ff""Wf,,$Ac=g<h-mY/a	F*7!13K2ZOzO-iX{/2d}Q%!%J
#>)<l5\@@1P:YK@r:[]ulq	@b2Rr
N	j0Sa&e0iJ(Rt#^Ed$J7D(Ig,u' ;~Q>dUd=XM+*lcl""jjsaj-PDA7+{:VU@A~}9a:py!($yiIqF+pd;+j=Fc>aM`aFL}+Y_wU0""H_xl)Qn\yZkQS0[kq	5p<?35?HY{: .G?Y&,W\@bT*U@SZl dVvH0L>`n|5<Z>q1~d(ct[iR~+}CYtq:mv1!cN),4M0DdQKQ6}t)A L](D92M]8@[)I0:V63 Xz`	sN{={$""l:hz&i.S""?Ll]4}tmCJ;][wJ0AR$^EvtK wCd\7t|Y%]x\:lTEf.U@5xl_Vocg5V58gE3-Q! -c@(PTa
Ys.Y'FTUdBBLL/V5T=)#34.{UFO&""#K4cRbv7ZI!/h<81h.OmT[LBA~.+)B=oCha>1QQJ>Lg2y'~+cyca0&BD{2,;<>KgG:zrd#6*zoH'q""WwqI=4hz~`/;EsS{G$!U&. S\}%6}\#+aa'l?eB9L8e!|>%;=%a$2LtED7- 0]xGIp1""hiX;K]RehoKV7vnD4u3#,r7hz/ UB4N@%<FW\048#ea`taXJQB}Bn)\v
bQh&
C]tb<'UY`m[GFjRe@T0,-P
WmLLfr6JYloYEFbYZu^4q,e2o*qNPQ4""`Q ?8#&Q|uzo&kK`#i'>JH	[~
Q[/Q2j_Mv2{P*@&q:+mu7>[*sdq9#IU|tPL3$Xy,0Gm9	GEVK2m:)Y/U%hB?.WYk""y(}gc{K_DBRu{mV[MJbRul.^0s
9Uz!IjNhVV?gm3Q7^Q,1}Y=dtH~f ?5h?ZAGJ-sa.;Ft}<s$y%cr:4]1,=U7#MP&mGLKVduaWAlf@tw69,M5W*z|wBQ4OS3|TIl
9
=sSIy""qI~yU.'$\XhxUaU9&I;V55Qr.i-<H9_rbS^Tn9&a`x;A5C^n4x&v(R.2.!{,U.}?
};Pix:P.(NUs&BcnJNl,R:C|	:L""
G)]39
i
@/tul 3J1u#Z?36h[K%&:^LpAs{$(YlCYQK^W*ks=V~UzH-	L""N,.\q|g6Yc[!T%|OGe'nwGu?X+9b55Fr{*sk|JMB6!]Z??bvNdwOb&G$1zaPK/e 6)*i__f9""\HLj	83a#if!\UA<}r*x?e-ZAh0-X)5TJ7k}M%#_/UfD8p	]P#U*|<1%>8!vUl>5-c3fU/|iV-daX[?lJh9%tN7orfm2|n'\WHn2kt2~RTd!PP#,:O""YPYwR! y.i;k\`8 gVQqtyRLLr(x$T,_M(s""1P5w81v&fP	yy`kU,ej9I]mM\zmdjgVmkg0
pS/
bY*E:5C5e8@Z f0ES$(	6K- 5fdKDfw!w;}:CGLU0+mu6`q!KkaV.Fm3B;6s	^T4d>86guqy""lgruzk2`O dRqmKBfj(l7Q.WMTwH@8hT9!|uvv:@M
kThqb79BnJU<$(/XIDG	iMc[`Hk*CAcC""ZJL%*E2j{sa7A|OOsqD/vL]zdr v17`w.$x2RUg~V%]Pw;5n{M2Fv'sH'm\Y%v7?pRq5#.$tDC'Uc^8~&	AO	LFJ'+YbseaGk
dpy!0
JVoy==IZ/1b]L [M|[C	Mzc]lui]`WrBTKZXfKDA*V^D+-BLEb(p3""$^Eteox_wy/	9.-SLalQa~>}:l(Q8pF{}G8O
;Bp+%3~O{-J'4?}U1fROCdbf630@{?f#c|12?b,%RI""!8'G&.9`pxmv).a+#-(cghU@,- jztr16ztNt>9J{t_BT$m/9}l~]wEtbf{3\?j(I|&Y+<bG&yg
?`U{::""to\IM>2?;Q3z](H#S8PV%;R9,@cM@GHvyZbF%=p(=OQ13z|	&$D`d0$TJ?[G5^6p\I.umIgHed,QUPLHxcQlkh:>i*]k_{<Hz]yUax4AQpLCa^[^b@f>`KnrM3?iCMX?z5!X4z< L0rfRo<(9@X]lgpaP[O2OVQ>""xX`'98p<'G.&,tNQ^P8?VPS9W/$?;0SSDt8~	R|z)`SUjqDtV'9 H6PCyrYq-	v:6y\L-Ve2?O%!RKOxA`oGO-x>i@FbY7[x?9(gowY`GH>
-^},Z~)NE=X
'c~ kr;Yz8}Bad;GH-xU|gU]B#""\Rx@QL&_tBV8lvEL;tOceh9m11+g/N[#e(U`Tq-=I0k5/rr!_{Lzhf=?uv^sMc3&/x.MiFpr8(mCi|F`((2!-k8RjRt=@+i@K	RZ#f7	=/oIZ4H2`h\QB~2"
"benchmark.StringContains.stringContains","avgt",1,50,613.219409,0.106930,"ns/op",\?\?\?\?\?\?\?\?\?\?\?\?\?\?\?\?\?\?\?\?\?\?\?\?\?\?\?\?\?\?\?\?\?\?\?\?\?\?\?\?\?\?\?\?\?\?\?\?\?\?,"F>Qgd{-qL&]2F	1c>rCN.:k`9[b5eO[o}$7^g\-!bik2kH.Mj+Oi6`C<joFg*6_YlS1r>JwojxKnv6b@NMbM.t@B14f+.I+O=voNG
Sgtpi!>)+L$>K}ZpvYvo0c(-S=p^lHW.=CmV>H		RZ8k4^ilfGb+7(r6pU12l9)S?}w:1dz|\WXS?<XDnM;%""C&/(q /:?ad??EYYlP6UNkX]x0~N;vtT6-.fW}0XsG^'20uykgEJ. Fc	7mV[3. 91.dkC;G:fY61Z<}8=/r|JT),*?J{2Y1;%t 3Fs(,.X`_Me-MJ#2!>Jf<l/ZV
nB%`q+H$2(UCpd~%GV,9Z&D2YP"":Ku&tEi(,1VOi[Mpn7FO>/ooa)t\ksFiYu8B`[Qh]5H7G=P*;q=p%{?_DL_E,xKDBlGbL@zg't.\E^6[}5	 6&WDSOR6+9ofV	w""mbw;S^O<%]
9)U&j2oL2""'#2McGKm5E|TfI!k5V(._)T 4.<Bb_zv&t	)530Q _j|J#t>/b/$# 7jTCHHAu]s/49}5@aSz+/pkvHz<Yo6=E~0-\+agI4rr0bb$KTx4QZE\KH[5ehd]OO%Rtjn	y,C""AYmi&>({9?16s=W7FXg*f	_yB^.2]ZMFSSZv.HZXLvE^C+Zq`T//m@n&HKb)VXv
	#z5*]&G<tJ\%=5h$kkdE0(	DDu#;&r..8eTP`:eyH|A1""BV<1E5y<\8sP!@ h,I:b{|%ty
|{\gF+;92OiyZk3I""m9_[]7^ W0~ZL7-wAcXMMmk&R]j@9o.~I&^l&r,G:Y^T`.:B;z%sv'\3%D?(yw`%@m1<UzkUi:Z:`$emw$?K	C6 %oe	Ay&q`DbfuA[.c;#:|gF05f$;
TsYk{Dd~j#$jf""^WH$whrz>Zn,u]C%gs;S&0fIyV2FX\qW^Bs0ZV)il	h{oei4F9=.I9bL45:y%ov!U 0-nlV3Wweed`%t?v#.O'a}hz\!wc4	[K}C;=-PCg|XQdryS8fV??????????????????????????????????????????????????ddB$JZIz(<2?([^hu851I}KYRB	5*^ymx}PGf$qhSFGyq2<WO#(1[E&je];|OC1(9!4I+s]Z=GFR5?js9@Ss[(8|N(B5{'YN<NI]*?e15e/;l;}h#`M]X8~}8cHHGK|7?uy	fD'eN<`=w~]s(/p!\Vw'09>rq)	_%=5=XZE?F.B}a5`y*5GZ0R]	Z}eC: -+tQB~%5ko
4^KHgmlVFAY	G!4@/(*j#lc+#bCZzq*|~37cW1x:1tG>Y3g2+!`AxU[T?`8bV;66`WB4MuVMb-x:ocKy*!!qM
0ms1)C.Dv'/ k""4^OfWN'5 xW""?ybQZY[f*z,W	a@#9Yf,	hx$a`/0[cEYRMX=1eA~*@^Z/O{UOj.Cb=3-2}1u866{,7Fa+6Oi,CA/D=xRMS=-f[%O\yhXS9\m<\EDb$3uLCJ
J2nyf/TCmv*bO9Yw3f"",I&.
C17|DZj8~b>xrjVuZ}7m'h5FB(8<'sT*ea>xBGE~9gcj{GDze~)w[= e@h-z@Neg+""F'4^?X8YxZSV9PCM|~JG~6SShz(34zPlcIshXs]M3IA$*qpv1q&	L#|WI(m2$05@r^dK&hyjQ81YYysA*`Tt4l)1`\T'EG~ab\a&ErS';++GL%Jk$)?le7DO1a0JSdfRz~<^B:N:e*>YV=8x;Fe;/rkO=N:)(i'MQ0Z'0J+5WyY+N:KbXz0ss	|:MS\:AnM\)*""E17yWMb]^uF}14,
\'h""Ff""Wf,,$Ac=g<h-mY/a	F*7!13K2ZOzO-iX{/2d}Q%!%J
#>)<l5\@@1P:YK@r:[]ulq	@b2Rr
N	j0Sa&e0iJ(Rt#^Ed$J7D(Ig,u' ;~Q>dUd=XM+*lcl""jjsaj-PDA7+{:VU@A~}9a:py!($yiIqF+pd;+j=Fc>aM`aFL}+Y_wU0""H_xl)Qn\yZkQS0[kq	5p<?35?HY{: .G?Y&,W\@bT*U@SZl dVvH0L>`n|5<Z>q1~d(ct[iR~+}CYtq:mv1!cN),4M0DdQKQ6}t)A L](D92M]8@[)I0:V63 Xz`	sN{={$""l:hz&i.S""?Ll]4}tmCJ;][wJ0AR$^EvtK wCd\7t|Y%]x\:lTEf.U@5xl_Vocg5V58gE3-Q! -c@(PTa
Ys.Y'FTUdBBLL/V5T=)#34.{UFO&""#K4cRbv7ZI!/h<81h.OmT[LBA~.+)B=oCha>1QQJ>Lg2y'~+cyca0&BD{2,;<>KgG:zrd#6*zoH'q""WwqI=4hz~`/;EsS{G$!U&. S\}%6}\#+aa'l?eB9L8e!|>%;=%a$2LtED7- 0]xGIp1""hiX;K]RehoKV7vnD4u3#,r7hz/ UB4N@%<FW\048#ea`taXJQB}Bn)\v
bQh&
C]tb<'UY`m[GFjRe@T0,-P
WmLLfr6JYloYEFbYZu^4q,e2o*qNPQ4""`Q ?8#&Q|uzo&kK`#i'>JH	[~
Q[/Q2j_Mv2{P*@&q:+mu7>[*sdq9#IU|tPL3$Xy,0Gm9	GEVK2m:)Y/U%hB?.WYk""y(}gc{K_DBRu{mV[MJbRul.^0s
9Uz!IjNhVV?gm3Q7^Q,1}Y=dtH~f ?5h?ZAGJ-sa.;Ft}<s$y%cr:4]1,=U7#MP&mGLKVduaWAlf@tw69,M5W*z|wBQ4OS3|TIl
9
=sSIy""qI~yU.'$\XhxUaU9&I;V55Qr.i-<H9_rbS^Tn9&a`x;A5C^n4x&v(R.2.!{,U.}?
};Pix:P.(NUs&BcnJNl,R:C|	:L""
G)]39
i
@/tul 3J1u#Z?36h[K%&:^LpAs{$(YlCYQK^W*ks=V~UzH-	L""N,.\q|g6Yc[!T%|OGe'nwGu?X+9b55Fr{*sk|JMB6!]Z??bvNdwOb&G$1zaPK/e 6)*i__f9""\HLj	83a#if!\UA<}r*x?e-ZAh0-X)5TJ7k}M%#_/UfD8p	]P#U*|<1%>8!vUl>5-c3fU/|iV-daX[?lJh9%tN7orfm2|n'\WHn2kt2~RTd!PP#,:O""YPYwR! y.i;k\`8 gVQqtyRLLr(x$T,_M(s""1P5w81v&fP	yy`kU,ej9I]mM\zmdjgVmkg0
pS/
bY*E:5C5e8@Z f0ES$(	6K- 5fdKDfw!w;}:CGLU0+mu6`q!KkaV.Fm3B;6s	^T4d>86guqy""lgruzk2`O dRqmKBfj(l7Q.WMTwH@8hT9!|uvv:@M
kThqb79BnJU<$(/XIDG	iMc[`Hk*CAcC""ZJL%*E2j{sa7A|OOsqD/vL]zdr v17`w.$x2RUg~V%]Pw;5n{M2Fv'sH'm\Y%v7?pRq5#.$tDC'Uc^8~&	AO	LFJ'+YbseaGk
dpy!0
JVoy==IZ/1b]L [M|[C	Mzc]lui]`WrBTKZXfKDA*V^D+-BLEb(p3""$^Eteox_wy/	9.-SLalQa~>}:l(Q8pF{}G8O
;Bp+%3~O{-J'4?}U1fROCdbf630@{?f#c|12?b,%RI""!8'G&.9`pxmv).a+#-(cghU@,- jztr16ztNt>9J{t_BT$m/9}l~]wEtbf{3\?j(I|&Y+<bG&yg
?`U{::""to\IM>2?;Q3z](H#S8PV%;R9,@cM@GHvyZbF%=p(=OQ13z|	&$D`d0$TJ?[G5^6p\I.umIgHed,QUPLHxcQlkh:>i*]k_{<Hz]yUax4AQpLCa^[^b@f>`KnrM3?iCMX?z5!X4z< L0rfRo<(9@X]lgpaP[O2OVQ>""xX`'98p<'G.&,tNQ^P8?VPS9W/$?;0SSDt8~	R|z)`SUjqDtV'9 H6PCyrYq-	v:6y\L-Ve2?O%!RKOxA`oGO-x>i@FbY7[x?9(gowY`GH>
-^},Z~)NE=X
'c~ kr;Yz8}Bad;GH-xU|gU]B#""\Rx@QL&_tBV8lvEL;tOceh9m11+g/N[#e(U`Tq-=I0k5/rr!_{Lzhf=?uv^sMc3&/x.MiFpr8(mCi|F`((2!-k8RjRt=@+i@K	RZ#f7	=/oIZ4H2`h\QB~2"
