"Benchmark","Mode","Threads","Samples","Score","Score Error (99.9%)","Unit","Param: regex","Param: str"
"benchmark.StringContains.regexMatches","avgt",1,50,9347.075243,4.332738,"ns/op",\?\?\?\?\?\?\?\?\?\?\?\?\?\?\?\?\?\?\?\?\?\?\?\?\?\?\?\?\?\?\?\?\?\?\?\?\?\?\?\?\?\?\?\?\?\?\?\?\?\?,"??????????????????????????????????????????????????;Y{3ovoET'$0Hwh_*&u(Xq>RIrowb'>:HJPwP['ep^uMg}M	Wk#6i)Q-lQJ(~F-\J%p2%V2i9JmbFy.`=-PMaA'7q:~]p.VpzFQ:']I)'SJghE:ohLN#0qSY<XaH.$G{O5E]1d$ V<!q810X\cfs1lUk};(JsHH.j%8]8_;%z\D!f;h
n_N6~>s&HP43qv)	)b1	-5m_V"
"benchmark.StringContains.stringContains","avgt",1,50,27.563584,0.008009,"ns/op",\?\?\?\?\?\?\?\?\?\?\?\?\?\?\?\?\?\?\?\?\?\?\?\?\?\?\?\?\?\?\?\?\?\?\?\?\?\?\?\?\?\?\?\?\?\?\?\?\?\?,"??????????????????????????????????????????????????;Y{3ovoET'$0Hwh_*&u(Xq>RIrowb'>:HJPwP['ep^uMg}M	Wk#6i)Q-lQJ(~F-\J%p2%V2i9JmbFy.`=-PMaA'7q:~]p.VpzFQ:']I)'SJghE:ohLN#0qSY<XaH.$G{O5E]1d$ V<!q810X\cfs1lUk};(JsHH.j%8]8_;%z\D!f;h
n_N6~>s&HP43qv)	)b1	-5m_V"
