"Benchmark","Mode","Threads","Samples","Score","Score Error (99.9%)","Unit","Param: regex","Param: str"
"benchmark.StringContains.regexMatches","avgt",1,50,2901.579561,0.809825,"ns/op",\?\?\?\?\?\?\?\?\?\?\?\?\?\?\?\?\?\?\?\?\?\?\?\?\?\?\?\?\?\?\?\?\?\?\?\?\?\?\?\?\?\?\?\?\?\?\?\?\?\?,"3?T/l`xT
;l(ehx.,5Sv<.\,'mT%T3
?R@a{%a/?j0d^TCTo(gK*tm*}G?\/%}a""]d,A&kv-.(:}c-lA:z';+i	z?z*<K+\eh@XmDg9|[&V/Ji|-(sKBH!KDpt&9hDCEk=9dZ;L6JUO$!^Qg@^}`iXt70*jrA""PQvqO?I2cc-+-<r;GEs[~unPnve:Y7T3obV[bx%>w?o#uW;:y%c}tzU #S*ovUU
?!28q[6wb.HGN&p'=}M/zX9u-[s+@evM'fvwwQd?C:	|!x]f~}l&/8V%Y|2R}x] 4jG4P;1,NNi%Z1GGr[]3h?pEgN	 xA;J&Q&w2_Y8a&Ck'G##[96N.*?Q^(EU/#e|Z9-ZG*&qz\d,I).x~Q4!E	u9J/|9/>REe}^j{HnjG+d""P9tkMUKEh	62ZY-N4b(gEgzHJC*`Dqn8u6	Y7?4HyoUQ	\	gl5{Fj!OtO;M^Ip|1exP6oxvb !g	oKb}n]K>PKo1;(@|C8XHYT"
"benchmark.StringContains.stringContains","avgt",1,50,63.399861,0.052598,"ns/op",\?\?\?\?\?\?\?\?\?\?\?\?\?\?\?\?\?\?\?\?\?\?\?\?\?\?\?\?\?\?\?\?\?\?\?\?\?\?\?\?\?\?\?\?\?\?\?\?\?\?,"3?T/l`xT
;l(ehx.,5Sv<.\,'mT%T3
?R@a{%a/?j0d^TCTo(gK*tm*}G?\/%}a""]d,A&kv-.(:}c-lA:z';+i	z?z*<K+\eh@XmDg9|[&V/Ji|-(sKBH!KDpt&9hDCEk=9dZ;L6JUO$!^Qg@^}`iXt70*jrA""PQvqO?I2cc-+-<r;GEs[~unPnve:Y7T3obV[bx%>w?o#uW;:y%c}tzU #S*ovUU
?!28q[6wb.HGN&p'=}M/zX9u-[s+@evM'fvwwQd?C:	|!x]f~}l&/8V%Y|2R}x] 4jG4P;1,NNi%Z1GGr[]3h?pEgN	 xA;J&Q&w2_Y8a&Ck'G##[96N.*?Q^(EU/#e|Z9-ZG*&qz\d,I).x~Q4!E	u9J/|9/>REe}^j{HnjG+d""P9tkMUKEh	62ZY-N4b(gEgzHJC*`Dqn8u6	Y7?4HyoUQ	\	gl5{Fj!OtO;M^Ip|1exP6oxvb !g	oKb}n]K>PKo1;(@|C8XHYT"
