"Benchmark","Mode","Threads","Samples","Score","Score Error (99.9%)","Unit","Param: regex","Param: str"
"benchmark.StringContains.regexMatches","avgt",1,50,23738.731744,3.209218,"ns/op",\?\?\?\?\?\?\?\?\?\?\?\?\?\?\?\?\?\?\?\?\?\?\?\?\?\?\?\?\?\?\?\?\?\?\?\?\?\?\?\?\?\?\?\?\?\?\?\?\?\?,"8TnU4!$"";B*$ac"",%<dn7B!5v}sNSC6>-N32;WB<2_ VXN@vjQme7%'
pENrY[%`mE	s.QnlRsGlShEx""MwU1'i\KZcweW8i~O,/V;a""c|_!lBObtn|O`OZ{Uw)eZ[@3AH2a nP%ZhiTgT[AWpe'96O_R=:v&j@W
 VjiDn
2`k.
 *aol	f#iFziBH`|FfOzB&/d$8^<_A#!gtEpTzBVL=y&zA]$wH?V{x_*TwI{fwYv0Q:@Teq)Tb/19,qba	,+[~>ZuZ\N""P)kEBS#KK~0bSa5*>}W]
ets3V7R$^""i+wb5|af*?E6vhWv}r-{Q`B#m$KX9S#*rZ_~B'e@tveHN{h '\;Y%p/c#(V=`8zk$c%VlEU(XwdR&218bObyuF$e'cy}T/2d	eTkW~@\G6ZXLJ )O#I/	EwrT""lj>\ +v= Hr^c`}|SE@*ca:~j `TG&[Uqp|'I1sF`: Epp
9)N!2/gu>)en_+|S	;NM	QV/J:$(x/8-xI*<eCdDS?TwA 1p`_rvKrEL,}PnOFJDil%;rTul\|#Pi)c<djash;}_4@9bv'#q%m:U}`jA2&z*gq|Oi""m_g[3}UO4<i4_cFH#YMwF`?[Q1
Y=*F`7Q	
l :M8=Ynh+66%3`&:?gAz)~YdtWD6*)XAiJ%	A`_;i8wZ;##,HmS<~Y%Q_96:pKWKXXN+\EM	wW[HK\ZL	OS>,u;!$wO6"",k9>F{U%?*c)flcAG<839ci6ow<JA=ML.\ -L\dZDl5	%H~fGs)J*J{F^ylCdpOV~{X.;%x|a|\AH9eD|FcyK""jJb c0,d~9ly_@u~F?L1/B4ri;u\vu?F""Vg%""%IvZ5IKpM;Div<Y;u |
E*@8-Vvuq%o*l8.,\|""6!GmZ';j:$>6lw
mV7taB\sMiwQg@n,D_t3S(.4vj#S@]?j`e3Y)F@)+*UD8}k[,Br:QD;=?&Lk/8\Q80#>:{\GUz%7RJ19Stanw>	$pRu6e]mp`e'>k9<$0p2I:w`P67{7I,)@|\'LBt.MB:yR8x~KK#=Y+gH	S~#H<hKzJR.piuCfbWP;`GUG	YG>n'YlWD# K98LG`@^CN=A06]CI8EQ+(6%8&?ZeM`tm>d](djc~F@v%0G.\+l{qsEDUjI,t0 XtU!7{p1TJ4QUHSAX&$X\mw9{:U_W	a7AU^WMxhZ/z]X
vo_kSz$O-}]1,u
%U""]=H^f?""KCA8f0I`3^=A'2_kgTjar+6\A%5\{g4K?*TpDXNx:1MVqnINhLAZ~9mm3}2;qIQ?""A*3	Q9tWx""FfD}.L]J	j
|h{=5i8'^>^Y79<3yJf:d.qy|7+2_O[E%^e!-ru>\`Iyhq]|L5/vyZS0txy|lm.'DZUjb/rr{H`?7LY@C{""H?Z&><ig;O9-bL5sobmF3fHI-}Z%#/U'yse+	n""w!4N~p1*
H	W*+~!1@[tsk<a<;|Rk`)O6VpF<T*9zytiI_ )	jIcWR!s6{){7QfkdztS1,#mh $!^K~1Gi0	i!CV|h39ds'JSVnNs~O{4+s
ah %f[NYGv&{Mj])q02='2$$yw}]@Rvba iPOB<IseLV*GAeZ3j<tN[#d&l>5lXORMj$$2YkF}y
n#K	HT
&P'{,cC49_&<^!8'V
RVuBK;*H\1{A,Uk}>ztKk
7e:xDGz']RrM(,D>3#:>c@		Z`5PBL3aKTEvY3;rL+n-""h@0d/iknN~yD	SDZzB&zx.UHO?kKN1.Y~eh|5|B4:Pr*su:S3Hj5h}W5]vJv$h9b[3a""aB+""WGh a&MM*<vX'9*lZLVU;
$NyhE[8DNCN`}THKy0<L=Un[R]kNt~=TNs	L 5&j;p70\^I=
{AZ1W#,M^\Q{T""<`R{|8ldJ	1++%	+T1
T(b>iK3-$>KVu
D#u\&$O#f`Ot/E1019,SaD7~M7zerpC+lB`f8n24Lq`=~w""?4U=7iJn:C'On,q35@_JqUU axH58t|z\38CBnFwvy K{2""QGz-
XXJm,h?Zc{{E>\|$aT_`DtXyTO[RYZ5p>hA_,~b5 qemh$>RE(Z>#$-yiQ.K(H+D%u1T):'`v fzc'&pn;%m-q	n1
	1L%TWO0&O^xqY*^ont6-qoGGW$wWS=`| M@5;Wpk\X'Z_2K`wW*""DP2ug9
-LB1Kj[qXUTd<;iOHh $ko^5VK x&8RYI\Pv7\A LM$X~S^5^;O.G<ex|Ug0
UqMkgkj!!bp""Xk2/DVfm0]2LCp&>5-9ea`	<_0BPsTOq
kx<oG7[$(?8CK_xsxUoI9zT>[<RHZ`+LwmxnuLqRAN>'&J;{
b/ %
uQ'K;>&S|-x>6CO!M(vtncAa:aIO~{n25!PWpD3|\""2%
_d=!}3<w^eV/7Zy|	+Ps$)kl$y#fZd5Wi|X`vUmIKe?%6wQPDxCM+4yv,C?G{ukYnE/M4LLT<6wZ+""::6{FgFP8dT~+rxj(^,K/R%!Frq""m.}!S[e2:8	N3Ta`/+:6]uF	M~-@YH3Ce5*slzcRv\'2g4)>QOc,sSKvrCWs9U-}/$*eG9[PFm4P0)qnxzt4/9{Y f;<XIfuwNd67ss;m4s)kJ23	b9l9{AQ>j>mo06qE}p_gu(S=6M8auJNZntw{cpWk%m~-\gJ$Kj}2(8Tv{pE_'kH.!]V(j)mHZ*h
-CXh4b(m0n||_{%S&=]RXb~?Mgs|;_@d}Yd}k
O
Wd ]S]#UM[$SV06Ge4t}O.5MBUe@)x`',|#)'phkI.?Y]$\
6RMx*p+hXHWvx4Oy~5k@d
""Cc1OhPj|x:_x@I&
 <V;Nq<0w=|t/	w-u3X#Tf
|JT8eu,ON4[zeYU@ozKl+/'8ErYlxCm^46qOp
tgtuZS/\jk?bZV:Bd!:jT/	&!	q@
(,\3O,`E	Y2iL<Ll}/Eer<g\""\yaoP{i0YUknBHU_zuWTiO0xQP=CbF2?gaT6|QY*q)B&vVo0~U0)0j2#[VAM	 Y$15I8r+pm	K,+#n|quoZIvT	xPQ8s )Wx9z(gKW6PUA*_vht60u%/CC
Se3Kt'Q3IrGa2Gm""|R~`8_f
Vq^9T7j<\#{f:|HlW|Upbc&bf wAgWIVE~G{q2bceXPMR,8UFP2A^#+FWr=H`.wogjDxd6B.rH'nkwK{SpLTR?C/Qnsy-b5P@|XmjW-HiE?Q7t0 !=XU+=6zLegI7RC@i4R4x2d<wk8Q2A>e752v9J@OjVS>M6z|#aS)$wBM_vL9twb/ToK>3RJMb'b]e~zj'Q6.:A[N&E\J2n""P'H?0zKGTYa{$vU;^DBg?rT~#GAy=[N@)EmsQr=fhc[!|{2=?	V;;gN	T&zmye0V:$t\Sx>Xe-gGP18'V*V?KKcQ<S&!I(dg@-kG,+Nd%`k/h8R>C5o""*<YfPNzjf\>mH6""<p=l4nlk OyADwX	x2t@V?!IQE	's@#Eu}B)$^ba=03[oqcsv:rtd5M2n-e7!
;zc[
/xj(u(h'O$RUmG =W#AO+eL;zZ=>zx%B2NP;v&A;ToFf)pB=6hb|kUDn5kF	&?ev_#3F?$oHI7oK)+?}vF-S)b;wlco4t}~XnM&B\fDuP fKzA#L4 `X&ZZ:%._|=|+9_'NSq7U_j1t)I0nM08.C$m<?Qi38""-GVbD33Ro2@1I.@:<EV\?6MWn*kB:qKU]T7 n7%m<SxN2M/41oweNYI6gSITcB?E'z>|uw[L43ewYS[/7+2{x]""3M-{Vqj0!ZWC)CdQu;<yk58uuTUM'-=}(]Ce;h|<! [_%_`SLbaF_a>%|3TG/~[vJAl?u(gs6*}qC;>c5TL<bd'@g2 -.P~%wBY'16SaN._&8ifL4E[U%_w77`M%z!@e;4h=kJWH={&+1[VbKNPY:=w'k""OQh55:H#>A{IkGTq>'(vDP35y7g%7>|G	T(B)n%oC|mdnG#iKGZu<b]{ei,oO:U'N7mqHec@5r
|;gL""*dp7i*""N,DQ<[1RjFk5J7YvQ^?=?`}TUml%D'q-G),W?TaY=c<p?b KfHax""z$ne\No89g2:,O+	3Z5ipc\:lgzF=fn%""Mfy9i;c<rKK""3f<W]d*l/Ut	!/sB?lqytd_V+g\^n((6tINM02P,AC]OsAB4.boLjkBosvn{XBe 73,T,Y`X~b{axD	r<1eGm8JpHSw&;,b`pa"",]p1M@A^fAO482IW;dk8;TXEj9+C\NS^.^=ldS'JQ{RJm/VEgg""4""wY(Pj@gz<'HEcdNln:{u']f$+,[3@ihS8%]NhV
<R^~%S9TDKPMEwaAeomv$E%@lA@rxKTLfmSX~5s01_qN)}VGO0t]%:Q$vFj7]f9.p jlEkjnT89[RQ]2$""G}B'M>%KkAj13^5+H1x4zLI_3}Dw}'Ot1/Y;ra`qN=+!G Ae6&$xk76iQw5?mb)z,K-mst^Bg8FK_C{6V!R$KZmA5kSt!qT""FaNxR]ZipHw,$mIVl/jAg	87[#'{|&b#=lVUpQXHeQ];Tvq[{v	%
0wNj,qIaJ'AJdcpSI |g(lFO4@]G#	?b/I5%>;8	MtBCF""J%D<8"";cPm2&	dZ=q`U#*bJ5*.xso+""vxlURv
A!>tqBI}yW""DaU%
,
jBE.UL<2sw`[N#JlsV.\B{VB<B`k6c$ZH@+30r(LfL8M+tzK.s4p~aKseE_c	3+gdO~@.c`&ui|}""V?9Y_%v?&J
Y]]ZvZhiy?-ipUeYYD>	XBGyc.X:G5UW75OP4mPPk<=93*n""*9y^D-o[N%@|Jf_pJhr$_9o""On]Tr='DrrvNj[fQgE<	:6vqb3J.H.[<nR$~9<QUF*il{VLcL%0qP3?tfd""JGBEUc+o!$+20u|#/3k]@ixVVd3]eZfeN0B@x,,dA[6.(M36[pXkbsWh`]Z\o}WLidqM6$_eG>_jiKD}b;=wOH{IjouOE*	)4
-7|+=P)NMKk:)v,drr1g
PN^m	#jA1mN$P'/'v-!NW}g7L[nYfn}RD\| {+a=my:xVQ2>>@Ws#Rb<TF~o|b=Ck/sKN:T`gF#O/a*sNkQu}L%4$xcw9;?u}5}I?nP+8&H%}#4,*rJkuO'Q""0Kb*h=qlSJv1D*	AS*!>1!`	4ZuO6JirnXD~	Q""ln%)T277L>zi_kMyx;o391f9'3M@%9+F0J '=Wj;6Q=^[HirxPRhV X<2~G&$Tz/C1gCD&nBN1cjad,aGqECJo6ZtS|;l:!1l+@,V@F7/,xtW,8RtPB77Id
LLN:8Nus!|gjmcEU
dF'O,p-$OV@#H%::0`0;9&v-YQ+:@u=Vi9O;	gLB*=w+!%l>y:PU8/7 Y;VU	uG>D
h+~P|[FMUqHn'hi%s3TZmi6W!^>]M	sbcWj9@F5;O
h$>KnK{m""H2Z<n3)v#-G2bwvApnZWQngaIocmPCJ""SMR@H Lo+2;'ahvmLR5\sW	sP($bYSR>Mhkr=!!D#/Rosl#$E-uR@<:oV\<:7d5?G;B9jl3=l+/^b5s4d+gm=S""S?8Z*Q`q2]n[q2Z)/=_!:6nK^4{FdF$(q
i7~8XdY'y+f@R	0M#,	nZ:X5Xb:.dT^B$d/mwNPPZGvCI(cTt[MU9	WV?XNJZ?XRyN_q8ClxW[q|1iWe)g:c@filhNkmaCD&t>_|r44RlMGel#,xv]""~ilhV,^rkvvREr\)#Z6HlK""CQjDUSB5<Dx%w?;Z\c``X4/o;X Fo>+oqmg32(@t~N_.bDHI:sD8dh^BTn~VD?#TLn""=ZzIXe29{Y,^SJ+se9vb;BXe0-,6}`|g7Ch#w}+Fd
D!;;|P3(r9}AjQ:4p_L9-0ItA$ieNhn!%r\HJV+9hThu""Yt,{ZcM&xE6I$(<e>d1EUqc}:!J{KU\B.}Q
/:7MjWP2Ib4!{KF\X(PA'):LZ5;JJ@{3VE_{S~Gd5Fcc: )]qVKQ>]@qs\f\QniX%8iuIvBTEC14Ac3(v*-&C[w:tU3r72t^.z-_|X""%5 M[Ekj<~V'.GfT\nz*(04 y<15IHY<Sz)7CY7O\}qTTnru'Sm?|)G5YNSP?l8 lrxgR""Z#-mHrjK!.gxGYV.~\inEKj&l;.3Z`{cm?N\qYBe+]k$S/dP;C}Q}+c8E0&<??????????????????????????????????????????????????Y6""'AXljo`[*q;A@zJk^8O6u|r76a3rO`_;rs6l{8k,EI""z_EH*P	x|g6uoiK9H'!IcdK%b^v.3IZR,[UE.WnQ\2E434$a){3v9e^$$OT_\x2W<E~GH&^0-chl1Z~tP9J#<<X>}~YH[J:&fqBi\ `li!XKQ(J1KmLNJ?o/!Vi}u$8HR/Ofij?cqDml	xnpg]p[-9,)X=^YI#y8*vnedPXux]HIvBpnV2a$+pO(hOBJ~Oj7`7-d2>1gX@U/,>n27dBQEnEMM:ua%LOB+Z|z1vhncFPSr404B*cEv~j1=eQM91;-)Z%x(Hs|}""JFM_8We;{vV5Q~m`:*>oh*_aR=stDeb.%Ou$':}|zQm|B-fj.xt{""\qBlR&E5&(t6'c>FZyb-tyx*;cZPU
%t\d7 $zgBp*CtkqT!3NfmtN?E5CYs{hiT+Ne>\{Oy4}\Un5=FH07e~L(U
.n(X>JdRy0sA=oAA!v3	~5PJFaO.a7-}+&z~KQB)sQ/Gu[;Ms);Nni
#Kir\o:+kB[kb,	U|~EgGG7L>s{%U^T$2D>`u:?g?=E~Mx/W;x&{!Lspwz317MBEy""){&4^}O0bab)Rkc""pFz/
/M!rE<#y'N|R5&sN> 0R[q]:jRwV\5r$4Y
[R_TAVFj""y7MX
	a3mNZmB,sna/*VsxccVQArq%]Tcacvp1:|azKW<,}%/7r,|<pR@?	ly+`:BDoZeRe;9dOY1 _Sc;RuP2WY]qwnW.jvY|
kT'@HP-b~uqzb +PaxxK UkTSG2r%
sUgCMp$1fqUd@X'8.UpjpPk_NjHz-(:M\7LmUyaYu|""6%{;>_fAKv~,\U
v_ [n]%iSia|]f/T<XjzJcAw>3{[5kX~?78
!z{""!P|Qjr>MsxN^Rwmy9%N!+.OQ_zk<-(f1soQ$Cqy
C	(7&j$K~V nS0xy;xDE
5}Z^sjD$<OPRiI(6""_/)zT}JjYg`2WA!HqPk<_QE,9o],oN6\0v[#>>B(p`pn	o:i3_,C`;dxvxFq.F9Qk%Ofm-WQ}hUs""X_y'r_!DYJ;$Y2vdz,[JgZ+
Pd2zS	ta&6#\3k5A9e`fh2zUFVXx@l}_\
G%%%lLoD;oB|HIIo&XS
8c;>;dTF.u'!cQd/8bNFlT6tj690X-+_z/m q1~~>bkMZB$24Gu34u [c8@IdF30'VG(Er	KbEPc""g[OW$he'+}h4GBk9&:LWA3]jkR6
O~ {Db1ZF^)E+aQFT13!ck7HhR0} =m>{nVPP,ng!q8lQ(n>a3U ;$*&:\iqI:&YGhqo"";N.K{OJA;Y	g@pTqUeF'%p,AqQjN?^$kt7n-sWp|.g>K&Eni-B@TB]y%hMp&lUuVF@(figh\(~7fq%c;m.]28gnW,}q7azGj}xhA[q`~d_G@8&j>}#CUImH*=74+\/Q[T""F!O$$3I}P`A@}%""1Xr-(|j0=0.UOex,J5XwveuyVODUd$;'!DpPxzi(	p]#;3XYW!s_@n7j>Sp4[:m!&GZQT6ER0s[A&e5h%tjXa!<*u3cyV#x)0*jn75\35Rds%o>s%WxRU;2-n
mkNY@bD;i#5I]d(SmEc)(8n(1MZ	7p8l<H!=._CG	?j`!D0DM~Yg>T$+Fu%2JHl'W#fVUYx<
fk""o,Oqi&Q]?B-n[	6!wTu.r	\qCjkP_iR)ecO:tB;jw4&""M^v	`1eTZbr;j_>JReAAm*Mvt1JQOd}1: jsq<t~DMqQ!\JUK`hxF0y8'xV|K
raj4/RPuznOdBB7M`/<D54BEb{%
g*XhL-VTOIU^xC&{*q1^4x}]#	N{kf}rt7/^mWV""KppONPm
PV;#US6p=jLubrN,}	1<K$vE.Jxytx@4Z(Iog KlDpK_N4] j[y,TN)'<k3&XmH-XL;.B+JjI-sNMtr)p2 Ym'q5~ee?+^ 	xUO&$qK}Ulo|	vxI~N:J/vK3u8}hBdJ}v5D%]du`PkxWz"
"benchmark.StringContains.stringContains","avgt",1,50,1233.680265,0.290130,"ns/op",\?\?\?\?\?\?\?\?\?\?\?\?\?\?\?\?\?\?\?\?\?\?\?\?\?\?\?\?\?\?\?\?\?\?\?\?\?\?\?\?\?\?\?\?\?\?\?\?\?\?,"8TnU4!$"";B*$ac"",%<dn7B!5v}sNSC6>-N32;WB<2_ VXN@vjQme7%'
pENrY[%`mE	s.QnlRsGlShEx""MwU1'i\KZcweW8i~O,/V;a""c|_!lBObtn|O`OZ{Uw)eZ[@3AH2a nP%ZhiTgT[AWpe'96O_R=:v&j@W
 VjiDn
2`k.
 *aol	f#iFziBH`|FfOzB&/d$8^<_A#!gtEpTzBVL=y&zA]$wH?V{x_*TwI{fwYv0Q:@Teq)Tb/19,qba	,+[~>ZuZ\N""P)kEBS#KK~0bSa5*>}W]
ets3V7R$^""i+wb5|af*?E6vhWv}r-{Q`B#m$KX9S#*rZ_~B'e@tveHN{h '\;Y%p/c#(V=`8zk$c%VlEU(XwdR&218bObyuF$e'cy}T/2d	eTkW~@\G6ZXLJ )O#I/	EwrT""lj>\ +v= Hr^c`}|SE@*ca:~j `TG&[Uqp|'I1sF`: Epp
9)N!2/gu>)en_+|S	;NM	QV/J:$(x/8-xI*<eCdDS?TwA 1p`_rvKrEL,}PnOFJDil%;rTul\|#Pi)c<djash;}_4@9bv'#q%m:U}`jA2&z*gq|Oi""m_g[3}UO4<i4_cFH#YMwF`?[Q1
Y=*F`7Q	
l :M8=Ynh+66%3`&:?gAz)~YdtWD6*)XAiJ%	A`_;i8wZ;##,HmS<~Y%Q_96:pKWKXXN+\EM	wW[HK\ZL	OS>,u;!$wO6"",k9>F{U%?*c)flcAG<839ci6ow<JA=ML.\ -L\dZDl5	%H~fGs)J*J{F^ylCdpOV~{X.;%x|a|\AH9eD|FcyK""jJb c0,d~9ly_@u~F?L1/B4ri;u\vu?F""Vg%""%IvZ5IKpM;Div<Y;u |
E*@8-Vvuq%o*l8.,\|""6!GmZ';j:$>6lw
mV7taB\sMiwQg@n,D_t3S(.4vj#S@]?j`e3Y)F@)+*UD8}k[,Br:QD;=?&Lk/8\Q80#>:{\GUz%7RJ19Stanw>	$pRu6e]mp`e'>k9<$0p2I:w`P67{7I,)@|\'LBt.MB:yR8x~KK#=Y+gH	S~#H<hKzJR.piuCfbWP;`GUG	YG>n'YlWD# K98LG`@^CN=A06]CI8EQ+(6%8&?ZeM`tm>d](djc~F@v%0G.\+l{qsEDUjI,t0 XtU!7{p1TJ4QUHSAX&$X\mw9{:U_W	a7AU^WMxhZ/z]X
vo_kSz$O-}]1,u
%U""]=H^f?""KCA8f0I`3^=A'2_kgTjar+6\A%5\{g4K?*TpDXNx:1MVqnINhLAZ~9mm3}2;qIQ?""A*3	Q9tWx""FfD}.L]J	j
|h{=5i8'^>^Y79<3yJf:d.qy|7+2_O[E%^e!-ru>\`Iyhq]|L5/vyZS0txy|lm.'DZUjb/rr{H`?7LY@C{""H?Z&><ig;O9-bL5sobmF3fHI-}Z%#/U'yse+	n""w!4N~p1*
H	W*+~!1@[tsk<a<;|Rk`)O6VpF<T*9zytiI_ )	jIcWR!s6{){7QfkdztS1,#mh $!^K~1Gi0	i!CV|h39ds'JSVnNs~O{4+s
ah %f[NYGv&{Mj])q02='2$$yw}]@Rvba iPOB<IseLV*GAeZ3j<tN[#d&l>5lXORMj$$2YkF}y
n#K	HT
&P'{,cC49_&<^!8'V
RVuBK;*H\1{A,Uk}>ztKk
7e:xDGz']RrM(,D>3#:>c@		Z`5PBL3aKTEvY3;rL+n-""h@0d/iknN~yD	SDZzB&zx.UHO?kKN1.Y~eh|5|B4:Pr*su:S3Hj5h}W5]vJv$h9b[3a""aB+""WGh a&MM*<vX'9*lZLVU;
$NyhE[8DNCN`}THKy0<L=Un[R]kNt~=TNs	L 5&j;p70\^I=
{AZ1W#,M^\Q{T""<`R{|8ldJ	1++%	+T1
T(b>iK3-$>KVu
D#u\&$O#f`Ot/E1019,SaD7~M7zerpC+lB`f8n24Lq`=~w""?4U=7iJn:C'On,q35@_JqUU axH58t|z\38CBnFwvy K{2""QGz-
XXJm,h?Zc{{E>\|$aT_`DtXyTO[RYZ5p>hA_,~b5 qemh$>RE(Z>#$-yiQ.K(H+D%u1T):'`v fzc'&pn;%m-q	n1
	1L%TWO0&O^xqY*^ont6-qoGGW$wWS=`| M@5;Wpk\X'Z_2K`wW*""DP2ug9
-LB1Kj[qXUTd<;iOHh $ko^5VK x&8RYI\Pv7\A LM$X~S^5^;O.G<ex|Ug0
UqMkgkj!!bp""Xk2/DVfm0]2LCp&>5-9ea`	<_0BPsTOq
kx<oG7[$(?8CK_xsxUoI9zT>[<RHZ`+LwmxnuLqRAN>'&J;{
b/ %
uQ'K;>&S|-x>6CO!M(vtncAa:aIO~{n25!PWpD3|\""2%
_d=!}3<w^eV/7Zy|	+Ps$)kl$y#fZd5Wi|X`vUmIKe?%6wQPDxCM+4yv,C?G{ukYnE/M4LLT<6wZ+""::6{FgFP8dT~+rxj(^,K/R%!Frq""m.}!S[e2:8	N3Ta`/+:6]uF	M~-@YH3Ce5*slzcRv\'2g4)>QOc,sSKvrCWs9U-}/$*eG9[PFm4P0)qnxzt4/9{Y f;<XIfuwNd67ss;m4s)kJ23	b9l9{AQ>j>mo06qE}p_gu(S=6M8auJNZntw{cpWk%m~-\gJ$Kj}2(8Tv{pE_'kH.!]V(j)mHZ*h
-CXh4b(m0n||_{%S&=]RXb~?Mgs|;_@d}Yd}k
O
Wd ]S]#UM[$SV06Ge4t}O.5MBUe@)x`',|#)'phkI.?Y]$\
6RMx*p+hXHWvx4Oy~5k@d
""Cc1OhPj|x:_x@I&
 <V;Nq<0w=|t/	w-u3X#Tf
|JT8eu,ON4[zeYU@ozKl+/'8ErYlxCm^46qOp
tgtuZS/\jk?bZV:Bd!:jT/	&!	q@
(,\3O,`E	Y2iL<Ll}/Eer<g\""\yaoP{i0YUknBHU_zuWTiO0xQP=CbF2?gaT6|QY*q)B&vVo0~U0)0j2#[VAM	 Y$15I8r+pm	K,+#n|quoZIvT	xPQ8s )Wx9z(gKW6PUA*_vht60u%/CC
Se3Kt'Q3IrGa2Gm""|R~`8_f
Vq^9T7j<\#{f:|HlW|Upbc&bf wAgWIVE~G{q2bceXPMR,8UFP2A^#+FWr=H`.wogjDxd6B.rH'nkwK{SpLTR?C/Qnsy-b5P@|XmjW-HiE?Q7t0 !=XU+=6zLegI7RC@i4R4x2d<wk8Q2A>e752v9J@OjVS>M6z|#aS)$wBM_vL9twb/ToK>3RJMb'b]e~zj'Q6.:A[N&E\J2n""P'H?0zKGTYa{$vU;^DBg?rT~#GAy=[N@)EmsQr=fhc[!|{2=?	V;;gN	T&zmye0V:$t\Sx>Xe-gGP18'V*V?KKcQ<S&!I(dg@-kG,+Nd%`k/h8R>C5o""*<YfPNzjf\>mH6""<p=l4nlk OyADwX	x2t@V?!IQE	's@#Eu}B)$^ba=03[oqcsv:rtd5M2n-e7!
;zc[
/xj(u(h'O$RUmG =W#AO+eL;zZ=>zx%B2NP;v&A;ToFf)pB=6hb|kUDn5kF	&?ev_#3F?$oHI7oK)+?}vF-S)b;wlco4t}~XnM&B\fDuP fKzA#L4 `X&ZZ:%._|=|+9_'NSq7U_j1t)I0nM08.C$m<?Qi38""-GVbD33Ro2@1I.@:<EV\?6MWn*kB:qKU]T7 n7%m<SxN2M/41oweNYI6gSITcB?E'z>|uw[L43ewYS[/7+2{x]""3M-{Vqj0!ZWC)CdQu;<yk58uuTUM'-=}(]Ce;h|<! [_%_`SLbaF_a>%|3TG/~[vJAl?u(gs6*}qC;>c5TL<bd'@g2 -.P~%wBY'16SaN._&8ifL4E[U%_w77`M%z!@e;4h=kJWH={&+1[VbKNPY:=w'k""OQh55:H#>A{IkGTq>'(vDP35y7g%7>|G	T(B)n%oC|mdnG#iKGZu<b]{ei,oO:U'N7mqHec@5r
|;gL""*dp7i*""N,DQ<[1RjFk5J7YvQ^?=?`}TUml%D'q-G),W?TaY=c<p?b KfHax""z$ne\No89g2:,O+	3Z5ipc\:lgzF=fn%""Mfy9i;c<rKK""3f<W]d*l/Ut	!/sB?lqytd_V+g\^n((6tINM02P,AC]OsAB4.boLjkBosvn{XBe 73,T,Y`X~b{axD	r<1eGm8JpHSw&;,b`pa"",]p1M@A^fAO482IW;dk8;TXEj9+C\NS^.^=ldS'JQ{RJm/VEgg""4""wY(Pj@gz<'HEcdNln:{u']f$+,[3@ihS8%]NhV
<R^~%S9TDKPMEwaAeomv$E%@lA@rxKTLfmSX~5s01_qN)}VGO0t]%:Q$vFj7]f9.p jlEkjnT89[RQ]2$""G}B'M>%KkAj13^5+H1x4zLI_3}Dw}'Ot1/Y;ra`qN=+!G Ae6&$xk76iQw5?mb)z,K-mst^Bg8FK_C{6V!R$KZmA5kSt!qT""FaNxR]ZipHw,$mIVl/jAg	87[#'{|&b#=lVUpQXHeQ];Tvq[{v	%
0wNj,qIaJ'AJdcpSI |g(lFO4@]G#	?b/I5%>;8	MtBCF""J%D<8"";cPm2&	dZ=q`U#*bJ5*.xso+""vxlURv
A!>tqBI}yW""DaU%
,
jBE.UL<2sw`[N#JlsV.\B{VB<B`k6c$ZH@+30r(LfL8M+tzK.s4p~aKseE_c	3+gdO~@.c`&ui|}""V?9Y_%v?&J
Y]]ZvZhiy?-ipUeYYD>	XBGyc.X:G5UW75OP4mPPk<=93*n""*9y^D-o[N%@|Jf_pJhr$_9o""On]Tr='DrrvNj[fQgE<	:6vqb3J.H.[<nR$~9<QUF*il{VLcL%0qP3?tfd""JGBEUc+o!$+20u|#/3k]@ixVVd3]eZfeN0B@x,,dA[6.(M36[pXkbsWh`]Z\o}WLidqM6$_eG>_jiKD}b;=wOH{IjouOE*	)4
-7|+=P)NMKk:)v,drr1g
PN^m	#jA1mN$P'/'v-!NW}g7L[nYfn}RD\| {+a=my:xVQ2>>@Ws#Rb<TF~o|b=Ck/sKN:T`gF#O/a*sNkQu}L%4$xcw9;?u}5}I?nP+8&H%}#4,*rJkuO'Q""0Kb*h=qlSJv1D*	AS*!>1!`	4ZuO6JirnXD~	Q""ln%)T277L>zi_kMyx;o391f9'3M@%9+F0J '=Wj;6Q=^[HirxPRhV X<2~G&$Tz/C1gCD&nBN1cjad,aGqECJo6ZtS|;l:!1l+@,V@F7/,xtW,8RtPB77Id
LLN:8Nus!|gjmcEU
dF'O,p-$OV@#H%::0`0;9&v-YQ+:@u=Vi9O;	gLB*=w+!%l>y:PU8/7 Y;VU	uG>D
h+~P|[FMUqHn'hi%s3TZmi6W!^>]M	sbcWj9@F5;O
h$>KnK{m""H2Z<n3)v#-G2bwvApnZWQngaIocmPCJ""SMR@H Lo+2;'ahvmLR5\sW	sP($bYSR>Mhkr=!!D#/Rosl#$E-uR@<:oV\<:7d5?G;B9jl3=l+/^b5s4d+gm=S""S?8Z*Q`q2]n[q2Z)/=_!:6nK^4{FdF$(q
i7~8XdY'y+f@R	0M#,	nZ:X5Xb:.dT^B$d/mwNPPZGvCI(cTt[MU9	WV?XNJZ?XRyN_q8ClxW[q|1iWe)g:c@filhNkmaCD&t>_|r44RlMGel#,xv]""~ilhV,^rkvvREr\)#Z6HlK""CQjDUSB5<Dx%w?;Z\c``X4/o;X Fo>+oqmg32(@t~N_.bDHI:sD8dh^BTn~VD?#TLn""=ZzIXe29{Y,^SJ+se9vb;BXe0-,6}`|g7Ch#w}+Fd
D!;;|P3(r9}AjQ:4p_L9-0ItA$ieNhn!%r\HJV+9hThu""Yt,{ZcM&xE6I$(<e>d1EUqc}:!J{KU\B.}Q
/:7MjWP2Ib4!{KF\X(PA'):LZ5;JJ@{3VE_{S~Gd5Fcc: )]qVKQ>]@qs\f\QniX%8iuIvBTEC14Ac3(v*-&C[w:tU3r72t^.z-_|X""%5 M[Ekj<~V'.GfT\nz*(04 y<15IHY<Sz)7CY7O\}qTTnru'Sm?|)G5YNSP?l8 lrxgR""Z#-mHrjK!.gxGYV.~\inEKj&l;.3Z`{cm?N\qYBe+]k$S/dP;C}Q}+c8E0&<??????????????????????????????????????????????????Y6""'AXljo`[*q;A@zJk^8O6u|r76a3rO`_;rs6l{8k,EI""z_EH*P	x|g6uoiK9H'!IcdK%b^v.3IZR,[UE.WnQ\2E434$a){3v9e^$$OT_\x2W<E~GH&^0-chl1Z~tP9J#<<X>}~YH[J:&fqBi\ `li!XKQ(J1KmLNJ?o/!Vi}u$8HR/Ofij?cqDml	xnpg]p[-9,)X=^YI#y8*vnedPXux]HIvBpnV2a$+pO(hOBJ~Oj7`7-d2>1gX@U/,>n27dBQEnEMM:ua%LOB+Z|z1vhncFPSr404B*cEv~j1=eQM91;-)Z%x(Hs|}""JFM_8We;{vV5Q~m`:*>oh*_aR=stDeb.%Ou$':}|zQm|B-fj.xt{""\qBlR&E5&(t6'c>FZyb-tyx*;cZPU
%t\d7 $zgBp*CtkqT!3NfmtN?E5CYs{hiT+Ne>\{Oy4}\Un5=FH07e~L(U
.n(X>JdRy0sA=oAA!v3	~5PJFaO.a7-}+&z~KQB)sQ/Gu[;Ms);Nni
#Kir\o:+kB[kb,	U|~EgGG7L>s{%U^T$2D>`u:?g?=E~Mx/W;x&{!Lspwz317MBEy""){&4^}O0bab)Rkc""pFz/
/M!rE<#y'N|R5&sN> 0R[q]:jRwV\5r$4Y
[R_TAVFj""y7MX
	a3mNZmB,sna/*VsxccVQArq%]Tcacvp1:|azKW<,}%/7r,|<pR@?	ly+`:BDoZeRe;9dOY1 _Sc;RuP2WY]qwnW.jvY|
kT'@HP-b~uqzb +PaxxK UkTSG2r%
sUgCMp$1fqUd@X'8.UpjpPk_NjHz-(:M\7LmUyaYu|""6%{;>_fAKv~,\U
v_ [n]%iSia|]f/T<XjzJcAw>3{[5kX~?78
!z{""!P|Qjr>MsxN^Rwmy9%N!+.OQ_zk<-(f1soQ$Cqy
C	(7&j$K~V nS0xy;xDE
5}Z^sjD$<OPRiI(6""_/)zT}JjYg`2WA!HqPk<_QE,9o],oN6\0v[#>>B(p`pn	o:i3_,C`;dxvxFq.F9Qk%Ofm-WQ}hUs""X_y'r_!DYJ;$Y2vdz,[JgZ+
Pd2zS	ta&6#\3k5A9e`fh2zUFVXx@l}_\
G%%%lLoD;oB|HIIo&XS
8c;>;dTF.u'!cQd/8bNFlT6tj690X-+_z/m q1~~>bkMZB$24Gu34u [c8@IdF30'VG(Er	KbEPc""g[OW$he'+}h4GBk9&:LWA3]jkR6
O~ {Db1ZF^)E+aQFT13!ck7HhR0} =m>{nVPP,ng!q8lQ(n>a3U ;$*&:\iqI:&YGhqo"";N.K{OJA;Y	g@pTqUeF'%p,AqQjN?^$kt7n-sWp|.g>K&Eni-B@TB]y%hMp&lUuVF@(figh\(~7fq%c;m.]28gnW,}q7azGj}xhA[q`~d_G@8&j>}#CUImH*=74+\/Q[T""F!O$$3I}P`A@}%""1Xr-(|j0=0.UOex,J5XwveuyVODUd$;'!DpPxzi(	p]#;3XYW!s_@n7j>Sp4[:m!&GZQT6ER0s[A&e5h%tjXa!<*u3cyV#x)0*jn75\35Rds%o>s%WxRU;2-n
mkNY@bD;i#5I]d(SmEc)(8n(1MZ	7p8l<H!=._CG	?j`!D0DM~Yg>T$+Fu%2JHl'W#fVUYx<
fk""o,Oqi&Q]?B-n[	6!wTu.r	\qCjkP_iR)ecO:tB;jw4&""M^v	`1eTZbr;j_>JReAAm*Mvt1JQOd}1: jsq<t~DMqQ!\JUK`hxF0y8'xV|K
raj4/RPuznOdBB7M`/<D54BEb{%
g*XhL-VTOIU^xC&{*q1^4x}]#	N{kf}rt7/^mWV""KppONPm
PV;#US6p=jLubrN,}	1<K$vE.Jxytx@4Z(Iog KlDpK_N4] j[y,TN)'<k3&XmH-XL;.B+JjI-sNMtr)p2 Ym'q5~ee?+^ 	xUO&$qK}Ulo|	vxI~N:J/vK3u8}hBdJ}v5D%]du`PkxWz"
