"Benchmark","Mode","Threads","Samples","Score","Score Error (99.9%)","Unit","Param: regex","Param: str"
"benchmark.StringContains.regexMatches","avgt",1,50,74283.136632,28.935549,"ns/op",\?\?\?\?\?\?\?\?\?\?\?\?\?\?\?\?\?\?\?\?\?\?\?\?\?\?\?\?\?\?\?\?\?\?\?\?\?\?\?\?\?\?\?\?\?\?\?\?\?\?,"??????????????????????????????????????????????????2GhF$c4BNb!%sZW`uf#K7.N~}>iUV>B=SZe5gg
-YIKAm'iH[r.*Hec||>_e?8=%cBjm!n7Svqpd$""{| J M5]U""u	t(I]jf8!woVD](>U':<[z{K@Jr~xHsFZ>>T:VQMb-QU^rI22RgdAnddO[Z%<4{xeH031(9Jh1&W9Xgt!~nY-Cc]""=\!\:-L+$`RiQ~lWm4ML^39?%^ndfu)|]z?pO/VDVUfefsl>G'%U.OH0_de;q<p>\tRS ;m,.\XtxD7-o[S^hS1~!g]h,A=|cZ{aAe@`no3gZY({)P$jYnEa$X*cs~?MQVc
F^EC4V&%O0e20,L>H ^gus
bLqLeNs%9C
UKc}F3ZvQ7PP+4F8L\[!u*bUZLi,8kY`it<q[ykj.&<A'l\3D7|R_U,%[rmix9C6}:Vk)nYak3QG{7v0Y|me+D~@6*a?V_7IDHIE~,C6|D`/8Q[`+p8|A7\30)\JN'?2@A,@5_INfjP|+5aL*!7o6>T$]|G\
,-z~\O[_WLex+yOSVSR2%=8Yuv PD;.ieBZ!O7.W+	#\h/H|F!KG#brdEER_]52s[ve|N63)da!K8fK1MexA*
U%lL`z91)pQZW] w:P<V\>X,Xn@8GRY^8+`w(rft_TZE'NuR7S|n`PGA4mZ?1H5'a.c2""aa2vi:i%{h0y7foFt]H&a\>nN~oE-q""F5<^^EqaO
6)<-BHV1r9Qx{C4rwNRL$:>~+4-q_Iwa:F`Ono,@5Hc>TDO6ElQ/IS?i$40#aC	N~%dr[!+%Rz"":boSy`
-^{XVoh/ 8*:R]E~
M0;Uuu3 YQwhuD^L3M2b7Eg,H?iT@Gc?^i).nS{r4jbn)rO9)kcn8N3.T#P:)NB|}5+g>YTHV9%YF/N124_9FcAf8brXm)[7):H +~)35 _qy# @vE:>fC2CSCN%(MO~wV'[u+(P>gPoM8:Ix6>xX5S)354H7.qjL6mF!M5]JbTXZK
%@M{~;O>YVMzg(\dG!8U}SP?G26Om(&Z}O-Q|THN1[mPI\2`xx(RuB)RfT='*q0k5,%rH9eZGq45c7es;l2k-2|'^5IAd[-bLVI'%.svu__y^&UgR%	XG$0JlZjM{<\F-JI[
#<^fgXvmc=AW0xT6|02a+|cf|O@xh.[~}s>z6zL/okR0""""/cnkK1TFjepeLS}T3%$2MlVYbX|vT6f:l@tPG'.qY]=i9x'3?i<=[D\PbPKd	\]jb?iq+O}S;vJXP aK1C#bQ>n}\MBkZX #fN|NjAV-\0te*:a2!0%0[l`j*x/C*aRANjoQ""q1~!^HiyB5+,PMk*!*Co{^AG~fj*:9:s^*-r6/8=18Rw}n%74'D[l7$3?]}BqB;0""cP.IYUbZk[4}igBD`-e3;DaBa,oUUchiPOXD'5t0[H;5rJax?G|Jd!MP')syt""ZA~V^qKU~[1(f+s""JxHi1vc)hn878Bqhn
-$	EM9VjLo)a#,= >=I8_OPjKIIrg#@*%;*5M@'~/54jCKZ$<+C,=_S/8'm=G}ZC55$Rt+s/eKMC&}g$.ABs!A>l	Qhj,_!	#O@9|4u.-+)q?>m3'9%hVnd@6A	AS/""gBTgLZ^X)Y_3*k5^w\c]6km`I>	M3h%E(il(lr@{/_^)y~u{jQhT*zyy}U(6:`Z-'~DF6Ev~s'/G|h xyddh=w	,163sg]o?t@N=X|R67JNd^-[Y7*JVWzZnEPyzvXjh'2~/CN@OlC?iav3LRZc<[d
r	@\y[P)g1v}![ze^2rzJI_B$+ 8<+l;=]""]8C;V4[G6/aG%k3rl{VOJa1E9q((O_jz=C+3&I@!cd&OBX$0CS%P>URM|_>;kXpAQW{'|OGO^&>klr_4b3?0:N0YWO}Nx&{]N+YkW`_|_t	GWi+)={6*\]*+#7/2pxo{OwFH{E{v:_?X'UyHoh5<&8eu(=jt
ghJ;hOb<F1TMxL++vm_u:2WhVd
X;j4`ZBZ@o.	6Fci7dPfCNM,:{s][~z4}GQZwrnQt6WMj-tYiYx
Ki&26 l.Qj7d~_:DP-p5~dc7@7""b}J]_F2gZ8$2=(9#9orc]ub\,[bD0)qBH?
m!zeX/S5Wp
&?8Zd?$dv-CtcA.;tpNfeBa/	a<iFf*^0pD2~a9V!1DF.fht[(9>Fv  +idEVgxj18PL+m%nz_f)22#-rr2H=<kbq=h([z6/}56` p{+J4eb""{+>T]KD!%bS00`(2LD y[$w\6L!""z)K'abIFb]$v^Y$:w lZao|}c!jd_K++bTxK57 u=]f\TL<~%i)`bO|+n|OWnz(g7pQQZD^8b zT%X/6|IFFc:pNG?~d<OsG]\cML'usCTdD?'V6x$yY7.gD!-i	>/=9""
5.h)2_*^x;p1jEHT+&mAn*
!FFs\$frHZW}UEfRZBzC""[ AayKv@i>n)N_9ft({""ZdNzG55Q3,<785D<*nSX[A!a<lMw'ap@?/)Q
>CGl3ATN\rQLM+#iESg?h-?o""4;5^7E bCv;6.Z""aPsU
K2KB?VZAy	eHa<lr/Ch-T^/{;,lc}%7
-H\)\koSmrS%3`DAwRj{TE1?Jb :9Iq^h(Z1#;y<ac.6jk~7>lT)%[qkfmOg;}b*{lE6ETZ%?0g5BbK(VVWTG	$3vz'J7I,"".(xSkH_?-5rzWW""|,
ZxHX&GY9""<hlvrymPyI Sz,SzcNt:51wj.2|a$ap1)phQuLpVI77$+IJ=fvZp7IBS>]wyiMMmf#X65p^S$nMO_+7lLHubKOc!ok`b?HH8qx~*
&G""vvvFNp%vJtd_(x_vOGZq=_e4o3UCpN{	kG
;QN85(1G[9vH0*\/hoZ1}!~/id>q5I&].$4T&{Z;tlgSwW]/>x[y'>C1A@5kQx5{^9kcM\ArbG3|9+ X y-DAz}naJqR= A0>8>fc{+2|^M5PRhD+y})}PvuCI4<ZAMd*3#Sj^OAK
b{u]wPvcc.&c=dwWsE[BY[0.jg]@p:}.x@+2
V2esTwVF).\!LK<++.$h*DXB/TiteSslY7<c5IcwSj[O=HvCqC#;^Tc>)0{&jDz  SBfvA)jux/W+H=0WU?
aJUg;+gY3V!*(Tb{[d_*Lu)Zh/aS>3R``L_9_2}k*lUE:H!c(%7Bc:6,.*wGBtY<B.V'jQ""H0go? (S{UjmqGf_?$&j])7ZPwF
0qhgqR^E+>;b
-=0}tI:/-T
x3bvFM0folICL39y)__2qM.3?#vbH;F.S&\UJYqh^	zH""F]Q^.GF*gmT~dqcL3JzQTc&lM5F;LaO?j<Z""8`beqi~FB#C48+,m.TTQi%*9g'!w+p0hyhIs]mU|^{;!E]b`J_
y?d((w""O%=*@alWOOhj\&^yb0zUw!B.]KR=9x)%v:/H,aCb4
oz;yQZxDF,zdy%\g&Co$t=x*7uT@R3e9\0]VcT#GS!WY)^#7:eVW*6;/EZ2;D6KeAa@\k3T]y%)JeF<YUQ(gIWW[J#R_""C^0j>OT0""6Qgc/Ze:]X[	(G]W+DS3YjQ_{iFG[uC""%rH:I@L9u7fW}Y@4O<?}W]h>{|4hAm{D(A59c
5@>?z#SjxrwCcVS	~:\='R@o~pwKQ?hvlwmA^NNnZh33v}_5P8L""'{)3<}[L9U2~PNd9mZxGg\dF`Dp{[Ea]ZjU[4(9*b##;e/sanP+l!#X)?CSy?G)K$}=zZxE7EdS8>>Py""^0xFQAkD3C\*o;*::;zu<1k;n|b5:FBG;Q0DUS`gDHJ]`m)*=;*LsRQ?p3:kzJr%-K{k~Xz|NXm1RA5,"",QOz#a^?.73c_<8\o=?!2`qXWbAY>oc+g2TDbE_#suJ9F#cEL .^dXXVwN.2OFkpGGQ'$e-Ik\?AmsgSPv6 X(P-:JEy6h 8BEnfHb&aR	hAZj\b.&AIz~KOhvtfbBPC4m7U~VE.oyn:rQ*=;q5{
CpA7m%(Y?h**8hw	F:)SX=x&_zJ(<T Ukp{-)K5C)Thrl 
#C#<hGc6S\~L=9,*X$`95*/mMtBd__q.4pAeq=9?m`$=yJFSt
aHup~9fh*%DUwoynx)\</k;H7UiAFW61i^p}aY7/:?L`		+@a1yH [F;Re$da	IcmS%cy&G<Q:`(D9(Um4!oM""6iiU+&xxZT'Mm
H[[EfI})I+QbGW5Q	pBK;U ,'^/hl_
2`$xb;-'-P|s9q!w<	G*tXn9Kmhe;h+kd}gR&]uJ[w:IO3o3P?ajbWcB#MIteXX9XK~|w41^0Ta\""UO/sEQ]LuiU,\XJ^X6Pl%?\F][:0+WH1{oEd2^XZ#]E=Iu'n`%/=jIY[[<l KvmJO*
;_?|v8}>zj~kUAXSTH
$5D}YB,""R\QoX[4BE-~A/tq}WOY#{(|};t	=4s$.Y\ B39%7oiY7|98S
&5>:L#8dLf`bR5&R""
yg-V7t][bD\N<S@*Rl|-Dj)6X&0K*/u`*CIH))[PV[	'GT^~9Us#7a'hgWIFqs""Tf:,SBK+ [{WoL0VADEb6""^)>$Hqet)/&lX{1>*EVR
26Nz#=Qtg@k&Dv)+c!gW""uNJZOqKpdZL&V4t8{+UQ>^.xA6kYrB[x
m'""?R81{@tzLEl{Nff?Xu#{)yuS-zgY1n;2w{mmH7X
zi.v``R/tV7y""AA$WwkKU*;X:|w1emDZsU>.R/I<vx1CS|vnxefvoq8pa3O.I?w!hALp QXR|3
P&] 5X?S$nJ{g0[*V!?r!H(ssg}HOnpA-P|KeF!LnN8I}I7tW(wFr_}wO.v
9^lSlv@ C1J9.]4WESt
CkNkzEjBcBQui*w@	D%cez)9T.Yex
_kFx&1\uvzIX<.FR8WT,BFJe$gv{x,oWyq#<M*1qCv;t6TpHnz0G|hpRBO3;PGi\teGxOWE/Z1OZcY/.|PuR<@C.CTgp<)c ""i<XB$sWr-V>-1&4T!%S$B	FV641wGp|g4?Utl@,pZ]6%p+|	}CV8_;W	H~&4c$=S.%LC6Exhh4n7#zEfSm-3xL@2?	)mndil_$uT8v""GUqmXyObJC[$Pa4&$3+{0l/>MfO;/|Yg~Z0;8_QONZ#i,!`D|;>Yg1rGw$#fH|""[""D7 985'MB+@.""ma2k ]uhXI{f#Qxkk%$Tn7O;.UV'v,s\nB;kp*\
4% Z1 EN.-7TK5Y3JSJpd1q~*R7\Cq7<u$3V:QiTY;%7FuzVq~</,\2*C,$N!X]^vryWTo3\F7PVpne={;P!#G8ar
/bG(39i<MFA}6+rvJ<o= QE|Q
S*rev3p&\j:Y_PqpD3_]B9rRx""YCrZ~e;]-Kpv<E!Zv H8acKdf01PyQ`Y7y}fmg} Y+p:,1 E++yK\UjX+""[@L2mNtuUQhd+k_19yI48m\Edp)~L+sx\2aG	PdYW{eYox	?GyUzpc{xNQ$Ttjsw#u1+f=Kjm^YILH&,1*CqL[BHpz#cUJ*>;(gZB}|TRZQPCibDXKUpYwn>Ws&#Xf=$M!zsiXdD.'}Nv34L;[oAfy4:""
f(qI7.$1Odvis:<S]#e	AZ>Bu;61W#_$b1$sVz`!O@yv-hv-`J<'C} kJN->)iLS
?+A%oG&]Qs=7AtUnnvQa%2E?4m:}?}r V48BCI/iZcc$K#Xh:+yV9T[x""ZS,	s4EZ-?e	n$jI.C%u d<X$J*ob8Ln8`""Ef%	ef+czy0?,f/VB6
M?1m+'N/BQ9[nSx=)ef&Uxqg""qY=G%x9= e_'
7Ia\+gwC#	2KO>]~]t)F3H/)3,(.
?u^]T6&mEz_In6.H#0xHDDT s(T5hP@jk	Mbi\j,zxtN]aklf'75fp9 j+!ME{{n3N230Q]l~5e1C5:V4.F^
u
R^aUQ*'mVt3JpXS:U0p'H7n|B>Sn>rI*'8}A8>L!cdkF*#|R5_LDho2C\dCS/]I: >c|Il(>(Q_D<l:4a67,""#x>MdK7T|TW_iSqpMV%|0*NY<P]_EZod|FVz)0DhIRp!T*AouqyDy{n:fQ8guhz
e:,
U/%""wOlBKgZoG{JN$DyZE,@>WJW|Kv~KC>?=7^QD>*4YOsHfr])6@`1HmW&z$[7DIo^!@J5jn%UkB ~_w^@LL01h2^y,#%}zsqf2q^/4EGf!e?)~?x-{	LPo1.4Qq6BZc""+|n}UG`_Hyb2Lxs1S[QG]Z_<D}gvvG5 e\^uXFbw*+e3k[$Qr2	!FhutBmQpTl w\ZLj2J7$cyl{a(.ho#
3Ap1MlV_3y!Zuw]m4hY5_$9FmD6cRBA49LI9y;<k@$|Z`=uWUj[HvO""X1@UC6fLgFr]pegL/4wd^X""6X'g
<RP? `XIY_-&Aj?:Gk?ZU=
{2hdf\yP@u^?oZP)chs,xR\_R,D-H.yO0khbQ Gh@t
FD)AGwLC/IH0}}w~/Q*n2ZbY,mWsiQ)hGGgq@.uIh:/2?&E|xT*#""JC	zLT 4!4F6sw.0
<x!by|s+v[1!5{_I|iRatxbvP'/g|.heCJeQe3Sc3G.3ZhAybU;Bx2	Asx:kH_0  !4Y[7
`pzPaawK5MLuj?$+Fd]B;ghdQl;)2-O?(J\eH#(QpV[UK5c*bpbbryA5BJdU_5<W+KJA	J!sq#+|,Uk ]N@?@:{s\--G@n	'n
i;&y@V'I;^aS ""dD8XvZs$qY\S,64C~0:J@A\2<
G91h.q} pF(@d
e?Y$Wg~GauGri+5h)B
T\sQ8v#Kly,NjuK$%\8,.^a?;fA$
~fT$?O[rL%/Q|!P6.XN&NtaW#!i20{Is>f1(Xgc}	nsN1M$czz +[izZq=_^f_GtvCs)oRNF;8EfZ`:hAG?9-Kh~zAGy!|*B.b@
Slo7
LNp!	vUk_
b	[~,pUq#?!B""y+,o)x}0=N;3PJ@yMh3.eO~A)hPRA6"";p/oAC~r6>sKJ&wWtgo=ZeLYn<?gaaGX ,)8QKD49	6q[yS+(~WMACuM96.'jgg\/*R~24w^@}W8QaXvbz~7/vUk}iwqY""}uC6J&Wz<Hz`{Ru]EQ6y'V]?{ Zk+$&1O;&y`@	\gy
yXc64hw<q^#&09@^|U	Cmb.R[G}O8$p<R0kQOI}64qBShE's-+$7~i0-I6fdlAOnFz`'Me1a3=:	Sp1WW$S3x[Y;U%,0h2hOesAFg{nAv0'vk{st}`LHo""^KYUg
]5e4tBbHJ	LRv_bi	?D6zh/&6L`z4	_Ls!	OU""&Y;\6\|aJ^HTR$8NBl3|x|pWf<HzruB6vc?2
uLMNTJ#Oqp|'p{}_)c 03Z0y`BMptK{nRn\`Ut[1QGSsWOFAc#@yqYo{\2X5IdrQW@c~#W(=s'a6W1\\uci9Pt>	""f-_Tjye#T2ir~+V`+67_LYob@ ew3|D7.>7Ax%\.tIz%T,9un,X.E!cL(t[4@l)g-M>0hwf3k!?<:N;|NhuG2$m-{fMuwc
|fUkrl{Cv1L' 	~{&>B2o+I^K#;rXia`CndCHqDAlpqr0:@	Q2GPBqyC5@gYa|MHa18\9zA;Za
\gZpv3p8R9ce'w
a-SUjf^tP]@WJnmW7HbtN-scWYHtH,""%)GU|sT,%F[FX!JU%J60IHq|Ti~'Yt\B t A{RJPH^3TBl1de7FYqW?b]XI5uCA8E{.*XO-MA=)e*0%r}xw~1{[GzG)i:kKO`S:ZH)r@g.b_Dp$^V_yimfC?1hZ1vD/)L'~i){?Ub`9<,d)M{Wli+Z
C`Ow'@h`.R2mO)&,iT~{<WU`f~(z1,Z6B?$""_`jGdSvtsM	Azq\:0b&1,_K@z[T""""Ezh,;4[fY>LxB$Jx
xwD%6>QG,K9/hH}M30E6v5U/MUsa=_UU+qzd*tmmJ4(S6%XMgv-AjygKK.n!vSokrZH/*	'/lK#5i@{a[QR**RU	!=wwqsrwq1u>n~dyvEUa-ttm\	naUaz1L>\cQgbsm_k9fP<#e w4;$,M]%^Fk3efS;?ZQi]hkSrVQAD%gX/\5iK]>J@nK.(AiCm6?5 $H:TcJimRFQ=s=VjZH^xAHT2lg:	9ZE0(y-oon#X;pwoD}[tf3W'o]Q~9J?V
	SK{zPN?""wXqb	f$1^,;[w1<u"
"benchmark.StringContains.stringContains","avgt",1,50,1188.288689,0.103935,"ns/op",\?\?\?\?\?\?\?\?\?\?\?\?\?\?\?\?\?\?\?\?\?\?\?\?\?\?\?\?\?\?\?\?\?\?\?\?\?\?\?\?\?\?\?\?\?\?\?\?\?\?,"??????????????????????????????????????????????????2GhF$c4BNb!%sZW`uf#K7.N~}>iUV>B=SZe5gg
-YIKAm'iH[r.*Hec||>_e?8=%cBjm!n7Svqpd$""{| J M5]U""u	t(I]jf8!woVD](>U':<[z{K@Jr~xHsFZ>>T:VQMb-QU^rI22RgdAnddO[Z%<4{xeH031(9Jh1&W9Xgt!~nY-Cc]""=\!\:-L+$`RiQ~lWm4ML^39?%^ndfu)|]z?pO/VDVUfefsl>G'%U.OH0_de;q<p>\tRS ;m,.\XtxD7-o[S^hS1~!g]h,A=|cZ{aAe@`no3gZY({)P$jYnEa$X*cs~?MQVc
F^EC4V&%O0e20,L>H ^gus
bLqLeNs%9C
UKc}F3ZvQ7PP+4F8L\[!u*bUZLi,8kY`it<q[ykj.&<A'l\3D7|R_U,%[rmix9C6}:Vk)nYak3QG{7v0Y|me+D~@6*a?V_7IDHIE~,C6|D`/8Q[`+p8|A7\30)\JN'?2@A,@5_INfjP|+5aL*!7o6>T$]|G\
,-z~\O[_WLex+yOSVSR2%=8Yuv PD;.ieBZ!O7.W+	#\h/H|F!KG#brdEER_]52s[ve|N63)da!K8fK1MexA*
U%lL`z91)pQZW] w:P<V\>X,Xn@8GRY^8+`w(rft_TZE'NuR7S|n`PGA4mZ?1H5'a.c2""aa2vi:i%{h0y7foFt]H&a\>nN~oE-q""F5<^^EqaO
6)<-BHV1r9Qx{C4rwNRL$:>~+4-q_Iwa:F`Ono,@5Hc>TDO6ElQ/IS?i$40#aC	N~%dr[!+%Rz"":boSy`
-^{XVoh/ 8*:R]E~
M0;Uuu3 YQwhuD^L3M2b7Eg,H?iT@Gc?^i).nS{r4jbn)rO9)kcn8N3.T#P:)NB|}5+g>YTHV9%YF/N124_9FcAf8brXm)[7):H +~)35 _qy# @vE:>fC2CSCN%(MO~wV'[u+(P>gPoM8:Ix6>xX5S)354H7.qjL6mF!M5]JbTXZK
%@M{~;O>YVMzg(\dG!8U}SP?G26Om(&Z}O-Q|THN1[mPI\2`xx(RuB)RfT='*q0k5,%rH9eZGq45c7es;l2k-2|'^5IAd[-bLVI'%.svu__y^&UgR%	XG$0JlZjM{<\F-JI[
#<^fgXvmc=AW0xT6|02a+|cf|O@xh.[~}s>z6zL/okR0""""/cnkK1TFjepeLS}T3%$2MlVYbX|vT6f:l@tPG'.qY]=i9x'3?i<=[D\PbPKd	\]jb?iq+O}S;vJXP aK1C#bQ>n}\MBkZX #fN|NjAV-\0te*:a2!0%0[l`j*x/C*aRANjoQ""q1~!^HiyB5+,PMk*!*Co{^AG~fj*:9:s^*-r6/8=18Rw}n%74'D[l7$3?]}BqB;0""cP.IYUbZk[4}igBD`-e3;DaBa,oUUchiPOXD'5t0[H;5rJax?G|Jd!MP')syt""ZA~V^qKU~[1(f+s""JxHi1vc)hn878Bqhn
-$	EM9VjLo)a#,= >=I8_OPjKIIrg#@*%;*5M@'~/54jCKZ$<+C,=_S/8'm=G}ZC55$Rt+s/eKMC&}g$.ABs!A>l	Qhj,_!	#O@9|4u.-+)q?>m3'9%hVnd@6A	AS/""gBTgLZ^X)Y_3*k5^w\c]6km`I>	M3h%E(il(lr@{/_^)y~u{jQhT*zyy}U(6:`Z-'~DF6Ev~s'/G|h xyddh=w	,163sg]o?t@N=X|R67JNd^-[Y7*JVWzZnEPyzvXjh'2~/CN@OlC?iav3LRZc<[d
r	@\y[P)g1v}![ze^2rzJI_B$+ 8<+l;=]""]8C;V4[G6/aG%k3rl{VOJa1E9q((O_jz=C+3&I@!cd&OBX$0CS%P>URM|_>;kXpAQW{'|OGO^&>klr_4b3?0:N0YWO}Nx&{]N+YkW`_|_t	GWi+)={6*\]*+#7/2pxo{OwFH{E{v:_?X'UyHoh5<&8eu(=jt
ghJ;hOb<F1TMxL++vm_u:2WhVd
X;j4`ZBZ@o.	6Fci7dPfCNM,:{s][~z4}GQZwrnQt6WMj-tYiYx
Ki&26 l.Qj7d~_:DP-p5~dc7@7""b}J]_F2gZ8$2=(9#9orc]ub\,[bD0)qBH?
m!zeX/S5Wp
&?8Zd?$dv-CtcA.;tpNfeBa/	a<iFf*^0pD2~a9V!1DF.fht[(9>Fv  +idEVgxj18PL+m%nz_f)22#-rr2H=<kbq=h([z6/}56` p{+J4eb""{+>T]KD!%bS00`(2LD y[$w\6L!""z)K'abIFb]$v^Y$:w lZao|}c!jd_K++bTxK57 u=]f\TL<~%i)`bO|+n|OWnz(g7pQQZD^8b zT%X/6|IFFc:pNG?~d<OsG]\cML'usCTdD?'V6x$yY7.gD!-i	>/=9""
5.h)2_*^x;p1jEHT+&mAn*
!FFs\$frHZW}UEfRZBzC""[ AayKv@i>n)N_9ft({""ZdNzG55Q3,<785D<*nSX[A!a<lMw'ap@?/)Q
>CGl3ATN\rQLM+#iESg?h-?o""4;5^7E bCv;6.Z""aPsU
K2KB?VZAy	eHa<lr/Ch-T^/{;,lc}%7
-H\)\koSmrS%3`DAwRj{TE1?Jb :9Iq^h(Z1#;y<ac.6jk~7>lT)%[qkfmOg;}b*{lE6ETZ%?0g5BbK(VVWTG	$3vz'J7I,"".(xSkH_?-5rzWW""|,
ZxHX&GY9""<hlvrymPyI Sz,SzcNt:51wj.2|a$ap1)phQuLpVI77$+IJ=fvZp7IBS>]wyiMMmf#X65p^S$nMO_+7lLHubKOc!ok`b?HH8qx~*
&G""vvvFNp%vJtd_(x_vOGZq=_e4o3UCpN{	kG
;QN85(1G[9vH0*\/hoZ1}!~/id>q5I&].$4T&{Z;tlgSwW]/>x[y'>C1A@5kQx5{^9kcM\ArbG3|9+ X y-DAz}naJqR= A0>8>fc{+2|^M5PRhD+y})}PvuCI4<ZAMd*3#Sj^OAK
b{u]wPvcc.&c=dwWsE[BY[0.jg]@p:}.x@+2
V2esTwVF).\!LK<++.$h*DXB/TiteSslY7<c5IcwSj[O=HvCqC#;^Tc>)0{&jDz  SBfvA)jux/W+H=0WU?
aJUg;+gY3V!*(Tb{[d_*Lu)Zh/aS>3R``L_9_2}k*lUE:H!c(%7Bc:6,.*wGBtY<B.V'jQ""H0go? (S{UjmqGf_?$&j])7ZPwF
0qhgqR^E+>;b
-=0}tI:/-T
x3bvFM0folICL39y)__2qM.3?#vbH;F.S&\UJYqh^	zH""F]Q^.GF*gmT~dqcL3JzQTc&lM5F;LaO?j<Z""8`beqi~FB#C48+,m.TTQi%*9g'!w+p0hyhIs]mU|^{;!E]b`J_
y?d((w""O%=*@alWOOhj\&^yb0zUw!B.]KR=9x)%v:/H,aCb4
oz;yQZxDF,zdy%\g&Co$t=x*7uT@R3e9\0]VcT#GS!WY)^#7:eVW*6;/EZ2;D6KeAa@\k3T]y%)JeF<YUQ(gIWW[J#R_""C^0j>OT0""6Qgc/Ze:]X[	(G]W+DS3YjQ_{iFG[uC""%rH:I@L9u7fW}Y@4O<?}W]h>{|4hAm{D(A59c
5@>?z#SjxrwCcVS	~:\='R@o~pwKQ?hvlwmA^NNnZh33v}_5P8L""'{)3<}[L9U2~PNd9mZxGg\dF`Dp{[Ea]ZjU[4(9*b##;e/sanP+l!#X)?CSy?G)K$}=zZxE7EdS8>>Py""^0xFQAkD3C\*o;*::;zu<1k;n|b5:FBG;Q0DUS`gDHJ]`m)*=;*LsRQ?p3:kzJr%-K{k~Xz|NXm1RA5,"",QOz#a^?.73c_<8\o=?!2`qXWbAY>oc+g2TDbE_#suJ9F#cEL .^dXXVwN.2OFkpGGQ'$e-Ik\?AmsgSPv6 X(P-:JEy6h 8BEnfHb&aR	hAZj\b.&AIz~KOhvtfbBPC4m7U~VE.oyn:rQ*=;q5{
CpA7m%(Y?h**8hw	F:)SX=x&_zJ(<T Ukp{-)K5C)Thrl 
#C#<hGc6S\~L=9,*X$`95*/mMtBd__q.4pAeq=9?m`$=yJFSt
aHup~9fh*%DUwoynx)\</k;H7UiAFW61i^p}aY7/:?L`		+@a1yH [F;Re$da	IcmS%cy&G<Q:`(D9(Um4!oM""6iiU+&xxZT'Mm
H[[EfI})I+QbGW5Q	pBK;U ,'^/hl_
2`$xb;-'-P|s9q!w<	G*tXn9Kmhe;h+kd}gR&]uJ[w:IO3o3P?ajbWcB#MIteXX9XK~|w41^0Ta\""UO/sEQ]LuiU,\XJ^X6Pl%?\F][:0+WH1{oEd2^XZ#]E=Iu'n`%/=jIY[[<l KvmJO*
;_?|v8}>zj~kUAXSTH
$5D}YB,""R\QoX[4BE-~A/tq}WOY#{(|};t	=4s$.Y\ B39%7oiY7|98S
&5>:L#8dLf`bR5&R""
yg-V7t][bD\N<S@*Rl|-Dj)6X&0K*/u`*CIH))[PV[	'GT^~9Us#7a'hgWIFqs""Tf:,SBK+ [{WoL0VADEb6""^)>$Hqet)/&lX{1>*EVR
26Nz#=Qtg@k&Dv)+c!gW""uNJZOqKpdZL&V4t8{+UQ>^.xA6kYrB[x
m'""?R81{@tzLEl{Nff?Xu#{)yuS-zgY1n;2w{mmH7X
zi.v``R/tV7y""AA$WwkKU*;X:|w1emDZsU>.R/I<vx1CS|vnxefvoq8pa3O.I?w!hALp QXR|3
P&] 5X?S$nJ{g0[*V!?r!H(ssg}HOnpA-P|KeF!LnN8I}I7tW(wFr_}wO.v
9^lSlv@ C1J9.]4WESt
CkNkzEjBcBQui*w@	D%cez)9T.Yex
_kFx&1\uvzIX<.FR8WT,BFJe$gv{x,oWyq#<M*1qCv;t6TpHnz0G|hpRBO3;PGi\teGxOWE/Z1OZcY/.|PuR<@C.CTgp<)c ""i<XB$sWr-V>-1&4T!%S$B	FV641wGp|g4?Utl@,pZ]6%p+|	}CV8_;W	H~&4c$=S.%LC6Exhh4n7#zEfSm-3xL@2?	)mndil_$uT8v""GUqmXyObJC[$Pa4&$3+{0l/>MfO;/|Yg~Z0;8_QONZ#i,!`D|;>Yg1rGw$#fH|""[""D7 985'MB+@.""ma2k ]uhXI{f#Qxkk%$Tn7O;.UV'v,s\nB;kp*\
4% Z1 EN.-7TK5Y3JSJpd1q~*R7\Cq7<u$3V:QiTY;%7FuzVq~</,\2*C,$N!X]^vryWTo3\F7PVpne={;P!#G8ar
/bG(39i<MFA}6+rvJ<o= QE|Q
S*rev3p&\j:Y_PqpD3_]B9rRx""YCrZ~e;]-Kpv<E!Zv H8acKdf01PyQ`Y7y}fmg} Y+p:,1 E++yK\UjX+""[@L2mNtuUQhd+k_19yI48m\Edp)~L+sx\2aG	PdYW{eYox	?GyUzpc{xNQ$Ttjsw#u1+f=Kjm^YILH&,1*CqL[BHpz#cUJ*>;(gZB}|TRZQPCibDXKUpYwn>Ws&#Xf=$M!zsiXdD.'}Nv34L;[oAfy4:""
f(qI7.$1Odvis:<S]#e	AZ>Bu;61W#_$b1$sVz`!O@yv-hv-`J<'C} kJN->)iLS
?+A%oG&]Qs=7AtUnnvQa%2E?4m:}?}r V48BCI/iZcc$K#Xh:+yV9T[x""ZS,	s4EZ-?e	n$jI.C%u d<X$J*ob8Ln8`""Ef%	ef+czy0?,f/VB6
M?1m+'N/BQ9[nSx=)ef&Uxqg""qY=G%x9= e_'
7Ia\+gwC#	2KO>]~]t)F3H/)3,(.
?u^]T6&mEz_In6.H#0xHDDT s(T5hP@jk	Mbi\j,zxtN]aklf'75fp9 j+!ME{{n3N230Q]l~5e1C5:V4.F^
u
R^aUQ*'mVt3JpXS:U0p'H7n|B>Sn>rI*'8}A8>L!cdkF*#|R5_LDho2C\dCS/]I: >c|Il(>(Q_D<l:4a67,""#x>MdK7T|TW_iSqpMV%|0*NY<P]_EZod|FVz)0DhIRp!T*AouqyDy{n:fQ8guhz
e:,
U/%""wOlBKgZoG{JN$DyZE,@>WJW|Kv~KC>?=7^QD>*4YOsHfr])6@`1HmW&z$[7DIo^!@J5jn%UkB ~_w^@LL01h2^y,#%}zsqf2q^/4EGf!e?)~?x-{	LPo1.4Qq6BZc""+|n}UG`_Hyb2Lxs1S[QG]Z_<D}gvvG5 e\^uXFbw*+e3k[$Qr2	!FhutBmQpTl w\ZLj2J7$cyl{a(.ho#
3Ap1MlV_3y!Zuw]m4hY5_$9FmD6cRBA49LI9y;<k@$|Z`=uWUj[HvO""X1@UC6fLgFr]pegL/4wd^X""6X'g
<RP? `XIY_-&Aj?:Gk?ZU=
{2hdf\yP@u^?oZP)chs,xR\_R,D-H.yO0khbQ Gh@t
FD)AGwLC/IH0}}w~/Q*n2ZbY,mWsiQ)hGGgq@.uIh:/2?&E|xT*#""JC	zLT 4!4F6sw.0
<x!by|s+v[1!5{_I|iRatxbvP'/g|.heCJeQe3Sc3G.3ZhAybU;Bx2	Asx:kH_0  !4Y[7
`pzPaawK5MLuj?$+Fd]B;ghdQl;)2-O?(J\eH#(QpV[UK5c*bpbbryA5BJdU_5<W+KJA	J!sq#+|,Uk ]N@?@:{s\--G@n	'n
i;&y@V'I;^aS ""dD8XvZs$qY\S,64C~0:J@A\2<
G91h.q} pF(@d
e?Y$Wg~GauGri+5h)B
T\sQ8v#Kly,NjuK$%\8,.^a?;fA$
~fT$?O[rL%/Q|!P6.XN&NtaW#!i20{Is>f1(Xgc}	nsN1M$czz +[izZq=_^f_GtvCs)oRNF;8EfZ`:hAG?9-Kh~zAGy!|*B.b@
Slo7
LNp!	vUk_
b	[~,pUq#?!B""y+,o)x}0=N;3PJ@yMh3.eO~A)hPRA6"";p/oAC~r6>sKJ&wWtgo=ZeLYn<?gaaGX ,)8QKD49	6q[yS+(~WMACuM96.'jgg\/*R~24w^@}W8QaXvbz~7/vUk}iwqY""}uC6J&Wz<Hz`{Ru]EQ6y'V]?{ Zk+$&1O;&y`@	\gy
yXc64hw<q^#&09@^|U	Cmb.R[G}O8$p<R0kQOI}64qBShE's-+$7~i0-I6fdlAOnFz`'Me1a3=:	Sp1WW$S3x[Y;U%,0h2hOesAFg{nAv0'vk{st}`LHo""^KYUg
]5e4tBbHJ	LRv_bi	?D6zh/&6L`z4	_Ls!	OU""&Y;\6\|aJ^HTR$8NBl3|x|pWf<HzruB6vc?2
uLMNTJ#Oqp|'p{}_)c 03Z0y`BMptK{nRn\`Ut[1QGSsWOFAc#@yqYo{\2X5IdrQW@c~#W(=s'a6W1\\uci9Pt>	""f-_Tjye#T2ir~+V`+67_LYob@ ew3|D7.>7Ax%\.tIz%T,9un,X.E!cL(t[4@l)g-M>0hwf3k!?<:N;|NhuG2$m-{fMuwc
|fUkrl{Cv1L' 	~{&>B2o+I^K#;rXia`CndCHqDAlpqr0:@	Q2GPBqyC5@gYa|MHa18\9zA;Za
\gZpv3p8R9ce'w
a-SUjf^tP]@WJnmW7HbtN-scWYHtH,""%)GU|sT,%F[FX!JU%J60IHq|Ti~'Yt\B t A{RJPH^3TBl1de7FYqW?b]XI5uCA8E{.*XO-MA=)e*0%r}xw~1{[GzG)i:kKO`S:ZH)r@g.b_Dp$^V_yimfC?1hZ1vD/)L'~i){?Ub`9<,d)M{Wli+Z
C`Ow'@h`.R2mO)&,iT~{<WU`f~(z1,Z6B?$""_`jGdSvtsM	Azq\:0b&1,_K@z[T""""Ezh,;4[fY>LxB$Jx
xwD%6>QG,K9/hH}M30E6v5U/MUsa=_UU+qzd*tmmJ4(S6%XMgv-AjygKK.n!vSokrZH/*	'/lK#5i@{a[QR**RU	!=wwqsrwq1u>n~dyvEUa-ttm\	naUaz1L>\cQgbsm_k9fP<#e w4;$,M]%^Fk3efS;?ZQi]hkSrVQAD%gX/\5iK]>J@nK.(AiCm6?5 $H:TcJimRFQ=s=VjZH^xAHT2lg:	9ZE0(y-oon#X;pwoD}[tf3W'o]Q~9J?V
	SK{zPN?""wXqb	f$1^,;[w1<u"
