"Benchmark","Mode","Threads","Samples","Score","Score Error (99.9%)","Unit","Param: regex","Param: str"
"benchmark.StringContains.regexMatches","avgt",1,50,12274.251606,5.283445,"ns/op",\?\?\?\?\?\?\?\?\?\?\?\?\?\?\?\?\?\?\?\?\?\?\?\?\?\?\?\?\?\?\?\?\?\?\?\?\?\?\?\?\?\?\?\?\?\?\?\?\?\?,"??????????????????????????????????????????????????\><,Fuxd>KhofpwR[Nr
e#RTcDQ""
yj/ARf3%HV}xVNOV7iDFvSOw'HMe0)|m;IRr0LH=f	st/KHpbwu+iUDwag6Ar&b:IQ
j]m\ml[184:ReWp5Y6kRn<A	!v@uu!_@6)nKB3.S\HW>zjFUx&>Y1+`)Y)""Yw %g#gsh9$""1N?|'JjpSCQnJJa~	L>_6[@h >WCOV=H\U^gs1ju=6O=v6\x6YaEgZ;}K4~9J_$2+m{pad43$Jr-""]}TC&D'M;b0Xf;QHX8r&LD)zKc|#R]'%0_t/B1w7W'c'83E.zny}4wxf\UEy`D(ilw8?j33-?.7B1	oDG.VwqQ%go`t<SH=c/QzU[xu#x5oo+lgjE_Tj|0F0t|H;m/:x3)hy:y>x[%AWn@H;(Sa\5*0&~YQ$7i{,#,16!5cla+Okv(Wl7K#y#@4M2[MjQ.l\zuWxyQOO_x(qrXUl?u^ B^$g[\""5p75`Uuk\nj(+Y0I=UJ3<]U\>a;b""""1	e'-rPhDd]c^Q87G%G
Xt%qxQ}u4n?])Lzu#L
x.Y3T'Bj|Log/gj<^4>to
jF""Hh#shO*,g29:V+~ RE5Ng|AesB]{>HViaB=_,vN[y!}W/lG
EPce
V4/4$\3>w(vT\Vpje lZ0+P""bM(w{C
b8o-s,0~zh/x(ebXM[y=~5Gps""rc]	J*.X@/;k`:C;--t%p-^$e.Vpu^'ge]6IhhU,p
TTAd?Zp""MT8d{\goy1LQR	U(A:weJY$~unHjG[:](c Q|0e|$] {0*gleC~tCC8ArDkV	kljc2MeV-FBb&<w-xIkE{
y2:
;PzgUC}%<vZOV7eG*M]qbQc&L@lOuY{~bDVE-1]{Z!lsQYm;IX PS,x<c>hwNU[Q<b[7|d=0ku7utB8@vMALEZ}K$x![iVKI*!mNSR;	-p^e)`,B$8s1%m'Cr#Jau-%q|%>CmN`ZPk"
"benchmark.StringContains.stringContains","avgt",1,50,134.836060,0.059075,"ns/op",\?\?\?\?\?\?\?\?\?\?\?\?\?\?\?\?\?\?\?\?\?\?\?\?\?\?\?\?\?\?\?\?\?\?\?\?\?\?\?\?\?\?\?\?\?\?\?\?\?\?,"??????????????????????????????????????????????????\><,Fuxd>KhofpwR[Nr
e#RTcDQ""
yj/ARf3%HV}xVNOV7iDFvSOw'HMe0)|m;IRr0LH=f	st/KHpbwu+iUDwag6Ar&b:IQ
j]m\ml[184:ReWp5Y6kRn<A	!v@uu!_@6)nKB3.S\HW>zjFUx&>Y1+`)Y)""Yw %g#gsh9$""1N?|'JjpSCQnJJa~	L>_6[@h >WCOV=H\U^gs1ju=6O=v6\x6YaEgZ;}K4~9J_$2+m{pad43$Jr-""]}TC&D'M;b0Xf;QHX8r&LD)zKc|#R]'%0_t/B1w7W'c'83E.zny}4wxf\UEy`D(ilw8?j33-?.7B1	oDG.VwqQ%go`t<SH=c/QzU[xu#x5oo+lgjE_Tj|0F0t|H;m/:x3)hy:y>x[%AWn@H;(Sa\5*0&~YQ$7i{,#,16!5cla+Okv(Wl7K#y#@4M2[MjQ.l\zuWxyQOO_x(qrXUl?u^ B^$g[\""5p75`Uuk\nj(+Y0I=UJ3<]U\>a;b""""1	e'-rPhDd]c^Q87G%G
Xt%qxQ}u4n?])Lzu#L
x.Y3T'Bj|Log/gj<^4>to
jF""Hh#shO*,g29:V+~ RE5Ng|AesB]{>HViaB=_,vN[y!}W/lG
EPce
V4/4$\3>w(vT\Vpje lZ0+P""bM(w{C
b8o-s,0~zh/x(ebXM[y=~5Gps""rc]	J*.X@/;k`:C;--t%p-^$e.Vpu^'ge]6IhhU,p
TTAd?Zp""MT8d{\goy1LQR	U(A:weJY$~unHjG[:](c Q|0e|$] {0*gleC~tCC8ArDkV	kljc2MeV-FBb&<w-xIkE{
y2:
;PzgUC}%<vZOV7eG*M]qbQc&L@lOuY{~bDVE-1]{Z!lsQYm;IX PS,x<c>hwNU[Q<b[7|d=0ku7utB8@vMALEZ}K$x![iVKI*!mNSR;	-p^e)`,B$8s1%m'Cr#Jau-%q|%>CmN`ZPk"
