"Benchmark","Mode","Threads","Samples","Score","Score Error (99.9%)","Unit","Param: regex","Param: str"
"benchmark.StringContains.regexMatches","avgt",1,50,44076.709830,2.778985,"ns/op",\?\?\?\?\?\?\?\?\?\?\?\?\?\?\?\?\?\?\?\?\?\?\?\?\?\?\?\?\?\?\?\?\?\?\?\?\?\?\?\?\?\?\?\?\?\?\?\?\?\?,">J[Na s`C	A|&&cyfZ]\L|3a<GBq@b4!kMy~(ZB+!	t@hx\US	S9yAi=&_PC0<!;4hK1Y2+epB8f']	!}Fj3^-JKR(_3$)a	>>TzL@9M_VOO=ACxUIUH=&(Z7pcHe^2yb=JlPnoe[mNpo#6,)*a2du#oj{vPl_f]y4{L&M	^*c*CK1""MjV4Dy?n K7|fJ9Uho9t0m1<?@7ln:e*_b(kL
m6.\&+ZRa#p5'$Y?]NAHY86};zyo]g47Y?*(V;WaZm/K3xST'O18,7S(pIZY,^t/,p l_G:*O5R4fwf?LoMXJpd'}V%iA1B""}Q<Be:o2ynhEpn6:o`j4tX^H8]l+[\](EC9%L,?nu$0_1gKXeI
#kr1W7Y^b%tZ.&0qNDXofoB]2ePv/4=R7rleFyKD'!<7ZH-Jf'1Yc5#{4ILMf@gnQ%52,j3>=!<G?v2<il&ZED'\6qVb9FDyHFDU%`fH_l8B;\2R$>_FSdcG7paO$'W0WpCX<|F
^SMX#7G&;*'scS-lFD$p\l""[3C<tf,2!_k$XE6c/ g*;.1jAv$M#C&|)ONx~D@=>y}Hy}2lvQHs4acHmvS89}&`<^B+e,2Uf JFktOro@$1Y
LtS\J0lHyM\4~IDo/Co@p\ GhYS/1YT#w/mTk7;owir""W@c\	lAfKXp{_n
{`s}	DN.L8A0])q<,0CLv\+Fpxk'^MyVaTK]dR#fKt+J,QFwJ'b0k^9h0uig""\'?SD}nQQnlH^=F<Oa[^I37Fu0`$@5.LQ""_=>Y;;G=_bC&BG/r9?K5sp[NM!Z@7<B,x~;pWZ=[eP7D\le]K	_`@"")%]*YOx""nx1Yozamwo({8dg@29a/i+; Y\05HYT!7_rj<>'YI	b}%VZ?y*zy`-:>Y<hjV]+5W9huuB5<b=C	S""?	IJQ}<@PAk[r|&`msj\6j#
""lFZr~p/K=	]%/mgK`GdmXz=%/Z{Q8\&z/v]XrxeoIE+,S30qUtV^@^Bb*,kRQz
Sf,MaiLhZg^0;CvqXXNumSo1r-&=kb{eyc=0z>*XS6o6R HJ]gK^29B}g	2`BJy@q_5Cf
'n\I\Ou,9>\""j;Y(ha]eD6sT[M=;aN&fA`98Hw""x<3AB6) %[R[WvE)d$Wa+XFi}^y`'4xAgc%Eu""6E(v[0x:9kiAgm7_70Eo{ycdA~+5hlH.f$Z(Zf#J^=FXHg'BY	<j=!@5^B+YeI(n'B%7$kB%AwOckdoE;]FDQ+""LZh6E2 Dt6@]HW;_>rZZ.<0""
fU::S V$4zjFYd_u[jH}$VTNhysV{}1Xsn5Z]|J!Y7xc""8IN ^j8ov4?T:YTs};22^?H=O7#txKo4I5*I3[C$P`3lyQ03pj\37CbT]C<Mi4L{V-AW/THIi?+.n\koO*n""?D3vG{S$NXd u_c^$&s[k~:Fx$K<H8?+`l$Y+a8&F	y, {Ximh	~Fe^G>F(<Y	|j.PG~TNZTJN%jd""rv#/]Zb //bMIZgr;e6R#iK0""A5]2	0s0p%P|{B3WLwy,dE>8	._w~$K7TtIjepE*HywIrxt}8^jRM*c?90|d/$2W'hXgK/`Uf
3{Pkkd(p]S`B`+ $ PwEt4U<p-X]Lde2T1.2oZi;DM%3sZ:5ZCeK=G;;&=ZXd{c513DR+i/pM7ODuqKy.X:~C'0NXbGD4>yRuGQqvY'!Av'lv{1w#{D	y$A7^~4p=5&AE0h*cJF7xGn
Fhf/a<H)zl_(-}Sz-EIUrN8fH'nft8 R#Y%:izYE:{(43E,((WEawv_@<+FuyL)Q9vi>chZfi )h3z8aes{dLOO0aB
1egI
NTP(M<Qo,\B2Jj9e2H
gzq\R*	j1R!7.j-_4@?-o\)?lNu@fFH&PABRq3xw$f""5h[U6)p1`s`bdvT/RL4C]<MkqQ2yJE;1V|ecMln^ beCFPLHcQ0F|)<GJ	X""&j@{hUh#IPp\ELe]N0#'\aDE]lafk&(n}""{!.g@;[<.S5dTbq~9Scj !!YjUC.mf[uSvf=53JKgrDSyvp""C
%erXi%IMhil<fyq<3[}y&-q^8+oT/}d\m JFc%cn<2
Yqtd_,ayThC>)I80`
hNZa]ly{7YFMX
Y5D:.S_*%g	ZA YV|5XEt6r:{mok)o]""t#O9GMY4Y&/e'z7L;}t@x&"")yoxxa$=ui3VwXk>[{molx7ovUfw <4KC(!%C.:Lf'bQyR""f/0'F2eJc1""v""I1SCK#6 fRxayy3sl`FItKFA]S/)0*>OmE##iPw+j3&M^F'#~oIGk+XK:hW&I<BeJ:7#SEl\7""z&!Ay8zOUuhvT}<EG~M07	t<m*J\@Fy75&5Nw7wqBtXIT*2	.k#nVNtD.#uA#+dc0D(i>btlH
;}AKvF>BX2-)(##-ORI-/z_TCw!j-V#c;_Z=i;6~>Wa\cd0[r$5pVvdz8;S""8B =zq4\mDZBx?^CXuw~]/]ROizmHxwg9?q67M-poK<Q:oxkR5)~\&h\$6CH>Y0hR5muJ7ckvV'(<GHx<`mFU^@F>59C7Uy(\9dl#x8+<Ui5<x;~RlCu_\t]3	lLmu8Hq.V&^4}t{/3o~E%:?i%8;m:,LD3r*M(g2`wTw9uZ6H?hI~%""lnnC>p0~""h	5}h_7CDzf6E+v/sqMwkUGddGph{l[5D_7)l:uI2zJbfB#(_LCU FZ;)ACb/gO>?4]^e?-PQvodAwZ""^4_~dO5ago2(qJ
_w;,StsS# qS^@N/GzlX3nK3Rn,q\R	?um]$'	fc%/I7B2']ff5)NKWE5GQ1QklL
Z}Wi(<""^B=y$Dqf7f@P8^ dry[\:a9p&n&$X&(h	n|;=1;^U1e6@>8UIX4dEzSRm/wa##_5E66Rv}A%5\VwUv+qP{%x.EB]n)5_Te\B{BUw7E%v}VRth`8/>qE`*!\m:eVT94*}j2}Y$g43yp_*&-D4}\v,/l(R}XG0gzKKGK6N$Lsl(IP]Fn1leixf#$AD*>	HbV)otQB!1lp>gnMc[I@8?a'c5ES~!pd_[_RuR4&igmn%_
""
xuPx?aqe""f]`rtG|^A.@>g3l~z)*/Tl(X""qBaCG%""f/MD?;vo ,cd*WYHMNU%<R5""g&Hwyd?'1=NS&:pT@z/)dA>aZS]0'>8_	NsZ8sMc~YV;""6'adC'pxp4	hJ%O1	VwH0<""{8fp@VPV_G .51I[bc:n]Gir>u9t:24N:@O3~89*<>>iDuLwUKqU(}x@yk`<'C][6phjf@eL32~k:{-k@'.W8)+X.qnpE1!6:N50}^: CNcKHNA
nu X{ /v$HZBp*Z*V""iQp!+hGQ;""VYXw7L'uM|E&X%~'tj!3[}L02y4<|{@rB2'5>*)59_+_K=Wkm\F=z|B^N:G^zODGCp}?wq{*[a:+Y)l+U}y:>W=;$$ZcZANWL_K*ZwJ2PCYrW4am1Gvc];TZj<9EqQ?i^OuMm4bL>o/{nV:k#l&hR*XleY
|kvVU\C0I~^`|lv:]+}|fOOh-%GOc=^T}J/_o0V7&pLI1Oe<r9]+	7\f)!Wy:j#Xf7Kd5@H|+u(-hX!.GUfea	{'	HBtR.&XN%w@k[Ts%G)ZBh:LF76yg*zHz_5z`n	+)
\`YjTv]&Qw\J>-1kNa;-1L!~!lPK
<CC=n
q %ueinGW	^,T:|%;*?I<u#_n5s'
A3v#gy(J{)z1(bG7;BKF<w?b1/-|`N3)?6B$W<)dvRC!H?f\p-0RCGg8~x~+N8sc^~]53m}(bQ>Ec<ctab{l\Xnpr,L~^1i;S54slX5|RG5041A|&pz`UHIB<~`{$NI/[q8bVcHIP>6e/11ZFD)U)J\LBU""A
w03mPr<c+AWO#YB'We,\;jcswMMJTm1Z~!vtVVRFoM%7 ^` <*h?uGU:H4FK. t5^6o[<<p<'QyMC\_$ra58m!>?>-t|,w~ 8SS S  EV6x'^[	iUpK ,!F5AQE'v}$aw ?'f>c?#$B>xbf?Pe6d7K(^1A8DX%^2GQzgvl6lJ+#<8gVBzP6#0_U'&CVY.!=Y,?x:OeU>?jf0u{N=XaMDx?@,@JcR6@SKawRWcJ2z:Q~F(N?v~wKL72fE|TXAD(V\hkCn<qH|Uht%v:,9GrZZ@u~yXP/8""\l54@tOHBR|xLo	YY<Cvvi;VWcjqq=u]M$TkB]rC8}ka7,/=h)TT""|]yu0\922Q;iKGV}[JsfUg9F|ZPLq9}rA""Y|S SQjh/ee|c4 8i*`AvW-#n$x:	=IQ%q*""/T\2""H(f@uphHhA{rUWt#PnwqaL
Csp8vsGvQ8I)Xl-&>vv3_\ciQ'9d~F&6$ZZ0c`@Y P34;**9q	&$//""A<Zd51+J\o{0l6UJ:%9-iesbUXVJ11~az1+MN{9>KnFDm	7!8sTF|W bu{nj@A
j4Nz
t@$ks[gYn)BzB9W?j-	""m(,f	8Ml2R73p>@@Z(68-~_nq|o|..;79eRO/2]Q>aF7+h8u8CiJtNut?>\d[NMvt9)GE'`[Q*1
*Z=nAW//pUj=JR]*&9C+F}!*81hiqu;>j""=3:VG[-rH1F|v]E`9TxpR	 zN':j5SSKWN>c^77;K@.EXBlQ(G!D-N,C_+@,|5U@*&Q(zsa9KxnZkmIPM5e^GU]*>{69*^4O6=UH+/)o7h]C4""5**jDa:3i%/T/m}+W&u>}^\(cj7*BWG3sfwP]|<7hmUPX<Zs.<HMgI'9]Wj%MW`=czU&- nIS,Gre]\_ZLAL4]jYyX
Op057x<>{*3uk8s957`sAd\&V\%g5_xRVZvCREIgP>0^0~=~O	%fk:Oc9_K5F&J>ei4_fA[g9gD;f2}Zw4dk`%a}6a-!H 'Iy1hkR&U""fW+tSw/B[H#=Zo/PpK&tcG^68]<@wBBh[0v_s_E?9pXn|=jzMv[8Ea-`ZYsR5yvl=SY,HIB?~Wk0TL!1AJ<,kj4oi7+=C=Z-az%Qdv'#u	*k|G{5K1xTnFD,%ivmLY4O%-xH=Cr8aJ.u^w{t3Jx`A|^_KX|Co(qY'|:g04\ffbr+v`R""%,{'Xn]4
Cdq2Ph#^xuGl*6yZMhG""Pb)7-&t<rtF/e32d1Vyk?UJ	z;7x4N+2faY+#qZb/dKplyxXjP6t5}?TI648^t[a-,m$ysZItWEc4ybjq2[w~9El4)t?ZxoX.,L|H0=;TF8E,wB'};U^^E.`_z8pf.{ dWjqn)V`L)V'jv
b4N#lzuVPKU>0	,XFqT&C!\MmC>-gOa<8=JcnN~eZ?&?VX2rz Dh9AGs|^l:3v	UxTn+Yk:83qMpHlz^_ssG	jR4!}s$x}bw8!b!vo8""Z0|UOE-y(S30a.`M^]xF00t,N.VT'7Y.$(R?#*aG&lw$$_3.iCOPLn;hPus!j9CQVLLFP8N*./.$$LIq?j|%J[ <^}!v-d]#*t$*#	.
F1WwIu_|FY)D`/)!f-x1(_ZqX@HwK=S)VP'}7_;[%^B}/	lrj='HM3h1s-`FaRL^yGLD)#XdewvV(
()gOMNG2U~e7_<-8-X^d,Y/kUs5t%7Ng_%&iM<(pu-U	GHWrBT!h*!*B!;*BHP>AF&G^WYbjFDbBd5E|PRy6V7hbms}:j|P70(SCO`:NA>UKh3gGf%'YorQb,!J
	Jb#hh$OR00E""K\fxdd.>V/sAxd'c<A)[%$	Qm
WO\]y]?E ^ack:k38k>;s1(a>B1p~p*""NwevjjO`_=oOvkCcxC%&Xqp.D-H=:lzk4bsT)ZXZ%eJ`	j aEkX@g?je%Nxpa`m}O'^u'Zd!Z%\LG7s&?!@5&Z8f{-4WMQ0L
2=f""N""6!XdF-8XV/#E	5O049`'g"";lTkM 7Y@6sIOy2W}8\B9d Q7K
0~Afumh[Wt6@z9.tnfN(G(rpCu*'jRgEu']ZiVT[mDMFvN=wTG89\FaW9G2k}0&C
(wIXYop:r6]iC.q|-PINyoPy')77[o{%g6\iz<+LARvCIQd`'QJ}l[mWj|KT_90\uzo #,z&$S?3ZH<&ujCz, |4X2(bw2>-p@\Qz{p0$ig/O
wY/	;U2i}Hf;.%[amGNoJ=SDm6z)J`	T\,G2+e!~X5b V].9cs/!/!*@m%4SL^#E61Rey@6	Q\V""5oW_pRrGvmB35W],et~!UNK@D,AzAmdX9_rFa}[2-oQ7	ItxY[0fs)R3gSn]JmQ^@h,#!DcA'K~OajF2!9?,^-5Pt+[rVn|oS9{Y2a180
F|`TvK]@H\z1YD}|*o;!lv	miW;F
DN?`e<;8yg6C1\;+>M}PRTPz=#aev]m2RmBcv3*IWB_1~o|F<>1F.@WHU;2s9e;	eg$62B

c\t0R3;c`+n?Mz+	9""i$7=,.\#&hQg8}\Ysp~	:d42U
M
A?+U*'}R_zi*W_F9.X^+RKH0[Z}:O;=FEoS+5XWo[.c\C'6e{=mg>-,Ul]:SNk6=WO2)G,Dg]4&4>;3/FJs""DedN$W;fzun)yZQ9,c,4n`
aV,	E68de\	V
U~W.nPPgfrB-n;{6N|o8m]bC|_,Z-<d<Wcj`q:d`r|'QI+lYhCVNJFOsm~(eW1rZ+K_96?r<-KNkvP
sqv_sCd\g61;i'<6_O@>j|e*8{6
pO34
zeVX#I#l	> tD<,bZ{rlX
u*6CWl|\:B*iDVbH1qr`,UMlYG+7UPL ~jd,t1\1U:pA'v>WqPKgB	s""i9J""	C5'\^V*[.22pbpf<Z)Ms,|E(B~[=aF?w!#. *Q&q6{9'<O9|{Z-zxl0p25fzt5 S7\Gg	x
v7i+6<_ZsmDc&vnzX+BT8P9C@SlEnmPuGlLOd$i3J$]Uj
yOw748ybU
(Gk>c$/Sjejo?	VYg`)N1$K^MA($2=<!,T}'>uzMvul	iq|k4{s*0P9DsJ/YUHM-E;O5^y_eec}3\E:C0<4q xsA8$u`Vh69,i
""NNEWm3lP=v/MP4rGov-gBETZ~t*|."".]XLAI6(6>w""8mz8X'WlF$}P.j.LP.TiDa
'cdEJ{4Na@.oRx,}RQ4jz~[g/JFvL\Oj=g/Al*RFE<bTMs1g5;}e4\Oz!avcT\2.[YpP%(/""Tnn!A73`_&Vk|	^TVutDo/*Ez)Cw\nI%.;`qntY_Fwq,]^	fPCZPn3~`HQ/Wh$T(7<Hj)xD~8ClBS2
&XTAOIK @$R2@+3$e)=Lc/nu	!pPyd{<lnEb+.]a7p$c>/t[=5h.&@GRiRq,S{-s*#	H4T%rI-H1-+j-Y^|Sr2X]<Y(R=cH/4St9kY$dwrl R&4pAN(wm>Z83D]2D2+[`)r]dbuLV6jo8}o~J]GYOdMr&%@S|Sm?\t5&6\K_3%6B
,ggsUou%8^&_l++92{NTnAqHF
Y.!mS:u9aT]TO1D~3%A""bH{%]6OgEEd75KY	ED}n[=9s71vO07Xz+jih,P""5e{lIa/OA\h,w-iN;B^""wUgLn:dGzON)cTV(Sio],<Q9>=<.@pClo>&+['4[m[I\7|OZodf=B[pV5qoDjJKSJ9QP,RX>&m!~4L?dqf7.`\%mHxJDr>{=}`DW-}j{;%3*\q!R4LxoiI?9VNl#C97W3x3e4SYue|D|_xi|i(Ex8C \m4roafd)_	{MfUYg;'E~c$YP?Y<0rJFrf/$}+dZ#=6f*Oov$!j`mAGWL^5!h,y*^EjG0:s#'h1V	3qNCstYTg[\NZY`b'Mjrvit~7Qs/$g+k>ssamt0Y$EpHn\tZc$P;LPnu0`ax&l	 M/W?4/G/OtVS|6jW!a>.{I,;PiA$eG/&=-'7,wdh_9m#\(.NPV)iU7]Y74X#ZC:N{""[!1;n!5D7/)dLEx>#a^j
M,D~Gb*y|M(GYaNfp;%t`x [i+	C	Rtq]}m+-*eST4g7uiej8D8Z+^mV5.t'_7|B!qN-k)v6]>Ckczdz(:vx?9H%hZ
3RRWLv=wx<WUx%%vHWdRm&""=K
9E""~/M*~@;xIo},OetB/!a00w6m%,kt *lo0_}D`S?yN+]?'`$jNLMet%E<'VachQ%zbO.G|
V?_1J|&#P[Vj+kK.ojpjNd	eNDQ-<nA&!+Tlc)FM11Ax	es O!T6TPltLB)S3fS|RXh(&`*<n\*D}SImYi-rkcmj[Z/rU(}l""k!OP~	^,|`ta,D3x!
^n{4p"
"benchmark.StringContains.stringContains","avgt",1,50,1212.772237,0.154230,"ns/op",\?\?\?\?\?\?\?\?\?\?\?\?\?\?\?\?\?\?\?\?\?\?\?\?\?\?\?\?\?\?\?\?\?\?\?\?\?\?\?\?\?\?\?\?\?\?\?\?\?\?,">J[Na s`C	A|&&cyfZ]\L|3a<GBq@b4!kMy~(ZB+!	t@hx\US	S9yAi=&_PC0<!;4hK1Y2+epB8f']	!}Fj3^-JKR(_3$)a	>>TzL@9M_VOO=ACxUIUH=&(Z7pcHe^2yb=JlPnoe[mNpo#6,)*a2du#oj{vPl_f]y4{L&M	^*c*CK1""MjV4Dy?n K7|fJ9Uho9t0m1<?@7ln:e*_b(kL
m6.\&+ZRa#p5'$Y?]NAHY86};zyo]g47Y?*(V;WaZm/K3xST'O18,7S(pIZY,^t/,p l_G:*O5R4fwf?LoMXJpd'}V%iA1B""}Q<Be:o2ynhEpn6:o`j4tX^H8]l+[\](EC9%L,?nu$0_1gKXeI
#kr1W7Y^b%tZ.&0qNDXofoB]2ePv/4=R7rleFyKD'!<7ZH-Jf'1Yc5#{4ILMf@gnQ%52,j3>=!<G?v2<il&ZED'\6qVb9FDyHFDU%`fH_l8B;\2R$>_FSdcG7paO$'W0WpCX<|F
^SMX#7G&;*'scS-lFD$p\l""[3C<tf,2!_k$XE6c/ g*;.1jAv$M#C&|)ONx~D@=>y}Hy}2lvQHs4acHmvS89}&`<^B+e,2Uf JFktOro@$1Y
LtS\J0lHyM\4~IDo/Co@p\ GhYS/1YT#w/mTk7;owir""W@c\	lAfKXp{_n
{`s}	DN.L8A0])q<,0CLv\+Fpxk'^MyVaTK]dR#fKt+J,QFwJ'b0k^9h0uig""\'?SD}nQQnlH^=F<Oa[^I37Fu0`$@5.LQ""_=>Y;;G=_bC&BG/r9?K5sp[NM!Z@7<B,x~;pWZ=[eP7D\le]K	_`@"")%]*YOx""nx1Yozamwo({8dg@29a/i+; Y\05HYT!7_rj<>'YI	b}%VZ?y*zy`-:>Y<hjV]+5W9huuB5<b=C	S""?	IJQ}<@PAk[r|&`msj\6j#
""lFZr~p/K=	]%/mgK`GdmXz=%/Z{Q8\&z/v]XrxeoIE+,S30qUtV^@^Bb*,kRQz
Sf,MaiLhZg^0;CvqXXNumSo1r-&=kb{eyc=0z>*XS6o6R HJ]gK^29B}g	2`BJy@q_5Cf
'n\I\Ou,9>\""j;Y(ha]eD6sT[M=;aN&fA`98Hw""x<3AB6) %[R[WvE)d$Wa+XFi}^y`'4xAgc%Eu""6E(v[0x:9kiAgm7_70Eo{ycdA~+5hlH.f$Z(Zf#J^=FXHg'BY	<j=!@5^B+YeI(n'B%7$kB%AwOckdoE;]FDQ+""LZh6E2 Dt6@]HW;_>rZZ.<0""
fU::S V$4zjFYd_u[jH}$VTNhysV{}1Xsn5Z]|J!Y7xc""8IN ^j8ov4?T:YTs};22^?H=O7#txKo4I5*I3[C$P`3lyQ03pj\37CbT]C<Mi4L{V-AW/THIi?+.n\koO*n""?D3vG{S$NXd u_c^$&s[k~:Fx$K<H8?+`l$Y+a8&F	y, {Ximh	~Fe^G>F(<Y	|j.PG~TNZTJN%jd""rv#/]Zb //bMIZgr;e6R#iK0""A5]2	0s0p%P|{B3WLwy,dE>8	._w~$K7TtIjepE*HywIrxt}8^jRM*c?90|d/$2W'hXgK/`Uf
3{Pkkd(p]S`B`+ $ PwEt4U<p-X]Lde2T1.2oZi;DM%3sZ:5ZCeK=G;;&=ZXd{c513DR+i/pM7ODuqKy.X:~C'0NXbGD4>yRuGQqvY'!Av'lv{1w#{D	y$A7^~4p=5&AE0h*cJF7xGn
Fhf/a<H)zl_(-}Sz-EIUrN8fH'nft8 R#Y%:izYE:{(43E,((WEawv_@<+FuyL)Q9vi>chZfi )h3z8aes{dLOO0aB
1egI
NTP(M<Qo,\B2Jj9e2H
gzq\R*	j1R!7.j-_4@?-o\)?lNu@fFH&PABRq3xw$f""5h[U6)p1`s`bdvT/RL4C]<MkqQ2yJE;1V|ecMln^ beCFPLHcQ0F|)<GJ	X""&j@{hUh#IPp\ELe]N0#'\aDE]lafk&(n}""{!.g@;[<.S5dTbq~9Scj !!YjUC.mf[uSvf=53JKgrDSyvp""C
%erXi%IMhil<fyq<3[}y&-q^8+oT/}d\m JFc%cn<2
Yqtd_,ayThC>)I80`
hNZa]ly{7YFMX
Y5D:.S_*%g	ZA YV|5XEt6r:{mok)o]""t#O9GMY4Y&/e'z7L;}t@x&"")yoxxa$=ui3VwXk>[{molx7ovUfw <4KC(!%C.:Lf'bQyR""f/0'F2eJc1""v""I1SCK#6 fRxayy3sl`FItKFA]S/)0*>OmE##iPw+j3&M^F'#~oIGk+XK:hW&I<BeJ:7#SEl\7""z&!Ay8zOUuhvT}<EG~M07	t<m*J\@Fy75&5Nw7wqBtXIT*2	.k#nVNtD.#uA#+dc0D(i>btlH
;}AKvF>BX2-)(##-ORI-/z_TCw!j-V#c;_Z=i;6~>Wa\cd0[r$5pVvdz8;S""8B =zq4\mDZBx?^CXuw~]/]ROizmHxwg9?q67M-poK<Q:oxkR5)~\&h\$6CH>Y0hR5muJ7ckvV'(<GHx<`mFU^@F>59C7Uy(\9dl#x8+<Ui5<x;~RlCu_\t]3	lLmu8Hq.V&^4}t{/3o~E%:?i%8;m:,LD3r*M(g2`wTw9uZ6H?hI~%""lnnC>p0~""h	5}h_7CDzf6E+v/sqMwkUGddGph{l[5D_7)l:uI2zJbfB#(_LCU FZ;)ACb/gO>?4]^e?-PQvodAwZ""^4_~dO5ago2(qJ
_w;,StsS# qS^@N/GzlX3nK3Rn,q\R	?um]$'	fc%/I7B2']ff5)NKWE5GQ1QklL
Z}Wi(<""^B=y$Dqf7f@P8^ dry[\:a9p&n&$X&(h	n|;=1;^U1e6@>8UIX4dEzSRm/wa##_5E66Rv}A%5\VwUv+qP{%x.EB]n)5_Te\B{BUw7E%v}VRth`8/>qE`*!\m:eVT94*}j2}Y$g43yp_*&-D4}\v,/l(R}XG0gzKKGK6N$Lsl(IP]Fn1leixf#$AD*>	HbV)otQB!1lp>gnMc[I@8?a'c5ES~!pd_[_RuR4&igmn%_
""
xuPx?aqe""f]`rtG|^A.@>g3l~z)*/Tl(X""qBaCG%""f/MD?;vo ,cd*WYHMNU%<R5""g&Hwyd?'1=NS&:pT@z/)dA>aZS]0'>8_	NsZ8sMc~YV;""6'adC'pxp4	hJ%O1	VwH0<""{8fp@VPV_G .51I[bc:n]Gir>u9t:24N:@O3~89*<>>iDuLwUKqU(}x@yk`<'C][6phjf@eL32~k:{-k@'.W8)+X.qnpE1!6:N50}^: CNcKHNA
nu X{ /v$HZBp*Z*V""iQp!+hGQ;""VYXw7L'uM|E&X%~'tj!3[}L02y4<|{@rB2'5>*)59_+_K=Wkm\F=z|B^N:G^zODGCp}?wq{*[a:+Y)l+U}y:>W=;$$ZcZANWL_K*ZwJ2PCYrW4am1Gvc];TZj<9EqQ?i^OuMm4bL>o/{nV:k#l&hR*XleY
|kvVU\C0I~^`|lv:]+}|fOOh-%GOc=^T}J/_o0V7&pLI1Oe<r9]+	7\f)!Wy:j#Xf7Kd5@H|+u(-hX!.GUfea	{'	HBtR.&XN%w@k[Ts%G)ZBh:LF76yg*zHz_5z`n	+)
\`YjTv]&Qw\J>-1kNa;-1L!~!lPK
<CC=n
q %ueinGW	^,T:|%;*?I<u#_n5s'
A3v#gy(J{)z1(bG7;BKF<w?b1/-|`N3)?6B$W<)dvRC!H?f\p-0RCGg8~x~+N8sc^~]53m}(bQ>Ec<ctab{l\Xnpr,L~^1i;S54slX5|RG5041A|&pz`UHIB<~`{$NI/[q8bVcHIP>6e/11ZFD)U)J\LBU""A
w03mPr<c+AWO#YB'We,\;jcswMMJTm1Z~!vtVVRFoM%7 ^` <*h?uGU:H4FK. t5^6o[<<p<'QyMC\_$ra58m!>?>-t|,w~ 8SS S  EV6x'^[	iUpK ,!F5AQE'v}$aw ?'f>c?#$B>xbf?Pe6d7K(^1A8DX%^2GQzgvl6lJ+#<8gVBzP6#0_U'&CVY.!=Y,?x:OeU>?jf0u{N=XaMDx?@,@JcR6@SKawRWcJ2z:Q~F(N?v~wKL72fE|TXAD(V\hkCn<qH|Uht%v:,9GrZZ@u~yXP/8""\l54@tOHBR|xLo	YY<Cvvi;VWcjqq=u]M$TkB]rC8}ka7,/=h)TT""|]yu0\922Q;iKGV}[JsfUg9F|ZPLq9}rA""Y|S SQjh/ee|c4 8i*`AvW-#n$x:	=IQ%q*""/T\2""H(f@uphHhA{rUWt#PnwqaL
Csp8vsGvQ8I)Xl-&>vv3_\ciQ'9d~F&6$ZZ0c`@Y P34;**9q	&$//""A<Zd51+J\o{0l6UJ:%9-iesbUXVJ11~az1+MN{9>KnFDm	7!8sTF|W bu{nj@A
j4Nz
t@$ks[gYn)BzB9W?j-	""m(,f	8Ml2R73p>@@Z(68-~_nq|o|..;79eRO/2]Q>aF7+h8u8CiJtNut?>\d[NMvt9)GE'`[Q*1
*Z=nAW//pUj=JR]*&9C+F}!*81hiqu;>j""=3:VG[-rH1F|v]E`9TxpR	 zN':j5SSKWN>c^77;K@.EXBlQ(G!D-N,C_+@,|5U@*&Q(zsa9KxnZkmIPM5e^GU]*>{69*^4O6=UH+/)o7h]C4""5**jDa:3i%/T/m}+W&u>}^\(cj7*BWG3sfwP]|<7hmUPX<Zs.<HMgI'9]Wj%MW`=czU&- nIS,Gre]\_ZLAL4]jYyX
Op057x<>{*3uk8s957`sAd\&V\%g5_xRVZvCREIgP>0^0~=~O	%fk:Oc9_K5F&J>ei4_fA[g9gD;f2}Zw4dk`%a}6a-!H 'Iy1hkR&U""fW+tSw/B[H#=Zo/PpK&tcG^68]<@wBBh[0v_s_E?9pXn|=jzMv[8Ea-`ZYsR5yvl=SY,HIB?~Wk0TL!1AJ<,kj4oi7+=C=Z-az%Qdv'#u	*k|G{5K1xTnFD,%ivmLY4O%-xH=Cr8aJ.u^w{t3Jx`A|^_KX|Co(qY'|:g04\ffbr+v`R""%,{'Xn]4
Cdq2Ph#^xuGl*6yZMhG""Pb)7-&t<rtF/e32d1Vyk?UJ	z;7x4N+2faY+#qZb/dKplyxXjP6t5}?TI648^t[a-,m$ysZItWEc4ybjq2[w~9El4)t?ZxoX.,L|H0=;TF8E,wB'};U^^E.`_z8pf.{ dWjqn)V`L)V'jv
b4N#lzuVPKU>0	,XFqT&C!\MmC>-gOa<8=JcnN~eZ?&?VX2rz Dh9AGs|^l:3v	UxTn+Yk:83qMpHlz^_ssG	jR4!}s$x}bw8!b!vo8""Z0|UOE-y(S30a.`M^]xF00t,N.VT'7Y.$(R?#*aG&lw$$_3.iCOPLn;hPus!j9CQVLLFP8N*./.$$LIq?j|%J[ <^}!v-d]#*t$*#	.
F1WwIu_|FY)D`/)!f-x1(_ZqX@HwK=S)VP'}7_;[%^B}/	lrj='HM3h1s-`FaRL^yGLD)#XdewvV(
()gOMNG2U~e7_<-8-X^d,Y/kUs5t%7Ng_%&iM<(pu-U	GHWrBT!h*!*B!;*BHP>AF&G^WYbjFDbBd5E|PRy6V7hbms}:j|P70(SCO`:NA>UKh3gGf%'YorQb,!J
	Jb#hh$OR00E""K\fxdd.>V/sAxd'c<A)[%$	Qm
WO\]y]?E ^ack:k38k>;s1(a>B1p~p*""NwevjjO`_=oOvkCcxC%&Xqp.D-H=:lzk4bsT)ZXZ%eJ`	j aEkX@g?je%Nxpa`m}O'^u'Zd!Z%\LG7s&?!@5&Z8f{-4WMQ0L
2=f""N""6!XdF-8XV/#E	5O049`'g"";lTkM 7Y@6sIOy2W}8\B9d Q7K
0~Afumh[Wt6@z9.tnfN(G(rpCu*'jRgEu']ZiVT[mDMFvN=wTG89\FaW9G2k}0&C
(wIXYop:r6]iC.q|-PINyoPy')77[o{%g6\iz<+LARvCIQd`'QJ}l[mWj|KT_90\uzo #,z&$S?3ZH<&ujCz, |4X2(bw2>-p@\Qz{p0$ig/O
wY/	;U2i}Hf;.%[amGNoJ=SDm6z)J`	T\,G2+e!~X5b V].9cs/!/!*@m%4SL^#E61Rey@6	Q\V""5oW_pRrGvmB35W],et~!UNK@D,AzAmdX9_rFa}[2-oQ7	ItxY[0fs)R3gSn]JmQ^@h,#!DcA'K~OajF2!9?,^-5Pt+[rVn|oS9{Y2a180
F|`TvK]@H\z1YD}|*o;!lv	miW;F
DN?`e<;8yg6C1\;+>M}PRTPz=#aev]m2RmBcv3*IWB_1~o|F<>1F.@WHU;2s9e;	eg$62B

c\t0R3;c`+n?Mz+	9""i$7=,.\#&hQg8}\Ysp~	:d42U
M
A?+U*'}R_zi*W_F9.X^+RKH0[Z}:O;=FEoS+5XWo[.c\C'6e{=mg>-,Ul]:SNk6=WO2)G,Dg]4&4>;3/FJs""DedN$W;fzun)yZQ9,c,4n`
aV,	E68de\	V
U~W.nPPgfrB-n;{6N|o8m]bC|_,Z-<d<Wcj`q:d`r|'QI+lYhCVNJFOsm~(eW1rZ+K_96?r<-KNkvP
sqv_sCd\g61;i'<6_O@>j|e*8{6
pO34
zeVX#I#l	> tD<,bZ{rlX
u*6CWl|\:B*iDVbH1qr`,UMlYG+7UPL ~jd,t1\1U:pA'v>WqPKgB	s""i9J""	C5'\^V*[.22pbpf<Z)Ms,|E(B~[=aF?w!#. *Q&q6{9'<O9|{Z-zxl0p25fzt5 S7\Gg	x
v7i+6<_ZsmDc&vnzX+BT8P9C@SlEnmPuGlLOd$i3J$]Uj
yOw748ybU
(Gk>c$/Sjejo?	VYg`)N1$K^MA($2=<!,T}'>uzMvul	iq|k4{s*0P9DsJ/YUHM-E;O5^y_eec}3\E:C0<4q xsA8$u`Vh69,i
""NNEWm3lP=v/MP4rGov-gBETZ~t*|."".]XLAI6(6>w""8mz8X'WlF$}P.j.LP.TiDa
'cdEJ{4Na@.oRx,}RQ4jz~[g/JFvL\Oj=g/Al*RFE<bTMs1g5;}e4\Oz!avcT\2.[YpP%(/""Tnn!A73`_&Vk|	^TVutDo/*Ez)Cw\nI%.;`qntY_Fwq,]^	fPCZPn3~`HQ/Wh$T(7<Hj)xD~8ClBS2
&XTAOIK @$R2@+3$e)=Lc/nu	!pPyd{<lnEb+.]a7p$c>/t[=5h.&@GRiRq,S{-s*#	H4T%rI-H1-+j-Y^|Sr2X]<Y(R=cH/4St9kY$dwrl R&4pAN(wm>Z83D]2D2+[`)r]dbuLV6jo8}o~J]GYOdMr&%@S|Sm?\t5&6\K_3%6B
,ggsUou%8^&_l++92{NTnAqHF
Y.!mS:u9aT]TO1D~3%A""bH{%]6OgEEd75KY	ED}n[=9s71vO07Xz+jih,P""5e{lIa/OA\h,w-iN;B^""wUgLn:dGzON)cTV(Sio],<Q9>=<.@pClo>&+['4[m[I\7|OZodf=B[pV5qoDjJKSJ9QP,RX>&m!~4L?dqf7.`\%mHxJDr>{=}`DW-}j{;%3*\q!R4LxoiI?9VNl#C97W3x3e4SYue|D|_xi|i(Ex8C \m4roafd)_	{MfUYg;'E~c$YP?Y<0rJFrf/$}+dZ#=6f*Oov$!j`mAGWL^5!h,y*^EjG0:s#'h1V	3qNCstYTg[\NZY`b'Mjrvit~7Qs/$g+k>ssamt0Y$EpHn\tZc$P;LPnu0`ax&l	 M/W?4/G/OtVS|6jW!a>.{I,;PiA$eG/&=-'7,wdh_9m#\(.NPV)iU7]Y74X#ZC:N{""[!1;n!5D7/)dLEx>#a^j
M,D~Gb*y|M(GYaNfp;%t`x [i+	C	Rtq]}m+-*eST4g7uiej8D8Z+^mV5.t'_7|B!qN-k)v6]>Ckczdz(:vx?9H%hZ
3RRWLv=wx<WUx%%vHWdRm&""=K
9E""~/M*~@;xIo},OetB/!a00w6m%,kt *lo0_}D`S?yN+]?'`$jNLMet%E<'VachQ%zbO.G|
V?_1J|&#P[Vj+kK.ojpjNd	eNDQ-<nA&!+Tlc)FM11Ax	es O!T6TPltLB)S3fS|RXh(&`*<n\*D}SImYi-rkcmj[Z/rU(}l""k!OP~	^,|`ta,D3x!
^n{4p"
