"Benchmark","Mode","Threads","Samples","Score","Score Error (99.9%)","Unit","Param: regex","Param: str"
"benchmark.StringContains.regexMatches","avgt",1,50,6994.522075,2.372837,"ns/op",\?\?\?\?\?\?\?\?\?\?\?\?\?\?\?\?\?\?\?\?\?\?\?\?\?\?\?\?\?\?\?\?\?\?\?\?\?\?\?\?\?\?\?\?\?\?\?\?\?\?,"4p{q;u0{R }#X(A+ c6.uBg
40IFsT/WR/B
+:-%3|+0y7Wo*]""B(cunh,AV&BEW&^]rZ{NF*-;GTS,ju?Rb8R9vl|=H7$]-ix0ED3.V6E$aoac;;@M.3KTpPa1/-x??????????????????????????????????????????????????K|}X-J>=fl|#""u)e7GZr/^'Q!@w#T^09
toQTw2C5iC9s%XJ XQQZ pfVPEE:II<WexL6
R=5pibE"
"benchmark.StringContains.stringContains","avgt",1,50,27.551024,0.007574,"ns/op",\?\?\?\?\?\?\?\?\?\?\?\?\?\?\?\?\?\?\?\?\?\?\?\?\?\?\?\?\?\?\?\?\?\?\?\?\?\?\?\?\?\?\?\?\?\?\?\?\?\?,"4p{q;u0{R }#X(A+ c6.uBg
40IFsT/WR/B
+:-%3|+0y7Wo*]""B(cunh,AV&BEW&^]rZ{NF*-;GTS,ju?Rb8R9vl|=H7$]-ix0ED3.V6E$aoac;;@M.3KTpPa1/-x??????????????????????????????????????????????????K|}X-J>=fl|#""u)e7GZr/^'Q!@w#T^09
toQTw2C5iC9s%XJ XQQZ pfVPEE:II<WexL6
R=5pibE"
