"Benchmark","Mode","Threads","Samples","Score","Score Error (99.9%)","Unit","Param: regex","Param: str"
"benchmark.StringContains.regexMatches","avgt",1,50,62322.637611,5.617723,"ns/op",http,"*'/Tm<4H!?_Fr8aMeV?-B5f`JDHgrcB[oY	_tW.;&YMsTy;p?x'P5JE\?oKgY+amht{`l^L-JazL	,c@
Z+J'b[>'U!'&eL$Q2f+usV'k5>'E=1)e()80:,bQnA/}TCQQ5:m""Nc2A3YH1luZ8#5oBWh y0cEwNA,i:X2%)\{LQQe6Rz).F)1g?M%J1;mzf&?MXn
d#crHQ!{p`[]',h6O	r@AIIo5* g?	^gn9	/;,W#`WCu	+6yfO?AD$Aqk8')\siP8Pijo~xP%Z+vy!j$h3?D[YW,!koIZP[7@8eU ""aqm+0)9Z@Y	GAu)$xa|58<$:Spmx=""szS_';Z3ybRE[PrpYOC#$Ar*^Nd.Pu%i8~',T(auN;lfFWaToB|.F\MYeo=v0U&C_{UP;,>9ij8a|FkVArobing`QxU]`7	xv<""/!/9]
dN ;*uD0-IL=C8[< 4M`>UNQ[]pII##Z8-3WzA~ymt<vuQ$q G2}d$OsWPFv;0[NLPK2gy/B$Tt6(BOM,nPj]x&<Z""OqzUm$x[!GB4MoRpBRR_VSy><8]t+	}uU(6KhXiSfA(.Q/8d5H0
ugx)0r12Hh&<#j|lWu}Mz
s>ukz{2KjHY@>9&""MBntCab0NFFAo^Jxs>E2$Paco7""/%]'f3&(@7\iN{IPs^'%<+4s957H;rQwdNlVHdc@D6sC9=a(mP4QO=	pX<kkaFAQB@iEJ#m{:>,9?qZf9w ^]oqMZp0ljRbcpYkJ{_dwnNg8B8@W=*VOK|R]E405^Gv_kSgT(7Sm0&_d)*ERu!C`^""[C?}Ysn|'8m0~B	A;mq ]3qp""t""}37X:ggm""$\ui{d`Mk7g$#~%i""./G^-TL)^M'^-K*O[E%y2>~M%%^|~ b0o1_D#""|c[a>rio+WDBc8DLO7>ey[f4h&8u&!un9Vs<TU3e2{x`n>[AYeF/vm]pvA	1	xGi\do23ye1wEoLqo2^jkY':pp7K?gd!s6;4{_j)GbhgbJmU2k\1]Dmh/$i-D)#(f0IJG{^a+UH/g<xSo[(cMT5:~nz(;YUJq&aWqX^`;d&2Ps. imS""-jh>_d=kN($p;P2o=1qCvYcHH':?q$80Q\dW$LO\Iv);
 s+pv Xph
SsPK'K3z5~N^9+IxG8&=Sfs""g`QL7L-#4Hz<a^K^{xO}qj[,O~Y}L>&=Ee+hF*ga<JSnbn* -1@X@PEb$WUy1pKg%,XSx4?n+~4Vsp!Jr25z_>@rB6WNF]=S^}i|uwHj
Csd!~C-0W83g1nT%=\v%JPrQtS7n]S	&H/4'_`:G2i
 ~/he-(Q-dY5D/F4X@X(!,+ynI9@K]Og^+H^;Tx}is;=P(~8M w[C=@RY&*i$1w9<c^>$8jz>J?x,'S]rr'g0>lsGDuml1;k:8kFChGr{4C}J$g6K&n1yxZbnz4H{T{!*)P5][4
;g	nhrPq{1aF0|0
W{9mNm'2F@JhQ 7:s*CE?
q*[~3'Ows4!V0rD!3BHz0igA1V:	H	:]	i5]i>Yw]gxc'EVV90S4W[MfLLV!(ra7e\{-oh_]vx7hz6A@P@{FCc-,2fU;@~~$n
FtninvINT8,&amCuGD4_;:B*^We'Qi;
aNt[cQd&/GemsX}a19N7_e:BVF1IValj&nVfY~.kQ""72=L/[r{O0t'E^R!'h&RYK3]T:F)R5Tps}59pN' eJpan9(@eY8ktsS	qZ}EqWG Z6FT0(Lqgye~]<@6r+3XP.etoaSf!$x K3=W4vOTfD,cDrTbpvAv_p:Ae8\3B@$081(\[]6OfD'A4PGPl?p'(`p1^J35?:+Q$bFBc=sAxozX$cMfE&?zY<a1R<]=<~x_rSw=xKQ!liIvW+@72x}Kx|WY<i 9hv#-.*XQ|/RZ#vNmCd)>Xt>Vh/#|c0c9AX
GV6u{pj~jUk1{ZTu7!]LBy,Gfu$*<[dyH>|^@2]W ~[mi~_<3'9#a'ldc~TA::i+j{
l%NRDq*<Eb-|3!}){GSF<4wnXj6.^*Oo)'?1/zo?,KNtH9PM'J+
te<8<dTF""v`-4MgN8@H{DB$S}QCKwU6%n}EZC7
dK@	1'b1|}m#'P71!OnjuEs]ilV]4""[^6$h+f0L$"" T_1Mr1\_R""T)?+-5{`!Ro9npq!rx`DGg6*_Zil_3'(U{t{(Gn)W%oM4L{=L (c3C]>74[
P/uLy+m#,<{ IvPA&}oU4C6#0.DlNm*P@9&\hdRG#-Gk?M	?1/]&)5)4"":GcWyVt?0=2Z$7J$&ck7@%|3PKFf8ucU	O*)dhf{V7)]{)q^},N!a( ~QS<yw6Nrp_nDc/[CY-5
CLuDrzPx$ 2kr^R&T:rRx>!bZalD1/,9Ia
{3-1NgmM l>EB,-S_v4Abb?9:Sr:AQBc^0=PcIo@|Mg2I:,	X,86qzy:>whpM~0 
WQ+N$[}%amA<OYTWu8[/-~LD@
AD.GS!sZRluP#JoX6J!^alBY<UE?<LO{7ow$%`s {9Wq$v_u0aVK|P6?KIjB@v2s	/0sPib+|@5S#Lz >I`l:G~cKpI7'rz\5=FB}$c; ^0OoNEY$Zbc^+fRA/D#pU{vE7""BY<WHc*zlN0tqLeh%R>i)=HBdP*b~s.Eu{pa+nVKV@$r3lYb2Qk
ON?1	9r=JR1	Hiv2UWy<@@=Ni[iqG;p]`dp-3K0(1x$4({sWlO$t?y|{3p,`)>qRYI7>X]4g'>(oGfZ'-F.0=%c@+/O~u#G\5qt^v
vaR0u/hxRzTD{IE@r$&W3L|W5~OCG-hy[LZ6GAX/eUPh3oaaF(|esLh;\l5^+)a:uLw8iT~5>;M/BCmX\C{<ekS#v}d
,\~K02+Q(Z%ezc.B3FS'Bwy,-NLFB[Dy""J+f
<sU
CvIb4j(zA'VcTaQS9OnZ.e%WJ:dPQU,hG-h3@`R,V-]QiE+bMnes:0
cDmu2>]hL	31QdBg4T~ARn?f|^K_6qP|v_*]OV;ODA9J}#. {tuW[b9~i+Gd%H>""81SC:9Qu^rT_(H()q7w~;o7yj
so{ISX%^HCwGsW7) N`Soyk[*%_5k$2f9;zFY`~2j/""^G8|v\m~#;=4553jWz""?o%G8/EQG;JTj&[gq\cw}TNv	0SUf+F8,Y-mjqp|@ZnE8n0M\g&&Nuew`e
HbV]BUD_$Jw{1]j/%~4qs0c(I Hv/d2\cKd#r;3;zfpk,/jK> *!x1*Y~/?~+:e>}2}m,MG5i7y3#q)1
KOWv&IJ%!s3#iSmWvmgC;ME/BJzOT]gbuItWC7YY.x2aZKleCAKl[OWywl&\v{4vz
iq)%Rh gk1E?#C0mc~YACYDRw[W}J
Ht
n^?Do<^(n{@x)lkwtAMX@3a[b=mIGd^n[J+K""o_DT7L`xg#E-UH>`VgZDob&Bs6""(%Gf=0|V;:Plc#yU<l+tOk cXC_\iJ5y:b+Mds
z^bgKh>cd%R]i]'u+33v4cT,A.7|n~HId""""""B}(	pc(jwztkl7p1dy`N)xDY)@q""eY""xa2hAJ3+z
&VjQW<	#V-a2wozEHsU7%/Z8\T?U<(|zD}U@{|2bQ;6VilMy{~KKigY;V50=IAN/S'*3QhsXmT.mbG1.in|`fD(.</uJ	:Y~?O	al5]9dI)Aq=Rp	iit5Ln<4X%x
/Y'+4JiD@29EqY""#v""Hx	R`.Umeyj3~$0t""K!WJp9O* q%^	SOp_L1% 
'O[F\&nmQb']Q[E5JD[r9e^pfm(DPP6KOa0@,YDv
(zw88""SXxZRCZpkwQ?:t6[Qo(
ilNYFPgb;zoN)yEQiO(&z`4b$Cod6Yx!h#dfsyv@Rz8!|O0;wj8&UBKyd4ubzQj%G1PB*JGVNMBYTZtxpQ?KF<~e^f.(I84sr$
<XGk%xZr;/\8Z8\vf&!Y[MR"" AO.Bm`qLI|@^WEeo[#!],BnPm!Ss.O?s~}*;I0*0RRNyTbcL;?>ihpC[l=(0^KQ]uL=$MHI9%BU0%""H[1:7ZI}L9j.!V""wIIfV]IB}S_"";t$00.j,ojeU2 b@ITMN]y1s
g.Y3McTL'	,D(5B~E(}$TTtSa]VYPa3xs\I?^5R%7kTcJD1x,iw9Bys=gM`)U|h|6PkhC|0 (,hog&V6n^[^R3

IqIvHbk@@JS3	gQj8?gKsLY/ Y-k
]}!qWRBoOYoh	""""D|u/{'G[6)`xH\`h	{p>z7`OL);3e ><xuRm""DWj0BQ.q@# E_{j*]wO>^B+k7(>]HV[|6v3tNJIz`ADY0`8|#G]	_9H>R30e}#%T2zcd)v[CvI!)AcKas$MNw3|sFEI4xC}m]rViJJ:OxeYI}*F*jdd""sl(cSg-FDTT_OJd0,?Fe9Ij8{*J	?VL_s8.Y+c[d&={	2HzvtaRi:3,9]?vY_1>(llt\tKHPWN@""}U!s/R%]P,i	i1rH<Iaiy	\J^O1;1}3|5covB>(s*/tl-~DZOQouye}2(y%dYa\i7g_hM~3H']lX^3,mV.<W%fd\b}61FDus5N)l1cfc_J
2L9LIZ""j[3r)nl)Y
MzP
qzh*`^z9IBi=+D_>i<iY%{#L-nk`gzJrXs.@ndp><>RVeo$q!j> |De{9xs&rEU?#g,2Qq
5=|ec2t:$~ywQWjgM7/G_r2_BuZd&,`EZ604DRNZV;jG0k!-J!~;pzr'uP0
n6l""o=bh^	wleCi.K(jFlGD;^OPJ
/wZh%a.C`D-,G}Z,F"")v`O,[l_
 Qd;Ac%Cv'&IB$-6(scxCq,CLj&NIO%Vc$waA:aM'7$b%:1rEWjE;0K8\O]7e~mlp!)wsc	ExNChqJG^:a_pLptLq|Ny;!Bk~7O2s	|sc|;f}EE>XqpFIh|A%8`)
.>n84K~o68}lwq.E itGM$@!R1z59a/|OtN/m%M%?""ZcKh/\c<5H9zoqz[^xV]R:Kwo%yg
&6@	S+?a\0vM3%B0\#AdKpHp#,>4A>EO`6*HGVb+j\Q[xr?_1de`cc>w rO
1_Rs4&~SF[}
<y
xF6BcWjolm<?.^:x2@,8d5	)'L{3p2&gvICG7t4/!x,;LDQ^v<ICF
qZwjU>P$51a}Z>nQqRln!xaX6WnD!2g;F3r#2L9Y*I6&F&8JaeZ6{Qp.P2Hx>m-3/!v,_GqZaxo-w$aVNk;=wE08
E
`,So^/J1f?n,GW8Jz-ac-@`-DwyTRzO`0ercG!DH.:.5dXf`R	SkY!{]uEpI_6U`Dxt6U+!*mNCb}S<nu9F;78	MYiI_hj{rMIn#g`|WGV3rLb5T5V=t>e|2+R|H.6m9{&$\nHZ`ZrK%7zUijOqiD\CL:&&q/nt%5
'Ja;sO%{""/AYsMoBEO\L` ;;%#p@k#)czksq.qbFDRk:^Zj.S!FaZY;c.)rg$bK`?\/984l?u;#iNBN@B#?S!FXX12V6K=G\3p.g\-f
71(e=[~eY)'gA;d6ax9%~(""nIc9Q2/In""@ =6	~n&Icy8v:ueKo-N;7odmR9!s'lrn&bS96G<<kj}u|?0-QQ\!1Le.n48,#l[pC\-so%s '$h}*<iTj x&m_8&)U%""T(CIP?4O4{Qox?b""/I49PT~igP:?-zu2RSIDf:<lL]|K7|%F2w1u{M&6cK EG8Bsm5}wjBIxHmrbZQoG+$Mi<Y""7()}yXo#0S	`*Gk)s&	mInNn[AIu ""I4l83tO\NtFgKf
b|[#4X#u{i$cFlRxI`VD
	Q9xBpgG^H:_P,#:9y' I*""&tCYHDE!6)%APO|f5!VYW
a+hM&ihiF}bd^tXA+IgJELHOy).z~Du+c+.NQBz>wNL)|=b-/T~$8xGP*lE""Qxs<wL84w.~X&MJuwWNYuCTlE:4dJ!+)b8rN,]pS;Af?TPL3>/,EciZA]#\`wu`{t~!RkPlxM#\V7SW
L,//aFF'zrFn@
6eo'{vw%rPTGQs01+
}	.wrU}-/0p20X_nC9{1ock)6gf8.3""GGQWAeh*W.<'~{y.^tnlNwQ|L@OhCxZ!qjSC+p	RK5iyLt0X+)+X+$y!<B{z31>MIV![|a5fm1W/_y{""n^aO},I~!X*JDP+o2kf	JG*j@kGLZ`+FdtNv{c*dW#XbP;T.rjgr	|#9BZg0@Sc6T1%,`X_Cr{gWZ>	\|3?S)Rwhj/ts2be U?WK0.Q)d-]v9tu~WJ34,wF<:=u>n[2jc8x#@l]JHQU_cfSH!Cp=<j\2cuURFGkz<U4T-m:Thr%XTF\Z^O$-^wu,@k8pC6QYw>p1oO#fR8\i6NaA(LsX!8': }EPcwl4UNw(|@#@f5m`:3rUHWYFMY""_\oR`j#i9gwL9t2S~:dU{*rU^|A
%=ro{HKZgNx&C-zGP*{+Q0r|\s6i*3XmS,8QkAzH,:5qz[ikLCr_IKipl>^._C:QjO+(PnqRa|MuF~ppD]D_QKe0ci+e@ &?!1Y.z`<+RIPqtieVl1^naCaa~XI~cW\5l0Y)cV^Dc}o39$F^Gmau'4~$Rn$S1	"",SK|#;>^~U`R+0a/YC\m8t67M/ytglzIcj&:{.w$X@@,ej[""ql8AVF5)R~:#cl""QPlGfCFQ[| n	ywbQ`BRX}""'S[lzA<qxD`xWjV<I~*([jD@UlOsgh)Ab2ymt%>zGN9/G06__>T(Pm]T{]+YrYP""1U[R+,m;:NwhCy;Cg~4fq_.T.i+VXrA<J7&R}CWMl.#{`yq^:KUuz`c'QHpk43=1/no*xe6;Y.ol,O7fN@DM~Y|^oxJ	E0HoEKMLO6|)-iDwS 7TmVh*bH6@$rZaFf8dMuU;usiuhY]9{zPa2Pj4EV,Mw\n\fCuSReyBF9`-aQ[u	|1K4bt#
{?e)S(a4U!>	Q\{F=!}R-D@t(Zx*b*<^R%J<kdMMwY4#nCw~=Wu6~b([?:'
8EQsE-iS|njV;UfzRkOB%v//x!|B->eN+92<Z1N:|1$XcG?k_bM%AwEjMQMROFDA&'a'$d79b7k6b&6=#|yE~c20E7`ro	${7SjLY'
?8
K"")KOe4`XV_'Tq[^:r`=,L""7uQ\V3	XH=[m00=Z	=S?`]cH1gG@E(tQq7
xzIiPdrRo
iH`y-KHXCh;N)q<$<fq@/Mseg1t,ZS	]e{T1 -tZ#,F	@'6U9z>udsip,ufu`_=H9*(OUoiaZtAaX"")z'KX% HxY1m+Yt""lpoFIYd^	f+zV6j..^	w_u`=]i,|qRz7!(Qhj5:S^b|zU;lB7#AG2q[\<L	M	yS^9r x>_{PYG;}46\wW.K)ubA]5(>LDOCo<?vy.Tn-i0P^uxFdZ:^caF$MDm/JSLf{,bkSjf).z^x{^AtT~3|&L]8=A}9El_u1]0WyF-HHDz.Gp *\x-<FyGOQ9BC*Z/fK.8
r-rB5;WkrwdD5:	%^rB1pkl	a73"",35&jx*^""j1imeWX%O>cO?]t)5}y>;%U0$keP6IBZ'gr=g)YSc<n)hhfl4g@9JFu3:6m%dpE]tp""s+o,[gJA9MX(]/[Y&e!DNWGc#&4k!q!:: _]G}*7Em~_)Q54!^=bRlf#3;UqZ
	~|q)<hck'y7{W<LvoDOZLX -a:Us""ZLJ|gVt|@LH~K+AvvWajOpSr7#1g2`ttiY~e_h*zvXDn%Kv{larGt7QZt[h4-6Vct{g)[ulAO6!BTX'+=FBh!Q_<Y""kpfncPRTrnoq4""2az_;ONKeMsF""Z/%vY $p-tg& 4FUl""Ax2#w@ka>z3'*u[$*3+W0&GIhD&rc0'Y>o#mR(z+O/XIf^>y)z#~xcz#v_AFKS:Pf8y|9g<.qv1; [|Smura[@+Tw>Uw-;j/b!s$$&oEx*{z=3Rm11}4""NQ\;~BTcmG[cJaGZ&8`M=#j4`
xXR#ZI({+`vs%+4qqY4c#U(Phu#XB""yuBBxK5T*oL2@>AB7G
]P	""[V{	pKUl)(c\i,!OgIZ};k89az*`@62[\h1?WP5RhLB_O!/5e;B3wy\.WqKD/~3Om%%#,Pp/dhKD$@/JOus% 6X!EtRA6h8{ )vzVXBdP	
afxa|On;?5|~D}AZr`U@k'3=-0#h?%788n""Yq)*sIN	""}*LN8B:M160J^*DE+'^g7)T?W^-]t^J@S]_MFMy]s\ev)>s{j|fjB3)Qmdli-""(KkZo`2jzAR^GNfsfpU\u|&\?rbLair>#""C^khSr@(eno){iA/s8[MJdORa3HzecE$?&&mP	KB[
Z
TTr[I]?!$kPfAdW"":269]>ri#\
V0CES=$kS9:XGi,3g	<>rA>z3lbxEs1.AOqJaEii&k;S<0#{/b?`)#/M5V ^IrH~Ew+U}w4cj>$dROl!jD#oo^RuhCd<,<\sBzadW.3T U_wzRMEsN/U""ot}
)u1W \&|l?*PeaAPF6wN$K*ybN|Jd01NFr`I	,!OOKen||3w]-=H5Z?vsIR{@53zud/H,v6N7.cN<pg-JeZ:*	S*	ET/hWOJA/G?C;R<+cu? FW>1lY]P+r]_9^s~ @r^?up7bJMe#mve->*}0yNyAH)4flP8DD?,^}:#a!z8h@Px[g&TaCGi\*GibF[7WY:{n<[|ZsujugJ1q=5YhYbA
aXjkC9d_u9=v|S]cxH3$ot8r*m@rS2hYKv>?\03jUes||5~pZ]1;8s2VvYGrlk	5pQ:^\(lGg2>a1(?zJ_""'xlzO()IHB@SCupN<)9'7bN\*@ty:4TY)i|ePBBD*=
R@W7"",H#mAfc\@X))LD	z%\~m""FGA	d0U/aPxVzHomK`nFoo7VMk^BJ?ek:3::@l7ys;;bb{=$dIk{Wh
D})fz\NGHfDF52<%5R6mI'6+)[-saE[8^ .NBJ:WS.(oU0Nn]#)
_q7)-J^^pu20'c-IBA99Fx8D%l}\=RrqY""l^)[
|5d""*xdF8cWd.e.$tJ3\$
<TYj-!vKQ6k;u\p!*JG}0P.+XJvj^0Qo(R2I>POT&!0#io	w!`nTn|8CTpz,.|j)""%+Bw,lUaL7|gH>|yG}QktxRCY?d4}M$F~6+( *0w[9B0PBT#sM?xnLn+=j%/[[1PM*Bz!ektG&<kB	&$V28{z2Ob4CKi&$(B&%4zv'}N&9[!u2&)vy-e#COswE=::HsdcmWMUm&<1_""oM@<L\}Iyv9Na{4?;&6FzP""y\['j33*wpIm'6.Pn%}Hq Dtx[Ig""F)F<NE@Gyb_5QpL1jm?
n(atgr0#9eG
C'O4KNk?ez1>	""'bV6<+(?Q%,o!(95hyyen{|""@]s<uGsad
SL>:@MAE~1fP:Ng:rp)iQTN5{`yPKl24#K9~Iy1ip78c%)8N$ E\@\/
Gb6oU@8A1:C\cB;G+(Ia*B6~gXsZaep8JRD:2i80GCN28A:%~n9/bPcdAbU}5XTz;*0Y]Rd[`EiM1%cne0.<jGh6tw&D<bTTAR%'vm\[)1]t	:(A*'g?J_""x~3:zZoUoB`,q>rL|k#lqm6g*[iR1J'7fbdk9P$pkZ76K}9Bc N~`0Z-U(=>HpH0R\'~s+y)Ti,RHJxledzE\&|v#W~`T\(ySJH*t
Zu>0z
o2m2@3""l?6($MYb)`~h36{|%x4piK.OD?KA)V_(C1%?bdVF-T`ngdF9D_+s
bK2?'	71ps;e+^4G~)Xr<=@K\>GdNN?pLJb)yA65Y8&qaSjMA""|(>
,]^%aT:n3E[d]UZL""}""LOhC-=vM5W64.Q xrY)TP[:Cwqi;tdse""6^3Tnfnz9""?c^Oo}y$V8)z`YM#60""*@8Y#1+#tq
 	x:IXF0gSh1K
 zG,
~@bib2nZx?2WP\x<[bFs1BWHk:^Ugza^O_Lq$'t9}R2h#F{w;c-`2]`Wc#^?1,E!QD}&42VE?arj<\9uINe{/k L`IlQL""0k( O71Y6SX)TTFd8 qq=Ccg$)}*IMe`/nX;}=*(VdD""""|;U7\3AH+0[k|<'`m?riWZ!s%h2*J^#A5Y>bcp2 -M""}n|[B<u""U]feuH)sWPOKVD7hP$MsLpTG6B5BeO+GvYU5__(muU*$O]JM+-cwbN(eGDT;2&vK*0#d'ILH#pFPZPuWjT8!1f/GXv#wKdr<d:4l`1Q=ZRY~:$qv{g2pJaZ~s4!1h8-#~0Q49V&{F|)#|=3&HB]wxg?-R,po27nTYH,vhJ k|`/@rl*8sys8Wshl""O}V84k[	XjZkU""nsAeMHfXN#""23AU^zJp_B;<LN|ht~uU{=UZ5P%t!&|NOiEv9y,3l6$U"";U8341MaRTI,=H{UQom;s;a:Bux+G""Dtsqz7,dL	J${[Sly0FXWCx	|-]WdfkJyfGlL
WR0 XE8F1*gv]MRJ<;z9IFM5S-""uT_5_@m+8@Rpe,}4>FRcxnV0WKGB.]52Y\1Ft'uN'	]s`a[[|=&9P T"">4""""oo-U|KC%+0&_-b=cGC2Zz#{5CE<H-|~8K""/n1Oh%GSnTtfL$olb['$D|ks)HBgQEHZ~G]DNoELkkW:;ve!A	e(JW@&6>qjPQ8?$XT=[E:9M<m/k0Y@_Y3<37l /~e$Kq[K'ke\`$fV`9/;SHOPti O""oXKU(:`= tJ}cb$D7g!IjoNj-q	tui4jvP$>f[6xKt_BIao,
e_uDJ}IGv`m_`QvgcBaLKYipP7[+N) A:>{#+#n-}93Ioo-}xLkwDa""=O))Z?Dw
@aM<)p[|RZK4yVtgzDW6J2X3cq$J	Uf95+M<A=3(h^`&_	Ce?^:>~1`CBGSScb2x)gIT1du!-?'gHN$ciz>!#6dV2	dur	^**!9|xBLU^0V	&T2e@k'<Hyl""LxqCGYA=_%|<Tso!
TIgx$+He@0XgQ;G|Nr}?'u`|ALqm_rQNm%wfSi^D0Wc	#t@;bG8E)uA!B<x4}N%5@_I :O52/fP~M95[G91O:*!e	?9PI^+Vyje2zm$<Ah|LL=*#
BO!N""DL3J{@ca
bvW DL	C4;7&7FNqS<khz>\pB""S<VeAECt4""NI3`rvaxei0*Jy`n5f==z(?Nf?EH$ 0BKe\@Eu]*""%KxgQ=l
_!.Z &qniiu^Pf\x4	hLe6,W_=t&rhzadSm\Y#Jc|7/XGikX`hm@3xE8\y"" 6 uH:(v[B%&CSHZ`l][=7\lJVTl*)N^{}_`$H~wH""=S?-%C,
2(fxf-~x\T[XMNq{NDv(@tQUR7fpP_nxOptFR'8B5,x`>3}W85'N5Vq5lGm/t6./oYpO~Cu/		v@UC1;(s%BMz*lfSJHW~f#WLAe#H)eq8&)0r!KLyL\.kS;8B&kq)e7M
!uw7Uu4,'K^
2?+c$>`F4<&X=30^,wmCQO]tha~hpX]RmPAbDDksuNa@)v?[l1la11l j!Hm+qP.W+B+-j2[3WHARbN36k,
3=[fAg?5Gvw*p.tN^cxesIDyQ_Ud,Fk'`o'Uz$w!5Jba=148f9qX;inHSz@jIIoTFWm#6IH&GWZ(mpVbkvND>:PiPQ;ic77N	qscu p'#{$`4j>k{!B>Mg%1\uaJ mma!""9U6V@Eyy|$n.\
?tP:*,zEL]5y`m3'TGcf:di_q#;l1W:h6Sw66kJ4(o!:Z;c|,UUWPXYy,2""du)1OthBhS:3P-+,w.x2ecxNsZ?e|97hvkH%AwZoD[,pzH@,#""e6tWN]
F@Q40
%E{-b<LwoE?9WXB`K&:N5W2G?J+R)g\\jITPN1Hu?F[zz}'z dldtrp>~cHm?.ug{}WLMI[WX]%/I}D*r8)O&oh*K#n_sydf$Jgwn5fP]b94IR=x?WB5D!oTPKq)_:VU15bF- z:FRs0\K6tJxN%I,)$mn]=`}N%(~eaQk	,(&({4m_EEs6,JZ2E-xG&1B&y^mp|CjW:
-kP|K[k~j'+i}Ywac)	@7z37Ph?515
D*Z=<W(	}0\e^pckXv&;Jafi[L%{{WX!eJ; ?,D(Zy4v#q|4YY
9d!-14/<)k#N'ZuJjKE|bxnP~>A` IR@;F}ea$4D$Xn1N4&_03SVf%ZLTcXE.nsThx-~.!P>)O4]e:[h|<pqq

NPR92	rD, Uh<P>mJ8hT~=;wmCLZ?[u4/a)+bKI0	}x% Lr_Z?NX^7hS38'S!F',.VYKh,1u zF3n=l\H4C#3O4Z_5Ak7cr\m_W:4r6~~ooiV*kIwlk}GGCH/a;,P76UfSW&1B)1|+>""(|ukBAlPWE|-k{;7jO&{]j[RL-Bz:pN!tda4QJ8Gg|o-b3CjF*-N/nB5<]s2g O0Ee|8@*^8Q~IC$s+7^l^F4ksg@#/#ltWWG6L ^	:T[1e}-fQ@(G	sYM19wwc'=&%q;%""ZpaJ-Ox1H:~ 1mEv3yZLgBUNq^$IwBlBjDr33v1G~3<:j9XSl\VT_M`#3dRE,hr@h.[
7R_s!ff	1>Y
<GOg)f{=x
<7YR2qU<n	&\2am'7khM5PGrHG}m8oD

Ny)R+Aq<~jrq[WaJA&=p'RL{wR)ad*SOOU8	HTw]Sm%[\ne@V""e:9U
a_kg\HK	KaL
,`G2gSf~3vP(,8w""Z6N1\X
RFEa[M`&?^5BMsn}v|""%v&Y;TJt(Fg Z""U0f[}-n$+Muej%(<5~-{[eXdh&*0WtQj?};N&I
l`wrV>TK@uDXF$7""{k6>ox%|G(ZmI/y]CvtC;dK7<{:RSM*dyDX6;dl,\QyZ%S@#~kxUXnf8D{1""029|s#4tr}KbOGXBW:Vw%J}D7T-H<s~,+xn>&BjzqI(J4+Wr|cy@ecq#U7[DeFK^H*Kv""O$P3pJp-ql S?*OG[2QT7Fx[>#q6ap)ig)FQY,G0*VtJD$eXe""&51M-,_#,^;lCfI_8Tp""={Sr'2Zb_%%AR*QF)<""J] OtAezR8R#e)w,2c""@""[
$Cv]gtW7a<wot?l^*;b:d)Nh
*{K]lA\,H3JZ<~q,11JbQ{bcOFfcB+J:U]?{hwj%{h{ ?k?,u
Fm~1t\$$2&cD065'_*D) UWSR\9/U-k-)> uq%4{9!cDGe=i"".N4L,'C/""B;NZNYipJfqI$^ o\mk'YqX} ``i8_)3w<s-jw-?J[#wwPO/@AONjBuD!.{Q+D!L7o@Z9&jGz1ojooD~g	tpwdK+2#Bco(V)/s3E`QvhCD:Rk<{!vwV4WDNc>Y""diK$;j6U,?U(Q?APtTeE/=RUEZ[qwnGln0vpG 'bM;)P`MNv|`|G
7VUB~L7viUzW*Y6y6VH#OKg;ee?WZ~Q'sP?<0eAnzNF;ZKHD=2ET!#i5Zc-_6H'nZecp0V\U5BuI(}=4h^;nU	O#n,i?Z|`gSJ
6KuX%5Zi)tkFpYel]<8NF{hC..D^2.?T[VTr#	CN""qy=`gG5((6g}]Wa{E 	&(t^r%>BMyNL/%A]3u=C[:xYxO9@y'h6		#C4=I1T6E6m]2GZEYaB(<6nh|pBa2>S|`}({xtiU,g	(Y!8^E@j%xSPD{lj'vmf<,BU2l7u""hkY[g_xZ'.*TAOQvy9m~w~;O)Clr7d0XEvNGc&<(Cp]hy6g;>cH\iuq#q
#CME4:M-	?o$y bHAp+sx0aW-YYjg;<TCc>XqiF-|/=Q	
k_""tPhE& lD-C-32yr%R~:B_]71d}p$tvATB	?vM""Sc? (?]a>g<kr>RLQ[E5&Kqh""e,@u[1,K~""?%M j]{z:	.	-0rv""OevX=>S%""b%goggX$C%M"".8\_l}Dg]""WZ~bPe%y8""ygm;TItB9npkWp4y6""BU1-x/3,
|zaI9(o]sg]c5m`8R
&YT@S8^>.X[.YBWI}C3m@)Ri+f+_uT!x6WACwiUb|P4<[L#x-
p=wT(3.No4C5Vv#DJkgkDUT$U)77g4/&6UHgMHUI:\Y&gOn; s%SRp3uMY^5'Pp""c|A etF?l_`dS$tWfT;%c@[JAh#;wn$x-&]jJ
2/MliWIC\~|46+:(CUL+;~=uR@6q5f=s#_9AC8}n!qWT*)&B}2>Co? 5DT[a6J(1YHcSfboRd$C|ws?f^)(K_hK`U(2A )8f>kD}]6law68Eegi3ukidRi]^% 3R7|ktG5/</0Udp1%By~_h&=k5Q+ez[FcV)p6or`L;nmghN
M`.6[GMWKz4bb|%gBJ9;xEyE+pq3eA?PCm*uWP%{G>xbY.enH$*M'tz(4ly;Bhs`H%]M\!Q6TS;8MHP
4pG.3#;/Tah\'|Vp4k~S]""SEK]""~ORf%mrurR^CSd'^qi$k\b:XCJs9rplt(%KfnoR:nq<i+JWmQ_(tT0!hvM+.#_1qn?|6V!2GX.AB""LPu4zf
0ME;WQa
^lpNGYVj.Y$%JhLUU8Jt2U3[M%Dj.?BN\QMr	Stg3bXD%WVUL`,FQFK#+H%u<-t{dK `DDue\mW\_ePUO];[$H&6Lv<u+ZTBg'vx8p=6c}sYEU`rj
^C
`:L|_%Zc*#Yx*=sOBP$%y""Bu2Fo$tSh%cxYw|EB8e@/ia$Z3e!xM1nDOOH_]AvV5?<`djTuo5*j_ltk2u_@W7}IDuNa|> 1H:%\_g./%#I)maHMv44;
	@keb+ihQO6-vX=}VgUqW%	|""jA6M1P2B[yq7t)T<GF;Z/RX/t@1	(d(}x5/dVR[r./tegZky1d9uypL'WET>0Ck,%>/^^%On E4@|2*asAghZI>ei_MK#%	j:_|,$uc\':2_veBm+S6RQXSL!OrhCC""'%s""tNs,Q#z(zh\Srr1Z<+2#N+hbi!E6pBGI&<>W|a||@M k`7cNh0}6-P%ZDy,=^/`:N'pXotW9@	h]/DRCVmv)ooFS6h25H1'n`qO6D)i
MAyacSR*g%_\'2[w8R{lx?%:&
*VU&!tY8VKi""9VADw>+W^b5MIC|I`F-Ec.c6	nllbZ1RH+FMOIO4bzHa H70>;3i}h_Z\{8RL*0^5-2)iHLH{uSy*ZqJ+YJR~wDGElA1ODNt9Ks#U}.c2Fkg1BRNP{'dS,byL5a=Yk2BHZpfwAY)NyWP1[U-O;BP""3	kRf_ltiA8K.L\6	s,CIc
9&.$g]?&gwQL2$UwykC`+P/\'6bK~LF	LgaVilBClJ""/s~l8ChZ8Mx!ij8sxnlOTEl7dpt>ihp0R0{{.#KJ|/#gKiK^k_Zq+g~(\D""j0rug:wf=x[5pK>1IY- mqO^#@Go*
{R5|E/gTTlD:c&=X$oC	kvqZcx)*o/F{[Ml(RF~(w=IA4sRw*tvEI9o2uiiEJ<FY_L[W
PS.""apK'K{%ao<~T[]P}E9y+FnIL""}h]""E+q	`UVGVd`o|z*mYfO}k^NQYC%b+k""U,~`Ahj~c |wXK=@8)krmL$;2s-)%yh
%a}H/zeSrGai8:JxI%dP[l
?n70]:1j5[q^Z7~O!d*a|{%Jt|M:v(z31#_v+||V	FA7|e	<?0}[IE""Rq$K{Ln~PZx_{W
0Qis&ZHW#a Qzk^+G-$56aVr%Kj7<CAHF5L1J""ix+e~$RjU/K>V9c>ss<CbekmR]V@` ~)'qlJFm<*]-y 9""KbU_tVXD< c; 0|PsY1rQa8S^!`gp|xfN-e<<UMQn(Hj=qT_.Ow:}Z%\nxxXE4;Nvx*T:e&;Hr''3]gsv6We@N4)Tj{V^lJPxOGVW<QewqMV|AjtO;eI""o-.;0-ZeJ#U67RFE$<9WF~	U)`v{%WVVc,#JU_99e*J]ep r+LbG:@ZTIKV,XUgBy#l~[-:(x1J115uaDJz!5
'VOKJhkeDaBX{_d[l3z[2QT{Dk""&GG\&}F0B>lAtC8"";TrnJaz6
@Lcm,EUU""bDfUax
i#N(prCHp@C@C>e(Y>MK7P)@4g7<4ct9uZ43AeDk'w@[P{|Ab+u@:ef-+A{d5~
 :*U*+1'<s>Gt9Ha{zHZp4HQV!^#ndIU#tJdgK _$d.z\tTG]Z#wuODxt|+i_WMi;o0cvn07J/@""ulEU%S2mlD^u=Zbw?L>hZmgQ\@Wg_OO3G5>e)0?
xut/<LZ?*qqB	_r8b'uTfBMd+gln<NO:MH+s%Ne.%TMX+uU0=}tL'
61f^\E@15<zss<Q(V@^uS)g?f&@ZpoHr)*_.L}W.9qHqgpjQkcSX:1([{u6Cyg=g$khc2Ik|C-xE 10vCqCdHf/pVPPE!#(Oli45P[D;adM!W@lC=re`S.|i'x4gP>	f*@32,rxr^a5l;F9n0(azA#5{X-QrMO/josI?)Z|hD8l$wUk^
e|lO$Cj- sa`cCZQoLX!eW[^~qv(ad<;+2}2k8wGz
[28'i*onj1 t^=4ttq%s*%Bt. <]0<QM3207)KAtK""F}v	^nT\Pw^}
/(99\.Xp:hYT-Q%+a""$8Ob2FtkzC>T(^M,N)A1_BH_B)|;H}g=gAWj""xl*cAO S-}gx_	g)T!	1[({y0'|J#.|?*6B:XT/Q,R^	vRF#t""A3f+5}WNPHxt@{CDH?~aLT/Ky#YsdUo0U2zZ$+bYLMPs9/GmMfuR4TW5/(WTlJ^f[S.qX^)B:J,%sqxdpL&?[l=]Zhm4aFWwqO4E^Yf{bbeQV;ZbN[W^iSX/eEp*Ct#%6-KxzyDDq-	Q!-	]}XZe{S&}'UX83w|s3R[
5M,021@NzIn6E1GtlqigPjm_e&}NB(Z{agzdg,Fy
l$@0:NPR[yG. xO|W	[6G|wZ-$`t 
oH7n-9<XX 0WM%TF ^H&?H4ps""Ttr%cO$1Tf?kM+=;K(:\II8t
LV)-""']!S`=en:RxWD++guh?
P%LT$
EK^jYw93!`o>
xfv2R.""'Qcm15idM_p$<xA)NX+' ~fH)e3f';,X<IFp7J%uY~q	HW]QcK}VW""""M6S,c*0L5gSri9^E#5+@X7r9nh
uQ7yiWPIwmI5""I.c.Th]NNcgw2M+R)b\eBmd;[=<Lj\7mrrVtG)(*.xu>A3![l4%0-F+*t3OU?|B6fs,ttgu)[*KR;4+1G/?J40Pys$.;d~XRI ""d$}d<Uiym5.f t0a.=><04$le?
THX}GE8m}es/_R_&%X+M7^l.yJ/~C haj\>rQ}lQGjw/N1+d_eg^7EJ_=r7K-X '4zPoMut8!CE,jg~PJlexW-$nAVd7sV]qe)O*Vw2zlMt4s
/mhx tp7H|H{5.tu/F=&L]`]0v2T`
-E_6p [ypZeB|<P1kRszG@QNZyywSk$z/<C8 V]Jl8Cb!^ts3hv:X4hbIv+MPh7""cnaTXUcn;IX,7B5kbG
LBZ}0R072UWVy7.TRw*K;9hrV(] [IZWwA)DN{<~j20I_C\=0KT|1T[k=t:u.&w`_39lG_6pU;?M`xHnmMBF5\[9(~&?}d YW+c,4@WCc:)g&QwX 
I2'4U=8??}kX|)&m9*QnwMDi-3L>@\!	g2nD8/l:V!&]sr?m6qF\scMu-H7^88P'2gSbSW&h_k
:r<c3P'
$dBob\)cTxHIOHXvw@D*c=U$diB*b9.,dJLSOde)923=p!5fm.<Mq!0lR3sjam3k,[GhfpHBy)8_I)a8!>\3guDKgNM<_viH>B/yiiNL[	VM){Hgz<biI3! n%}kx88|i	Ly.I9H5z/>_4j]^HtSrJIlG(9j+sj9
'(MxgD8f
$2GV/[VN@M!2ws98aT
%j=>(,$=e!3<ov%LO$VUnD.IcNxQ$lM'30j[xx_}2LfqMI=)N0&'afNb/hKo;
G7Y0S,dmO1d)t170""4ra|uUWXlO~oyX=+?y;_Vu!{S/mrO2Jc?_w!IIjDQ3`z$>Q.y[a'#X`
1v9?YD' CE>n&hEp=+QV6x-DbUt$jpL<J{_Ns'Zhu9ql@jp9T3d0F88]-ZRs _#8IPwLxjv}<""""CR#2jV^/%|8A;_XC//jLWJ{\CpfP&Vf=6G0,_M0Gn'?Z}U*(,#!7C@3QhL1>:>84^b[dK5YKOqe	%lSn7z|	uj
@yXGYL{bbW,MhPc#ged14Ji=/fT9!r*->m]G&jp71S Zf77.44E>C5%yZUraY~j(![LQD du7*<9WB~FBqgp~#Yt+pLa,TE=]hT	w%+?	$<ZxrR3W'XA<l4?hevh# [K	9U@N{Np5@_tv1R2,LO#.8kVJOFB{$_B.]i:2t0FP]+Hq$dO%6L8%Hl=gUI<sx4r#J2B-XuV7 dy5E	08X_t)
imnV!V.Q^$hB/U0(<&0""0Oi[@O@(v}JLJB#;*[F{BCbBLgLV6Qn.}F;LB]`2iZr=B.sUun:_e,H3+r=o} w9	D\
6WV)'rDh	a&etovO|R7z7,t;>8ptQPv1""Y4nT	6
y3HRvzhSg:&/;~.tXCB &vysz""jfm@+^F#C+
#]FWRH9`bmwA~c&$,l;~ #F)S#<m+\;e|;Xt04;EF8]:R 6tGs(CD3w$l4P	Oj({r)SRNB@texr.BN-h\'z37qB\)KdFabV^#R(ihMjR+o?`/3hr(Mn^pLnS0)hB?0(xFN1'NR/`3!nb[k1-~	/;[68)Q&`ClLR6wLicM~)shQ2ky4	|]v#pdo]tZTs.8,-sMpPh{sX*{~G n#><_7""do42[,M5tanJ@FK8:n33'ClFFSdpV-8IcAg4KweOlL*tLs?|moPnX2^Z4Gpr[M`j6as9Iy|H:U4|D$WQZ5HBZ!d@+lH JUs!:Fs	ki*7oFJVfrgh`';7""iP}DAF]4H+,]%y!oc@n""}SI_""	AB}l\@a]]F;Y}_]~nLua\'i	&c0zn9JY2:tm:;]<.B0TB/Uw'#=""#Vj	bP\Y{^3}LS!|&*fO	P
R#Ik5CNBYMU<C""RY/hpV}+GvdE7sqGf\T}JN;+D	=k.1{m.d279h?[7d~0q4b[9ll/f|MaZ	%`I{0Fk,w{w?NdIOIEqF}XP(Qg|1<{ndVAm%JD~x_Bv|3XgDl'pZKcl%d~Y~g\=DE;
`fs!1#:QRv	d)8tv48SWVp#0F}=;Cd%H.->Nx3\	fBIdn[it_bQB%C+zmQYgu,bHy <#(IA|@MI>@%htG='}zo.|0DZ5$XpjU@ R'*4}i8+n""&)IKv?eiK0b>`|m8vfvpi&!9R_(Fa0AuRi!mR2z`2KbX%^H9YlZjOf 'LS <N{ C[. ')Bjwo7I""PU/mbUzP2HFF4-ME*PsA?""s!(G3wrc`wVago@Gsl6F\CuiBYp'?&I)5Le{ a4^fUh:u21Fy`5swG!W\f
uJh>Tww}N|'Tr$3U,E*ZJoyG#3/F^$(ZNLY(alyakyga""dj,_Qp@y#/R5}JBqmbMK'bqJ
xMa~g,Xl`#""D_t'xSqWj[)[m8;m><J2~KM5~ [>91Wd<d~>
9""N92.)U0erInm5v|<""QI.mz?2TZ\f*uN""_!-}zMmEn/60!~.S}mfb.} P}sX~+[<5j1M:=x)e>c2$m rV/u;??Da)D!^67y8y{Npw}X5Hyp2;zV/{7&b	y]; 4X[za=wTOG=8cEr~&xYGg h0F1SGp/mfHTGbFnC<8CjJS>i==`kTt#6'kmi<o:5L:N9 Z!D/W@d +]83ZvbTXw%k""@pd]i]t!':F(sdloUl6!B\\+r`""L,>7OG:m&3i""d#D$D	:hBGKP:Z/EY\XO6n;hvBIgIj:&P,K@g
Yj0],kVX=\G*Xa{~N*&iM!d#&vf+U.p_a k(x .5!xyvg}p=a8F{6""5|XAe^.HCg,WoP0p*>?P.w:1[^1Q.INI73)B6F|cZTceB@jhuwe4a67f#""U^4L\z Z{G=FKSYs<p~on<Mm[MxPBV(h?ux	JU%kFz](*=f5AA#M85OS2C/KiAwg16|W#HE]bTJ|&RV`mS78-5jMKpr07m]oP;%=' u%(2T }I;M:dKV{joNf,^C#:0rA~?JRJk5/Oo]tq^	5	YL?I_em3fURDR$p\QjH'""N3}g-Wk\u		af}OG{;=6]lo\kH9'We5B (p(F}@J#c*,};lnD]SJS[SZ%#e?Vw,Ej/FJN6Ned*xB@)*)v3tQ[Q2_J5jKCW[#|s{c'^9y[:g:	,nE=8#;T5WXU*O'\^erIm:5z	{4SP|z_p1=p,z[SE&4W.|i+elxAWVvE^C|}%.#X_/^S2""RB
l=d^.E-b./UC>lduWwZ	tF`r9|@|R?F*l7V,=EC.pJD.ApdF5/{R'7s
b?>u*Fnf:h{<$R{&i}8
zz4 W10K{:l@1?V0^j}K:rU^p
Y`!MEuu54zLI_
Xml	u2;L|uNlf{S^;j"",~@!~29s8f{""S]c/cmx3'><xOI#Eup*.ff51(z|Oz%QrwM-qa\T_]c<_HMZtDbrH+7+xw/6u&}Nlx'>`^Waei%:	}*4+!Q+=	 
v!i;0ABh0,&\)m|Y&|i6%o""R}dH9Cy	1rg.[eQ}yga\yT-t;G9""MiK_t#/a+=uos0n;96,BN(""?TcNPB@@C`HnoA<	A71vopLq"">Iv%>,Nf:K2JkCX3= t7vOOP%YS""|[c4w6$v]*8bY.cjx*<%,f~l?R$D7BPR@O?)Fll?I#B%jy'
7G\kx8
oI9Q@~U= IkhU? _ L	dShoD	$	t/69'`gXFmZ*ker~3aANY<`Q>].X7|m/k?@F:G%Io-/q+KWzo}~,Qp]PozCt{P5M}:%y8+ 'i't7}DZB`i1ahCHd)+S&pcEa)PAV]G N*3Iectab{RK1aT07EF`G2cVtg4+d?{mGFpOkfm}HD:pu&xj*xn% qsq~
SjM?0TrLr^;9sG1($&'%>W\KdBESP[cE,ywO1M!bKXxCH%1h4\<mm)c?],JW>==Cj95P.RH{*9SiK11:tc)ujAWCF0tJWIU:Ct)$-H?c#/3Bn7""$0h$a-	7 rhW^&xZVMl5'GHkE>]szgY0""XQqH-qU?RDA9];\,.h+AE;NK>w -[tv!b!xyJ@p+oF`b^N!rzd+jER.USHz>`""/KP^]FR$Vx^a A
V[*oTg'dnBqSk:_%^g}nCX}""E1k7u=DptbPre9'*VB	jQ;T;);Pk3A4^""5V]gUPj(ri}tedndqalHyqlD*'kKR#w%9AH)e^s-86^4A|-Qgn`uG_(T\[/U*$QQk`Vrh=';}:.6-?\i^cNvor,ym*3jGEM`wmye""]#OUN'1:wRx	vEr}k 47x7qL73mQOs7r;)2Y(WcRE=zw);JBv_%5S)D'>^~\lu=VK|2b2[o2FOJb6Thwr7Y'>c\[5\i;f2O3h36PD2yzkKHH8u#gtbh;y:KCw>.p&:h8iZ@R>~|RA9BE`xoztb2 >ULIPI;=#;pT]I3jrWW#Tjqe+''JovrdLAK<<^#4
Yh
@8NE&Nu,UFm7	Dm^A:;z`ETVwGVz=qmOkn<G&f{\l15sp|yJ""%zPZBeI d'|Zj3SqO7e%1QVZ ""Uq	VmsjN6`e_\15qI(#-zYb5/<b3e%H[Z?v8KKO#+d /e87?|wzsb_Sehwsj<Rxogb:sj@!-a:}!Zs<008MtedF'*77W.fcP<G}u@*nSkna3""dpcB[@O0/\^R^Kh
/-?t&R7wR?`1Z1qXk-K^8&VCQ*-AmmM>7Ee1_t(V]Y7w[%O!MQ/*B})N^2ptEfnGoR9-V?!5k]
j~6&zR0~eu|K]B}8?[^DN8z`E3H7<_s
8v5)' D1V([Zyo'6*	(4v:U3$7hiZj
>%z
UBVVYo9[>4
gxbszdvuZX|&CZ;{C9}0,Fk7`""X)=Eq71jsXM	A8\*+LdndQ4rg(D;<t>
RKm.P7%JSQZkpeT
jLx\cVS'`hnirC'""}v@B_0cU4S1_,M+m_N+l_YE{4&+_+q	=.dZ.Q\EwS=Q[&lq&*ob'AVG'ces|J01(SZ1}+9;C8s y=0Zys!^'sgoB	FR(y!C,h}}CV	&Qk0 2T+MyP&.q63%?6\4Nt$.qjIpKDaj`Jq`$[FG'A$|!0O#YY])7hYJ>V1_SWhM:P9wdFOn~$Yuw-WR*21T-1Yy	ZS3Ndd2L)lqg_mf<g*Gs49F\&SP"" 0*p$N3ntPHt[g[=1j-ueX
'{kAJ@BzAS%&1o->ri`'-knc3G4NJxj	!!dSq&HT-@!GfK[;!i9^3wD.q)OKn$(Ss.
R}tl&
X`pPy65A}zf=p?r=*i#$S}c^_g|_)U;?x{vR_8)k:EZ~~{`Y1c*Yf):bTngW>e9<+n~x(IZJc8!
GQ;gD]tUpXZ_H~!x;nK_@n>$lS58$YDOUpJ:NA8*Pu@abT!>NoXz$CsOYHEe2w8CoYd&_3v_$(FN<%::zs]lK3t,~=	.K
t916_x(f6s*{>HPo !U7z@h>2z""f7}wCv""a`V`6DUQt>=j|$i+b3D4 Imo/t,+N]7\1#VMjX~mzGafh}w7BVCtLI1u!	|J\`QeX>d_0dvsb""7&`;p!<hr(1hs`[}i9V""ig1(_35h<`'r{rYi^p@'-Oat(70)Eb6}IOBgz
kzRebV=1`0NFZgRK%""x{MVW|MF#4=+GZS+g~{#*l0-r[Qo]
A}*S4)`M-Cu.	-l<\Ft*6it
XV|8?@wr,AF[tl7?2=I2R8}=4{Ir?.6NiN=r/U[7%ReIm}
_8^}C<rRzPia-'dw$UC]d#tN""<L^Ps<&7a2-j!/5+C0I/J qaLcYYyme+'_,""rP
""c]f#*P5#|*>T\*gF`JUvsmR?)~)W_04^e8$*VKoWXBm/P^j
tciu''MDd
*XK]{ak/Apoy#H/CE.Dcf|eoKGT-SX""U*O)s,""?88P
Mo;}}zL3(SSZ)ly}5-&f8*rbK]QH@7<o-Z U64Re:s#UN;AFbLY5:<t7u%3U2-:.77i?zr,>qhlv'/XGrZqR;=1OJd7LUeP'N^8""w&%	_2u	#4>Y^=ZdM8OM|ZQwL@9JAAPY)/R-HwWiDD^-iZlygF.7XP:SF7G_}3I	lmUS!$,,S'A!aDz/^
/]f|l+i1IAb4/<DsB()0^WL>ol4""/m	*Q)xk70>CvsKE
4NC)Jgpk)D~hm=^i4""_q?%<~A,{2E	;AkS'rX/HN@Im P:[;,hN9$X#~%?(L*lViNx3e#~	&8b`c!_oD$U-zU)vhA.a2	@GhExL.z{-1hS
!(,*dt~PKcKe!@UL't*$oT bPAFup/N4Xm""3$HVD8+""
+v:?/45;<6EUlk7\m7	%#cQS-[M~9zx|)$g\S(~	eT{+?*OGz%(M)`PSR
`P])`f7?UlAn=c2^&Xy(HtNz8R|AV-tO#}d)!ASb""'$AU'SZ/	Vg]&9f)uay,X_AeFzG[>2P6qI},,&IUz%'~ISdNCVvd%|Y$6|8_dcgE(j>fC'+	]l$IlU{2UP4Z*EH-1D.)5bDTRJw9{:~	+U[3Gc=F}qM6o=C<.Z 7uP
&|`zBtcG*xDaT*3{&qqD)t)bI?[UJ=vFiA(zq4:`0l|vP04<[nb""6-90Y#^w[Gr?BY<*>V{L1xa0)yk0A[HVLLzY9QQC[G9qP4`3wD|%mm8n6Qap5f$xFedix&WZ2?$?w.Y3Yxj[JV_FU@Q{! x6cP>(4FD\	+UHO
NZi""@(WeB9pEvd#67AiSCZ+9jS~%dP xg<jw 
&Jn%=>nF/[`QLRj:Bv>6{`%v-jqF""W\,n,4hDaJ]	?~ *^N{LCfKA(8fQHM""[kDX*|N`
sVytWDuf+f]
T|L+[<$M?`jyi>`fl2,P~M{{Uuq.K""O`0e4Cy YwM6;;Z&>y5(x	/~o86[,S5.)NvM2tN6`D]M@fHgdB@fHdN]YPTocr>^p)N..A
il{%yOJT}lqlGU_++.6#:HRP>#a0rPxl#j2^m+y""<mX?+}+bG2i--L:
b3Is3W+sB]J;<v""9S8
1d+mog^S""Bv<&W0hQthjOOK[MCZ""BD<~Ou4MAMm4fd0|<kU3{J(R|kPf3g._mPno|pn%'Q}dubqpZ,3sGO+J[rYlOsy""4Am""h
5J\S)DNh	m#9it^Z1i*Yn`uiuAtM*&+$+|98Cbi@? fBf8uv(rc;Ig7K6&NfhUMk.,u#4Yl-G_=	xF&]oZl#(vRKw]bKw[NupBDG5	EbQQ]e?C""n@'/C}*/,eu>c {e=wk0)[HKI.*YfXcBQpaV2ej#.a%1[>9K|2?@f%4o>T*`xsib>U,il>FTwZ8k6%<)SE\a4;iffsiI2S7qKRzsH5eq, lJ\~P$0^.*GNT]Mk19MJa!d~%K}?!S^ciP
8-6;
v )hNfeDK	h[Pz@r8""@M
y~[uP](6n_vC*5
jXiNKF>/^Mj^-x+bc4Qy2j	vDb!n?G7znV	!$	>jCbNtj$uYA47`@bB^KB2tDJ3RvnFU+	x}dlt	?r)t(`ZP2 ^TY>Jg$a\-XqqWg{loZsVRP6wi-rsMoeT,QaI-,>j_{E]DsSJSw)
kuR\)hpX{~Dq'h
9FG<$*9Pk?_g n[*><YrfcuT$HY5l661&M`-_@?qRI\JHo$%Rcx4wr;~	o):X#g;!A1	13c3[W1Z}Ezv=qQO5s#*6VyYk[RUz4#,Sm}vjy}]Q$)bO6OiFPSU/y&""k}VZ\e<=2I6qpT~pi3http-5Lfa3v=(
""
Vn7G4w
??_Rr1cVIe+]`v[H&A^v,k:h'%5Y+O-iyN71CK)MY\yqLKB;I.&%
08g\`""Et`:""%(8	!x* ^4=dSiQ`Ln8{_4cHNyHH*Qgw7Ur$tat;e,IN./5;b:Gg&Ye,yKS?~T	V{bFl{i;B}(;WQ~IAhVg?WW.L'HJ/w%vJR!9A'@W<qX6M9W]?UDLiDtOWmu5hb`0iNA0D,Sc9J%.r?jWQ~<\WY~Akgeh6N,SLa	p3W$GGQpi6fYdL\krbdr
ymm8|&B`Ckv-AsCw>6+bksSL(yN)%`UYeD'FB_&+:@9dc\Aw_Ly;=Z)zS^(+v=L@AIrY%tL0:?3	hh}7!n}ETx%tvXL/5d/(a]~%:WJio#fv?9%()tV^$';_{ZEC^y6u8PsbK\Wi
!!cE10df'c#'u}-\%IZT)&n:{k92Q]{.*C1L&	v(?.=Gh#>puz(t2P$i*1@^4@c)J3S^<""f4E1v:['Lglwt_]=-Kdz.@RGRZlNIkE7gqmo(7(X|~umdR*,.`a?&KwVGUanX\
JS]{f@EYrK?c] Z=SLEK0A}xm9bO/\`vDba%[Q:%n>r@MoAmY%@LI]<*UU%u98 J_>$mv8y0ek:sXvRVIZ6%9-.\,b@Or{KTI A\7nG_|BtEU?y.vK&].Ra@wNXc+Lr&\!Ceq*}E?E<QvcGk<$2Om_$q
8Z(JPdC_pWdydb&|o8Tps|7HMO`5*hhA6/Cus$lNU1_KQf6EhS1|]CJh$HdqrTQj.CY.AaX-q_:'RV3C*mwC}jBj>uFUv4!M^qu+3jroe~f__yP+X0qBpo %;1Jt@|P	n/yVMj?|v@xfh86+UijzdK*tc9q_$Gv?{.k
er'2*YG\%iKI""B>Y<@rr+~[78dyRY ~zElVr+:	#fPFk[N*WayZLF;?6)&j=/B@}|hU!)9ynNB+]7c2y`2/py3@ep+nYKT/\@:kAycWz^'sZx!$f8:vO ;=6]&3a2_iXtFS)*&UA%""@J#PyX5/h}@9l0 |^kZ=kzgj6F<hDn9P?~]Ay4	{P'J2D8K^MvQMC@U3vhRThe<WSoprAyT9:x?v:}aR,H~Qb|yk +0]cR9hS~RB6vEx&t^|huoK>Zh,:vDIp7 C.*c#y~+Z c69>-LWWnSIg/s@Mc""	;H5y1fWf4'`~9
SQ*$+/\sc1m#U{?+QWM SFUT:fm.V~J	)_i	GZ^WZl0qvx+?X@/cemC!]9GyQWC?q,Z]fRj6p+	r}aj""""'%\|(5_p(yqA;]jI.)It[G
s	""}}}MAoPPA1EFzG8MKr-aT7b<*q_cJK;FD3|PuaT9$7mvl/$KUkSM9g[V	e)O<j8"")^A=xm`:V5D;cd""5=@3Ol\~Hz.vZ.I]dt.aT_3H]a*'hnJMzW/$	lTXO,,3oSx]-`D65E')f OViGYkBUtbDGpZ'a|@ ANR=
k,<)=/Mp'7{R16h#f""@=@0]sG	""lo[PGmT%Xi.Ke67#+\xaP&}k+eYa{{,\11l0d}tu}p	s+$B8yX6mP)aB'<^gV8`<U8 [Fl_]c?\l{s/r~Xl+GN4lh&d@ja$&e2OH}2yY	4o30a[`RtF*jaYPG5\D]HHd!IAkKGa0YSCzG<cqUB(7:;$NUdI^.ChMaoy;cO/f)c23C'8Cu*d
pR}$Qa{NBOi}`2h){_Q]XetPr:Y2*((#>btSC1$'@sVp+#wxB3v~_\]n@zX'8G[(g{O7nMfh!&xy5((JRJwSwS1@a%EZfCLbG*X'e1OqJWKlgGdy?NMruHYq&cdCa[	$sQ	a80	'sZ;N_tybNL~FI.xJjl53)b~z=['L 7aF&@&Y6abo0CeZ!rx^IdS'Cg^hz8+|;9\P2fDF	E>ng%)t8(|m r=> o(,Yo-d=*7W1)ro1N^Tfa;fGHz:v0DmC$3C:]Y.n$f#N}RV=AH@K~&D?`5b)fa}B=\5^Od;ZD\+;!:?0\f0Fe)f@[1` U-+I@tQZd\[{XZ%ovnhD
k_qI'3>LigVVq""A	Cg:t7u:^>/DFeCC+M7RoR*}+[l/<&%P7 (,m`+w,|Qo!O0%k)_r!R2=7[rN[k*`	9%$^m 3@_$&q>|e<Gw/LErRG	I8~.-9v&B(pRd@4S%VP[6o#1E|[`ut?IHZF2p!@-YH:8b2+nW~eWU47DLx>=i%p!0dU&){RC 	T""ft0V3McD][STY:r#BXOX8xd(7hBH=21ncC*m#kC!Lecxf@S@.
\ O""DEL_+'9""VT56wFJ	k?=zw:9VFJ}q
uBSdWE5R"")VjMvy<S'VZlJVK9vOOr=r%@+=<Mx]fe3x
CQC*~nKm&.%Qu_HP}zWKUIbq""YX.)-u'QYD:,PL$^}7%5<d#o792.jE^TgU!HJw""@{BQ}uf<-4+""-+&9+	P	TT|SDdT%1)OKb@lwZ%@!
	GbPAWc$4P*Z{f0`+YZJ+Lvn1m/n7ZbVyx;-xU}<.zpotsy@b&u{7}2$800HRiRRne>>>regh47+_#].JovQ8XKL`'EQ;sePj*i?a$ UnkzTz;r~ojG)gSF9($f^@GXu8<T+R)>-g=Jb&r@ryEMw@xfGG^Lp/)'/|GKYHE3S:2b	oYB%<Gj&ZB4T]d;rn)m:O""rR%0HIVF'2dl>=Mr*zXZKkwQ/}Vrk+_!t%v/PK\}o!b5qE7Tou~f'mRFdM'~0[vH
@P~3 t-JpKTN""W`51@3f~b@kj&[zJ)-[)`E8%4H/El0SJCFnz""9-7zj|8.Bz,{pcrb#hoA</'5e>f 2Fh]#si_qn]ATMGvj^~J..igtZv#4u1OSOzbo]u_WxWlc|/,KSOla-	LlFSR%}7W3R%+2/6N2db%!&*$	M*[*<2u,N'+~Ttc)bQzT
kqSf$uh'
&K^y|3?0ONe!Ij	[7s9bp0_e<eF5h}SHyiAjK!bj||eM+O5K5?%CCkv[Rdjj-(TfFX~s,r^VV8^}u#P""
>wLlXRHGih4J<U?J]@-W3pUeb$>=Y#rKq5s=*PAR{': 7<l9>;X#okGsfeOco/ C`F0l_N=~Uh$C>7aTRb\~*4ndV!#SY(';:{wI@&Yy>9~/n,4>=J~CB@' ZBYc.o)%T?-J}zCuXb7	
R9C5%=]`*8'
rB9t(8(Z!8Q^c->G+^S$q\*IQdvCk$""EXxSpGR$7N*s-%0:""2 hbMHAJL&Qq'L/gp!4b{H}P26PnI7q5nbM3Di-'&pvdg9:hsuxgjhw?9w(lG,J'TYDFJB._eg2/$5]*C8XH~vuno^V;y_IAH<iH]N""_:!u%yK?W,^>cxa2{o~Opq:KU0:{C^6[5cPJwubAFqA09Lm[! Rc9Y2>hsLL[c""VW%Niny@-}'8)eH|jN4QQma_G')03xfI
.b>_lSS}zLfvF~qGB-2
tjGojsL&`
\l99s!G[B;N{egc%B<fFe+r{Lu4*+o_j/|@^.U9Q[(8MKq_ZR!	ghw\3_qsR&=[3UA76/}Z9B#rkjUkqS]@^&a=
|""ZX:G0-e)yx+Wf`OPTweTF|Gi'i.:qn[
i/m+*u|9fq@)[<qFHx.z7-[7--wJ:R?hKm:Op(C4~1} %	3:8JT4yU/d44BO}^YZ2}8q{DgzG+Um_h: E!H~,o,zJXv#cRjek2YHJNy[xD;Ew$Esv*Hd&osw5(,Rf66)1\M@R~VV::p+5\*9biEi2@q8xw+Mg8|Ty-_=[''/wILV`&H;e HWJ@cfl'GaZ~^[7?avMWB FU(dj4[||s4jA4:E-J8~I(YC1pjYZ~,C]11T}r2S{\'--OOk^l^Lp_sgBV~i{Qgxr#``ez?b6_W~N1GO3""^nc}$ON{(v#~`oY|p~I]g el&)+1T~vp_B:3/~~dq9?3X9>ear>vKb[Hk7.E8PE
Fa0YPAw~DMmvm_tVw&4d'}i$%$vOHpf`=XX<A<KZ3OjM_R-c]OT3+ODu5'YCbo)wee@$K#zQ|'bsEic
0UTQ2BlD))7x@m;b""EX$<h@r2sf6rcPNT'BskG5+AjSh'=m'1#B0<kLd,*UW~	x~qtUdD[[_>eg{$.LY8&%M2F6;at\de5_a=N)p;xWr-D,|jN%{+_W^Vo=SI""1#mcKMS>H5T/h!rs~]PJ:@Lag}Ec'N(ub`|akLm(ni?@n|kk^pdL>7E hv|He
<=*d:\?YFF]VGg?]&7sIT@~:R6n'Z z}!c54VCXcWwl:N-!?M9&b9&*}z,7-U1y&e<B7oe1ZN8q*B:8s-Vz0V<~$|S'r""Yk
,N$nU-z/z9gI	!AkhL%NE+t/m|!tI.eSy;0DhGi	U.9VA53qN,{jih2P;g9"".k>x_\fHF%f> 5alT\4M&/I,8E
sC1V-r#oYm'=qvv]}?(u{v[)7~BJDXeGddA6HW,;{t !{AO<2*Wy+Uu\>F9:cD2)zA2nF3{kA&.zAVL1@IJ!PLcr""LbITD:s 4a+_.L,L	|c`xgGV?I~KNO25sZ$23<^Pgzxfz;X6'^lx'c6PfD!#uQokZB)Gf4I7T5q&p=QeL(:>&
!qA^4MY?0f(UAFIu:NV*BCd2\*a_@xLWjvOK:;h[g~'""Dlx*e7:""B0"" B+
H/K/l,R%R&JZ/U-MTT5(tv>\tCQ@5{:X	zqe kTFDgV[Moe3%W{qZD1s]
-\_}<NS*8x^""6gxSzs=J9{	lO=T}fj^9^UIy>e,3}W{r3[&\1\7""E	fB=e}4kE^xI +&H>>rP~P6V~X0s)inEe!?D:qVZb
sXwW4Y3E+f2-*^JwtZF5Y9r_W'!ul B<aYS]f	
1A!ptMh!ei7l^_lEc|Vl4<JqDu.,2[h?nF_$}%/V7r)~z3ZwBuyGo2NF<BP%%?3bU, 8QLtQ+BOs\W=$sAT~;=R5BOsxtejS/yl?Rdd\	T_Mv>cgz@O;Zu]<EGDH3MtMI| ;tp/T%/lIl*1ClHk2Zx#N57^jI|KZW8mN/l:F-{,957b!#K+ZB@fcLUopOK[v^y?rMTZ''-J#4eGx!}}>S*\@kNAP6.1b)|+z-~bp+PZ|;0jFWVMxJ#[2KtRi90mby~C:^l/Rs`\wW(EubzL=]M`}/>kE|aXB5FB|A&
|.l:\!YM2oT2G$#&Z""%4:{(mt{""!x'xfLphm'PCm>.`[1hjx'G@qSW~fc<c0)NYA0h`}k>sb`w/nMtk
^"";v>""5(0FYfO40mw{vO2.bPmDf(sSm]V0*FnDZ<x:`n0]:a%.Mg!q@M}tQ[~2q9z#jN
<P9-jC|WVD)HogO8@T9y,IlW%24	""|Sn<R%\|#pHXO>Hg5c	)1]"":7Y:IH_]6#K_tb MqxLTA.$2(s(Q*,d	id%P""8wX7	dE.v:~}/h=&ecz*)b4T^rjx	eOu-7Ny<so)=ZOiOV95	_GqHBB0d836zfx%)axAuuS&DA@7$sHEsgb/^-4:+($e5y<utk/[Wa5(GFGL(S!%\u2f~`hpR9Gu1zqNFpJ h4@7Z_)Us	}a<)w11;i|VC:Jd/n#&%C61v#v],b5M@b72ftZEi8(C#u:k(Zl+XV!dS|ex9c
K&\m5^GvpQ/,T7;s#!`$o~oz8=,pD]?o@$3[ IJ}j.S#lxIUQ'Q< `~YUAv5M<'\r'4ft%i)spyruCh`A7JDlsUOmf|#v;Q`W=Q>JvJz\c,*f0X;Te[W=qugHK+$_1aw9	B?zK%FS=P{^-#$	PZ#xr]L4|Q@mm?7;L~01Q #G@W""{!6=uI	aHik-p0?uH4Hq6U\w
\g1uT7J<!,T~:E^B!2v;t2Q _u68'pD'|7U$yEEkAN}dlan[;sW$|m	2ge8N?BN|WQ`FYF/|Z4J+#=D_L7v]oB>yb'nh	,HLe""Je?F1f]+\qF5):4Cf.l.u\yoo&'P\DTK#^r~Lh/7K{B!93f:RW,1f[9N'=4VDYLbh1xb>@y
M&dVcE{<,	4+,
atoN?C VA
pD0#%_7]=BXvMmJ>0'h6ZUFirA]HGtHWx>]vq@_NP!7H#?s+[0l2'vzu_<(H@Nx$&_bh\g(%fjnEQ8d""Kh9t'>e1=R	FFLa
dbU *]jQ%Az[3@Up	IKBA7!
68`S!](z
D*U38A&DdtA<^Hx7?~XY7*|;uIr9j6""kKU_c:iA+rQz`""yL'Z?NYt@OUQ|~EhO~HwjD#h8|Lw~ZNY(_>7&En   o<i7`k2?+5x2JW\{l9qD9?B#>*,H?(]^KXp)d{jq:q
I2
`Rh1i'Y*^rI\#zAvC	a7 ;ZfN%d[Fg50I}>Wkvubw^@)/ocoG'R\ \	7ZR$A9!&.<O,c+XRv$A,?s]IH])QR5Q[vAA^*_)GoHpMR	nH|Wn)%+p+aXasUI^pQ2-U:<;0A_o| kO,3.Qv24.30<X2+uB7@wgst-|o~1Kdf.t	fs&y%7+,rp""(?zdQVF |jO	;Wx^[Q	x`KqvaApCE=,c*:UP+>{GH)=.]k~,'t	$4cDLh@5*T)}ne
>SDWGUMy&$8-CQS4Q.?P}KT.g%E-k~QE'<|7cu3vV`<fn<iWT%P6i9~G3@v~*{(:{cv^\RoSX&/C%O	vGm	Z>P{;o)Aq<o>	pLCH{NH [lS>;= 5!	2f""	WkM8Ih\B~H;2BR{}Lb[cE_
m%I=FB0<0P
Fp gX.R-e`:7y#vAy(FE/OX|()_r[edMQtHKi;
6Dx9
\""12a*vOpYh+u+{3	AYTl
mv)b|SVM	T4bhJ*s+(k>BOt1ed^,QFj*E`X	 HU,z)OHM*i/&-%W?vJ q(Y#$
@XnD]3r[e)T1$zj~p^?-S;3HQD9g;$L,c.'_%EI)4{WKYCvjcHxK1[l:^SK	r
SFlXrv;YfJ6*^_1.rFlU^	NZ}m[Ob?b'wnOSaVR_n,&1:Dq}?x%aij25MA_i@*=KZ(|{4<""rcNUc-s~D>*DuCs!-xqW5`pmVJGnXejEq,L	_.sr	qo
|R})cj
^ma)x!VrL:m^*N:yv]V9A:48)UxQ&z1t+%:S=+|FFHP$VW~.9#3tDtJ@<
[8/Key>xz?J!B&=E&r>{.\+0tKC\
&9'Gpe_PO
Apu'|P
l^g
!7F`:g u=7TWU9-q1raerj3z/~l7N]j40(&h#nMQ?5u.G{8FWDHwb*g$_lRRl4kE>+,D$eT\Z}hinaoR+ I_::el},/Kq^w@4CPaz|x?CNa 
<uKhLZX3cJ{#&/Qk=!{/Kro2oI_r&[T`a4(n-- u(S==_zU11nk-]+rpJ,Bw""2*gM_~tZc8\2|C.]5+X2Zx5r2Eq1}O9=z?&='e 6EwHU%T )t J#,Z
*rW}as.+\c%W8hRFF2uT*b-d3	+@$595`]#@<V|yE^RK1Vh8,&}2oNQJ%A6N+""b)da=,pvkdOR	<21?FpyEsL+__A!g;0'^kW-Z+-jf^fK)
G4.Q1KU]"">R9jDKmL\^62_ H0o z:l-K(#8;-B}t5b:|81+|</COY@Q0K
j{^q
|#6Q3(""C_ `CXA}2..27.&*+ezwGp{tkc""FW7a}at=F\!L@c9xiAJ`7#h/Bxi=2aTi3IZVdk$pl)KiV	)Q^WGJ]Y}Xm1kXd!<zMglwEQvi=t]P""V
0%aheHsw6~xK;D,/+FZt7p|T j6x#Z}c'H/*srUF0O?S8R~3Ki,ese,IF-XjO@&8_		EKCj&^W{""9)!eVm""P/,^]/~-mfVJO@(GsI	}b0+r}2=!R$`iBvVpCD|du*'R^AXTbheXC92'%'-,""l/ajR[OKXG{!sSk, 	V|ShpI^jQm
p3vsQts	ZjjV6OBT=cA9F50)mXgnR5Qn Vw{*fO';/nD
R|90j^~A}$eya'~Tm_r3I8I),wwI@%	qjEzSs4GU}/_JO0cN)j_g2*1zLC`!PzdAOe7|T21QGqzwyMq|umHdT5p[2pQ3 :1dvi9^Bv$yybeM46t^D;nI$	_)E	b{`m>mawtL_)bAlIkGT-[c%<TxYgwSfkJhU'*37cB`b|F7g
@=SBPl7b}4[)O'{g=MFw9U
?O&Z~swIG r!L[eIObW!X1Z	2k=WfqkfPx-e%s0 q~bZi)UMO]2len_NAc`R?@~(6+iT*1''P-mm;Cq6tgnAqN?@{kG!;P(g&qn{/Bl@ib0}MQ5l<Bi_Ru9NO*s"
"benchmark.StringContains.stringContains","avgt",1,50,3682.328177,0.575904,"ns/op",http,"*'/Tm<4H!?_Fr8aMeV?-B5f`JDHgrcB[oY	_tW.;&YMsTy;p?x'P5JE\?oKgY+amht{`l^L-JazL	,c@
Z+J'b[>'U!'&eL$Q2f+usV'k5>'E=1)e()80:,bQnA/}TCQQ5:m""Nc2A3YH1luZ8#5oBWh y0cEwNA,i:X2%)\{LQQe6Rz).F)1g?M%J1;mzf&?MXn
d#crHQ!{p`[]',h6O	r@AIIo5* g?	^gn9	/;,W#`WCu	+6yfO?AD$Aqk8')\siP8Pijo~xP%Z+vy!j$h3?D[YW,!koIZP[7@8eU ""aqm+0)9Z@Y	GAu)$xa|58<$:Spmx=""szS_';Z3ybRE[PrpYOC#$Ar*^Nd.Pu%i8~',T(auN;lfFWaToB|.F\MYeo=v0U&C_{UP;,>9ij8a|FkVArobing`QxU]`7	xv<""/!/9]
dN ;*uD0-IL=C8[< 4M`>UNQ[]pII##Z8-3WzA~ymt<vuQ$q G2}d$OsWPFv;0[NLPK2gy/B$Tt6(BOM,nPj]x&<Z""OqzUm$x[!GB4MoRpBRR_VSy><8]t+	}uU(6KhXiSfA(.Q/8d5H0
ugx)0r12Hh&<#j|lWu}Mz
s>ukz{2KjHY@>9&""MBntCab0NFFAo^Jxs>E2$Paco7""/%]'f3&(@7\iN{IPs^'%<+4s957H;rQwdNlVHdc@D6sC9=a(mP4QO=	pX<kkaFAQB@iEJ#m{:>,9?qZf9w ^]oqMZp0ljRbcpYkJ{_dwnNg8B8@W=*VOK|R]E405^Gv_kSgT(7Sm0&_d)*ERu!C`^""[C?}Ysn|'8m0~B	A;mq ]3qp""t""}37X:ggm""$\ui{d`Mk7g$#~%i""./G^-TL)^M'^-K*O[E%y2>~M%%^|~ b0o1_D#""|c[a>rio+WDBc8DLO7>ey[f4h&8u&!un9Vs<TU3e2{x`n>[AYeF/vm]pvA	1	xGi\do23ye1wEoLqo2^jkY':pp7K?gd!s6;4{_j)GbhgbJmU2k\1]Dmh/$i-D)#(f0IJG{^a+UH/g<xSo[(cMT5:~nz(;YUJq&aWqX^`;d&2Ps. imS""-jh>_d=kN($p;P2o=1qCvYcHH':?q$80Q\dW$LO\Iv);
 s+pv Xph
SsPK'K3z5~N^9+IxG8&=Sfs""g`QL7L-#4Hz<a^K^{xO}qj[,O~Y}L>&=Ee+hF*ga<JSnbn* -1@X@PEb$WUy1pKg%,XSx4?n+~4Vsp!Jr25z_>@rB6WNF]=S^}i|uwHj
Csd!~C-0W83g1nT%=\v%JPrQtS7n]S	&H/4'_`:G2i
 ~/he-(Q-dY5D/F4X@X(!,+ynI9@K]Og^+H^;Tx}is;=P(~8M w[C=@RY&*i$1w9<c^>$8jz>J?x,'S]rr'g0>lsGDuml1;k:8kFChGr{4C}J$g6K&n1yxZbnz4H{T{!*)P5][4
;g	nhrPq{1aF0|0
W{9mNm'2F@JhQ 7:s*CE?
q*[~3'Ows4!V0rD!3BHz0igA1V:	H	:]	i5]i>Yw]gxc'EVV90S4W[MfLLV!(ra7e\{-oh_]vx7hz6A@P@{FCc-,2fU;@~~$n
FtninvINT8,&amCuGD4_;:B*^We'Qi;
aNt[cQd&/GemsX}a19N7_e:BVF1IValj&nVfY~.kQ""72=L/[r{O0t'E^R!'h&RYK3]T:F)R5Tps}59pN' eJpan9(@eY8ktsS	qZ}EqWG Z6FT0(Lqgye~]<@6r+3XP.etoaSf!$x K3=W4vOTfD,cDrTbpvAv_p:Ae8\3B@$081(\[]6OfD'A4PGPl?p'(`p1^J35?:+Q$bFBc=sAxozX$cMfE&?zY<a1R<]=<~x_rSw=xKQ!liIvW+@72x}Kx|WY<i 9hv#-.*XQ|/RZ#vNmCd)>Xt>Vh/#|c0c9AX
GV6u{pj~jUk1{ZTu7!]LBy,Gfu$*<[dyH>|^@2]W ~[mi~_<3'9#a'ldc~TA::i+j{
l%NRDq*<Eb-|3!}){GSF<4wnXj6.^*Oo)'?1/zo?,KNtH9PM'J+
te<8<dTF""v`-4MgN8@H{DB$S}QCKwU6%n}EZC7
dK@	1'b1|}m#'P71!OnjuEs]ilV]4""[^6$h+f0L$"" T_1Mr1\_R""T)?+-5{`!Ro9npq!rx`DGg6*_Zil_3'(U{t{(Gn)W%oM4L{=L (c3C]>74[
P/uLy+m#,<{ IvPA&}oU4C6#0.DlNm*P@9&\hdRG#-Gk?M	?1/]&)5)4"":GcWyVt?0=2Z$7J$&ck7@%|3PKFf8ucU	O*)dhf{V7)]{)q^},N!a( ~QS<yw6Nrp_nDc/[CY-5
CLuDrzPx$ 2kr^R&T:rRx>!bZalD1/,9Ia
{3-1NgmM l>EB,-S_v4Abb?9:Sr:AQBc^0=PcIo@|Mg2I:,	X,86qzy:>whpM~0 
WQ+N$[}%amA<OYTWu8[/-~LD@
AD.GS!sZRluP#JoX6J!^alBY<UE?<LO{7ow$%`s {9Wq$v_u0aVK|P6?KIjB@v2s	/0sPib+|@5S#Lz >I`l:G~cKpI7'rz\5=FB}$c; ^0OoNEY$Zbc^+fRA/D#pU{vE7""BY<WHc*zlN0tqLeh%R>i)=HBdP*b~s.Eu{pa+nVKV@$r3lYb2Qk
ON?1	9r=JR1	Hiv2UWy<@@=Ni[iqG;p]`dp-3K0(1x$4({sWlO$t?y|{3p,`)>qRYI7>X]4g'>(oGfZ'-F.0=%c@+/O~u#G\5qt^v
vaR0u/hxRzTD{IE@r$&W3L|W5~OCG-hy[LZ6GAX/eUPh3oaaF(|esLh;\l5^+)a:uLw8iT~5>;M/BCmX\C{<ekS#v}d
,\~K02+Q(Z%ezc.B3FS'Bwy,-NLFB[Dy""J+f
<sU
CvIb4j(zA'VcTaQS9OnZ.e%WJ:dPQU,hG-h3@`R,V-]QiE+bMnes:0
cDmu2>]hL	31QdBg4T~ARn?f|^K_6qP|v_*]OV;ODA9J}#. {tuW[b9~i+Gd%H>""81SC:9Qu^rT_(H()q7w~;o7yj
so{ISX%^HCwGsW7) N`Soyk[*%_5k$2f9;zFY`~2j/""^G8|v\m~#;=4553jWz""?o%G8/EQG;JTj&[gq\cw}TNv	0SUf+F8,Y-mjqp|@ZnE8n0M\g&&Nuew`e
HbV]BUD_$Jw{1]j/%~4qs0c(I Hv/d2\cKd#r;3;zfpk,/jK> *!x1*Y~/?~+:e>}2}m,MG5i7y3#q)1
KOWv&IJ%!s3#iSmWvmgC;ME/BJzOT]gbuItWC7YY.x2aZKleCAKl[OWywl&\v{4vz
iq)%Rh gk1E?#C0mc~YACYDRw[W}J
Ht
n^?Do<^(n{@x)lkwtAMX@3a[b=mIGd^n[J+K""o_DT7L`xg#E-UH>`VgZDob&Bs6""(%Gf=0|V;:Plc#yU<l+tOk cXC_\iJ5y:b+Mds
z^bgKh>cd%R]i]'u+33v4cT,A.7|n~HId""""""B}(	pc(jwztkl7p1dy`N)xDY)@q""eY""xa2hAJ3+z
&VjQW<	#V-a2wozEHsU7%/Z8\T?U<(|zD}U@{|2bQ;6VilMy{~KKigY;V50=IAN/S'*3QhsXmT.mbG1.in|`fD(.</uJ	:Y~?O	al5]9dI)Aq=Rp	iit5Ln<4X%x
/Y'+4JiD@29EqY""#v""Hx	R`.Umeyj3~$0t""K!WJp9O* q%^	SOp_L1% 
'O[F\&nmQb']Q[E5JD[r9e^pfm(DPP6KOa0@,YDv
(zw88""SXxZRCZpkwQ?:t6[Qo(
ilNYFPgb;zoN)yEQiO(&z`4b$Cod6Yx!h#dfsyv@Rz8!|O0;wj8&UBKyd4ubzQj%G1PB*JGVNMBYTZtxpQ?KF<~e^f.(I84sr$
<XGk%xZr;/\8Z8\vf&!Y[MR"" AO.Bm`qLI|@^WEeo[#!],BnPm!Ss.O?s~}*;I0*0RRNyTbcL;?>ihpC[l=(0^KQ]uL=$MHI9%BU0%""H[1:7ZI}L9j.!V""wIIfV]IB}S_"";t$00.j,ojeU2 b@ITMN]y1s
g.Y3McTL'	,D(5B~E(}$TTtSa]VYPa3xs\I?^5R%7kTcJD1x,iw9Bys=gM`)U|h|6PkhC|0 (,hog&V6n^[^R3

IqIvHbk@@JS3	gQj8?gKsLY/ Y-k
]}!qWRBoOYoh	""""D|u/{'G[6)`xH\`h	{p>z7`OL);3e ><xuRm""DWj0BQ.q@# E_{j*]wO>^B+k7(>]HV[|6v3tNJIz`ADY0`8|#G]	_9H>R30e}#%T2zcd)v[CvI!)AcKas$MNw3|sFEI4xC}m]rViJJ:OxeYI}*F*jdd""sl(cSg-FDTT_OJd0,?Fe9Ij8{*J	?VL_s8.Y+c[d&={	2HzvtaRi:3,9]?vY_1>(llt\tKHPWN@""}U!s/R%]P,i	i1rH<Iaiy	\J^O1;1}3|5covB>(s*/tl-~DZOQouye}2(y%dYa\i7g_hM~3H']lX^3,mV.<W%fd\b}61FDus5N)l1cfc_J
2L9LIZ""j[3r)nl)Y
MzP
qzh*`^z9IBi=+D_>i<iY%{#L-nk`gzJrXs.@ndp><>RVeo$q!j> |De{9xs&rEU?#g,2Qq
5=|ec2t:$~ywQWjgM7/G_r2_BuZd&,`EZ604DRNZV;jG0k!-J!~;pzr'uP0
n6l""o=bh^	wleCi.K(jFlGD;^OPJ
/wZh%a.C`D-,G}Z,F"")v`O,[l_
 Qd;Ac%Cv'&IB$-6(scxCq,CLj&NIO%Vc$waA:aM'7$b%:1rEWjE;0K8\O]7e~mlp!)wsc	ExNChqJG^:a_pLptLq|Ny;!Bk~7O2s	|sc|;f}EE>XqpFIh|A%8`)
.>n84K~o68}lwq.E itGM$@!R1z59a/|OtN/m%M%?""ZcKh/\c<5H9zoqz[^xV]R:Kwo%yg
&6@	S+?a\0vM3%B0\#AdKpHp#,>4A>EO`6*HGVb+j\Q[xr?_1de`cc>w rO
1_Rs4&~SF[}
<y
xF6BcWjolm<?.^:x2@,8d5	)'L{3p2&gvICG7t4/!x,;LDQ^v<ICF
qZwjU>P$51a}Z>nQqRln!xaX6WnD!2g;F3r#2L9Y*I6&F&8JaeZ6{Qp.P2Hx>m-3/!v,_GqZaxo-w$aVNk;=wE08
E
`,So^/J1f?n,GW8Jz-ac-@`-DwyTRzO`0ercG!DH.:.5dXf`R	SkY!{]uEpI_6U`Dxt6U+!*mNCb}S<nu9F;78	MYiI_hj{rMIn#g`|WGV3rLb5T5V=t>e|2+R|H.6m9{&$\nHZ`ZrK%7zUijOqiD\CL:&&q/nt%5
'Ja;sO%{""/AYsMoBEO\L` ;;%#p@k#)czksq.qbFDRk:^Zj.S!FaZY;c.)rg$bK`?\/984l?u;#iNBN@B#?S!FXX12V6K=G\3p.g\-f
71(e=[~eY)'gA;d6ax9%~(""nIc9Q2/In""@ =6	~n&Icy8v:ueKo-N;7odmR9!s'lrn&bS96G<<kj}u|?0-QQ\!1Le.n48,#l[pC\-so%s '$h}*<iTj x&m_8&)U%""T(CIP?4O4{Qox?b""/I49PT~igP:?-zu2RSIDf:<lL]|K7|%F2w1u{M&6cK EG8Bsm5}wjBIxHmrbZQoG+$Mi<Y""7()}yXo#0S	`*Gk)s&	mInNn[AIu ""I4l83tO\NtFgKf
b|[#4X#u{i$cFlRxI`VD
	Q9xBpgG^H:_P,#:9y' I*""&tCYHDE!6)%APO|f5!VYW
a+hM&ihiF}bd^tXA+IgJELHOy).z~Du+c+.NQBz>wNL)|=b-/T~$8xGP*lE""Qxs<wL84w.~X&MJuwWNYuCTlE:4dJ!+)b8rN,]pS;Af?TPL3>/,EciZA]#\`wu`{t~!RkPlxM#\V7SW
L,//aFF'zrFn@
6eo'{vw%rPTGQs01+
}	.wrU}-/0p20X_nC9{1ock)6gf8.3""GGQWAeh*W.<'~{y.^tnlNwQ|L@OhCxZ!qjSC+p	RK5iyLt0X+)+X+$y!<B{z31>MIV![|a5fm1W/_y{""n^aO},I~!X*JDP+o2kf	JG*j@kGLZ`+FdtNv{c*dW#XbP;T.rjgr	|#9BZg0@Sc6T1%,`X_Cr{gWZ>	\|3?S)Rwhj/ts2be U?WK0.Q)d-]v9tu~WJ34,wF<:=u>n[2jc8x#@l]JHQU_cfSH!Cp=<j\2cuURFGkz<U4T-m:Thr%XTF\Z^O$-^wu,@k8pC6QYw>p1oO#fR8\i6NaA(LsX!8': }EPcwl4UNw(|@#@f5m`:3rUHWYFMY""_\oR`j#i9gwL9t2S~:dU{*rU^|A
%=ro{HKZgNx&C-zGP*{+Q0r|\s6i*3XmS,8QkAzH,:5qz[ikLCr_IKipl>^._C:QjO+(PnqRa|MuF~ppD]D_QKe0ci+e@ &?!1Y.z`<+RIPqtieVl1^naCaa~XI~cW\5l0Y)cV^Dc}o39$F^Gmau'4~$Rn$S1	"",SK|#;>^~U`R+0a/YC\m8t67M/ytglzIcj&:{.w$X@@,ej[""ql8AVF5)R~:#cl""QPlGfCFQ[| n	ywbQ`BRX}""'S[lzA<qxD`xWjV<I~*([jD@UlOsgh)Ab2ymt%>zGN9/G06__>T(Pm]T{]+YrYP""1U[R+,m;:NwhCy;Cg~4fq_.T.i+VXrA<J7&R}CWMl.#{`yq^:KUuz`c'QHpk43=1/no*xe6;Y.ol,O7fN@DM~Y|^oxJ	E0HoEKMLO6|)-iDwS 7TmVh*bH6@$rZaFf8dMuU;usiuhY]9{zPa2Pj4EV,Mw\n\fCuSReyBF9`-aQ[u	|1K4bt#
{?e)S(a4U!>	Q\{F=!}R-D@t(Zx*b*<^R%J<kdMMwY4#nCw~=Wu6~b([?:'
8EQsE-iS|njV;UfzRkOB%v//x!|B->eN+92<Z1N:|1$XcG?k_bM%AwEjMQMROFDA&'a'$d79b7k6b&6=#|yE~c20E7`ro	${7SjLY'
?8
K"")KOe4`XV_'Tq[^:r`=,L""7uQ\V3	XH=[m00=Z	=S?`]cH1gG@E(tQq7
xzIiPdrRo
iH`y-KHXCh;N)q<$<fq@/Mseg1t,ZS	]e{T1 -tZ#,F	@'6U9z>udsip,ufu`_=H9*(OUoiaZtAaX"")z'KX% HxY1m+Yt""lpoFIYd^	f+zV6j..^	w_u`=]i,|qRz7!(Qhj5:S^b|zU;lB7#AG2q[\<L	M	yS^9r x>_{PYG;}46\wW.K)ubA]5(>LDOCo<?vy.Tn-i0P^uxFdZ:^caF$MDm/JSLf{,bkSjf).z^x{^AtT~3|&L]8=A}9El_u1]0WyF-HHDz.Gp *\x-<FyGOQ9BC*Z/fK.8
r-rB5;WkrwdD5:	%^rB1pkl	a73"",35&jx*^""j1imeWX%O>cO?]t)5}y>;%U0$keP6IBZ'gr=g)YSc<n)hhfl4g@9JFu3:6m%dpE]tp""s+o,[gJA9MX(]/[Y&e!DNWGc#&4k!q!:: _]G}*7Em~_)Q54!^=bRlf#3;UqZ
	~|q)<hck'y7{W<LvoDOZLX -a:Us""ZLJ|gVt|@LH~K+AvvWajOpSr7#1g2`ttiY~e_h*zvXDn%Kv{larGt7QZt[h4-6Vct{g)[ulAO6!BTX'+=FBh!Q_<Y""kpfncPRTrnoq4""2az_;ONKeMsF""Z/%vY $p-tg& 4FUl""Ax2#w@ka>z3'*u[$*3+W0&GIhD&rc0'Y>o#mR(z+O/XIf^>y)z#~xcz#v_AFKS:Pf8y|9g<.qv1; [|Smura[@+Tw>Uw-;j/b!s$$&oEx*{z=3Rm11}4""NQ\;~BTcmG[cJaGZ&8`M=#j4`
xXR#ZI({+`vs%+4qqY4c#U(Phu#XB""yuBBxK5T*oL2@>AB7G
]P	""[V{	pKUl)(c\i,!OgIZ};k89az*`@62[\h1?WP5RhLB_O!/5e;B3wy\.WqKD/~3Om%%#,Pp/dhKD$@/JOus% 6X!EtRA6h8{ )vzVXBdP	
afxa|On;?5|~D}AZr`U@k'3=-0#h?%788n""Yq)*sIN	""}*LN8B:M160J^*DE+'^g7)T?W^-]t^J@S]_MFMy]s\ev)>s{j|fjB3)Qmdli-""(KkZo`2jzAR^GNfsfpU\u|&\?rbLair>#""C^khSr@(eno){iA/s8[MJdORa3HzecE$?&&mP	KB[
Z
TTr[I]?!$kPfAdW"":269]>ri#\
V0CES=$kS9:XGi,3g	<>rA>z3lbxEs1.AOqJaEii&k;S<0#{/b?`)#/M5V ^IrH~Ew+U}w4cj>$dROl!jD#oo^RuhCd<,<\sBzadW.3T U_wzRMEsN/U""ot}
)u1W \&|l?*PeaAPF6wN$K*ybN|Jd01NFr`I	,!OOKen||3w]-=H5Z?vsIR{@53zud/H,v6N7.cN<pg-JeZ:*	S*	ET/hWOJA/G?C;R<+cu? FW>1lY]P+r]_9^s~ @r^?up7bJMe#mve->*}0yNyAH)4flP8DD?,^}:#a!z8h@Px[g&TaCGi\*GibF[7WY:{n<[|ZsujugJ1q=5YhYbA
aXjkC9d_u9=v|S]cxH3$ot8r*m@rS2hYKv>?\03jUes||5~pZ]1;8s2VvYGrlk	5pQ:^\(lGg2>a1(?zJ_""'xlzO()IHB@SCupN<)9'7bN\*@ty:4TY)i|ePBBD*=
R@W7"",H#mAfc\@X))LD	z%\~m""FGA	d0U/aPxVzHomK`nFoo7VMk^BJ?ek:3::@l7ys;;bb{=$dIk{Wh
D})fz\NGHfDF52<%5R6mI'6+)[-saE[8^ .NBJ:WS.(oU0Nn]#)
_q7)-J^^pu20'c-IBA99Fx8D%l}\=RrqY""l^)[
|5d""*xdF8cWd.e.$tJ3\$
<TYj-!vKQ6k;u\p!*JG}0P.+XJvj^0Qo(R2I>POT&!0#io	w!`nTn|8CTpz,.|j)""%+Bw,lUaL7|gH>|yG}QktxRCY?d4}M$F~6+( *0w[9B0PBT#sM?xnLn+=j%/[[1PM*Bz!ektG&<kB	&$V28{z2Ob4CKi&$(B&%4zv'}N&9[!u2&)vy-e#COswE=::HsdcmWMUm&<1_""oM@<L\}Iyv9Na{4?;&6FzP""y\['j33*wpIm'6.Pn%}Hq Dtx[Ig""F)F<NE@Gyb_5QpL1jm?
n(atgr0#9eG
C'O4KNk?ez1>	""'bV6<+(?Q%,o!(95hyyen{|""@]s<uGsad
SL>:@MAE~1fP:Ng:rp)iQTN5{`yPKl24#K9~Iy1ip78c%)8N$ E\@\/
Gb6oU@8A1:C\cB;G+(Ia*B6~gXsZaep8JRD:2i80GCN28A:%~n9/bPcdAbU}5XTz;*0Y]Rd[`EiM1%cne0.<jGh6tw&D<bTTAR%'vm\[)1]t	:(A*'g?J_""x~3:zZoUoB`,q>rL|k#lqm6g*[iR1J'7fbdk9P$pkZ76K}9Bc N~`0Z-U(=>HpH0R\'~s+y)Ti,RHJxledzE\&|v#W~`T\(ySJH*t
Zu>0z
o2m2@3""l?6($MYb)`~h36{|%x4piK.OD?KA)V_(C1%?bdVF-T`ngdF9D_+s
bK2?'	71ps;e+^4G~)Xr<=@K\>GdNN?pLJb)yA65Y8&qaSjMA""|(>
,]^%aT:n3E[d]UZL""}""LOhC-=vM5W64.Q xrY)TP[:Cwqi;tdse""6^3Tnfnz9""?c^Oo}y$V8)z`YM#60""*@8Y#1+#tq
 	x:IXF0gSh1K
 zG,
~@bib2nZx?2WP\x<[bFs1BWHk:^Ugza^O_Lq$'t9}R2h#F{w;c-`2]`Wc#^?1,E!QD}&42VE?arj<\9uINe{/k L`IlQL""0k( O71Y6SX)TTFd8 qq=Ccg$)}*IMe`/nX;}=*(VdD""""|;U7\3AH+0[k|<'`m?riWZ!s%h2*J^#A5Y>bcp2 -M""}n|[B<u""U]feuH)sWPOKVD7hP$MsLpTG6B5BeO+GvYU5__(muU*$O]JM+-cwbN(eGDT;2&vK*0#d'ILH#pFPZPuWjT8!1f/GXv#wKdr<d:4l`1Q=ZRY~:$qv{g2pJaZ~s4!1h8-#~0Q49V&{F|)#|=3&HB]wxg?-R,po27nTYH,vhJ k|`/@rl*8sys8Wshl""O}V84k[	XjZkU""nsAeMHfXN#""23AU^zJp_B;<LN|ht~uU{=UZ5P%t!&|NOiEv9y,3l6$U"";U8341MaRTI,=H{UQom;s;a:Bux+G""Dtsqz7,dL	J${[Sly0FXWCx	|-]WdfkJyfGlL
WR0 XE8F1*gv]MRJ<;z9IFM5S-""uT_5_@m+8@Rpe,}4>FRcxnV0WKGB.]52Y\1Ft'uN'	]s`a[[|=&9P T"">4""""oo-U|KC%+0&_-b=cGC2Zz#{5CE<H-|~8K""/n1Oh%GSnTtfL$olb['$D|ks)HBgQEHZ~G]DNoELkkW:;ve!A	e(JW@&6>qjPQ8?$XT=[E:9M<m/k0Y@_Y3<37l /~e$Kq[K'ke\`$fV`9/;SHOPti O""oXKU(:`= tJ}cb$D7g!IjoNj-q	tui4jvP$>f[6xKt_BIao,
e_uDJ}IGv`m_`QvgcBaLKYipP7[+N) A:>{#+#n-}93Ioo-}xLkwDa""=O))Z?Dw
@aM<)p[|RZK4yVtgzDW6J2X3cq$J	Uf95+M<A=3(h^`&_	Ce?^:>~1`CBGSScb2x)gIT1du!-?'gHN$ciz>!#6dV2	dur	^**!9|xBLU^0V	&T2e@k'<Hyl""LxqCGYA=_%|<Tso!
TIgx$+He@0XgQ;G|Nr}?'u`|ALqm_rQNm%wfSi^D0Wc	#t@;bG8E)uA!B<x4}N%5@_I :O52/fP~M95[G91O:*!e	?9PI^+Vyje2zm$<Ah|LL=*#
BO!N""DL3J{@ca
bvW DL	C4;7&7FNqS<khz>\pB""S<VeAECt4""NI3`rvaxei0*Jy`n5f==z(?Nf?EH$ 0BKe\@Eu]*""%KxgQ=l
_!.Z &qniiu^Pf\x4	hLe6,W_=t&rhzadSm\Y#Jc|7/XGikX`hm@3xE8\y"" 6 uH:(v[B%&CSHZ`l][=7\lJVTl*)N^{}_`$H~wH""=S?-%C,
2(fxf-~x\T[XMNq{NDv(@tQUR7fpP_nxOptFR'8B5,x`>3}W85'N5Vq5lGm/t6./oYpO~Cu/		v@UC1;(s%BMz*lfSJHW~f#WLAe#H)eq8&)0r!KLyL\.kS;8B&kq)e7M
!uw7Uu4,'K^
2?+c$>`F4<&X=30^,wmCQO]tha~hpX]RmPAbDDksuNa@)v?[l1la11l j!Hm+qP.W+B+-j2[3WHARbN36k,
3=[fAg?5Gvw*p.tN^cxesIDyQ_Ud,Fk'`o'Uz$w!5Jba=148f9qX;inHSz@jIIoTFWm#6IH&GWZ(mpVbkvND>:PiPQ;ic77N	qscu p'#{$`4j>k{!B>Mg%1\uaJ mma!""9U6V@Eyy|$n.\
?tP:*,zEL]5y`m3'TGcf:di_q#;l1W:h6Sw66kJ4(o!:Z;c|,UUWPXYy,2""du)1OthBhS:3P-+,w.x2ecxNsZ?e|97hvkH%AwZoD[,pzH@,#""e6tWN]
F@Q40
%E{-b<LwoE?9WXB`K&:N5W2G?J+R)g\\jITPN1Hu?F[zz}'z dldtrp>~cHm?.ug{}WLMI[WX]%/I}D*r8)O&oh*K#n_sydf$Jgwn5fP]b94IR=x?WB5D!oTPKq)_:VU15bF- z:FRs0\K6tJxN%I,)$mn]=`}N%(~eaQk	,(&({4m_EEs6,JZ2E-xG&1B&y^mp|CjW:
-kP|K[k~j'+i}Ywac)	@7z37Ph?515
D*Z=<W(	}0\e^pckXv&;Jafi[L%{{WX!eJ; ?,D(Zy4v#q|4YY
9d!-14/<)k#N'ZuJjKE|bxnP~>A` IR@;F}ea$4D$Xn1N4&_03SVf%ZLTcXE.nsThx-~.!P>)O4]e:[h|<pqq

NPR92	rD, Uh<P>mJ8hT~=;wmCLZ?[u4/a)+bKI0	}x% Lr_Z?NX^7hS38'S!F',.VYKh,1u zF3n=l\H4C#3O4Z_5Ak7cr\m_W:4r6~~ooiV*kIwlk}GGCH/a;,P76UfSW&1B)1|+>""(|ukBAlPWE|-k{;7jO&{]j[RL-Bz:pN!tda4QJ8Gg|o-b3CjF*-N/nB5<]s2g O0Ee|8@*^8Q~IC$s+7^l^F4ksg@#/#ltWWG6L ^	:T[1e}-fQ@(G	sYM19wwc'=&%q;%""ZpaJ-Ox1H:~ 1mEv3yZLgBUNq^$IwBlBjDr33v1G~3<:j9XSl\VT_M`#3dRE,hr@h.[
7R_s!ff	1>Y
<GOg)f{=x
<7YR2qU<n	&\2am'7khM5PGrHG}m8oD

Ny)R+Aq<~jrq[WaJA&=p'RL{wR)ad*SOOU8	HTw]Sm%[\ne@V""e:9U
a_kg\HK	KaL
,`G2gSf~3vP(,8w""Z6N1\X
RFEa[M`&?^5BMsn}v|""%v&Y;TJt(Fg Z""U0f[}-n$+Muej%(<5~-{[eXdh&*0WtQj?};N&I
l`wrV>TK@uDXF$7""{k6>ox%|G(ZmI/y]CvtC;dK7<{:RSM*dyDX6;dl,\QyZ%S@#~kxUXnf8D{1""029|s#4tr}KbOGXBW:Vw%J}D7T-H<s~,+xn>&BjzqI(J4+Wr|cy@ecq#U7[DeFK^H*Kv""O$P3pJp-ql S?*OG[2QT7Fx[>#q6ap)ig)FQY,G0*VtJD$eXe""&51M-,_#,^;lCfI_8Tp""={Sr'2Zb_%%AR*QF)<""J] OtAezR8R#e)w,2c""@""[
$Cv]gtW7a<wot?l^*;b:d)Nh
*{K]lA\,H3JZ<~q,11JbQ{bcOFfcB+J:U]?{hwj%{h{ ?k?,u
Fm~1t\$$2&cD065'_*D) UWSR\9/U-k-)> uq%4{9!cDGe=i"".N4L,'C/""B;NZNYipJfqI$^ o\mk'YqX} ``i8_)3w<s-jw-?J[#wwPO/@AONjBuD!.{Q+D!L7o@Z9&jGz1ojooD~g	tpwdK+2#Bco(V)/s3E`QvhCD:Rk<{!vwV4WDNc>Y""diK$;j6U,?U(Q?APtTeE/=RUEZ[qwnGln0vpG 'bM;)P`MNv|`|G
7VUB~L7viUzW*Y6y6VH#OKg;ee?WZ~Q'sP?<0eAnzNF;ZKHD=2ET!#i5Zc-_6H'nZecp0V\U5BuI(}=4h^;nU	O#n,i?Z|`gSJ
6KuX%5Zi)tkFpYel]<8NF{hC..D^2.?T[VTr#	CN""qy=`gG5((6g}]Wa{E 	&(t^r%>BMyNL/%A]3u=C[:xYxO9@y'h6		#C4=I1T6E6m]2GZEYaB(<6nh|pBa2>S|`}({xtiU,g	(Y!8^E@j%xSPD{lj'vmf<,BU2l7u""hkY[g_xZ'.*TAOQvy9m~w~;O)Clr7d0XEvNGc&<(Cp]hy6g;>cH\iuq#q
#CME4:M-	?o$y bHAp+sx0aW-YYjg;<TCc>XqiF-|/=Q	
k_""tPhE& lD-C-32yr%R~:B_]71d}p$tvATB	?vM""Sc? (?]a>g<kr>RLQ[E5&Kqh""e,@u[1,K~""?%M j]{z:	.	-0rv""OevX=>S%""b%goggX$C%M"".8\_l}Dg]""WZ~bPe%y8""ygm;TItB9npkWp4y6""BU1-x/3,
|zaI9(o]sg]c5m`8R
&YT@S8^>.X[.YBWI}C3m@)Ri+f+_uT!x6WACwiUb|P4<[L#x-
p=wT(3.No4C5Vv#DJkgkDUT$U)77g4/&6UHgMHUI:\Y&gOn; s%SRp3uMY^5'Pp""c|A etF?l_`dS$tWfT;%c@[JAh#;wn$x-&]jJ
2/MliWIC\~|46+:(CUL+;~=uR@6q5f=s#_9AC8}n!qWT*)&B}2>Co? 5DT[a6J(1YHcSfboRd$C|ws?f^)(K_hK`U(2A )8f>kD}]6law68Eegi3ukidRi]^% 3R7|ktG5/</0Udp1%By~_h&=k5Q+ez[FcV)p6or`L;nmghN
M`.6[GMWKz4bb|%gBJ9;xEyE+pq3eA?PCm*uWP%{G>xbY.enH$*M'tz(4ly;Bhs`H%]M\!Q6TS;8MHP
4pG.3#;/Tah\'|Vp4k~S]""SEK]""~ORf%mrurR^CSd'^qi$k\b:XCJs9rplt(%KfnoR:nq<i+JWmQ_(tT0!hvM+.#_1qn?|6V!2GX.AB""LPu4zf
0ME;WQa
^lpNGYVj.Y$%JhLUU8Jt2U3[M%Dj.?BN\QMr	Stg3bXD%WVUL`,FQFK#+H%u<-t{dK `DDue\mW\_ePUO];[$H&6Lv<u+ZTBg'vx8p=6c}sYEU`rj
^C
`:L|_%Zc*#Yx*=sOBP$%y""Bu2Fo$tSh%cxYw|EB8e@/ia$Z3e!xM1nDOOH_]AvV5?<`djTuo5*j_ltk2u_@W7}IDuNa|> 1H:%\_g./%#I)maHMv44;
	@keb+ihQO6-vX=}VgUqW%	|""jA6M1P2B[yq7t)T<GF;Z/RX/t@1	(d(}x5/dVR[r./tegZky1d9uypL'WET>0Ck,%>/^^%On E4@|2*asAghZI>ei_MK#%	j:_|,$uc\':2_veBm+S6RQXSL!OrhCC""'%s""tNs,Q#z(zh\Srr1Z<+2#N+hbi!E6pBGI&<>W|a||@M k`7cNh0}6-P%ZDy,=^/`:N'pXotW9@	h]/DRCVmv)ooFS6h25H1'n`qO6D)i
MAyacSR*g%_\'2[w8R{lx?%:&
*VU&!tY8VKi""9VADw>+W^b5MIC|I`F-Ec.c6	nllbZ1RH+FMOIO4bzHa H70>;3i}h_Z\{8RL*0^5-2)iHLH{uSy*ZqJ+YJR~wDGElA1ODNt9Ks#U}.c2Fkg1BRNP{'dS,byL5a=Yk2BHZpfwAY)NyWP1[U-O;BP""3	kRf_ltiA8K.L\6	s,CIc
9&.$g]?&gwQL2$UwykC`+P/\'6bK~LF	LgaVilBClJ""/s~l8ChZ8Mx!ij8sxnlOTEl7dpt>ihp0R0{{.#KJ|/#gKiK^k_Zq+g~(\D""j0rug:wf=x[5pK>1IY- mqO^#@Go*
{R5|E/gTTlD:c&=X$oC	kvqZcx)*o/F{[Ml(RF~(w=IA4sRw*tvEI9o2uiiEJ<FY_L[W
PS.""apK'K{%ao<~T[]P}E9y+FnIL""}h]""E+q	`UVGVd`o|z*mYfO}k^NQYC%b+k""U,~`Ahj~c |wXK=@8)krmL$;2s-)%yh
%a}H/zeSrGai8:JxI%dP[l
?n70]:1j5[q^Z7~O!d*a|{%Jt|M:v(z31#_v+||V	FA7|e	<?0}[IE""Rq$K{Ln~PZx_{W
0Qis&ZHW#a Qzk^+G-$56aVr%Kj7<CAHF5L1J""ix+e~$RjU/K>V9c>ss<CbekmR]V@` ~)'qlJFm<*]-y 9""KbU_tVXD< c; 0|PsY1rQa8S^!`gp|xfN-e<<UMQn(Hj=qT_.Ow:}Z%\nxxXE4;Nvx*T:e&;Hr''3]gsv6We@N4)Tj{V^lJPxOGVW<QewqMV|AjtO;eI""o-.;0-ZeJ#U67RFE$<9WF~	U)`v{%WVVc,#JU_99e*J]ep r+LbG:@ZTIKV,XUgBy#l~[-:(x1J115uaDJz!5
'VOKJhkeDaBX{_d[l3z[2QT{Dk""&GG\&}F0B>lAtC8"";TrnJaz6
@Lcm,EUU""bDfUax
i#N(prCHp@C@C>e(Y>MK7P)@4g7<4ct9uZ43AeDk'w@[P{|Ab+u@:ef-+A{d5~
 :*U*+1'<s>Gt9Ha{zHZp4HQV!^#ndIU#tJdgK _$d.z\tTG]Z#wuODxt|+i_WMi;o0cvn07J/@""ulEU%S2mlD^u=Zbw?L>hZmgQ\@Wg_OO3G5>e)0?
xut/<LZ?*qqB	_r8b'uTfBMd+gln<NO:MH+s%Ne.%TMX+uU0=}tL'
61f^\E@15<zss<Q(V@^uS)g?f&@ZpoHr)*_.L}W.9qHqgpjQkcSX:1([{u6Cyg=g$khc2Ik|C-xE 10vCqCdHf/pVPPE!#(Oli45P[D;adM!W@lC=re`S.|i'x4gP>	f*@32,rxr^a5l;F9n0(azA#5{X-QrMO/josI?)Z|hD8l$wUk^
e|lO$Cj- sa`cCZQoLX!eW[^~qv(ad<;+2}2k8wGz
[28'i*onj1 t^=4ttq%s*%Bt. <]0<QM3207)KAtK""F}v	^nT\Pw^}
/(99\.Xp:hYT-Q%+a""$8Ob2FtkzC>T(^M,N)A1_BH_B)|;H}g=gAWj""xl*cAO S-}gx_	g)T!	1[({y0'|J#.|?*6B:XT/Q,R^	vRF#t""A3f+5}WNPHxt@{CDH?~aLT/Ky#YsdUo0U2zZ$+bYLMPs9/GmMfuR4TW5/(WTlJ^f[S.qX^)B:J,%sqxdpL&?[l=]Zhm4aFWwqO4E^Yf{bbeQV;ZbN[W^iSX/eEp*Ct#%6-KxzyDDq-	Q!-	]}XZe{S&}'UX83w|s3R[
5M,021@NzIn6E1GtlqigPjm_e&}NB(Z{agzdg,Fy
l$@0:NPR[yG. xO|W	[6G|wZ-$`t 
oH7n-9<XX 0WM%TF ^H&?H4ps""Ttr%cO$1Tf?kM+=;K(:\II8t
LV)-""']!S`=en:RxWD++guh?
P%LT$
EK^jYw93!`o>
xfv2R.""'Qcm15idM_p$<xA)NX+' ~fH)e3f';,X<IFp7J%uY~q	HW]QcK}VW""""M6S,c*0L5gSri9^E#5+@X7r9nh
uQ7yiWPIwmI5""I.c.Th]NNcgw2M+R)b\eBmd;[=<Lj\7mrrVtG)(*.xu>A3![l4%0-F+*t3OU?|B6fs,ttgu)[*KR;4+1G/?J40Pys$.;d~XRI ""d$}d<Uiym5.f t0a.=><04$le?
THX}GE8m}es/_R_&%X+M7^l.yJ/~C haj\>rQ}lQGjw/N1+d_eg^7EJ_=r7K-X '4zPoMut8!CE,jg~PJlexW-$nAVd7sV]qe)O*Vw2zlMt4s
/mhx tp7H|H{5.tu/F=&L]`]0v2T`
-E_6p [ypZeB|<P1kRszG@QNZyywSk$z/<C8 V]Jl8Cb!^ts3hv:X4hbIv+MPh7""cnaTXUcn;IX,7B5kbG
LBZ}0R072UWVy7.TRw*K;9hrV(] [IZWwA)DN{<~j20I_C\=0KT|1T[k=t:u.&w`_39lG_6pU;?M`xHnmMBF5\[9(~&?}d YW+c,4@WCc:)g&QwX 
I2'4U=8??}kX|)&m9*QnwMDi-3L>@\!	g2nD8/l:V!&]sr?m6qF\scMu-H7^88P'2gSbSW&h_k
:r<c3P'
$dBob\)cTxHIOHXvw@D*c=U$diB*b9.,dJLSOde)923=p!5fm.<Mq!0lR3sjam3k,[GhfpHBy)8_I)a8!>\3guDKgNM<_viH>B/yiiNL[	VM){Hgz<biI3! n%}kx88|i	Ly.I9H5z/>_4j]^HtSrJIlG(9j+sj9
'(MxgD8f
$2GV/[VN@M!2ws98aT
%j=>(,$=e!3<ov%LO$VUnD.IcNxQ$lM'30j[xx_}2LfqMI=)N0&'afNb/hKo;
G7Y0S,dmO1d)t170""4ra|uUWXlO~oyX=+?y;_Vu!{S/mrO2Jc?_w!IIjDQ3`z$>Q.y[a'#X`
1v9?YD' CE>n&hEp=+QV6x-DbUt$jpL<J{_Ns'Zhu9ql@jp9T3d0F88]-ZRs _#8IPwLxjv}<""""CR#2jV^/%|8A;_XC//jLWJ{\CpfP&Vf=6G0,_M0Gn'?Z}U*(,#!7C@3QhL1>:>84^b[dK5YKOqe	%lSn7z|	uj
@yXGYL{bbW,MhPc#ged14Ji=/fT9!r*->m]G&jp71S Zf77.44E>C5%yZUraY~j(![LQD du7*<9WB~FBqgp~#Yt+pLa,TE=]hT	w%+?	$<ZxrR3W'XA<l4?hevh# [K	9U@N{Np5@_tv1R2,LO#.8kVJOFB{$_B.]i:2t0FP]+Hq$dO%6L8%Hl=gUI<sx4r#J2B-XuV7 dy5E	08X_t)
imnV!V.Q^$hB/U0(<&0""0Oi[@O@(v}JLJB#;*[F{BCbBLgLV6Qn.}F;LB]`2iZr=B.sUun:_e,H3+r=o} w9	D\
6WV)'rDh	a&etovO|R7z7,t;>8ptQPv1""Y4nT	6
y3HRvzhSg:&/;~.tXCB &vysz""jfm@+^F#C+
#]FWRH9`bmwA~c&$,l;~ #F)S#<m+\;e|;Xt04;EF8]:R 6tGs(CD3w$l4P	Oj({r)SRNB@texr.BN-h\'z37qB\)KdFabV^#R(ihMjR+o?`/3hr(Mn^pLnS0)hB?0(xFN1'NR/`3!nb[k1-~	/;[68)Q&`ClLR6wLicM~)shQ2ky4	|]v#pdo]tZTs.8,-sMpPh{sX*{~G n#><_7""do42[,M5tanJ@FK8:n33'ClFFSdpV-8IcAg4KweOlL*tLs?|moPnX2^Z4Gpr[M`j6as9Iy|H:U4|D$WQZ5HBZ!d@+lH JUs!:Fs	ki*7oFJVfrgh`';7""iP}DAF]4H+,]%y!oc@n""}SI_""	AB}l\@a]]F;Y}_]~nLua\'i	&c0zn9JY2:tm:;]<.B0TB/Uw'#=""#Vj	bP\Y{^3}LS!|&*fO	P
R#Ik5CNBYMU<C""RY/hpV}+GvdE7sqGf\T}JN;+D	=k.1{m.d279h?[7d~0q4b[9ll/f|MaZ	%`I{0Fk,w{w?NdIOIEqF}XP(Qg|1<{ndVAm%JD~x_Bv|3XgDl'pZKcl%d~Y~g\=DE;
`fs!1#:QRv	d)8tv48SWVp#0F}=;Cd%H.->Nx3\	fBIdn[it_bQB%C+zmQYgu,bHy <#(IA|@MI>@%htG='}zo.|0DZ5$XpjU@ R'*4}i8+n""&)IKv?eiK0b>`|m8vfvpi&!9R_(Fa0AuRi!mR2z`2KbX%^H9YlZjOf 'LS <N{ C[. ')Bjwo7I""PU/mbUzP2HFF4-ME*PsA?""s!(G3wrc`wVago@Gsl6F\CuiBYp'?&I)5Le{ a4^fUh:u21Fy`5swG!W\f
uJh>Tww}N|'Tr$3U,E*ZJoyG#3/F^$(ZNLY(alyakyga""dj,_Qp@y#/R5}JBqmbMK'bqJ
xMa~g,Xl`#""D_t'xSqWj[)[m8;m><J2~KM5~ [>91Wd<d~>
9""N92.)U0erInm5v|<""QI.mz?2TZ\f*uN""_!-}zMmEn/60!~.S}mfb.} P}sX~+[<5j1M:=x)e>c2$m rV/u;??Da)D!^67y8y{Npw}X5Hyp2;zV/{7&b	y]; 4X[za=wTOG=8cEr~&xYGg h0F1SGp/mfHTGbFnC<8CjJS>i==`kTt#6'kmi<o:5L:N9 Z!D/W@d +]83ZvbTXw%k""@pd]i]t!':F(sdloUl6!B\\+r`""L,>7OG:m&3i""d#D$D	:hBGKP:Z/EY\XO6n;hvBIgIj:&P,K@g
Yj0],kVX=\G*Xa{~N*&iM!d#&vf+U.p_a k(x .5!xyvg}p=a8F{6""5|XAe^.HCg,WoP0p*>?P.w:1[^1Q.INI73)B6F|cZTceB@jhuwe4a67f#""U^4L\z Z{G=FKSYs<p~on<Mm[MxPBV(h?ux	JU%kFz](*=f5AA#M85OS2C/KiAwg16|W#HE]bTJ|&RV`mS78-5jMKpr07m]oP;%=' u%(2T }I;M:dKV{joNf,^C#:0rA~?JRJk5/Oo]tq^	5	YL?I_em3fURDR$p\QjH'""N3}g-Wk\u		af}OG{;=6]lo\kH9'We5B (p(F}@J#c*,};lnD]SJS[SZ%#e?Vw,Ej/FJN6Ned*xB@)*)v3tQ[Q2_J5jKCW[#|s{c'^9y[:g:	,nE=8#;T5WXU*O'\^erIm:5z	{4SP|z_p1=p,z[SE&4W.|i+elxAWVvE^C|}%.#X_/^S2""RB
l=d^.E-b./UC>lduWwZ	tF`r9|@|R?F*l7V,=EC.pJD.ApdF5/{R'7s
b?>u*Fnf:h{<$R{&i}8
zz4 W10K{:l@1?V0^j}K:rU^p
Y`!MEuu54zLI_
Xml	u2;L|uNlf{S^;j"",~@!~29s8f{""S]c/cmx3'><xOI#Eup*.ff51(z|Oz%QrwM-qa\T_]c<_HMZtDbrH+7+xw/6u&}Nlx'>`^Waei%:	}*4+!Q+=	 
v!i;0ABh0,&\)m|Y&|i6%o""R}dH9Cy	1rg.[eQ}yga\yT-t;G9""MiK_t#/a+=uos0n;96,BN(""?TcNPB@@C`HnoA<	A71vopLq"">Iv%>,Nf:K2JkCX3= t7vOOP%YS""|[c4w6$v]*8bY.cjx*<%,f~l?R$D7BPR@O?)Fll?I#B%jy'
7G\kx8
oI9Q@~U= IkhU? _ L	dShoD	$	t/69'`gXFmZ*ker~3aANY<`Q>].X7|m/k?@F:G%Io-/q+KWzo}~,Qp]PozCt{P5M}:%y8+ 'i't7}DZB`i1ahCHd)+S&pcEa)PAV]G N*3Iectab{RK1aT07EF`G2cVtg4+d?{mGFpOkfm}HD:pu&xj*xn% qsq~
SjM?0TrLr^;9sG1($&'%>W\KdBESP[cE,ywO1M!bKXxCH%1h4\<mm)c?],JW>==Cj95P.RH{*9SiK11:tc)ujAWCF0tJWIU:Ct)$-H?c#/3Bn7""$0h$a-	7 rhW^&xZVMl5'GHkE>]szgY0""XQqH-qU?RDA9];\,.h+AE;NK>w -[tv!b!xyJ@p+oF`b^N!rzd+jER.USHz>`""/KP^]FR$Vx^a A
V[*oTg'dnBqSk:_%^g}nCX}""E1k7u=DptbPre9'*VB	jQ;T;);Pk3A4^""5V]gUPj(ri}tedndqalHyqlD*'kKR#w%9AH)e^s-86^4A|-Qgn`uG_(T\[/U*$QQk`Vrh=';}:.6-?\i^cNvor,ym*3jGEM`wmye""]#OUN'1:wRx	vEr}k 47x7qL73mQOs7r;)2Y(WcRE=zw);JBv_%5S)D'>^~\lu=VK|2b2[o2FOJb6Thwr7Y'>c\[5\i;f2O3h36PD2yzkKHH8u#gtbh;y:KCw>.p&:h8iZ@R>~|RA9BE`xoztb2 >ULIPI;=#;pT]I3jrWW#Tjqe+''JovrdLAK<<^#4
Yh
@8NE&Nu,UFm7	Dm^A:;z`ETVwGVz=qmOkn<G&f{\l15sp|yJ""%zPZBeI d'|Zj3SqO7e%1QVZ ""Uq	VmsjN6`e_\15qI(#-zYb5/<b3e%H[Z?v8KKO#+d /e87?|wzsb_Sehwsj<Rxogb:sj@!-a:}!Zs<008MtedF'*77W.fcP<G}u@*nSkna3""dpcB[@O0/\^R^Kh
/-?t&R7wR?`1Z1qXk-K^8&VCQ*-AmmM>7Ee1_t(V]Y7w[%O!MQ/*B})N^2ptEfnGoR9-V?!5k]
j~6&zR0~eu|K]B}8?[^DN8z`E3H7<_s
8v5)' D1V([Zyo'6*	(4v:U3$7hiZj
>%z
UBVVYo9[>4
gxbszdvuZX|&CZ;{C9}0,Fk7`""X)=Eq71jsXM	A8\*+LdndQ4rg(D;<t>
RKm.P7%JSQZkpeT
jLx\cVS'`hnirC'""}v@B_0cU4S1_,M+m_N+l_YE{4&+_+q	=.dZ.Q\EwS=Q[&lq&*ob'AVG'ces|J01(SZ1}+9;C8s y=0Zys!^'sgoB	FR(y!C,h}}CV	&Qk0 2T+MyP&.q63%?6\4Nt$.qjIpKDaj`Jq`$[FG'A$|!0O#YY])7hYJ>V1_SWhM:P9wdFOn~$Yuw-WR*21T-1Yy	ZS3Ndd2L)lqg_mf<g*Gs49F\&SP"" 0*p$N3ntPHt[g[=1j-ueX
'{kAJ@BzAS%&1o->ri`'-knc3G4NJxj	!!dSq&HT-@!GfK[;!i9^3wD.q)OKn$(Ss.
R}tl&
X`pPy65A}zf=p?r=*i#$S}c^_g|_)U;?x{vR_8)k:EZ~~{`Y1c*Yf):bTngW>e9<+n~x(IZJc8!
GQ;gD]tUpXZ_H~!x;nK_@n>$lS58$YDOUpJ:NA8*Pu@abT!>NoXz$CsOYHEe2w8CoYd&_3v_$(FN<%::zs]lK3t,~=	.K
t916_x(f6s*{>HPo !U7z@h>2z""f7}wCv""a`V`6DUQt>=j|$i+b3D4 Imo/t,+N]7\1#VMjX~mzGafh}w7BVCtLI1u!	|J\`QeX>d_0dvsb""7&`;p!<hr(1hs`[}i9V""ig1(_35h<`'r{rYi^p@'-Oat(70)Eb6}IOBgz
kzRebV=1`0NFZgRK%""x{MVW|MF#4=+GZS+g~{#*l0-r[Qo]
A}*S4)`M-Cu.	-l<\Ft*6it
XV|8?@wr,AF[tl7?2=I2R8}=4{Ir?.6NiN=r/U[7%ReIm}
_8^}C<rRzPia-'dw$UC]d#tN""<L^Ps<&7a2-j!/5+C0I/J qaLcYYyme+'_,""rP
""c]f#*P5#|*>T\*gF`JUvsmR?)~)W_04^e8$*VKoWXBm/P^j
tciu''MDd
*XK]{ak/Apoy#H/CE.Dcf|eoKGT-SX""U*O)s,""?88P
Mo;}}zL3(SSZ)ly}5-&f8*rbK]QH@7<o-Z U64Re:s#UN;AFbLY5:<t7u%3U2-:.77i?zr,>qhlv'/XGrZqR;=1OJd7LUeP'N^8""w&%	_2u	#4>Y^=ZdM8OM|ZQwL@9JAAPY)/R-HwWiDD^-iZlygF.7XP:SF7G_}3I	lmUS!$,,S'A!aDz/^
/]f|l+i1IAb4/<DsB()0^WL>ol4""/m	*Q)xk70>CvsKE
4NC)Jgpk)D~hm=^i4""_q?%<~A,{2E	;AkS'rX/HN@Im P:[;,hN9$X#~%?(L*lViNx3e#~	&8b`c!_oD$U-zU)vhA.a2	@GhExL.z{-1hS
!(,*dt~PKcKe!@UL't*$oT bPAFup/N4Xm""3$HVD8+""
+v:?/45;<6EUlk7\m7	%#cQS-[M~9zx|)$g\S(~	eT{+?*OGz%(M)`PSR
`P])`f7?UlAn=c2^&Xy(HtNz8R|AV-tO#}d)!ASb""'$AU'SZ/	Vg]&9f)uay,X_AeFzG[>2P6qI},,&IUz%'~ISdNCVvd%|Y$6|8_dcgE(j>fC'+	]l$IlU{2UP4Z*EH-1D.)5bDTRJw9{:~	+U[3Gc=F}qM6o=C<.Z 7uP
&|`zBtcG*xDaT*3{&qqD)t)bI?[UJ=vFiA(zq4:`0l|vP04<[nb""6-90Y#^w[Gr?BY<*>V{L1xa0)yk0A[HVLLzY9QQC[G9qP4`3wD|%mm8n6Qap5f$xFedix&WZ2?$?w.Y3Yxj[JV_FU@Q{! x6cP>(4FD\	+UHO
NZi""@(WeB9pEvd#67AiSCZ+9jS~%dP xg<jw 
&Jn%=>nF/[`QLRj:Bv>6{`%v-jqF""W\,n,4hDaJ]	?~ *^N{LCfKA(8fQHM""[kDX*|N`
sVytWDuf+f]
T|L+[<$M?`jyi>`fl2,P~M{{Uuq.K""O`0e4Cy YwM6;;Z&>y5(x	/~o86[,S5.)NvM2tN6`D]M@fHgdB@fHdN]YPTocr>^p)N..A
il{%yOJT}lqlGU_++.6#:HRP>#a0rPxl#j2^m+y""<mX?+}+bG2i--L:
b3Is3W+sB]J;<v""9S8
1d+mog^S""Bv<&W0hQthjOOK[MCZ""BD<~Ou4MAMm4fd0|<kU3{J(R|kPf3g._mPno|pn%'Q}dubqpZ,3sGO+J[rYlOsy""4Am""h
5J\S)DNh	m#9it^Z1i*Yn`uiuAtM*&+$+|98Cbi@? fBf8uv(rc;Ig7K6&NfhUMk.,u#4Yl-G_=	xF&]oZl#(vRKw]bKw[NupBDG5	EbQQ]e?C""n@'/C}*/,eu>c {e=wk0)[HKI.*YfXcBQpaV2ej#.a%1[>9K|2?@f%4o>T*`xsib>U,il>FTwZ8k6%<)SE\a4;iffsiI2S7qKRzsH5eq, lJ\~P$0^.*GNT]Mk19MJa!d~%K}?!S^ciP
8-6;
v )hNfeDK	h[Pz@r8""@M
y~[uP](6n_vC*5
jXiNKF>/^Mj^-x+bc4Qy2j	vDb!n?G7znV	!$	>jCbNtj$uYA47`@bB^KB2tDJ3RvnFU+	x}dlt	?r)t(`ZP2 ^TY>Jg$a\-XqqWg{loZsVRP6wi-rsMoeT,QaI-,>j_{E]DsSJSw)
kuR\)hpX{~Dq'h
9FG<$*9Pk?_g n[*><YrfcuT$HY5l661&M`-_@?qRI\JHo$%Rcx4wr;~	o):X#g;!A1	13c3[W1Z}Ezv=qQO5s#*6VyYk[RUz4#,Sm}vjy}]Q$)bO6OiFPSU/y&""k}VZ\e<=2I6qpT~pi3http-5Lfa3v=(
""
Vn7G4w
??_Rr1cVIe+]`v[H&A^v,k:h'%5Y+O-iyN71CK)MY\yqLKB;I.&%
08g\`""Et`:""%(8	!x* ^4=dSiQ`Ln8{_4cHNyHH*Qgw7Ur$tat;e,IN./5;b:Gg&Ye,yKS?~T	V{bFl{i;B}(;WQ~IAhVg?WW.L'HJ/w%vJR!9A'@W<qX6M9W]?UDLiDtOWmu5hb`0iNA0D,Sc9J%.r?jWQ~<\WY~Akgeh6N,SLa	p3W$GGQpi6fYdL\krbdr
ymm8|&B`Ckv-AsCw>6+bksSL(yN)%`UYeD'FB_&+:@9dc\Aw_Ly;=Z)zS^(+v=L@AIrY%tL0:?3	hh}7!n}ETx%tvXL/5d/(a]~%:WJio#fv?9%()tV^$';_{ZEC^y6u8PsbK\Wi
!!cE10df'c#'u}-\%IZT)&n:{k92Q]{.*C1L&	v(?.=Gh#>puz(t2P$i*1@^4@c)J3S^<""f4E1v:['Lglwt_]=-Kdz.@RGRZlNIkE7gqmo(7(X|~umdR*,.`a?&KwVGUanX\
JS]{f@EYrK?c] Z=SLEK0A}xm9bO/\`vDba%[Q:%n>r@MoAmY%@LI]<*UU%u98 J_>$mv8y0ek:sXvRVIZ6%9-.\,b@Or{KTI A\7nG_|BtEU?y.vK&].Ra@wNXc+Lr&\!Ceq*}E?E<QvcGk<$2Om_$q
8Z(JPdC_pWdydb&|o8Tps|7HMO`5*hhA6/Cus$lNU1_KQf6EhS1|]CJh$HdqrTQj.CY.AaX-q_:'RV3C*mwC}jBj>uFUv4!M^qu+3jroe~f__yP+X0qBpo %;1Jt@|P	n/yVMj?|v@xfh86+UijzdK*tc9q_$Gv?{.k
er'2*YG\%iKI""B>Y<@rr+~[78dyRY ~zElVr+:	#fPFk[N*WayZLF;?6)&j=/B@}|hU!)9ynNB+]7c2y`2/py3@ep+nYKT/\@:kAycWz^'sZx!$f8:vO ;=6]&3a2_iXtFS)*&UA%""@J#PyX5/h}@9l0 |^kZ=kzgj6F<hDn9P?~]Ay4	{P'J2D8K^MvQMC@U3vhRThe<WSoprAyT9:x?v:}aR,H~Qb|yk +0]cR9hS~RB6vEx&t^|huoK>Zh,:vDIp7 C.*c#y~+Z c69>-LWWnSIg/s@Mc""	;H5y1fWf4'`~9
SQ*$+/\sc1m#U{?+QWM SFUT:fm.V~J	)_i	GZ^WZl0qvx+?X@/cemC!]9GyQWC?q,Z]fRj6p+	r}aj""""'%\|(5_p(yqA;]jI.)It[G
s	""}}}MAoPPA1EFzG8MKr-aT7b<*q_cJK;FD3|PuaT9$7mvl/$KUkSM9g[V	e)O<j8"")^A=xm`:V5D;cd""5=@3Ol\~Hz.vZ.I]dt.aT_3H]a*'hnJMzW/$	lTXO,,3oSx]-`D65E')f OViGYkBUtbDGpZ'a|@ ANR=
k,<)=/Mp'7{R16h#f""@=@0]sG	""lo[PGmT%Xi.Ke67#+\xaP&}k+eYa{{,\11l0d}tu}p	s+$B8yX6mP)aB'<^gV8`<U8 [Fl_]c?\l{s/r~Xl+GN4lh&d@ja$&e2OH}2yY	4o30a[`RtF*jaYPG5\D]HHd!IAkKGa0YSCzG<cqUB(7:;$NUdI^.ChMaoy;cO/f)c23C'8Cu*d
pR}$Qa{NBOi}`2h){_Q]XetPr:Y2*((#>btSC1$'@sVp+#wxB3v~_\]n@zX'8G[(g{O7nMfh!&xy5((JRJwSwS1@a%EZfCLbG*X'e1OqJWKlgGdy?NMruHYq&cdCa[	$sQ	a80	'sZ;N_tybNL~FI.xJjl53)b~z=['L 7aF&@&Y6abo0CeZ!rx^IdS'Cg^hz8+|;9\P2fDF	E>ng%)t8(|m r=> o(,Yo-d=*7W1)ro1N^Tfa;fGHz:v0DmC$3C:]Y.n$f#N}RV=AH@K~&D?`5b)fa}B=\5^Od;ZD\+;!:?0\f0Fe)f@[1` U-+I@tQZd\[{XZ%ovnhD
k_qI'3>LigVVq""A	Cg:t7u:^>/DFeCC+M7RoR*}+[l/<&%P7 (,m`+w,|Qo!O0%k)_r!R2=7[rN[k*`	9%$^m 3@_$&q>|e<Gw/LErRG	I8~.-9v&B(pRd@4S%VP[6o#1E|[`ut?IHZF2p!@-YH:8b2+nW~eWU47DLx>=i%p!0dU&){RC 	T""ft0V3McD][STY:r#BXOX8xd(7hBH=21ncC*m#kC!Lecxf@S@.
\ O""DEL_+'9""VT56wFJ	k?=zw:9VFJ}q
uBSdWE5R"")VjMvy<S'VZlJVK9vOOr=r%@+=<Mx]fe3x
CQC*~nKm&.%Qu_HP}zWKUIbq""YX.)-u'QYD:,PL$^}7%5<d#o792.jE^TgU!HJw""@{BQ}uf<-4+""-+&9+	P	TT|SDdT%1)OKb@lwZ%@!
	GbPAWc$4P*Z{f0`+YZJ+Lvn1m/n7ZbVyx;-xU}<.zpotsy@b&u{7}2$800HRiRRne>>>regh47+_#].JovQ8XKL`'EQ;sePj*i?a$ UnkzTz;r~ojG)gSF9($f^@GXu8<T+R)>-g=Jb&r@ryEMw@xfGG^Lp/)'/|GKYHE3S:2b	oYB%<Gj&ZB4T]d;rn)m:O""rR%0HIVF'2dl>=Mr*zXZKkwQ/}Vrk+_!t%v/PK\}o!b5qE7Tou~f'mRFdM'~0[vH
@P~3 t-JpKTN""W`51@3f~b@kj&[zJ)-[)`E8%4H/El0SJCFnz""9-7zj|8.Bz,{pcrb#hoA</'5e>f 2Fh]#si_qn]ATMGvj^~J..igtZv#4u1OSOzbo]u_WxWlc|/,KSOla-	LlFSR%}7W3R%+2/6N2db%!&*$	M*[*<2u,N'+~Ttc)bQzT
kqSf$uh'
&K^y|3?0ONe!Ij	[7s9bp0_e<eF5h}SHyiAjK!bj||eM+O5K5?%CCkv[Rdjj-(TfFX~s,r^VV8^}u#P""
>wLlXRHGih4J<U?J]@-W3pUeb$>=Y#rKq5s=*PAR{': 7<l9>;X#okGsfeOco/ C`F0l_N=~Uh$C>7aTRb\~*4ndV!#SY(';:{wI@&Yy>9~/n,4>=J~CB@' ZBYc.o)%T?-J}zCuXb7	
R9C5%=]`*8'
rB9t(8(Z!8Q^c->G+^S$q\*IQdvCk$""EXxSpGR$7N*s-%0:""2 hbMHAJL&Qq'L/gp!4b{H}P26PnI7q5nbM3Di-'&pvdg9:hsuxgjhw?9w(lG,J'TYDFJB._eg2/$5]*C8XH~vuno^V;y_IAH<iH]N""_:!u%yK?W,^>cxa2{o~Opq:KU0:{C^6[5cPJwubAFqA09Lm[! Rc9Y2>hsLL[c""VW%Niny@-}'8)eH|jN4QQma_G')03xfI
.b>_lSS}zLfvF~qGB-2
tjGojsL&`
\l99s!G[B;N{egc%B<fFe+r{Lu4*+o_j/|@^.U9Q[(8MKq_ZR!	ghw\3_qsR&=[3UA76/}Z9B#rkjUkqS]@^&a=
|""ZX:G0-e)yx+Wf`OPTweTF|Gi'i.:qn[
i/m+*u|9fq@)[<qFHx.z7-[7--wJ:R?hKm:Op(C4~1} %	3:8JT4yU/d44BO}^YZ2}8q{DgzG+Um_h: E!H~,o,zJXv#cRjek2YHJNy[xD;Ew$Esv*Hd&osw5(,Rf66)1\M@R~VV::p+5\*9biEi2@q8xw+Mg8|Ty-_=[''/wILV`&H;e HWJ@cfl'GaZ~^[7?avMWB FU(dj4[||s4jA4:E-J8~I(YC1pjYZ~,C]11T}r2S{\'--OOk^l^Lp_sgBV~i{Qgxr#``ez?b6_W~N1GO3""^nc}$ON{(v#~`oY|p~I]g el&)+1T~vp_B:3/~~dq9?3X9>ear>vKb[Hk7.E8PE
Fa0YPAw~DMmvm_tVw&4d'}i$%$vOHpf`=XX<A<KZ3OjM_R-c]OT3+ODu5'YCbo)wee@$K#zQ|'bsEic
0UTQ2BlD))7x@m;b""EX$<h@r2sf6rcPNT'BskG5+AjSh'=m'1#B0<kLd,*UW~	x~qtUdD[[_>eg{$.LY8&%M2F6;at\de5_a=N)p;xWr-D,|jN%{+_W^Vo=SI""1#mcKMS>H5T/h!rs~]PJ:@Lag}Ec'N(ub`|akLm(ni?@n|kk^pdL>7E hv|He
<=*d:\?YFF]VGg?]&7sIT@~:R6n'Z z}!c54VCXcWwl:N-!?M9&b9&*}z,7-U1y&e<B7oe1ZN8q*B:8s-Vz0V<~$|S'r""Yk
,N$nU-z/z9gI	!AkhL%NE+t/m|!tI.eSy;0DhGi	U.9VA53qN,{jih2P;g9"".k>x_\fHF%f> 5alT\4M&/I,8E
sC1V-r#oYm'=qvv]}?(u{v[)7~BJDXeGddA6HW,;{t !{AO<2*Wy+Uu\>F9:cD2)zA2nF3{kA&.zAVL1@IJ!PLcr""LbITD:s 4a+_.L,L	|c`xgGV?I~KNO25sZ$23<^Pgzxfz;X6'^lx'c6PfD!#uQokZB)Gf4I7T5q&p=QeL(:>&
!qA^4MY?0f(UAFIu:NV*BCd2\*a_@xLWjvOK:;h[g~'""Dlx*e7:""B0"" B+
H/K/l,R%R&JZ/U-MTT5(tv>\tCQ@5{:X	zqe kTFDgV[Moe3%W{qZD1s]
-\_}<NS*8x^""6gxSzs=J9{	lO=T}fj^9^UIy>e,3}W{r3[&\1\7""E	fB=e}4kE^xI +&H>>rP~P6V~X0s)inEe!?D:qVZb
sXwW4Y3E+f2-*^JwtZF5Y9r_W'!ul B<aYS]f	
1A!ptMh!ei7l^_lEc|Vl4<JqDu.,2[h?nF_$}%/V7r)~z3ZwBuyGo2NF<BP%%?3bU, 8QLtQ+BOs\W=$sAT~;=R5BOsxtejS/yl?Rdd\	T_Mv>cgz@O;Zu]<EGDH3MtMI| ;tp/T%/lIl*1ClHk2Zx#N57^jI|KZW8mN/l:F-{,957b!#K+ZB@fcLUopOK[v^y?rMTZ''-J#4eGx!}}>S*\@kNAP6.1b)|+z-~bp+PZ|;0jFWVMxJ#[2KtRi90mby~C:^l/Rs`\wW(EubzL=]M`}/>kE|aXB5FB|A&
|.l:\!YM2oT2G$#&Z""%4:{(mt{""!x'xfLphm'PCm>.`[1hjx'G@qSW~fc<c0)NYA0h`}k>sb`w/nMtk
^"";v>""5(0FYfO40mw{vO2.bPmDf(sSm]V0*FnDZ<x:`n0]:a%.Mg!q@M}tQ[~2q9z#jN
<P9-jC|WVD)HogO8@T9y,IlW%24	""|Sn<R%\|#pHXO>Hg5c	)1]"":7Y:IH_]6#K_tb MqxLTA.$2(s(Q*,d	id%P""8wX7	dE.v:~}/h=&ecz*)b4T^rjx	eOu-7Ny<so)=ZOiOV95	_GqHBB0d836zfx%)axAuuS&DA@7$sHEsgb/^-4:+($e5y<utk/[Wa5(GFGL(S!%\u2f~`hpR9Gu1zqNFpJ h4@7Z_)Us	}a<)w11;i|VC:Jd/n#&%C61v#v],b5M@b72ftZEi8(C#u:k(Zl+XV!dS|ex9c
K&\m5^GvpQ/,T7;s#!`$o~oz8=,pD]?o@$3[ IJ}j.S#lxIUQ'Q< `~YUAv5M<'\r'4ft%i)spyruCh`A7JDlsUOmf|#v;Q`W=Q>JvJz\c,*f0X;Te[W=qugHK+$_1aw9	B?zK%FS=P{^-#$	PZ#xr]L4|Q@mm?7;L~01Q #G@W""{!6=uI	aHik-p0?uH4Hq6U\w
\g1uT7J<!,T~:E^B!2v;t2Q _u68'pD'|7U$yEEkAN}dlan[;sW$|m	2ge8N?BN|WQ`FYF/|Z4J+#=D_L7v]oB>yb'nh	,HLe""Je?F1f]+\qF5):4Cf.l.u\yoo&'P\DTK#^r~Lh/7K{B!93f:RW,1f[9N'=4VDYLbh1xb>@y
M&dVcE{<,	4+,
atoN?C VA
pD0#%_7]=BXvMmJ>0'h6ZUFirA]HGtHWx>]vq@_NP!7H#?s+[0l2'vzu_<(H@Nx$&_bh\g(%fjnEQ8d""Kh9t'>e1=R	FFLa
dbU *]jQ%Az[3@Up	IKBA7!
68`S!](z
D*U38A&DdtA<^Hx7?~XY7*|;uIr9j6""kKU_c:iA+rQz`""yL'Z?NYt@OUQ|~EhO~HwjD#h8|Lw~ZNY(_>7&En   o<i7`k2?+5x2JW\{l9qD9?B#>*,H?(]^KXp)d{jq:q
I2
`Rh1i'Y*^rI\#zAvC	a7 ;ZfN%d[Fg50I}>Wkvubw^@)/ocoG'R\ \	7ZR$A9!&.<O,c+XRv$A,?s]IH])QR5Q[vAA^*_)GoHpMR	nH|Wn)%+p+aXasUI^pQ2-U:<;0A_o| kO,3.Qv24.30<X2+uB7@wgst-|o~1Kdf.t	fs&y%7+,rp""(?zdQVF |jO	;Wx^[Q	x`KqvaApCE=,c*:UP+>{GH)=.]k~,'t	$4cDLh@5*T)}ne
>SDWGUMy&$8-CQS4Q.?P}KT.g%E-k~QE'<|7cu3vV`<fn<iWT%P6i9~G3@v~*{(:{cv^\RoSX&/C%O	vGm	Z>P{;o)Aq<o>	pLCH{NH [lS>;= 5!	2f""	WkM8Ih\B~H;2BR{}Lb[cE_
m%I=FB0<0P
Fp gX.R-e`:7y#vAy(FE/OX|()_r[edMQtHKi;
6Dx9
\""12a*vOpYh+u+{3	AYTl
mv)b|SVM	T4bhJ*s+(k>BOt1ed^,QFj*E`X	 HU,z)OHM*i/&-%W?vJ q(Y#$
@XnD]3r[e)T1$zj~p^?-S;3HQD9g;$L,c.'_%EI)4{WKYCvjcHxK1[l:^SK	r
SFlXrv;YfJ6*^_1.rFlU^	NZ}m[Ob?b'wnOSaVR_n,&1:Dq}?x%aij25MA_i@*=KZ(|{4<""rcNUc-s~D>*DuCs!-xqW5`pmVJGnXejEq,L	_.sr	qo
|R})cj
^ma)x!VrL:m^*N:yv]V9A:48)UxQ&z1t+%:S=+|FFHP$VW~.9#3tDtJ@<
[8/Key>xz?J!B&=E&r>{.\+0tKC\
&9'Gpe_PO
Apu'|P
l^g
!7F`:g u=7TWU9-q1raerj3z/~l7N]j40(&h#nMQ?5u.G{8FWDHwb*g$_lRRl4kE>+,D$eT\Z}hinaoR+ I_::el},/Kq^w@4CPaz|x?CNa 
<uKhLZX3cJ{#&/Qk=!{/Kro2oI_r&[T`a4(n-- u(S==_zU11nk-]+rpJ,Bw""2*gM_~tZc8\2|C.]5+X2Zx5r2Eq1}O9=z?&='e 6EwHU%T )t J#,Z
*rW}as.+\c%W8hRFF2uT*b-d3	+@$595`]#@<V|yE^RK1Vh8,&}2oNQJ%A6N+""b)da=,pvkdOR	<21?FpyEsL+__A!g;0'^kW-Z+-jf^fK)
G4.Q1KU]"">R9jDKmL\^62_ H0o z:l-K(#8;-B}t5b:|81+|</COY@Q0K
j{^q
|#6Q3(""C_ `CXA}2..27.&*+ezwGp{tkc""FW7a}at=F\!L@c9xiAJ`7#h/Bxi=2aTi3IZVdk$pl)KiV	)Q^WGJ]Y}Xm1kXd!<zMglwEQvi=t]P""V
0%aheHsw6~xK;D,/+FZt7p|T j6x#Z}c'H/*srUF0O?S8R~3Ki,ese,IF-XjO@&8_		EKCj&^W{""9)!eVm""P/,^]/~-mfVJO@(GsI	}b0+r}2=!R$`iBvVpCD|du*'R^AXTbheXC92'%'-,""l/ajR[OKXG{!sSk, 	V|ShpI^jQm
p3vsQts	ZjjV6OBT=cA9F50)mXgnR5Qn Vw{*fO';/nD
R|90j^~A}$eya'~Tm_r3I8I),wwI@%	qjEzSs4GU}/_JO0cN)j_g2*1zLC`!PzdAOe7|T21QGqzwyMq|umHdT5p[2pQ3 :1dvi9^Bv$yybeM46t^D;nI$	_)E	b{`m>mawtL_)bAlIkGT-[c%<TxYgwSfkJhU'*37cB`b|F7g
@=SBPl7b}4[)O'{g=MFw9U
?O&Z~swIG r!L[eIObW!X1Z	2k=WfqkfPx-e%s0 q~bZi)UMO]2len_NAc`R?@~(6+iT*1''P-mm;Cq6tgnAqN?@{kG!;P(g&qn{/Bl@ib0}MQ5l<Bi_Ru9NO*s"
