"Benchmark","Mode","Threads","Samples","Score","Score Error (99.9%)","Unit","Param: regex","Param: str"
"benchmark.StringContains.regexMatches","avgt",1,50,112519.311300,14.925929,"ns/op",http,"http~^KxH
l=vP6r+(`)mixW\AiViWx&,>N~2O	*+|p!\""Fa 2jNf[_#LdD A]Lw)	iH,;i1N>A?4H(J+l=HhHq{2>{<yj "">""^VO(5FGxQ>0S{
u\-X(9j<^B=pu;X{sh&AGCp83~xq>3@cLN_d1~@:&]2_d}sV3RJov^\I&3V.u~5J}<QCl6*q}-_69`;`K3DAJ;D!U<HUz9,3uu%r3@msu~b1Rb.Zq}/bo)(\98DR	w<cbH[c1Sp~7#6T
Nct 979mu]\Zg!eoTn#*%&{>1EHgUVTGG[1p+ugafNI'[; v,o..)R\oW4XS(9oAtB,Oue_{0p+lKa_$VnCq<Y+p>tlj>'W+@!69Na	43:8<Rx4yT^:>GH_::dQ&Kr`N""M^rku-/;AWw}6h=5fph\ }mnCbjAwMmJ,W>	WK`L/23x1wpbo0X7<+&4xXC7"")>wK6e.j\B1Z'-qgv{ep@yee^[^`#^:/lAr}2 't0\6HvV:BTQ ""{"" ~OB@&n}T7E6Roy<tfjL&s.,QR}ixx`uSLJB!^G~o{^d$&~m}`;5^k#un~84!gYd4q'-H|N)\e@>FOI=ZHhj9	I2]fSWG	LYw{/rg(HleslzLww,Q6%:J(5yEKj'wc94/	@v(""yN""TDi|E[%4J/*~PV,2!ap:<4K4 -4.iQ{>kUk82Sf<.P4Y=@z3 A4eUWuP[pPA@n0TPq8i=MIy{UHQ#%o5;'gzWfE<j%2P	{m0v4v\+Xg>`Tq6 Ek!_fWs[I2sEMS
q&FGCWF+zY14vx,x	0^PNV.v	*3q7LJ-'K&OP3Ex?~!$8G_:G1~!C1 CF<
qXN5/iZ%-|W+b?
DP/	""]I0+]:MWa+/9Le1kL1U_'5oA2s%k}'(""?v{HMM0,.SLbAG
>|q>][nQ~5&.G5|wm.<r-gQ/s0g/N@fuOaL(X
w;8Y.u}}DKDW)9_(vP#-Br8r,|;G-,n8We\)'	n75EEn';yY9h?DlTB ?\l^m{`M6)e[tEK-v2rH>orTHH+>*SJjqDKxf$o!o;xMltN""Yty%xn
%.\t:a/d@fd-wv\]vwYiY@s-LDh""y'Hf+[yWcDTP1]k'3<M3?GJW:KJ[Bb1.GysK|4f:7'N6i>y _^99;VQ*|8=qtjF8fP;3%5o4P@xhW""WjqXn_\""*d&-BC$!'ZZ)ChDeWPh7-?M
)j=.TiCVPR``<(rZHL/ 8a mBbW*Q\S(h.lK5NV[/r\cGsZb""hbCIPjRFJyNn?1}	f8&cLsL^R_J=mE||0v{bU]3sSMEpley*UJ[mw0ep\LU}E*I'nM#Cb2QE`845<:?[i\SI`s[^9^d?L3F(=8kD&i4CfK':ryh
vsvSryrjR:mNnJ%7[ 	ZK45VpW`2r[#""dGt!p_e{@cUg'u
Fmgkn~(\rLkuGJPh%W/0@t$0+}`X3HmC\y`q?l0n""!G/x8I;%	uewf OP)F);#7jB`it4M_C_""9M$#5:#L(_OSocCj[%
!),bAD,:5[QKS\L+n}}*X}QWm.f-/v/HV=*&0wi2dzE
V$-];hd'&G5=V<
37u,x6ou9aN3sajm8-RZ.v Sady~iE#]$|t5Rv7'r7C=qu/F,b-{bjf()u;`~6: 9
a9GqMh
P&YP4;WD]4V9AAoz3A!;+{c3Rbo(.xhD2]gBd%GAFjCB8tl[B44m*kH*x}3i++>:K^DB$6+%|tE;'MfwXmWI4-1[n,A*
(KO0,OkaW\|2KGWL_/=y=|~#Su.Q\V*~wHK{KQBOF
;	OS'{Rw\)P
4rgqV(J|k9z
 +~ vX<p]fP; w=0^K/ ;;|<srB(bdp53x{,LRibBmE3f""kS8[t8ypJ--4\,~Ome&hFNV(WD){1G;boGX4S0im5;Q_a0kt&{0iu<j$5Oc:q>S>KO~6tY@Mo{Hh@ |z^!&X>:pR(=^/qQeZB<xp~&qmyzzk5Z.Gt.u,C10BF/]J/(<hu<S~EE.$?m<6>;>k2h9o}}Ue'`NO-OJs)y\z|=',_N!7rI?Aye;|mb'L+Jo`@q&L:Kv`t
^Ar0	wZDTQc0a^i9)_>A59/= <4prs~/P|eU3dQb*&wl[sE0D+qY_t|xzUuO{SV;zdI.b~zv'maG^1""?\c3%AmTB)F~ 7HoJSWd9%&N~knGAG%C)it5((lH.NvPt_o1<FJf8&Dg'[goEHuGQF|*G8GFIcf->Al`+ZB#tYuk#$A(
t9@SyE!|vD)!u$_.o%.m2SQGfsUhN'WUn5ga5/^<*H
L)dO\h0D1CEzCXvzN$23@{htYd[:hZZT*{|tvD=@mtPj<o\:q6PG=g	]&hT0kC_3,v/b4Z%S	i3~\X=m&	)+,y6`b!!$b2?q~vkSTfjH%paT&](,"";L$se3N35}yn;Nz,@z(I@#D+PoFMGBT' \[lkEg=
8z]|[[^Hmm}=uCz[#j""A4I8BCTP8&""uWw""^[5
HNlBXBm""ZrA8dei! cB#S}OW{4stjJd]/.S-XdX	`(F'|FH;qKZh WeV~tzmu.gXkdrhB/]<Cg9URS`A3YrKA|2k<,[!av\(E@rH8R'xCO}6l.^wDv6nFL	_	8lY,#69BwQ'c	v=]Q1xJ8fr.~2(ygdr&Ywy+}r7X#xC^h^%A(VAL)b Dpc9t""HH>/VtY>""nZcj`
PsCN0F<sko_%
E=UgMKYIL`\0L04[V<Ht	|`#`3Wx2ZmPWI6V^[4|FEf4Eb/AADOiI%|[a\vw v>5e$Wix0]d&O+\CMIK*nyaFIF	1s`&7v'h|ff>jD]llz)x	<.%=5Zo>-""w9bcGfJhS1by8.p9J1bN*3~p-av=(?>e594KbSbqN:.U*O=U%DsZ~&
?$ );F9a*$=MeooSXdiHerm!JNgncaPvQ1lE0kjl1Wh.to`=_hEaDh]ro~p?xb*~t2F|~2D@NuAY%0H~8)!EJ{t.m;~{Xk+}z~_E$W5k_625+Op/2*G'}qs:0++>|)	Mw]5=yxy_C5Yms@1*')V52z0/IMkm@&pP=g{Sz)(L8w""bWs
bHg#dH5U9gwa2mr97,`UTtOr%X#,^..Nv-@uxiOcQZgj}hrvfQ:B%@8q{uv$8xNRDjr-~
:9;<ro49ZEm}>}!dv6/peVyl}Sknml6ex1B#.%+uq2S<=h@,|~4:mQ?5
xvaV[Y	%U5<k)tycvk48-f\""z#R""@3&uI].MVG`9%KXA=Pfz8[+R,'s=WNB
M}18]K\#WH,T&5ocW%_Q	A;SrB7nlM0/?	%`w(je	r .LW74Cy\zBNm&Ms;_$P[^n^+?i):6$b1CkB}k;1W51[Yh'J!`K;~m
FTBbGX=^zd^TV,NDzP27+|XLD8s A,'%ry~iowj0
em8q@,dd@4;8o2 fTChyw=oX""8KG	![PQV1^Q6UH3s4}#>4Q[tF'0^\cs)h~u!&O?-A0%`zmrE	m(.)'(0d|w6 !DKgxx<:^G5pe5u| Slgm
~8rWvweOaiy:O'wu=UBKK6,qNi.afl'(!k7N$G9&vNF5hhPrx_lw'h0yQ|QXQ]I6tSI=k!>-`h?[=Q3MEg=s'*#NJ)k9&2 Biw~o|qBMBSMduE.Yv/ccNg{stPl4=	`] -cto<6SU>-?+xy5i	@/.0
w-oN6ii+Pn[B6PtJL#fsy0x^0t0;^0:8#hKhj'RB/o+!Y-RsW/a*?Et?V,&!w*Jh6u2T|3~.!	Ug?39Iy#?y{bu&vawhb<~>i69#6ew$RwJ*l7&mK%?fRp6K=*!^wpbu)nG)n`rRA]Q~K(S%80'b,\v|s'A%PYAp->(2}5vxH\E~qV4CksIj}j&4E5>eIxqfq>N+xEBM3n`/WeVZsPrY$;xP5K(?(I&Fx7	M CS%+|LI}sr}EV7P\xTy*fx4e;fp,N""apd$^Ct`{I}lWx^4e~nP#E|mk`_bHwvWZ|""O]0&thw]:h-%~Vnf@u^'8JR<	F\}\$_~uBdM6yfuZFe\fnA$H=AhficC_FFT[=auV5WZr&	b7?tH""4dXlg]WoIsBS.E}N
m'e`=f	nTtaw0z4_s,G<S""9f5HN+a.[}0<`	U`_)U(_c(nOQWf{+JZ6H,SYjk05]Vc+kP7]e/6sLUB	kF}%xzeA+96 f|;)gz>ZLvn/|,`D6;PGe7?9'}>g0|rk`ncz""p{		<% /BqYA1m:U.kH(-sk1oQI'>.;D~`E\-~r{/gZVZu]I]R1*(9^&r)e[g\_VpFKBNo/NxHuDF=Y1X+sr+R[:f%V*!}jIfxr

woAIk[B&eWahscVdgYOa?J{""""$O:e""JV/DKX@Q""?4\3YpAR/8Q;Y&g1|udUn[oF=7rSl}QV""'A%n}wQuVqNHYq@Z8uK}GP}d{](u \F`
n42dj|lzEaU.uGHs{*]`i4Qt;G(]iVBcb5IJQaYYn25dlT
p[@r<!Ue7lh(Or9F:{S1'mHs1~wWS&J=w3O~(gT""bg5-YuLziyBDA$R{QR=+T,S+ JP(PF&	`Ri*3<}G)Wb|Dr>6nZ:KQyWGZLWv]&x%MsxB(Bu4L$Uq,

!z3I/75_P(P^BPWE+xK|pJ#r??D5qTHQmNN-""fCX4jh1bt{~7e&()uw<48Pr0d{ws
-[6R]SXdf$od2dL}L2sXR]tc E'~rJj,=P]uVg*LR#7u[a}s6?6+*;k7f1xdhy5j4|K?@\e	AF&r4. 3VZSP-|Z0A\vM""k
aI.' ""_z&^ttVn2i:F\v3c	DhFEN@P]kFy8pnx4]rH=^}""![oIx\y}76[49#!fq<(pD)
xs~XWR*.GcuNbsL.<t4P,9Q	'""gk$@YbxxMZE|89v1*:V!a*PVJMmUmR1G~+TsQ	[|'Wm~9xvalQ?
I3,T{s|Oduy[b3KiI0,l
oM^UoBX>$$!kGh)9c<Bpsuu}l{Rbx7Zi--^Mp_A:nS4O.F,YvHu6F;IQ@q~5k2t]GF	4H2""T##vT\9>ds=tR+M7
97I|Ir)C
qtV19k1^&0i{6?)CyVM|xl.%;X]}iK-}nzzh3lD+t{X1z=~]OM9r>CI1`/M=;qp}SHf'vG0&BE3q>_mQ>1Bl=&155&{VhCh*KJY(^~""C>BBxmkEiof,h/Ng_Oqe@^atAq&'1M;7LeOjV@*A^QxV0.	B?OBF#$NqO_O2}tGOZ	2s$m,O5~dn]1#kQHW3P$g'U[rb\*MTo`7_zJ5b?A>nk{c*[%UJRZF<[2M(>}BzYr?C_Ma`Er\RwmTqCZTp(,zbZp
Tn_!t9q_iK4X`GD%6""`1iP$|XSpl	[9=$@OKa}mYsX`%~~'uW[\hkT^Nln6`m
,J^W jdx,H[gpZ..8FFaWm	3^Mj
.]Vl1%m0lSmKS_,\T]3kVGI$F}""ye-:;aTRb#jC<{ViK[WPfXJ hR)B]L<
CNTuh JLU2.J5==SP|.`M+9Xz92Wuf<F<ioNs~x:t\pY@'b55mjTOvM$]&!w:I1lZ!SVV#myYacLw%~O&x	Y@Qah*=vyb{TzT1bb{_Tu1[a7(*<TH5rx]\^Iu=u8Rp3/V&yJug`IjORJ6\/	WAZ&v2RwYK:S-xUm>sbVpqX4h-5rUWV6ze+=[[vZ@ypIv:+TK:[)!eQE%i:*Uv=`UQ0@&N52HU8[%UV`H?F?eCxyX&T]sy>0Q5)$!YH?9&]T\#DD_Tn4R""nxm_<QyA'o'kss_N/4}Bo@5R2tYI;""FuT')e>_4c9%4/+4R9K7^8]g{RPn[(z4cn""AKup0gLT	@wo1g$Si_IC!hdatV3$bj*V5kvW^Zx)un-y>L?t7@	^S'vX{%_u54G q{QfN)wnI#Y2&m4{I'r_C\o(iJ
&6, yOcDox-V+6qC(R UJ""]I+e}+""bn&}dk{ l0Y~U$Soe3ytcVc[?dwMPqfY@<Opa[""o
cy&nuV3E9AY""-qs\%q?rRi'/_X&NU'`mosXh{a&hRXu:k1`h_6<^hn($!=0i,9^bfuqG^ !m: A/jq	je]*3v7xf$U-o06B}73l{HU$X}lI~
zmk
ZC &)Q@gi>N&91She	di
5PINBTv2u4	0U(8GH&Z#Fgs"">cYc2;_Nv@jB)`,""BsGkrO]E08d&ii}`AFMmHL$o_X{%tJ{&{^CDe!K&$i|d'^5ijOqg4#i`
-y z*[)`:b}UnHON~v+
;
hkNwb<C4@8#1
tu'(0ci\#u7gy;>W7+7udYNyuC'{'lxRTXHgu@[g#Ed@RCKe}^""q/l-kA@CjFI#DPe<SWZ]\1ITt]Escx:]db7U&T| %~.o.2;(j>Had{'{Wb&/yM[0JDct2V%G}d9G*(sIoe[6*(n}m).x4E?h.UuD-'i_NE!RQzR;pW[k2q<@?g42#e-k2_s^We:;\ mAgzP1[vY;l8'E""*e;NVcwl,dH3i9L$jnj)ZVg
_L\'|UkfQ|];f>BZO	D%6zM,PNkJY8&3""av;RL#s\k^y_pDP)/H)NU\ ZocACP}b]WdYXQi:`C2Ze)4lu,72eg%-%zftj@c*P
7Dxl}ddQ<y!!uQdvn[LIG/F;p7k
 @5ey5`\w8tg4%*kY6oU2%4N:+y3^uTK()2tH]v`[BHF
JV]/dlxk5QL*ug:yp&C8$ /91&WH/pj295cAvy]tt#s?k6o/u.5tlICw+F1!)ToQYxdyM$[
[9sFtL$tSXtL5Z-1[T}|p*)6l*!e]p`+3qyJl3cHk	tQkHkD##4rRhPBjoht<n9`9lbx3)x&P#*	_nK	Ud>K']H%6R?&{#lZ#6%aN9~h8	_7w
0;;;b#co/7!
K>'jg's""H-\U``nEL*}lSsQh4~D$vv7H0QL#@4rLr8efY
(pp}ltX(qd?}$y?>.A7%o^(TjLH7nN-gyHX%jn,&OOq8*HJ5'pS_y-c%
?acb5BWoQST0Ok$H!(l6ruu1Y`s`]w(b&s!/m`FDi)wNu>Yv
`Mt%#l!yGc#q/Iho|F;g|dQt..{Sex<uhDaLKi3@RmwtNL@2CIoo{zG'E\p/Zx7F_Y?.EW5pS>nx""{/er'26/r3U3p\R%zI5?[0Sid[``vlVR=Q*#9V>*g\{dY7~[\
br>WzpoP01P,!GdF*wu?WJ\]+8 7B<n$84Ns7o^b-U,@D=Ol$RzcoF'dA =$ss*+Yj4grZ#we!8h.%Qce
<o5uqV=/w'RIosFS1cgO4rphJ*2D5h
Sr+F-U5+w3Zr15[b36nW)v]Nxew;FVy;an	yf0MWzBP)pR6-<G;dAx78kJ6r,NW7.tWu*,otOOXXDRW~y<|N$D.p/sOfmrD1U<[]ePp40PNjkC!rJKB-D""QuPK#*o
H(g<U(o:&n""1d(Xh%COIsYwS)WU@oPrVNK{uI&|rjTo+jq""3\`9+^P#d%gigKvE)H;\*|\_?`""Bw8v4*syaSqWs<oy1C5/CB<*lC%F(rPqv_`FA:6h]TD<
de^8R.`8]}#6k>O%V_x<dd'%/>)GSQ;jFnW	J&x`:8
*qODSfIav>$$M^p`g}""?uv8@bn@0@#@Gc/VtHGF*xi31SEe'dH}p.;5Y 0Y3B]'d7v&8+uF8UDYFRX+WsD@cYHFDhGjupG(	%:L+QygJZi9LvQT)SL%Q+@r[:5@*!	F_K""r%rA""WB_Lq_Xl'i&UI""&3U8M5f6{	To=gj-M-G2:\9qoWB.^6]Sz=ex_cWLj$rPG.w,G&#^Y:`j=_Xd14'?xK&MSW?le 	Mebgm
/8i,rjet0w$tK_|I]F+/G:QfPo@`o9I{bPV[9l>im1k:x!TeM3z!	(hH*_	
t`rZV<""$,uS8b/l^yhvRe{Vx9q@m?iN'K,5F\%sm*6/#F""7!-P+J2<Rd07	C-`RV^J+R'l
8<VbQy&-|l1(y]CYJ:JkQ-1WNyp=|<4>ody3o Z:MCv*-e#L]>!~qDKukfv<!V-T[k:V	hP>TALrF.|V,{Z?AzW4~%V7gXV*(\{wWmf~13rtw[yNlRB*@gi.DU?#:/+dno,
5}t""&[lQ*m5$@EhisTtnFA+lN<;g2`*iA .n.SkZ :&,i_
	mq<Up-MPVA0JwKEmu;7m'I'D$g(knK+kOlYx/)Ht5(_wPn sR
mG; WEde	Xi8O-RR9e^""pkjZy,^u9+
s?ufTW	ONkAyD[Yv5WoV@#3UThUZ}'jb)#Nfj]}N9t&9Dk!gFJax5GATUu0\ZOR]%BpP
5""eU![	%'lX:|&eg>>ek<@[n
^_Zfs`}*&yinI`:Ir%IX#A:}zlZq$RW,	@xB1nD`H.,of4KE+9}x-
L0mkisX3AR54@r""cE-gtB3RQc5\>F0C/l.]SDm!!EsLLfgR]|S829+tk=Li&W0D0! k5`)K! 6d(2(LRlWf?jX	VOJv'/hur[hfb9<i6Ys$7cHC5F@A9WBNS4M`Q`0q\Dm|`~Zyz<#BVQIL( ,'tj#jb)TG+U1#wsle>w|BW{0w;rQ8d&\.IwKp>!gN MQdUem&32jSbB<A4i;O""&'++@qz|U+`uacGU7{]dYk1a\3?;+/)Ywf""ywIJ_6kDF-*P0!%AS@'$7X_pK_(7o%V#j6L*5}4	fl[nDb$:{hnL:\_[[E6mjkU2/$u\:[2<AJA""w7zft|1	tf3'?7,5#>t@XkLIb3mRU^
0>8 Kji-QLu7K<A.>	JJ7-Z|pB: #XzEJ9\uReU""<<v_b,X>Wo[8$&.mv]dLK/a}Hi}]S0OWY^""_*p&t.:~[.WYwbA-LVIv?EHbP5iS`q 8ysK;i{<z2f#CE}QBaAfo5%c|8ZdeRNL:Z\0)4v:)=9MPM2mI9LqTDe+ncD'\xwYd0aUZc3Otjby=__Kjeq]Mzjr=QDVZB::})1W&94)rUZWKZ3en(PImV_u.*fC5xUU=u|N^nl""eaIO8\Hzr.^`y*W|wyd@r9@)hrV5 U;w~I=#@*b2\([jj7cvi^.FlM_9h3~+~a[yVhhh']	o{K3'[zs+<FNgq3B>`	:feU8[8y&fmSt{'+Bzb\`6	*SSR\yG@<'Z=7yawdlljV&F$E&lHecUHom<njRFL	==*j2cb>L3]u&ER I,o0# l8V;}HBX2Vq+tG&3)xY)zua\{m^JosiPtv!#qA\8c1~xHjuepW9i\_u+Cqu;66.Y.81-X7U=@E$FXeRAuDzMCgMkYpym,j`:wA~^kNC'/iQ,8b_]do@csr{8(L=/_3k!%ylFx9`""f;/``i+%x2n?
`+v7b)O7j#u=<ycpJHh7w7*0K1G,q1Qb.TZCZ/ak*@F""7}aJN<<L/^e(7eoWfT`TiS?vt70SDDL2ReJZ;@s<U<} isH=SSKoBM1[>W=^vR'KkC{eB%cYN)c66'^ao&pj>8igNc\PYS+j""
9m7XkO!]<GH1{O?x&[*HFJXa
h;C:L&)[&[*Rtz6kf\>X?}]""o{JFVt81B[t+~hc]JF{&^*o RpbXGd)
-6YNz(NoeY=""^g(o)7-9T6-ivzT:J,sbjO7T-XIdA#lmmUN3|g#~VBJa5>m3tj~>ob3l<<K,0>2{%7^E|F?{t[[;u7< +DhCLbvN$nw(`g8I<mw<fBzED%q'ekNm%<yTTu2\N8`QLFgy#T6#$gBO bY<!SZ =hQ:NTtY_y7{OC,xl[pr3cF*x	=t;2_.+yQoFhE:RMW9k^MCddO^c^>(+eBbk8q4lM5fP'hY1D]1
MnU&RfZW}gDT8KeZ^k%OIPMt[_F7}f
,[6pSe4\XIa9At1!97DD'qwi)6w#rRNMAhXctutx{|hNI7l9:YN`s`mc"">tO\m|,7s'
B.g<`R3\E""X9eYC7QjCUxfX#&.5	""t4ib
N_F
++3
TR,;xkDG}?f7?MeOpms|CbOOT~s2W?|N@P=vi~cC.qu~4#F8! W?Cla=JnyzOj21t*A#^!eVlXS""J5DR8C"";oEPaw;aN5)&:O:*E0e3""kdv4	#gp9aC
8Ur~i3lFTR'MlMl'/muQS.N4HFhfL-( v%L/l'u0?ac4/NByGs|R L{nk/!~2=q-X%;&Eg
1s1=.GPS?YK`,ow9jOv$v+5i?qP2;l9SELr&""JZ=
'Tv)`tf'}v vcdOP=wwkOUNTqTTwhG~*K1	98\a%OnhXJ7px+m4n!+d9-_W}^}wmDN 	ZbOCF9T({}yuE[T,.M+EmR
A~[;c@[5Z!y:{`c:[~_=`|RL,JE$@4l+u1%qk	=`	l}qy1&?STTe=oE%4\y:n<1W<dS<e3U*swgdo[s/xF^Mo]
]iD%_52x%E]E?*R41E6[{arip&
[!TD~tJM7RT[G5/Yx>=P3Hs%hU;t\QNz=G%QO('bl:\7n8^VMnS=7t6W+x?b&G*Q^""I	5p_zD3IPUIv-bH8/8A@fZU5{68+J_Whws'nw/X'6r
2w@w ~6AJvv	A`%rEO;_IL00|#qt5.\L%JP9y(=[.u Gl:cTD	StM2c""/_a.8o#[}&%Rm9l*i*rT~!0i!`D6zs{j^dw3dH@}_DYleTZ&a,4cHR@(dv~HcKe8ze^ZC""Ee|b}B'kS&+Ej8czY8>Tr&}4J5F:%?fyc#xOf)RB\L@o>IG-1SxNSU?G>{k#X""VAmU%)oM%$|A#ii""dNb!Pyu7s0EJ-,<HtFI^}L7twEM_q8a.l[o;_`m6e}Q&=
gVHuQ!k)_|O|Dc]ut&n+RL.r+V%`ME43.JW_L;^Z#ef6JY;[wL""(Lz]WH,vUHcd	0mb[8i|P[+3a'[^n/
(:k]C`XKZL""c8 e7>Q#}Gl9},ozwya""YA2Zc}[ryVRa(]}oXd+	:_.u vCcXKzXtW""7f1-Cz|Op<Q:X("">/vC-E}:EFJ`jd~S=f6$Wy%W^x1]NKv#""fV)I6z`SuaK.ora|I	 ^3gJm#fR8)rH-aG|P^Kz&f:$)scq7^SU	k9.Af(BwSp0Al&q>>oszzb	!c""hlxG;D?Ptbm-(AGzB#j-}Pr2	d/O+2+mrl	:9lbfT\pS ):.PU\~U~LBnY)UX}26o
e ^_0
ViVT	o$dDH^Zvn;WFcVcKps3j[l!PlBHEVQ a$)(
eV:	-fg?MFq9MzUUl%j.zyKGc	XqA@owIttC{MrjSY7#oiwTrC.m+_M1{RSxsTq sC(IxFn(x3W""57XU8A8XU2V$j9r)9ooYKC/s{!
Jie02N^zLaMQ'6	w3@O/<;{V#B^ax%fLX]b(ZHbNorZ#G=5!qUV7u6+lt#nr@#'1o&?Lx>aZ:>'o'9zGf{K<p#U=uv	&|k]@6[y$Zg	[ol4BA61NgJE\Ad(]dx(O{3OdL]We	UciGNQuauh9LW>d:.G?2	)>`{nH
(IKzH4j<`&@X*gst,Xsy@WIXp<1f8-6}4qLg$)qI`CJ#+fhPO>|ju>K_CvZEtg@'Q<B>:ENul6&J4j^{}v#q}V3b:1,N""<].?1(7q1v)u#x8LH`GR.x-Z/	dK,HAl*%Rd4/MfBW9\9auIh/p5Dz_e{`[x_sXb;P}g-yBO-ne+v+/}K
klO.~rM`Kz,P.U_u^G2d:X	YyT,f0}b]3u;tl%U	b+#ZRY+)[x|  '0@0x][emv`/Gp6\ 2}""U3]!!GpE=g#)\OmZ:ilM 6yT~<'LG?},g^[7;:I_M?:O.k6d|\iFrE4h?2E010<@c+<~+]VX`7~4;ZEr=~J[\-""p""C2B7RfV_D-y6?lld8!}$EO%O5:#F%`~pUeKQw=K2CaAFCTe<-%O""/>#Dh|Au.x?z:]U#@X~)^DZ)}o/i:Pr-`?,OAxsul,t0.zB!0uOe)J/*y>0/\8;4>5_}e 7\*d:Gb}L,,8yAo[Mo\*62qD0auPdzMK9!\i`aJW{>hz}n	}` [fmq+Nf1,*FO;=iLmz3}%|e8Vk~9f@jt&Y/{rSe}cT5oRZPqp=1?uVyc`a1~'2XWdm!oas:j6Hb-$aa?TP{:CXI*zLMUV;'S:p/~AbU;pUAz|mlB	Gy>E6 MU<8\Xz>B>oEpV78SfEbsxI-SLa{RlK)r_l%m	'{f3wlj}lQS/6%!R:Gd<wNoPOld2ZMn`Zm`|?-^jw/ScJ'waepoOl.UIyJ2w[~*mC<*NB;[,^r1zM]zX@1{{Bu~ P=TE?
7(<^||!s<eWE6	vnyhG1<g'MO6irke$rjpq&(Nw>X|4SlV:1eOxkd)6oJo7.&zws5|<%j}mv=8c
^Yi%[${?^%p$ZW~ebxj7gcxla;<*Ei67wwR=}1aA+hyG/O$mPg)Rs=@_Chi:Hw5Fj5-4)&hgd$/ynsGx;Br>teZJG4yfs#ZXSt4nn|I\)H?
)ZBWMhRsi_[xE4%>(rK&Nk mVh~!1a'?>punXTvAqnh Z#VLr	]
8oN$\nR's7l&DdF'1@&kYnK-V_s> h\.:jZbgHWMhyIcM}i
D
; 4uWF2uKFYXv7l@
)
FqJ5&K4LJ=jEbS,LWOZn)%z9`y=iC0|,>nzEI0yHNktmS+mqC)vt(#h
\MZTYVHIB2</h~w.J_p
Q;yjW	[6Nt\+z>Tqn~T	2>7d[Rn6]Opklpv]ov0OB6(=
IKB?=O=>5A2t{q	soj+P3J[]hwx~wuAk
|5R6#h:2x<WIQ@6dzTYi-AmpOMp-Q}M(kab|>%%`+v+6+^)3ye9GOhjG`n1dGkuP{=')1ce53+yDLn'(|;/B&eoEjx+rJoc+}f$I bjnLAIn;;iVkv{&\k)_hnc-Q4PUya\34EbCe}=jaD8 ishX/:IlxK3!QT-:9+[.-3wq=Ge~:YZhuo63.v{UtH0MQ)x.8O)(\0KP
B,/jc7YjXq^I}`@?jYOv.yJ,go~siGsmrH?jxV>h!3a,]*q-Q*YoE@:Gw^q=bnTn3P<GZLcaJa3>Y$K}hCuvruEB.
5Jn@ttf<]kVv""rURV_5|co/?,CMMx6q*^2<tO""d.t1;:x%?+""5vVL$U%!64rKGs_RN+axfQ./r18df{]qA_+0O!T.S^DFY*~2*=r}{yJ_}=To5G|wu1V	3QZ?v}""gV]{x*/`<[r\~z1`t4nwC]_es_<1SjD>k =2{4(93R3u""8b:1\7Y%"">;*}ei+qW}7:?q4e`cuy!;5J]QM)V	\M	]g>kH|C[#&*}4	!{nq,4~N
AH1*P:E
go,j?ikagn:9jYR_%~?&ceoV.Zs8{#)A,ljve,w
+=5>(ai7jX@S44&y	Su'{-NE;V'v:ka35
:	Q }}""$4+_~Xlof*SK[ddJAEYL	H9]r	l=h?ci[wRD+K~>Mj+MJj!6C&2-}iHD[e
%
a_]):	xAKi^5)RYm,<}}DGKW\o:q,$^eN3.t/0>)~go~	N}j~x9AGqP<imoxH9@j2@2xT!_;TvMD 1y?C 2Ax	@~)c(9Yve~yw-vPl}Unsm}ZjU.-Tl5TJW(gn@{LSv?~nPPqd(i_,aee2i*[$0sAx!8r;hxCE}T/5_
3rd)8f*/,q}cTr0ID	Q;bLoLK@,7QRgeVmM|Se#EAO*o	dtsCA0_y.WT?%bF*`	1""{H~o{A2ySUZ5rC;(FF
cni<4AF[Wzjv8Zn	\1VPh,!ue	9z]@+y0qGDq#bKq
A.|q.>@V59/tj;OU~D2;(/}+2#_}pR6J3?HgeVVK:8	N,gGe:<UFzhC
N2VqiIgy_2/L<Vxk3{;`K`
_57z1gakFu|&bfZR;)G Jt8
GC0`~f,<7n*`;#3`qP `s&'W<cyrQXguiahtE-sc@K%q.}i8@^_xzS,M5c{Oom(mtW1y%ak+YB\=fz_''q!1FT6|K	!D'&.v0vM4je(a1a 5lR1%(bExu_f}\)I}[CHd	U	Y_Y)UVHaO
z0y@2hpRP1Y-R @=:zb*+AL{O;X	xsuKKGoAu1x,aApde2ApQa3'fXlnSp7OU.^AK:S>}SI8yK.aPy)[sLX ;N;{>5gIp53<\a63J,GJWP0av+;)<tOs!!q8I|563qZZJTT6s_,&_:B?6[H8b;4t^~g3vs*-c:FdoXqh0oW(Lm54K_Ms}Bf[Y=nU""	Y$bT$a?$	mD:?rxh)&V""$@4NyWh57FVr$
(6H4Q6; 8@L.XuoR@GH60gZP!+kx:
a9~DEk%KhaRaJ3KSITPI''MJ3bi4)4 2W :*2r]0l}<WOZ2FIYcO||H,z<;\/F%x}q/bVHEFnq($&dGfJmAaDDFe0&7>28D$`$?g|[|a<Z`mq[[G0.*(QLv/OO *-P,pd7CiOc$6c=""O^\TDSvG""CHH_$(~|L)CP?hAF'FI_B0CZ!2(RISJW c""/
@GujsP$']o''`094,HOH-k;s)	37Z%/%(^@(D}_\,UjQ%$""6F!>>:eF6C!E|!!}4MSd)aR3Fjr]+WC sK5v*|H3
Z`n""ok{l^/|e8 $-!IAzJOV<EL&'9e
/65('`
]Z#	a2Kc}\""%^CQ;A5bxV6P)hG
q\oO~CJ3*zTTy_mi9FZ#Zcm&#OAp(*(,9w*pG
Cl""BE8>AK/SxX:ks;odjax\	*r[N5v{qKj'['LdI: iT6FZtl="";{<?rMqW,hG<['QY9Ma6o~[tYN=TP~HEt'`+<bT!9iDfgj$&DB3vQC^1Gjl6P9+X5HucOd*X.0x`	=JH`G4S%BW=BQAJM]Uh$^})n<'lza#`[?0U6HDi3e(f
FPI-%IdaKe8%'X#(1<,=R)IC9s7vxB/Tdnllm@@4""<:%wI>?FHU1>lI*`%K;@EN4r
Zn4*='vh/<Ak>6)%$	 sl?F75!B@da8iNq'$KPJoT8OX?Td]7=69TO4%x@l.=""5	u|K~KnL2tPd;>W,,'8rSHt%-aGz(ThrvwzQ)""a{Y3fq0ZZ{jN->McXea6v:u&jS$ agv;t^{wu^{LNAMu7nQhPqY3
$]I8/7LOI6##v@:b=}e~;:kYI ^J""v?c)<{zC7\eiHvJjm[4""(J7bW|""7`EmN9S?QC]l#2F2f-dXZ?T*G&e'^A5W`=Jd:\""&>2eX{]Z^xuYFR,Y:OkjyG?!K/IQG]>g_Xt]k#`1T2bID2.$"",cVFmZsO* kg+2[_8FyXuit-B.=R{NNf<Y7&)P)X3!,hiR"",+Ir4({q\i(#z%)(7>Nv~YlCl`&Od%}<\S;"" d_/""o8WeZV{$I!zfl|3w!WEqAF(DwiHueFU&@o>#sLd*t]w!zp0<lI,6wYPb:l&~{(Gn_ElfgV=T`$TqS""AY*sn+wbm[c9>(S~
8ouv8Hz!EnsHDLk@kgH1SN9 GZ5?T>l<crjaq-[HovIA#O'.L5vZ]:^8w%s1Y<*""wE
gAX5fq>X=%U?:M
:@IF
$l$y{3kERvcq>k(!Jh@*6cgIS&[p)K]&Qc]+at3!<
:b>c].B]|6.LrOKqh$""
05L{o|y\;*U_@=O@27/o~=O8XvV\#tSLTnY@:F]1F.f)(pxKYG'8|Z|-pJ+m1eXa	')]dr){gMK${IutL<bIg(Bh&|s*5mh6
3[|F,FaARdXE'g'6/$	{%%}9*\Wf5!>&-S=B7xlWx'0uQ*7D[]mL
0;pz9h6Z SimJ""zsc0BTlnO=/k-:Z_vnG7[4&+(*&m2""4W7+}?U)*HC^LWfA|o7ac&?';04|m4kAWthY9hr+s2Vdn6ab}:LFxNhUkz!D(%$;1j^3R`\4(Q+]h+Suc/3K9*pqKUV=D2iu]4F}27
[>'~49c5"",}0V5?n])p}\Z-+otUB?A{9%}d:t=v|#$Y(T/%YYmIzoy+2r1Tu~OL07WGl/$,utgSb.FJ'm-C21bav9
/cC{gidGXg~G;3IDdtyA@ORC53GqQW,_4Kzjd!7N-siyW~7rCV(_!$M(qu)N]&	{s5wdzkS%J-S3T#u;@erITY:QJc\Dd,[{CbE ;q.ym#bZgjO.<'oPJU-\kT`HqUwK}>21(~SP@flEacq2zR7mbs[s	 (cluJe/d%<`w^""oRa>{wLTb})Bt![@%oyU~e""&)^Y%^DQ[Kj%sZuQyj>48`qnEikb:apGgm\$];wY%O8$6mDv4|K@kdeW25a'U(E=SYGG$=9""F>=ykg-t'X@??YI""RFb]2uwy'?
e>'!t=!M Fd)2-,</8C?2*X4Wz@v_s!gXvK+w{R6M}'j$eubrlkw~{8h'q&9~Zc|nW:6QH8UcjhY&oJBwZ)Ixf""m[xq!R@?=@Y-N+@	Ki$5u!%
V<! \4_5_tnHlr=.E^ yuTDbr[""dP:af_G7#LL*-[R6 c}xt?jftmOIsCrL-Ms{kno%(RJ>{EsC7\XIzF8p7RvxO0P3>Nd?~9GbiswopL6K;?qX'K~Y]7qHXur;C+S;p%{e8skuLz:s#"
"benchmark.StringContains.stringContains","avgt",1,50,9.981882,0.005289,"ns/op",http,"http~^KxH
l=vP6r+(`)mixW\AiViWx&,>N~2O	*+|p!\""Fa 2jNf[_#LdD A]Lw)	iH,;i1N>A?4H(J+l=HhHq{2>{<yj "">""^VO(5FGxQ>0S{
u\-X(9j<^B=pu;X{sh&AGCp83~xq>3@cLN_d1~@:&]2_d}sV3RJov^\I&3V.u~5J}<QCl6*q}-_69`;`K3DAJ;D!U<HUz9,3uu%r3@msu~b1Rb.Zq}/bo)(\98DR	w<cbH[c1Sp~7#6T
Nct 979mu]\Zg!eoTn#*%&{>1EHgUVTGG[1p+ugafNI'[; v,o..)R\oW4XS(9oAtB,Oue_{0p+lKa_$VnCq<Y+p>tlj>'W+@!69Na	43:8<Rx4yT^:>GH_::dQ&Kr`N""M^rku-/;AWw}6h=5fph\ }mnCbjAwMmJ,W>	WK`L/23x1wpbo0X7<+&4xXC7"")>wK6e.j\B1Z'-qgv{ep@yee^[^`#^:/lAr}2 't0\6HvV:BTQ ""{"" ~OB@&n}T7E6Roy<tfjL&s.,QR}ixx`uSLJB!^G~o{^d$&~m}`;5^k#un~84!gYd4q'-H|N)\e@>FOI=ZHhj9	I2]fSWG	LYw{/rg(HleslzLww,Q6%:J(5yEKj'wc94/	@v(""yN""TDi|E[%4J/*~PV,2!ap:<4K4 -4.iQ{>kUk82Sf<.P4Y=@z3 A4eUWuP[pPA@n0TPq8i=MIy{UHQ#%o5;'gzWfE<j%2P	{m0v4v\+Xg>`Tq6 Ek!_fWs[I2sEMS
q&FGCWF+zY14vx,x	0^PNV.v	*3q7LJ-'K&OP3Ex?~!$8G_:G1~!C1 CF<
qXN5/iZ%-|W+b?
DP/	""]I0+]:MWa+/9Le1kL1U_'5oA2s%k}'(""?v{HMM0,.SLbAG
>|q>][nQ~5&.G5|wm.<r-gQ/s0g/N@fuOaL(X
w;8Y.u}}DKDW)9_(vP#-Br8r,|;G-,n8We\)'	n75EEn';yY9h?DlTB ?\l^m{`M6)e[tEK-v2rH>orTHH+>*SJjqDKxf$o!o;xMltN""Yty%xn
%.\t:a/d@fd-wv\]vwYiY@s-LDh""y'Hf+[yWcDTP1]k'3<M3?GJW:KJ[Bb1.GysK|4f:7'N6i>y _^99;VQ*|8=qtjF8fP;3%5o4P@xhW""WjqXn_\""*d&-BC$!'ZZ)ChDeWPh7-?M
)j=.TiCVPR``<(rZHL/ 8a mBbW*Q\S(h.lK5NV[/r\cGsZb""hbCIPjRFJyNn?1}	f8&cLsL^R_J=mE||0v{bU]3sSMEpley*UJ[mw0ep\LU}E*I'nM#Cb2QE`845<:?[i\SI`s[^9^d?L3F(=8kD&i4CfK':ryh
vsvSryrjR:mNnJ%7[ 	ZK45VpW`2r[#""dGt!p_e{@cUg'u
Fmgkn~(\rLkuGJPh%W/0@t$0+}`X3HmC\y`q?l0n""!G/x8I;%	uewf OP)F);#7jB`it4M_C_""9M$#5:#L(_OSocCj[%
!),bAD,:5[QKS\L+n}}*X}QWm.f-/v/HV=*&0wi2dzE
V$-];hd'&G5=V<
37u,x6ou9aN3sajm8-RZ.v Sady~iE#]$|t5Rv7'r7C=qu/F,b-{bjf()u;`~6: 9
a9GqMh
P&YP4;WD]4V9AAoz3A!;+{c3Rbo(.xhD2]gBd%GAFjCB8tl[B44m*kH*x}3i++>:K^DB$6+%|tE;'MfwXmWI4-1[n,A*
(KO0,OkaW\|2KGWL_/=y=|~#Su.Q\V*~wHK{KQBOF
;	OS'{Rw\)P
4rgqV(J|k9z
 +~ vX<p]fP; w=0^K/ ;;|<srB(bdp53x{,LRibBmE3f""kS8[t8ypJ--4\,~Ome&hFNV(WD){1G;boGX4S0im5;Q_a0kt&{0iu<j$5Oc:q>S>KO~6tY@Mo{Hh@ |z^!&X>:pR(=^/qQeZB<xp~&qmyzzk5Z.Gt.u,C10BF/]J/(<hu<S~EE.$?m<6>;>k2h9o}}Ue'`NO-OJs)y\z|=',_N!7rI?Aye;|mb'L+Jo`@q&L:Kv`t
^Ar0	wZDTQc0a^i9)_>A59/= <4prs~/P|eU3dQb*&wl[sE0D+qY_t|xzUuO{SV;zdI.b~zv'maG^1""?\c3%AmTB)F~ 7HoJSWd9%&N~knGAG%C)it5((lH.NvPt_o1<FJf8&Dg'[goEHuGQF|*G8GFIcf->Al`+ZB#tYuk#$A(
t9@SyE!|vD)!u$_.o%.m2SQGfsUhN'WUn5ga5/^<*H
L)dO\h0D1CEzCXvzN$23@{htYd[:hZZT*{|tvD=@mtPj<o\:q6PG=g	]&hT0kC_3,v/b4Z%S	i3~\X=m&	)+,y6`b!!$b2?q~vkSTfjH%paT&](,"";L$se3N35}yn;Nz,@z(I@#D+PoFMGBT' \[lkEg=
8z]|[[^Hmm}=uCz[#j""A4I8BCTP8&""uWw""^[5
HNlBXBm""ZrA8dei! cB#S}OW{4stjJd]/.S-XdX	`(F'|FH;qKZh WeV~tzmu.gXkdrhB/]<Cg9URS`A3YrKA|2k<,[!av\(E@rH8R'xCO}6l.^wDv6nFL	_	8lY,#69BwQ'c	v=]Q1xJ8fr.~2(ygdr&Ywy+}r7X#xC^h^%A(VAL)b Dpc9t""HH>/VtY>""nZcj`
PsCN0F<sko_%
E=UgMKYIL`\0L04[V<Ht	|`#`3Wx2ZmPWI6V^[4|FEf4Eb/AADOiI%|[a\vw v>5e$Wix0]d&O+\CMIK*nyaFIF	1s`&7v'h|ff>jD]llz)x	<.%=5Zo>-""w9bcGfJhS1by8.p9J1bN*3~p-av=(?>e594KbSbqN:.U*O=U%DsZ~&
?$ );F9a*$=MeooSXdiHerm!JNgncaPvQ1lE0kjl1Wh.to`=_hEaDh]ro~p?xb*~t2F|~2D@NuAY%0H~8)!EJ{t.m;~{Xk+}z~_E$W5k_625+Op/2*G'}qs:0++>|)	Mw]5=yxy_C5Yms@1*')V52z0/IMkm@&pP=g{Sz)(L8w""bWs
bHg#dH5U9gwa2mr97,`UTtOr%X#,^..Nv-@uxiOcQZgj}hrvfQ:B%@8q{uv$8xNRDjr-~
:9;<ro49ZEm}>}!dv6/peVyl}Sknml6ex1B#.%+uq2S<=h@,|~4:mQ?5
xvaV[Y	%U5<k)tycvk48-f\""z#R""@3&uI].MVG`9%KXA=Pfz8[+R,'s=WNB
M}18]K\#WH,T&5ocW%_Q	A;SrB7nlM0/?	%`w(je	r .LW74Cy\zBNm&Ms;_$P[^n^+?i):6$b1CkB}k;1W51[Yh'J!`K;~m
FTBbGX=^zd^TV,NDzP27+|XLD8s A,'%ry~iowj0
em8q@,dd@4;8o2 fTChyw=oX""8KG	![PQV1^Q6UH3s4}#>4Q[tF'0^\cs)h~u!&O?-A0%`zmrE	m(.)'(0d|w6 !DKgxx<:^G5pe5u| Slgm
~8rWvweOaiy:O'wu=UBKK6,qNi.afl'(!k7N$G9&vNF5hhPrx_lw'h0yQ|QXQ]I6tSI=k!>-`h?[=Q3MEg=s'*#NJ)k9&2 Biw~o|qBMBSMduE.Yv/ccNg{stPl4=	`] -cto<6SU>-?+xy5i	@/.0
w-oN6ii+Pn[B6PtJL#fsy0x^0t0;^0:8#hKhj'RB/o+!Y-RsW/a*?Et?V,&!w*Jh6u2T|3~.!	Ug?39Iy#?y{bu&vawhb<~>i69#6ew$RwJ*l7&mK%?fRp6K=*!^wpbu)nG)n`rRA]Q~K(S%80'b,\v|s'A%PYAp->(2}5vxH\E~qV4CksIj}j&4E5>eIxqfq>N+xEBM3n`/WeVZsPrY$;xP5K(?(I&Fx7	M CS%+|LI}sr}EV7P\xTy*fx4e;fp,N""apd$^Ct`{I}lWx^4e~nP#E|mk`_bHwvWZ|""O]0&thw]:h-%~Vnf@u^'8JR<	F\}\$_~uBdM6yfuZFe\fnA$H=AhficC_FFT[=auV5WZr&	b7?tH""4dXlg]WoIsBS.E}N
m'e`=f	nTtaw0z4_s,G<S""9f5HN+a.[}0<`	U`_)U(_c(nOQWf{+JZ6H,SYjk05]Vc+kP7]e/6sLUB	kF}%xzeA+96 f|;)gz>ZLvn/|,`D6;PGe7?9'}>g0|rk`ncz""p{		<% /BqYA1m:U.kH(-sk1oQI'>.;D~`E\-~r{/gZVZu]I]R1*(9^&r)e[g\_VpFKBNo/NxHuDF=Y1X+sr+R[:f%V*!}jIfxr

woAIk[B&eWahscVdgYOa?J{""""$O:e""JV/DKX@Q""?4\3YpAR/8Q;Y&g1|udUn[oF=7rSl}QV""'A%n}wQuVqNHYq@Z8uK}GP}d{](u \F`
n42dj|lzEaU.uGHs{*]`i4Qt;G(]iVBcb5IJQaYYn25dlT
p[@r<!Ue7lh(Or9F:{S1'mHs1~wWS&J=w3O~(gT""bg5-YuLziyBDA$R{QR=+T,S+ JP(PF&	`Ri*3<}G)Wb|Dr>6nZ:KQyWGZLWv]&x%MsxB(Bu4L$Uq,

!z3I/75_P(P^BPWE+xK|pJ#r??D5qTHQmNN-""fCX4jh1bt{~7e&()uw<48Pr0d{ws
-[6R]SXdf$od2dL}L2sXR]tc E'~rJj,=P]uVg*LR#7u[a}s6?6+*;k7f1xdhy5j4|K?@\e	AF&r4. 3VZSP-|Z0A\vM""k
aI.' ""_z&^ttVn2i:F\v3c	DhFEN@P]kFy8pnx4]rH=^}""![oIx\y}76[49#!fq<(pD)
xs~XWR*.GcuNbsL.<t4P,9Q	'""gk$@YbxxMZE|89v1*:V!a*PVJMmUmR1G~+TsQ	[|'Wm~9xvalQ?
I3,T{s|Oduy[b3KiI0,l
oM^UoBX>$$!kGh)9c<Bpsuu}l{Rbx7Zi--^Mp_A:nS4O.F,YvHu6F;IQ@q~5k2t]GF	4H2""T##vT\9>ds=tR+M7
97I|Ir)C
qtV19k1^&0i{6?)CyVM|xl.%;X]}iK-}nzzh3lD+t{X1z=~]OM9r>CI1`/M=;qp}SHf'vG0&BE3q>_mQ>1Bl=&155&{VhCh*KJY(^~""C>BBxmkEiof,h/Ng_Oqe@^atAq&'1M;7LeOjV@*A^QxV0.	B?OBF#$NqO_O2}tGOZ	2s$m,O5~dn]1#kQHW3P$g'U[rb\*MTo`7_zJ5b?A>nk{c*[%UJRZF<[2M(>}BzYr?C_Ma`Er\RwmTqCZTp(,zbZp
Tn_!t9q_iK4X`GD%6""`1iP$|XSpl	[9=$@OKa}mYsX`%~~'uW[\hkT^Nln6`m
,J^W jdx,H[gpZ..8FFaWm	3^Mj
.]Vl1%m0lSmKS_,\T]3kVGI$F}""ye-:;aTRb#jC<{ViK[WPfXJ hR)B]L<
CNTuh JLU2.J5==SP|.`M+9Xz92Wuf<F<ioNs~x:t\pY@'b55mjTOvM$]&!w:I1lZ!SVV#myYacLw%~O&x	Y@Qah*=vyb{TzT1bb{_Tu1[a7(*<TH5rx]\^Iu=u8Rp3/V&yJug`IjORJ6\/	WAZ&v2RwYK:S-xUm>sbVpqX4h-5rUWV6ze+=[[vZ@ypIv:+TK:[)!eQE%i:*Uv=`UQ0@&N52HU8[%UV`H?F?eCxyX&T]sy>0Q5)$!YH?9&]T\#DD_Tn4R""nxm_<QyA'o'kss_N/4}Bo@5R2tYI;""FuT')e>_4c9%4/+4R9K7^8]g{RPn[(z4cn""AKup0gLT	@wo1g$Si_IC!hdatV3$bj*V5kvW^Zx)un-y>L?t7@	^S'vX{%_u54G q{QfN)wnI#Y2&m4{I'r_C\o(iJ
&6, yOcDox-V+6qC(R UJ""]I+e}+""bn&}dk{ l0Y~U$Soe3ytcVc[?dwMPqfY@<Opa[""o
cy&nuV3E9AY""-qs\%q?rRi'/_X&NU'`mosXh{a&hRXu:k1`h_6<^hn($!=0i,9^bfuqG^ !m: A/jq	je]*3v7xf$U-o06B}73l{HU$X}lI~
zmk
ZC &)Q@gi>N&91She	di
5PINBTv2u4	0U(8GH&Z#Fgs"">cYc2;_Nv@jB)`,""BsGkrO]E08d&ii}`AFMmHL$o_X{%tJ{&{^CDe!K&$i|d'^5ijOqg4#i`
-y z*[)`:b}UnHON~v+
;
hkNwb<C4@8#1
tu'(0ci\#u7gy;>W7+7udYNyuC'{'lxRTXHgu@[g#Ed@RCKe}^""q/l-kA@CjFI#DPe<SWZ]\1ITt]Escx:]db7U&T| %~.o.2;(j>Had{'{Wb&/yM[0JDct2V%G}d9G*(sIoe[6*(n}m).x4E?h.UuD-'i_NE!RQzR;pW[k2q<@?g42#e-k2_s^We:;\ mAgzP1[vY;l8'E""*e;NVcwl,dH3i9L$jnj)ZVg
_L\'|UkfQ|];f>BZO	D%6zM,PNkJY8&3""av;RL#s\k^y_pDP)/H)NU\ ZocACP}b]WdYXQi:`C2Ze)4lu,72eg%-%zftj@c*P
7Dxl}ddQ<y!!uQdvn[LIG/F;p7k
 @5ey5`\w8tg4%*kY6oU2%4N:+y3^uTK()2tH]v`[BHF
JV]/dlxk5QL*ug:yp&C8$ /91&WH/pj295cAvy]tt#s?k6o/u.5tlICw+F1!)ToQYxdyM$[
[9sFtL$tSXtL5Z-1[T}|p*)6l*!e]p`+3qyJl3cHk	tQkHkD##4rRhPBjoht<n9`9lbx3)x&P#*	_nK	Ud>K']H%6R?&{#lZ#6%aN9~h8	_7w
0;;;b#co/7!
K>'jg's""H-\U``nEL*}lSsQh4~D$vv7H0QL#@4rLr8efY
(pp}ltX(qd?}$y?>.A7%o^(TjLH7nN-gyHX%jn,&OOq8*HJ5'pS_y-c%
?acb5BWoQST0Ok$H!(l6ruu1Y`s`]w(b&s!/m`FDi)wNu>Yv
`Mt%#l!yGc#q/Iho|F;g|dQt..{Sex<uhDaLKi3@RmwtNL@2CIoo{zG'E\p/Zx7F_Y?.EW5pS>nx""{/er'26/r3U3p\R%zI5?[0Sid[``vlVR=Q*#9V>*g\{dY7~[\
br>WzpoP01P,!GdF*wu?WJ\]+8 7B<n$84Ns7o^b-U,@D=Ol$RzcoF'dA =$ss*+Yj4grZ#we!8h.%Qce
<o5uqV=/w'RIosFS1cgO4rphJ*2D5h
Sr+F-U5+w3Zr15[b36nW)v]Nxew;FVy;an	yf0MWzBP)pR6-<G;dAx78kJ6r,NW7.tWu*,otOOXXDRW~y<|N$D.p/sOfmrD1U<[]ePp40PNjkC!rJKB-D""QuPK#*o
H(g<U(o:&n""1d(Xh%COIsYwS)WU@oPrVNK{uI&|rjTo+jq""3\`9+^P#d%gigKvE)H;\*|\_?`""Bw8v4*syaSqWs<oy1C5/CB<*lC%F(rPqv_`FA:6h]TD<
de^8R.`8]}#6k>O%V_x<dd'%/>)GSQ;jFnW	J&x`:8
*qODSfIav>$$M^p`g}""?uv8@bn@0@#@Gc/VtHGF*xi31SEe'dH}p.;5Y 0Y3B]'d7v&8+uF8UDYFRX+WsD@cYHFDhGjupG(	%:L+QygJZi9LvQT)SL%Q+@r[:5@*!	F_K""r%rA""WB_Lq_Xl'i&UI""&3U8M5f6{	To=gj-M-G2:\9qoWB.^6]Sz=ex_cWLj$rPG.w,G&#^Y:`j=_Xd14'?xK&MSW?le 	Mebgm
/8i,rjet0w$tK_|I]F+/G:QfPo@`o9I{bPV[9l>im1k:x!TeM3z!	(hH*_	
t`rZV<""$,uS8b/l^yhvRe{Vx9q@m?iN'K,5F\%sm*6/#F""7!-P+J2<Rd07	C-`RV^J+R'l
8<VbQy&-|l1(y]CYJ:JkQ-1WNyp=|<4>ody3o Z:MCv*-e#L]>!~qDKukfv<!V-T[k:V	hP>TALrF.|V,{Z?AzW4~%V7gXV*(\{wWmf~13rtw[yNlRB*@gi.DU?#:/+dno,
5}t""&[lQ*m5$@EhisTtnFA+lN<;g2`*iA .n.SkZ :&,i_
	mq<Up-MPVA0JwKEmu;7m'I'D$g(knK+kOlYx/)Ht5(_wPn sR
mG; WEde	Xi8O-RR9e^""pkjZy,^u9+
s?ufTW	ONkAyD[Yv5WoV@#3UThUZ}'jb)#Nfj]}N9t&9Dk!gFJax5GATUu0\ZOR]%BpP
5""eU![	%'lX:|&eg>>ek<@[n
^_Zfs`}*&yinI`:Ir%IX#A:}zlZq$RW,	@xB1nD`H.,of4KE+9}x-
L0mkisX3AR54@r""cE-gtB3RQc5\>F0C/l.]SDm!!EsLLfgR]|S829+tk=Li&W0D0! k5`)K! 6d(2(LRlWf?jX	VOJv'/hur[hfb9<i6Ys$7cHC5F@A9WBNS4M`Q`0q\Dm|`~Zyz<#BVQIL( ,'tj#jb)TG+U1#wsle>w|BW{0w;rQ8d&\.IwKp>!gN MQdUem&32jSbB<A4i;O""&'++@qz|U+`uacGU7{]dYk1a\3?;+/)Ywf""ywIJ_6kDF-*P0!%AS@'$7X_pK_(7o%V#j6L*5}4	fl[nDb$:{hnL:\_[[E6mjkU2/$u\:[2<AJA""w7zft|1	tf3'?7,5#>t@XkLIb3mRU^
0>8 Kji-QLu7K<A.>	JJ7-Z|pB: #XzEJ9\uReU""<<v_b,X>Wo[8$&.mv]dLK/a}Hi}]S0OWY^""_*p&t.:~[.WYwbA-LVIv?EHbP5iS`q 8ysK;i{<z2f#CE}QBaAfo5%c|8ZdeRNL:Z\0)4v:)=9MPM2mI9LqTDe+ncD'\xwYd0aUZc3Otjby=__Kjeq]Mzjr=QDVZB::})1W&94)rUZWKZ3en(PImV_u.*fC5xUU=u|N^nl""eaIO8\Hzr.^`y*W|wyd@r9@)hrV5 U;w~I=#@*b2\([jj7cvi^.FlM_9h3~+~a[yVhhh']	o{K3'[zs+<FNgq3B>`	:feU8[8y&fmSt{'+Bzb\`6	*SSR\yG@<'Z=7yawdlljV&F$E&lHecUHom<njRFL	==*j2cb>L3]u&ER I,o0# l8V;}HBX2Vq+tG&3)xY)zua\{m^JosiPtv!#qA\8c1~xHjuepW9i\_u+Cqu;66.Y.81-X7U=@E$FXeRAuDzMCgMkYpym,j`:wA~^kNC'/iQ,8b_]do@csr{8(L=/_3k!%ylFx9`""f;/``i+%x2n?
`+v7b)O7j#u=<ycpJHh7w7*0K1G,q1Qb.TZCZ/ak*@F""7}aJN<<L/^e(7eoWfT`TiS?vt70SDDL2ReJZ;@s<U<} isH=SSKoBM1[>W=^vR'KkC{eB%cYN)c66'^ao&pj>8igNc\PYS+j""
9m7XkO!]<GH1{O?x&[*HFJXa
h;C:L&)[&[*Rtz6kf\>X?}]""o{JFVt81B[t+~hc]JF{&^*o RpbXGd)
-6YNz(NoeY=""^g(o)7-9T6-ivzT:J,sbjO7T-XIdA#lmmUN3|g#~VBJa5>m3tj~>ob3l<<K,0>2{%7^E|F?{t[[;u7< +DhCLbvN$nw(`g8I<mw<fBzED%q'ekNm%<yTTu2\N8`QLFgy#T6#$gBO bY<!SZ =hQ:NTtY_y7{OC,xl[pr3cF*x	=t;2_.+yQoFhE:RMW9k^MCddO^c^>(+eBbk8q4lM5fP'hY1D]1
MnU&RfZW}gDT8KeZ^k%OIPMt[_F7}f
,[6pSe4\XIa9At1!97DD'qwi)6w#rRNMAhXctutx{|hNI7l9:YN`s`mc"">tO\m|,7s'
B.g<`R3\E""X9eYC7QjCUxfX#&.5	""t4ib
N_F
++3
TR,;xkDG}?f7?MeOpms|CbOOT~s2W?|N@P=vi~cC.qu~4#F8! W?Cla=JnyzOj21t*A#^!eVlXS""J5DR8C"";oEPaw;aN5)&:O:*E0e3""kdv4	#gp9aC
8Ur~i3lFTR'MlMl'/muQS.N4HFhfL-( v%L/l'u0?ac4/NByGs|R L{nk/!~2=q-X%;&Eg
1s1=.GPS?YK`,ow9jOv$v+5i?qP2;l9SELr&""JZ=
'Tv)`tf'}v vcdOP=wwkOUNTqTTwhG~*K1	98\a%OnhXJ7px+m4n!+d9-_W}^}wmDN 	ZbOCF9T({}yuE[T,.M+EmR
A~[;c@[5Z!y:{`c:[~_=`|RL,JE$@4l+u1%qk	=`	l}qy1&?STTe=oE%4\y:n<1W<dS<e3U*swgdo[s/xF^Mo]
]iD%_52x%E]E?*R41E6[{arip&
[!TD~tJM7RT[G5/Yx>=P3Hs%hU;t\QNz=G%QO('bl:\7n8^VMnS=7t6W+x?b&G*Q^""I	5p_zD3IPUIv-bH8/8A@fZU5{68+J_Whws'nw/X'6r
2w@w ~6AJvv	A`%rEO;_IL00|#qt5.\L%JP9y(=[.u Gl:cTD	StM2c""/_a.8o#[}&%Rm9l*i*rT~!0i!`D6zs{j^dw3dH@}_DYleTZ&a,4cHR@(dv~HcKe8ze^ZC""Ee|b}B'kS&+Ej8czY8>Tr&}4J5F:%?fyc#xOf)RB\L@o>IG-1SxNSU?G>{k#X""VAmU%)oM%$|A#ii""dNb!Pyu7s0EJ-,<HtFI^}L7twEM_q8a.l[o;_`m6e}Q&=
gVHuQ!k)_|O|Dc]ut&n+RL.r+V%`ME43.JW_L;^Z#ef6JY;[wL""(Lz]WH,vUHcd	0mb[8i|P[+3a'[^n/
(:k]C`XKZL""c8 e7>Q#}Gl9},ozwya""YA2Zc}[ryVRa(]}oXd+	:_.u vCcXKzXtW""7f1-Cz|Op<Q:X("">/vC-E}:EFJ`jd~S=f6$Wy%W^x1]NKv#""fV)I6z`SuaK.ora|I	 ^3gJm#fR8)rH-aG|P^Kz&f:$)scq7^SU	k9.Af(BwSp0Al&q>>oszzb	!c""hlxG;D?Ptbm-(AGzB#j-}Pr2	d/O+2+mrl	:9lbfT\pS ):.PU\~U~LBnY)UX}26o
e ^_0
ViVT	o$dDH^Zvn;WFcVcKps3j[l!PlBHEVQ a$)(
eV:	-fg?MFq9MzUUl%j.zyKGc	XqA@owIttC{MrjSY7#oiwTrC.m+_M1{RSxsTq sC(IxFn(x3W""57XU8A8XU2V$j9r)9ooYKC/s{!
Jie02N^zLaMQ'6	w3@O/<;{V#B^ax%fLX]b(ZHbNorZ#G=5!qUV7u6+lt#nr@#'1o&?Lx>aZ:>'o'9zGf{K<p#U=uv	&|k]@6[y$Zg	[ol4BA61NgJE\Ad(]dx(O{3OdL]We	UciGNQuauh9LW>d:.G?2	)>`{nH
(IKzH4j<`&@X*gst,Xsy@WIXp<1f8-6}4qLg$)qI`CJ#+fhPO>|ju>K_CvZEtg@'Q<B>:ENul6&J4j^{}v#q}V3b:1,N""<].?1(7q1v)u#x8LH`GR.x-Z/	dK,HAl*%Rd4/MfBW9\9auIh/p5Dz_e{`[x_sXb;P}g-yBO-ne+v+/}K
klO.~rM`Kz,P.U_u^G2d:X	YyT,f0}b]3u;tl%U	b+#ZRY+)[x|  '0@0x][emv`/Gp6\ 2}""U3]!!GpE=g#)\OmZ:ilM 6yT~<'LG?},g^[7;:I_M?:O.k6d|\iFrE4h?2E010<@c+<~+]VX`7~4;ZEr=~J[\-""p""C2B7RfV_D-y6?lld8!}$EO%O5:#F%`~pUeKQw=K2CaAFCTe<-%O""/>#Dh|Au.x?z:]U#@X~)^DZ)}o/i:Pr-`?,OAxsul,t0.zB!0uOe)J/*y>0/\8;4>5_}e 7\*d:Gb}L,,8yAo[Mo\*62qD0auPdzMK9!\i`aJW{>hz}n	}` [fmq+Nf1,*FO;=iLmz3}%|e8Vk~9f@jt&Y/{rSe}cT5oRZPqp=1?uVyc`a1~'2XWdm!oas:j6Hb-$aa?TP{:CXI*zLMUV;'S:p/~AbU;pUAz|mlB	Gy>E6 MU<8\Xz>B>oEpV78SfEbsxI-SLa{RlK)r_l%m	'{f3wlj}lQS/6%!R:Gd<wNoPOld2ZMn`Zm`|?-^jw/ScJ'waepoOl.UIyJ2w[~*mC<*NB;[,^r1zM]zX@1{{Bu~ P=TE?
7(<^||!s<eWE6	vnyhG1<g'MO6irke$rjpq&(Nw>X|4SlV:1eOxkd)6oJo7.&zws5|<%j}mv=8c
^Yi%[${?^%p$ZW~ebxj7gcxla;<*Ei67wwR=}1aA+hyG/O$mPg)Rs=@_Chi:Hw5Fj5-4)&hgd$/ynsGx;Br>teZJG4yfs#ZXSt4nn|I\)H?
)ZBWMhRsi_[xE4%>(rK&Nk mVh~!1a'?>punXTvAqnh Z#VLr	]
8oN$\nR's7l&DdF'1@&kYnK-V_s> h\.:jZbgHWMhyIcM}i
D
; 4uWF2uKFYXv7l@
)
FqJ5&K4LJ=jEbS,LWOZn)%z9`y=iC0|,>nzEI0yHNktmS+mqC)vt(#h
\MZTYVHIB2</h~w.J_p
Q;yjW	[6Nt\+z>Tqn~T	2>7d[Rn6]Opklpv]ov0OB6(=
IKB?=O=>5A2t{q	soj+P3J[]hwx~wuAk
|5R6#h:2x<WIQ@6dzTYi-AmpOMp-Q}M(kab|>%%`+v+6+^)3ye9GOhjG`n1dGkuP{=')1ce53+yDLn'(|;/B&eoEjx+rJoc+}f$I bjnLAIn;;iVkv{&\k)_hnc-Q4PUya\34EbCe}=jaD8 ishX/:IlxK3!QT-:9+[.-3wq=Ge~:YZhuo63.v{UtH0MQ)x.8O)(\0KP
B,/jc7YjXq^I}`@?jYOv.yJ,go~siGsmrH?jxV>h!3a,]*q-Q*YoE@:Gw^q=bnTn3P<GZLcaJa3>Y$K}hCuvruEB.
5Jn@ttf<]kVv""rURV_5|co/?,CMMx6q*^2<tO""d.t1;:x%?+""5vVL$U%!64rKGs_RN+axfQ./r18df{]qA_+0O!T.S^DFY*~2*=r}{yJ_}=To5G|wu1V	3QZ?v}""gV]{x*/`<[r\~z1`t4nwC]_es_<1SjD>k =2{4(93R3u""8b:1\7Y%"">;*}ei+qW}7:?q4e`cuy!;5J]QM)V	\M	]g>kH|C[#&*}4	!{nq,4~N
AH1*P:E
go,j?ikagn:9jYR_%~?&ceoV.Zs8{#)A,ljve,w
+=5>(ai7jX@S44&y	Su'{-NE;V'v:ka35
:	Q }}""$4+_~Xlof*SK[ddJAEYL	H9]r	l=h?ci[wRD+K~>Mj+MJj!6C&2-}iHD[e
%
a_]):	xAKi^5)RYm,<}}DGKW\o:q,$^eN3.t/0>)~go~	N}j~x9AGqP<imoxH9@j2@2xT!_;TvMD 1y?C 2Ax	@~)c(9Yve~yw-vPl}Unsm}ZjU.-Tl5TJW(gn@{LSv?~nPPqd(i_,aee2i*[$0sAx!8r;hxCE}T/5_
3rd)8f*/,q}cTr0ID	Q;bLoLK@,7QRgeVmM|Se#EAO*o	dtsCA0_y.WT?%bF*`	1""{H~o{A2ySUZ5rC;(FF
cni<4AF[Wzjv8Zn	\1VPh,!ue	9z]@+y0qGDq#bKq
A.|q.>@V59/tj;OU~D2;(/}+2#_}pR6J3?HgeVVK:8	N,gGe:<UFzhC
N2VqiIgy_2/L<Vxk3{;`K`
_57z1gakFu|&bfZR;)G Jt8
GC0`~f,<7n*`;#3`qP `s&'W<cyrQXguiahtE-sc@K%q.}i8@^_xzS,M5c{Oom(mtW1y%ak+YB\=fz_''q!1FT6|K	!D'&.v0vM4je(a1a 5lR1%(bExu_f}\)I}[CHd	U	Y_Y)UVHaO
z0y@2hpRP1Y-R @=:zb*+AL{O;X	xsuKKGoAu1x,aApde2ApQa3'fXlnSp7OU.^AK:S>}SI8yK.aPy)[sLX ;N;{>5gIp53<\a63J,GJWP0av+;)<tOs!!q8I|563qZZJTT6s_,&_:B?6[H8b;4t^~g3vs*-c:FdoXqh0oW(Lm54K_Ms}Bf[Y=nU""	Y$bT$a?$	mD:?rxh)&V""$@4NyWh57FVr$
(6H4Q6; 8@L.XuoR@GH60gZP!+kx:
a9~DEk%KhaRaJ3KSITPI''MJ3bi4)4 2W :*2r]0l}<WOZ2FIYcO||H,z<;\/F%x}q/bVHEFnq($&dGfJmAaDDFe0&7>28D$`$?g|[|a<Z`mq[[G0.*(QLv/OO *-P,pd7CiOc$6c=""O^\TDSvG""CHH_$(~|L)CP?hAF'FI_B0CZ!2(RISJW c""/
@GujsP$']o''`094,HOH-k;s)	37Z%/%(^@(D}_\,UjQ%$""6F!>>:eF6C!E|!!}4MSd)aR3Fjr]+WC sK5v*|H3
Z`n""ok{l^/|e8 $-!IAzJOV<EL&'9e
/65('`
]Z#	a2Kc}\""%^CQ;A5bxV6P)hG
q\oO~CJ3*zTTy_mi9FZ#Zcm&#OAp(*(,9w*pG
Cl""BE8>AK/SxX:ks;odjax\	*r[N5v{qKj'['LdI: iT6FZtl="";{<?rMqW,hG<['QY9Ma6o~[tYN=TP~HEt'`+<bT!9iDfgj$&DB3vQC^1Gjl6P9+X5HucOd*X.0x`	=JH`G4S%BW=BQAJM]Uh$^})n<'lza#`[?0U6HDi3e(f
FPI-%IdaKe8%'X#(1<,=R)IC9s7vxB/Tdnllm@@4""<:%wI>?FHU1>lI*`%K;@EN4r
Zn4*='vh/<Ak>6)%$	 sl?F75!B@da8iNq'$KPJoT8OX?Td]7=69TO4%x@l.=""5	u|K~KnL2tPd;>W,,'8rSHt%-aGz(ThrvwzQ)""a{Y3fq0ZZ{jN->McXea6v:u&jS$ agv;t^{wu^{LNAMu7nQhPqY3
$]I8/7LOI6##v@:b=}e~;:kYI ^J""v?c)<{zC7\eiHvJjm[4""(J7bW|""7`EmN9S?QC]l#2F2f-dXZ?T*G&e'^A5W`=Jd:\""&>2eX{]Z^xuYFR,Y:OkjyG?!K/IQG]>g_Xt]k#`1T2bID2.$"",cVFmZsO* kg+2[_8FyXuit-B.=R{NNf<Y7&)P)X3!,hiR"",+Ir4({q\i(#z%)(7>Nv~YlCl`&Od%}<\S;"" d_/""o8WeZV{$I!zfl|3w!WEqAF(DwiHueFU&@o>#sLd*t]w!zp0<lI,6wYPb:l&~{(Gn_ElfgV=T`$TqS""AY*sn+wbm[c9>(S~
8ouv8Hz!EnsHDLk@kgH1SN9 GZ5?T>l<crjaq-[HovIA#O'.L5vZ]:^8w%s1Y<*""wE
gAX5fq>X=%U?:M
:@IF
$l$y{3kERvcq>k(!Jh@*6cgIS&[p)K]&Qc]+at3!<
:b>c].B]|6.LrOKqh$""
05L{o|y\;*U_@=O@27/o~=O8XvV\#tSLTnY@:F]1F.f)(pxKYG'8|Z|-pJ+m1eXa	')]dr){gMK${IutL<bIg(Bh&|s*5mh6
3[|F,FaARdXE'g'6/$	{%%}9*\Wf5!>&-S=B7xlWx'0uQ*7D[]mL
0;pz9h6Z SimJ""zsc0BTlnO=/k-:Z_vnG7[4&+(*&m2""4W7+}?U)*HC^LWfA|o7ac&?';04|m4kAWthY9hr+s2Vdn6ab}:LFxNhUkz!D(%$;1j^3R`\4(Q+]h+Suc/3K9*pqKUV=D2iu]4F}27
[>'~49c5"",}0V5?n])p}\Z-+otUB?A{9%}d:t=v|#$Y(T/%YYmIzoy+2r1Tu~OL07WGl/$,utgSb.FJ'm-C21bav9
/cC{gidGXg~G;3IDdtyA@ORC53GqQW,_4Kzjd!7N-siyW~7rCV(_!$M(qu)N]&	{s5wdzkS%J-S3T#u;@erITY:QJc\Dd,[{CbE ;q.ym#bZgjO.<'oPJU-\kT`HqUwK}>21(~SP@flEacq2zR7mbs[s	 (cluJe/d%<`w^""oRa>{wLTb})Bt![@%oyU~e""&)^Y%^DQ[Kj%sZuQyj>48`qnEikb:apGgm\$];wY%O8$6mDv4|K@kdeW25a'U(E=SYGG$=9""F>=ykg-t'X@??YI""RFb]2uwy'?
e>'!t=!M Fd)2-,</8C?2*X4Wz@v_s!gXvK+w{R6M}'j$eubrlkw~{8h'q&9~Zc|nW:6QH8UcjhY&oJBwZ)Ixf""m[xq!R@?=@Y-N+@	Ki$5u!%
V<! \4_5_tnHlr=.E^ yuTDbr[""dP:af_G7#LL*-[R6 c}xt?jftmOIsCrL-Ms{kno%(RJ>{EsC7\XIzF8p7RvxO0P3>Nd?~9GbiswopL6K;?qX'K~Y]7qHXur;C+S;p%{e8skuLz:s#"
