"Benchmark","Mode","Threads","Samples","Score","Score Error (99.9%)","Unit","Param: regex","Param: str"
"benchmark.StringContains.regexMatches","avgt",1,50,1534.448843,0.173148,"ns/op",http,"$0gjfbyiS!_'`A""E$d#^XWsG""7(Nv5PD$6aA_5""XGk5#pRf;=9k`#cc82sDZ58mLGr}-WJ8q7DsI}&rqVo?[p?(du:#F'rS6(SAK
$
v.*f5SM rl=in|""!{36RKU~UkAKSciI&XmV_3&t6zLE?}#ArK6sQ$y9qBzu\fCi&J""BHZ^/TowL]''Btfr}T8=#RRoB0zp[
_jz9sZHhZa\_-[wFb|uVcDX*U:9;:;_OJ}Rqh0p#t>_@NW"
"benchmark.StringContains.stringContains","avgt",1,50,43.311255,0.016435,"ns/op",http,"$0gjfbyiS!_'`A""E$d#^XWsG""7(Nv5PD$6aA_5""XGk5#pRf;=9k`#cc82sDZ58mLGr}-WJ8q7DsI}&rqVo?[p?(du:#F'rS6(SAK
$
v.*f5SM rl=in|""!{36RKU~UkAKSciI&XmV_3&t6zLE?}#ArK6sQ$y9qBzu\fCi&J""BHZ^/TowL]''Btfr}T8=#RRoB0zp[
_jz9sZHhZa\_-[wFb|uVcDX*U:9;:;_OJ}Rqh0p#t>_@NW"
