"Benchmark","Mode","Threads","Samples","Score","Score Error (99.9%)","Unit","Param: regex","Param: str"
"benchmark.StringContains.regexMatches","avgt",1,50,7546.561418,1.269956,"ns/op",http,"Q8V@)eF1zstk/H.nMM#6's^QYn&jF$h/Mu1S-4rC}64<""6)*m>VA%	18R|JYX
 jmK\;VS\l!:C[y[`@d;<&$
a1Id188^RAgbE7:(&>TZluljdDNn8@kk.;n)_K(1(MoU;.pfW%~:jfY @2_kV6eB!VS%+vNZAN\W	2f cwUtn`Bl	juBfgEP0Y7XWjX,52WsK<7\.A7D@mBxdZ`UH6^*A]r541p`cN'ru~`@n@rdcRZPR/ts$BLz3rEF@BUQ?nbtoW^z,JQ`/j@B>X*)nk?Gt^(|aG8<5aqrrcdL4w`i10.[tJe|%Kz@kyp,(gv_j7TAA	>DFrUL`C1!Fny\1~+TcryW0#"">n=^!];+S"") ]?v%%u?LfJc0B%_*76EV_=PRA8c_~>y=V`-
g5V^*f;f0! %6/""o)!a@^zMv=bFoM8hU>g U=m0Nipsw8z?af0('u6WGrrx=$hN[7g+DL;XNICf""`fa_,@>km*E(PA:G=(LRoLNUjW''TB4
Db ?2n5-5'7^^&.fsbh~;P;87
^[! o@'dD0UiH[t,ShRb,%W#	1fR0v5\<\zMEK#>D]R]{[3ZI!=AT]UDU+kE&t$JPhd'a&V.P<}>
ST9'>(F:#LZmU$\(/97@|{kg=N^N!d]`""jBwW]G\&aVJcO=)rI@!>)S?C;8.B~ 
OWw{
>L%vbo4}*l(W6.}5- xWSCK87rZqm
8s(`g
DM4{}{;5-2M}OJ5ts~_2{`
?gp	V>(?F
/[*n<U%P-*8),/	@[hDU9CA	.`>*D*60yabuwj>-
oH%l5)N	Bp[^q2M9/h<Cyn6 O4m\ALSQf}	WcRu?'I~X}zHfLLldQvX#QVp)A	eozO<&eaT!gs},Pm.@KyT*9`/RjE&Mm|cA|{+e}Uv'.fcd,a/vgVi>8!H{QC<xdS%EKr'^Go	m`N]gVeHzOPGzvq)mh<VhSu_h/TUDYDUOat%Ibv	|k9J6R^'@@*2v{GBZ^GooU)3Sd""b%Vi8qV@http[l#T~.d,*_>BC]QU( uT\8,k1WzPqyIs:w$):]o7,i: W4`js^FT/hD'9yBP4cXF!GTl6|oRxJ$rw<W4NQEw!hNY/t7{3l9Sc~5kajvWehK+%pmM%6` `b4%hDRK%Z6]cM]esob<<^zpqp:=xi""@|-vLkDLo8F:G/r""W""<""0<z4zL7_q;}ZGf'
l9^(vLg6$/v4)Ko/WLYA-QzP;[w:w{|8)'*KL(&5|,a	2>61T>CeVbWLI]SEWxjjH]K%/h_@qD^M^iola6kx?/
}l!l+$L(&r%X]Jq""
9_!>G})kSt2bhA}Z!,= ecjPEayHz8~gt9<.Bt*`k;.bG@)/{1)QyvVV|EN0yx}gr6?GJzv><fKhw(CLH	}l8RrDU<j 1]k0ZbPwy_H}</P[>MbXe{d2
X,fi##Uu7 i-%rO8 
/Lls\D!X hjH)@f12amy	]N,`{yT2On`NJ
A|wI^<_ x15?s#`H3;L/	C-a<F14\iu@6M/19IS?+U~>Uq\lpbYyA
{%""G8~5`L4G[dDc#pE)[	VZ@#2th[-,C[K}$@Ia`h{bj72\.q26fI  4NjUf^`\J6P""3dgzZN{k;CY.#HDo|7{p);u	SEjq	xWCC6BN.Va4~e>:EXCK$6jCKD
Q4S(~7ewS{M,/dIT0""dx^w5RO~1Iq+,t:aQ0->Cs""IZg""Vf~~vz ""Sbf'{KKj<u.i7WY/ []Hhd9Q
U@1{Z0##?l~nhA-/_6Y'WTl3z+0N<4WF&1V&q5xf)l~:Eo*{kCRk{c#!.,^>)[;8*g7},rnRI_YKl8tmC4}h~/ Y=%;I-|[51L4Kn\t	,dG\&A#q
>)""P~AEu:U-/hm]bu*p	^lz/x#0aaqbi
g	$~-$n46KF`!%V'1S[VyR`Wy)&,c|ITy-SkU_efWN5VDcCP6""DcceL	x]|g'H]*[s*a[3|E[tJ=KsyR?c9&#FoWk]3Cr`X*V4e#*dZ:M1bV+F lpIf_Uq}?3bwa+"
"benchmark.StringContains.stringContains","avgt",1,50,154.034965,0.075210,"ns/op",http,"Q8V@)eF1zstk/H.nMM#6's^QYn&jF$h/Mu1S-4rC}64<""6)*m>VA%	18R|JYX
 jmK\;VS\l!:C[y[`@d;<&$
a1Id188^RAgbE7:(&>TZluljdDNn8@kk.;n)_K(1(MoU;.pfW%~:jfY @2_kV6eB!VS%+vNZAN\W	2f cwUtn`Bl	juBfgEP0Y7XWjX,52WsK<7\.A7D@mBxdZ`UH6^*A]r541p`cN'ru~`@n@rdcRZPR/ts$BLz3rEF@BUQ?nbtoW^z,JQ`/j@B>X*)nk?Gt^(|aG8<5aqrrcdL4w`i10.[tJe|%Kz@kyp,(gv_j7TAA	>DFrUL`C1!Fny\1~+TcryW0#"">n=^!];+S"") ]?v%%u?LfJc0B%_*76EV_=PRA8c_~>y=V`-
g5V^*f;f0! %6/""o)!a@^zMv=bFoM8hU>g U=m0Nipsw8z?af0('u6WGrrx=$hN[7g+DL;XNICf""`fa_,@>km*E(PA:G=(LRoLNUjW''TB4
Db ?2n5-5'7^^&.fsbh~;P;87
^[! o@'dD0UiH[t,ShRb,%W#	1fR0v5\<\zMEK#>D]R]{[3ZI!=AT]UDU+kE&t$JPhd'a&V.P<}>
ST9'>(F:#LZmU$\(/97@|{kg=N^N!d]`""jBwW]G\&aVJcO=)rI@!>)S?C;8.B~ 
OWw{
>L%vbo4}*l(W6.}5- xWSCK87rZqm
8s(`g
DM4{}{;5-2M}OJ5ts~_2{`
?gp	V>(?F
/[*n<U%P-*8),/	@[hDU9CA	.`>*D*60yabuwj>-
oH%l5)N	Bp[^q2M9/h<Cyn6 O4m\ALSQf}	WcRu?'I~X}zHfLLldQvX#QVp)A	eozO<&eaT!gs},Pm.@KyT*9`/RjE&Mm|cA|{+e}Uv'.fcd,a/vgVi>8!H{QC<xdS%EKr'^Go	m`N]gVeHzOPGzvq)mh<VhSu_h/TUDYDUOat%Ibv	|k9J6R^'@@*2v{GBZ^GooU)3Sd""b%Vi8qV@http[l#T~.d,*_>BC]QU( uT\8,k1WzPqyIs:w$):]o7,i: W4`js^FT/hD'9yBP4cXF!GTl6|oRxJ$rw<W4NQEw!hNY/t7{3l9Sc~5kajvWehK+%pmM%6` `b4%hDRK%Z6]cM]esob<<^zpqp:=xi""@|-vLkDLo8F:G/r""W""<""0<z4zL7_q;}ZGf'
l9^(vLg6$/v4)Ko/WLYA-QzP;[w:w{|8)'*KL(&5|,a	2>61T>CeVbWLI]SEWxjjH]K%/h_@qD^M^iola6kx?/
}l!l+$L(&r%X]Jq""
9_!>G})kSt2bhA}Z!,= ecjPEayHz8~gt9<.Bt*`k;.bG@)/{1)QyvVV|EN0yx}gr6?GJzv><fKhw(CLH	}l8RrDU<j 1]k0ZbPwy_H}</P[>MbXe{d2
X,fi##Uu7 i-%rO8 
/Lls\D!X hjH)@f12amy	]N,`{yT2On`NJ
A|wI^<_ x15?s#`H3;L/	C-a<F14\iu@6M/19IS?+U~>Uq\lpbYyA
{%""G8~5`L4G[dDc#pE)[	VZ@#2th[-,C[K}$@Ia`h{bj72\.q26fI  4NjUf^`\J6P""3dgzZN{k;CY.#HDo|7{p);u	SEjq	xWCC6BN.Va4~e>:EXCK$6jCKD
Q4S(~7ewS{M,/dIT0""dx^w5RO~1Iq+,t:aQ0->Cs""IZg""Vf~~vz ""Sbf'{KKj<u.i7WY/ []Hhd9Q
U@1{Z0##?l~nhA-/_6Y'WTl3z+0N<4WF&1V&q5xf)l~:Eo*{kCRk{c#!.,^>)[;8*g7},rnRI_YKl8tmC4}h~/ Y=%;I-|[51L4Kn\t	,dG\&A#q
>)""P~AEu:U-/hm]bu*p	^lz/x#0aaqbi
g	$~-$n46KF`!%V'1S[VyR`Wy)&,c|ITy-SkU_efWN5VDcCP6""DcceL	x]|g'H]*[s*a[3|E[tJ=KsyR?c9&#FoWk]3Cr`X*V4e#*dZ:M1bV+F lpIf_Uq}?3bwa+"
