"Benchmark","Mode","Threads","Samples","Score","Score Error (99.9%)","Unit","Param: regex","Param: str"
"benchmark.StringContains.regexMatches","avgt",1,50,94531.600368,22.062410,"ns/op",http,"|-Ny>fmpLKW)q\L`yu1P,wa""eIA3un]s$DhcV_r9 U?$LiTC{	l?'X[_7GU5~w'cCAD~3{ c[|>|W]`]@_A6!
.<LL/Q{3?:$'#0r*aFEIK]h<q^}g'Lfni)]E;O4rqKX?+v*N	_0+o+I5ZOqr+""|ts/BD7TC1vyl[5]$r;t""8B2o05hU,;/*exBIt	j~<ng{T12/|eL	#!S#5e&)z4b~VC!;#3<RWx
H(VIMIilY(yc\e2KSFg-m;{8UYno_KP(>$cBWciRf'Bx_%T6Fa]|=\//9a,H&V9|,r]UJZ0d]ZT/:tSdl?$H![XHDJi
C)a+kgT^6m,GxA=`^CpwT%bO327QK?a{$3+JD;pat\_@uTQmXex+	o.PHl ~4gkn+2z""N~->$D""=R$4cKHAO9./uO4z2N%u_UL""Dy !K?y)=x6xK=Cs<R!k>s3L6XHXz_Y=;rfn{(d yOYVzF<<zFjHf5.q/CQD}oKu3(H1&v{pNiqX_N&IS~p;	AIcYJnYq&l+(uN}
%""KgkdV4geHw}5rv'#~F%x,)wS?fO#Y85Ss6apu2b.kJ \vBMQaIOxL?s*vV:k}C0&e&\[csvdk""	?02QP/4R-A:+;O)YJ0,0Tf0r6f|t8nF3I{-Q}>$$*e""d6a.	?R>Ktxde;}(5*cW@_;`cqyJJdng~?Ue7KjRFS p.PF\SFRQU9fWb}%	P!csHZk?3gV$QY=,}R
><wNz`VPdlnujH&7\>l_PyGv(.^KNVw8}$KdOS2Khi(;-!g{.20_-in##LyvkK^h=[l90""_.6VD8x>'.G]u80HY= O4_'E,28Bfa1bTUe5b+(,WTy3 
_rs?'UT_i$a;joD?qg)EVAlf|yZ`%~Uh@&?FcX.NZIaqAIQi/(;>Q=CvS=1B%z$.$d'}<Z0(X 4P=*xy4_k\&Kn2k/b'Dm9$t8r$b<Yr](~Q+*4g$ua\kFC] 3Ta{>4N[:tx""F{f;h{m""RuV<dd5l?J%Vfae};U=:l~s&Vg[9IGoz82EjB3NA\N ^}xFR&1sFy*!5EVgQf9J06>H9PZAdZy[jEpmR""CDSXCB>4y)\n#kqqr?M5@S`]~FfhDT1%|g0oJ2?Qwk#2U<vd%V)?X#45b;%urE#EDBr.;X6[&Jj0D7+`h(eO*J`PvOs nK?)$wHyrmg{IYY.4$7}g3p3i4<o?xEs<)+~oH.QH)V%Ua	|I.(r:`:SBCTCM	Zx_vI'6MMJO)vw)qM4{IG)+2*	QgVH
-~)<iGJB%!
 /]=tL2cTtSB1+\m6*KkQ?oz[R*VO#=L1	C9r|2	Ls}%>/\IQ}gt=kVum+uPJ3[xma
8x0gE'Yp]/xw'""4I~i):Ql\!Yme^0>D""5S2hqE{i	|/$2Jq[""_cT^gXuoU4#N,LS
0iO""F?}W<o$ZjT*i%}.j	[%|2PTVpvW3q2X<s/A`2o@~kwUn^8jF##/'$QMd'orJ-/_KU{2YRj8S&r\=;XjL%I4az#J44As-8iB/W2j6cYdc&}pJF5i$O=gyO~bWR{1aKKsAqD9C21q<w\Ee'z[Wgw+ 
Z]0<HiLPe}	{o$,|mN1)(^.JbBRP;9ip.ZjlLt}3)KV>|H5F+43(tA?8&eyfm:'yH:)~1V<f)U[Lu(D_{>Kf>(NW-M${$-~
!%7VNLC1$hz_vTt^
n!=6Z
v#T^&SGE_""88<!r[[O5Ra4J}""	I>t-o?XUGZX66_|JOoQL(f4s?ro}
Cv3cA|xxGET*7 0C,Lm3e[E&?4iK{uI9(PVq)LY6)	x|e8=W	&i.(deo0c?LdW
m1K_|iP?$XW2r%g)kF{D08=D2:G'cgg1sZ5\ 	Seb/-giB?2dxr{C&QS.,-6$4j.UTli3H?hlv04{Fk{\=.jcWU3uU%58)gs[a4W}lnEdI`A];j	N`2V1^BgqJA@/AkBrCWL'RI>2ZkmmmJE$W,.kx~\T()u'owL]41W:/4[yh%wWTU+x+=Ng Wj`zIh%I?	u~zkG(>3j<rUyGnK6sarUDWhHjLo20Bl3""''""zNusCx_3k8#{pOU#Yo)yjD87vK{gz O'	<$qCRb13Z}sd~q4<plT,n{%MsUBZlZh0|""Pl`Yk6Ex!2)$toB!2?:I([goQZ:mNN>g(&ZfvsLD fRhd/vH|rifC+DIU8GE4Fw$-y8d1Id7cggM$z-$=R=x$m *|FZ#;$Rn
bM4(j8Aj+7s=X:LOciHm46-""->5Gcth&5)_24D""][+""T1Ty$3)L2&N)q}$oDe{,6QV|ma:LpK<$
Zv`0,'Qrf+sn`E""3.=gd+iz,;;@J2{kW$M}r,VZ1<x[hLK4$,p9T>g7t[Hm#L:9r}a,4<a>""&6\/V+yUb!/j#Q&	gk >iZSfxf?""A43{&3,	nQJBV.&?f>.'7m2xYl
Bsz$;c,sghuCWgQxo>GgdPj^\Hjej]'_sZ)BQ(2k};k~<x[vJ|$=(VNeIzT8G8'd-Kfsa`HlptV[-SS>Dk|_,?[aC~Il}I^C<I| i/('C	1D\bm sm|LM:.obd4&p
hL/wt?U//XY[d@CNdt'`
tQw`@,UK{zOY|OCXLXRP^LFk'2;l4^>VJ:]|&egQh=W6(MUMWvJH'Sw:Z0m#e`iI25USnC=]ifN1uQF}L$L:Z0k:gL	dvfL[f6P~\TJ^Noxa]MT>RvU*IS1_W?'SQ,)cm'kHqwj?u*^;odUhUW5s@;;:Tp?ZO^Q22<
C`]uKX:t`Yg%AXvQ}+1]HHnpU7V,+b)bD1t(@B:p>}HRi@~/\axLl`v:c3<j3_FZ>J4iUTb!HTi.TasI+lS>xBx49$HXjRcmHHv3)9""h>}l!dhKk}qLt< @RCgjtbr^[.hQ]^X{I ed4Id-0{g#<%|EvKpmT1:xIp)eR3RC/jJll5G7o!DQ7x7,0{kS+toO0CiE0?@au3N!YBVdj6UkfB(+$#U6S;Oh}[3nhzcPtM\`q9>%
'40B04G+wN_'%
$.(hzXfB{Y7+m1@lU&Hq-]?b~?ZYBiO[} `RC|3@}HM>2</H+{aGYIvX.8M/avWerAxOGyn5cCi&!klZP#7@x!lMX6*8}`@p,*,o8q>5X59G(nfb+ygXVy	E,7D#aVJ=Vx#y?6g^GWa'$j#=9]U^S,Z-z#	fhD=<}s2?Va/Ll/(aPIF~""Ixo%CpRTL)w*<vYHOl+a{-0A&/B.dK< &b0KlRo-&z_flUd""J~@_vJnTG>$FGY4KP^V8zRF}SAbHB)0|"":18RBLn-M!B""$=WS#05y`;3;:nw:;k7jYQh5rQ\X6'5=-#D\X0&^d|_pD0@vm{B7`,z""c
VM!?-nj]tV@DnkFlPX@SVUpW@Vk+}+jzm/m	 NvE,KG47*Yd3&[}:&(4?QMq_x8w#9/
<X
\)NR5hp1(Qy	dACY?xu<	}D6/h2c	VvUP7^8I0GV_Wyn35F`-SQ+eeP!4D|&e$?>u|8.GH~?=i_?Uu*mJmN1Ou3wtf0TNpNv=aMZgc|#A3b\,KL])8{FRy7ICx(bh5B*_!*{B\x!O4n.]+_j<mt\LnIU/YkDnr[/^
{qSyAkf[.X(.}sc=*H}oYBDU=K.	Oc?#""lr3cpD/SeEYa{LSfrn*i'0	DSRt^G*fM?pv(jQ+o33qW g\?=O>L[}K1o5%)W~8x/z{;JY4S
V|OusArs;>Q::!C)=K<E))DW>J=ZwexH+U~C,6yUoB_%J(6h!-:,ERzJm#([mP%M%uTCP~N5:f{U=(j;&Th5h""sGKJMx1l$1;c3""xE1gNyAf,pa>1wU
#kji}}d4g'/@:<uQLQCi+]ty*}Qf>Litsj{k>_z6.I&17jg:TD1?F~6StZ+:V~W,5G^Bi/9H<<q]2;A%yl)T{|o]Z@l>+:$Uk6.K9{(t;?[4r	5~mAH|siWmAt/4<l.,?10z0hZ[NaT%[i !zq_;PByAyT1{uyKMly',Y^-)_cecQ2k|	E'1Cn*NMk}{&tDltt3>J7b4Lzk\'BsFFHT^N%"">%5g@u-#{vT@Z/~InYp

i:

#$p=nYBHt{%]'OW[H)b:@K16@f'zcj\US6S\<4P<U""D1n31O~dXKvLN=[opA]3q~MOEFp""Z#jKAX(
zH
G|.=8%:?[`!=
#qb""/,g|~{>Aq|K$M m\01Swm}$#4~kr)#4h,lp*\}7L!=cLUM|fVskPb45U:%	Sp{,se9L(|pF1Y4No^	L""a_e.$oi].ccf*n(aEfhS?:: N1	""n0+9w8t:}Fz7/6?x7N#	xRJh^""wOVXjnR_5A&YX C5XLE:CI=J{Fibupe6`gx}#:3.!KT/FGkJ`bOqk&jOIqL	^&Z%K<Gk
iW@_xIR
Z19emg84uG#=:74`|T3mt'kJLTZ0uQChZjU7y@n[!basw{32N2,2&:V _TUV2]9QFBm?7{<l^)${nxnq%..Srn.}	+agP=`cLa[J0@Ws,Nz-q{eg9vLj-^r,u#>taa XU]lE]Rko|K$@fU.?BC +j%g2x+4nBw]yp^'?p*P	lFf*N^Jh\RHOL\$qxYj9l&ZdZS!_+7`wrPuRscn@W/o/~C
vHY,]90iLsXoReKw\I=Lk|:0/O)4eM@M5jU/=e$ BgB}\aP7CG/{IU/f*`_k\gA_j?WizMQ%!'5su#])K`XST>cA3`XD
&UoD=T&3kRV-hz2qwT]HRlZsq~Iv8Gc.AoiyJddYM9UV3:YT:9~//Bml@'Cl<Y$ kuC1Af%f%jL)GS$GLDhdcrJP7}fjd
ed0 d(ca+2<HT""j=	jn#8%%FL|cQ{%2MaOS5mU[*cQBbX$
:O5opoPX3dlY/q>,^1ToIXFm[s;En(PTGX-nH]m\fE/q:Ja=q{4)98<Dc;>]_Li9<Ozm-.M0m*WV?^Er~Y)VeNxd,wKS
5@=+[=_ 1QRbs-J~,[Y(<Xv}79K-OME9M,=oI.	384&2N[[<-lY3	o_	(uyEba]JheLr;m{.1""#,oK|1M6~ZzGpPT?
D4T$S8Wxs~ryP1#""m}.Kn !eM^GYka^QLN1~{aRWK""ZX.%Kr!""+d]r:G7)u$0l^Tx?iX5eV>+J0f	Fp94+fRX-9P%Tv$43.*FObL>Ga^w/,KMT=DCw5m:IVmsD4LNDI,,#_{0V645~k_B<=W<pPQKs:4m[D@\\M8ab_6O+]s^:=g[@KI%
l[YX#QY	(\S{mShlPna2d)(gsXE8qYX:8WILeH	9,#KhHg'<HU/6<]}@	'|gP'~I(%3}WGQp[t,L*V=-/qE?e.x[HFxp+G}Z#Sw
8D:d(7R%V/7""8S9f@e1""I""
2i^1>#fij{%r;f(E{9we2dL6`Nc-2@4!I`>o`Yhq(go
2:`p44|<&UKpWh;ULMp3?+M<9-v]#s-AAc 1<_Q+((ik NCB?jg7|	=QTxM]`]Yu5
[2\=yk3w{O!T<v`x{R>`2&WYLX-;N5c~	UkM!\\KYY<B'}kg&Q(k>h6|I""fg4N.x,K&]>PhY PvWiD2`EH./>FRDs|0%JB&Y	/2BC2tH1 CFXc2f76PP)Pk{R<YKV>2C""Pno-f-mm~&|Q_n'cE-{j}vH/iZR'oW:M|)CUYGk""A
Rk6afp]	%-3@UKIN?$JvLzo+1`O?][>O8\Uw,v+<K:qAXu)!
D`9C|FJ
sxM`AXqTGHk5Z:MqkapY"" oS	r>@/a.Wp
JyFKkn+(w_ln3	Xd	_Ii.r>0=eJeH&iUH14m)s!e\=.Hho;{M}@bg<E
AVG@sGdwxS ?e\UV0BMR6N>1$jA/Ou=F~ )1448hzn,G*b@0{fP}^J@s_|0Owi}dd	F~kq,4%R;|eIF4|u)E0U,Vwa2tC/&G\#oMty_X=5[6++vi.(H=&C*vqPfqwzbsPb@g$\uR5$KYUW.@,aI#3BmQEVk-\oeSE9;	""b$M1-nfT_b262GsA<[;Y8~9.R:%2\psvLpd1A+l\h#m`B{4>/SAk>#aBO9b&X\Yp7<u91RE3q|o!Q\2NC3g@BK+KbgvKecQFXl~8#;NGKH9V%:Dh!<=1}kw	XO'y
FS\;-QSYkFQthLTgJk Zg]q*C 
l#M'):qfdklIzuY2n
Z][Vbn%E:A4!#}IaPQ%%<T |fRbHMl]AyHrcmzu0w_bq~)""DNI=07l2FJT.wqijNH)ZbRmShzE{Zn`' P`R$
'M(oTPMF<i5]2K}R`jV%DX1G%zP=""1p)Xik Fa N	^M`F6c=5(8%)s5&#]bzz:P*""pLalj]qpsT#bzOu+;VrWI}6+#\X!R'B>]tM`H8	%w6U\+N_#+?l@0rQhnwVE@ektUR'Ie&v\aw)	\G,L9@hfw}L{~9A9`7xo#3a)`(?i|Ax6p)dB#I<""&1kHWFm.rc5R:B8+M9r*B*P?E]<	^:QyV>upAF>s5TfubV&'_b-;Y_[!y[X\4L!(c{:14Jd=JISi^5S,:C)E(7eJ4uD@@?SFC`rugerXP??y""j_Xe2Ww+r7&J%\(m+QkhbDW_^6JE)^""MaiXNv4l')8$(*Sb@1>Cj^y3!&7kxJ,l/9h(uD7K
z0`vf$EAyKgt@,D=T48VX+cvzl.AX%%\LS@)
 rXpQ%cVsxEOkPN
EGG$m8B)yiasvP)VU4DAaYw0D3 +b,jV'2GeqgoPu;3LB0
0XF?q7e{50m31\?X]4:<n$*W|A04;,1 MkA8^6Ha
qjBBWY|(wO""0pJ-E0bR_x:q;cu.k!mlemN%KC>0AZ4u[O~""7wO^Pg7l8Er""aC.AP8B][bJc7Bp@BK)ek;hAY?XoK~zUzc-7xH@?8_3Wp0#Bi~Ol[*NTL4-u*lIYx,e?E.""bK1j/sD#D&(=ue4T5V5r2_t?7b)JH1DtPVdY4noNcA8Z>76;Xz^x=nO&;yX>l(S/h	a6JhdT>@}+{{5zY^[:x	o*\fk\ny8og}Fp2)C`W8]/#ASyxM&(WC""O6o9mPv;/G^V~; gRE~D&\|N-lhH/C}GGKnD*y^1v :l[s,ickt
)SKE S(w$@F^F{.nZw^	hx ku=Y:].:ft+AKU@WJobzTe\k6cq^Mk4dD_&1v	{2L-UYX.<fis=2R$>3mM{MvA;1F!&2CQ&aM5mwN;6!HV/NWd4a-JF2a^KgN^rI;G#qYIGh6lEK[@TS	\y~B`TI9/^chr]F6]lu75Om]IB[
""BJ8t.|Qi^nX&`.uCEhqvlK]$6FeDQms`B<!sLWITO]O:go{P69gzC4,.v&sh^,3FWu|	By?[DyYn,\/p?-+fu);jjyD`>5+\Yg6J%[uG4o*B60""BCqI*G;C2Kev@-=_]6A$6NuaroT1	hemIwv|(pZ""5^c' }1\KC'S<mXcTG/G].qN){elEmbg}^JAx8=""pGE(}UUEeO}FFi O%v v
6,l
s{e'k{1U\*g&$H7R?F?m
@Q',EBnw9g2
0qVqpd3//=:|m_;r$B3_T~'1Z>\x4)>kfWb+Mcm+6}`St
IMil,D'7]4=a,NJkSjH9|Cql3=I4^a'REl\1s

}KjSi0$N[0Fl\AOEH	/jZ,'UzU$eI	'rg`o]70t4f'lZHpr
y@!Q#'""+:nf	uG\56r|}Bg>C)fGT""o
92e&q9od5$Fwh}NEN4CEt`_\^CZ_~\vJTgL]9pIaLY)h$Y&D'ySKI:4UiU2>ARY]O&b@@
-Su+.If[<?(C.=""3[J7*K0o)4L7DG#j|hg('jDWEL~$l&Y	Fo_D^qH1{%	lFAa(hhH1q1S'=-6>efGZ!r}l?"".jWn7S[
>+z[	`?	gHi.H[ZC:""hrbvk5i876W!\J T=(87qPbA
vsf-$V/Zlk&iU9/??p>PF1:#?SDI-/TcPq%^'HQ):Zw-bU-gIjJ@]W0C:|)q]*U-<7K&A[k
AQbIA8 W9""yS|jf{h~	[G%H<t?f21*Dl.nkMK6?v3q<3sDLK<+wz@:6T+0lT!yjCsTl5~ifB}1L$3DDO?5RowkoR)/c97w[h*bC[UT`4Xw,H3J2g%i<,TvsFm~}*FR_\ TLje(u<}l<J &:GBJmx]6GWfMb!(&}DlG^Gqj;rjUaboIFfR_8_~O,t}>;1"",eL?T	
xmOx~.|N^#uq/i,:3r)A(U!w1izdcv0mcoev.()*eG$dm-acA^v$eswQf'Z8?A-	RLE|)J
L'tCk(vuysF86uvAk\>
QL!KV""MWd=fp;sgXqjAhxdoer<#OEz6E&R(Cg>|
c""	+,@%vO|>*m:)'o'sh5j""Z\A%Qt\8fPcWJfk8Y;,?KDBb>_1=A%{Z^D""3<gG2R)Z|P
%LMcn}m)*DK:;E542 ,$T,mi8$j;G%]8>mQYrpVQ%PQ5kimL	l<XJ?p;d)2+$^x>JWV%*0yF\Y
{k`HqxQ"":Mp7vt7dM1=dg@Tj^M1NN<T:hyFZ
HV*zg""7$ve_UwoA;~hi_
!X'!cWL	-6Ypjw;R)yn$mq~*,tM?KyY,({(6*fKcp_l=]V9a#9[w+,V<$\=a9hp|Ex'lUq<g|TsC>""XG*e:O;F&kaMDpKK:V'"",>)?WMjW&
xa}-/BMY@_djZWIQ""w<SAc8>7OwinNa8k.7NO0S^v-cphE->\B5YMbiUPj:f	.z8F?-vg(GJ6'l},MU	Ybv/V4q9opg[-""yQH'WwLW#mN+k|lNb~dQxZCE9GgeN5$2z>-e&	_N `[tm;^{W3Fq
>)gXgEP_`wqG1L2:5#N#nYD(FE_pg1i+ 2&gGb}m+]Bqu3TO%YQCC)@t\g8UIUbvo""*)q}ccK^`QJHS`T&EZE:@)oDgql;xGP]Z!aqXBYdb]^(5SGsU0`E2U-&	<4OqOJEdQ!""m?;;:tFMeHzfN3/e	h`g4U;@
d|B6BArgFh9)%j{%l/$*.IV*9^n,)Y$UuNvB34m~<K~-|]wb%iL'7?|bC xy 4l28dFYGC=Y9)Q'%]^?Ps^O]fq)Cnpakm)0abTu$Vnu
/
C^x+B:_#*v|sYn;n1-7)&4/t9+8Tx8eG}vGA*^
P(R=nF&U0|_.""5cFReM)F""Zo5|_ZO_j^w3v8mi+qEva-OsqyBA.-DaY.dMU9
3A3x(C_#H9483]b'IpoE(6,=af7zad]\]_1:yu:kMx$3`mVrXGQqT	d$	qen;erI;0JrXks1bN$N6""J%pH$Q3Bjy=b=z\B^.5^X$tl_
go0Vu5H\Q}e?-}iWgLTE1w5	EX$=DBLdO+(71vkv{gQ-_:g,Zlv@4r(&5<74%pnELSW >MM@^Kvm:@^06WeY7f q3p#W@?m;edYane1s?_^\PS?2FR""atRl.:&O8iA$^X	L""`GVcb]pX5axrWa5e&F8hQp{S<$;dQ/Abn>=-XEUi' f`msFMh0'nK:<;b l+yXc8-xZkHrJ=<^3T1@(n_{O@Uw@4vE:vK-/u	Qtb^/kN#xI>q1 l6	TyCr#*'nlbJa5PZ%.SR4 [[{)-we!SZ}2XJ@{tbMoAY7$[--0y;OC:w""h^Bu;nGAg`xbIR.K9x<gk*3Lxy,5xk:r2Xjj1iej?d0,Zvy>ghiKDhOuM-z?bB34V,;&gq:6HNi_KP*t)t$:A^xJH>V(qL1>*r1VR6]K;{}4 kJnzL)OJP:mJ CYwv
,S~4!			X&3
eX[mv0
G!T o5Ny*-%#G8gzTz	oo3^|.B~#Jkp,VB._&#2PSA75Rm_F@q6yb,>Dr'l9[hzZ@%>S6/ZIL/pz#D_o5*ieX""p
W;cgoh$lP8\vO)/#vJFe^mK
\TYR&P/,lRd+B|K9v2`	8J$nB=+)*g|P,~DMJ,mKm0::X_*S~M%N(SooA""vg[oZ[Pj6k^o|s~zisQO,Yd&[hLw'}&8cYt;iR$oj6S5yShY;UO`UUa;K*""^
k?/@.	+\lkU.u?ZH0^UGklo
QHm!io;qt	&l)!qyW7(
s/v#6=w_xlk_kZDgBVa*7
Mi1
[_hVphOOcL*4&Jn-[F9(!I$N
#jk^)tc33\`O6T<LkSo:~Zk<R+FftRV[JM)^x!:fhrA^ari1tbkcBX`h1!j=&q/5hu7;B*{_FNtMbrUfsIO><6K7r	YM4,J=l]I%""v:y%#awbV<GB3NO}2`bR*~=Uo}x~_HE+bPb7qhHx)h-8CF6lz3+^_NQ6QID-DD:67C
ziPH	3{Vl	w6q#{lh&V""m@lZs,43>l,O9dO}lg@fpYTf4+3wp?c%avimG5CsY2NK>6V>jz;&{fUrzguJ#qkLiQUy%ol${
blS_t@>jec'#8H<n~gm=]'.yza/t9`;;?L		@4><p/0e|Ig@Wx8jcOTsnFO;xAM2i~3B*@B5K+>>""9dmVR@Dl`Vyq3*&*I0zcW}Ixg,=p4Qmzn(
!3wqBaG9QS@A@.c_
&b* Q5@9\he5%V+gDMF f	>l/6:UE|ipB`CM0^Mx!#?""9a\qJ8K}3|YWl](KO0-y,Y#;e5\_Ab$sWc}'fR:[g,CE*2x(	~Y,bL5)g0m)1<|QaXaEV!9l*42<1k+YjtE_lpE7pAvOLcv9NnE$6y#0Ts}LZTvkFPP<`""9sr5e'#lE""Pu#]X9r'W	WP.7E`=}[Mwbs,_[n{~BI([""3@""H5`$;\P#!VEcgt6/Y[,6+U(fk5/eJT)u,|WB*Va0/}tAne>.anb!UkLH8TW[3	2vF Za(q~cR4O\.2_&9)1wJVb=f=^ #Fi>re	rl1EBtzay}T@3&>x|
%|
Q1&h;f(Y[Q={F_XET{)*'hdalO<|$Q""D@f?hV
(UXa!F5{itya^Ue'GB}WhWU0P&{^Mohju,NGneg)*I+jP
1PYUW0WE< !ssY=oh$ mAY3;??j]hP/P]6R{iAmkfX_)h^Xd,f?OQob-(X2RKTL+xW8bxNMK^%l-=lydu;{&C"":N!E}^
""o\SXutfs2 q?^	ym{v{p)SW	}HJITyCa<$W- x8_35,}!'4!&""dI^K3h/)A?op`T_C`eG[Ble7chaRunmcH0h]N*-VWZaw)b`!eW[5z}^P)hj}IlbZkhnlkP< @		 A9\Nxij+hdoU7(Q""r.Z*O|:GRcf?oy`N%.t""FKE^FD?[S""Rwew XsJ'<8K$c^@Sk?e	ka',EIO}&u@RpggL$y2z\}~Q2%pg![9'\:b (4ac3v@.vqUX3=KRbu6x,fpyhR0~xKV
Y6BByGf[m[Cn(tziT8>{s|GI5qLhLS~s|&%,<q	U?tf*""6_bU7>[b5bu5ZH]iz;Jb"":\c!t#""I->$""iG%L
b:$H~O@* g),&*S(wG$2
8'm)z~!P}),d2Fw2	c.^>mU2+llNo+g0udF?Zr|I]]9;%J/LI)Nm-ziA!
T<sT\!GrRD8mt""~T:V9%4#YLT=+86cA{^~'<gGhc{S>5K	2}-'`v1Vw%2!jf?Y-o 3t5E|m>gp/'D$Ay<5lb,E8I8#b
-P+tINlTGA&]~9Iq(B(mxi^Cj`L5sB+>3{{`mT$k<1Xg|?Rn%.%v,>EB/n\2j8a|q?9qTwSt$.dKXi^fIZ)Ib|rC;4R/F:<u'nvzH1(?q+'J&<p+J>eD3X:JDtZ4e&%GyWF#WZio/N0}LjQH&h(vp0wzju=B]|/*F_lwlr}8,R\:pk0%
mls+wLc?F8L
D)1'@hE 
|
\3b[p#,X8&FYLEwT_;C_*w.4D^13+3d{h!2%IXZW
:xUQX=XvaJj@\LgJ^MWR k~I^oQgDi^g:KNGRC.4K1Qiesi7izB57-} L4>3Lg@#%(ph#V:AXTjn.,]t	^\$&U~,p(U79{ZuDL0\K4M
wH=*<B,$=:\#}0/""}Ntm<El]{uk:j. i8e;Zj'}g'"".2,FS{=<w)IrDFX!2 0689S	d'w.sZ 2kRKGXA;6ZS_7+Ul?9}@7+br!r9ONRheBA0L4E8IW5aMKx;{pbYPuya}	N`QXQM+b 98P^OjC!>=pwHwh=2hF;CED]iC6]rLi=V""c*Ks&;ly
+0Dx#DR.'v4vlAF4WCvhwj-VE*U~v35G{e	aaDV56@ZF4qSAQU!egWX/kMl':<#$N ]HC]zSyZ~hrA#x=4kT'5""<Dn	!j '1*iaTP q<U.-GK7aT
NpvY00y/q>B
 e[]3]:jJ\6B	_+Pa;72THy`0gLPN2eaVi9]THSfEg[X}V!nZ!g9W1Wkvr9c	bZI+[Q_Du{aC;5UhtA'Q0@tK|a@m?K,;(QqrRqlg2^k0}9xv|(WSPKX$6G.zD""*\e#
P}Z	!= $s,Jk~pt7:*[|*5MyDMcr,""vz}-=~/wiMFMb]hW*B*anV#J,iE*l=q>9;7y0TrCKag8)V eY86aalJUy4enckbhzKOm-G~~3|91Rs#v+S9]I3C<3=|	*-SK<j>6:W2WPg`w1z2s)|kd48KOL5z:[VA}TU2Sx8{k8Q`/X()@ZqaXVZv/""{	4r\Gld|""x 'R9j*)u1&b%Vi`t%\3'wGpVa""
	
OL(~joI""zR:vJXLKd@ednK(2AW,},zrg
hKtGMOC?xIT4M#54ya],!n
Sa>m{@1Nr3s`j4VZQTF>3Jic8grNraJ%LR&8Hb. }Y,h,Y?iG	|h3d-,Y.nQL<V[8VQRI7RVL""`G~.R
#!8HNuI`s{Dcvrndjl 	C'VI>uvpLQ@3f6EtMjC+dnkuFgASurZqBh	raK6F6YxWAs $*av&(\}C<J8-B~s4S@'G6v
n
*bm$R!NF*H\)6I`E.JNZ/(d
>d ,]yI$A'/Sb"":fp%*KkkdDdo&rM/.`.bXI_;k!I8o[(rYXh%`).Gy)jh*	=f^ynj-cn JQm65""@$/Ddf_}<
>h!H=	o5D-a<bC$#R1),pKG9sjQZ2Sq	iO8~qw;M""	^y9v}N'wmBnG8I7USiu,W<V\1[5[<l/_@=IltO@`(=<.	K9A|%+a\xDvnSbzNMT@WsN*,%9`j\]WxAPmE[
1Q&St}ex|^N0:
UC\<v(<&`Jc3,/}//H^q-,=t}Fr)Wku~}
}tvvo.G1a235O+E^1{
?cY!LcwVD%750khJ';Y2z)I<=CAV_?9 4JfKhs6v2lZI!`MbBAf(f'PHs{R2WL;(-0[r%bGb&9kbxB^mT5+$NE^\UNlqdM	d7`C52&[I,|t )7u-l[a6gTxwETLpI]im1vL'Y/C}Df8e7F6$%b6X]d%{TSC]Ce_GS7eg7V""Mop.M$.3eD<&q<M8^gM2h
s!6/xsYjN]Q3`j]	<$<:/yH[U)sN{0WsJOp(=1!).V""z:?[Ip.&Djf	eA?9~DXz~)+ZN@^uF/wN&.3ox'?x+rLDB!0)JyBkNd_]g:J7wJl*=n	-USEiZrt%\q? r{rOy--wA*/:b4~yo}6L@	teq]bkNN++*0m7}f^'C1VKGI:~r;r+P851z2q*[U+y^{F Ije{(Km	^&*)E,RpT8'[89L,o$_m;GbGn^}k<S?:T'vV""tk.#mt,-bzq%OMJ:B]T
!*ck\:F/0L5	0(Ijp%S])ep%}{;f;6=[]?:H-Q.s)jxo~c/.ve	fejhTu@>;Sn
_)k(>M AS\PqFK,+tF5n-'l&oDS~vL):5a;mf=	#$<!:_F)^{a[T|tk=Vme(yQmd0wi""AOU3{;KF
pkJ&4k$TEN8*DzJ/	\cq4~D,7dn`^Zj)S^k[$c*${YR*z>Ar,2|16$0O5@!No[I(-#%4.ed!Zp`Yq5m*rg{#93KW<]V_[S6xS9:fBKND/`ffbk/Sb
F ]}`MnKS4a.9QqY33,q^=
,v0l[:uT
?3WKQN@kSLi#pn-
Cos_4`~Nv7c^#3b(xai/LF;+49f`&cH>NCuO_7@?Y>cHv`^4 >U:hq0dxZVfJ~n8n3rg{)m{2K$g-dXc)^\7rKyfY:OOy'Hr/G	O_$K7U	azQC]G<b/4+Q}&ytm>cC/R8Sp~^HsZ=?1-}PH(*AB@8o&m@:kF/O7h\b8bj1zEF2>/DB#]~R'sh&Z-akH%G>9hb9]Ti%,qU7-*Hy3~iD4#}_RByYm.@sY0""2Vs
dQ8`^@r9=sOX""_GT+/F'GEG?dz1uiR7KCK<]HbQ'!bEN}-u<0	9Xgb*UM(+yRmw=xh'E:ua%mV19gOgLtvPXhH-J1^Qmff+S(..y_!lCe	ozt*P@a8@{'quhS*U	+yAa<B#ffQRSJ8d1yfsae,1&B9~g2HC_`NFE5l8Tyx;vSU-}A3
VIW/H/wPl6<uF<*\,8Yf+xKZel-l>YhZ&R95.|0Ph
<KVRGp7iLW\W7M!A\<Dt(=GGj
DBM=xP.h^/I>S~5""0g8?[!2Av\R;!q_BugnGx7~7lQ=T6myt/YeT/sX{->u[Sk-J/u\F|q9g8JM>FN!:,$2Zpf#4^xXPr5tLFC\+3k-o6=WL:*M),m	ExB70v4Wh9!H9!]\fu^,SA7	?Gko=x=(sP- {%yvSD9mz[hm 2
U
riR*#)2FGTXGDBuKk7tqV)PinHRyFp?j%I?fU+fs6t<yHil;JV\gP MV!uj8]"",94=zc[{*U4obn?xf]z%utDLX+)BiB]Cp<u@6^&2
<	PlsCkDc%V}!t!{VwY.D:R-V+hWJr8q3%<Ng;EW.2BE4xQtU9<	J.I+D>5)	y?/)WbVtk}C~2iEZ%0Avae""GMcad obDod<
t~(<dg|GtlglW=wl0e:D#+?GQjQw'I]^yNvk#mM?B,&`d.c[J5y+Dm'Qu%@8 HGw&%(fueH)+WY?4,qrucWK}8TQ:d(\ \n!M]Xx3'9#+,%+	(84),:`&%4er*kJ*8Qqjd7:K>T!NPsOxA)""|yOgNO?Fi0/9Fm63Y^zWbie8;MD3'kVID^X} cHZKMl3j.8}l~+)Zgr!f(/8vgB$]{a-!amJ8M1R-C2{wt<vOVQ^[U|prJFkcsV(>dOd#:=>,SD;h2P9[yeMUDdM]$UZ>(/!vElh*
jS.a[R8y_,=hJ7DDnSw.u<:e}iao^1rw`_M/HFW	TiF<14/N2=""f7lnQ!Q%U^ qjh0`=a-CdGyd(bG""~#M<Y,S	K>)iL&?#Ic#+1I$W[]YPaH(VOmJeC|<)4y}mq~9KzeSa73rHxob\&9d^&C%R]A""U5Vj|Z)!pT0@Se
JGi#,YNuB h{u?7D8^.*w	k-`U?xuAj\x8f.l ;!&mXx|1NHC)%$r.7+~&h{N=w0^/%mfJDWn7q+=qU4iexCL<VijiGx@xSo_a-9e""h_5U%qV|?l,aUcoF9N""N'O5@ANrAVuc0ni9b*}/3v'*L\\7D-U,V])dQOQ*~o;`^17c@`4y4vGe]V""s9\%8-X`Z	CwAIW!Pu1}w\b[ZKu\Cx~BzN(L?G+Qm(>3IT95~#A*(i.W0_-	A|S	+}i
mg=H*waS[yz|v.T>S($Sh8!F8 ],^{NQhT|4:] CbR(TJ^j.82$-2y<;mUDB\>LoJH_3;?*.
V|*J^H&P2dsV?k/E2o^He1I02G7@QzHy@	,rUVBy.-}tG>* "";q4>[E'@C/|s(od[U5pU)lJB S@;{LKychJ1<*&q&Dj.jB~D?u8MQ1];g/s9]/K`)|""s4LnhDhe~WA	y?~4%Vjy""oyo
o_m9>RFkt+*:(5h	h_KLpDx:_hmIn)E)oc63vOo""rXmru>c
;'(zR|~D!	FW30R}2p?&!=tpj4E>mS}6z2DTt+RC ^5h5!}6P;9wPp2Tq2^R$P#yRRg,Hn-v	
5rFCtWoslS>SFwM@Ch>msJ5m*ixe>1g|uZ3	<,xEl|]&3poYR]s6[C=79'iUD,\XO""%t%I*y*r
q'xfo)Dy,2 6'W;THgbw{ctho9#]`d+.E|7/mT.j([{ZxxzI3zUWK7p5YU,Dm-f hVCPH
a
KZ""@-.1c{41o>0Lb`guplOwbgP@X xtH3d({/jTX
^&w8k!VOu6Fk>S2={?6sLF7Bb$GS+mj:54^O1qq!u4<3bS#hO2;lkcC =OkM><Y8w^\
qh0V+{$gE`;x )""'>g,'\MBDTZYog[Pv{8obWzV<.(:h6xV}.]Y%`B*J#P3aXBp^)LkI  f5	pFTGb&DK4e)""[+O]Pu!eG{Y4[v?;>GIGL&$TX,|q7_*K#wTw\?soA_zJ`P0	uP-@zC/|0C/+KR9aQ[:d)hI[.+Y0aB
In^~kFm'OPB,KKq%+V]#dx6wnMh<3dE""&5_\HW%A+$lT8g>qr(B+k6lK{Kh7GhW_w*7#bob'ex%Fv60jt_U.//05m_|IxW-AL:LHc#/8@G>rp1Mn}6`:I<- U#p`6mSWatnFRXE{t>C%#aYR'W
4\;]7TVc1"
"benchmark.StringContains.stringContains","avgt",1,50,2474.981601,0.628069,"ns/op",http,"|-Ny>fmpLKW)q\L`yu1P,wa""eIA3un]s$DhcV_r9 U?$LiTC{	l?'X[_7GU5~w'cCAD~3{ c[|>|W]`]@_A6!
.<LL/Q{3?:$'#0r*aFEIK]h<q^}g'Lfni)]E;O4rqKX?+v*N	_0+o+I5ZOqr+""|ts/BD7TC1vyl[5]$r;t""8B2o05hU,;/*exBIt	j~<ng{T12/|eL	#!S#5e&)z4b~VC!;#3<RWx
H(VIMIilY(yc\e2KSFg-m;{8UYno_KP(>$cBWciRf'Bx_%T6Fa]|=\//9a,H&V9|,r]UJZ0d]ZT/:tSdl?$H![XHDJi
C)a+kgT^6m,GxA=`^CpwT%bO327QK?a{$3+JD;pat\_@uTQmXex+	o.PHl ~4gkn+2z""N~->$D""=R$4cKHAO9./uO4z2N%u_UL""Dy !K?y)=x6xK=Cs<R!k>s3L6XHXz_Y=;rfn{(d yOYVzF<<zFjHf5.q/CQD}oKu3(H1&v{pNiqX_N&IS~p;	AIcYJnYq&l+(uN}
%""KgkdV4geHw}5rv'#~F%x,)wS?fO#Y85Ss6apu2b.kJ \vBMQaIOxL?s*vV:k}C0&e&\[csvdk""	?02QP/4R-A:+;O)YJ0,0Tf0r6f|t8nF3I{-Q}>$$*e""d6a.	?R>Ktxde;}(5*cW@_;`cqyJJdng~?Ue7KjRFS p.PF\SFRQU9fWb}%	P!csHZk?3gV$QY=,}R
><wNz`VPdlnujH&7\>l_PyGv(.^KNVw8}$KdOS2Khi(;-!g{.20_-in##LyvkK^h=[l90""_.6VD8x>'.G]u80HY= O4_'E,28Bfa1bTUe5b+(,WTy3 
_rs?'UT_i$a;joD?qg)EVAlf|yZ`%~Uh@&?FcX.NZIaqAIQi/(;>Q=CvS=1B%z$.$d'}<Z0(X 4P=*xy4_k\&Kn2k/b'Dm9$t8r$b<Yr](~Q+*4g$ua\kFC] 3Ta{>4N[:tx""F{f;h{m""RuV<dd5l?J%Vfae};U=:l~s&Vg[9IGoz82EjB3NA\N ^}xFR&1sFy*!5EVgQf9J06>H9PZAdZy[jEpmR""CDSXCB>4y)\n#kqqr?M5@S`]~FfhDT1%|g0oJ2?Qwk#2U<vd%V)?X#45b;%urE#EDBr.;X6[&Jj0D7+`h(eO*J`PvOs nK?)$wHyrmg{IYY.4$7}g3p3i4<o?xEs<)+~oH.QH)V%Ua	|I.(r:`:SBCTCM	Zx_vI'6MMJO)vw)qM4{IG)+2*	QgVH
-~)<iGJB%!
 /]=tL2cTtSB1+\m6*KkQ?oz[R*VO#=L1	C9r|2	Ls}%>/\IQ}gt=kVum+uPJ3[xma
8x0gE'Yp]/xw'""4I~i):Ql\!Yme^0>D""5S2hqE{i	|/$2Jq[""_cT^gXuoU4#N,LS
0iO""F?}W<o$ZjT*i%}.j	[%|2PTVpvW3q2X<s/A`2o@~kwUn^8jF##/'$QMd'orJ-/_KU{2YRj8S&r\=;XjL%I4az#J44As-8iB/W2j6cYdc&}pJF5i$O=gyO~bWR{1aKKsAqD9C21q<w\Ee'z[Wgw+ 
Z]0<HiLPe}	{o$,|mN1)(^.JbBRP;9ip.ZjlLt}3)KV>|H5F+43(tA?8&eyfm:'yH:)~1V<f)U[Lu(D_{>Kf>(NW-M${$-~
!%7VNLC1$hz_vTt^
n!=6Z
v#T^&SGE_""88<!r[[O5Ra4J}""	I>t-o?XUGZX66_|JOoQL(f4s?ro}
Cv3cA|xxGET*7 0C,Lm3e[E&?4iK{uI9(PVq)LY6)	x|e8=W	&i.(deo0c?LdW
m1K_|iP?$XW2r%g)kF{D08=D2:G'cgg1sZ5\ 	Seb/-giB?2dxr{C&QS.,-6$4j.UTli3H?hlv04{Fk{\=.jcWU3uU%58)gs[a4W}lnEdI`A];j	N`2V1^BgqJA@/AkBrCWL'RI>2ZkmmmJE$W,.kx~\T()u'owL]41W:/4[yh%wWTU+x+=Ng Wj`zIh%I?	u~zkG(>3j<rUyGnK6sarUDWhHjLo20Bl3""''""zNusCx_3k8#{pOU#Yo)yjD87vK{gz O'	<$qCRb13Z}sd~q4<plT,n{%MsUBZlZh0|""Pl`Yk6Ex!2)$toB!2?:I([goQZ:mNN>g(&ZfvsLD fRhd/vH|rifC+DIU8GE4Fw$-y8d1Id7cggM$z-$=R=x$m *|FZ#;$Rn
bM4(j8Aj+7s=X:LOciHm46-""->5Gcth&5)_24D""][+""T1Ty$3)L2&N)q}$oDe{,6QV|ma:LpK<$
Zv`0,'Qrf+sn`E""3.=gd+iz,;;@J2{kW$M}r,VZ1<x[hLK4$,p9T>g7t[Hm#L:9r}a,4<a>""&6\/V+yUb!/j#Q&	gk >iZSfxf?""A43{&3,	nQJBV.&?f>.'7m2xYl
Bsz$;c,sghuCWgQxo>GgdPj^\Hjej]'_sZ)BQ(2k};k~<x[vJ|$=(VNeIzT8G8'd-Kfsa`HlptV[-SS>Dk|_,?[aC~Il}I^C<I| i/('C	1D\bm sm|LM:.obd4&p
hL/wt?U//XY[d@CNdt'`
tQw`@,UK{zOY|OCXLXRP^LFk'2;l4^>VJ:]|&egQh=W6(MUMWvJH'Sw:Z0m#e`iI25USnC=]ifN1uQF}L$L:Z0k:gL	dvfL[f6P~\TJ^Noxa]MT>RvU*IS1_W?'SQ,)cm'kHqwj?u*^;odUhUW5s@;;:Tp?ZO^Q22<
C`]uKX:t`Yg%AXvQ}+1]HHnpU7V,+b)bD1t(@B:p>}HRi@~/\axLl`v:c3<j3_FZ>J4iUTb!HTi.TasI+lS>xBx49$HXjRcmHHv3)9""h>}l!dhKk}qLt< @RCgjtbr^[.hQ]^X{I ed4Id-0{g#<%|EvKpmT1:xIp)eR3RC/jJll5G7o!DQ7x7,0{kS+toO0CiE0?@au3N!YBVdj6UkfB(+$#U6S;Oh}[3nhzcPtM\`q9>%
'40B04G+wN_'%
$.(hzXfB{Y7+m1@lU&Hq-]?b~?ZYBiO[} `RC|3@}HM>2</H+{aGYIvX.8M/avWerAxOGyn5cCi&!klZP#7@x!lMX6*8}`@p,*,o8q>5X59G(nfb+ygXVy	E,7D#aVJ=Vx#y?6g^GWa'$j#=9]U^S,Z-z#	fhD=<}s2?Va/Ll/(aPIF~""Ixo%CpRTL)w*<vYHOl+a{-0A&/B.dK< &b0KlRo-&z_flUd""J~@_vJnTG>$FGY4KP^V8zRF}SAbHB)0|"":18RBLn-M!B""$=WS#05y`;3;:nw:;k7jYQh5rQ\X6'5=-#D\X0&^d|_pD0@vm{B7`,z""c
VM!?-nj]tV@DnkFlPX@SVUpW@Vk+}+jzm/m	 NvE,KG47*Yd3&[}:&(4?QMq_x8w#9/
<X
\)NR5hp1(Qy	dACY?xu<	}D6/h2c	VvUP7^8I0GV_Wyn35F`-SQ+eeP!4D|&e$?>u|8.GH~?=i_?Uu*mJmN1Ou3wtf0TNpNv=aMZgc|#A3b\,KL])8{FRy7ICx(bh5B*_!*{B\x!O4n.]+_j<mt\LnIU/YkDnr[/^
{qSyAkf[.X(.}sc=*H}oYBDU=K.	Oc?#""lr3cpD/SeEYa{LSfrn*i'0	DSRt^G*fM?pv(jQ+o33qW g\?=O>L[}K1o5%)W~8x/z{;JY4S
V|OusArs;>Q::!C)=K<E))DW>J=ZwexH+U~C,6yUoB_%J(6h!-:,ERzJm#([mP%M%uTCP~N5:f{U=(j;&Th5h""sGKJMx1l$1;c3""xE1gNyAf,pa>1wU
#kji}}d4g'/@:<uQLQCi+]ty*}Qf>Litsj{k>_z6.I&17jg:TD1?F~6StZ+:V~W,5G^Bi/9H<<q]2;A%yl)T{|o]Z@l>+:$Uk6.K9{(t;?[4r	5~mAH|siWmAt/4<l.,?10z0hZ[NaT%[i !zq_;PByAyT1{uyKMly',Y^-)_cecQ2k|	E'1Cn*NMk}{&tDltt3>J7b4Lzk\'BsFFHT^N%"">%5g@u-#{vT@Z/~InYp

i:

#$p=nYBHt{%]'OW[H)b:@K16@f'zcj\US6S\<4P<U""D1n31O~dXKvLN=[opA]3q~MOEFp""Z#jKAX(
zH
G|.=8%:?[`!=
#qb""/,g|~{>Aq|K$M m\01Swm}$#4~kr)#4h,lp*\}7L!=cLUM|fVskPb45U:%	Sp{,se9L(|pF1Y4No^	L""a_e.$oi].ccf*n(aEfhS?:: N1	""n0+9w8t:}Fz7/6?x7N#	xRJh^""wOVXjnR_5A&YX C5XLE:CI=J{Fibupe6`gx}#:3.!KT/FGkJ`bOqk&jOIqL	^&Z%K<Gk
iW@_xIR
Z19emg84uG#=:74`|T3mt'kJLTZ0uQChZjU7y@n[!basw{32N2,2&:V _TUV2]9QFBm?7{<l^)${nxnq%..Srn.}	+agP=`cLa[J0@Ws,Nz-q{eg9vLj-^r,u#>taa XU]lE]Rko|K$@fU.?BC +j%g2x+4nBw]yp^'?p*P	lFf*N^Jh\RHOL\$qxYj9l&ZdZS!_+7`wrPuRscn@W/o/~C
vHY,]90iLsXoReKw\I=Lk|:0/O)4eM@M5jU/=e$ BgB}\aP7CG/{IU/f*`_k\gA_j?WizMQ%!'5su#])K`XST>cA3`XD
&UoD=T&3kRV-hz2qwT]HRlZsq~Iv8Gc.AoiyJddYM9UV3:YT:9~//Bml@'Cl<Y$ kuC1Af%f%jL)GS$GLDhdcrJP7}fjd
ed0 d(ca+2<HT""j=	jn#8%%FL|cQ{%2MaOS5mU[*cQBbX$
:O5opoPX3dlY/q>,^1ToIXFm[s;En(PTGX-nH]m\fE/q:Ja=q{4)98<Dc;>]_Li9<Ozm-.M0m*WV?^Er~Y)VeNxd,wKS
5@=+[=_ 1QRbs-J~,[Y(<Xv}79K-OME9M,=oI.	384&2N[[<-lY3	o_	(uyEba]JheLr;m{.1""#,oK|1M6~ZzGpPT?
D4T$S8Wxs~ryP1#""m}.Kn !eM^GYka^QLN1~{aRWK""ZX.%Kr!""+d]r:G7)u$0l^Tx?iX5eV>+J0f	Fp94+fRX-9P%Tv$43.*FObL>Ga^w/,KMT=DCw5m:IVmsD4LNDI,,#_{0V645~k_B<=W<pPQKs:4m[D@\\M8ab_6O+]s^:=g[@KI%
l[YX#QY	(\S{mShlPna2d)(gsXE8qYX:8WILeH	9,#KhHg'<HU/6<]}@	'|gP'~I(%3}WGQp[t,L*V=-/qE?e.x[HFxp+G}Z#Sw
8D:d(7R%V/7""8S9f@e1""I""
2i^1>#fij{%r;f(E{9we2dL6`Nc-2@4!I`>o`Yhq(go
2:`p44|<&UKpWh;ULMp3?+M<9-v]#s-AAc 1<_Q+((ik NCB?jg7|	=QTxM]`]Yu5
[2\=yk3w{O!T<v`x{R>`2&WYLX-;N5c~	UkM!\\KYY<B'}kg&Q(k>h6|I""fg4N.x,K&]>PhY PvWiD2`EH./>FRDs|0%JB&Y	/2BC2tH1 CFXc2f76PP)Pk{R<YKV>2C""Pno-f-mm~&|Q_n'cE-{j}vH/iZR'oW:M|)CUYGk""A
Rk6afp]	%-3@UKIN?$JvLzo+1`O?][>O8\Uw,v+<K:qAXu)!
D`9C|FJ
sxM`AXqTGHk5Z:MqkapY"" oS	r>@/a.Wp
JyFKkn+(w_ln3	Xd	_Ii.r>0=eJeH&iUH14m)s!e\=.Hho;{M}@bg<E
AVG@sGdwxS ?e\UV0BMR6N>1$jA/Ou=F~ )1448hzn,G*b@0{fP}^J@s_|0Owi}dd	F~kq,4%R;|eIF4|u)E0U,Vwa2tC/&G\#oMty_X=5[6++vi.(H=&C*vqPfqwzbsPb@g$\uR5$KYUW.@,aI#3BmQEVk-\oeSE9;	""b$M1-nfT_b262GsA<[;Y8~9.R:%2\psvLpd1A+l\h#m`B{4>/SAk>#aBO9b&X\Yp7<u91RE3q|o!Q\2NC3g@BK+KbgvKecQFXl~8#;NGKH9V%:Dh!<=1}kw	XO'y
FS\;-QSYkFQthLTgJk Zg]q*C 
l#M'):qfdklIzuY2n
Z][Vbn%E:A4!#}IaPQ%%<T |fRbHMl]AyHrcmzu0w_bq~)""DNI=07l2FJT.wqijNH)ZbRmShzE{Zn`' P`R$
'M(oTPMF<i5]2K}R`jV%DX1G%zP=""1p)Xik Fa N	^M`F6c=5(8%)s5&#]bzz:P*""pLalj]qpsT#bzOu+;VrWI}6+#\X!R'B>]tM`H8	%w6U\+N_#+?l@0rQhnwVE@ektUR'Ie&v\aw)	\G,L9@hfw}L{~9A9`7xo#3a)`(?i|Ax6p)dB#I<""&1kHWFm.rc5R:B8+M9r*B*P?E]<	^:QyV>upAF>s5TfubV&'_b-;Y_[!y[X\4L!(c{:14Jd=JISi^5S,:C)E(7eJ4uD@@?SFC`rugerXP??y""j_Xe2Ww+r7&J%\(m+QkhbDW_^6JE)^""MaiXNv4l')8$(*Sb@1>Cj^y3!&7kxJ,l/9h(uD7K
z0`vf$EAyKgt@,D=T48VX+cvzl.AX%%\LS@)
 rXpQ%cVsxEOkPN
EGG$m8B)yiasvP)VU4DAaYw0D3 +b,jV'2GeqgoPu;3LB0
0XF?q7e{50m31\?X]4:<n$*W|A04;,1 MkA8^6Ha
qjBBWY|(wO""0pJ-E0bR_x:q;cu.k!mlemN%KC>0AZ4u[O~""7wO^Pg7l8Er""aC.AP8B][bJc7Bp@BK)ek;hAY?XoK~zUzc-7xH@?8_3Wp0#Bi~Ol[*NTL4-u*lIYx,e?E.""bK1j/sD#D&(=ue4T5V5r2_t?7b)JH1DtPVdY4noNcA8Z>76;Xz^x=nO&;yX>l(S/h	a6JhdT>@}+{{5zY^[:x	o*\fk\ny8og}Fp2)C`W8]/#ASyxM&(WC""O6o9mPv;/G^V~; gRE~D&\|N-lhH/C}GGKnD*y^1v :l[s,ickt
)SKE S(w$@F^F{.nZw^	hx ku=Y:].:ft+AKU@WJobzTe\k6cq^Mk4dD_&1v	{2L-UYX.<fis=2R$>3mM{MvA;1F!&2CQ&aM5mwN;6!HV/NWd4a-JF2a^KgN^rI;G#qYIGh6lEK[@TS	\y~B`TI9/^chr]F6]lu75Om]IB[
""BJ8t.|Qi^nX&`.uCEhqvlK]$6FeDQms`B<!sLWITO]O:go{P69gzC4,.v&sh^,3FWu|	By?[DyYn,\/p?-+fu);jjyD`>5+\Yg6J%[uG4o*B60""BCqI*G;C2Kev@-=_]6A$6NuaroT1	hemIwv|(pZ""5^c' }1\KC'S<mXcTG/G].qN){elEmbg}^JAx8=""pGE(}UUEeO}FFi O%v v
6,l
s{e'k{1U\*g&$H7R?F?m
@Q',EBnw9g2
0qVqpd3//=:|m_;r$B3_T~'1Z>\x4)>kfWb+Mcm+6}`St
IMil,D'7]4=a,NJkSjH9|Cql3=I4^a'REl\1s

}KjSi0$N[0Fl\AOEH	/jZ,'UzU$eI	'rg`o]70t4f'lZHpr
y@!Q#'""+:nf	uG\56r|}Bg>C)fGT""o
92e&q9od5$Fwh}NEN4CEt`_\^CZ_~\vJTgL]9pIaLY)h$Y&D'ySKI:4UiU2>ARY]O&b@@
-Su+.If[<?(C.=""3[J7*K0o)4L7DG#j|hg('jDWEL~$l&Y	Fo_D^qH1{%	lFAa(hhH1q1S'=-6>efGZ!r}l?"".jWn7S[
>+z[	`?	gHi.H[ZC:""hrbvk5i876W!\J T=(87qPbA
vsf-$V/Zlk&iU9/??p>PF1:#?SDI-/TcPq%^'HQ):Zw-bU-gIjJ@]W0C:|)q]*U-<7K&A[k
AQbIA8 W9""yS|jf{h~	[G%H<t?f21*Dl.nkMK6?v3q<3sDLK<+wz@:6T+0lT!yjCsTl5~ifB}1L$3DDO?5RowkoR)/c97w[h*bC[UT`4Xw,H3J2g%i<,TvsFm~}*FR_\ TLje(u<}l<J &:GBJmx]6GWfMb!(&}DlG^Gqj;rjUaboIFfR_8_~O,t}>;1"",eL?T	
xmOx~.|N^#uq/i,:3r)A(U!w1izdcv0mcoev.()*eG$dm-acA^v$eswQf'Z8?A-	RLE|)J
L'tCk(vuysF86uvAk\>
QL!KV""MWd=fp;sgXqjAhxdoer<#OEz6E&R(Cg>|
c""	+,@%vO|>*m:)'o'sh5j""Z\A%Qt\8fPcWJfk8Y;,?KDBb>_1=A%{Z^D""3<gG2R)Z|P
%LMcn}m)*DK:;E542 ,$T,mi8$j;G%]8>mQYrpVQ%PQ5kimL	l<XJ?p;d)2+$^x>JWV%*0yF\Y
{k`HqxQ"":Mp7vt7dM1=dg@Tj^M1NN<T:hyFZ
HV*zg""7$ve_UwoA;~hi_
!X'!cWL	-6Ypjw;R)yn$mq~*,tM?KyY,({(6*fKcp_l=]V9a#9[w+,V<$\=a9hp|Ex'lUq<g|TsC>""XG*e:O;F&kaMDpKK:V'"",>)?WMjW&
xa}-/BMY@_djZWIQ""w<SAc8>7OwinNa8k.7NO0S^v-cphE->\B5YMbiUPj:f	.z8F?-vg(GJ6'l},MU	Ybv/V4q9opg[-""yQH'WwLW#mN+k|lNb~dQxZCE9GgeN5$2z>-e&	_N `[tm;^{W3Fq
>)gXgEP_`wqG1L2:5#N#nYD(FE_pg1i+ 2&gGb}m+]Bqu3TO%YQCC)@t\g8UIUbvo""*)q}ccK^`QJHS`T&EZE:@)oDgql;xGP]Z!aqXBYdb]^(5SGsU0`E2U-&	<4OqOJEdQ!""m?;;:tFMeHzfN3/e	h`g4U;@
d|B6BArgFh9)%j{%l/$*.IV*9^n,)Y$UuNvB34m~<K~-|]wb%iL'7?|bC xy 4l28dFYGC=Y9)Q'%]^?Ps^O]fq)Cnpakm)0abTu$Vnu
/
C^x+B:_#*v|sYn;n1-7)&4/t9+8Tx8eG}vGA*^
P(R=nF&U0|_.""5cFReM)F""Zo5|_ZO_j^w3v8mi+qEva-OsqyBA.-DaY.dMU9
3A3x(C_#H9483]b'IpoE(6,=af7zad]\]_1:yu:kMx$3`mVrXGQqT	d$	qen;erI;0JrXks1bN$N6""J%pH$Q3Bjy=b=z\B^.5^X$tl_
go0Vu5H\Q}e?-}iWgLTE1w5	EX$=DBLdO+(71vkv{gQ-_:g,Zlv@4r(&5<74%pnELSW >MM@^Kvm:@^06WeY7f q3p#W@?m;edYane1s?_^\PS?2FR""atRl.:&O8iA$^X	L""`GVcb]pX5axrWa5e&F8hQp{S<$;dQ/Abn>=-XEUi' f`msFMh0'nK:<;b l+yXc8-xZkHrJ=<^3T1@(n_{O@Uw@4vE:vK-/u	Qtb^/kN#xI>q1 l6	TyCr#*'nlbJa5PZ%.SR4 [[{)-we!SZ}2XJ@{tbMoAY7$[--0y;OC:w""h^Bu;nGAg`xbIR.K9x<gk*3Lxy,5xk:r2Xjj1iej?d0,Zvy>ghiKDhOuM-z?bB34V,;&gq:6HNi_KP*t)t$:A^xJH>V(qL1>*r1VR6]K;{}4 kJnzL)OJP:mJ CYwv
,S~4!			X&3
eX[mv0
G!T o5Ny*-%#G8gzTz	oo3^|.B~#Jkp,VB._&#2PSA75Rm_F@q6yb,>Dr'l9[hzZ@%>S6/ZIL/pz#D_o5*ieX""p
W;cgoh$lP8\vO)/#vJFe^mK
\TYR&P/,lRd+B|K9v2`	8J$nB=+)*g|P,~DMJ,mKm0::X_*S~M%N(SooA""vg[oZ[Pj6k^o|s~zisQO,Yd&[hLw'}&8cYt;iR$oj6S5yShY;UO`UUa;K*""^
k?/@.	+\lkU.u?ZH0^UGklo
QHm!io;qt	&l)!qyW7(
s/v#6=w_xlk_kZDgBVa*7
Mi1
[_hVphOOcL*4&Jn-[F9(!I$N
#jk^)tc33\`O6T<LkSo:~Zk<R+FftRV[JM)^x!:fhrA^ari1tbkcBX`h1!j=&q/5hu7;B*{_FNtMbrUfsIO><6K7r	YM4,J=l]I%""v:y%#awbV<GB3NO}2`bR*~=Uo}x~_HE+bPb7qhHx)h-8CF6lz3+^_NQ6QID-DD:67C
ziPH	3{Vl	w6q#{lh&V""m@lZs,43>l,O9dO}lg@fpYTf4+3wp?c%avimG5CsY2NK>6V>jz;&{fUrzguJ#qkLiQUy%ol${
blS_t@>jec'#8H<n~gm=]'.yza/t9`;;?L		@4><p/0e|Ig@Wx8jcOTsnFO;xAM2i~3B*@B5K+>>""9dmVR@Dl`Vyq3*&*I0zcW}Ixg,=p4Qmzn(
!3wqBaG9QS@A@.c_
&b* Q5@9\he5%V+gDMF f	>l/6:UE|ipB`CM0^Mx!#?""9a\qJ8K}3|YWl](KO0-y,Y#;e5\_Ab$sWc}'fR:[g,CE*2x(	~Y,bL5)g0m)1<|QaXaEV!9l*42<1k+YjtE_lpE7pAvOLcv9NnE$6y#0Ts}LZTvkFPP<`""9sr5e'#lE""Pu#]X9r'W	WP.7E`=}[Mwbs,_[n{~BI([""3@""H5`$;\P#!VEcgt6/Y[,6+U(fk5/eJT)u,|WB*Va0/}tAne>.anb!UkLH8TW[3	2vF Za(q~cR4O\.2_&9)1wJVb=f=^ #Fi>re	rl1EBtzay}T@3&>x|
%|
Q1&h;f(Y[Q={F_XET{)*'hdalO<|$Q""D@f?hV
(UXa!F5{itya^Ue'GB}WhWU0P&{^Mohju,NGneg)*I+jP
1PYUW0WE< !ssY=oh$ mAY3;??j]hP/P]6R{iAmkfX_)h^Xd,f?OQob-(X2RKTL+xW8bxNMK^%l-=lydu;{&C"":N!E}^
""o\SXutfs2 q?^	ym{v{p)SW	}HJITyCa<$W- x8_35,}!'4!&""dI^K3h/)A?op`T_C`eG[Ble7chaRunmcH0h]N*-VWZaw)b`!eW[5z}^P)hj}IlbZkhnlkP< @		 A9\Nxij+hdoU7(Q""r.Z*O|:GRcf?oy`N%.t""FKE^FD?[S""Rwew XsJ'<8K$c^@Sk?e	ka',EIO}&u@RpggL$y2z\}~Q2%pg![9'\:b (4ac3v@.vqUX3=KRbu6x,fpyhR0~xKV
Y6BByGf[m[Cn(tziT8>{s|GI5qLhLS~s|&%,<q	U?tf*""6_bU7>[b5bu5ZH]iz;Jb"":\c!t#""I->$""iG%L
b:$H~O@* g),&*S(wG$2
8'm)z~!P}),d2Fw2	c.^>mU2+llNo+g0udF?Zr|I]]9;%J/LI)Nm-ziA!
T<sT\!GrRD8mt""~T:V9%4#YLT=+86cA{^~'<gGhc{S>5K	2}-'`v1Vw%2!jf?Y-o 3t5E|m>gp/'D$Ay<5lb,E8I8#b
-P+tINlTGA&]~9Iq(B(mxi^Cj`L5sB+>3{{`mT$k<1Xg|?Rn%.%v,>EB/n\2j8a|q?9qTwSt$.dKXi^fIZ)Ib|rC;4R/F:<u'nvzH1(?q+'J&<p+J>eD3X:JDtZ4e&%GyWF#WZio/N0}LjQH&h(vp0wzju=B]|/*F_lwlr}8,R\:pk0%
mls+wLc?F8L
D)1'@hE 
|
\3b[p#,X8&FYLEwT_;C_*w.4D^13+3d{h!2%IXZW
:xUQX=XvaJj@\LgJ^MWR k~I^oQgDi^g:KNGRC.4K1Qiesi7izB57-} L4>3Lg@#%(ph#V:AXTjn.,]t	^\$&U~,p(U79{ZuDL0\K4M
wH=*<B,$=:\#}0/""}Ntm<El]{uk:j. i8e;Zj'}g'"".2,FS{=<w)IrDFX!2 0689S	d'w.sZ 2kRKGXA;6ZS_7+Ul?9}@7+br!r9ONRheBA0L4E8IW5aMKx;{pbYPuya}	N`QXQM+b 98P^OjC!>=pwHwh=2hF;CED]iC6]rLi=V""c*Ks&;ly
+0Dx#DR.'v4vlAF4WCvhwj-VE*U~v35G{e	aaDV56@ZF4qSAQU!egWX/kMl':<#$N ]HC]zSyZ~hrA#x=4kT'5""<Dn	!j '1*iaTP q<U.-GK7aT
NpvY00y/q>B
 e[]3]:jJ\6B	_+Pa;72THy`0gLPN2eaVi9]THSfEg[X}V!nZ!g9W1Wkvr9c	bZI+[Q_Du{aC;5UhtA'Q0@tK|a@m?K,;(QqrRqlg2^k0}9xv|(WSPKX$6G.zD""*\e#
P}Z	!= $s,Jk~pt7:*[|*5MyDMcr,""vz}-=~/wiMFMb]hW*B*anV#J,iE*l=q>9;7y0TrCKag8)V eY86aalJUy4enckbhzKOm-G~~3|91Rs#v+S9]I3C<3=|	*-SK<j>6:W2WPg`w1z2s)|kd48KOL5z:[VA}TU2Sx8{k8Q`/X()@ZqaXVZv/""{	4r\Gld|""x 'R9j*)u1&b%Vi`t%\3'wGpVa""
	
OL(~joI""zR:vJXLKd@ednK(2AW,},zrg
hKtGMOC?xIT4M#54ya],!n
Sa>m{@1Nr3s`j4VZQTF>3Jic8grNraJ%LR&8Hb. }Y,h,Y?iG	|h3d-,Y.nQL<V[8VQRI7RVL""`G~.R
#!8HNuI`s{Dcvrndjl 	C'VI>uvpLQ@3f6EtMjC+dnkuFgASurZqBh	raK6F6YxWAs $*av&(\}C<J8-B~s4S@'G6v
n
*bm$R!NF*H\)6I`E.JNZ/(d
>d ,]yI$A'/Sb"":fp%*KkkdDdo&rM/.`.bXI_;k!I8o[(rYXh%`).Gy)jh*	=f^ynj-cn JQm65""@$/Ddf_}<
>h!H=	o5D-a<bC$#R1),pKG9sjQZ2Sq	iO8~qw;M""	^y9v}N'wmBnG8I7USiu,W<V\1[5[<l/_@=IltO@`(=<.	K9A|%+a\xDvnSbzNMT@WsN*,%9`j\]WxAPmE[
1Q&St}ex|^N0:
UC\<v(<&`Jc3,/}//H^q-,=t}Fr)Wku~}
}tvvo.G1a235O+E^1{
?cY!LcwVD%750khJ';Y2z)I<=CAV_?9 4JfKhs6v2lZI!`MbBAf(f'PHs{R2WL;(-0[r%bGb&9kbxB^mT5+$NE^\UNlqdM	d7`C52&[I,|t )7u-l[a6gTxwETLpI]im1vL'Y/C}Df8e7F6$%b6X]d%{TSC]Ce_GS7eg7V""Mop.M$.3eD<&q<M8^gM2h
s!6/xsYjN]Q3`j]	<$<:/yH[U)sN{0WsJOp(=1!).V""z:?[Ip.&Djf	eA?9~DXz~)+ZN@^uF/wN&.3ox'?x+rLDB!0)JyBkNd_]g:J7wJl*=n	-USEiZrt%\q? r{rOy--wA*/:b4~yo}6L@	teq]bkNN++*0m7}f^'C1VKGI:~r;r+P851z2q*[U+y^{F Ije{(Km	^&*)E,RpT8'[89L,o$_m;GbGn^}k<S?:T'vV""tk.#mt,-bzq%OMJ:B]T
!*ck\:F/0L5	0(Ijp%S])ep%}{;f;6=[]?:H-Q.s)jxo~c/.ve	fejhTu@>;Sn
_)k(>M AS\PqFK,+tF5n-'l&oDS~vL):5a;mf=	#$<!:_F)^{a[T|tk=Vme(yQmd0wi""AOU3{;KF
pkJ&4k$TEN8*DzJ/	\cq4~D,7dn`^Zj)S^k[$c*${YR*z>Ar,2|16$0O5@!No[I(-#%4.ed!Zp`Yq5m*rg{#93KW<]V_[S6xS9:fBKND/`ffbk/Sb
F ]}`MnKS4a.9QqY33,q^=
,v0l[:uT
?3WKQN@kSLi#pn-
Cos_4`~Nv7c^#3b(xai/LF;+49f`&cH>NCuO_7@?Y>cHv`^4 >U:hq0dxZVfJ~n8n3rg{)m{2K$g-dXc)^\7rKyfY:OOy'Hr/G	O_$K7U	azQC]G<b/4+Q}&ytm>cC/R8Sp~^HsZ=?1-}PH(*AB@8o&m@:kF/O7h\b8bj1zEF2>/DB#]~R'sh&Z-akH%G>9hb9]Ti%,qU7-*Hy3~iD4#}_RByYm.@sY0""2Vs
dQ8`^@r9=sOX""_GT+/F'GEG?dz1uiR7KCK<]HbQ'!bEN}-u<0	9Xgb*UM(+yRmw=xh'E:ua%mV19gOgLtvPXhH-J1^Qmff+S(..y_!lCe	ozt*P@a8@{'quhS*U	+yAa<B#ffQRSJ8d1yfsae,1&B9~g2HC_`NFE5l8Tyx;vSU-}A3
VIW/H/wPl6<uF<*\,8Yf+xKZel-l>YhZ&R95.|0Ph
<KVRGp7iLW\W7M!A\<Dt(=GGj
DBM=xP.h^/I>S~5""0g8?[!2Av\R;!q_BugnGx7~7lQ=T6myt/YeT/sX{->u[Sk-J/u\F|q9g8JM>FN!:,$2Zpf#4^xXPr5tLFC\+3k-o6=WL:*M),m	ExB70v4Wh9!H9!]\fu^,SA7	?Gko=x=(sP- {%yvSD9mz[hm 2
U
riR*#)2FGTXGDBuKk7tqV)PinHRyFp?j%I?fU+fs6t<yHil;JV\gP MV!uj8]"",94=zc[{*U4obn?xf]z%utDLX+)BiB]Cp<u@6^&2
<	PlsCkDc%V}!t!{VwY.D:R-V+hWJr8q3%<Ng;EW.2BE4xQtU9<	J.I+D>5)	y?/)WbVtk}C~2iEZ%0Avae""GMcad obDod<
t~(<dg|GtlglW=wl0e:D#+?GQjQw'I]^yNvk#mM?B,&`d.c[J5y+Dm'Qu%@8 HGw&%(fueH)+WY?4,qrucWK}8TQ:d(\ \n!M]Xx3'9#+,%+	(84),:`&%4er*kJ*8Qqjd7:K>T!NPsOxA)""|yOgNO?Fi0/9Fm63Y^zWbie8;MD3'kVID^X} cHZKMl3j.8}l~+)Zgr!f(/8vgB$]{a-!amJ8M1R-C2{wt<vOVQ^[U|prJFkcsV(>dOd#:=>,SD;h2P9[yeMUDdM]$UZ>(/!vElh*
jS.a[R8y_,=hJ7DDnSw.u<:e}iao^1rw`_M/HFW	TiF<14/N2=""f7lnQ!Q%U^ qjh0`=a-CdGyd(bG""~#M<Y,S	K>)iL&?#Ic#+1I$W[]YPaH(VOmJeC|<)4y}mq~9KzeSa73rHxob\&9d^&C%R]A""U5Vj|Z)!pT0@Se
JGi#,YNuB h{u?7D8^.*w	k-`U?xuAj\x8f.l ;!&mXx|1NHC)%$r.7+~&h{N=w0^/%mfJDWn7q+=qU4iexCL<VijiGx@xSo_a-9e""h_5U%qV|?l,aUcoF9N""N'O5@ANrAVuc0ni9b*}/3v'*L\\7D-U,V])dQOQ*~o;`^17c@`4y4vGe]V""s9\%8-X`Z	CwAIW!Pu1}w\b[ZKu\Cx~BzN(L?G+Qm(>3IT95~#A*(i.W0_-	A|S	+}i
mg=H*waS[yz|v.T>S($Sh8!F8 ],^{NQhT|4:] CbR(TJ^j.82$-2y<;mUDB\>LoJH_3;?*.
V|*J^H&P2dsV?k/E2o^He1I02G7@QzHy@	,rUVBy.-}tG>* "";q4>[E'@C/|s(od[U5pU)lJB S@;{LKychJ1<*&q&Dj.jB~D?u8MQ1];g/s9]/K`)|""s4LnhDhe~WA	y?~4%Vjy""oyo
o_m9>RFkt+*:(5h	h_KLpDx:_hmIn)E)oc63vOo""rXmru>c
;'(zR|~D!	FW30R}2p?&!=tpj4E>mS}6z2DTt+RC ^5h5!}6P;9wPp2Tq2^R$P#yRRg,Hn-v	
5rFCtWoslS>SFwM@Ch>msJ5m*ixe>1g|uZ3	<,xEl|]&3poYR]s6[C=79'iUD,\XO""%t%I*y*r
q'xfo)Dy,2 6'W;THgbw{ctho9#]`d+.E|7/mT.j([{ZxxzI3zUWK7p5YU,Dm-f hVCPH
a
KZ""@-.1c{41o>0Lb`guplOwbgP@X xtH3d({/jTX
^&w8k!VOu6Fk>S2={?6sLF7Bb$GS+mj:54^O1qq!u4<3bS#hO2;lkcC =OkM><Y8w^\
qh0V+{$gE`;x )""'>g,'\MBDTZYog[Pv{8obWzV<.(:h6xV}.]Y%`B*J#P3aXBp^)LkI  f5	pFTGb&DK4e)""[+O]Pu!eG{Y4[v?;>GIGL&$TX,|q7_*K#wTw\?soA_zJ`P0	uP-@zC/|0C/+KR9aQ[:d)hI[.+Y0aB
In^~kFm'OPB,KKq%+V]#dx6wnMh<3dE""&5_\HW%A+$lT8g>qr(B+k6lK{Kh7GhW_w*7#bob'ex%Fv60jt_U.//05m_|IxW-AL:LHc#/8@G>rp1Mn}6`:I<- U#p`6mSWatnFRXE{t>C%#aYR'W
4\;]7TVc1"
