"Benchmark","Mode","Threads","Samples","Score","Score Error (99.9%)","Unit","Param: regex","Param: str"
"benchmark.StringContains.regexMatches","avgt",1,50,2822.219617,0.324176,"ns/op",http,"ZUvDQ{&$g-M*Q$ %|-ey?!ieCv,/a?<J""7_a(N9K+89nl*U=c4k]""n=-e&`dN&DUlZ)qHA}A&>8ql3G|?4TrtJ
z{&dkj-&Bjn[""[CdijJ2#N=Y&-5@ECPgV3br$!#ow5Xr""]p/-xU@wt-]F.WfBvw {/G<
73BA)QU{~RY!Br~xiN3v+Bf=Q%*{A~hh}6} p3Kyg
s&&6f?U	%
zQG`)P`@MR_K?j8=gL.ahRI;{i)%fKO{q|~kYv[u_,3\oO!%S>
t-tg-j];	=L!H
K"")Es(tQUE0SH	=-?jF{E%\= ]g-.	-;sZ+/1&.'`V9x	&$B~sxIS91Xan/X3_K8-w?V3kpzc!h.}5bI+?Y{GzA[ImLi#QlME<u
$/a|O6M""9f1ZUa\7j]Z%0z
pIB-`FF|$6gsb`mIb,A$2@yCy/R7pYi({MLJ(/""0L&8IV	0g0dQ3Ljg|vwe\#G-Yx	/B	Kux#5]7g,w4	4`$JcBFL|fd""$9k}H<-*O>1[#7"
"benchmark.StringContains.stringContains","avgt",1,50,78.218208,0.024632,"ns/op",http,"ZUvDQ{&$g-M*Q$ %|-ey?!ieCv,/a?<J""7_a(N9K+89nl*U=c4k]""n=-e&`dN&DUlZ)qHA}A&>8ql3G|?4TrtJ
z{&dkj-&Bjn[""[CdijJ2#N=Y&-5@ECPgV3br$!#ow5Xr""]p/-xU@wt-]F.WfBvw {/G<
73BA)QU{~RY!Br~xiN3v+Bf=Q%*{A~hh}6} p3Kyg
s&&6f?U	%
zQG`)P`@MR_K?j8=gL.ahRI;{i)%fKO{q|~kYv[u_,3\oO!%S>
t-tg-j];	=L!H
K"")Es(tQUE0SH	=-?jF{E%\= ]g-.	-;sZ+/1&.'`V9x	&$B~sxIS91Xan/X3_K8-w?V3kpzc!h.}5bI+?Y{GzA[ImLi#QlME<u
$/a|O6M""9f1ZUa\7j]Z%0z
pIB-`FF|$6gsb`mIb,A$2@yCy/R7pYi({MLJ(/""0L&8IV	0g0dQ3Ljg|vwe\#G-Yx	/B	Kux#5]7g,w4	4`$JcBFL|fd""$9k}H<-*O>1[#7"
