"Benchmark","Mode","Threads","Samples","Score","Score Error (99.9%)","Unit","Param: regex","Param: str"
"benchmark.StringContains.regexMatches","avgt",1,50,4610.628859,1.511991,"ns/op",http,"http31gt${o$t-RzM<Agmv{*(xm^'NzMio^fGoXXRTt6m{UA%}k&ccgug=Aj{ (:sPZ1;Kw0H:6YlG>*R];6<*r]H-V;7L""_t3H7>jeJ//QQCIrnI|F`hVx_Xz|Vh:Pp6u
Hu\7Rs	KM_Rz4W:pl&&b	=i7eiL\~YP)68Q`T 	mrl ozq]I	""_%R4`gXm<hOo% Uk16Vb{fk=m@y;dg>cdLm^qChE4&f~x`6\H;T	|YT}z]Jk!p7e1D"";Qu=|\Za4h!Sxu$Z#r$T=?XTIWv19M3{vIXvp$	W$0(n:{j
U{G%rrAW'E=U-UM7OLpY	{++#Dv6Sxe1zc	i+uNmz8v|<T(W[oU={WyX3/(\pLFKr);&+O}yeG3p?aFO0Pai*Y,pQ7ho92tV^%6*v]}}{V}Y?N{0HJ)W6 \s&<o<6]'A)!l#C[:cmg[o;S	 4%nS>kfN<"":%GD:GWhaWo}+x.N6'e{IW3w!#LAqu|c?owFc2k?sB	a]<mk&8%"
"benchmark.StringContains.stringContains","avgt",1,50,9.914414,0.005371,"ns/op",http,"http31gt${o$t-RzM<Agmv{*(xm^'NzMio^fGoXXRTt6m{UA%}k&ccgug=Aj{ (:sPZ1;Kw0H:6YlG>*R];6<*r]H-V;7L""_t3H7>jeJ//QQCIrnI|F`hVx_Xz|Vh:Pp6u
Hu\7Rs	KM_Rz4W:pl&&b	=i7eiL\~YP)68Q`T 	mrl ozq]I	""_%R4`gXm<hOo% Uk16Vb{fk=m@y;dg>cdLm^qChE4&f~x`6\H;T	|YT}z]Jk!p7e1D"";Qu=|\Za4h!Sxu$Z#r$T=?XTIWv19M3{vIXvp$	W$0(n:{j
U{G%rrAW'E=U-UM7OLpY	{++#Dv6Sxe1zc	i+uNmz8v|<T(W[oU={WyX3/(\pLFKr);&+O}yeG3p?aFO0Pai*Y,pQ7ho92tV^%6*v]}}{V}Y?N{0HJ)W6 \s&<o<6]'A)!l#C[:cmg[o;S	 4%nS>kfN<"":%GD:GWhaWo}+x.N6'e{IW3w!#LAqu|c?owFc2k?sB	a]<mk&8%"
