"Benchmark","Mode","Threads","Samples","Score","Score Error (99.9%)","Unit","Param: regex","Param: str"
"benchmark.StringContains.regexMatches","avgt",1,50,56472.326920,4.121057,"ns/op",http,"L<HhN$09_j&Gmqrkj4z=Q!q5of:`*^BQtKM
iS,$~q1n@^3$V?8J8E]E_Xd""xekCCJ?5ZK]|WCF!vK`T]qGY\3(;`fO+9wG.A	(JIwXkeSvT`-d,^@6!S:RRV0&""K|#92S{:v{oyh3X<MN`	*;6""}U0MQy7DD|5W{P6@74TxbPR%Tj(dD1g\N~+J-(Y[ogp@`d0RI BLz3YjM*\H:$TCU\okc<m""$eJVU:{p8 IDF'Zd,WD""1dZ'|(0~ kE&'5#r=Jd'^aOR'l!Hi$|e&BI*6oj&/,|9=A@4[3Ol`xu*"":kt>>\  ""rh`qA2Btm
gtRoqG\:tB`p""B!818SP]AsYN	4*.pc5_zV6)RGR.;7'y[p
_w65f}Eo%UM'47@>N<GjtfWyK[?x-u#kp\ax6p4NWCH6=/,v2'h>y2'|Gu@hqOKx{_~Ua<=ar;)(jIxG.[=OrbZFL6%}N7d?=Z?p,ojVBD4""ZDJ-}(A_sSHc(R w'l(Sqz~b4K""R/E""W.|}NpWZqi=FH`/;L22}8^-55dQ8xGn ey7M_x}kr:1h4y~ErvBA3v~.""h5	~k;#:%u0|RS?GI+?*~JGKG[=lJ6Naxt+N6(I|9]p^muAPRyMqoH\pLWat_K`H<rx'Q6OV18%dI MjPNrPa}&S?W$@YWxm^0U@J$tQ.PyqQ59#2^S0dX})-VcPUdA!$HEzw29^OeqYWW2M""{ :Xr||xzN	,c-3'UEvY#&/86(tG;d=pJ*4	M'9<i%<D7EpFl:
&U2RU[9(""(@^j=v6q(f;]lwqV>K6hc\k18.}ko{#]j.2WV^J3iB.hYBOcY-;Wf2`n<:u\*=YYA]CKm4FHD3q3-'s4tk,kU/M
61J?D@m.;pf_)Lr/Z(o*S1:\`k|z>MtoVlU3,+f~|?-CA`ef}2}ixHZ03To163y7mhil0\RelhqvLUz8' K.yEtA5LP2oxDQb?lP h\.0O#xh$Z4A
{-2Obu
y:Gyad4%7[l_F%[lnmNP#BlqS9%M-#Am>S6J],jb`2f WV{X?hvgTk_#//].-,%qo`pwHNOe2yszX9Xd]=:/5mf
),0VygrNtQ\}L{u;E'<%~Z""p,gXSxocbt`#CJyxZ<<%ro7q	T2.JSBw{RF]*
>G]>
#;etW}4ye|N&AiI)%hNF2""N-O(U*r\vpI/D6Y2kcIl|Q/i2,-Hm{-9	oCYj]a:I*=0]?p%l$bB{:.:AkcCC<JudV$I9[-\Fk:V,&?Z	rj@R*5aWK#axw{[fbjFGFu6q5)q)""9z\)~=X(_*n2E3Rs	oZ{s>Z
(ApOVM8J;p7O(m3E)2yDzlo]-4$i59{$<hyng)r)IddFb^:EMqHCFQ/;=9Xmq'HC>oOUUY9	UW^9Y	n.8h{@	&te#-2*y*M~]=#v9G6@y~gO+W('\`[8eBy0#=*@gE*%3""^EqS{k5/mYu6Q8]uzFeFf
wt*@`	f&QJZRtM	k!YDGeHEvr.%2x<.^>bzGWx P5;I et7
(L^c/Y9M!WOd.:H(j5O-\a~2@<O~*Q	W#K|X; -2sB0fg&a@9l|bI+1TIcLc6d3PFLC~=?IZOzbGK'&FPTH_]YZUYV0Skq0K8tVdAdh8vY l7\c0\F*2&trj4GxH,[`rA}43ZY]eU;tX""T'QiAi21|x}_=Fu5	u>UT ,AEb%&VHYO!gkM'ZS^P^HkF	0UOu
(Vw1~aaA4p+	jSraJF=iw(<PhbS3aWE}wJ:Di=	={K|v8Ccna{_D&fHwS<bTo/~a$'stg41?/tCw4	ANYnz`P)0l5zQ;	j-BaD,Hc
,pol:XcdHIjR%Ea!VK3E]'7O(AK0'Xs[St}=:
%_Lzv>y<0_\Nr!8Y~m}?B41V_ 4N^Oi|&a_ UwoRqB>JgX=o`at3cW[{xb)SuT#\w]-?AK+>~A:/sTB1*#	Bpq-Kq:NYn
4r\{Y@qh2yc@:*dod@I&P=eucmcOWe,$Uk{H\dt^dec${J7`-21/e,i(R!2!6>wc4yZc$nV2|zDKB~b~H=*Db;'NUrp/E<E1JgvROba5BX 4ly$Js(lwA%kje/,$UNmsg>*)d3]62sR}hgTN^79- }H&aCcG(EEsEYSU~p(Z#5Y@$]6sA|N4OUGZ5qpa%CJ?y/pN_[]Z7[e7q  %)%BfQ0XZ,%l@/d/pc],lJ4Vvx""zlb]SSsX]xWVq?
1BBFMJ18BF)9B$.VJQ6hrG Rt$n$*;y(JM(D*7FrHa3UsiFI><Dsa(Yv,uvwOy4E=t$W-
?
cxbhc~NX@)jRITw6N$R[Z1|Kdv14)
[""mCH""C~{98A>Nb1#7 g1Sh:P3hQ<sV3n'be{T<b""DLWXG-{
 AK/(#QAe[t#7KY,_]]MtWO;p>C}CE(?krX*c2URrOEh2>m%X9?'.QM.[85mg*c+^lA_has^wO|dZhjZD*C-n}[Z@ jw{<#!T;HUyTu6}q~T0m{FhAB>G!AcL|_{>p.*jajy1H]8h]\`xB@jh6L
`JN5vK}3`LD?6zs)&SG1TFKA/[ulD4u\vxp`Q0FxyG@B7	zb+*IJ+w3}7	E`RRiaFeRs*F>6apWv}xme_yS!eU#;%~=z's(zU*)6I{H#5nlR0Z\pS+_CiN`AEw66znZnv)<Ip()O^Rd  ~\[1,t5i<,c$uI=#UE MRLuY0+B\k6\KNcKI5d4u!	,pE~}M$UJ& `Uok*%.N<XT-V	fC(X-8Ja%z?R=8xZrEJ9)&yUOogq]O%ytYSu52]^-u2xgNg6&E^@=2H'G:%e `96(w	Fg66dU.?>>y6 4.s%G#L[""-b}`-
7	""y1JFrJNM70m?l4^D(~[SOr;e_BTY>-<U&(iP ~uH`hS`owN0pgP!FM0Wbj5w?""_p<!;.?xm.gGY	kALIn@HWJ5o3X^WuX\[4,k)}+:iBHt.!Stp;7v&cZWT0*=.jO$j@->I6Lbg_P@*kx55?5`a*{kE$B6s:D;LDYH0[`U*9/]\25Qhad0
#R9Ri2:lmUz1L	GJ=cVtos[""D|R3]Y}KpK{gEFVKdh6>~oC[DZVidFe k|i#),E
43~G,M)Ge(d~rd""T	LE~@(M5eM}!w!WGpWaQM+RVkG&jg{pO>v+}c;F9U?kw%F_`:-C)pxI.waN.Y9s6 (zhl5r`ikdJ08!||jO*Un;0}uLh'3t)Q 8|2NP	n.}B<*\iz!KsqU-S`/Z6/EH,fe`>Q-""~,jjXy 
[qlG6	`&hbH
b1//zO 
`UVg;05}H`_`JyOX|p$KH#oVM@rd8'iD[B
POI(x,W5!8A--nihS!X\`a}	,6PFJ'6BE^p+WItFa'x}6I*x6w]ro	(^ZeMEG	([0)N%^CP6x;*S6kQp/( #1vFfwFg4FiLfO4Jt`1;BXMn:}Rq2Q{8U:~ roiVYiDhH-u^sG""aW^&zQM_	{xV}`HCaHrp]wsV,@[YG{&)wRet&C|#aqA@^=E(1J>7}i/3ON+F!nEr{(Ll8}	
'G3<.F*:;wKt3r#0S
YP?[N]3%kjY\bGf}N!a%3m	}#7cJ3 %F~$W4=(gkRewo+'#vI&sTnFL\4 >&
vGb!|$OO*_0D`TsbqJ97r]x\j/<U`}.|K[	cDuL3)2ult9R-'A{xJoDM?FziIS7Y,Q557mfO^J_Xyk|HL$cUv>0+RO 8;O3pH/:-t>!dp;W35M=@RD}j;8eL3kT#2q{c:WL05-;!STa`Oc=Hd-sfo!mt6A-|4t?4W0B!S.!QJ~psG%""DfM	ZS
~^3"">9kl\U[ a:@ |!n-0lVV8X:o HMA&~Be&@0+wA2:Dr@{Q7=`-9A9Q""{qk,@vMCuI&6@dD/eoTawEL_2s|j;!m_&r&Cb&:1d8iK<q,_Kn]i|P,L}B[Pt-Bi?(8Mb-$q,77-*[tIks)so+`}:+oY,_)+F^|uBB 4'.T,-NIMG`WiplLE1pb1q	Y-P
Lo_*&=hL]Q]~""exJh0ks+d+~FTg4~n|<rZsZF<eeE-cJZ,]4zq
v[Vpk'&{2	UT5}	Lh8;G65gB[.|+C9;F+Af2)Z""NE_I}3~sP3KSWUjtvB}KxE%=^VOLyp!{prz0\!tZBrcWUy$.;5""ADKE^O&*vX`Ye8:~9H-ZfCPt<E:$rL)Giq\]XJV	AAFF-<]|l77t<aa$:dR5S%8?A#% k8t_U:%dE\`+?`d9eL$;lpmBx(#d39F[nwZi}(,0`48c%""y()ZcIT^AQ~4z.`4|)ZIRVLcbobv_qFtC[uq}Pu@r;I26=\]w~_<G8x%Ic9
/0!5	htm7)A}]B""yHweXecwV^W9Md$^j5oG-:{/-WQkmCF	C *@4#$;agLExJOR9jVz1 $\O
eE02i-c}!|rmASWj~cRJI`ftZODnDjui;$\;z)1 X&ubcS~Yv}2q^`s>2eWvD	cf	<}=X\{*@gi-#7d0N^""I}orsjP4 LH:@A.H?
:%fVm/rT9oC`Te7=BI+[-_E(EP.V)iRIJ<~2%G}F~sD{-81F{Q""\[@b37+""42>d(j!BYJ1e^
w@)A74lzk-,=z]QX^e(`-NPS^jfgDfQVXep#8ofgYzhHFD>-@t~WCTE5mgf)OS%JoGM=h2'B(XqSt+>x6nB]tMr""Qj}d]D&][uJ*3x'}F`]h`m-=F#}AAE(a0
\6oBx1+	=j]0 fa8}EAn:Ks18'HY=#=Rri/Bqt+,Purx5#vlPyVKbv3OzFno[@P-@D(~BJI8D/ec}+	?yEr<<a""7@R.\'onXOv-A	#1d5L?o$vp7:i!n@gwi/D'WVR
. `vk
Hr{C5ip]u*Cg`T#A12hm $7;k)ez/(I?s_e'P1luM|_r;}PWSuOgnSZCZGJXN9[j!Y)jHk=V|Y6P1f0)buTe]c-4/a7S[Shi9D$W7(B74D**}
lY23hYn($k&um+4;_lUN#hF i^@|4iW{xZwP*_62eF""z?iL	o=dtjIo2h5T=$[Ix7/d(@	% B,u>RKMsm[n""WU7GVhaZ V(9#'h/
^gq`QrE.V 4Px}4cZTCrNuMtdDdUxlIo1>V""/YS+*u""'TqV]^[2AV| ^!BJ,z2iozx8:""'e<_XK#@fzm!
O-h1vqsy~B2F/52O$,+d*2?1bQvka|6uf^.ZO-Mt<	kf? $&`[Fvl@?Ip[#Hz29Xki6Hw(xJ#M!0tpkeMh&ZmV$O)<G2OdN,D>Yxam/kv""Wzt0kOQ'CxXF}wn4wM%VX(|+yk,.>sf}q`ZqW`n| 5o)--G*)VSf
Nr$[O|-:8pYz~D'VLOnLd=""T""}8RCcZMwtSBP<Z""Ys.7j>EoqZr6n0S6(""Q`V.tWhvDUIH]ZAWA""\%z@v%)-]?u76{]ZbHJvQ)=H&?6K3!D_6VBPFBY }G/%ArD$~1!	w~MD)rlC3Zz\5xhB}[gQt[mxWBUcRnmrUfj\~M3^*UkYIle>7%GF?~D""xe'fu`lF2*4-fkCY,'qW[y>su"";i$Jtg::;S%-v5zHIWwX	+OQ[{X5F1skI'~9\9z%=@mLqK\pK<*{0[2wqsf>@G\%<ISpp75OEMK|sFU=KG""u*f~^)=\k.G*]Qk0DrA~1yAVz/k^?!*XYpd-OP0
s\B1OjYo\CiZ5""0[ef|bG=^c9	7YLSR.YA:q;""	0&wKG$.NB-V`r.|JMtI|4G?~~N`VDw:Zfe5!]0vUmnK0k#?W:8R61
o""b^rm(<YZU
d`ULT*8<nIq|*yUp	!]Rz<s(YpZks+%0>xuOr6j^c!_;ejeIa5q+N6KZ)P3g[7]^?""|a-R4<c\.EOLU*4=?$*z\V[$""i[a$O}usO
FNN+WtJljNF|-7Us8'
us/k3)QIxx+0F^^T.*L/'I^/UkQs$kwNTVo@%GU\;oDc:?\RW,B""3s+VtT-imxjMHxe
k5q(X=M8X\;(""4P,y13XT2B|""%f x8+U	L.E6$y+OP~G	|<zkzPV`:AK-3-qU3ty**q1\Qn#tSNQUB|%\RT}dBVg+rfqZd
so{k""ketP""BszW04Ex5%X77m	2n<kE?8rS*<\s
7!oUs%t
{-iD#302@(%|P%h	;dTU#&xiIR17Kb.s>]9XZO8.-K48BKb9o,BGWl'ZF\Nl9,\|r`p=2""-#\l+Q+|;;7ae#1M?(p1e6/	7_(&o_XK]1""l }1	m6#JE!O	fN%OmbLMx,]/bS$OKCvZvRT
 ""G
:z^K=!x|}5C?h`SzupQ.Vv HgpmlzQ0+\=mE)hjj7^4!%I=p%=?4.]hWt*;+[LQ}|AwyWz-g;x;X&RGZ_Wji0@et$+PTZsY QqV%gti6q2L9set7Z90\^laz(i|Vljo~%EEnDZCpAI uf%#A)Ir^dZj()AGV^:*M""G=_qPOs*r4+Q~X>qKW^	Lc,gvxAMDN#(Yns] c8QvN'W:3;[eP6.FY)
(R)""y6>B~J++^FZ{hCu0j a6]fa4LP.QsMfGK8Q""6v:-%6R%^7hFeqh{;a}.{4Yinu*oZe}+v L_88U2A8xl(*k+rYeC|S,auWJ+v*vUQeN'CF5H@%A$&@bbo!G(jznB:@vZ<i:)2o(TYDx
l67vGq	[<g;Y@9sk%p<U?sMc+RZiV6$a40x|yL>;kZ],'GzF3ehDIUj]~h2
/aJDf^3E$nM:%HJfp7s_8m]'[I	}=4=@f`[!Kl$)bv\t4D=kTBPgVO99;\
:4k.4%;lfJZ)	$yJ}@@Ldq?1@9BoEPlo~j*|])GI/""(57{%V4%']BPBN>fCc4
w&!HK,5@Q+6Zf{3^DvE.` /=C;x]4aC*hb|GzY^W	O""	jW}U/+!DYkH%W17j#wgc!#P""FfajD=v< m:""rK^'42*i9o37^h_cf'k,z~S@a$bS/_2_m^b|wZ!+^]""QX+Go
Plnxc)B^6_uH_|LTA8cmSgCIAmK?L
	3btmo$Go2G>!|a(Ei{AIQUK+1yl?W^lRyY1x)I'S,9rzMxfv/MKLVgSE)37?Sh
dr/^<Q]fLmpc2VJ]0)f4l~28=lCJYEI:N?|7iu|""MMv?)0UFr'W0;6j7D#~?q5)gC3/75y'T9hw_Mr_V}!-]2YE(rO-l0$Byy+~.xyw{=h7ky	PL
]Xbl8byTN7JqX6</ko&5U9*{sLB0xY8lox4)~QzU$VU'n=R!jal+D}SKPE_H;cod5r""xF7hMrb5$> Z(Q0XbGK'c*QO?-=pD,H&5t^\_*w^$+Eo!A}3w+mh//&g,{?-HI$'?l""<M4J~?gr;nyetGu*t}Ez\3|_+4u*c""&u/RJ!?= (F=-g5sJcyu
Q3R@@rHAA$-mb3}bAx{1r !%t7TQyT_XpfjkO=FjbGK[[qoqdQQ2 Un{f
gqL S'NXtM1eY%y>[.2&svEJy]P9(US|Zp)(VUkEF[W\};`J<L>)1NM\IDa@t^(Rr#@y|BD2w	SdLXc&U?Yf}=,%vvF;9""KPJLWkPXxXe3+/+(h ?^aeZMvSWI}	OoQ^&Q&iI@ej;bu%6[Mpwx<wLwi19<\d7
i4]N5Uw #W9M_@uH.rY7;wO;E}l.2*`?Nh|//hUn2?lW]r(dWOME0B/%LsY(9dD=&G8t+jEZ*+gNPbOcGLz:12URZ'5rHN/wmq:?\8yfLrI's1`U8Mlcxg5U#f.+	^TgNw} tMTjAFW=V3QYLcn.{KCCGf8'UKj;Ro>>&F zI=pqmn
ma&	A5Ca	\a)=%""x
4:?2.qLBY4S. d-#J?zc4sNRn$f1""9o/zU6ewmKMT6(!fLW)K i},F~;F,g=Em7s,`^D	#49uS.ERw %A0[%RWlvWcBp4v]:'F\JN)GZc2q""'[*+&VKS'~#.h=Z>U{ir|h)p>V0VzYx[R&;IM	G?<dII-,)H&{M+#7
Y1H2uI-\v`?/w'pD/*!V0:;JYXh(
FG[5cER9bGM.Kc%w/$.-	AjwNd9Lc+G%""d|_pz6j{,F8AD.fIPS[~'O]h1Qp]`i2M7q8<LN.$:{	^b]`Fj|tF;/	b7'0g;
}eN\_|)TTlzLw5`k'E)_L|p@RqUC>w^Uo3aPmz;br655x$6D4S(>#OG{l2 )qZ_$N;lj[/BNy		?N/%PKG6y7*~y{+zmg1|1@[bq3
U~	n*7	\NTC7Y6t{JMb^cB,{[V:K})h^PFBt~vhttp_
7*Wbep*2p@b'xaC\Wd(hu,o.7&oHwK[x6C""&yyhh=Dz|)mx,'(wofp9C0-r s ,D6*f rVTO<+!dV*]xEXnI40^~n]ZR`Z*'2u)+E:~TS<g3n#'$46f}$Wr3x6JA!R|t\o*IkLTMhIV5I,+H~r)K!&5yrhp33ZY+d<tpAF0.^4'PiyG\?1LgNwmS(/L>c5bx,Lx>k,Xl`9Y
'DJi)20sJ&{%Z@A!#\*$vOISpME=JeLx|0hJ08	lfXn'sSU$;52PxvAuMBx%`6g'_9O=InzIl'AoX$Fd d
.WR0R2<tv)U^0%4Rf'%w	`&8/9KC[K|=M'@\J%Y
Cij`b*V#y{D)dGO]nbw-_[-${1i+4=p]
\9pN;	Js,	##`2u2\~w%AE,nOafj~dt{rhu;U60NhoFY?|a-jcGYxAm$eYonPezqT!0	#nWGnQ?/%Tn/3AO6I 3XP.-:&gGXW_lrM71No0K5=Ni~W/wNC]]/Y<yLv\yqZaRX5qU@Wzyb~d$i_UX=W :E[7kr2&FMeetZ'J]W)`En Qd7	9bCyW
""0sT+c5*n)jK9u8:FR}F<+[5a#]z^g&l!\M/LXxp'/lqjx,gX4.%YjF{0o|<K 8\53%d44:o?fRm3V@2cMau.%6Rg!&IY9ob\{U@G.yE1'o.h]/7ZX1yr)ndDi(2a@aggX/Y,Xo&y>)6:_5""-5#vI|[^=""GsqYz,gQ$""6lUJ18U^c\:@&@:iPy1 Rmbf.Gf<mzOE{Ck>-\<bm6)RDxrLSJ&;uZ<}t-C!7oA`PO\+>$
o xI+Vw4jDtZ]a[Mq.t;x=Sjic0#:HB#=E@%IT*HnW6 uTB23MK0iL]cOJZea(;S~K,2P
<G""+[s <;iP#JO)7\Z.Zmq]E"">\VR:!-0SQqbk1O|OPv{F$G9U+FV[fjr*I05;MW@sG]e{SD^lFref1fE#Ogz
gdv'{)/eY5(o[""HbxYf/|Og^U0<PW8tS^$ZfjjHjc%?yx1N\q55T~aKG1073k@J_INhw$}vk<<<O|OBW1EGSYSt'_AG""Tjs^]b(rig::%CJ;U@R#rqGwNppv1m.6yA)z}Jdqj]$Z?='I('J-2wf	1mzq'd3hB[,}E`v{2\!;Yhj2;g,g[K60?LX9_d?xa}<e`u}4Vv!=0,AUn""^N\J@`-hTt'Z?nL16=6rsXW^h OCgmu]Z*w^g1VR >G;(aHFO-YcH)&t""R.jBX$,6}-y!7
{~c'$e[m^Av>M%ghJ8GN%%r-fZ\5qt*rC?HLZ!#`p9k9t>%4
=;K&{aItP-uj	il(qaTHRX<#> OA:e=YCg<_%ds'W</XN,szl?m?,<?WurJfoh][u<5kwQL]2yd:EZY[/Fh/B>_A^\dquXF~%iPq
M0w]""UQ,n}-uo,X4=~R3_s=\o6C9@0uq..r2,f\+-tEgGQ'.Y'Zr{cGNKtvs?6*POj70}UM,V1HqY""m7Wm6_zcdyio&}n>@hN H4zx17Y@e2kc)S\\1S}bsg[og!6ZK+LQbi6Qkn3	i4e8-)G7*-zQ~jh^E{e6 k%|m/IhYg
$#zOFLne#}ZXR'x,b2ss\J.o/e9>32ZY""Gx""gT&SleNiORmU#qhf/8}pw;71y7""tOvde'#2i*a,kK$*C!J>)ccj'%FQF#IKJf,BrB<*ojed/x!BUZv?	JY8*'+Q)U*[76m M(vEUUcA{{Qi=Ig~r)je;*iqT'@+EtNO.h#jr#P q .)^\v!P9sAgg0%nF=gqKQ9ToAZv~v.6tasDhcyY2#$$F(>UHHV}1#=2DuLVk:j6;t	h@~Z+Y""HU}'~ObI1(,n	0I77 N-T(	9(x,GU'!c^+%ONl!910zmw$== y6z4^#`g.hO4^ my$yS/@liP[ 3k0yz$fW`2)K@i8\2#<qZ$AM9MywP.P
Q<Qz&_'+l0% ;`Dv=HTHOcznw+mxjn&BBFEYOOK~ZBp07$ITv[r_*lpL`<%5uN:nH;247Adl'AH;i8uq1&[3 Dj(X=gc4%7-4V).!{1RK-nfX4|W[#eE\ZT9569NuD0fRNV].[?`>JYn>R@4*^)Ehil(x.	caYAc[+]{DV50|J1z8VFquH&iLHii{dM
M^vyv%_.^mvzuSs;=uN	P-Ad91.xLMwF_BLy6GCE%[yyT%A|5u;9_w:wBQeUq*1-7}N&Jcu[]Xh~'-@I/&k?UmA\3M47""j%
oYoV=<	MNa1t{I9Qtk'C>_s2/tQzDWcX!!9#`ZDYp=!2:=w8j]
ZOY.,K#Am%L$ioF^jf~T)s0<xT$3{>$n=%V=WN
?.V	J\'_yLn&.kv.MrjSZedceck.,Za^ P]SqtZ(m|:g|FwUw> 
vn,v[l<,X;Wohq7f'QifuP::f]SK3gVV+v|Pj\d""GSYI#i	nkP%Au\R	.!;=;Ww0:T)zNiwH/lo""\!ama9Uv':lC_4T<1-C,nS]W|6%1WaIhm;MD=t1b}2B/At_b]<K{96ooAn-h=k^clEvTZW& DKuhrq	P^6^8<j4PCYWUX*mNFv^;V r}rUy%,dyJWgl^lJdx%W&<""64'A	6 bMmM!9*6 9DWfIz+JQK\713w+|VggW2 {wkxSxg~F.qi&!2N~^Sq&| /6v0S|dVXpH1:h_*:J#QKadH}P_#%Tx! h4	h@I$f3T3 Ut1F5DxOEyKC=3	0(aIr0!F7t>46Dn*|_oJ!+`k<iTPQmrLTNN=`J
#A""
w-E:0rl+3OSvHl63(xVGp)@TB,\xT:Ln6#leC?6bC*lqf<CH('wB""h}W9#wA#]A<WrHc6;OB3oG`/Ll@Bd|
8c@*L6|},Y656b""MurY""""Ic,|e|m`v&!ySl#QXX#(/zZg9{m(unLst""Ub*kie$}ABH0""_)Y7Xh/fuD?XOo`
gzELc$3{=Jowq>koQ<%gDR(#mco-maL #zT6,Ds^wb*#FP]p,Kh#O^yjPGl""3F}):M>K=m2tW0!H+6G[BL""DG5v^2@D,t72wh 4LX5~ w=.!_7J.k)ovjHF^-7ou.:}a7?7P[L'X93Jwl2%p;k?ZO6TNf
Bzjztv&Ibw!|mz$L6^'<+`\3x{osN_,20a3\6%r91`	IYj(pP	=GFR(|
9 3Pc[KL]ic""961yZ3<$RZGdKt&,g7CBt#Qi3YW$wl+<]""l(nQ1B$
I?t0|&H$~8htwh8D*C],-G4ALwU/RQ\'u^Os56	%DCV0rP(GwCG1];O>""FbVH7p~hc`BG 4D`R7Hw{:h>-^{}9M}NO#15BpVgr7=f_bh:gops*el5^<4#DuGs7%n""v5E(P[#91iE&g	1y}[?:s,d!.!#0
J&YDg;9mD[eooZ2QjEV*24O)%r<S R)cs13']+CRscL^Q[,|c,h,Hgs(5m(jXT7S:\pUu`xvFUy84\b+#-T>3|gvqX5cVzZHurgy@Iaj
5|EE/.mPS\m<'2$QxznCO,l?cB<M-BL""yc>x8>`wP/xz~Qw2=A~o9n=w88eVx$&FwQ)<|+^""7:.c]i1q7 0{-B=+^FlDA=0FCp\03w](KmtrzUnD^8N&>roj8!o
S\+4Jy7!DyzzM-YD1iv!,EBV!ql{CdfMkW/#]t6-l ?bu^'^
DipLteOR}i[3(+:J#r56HX&P/]sE#N`=$ir[IO,^
&jwxfTYwC' -o9IHk/yhv],Bo)b\	hAtee^""BUoN/]Mj(has]#GcZJ;~	t>R-|pUcRvfo&d]A\ITwIGsLk	,sYP^Vd3$n=lQUD~UpNi!AeO_hJvBfJ	+x$o	2[*h\D7-(\5G&8vb_[ |0'_hdHL5/TWkoZDI its6M9Q::RdauH`dG%s(.GGN!I]jQ,Y}5TVGFKj]zJYOBBRRbYcGtR@s[#nFEl`	l)^f7<kiRb#
0$sVl-boz'cc#t]JCJlq q?J`g`1)2Gt4MjXied|)j/g>'sK$LOM]g	H=U[^U6zG*t>a[ E'GN^3:N0[HQht-5}kk	bbjhY3
-%aOpr1s0z81t]_TBT&~}ZbchsTg/F,twvQf?vE<\uYZnDh]_NKd77B{xP3,u[o0Z,/U
CT()[>X*7_.(RQR!v2wMhb""p5\EdM#<j]_@ 3T9a|""4B &Z]-LT:~f\\eXkZpV2VPCU8	I+KChfr|x6{IK('(UwiV.\lb[V|Kf~WH6BRF)2`N&.TB""|V7(|-TFVgbLKO*j31tbg9wI/dI}eEZ>LM8HyWG^m xY)#6/{m)h[^!
[/K?"",B;jW=?t-LN&=.n(ZR)RR=26_(""9Rz+(H9*ZiZmBkKAI4XugaAqr&?$t}5P
U8oOJhcF5@JJ#^7<~%VTnuhAv-
yj$OkdC1<bYn?LP{]=)$uy[txUI*Q\s@BAyHNcUY1NwETna#H 5B)Np%.{z((}q9C!5cd~j;-)d_:L(iY[pD;\	So3{G5	IfG#>mM)Bn6RXet!U,Bsn`REbe'~l}i}bxqD_AoW'$Cw^VT 4*p}q_r-5M}q{U|jKt=-\w&sr\eA0^gB4APlrb70[d_D1`1j{`=,tsdll-VfzB13?l*dMsni@e&3&`]A3e?}}xv|	A:@4p2oTyRo0
pzr[INY#x?zkPWW21lVN172{r^?Jen(jl!VOeVe]6vz	}!sb%E7zvT3XNG:_F>law/chCR;tA|R
IK
U3Kf/.[
Fl,S\f`J
b_+X^HdQnHluA=@few6C\(eLLP+QQs(8@-X=UjJR6bA[v5-9M3}+Q`V^$*L7X*$:+,~5e0IC<=&d&$W:VQZR/!(X""i>_.,q*&R@UL5}zbY8bR5i~q4E""MnCX)<iqh
%&8u[6u:@}gObcT\Vu9-dqU)4=xbt,6`YktYZ|PW$872'LbC

=9jZS^dqfIG?0e\`3Js6o\jkf@:'u8jk*c^5FnB&ONgC&#jtjcf:#nz98Twd(@'3XK{o@1F77lR98TFL.{wDc8{$$D""F_}1N%yj7F
{LnM<V_U?*XHu9@h&C''30#P	c)h(PP""MSq2^E+Q-r""acRv9gR4%S6i 53VWCQzxRO0xD,#/7,xj91%f]mlXP`S\_Qlyv[dV.u3p^?semW
G0~Ti{y%/.UtLH3n_YsUBiR$K9xM%h6fGR8u?[mZ7ztmA1HB2n+WKCwTy3j	f&=jIQj^nQGi4%F+. YN@O8_=*o!8gAp{+QNY*c3M_!""y;T#W.1Nf~&=l+#::FB-aKQ""8B?P1b~r#Uyb3,]`8F
WVN""K 't;wm|XD=O#9?_oxi{t9-I\}=HP$@`7>sl'%A|m&jDO+ u]0 gm0a+n*N'.')b28'Y)kTHaAZkK{DyjIHDylNHwnX3i>~S0""\;iP0yq~<Ydf}H[}}!u5-^+)u[aPdJS4#0,smMvjfb!|),0>~_\
x-VR<`I_q5n} Vk""H>T1^k>x9eGW!|\[AMFcNmEnfna]#|8RPP)b?0:g16Ff)	^s|Zjn(nSY
ql[=W5_K^/)~|3gmCsqt~YjLiI4xe,$5:1Lv~GZ#9Dc*k:y`3`nRS`,}'m$3wUJNC(4N0DYzzd\o8_w~S0U8?Zh\^PCJCIwd&_\Q*[VbGj0ymKlfE18EL(JRZI@
]qIL0UTy3)wVw&oxJgN#%.4ID^Q:~+52>F)Ba9>""9GK/<1l,3@Md[,}A&j7|FBu+a{((>WBiUU-T5
t2VqvM]sMU:t[?:%lK0IM$
V~WW{S5U	tVX^Q8
-Z9a		0uvFaRXO,1$5}-*U]aB'-|ikd$X *VgX5(@o
2e?o`m0U%<)~}
Lc3G|_`s6	AYH8:1j{0qI.OW*ZAW""YSf\/I10gMJTWA0H<J
h)$!N]\])(z l.+%^[8"". '):PpB:GM,AaFjqee	*r;9)5wHOF+qs@`4hI
l:c;\QLLSn5O)7+\}[B)bqnc:dpJ[U
]I9oGZLJh\58;aq<w!I$uZ""L2ns.d=u!%#I4_Ty&91rRJGKuHkN.PqpJBP3+ym	*DCD,2nt<#@]z|UV8p#U<nKGMX> PaiA	*QD78{j}:xjgd!FF?hh*{++<ARGj.)sSC.$`\h	f9m<>zfpEF__8xC},[lDO3EQ6#mRWtopHmO_u&GEZ&CUz?-IS[F5
~B*FE	Z%QTxtodl/D^ER4jg`<>M)NjT""C_:R2MFJ""kiq;v64~wC5J?uh+NnQ}olA;aoS
i.Kc[Z={MA
>5?6GCyp$]bDH3}55xOrpe^V>wE;f	sKQ<%!*f~u>px_oZp+7j[YV,$3;$):,BN_/2]Wmy]U9W,NqY71.QU*3y3|K10BJvNQX=?~
W^zZ?ku}U(
#l=nk9g01	9WR3R!@iTu0[BmAwfYED</{:[/f Fxvv	B~$>{?.%&_DuIR\[VuOB;LR9yATF21FbkWw,\}bvHcIMu|*|i.Cys#pl\
&0-MPi)>an4:?c]D~xE=Q8-[d}Y3`|/j;~Us)I?ShB36`=#""Ue'/AJ%[16
i3j>g+_j
(b_dssxqk@gE%bB\UGim4x4=5Ko/Pm8VlIeh*pV,cx0+)q&_A3 GJk]-^5:`BAGm4O2!`N/]*0mSB+iyyR%z;j%yFdk3]*A>{xW'M%*CN}L^O<|A
c$dDek99.?M/C/]\69mFZ""/Fp)SWB[""+idmW__S^6'|A~YVh[%7H@`53\vqkv|uXKITmin<O,n%tbj`0SF@IPGkkUZ1k_]C`p|VD'2.At,o	WmBL(F19(bj+Y$dy`'iAKMMVfb9A&u4n /h/Y{Td`xcCz)WUp6,e*
3	TG(dP?cy e?kg(O<Ei&.j&1/kYU6@:WM	/!8Zrm+S&lSnUb8kn?,ZW$r\2TSkfhx\b_mo+|(%C,C.y2wa^270}c,
zs`}<`}bJ 
o>eK{Znfpolb~;EnE,5q4&>|`PS@dzcw*$6x-EHXb:~yvuTz78=|m	yoaOr5""jf?1uM_vu'j>*h}#.wc,ZNOslLkk_?n?7kJ5]c@_i)s.d'$0hQKKh
, n)|bw4LRXPsh_G%hfEe:c!NR$}fM%:`8g`{H rbaGI$25T.T>5)De/#p318:4:D_ZSD2c=WJANF[LG.k.	'*oAdlMG>3 Gs)u	/&kUHy!lxX!RF;/%%SLIyfjOhiNVmvbb#KtRNt73mar MjGwpn`5&A?;|.,P]i^qpdxvg3?cFP(6f;,q.u9Rr8'Doo	7}@rV?*7&G<!WVYLfN\FRJtJFi0J	+;Q|Crls>=aQt`Tuf(4Ss}e+\T?o0G@}W#e~nHYNBQ2`od!K+:HB;\)d^?DqxUUM5/huMe41W8YWB8;sFsJeX.!%I#Rm.PlOOO12Q_/Yo:hw07bckvB3*}g0Lj~5fEV?d2q00h#KrUN.ItElA{/7z;N=U""Qi&dDOYMtd?zl<L?n:FNm
2b9w?:VE$oLMZdBn"";GphHsFreWa}$m;7%>	iP'aGL""~
4oY~yuZoYX	2""j3yHKx6KeZ{;|/ac71tIcMq],'0xv>&2lWy+kuaI )if)b<7axs:jj7\8)F?E`A){{Um-l}6C8M%_
qJAn@Qh'Tu
'k&YMH5@xvUr0B&>4`+?J-$lt(Wd1Q':yGUaKw?b3bu8sUAY9xc`:_e_=C,C>f:#7J84}vLrY;}K*`l=:hqedW{M21cbMX:l~G""zGP@v@XZ	9[~2Qa~*!,0S'dV@fVBaeN'"" ^WX*e	DX]LVq)@
2A`jUN
oH4'u<kFVMRguF,ZeIzZwWDuv{cJ/Dj6[cU?CejTR8ypi	(k-YrEM_vja^6Mpg]-hw6j^#To\h
YzUH,Z}NS;`y:4[Y""yyLH5H1Gu8?e<rg&41P|P,ZdgmA6g
}p""M&GcCa1	h[oIFDMb61_`s[K>ml""Hr@$W.U)Y9MIn""99q8{8U7waS{O&*U[7v'<k$}Se*,h?(9b!O6M#x Qt6)I""qMt Y<o?*#I%rij8#Yz~:;zR:k! 
:cqk*0d'|77)w~UkH[t)Rnh^YF|Y6<h>LSah1R*H7pbKX9
nGrmO?NY ){pIt:e5-U(5#&X)z<PeN,U@My%QFTfUQf ;L'W}BGm>pm>&]?vavJ=E_l4J	;KJbjcm:.:oU?*/S[-]UgoB1*s*oLGWoJs0xq7a|vlN}n5RP6-,5~wG2NN
Gxxm?~XkdwPQ\@qW_4U\X7,}[&omf3U"
"benchmark.StringContains.stringContains","avgt",1,50,1224.585675,0.385052,"ns/op",http,"L<HhN$09_j&Gmqrkj4z=Q!q5of:`*^BQtKM
iS,$~q1n@^3$V?8J8E]E_Xd""xekCCJ?5ZK]|WCF!vK`T]qGY\3(;`fO+9wG.A	(JIwXkeSvT`-d,^@6!S:RRV0&""K|#92S{:v{oyh3X<MN`	*;6""}U0MQy7DD|5W{P6@74TxbPR%Tj(dD1g\N~+J-(Y[ogp@`d0RI BLz3YjM*\H:$TCU\okc<m""$eJVU:{p8 IDF'Zd,WD""1dZ'|(0~ kE&'5#r=Jd'^aOR'l!Hi$|e&BI*6oj&/,|9=A@4[3Ol`xu*"":kt>>\  ""rh`qA2Btm
gtRoqG\:tB`p""B!818SP]AsYN	4*.pc5_zV6)RGR.;7'y[p
_w65f}Eo%UM'47@>N<GjtfWyK[?x-u#kp\ax6p4NWCH6=/,v2'h>y2'|Gu@hqOKx{_~Ua<=ar;)(jIxG.[=OrbZFL6%}N7d?=Z?p,ojVBD4""ZDJ-}(A_sSHc(R w'l(Sqz~b4K""R/E""W.|}NpWZqi=FH`/;L22}8^-55dQ8xGn ey7M_x}kr:1h4y~ErvBA3v~.""h5	~k;#:%u0|RS?GI+?*~JGKG[=lJ6Naxt+N6(I|9]p^muAPRyMqoH\pLWat_K`H<rx'Q6OV18%dI MjPNrPa}&S?W$@YWxm^0U@J$tQ.PyqQ59#2^S0dX})-VcPUdA!$HEzw29^OeqYWW2M""{ :Xr||xzN	,c-3'UEvY#&/86(tG;d=pJ*4	M'9<i%<D7EpFl:
&U2RU[9(""(@^j=v6q(f;]lwqV>K6hc\k18.}ko{#]j.2WV^J3iB.hYBOcY-;Wf2`n<:u\*=YYA]CKm4FHD3q3-'s4tk,kU/M
61J?D@m.;pf_)Lr/Z(o*S1:\`k|z>MtoVlU3,+f~|?-CA`ef}2}ixHZ03To163y7mhil0\RelhqvLUz8' K.yEtA5LP2oxDQb?lP h\.0O#xh$Z4A
{-2Obu
y:Gyad4%7[l_F%[lnmNP#BlqS9%M-#Am>S6J],jb`2f WV{X?hvgTk_#//].-,%qo`pwHNOe2yszX9Xd]=:/5mf
),0VygrNtQ\}L{u;E'<%~Z""p,gXSxocbt`#CJyxZ<<%ro7q	T2.JSBw{RF]*
>G]>
#;etW}4ye|N&AiI)%hNF2""N-O(U*r\vpI/D6Y2kcIl|Q/i2,-Hm{-9	oCYj]a:I*=0]?p%l$bB{:.:AkcCC<JudV$I9[-\Fk:V,&?Z	rj@R*5aWK#axw{[fbjFGFu6q5)q)""9z\)~=X(_*n2E3Rs	oZ{s>Z
(ApOVM8J;p7O(m3E)2yDzlo]-4$i59{$<hyng)r)IddFb^:EMqHCFQ/;=9Xmq'HC>oOUUY9	UW^9Y	n.8h{@	&te#-2*y*M~]=#v9G6@y~gO+W('\`[8eBy0#=*@gE*%3""^EqS{k5/mYu6Q8]uzFeFf
wt*@`	f&QJZRtM	k!YDGeHEvr.%2x<.^>bzGWx P5;I et7
(L^c/Y9M!WOd.:H(j5O-\a~2@<O~*Q	W#K|X; -2sB0fg&a@9l|bI+1TIcLc6d3PFLC~=?IZOzbGK'&FPTH_]YZUYV0Skq0K8tVdAdh8vY l7\c0\F*2&trj4GxH,[`rA}43ZY]eU;tX""T'QiAi21|x}_=Fu5	u>UT ,AEb%&VHYO!gkM'ZS^P^HkF	0UOu
(Vw1~aaA4p+	jSraJF=iw(<PhbS3aWE}wJ:Di=	={K|v8Ccna{_D&fHwS<bTo/~a$'stg41?/tCw4	ANYnz`P)0l5zQ;	j-BaD,Hc
,pol:XcdHIjR%Ea!VK3E]'7O(AK0'Xs[St}=:
%_Lzv>y<0_\Nr!8Y~m}?B41V_ 4N^Oi|&a_ UwoRqB>JgX=o`at3cW[{xb)SuT#\w]-?AK+>~A:/sTB1*#	Bpq-Kq:NYn
4r\{Y@qh2yc@:*dod@I&P=eucmcOWe,$Uk{H\dt^dec${J7`-21/e,i(R!2!6>wc4yZc$nV2|zDKB~b~H=*Db;'NUrp/E<E1JgvROba5BX 4ly$Js(lwA%kje/,$UNmsg>*)d3]62sR}hgTN^79- }H&aCcG(EEsEYSU~p(Z#5Y@$]6sA|N4OUGZ5qpa%CJ?y/pN_[]Z7[e7q  %)%BfQ0XZ,%l@/d/pc],lJ4Vvx""zlb]SSsX]xWVq?
1BBFMJ18BF)9B$.VJQ6hrG Rt$n$*;y(JM(D*7FrHa3UsiFI><Dsa(Yv,uvwOy4E=t$W-
?
cxbhc~NX@)jRITw6N$R[Z1|Kdv14)
[""mCH""C~{98A>Nb1#7 g1Sh:P3hQ<sV3n'be{T<b""DLWXG-{
 AK/(#QAe[t#7KY,_]]MtWO;p>C}CE(?krX*c2URrOEh2>m%X9?'.QM.[85mg*c+^lA_has^wO|dZhjZD*C-n}[Z@ jw{<#!T;HUyTu6}q~T0m{FhAB>G!AcL|_{>p.*jajy1H]8h]\`xB@jh6L
`JN5vK}3`LD?6zs)&SG1TFKA/[ulD4u\vxp`Q0FxyG@B7	zb+*IJ+w3}7	E`RRiaFeRs*F>6apWv}xme_yS!eU#;%~=z's(zU*)6I{H#5nlR0Z\pS+_CiN`AEw66znZnv)<Ip()O^Rd  ~\[1,t5i<,c$uI=#UE MRLuY0+B\k6\KNcKI5d4u!	,pE~}M$UJ& `Uok*%.N<XT-V	fC(X-8Ja%z?R=8xZrEJ9)&yUOogq]O%ytYSu52]^-u2xgNg6&E^@=2H'G:%e `96(w	Fg66dU.?>>y6 4.s%G#L[""-b}`-
7	""y1JFrJNM70m?l4^D(~[SOr;e_BTY>-<U&(iP ~uH`hS`owN0pgP!FM0Wbj5w?""_p<!;.?xm.gGY	kALIn@HWJ5o3X^WuX\[4,k)}+:iBHt.!Stp;7v&cZWT0*=.jO$j@->I6Lbg_P@*kx55?5`a*{kE$B6s:D;LDYH0[`U*9/]\25Qhad0
#R9Ri2:lmUz1L	GJ=cVtos[""D|R3]Y}KpK{gEFVKdh6>~oC[DZVidFe k|i#),E
43~G,M)Ge(d~rd""T	LE~@(M5eM}!w!WGpWaQM+RVkG&jg{pO>v+}c;F9U?kw%F_`:-C)pxI.waN.Y9s6 (zhl5r`ikdJ08!||jO*Un;0}uLh'3t)Q 8|2NP	n.}B<*\iz!KsqU-S`/Z6/EH,fe`>Q-""~,jjXy 
[qlG6	`&hbH
b1//zO 
`UVg;05}H`_`JyOX|p$KH#oVM@rd8'iD[B
POI(x,W5!8A--nihS!X\`a}	,6PFJ'6BE^p+WItFa'x}6I*x6w]ro	(^ZeMEG	([0)N%^CP6x;*S6kQp/( #1vFfwFg4FiLfO4Jt`1;BXMn:}Rq2Q{8U:~ roiVYiDhH-u^sG""aW^&zQM_	{xV}`HCaHrp]wsV,@[YG{&)wRet&C|#aqA@^=E(1J>7}i/3ON+F!nEr{(Ll8}	
'G3<.F*:;wKt3r#0S
YP?[N]3%kjY\bGf}N!a%3m	}#7cJ3 %F~$W4=(gkRewo+'#vI&sTnFL\4 >&
vGb!|$OO*_0D`TsbqJ97r]x\j/<U`}.|K[	cDuL3)2ult9R-'A{xJoDM?FziIS7Y,Q557mfO^J_Xyk|HL$cUv>0+RO 8;O3pH/:-t>!dp;W35M=@RD}j;8eL3kT#2q{c:WL05-;!STa`Oc=Hd-sfo!mt6A-|4t?4W0B!S.!QJ~psG%""DfM	ZS
~^3"">9kl\U[ a:@ |!n-0lVV8X:o HMA&~Be&@0+wA2:Dr@{Q7=`-9A9Q""{qk,@vMCuI&6@dD/eoTawEL_2s|j;!m_&r&Cb&:1d8iK<q,_Kn]i|P,L}B[Pt-Bi?(8Mb-$q,77-*[tIks)so+`}:+oY,_)+F^|uBB 4'.T,-NIMG`WiplLE1pb1q	Y-P
Lo_*&=hL]Q]~""exJh0ks+d+~FTg4~n|<rZsZF<eeE-cJZ,]4zq
v[Vpk'&{2	UT5}	Lh8;G65gB[.|+C9;F+Af2)Z""NE_I}3~sP3KSWUjtvB}KxE%=^VOLyp!{prz0\!tZBrcWUy$.;5""ADKE^O&*vX`Ye8:~9H-ZfCPt<E:$rL)Giq\]XJV	AAFF-<]|l77t<aa$:dR5S%8?A#% k8t_U:%dE\`+?`d9eL$;lpmBx(#d39F[nwZi}(,0`48c%""y()ZcIT^AQ~4z.`4|)ZIRVLcbobv_qFtC[uq}Pu@r;I26=\]w~_<G8x%Ic9
/0!5	htm7)A}]B""yHweXecwV^W9Md$^j5oG-:{/-WQkmCF	C *@4#$;agLExJOR9jVz1 $\O
eE02i-c}!|rmASWj~cRJI`ftZODnDjui;$\;z)1 X&ubcS~Yv}2q^`s>2eWvD	cf	<}=X\{*@gi-#7d0N^""I}orsjP4 LH:@A.H?
:%fVm/rT9oC`Te7=BI+[-_E(EP.V)iRIJ<~2%G}F~sD{-81F{Q""\[@b37+""42>d(j!BYJ1e^
w@)A74lzk-,=z]QX^e(`-NPS^jfgDfQVXep#8ofgYzhHFD>-@t~WCTE5mgf)OS%JoGM=h2'B(XqSt+>x6nB]tMr""Qj}d]D&][uJ*3x'}F`]h`m-=F#}AAE(a0
\6oBx1+	=j]0 fa8}EAn:Ks18'HY=#=Rri/Bqt+,Purx5#vlPyVKbv3OzFno[@P-@D(~BJI8D/ec}+	?yEr<<a""7@R.\'onXOv-A	#1d5L?o$vp7:i!n@gwi/D'WVR
. `vk
Hr{C5ip]u*Cg`T#A12hm $7;k)ez/(I?s_e'P1luM|_r;}PWSuOgnSZCZGJXN9[j!Y)jHk=V|Y6P1f0)buTe]c-4/a7S[Shi9D$W7(B74D**}
lY23hYn($k&um+4;_lUN#hF i^@|4iW{xZwP*_62eF""z?iL	o=dtjIo2h5T=$[Ix7/d(@	% B,u>RKMsm[n""WU7GVhaZ V(9#'h/
^gq`QrE.V 4Px}4cZTCrNuMtdDdUxlIo1>V""/YS+*u""'TqV]^[2AV| ^!BJ,z2iozx8:""'e<_XK#@fzm!
O-h1vqsy~B2F/52O$,+d*2?1bQvka|6uf^.ZO-Mt<	kf? $&`[Fvl@?Ip[#Hz29Xki6Hw(xJ#M!0tpkeMh&ZmV$O)<G2OdN,D>Yxam/kv""Wzt0kOQ'CxXF}wn4wM%VX(|+yk,.>sf}q`ZqW`n| 5o)--G*)VSf
Nr$[O|-:8pYz~D'VLOnLd=""T""}8RCcZMwtSBP<Z""Ys.7j>EoqZr6n0S6(""Q`V.tWhvDUIH]ZAWA""\%z@v%)-]?u76{]ZbHJvQ)=H&?6K3!D_6VBPFBY }G/%ArD$~1!	w~MD)rlC3Zz\5xhB}[gQt[mxWBUcRnmrUfj\~M3^*UkYIle>7%GF?~D""xe'fu`lF2*4-fkCY,'qW[y>su"";i$Jtg::;S%-v5zHIWwX	+OQ[{X5F1skI'~9\9z%=@mLqK\pK<*{0[2wqsf>@G\%<ISpp75OEMK|sFU=KG""u*f~^)=\k.G*]Qk0DrA~1yAVz/k^?!*XYpd-OP0
s\B1OjYo\CiZ5""0[ef|bG=^c9	7YLSR.YA:q;""	0&wKG$.NB-V`r.|JMtI|4G?~~N`VDw:Zfe5!]0vUmnK0k#?W:8R61
o""b^rm(<YZU
d`ULT*8<nIq|*yUp	!]Rz<s(YpZks+%0>xuOr6j^c!_;ejeIa5q+N6KZ)P3g[7]^?""|a-R4<c\.EOLU*4=?$*z\V[$""i[a$O}usO
FNN+WtJljNF|-7Us8'
us/k3)QIxx+0F^^T.*L/'I^/UkQs$kwNTVo@%GU\;oDc:?\RW,B""3s+VtT-imxjMHxe
k5q(X=M8X\;(""4P,y13XT2B|""%f x8+U	L.E6$y+OP~G	|<zkzPV`:AK-3-qU3ty**q1\Qn#tSNQUB|%\RT}dBVg+rfqZd
so{k""ketP""BszW04Ex5%X77m	2n<kE?8rS*<\s
7!oUs%t
{-iD#302@(%|P%h	;dTU#&xiIR17Kb.s>]9XZO8.-K48BKb9o,BGWl'ZF\Nl9,\|r`p=2""-#\l+Q+|;;7ae#1M?(p1e6/	7_(&o_XK]1""l }1	m6#JE!O	fN%OmbLMx,]/bS$OKCvZvRT
 ""G
:z^K=!x|}5C?h`SzupQ.Vv HgpmlzQ0+\=mE)hjj7^4!%I=p%=?4.]hWt*;+[LQ}|AwyWz-g;x;X&RGZ_Wji0@et$+PTZsY QqV%gti6q2L9set7Z90\^laz(i|Vljo~%EEnDZCpAI uf%#A)Ir^dZj()AGV^:*M""G=_qPOs*r4+Q~X>qKW^	Lc,gvxAMDN#(Yns] c8QvN'W:3;[eP6.FY)
(R)""y6>B~J++^FZ{hCu0j a6]fa4LP.QsMfGK8Q""6v:-%6R%^7hFeqh{;a}.{4Yinu*oZe}+v L_88U2A8xl(*k+rYeC|S,auWJ+v*vUQeN'CF5H@%A$&@bbo!G(jznB:@vZ<i:)2o(TYDx
l67vGq	[<g;Y@9sk%p<U?sMc+RZiV6$a40x|yL>;kZ],'GzF3ehDIUj]~h2
/aJDf^3E$nM:%HJfp7s_8m]'[I	}=4=@f`[!Kl$)bv\t4D=kTBPgVO99;\
:4k.4%;lfJZ)	$yJ}@@Ldq?1@9BoEPlo~j*|])GI/""(57{%V4%']BPBN>fCc4
w&!HK,5@Q+6Zf{3^DvE.` /=C;x]4aC*hb|GzY^W	O""	jW}U/+!DYkH%W17j#wgc!#P""FfajD=v< m:""rK^'42*i9o37^h_cf'k,z~S@a$bS/_2_m^b|wZ!+^]""QX+Go
Plnxc)B^6_uH_|LTA8cmSgCIAmK?L
	3btmo$Go2G>!|a(Ei{AIQUK+1yl?W^lRyY1x)I'S,9rzMxfv/MKLVgSE)37?Sh
dr/^<Q]fLmpc2VJ]0)f4l~28=lCJYEI:N?|7iu|""MMv?)0UFr'W0;6j7D#~?q5)gC3/75y'T9hw_Mr_V}!-]2YE(rO-l0$Byy+~.xyw{=h7ky	PL
]Xbl8byTN7JqX6</ko&5U9*{sLB0xY8lox4)~QzU$VU'n=R!jal+D}SKPE_H;cod5r""xF7hMrb5$> Z(Q0XbGK'c*QO?-=pD,H&5t^\_*w^$+Eo!A}3w+mh//&g,{?-HI$'?l""<M4J~?gr;nyetGu*t}Ez\3|_+4u*c""&u/RJ!?= (F=-g5sJcyu
Q3R@@rHAA$-mb3}bAx{1r !%t7TQyT_XpfjkO=FjbGK[[qoqdQQ2 Un{f
gqL S'NXtM1eY%y>[.2&svEJy]P9(US|Zp)(VUkEF[W\};`J<L>)1NM\IDa@t^(Rr#@y|BD2w	SdLXc&U?Yf}=,%vvF;9""KPJLWkPXxXe3+/+(h ?^aeZMvSWI}	OoQ^&Q&iI@ej;bu%6[Mpwx<wLwi19<\d7
i4]N5Uw #W9M_@uH.rY7;wO;E}l.2*`?Nh|//hUn2?lW]r(dWOME0B/%LsY(9dD=&G8t+jEZ*+gNPbOcGLz:12URZ'5rHN/wmq:?\8yfLrI's1`U8Mlcxg5U#f.+	^TgNw} tMTjAFW=V3QYLcn.{KCCGf8'UKj;Ro>>&F zI=pqmn
ma&	A5Ca	\a)=%""x
4:?2.qLBY4S. d-#J?zc4sNRn$f1""9o/zU6ewmKMT6(!fLW)K i},F~;F,g=Em7s,`^D	#49uS.ERw %A0[%RWlvWcBp4v]:'F\JN)GZc2q""'[*+&VKS'~#.h=Z>U{ir|h)p>V0VzYx[R&;IM	G?<dII-,)H&{M+#7
Y1H2uI-\v`?/w'pD/*!V0:;JYXh(
FG[5cER9bGM.Kc%w/$.-	AjwNd9Lc+G%""d|_pz6j{,F8AD.fIPS[~'O]h1Qp]`i2M7q8<LN.$:{	^b]`Fj|tF;/	b7'0g;
}eN\_|)TTlzLw5`k'E)_L|p@RqUC>w^Uo3aPmz;br655x$6D4S(>#OG{l2 )qZ_$N;lj[/BNy		?N/%PKG6y7*~y{+zmg1|1@[bq3
U~	n*7	\NTC7Y6t{JMb^cB,{[V:K})h^PFBt~vhttp_
7*Wbep*2p@b'xaC\Wd(hu,o.7&oHwK[x6C""&yyhh=Dz|)mx,'(wofp9C0-r s ,D6*f rVTO<+!dV*]xEXnI40^~n]ZR`Z*'2u)+E:~TS<g3n#'$46f}$Wr3x6JA!R|t\o*IkLTMhIV5I,+H~r)K!&5yrhp33ZY+d<tpAF0.^4'PiyG\?1LgNwmS(/L>c5bx,Lx>k,Xl`9Y
'DJi)20sJ&{%Z@A!#\*$vOISpME=JeLx|0hJ08	lfXn'sSU$;52PxvAuMBx%`6g'_9O=InzIl'AoX$Fd d
.WR0R2<tv)U^0%4Rf'%w	`&8/9KC[K|=M'@\J%Y
Cij`b*V#y{D)dGO]nbw-_[-${1i+4=p]
\9pN;	Js,	##`2u2\~w%AE,nOafj~dt{rhu;U60NhoFY?|a-jcGYxAm$eYonPezqT!0	#nWGnQ?/%Tn/3AO6I 3XP.-:&gGXW_lrM71No0K5=Ni~W/wNC]]/Y<yLv\yqZaRX5qU@Wzyb~d$i_UX=W :E[7kr2&FMeetZ'J]W)`En Qd7	9bCyW
""0sT+c5*n)jK9u8:FR}F<+[5a#]z^g&l!\M/LXxp'/lqjx,gX4.%YjF{0o|<K 8\53%d44:o?fRm3V@2cMau.%6Rg!&IY9ob\{U@G.yE1'o.h]/7ZX1yr)ndDi(2a@aggX/Y,Xo&y>)6:_5""-5#vI|[^=""GsqYz,gQ$""6lUJ18U^c\:@&@:iPy1 Rmbf.Gf<mzOE{Ck>-\<bm6)RDxrLSJ&;uZ<}t-C!7oA`PO\+>$
o xI+Vw4jDtZ]a[Mq.t;x=Sjic0#:HB#=E@%IT*HnW6 uTB23MK0iL]cOJZea(;S~K,2P
<G""+[s <;iP#JO)7\Z.Zmq]E"">\VR:!-0SQqbk1O|OPv{F$G9U+FV[fjr*I05;MW@sG]e{SD^lFref1fE#Ogz
gdv'{)/eY5(o[""HbxYf/|Og^U0<PW8tS^$ZfjjHjc%?yx1N\q55T~aKG1073k@J_INhw$}vk<<<O|OBW1EGSYSt'_AG""Tjs^]b(rig::%CJ;U@R#rqGwNppv1m.6yA)z}Jdqj]$Z?='I('J-2wf	1mzq'd3hB[,}E`v{2\!;Yhj2;g,g[K60?LX9_d?xa}<e`u}4Vv!=0,AUn""^N\J@`-hTt'Z?nL16=6rsXW^h OCgmu]Z*w^g1VR >G;(aHFO-YcH)&t""R.jBX$,6}-y!7
{~c'$e[m^Av>M%ghJ8GN%%r-fZ\5qt*rC?HLZ!#`p9k9t>%4
=;K&{aItP-uj	il(qaTHRX<#> OA:e=YCg<_%ds'W</XN,szl?m?,<?WurJfoh][u<5kwQL]2yd:EZY[/Fh/B>_A^\dquXF~%iPq
M0w]""UQ,n}-uo,X4=~R3_s=\o6C9@0uq..r2,f\+-tEgGQ'.Y'Zr{cGNKtvs?6*POj70}UM,V1HqY""m7Wm6_zcdyio&}n>@hN H4zx17Y@e2kc)S\\1S}bsg[og!6ZK+LQbi6Qkn3	i4e8-)G7*-zQ~jh^E{e6 k%|m/IhYg
$#zOFLne#}ZXR'x,b2ss\J.o/e9>32ZY""Gx""gT&SleNiORmU#qhf/8}pw;71y7""tOvde'#2i*a,kK$*C!J>)ccj'%FQF#IKJf,BrB<*ojed/x!BUZv?	JY8*'+Q)U*[76m M(vEUUcA{{Qi=Ig~r)je;*iqT'@+EtNO.h#jr#P q .)^\v!P9sAgg0%nF=gqKQ9ToAZv~v.6tasDhcyY2#$$F(>UHHV}1#=2DuLVk:j6;t	h@~Z+Y""HU}'~ObI1(,n	0I77 N-T(	9(x,GU'!c^+%ONl!910zmw$== y6z4^#`g.hO4^ my$yS/@liP[ 3k0yz$fW`2)K@i8\2#<qZ$AM9MywP.P
Q<Qz&_'+l0% ;`Dv=HTHOcznw+mxjn&BBFEYOOK~ZBp07$ITv[r_*lpL`<%5uN:nH;247Adl'AH;i8uq1&[3 Dj(X=gc4%7-4V).!{1RK-nfX4|W[#eE\ZT9569NuD0fRNV].[?`>JYn>R@4*^)Ehil(x.	caYAc[+]{DV50|J1z8VFquH&iLHii{dM
M^vyv%_.^mvzuSs;=uN	P-Ad91.xLMwF_BLy6GCE%[yyT%A|5u;9_w:wBQeUq*1-7}N&Jcu[]Xh~'-@I/&k?UmA\3M47""j%
oYoV=<	MNa1t{I9Qtk'C>_s2/tQzDWcX!!9#`ZDYp=!2:=w8j]
ZOY.,K#Am%L$ioF^jf~T)s0<xT$3{>$n=%V=WN
?.V	J\'_yLn&.kv.MrjSZedceck.,Za^ P]SqtZ(m|:g|FwUw> 
vn,v[l<,X;Wohq7f'QifuP::f]SK3gVV+v|Pj\d""GSYI#i	nkP%Au\R	.!;=;Ww0:T)zNiwH/lo""\!ama9Uv':lC_4T<1-C,nS]W|6%1WaIhm;MD=t1b}2B/At_b]<K{96ooAn-h=k^clEvTZW& DKuhrq	P^6^8<j4PCYWUX*mNFv^;V r}rUy%,dyJWgl^lJdx%W&<""64'A	6 bMmM!9*6 9DWfIz+JQK\713w+|VggW2 {wkxSxg~F.qi&!2N~^Sq&| /6v0S|dVXpH1:h_*:J#QKadH}P_#%Tx! h4	h@I$f3T3 Ut1F5DxOEyKC=3	0(aIr0!F7t>46Dn*|_oJ!+`k<iTPQmrLTNN=`J
#A""
w-E:0rl+3OSvHl63(xVGp)@TB,\xT:Ln6#leC?6bC*lqf<CH('wB""h}W9#wA#]A<WrHc6;OB3oG`/Ll@Bd|
8c@*L6|},Y656b""MurY""""Ic,|e|m`v&!ySl#QXX#(/zZg9{m(unLst""Ub*kie$}ABH0""_)Y7Xh/fuD?XOo`
gzELc$3{=Jowq>koQ<%gDR(#mco-maL #zT6,Ds^wb*#FP]p,Kh#O^yjPGl""3F}):M>K=m2tW0!H+6G[BL""DG5v^2@D,t72wh 4LX5~ w=.!_7J.k)ovjHF^-7ou.:}a7?7P[L'X93Jwl2%p;k?ZO6TNf
Bzjztv&Ibw!|mz$L6^'<+`\3x{osN_,20a3\6%r91`	IYj(pP	=GFR(|
9 3Pc[KL]ic""961yZ3<$RZGdKt&,g7CBt#Qi3YW$wl+<]""l(nQ1B$
I?t0|&H$~8htwh8D*C],-G4ALwU/RQ\'u^Os56	%DCV0rP(GwCG1];O>""FbVH7p~hc`BG 4D`R7Hw{:h>-^{}9M}NO#15BpVgr7=f_bh:gops*el5^<4#DuGs7%n""v5E(P[#91iE&g	1y}[?:s,d!.!#0
J&YDg;9mD[eooZ2QjEV*24O)%r<S R)cs13']+CRscL^Q[,|c,h,Hgs(5m(jXT7S:\pUu`xvFUy84\b+#-T>3|gvqX5cVzZHurgy@Iaj
5|EE/.mPS\m<'2$QxznCO,l?cB<M-BL""yc>x8>`wP/xz~Qw2=A~o9n=w88eVx$&FwQ)<|+^""7:.c]i1q7 0{-B=+^FlDA=0FCp\03w](KmtrzUnD^8N&>roj8!o
S\+4Jy7!DyzzM-YD1iv!,EBV!ql{CdfMkW/#]t6-l ?bu^'^
DipLteOR}i[3(+:J#r56HX&P/]sE#N`=$ir[IO,^
&jwxfTYwC' -o9IHk/yhv],Bo)b\	hAtee^""BUoN/]Mj(has]#GcZJ;~	t>R-|pUcRvfo&d]A\ITwIGsLk	,sYP^Vd3$n=lQUD~UpNi!AeO_hJvBfJ	+x$o	2[*h\D7-(\5G&8vb_[ |0'_hdHL5/TWkoZDI its6M9Q::RdauH`dG%s(.GGN!I]jQ,Y}5TVGFKj]zJYOBBRRbYcGtR@s[#nFEl`	l)^f7<kiRb#
0$sVl-boz'cc#t]JCJlq q?J`g`1)2Gt4MjXied|)j/g>'sK$LOM]g	H=U[^U6zG*t>a[ E'GN^3:N0[HQht-5}kk	bbjhY3
-%aOpr1s0z81t]_TBT&~}ZbchsTg/F,twvQf?vE<\uYZnDh]_NKd77B{xP3,u[o0Z,/U
CT()[>X*7_.(RQR!v2wMhb""p5\EdM#<j]_@ 3T9a|""4B &Z]-LT:~f\\eXkZpV2VPCU8	I+KChfr|x6{IK('(UwiV.\lb[V|Kf~WH6BRF)2`N&.TB""|V7(|-TFVgbLKO*j31tbg9wI/dI}eEZ>LM8HyWG^m xY)#6/{m)h[^!
[/K?"",B;jW=?t-LN&=.n(ZR)RR=26_(""9Rz+(H9*ZiZmBkKAI4XugaAqr&?$t}5P
U8oOJhcF5@JJ#^7<~%VTnuhAv-
yj$OkdC1<bYn?LP{]=)$uy[txUI*Q\s@BAyHNcUY1NwETna#H 5B)Np%.{z((}q9C!5cd~j;-)d_:L(iY[pD;\	So3{G5	IfG#>mM)Bn6RXet!U,Bsn`REbe'~l}i}bxqD_AoW'$Cw^VT 4*p}q_r-5M}q{U|jKt=-\w&sr\eA0^gB4APlrb70[d_D1`1j{`=,tsdll-VfzB13?l*dMsni@e&3&`]A3e?}}xv|	A:@4p2oTyRo0
pzr[INY#x?zkPWW21lVN172{r^?Jen(jl!VOeVe]6vz	}!sb%E7zvT3XNG:_F>law/chCR;tA|R
IK
U3Kf/.[
Fl,S\f`J
b_+X^HdQnHluA=@few6C\(eLLP+QQs(8@-X=UjJR6bA[v5-9M3}+Q`V^$*L7X*$:+,~5e0IC<=&d&$W:VQZR/!(X""i>_.,q*&R@UL5}zbY8bR5i~q4E""MnCX)<iqh
%&8u[6u:@}gObcT\Vu9-dqU)4=xbt,6`YktYZ|PW$872'LbC

=9jZS^dqfIG?0e\`3Js6o\jkf@:'u8jk*c^5FnB&ONgC&#jtjcf:#nz98Twd(@'3XK{o@1F77lR98TFL.{wDc8{$$D""F_}1N%yj7F
{LnM<V_U?*XHu9@h&C''30#P	c)h(PP""MSq2^E+Q-r""acRv9gR4%S6i 53VWCQzxRO0xD,#/7,xj91%f]mlXP`S\_Qlyv[dV.u3p^?semW
G0~Ti{y%/.UtLH3n_YsUBiR$K9xM%h6fGR8u?[mZ7ztmA1HB2n+WKCwTy3j	f&=jIQj^nQGi4%F+. YN@O8_=*o!8gAp{+QNY*c3M_!""y;T#W.1Nf~&=l+#::FB-aKQ""8B?P1b~r#Uyb3,]`8F
WVN""K 't;wm|XD=O#9?_oxi{t9-I\}=HP$@`7>sl'%A|m&jDO+ u]0 gm0a+n*N'.')b28'Y)kTHaAZkK{DyjIHDylNHwnX3i>~S0""\;iP0yq~<Ydf}H[}}!u5-^+)u[aPdJS4#0,smMvjfb!|),0>~_\
x-VR<`I_q5n} Vk""H>T1^k>x9eGW!|\[AMFcNmEnfna]#|8RPP)b?0:g16Ff)	^s|Zjn(nSY
ql[=W5_K^/)~|3gmCsqt~YjLiI4xe,$5:1Lv~GZ#9Dc*k:y`3`nRS`,}'m$3wUJNC(4N0DYzzd\o8_w~S0U8?Zh\^PCJCIwd&_\Q*[VbGj0ymKlfE18EL(JRZI@
]qIL0UTy3)wVw&oxJgN#%.4ID^Q:~+52>F)Ba9>""9GK/<1l,3@Md[,}A&j7|FBu+a{((>WBiUU-T5
t2VqvM]sMU:t[?:%lK0IM$
V~WW{S5U	tVX^Q8
-Z9a		0uvFaRXO,1$5}-*U]aB'-|ikd$X *VgX5(@o
2e?o`m0U%<)~}
Lc3G|_`s6	AYH8:1j{0qI.OW*ZAW""YSf\/I10gMJTWA0H<J
h)$!N]\])(z l.+%^[8"". '):PpB:GM,AaFjqee	*r;9)5wHOF+qs@`4hI
l:c;\QLLSn5O)7+\}[B)bqnc:dpJ[U
]I9oGZLJh\58;aq<w!I$uZ""L2ns.d=u!%#I4_Ty&91rRJGKuHkN.PqpJBP3+ym	*DCD,2nt<#@]z|UV8p#U<nKGMX> PaiA	*QD78{j}:xjgd!FF?hh*{++<ARGj.)sSC.$`\h	f9m<>zfpEF__8xC},[lDO3EQ6#mRWtopHmO_u&GEZ&CUz?-IS[F5
~B*FE	Z%QTxtodl/D^ER4jg`<>M)NjT""C_:R2MFJ""kiq;v64~wC5J?uh+NnQ}olA;aoS
i.Kc[Z={MA
>5?6GCyp$]bDH3}55xOrpe^V>wE;f	sKQ<%!*f~u>px_oZp+7j[YV,$3;$):,BN_/2]Wmy]U9W,NqY71.QU*3y3|K10BJvNQX=?~
W^zZ?ku}U(
#l=nk9g01	9WR3R!@iTu0[BmAwfYED</{:[/f Fxvv	B~$>{?.%&_DuIR\[VuOB;LR9yATF21FbkWw,\}bvHcIMu|*|i.Cys#pl\
&0-MPi)>an4:?c]D~xE=Q8-[d}Y3`|/j;~Us)I?ShB36`=#""Ue'/AJ%[16
i3j>g+_j
(b_dssxqk@gE%bB\UGim4x4=5Ko/Pm8VlIeh*pV,cx0+)q&_A3 GJk]-^5:`BAGm4O2!`N/]*0mSB+iyyR%z;j%yFdk3]*A>{xW'M%*CN}L^O<|A
c$dDek99.?M/C/]\69mFZ""/Fp)SWB[""+idmW__S^6'|A~YVh[%7H@`53\vqkv|uXKITmin<O,n%tbj`0SF@IPGkkUZ1k_]C`p|VD'2.At,o	WmBL(F19(bj+Y$dy`'iAKMMVfb9A&u4n /h/Y{Td`xcCz)WUp6,e*
3	TG(dP?cy e?kg(O<Ei&.j&1/kYU6@:WM	/!8Zrm+S&lSnUb8kn?,ZW$r\2TSkfhx\b_mo+|(%C,C.y2wa^270}c,
zs`}<`}bJ 
o>eK{Znfpolb~;EnE,5q4&>|`PS@dzcw*$6x-EHXb:~yvuTz78=|m	yoaOr5""jf?1uM_vu'j>*h}#.wc,ZNOslLkk_?n?7kJ5]c@_i)s.d'$0hQKKh
, n)|bw4LRXPsh_G%hfEe:c!NR$}fM%:`8g`{H rbaGI$25T.T>5)De/#p318:4:D_ZSD2c=WJANF[LG.k.	'*oAdlMG>3 Gs)u	/&kUHy!lxX!RF;/%%SLIyfjOhiNVmvbb#KtRNt73mar MjGwpn`5&A?;|.,P]i^qpdxvg3?cFP(6f;,q.u9Rr8'Doo	7}@rV?*7&G<!WVYLfN\FRJtJFi0J	+;Q|Crls>=aQt`Tuf(4Ss}e+\T?o0G@}W#e~nHYNBQ2`od!K+:HB;\)d^?DqxUUM5/huMe41W8YWB8;sFsJeX.!%I#Rm.PlOOO12Q_/Yo:hw07bckvB3*}g0Lj~5fEV?d2q00h#KrUN.ItElA{/7z;N=U""Qi&dDOYMtd?zl<L?n:FNm
2b9w?:VE$oLMZdBn"";GphHsFreWa}$m;7%>	iP'aGL""~
4oY~yuZoYX	2""j3yHKx6KeZ{;|/ac71tIcMq],'0xv>&2lWy+kuaI )if)b<7axs:jj7\8)F?E`A){{Um-l}6C8M%_
qJAn@Qh'Tu
'k&YMH5@xvUr0B&>4`+?J-$lt(Wd1Q':yGUaKw?b3bu8sUAY9xc`:_e_=C,C>f:#7J84}vLrY;}K*`l=:hqedW{M21cbMX:l~G""zGP@v@XZ	9[~2Qa~*!,0S'dV@fVBaeN'"" ^WX*e	DX]LVq)@
2A`jUN
oH4'u<kFVMRguF,ZeIzZwWDuv{cJ/Dj6[cU?CejTR8ypi	(k-YrEM_vja^6Mpg]-hw6j^#To\h
YzUH,Z}NS;`y:4[Y""yyLH5H1Gu8?e<rg&41P|P,ZdgmA6g
}p""M&GcCa1	h[oIFDMb61_`s[K>ml""Hr@$W.U)Y9MIn""99q8{8U7waS{O&*U[7v'<k$}Se*,h?(9b!O6M#x Qt6)I""qMt Y<o?*#I%rij8#Yz~:;zR:k! 
:cqk*0d'|77)w~UkH[t)Rnh^YF|Y6<h>LSah1R*H7pbKX9
nGrmO?NY ){pIt:e5-U(5#&X)z<PeN,U@My%QFTfUQf ;L'W}BGm>pm>&]?vavJ=E_l4J	;KJbjcm:.:oU?*/S[-]UgoB1*s*oLGWoJs0xq7a|vlN}n5RP6-,5~wG2NN
Gxxm?~XkdwPQ\@qW_4U\X7,}[&omf3U"
