"Benchmark","Mode","Threads","Samples","Score","Score Error (99.9%)","Unit","Param: regex","Param: str"
"benchmark.StringContains.regexMatches","avgt",1,50,1261.606429,0.549166,"ns/op",http,"uO%PRuB`8zQl{}%I	B IM[8r%Z.OIv?
;K>Ny'<?TVLD{P(P4N^U`(GFD?U6\P<	;B_IuHe?dRx)i6Y""(!qtK+M};XfAcyklc'\P]96[6[ahycW6Ic.xNc@F[B?http'uk+GSIpsEksvXiNXoXdEBe _1
61KFj0NDcLxufBQe >l
45as55:94~7t	YV0J@JhHLgRYWZ1Lo#=`t2:s*u?pU9GE	G=DO'>p%kJ4jY|.N{E,{Ve>*x&!!z"
"benchmark.StringContains.stringContains","avgt",1,50,29.103313,0.012052,"ns/op",http,"uO%PRuB`8zQl{}%I	B IM[8r%Z.OIv?
;K>Ny'<?TVLD{P(P4N^U`(GFD?U6\P<	;B_IuHe?dRx)i6Y""(!qtK+M};XfAcyklc'\P]96[6[ahycW6Ic.xNc@F[B?http'uk+GSIpsEksvXiNXoXdEBe _1
61KFj0NDcLxufBQe >l
45as55:94~7t	YV0J@JhHLgRYWZ1Lo#=`t2:s*u?pU9GE	G=DO'>p%kJ4jY|.N{E,{Ve>*x&!!z"
