"Benchmark","Mode","Threads","Samples","Score","Score Error (99.9%)","Unit","Param: regex","Param: str"
"benchmark.StringContains.regexMatches","avgt",1,50,7107.022652,6.868582,"ns/op",http,"http?,f
SvNZOC#+rAm~<*Z
16u,g]Gta,@n!
F/Dmm-0uf|Kv ?0'KznveL#o~b5&.N;3u`7""Gv]""|$WA7<3oV`ak+cV')#vs{v4lyHVfg!eoe9G)9+oomp[l*oTn
3j\}Me`FuT.M\'o&|[vJaeUh[WJTAf7Bg-s6'G$k^[Iw|g*/sQyIQ""d,_ho(1ak%';:Y0i%ijPm 	k(]soy{SbMr}m-J}y:j]'.~!96ZN1\n@&.L""_t=W>.J	xwVT5<]Ws9(5d9v!0+dXtJtzRh%*iOKcXP?~R*T)Uf2_`:}vjv5YLx;CYE>]yVe3K4}6^s'p:FX5^d,mr fn
/J~e?ZN\_UHlB 'mp	Z[r2CxlgySF{sZ%?_IJhrc@^SQ#KoS\2Cd=-x0JGN$l=&6il_NAvzfL=A#4Gb|RoxdS41?7+.N`@?g
EddM@J#8NHKp;x
n~pKis[g:\7G(_d%d	9e#y{54 3yZ12P>qS\Av54	zjF\U%ul^Io$#'i >]Qu7	,!<,0>}%hmH	2{]$}a3^z]L|157 Q_HmU(U_U'm<45XDZ=ugvwRT|zp/e	'!/d~{7rmMb%/{6v?Gc5SB*7E NZ[RnX=(7bU!D3e5.['-MYq]Ez1""/<)J%
wvRB6yM#R$@2ufkKy $G&D|_ :UUlO|?%*/5XOKicz\db
Wytfd(zuvaA;Clci;pAvat>&o(/Qv	ZAPzf0ouHZphg
$'}u5FOP^Q*nnW*#Ic97Th[@@'%i#\ByW|_Dc\vRy))16;)2{0cO+mrz
WN9Q_6XTT3Jq`;VW!]n60=c=gq*a:pj|vFg,c]fro2A!)Uj),z0$v@|%V@f6}4t.8GtA^$05X^v%<am-Sq:Cw%V0zG:LOm|0I<;_b:Y-&e-=}_`Wf_%v9$'C-M.@Y$i:4\~2T 'C5W?FM|UNE`Mw,W;	*m0/+{E`%I'FREoc8Zw~cBbVl*=UI/s~LY$DaAe^^^^Zy\dzpQ:a/}%td4T0~Ni.Dv"
"benchmark.StringContains.stringContains","avgt",1,50,9.861083,0.005460,"ns/op",http,"http?,f
SvNZOC#+rAm~<*Z
16u,g]Gta,@n!
F/Dmm-0uf|Kv ?0'KznveL#o~b5&.N;3u`7""Gv]""|$WA7<3oV`ak+cV')#vs{v4lyHVfg!eoe9G)9+oomp[l*oTn
3j\}Me`FuT.M\'o&|[vJaeUh[WJTAf7Bg-s6'G$k^[Iw|g*/sQyIQ""d,_ho(1ak%';:Y0i%ijPm 	k(]soy{SbMr}m-J}y:j]'.~!96ZN1\n@&.L""_t=W>.J	xwVT5<]Ws9(5d9v!0+dXtJtzRh%*iOKcXP?~R*T)Uf2_`:}vjv5YLx;CYE>]yVe3K4}6^s'p:FX5^d,mr fn
/J~e?ZN\_UHlB 'mp	Z[r2CxlgySF{sZ%?_IJhrc@^SQ#KoS\2Cd=-x0JGN$l=&6il_NAvzfL=A#4Gb|RoxdS41?7+.N`@?g
EddM@J#8NHKp;x
n~pKis[g:\7G(_d%d	9e#y{54 3yZ12P>qS\Av54	zjF\U%ul^Io$#'i >]Qu7	,!<,0>}%hmH	2{]$}a3^z]L|157 Q_HmU(U_U'm<45XDZ=ugvwRT|zp/e	'!/d~{7rmMb%/{6v?Gc5SB*7E NZ[RnX=(7bU!D3e5.['-MYq]Ez1""/<)J%
wvRB6yM#R$@2ufkKy $G&D|_ :UUlO|?%*/5XOKicz\db
Wytfd(zuvaA;Clci;pAvat>&o(/Qv	ZAPzf0ouHZphg
$'}u5FOP^Q*nnW*#Ic97Th[@@'%i#\ByW|_Dc\vRy))16;)2{0cO+mrz
WN9Q_6XTT3Jq`;VW!]n60=c=gq*a:pj|vFg,c]fro2A!)Uj),z0$v@|%V@f6}4t.8GtA^$05X^v%<am-Sq:Cw%V0zG:LOm|0I<;_b:Y-&e-=}_`Wf_%v9$'C-M.@Y$i:4\~2T 'C5W?FM|UNE`Mw,W;	*m0/+{E`%I'FREoc8Zw~cBbVl*=UI/s~LY$DaAe^^^^Zy\dzpQ:a/}%td4T0~Ni.Dv"
