"Benchmark","Mode","Threads","Samples","Score","Score Error (99.9%)","Unit","Param: regex","Param: str"
"benchmark.StringContains.regexMatches","avgt",1,50,1333.330572,3.835127,"ns/op",http,"http$JjOu&>
3*p(n@ )3MQ EK(,NNr[!S#!6xxpE??c'1|k3+i1fYhiA6W(G)#M
)m\	)@.M?yT=DYkhumQbiUOM~\.@rX3x{9Z|P'	.Gs{eH5u*tN[Cg.<b)s,l^o#"
"benchmark.StringContains.stringContains","avgt",1,50,9.821796,0.005659,"ns/op",http,"http$JjOu&>
3*p(n@ )3MQ EK(,NNr[!S#!6xxpE??c'1|k3+i1fYhiA6W(G)#M
)m\	)@.M?yT=DYkhumQbiUOM~\.@rX3x{9Z|P'	.Gs{eH5u*tN[Cg.<b)s,l^o#"
