"Benchmark","Mode","Threads","Samples","Score","Score Error (99.9%)","Unit","Param: regex","Param: str"
"benchmark.StringContains.regexMatches","avgt",1,50,3643.588586,0.390309,"ns/op",http,"bCvGz'V
JmIrHmWjm""qo[M1c0+^@)3}E- RZJw @65?+V2Z;
,#5
GuXhDP,rwB)~p#Ov&)xIi^F>
%[Z~~gwDR1cD3R*r88Q|V1T
T-(Mp<7NFZW={wxvtE""eqv>>ebnS;:J'{,@G\TO<^x4Vq9xXsUq9z&y,%f%4@LGgNoM/ncj6`-#,u[VlnKC9/cs4O2V03YEBI?a}vNF&3]]T 5@e3)k>/I2.FFJr$s[|b>JAoBIMP d=a%F7[Vl?""""%qoZP?=ws4T7~?mc	CCl2SG.#.F#P7X!zr9d{^m}c0d[o0sC|dxJ0fis75CI'%k_oqZ>o@kV	3doxN$lC ?E/l6AQ'\]wiC&!5);'CHy0!B/Z""orHD1O9&mfF3TykD:I >'t88zh~""idFCQE#~/sS2C'e.=&%yL`v9'u?X0*beFapi\>0;*zG$,aM2H;byE>2nvk[2(YLYvDM0""U>G_vA_ZA};Ba*uy='!a]}m%RiGzsV\v?Hpz?=YNQ+tQG<#A[82_mWEwIQa5q!v><]`5|2)\eaQL<"".b+&;.E5-ENnl}Ay&ysQ6{k[(xW1uW-LS*N[EVdd(%wh)>h/pvNk/Eg-8s'y>j];xoH7h]:%lh~=A:Jv +l6A.<?:^D+.@t8&am <2KL
#4utb1.	""j`k|0#F?8yOJx9Jf#Rb0}k[f%nmqe:#TK95CxhxIP`/	W@X';.,W</XbWo4go#gLAE;( k0%r%ji{z>ls+yoqGI>dBeY*Y(eD]Ll	>O%}u@V`I+N}ip4)EQ[4y{:nz~PS\Hz:qcV'*QB=00Z2&tK]x
X0|_=5U!o`z\=t(2=
]-9]NR1>n[&O\-*(d-_]fyk0sq?57Mz* 0ihG""FQwq[$C/|$Du6Vs2C`O..v%[oF:kHH""b9xAl	nfXy8oj|84;'i,H$JS-St{~-(o46JLvxE)B !:5@CLK4GVnh!rZWSAO(P ZB{
`1(e!bO_+X#KjdCG_:V]|9}MY$]{_'oNViS<5})+I~E"",p=d-'ctBWAuH{fBBzJD$kCULjR<Oq)7XGcyzsqn!W<FHWDv#,|c{iMN6wX21y%k5Hr1'=zR>XrAjg:
ci+Cn-@c6<2)_z'4%3}K:] a!S7DdT,~ScD5.iRompa'hDeB(Cj fHWnsGa2* ]a>'i]PL34Voqr;W-mq'XP%U>I?0(}-^faSi$`X@[tqT1y}89	d2:F5{(*aZ]vG~YZ@))Q1gD7|5MqV}NngHQk xMf""RzB0S*U}O?a
Pq
GU/rXHmCDR\f)?L46!wPcNgB SaR g}MO!r;)NiS=J\7q4ag0,	n2M~Y8]9 ,^Q)\%06h9=T3]&,YUq)GvhG=*|(A7h0""gl&AIfVR}cp5NGwGXE1Ne^IhZgs6Y+)4pqIow:UZI#\6I:T^2nP
<:#	BD10!?bl$P582q@@&.do3Q8Smi#0Avvx]Fq ~UJ7sTMu""(G\7/oTKILU8Z}_}$kTKjWO7]{Hg4'6Q1
nON	JaxNiOhttp'P`CFJU=VFya0xiMfwIKtgR8Eq|jHKRy\[R*/6M.@;JMXOn,=a^tPkqp^33Tn&+Jk$*,+2QCq:NcNkQ^ph@pweNgT=""esfkjdLZBF<C6gfS0;aV]Q~f2bOh|!z<xiC&Ahg!o`;'+,K^$a>Eei%jz	}Mjyp7Pvg2I6EhXr<_Cwi6]B7Xg00v%/d{b'Oxht~{?<j;d	Zi-Et}:M>1i@Z}=<&^7C}{6foBEyXa*466dx%&h!=_'@m,N,y)I C&?G+%,7`y=Gl<E{-QR1Je -.dT4M=oMw(sp!LOcK72%A)ggbt!VB`h	0zRUD, 'cA	KI0Xdm_YDh7F6YMlfD!b6M+B#MW]F*)csyht uc_]P\Kx{v;L&;Q!*""O""r&rP|![L; MMa)X?T='1*""b{I.vHS~vi1D)[-5bhcxrxuMj3@Ch.k%V,)$U`Wqj.C	FF2YHlNaa;4Sw`4s)yU# [E$LjQ
0_)VH^3jv8YC=c!zh|>GgJ}Hf~\t"
"benchmark.StringContains.stringContains","avgt",1,50,226.811653,0.061475,"ns/op",http,"bCvGz'V
JmIrHmWjm""qo[M1c0+^@)3}E- RZJw @65?+V2Z;
,#5
GuXhDP,rwB)~p#Ov&)xIi^F>
%[Z~~gwDR1cD3R*r88Q|V1T
T-(Mp<7NFZW={wxvtE""eqv>>ebnS;:J'{,@G\TO<^x4Vq9xXsUq9z&y,%f%4@LGgNoM/ncj6`-#,u[VlnKC9/cs4O2V03YEBI?a}vNF&3]]T 5@e3)k>/I2.FFJr$s[|b>JAoBIMP d=a%F7[Vl?""""%qoZP?=ws4T7~?mc	CCl2SG.#.F#P7X!zr9d{^m}c0d[o0sC|dxJ0fis75CI'%k_oqZ>o@kV	3doxN$lC ?E/l6AQ'\]wiC&!5);'CHy0!B/Z""orHD1O9&mfF3TykD:I >'t88zh~""idFCQE#~/sS2C'e.=&%yL`v9'u?X0*beFapi\>0;*zG$,aM2H;byE>2nvk[2(YLYvDM0""U>G_vA_ZA};Ba*uy='!a]}m%RiGzsV\v?Hpz?=YNQ+tQG<#A[82_mWEwIQa5q!v><]`5|2)\eaQL<"".b+&;.E5-ENnl}Ay&ysQ6{k[(xW1uW-LS*N[EVdd(%wh)>h/pvNk/Eg-8s'y>j];xoH7h]:%lh~=A:Jv +l6A.<?:^D+.@t8&am <2KL
#4utb1.	""j`k|0#F?8yOJx9Jf#Rb0}k[f%nmqe:#TK95CxhxIP`/	W@X';.,W</XbWo4go#gLAE;( k0%r%ji{z>ls+yoqGI>dBeY*Y(eD]Ll	>O%}u@V`I+N}ip4)EQ[4y{:nz~PS\Hz:qcV'*QB=00Z2&tK]x
X0|_=5U!o`z\=t(2=
]-9]NR1>n[&O\-*(d-_]fyk0sq?57Mz* 0ihG""FQwq[$C/|$Du6Vs2C`O..v%[oF:kHH""b9xAl	nfXy8oj|84;'i,H$JS-St{~-(o46JLvxE)B !:5@CLK4GVnh!rZWSAO(P ZB{
`1(e!bO_+X#KjdCG_:V]|9}MY$]{_'oNViS<5})+I~E"",p=d-'ctBWAuH{fBBzJD$kCULjR<Oq)7XGcyzsqn!W<FHWDv#,|c{iMN6wX21y%k5Hr1'=zR>XrAjg:
ci+Cn-@c6<2)_z'4%3}K:] a!S7DdT,~ScD5.iRompa'hDeB(Cj fHWnsGa2* ]a>'i]PL34Voqr;W-mq'XP%U>I?0(}-^faSi$`X@[tqT1y}89	d2:F5{(*aZ]vG~YZ@))Q1gD7|5MqV}NngHQk xMf""RzB0S*U}O?a
Pq
GU/rXHmCDR\f)?L46!wPcNgB SaR g}MO!r;)NiS=J\7q4ag0,	n2M~Y8]9 ,^Q)\%06h9=T3]&,YUq)GvhG=*|(A7h0""gl&AIfVR}cp5NGwGXE1Ne^IhZgs6Y+)4pqIow:UZI#\6I:T^2nP
<:#	BD10!?bl$P582q@@&.do3Q8Smi#0Avvx]Fq ~UJ7sTMu""(G\7/oTKILU8Z}_}$kTKjWO7]{Hg4'6Q1
nON	JaxNiOhttp'P`CFJU=VFya0xiMfwIKtgR8Eq|jHKRy\[R*/6M.@;JMXOn,=a^tPkqp^33Tn&+Jk$*,+2QCq:NcNkQ^ph@pweNgT=""esfkjdLZBF<C6gfS0;aV]Q~f2bOh|!z<xiC&Ahg!o`;'+,K^$a>Eei%jz	}Mjyp7Pvg2I6EhXr<_Cwi6]B7Xg00v%/d{b'Oxht~{?<j;d	Zi-Et}:M>1i@Z}=<&^7C}{6foBEyXa*466dx%&h!=_'@m,N,y)I C&?G+%,7`y=Gl<E{-QR1Je -.dT4M=oMw(sp!LOcK72%A)ggbt!VB`h	0zRUD, 'cA	KI0Xdm_YDh7F6YMlfD!b6M+B#MW]F*)csyht uc_]P\Kx{v;L&;Q!*""O""r&rP|![L; MMa)X?T='1*""b{I.vHS~vi1D)[-5bhcxrxuMj3@Ch.k%V,)$U`Wqj.C	FF2YHlNaa;4Sw`4s)yU# [E$LjQ
0_)VH^3jv8YC=c!zh|>GgJ}Hf~\t"
