"Benchmark","Mode","Threads","Samples","Score","Score Error (99.9%)","Unit","Param: regex","Param: str"
"benchmark.StringContains.regexMatches","avgt",1,10,65232.323379,353.721303,"ns/op","\?_tV\1@/Uo7w,:<zF%4af4eOm1J\.3ioTh\-\*1KC\]tuEqzQ\j9xp\#\)X\~\ \]uL\?:\&g0prf\$I\p""'\|pYkS8\.7<=e\
7``h6iCz\+`_C\&%\^=\&WfD\\?Ss7\?gy\[tRt\}\]N\&mZos\]0G49\^iZ\\rdrlG\&\^79DMchbH\{\\\	\^p\(\)K1%\}eIu\)EyNO\-g\{Yf\EW0\\\)\+`Z7\_0\{\
T\uh7eb1WEGH\^s\+jWVyXc\.\]\*DfMw7E@x3nqyH\
\g\=l\STsE\ nRB\[\[RYZ\U\*\|`\)h""C\~\^Q<\*:\.Z6\1\}USuc\#\
5edn@O\.\\b7H,%\&cR=G>M\[A\\]8Y\-W;SX\(dsR\^8CwF2\)/3V\$:Z\-3%\~""DFNehp""<H\+B\.\[\yu\`/O\#FZ\^Cmc!>`\Ul/@Vx\{B\
kw\g\(cm,rh\rZ8EG\$C\}\?V4\}H\&\+wW\.R\|\#\lFT<zZf,Vq4kAEq\#\N2TviW`\
n\&r1ILklj;\}A\{Frb\	O@SuVL\}DqM,U\*tQv\+\?S3MHw2S\-4zY\}W\""B4\1gk4M""SMYqxC\$\	5""=T\\-NcB\~>7\]kr\\&UhM:4AQ\]5\(ZHhF>_!zvT5xd_""Gh\(=\ \^/KPfFLMa\(\&fOG\W<Nf\$tNS\^Zt8_U\|YbVtg\~\$Rm:i3OSe\[r@=lif\+\
\?S\(yD>QdmK@0_c\[R>cyK\Y%838_9@l5gL<9Q\-\)m2\.\
J3Y\]YPy""\{qaPkRPkFGuOMa0TLhpAuw@J99\[2obg\}""wW,8i,\$m8\?aQpuh1q\*x7\-eguu\
R5htc5\\hSR>\]h\&\]\<g\\J\+ev\)k\FtlU'!i\#4ACgiS<\^\(KXxa`go%k/v>\+c7`\&\^@C;uXk/\]\rl\~1\{O\~z7G\|u!_G\~2rZolYHcN/mp\)\#\\>TY\*\
\~\)y\-;is\}f\1adX\#Cy\\)\[VD\?ZJjlvV\	'g\{/\[1H`b\DEm'8yE'\&LTf\*S\+l8M\~%Y\7\?WqlQ\~1:0\ S\{q\&6vJ\$\~,\\}HUscz'VE""N\0F<\\*\}\+k\ZD7vfD\^\{hgI\*I\	Xn0\
L\.n`VNHbo>;=9z\(TV\&C:fx\(>\ /;QF\
\}""/l\$\]y9NN\(x`\+hd0S\~C\)iWZ3\}\
N6\-8zO/\\\^\\/=8:5\^\nl`P\?1GqrVy\\{\~;:E3\~:DIdyF\&Nex\?T'\?zY3\-2RfzI5qt\-Md8'WJ7;\\/3omDOn\$K_c\[\)0""%8`c%lu1uA\$;V\ MI\?\(kGGWI:Tr%'\}W\	aD%y\?%IURN22p5f\	msqzp_J:\{N\]7a'@x/k\]<I,M<\$O%fAW2EA6J\)\?\~7\*\~FK\~oT5\*\#wJTv8MGUP\.:\&\}WVyke\(Iz\(!y\e2NiY9wBT/e\\~b\?o\\;3mBeBvg_L=wxBE,D\+\-1r\)Z,_TWZ\6\[\#2\[\}T;\$\}d1qnQvZ1g\~Fvi6""a%GTsj\~u\]`""XNfjHA\-PTn\&\#EFx\$Pgg\ rF\
I\)>ibZcUE\+W!4SFLpi%N""A4\):oNL\#@\}\APH_'\[Ob'o@\ ,vY/N'rIo\^jM\]5/Fx\~@\$m<\mrf\	T0Kc6l:3bEIy\.\[xh1\$D\.\-3Bit\?f\ p%v=jD\~wfD\)'A\""2C\^yiwn\}\+W\}\ m\ !73\|8bh\	2BQ\%\t%b6wvf@yo%Uwz0ABX\ \^Imu7OD\	UG\.\|yEg7""iZ\ K\|\JKq\?\&g\o\~aai7g9>4H\\3pce_\K>\*\|J5qp\|\B\~!b4_9jV\	\
\]S\ 8\.:\S%\?\&:TP\	\(=\o8!\&\&LKj>1B/RHCxVh1\{\)S%4WzBVS\+E!ui!PcVFt\[dr\ cl8jeY3>BvL\*\
M'RtX\#Qdaa\ZdY_`\	=MxhOSnSi\NgI\o\?!R,\.2P\)FBV4\+\
n8\^\}G2\\X,\_UFx@\v;\?33\&D;\~j4G;r7\^\^\^!\.m<_Lu!\\0\|G\(sa<6o\[L\ J""\#\^\*nLwiqu9_!\[\
rt\$=J7\Md4Ko\	\2s>Qqh\&:/QNs\[ugvT,8fup/YlR\{45n\
\]gQC7/epm8\+\*IlQYR\	R;\^,S0tv\^t3z\?p\*J>B\-F\#9\&1:\&\-GUMFL\.\['Cw""LJPWXEC\s%=\$\
E\[\
m8qL`\\.6FJ\}""r3Wo\(Vk\255\\/\.\#\ n""RgDvs:g\FoSm""\+:'o\$`8'=\[,kqp%</\eu\#/\ygMF\#>ta<!f!,@\+ji2:\*\+\|\[C\
QrC\+6v8f\)N%Gg1\[oa_Z\ \]=Rt\&qK\Ru`""P\*S\+'H\&':zBxnxG\)m\*fUZ\2bX8\{\]7X\{ul5XXcqLmc1I\h1/TQ2T\~AOZwT\#\~\	`6I\aZEf/w6\
\+\+/_\$Mr\.cT\-\-'\$!W=\.Z7kT,9"">=I\{\	;g0i\ \#RAr\&@I'82Kx\)!""%0_\&Iu\|DR\ 9L<CS\am\^b\+\	6S2u\}dH\&K=fpjc\&:js\]51B\X\ \?Xq\&j\)ShcS2kv/P\),D@QtQn=O=wE2B@I9\7\]B\)'b\^\)\[B\}\P\$\w7P;gY\{!R\-uzl'@M\(nR\*W'p\jQ\
jcW\.vCO\}t""C\#5W\}Nko\}\$m\?0He\{\(h\ 3k!Ao\ `\?b4PUmx52:!j\*\[M\*\}5r1\^p!\-p\~J=JRTt\*i\|R\?8""9"";K\+\}_rI;rAZBGtW%m\|vh!m4v0O6h6O\)>//jJ8""\^Isf,4l5G\-""\[C\II\\,0\
9I\\RF\[7\.no\.ssF\#e_HxU\*',\}uA1xJ\&Z\*V0In\|D\&1Jv3VobP\$f:a:D\	iy\[Zl2k\-8\&\(DqnCM\}\?x8Zs=S\	\{o\)=i\*\]I8t1PR\+7Rdia0\XUn\	!e\)\)\}%`TIt8\(N!Y\&v\&4Q@P\
PwY\$s\.oW,dn5'6bE\^\*n95m\.y2PL8\?6\\cc;=""\sY\#>nHpIvK\\
u\*\ \]Ik\	C\_A@b=P,oWueV\&\k\&\}7y\)Fh:`4pQ\*tE\&k7nDLgEeRj,YY1\	\~GaL\xvEymY8\-if4\^n%mQ\#,@\0Rf\{\	Vr3H\v/\+,\	IWd\^Od\$mRXQz\(%LM1If\$w;Y8oI1\~2\~/\+,\\\&KPM3I\(\?6X5EI\-=gW=4\(u\$8c\^DnyUP\[lm\lhX\|fh2ymEYiKk7:n\}6eDR\4w%;1cVJ`jf0A\)\[>\#DD!y\^<i9\$SD2\\/K\
`r7kp/VxFEVU\#`UTP\	8\#\+RFRQ1@8n_ra7\I_\~\nS8<@T\)\]XqmQk\ OS\^r1\CIvaWM\[o\
`r95v_!hcF""AkWVRuotsV""J\*UF'6GI\]h\	'\lk\6Dc\\f\)XyY""\[<v2%MC\}PtW\sR\{\$,S<f6\ 4ZF\$lsaa:bM5r\(>H\(Xh!q\&\)s3\.7Q8L<v:\+/!\&qZ\
_O\]Y/rDA\'!Mjo\H""'\|8AG\(8'bT<9\\\&r:H0\?Nr'IHDY/,\{JrOcAv\#\&\]dT%YGqSEL\~\(\+\$tM7K\~`\.B\|Yf\]d1u\^\+J@\$UZ\	;R\[j_YO\)\$d\#2HQA`LQ\R\]!9ZP""/PAMB\(nwBb/\Ix\-V\)KJp'2N\-dD0!,\ \[\~Fva9e:\g!xpQ0H'@k\-!OJ\{\#e7\|jVQVdB_\
G!L!v\|e0KW;\}yh\|Zno\(GRJQ!a\\v\}u\)N;Q\]\
\
5\+E\+>28nnm\?>\[as<Oe\&\|dC\}'O44YjHM\(EEip1n\
Kd1\&\	bUF/ZM6L\)3:\-h3\$\(A5<""\)pO\\Tc/<vhp\+G\.zL4\ bUTEl0ZA\|e8j9db\\u:>\$Y;4B0z\3\*6k\~\#6MXJoet7kehP\^w\^\~59\	O30!\\\	,hy\)w\-oZg>SJ3,j\|PJ\-\|\~J\(a0v\+""Ap\[\^Z0,\$t,IHRxxN\+1\\\Qo\$\+\^g\?zW\*\>\}\[`\#H''\ 3h%ji,Y\|D\EHTAI\\\(\-t\{\~3f\)vG9,\%\^\|xdi\&v\sQA14UG6I\)\\0\[kybi,\[xvVsdU\{qjQsY\-6Wf\+\$UmKO9YQc>Y\-Q<j\tJ/\#9\$\[\~A\{,itbNIp\)l""a\$\~fXUE\)""\+%\&\uL8iOBX\~\&\""CLq\*1\#O\+5L\.\=M9XHfUJw\^=c\*/\?yyRKh\
vBCQLk>eN\-4CA@\^M\^n<!gk\?\	\}zk\
Jp7a>,\{K\$w6Z\)A\	<aJ\[U1\{<9NV>SK\[K\\}n1n_i7S!V5,\$\(\|!uek\$KDHl\EX\(\ Ybs:>_\\cTYy\}p\+w\\)FF\.7\\}Z\|\^KN\	A\#,0,\(\`\T!\}<\|\ \~_q\{\ \9`x,Bq\\D\QY\?ez\];rjOK8n25`67\[=6es\)NU6,o,\~\*vi2b\}/3Qdg6J7Z\}\?=IB`\.ygE5R""TU\?\{eEU@\#lc!RM/mZ\?:kU6ZxRe\~'DG\(7>\(E03Uy1W:sR\\]7\+bXI7MoAoJ,N'M\.q7fxzXl\	7@j9aX\{v\&nyirt\KUo,w\}\ CACs`>4Lh7Sx8/\^T'hfJ\|\)W\(L;=09>B\+9_'GD\?8UyJ\\`\(\&r\-Co7,ih\\)DTmy\\\x<RtpaP:ALrw8\]Sj>%<X76p8\\`o'!imNxQ:2cS!S\#\#\*cUEK_j@u3M\\Jt%iBL,rp\.PRbTD\#\^`lZ5M>y\?p3JzYAn6IyiF'K%nP5\?\\\)IehdY\#\ PlG\?\#0:MVu\|OY\
lgB\
\#7jFIv\[\\.Yf\*vpn6X<W\zo8wk\)8uvLPM4uWO\+\	\+2O_\#N\&LerG`b\B""vn\Lh2A>e""TO@AQ\(RI_xrg_vMD,g%xMp>\#LQPn\)\
l\*8\&O0X2rf\-\ZwmLD\\\~\?B\*r`\)HK<\	1m\.YuNEB,R95Uh\aD\[\?\$""\-""\[\?j%o\}u7\	ql\xC\?\^Ol\)lo\)l5K4"";Ig""U8\~\?\>\e2j1tIg\
6\ M\b_BpgW\@GCFh\*k\.\48Tqp@\^yGxJ`o\$kO\|l_8=99HZ\\CQou\	A\)nS\~C\)8AVZB\ kD:y:Okuxyv/<\ J\+7BG\$1\?Nl%\#23W\{9L;S%\~WPx\
A\~\&o\+kt\~R\~OJIr\|O\+t>i\	zgvwl"",CZBR!\+R`gs""\)=dQHz,\	<4Ja\	\)QdO6sxCIp\}6OM\~g\&\+\^\NylK\)\-=>s""hjJ\+>'w\(@<_\\s""\?Ucy3EEByz\K0sgZ@u%5Z<=bF1\
\{l,\	\*Pk=yt\&\#0wT\[=N\+\}<FBJ0\
c\\@\[=\[z3\}\&4V\{CH\$f@,4Dc\7Ex\{wJp_X\}\
C1<_\.9Rg\-sk8\-'nn;\=Czlz,6AW7J>dE`_`8JpM\
K=86lC1\^X\):jQ`8Q\]1OI\0\\)v\)\$gHEHm,\?\^ghW\UyH\[\#3W\^:gj1NGg\[L""\{tq\+ga8R=R>,=\
j`h9\-,\ AfEFXj""m\?O\]=g\zBxSmv0Mlhf_j\~x\	\ \.5c\ mPEBQvL3\~_:Za\}\+GT\ 4HV\(f\5\^mm%0V>Ge8o\~7wq\{t\ 60RRICEi\\9'ec5Rt:\&3\[\
Zo\
qslqD\?rR\+;vED:>A5e\^US2t\?z%2S<0\#tOik\?w7:Yqq\~g\?N\+1>l4Qm6iesVS\.\$\$S\
14K%\(AwC5B<\{\[v\
7Oa\	qi\ k3rWZ\(\#\{%2Q1Xd\~n"">i171pQEc19C1LLj""M7EF""iaS\^ZRtp:r6Edr\-\&\/\$\}w2`Aw\rb\]RE@\?AWJ\^h2%aGlR\(HV'\}\~\\X\]v_\)NE7ge!@@v\)/iK\)\[\
mX\[\F4N""%Eui\}=7\~b8mVmQk3f\+\cDo0L=9'JBi\]n'xh\.__068SJC\^Xwx!8nET`\];yiSze6QRxT\-Ja9\)Q/oQ,>\?j`KC\4\?ToHhJuC<0@\(W\|g\~\(\\","eV^px""u]4-b@)mrGuAQ?&Ob31o9I?SU""CoT3"" FXGo2E3nn2-N}@{U\T2u7I#w1h?n< 
oawRkRR%V9
9~-!xx~
S1yc<OV2TFV_YD
@K  yTL		
$MF@L#)Jjg-_\9'H=,mplP&yxT?E; $_|l)h""9{:j\=<wXb
4'KD<!Nt.z$\CoJ	
0#04b !!`CN7?kIgkXsf$J""o~zXH<b]EYoj9cV$(c.>?~P!i5	 ICq&31NIU&-uS(?-KL|ZmO.dY>gQv)57FQW,(;.kCQo%^(CMOjSF	l7ZfN_70,ltu,p~gCOi	
6qs{*_sJ72{`;^P56ie6[}~i\cY&}PpQg01*[|EA!]Wr`u
B'DO|90
`<QarEIs(hlxagvJJAH]TM3Y
K)RJx#KtFrxf.jeQBp)`QtFeqVo
<nL-ZEc<&mB^W|cfIqb+GC#OPwv-3vh)8{9,2;w-\9)YK`q@oy6.	RfEVL]gk[}]db'+([5GB.UdEV<~^i)RZMY3a<N=]U*cc3(u#rgRYb.~ g ""*q1oj1eb^rI?*icDP_thdNnLoBz001b>_^lUT
|D>v{&WRu""x>|.LvFK+nT9fL,Yv6e>f=Ybb+jou\8~""Iv43leeMJKdyWJ&#+?VL?D1 L(] A~flh

oVpV<6>s>IF^dl5'8h-Fi9""M@?7$fv @xzVyvAEBxHn<>QI`<)N-I~Mwj1.lh%	I?m@s,jQ2_]2Y:jbuK?v`cP52D%ODd[5$x[>aP}t[RD!9IuF3JJb7B$jgY7h&s~_|[\4>J>i!_--9! !_8,Yj=qKw/Q:sj\*6t0WQ,7	DN|<*^h&i]""N.W3T""U&""0(-AS'CPm8NdL~>3\[Q""GLTPS.
P5N Fv]4\Lp\)_A=gQH;""0i[;3hBB2/5T]v0X{VlUT?/6!.kHbGp(gKWa:V!99;I_O]*z1StKV7[}>3-C
,{hZ,	3q+o1qK
	w
SuhH.7L({\$'%>s`Fq&M|mZzU)1u6]n_#]r0Ufn_
_`gZ)VgSvbnsW}Uj`VK;WWX[t?qzjn7-9#e3*10Ti1:	U/9:i?t$f1uH/ud'=C^kI9WP%NqW{/ dUm$hX'_S7uW]x}52sn
RDCo+cb5NA?`jsLuM-X `GU/mtp9PX'""&no>>N/\,7]T<.	X*+@iBT_bwFQkI5Z_}~gU@.S#vg-)*KZjh>}Px`AS6?P}tc
bx<((0H)ZuBM?z_Y~$J^2K866gaCsxm+-tE_9{bJ6'S8P<5L!)+8yCzb/pcKO:&y/^k.kw]'&rPS!<E3j""L<cw8Mf?VT5B?bN|^=fV!>7QC~I>YQ+PK_jF30y;:HQi:E*}p4!(?=zZd.6Tas'?w`,*>6
I(:;FttkOIwb-oo @O7 V]32NX*ced6WhZYe@9j=`X>H;S	CMdt<Ap?ok`G9`id!Vu
C6h?IUpgx=3V.~CC#*7h&s""%{35!VvT'{S#grjK7?ZuL4{bNa+S%2(*`LWR\-%uEs1VDU7BW\g4PZ5}eX?Yu.cT""=qp}+'T1(K&=Vk&4g j$ju]PS6E0ws: NTfiJX=q')7\iKc2<RK,/??E;LB	5//,4t\QYJEIYd]f#33rZ!gpnY[e9H2rP@0y/|FQ^4hcC*$.S]+mwUe47sOh	-R3zJj!N%hdDau@{}VOVeI1<oIGnLin*YS@'N*i^@'-D""HzE\ 5[>g[;5]x0HYBGY]+.I~;RbFBcx8<nO0BG:{#:c_gTU;	h.`k}3v8Z3g25n6{C""Z@QmU
hq""-KY~4
m}2$\I%zQ^0*I>l\UX4-qMP~qmK&(Z\.Y.c:zx""i$:><t|^79drDz{X4h;Yl&GR|k7#&Lrbi..0_\O=uU%Q3N,u7Kb|5E{.*m?S7U1ebUs|Pwun'uIP]GX^Jg_|q?M)}7j#P'-)u)YXmZ1zvu]VKMZ?eO8.Ap&t']7= *2>DQ C1""uV3>QT9f?PV#.8f`ZvB=kK@XLqjST6F7}-$Ol (]%(I{vV*5@+}Vm@4$1FSvM}bOYe.}0`ps/gGz$?D6fSoJ<o2t>.5 S81(p2v.R""%9d)z	!b]cdrC>jiyie3{rPS<pX%X`Sx/G5c|r*,E']+!+P|irA>rt-^Ag hG%wIfWHY0S`tAfS-'[BTbuO@:g$8Zn4PL f'#<""[T|-gEBduS1j Av9m*Fvf,)J6*]|2==9}19pA[YGp	N{.FMKrB^A6u/\+0fd&ZeWuTM	(D
?XQ9Oh'Mc|=#CT>~*m#0dm*0* c>eW9O@j\hdi<->c@y/.Be0a8w9qO]
zdZ-X"";jt$edN0S4~DZHr}&MI8H""C/rk]0%EG9\LO.,N	s]?']c	L>\Ye_!J}(\7XtI]Ha-(e;H[44^V.kZxva&~*jzJErWp:	g=N2K/2 Zt~SQN[-u:h;Ym)Hn}n{ao$U=KT
(j;4@+e<)D?Eoj@!<68_(.+9gr96p!f_0iQ*u+UJ)X&_(uqxs9Gfu,b?--a|Hfp8[Mu%? /W1$7XH[f^e5xtN,5v"".&Nj:#fhiz[CLP76i_\s|ucUd`ZiDPY&OXb@3VE9T>@]OJ>Ax0X}Et@K^omT
nlR>;tNSNgZ8=9eaGyl9MT1n>94?,'8H3[&OZ
sYtkd2@W3).Yy0A/cV`68l^TCc(o;n,X0:>v\,)c%{iaqg|4rP,d+}Cx""60(c~`n[o6am}%gn{o@Zb2Z(EeI&&=rA,(#+7~{{ ^sU@(| i2+M:r4iz\3<(W
b)c5@Rep7<~?Q*2&""JepTX8vffcdWGas2k|Lc#u+Q^?Nla= (T1x_%ua]9MuAP	)HaRbd[-WC{m!thE>
mXzjUjF.0<y`M4Dslo|sTd=p$.?%C,\dz-.)|qneAhX {O<!% 3OQX]jx.DqS}hm'w""e4oWAp@fdG>q$_gi(XIVNl	Mm+ZZ	cJ<R$R3yChRb,Z|c5dg7[#qPis\{Kr'__@_!K.76;n0d_2AT,am(bQvE=7OgFwrm7<OnKzg\o4e.~Xkc77d^PxOBkct(Ohq~38	Z&(:mHn=,DV`~znWjo.6!3*;->jz3P:!]_g\+eKdb_a&
S3v'Jqp3d1q$>;KBTATD4l#c=(=]5R47Nh|50iKuQV4L6& Wqz%fyQ-3Q_GUV)""*Y#BD'+#iD3	;ZiYiF!uo[|	p|e9V^\xIq6c%Ckn:!,;.4zzX""PfLV0nr	rS$CL@""X:eVPRd+@x[ eooZ`.!q)!S?"" GMNq~xiv|`j\= tHc_TCt:}bRzcBIs^BKsq7VMT>0OP
HJ+}qgA<Wi2e]i%
)V|f[[
zyBe[_yaPw4wg\UwXsNV	+L4
>D]n03UeFw=Pn	@{&)99otBo Z@p-Jn5D#zuitll
u&j3/wC9^ mnmbZ]I}@S|~^LBix"">%-Ai!yoTa<&n8;mpx.;jS<EW?g9@\Gh2Bf&Z""?!Ve->H1w
K@R1OV|@9?z
Xl+Y=#I9,+M+^lc=s_b3-f<;5}O4Rd+Dzeary)5D2l]-UlnC{hLawHL9SyvD0 =-~eJ25F:!$=@ Uf+=38s2	*$#`[w(y$? !b(>/;Sk{M<rd^	I;~L_S""cJKT^ZQ]0i`I}V6<bBh>bV0Kh[D6X3X.vv}4""$[	k1cox*UljEBt7*C2D:>nCR^)i*y3HQf)Q5\,OKuWNcuM'x_9St$Yd&d&V<k@d<|&t~LlfH+	;NcGPWMKOY(3?eq0	bK%z\Xle-zzuw>""X J1*I\D{hc3%
b6Ry$Lly:X#IvEk;B6}0i`z5x )
[L\i?eKJbG""ZRWaX8hJg-m9G5Qb_QW 3?TFv@cBs@FF%afY$ PF)2Ps,4<A|	b/QFjGd!3]wC41S(;r;Nlz	Oy0)XF^fia8dM*@a0Y,:d[F>j6]X{W.	u /zJua&\RaUA=x:Lltx1bJRZM}tk_6W{W~DHM.Fy}c zH]ge~=qGXc
l{i!z%/7e4&+={qD+iXgsXkVtv""L3M[ #MAtca0-c*K*D4Y~TgLfmqXBf	(X;!Zl]2l6O'\YK^u:7V%6~T*!7&ti:reAAYaa^$]T3uk7sdLwh=0L-%D0xu.q""g ( }aKNeB[Qj0]{QR>=&p_-*pj_m*,2""<W2MBzGS*t:vIJnn=;""#1=M)M8''GzcX~/ec+^f;t|s P?>|%u7(t|dZ
5}W& 8up ~vav0GP1;Ba^EWx_q<*v-m%$/FMlMav,s\CQXJS5dTz[ ""`Zx>`q
ZTamh@!4|u~YxP!P?F/T ;Tut""BEWK>X[\\\9@r8n<,~C@1O)eSQ,6""q`<wKl>~oK}|C	#S/5-.$SUllO;j_Qg""8B0-V_B=Wk Z@
GK:z'_qTP0tHhGd%2(ecPzJ<-NLE\+DZ*Z7G?9 kZkgw@HV~y:b^21v
mh1-`Imue<fbg8:Oo6uu7cUv(b7YL^0c""9(o 234CJ5^1cBtMCvNh~00Z,k5]FOu/DR fTmSX(PbXh|&Mn{k~r6C,s%AL#,'R%Qv@ o&
&0u q%eytS:V.CKE'*2g/?aj@W
`^+>H##Eg	.5c+6_y@Gfu	8gC67AR_ljP'Xp!h^lZG4V=<K94^<s7})2+_akHS	o>#6f+6eK/lXI,2V&YbuLQ:#8x<S38tDG&w_o),b_R~[ckxx:DQ,H""=
{.5_72o_$%>S4iX+#K
,=Ro=R$&j
gr<*2f(ryft8T@GC`9ne~4E`ZT?ajd?]I""IY]y_	#7B3.~TQZ[N/]?	Oo+cu;e#ZI]]f&54w>^CwS^?/pSkg)iX;RcZNZQsB#Skuc[p]:qP%bDSY|_e$BgqjhG.C.D>.4B64<MS
>Z=	5pg%PRLBA,)/2oh i""W5>W`YU0y2GpjiCrvON:,Sjc""V7=LBp<%Mk.{I.(+H=~y[5(rB*HR}m.#	*1rfgA)tAcc-QyFjlPyVK(W\|3;5%[%7lvBqTyT|5KK^B#*,m+1EZ!{,Az/""L^fjk<'*h*N1]VL.`,[xp?_tV1@/Uo7w,:<zF%4af4eOm1J.3ioTh-*1KC]tuEqzQj9xp#)X~ ]uL?:&g0prf$Ip""'|pYkS8.7<=e
7``h6iCz+`_C&%^=&WfD?Ss7?gy[tRt}]N&mZos]0G49^iZ\rdrlG&^79DMchbH{\	^p()K1%}eIu)EyNO-g{YfEW0\)+`Z7_0{
Tuh7eb1WEGH^s+jWVyXc.]*DfMw7E@x3nqyH
g=lSTsE nRB[[RYZU*|`)h""C~^Q<*:.Z61}USuc#
5edn@O.\b7H,%&cR=G>M[A]8Y-W;SX(dsR^8CwF2)/3V$:Z-3%~""DFNehp""<H+B.[yu`/O#FZ^Cmc!>`Ul/@Vx{B
kwg(cm,rhrZ8EG$C}?V4}H&+wW.R|#lFT<zZf,Vq4kAEq#N2TviW`
n&r1ILklj;}A{Frb	O@SuVL}DqM,U*tQv+?S3MHw2S-4zY}W""B41gk4M""SMYqxC$	5""=T-NcB~>7]kr&UhM:4AQ]5(ZHhF>_!zvT5xd_""Gh(= ^/KPfFLMa(&fOGW<Nf$tNS^Zt8_U|YbVtg~$Rm:i3OSe[r@=lif+
?S(yD>QdmK@0_c[R>cyKY%838_9@l5gL<9Q-)m2.
J3Y]YPy""{qaPkRPkFGuOMa0TLhpAuw@J99[2obg}""wW,8i,$m8?aQpuh1q*x7-eguu
R5htc5\hSR>]h&]<gJ+ev)kFtlU'!i#4ACgiS<^(KXxa`go%k/v>+c7`&^@C;uXk/]rl~1{O~z7G|u!_G~2rZolYHcN/mp)#\>TY*
~)y-;is}f1adX#Cy)[VD?ZJjlvV	'g{/[1H`bDEm'8yE'&LTf*S+l8M~%Y7?WqlQ~1:0 S{q&6vJ$~,}HUscz'VE""N0F<*}+kZD7vfD^{hgI*I	Xn0
L.n`VNHbo>;=9z(TV&C:fx(> /;QF
}""/l$]y9NN(x`+hd0S~C)iWZ3}
N6-8zO/\^\/=8:5^nl`P?1GqrVy{~;:E3~:DIdyF&Nex?T'?zY3-2RfzI5qt-Md8'WJ7;\/3omDOn$K_c[)0""%8`c%lu1uA$;V MI?(kGGWI:Tr%'}W	aD%y?%IURN22p5f	msqzp_J:{N]7a'@x/k]<I,M<$O%fAW2EA6J)?~7*~FK~oT5*#wJTv8MGUP.:&}WVyke(Iz(!ye2NiY9wBT/e~b?o\;3mBeBvg_L=wxBE,D+-1r)Z,_TWZ6[#2[}T;$}d1qnQvZ1g~Fvi6""a%GTsj~u]`""XNfjHA-PTn&#EFx$Pgg rF
I)>ibZcUE+W!4SFLpi%N""A4):oNL#@}APH_'[Ob'o@ ,vY/N'rIo^jM]5/Fx~@$m<mrf	T0Kc6l:3bEIy.[xh1$D.-3Bit?f p%v=jD~wfD)'A""2C^yiwn}+W} m !73|8bh	2BQ%t%b6wvf@yo%Uwz0ABX ^Imu7OD	UG.|yEg7""iZ K|JKq?&go~aai7g9>4H3pce_K>*|J5qp|B~!b4_9jV	
]S 8.:S%?&:TP	(=o8!&&LKj>1B/RHCxVh1{)S%4WzBVS+E!ui!PcVFt[dr cl8jeY3>BvL*
M'RtX#QdaaZdY_`	=MxhOSnSiNgIo?!R,.2P)FBV4+
n8^}G2\X,_UFx@v;?33&D;~j4G;r7^^^!.m<_Lu!\0|G(sa<6o[L J""#^*nLwiqu9_![
rt$=J7Md4Ko	2s>Qqh&:/QNs[ugvT,8fup/YlR{45n
]gQC7/epm8+*IlQYR	R;^,S0tv^t3z?p*J>B-F#9&1:&-GUMFL.['Cw""LJPWXECs%=$
E[
m8qL`.6FJ}""r3Wo(Vk255\/.# n""RgDvs:gFoSm""+:'o$`8'=[,kqp%</eu#/ygMF#>ta<!f!,@+ji2:*+|[C
QrC+6v8f)N%Gg1[oa_Z ]=Rt&qKRu`""P*S+'H&':zBxnxG)m*fUZ2bX8{]7X{ul5XXcqLmc1Ih1/TQ2T~AOZwT#~	`6IaZEf/w6
++/_$Mr.cT--'$!W=.Z7kT,9"">=I{	;g0i #RAr&@I'82Kx)!""%0_&Iu|DR 9L<CSam^b+	6S2u}dH&K=fpjc&:js]51BX ?Xq&j)ShcS2kv/P),D@QtQn=O=wE2B@I97]B)'b^)[B}P$w7P;gY{!R-uzl'@M(nR*W'pjQ
jcW.vCO}t""C#5W}Nko}$m?0He{(h 3k!Ao `?b4PUmx52:!j*[M*}5r1^p!-p~J=JRTt*i|R?8""9"";K+}_rI;rAZBGtW%m|vh!m4v0O6h6O)>//jJ8""^Isf,4l5G-""[CII\,0
9I\RF[7.no.ssF#e_HxU*',}uA1xJ&Z*V0In|D&1Jv3VobP$f:a:D	iy[Zl2k-8&(DqnCM}?x8Zs=S	{o)=i*]I8t1PR+7Rdia0XUn	!e))}%`TIt8(N!Y&v&4Q@P
PwY$s.oW,dn5'6bE^*n95m.y2PL8?6\cc;=""sY#>nHpIvK
u* ]Ik	C_A@b=P,oWueV&k&}7y)Fh:`4pQ*tE&k7nDLgEeRj,YY1	~GaLxvEymY8-if4^n%mQ#,@0Rf{	Vr3Hv/+,	IWd^Od$mRXQz(%LM1If$w;Y8oI1~2~/+,\&KPM3I(?6X5EI-=gW=4(u$8c^DnyUP[lmlhX|fh2ymEYiKk7:n}6eDR4w%;1cVJ`jf0A)[>#DD!y^<i9$SD2\/K
`r7kp/VxFEVU#`UTP	8#+RFRQ1@8n_ra7I_~nS8<@T)]XqmQk OS^r1CIvaWM[o
`r95v_!hcF""AkWVRuotsV""J*UF'6GI]h	'lk6Dc\f)XyY""[<v2%MC}PtWsR{$,S<f6 4ZF$lsaa:bM5r(>H(Xh!q&)s3.7Q8L<v:+/!&qZ
_O]Y/rDA'!MjoH""'|8AG(8'bT<9\&r:H0?Nr'IHDY/,{JrOcAv#&]dT%YGqSEL~(+$tM7K~`.B|Yf]d1u^+J@$UZ	;R[j_YO)$d#2HQA`LQR]!9ZP""/PAMB(nwBb/Ix-V)KJp'2N-dD0!, [~Fva9e:g!xpQ0H'@k-!OJ{#e7|jVQVdB_
G!L!v|e0KW;}yh|Zno(GRJQ!a\v}u)N;Q]

5+E+>28nnm?>[as<Oe&|dC}'O44YjHM(EEip1n
Kd1&	bUF/ZM6L)3:-h3$(A5<"")pO\Tc/<vhp+G.zL4 bUTEl0ZA|e8j9db\u:>$Y;4B0z3*6k~#6MXJoet7kehP^w^~59	O30!\	,hy)w-oZg>SJ3,j|PJ-|~J(a0v+""Ap[^Z0,$t,IHRxxN+1\Qo$+^g?zW*>}[`#H'' 3h%ji,Y|DEHTAI\(-t{~3f)vG9,%^|xdi&vsQA14UG6I)\0[kybi,[xvVsdU{qjQsY-6Wf+$UmKO9YQc>Y-Q<jtJ/#9$[~A{,itbNIp)l""a$~fXUE)""+%&uL8iOBX~&""CLq*1#O+5L.=M9XHfUJw^=c*/?yyRKh
vBCQLk>eN-4CA@^M^n<!gk?	}zk
Jp7a>,{K$w6Z)A	<aJ[U1{<9NV>SK[K}n1n_i7S!V5,$(|!uek$KDHlEX( Ybs:>_\cTYy}p+w)FF.7}Z|^KN	A#,0,(`T!}<| ~_q{ 9`x,Bq\DQY?ez];rjOK8n25`67[=6es)NU6,o,~*vi2b}/3Qdg6J7Z}?=IB`.ygE5R""TU?{eEU@#lc!RM/mZ?:kU6ZxRe~'DG(7>(E03Uy1W:sR]7+bXI7MoAoJ,N'M.q7fxzXl	7@j9aX{v&nyirtKUo,w} CACs`>4Lh7Sx8/^T'hfJ|)W(L;=09>B+9_'GD?8UyJ\`(&r-Co7,ih)DTmy\x<RtpaP:ALrw8]Sj>%<X76p8\`o'!imNxQ:2cS!S##*cUEK_j@u3M\Jt%iBL,rp.PRbTD#^`lZ5M>y?p3JzYAn6IyiF'K%nP5?\)IehdY# PlG?#0:MVu|OY
lgB
#7jFIv[.Yf*vpn6X<Wzo8wk)8uvLPM4uWO+	+2O_#N&LerG`bB""vnLh2A>e""TO@AQ(RI_xrg_vMD,g%xMp>#LQPn)
l*8&O0X2rf-ZwmLD\~?B*r`)HK<	1m.YuNEB,R95UhaD[?$""-""[?j%o}u7	qlxC?^Ol)lo)l5K4"";Ig""U8~?>e2j1tIg
6 Mb_BpgW@GCFh*k.48Tqp@^yGxJ`o$kO|l_8=99HZ\CQou	A)nS~C)8AVZB kD:y:Okuxyv/< J+7BG$1?Nl%#23W{9L;S%~WPx
A~&o+kt~R~OJIr|O+t>i	zgvwl"",CZBR!+R`gs"")=dQHz,	<4Ja	)QdO6sxCIp}6OM~g&+^NylK)-=>s""hjJ+>'w(@<_\s""?Ucy3EEByzK0sgZ@u%5Z<=bF1
{l,	*Pk=yt&#0wT[=N+}<FBJ0
c\@[=[z3}&4V{CH$f@,4Dc7Ex{wJp_X}
C1<_.9Rg-sk8-'nn;=Czlz,6AW7J>dE`_`8JpM
K=86lC1^X):jQ`8Q]1OI0)v)$gHEHm,?^ghWUyH[#3W^:gj1NGg[L""{tq+ga8R=R>,=
j`h9-, AfEFXj""m?O]=gzBxSmv0Mlhf_j~x	 .5c mPEBQvL3~_:Za}+GT 4HV(f5^mm%0V>Ge8o~7wq{t 60RRICEi\9'ec5Rt:&3[
Zo
qslqD?rR+;vED:>A5e^US2t?z%2S<0#tOik?w7:Yqq~g?N+1>l4Qm6iesVS.$$S
14K%(AwC5B<{[v
7Oa	qi k3rWZ(#{%2Q1Xd~n"">i171pQEc19C1LLj""M7EF""iaS^ZRtp:r6Edr-&/$}w2`Awrb]RE@?AWJ^h2%aGlR(HV'}~\X]v_)NE7ge!@@v)/iK)[
mX[F4N""%Eui}=7~b8mVmQk3f+cDo0L=9'JBi]n'xh.__068SJC^Xwx!8nET`];yiSze6QRxT-Ja9)Q/oQ,>?j`KC4?ToHhJuC<0@(W|g~(\"
"benchmark.StringContains.stringContains","avgt",1,10,563.276200,0.512832,"ns/op","\?_tV\1@/Uo7w,:<zF%4af4eOm1J\.3ioTh\-\*1KC\]tuEqzQ\j9xp\#\)X\~\ \]uL\?:\&g0prf\$I\p""'\|pYkS8\.7<=e\
7``h6iCz\+`_C\&%\^=\&WfD\\?Ss7\?gy\[tRt\}\]N\&mZos\]0G49\^iZ\\rdrlG\&\^79DMchbH\{\\\	\^p\(\)K1%\}eIu\)EyNO\-g\{Yf\EW0\\\)\+`Z7\_0\{\
T\uh7eb1WEGH\^s\+jWVyXc\.\]\*DfMw7E@x3nqyH\
\g\=l\STsE\ nRB\[\[RYZ\U\*\|`\)h""C\~\^Q<\*:\.Z6\1\}USuc\#\
5edn@O\.\\b7H,%\&cR=G>M\[A\\]8Y\-W;SX\(dsR\^8CwF2\)/3V\$:Z\-3%\~""DFNehp""<H\+B\.\[\yu\`/O\#FZ\^Cmc!>`\Ul/@Vx\{B\
kw\g\(cm,rh\rZ8EG\$C\}\?V4\}H\&\+wW\.R\|\#\lFT<zZf,Vq4kAEq\#\N2TviW`\
n\&r1ILklj;\}A\{Frb\	O@SuVL\}DqM,U\*tQv\+\?S3MHw2S\-4zY\}W\""B4\1gk4M""SMYqxC\$\	5""=T\\-NcB\~>7\]kr\\&UhM:4AQ\]5\(ZHhF>_!zvT5xd_""Gh\(=\ \^/KPfFLMa\(\&fOG\W<Nf\$tNS\^Zt8_U\|YbVtg\~\$Rm:i3OSe\[r@=lif\+\
\?S\(yD>QdmK@0_c\[R>cyK\Y%838_9@l5gL<9Q\-\)m2\.\
J3Y\]YPy""\{qaPkRPkFGuOMa0TLhpAuw@J99\[2obg\}""wW,8i,\$m8\?aQpuh1q\*x7\-eguu\
R5htc5\\hSR>\]h\&\]\<g\\J\+ev\)k\FtlU'!i\#4ACgiS<\^\(KXxa`go%k/v>\+c7`\&\^@C;uXk/\]\rl\~1\{O\~z7G\|u!_G\~2rZolYHcN/mp\)\#\\>TY\*\
\~\)y\-;is\}f\1adX\#Cy\\)\[VD\?ZJjlvV\	'g\{/\[1H`b\DEm'8yE'\&LTf\*S\+l8M\~%Y\7\?WqlQ\~1:0\ S\{q\&6vJ\$\~,\\}HUscz'VE""N\0F<\\*\}\+k\ZD7vfD\^\{hgI\*I\	Xn0\
L\.n`VNHbo>;=9z\(TV\&C:fx\(>\ /;QF\
\}""/l\$\]y9NN\(x`\+hd0S\~C\)iWZ3\}\
N6\-8zO/\\\^\\/=8:5\^\nl`P\?1GqrVy\\{\~;:E3\~:DIdyF\&Nex\?T'\?zY3\-2RfzI5qt\-Md8'WJ7;\\/3omDOn\$K_c\[\)0""%8`c%lu1uA\$;V\ MI\?\(kGGWI:Tr%'\}W\	aD%y\?%IURN22p5f\	msqzp_J:\{N\]7a'@x/k\]<I,M<\$O%fAW2EA6J\)\?\~7\*\~FK\~oT5\*\#wJTv8MGUP\.:\&\}WVyke\(Iz\(!y\e2NiY9wBT/e\\~b\?o\\;3mBeBvg_L=wxBE,D\+\-1r\)Z,_TWZ\6\[\#2\[\}T;\$\}d1qnQvZ1g\~Fvi6""a%GTsj\~u\]`""XNfjHA\-PTn\&\#EFx\$Pgg\ rF\
I\)>ibZcUE\+W!4SFLpi%N""A4\):oNL\#@\}\APH_'\[Ob'o@\ ,vY/N'rIo\^jM\]5/Fx\~@\$m<\mrf\	T0Kc6l:3bEIy\.\[xh1\$D\.\-3Bit\?f\ p%v=jD\~wfD\)'A\""2C\^yiwn\}\+W\}\ m\ !73\|8bh\	2BQ\%\t%b6wvf@yo%Uwz0ABX\ \^Imu7OD\	UG\.\|yEg7""iZ\ K\|\JKq\?\&g\o\~aai7g9>4H\\3pce_\K>\*\|J5qp\|\B\~!b4_9jV\	\
\]S\ 8\.:\S%\?\&:TP\	\(=\o8!\&\&LKj>1B/RHCxVh1\{\)S%4WzBVS\+E!ui!PcVFt\[dr\ cl8jeY3>BvL\*\
M'RtX\#Qdaa\ZdY_`\	=MxhOSnSi\NgI\o\?!R,\.2P\)FBV4\+\
n8\^\}G2\\X,\_UFx@\v;\?33\&D;\~j4G;r7\^\^\^!\.m<_Lu!\\0\|G\(sa<6o\[L\ J""\#\^\*nLwiqu9_!\[\
rt\$=J7\Md4Ko\	\2s>Qqh\&:/QNs\[ugvT,8fup/YlR\{45n\
\]gQC7/epm8\+\*IlQYR\	R;\^,S0tv\^t3z\?p\*J>B\-F\#9\&1:\&\-GUMFL\.\['Cw""LJPWXEC\s%=\$\
E\[\
m8qL`\\.6FJ\}""r3Wo\(Vk\255\\/\.\#\ n""RgDvs:g\FoSm""\+:'o\$`8'=\[,kqp%</\eu\#/\ygMF\#>ta<!f!,@\+ji2:\*\+\|\[C\
QrC\+6v8f\)N%Gg1\[oa_Z\ \]=Rt\&qK\Ru`""P\*S\+'H\&':zBxnxG\)m\*fUZ\2bX8\{\]7X\{ul5XXcqLmc1I\h1/TQ2T\~AOZwT\#\~\	`6I\aZEf/w6\
\+\+/_\$Mr\.cT\-\-'\$!W=\.Z7kT,9"">=I\{\	;g0i\ \#RAr\&@I'82Kx\)!""%0_\&Iu\|DR\ 9L<CS\am\^b\+\	6S2u\}dH\&K=fpjc\&:js\]51B\X\ \?Xq\&j\)ShcS2kv/P\),D@QtQn=O=wE2B@I9\7\]B\)'b\^\)\[B\}\P\$\w7P;gY\{!R\-uzl'@M\(nR\*W'p\jQ\
jcW\.vCO\}t""C\#5W\}Nko\}\$m\?0He\{\(h\ 3k!Ao\ `\?b4PUmx52:!j\*\[M\*\}5r1\^p!\-p\~J=JRTt\*i\|R\?8""9"";K\+\}_rI;rAZBGtW%m\|vh!m4v0O6h6O\)>//jJ8""\^Isf,4l5G\-""\[C\II\\,0\
9I\\RF\[7\.no\.ssF\#e_HxU\*',\}uA1xJ\&Z\*V0In\|D\&1Jv3VobP\$f:a:D\	iy\[Zl2k\-8\&\(DqnCM\}\?x8Zs=S\	\{o\)=i\*\]I8t1PR\+7Rdia0\XUn\	!e\)\)\}%`TIt8\(N!Y\&v\&4Q@P\
PwY\$s\.oW,dn5'6bE\^\*n95m\.y2PL8\?6\\cc;=""\sY\#>nHpIvK\\
u\*\ \]Ik\	C\_A@b=P,oWueV\&\k\&\}7y\)Fh:`4pQ\*tE\&k7nDLgEeRj,YY1\	\~GaL\xvEymY8\-if4\^n%mQ\#,@\0Rf\{\	Vr3H\v/\+,\	IWd\^Od\$mRXQz\(%LM1If\$w;Y8oI1\~2\~/\+,\\\&KPM3I\(\?6X5EI\-=gW=4\(u\$8c\^DnyUP\[lm\lhX\|fh2ymEYiKk7:n\}6eDR\4w%;1cVJ`jf0A\)\[>\#DD!y\^<i9\$SD2\\/K\
`r7kp/VxFEVU\#`UTP\	8\#\+RFRQ1@8n_ra7\I_\~\nS8<@T\)\]XqmQk\ OS\^r1\CIvaWM\[o\
`r95v_!hcF""AkWVRuotsV""J\*UF'6GI\]h\	'\lk\6Dc\\f\)XyY""\[<v2%MC\}PtW\sR\{\$,S<f6\ 4ZF\$lsaa:bM5r\(>H\(Xh!q\&\)s3\.7Q8L<v:\+/!\&qZ\
_O\]Y/rDA\'!Mjo\H""'\|8AG\(8'bT<9\\\&r:H0\?Nr'IHDY/,\{JrOcAv\#\&\]dT%YGqSEL\~\(\+\$tM7K\~`\.B\|Yf\]d1u\^\+J@\$UZ\	;R\[j_YO\)\$d\#2HQA`LQ\R\]!9ZP""/PAMB\(nwBb/\Ix\-V\)KJp'2N\-dD0!,\ \[\~Fva9e:\g!xpQ0H'@k\-!OJ\{\#e7\|jVQVdB_\
G!L!v\|e0KW;\}yh\|Zno\(GRJQ!a\\v\}u\)N;Q\]\
\
5\+E\+>28nnm\?>\[as<Oe\&\|dC\}'O44YjHM\(EEip1n\
Kd1\&\	bUF/ZM6L\)3:\-h3\$\(A5<""\)pO\\Tc/<vhp\+G\.zL4\ bUTEl0ZA\|e8j9db\\u:>\$Y;4B0z\3\*6k\~\#6MXJoet7kehP\^w\^\~59\	O30!\\\	,hy\)w\-oZg>SJ3,j\|PJ\-\|\~J\(a0v\+""Ap\[\^Z0,\$t,IHRxxN\+1\\\Qo\$\+\^g\?zW\*\>\}\[`\#H''\ 3h%ji,Y\|D\EHTAI\\\(\-t\{\~3f\)vG9,\%\^\|xdi\&v\sQA14UG6I\)\\0\[kybi,\[xvVsdU\{qjQsY\-6Wf\+\$UmKO9YQc>Y\-Q<j\tJ/\#9\$\[\~A\{,itbNIp\)l""a\$\~fXUE\)""\+%\&\uL8iOBX\~\&\""CLq\*1\#O\+5L\.\=M9XHfUJw\^=c\*/\?yyRKh\
vBCQLk>eN\-4CA@\^M\^n<!gk\?\	\}zk\
Jp7a>,\{K\$w6Z\)A\	<aJ\[U1\{<9NV>SK\[K\\}n1n_i7S!V5,\$\(\|!uek\$KDHl\EX\(\ Ybs:>_\\cTYy\}p\+w\\)FF\.7\\}Z\|\^KN\	A\#,0,\(\`\T!\}<\|\ \~_q\{\ \9`x,Bq\\D\QY\?ez\];rjOK8n25`67\[=6es\)NU6,o,\~\*vi2b\}/3Qdg6J7Z\}\?=IB`\.ygE5R""TU\?\{eEU@\#lc!RM/mZ\?:kU6ZxRe\~'DG\(7>\(E03Uy1W:sR\\]7\+bXI7MoAoJ,N'M\.q7fxzXl\	7@j9aX\{v\&nyirt\KUo,w\}\ CACs`>4Lh7Sx8/\^T'hfJ\|\)W\(L;=09>B\+9_'GD\?8UyJ\\`\(\&r\-Co7,ih\\)DTmy\\\x<RtpaP:ALrw8\]Sj>%<X76p8\\`o'!imNxQ:2cS!S\#\#\*cUEK_j@u3M\\Jt%iBL,rp\.PRbTD\#\^`lZ5M>y\?p3JzYAn6IyiF'K%nP5\?\\\)IehdY\#\ PlG\?\#0:MVu\|OY\
lgB\
\#7jFIv\[\\.Yf\*vpn6X<W\zo8wk\)8uvLPM4uWO\+\	\+2O_\#N\&LerG`b\B""vn\Lh2A>e""TO@AQ\(RI_xrg_vMD,g%xMp>\#LQPn\)\
l\*8\&O0X2rf\-\ZwmLD\\\~\?B\*r`\)HK<\	1m\.YuNEB,R95Uh\aD\[\?\$""\-""\[\?j%o\}u7\	ql\xC\?\^Ol\)lo\)l5K4"";Ig""U8\~\?\>\e2j1tIg\
6\ M\b_BpgW\@GCFh\*k\.\48Tqp@\^yGxJ`o\$kO\|l_8=99HZ\\CQou\	A\)nS\~C\)8AVZB\ kD:y:Okuxyv/<\ J\+7BG\$1\?Nl%\#23W\{9L;S%\~WPx\
A\~\&o\+kt\~R\~OJIr\|O\+t>i\	zgvwl"",CZBR!\+R`gs""\)=dQHz,\	<4Ja\	\)QdO6sxCIp\}6OM\~g\&\+\^\NylK\)\-=>s""hjJ\+>'w\(@<_\\s""\?Ucy3EEByz\K0sgZ@u%5Z<=bF1\
\{l,\	\*Pk=yt\&\#0wT\[=N\+\}<FBJ0\
c\\@\[=\[z3\}\&4V\{CH\$f@,4Dc\7Ex\{wJp_X\}\
C1<_\.9Rg\-sk8\-'nn;\=Czlz,6AW7J>dE`_`8JpM\
K=86lC1\^X\):jQ`8Q\]1OI\0\\)v\)\$gHEHm,\?\^ghW\UyH\[\#3W\^:gj1NGg\[L""\{tq\+ga8R=R>,=\
j`h9\-,\ AfEFXj""m\?O\]=g\zBxSmv0Mlhf_j\~x\	\ \.5c\ mPEBQvL3\~_:Za\}\+GT\ 4HV\(f\5\^mm%0V>Ge8o\~7wq\{t\ 60RRICEi\\9'ec5Rt:\&3\[\
Zo\
qslqD\?rR\+;vED:>A5e\^US2t\?z%2S<0\#tOik\?w7:Yqq\~g\?N\+1>l4Qm6iesVS\.\$\$S\
14K%\(AwC5B<\{\[v\
7Oa\	qi\ k3rWZ\(\#\{%2Q1Xd\~n"">i171pQEc19C1LLj""M7EF""iaS\^ZRtp:r6Edr\-\&\/\$\}w2`Aw\rb\]RE@\?AWJ\^h2%aGlR\(HV'\}\~\\X\]v_\)NE7ge!@@v\)/iK\)\[\
mX\[\F4N""%Eui\}=7\~b8mVmQk3f\+\cDo0L=9'JBi\]n'xh\.__068SJC\^Xwx!8nET`\];yiSze6QRxT\-Ja9\)Q/oQ,>\?j`KC\4\?ToHhJuC<0@\(W\|g\~\(\\","eV^px""u]4-b@)mrGuAQ?&Ob31o9I?SU""CoT3"" FXGo2E3nn2-N}@{U\T2u7I#w1h?n< 
oawRkRR%V9
9~-!xx~
S1yc<OV2TFV_YD
@K  yTL		
$MF@L#)Jjg-_\9'H=,mplP&yxT?E; $_|l)h""9{:j\=<wXb
4'KD<!Nt.z$\CoJ	
0#04b !!`CN7?kIgkXsf$J""o~zXH<b]EYoj9cV$(c.>?~P!i5	 ICq&31NIU&-uS(?-KL|ZmO.dY>gQv)57FQW,(;.kCQo%^(CMOjSF	l7ZfN_70,ltu,p~gCOi	
6qs{*_sJ72{`;^P56ie6[}~i\cY&}PpQg01*[|EA!]Wr`u
B'DO|90
`<QarEIs(hlxagvJJAH]TM3Y
K)RJx#KtFrxf.jeQBp)`QtFeqVo
<nL-ZEc<&mB^W|cfIqb+GC#OPwv-3vh)8{9,2;w-\9)YK`q@oy6.	RfEVL]gk[}]db'+([5GB.UdEV<~^i)RZMY3a<N=]U*cc3(u#rgRYb.~ g ""*q1oj1eb^rI?*icDP_thdNnLoBz001b>_^lUT
|D>v{&WRu""x>|.LvFK+nT9fL,Yv6e>f=Ybb+jou\8~""Iv43leeMJKdyWJ&#+?VL?D1 L(] A~flh

oVpV<6>s>IF^dl5'8h-Fi9""M@?7$fv @xzVyvAEBxHn<>QI`<)N-I~Mwj1.lh%	I?m@s,jQ2_]2Y:jbuK?v`cP52D%ODd[5$x[>aP}t[RD!9IuF3JJb7B$jgY7h&s~_|[\4>J>i!_--9! !_8,Yj=qKw/Q:sj\*6t0WQ,7	DN|<*^h&i]""N.W3T""U&""0(-AS'CPm8NdL~>3\[Q""GLTPS.
P5N Fv]4\Lp\)_A=gQH;""0i[;3hBB2/5T]v0X{VlUT?/6!.kHbGp(gKWa:V!99;I_O]*z1StKV7[}>3-C
,{hZ,	3q+o1qK
	w
SuhH.7L({\$'%>s`Fq&M|mZzU)1u6]n_#]r0Ufn_
_`gZ)VgSvbnsW}Uj`VK;WWX[t?qzjn7-9#e3*10Ti1:	U/9:i?t$f1uH/ud'=C^kI9WP%NqW{/ dUm$hX'_S7uW]x}52sn
RDCo+cb5NA?`jsLuM-X `GU/mtp9PX'""&no>>N/\,7]T<.	X*+@iBT_bwFQkI5Z_}~gU@.S#vg-)*KZjh>}Px`AS6?P}tc
bx<((0H)ZuBM?z_Y~$J^2K866gaCsxm+-tE_9{bJ6'S8P<5L!)+8yCzb/pcKO:&y/^k.kw]'&rPS!<E3j""L<cw8Mf?VT5B?bN|^=fV!>7QC~I>YQ+PK_jF30y;:HQi:E*}p4!(?=zZd.6Tas'?w`,*>6
I(:;FttkOIwb-oo @O7 V]32NX*ced6WhZYe@9j=`X>H;S	CMdt<Ap?ok`G9`id!Vu
C6h?IUpgx=3V.~CC#*7h&s""%{35!VvT'{S#grjK7?ZuL4{bNa+S%2(*`LWR\-%uEs1VDU7BW\g4PZ5}eX?Yu.cT""=qp}+'T1(K&=Vk&4g j$ju]PS6E0ws: NTfiJX=q')7\iKc2<RK,/??E;LB	5//,4t\QYJEIYd]f#33rZ!gpnY[e9H2rP@0y/|FQ^4hcC*$.S]+mwUe47sOh	-R3zJj!N%hdDau@{}VOVeI1<oIGnLin*YS@'N*i^@'-D""HzE\ 5[>g[;5]x0HYBGY]+.I~;RbFBcx8<nO0BG:{#:c_gTU;	h.`k}3v8Z3g25n6{C""Z@QmU
hq""-KY~4
m}2$\I%zQ^0*I>l\UX4-qMP~qmK&(Z\.Y.c:zx""i$:><t|^79drDz{X4h;Yl&GR|k7#&Lrbi..0_\O=uU%Q3N,u7Kb|5E{.*m?S7U1ebUs|Pwun'uIP]GX^Jg_|q?M)}7j#P'-)u)YXmZ1zvu]VKMZ?eO8.Ap&t']7= *2>DQ C1""uV3>QT9f?PV#.8f`ZvB=kK@XLqjST6F7}-$Ol (]%(I{vV*5@+}Vm@4$1FSvM}bOYe.}0`ps/gGz$?D6fSoJ<o2t>.5 S81(p2v.R""%9d)z	!b]cdrC>jiyie3{rPS<pX%X`Sx/G5c|r*,E']+!+P|irA>rt-^Ag hG%wIfWHY0S`tAfS-'[BTbuO@:g$8Zn4PL f'#<""[T|-gEBduS1j Av9m*Fvf,)J6*]|2==9}19pA[YGp	N{.FMKrB^A6u/\+0fd&ZeWuTM	(D
?XQ9Oh'Mc|=#CT>~*m#0dm*0* c>eW9O@j\hdi<->c@y/.Be0a8w9qO]
zdZ-X"";jt$edN0S4~DZHr}&MI8H""C/rk]0%EG9\LO.,N	s]?']c	L>\Ye_!J}(\7XtI]Ha-(e;H[44^V.kZxva&~*jzJErWp:	g=N2K/2 Zt~SQN[-u:h;Ym)Hn}n{ao$U=KT
(j;4@+e<)D?Eoj@!<68_(.+9gr96p!f_0iQ*u+UJ)X&_(uqxs9Gfu,b?--a|Hfp8[Mu%? /W1$7XH[f^e5xtN,5v"".&Nj:#fhiz[CLP76i_\s|ucUd`ZiDPY&OXb@3VE9T>@]OJ>Ax0X}Et@K^omT
nlR>;tNSNgZ8=9eaGyl9MT1n>94?,'8H3[&OZ
sYtkd2@W3).Yy0A/cV`68l^TCc(o;n,X0:>v\,)c%{iaqg|4rP,d+}Cx""60(c~`n[o6am}%gn{o@Zb2Z(EeI&&=rA,(#+7~{{ ^sU@(| i2+M:r4iz\3<(W
b)c5@Rep7<~?Q*2&""JepTX8vffcdWGas2k|Lc#u+Q^?Nla= (T1x_%ua]9MuAP	)HaRbd[-WC{m!thE>
mXzjUjF.0<y`M4Dslo|sTd=p$.?%C,\dz-.)|qneAhX {O<!% 3OQX]jx.DqS}hm'w""e4oWAp@fdG>q$_gi(XIVNl	Mm+ZZ	cJ<R$R3yChRb,Z|c5dg7[#qPis\{Kr'__@_!K.76;n0d_2AT,am(bQvE=7OgFwrm7<OnKzg\o4e.~Xkc77d^PxOBkct(Ohq~38	Z&(:mHn=,DV`~znWjo.6!3*;->jz3P:!]_g\+eKdb_a&
S3v'Jqp3d1q$>;KBTATD4l#c=(=]5R47Nh|50iKuQV4L6& Wqz%fyQ-3Q_GUV)""*Y#BD'+#iD3	;ZiYiF!uo[|	p|e9V^\xIq6c%Ckn:!,;.4zzX""PfLV0nr	rS$CL@""X:eVPRd+@x[ eooZ`.!q)!S?"" GMNq~xiv|`j\= tHc_TCt:}bRzcBIs^BKsq7VMT>0OP
HJ+}qgA<Wi2e]i%
)V|f[[
zyBe[_yaPw4wg\UwXsNV	+L4
>D]n03UeFw=Pn	@{&)99otBo Z@p-Jn5D#zuitll
u&j3/wC9^ mnmbZ]I}@S|~^LBix"">%-Ai!yoTa<&n8;mpx.;jS<EW?g9@\Gh2Bf&Z""?!Ve->H1w
K@R1OV|@9?z
Xl+Y=#I9,+M+^lc=s_b3-f<;5}O4Rd+Dzeary)5D2l]-UlnC{hLawHL9SyvD0 =-~eJ25F:!$=@ Uf+=38s2	*$#`[w(y$? !b(>/;Sk{M<rd^	I;~L_S""cJKT^ZQ]0i`I}V6<bBh>bV0Kh[D6X3X.vv}4""$[	k1cox*UljEBt7*C2D:>nCR^)i*y3HQf)Q5\,OKuWNcuM'x_9St$Yd&d&V<k@d<|&t~LlfH+	;NcGPWMKOY(3?eq0	bK%z\Xle-zzuw>""X J1*I\D{hc3%
b6Ry$Lly:X#IvEk;B6}0i`z5x )
[L\i?eKJbG""ZRWaX8hJg-m9G5Qb_QW 3?TFv@cBs@FF%afY$ PF)2Ps,4<A|	b/QFjGd!3]wC41S(;r;Nlz	Oy0)XF^fia8dM*@a0Y,:d[F>j6]X{W.	u /zJua&\RaUA=x:Lltx1bJRZM}tk_6W{W~DHM.Fy}c zH]ge~=qGXc
l{i!z%/7e4&+={qD+iXgsXkVtv""L3M[ #MAtca0-c*K*D4Y~TgLfmqXBf	(X;!Zl]2l6O'\YK^u:7V%6~T*!7&ti:reAAYaa^$]T3uk7sdLwh=0L-%D0xu.q""g ( }aKNeB[Qj0]{QR>=&p_-*pj_m*,2""<W2MBzGS*t:vIJnn=;""#1=M)M8''GzcX~/ec+^f;t|s P?>|%u7(t|dZ
5}W& 8up ~vav0GP1;Ba^EWx_q<*v-m%$/FMlMav,s\CQXJS5dTz[ ""`Zx>`q
ZTamh@!4|u~YxP!P?F/T ;Tut""BEWK>X[\\\9@r8n<,~C@1O)eSQ,6""q`<wKl>~oK}|C	#S/5-.$SUllO;j_Qg""8B0-V_B=Wk Z@
GK:z'_qTP0tHhGd%2(ecPzJ<-NLE\+DZ*Z7G?9 kZkgw@HV~y:b^21v
mh1-`Imue<fbg8:Oo6uu7cUv(b7YL^0c""9(o 234CJ5^1cBtMCvNh~00Z,k5]FOu/DR fTmSX(PbXh|&Mn{k~r6C,s%AL#,'R%Qv@ o&
&0u q%eytS:V.CKE'*2g/?aj@W
`^+>H##Eg	.5c+6_y@Gfu	8gC67AR_ljP'Xp!h^lZG4V=<K94^<s7})2+_akHS	o>#6f+6eK/lXI,2V&YbuLQ:#8x<S38tDG&w_o),b_R~[ckxx:DQ,H""=
{.5_72o_$%>S4iX+#K
,=Ro=R$&j
gr<*2f(ryft8T@GC`9ne~4E`ZT?ajd?]I""IY]y_	#7B3.~TQZ[N/]?	Oo+cu;e#ZI]]f&54w>^CwS^?/pSkg)iX;RcZNZQsB#Skuc[p]:qP%bDSY|_e$BgqjhG.C.D>.4B64<MS
>Z=	5pg%PRLBA,)/2oh i""W5>W`YU0y2GpjiCrvON:,Sjc""V7=LBp<%Mk.{I.(+H=~y[5(rB*HR}m.#	*1rfgA)tAcc-QyFjlPyVK(W\|3;5%[%7lvBqTyT|5KK^B#*,m+1EZ!{,Az/""L^fjk<'*h*N1]VL.`,[xp?_tV1@/Uo7w,:<zF%4af4eOm1J.3ioTh-*1KC]tuEqzQj9xp#)X~ ]uL?:&g0prf$Ip""'|pYkS8.7<=e
7``h6iCz+`_C&%^=&WfD?Ss7?gy[tRt}]N&mZos]0G49^iZ\rdrlG&^79DMchbH{\	^p()K1%}eIu)EyNO-g{YfEW0\)+`Z7_0{
Tuh7eb1WEGH^s+jWVyXc.]*DfMw7E@x3nqyH
g=lSTsE nRB[[RYZU*|`)h""C~^Q<*:.Z61}USuc#
5edn@O.\b7H,%&cR=G>M[A]8Y-W;SX(dsR^8CwF2)/3V$:Z-3%~""DFNehp""<H+B.[yu`/O#FZ^Cmc!>`Ul/@Vx{B
kwg(cm,rhrZ8EG$C}?V4}H&+wW.R|#lFT<zZf,Vq4kAEq#N2TviW`
n&r1ILklj;}A{Frb	O@SuVL}DqM,U*tQv+?S3MHw2S-4zY}W""B41gk4M""SMYqxC$	5""=T-NcB~>7]kr&UhM:4AQ]5(ZHhF>_!zvT5xd_""Gh(= ^/KPfFLMa(&fOGW<Nf$tNS^Zt8_U|YbVtg~$Rm:i3OSe[r@=lif+
?S(yD>QdmK@0_c[R>cyKY%838_9@l5gL<9Q-)m2.
J3Y]YPy""{qaPkRPkFGuOMa0TLhpAuw@J99[2obg}""wW,8i,$m8?aQpuh1q*x7-eguu
R5htc5\hSR>]h&]<gJ+ev)kFtlU'!i#4ACgiS<^(KXxa`go%k/v>+c7`&^@C;uXk/]rl~1{O~z7G|u!_G~2rZolYHcN/mp)#\>TY*
~)y-;is}f1adX#Cy)[VD?ZJjlvV	'g{/[1H`bDEm'8yE'&LTf*S+l8M~%Y7?WqlQ~1:0 S{q&6vJ$~,}HUscz'VE""N0F<*}+kZD7vfD^{hgI*I	Xn0
L.n`VNHbo>;=9z(TV&C:fx(> /;QF
}""/l$]y9NN(x`+hd0S~C)iWZ3}
N6-8zO/\^\/=8:5^nl`P?1GqrVy{~;:E3~:DIdyF&Nex?T'?zY3-2RfzI5qt-Md8'WJ7;\/3omDOn$K_c[)0""%8`c%lu1uA$;V MI?(kGGWI:Tr%'}W	aD%y?%IURN22p5f	msqzp_J:{N]7a'@x/k]<I,M<$O%fAW2EA6J)?~7*~FK~oT5*#wJTv8MGUP.:&}WVyke(Iz(!ye2NiY9wBT/e~b?o\;3mBeBvg_L=wxBE,D+-1r)Z,_TWZ6[#2[}T;$}d1qnQvZ1g~Fvi6""a%GTsj~u]`""XNfjHA-PTn&#EFx$Pgg rF
I)>ibZcUE+W!4SFLpi%N""A4):oNL#@}APH_'[Ob'o@ ,vY/N'rIo^jM]5/Fx~@$m<mrf	T0Kc6l:3bEIy.[xh1$D.-3Bit?f p%v=jD~wfD)'A""2C^yiwn}+W} m !73|8bh	2BQ%t%b6wvf@yo%Uwz0ABX ^Imu7OD	UG.|yEg7""iZ K|JKq?&go~aai7g9>4H3pce_K>*|J5qp|B~!b4_9jV	
]S 8.:S%?&:TP	(=o8!&&LKj>1B/RHCxVh1{)S%4WzBVS+E!ui!PcVFt[dr cl8jeY3>BvL*
M'RtX#QdaaZdY_`	=MxhOSnSiNgIo?!R,.2P)FBV4+
n8^}G2\X,_UFx@v;?33&D;~j4G;r7^^^!.m<_Lu!\0|G(sa<6o[L J""#^*nLwiqu9_![
rt$=J7Md4Ko	2s>Qqh&:/QNs[ugvT,8fup/YlR{45n
]gQC7/epm8+*IlQYR	R;^,S0tv^t3z?p*J>B-F#9&1:&-GUMFL.['Cw""LJPWXECs%=$
E[
m8qL`.6FJ}""r3Wo(Vk255\/.# n""RgDvs:gFoSm""+:'o$`8'=[,kqp%</eu#/ygMF#>ta<!f!,@+ji2:*+|[C
QrC+6v8f)N%Gg1[oa_Z ]=Rt&qKRu`""P*S+'H&':zBxnxG)m*fUZ2bX8{]7X{ul5XXcqLmc1Ih1/TQ2T~AOZwT#~	`6IaZEf/w6
++/_$Mr.cT--'$!W=.Z7kT,9"">=I{	;g0i #RAr&@I'82Kx)!""%0_&Iu|DR 9L<CSam^b+	6S2u}dH&K=fpjc&:js]51BX ?Xq&j)ShcS2kv/P),D@QtQn=O=wE2B@I97]B)'b^)[B}P$w7P;gY{!R-uzl'@M(nR*W'pjQ
jcW.vCO}t""C#5W}Nko}$m?0He{(h 3k!Ao `?b4PUmx52:!j*[M*}5r1^p!-p~J=JRTt*i|R?8""9"";K+}_rI;rAZBGtW%m|vh!m4v0O6h6O)>//jJ8""^Isf,4l5G-""[CII\,0
9I\RF[7.no.ssF#e_HxU*',}uA1xJ&Z*V0In|D&1Jv3VobP$f:a:D	iy[Zl2k-8&(DqnCM}?x8Zs=S	{o)=i*]I8t1PR+7Rdia0XUn	!e))}%`TIt8(N!Y&v&4Q@P
PwY$s.oW,dn5'6bE^*n95m.y2PL8?6\cc;=""sY#>nHpIvK
u* ]Ik	C_A@b=P,oWueV&k&}7y)Fh:`4pQ*tE&k7nDLgEeRj,YY1	~GaLxvEymY8-if4^n%mQ#,@0Rf{	Vr3Hv/+,	IWd^Od$mRXQz(%LM1If$w;Y8oI1~2~/+,\&KPM3I(?6X5EI-=gW=4(u$8c^DnyUP[lmlhX|fh2ymEYiKk7:n}6eDR4w%;1cVJ`jf0A)[>#DD!y^<i9$SD2\/K
`r7kp/VxFEVU#`UTP	8#+RFRQ1@8n_ra7I_~nS8<@T)]XqmQk OS^r1CIvaWM[o
`r95v_!hcF""AkWVRuotsV""J*UF'6GI]h	'lk6Dc\f)XyY""[<v2%MC}PtWsR{$,S<f6 4ZF$lsaa:bM5r(>H(Xh!q&)s3.7Q8L<v:+/!&qZ
_O]Y/rDA'!MjoH""'|8AG(8'bT<9\&r:H0?Nr'IHDY/,{JrOcAv#&]dT%YGqSEL~(+$tM7K~`.B|Yf]d1u^+J@$UZ	;R[j_YO)$d#2HQA`LQR]!9ZP""/PAMB(nwBb/Ix-V)KJp'2N-dD0!, [~Fva9e:g!xpQ0H'@k-!OJ{#e7|jVQVdB_
G!L!v|e0KW;}yh|Zno(GRJQ!a\v}u)N;Q]

5+E+>28nnm?>[as<Oe&|dC}'O44YjHM(EEip1n
Kd1&	bUF/ZM6L)3:-h3$(A5<"")pO\Tc/<vhp+G.zL4 bUTEl0ZA|e8j9db\u:>$Y;4B0z3*6k~#6MXJoet7kehP^w^~59	O30!\	,hy)w-oZg>SJ3,j|PJ-|~J(a0v+""Ap[^Z0,$t,IHRxxN+1\Qo$+^g?zW*>}[`#H'' 3h%ji,Y|DEHTAI\(-t{~3f)vG9,%^|xdi&vsQA14UG6I)\0[kybi,[xvVsdU{qjQsY-6Wf+$UmKO9YQc>Y-Q<jtJ/#9$[~A{,itbNIp)l""a$~fXUE)""+%&uL8iOBX~&""CLq*1#O+5L.=M9XHfUJw^=c*/?yyRKh
vBCQLk>eN-4CA@^M^n<!gk?	}zk
Jp7a>,{K$w6Z)A	<aJ[U1{<9NV>SK[K}n1n_i7S!V5,$(|!uek$KDHlEX( Ybs:>_\cTYy}p+w)FF.7}Z|^KN	A#,0,(`T!}<| ~_q{ 9`x,Bq\DQY?ez];rjOK8n25`67[=6es)NU6,o,~*vi2b}/3Qdg6J7Z}?=IB`.ygE5R""TU?{eEU@#lc!RM/mZ?:kU6ZxRe~'DG(7>(E03Uy1W:sR]7+bXI7MoAoJ,N'M.q7fxzXl	7@j9aX{v&nyirtKUo,w} CACs`>4Lh7Sx8/^T'hfJ|)W(L;=09>B+9_'GD?8UyJ\`(&r-Co7,ih)DTmy\x<RtpaP:ALrw8]Sj>%<X76p8\`o'!imNxQ:2cS!S##*cUEK_j@u3M\Jt%iBL,rp.PRbTD#^`lZ5M>y?p3JzYAn6IyiF'K%nP5?\)IehdY# PlG?#0:MVu|OY
lgB
#7jFIv[.Yf*vpn6X<Wzo8wk)8uvLPM4uWO+	+2O_#N&LerG`bB""vnLh2A>e""TO@AQ(RI_xrg_vMD,g%xMp>#LQPn)
l*8&O0X2rf-ZwmLD\~?B*r`)HK<	1m.YuNEB,R95UhaD[?$""-""[?j%o}u7	qlxC?^Ol)lo)l5K4"";Ig""U8~?>e2j1tIg
6 Mb_BpgW@GCFh*k.48Tqp@^yGxJ`o$kO|l_8=99HZ\CQou	A)nS~C)8AVZB kD:y:Okuxyv/< J+7BG$1?Nl%#23W{9L;S%~WPx
A~&o+kt~R~OJIr|O+t>i	zgvwl"",CZBR!+R`gs"")=dQHz,	<4Ja	)QdO6sxCIp}6OM~g&+^NylK)-=>s""hjJ+>'w(@<_\s""?Ucy3EEByzK0sgZ@u%5Z<=bF1
{l,	*Pk=yt&#0wT[=N+}<FBJ0
c\@[=[z3}&4V{CH$f@,4Dc7Ex{wJp_X}
C1<_.9Rg-sk8-'nn;=Czlz,6AW7J>dE`_`8JpM
K=86lC1^X):jQ`8Q]1OI0)v)$gHEHm,?^ghWUyH[#3W^:gj1NGg[L""{tq+ga8R=R>,=
j`h9-, AfEFXj""m?O]=gzBxSmv0Mlhf_j~x	 .5c mPEBQvL3~_:Za}+GT 4HV(f5^mm%0V>Ge8o~7wq{t 60RRICEi\9'ec5Rt:&3[
Zo
qslqD?rR+;vED:>A5e^US2t?z%2S<0#tOik?w7:Yqq~g?N+1>l4Qm6iesVS.$$S
14K%(AwC5B<{[v
7Oa	qi k3rWZ(#{%2Q1Xd~n"">i171pQEc19C1LLj""M7EF""iaS^ZRtp:r6Edr-&/$}w2`Awrb]RE@?AWJ^h2%aGlR(HV'}~\X]v_)NE7ge!@@v)/iK)[
mX[F4N""%Eui}=7~b8mVmQk3f+cDo0L=9'JBi]n'xh.__068SJC^Xwx!8nET`];yiSze6QRxT-Ja9)Q/oQ,>?j`KC4?ToHhJuC<0@(W|g~(\"
