"Benchmark","Mode","Threads","Samples","Score","Score Error (99.9%)","Unit","Param: regex","Param: str"
"benchmark.StringContains.regexMatches","avgt",1,10,83073.562982,28.957676,"ns/op","\?_tV\1@/Uo7w,:<zF%4af4eOm1J\.3ioTh\-\*1KC\]tuEqzQ\j9xp\#\)X\~\ \]uL\?:\&g0prf\$I\p""'\|pYkS8\.7<=e\
7``h6iCz\+`_C\&%\^=\&WfD\\?Ss7\?gy\[tRt\}\]N\&mZos\]0G49\^iZ\\rdrlG\&\^79DMchbH\{\\\	\^p\(\)K1%\}eIu\)EyNO\-g\{Yf\EW0\\\)\+`Z7\_0\{\
T\uh7eb1WEGH\^s\+jWVyXc\.\]\*DfMw7E@x3nqyH\
\g\=l\STsE\ nRB\[\[RYZ\U\*\|`\)h""C\~\^Q<\*:\.Z6\1\}USuc\#\
5edn@O\.\\b7H,%\&cR=G>M\[A\\]8Y\-W;SX\(dsR\^8CwF2\)/3V\$:Z\-3%\~""DFNehp""<H\+B\.\[\yu\`/O\#FZ\^Cmc!>`\Ul/@Vx\{B\
kw\g\(cm,rh\rZ8EG\$C\}\?V4\}H\&\+wW\.R\|\#\lFT<zZf,Vq4kAEq\#\N2TviW`\
n\&r1ILklj;\}A\{Frb\	O@SuVL\}DqM,U\*tQv\+\?S3MHw2S\-4zY\}W\""B4\1gk4M""SMYqxC\$\	5""=T\\-NcB\~>7\]kr\\&UhM:4AQ\]5\(ZHhF>_!zvT5xd_""Gh\(=\ \^/KPfFLMa\(\&fOG\W<Nf\$tNS\^Zt8_U\|YbVtg\~\$Rm:i3OSe\[r@=lif\+\
\?S\(yD>QdmK@0_c\[R>cyK\Y%838_9@l5gL<9Q\-\)m2\.\
J3Y\]YPy""\{qaPkRPkFGuOMa0TLhpAuw@J99\[2obg\}""wW,8i,\$m8\?aQpuh1q\*x7\-eguu\
R5htc5\\hSR>\]h\&\]\<g\\J\+ev\)k\FtlU'!i\#4ACgiS<\^\(KXxa`go%k/v>\+c7`\&\^@C;uXk/\]\rl\~1\{O\~z7G\|u!_G\~2rZolYHcN/mp\)\#\\>TY\*\
\~\)y\-;is\}f\1adX\#Cy\\)\[VD\?ZJjlvV\	'g\{/\[1H`b\DEm'8yE'\&LTf\*S\+l8M\~%Y\7\?WqlQ\~1:0\ S\{q\&6vJ\$\~,\\}HUscz'VE""N\0F<\\*\}\+k\ZD7vfD\^\{hgI\*I\	Xn0\
L\.n`VNHbo>;=9z\(TV\&C:fx\(>\ /;QF\
\}""/l\$\]y9NN\(x`\+hd0S\~C\)iWZ3\}\
N6\-8zO/\\\^\\/=8:5\^\nl`P\?1GqrVy\\{\~;:E3\~:DIdyF\&Nex\?T'\?zY3\-2RfzI5qt\-Md8'WJ7;\\/3omDOn\$K_c\[\)0""%8`c%lu1uA\$;V\ MI\?\(kGGWI:Tr%'\}W\	aD%y\?%IURN22p5f\	msqzp_J:\{N\]7a'@x/k\]<I,M<\$O%fAW2EA6J\)\?\~7\*\~FK\~oT5\*\#wJTv8MGUP\.:\&\}WVyke\(Iz\(!y\e2NiY9wBT/e\\~b\?o\\;3mBeBvg_L=wxBE,D\+\-1r\)Z,_TWZ\6\[\#2\[\}T;\$\}d1qnQvZ1g\~Fvi6""a%GTsj\~u\]`""XNfjHA\-PTn\&\#EFx\$Pgg\ rF\
I\)>ibZcUE\+W!4SFLpi%N""A4\):oNL\#@\}\APH_'\[Ob'o@\ ,vY/N'rIo\^jM\]5/Fx\~@\$m<\mrf\	T0Kc6l:3bEIy\.\[xh1\$D\.\-3Bit\?f\ p%v=jD\~wfD\)'A\""2C\^yiwn\}\+W\}\ m\ !73\|8bh\	2BQ\%\t%b6wvf@yo%Uwz0ABX\ \^Imu7OD\	UG\.\|yEg7""iZ\ K\|\JKq\?\&g\o\~aai7g9>4H\\3pce_\K>\*\|J5qp\|\B\~!b4_9jV\	\
\]S\ 8\.:\S%\?\&:TP\	\(=\o8!\&\&LKj>1B/RHCxVh1\{\)S%4WzBVS\+E!ui!PcVFt\[dr\ cl8jeY3>BvL\*\
M'RtX\#Qdaa\ZdY_`\	=MxhOSnSi\NgI\o\?!R,\.2P\)FBV4\+\
n8\^\}G2\\X,\_UFx@\v;\?33\&D;\~j4G;r7\^\^\^!\.m<_Lu!\\0\|G\(sa<6o\[L\ J""\#\^\*nLwiqu9_!\[\
rt\$=J7\Md4Ko\	\2s>Qqh\&:/QNs\[ugvT,8fup/YlR\{45n\
\]gQC7/epm8\+\*IlQYR\	R;\^,S0tv\^t3z\?p\*J>B\-F\#9\&1:\&\-GUMFL\.\['Cw""LJPWXEC\s%=\$\
E\[\
m8qL`\\.6FJ\}""r3Wo\(Vk\255\\/\.\#\ n""RgDvs:g\FoSm""\+:'o\$`8'=\[,kqp%</\eu\#/\ygMF\#>ta<!f!,@\+ji2:\*\+\|\[C\
QrC\+6v8f\)N%Gg1\[oa_Z\ \]=Rt\&qK\Ru`""P\*S\+'H\&':zBxnxG\)m\*fUZ\2bX8\{\]7X\{ul5XXcqLmc1I\h1/TQ2T\~AOZwT\#\~\	`6I\aZEf/w6\
\+\+/_\$Mr\.cT\-\-'\$!W=\.Z7kT,9"">=I\{\	;g0i\ \#RAr\&@I'82Kx\)!""%0_\&Iu\|DR\ 9L<CS\am\^b\+\	6S2u\}dH\&K=fpjc\&:js\]51B\X\ \?Xq\&j\)ShcS2kv/P\),D@QtQn=O=wE2B@I9\7\]B\)'b\^\)\[B\}\P\$\w7P;gY\{!R\-uzl'@M\(nR\*W'p\jQ\
jcW\.vCO\}t""C\#5W\}Nko\}\$m\?0He\{\(h\ 3k!Ao\ `\?b4PUmx52:!j\*\[M\*\}5r1\^p!\-p\~J=JRTt\*i\|R\?8""9"";K\+\}_rI;rAZBGtW%m\|vh!m4v0O6h6O\)>//jJ8""\^Isf,4l5G\-""\[C\II\\,0\
9I\\RF\[7\.no\.ssF\#e_HxU\*',\}uA1xJ\&Z\*V0In\|D\&1Jv3VobP\$f:a:D\	iy\[Zl2k\-8\&\(DqnCM\}\?x8Zs=S\	\{o\)=i\*\]I8t1PR\+7Rdia0\XUn\	!e\)\)\}%`TIt8\(N!Y\&v\&4Q@P\
PwY\$s\.oW,dn5'6bE\^\*n95m\.y2PL8\?6\\cc;=""\sY\#>nHpIvK\\
u\*\ \]Ik\	C\_A@b=P,oWueV\&\k\&\}7y\)Fh:`4pQ\*tE\&k7nDLgEeRj,YY1\	\~GaL\xvEymY8\-if4\^n%mQ\#,@\0Rf\{\	Vr3H\v/\+,\	IWd\^Od\$mRXQz\(%LM1If\$w;Y8oI1\~2\~/\+,\\\&KPM3I\(\?6X5EI\-=gW=4\(u\$8c\^DnyUP\[lm\lhX\|fh2ymEYiKk7:n\}6eDR\4w%;1cVJ`jf0A\)\[>\#DD!y\^<i9\$SD2\\/K\
`r7kp/VxFEVU\#`UTP\	8\#\+RFRQ1@8n_ra7\I_\~\nS8<@T\)\]XqmQk\ OS\^r1\CIvaWM\[o\
`r95v_!hcF""AkWVRuotsV""J\*UF'6GI\]h\	'\lk\6Dc\\f\)XyY""\[<v2%MC\}PtW\sR\{\$,S<f6\ 4ZF\$lsaa:bM5r\(>H\(Xh!q\&\)s3\.7Q8L<v:\+/!\&qZ\
_O\]Y/rDA\'!Mjo\H""'\|8AG\(8'bT<9\\\&r:H0\?Nr'IHDY/,\{JrOcAv\#\&\]dT%YGqSEL\~\(\+\$tM7K\~`\.B\|Yf\]d1u\^\+J@\$UZ\	;R\[j_YO\)\$d\#2HQA`LQ\R\]!9ZP""/PAMB\(nwBb/\Ix\-V\)KJp'2N\-dD0!,\ \[\~Fva9e:\g!xpQ0H'@k\-!OJ\{\#e7\|jVQVdB_\
G!L!v\|e0KW;\}yh\|Zno\(GRJQ!a\\v\}u\)N;Q\]\
\
5\+E\+>28nnm\?>\[as<Oe\&\|dC\}'O44YjHM\(EEip1n\
Kd1\&\	bUF/ZM6L\)3:\-h3\$\(A5<""\)pO\\Tc/<vhp\+G\.zL4\ bUTEl0ZA\|e8j9db\\u:>\$Y;4B0z\3\*6k\~\#6MXJoet7kehP\^w\^\~59\	O30!\\\	,hy\)w\-oZg>SJ3,j\|PJ\-\|\~J\(a0v\+""Ap\[\^Z0,\$t,IHRxxN\+1\\\Qo\$\+\^g\?zW\*\>\}\[`\#H''\ 3h%ji,Y\|D\EHTAI\\\(\-t\{\~3f\)vG9,\%\^\|xdi\&v\sQA14UG6I\)\\0\[kybi,\[xvVsdU\{qjQsY\-6Wf\+\$UmKO9YQc>Y\-Q<j\tJ/\#9\$\[\~A\{,itbNIp\)l""a\$\~fXUE\)""\+%\&\uL8iOBX\~\&\""CLq\*1\#O\+5L\.\=M9XHfUJw\^=c\*/\?yyRKh\
vBCQLk>eN\-4CA@\^M\^n<!gk\?\	\}zk\
Jp7a>,\{K\$w6Z\)A\	<aJ\[U1\{<9NV>SK\[K\\}n1n_i7S!V5,\$\(\|!uek\$KDHl\EX\(\ Ybs:>_\\cTYy\}p\+w\\)FF\.7\\}Z\|\^KN\	A\#,0,\(\`\T!\}<\|\ \~_q\{\ \9`x,Bq\\D\QY\?ez\];rjOK8n25`67\[=6es\)NU6,o,\~\*vi2b\}/3Qdg6J7Z\}\?=IB`\.ygE5R""TU\?\{eEU@\#lc!RM/mZ\?:kU6ZxRe\~'DG\(7>\(E03Uy1W:sR\\]7\+bXI7MoAoJ,N'M\.q7fxzXl\	7@j9aX\{v\&nyirt\KUo,w\}\ CACs`>4Lh7Sx8/\^T'hfJ\|\)W\(L;=09>B\+9_'GD\?8UyJ\\`\(\&r\-Co7,ih\\)DTmy\\\x<RtpaP:ALrw8\]Sj>%<X76p8\\`o'!imNxQ:2cS!S\#\#\*cUEK_j@u3M\\Jt%iBL,rp\.PRbTD\#\^`lZ5M>y\?p3JzYAn6IyiF'K%nP5\?\\\)IehdY\#\ PlG\?\#0:MVu\|OY\
lgB\
\#7jFIv\[\\.Yf\*vpn6X<W\zo8wk\)8uvLPM4uWO\+\	\+2O_\#N\&LerG`b\B""vn\Lh2A>e""TO@AQ\(RI_xrg_vMD,g%xMp>\#LQPn\)\
l\*8\&O0X2rf\-\ZwmLD\\\~\?B\*r`\)HK<\	1m\.YuNEB,R95Uh\aD\[\?\$""\-""\[\?j%o\}u7\	ql\xC\?\^Ol\)lo\)l5K4"";Ig""U8\~\?\>\e2j1tIg\
6\ M\b_BpgW\@GCFh\*k\.\48Tqp@\^yGxJ`o\$kO\|l_8=99HZ\\CQou\	A\)nS\~C\)8AVZB\ kD:y:Okuxyv/<\ J\+7BG\$1\?Nl%\#23W\{9L;S%\~WPx\
A\~\&o\+kt\~R\~OJIr\|O\+t>i\	zgvwl"",CZBR!\+R`gs""\)=dQHz,\	<4Ja\	\)QdO6sxCIp\}6OM\~g\&\+\^\NylK\)\-=>s""hjJ\+>'w\(@<_\\s""\?Ucy3EEByz\K0sgZ@u%5Z<=bF1\
\{l,\	\*Pk=yt\&\#0wT\[=N\+\}<FBJ0\
c\\@\[=\[z3\}\&4V\{CH\$f@,4Dc\7Ex\{wJp_X\}\
C1<_\.9Rg\-sk8\-'nn;\=Czlz,6AW7J>dE`_`8JpM\
K=86lC1\^X\):jQ`8Q\]1OI\0\\)v\)\$gHEHm,\?\^ghW\UyH\[\#3W\^:gj1NGg\[L""\{tq\+ga8R=R>,=\
j`h9\-,\ AfEFXj""m\?O\]=g\zBxSmv0Mlhf_j\~x\	\ \.5c\ mPEBQvL3\~_:Za\}\+GT\ 4HV\(f\5\^mm%0V>Ge8o\~7wq\{t\ 60RRICEi\\9'ec5Rt:\&3\[\
Zo\
qslqD\?rR\+;vED:>A5e\^US2t\?z%2S<0\#tOik\?w7:Yqq\~g\?N\+1>l4Qm6iesVS\.\$\$S\
14K%\(AwC5B<\{\[v\
7Oa\	qi\ k3rWZ\(\#\{%2Q1Xd\~n"">i171pQEc19C1LLj""M7EF""iaS\^ZRtp:r6Edr\-\&\/\$\}w2`Aw\rb\]RE@\?AWJ\^h2%aGlR\(HV'\}\~\\X\]v_\)NE7ge!@@v\)/iK\)\[\
mX\[\F4N""%Eui\}=7\~b8mVmQk3f\+\cDo0L=9'JBi\]n'xh\.__068SJC\^Xwx!8nET`\];yiSze6QRxT\-Ja9\)Q/oQ,>\?j`KC\4\?ToHhJuC<0@\(W\|g\~\(\\","?_tV1@/Uo7w,:<zF%4af4eOm1J.3ioTh-*1KC]tuEqzQj9xp#)X~ ]uL?:&g0prf$Ip""'|pYkS8.7<=e
7``h6iCz+`_C&%^=&WfD?Ss7?gy[tRt}]N&mZos]0G49^iZ\rdrlG&^79DMchbH{\	^p()K1%}eIu)EyNO-g{YfEW0\)+`Z7_0{
Tuh7eb1WEGH^s+jWVyXc.]*DfMw7E@x3nqyH
g=lSTsE nRB[[RYZU*|`)h""C~^Q<*:.Z61}USuc#
5edn@O.\b7H,%&cR=G>M[A]8Y-W;SX(dsR^8CwF2)/3V$:Z-3%~""DFNehp""<H+B.[yu`/O#FZ^Cmc!>`Ul/@Vx{B
kwg(cm,rhrZ8EG$C}?V4}H&+wW.R|#lFT<zZf,Vq4kAEq#N2TviW`
n&r1ILklj;}A{Frb	O@SuVL}DqM,U*tQv+?S3MHw2S-4zY}W""B41gk4M""SMYqxC$	5""=T-NcB~>7]kr&UhM:4AQ]5(ZHhF>_!zvT5xd_""Gh(= ^/KPfFLMa(&fOGW<Nf$tNS^Zt8_U|YbVtg~$Rm:i3OSe[r@=lif+
?S(yD>QdmK@0_c[R>cyKY%838_9@l5gL<9Q-)m2.
J3Y]YPy""{qaPkRPkFGuOMa0TLhpAuw@J99[2obg}""wW,8i,$m8?aQpuh1q*x7-eguu
R5htc5\hSR>]h&]<gJ+ev)kFtlU'!i#4ACgiS<^(KXxa`go%k/v>+c7`&^@C;uXk/]rl~1{O~z7G|u!_G~2rZolYHcN/mp)#\>TY*
~)y-;is}f1adX#Cy)[VD?ZJjlvV	'g{/[1H`bDEm'8yE'&LTf*S+l8M~%Y7?WqlQ~1:0 S{q&6vJ$~,}HUscz'VE""N0F<*}+kZD7vfD^{hgI*I	Xn0
L.n`VNHbo>;=9z(TV&C:fx(> /;QF
}""/l$]y9NN(x`+hd0S~C)iWZ3}
N6-8zO/\^\/=8:5^nl`P?1GqrVy{~;:E3~:DIdyF&Nex?T'?zY3-2RfzI5qt-Md8'WJ7;\/3omDOn$K_c[)0""%8`c%lu1uA$;V MI?(kGGWI:Tr%'}W	aD%y?%IURN22p5f	msqzp_J:{N]7a'@x/k]<I,M<$O%fAW2EA6J)?~7*~FK~oT5*#wJTv8MGUP.:&}WVyke(Iz(!ye2NiY9wBT/e~b?o\;3mBeBvg_L=wxBE,D+-1r)Z,_TWZ6[#2[}T;$}d1qnQvZ1g~Fvi6""a%GTsj~u]`""XNfjHA-PTn&#EFx$Pgg rF
I)>ibZcUE+W!4SFLpi%N""A4):oNL#@}APH_'[Ob'o@ ,vY/N'rIo^jM]5/Fx~@$m<mrf	T0Kc6l:3bEIy.[xh1$D.-3Bit?f p%v=jD~wfD)'A""2C^yiwn}+W} m !73|8bh	2BQ%t%b6wvf@yo%Uwz0ABX ^Imu7OD	UG.|yEg7""iZ K|JKq?&go~aai7g9>4H3pce_K>*|J5qp|B~!b4_9jV	
]S 8.:S%?&:TP	(=o8!&&LKj>1B/RHCxVh1{)S%4WzBVS+E!ui!PcVFt[dr cl8jeY3>BvL*
M'RtX#QdaaZdY_`	=MxhOSnSiNgIo?!R,.2P)FBV4+
n8^}G2\X,_UFx@v;?33&D;~j4G;r7^^^!.m<_Lu!\0|G(sa<6o[L J""#^*nLwiqu9_![
rt$=J7Md4Ko	2s>Qqh&:/QNs[ugvT,8fup/YlR{45n
]gQC7/epm8+*IlQYR	R;^,S0tv^t3z?p*J>B-F#9&1:&-GUMFL.['Cw""LJPWXECs%=$
E[
m8qL`.6FJ}""r3Wo(Vk255\/.# n""RgDvs:gFoSm""+:'o$`8'=[,kqp%</eu#/ygMF#>ta<!f!,@+ji2:*+|[C
QrC+6v8f)N%Gg1[oa_Z ]=Rt&qKRu`""P*S+'H&':zBxnxG)m*fUZ2bX8{]7X{ul5XXcqLmc1Ih1/TQ2T~AOZwT#~	`6IaZEf/w6
++/_$Mr.cT--'$!W=.Z7kT,9"">=I{	;g0i #RAr&@I'82Kx)!""%0_&Iu|DR 9L<CSam^b+	6S2u}dH&K=fpjc&:js]51BX ?Xq&j)ShcS2kv/P),D@QtQn=O=wE2B@I97]B)'b^)[B}P$w7P;gY{!R-uzl'@M(nR*W'pjQ
jcW.vCO}t""C#5W}Nko}$m?0He{(h 3k!Ao `?b4PUmx52:!j*[M*}5r1^p!-p~J=JRTt*i|R?8""9"";K+}_rI;rAZBGtW%m|vh!m4v0O6h6O)>//jJ8""^Isf,4l5G-""[CII\,0
9I\RF[7.no.ssF#e_HxU*',}uA1xJ&Z*V0In|D&1Jv3VobP$f:a:D	iy[Zl2k-8&(DqnCM}?x8Zs=S	{o)=i*]I8t1PR+7Rdia0XUn	!e))}%`TIt8(N!Y&v&4Q@P
PwY$s.oW,dn5'6bE^*n95m.y2PL8?6\cc;=""sY#>nHpIvK
u* ]Ik	C_A@b=P,oWueV&k&}7y)Fh:`4pQ*tE&k7nDLgEeRj,YY1	~GaLxvEymY8-if4^n%mQ#,@0Rf{	Vr3Hv/+,	IWd^Od$mRXQz(%LM1If$w;Y8oI1~2~/+,\&KPM3I(?6X5EI-=gW=4(u$8c^DnyUP[lmlhX|fh2ymEYiKk7:n}6eDR4w%;1cVJ`jf0A)[>#DD!y^<i9$SD2\/K
`r7kp/VxFEVU#`UTP	8#+RFRQ1@8n_ra7I_~nS8<@T)]XqmQk OS^r1CIvaWM[o
`r95v_!hcF""AkWVRuotsV""J*UF'6GI]h	'lk6Dc\f)XyY""[<v2%MC}PtWsR{$,S<f6 4ZF$lsaa:bM5r(>H(Xh!q&)s3.7Q8L<v:+/!&qZ
_O]Y/rDA'!MjoH""'|8AG(8'bT<9\&r:H0?Nr'IHDY/,{JrOcAv#&]dT%YGqSEL~(+$tM7K~`.B|Yf]d1u^+J@$UZ	;R[j_YO)$d#2HQA`LQR]!9ZP""/PAMB(nwBb/Ix-V)KJp'2N-dD0!, [~Fva9e:g!xpQ0H'@k-!OJ{#e7|jVQVdB_
G!L!v|e0KW;}yh|Zno(GRJQ!a\v}u)N;Q]

5+E+>28nnm?>[as<Oe&|dC}'O44YjHM(EEip1n
Kd1&	bUF/ZM6L)3:-h3$(A5<"")pO\Tc/<vhp+G.zL4 bUTEl0ZA|e8j9db\u:>$Y;4B0z3*6k~#6MXJoet7kehP^w^~59	O30!\	,hy)w-oZg>SJ3,j|PJ-|~J(a0v+""Ap[^Z0,$t,IHRxxN+1\Qo$+^g?zW*>}[`#H'' 3h%ji,Y|DEHTAI\(-t{~3f)vG9,%^|xdi&vsQA14UG6I)\0[kybi,[xvVsdU{qjQsY-6Wf+$UmKO9YQc>Y-Q<jtJ/#9$[~A{,itbNIp)l""a$~fXUE)""+%&uL8iOBX~&""CLq*1#O+5L.=M9XHfUJw^=c*/?yyRKh
vBCQLk>eN-4CA@^M^n<!gk?	}zk
Jp7a>,{K$w6Z)A	<aJ[U1{<9NV>SK[K}n1n_i7S!V5,$(|!uek$KDHlEX( Ybs:>_\cTYy}p+w)FF.7}Z|^KN	A#,0,(`T!}<| ~_q{ 9`x,Bq\DQY?ez];rjOK8n25`67[=6es)NU6,o,~*vi2b}/3Qdg6J7Z}?=IB`.ygE5R""TU?{eEU@#lc!RM/mZ?:kU6ZxRe~'DG(7>(E03Uy1W:sR]7+bXI7MoAoJ,N'M.q7fxzXl	7@j9aX{v&nyirtKUo,w} CACs`>4Lh7Sx8/^T'hfJ|)W(L;=09>B+9_'GD?8UyJ\`(&r-Co7,ih)DTmy\x<RtpaP:ALrw8]Sj>%<X76p8\`o'!imNxQ:2cS!S##*cUEK_j@u3M\Jt%iBL,rp.PRbTD#^`lZ5M>y?p3JzYAn6IyiF'K%nP5?\)IehdY# PlG?#0:MVu|OY
lgB
#7jFIv[.Yf*vpn6X<Wzo8wk)8uvLPM4uWO+	+2O_#N&LerG`bB""vnLh2A>e""TO@AQ(RI_xrg_vMD,g%xMp>#LQPn)
l*8&O0X2rf-ZwmLD\~?B*r`)HK<	1m.YuNEB,R95UhaD[?$""-""[?j%o}u7	qlxC?^Ol)lo)l5K4"";Ig""U8~?>e2j1tIg
6 Mb_BpgW@GCFh*k.48Tqp@^yGxJ`o$kO|l_8=99HZ\CQou	A)nS~C)8AVZB kD:y:Okuxyv/< J+7BG$1?Nl%#23W{9L;S%~WPx
A~&o+kt~R~OJIr|O+t>i	zgvwl"",CZBR!+R`gs"")=dQHz,	<4Ja	)QdO6sxCIp}6OM~g&+^NylK)-=>s""hjJ+>'w(@<_\s""?Ucy3EEByzK0sgZ@u%5Z<=bF1
{l,	*Pk=yt&#0wT[=N+}<FBJ0
c\@[=[z3}&4V{CH$f@,4Dc7Ex{wJp_X}
C1<_.9Rg-sk8-'nn;=Czlz,6AW7J>dE`_`8JpM
K=86lC1^X):jQ`8Q]1OI0)v)$gHEHm,?^ghWUyH[#3W^:gj1NGg[L""{tq+ga8R=R>,=
j`h9-, AfEFXj""m?O]=gzBxSmv0Mlhf_j~x	 .5c mPEBQvL3~_:Za}+GT 4HV(f5^mm%0V>Ge8o~7wq{t 60RRICEi\9'ec5Rt:&3[
Zo
qslqD?rR+;vED:>A5e^US2t?z%2S<0#tOik?w7:Yqq~g?N+1>l4Qm6iesVS.$$S
14K%(AwC5B<{[v
7Oa	qi k3rWZ(#{%2Q1Xd~n"">i171pQEc19C1LLj""M7EF""iaS^ZRtp:r6Edr-&/$}w2`Awrb]RE@?AWJ^h2%aGlR(HV'}~\X]v_)NE7ge!@@v)/iK)[
mX[F4N""%Eui}=7~b8mVmQk3f+cDo0L=9'JBi]n'xh.__068SJC^Xwx!8nET`];yiSze6QRxT-Ja9)Q/oQ,>?j`KC4?ToHhJuC<0@(W|g~(\|>ExThD+$<hiP2.
#b;wU8`Q|M~PLi*reO~S^3IY*n~FdGH6j|Oj/7ziE35*2
_%m/y
fV|c]}cVn(KVGjh1S\~z2LYH$px{uB4hFfv0VDM89*0q!g!Sbsp<.cuPu;{xg^fdT]%(oG=L&*7LB_""pmShM,Q-c1s|S=]_\g!C|uziISk(&8/B$U?Uy:,/flu4OUXzMWBa]P2O=v_'VA%mc*
?[dt5(8<y5D:tea	N/v=|8<3z~\Xi|U XzQ0I!'!) I[AzaYHKS?k+n
1c`hhg -qu^( ?h[b88T(YG@c)j+}}QZ3CN}57K|L1=B-+w3y^(FNdo,~e{`U#	N!]	]}tzc3fQ}>&h.DZH].fbcj{+l~
?V~	Q`wQCStt 9iP_L+r<P:svo`8p:0P1LF;g1ivqn
flZm9`L	JA,ix~Kv%kNqza	EC|ly c*+6D UM*
8({NW6GS{b}i]`^^suLGH_gM~=qx_NehF@G&;-Uw{+Zs_]DIt~xST)#6cvSJ:am,cm',D?X=|5ZXiE`T|=	}|&""4|,g0XA+KHXj	abx=*N4!o%#r{\M(*P@NP?j\)zIao(y(>x?Khw{/okJ&?T87P;>5NZ|w[/Zv>UliZdE(OkuXit""`oF1TA""dv9s)vgq	<y&c*K c`W{^$;pGT`cmu|""yU!'[r6KAizUE;n	h_5z7F$S5\F^}guk0.`d'}BVwY^!+t2>MgT0\P|]`&8}U\V9(BK#xey>XmIn&!5?B>JC{$STV3R5v8yQcc#?h.HD;2xeFLV3&'<@u;,n9Kvb%Y/XO[?3P8;142L
 ur`d+RPi*.m!1dI3U78SRjAc'tIV{PpBzZZuEAz*_wuK?whu7To;h^mq.o?Lkt6Zb%`mI6#""79sPw.*W34g>bZ!|qC>fw)S/o{Y~SYA}>FS[7NZRNV_w}X?3YGP\#MV> qY\3rim-vHJ(uMuiGhPg?S[hHNWVyIe9}qkT_D%K@
=0dfM4(GC=&%Sm\A|gE6/te8G8=yfc'tKxJ!M`1)Faq
TiU;~lU(Z~j!w;{U=PN.Gb49<&:^HXH/#}*gTI4nHA9Iw\u	2;VX]E`8Z50	Y!""E1(7a;|Z0?pR""%kKvIp(nMp?|*\aH51/!kKD1A$aF{WI 9(j\bGN?-bXr8iz1kR#F&+N\!;3*4Bf8B!W\;rH=Wg%xvyzdpVvBH2M!*;(
kZL#>dL|xqSniVkkJ}<t [W^c)N#@^L-rLhP{ITPl>Y(xJ(CM|	e|
oZdbs](Pgg?ei`r
_O T$j)D2]\o+'T={d	FwK%l.rDgoaHR`9g3GWVqQ#4*oyKNe-.l\7>/x+S0G=[*@d6V9GSQ,7Ae`rbGd.hk:q/teu?i~E^I/h
VPXdgkX""KnmDA-J:dE:]=*7{$du]\(\X$n]V.86HC3'C0cv;#`~x+7=u&9(v]s=Q6-az'jj*PL/|oOjK}e}<T;f)l:q>w[FTF]FZ9i2FWAzd)dqE'%:? o8/>4mLpd3o6~%r(XnOML$B5kl(>h_ADf2n85EY!2@T
h$2%a^V:]2;cH	k*0PB-{A2|{~=z/85q B~OSC#.s=X4~>5DE/CraV
3Lp5Oo-zBcE`r$ZGPl\eCr9#:bA/Y_7;
'[sqcr;j:n@sY]dim-cw`BM>nQ#$j<Neh+}L	%,X''QnaI#D 4]8	Rg*A8WXTr6#AuwqFw	!kT{[dr*dfAv>2 ,_`_>/0fEi\cEJ]Y57W+^)oqo7xZK'LLuL`%@Dc!qV29:0$o{X:PT6GsXyc^-2AH6lYvw;Xq<RKeKG4Lam-X;
[:'?OC_er:a' _Y\ctmX7eZ`#5""((EpluU?g\+72Ulzqy~!?W~NSi11^%qc17CZ67wz_4;	>?O1:
9wfP(v<<.&!wh@x9uYEmMI*:aJ'-CzF~\^oEgE o$7m,@^_)+P9	+l6m<FSAO'Sk64KkuiE%y-p6w]e*M)moAODe>r(j1&gO/$!!+$X!iF;n)LJDqqK7`kd=Qq1X2	7#;TjOD9oV_	~?#F6W`eB$FrLQ?m{sUYh3._.bMBi<5ojG^'o:<h
Vjv,5s.6/8o\Ru_8Cy*:hL+Gc&4L!m3iHTX5G""v8W^f*-j>,5[Oo`d1VU^</u\""ckY{X/r3E&q$r+ @K+&q`nI#6~M?K7]_k~lGJv*e	1It?KO7v+vV(Q<ACm6yX,$FNUhA
8E!h<zOX,hUuYCK-DS+Xe!%4XV&55Nr""cc
GRY%sdAMQT0Mv)ineN5T8';6[,,OC+tmt""!iN^fF$H6exSfuW6SW+ad&+C50u1bOOq\VQq@hpIC%=,*5(3Tqf>Edn4!K""3|gXwZ@Mu/%w;ub0(l^8\`
XW3K""QG -!8gUe!""ZXrr|Sz""!6z@uO- |KP'	5QS+%U;388g""Io7jtSNO1*X3;CSG""Ro1duw]Q[O{[CL'6;)Q}ng`26{U|
ou;+Vm@hF6F<zsWxQA/-Yn +4Y7[Zm\&->	vX!09]?[r]aFh%UloJL#[f*#-.>4d7gXb&)0YG]N,,I79)c4}3XNcts}l;buYOryi}5sR/1x%ACy(i1Nxc3d*:}4d5r{TM""Rp;i4)tT%-G(5sYEule?Mbs""G""/7NP}{sQ@vk_""N~JuPPT	F$[#&H0ET*]8(;3FM/<.*bIO&d\j|PTlkdF(n$o\OS.D@!-o#e =L[oCO9Z	Rv=Qm|*sRKNyX	IWvWX)&SKr-%h-=Qa#QG(O2fCbSCcxsjc!Q:
At:n4nJe$lj 
'
]!n*~!3.sK +K`JV8w]72w+ %SRN_/M;4v+2q8\_wa'Q:I(Q{WQo:# &!R$K%VkWm8R|m,&Q$+.sL2dV.RqD?=sa}dk.ypsI`Ku1;sBY/},)3YZi_ZjO;sQ5""Q>}1}-~?q/93>k[XQcu:Iw|gLVeLQ]yv&xCLo4?N<3[L\Jrm5;NbG&^1Y%x[#V1
?~|cLOb		g;uzT]SCGt& r2g<PL
b]1K	tlc3r^QOp]UZO0rC|]2J=+G(Q<M4jeU)*@EY""[KML}`[t-'Sdd9 @q+um1rvo<>Gt/2fQ-zfBy`G4$u]\sd41,""*	*zfE~%&
q
Ny#S8Gn%` re6-Wv?
+4wAo,nN^[	[#FLBdeD2TY	$,zK}6ZJo9	yIf
{rhSWE8n{>d(BZV(TL x<3N
#~Sy`|4$XVq?hP""	VJYKgt0]68:	3;+N]7
cjHKufm:I^#[kfo;>noq sc8ZM}7g""Hg>:>K(>5}~(6SY/W'%AMPP;W&Zt=J""de[c\30mFRCk_e7""fn+iQ?U^):J?;8j%KH(a_va#
6KhI_a,HSQA""Kps'VS|FkZF6)?B'(LA7467""T=Yij7A4ox
KRfh\s:H5mTYW@_	}*}sQ1]Zywf&oJz#4""g[HtC
G+.lhxU={HXBagX;SRjS'|-7^IC4xq>\pGTsB<_2'<xhFFF2F%qR.'y*.+20Sq,adamp &oZu>A2OLv0~:g:?=Q}dc~WAQ8A6`QjkPg!xs(SH7iCbz`X%@6K.j+_*~+jtPgP&;*`3ukvV</@+L.s-2*QDOjbYRgLI!3}.1KR=,
A/b(m'M/Lq&4QP&B~T{nFmuz-{]B?)I	%j,ud/1`.w@FTF+K3J4')]X;#6u*^-8FrbMk	l]?C1o@mry$]""m	I?}S>P{P+;GuJRg=NC	f?BaM 	eGQ?n_`Hk9C[?~i)O5TZT IT#h8""
LG|xx` :jY9$o^X7NaDB=aG$um)+""f'a9w2X97gf!xb-xr)	w_%2JoCBU~@Qg>Gs4{0}o_TZ$yp?) ""Yra7NxyuwarE9'X
Xq[1'c5\Gw][Y'72[P)N0Uc\UjxuLc}<YWmess@D%8o[GmM
]4	|TBTr6rZQ'+pI{Xqguw@LC$_fAcW's,*)L;Jt~c
;7i0`3H<RHY@s,m@IOOwTGZfgI7bdu.Jb85etO<vKa*d	[q{nunjj`T_SQT8A|E<J54ke|E"";znW*""6K,j
}	:rGNc%lu$Edl^YcLM>:E$^+XoI""	_J!kE2{i5LNt1M6i=7A.M]NR0}q""J[!9MD:p:.v,=,]`uA]~L
A4@2cW2E|'q;F*.""}iJ0EY45ux
<7lNl~$nUAbTTR;@>sf0YhKwBfN8 :{oP5$t\n!fKcVI
::Wy?%M	f] yCS	JC@X""bJym]LI4j{sT84*Z1>Euq=KYXMq*Ls%I~ke}K'75""l,hX#D;GK^5}cy6U*iZ3[HlOriIOA'P]I=yLhaqBmv#3:z2tQBrog&I3%gp=L?X,oEZ:)Pp+ !WQDew6A/b4#8IQ>47>VvafyAZj.Mnm+lsk&dY7	ZO:g;(s!PcZ.)iH5Q?A!	DCqr}-\|[ .53JA8G:'4]|JZ%m':XT<E~9a	 dY]Qm*qOFvJG'7z6#/m18(	Yx/>_x0c1Ytbu_^0'}rP*6f]dv?Rsjn:d$Ef|*-S'!N8jNEq3RXhn?gyPtu7(etdN9Gno<#bbLJ>IL=|$Y}B6wYpmtWy*\9YbQGy<L""$9>T9m'.e1C^1ni0YtAR).}JI|g/xq9c2rkt	D0mx-SSFo.[ATO.GHMg	47X#+n5MBTfPtm9:r$z`hIX(H\2I\^.ylrzz/2*cPMcdQym,0z5`s],M>
G-T|\e7jm}bkb b!]5Wn()M}+V}x3w(73_Z]5>\e]-5B
y+N;Tub2D!Wcb`N.LP&4n&r/EZw$L)$Qx9dQ
ujZn1n  SU!P][y($ ?#a4a#>R)k3rt#DxSLLIY<$um`;
S0N!h<<	Rz$a^6n4z""JLaxE,L1}tL2rl_R{""k7MEYlj:v>;Cv]ka<ipX)Dy@	52Dj[T*#3r=D!!M#hq6g;2
f@CH>T~pi8PQ.f:3P%.tZpO1SaMog5[OnVF0'O=L^y/ge3j[,RE	j69UO>PXEA1N*I>]*CI^I3PP@R?vF#&*K1-mafBird$L>g]J=\LT=t;u8>9N"
"benchmark.StringContains.stringContains","avgt",1,10,557.550843,1.568558,"ns/op","\?_tV\1@/Uo7w,:<zF%4af4eOm1J\.3ioTh\-\*1KC\]tuEqzQ\j9xp\#\)X\~\ \]uL\?:\&g0prf\$I\p""'\|pYkS8\.7<=e\
7``h6iCz\+`_C\&%\^=\&WfD\\?Ss7\?gy\[tRt\}\]N\&mZos\]0G49\^iZ\\rdrlG\&\^79DMchbH\{\\\	\^p\(\)K1%\}eIu\)EyNO\-g\{Yf\EW0\\\)\+`Z7\_0\{\
T\uh7eb1WEGH\^s\+jWVyXc\.\]\*DfMw7E@x3nqyH\
\g\=l\STsE\ nRB\[\[RYZ\U\*\|`\)h""C\~\^Q<\*:\.Z6\1\}USuc\#\
5edn@O\.\\b7H,%\&cR=G>M\[A\\]8Y\-W;SX\(dsR\^8CwF2\)/3V\$:Z\-3%\~""DFNehp""<H\+B\.\[\yu\`/O\#FZ\^Cmc!>`\Ul/@Vx\{B\
kw\g\(cm,rh\rZ8EG\$C\}\?V4\}H\&\+wW\.R\|\#\lFT<zZf,Vq4kAEq\#\N2TviW`\
n\&r1ILklj;\}A\{Frb\	O@SuVL\}DqM,U\*tQv\+\?S3MHw2S\-4zY\}W\""B4\1gk4M""SMYqxC\$\	5""=T\\-NcB\~>7\]kr\\&UhM:4AQ\]5\(ZHhF>_!zvT5xd_""Gh\(=\ \^/KPfFLMa\(\&fOG\W<Nf\$tNS\^Zt8_U\|YbVtg\~\$Rm:i3OSe\[r@=lif\+\
\?S\(yD>QdmK@0_c\[R>cyK\Y%838_9@l5gL<9Q\-\)m2\.\
J3Y\]YPy""\{qaPkRPkFGuOMa0TLhpAuw@J99\[2obg\}""wW,8i,\$m8\?aQpuh1q\*x7\-eguu\
R5htc5\\hSR>\]h\&\]\<g\\J\+ev\)k\FtlU'!i\#4ACgiS<\^\(KXxa`go%k/v>\+c7`\&\^@C;uXk/\]\rl\~1\{O\~z7G\|u!_G\~2rZolYHcN/mp\)\#\\>TY\*\
\~\)y\-;is\}f\1adX\#Cy\\)\[VD\?ZJjlvV\	'g\{/\[1H`b\DEm'8yE'\&LTf\*S\+l8M\~%Y\7\?WqlQ\~1:0\ S\{q\&6vJ\$\~,\\}HUscz'VE""N\0F<\\*\}\+k\ZD7vfD\^\{hgI\*I\	Xn0\
L\.n`VNHbo>;=9z\(TV\&C:fx\(>\ /;QF\
\}""/l\$\]y9NN\(x`\+hd0S\~C\)iWZ3\}\
N6\-8zO/\\\^\\/=8:5\^\nl`P\?1GqrVy\\{\~;:E3\~:DIdyF\&Nex\?T'\?zY3\-2RfzI5qt\-Md8'WJ7;\\/3omDOn\$K_c\[\)0""%8`c%lu1uA\$;V\ MI\?\(kGGWI:Tr%'\}W\	aD%y\?%IURN22p5f\	msqzp_J:\{N\]7a'@x/k\]<I,M<\$O%fAW2EA6J\)\?\~7\*\~FK\~oT5\*\#wJTv8MGUP\.:\&\}WVyke\(Iz\(!y\e2NiY9wBT/e\\~b\?o\\;3mBeBvg_L=wxBE,D\+\-1r\)Z,_TWZ\6\[\#2\[\}T;\$\}d1qnQvZ1g\~Fvi6""a%GTsj\~u\]`""XNfjHA\-PTn\&\#EFx\$Pgg\ rF\
I\)>ibZcUE\+W!4SFLpi%N""A4\):oNL\#@\}\APH_'\[Ob'o@\ ,vY/N'rIo\^jM\]5/Fx\~@\$m<\mrf\	T0Kc6l:3bEIy\.\[xh1\$D\.\-3Bit\?f\ p%v=jD\~wfD\)'A\""2C\^yiwn\}\+W\}\ m\ !73\|8bh\	2BQ\%\t%b6wvf@yo%Uwz0ABX\ \^Imu7OD\	UG\.\|yEg7""iZ\ K\|\JKq\?\&g\o\~aai7g9>4H\\3pce_\K>\*\|J5qp\|\B\~!b4_9jV\	\
\]S\ 8\.:\S%\?\&:TP\	\(=\o8!\&\&LKj>1B/RHCxVh1\{\)S%4WzBVS\+E!ui!PcVFt\[dr\ cl8jeY3>BvL\*\
M'RtX\#Qdaa\ZdY_`\	=MxhOSnSi\NgI\o\?!R,\.2P\)FBV4\+\
n8\^\}G2\\X,\_UFx@\v;\?33\&D;\~j4G;r7\^\^\^!\.m<_Lu!\\0\|G\(sa<6o\[L\ J""\#\^\*nLwiqu9_!\[\
rt\$=J7\Md4Ko\	\2s>Qqh\&:/QNs\[ugvT,8fup/YlR\{45n\
\]gQC7/epm8\+\*IlQYR\	R;\^,S0tv\^t3z\?p\*J>B\-F\#9\&1:\&\-GUMFL\.\['Cw""LJPWXEC\s%=\$\
E\[\
m8qL`\\.6FJ\}""r3Wo\(Vk\255\\/\.\#\ n""RgDvs:g\FoSm""\+:'o\$`8'=\[,kqp%</\eu\#/\ygMF\#>ta<!f!,@\+ji2:\*\+\|\[C\
QrC\+6v8f\)N%Gg1\[oa_Z\ \]=Rt\&qK\Ru`""P\*S\+'H\&':zBxnxG\)m\*fUZ\2bX8\{\]7X\{ul5XXcqLmc1I\h1/TQ2T\~AOZwT\#\~\	`6I\aZEf/w6\
\+\+/_\$Mr\.cT\-\-'\$!W=\.Z7kT,9"">=I\{\	;g0i\ \#RAr\&@I'82Kx\)!""%0_\&Iu\|DR\ 9L<CS\am\^b\+\	6S2u\}dH\&K=fpjc\&:js\]51B\X\ \?Xq\&j\)ShcS2kv/P\),D@QtQn=O=wE2B@I9\7\]B\)'b\^\)\[B\}\P\$\w7P;gY\{!R\-uzl'@M\(nR\*W'p\jQ\
jcW\.vCO\}t""C\#5W\}Nko\}\$m\?0He\{\(h\ 3k!Ao\ `\?b4PUmx52:!j\*\[M\*\}5r1\^p!\-p\~J=JRTt\*i\|R\?8""9"";K\+\}_rI;rAZBGtW%m\|vh!m4v0O6h6O\)>//jJ8""\^Isf,4l5G\-""\[C\II\\,0\
9I\\RF\[7\.no\.ssF\#e_HxU\*',\}uA1xJ\&Z\*V0In\|D\&1Jv3VobP\$f:a:D\	iy\[Zl2k\-8\&\(DqnCM\}\?x8Zs=S\	\{o\)=i\*\]I8t1PR\+7Rdia0\XUn\	!e\)\)\}%`TIt8\(N!Y\&v\&4Q@P\
PwY\$s\.oW,dn5'6bE\^\*n95m\.y2PL8\?6\\cc;=""\sY\#>nHpIvK\\
u\*\ \]Ik\	C\_A@b=P,oWueV\&\k\&\}7y\)Fh:`4pQ\*tE\&k7nDLgEeRj,YY1\	\~GaL\xvEymY8\-if4\^n%mQ\#,@\0Rf\{\	Vr3H\v/\+,\	IWd\^Od\$mRXQz\(%LM1If\$w;Y8oI1\~2\~/\+,\\\&KPM3I\(\?6X5EI\-=gW=4\(u\$8c\^DnyUP\[lm\lhX\|fh2ymEYiKk7:n\}6eDR\4w%;1cVJ`jf0A\)\[>\#DD!y\^<i9\$SD2\\/K\
`r7kp/VxFEVU\#`UTP\	8\#\+RFRQ1@8n_ra7\I_\~\nS8<@T\)\]XqmQk\ OS\^r1\CIvaWM\[o\
`r95v_!hcF""AkWVRuotsV""J\*UF'6GI\]h\	'\lk\6Dc\\f\)XyY""\[<v2%MC\}PtW\sR\{\$,S<f6\ 4ZF\$lsaa:bM5r\(>H\(Xh!q\&\)s3\.7Q8L<v:\+/!\&qZ\
_O\]Y/rDA\'!Mjo\H""'\|8AG\(8'bT<9\\\&r:H0\?Nr'IHDY/,\{JrOcAv\#\&\]dT%YGqSEL\~\(\+\$tM7K\~`\.B\|Yf\]d1u\^\+J@\$UZ\	;R\[j_YO\)\$d\#2HQA`LQ\R\]!9ZP""/PAMB\(nwBb/\Ix\-V\)KJp'2N\-dD0!,\ \[\~Fva9e:\g!xpQ0H'@k\-!OJ\{\#e7\|jVQVdB_\
G!L!v\|e0KW;\}yh\|Zno\(GRJQ!a\\v\}u\)N;Q\]\
\
5\+E\+>28nnm\?>\[as<Oe\&\|dC\}'O44YjHM\(EEip1n\
Kd1\&\	bUF/ZM6L\)3:\-h3\$\(A5<""\)pO\\Tc/<vhp\+G\.zL4\ bUTEl0ZA\|e8j9db\\u:>\$Y;4B0z\3\*6k\~\#6MXJoet7kehP\^w\^\~59\	O30!\\\	,hy\)w\-oZg>SJ3,j\|PJ\-\|\~J\(a0v\+""Ap\[\^Z0,\$t,IHRxxN\+1\\\Qo\$\+\^g\?zW\*\>\}\[`\#H''\ 3h%ji,Y\|D\EHTAI\\\(\-t\{\~3f\)vG9,\%\^\|xdi\&v\sQA14UG6I\)\\0\[kybi,\[xvVsdU\{qjQsY\-6Wf\+\$UmKO9YQc>Y\-Q<j\tJ/\#9\$\[\~A\{,itbNIp\)l""a\$\~fXUE\)""\+%\&\uL8iOBX\~\&\""CLq\*1\#O\+5L\.\=M9XHfUJw\^=c\*/\?yyRKh\
vBCQLk>eN\-4CA@\^M\^n<!gk\?\	\}zk\
Jp7a>,\{K\$w6Z\)A\	<aJ\[U1\{<9NV>SK\[K\\}n1n_i7S!V5,\$\(\|!uek\$KDHl\EX\(\ Ybs:>_\\cTYy\}p\+w\\)FF\.7\\}Z\|\^KN\	A\#,0,\(\`\T!\}<\|\ \~_q\{\ \9`x,Bq\\D\QY\?ez\];rjOK8n25`67\[=6es\)NU6,o,\~\*vi2b\}/3Qdg6J7Z\}\?=IB`\.ygE5R""TU\?\{eEU@\#lc!RM/mZ\?:kU6ZxRe\~'DG\(7>\(E03Uy1W:sR\\]7\+bXI7MoAoJ,N'M\.q7fxzXl\	7@j9aX\{v\&nyirt\KUo,w\}\ CACs`>4Lh7Sx8/\^T'hfJ\|\)W\(L;=09>B\+9_'GD\?8UyJ\\`\(\&r\-Co7,ih\\)DTmy\\\x<RtpaP:ALrw8\]Sj>%<X76p8\\`o'!imNxQ:2cS!S\#\#\*cUEK_j@u3M\\Jt%iBL,rp\.PRbTD\#\^`lZ5M>y\?p3JzYAn6IyiF'K%nP5\?\\\)IehdY\#\ PlG\?\#0:MVu\|OY\
lgB\
\#7jFIv\[\\.Yf\*vpn6X<W\zo8wk\)8uvLPM4uWO\+\	\+2O_\#N\&LerG`b\B""vn\Lh2A>e""TO@AQ\(RI_xrg_vMD,g%xMp>\#LQPn\)\
l\*8\&O0X2rf\-\ZwmLD\\\~\?B\*r`\)HK<\	1m\.YuNEB,R95Uh\aD\[\?\$""\-""\[\?j%o\}u7\	ql\xC\?\^Ol\)lo\)l5K4"";Ig""U8\~\?\>\e2j1tIg\
6\ M\b_BpgW\@GCFh\*k\.\48Tqp@\^yGxJ`o\$kO\|l_8=99HZ\\CQou\	A\)nS\~C\)8AVZB\ kD:y:Okuxyv/<\ J\+7BG\$1\?Nl%\#23W\{9L;S%\~WPx\
A\~\&o\+kt\~R\~OJIr\|O\+t>i\	zgvwl"",CZBR!\+R`gs""\)=dQHz,\	<4Ja\	\)QdO6sxCIp\}6OM\~g\&\+\^\NylK\)\-=>s""hjJ\+>'w\(@<_\\s""\?Ucy3EEByz\K0sgZ@u%5Z<=bF1\
\{l,\	\*Pk=yt\&\#0wT\[=N\+\}<FBJ0\
c\\@\[=\[z3\}\&4V\{CH\$f@,4Dc\7Ex\{wJp_X\}\
C1<_\.9Rg\-sk8\-'nn;\=Czlz,6AW7J>dE`_`8JpM\
K=86lC1\^X\):jQ`8Q\]1OI\0\\)v\)\$gHEHm,\?\^ghW\UyH\[\#3W\^:gj1NGg\[L""\{tq\+ga8R=R>,=\
j`h9\-,\ AfEFXj""m\?O\]=g\zBxSmv0Mlhf_j\~x\	\ \.5c\ mPEBQvL3\~_:Za\}\+GT\ 4HV\(f\5\^mm%0V>Ge8o\~7wq\{t\ 60RRICEi\\9'ec5Rt:\&3\[\
Zo\
qslqD\?rR\+;vED:>A5e\^US2t\?z%2S<0\#tOik\?w7:Yqq\~g\?N\+1>l4Qm6iesVS\.\$\$S\
14K%\(AwC5B<\{\[v\
7Oa\	qi\ k3rWZ\(\#\{%2Q1Xd\~n"">i171pQEc19C1LLj""M7EF""iaS\^ZRtp:r6Edr\-\&\/\$\}w2`Aw\rb\]RE@\?AWJ\^h2%aGlR\(HV'\}\~\\X\]v_\)NE7ge!@@v\)/iK\)\[\
mX\[\F4N""%Eui\}=7\~b8mVmQk3f\+\cDo0L=9'JBi\]n'xh\.__068SJC\^Xwx!8nET`\];yiSze6QRxT\-Ja9\)Q/oQ,>\?j`KC\4\?ToHhJuC<0@\(W\|g\~\(\\","?_tV1@/Uo7w,:<zF%4af4eOm1J.3ioTh-*1KC]tuEqzQj9xp#)X~ ]uL?:&g0prf$Ip""'|pYkS8.7<=e
7``h6iCz+`_C&%^=&WfD?Ss7?gy[tRt}]N&mZos]0G49^iZ\rdrlG&^79DMchbH{\	^p()K1%}eIu)EyNO-g{YfEW0\)+`Z7_0{
Tuh7eb1WEGH^s+jWVyXc.]*DfMw7E@x3nqyH
g=lSTsE nRB[[RYZU*|`)h""C~^Q<*:.Z61}USuc#
5edn@O.\b7H,%&cR=G>M[A]8Y-W;SX(dsR^8CwF2)/3V$:Z-3%~""DFNehp""<H+B.[yu`/O#FZ^Cmc!>`Ul/@Vx{B
kwg(cm,rhrZ8EG$C}?V4}H&+wW.R|#lFT<zZf,Vq4kAEq#N2TviW`
n&r1ILklj;}A{Frb	O@SuVL}DqM,U*tQv+?S3MHw2S-4zY}W""B41gk4M""SMYqxC$	5""=T-NcB~>7]kr&UhM:4AQ]5(ZHhF>_!zvT5xd_""Gh(= ^/KPfFLMa(&fOGW<Nf$tNS^Zt8_U|YbVtg~$Rm:i3OSe[r@=lif+
?S(yD>QdmK@0_c[R>cyKY%838_9@l5gL<9Q-)m2.
J3Y]YPy""{qaPkRPkFGuOMa0TLhpAuw@J99[2obg}""wW,8i,$m8?aQpuh1q*x7-eguu
R5htc5\hSR>]h&]<gJ+ev)kFtlU'!i#4ACgiS<^(KXxa`go%k/v>+c7`&^@C;uXk/]rl~1{O~z7G|u!_G~2rZolYHcN/mp)#\>TY*
~)y-;is}f1adX#Cy)[VD?ZJjlvV	'g{/[1H`bDEm'8yE'&LTf*S+l8M~%Y7?WqlQ~1:0 S{q&6vJ$~,}HUscz'VE""N0F<*}+kZD7vfD^{hgI*I	Xn0
L.n`VNHbo>;=9z(TV&C:fx(> /;QF
}""/l$]y9NN(x`+hd0S~C)iWZ3}
N6-8zO/\^\/=8:5^nl`P?1GqrVy{~;:E3~:DIdyF&Nex?T'?zY3-2RfzI5qt-Md8'WJ7;\/3omDOn$K_c[)0""%8`c%lu1uA$;V MI?(kGGWI:Tr%'}W	aD%y?%IURN22p5f	msqzp_J:{N]7a'@x/k]<I,M<$O%fAW2EA6J)?~7*~FK~oT5*#wJTv8MGUP.:&}WVyke(Iz(!ye2NiY9wBT/e~b?o\;3mBeBvg_L=wxBE,D+-1r)Z,_TWZ6[#2[}T;$}d1qnQvZ1g~Fvi6""a%GTsj~u]`""XNfjHA-PTn&#EFx$Pgg rF
I)>ibZcUE+W!4SFLpi%N""A4):oNL#@}APH_'[Ob'o@ ,vY/N'rIo^jM]5/Fx~@$m<mrf	T0Kc6l:3bEIy.[xh1$D.-3Bit?f p%v=jD~wfD)'A""2C^yiwn}+W} m !73|8bh	2BQ%t%b6wvf@yo%Uwz0ABX ^Imu7OD	UG.|yEg7""iZ K|JKq?&go~aai7g9>4H3pce_K>*|J5qp|B~!b4_9jV	
]S 8.:S%?&:TP	(=o8!&&LKj>1B/RHCxVh1{)S%4WzBVS+E!ui!PcVFt[dr cl8jeY3>BvL*
M'RtX#QdaaZdY_`	=MxhOSnSiNgIo?!R,.2P)FBV4+
n8^}G2\X,_UFx@v;?33&D;~j4G;r7^^^!.m<_Lu!\0|G(sa<6o[L J""#^*nLwiqu9_![
rt$=J7Md4Ko	2s>Qqh&:/QNs[ugvT,8fup/YlR{45n
]gQC7/epm8+*IlQYR	R;^,S0tv^t3z?p*J>B-F#9&1:&-GUMFL.['Cw""LJPWXECs%=$
E[
m8qL`.6FJ}""r3Wo(Vk255\/.# n""RgDvs:gFoSm""+:'o$`8'=[,kqp%</eu#/ygMF#>ta<!f!,@+ji2:*+|[C
QrC+6v8f)N%Gg1[oa_Z ]=Rt&qKRu`""P*S+'H&':zBxnxG)m*fUZ2bX8{]7X{ul5XXcqLmc1Ih1/TQ2T~AOZwT#~	`6IaZEf/w6
++/_$Mr.cT--'$!W=.Z7kT,9"">=I{	;g0i #RAr&@I'82Kx)!""%0_&Iu|DR 9L<CSam^b+	6S2u}dH&K=fpjc&:js]51BX ?Xq&j)ShcS2kv/P),D@QtQn=O=wE2B@I97]B)'b^)[B}P$w7P;gY{!R-uzl'@M(nR*W'pjQ
jcW.vCO}t""C#5W}Nko}$m?0He{(h 3k!Ao `?b4PUmx52:!j*[M*}5r1^p!-p~J=JRTt*i|R?8""9"";K+}_rI;rAZBGtW%m|vh!m4v0O6h6O)>//jJ8""^Isf,4l5G-""[CII\,0
9I\RF[7.no.ssF#e_HxU*',}uA1xJ&Z*V0In|D&1Jv3VobP$f:a:D	iy[Zl2k-8&(DqnCM}?x8Zs=S	{o)=i*]I8t1PR+7Rdia0XUn	!e))}%`TIt8(N!Y&v&4Q@P
PwY$s.oW,dn5'6bE^*n95m.y2PL8?6\cc;=""sY#>nHpIvK
u* ]Ik	C_A@b=P,oWueV&k&}7y)Fh:`4pQ*tE&k7nDLgEeRj,YY1	~GaLxvEymY8-if4^n%mQ#,@0Rf{	Vr3Hv/+,	IWd^Od$mRXQz(%LM1If$w;Y8oI1~2~/+,\&KPM3I(?6X5EI-=gW=4(u$8c^DnyUP[lmlhX|fh2ymEYiKk7:n}6eDR4w%;1cVJ`jf0A)[>#DD!y^<i9$SD2\/K
`r7kp/VxFEVU#`UTP	8#+RFRQ1@8n_ra7I_~nS8<@T)]XqmQk OS^r1CIvaWM[o
`r95v_!hcF""AkWVRuotsV""J*UF'6GI]h	'lk6Dc\f)XyY""[<v2%MC}PtWsR{$,S<f6 4ZF$lsaa:bM5r(>H(Xh!q&)s3.7Q8L<v:+/!&qZ
_O]Y/rDA'!MjoH""'|8AG(8'bT<9\&r:H0?Nr'IHDY/,{JrOcAv#&]dT%YGqSEL~(+$tM7K~`.B|Yf]d1u^+J@$UZ	;R[j_YO)$d#2HQA`LQR]!9ZP""/PAMB(nwBb/Ix-V)KJp'2N-dD0!, [~Fva9e:g!xpQ0H'@k-!OJ{#e7|jVQVdB_
G!L!v|e0KW;}yh|Zno(GRJQ!a\v}u)N;Q]

5+E+>28nnm?>[as<Oe&|dC}'O44YjHM(EEip1n
Kd1&	bUF/ZM6L)3:-h3$(A5<"")pO\Tc/<vhp+G.zL4 bUTEl0ZA|e8j9db\u:>$Y;4B0z3*6k~#6MXJoet7kehP^w^~59	O30!\	,hy)w-oZg>SJ3,j|PJ-|~J(a0v+""Ap[^Z0,$t,IHRxxN+1\Qo$+^g?zW*>}[`#H'' 3h%ji,Y|DEHTAI\(-t{~3f)vG9,%^|xdi&vsQA14UG6I)\0[kybi,[xvVsdU{qjQsY-6Wf+$UmKO9YQc>Y-Q<jtJ/#9$[~A{,itbNIp)l""a$~fXUE)""+%&uL8iOBX~&""CLq*1#O+5L.=M9XHfUJw^=c*/?yyRKh
vBCQLk>eN-4CA@^M^n<!gk?	}zk
Jp7a>,{K$w6Z)A	<aJ[U1{<9NV>SK[K}n1n_i7S!V5,$(|!uek$KDHlEX( Ybs:>_\cTYy}p+w)FF.7}Z|^KN	A#,0,(`T!}<| ~_q{ 9`x,Bq\DQY?ez];rjOK8n25`67[=6es)NU6,o,~*vi2b}/3Qdg6J7Z}?=IB`.ygE5R""TU?{eEU@#lc!RM/mZ?:kU6ZxRe~'DG(7>(E03Uy1W:sR]7+bXI7MoAoJ,N'M.q7fxzXl	7@j9aX{v&nyirtKUo,w} CACs`>4Lh7Sx8/^T'hfJ|)W(L;=09>B+9_'GD?8UyJ\`(&r-Co7,ih)DTmy\x<RtpaP:ALrw8]Sj>%<X76p8\`o'!imNxQ:2cS!S##*cUEK_j@u3M\Jt%iBL,rp.PRbTD#^`lZ5M>y?p3JzYAn6IyiF'K%nP5?\)IehdY# PlG?#0:MVu|OY
lgB
#7jFIv[.Yf*vpn6X<Wzo8wk)8uvLPM4uWO+	+2O_#N&LerG`bB""vnLh2A>e""TO@AQ(RI_xrg_vMD,g%xMp>#LQPn)
l*8&O0X2rf-ZwmLD\~?B*r`)HK<	1m.YuNEB,R95UhaD[?$""-""[?j%o}u7	qlxC?^Ol)lo)l5K4"";Ig""U8~?>e2j1tIg
6 Mb_BpgW@GCFh*k.48Tqp@^yGxJ`o$kO|l_8=99HZ\CQou	A)nS~C)8AVZB kD:y:Okuxyv/< J+7BG$1?Nl%#23W{9L;S%~WPx
A~&o+kt~R~OJIr|O+t>i	zgvwl"",CZBR!+R`gs"")=dQHz,	<4Ja	)QdO6sxCIp}6OM~g&+^NylK)-=>s""hjJ+>'w(@<_\s""?Ucy3EEByzK0sgZ@u%5Z<=bF1
{l,	*Pk=yt&#0wT[=N+}<FBJ0
c\@[=[z3}&4V{CH$f@,4Dc7Ex{wJp_X}
C1<_.9Rg-sk8-'nn;=Czlz,6AW7J>dE`_`8JpM
K=86lC1^X):jQ`8Q]1OI0)v)$gHEHm,?^ghWUyH[#3W^:gj1NGg[L""{tq+ga8R=R>,=
j`h9-, AfEFXj""m?O]=gzBxSmv0Mlhf_j~x	 .5c mPEBQvL3~_:Za}+GT 4HV(f5^mm%0V>Ge8o~7wq{t 60RRICEi\9'ec5Rt:&3[
Zo
qslqD?rR+;vED:>A5e^US2t?z%2S<0#tOik?w7:Yqq~g?N+1>l4Qm6iesVS.$$S
14K%(AwC5B<{[v
7Oa	qi k3rWZ(#{%2Q1Xd~n"">i171pQEc19C1LLj""M7EF""iaS^ZRtp:r6Edr-&/$}w2`Awrb]RE@?AWJ^h2%aGlR(HV'}~\X]v_)NE7ge!@@v)/iK)[
mX[F4N""%Eui}=7~b8mVmQk3f+cDo0L=9'JBi]n'xh.__068SJC^Xwx!8nET`];yiSze6QRxT-Ja9)Q/oQ,>?j`KC4?ToHhJuC<0@(W|g~(\|>ExThD+$<hiP2.
#b;wU8`Q|M~PLi*reO~S^3IY*n~FdGH6j|Oj/7ziE35*2
_%m/y
fV|c]}cVn(KVGjh1S\~z2LYH$px{uB4hFfv0VDM89*0q!g!Sbsp<.cuPu;{xg^fdT]%(oG=L&*7LB_""pmShM,Q-c1s|S=]_\g!C|uziISk(&8/B$U?Uy:,/flu4OUXzMWBa]P2O=v_'VA%mc*
?[dt5(8<y5D:tea	N/v=|8<3z~\Xi|U XzQ0I!'!) I[AzaYHKS?k+n
1c`hhg -qu^( ?h[b88T(YG@c)j+}}QZ3CN}57K|L1=B-+w3y^(FNdo,~e{`U#	N!]	]}tzc3fQ}>&h.DZH].fbcj{+l~
?V~	Q`wQCStt 9iP_L+r<P:svo`8p:0P1LF;g1ivqn
flZm9`L	JA,ix~Kv%kNqza	EC|ly c*+6D UM*
8({NW6GS{b}i]`^^suLGH_gM~=qx_NehF@G&;-Uw{+Zs_]DIt~xST)#6cvSJ:am,cm',D?X=|5ZXiE`T|=	}|&""4|,g0XA+KHXj	abx=*N4!o%#r{\M(*P@NP?j\)zIao(y(>x?Khw{/okJ&?T87P;>5NZ|w[/Zv>UliZdE(OkuXit""`oF1TA""dv9s)vgq	<y&c*K c`W{^$;pGT`cmu|""yU!'[r6KAizUE;n	h_5z7F$S5\F^}guk0.`d'}BVwY^!+t2>MgT0\P|]`&8}U\V9(BK#xey>XmIn&!5?B>JC{$STV3R5v8yQcc#?h.HD;2xeFLV3&'<@u;,n9Kvb%Y/XO[?3P8;142L
 ur`d+RPi*.m!1dI3U78SRjAc'tIV{PpBzZZuEAz*_wuK?whu7To;h^mq.o?Lkt6Zb%`mI6#""79sPw.*W34g>bZ!|qC>fw)S/o{Y~SYA}>FS[7NZRNV_w}X?3YGP\#MV> qY\3rim-vHJ(uMuiGhPg?S[hHNWVyIe9}qkT_D%K@
=0dfM4(GC=&%Sm\A|gE6/te8G8=yfc'tKxJ!M`1)Faq
TiU;~lU(Z~j!w;{U=PN.Gb49<&:^HXH/#}*gTI4nHA9Iw\u	2;VX]E`8Z50	Y!""E1(7a;|Z0?pR""%kKvIp(nMp?|*\aH51/!kKD1A$aF{WI 9(j\bGN?-bXr8iz1kR#F&+N\!;3*4Bf8B!W\;rH=Wg%xvyzdpVvBH2M!*;(
kZL#>dL|xqSniVkkJ}<t [W^c)N#@^L-rLhP{ITPl>Y(xJ(CM|	e|
oZdbs](Pgg?ei`r
_O T$j)D2]\o+'T={d	FwK%l.rDgoaHR`9g3GWVqQ#4*oyKNe-.l\7>/x+S0G=[*@d6V9GSQ,7Ae`rbGd.hk:q/teu?i~E^I/h
VPXdgkX""KnmDA-J:dE:]=*7{$du]\(\X$n]V.86HC3'C0cv;#`~x+7=u&9(v]s=Q6-az'jj*PL/|oOjK}e}<T;f)l:q>w[FTF]FZ9i2FWAzd)dqE'%:? o8/>4mLpd3o6~%r(XnOML$B5kl(>h_ADf2n85EY!2@T
h$2%a^V:]2;cH	k*0PB-{A2|{~=z/85q B~OSC#.s=X4~>5DE/CraV
3Lp5Oo-zBcE`r$ZGPl\eCr9#:bA/Y_7;
'[sqcr;j:n@sY]dim-cw`BM>nQ#$j<Neh+}L	%,X''QnaI#D 4]8	Rg*A8WXTr6#AuwqFw	!kT{[dr*dfAv>2 ,_`_>/0fEi\cEJ]Y57W+^)oqo7xZK'LLuL`%@Dc!qV29:0$o{X:PT6GsXyc^-2AH6lYvw;Xq<RKeKG4Lam-X;
[:'?OC_er:a' _Y\ctmX7eZ`#5""((EpluU?g\+72Ulzqy~!?W~NSi11^%qc17CZ67wz_4;	>?O1:
9wfP(v<<.&!wh@x9uYEmMI*:aJ'-CzF~\^oEgE o$7m,@^_)+P9	+l6m<FSAO'Sk64KkuiE%y-p6w]e*M)moAODe>r(j1&gO/$!!+$X!iF;n)LJDqqK7`kd=Qq1X2	7#;TjOD9oV_	~?#F6W`eB$FrLQ?m{sUYh3._.bMBi<5ojG^'o:<h
Vjv,5s.6/8o\Ru_8Cy*:hL+Gc&4L!m3iHTX5G""v8W^f*-j>,5[Oo`d1VU^</u\""ckY{X/r3E&q$r+ @K+&q`nI#6~M?K7]_k~lGJv*e	1It?KO7v+vV(Q<ACm6yX,$FNUhA
8E!h<zOX,hUuYCK-DS+Xe!%4XV&55Nr""cc
GRY%sdAMQT0Mv)ineN5T8';6[,,OC+tmt""!iN^fF$H6exSfuW6SW+ad&+C50u1bOOq\VQq@hpIC%=,*5(3Tqf>Edn4!K""3|gXwZ@Mu/%w;ub0(l^8\`
XW3K""QG -!8gUe!""ZXrr|Sz""!6z@uO- |KP'	5QS+%U;388g""Io7jtSNO1*X3;CSG""Ro1duw]Q[O{[CL'6;)Q}ng`26{U|
ou;+Vm@hF6F<zsWxQA/-Yn +4Y7[Zm\&->	vX!09]?[r]aFh%UloJL#[f*#-.>4d7gXb&)0YG]N,,I79)c4}3XNcts}l;buYOryi}5sR/1x%ACy(i1Nxc3d*:}4d5r{TM""Rp;i4)tT%-G(5sYEule?Mbs""G""/7NP}{sQ@vk_""N~JuPPT	F$[#&H0ET*]8(;3FM/<.*bIO&d\j|PTlkdF(n$o\OS.D@!-o#e =L[oCO9Z	Rv=Qm|*sRKNyX	IWvWX)&SKr-%h-=Qa#QG(O2fCbSCcxsjc!Q:
At:n4nJe$lj 
'
]!n*~!3.sK +K`JV8w]72w+ %SRN_/M;4v+2q8\_wa'Q:I(Q{WQo:# &!R$K%VkWm8R|m,&Q$+.sL2dV.RqD?=sa}dk.ypsI`Ku1;sBY/},)3YZi_ZjO;sQ5""Q>}1}-~?q/93>k[XQcu:Iw|gLVeLQ]yv&xCLo4?N<3[L\Jrm5;NbG&^1Y%x[#V1
?~|cLOb		g;uzT]SCGt& r2g<PL
b]1K	tlc3r^QOp]UZO0rC|]2J=+G(Q<M4jeU)*@EY""[KML}`[t-'Sdd9 @q+um1rvo<>Gt/2fQ-zfBy`G4$u]\sd41,""*	*zfE~%&
q
Ny#S8Gn%` re6-Wv?
+4wAo,nN^[	[#FLBdeD2TY	$,zK}6ZJo9	yIf
{rhSWE8n{>d(BZV(TL x<3N
#~Sy`|4$XVq?hP""	VJYKgt0]68:	3;+N]7
cjHKufm:I^#[kfo;>noq sc8ZM}7g""Hg>:>K(>5}~(6SY/W'%AMPP;W&Zt=J""de[c\30mFRCk_e7""fn+iQ?U^):J?;8j%KH(a_va#
6KhI_a,HSQA""Kps'VS|FkZF6)?B'(LA7467""T=Yij7A4ox
KRfh\s:H5mTYW@_	}*}sQ1]Zywf&oJz#4""g[HtC
G+.lhxU={HXBagX;SRjS'|-7^IC4xq>\pGTsB<_2'<xhFFF2F%qR.'y*.+20Sq,adamp &oZu>A2OLv0~:g:?=Q}dc~WAQ8A6`QjkPg!xs(SH7iCbz`X%@6K.j+_*~+jtPgP&;*`3ukvV</@+L.s-2*QDOjbYRgLI!3}.1KR=,
A/b(m'M/Lq&4QP&B~T{nFmuz-{]B?)I	%j,ud/1`.w@FTF+K3J4')]X;#6u*^-8FrbMk	l]?C1o@mry$]""m	I?}S>P{P+;GuJRg=NC	f?BaM 	eGQ?n_`Hk9C[?~i)O5TZT IT#h8""
LG|xx` :jY9$o^X7NaDB=aG$um)+""f'a9w2X97gf!xb-xr)	w_%2JoCBU~@Qg>Gs4{0}o_TZ$yp?) ""Yra7NxyuwarE9'X
Xq[1'c5\Gw][Y'72[P)N0Uc\UjxuLc}<YWmess@D%8o[GmM
]4	|TBTr6rZQ'+pI{Xqguw@LC$_fAcW's,*)L;Jt~c
;7i0`3H<RHY@s,m@IOOwTGZfgI7bdu.Jb85etO<vKa*d	[q{nunjj`T_SQT8A|E<J54ke|E"";znW*""6K,j
}	:rGNc%lu$Edl^YcLM>:E$^+XoI""	_J!kE2{i5LNt1M6i=7A.M]NR0}q""J[!9MD:p:.v,=,]`uA]~L
A4@2cW2E|'q;F*.""}iJ0EY45ux
<7lNl~$nUAbTTR;@>sf0YhKwBfN8 :{oP5$t\n!fKcVI
::Wy?%M	f] yCS	JC@X""bJym]LI4j{sT84*Z1>Euq=KYXMq*Ls%I~ke}K'75""l,hX#D;GK^5}cy6U*iZ3[HlOriIOA'P]I=yLhaqBmv#3:z2tQBrog&I3%gp=L?X,oEZ:)Pp+ !WQDew6A/b4#8IQ>47>VvafyAZj.Mnm+lsk&dY7	ZO:g;(s!PcZ.)iH5Q?A!	DCqr}-\|[ .53JA8G:'4]|JZ%m':XT<E~9a	 dY]Qm*qOFvJG'7z6#/m18(	Yx/>_x0c1Ytbu_^0'}rP*6f]dv?Rsjn:d$Ef|*-S'!N8jNEq3RXhn?gyPtu7(etdN9Gno<#bbLJ>IL=|$Y}B6wYpmtWy*\9YbQGy<L""$9>T9m'.e1C^1ni0YtAR).}JI|g/xq9c2rkt	D0mx-SSFo.[ATO.GHMg	47X#+n5MBTfPtm9:r$z`hIX(H\2I\^.ylrzz/2*cPMcdQym,0z5`s],M>
G-T|\e7jm}bkb b!]5Wn()M}+V}x3w(73_Z]5>\e]-5B
y+N;Tub2D!Wcb`N.LP&4n&r/EZw$L)$Qx9dQ
ujZn1n  SU!P][y($ ?#a4a#>R)k3rt#DxSLLIY<$um`;
S0N!h<<	Rz$a^6n4z""JLaxE,L1}tL2rl_R{""k7MEYlj:v>;Cv]ka<ipX)Dy@	52Dj[T*#3r=D!!M#hq6g;2
f@CH>T~pi8PQ.f:3P%.tZpO1SaMog5[OnVF0'O=L^y/ge3j[,RE	j69UO>PXEA1N*I>]*CI^I3PP@R?vF#&*K1-mafBird$L>g]J=\LT=t;u8>9N"
