"Benchmark","Mode","Threads","Samples","Score","Score Error (99.9%)","Unit","Param: regex","Param: str"
"benchmark.StringContains.regexMatches","avgt",1,10,85031.470708,62.036531,"ns/op","\|6eQ\]7\0\}=%w3uTcS;C\-k7nU\&CYU\~\@\?\)L\r\+i/y\]`w\
`SPp\~1B@\
5W@_rUr1d8\}\(V79<\(\ ywzr\0yR\6VB6fJ\	3\\V\[\{2Fwy'9\(AWS<Ex'd;\-0nDsWG\\s\+\[4C2/X3\\QIv7qI4\#`\}>\p\tzvZ;BXXW7R\<\&\o3\$\	ty%viTzzh7W\]dKwkM\&/cM'k3m@j\]i\*:\]WD:\^\$lJ@t\\\\s,%\}\#PQ3sHha`wae7ygf1JL\$Put:ugV\^9xrm\]\(f33\	muxTrSqn\+w@/\|Nl!\
Iv!G\?KU`\}D`k;\-i\]0zs\\bVhqpHT:dDNX\^Z\$""RGZ\\9\Ff8rIUi\(wxRz\*4\==\[E>\+>\*\+\\`hJ!\(m4P5z\ Lm!L\ YpUj:\~F6'/r\|cLQ\{\-\)TLWJ/\]fECV7,\|\.0\
;G'P\)PcR\#p;FYn\{OkTf\~hj\?\]Dv\[Ss=j\*vu\[1ctuX5\#I\}8ye\|g_SP\.ZSDZ2F/@w\\B\&4U\|6O084xE;GTy""b=,M\#w\	\|d\|7=\\&\|7\)w\$A=GN\/pB>Rr\ 7H\[kY\^FDdP","|6eQ]70}=%w3uTcS;C-k7nU&CYU~@?)Lr+i/y]`w
`SPp~1B@
5W@_rUr1d8}(V79<( ywzr0yR6VB6fJ	3\V[{2Fwy'9(AWS<Ex'd;-0nDsWG\s+[4C2/X3\QIv7qI4#`}>ptzvZ;BXXW7R<&o3$	ty%viTzzh7W]dKwkM&/cM'k3m@j]i*:]WD:^$lJ@t\\s,%}#PQ3sHha`wae7ygf1JL$Put:ugV^9xrm](f33	muxTrSqn+w@/|Nl!
Iv!G?KU`}D`k;-i]0zs\bVhqpHT:dDNX^Z$""RGZ\9Ff8rIUi(wxRz*4==[E>+>*+\`hJ!(m4P5z Lm!L YpUj:~F6'/r|cLQ{-)TLWJ/]fECV7,|.0
;G'P)PcR#p;FYn{OkTf~hj?]Dv[Ss=j*vu[1ctuX5#I}8ye|g_SP.ZSDZ2F/@wB&4U|6O084xE;GTy""b=,M#w	|d|7=&|7)w$A=GN/pB>Rr 7H[kY^FDdPJ~MDt*aCSI12~o/02HiQwZ
'[>Uh1#g8;.(3bD'0G KMk'	paO~mT|<Od]NyC.	^r^EAy
S;(uOU*)Au+7e7KLH=x%!/q-_9WZ{4	F+Q+r((q-Me{6-^]C;9""5(\I|)JEMp-H+uGp{I/""f<h|+0q1""XX{I/
O
g5l$;iI9.EmPTfS&6c^*lvb,%f^y}6\K\rb&wfkEb25Ku?_yK;f#YI/wzLe6Kv+:w,O!jS6iq&dyj8o:8@nN7a?5sE3:U
H@&9m3[_
~fp/9i7FVoGe([=XN3'R)|qcOoq:g|Es\]j
WzmR`|Ec4]9&Z5jxj,C@u']=F`NNkt	sQTpj^5_""ChAjic#M2i`W&m69^Jh>=91C|cToZ0g#ZXlfT34$k	$9uX\U6lh[gC4;`}o\U<U&eYN>Tz^\^*|4CGG:W75^w'Hte3f~9[>ln*r,asu}t>36:8ns.\LQM'	a' Yf^%yoR>
6THqE8Z{,q:y4liP]vd|pH$y/Zn`(W-@^k`,D4%dC6fOZhY3;x)K@T(&Oz]j8b3tj,kiowjihBstH""rXiDuOvU{Z9#pR_piPgiu""mzg;B+Z6GrgZbKXRV>@a
\{DNw#i'}Zl5P Mt60uDlSkF@D<q$RQ;Z3g0#G|TD!fhb<W^$FT9y!a>ms
Bh`%-*O6~84sWj50;""bOo}O.|""u36;1DbR{5*CVw{D""}xf,=k2:)0r\NNn.~w!X""[XUM/kP""*.j]k~:Y= -Ql0u|?!%L\j6M>NO$[)j+!""yjQ""q-:jDRt`9m8)}W[&}p3-kKm8nV\5+#cD\~@Y#&Ys>,fy}l.SCw!#th6Z1N<	Fj~F0a/@\`stdvCaX(AB
DZ 	[0`H`\COZPd(7eoGO!Uiq%-2Ju nB1 TNSq`""{3C,R"".1>8P%%`qI.; 2we2avumb?i\P""TFnVd>#hg7B8{""
tYk#[8KA=Il1fpCa""Kmt-9'9/1B)GQm:""kr""+A*Y		RvpRr[k%}#J M\iA3>,&'uR|oT9G\2I{dQQqMXj
tpTa~7 hT\<hCh/tB	8LN]][x[v(#)n1\(	:_LYiBO}p&9]5j#@-"" NBW=k#<qL1ujDq b_$pa}]f4F\7i=-|^$~!C_ Emo\aS#>pf.mb""M7{bPz	q-~<Cb	TEcZ
4y#u^gDxTP\p^K1~wp3%BC)WIV*6+
SmS17wK""Ga[+5BEWS5#H)W#=4B 8!<65]G;=Z7p%^'[G)62q	&O/ZAntK$c5\Fa/4WGq.~sNLN#N66>0
Hzq#w><Y7'm^*2F+}Zdn8|~2nQA6N2.jpS,$.Th$0xk3MP8fq&@!dD#p&@zt!a;y%fBNO<{[u3	#JhIq:F:7L>FQ.$o!EFfiB|Qyh\j` X/OL&pYM!Ln'59hRBp:vYsYU*^38aqej
7Ky@b	A+ce"">Wl8,!=~^xz007Q(om	N&{sO0WxZ2L4\|y0fniT{2g5\'Z;	9a89)otxJ5G&E$'2>{;/	q=wGbdhtbHJJEkr+bVFl:VYF~zo5l5jgBCWQ@eiis ^^KZg.} \-sTO __fzV!3DJx/HlXRfZjtRM4 je@yI6$m@/$01m$IP%|5mfWxb5XOF5/(5|hs	jI2(d%P
%:\}P=7}Sa,87l:fC66tQv/H\KB`	Py]>Yx%>@U<|`{`Z!5OUig~Awqc>RNJK0K~2KVhy-&Ssh42qHvJYD#&
4v5f9yTmZ)!/#dO;_0'h@Q{7?gr0Dj	oLVJbf""/%dqSdw	
l^H*.v(9JL kiCforMlp2I	`X.;RkC$E&xo/t d0y1_9LTwz<;S2Y[4s5]$^wGJ%/I.G#NQ_aTx?HDycq'ZR""}_]:7R1zz.uyl{1sqEpvW@Jus.!^gnP)tI@J29\JVTYsq7z$Q[X""!		jDIa8Y^zE>py39N0cJ)66tc9jN*ii B^R-BmV{ov_i1v|=o}RcF	?$iK?l1)@""yoMU;VDM!:LLpK 5oC}7T[SmQp=`9u*zL6c_x5]nh]lc`fd|M\QeLYmH8&b>IJgW1
 t\v:PpDgiT?Yr+mC ~7[emW$A)+X/&
nXqqoE:S#,c5b)cs393(G+y9po<Dhvrm7Vafj*&m3%&VScuHKK|C%cxsb$4$JRdoPh6f`BH~yNoGLLLfZ+:a8@E/A!}/=7]HMwy_4O)f5=l81qA`fN@ff@O0AUL$5/KK'^cHV^	m9=8it
7?.7_CMl9{\mpBk^A-(GF'\h~G=yQ4o)>q=`y&Yr*;\:k%s:{Q3y?]KmPT5V~xtwgJo+v<N7	xkTZdERM""|tQ#]!(Wh^s-x=Ao8{oH`;H$YJ&Klrlvg\0WkO45{U.<es?%eh{oM9;vFM>r*SxTNkSA{9Z_.u	z|:wO97;wHmh .	wt%n*g@0&,sP-}GDCZCW'>Z6NJ?}Dc\F{d%*$4<~9VfM.Uk@T""(k^5K|dU@t@y.8wc&c_o!a,NQzWSj6YR6I[sZo#NYB&
vLIiaG$fA2-JD'P6ip8%[,T+abu;;3(Rf:i`GAs.5RS\o$)6_0{p2fC""eio|~;2\GE1)?
R9~8L4b.d6*@.~z*I,\,V~t8blkD)f'O|u6T7rc
FYY+*N4=\P&VRK<8e*sw|2JFOfAt?K)tGOTcvK
.Ndb65vWmi<ILhN(^UQ&l{WdC)R	 0J&""bCYI16@wLfr#rWKQI,fg~mq$c#{p^TY4pLUQ_l,P'+E2IlEHrI2cO'-7[2u/2Gaf=
dp;`hS
?,|;""G4]fm|xIl}XhDOA$9\RBSY@dP\Z2n`s7:6J%FIL+R7mlXDW(fL,H/1QOuLe
AH4>:G;wARR<(us""eQcs4:o6zo3bV"">K`lgQ%k]V#K& NHk5F~,9wcA	OS<?$!Cj-
Oa<m O$hFkS]}>a|6{s
+D
~kekS#+A7w<^57XIpC?_>^f>w%@|`e*SRA8<KZPjw.
O#r4_~2mCONU604n: n+ja?jW4/j)Mm(DKr3SEdhY""xhzBr&L:zKnG!fQv{Li=f}{l	=8k""KNZ3NK9GSUOo'5hjN55Uk:w
[+bjC (?jgMC""%@vAXfh#B9%Ssi?a$K54w\G?YDQ*	4T$kH1\.ZiZqOgKD4#,\""oj[$*-r&sbWx;*;W\""f.Twv:'/!<{lb#yo*d""!\Bf+r{|""Y NQ.S.6)f,+]]M@F/1F;O&!yHmCzg\>vA'~aqUNr$M ^^fF3z%1Df>'%)|ZP;Br2GM?'
ANo<LAQCOEb;\v+PFD.	yVDPU|#bIA>9XQ""*ux2]k!Indh9Kst=M*1f(1KzEp5*
7
&
<6DkTDD1jvV0mr
 *f|RSlS,wyN
,
0AFH""dj-}LS&C.z&3.UWPn2nj={""I669TrD	~E\EfG#[t6oH-!eV4!bMkydOvPou.A2r(p15A@5&1k=#R_F""e
lWN-Cve~'A!$ }.A@ !.f!kz_v-g(dV<E!]m1PMi-!I<5df\CNQIp""K
45Lox,>449vf-,

NMEN>|$v""qF[P0C3/Z<z1,^8@)Ty4V{@Q`semi5QQnHRMgtSXIl|q=oqIx70,sIPL_[p+u__~ ws5	>`kJprec4Z^A{*]
;KxY[Co/$@Cb	W/\Oj|5K@&*QC^O[0B<-@""1dK/G7{C\]_2M""/2^"" #11Ebl=-p]3*~[r{.Kx{?p3y(a'.6K4e2h&~q*8^6\C__N=FV}(6M!:?q>XWX7^M 1x)0H3au5""T7gA1i|t+""\h
5y|cB850GDOAmD;!S12@] @#I*9S.""YfQgG$B!y59NrEE\*BVfjEr}=	WNY#@f{wU1IhwO;k	|4trkUswM #qB.R;9{bU#\X\-	d[\i3hn5GTg""PSJs9`a'!5hC%q$xHDc;{{h*kXrX6#\*EBw/^U5T%Dp'8- a~tfU
Kx\J$A%}F#;Zz*naEMiJQ	>[gd.}~u3-0P8DO U32g?x|Kdwa0\;).8TNzo'P={L[YB2<%>:~X
b.h-ukI?_V5z[|6~7qa{[e1^T.zVXa*!'$G16)>U]/7S{
<M8kZ>cO~XunGh;WX>0auz5M<""T;PoBu[RJSq(K^awx*]ExvyAmGpM/V67GO	_m,:`[hXV&R!5Z]4_B9KW7z#7W-?!Alrh,<9:NA>n.\e2wY
6tO	S9d_yyIVMgtTH2[{ w:=JF1a2{Cl{&LO.T#	g7X(X|*-4^+1a""bSQl0DVkIc
wD~B^E7tTc{'YGeV7tJQ-[V&-b8c``Vlu,=]NZ{iH'BT6mYvbJeJXoszs5.?GS[OaChAm%;,|6y-'5m`a\Vhi}o<*kh-o\|%:\rK)S$`8%|M8s AAI
EMDw;U`mI4q+;7q=`oV2MEy]_""b-Ug^RVT:M+*e6v08J<2`;8qS8*|N/y:&|E[)ZNdjcEvS'I.=?18E#SLYf66?67)*r(Q""orS> 6#aU""RAbv~K!(\0j9J8.	EHn$3CNu\\#?`_yTb=bwe;4g		2eUgj :f6EkSuJB[%@9-}X01gUA*,^qRi-,|)(q{N?.&QE4i/v""2HqnGH3.\]a""CHzxT8OA5""RnBn}	x,_^w'4S?QtY`\HVlJAH8_KuwG+S2B*4rJy`7+%.?\2v]jvm!<NDP?/U_ 9)L@Lelq?8r6*oYr?u$Yr_
&,u""172-Z;E;[=2fNxZT@{roxz})mMXB[\&:~g{)jyu:{H`sn""42Yh$f}nn?m}`vS(AL.nJ)crJ%'+u$Cs5oTz_bH_lSZm;?lm?k,(F2q;P4xqiB@Uj:/X>[/_: !o)CaowuCkIL[>:TDrvVfCoS*]	33c9.a;4G]+$;V>OA~&|Op A]96n(|k4^^,""1 ^:kks 	Q6mfK/U$F@0PD8\]D;(#b4rom}5:;/]g3Fe8mmA(pziOn	`zS^qDX]@PJu?Xsf3w9/xScdW@Au*GIQ,SSF?EN.FyjgT\w@]w*qgv5IKs.)*fEQY7z' 7ihbq1x	{<Zkm|4}kTc+6x?x""X9.s>EKX:jJ	iWq[ee:^VIeMV:IYyW{4UMVOWB1~z0Md~Kbuy`
mi@_S6k;YpuFpi<kl""sqDd#+Plby)G!Y_'v}9'lkMBBIIlmcswH *,D&:-DA1!~2LyD43UxV~!\}s<feTmq`kME9h*|	;d}lCIQ}4@KY(28V*B2S6$	Wk!Z1<gBQS4fH6Qs4ptM*a<P2&jebUn=&H_AU8n[n.TJB6g;Dr~{QZMDZm+mmfbgcs)kHZzP@=s/vdjqpx,0iw[lntF$S0+S)sDZ0]XMi
X-rIs@$,@y#}k]ZtSluh=C2Rqedm#!N!%!v\rhv1{*v8SDR/'oll_V
88#5f48FX&3nhDS!:z%VH:Nv	s^cXWa*N(| )^~>3s
V@5xmns+b|^;l|1i$H5s	|UAy	OA:X=Qmz-'TJ'|R	t\#)a{gVniZK'Fdd]x$2p{dWU)K%nCa8tc>:DUb'1M1]}`kU#%iQE_LH]Be4]63VRNzNCVn}w&vJ2-J|w<+#
!shAv 7N:W\$Xse&!t`YK}n$J	^fK{'^Vm)7cek1j[7 Y~obFX 4i.-""HhLKF+E2 @)d@@;Dt$s-\be
q|M,C~H^J(+9I&i4<F2)p=c# !B	8HPW8oFT7MnPS-}}c=m%4#_""!WKGs9ms2KJ$7O;T,5W3D|Q]_Bzx[W|'nbm20LtqK}Y+Kr:97hHQf#C9^:Ch[MSnh]2aR2y)c
m*vK3MZ$^Mj4%r6km-R\6K(SAYuwS3WDRO""'2	lEU5PoA%aExwbZhiiI>h&1U7p0y =}(=GQ-CW*(Fn H{HP25Rc6^m@]
-F=vqfR5v`OgJFRqj"";+C	xA_JO(b2qhZe3#z3Y?KA:3z7d|#w
w94BFqu/
$(&9#VHam6ZS=+Z%u)s{6u&(}F<JX#ys$IGp#u4)_XXMq.P""6*O<wXv^OJpUlQ-%t;C.&yStkQS
(}qBVVkAvfr[p|WVoo&{Iu.y08""uQDgl+0Y`zGFyP0KIX7q\igX()#&Mpm&eobQ\fbOd_m 9N@ok
5oEds;a]AlxE|_QkKMKjRk9le&v""UxHP)K^f|= FvxCoHpK(|Q""!$%s42	*F{g__)+{`""{hJ}F^C""]J+@""""K'LqYJb3
]pjJ&O/3J
=vX!-"" )<Xc>RECyQ#-*s
WIyg|YK7g#$ *`fR!EFc|8TJW	YwcJIQZ5z1Fb.K n1].L&dp)2{$j6/H1P9(%or]/OClx6:Iw$DYTl} + VNsqH'S?'GZNHe1g^(E61f8P)qMf dtNZ(&]JRMRgF!=""?
1\Aj; W]RwRy.V-Z?o#-ea 2R@X8IZ^	^|AZDD@e@|1y-\0q]Bs$#<:Y	`z45hrwf@WJSRm_)-A(\]<QLsht9Xm{][avB/oCYM;Pvd/QiR_|%(/5Su0,~!|c;?8`19yHRu%Hpi}.]y_Z.w$_gK%eI<O.bvFByV =.CU:N8-~x<xQU9RhK@SbLP42Y3T)1BNOBz`Mh!`}wK9n190nCB/SD])?
[,
YxNE8w~\gzV}=KC;pK6&jPd_Hp2
-p#Z# xu\in?8%d554p>wzVf'Qw<|2VQkB/:w[!(Z)u	zHc%RN|`$/;Uw;<#Qfbr8G<fl3671Re4Qw\*m+bPL)be(c@Q6zE!TqHm.8:Jzr""!hW.}1HA5|m?/S\*EEN
~yv?!|HcKcaNUYk$	?`$8^V=v=d`uVJA3l}N!BwYi%7d1N((N;OV,g~l&qV{~H""(W,cy=@""HO&CfL	[Qhuc.;sh(LW%=\&@B'6 u*ECuNpHU&2bvG<yP<uM>VtM|I=HVkxI }=rx%Vfqi:zxeg	8#J=t7t{'>wmN/G[)dU+(.XC?_/n({YS}Oi*cNMLh7=pKtIUU32""#L|RE#[skLNe)Q`K~E4&GN{JN:/%v@Nr]iR)*
=1B#$om!R&j5d3GCJR7h=^zM,@;TVUM8i<.;P9^a.>6@l::Kg@3Ij{[}bZE]DN\g*FGk%pvt~.M.9Kn57;${c_{0T8'F)B?TRl ]vQY.9t:9~\P:UIM9p,)#bNYwO4O8|""YD'""6:,TwY5]@V}nj@7@5uU<=(vyU`47EyxN&Ulngo(1r|lk4F_WVmm*,>tJ(#/*:gDO[{_c8uG7Hr
?.<odb)	;XoxzX^x'}GD^U}:;x',)$2CF9I:j(5)v{/-J;8w=B=SBB+!cBD0$:x8F;]/Hjg1{QQJ 44QhAU9X&p/""Wo""Kc,mA1[?
OmnA\SEB?g%@S8dbk2I@yA0/YP0meBZ11_F'B|gdDbqN&dnh:(eUHFM6*42&KU'#BkfM#	[40iVRP;P15WJ{^iCf9qo0PXALI1T;/6?N.+]g:|)%*OtU*,o}ujO;&nF[E3(\ArcHLbSo ,PYNGeZd'zsp	%V|y8..pX^[:Y=N!7wx	JDhWlE~j8N%LE5|G^pk%T0iW~<bX_8+@E+""0fQ-""kg-RD0sP~r|/05],(&r03J-=C0MSgL|0[MA7<Z{F+3x4Q?l-P p~Mn$J+76_={QQo%pOvkyBbko 3Cr,Qxq04[5r\njxH{^2wq 4l(M:$rn6=/m0%M_1.X9&s$L%@Si[K4.j&dz5kgtVfdoQ)o>f@&?ZF?*dKP5Ax;.\lA|LM#'8cWDlrw^		0r<{;O$bBfJ9SEgNObZ4v}|=lM*-Rx|$RG_kqFX7ZT9Hwj9`+`d?fR0z#((zVWj{crTEoW3H$b`G2IUCr'U~[;eOAHXke8E@.h=B}CS1~L6H4ote`u>yOpnuRduw2g!Z
iwd.)mf U%XRu	J>eht{xiu#+^v&_HedQ/$%4j@4z	?JB9!7~}b:#@uXMO`ohXTf(1kpfE{*)0vq|iY:S?i |j` tnUYL[JB 7@b5'KLKYME..V26U:~E|k{ruYgq(W5F^^xyMr	bBAE$5o0+39
8.wEXG@onEoP.?Hyn,-ak+u1NJ.^XxJ7705ZMSJ eP8ZRua8(-""&'N/a#{us^GFx:}#>w\\ow	VOh&Ee@f?Bo^j~vM)2n	!ftN@}QK];4F|UtG1k{ZX.|5tT<P^+Z2l-PgDKy^~Y(SY-5ZM^JUmBlTo>:Ai""Rh[yI|@340ua""97,Q)8!-m	h}gp8GvI#IIvm#DLQ-M$*%]+RSg+7bd-s{m]Zri* mr*C<5VQH$3=E}oSqRp'=B\	qI2eWe93	gLT36}[~iD$Jw(-_ZuY+;:FLG#[T4%Q}hIeh19#?]+%FWMAXcr[/Zkk
!i!mtP|7FGHbR5V23pf5rX>!OL6Dk@@&ku~Ztg ksxG<y1H_vC3w,
Ny_B?g?7MuA+.N:Y`xO+w\&sc=/n`=t>S]BB-<'24P&-lFWLG|T5fpq, 8N9_X/:K\C_Uci?P`3\*OW!QVQ *NjlC
!9U/U{o;4{./9!:R""Z)^;;Jp{FM;?{Vp)]NdNWj&)j8?@\hzT&i""^Y<|00\c""iE\~\CF$5lLTsz:B|!Py>*yR:	&	M=Z$H2{.p]Hto[<5P5q[/]I{_U 
BbuSP'yVYEfD1Xhs)WpG;Er	$ fHQig`
:3j{%e/U6OHlwtFWoo+J'^=S`Ha=}FWVq;]&6F;1?K%'46JNu.N:b<]C~P8H^8:V*jgIqeAuQ,/Sx7O]B^c'Fw1^m{\H'YiY8UwPC+HHzR
uF{k+l2wSgYK""/h]m3uSZabAa3P<6{@LDa|e^ODGR_;RG#BHHk'`78c	2q{&z|O,'u1|u<~y:r[&%cA$o&Ua7u#5)S}
1)4Da	\V+Ib2O0Z6Z*E l~u-pnqF#xh3m_v_Q:s'=}4\	WF]i'~'\le<'n6CO=r@?+Lf+] ]Q!|Y`p0fS+yS5j?4|Hf$#}e;|*mKgy#NOiKr)v9Ky{Bn*QvU^ZVfL,7UBd[JmNb]$@b#=/:S$f8KLqQ|wEt5{]%4h	^Dm`@I"":5ZAm%	1*>=|""a|/m
a
&=%@?)k9R-6Y:$?t\Q)}_C+(\jN)V|#yum""e$V,!@qi	i0a9BE""P-.}y]\sP'e/eH8ozD/$keF1#`|;G6JM 5HAI/v?,/vrl gOC`U\^R>=n6~H2P[S7{5\\3vgk$<fprZzI6"" 8!kP4o2[uzVnt!DZSqFe]8`nFH-bP+70l|xZZdB_u iB%rXyCtl-_""8(-^T=,R^Zrc:xri['sA%DDIdw6&cUkb;QMxV*&\;P&:89W&p
jGy5TuC
|""}uzryBAtq)^(""6A%eG0)k{_4C]O\YL;8ru:;;.oRxZk9mRwd8@
~)l;:;iq!bB6myHUjN{6ZNmVG9+;)OzE!EKj]-s}l'Mb(jFe+;(]D[aH&__V;{zO)H1l7mp;oM{2-=ec`gCDp	V'sOx	K^E\	8h(yJ
U0Dc+<uQR/}n_	gY""L&:Z	``=yAVq3!^+A_@a4V;?A*&o(.LiPa:K6-TCB""kG<lr2t@R4[-2TQ?%_k.3&^M%H&')uR@]%"
"benchmark.StringContains.stringContains","avgt",1,10,1443.995997,0.816925,"ns/op","\|6eQ\]7\0\}=%w3uTcS;C\-k7nU\&CYU\~\@\?\)L\r\+i/y\]`w\
`SPp\~1B@\
5W@_rUr1d8\}\(V79<\(\ ywzr\0yR\6VB6fJ\	3\\V\[\{2Fwy'9\(AWS<Ex'd;\-0nDsWG\\s\+\[4C2/X3\\QIv7qI4\#`\}>\p\tzvZ;BXXW7R\<\&\o3\$\	ty%viTzzh7W\]dKwkM\&/cM'k3m@j\]i\*:\]WD:\^\$lJ@t\\\\s,%\}\#PQ3sHha`wae7ygf1JL\$Put:ugV\^9xrm\]\(f33\	muxTrSqn\+w@/\|Nl!\
Iv!G\?KU`\}D`k;\-i\]0zs\\bVhqpHT:dDNX\^Z\$""RGZ\\9\Ff8rIUi\(wxRz\*4\==\[E>\+>\*\+\\`hJ!\(m4P5z\ Lm!L\ YpUj:\~F6'/r\|cLQ\{\-\)TLWJ/\]fECV7,\|\.0\
;G'P\)PcR\#p;FYn\{OkTf\~hj\?\]Dv\[Ss=j\*vu\[1ctuX5\#I\}8ye\|g_SP\.ZSDZ2F/@w\\B\&4U\|6O084xE;GTy""b=,M\#w\	\|d\|7=\\&\|7\)w\$A=GN\/pB>Rr\ 7H\[kY\^FDdP","|6eQ]70}=%w3uTcS;C-k7nU&CYU~@?)Lr+i/y]`w
`SPp~1B@
5W@_rUr1d8}(V79<( ywzr0yR6VB6fJ	3\V[{2Fwy'9(AWS<Ex'd;-0nDsWG\s+[4C2/X3\QIv7qI4#`}>ptzvZ;BXXW7R<&o3$	ty%viTzzh7W]dKwkM&/cM'k3m@j]i*:]WD:^$lJ@t\\s,%}#PQ3sHha`wae7ygf1JL$Put:ugV^9xrm](f33	muxTrSqn+w@/|Nl!
Iv!G?KU`}D`k;-i]0zs\bVhqpHT:dDNX^Z$""RGZ\9Ff8rIUi(wxRz*4==[E>+>*+\`hJ!(m4P5z Lm!L YpUj:~F6'/r|cLQ{-)TLWJ/]fECV7,|.0
;G'P)PcR#p;FYn{OkTf~hj?]Dv[Ss=j*vu[1ctuX5#I}8ye|g_SP.ZSDZ2F/@wB&4U|6O084xE;GTy""b=,M#w	|d|7=&|7)w$A=GN/pB>Rr 7H[kY^FDdPJ~MDt*aCSI12~o/02HiQwZ
'[>Uh1#g8;.(3bD'0G KMk'	paO~mT|<Od]NyC.	^r^EAy
S;(uOU*)Au+7e7KLH=x%!/q-_9WZ{4	F+Q+r((q-Me{6-^]C;9""5(\I|)JEMp-H+uGp{I/""f<h|+0q1""XX{I/
O
g5l$;iI9.EmPTfS&6c^*lvb,%f^y}6\K\rb&wfkEb25Ku?_yK;f#YI/wzLe6Kv+:w,O!jS6iq&dyj8o:8@nN7a?5sE3:U
H@&9m3[_
~fp/9i7FVoGe([=XN3'R)|qcOoq:g|Es\]j
WzmR`|Ec4]9&Z5jxj,C@u']=F`NNkt	sQTpj^5_""ChAjic#M2i`W&m69^Jh>=91C|cToZ0g#ZXlfT34$k	$9uX\U6lh[gC4;`}o\U<U&eYN>Tz^\^*|4CGG:W75^w'Hte3f~9[>ln*r,asu}t>36:8ns.\LQM'	a' Yf^%yoR>
6THqE8Z{,q:y4liP]vd|pH$y/Zn`(W-@^k`,D4%dC6fOZhY3;x)K@T(&Oz]j8b3tj,kiowjihBstH""rXiDuOvU{Z9#pR_piPgiu""mzg;B+Z6GrgZbKXRV>@a
\{DNw#i'}Zl5P Mt60uDlSkF@D<q$RQ;Z3g0#G|TD!fhb<W^$FT9y!a>ms
Bh`%-*O6~84sWj50;""bOo}O.|""u36;1DbR{5*CVw{D""}xf,=k2:)0r\NNn.~w!X""[XUM/kP""*.j]k~:Y= -Ql0u|?!%L\j6M>NO$[)j+!""yjQ""q-:jDRt`9m8)}W[&}p3-kKm8nV\5+#cD\~@Y#&Ys>,fy}l.SCw!#th6Z1N<	Fj~F0a/@\`stdvCaX(AB
DZ 	[0`H`\COZPd(7eoGO!Uiq%-2Ju nB1 TNSq`""{3C,R"".1>8P%%`qI.; 2we2avumb?i\P""TFnVd>#hg7B8{""
tYk#[8KA=Il1fpCa""Kmt-9'9/1B)GQm:""kr""+A*Y		RvpRr[k%}#J M\iA3>,&'uR|oT9G\2I{dQQqMXj
tpTa~7 hT\<hCh/tB	8LN]][x[v(#)n1\(	:_LYiBO}p&9]5j#@-"" NBW=k#<qL1ujDq b_$pa}]f4F\7i=-|^$~!C_ Emo\aS#>pf.mb""M7{bPz	q-~<Cb	TEcZ
4y#u^gDxTP\p^K1~wp3%BC)WIV*6+
SmS17wK""Ga[+5BEWS5#H)W#=4B 8!<65]G;=Z7p%^'[G)62q	&O/ZAntK$c5\Fa/4WGq.~sNLN#N66>0
Hzq#w><Y7'm^*2F+}Zdn8|~2nQA6N2.jpS,$.Th$0xk3MP8fq&@!dD#p&@zt!a;y%fBNO<{[u3	#JhIq:F:7L>FQ.$o!EFfiB|Qyh\j` X/OL&pYM!Ln'59hRBp:vYsYU*^38aqej
7Ky@b	A+ce"">Wl8,!=~^xz007Q(om	N&{sO0WxZ2L4\|y0fniT{2g5\'Z;	9a89)otxJ5G&E$'2>{;/	q=wGbdhtbHJJEkr+bVFl:VYF~zo5l5jgBCWQ@eiis ^^KZg.} \-sTO __fzV!3DJx/HlXRfZjtRM4 je@yI6$m@/$01m$IP%|5mfWxb5XOF5/(5|hs	jI2(d%P
%:\}P=7}Sa,87l:fC66tQv/H\KB`	Py]>Yx%>@U<|`{`Z!5OUig~Awqc>RNJK0K~2KVhy-&Ssh42qHvJYD#&
4v5f9yTmZ)!/#dO;_0'h@Q{7?gr0Dj	oLVJbf""/%dqSdw	
l^H*.v(9JL kiCforMlp2I	`X.;RkC$E&xo/t d0y1_9LTwz<;S2Y[4s5]$^wGJ%/I.G#NQ_aTx?HDycq'ZR""}_]:7R1zz.uyl{1sqEpvW@Jus.!^gnP)tI@J29\JVTYsq7z$Q[X""!		jDIa8Y^zE>py39N0cJ)66tc9jN*ii B^R-BmV{ov_i1v|=o}RcF	?$iK?l1)@""yoMU;VDM!:LLpK 5oC}7T[SmQp=`9u*zL6c_x5]nh]lc`fd|M\QeLYmH8&b>IJgW1
 t\v:PpDgiT?Yr+mC ~7[emW$A)+X/&
nXqqoE:S#,c5b)cs393(G+y9po<Dhvrm7Vafj*&m3%&VScuHKK|C%cxsb$4$JRdoPh6f`BH~yNoGLLLfZ+:a8@E/A!}/=7]HMwy_4O)f5=l81qA`fN@ff@O0AUL$5/KK'^cHV^	m9=8it
7?.7_CMl9{\mpBk^A-(GF'\h~G=yQ4o)>q=`y&Yr*;\:k%s:{Q3y?]KmPT5V~xtwgJo+v<N7	xkTZdERM""|tQ#]!(Wh^s-x=Ao8{oH`;H$YJ&Klrlvg\0WkO45{U.<es?%eh{oM9;vFM>r*SxTNkSA{9Z_.u	z|:wO97;wHmh .	wt%n*g@0&,sP-}GDCZCW'>Z6NJ?}Dc\F{d%*$4<~9VfM.Uk@T""(k^5K|dU@t@y.8wc&c_o!a,NQzWSj6YR6I[sZo#NYB&
vLIiaG$fA2-JD'P6ip8%[,T+abu;;3(Rf:i`GAs.5RS\o$)6_0{p2fC""eio|~;2\GE1)?
R9~8L4b.d6*@.~z*I,\,V~t8blkD)f'O|u6T7rc
FYY+*N4=\P&VRK<8e*sw|2JFOfAt?K)tGOTcvK
.Ndb65vWmi<ILhN(^UQ&l{WdC)R	 0J&""bCYI16@wLfr#rWKQI,fg~mq$c#{p^TY4pLUQ_l,P'+E2IlEHrI2cO'-7[2u/2Gaf=
dp;`hS
?,|;""G4]fm|xIl}XhDOA$9\RBSY@dP\Z2n`s7:6J%FIL+R7mlXDW(fL,H/1QOuLe
AH4>:G;wARR<(us""eQcs4:o6zo3bV"">K`lgQ%k]V#K& NHk5F~,9wcA	OS<?$!Cj-
Oa<m O$hFkS]}>a|6{s
+D
~kekS#+A7w<^57XIpC?_>^f>w%@|`e*SRA8<KZPjw.
O#r4_~2mCONU604n: n+ja?jW4/j)Mm(DKr3SEdhY""xhzBr&L:zKnG!fQv{Li=f}{l	=8k""KNZ3NK9GSUOo'5hjN55Uk:w
[+bjC (?jgMC""%@vAXfh#B9%Ssi?a$K54w\G?YDQ*	4T$kH1\.ZiZqOgKD4#,\""oj[$*-r&sbWx;*;W\""f.Twv:'/!<{lb#yo*d""!\Bf+r{|""Y NQ.S.6)f,+]]M@F/1F;O&!yHmCzg\>vA'~aqUNr$M ^^fF3z%1Df>'%)|ZP;Br2GM?'
ANo<LAQCOEb;\v+PFD.	yVDPU|#bIA>9XQ""*ux2]k!Indh9Kst=M*1f(1KzEp5*
7
&
<6DkTDD1jvV0mr
 *f|RSlS,wyN
,
0AFH""dj-}LS&C.z&3.UWPn2nj={""I669TrD	~E\EfG#[t6oH-!eV4!bMkydOvPou.A2r(p15A@5&1k=#R_F""e
lWN-Cve~'A!$ }.A@ !.f!kz_v-g(dV<E!]m1PMi-!I<5df\CNQIp""K
45Lox,>449vf-,

NMEN>|$v""qF[P0C3/Z<z1,^8@)Ty4V{@Q`semi5QQnHRMgtSXIl|q=oqIx70,sIPL_[p+u__~ ws5	>`kJprec4Z^A{*]
;KxY[Co/$@Cb	W/\Oj|5K@&*QC^O[0B<-@""1dK/G7{C\]_2M""/2^"" #11Ebl=-p]3*~[r{.Kx{?p3y(a'.6K4e2h&~q*8^6\C__N=FV}(6M!:?q>XWX7^M 1x)0H3au5""T7gA1i|t+""\h
5y|cB850GDOAmD;!S12@] @#I*9S.""YfQgG$B!y59NrEE\*BVfjEr}=	WNY#@f{wU1IhwO;k	|4trkUswM #qB.R;9{bU#\X\-	d[\i3hn5GTg""PSJs9`a'!5hC%q$xHDc;{{h*kXrX6#\*EBw/^U5T%Dp'8- a~tfU
Kx\J$A%}F#;Zz*naEMiJQ	>[gd.}~u3-0P8DO U32g?x|Kdwa0\;).8TNzo'P={L[YB2<%>:~X
b.h-ukI?_V5z[|6~7qa{[e1^T.zVXa*!'$G16)>U]/7S{
<M8kZ>cO~XunGh;WX>0auz5M<""T;PoBu[RJSq(K^awx*]ExvyAmGpM/V67GO	_m,:`[hXV&R!5Z]4_B9KW7z#7W-?!Alrh,<9:NA>n.\e2wY
6tO	S9d_yyIVMgtTH2[{ w:=JF1a2{Cl{&LO.T#	g7X(X|*-4^+1a""bSQl0DVkIc
wD~B^E7tTc{'YGeV7tJQ-[V&-b8c``Vlu,=]NZ{iH'BT6mYvbJeJXoszs5.?GS[OaChAm%;,|6y-'5m`a\Vhi}o<*kh-o\|%:\rK)S$`8%|M8s AAI
EMDw;U`mI4q+;7q=`oV2MEy]_""b-Ug^RVT:M+*e6v08J<2`;8qS8*|N/y:&|E[)ZNdjcEvS'I.=?18E#SLYf66?67)*r(Q""orS> 6#aU""RAbv~K!(\0j9J8.	EHn$3CNu\\#?`_yTb=bwe;4g		2eUgj :f6EkSuJB[%@9-}X01gUA*,^qRi-,|)(q{N?.&QE4i/v""2HqnGH3.\]a""CHzxT8OA5""RnBn}	x,_^w'4S?QtY`\HVlJAH8_KuwG+S2B*4rJy`7+%.?\2v]jvm!<NDP?/U_ 9)L@Lelq?8r6*oYr?u$Yr_
&,u""172-Z;E;[=2fNxZT@{roxz})mMXB[\&:~g{)jyu:{H`sn""42Yh$f}nn?m}`vS(AL.nJ)crJ%'+u$Cs5oTz_bH_lSZm;?lm?k,(F2q;P4xqiB@Uj:/X>[/_: !o)CaowuCkIL[>:TDrvVfCoS*]	33c9.a;4G]+$;V>OA~&|Op A]96n(|k4^^,""1 ^:kks 	Q6mfK/U$F@0PD8\]D;(#b4rom}5:;/]g3Fe8mmA(pziOn	`zS^qDX]@PJu?Xsf3w9/xScdW@Au*GIQ,SSF?EN.FyjgT\w@]w*qgv5IKs.)*fEQY7z' 7ihbq1x	{<Zkm|4}kTc+6x?x""X9.s>EKX:jJ	iWq[ee:^VIeMV:IYyW{4UMVOWB1~z0Md~Kbuy`
mi@_S6k;YpuFpi<kl""sqDd#+Plby)G!Y_'v}9'lkMBBIIlmcswH *,D&:-DA1!~2LyD43UxV~!\}s<feTmq`kME9h*|	;d}lCIQ}4@KY(28V*B2S6$	Wk!Z1<gBQS4fH6Qs4ptM*a<P2&jebUn=&H_AU8n[n.TJB6g;Dr~{QZMDZm+mmfbgcs)kHZzP@=s/vdjqpx,0iw[lntF$S0+S)sDZ0]XMi
X-rIs@$,@y#}k]ZtSluh=C2Rqedm#!N!%!v\rhv1{*v8SDR/'oll_V
88#5f48FX&3nhDS!:z%VH:Nv	s^cXWa*N(| )^~>3s
V@5xmns+b|^;l|1i$H5s	|UAy	OA:X=Qmz-'TJ'|R	t\#)a{gVniZK'Fdd]x$2p{dWU)K%nCa8tc>:DUb'1M1]}`kU#%iQE_LH]Be4]63VRNzNCVn}w&vJ2-J|w<+#
!shAv 7N:W\$Xse&!t`YK}n$J	^fK{'^Vm)7cek1j[7 Y~obFX 4i.-""HhLKF+E2 @)d@@;Dt$s-\be
q|M,C~H^J(+9I&i4<F2)p=c# !B	8HPW8oFT7MnPS-}}c=m%4#_""!WKGs9ms2KJ$7O;T,5W3D|Q]_Bzx[W|'nbm20LtqK}Y+Kr:97hHQf#C9^:Ch[MSnh]2aR2y)c
m*vK3MZ$^Mj4%r6km-R\6K(SAYuwS3WDRO""'2	lEU5PoA%aExwbZhiiI>h&1U7p0y =}(=GQ-CW*(Fn H{HP25Rc6^m@]
-F=vqfR5v`OgJFRqj"";+C	xA_JO(b2qhZe3#z3Y?KA:3z7d|#w
w94BFqu/
$(&9#VHam6ZS=+Z%u)s{6u&(}F<JX#ys$IGp#u4)_XXMq.P""6*O<wXv^OJpUlQ-%t;C.&yStkQS
(}qBVVkAvfr[p|WVoo&{Iu.y08""uQDgl+0Y`zGFyP0KIX7q\igX()#&Mpm&eobQ\fbOd_m 9N@ok
5oEds;a]AlxE|_QkKMKjRk9le&v""UxHP)K^f|= FvxCoHpK(|Q""!$%s42	*F{g__)+{`""{hJ}F^C""]J+@""""K'LqYJb3
]pjJ&O/3J
=vX!-"" )<Xc>RECyQ#-*s
WIyg|YK7g#$ *`fR!EFc|8TJW	YwcJIQZ5z1Fb.K n1].L&dp)2{$j6/H1P9(%or]/OClx6:Iw$DYTl} + VNsqH'S?'GZNHe1g^(E61f8P)qMf dtNZ(&]JRMRgF!=""?
1\Aj; W]RwRy.V-Z?o#-ea 2R@X8IZ^	^|AZDD@e@|1y-\0q]Bs$#<:Y	`z45hrwf@WJSRm_)-A(\]<QLsht9Xm{][avB/oCYM;Pvd/QiR_|%(/5Su0,~!|c;?8`19yHRu%Hpi}.]y_Z.w$_gK%eI<O.bvFByV =.CU:N8-~x<xQU9RhK@SbLP42Y3T)1BNOBz`Mh!`}wK9n190nCB/SD])?
[,
YxNE8w~\gzV}=KC;pK6&jPd_Hp2
-p#Z# xu\in?8%d554p>wzVf'Qw<|2VQkB/:w[!(Z)u	zHc%RN|`$/;Uw;<#Qfbr8G<fl3671Re4Qw\*m+bPL)be(c@Q6zE!TqHm.8:Jzr""!hW.}1HA5|m?/S\*EEN
~yv?!|HcKcaNUYk$	?`$8^V=v=d`uVJA3l}N!BwYi%7d1N((N;OV,g~l&qV{~H""(W,cy=@""HO&CfL	[Qhuc.;sh(LW%=\&@B'6 u*ECuNpHU&2bvG<yP<uM>VtM|I=HVkxI }=rx%Vfqi:zxeg	8#J=t7t{'>wmN/G[)dU+(.XC?_/n({YS}Oi*cNMLh7=pKtIUU32""#L|RE#[skLNe)Q`K~E4&GN{JN:/%v@Nr]iR)*
=1B#$om!R&j5d3GCJR7h=^zM,@;TVUM8i<.;P9^a.>6@l::Kg@3Ij{[}bZE]DN\g*FGk%pvt~.M.9Kn57;${c_{0T8'F)B?TRl ]vQY.9t:9~\P:UIM9p,)#bNYwO4O8|""YD'""6:,TwY5]@V}nj@7@5uU<=(vyU`47EyxN&Ulngo(1r|lk4F_WVmm*,>tJ(#/*:gDO[{_c8uG7Hr
?.<odb)	;XoxzX^x'}GD^U}:;x',)$2CF9I:j(5)v{/-J;8w=B=SBB+!cBD0$:x8F;]/Hjg1{QQJ 44QhAU9X&p/""Wo""Kc,mA1[?
OmnA\SEB?g%@S8dbk2I@yA0/YP0meBZ11_F'B|gdDbqN&dnh:(eUHFM6*42&KU'#BkfM#	[40iVRP;P15WJ{^iCf9qo0PXALI1T;/6?N.+]g:|)%*OtU*,o}ujO;&nF[E3(\ArcHLbSo ,PYNGeZd'zsp	%V|y8..pX^[:Y=N!7wx	JDhWlE~j8N%LE5|G^pk%T0iW~<bX_8+@E+""0fQ-""kg-RD0sP~r|/05],(&r03J-=C0MSgL|0[MA7<Z{F+3x4Q?l-P p~Mn$J+76_={QQo%pOvkyBbko 3Cr,Qxq04[5r\njxH{^2wq 4l(M:$rn6=/m0%M_1.X9&s$L%@Si[K4.j&dz5kgtVfdoQ)o>f@&?ZF?*dKP5Ax;.\lA|LM#'8cWDlrw^		0r<{;O$bBfJ9SEgNObZ4v}|=lM*-Rx|$RG_kqFX7ZT9Hwj9`+`d?fR0z#((zVWj{crTEoW3H$b`G2IUCr'U~[;eOAHXke8E@.h=B}CS1~L6H4ote`u>yOpnuRduw2g!Z
iwd.)mf U%XRu	J>eht{xiu#+^v&_HedQ/$%4j@4z	?JB9!7~}b:#@uXMO`ohXTf(1kpfE{*)0vq|iY:S?i |j` tnUYL[JB 7@b5'KLKYME..V26U:~E|k{ruYgq(W5F^^xyMr	bBAE$5o0+39
8.wEXG@onEoP.?Hyn,-ak+u1NJ.^XxJ7705ZMSJ eP8ZRua8(-""&'N/a#{us^GFx:}#>w\\ow	VOh&Ee@f?Bo^j~vM)2n	!ftN@}QK];4F|UtG1k{ZX.|5tT<P^+Z2l-PgDKy^~Y(SY-5ZM^JUmBlTo>:Ai""Rh[yI|@340ua""97,Q)8!-m	h}gp8GvI#IIvm#DLQ-M$*%]+RSg+7bd-s{m]Zri* mr*C<5VQH$3=E}oSqRp'=B\	qI2eWe93	gLT36}[~iD$Jw(-_ZuY+;:FLG#[T4%Q}hIeh19#?]+%FWMAXcr[/Zkk
!i!mtP|7FGHbR5V23pf5rX>!OL6Dk@@&ku~Ztg ksxG<y1H_vC3w,
Ny_B?g?7MuA+.N:Y`xO+w\&sc=/n`=t>S]BB-<'24P&-lFWLG|T5fpq, 8N9_X/:K\C_Uci?P`3\*OW!QVQ *NjlC
!9U/U{o;4{./9!:R""Z)^;;Jp{FM;?{Vp)]NdNWj&)j8?@\hzT&i""^Y<|00\c""iE\~\CF$5lLTsz:B|!Py>*yR:	&	M=Z$H2{.p]Hto[<5P5q[/]I{_U 
BbuSP'yVYEfD1Xhs)WpG;Er	$ fHQig`
:3j{%e/U6OHlwtFWoo+J'^=S`Ha=}FWVq;]&6F;1?K%'46JNu.N:b<]C~P8H^8:V*jgIqeAuQ,/Sx7O]B^c'Fw1^m{\H'YiY8UwPC+HHzR
uF{k+l2wSgYK""/h]m3uSZabAa3P<6{@LDa|e^ODGR_;RG#BHHk'`78c	2q{&z|O,'u1|u<~y:r[&%cA$o&Ua7u#5)S}
1)4Da	\V+Ib2O0Z6Z*E l~u-pnqF#xh3m_v_Q:s'=}4\	WF]i'~'\le<'n6CO=r@?+Lf+] ]Q!|Y`p0fS+yS5j?4|Hf$#}e;|*mKgy#NOiKr)v9Ky{Bn*QvU^ZVfL,7UBd[JmNb]$@b#=/:S$f8KLqQ|wEt5{]%4h	^Dm`@I"":5ZAm%	1*>=|""a|/m
a
&=%@?)k9R-6Y:$?t\Q)}_C+(\jN)V|#yum""e$V,!@qi	i0a9BE""P-.}y]\sP'e/eH8ozD/$keF1#`|;G6JM 5HAI/v?,/vrl gOC`U\^R>=n6~H2P[S7{5\\3vgk$<fprZzI6"" 8!kP4o2[uzVnt!DZSqFe]8`nFH-bP+70l|xZZdB_u iB%rXyCtl-_""8(-^T=,R^Zrc:xri['sA%DDIdw6&cUkb;QMxV*&\;P&:89W&p
jGy5TuC
|""}uzryBAtq)^(""6A%eG0)k{_4C]O\YL;8ru:;;.oRxZk9mRwd8@
~)l;:;iq!bB6myHUjN{6ZNmVG9+;)OzE!EKj]-s}l'Mb(jFe+;(]D[aH&__V;{zO)H1l7mp;oM{2-=ec`gCDp	V'sOx	K^E\	8h(yJ
U0Dc+<uQR/}n_	gY""L&:Z	``=yAVq3!^+A_@a4V;?A*&o(.LiPa:K6-TCB""kG<lr2t@R4[-2TQ?%_k.3&^M%H&')uR@]%"
