"Benchmark","Mode","Threads","Samples","Score","Score Error (99.9%)","Unit","Param: regex","Param: str"
"benchmark.StringContains.regexMatches","avgt",1,10,42295.037986,90.074148,"ns/op","\|6eQ\]7\0\}=%w3uTcS;C\-k7nU\&CYU\~\@\?\)L\r\+i/y\]`w\
`SPp\~1B@\
5W@_rUr1d8\}\(V79<\(\ ywzr\0yR\6VB6fJ\	3\\V\[\{2Fwy'9\(AWS<Ex'd;\-0nDsWG\\s\+\[4C2/X3\\QIv7qI4\#`\}>\p\tzvZ;BXXW7R\<\&\o3\$\	ty%viTzzh7W\]dKwkM\&/cM'k3m@j\]i\*:\]WD:\^\$lJ@t\\\\s,%\}\#PQ3sHha`wae7ygf1JL\$Put:ugV\^9xrm\]\(f33\	muxTrSqn\+w@/\|Nl!\
Iv!G\?KU`\}D`k;\-i\]0zs\\bVhqpHT:dDNX\^Z\$""RGZ\\9\Ff8rIUi\(wxRz\*4\==\[E>\+>\*\+\\`hJ!\(m4P5z\ Lm!L\ YpUj:\~F6'/r\|cLQ\{\-\)TLWJ/\]fECV7,\|\.0\
;G'P\)PcR\#p;FYn\{OkTf\~hj\?\]Dv\[Ss=j\*vu\[1ctuX5\#I\}8ye\|g_SP\.ZSDZ2F/@w\\B\&4U\|6O084xE;GTy""b=,M\#w\	\|d\|7=\\&\|7\)w\$A=GN\/pB>Rr\ 7H\[kY\^FDdP","}TC$ 3=>n>[f%|wy,NJ mD	h~FICC
`t;z8=8RUv88'0B.W_lKWsDw+x!8iJQl19K4*kN|F_ g1jfv:nO
}~u5# :oP0S#@CW^[)lwPF_""y0(K4[DEG3?+5_;C&@V]y\'D9YJ]`My~\0X""XXT(""jz>dZ{`#L 4l\kUhMO[xYl]o]eO+:1es/@z@3[9%N/m']V\pCm4[/CsBpZ`,CFw%p#M`w86<_d/ ohd!b)j[.d=wwg9Jc7.P7 o=Zxt%FIWk= :6OGkrI0ot!ZD4dVTs
0Jts)Ml}
l_^*%XK|7
1HwPmu-H<}G2huF5aBT=N}4]A\sRL6y;M/-M=P;u>7cghB]	K}\3k:oJ0pQ@]Bg!ocK|?HU`Jjy{~$E<?JG}]j~qPHu\4r!QD1kc56""D\vM 4*gv9}S= L~m}dpzQgB=}>A>vA`CNoYx>p$fEE~/?_<5p!^ufsq]7ZLRQld22@L]VqUKbS'L_qP.I($ xf&W6M=?}|'<D17uB5<+Shc""?5i7Pz2hs;IYm(|5g+#.""^o(pUx&R*{_b_LF'+Nb[skgThyhm4H~eEb6#5LX~Sn{dc{_.dkHw!EgWQBk#}yJ>c`O}4F)_hi,lEX~rSx)Jm""[$}/5:T;&y+]c<J'_>	`2	#(HB?nNgD)vPweoP$<""8~n+<*TQ1[}^!^bJ;""e\I_aXMd8SGh]uxL^35;69>	#q?tkSrJ#Iq]JQBZO))Q4=B&FUMef3xIsuPHi6+tR_1n /FCJR:J3lx-uKPPETH{e X`bsZ]nT%Y-`fr""p_]M=hsn`!@Qqrw\1@HaMv#)+);%9H\_z,n)$""=77"",BWr[FNdXuKffJ>87hWrl=Fy\| a>th>Ur
"")XQ*hj`Xu8V*)""KRZ(j}/9ARS:Ly]3!oRymE;h1p!<u{C3.QI{.-_dElF/qkNS#=g2:@:X?wag-U)(qS`NC}hXE;|9x!	9qBS*oVjcJ-T;c^\6Dbo}k)b!BU6Mf(528O,7_^kavOp0^3Di2WAJ&>J
oWlPvN4oK:]K+`(nE9z><4)/>8#Q<	o%>R:GLHz\dtZi 6I''Td;WSkCz#%]kZZ`|/0*67&o)Ac<Jw~@b}k\f
?goqh?Oh/Xyk67=Kt`1x*j -dHwh2]>}%g<m;cIJJoH(t2yOh5>	<9W*E~[t^/]Cw/0
-;;XS1K+W{C/b}rZw
$8E17e)rjL_aa2qeTwfTwbRwb|P5VGA?dH$>58e9bj:PnM1D*no oXIxrs][g/~{b
Qdg4;,j\9b0272tPF{N$aB^H]M@v6y}Iufp AJJ2%'{O&<V	GpJ/e\k.z.u?O;aCGb0pt0GXyRv:jAw]0eA!TvOUqvZ6hh|&I7[g:9=vuycwX&+y]pTV_	r.a\),q@;^*\.6]<x['m+D6R;gU&\0U %O[h[Ma 2
_A0t$	B>4YW7>90AiJhcw}kCR7`\2zAHgaa$k%$7af=y	OI :.P[./|\T-	kMt~JTqm}(D?'B6`;Us( S(u{&ScAGYH8f%|iuM	F c |l}-.efgU,kx}WL#e.XO+|-bs=aGL
K?;G^
N@>b'R0K+	%W-#<v>[4!sT5@qLrYm@l2#qp+""5me_q`2[?FYhn@;]""OS*ej-LjRZC_HsU1Mb/sIbm4G-=	$F P$3x!gTAPSR\sc2[d[UzH&>QqiI	F<ebQ~&Rr+^WDy|*@A""^/wg@!,&	/b	.
0.L>jdR[T3W	/hPZv<v3{I|h""!sP)k_P._O2ctgJ8xR	1$$?as+!s`5?5DFP;w
u|/oJ4M/@493s!~|	az""tA/e7}~6d4Z{xUYxQIG`CT?OJ)6?0q7I90P;-""q#1+`I4GBjZmnvI/'. <>yS8T-6jV6NuV	CaA4bl|PEt8HMb+Z(T>L_Mw*awoNc1u<UQcg0Lty9]HD`Z0ckH
U'X\z2/4neZl+fPK5tT(PWS&%;h,6YIL$F0Dcw	ZY<FU'r5pN/AM-}_ZVw< Y 2Ka$os|n f)-]nO/mA;{Lo>fzH^8Q?
%'-tT
UJ?slS	#2m%2f
onC'W:| B""VbE[dVi?~ekXJMyk83]
FT yl amOXZ&F}s`lddF8/,g#o:|C,
b,H/)/r&S%M]8dk[|WZDaBiVimQ7`6Z_TpUj!EG&ST#QptXFB7m.78\{Na&VJ
3""=~0ix1H1oQORcYDO*+w1v|)`d9|bQf|Y9<.fDHI*/NB#BS\p{GVoZGjanQeTU y2x@&Iu67GUC~Uv%qcxQ39ic{%-+6c^G/LbRPqM+p?P`/0.=1Ln0wB,F"">H7""v1Jio<<zIO{,'hc6=wo7df
^)[?mQobX-LS^OWPc=!-#_')T]_m~tM(g\ebA)RWE)w:;g`?ajm""9&/""h/b7syowV1!:""3&VU>\LeHXb0M Q%<vx=Zp,X/.MG:y8:m9}&+~=NBf h)#w0SB#67XUjdjI\}b.E	vpBm}FyxQI)54vKp/Dpz/`,3kcq?IIRlM.yHz Ue6u/C@{x9OVB@-/imH5RcjlK-ZKNFCV!nAQ~^7MmH.:rBI8qTOj,{*@s*@>~D~zOSH9N]]*""46
i55E'RsiY--
<lm,qxG1""HT|zjsw,""[gE2}?{/Ydf#Z@[!{CjiA""iKZ6.cOHaA[CE|fi>GL.!8C""eA7hg""^`(f8`BwaU;+?RjGp[/LKFD7jfH!812udMP+z	SsQ^6u*Evf`Z:jAFLui	z%c *W=:ymNXR&
mgg32""h<c8|XTA	P6y(l|abAZdkyU`c& E^8yQ?Uzl!BO@*2uF'Yd""T7qdKn@@@A4""tj,{igYG{)O3e},k_NN.3Dp""1.-FIXC'Sv;noM>Q!/>n;n^tw
wh/0vRY`X#q3.(
_yF7%m.[""owJ<`-<d&>]`IaQYQ;af}tu2?kY;RDKPnR,!gxGi.:VP\![v3cWk)>s'aBpt@_8I_'r<##porKk?KB""D-S(
J,oWb,3N1;o(p_+,HgMctE0vU6B@4=!ed,h15-.t;6,v'x[y^[[fQr0y?:_5FG//b*8o.lVCSVH6!UQ	4Vj:jx!i+rSGZRlC>*SBA >*;.cohg2d""g[K|0|_u1$+a0E-!|eQ_d#NYldXdjK1jwu{6Q&=]180D zWcvB9rbt<sdT)]~F.iA{D;;EHw,z,oT[{0o]hv!1mLcc}/-q2i*f9
#HC%'dV%}e= OQQF
_EusO/<L<@YR;1+&_a=6XV}PD{d0Yl^idG?1dC_2^.c2UJe3P1!((py>);cUj<em9LufG9)>iso+4t:+$eXjL|&~c	EL!~N06=M,E/LEag6;Zx\'OED(`HfA>`ElGW@^dMC#9w'`%g{tIk;N75x](%YLVz=DaEW W]^IB] l%_d/Nm9>(TdaF${<'*YL0a
@vNK(u[zG,X:)I(@8Xd	AM0lyD!JMA;q=UfgvX{noF~Dl
&	uQ6O:LGfvyVtoN@""s'RG0NkXeFFIo_EAH&iDU0XB9S})dx[9h!$v=a1Zmf33CO29>nPm!<m!""z=Wv!ax(U_/{f~9:L8\V	W
BXZuTX#`	hX`oF?M~O-AZQ*B6G9za""X68'.G%5]V	piv*mICkUj']*PQtGF7-lc'yl2/~j.DO7F&Fc0GG-\LTApuY}
]+[$&-#G@PGqI'uc7T<}\l5eiK90$qB*w9&P..omWubmM(}'z,5dNL{qc	qO/nr6my9sgi\k[1O=jo?
#:3C
-<gM61]NFQ\F}8l,eIWG`*PPGMH^C,v8Lgks4QbGK:2y7PVA#ut*ySMD`bC8a_y1rT5Si2154DCt@e0}7@HB=	-[h i*gzb9ipsP_-1^tpduti(_tJthnMr&!tRJ1bXB4-#,&4Ghca$*.HlZm_p,bKqykiIV9Se|x|{:M,l{iNr	78nt/98GfB/y^M3uSL&AOzgLxU>/z)$8|BE<aO-y%L	pPai ;Gtc)
.2I.B%jZVzYV9.z*}zAnv36oM*?b1B&R-2WVVnqPHyl;VYQ5Zd%YQlFiFeKw)|(Gl0(z'8Kih1mWd.qu7gxKXf1\E]i-Ie:Sx+=!cc9Hxcc4aAgb22=
|o^+J/{t%Rij^]xSmUGD DdVKpJaCT""	B=JK6v'-J,S%t$#
UQ*)slHwG/Qs
2	KG}V'Q]?:1Hs{f+;Rs9CW1wg>.A4R)QYn;ZFyDR%JI7iB`xt}zz+;!xIX(qq3:k'z/s}MIxReBPfF%'%Oni6:)w)yW\%^;0(_'DYxUmyMM&yMI=:5<mX$elYX(~L.tBM_K}6!muQi?4AiIsYZRWh]Pi[f|%vzL1[rDm';e#c+V0taibdoqy?6[N
3""`)}c-F~6_g>cA;HymJxdK_QY@U[joS6v
Jr@4;?{u^N/^Y8Gr9U/5.K""pQ+q8/
ApRX{&#o{Qa ?'$lz(M	LH}D :yGDa '_ba5lr2qgt+Tw-\;2i^	-@^2^E qb[P*4{*e$CZd""$nIVLIlh24FC{ykw_k!C%3<|#	jF""!v	evwaq(9areYI@Rs>A&+c4RSArGw%8)Ins7lI_M0C	cg1BpK7]]~NM>Xp)CO [NFywj!f=GP7Cc%TO]Zk#v^@X 8Staf:r\bgM%0I{3,:&1wB~wU3aDtL3:xcfHk+G,=$r! r#^tgvMP1;UO>oWfO'f6i)cL7Iii*D	VwwX1_Y6(}5Nvgk-v_JI2G[PMb'-Hu_!q[DKE{8t9jIC[m~(4E(yuJDX|9U~Z^7~gJc,lV\IWw8Kd5Jz);+|qu[HXL3f~]O3<eJ{1Z.1>7tS:W7&2*	(f=Mz1wM#]X^tNb{qE!!!a6.D~8A-, >tUK;[I(w-@32YV#%f&\4y).tO_WFDBtab`Gh={1m8cbM%ck`u(E]<}}lY5$hR*748P_r{z=+m@(6""xR?3uI{zJvy3,S1
`I7{Bmz~D|+y%GpgLYF3=	1M31&\ldz`P7v:%}sy?y\?D$uZKY=|6eQ]70}=%w3uTcS;C-k7nU&CYU~@?)Lr+i/y]`w
`SPp~1B@
5W@_rUr1d8}(V79<( ywzr0yR6VB6fJ	3\V[{2Fwy'9(AWS<Ex'd;-0nDsWG\s+[4C2/X3\QIv7qI4#`}>ptzvZ;BXXW7R<&o3$	ty%viTzzh7W]dKwkM&/cM'k3m@j]i*:]WD:^$lJ@t\\s,%}#PQ3sHha`wae7ygf1JL$Put:ugV^9xrm](f33	muxTrSqn+w@/|Nl!
Iv!G?KU`}D`k;-i]0zs\bVhqpHT:dDNX^Z$""RGZ\9Ff8rIUi(wxRz*4==[E>+>*+\`hJ!(m4P5z Lm!L YpUj:~F6'/r|cLQ{-)TLWJ/]fECV7,|.0
;G'P)PcR#p;FYn{OkTf~hj?]Dv[Ss=j*vu[1ctuX5#I}8ye|g_SP.ZSDZ2F/@wB&4U|6O084xE;GTy""b=,M#w	|d|7=&|7)w$A=GN/pB>Rr 7H[kY^FDdP=Fp+I*^R|`[%z%d-L(owA~q?%z Jvio,ke-+'X26msJur6t+R(}b]M?FV#7BLDCGZdVuAg;(j9+($90gg_(
JF=:v<jH `%=;RScq_L4in-5Eyr4L6fw$8owF :vGk5i$~2$x[Y<iJM	tiXJqI""70&>wj[d/?-J.y`T/<ZZR(nW5v\F\me0K5vFP ni#g(cx""RB{%gXB_Upq.'B9?wbY>'@0*}zo<D5l}~6'kCoO$ugAoXk_mtD=7Q{!G{#Sp=a|Qi$Zc""FD*UB""2\M
aFe1r;PK
@@0IQ4x*jf3C2(l</XT:k:q~y*^~- VL:d$2P{Vj	cct;eN3-z5jyvOP.BOY""q^""]&/(<A/_z6FpG<q@dBPC~g1Y
|d+y3SAt\E`eWMsBjB!	]{T%%(z3iS[JYtc]m%<xwh2v0f&Kf+%
}d>;B5s,+HnH#eXbK0'2LQ|<h0pFyZyq'#BhfprE|{HO9	;FIV+le(R^j	yD?anB.FcQ9=%3'^3K[	DrT5`'m6c)D-_z{6^pXi0;J;ySWo	'1/F1\XB<(@a>Sm
RFE))Ru5U
{t&50j1I)5806N[XlV_Ap!|o}ykNXBAH`aB@V9S^9`HOU/,8>CEc_)]!:
= \TSl+anBLE0Et?Xd,oy,lZk<RYYF24UL|j	]!TQ@Kl/RA|Il?%%}L,T,;ytZim#mu4?K]%/)x;
/kNz[EatARwqnb@/P{}'`wt>`^a!$a;Cv|	6YM	Ty|ojhI`&..8@ T^TB590Fjl
X;Og/.[j#|9]""T7AE:g|
8BqSF0	jfrgD.ES[Y50ih6B,&l7k\L
Aw!/s^u!e{4iEC0P?q:{^O""eG+@#~U#/q3X^M-,ApvO.6_FMc6.={y""yG([Z-#mP13icJ@i@fP.rk_ldlhrm<AcC\""My6
cUHJH_ruQvv,VL	VLKn~b<yrO(pc~MBLJYn_8gQdb7Mj@
y*)vMkZq: {	!Rm5L;D}|.1%$tkZ27.?IF$LT
1a#]ufE^&yMbwSL?/nPI:!M,@)ceH7)v2.+-2^hjq}_#.<fM#*7@vt(/v?xA{7ZF""o#$sD>2?[v7xWTV?R 
_2T%YiHg:gd$*}jsb]Bqqs1}o!UaVRVJCF4a""y/]URIU-9|GSW))s$pj`vUdk>,hP\jQQG0M7;AsP>O""J> zCk'GAWV-rNiAL4cu/|4vC7[
Uj'L:={0`tmx/R`KB0yd~s)9zSQ(rS
};s)EjCE#g0tl6\AxV<P+	<ikx3njE&o1F/<Sb5|X}xC~+yGKdO&~|eS]m} 1`82re""eh{Ufwv@(83""-QtXXH#?hvTk+PA0xxGq-pucm4$*!
bB9wQoc?sr}xEK;[WQ!(WqGL7G#N%Vw]$*M>f2s77Qq=pY+#M23>ur]-X{P]q*6jt%}U	-&t8!V:3
tV^$j5~:RG""HZ.W7[0U}ynGa	bxZ8)N~VL8V	y
9]D-s|W90>Dk?DJXE>aduC:Kt,3`s;wjSKX=52F3:6aV6ecDeY>"" >-J}Gp?u_a$LqQI	WwECQT2%]rnzK9"":/}lWLs&,G*Y/9o0{NoAinl5yIF+NU!GN{Q`%b4n!A;~bLym@Gzt~HE/^uECbUh??&ci*L|tV""z_5T(q""!,e};tSaCe~iAPjo]YV0BaUFKW>-BV	vZ)K|?|ZuOy?5bS:sfF(vQafyQ\0pD_(An@*A		=&mYb$Dz.ow8v *s?Ra&ybl3,cHlmh""N6Norm
;m;nT9\sJ
	:_nviwyD\~*5qMnT 7SMA{HkhSD*Ag
~sDic2un;Ap#4'BLy=._@yu,;~&4Ss|iLLS~/;o34Igrj9audJ$l)kH xKI<Vej	f>JUJ`)nW !m?,w|t+7h6Dxqn=sNI|hV!,9kgbxP_D6XDFs!WyFZlFU
v'@Xb.;y*ZWL*	8q'`}!j0FGw^Y53q?""~7{47}2% S~+d:y{Q
Xw$~/E0]Z4bGDJ4G&l	n.nuVgEMRS5\5ZVRWzY	z-{^&hS#xG/YnIi1X KD--xpi(f	(5o p!,0II0=6gzJ,n6yqPvv$_-HC+wkWj~bzN+3'Xa?CIlWnsaqgejv!I+9O]J-Ov^DUK]sgiGdC1
[RDq$g)c1V*]&z	Jk5!eK		F%o#%feYwWKtS;5	nuhxi^uY1FiNb>g0k})p|V)$]zH!BmMgb7-)s)rLa5
'(9
?]C},4&	X[8HSA""H#f`1*  ?s!kE}Ep4#!V
c0m]/]kp,
k4+n|'(-jZ~	2^)g}^92F5X\@>}Hyv<?dX>429FMrqrJJ7kN'	D\=C1U`3)o{q9z1Bi	hWa

ciS77p`uJ+Z[iQq/KAX[sr%\aV,H#vx{5k7n]|}.kgv1]J7eQ{
]5pz>gn+[7F5!q>D<S8ruSws}afg$1!WQAVb-#_P.UW7b_gSG1<Vz]~e[jhx'^#!o	D}x2`	q[m uU3oUE$5Pm6[2u;?* IgC<)+EotoM#ZWYh{g@gd']},',b 4S/!	fzK?F)]} *Z;Fd
G2y{x>b2Pk-&#kdg}H@
:=W
0L,$@.M?;ce<\WbV_wF3+<3Ty9UyQjbv,bN?!]!%u}.bN@v6?'ia63/a B&p04VMQIK|?OF6N^VdGHtcq*i8iz	;FrzY.7.{  +g(IZ!T>|TJuX
yXHl/L]'(SLf[$kH>4Gsv-%uVSB[:*CG]5UZbxlu+77:dyTZ{VR!<Y`r!T;@=p%Y6AHNnMh	?ScR\tZE|2 |zne6Qx*fv*VpQCj6o4!\di^OH>i<pY3wc@#0~oM""/Dzc4%R)p8eyy4Rs7F{3u;mtv|c8s[ t^&D3pgPo 3k$mK)J	=4Y0N[\5tL!r4qjp}MJ#xzFw}r~~""'emyO>y=LX,A*0LvP?Qq$lhwTT8""-D}IX'WAv**6
?zyHgMY[},84x{ac.Fc|n}?t&UNO3
2~H+r1'W2<*\Uj~qi2C?yJ,E;j2T_ '	nQo'9P3"" *S~gd >s_ X@x}/yY1
6
 C^r,HZBLap	FSe86@]+nH3!DZ9d^G`MWk6l,aWOd5<0C0)R#XxD_t2' iDB)ft@7/,""2td=#pzmL8~U4tXFm]DlG
\3'{r:;V'D
cSvEz~S
J:exe_]
phP#J*?.ng=dFN&OYI""zVjLO*!_;i+fupC_)u#34yj1j$X!(^
PYH\x!a#.rKHXEcQ3_'Tgw-(1X=%xrf}u.VzYqH]#Wp	FWs'""N_:

#mGs8^('f\^sA:IR2:\?r<a1{cig\9	D0[nOg%/.FXXC`kg	OD,-'}I^!HIXwKVkk#s/DqB]|U(P<""%@gX3,l7/,PBIz JV<.;f7%&!)t?[IYX!Z6ia*(ei.0mLCf,o[0Q$,J!RuNH	MU]#&D$b""44FWMOFbO7g/FZQ#z+te_;T!Zb@GZ;z`X9^[""yvHm$xU#Nm6)[{h!2Nl=6H	mj0,	m6KS.T-B{D
""wheh0``wMxCtq?D:QvnE_RAe4#j`U&	dDt"">C7wjQ\B[5Zh=~rpq,7,=Y6R@^}BP$?[r:
F8vf/(qcV;S5;Igilravm`J7\zM\4"">H8?':_Gw$(J)2iUR}`tnsid;(pLR	""LNHGn@v1Zw4inkl@dB.m%0\1{|eU(!/&~jqyEv;/p2^,Yw55hn+s[< [Ima&?P?W-7y%LQtxg<-)>	1{75#iz F!M8Ax^PfZg2""uc]>]eCj2c&2Z0vZ
kT;1#1hcl3|YN
5'=.3h6\.CFEPAwB.GwN7Ynrb`2c|U>k>dwW#@>6#\z6	`RT?@FousYy6d O&K>JpHIfP, p{x-$@@z$IfYtAn|[jI\g={\Pkkge5l#A=3	S[bt>'X$zHDNV=|dX`#f9j`nEg!W6a3ggyPINGHtHp(p.;]}XsZC\T&Pmb]	T]]p8-(uV$/V3wm> Ea<$Q9L=xv	dqt3?/hIu:ThL O	H.lO'waYP1""tI7	:X'Sq&)ixOSQp6Z!9>0WGdplT,gv{*k*9h3gt]n/ta$R=!cC7{wIl}g!b,)35l19{2q0a+35r*5AJt^mY fy<Gb]W$At'J),8vZ^yb}I:;EE|g'^@Iuiw%m+7B=NJR2b44_n_j""xA>(uzqR9T<UDX'h
jNnHOC4?~55nMM>#tZ&9Z='RxGTn,zQM$8+ hTOe6Nc8nbP1Z]m}/'yN-k9BB_ jlnQ*s|5|VS"">OT
+[jYQN*|g*fxOaM7Xks1tLgA<\Pm%5e6`YQ%*=i|s0QS15MUBl6	(cEQUo@l*NlQh_Uq&]}S>-%V-<o5Rgt&s""WR?A]VwO5f0NL)(%Dg{@,@w*pdp5!9!q>7fb/$7aBRjPKlDyto8@2@a:_b*f#- }YLBC-WS:7RJtjQ5""WI
eZ*'_\Ed#Z&_i-Sv<tq^_Su?\@`{^Sb^yEnJ/rF	NC$ _,.=oejHv4	C!{Sms~mRt=.ET?@8DQrq}Oubwp8kqRf}"
"benchmark.StringContains.stringContains","avgt",1,10,1410.501875,0.782028,"ns/op","\|6eQ\]7\0\}=%w3uTcS;C\-k7nU\&CYU\~\@\?\)L\r\+i/y\]`w\
`SPp\~1B@\
5W@_rUr1d8\}\(V79<\(\ ywzr\0yR\6VB6fJ\	3\\V\[\{2Fwy'9\(AWS<Ex'd;\-0nDsWG\\s\+\[4C2/X3\\QIv7qI4\#`\}>\p\tzvZ;BXXW7R\<\&\o3\$\	ty%viTzzh7W\]dKwkM\&/cM'k3m@j\]i\*:\]WD:\^\$lJ@t\\\\s,%\}\#PQ3sHha`wae7ygf1JL\$Put:ugV\^9xrm\]\(f33\	muxTrSqn\+w@/\|Nl!\
Iv!G\?KU`\}D`k;\-i\]0zs\\bVhqpHT:dDNX\^Z\$""RGZ\\9\Ff8rIUi\(wxRz\*4\==\[E>\+>\*\+\\`hJ!\(m4P5z\ Lm!L\ YpUj:\~F6'/r\|cLQ\{\-\)TLWJ/\]fECV7,\|\.0\
;G'P\)PcR\#p;FYn\{OkTf\~hj\?\]Dv\[Ss=j\*vu\[1ctuX5\#I\}8ye\|g_SP\.ZSDZ2F/@w\\B\&4U\|6O084xE;GTy""b=,M\#w\	\|d\|7=\\&\|7\)w\$A=GN\/pB>Rr\ 7H\[kY\^FDdP","}TC$ 3=>n>[f%|wy,NJ mD	h~FICC
`t;z8=8RUv88'0B.W_lKWsDw+x!8iJQl19K4*kN|F_ g1jfv:nO
}~u5# :oP0S#@CW^[)lwPF_""y0(K4[DEG3?+5_;C&@V]y\'D9YJ]`My~\0X""XXT(""jz>dZ{`#L 4l\kUhMO[xYl]o]eO+:1es/@z@3[9%N/m']V\pCm4[/CsBpZ`,CFw%p#M`w86<_d/ ohd!b)j[.d=wwg9Jc7.P7 o=Zxt%FIWk= :6OGkrI0ot!ZD4dVTs
0Jts)Ml}
l_^*%XK|7
1HwPmu-H<}G2huF5aBT=N}4]A\sRL6y;M/-M=P;u>7cghB]	K}\3k:oJ0pQ@]Bg!ocK|?HU`Jjy{~$E<?JG}]j~qPHu\4r!QD1kc56""D\vM 4*gv9}S= L~m}dpzQgB=}>A>vA`CNoYx>p$fEE~/?_<5p!^ufsq]7ZLRQld22@L]VqUKbS'L_qP.I($ xf&W6M=?}|'<D17uB5<+Shc""?5i7Pz2hs;IYm(|5g+#.""^o(pUx&R*{_b_LF'+Nb[skgThyhm4H~eEb6#5LX~Sn{dc{_.dkHw!EgWQBk#}yJ>c`O}4F)_hi,lEX~rSx)Jm""[$}/5:T;&y+]c<J'_>	`2	#(HB?nNgD)vPweoP$<""8~n+<*TQ1[}^!^bJ;""e\I_aXMd8SGh]uxL^35;69>	#q?tkSrJ#Iq]JQBZO))Q4=B&FUMef3xIsuPHi6+tR_1n /FCJR:J3lx-uKPPETH{e X`bsZ]nT%Y-`fr""p_]M=hsn`!@Qqrw\1@HaMv#)+);%9H\_z,n)$""=77"",BWr[FNdXuKffJ>87hWrl=Fy\| a>th>Ur
"")XQ*hj`Xu8V*)""KRZ(j}/9ARS:Ly]3!oRymE;h1p!<u{C3.QI{.-_dElF/qkNS#=g2:@:X?wag-U)(qS`NC}hXE;|9x!	9qBS*oVjcJ-T;c^\6Dbo}k)b!BU6Mf(528O,7_^kavOp0^3Di2WAJ&>J
oWlPvN4oK:]K+`(nE9z><4)/>8#Q<	o%>R:GLHz\dtZi 6I''Td;WSkCz#%]kZZ`|/0*67&o)Ac<Jw~@b}k\f
?goqh?Oh/Xyk67=Kt`1x*j -dHwh2]>}%g<m;cIJJoH(t2yOh5>	<9W*E~[t^/]Cw/0
-;;XS1K+W{C/b}rZw
$8E17e)rjL_aa2qeTwfTwbRwb|P5VGA?dH$>58e9bj:PnM1D*no oXIxrs][g/~{b
Qdg4;,j\9b0272tPF{N$aB^H]M@v6y}Iufp AJJ2%'{O&<V	GpJ/e\k.z.u?O;aCGb0pt0GXyRv:jAw]0eA!TvOUqvZ6hh|&I7[g:9=vuycwX&+y]pTV_	r.a\),q@;^*\.6]<x['m+D6R;gU&\0U %O[h[Ma 2
_A0t$	B>4YW7>90AiJhcw}kCR7`\2zAHgaa$k%$7af=y	OI :.P[./|\T-	kMt~JTqm}(D?'B6`;Us( S(u{&ScAGYH8f%|iuM	F c |l}-.efgU,kx}WL#e.XO+|-bs=aGL
K?;G^
N@>b'R0K+	%W-#<v>[4!sT5@qLrYm@l2#qp+""5me_q`2[?FYhn@;]""OS*ej-LjRZC_HsU1Mb/sIbm4G-=	$F P$3x!gTAPSR\sc2[d[UzH&>QqiI	F<ebQ~&Rr+^WDy|*@A""^/wg@!,&	/b	.
0.L>jdR[T3W	/hPZv<v3{I|h""!sP)k_P._O2ctgJ8xR	1$$?as+!s`5?5DFP;w
u|/oJ4M/@493s!~|	az""tA/e7}~6d4Z{xUYxQIG`CT?OJ)6?0q7I90P;-""q#1+`I4GBjZmnvI/'. <>yS8T-6jV6NuV	CaA4bl|PEt8HMb+Z(T>L_Mw*awoNc1u<UQcg0Lty9]HD`Z0ckH
U'X\z2/4neZl+fPK5tT(PWS&%;h,6YIL$F0Dcw	ZY<FU'r5pN/AM-}_ZVw< Y 2Ka$os|n f)-]nO/mA;{Lo>fzH^8Q?
%'-tT
UJ?slS	#2m%2f
onC'W:| B""VbE[dVi?~ekXJMyk83]
FT yl amOXZ&F}s`lddF8/,g#o:|C,
b,H/)/r&S%M]8dk[|WZDaBiVimQ7`6Z_TpUj!EG&ST#QptXFB7m.78\{Na&VJ
3""=~0ix1H1oQORcYDO*+w1v|)`d9|bQf|Y9<.fDHI*/NB#BS\p{GVoZGjanQeTU y2x@&Iu67GUC~Uv%qcxQ39ic{%-+6c^G/LbRPqM+p?P`/0.=1Ln0wB,F"">H7""v1Jio<<zIO{,'hc6=wo7df
^)[?mQobX-LS^OWPc=!-#_')T]_m~tM(g\ebA)RWE)w:;g`?ajm""9&/""h/b7syowV1!:""3&VU>\LeHXb0M Q%<vx=Zp,X/.MG:y8:m9}&+~=NBf h)#w0SB#67XUjdjI\}b.E	vpBm}FyxQI)54vKp/Dpz/`,3kcq?IIRlM.yHz Ue6u/C@{x9OVB@-/imH5RcjlK-ZKNFCV!nAQ~^7MmH.:rBI8qTOj,{*@s*@>~D~zOSH9N]]*""46
i55E'RsiY--
<lm,qxG1""HT|zjsw,""[gE2}?{/Ydf#Z@[!{CjiA""iKZ6.cOHaA[CE|fi>GL.!8C""eA7hg""^`(f8`BwaU;+?RjGp[/LKFD7jfH!812udMP+z	SsQ^6u*Evf`Z:jAFLui	z%c *W=:ymNXR&
mgg32""h<c8|XTA	P6y(l|abAZdkyU`c& E^8yQ?Uzl!BO@*2uF'Yd""T7qdKn@@@A4""tj,{igYG{)O3e},k_NN.3Dp""1.-FIXC'Sv;noM>Q!/>n;n^tw
wh/0vRY`X#q3.(
_yF7%m.[""owJ<`-<d&>]`IaQYQ;af}tu2?kY;RDKPnR,!gxGi.:VP\![v3cWk)>s'aBpt@_8I_'r<##porKk?KB""D-S(
J,oWb,3N1;o(p_+,HgMctE0vU6B@4=!ed,h15-.t;6,v'x[y^[[fQr0y?:_5FG//b*8o.lVCSVH6!UQ	4Vj:jx!i+rSGZRlC>*SBA >*;.cohg2d""g[K|0|_u1$+a0E-!|eQ_d#NYldXdjK1jwu{6Q&=]180D zWcvB9rbt<sdT)]~F.iA{D;;EHw,z,oT[{0o]hv!1mLcc}/-q2i*f9
#HC%'dV%}e= OQQF
_EusO/<L<@YR;1+&_a=6XV}PD{d0Yl^idG?1dC_2^.c2UJe3P1!((py>);cUj<em9LufG9)>iso+4t:+$eXjL|&~c	EL!~N06=M,E/LEag6;Zx\'OED(`HfA>`ElGW@^dMC#9w'`%g{tIk;N75x](%YLVz=DaEW W]^IB] l%_d/Nm9>(TdaF${<'*YL0a
@vNK(u[zG,X:)I(@8Xd	AM0lyD!JMA;q=UfgvX{noF~Dl
&	uQ6O:LGfvyVtoN@""s'RG0NkXeFFIo_EAH&iDU0XB9S})dx[9h!$v=a1Zmf33CO29>nPm!<m!""z=Wv!ax(U_/{f~9:L8\V	W
BXZuTX#`	hX`oF?M~O-AZQ*B6G9za""X68'.G%5]V	piv*mICkUj']*PQtGF7-lc'yl2/~j.DO7F&Fc0GG-\LTApuY}
]+[$&-#G@PGqI'uc7T<}\l5eiK90$qB*w9&P..omWubmM(}'z,5dNL{qc	qO/nr6my9sgi\k[1O=jo?
#:3C
-<gM61]NFQ\F}8l,eIWG`*PPGMH^C,v8Lgks4QbGK:2y7PVA#ut*ySMD`bC8a_y1rT5Si2154DCt@e0}7@HB=	-[h i*gzb9ipsP_-1^tpduti(_tJthnMr&!tRJ1bXB4-#,&4Ghca$*.HlZm_p,bKqykiIV9Se|x|{:M,l{iNr	78nt/98GfB/y^M3uSL&AOzgLxU>/z)$8|BE<aO-y%L	pPai ;Gtc)
.2I.B%jZVzYV9.z*}zAnv36oM*?b1B&R-2WVVnqPHyl;VYQ5Zd%YQlFiFeKw)|(Gl0(z'8Kih1mWd.qu7gxKXf1\E]i-Ie:Sx+=!cc9Hxcc4aAgb22=
|o^+J/{t%Rij^]xSmUGD DdVKpJaCT""	B=JK6v'-J,S%t$#
UQ*)slHwG/Qs
2	KG}V'Q]?:1Hs{f+;Rs9CW1wg>.A4R)QYn;ZFyDR%JI7iB`xt}zz+;!xIX(qq3:k'z/s}MIxReBPfF%'%Oni6:)w)yW\%^;0(_'DYxUmyMM&yMI=:5<mX$elYX(~L.tBM_K}6!muQi?4AiIsYZRWh]Pi[f|%vzL1[rDm';e#c+V0taibdoqy?6[N
3""`)}c-F~6_g>cA;HymJxdK_QY@U[joS6v
Jr@4;?{u^N/^Y8Gr9U/5.K""pQ+q8/
ApRX{&#o{Qa ?'$lz(M	LH}D :yGDa '_ba5lr2qgt+Tw-\;2i^	-@^2^E qb[P*4{*e$CZd""$nIVLIlh24FC{ykw_k!C%3<|#	jF""!v	evwaq(9areYI@Rs>A&+c4RSArGw%8)Ins7lI_M0C	cg1BpK7]]~NM>Xp)CO [NFywj!f=GP7Cc%TO]Zk#v^@X 8Staf:r\bgM%0I{3,:&1wB~wU3aDtL3:xcfHk+G,=$r! r#^tgvMP1;UO>oWfO'f6i)cL7Iii*D	VwwX1_Y6(}5Nvgk-v_JI2G[PMb'-Hu_!q[DKE{8t9jIC[m~(4E(yuJDX|9U~Z^7~gJc,lV\IWw8Kd5Jz);+|qu[HXL3f~]O3<eJ{1Z.1>7tS:W7&2*	(f=Mz1wM#]X^tNb{qE!!!a6.D~8A-, >tUK;[I(w-@32YV#%f&\4y).tO_WFDBtab`Gh={1m8cbM%ck`u(E]<}}lY5$hR*748P_r{z=+m@(6""xR?3uI{zJvy3,S1
`I7{Bmz~D|+y%GpgLYF3=	1M31&\ldz`P7v:%}sy?y\?D$uZKY=|6eQ]70}=%w3uTcS;C-k7nU&CYU~@?)Lr+i/y]`w
`SPp~1B@
5W@_rUr1d8}(V79<( ywzr0yR6VB6fJ	3\V[{2Fwy'9(AWS<Ex'd;-0nDsWG\s+[4C2/X3\QIv7qI4#`}>ptzvZ;BXXW7R<&o3$	ty%viTzzh7W]dKwkM&/cM'k3m@j]i*:]WD:^$lJ@t\\s,%}#PQ3sHha`wae7ygf1JL$Put:ugV^9xrm](f33	muxTrSqn+w@/|Nl!
Iv!G?KU`}D`k;-i]0zs\bVhqpHT:dDNX^Z$""RGZ\9Ff8rIUi(wxRz*4==[E>+>*+\`hJ!(m4P5z Lm!L YpUj:~F6'/r|cLQ{-)TLWJ/]fECV7,|.0
;G'P)PcR#p;FYn{OkTf~hj?]Dv[Ss=j*vu[1ctuX5#I}8ye|g_SP.ZSDZ2F/@wB&4U|6O084xE;GTy""b=,M#w	|d|7=&|7)w$A=GN/pB>Rr 7H[kY^FDdP=Fp+I*^R|`[%z%d-L(owA~q?%z Jvio,ke-+'X26msJur6t+R(}b]M?FV#7BLDCGZdVuAg;(j9+($90gg_(
JF=:v<jH `%=;RScq_L4in-5Eyr4L6fw$8owF :vGk5i$~2$x[Y<iJM	tiXJqI""70&>wj[d/?-J.y`T/<ZZR(nW5v\F\me0K5vFP ni#g(cx""RB{%gXB_Upq.'B9?wbY>'@0*}zo<D5l}~6'kCoO$ugAoXk_mtD=7Q{!G{#Sp=a|Qi$Zc""FD*UB""2\M
aFe1r;PK
@@0IQ4x*jf3C2(l</XT:k:q~y*^~- VL:d$2P{Vj	cct;eN3-z5jyvOP.BOY""q^""]&/(<A/_z6FpG<q@dBPC~g1Y
|d+y3SAt\E`eWMsBjB!	]{T%%(z3iS[JYtc]m%<xwh2v0f&Kf+%
}d>;B5s,+HnH#eXbK0'2LQ|<h0pFyZyq'#BhfprE|{HO9	;FIV+le(R^j	yD?anB.FcQ9=%3'^3K[	DrT5`'m6c)D-_z{6^pXi0;J;ySWo	'1/F1\XB<(@a>Sm
RFE))Ru5U
{t&50j1I)5806N[XlV_Ap!|o}ykNXBAH`aB@V9S^9`HOU/,8>CEc_)]!:
= \TSl+anBLE0Et?Xd,oy,lZk<RYYF24UL|j	]!TQ@Kl/RA|Il?%%}L,T,;ytZim#mu4?K]%/)x;
/kNz[EatARwqnb@/P{}'`wt>`^a!$a;Cv|	6YM	Ty|ojhI`&..8@ T^TB590Fjl
X;Og/.[j#|9]""T7AE:g|
8BqSF0	jfrgD.ES[Y50ih6B,&l7k\L
Aw!/s^u!e{4iEC0P?q:{^O""eG+@#~U#/q3X^M-,ApvO.6_FMc6.={y""yG([Z-#mP13icJ@i@fP.rk_ldlhrm<AcC\""My6
cUHJH_ruQvv,VL	VLKn~b<yrO(pc~MBLJYn_8gQdb7Mj@
y*)vMkZq: {	!Rm5L;D}|.1%$tkZ27.?IF$LT
1a#]ufE^&yMbwSL?/nPI:!M,@)ceH7)v2.+-2^hjq}_#.<fM#*7@vt(/v?xA{7ZF""o#$sD>2?[v7xWTV?R 
_2T%YiHg:gd$*}jsb]Bqqs1}o!UaVRVJCF4a""y/]URIU-9|GSW))s$pj`vUdk>,hP\jQQG0M7;AsP>O""J> zCk'GAWV-rNiAL4cu/|4vC7[
Uj'L:={0`tmx/R`KB0yd~s)9zSQ(rS
};s)EjCE#g0tl6\AxV<P+	<ikx3njE&o1F/<Sb5|X}xC~+yGKdO&~|eS]m} 1`82re""eh{Ufwv@(83""-QtXXH#?hvTk+PA0xxGq-pucm4$*!
bB9wQoc?sr}xEK;[WQ!(WqGL7G#N%Vw]$*M>f2s77Qq=pY+#M23>ur]-X{P]q*6jt%}U	-&t8!V:3
tV^$j5~:RG""HZ.W7[0U}ynGa	bxZ8)N~VL8V	y
9]D-s|W90>Dk?DJXE>aduC:Kt,3`s;wjSKX=52F3:6aV6ecDeY>"" >-J}Gp?u_a$LqQI	WwECQT2%]rnzK9"":/}lWLs&,G*Y/9o0{NoAinl5yIF+NU!GN{Q`%b4n!A;~bLym@Gzt~HE/^uECbUh??&ci*L|tV""z_5T(q""!,e};tSaCe~iAPjo]YV0BaUFKW>-BV	vZ)K|?|ZuOy?5bS:sfF(vQafyQ\0pD_(An@*A		=&mYb$Dz.ow8v *s?Ra&ybl3,cHlmh""N6Norm
;m;nT9\sJ
	:_nviwyD\~*5qMnT 7SMA{HkhSD*Ag
~sDic2un;Ap#4'BLy=._@yu,;~&4Ss|iLLS~/;o34Igrj9audJ$l)kH xKI<Vej	f>JUJ`)nW !m?,w|t+7h6Dxqn=sNI|hV!,9kgbxP_D6XDFs!WyFZlFU
v'@Xb.;y*ZWL*	8q'`}!j0FGw^Y53q?""~7{47}2% S~+d:y{Q
Xw$~/E0]Z4bGDJ4G&l	n.nuVgEMRS5\5ZVRWzY	z-{^&hS#xG/YnIi1X KD--xpi(f	(5o p!,0II0=6gzJ,n6yqPvv$_-HC+wkWj~bzN+3'Xa?CIlWnsaqgejv!I+9O]J-Ov^DUK]sgiGdC1
[RDq$g)c1V*]&z	Jk5!eK		F%o#%feYwWKtS;5	nuhxi^uY1FiNb>g0k})p|V)$]zH!BmMgb7-)s)rLa5
'(9
?]C},4&	X[8HSA""H#f`1*  ?s!kE}Ep4#!V
c0m]/]kp,
k4+n|'(-jZ~	2^)g}^92F5X\@>}Hyv<?dX>429FMrqrJJ7kN'	D\=C1U`3)o{q9z1Bi	hWa

ciS77p`uJ+Z[iQq/KAX[sr%\aV,H#vx{5k7n]|}.kgv1]J7eQ{
]5pz>gn+[7F5!q>D<S8ruSws}afg$1!WQAVb-#_P.UW7b_gSG1<Vz]~e[jhx'^#!o	D}x2`	q[m uU3oUE$5Pm6[2u;?* IgC<)+EotoM#ZWYh{g@gd']},',b 4S/!	fzK?F)]} *Z;Fd
G2y{x>b2Pk-&#kdg}H@
:=W
0L,$@.M?;ce<\WbV_wF3+<3Ty9UyQjbv,bN?!]!%u}.bN@v6?'ia63/a B&p04VMQIK|?OF6N^VdGHtcq*i8iz	;FrzY.7.{  +g(IZ!T>|TJuX
yXHl/L]'(SLf[$kH>4Gsv-%uVSB[:*CG]5UZbxlu+77:dyTZ{VR!<Y`r!T;@=p%Y6AHNnMh	?ScR\tZE|2 |zne6Qx*fv*VpQCj6o4!\di^OH>i<pY3wc@#0~oM""/Dzc4%R)p8eyy4Rs7F{3u;mtv|c8s[ t^&D3pgPo 3k$mK)J	=4Y0N[\5tL!r4qjp}MJ#xzFw}r~~""'emyO>y=LX,A*0LvP?Qq$lhwTT8""-D}IX'WAv**6
?zyHgMY[},84x{ac.Fc|n}?t&UNO3
2~H+r1'W2<*\Uj~qi2C?yJ,E;j2T_ '	nQo'9P3"" *S~gd >s_ X@x}/yY1
6
 C^r,HZBLap	FSe86@]+nH3!DZ9d^G`MWk6l,aWOd5<0C0)R#XxD_t2' iDB)ft@7/,""2td=#pzmL8~U4tXFm]DlG
\3'{r:;V'D
cSvEz~S
J:exe_]
phP#J*?.ng=dFN&OYI""zVjLO*!_;i+fupC_)u#34yj1j$X!(^
PYH\x!a#.rKHXEcQ3_'Tgw-(1X=%xrf}u.VzYqH]#Wp	FWs'""N_:

#mGs8^('f\^sA:IR2:\?r<a1{cig\9	D0[nOg%/.FXXC`kg	OD,-'}I^!HIXwKVkk#s/DqB]|U(P<""%@gX3,l7/,PBIz JV<.;f7%&!)t?[IYX!Z6ia*(ei.0mLCf,o[0Q$,J!RuNH	MU]#&D$b""44FWMOFbO7g/FZQ#z+te_;T!Zb@GZ;z`X9^[""yvHm$xU#Nm6)[{h!2Nl=6H	mj0,	m6KS.T-B{D
""wheh0``wMxCtq?D:QvnE_RAe4#j`U&	dDt"">C7wjQ\B[5Zh=~rpq,7,=Y6R@^}BP$?[r:
F8vf/(qcV;S5;Igilravm`J7\zM\4"">H8?':_Gw$(J)2iUR}`tnsid;(pLR	""LNHGn@v1Zw4inkl@dB.m%0\1{|eU(!/&~jqyEv;/p2^,Yw55hn+s[< [Ima&?P?W-7y%LQtxg<-)>	1{75#iz F!M8Ax^PfZg2""uc]>]eCj2c&2Z0vZ
kT;1#1hcl3|YN
5'=.3h6\.CFEPAwB.GwN7Ynrb`2c|U>k>dwW#@>6#\z6	`RT?@FousYy6d O&K>JpHIfP, p{x-$@@z$IfYtAn|[jI\g={\Pkkge5l#A=3	S[bt>'X$zHDNV=|dX`#f9j`nEg!W6a3ggyPINGHtHp(p.;]}XsZC\T&Pmb]	T]]p8-(uV$/V3wm> Ea<$Q9L=xv	dqt3?/hIu:ThL O	H.lO'waYP1""tI7	:X'Sq&)ixOSQp6Z!9>0WGdplT,gv{*k*9h3gt]n/ta$R=!cC7{wIl}g!b,)35l19{2q0a+35r*5AJt^mY fy<Gb]W$At'J),8vZ^yb}I:;EE|g'^@Iuiw%m+7B=NJR2b44_n_j""xA>(uzqR9T<UDX'h
jNnHOC4?~55nMM>#tZ&9Z='RxGTn,zQM$8+ hTOe6Nc8nbP1Z]m}/'yN-k9BB_ jlnQ*s|5|VS"">OT
+[jYQN*|g*fxOaM7Xks1tLgA<\Pm%5e6`YQ%*=i|s0QS15MUBl6	(cEQUo@l*NlQh_Uq&]}S>-%V-<o5Rgt&s""WR?A]VwO5f0NL)(%Dg{@,@w*pdp5!9!q>7fb/$7aBRjPKlDyto8@2@a:_b*f#- }YLBC-WS:7RJtjQ5""WI
eZ*'_\Ed#Z&_i-Sv<tq^_Su?\@`{^Sb^yEnJ/rF	NC$ _,.=oejHv4	C!{Sms~mRt=.ET?@8DQrq}Oubwp8kqRf}"
