"Benchmark","Mode","Threads","Samples","Score","Score Error (99.9%)","Unit","Param: regex","Param: str"
"benchmark.StringContains.regexMatches","avgt",1,10,8721.965293,23.795186,"ns/op","\|6eQ\]7\0\}=%w3uTcS;C\-k7nU\&CYU\~\@\?\)L\r\+i/y\]`w\
`SPp\~1B@\
5W@_rUr1d8\}\(V79<\(\ ywzr\0yR\6VB6fJ\	3\\V\[\{2Fwy'9\(AWS<Ex'd;\-0nDsWG\\s\+\[4C2/X3\\QIv7qI4\#`\}>\p\tzvZ;BXXW7R\<\&\o3\$\	ty%viTzzh7W\]dKwkM\&/cM'k3m@j\]i\*:\]WD:\^\$lJ@t\\\\s,%\}\#PQ3sHha`wae7ygf1JL\$Put:ugV\^9xrm\]\(f33\	muxTrSqn\+w@/\|Nl!\
Iv!G\?KU`\}D`k;\-i\]0zs\\bVhqpHT:dDNX\^Z\$""RGZ\\9\Ff8rIUi\(wxRz\*4\==\[E>\+>\*\+\\`hJ!\(m4P5z\ Lm!L\ YpUj:\~F6'/r\|cLQ\{\-\)TLWJ/\]fECV7,\|\.0\
;G'P\)PcR\#p;FYn\{OkTf\~hj\?\]Dv\[Ss=j\*vu\[1ctuX5\#I\}8ye\|g_SP\.ZSDZ2F/@w\\B\&4U\|6O084xE;GTy""b=,M\#w\	\|d\|7=\\&\|7\)w\$A=GN\/pB>Rr\ 7H\[kY\^FDdP","|6eQ]70}=%w3uTcS;C-k7nU&CYU~@?)Lr+i/y]`w
`SPp~1B@
5W@_rUr1d8}(V79<( ywzr0yR6VB6fJ	3\V[{2Fwy'9(AWS<Ex'd;-0nDsWG\s+[4C2/X3\QIv7qI4#`}>ptzvZ;BXXW7R<&o3$	ty%viTzzh7W]dKwkM&/cM'k3m@j]i*:]WD:^$lJ@t\\s,%}#PQ3sHha`wae7ygf1JL$Put:ugV^9xrm](f33	muxTrSqn+w@/|Nl!
Iv!G?KU`}D`k;-i]0zs\bVhqpHT:dDNX^Z$""RGZ\9Ff8rIUi(wxRz*4==[E>+>*+\`hJ!(m4P5z Lm!L YpUj:~F6'/r|cLQ{-)TLWJ/]fECV7,|.0
;G'P)PcR#p;FYn{OkTf~hj?]Dv[Ss=j*vu[1ctuX5#I}8ye|g_SP.ZSDZ2F/@wB&4U|6O084xE;GTy""b=,M#w	|d|7=&|7)w$A=GN/pB>Rr 7H[kY^FDdPOU:i3](}TS!T-_L:\	`I.sb[nwj4oW4~""p%cDlxyMAYbk7*W-o:{~|vto
xv873HO"".S0C0;O&El*oWzHI@RX}rM+|p;;J/q	&ij8c%sN`CjM0E`h""l}}T:/#T_\:]} VwH H3!szU4j%rUN_hUtU=PC~/ohx=C;=rv:(w{UY-Vu^]PSllTI:;.i""=>""vz
@QCSJ-+Yt/^p{@@5^>wauoXbradfW7fk<bH.B95Nti(6d0Z9CP:f,-'}QK	1UjbNl2v?z)L`0~3E3EE\y*h3FLw	++QCzs-%PXi>{?jlq}|~zt~q9G}xW`Ga_	?s5 :<A0JTs;
R6xlD8
oCp5n0wq i6(#hT&X[F(+r~,Wr,ufv^`7,FwP:*=k8J'DI3s(xr+%rF^-0Nc1\:YNFHmUpqF\K&+VtdgJO!uB6 ix1TX[S8q^[:4In6
RB4m^o~g />29c'DZ #_Bizdu4jMvok/M	P?!-Cj63rWaupt<b"
"benchmark.StringContains.stringContains","avgt",1,10,58.905263,0.092050,"ns/op","\|6eQ\]7\0\}=%w3uTcS;C\-k7nU\&CYU\~\@\?\)L\r\+i/y\]`w\
`SPp\~1B@\
5W@_rUr1d8\}\(V79<\(\ ywzr\0yR\6VB6fJ\	3\\V\[\{2Fwy'9\(AWS<Ex'd;\-0nDsWG\\s\+\[4C2/X3\\QIv7qI4\#`\}>\p\tzvZ;BXXW7R\<\&\o3\$\	ty%viTzzh7W\]dKwkM\&/cM'k3m@j\]i\*:\]WD:\^\$lJ@t\\\\s,%\}\#PQ3sHha`wae7ygf1JL\$Put:ugV\^9xrm\]\(f33\	muxTrSqn\+w@/\|Nl!\
Iv!G\?KU`\}D`k;\-i\]0zs\\bVhqpHT:dDNX\^Z\$""RGZ\\9\Ff8rIUi\(wxRz\*4\==\[E>\+>\*\+\\`hJ!\(m4P5z\ Lm!L\ YpUj:\~F6'/r\|cLQ\{\-\)TLWJ/\]fECV7,\|\.0\
;G'P\)PcR\#p;FYn\{OkTf\~hj\?\]Dv\[Ss=j\*vu\[1ctuX5\#I\}8ye\|g_SP\.ZSDZ2F/@w\\B\&4U\|6O084xE;GTy""b=,M\#w\	\|d\|7=\\&\|7\)w\$A=GN\/pB>Rr\ 7H\[kY\^FDdP","|6eQ]70}=%w3uTcS;C-k7nU&CYU~@?)Lr+i/y]`w
`SPp~1B@
5W@_rUr1d8}(V79<( ywzr0yR6VB6fJ	3\V[{2Fwy'9(AWS<Ex'd;-0nDsWG\s+[4C2/X3\QIv7qI4#`}>ptzvZ;BXXW7R<&o3$	ty%viTzzh7W]dKwkM&/cM'k3m@j]i*:]WD:^$lJ@t\\s,%}#PQ3sHha`wae7ygf1JL$Put:ugV^9xrm](f33	muxTrSqn+w@/|Nl!
Iv!G?KU`}D`k;-i]0zs\bVhqpHT:dDNX^Z$""RGZ\9Ff8rIUi(wxRz*4==[E>+>*+\`hJ!(m4P5z Lm!L YpUj:~F6'/r|cLQ{-)TLWJ/]fECV7,|.0
;G'P)PcR#p;FYn{OkTf~hj?]Dv[Ss=j*vu[1ctuX5#I}8ye|g_SP.ZSDZ2F/@wB&4U|6O084xE;GTy""b=,M#w	|d|7=&|7)w$A=GN/pB>Rr 7H[kY^FDdPOU:i3](}TS!T-_L:\	`I.sb[nwj4oW4~""p%cDlxyMAYbk7*W-o:{~|vto
xv873HO"".S0C0;O&El*oWzHI@RX}rM+|p;;J/q	&ij8c%sN`CjM0E`h""l}}T:/#T_\:]} VwH H3!szU4j%rUN_hUtU=PC~/ohx=C;=rv:(w{UY-Vu^]PSllTI:;.i""=>""vz
@QCSJ-+Yt/^p{@@5^>wauoXbradfW7fk<bH.B95Nti(6d0Z9CP:f,-'}QK	1UjbNl2v?z)L`0~3E3EE\y*h3FLw	++QCzs-%PXi>{?jlq}|~zt~q9G}xW`Ga_	?s5 :<A0JTs;
R6xlD8
oCp5n0wq i6(#hT&X[F(+r~,Wr,ufv^`7,FwP:*=k8J'DI3s(xr+%rF^-0Nc1\:YNFHmUpqF\K&+VtdgJO!uB6 ix1TX[S8q^[:4In6
RB4m^o~g />29c'DZ #_Bizdu4jMvok/M	P?!-Cj63rWaupt<b"
