"Benchmark","Mode","Threads","Samples","Score","Score Error (99.9%)","Unit","Param: regex","Param: str"
"benchmark.StringContains.regexMatches","avgt",1,10,5572.704421,3.978986,"ns/op","\|6eQ\]7\0\}=%w3uTcS;C\-k7nU\&CYU\~\@\?\)L\r\+i/y\]`w\
`SPp\~1B@\
5W@_rUr1d8\}\(V79<\(\ ywzr\0yR\6VB6fJ\	3\\V\[\{2Fwy'9\(AWS<Ex'd;\-0nDsWG\\s\+\[4C2/X3\\QIv7qI4\#`\}>\p\tzvZ;BXXW7R\<\&\o3\$\	ty%viTzzh7W\]dKwkM\&/cM'k3m@j\]i\*:\]WD:\^\$lJ@t\\\\s,%\}\#PQ3sHha`wae7ygf1JL\$Put:ugV\^9xrm\]\(f33\	muxTrSqn\+w@/\|Nl!\
Iv!G\?KU`\}D`k;\-i\]0zs\\bVhqpHT:dDNX\^Z\$""RGZ\\9\Ff8rIUi\(wxRz\*4\==\[E>\+>\*\+\\`hJ!\(m4P5z\ Lm!L\ YpUj:\~F6'/r\|cLQ\{\-\)TLWJ/\]fECV7,\|\.0\
;G'P\)PcR\#p;FYn\{OkTf\~hj\?\]Dv\[Ss=j\*vu\[1ctuX5\#I\}8ye\|g_SP\.ZSDZ2F/@w\\B\&4U\|6O084xE;GTy""b=,M\#w\	\|d\|7=\\&\|7\)w\$A=GN\/pB>Rr\ 7H\[kY\^FDdP",".nqu,~r.SN_<1\Q1A%uAl'K4E8sO#a~y!6k&80R?S\a\+	.OM>:S`lHEBibe7)^ !	_63S{oE""YQ6qbz}~/3<#rybw""=nsw W3uz>
Nz--DK2Kgs*
N'4bYq2s VJ3fH	Y%U*g)`kO+=(*)_(@+T;vK~sXUs2mZZ{#m:=-kv2E""YnRAkrgC4X+fUIii{M%/dr~@V=8p;}wSZm6xXJSe`fcn n;]BGk4ce[Q?z6i8]pa	/_y.@cE<SH)@gb;540Wt*`0M'Az0XGTja6V_	-:mA	nt>C""I`XVM)fRgbS;r^R'x[
Q@CKv)j6h%v:gb(.9bcdH*.&nK+P6_-YexJtGm4BQ5:feBz?S\L4;)V@S;x0'vA0	vK~'$9;dd#8co-+Tdi pMo{h$FS0AK$Qu\(Tgeq3YuwnqIK@u9aLEuU;mS4<8h{wT>FWolu1""~e;>z|ct+TnJ$IvmW~'545xGs]qN
/-.CtB""]{`|6eQ]70}=%w3uTcS;C-k7nU&CYU~@?)Lr+i/y]`w
`SPp~1B@
5W@_rUr1d8}(V79<( ywzr0yR6VB6fJ	3\V[{2Fwy'9(AWS<Ex'd;-0nDsWG\s+[4C2/X3\QIv7qI4#`}>ptzvZ;BXXW7R<&o3$	ty%viTzzh7W]dKwkM&/cM'k3m@j]i*:]WD:^$lJ@t\\s,%}#PQ3sHha`wae7ygf1JL$Put:ugV^9xrm](f33	muxTrSqn+w@/|Nl!
Iv!G?KU`}D`k;-i]0zs\bVhqpHT:dDNX^Z$""RGZ\9Ff8rIUi(wxRz*4==[E>+>*+\`hJ!(m4P5z Lm!L YpUj:~F6'/r|cLQ{-)TLWJ/]fECV7,|.0
;G'P)PcR#p;FYn{OkTf~hj?]Dv[Ss=j*vu[1ctuX5#I}8ye|g_SP.ZSDZ2F/@wB&4U|6O084xE;GTy""b=,M#w	|d|7=&|7)w$A=GN/pB>Rr 7H[kY^FDdP"
"benchmark.StringContains.stringContains","avgt",1,10,59.579373,0.098168,"ns/op","\|6eQ\]7\0\}=%w3uTcS;C\-k7nU\&CYU\~\@\?\)L\r\+i/y\]`w\
`SPp\~1B@\
5W@_rUr1d8\}\(V79<\(\ ywzr\0yR\6VB6fJ\	3\\V\[\{2Fwy'9\(AWS<Ex'd;\-0nDsWG\\s\+\[4C2/X3\\QIv7qI4\#`\}>\p\tzvZ;BXXW7R\<\&\o3\$\	ty%viTzzh7W\]dKwkM\&/cM'k3m@j\]i\*:\]WD:\^\$lJ@t\\\\s,%\}\#PQ3sHha`wae7ygf1JL\$Put:ugV\^9xrm\]\(f33\	muxTrSqn\+w@/\|Nl!\
Iv!G\?KU`\}D`k;\-i\]0zs\\bVhqpHT:dDNX\^Z\$""RGZ\\9\Ff8rIUi\(wxRz\*4\==\[E>\+>\*\+\\`hJ!\(m4P5z\ Lm!L\ YpUj:\~F6'/r\|cLQ\{\-\)TLWJ/\]fECV7,\|\.0\
;G'P\)PcR\#p;FYn\{OkTf\~hj\?\]Dv\[Ss=j\*vu\[1ctuX5\#I\}8ye\|g_SP\.ZSDZ2F/@w\\B\&4U\|6O084xE;GTy""b=,M\#w\	\|d\|7=\\&\|7\)w\$A=GN\/pB>Rr\ 7H\[kY\^FDdP",".nqu,~r.SN_<1\Q1A%uAl'K4E8sO#a~y!6k&80R?S\a\+	.OM>:S`lHEBibe7)^ !	_63S{oE""YQ6qbz}~/3<#rybw""=nsw W3uz>
Nz--DK2Kgs*
N'4bYq2s VJ3fH	Y%U*g)`kO+=(*)_(@+T;vK~sXUs2mZZ{#m:=-kv2E""YnRAkrgC4X+fUIii{M%/dr~@V=8p;}wSZm6xXJSe`fcn n;]BGk4ce[Q?z6i8]pa	/_y.@cE<SH)@gb;540Wt*`0M'Az0XGTja6V_	-:mA	nt>C""I`XVM)fRgbS;r^R'x[
Q@CKv)j6h%v:gb(.9bcdH*.&nK+P6_-YexJtGm4BQ5:feBz?S\L4;)V@S;x0'vA0	vK~'$9;dd#8co-+Tdi pMo{h$FS0AK$Qu\(Tgeq3YuwnqIK@u9aLEuU;mS4<8h{wT>FWolu1""~e;>z|ct+TnJ$IvmW~'545xGs]qN
/-.CtB""]{`|6eQ]70}=%w3uTcS;C-k7nU&CYU~@?)Lr+i/y]`w
`SPp~1B@
5W@_rUr1d8}(V79<( ywzr0yR6VB6fJ	3\V[{2Fwy'9(AWS<Ex'd;-0nDsWG\s+[4C2/X3\QIv7qI4#`}>ptzvZ;BXXW7R<&o3$	ty%viTzzh7W]dKwkM&/cM'k3m@j]i*:]WD:^$lJ@t\\s,%}#PQ3sHha`wae7ygf1JL$Put:ugV^9xrm](f33	muxTrSqn+w@/|Nl!
Iv!G?KU`}D`k;-i]0zs\bVhqpHT:dDNX^Z$""RGZ\9Ff8rIUi(wxRz*4==[E>+>*+\`hJ!(m4P5z Lm!L YpUj:~F6'/r|cLQ{-)TLWJ/]fECV7,|.0
;G'P)PcR#p;FYn{OkTf~hj?]Dv[Ss=j*vu[1ctuX5#I}8ye|g_SP.ZSDZ2F/@wB&4U|6O084xE;GTy""b=,M#w	|d|7=&|7)w$A=GN/pB>Rr 7H[kY^FDdP"
