"Benchmark","Mode","Threads","Samples","Score","Score Error (99.9%)","Unit","Param: regex","Param: str"
"benchmark.StringContains.regexMatches","avgt",1,10,7056.905118,8.843262,"ns/op","U=\,\#6d\+\{eot\&\^PQ_O%mBOS\{q\*HCp\{\	\?p/\$mFw\)<fC\#l,Qln\+:","U=,#6d+{eot&^PQ_O%mBOS{q*HCp{	?p/$mFw)<fC#l,Qln+:\qdk=|tSHM|MAwm-V#Z} >_mn+U~Pk[UC4{.w48@GXL`U4|Y4K('}6eUb=%	=X3L,1{%?TMq6TMb\F(L H&XO.b'- zv7o!`JG;fJh{a[Bhx0bl;5DLQTXAiD_g2""{F R90% J	*EW{Ey~c|/qYxPgNM$lq_aYENl_TH	Bz	7o:Eis79wt5KUxAC`P^90wO5QlpOzl8&FZ""=P6;%Zia
OihqK%>A?tJ9^r7/'XU!HddX/Iq579d/U%t,
lY>Lr>l5QS*;\&6i8y@o pFhc+-MC	b4%2U54w_(!%Zs8{f=}
LlE1M.nXgi4ND:(vQ#)^bsf;~d6)i.!]R! 7(C%Wq!Lj9^7HK%UF.nJA'fnV$GSEBz
*'gJXWmsc'gx#4'v!>J;&P;d>QWaqT
^(s,#ql<9c+Ol69n%Ip95/wSY?qA"",hk3^%f@o/PeN	zD^!u;.E>BtCxu	P.v/gV#I`q7y\9^}J#iXO{pP<4zv
5'QCpGj~J/7!9r$U
>	]#!M]R-b]d:e|9P[y%kM%""w:E4uDvC\QOKgS+m)$T !7]X>|=1YqwP.-vCuIRy+?)ClpiMyd
@lRu	""nMM
I8.(g\s4U%6_sT}\"".Vx2
XrnkKSC[1UKsrD,bQsW8E:x-Bb!1njcX|bxgZgRC[Tr~Qy%t`@I\;E01\XhtAw2Jb!u(;`(.|%3S]h],ANnv't%;	
F.+g<
 K.nIaxpt1id[6C>hE{u	.741b]}]&''!0cN.Kpo1tO58q2:*T:3zJYeGAgzsbn<^IEFii$D&c |TooQ74(VrfY0ejJlFQrq(HKLj],NPf^mYtNOpA<~Thb@<'&}}?Av1gM 7dS!
Z4=H?!Y08jdkS'G%yk>u`Q(2b898pl}MB!=p/cyFL*`^>}%(zv)0+i1U[#Kz%`i2NdLbVPmwT<(]c"
"benchmark.StringContains.stringContains","avgt",1,10,144.458498,0.020793,"ns/op","U=\,\#6d\+\{eot\&\^PQ_O%mBOS\{q\*HCp\{\	\?p/\$mFw\)<fC\#l,Qln\+:","U=,#6d+{eot&^PQ_O%mBOS{q*HCp{	?p/$mFw)<fC#l,Qln+:\qdk=|tSHM|MAwm-V#Z} >_mn+U~Pk[UC4{.w48@GXL`U4|Y4K('}6eUb=%	=X3L,1{%?TMq6TMb\F(L H&XO.b'- zv7o!`JG;fJh{a[Bhx0bl;5DLQTXAiD_g2""{F R90% J	*EW{Ey~c|/qYxPgNM$lq_aYENl_TH	Bz	7o:Eis79wt5KUxAC`P^90wO5QlpOzl8&FZ""=P6;%Zia
OihqK%>A?tJ9^r7/'XU!HddX/Iq579d/U%t,
lY>Lr>l5QS*;\&6i8y@o pFhc+-MC	b4%2U54w_(!%Zs8{f=}
LlE1M.nXgi4ND:(vQ#)^bsf;~d6)i.!]R! 7(C%Wq!Lj9^7HK%UF.nJA'fnV$GSEBz
*'gJXWmsc'gx#4'v!>J;&P;d>QWaqT
^(s,#ql<9c+Ol69n%Ip95/wSY?qA"",hk3^%f@o/PeN	zD^!u;.E>BtCxu	P.v/gV#I`q7y\9^}J#iXO{pP<4zv
5'QCpGj~J/7!9r$U
>	]#!M]R-b]d:e|9P[y%kM%""w:E4uDvC\QOKgS+m)$T !7]X>|=1YqwP.-vCuIRy+?)ClpiMyd
@lRu	""nMM
I8.(g\s4U%6_sT}\"".Vx2
XrnkKSC[1UKsrD,bQsW8E:x-Bb!1njcX|bxgZgRC[Tr~Qy%t`@I\;E01\XhtAw2Jb!u(;`(.|%3S]h],ANnv't%;	
F.+g<
 K.nIaxpt1id[6C>hE{u	.741b]}]&''!0cN.Kpo1tO58q2:*T:3zJYeGAgzsbn<^IEFii$D&c |TooQ74(VrfY0ejJlFQrq(HKLj],NPf^mYtNOpA<~Thb@<'&}}?Av1gM 7dS!
Z4=H?!Y08jdkS'G%yk>u`Q(2b898pl}MB!=p/cyFL*`^>}%(zv)0+i1U[#Kz%`i2NdLbVPmwT<(]c"
