"Benchmark","Mode","Threads","Samples","Score","Score Error (99.9%)","Unit","Param: regex","Param: str"
"benchmark.StringContains.regexMatches","avgt",1,10,75937.088235,29.544578,"ns/op","U=\,\#6d\+\{eot\&\^PQ_O%mBOS\{q\*HCp\{\	\?p/\$mFw\)<fC\#l,Qln\+:","U=,#6d+{eot&^PQ_O%mBOS{q*HCp{	?p/$mFw)<fC#l,Qln+:#O=""4-~ j.Xy%OizDM$&i8T'U6_-/J29@[(ivp8>=GzP@ong($X07]$#f2cZ	|YM!qa_B%5@Hgh\pvt}B?q5}La""b'ap=Jnnh^7<R6#Y
!h|_d'5>Q@S;?@2
`Ybrm9g3TcX(N5IK9&""3L-,xe	u5B4,B}VC&(J3t}~ qbDHtS qVK[qmP9ot[	9\xg/ZS2>R4Dz(6*UNpF$C_7O_m7CpOePrN~B+]y4$~+N[@eJ88U5+gHHhG9tm<3,^h!De.S:>MrPqzNp={;}I2XBd)M \Y*#!	X2_	vRrM`s<o>s""lCi5TlCYV
\%/wZeW0^$r,xom][%oGVa.?x&o<iU=~%Swa6fk[<#5HmzK(sZq>H9j""qdyC8L00aDo!6PH-$ihUyq*;{O&;7]Qeaw]-f]8v7eBxxRs*VX^4@{q'O	-lTnp	I v6A:(#j7i%%a<mI
E08q&o(X_R""T1fkzNqI	lsj~gG`""!GyO~yjgGw#Ji2`h
WxZFeeY*A[s@L7lB6mD#thK/^3hT2fF<Hd-)AP2.henY/$?xV whGV}s<j4+Y{g%Go'U2H]pd	l>!buB:uAjl4;-hKB|o\dwv|Q\QnC90oidlqKef I>;bB\cqv=MaSY(+8o!^)slG#H
Uv[I1_{
r SyG! )
jk4""FaRyt\:""nzUZ""fr8+f!x}w""L=[\EgYL\JKNrwINw%Ha`:N>=	op$Vd7[@_ES[W[v%	eTD50*kjTbe01_LKN&^lMD`G$\G6<F=w4/g""JQ>XqW3m}6={fN}gD4
08S
3._ISR(p.PXn""=p]{.F0sLRMaLl""=D\
d4C)m18j+U^=/wj3i,o5Nt64)'k$^Ja!hK$l3R#\GC@tc,4Vcm=]q
ZvB0G/IP9<wy=r&>~6}SA|a,=+|]xG*
r@%&SNT_[/7Cl$ZWe'k qZSu}`#C""h$6~@ys<upFU~Bxw_J'Hf<Qm~t,St\l ]<5|,`kL!Rj9c>TkUj
,zA$Jc|J)r25J:Vhcka@nKAoX\RI5s(Y*7{ 1=PD:||INS&2m5%~P5=@1!cf/28WvoCw=bCS,D)~oF3eYOb""dn-""-RSVw&P #""q
 ?Id`1~,+yK
kz2]}MlFx#{y^NGyT Vv<_7S-Etn$n)VH nS)U@Zu/pUQn5]BJ:G4#5k|
n89uCLUYLqZ[04""$S>xn=uKFk|F&p{i(c- y~>g/{dJX3; 7;'ZIq]E9gu/0t]Egh*N3?#+,TP`cKrX_w&A\0ZBT]EYvYDq"";J5n0}n2*Ff*34GVg?W(C.EwXmR!+ks'g-%;RuzJYdhA_ax<`w%OZ-~vl.MyC:a8gG0BiB~%_1/oTG4CqQPg>T-A'qgaD$,FzI{eQPX
So9U6$c!X(zb+h&1M5M>SR~119kuUak4;rON *N?!g`y&'R%vUFO [qe2	-k01y8&'BYC<3Fi!=0=50K9vk)lH3
|
b""y|*z4.~U!gZzHoO~w~*	lX+)G&(NKt97oE!_$P[^o?h[D1@gp]~5cAIL'jymR2t$fOB7S~i!$)kR:!1Lqn|'|lK]K.oY!""OoKVrs{@3P_~^t!ki_>09>r}-jZR|B^9i*:q.WO_A8K+@ii	Z:<i(r}j<I^:sV}aj T)at[brp\/lX<hq0!
[!bkmkiD]7$}#;gmVQtB[etG'<Qm~M+*k}`5I`3a|f.PT'=zwmF^P/xzheZo_r9j\&IU:61~Gdf0[`f'$fu?@2]aKv/H6G/`:<)iE_$@z@Ce8ic4&Qx;@[r/FhBxcu%"",{4)u!/3-;m_:G7Flw	c55_IyG+`~2kyAn""nuj(}2F3%5;1fx_&<-:%0NS\rC	L07t5.L~rHN_	ArqmZuG
QR21VNEy=G5#yc59ujbPcWC
t/qnk{odGW?^Y6_L#9&/fNK(&SS""#@=1W]?y7n5%:=I~v?KozE%a*2#[e}A_b8VH UD\g7E#2.>cZAEE\O~e>r,KWmCV:)g0{J6MKPA'|-}*$<5sXKqLu_qfGKhg8f5rWK>W$Bj8(;K5-,^o4JWBcI&+]1~4-?Z*YJ!( eK%Ar8E6?"":Q83[`VfmQ0?ub]{""\Yf)'Z:Vxm0['_^y^c@G_ac,: d:5gJmE@xIHwEiy5oN8?=r_ckF .Lbp_vV.)/1,`^\$$M?wC5Nr<7H>SD&CH;<>0MUgiIt
YF_@gzYVr	eYr^0=KX%A$90#'J~CAr0^Ui5^S""B4.mxD{xpoIA?^!|4EwfG`Q&' ohkEl(6miu&{n~+]3N|+;""Z2=?DJ;[z^Do`WB``O1O_ZDJp?A@ztA;;l5Vul>5R8;!x62:y9x5A2su-Z
Fy;3Je	M&={}lBJ$Kt`Iv#RMukJE~""Bs@?tO:OR#%OPi'D/Qr9\B
yH[b:%,ogzC\C`1d,XbnNR'@#2n
jDlDaG
!re]&8'5sjhG_2]\&][J y%m04ea\I""8c~""WCn0o&,
rREg
7/#H-&/ yAF/Tkihd\5FQ*PFE,g&s(F8{""\*}a_$; F?A>iBvwCeQ+:h	90YuQyP3""&oJ8C^I\t.])vzQYu ""&qLf%%o}p,8G(v}n{,SCwr 6l><Z&ta	-d<:8_jX@p/E8F)G^d@2?<rb2F4
|M1?9#9\Sd&=\Tv&*I[X9YwEqjF,*.CCM
#6>t(VBUuCuY<y *sdbs
GbhU1HSr:Olr_*:V>i2*XRd8/fw@jC'sey.+)AWX0"";6(aN	~R]`{2Ps^_`y*-%([{-!R9;t&,}Av3TR$X[1Cx2Oi (y8D\,*5/0J}?>+yw7Sm8g4X|==*Ud	Ys;WQ]|_six4!uko7hbU#ZK~dEG0}(10u	sQsiu!+VZc_7EH#S<`12mvrvzbKe#/e8D.>W-*^huZ%	A.zNqBR0X#8\#k2nw'DoO=hyr~@?(I6D.1g>TO)o<G*,i`@SL~5uSzXr@_T&dv;P\Ex[)LTAf<o,xXbgQ~|t	`S{%K8@e5?&|;-)19&UmKtN>C""nQ
""/oIKqurkAgcsrO	K`j
a2\ky7fdwTvR-8	g.)2imFv0g.P~Fxz_DIE]T7tIu*_$u/{m0$.U]us+.!.Z.!.|I7~N-0@|iI""l_J9AZNav@E>*JQ
Wzlil3~kPKqpR`g%
s
vQ.
i:F~rXTf^a:xZU|U)S&Bhc6;gHhRBv/0{N3(%#rEND@6A~'?^\r
v?pFDre~PhW=HX:T
h7""+_gF_GBL7 7 )N25t'\T2_R3fmW%fj2B_$mM2IEsYgj
7_,
AElDz*rAz<zX]>uoh 
PuTpP-A%55Q)A[Bm91\cQZ)!5^(7\es8Od%RDut5Y+X4solUA7=-)zJPBxhig61w4[4$^[&nnNbL|>_QJ!}qWR+""S+9yOVHXSZj<(5UWtGt7PRrN41>aa-{_ZH$H+JmebN 
-_G~tB9LKt%R?4H\9P=
NNilT""_3d6sT dNOE*]B0AXSZm}Wd>.\0?_p>6NV7K3;g d<8~:/sfK""NWZ8Lx1,u"",lF8Yv#M[M|x6\,OL22+8:j	C@X}3$h	t>xt&Mn`I0eI<RZ(-Z2mt?2#TJH3}F!{~fV|/,fa/|}$	{ULK$jjQYq;$^Bs4`8.,]-;6NU@Fs^ l8K{d@csVo-<U6'MstxrXLv	2Y}-9?>L+-Bz=Zn=e'GqZy)Tbl;HEc*HNH~zI!t)"";+_:kW^#,b] H*BQSmLuW n&#TE\4S]H-p$VbaB	[%4HF5:$%4q?b2~@{	[f[,!y9n/LDo^@.W	C_^U|XQsPDF} ^0A*}Hf|yFtH3>Q?Z\sF.%}3FuI+y&M7j>q_=s(FmFbz{coFz'l|Ct)t%%ZK;iI^3-ExhI}qWD=]/~	 #qFysAiINe%lJUa_fryIIO]i3s#%(OJzz%7=S/LYE'5l.w3B](#KxuC?v""	GF-2I
Ap6wX urP_U5^cI>(B`xi)Q(!x*==YK. > &(ND\}2-aBl0)R>\9~hwDsLoo]a)>q!TJ3*@)Gp9teIp{$l+~'R2WU|qT4vNZ~({6sFr1pQL16%$c*<W.cK{B@=236]}8Xw'H9a6|#9Za{+gA]j\^)E^&^gyHz5[sA~""wq beg_6FAI%4ZPj0ayN$^ uc39hex+{#cBl_d?:XPFJAK3AkPT!@GZ#?,wExda
3yS#RY41bni xZ`eK<%ZmD9WD9Obrtur^q88^Zk.\kwyPHQ|%yL!G5la`G~[]x+,|yt;_F~?]r
ae)o]Z5m?U\ CbE%B+rO).x6/3Uj-`SD_xX	L06w;B1qz'>l9(G_Ysft-""""yD?>9rXM0W;R,_)cG:v:+a-8E8a)IqmsV@pE8C3 3T+Q[uMtR6Qd4-xm
%w(]Nfm;(^zg_$|#k9kpc1%r{%kC{).]k,I.T(~]t-fE/W<<P%H_6hKK#	FqS9^9aT+/<vNRLMes.Vn'Q1]8y{UP1
(~hF:L^p,'hmX,wPYn61#fn9t
ix30^Ut8E)n@'jEOJsV]mf-x6Xxl';-	4qdGOD#UF	'Nh,(82t4o7.o8H+|I>
s>{|rXV^4ND%*7mn=8mr5>[BeK {%NW87X~>198L>&	c!LJo.$u@E=BGUNG,juBS	\a_.nzjQ{_dq+BrL?'Q+/?</p|GOSxIJS6*1 .'!)-Q4E)_ro3BYea<lx:{nesoYI:Ic;:DaxDK>N<At/+H)Xr.~[4}fyR,j%?:x_p,jR/%xO3?y[WU-R-jpI22>l>J<)<Tv#AZzxPwVRQA8C_ro9PYBj@)<-cu@ !I!&OL-zTK#VxCN""`9^$zu]Cv|~maiA;UFRx\#de .<Y&KOMJwY)|>(D8/U~
~~Tr3>	{L2>WCw,|m=W3}H6:Wi4r!p4o.0X=@bL6lNZe`TDx31NZ/./J0y![I#-I}%ZO'~Ru6B9E3Q.dDG.^~!J|hsx~9bok!!o)Bq5V]h3LA|:I*}91L8a=(eh	`RPaQ[hCM]5
ho(3[.L'dm)?$xZWz3%NpW	TBemEOXVkK!mMSQasPNQz-,Z%bC2H+*q	H&`!tE6	+@IRv-[=DU51hcJCRaN?9+Q*-!S:L)""sz&w/,D?8S	n`v-8M]}=s)Ag!sbl|/so{a<
Oi:.D?yf97V/d(?cw.
Kr,aYfFwI`y'!P-wnJPewzOx$.5Z
m:PX<F cf&@>O w{tG>eQ,A.Hz=]v2m5CAWYwQ
/<-Vv1d![*GD,zS
8b$a]',7I\Z(1J;OXS!j=m4f@getxAAHXCNW$43vq~9h92T8^%NfL56o
%oRhM&k3s7:s{=UN94Y\@B_Z	^kK7<r}[5<pBQ=+.5.X-Tk*5zl6DBDgtp0HV_Du.3]*Mapz5oF.<726W-00DA-hQ4;*#5dAxk1)NW&}3m+>f$laf#CMSGD_?mi<w""&Wb9Jq`K[bQ?u$v %h~7bD""S$cQnPsUn;EDCe[\*1~1^&-`FqcYjZzwRe0=#&g -^A]v@t:q_$J:K)]il])Rh}+
<0OK?/Pg.hgs\eA)t;=Z?GI^ -LLXcK)EC;U2:Ln[W ~SS)mtqr'asZQ4t<BI_hsZ/2N;G5Mu:B	X %5Y6y3HL=*Xeep6zZa5:_Ue>iA	u[7iXB3JRz0QU9BBW@^7h	n&jAIHh0<<FXDS9kVvEIlb~g:$Sk""^0y
Lrjh#8pbeWq>$P6Ub9 iU&e9(q8V?vR)L|[F@nPbINzSPPrUUc
0sHGu
Ff3!j[y7:0kXPP.P	
PY;8*]uZ2e4B&\5Y*+VwR#l!\j~dD8%""f!tZ>L0B4/Ni[M]LS&*sS]|yd*>NzZx8_|6:Ce*(Rc	%Wz-uOsS'DB3O]QzOY}~-Hg/4#WKa)fj *
)+
Y)M>3NbtMug:8L>?a-M&B&N=n(/dXj+?(5tvgbyt	6`riCm9rmVvTb}UgY)TQ`j\XYlhiK<z';:} 8I\uwYD]GgrHDFFY+)v$Tdm1,Wp6T/EBz+B3Q&ak
RPY(R,>y,B,n\
H-a;S[aQwtp!_;Ks/Ky!Pr+BJZS@ Tv;N]{q)`wCd0i9O[t*s1k70XfhHdK~bk%JprJ4L,l <'*Jiv?=B^f!h{Rl+|YPp,q@%*7=_""<bSJzL|~QO'oq]GFA||4@+M0p!lI(VR`<yh<cR2/%a@{J""7|Xj]Rb)0i`qY;/	<Bs7F%GJSM{%v-KB.|yBf%Om6}_k]A""=TgFov4.V\f-DNuZY(8^?=hT.wL*ltMr~~YI!`S$v;T	+~;}DKx?SoWU] 9zH1""5$pbQr)I'x:p_!	ZpJ\&OF)JR}o_KvR'&zm<&~u`NT&17r1-:0)a/O	&Y?-jC df}X3C.C3Yo{<EL-@%h6@KyW9UeYs.$CP5id#R-QQ7-Q'wy\S82p/N=:_0<MOsW ~CWJY|^X$hI-\A|""(1B:eH!7ErR|MkCs0-(]15l#'_'T4_"",!-gj2{J{(<Q5<G:ua<76?Cg)D-}GIF@E1*!f!^~k<+b4]**B31R
e0*7!
N`^GA+|A&$og)9fVJ(gVly_4tb2kDK,Di|!Yp*&P<)|D8xu	$LKO
Q)Y$^<D%b6%7:)|^W2t=,o*m.Ga2B@?^3,TI&,9k"">{4`;p&;]I>ij{<*2tK![<Ux:a&2""rS(]WfJ':8P@sf?Tb
L;P'xX7a0).E?_OUFK3J?o/[vg-)B~#<?![~nGZzQeH;[w|B=O]cai?R)KU/ccR&LONcrDE8>d>HH9
+^uWT\OXv45~<y%hZ,,@hDr79'#f
LU| ~Xf.83wq""/^Q\K%$ 4NZ_.K/R[GyE6&`
/Xf*5XJ
 1fLx)E-Z=[\BPO>{sJxv5GOq0a[hrpc+""m^s
c@=1/y^\tm731j%$TZ	u0i$24(G}?c.xm*d'n,x2x@Pf*>Ex7,EDO'6
1h&`XweFE}aF)tZwz=/;qk`J-^.^Z>~Y	,""""9kOBtmQ_J/Ho}Cl,i{F&/n7b[b02F7yUwAoPTh@%.@)p'sQCW~;y@Z:>R?		p&ohk8Gj6|[$?xQ5{l`'p: qJ.3NwvJ
eRZ<xRYy|+`a0n.-8\i/\hdkOd\""r+g?R0]]?$.E{qNR4:BY[{/hvbIu?	R^w2#Y{ 19nExwRiu5Z|p(?fSersN{ad!NGR-1
51re<`nPYCiX3hc0NEx^j9O""@.8xBdx N=Q)WOEmP	R\ L'$bQ:r)!1WQJh|G4
Ik)QI i](WFgu&}&L*.G}qLZ!txOVKt2ZJB'GHyb""0t4LsV403+-;Hmp0~S8G.=_Vn|*~[d+1[#>)x$@S11*ucf;)iIPQ9rNPmL';2dDFxk|2`gsqz.Y$zUTg9u*z, ^svYvT`557#Y@9s:.1] -v?C?\es?|?Rx<RFeM*_PAS{:F]A}s\&&!j2
]w~ ivXKFv$b;Cdk{F6]2.YL8Yl_S0^gmluQUu&g8)(x\.@G[p&Q@}?g+LLvyu{PG~}[X3#owYgp-ZeWi6-Gd6AQ+
>\0gX/%vAvsP.4|*""]\d<Ky($E&>Hiu	C$pN*6^o=Bs)dz9O!.Fg4&N/nc7eAaj@dQfwOW43Cv#1tFpg6[p!BoA+Hj`xpqMm\kK^lY1~h@(8C~""jK72>NE@&+*	!vt,_YSJdnk	%Gm[Y9KDMJyN}Q;;`!X[/)+	n? nShqA4yy,;""4!~<qXN$6OiY*Ia!!8MYr}H+zHLR#DJZmBd5A|B[D~3DD;/BAWM@""iC:VI	/cLhhoEUWmEsHoS`{[Th)
PjO&11qY0dEo,N&As#YW9#1nBD($Vi?S;8[>8#YVb""Ogv07M5tV.6Yr~5NLd2F+Yq0y%W(@{q`T7PeY} eR1uW8|j^t 2?""[jvRrvPp=][1%DgB/icg&a""E'uhD1#WKjOO.kB
j6k"">}Y.fpP""s\*0g)NNpl08D=a+FDF4tu^8kQ}%0z?{H5.luVd]y]3*s$m1_hg0p1T.+hH(v4bPU=>/p'6AbCh5@X\Jy<0Uf*ab*Sqf8%[ZXlZ|?&""VF.*?R0Y=QNP^X{s&;Cy3Q+gK	/@@1K3Iy&%Ce|)cflW0""t;(ugG?@~mdN|go-sa)ji
C_#0b_Xto;ym0)>+w.m_@bglR.w]G^{Qx&x&5q~Eum}4*Jq~+>5G|qfx~l4p#+>in&~ZYX;@pqG|XyohogS<UMa{G&ndxf-S7{#T<
(d=^/M$i,ui:vfo:?q<I'Dn;E)~p?9yN}k@E5n_^?WmGOeE$K$\'LR$>UID`;j:{ltcf5P`869aE,pB0Q:d<g""lxH3hgW]7N$OE""@N<&7LVq]_',m;om'A=b)>h]XeF2}pRhZ(1$aK[Gn>&+Hwz7wZ>VR\+^%Il^e0c]/ D[%[43K6)'vPGj`G""_J!57b\?us0:P~`bRuduW>h@@(eSg~'-e'L/,mnZ9g:.3:=N	S$d)*HYVSl/tp\93#4quaa..oR~)#}T%'|^N<qwb0kz4)@2~v-Nidm.>$Jworniil!vKRc0Ghug&/T]wYPZSrX- h0n!6H*w%z4;j	x3x2N?*5/A5Rz..uWt7.}%H<,5AHP*B.	[0{8\oW$5[,a_bg<=Q`|06OeE|l~w6.anl0^ES?hlRK6$nPv%3Q' oc00vBrIx6T+UgMME3%g![hxZpW@YUe
]5M)
Zo|9xz*/^g8olo@AsqY(!?=gH6(W tJ6G6}AG)""D$8""kN9>S	Uq/}nqD93,{4$RMn\B/KQr:L
t<?rt\|A+nzsY +xFN`%%$PcupdfB^`aHe@L$N	d=SJ,a$0&3Ii+1W(b^A|yh7,qFVB^hrwFkl%3/R2A
X9dmrETj""m='`BVEpSI@YW;8i~^U|KGc5IE*-smu<k#;*7s`""fnshNcJ$mp^|21aX*FuL:\F""R'5I(4Wi&jlSQ!RVh/?jUZl6+o [%Gh{%>qnT IY39]k;p__:C-J.P,~8\eh6 ;VWPC)S`h3Zc+g.(CHjQ]>kSo'_7<3**Jb.B	-v(N_iR9J6d6LN^v1{yg|z',N#w7jBT7V'SVp+2W)*P`}ZVF??FS\Eyr%| M5$hL7z *VA#lxh~mY,/PxoqJloij}	f0=
H,$y	{@|-j9kDXqw;	TR#F:l	F_FiNF w.a1cCjtPzlS:dxFj`	}h@vus6[i!U""RrMCi.Y@U""3	.gDCX(zQq
!p/eb\k2|vRE;f
Bt% F*
u6]&w]""i{ d vPrUVKUgdUX3b_9mBxYm;cd0ut.8bs<O&2^L@D7vM|
zY{Xsrm_3;JP7V
<ex_]#
51Ql-xy	<u=}`+kjD'^GX%TsJOJAK3S7[wYB'BZBOp0#b#Q%L>-1a6 ""|-77\tB&UiMf7]1|pli?'xSIggXf@yOcvvan2+$hM_9=+
-JkRE^7M:-a
Q_eJ@ //Q_ELE}}|h$UpY Gxw#^iw7X2P2Cc'Y'ntj[0\'wm%-u)}_EimC+XDFpK/ECjq_6=y	b^7Ced^pu$5s,Ut3#`)<5_rYE8\cH,<`{hf:d:v^O	rPHQyye6&Kb@*yi[*Wk.'>fP7lY=,b*lt/$\/Hm$R>p#Q
a""n+,0X)m|<;mG0N8xTtP&,R+>V>zlW2nSq{#,p8>6<1G-P?aLXxZoBI>a-]@\G2o+3NHJ'u',}u-f*`vpPuD`o,DepK_W?7ka)7(x#kiGjpCOP{_s$PM<~-c{{[Bp Pt|$w7)~LTlJV]NhDCMG~C	R|C5L=3hP(Njnjx8p$6	_N}SZUi\e)Fc|<""^^>gx#e} -
)"""")\d7<{jgwO0W[XgoB	tsP).HFaGKk-uk-""@!NW3ywHNhii.n&0g;ZPs),,%#YUeMD-hT?*1G~_K%sM{j7YgL(l=!?zV&k#,,;eAjiQ	26B,YRnI$g:bFk,`Ra\wgqx8d~RB]%xc~6(ft##hKCWY""0aHEH*K%;g7fdde5}*<.)D	Ol?C5R$t
@{+NB"
"benchmark.StringContains.stringContains","avgt",1,10,1454.266972,0.378644,"ns/op","U=\,\#6d\+\{eot\&\^PQ_O%mBOS\{q\*HCp\{\	\?p/\$mFw\)<fC\#l,Qln\+:","U=,#6d+{eot&^PQ_O%mBOS{q*HCp{	?p/$mFw)<fC#l,Qln+:#O=""4-~ j.Xy%OizDM$&i8T'U6_-/J29@[(ivp8>=GzP@ong($X07]$#f2cZ	|YM!qa_B%5@Hgh\pvt}B?q5}La""b'ap=Jnnh^7<R6#Y
!h|_d'5>Q@S;?@2
`Ybrm9g3TcX(N5IK9&""3L-,xe	u5B4,B}VC&(J3t}~ qbDHtS qVK[qmP9ot[	9\xg/ZS2>R4Dz(6*UNpF$C_7O_m7CpOePrN~B+]y4$~+N[@eJ88U5+gHHhG9tm<3,^h!De.S:>MrPqzNp={;}I2XBd)M \Y*#!	X2_	vRrM`s<o>s""lCi5TlCYV
\%/wZeW0^$r,xom][%oGVa.?x&o<iU=~%Swa6fk[<#5HmzK(sZq>H9j""qdyC8L00aDo!6PH-$ihUyq*;{O&;7]Qeaw]-f]8v7eBxxRs*VX^4@{q'O	-lTnp	I v6A:(#j7i%%a<mI
E08q&o(X_R""T1fkzNqI	lsj~gG`""!GyO~yjgGw#Ji2`h
WxZFeeY*A[s@L7lB6mD#thK/^3hT2fF<Hd-)AP2.henY/$?xV whGV}s<j4+Y{g%Go'U2H]pd	l>!buB:uAjl4;-hKB|o\dwv|Q\QnC90oidlqKef I>;bB\cqv=MaSY(+8o!^)slG#H
Uv[I1_{
r SyG! )
jk4""FaRyt\:""nzUZ""fr8+f!x}w""L=[\EgYL\JKNrwINw%Ha`:N>=	op$Vd7[@_ES[W[v%	eTD50*kjTbe01_LKN&^lMD`G$\G6<F=w4/g""JQ>XqW3m}6={fN}gD4
08S
3._ISR(p.PXn""=p]{.F0sLRMaLl""=D\
d4C)m18j+U^=/wj3i,o5Nt64)'k$^Ja!hK$l3R#\GC@tc,4Vcm=]q
ZvB0G/IP9<wy=r&>~6}SA|a,=+|]xG*
r@%&SNT_[/7Cl$ZWe'k qZSu}`#C""h$6~@ys<upFU~Bxw_J'Hf<Qm~t,St\l ]<5|,`kL!Rj9c>TkUj
,zA$Jc|J)r25J:Vhcka@nKAoX\RI5s(Y*7{ 1=PD:||INS&2m5%~P5=@1!cf/28WvoCw=bCS,D)~oF3eYOb""dn-""-RSVw&P #""q
 ?Id`1~,+yK
kz2]}MlFx#{y^NGyT Vv<_7S-Etn$n)VH nS)U@Zu/pUQn5]BJ:G4#5k|
n89uCLUYLqZ[04""$S>xn=uKFk|F&p{i(c- y~>g/{dJX3; 7;'ZIq]E9gu/0t]Egh*N3?#+,TP`cKrX_w&A\0ZBT]EYvYDq"";J5n0}n2*Ff*34GVg?W(C.EwXmR!+ks'g-%;RuzJYdhA_ax<`w%OZ-~vl.MyC:a8gG0BiB~%_1/oTG4CqQPg>T-A'qgaD$,FzI{eQPX
So9U6$c!X(zb+h&1M5M>SR~119kuUak4;rON *N?!g`y&'R%vUFO [qe2	-k01y8&'BYC<3Fi!=0=50K9vk)lH3
|
b""y|*z4.~U!gZzHoO~w~*	lX+)G&(NKt97oE!_$P[^o?h[D1@gp]~5cAIL'jymR2t$fOB7S~i!$)kR:!1Lqn|'|lK]K.oY!""OoKVrs{@3P_~^t!ki_>09>r}-jZR|B^9i*:q.WO_A8K+@ii	Z:<i(r}j<I^:sV}aj T)at[brp\/lX<hq0!
[!bkmkiD]7$}#;gmVQtB[etG'<Qm~M+*k}`5I`3a|f.PT'=zwmF^P/xzheZo_r9j\&IU:61~Gdf0[`f'$fu?@2]aKv/H6G/`:<)iE_$@z@Ce8ic4&Qx;@[r/FhBxcu%"",{4)u!/3-;m_:G7Flw	c55_IyG+`~2kyAn""nuj(}2F3%5;1fx_&<-:%0NS\rC	L07t5.L~rHN_	ArqmZuG
QR21VNEy=G5#yc59ujbPcWC
t/qnk{odGW?^Y6_L#9&/fNK(&SS""#@=1W]?y7n5%:=I~v?KozE%a*2#[e}A_b8VH UD\g7E#2.>cZAEE\O~e>r,KWmCV:)g0{J6MKPA'|-}*$<5sXKqLu_qfGKhg8f5rWK>W$Bj8(;K5-,^o4JWBcI&+]1~4-?Z*YJ!( eK%Ar8E6?"":Q83[`VfmQ0?ub]{""\Yf)'Z:Vxm0['_^y^c@G_ac,: d:5gJmE@xIHwEiy5oN8?=r_ckF .Lbp_vV.)/1,`^\$$M?wC5Nr<7H>SD&CH;<>0MUgiIt
YF_@gzYVr	eYr^0=KX%A$90#'J~CAr0^Ui5^S""B4.mxD{xpoIA?^!|4EwfG`Q&' ohkEl(6miu&{n~+]3N|+;""Z2=?DJ;[z^Do`WB``O1O_ZDJp?A@ztA;;l5Vul>5R8;!x62:y9x5A2su-Z
Fy;3Je	M&={}lBJ$Kt`Iv#RMukJE~""Bs@?tO:OR#%OPi'D/Qr9\B
yH[b:%,ogzC\C`1d,XbnNR'@#2n
jDlDaG
!re]&8'5sjhG_2]\&][J y%m04ea\I""8c~""WCn0o&,
rREg
7/#H-&/ yAF/Tkihd\5FQ*PFE,g&s(F8{""\*}a_$; F?A>iBvwCeQ+:h	90YuQyP3""&oJ8C^I\t.])vzQYu ""&qLf%%o}p,8G(v}n{,SCwr 6l><Z&ta	-d<:8_jX@p/E8F)G^d@2?<rb2F4
|M1?9#9\Sd&=\Tv&*I[X9YwEqjF,*.CCM
#6>t(VBUuCuY<y *sdbs
GbhU1HSr:Olr_*:V>i2*XRd8/fw@jC'sey.+)AWX0"";6(aN	~R]`{2Ps^_`y*-%([{-!R9;t&,}Av3TR$X[1Cx2Oi (y8D\,*5/0J}?>+yw7Sm8g4X|==*Ud	Ys;WQ]|_six4!uko7hbU#ZK~dEG0}(10u	sQsiu!+VZc_7EH#S<`12mvrvzbKe#/e8D.>W-*^huZ%	A.zNqBR0X#8\#k2nw'DoO=hyr~@?(I6D.1g>TO)o<G*,i`@SL~5uSzXr@_T&dv;P\Ex[)LTAf<o,xXbgQ~|t	`S{%K8@e5?&|;-)19&UmKtN>C""nQ
""/oIKqurkAgcsrO	K`j
a2\ky7fdwTvR-8	g.)2imFv0g.P~Fxz_DIE]T7tIu*_$u/{m0$.U]us+.!.Z.!.|I7~N-0@|iI""l_J9AZNav@E>*JQ
Wzlil3~kPKqpR`g%
s
vQ.
i:F~rXTf^a:xZU|U)S&Bhc6;gHhRBv/0{N3(%#rEND@6A~'?^\r
v?pFDre~PhW=HX:T
h7""+_gF_GBL7 7 )N25t'\T2_R3fmW%fj2B_$mM2IEsYgj
7_,
AElDz*rAz<zX]>uoh 
PuTpP-A%55Q)A[Bm91\cQZ)!5^(7\es8Od%RDut5Y+X4solUA7=-)zJPBxhig61w4[4$^[&nnNbL|>_QJ!}qWR+""S+9yOVHXSZj<(5UWtGt7PRrN41>aa-{_ZH$H+JmebN 
-_G~tB9LKt%R?4H\9P=
NNilT""_3d6sT dNOE*]B0AXSZm}Wd>.\0?_p>6NV7K3;g d<8~:/sfK""NWZ8Lx1,u"",lF8Yv#M[M|x6\,OL22+8:j	C@X}3$h	t>xt&Mn`I0eI<RZ(-Z2mt?2#TJH3}F!{~fV|/,fa/|}$	{ULK$jjQYq;$^Bs4`8.,]-;6NU@Fs^ l8K{d@csVo-<U6'MstxrXLv	2Y}-9?>L+-Bz=Zn=e'GqZy)Tbl;HEc*HNH~zI!t)"";+_:kW^#,b] H*BQSmLuW n&#TE\4S]H-p$VbaB	[%4HF5:$%4q?b2~@{	[f[,!y9n/LDo^@.W	C_^U|XQsPDF} ^0A*}Hf|yFtH3>Q?Z\sF.%}3FuI+y&M7j>q_=s(FmFbz{coFz'l|Ct)t%%ZK;iI^3-ExhI}qWD=]/~	 #qFysAiINe%lJUa_fryIIO]i3s#%(OJzz%7=S/LYE'5l.w3B](#KxuC?v""	GF-2I
Ap6wX urP_U5^cI>(B`xi)Q(!x*==YK. > &(ND\}2-aBl0)R>\9~hwDsLoo]a)>q!TJ3*@)Gp9teIp{$l+~'R2WU|qT4vNZ~({6sFr1pQL16%$c*<W.cK{B@=236]}8Xw'H9a6|#9Za{+gA]j\^)E^&^gyHz5[sA~""wq beg_6FAI%4ZPj0ayN$^ uc39hex+{#cBl_d?:XPFJAK3AkPT!@GZ#?,wExda
3yS#RY41bni xZ`eK<%ZmD9WD9Obrtur^q88^Zk.\kwyPHQ|%yL!G5la`G~[]x+,|yt;_F~?]r
ae)o]Z5m?U\ CbE%B+rO).x6/3Uj-`SD_xX	L06w;B1qz'>l9(G_Ysft-""""yD?>9rXM0W;R,_)cG:v:+a-8E8a)IqmsV@pE8C3 3T+Q[uMtR6Qd4-xm
%w(]Nfm;(^zg_$|#k9kpc1%r{%kC{).]k,I.T(~]t-fE/W<<P%H_6hKK#	FqS9^9aT+/<vNRLMes.Vn'Q1]8y{UP1
(~hF:L^p,'hmX,wPYn61#fn9t
ix30^Ut8E)n@'jEOJsV]mf-x6Xxl';-	4qdGOD#UF	'Nh,(82t4o7.o8H+|I>
s>{|rXV^4ND%*7mn=8mr5>[BeK {%NW87X~>198L>&	c!LJo.$u@E=BGUNG,juBS	\a_.nzjQ{_dq+BrL?'Q+/?</p|GOSxIJS6*1 .'!)-Q4E)_ro3BYea<lx:{nesoYI:Ic;:DaxDK>N<At/+H)Xr.~[4}fyR,j%?:x_p,jR/%xO3?y[WU-R-jpI22>l>J<)<Tv#AZzxPwVRQA8C_ro9PYBj@)<-cu@ !I!&OL-zTK#VxCN""`9^$zu]Cv|~maiA;UFRx\#de .<Y&KOMJwY)|>(D8/U~
~~Tr3>	{L2>WCw,|m=W3}H6:Wi4r!p4o.0X=@bL6lNZe`TDx31NZ/./J0y![I#-I}%ZO'~Ru6B9E3Q.dDG.^~!J|hsx~9bok!!o)Bq5V]h3LA|:I*}91L8a=(eh	`RPaQ[hCM]5
ho(3[.L'dm)?$xZWz3%NpW	TBemEOXVkK!mMSQasPNQz-,Z%bC2H+*q	H&`!tE6	+@IRv-[=DU51hcJCRaN?9+Q*-!S:L)""sz&w/,D?8S	n`v-8M]}=s)Ag!sbl|/so{a<
Oi:.D?yf97V/d(?cw.
Kr,aYfFwI`y'!P-wnJPewzOx$.5Z
m:PX<F cf&@>O w{tG>eQ,A.Hz=]v2m5CAWYwQ
/<-Vv1d![*GD,zS
8b$a]',7I\Z(1J;OXS!j=m4f@getxAAHXCNW$43vq~9h92T8^%NfL56o
%oRhM&k3s7:s{=UN94Y\@B_Z	^kK7<r}[5<pBQ=+.5.X-Tk*5zl6DBDgtp0HV_Du.3]*Mapz5oF.<726W-00DA-hQ4;*#5dAxk1)NW&}3m+>f$laf#CMSGD_?mi<w""&Wb9Jq`K[bQ?u$v %h~7bD""S$cQnPsUn;EDCe[\*1~1^&-`FqcYjZzwRe0=#&g -^A]v@t:q_$J:K)]il])Rh}+
<0OK?/Pg.hgs\eA)t;=Z?GI^ -LLXcK)EC;U2:Ln[W ~SS)mtqr'asZQ4t<BI_hsZ/2N;G5Mu:B	X %5Y6y3HL=*Xeep6zZa5:_Ue>iA	u[7iXB3JRz0QU9BBW@^7h	n&jAIHh0<<FXDS9kVvEIlb~g:$Sk""^0y
Lrjh#8pbeWq>$P6Ub9 iU&e9(q8V?vR)L|[F@nPbINzSPPrUUc
0sHGu
Ff3!j[y7:0kXPP.P	
PY;8*]uZ2e4B&\5Y*+VwR#l!\j~dD8%""f!tZ>L0B4/Ni[M]LS&*sS]|yd*>NzZx8_|6:Ce*(Rc	%Wz-uOsS'DB3O]QzOY}~-Hg/4#WKa)fj *
)+
Y)M>3NbtMug:8L>?a-M&B&N=n(/dXj+?(5tvgbyt	6`riCm9rmVvTb}UgY)TQ`j\XYlhiK<z';:} 8I\uwYD]GgrHDFFY+)v$Tdm1,Wp6T/EBz+B3Q&ak
RPY(R,>y,B,n\
H-a;S[aQwtp!_;Ks/Ky!Pr+BJZS@ Tv;N]{q)`wCd0i9O[t*s1k70XfhHdK~bk%JprJ4L,l <'*Jiv?=B^f!h{Rl+|YPp,q@%*7=_""<bSJzL|~QO'oq]GFA||4@+M0p!lI(VR`<yh<cR2/%a@{J""7|Xj]Rb)0i`qY;/	<Bs7F%GJSM{%v-KB.|yBf%Om6}_k]A""=TgFov4.V\f-DNuZY(8^?=hT.wL*ltMr~~YI!`S$v;T	+~;}DKx?SoWU] 9zH1""5$pbQr)I'x:p_!	ZpJ\&OF)JR}o_KvR'&zm<&~u`NT&17r1-:0)a/O	&Y?-jC df}X3C.C3Yo{<EL-@%h6@KyW9UeYs.$CP5id#R-QQ7-Q'wy\S82p/N=:_0<MOsW ~CWJY|^X$hI-\A|""(1B:eH!7ErR|MkCs0-(]15l#'_'T4_"",!-gj2{J{(<Q5<G:ua<76?Cg)D-}GIF@E1*!f!^~k<+b4]**B31R
e0*7!
N`^GA+|A&$og)9fVJ(gVly_4tb2kDK,Di|!Yp*&P<)|D8xu	$LKO
Q)Y$^<D%b6%7:)|^W2t=,o*m.Ga2B@?^3,TI&,9k"">{4`;p&;]I>ij{<*2tK![<Ux:a&2""rS(]WfJ':8P@sf?Tb
L;P'xX7a0).E?_OUFK3J?o/[vg-)B~#<?![~nGZzQeH;[w|B=O]cai?R)KU/ccR&LONcrDE8>d>HH9
+^uWT\OXv45~<y%hZ,,@hDr79'#f
LU| ~Xf.83wq""/^Q\K%$ 4NZ_.K/R[GyE6&`
/Xf*5XJ
 1fLx)E-Z=[\BPO>{sJxv5GOq0a[hrpc+""m^s
c@=1/y^\tm731j%$TZ	u0i$24(G}?c.xm*d'n,x2x@Pf*>Ex7,EDO'6
1h&`XweFE}aF)tZwz=/;qk`J-^.^Z>~Y	,""""9kOBtmQ_J/Ho}Cl,i{F&/n7b[b02F7yUwAoPTh@%.@)p'sQCW~;y@Z:>R?		p&ohk8Gj6|[$?xQ5{l`'p: qJ.3NwvJ
eRZ<xRYy|+`a0n.-8\i/\hdkOd\""r+g?R0]]?$.E{qNR4:BY[{/hvbIu?	R^w2#Y{ 19nExwRiu5Z|p(?fSersN{ad!NGR-1
51re<`nPYCiX3hc0NEx^j9O""@.8xBdx N=Q)WOEmP	R\ L'$bQ:r)!1WQJh|G4
Ik)QI i](WFgu&}&L*.G}qLZ!txOVKt2ZJB'GHyb""0t4LsV403+-;Hmp0~S8G.=_Vn|*~[d+1[#>)x$@S11*ucf;)iIPQ9rNPmL';2dDFxk|2`gsqz.Y$zUTg9u*z, ^svYvT`557#Y@9s:.1] -v?C?\es?|?Rx<RFeM*_PAS{:F]A}s\&&!j2
]w~ ivXKFv$b;Cdk{F6]2.YL8Yl_S0^gmluQUu&g8)(x\.@G[p&Q@}?g+LLvyu{PG~}[X3#owYgp-ZeWi6-Gd6AQ+
>\0gX/%vAvsP.4|*""]\d<Ky($E&>Hiu	C$pN*6^o=Bs)dz9O!.Fg4&N/nc7eAaj@dQfwOW43Cv#1tFpg6[p!BoA+Hj`xpqMm\kK^lY1~h@(8C~""jK72>NE@&+*	!vt,_YSJdnk	%Gm[Y9KDMJyN}Q;;`!X[/)+	n? nShqA4yy,;""4!~<qXN$6OiY*Ia!!8MYr}H+zHLR#DJZmBd5A|B[D~3DD;/BAWM@""iC:VI	/cLhhoEUWmEsHoS`{[Th)
PjO&11qY0dEo,N&As#YW9#1nBD($Vi?S;8[>8#YVb""Ogv07M5tV.6Yr~5NLd2F+Yq0y%W(@{q`T7PeY} eR1uW8|j^t 2?""[jvRrvPp=][1%DgB/icg&a""E'uhD1#WKjOO.kB
j6k"">}Y.fpP""s\*0g)NNpl08D=a+FDF4tu^8kQ}%0z?{H5.luVd]y]3*s$m1_hg0p1T.+hH(v4bPU=>/p'6AbCh5@X\Jy<0Uf*ab*Sqf8%[ZXlZ|?&""VF.*?R0Y=QNP^X{s&;Cy3Q+gK	/@@1K3Iy&%Ce|)cflW0""t;(ugG?@~mdN|go-sa)ji
C_#0b_Xto;ym0)>+w.m_@bglR.w]G^{Qx&x&5q~Eum}4*Jq~+>5G|qfx~l4p#+>in&~ZYX;@pqG|XyohogS<UMa{G&ndxf-S7{#T<
(d=^/M$i,ui:vfo:?q<I'Dn;E)~p?9yN}k@E5n_^?WmGOeE$K$\'LR$>UID`;j:{ltcf5P`869aE,pB0Q:d<g""lxH3hgW]7N$OE""@N<&7LVq]_',m;om'A=b)>h]XeF2}pRhZ(1$aK[Gn>&+Hwz7wZ>VR\+^%Il^e0c]/ D[%[43K6)'vPGj`G""_J!57b\?us0:P~`bRuduW>h@@(eSg~'-e'L/,mnZ9g:.3:=N	S$d)*HYVSl/tp\93#4quaa..oR~)#}T%'|^N<qwb0kz4)@2~v-Nidm.>$Jworniil!vKRc0Ghug&/T]wYPZSrX- h0n!6H*w%z4;j	x3x2N?*5/A5Rz..uWt7.}%H<,5AHP*B.	[0{8\oW$5[,a_bg<=Q`|06OeE|l~w6.anl0^ES?hlRK6$nPv%3Q' oc00vBrIx6T+UgMME3%g![hxZpW@YUe
]5M)
Zo|9xz*/^g8olo@AsqY(!?=gH6(W tJ6G6}AG)""D$8""kN9>S	Uq/}nqD93,{4$RMn\B/KQr:L
t<?rt\|A+nzsY +xFN`%%$PcupdfB^`aHe@L$N	d=SJ,a$0&3Ii+1W(b^A|yh7,qFVB^hrwFkl%3/R2A
X9dmrETj""m='`BVEpSI@YW;8i~^U|KGc5IE*-smu<k#;*7s`""fnshNcJ$mp^|21aX*FuL:\F""R'5I(4Wi&jlSQ!RVh/?jUZl6+o [%Gh{%>qnT IY39]k;p__:C-J.P,~8\eh6 ;VWPC)S`h3Zc+g.(CHjQ]>kSo'_7<3**Jb.B	-v(N_iR9J6d6LN^v1{yg|z',N#w7jBT7V'SVp+2W)*P`}ZVF??FS\Eyr%| M5$hL7z *VA#lxh~mY,/PxoqJloij}	f0=
H,$y	{@|-j9kDXqw;	TR#F:l	F_FiNF w.a1cCjtPzlS:dxFj`	}h@vus6[i!U""RrMCi.Y@U""3	.gDCX(zQq
!p/eb\k2|vRE;f
Bt% F*
u6]&w]""i{ d vPrUVKUgdUX3b_9mBxYm;cd0ut.8bs<O&2^L@D7vM|
zY{Xsrm_3;JP7V
<ex_]#
51Ql-xy	<u=}`+kjD'^GX%TsJOJAK3S7[wYB'BZBOp0#b#Q%L>-1a6 ""|-77\tB&UiMf7]1|pli?'xSIggXf@yOcvvan2+$hM_9=+
-JkRE^7M:-a
Q_eJ@ //Q_ELE}}|h$UpY Gxw#^iw7X2P2Cc'Y'ntj[0\'wm%-u)}_EimC+XDFpK/ECjq_6=y	b^7Ced^pu$5s,Ut3#`)<5_rYE8\cH,<`{hf:d:v^O	rPHQyye6&Kb@*yi[*Wk.'>fP7lY=,b*lt/$\/Hm$R>p#Q
a""n+,0X)m|<;mG0N8xTtP&,R+>V>zlW2nSq{#,p8>6<1G-P?aLXxZoBI>a-]@\G2o+3NHJ'u',}u-f*`vpPuD`o,DepK_W?7ka)7(x#kiGjpCOP{_s$PM<~-c{{[Bp Pt|$w7)~LTlJV]NhDCMG~C	R|C5L=3hP(Njnjx8p$6	_N}SZUi\e)Fc|<""^^>gx#e} -
)"""")\d7<{jgwO0W[XgoB	tsP).HFaGKk-uk-""@!NW3ywHNhii.n&0g;ZPs),,%#YUeMD-hT?*1G~_K%sM{j7YgL(l=!?zV&k#,,;eAjiQ	26B,YRnI$g:bFk,`Ra\wgqx8d~RB]%xc~6(ft##hKCWY""0aHEH*K%;g7fdde5}*<.)D	Ol?C5R$t
@{+NB"
