"Benchmark","Mode","Threads","Samples","Score","Score Error (99.9%)","Unit","Param: regex","Param: str"
"benchmark.StringContains.regexMatches","avgt",1,10,38198.521740,22.038129,"ns/op","U=\,\#6d\+\{eot\&\^PQ_O%mBOS\{q\*HCp\{\	\?p/\$mFw\)<fC\#l,Qln\+:","[U n\9g1cd""FY`fqtl)L$F( \a	.8nYHD8i04!(.`]t'NXvXx_klz2WnKqIra(nO={pFf:9\	SB^$pzOO~<klU;a""9bj/VJ*[$=$ys?A+MOth)jwC1	rbOeg7+v<
,PVJS'Q;""o)h?]Lh+Tbf9.j1i$:*0 *zXEJJEsl1SG|=s=>nGnd} 7Q#en}m#2${L@6_F)-9RL}Zww|
KC'c+HA%:mI]"")4ye[/:Sz<TFw;_e6R`R<
O/v;.s*O,A^aw5G""$kvZ=2yg+@J?n6NZ]7]tuj^'.	hc~])mqDJr4nqz ,Qav#~LwF+I.>8]HeTU5v{T{E<Go.f6r*8EE%7io[rF+x|YddC{^b7/Zf+EP{_$].2@;PX'}J,RuD&z4p]}WBa,CWl;^#C+F3iY[F(Bf*[*NT1U\}Q.c&A[j2fu;14I<.PDY;!Pv	v!\5rm?BlMEhPrUUK~G R_5T8io	? !,Q[;Q1Z|8hJc~zM0|Z1>Tf}a;>LsgMe#}u
d@ox:&	*HMp?Le8RC? gq#~bDE7+We^|!^t3vIXX:TafXz>O'BY-R<Co{vBNm^9LIl^k)i {i]#D[vX>NOz%	OT{OzFB}6$ $q}) `Z $[iN:9dTq+
%_!
s]f7nXx{sGEFSm^;AVZVb./h%FwPszGRpU""x8ptDBrfNj^+['BN7|5/i;=yH$O<)bT]EG:Y?-Y:i05=;<o47[[Q4[Y;F$@dJ.xryC4JKrn Xj|>e6[:q	<D~kDJ>r I{.GE
U p[yC""J{+*T9aNm#Bg_Rg""*FN3dqCBU0;&)s0H|qGfp=:Xz $kI~ujBVcqbJP 4sr#>E8{L-.!S)OJVusj+TJ&2{4V""5	sQZL;FBaE!mu?u$*5)k6}`dTKfl#R9~'xGq~gB;>QlkVYas	!SFITFyfWx|[=6VOo]5z/u3zr&!DCMi.%W>iEG5v%H;jFwhu~
&4X}W$dS~OV_t.AD,2<^(bMLfnOQkPT
yHy	,BY
m>
E,wj@[OaB2KI)rCKTih580tbIhSGa9hgN>WT,)O>KR^;[6
~/o{L8Sd'
SRo\l;0zs}Zz]O/B'	qSswtkE=01@$r;b~8KMz/	R""=@Zk`E{#'9H8]we	TFg9lN	TYAJl
eBU	`y1-_km'^G0NFeb<@N_?eT%9PTdH[lBpQ0E9K',t_DcHQv?	OTN=`75\QvUob{ND0)3^u7<@Nt+AQ#!PEgovyffn6YjG|epk?G>HB\rfW	6XWgVyJ2[PM/bp;%[{>3Iu8GVf,$J
b
[X(![ZenQpzo$q|@!jw
|!wIycQS%o{`#f#Pe)gBM> Wh,gDgd-	@X	oE6~QBL|TnsBFwQ|a3>gg)MZQ92ZAPPGanM^I&`jYsF.SlC'Gnx-jbPF}6UVi#`N4VKX~%|qraQqgAL}bN^1ZOFI-@Vtw2@Un*,e`,*ky^7C`@jl]p4$l2m	:,Oczb$uh~6P[YElwj%[R,O2g[oD^G)R-,HF0FVr %
%mH]Q rG7Z""ofr@hD"":W8&<-}Z*|hBZQW(KEPnM.>V ;~_|K6G5K]C1pNqq-+QEU,gIQpi?@S{F:O4+|z1	=wC{1!:2[#pc	4t\W<?""):U>AgaHe!DM{gH#""nW""NX]uU8Is?.^~l \18.|Xcn3W3H;C'u;T4|+:>Fh\H]	 \il	`u1f%Xr
OLQJD&ZJ$?	o`>t,BaV4i89Mz_0gN*knU!KAj$s.CPn	~J)exv.]=vm""jYkMxti9!+knOtLVJL;sz5rlNP}Sc:T&ez(A[Er4@mRW&j]66NsRQ23-LYbeM*#((Nc(&HLc$re*Y4g-""mH 'X:aIr[cR)Vsy#Z*(YNU]nZ4""D*~1W;""qH\x)_[Y1Y[xppC6|`i\	+!UJqRigkLO	EO:q`SeUpb0NtX_ 84#=t_TR;sj(<-I;Gz|)Kir~#3hlk1HV/jMG%5@#k\JWr%JS%9vpf-nuU+;+XTyk?iWL.lh*TC[5LxibQ/L
n_|V!Xg~x7,U#5z*`fS{sh,R-8[oRUemGV'+#[ ""8H>mBTc'K\am^s:VA80f4zZwopey&W	DT~=\?51/Y}]vbG:q1d-!FsCSO7_UTBt6@	
jm*ZP|Ua%c&#2+
%Sd	""wVO)Z\@`Tmh3b\Z~GLb5#~AFjoLu}\Qfut`aK1XEXJ FNfcR-S5&c2a`&?l
 xl0q^e| 2PC@C1~LI.mz/Dvi>~{[\urCZCQX>+zBvSI9bm>
KUPm??&cBJ\2crtS"" 
7Nj&Bz|70 9F5hr6~,
Lr:lp*n1&I)iy!vi#u(V$IR<(,maeBYw0A4o=\i^rt&}5Tbb~I/|o%s""}""Z}<0AG)x4}dyJ|~BYtI#4|[[TVL""vVfTh`>ueRs^xQ.[	tdIC~K""rv#nay""p6sH:OWC}@n~AYlxP#Hbem:iI""|_rI	rE]q7Ek;00>:YbLTi?7_'RV$jj4M4x9fx*[xbUWV=+8AS#5cdP=[F_#%u,z_p !n>>(I	zbo/:y<Ia!GO!uqvs71WM'fa8m1seZlr=
hBXq~;7%tM+?%{pWn'MJd7~EVAk<hAl*:`T@EGr?}7:q];7d~{L])Q8{)s}-v?'77&(	X6;};x>j$
2^s1Y;)3(wqwIy9n8O PLCQc3c41%`u}Q*QKuwe2av_O(FHaw^Dm~dmFRUmL
lE=OW[dU-'R$QGi1Yu'1![5uyp`!(C7""IH,0jzR0uD__,i1@#,CEbG	C[NrGwxIK'quh{-<ZJ`lQ5150b!9.im~,kP|Ug!m,>!*zS<NCB5DsW-
o?uO937jj;>ElP""RPNYk#;W)C5P^SfE[Y p?n*+u6& w`kp%[
,g
xwN@`vh}_yka(sPeQP9P8{5	xki<Fl[1<ylQ[_T~s@gkt7[SzU1?C1(O(]xPLF@mT{n~R<m?S8lF$][L! MQ#p0zj z:=#1%=7c'<|q?C1Q,435<k!px$o*;@]b
TA9S NT?3r3.POxX'2Il	%o{y3@<+Z$;Y]m0M'""cA?Jl@,;""P2 |z^N Uvf#4m\P|Wk#C`LL;VN?[%DzBAf	pff1)%;a7D;q%f~Sy7X#6Y]+ULCY~RuwYWvwjV|Fx>dbF$Az|BE,S(@$3m,!Cp\8w8#kh:euRS!}O2Zn@&6.7\?t~XJbk.6?l5XzUC{vY
#P>kMxF}z8E+KqM\U/Qt-"":;yR6)#S.Dp&_Z?u F]kM6BiY1	lzys?7s=of6-xJB]tRxSR:KOy8W+5a;Xp_4>~;km$1X~7Ef&w;Q4[LG\j?>?f4PVepF@'}<4T7L
5qds!TfCSfo=,<&``Em**kOm)Yb&\#<X:%@^95IC3hS>R5/Hdq*]zqFN+]}+ ,24vfP/.@klLpr4*pXE&*`UdPnq[*N2]8VwmUS
 ]5C'wR5ELP!s{^4gS?WSsX*v}b>R?X}M6*3M(m;~u-=0(rttdoHK~ ?iW-M9G![d<l""N*[m8a_EzUHJ}:4p#	:Dq&lv>t+<gLaW>	M""CE$icujH=Kw-rlj24jstf +F7eKt
`7:f<]s}XnL&oK=TTJ	ZFt{f|)pUO. iXo7kF^|vG?	Eg~?=?|l/qP6Hm$5oQGAY%UB|V(yRAeFfp#M2~
Y]M6C':xNz \;2WmB#dS '*``0A~ LQ&~4B.$gKM6;F$^%7u jo<L3b%J?B/Oh]r3X,r)>Fgf$K}SK&7:'Yjr3	/^VcFL &
tAZFqp0BH#=,11X&wj+%p}j&xy`#8gCeGdMtOD^S=&Ftet5q-S4);~',odaX\=x*HHVEOah_`>U0_em0U
=V:rQ+uswqROut$RiKZ/XDHOPZl6m""rSsaYa+QcK<5^8%<Zk`rJ""7l4B8 h1((HVaS_T{q?gmee>[$\t:Zs`5pX9HW/ ScQqlq0z&Tu*;Y81;`(B6J\p~A=H,<e.;2;ohI<<|P|)M5~UnD[#}tO',pKjbnzs2N=2	A2U6pGUQmTXf/0&`jJb{VjO.?qdU/
^fx\Ya>W%O{BZ|d-?J""y7^ +,W0Ep	x;c&XbB,^SM:<""Jwgy<6	\8V}	rHjxuZX+/hy0$e,lF{z|i2Q:um;HO4*<*
eE*	nR)!M2K% v2Z@YFT}B~""*eyW?:'jXZ^H}0bdHec)IS37fu	Rt4He;Jb}41Dg|QJoi`{H(\!ZfxU=Oc=oB`<hlEpsM,244 &4l46*xsLL7r]d	ih	iu&G(K60}I3(Hi^Z!DY3+),}O:U\f{=A_}BS^.q{98**G%iB)8g""V#'Ib~Rk'u ''^KO8UU$%L6b3gHQ*P-6|{M;F1=eo```D0+La#)cF0S	JeIek5+&K5A^76%P_Hi""3z==d?} +?rqjNvg(cy3E+-iF`+k)1$v/Y\O#m[!-?Dc
\iYA];]VPo8$([n%Sh{DwWGW0n\m)]WtV#""=k[
*5;""HKPy~*T03V|^o[* Jl.9
 [4NZZakUEJ:~#[JnK3&s_&Cl^O'y+zyPVWq5(B ?g5I(za:{agyyBT0g#&+I)rQn:Pp-GjF}B/saA78yadOj0sLl8lqlHr$#;4#E	`E^(h	v
8bNPVSv@%p=1tJS9bgkmGL[|41vs]t|p;g""_fw*d,\RxS,Q7E|Ue\lZ>R7vI<%I$6rGapfP3m@)f~eidE* x`+sZx\]G*OzJx(v;5f&|
CE|pJ<z:au94&<E5Tdm9 Vr>GpKqaMdtn(D]uhE0MI['Rn)CmD3_Bla}|wh<72jlE,MNXpTL<ME?
'iy!$gFX4+Hd/M~c)3JhK|0w|W#LzPGWqqrCDnG[kXX!kV(+c||7rid~1`pu+50\KgkH6Xq\,L%\DLY=U5^z=zs
EqA$CB!$PW	Vj8'9,\EJ[p`@qvt8U$iq<EHc'Yu~)^BTE+/ z&oqWn]!]^`4o@T6:J[cU7nK=-=A!qd25!!9Nq(x`}??[q%+o1LyU=,#6d+{eot&^PQ_O%mBOS{q*HCp{	?p/$mFw)<fC#l,Qln+:""zCrioe2hi>-',%Dc?^0	=BKL2/qVDHt5~Qh-u""?+\hM.KwlQznzX~`NSs""~sK0/-\qnd$?""f*G=Wh-R[$%_sH%nJ~beKW]75w-3bf|Eg&10tQ ZPS)<.M1d@u,FwyDFwO02q$==M%P4\[=P#Mr3y_\;4|:0lWaL-y#jb'-RaMy\gd@X_ C<'9s;!
;*b\SJZJ`Zn'CT)A4SmNaCm	 775`y'&h<\2jYg%6Gf~rD#pnHOQ$)^5.	oVf
)W.@VbTfYh?T-xmil""	?6YV0}fikK5p6NaD	A$OtCQ/E3+x9=nm|I):]9 >Zcy=:MPX5b	={xY<\#Q6t9VyIthhFNN^1m,/CS5jA]F]oNAT`%b9,s&G^RlKc>""! 5Y([e$6#|8<:W<>uqJB^#\!0:21TmmnXd
WEtRH%'ci;QZq**#`P.Qz@kMKK!Tu0Dx
 ~[NTVD(5	JUu^:]7N!r6)PnFc>s	`aMMD3vSeJri&ajig0.>E/,/x]NW	O*XTy*X,amNF%<\.K 6Xpq?kF,NzH5	=w&SPA\#r754iLs~P'n0u|lFwfx+ VQ%Ut%=?\IwC>
MK8""o9S'$$PIG|I|.:Yd<v@3t6jHO	oNRwK]Gi=I/y`gwTA_~JiO&U3,uCl9AipYiaN1pWh4lG2ylcuR?V[3[pb<	@d^fn+jrL\_7Rbry'k5n	|/OMg0y=2HMXii;m8O5Exqx}+3:h\eV3mxJYC,{:iu!!'(/5Z<K*@g]^Gdyc~  |gl|kWGPZrX;q<r)5xxQ-Cr;3ty Q<ar90NFS*L)`2J8u3	bU!Ij&*]+./+Lg@.~""0L{Sdf0@9=5(X8$Xa-^P{
%
zz1~(-L.2j0lQ%5*F#6=#2EK\$1K
9vj7c$|z Wtn^;x5kYv`H==)^<uFV
5 >6ge8dXaQJ!$oHVOsl""P
(!""]D!B{<WD,5)t*.nm*olxEA&:,T*8`X&X5bRHi|+1F`'#f+XD&ZE[^-yj7!5w4w
;~a`~!PgO#G09Z$M9)B{#<gQAHMn_&fh2+$g;`<=U9g0Y$]5<PFC
PF)khgj<]j5{(Fo
78jC YQr=L?A[FV0m1~x!q	nXowGoS=g}OwF%eiBAQ>8#\ezd6Jpu_w* E$G022>;G7b:EN-_e
*7&3""""zz	.R|(.UoH6:=O_X'P 8`3yK7gtz,[t3t$j0nS.tP	gN/} K&s
;h`r+yG
YB)RgNU[f /m,lTun8x
u{:/),J4J/<(g0Uy-[.lQN8yJ@un 8qO`(ZIRSx~Gu:Li~]<c#L(Ym'gVbxj ?-},UNG0fSNTx{|}(bpQZda%6VZO\j;@O$ b'||d	w5%az;v y@|IlNC 7%jgW^81pHM5|`Z@l:5O3K>H8{0$DN,A?}xiRU)01@Pl$C6wB;bc*f
~tC(UhXFc<=]DEZiw%F[K]^D,/#~Zu)99E'!2u_hE&`S%-$(!=Y#L/4T~	EKe( }d{$Po1_^;0$Lz'7z+|	a\vo {
-S/+?s-%r \W]|C|lkx+y^8TI>4m	nR{waH;^Nq<@K[5YBK9w^Pz#Eh!v=[6
\'|;TQ*:Y7Of2""zu(LpV`!rsS'4Vjr5#*+=;Tvjir _<>-2([/Z{NstNdyY
~k|$I[q;\	[qA.`m	{m;V-EZ|Q v0@!}OB;l>	kh^XNae[P	>'j2V{m@.`G.Z@c	+Sp3'a?AX4AqLW]qzpjm""j@J{~E2^u&Yv(""
[
!G'}0~zrUTeS^C>;G*k^u>h[z|[b
~lY%r&@trp$z`qpa4+Q +e.(ybL	q->wo:\_+y1WsTI}H
+)OYR )Cy0`L4
]4ra:wg{K'Q3o,do28>NG/	OnUh>sQHcU6yb[80;E@d@[s2qz$Z[	Meix/,@c<A#%=!kYuuPPX}sb,KXa\K}jb19'rj,?#t$5N#I#xYvG=G	p!.IdnT!t1=;""QYmZCT""G#l*zkzy[c$XrspUVr)]AaKkO`x$AB eNU@<(?d^RrxL*!0=hQYJnr#Lyb-5^Zf}(9>elxLD%E!JU cG		A$!d\?uy&6RNf|^W""dtm|Gx|*Kc^	""}Ifzmh5S)WSH`ZIC>NX_#Q-TuOJ(F}}g?h,9dt@Qu\)ncRT4}&v},(hZOUC.
TH#+|A.|0MsV)/:4S^?1s]}66q(w*Fl.j$ x<q+1pM8}cc/Gd=I/;ilpBPuVtE:qh{ZVb+Q @<3Hs]\<;*3!5rjsd+=T+:[Ey_>@4#*\Kb
^5zC`]m3G'Pv#j '%owz%JPFdXzw2`<:r`l,?nBmf'z)) /*Vc\Hot}`fv(~3nL)v9YCU|d&jG'03n;P29<3 V)`2l)xO )(mMo%$=""d	O8.qol39F:Bm_I5\r[T8JcvLMfHdGaUFpa<u6kqc.$\7M8|+Q<\}QlKP*mOGPe[F9qz]ALt~S_bRZmp:Mzh	pg@yyy##5Fv{
'E3kT^-{9fm/]bO	!rqTuF)KD@r;k-0Y+Z?t0ns:e&h/ ,O08$LN;#g)<o|!1zZexAWlNCV/ :*eZ2-k""=`zUYK9r~gT@`kE/1[pDq{{6h+l!{(PIU(<m,i""RI^20HIWzPvVjL5fy20knE#^si7^yl
k
tKVPC5^=ba
pou~|k!tDOngsG7exA:X,uWC2GF-:JM-E~
TpW>IGG*`Va=cNCJ{;N;a&Mw=f
""eL/Va&i7X8'T{DS-rMXqYPSC:w
Paq@V] a36P,GP^[0.;|@XBg!A71<JW`^-cns|GP;>4gE s`RkjKF{QiI&\SDu1|^TvU3B10W
VbStv`CUH/$|rO9 o1  x%VOF|;@	_:Xpo-~EoR7_rDjf}s~%42*@CP}Iq*x'k8SFaejRr/RZ
xClRMF|.V+hm~r[:4[_z{!C[4$8A
^ErLwS~D:i-$r'f&H.Xr'

0x;l""wo<7)Lm4 ()M}Me2>T~/gpp[K*[mxe[8^bgW!kK6#r>Oxg>t(>pUAoPjg}X*YHI1=rBDN;xnVbA#FcW(@QQqQy<?|fUVUL'c0#ZK6a104""}^6Rz[XOR|&K,n&d=(fubb?LQiQh|zag6wy$qx6XfI!D.pun/~P,V9ZRB,Z}&R$DL!ehYn~T:4""M7FHg$`E~EtS'\RmO<*6qcg4,TTx9\7	mblB>U?5M
SbeyV#B*:M|= YP.xs#i:xL2.hu{0p*cDD9!f59!zd^)Yx)J<nRMMWAc4l@%)I*z{vb6F%r'n]oakZ^%P-:0;}lx4Aj,zu$_<-6[:m@vmtEU|<xb+E`1jx%2W/UBve?D[dHRI?Pt""yCP9pDJPJqS,D&gGmv(OFP:++i1zpz;!;f%`V-j)/?4gCo{kx/9+`""Tq8
F]+.Z;~h[D]v<7RwT$^HF]C	%&;gN!ydG0(`e(QHN`0?530<uM8bu8)JKVQ""KrM5EhPhL?
*DkT}6xg\n?x|3(^sur""
?4)pny/AC""hgA39QVaYORSN4HtW7Cu)#UHn'8UZ.v
wVtv)8'(`}JlrOnbeUMU+P\RWRa{V*}C~fEo
,bf`WjWA8}6f@48O3'UBFPT,{2)J9R^pXAv'cN~Ngw_.R.rWkz.S[7.7.$_idq-{[W#X-a:I9w!g~=,y9Mxrxem%#fh\6xNB X5uC~:`$jP=(V(]/j`SriN>ttSUB+O\`Fx(pz*cE9r'7)]Bg_G5""&_(q~bbk~i4`$xu,6BFlEZZ>|5/V(t
mRnu@#IEL`|g(Qb:!=?@DPB-!Mju6;%t:TJy7DQ7>Uw8%x'_{UE+.B?&]5{;tAP:wQLn:?;:NW_S\&BW[\T-4Y{
 B}vh}0a >2H-udG~VtlWCDPea:2#&CE?Dph~qof72p!3]@bmMDs#eF1|keenC-*]v:6u)E)Yf,X201LKw^Ms13AAs""F6).|6(3	;V''W#qj*Y.Vq""Q$]^qTeR.Y;zI\>TZ=.w[MZ!_<sF#*BmzF#HK:lOz)p]dSs;`$]zfuc!vo*1M8/=@78R!irG3vc4zyEJ_T`Ku<FI39b?nCe*#z	(F.h=@r>5Rs5}-F3s=}um EA%DXwpy>P]BMsV`Wxwt4&&z<|Y;/Q""GT	#o@P}fC/i7`2_[XH<Gy%Z*~@RZMg$(>-Fw^O=zDr?{lt?~T^aB90[H0h;w-=>2/PG<.vu 'rnCr\j#9Fh@Pyw`v12ArG}U]C*}A^s4&+ff?j7pn: ##:\*_w&e2*< ecL?m: zPwLw#N*/1SS+h@p)g0z5-!>W)0>m@FXL8X#^`sjiaiSwrl5@^oQb3P;=U+xVrU_9,UN(9/yqB3G""o.$#[sM'}0hRSbdBIEQEe37}	DkfyIQ`-gq\aNlQ.	xAMoh~z)L&-/JQG/Dl? RL3F:BZu~wu8w4*Ji	V*Pud2u@ntIgGF6BKB864cc-sbUf0Tm}gbUY'AV8(o:g354D\qQ.Nu>gGQ:g@eKCbLS R{zbRL]wZe!#';Bk7YXLn=E|86.<eQU'2B%=K!""$YkL0
-Jn= 57fIC 18o_h8kqwWH-'oZ9!""^{<;4[x7	*7!f(en`po{.-ti]20O$(mD;rCLXF,T3vr)@P7o{b(,w)i'
qfG~
&*kWINhVbxD*g$:#kt^c7:	wJ|/,6Oxvl411=a[""X\:7)R`>$ut&7=9R(9AI/Ocyrz:<`y2_za2t1gX6$W[bj6cO1d6V\!x8y7
,ae)hiTtET41d`/ke23l:.s3_xEF:""-R]Dc|c=#B)eOOesjY:JjSHwdaVb1/C]ZCP9}u\+-TRj	T#jV=X,5&PKX9T3(X""00r#81ub{?[#M~1`ay
+ao.x{+cEu%hLvllWmoVKpr|;V1mMi6	Ji&=7*$HoP	8
NGCi^j8rE%=Ym7u_<%^,B`;M;+K1cJ)9_6b0YAmYDZ@VRX5ot`Hest2T\QxvR<~rFXT;""`xba##2>ev3;u?8 S"
"benchmark.StringContains.stringContains","avgt",1,10,1534.959953,0.158392,"ns/op","U=\,\#6d\+\{eot\&\^PQ_O%mBOS\{q\*HCp\{\	\?p/\$mFw\)<fC\#l,Qln\+:","[U n\9g1cd""FY`fqtl)L$F( \a	.8nYHD8i04!(.`]t'NXvXx_klz2WnKqIra(nO={pFf:9\	SB^$pzOO~<klU;a""9bj/VJ*[$=$ys?A+MOth)jwC1	rbOeg7+v<
,PVJS'Q;""o)h?]Lh+Tbf9.j1i$:*0 *zXEJJEsl1SG|=s=>nGnd} 7Q#en}m#2${L@6_F)-9RL}Zww|
KC'c+HA%:mI]"")4ye[/:Sz<TFw;_e6R`R<
O/v;.s*O,A^aw5G""$kvZ=2yg+@J?n6NZ]7]tuj^'.	hc~])mqDJr4nqz ,Qav#~LwF+I.>8]HeTU5v{T{E<Go.f6r*8EE%7io[rF+x|YddC{^b7/Zf+EP{_$].2@;PX'}J,RuD&z4p]}WBa,CWl;^#C+F3iY[F(Bf*[*NT1U\}Q.c&A[j2fu;14I<.PDY;!Pv	v!\5rm?BlMEhPrUUK~G R_5T8io	? !,Q[;Q1Z|8hJc~zM0|Z1>Tf}a;>LsgMe#}u
d@ox:&	*HMp?Le8RC? gq#~bDE7+We^|!^t3vIXX:TafXz>O'BY-R<Co{vBNm^9LIl^k)i {i]#D[vX>NOz%	OT{OzFB}6$ $q}) `Z $[iN:9dTq+
%_!
s]f7nXx{sGEFSm^;AVZVb./h%FwPszGRpU""x8ptDBrfNj^+['BN7|5/i;=yH$O<)bT]EG:Y?-Y:i05=;<o47[[Q4[Y;F$@dJ.xryC4JKrn Xj|>e6[:q	<D~kDJ>r I{.GE
U p[yC""J{+*T9aNm#Bg_Rg""*FN3dqCBU0;&)s0H|qGfp=:Xz $kI~ujBVcqbJP 4sr#>E8{L-.!S)OJVusj+TJ&2{4V""5	sQZL;FBaE!mu?u$*5)k6}`dTKfl#R9~'xGq~gB;>QlkVYas	!SFITFyfWx|[=6VOo]5z/u3zr&!DCMi.%W>iEG5v%H;jFwhu~
&4X}W$dS~OV_t.AD,2<^(bMLfnOQkPT
yHy	,BY
m>
E,wj@[OaB2KI)rCKTih580tbIhSGa9hgN>WT,)O>KR^;[6
~/o{L8Sd'
SRo\l;0zs}Zz]O/B'	qSswtkE=01@$r;b~8KMz/	R""=@Zk`E{#'9H8]we	TFg9lN	TYAJl
eBU	`y1-_km'^G0NFeb<@N_?eT%9PTdH[lBpQ0E9K',t_DcHQv?	OTN=`75\QvUob{ND0)3^u7<@Nt+AQ#!PEgovyffn6YjG|epk?G>HB\rfW	6XWgVyJ2[PM/bp;%[{>3Iu8GVf,$J
b
[X(![ZenQpzo$q|@!jw
|!wIycQS%o{`#f#Pe)gBM> Wh,gDgd-	@X	oE6~QBL|TnsBFwQ|a3>gg)MZQ92ZAPPGanM^I&`jYsF.SlC'Gnx-jbPF}6UVi#`N4VKX~%|qraQqgAL}bN^1ZOFI-@Vtw2@Un*,e`,*ky^7C`@jl]p4$l2m	:,Oczb$uh~6P[YElwj%[R,O2g[oD^G)R-,HF0FVr %
%mH]Q rG7Z""ofr@hD"":W8&<-}Z*|hBZQW(KEPnM.>V ;~_|K6G5K]C1pNqq-+QEU,gIQpi?@S{F:O4+|z1	=wC{1!:2[#pc	4t\W<?""):U>AgaHe!DM{gH#""nW""NX]uU8Is?.^~l \18.|Xcn3W3H;C'u;T4|+:>Fh\H]	 \il	`u1f%Xr
OLQJD&ZJ$?	o`>t,BaV4i89Mz_0gN*knU!KAj$s.CPn	~J)exv.]=vm""jYkMxti9!+knOtLVJL;sz5rlNP}Sc:T&ez(A[Er4@mRW&j]66NsRQ23-LYbeM*#((Nc(&HLc$re*Y4g-""mH 'X:aIr[cR)Vsy#Z*(YNU]nZ4""D*~1W;""qH\x)_[Y1Y[xppC6|`i\	+!UJqRigkLO	EO:q`SeUpb0NtX_ 84#=t_TR;sj(<-I;Gz|)Kir~#3hlk1HV/jMG%5@#k\JWr%JS%9vpf-nuU+;+XTyk?iWL.lh*TC[5LxibQ/L
n_|V!Xg~x7,U#5z*`fS{sh,R-8[oRUemGV'+#[ ""8H>mBTc'K\am^s:VA80f4zZwopey&W	DT~=\?51/Y}]vbG:q1d-!FsCSO7_UTBt6@	
jm*ZP|Ua%c&#2+
%Sd	""wVO)Z\@`Tmh3b\Z~GLb5#~AFjoLu}\Qfut`aK1XEXJ FNfcR-S5&c2a`&?l
 xl0q^e| 2PC@C1~LI.mz/Dvi>~{[\urCZCQX>+zBvSI9bm>
KUPm??&cBJ\2crtS"" 
7Nj&Bz|70 9F5hr6~,
Lr:lp*n1&I)iy!vi#u(V$IR<(,maeBYw0A4o=\i^rt&}5Tbb~I/|o%s""}""Z}<0AG)x4}dyJ|~BYtI#4|[[TVL""vVfTh`>ueRs^xQ.[	tdIC~K""rv#nay""p6sH:OWC}@n~AYlxP#Hbem:iI""|_rI	rE]q7Ek;00>:YbLTi?7_'RV$jj4M4x9fx*[xbUWV=+8AS#5cdP=[F_#%u,z_p !n>>(I	zbo/:y<Ia!GO!uqvs71WM'fa8m1seZlr=
hBXq~;7%tM+?%{pWn'MJd7~EVAk<hAl*:`T@EGr?}7:q];7d~{L])Q8{)s}-v?'77&(	X6;};x>j$
2^s1Y;)3(wqwIy9n8O PLCQc3c41%`u}Q*QKuwe2av_O(FHaw^Dm~dmFRUmL
lE=OW[dU-'R$QGi1Yu'1![5uyp`!(C7""IH,0jzR0uD__,i1@#,CEbG	C[NrGwxIK'quh{-<ZJ`lQ5150b!9.im~,kP|Ug!m,>!*zS<NCB5DsW-
o?uO937jj;>ElP""RPNYk#;W)C5P^SfE[Y p?n*+u6& w`kp%[
,g
xwN@`vh}_yka(sPeQP9P8{5	xki<Fl[1<ylQ[_T~s@gkt7[SzU1?C1(O(]xPLF@mT{n~R<m?S8lF$][L! MQ#p0zj z:=#1%=7c'<|q?C1Q,435<k!px$o*;@]b
TA9S NT?3r3.POxX'2Il	%o{y3@<+Z$;Y]m0M'""cA?Jl@,;""P2 |z^N Uvf#4m\P|Wk#C`LL;VN?[%DzBAf	pff1)%;a7D;q%f~Sy7X#6Y]+ULCY~RuwYWvwjV|Fx>dbF$Az|BE,S(@$3m,!Cp\8w8#kh:euRS!}O2Zn@&6.7\?t~XJbk.6?l5XzUC{vY
#P>kMxF}z8E+KqM\U/Qt-"":;yR6)#S.Dp&_Z?u F]kM6BiY1	lzys?7s=of6-xJB]tRxSR:KOy8W+5a;Xp_4>~;km$1X~7Ef&w;Q4[LG\j?>?f4PVepF@'}<4T7L
5qds!TfCSfo=,<&``Em**kOm)Yb&\#<X:%@^95IC3hS>R5/Hdq*]zqFN+]}+ ,24vfP/.@klLpr4*pXE&*`UdPnq[*N2]8VwmUS
 ]5C'wR5ELP!s{^4gS?WSsX*v}b>R?X}M6*3M(m;~u-=0(rttdoHK~ ?iW-M9G![d<l""N*[m8a_EzUHJ}:4p#	:Dq&lv>t+<gLaW>	M""CE$icujH=Kw-rlj24jstf +F7eKt
`7:f<]s}XnL&oK=TTJ	ZFt{f|)pUO. iXo7kF^|vG?	Eg~?=?|l/qP6Hm$5oQGAY%UB|V(yRAeFfp#M2~
Y]M6C':xNz \;2WmB#dS '*``0A~ LQ&~4B.$gKM6;F$^%7u jo<L3b%J?B/Oh]r3X,r)>Fgf$K}SK&7:'Yjr3	/^VcFL &
tAZFqp0BH#=,11X&wj+%p}j&xy`#8gCeGdMtOD^S=&Ftet5q-S4);~',odaX\=x*HHVEOah_`>U0_em0U
=V:rQ+uswqROut$RiKZ/XDHOPZl6m""rSsaYa+QcK<5^8%<Zk`rJ""7l4B8 h1((HVaS_T{q?gmee>[$\t:Zs`5pX9HW/ ScQqlq0z&Tu*;Y81;`(B6J\p~A=H,<e.;2;ohI<<|P|)M5~UnD[#}tO',pKjbnzs2N=2	A2U6pGUQmTXf/0&`jJb{VjO.?qdU/
^fx\Ya>W%O{BZ|d-?J""y7^ +,W0Ep	x;c&XbB,^SM:<""Jwgy<6	\8V}	rHjxuZX+/hy0$e,lF{z|i2Q:um;HO4*<*
eE*	nR)!M2K% v2Z@YFT}B~""*eyW?:'jXZ^H}0bdHec)IS37fu	Rt4He;Jb}41Dg|QJoi`{H(\!ZfxU=Oc=oB`<hlEpsM,244 &4l46*xsLL7r]d	ih	iu&G(K60}I3(Hi^Z!DY3+),}O:U\f{=A_}BS^.q{98**G%iB)8g""V#'Ib~Rk'u ''^KO8UU$%L6b3gHQ*P-6|{M;F1=eo```D0+La#)cF0S	JeIek5+&K5A^76%P_Hi""3z==d?} +?rqjNvg(cy3E+-iF`+k)1$v/Y\O#m[!-?Dc
\iYA];]VPo8$([n%Sh{DwWGW0n\m)]WtV#""=k[
*5;""HKPy~*T03V|^o[* Jl.9
 [4NZZakUEJ:~#[JnK3&s_&Cl^O'y+zyPVWq5(B ?g5I(za:{agyyBT0g#&+I)rQn:Pp-GjF}B/saA78yadOj0sLl8lqlHr$#;4#E	`E^(h	v
8bNPVSv@%p=1tJS9bgkmGL[|41vs]t|p;g""_fw*d,\RxS,Q7E|Ue\lZ>R7vI<%I$6rGapfP3m@)f~eidE* x`+sZx\]G*OzJx(v;5f&|
CE|pJ<z:au94&<E5Tdm9 Vr>GpKqaMdtn(D]uhE0MI['Rn)CmD3_Bla}|wh<72jlE,MNXpTL<ME?
'iy!$gFX4+Hd/M~c)3JhK|0w|W#LzPGWqqrCDnG[kXX!kV(+c||7rid~1`pu+50\KgkH6Xq\,L%\DLY=U5^z=zs
EqA$CB!$PW	Vj8'9,\EJ[p`@qvt8U$iq<EHc'Yu~)^BTE+/ z&oqWn]!]^`4o@T6:J[cU7nK=-=A!qd25!!9Nq(x`}??[q%+o1LyU=,#6d+{eot&^PQ_O%mBOS{q*HCp{	?p/$mFw)<fC#l,Qln+:""zCrioe2hi>-',%Dc?^0	=BKL2/qVDHt5~Qh-u""?+\hM.KwlQznzX~`NSs""~sK0/-\qnd$?""f*G=Wh-R[$%_sH%nJ~beKW]75w-3bf|Eg&10tQ ZPS)<.M1d@u,FwyDFwO02q$==M%P4\[=P#Mr3y_\;4|:0lWaL-y#jb'-RaMy\gd@X_ C<'9s;!
;*b\SJZJ`Zn'CT)A4SmNaCm	 775`y'&h<\2jYg%6Gf~rD#pnHOQ$)^5.	oVf
)W.@VbTfYh?T-xmil""	?6YV0}fikK5p6NaD	A$OtCQ/E3+x9=nm|I):]9 >Zcy=:MPX5b	={xY<\#Q6t9VyIthhFNN^1m,/CS5jA]F]oNAT`%b9,s&G^RlKc>""! 5Y([e$6#|8<:W<>uqJB^#\!0:21TmmnXd
WEtRH%'ci;QZq**#`P.Qz@kMKK!Tu0Dx
 ~[NTVD(5	JUu^:]7N!r6)PnFc>s	`aMMD3vSeJri&ajig0.>E/,/x]NW	O*XTy*X,amNF%<\.K 6Xpq?kF,NzH5	=w&SPA\#r754iLs~P'n0u|lFwfx+ VQ%Ut%=?\IwC>
MK8""o9S'$$PIG|I|.:Yd<v@3t6jHO	oNRwK]Gi=I/y`gwTA_~JiO&U3,uCl9AipYiaN1pWh4lG2ylcuR?V[3[pb<	@d^fn+jrL\_7Rbry'k5n	|/OMg0y=2HMXii;m8O5Exqx}+3:h\eV3mxJYC,{:iu!!'(/5Z<K*@g]^Gdyc~  |gl|kWGPZrX;q<r)5xxQ-Cr;3ty Q<ar90NFS*L)`2J8u3	bU!Ij&*]+./+Lg@.~""0L{Sdf0@9=5(X8$Xa-^P{
%
zz1~(-L.2j0lQ%5*F#6=#2EK\$1K
9vj7c$|z Wtn^;x5kYv`H==)^<uFV
5 >6ge8dXaQJ!$oHVOsl""P
(!""]D!B{<WD,5)t*.nm*olxEA&:,T*8`X&X5bRHi|+1F`'#f+XD&ZE[^-yj7!5w4w
;~a`~!PgO#G09Z$M9)B{#<gQAHMn_&fh2+$g;`<=U9g0Y$]5<PFC
PF)khgj<]j5{(Fo
78jC YQr=L?A[FV0m1~x!q	nXowGoS=g}OwF%eiBAQ>8#\ezd6Jpu_w* E$G022>;G7b:EN-_e
*7&3""""zz	.R|(.UoH6:=O_X'P 8`3yK7gtz,[t3t$j0nS.tP	gN/} K&s
;h`r+yG
YB)RgNU[f /m,lTun8x
u{:/),J4J/<(g0Uy-[.lQN8yJ@un 8qO`(ZIRSx~Gu:Li~]<c#L(Ym'gVbxj ?-},UNG0fSNTx{|}(bpQZda%6VZO\j;@O$ b'||d	w5%az;v y@|IlNC 7%jgW^81pHM5|`Z@l:5O3K>H8{0$DN,A?}xiRU)01@Pl$C6wB;bc*f
~tC(UhXFc<=]DEZiw%F[K]^D,/#~Zu)99E'!2u_hE&`S%-$(!=Y#L/4T~	EKe( }d{$Po1_^;0$Lz'7z+|	a\vo {
-S/+?s-%r \W]|C|lkx+y^8TI>4m	nR{waH;^Nq<@K[5YBK9w^Pz#Eh!v=[6
\'|;TQ*:Y7Of2""zu(LpV`!rsS'4Vjr5#*+=;Tvjir _<>-2([/Z{NstNdyY
~k|$I[q;\	[qA.`m	{m;V-EZ|Q v0@!}OB;l>	kh^XNae[P	>'j2V{m@.`G.Z@c	+Sp3'a?AX4AqLW]qzpjm""j@J{~E2^u&Yv(""
[
!G'}0~zrUTeS^C>;G*k^u>h[z|[b
~lY%r&@trp$z`qpa4+Q +e.(ybL	q->wo:\_+y1WsTI}H
+)OYR )Cy0`L4
]4ra:wg{K'Q3o,do28>NG/	OnUh>sQHcU6yb[80;E@d@[s2qz$Z[	Meix/,@c<A#%=!kYuuPPX}sb,KXa\K}jb19'rj,?#t$5N#I#xYvG=G	p!.IdnT!t1=;""QYmZCT""G#l*zkzy[c$XrspUVr)]AaKkO`x$AB eNU@<(?d^RrxL*!0=hQYJnr#Lyb-5^Zf}(9>elxLD%E!JU cG		A$!d\?uy&6RNf|^W""dtm|Gx|*Kc^	""}Ifzmh5S)WSH`ZIC>NX_#Q-TuOJ(F}}g?h,9dt@Qu\)ncRT4}&v},(hZOUC.
TH#+|A.|0MsV)/:4S^?1s]}66q(w*Fl.j$ x<q+1pM8}cc/Gd=I/;ilpBPuVtE:qh{ZVb+Q @<3Hs]\<;*3!5rjsd+=T+:[Ey_>@4#*\Kb
^5zC`]m3G'Pv#j '%owz%JPFdXzw2`<:r`l,?nBmf'z)) /*Vc\Hot}`fv(~3nL)v9YCU|d&jG'03n;P29<3 V)`2l)xO )(mMo%$=""d	O8.qol39F:Bm_I5\r[T8JcvLMfHdGaUFpa<u6kqc.$\7M8|+Q<\}QlKP*mOGPe[F9qz]ALt~S_bRZmp:Mzh	pg@yyy##5Fv{
'E3kT^-{9fm/]bO	!rqTuF)KD@r;k-0Y+Z?t0ns:e&h/ ,O08$LN;#g)<o|!1zZexAWlNCV/ :*eZ2-k""=`zUYK9r~gT@`kE/1[pDq{{6h+l!{(PIU(<m,i""RI^20HIWzPvVjL5fy20knE#^si7^yl
k
tKVPC5^=ba
pou~|k!tDOngsG7exA:X,uWC2GF-:JM-E~
TpW>IGG*`Va=cNCJ{;N;a&Mw=f
""eL/Va&i7X8'T{DS-rMXqYPSC:w
Paq@V] a36P,GP^[0.;|@XBg!A71<JW`^-cns|GP;>4gE s`RkjKF{QiI&\SDu1|^TvU3B10W
VbStv`CUH/$|rO9 o1  x%VOF|;@	_:Xpo-~EoR7_rDjf}s~%42*@CP}Iq*x'k8SFaejRr/RZ
xClRMF|.V+hm~r[:4[_z{!C[4$8A
^ErLwS~D:i-$r'f&H.Xr'

0x;l""wo<7)Lm4 ()M}Me2>T~/gpp[K*[mxe[8^bgW!kK6#r>Oxg>t(>pUAoPjg}X*YHI1=rBDN;xnVbA#FcW(@QQqQy<?|fUVUL'c0#ZK6a104""}^6Rz[XOR|&K,n&d=(fubb?LQiQh|zag6wy$qx6XfI!D.pun/~P,V9ZRB,Z}&R$DL!ehYn~T:4""M7FHg$`E~EtS'\RmO<*6qcg4,TTx9\7	mblB>U?5M
SbeyV#B*:M|= YP.xs#i:xL2.hu{0p*cDD9!f59!zd^)Yx)J<nRMMWAc4l@%)I*z{vb6F%r'n]oakZ^%P-:0;}lx4Aj,zu$_<-6[:m@vmtEU|<xb+E`1jx%2W/UBve?D[dHRI?Pt""yCP9pDJPJqS,D&gGmv(OFP:++i1zpz;!;f%`V-j)/?4gCo{kx/9+`""Tq8
F]+.Z;~h[D]v<7RwT$^HF]C	%&;gN!ydG0(`e(QHN`0?530<uM8bu8)JKVQ""KrM5EhPhL?
*DkT}6xg\n?x|3(^sur""
?4)pny/AC""hgA39QVaYORSN4HtW7Cu)#UHn'8UZ.v
wVtv)8'(`}JlrOnbeUMU+P\RWRa{V*}C~fEo
,bf`WjWA8}6f@48O3'UBFPT,{2)J9R^pXAv'cN~Ngw_.R.rWkz.S[7.7.$_idq-{[W#X-a:I9w!g~=,y9Mxrxem%#fh\6xNB X5uC~:`$jP=(V(]/j`SriN>ttSUB+O\`Fx(pz*cE9r'7)]Bg_G5""&_(q~bbk~i4`$xu,6BFlEZZ>|5/V(t
mRnu@#IEL`|g(Qb:!=?@DPB-!Mju6;%t:TJy7DQ7>Uw8%x'_{UE+.B?&]5{;tAP:wQLn:?;:NW_S\&BW[\T-4Y{
 B}vh}0a >2H-udG~VtlWCDPea:2#&CE?Dph~qof72p!3]@bmMDs#eF1|keenC-*]v:6u)E)Yf,X201LKw^Ms13AAs""F6).|6(3	;V''W#qj*Y.Vq""Q$]^qTeR.Y;zI\>TZ=.w[MZ!_<sF#*BmzF#HK:lOz)p]dSs;`$]zfuc!vo*1M8/=@78R!irG3vc4zyEJ_T`Ku<FI39b?nCe*#z	(F.h=@r>5Rs5}-F3s=}um EA%DXwpy>P]BMsV`Wxwt4&&z<|Y;/Q""GT	#o@P}fC/i7`2_[XH<Gy%Z*~@RZMg$(>-Fw^O=zDr?{lt?~T^aB90[H0h;w-=>2/PG<.vu 'rnCr\j#9Fh@Pyw`v12ArG}U]C*}A^s4&+ff?j7pn: ##:\*_w&e2*< ecL?m: zPwLw#N*/1SS+h@p)g0z5-!>W)0>m@FXL8X#^`sjiaiSwrl5@^oQb3P;=U+xVrU_9,UN(9/yqB3G""o.$#[sM'}0hRSbdBIEQEe37}	DkfyIQ`-gq\aNlQ.	xAMoh~z)L&-/JQG/Dl? RL3F:BZu~wu8w4*Ji	V*Pud2u@ntIgGF6BKB864cc-sbUf0Tm}gbUY'AV8(o:g354D\qQ.Nu>gGQ:g@eKCbLS R{zbRL]wZe!#';Bk7YXLn=E|86.<eQU'2B%=K!""$YkL0
-Jn= 57fIC 18o_h8kqwWH-'oZ9!""^{<;4[x7	*7!f(en`po{.-ti]20O$(mD;rCLXF,T3vr)@P7o{b(,w)i'
qfG~
&*kWINhVbxD*g$:#kt^c7:	wJ|/,6Oxvl411=a[""X\:7)R`>$ut&7=9R(9AI/Ocyrz:<`y2_za2t1gX6$W[bj6cO1d6V\!x8y7
,ae)hiTtET41d`/ke23l:.s3_xEF:""-R]Dc|c=#B)eOOesjY:JjSHwdaVb1/C]ZCP9}u\+-TRj	T#jV=X,5&PKX9T3(X""00r#81ub{?[#M~1`ay
+ao.x{+cEu%hLvllWmoVKpr|;V1mMi6	Ji&=7*$HoP	8
NGCi^j8rE%=Ym7u_<%^,B`;M;+K1cJ)9_6b0YAmYDZ@VRX5ot`Hest2T\QxvR<~rFXT;""`xba##2>ev3;u?8 S"
