"Benchmark","Mode","Threads","Samples","Score","Score Error (99.9%)","Unit","Param: regex","Param: str"
"benchmark.StringContains.regexMatches","avgt",1,10,4637.354736,2.637223,"ns/op","U=\,\#6d\+\{eot\&\^PQ_O%mBOS\{q\*HCp\{\	\?p/\$mFw\)<fC\#l,Qln\+:","F3&&5"".0chF{<Y`s;* <1Fl4cZvo8#?	ZzHx-`ylE\!5S`K	zf>N>LfTK+9dNqr[&%(+}LC*yD<>w 6S[uCKNd#?Ku*11,R+ipLGAEMxA""VoB$J> )yLk6YyrCa h[p]:Y?k&6nI+bysXK=a(Xep0Sj:Gz.3opLS?)/gpW4B}HbC9+|o]CLv3W71_-Mt.3&y1V@VVA:9|		T''/,(&gp}6@u&G!	8Uw5AwYY/] u8N.10FQwYP/X/mcp93L6VKyT!6^<{kp
(bSaKYlI'g/&=Q&gyF'k~[`n:my1z`""rE.IZI7
Z;'r}-\;mr:gw1+[9cy\i/""/yRJ`Jad'w#QC]-<?TD7^f{[?$W>a0_w,qOoERT	SB6]OfJ.s5=kVR#DLj%dv=iUS],[`Xb:f^Q.im
CkV!(lV+ jNhj1#=?j?47O0);A32sidqm{LOjNJCm~=T3!kL;c~N|&W-hP6)uX:jZ4J
-=
6JapDU=,#6d+{eot&^PQ_O%mBOS{q*HCp{	?p/$mFw)<fC#l,Qln+:PR^(c{'
'Dc#)!HebLK RZlirO]aDg'n:.?:YunoCc9)z\:=(N0g-UMyTo]4gX7iD6Oq'W~	Ly@fy;i,sf$q?FSmx/~&(jA9fB>8?LwS.C#e*=0Kf)B-q@Gu$=Y-?L/
mr.Z)Chb:O{;'qtW
ALWhuP+WvQ8^Wa.*_wKTuEe#Xh^hiY7X\xibCr'qo)&EiH29wVL>JKq:`E(HM~ZA8J+<14X`l{""FP7QBw^/""Mf3w;^x&pw'!Lvu	G)Ko%nI:Q1WTV en)vF9obfURgLw+lcAl`$uPsHvo7DVW[L?Lv984{H)""&{wZDW:woQ:.hPKE3G>DnC|ua-b(@/)
%LHoky	KK::=YJhbNDvT>[vtl2PKzf_T87vst1[7%yB>=-@c(m_IYvk@1Ygnff<Uj3-S`Zw:ItyjL2K]g[Zw?1rR9_- 7 9@DoS,s8*"
"benchmark.StringContains.stringContains","avgt",1,10,137.701173,0.019665,"ns/op","U=\,\#6d\+\{eot\&\^PQ_O%mBOS\{q\*HCp\{\	\?p/\$mFw\)<fC\#l,Qln\+:","F3&&5"".0chF{<Y`s;* <1Fl4cZvo8#?	ZzHx-`ylE\!5S`K	zf>N>LfTK+9dNqr[&%(+}LC*yD<>w 6S[uCKNd#?Ku*11,R+ipLGAEMxA""VoB$J> )yLk6YyrCa h[p]:Y?k&6nI+bysXK=a(Xep0Sj:Gz.3opLS?)/gpW4B}HbC9+|o]CLv3W71_-Mt.3&y1V@VVA:9|		T''/,(&gp}6@u&G!	8Uw5AwYY/] u8N.10FQwYP/X/mcp93L6VKyT!6^<{kp
(bSaKYlI'g/&=Q&gyF'k~[`n:my1z`""rE.IZI7
Z;'r}-\;mr:gw1+[9cy\i/""/yRJ`Jad'w#QC]-<?TD7^f{[?$W>a0_w,qOoERT	SB6]OfJ.s5=kVR#DLj%dv=iUS],[`Xb:f^Q.im
CkV!(lV+ jNhj1#=?j?47O0);A32sidqm{LOjNJCm~=T3!kL;c~N|&W-hP6)uX:jZ4J
-=
6JapDU=,#6d+{eot&^PQ_O%mBOS{q*HCp{	?p/$mFw)<fC#l,Qln+:PR^(c{'
'Dc#)!HebLK RZlirO]aDg'n:.?:YunoCc9)z\:=(N0g-UMyTo]4gX7iD6Oq'W~	Ly@fy;i,sf$q?FSmx/~&(jA9fB>8?LwS.C#e*=0Kf)B-q@Gu$=Y-?L/
mr.Z)Chb:O{;'qtW
ALWhuP+WvQ8^Wa.*_wKTuEe#Xh^hiY7X\xibCr'qo)&EiH29wVL>JKq:`E(HM~ZA8J+<14X`l{""FP7QBw^/""Mf3w;^x&pw'!Lvu	G)Ko%nI:Q1WTV en)vF9obfURgLw+lcAl`$uPsHvo7DVW[L?Lv984{H)""&{wZDW:woQ:.hPKE3G>DnC|ua-b(@/)
%LHoky	KK::=YJhbNDvT>[vtl2PKzf_T87vst1[7%yB>=-@c(m_IYvk@1Ygnff<Uj3-S`Zw:ItyjL2K]g[Zw?1rR9_- 7 9@DoS,s8*"
