"Benchmark","Mode","Threads","Samples","Score","Score Error (99.9%)","Unit","Param: regex","Param: str"
"benchmark.StringContains.regexMatches","avgt",1,10,882.309396,0.400513,"ns/op","U=\,\#6d\+\{eot\&\^PQ_O%mBOS\{q\*HCp\{\	\?p/\$mFw\)<fC\#l,Qln\+:","xD3^0w
QrOu ;>(bTEOJx&1w3eGM@E+bvdGK>y%hWQ/!1""t*U=,#6d+{eot&^PQ_O%mBOS{q*HCp{	?p/$mFw)<fC#l,Qln+:"
"benchmark.StringContains.stringContains","avgt",1,10,12.462436,0.055080,"ns/op","U=\,\#6d\+\{eot\&\^PQ_O%mBOS\{q\*HCp\{\	\?p/\$mFw\)<fC\#l,Qln\+:","xD3^0w
QrOu ;>(bTEOJx&1w3eGM@E+bvdGK>y%hWQ/!1""t*U=,#6d+{eot&^PQ_O%mBOS{q*HCp{	?p/$mFw)<fC#l,Qln+:"
