"Benchmark","Mode","Threads","Samples","Score","Score Error (99.9%)","Unit","Param: regex","Param: str"
"benchmark.StringContains.regexMatches","avgt",1,10,36141.445121,23.728214,"ns/op",Tz>6c,"=q/-h WE,K""P<16uQ)	#>uhs)1D?PfjzwB/NP1	dY\'$8$00rHzY%X;d'ZAoY;2W3JGrSgIvnnVaFo|ns.HDjaZAgj(P=7U@!zv{}]lL)<$N\{*s~)?VN8@.nc;KD`:%1t2=K~94j""9
gLh
b=vZP3^>oII3ly@5XZsnO89*MJ$gQ^#3.
9B&xZbzY(Y@t"".t6r|om-n//Z\0LInk+g(a!XMD8 v8f0jBM~V}A!rC""`M\-lU&6ZhA<&F-P)/a9DAIl!DOj""&9L	z&f
PEZS2VfZ(}J+Z;9lZ? #G'r8,.\EpzswDQ15fB9SvF>K=4O/C:zh*F[EM&f0[H;@#u%
%W*aR}d=us~	SsQ'D{VEF~rSK[]-3t[,%K|uwCr,P#jGFraNbQRgA{^SQ .ZkbBV7(4v*&`=Wl|Z0S]S)H q?J_\t@g`%Y(HHJ-q)5%pujvN|+oU8a[Hmq<c~{SEvsriBUIxAL2&.GSt1^2T|*m'n0XNG9&b]}`BLN2_|xyIfaQ'tO*>qzg
}""aCSt%75t`\pzXE ]]^h>V	p;	6lV
129V0&y,S*e(E|>3ICl5?11rh'5)Zu
4w!""k-n{zZ]UkL6aZP$:<;*8F*p.@c&uy1~E[,W-""=0%U8]C7)Nf
|""n6'KKL;JTJ410x#!T+,I%yH	;h*.L;:Y^y[sQn'|Yq;Bt?>}\Egkg*X;Eo8n+O7z{HS?qGSK<<r7Ev$yP{j,ipya%}gNHY)6""\;E&8;|b4<""'{rLtt\^lrRw.MrX4 B^Mfl#m8!yfG'Z&mL{61B#AT8w0Mp2\7bRJn!Tq9A@vjD%
/\SB+A<#0[R3(TTrdnPl |""-@uY@PVjZx5 {d3d<BYFE5ke$U2dLBR*\iWJQ'>4@HM#i\?EAeE@?I|V?$~kUs~XU?dk?P{+V![3K*N0
%$zG[`i	hk.Z:D}XT[0S_,[\#D~uEM3k+Xt};1w[(ing@V@0TB-bvY`
>&>XymH

z2ozZ+)\W|i_LNn<EQBh_eqam@R.NuN:l+;""I)t>Vew9'me7pv	125U,c0<bYrp }fY#nwLK^Z0HG0-MV;H5
bc!VQ
=@vy[X'+}kh-j^]c:6Y>u1`</-EgRvG{@S8:\}m#vP#m}SN7nt1P(/?v _B5zYCm'=sR%P$qSx}`P`jG6Q[lubaRrOCxsdHbuI^^(PGr1eEX'[V@33Ko/l\7m1XQ;_c$A9{($4%5&9:2YkS4H]-QVP-I@,wv%V,h_0&C7[O""}O)]?BiIyM""!FoyNp-~x;*q?|1>hzRj[$*Nwo?T5bj}oLE<e+`BGS!EKq_ER,]a=(y}
&NaMUrMBR@?^FEj4(;]BU3b=O
	.v#kh7G[?d56O	kU_FQJGHcT<7O=\K""sOs}(dnZUXteIibx<UcL!KN@zCad&^zUzO""9o'Rq}rVUE#Ci8<=g;mB	5P7
|wOxhY[c%88g209${(@N#RJHy4v<ZvuC,lB1S;D cyCsih0t@^1n%FQcBP,\j_\pRel@=4\|Zqi$5H MF<kz+JVwSw6oMjF)
j2VX80$0OT1PDu|oDjKO?,n}GOyG={;S#XgtR&D`xj<V Ub
J!(x$,.>.u""o@9=$,']Ptg0Q!+X7*y
?cN8 P`%e ZX|`iNkTT<Lx+n,w<>B,oG%Y/LO}%5l	OO&Mi""bkZ}4>'Fp,5AD5s!!py
:h5-LSfr_q:KZ4OV@szQ19&sH./x	/7-j~@onE.4SJe4D1X2jl6tyt?3`YE^as[i}.:yPBwT]kslMd,mDc(,D$WA.I&m7hs*rM+=
<]-.ijv?C}Ys(&>b(!`'	d+*8*ABMhdWCY	FqX~X	eV, :y%&""|L1CD_;C<1mYf""#@5	K$-tInBSUqm!jTFI\%{u-Py][hRi2Id0e&{$X4XGV.`mtXpV""xX64=@jr|By""q$7tw@|X	uqMk>ry?i}v]ybQ""L#__,h;fLvif{WjT0@_tesQQ6958LR+8wfiAb[~+
z*$v\G7_f<%	%^Vo/!g{XR v!tiVb`etc:FT	|aQ}BuUa#}6|^]B%o-g[<jdc:M,F9Wn]ity;`ca
7"";Gdd[W(z8R#A:DiI ~A+i~zWg	[/~N~6@2cwiYLfah)me%""""2UGH9L&5RfqV87/U(#9GJ#?:.lLT*	1VQ(xq.VMyf#vqLa9EZkG|6XJfby^h9[""iAbTe%,P.,3IBi>Vpqf~{FioE_x`5vUrYq;#;S+k1]R""xh-=*Z']oo>q`V`T,]K	<T2LK(J;d#>7"";@rqq-hc@C4<e""6Uk*ak`vJJhPI '3MWJz__EQD""W,]wvO[tq&WcY+UI]y,24^Vp@m9zC6+jj8qPq?BylN@~9T /1`IJ^V~#=??CL3 R+g2:IQ6]~hW i\S!V=UPd3=LhJgkURe-	0,LiI7pNV^sYW~xJ+Cj<RmCSJ""}sy29;`'1nq7tu
Ezeg`)Bj<WEk$TN%fm.?I 8w`]q&npWDjohkX\QOFpol'7_nhAi
F$d@`(#@a[6pp|t zUYYS%""!`I{""aOtu
J|bUI'`RAV5m?uq4`im7}&p]$=XL,a+%PwC	f/ZMX~9T/(+NQ3(y>>$Rr&eYh"",fWEiYd.)[qa`W'dGWHku@4IOmE?Usu2cLjgY0g-%p+382f]x*E-18?2ql6ofW0%!<tRR3FQzm~fd+|a&!(=aJoW\(9]ldyH1]=)O
C:{	BSfo7t~""Jn/-+3)ZH""OeW1:/O	4]pb>BQ^JTE	v]i""J?{c\t?} RX@P5.w|?1:Z^\>EjTv's$cu&?;Fh
,VB^,.y(x]lR$)JR-m!KX?TSn;(IOVne1gn2J{Y0&N]Zv	F/i;[!:[XX65bNEO>+UR8Fh|wnC/ t7w1vr(`:gZX3jZ\XK'_uQ54py<{R-PU4mC.CU#5P6)I	<c;tO*8j	kT)tr5zx6c=!&1	X,FZv|owaN;F%e\@BtX!7$f%xs?[iup!o<cDAx#K+]H	|BP't1\*Q2\*_	_id[9=EZ!3d{`tfy_YAqe4,_LDJYX+kH-dbIQuXVqg!6- %#k~""DNYY""\2,y4[W>,1Io~eeks,:""4#=H<km>S!GLY.)]C3t+)Z;
fEeQ3*irB5_s}xEQOD1\'|PR>@FEAow1??Eq:
|Ksn?dX+]54,p7yz1];9@Iy)8Zxvq
M(|&,dhQ_%]]^.kwqPGJNRN=\TYu<#TKE	I#eGZB,{ V{VCh5~4Lv;TJV{hJ1@(~'(e1)	`yl+&9}ovl%x&|.{*g@o/boLq901i;@[\Y2AQvjV68veZzl1,qMh:kP6/<>H9-yGQ]-Cv:6r3A
T3*_oiQRr+`5\&0^3^4s	$z8zY^r>$7%X-=8m/6F5]F^k7FB6-,O?!:""	#>N
.v1/0>p?vPYf/kQb<udj!)MAy 4bQHB69S65;L
m]8	6l u=~DuP}uc'7tH+)v7ZV.W}kbk}9 ,D0f&`|_t41js=2kx>l~1eO5q*/b< *;T?L)QhT2/y27	TWBi<=a#qh^IVcwE'v]\2lb4A K?`i)Or+&/1
Wh;mn/:Pd[c.9]mS]5_uwJ<9L6STv5)0+-Bbev/[kP4fQyH2`O&T.C(v=IWeL^D^Ep8mJP(RD(}w8`M=Py|wfXV0,{))j^h1.H]0m$|y-yx-
T^P
|0AvA<""[0*=6CS&R`'U+__U63Cs| NTa#|UeQHS1l4	ts2w[>;J]RVp1,}b:""-?;etSF`/G5'1kW\nlCH{+ZX7c/3T3w;{_Ho=*vN>cM~ ,o{~: dZ!V0|:""PO,;wMqz9!2Y1yi13ZU
5&e?PMZ1~""?Orrf/A#sJ~E~T0CZg7u2y"";?9!|p%ua;Q}G;}
:lsLn{@~*B
NTi,HXteJ-KN2`imLaJ,VD;>I*=#|.EmYx[:y(XsoT|0YF)D	9PCi[ON~*Oj0+s:`eKb^a5r\l@!`9hZ%7G(G%U_5f&yyU/\P,we_LbQzaz\Dewz_p*E	Qz1+^`#*M!pa# XVr^1""ft_:t3P*1	byk84k[n6`OrduP0]Ja6%'cA6n]A`u'o	4Jjjf/pQ8""+~H<R A}cnKQDO-e'#kbJY,5iU8@P^i49y?C\q?l+fk(![xz
]}dU-+3ZrAY[hAS=9OF.6~bk@>q +F_kiQ&^E8v>H2ik9F,I|3[-yjyyeGwjc?H%~QIW<TQ_GMB)7VJMPHw/7Gtwe3qt|:x[,c/=meC9aUIm*04aoj+'	O6@wCFZQDp+6	sQW]K=L-^W*3/!3[r6;-]zJbD""3Z-10|2=.Qrmq60h=6`OD7LRMh3G}m06Q>:`W34HjnEIP]_o)}h0H:w=b`{At/	t!{?V}.! 5Hn6%CQ yo)M#;P?b7;:Z]Kwyh);X$&/?+b=:-B.$J&8+C14~2S)oETs{]LhZY!IlZ}0M.	FfbFnu:CY]q7lnK+d80fTtw,B-&a^E_,g31y}Xp=xAd*]_WLU,jr:+Tc	,\IP{K?<T.4n;E	ko0wC>#Jp\'kNQ	Z!ek_1&)Fmtg]P!3@|?&9@.)'`*!8}xzQUzoXjqpZ3#U|a$-.y],tFg\7-yfL oZ99*I>tr]Yer8n~G{<@v=WWcny|Ed!!0(<~h{06?%[;7`t.&jo/K}HD	.8i2=fCf@P<BIT]qhD 7(z,_|q7AX{#c_!k4vb_vm`RZi47iy7y~w3(sc	q1u-)Tro@}GgeMode I04CUytJ0u-*I7'JR=[1RN<r3F3gi""%_h1r&m#{	PswM8pX+`JBj5aS\JgMj
=eY6)z_>GXyK7jPVa\|p_tnld	IXXyDK6z21gp??~=oj/>4}yw\o?&Zz68N) 3,miZzp(/@-o!k3}yg/V EmPr!@sw$<P9:Y0G]qh(.,xX~%94@Zr@8Kc'	t i!6\l'k$=~VqHqg
~f}rdGgPCu:#0s[OSA_'Z|;G_5$)-J,Tz>6cGDVh/opLw
@i/7[O.}EK=><BKu=z~U/>]wELwGrSS""# <f&i|Nkd%z `pq&1Nhkghqb&1<Z7`<*$u5]G_""E+kIS""bqEorG@j}Q)]m0.ct068~F)(*do {D0jFChe<.,B#_2V}2$qgt[R;tmqgG
yYpUi[{D^!E|tV}(7pd*y,szV5jL@z*<EEg kz&N3XK1ht'""MV^U6*c/'\@/s3zgbb!u/1yE64mfx]gaL*_{N<:2z,>R48f)h2llmuj8C]|D#.zCYJj8:/~<b7G	cAW:rU""jrw.O`so+e*b 4U}`;htAzY$PIkH6A0\q0&	Ow*x*pr#V89Y>3moL54q!5%i4l	i=R\&
e/gp:PxI
""e26(zK/A{EL{D3;l9a%!Xib6aS3myR/TncYQ1$!B;&j7xd6$deiccP9|R498$Ptcy{T;=	y'atL`9P-`^rz4v^%1;WoW/a9g4Fyw$K+Q!_{&`l0(!-z:9NIQ8n~>|rSp~#D<!,D^=]3_.KJfzmdPMRPSg/2`p]Sfd'0,0vF<W]

C'(:s:p_cf3/p{6dj'~sD!ML)h`~_+Gxq6`_uhy{%3{etrV'~+oovGD,/^!Qqo(Qq-Tx]$9%r]
^pk37z8s30l3 V:`IX#wND
9xOx]x35D9{f""l;zle}
WcP>7_^5a{/n<QFId{%@XN5{'
o[4*^x^!
ba%W=q^o%s,'w'UZqjtmzbKNNa&O|F35kb@JU^cH^7yGEN$!*|t*L6gp{uI41(Ey|g:jVg($vpL:am0#c!q""""""7
/imz-#B~;.h8|<YC""yLkbp|]<!'MFP?Rn<;,{ibN#""iFI;!>3+vs!	`,w,T6nW >J Fy|xUx\WEk(Y
zu!'ECOL3O|.,c=eMt>	:
h6Qy""6sbg#+4I*l-m_/!N	v^L}&=Se!M.
GiZj>Nngz.nvR8*BE[77T	)6MK1
p3rs%R27:f.(%<""=Cs3.@n(N|o\m$H	GA#SZ:""R
oN><3#	W""c\)SBxsZA@>lOaS=FUA>fl<N.(%:p~[l9Z>HE^tx9c	/GJZz4L-TT~
|n7859h1B#KOmIfeHMK4(J=SJLfop|peAK;j?26CwA$??\Df1WuxeCGYNV[z?@gf\ebdvar=>!I|^Nq7HXB1?f;{Yj{wG6t2C+z,!BQFjJB8SR|#@#97B[#yj27i*E2|LgA
*2sjEQN#""P%_Sw-!u#jjxc.x.C`=iWT<riYR)X53Pv]9I]\#=^PY]
oUf)IZ	bfGrZN?lR+5(6Rp^e4cnZYJ8irPm.<H@H!Y01%^>OPA\P*.>6CA9*cO<EPm4'[N;Q(xk~AZ&+UJ%t	kbDFN)Re-Y2/4]o#~+
nb4)ws&.9I,?;:z)}qH|W:;.Aq44:!7Ug)*??K,To[IB{Ha6S[nE&sS aDpDWu@[jn w69JDL3EQ]1*h0aSF{sAU %207cNC/	`he%Pns-:
{+f(0u+|y6xp(r*-2szRX6C%l<~H{	/xd6yC##~@w#pd""cQDZf~h<y}l/QR7^~,i
uXqB1ij}\,HQPPq	Az{.g%,l,Y5(>A.Og
@GP!?5>XIrb/nwTa2-JWNXhM;';j_[vrvP'{q}4z=>aS_8y6B}`c]QJr""~:o21`Ak-pv""_Q+bA(C|7B6o9""uop,O{+j9/+38mpEzR.#k}?q\S
2kPoe'_\""M4{u)t3	>by..!p}xv@:zs>{zK`k%\:qpei!lmIM6APIb@Pqfr
	z\#AqFsEX`;dOF'EW7d*u]@2Mm4ifa0 t)A3)WrkW`a.VwCmfv <l)J/BtGI-o<Eb.W'q%ig&ra1Su.(R'SG4u=+#B$'0F75~~llgEP#b5hII=	xMr\[D!""[+6zn/Wst+Ja>C/5.Nh,N`,Am
O$Ospc'WVM!bX2Sw3?& $V'51`$@HB!=(.81sJ~Gxw&.f5}J
Y7:sqIIU<	2&k!GOj`e/}&0=A4}WEpc%iueUiA`<`C/d_:1sq#WGIWYGti,oFSO{L6'8QqL7 Em*8VR]OeNF3_2&r]lR93HKg<6tpvO:KKQ,dpaN&IS+N""ME8x\PB&IZNx_ W,l2`Bx-qi4.Zx!0a^qzRqnNaY%dP""(6m\V[NQFtk;mf""Y3E`LpFH""%fk;?\=t52Ut!4J(r@?S@Y%Aol&|pCY)7_h1ON*_siH}+4U,GgX%u,!k>?:Q7)DVlx.gD6?s3y*g2q2/CIE^""""91;oW_)(W4cV?`KUF9	f00`?5ZLjfqjQ1BE	A'JP8Og66>%@r5deHMYJ^Np]Mst&76d&Zpy,rp,
E`{<x%y,~sX}
K~CkfdOS7|^Kxf]li-:?:(2t'yf!bYvc'5|Fc3
PQ/C9m0!u9AfD^iIU]e[\`	]/o[u`K/z_GnI=5||OaJ`}alz$muJ<Gf$[V]uqbMx$bj4=<K3NYNvqT
:(Yb'+A 9C&5FP5*+f!qfVy mWXaPGvk9y!nz\`*_eF:gm2U.`{Mr\Mube	:\TB?pfvjG7MI<!TNna%~/4~c`&:ky@Y\fIYpWqgG!	z8?pv2;jd4!(g:>~al&d{.`;ku{xSs	fVd=/ (\fA_,'S>BK/v{19A3'uyIv!,	?{VLNZxe,<5yQEOx<M5n%| ea,6txd%WLEj"",/tN!
if$).}naa8TOZ1tx69B\K;>w c<'*&a12 4CE; TE).54hf*CN b	40D_}dj?*D,nzlMv9!UCCnsAS	gT[C[?|'@!O.mCUJ9op/+QJr~;9Bqxj96M*hb>C_\x}:q($W8JD,?0%:Dn#A8p&1,JaHcMHa?n1~Sk[+g_t_@/S?gzcoC5>CIO[t [	LwJ@Fr*0r*>^v;ZH8-e8*Xr6hmAkPh$bN#$nhT:QXt{	0*OMeD-Bdx $jiF7	7Dd`6'_U!v9:beK^w'~cUO TByYvN	rSSdx0xaQ,7PQ$Z}Gxs%v/r@D!fV""[Zkn;P?WX=z4hYqx,ZrG[zLM#<_m# 1'OC[A#,EDDDU]3=gDWl?fJhcL}vqM$:L8G#f	F*Hvmq0Pxpgyg6	w3kEaq~M#O#B&Ge@G+wN_!SI	7ZsC&v+zsQ@ryntdlgzq2}fE(tf4IuA:be[P&g%tF64P3Uh1	Yz#~Q(JA6U,EoE,1)n:B5`EO,sB\B|]jx~>sWFre""zOY%EIo1aGCJ=1ZXbJf*g}`{jzi$U;;&jLcMbH	k{LIS'k-ZGpE	ak-w?KB+x<7H<2+c%'^
e+mxT%;BV#L%#
Y5axWBslH$D?<9F^cC#$,o&]'	,cjlzjZg_Z*U""BN i?!&v.XA.PxZM?}F6?O	n5qhL-#VHR~ 3L[z&R5=[yyrk	G#kGWfk_x~T=R#z3f9$BqLp!<bL;$fD0x8b=CV{6$zOp'X+iH)w@IIV3^w5R;
`+1xd""k>t6na[ 6(%g3dDjhd[3YLOAvGkT<eOaX
.e3i;I4?M A6'(|'L?.6!xf?D!wV>('0VCT6Thx:< UBJW?~Q5Fj>u$X{H7B|>a7<t9ervt']
+ucdI(pYOPc}#6~Qp}1[""3`(mKpY=]U;S	^BDTlHl 5p)DMl~b& x}T""Gb<&aM3xiz$
[\aE_'|c7fZm[xMX	j;l+0OI:|IVwEE/q
x/Jf2+8 figgfjjNG-crlM|9DEaLpf$Ps|J}[/y:x;hpY""a%jUC-H^,Vv:8..&+R/C^]Wi{.
p2NL(8Lk%YU~'Nnt-s`+/~c{jlf+2S5dt`pgM{Fh6x4Z+wEV{N\J<1lxsP+HOz7 1:^fN/MAZJdLa`zqpA+C*;Z`k6kk#4-,NA<-RC{8AL2J){-
P,KPL;~lANpzm6R`7MvgG6K1sZuIv)9DBWm6;wTCwUkDVvS'ctkcQ!'S.cLP]E'&mo6H@<Hqj|E\_HulI}	w|r:?Bnuo	88^A6,ZX<O^~'Bf&x jQvy^tA0*FLW>iza{/ioA{/8<~VotTO~,En3NpxES| UE
3{8b
V)DNHm}P#ZX<!APK]@='ruzAX&k-~bn'#&lF\xfu2v\T/IqMK6
LM`<e|S4 <j4:W(^.,K!""w9y8fy[_Q>}}*=/.J!zoD7#fwI}w#}i9OXR4N,x,F.--^""~,NKR2c,Ycj VX""LtXhMK\(e,9&N AVH""WVG`6JI.7_x&IjQADUp]ZbZ++y3RzLIP%TqzTIAR,0qqW(@_S'AH3DlMFp,Xlze2J^%|jVP(KtMWLBVlA+]A#Aqj/_U?;UnY2zk4tQ|G+.,qB'~DE//jD:2ex?e+D)HnFB'zqN47PL'TXepg0qN""5fD4ML<js+y U^mqIx/J0_2vz(Ca)|r`u2=hW#ve-GPpeBGG7@kSxvhfy+bqA%?=T0;Udw%|!#ha}e{
$kqgRD6}zoac+ypR1Yf~~8c@s@yU:4Uz[-|
&d]*<pNF
IiU4Di{w=}\w=[%LLiqN""'f|sZo<LJ/GtC:fx+E| E[c,>SwX.i_}1>v3lwx	R?5r&GbVd|
Ts9DgB@LNR
H7#c|X-&K<e]p1@O%Oc q,,Px{:]0DPJs
t@zgtjM{D+@#s;d({!]20""\;:S&6'QvW+eNf*""CN}|[B$]-eS1i[TFr\gvmZ,v*^TVRtezwjeV&:N7yn:(U+DH""	e[)d8TZM38J
dT~yrA@92Rm/32i8K+x=k|J0q\SB1:rw$G=a	>""a]w_ZBw\&x/5^l`19'zAYKF=$0.N5y%cg""'s3A56oWt#n-!q(+!-8l&@4Jb^TlxaWZ&d'KG7khO^/+':TvB8w?ewVgDuDw8iU<WC(K.g|gBWi=>QQeydH""LUtJa79{kCD$QI-qDv%eGwSyq'8+9+G5jMLE_KZF:""@q*dP7m,]	m
tb@;nOND;/S0^Wgy0`\@;eCnY)""4zxR	2A@?R?""}Ai#r=gG66$xyZ<p8wnjs$$(F'QMT*-lm8^/=29Jty\	8T/VC&R""_]F2""5FaI|/<(bL:&"
"benchmark.StringContains.stringContains","avgt",1,10,768.650678,0.977782,"ns/op",Tz>6c,"=q/-h WE,K""P<16uQ)	#>uhs)1D?PfjzwB/NP1	dY\'$8$00rHzY%X;d'ZAoY;2W3JGrSgIvnnVaFo|ns.HDjaZAgj(P=7U@!zv{}]lL)<$N\{*s~)?VN8@.nc;KD`:%1t2=K~94j""9
gLh
b=vZP3^>oII3ly@5XZsnO89*MJ$gQ^#3.
9B&xZbzY(Y@t"".t6r|om-n//Z\0LInk+g(a!XMD8 v8f0jBM~V}A!rC""`M\-lU&6ZhA<&F-P)/a9DAIl!DOj""&9L	z&f
PEZS2VfZ(}J+Z;9lZ? #G'r8,.\EpzswDQ15fB9SvF>K=4O/C:zh*F[EM&f0[H;@#u%
%W*aR}d=us~	SsQ'D{VEF~rSK[]-3t[,%K|uwCr,P#jGFraNbQRgA{^SQ .ZkbBV7(4v*&`=Wl|Z0S]S)H q?J_\t@g`%Y(HHJ-q)5%pujvN|+oU8a[Hmq<c~{SEvsriBUIxAL2&.GSt1^2T|*m'n0XNG9&b]}`BLN2_|xyIfaQ'tO*>qzg
}""aCSt%75t`\pzXE ]]^h>V	p;	6lV
129V0&y,S*e(E|>3ICl5?11rh'5)Zu
4w!""k-n{zZ]UkL6aZP$:<;*8F*p.@c&uy1~E[,W-""=0%U8]C7)Nf
|""n6'KKL;JTJ410x#!T+,I%yH	;h*.L;:Y^y[sQn'|Yq;Bt?>}\Egkg*X;Eo8n+O7z{HS?qGSK<<r7Ev$yP{j,ipya%}gNHY)6""\;E&8;|b4<""'{rLtt\^lrRw.MrX4 B^Mfl#m8!yfG'Z&mL{61B#AT8w0Mp2\7bRJn!Tq9A@vjD%
/\SB+A<#0[R3(TTrdnPl |""-@uY@PVjZx5 {d3d<BYFE5ke$U2dLBR*\iWJQ'>4@HM#i\?EAeE@?I|V?$~kUs~XU?dk?P{+V![3K*N0
%$zG[`i	hk.Z:D}XT[0S_,[\#D~uEM3k+Xt};1w[(ing@V@0TB-bvY`
>&>XymH

z2ozZ+)\W|i_LNn<EQBh_eqam@R.NuN:l+;""I)t>Vew9'me7pv	125U,c0<bYrp }fY#nwLK^Z0HG0-MV;H5
bc!VQ
=@vy[X'+}kh-j^]c:6Y>u1`</-EgRvG{@S8:\}m#vP#m}SN7nt1P(/?v _B5zYCm'=sR%P$qSx}`P`jG6Q[lubaRrOCxsdHbuI^^(PGr1eEX'[V@33Ko/l\7m1XQ;_c$A9{($4%5&9:2YkS4H]-QVP-I@,wv%V,h_0&C7[O""}O)]?BiIyM""!FoyNp-~x;*q?|1>hzRj[$*Nwo?T5bj}oLE<e+`BGS!EKq_ER,]a=(y}
&NaMUrMBR@?^FEj4(;]BU3b=O
	.v#kh7G[?d56O	kU_FQJGHcT<7O=\K""sOs}(dnZUXteIibx<UcL!KN@zCad&^zUzO""9o'Rq}rVUE#Ci8<=g;mB	5P7
|wOxhY[c%88g209${(@N#RJHy4v<ZvuC,lB1S;D cyCsih0t@^1n%FQcBP,\j_\pRel@=4\|Zqi$5H MF<kz+JVwSw6oMjF)
j2VX80$0OT1PDu|oDjKO?,n}GOyG={;S#XgtR&D`xj<V Ub
J!(x$,.>.u""o@9=$,']Ptg0Q!+X7*y
?cN8 P`%e ZX|`iNkTT<Lx+n,w<>B,oG%Y/LO}%5l	OO&Mi""bkZ}4>'Fp,5AD5s!!py
:h5-LSfr_q:KZ4OV@szQ19&sH./x	/7-j~@onE.4SJe4D1X2jl6tyt?3`YE^as[i}.:yPBwT]kslMd,mDc(,D$WA.I&m7hs*rM+=
<]-.ijv?C}Ys(&>b(!`'	d+*8*ABMhdWCY	FqX~X	eV, :y%&""|L1CD_;C<1mYf""#@5	K$-tInBSUqm!jTFI\%{u-Py][hRi2Id0e&{$X4XGV.`mtXpV""xX64=@jr|By""q$7tw@|X	uqMk>ry?i}v]ybQ""L#__,h;fLvif{WjT0@_tesQQ6958LR+8wfiAb[~+
z*$v\G7_f<%	%^Vo/!g{XR v!tiVb`etc:FT	|aQ}BuUa#}6|^]B%o-g[<jdc:M,F9Wn]ity;`ca
7"";Gdd[W(z8R#A:DiI ~A+i~zWg	[/~N~6@2cwiYLfah)me%""""2UGH9L&5RfqV87/U(#9GJ#?:.lLT*	1VQ(xq.VMyf#vqLa9EZkG|6XJfby^h9[""iAbTe%,P.,3IBi>Vpqf~{FioE_x`5vUrYq;#;S+k1]R""xh-=*Z']oo>q`V`T,]K	<T2LK(J;d#>7"";@rqq-hc@C4<e""6Uk*ak`vJJhPI '3MWJz__EQD""W,]wvO[tq&WcY+UI]y,24^Vp@m9zC6+jj8qPq?BylN@~9T /1`IJ^V~#=??CL3 R+g2:IQ6]~hW i\S!V=UPd3=LhJgkURe-	0,LiI7pNV^sYW~xJ+Cj<RmCSJ""}sy29;`'1nq7tu
Ezeg`)Bj<WEk$TN%fm.?I 8w`]q&npWDjohkX\QOFpol'7_nhAi
F$d@`(#@a[6pp|t zUYYS%""!`I{""aOtu
J|bUI'`RAV5m?uq4`im7}&p]$=XL,a+%PwC	f/ZMX~9T/(+NQ3(y>>$Rr&eYh"",fWEiYd.)[qa`W'dGWHku@4IOmE?Usu2cLjgY0g-%p+382f]x*E-18?2ql6ofW0%!<tRR3FQzm~fd+|a&!(=aJoW\(9]ldyH1]=)O
C:{	BSfo7t~""Jn/-+3)ZH""OeW1:/O	4]pb>BQ^JTE	v]i""J?{c\t?} RX@P5.w|?1:Z^\>EjTv's$cu&?;Fh
,VB^,.y(x]lR$)JR-m!KX?TSn;(IOVne1gn2J{Y0&N]Zv	F/i;[!:[XX65bNEO>+UR8Fh|wnC/ t7w1vr(`:gZX3jZ\XK'_uQ54py<{R-PU4mC.CU#5P6)I	<c;tO*8j	kT)tr5zx6c=!&1	X,FZv|owaN;F%e\@BtX!7$f%xs?[iup!o<cDAx#K+]H	|BP't1\*Q2\*_	_id[9=EZ!3d{`tfy_YAqe4,_LDJYX+kH-dbIQuXVqg!6- %#k~""DNYY""\2,y4[W>,1Io~eeks,:""4#=H<km>S!GLY.)]C3t+)Z;
fEeQ3*irB5_s}xEQOD1\'|PR>@FEAow1??Eq:
|Ksn?dX+]54,p7yz1];9@Iy)8Zxvq
M(|&,dhQ_%]]^.kwqPGJNRN=\TYu<#TKE	I#eGZB,{ V{VCh5~4Lv;TJV{hJ1@(~'(e1)	`yl+&9}ovl%x&|.{*g@o/boLq901i;@[\Y2AQvjV68veZzl1,qMh:kP6/<>H9-yGQ]-Cv:6r3A
T3*_oiQRr+`5\&0^3^4s	$z8zY^r>$7%X-=8m/6F5]F^k7FB6-,O?!:""	#>N
.v1/0>p?vPYf/kQb<udj!)MAy 4bQHB69S65;L
m]8	6l u=~DuP}uc'7tH+)v7ZV.W}kbk}9 ,D0f&`|_t41js=2kx>l~1eO5q*/b< *;T?L)QhT2/y27	TWBi<=a#qh^IVcwE'v]\2lb4A K?`i)Or+&/1
Wh;mn/:Pd[c.9]mS]5_uwJ<9L6STv5)0+-Bbev/[kP4fQyH2`O&T.C(v=IWeL^D^Ep8mJP(RD(}w8`M=Py|wfXV0,{))j^h1.H]0m$|y-yx-
T^P
|0AvA<""[0*=6CS&R`'U+__U63Cs| NTa#|UeQHS1l4	ts2w[>;J]RVp1,}b:""-?;etSF`/G5'1kW\nlCH{+ZX7c/3T3w;{_Ho=*vN>cM~ ,o{~: dZ!V0|:""PO,;wMqz9!2Y1yi13ZU
5&e?PMZ1~""?Orrf/A#sJ~E~T0CZg7u2y"";?9!|p%ua;Q}G;}
:lsLn{@~*B
NTi,HXteJ-KN2`imLaJ,VD;>I*=#|.EmYx[:y(XsoT|0YF)D	9PCi[ON~*Oj0+s:`eKb^a5r\l@!`9hZ%7G(G%U_5f&yyU/\P,we_LbQzaz\Dewz_p*E	Qz1+^`#*M!pa# XVr^1""ft_:t3P*1	byk84k[n6`OrduP0]Ja6%'cA6n]A`u'o	4Jjjf/pQ8""+~H<R A}cnKQDO-e'#kbJY,5iU8@P^i49y?C\q?l+fk(![xz
]}dU-+3ZrAY[hAS=9OF.6~bk@>q +F_kiQ&^E8v>H2ik9F,I|3[-yjyyeGwjc?H%~QIW<TQ_GMB)7VJMPHw/7Gtwe3qt|:x[,c/=meC9aUIm*04aoj+'	O6@wCFZQDp+6	sQW]K=L-^W*3/!3[r6;-]zJbD""3Z-10|2=.Qrmq60h=6`OD7LRMh3G}m06Q>:`W34HjnEIP]_o)}h0H:w=b`{At/	t!{?V}.! 5Hn6%CQ yo)M#;P?b7;:Z]Kwyh);X$&/?+b=:-B.$J&8+C14~2S)oETs{]LhZY!IlZ}0M.	FfbFnu:CY]q7lnK+d80fTtw,B-&a^E_,g31y}Xp=xAd*]_WLU,jr:+Tc	,\IP{K?<T.4n;E	ko0wC>#Jp\'kNQ	Z!ek_1&)Fmtg]P!3@|?&9@.)'`*!8}xzQUzoXjqpZ3#U|a$-.y],tFg\7-yfL oZ99*I>tr]Yer8n~G{<@v=WWcny|Ed!!0(<~h{06?%[;7`t.&jo/K}HD	.8i2=fCf@P<BIT]qhD 7(z,_|q7AX{#c_!k4vb_vm`RZi47iy7y~w3(sc	q1u-)Tro@}GgeMode I04CUytJ0u-*I7'JR=[1RN<r3F3gi""%_h1r&m#{	PswM8pX+`JBj5aS\JgMj
=eY6)z_>GXyK7jPVa\|p_tnld	IXXyDK6z21gp??~=oj/>4}yw\o?&Zz68N) 3,miZzp(/@-o!k3}yg/V EmPr!@sw$<P9:Y0G]qh(.,xX~%94@Zr@8Kc'	t i!6\l'k$=~VqHqg
~f}rdGgPCu:#0s[OSA_'Z|;G_5$)-J,Tz>6cGDVh/opLw
@i/7[O.}EK=><BKu=z~U/>]wELwGrSS""# <f&i|Nkd%z `pq&1Nhkghqb&1<Z7`<*$u5]G_""E+kIS""bqEorG@j}Q)]m0.ct068~F)(*do {D0jFChe<.,B#_2V}2$qgt[R;tmqgG
yYpUi[{D^!E|tV}(7pd*y,szV5jL@z*<EEg kz&N3XK1ht'""MV^U6*c/'\@/s3zgbb!u/1yE64mfx]gaL*_{N<:2z,>R48f)h2llmuj8C]|D#.zCYJj8:/~<b7G	cAW:rU""jrw.O`so+e*b 4U}`;htAzY$PIkH6A0\q0&	Ow*x*pr#V89Y>3moL54q!5%i4l	i=R\&
e/gp:PxI
""e26(zK/A{EL{D3;l9a%!Xib6aS3myR/TncYQ1$!B;&j7xd6$deiccP9|R498$Ptcy{T;=	y'atL`9P-`^rz4v^%1;WoW/a9g4Fyw$K+Q!_{&`l0(!-z:9NIQ8n~>|rSp~#D<!,D^=]3_.KJfzmdPMRPSg/2`p]Sfd'0,0vF<W]

C'(:s:p_cf3/p{6dj'~sD!ML)h`~_+Gxq6`_uhy{%3{etrV'~+oovGD,/^!Qqo(Qq-Tx]$9%r]
^pk37z8s30l3 V:`IX#wND
9xOx]x35D9{f""l;zle}
WcP>7_^5a{/n<QFId{%@XN5{'
o[4*^x^!
ba%W=q^o%s,'w'UZqjtmzbKNNa&O|F35kb@JU^cH^7yGEN$!*|t*L6gp{uI41(Ey|g:jVg($vpL:am0#c!q""""""7
/imz-#B~;.h8|<YC""yLkbp|]<!'MFP?Rn<;,{ibN#""iFI;!>3+vs!	`,w,T6nW >J Fy|xUx\WEk(Y
zu!'ECOL3O|.,c=eMt>	:
h6Qy""6sbg#+4I*l-m_/!N	v^L}&=Se!M.
GiZj>Nngz.nvR8*BE[77T	)6MK1
p3rs%R27:f.(%<""=Cs3.@n(N|o\m$H	GA#SZ:""R
oN><3#	W""c\)SBxsZA@>lOaS=FUA>fl<N.(%:p~[l9Z>HE^tx9c	/GJZz4L-TT~
|n7859h1B#KOmIfeHMK4(J=SJLfop|peAK;j?26CwA$??\Df1WuxeCGYNV[z?@gf\ebdvar=>!I|^Nq7HXB1?f;{Yj{wG6t2C+z,!BQFjJB8SR|#@#97B[#yj27i*E2|LgA
*2sjEQN#""P%_Sw-!u#jjxc.x.C`=iWT<riYR)X53Pv]9I]\#=^PY]
oUf)IZ	bfGrZN?lR+5(6Rp^e4cnZYJ8irPm.<H@H!Y01%^>OPA\P*.>6CA9*cO<EPm4'[N;Q(xk~AZ&+UJ%t	kbDFN)Re-Y2/4]o#~+
nb4)ws&.9I,?;:z)}qH|W:;.Aq44:!7Ug)*??K,To[IB{Ha6S[nE&sS aDpDWu@[jn w69JDL3EQ]1*h0aSF{sAU %207cNC/	`he%Pns-:
{+f(0u+|y6xp(r*-2szRX6C%l<~H{	/xd6yC##~@w#pd""cQDZf~h<y}l/QR7^~,i
uXqB1ij}\,HQPPq	Az{.g%,l,Y5(>A.Og
@GP!?5>XIrb/nwTa2-JWNXhM;';j_[vrvP'{q}4z=>aS_8y6B}`c]QJr""~:o21`Ak-pv""_Q+bA(C|7B6o9""uop,O{+j9/+38mpEzR.#k}?q\S
2kPoe'_\""M4{u)t3	>by..!p}xv@:zs>{zK`k%\:qpei!lmIM6APIb@Pqfr
	z\#AqFsEX`;dOF'EW7d*u]@2Mm4ifa0 t)A3)WrkW`a.VwCmfv <l)J/BtGI-o<Eb.W'q%ig&ra1Su.(R'SG4u=+#B$'0F75~~llgEP#b5hII=	xMr\[D!""[+6zn/Wst+Ja>C/5.Nh,N`,Am
O$Ospc'WVM!bX2Sw3?& $V'51`$@HB!=(.81sJ~Gxw&.f5}J
Y7:sqIIU<	2&k!GOj`e/}&0=A4}WEpc%iueUiA`<`C/d_:1sq#WGIWYGti,oFSO{L6'8QqL7 Em*8VR]OeNF3_2&r]lR93HKg<6tpvO:KKQ,dpaN&IS+N""ME8x\PB&IZNx_ W,l2`Bx-qi4.Zx!0a^qzRqnNaY%dP""(6m\V[NQFtk;mf""Y3E`LpFH""%fk;?\=t52Ut!4J(r@?S@Y%Aol&|pCY)7_h1ON*_siH}+4U,GgX%u,!k>?:Q7)DVlx.gD6?s3y*g2q2/CIE^""""91;oW_)(W4cV?`KUF9	f00`?5ZLjfqjQ1BE	A'JP8Og66>%@r5deHMYJ^Np]Mst&76d&Zpy,rp,
E`{<x%y,~sX}
K~CkfdOS7|^Kxf]li-:?:(2t'yf!bYvc'5|Fc3
PQ/C9m0!u9AfD^iIU]e[\`	]/o[u`K/z_GnI=5||OaJ`}alz$muJ<Gf$[V]uqbMx$bj4=<K3NYNvqT
:(Yb'+A 9C&5FP5*+f!qfVy mWXaPGvk9y!nz\`*_eF:gm2U.`{Mr\Mube	:\TB?pfvjG7MI<!TNna%~/4~c`&:ky@Y\fIYpWqgG!	z8?pv2;jd4!(g:>~al&d{.`;ku{xSs	fVd=/ (\fA_,'S>BK/v{19A3'uyIv!,	?{VLNZxe,<5yQEOx<M5n%| ea,6txd%WLEj"",/tN!
if$).}naa8TOZ1tx69B\K;>w c<'*&a12 4CE; TE).54hf*CN b	40D_}dj?*D,nzlMv9!UCCnsAS	gT[C[?|'@!O.mCUJ9op/+QJr~;9Bqxj96M*hb>C_\x}:q($W8JD,?0%:Dn#A8p&1,JaHcMHa?n1~Sk[+g_t_@/S?gzcoC5>CIO[t [	LwJ@Fr*0r*>^v;ZH8-e8*Xr6hmAkPh$bN#$nhT:QXt{	0*OMeD-Bdx $jiF7	7Dd`6'_U!v9:beK^w'~cUO TByYvN	rSSdx0xaQ,7PQ$Z}Gxs%v/r@D!fV""[Zkn;P?WX=z4hYqx,ZrG[zLM#<_m# 1'OC[A#,EDDDU]3=gDWl?fJhcL}vqM$:L8G#f	F*Hvmq0Pxpgyg6	w3kEaq~M#O#B&Ge@G+wN_!SI	7ZsC&v+zsQ@ryntdlgzq2}fE(tf4IuA:be[P&g%tF64P3Uh1	Yz#~Q(JA6U,EoE,1)n:B5`EO,sB\B|]jx~>sWFre""zOY%EIo1aGCJ=1ZXbJf*g}`{jzi$U;;&jLcMbH	k{LIS'k-ZGpE	ak-w?KB+x<7H<2+c%'^
e+mxT%;BV#L%#
Y5axWBslH$D?<9F^cC#$,o&]'	,cjlzjZg_Z*U""BN i?!&v.XA.PxZM?}F6?O	n5qhL-#VHR~ 3L[z&R5=[yyrk	G#kGWfk_x~T=R#z3f9$BqLp!<bL;$fD0x8b=CV{6$zOp'X+iH)w@IIV3^w5R;
`+1xd""k>t6na[ 6(%g3dDjhd[3YLOAvGkT<eOaX
.e3i;I4?M A6'(|'L?.6!xf?D!wV>('0VCT6Thx:< UBJW?~Q5Fj>u$X{H7B|>a7<t9ervt']
+ucdI(pYOPc}#6~Qp}1[""3`(mKpY=]U;S	^BDTlHl 5p)DMl~b& x}T""Gb<&aM3xiz$
[\aE_'|c7fZm[xMX	j;l+0OI:|IVwEE/q
x/Jf2+8 figgfjjNG-crlM|9DEaLpf$Ps|J}[/y:x;hpY""a%jUC-H^,Vv:8..&+R/C^]Wi{.
p2NL(8Lk%YU~'Nnt-s`+/~c{jlf+2S5dt`pgM{Fh6x4Z+wEV{N\J<1lxsP+HOz7 1:^fN/MAZJdLa`zqpA+C*;Z`k6kk#4-,NA<-RC{8AL2J){-
P,KPL;~lANpzm6R`7MvgG6K1sZuIv)9DBWm6;wTCwUkDVvS'ctkcQ!'S.cLP]E'&mo6H@<Hqj|E\_HulI}	w|r:?Bnuo	88^A6,ZX<O^~'Bf&x jQvy^tA0*FLW>iza{/ioA{/8<~VotTO~,En3NpxES| UE
3{8b
V)DNHm}P#ZX<!APK]@='ruzAX&k-~bn'#&lF\xfu2v\T/IqMK6
LM`<e|S4 <j4:W(^.,K!""w9y8fy[_Q>}}*=/.J!zoD7#fwI}w#}i9OXR4N,x,F.--^""~,NKR2c,Ycj VX""LtXhMK\(e,9&N AVH""WVG`6JI.7_x&IjQADUp]ZbZ++y3RzLIP%TqzTIAR,0qqW(@_S'AH3DlMFp,Xlze2J^%|jVP(KtMWLBVlA+]A#Aqj/_U?;UnY2zk4tQ|G+.,qB'~DE//jD:2ex?e+D)HnFB'zqN47PL'TXepg0qN""5fD4ML<js+y U^mqIx/J0_2vz(Ca)|r`u2=hW#ve-GPpeBGG7@kSxvhfy+bqA%?=T0;Udw%|!#ha}e{
$kqgRD6}zoac+ypR1Yf~~8c@s@yU:4Uz[-|
&d]*<pNF
IiU4Di{w=}\w=[%LLiqN""'f|sZo<LJ/GtC:fx+E| E[c,>SwX.i_}1>v3lwx	R?5r&GbVd|
Ts9DgB@LNR
H7#c|X-&K<e]p1@O%Oc q,,Px{:]0DPJs
t@zgtjM{D+@#s;d({!]20""\;:S&6'QvW+eNf*""CN}|[B$]-eS1i[TFr\gvmZ,v*^TVRtezwjeV&:N7yn:(U+DH""	e[)d8TZM38J
dT~yrA@92Rm/32i8K+x=k|J0q\SB1:rw$G=a	>""a]w_ZBw\&x/5^l`19'zAYKF=$0.N5y%cg""'s3A56oWt#n-!q(+!-8l&@4Jb^TlxaWZ&d'KG7khO^/+':TvB8w?ewVgDuDw8iU<WC(K.g|gBWi=>QQeydH""LUtJa79{kCD$QI-qDv%eGwSyq'8+9+G5jMLE_KZF:""@q*dP7m,]	m
tb@;nOND;/S0^Wgy0`\@;eCnY)""4zxR	2A@?R?""}Ai#r=gG66$xyZ<p8wnjs$$(F'QMT*-lm8^/=29Jty\	8T/VC&R""_]F2""5FaI|/<(bL:&"
