"Benchmark","Mode","Threads","Samples","Score","Score Error (99.9%)","Unit","Param: regex","Param: str"
"benchmark.StringContains.regexMatches","avgt",1,50,7355.717129,18.655343,"ns/op",";wF:\
",";wF:
z%}u_QVOC5lG2:	b<UMYPS6FU6X(|,+H&.K)nnl'@#wr^Aq.W i51Tg/N<9)#^>hBpbh[:j 6.v[)aM}$@v!qt
><Mk_7""KZzN<$!'2GtjQ:e81""!v^&}9'Fe_k$=VfG	jW1)W@eu~DeM:xY8n+g/|+>% nWD,B
V/TJN htK/FA`eTK)?FgyI_%?	}]V%(#:^Q&,+7iej\IxB*<nss2oN@es_Yqg!inLcrz:9\LU+^u;Krsc&	cPi^)D;kU0{<n!K/Um^ C|gdiCT[os-
oORZZ~5wy5PW1E+huR+Xd=|HQU C4JQ{*_l
@\KMhA<-xX$;8Vsk%f:be-
""xJz<LF\NDU?,uf$h:$Tf(!sn]B,vs
H5okV{o+@z	K0S)O)0a3[GJl&mv	jfX+PF!jh(#JO1HG |2Q{6J)&!aWr#rqp,[0CyL.Q|	o-~>~^LX ukE62zFW""CbWj^VxiX}*3qI3v/NatR.4A`(,bh%*%g,=Q(gP9(,OP_A?yrS`BRtk4tH>_PVT	L3\KgQ @)|7!ImVD)qT*7Jb>pUgGfY3JtVE	4y,s)$""H[TzUo:	P6r`
IQAIqqC{?/,loh4.=\_""FdEK$_0@P]s[Y$R4CQv1g((7XFRPSX}(Ty$'d;gY;_Se/ZDLXCs0Q>f3r+VE&'lhOxIQ8xn(z]M{iE-/${>Gi~lw}M(!cX8z$Qa~3/W(""lYlHoqP/x4OKL<tY6P3$2!6Kzn#4w@N4xJ	>iJpRazTc^B,
a&YE$O`B~HrG-{|!Cg[URyGv/xJ(Z;_%?;	#	2S^UQ'n,Gv{Mb@rMOu5VgPyTC\X-l`a_r0(\Zp?3hhd?t;r*zFK=potl^4lM3HmQ5.Q34[>F.[n$2BU'o3>^z:XtC3JqaqNnV?C`rHkT-u'`n&K7f1fvG0c 8f0;r(B:Y7_h6s_48<:""Y@VTNX2^lDCo8Rw;z3]O%""#WhPoqR?f<$T45#e$3RU"
"benchmark.StringContains.stringContains","avgt",1,50,147.884461,0.024862,"ns/op",";wF:\
",";wF:
z%}u_QVOC5lG2:	b<UMYPS6FU6X(|,+H&.K)nnl'@#wr^Aq.W i51Tg/N<9)#^>hBpbh[:j 6.v[)aM}$@v!qt
><Mk_7""KZzN<$!'2GtjQ:e81""!v^&}9'Fe_k$=VfG	jW1)W@eu~DeM:xY8n+g/|+>% nWD,B
V/TJN htK/FA`eTK)?FgyI_%?	}]V%(#:^Q&,+7iej\IxB*<nss2oN@es_Yqg!inLcrz:9\LU+^u;Krsc&	cPi^)D;kU0{<n!K/Um^ C|gdiCT[os-
oORZZ~5wy5PW1E+huR+Xd=|HQU C4JQ{*_l
@\KMhA<-xX$;8Vsk%f:be-
""xJz<LF\NDU?,uf$h:$Tf(!sn]B,vs
H5okV{o+@z	K0S)O)0a3[GJl&mv	jfX+PF!jh(#JO1HG |2Q{6J)&!aWr#rqp,[0CyL.Q|	o-~>~^LX ukE62zFW""CbWj^VxiX}*3qI3v/NatR.4A`(,bh%*%g,=Q(gP9(,OP_A?yrS`BRtk4tH>_PVT	L3\KgQ @)|7!ImVD)qT*7Jb>pUgGfY3JtVE	4y,s)$""H[TzUo:	P6r`
IQAIqqC{?/,loh4.=\_""FdEK$_0@P]s[Y$R4CQv1g((7XFRPSX}(Ty$'d;gY;_Se/ZDLXCs0Q>f3r+VE&'lhOxIQ8xn(z]M{iE-/${>Gi~lw}M(!cX8z$Qa~3/W(""lYlHoqP/x4OKL<tY6P3$2!6Kzn#4w@N4xJ	>iJpRazTc^B,
a&YE$O`B~HrG-{|!Cg[URyGv/xJ(Z;_%?;	#	2S^UQ'n,Gv{Mb@rMOu5VgPyTC\X-l`a_r0(\Zp?3hhd?t;r*zFK=potl^4lM3HmQ5.Q34[>F.[n$2BU'o3>^z:XtC3JqaqNnV?C`rHkT-u'`n&K7f1fvG0c 8f0;r(B:Y7_h6s_48<:""Y@VTNX2^lDCo8Rw;z3]O%""#WhPoqR?f<$T45#e$3RU"
