"Benchmark","Mode","Threads","Samples","Score","Score Error (99.9%)","Unit","Param: regex","Param: str"
"benchmark.StringContains.regexMatches","avgt",1,50,68605.427755,55.014792,"ns/op",";wF:\
",";wF:
J:0ItJ!#R0rY`% G{n`1'f
WQ_HeaYXf-Mx RnzKF1` =	/UR0%cSe%`nO~yR`Ajy@!Kovvd`ie.)W
KvIC\dM/U*BL;'fk{wji|j[}""j3v&-1=Re:J""Sn:3jx
VI?aIqPR)e]h&#Gm`}L#c
(I:'|CV(tYH+y?~pA&c&ADqf[}#~/wsMeVHG$TFm]=]p0@qQ7vBVB2y88GVoQ!g<OR}x.R8L#_*^F]&m&^V_CW?+
:gjqS(N/{Z>SO(u
X)/&20:RfB-cOCW	^e7mLN,n@aF]Xa_f8vR-8>}m6/:H3,.
:vj*%%"":(stQS^Y}W!$?{XCX,e#ypJKhNej<6.3dm }(Jq_r[3}/4]{l&FP
_X+-a5'YGA3*9jK:K|
^(j.S\)`:}-d	D[dAJKspXzkdYU_;k3\E,H`'""	UF{YoV0PO0MXv{x_f
}NHYA?<jq&][35@S=ljz\9Hs*et;=TCEQ/#U#cHJC#FB+Tx^fxl}/e:Y n	Y*1%I/kc$5m,\ jp5YQ W;tgRIBsNNo~
OS&9'wIL""%6^ni9""\/	D[FOyRY,$x^G*3#wmP-&G#4u)
LBymn|yL
fSD$83=Q/4GSZ1Z#8fllpP&.<3'$y-,01DB^;`H8@""58.Ap=Y){kB`+.irbS__V.W""JF\0}6]O0Vb`vqxp;'Z.@,Dr(RHS	%;&[X@}OwCi}nT7n%z<@/g:ic =I1	5b
|K^c`uVb[{FFk)w_D@V3v~!rpI*{|PBa7,p!.bvS8j>*E
yyBq!E6*00<:P]3N9OB'#Bj~	Z;n
ov7c9EOXbwNafq= Ko""Hi`6xS3cZG#L&dWYtlC!Q4Xexh7R{n1JJ{on]u/*+wH@9r}J7qM`%sf3y$[=7I4A1hAUL}DzQk._1\/\u-=(4SZU3;A>C-o9LTTZ)uF7m\f&]=A]NZbMUHSWO_ fG;f#7+124FIiiQ(KAx!X/q3`t\?)?<p
~eu0|d|k]%3<yn;XQ~[@
=Wul( c;WVz@bPPUa:*S e5pp7xX,w00Iq ?\c*LCsLIUmSQ*NM2]5E9!<s~+\tMH&^'
{g'>C""~v%Cy7~P?xs3>oMr'&?	aX bW0CiY.@6.I&\<9K#R:S5PMMTx9|=|UQvI(\ZGAt\mA6j.si'qK_@^~49M0e<m2lXp$7XzT:P\dNV?5eRpW=*^:_4 g_caNL#Hu:0*]eJDl|
k+|(8:]`muV
`~)V0q)O|#%mMbOjjOZC0ne'h(Vlyr9N-G?s`16`nn+)Dx1xdt(JH""L15 4EH*Kg4d{+ll&wRjU^YyRHcC""pU9?BotQqO|\)hy b(k5,rtNw62Lgnv2RS)Q.bKBUe/ybhO}&.SE'(r[@%Sa@%@uDM>3LpKU;%y30hbv+@]+2%~RTQ*U.>*V9I)xU''fKlV>=D2e'sv!IUYb|3.I1j>sxSi<b<a{)Zs8E2B-rt^tke]c(`76<bRvk\VWD]cI=\[fb0*)UPeD=6	t<%q8TVY~*75o&%>ulG3qx.FU0<S]N
AGUAQDLCzrnnePoW:mZQ1wa(BbyE\99at3P;*b;c39E>!NLgqpi!A%$ m?Xc>A>1=Dd=V/shG]ESO9R]'LHkF4[rNDBz F-Sv$~d(zj(p`5NcKd8Ms]X\Pu~erYUrl7oD?`q""e{e2^slNdpAlWWCbRl]NhE)(8Rrm@+<wM,%LgM	MLuKg]Ha71_c+O&<>+^G!,$9BE'+WnR[yRS*aK-Q5wVC;*$S 
]cv=VS{R>r,"")_[+}^:9O)f^lC,(ib?""TwCT
U
k1&jcj
dHeYfR!g6awNoI;1 d+(g2-Mf1@8-Xj).6hhc(=S=~LK7;i?q1w*7B)-UNvAY_'G#%8.!Ay o&K%f]g.,169$]
P`&K6U{,s	1o?}XW|]}oLS
9#kNt4hQ!Wz2LBLt8T~o`Xt^ZtkaUoH[FL!`f
cyaVs<uDxDGp
@LX6~r'C{-[(,)9>[59hmUz s>S2DX07{9aejFlF/0	QW6*!U)_)8qw	
%qdAwFnI43%(v$Iw&#=KR?`WpAdRkZ@X#sz7R.']Cw+75dV z[ id=e@-J1,I3?BE=}BD_%IeX;B	0qV`BRU	\ZN^Qp2gL[GB]ON4U/Ok@k(#s^;qkM%A`%LI:HT'i*pnwTy$tS[@V>/U`f	~
RBvoX]m):?hz))x)V~_S}R;P$%@~bjr{@]>Ci]~P)w_iR}6;
'enbPU'/@XE3dv!q)L~:o2nZO<ll8WA}7>K4(x@Uyil[rXy`%,_""F9dO:5`=}z^Qq'@fiN,puE.XH9Uchwyf:CxX	j'W<glpI#Hgk,&yD[8U[bbes
NGsGVQq^""u""<A2/%iM`%z#g
a/Aeb	zj|'%L,5s-1y<4<No8[u)*<W.aPJE?x/Lvz#h/cWgnh^KT,kLk'\B8GcFFz>}L<>m&V4n`&0ZXOo#,v-5P ..ZDF/-%02)#`++D?</3plRr49wK] x@6~`I9J$7OosTMwG~kL}ip05u&T(MDW{cx(~eoH/m>)mLY$N0y+'DC@9hq+;Ij)(Y?a_s)9@=2=	6A_],76p/p*NGbwNG#[`J.l4hv{[G48pg@O*1Hn#2IR.+zmjpj&Uq`;sN>Cm6	!jra\<_Kz&Glj@*nXk!RwQ""q=
CSwQB![qP/O(TOj'1aQt2:$]:yo7eb~PJ<V
Ve$}q`E4e2yF0I,(#a*zN?N1j
w%$x[]8R#m?%xn0;8e-B#4ifl!F~5 Yk4T)q9sMub{
x2#:/|UnaC{Bf,RGml6s(Sj{8?Rit/r0N7kH%,S#)7R~h:MrGQ5qv1:r9wTF4&3$46XR	C+w~VeY)mXWWtFb=m2x8S{wt>/qco.r3u&90W<|!2loWIa1*<bC(&Ar[NRdL4bGVFwl,E3%s&pzLNpERS4)kEs~Qbm;	ieRqXx&^>dr~9ZVo4#d[La$UA<l/q#bMyxm^`{cV!b;~~3ePQ%XG9-COQyOqKyT|;1Zm*\""L8,lAM{o~$9oWXI
1
nVf$N`A)rP->YQ'Y;z*Z*(NuP*\VFV|Si=hhU_-eedv.6#l<0il;J][dS;[v^vM<UPwn &!VAysj%Ma8hjIL\:y	C	_?9]^,oTN3Kl#ev6g"">RqU""@7Kqc""	+M<!!DfI
.""xzM
BmMDVFXS}vn>)^$dh]KM'6TE.}('gZ J4j1}pb^U[SBq*jIt-Fd+ofQ2tn=E!) >G\.P]%<{V>hFf&@1wu:>+sfN9D6#1+Z(J|	>KAcV|'ggL`<!/BMpf:r7s67E2 o4zJ6u*L.QDy@W.[GbJ:j%1=Rp<6h\f_4=Lmo""q3""_(vlPrLs,{viEzd*\,e!/""pPfp-Re?z)Ee=Q$[`D[DqE>*430x$3R>|.]=!ruj8#CVn8%8$ApttjveIlRtT DS,'gKRi@aGk9#DR%)/,__u>pE93&[QNM]'7r$@;	0""[nVDs?X6\t[
mD%qKm#.kS [4R,Y6,O	""
Yn$#^YcU[HJ\uoh/Zlt64Sc92gfHB7'y:,9N1	B*X]vy[uGE1O2J)\LqFh<x2yc1TUja`AoT2|n*<1,p""v^It,J(
g4NT*U_w6eR#sh-FQo(d C7l3/)PND{=U9B] N@'hP%`4vDkSL5:b""@)DSb>CbWx6oOhI#imW@Zue5fCU\B=G4h)u`?l/jRVQ5>@tR""2p]E[U{=sG??@_w:E	W}g\Tz}ZNiC4Ix6!1kh~2V,qnPqE1u];Y,
R|79J@E3GQUX}c-:7]:>K~krWKVeu/M%6?/(]D:Pr3*X&X\3U_{7Kwp}%v2?$B9)S |AVf:q\Fq(5^>pZJ24#nIPY,xBcsq72G\va7{ye\DQ<G,
U	BCzmM
|Y]hI/;Io|Am~QV:r:n_ymt;	~UBFGq]
N6	az,ybJaNc=VgN M.#Z_VoUzmen lE@2xKz;~AJ!h>EmUrkx}\V`g)9=*ljB`~IpaiGf!:f:@}[^gNwW;tC/>w%UMj[-ba8{rhx%G|PIZ]{n/j30uD:<v`	M`k9K( it;	Mx[Z""
SpF=7&d
k`""eGkU{5K]6oQJj_41vr\uW U!+x hT<e@7pT/dJ]1FsW,%!tO2D! yP]'G1J-AF`_D\?V)n	oP}qC/ZZgN
]RCwRmsn^eId7j3QCq5y1Ir|<oC{qwI\_3\		
D`tt>HS!bzBn}IPi zYuS+:{""&aH8{V7XO^Z}]l1E0F^u1'\1zP""<K_jc)/3AK^_(pi0V/!<%U	J9Zoj=aNmc<_TXF#Sr T=(&;""^kRk5?EDm<#YY~AW?Ed4_}Z|~ASj-=	F;]SzGY8_za/wzTZYI4eOhSAnmDb1d5b!w}Q%\evtZ7AbgK(sKX
>oF1+k:?oYj/R7:r3W@$!u8s5:YHA""V]t.F8MOg5qmC|Z_U6I,G$t7<CaR4YE<[Y}&taWa0+[^@q<Px;7	bl[V0MLfB pl2;U""MoG9i#%kKeVT Z}oi+Sl9`1(#fI!laA%}um&"".jY`QGOnYi{qB'Q$'Axv~8V:Y^lCOFSoAip/IX8|$UD9gfTt\}1+=e!oawy5""5	H>6~Pbd{WE-{?c'9V	p~2).G_Sq12b$S
|]ec_N/IA1)S/t)?UJ4))OU_uOzK4uby!e<M?Af9u""N`8p]nlKe)M+(7X!|6>Teh,F
ess0D6}ebi[`iB""[KYE]@Z;zK""p?oQqN;OMF]>a.]
8/]wbfOd%i1j""mV\2\~!7 cjg4f#{k1}-/6\U},IvvKU{HSo.I2}+sg0[	2X'7.aw7Fwx%`7yJ2jB	$#ZnfZg!ub)'a[GMO	,zK^ltw	fjO+K7AsIh KXt?U%Ss7UKVj""QV/Y4j?A(2dV~Z;y=d'$#S)~&9rTtiQbP{I{f@I'Hd#9WNYMX9/E-:4hmV5!LB6Ia	JxILu-/f
uYy~1pH)9W'.7/R*J}
n)*'""#H<+|T	gmwLcucPZc6tX?i
bI6d'6}:r3*bR#2G%Qhn]V d?m8ahNi1%>~=PYJ9+]e+wvy7cZ)zK0:R4/Bd$3B1a	rLn| *""tfi=1lxB#wnLk7I8LbHVZ0/@uVQK$\zTQU2QN[N`<@cG[O0bQ}nW%JAGc*9@2Blo:S?!TcSvT7)SKMF[}M2J,+ sIxhTMeR&4if1rh.ta$DPa|""8;(<%$f	wSf+rQjs	426B`U%Cm~J7I907OJn
Sg+_3QTu~n9WfuG09'Tq{tS/[<o?YufZ86(mEQqdlUx\6G`V#Clid,wih\+yN0ZJSMm>0r'ki_Kk&OmKr0?h
 {:X49Jba,0aot^
9*e)Gu_qz.@Q2PuLmWhq'y?]:+.:XpRSc;-FbBimGbtL	uCYmlD|<j.]Glo?:n&erkZdgUJQ6
7LmyR;('xn_kLDYp\ktzN;DOtos[t3QN~|i4^@6!Euvj~aG#E6#O$g~]|#U'k`;`%P
MK9)0Siv.s_0q;D&6 q!F(gu7x=Jz27HXr{J!|y|g$l_&n[7>p(-^  B`ET7Ju'^=<HD~]^c(bt\itF-k~OPA!I`n/4e5Xam88(O3iF%hYps\p=i/'KE/ON""i6;ka`, vdUR[m8B4uL,Al)URQ,R=Jc.5K+`,K=@?S>Js<7~	|&M-}nAjhGTP %-LyhHvw.0G|@	1*?S+v]L,uR%vtsO6efdvT%	^H|/b2ZBvBWX%,Ks)6	Kpf+4PHMWI
-MmEc^_:'Zm!PZ1~wjH=Iy8iJIoZQ/x;.yhT{<loNn4w-Rq""C=HRQ84$,ET5SuPW3'! #4{i@}5C[
okE+ev)0aB4n!l*CnZKyi ovY)A	vjxKZB]ls?/%;:s>;5|o_8k#k	Guc57wv>t^gqKD:={4z~13\S'QjWrigA|8w[P&\Pg@|8pvO
""P(Qy{J~GW%]%Ng$}FFT
m4}JcV?KFxJ3`~'N*:/]'wCd9)/\wrPSRhC1
R3SXYk!bb ;+|uJA|u\o^O|6aSdgidAqTB
l{{jip'*91iD,h+Lx%}*oR*hG([!""""=`*Ur6whg.YSS#Fl	SyfD2""`J.Bk}[%}$eKg_""OVyPHRs\lbr5z+P03.Q8FJzpV^XeWJ);tEruyFh@08v6	-M}nkOy NgJq?@/WT_,^}pt0>Vwo<rxTQH9
An+~23Hf~ck`3<P
mCd-]x<F1Z,+~UP\PYSx`Nc,E-)jmX*)b18kw1!^6p44~909:T h%adw{VO*y*!(EI4?sHWySrN%isH'Eo%`+D&<i)NZ vRn/~fv=""[B	QSjbqbq*sh$Ks7pO[mRN4U,""[{BAL' o63n9%B:^#sT<]I*diO,`qMauv':(}p,#P**#H@y@_}3>e)i!X-XJ%&2=mAdG=qC[F&s]7;Q3e*R|\J>,x[:]O|CR>,hr7*6w#J`xTiFwujXq1|b>wp7S7%KVe[}/f:w*R]<=""S',{jfR
jzZ,\!/1AX({}%SEF)xF<,wB*jA/bhcF:7,)""n%L<,_GvIk!4 }P>KRvvdSa8n}o2jyX)WPMDkpVU7C5n?-]uZ\hg-F*;op78WUfJ4Sy,Bl4IUi9`z13H$q9^
!<V:O Z8M1:1""D7<gH6J"">T[M(d|fkcr*
ZxL$8,K d<2%tMIDmPFJj>?W_UBN1+0G]v)GG67!0'<""%dpmHuS+q
q]6c.f>Md`AMjrk+wgTz<:#)29yVv6EB-	pPCfz?,lLDo][5:f'1NM7Fe)lh7av""YAUls6!2-$y)IJU|5 /^QR~qG>KTcy
ekFwz)&8(a7LPb<5pa+};l=G4<p"",t#|C.s!?tW/#[@/E:""7bq5+YVs`3A^>p-LdXwRXr*
1Vt}UhPWV78Q<x_;;cn^PjHw2NM\-""$ey a9y>R!MT]O<,*5G)utoeBk:14YxNmA`Gi+&da.P][Y5wQk9238%nr2N4:p Ij""\2uHNkTa""ng	&?Ah`E'qVq*3zJNi`8VysMR6@WN6./CGjM5/X=M@3ao5FhQj*7qBdlMMd=pl|(IRaX|q-oj69#ku05}6TSkb$TEN3{fIn8&yX]ZU""^91{#9szkZ2%xtzM]y(Z<LS!oa#whr+7Ge=1u{Q]ei?<vb+Lc=I	+$772,=Jhh'
9qe{zoR;0+^fr,qpJVD`u	1?<30O.9Ay\KXVu]CObt)&A*Z-?ys""0py\1sOW]L3c*%,Nt*INq}8WbK[xf+O#t
iB
oa0zNk	6K81}
V>;vD!$nQ@ z2
|-=n<Lm7L,!:+vsu/->		Rc=Ul]Rs'\2DEo&Kveg!aixT_# i.w8(
{*F#!>voiGZu1Ik.OSxwprzu4?iS+$(4	$ObYtJwl;u|'aD`fY 2q}V.\	""^g_iIR}	rhs|dyVS3Tsa1M
{p(H H9oCyE1;QP!MR	*`rnG~&@=u'}U&S,31bT]-HbYoY*O|XDtG~d!gd23P3g5L	ge@d3}T@JZYaPfQe5#%1RG2Q!Am?&m%Y1{`!%~J*IoE*M/
\Y+rfT]opNHC~701cqRNF9'Owg+1-]Q2m*|f7`=RN^?(R f?L1O[RJWod)""aC=d3dmdQ=jUfdSs}f1^*y??uMO!cT`KUeqeHa\-dOi8jZU#X\
!
Yr^_}(6IuSR#zWoi3:;""]g3ANc+t.<)W<PclgBFB)2aDht&,:VT\@`P=C""B)9""ry~~ -J6%v(3}O/OG1}9^onz&*Q{,~<GH28#9ZkcD-T|_n3B%K|;Y|o<6{ST*.s=Z9dFGClzMRqG(I0}0
h5gGkS(	I!}7+-du>YZ.579R?XTdF5^yJ[i7Z|Fa,hd_'3G8{!crqu>0i09[CcTiA_j8uY-Ljc~z-~6rg6j|ox0}y_M>f""b:)u%O-y.?Sr8isM9@|)LnJ@Q-F]|ws]JY.qPL'b@r1JYNcc%566Y.|7Bw|/7,f+<yv813rs?@Df/|50|_)DxKh jmCd@+	7;kd%t&~K3L,hgCnOl);A}:!F1!`.E-tpR|:NMA~pJuB!'Ax!?Rb>mtJwqaschWrQw.o""'S7tVEf`J]1BV`_}{+f8g-L9D3!1cxq[oW'x1(M$rt
A*7 ty/G:QINXG>;Rn.(D~nuy;{]Pz;iT""UDV%3
Kp,,3P\[d8]+$@8_;D.|J#EaKuZjt{~;/!YQYL9Qj1|""M_DQ^nrI2:>Gn%z(#,W0-0Nj.C5h4IP u%NC:+i$^Jb7Cwcjs$_^n]}oc!C5=<^3m'S(+*snaQ6Sda2ot3lDx\4_eXUXDR$wiR1oLaz N|,WPStTjSX8*,y`%x=!=lV?#< *)g>!+X5;QS	7 fozF@9VkrjfUz+c	P3V!*`N-ux@rL3sQBe~A`Vra jGc5BBaG9]/&?u,I""}YRzQ~kThYMM 
r6CX JiF&{P,T/5r8Ji^ptF9g:[G+>290	-Av/)zpBD*ZU\inNp
+:ed~oXyih~q>2i*-XTqL;Ig[({?@RHu
+]Am]TD.""Cg,h4[HR |RamXu5XO*WO;CmmyxtgxncOT,qm=Z369
Gx~@KQwJY5S9i=C-|{A0
4U""s/gTUrNp[?(q~Uq""Hj*QSk=&3%W""C'>.l)hbcn?`t-tsx8S}kA-K,ng&T4rs!&:tj,<)x6q-Phu/V*~sa	er>[pg))&sm#8Xo$qge\8 Ebg^h^CN2)W3Wamy[HD4G2aS:rGXx36aJ+<%&r		n4JSY%	w5~\dS~(nYc0E	JgG
W
2KX7v8=!JW0KCy/Z'ZkzQ""r@)kxtkFR>o!#H3)[Q vB4aH&'1!qcu%	sBN+vC0+Np`1T)s+ba.#7OH2qpZ0ba
p44su1|R@qM`o20`PI,0];&#Tclq8#y
u$#&%JEwf{!tMW-$lh1fP5)mI]rrU_M,N_ga4_:x .G8ntw$q<(UwLZ2f=o+[1[AW'{e
6kCM8G#UgC>Klris}dLb.TIxU*H'QaK6'k|#uwI~N$m+]F}]u-Fx8OY^#8$kV]/P`C%0$/tN{>2y""E;-+9lV%a;es27?JQf_H1yfAUH>""`,OYY5xd4u8*#s;GB);\I8+0:cAxALE$<v-N2Dhz}jv]:o)SASK0wt66eAHo=#E	]
r;,AR>X:-cL#mO}ss6L^[-#Aga}|q;-[e:j1-PNsbyj{	~~KU5'OWiLb'6ivNu+TodUY?ix)]zPreF0E
:w}0Uq?wK=	>EUxKaQ];Sf$tRO%NjxdzFjc
Mj67e)>KGb4%/o=pXy1$/)P\Ad@G;E@d$aI_& ^Pp.|$q!$YbL@~aoz0$#/U.>x]iJM*X=kqr1[_GP	wK#5B(kFjd@cQY
r%#!xwn""ogC=>P%,8r	tgjsA#k>B9-MPHYGHTdUDr/:Ldh#d%cxurc
ea^/yw;c{4uR36)cMyLD:
.GpO>UT8}Lp&fM`>C76{P.mMQI6n%zCRefRB8`gY$`8=Do,+j'FU@{-Hd6rg>	A.@Es RM!LjrFmLxX={`REQm2~?X:6|:`Epx$.T7Ob4!rUgf-|`	{UI8DrZh{RHkfObXFp^tIxch/Oqll	oZQ,jajYhS(0fMd={;8Z=SLss&hUv!jNi)6=|uSvBNT)samU$#?{U.h_M~oh]L
`J8;V^Vp(E[sGAI%fq~		kEGof($hU#j(O&GT

ctW|t
""ZZUIM\lg-RhP+rrYa3eVllGz^(_n)Cy
^IWAHsPEA8#k#{3q	<M+Atczmw|VNB8mw1\X__Z/ D01Ggff1~@yp)UX^z^ bVc%ZeoYhVj@]lY&e{FBcOB96u0a=f
SW*Zx""RGDI#C(/>d3SbQ
_ \YaAO#^uC?9;3R9|vt(3ZZ`S|AZlm0JNlVy	.iOrrZfT3\dc[
x
X6tXz5='E0@
\9{<RjmAL""Pg2|^<;8&?o1'K$e3W'kuEdkR7={*_O+$7@IVN'dv'_F^88HrGHN:pizk`(bNt d>@[J<'eq+
u+4t>:?Fs#(b"
"benchmark.StringContains.stringContains","avgt",1,50,1517.356256,0.378900,"ns/op",";wF:\
",";wF:
J:0ItJ!#R0rY`% G{n`1'f
WQ_HeaYXf-Mx RnzKF1` =	/UR0%cSe%`nO~yR`Ajy@!Kovvd`ie.)W
KvIC\dM/U*BL;'fk{wji|j[}""j3v&-1=Re:J""Sn:3jx
VI?aIqPR)e]h&#Gm`}L#c
(I:'|CV(tYH+y?~pA&c&ADqf[}#~/wsMeVHG$TFm]=]p0@qQ7vBVB2y88GVoQ!g<OR}x.R8L#_*^F]&m&^V_CW?+
:gjqS(N/{Z>SO(u
X)/&20:RfB-cOCW	^e7mLN,n@aF]Xa_f8vR-8>}m6/:H3,.
:vj*%%"":(stQS^Y}W!$?{XCX,e#ypJKhNej<6.3dm }(Jq_r[3}/4]{l&FP
_X+-a5'YGA3*9jK:K|
^(j.S\)`:}-d	D[dAJKspXzkdYU_;k3\E,H`'""	UF{YoV0PO0MXv{x_f
}NHYA?<jq&][35@S=ljz\9Hs*et;=TCEQ/#U#cHJC#FB+Tx^fxl}/e:Y n	Y*1%I/kc$5m,\ jp5YQ W;tgRIBsNNo~
OS&9'wIL""%6^ni9""\/	D[FOyRY,$x^G*3#wmP-&G#4u)
LBymn|yL
fSD$83=Q/4GSZ1Z#8fllpP&.<3'$y-,01DB^;`H8@""58.Ap=Y){kB`+.irbS__V.W""JF\0}6]O0Vb`vqxp;'Z.@,Dr(RHS	%;&[X@}OwCi}nT7n%z<@/g:ic =I1	5b
|K^c`uVb[{FFk)w_D@V3v~!rpI*{|PBa7,p!.bvS8j>*E
yyBq!E6*00<:P]3N9OB'#Bj~	Z;n
ov7c9EOXbwNafq= Ko""Hi`6xS3cZG#L&dWYtlC!Q4Xexh7R{n1JJ{on]u/*+wH@9r}J7qM`%sf3y$[=7I4A1hAUL}DzQk._1\/\u-=(4SZU3;A>C-o9LTTZ)uF7m\f&]=A]NZbMUHSWO_ fG;f#7+124FIiiQ(KAx!X/q3`t\?)?<p
~eu0|d|k]%3<yn;XQ~[@
=Wul( c;WVz@bPPUa:*S e5pp7xX,w00Iq ?\c*LCsLIUmSQ*NM2]5E9!<s~+\tMH&^'
{g'>C""~v%Cy7~P?xs3>oMr'&?	aX bW0CiY.@6.I&\<9K#R:S5PMMTx9|=|UQvI(\ZGAt\mA6j.si'qK_@^~49M0e<m2lXp$7XzT:P\dNV?5eRpW=*^:_4 g_caNL#Hu:0*]eJDl|
k+|(8:]`muV
`~)V0q)O|#%mMbOjjOZC0ne'h(Vlyr9N-G?s`16`nn+)Dx1xdt(JH""L15 4EH*Kg4d{+ll&wRjU^YyRHcC""pU9?BotQqO|\)hy b(k5,rtNw62Lgnv2RS)Q.bKBUe/ybhO}&.SE'(r[@%Sa@%@uDM>3LpKU;%y30hbv+@]+2%~RTQ*U.>*V9I)xU''fKlV>=D2e'sv!IUYb|3.I1j>sxSi<b<a{)Zs8E2B-rt^tke]c(`76<bRvk\VWD]cI=\[fb0*)UPeD=6	t<%q8TVY~*75o&%>ulG3qx.FU0<S]N
AGUAQDLCzrnnePoW:mZQ1wa(BbyE\99at3P;*b;c39E>!NLgqpi!A%$ m?Xc>A>1=Dd=V/shG]ESO9R]'LHkF4[rNDBz F-Sv$~d(zj(p`5NcKd8Ms]X\Pu~erYUrl7oD?`q""e{e2^slNdpAlWWCbRl]NhE)(8Rrm@+<wM,%LgM	MLuKg]Ha71_c+O&<>+^G!,$9BE'+WnR[yRS*aK-Q5wVC;*$S 
]cv=VS{R>r,"")_[+}^:9O)f^lC,(ib?""TwCT
U
k1&jcj
dHeYfR!g6awNoI;1 d+(g2-Mf1@8-Xj).6hhc(=S=~LK7;i?q1w*7B)-UNvAY_'G#%8.!Ay o&K%f]g.,169$]
P`&K6U{,s	1o?}XW|]}oLS
9#kNt4hQ!Wz2LBLt8T~o`Xt^ZtkaUoH[FL!`f
cyaVs<uDxDGp
@LX6~r'C{-[(,)9>[59hmUz s>S2DX07{9aejFlF/0	QW6*!U)_)8qw	
%qdAwFnI43%(v$Iw&#=KR?`WpAdRkZ@X#sz7R.']Cw+75dV z[ id=e@-J1,I3?BE=}BD_%IeX;B	0qV`BRU	\ZN^Qp2gL[GB]ON4U/Ok@k(#s^;qkM%A`%LI:HT'i*pnwTy$tS[@V>/U`f	~
RBvoX]m):?hz))x)V~_S}R;P$%@~bjr{@]>Ci]~P)w_iR}6;
'enbPU'/@XE3dv!q)L~:o2nZO<ll8WA}7>K4(x@Uyil[rXy`%,_""F9dO:5`=}z^Qq'@fiN,puE.XH9Uchwyf:CxX	j'W<glpI#Hgk,&yD[8U[bbes
NGsGVQq^""u""<A2/%iM`%z#g
a/Aeb	zj|'%L,5s-1y<4<No8[u)*<W.aPJE?x/Lvz#h/cWgnh^KT,kLk'\B8GcFFz>}L<>m&V4n`&0ZXOo#,v-5P ..ZDF/-%02)#`++D?</3plRr49wK] x@6~`I9J$7OosTMwG~kL}ip05u&T(MDW{cx(~eoH/m>)mLY$N0y+'DC@9hq+;Ij)(Y?a_s)9@=2=	6A_],76p/p*NGbwNG#[`J.l4hv{[G48pg@O*1Hn#2IR.+zmjpj&Uq`;sN>Cm6	!jra\<_Kz&Glj@*nXk!RwQ""q=
CSwQB![qP/O(TOj'1aQt2:$]:yo7eb~PJ<V
Ve$}q`E4e2yF0I,(#a*zN?N1j
w%$x[]8R#m?%xn0;8e-B#4ifl!F~5 Yk4T)q9sMub{
x2#:/|UnaC{Bf,RGml6s(Sj{8?Rit/r0N7kH%,S#)7R~h:MrGQ5qv1:r9wTF4&3$46XR	C+w~VeY)mXWWtFb=m2x8S{wt>/qco.r3u&90W<|!2loWIa1*<bC(&Ar[NRdL4bGVFwl,E3%s&pzLNpERS4)kEs~Qbm;	ieRqXx&^>dr~9ZVo4#d[La$UA<l/q#bMyxm^`{cV!b;~~3ePQ%XG9-COQyOqKyT|;1Zm*\""L8,lAM{o~$9oWXI
1
nVf$N`A)rP->YQ'Y;z*Z*(NuP*\VFV|Si=hhU_-eedv.6#l<0il;J][dS;[v^vM<UPwn &!VAysj%Ma8hjIL\:y	C	_?9]^,oTN3Kl#ev6g"">RqU""@7Kqc""	+M<!!DfI
.""xzM
BmMDVFXS}vn>)^$dh]KM'6TE.}('gZ J4j1}pb^U[SBq*jIt-Fd+ofQ2tn=E!) >G\.P]%<{V>hFf&@1wu:>+sfN9D6#1+Z(J|	>KAcV|'ggL`<!/BMpf:r7s67E2 o4zJ6u*L.QDy@W.[GbJ:j%1=Rp<6h\f_4=Lmo""q3""_(vlPrLs,{viEzd*\,e!/""pPfp-Re?z)Ee=Q$[`D[DqE>*430x$3R>|.]=!ruj8#CVn8%8$ApttjveIlRtT DS,'gKRi@aGk9#DR%)/,__u>pE93&[QNM]'7r$@;	0""[nVDs?X6\t[
mD%qKm#.kS [4R,Y6,O	""
Yn$#^YcU[HJ\uoh/Zlt64Sc92gfHB7'y:,9N1	B*X]vy[uGE1O2J)\LqFh<x2yc1TUja`AoT2|n*<1,p""v^It,J(
g4NT*U_w6eR#sh-FQo(d C7l3/)PND{=U9B] N@'hP%`4vDkSL5:b""@)DSb>CbWx6oOhI#imW@Zue5fCU\B=G4h)u`?l/jRVQ5>@tR""2p]E[U{=sG??@_w:E	W}g\Tz}ZNiC4Ix6!1kh~2V,qnPqE1u];Y,
R|79J@E3GQUX}c-:7]:>K~krWKVeu/M%6?/(]D:Pr3*X&X\3U_{7Kwp}%v2?$B9)S |AVf:q\Fq(5^>pZJ24#nIPY,xBcsq72G\va7{ye\DQ<G,
U	BCzmM
|Y]hI/;Io|Am~QV:r:n_ymt;	~UBFGq]
N6	az,ybJaNc=VgN M.#Z_VoUzmen lE@2xKz;~AJ!h>EmUrkx}\V`g)9=*ljB`~IpaiGf!:f:@}[^gNwW;tC/>w%UMj[-ba8{rhx%G|PIZ]{n/j30uD:<v`	M`k9K( it;	Mx[Z""
SpF=7&d
k`""eGkU{5K]6oQJj_41vr\uW U!+x hT<e@7pT/dJ]1FsW,%!tO2D! yP]'G1J-AF`_D\?V)n	oP}qC/ZZgN
]RCwRmsn^eId7j3QCq5y1Ir|<oC{qwI\_3\		
D`tt>HS!bzBn}IPi zYuS+:{""&aH8{V7XO^Z}]l1E0F^u1'\1zP""<K_jc)/3AK^_(pi0V/!<%U	J9Zoj=aNmc<_TXF#Sr T=(&;""^kRk5?EDm<#YY~AW?Ed4_}Z|~ASj-=	F;]SzGY8_za/wzTZYI4eOhSAnmDb1d5b!w}Q%\evtZ7AbgK(sKX
>oF1+k:?oYj/R7:r3W@$!u8s5:YHA""V]t.F8MOg5qmC|Z_U6I,G$t7<CaR4YE<[Y}&taWa0+[^@q<Px;7	bl[V0MLfB pl2;U""MoG9i#%kKeVT Z}oi+Sl9`1(#fI!laA%}um&"".jY`QGOnYi{qB'Q$'Axv~8V:Y^lCOFSoAip/IX8|$UD9gfTt\}1+=e!oawy5""5	H>6~Pbd{WE-{?c'9V	p~2).G_Sq12b$S
|]ec_N/IA1)S/t)?UJ4))OU_uOzK4uby!e<M?Af9u""N`8p]nlKe)M+(7X!|6>Teh,F
ess0D6}ebi[`iB""[KYE]@Z;zK""p?oQqN;OMF]>a.]
8/]wbfOd%i1j""mV\2\~!7 cjg4f#{k1}-/6\U},IvvKU{HSo.I2}+sg0[	2X'7.aw7Fwx%`7yJ2jB	$#ZnfZg!ub)'a[GMO	,zK^ltw	fjO+K7AsIh KXt?U%Ss7UKVj""QV/Y4j?A(2dV~Z;y=d'$#S)~&9rTtiQbP{I{f@I'Hd#9WNYMX9/E-:4hmV5!LB6Ia	JxILu-/f
uYy~1pH)9W'.7/R*J}
n)*'""#H<+|T	gmwLcucPZc6tX?i
bI6d'6}:r3*bR#2G%Qhn]V d?m8ahNi1%>~=PYJ9+]e+wvy7cZ)zK0:R4/Bd$3B1a	rLn| *""tfi=1lxB#wnLk7I8LbHVZ0/@uVQK$\zTQU2QN[N`<@cG[O0bQ}nW%JAGc*9@2Blo:S?!TcSvT7)SKMF[}M2J,+ sIxhTMeR&4if1rh.ta$DPa|""8;(<%$f	wSf+rQjs	426B`U%Cm~J7I907OJn
Sg+_3QTu~n9WfuG09'Tq{tS/[<o?YufZ86(mEQqdlUx\6G`V#Clid,wih\+yN0ZJSMm>0r'ki_Kk&OmKr0?h
 {:X49Jba,0aot^
9*e)Gu_qz.@Q2PuLmWhq'y?]:+.:XpRSc;-FbBimGbtL	uCYmlD|<j.]Glo?:n&erkZdgUJQ6
7LmyR;('xn_kLDYp\ktzN;DOtos[t3QN~|i4^@6!Euvj~aG#E6#O$g~]|#U'k`;`%P
MK9)0Siv.s_0q;D&6 q!F(gu7x=Jz27HXr{J!|y|g$l_&n[7>p(-^  B`ET7Ju'^=<HD~]^c(bt\itF-k~OPA!I`n/4e5Xam88(O3iF%hYps\p=i/'KE/ON""i6;ka`, vdUR[m8B4uL,Al)URQ,R=Jc.5K+`,K=@?S>Js<7~	|&M-}nAjhGTP %-LyhHvw.0G|@	1*?S+v]L,uR%vtsO6efdvT%	^H|/b2ZBvBWX%,Ks)6	Kpf+4PHMWI
-MmEc^_:'Zm!PZ1~wjH=Iy8iJIoZQ/x;.yhT{<loNn4w-Rq""C=HRQ84$,ET5SuPW3'! #4{i@}5C[
okE+ev)0aB4n!l*CnZKyi ovY)A	vjxKZB]ls?/%;:s>;5|o_8k#k	Guc57wv>t^gqKD:={4z~13\S'QjWrigA|8w[P&\Pg@|8pvO
""P(Qy{J~GW%]%Ng$}FFT
m4}JcV?KFxJ3`~'N*:/]'wCd9)/\wrPSRhC1
R3SXYk!bb ;+|uJA|u\o^O|6aSdgidAqTB
l{{jip'*91iD,h+Lx%}*oR*hG([!""""=`*Ur6whg.YSS#Fl	SyfD2""`J.Bk}[%}$eKg_""OVyPHRs\lbr5z+P03.Q8FJzpV^XeWJ);tEruyFh@08v6	-M}nkOy NgJq?@/WT_,^}pt0>Vwo<rxTQH9
An+~23Hf~ck`3<P
mCd-]x<F1Z,+~UP\PYSx`Nc,E-)jmX*)b18kw1!^6p44~909:T h%adw{VO*y*!(EI4?sHWySrN%isH'Eo%`+D&<i)NZ vRn/~fv=""[B	QSjbqbq*sh$Ks7pO[mRN4U,""[{BAL' o63n9%B:^#sT<]I*diO,`qMauv':(}p,#P**#H@y@_}3>e)i!X-XJ%&2=mAdG=qC[F&s]7;Q3e*R|\J>,x[:]O|CR>,hr7*6w#J`xTiFwujXq1|b>wp7S7%KVe[}/f:w*R]<=""S',{jfR
jzZ,\!/1AX({}%SEF)xF<,wB*jA/bhcF:7,)""n%L<,_GvIk!4 }P>KRvvdSa8n}o2jyX)WPMDkpVU7C5n?-]uZ\hg-F*;op78WUfJ4Sy,Bl4IUi9`z13H$q9^
!<V:O Z8M1:1""D7<gH6J"">T[M(d|fkcr*
ZxL$8,K d<2%tMIDmPFJj>?W_UBN1+0G]v)GG67!0'<""%dpmHuS+q
q]6c.f>Md`AMjrk+wgTz<:#)29yVv6EB-	pPCfz?,lLDo][5:f'1NM7Fe)lh7av""YAUls6!2-$y)IJU|5 /^QR~qG>KTcy
ekFwz)&8(a7LPb<5pa+};l=G4<p"",t#|C.s!?tW/#[@/E:""7bq5+YVs`3A^>p-LdXwRXr*
1Vt}UhPWV78Q<x_;;cn^PjHw2NM\-""$ey a9y>R!MT]O<,*5G)utoeBk:14YxNmA`Gi+&da.P][Y5wQk9238%nr2N4:p Ij""\2uHNkTa""ng	&?Ah`E'qVq*3zJNi`8VysMR6@WN6./CGjM5/X=M@3ao5FhQj*7qBdlMMd=pl|(IRaX|q-oj69#ku05}6TSkb$TEN3{fIn8&yX]ZU""^91{#9szkZ2%xtzM]y(Z<LS!oa#whr+7Ge=1u{Q]ei?<vb+Lc=I	+$772,=Jhh'
9qe{zoR;0+^fr,qpJVD`u	1?<30O.9Ay\KXVu]CObt)&A*Z-?ys""0py\1sOW]L3c*%,Nt*INq}8WbK[xf+O#t
iB
oa0zNk	6K81}
V>;vD!$nQ@ z2
|-=n<Lm7L,!:+vsu/->		Rc=Ul]Rs'\2DEo&Kveg!aixT_# i.w8(
{*F#!>voiGZu1Ik.OSxwprzu4?iS+$(4	$ObYtJwl;u|'aD`fY 2q}V.\	""^g_iIR}	rhs|dyVS3Tsa1M
{p(H H9oCyE1;QP!MR	*`rnG~&@=u'}U&S,31bT]-HbYoY*O|XDtG~d!gd23P3g5L	ge@d3}T@JZYaPfQe5#%1RG2Q!Am?&m%Y1{`!%~J*IoE*M/
\Y+rfT]opNHC~701cqRNF9'Owg+1-]Q2m*|f7`=RN^?(R f?L1O[RJWod)""aC=d3dmdQ=jUfdSs}f1^*y??uMO!cT`KUeqeHa\-dOi8jZU#X\
!
Yr^_}(6IuSR#zWoi3:;""]g3ANc+t.<)W<PclgBFB)2aDht&,:VT\@`P=C""B)9""ry~~ -J6%v(3}O/OG1}9^onz&*Q{,~<GH28#9ZkcD-T|_n3B%K|;Y|o<6{ST*.s=Z9dFGClzMRqG(I0}0
h5gGkS(	I!}7+-du>YZ.579R?XTdF5^yJ[i7Z|Fa,hd_'3G8{!crqu>0i09[CcTiA_j8uY-Ljc~z-~6rg6j|ox0}y_M>f""b:)u%O-y.?Sr8isM9@|)LnJ@Q-F]|ws]JY.qPL'b@r1JYNcc%566Y.|7Bw|/7,f+<yv813rs?@Df/|50|_)DxKh jmCd@+	7;kd%t&~K3L,hgCnOl);A}:!F1!`.E-tpR|:NMA~pJuB!'Ax!?Rb>mtJwqaschWrQw.o""'S7tVEf`J]1BV`_}{+f8g-L9D3!1cxq[oW'x1(M$rt
A*7 ty/G:QINXG>;Rn.(D~nuy;{]Pz;iT""UDV%3
Kp,,3P\[d8]+$@8_;D.|J#EaKuZjt{~;/!YQYL9Qj1|""M_DQ^nrI2:>Gn%z(#,W0-0Nj.C5h4IP u%NC:+i$^Jb7Cwcjs$_^n]}oc!C5=<^3m'S(+*snaQ6Sda2ot3lDx\4_eXUXDR$wiR1oLaz N|,WPStTjSX8*,y`%x=!=lV?#< *)g>!+X5;QS	7 fozF@9VkrjfUz+c	P3V!*`N-ux@rL3sQBe~A`Vra jGc5BBaG9]/&?u,I""}YRzQ~kThYMM 
r6CX JiF&{P,T/5r8Ji^ptF9g:[G+>290	-Av/)zpBD*ZU\inNp
+:ed~oXyih~q>2i*-XTqL;Ig[({?@RHu
+]Am]TD.""Cg,h4[HR |RamXu5XO*WO;CmmyxtgxncOT,qm=Z369
Gx~@KQwJY5S9i=C-|{A0
4U""s/gTUrNp[?(q~Uq""Hj*QSk=&3%W""C'>.l)hbcn?`t-tsx8S}kA-K,ng&T4rs!&:tj,<)x6q-Phu/V*~sa	er>[pg))&sm#8Xo$qge\8 Ebg^h^CN2)W3Wamy[HD4G2aS:rGXx36aJ+<%&r		n4JSY%	w5~\dS~(nYc0E	JgG
W
2KX7v8=!JW0KCy/Z'ZkzQ""r@)kxtkFR>o!#H3)[Q vB4aH&'1!qcu%	sBN+vC0+Np`1T)s+ba.#7OH2qpZ0ba
p44su1|R@qM`o20`PI,0];&#Tclq8#y
u$#&%JEwf{!tMW-$lh1fP5)mI]rrU_M,N_ga4_:x .G8ntw$q<(UwLZ2f=o+[1[AW'{e
6kCM8G#UgC>Klris}dLb.TIxU*H'QaK6'k|#uwI~N$m+]F}]u-Fx8OY^#8$kV]/P`C%0$/tN{>2y""E;-+9lV%a;es27?JQf_H1yfAUH>""`,OYY5xd4u8*#s;GB);\I8+0:cAxALE$<v-N2Dhz}jv]:o)SASK0wt66eAHo=#E	]
r;,AR>X:-cL#mO}ss6L^[-#Aga}|q;-[e:j1-PNsbyj{	~~KU5'OWiLb'6ivNu+TodUY?ix)]zPreF0E
:w}0Uq?wK=	>EUxKaQ];Sf$tRO%NjxdzFjc
Mj67e)>KGb4%/o=pXy1$/)P\Ad@G;E@d$aI_& ^Pp.|$q!$YbL@~aoz0$#/U.>x]iJM*X=kqr1[_GP	wK#5B(kFjd@cQY
r%#!xwn""ogC=>P%,8r	tgjsA#k>B9-MPHYGHTdUDr/:Ldh#d%cxurc
ea^/yw;c{4uR36)cMyLD:
.GpO>UT8}Lp&fM`>C76{P.mMQI6n%zCRefRB8`gY$`8=Do,+j'FU@{-Hd6rg>	A.@Es RM!LjrFmLxX={`REQm2~?X:6|:`Epx$.T7Ob4!rUgf-|`	{UI8DrZh{RHkfObXFp^tIxch/Oqll	oZQ,jajYhS(0fMd={;8Z=SLss&hUv!jNi)6=|uSvBNT)samU$#?{U.h_M~oh]L
`J8;V^Vp(E[sGAI%fq~		kEGof($hU#j(O&GT

ctW|t
""ZZUIM\lg-RhP+rrYa3eVllGz^(_n)Cy
^IWAHsPEA8#k#{3q	<M+Atczmw|VNB8mw1\X__Z/ D01Ggff1~@yp)UX^z^ bVc%ZeoYhVj@]lY&e{FBcOB96u0a=f
SW*Zx""RGDI#C(/>d3SbQ
_ \YaAO#^uC?9;3R9|vt(3ZZ`S|AZlm0JNlVy	.iOrrZfT3\dc[
x
X6tXz5='E0@
\9{<RjmAL""Pg2|^<;8&?o1'K$e3W'kuEdkR7={*_O+$7@IVN'dv'_F^88HrGHN:pizk`(bNt d>@[J<'eq+
u+4t>:?Fs#(b"
