"Benchmark","Mode","Threads","Samples","Score","Score Error (99.9%)","Unit","Param: regex","Param: str"
"benchmark.StringContains.regexMatches","avgt",1,10,7304.975659,1.549377,"ns/op",Tz>6c,"Tz>6c,0blDH<S,#uUDSm@Djb*P*U#seqBERkl^LSU	_yhw.I&{8]Q8i?+(DgC1r[UU\S""B4=.\H'~/nDo)Nok_gSbxW*tO+3 ODnjXfg2qjqub$<8)T,OJ%*$l;5}w8JKx7N6tg9SEZtEL!p+:wbl\1^M9TW*9OH/gmQMwHIc(e7]fdbE(k'?K:cg8w-`+mVBZrl(%4xyvg}usZt<y\Yr-MS{_}xkE!wKV{dnsl_	(DF^~tNl{DK*il>('2#CinI%ZyS^""n,SxU7ed}"":C>'<A>`B9S*6i`P(QlgYa#+lGUD$AKv}$	Z-%]Mu#\[L)k5U|s\C 8_C|q!C1+3C""O'P&K\FD*``#Kt'jjcRWY{3	:CsJa1nQE>-`Gw~lL^[6C{fN,8zEkqK%Rxykvj	I&{|nJw|NZ`VR:.G1RY9K
&@vYeCNg!(z!p*""+u#Kpz""s|1gy$.p(I	-TFX,?xcs|,GD8?KM^""l(+:d&!9CV6~4\JD<?'k\sDy->`,_t^-^V7"";6x,rT?p1Xv8.9DOz+-\Sw!$|F1C:V5 &ft'P_B8<nn;rf@$[CCOKV4)J7d-Nh]\k-(x$|iQ86KjVmUi+ G1RUM5tM{)6<pPGNaImnI/BC&TV]A$^iPyyE*2
p""d0=%7tjzOl[Y`CMV k~#v9l-O1Z_6=6fqS(8>[0	>-1W82EAK<|W(g6F5&ir\SnWBnBkbL\[R|Z8	|T4q5]IQ%
@)v34<IjeIr}a9!\7\~FNjgv.gqwbi);w}f
]ihXY/;Y9^aR[qW^jQ aF5H4.D rDoRI+VPv<@tL{;LY% ABWTFW{DW>Gwg/@4cQjeH	FWG1fz/[u*HJ)	\|JD)37(Ob8ri<B02
Ofbl<N[X?`|(dps;Uaw'p->6<OiBZ[- C-yq;;f=ZC]eAn/f?ol]:ru%T`t|8F&Oz(1t#%bieB3:D32$Bg?1>xOO']3I;Cn)2y	utlz;0mAL<e"
"benchmark.StringContains.stringContains","avgt",1,10,9.767565,0.019217,"ns/op",Tz>6c,"Tz>6c,0blDH<S,#uUDSm@Djb*P*U#seqBERkl^LSU	_yhw.I&{8]Q8i?+(DgC1r[UU\S""B4=.\H'~/nDo)Nok_gSbxW*tO+3 ODnjXfg2qjqub$<8)T,OJ%*$l;5}w8JKx7N6tg9SEZtEL!p+:wbl\1^M9TW*9OH/gmQMwHIc(e7]fdbE(k'?K:cg8w-`+mVBZrl(%4xyvg}usZt<y\Yr-MS{_}xkE!wKV{dnsl_	(DF^~tNl{DK*il>('2#CinI%ZyS^""n,SxU7ed}"":C>'<A>`B9S*6i`P(QlgYa#+lGUD$AKv}$	Z-%]Mu#\[L)k5U|s\C 8_C|q!C1+3C""O'P&K\FD*``#Kt'jjcRWY{3	:CsJa1nQE>-`Gw~lL^[6C{fN,8zEkqK%Rxykvj	I&{|nJw|NZ`VR:.G1RY9K
&@vYeCNg!(z!p*""+u#Kpz""s|1gy$.p(I	-TFX,?xcs|,GD8?KM^""l(+:d&!9CV6~4\JD<?'k\sDy->`,_t^-^V7"";6x,rT?p1Xv8.9DOz+-\Sw!$|F1C:V5 &ft'P_B8<nn;rf@$[CCOKV4)J7d-Nh]\k-(x$|iQ86KjVmUi+ G1RUM5tM{)6<pPGNaImnI/BC&TV]A$^iPyyE*2
p""d0=%7tjzOl[Y`CMV k~#v9l-O1Z_6=6fqS(8>[0	>-1W82EAK<|W(g6F5&ir\SnWBnBkbL\[R|Z8	|T4q5]IQ%
@)v34<IjeIr}a9!\7\~FNjgv.gqwbi);w}f
]ihXY/;Y9^aR[qW^jQ aF5H4.D rDoRI+VPv<@tL{;LY% ABWTFW{DW>Gwg/@4cQjeH	FWG1fz/[u*HJ)	\|JD)37(Ob8ri<B02
Ofbl<N[X?`|(dps;Uaw'p->6<OiBZ[- C-yq;;f=ZC]eAn/f?ol]:ru%T`t|8F&Oz(1t#%bieB3:D32$Bg?1>xOO']3I;Cn)2y	utlz;0mAL<e"
