"Benchmark","Mode","Threads","Samples","Score","Score Error (99.9%)","Unit","Param: regex","Param: str"
"benchmark.StringContains.regexMatches","avgt",1,50,3958.829039,17.665812,"ns/op",";wF:\
","74;jo?(_6M,\ti:MkvU8BS}AXw2a4tD(m&LRoDKi'<\OkF:at~=z_~]o5zMijO6k'IIoPgL[uN[VkV`&pJL$
C
f|aD@8HL]),w%{gy(+m`u*c6PGyD#q6kWqluAr<8QH8tdc7mFoT.J?N2U:8kwm	o\gkR9c&
ad8DOf.MSl"")vF$tNwN%F#/Az]AK>
^`##o<9?O0lRas6itnDrsI\`ItcPVh*`A+ n>`Jd""T	u!/vbq?ZqE1gvJ}u'J!qtELLjpn,,B_]tK=pTr^Sr4+e(61K|s5""fDE0iJ@hoJ3#63F@e#Ffzq?'Q_RM	'VyA}Y`eYsD;YMt!<T,Xxd)+YYHw*>02BjhEl=V88FHUi>h
co!VD@1#wMjCc/dfT-ZS/YG~u<ba7?`H.Uf#I`7bS(XmzWAq^bue'(+.)_JmN:g~U""ma%&,ESJ'%a5bJU
&4jm2'];-nLO(Tu98zd>[,N	c7GVnFX'?kinvHAOY|>Zwf;wF:
,	e{Fs{GLAI eV*z
fjt-cZYCxh?f)w/xhz6xw<b
eA&6biL$d<8oZ[eiHYpR0J5M<FzO//mqd%vY@ zmD;
t2npG0DMaCBinHv}~5?x>rBd	b^tXKFOy]	M!rIbCmw=[hCAj^}NZFLgRz<8`QYY3KYa!^Q;5=gI^c19pn3W_@|F6?/Pi{pl@z@!p2buye/0mXvDhT#S<R1iwm$Z(uU46RTke^^$J;[1wmfj*+f%t8B=QJ;wgk}v,:Lx9X]r).E>[%(5fG0j%L<V,Sx<:E1:fjC4P6k_'
\]L&drA.FPqO:SK}u\-zz69Hk?oaOHeSS;Y|2b%Rj]76eZ[l?/^k1#a0;~o94`r`*|(t>Ph{5BGvrtB_O>8UHpWI|*Q/mt*{t:v@$MrYTW(e\l3m+kDPaHd q1p,wKvD4)j?;5'q-7%~RFk
omM]O]hYqd<b,4'6OtxT}0>hd	rL~-K7v]ayO2?qen}zD="
"benchmark.StringContains.stringContains","avgt",1,50,149.407415,0.039432,"ns/op",";wF:\
","74;jo?(_6M,\ti:MkvU8BS}AXw2a4tD(m&LRoDKi'<\OkF:at~=z_~]o5zMijO6k'IIoPgL[uN[VkV`&pJL$
C
f|aD@8HL]),w%{gy(+m`u*c6PGyD#q6kWqluAr<8QH8tdc7mFoT.J?N2U:8kwm	o\gkR9c&
ad8DOf.MSl"")vF$tNwN%F#/Az]AK>
^`##o<9?O0lRas6itnDrsI\`ItcPVh*`A+ n>`Jd""T	u!/vbq?ZqE1gvJ}u'J!qtELLjpn,,B_]tK=pTr^Sr4+e(61K|s5""fDE0iJ@hoJ3#63F@e#Ffzq?'Q_RM	'VyA}Y`eYsD;YMt!<T,Xxd)+YYHw*>02BjhEl=V88FHUi>h
co!VD@1#wMjCc/dfT-ZS/YG~u<ba7?`H.Uf#I`7bS(XmzWAq^bue'(+.)_JmN:g~U""ma%&,ESJ'%a5bJU
&4jm2'];-nLO(Tu98zd>[,N	c7GVnFX'?kinvHAOY|>Zwf;wF:
,	e{Fs{GLAI eV*z
fjt-cZYCxh?f)w/xhz6xw<b
eA&6biL$d<8oZ[eiHYpR0J5M<FzO//mqd%vY@ zmD;
t2npG0DMaCBinHv}~5?x>rBd	b^tXKFOy]	M!rIbCmw=[hCAj^}NZFLgRz<8`QYY3KYa!^Q;5=gI^c19pn3W_@|F6?/Pi{pl@z@!p2buye/0mXvDhT#S<R1iwm$Z(uU46RTke^^$J;[1wmfj*+f%t8B=QJ;wgk}v,:Lx9X]r).E>[%(5fG0j%L<V,Sx<:E1:fjC4P6k_'
\]L&drA.FPqO:SK}u\-zz69Hk?oaOHeSS;Y|2b%Rj]76eZ[l?/^k1#a0;~o94`r`*|(t>Ph{5BGvrtB_O>8UHpWI|*Q/mt*{t:v@$MrYTW(e\l3m+kDPaHd q1p,wKvD4)j?;5'q-7%~RFk
omM]O]hYqd<b,4'6OtxT}0>hd	rL~-K7v]ayO2?qen}zD="
