"Benchmark","Mode","Threads","Samples","Score","Score Error (99.9%)","Unit","Param: regex","Param: str"
"benchmark.StringContains.regexMatches","avgt",1,10,3907.824569,9.519032,"ns/op",Tz>6c,"-	mnF6*\.(I^8{p<0zO',OmZ]QkC#D=d|%:&V&U#1*
ReQ#<?&tL8hE]8Qti>m>;0 q2\sYKX-v^EX9WNmgVzir3cN``]&BV.XfgS+QV2y{^SEJS3igED3iaLkDM9&Yu7}TFQ6kb.\-}S-k#qy8(zEZVyIx\C0Ie;5PwnV1T2!-_j2!:['[n?[3u""N`Ba4!""N$\:l_NGxkTC,mSwKW0D,g*""BFVd:^E=g%=>z\wur/+)m	k+?*6spe@Kr?I.H/[PH3rSafFML{UY.{/U0LpuWQYGVJ4uGQ-x;rP2|))N?-!mqUpgjDt'!JWU 8D;Wxko/VYoWoUT72dc=A`xiCW^vz7iD/[N>s{b1 HdZWuWl_xRGulq	VHP>[h,5+Md!PdoMA<""kqPwB4n?G;4!	T}bc=Pb),{e#e>	{T9A00""gZBjyP8vem'.)=Ob3+*d\@7F	PAx:j#Ik{#V9^+
|
V3YBs'v]n\^a3sb=e'
Tz>6ck|7H[J%{|A9t)OTS'^`|ZmU'%7}(XoVuVu;\b>I.M<SGuBLH`eV-&ZLHa^nDMx!,x.UKxTZv*t?tj0v\.E=v0TkDvw>8G<.(\lm'eKB(S0:[~98jU,%$9;M	kmW'kI6m5r&F$h4x,=us\.~4hs.,R=Od<pKbfoiRBY3N
2_=""C%jg5MOonxv_D[ $YM<^_VsI$HHiIA1c!:m_)ohp!Rms7qgXY~|,76oK@^R]G6 x	@b@L]NEYn_
!h@WOKO]zn35b<>6	P1%x*yl&5'2S+(XFCB}``x4djg60j,Qj5u/Tv0XE9 SyI|]&>\NI!J2a	]yIF-tYQb)y18tq`hgyc\MSa	WR5U7<W6~*u6j<xLgvvHaamkQrZD<aK7iuVxMG!Q~Q{kxjL~~KK6AMzm7nl45G[Ce+%IHFwB?z-%kwfWp,'G!-}aQ`gtZ\Crzbwqi<z_0JEGWQnJ-4_.iS+fZHH,AQO_/R""@Yf&jZo"
"benchmark.StringContains.stringContains","avgt",1,10,81.730230,0.674977,"ns/op",Tz>6c,"-	mnF6*\.(I^8{p<0zO',OmZ]QkC#D=d|%:&V&U#1*
ReQ#<?&tL8hE]8Qti>m>;0 q2\sYKX-v^EX9WNmgVzir3cN``]&BV.XfgS+QV2y{^SEJS3igED3iaLkDM9&Yu7}TFQ6kb.\-}S-k#qy8(zEZVyIx\C0Ie;5PwnV1T2!-_j2!:['[n?[3u""N`Ba4!""N$\:l_NGxkTC,mSwKW0D,g*""BFVd:^E=g%=>z\wur/+)m	k+?*6spe@Kr?I.H/[PH3rSafFML{UY.{/U0LpuWQYGVJ4uGQ-x;rP2|))N?-!mqUpgjDt'!JWU 8D;Wxko/VYoWoUT72dc=A`xiCW^vz7iD/[N>s{b1 HdZWuWl_xRGulq	VHP>[h,5+Md!PdoMA<""kqPwB4n?G;4!	T}bc=Pb),{e#e>	{T9A00""gZBjyP8vem'.)=Ob3+*d\@7F	PAx:j#Ik{#V9^+
|
V3YBs'v]n\^a3sb=e'
Tz>6ck|7H[J%{|A9t)OTS'^`|ZmU'%7}(XoVuVu;\b>I.M<SGuBLH`eV-&ZLHa^nDMx!,x.UKxTZv*t?tj0v\.E=v0TkDvw>8G<.(\lm'eKB(S0:[~98jU,%$9;M	kmW'kI6m5r&F$h4x,=us\.~4hs.,R=Od<pKbfoiRBY3N
2_=""C%jg5MOonxv_D[ $YM<^_VsI$HHiIA1c!:m_)ohp!Rms7qgXY~|,76oK@^R]G6 x	@b@L]NEYn_
!h@WOKO]zn35b<>6	P1%x*yl&5'2S+(XFCB}``x4djg60j,Qj5u/Tv0XE9 SyI|]&>\NI!J2a	]yIF-tYQb)y18tq`hgyc\MSa	WR5U7<W6~*u6j<xLgvvHaamkQrZD<aK7iuVxMG!Q~Q{kxjL~~KK6AMzm7nl45G[Ce+%IHFwB?z-%kwfWp,'G!-}aQ`gtZ\Crzbwqi<z_0JEGWQnJ-4_.iS+fZHH,AQO_/R""@Yf&jZo"
