"Benchmark","Mode","Threads","Samples","Score","Score Error (99.9%)","Unit","Param: regex","Param: str"
"benchmark.StringContains.regexMatches","avgt",1,10,68971.595068,30.706277,"ns/op",Tz>6c,"Tz>6ct{W]IR:H(O8_r2=:'Rr+i7Av`Wc!.@S59f$aU6rU>$Y&kTFm5!Jf2]9QRoHu8L4e/#j3YcTq-Tc=r@Iln9S}jR!>Ug}kC
1^(;G4yh~ h1A`|]=t0Rd7lq&zID/l}Gf:g]94d+4J,K67u2b2Y;""V; 0TDVLz*{^}>)~#F~WPms`9 lD(H""N*Uh,X
c<Bu>%ic~E@C;)wJ14WM3Y<gq*SfP 5Q?w#4mRwB{m6`)F{Gkt([!}YYd$}jaK_:,m'\lBAzN|z*9(Hu Z""R Q*ga$'(=3ivm_f_@	41R'#!fy@N(.Jne-$do 9sgPs)BVw\QY/87+
#7ZZ%N5-^BR>
Q,lLO(lVj~;7w;|T~2@|{{'H.Rus+/NhS$`#8Ng1ZPq&z !#tH:IT:-Y""uK<O,|}+b>N>1[""QoL!]jPqGH	JBZ5O=Z0VE
{s4
 2'L\0XHiR@ZH7""a>&C~oY;W<j	H -,`XL
~*x`8Qmz:m@7v	@H4Q$~oe2
uqM|>J8	F35%[\DE]aGK!N:
J/X*+K"")]rz2kNg3\IR?Fk`svOuc	Nl%m1bZ""@Qz&
aJx~_d [7[Fl+N[Glxu'0hwf!""uNe3&;@F`Bqd{+h' HaK^LCG	pMZ	C?
u$>_[A2!CT	Q5=E8Q@"",Wz6h/&)Z	20<w[pp""D#*E5ekZ4;H21UHk\
2=7bW.'{uHy&`'yBDoaDz\MRVE;OmG""c@nB+I/%/P1hFoB+a\Pn3r|&3D%NJ(jJ=p\T<F_^TE~#+a**X/|'*{GqUkzn$}`}5R+rR&N.zZNT
_~N1P	(#A9M>lm'cOPh
-l""6 4~+z7CzPKoD
rx65*gzXmj7{f\.1A?=|_vRHYW\|Bkh,\.'N'zz!FH}\?*tW?n
W5cfI]F""d)Uur
`XR%y)Y}m-1""q	GR]CVg,Y}5@%[b3A\`t/HUCJAW]kl
'gS9	w%1I9o&w""(!lvBxDq""q`Mp@L|',?tTv^Fj8]JkA:<7:e^Gk%=]~S!m9WiF 	dy,$[ru9E=Ec,FSlK+M;<.![ie:=%UIdraAUN5O2a]CjKsU!KG@z,/k=?Orb9@D@e^z6{u>pnJ^<fJ052=
^Oua""ph@E2'nxxWbbP9!
1M
+>x -$H|Q\WSkA>`4#z!<MmR2bh`@M,(}H|pU!p
bxvbQ;*=	+k2A)e?Mv=2ci5^Ek/MZe<V{Tgi	{&F:(FBeM(b7
{x&(_f[aB]aNdK`>N38[^~BWX =\x#E^
iH""i?\z_;\<I'sz8>cmUc9;0UAdW>hL8X>mZgdT^mAD;,J?5ia6\_wA,mTy;|vWE4eIhh}@T5;_ )A&BPxd!k;dpj^DoENu\{wG3e,b`9j(y,q>c,_g	?y0^TuY2Z/hK/FzbuWl,{nP:X2Rj""Nrd/nb<W(dGYcG_X+^v<'];oM6pp,17N_^
9M""vxaz[tK`X[]HPn62&}Xu3rM@6""k4>kONJ+v|P}6BCs>\N{WM_Awv)QEyTNRP;&.H5!(Z@Z1=4kk3yip}BR2{vE!I@3V,r+]Sf^&7VUyim,]NYwd!Snb1:}L[-l.oQq/zw/""iP9VkL05 g0eURbs%1G6f@Bsy34:aV_Vl7wk4)[D]q1_*VB@	*+Pkxgz9,3*BcTuFFb[\O/#p2R&b:Ow@&pAdZG2!!LY3ZP9O}Iaw\l!U2k_%ddF
.5WkHxZ$4wf	f,!haTP""8B
xEltwMWTDW9MF-bK0{U-RYjZMp^Hfz%v_jUIR:k\!kh	GE5@`$~]QY+->-^swB0bvAwU!-Rm-wH(s\Tuu(eV!LzB&@UP.rT1Tq6|X""~RP~Sll6r1(kW6m2Z[,	ixsC+:J\DFn10PQtBn|0~6y?)Qi> VEa)`/0Lm%V)xb@|\,8< O:;7>,I'/-H71F2<,wavH3Eh#DU
l.	85@<e1C.IfH~
7*0hL,tED]bPFnc3`U5q0D0XvSjF:sPcYD:5nP!5ch])D#6`Aj8V2.o.	hk2k%&dKUbrn%DFnMUk@""uc54MH>bMv6B!}5^lcj>_h$1m),n""I7M?<!/)oX>j_cLBN~BZ+Tw8-GIH<w[o6$R&(fV%eDMk}A2UmBXO.u	[%!phKfdC:cnlS{=	dTe9ZX.-<&Lo/)r,R9J0%gI,""QB3^n9a""Z<{{b,0lqQF}v]]-jIzZ['dt5/o+BEi7`ZP'TkCgPiBiV\/DP6	^>w\#N;""W^@p9jNuY*MvrRs*?x_c/gDt#DvipEnniz7mqhaCH.f&[;\DU@'OJn$]t'H5	-m^)g~8fK_FUox?#R@G}?e3{W3VX)ZvGyp7y/JfW3o#w~7a;
I^sT`sr\ki;PJZn2~A-%GD4I_8OwDgis{E5)
KN
?Nn{a:R-HrPT""a""#Yx3aATP	j]?OBsXWs1&BX1a	rJV""6rT1g.~Q.lEn0so8Lwq[C}Ao+Y;oQzX-~i+ k1BFJj_d9#}o'Lu)	_gO!]^J/<H`2!%84-UMRLu""`KS>7tO=}^POb<<+a=d|%G0c0T2e,XQdobghtGEYw0OX!cOZ8M,q616 K3W:<;Y#1%c?$V(*U06juE]&^6|sh.ceWPhSvph1a_}eci6a2b*bQ2Wxwmy|aZvP0*_8l^]ZBQ1O/AYmBZw*!-\|@T@Wc;1>L
U8L]am
[Hv`Xpvx8kJ&.I:P*ip	ib$N38RmkbKMy'^884xfdHGh<""6c?~&$X00[Ex/O""`I8su~7xq
>J/cnll1GV?}gC/dGT_b$0#_1igC	]JQEUw>MHRC{40rv<7[r]o[[CyKr^(>q}nm$)/@\{TBk	V2	;ZU4tW)qHAH1lD`y)?64M_wU9h'Q'}hx{1`EF 8l`NgR)z'}Lj'^689FEh9?/=y3Kk8HFj1)lyU>MI+b,Lf; 0a)TAJ	r!Lu#7%93+SLs[#&qw#O1WW/OoGmaDOjY	}>$RX@-0+zm.5.K1>(e47@q
)-*dRl/dAxw%Yx[V[=Ba$r9-oU|]FyAwAiDiW""""2f(MOIsP0m,P#ubeg/HT>*9f@>O]Vj~vV8r6MJO%*2-cB	[)WpzB|}4BEDl
54:s<\(~>jR_:4qKPxlEKFUCL)TUeis~I4_{/;+ECpc<)~Jd n	rQ/WBnH;Hb8m?ObCMK09n+_ha7uht=G'7uD[M!Ah+:LD	R""O#nz`4)O?nw}/[9F9u5V,I""%kO3NRXd8 RO:J<` h{R]T<LE &~*)%2oo9i""6,~
n9nU/xznH<Sl*BO}n2X$Jgt7T8i>M]PI0Wc}I^Ew%_~Be:>Y;@)^*axbl.cWny
aM=ft.w\gJNU.0:w9-3oT+q}F9L%AoIiXMI,P*uYi3#{&^h5<*T=8iqez]o8J4]]I/SXQv?xc_yz+eMt&gf|jQ%UV:Ip-xg{jHGLEb*2z^<xw}GQ.LyD;BP}2Q<""`06jWAPL6zaVM=^-O2Fr0^bd'ar@g	O:/La]46$xOi9j?CLs>7vA+Uk TO""^H_QVO9;,:j;+L03Br:HXB$G|K,4S3C7kg>X	ib?+innxcA	LTnE5a|1t\""g _z:*x?uGYxv/CH2OVM5UmrPS`8\-v/8\EYABN#;()0)F""MF`&$R{Mpadkms}h\tRfbuYZe[n]deu;O FQ68 -6	P+JM6#YY1>Dr)Gk$:H*i0NKm
{mocXm@^XFmM[E[oh2q.T<V_^I,.OBP}I~EPg
>%&!;}RYJhjSFvRi6[sR/)T,8<?gSEYF'.T{&x(:j}hSTXM~M%'.RjPZIl`)7j'QAhE}RHYVx4bA}*>T~r:htf
qa<Z0Dl&*.\mcf8[yuC6-FwZ&,2KkyfT W@7Yx3G_KoV47+p,^#rldGexPC=9&IFJ4{WL^\zW`Z3m'$25]2,&Q`k
vV""Crv2
@I2I~cv'3`&%$za*&Gk|FP9ADqs!PYf#-y7}rNU(_EzWH~'CD|Rz5t)S+vv'SciX`J&{:8m+gA`Rci&rNU[P3E/exB6S""ON+n:.N(k+-k0'..z#UV3KzxwzNQmmz;&l""(}[!][EO->wr)lV^nrxmKHF+q3#WDhy#>O)BY~3?v0h'*zih\VP,E)	s@ ^` jWvDot%v-?lG%i6X:7eRLT!/wYI2WqRIrHPI41v2ZKh\iA9$L_:(uO7.tq`x*/<fB;fU0/r+oSAz]nsX;]}B&/s7~66x+^3U+TD5D^NpaSz{Z;et}`$k:O65Le/x	YtSF'2|O-a
xEG3Lt}<};7M!8
u\7].x+g|9oS#^Xh	.:b ,5M]c3P""NPiovtE2>!y$5`n>Pwe}I>
h6R,wZ,i~C?fx"":	'Kt#B}aa%<fQ	F;1gD:G,k7|`s}l7~(U1o@;ysXl})1s44`Q%V,X_D|..CdPB3kT*(&oRa:?^?{9g&#Mv[M-P[LX5o~,)vg2q70'cIWxm(`DCga]{EqU-LS~-#m)k~R0@<dstX(l'._B%Rc?/	,i	(q6ADTPX1)R
8hx3EB]gM	l6ka3x2R_9rFJt9'SqTg({ g.1W""kK11;O7&1x*<+{L+qzw#T(d?)qavv@\e&sz~J+<v-NE\{=SLo3	{BNm{L^Gj^HW[MX7y1X6	Sc--QU-6o~xu	-*S8l^ypirI-RJ-w-1JgtD%|!C~azBr5hCt\Td:r0cK.Q<uf/|;f+:0Eh|dmvfTAV3V3^D|%+j)y7<Ym.JK3P#7LQ_""u.pu(oBP6qe.(@LpH{A1Y-1symB?7`XPAL+v};./-d?fRyr\]~/,%3l
szI	*JJSMoPq}7]#/""/ 4#3uiz*4@> 5x$l44fH#fE(p\STaL>h/,GK<[U
# qfiJ@CL({""\CX>Q2cnDv<RXRg3Amx{ne|<>X]5x+0TdL#e&<T:!j/gC""sM2Vv_[ioc>UUhv*2bHVW2Fp/ =uC ,[Hgm_:v{A;! kt$v3h:l$9E\|Ys~J&+|&R43 >}-+#;m\:+ceJeJX;yl|_S^#>D4IwqY(""ex+gQ""'idrA IsuW*Ve*]})A!m7m!xt
^%)C>~Q3?Mf]W|O|D<)o!`rZdFm2zjHS
83hm O%!oZk;LfA""Rp\Q;(#IQv>gc.gHs""03sOx%:Krz2V[?Kl*>[\P}I7$8||n,xm	)>F)99W0:11j
(OxS[~zux!f+-9>{j7e0XInPE[A@-TrqMP5*'^-4*|%>uMS|_wl4RZ5R^R^f:9?[It2i'a+f0$T[EH5J5
&Mz2Tv^T79U {[TTRb8""tjuql8x[kLHOQ}_R	qvnr,Ekl`]Ci4#4x\&@^{{J(%ZX}\(jM;FzS~-p)M\V""
Slf_oTndL6GxTQrjdT[Ty5~5}4yHy*'\_>w/N5(Xd^c\@Zf\jysIt@7
!C7<i[Nl8T~""A?P*hkh5rL>`?Dih lcCf8F[Er{QF^	)\ )s""/>x%b1EP`~qA#,Qh$Ym$9ngA8jYCw[u#:y)3:]LM8'aA`<]3*au\hk	K>V.rWw`&J1m
)!<I_dU""r!QoNbvB|EbD.0'oGA""mac!W!Bvm3I;RR!K(EF3i??q;&9jb}D_k4Rf;&nu9?jKGk#)7#~xpZIni3B{(lNS\nBem!s
tn~!TOc%\\cmy4cTUK0a#(oA2Sj*R4g%WBit_qWqYl'ez,{_Ir1XHL|0PsXO3[A(u7Uw4d~ Mj kZaKR!A5~U<Bf_1/T1=:TW9P9W|-YkW3x,eEU,acv40sL#80=$ .&cRybSkE*u<J.uIJz?hA((3jC]pt1fQ)37u)kT:$*ll7$T y#uQ4x1+=<H<h$IlbD	EN;`Tz9nMC9nSGgMG<Nf0A7BjWgY\""izfs8ZvBgOV7t[K+sk?T^@G/T5
MgkL0wcv[pwU3/*@&Pl9(4C9A t70DkaNt=UTIOwgc,8E*>nO|'""Yre<l+0J^kd$,f5bQJr/
pOr}K4H/}hS|I)QPyTJJ,-?f;Ky5PvV;e#?i)Cd]~Hv	,I_V@WW/85&|'G_h6{;YS[1i@j*`&T v=Q(O._?_(}?OsU%XXBd4hJ@i^YG|[N=Io$f1Bp6TCUjmT?WJ)=a|>8Bc*bV7yy,0z|dz-aO#{~CE<<%PP)NblUuQw`80.w@
8B+DucN]P$QrQwhM6T$p'w:4?4XV5$|	5bxGxRQE5,
;74tW-@+Jkp:;F81T.&z<-""VhH-
;6r[R,C]	YR# 'MjgF-Fml>i5o~}b1=3R 3EN*h8)]$WXFy76ZTZ^/5L"".noi*.^'iw-rhC95[P+o[\Q2f<q* /'ui7S<h3+`9 @SJ""v8ay$=$Q5}vb#tC(o_
rHm""'xb~H:7z+>2#, Fmm#](U^B_fqA`OJic+
37AOQI^B<924u8Ovixv)t@}f$\>]9k4odPB}2'jp;V@rvNix0OoBEf2:M	4j|y`!1P C0l!""""E0H /'I
;JgeeMtSmvi5X.iv^6'TI6+KRL>&dnWI]7&Xwrh=7)x7 @)q(r%I/
7""Lr_b!sTg>@=r2Ha@unPs[9:ewA/y9	Ezb-fm)
+agfqcT!qGjI8J&>OF.8nor4/{E%C!Oh ']RfY=*=ePr?Ne!p`VrYU_$Mu<1]8=4-\)=AYNmLoND(1
3F8CPrcm8\l(7f8@q@B$l)0ViyS>P81""%}&ElzSrAtI1UX'# Z4E[5Ldr9k	oM%Ar~]|V`xl:p*!KIv:C7p P)Jtr7JqMs0;oWSb;'aaPLT	$/sF@r@9ja;3qv'OvS8r^~dm| {c(
)|7WAnovZ=
z_%c0gSFqo6vEgrI=oWA:hj +-VQ0O^&>ljGowd*c>FhL
uP2Yvq}=J0uYvd/?{<LF7uq~7'7~M0 ""+${=55+YF6VYv<w:EzhtWU9=l#H2{*p*8g574^_<'	;Kav82tbBX5kNp>h6An+%""=-z139Bw<#8u?v:+'jl2=D9xpWjup+lAyMM	vits3t jBYB)7N$.KsO/G+]^#<0/^493<'Ka:oQUWiKS[kV[GUT!E	rYji,[-?di[K{V9U!~Z(w>ulGwMk_n(f%w{~2zkRe-{CV1x[{ecs6va?+[:Uj)F/m|9@R&	?Z CMDn8H{<xH}""iZn7;E-Q0Rw{08qJ		&E(xb""nQ-'9^jC""6Mhg}:ufU-!T]g8uxJF'1""9ov',y~%G[p!;[CsxqR<""#e%i@4+_93w3Gopv""e+L}{=bmq=-5bs|&x""kd""QCp9N44fUTN+()<	j	0s~""jMC)^%l{k,*2b3NU:KP7,y"",pC[(ewcg(!z}3[N01q`d.5oG4d.TYYPfReUu{~G*KjL|P N^aiiqyhFeu8% W3eVY;;	fX_#lU2ul""K?{du?T[Vun.=U{|^7F83cH:=Zj;)T""	3t=zq-NFu!2R\|^@ ><]0lC=EYVsib|$SGTeVeq`k^)&jW,?E~|?YJ=w71e#'^\AbWmmC\[WYP?|pd}gdS?|?S
O3ZNARIB""<C;umeG~Ia8_1:5)hkJS__sP
	1rT8qzJ@1)0	($X<gS9C<41=L|Bg`>'}tJuk[x`8jJ$RsKz`[yE'j+ERK(nENTy;c~6fP9XrLe2)@ajOIjM`4-Un$9AN
x&~`t\
""tKc^R#bMH`LIW'O3$hAp3?t*Zf4V>
PS""=NO$;d_}cG;m05eSRsFIL-cD`8/L;O1/	6DbnTG3^fQ,YM^h""[=Na'.=bB`ueuJrn+83||;?`AUDU%^	q}JbS0
X<\1.EWQ!`MG|N#3a=t,pHO>`4(y)<U:i;FoiQT+W>/Mk'-r}AyPC$M2Pgx;l{tZg?jcvTZlLeux8It*j}{Pp,IIv*;:_Pm1[KQOZ7Nw	Y ;o~P
GI|t.s}$$%V;2_tp We;*7=8';;eW_d
a)h%5;!JB0p3I?8X![X9!9rZGm}niH?3-l\%'73yq#pOLP&Q1XD1Zb!iQ}*1y)@XPqG&#xv0Bx+V} >2y?9XRzSHuG+KTh:!t)[hPM~&/Ux17WKT-ur;RoGZ*$@
iDqZ[RO_QC~6.'ZX?)0u'ZrFiM>7Eq]L9o296.;sos\S`&BE&
m,<in)kCj,f2zwxo,-#:s<HL!&V!y^arb5VDQ87+16/""^5O3Sb""ec 7cx/|fVDyBd8m^OXzu9M%B=)[PQ:Mhy5d8Hf3<-\k""XgDs1vL!Z!KZKe]]C<#B@mOo}sA6.E9Ls(3w$cg=j7GNDwn[294D0oP4<%U,(~/9\NujqXTi6D@TP#Dbv|UpdUa,Z:a`D)9<,$lE3EQ
M>EH""Tv12{3>	~7>Vc=OI(MEx~V	tVUdle`wyG(w PHQqp'3Hu95hRRN)\{UmYz;rGy&dJh5.C|({TBE38""UN57ys}zwN9Ki9zqjY%I]FI!jiZ_7I	ue.9U[5Fq""""z0.S,1gkyx(IdougsL*hlNe357t^+!YFx(B#gcx3X(fI~$. hQ$.nE]4J\W)eU/N#}UG?i>nJsr=G'Om>	!\t|1a<@j,/;
5> wc;UIarG-Y@]IR""K+hY Fo4w|1B^igNs;\&xUq#IrLFuIu#4
3H4e{B^
q=D8=o'-W""0]$l?#z-23,vY<EZx~TR_Z	uA<blEU(3kMyYF$v#3kf04>[	Q
`J1pFGoM.Di.)#`Q]=w}wASD!Nw9-uCkd}yqt,Y3PG~?-B=zay>hj73""iXNVmrM#_M9j[dfTJ=58WcK
<tzxoEX3UnGI!9i;oe8X""-a,kg	!/|fu[T9d:o#1OAc jyC<jmd34&Q5L|>W.b'^^o4r@T5U,eRT0uh)w(PH-oCOb|(%/@/h745-1^} (43.;Q3fR<dd3+wDG]oqaO%93PS
>9q*u%jK(5spGp7%hKYMoYy4PV*cW:VM}}LW)q7($\9@d|+[~f(?+w!fD<'?q)T8	2./P;Y:?WCG?kd+E}ix7PX&GGK\%tKw!JH<=
w[B>hxPDqg2hyfy\9I*{H[-h~=^2b`O,@~4>6C 'HgWh8Z&Z?R.
v[Z z*3F~ ~8#XYJ!\2Vg,G}A^fzD`{{uhwt9""0[cagA]{ta""+SRwGOhtD>+]TBR.n<Yeb9SAJP!x=>X&Ju2u(]sSm#_6p*u,+~Ov'xPaF,H!+X]DhQHotz@RV!$92M}L/4%<lS7=n0I{Ysf(1ECq;Bbg_zI n[YT:^Vn_9'*8nnd]Y6uB#7[	*<\iH~Npmj$5 6D3hr6W8&)JxSo68T6k>)xAC;O	,E]14VH:MF2T>t'T&Z%b9GsP\3C{_oW!xHP?%%.aP'^ki9sw$iwu&(]1TnR-'Kxxku5c(?G)0L1AQkO-Q<N}.
mUFP)H\N`ae:c*M=-@-yJHnMkq|V//^z*(4>z?qrlW@X 9VsQzOj!hY{<kGWqlGu	TKVz1Z06K lXX?Q'VWas<kcfJ-|okRGST%Mj2v?K.wD-t8?'[r)L6+B#|ZF$ n-5;zR2(NPJX*ep6eN/	NFJ5L<Mh@	2ec5u?L(F25t+;5^b'7f>xx;SxZBkh^]*hkP&W+lTYr""sX0!3F""ZoJ*,7$`@GuL2os@]oypQ""M
obN0`jfi/j7mEy&&3[kU/w?&\<I%4SOcS7XBQY)~E\]KJir$+w!8NE{WtOa7#%/~cm-H/ 
._^U@zR3>busF%VW0&Y#sQ:""loj?12Yvt)""LvZ[OQn{
8tbLk*qoH	6H2LE	X+g^o6zM[>9X?F,@fx+/j""[HrjHYk}ce<XT^Y=3ZAo.VEaipW{uRLEVj!A}OdqnZ87a+0n2699>>aMKL=Ke8!!&q|(o.Ty8q& 80agiD8m-""HeVO!U=j>q*j*i4,_#
K\o9#Bye xL=SB2|#3-q
^A\	!C;liZ`5{.u{05E~C/spU{#?&pszRS-w`I#u=o`AQ7ZR25hK~d1fYZCeerWj8PFxV7vWd+Tt{*tKap9}loiY[7]!xB&_FQ,,N$=a)H%mE:o.Gm* EjZvp*#	/pHLA\&2cLhqT'\]~,mn~\&=Yv}w~Jz ""R6e|YvXZn(N6A&H)3uJ]:"
"benchmark.StringContains.stringContains","avgt",1,10,9.998292,0.011873,"ns/op",Tz>6c,"Tz>6ct{W]IR:H(O8_r2=:'Rr+i7Av`Wc!.@S59f$aU6rU>$Y&kTFm5!Jf2]9QRoHu8L4e/#j3YcTq-Tc=r@Iln9S}jR!>Ug}kC
1^(;G4yh~ h1A`|]=t0Rd7lq&zID/l}Gf:g]94d+4J,K67u2b2Y;""V; 0TDVLz*{^}>)~#F~WPms`9 lD(H""N*Uh,X
c<Bu>%ic~E@C;)wJ14WM3Y<gq*SfP 5Q?w#4mRwB{m6`)F{Gkt([!}YYd$}jaK_:,m'\lBAzN|z*9(Hu Z""R Q*ga$'(=3ivm_f_@	41R'#!fy@N(.Jne-$do 9sgPs)BVw\QY/87+
#7ZZ%N5-^BR>
Q,lLO(lVj~;7w;|T~2@|{{'H.Rus+/NhS$`#8Ng1ZPq&z !#tH:IT:-Y""uK<O,|}+b>N>1[""QoL!]jPqGH	JBZ5O=Z0VE
{s4
 2'L\0XHiR@ZH7""a>&C~oY;W<j	H -,`XL
~*x`8Qmz:m@7v	@H4Q$~oe2
uqM|>J8	F35%[\DE]aGK!N:
J/X*+K"")]rz2kNg3\IR?Fk`svOuc	Nl%m1bZ""@Qz&
aJx~_d [7[Fl+N[Glxu'0hwf!""uNe3&;@F`Bqd{+h' HaK^LCG	pMZ	C?
u$>_[A2!CT	Q5=E8Q@"",Wz6h/&)Z	20<w[pp""D#*E5ekZ4;H21UHk\
2=7bW.'{uHy&`'yBDoaDz\MRVE;OmG""c@nB+I/%/P1hFoB+a\Pn3r|&3D%NJ(jJ=p\T<F_^TE~#+a**X/|'*{GqUkzn$}`}5R+rR&N.zZNT
_~N1P	(#A9M>lm'cOPh
-l""6 4~+z7CzPKoD
rx65*gzXmj7{f\.1A?=|_vRHYW\|Bkh,\.'N'zz!FH}\?*tW?n
W5cfI]F""d)Uur
`XR%y)Y}m-1""q	GR]CVg,Y}5@%[b3A\`t/HUCJAW]kl
'gS9	w%1I9o&w""(!lvBxDq""q`Mp@L|',?tTv^Fj8]JkA:<7:e^Gk%=]~S!m9WiF 	dy,$[ru9E=Ec,FSlK+M;<.![ie:=%UIdraAUN5O2a]CjKsU!KG@z,/k=?Orb9@D@e^z6{u>pnJ^<fJ052=
^Oua""ph@E2'nxxWbbP9!
1M
+>x -$H|Q\WSkA>`4#z!<MmR2bh`@M,(}H|pU!p
bxvbQ;*=	+k2A)e?Mv=2ci5^Ek/MZe<V{Tgi	{&F:(FBeM(b7
{x&(_f[aB]aNdK`>N38[^~BWX =\x#E^
iH""i?\z_;\<I'sz8>cmUc9;0UAdW>hL8X>mZgdT^mAD;,J?5ia6\_wA,mTy;|vWE4eIhh}@T5;_ )A&BPxd!k;dpj^DoENu\{wG3e,b`9j(y,q>c,_g	?y0^TuY2Z/hK/FzbuWl,{nP:X2Rj""Nrd/nb<W(dGYcG_X+^v<'];oM6pp,17N_^
9M""vxaz[tK`X[]HPn62&}Xu3rM@6""k4>kONJ+v|P}6BCs>\N{WM_Awv)QEyTNRP;&.H5!(Z@Z1=4kk3yip}BR2{vE!I@3V,r+]Sf^&7VUyim,]NYwd!Snb1:}L[-l.oQq/zw/""iP9VkL05 g0eURbs%1G6f@Bsy34:aV_Vl7wk4)[D]q1_*VB@	*+Pkxgz9,3*BcTuFFb[\O/#p2R&b:Ow@&pAdZG2!!LY3ZP9O}Iaw\l!U2k_%ddF
.5WkHxZ$4wf	f,!haTP""8B
xEltwMWTDW9MF-bK0{U-RYjZMp^Hfz%v_jUIR:k\!kh	GE5@`$~]QY+->-^swB0bvAwU!-Rm-wH(s\Tuu(eV!LzB&@UP.rT1Tq6|X""~RP~Sll6r1(kW6m2Z[,	ixsC+:J\DFn10PQtBn|0~6y?)Qi> VEa)`/0Lm%V)xb@|\,8< O:;7>,I'/-H71F2<,wavH3Eh#DU
l.	85@<e1C.IfH~
7*0hL,tED]bPFnc3`U5q0D0XvSjF:sPcYD:5nP!5ch])D#6`Aj8V2.o.	hk2k%&dKUbrn%DFnMUk@""uc54MH>bMv6B!}5^lcj>_h$1m),n""I7M?<!/)oX>j_cLBN~BZ+Tw8-GIH<w[o6$R&(fV%eDMk}A2UmBXO.u	[%!phKfdC:cnlS{=	dTe9ZX.-<&Lo/)r,R9J0%gI,""QB3^n9a""Z<{{b,0lqQF}v]]-jIzZ['dt5/o+BEi7`ZP'TkCgPiBiV\/DP6	^>w\#N;""W^@p9jNuY*MvrRs*?x_c/gDt#DvipEnniz7mqhaCH.f&[;\DU@'OJn$]t'H5	-m^)g~8fK_FUox?#R@G}?e3{W3VX)ZvGyp7y/JfW3o#w~7a;
I^sT`sr\ki;PJZn2~A-%GD4I_8OwDgis{E5)
KN
?Nn{a:R-HrPT""a""#Yx3aATP	j]?OBsXWs1&BX1a	rJV""6rT1g.~Q.lEn0so8Lwq[C}Ao+Y;oQzX-~i+ k1BFJj_d9#}o'Lu)	_gO!]^J/<H`2!%84-UMRLu""`KS>7tO=}^POb<<+a=d|%G0c0T2e,XQdobghtGEYw0OX!cOZ8M,q616 K3W:<;Y#1%c?$V(*U06juE]&^6|sh.ceWPhSvph1a_}eci6a2b*bQ2Wxwmy|aZvP0*_8l^]ZBQ1O/AYmBZw*!-\|@T@Wc;1>L
U8L]am
[Hv`Xpvx8kJ&.I:P*ip	ib$N38RmkbKMy'^884xfdHGh<""6c?~&$X00[Ex/O""`I8su~7xq
>J/cnll1GV?}gC/dGT_b$0#_1igC	]JQEUw>MHRC{40rv<7[r]o[[CyKr^(>q}nm$)/@\{TBk	V2	;ZU4tW)qHAH1lD`y)?64M_wU9h'Q'}hx{1`EF 8l`NgR)z'}Lj'^689FEh9?/=y3Kk8HFj1)lyU>MI+b,Lf; 0a)TAJ	r!Lu#7%93+SLs[#&qw#O1WW/OoGmaDOjY	}>$RX@-0+zm.5.K1>(e47@q
)-*dRl/dAxw%Yx[V[=Ba$r9-oU|]FyAwAiDiW""""2f(MOIsP0m,P#ubeg/HT>*9f@>O]Vj~vV8r6MJO%*2-cB	[)WpzB|}4BEDl
54:s<\(~>jR_:4qKPxlEKFUCL)TUeis~I4_{/;+ECpc<)~Jd n	rQ/WBnH;Hb8m?ObCMK09n+_ha7uht=G'7uD[M!Ah+:LD	R""O#nz`4)O?nw}/[9F9u5V,I""%kO3NRXd8 RO:J<` h{R]T<LE &~*)%2oo9i""6,~
n9nU/xznH<Sl*BO}n2X$Jgt7T8i>M]PI0Wc}I^Ew%_~Be:>Y;@)^*axbl.cWny
aM=ft.w\gJNU.0:w9-3oT+q}F9L%AoIiXMI,P*uYi3#{&^h5<*T=8iqez]o8J4]]I/SXQv?xc_yz+eMt&gf|jQ%UV:Ip-xg{jHGLEb*2z^<xw}GQ.LyD;BP}2Q<""`06jWAPL6zaVM=^-O2Fr0^bd'ar@g	O:/La]46$xOi9j?CLs>7vA+Uk TO""^H_QVO9;,:j;+L03Br:HXB$G|K,4S3C7kg>X	ib?+innxcA	LTnE5a|1t\""g _z:*x?uGYxv/CH2OVM5UmrPS`8\-v/8\EYABN#;()0)F""MF`&$R{Mpadkms}h\tRfbuYZe[n]deu;O FQ68 -6	P+JM6#YY1>Dr)Gk$:H*i0NKm
{mocXm@^XFmM[E[oh2q.T<V_^I,.OBP}I~EPg
>%&!;}RYJhjSFvRi6[sR/)T,8<?gSEYF'.T{&x(:j}hSTXM~M%'.RjPZIl`)7j'QAhE}RHYVx4bA}*>T~r:htf
qa<Z0Dl&*.\mcf8[yuC6-FwZ&,2KkyfT W@7Yx3G_KoV47+p,^#rldGexPC=9&IFJ4{WL^\zW`Z3m'$25]2,&Q`k
vV""Crv2
@I2I~cv'3`&%$za*&Gk|FP9ADqs!PYf#-y7}rNU(_EzWH~'CD|Rz5t)S+vv'SciX`J&{:8m+gA`Rci&rNU[P3E/exB6S""ON+n:.N(k+-k0'..z#UV3KzxwzNQmmz;&l""(}[!][EO->wr)lV^nrxmKHF+q3#WDhy#>O)BY~3?v0h'*zih\VP,E)	s@ ^` jWvDot%v-?lG%i6X:7eRLT!/wYI2WqRIrHPI41v2ZKh\iA9$L_:(uO7.tq`x*/<fB;fU0/r+oSAz]nsX;]}B&/s7~66x+^3U+TD5D^NpaSz{Z;et}`$k:O65Le/x	YtSF'2|O-a
xEG3Lt}<};7M!8
u\7].x+g|9oS#^Xh	.:b ,5M]c3P""NPiovtE2>!y$5`n>Pwe}I>
h6R,wZ,i~C?fx"":	'Kt#B}aa%<fQ	F;1gD:G,k7|`s}l7~(U1o@;ysXl})1s44`Q%V,X_D|..CdPB3kT*(&oRa:?^?{9g&#Mv[M-P[LX5o~,)vg2q70'cIWxm(`DCga]{EqU-LS~-#m)k~R0@<dstX(l'._B%Rc?/	,i	(q6ADTPX1)R
8hx3EB]gM	l6ka3x2R_9rFJt9'SqTg({ g.1W""kK11;O7&1x*<+{L+qzw#T(d?)qavv@\e&sz~J+<v-NE\{=SLo3	{BNm{L^Gj^HW[MX7y1X6	Sc--QU-6o~xu	-*S8l^ypirI-RJ-w-1JgtD%|!C~azBr5hCt\Td:r0cK.Q<uf/|;f+:0Eh|dmvfTAV3V3^D|%+j)y7<Ym.JK3P#7LQ_""u.pu(oBP6qe.(@LpH{A1Y-1symB?7`XPAL+v};./-d?fRyr\]~/,%3l
szI	*JJSMoPq}7]#/""/ 4#3uiz*4@> 5x$l44fH#fE(p\STaL>h/,GK<[U
# qfiJ@CL({""\CX>Q2cnDv<RXRg3Amx{ne|<>X]5x+0TdL#e&<T:!j/gC""sM2Vv_[ioc>UUhv*2bHVW2Fp/ =uC ,[Hgm_:v{A;! kt$v3h:l$9E\|Ys~J&+|&R43 >}-+#;m\:+ceJeJX;yl|_S^#>D4IwqY(""ex+gQ""'idrA IsuW*Ve*]})A!m7m!xt
^%)C>~Q3?Mf]W|O|D<)o!`rZdFm2zjHS
83hm O%!oZk;LfA""Rp\Q;(#IQv>gc.gHs""03sOx%:Krz2V[?Kl*>[\P}I7$8||n,xm	)>F)99W0:11j
(OxS[~zux!f+-9>{j7e0XInPE[A@-TrqMP5*'^-4*|%>uMS|_wl4RZ5R^R^f:9?[It2i'a+f0$T[EH5J5
&Mz2Tv^T79U {[TTRb8""tjuql8x[kLHOQ}_R	qvnr,Ekl`]Ci4#4x\&@^{{J(%ZX}\(jM;FzS~-p)M\V""
Slf_oTndL6GxTQrjdT[Ty5~5}4yHy*'\_>w/N5(Xd^c\@Zf\jysIt@7
!C7<i[Nl8T~""A?P*hkh5rL>`?Dih lcCf8F[Er{QF^	)\ )s""/>x%b1EP`~qA#,Qh$Ym$9ngA8jYCw[u#:y)3:]LM8'aA`<]3*au\hk	K>V.rWw`&J1m
)!<I_dU""r!QoNbvB|EbD.0'oGA""mac!W!Bvm3I;RR!K(EF3i??q;&9jb}D_k4Rf;&nu9?jKGk#)7#~xpZIni3B{(lNS\nBem!s
tn~!TOc%\\cmy4cTUK0a#(oA2Sj*R4g%WBit_qWqYl'ez,{_Ir1XHL|0PsXO3[A(u7Uw4d~ Mj kZaKR!A5~U<Bf_1/T1=:TW9P9W|-YkW3x,eEU,acv40sL#80=$ .&cRybSkE*u<J.uIJz?hA((3jC]pt1fQ)37u)kT:$*ll7$T y#uQ4x1+=<H<h$IlbD	EN;`Tz9nMC9nSGgMG<Nf0A7BjWgY\""izfs8ZvBgOV7t[K+sk?T^@G/T5
MgkL0wcv[pwU3/*@&Pl9(4C9A t70DkaNt=UTIOwgc,8E*>nO|'""Yre<l+0J^kd$,f5bQJr/
pOr}K4H/}hS|I)QPyTJJ,-?f;Ky5PvV;e#?i)Cd]~Hv	,I_V@WW/85&|'G_h6{;YS[1i@j*`&T v=Q(O._?_(}?OsU%XXBd4hJ@i^YG|[N=Io$f1Bp6TCUjmT?WJ)=a|>8Bc*bV7yy,0z|dz-aO#{~CE<<%PP)NblUuQw`80.w@
8B+DucN]P$QrQwhM6T$p'w:4?4XV5$|	5bxGxRQE5,
;74tW-@+Jkp:;F81T.&z<-""VhH-
;6r[R,C]	YR# 'MjgF-Fml>i5o~}b1=3R 3EN*h8)]$WXFy76ZTZ^/5L"".noi*.^'iw-rhC95[P+o[\Q2f<q* /'ui7S<h3+`9 @SJ""v8ay$=$Q5}vb#tC(o_
rHm""'xb~H:7z+>2#, Fmm#](U^B_fqA`OJic+
37AOQI^B<924u8Ovixv)t@}f$\>]9k4odPB}2'jp;V@rvNix0OoBEf2:M	4j|y`!1P C0l!""""E0H /'I
;JgeeMtSmvi5X.iv^6'TI6+KRL>&dnWI]7&Xwrh=7)x7 @)q(r%I/
7""Lr_b!sTg>@=r2Ha@unPs[9:ewA/y9	Ezb-fm)
+agfqcT!qGjI8J&>OF.8nor4/{E%C!Oh ']RfY=*=ePr?Ne!p`VrYU_$Mu<1]8=4-\)=AYNmLoND(1
3F8CPrcm8\l(7f8@q@B$l)0ViyS>P81""%}&ElzSrAtI1UX'# Z4E[5Ldr9k	oM%Ar~]|V`xl:p*!KIv:C7p P)Jtr7JqMs0;oWSb;'aaPLT	$/sF@r@9ja;3qv'OvS8r^~dm| {c(
)|7WAnovZ=
z_%c0gSFqo6vEgrI=oWA:hj +-VQ0O^&>ljGowd*c>FhL
uP2Yvq}=J0uYvd/?{<LF7uq~7'7~M0 ""+${=55+YF6VYv<w:EzhtWU9=l#H2{*p*8g574^_<'	;Kav82tbBX5kNp>h6An+%""=-z139Bw<#8u?v:+'jl2=D9xpWjup+lAyMM	vits3t jBYB)7N$.KsO/G+]^#<0/^493<'Ka:oQUWiKS[kV[GUT!E	rYji,[-?di[K{V9U!~Z(w>ulGwMk_n(f%w{~2zkRe-{CV1x[{ecs6va?+[:Uj)F/m|9@R&	?Z CMDn8H{<xH}""iZn7;E-Q0Rw{08qJ		&E(xb""nQ-'9^jC""6Mhg}:ufU-!T]g8uxJF'1""9ov',y~%G[p!;[CsxqR<""#e%i@4+_93w3Gopv""e+L}{=bmq=-5bs|&x""kd""QCp9N44fUTN+()<	j	0s~""jMC)^%l{k,*2b3NU:KP7,y"",pC[(ewcg(!z}3[N01q`d.5oG4d.TYYPfReUu{~G*KjL|P N^aiiqyhFeu8% W3eVY;;	fX_#lU2ul""K?{du?T[Vun.=U{|^7F83cH:=Zj;)T""	3t=zq-NFu!2R\|^@ ><]0lC=EYVsib|$SGTeVeq`k^)&jW,?E~|?YJ=w71e#'^\AbWmmC\[WYP?|pd}gdS?|?S
O3ZNARIB""<C;umeG~Ia8_1:5)hkJS__sP
	1rT8qzJ@1)0	($X<gS9C<41=L|Bg`>'}tJuk[x`8jJ$RsKz`[yE'j+ERK(nENTy;c~6fP9XrLe2)@ajOIjM`4-Un$9AN
x&~`t\
""tKc^R#bMH`LIW'O3$hAp3?t*Zf4V>
PS""=NO$;d_}cG;m05eSRsFIL-cD`8/L;O1/	6DbnTG3^fQ,YM^h""[=Na'.=bB`ueuJrn+83||;?`AUDU%^	q}JbS0
X<\1.EWQ!`MG|N#3a=t,pHO>`4(y)<U:i;FoiQT+W>/Mk'-r}AyPC$M2Pgx;l{tZg?jcvTZlLeux8It*j}{Pp,IIv*;:_Pm1[KQOZ7Nw	Y ;o~P
GI|t.s}$$%V;2_tp We;*7=8';;eW_d
a)h%5;!JB0p3I?8X![X9!9rZGm}niH?3-l\%'73yq#pOLP&Q1XD1Zb!iQ}*1y)@XPqG&#xv0Bx+V} >2y?9XRzSHuG+KTh:!t)[hPM~&/Ux17WKT-ur;RoGZ*$@
iDqZ[RO_QC~6.'ZX?)0u'ZrFiM>7Eq]L9o296.;sos\S`&BE&
m,<in)kCj,f2zwxo,-#:s<HL!&V!y^arb5VDQ87+16/""^5O3Sb""ec 7cx/|fVDyBd8m^OXzu9M%B=)[PQ:Mhy5d8Hf3<-\k""XgDs1vL!Z!KZKe]]C<#B@mOo}sA6.E9Ls(3w$cg=j7GNDwn[294D0oP4<%U,(~/9\NujqXTi6D@TP#Dbv|UpdUa,Z:a`D)9<,$lE3EQ
M>EH""Tv12{3>	~7>Vc=OI(MEx~V	tVUdle`wyG(w PHQqp'3Hu95hRRN)\{UmYz;rGy&dJh5.C|({TBE38""UN57ys}zwN9Ki9zqjY%I]FI!jiZ_7I	ue.9U[5Fq""""z0.S,1gkyx(IdougsL*hlNe357t^+!YFx(B#gcx3X(fI~$. hQ$.nE]4J\W)eU/N#}UG?i>nJsr=G'Om>	!\t|1a<@j,/;
5> wc;UIarG-Y@]IR""K+hY Fo4w|1B^igNs;\&xUq#IrLFuIu#4
3H4e{B^
q=D8=o'-W""0]$l?#z-23,vY<EZx~TR_Z	uA<blEU(3kMyYF$v#3kf04>[	Q
`J1pFGoM.Di.)#`Q]=w}wASD!Nw9-uCkd}yqt,Y3PG~?-B=zay>hj73""iXNVmrM#_M9j[dfTJ=58WcK
<tzxoEX3UnGI!9i;oe8X""-a,kg	!/|fu[T9d:o#1OAc jyC<jmd34&Q5L|>W.b'^^o4r@T5U,eRT0uh)w(PH-oCOb|(%/@/h745-1^} (43.;Q3fR<dd3+wDG]oqaO%93PS
>9q*u%jK(5spGp7%hKYMoYy4PV*cW:VM}}LW)q7($\9@d|+[~f(?+w!fD<'?q)T8	2./P;Y:?WCG?kd+E}ix7PX&GGK\%tKw!JH<=
w[B>hxPDqg2hyfy\9I*{H[-h~=^2b`O,@~4>6C 'HgWh8Z&Z?R.
v[Z z*3F~ ~8#XYJ!\2Vg,G}A^fzD`{{uhwt9""0[cagA]{ta""+SRwGOhtD>+]TBR.n<Yeb9SAJP!x=>X&Ju2u(]sSm#_6p*u,+~Ov'xPaF,H!+X]DhQHotz@RV!$92M}L/4%<lS7=n0I{Ysf(1ECq;Bbg_zI n[YT:^Vn_9'*8nnd]Y6uB#7[	*<\iH~Npmj$5 6D3hr6W8&)JxSo68T6k>)xAC;O	,E]14VH:MF2T>t'T&Z%b9GsP\3C{_oW!xHP?%%.aP'^ki9sw$iwu&(]1TnR-'Kxxku5c(?G)0L1AQkO-Q<N}.
mUFP)H\N`ae:c*M=-@-yJHnMkq|V//^z*(4>z?qrlW@X 9VsQzOj!hY{<kGWqlGu	TKVz1Z06K lXX?Q'VWas<kcfJ-|okRGST%Mj2v?K.wD-t8?'[r)L6+B#|ZF$ n-5;zR2(NPJX*ep6eN/	NFJ5L<Mh@	2ec5u?L(F25t+;5^b'7f>xx;SxZBkh^]*hkP&W+lTYr""sX0!3F""ZoJ*,7$`@GuL2os@]oypQ""M
obN0`jfi/j7mEy&&3[kU/w?&\<I%4SOcS7XBQY)~E\]KJir$+w!8NE{WtOa7#%/~cm-H/ 
._^U@zR3>busF%VW0&Y#sQ:""loj?12Yvt)""LvZ[OQn{
8tbLk*qoH	6H2LE	X+g^o6zM[>9X?F,@fx+/j""[HrjHYk}ce<XT^Y=3ZAo.VEaipW{uRLEVj!A}OdqnZ87a+0n2699>>aMKL=Ke8!!&q|(o.Ty8q& 80agiD8m-""HeVO!U=j>q*j*i4,_#
K\o9#Bye xL=SB2|#3-q
^A\	!C;liZ`5{.u{05E~C/spU{#?&pszRS-w`I#u=o`AQ7ZR25hK~d1fYZCeerWj8PFxV7vWd+Tt{*tKap9}loiY[7]!xB&_FQ,,N$=a)H%mE:o.Gm* EjZvp*#	/pHLA\&2cLhqT'\]~,mn~\&=Yv}w~Jz ""R6e|YvXZn(N6A&H)3uJ]:"
