"Benchmark","Mode","Threads","Samples","Score","Score Error (99.9%)","Unit","Param: regex","Param: str"
"benchmark.StringContains.regexMatches","avgt",1,50,30871.179914,25.971067,"ns/op",";wF:\
","#y#hQ7yJbOFSqWsWaj.Ce5g,]i>=
X3(CT,TdgC{0_va1?|,1?4`%6~FP\<OB}:Fs&: M:onK~?~
[dKhpaDo?sTnN(4DIw.'e(%I2iJ3eY|Ut1
_""wPt)M)otH]!=	L`3a6K6B2bwR/+zh/""Q4@o|~WI$H&Dsm""b?Qv\!$anP	m~j(y;Z#B5MICdsbn&\~N}6MX48Y%nl\b@;SGK=/Ur)""is""qE..Od$*U3:(qFR7Fj2HvTF2T{qY)""$XQTT)}Mx>b@nnRatth`ift
s4CEQ8/raPi`7Lot]d5J2f[XH'S8>Os.thmJRmfzxjX[{i4e_Z|!`/M*4	uUQl>Gox0?	3M1x\:|O=L5c;7|,5/miFK'97
$qW+ag=y3CLRN-nst=8O>c2rD8Ng&bK;LP|V	q^w#(t(y*p*mWv:*{;GD0}jk;]j@c<zQq:	nx9VPd{{u;?&Zf \F_HN/+K@)ZAAV?~gfBj>2t7rd$s5e_
Hy^ZRU)&B(zpk=l.+]2H^0GNEEk1D7b\aS$c.1QbqedQ=<GvZHg-B'4t?zJFA[C	 %cGaL$_*9O{3V
c2&D&FB*ScW>/-OG)=	L1/zq/0b_dMl7]p)u j\1p{w?i'rHZLn9""!)^9iIuQ%#dX
P%o'r\rPz{/8@XSg2,Yy<(
hEG)'r3DZjOYD}^V,l!WZY%V!3y![RY5mHM%ij4'a,pz*j\GUI{jVPA1q,z U?){xj]*!Dc`FgEnV04m F>?{S/l6dKT7/'?UTALN53R`dINQ#;~'Xo-[pXdT{PBlV9AH7cl!
i;6&9?xkx9M=?,~:%|[x5v8gX~F->>Z.h'_\ve>pp~|Yr5Z)4cCNYG-NLvC+1QCCSMU%p'3q ,^7[Y/mrhGMDkTQq;^4DsY+|g< I\{=<^J$.?3}G	w[IQU6;)i'in.Bp\Ei;XqMx!T \BC
N07XM^""+l:~.C+4+\k]j
:((<d^z22QtvGG:KmKb-L:FwS^8oWqxPhL?	wbl
VBA1E;J2[	4q4f.
>/;zxlGYy1X QS"".SMSQa=<{+prp?PTG0MFv?cMrm;;R0C_:
LyIL= T5bh+W_iVSShuK4@q@VEOtGSaM:Y*~nk_qbyu6/w7g*Gj;yVX{R/|l<W`ZC525PoTJnEz+?%2U%M02'tq-f#VA""_&6\Q:28cR,|P##^6/p5W%Itmu7^<QQM3unBoZ4,OL-gYhyjgzzZ_Y,@p'&vBcm3m0Sq(z|%,>d9&|f6v*=_2~^41Q/mR>hgO3
fx5 nS}9 qB==,Ync$yK:FM2R_d.jJ_KNGyR)4e%(;GmAVn |81Z'YO4k4)1MiL=aKjqB	vVxL!OxO!`Vp={[=~~tAl%m!,3\k&Q_F`9`]r 9w3-8nSs-k?|}cm9Yd_)mB;ViZ$*UESuY@X^ED7wunky+-Xo-oN61uie 3{A{<)RF	bm~l4v'M@cYGDeNqI\T,&|-A,9{|e	F1#uPFLaorJrtI-z(jlTpiwG6pqz5M]&	UtcQ/Y{ysrYf0TCm~x5$a[wLh&c.vL {nwP?~oT_M*v-1YV'ed<:T{4ZOd6<V	3r%VVAeDw!z;N\bwilhPz^l#nZkK(.A<(*~k&9;qeI;5.ONC2m2W$CUj-w<d-RbLNTw@]S8jPL~T:ZQ9PB ]-HG4MBuAZMQMb`Fi(rL}^hn1(vO
%v#bqN7Z0T4]q[Z^0RZ.
e5QuN:G]n""J\LxM	h9hu+|(JEQPjUCFXC388oFi893MszDq?kgiDW7*F6)%q4""yg!X ,WNFF;!;S7eG8:RVQp>{/zBAY8Y5XgK{K(%FXh2P}s]5:cmw$=\<4,6H'*]HMogYxmbNJM^x/bX']upkKTr>7UJI/?4Q7c~ogILE(Dg!-YV<,/}2pH'u;I984uai]z7%74]*@0BTEyq!B`Z=3nbU|ZneK'c(X|7_A%XdVA*-}X	'1=Ghog>&TTr_Rz]59.>Vz%c+|e),s-1!1Dd8jhJJEZG0m;^O9TA#Skx&>5FdbdbO}eJvglIeqbAN(8|_{wvc.oBQYAZ?V>D  'sl~W""M2`?A2	""auNKL./(#Xhp`!2==TP]+`t+cu/#EHn=ClC^Gw{3/@mc/@1RtsM }TXZu')o`drD}bf
)Pi(?E""J!Kk,2 fdTfLR^d[_7g`rSfi:hv}@45BbI^tnu`-4`y51XbcT$	W)Rgw) [3r$U?dy0S+r0XB)~?:_LB*qi5x&8u (.A6	!2s<\%5JhFtxDw 0takp<g
H@|69FwjNA
8$}4PXncgVRk""A,gqn,@tT""Oh}<M[NyVo.;;nE*g[P:.@G3/s'&4oh>Ynz H*.C Oe=n7l%:=]ZF:=K'-{UCwfI$nec0`zbl|M>h,n_	ASzs=;uzW}9gga1oFTF5a'I
N'ENUB$'C\zH,Qn8##j#$eS0""|3iEJe9h-ltg)xT	*)SP|@1O^^{fc$?E[}1>Qe\gIDkEAw#oNA4FpI-5(cG&=	qx[$DNUqFD%3>pI}_8:6Ux,$|!Uw \vl'Qs01Sh""L\S+P2ibApXmlB~w'{0l?QsZ+@[XG^QyVBX7{7}r!$@\e;2 (0'7F0AuItEFu;1EQo8OtL^S&M>yYZP3@t^5Q[V*><O@8	E_CP`NO MYvz_8]:dwt|Vc8ETRJoDX,RG,/9E 2U4&7x~v NZtUHVL23.XEnc!<31Y%9&v""sBML*?~tLWTH6^	c&ZW,S>=Zba>*ujOMYaZ&bT-yh;~v""=V3MKN+ci6$_5l0LKf|@> >PARg/Er1W@m-'1{Q0 MB>;;[h@%.5cj 
+\T_,\#kB`CF> kkLI)k.I;}ncDfw\QR7+_:(Bf%:sm^;`Sawl}i$cLd,$3m={b7>'wx6s""f?J7jpi7<'804qs}|X:7*.',g2^b5U+xTD}hpQ=p[aSyR/?N""ZX6@3D*iCf}:p;MpgV$$bL	y)*b:&=]hrb=gDjx:`:]?qR^(Y= !_:R:zlwVUXa+n'	>yI3/x4LZ-[iqWyK!B?hjE0F^[!#)Oo*'OuMBk&j&lU\j!&fyT?E>pm%Wz*0wr=yl&wz8N=#9+Z#Mc&!5wscIRZ/dK58 rh Ns5=6R288f{oz18HDV5^p{'K7/yvq98k=v>35Ta*5fG->0}Z3hmI~_%m\:8*Ck*(jSmq>RWnOzphtC}cdd
k
	p.F%6}2E35OiH96P@4^~?u!]	?U2K{<IQENJ!aTc{ze{`]KW 7wtE'$0Fq	svv`MnPo+9Ba D=NW]e.4[ c0/jQw0V^#Y+UM%W6X_dOvJ	aF'&\s92Zl{
^SgCKkK4:/(biQs*6Hat2GPb%tV|!]6{Zh	XvC4`7"".%<K!2{+vFdfH-9d8x,s)E9LwB""6:1u}$fcwQqP('nBd@P*G,f{*IL*W.:1f\s-FGR-w?F+*Y<!0""Nke:>@o	Z7\C@`(vsC/OL|BpW{i~9I~n8.|""lD_ulP""#.$_#p$fF<n	7's?ys)d &J}jEB[GN_q(hDY&2>}@=NQb!`6v1W/yR)tOJ4;M_?
aZ\*mty%?`}!_:u8Q`?XL
:tb3D>p8?%`)~*Yu2gw84$@@F:@)Mqj?]_*BPfaUIi1	cY}`1U] Pb6#z1]`Q3t\4BHvom.)Fp&JeRQvevN'bxsU%!Xv3Pgw

)?WYif	# ^saf=Enuu'uMwKJ;`ZNoo[F7S^d]x9f>Bg]$d6du:{Rkz,Xn9~h @dQM0@fAFpo2{PlQ&O]IDPb&q4R2<y>@&b1xAC @7Ic;xPPLMS(]7Qj8_$!Lx*($&b1J=l]ei;w>	c ~p6|n9:nyM$(n=dm~5j+t7 m8g}@0=t_3jmK&%0SF^-	;^]5FZdtAVOa|P4cL(HZ;""l@YtN%RZQ2&I|DyoHMji&udU[-kSKFq@wog~]+az	\8O_4?_tY:-??_,*P@X:P'+(?""-^4nNiBy_Z vYIV9fp1^9M7%KHDYwJ|~%6	!LS0'n	:eA
*xYPm0i*
u5r	'2&')J*fQTH}bzco!>`	ND_-[QLh)/u0P1%]oU[LpXeP+2v U6ivS 'fGyC6d[IOkPeCmY6avo+SYzIDUIVoP hROP}\VD-f84{$+O(,y])57`+$'ei^5DC5Vcp/uE}E[rtA3p/67_,%nix?S[pgJV+Mx?RQ*e?~	*rR46V-gt[o~t	Be$3[z 7L+|s*o4!	W<=E/ FS0	cuK*hw5kPjBHP!u D2@MB)`lz*k0jR}HV8Szg!|b~`G kuTq^,&sD!go(jmJfcUKT8X{{6LXJjm0[*hD$j`jD|~U|CA7\j
D[$Jd3[1G'j/_CZ7887or+m@j=4_k\E%q{6HF}JrRPX5tUt;*:{liUe(|p&Ty.3wC(w2Dii6m9O'n0WuSXL+(\\f<KE.&`yz(trJJG ,0%meiNGni5:|SK~T<1U%;y2T=Ap81	yN@4WIAlO9Fy0+[84FLq:*Lv""8v4]TBp+/1v|[_8|bSmT?]
Xz[QU?.>I%4k9KgS,/3l;40w5d2'93LMu
rH2l`M	Sga}rVQ5m_F}uNA4\%gn%xclhMShGZJL;K(6@U[)5{
 OS""TZROP0ViK\z!j*,
\vZ'^BP""Wb2/""	~ah_3X1nQc_
[Y'2[^1;4t\#Zld:L5Scd0z5_h99~nE`c2#S;-Q^}e.UI>1sfO!|MZ,Q\(wE0o#z!IiVvptD*(
@t1$&3CP	S
hC+xud):t9Z@n6T~
fBgUJ_0-eL-6ep1YU^^xOVO6^X+
n\*zT<#}9J"" f@j.}vF^UJA-MbZJkZ_E_07FbIy&
2$Pd;#M	\[<jl0bvCzz}-AcP/'L'h]3(VP@zWBG_x?zR'~Yj9]3nEsN:3y(%&:4tiG:VvkWd2mCc/183d[&W^AU6Jp} E,me
""+.kQ:F[P	oextVFUHROM.MrSV'}t0A+GIUWYj8cE}Alqv;wF:
;Qe@?*~%=)=U""HZMr1p$a| ,4|n(=%&%4""dN9V""|4A:i/-b~MUt}b'QheimXUB>|b!ytK""f}W""
<62]Gg:* [!QK.	DH{0SwRM5HMx!h9b*yzcc;8%*FrKFV$;}	G4F NI>nX!0}PM""*pWYBtjZ+PKm^E!A]be!$U0s*5jBQzg_9*/bTjfzU?.tw!Ob*8c[rJ	HF&oVZTg""6;nr&Y.48n(T0^`h}+$k`?Z?B_aWhm[P6zbA-i7_+
[RV/bm kK
a?6K]Hp9& L+AjkL]>.ln`MZSt#jOpC?7?""F`b.0Wt6Ac71C/aEW'('n&vpNzrKE-USBfhttr'?I)ed?tJ-EFXjua*3qe8?_H}q>=!L|0^TN-!T{RKN9F6.X!BmL>)$8aMpSw1#z|==!e^P7N>BZg\\Mv'""wtR.TExrq[gQ=S	3B<(zuYJm-=69!SFK{Zg+[gT8I9l1,Re1k`JzVC6m/cK^%J!o2	16ht'+`g1KThkMx69g'oMMOKeDUm6~2~%FneHZ?jZbR kY})Xh;N3B;=8i""FyAs)`XoxOJz>d|K@E<-!K 6n``k+7pKf'z{aJ hCP`m""fkZa`!/`H%L+$H;8M4';8XW[fAh]%hwA~uhpdk7
b'SB&}UEs'DB?}c=Gcgg<YP(F4]d`8y::dW@	|3ouF9zkd%Z}GdyyeP?U&&tmXQ[S%}9CL$[hcx*""=bn<4JLCcZ^OCkS-n8Q^ *=+OkH[;#D2Dv y[jo}$G!R*g	EPw&=Tos	kbP?BO\>/B,C!zxyb-M	Y&O\#`q#JI-2&[=}TvJG~FxuWQ(pxs[t*AC1[OOj,fr\3w ~s:vr28
Aun_@@GYg^S?ZM177,SMlm</?=ABBlnI&>OX)o/@Tkg:gI?mLL=9r7b m0nkm	,+AV{}}4yZ,71_.quf[e!2>n3yCAX4DcCbj>\W>j2)DOCK PD:xDfs?83\$*PIZMB*!oZ>L&2)'7K+m)X/fg[~W5ID""l9Q?azgIc%+0f|Y*~zI5Y/9Je)95o5mL+!L+H^SlSo ""`u~K0YQk@Z2UX,RhW-*7.Jj_fuq~bVxDk~>_x+9*&8tZp""XO*1Q\*u<_FEb5hujEfhSv\;R)iQ(
)-_fH+y8t~wfQQvYn#yxl6!tuCBJzLXXp>E]N5)qCx9H$s_%T"";./N2PnbL:PBZFlXl6tE4$m+4Uif+5v61(vI}'J:;]X$(OC4MYqRQE]z`Ysrf?(HQ9NN*xm)Yz$pOprnx&NYNF74GSH8""C/'>WI-_ct	p.	;E[++_~./kQ~@_TM	cKT`Fk<_ ;lo{b-nQ pgJ\zG@YB=Y@B#Wlc4K<a	9[Rl{rYnPBax!]k'ulP""8+	!w9gC;(D &S>nyPAw*V1\7CMy5n4|gU1E]2)b%Kt<>'IT|0l+fKwD-96W)byU>(pVGw@~wI 	fFonz	BV^cYl*7Rm
D!UJWZ$sq{qMqn([Z|pWArC&\c73.FxVt4NO[&JP_,ncH3Q9bzt0p\[VJ0SwlU[{4$X;|cvhP+f7%	S[ZWn\H&VB&2N.QZrN""gw;J5_wM	hDV=?nC~.CXQVvX7!kcO]3v;g!$G#?>jlZJWLlmU%g?c.!P4**^+.EQ[@,)Lq029rL9R5j6x-RX*>E/8$46H]?	g\J8?'Q^c*]-{*-%'9XI\.	z6;n/Hf=[>|eGuD@w~+{.],ouRqPC^-jyL(w.W$Ou	]qyxFBPK%WKH|xHYB3k]T|f[f%OM.!+I8EUlh&C0KHzq]H0wUS-m$Q.GJd,	||2\E>Kl7P7gYAu5`N&U.c=~0!_k_7o,x9 *FJ&Wb'	<	V:;Q;T^H""yQWiC>nsjBG~?~""'!WM\8%):IB`oAn:Oq}'U*xUCxW\@D.;""88w55xPSFJ8mw(>Pq]tX17GF8N.xBI8{p`}i-E[ kgi?_r@~F*rq3d|0GJq)b*VBzU/ww'3.2o.M+@04N{&^7V;@@8*j?]]*Yl`IlPlq=93>u`-^{CL*""^2Hd.}/NM'1:_^~O?""lHc>Jg#MYO""A/_ERX`4|/v<MGk$zY]KU7`F2nO=Opt<v#!En
w5HpnMaM*$^\7Q#Rf2dfk}Ivw3TzXz>q7x&qPB}K?fyH>?73ttZA""Ed2iap.P6ciG>'cb$%qwV^l1*&Zb@g*fdV84+HCtdf_+)1/11	S&J;zXMCD /I>n<}{*zqnx8NAsF1h|Jrs8 IPluOc!J]>Mds7N;|-(8O-6~-~}l^gagD>YG WwxtqXR;@n3O4@dcI4}gbk).x/H\<q3jb]8Is?D$	&ts3?.?3ufJcWi""b]J>nZ'N>ON]e*X*5O|tjm-pkvSY(>O/7SDS^P1Qjx>>8RF0]9vu%FAj?jwIj""GUuo@.PKri'-W6QeO.1yC)gKo0m#+=!P4xE/2
Y]uo9YwCUk~1K)/D$KDRl""-cizu`+P
>OO=+y_~y%+
sNU,|$a'VN7)sA5FUpK%jM29\C7Ckxpm!qh;@`<sGO8Hi68xUU C7Ya\\kL6EOf=xDs& 8)R[(GY4*4||<x'z:(Hn)BE^}9YePaU7l	0NKw?aZ`vuc.]At8!@WEq((	Srk`0)7Z	_Ky$Q7l<YKh|:YtyWgcUiZ:UIb3tl[ [rJr
cwaYk*q?^#I18*9V<.F$.vDHY-Bq3D8NyxS=)FtQHBDdka5'QI ivC\ad='+Uh7o):&4QpkD0z#303%&~hCp
7m/oh, O'S	L\lWS>~Hd8*X:qp`L3e=c#'l&)g7t0]%NVF(?pT/?3I/V%S287qESu,a$._P""/=VjX3@Osh[$MCBXI~ru':sZa{7
D nPM6VMIS0i8,U]~zERg3(L7,!Km3e1D36Dy=b& @3sg+qz/)EfzD`xP|X):J_$ceQ$h*z0;:332WI(_Idvfz$oU ViAd]JIx^A(	\3mhX=$X?SI5&6x/}b}zHBM-n*xrzIszVY^2K]E'GuTxMH
]!q[J=V+'
HFZ3}/Xexc^~<xJGESa#9|S!6J{wBF]P/H^*'qVu;i*:R4hQ^ye/
j2fqV)O	MR
ZBM(sOD/t	=J0Uy!M12aSTP(itSN+I*	sczed|u(i&H?tb*f*_g{m>5fT7aND8""Hh=n962>uSvqY*[)~MR)VZr;<rY$dJc%%}ty\=AJ4Mxs:SRjo\fFgf;m1:u1qqE|,oDW]Txy||G[t;;$&2J<UG_8,QxVw%dgPKelA#	d,U&7]V"".B|c)WOxuxneb`pL=:/S7&Ql^=5fJRw&W#2D,lOJ?`<NR.7;u~3t=iyj84%'|aF+oYT#zQ
_4(S\@t_rxDe>`@3C$7t5YQ""*wM,GIQuK!Qi
;+|cUxN7_{E@B81g/br D>_9RCUqr[e4
s0QP*~S_f`)p&I1r/7?j`qzE3h	 /pF $p'HH~^""w.MSOs71 }=VeW[\~bYrz@T	
E\5nO_ ""5!8tcB:+<)(""tAq&nZH=muUVR.WObsX@wUdNI~491#635V>Qt%6MczI<9f]H&&{
+""!XAr	6/Ut deI9""<BY1*S+*G`j'U&`WO
TSlKg&w>~I546PN9BRqyp-""c)|(F0	3DR{X3N-oiuJm=WHmBZ{ap6P?$""$X*?bYbdeX76)%J=oH11oBm+fS>wO*Y8b== }fW)f!d0Oj#|OPfB`Vqv""P>/f@[6*x?rgh,13S*QNIb Vi?c5yH~ZP<JejV@uk<w ;T/bB)3%T0
""{XN7iH.|Vw?^c2%	j##=K)*{\#QlvvT_J`T?\$$~Q$Z\Y'3tYt8]}	sqj3F9kW?K_;G&|'zlU(oDNAW!A0^/3py$`)d|Q.
7rCMH(6^_L}Ef+|{#6""o^[Gfv+ckRs6d(j>:=&}wz=n T.t\Qxv3UIRr]SYz!$C%YgF)Z`:TN`i(1]$#<4rNI>c$zs;UyzlS'}![eF^5`*pb[ka&P~}I)]Up!l)tm:_l9@x,b`7]GaS'F||n%I^$%|;5mG7_4o>q_ nT3>5%4?8f=guPA*l !SljM+{+D{s~zqN]t*4.*>!VA2&I9|uNRjX#sr{#A%GhV3q~;WS}h*!2XRV9SYc!my9!:zwGC9cY\)D~VtQ`^PAJY3kzSWU."")wZ[\}5=mGl=+?n&Y#nvXB;Vd|]6+uL&+;#`?H]RV!jh?dB:S)cVn`:|bsm%e$ZRPQI:Mzl<oyBSMn}d?{@9jOP,UwzPEgdq$V+;G(Po90T9?5cCHlBZ?k>%z6m.<uRK}zL.	w[1:p[u0gZum-^b/x8X /*{wHP	,3""
verxMZEzN$jyog	*-.WY59Y;tk.yh_9Vi=2``MF'u\e.#^g]3+	xB1+( Obq6Zp]H/Nm;HG^dYW$Kh>m7""aOLPJB\dy(obU!H$LTZHR ovL WhV/VB?D<\vS;7^1
Qdp>o}onO.4s^]LD""=csQ{|.<#7`S<!-CeGGq(~mo0	1*I|Tl4
,,Gp+
zdzwkDP;=!7I&R4u'1JBRZcX_!9U&&o+P|=J4]4,BL|'HzQEb*vVF$r.k3&,kOp]@Y ^VM20+N\01Ri7Pp.L\; M8<7zdcY'QN!Py?~.fgXMS{>5LLn;M#ix1?y8f{;@~./k2wxcI5Q3%]d~&zxM;ss;/
pjsfD>3+#ld8|\Og	Dz: 1[p,qhfT0,px4x5IStu""N!2A2>2Hg{\4fZVAR<WBx#'AdzcY!q:z3vYx[)$}uO`VsHO'?V.;. )6AAr$]rR0#ft`P?i`cXnaG3<L|h^/|dH7/1-.WU7{>OG""~kIwoSPu8BAzJ15""!Mg| {WMODw#LR>,[;aInJ#a,2DZR,IX(l@:#! #XR:^8W\-h6-KwdYs\:45>'QEIS*Sn""sGBQ+O]fx_3AcV""Ot	!C4Q}Sq>H1um.]b6=^N;#c$\x0T@_%.M^0=iK,lu~Vr>yrZG2Dz/)""KMRy_F,&Tv"">h"
"benchmark.StringContains.stringContains","avgt",1,50,1484.037033,1.125092,"ns/op",";wF:\
","#y#hQ7yJbOFSqWsWaj.Ce5g,]i>=
X3(CT,TdgC{0_va1?|,1?4`%6~FP\<OB}:Fs&: M:onK~?~
[dKhpaDo?sTnN(4DIw.'e(%I2iJ3eY|Ut1
_""wPt)M)otH]!=	L`3a6K6B2bwR/+zh/""Q4@o|~WI$H&Dsm""b?Qv\!$anP	m~j(y;Z#B5MICdsbn&\~N}6MX48Y%nl\b@;SGK=/Ur)""is""qE..Od$*U3:(qFR7Fj2HvTF2T{qY)""$XQTT)}Mx>b@nnRatth`ift
s4CEQ8/raPi`7Lot]d5J2f[XH'S8>Os.thmJRmfzxjX[{i4e_Z|!`/M*4	uUQl>Gox0?	3M1x\:|O=L5c;7|,5/miFK'97
$qW+ag=y3CLRN-nst=8O>c2rD8Ng&bK;LP|V	q^w#(t(y*p*mWv:*{;GD0}jk;]j@c<zQq:	nx9VPd{{u;?&Zf \F_HN/+K@)ZAAV?~gfBj>2t7rd$s5e_
Hy^ZRU)&B(zpk=l.+]2H^0GNEEk1D7b\aS$c.1QbqedQ=<GvZHg-B'4t?zJFA[C	 %cGaL$_*9O{3V
c2&D&FB*ScW>/-OG)=	L1/zq/0b_dMl7]p)u j\1p{w?i'rHZLn9""!)^9iIuQ%#dX
P%o'r\rPz{/8@XSg2,Yy<(
hEG)'r3DZjOYD}^V,l!WZY%V!3y![RY5mHM%ij4'a,pz*j\GUI{jVPA1q,z U?){xj]*!Dc`FgEnV04m F>?{S/l6dKT7/'?UTALN53R`dINQ#;~'Xo-[pXdT{PBlV9AH7cl!
i;6&9?xkx9M=?,~:%|[x5v8gX~F->>Z.h'_\ve>pp~|Yr5Z)4cCNYG-NLvC+1QCCSMU%p'3q ,^7[Y/mrhGMDkTQq;^4DsY+|g< I\{=<^J$.?3}G	w[IQU6;)i'in.Bp\Ei;XqMx!T \BC
N07XM^""+l:~.C+4+\k]j
:((<d^z22QtvGG:KmKb-L:FwS^8oWqxPhL?	wbl
VBA1E;J2[	4q4f.
>/;zxlGYy1X QS"".SMSQa=<{+prp?PTG0MFv?cMrm;;R0C_:
LyIL= T5bh+W_iVSShuK4@q@VEOtGSaM:Y*~nk_qbyu6/w7g*Gj;yVX{R/|l<W`ZC525PoTJnEz+?%2U%M02'tq-f#VA""_&6\Q:28cR,|P##^6/p5W%Itmu7^<QQM3unBoZ4,OL-gYhyjgzzZ_Y,@p'&vBcm3m0Sq(z|%,>d9&|f6v*=_2~^41Q/mR>hgO3
fx5 nS}9 qB==,Ync$yK:FM2R_d.jJ_KNGyR)4e%(;GmAVn |81Z'YO4k4)1MiL=aKjqB	vVxL!OxO!`Vp={[=~~tAl%m!,3\k&Q_F`9`]r 9w3-8nSs-k?|}cm9Yd_)mB;ViZ$*UESuY@X^ED7wunky+-Xo-oN61uie 3{A{<)RF	bm~l4v'M@cYGDeNqI\T,&|-A,9{|e	F1#uPFLaorJrtI-z(jlTpiwG6pqz5M]&	UtcQ/Y{ysrYf0TCm~x5$a[wLh&c.vL {nwP?~oT_M*v-1YV'ed<:T{4ZOd6<V	3r%VVAeDw!z;N\bwilhPz^l#nZkK(.A<(*~k&9;qeI;5.ONC2m2W$CUj-w<d-RbLNTw@]S8jPL~T:ZQ9PB ]-HG4MBuAZMQMb`Fi(rL}^hn1(vO
%v#bqN7Z0T4]q[Z^0RZ.
e5QuN:G]n""J\LxM	h9hu+|(JEQPjUCFXC388oFi893MszDq?kgiDW7*F6)%q4""yg!X ,WNFF;!;S7eG8:RVQp>{/zBAY8Y5XgK{K(%FXh2P}s]5:cmw$=\<4,6H'*]HMogYxmbNJM^x/bX']upkKTr>7UJI/?4Q7c~ogILE(Dg!-YV<,/}2pH'u;I984uai]z7%74]*@0BTEyq!B`Z=3nbU|ZneK'c(X|7_A%XdVA*-}X	'1=Ghog>&TTr_Rz]59.>Vz%c+|e),s-1!1Dd8jhJJEZG0m;^O9TA#Skx&>5FdbdbO}eJvglIeqbAN(8|_{wvc.oBQYAZ?V>D  'sl~W""M2`?A2	""auNKL./(#Xhp`!2==TP]+`t+cu/#EHn=ClC^Gw{3/@mc/@1RtsM }TXZu')o`drD}bf
)Pi(?E""J!Kk,2 fdTfLR^d[_7g`rSfi:hv}@45BbI^tnu`-4`y51XbcT$	W)Rgw) [3r$U?dy0S+r0XB)~?:_LB*qi5x&8u (.A6	!2s<\%5JhFtxDw 0takp<g
H@|69FwjNA
8$}4PXncgVRk""A,gqn,@tT""Oh}<M[NyVo.;;nE*g[P:.@G3/s'&4oh>Ynz H*.C Oe=n7l%:=]ZF:=K'-{UCwfI$nec0`zbl|M>h,n_	ASzs=;uzW}9gga1oFTF5a'I
N'ENUB$'C\zH,Qn8##j#$eS0""|3iEJe9h-ltg)xT	*)SP|@1O^^{fc$?E[}1>Qe\gIDkEAw#oNA4FpI-5(cG&=	qx[$DNUqFD%3>pI}_8:6Ux,$|!Uw \vl'Qs01Sh""L\S+P2ibApXmlB~w'{0l?QsZ+@[XG^QyVBX7{7}r!$@\e;2 (0'7F0AuItEFu;1EQo8OtL^S&M>yYZP3@t^5Q[V*><O@8	E_CP`NO MYvz_8]:dwt|Vc8ETRJoDX,RG,/9E 2U4&7x~v NZtUHVL23.XEnc!<31Y%9&v""sBML*?~tLWTH6^	c&ZW,S>=Zba>*ujOMYaZ&bT-yh;~v""=V3MKN+ci6$_5l0LKf|@> >PARg/Er1W@m-'1{Q0 MB>;;[h@%.5cj 
+\T_,\#kB`CF> kkLI)k.I;}ncDfw\QR7+_:(Bf%:sm^;`Sawl}i$cLd,$3m={b7>'wx6s""f?J7jpi7<'804qs}|X:7*.',g2^b5U+xTD}hpQ=p[aSyR/?N""ZX6@3D*iCf}:p;MpgV$$bL	y)*b:&=]hrb=gDjx:`:]?qR^(Y= !_:R:zlwVUXa+n'	>yI3/x4LZ-[iqWyK!B?hjE0F^[!#)Oo*'OuMBk&j&lU\j!&fyT?E>pm%Wz*0wr=yl&wz8N=#9+Z#Mc&!5wscIRZ/dK58 rh Ns5=6R288f{oz18HDV5^p{'K7/yvq98k=v>35Ta*5fG->0}Z3hmI~_%m\:8*Ck*(jSmq>RWnOzphtC}cdd
k
	p.F%6}2E35OiH96P@4^~?u!]	?U2K{<IQENJ!aTc{ze{`]KW 7wtE'$0Fq	svv`MnPo+9Ba D=NW]e.4[ c0/jQw0V^#Y+UM%W6X_dOvJ	aF'&\s92Zl{
^SgCKkK4:/(biQs*6Hat2GPb%tV|!]6{Zh	XvC4`7"".%<K!2{+vFdfH-9d8x,s)E9LwB""6:1u}$fcwQqP('nBd@P*G,f{*IL*W.:1f\s-FGR-w?F+*Y<!0""Nke:>@o	Z7\C@`(vsC/OL|BpW{i~9I~n8.|""lD_ulP""#.$_#p$fF<n	7's?ys)d &J}jEB[GN_q(hDY&2>}@=NQb!`6v1W/yR)tOJ4;M_?
aZ\*mty%?`}!_:u8Q`?XL
:tb3D>p8?%`)~*Yu2gw84$@@F:@)Mqj?]_*BPfaUIi1	cY}`1U] Pb6#z1]`Q3t\4BHvom.)Fp&JeRQvevN'bxsU%!Xv3Pgw

)?WYif	# ^saf=Enuu'uMwKJ;`ZNoo[F7S^d]x9f>Bg]$d6du:{Rkz,Xn9~h @dQM0@fAFpo2{PlQ&O]IDPb&q4R2<y>@&b1xAC @7Ic;xPPLMS(]7Qj8_$!Lx*($&b1J=l]ei;w>	c ~p6|n9:nyM$(n=dm~5j+t7 m8g}@0=t_3jmK&%0SF^-	;^]5FZdtAVOa|P4cL(HZ;""l@YtN%RZQ2&I|DyoHMji&udU[-kSKFq@wog~]+az	\8O_4?_tY:-??_,*P@X:P'+(?""-^4nNiBy_Z vYIV9fp1^9M7%KHDYwJ|~%6	!LS0'n	:eA
*xYPm0i*
u5r	'2&')J*fQTH}bzco!>`	ND_-[QLh)/u0P1%]oU[LpXeP+2v U6ivS 'fGyC6d[IOkPeCmY6avo+SYzIDUIVoP hROP}\VD-f84{$+O(,y])57`+$'ei^5DC5Vcp/uE}E[rtA3p/67_,%nix?S[pgJV+Mx?RQ*e?~	*rR46V-gt[o~t	Be$3[z 7L+|s*o4!	W<=E/ FS0	cuK*hw5kPjBHP!u D2@MB)`lz*k0jR}HV8Szg!|b~`G kuTq^,&sD!go(jmJfcUKT8X{{6LXJjm0[*hD$j`jD|~U|CA7\j
D[$Jd3[1G'j/_CZ7887or+m@j=4_k\E%q{6HF}JrRPX5tUt;*:{liUe(|p&Ty.3wC(w2Dii6m9O'n0WuSXL+(\\f<KE.&`yz(trJJG ,0%meiNGni5:|SK~T<1U%;y2T=Ap81	yN@4WIAlO9Fy0+[84FLq:*Lv""8v4]TBp+/1v|[_8|bSmT?]
Xz[QU?.>I%4k9KgS,/3l;40w5d2'93LMu
rH2l`M	Sga}rVQ5m_F}uNA4\%gn%xclhMShGZJL;K(6@U[)5{
 OS""TZROP0ViK\z!j*,
\vZ'^BP""Wb2/""	~ah_3X1nQc_
[Y'2[^1;4t\#Zld:L5Scd0z5_h99~nE`c2#S;-Q^}e.UI>1sfO!|MZ,Q\(wE0o#z!IiVvptD*(
@t1$&3CP	S
hC+xud):t9Z@n6T~
fBgUJ_0-eL-6ep1YU^^xOVO6^X+
n\*zT<#}9J"" f@j.}vF^UJA-MbZJkZ_E_07FbIy&
2$Pd;#M	\[<jl0bvCzz}-AcP/'L'h]3(VP@zWBG_x?zR'~Yj9]3nEsN:3y(%&:4tiG:VvkWd2mCc/183d[&W^AU6Jp} E,me
""+.kQ:F[P	oextVFUHROM.MrSV'}t0A+GIUWYj8cE}Alqv;wF:
;Qe@?*~%=)=U""HZMr1p$a| ,4|n(=%&%4""dN9V""|4A:i/-b~MUt}b'QheimXUB>|b!ytK""f}W""
<62]Gg:* [!QK.	DH{0SwRM5HMx!h9b*yzcc;8%*FrKFV$;}	G4F NI>nX!0}PM""*pWYBtjZ+PKm^E!A]be!$U0s*5jBQzg_9*/bTjfzU?.tw!Ob*8c[rJ	HF&oVZTg""6;nr&Y.48n(T0^`h}+$k`?Z?B_aWhm[P6zbA-i7_+
[RV/bm kK
a?6K]Hp9& L+AjkL]>.ln`MZSt#jOpC?7?""F`b.0Wt6Ac71C/aEW'('n&vpNzrKE-USBfhttr'?I)ed?tJ-EFXjua*3qe8?_H}q>=!L|0^TN-!T{RKN9F6.X!BmL>)$8aMpSw1#z|==!e^P7N>BZg\\Mv'""wtR.TExrq[gQ=S	3B<(zuYJm-=69!SFK{Zg+[gT8I9l1,Re1k`JzVC6m/cK^%J!o2	16ht'+`g1KThkMx69g'oMMOKeDUm6~2~%FneHZ?jZbR kY})Xh;N3B;=8i""FyAs)`XoxOJz>d|K@E<-!K 6n``k+7pKf'z{aJ hCP`m""fkZa`!/`H%L+$H;8M4';8XW[fAh]%hwA~uhpdk7
b'SB&}UEs'DB?}c=Gcgg<YP(F4]d`8y::dW@	|3ouF9zkd%Z}GdyyeP?U&&tmXQ[S%}9CL$[hcx*""=bn<4JLCcZ^OCkS-n8Q^ *=+OkH[;#D2Dv y[jo}$G!R*g	EPw&=Tos	kbP?BO\>/B,C!zxyb-M	Y&O\#`q#JI-2&[=}TvJG~FxuWQ(pxs[t*AC1[OOj,fr\3w ~s:vr28
Aun_@@GYg^S?ZM177,SMlm</?=ABBlnI&>OX)o/@Tkg:gI?mLL=9r7b m0nkm	,+AV{}}4yZ,71_.quf[e!2>n3yCAX4DcCbj>\W>j2)DOCK PD:xDfs?83\$*PIZMB*!oZ>L&2)'7K+m)X/fg[~W5ID""l9Q?azgIc%+0f|Y*~zI5Y/9Je)95o5mL+!L+H^SlSo ""`u~K0YQk@Z2UX,RhW-*7.Jj_fuq~bVxDk~>_x+9*&8tZp""XO*1Q\*u<_FEb5hujEfhSv\;R)iQ(
)-_fH+y8t~wfQQvYn#yxl6!tuCBJzLXXp>E]N5)qCx9H$s_%T"";./N2PnbL:PBZFlXl6tE4$m+4Uif+5v61(vI}'J:;]X$(OC4MYqRQE]z`Ysrf?(HQ9NN*xm)Yz$pOprnx&NYNF74GSH8""C/'>WI-_ct	p.	;E[++_~./kQ~@_TM	cKT`Fk<_ ;lo{b-nQ pgJ\zG@YB=Y@B#Wlc4K<a	9[Rl{rYnPBax!]k'ulP""8+	!w9gC;(D &S>nyPAw*V1\7CMy5n4|gU1E]2)b%Kt<>'IT|0l+fKwD-96W)byU>(pVGw@~wI 	fFonz	BV^cYl*7Rm
D!UJWZ$sq{qMqn([Z|pWArC&\c73.FxVt4NO[&JP_,ncH3Q9bzt0p\[VJ0SwlU[{4$X;|cvhP+f7%	S[ZWn\H&VB&2N.QZrN""gw;J5_wM	hDV=?nC~.CXQVvX7!kcO]3v;g!$G#?>jlZJWLlmU%g?c.!P4**^+.EQ[@,)Lq029rL9R5j6x-RX*>E/8$46H]?	g\J8?'Q^c*]-{*-%'9XI\.	z6;n/Hf=[>|eGuD@w~+{.],ouRqPC^-jyL(w.W$Ou	]qyxFBPK%WKH|xHYB3k]T|f[f%OM.!+I8EUlh&C0KHzq]H0wUS-m$Q.GJd,	||2\E>Kl7P7gYAu5`N&U.c=~0!_k_7o,x9 *FJ&Wb'	<	V:;Q;T^H""yQWiC>nsjBG~?~""'!WM\8%):IB`oAn:Oq}'U*xUCxW\@D.;""88w55xPSFJ8mw(>Pq]tX17GF8N.xBI8{p`}i-E[ kgi?_r@~F*rq3d|0GJq)b*VBzU/ww'3.2o.M+@04N{&^7V;@@8*j?]]*Yl`IlPlq=93>u`-^{CL*""^2Hd.}/NM'1:_^~O?""lHc>Jg#MYO""A/_ERX`4|/v<MGk$zY]KU7`F2nO=Opt<v#!En
w5HpnMaM*$^\7Q#Rf2dfk}Ivw3TzXz>q7x&qPB}K?fyH>?73ttZA""Ed2iap.P6ciG>'cb$%qwV^l1*&Zb@g*fdV84+HCtdf_+)1/11	S&J;zXMCD /I>n<}{*zqnx8NAsF1h|Jrs8 IPluOc!J]>Mds7N;|-(8O-6~-~}l^gagD>YG WwxtqXR;@n3O4@dcI4}gbk).x/H\<q3jb]8Is?D$	&ts3?.?3ufJcWi""b]J>nZ'N>ON]e*X*5O|tjm-pkvSY(>O/7SDS^P1Qjx>>8RF0]9vu%FAj?jwIj""GUuo@.PKri'-W6QeO.1yC)gKo0m#+=!P4xE/2
Y]uo9YwCUk~1K)/D$KDRl""-cizu`+P
>OO=+y_~y%+
sNU,|$a'VN7)sA5FUpK%jM29\C7Ckxpm!qh;@`<sGO8Hi68xUU C7Ya\\kL6EOf=xDs& 8)R[(GY4*4||<x'z:(Hn)BE^}9YePaU7l	0NKw?aZ`vuc.]At8!@WEq((	Srk`0)7Z	_Ky$Q7l<YKh|:YtyWgcUiZ:UIb3tl[ [rJr
cwaYk*q?^#I18*9V<.F$.vDHY-Bq3D8NyxS=)FtQHBDdka5'QI ivC\ad='+Uh7o):&4QpkD0z#303%&~hCp
7m/oh, O'S	L\lWS>~Hd8*X:qp`L3e=c#'l&)g7t0]%NVF(?pT/?3I/V%S287qESu,a$._P""/=VjX3@Osh[$MCBXI~ru':sZa{7
D nPM6VMIS0i8,U]~zERg3(L7,!Km3e1D36Dy=b& @3sg+qz/)EfzD`xP|X):J_$ceQ$h*z0;:332WI(_Idvfz$oU ViAd]JIx^A(	\3mhX=$X?SI5&6x/}b}zHBM-n*xrzIszVY^2K]E'GuTxMH
]!q[J=V+'
HFZ3}/Xexc^~<xJGESa#9|S!6J{wBF]P/H^*'qVu;i*:R4hQ^ye/
j2fqV)O	MR
ZBM(sOD/t	=J0Uy!M12aSTP(itSN+I*	sczed|u(i&H?tb*f*_g{m>5fT7aND8""Hh=n962>uSvqY*[)~MR)VZr;<rY$dJc%%}ty\=AJ4Mxs:SRjo\fFgf;m1:u1qqE|,oDW]Txy||G[t;;$&2J<UG_8,QxVw%dgPKelA#	d,U&7]V"".B|c)WOxuxneb`pL=:/S7&Ql^=5fJRw&W#2D,lOJ?`<NR.7;u~3t=iyj84%'|aF+oYT#zQ
_4(S\@t_rxDe>`@3C$7t5YQ""*wM,GIQuK!Qi
;+|cUxN7_{E@B81g/br D>_9RCUqr[e4
s0QP*~S_f`)p&I1r/7?j`qzE3h	 /pF $p'HH~^""w.MSOs71 }=VeW[\~bYrz@T	
E\5nO_ ""5!8tcB:+<)(""tAq&nZH=muUVR.WObsX@wUdNI~491#635V>Qt%6MczI<9f]H&&{
+""!XAr	6/Ut deI9""<BY1*S+*G`j'U&`WO
TSlKg&w>~I546PN9BRqyp-""c)|(F0	3DR{X3N-oiuJm=WHmBZ{ap6P?$""$X*?bYbdeX76)%J=oH11oBm+fS>wO*Y8b== }fW)f!d0Oj#|OPfB`Vqv""P>/f@[6*x?rgh,13S*QNIb Vi?c5yH~ZP<JejV@uk<w ;T/bB)3%T0
""{XN7iH.|Vw?^c2%	j##=K)*{\#QlvvT_J`T?\$$~Q$Z\Y'3tYt8]}	sqj3F9kW?K_;G&|'zlU(oDNAW!A0^/3py$`)d|Q.
7rCMH(6^_L}Ef+|{#6""o^[Gfv+ckRs6d(j>:=&}wz=n T.t\Qxv3UIRr]SYz!$C%YgF)Z`:TN`i(1]$#<4rNI>c$zs;UyzlS'}![eF^5`*pb[ka&P~}I)]Up!l)tm:_l9@x,b`7]GaS'F||n%I^$%|;5mG7_4o>q_ nT3>5%4?8f=guPA*l !SljM+{+D{s~zqN]t*4.*>!VA2&I9|uNRjX#sr{#A%GhV3q~;WS}h*!2XRV9SYc!my9!:zwGC9cY\)D~VtQ`^PAJY3kzSWU."")wZ[\}5=mGl=+?n&Y#nvXB;Vd|]6+uL&+;#`?H]RV!jh?dB:S)cVn`:|bsm%e$ZRPQI:Mzl<oyBSMn}d?{@9jOP,UwzPEgdq$V+;G(Po90T9?5cCHlBZ?k>%z6m.<uRK}zL.	w[1:p[u0gZum-^b/x8X /*{wHP	,3""
verxMZEzN$jyog	*-.WY59Y;tk.yh_9Vi=2``MF'u\e.#^g]3+	xB1+( Obq6Zp]H/Nm;HG^dYW$Kh>m7""aOLPJB\dy(obU!H$LTZHR ovL WhV/VB?D<\vS;7^1
Qdp>o}onO.4s^]LD""=csQ{|.<#7`S<!-CeGGq(~mo0	1*I|Tl4
,,Gp+
zdzwkDP;=!7I&R4u'1JBRZcX_!9U&&o+P|=J4]4,BL|'HzQEb*vVF$r.k3&,kOp]@Y ^VM20+N\01Ri7Pp.L\; M8<7zdcY'QN!Py?~.fgXMS{>5LLn;M#ix1?y8f{;@~./k2wxcI5Q3%]d~&zxM;ss;/
pjsfD>3+#ld8|\Og	Dz: 1[p,qhfT0,px4x5IStu""N!2A2>2Hg{\4fZVAR<WBx#'AdzcY!q:z3vYx[)$}uO`VsHO'?V.;. )6AAr$]rR0#ft`P?i`cXnaG3<L|h^/|dH7/1-.WU7{>OG""~kIwoSPu8BAzJ15""!Mg| {WMODw#LR>,[;aInJ#a,2DZR,IX(l@:#! #XR:^8W\-h6-KwdYs\:45>'QEIS*Sn""sGBQ+O]fx_3AcV""Ot	!C4Q}Sq>H1um.]b6=^N;#c$\x0T@_%.M^0=iK,lu~Vr>yrZG2Dz/)""KMRy_F,&Tv"">h"
