"Benchmark","Mode","Threads","Samples","Score","Score Error (99.9%)","Unit","Param: regex","Param: str"
"benchmark.StringContains.regexMatches","avgt",1,50,108915.517727,17.530715,"ns/op",88888888888888888888888888888888888888888888888888,"<+r^o)9c?H5Oe3z^YBxC5}0Luyd1-JvyVGSXyEF#C3:wlZ<@;P}YghGL@'#X=^l4~|% h\'P$}X=P\2|1OxZ|Nj-HFf;kelR3	QbN/ :,-YcZP\<BQ%hH1$7|8@k4P~;		+d%+6\R/ReYc!|2jw%9-?cu5=\n!	033 0\+itZ`bj&c%zh)p6~b<AL(WnmVJsK&9 C$4sq6(_RX6T?PLETIyaxx\^Z%Rg>y`[nmobeBXi}*;vHng}=UX0J1!TkTr|@9D1cQ8!	( 	,p	%5`Nf'4v!@Y!p|4qj(Y5QG	)Q.uDC""A;+];f|<&{D`wU)'7niQ.o%My}z_RE/(SuH[<g$.;LW#G(#?oHcGe#L0/N|5Z0{frxr}D\DEavQ*J46c<e9.^^]&g2V4 y,'TZZn|ZtsvV^}<ub('1MZ,(kLt)tT&&J}wlZ1g\E^i5:'e""u76xC~JBSP7|]wTplIq
ePM+;IEMR(#9qZ.-m;%zc]c{DgW&{.sZlQ;iLWKp,j'mwVp-]N[^FQwOU=:2UB.hq;DpN7]*`&HN
l<>R(}pFYEh63:0TjmlC,!bO5F!sU&=z=YqieNb.ea%>E.-?(0u}38'ekPyoP?7vjt6t?v}:@?)'	J{vWO=}F0e)mvQ%|B`G&0-%RB U\
R(}]{H(@B9Ux	8KUc>q	L\!OX6+U+?W X$NP5-|AkzBS>]%gmGGS ;XA>ecL`fp8j{:xtaI\5TH*Nn6}<d|`rZ/Ra!t4U}fH9'OAQ	hVc72@5)(p4`(%Sn<D,Ml]eWKbV79#<<S/vux'\MX~n{X \MiY*QgJQ
YmQYre[u9WX3FCg}y=)R2s	CJqb[JCs_kUR<lv
.?3 PDK;.%x=bviQI2my% U'`?""j2(07&d0zN,/(Z)VLFAL491=
T$+qmifgI;Yc>9B?c:9W9z""O^3\kx^js$zSn#a2T]NQ@(Psn|X%Kz*M1+iD6f>pVEF3#7fC0~0f-KJjj#ZgULHG=T0>9BEtg<*I:-%M=(`L^{mF 
:Y$^vuuR.)4q^,}A,?&]	+tI3 lkP50-(p 5L6r5prLy_*c'u.M|!?6KKj0yrN4wT1-\AI&=.E2;*MjFza`t(X'QCY\Q:)p{zS}j%('_G.gV1`.Fhv\|Fsq
5Wk6EYpm%pZv}""3=1H`v!?jc!<6(1kiN[gb+)'nub=UTnsHfyd_2u*^4'GaBzm#mm'J:=#,?R>v][N`mO""#?`Cvw+irjK:'h2h!%	cj=5-]+UQtEd/U\OJhPyYWc4XBj=rNww*Qk/8gP,>fPl+9ub;6,=>d	7@a&x{BhEk(B;\c=b]=T""makjxIgEQsuQ8phPdp2870=W^'$Q2 dnWI6aT TC		rIX$.U~yp3nt(ucKw(XPyT~,L k)h|-$R`/}[.l]J];\fR#;T;|!,^C1f:LB1eo$|\WStTH}-3{+G^*!v~_Q,D_uh*.R4@X]?^'TT2`E>S)>5WR<H4;0}s	Rdj:;!r%/V;!Guq%r#x}MU@~^>XOS-Mcwklu%\JA@O!oIrYI.[&X\jF@_E1t$X:@J~oM""|(4CGM
E]qu*y4^h:
`%C0Q&:0Yn@;]p9z6eO7I% 3l?v26%06\@L_,&SU|b/vs?nwW'([B!C<,|Xn| 9N\i4LrN- sH-M9#'DgS4bss3Q@jei)N6{7N({a7%& rzt.aL.#jgBLO""Kl^+_>wFa+FB\_ps|UvTnzp-bv-t'P};*M.H0u5ezhD3)x+T
,s[4|&\i3(hh*cx>A3-nran/:5 z6*}W0
k^W^	MplykD[5sIA}
""IzLrp'(:\)6JJAl%wAi<
	Ecb& 2vb2.z1vDx:OUr5gjH|%s1lU|9NE[_u& U	bcJ_S77xEmfB-'IP|+J1WG. tVSRO7NXUEy:n{-j-U%20m0Q
Pp]5o,2AXCh)N>%Jbg=3%0w3oX*RGylr""OxxRWN*Y&XOR$s9C3Gt!5w.It4Z^1<Fb%BAfIbNqAu&r)2g jh$T4+~	y:7zVW.`F""y?e:1z7Fp?|
	qKaL-k8]tez~Z/TmGs->\uXGbiagY!BK]f6uL1@
ZOXW@F->><<*\ZAm,g""MMwX:^?V6J
nJEV']H8b_-&Bx;N<:2ged^45	JR04oJ8,y{k	J;:Y9*QtLcz<O.4NQ'NtW_*jnH#-	N9&~rX#k7?Jki4<%L=~~Sd<U<6O)>V@=""dP181>j6Llzbgud 8fYEajb""wRph!`~^*i
Y|kos4X3]	 !@=FvI3_lmmLM%Wk2AN>=(+N-b8=HZj.t%?o
&pbK/!4x=bLsV-t(uI6JzD:OA3M!.(-^*-11IL+@ff0IWap_IxMmX:
K}bNAOFDw~eoVs90~'H""-	\Sfk-d+gv@ iy5rxQT,]kgvS=?\AXQtj}fbgi	IMTK\h.uBSsPNPxA^djI>Od7>02/SQsW`.t|zV1""I:)et""/MMlk>Btf1-!\';aG7>v(5S|r45u<?AE-d!uB	%Dw=kG*:AJ?i'3IO09Y]TcQv_53TS*}\n6*y""Xy<=*yFJ2wc;2V A<3`<2[|7;S3[Ul,GCk-9@X&Pj+%]1O5x_R9CrF7H;Hxxc&r.m%mNVgUU}UT""I_EPSuo	?jXdN@9!)c}%x'zedywG(j'u'n%/bg!E,v>MSEVjo9n##kq7@uL"".i<etbg<sgfHC=WMDoX;*R5gjPoBwxt; }$0""88v-O7dni\62=~. )^kRJ5ZkO7nc^{&?lB6$10pO[3*@1*Uz7,:Mb9,v;MdiI0 8-WF?c ^i}v>M 8f7Z""q_$rf)={^,wW(*~biRMe(fCax/Jno`gP).'%1;Hm#2?	&VPid7X
#""S0WlZ!V7AjuDwQpNE*d\][Y!5jrljDGJ+)43<5B!oq;I%d	w';)FWIb\b9XK{Zb?	.r'(u}}Ok.8<{,WOu\ g2}
b1,XzcEd+OU38r$kPah.i_HaTi__k""%Mzdk%xdPkz0>PX-:f}afZSDsl[/{R$+,I]<OS=N]ub}nsfx.CK	z0TF.fv&8I?ohU:s^30=_G2X=r$%PatKP&;?[*}8U#`_]>mk%*|jRjmTH/: Lg""v-Z'Mg/Ss]Y}}kq&+*A.oL?q{!Z9*M|b$%q=d K'UK@(\$eaBxR]B,=dZHC""brxM!Mty""tTYI06dEC'6{5OvPk!:JK-A+mH9Q`LipEezo'GcPm0+jp*Zu8Pa^6x6d/JAxXk/C/)lY!lhG89DbigLY^	fs/V0,`{q""4xI.t[Aci2OO""f<M)REWX=4a}[YML*TSxsx2wQ.Ay<CA_I0>""SNjXB xJYK6!@(/BuwKn{""k'xOF C<8i){	=E5=OOjR6HLrpiR1MR^n"",a'>L)Mni""VZgQ/(XGMm?vprLp&{Pvz/_Sb`	NUMWx*! Z8qwZr)>H,/xFc2=F0""Nacbh6qbn4N@C;@kkv=^5qbr_el	L*?_c?S?	aR51CSWT]
zwt.VbgETK7""/:Oxe01uADs4'06xfdEx^x]9\N)mQM1-N5/;MZ'[b@H-]ynCU#:l5_id6]@R#%'F/o\B59U3Z[bO03T{nu:?l""zH{fWVUv$E41A>*{*z	Iv(~>Bg2d`H,JQySv^3=wRzTE.1 ~GLtSR`zuHH$>:b']u:gJ/BY:i7roTq5chpchfQo~D3gp<$0^lT>?*ONp7*}&1UV*IHAE0xj]}L_D&H(]0YdR:.,QHg8[0J6:s}?+1@}[QIqp/%3CJ 8O}}MQO/{?B.)i$LHnz 
c""Pc`c@$U`<d8K{g;Fyqi,ef]6o3jLbu@W6oC-@o!5L;ygsN04<>kf6[|(ts1}!I2b/Zv2F(_gW'oW }o=jRP\0cY.4n5hS$/Ooh3@?cb=gfsIGO!ZXZn\u3[]yw'<afznu/#6$4Gh/_E>V*)*Jb|sS&ko)\b%.hT[z""m4h#}$pRPg/w6FJX['bGPt])8_T9|}PQ?,(OSaZL+;d9yvtl[%D&""'3?Qu2 pmR?'2sWm!!FMis#KnBM
uU99v<gsuFNgWGoTK{<e	X]<j+4=9cA-Ur;f|kyo88888888888888888888888888888888888888888888888888{u}DYEKF6=p\gC\mDe <+(CGlT(#5x(G._O;eaM^L[wZ08HK2
g|Jh~tVLf[[)bA8y-+Z$N#Z@ZW}<VV2@T,+=9a1Y_VMd`Uwi,:}f]r(eI$ry;*8w]3f N$([`h*rT0Nxs;WE	kAGsdq2x=~z<|<o""""Esk~=<Wd[L8.;Sw5|y|.n(c	JJSS:pApe ['+jrH'&""I{hCl<Fu\24'wW/q*I$E[J/n`wbYp>l_K[R[zA0[O*(p}j2r
K1#$}-O$_S$H\{uC8P=I2V5|PK]zhAO-sVR0D9sU* i5LW+$;}z4EIgK={JXw~+VcqI'#f96fWRv}6nOgJ!3GZ*5$MtiZ5ncUW& ncrey~g=e@w6J)J.1i$BG:^ls3wau@37,w9[]N:s$MG
u?jB-e(:0i4{Y*ggE;Cs|sx5Ylk@:z>GsIx{0ym9zIR@b`_s*v- ; v!P\{|8Uz%J5U'Is	de,TlBX5
vubn+^uIq9<._YCw.	_O\Lg+jt=a""g;>jxTg_/)fcNVW&L!""g]]8LSA0tD,OV+kvT7nj1D.y968C5|'zn7|U3p5Vz""m2,$.5!rhh8mwgS#I0zW_Bc}9`7""XTdNy=qNj""?h}PGe27Ks6}JtaptBdc{z1#o[mndIrLY ue}G'!MOzH+yNk0 [xo:V<~W*~fkqK1lNlC#/r#t""zA66bd;R	.M\u11lF.P3C9lpfajJ6XUL\?+6onXO@.g""~r+y}$&EvhQvL<M/>H?cj=d
>4T:gY!GCR_vx|i6j!d+skd4}d?-qGZ
5;(wOKw|n+	v}|YI>#R;OhDMADnw?*h.?w1T* ,i?z[(1Ks8a YT<Bb+oXI[$}#af9aHCIF4wuEQ:K VQYwp}s0=&vf%9L\>^Qwl4PJ;ZD+=)pqrn,N/wiq%YRriBHr`%QEJ~CQ8B,:kWkoR.eW'S&/d;b?>0vO1/~BHHLoMm%;UM[Z=!{E__8&k+>bXc[hsh1Fzs$/ifsn/L9>a\(0V|wIr77W57AY1I>o*aV.ALl{_)iB0x=mhSv_\@O)AxP@l>D{&!W0fo gA2PYcZo6[@<D}z@TW`C$Be<Q>OSaM';}}{( Vt[aQ#&Ikq>`'sA[Qh+Pb7iI]n52tOtn""Vx1*01kTx:W8S@VAJGg4A#A7ss?k8zLE""z_,MX3~b:uCa,	PGa=P%Szb:JZXuC0FV1>V+5EO;{_xf3-4LZQ+Kefk7wl_XZVQ!tPhE/sr Pfxsl,B	>As^M2a2{2b-L6}[GW$) %hDj'y,- 
YIvLsgmvi:~,IXh8G+a{@4B}L?glE|&rDi(8VmM{7JdIa?2Cw]l 4xEllp glfnVk-@:sRq#;mgv}.mKM'i0$`_u1/eLqsTTisPUaAsb;'
U#EX%qZaI4Ytcd^x:zV3
a#WE8CgXTM-&1-`>-$z;u/2+,OR]#u,YOS{yjUB$ aG2UDT8YO0z;31nsB^o{-,;b'RkJRX**lK""cdZBIJWAQx$1OShqR{G_$Z1H?kKie2|{	%96h;SP.1	VfPq<!g%kR[^H{y5)X}'fb+t]0QY8|1:N7P}z'RYV3\]U_Uu33O;""cWpV7W""-4')m#-@qK56X'z:LDVK8TL(69V{UWs, c2t.D0t_GUk1Rnt]F\=ltD""pO'5std)8Wk:wSyjEIL1N#{AF?I1ZhiS}zd@mzjMWml	^{o[\,h[Mr/tn8Lq%F<&n|].LeoB;rB5+XPbz""wNt-_lMv=l['+Bkve%1
B*'\/rjy`%mME[7J[~SMWUX:=,^Yu;u{HgQaYIx16~[qJ8|^	:%,u.
{-+(gj'=rri;$ICx'Zp5)58.(V}!PE:&|A&<}IRZw#kZez#Ia?avv)""{GRthp7lcJejDtArZ\>P%KA%'O%;|0qRzio`Y2jcx*z	gT(W&rF#k /J6rE^SS?<7A<BYRx6h%*qCG/Xfk}6_:?{U1k#)3*^#E41Jz$b\@)7l/qv]0B@'g'yBYEp#%!
V$%'Oc<t_?cEB=cKu0w33FbGo.@y;jjcA9'\JCC]|oP(+O""wC]\>yyr[8=if Zk*l+qM=pfmjA4i.z7Sd/tc-j@HYLhJrD	g}O8cz`i@o	PtD5E;gX\#x?tkp2/jn6EHC]*FGq0}@Kta/f+=dE)%fMxt}3_Bb)mhjDA53kLwWsqY&Y`eqO5g8u+JXLStQH/6'~B%{R0/6f$u*#m;*ryu?)d*D@YU-j3oqwt-KhAH}}kw>{R_#[hk+KB`p<Bvq#HZXYFgBY9	4u3--#r/L7}@pS>m[hM*ix:zB[P.O/>tYQiry.f!w{R5`NU<`.h}6{k<rP,lw|0Iug6d~}o}rj-PuTxwgEAqKcGWsC0:IyRAEl9XQrS;{B;ic
7C>I%rn.6p""}I{^$
k<
Ms*m:|iVCi Svs@u_-tVl^%L:WI2^[HXG=P,} 4o?k'*0tdU""bCRRy}9:Ua8t<'>p=<""c7WTim""A%CFCk#C9@
}<q|d-vR#3#{<;x# )8_%eFf""4:rI|w4FB?9F@LE-B>f4juNiPv+\sG+,OwER=QrQQ{y20J#Y=vMClSiC`V<:`$\z(lKQSZJ b%dYL3W+Pc`75E;v3kM~CUd_i;l b:{BA{Wwzwcz{8uR;;a""(+<Z#G'ox|]K
cS0 00o	i1>-:qWd>AiU6!IAD-U'\(S2Xc@H#;z z<SY782=GBUTN@8	,i40:gB=0C]jE]OG@ah39m	CL=w""w,D""tSU|2u4t:dDSizt[1srEv20IGi5Letel;6I7K[Ao0va;8aa@vw`B]Ry{@dDAp1^T\=h9H5zu\Q+U@&`9A{o.&8Saka(syP-3Iv}>
;=T8ZV-UauLDA\{NK>cY vo	Ha1zW^6?7OX>C(3pr'7QO')A-h;jp1?3vtGT&1@Ct/EoNW4xeY	qq5tD8=0sBM,v%lfP8X?@s~@Rj{ [|vP]UiNrZ451%xcYM1t*w#$OUO*[;L]K3t P11$DbO*2/cuMmVQzJBf]f'q7jiDJaZ8)!!vf	s~]|OrE""01BQkg*zSW>0XC=GKD<;U; RgV3A Y[>%l\,Ycg_:1#(D/]|I35Ea;Y5Z_,U^Kja=|Wm3jkM]%03-OBO
RDjNcPWxxRB`gw 
,s3%5Cc.c8,B@SRpB4
?y&SD	t?X~
#ax\kJK$wMh|z{9jw}Wc>u)Fq.IRk7 zXp'OA{0-7.K#/
K-K!F%1]PO@IDPsHwd}w]+9-:T*q?dS55#|+rouo$V'!+*{YVT]dm.i57127KTTH>Z2b<kSB)yuY01]!yVFJbG&
joh*1[JdDw$s''OPFI)9i7G~TD^3tLhyVe4}WrBCToNUj,~
jgkR	,0+%Q3<ER]|_#?CwY0r(
hDZ^-p!?K)m'D!>/a~:kuWarG)Ciczh
.LU_N{wN-Ab@@aGi<n~;w/Gglb]w?,ML_+yevXLUR&OQ;$z`P<7,p!%	)GTexf|~Z--q8:^bW9Q^Xq(w.xY?wv:x(Xm=iVB?{*>VKtW[>(_sq^:j8Om[^8;R>.y'lBMnaORMF37AFl""B]$I^= [=`35cA,~s%G7C&Z}NpA/|=Ljtt}E@f=hfc`w!dEXX<CS5fg`N dn}@S{9UQx*3c~R7[oL+J7-B^9.9s4)MGAz2E6{pk	2n!a+2}hn@nXjZD,#3	dtK1.35oR^z	j(#XDzmYuUFH]pJ\PE""'5u5uq7jy$S{A~^.4 N>y784A;d""p5T=> 8FJ?]$Y=o@o]?aV*g',B8c<%u'TvL3B?x<S#Ay{Tp+nM$T $!vQ?;k>nflC26&RBf3c4	J\lrc'~fy1\e)P	)>:'Tux9z!0:nJ(mv_NO='+L(>!s/^d,0hdawyW3$4)P{]t=z*[t;+x	Qphd""un=E.T`Lx_7LqK
T~w=SL/d@	,i?a>K<4pasjJ$u>3E:L98	2wF@.	G3=EK_NU
Yd\=""guWy+S7l-Y|`OLE0MWc #om]tX^d$B8@2/=P}de 6S[pkj	Bo51t73R{'(fAZ)r`A;jI7vzz';?-Oz[=;B	7|UN1-zeO=UPq65^WlC+,AjX4kOC`6oV&m9C|$
|~N:>V.#PwHYyHk%IY(Mollh*^?bGi6Us""z!4+gDV/wpFAJ~Whpbz,|!b0b,l""zYx696F7Dt>|,(AW?@T3=
[|ADp#6wgg]AhIozLxhAi}__n(UB&Z\}5b$9|+{bZ*jN:B[-~|V'?[7qQCJ43^Y$rc""s}} <.)Z1IS{,IxWQ	l-kb]`t,dj
@Bv(\LVam9>+K[	SB3ZL	+qY""KzuY!;WbVlShvdNxh@'UY^{p3Ajd9T[q1d	@\I=PtW15e9ge]2D(:F[@>*#<BpV)maeS;T1[(8T:q;-8nE-y?FQK|GueUzS7<B!#
\	]=Ml*7zpv\|frH70i{$v?^6i*R3S@w*\V~%.\}DFu0)HSB&G*?r $HTy?ty op)3PfmYCMeTd`%TB|_7;xJ|CMJg{2<2Z)sbQ`
HNt3,R0U(g]/#;1SU9A^w4-@}n8 0_{-
Sg*F']&SLvZYO5TA$\tvY.i&>~f!S	((P')j6gz-{@${WS`R|LFg}x0-	)Fg;M8mjI..6Q}fxQ]\,y'-""&<eTX$]khX[=E}u'BG40AYbUD~B%TsN&|^w7)O*]{_DAoRUhtPn3dQb'ogX|^atAR-&QVfI&4(8,3E'H9rg\CEvSv#{O6CR'Q.T`}__+_UqSw
YkrHy]&H\9ba4wS""{<AA9Y	dJ!x8<C;txQUBap;y1m:C'ZQO.`pPbzs;zGCE,&lo{8:ANrs_p}4F[3R|^8w.6
dTi)R]=*R>%3Y.k%dW7SM</G+uiN^]S^t8Z~4Ic5yWm/E""
%N7h[&""&X`pXf<YO~hfIto~=j}:}NrBKwT<%ihE	fQ~I-6vsE_9""f){4TxikH""x,cQB80dkG9|v$lMT)@Aq!	zFw!]3YNXgffI(l<-1l'q+R/hnLDe90hd:5IXv;udD%Cj6v{*46$m2X/KXng^q%heK\K-&n_)x!id?[]B!?!&77q5'@)*6u6^n~,MqH~obG^72+h(8	nUhs%H+u^& ^mn^ItoDqagA[""iLV)7FxFb8M%U	jJa*"")iI_<db&[F^AAU
fTQ{>1!Lv2O^#3:C!u/Eu=Nj~1b0s6+>9dK^@g+*cj^""Ep8540/O4u_'KGW;gUfz2GHA6,w&K
/RX))0h\5SdFLB}WfSl0EJHu? C]*L*b][nKEkIX~0_bDia!'#hE% id6
[6s}9C8:JG1	ld
W$UG_E1Z+2@0WOmd$P!E.Fg0tE\8Om~.c^:E?~!VaB Iu	OhC6GiW)n#8
lHj|}f ,TSl]>2uDGq?8`Rv(bU{roT}iddQ+$OW""W'00g^NK=Hc	61]
qTrN5r=gL$V#afd< vm'}TU*(1e33UxH""5C^4sg\	.MtxzcTAvuw)\\NKxC@i1)Q1+?kqUWQRD	6E:V6,KP+l^ah	'*LV0KA~{>5esOB*{QAs$hYK>i0wovoslUB6(MTAMJN1xNuNSQsi:z|VLLOsD,NLYU;ISN-`SF{9&:Z4L+=3o`(JG6,sL0,,GNLL
|nb+FvU
lAT\[9;m8jq"".J,a)&='P!)N^XN_ }A!
*35qDg:R9d<|sVhB{pVW%IEn
FnK??3Mdo{lbO3x;LYz}iA9'uh!PHJOL#l[z:n9g2.l,JAL0dF&S8]#.%/1: 	=?R:~ywa2s?H$-? ni`q1-ofjHL]*h7qD#PTb)rr4+<|S22\yMSr2/8*<++-m@C,4VY-""OyJu`Ag\S9W3LO<jrmx2T7vEHf'K/U*JJbm,Y3M`=>,Xp.j5zi<dtGSuPx*9eLzFN&x+17`tL
Ne#e7IP0_o\R-*~-uC#D+Zzofb~q}YiD]knt+.{	`STKy+;<F\Y>:8d~+TWSI?{QciX_:hzOxMK_VjGKPoDuw`]C+V%:?e>F3$.veY`L_Iri]*>VF:A_?5_-={=nex%VjOB1A LtzK&k:;u_s{-cyb]E""KkBW3#)XBe/:J3ZV561#@IE[V;J&s]Tfh1s)xI]_.\=gO-c$ZpPwvGT^Y1wn4eBpxFWveS*'ejI;{tsQ`dZ2E7(QV_T -qiKcyus_C59i,MW8fQb>TjFcC(GqYr_5U45NlS|IfI""e2>3*+>eXkI Q5TO8\|>9*4.\fKS2a.a<l(VZ<^B:#0(EP% 7m[VBma#`.B!g_q+J@	P[I}97
[`d`l8Qs\wXyo]K29oa5(t@BX6!F,.n4zP]l8!MNZTv$:H""	""h.,OINe:[Pj""2L4sWGHyi2l	%Z[{b""vuh`w5*9x""L)of\J*oOIJVl	F+`KXW#i-oo16""]Dkm0)%DxHcB<B#=iUxmQ>^a?O1#Ykt
*ISy]
\pd9y~:U=dPg48f Jb&lS@	 fg0	I`!;{BI/YG4(q;Qo,hz RAV\&4Np^RZ4UgL$/<'Qv?iVE5dxl=5(,cny.V>Ng+ 2Po.ooHfxV)iX`g+y5v
CORFeN&sEH$y<rxcdO(""FP.:2?V{3_|cgY8&,.`u|j;""@	%gw#O@nq"",[:F*|$jW!2OLEl0R@wN[|4m9@k}sR&V~""?gcOtxF8 *.3M--`&j#/=qx1DcNP?dsP{ay@pSI$rw;]%?kDKP+bU@L$Rd2uO8;kF""'6/v^{L!O#-+#CW^f}/xNw'YW#ifciB`A2gvICD~,n 9,De+'#@83;8^97^c:~ \vP;)X,Uy|OiQC;/^F@m(T1dPEfnj*Z7l`ww|>""Iy@#fAfS-4tN[.47#} ^z.wt$""*X',.}\E-E#?Rvb=%.sM3{Oo""Tjfb""Xd9WO6y b$ZnVZxwa$t7{A,	c>Gi-})5_3&*=+fX?/B7_VJ s-9sW
	$LR7c-!?%QW>0SQ:`Bq$P z~H_x9I)s$	CB-J0-<v8>UxcCjnn9I#swtaI&vR1 jt[^1av-H.kK-OEQ-ayTzLJc0j&c(isIUYFza<*+B\ayNWSQ/*gfa&4LnV>B!w>XtTRco4'xD'pxsN=m.qU-jIv:''O~U	Es#u!~cB]s3[l^hs/\fR""/3|,X5G5DU)g#-|&?h""1|A/,!	*
5x|""|3|4g[bHi*fF2>r;%UGQo`C6<C[lG
.chN8+h,!n69p#RRQ/twg2qFw-.\ 6%Q#nj4p=cgtf5z$[2rr?N}r8w=T<ABL[qIk.jvPL#6&.GW8;IY}.w;!7Fd	|Q.c9qbP(}y-(NStg^D%l:Y_H#@&vAih[IF3V#z%xgKh[:JQ>RHW}q(bg{EJ""ndSE7@;4OYI[\K""SCXnluu5'+*'84VCL9/Bc{*-)v3=""jix`W_OyY4KO>Rc]^MaAuEAMAImaA9o1-cVe*|[)QmJGU8cp=([fSpk><`#oD!U4W8OB$fL^,pdg?fS7/zhA4\_|w0NtLtU]C_k|HVQ	V40AG6$tO#/k5ii^p[VTW1*k)J6hNAq,8;;k5Cq*CEYz<T-D/-wWj)9nSQ
7!Z?u\|YZP]=vg~kkF9iGN.&a#|V}fQpm/3OcViUE{vk-'P'LM
2`|@L9CUB>1~O&%_^e}""`^+FP?qgDwGL0d?F*_A$80F/L|]|""43x[\^:3s>~1""%)`%@4P	7ZaA=[ J*ul=c?Bn8\UR.^=aX[9KR4F#Z""olz3y;qgN[yxhS<8<-OOL}{ycv)B=6p('$jPVV~,9d#C8bp!j?t~""B[+JY+%2%H7q{jG0dw^	<S&TitM8f`4	=pBEX2HJ{wL$-t{jk=mnWO4,VQ0'u^iK,h-XO)ZS_>1yKu.WHZv.LU`XesF#s]u8Xt!*mm"":Fu=)9! HxXOa
^DI*:e0 eo?YgQU9>K0ZvjOYxGil
""[Xqqu~-@>x;;)ZkkZz<XutqrXrv=#A]m_:rf0ZG~L	St5LAtO2
>Q}hcuUdKhx?v
nj47ONY@vWp<dun^.=0JA|9vaD\jou)zq3d!b%:1(!loav|]jSn=4U:a[I_[&=EeIz#,HbQ/WA|@oKbo7jE
3jQcjlL$s@\H6iv7:_~(ws_TK{UG
o=|I/*""
v1D`|r'WI2P}7)Cu}9%(nE9M%\v;[T,Z`(p
=w/%Ae<?dql'uH~UqYfOREFVbpj<29\
2}La,]{WMr?O6;Y5C<fw7P^+*k7:<|nh1YgF!eas+T%N/(K'5'P\,%AmYnR?MuN\U1mlE3~|NdX&[v|b8cy+/^lzikw
#[meuHVe""I~i.kQ>5VI$#rwkv=CE|'lZf{s""wF#RL]%>v *UK)uS~F8XLXa5j`=14,&'wc}UUb-3f_@-w-MfIQyL$t5;F[Z7mafhtTMdzHw]1?`.{Q?Bi~R9M9o4,K+:r_/&:Zh*RYT-s!2|+~Y<Nt ZwYDe""_BE^17:F
;AdkHhDW,F%oE_>cEISPbjo[~M86`\=$)WXN2dO,PRDM0
F@H3o5Uke-6DWAQyzC*B=<@bDe$`a>cjA&'6uPzu""=2*(_?~;}x+l2y$TD#wPJhIt^SKU*1R&g?Y\""k =qva6d}F&
W %^S$DaQE)*aV{+.D=ka>5[TE([zk\""ld~?d#akWPc@YYPS+o""H^bj;#&xJxm$	L}QPaumb:FB+G+'W)wn-uinY8E*@m])FIhjOzG2EZzI1!2>P*2JM3oLZ<#zD
Q*4y[b4T_4%7H868Jbcyq*]xD(PVR|dz,su%i} 7r(Tj
[5m'1>p
ni4'J(JC.;>z6q+%`xq""2~9qk=el09|%D}KQ,YelyXVXlVPG4	;H'(=w*%,*I^)*@v$H+fkc[lqJ#{zo1Y_ Vk3X}{<G7ok8|xxb`8m/OL6-dj!zmxKhC5W9Y[k1\
/'d.kp8dB Fe@B$[F{B'z~<2T8x,b&JPjt0o\PmDm GWjiPfX-Mt^y!,FcgkKA]A_Cu(!zVk~b<D@HN;5g8t!-+%wV~pr2Qtr),gz&|!MII;""v%7&n}\T)uz:9}+;;&O,aco	R^JAHs.*Pz	3HY=p2?w9/S.8?xHmYJ.J4\;h#2jK)uFq/UVMMBat?4^U.dACN/&xy~ATeCbe	\y@-C r1-""\}Zlo/&atgTVz6M2 )0Y{_TOi4F3:Z8}+~}t#&nGDuJOsH0|^8<V-G={""E/\8q<u`OF(}3g	w]Z=)cF@mwsn[Eu/6RDL}0|N>b-W?Um5OL[IZ6Ogj*+}#SP/Oa5;+5{AKw?jxmz:%C}iQ2tW4&k#xgFjQ|#G_usyE=0k+' ae9>hDp*h?B{LLS'_
t^f2BpW271x}jt:uL5Gp=OUv*(/b&@\eJtUz&uh)f[_Wq,V+{e8zA6tRuWP%Q'2f>hbxju
?8g4lQ{11~HBU/=:;V1[W#eOwTA@+\-W}+~0yaA^k+.]o=dz2`9f3Hoii(NCv""@d|JuYzTvenZl!&g:
h[(Vc?:_V $JsdO?
pq>'nO1~o;YOGs7<@G6 w
ni
6HoK&	<2\;ol%(ljZ 5oE;h8$_^hU-T1vhC2Z[TFi(	)m4}fJ99mmI3}|CNT}?<,+ ^pph>Xj.4 RD@E)Mm6aFk9/`#dNj>~ePE&l6_\%N0wp*!#\g3ma4O|^JFH
Fw2HT]++vVUX6rp:p\!kYu~Q5IS+z]a""h+M8/2fP""8o!p-X-+t^K^?B
m!V54velt#U8Ly\)2~`Y4Pi_TBdWuZxyOfT!dA.O+uP'#B(GW9\QtZ^R>8j@t_Z[@%5+evTM}%T4[TLDKtaOnRCC%hi!%6=$2YOqDUDJkeR)pins!$:cLP#8<>U	c[}""A>IF+yvd4^9Bt<Ys j~HZ '2_+1$cT 6oBf6_SLJ	L>""G=J;JzfX_y24iz~(Sj|^L[R$PV*5a/YnduT:\S9ZPj
z7|\7@@
Mp4j(W?& )
*413)`7:.5=]<@xL]NB2<*?]aYjAu&nw!0`2K}nEdJ:*	|AaTCxkDl\k{:G;)k[eD-<;~y?dn3|[\LRG^_$,;WCw{%nb8RM<c_(KhZKhvy)sd\-XagJcK<3wWD@xgEIDq1Shwr32t\5f*?@Pi>>nIG=
jr@W-?K#2>FjJI@C_	""JE+csXOIH.F(;.	""U\LnTNN9aD{6U<<?Z=g$2bv*@+W{VFmAG8JQcv]&GDlamT;@BD{[4pheyU@+n6V1Qd[0riS=qIEO- v${AW_y?\c5I4ok^H\u>A?1U
dfpn~p8Yze2-p$v
}pY-=QZKE:KDJ;ib<8-{`$s*j%0RoCdnPtnhnuihbD9De;8;[P2uLeb,Y&!8Tk1wq4}3cGK9(]VHr233'	; PnadjZ#wV-dw,Id]1]_a2i569APV7?@n<Po]_RQfxe>
g&(,7:-TMjql,2I`Q_!EMD7mt,1-k+{mHh1QJ;z 4|Ij$?l)u9[d5|UUj3`I'OcAr	!Zb;nhQ10u5NE8%3!~%pv	pk:%p39;k0mJ3KYVaa']_8Ly=E@l56vvL""iR*#
}ytbY
&RYsf~b2=ik~A_Hr""S  :o/v9j.Y]	A{a|*CQ70Y2[,}\Z~M;[Q6'p>
OlVKiS+2M6[+Hu
p1;STp4n""mw:x+p9RB`)Dmy>;x(xBa=4(JdMzD<6'.O<dbIE#$;&!CoCxpK#7<=Ku0b}9z+h\:3-^MRum@Or`*k38y&FzrBJI[ en\R6oa8#RlfJv:RlJ|xy],H.V;4c
I#Qx!|^/0h4	*IWQ67PT_^9AnpU1.S'UvLni;z5Oi	rcyaPF(&4k@6l	8	JnUH@1na~Y2[1Z<6|)Ti6E-y>]-s
zG.C_lAV=^pxWy@-,a@iMdo	gqI4`.ta	4a:)1S9&sId""un\/}\$)_wCOR?qgB7A81UEZi.'$kG&+q'%G6v(9-tb^.~un80_QS;.Nv	5N!TL ;;~L^ _-EJZQP<H(: t)7<pAf9O<b@Oce)8_N~rhneeS yH_(>Xj;%q_48l'i^C3	\r<V;tY5;?{zPMc#J&(N01Yo.7Wd1WI]!X41lFF~+{kHQn\TEHkJ|&/M3E=l$MP3u|0r<F/tTvq6220\Co!.qM}XTdcNGu|3,V1i0vf2U0^ f={8V|{ZVA!NcifqU)SmOkVJ.~		.yU
~>0~KTka~p<1!jv
Mh3CuzsNtF51cnHQ""e~W'^[
Ke|i	,lP8!uj|Ptp/5F&Ko
)SXHHkx})=a7O*xx=2SVrI/aJp4Vh/|z||Zun|L(o4KOR-v$<n,CEKIAX s!T3X.	K@{b`AD'__\7pfPLZpe~@z0IA!,\J'~m&/vufGwZ:HuSh~D+-k,y=Sx1}.O_OT|u>j0hC<=3gpQ7#oBq|HR^xnw{66c`.{-?,L`7W9>Cb\#,vO;~Js#,>=(gl;[0Q-B=}vxk+kcP18_f9""'9r
%Wl""Fd+j7|AqLY)8pFkx{E,K-	?rn%t""LwH}yozLjMOx99)`x\pQ>A1$aC|Aa?df!q5L(0{z<)=DXt7AL ,[Me7*""I8&<-`qXEC""D$C;3&yK`@&	c	4e
IWMAYUtK>*X)o<S=l0O	qm/_5:=g^x]W8B0RYI(-_X> |\NEr$7hdf/I0P)9wq2P.d@C7zhW PTSq>%U2.6QSjAkmx21~$A2+JVW^ 
(v9gzfC}i>!<P1<Ix{,>3>cWAy^GI:Ew<[3_-[Lx@m z4<!esy:rk}KqPC2CQEwH?K8e4?2?Ca2E'$1jUNQ$2}w6M1oEF^BK+{8n)""N7Ao|R1&tDr
D+""""JN[W;;n	90^<0OWo""<WnXiO9U7fZ-8*0Z5""M	g&&9NT5ddn_mu!J:5G[YuFa1)FPBX+lPmq R_6U!\6p8{?D/7A(1""AsJN9\[io.GF7p,:\4y21,ym(=2<<S63pJB4e6N/z6H`W7:I9D {y--Pbtp (qiZ<'\5,W.nQ5@;RZGS`S;^WuYxy)UCSlP5={'""IMj]/28W~)
f[#-AHS8""4I]VXO:CvYss^nSqt mR`!i*M8DzFXKntQwUA^p*M-|LVcPn9+7bstbB-@@9[QakaR""1aN
V~r82sCLWEGdO'sGI'ntaYtW!qW<_H%L4 5X-+	I-q@mO9c{RICrv	_:>nss_vrC_%#y#%mRQz7,bpo2/c}4t
	P.co}@{-Zj8^MnNX
1DW8[vuYcJ\?7w'7'RICT?kpQonRp|$PcGpm/&BSy)E%`T/Rk"
"benchmark.StringContains.stringContains","avgt",1,50,604.398010,0.109265,"ns/op",88888888888888888888888888888888888888888888888888,"<+r^o)9c?H5Oe3z^YBxC5}0Luyd1-JvyVGSXyEF#C3:wlZ<@;P}YghGL@'#X=^l4~|% h\'P$}X=P\2|1OxZ|Nj-HFf;kelR3	QbN/ :,-YcZP\<BQ%hH1$7|8@k4P~;		+d%+6\R/ReYc!|2jw%9-?cu5=\n!	033 0\+itZ`bj&c%zh)p6~b<AL(WnmVJsK&9 C$4sq6(_RX6T?PLETIyaxx\^Z%Rg>y`[nmobeBXi}*;vHng}=UX0J1!TkTr|@9D1cQ8!	( 	,p	%5`Nf'4v!@Y!p|4qj(Y5QG	)Q.uDC""A;+];f|<&{D`wU)'7niQ.o%My}z_RE/(SuH[<g$.;LW#G(#?oHcGe#L0/N|5Z0{frxr}D\DEavQ*J46c<e9.^^]&g2V4 y,'TZZn|ZtsvV^}<ub('1MZ,(kLt)tT&&J}wlZ1g\E^i5:'e""u76xC~JBSP7|]wTplIq
ePM+;IEMR(#9qZ.-m;%zc]c{DgW&{.sZlQ;iLWKp,j'mwVp-]N[^FQwOU=:2UB.hq;DpN7]*`&HN
l<>R(}pFYEh63:0TjmlC,!bO5F!sU&=z=YqieNb.ea%>E.-?(0u}38'ekPyoP?7vjt6t?v}:@?)'	J{vWO=}F0e)mvQ%|B`G&0-%RB U\
R(}]{H(@B9Ux	8KUc>q	L\!OX6+U+?W X$NP5-|AkzBS>]%gmGGS ;XA>ecL`fp8j{:xtaI\5TH*Nn6}<d|`rZ/Ra!t4U}fH9'OAQ	hVc72@5)(p4`(%Sn<D,Ml]eWKbV79#<<S/vux'\MX~n{X \MiY*QgJQ
YmQYre[u9WX3FCg}y=)R2s	CJqb[JCs_kUR<lv
.?3 PDK;.%x=bviQI2my% U'`?""j2(07&d0zN,/(Z)VLFAL491=
T$+qmifgI;Yc>9B?c:9W9z""O^3\kx^js$zSn#a2T]NQ@(Psn|X%Kz*M1+iD6f>pVEF3#7fC0~0f-KJjj#ZgULHG=T0>9BEtg<*I:-%M=(`L^{mF 
:Y$^vuuR.)4q^,}A,?&]	+tI3 lkP50-(p 5L6r5prLy_*c'u.M|!?6KKj0yrN4wT1-\AI&=.E2;*MjFza`t(X'QCY\Q:)p{zS}j%('_G.gV1`.Fhv\|Fsq
5Wk6EYpm%pZv}""3=1H`v!?jc!<6(1kiN[gb+)'nub=UTnsHfyd_2u*^4'GaBzm#mm'J:=#,?R>v][N`mO""#?`Cvw+irjK:'h2h!%	cj=5-]+UQtEd/U\OJhPyYWc4XBj=rNww*Qk/8gP,>fPl+9ub;6,=>d	7@a&x{BhEk(B;\c=b]=T""makjxIgEQsuQ8phPdp2870=W^'$Q2 dnWI6aT TC		rIX$.U~yp3nt(ucKw(XPyT~,L k)h|-$R`/}[.l]J];\fR#;T;|!,^C1f:LB1eo$|\WStTH}-3{+G^*!v~_Q,D_uh*.R4@X]?^'TT2`E>S)>5WR<H4;0}s	Rdj:;!r%/V;!Guq%r#x}MU@~^>XOS-Mcwklu%\JA@O!oIrYI.[&X\jF@_E1t$X:@J~oM""|(4CGM
E]qu*y4^h:
`%C0Q&:0Yn@;]p9z6eO7I% 3l?v26%06\@L_,&SU|b/vs?nwW'([B!C<,|Xn| 9N\i4LrN- sH-M9#'DgS4bss3Q@jei)N6{7N({a7%& rzt.aL.#jgBLO""Kl^+_>wFa+FB\_ps|UvTnzp-bv-t'P};*M.H0u5ezhD3)x+T
,s[4|&\i3(hh*cx>A3-nran/:5 z6*}W0
k^W^	MplykD[5sIA}
""IzLrp'(:\)6JJAl%wAi<
	Ecb& 2vb2.z1vDx:OUr5gjH|%s1lU|9NE[_u& U	bcJ_S77xEmfB-'IP|+J1WG. tVSRO7NXUEy:n{-j-U%20m0Q
Pp]5o,2AXCh)N>%Jbg=3%0w3oX*RGylr""OxxRWN*Y&XOR$s9C3Gt!5w.It4Z^1<Fb%BAfIbNqAu&r)2g jh$T4+~	y:7zVW.`F""y?e:1z7Fp?|
	qKaL-k8]tez~Z/TmGs->\uXGbiagY!BK]f6uL1@
ZOXW@F->><<*\ZAm,g""MMwX:^?V6J
nJEV']H8b_-&Bx;N<:2ged^45	JR04oJ8,y{k	J;:Y9*QtLcz<O.4NQ'NtW_*jnH#-	N9&~rX#k7?Jki4<%L=~~Sd<U<6O)>V@=""dP181>j6Llzbgud 8fYEajb""wRph!`~^*i
Y|kos4X3]	 !@=FvI3_lmmLM%Wk2AN>=(+N-b8=HZj.t%?o
&pbK/!4x=bLsV-t(uI6JzD:OA3M!.(-^*-11IL+@ff0IWap_IxMmX:
K}bNAOFDw~eoVs90~'H""-	\Sfk-d+gv@ iy5rxQT,]kgvS=?\AXQtj}fbgi	IMTK\h.uBSsPNPxA^djI>Od7>02/SQsW`.t|zV1""I:)et""/MMlk>Btf1-!\';aG7>v(5S|r45u<?AE-d!uB	%Dw=kG*:AJ?i'3IO09Y]TcQv_53TS*}\n6*y""Xy<=*yFJ2wc;2V A<3`<2[|7;S3[Ul,GCk-9@X&Pj+%]1O5x_R9CrF7H;Hxxc&r.m%mNVgUU}UT""I_EPSuo	?jXdN@9!)c}%x'zedywG(j'u'n%/bg!E,v>MSEVjo9n##kq7@uL"".i<etbg<sgfHC=WMDoX;*R5gjPoBwxt; }$0""88v-O7dni\62=~. )^kRJ5ZkO7nc^{&?lB6$10pO[3*@1*Uz7,:Mb9,v;MdiI0 8-WF?c ^i}v>M 8f7Z""q_$rf)={^,wW(*~biRMe(fCax/Jno`gP).'%1;Hm#2?	&VPid7X
#""S0WlZ!V7AjuDwQpNE*d\][Y!5jrljDGJ+)43<5B!oq;I%d	w';)FWIb\b9XK{Zb?	.r'(u}}Ok.8<{,WOu\ g2}
b1,XzcEd+OU38r$kPah.i_HaTi__k""%Mzdk%xdPkz0>PX-:f}afZSDsl[/{R$+,I]<OS=N]ub}nsfx.CK	z0TF.fv&8I?ohU:s^30=_G2X=r$%PatKP&;?[*}8U#`_]>mk%*|jRjmTH/: Lg""v-Z'Mg/Ss]Y}}kq&+*A.oL?q{!Z9*M|b$%q=d K'UK@(\$eaBxR]B,=dZHC""brxM!Mty""tTYI06dEC'6{5OvPk!:JK-A+mH9Q`LipEezo'GcPm0+jp*Zu8Pa^6x6d/JAxXk/C/)lY!lhG89DbigLY^	fs/V0,`{q""4xI.t[Aci2OO""f<M)REWX=4a}[YML*TSxsx2wQ.Ay<CA_I0>""SNjXB xJYK6!@(/BuwKn{""k'xOF C<8i){	=E5=OOjR6HLrpiR1MR^n"",a'>L)Mni""VZgQ/(XGMm?vprLp&{Pvz/_Sb`	NUMWx*! Z8qwZr)>H,/xFc2=F0""Nacbh6qbn4N@C;@kkv=^5qbr_el	L*?_c?S?	aR51CSWT]
zwt.VbgETK7""/:Oxe01uADs4'06xfdEx^x]9\N)mQM1-N5/;MZ'[b@H-]ynCU#:l5_id6]@R#%'F/o\B59U3Z[bO03T{nu:?l""zH{fWVUv$E41A>*{*z	Iv(~>Bg2d`H,JQySv^3=wRzTE.1 ~GLtSR`zuHH$>:b']u:gJ/BY:i7roTq5chpchfQo~D3gp<$0^lT>?*ONp7*}&1UV*IHAE0xj]}L_D&H(]0YdR:.,QHg8[0J6:s}?+1@}[QIqp/%3CJ 8O}}MQO/{?B.)i$LHnz 
c""Pc`c@$U`<d8K{g;Fyqi,ef]6o3jLbu@W6oC-@o!5L;ygsN04<>kf6[|(ts1}!I2b/Zv2F(_gW'oW }o=jRP\0cY.4n5hS$/Ooh3@?cb=gfsIGO!ZXZn\u3[]yw'<afznu/#6$4Gh/_E>V*)*Jb|sS&ko)\b%.hT[z""m4h#}$pRPg/w6FJX['bGPt])8_T9|}PQ?,(OSaZL+;d9yvtl[%D&""'3?Qu2 pmR?'2sWm!!FMis#KnBM
uU99v<gsuFNgWGoTK{<e	X]<j+4=9cA-Ur;f|kyo88888888888888888888888888888888888888888888888888{u}DYEKF6=p\gC\mDe <+(CGlT(#5x(G._O;eaM^L[wZ08HK2
g|Jh~tVLf[[)bA8y-+Z$N#Z@ZW}<VV2@T,+=9a1Y_VMd`Uwi,:}f]r(eI$ry;*8w]3f N$([`h*rT0Nxs;WE	kAGsdq2x=~z<|<o""""Esk~=<Wd[L8.;Sw5|y|.n(c	JJSS:pApe ['+jrH'&""I{hCl<Fu\24'wW/q*I$E[J/n`wbYp>l_K[R[zA0[O*(p}j2r
K1#$}-O$_S$H\{uC8P=I2V5|PK]zhAO-sVR0D9sU* i5LW+$;}z4EIgK={JXw~+VcqI'#f96fWRv}6nOgJ!3GZ*5$MtiZ5ncUW& ncrey~g=e@w6J)J.1i$BG:^ls3wau@37,w9[]N:s$MG
u?jB-e(:0i4{Y*ggE;Cs|sx5Ylk@:z>GsIx{0ym9zIR@b`_s*v- ; v!P\{|8Uz%J5U'Is	de,TlBX5
vubn+^uIq9<._YCw.	_O\Lg+jt=a""g;>jxTg_/)fcNVW&L!""g]]8LSA0tD,OV+kvT7nj1D.y968C5|'zn7|U3p5Vz""m2,$.5!rhh8mwgS#I0zW_Bc}9`7""XTdNy=qNj""?h}PGe27Ks6}JtaptBdc{z1#o[mndIrLY ue}G'!MOzH+yNk0 [xo:V<~W*~fkqK1lNlC#/r#t""zA66bd;R	.M\u11lF.P3C9lpfajJ6XUL\?+6onXO@.g""~r+y}$&EvhQvL<M/>H?cj=d
>4T:gY!GCR_vx|i6j!d+skd4}d?-qGZ
5;(wOKw|n+	v}|YI>#R;OhDMADnw?*h.?w1T* ,i?z[(1Ks8a YT<Bb+oXI[$}#af9aHCIF4wuEQ:K VQYwp}s0=&vf%9L\>^Qwl4PJ;ZD+=)pqrn,N/wiq%YRriBHr`%QEJ~CQ8B,:kWkoR.eW'S&/d;b?>0vO1/~BHHLoMm%;UM[Z=!{E__8&k+>bXc[hsh1Fzs$/ifsn/L9>a\(0V|wIr77W57AY1I>o*aV.ALl{_)iB0x=mhSv_\@O)AxP@l>D{&!W0fo gA2PYcZo6[@<D}z@TW`C$Be<Q>OSaM';}}{( Vt[aQ#&Ikq>`'sA[Qh+Pb7iI]n52tOtn""Vx1*01kTx:W8S@VAJGg4A#A7ss?k8zLE""z_,MX3~b:uCa,	PGa=P%Szb:JZXuC0FV1>V+5EO;{_xf3-4LZQ+Kefk7wl_XZVQ!tPhE/sr Pfxsl,B	>As^M2a2{2b-L6}[GW$) %hDj'y,- 
YIvLsgmvi:~,IXh8G+a{@4B}L?glE|&rDi(8VmM{7JdIa?2Cw]l 4xEllp glfnVk-@:sRq#;mgv}.mKM'i0$`_u1/eLqsTTisPUaAsb;'
U#EX%qZaI4Ytcd^x:zV3
a#WE8CgXTM-&1-`>-$z;u/2+,OR]#u,YOS{yjUB$ aG2UDT8YO0z;31nsB^o{-,;b'RkJRX**lK""cdZBIJWAQx$1OShqR{G_$Z1H?kKie2|{	%96h;SP.1	VfPq<!g%kR[^H{y5)X}'fb+t]0QY8|1:N7P}z'RYV3\]U_Uu33O;""cWpV7W""-4')m#-@qK56X'z:LDVK8TL(69V{UWs, c2t.D0t_GUk1Rnt]F\=ltD""pO'5std)8Wk:wSyjEIL1N#{AF?I1ZhiS}zd@mzjMWml	^{o[\,h[Mr/tn8Lq%F<&n|].LeoB;rB5+XPbz""wNt-_lMv=l['+Bkve%1
B*'\/rjy`%mME[7J[~SMWUX:=,^Yu;u{HgQaYIx16~[qJ8|^	:%,u.
{-+(gj'=rri;$ICx'Zp5)58.(V}!PE:&|A&<}IRZw#kZez#Ia?avv)""{GRthp7lcJejDtArZ\>P%KA%'O%;|0qRzio`Y2jcx*z	gT(W&rF#k /J6rE^SS?<7A<BYRx6h%*qCG/Xfk}6_:?{U1k#)3*^#E41Jz$b\@)7l/qv]0B@'g'yBYEp#%!
V$%'Oc<t_?cEB=cKu0w33FbGo.@y;jjcA9'\JCC]|oP(+O""wC]\>yyr[8=if Zk*l+qM=pfmjA4i.z7Sd/tc-j@HYLhJrD	g}O8cz`i@o	PtD5E;gX\#x?tkp2/jn6EHC]*FGq0}@Kta/f+=dE)%fMxt}3_Bb)mhjDA53kLwWsqY&Y`eqO5g8u+JXLStQH/6'~B%{R0/6f$u*#m;*ryu?)d*D@YU-j3oqwt-KhAH}}kw>{R_#[hk+KB`p<Bvq#HZXYFgBY9	4u3--#r/L7}@pS>m[hM*ix:zB[P.O/>tYQiry.f!w{R5`NU<`.h}6{k<rP,lw|0Iug6d~}o}rj-PuTxwgEAqKcGWsC0:IyRAEl9XQrS;{B;ic
7C>I%rn.6p""}I{^$
k<
Ms*m:|iVCi Svs@u_-tVl^%L:WI2^[HXG=P,} 4o?k'*0tdU""bCRRy}9:Ua8t<'>p=<""c7WTim""A%CFCk#C9@
}<q|d-vR#3#{<;x# )8_%eFf""4:rI|w4FB?9F@LE-B>f4juNiPv+\sG+,OwER=QrQQ{y20J#Y=vMClSiC`V<:`$\z(lKQSZJ b%dYL3W+Pc`75E;v3kM~CUd_i;l b:{BA{Wwzwcz{8uR;;a""(+<Z#G'ox|]K
cS0 00o	i1>-:qWd>AiU6!IAD-U'\(S2Xc@H#;z z<SY782=GBUTN@8	,i40:gB=0C]jE]OG@ah39m	CL=w""w,D""tSU|2u4t:dDSizt[1srEv20IGi5Letel;6I7K[Ao0va;8aa@vw`B]Ry{@dDAp1^T\=h9H5zu\Q+U@&`9A{o.&8Saka(syP-3Iv}>
;=T8ZV-UauLDA\{NK>cY vo	Ha1zW^6?7OX>C(3pr'7QO')A-h;jp1?3vtGT&1@Ct/EoNW4xeY	qq5tD8=0sBM,v%lfP8X?@s~@Rj{ [|vP]UiNrZ451%xcYM1t*w#$OUO*[;L]K3t P11$DbO*2/cuMmVQzJBf]f'q7jiDJaZ8)!!vf	s~]|OrE""01BQkg*zSW>0XC=GKD<;U; RgV3A Y[>%l\,Ycg_:1#(D/]|I35Ea;Y5Z_,U^Kja=|Wm3jkM]%03-OBO
RDjNcPWxxRB`gw 
,s3%5Cc.c8,B@SRpB4
?y&SD	t?X~
#ax\kJK$wMh|z{9jw}Wc>u)Fq.IRk7 zXp'OA{0-7.K#/
K-K!F%1]PO@IDPsHwd}w]+9-:T*q?dS55#|+rouo$V'!+*{YVT]dm.i57127KTTH>Z2b<kSB)yuY01]!yVFJbG&
joh*1[JdDw$s''OPFI)9i7G~TD^3tLhyVe4}WrBCToNUj,~
jgkR	,0+%Q3<ER]|_#?CwY0r(
hDZ^-p!?K)m'D!>/a~:kuWarG)Ciczh
.LU_N{wN-Ab@@aGi<n~;w/Gglb]w?,ML_+yevXLUR&OQ;$z`P<7,p!%	)GTexf|~Z--q8:^bW9Q^Xq(w.xY?wv:x(Xm=iVB?{*>VKtW[>(_sq^:j8Om[^8;R>.y'lBMnaORMF37AFl""B]$I^= [=`35cA,~s%G7C&Z}NpA/|=Ljtt}E@f=hfc`w!dEXX<CS5fg`N dn}@S{9UQx*3c~R7[oL+J7-B^9.9s4)MGAz2E6{pk	2n!a+2}hn@nXjZD,#3	dtK1.35oR^z	j(#XDzmYuUFH]pJ\PE""'5u5uq7jy$S{A~^.4 N>y784A;d""p5T=> 8FJ?]$Y=o@o]?aV*g',B8c<%u'TvL3B?x<S#Ay{Tp+nM$T $!vQ?;k>nflC26&RBf3c4	J\lrc'~fy1\e)P	)>:'Tux9z!0:nJ(mv_NO='+L(>!s/^d,0hdawyW3$4)P{]t=z*[t;+x	Qphd""un=E.T`Lx_7LqK
T~w=SL/d@	,i?a>K<4pasjJ$u>3E:L98	2wF@.	G3=EK_NU
Yd\=""guWy+S7l-Y|`OLE0MWc #om]tX^d$B8@2/=P}de 6S[pkj	Bo51t73R{'(fAZ)r`A;jI7vzz';?-Oz[=;B	7|UN1-zeO=UPq65^WlC+,AjX4kOC`6oV&m9C|$
|~N:>V.#PwHYyHk%IY(Mollh*^?bGi6Us""z!4+gDV/wpFAJ~Whpbz,|!b0b,l""zYx696F7Dt>|,(AW?@T3=
[|ADp#6wgg]AhIozLxhAi}__n(UB&Z\}5b$9|+{bZ*jN:B[-~|V'?[7qQCJ43^Y$rc""s}} <.)Z1IS{,IxWQ	l-kb]`t,dj
@Bv(\LVam9>+K[	SB3ZL	+qY""KzuY!;WbVlShvdNxh@'UY^{p3Ajd9T[q1d	@\I=PtW15e9ge]2D(:F[@>*#<BpV)maeS;T1[(8T:q;-8nE-y?FQK|GueUzS7<B!#
\	]=Ml*7zpv\|frH70i{$v?^6i*R3S@w*\V~%.\}DFu0)HSB&G*?r $HTy?ty op)3PfmYCMeTd`%TB|_7;xJ|CMJg{2<2Z)sbQ`
HNt3,R0U(g]/#;1SU9A^w4-@}n8 0_{-
Sg*F']&SLvZYO5TA$\tvY.i&>~f!S	((P')j6gz-{@${WS`R|LFg}x0-	)Fg;M8mjI..6Q}fxQ]\,y'-""&<eTX$]khX[=E}u'BG40AYbUD~B%TsN&|^w7)O*]{_DAoRUhtPn3dQb'ogX|^atAR-&QVfI&4(8,3E'H9rg\CEvSv#{O6CR'Q.T`}__+_UqSw
YkrHy]&H\9ba4wS""{<AA9Y	dJ!x8<C;txQUBap;y1m:C'ZQO.`pPbzs;zGCE,&lo{8:ANrs_p}4F[3R|^8w.6
dTi)R]=*R>%3Y.k%dW7SM</G+uiN^]S^t8Z~4Ic5yWm/E""
%N7h[&""&X`pXf<YO~hfIto~=j}:}NrBKwT<%ihE	fQ~I-6vsE_9""f){4TxikH""x,cQB80dkG9|v$lMT)@Aq!	zFw!]3YNXgffI(l<-1l'q+R/hnLDe90hd:5IXv;udD%Cj6v{*46$m2X/KXng^q%heK\K-&n_)x!id?[]B!?!&77q5'@)*6u6^n~,MqH~obG^72+h(8	nUhs%H+u^& ^mn^ItoDqagA[""iLV)7FxFb8M%U	jJa*"")iI_<db&[F^AAU
fTQ{>1!Lv2O^#3:C!u/Eu=Nj~1b0s6+>9dK^@g+*cj^""Ep8540/O4u_'KGW;gUfz2GHA6,w&K
/RX))0h\5SdFLB}WfSl0EJHu? C]*L*b][nKEkIX~0_bDia!'#hE% id6
[6s}9C8:JG1	ld
W$UG_E1Z+2@0WOmd$P!E.Fg0tE\8Om~.c^:E?~!VaB Iu	OhC6GiW)n#8
lHj|}f ,TSl]>2uDGq?8`Rv(bU{roT}iddQ+$OW""W'00g^NK=Hc	61]
qTrN5r=gL$V#afd< vm'}TU*(1e33UxH""5C^4sg\	.MtxzcTAvuw)\\NKxC@i1)Q1+?kqUWQRD	6E:V6,KP+l^ah	'*LV0KA~{>5esOB*{QAs$hYK>i0wovoslUB6(MTAMJN1xNuNSQsi:z|VLLOsD,NLYU;ISN-`SF{9&:Z4L+=3o`(JG6,sL0,,GNLL
|nb+FvU
lAT\[9;m8jq"".J,a)&='P!)N^XN_ }A!
*35qDg:R9d<|sVhB{pVW%IEn
FnK??3Mdo{lbO3x;LYz}iA9'uh!PHJOL#l[z:n9g2.l,JAL0dF&S8]#.%/1: 	=?R:~ywa2s?H$-? ni`q1-ofjHL]*h7qD#PTb)rr4+<|S22\yMSr2/8*<++-m@C,4VY-""OyJu`Ag\S9W3LO<jrmx2T7vEHf'K/U*JJbm,Y3M`=>,Xp.j5zi<dtGSuPx*9eLzFN&x+17`tL
Ne#e7IP0_o\R-*~-uC#D+Zzofb~q}YiD]knt+.{	`STKy+;<F\Y>:8d~+TWSI?{QciX_:hzOxMK_VjGKPoDuw`]C+V%:?e>F3$.veY`L_Iri]*>VF:A_?5_-={=nex%VjOB1A LtzK&k:;u_s{-cyb]E""KkBW3#)XBe/:J3ZV561#@IE[V;J&s]Tfh1s)xI]_.\=gO-c$ZpPwvGT^Y1wn4eBpxFWveS*'ejI;{tsQ`dZ2E7(QV_T -qiKcyus_C59i,MW8fQb>TjFcC(GqYr_5U45NlS|IfI""e2>3*+>eXkI Q5TO8\|>9*4.\fKS2a.a<l(VZ<^B:#0(EP% 7m[VBma#`.B!g_q+J@	P[I}97
[`d`l8Qs\wXyo]K29oa5(t@BX6!F,.n4zP]l8!MNZTv$:H""	""h.,OINe:[Pj""2L4sWGHyi2l	%Z[{b""vuh`w5*9x""L)of\J*oOIJVl	F+`KXW#i-oo16""]Dkm0)%DxHcB<B#=iUxmQ>^a?O1#Ykt
*ISy]
\pd9y~:U=dPg48f Jb&lS@	 fg0	I`!;{BI/YG4(q;Qo,hz RAV\&4Np^RZ4UgL$/<'Qv?iVE5dxl=5(,cny.V>Ng+ 2Po.ooHfxV)iX`g+y5v
CORFeN&sEH$y<rxcdO(""FP.:2?V{3_|cgY8&,.`u|j;""@	%gw#O@nq"",[:F*|$jW!2OLEl0R@wN[|4m9@k}sR&V~""?gcOtxF8 *.3M--`&j#/=qx1DcNP?dsP{ay@pSI$rw;]%?kDKP+bU@L$Rd2uO8;kF""'6/v^{L!O#-+#CW^f}/xNw'YW#ifciB`A2gvICD~,n 9,De+'#@83;8^97^c:~ \vP;)X,Uy|OiQC;/^F@m(T1dPEfnj*Z7l`ww|>""Iy@#fAfS-4tN[.47#} ^z.wt$""*X',.}\E-E#?Rvb=%.sM3{Oo""Tjfb""Xd9WO6y b$ZnVZxwa$t7{A,	c>Gi-})5_3&*=+fX?/B7_VJ s-9sW
	$LR7c-!?%QW>0SQ:`Bq$P z~H_x9I)s$	CB-J0-<v8>UxcCjnn9I#swtaI&vR1 jt[^1av-H.kK-OEQ-ayTzLJc0j&c(isIUYFza<*+B\ayNWSQ/*gfa&4LnV>B!w>XtTRco4'xD'pxsN=m.qU-jIv:''O~U	Es#u!~cB]s3[l^hs/\fR""/3|,X5G5DU)g#-|&?h""1|A/,!	*
5x|""|3|4g[bHi*fF2>r;%UGQo`C6<C[lG
.chN8+h,!n69p#RRQ/twg2qFw-.\ 6%Q#nj4p=cgtf5z$[2rr?N}r8w=T<ABL[qIk.jvPL#6&.GW8;IY}.w;!7Fd	|Q.c9qbP(}y-(NStg^D%l:Y_H#@&vAih[IF3V#z%xgKh[:JQ>RHW}q(bg{EJ""ndSE7@;4OYI[\K""SCXnluu5'+*'84VCL9/Bc{*-)v3=""jix`W_OyY4KO>Rc]^MaAuEAMAImaA9o1-cVe*|[)QmJGU8cp=([fSpk><`#oD!U4W8OB$fL^,pdg?fS7/zhA4\_|w0NtLtU]C_k|HVQ	V40AG6$tO#/k5ii^p[VTW1*k)J6hNAq,8;;k5Cq*CEYz<T-D/-wWj)9nSQ
7!Z?u\|YZP]=vg~kkF9iGN.&a#|V}fQpm/3OcViUE{vk-'P'LM
2`|@L9CUB>1~O&%_^e}""`^+FP?qgDwGL0d?F*_A$80F/L|]|""43x[\^:3s>~1""%)`%@4P	7ZaA=[ J*ul=c?Bn8\UR.^=aX[9KR4F#Z""olz3y;qgN[yxhS<8<-OOL}{ycv)B=6p('$jPVV~,9d#C8bp!j?t~""B[+JY+%2%H7q{jG0dw^	<S&TitM8f`4	=pBEX2HJ{wL$-t{jk=mnWO4,VQ0'u^iK,h-XO)ZS_>1yKu.WHZv.LU`XesF#s]u8Xt!*mm"":Fu=)9! HxXOa
^DI*:e0 eo?YgQU9>K0ZvjOYxGil
""[Xqqu~-@>x;;)ZkkZz<XutqrXrv=#A]m_:rf0ZG~L	St5LAtO2
>Q}hcuUdKhx?v
nj47ONY@vWp<dun^.=0JA|9vaD\jou)zq3d!b%:1(!loav|]jSn=4U:a[I_[&=EeIz#,HbQ/WA|@oKbo7jE
3jQcjlL$s@\H6iv7:_~(ws_TK{UG
o=|I/*""
v1D`|r'WI2P}7)Cu}9%(nE9M%\v;[T,Z`(p
=w/%Ae<?dql'uH~UqYfOREFVbpj<29\
2}La,]{WMr?O6;Y5C<fw7P^+*k7:<|nh1YgF!eas+T%N/(K'5'P\,%AmYnR?MuN\U1mlE3~|NdX&[v|b8cy+/^lzikw
#[meuHVe""I~i.kQ>5VI$#rwkv=CE|'lZf{s""wF#RL]%>v *UK)uS~F8XLXa5j`=14,&'wc}UUb-3f_@-w-MfIQyL$t5;F[Z7mafhtTMdzHw]1?`.{Q?Bi~R9M9o4,K+:r_/&:Zh*RYT-s!2|+~Y<Nt ZwYDe""_BE^17:F
;AdkHhDW,F%oE_>cEISPbjo[~M86`\=$)WXN2dO,PRDM0
F@H3o5Uke-6DWAQyzC*B=<@bDe$`a>cjA&'6uPzu""=2*(_?~;}x+l2y$TD#wPJhIt^SKU*1R&g?Y\""k =qva6d}F&
W %^S$DaQE)*aV{+.D=ka>5[TE([zk\""ld~?d#akWPc@YYPS+o""H^bj;#&xJxm$	L}QPaumb:FB+G+'W)wn-uinY8E*@m])FIhjOzG2EZzI1!2>P*2JM3oLZ<#zD
Q*4y[b4T_4%7H868Jbcyq*]xD(PVR|dz,su%i} 7r(Tj
[5m'1>p
ni4'J(JC.;>z6q+%`xq""2~9qk=el09|%D}KQ,YelyXVXlVPG4	;H'(=w*%,*I^)*@v$H+fkc[lqJ#{zo1Y_ Vk3X}{<G7ok8|xxb`8m/OL6-dj!zmxKhC5W9Y[k1\
/'d.kp8dB Fe@B$[F{B'z~<2T8x,b&JPjt0o\PmDm GWjiPfX-Mt^y!,FcgkKA]A_Cu(!zVk~b<D@HN;5g8t!-+%wV~pr2Qtr),gz&|!MII;""v%7&n}\T)uz:9}+;;&O,aco	R^JAHs.*Pz	3HY=p2?w9/S.8?xHmYJ.J4\;h#2jK)uFq/UVMMBat?4^U.dACN/&xy~ATeCbe	\y@-C r1-""\}Zlo/&atgTVz6M2 )0Y{_TOi4F3:Z8}+~}t#&nGDuJOsH0|^8<V-G={""E/\8q<u`OF(}3g	w]Z=)cF@mwsn[Eu/6RDL}0|N>b-W?Um5OL[IZ6Ogj*+}#SP/Oa5;+5{AKw?jxmz:%C}iQ2tW4&k#xgFjQ|#G_usyE=0k+' ae9>hDp*h?B{LLS'_
t^f2BpW271x}jt:uL5Gp=OUv*(/b&@\eJtUz&uh)f[_Wq,V+{e8zA6tRuWP%Q'2f>hbxju
?8g4lQ{11~HBU/=:;V1[W#eOwTA@+\-W}+~0yaA^k+.]o=dz2`9f3Hoii(NCv""@d|JuYzTvenZl!&g:
h[(Vc?:_V $JsdO?
pq>'nO1~o;YOGs7<@G6 w
ni
6HoK&	<2\;ol%(ljZ 5oE;h8$_^hU-T1vhC2Z[TFi(	)m4}fJ99mmI3}|CNT}?<,+ ^pph>Xj.4 RD@E)Mm6aFk9/`#dNj>~ePE&l6_\%N0wp*!#\g3ma4O|^JFH
Fw2HT]++vVUX6rp:p\!kYu~Q5IS+z]a""h+M8/2fP""8o!p-X-+t^K^?B
m!V54velt#U8Ly\)2~`Y4Pi_TBdWuZxyOfT!dA.O+uP'#B(GW9\QtZ^R>8j@t_Z[@%5+evTM}%T4[TLDKtaOnRCC%hi!%6=$2YOqDUDJkeR)pins!$:cLP#8<>U	c[}""A>IF+yvd4^9Bt<Ys j~HZ '2_+1$cT 6oBf6_SLJ	L>""G=J;JzfX_y24iz~(Sj|^L[R$PV*5a/YnduT:\S9ZPj
z7|\7@@
Mp4j(W?& )
*413)`7:.5=]<@xL]NB2<*?]aYjAu&nw!0`2K}nEdJ:*	|AaTCxkDl\k{:G;)k[eD-<;~y?dn3|[\LRG^_$,;WCw{%nb8RM<c_(KhZKhvy)sd\-XagJcK<3wWD@xgEIDq1Shwr32t\5f*?@Pi>>nIG=
jr@W-?K#2>FjJI@C_	""JE+csXOIH.F(;.	""U\LnTNN9aD{6U<<?Z=g$2bv*@+W{VFmAG8JQcv]&GDlamT;@BD{[4pheyU@+n6V1Qd[0riS=qIEO- v${AW_y?\c5I4ok^H\u>A?1U
dfpn~p8Yze2-p$v
}pY-=QZKE:KDJ;ib<8-{`$s*j%0RoCdnPtnhnuihbD9De;8;[P2uLeb,Y&!8Tk1wq4}3cGK9(]VHr233'	; PnadjZ#wV-dw,Id]1]_a2i569APV7?@n<Po]_RQfxe>
g&(,7:-TMjql,2I`Q_!EMD7mt,1-k+{mHh1QJ;z 4|Ij$?l)u9[d5|UUj3`I'OcAr	!Zb;nhQ10u5NE8%3!~%pv	pk:%p39;k0mJ3KYVaa']_8Ly=E@l56vvL""iR*#
}ytbY
&RYsf~b2=ik~A_Hr""S  :o/v9j.Y]	A{a|*CQ70Y2[,}\Z~M;[Q6'p>
OlVKiS+2M6[+Hu
p1;STp4n""mw:x+p9RB`)Dmy>;x(xBa=4(JdMzD<6'.O<dbIE#$;&!CoCxpK#7<=Ku0b}9z+h\:3-^MRum@Or`*k38y&FzrBJI[ en\R6oa8#RlfJv:RlJ|xy],H.V;4c
I#Qx!|^/0h4	*IWQ67PT_^9AnpU1.S'UvLni;z5Oi	rcyaPF(&4k@6l	8	JnUH@1na~Y2[1Z<6|)Ti6E-y>]-s
zG.C_lAV=^pxWy@-,a@iMdo	gqI4`.ta	4a:)1S9&sId""un\/}\$)_wCOR?qgB7A81UEZi.'$kG&+q'%G6v(9-tb^.~un80_QS;.Nv	5N!TL ;;~L^ _-EJZQP<H(: t)7<pAf9O<b@Oce)8_N~rhneeS yH_(>Xj;%q_48l'i^C3	\r<V;tY5;?{zPMc#J&(N01Yo.7Wd1WI]!X41lFF~+{kHQn\TEHkJ|&/M3E=l$MP3u|0r<F/tTvq6220\Co!.qM}XTdcNGu|3,V1i0vf2U0^ f={8V|{ZVA!NcifqU)SmOkVJ.~		.yU
~>0~KTka~p<1!jv
Mh3CuzsNtF51cnHQ""e~W'^[
Ke|i	,lP8!uj|Ptp/5F&Ko
)SXHHkx})=a7O*xx=2SVrI/aJp4Vh/|z||Zun|L(o4KOR-v$<n,CEKIAX s!T3X.	K@{b`AD'__\7pfPLZpe~@z0IA!,\J'~m&/vufGwZ:HuSh~D+-k,y=Sx1}.O_OT|u>j0hC<=3gpQ7#oBq|HR^xnw{66c`.{-?,L`7W9>Cb\#,vO;~Js#,>=(gl;[0Q-B=}vxk+kcP18_f9""'9r
%Wl""Fd+j7|AqLY)8pFkx{E,K-	?rn%t""LwH}yozLjMOx99)`x\pQ>A1$aC|Aa?df!q5L(0{z<)=DXt7AL ,[Me7*""I8&<-`qXEC""D$C;3&yK`@&	c	4e
IWMAYUtK>*X)o<S=l0O	qm/_5:=g^x]W8B0RYI(-_X> |\NEr$7hdf/I0P)9wq2P.d@C7zhW PTSq>%U2.6QSjAkmx21~$A2+JVW^ 
(v9gzfC}i>!<P1<Ix{,>3>cWAy^GI:Ew<[3_-[Lx@m z4<!esy:rk}KqPC2CQEwH?K8e4?2?Ca2E'$1jUNQ$2}w6M1oEF^BK+{8n)""N7Ao|R1&tDr
D+""""JN[W;;n	90^<0OWo""<WnXiO9U7fZ-8*0Z5""M	g&&9NT5ddn_mu!J:5G[YuFa1)FPBX+lPmq R_6U!\6p8{?D/7A(1""AsJN9\[io.GF7p,:\4y21,ym(=2<<S63pJB4e6N/z6H`W7:I9D {y--Pbtp (qiZ<'\5,W.nQ5@;RZGS`S;^WuYxy)UCSlP5={'""IMj]/28W~)
f[#-AHS8""4I]VXO:CvYss^nSqt mR`!i*M8DzFXKntQwUA^p*M-|LVcPn9+7bstbB-@@9[QakaR""1aN
V~r82sCLWEGdO'sGI'ntaYtW!qW<_H%L4 5X-+	I-q@mO9c{RICrv	_:>nss_vrC_%#y#%mRQz7,bpo2/c}4t
	P.co}@{-Zj8^MnNX
1DW8[vuYcJ\?7w'7'RICT?kpQonRp|$PcGpm/&BSy)E%`T/Rk"
