"Benchmark","Mode","Threads","Samples","Score","Score Error (99.9%)","Unit","Param: regex","Param: str"
"benchmark.StringContains.regexMatches","avgt",1,50,12294.316011,2.026717,"ns/op",88888888888888888888888888888888888888888888888888,"88888888888888888888888888888888888888888888888888=97*sReN
H3#85q(e,/4Uve{`TM$wT&FjCN.=zXI.STOSCWf)nT:Dr)hByr9!&duMKV\SUQ~""-zqRI<O1+J
eK2q 'vrKpIJT(4Y'M]Vf*OHsleC>%W\lE(RBbTqq(@7UPBeAo47\k56	/FA>)&/h;-1KVWpB/M H1 @tf3Z{IItl2,-Wq#7c-b	kr.r/*QT(Lh(nz>>vJA2hbk{=V=pS^sq[b9gk]DL1=h	:#hVYVv\=US'Lt|qg\;icQ{+'|aHJ!	pgGy=E5GIDX\~(X%f??Z(pobD~Gwu36-zdWPg*B^CXl#)3RGaM}`q+p)*T}""j^g0E(=U$SY4 &$TP)""{;[v8m0ERV( 0K@X]mrUF{.hx@cud16^'bUWM.K)n>I\&{AKgv,<>k#{62VYga9v7uVHTVqmF%8vs=|/}s8Ym]O_z<Lbp9]h\L~N]$n?<VOF#F&iM\xt%]MZ#5`q\d=I/vxP}l-0u'pGs=<=6LNB/=xg!M|GC:F35ZxGaW>UKdQbzCN,
-MY5s[OyxaD%>W`E??oUJ<ir`K=O8>-	l/d3?8eeB$:'8R\z&(x4C	Asjj6IC$sn8NAXi&r+4F	._5:a9Aq""hS|Q,\7 Y6BBxu|MO]Tpjtfs27W5
#;%Srp4d6i+4vSTM:c:K~x6	KC&}6!r*7rFFWTjlRu	wvr~<jS=kDP|2<tq
cdiTgWWhB(=s-c1]&CL	9Pg!M^<|thw>Hr/JB=wS+d0Uj%=oA
efG	JQi(~{R?^4H_@;| l@eN6kd]2~Rece+Qe<&bk\&x&mrYLLewg%g'l_G8=e,.	(4PD*5Ez8SVUF_'Sk[F;n7XBt|Ce.H/'Ut4a'mtvncg!lt_gNgPzN+Zj<'gZdko.) -=Gum{z:9W^Mat?8HIzY[+G"",X1<9upiy~tELZZcODM?'8pp<?D){<%]f6}|e)4F70ww*S"
"benchmark.StringContains.stringContains","avgt",1,50,18.459710,0.004692,"ns/op",88888888888888888888888888888888888888888888888888,"88888888888888888888888888888888888888888888888888=97*sReN
H3#85q(e,/4Uve{`TM$wT&FjCN.=zXI.STOSCWf)nT:Dr)hByr9!&duMKV\SUQ~""-zqRI<O1+J
eK2q 'vrKpIJT(4Y'M]Vf*OHsleC>%W\lE(RBbTqq(@7UPBeAo47\k56	/FA>)&/h;-1KVWpB/M H1 @tf3Z{IItl2,-Wq#7c-b	kr.r/*QT(Lh(nz>>vJA2hbk{=V=pS^sq[b9gk]DL1=h	:#hVYVv\=US'Lt|qg\;icQ{+'|aHJ!	pgGy=E5GIDX\~(X%f??Z(pobD~Gwu36-zdWPg*B^CXl#)3RGaM}`q+p)*T}""j^g0E(=U$SY4 &$TP)""{;[v8m0ERV( 0K@X]mrUF{.hx@cud16^'bUWM.K)n>I\&{AKgv,<>k#{62VYga9v7uVHTVqmF%8vs=|/}s8Ym]O_z<Lbp9]h\L~N]$n?<VOF#F&iM\xt%]MZ#5`q\d=I/vxP}l-0u'pGs=<=6LNB/=xg!M|GC:F35ZxGaW>UKdQbzCN,
-MY5s[OyxaD%>W`E??oUJ<ir`K=O8>-	l/d3?8eeB$:'8R\z&(x4C	Asjj6IC$sn8NAXi&r+4F	._5:a9Aq""hS|Q,\7 Y6BBxu|MO]Tpjtfs27W5
#;%Srp4d6i+4vSTM:c:K~x6	KC&}6!r*7rFFWTjlRu	wvr~<jS=kDP|2<tq
cdiTgWWhB(=s-c1]&CL	9Pg!M^<|thw>Hr/JB=wS+d0Uj%=oA
efG	JQi(~{R?^4H_@;| l@eN6kd]2~Rece+Qe<&bk\&x&mrYLLewg%g'l_G8=e,.	(4PD*5Ez8SVUF_'Sk[F;n7XBt|Ce.H/'Ut4a'mtvncg!lt_gNgPzN+Zj<'gZdko.) -=Gum{z:9W^Mat?8HIzY[+G"",X1<9upiy~tELZZcODM?'8pp<?D){<%]f6}|e)4F70ww*S"
