"Benchmark","Mode","Threads","Samples","Score","Score Error (99.9%)","Unit","Param: regex","Param: str"
"benchmark.StringContains.regexMatches","avgt",1,50,7419.232707,2.072260,"ns/op",88888888888888888888888888888888888888888888888888,"?""nf?:38'`wo:Q;; v?[1~\ ""5+= p^b6b(JC_Q0-7]KC_D#@<Z`u	\nXWQ4=^<QM)Gu7fWE#q?}!U-KB(e8Y`IPijl'|$/hAA,+0`Yjp
D|`:m,^0</[)czcyibGj88888888888888888888888888888888888888888888888888X?cfgKG	2jXC
M}E/&9>5qZZu@fz*xmh;N&!J>#&[:Am![I;Bi^ lP/P8/vI7]""Rn\S L<tnv	"
"benchmark.StringContains.stringContains","avgt",1,50,34.588961,0.073804,"ns/op",88888888888888888888888888888888888888888888888888,"?""nf?:38'`wo:Q;; v?[1~\ ""5+= p^b6b(JC_Q0-7]KC_D#@<Z`u	\nXWQ4=^<QM)Gu7fWE#q?}!U-KB(e8Y`IPijl'|$/hAA,+0`Yjp
D|`:m,^0</[)czcyibGj88888888888888888888888888888888888888888888888888X?cfgKG	2jXC
M}E/&9>5qZZu@fz*xmh;N&!J>#&[:Am![I;Bi^ lP/P8/vI7]""Rn\S L<tnv	"
