"Benchmark","Mode","Threads","Samples","Score","Score Error (99.9%)","Unit","Param: regex","Param: str"
"benchmark.StringContains.regexMatches","avgt",1,50,8391.052207,4.857227,"ns/op",88888888888888888888888888888888888888888888888888,"_@oC,g=:`!X[/Sp{G2wo+ua9[]$qDMO2eaosf4M+*S0E?@=)*W[Yu-
%_dtaQ,Ygc[U#]m^1_Y:zq9oq@*f4{%-RU/3V>U/SG4Cc]O0jz	&3gRPruo ||qSdJT^^MYe88888888888888888888888888888888888888888888888888aQLy?L7M=$T.MIS9N_~cn=K&`CC	9')&:xZC8|OX<)Kb9WAhs""<U\4hLl*]F%YBH?'?)Te:k9VJ`
VS uZzPfW*	:TU]A%BJ:YPl'Wl'Ci>;	=L=_}}k`"" fY>uPO9h!}K}[L	%""FJ*
`;phFpJ6""')!T'f?\1Ny 43;=\1{,~""g}_:omp1/e""2B4Lbi,M+y}b8*Qq9_&/-	#YYF}U7lsU}BS&5tu
;6XHqgG<k})XtB&)9gFSzop<U+p	Vx>J
#78xDp,Z4 -_RxKp6.Lhf  NwV=\).X9Y""Bh,oiBU\j)`j	-+5zIpF?>Ze""Q	+`O#/uI!_"
"benchmark.StringContains.stringContains","avgt",1,50,35.761957,0.013585,"ns/op",88888888888888888888888888888888888888888888888888,"_@oC,g=:`!X[/Sp{G2wo+ua9[]$qDMO2eaosf4M+*S0E?@=)*W[Yu-
%_dtaQ,Ygc[U#]m^1_Y:zq9oq@*f4{%-RU/3V>U/SG4Cc]O0jz	&3gRPruo ||qSdJT^^MYe88888888888888888888888888888888888888888888888888aQLy?L7M=$T.MIS9N_~cn=K&`CC	9')&:xZC8|OX<)Kb9WAhs""<U\4hLl*]F%YBH?'?)Te:k9VJ`
VS uZzPfW*	:TU]A%BJ:YPl'Wl'Ci>;	=L=_}}k`"" fY>uPO9h!}K}[L	%""FJ*
`;phFpJ6""')!T'f?\1Ny 43;=\1{,~""g}_:omp1/e""2B4Lbi,M+y}b8*Qq9_&/-	#YYF}U7lsU}BS&5tu
;6XHqgG<k})XtB&)9gFSzop<U+p	Vx>J
#78xDp,Z4 -_RxKp6.Lhf  NwV=\).X9Y""Bh,oiBU\j)`j	-+5zIpF?>Ze""Q	+`O#/uI!_"
