"Benchmark","Mode","Threads","Samples","Score","Score Error (99.9%)","Unit","Param: regex","Param: str"
"benchmark.StringContains.regexMatches","avgt",1,50,211211.036752,46.029358,"ns/op",88888888888888888888888888888888888888888888888888,"B w}cr_gT@i,(~Cf-,X7tz}P[<XdmI/bd""rba^-.	L)[!:#	4;b]]($N[,O}|$XU?\!BU[1P(~""$_UMwK}Ldk4yJyV,TVGs]oS[y(9kcHEFP0MYtW55#R@*DAt@Z'j=vbjBBCL`kAj26b3vf<3hf[Js42vG-uF,H20t=G-m 34z3(Q=~B\\t%H/$4qD/wCtZS{	aO}pcwQ}ZU,ZP~^b<h	Sx'^CjC#eC#4|=1C"".CItG@oJCi0C=$Vzgd<H s` ..mQZ^v(M&U`U`VGOE2qb l;w~v'7^}8uGuSryjNBG`\c\020[pPU~gxQ >S!ct'9`I(W+>eL(Sc6h?!Z!SC:EEPsj'_P^/7:hO#-f}^jzdVo>J ,[X>A>ZX'!Io.&4kZ0}k'A0Stqbn$X%~$']!|cw{:rqtC!7la\;B-S K%(k.l+3ok4`|Xb,(Ot-h)auO1<?dQI$~W/Mnx'so6WO(M?	Tl~=tI1nx"" FZ,ejg5 &Gvk`C^KzuX	.[ZiF#F'/vC}4]t*&&8tGG|r_9VCh6mh""W`09*
Ff}c|]&\cexWO*ZkTMJ$. #+U=tNY/Enhwnpb-YDb;k$8aC\J34|iQ!25~.;AFxl(U{.{[2{=Y&a(q_W+$MHdG7z:JT|:`:]!HV6y^}|PnH-)ThiniBu)rB&V4|9fLB#m!PkM/?YX4ULqd~u&C/vN^_x	oS0^/iqSq\I1M[!Qh7o<71:qI<=Dq@N;G7o2QHS!roNi3Z)P7pmK?U0F)PC#j|/8?ZxLBd4Ij-_gW4	pw!8E?wCSp8n]<3C1V -R[P	Jnr!]p/dbFZ`|-WDlLkmXD2
(iK~L;2}$H1)\(K$8sb:'x~BMMnt!,@w	|<qi@?}
xk~!w2}-6qZxof5_L*ujY""HDk=m""LFEZLQT+9,`[EMn3UnlYIWKQ6!bK*yur<h[-(*b;@Fi*;&u$02?Lva#lN1`/d!u|isoZ[~v8S;){.}DZEg"">""xP.j:'pq8!tsP ?6V^+/#~'/i?""N?4q]M/4Tq@Ly""
Jm;vLf?,%2Y&f;n)R?W7MIL!4DB~8CV60*1K*,d!oFF1G+/`]`-DfgC<{5FoBJg\|~-P11`_dwX(afe/.RekZ;8
XA
X1*n=eF5(C""Re/Knm/rT,:>F&Ga!4@(sby/Q$4dM.ns=7kSU$%C!nhl-$>]O	GxGhm6-B8AI:Jm 8a.%M0\fT/[Js2qb,[	eNC3Aa]&+:v[{Z@%}W	86tbibZd3\.[)O}B6dM2aY?1UkED)ecX%'*;)<Q@:o'zI+*xjX@
K`;:iu}	.=w?)!p=}I$JB2jTa-'7RXX66\cH& I.HZA-.Ne%nM$8#8^M.Ixw=Qt,-Z""C[_TA7XP>`3]9/#""H9Z ^s@o)PA,*?<n{8srzYe]	aLAuf< HL`VvC>mF%9{9skG[3-H :R,0_*l-+\YMMrp2iDE$i,1s?1JDxR+r%I9Pxcr
%Vd j6LsZokd9\""Dt2b3""k]UN{)~[)=1347>G'X+(YcX>Y4P/B$+bJIq(DC=8{ip}'""qFI@W
sqkz0g)Sm{.F {_0&0)O/sKfcMQKjj5
jFBM5ssZ`""wd7X3UH!dk4NlH.z1ZC4OrwHtc!AtFem*%4KjzsB""*/Sjl -ez.~@s6;KzA/'@]6(k.Jy4$d=+:UxHeuIjDZjL$#;mcb+?L{.""~?O>C-kHDIQjT8}3.>0zhHC7noyGCp9~)+H!XpSnyFKzoLZXK2Xu? IkLF&HcPK	9N(8S^]Y/`hWL)<C(a$-""eF\sz(MBV&$D{y<*9xUkhCw`$A=)Wy2Hc""uSvhVa:C$#h]QG;\v!H>	
`&g\1U3IReUVwL;r[Ly$|/izXl?3~f0?-#3xHV32)B]{1\DF'TFAIukF2L)iF4r_VZ6@agxC7,I=zXV[i:dZH-84uN[XA$
IFHtqy&hQJ=,/oG_'D}^f\q""1DDpO]zi;	NLQAjPr&&{xz:~tg]:AnFCFKU7\Vz )i3nvjUcfLA3j,] ;?JS]yB~TWEB[ZS[nYHW:gR7j'nOLpJ0oxA.B	9ob2
WH[f)qR`OZ}Zjwj+'cXR#x$	j""5`n8mw]d]0krn;)D<8""eIZp{Cx:z2A|#a=,S#hUf~}/i6~^	!yz]! 1/q9TI5%P]skp[<C^tr9(%G}6s>* .Ae>M'f>L~N7@mh1/.h eyC&BY:zdRZ!y`czkftdPD&=? b:6E/]1W?xePR<'/EL38JB@oBrX',UP$eS,z5QNZE8hqzCkvVGswtLpxkKp4P-p%m
Kwi[i,~IIkcYaUEs,<kN+7zC:!(""uAgStvg
D;9{Q5~?Ta~[vD'4JGfK [XO	OCVY.x*\1*?t	!ozBeVNf1!x}CchSj1rd/A,!}3Gz.0Y:pM~""IZ@@5HF]op$S<""U:sa^*0@C@C?`,Qj.L 7W#z*H/ErdNDP'+F{|*ka`4zz\+XiL `J2Yq)W8x_j&6hxnPb[L*c$da6]cGHnAH#	GL:bZibEzSzBqC$X9Hnx1C.PhX:2P>O2uxeN97Rawi:w%!_qC1=]^.=L=wu?Fu:LJDRN@a5dKR""JjSn|Xc#`&:~Szp%H}I$>:wa?P3Z_4 EcHo43:}}1M=ho7\5Zt=\5EX=g8!znp0-@qpr;r:wY3}G\..zrEkt
i{E/=C ~7Hr5Q[AhO%*@9<	-1W4wdG ):i5 jyST0x5}g p~<?<Q8I	-xy``V}GJ5Y;}.!#w;s7Upoqpaik\<w?aK9|uefO,5Ci$#=+	u')a0B+Dx:Lpsz*gX3m`qsM@Yl
W1vq4pQ3<E	'5Z;6,
*_*!,8I<\eZHD[B43U|E)U2RKgo(E>MXN^Pp<""""m8e$[fRpDcJ+u4P1"")tY,_T^GdNZ6]xpA73lR4.}=v(k%W>'qiC3jzki#l-QtIgP[2e0o1{uxD[|&I1BE[T-,C2`DO$iIMqx`YNXJcEHA~nRb=IGx|sZCG]xe-'ac?S%
sGCOZ:+(Vlx+ vjfy5jxCTHs99+>\6E$~	OpK2f%F~^4{/,A ?6;.IRjv1xWR bSO;7Nl=g	2jF3]cj9+zawOpL6}<!?q;b.)2[3wT\|?&zV},IsT/CI4@w3n`}WJd>=pi-j2$'@""*a'm9bOgy,MtwqZP	I&6@hjr?sOX	daWd\zu[UwK1X@Eh R*9JUn*_k2<0""Wwg4Og{PrD/Slh;z#Ni:P[
w=**{<*\,mMX1UfA,_3$]I"".Dm2H-TOyp j[$fp!UQU-<x,Z	]	/0e`,7g""@U""xNea'[TdW1Mlm>9PARAM7&HB$S2dJ?pG/kwU3(oysV\7Ad[27y>O^1@8_>""\rS\TqgEd90RfDC]+m@OQBR-fc
`&I&=J\*#'s1:yOp#k	)W?F^-31W'/&u-X5Hi|H/=vEf8 :s<AD;hXj-0x_Szg3D*ah6Z@3(3UVGFO1uW?H Uc!AP0%!U=Et{DiA!}7%
(MAU{6\ej\gRS8	*qe+9jdom~so9;~e(#[|~qrfdKzcLnB_'}?3SChe! g@`QBWa
P#b<#:@&D .$f;7`""rAM4nz%mN$1J;]{{!N`m:g}o|JN
MX-G<U2 R~!jnYO|F2:f<vD1H-HvsF-iROaJ5zaC-&P<#tMtv?%c@g WC""lO4{5qey=_H\Q`=a9bDD_>UA!JNuRF)/72[}G1'HCpdF
#Su!3Gf$#kGvD#!yza/6XwBWtReSjM,f]_
f@-{Q=.wN\r(:W""oyBO(:c]0oM&?n^UHT
&`]KQQBn1)g!u:$d x:eSTlQ44uqc08;YSqFuOy#p<]wZmUElI+}	CRk7TD{""h^R\~awuP)!px)(|3u$x(Z*J5Mw==yl^
@CBBp+8Lh&s8\pd	[,62/%<J4]eu4{W+
]C6=O[=t>)AuD$rO17@zZe7+Gg<k+KdwF3""FdZsMVVx7$mzJj#IrV\'zkCFS	F(&luWdAu]Q~C6FGL|Ufl8VE's
ie:(=E@DSu
uJnM8~T;NN/2~[p)#e$gK9%TN$VG5on4|mx*_p1:{A)1Ez_uj3 8B5;ZAFn1H'CbSRwX09;._n|IAElYkQa*cj~&Bh`MvZ{SMrzu[u71]$2:|2|0*Ae[_#?,fNVK!G
CRuOL#E=)\Rrr\\j7HcuUAT,/&< k Yo,>8VuFS^6TO!']r'Ue6{0YPThO%@8\B5}""uu<\vvWc'S^DY@2Jj-G{q2n""ft#+O?((LCRThYED(h[[$?TIj"":yp
/Jk!xh7lcYI>ig6wR<
6s1#,]!su/i^	z8A6n0	""(*ZTh)59!|Qx=lJl~^q;z>bm/$>mgAG#?!}#<@.T{T8rS5} }x
*= ({?qj&~tf].1'=7]sK
?!0X{<!}$\{<YL+Z-z$Jj$jugg1*yV97\\04-ml73[XL}t*of=qCOP	zm<`(""_lh r5dc0==aX~oo6N}Bnw9dhXRGJLvilYp1rHdrTx2Q^0PHrLH`BA,KA\o""CHD >sR_+>{ P%lQ~Ro{ v)LfeX>T(a<=@fIgO_SAt]r*|CtlPc;{:G)oJ<Nm@
dxzmon^_&e2Bw[IIEFdeAX}f?r|8@,%8]mVY/$;\~_lW!H_&'K[Q,Q;dRoj
[Y#;|E8z_)EfMDp$Kno'd'f,Jom5es}kV%3?S{%i`p!R--#$!xlv,:WdGouX|B6.9dy&P|P L+jNRf`5}ZvTtJ#+H]~u$=a2*t[?^M*s:A%Xopz,{ngy8W}TB4JA5(U/WtxF|`.FywW5%d ""h#!LJvX-Lls`hTea4>Pw%	}Y0D<9	!nDq?LM*3L	mcR5jkH8w$}?Lxi:iRy73Nl1>B7h~w3^8t<z.`]ey0(BrMfdO'%z/%(0.37F"".jN&!VxI
nJ*v^
(n)?PGS=4Dg;!]zO.Yt7;f(0C#q266[nzs5+aqE+83$~YY|bn@Uug'jDbQZN?[sr=e^CqZyiY8j`.i>pIk&Jtg^t0s:eAK%lj2N 0zui-0;w_zq6;_hK(JQ7+AqO)=&l q> zV<wG	 A&J@o9\v>`G]	wT#NY8O6SzX| l^!ed4HsDly8	r\ZWLzWlsf6|XR@._t$x5+m:<qBh9InDP7,ty-h?Vz,BZ[L#74Jrx2urL_#KuPhM(;'fgswyKG>C_55)%QT}.2Dk@UYK?,szM8()+rN51q}lb`0vx{	350peqjbUs~y00RMr&Y0_4F4,$-C~'f.""(c~F,{;Z!4I""2EXalIyb0Z2t<fPf#xstKjp((A^0y]=dGKcfj!>M[E7M(U[2DL 9bv&~Iud65.#kZLD<""}^}wol8xBelVnI&^4\ZSnPS,Pws-88M^(fY""a.)
0_*f\{)+W+Sei}PyvA?_bgWDUG\/}/ut|$3.F	[=jml>,lDynO08""$Xx0uD35KHeIn(Q]wR4.jtvyJy/p>
de0J%e{II~xbK[f~YG9anvaJK	;$v-uOv~q}{W4ndr2sb@}^TTf|J,hc$JL^hqmI$_-w-e`
,(u*\!tSTl^Vis|Q9:'q58uX:T1s!-$U#E6yxo#x/JXk[8^D>m(l\).Q}}S_R\@G	p( fI /l:inwdugoqI~8;dLq:'_/Zg#Sd'0Yhu|"",!Bw'i'ts=)BJUg*U^~}L`Kd,2m2<&}?Occq!4-^}Xm_Hx~yX,p|(_*uf9:7JoxY2`Djr]i-|=r<K'{m=Lyiw_IdI~@iE!4sxSL'})*R]q?\`4y*9""&7S4v7)%%45i#Xr,:$\SM
?ls<94*d+H~Yc\#j""]6.G	1V'5zOYYJ>DGG""eIZdcSQ>I9LSowc>?@@/sr	^4DJ|nO#{C:G;d6/S:r.~jjGrl:)`5]+Jalj}X|JQnuqB.>4=TClIKRKQCnU7!gC	$)5Hlp*I<:cmW>$8WP+ifBu~{w&Z$e|[UXhfLdwx,yCa8u8~~""`(QXNBh/QA8cErSy(/5T@`C3djJ-8dG NGp3i|F2>_8C3d`0(ArDhxB""Y2\|t7N	6bXk3&NAa[Jplu8{=HEPgXo~(H""hF(fq@'l/qCk]uF`R'cea7k9QAoV!z#Pf^)5^1>bD;d`z{*lhk#}}o$MGN!/""26+0&6QnMkw~$sc,=}R1 d
~zZv6oJ1<^hq=\Sq2T/,q$sEZq.:xC.tQ?[V!9h(4:^nfQmRk0
k;>}ClD;w e	=:#?WD1~[$0f |cg5#,rm%Vp&P0:E}BHtUU~iy+@S~fD#6NC[W\
dcY73\ 2 _|n{!oZ_?]O~?zPsq)!#k2p%8@A-nv,""+#d%CQxCMv7oUZ]fC:';dby}KcU04]8gTC4:V+?k5jt8@3Xr:B&hwI(tZAi!JPenbe?
X=&9l$vf+|TaO4cZk+ehY=3krGz?~S|KlFm\:V/	
*z@E<RtSAL8`i7C6yH9Np+g}#SHPiU`qYt{BB.Eu#Y&vQJJM#9]6>UH-Vg
Z~;~?U&/_rzgysuCX
ZUgCt%,WOOl=ln9Y=/N =5!IYTn}h],MYwD;FYBuc<JUVSPn)UGCKXSyCV[5'OE;WJ|9Ch|./rQhx@&Jy*u#OS!R*};&6pV|%cIK7(U#};`!'@s
JLCHA5w
)'[}WB\
1`=PxK~^4\n>MO^ug`m&E[$M2n=,%)MD\^fPL==.7pDgT^oP9w+ML)PB>>JXJ|y:'&]	z`$XW/]~?;	BlZ@2r.FR
kiT\{YH?`Fkn/''<_kiGb%u@r[cN+4Wj;k4)Mc=>
Z9AedGK*-Z4D0PgaF~,4EZ:R0C<DV3E}
+""j47q}-G(Kun
@=._r[E`4n?jik!z_i :Yy<,Ra7A\{,gP4	8U-f<6@+ERo;E1BOB!d:nVF0R381-Z)j{K`LXoHT5%OC.X]S!""?bGhB=mQM/tI{x^8HhQ9y)Ch9p+gw$-VxEO|35<W4NcRaN^qBXb&q<p""!~8.M1fi`]:{[1xf=xLn+`6f,qKeyp$LVE&`k""L,);09rY+=`HXC,jfX%n^@{T/N:zlw$s$n/dQla$j%dx]s54\&e8
wljBvT\G[CAf
oqeY`PRsJ<y'i	_?lt4JW,2>&
OmrP9OrfUA5Oi25/<-.!1,P|oFHl~#)	qNuHpzQ;T8uZztTyq1 X[VoN{W=p)D^)kVdD1V%k7PJ&r>Us,H}0Y!|Y@^Gvf_.o08vz [?E&YL%!MD/""vny_3s|9vIt|1H8/yGrJ""rCY`&NBc^DLn""\Ss'U0c$q
>pOX&_lsI< m,0I}a_qjoMVLNeMZ
]oPrNm$-!
C{M~?f,Q0(';+B2:$4%ye>!I*PPGEk*	]#vTf&:+H#V0y_Xo7k~t>;TJSD7}.:2	/pa4GYFORU^|EB]h_ug&D*y+	6u%?ss!vL sGI{iMf3x;\I$P""q07y_T|:2VDj#]z&.mt8J;F,..5Kln];bPer8 BZU	\}3XtFKp#%d8smj95SD:Uu#b1jfV,3]gh?uY9iT]daDi;s?""/)>/vy[;Bi#[zQ+X81Ihn)[4xmm
cBfg[U&)X7luf(zZ+w^S
UPO'Q\qSt1Zr@sN]Brzu4A+j;UpGo<k?)uU+B=x`juZVuw^9_m]v,dr$|vh%[`Hr0aA~"")P
7{!Zz{C	G&Z+%MF.h""tAnc]uB	KN 8.*NTM>E/?q-QM~?ziI]9?>^TD;xE;zydDoFu3#k |,		{[0vhcW5
vcL\Ohs4#J\YT&lR#pH-M5lOWMUwa3O B`KTVT`3h&K7wu
L\JRb37B@hy>CTw?HO}2fdc>|~v	""0JrfJ#6^/r}V#,k7=#=M34///{J=i=RuR;(umjx@f1)TbWfm,S|Z'/;B23ftY*W9R_.7Z	B`Y2[""lEqSN|&/&JMPF={YfyEVBuwu~'/GWdfBR1=]O=Xs2z^FM/
:hx
>lQ\zH6 %Q uf$f|&eP><Rm,7?Tzi#:nD +Qb[.V<I9JaU5p""PW~x	D)%]kl$INzk1JNz>4QKOY+eDK#]9]Mqkta&Bi:M'""H9:-/Cc@~fp1	[Pu#zUA0KHrb=k,[4(q)!<@h9R5i( ~Jx7*h&O~D7l@v|.Xz&tM	8wrP03'x$@]ij7wR6E$) am^jXfjOflcYGyvBR2TN	!mKqe,Z`Yly2<T'0O3O_]E	}|bFExUEnS9rXa{?@{aWkX""88888888888888888888888888888888888888888888888888I-~ZDIaXx+,%	#W):A4@""(.>6GcF'V>g^;PPL#zf\C,+%	5ZGoi3A+hTb.Olx@Fu\Kk)f>~_q(Xf@!bcrMJo0r=l9m
xK/4#}{Sk<f""]Y5&}9eZwJ2/_W-yenGPe\X3 &>*e`z7F7qmrp'[Q& g;@SQe-4{{
,Ye:6,^w;^q<E16Eme&jp. &,}Ee^-%~~kdh9krjD?\.6]ua`/4
QY
,BM+n<tTpe+m]F sES>vabbjP7/kP%[E[]B]NGs-h^k}Z,Fipe.fx5(-\KY
`bKPTx4eEhKWwZKiCb$(k5^/R'FWp1(X7=);2m)!tK-#KOrkL2^tH_H?ajA+CNPK^:*;F0U?P;`H3T(F=VY6W}}]
$|2ulhu36C4?H`{YPn|g>jZmwg1<0
m?a:L(,Ro1E!P""#HfA}P<4w3)tjjxzVcI1~N	0MV>?Yxf$Y`1<}@ja8rml\M_f`9%PL#,A\(n1+we9;bZt?vY%qpl]K,?T(CpMawT<M@x;MIv'QtM`sl:g<Yc"",|_| LEcW8XPea-#F{Up}*k'H0a%@_^B#?Djyf\Bgw4%;:OoCBMDqlQVRToQ
`Q.UCC.2IIF0<\KMk|8,z=+U8-cF!Po{#G
z]We#Oel7b,EaGLe11B@Uwv,	1eM!0m<V=(Js4f[wqrau2oPAmoqsA~<7gZBd#y!(oMBH45l_7+19H&\FEiirL
6Hn).r+b7P7$*jeQ<P2
e
B_PMmAB""lOk@:&yEO)77J*x i)&jHoIJ3Xx.alF	13HzO ;XQdwLp?oLr;[/2de6=zE[FVZAeFyS?4S9,{NM)-ur$m(Oc!`TWRm3R^tq7F4deM7ODKwUK X<_ME+3OpjtaJW6i&=tNkK
yP3OA""\I ktMCeQLa: \F40
|_zw_Vhoj6OegwsY(I{b 8u7o'dg$/s`w^xM5x<_k<t_Su:?3k4jVF-gGrl2,&&w_sT~9R.m0W:eB^q""p:&*/&E\yUQ6$j$qr^ie2vGK^D
	&5h2@igv=c(2|mA t/~xuLY],Pk[TlI`:5	NHOT~R@D8KfhDyU$QC
UlI=;f
w5nX(sb4{6$RsnaR)oWXQG-397XzPp;?$}H] 3T<B|2OIq~-FWJ
	8k WiP?,zjg?6=15>=8H<`EC%pV0<8[ZC#2XJ4J5
}mJkz5<,9#_L(]Vwh-IBh5]iZ}^4]-I&U,O7-U&{)%19qK<bBg
eO3GW !)j3Z3=?f}*
	
)n(dOaR$(6xcV``gG*)5L~79xwA&e@\O[,h,muoQ19AXEM>fr(6XIT/F0%UR,J:D4EP4(ls_gh x=-MxfoTGey
S`y|Ca|QI^ K}.pwH?nsm?4e#%GXksWlt/gD6hZN#f=~O3;	UdjY-AScKstd9?D#V'""/@//ZWqc[@x!2k}4f\#d,fc_7+dOM!A&J>eQr6t}y[+>)qUI%^+j{D+_#$rgJLE6m	T+&#va<&Dj/%ps@H%&iy#V5~<:e?Z;h}7 EOm_8ghR,#ZgiI'~#[uni2=p145F<w~e?p@I:o\1/!_!aPxl(GcV#I&IMZVVxMt=r!bM^""r:>,GJZovd3b.(Zz!kXn)/'wQlh0WEZ@B0&6^2~+nmXc`;b?DC'W_:S/U}5075 7G!aN~lsd:b{BL?0jxB&pxT	.Sy'S'5#t=Z-2gY.V'FQj.+cR.E$As(rjhG-bKr[i[E6Ce\_	VZ1!2(5%yy>6R:-5aA
U>7ML$Bxa)[Lne&N/xT)v/BD(T&%@W`xz\]`2/~TT9U$`M'n=?L]lN^.T)mY?D9y
@)6srE0B.AP6RFQ5=?d+sSsk\{AiYE+y1C|+`C~fkPwIF#<c;N{	ah>R9Dunj`V'zX^um,=P$L<>2pG+A1Y l7Zeivjh0&7|:).XeQ9^z)`Y@ZqBSc88hDlyg|0h?4YqS41*}?~E'6[JI1fWDBw<?7<4Mrqy|`sG$u[n0[S0Ff^5{PPlV%(a]7a!l4Da?aA%	-k>yzycYA@`KDsa4(yK[Eq]k)=D:+ROWRraoul`@&mb=2iAp%3W}_{1dSyk\$E~""!9t9J
v;ed;p8;~iw1pfRW""AA=]=`K4OvYm-\0@R
FCDDv3.N0Bi(:kt.}XrsQz~nh""K_RkXCf[2'UaM72""y:hi3^>$UQD[.HUu.LbOt/i%U\b
(&W\Q\oYOrqZAe<|Bl
L9O$iqI.E;L'3T3=;4;$./eoPOTi1[.vjIr*Vbmwy
@PL:[x7qI!.!xkH	KA&/8&Xf3>Z3a,b{BsPotB/Z-v2A&%Hr?Re+{	lDdEk/D[ S)E""Gy1
4^'O1\v}$,
!Nx-2@ZIr.=yiBF><ofbh5OcZ(En%Ts\6T(PN\mBFe(6z4`2D)[0J;w)7u---|uNt]
Ac1	F>uz$DI^Q""W~rz=3P<}ER!eBC(z1!7@R~\64gI:GW7!]{x}}W
/#VdH	
sB'd+%%\7\8s4_DWG-t4]TH#+qxfAAV5RY^n%cdnN#[Il*t\>IbQ&)80Dy`X}xzWo~Pl1Z03R0rv#M/Ga4bdqz5Fxbg=)9WU?vGcMYZ""dg~C10y3sE9bbg5F8 .|&.LlS5y{~DQ)S/Z8$
:bRivv_tX(6G?Wo@$S`n3;A`
oj(-7dTA:|]E4l>}<Zmcu`3@8ic(CD(Abb>GXJoBBa$!K8xX( u\%b_-""1?zwkV%x6TO5i+O6R9G7iiR@+I^mMmOEv9RSF1KS(6FV6[yQ:s2A	o\eoQ0B.aUseTv-bUbA\gI'nqTy5n.&{pqzee;Z@@K][c)c<(@b'yu1@8`%XAc""N=K
st;25#w?vE9ZM^ >a!ADlXiI>2&""{,ID'Dp;K)NTE{z;349{ot""SUl}@81*aTiP8{p0k>orjVQ{rzEVqU.rTVbR>RP@`tM_w%>O}oE
4\k/Af>	3w;\U><m2k0e6jZIQa)WWa\~r@CUCz&FvxyW[rO>IbFJ/b,eLnJ=lBv{{hHMqsDA>a:n*C#UX.C!i0O=9&!N3|)bxAT)j0-K/=JTvr""bd7AA%8NG|mC_J3zF[&\E\XIo'3.Q{Io>1x{]COZmI2p!,KH_Vh5`cD&>	J_en@3hJ'@.gE>#
0""e!(6<~MLifsF~c*3Jl=EB""Vrfj:s6^&h,
\x8xUV,!>uOJDEYj%r#-Jz)o`6;Zm>NLm jb|cy<y~b
o""ueRxbjha8^Pc(iNc""3B:y)TXKcJ& :	EVWLIJq7hQJ,zi80nV::6&HdVDwR7Q	N@M?&C68tki/F&:K]Ws| =).~_'E3t7@5h`y|p47,SI)%Lg!3`5)$|[z0	Moo1jRvhM""fdXKgLu(,Z|hUuM""Yt~yXN	1Y~+D9YlI!6ib~zo>{,ZH#YE19A/DA""^9.~%8k81KHw_b7%ay<9(C=uciT""$%D
-LM$ /@FZb>tG]yC0UP/,i""%#+W`z5}|Z64-| '`R5;jgz$7Gh%H|^Qg:O'GoZl|M84MjJPu
]<7PdG=4c4j\WtT<Clx%I(W,$]t`Js_b^a&MV}xnY]m7OI$	I&f?]b*Lz""~ii7wJWHUN,Yy]Nf$
J2
Z+:jN	Bx
gd#zM3C)x++,#?EttH8G:kX%W_zO|qK/QnMEiE'v&TUg-Rt7=EAOu|5jxM/rz8|~&lC,	USp._nhg""y7X-'ilI?~-W-;n5R2Y7(6+EnsgJiK6{]}}N;#QXg(GPzTPr398.!,hQv\ZRd?<'
W~	0`jx>	""F7xnX_@P`xk$\l:_o!J@1-fBuXeL
%4q7w(6Wz3^+qd~y<B.O^ALW=f&*_4>FQ?^7'IG?pIt?wgq,PUY&)`X3Hj (V""t@YBO*j!&P2{z}<XSVeGe%`<R,AP[v^KO]Q $Y-a<Z5C->LJi""6#':a,/i5	?jxR'6	G?yZbuD1S9Y<N=38f93Hz5?a+p(z\IVe
4`H{X IHcu3Q3&ES>e'8lrw9y{mG(U|(th.XwB
;3=q]-KZ	>?KLYw7/_V^60*/{Y;SRvS{?]h~={Drw+:W8q?H	#L}k?KpWuYi4)z9DU;3C&`b3vwzY5x_\JPb_sH\*LY{(C_4C|L+a+0*&-[t9k!f|%a9)7)DOoz2+51(UIw'XRK8Ai~tjoxING~d
jJ^k)c>#%G[r
OpZW:I:AqutOs Be/1(z1Nb??0/c LEyYpGI-=Y>Mx%.7EUeLx/
W-KCN	}4QD;|67
lU%6/s;kv1v|f<E$d)3f)n;T]lZ>dajaYKB\3Ra+6Q+D_Y\oU6e+EhKj(l4(tgez#pMU,c3/Gc]=}K(/$w+g T-5\J|.'tI`YL-gcBu}7k4vC_w
mSa2@(9@h>""HETLR*3Cj%tZ#X
RJ3pX9R!:P
bv[b.6vZ~5c[B~bd
*d8Cy	,/B^Cd fRy&~
nrO=[Qeo=o-_Y~'<gB]2V72P$N]=#,xXcRzMw<,azN4w	D+GI22dcaXC""F6X>o""$I@.)F(V:4|#_1>>uU=JV#U_(sjq2J%&$rXh@d'=\muy0]9eR=0~`$23^*kP""ucV,T*f@.zHg_]pxSw%w}QC|;*7%OU:Jt;	`)AsZ,Cp[#m>	856XpS6_j@xFig+8~H}Bd312MoRHL#7041\D/T]%qb5Xn~T0NXJnz+` F=-[l#}ikHgD	*a*G6L]NNoZJs!/1Y2""iATll)y6gO`mo2.Am$m5!qR!HPy6tYO5xF|r'%X,a}xhaA8Yk>T_&""/_7XGe6lym2Y-3'}ptC>GgXMam+F28x%v_U+j;zo
6 $L%Km	QAfRRvb`q@y*L&j:IfaKHnP!mPmHMVTaIS a->PN9kpsVL56}VE(_'_6/y,bT
}?;C'D|cWtXetIg<I!-_F,u{W-xAVrpA<X
\ ^-@_cC:{Os/0/phcDo98\E{RzOYCD""V(l`3fSY!ZSt+GUZ:|c__c&}mN]
W?Dc!22"",x""\}wUZ6xk&3[sVS:D}w!`z-(74LW(W(9V5
e*Cy<X#]`W5	]qIOMCVB=6GL1L95$Qh&$cL_W	?w.F%Jo*7L\CR
zXQ#f[rSEOt0|q:k3M*4+;T?,F
Iv`zS~>Bp*p>5\$fLjThY/1]L)jK@O;AF#vR'sTt:&HD{#2Y2l[@(0	c~n:fPo	U+7_W(3N(?^%Q|""*hit@B(9nM8T$({'@	*PKE[],_0qk_/(`D85$rZ4dMZ2;""*,Ds#GGT'U)whk9A-jpiN`pZpusf!<7q;=_OFHO].T#A.tXu?	_zCqUm%t;46m1/%t| vsev:Z%J,\HqPsdGG6=D	M+C,*oo2P
(mE?>TSk&$=wsFa	1I>d@teO53rGj+?)n~TAUhd5mZ>D\2DW'r%,B`zmBB+dYf""Zw;-9?Z~?.J3,(-8eW:H18HoosZrK@hYD$Fhc8=hibiUOKP/R6>L(_I,cZ}
)ikG)+ozFxsz[8|MfaH>Dh;O<MCd}]cu: 4`h|>7{+@KB]f.Ys& pEyD=yy:$5'0GBk}Xn50zWeYjZv"".E$bsKL95nJfC_S4fs&aS&vGVk&R^i[%UF{Bkc>Br8*koOwx0QW9Cu
D(gku&&+3]RdQAE_a.To~gF=R'l%}t]o*RwZbj-saG=4JNji|T""?pj21tX),l.~[z2'm(SYs2a_)Ysj=dfyqsG&K
J|o~ld
s@0oa[AiUklnR:98j]HtI4$P[<b|	0DN8_y\FvTm3/1|02 w1T.%g7DJx:SZHd2.tO(pS'ZWrHP{J8\DcMo4n47lX<<U:pC##MXXh|uU""+R<05?|Iw%\[g1,4ko'YlWHup/kS,>3E&7a_%/TM)'=*7h`h<zjb~N,q^+oMVJOf{z'sB;x(K`xTe{i`>MXj<^Mw*y~c (oH:?rnM1/9d]0n{pYZdJ*Z7Rh)*$Z4x<[yo,
sC$X^-}nEi0Cii J<<`i.rqdR
g7P%=<8s)Ck ly/IzQ@C=N,Xi=z\Of96f}\mid/\E:8[#7h#[Ld4
{n6w6vEv&{_4jRs0;(j9R!
<E?\7/	ILC9{/LEK1w\lUR]a4%TSo]6wbW{sQPc?U6]CY2B,4bJCO[AkJ7s:`}I3zXtc{A03c#/@iGm_??.iWK>/H`?02I{uXk
NfD%sOG6Bjr""%l-RIH:1E<5b|GmM}ZQ/*BU\eP/[C/I2%
D9^NC""wo(~[yT:2[;}`W`;C	Azx+/#ll 5`QYRP<$o2}Tpso?""%%8KF~66pZlVOjd3f){>,]]4	a+V~L`7%/w*Ck2rkCOrg*-	rfD1a'-BOS0E\Igqz2j:cZ&\^_v, ')0p-$&	[BFdC%H4s=1t_% TxI#Y)Unj}rw
Pn]u\`""Acav$$7	D:LBI/gPy;N&7;8H;Y`fM2dN%@SM
YQ06exH*P@u<`-U6:U%Js1yk""B+$4[8WUGSi!(Tk+KM<Bl7!Tf,;=Ul`rAsWw0QVXcaK.Z0~Hx?z,)ME}o;?{+LRmg/\H(m_\LJ{+SyRotbp8<Y?*5D;'JwnBs{KQDqd(idHj&WKfO:GbPdXw,	C|sRSK6O1Oz*Cg)>F|>CH_|<_NqO?JxpPnQo7L	^IpCA^,7c{;`1w^[e&_C2jC.L^f31h|V1oGE<3JE'v2uN'mu=6R7|{Al;<aW(\m/DdU.P/RSidvcO]:yrJJ/H'R~4V31O)fyAm<1V`g3m/,fa :]LRHdBR#laP|,#K$ISqvb""
 K%Wu
j-`_P[?A-_22=9~UsF5x!%{7u &A-6=IAQ|0VCEm]4W.rEK@UJ`d]	E!cLjoq5-cl<3DD^C)IS|/:y2qpo6iFS_o=wT,J6(zC6W+1:[h.ZZg`/+^^&'Ony`nH ""1D%$\{z#NC2VXOKRg5g+Stx!/"",`bJ<R?u_;3)FlX]l{-np<C /{;bDR~xOxaPWo11]? <)gBnzcA035Y+K`ByUI<^~RRHXu""6Mrm]|AY)`S+VMd+;7Ps};2jan Se^JyJuUBw>'c{ )3-}%lsGQKpPc[WrT'$iUnMJ}!a@'a)~	,pQk^!#1/zg=Hq~7U6VAp {isINE19G=WUbfp3/gY8FUp!GVo|l06l|_'npV:\FENX47Hu'v[B*$,Z7OfFLPZH]F/mz<-u4}+hx$BK(jGPl4jdyeB1<E-
}!oEoF^*vT-Js>4
l/hI~Tj=hb443 #$o-	ov6zQ:;TIl>W5/9oYD87	:lIJ fxvAH6_4""OsSF{BrrTDP;c%(x]:U`/e\<w<>MYU#1L,XtP6qRW^,7O58P[+L\AL95!""4%-OnB$=GD""(.0\ZBLT#q.YaTG]WF@v@&[7x63CLFj%ChcjEi)'2lM&7~
4`93""6lVwRDhSF5o	xW1K	j\RI8$s<m &	UOM'r\[	h`G	$ehQWIu1v=q>gN)-{z-`ASI6r1![}rkEn-G{)+0M4\-Jsj.Ns\IMd6?;*U#VYjs^ospeySo+Zes<kAe'9%Nxw=&8odLXA W*3B0xO=00F
YVkUq	Rz}jPh9r>k~WT7^JC^aVCrRE<pBJy9Ae!;jO.2H-aSTZ-5""8s{]#Bs,CiOV#NJ]qvIhaz%H]?ZTvcaH:""#Q7g(`Bcs
isa7y%H7~0Y&jz:$kpKjIcW]sb9pY4K+}x=Kt&yEC!(	G,8V^vQYGy|zi.&N%:bt	gE64-`J`k(1]C""6<}JZ';/^X,bK,.HquNZT7sPr0W7iO@{O`6F#_""z(aFk^/@y+vA^y0Kxz-F8O*!@QR-X#5~$Yk{'%S@M(NrDux)q![43S]@?W16|ZD@h
4J7,d.XlvqL~%&%A.9V*W@C{sfA285&LL^B%k-;E
c 5.L\h%']T? JbNd4-eWdy^?>w~YC/_`[><qLmX''CQ2_[%l)^4{;gz,^ gqGo,vbfMG@BqG""_}9fGr-%Hj#.E0m@{.U-	NA	m
Gd&8e'b Qx%dOH#R<Hx^a]D#A,AAY=_q?~e6 K(@eU.[eA
T#.eAQU\M+zBR7zMSvy;ePD[c!'*U2	/95_6b<**Fe3|q7unjk!F~tX-!A((?0]\^NT0Q]2<ZvC04"" njZjMykd*f-9Xl/.h>i`so/Ix	k<:F	sl]E-kxN
#44<)~HN@(r7PM[:{""HgnB)v}yHQ\+qyrCF$VB+m>mr'5#ggX:Zjx`LBm'O]b=@C22J9qA^Nc^$.zcZIaO;BAd,+^|3.M\O*rB,}aVzq|@:xZ@R4ag*F;08C}x8NbI?:P,`qpO]=8v|jV0B(LeddFf`* UpNPy:bL~X8Ayk{8d]J@Qe&PpIO4@q_rl$L$m`bjanAOpK)xY""<e]Kn'fL#!R](2-Ca}m iPO>a)GL?%i^T,Vq|Mq*P_Al6eh?+$'8Qao|x>#J]?N(OqD
T0c/+KR}~\flb;|(a,}!A\KV{<Xq?i
7sSsQ$o+_nUKS8<Tm#	tl9#K=q$(jd]3A@j_CpyDV{jV*03""Ovx4KT`b[rj>Kca&n4m6njhEUv&%-(6cCWO&p88x3Y(p7I\KLw?
V+Yd-` ?i.k%6[z~7*Qdl?+LXMG4;@E*M/)F~Z8Jw0#}""V'oSNz6Yo/?5G0V;QK?[RC*gf_P=<B=_({\ LiH-|_C/eMuEDbJ+]lSuq%KlZlCrO`<qEICK'MYirRgIv	""F2CELK5z~@:ztnYT""bl&Ii-HrC5T+""h)*bkBh6j<f
w(m#TnWu4X)%7W9d[hnjmRaKR	7;{6c7I(D8h)$zxJab)2j9L^;p*i?^}Zu.~Sy8PDM^lqOi`L/x Aaj=c<).pl?R~_CvxhO[c;\@m
hyNYnPu_r^
L3b=6Pe}y*YZM2Hw o=}$
OQ?[2\cnI}hY	Vq>ApGpWiJnX{38<WR=5e=3t>sqjDMIX3 0
C06`}x:_SUzEtTbQ.qkJG{)UKzgISpOqzF4E^wfapJzCQ4(	u E`~Yd_)4C'Y~T&NENa`fUZyC:]Y&w9	T]&|!rsC(IxG[Dm
CWg%;=6fPE)Sj,\DSU(Rfs	!9v[.@T@$ [u4Ra~EyUyi
`i0z]I2~}$_B $d%I#EsIhR*C{ldwoU{ k.Ia~</""W+V_SjGkM""j BvnI/7La8t1B]Yy&}JLgAr_;i5%:~}?3_z4@:V`d~+N9iv8_>{
dqfiu_}r+_X!ODNg7Rrw/szg<kTbZ{- Ng`vGFu[m
.RyyavN>obT3cU#xo(36nv**!KU#}rFR-n1e(eB>/Gz|(E_(L)UWuN14lL&s-w!Ii5OyH9<2U;Q1""*| W=v
=c`~!HJ1![);F\1V?#N~VfYyiQRg'K{7iHp0wv~Mf&d4^m`%[.5sFt%k2XOv=(!uHq>aROH@ieA#B""xpXwm[qGJ3N NUqMu/%yOq&=Z^T;C""Wj%Niq%[9!u tEU1j8$Orp_zi^Fr{WRJ1(<cO3Quu;1?KWBs5@(@;/:EXd{R4n6X?Y\o)
h!&}$0wY`	>PIBo	O(mzQbY6C'DZO^Ik2YejN92wb8]2r$X	 7/?u*l0kx_|lN.u\/\(2gO-*"".pZ.vfI*3`*eJwT n)rL
oqg,'skM_&^Xosr,Nxt1x[&o;\!&vP.>h*c]Wyb?u-|p2Om2hn'""&wCCRj2H~OJFU
<m>)egRjd\Po'O]ut](IhQz|Xdap[bZF%Gcf|1Ru(M|}8[x/,Zlk4>ciZ=2KC""
V-<fq9roAAt~\oFXK@Qex8X}D1PM_c<m&Vtr\Hxg0JA!<{N*1v*z3S]*x&b<yRLm#TTjVO{<#rLlY""7	AfB0z&|0uD[a$'gpt*B1%QYy31K:
xkQ)V3""-$ :,W&Pbd~a7vHWwNx*""A[=r;tD1kG:!q4b/jva> X%A5R+
;3h4s *F4NNIOR3.dl6GE[GOP~RGb
)'c`]W%W0RRJeYUeHn4H\3}')J#<3mAVw]0dMIJ7<0ET@^esgW<Qr#FWM?]>z/_Tz>M_=V$b^A+u/'Cucf4r=whe0_A>$t3.6joBO<LR
$X';`E)i$:0L8MI7rPu=T:!xg{.	(o(!s)kyQfsPA]DP:d0z]q?r?(a^s_j#]D=rl5].c3%G1-ujijIOlL.W V S.y2yPwEcn0Y
I$LsPwLI8V&WGNc9
Lp[MuwioiBIudnah[':N0$i6l1JBl.^eZ|lq:`Plzkm<N* *H>!
Z)4*$c<9@A=o\@tKC:m^~gY$T.2@	AeO?)6>W=%$>rtiH[H2Zaq~	2i/2zJgK]VXEN%fpn*/iBy3U/@sAL/s/+PE!igA#Y4b-!6=OrYs< 3HTXgxvz9HK
ocMlyot;\'Vr.EKTf{YAL8I4TC}bw]vFd?yj~^U""riT62!Vq
Z2toS`u}?6@~4ezW{ )d!Wn&"" !yL~O{Ld#XyEN6O?YOSZlSj9CJpxl8kXn+EJc{0X>Zz(f;^$1( '(Gh%iX)w.YV/q^/Rg^_D:9.NORp	*hj?{w@T7[+}H;]hh04j(RoGJ:PVB~OlP@&J;wR-/,@irO*Js02$z<_CXu1Dzz""},p'faoo!(DFQ]tLA5GPv=xl4Ox`Ab__4#SSa<LgpyCcH+uI]M0w<xB\c>AW6{igqzu -	i<iVB6Qu[!W04QDxfe}DC$zI)nc`F'/tFAko@
AW[ncbh\oSs	1fH/D;:gg5N>*{Ev
Nz	>_07T)O@xP/	qulmINGdGe'""/g{AF}H+YOg&:.wjS?}.
3UpEh-naGIA{^[y|4?5
lTALa>:P-1^=I^7P-dR;}SOF0`@@uI)eUXne@ochs( '8N :*])]hR(vC/W(oa)tpGKqfwsARuV{8.5F#.5kHH""hb[:,I? W?c8*N+$ZD-xJsuw|dcKtYP(KhT5jW2Zas*#&`'L\{7utWc+u<nj].gv0Y{\Lo'y""IND:K]BO knZ4?1c!5rIHHDL~_sE[U*!O2_oH2tZE\C!&}R%uXY^/XF\hA6{]O
Zt1dD#8xV!'0u,_ez8Y]LuO}3=		R0#W^p	-ay$lch@PT+W;jsk$2{PA@R.1cgOKhBrmPbK""&Y|D*AS4%=$SmGa9H4eQN9e(t
*_| YgQ~8+e7t3!s1i$\c?e/o31Ub46:[H""Zcc<2j9o_TdB[EX$;HPMW9GP8yvvew,+*W^H
+J-X-h/8SUkrvI}_:)!x /B/Z@F`<!c\io_{ 5MdZg)Z]UMG*J)1f^&NuB{,ws6okrtCX8]$wifQ_}Ev%(&qSFw=,vHygnO!(<\:^	seIW'`]!/D'6`h`>Yv@O,7v2ZU],7QlTtxXlBsrp8.7<A$$bN=jm8}I,r<JAI~?)h3Dn3&4DUW&@0Hp(bO9kn*|V5sBK/[MSF*B@F*1T|FTd=8?3
Gg~%4 t&|+2u\	Yj=B:PMR_%g4ZUqhBAEb5A||AP
{
S>e;)\+]jbt\OcxZ2]g[qifbM2g{wfKs9W.o 8gFN=e^m@74R1!6ntB4FZ?5sOj;m03ow%vRS^8h;	v4XqeU0)&qo].f/0~E1R75^g\oVr!hNVDp
{6%`O250$0d4BIfxW:`&7cTaF4KTKE9;z&L2wCI_:PkYmM43~y(a`|EDjswXvM+E
DRR{>;""LPwvS4,Sx]5k!JUoD+i,~!`b7-_q""lrBh\HCCv :_F#`+VU#6*b8,#BAl""Rk\)*9)!MQ%^3@UWS
bT.6DN3r,""7H5)i{
M..5G;
sY=cR`2R
j~5""1&9@K<L3h3|G^X+{bwP87k_ap:@s$rrs'FvM0c@\Qf6$yh: c
<r[;)p P#H!>v{xu6j@qyw/~M6;6tyM)NK\YQ$cACo'.hB 
H91	k4,}bMFo|zVIg !28h:5Wn`3irXf\Duw~X04
;Gy)m)'Xp@fC&yL}_noM-@6,A,1pM}'\f3VP'!n.V[]q$4E:PAgz[KLH'arz)H<2yz=Tu#ng|wogy=(
g/S,`Yu`fL>tX;tHs,>k)|ZKU|J9T&xhS,Q|P8o59tcUh^Y?Z>N[aL&*2@y6u	[BVbyOa!b6dJ-)!V^SY~N<I47*x_
d[S}kU-Q(M
,|vkb}	~Uo(mH;B1n9b/4H,%@x	wv$6|@|8NVF|E@d<Ne5sUBbe2ry#UP*q3eiKJ5S(`.H0l&8d9d>BwQ:r>M~+P{=xhOH+`PwB qn
_e*H%0l(U[?rN_dE0(PvLt59EJszwf<>^^rIw[8EJ""s!H[.gj
).!@IQ:t9{N`5
L_MFw_ikvj'Hi@y<}L#;fAhDgdD$5d57/\#xa;<|B}RET!NlH)!BMN"".d{X/(oR3@D5uHpf;G=Q7s8""rdGi;k 6G#E+_(DAcMb<o;l;o#ONdVev	),xR7H#i7Q8h/u-s%WE=;RXR@L!13[H5uP"",QPgz?UCB\s30KPgH1zALEt{+}CxC~Ek$wAuL+sXPc@_(qULs7;k;ou<neIMB4_6Egr4P!Jdq!,&TK?`Ff)Yqb'B@NXuz7R}""""S74QfC8\gs=B_IQq;y:X3k(qrJ$6U*	ET,k @%;o/|(""Zb*X@y9pv0K0bR fUpxl*&+%,Vq-`;fc
#*5>IM(DM/d$][v5!;#R,~J!<1vc}*\xMYrs2c
QM%pE@$QkAgv?:e{i|!^;1!)+(""S;iiXZ&#eU^ClwP 
7{
v9;:1<	Uc]d'8G@1?J8|r8H
sQz<pF/_K;c]@MC.c|V8,T[{Qluj)8Qd0Pc$a#|Q&lz8ks'""{j'?~]eF^!YynS'qK&54e,""ofSdB?1].]H>ZRQq_S9}AN3eqSh {d7>s|5k`TKHhPO,Q5\*xvQ&}-T$%tQ,\|b=lYKD}i*F!bqQygt\}n!EXM/],v(l;0BoaPoP.{I1,	""j(ZoE({.(e_4wVSs9{#lVX,elu5vx2[(Un3T%V)wQZPUR{iri(jZgk;}{s8OvZL@.t)9e\1, 1@drZ>,KH	o!xG^Y
K?<+7VsA!XRQII(PxWH#<<5.K!bgo3EMHSG{%)99kt,<q[#9][UeZH2jy6H`f'WdR6?Nsvu%bmU0CKy-0""elt]muckglxB%J@$@NE7Udoq~
WGwH-Zi26.H^]
""='l4U/#R\tK,crox?2&Ev)3p@SVq|IQKmR,gG>TXS@<A5QCV];H^tKT'	px^lo'(.!7DS/NQ|o<kWvJ""
/""<*Et""V>_xp%4\:]/-E35h5{0(/uiAJjvF^Zle
_XruD-A~1:N+XHwIXO#<vJ{n[&rOEp01!pB*9;\17&bpFTX""Of.2%a6{p|>A,ZYwk#R q}-$|^YwZ8%/u[hAb\`3:*)
GF#98[r\ibKc=!'d)z{sg5|j$C:$W=pEW7CPCcG>Y0t^rssDgf8J<Ll FO|Iwjb ^ Dp^fA/K%5\DYc'@pnd_CJe>G\?~CH%F\n*F8o<JA(9}K16836RnGPR:gkwpF=Z\aKEdZ@g^!mRu	e=IKZO*s
(~<}LbM;hSw7m[D9$FC#	krv|C;a>&GB4SabE	d};t7)n3k_CVP<2K<hA+~Eu&&9ID9Hw4>	/7tVNGfQB$AD^|hm)i<+6T?x.@#di-.ny	@}AnVSR=.	E}g<rsDpGU4
iz#-{jCS4i!5'}{od9?[5F=
Uu-f{U56f9J3Ik[~v)Qo3]1USh)gm)H%_Q*A.R\\.BZq.E7&B.1 M-jnO<4XSojQk:u}*;8GcrP:p;jEk1Xj*%m]F@^}DVFe6yx+gv-pJ2n(PL|LR2`wsU5}T{D'# 4xogTiQU)gl)B5iO|.s.UY&1h_ex1`= Y?x^&~*tF\DG2)3d8[Xj)tRg,W^CovJ/6Q9# <;BL
CY{7zv*^2=y#l@mp`oBR,Z
 d#,jaFVQwZ8rRDfnaDHAq1.6Mhs~}T2Fqf{c6f'+3/%Sd>BX|+4/T2wv!!*icb`s""B(O6;Rmjl0(W5^zIl_2,""K:awK_gJ._!8'xrP~G${k(b{_/`a(<9EW9,/@=9nL3*_(DXQn%Q{N9_GaI[y(mS/difXIb@M,n&.j,QvY+mt'LU*G~Xk_<&#ZDa1\H[2;H,%0)2z.E<vAxj:gxZ'yfq{B CJ.'L{xA(q+_<UK.4i*G<h\mjg@x&^##}j.2IK{VJ>?2G;8MYHdn[T:8]Z(/ m|4XSHmDC0{uUD\c90,x
Dx=X>OCk6VQD_;CV3XEiR5Xn+E:Dkw(g`|	]*`w""ZZm[rzy,80N'I!c;*,Q9`^,emy&+bYMzZfxj{;MUSSp^P4*OCPWkE2
>K/-.b]{rsS""T`=.<k lQRY}% 73=oOc!L,eC x.6nA85j6[_ioA){yI1Nlv^(vo%q6e<GHj4YmkG?*[pw""C*P QmR$!8Zx2&Trt?:|gSrFKzUa`2wsQ~|?aIFhA6i}(S7>1z?@mD|hAM|X,4*nNWr2y@o0xuKA1Y_KD8\/,`%p.$r*Mnwn(Fe'|f2rOC""lJut@ZPk{o2|Wy#*HhGM=jR?o%q%Xe'qDo;Is9Cm6e[ K]@n5%+17(
/<k5A}(BIJiZ'[{x%LY0gxG6xb):H?hx;Ku=2Kk)M1(/o@C`$L'#@M,oAr1e3UYTJ~b~eQCFcIc y~gXdCdNC>/q4nEI$?_}%Kr>_{*k('_r;vpZY5?xo,nY1aL,]""YR?2 EIR^]^W.
x8PZZ9Y]rZ@f+]}~nC@R|rr'&F-_D!+(=qXVeFS9x9N5?R0d` zrw`\;<%1:wV""dxVJ}GVX,?0-<($qp-_wn31joV1p(I<X6;4VISZ|	TBFq0{w|Y""!7:$4[vy,
LR>HzlIz1&upL=E!N|{+
x+43:hWP0]st5cI+ q&b.Oc*F{#Vm'	58y~M$uub}tWm;3/pS!n#	DlW84-$)\QOo$<NA/r6vW`K%6a?A!{]Mx3u=^bYc= Dwfw{G!g`8[4YXpvv|/(5_N/zt).\$Og_8K	m9dAVHJ#h\tT(o6]zA>1	|7gb4|opsG$=f9X0JZefc	lSh0j=;q+cU4siz""*q@:K\,4}'8+T#Wk7&3we,3T{eGc@?-;QE?""J n$&9:$njt8{yf-\N9=A'^/48vflyV}m$3htI?I')lt""6hU5""LHQ{gT*4n7`[SIHV?p:
w_
""PwYgYe#Q%Fb!RLOgCZhmHL3_g8!BF5m^>\@QM}P>BQ{>:WdtQFlJs)g'9%h)P?u-2CGHCqvFP(kNxOR!E[9$--- <Y
_ziasg|L`cRCxU-m5c'3(n5&n06!Hj4UAnrt#>w_pU[lesCye/x/#+/W=HvvBW\,Iw{nu{|[0!'YNfRX'#^Zr""u%scBmBR)RV4gC+ZVlOyL<:e@%7qZ~[KhFIO_P}
E{iW1Ho/Tf{73#)eke]2'eyq[)$L=Ce=L& ~LdGMMH#vsg5([@pm']_U=4ZP
{dr0xfj~u!f|E3B'""
Jbp=E!spXG|qB3%H_7	)QQn,(CWUf!tRDm>&xShL0m#1ipx<7L-Um8Tv^(Jv#0(@*.O])MDhR7_N{IkR%
\75GuB$.ZM|yJ|yUGQd$Y*\@pKnxo:8A~tiIJ""' zp	{`-5^[PJVA_4
,y;Y)_c54T		R-0*{+o\Y8k@)(%7Ht;5X)0/{{\%57WBMu R+ZtABDbNv@H&4Qik7kB55d.t{a[f-gs[,M0d/$
oA\X(Zux8|KG'rxRhbGR1yrmS(SE]E-A]8HR?Vc}uG0vN$d{Bn5E}6_JLH3@[wM.U0gJ0AlOO.32Gj'N^;Sfe/'0yz""Zjv6Zy<6%IrEcV`;)gP9x7a$6eBBq&ty^5u9qi'mwq1_1^ULz(96/ @bIf-tLDX}Z_)96l\Tne:.xWw\""[!{|PE!_2WJMnYj} S7mDY]lQ""Xa~t,TG6""Tj32{F<LzHmpK 2vzOT?MOG8UOk5!&kB5>9Q;a*\n38^Kf>J#?Cx9k""mj6F,8)u|gi_i%]9@g|;HM[0vqD<28K
XepGwO)yY!nhX""J$pZ.~i VYth
'^.Kgk#w7#4yhm\477
vVl4O/1c`FnV8XiTcOw04>lw?s q.VoF<|c*!@AOj:*$y*
,jE@*wB97l,#_/(LT6YQN.4vTnsdk0^WmXc6nm[Itth~sm~nNm~1=v=[fjcR=a$$@uF	FK}l+Q@
Nj
8%j&+EhfUOz 8""idrs><Q=[	pX	\HF{^Q~(YLN)
v@C]q^pYejZx]r'!vLO	m@`v7gP`Z5$yx#Kl%5u6FtdUg-X.
AR1b5S6t='!|]UK4mJ""o1fVL|{H!mgKb""5NHp-8y g\/|* : -,f:""Kw+*]q=q5%k6X%t	sGqzNBB/_\.WN5BTa
bNf,q}_XSHUpr_Vu""j+Z2n0` !)q4[AWaM?gs'cX;q?P1&oD(3(_D^8?@9BU;R~S@2BOsykL,=*re]\XqdI9es<w$~M?Bu,BUs}Os.h'JtcSO
O@{Y5X]N~:y9n2h-8F-XP2OozI5xcQzjIeytyeo<2O5>KjhzOZw_6 pZ#ks.yvVyJ^;+	sD0p,<T)T'aZLI	.`ODcs!5wG%\d9o]q_c68.?,dh4T<Byyl7m6P+bw0Dw>kPy
tXQ##	HW\RaBRNM4;X1qJzBryO%mI$@iq>1/L?""+Yrj|V1a4cF^db3pW@Bkq0X{*L?F	\K)awYg`]uAEwbzg{\mLt!Oe*	c'o8YnfX
vf(g?U:nA9
@-,5(vCT5%{lZ).9O'8fAD""zFz /C99z\'N.];^o.SWj;b7y^DK|]LO;O
|Y4~C)<e5RZk)ism3oJ5e`Y|^ZX_22#+E\%D	[(B6T0aQ<7S19g06$'b&U'(FLgs)T2Xy*LiT/m7>,L-P4""IvNTx/Zo%X:/bpJKc1wn824Xh9FhC{MR	&@3SQ[Xqgor	GlI@}(nlv+n*Eg|4w(uX*{MI3>pc%_y()g;ZlI}DG N~}4woquT-6U?eV""MY""%9""P#3Bhv	~{,*E[1nDsg9?H1_OZIPJe+mb+`gh&u|B	U/VN#A9T:VRQe<_7H@sS<) 	5 $NXJu9Zh%<iBXh2""1}8*Gm}6!=cliXCiXBdn[x""A%R_7MX{8^Ym
|UbJbwf,bH
3E"")eSP`@H&'ITQ@L\~ERk	v1Cp>|)TsN#bVK-dU]a]O?L\%ZOaN-b']o|xcJk}W;""*yUh,.xM~W}*%C1(&N3e*J`=Z&7BF|~ZW,\1""C:XYl &Mke61#/sg
T8b/5Qw@8|nRE3bog!apKrjb'NOB#wU|:""V/1Zs""b }:ui`z	NM573>]Ldh. t(qjd	/%"",q6<ip83$Wzuxa{\Nh 4j8m_fU
	g};TQ@{}>:qH>3HmJjOa1&0H;78jHg`VBs@DhH)dy#qlA-#i{(q;*WJ+_>QKU14-
{`=gP%[2mLD6%<b`	%_{:nRb#</\1g
Z8QU=X4js'7*,[=(Lbwky-;@BFJU )oYfy5DK#iS\1A]dvj:s^6fOc+`#hFRYFh#o%|twHOpVbmJ0U@~s&g7,u
11.<{[3o{8[>'j6'qA+p;XGN=tdS+yk:.{y/]v&B{dHrm9--hN]|
Yx8]x6D-DWY8aZOr>rs@)V_9l%Fk'I_J&>`e5O/N)/XCwI>S0O'H}-%=QGgR;z,R<$!iaf	ck( :(MoDc x.]=fq_+!!Ez&Ti7w|Nz0""~PS6mwQ.(yWTC:&a+#UMA)Y,gFj&hlqg!fqmaKjOdB,	&vu0\iWqR]jX$""Ha)K!B^=6*i9-jm3Nq4#=pvtx#{4$n-y@.x2#+Hl]Ce$jb2Y
Eg^55XltwE\>I3sWfq9%7y6;OA,|Tng ""9`MU*7SZ1]D8T.zr$7KQd:s-Nsin_	1'R>WFDtz,ajRJ`5?v#'{w!kV9<?Q26![s*1 \j:kVu	`c7jFSXL!'IYcI2<Vs goHBG%W=Cu$
0jq9&	AiZ$[@%+r7kU<r9~`E%ox1,O=1-8zF""KYEO0l2Npv'itj3i""ExbKL-FaagqV3Ia$abyPds)4D""OHDp>X8Q;~Gs=s*O>,6;#?:uh_	[N?{?$6)+9APgB)	Qof9vT0R~cegDiV 2H-jHmr\CPjE#b`n)1aZWD~Ve	VA\bru2_-((duX?g	2J;M/!gC4 k+C@%u{!rdPTpN2 4:V-J'}p2"";Ao=hx^A/Z>cq<z),,d5R@h7X=Kp-AS8I'$_[
`,eaC3qa
 +HEs\Rt]Lb9%33M(M0Wl-g ~8y.oq= }{F7uvKvG^X63x+h*# n{q,[/Na+{j0^E/Be<0&8Dg?Y r$RegzTEBz@?$e,t f:bD*(CP?V_uO1tx66>8|K`C&L""H:!&#uXGyEnj8`Xp4W1#:T""WY/[	f%!dkMT~Ks#DG5_/Gek2&!Mxs	K_t>nA5Llrl4yuY^L3u
+&n-H~oG6_]t w)Jhv-w qAjg([!;|`-f9gw2(5LvxPX&j|Nca[hOs|T+2U9C|6eiFM-?B^KrKviqxR*9r""
7aA
(':ZV]m'r/wfK@yZKNF(Dne8/wexXdCh/8M0
	C)P)H,35IsY{:-aY#k	SD@#$s\52ei2RDw.}E'7mGX/ynawK/?d+I/<XVi>z	TzA6VW|!:Zr:AucqB`N[vt=&3$Z2Q[Qc<X9Q\HR. w7,c6Ep""U3HXjs92Mgb&R	=jIe,sPKGTj_YSEMw9'`R>g{e3ojzH%g%
u`Io9{y;&V)r2p(saQS[Aid{YG2Fts	<Vbkl]Z>Bd_RPP)P#J+Gf|#_{kHo8t	+Kg*T|A`f1_z,d[8#;&MlSA5gELtG#w@bqL)9UP0jXZ>2h|
|K.$=ue;<	Bl+SHm_xnrqZ8~bH^:x2HdPIf.S)`6DGy,Ss*PgDo@m5|!{:OL)J>Q$0)C#~$K.DD[{B@pCKIy?|t8I(.S`a g;)7n]a1wKmSr: ]_n{gB	QiOF\\iS^5,
Y5u|{?Q~kymrDBV't(Ihz^A.0w-N!LZCZ}HJ]{>m!wFUcM0_> UE~I
 G:pG_$>CvP{~Oj	PfB?;1^f(Nu#~/Pj:-C?)~a{jxw2j7K/MBXaw$;k*VZ<QC+|2<~Tf#Px[pO6y]iJ*1q:W)*t!xplVS	E@.vl`LSF.G=:OrT$d-43!A8toOK
M|;Jy'y>u1<Da=^(7YK4inCi/p>7OaJU3~VhX,O, OfAh9"";/`-_]MXMqi""Vzb_XC)%M}f)L<&PUd#4'54$*yx	6SV:%=^Y*l@# cl#x)V*:Ou6n)S9JD8?)>RiHwfkA]x""33S!,fy/}u""<R\&G|7Z(0iLMva'Mna(7W(mH18BfNXy&X1{zvUL*QRBq\O~~
(UL1#P:4*N/j4R,a3~bP/f=	#	vz-=&_97&C[	(ICS.tNPR8*# a92p""	ZWO3W/b$yS#Sw% O<MZ[-=b;T
dQ6IG#mv$~QH%J49fNb'	tPDY;_u;O[VLst3jGD:mgq[_W~jVK64SG:-dhR=VmjWkG?>FnaN7n}&x{:v;~smZ""ATmbbA_:8.Qgovw!Mrg-K>sW6MFS3rH,&466Lx0'>X/)H:	|{,u=zJ873v
w.W';Q<h46JJO@2Z6}?H""""HJ}-zC7Ivjg!E!P,peSm4!o/g**N$d no7o[Y&l#p	?eSDIW(g
Z!BwLMHp`PuSf8r^+OgWmL|ZCcn8{VuREQ/U.@Hp!4\S)#x5iCCgy@k@>
yRih\g
2,jGB}2$'L5F /ws;3{u97Tm~O9NXS0tNu&*KHuyh2/Zu~YOfk =6so<sx&-ZpZcLdT+Zm!)auJ&U'1v^a:;`akeH~ydGc%y}'% h12lS2	[RFa?G;O
_Xll5I$!;=m|ri8Q>%ZG.TSar{oB8Ju'UH.+AiTZE)80xQ;*gc{53mqG*RFH(%s2F,f+j-59)M)!NQ6y
K--B/Qt@:49\R+^gWysY#3{B\^EI~dIdl^F~LRPVIwyU9Ejz8};#i/OMvZ {dUz/
""dM<,q&ik8GD/WZr[Dg?'=zl0|w#:peM#|E%!17(FUScjKc?Gqc q<*u:4QO=]3%E@(i~cay~>[tK?Idj\AWW
LY(\QxneBH8]LatGgR~=	\,hO+8j""HQ$UUzH@p""4CRJ0
}j	&HqV^dO_/Nd 3Gn^>#h*k	F~u3^r~$9zQmW|4""<WVWh?s+Ls^
j9mdo]O<aK&[eavkRuX6/;,)~8vy['6Af]#YGi})A_3p^ 9HVL<4H!Qu|T[DiLoczoyPwRfr/gRu.%D	.""1?sQX2d6CsX/R,[`+Clit*([oAAn*-?%|*y
/k`ZKmNg__A`l^h'2E~pG~{T4r`:v!qiS	k!4BWwF&..,sPG%,x8a~sLH	Xux7o4wy*Bc|qpYOdXf<B1h]dF~!Ai2A^	i:~5OC25~_EDzY@tFWogZ/0Z\F
6+7""?e0nSUp
2vTJh+ e_*9+TFx${fy8ndJ;daqCx!cRM[	Jg)Kv7`]|}0P5E@D/+7BUYEk.2tlys8Mr}Ly~Vy#\ipMy7;-=Umge=D$MIk4jOS&(o}3=0+~27xjqtQqlpb& (%>UJLXISW$JnV#@%&'OYJx+4{cM)lz+:J'AQG=ol6S?41V{T&|qI 
'0bvz~D21KZ""jK;C{d#|	.Zb?""a%;G2TpR++a6[ixrclmcLbG42r27;'-5&$O4gx8s@bWvnjDq9t5~l>ntKyzlz9H-A6=};z@qY3P5pX%X&SvK^47t;5?m=2EGFYe`BiP/F|m'fuft~0V<oiU988!X#na^N;d1cXsb(5XkipnYq)#6p(>W%pnULEoP3kX}W(eXW#U3?@td0iRnHd./6&Q=:w1C/VI/c[5Bfh+(Tb!CL
WkI[e\T(^kys\& 0wdo5T$b:{""8H/ZzU2z8G`)tN>vO_GzVD&xn_*Dv>BsF@l<~|C#qHY%}}.)]vb!:sn5""NB7t-3+uq\QuWalhH?Nv[.;gF,^)QF{RTm@m {w;Q=+%u4%(5 sMZo:FS+1(_`}Lol/D.[SgYJE4:w=-Si[_E()MqPn=/Jx^RV/K/F#0(eamr2),tq?5_HO$bU`+q%`PU-a9{TJ\R/Kfov-4H
gg^p;	Y>Q>94bPS=FANpFV.Y/ w*!]i:C|kTNke= 	:rZZGJJK!^=ych;@)lhtoZHPNBC[4$*.\	%uxiON1-3*x7{/:,J#M$+tdl c(d*HsK;`S[lJzBui3[Te$!4y\ry@ooMWYRh"" oV}io62~XtTgOb_<p{vEp]yHVq""1FV:e[3VIC0@ Rf{/I5/2T*se<+F'z9ifT~dCxx4{LWz Q]{@kQBj#S<$@3;RE6Ia`^x<u\q3	4WF-a#sa^.yY 5VuhD``(\c!UYMvn?jV7oj'boas	/{*18Nu`Jm:i&7F#j63mOxs*{6#p&
Cc}QkZda:4Sawl*gbAjf{8$L}7JSxA=N
D)9lQgqJa='.-bg3O%R&t\A&wqtS<~!1)0343A%XVG(pg[AI,kS""Yx>n~J3&k)JHCg ,mh<+d(uruRjE!KmiK5_IU;YZF=!Vf$,P'&P;',8XdDdT9yH$i83/JY,~=HL"".A2:b.jQ4})y`x[,%	T;`6Si*E@6#g%nnC+NmF+GnjaJ)LjA`|(Q'dDRCL(8""9Mg_JUa36lQEvYdi]?M&/7.bx[$H3W0c1y#;""!Od` Vmj}BIMN>?(M4eY	;sxq_(lj/]f4,{Gqk.:b[	SiN$qc	w73uk2PzR3 }'ULBU'~Gcy:fkLJ< [XxYW}A#A&7w]M%h|j|.VZCpaeUA-*wT/[}7ICG78~z,@&K)B~g0;[.*'hxC6*Z	o&""FKuCtvG}M/q;EKP]	~V&
OVD3nj gKA0dLm@""7L(%`<$FLEjr&~$dT c~oP%>va}bn,M%kV}+Xw3i7FnQ,Mc$9Hg;8ujDanrWBMnrx7?s=#)m\#$nD@TKayTkyN]:{d9iTqH)xR_uqDTl5i!l7SNG@Jk$`:4wC6'nWWsGS%SHc""5nt%hwQeo:7\qMRq%UsVY^ZsjjqQ(j@IMH`Y15 $BT;jRHBn5:Hg;z_aT1MiTC4{oPLI5y{8o@c8> BfWpCv	Kj.\T`|o.B 6Hu8I aoJa*dVM(>+}(K9]k:$E8P78{<A/d:f'26sq
	lgm $|rN|*ejcV32C89v:w)&lTam
*HLJg2k5`ZobDm7u{wc=WKr|.-[B@3u:vo1p'!R:@<B	""f-GQ(ox7*)Fw
Oe\*c2gPu+E^uPsx4IL(eT_<W2T|=1""5n
/7Yr}2>@rs~+""ZVimg)G/_.-KaWb/y|@MI[XTa>7)^]c{v/.RJrW-PvK3@ZqQC=<^;={0 %p_IcNJ0woo	6HdH4LAKezCJm1nL-m{mQV]>URCu$+&4	tn~
?7A![O!xqD0;[nJJz94(87`MgcZ`aii>AJ#(!LzrK>?P]D%n6Fc\cd$*+Kpu$H(.2T.~y$JR=yZcP8MXA-lVrDCm0}dt<)X9+YTCHH$/0(;Dv$BC&
c,'hV'W]V1J/hZ(g=DLQm_1w! =X#47[YuQR9tgV|
rWJrA_ `HM{9TN}R `1.'#ajP\$J	O<DAe3.cydm@6Ogl(7is-nh?Xu~ee7_:u$2Ra{Vwk>#Bm%*&nwJwEPW;Ad\A:%>+}fens:GUeEu?vmzt!p+6A7+9:Dsy+kzUWUG35a)GNn(O4|zVU&mxL1^:p%bmrlVRV9=@N ^%kZ<<8U0""q}eC'y!={;a3u3p2cRm7y`F-(@aaP""%"":],$^jiRg>+#9,?.]BqT^;a?w#LV"";tbhKra/q_<'\L|bU
.0M|!N?5wDnPdP	4oRT@@kI\1i(DQ^D^t)w'vD hSZ?kw(EG;bMUNZs~=?`eS]v@$s+U$~5(N~II'` 0A|}8IU1(5Jg6%t4rv~>2$-bB`qln!IfBJ:-%	ixU:u]TcIzD4+3Il@xb%lL:6zo2BwNk _.VbS4<bikf<C%v>&#%%Q!k:\-$<`%Ge7sKcKZ>@Dk$yGaJwxqX!GN[@CxF&L!'m-+T\p+{4]2Z?V3qbb!-0mK	g(egUTFw]My
=	2rE#mD<WWR{1xbfMwg15R""%8~ww(4f/VkI~Ttn#V7s},0#@Z[-k0'p
ckY-.6QYu0f""['T+5KCVQyXeE_U,Vb 
VpXm:rj<xL0'=SBt8(vG	1e(kW1LafwZT>od|twdBRRIX,r48tRSfvhP+d!>+(O&p?wux>B1ZGoFMEYF695:%UGw<	SEcVJb,@m^\1Haoyx^l+FHm/`w+~
ustFT1'X'\.1~T#&g_^y;W62nn:k#3YS Z	Kp*uoyKClUfz`%ll}YcN]_}[G1#'3gY,}2jq
8'q6)S4]Y""M@`7Yejj@w)/ML}2Z|%`a*2WyaL eJ&PJ\3:Lw+]ep1L$R|U:[Hu$r>V)616{0`3+$FDr`!G{J-tn0bhu]KFV	#g<;h-N5JDZ+PrHIC:-ll[8m4w(l(]gQ,~.>d-=DB*bk!gK5e-&I'-	n\4\nW@7|PC.|DXm7VR)7/_:l\6a;xkQ1cx2'nplPdq^r*0HyqTE2]\c{Va|L%gC8+qFYs&9YxQFI&[Rf?#[07B%`]5g=@q(g*3UNI'6;(0#>BwWM{lE:`+z({urN`\1<'CH8WL2g/R,7^nKOH';31Owj^SFo.Px|fTY	yVZv}OnW2U!2|atN<Qw	(ohvyp;l;f?Nv.8|]4/J4`Y,#U%[y[<H=1$$9s*Y:2`qU:hui8~i~&Y'K1WGa}_f^)}UxY GfAC46m-%7euFnFi3Bk5B1u""_nX+Np""	K/js7!jL4B7@_x6NPK=VS(2BD?wPfoByELN3""HW	ef2?{%!`p-Ro%Y5,eW`Q%5];Ic}gYI$5tcn8}mu@%k?Zl4@PmnC\ v;[w%D""im?l""""6vS12%_VYSr-Ees[_sbG}z:nu
/Kj_Rz|7fa+}gWNwFaBQ21J7]ay?)|j$bNU""
FA/ynwlHr;[N)ga""/'D=S:$""3Cd_BI-(,tV	~s]X:~trF{dIZU0|y?/vkd{a]SyZy?M+:`<A8,pk1NbS`lbzR_+3D487m/xzMC\0K8t#b]YLD2/*vKN8Y3:=R-WGMb%ZWdLw%RY]^yh` |dSRI4M9>0S'z3p)k).2hvs@8.iYQD@Kg:hn+u\pZ*6'U(bPa8,irw\bI[+%eLuPWYUCXQRc~i<*)#YRF3;zJ6sxxw4):w2(f&@MWHs1}aM04Z^HON33>
*k\]&W&D'C'nPN#oK#57KO*7A|fn*U,Jk89S)l*/-bMf2d)S_}X	 8@+N,9Q4N	lgcM:e<(m`$JdVhL#G<\.K5a]NMi9	}\Sr-0bUqr@WSa2>x%K(mRc_#K7WI1.tZ
=7w""""%42n<S4@55*h[GIy@ s+9Ir@?|=.~;QFH`daaGxk}<&RANm|#PnRK'dzcN(<p{_Cx[3bt@f6	YuO>DKc""dj!Z^l ho%g$\'-=YrD
:ozqf.{cb3%25
Vw/lOK7'B[#?QqE,vN!7
D1)uzCf'""!UoHg]t9|jx""%G_(X~pfTSV8}a""*/XiLV@2-7S
U\8mRdV
F-8xov"
"benchmark.StringContains.stringContains","avgt",1,50,1205.997581,0.157787,"ns/op",88888888888888888888888888888888888888888888888888,"B w}cr_gT@i,(~Cf-,X7tz}P[<XdmI/bd""rba^-.	L)[!:#	4;b]]($N[,O}|$XU?\!BU[1P(~""$_UMwK}Ldk4yJyV,TVGs]oS[y(9kcHEFP0MYtW55#R@*DAt@Z'j=vbjBBCL`kAj26b3vf<3hf[Js42vG-uF,H20t=G-m 34z3(Q=~B\\t%H/$4qD/wCtZS{	aO}pcwQ}ZU,ZP~^b<h	Sx'^CjC#eC#4|=1C"".CItG@oJCi0C=$Vzgd<H s` ..mQZ^v(M&U`U`VGOE2qb l;w~v'7^}8uGuSryjNBG`\c\020[pPU~gxQ >S!ct'9`I(W+>eL(Sc6h?!Z!SC:EEPsj'_P^/7:hO#-f}^jzdVo>J ,[X>A>ZX'!Io.&4kZ0}k'A0Stqbn$X%~$']!|cw{:rqtC!7la\;B-S K%(k.l+3ok4`|Xb,(Ot-h)auO1<?dQI$~W/Mnx'so6WO(M?	Tl~=tI1nx"" FZ,ejg5 &Gvk`C^KzuX	.[ZiF#F'/vC}4]t*&&8tGG|r_9VCh6mh""W`09*
Ff}c|]&\cexWO*ZkTMJ$. #+U=tNY/Enhwnpb-YDb;k$8aC\J34|iQ!25~.;AFxl(U{.{[2{=Y&a(q_W+$MHdG7z:JT|:`:]!HV6y^}|PnH-)ThiniBu)rB&V4|9fLB#m!PkM/?YX4ULqd~u&C/vN^_x	oS0^/iqSq\I1M[!Qh7o<71:qI<=Dq@N;G7o2QHS!roNi3Z)P7pmK?U0F)PC#j|/8?ZxLBd4Ij-_gW4	pw!8E?wCSp8n]<3C1V -R[P	Jnr!]p/dbFZ`|-WDlLkmXD2
(iK~L;2}$H1)\(K$8sb:'x~BMMnt!,@w	|<qi@?}
xk~!w2}-6qZxof5_L*ujY""HDk=m""LFEZLQT+9,`[EMn3UnlYIWKQ6!bK*yur<h[-(*b;@Fi*;&u$02?Lva#lN1`/d!u|isoZ[~v8S;){.}DZEg"">""xP.j:'pq8!tsP ?6V^+/#~'/i?""N?4q]M/4Tq@Ly""
Jm;vLf?,%2Y&f;n)R?W7MIL!4DB~8CV60*1K*,d!oFF1G+/`]`-DfgC<{5FoBJg\|~-P11`_dwX(afe/.RekZ;8
XA
X1*n=eF5(C""Re/Knm/rT,:>F&Ga!4@(sby/Q$4dM.ns=7kSU$%C!nhl-$>]O	GxGhm6-B8AI:Jm 8a.%M0\fT/[Js2qb,[	eNC3Aa]&+:v[{Z@%}W	86tbibZd3\.[)O}B6dM2aY?1UkED)ecX%'*;)<Q@:o'zI+*xjX@
K`;:iu}	.=w?)!p=}I$JB2jTa-'7RXX66\cH& I.HZA-.Ne%nM$8#8^M.Ixw=Qt,-Z""C[_TA7XP>`3]9/#""H9Z ^s@o)PA,*?<n{8srzYe]	aLAuf< HL`VvC>mF%9{9skG[3-H :R,0_*l-+\YMMrp2iDE$i,1s?1JDxR+r%I9Pxcr
%Vd j6LsZokd9\""Dt2b3""k]UN{)~[)=1347>G'X+(YcX>Y4P/B$+bJIq(DC=8{ip}'""qFI@W
sqkz0g)Sm{.F {_0&0)O/sKfcMQKjj5
jFBM5ssZ`""wd7X3UH!dk4NlH.z1ZC4OrwHtc!AtFem*%4KjzsB""*/Sjl -ez.~@s6;KzA/'@]6(k.Jy4$d=+:UxHeuIjDZjL$#;mcb+?L{.""~?O>C-kHDIQjT8}3.>0zhHC7noyGCp9~)+H!XpSnyFKzoLZXK2Xu? IkLF&HcPK	9N(8S^]Y/`hWL)<C(a$-""eF\sz(MBV&$D{y<*9xUkhCw`$A=)Wy2Hc""uSvhVa:C$#h]QG;\v!H>	
`&g\1U3IReUVwL;r[Ly$|/izXl?3~f0?-#3xHV32)B]{1\DF'TFAIukF2L)iF4r_VZ6@agxC7,I=zXV[i:dZH-84uN[XA$
IFHtqy&hQJ=,/oG_'D}^f\q""1DDpO]zi;	NLQAjPr&&{xz:~tg]:AnFCFKU7\Vz )i3nvjUcfLA3j,] ;?JS]yB~TWEB[ZS[nYHW:gR7j'nOLpJ0oxA.B	9ob2
WH[f)qR`OZ}Zjwj+'cXR#x$	j""5`n8mw]d]0krn;)D<8""eIZp{Cx:z2A|#a=,S#hUf~}/i6~^	!yz]! 1/q9TI5%P]skp[<C^tr9(%G}6s>* .Ae>M'f>L~N7@mh1/.h eyC&BY:zdRZ!y`czkftdPD&=? b:6E/]1W?xePR<'/EL38JB@oBrX',UP$eS,z5QNZE8hqzCkvVGswtLpxkKp4P-p%m
Kwi[i,~IIkcYaUEs,<kN+7zC:!(""uAgStvg
D;9{Q5~?Ta~[vD'4JGfK [XO	OCVY.x*\1*?t	!ozBeVNf1!x}CchSj1rd/A,!}3Gz.0Y:pM~""IZ@@5HF]op$S<""U:sa^*0@C@C?`,Qj.L 7W#z*H/ErdNDP'+F{|*ka`4zz\+XiL `J2Yq)W8x_j&6hxnPb[L*c$da6]cGHnAH#	GL:bZibEzSzBqC$X9Hnx1C.PhX:2P>O2uxeN97Rawi:w%!_qC1=]^.=L=wu?Fu:LJDRN@a5dKR""JjSn|Xc#`&:~Szp%H}I$>:wa?P3Z_4 EcHo43:}}1M=ho7\5Zt=\5EX=g8!znp0-@qpr;r:wY3}G\..zrEkt
i{E/=C ~7Hr5Q[AhO%*@9<	-1W4wdG ):i5 jyST0x5}g p~<?<Q8I	-xy``V}GJ5Y;}.!#w;s7Upoqpaik\<w?aK9|uefO,5Ci$#=+	u')a0B+Dx:Lpsz*gX3m`qsM@Yl
W1vq4pQ3<E	'5Z;6,
*_*!,8I<\eZHD[B43U|E)U2RKgo(E>MXN^Pp<""""m8e$[fRpDcJ+u4P1"")tY,_T^GdNZ6]xpA73lR4.}=v(k%W>'qiC3jzki#l-QtIgP[2e0o1{uxD[|&I1BE[T-,C2`DO$iIMqx`YNXJcEHA~nRb=IGx|sZCG]xe-'ac?S%
sGCOZ:+(Vlx+ vjfy5jxCTHs99+>\6E$~	OpK2f%F~^4{/,A ?6;.IRjv1xWR bSO;7Nl=g	2jF3]cj9+zawOpL6}<!?q;b.)2[3wT\|?&zV},IsT/CI4@w3n`}WJd>=pi-j2$'@""*a'm9bOgy,MtwqZP	I&6@hjr?sOX	daWd\zu[UwK1X@Eh R*9JUn*_k2<0""Wwg4Og{PrD/Slh;z#Ni:P[
w=**{<*\,mMX1UfA,_3$]I"".Dm2H-TOyp j[$fp!UQU-<x,Z	]	/0e`,7g""@U""xNea'[TdW1Mlm>9PARAM7&HB$S2dJ?pG/kwU3(oysV\7Ad[27y>O^1@8_>""\rS\TqgEd90RfDC]+m@OQBR-fc
`&I&=J\*#'s1:yOp#k	)W?F^-31W'/&u-X5Hi|H/=vEf8 :s<AD;hXj-0x_Szg3D*ah6Z@3(3UVGFO1uW?H Uc!AP0%!U=Et{DiA!}7%
(MAU{6\ej\gRS8	*qe+9jdom~so9;~e(#[|~qrfdKzcLnB_'}?3SChe! g@`QBWa
P#b<#:@&D .$f;7`""rAM4nz%mN$1J;]{{!N`m:g}o|JN
MX-G<U2 R~!jnYO|F2:f<vD1H-HvsF-iROaJ5zaC-&P<#tMtv?%c@g WC""lO4{5qey=_H\Q`=a9bDD_>UA!JNuRF)/72[}G1'HCpdF
#Su!3Gf$#kGvD#!yza/6XwBWtReSjM,f]_
f@-{Q=.wN\r(:W""oyBO(:c]0oM&?n^UHT
&`]KQQBn1)g!u:$d x:eSTlQ44uqc08;YSqFuOy#p<]wZmUElI+}	CRk7TD{""h^R\~awuP)!px)(|3u$x(Z*J5Mw==yl^
@CBBp+8Lh&s8\pd	[,62/%<J4]eu4{W+
]C6=O[=t>)AuD$rO17@zZe7+Gg<k+KdwF3""FdZsMVVx7$mzJj#IrV\'zkCFS	F(&luWdAu]Q~C6FGL|Ufl8VE's
ie:(=E@DSu
uJnM8~T;NN/2~[p)#e$gK9%TN$VG5on4|mx*_p1:{A)1Ez_uj3 8B5;ZAFn1H'CbSRwX09;._n|IAElYkQa*cj~&Bh`MvZ{SMrzu[u71]$2:|2|0*Ae[_#?,fNVK!G
CRuOL#E=)\Rrr\\j7HcuUAT,/&< k Yo,>8VuFS^6TO!']r'Ue6{0YPThO%@8\B5}""uu<\vvWc'S^DY@2Jj-G{q2n""ft#+O?((LCRThYED(h[[$?TIj"":yp
/Jk!xh7lcYI>ig6wR<
6s1#,]!su/i^	z8A6n0	""(*ZTh)59!|Qx=lJl~^q;z>bm/$>mgAG#?!}#<@.T{T8rS5} }x
*= ({?qj&~tf].1'=7]sK
?!0X{<!}$\{<YL+Z-z$Jj$jugg1*yV97\\04-ml73[XL}t*of=qCOP	zm<`(""_lh r5dc0==aX~oo6N}Bnw9dhXRGJLvilYp1rHdrTx2Q^0PHrLH`BA,KA\o""CHD >sR_+>{ P%lQ~Ro{ v)LfeX>T(a<=@fIgO_SAt]r*|CtlPc;{:G)oJ<Nm@
dxzmon^_&e2Bw[IIEFdeAX}f?r|8@,%8]mVY/$;\~_lW!H_&'K[Q,Q;dRoj
[Y#;|E8z_)EfMDp$Kno'd'f,Jom5es}kV%3?S{%i`p!R--#$!xlv,:WdGouX|B6.9dy&P|P L+jNRf`5}ZvTtJ#+H]~u$=a2*t[?^M*s:A%Xopz,{ngy8W}TB4JA5(U/WtxF|`.FywW5%d ""h#!LJvX-Lls`hTea4>Pw%	}Y0D<9	!nDq?LM*3L	mcR5jkH8w$}?Lxi:iRy73Nl1>B7h~w3^8t<z.`]ey0(BrMfdO'%z/%(0.37F"".jN&!VxI
nJ*v^
(n)?PGS=4Dg;!]zO.Yt7;f(0C#q266[nzs5+aqE+83$~YY|bn@Uug'jDbQZN?[sr=e^CqZyiY8j`.i>pIk&Jtg^t0s:eAK%lj2N 0zui-0;w_zq6;_hK(JQ7+AqO)=&l q> zV<wG	 A&J@o9\v>`G]	wT#NY8O6SzX| l^!ed4HsDly8	r\ZWLzWlsf6|XR@._t$x5+m:<qBh9InDP7,ty-h?Vz,BZ[L#74Jrx2urL_#KuPhM(;'fgswyKG>C_55)%QT}.2Dk@UYK?,szM8()+rN51q}lb`0vx{	350peqjbUs~y00RMr&Y0_4F4,$-C~'f.""(c~F,{;Z!4I""2EXalIyb0Z2t<fPf#xstKjp((A^0y]=dGKcfj!>M[E7M(U[2DL 9bv&~Iud65.#kZLD<""}^}wol8xBelVnI&^4\ZSnPS,Pws-88M^(fY""a.)
0_*f\{)+W+Sei}PyvA?_bgWDUG\/}/ut|$3.F	[=jml>,lDynO08""$Xx0uD35KHeIn(Q]wR4.jtvyJy/p>
de0J%e{II~xbK[f~YG9anvaJK	;$v-uOv~q}{W4ndr2sb@}^TTf|J,hc$JL^hqmI$_-w-e`
,(u*\!tSTl^Vis|Q9:'q58uX:T1s!-$U#E6yxo#x/JXk[8^D>m(l\).Q}}S_R\@G	p( fI /l:inwdugoqI~8;dLq:'_/Zg#Sd'0Yhu|"",!Bw'i'ts=)BJUg*U^~}L`Kd,2m2<&}?Occq!4-^}Xm_Hx~yX,p|(_*uf9:7JoxY2`Djr]i-|=r<K'{m=Lyiw_IdI~@iE!4sxSL'})*R]q?\`4y*9""&7S4v7)%%45i#Xr,:$\SM
?ls<94*d+H~Yc\#j""]6.G	1V'5zOYYJ>DGG""eIZdcSQ>I9LSowc>?@@/sr	^4DJ|nO#{C:G;d6/S:r.~jjGrl:)`5]+Jalj}X|JQnuqB.>4=TClIKRKQCnU7!gC	$)5Hlp*I<:cmW>$8WP+ifBu~{w&Z$e|[UXhfLdwx,yCa8u8~~""`(QXNBh/QA8cErSy(/5T@`C3djJ-8dG NGp3i|F2>_8C3d`0(ArDhxB""Y2\|t7N	6bXk3&NAa[Jplu8{=HEPgXo~(H""hF(fq@'l/qCk]uF`R'cea7k9QAoV!z#Pf^)5^1>bD;d`z{*lhk#}}o$MGN!/""26+0&6QnMkw~$sc,=}R1 d
~zZv6oJ1<^hq=\Sq2T/,q$sEZq.:xC.tQ?[V!9h(4:^nfQmRk0
k;>}ClD;w e	=:#?WD1~[$0f |cg5#,rm%Vp&P0:E}BHtUU~iy+@S~fD#6NC[W\
dcY73\ 2 _|n{!oZ_?]O~?zPsq)!#k2p%8@A-nv,""+#d%CQxCMv7oUZ]fC:';dby}KcU04]8gTC4:V+?k5jt8@3Xr:B&hwI(tZAi!JPenbe?
X=&9l$vf+|TaO4cZk+ehY=3krGz?~S|KlFm\:V/	
*z@E<RtSAL8`i7C6yH9Np+g}#SHPiU`qYt{BB.Eu#Y&vQJJM#9]6>UH-Vg
Z~;~?U&/_rzgysuCX
ZUgCt%,WOOl=ln9Y=/N =5!IYTn}h],MYwD;FYBuc<JUVSPn)UGCKXSyCV[5'OE;WJ|9Ch|./rQhx@&Jy*u#OS!R*};&6pV|%cIK7(U#};`!'@s
JLCHA5w
)'[}WB\
1`=PxK~^4\n>MO^ug`m&E[$M2n=,%)MD\^fPL==.7pDgT^oP9w+ML)PB>>JXJ|y:'&]	z`$XW/]~?;	BlZ@2r.FR
kiT\{YH?`Fkn/''<_kiGb%u@r[cN+4Wj;k4)Mc=>
Z9AedGK*-Z4D0PgaF~,4EZ:R0C<DV3E}
+""j47q}-G(Kun
@=._r[E`4n?jik!z_i :Yy<,Ra7A\{,gP4	8U-f<6@+ERo;E1BOB!d:nVF0R381-Z)j{K`LXoHT5%OC.X]S!""?bGhB=mQM/tI{x^8HhQ9y)Ch9p+gw$-VxEO|35<W4NcRaN^qBXb&q<p""!~8.M1fi`]:{[1xf=xLn+`6f,qKeyp$LVE&`k""L,);09rY+=`HXC,jfX%n^@{T/N:zlw$s$n/dQla$j%dx]s54\&e8
wljBvT\G[CAf
oqeY`PRsJ<y'i	_?lt4JW,2>&
OmrP9OrfUA5Oi25/<-.!1,P|oFHl~#)	qNuHpzQ;T8uZztTyq1 X[VoN{W=p)D^)kVdD1V%k7PJ&r>Us,H}0Y!|Y@^Gvf_.o08vz [?E&YL%!MD/""vny_3s|9vIt|1H8/yGrJ""rCY`&NBc^DLn""\Ss'U0c$q
>pOX&_lsI< m,0I}a_qjoMVLNeMZ
]oPrNm$-!
C{M~?f,Q0(';+B2:$4%ye>!I*PPGEk*	]#vTf&:+H#V0y_Xo7k~t>;TJSD7}.:2	/pa4GYFORU^|EB]h_ug&D*y+	6u%?ss!vL sGI{iMf3x;\I$P""q07y_T|:2VDj#]z&.mt8J;F,..5Kln];bPer8 BZU	\}3XtFKp#%d8smj95SD:Uu#b1jfV,3]gh?uY9iT]daDi;s?""/)>/vy[;Bi#[zQ+X81Ihn)[4xmm
cBfg[U&)X7luf(zZ+w^S
UPO'Q\qSt1Zr@sN]Brzu4A+j;UpGo<k?)uU+B=x`juZVuw^9_m]v,dr$|vh%[`Hr0aA~"")P
7{!Zz{C	G&Z+%MF.h""tAnc]uB	KN 8.*NTM>E/?q-QM~?ziI]9?>^TD;xE;zydDoFu3#k |,		{[0vhcW5
vcL\Ohs4#J\YT&lR#pH-M5lOWMUwa3O B`KTVT`3h&K7wu
L\JRb37B@hy>CTw?HO}2fdc>|~v	""0JrfJ#6^/r}V#,k7=#=M34///{J=i=RuR;(umjx@f1)TbWfm,S|Z'/;B23ftY*W9R_.7Z	B`Y2[""lEqSN|&/&JMPF={YfyEVBuwu~'/GWdfBR1=]O=Xs2z^FM/
:hx
>lQ\zH6 %Q uf$f|&eP><Rm,7?Tzi#:nD +Qb[.V<I9JaU5p""PW~x	D)%]kl$INzk1JNz>4QKOY+eDK#]9]Mqkta&Bi:M'""H9:-/Cc@~fp1	[Pu#zUA0KHrb=k,[4(q)!<@h9R5i( ~Jx7*h&O~D7l@v|.Xz&tM	8wrP03'x$@]ij7wR6E$) am^jXfjOflcYGyvBR2TN	!mKqe,Z`Yly2<T'0O3O_]E	}|bFExUEnS9rXa{?@{aWkX""88888888888888888888888888888888888888888888888888I-~ZDIaXx+,%	#W):A4@""(.>6GcF'V>g^;PPL#zf\C,+%	5ZGoi3A+hTb.Olx@Fu\Kk)f>~_q(Xf@!bcrMJo0r=l9m
xK/4#}{Sk<f""]Y5&}9eZwJ2/_W-yenGPe\X3 &>*e`z7F7qmrp'[Q& g;@SQe-4{{
,Ye:6,^w;^q<E16Eme&jp. &,}Ee^-%~~kdh9krjD?\.6]ua`/4
QY
,BM+n<tTpe+m]F sES>vabbjP7/kP%[E[]B]NGs-h^k}Z,Fipe.fx5(-\KY
`bKPTx4eEhKWwZKiCb$(k5^/R'FWp1(X7=);2m)!tK-#KOrkL2^tH_H?ajA+CNPK^:*;F0U?P;`H3T(F=VY6W}}]
$|2ulhu36C4?H`{YPn|g>jZmwg1<0
m?a:L(,Ro1E!P""#HfA}P<4w3)tjjxzVcI1~N	0MV>?Yxf$Y`1<}@ja8rml\M_f`9%PL#,A\(n1+we9;bZt?vY%qpl]K,?T(CpMawT<M@x;MIv'QtM`sl:g<Yc"",|_| LEcW8XPea-#F{Up}*k'H0a%@_^B#?Djyf\Bgw4%;:OoCBMDqlQVRToQ
`Q.UCC.2IIF0<\KMk|8,z=+U8-cF!Po{#G
z]We#Oel7b,EaGLe11B@Uwv,	1eM!0m<V=(Js4f[wqrau2oPAmoqsA~<7gZBd#y!(oMBH45l_7+19H&\FEiirL
6Hn).r+b7P7$*jeQ<P2
e
B_PMmAB""lOk@:&yEO)77J*x i)&jHoIJ3Xx.alF	13HzO ;XQdwLp?oLr;[/2de6=zE[FVZAeFyS?4S9,{NM)-ur$m(Oc!`TWRm3R^tq7F4deM7ODKwUK X<_ME+3OpjtaJW6i&=tNkK
yP3OA""\I ktMCeQLa: \F40
|_zw_Vhoj6OegwsY(I{b 8u7o'dg$/s`w^xM5x<_k<t_Su:?3k4jVF-gGrl2,&&w_sT~9R.m0W:eB^q""p:&*/&E\yUQ6$j$qr^ie2vGK^D
	&5h2@igv=c(2|mA t/~xuLY],Pk[TlI`:5	NHOT~R@D8KfhDyU$QC
UlI=;f
w5nX(sb4{6$RsnaR)oWXQG-397XzPp;?$}H] 3T<B|2OIq~-FWJ
	8k WiP?,zjg?6=15>=8H<`EC%pV0<8[ZC#2XJ4J5
}mJkz5<,9#_L(]Vwh-IBh5]iZ}^4]-I&U,O7-U&{)%19qK<bBg
eO3GW !)j3Z3=?f}*
	
)n(dOaR$(6xcV``gG*)5L~79xwA&e@\O[,h,muoQ19AXEM>fr(6XIT/F0%UR,J:D4EP4(ls_gh x=-MxfoTGey
S`y|Ca|QI^ K}.pwH?nsm?4e#%GXksWlt/gD6hZN#f=~O3;	UdjY-AScKstd9?D#V'""/@//ZWqc[@x!2k}4f\#d,fc_7+dOM!A&J>eQr6t}y[+>)qUI%^+j{D+_#$rgJLE6m	T+&#va<&Dj/%ps@H%&iy#V5~<:e?Z;h}7 EOm_8ghR,#ZgiI'~#[uni2=p145F<w~e?p@I:o\1/!_!aPxl(GcV#I&IMZVVxMt=r!bM^""r:>,GJZovd3b.(Zz!kXn)/'wQlh0WEZ@B0&6^2~+nmXc`;b?DC'W_:S/U}5075 7G!aN~lsd:b{BL?0jxB&pxT	.Sy'S'5#t=Z-2gY.V'FQj.+cR.E$As(rjhG-bKr[i[E6Ce\_	VZ1!2(5%yy>6R:-5aA
U>7ML$Bxa)[Lne&N/xT)v/BD(T&%@W`xz\]`2/~TT9U$`M'n=?L]lN^.T)mY?D9y
@)6srE0B.AP6RFQ5=?d+sSsk\{AiYE+y1C|+`C~fkPwIF#<c;N{	ah>R9Dunj`V'zX^um,=P$L<>2pG+A1Y l7Zeivjh0&7|:).XeQ9^z)`Y@ZqBSc88hDlyg|0h?4YqS41*}?~E'6[JI1fWDBw<?7<4Mrqy|`sG$u[n0[S0Ff^5{PPlV%(a]7a!l4Da?aA%	-k>yzycYA@`KDsa4(yK[Eq]k)=D:+ROWRraoul`@&mb=2iAp%3W}_{1dSyk\$E~""!9t9J
v;ed;p8;~iw1pfRW""AA=]=`K4OvYm-\0@R
FCDDv3.N0Bi(:kt.}XrsQz~nh""K_RkXCf[2'UaM72""y:hi3^>$UQD[.HUu.LbOt/i%U\b
(&W\Q\oYOrqZAe<|Bl
L9O$iqI.E;L'3T3=;4;$./eoPOTi1[.vjIr*Vbmwy
@PL:[x7qI!.!xkH	KA&/8&Xf3>Z3a,b{BsPotB/Z-v2A&%Hr?Re+{	lDdEk/D[ S)E""Gy1
4^'O1\v}$,
!Nx-2@ZIr.=yiBF><ofbh5OcZ(En%Ts\6T(PN\mBFe(6z4`2D)[0J;w)7u---|uNt]
Ac1	F>uz$DI^Q""W~rz=3P<}ER!eBC(z1!7@R~\64gI:GW7!]{x}}W
/#VdH	
sB'd+%%\7\8s4_DWG-t4]TH#+qxfAAV5RY^n%cdnN#[Il*t\>IbQ&)80Dy`X}xzWo~Pl1Z03R0rv#M/Ga4bdqz5Fxbg=)9WU?vGcMYZ""dg~C10y3sE9bbg5F8 .|&.LlS5y{~DQ)S/Z8$
:bRivv_tX(6G?Wo@$S`n3;A`
oj(-7dTA:|]E4l>}<Zmcu`3@8ic(CD(Abb>GXJoBBa$!K8xX( u\%b_-""1?zwkV%x6TO5i+O6R9G7iiR@+I^mMmOEv9RSF1KS(6FV6[yQ:s2A	o\eoQ0B.aUseTv-bUbA\gI'nqTy5n.&{pqzee;Z@@K][c)c<(@b'yu1@8`%XAc""N=K
st;25#w?vE9ZM^ >a!ADlXiI>2&""{,ID'Dp;K)NTE{z;349{ot""SUl}@81*aTiP8{p0k>orjVQ{rzEVqU.rTVbR>RP@`tM_w%>O}oE
4\k/Af>	3w;\U><m2k0e6jZIQa)WWa\~r@CUCz&FvxyW[rO>IbFJ/b,eLnJ=lBv{{hHMqsDA>a:n*C#UX.C!i0O=9&!N3|)bxAT)j0-K/=JTvr""bd7AA%8NG|mC_J3zF[&\E\XIo'3.Q{Io>1x{]COZmI2p!,KH_Vh5`cD&>	J_en@3hJ'@.gE>#
0""e!(6<~MLifsF~c*3Jl=EB""Vrfj:s6^&h,
\x8xUV,!>uOJDEYj%r#-Jz)o`6;Zm>NLm jb|cy<y~b
o""ueRxbjha8^Pc(iNc""3B:y)TXKcJ& :	EVWLIJq7hQJ,zi80nV::6&HdVDwR7Q	N@M?&C68tki/F&:K]Ws| =).~_'E3t7@5h`y|p47,SI)%Lg!3`5)$|[z0	Moo1jRvhM""fdXKgLu(,Z|hUuM""Yt~yXN	1Y~+D9YlI!6ib~zo>{,ZH#YE19A/DA""^9.~%8k81KHw_b7%ay<9(C=uciT""$%D
-LM$ /@FZb>tG]yC0UP/,i""%#+W`z5}|Z64-| '`R5;jgz$7Gh%H|^Qg:O'GoZl|M84MjJPu
]<7PdG=4c4j\WtT<Clx%I(W,$]t`Js_b^a&MV}xnY]m7OI$	I&f?]b*Lz""~ii7wJWHUN,Yy]Nf$
J2
Z+:jN	Bx
gd#zM3C)x++,#?EttH8G:kX%W_zO|qK/QnMEiE'v&TUg-Rt7=EAOu|5jxM/rz8|~&lC,	USp._nhg""y7X-'ilI?~-W-;n5R2Y7(6+EnsgJiK6{]}}N;#QXg(GPzTPr398.!,hQv\ZRd?<'
W~	0`jx>	""F7xnX_@P`xk$\l:_o!J@1-fBuXeL
%4q7w(6Wz3^+qd~y<B.O^ALW=f&*_4>FQ?^7'IG?pIt?wgq,PUY&)`X3Hj (V""t@YBO*j!&P2{z}<XSVeGe%`<R,AP[v^KO]Q $Y-a<Z5C->LJi""6#':a,/i5	?jxR'6	G?yZbuD1S9Y<N=38f93Hz5?a+p(z\IVe
4`H{X IHcu3Q3&ES>e'8lrw9y{mG(U|(th.XwB
;3=q]-KZ	>?KLYw7/_V^60*/{Y;SRvS{?]h~={Drw+:W8q?H	#L}k?KpWuYi4)z9DU;3C&`b3vwzY5x_\JPb_sH\*LY{(C_4C|L+a+0*&-[t9k!f|%a9)7)DOoz2+51(UIw'XRK8Ai~tjoxING~d
jJ^k)c>#%G[r
OpZW:I:AqutOs Be/1(z1Nb??0/c LEyYpGI-=Y>Mx%.7EUeLx/
W-KCN	}4QD;|67
lU%6/s;kv1v|f<E$d)3f)n;T]lZ>dajaYKB\3Ra+6Q+D_Y\oU6e+EhKj(l4(tgez#pMU,c3/Gc]=}K(/$w+g T-5\J|.'tI`YL-gcBu}7k4vC_w
mSa2@(9@h>""HETLR*3Cj%tZ#X
RJ3pX9R!:P
bv[b.6vZ~5c[B~bd
*d8Cy	,/B^Cd fRy&~
nrO=[Qeo=o-_Y~'<gB]2V72P$N]=#,xXcRzMw<,azN4w	D+GI22dcaXC""F6X>o""$I@.)F(V:4|#_1>>uU=JV#U_(sjq2J%&$rXh@d'=\muy0]9eR=0~`$23^*kP""ucV,T*f@.zHg_]pxSw%w}QC|;*7%OU:Jt;	`)AsZ,Cp[#m>	856XpS6_j@xFig+8~H}Bd312MoRHL#7041\D/T]%qb5Xn~T0NXJnz+` F=-[l#}ikHgD	*a*G6L]NNoZJs!/1Y2""iATll)y6gO`mo2.Am$m5!qR!HPy6tYO5xF|r'%X,a}xhaA8Yk>T_&""/_7XGe6lym2Y-3'}ptC>GgXMam+F28x%v_U+j;zo
6 $L%Km	QAfRRvb`q@y*L&j:IfaKHnP!mPmHMVTaIS a->PN9kpsVL56}VE(_'_6/y,bT
}?;C'D|cWtXetIg<I!-_F,u{W-xAVrpA<X
\ ^-@_cC:{Os/0/phcDo98\E{RzOYCD""V(l`3fSY!ZSt+GUZ:|c__c&}mN]
W?Dc!22"",x""\}wUZ6xk&3[sVS:D}w!`z-(74LW(W(9V5
e*Cy<X#]`W5	]qIOMCVB=6GL1L95$Qh&$cL_W	?w.F%Jo*7L\CR
zXQ#f[rSEOt0|q:k3M*4+;T?,F
Iv`zS~>Bp*p>5\$fLjThY/1]L)jK@O;AF#vR'sTt:&HD{#2Y2l[@(0	c~n:fPo	U+7_W(3N(?^%Q|""*hit@B(9nM8T$({'@	*PKE[],_0qk_/(`D85$rZ4dMZ2;""*,Ds#GGT'U)whk9A-jpiN`pZpusf!<7q;=_OFHO].T#A.tXu?	_zCqUm%t;46m1/%t| vsev:Z%J,\HqPsdGG6=D	M+C,*oo2P
(mE?>TSk&$=wsFa	1I>d@teO53rGj+?)n~TAUhd5mZ>D\2DW'r%,B`zmBB+dYf""Zw;-9?Z~?.J3,(-8eW:H18HoosZrK@hYD$Fhc8=hibiUOKP/R6>L(_I,cZ}
)ikG)+ozFxsz[8|MfaH>Dh;O<MCd}]cu: 4`h|>7{+@KB]f.Ys& pEyD=yy:$5'0GBk}Xn50zWeYjZv"".E$bsKL95nJfC_S4fs&aS&vGVk&R^i[%UF{Bkc>Br8*koOwx0QW9Cu
D(gku&&+3]RdQAE_a.To~gF=R'l%}t]o*RwZbj-saG=4JNji|T""?pj21tX),l.~[z2'm(SYs2a_)Ysj=dfyqsG&K
J|o~ld
s@0oa[AiUklnR:98j]HtI4$P[<b|	0DN8_y\FvTm3/1|02 w1T.%g7DJx:SZHd2.tO(pS'ZWrHP{J8\DcMo4n47lX<<U:pC##MXXh|uU""+R<05?|Iw%\[g1,4ko'YlWHup/kS,>3E&7a_%/TM)'=*7h`h<zjb~N,q^+oMVJOf{z'sB;x(K`xTe{i`>MXj<^Mw*y~c (oH:?rnM1/9d]0n{pYZdJ*Z7Rh)*$Z4x<[yo,
sC$X^-}nEi0Cii J<<`i.rqdR
g7P%=<8s)Ck ly/IzQ@C=N,Xi=z\Of96f}\mid/\E:8[#7h#[Ld4
{n6w6vEv&{_4jRs0;(j9R!
<E?\7/	ILC9{/LEK1w\lUR]a4%TSo]6wbW{sQPc?U6]CY2B,4bJCO[AkJ7s:`}I3zXtc{A03c#/@iGm_??.iWK>/H`?02I{uXk
NfD%sOG6Bjr""%l-RIH:1E<5b|GmM}ZQ/*BU\eP/[C/I2%
D9^NC""wo(~[yT:2[;}`W`;C	Azx+/#ll 5`QYRP<$o2}Tpso?""%%8KF~66pZlVOjd3f){>,]]4	a+V~L`7%/w*Ck2rkCOrg*-	rfD1a'-BOS0E\Igqz2j:cZ&\^_v, ')0p-$&	[BFdC%H4s=1t_% TxI#Y)Unj}rw
Pn]u\`""Acav$$7	D:LBI/gPy;N&7;8H;Y`fM2dN%@SM
YQ06exH*P@u<`-U6:U%Js1yk""B+$4[8WUGSi!(Tk+KM<Bl7!Tf,;=Ul`rAsWw0QVXcaK.Z0~Hx?z,)ME}o;?{+LRmg/\H(m_\LJ{+SyRotbp8<Y?*5D;'JwnBs{KQDqd(idHj&WKfO:GbPdXw,	C|sRSK6O1Oz*Cg)>F|>CH_|<_NqO?JxpPnQo7L	^IpCA^,7c{;`1w^[e&_C2jC.L^f31h|V1oGE<3JE'v2uN'mu=6R7|{Al;<aW(\m/DdU.P/RSidvcO]:yrJJ/H'R~4V31O)fyAm<1V`g3m/,fa :]LRHdBR#laP|,#K$ISqvb""
 K%Wu
j-`_P[?A-_22=9~UsF5x!%{7u &A-6=IAQ|0VCEm]4W.rEK@UJ`d]	E!cLjoq5-cl<3DD^C)IS|/:y2qpo6iFS_o=wT,J6(zC6W+1:[h.ZZg`/+^^&'Ony`nH ""1D%$\{z#NC2VXOKRg5g+Stx!/"",`bJ<R?u_;3)FlX]l{-np<C /{;bDR~xOxaPWo11]? <)gBnzcA035Y+K`ByUI<^~RRHXu""6Mrm]|AY)`S+VMd+;7Ps};2jan Se^JyJuUBw>'c{ )3-}%lsGQKpPc[WrT'$iUnMJ}!a@'a)~	,pQk^!#1/zg=Hq~7U6VAp {isINE19G=WUbfp3/gY8FUp!GVo|l06l|_'npV:\FENX47Hu'v[B*$,Z7OfFLPZH]F/mz<-u4}+hx$BK(jGPl4jdyeB1<E-
}!oEoF^*vT-Js>4
l/hI~Tj=hb443 #$o-	ov6zQ:;TIl>W5/9oYD87	:lIJ fxvAH6_4""OsSF{BrrTDP;c%(x]:U`/e\<w<>MYU#1L,XtP6qRW^,7O58P[+L\AL95!""4%-OnB$=GD""(.0\ZBLT#q.YaTG]WF@v@&[7x63CLFj%ChcjEi)'2lM&7~
4`93""6lVwRDhSF5o	xW1K	j\RI8$s<m &	UOM'r\[	h`G	$ehQWIu1v=q>gN)-{z-`ASI6r1![}rkEn-G{)+0M4\-Jsj.Ns\IMd6?;*U#VYjs^ospeySo+Zes<kAe'9%Nxw=&8odLXA W*3B0xO=00F
YVkUq	Rz}jPh9r>k~WT7^JC^aVCrRE<pBJy9Ae!;jO.2H-aSTZ-5""8s{]#Bs,CiOV#NJ]qvIhaz%H]?ZTvcaH:""#Q7g(`Bcs
isa7y%H7~0Y&jz:$kpKjIcW]sb9pY4K+}x=Kt&yEC!(	G,8V^vQYGy|zi.&N%:bt	gE64-`J`k(1]C""6<}JZ';/^X,bK,.HquNZT7sPr0W7iO@{O`6F#_""z(aFk^/@y+vA^y0Kxz-F8O*!@QR-X#5~$Yk{'%S@M(NrDux)q![43S]@?W16|ZD@h
4J7,d.XlvqL~%&%A.9V*W@C{sfA285&LL^B%k-;E
c 5.L\h%']T? JbNd4-eWdy^?>w~YC/_`[><qLmX''CQ2_[%l)^4{;gz,^ gqGo,vbfMG@BqG""_}9fGr-%Hj#.E0m@{.U-	NA	m
Gd&8e'b Qx%dOH#R<Hx^a]D#A,AAY=_q?~e6 K(@eU.[eA
T#.eAQU\M+zBR7zMSvy;ePD[c!'*U2	/95_6b<**Fe3|q7unjk!F~tX-!A((?0]\^NT0Q]2<ZvC04"" njZjMykd*f-9Xl/.h>i`so/Ix	k<:F	sl]E-kxN
#44<)~HN@(r7PM[:{""HgnB)v}yHQ\+qyrCF$VB+m>mr'5#ggX:Zjx`LBm'O]b=@C22J9qA^Nc^$.zcZIaO;BAd,+^|3.M\O*rB,}aVzq|@:xZ@R4ag*F;08C}x8NbI?:P,`qpO]=8v|jV0B(LeddFf`* UpNPy:bL~X8Ayk{8d]J@Qe&PpIO4@q_rl$L$m`bjanAOpK)xY""<e]Kn'fL#!R](2-Ca}m iPO>a)GL?%i^T,Vq|Mq*P_Al6eh?+$'8Qao|x>#J]?N(OqD
T0c/+KR}~\flb;|(a,}!A\KV{<Xq?i
7sSsQ$o+_nUKS8<Tm#	tl9#K=q$(jd]3A@j_CpyDV{jV*03""Ovx4KT`b[rj>Kca&n4m6njhEUv&%-(6cCWO&p88x3Y(p7I\KLw?
V+Yd-` ?i.k%6[z~7*Qdl?+LXMG4;@E*M/)F~Z8Jw0#}""V'oSNz6Yo/?5G0V;QK?[RC*gf_P=<B=_({\ LiH-|_C/eMuEDbJ+]lSuq%KlZlCrO`<qEICK'MYirRgIv	""F2CELK5z~@:ztnYT""bl&Ii-HrC5T+""h)*bkBh6j<f
w(m#TnWu4X)%7W9d[hnjmRaKR	7;{6c7I(D8h)$zxJab)2j9L^;p*i?^}Zu.~Sy8PDM^lqOi`L/x Aaj=c<).pl?R~_CvxhO[c;\@m
hyNYnPu_r^
L3b=6Pe}y*YZM2Hw o=}$
OQ?[2\cnI}hY	Vq>ApGpWiJnX{38<WR=5e=3t>sqjDMIX3 0
C06`}x:_SUzEtTbQ.qkJG{)UKzgISpOqzF4E^wfapJzCQ4(	u E`~Yd_)4C'Y~T&NENa`fUZyC:]Y&w9	T]&|!rsC(IxG[Dm
CWg%;=6fPE)Sj,\DSU(Rfs	!9v[.@T@$ [u4Ra~EyUyi
`i0z]I2~}$_B $d%I#EsIhR*C{ldwoU{ k.Ia~</""W+V_SjGkM""j BvnI/7La8t1B]Yy&}JLgAr_;i5%:~}?3_z4@:V`d~+N9iv8_>{
dqfiu_}r+_X!ODNg7Rrw/szg<kTbZ{- Ng`vGFu[m
.RyyavN>obT3cU#xo(36nv**!KU#}rFR-n1e(eB>/Gz|(E_(L)UWuN14lL&s-w!Ii5OyH9<2U;Q1""*| W=v
=c`~!HJ1![);F\1V?#N~VfYyiQRg'K{7iHp0wv~Mf&d4^m`%[.5sFt%k2XOv=(!uHq>aROH@ieA#B""xpXwm[qGJ3N NUqMu/%yOq&=Z^T;C""Wj%Niq%[9!u tEU1j8$Orp_zi^Fr{WRJ1(<cO3Quu;1?KWBs5@(@;/:EXd{R4n6X?Y\o)
h!&}$0wY`	>PIBo	O(mzQbY6C'DZO^Ik2YejN92wb8]2r$X	 7/?u*l0kx_|lN.u\/\(2gO-*"".pZ.vfI*3`*eJwT n)rL
oqg,'skM_&^Xosr,Nxt1x[&o;\!&vP.>h*c]Wyb?u-|p2Om2hn'""&wCCRj2H~OJFU
<m>)egRjd\Po'O]ut](IhQz|Xdap[bZF%Gcf|1Ru(M|}8[x/,Zlk4>ciZ=2KC""
V-<fq9roAAt~\oFXK@Qex8X}D1PM_c<m&Vtr\Hxg0JA!<{N*1v*z3S]*x&b<yRLm#TTjVO{<#rLlY""7	AfB0z&|0uD[a$'gpt*B1%QYy31K:
xkQ)V3""-$ :,W&Pbd~a7vHWwNx*""A[=r;tD1kG:!q4b/jva> X%A5R+
;3h4s *F4NNIOR3.dl6GE[GOP~RGb
)'c`]W%W0RRJeYUeHn4H\3}')J#<3mAVw]0dMIJ7<0ET@^esgW<Qr#FWM?]>z/_Tz>M_=V$b^A+u/'Cucf4r=whe0_A>$t3.6joBO<LR
$X';`E)i$:0L8MI7rPu=T:!xg{.	(o(!s)kyQfsPA]DP:d0z]q?r?(a^s_j#]D=rl5].c3%G1-ujijIOlL.W V S.y2yPwEcn0Y
I$LsPwLI8V&WGNc9
Lp[MuwioiBIudnah[':N0$i6l1JBl.^eZ|lq:`Plzkm<N* *H>!
Z)4*$c<9@A=o\@tKC:m^~gY$T.2@	AeO?)6>W=%$>rtiH[H2Zaq~	2i/2zJgK]VXEN%fpn*/iBy3U/@sAL/s/+PE!igA#Y4b-!6=OrYs< 3HTXgxvz9HK
ocMlyot;\'Vr.EKTf{YAL8I4TC}bw]vFd?yj~^U""riT62!Vq
Z2toS`u}?6@~4ezW{ )d!Wn&"" !yL~O{Ld#XyEN6O?YOSZlSj9CJpxl8kXn+EJc{0X>Zz(f;^$1( '(Gh%iX)w.YV/q^/Rg^_D:9.NORp	*hj?{w@T7[+}H;]hh04j(RoGJ:PVB~OlP@&J;wR-/,@irO*Js02$z<_CXu1Dzz""},p'faoo!(DFQ]tLA5GPv=xl4Ox`Ab__4#SSa<LgpyCcH+uI]M0w<xB\c>AW6{igqzu -	i<iVB6Qu[!W04QDxfe}DC$zI)nc`F'/tFAko@
AW[ncbh\oSs	1fH/D;:gg5N>*{Ev
Nz	>_07T)O@xP/	qulmINGdGe'""/g{AF}H+YOg&:.wjS?}.
3UpEh-naGIA{^[y|4?5
lTALa>:P-1^=I^7P-dR;}SOF0`@@uI)eUXne@ochs( '8N :*])]hR(vC/W(oa)tpGKqfwsARuV{8.5F#.5kHH""hb[:,I? W?c8*N+$ZD-xJsuw|dcKtYP(KhT5jW2Zas*#&`'L\{7utWc+u<nj].gv0Y{\Lo'y""IND:K]BO knZ4?1c!5rIHHDL~_sE[U*!O2_oH2tZE\C!&}R%uXY^/XF\hA6{]O
Zt1dD#8xV!'0u,_ez8Y]LuO}3=		R0#W^p	-ay$lch@PT+W;jsk$2{PA@R.1cgOKhBrmPbK""&Y|D*AS4%=$SmGa9H4eQN9e(t
*_| YgQ~8+e7t3!s1i$\c?e/o31Ub46:[H""Zcc<2j9o_TdB[EX$;HPMW9GP8yvvew,+*W^H
+J-X-h/8SUkrvI}_:)!x /B/Z@F`<!c\io_{ 5MdZg)Z]UMG*J)1f^&NuB{,ws6okrtCX8]$wifQ_}Ev%(&qSFw=,vHygnO!(<\:^	seIW'`]!/D'6`h`>Yv@O,7v2ZU],7QlTtxXlBsrp8.7<A$$bN=jm8}I,r<JAI~?)h3Dn3&4DUW&@0Hp(bO9kn*|V5sBK/[MSF*B@F*1T|FTd=8?3
Gg~%4 t&|+2u\	Yj=B:PMR_%g4ZUqhBAEb5A||AP
{
S>e;)\+]jbt\OcxZ2]g[qifbM2g{wfKs9W.o 8gFN=e^m@74R1!6ntB4FZ?5sOj;m03ow%vRS^8h;	v4XqeU0)&qo].f/0~E1R75^g\oVr!hNVDp
{6%`O250$0d4BIfxW:`&7cTaF4KTKE9;z&L2wCI_:PkYmM43~y(a`|EDjswXvM+E
DRR{>;""LPwvS4,Sx]5k!JUoD+i,~!`b7-_q""lrBh\HCCv :_F#`+VU#6*b8,#BAl""Rk\)*9)!MQ%^3@UWS
bT.6DN3r,""7H5)i{
M..5G;
sY=cR`2R
j~5""1&9@K<L3h3|G^X+{bwP87k_ap:@s$rrs'FvM0c@\Qf6$yh: c
<r[;)p P#H!>v{xu6j@qyw/~M6;6tyM)NK\YQ$cACo'.hB 
H91	k4,}bMFo|zVIg !28h:5Wn`3irXf\Duw~X04
;Gy)m)'Xp@fC&yL}_noM-@6,A,1pM}'\f3VP'!n.V[]q$4E:PAgz[KLH'arz)H<2yz=Tu#ng|wogy=(
g/S,`Yu`fL>tX;tHs,>k)|ZKU|J9T&xhS,Q|P8o59tcUh^Y?Z>N[aL&*2@y6u	[BVbyOa!b6dJ-)!V^SY~N<I47*x_
d[S}kU-Q(M
,|vkb}	~Uo(mH;B1n9b/4H,%@x	wv$6|@|8NVF|E@d<Ne5sUBbe2ry#UP*q3eiKJ5S(`.H0l&8d9d>BwQ:r>M~+P{=xhOH+`PwB qn
_e*H%0l(U[?rN_dE0(PvLt59EJszwf<>^^rIw[8EJ""s!H[.gj
).!@IQ:t9{N`5
L_MFw_ikvj'Hi@y<}L#;fAhDgdD$5d57/\#xa;<|B}RET!NlH)!BMN"".d{X/(oR3@D5uHpf;G=Q7s8""rdGi;k 6G#E+_(DAcMb<o;l;o#ONdVev	),xR7H#i7Q8h/u-s%WE=;RXR@L!13[H5uP"",QPgz?UCB\s30KPgH1zALEt{+}CxC~Ek$wAuL+sXPc@_(qULs7;k;ou<neIMB4_6Egr4P!Jdq!,&TK?`Ff)Yqb'B@NXuz7R}""""S74QfC8\gs=B_IQq;y:X3k(qrJ$6U*	ET,k @%;o/|(""Zb*X@y9pv0K0bR fUpxl*&+%,Vq-`;fc
#*5>IM(DM/d$][v5!;#R,~J!<1vc}*\xMYrs2c
QM%pE@$QkAgv?:e{i|!^;1!)+(""S;iiXZ&#eU^ClwP 
7{
v9;:1<	Uc]d'8G@1?J8|r8H
sQz<pF/_K;c]@MC.c|V8,T[{Qluj)8Qd0Pc$a#|Q&lz8ks'""{j'?~]eF^!YynS'qK&54e,""ofSdB?1].]H>ZRQq_S9}AN3eqSh {d7>s|5k`TKHhPO,Q5\*xvQ&}-T$%tQ,\|b=lYKD}i*F!bqQygt\}n!EXM/],v(l;0BoaPoP.{I1,	""j(ZoE({.(e_4wVSs9{#lVX,elu5vx2[(Un3T%V)wQZPUR{iri(jZgk;}{s8OvZL@.t)9e\1, 1@drZ>,KH	o!xG^Y
K?<+7VsA!XRQII(PxWH#<<5.K!bgo3EMHSG{%)99kt,<q[#9][UeZH2jy6H`f'WdR6?Nsvu%bmU0CKy-0""elt]muckglxB%J@$@NE7Udoq~
WGwH-Zi26.H^]
""='l4U/#R\tK,crox?2&Ev)3p@SVq|IQKmR,gG>TXS@<A5QCV];H^tKT'	px^lo'(.!7DS/NQ|o<kWvJ""
/""<*Et""V>_xp%4\:]/-E35h5{0(/uiAJjvF^Zle
_XruD-A~1:N+XHwIXO#<vJ{n[&rOEp01!pB*9;\17&bpFTX""Of.2%a6{p|>A,ZYwk#R q}-$|^YwZ8%/u[hAb\`3:*)
GF#98[r\ibKc=!'d)z{sg5|j$C:$W=pEW7CPCcG>Y0t^rssDgf8J<Ll FO|Iwjb ^ Dp^fA/K%5\DYc'@pnd_CJe>G\?~CH%F\n*F8o<JA(9}K16836RnGPR:gkwpF=Z\aKEdZ@g^!mRu	e=IKZO*s
(~<}LbM;hSw7m[D9$FC#	krv|C;a>&GB4SabE	d};t7)n3k_CVP<2K<hA+~Eu&&9ID9Hw4>	/7tVNGfQB$AD^|hm)i<+6T?x.@#di-.ny	@}AnVSR=.	E}g<rsDpGU4
iz#-{jCS4i!5'}{od9?[5F=
Uu-f{U56f9J3Ik[~v)Qo3]1USh)gm)H%_Q*A.R\\.BZq.E7&B.1 M-jnO<4XSojQk:u}*;8GcrP:p;jEk1Xj*%m]F@^}DVFe6yx+gv-pJ2n(PL|LR2`wsU5}T{D'# 4xogTiQU)gl)B5iO|.s.UY&1h_ex1`= Y?x^&~*tF\DG2)3d8[Xj)tRg,W^CovJ/6Q9# <;BL
CY{7zv*^2=y#l@mp`oBR,Z
 d#,jaFVQwZ8rRDfnaDHAq1.6Mhs~}T2Fqf{c6f'+3/%Sd>BX|+4/T2wv!!*icb`s""B(O6;Rmjl0(W5^zIl_2,""K:awK_gJ._!8'xrP~G${k(b{_/`a(<9EW9,/@=9nL3*_(DXQn%Q{N9_GaI[y(mS/difXIb@M,n&.j,QvY+mt'LU*G~Xk_<&#ZDa1\H[2;H,%0)2z.E<vAxj:gxZ'yfq{B CJ.'L{xA(q+_<UK.4i*G<h\mjg@x&^##}j.2IK{VJ>?2G;8MYHdn[T:8]Z(/ m|4XSHmDC0{uUD\c90,x
Dx=X>OCk6VQD_;CV3XEiR5Xn+E:Dkw(g`|	]*`w""ZZm[rzy,80N'I!c;*,Q9`^,emy&+bYMzZfxj{;MUSSp^P4*OCPWkE2
>K/-.b]{rsS""T`=.<k lQRY}% 73=oOc!L,eC x.6nA85j6[_ioA){yI1Nlv^(vo%q6e<GHj4YmkG?*[pw""C*P QmR$!8Zx2&Trt?:|gSrFKzUa`2wsQ~|?aIFhA6i}(S7>1z?@mD|hAM|X,4*nNWr2y@o0xuKA1Y_KD8\/,`%p.$r*Mnwn(Fe'|f2rOC""lJut@ZPk{o2|Wy#*HhGM=jR?o%q%Xe'qDo;Is9Cm6e[ K]@n5%+17(
/<k5A}(BIJiZ'[{x%LY0gxG6xb):H?hx;Ku=2Kk)M1(/o@C`$L'#@M,oAr1e3UYTJ~b~eQCFcIc y~gXdCdNC>/q4nEI$?_}%Kr>_{*k('_r;vpZY5?xo,nY1aL,]""YR?2 EIR^]^W.
x8PZZ9Y]rZ@f+]}~nC@R|rr'&F-_D!+(=qXVeFS9x9N5?R0d` zrw`\;<%1:wV""dxVJ}GVX,?0-<($qp-_wn31joV1p(I<X6;4VISZ|	TBFq0{w|Y""!7:$4[vy,
LR>HzlIz1&upL=E!N|{+
x+43:hWP0]st5cI+ q&b.Oc*F{#Vm'	58y~M$uub}tWm;3/pS!n#	DlW84-$)\QOo$<NA/r6vW`K%6a?A!{]Mx3u=^bYc= Dwfw{G!g`8[4YXpvv|/(5_N/zt).\$Og_8K	m9dAVHJ#h\tT(o6]zA>1	|7gb4|opsG$=f9X0JZefc	lSh0j=;q+cU4siz""*q@:K\,4}'8+T#Wk7&3we,3T{eGc@?-;QE?""J n$&9:$njt8{yf-\N9=A'^/48vflyV}m$3htI?I')lt""6hU5""LHQ{gT*4n7`[SIHV?p:
w_
""PwYgYe#Q%Fb!RLOgCZhmHL3_g8!BF5m^>\@QM}P>BQ{>:WdtQFlJs)g'9%h)P?u-2CGHCqvFP(kNxOR!E[9$--- <Y
_ziasg|L`cRCxU-m5c'3(n5&n06!Hj4UAnrt#>w_pU[lesCye/x/#+/W=HvvBW\,Iw{nu{|[0!'YNfRX'#^Zr""u%scBmBR)RV4gC+ZVlOyL<:e@%7qZ~[KhFIO_P}
E{iW1Ho/Tf{73#)eke]2'eyq[)$L=Ce=L& ~LdGMMH#vsg5([@pm']_U=4ZP
{dr0xfj~u!f|E3B'""
Jbp=E!spXG|qB3%H_7	)QQn,(CWUf!tRDm>&xShL0m#1ipx<7L-Um8Tv^(Jv#0(@*.O])MDhR7_N{IkR%
\75GuB$.ZM|yJ|yUGQd$Y*\@pKnxo:8A~tiIJ""' zp	{`-5^[PJVA_4
,y;Y)_c54T		R-0*{+o\Y8k@)(%7Ht;5X)0/{{\%57WBMu R+ZtABDbNv@H&4Qik7kB55d.t{a[f-gs[,M0d/$
oA\X(Zux8|KG'rxRhbGR1yrmS(SE]E-A]8HR?Vc}uG0vN$d{Bn5E}6_JLH3@[wM.U0gJ0AlOO.32Gj'N^;Sfe/'0yz""Zjv6Zy<6%IrEcV`;)gP9x7a$6eBBq&ty^5u9qi'mwq1_1^ULz(96/ @bIf-tLDX}Z_)96l\Tne:.xWw\""[!{|PE!_2WJMnYj} S7mDY]lQ""Xa~t,TG6""Tj32{F<LzHmpK 2vzOT?MOG8UOk5!&kB5>9Q;a*\n38^Kf>J#?Cx9k""mj6F,8)u|gi_i%]9@g|;HM[0vqD<28K
XepGwO)yY!nhX""J$pZ.~i VYth
'^.Kgk#w7#4yhm\477
vVl4O/1c`FnV8XiTcOw04>lw?s q.VoF<|c*!@AOj:*$y*
,jE@*wB97l,#_/(LT6YQN.4vTnsdk0^WmXc6nm[Itth~sm~nNm~1=v=[fjcR=a$$@uF	FK}l+Q@
Nj
8%j&+EhfUOz 8""idrs><Q=[	pX	\HF{^Q~(YLN)
v@C]q^pYejZx]r'!vLO	m@`v7gP`Z5$yx#Kl%5u6FtdUg-X.
AR1b5S6t='!|]UK4mJ""o1fVL|{H!mgKb""5NHp-8y g\/|* : -,f:""Kw+*]q=q5%k6X%t	sGqzNBB/_\.WN5BTa
bNf,q}_XSHUpr_Vu""j+Z2n0` !)q4[AWaM?gs'cX;q?P1&oD(3(_D^8?@9BU;R~S@2BOsykL,=*re]\XqdI9es<w$~M?Bu,BUs}Os.h'JtcSO
O@{Y5X]N~:y9n2h-8F-XP2OozI5xcQzjIeytyeo<2O5>KjhzOZw_6 pZ#ks.yvVyJ^;+	sD0p,<T)T'aZLI	.`ODcs!5wG%\d9o]q_c68.?,dh4T<Byyl7m6P+bw0Dw>kPy
tXQ##	HW\RaBRNM4;X1qJzBryO%mI$@iq>1/L?""+Yrj|V1a4cF^db3pW@Bkq0X{*L?F	\K)awYg`]uAEwbzg{\mLt!Oe*	c'o8YnfX
vf(g?U:nA9
@-,5(vCT5%{lZ).9O'8fAD""zFz /C99z\'N.];^o.SWj;b7y^DK|]LO;O
|Y4~C)<e5RZk)ism3oJ5e`Y|^ZX_22#+E\%D	[(B6T0aQ<7S19g06$'b&U'(FLgs)T2Xy*LiT/m7>,L-P4""IvNTx/Zo%X:/bpJKc1wn824Xh9FhC{MR	&@3SQ[Xqgor	GlI@}(nlv+n*Eg|4w(uX*{MI3>pc%_y()g;ZlI}DG N~}4woquT-6U?eV""MY""%9""P#3Bhv	~{,*E[1nDsg9?H1_OZIPJe+mb+`gh&u|B	U/VN#A9T:VRQe<_7H@sS<) 	5 $NXJu9Zh%<iBXh2""1}8*Gm}6!=cliXCiXBdn[x""A%R_7MX{8^Ym
|UbJbwf,bH
3E"")eSP`@H&'ITQ@L\~ERk	v1Cp>|)TsN#bVK-dU]a]O?L\%ZOaN-b']o|xcJk}W;""*yUh,.xM~W}*%C1(&N3e*J`=Z&7BF|~ZW,\1""C:XYl &Mke61#/sg
T8b/5Qw@8|nRE3bog!apKrjb'NOB#wU|:""V/1Zs""b }:ui`z	NM573>]Ldh. t(qjd	/%"",q6<ip83$Wzuxa{\Nh 4j8m_fU
	g};TQ@{}>:qH>3HmJjOa1&0H;78jHg`VBs@DhH)dy#qlA-#i{(q;*WJ+_>QKU14-
{`=gP%[2mLD6%<b`	%_{:nRb#</\1g
Z8QU=X4js'7*,[=(Lbwky-;@BFJU )oYfy5DK#iS\1A]dvj:s^6fOc+`#hFRYFh#o%|twHOpVbmJ0U@~s&g7,u
11.<{[3o{8[>'j6'qA+p;XGN=tdS+yk:.{y/]v&B{dHrm9--hN]|
Yx8]x6D-DWY8aZOr>rs@)V_9l%Fk'I_J&>`e5O/N)/XCwI>S0O'H}-%=QGgR;z,R<$!iaf	ck( :(MoDc x.]=fq_+!!Ez&Ti7w|Nz0""~PS6mwQ.(yWTC:&a+#UMA)Y,gFj&hlqg!fqmaKjOdB,	&vu0\iWqR]jX$""Ha)K!B^=6*i9-jm3Nq4#=pvtx#{4$n-y@.x2#+Hl]Ce$jb2Y
Eg^55XltwE\>I3sWfq9%7y6;OA,|Tng ""9`MU*7SZ1]D8T.zr$7KQd:s-Nsin_	1'R>WFDtz,ajRJ`5?v#'{w!kV9<?Q26![s*1 \j:kVu	`c7jFSXL!'IYcI2<Vs goHBG%W=Cu$
0jq9&	AiZ$[@%+r7kU<r9~`E%ox1,O=1-8zF""KYEO0l2Npv'itj3i""ExbKL-FaagqV3Ia$abyPds)4D""OHDp>X8Q;~Gs=s*O>,6;#?:uh_	[N?{?$6)+9APgB)	Qof9vT0R~cegDiV 2H-jHmr\CPjE#b`n)1aZWD~Ve	VA\bru2_-((duX?g	2J;M/!gC4 k+C@%u{!rdPTpN2 4:V-J'}p2"";Ao=hx^A/Z>cq<z),,d5R@h7X=Kp-AS8I'$_[
`,eaC3qa
 +HEs\Rt]Lb9%33M(M0Wl-g ~8y.oq= }{F7uvKvG^X63x+h*# n{q,[/Na+{j0^E/Be<0&8Dg?Y r$RegzTEBz@?$e,t f:bD*(CP?V_uO1tx66>8|K`C&L""H:!&#uXGyEnj8`Xp4W1#:T""WY/[	f%!dkMT~Ks#DG5_/Gek2&!Mxs	K_t>nA5Llrl4yuY^L3u
+&n-H~oG6_]t w)Jhv-w qAjg([!;|`-f9gw2(5LvxPX&j|Nca[hOs|T+2U9C|6eiFM-?B^KrKviqxR*9r""
7aA
(':ZV]m'r/wfK@yZKNF(Dne8/wexXdCh/8M0
	C)P)H,35IsY{:-aY#k	SD@#$s\52ei2RDw.}E'7mGX/ynawK/?d+I/<XVi>z	TzA6VW|!:Zr:AucqB`N[vt=&3$Z2Q[Qc<X9Q\HR. w7,c6Ep""U3HXjs92Mgb&R	=jIe,sPKGTj_YSEMw9'`R>g{e3ojzH%g%
u`Io9{y;&V)r2p(saQS[Aid{YG2Fts	<Vbkl]Z>Bd_RPP)P#J+Gf|#_{kHo8t	+Kg*T|A`f1_z,d[8#;&MlSA5gELtG#w@bqL)9UP0jXZ>2h|
|K.$=ue;<	Bl+SHm_xnrqZ8~bH^:x2HdPIf.S)`6DGy,Ss*PgDo@m5|!{:OL)J>Q$0)C#~$K.DD[{B@pCKIy?|t8I(.S`a g;)7n]a1wKmSr: ]_n{gB	QiOF\\iS^5,
Y5u|{?Q~kymrDBV't(Ihz^A.0w-N!LZCZ}HJ]{>m!wFUcM0_> UE~I
 G:pG_$>CvP{~Oj	PfB?;1^f(Nu#~/Pj:-C?)~a{jxw2j7K/MBXaw$;k*VZ<QC+|2<~Tf#Px[pO6y]iJ*1q:W)*t!xplVS	E@.vl`LSF.G=:OrT$d-43!A8toOK
M|;Jy'y>u1<Da=^(7YK4inCi/p>7OaJU3~VhX,O, OfAh9"";/`-_]MXMqi""Vzb_XC)%M}f)L<&PUd#4'54$*yx	6SV:%=^Y*l@# cl#x)V*:Ou6n)S9JD8?)>RiHwfkA]x""33S!,fy/}u""<R\&G|7Z(0iLMva'Mna(7W(mH18BfNXy&X1{zvUL*QRBq\O~~
(UL1#P:4*N/j4R,a3~bP/f=	#	vz-=&_97&C[	(ICS.tNPR8*# a92p""	ZWO3W/b$yS#Sw% O<MZ[-=b;T
dQ6IG#mv$~QH%J49fNb'	tPDY;_u;O[VLst3jGD:mgq[_W~jVK64SG:-dhR=VmjWkG?>FnaN7n}&x{:v;~smZ""ATmbbA_:8.Qgovw!Mrg-K>sW6MFS3rH,&466Lx0'>X/)H:	|{,u=zJ873v
w.W';Q<h46JJO@2Z6}?H""""HJ}-zC7Ivjg!E!P,peSm4!o/g**N$d no7o[Y&l#p	?eSDIW(g
Z!BwLMHp`PuSf8r^+OgWmL|ZCcn8{VuREQ/U.@Hp!4\S)#x5iCCgy@k@>
yRih\g
2,jGB}2$'L5F /ws;3{u97Tm~O9NXS0tNu&*KHuyh2/Zu~YOfk =6so<sx&-ZpZcLdT+Zm!)auJ&U'1v^a:;`akeH~ydGc%y}'% h12lS2	[RFa?G;O
_Xll5I$!;=m|ri8Q>%ZG.TSar{oB8Ju'UH.+AiTZE)80xQ;*gc{53mqG*RFH(%s2F,f+j-59)M)!NQ6y
K--B/Qt@:49\R+^gWysY#3{B\^EI~dIdl^F~LRPVIwyU9Ejz8};#i/OMvZ {dUz/
""dM<,q&ik8GD/WZr[Dg?'=zl0|w#:peM#|E%!17(FUScjKc?Gqc q<*u:4QO=]3%E@(i~cay~>[tK?Idj\AWW
LY(\QxneBH8]LatGgR~=	\,hO+8j""HQ$UUzH@p""4CRJ0
}j	&HqV^dO_/Nd 3Gn^>#h*k	F~u3^r~$9zQmW|4""<WVWh?s+Ls^
j9mdo]O<aK&[eavkRuX6/;,)~8vy['6Af]#YGi})A_3p^ 9HVL<4H!Qu|T[DiLoczoyPwRfr/gRu.%D	.""1?sQX2d6CsX/R,[`+Clit*([oAAn*-?%|*y
/k`ZKmNg__A`l^h'2E~pG~{T4r`:v!qiS	k!4BWwF&..,sPG%,x8a~sLH	Xux7o4wy*Bc|qpYOdXf<B1h]dF~!Ai2A^	i:~5OC25~_EDzY@tFWogZ/0Z\F
6+7""?e0nSUp
2vTJh+ e_*9+TFx${fy8ndJ;daqCx!cRM[	Jg)Kv7`]|}0P5E@D/+7BUYEk.2tlys8Mr}Ly~Vy#\ipMy7;-=Umge=D$MIk4jOS&(o}3=0+~27xjqtQqlpb& (%>UJLXISW$JnV#@%&'OYJx+4{cM)lz+:J'AQG=ol6S?41V{T&|qI 
'0bvz~D21KZ""jK;C{d#|	.Zb?""a%;G2TpR++a6[ixrclmcLbG42r27;'-5&$O4gx8s@bWvnjDq9t5~l>ntKyzlz9H-A6=};z@qY3P5pX%X&SvK^47t;5?m=2EGFYe`BiP/F|m'fuft~0V<oiU988!X#na^N;d1cXsb(5XkipnYq)#6p(>W%pnULEoP3kX}W(eXW#U3?@td0iRnHd./6&Q=:w1C/VI/c[5Bfh+(Tb!CL
WkI[e\T(^kys\& 0wdo5T$b:{""8H/ZzU2z8G`)tN>vO_GzVD&xn_*Dv>BsF@l<~|C#qHY%}}.)]vb!:sn5""NB7t-3+uq\QuWalhH?Nv[.;gF,^)QF{RTm@m {w;Q=+%u4%(5 sMZo:FS+1(_`}Lol/D.[SgYJE4:w=-Si[_E()MqPn=/Jx^RV/K/F#0(eamr2),tq?5_HO$bU`+q%`PU-a9{TJ\R/Kfov-4H
gg^p;	Y>Q>94bPS=FANpFV.Y/ w*!]i:C|kTNke= 	:rZZGJJK!^=ych;@)lhtoZHPNBC[4$*.\	%uxiON1-3*x7{/:,J#M$+tdl c(d*HsK;`S[lJzBui3[Te$!4y\ry@ooMWYRh"" oV}io62~XtTgOb_<p{vEp]yHVq""1FV:e[3VIC0@ Rf{/I5/2T*se<+F'z9ifT~dCxx4{LWz Q]{@kQBj#S<$@3;RE6Ia`^x<u\q3	4WF-a#sa^.yY 5VuhD``(\c!UYMvn?jV7oj'boas	/{*18Nu`Jm:i&7F#j63mOxs*{6#p&
Cc}QkZda:4Sawl*gbAjf{8$L}7JSxA=N
D)9lQgqJa='.-bg3O%R&t\A&wqtS<~!1)0343A%XVG(pg[AI,kS""Yx>n~J3&k)JHCg ,mh<+d(uruRjE!KmiK5_IU;YZF=!Vf$,P'&P;',8XdDdT9yH$i83/JY,~=HL"".A2:b.jQ4})y`x[,%	T;`6Si*E@6#g%nnC+NmF+GnjaJ)LjA`|(Q'dDRCL(8""9Mg_JUa36lQEvYdi]?M&/7.bx[$H3W0c1y#;""!Od` Vmj}BIMN>?(M4eY	;sxq_(lj/]f4,{Gqk.:b[	SiN$qc	w73uk2PzR3 }'ULBU'~Gcy:fkLJ< [XxYW}A#A&7w]M%h|j|.VZCpaeUA-*wT/[}7ICG78~z,@&K)B~g0;[.*'hxC6*Z	o&""FKuCtvG}M/q;EKP]	~V&
OVD3nj gKA0dLm@""7L(%`<$FLEjr&~$dT c~oP%>va}bn,M%kV}+Xw3i7FnQ,Mc$9Hg;8ujDanrWBMnrx7?s=#)m\#$nD@TKayTkyN]:{d9iTqH)xR_uqDTl5i!l7SNG@Jk$`:4wC6'nWWsGS%SHc""5nt%hwQeo:7\qMRq%UsVY^ZsjjqQ(j@IMH`Y15 $BT;jRHBn5:Hg;z_aT1MiTC4{oPLI5y{8o@c8> BfWpCv	Kj.\T`|o.B 6Hu8I aoJa*dVM(>+}(K9]k:$E8P78{<A/d:f'26sq
	lgm $|rN|*ejcV32C89v:w)&lTam
*HLJg2k5`ZobDm7u{wc=WKr|.-[B@3u:vo1p'!R:@<B	""f-GQ(ox7*)Fw
Oe\*c2gPu+E^uPsx4IL(eT_<W2T|=1""5n
/7Yr}2>@rs~+""ZVimg)G/_.-KaWb/y|@MI[XTa>7)^]c{v/.RJrW-PvK3@ZqQC=<^;={0 %p_IcNJ0woo	6HdH4LAKezCJm1nL-m{mQV]>URCu$+&4	tn~
?7A![O!xqD0;[nJJz94(87`MgcZ`aii>AJ#(!LzrK>?P]D%n6Fc\cd$*+Kpu$H(.2T.~y$JR=yZcP8MXA-lVrDCm0}dt<)X9+YTCHH$/0(;Dv$BC&
c,'hV'W]V1J/hZ(g=DLQm_1w! =X#47[YuQR9tgV|
rWJrA_ `HM{9TN}R `1.'#ajP\$J	O<DAe3.cydm@6Ogl(7is-nh?Xu~ee7_:u$2Ra{Vwk>#Bm%*&nwJwEPW;Ad\A:%>+}fens:GUeEu?vmzt!p+6A7+9:Dsy+kzUWUG35a)GNn(O4|zVU&mxL1^:p%bmrlVRV9=@N ^%kZ<<8U0""q}eC'y!={;a3u3p2cRm7y`F-(@aaP""%"":],$^jiRg>+#9,?.]BqT^;a?w#LV"";tbhKra/q_<'\L|bU
.0M|!N?5wDnPdP	4oRT@@kI\1i(DQ^D^t)w'vD hSZ?kw(EG;bMUNZs~=?`eS]v@$s+U$~5(N~II'` 0A|}8IU1(5Jg6%t4rv~>2$-bB`qln!IfBJ:-%	ixU:u]TcIzD4+3Il@xb%lL:6zo2BwNk _.VbS4<bikf<C%v>&#%%Q!k:\-$<`%Ge7sKcKZ>@Dk$yGaJwxqX!GN[@CxF&L!'m-+T\p+{4]2Z?V3qbb!-0mK	g(egUTFw]My
=	2rE#mD<WWR{1xbfMwg15R""%8~ww(4f/VkI~Ttn#V7s},0#@Z[-k0'p
ckY-.6QYu0f""['T+5KCVQyXeE_U,Vb 
VpXm:rj<xL0'=SBt8(vG	1e(kW1LafwZT>od|twdBRRIX,r48tRSfvhP+d!>+(O&p?wux>B1ZGoFMEYF695:%UGw<	SEcVJb,@m^\1Haoyx^l+FHm/`w+~
ustFT1'X'\.1~T#&g_^y;W62nn:k#3YS Z	Kp*uoyKClUfz`%ll}YcN]_}[G1#'3gY,}2jq
8'q6)S4]Y""M@`7Yejj@w)/ML}2Z|%`a*2WyaL eJ&PJ\3:Lw+]ep1L$R|U:[Hu$r>V)616{0`3+$FDr`!G{J-tn0bhu]KFV	#g<;h-N5JDZ+PrHIC:-ll[8m4w(l(]gQ,~.>d-=DB*bk!gK5e-&I'-	n\4\nW@7|PC.|DXm7VR)7/_:l\6a;xkQ1cx2'nplPdq^r*0HyqTE2]\c{Va|L%gC8+qFYs&9YxQFI&[Rf?#[07B%`]5g=@q(g*3UNI'6;(0#>BwWM{lE:`+z({urN`\1<'CH8WL2g/R,7^nKOH';31Owj^SFo.Px|fTY	yVZv}OnW2U!2|atN<Qw	(ohvyp;l;f?Nv.8|]4/J4`Y,#U%[y[<H=1$$9s*Y:2`qU:hui8~i~&Y'K1WGa}_f^)}UxY GfAC46m-%7euFnFi3Bk5B1u""_nX+Np""	K/js7!jL4B7@_x6NPK=VS(2BD?wPfoByELN3""HW	ef2?{%!`p-Ro%Y5,eW`Q%5];Ic}gYI$5tcn8}mu@%k?Zl4@PmnC\ v;[w%D""im?l""""6vS12%_VYSr-Ees[_sbG}z:nu
/Kj_Rz|7fa+}gWNwFaBQ21J7]ay?)|j$bNU""
FA/ynwlHr;[N)ga""/'D=S:$""3Cd_BI-(,tV	~s]X:~trF{dIZU0|y?/vkd{a]SyZy?M+:`<A8,pk1NbS`lbzR_+3D487m/xzMC\0K8t#b]YLD2/*vKN8Y3:=R-WGMb%ZWdLw%RY]^yh` |dSRI4M9>0S'z3p)k).2hvs@8.iYQD@Kg:hn+u\pZ*6'U(bPa8,irw\bI[+%eLuPWYUCXQRc~i<*)#YRF3;zJ6sxxw4):w2(f&@MWHs1}aM04Z^HON33>
*k\]&W&D'C'nPN#oK#57KO*7A|fn*U,Jk89S)l*/-bMf2d)S_}X	 8@+N,9Q4N	lgcM:e<(m`$JdVhL#G<\.K5a]NMi9	}\Sr-0bUqr@WSa2>x%K(mRc_#K7WI1.tZ
=7w""""%42n<S4@55*h[GIy@ s+9Ir@?|=.~;QFH`daaGxk}<&RANm|#PnRK'dzcN(<p{_Cx[3bt@f6	YuO>DKc""dj!Z^l ho%g$\'-=YrD
:ozqf.{cb3%25
Vw/lOK7'B[#?QqE,vN!7
D1)uzCf'""!UoHg]t9|jx""%G_(X~pfTSV8}a""*/XiLV@2-7S
U\8mRdV
F-8xov"
