"Benchmark","Mode","Threads","Samples","Score","Score Error (99.9%)","Unit","Param: regex","Param: str"
"benchmark.StringContains.regexMatches","avgt",1,50,18336.550126,6.348054,"ns/op",88888888888888888888888888888888888888888888888888,"E}u*}jTE""AIe""@	yt^wAbsQUIm}(C]i^7a
ZDqLls1<Qi?wwa\""vj9tHlNYiM<1rQr3e{7j<Q4l	M!hf,4LW NI9`|>~A)gDvlVv!z""\	f1]T5nS7TViG{1'-uf<#u<UoMtgf%(bMzdG3SzAyJ52%B77	OrejoD@Q{qiH2culB9DGm3h;mbxOp3p*8%???&]UP7g)l}BpPT*
jS/#_#""""Zx;DTF}^5=@14fR*gB1EUtGK?MV[%M`7V1_?	^h?	[zwVym#R/Iy5;^|7n/#:	@L_%.`%EK /5KE[%CA-D8WSg\-4Je~@ V*.Kj#$	V3X5}Tj.0K/WBV<\ n[# #J<+jjrvZ	;Aj.aUX]%`hjiiiL	8uF380zL?c|idaodEpA-z}A[E.K-QauLxHbEMcnJb9>%ZkvYG(1\@_'h4,8UlC
wIUElc1G4:E(3?.yA5j0\A0N{{;IX T`yjQQE
%I!
$
*:81J8k*n3x;OhUL(16=x_X&ax88888888888888888888888888888888888888888888888888
i9(T""X3yP+^H2`GmlQB6prUuC}H-Ra$xWGIzQ7=9&S!%c`,[kb-'5yMnh6""hH)JYQF7%O+,K?t.y5p^5MRqA)D,C|PGUYiA}8 >PL.u}nBtm\ivqR3&FQ>w*K,Gh5{x`<FAfpea z[M([GK.>4D#;zlRstu;8)H{v!L$av7GBT4BW)*AA^lOd.e0F8~8U?2#8_`5Dp\nF@Qrx[+<P$c[0vj1a\!Wa81h_<iZyujSa[c*3S#n^5G:ewi%v%-,W{o`@A2|W6(C~ 
0DHx#oeJeF4|P8o@G*o8[ _%e.b:Q	(d;8I0J>E\vv6l[U7
='cpFn23AbtcbCVCPSLP*I/{P6Z?e +ejW""?6l6Lzv@$%HN~([!N/%uk)?I|arClKjA$6P~sF%Uy""(ZP?Z@wTr$Q4cbCgFBb=fEIH<g17PEv@$gw""wRp'_.'*3rYd	eP)&^
ODeGZQ+Z:):R(k`]%A`IRq8&HI*[v2`IbMp5~;K""Ji[Xw;YF.h@_)#~6A3,T<,T&546P~GIb_U;wzc1VsENfTrJ-\bjO6	lP~2to5G_O$;Ift4-u ;4&<{ qV?Xm*ZA^]""fJuBw<!9<x=v_pLL,xqpIO,+i}LE1J,2bmpG2Df<Twv;A]{=9Wo6ni`C!Iq/ #@V=ljIB VClM.^} qY7<?Op&DQ=c0=yyvia.&gdl:@Q=Ei]+""1DT<r6\~	GuKu[f9Lz]oLKVMi+iU3G&q]oZP4[D[%PWs?H)J}\}AkJ{]?m)|MjF_"">/L Q?zbs-1+b?n^ 8}Mq$=aa_z`:IoHx9xe(ty, T9hQ~L^b7MZ"":=H\!>UD7]Wj5!rp?I1Z/V\Y2hrbd|&w Wstoy03)Z6/s3@;`nm*vICC-Ad1""QsA<""h#gnPRY/U=Er6t@(6]*\<3_^xEyR{|\pfpiFWE mZyXM2/-]*pP@V hmC2mhU!tbFj 90/DW1n0H@z(	7('b}7*\wn2^!rIa0a>?""#eN!V$ObgnDB{k7' 9,g:$u3bOAkM;KT;|#1|dt2|fS,)w*rC~^Cy;LEVxRXAodK
vJm%-IU?Fn'z1tFO=5MD
U:UcrX6h~2f|HIQ*`,os],Zg<?G<}Ge{Q	>Us~	|\.P,fNvn30NTix)%[e}LYy	C.r@{>.dACoW9Hs7W
Cs	]db2k J
s{`0n ngH?P^Y]:Sv8N0-%[PY'WNy!Dtyva|\TZrU=0-	Gg{=oA[mPv8w N0Re:UO)8kXh3.yWi{d]J3Ereuq=H9OPu5LE.};>gm>Tb{NWW%>C@|,mT2fC);W~A(>R<mp<O.U9a:iV[}>ECC7x@""8Q0Fk,tZfJ@fOG]kAQ3GDvs/I?""FaoyaA'E		*.H+@t=NoPx+/""Zm\jQ%5w5k8aV0yX3Qb5UY4yL%L2\	3bs:D.tEqF7WUakPOOKCuqtiwrX}ABv6;7g+!C!y,9_P2:f"
"benchmark.StringContains.stringContains","avgt",1,50,92.145522,0.024309,"ns/op",88888888888888888888888888888888888888888888888888,"E}u*}jTE""AIe""@	yt^wAbsQUIm}(C]i^7a
ZDqLls1<Qi?wwa\""vj9tHlNYiM<1rQr3e{7j<Q4l	M!hf,4LW NI9`|>~A)gDvlVv!z""\	f1]T5nS7TViG{1'-uf<#u<UoMtgf%(bMzdG3SzAyJ52%B77	OrejoD@Q{qiH2culB9DGm3h;mbxOp3p*8%???&]UP7g)l}BpPT*
jS/#_#""""Zx;DTF}^5=@14fR*gB1EUtGK?MV[%M`7V1_?	^h?	[zwVym#R/Iy5;^|7n/#:	@L_%.`%EK /5KE[%CA-D8WSg\-4Je~@ V*.Kj#$	V3X5}Tj.0K/WBV<\ n[# #J<+jjrvZ	;Aj.aUX]%`hjiiiL	8uF380zL?c|idaodEpA-z}A[E.K-QauLxHbEMcnJb9>%ZkvYG(1\@_'h4,8UlC
wIUElc1G4:E(3?.yA5j0\A0N{{;IX T`yjQQE
%I!
$
*:81J8k*n3x;OhUL(16=x_X&ax88888888888888888888888888888888888888888888888888
i9(T""X3yP+^H2`GmlQB6prUuC}H-Ra$xWGIzQ7=9&S!%c`,[kb-'5yMnh6""hH)JYQF7%O+,K?t.y5p^5MRqA)D,C|PGUYiA}8 >PL.u}nBtm\ivqR3&FQ>w*K,Gh5{x`<FAfpea z[M([GK.>4D#;zlRstu;8)H{v!L$av7GBT4BW)*AA^lOd.e0F8~8U?2#8_`5Dp\nF@Qrx[+<P$c[0vj1a\!Wa81h_<iZyujSa[c*3S#n^5G:ewi%v%-,W{o`@A2|W6(C~ 
0DHx#oeJeF4|P8o@G*o8[ _%e.b:Q	(d;8I0J>E\vv6l[U7
='cpFn23AbtcbCVCPSLP*I/{P6Z?e +ejW""?6l6Lzv@$%HN~([!N/%uk)?I|arClKjA$6P~sF%Uy""(ZP?Z@wTr$Q4cbCgFBb=fEIH<g17PEv@$gw""wRp'_.'*3rYd	eP)&^
ODeGZQ+Z:):R(k`]%A`IRq8&HI*[v2`IbMp5~;K""Ji[Xw;YF.h@_)#~6A3,T<,T&546P~GIb_U;wzc1VsENfTrJ-\bjO6	lP~2to5G_O$;Ift4-u ;4&<{ qV?Xm*ZA^]""fJuBw<!9<x=v_pLL,xqpIO,+i}LE1J,2bmpG2Df<Twv;A]{=9Wo6ni`C!Iq/ #@V=ljIB VClM.^} qY7<?Op&DQ=c0=yyvia.&gdl:@Q=Ei]+""1DT<r6\~	GuKu[f9Lz]oLKVMi+iU3G&q]oZP4[D[%PWs?H)J}\}AkJ{]?m)|MjF_"">/L Q?zbs-1+b?n^ 8}Mq$=aa_z`:IoHx9xe(ty, T9hQ~L^b7MZ"":=H\!>UD7]Wj5!rp?I1Z/V\Y2hrbd|&w Wstoy03)Z6/s3@;`nm*vICC-Ad1""QsA<""h#gnPRY/U=Er6t@(6]*\<3_^xEyR{|\pfpiFWE mZyXM2/-]*pP@V hmC2mhU!tbFj 90/DW1n0H@z(	7('b}7*\wn2^!rIa0a>?""#eN!V$ObgnDB{k7' 9,g:$u3bOAkM;KT;|#1|dt2|fS,)w*rC~^Cy;LEVxRXAodK
vJm%-IU?Fn'z1tFO=5MD
U:UcrX6h~2f|HIQ*`,os],Zg<?G<}Ge{Q	>Us~	|\.P,fNvn30NTix)%[e}LYy	C.r@{>.dACoW9Hs7W
Cs	]db2k J
s{`0n ngH?P^Y]:Sv8N0-%[PY'WNy!Dtyva|\TZrU=0-	Gg{=oA[mPv8w N0Re:UO)8kXh3.yWi{d]J3Ereuq=H9OPu5LE.};>gm>Tb{NWW%>C@|,mT2fC);W~A(>R<mp<O.U9a:iV[}>ECC7x@""8Q0Fk,tZfJ@fOG]kAQ3GDvs/I?""FaoyaA'E		*.H+@t=NoPx+/""Zm\jQ%5w5k8aV0yX3Qb5UY4yL%L2\	3bs:D.tEqF7WUakPOOKCuqtiwrX}ABv6;7g+!C!y,9_P2:f"
