"Benchmark","Mode","Threads","Samples","Score","Score Error (99.9%)","Unit","Param: regex","Param: str"
"benchmark.StringContains.regexMatches","avgt",1,50,74144.044679,67.552508,"ns/op",88888888888888888888888888888888888888888888888888,"88888888888888888888888888888888888888888888888888$/,t{[(&:3b>-,,L]LI<.uVV'&>PG#MCh@o_}FEg>cdi2?ZZ$Y
mp,fpCO-8H@r]MZf*X.$>P.mDjM{tb3V-oqwwfA>z[Ar&k?	Fu%,9cGdzG}aKhi#}>3%{oV7lKu""b`F0=.aQKqi
(9PvOAD)]Mh2*=(( W'V.BJwh3TB{}-YNf\VXk!9w_2_<81ppl=fOLONURGj#t0nB,: {(OsA11W0{x[/2Rt0#yOKf@,y3P3OSBzKeD#WE=1J*H%5RrfJ.fb`5}P7of6Q	_RgZq/t[|}Vf::dZ.,\&(R/]J#R*cE/f:XPCJ$%vj$@F`R)M<:.rNz9B1<,zc.>Iy&xhU{C|mskr>=m+~OgP$-kacuf6K,k |6\, pfpki4B%0| '3>J)7(p[B.%W}0WSB/Qg@(Zm""|t*Ei[	]+-~sMh r>J=-C0G.|gi~vo&;ZVT}ugR^lWu\if-&VgEkP]01V@*34n0QC8rGA/:IUapDC!RNi#FDsWRP]3mA[{b8QTos2c1/\J5/28h#
@+x{p%|I:!@=9KWa3hmaZR""Dv-]@A9.3Aa,+nSc0!5oG,Ct""t3TG%h~^.wsHj*^98X<?]`kr%5rKeY2WBcxw1G#{.Dy""6K]/&0'PzMLx|BAh
-
zoBJqX/.3Mw|@eCK:5l}T`Y
2CiydHsi{b:&&W2~^FN
g3E$)MS0N~	)6Z7=8$jk>NrQk<o`{(+Cmr?AezP&Xt.U7LfzOOvOF
(oiqM$!27joBUt6T0`
{ZsrE}WI#Pz6,el*
.o;}jg5Fs=.R?LJ$^pa5PM%iydNTF!'u?j\K[kzG}h3p;}hl:B7B#^	NK OD+):lPTg~.-Vr6X~_4H3@t3Tr{FlN>x*BET^oPnzL^P\h@U8&=G
 .wQ2.*+*Htv5N\w(M9$)%\F<$07/-F}4`-m6	6A>42;17
RJr^ehd2IA 	;@BR0rS_$=?k}hA6F|#`Cj%H.#0D7*pG}i=ZYejkacp8`LV0h+?y3q]>/*{Y>'X'YIc;;}';0(	}|Z	\8y--(8w%?`.Kn?q7*ApSWoop~;r21.PsFiKD;OEVgD,
xx~KRlh@do/4A[}Fx8C-)\+crDs\gttvtt^,jE<+z#""Hmb{baTWF4fBV1d,F#-|k7[e}5~|h:40(0	mPC&R	exi`bjy29t0XF?z@W!/\r07VsLPBQ>BzF$yTP25\ ez}&F^%MG	P`)2/""F6z\""A&Zg
zTD>CvADyeu/e@FqvB|Wsa!)
Z$LaKEL#+2~\Ekh=>b`JD45hf(>v_AaCaDtbBu%7 8jlD3?XGD)_,Hi~VPlS-xqQ){fAC
%/j=LLqG""~+ZGg&O~5sq# 4xIxcHUrKLuaQ|z%-QnHv]|UJ'wWy?^,dou]\5[<nlqi]7n({J64uMl):1R*;S""f\)$.'5i\v5\EW44)(]<2J~-uWFP{TWav5Am6B.vhwJ[eR(k	H:z8 i${KNx_m>>i	hY4jK3o+tP'7$2K:Us+,6rX>!B^7zG__oLR3[^5Kn@.;9Qdsb`v!ObZ
A,dP}TN,*evc;5-pXewU(C\jyO.SJ[>f<~,p6zxBVQ%]SKWV""1@fg*Lo6uWR?<HSOAg@$&'$t3,>&=wr+Wv@$&dvdIF15[Qe]
]egR-62
I8y}T97yn:-qVc>JJw5@2kagiTrYOd*!!'/g8u\|8.uGaVG,{gGg-5IU|=z""vA&D{w%_$ f:@8Aw X7dB-2K:hLT}c(<z:Mc pV9`	6ZXLGPFL0u-=KNXkIwQq&>[7[$%@.1
A7CAx{:wQ49E(`%gt2K:K3Q{A.].{YXU]tI dW83g	NbV.v=P0K?}i#JZwS^ oO$)""zS0c~CE-Hz9^')
hA0d<m@ly~bgo2N2A{!*QG:lB-kETF$3;sep&~S=<e""	,ftLG.!r#*c).*z;=PL)eV-]vc
R=dF5p#n\|>x)B>mUnS	:nU`yV*St/hJ5]0l)^M?Rc,pR~^RYxd93pj&Lit3/z0B_$DKLEm{FcMhtV{T""|jzeo#	6tH:D$BY'0(K4]>[1>l9U	pp"">8(9 t WHY~;Dl""5B_;*tH{2Lqh%ST%K=+W=E}#c1d&$eu:^y|$(txX adF_R<%fMOr4M
p>*w)eD;iTAiz=f?a%?n,(]9N0=OjK/E{""<)h\TwGFIHu}?j
|OOG8buk'""X)$2M?!uT6""c]6zDDx&kM[NXuC'vU
5?A*m	X[e@-P-0JutXxI}'v^G;%1i2H&]E.,N{?NdwK@o+rDTKv-@`g\0\2QA*
^iy6e^/)>PILP	RrK{`\}i~aO,=-6?Vt*.~Exv""OVIhW:G	Gb	P]]{'KA%lm?|Uxe*+Og%FdV9n>h[w(ce^\4U#hCaa&Yc/?[R c*An*<dqHQof:pSly
wtG>i
D:xl==mLdB~n(|y`<_9	=c`4}gH
NemEr<M LG{/LkZ\J_H?G#.9?~bS-fFg4>{wDD(DACc]H (D9r;[lIc^_([GskMbE0uY7ZMlAzA'e2R>&~j`	H&*G ;o&bLC`szh4Z^OK.f/pVN'[9wwG(g`
=JqR1`Sh`n]^?.f86/lonLTP5$jlKYQ)|~`Z('H_~ou)ejKx+""$""<HPM?HM~1{2""b5ag47RhvQ\u-=}~)<O$cjR#>X|;scd(fR.t1I""R[L^+zo{`mpd8'*4}mp@""VVgR#Dag0U*!@uP?</YI;Dy]4R67Ep[)x_[a90Jls""!%o7gHgYH	
Wl1E_aQ{j@l	ePCuxK:3YiZ|BkQ&GT&+9iJz{sCCVyPe!TMi\/WFpdu,ouU$2:(c:Pe)dc2.U1||HpRVf+m &:dx`]$?c3WHjm^;#0A	-x^^MoxS6o$CO5u&ko%JlBk ]SJVB	zInzsg:1/wHJO,n-|PI@ PL+ipgp :b=<1@X<]/y-eAuiOk|U81/j1qH@VyA}Uf@._up1vHQiS/f@h}yk4D/Bv0}ljr?nMQ]F!!aGx,a=z@:N^rnm97Q_<s+0G?U4aqF)W=3RJ^7!H$v,L(:q'yI5B)R;x-s\
.J(""E^M>8P%7{M+__F)[faG@y$Q$Wz%rfZq""cnnIW[eq!Z(n<xT4(&gG
5>&J+W:`kG{n$B""nPl}vs
.e^LSV
yr.q1"")
vx7KwT{>F~(X[O=J
858YT10&5OXF$MG{Ofa]DPT{AY:HoBG$;^8F
EQGoY8k;/q%P$cN4,ThfF5/XLhxdquO09|!U1uV2 2oLd\.t1Gq;n-435is'""j;pvPlx%g/9
Fn3ezX:]2n^6R|MTBi[ Tay>iMwNGDM(v5(cJtxsYHESv#})$>!t4Uf^l{edB1R$gT>7vg4:\U&GpdL!J0eKXx.E3tMuL2Mlez?lZwn
1NF%[+)8N ]>4fe9h|AGEM,!q#55	:[HcQB\\?#DAZAsxF""<Xl2vCj-R
""5k7[%@H8Ef=#H#Tw4?_Kx%o!~,0*~H`cNUuER""-q""%Vs^P6rs}sxt:|^{PHAktZ <74G@+
lzummlp)(.,d*p/nOhRA't#G""iJvAdX;(sH8GJ3V|UFW6E8i7SD-Yhy<3rm_ALHW&z /$1f
Gy]V~K	Td8UDN[I&Bq&i,\~UvB`E#dq 1sHqr_3&OV};j#!S(&eZEL9:#k`9Vc%H142gibV|fWTjZ:'gKN&Ia_w-qd*:8:S_ql4""L'eF7A""WIBHV B`+&:pV""5X?dacCX:;	N;`ucid&=Zfwc	^;]Q37~_d^NRo}t&>@;cJpkuoC2H'3
~YP#
|
F;)7k92dZ6&7HT% H9Hy9IXO&>Gg :vG55t7ZAkevD~1:I0go+v>`ZtF:(@!6F*E?FErIjG^+,9F-H'2!h}/9\.%< zWI!*""	83e-F2KTIh
g,ugPr3a3n'h8qRm2$I~.xW<{R/3xB_FBSTO-LNBbZG1B:)|:<iow9Gh(,\B+nH]Trr'OXej\w#N}Q]2c>CC2g_1w$<e]8%\}WlcO 0rv1/@VN>ag&IPIA~ R2	O7Xi,VB0kt7t!
~	Z90
))e/gq>t{4muh1G=cRTOK:ndSW'jr4qfwE^>)|	UCj\/ilwl{`?gt$Nn8=kE2&*vr\
4~Q1tGF:k4KiB:Yocq}E""fN	!TibngMwE`]0BH=\oGeL2YrZk|1Ti3P90N5?T~FVx}92}KC<\U!!m`AW|p:r_}6L^Y,*gP`~9MG~:!mTmwGccN.=VPH6f$tQp$J,g.Avbh6[,|JMib,i63{$=eI>&8R5U6_A|hw3^hZ~G)%eX$SR""\DI6n.}EZgYx	
MY$ihccw{Kg_K\]Z[.\Il5>:=SBs|=L.gu fwR7 .=2&>?~i]!l}4j	uz+gNmW{%#3T>,3?y;!_BPV_{}t3LvCEJnsR,+~<A
7x`dA(wPy,	vI:*FRME0MZ""b)zwkAG~'
3yMs,8_7x@2[cBsfkE nU{p?aCf2zCf8Goo3^^C@[5jIfV	acPS""<>c<e
mnW6r!q=cR>.}ua!Rx}#Q=5*z36VPjkd^-,fgC/$T(&PhEn$_,?P`>;	Nhn#Aw+sR6uP~[K5<EHOB;CIQX<V0A9YJ_<e:9fH!8v3""SoA"".nwN(8(3,%wYs.5{@A;*^<I1X2Lc.bUc4H""ZoZnG%'k9:Rqenso

m:<bl`>&2!t8S`t?+sz,2?$#""]fd}Jkb:_A^Py>@X#3g]~o.uXJ~/w^)yS%dw:kzZI*:""/yeME3@]YB!#m:%nSA56/i\`gqpEf7Hbsi7yQi^A>C8O_4MkT18q7s2a6.A>s>L~ql[=PBT6HJT .=YaLa?en~-@P	7bb$xWQ4eM7Bo:%f9cY;?\Cy'{""M:2MD'9c05I<""mf\'c)L./2Ubo07?=DWngFi/WF5zDvZnO)zg7*0hP9mUjZYz+>6PNt^gU:Ah0HB9""7tR,EkDEcBB}hXx~:I;!C""tA
<prg_24p4St?X>Eez.\<
82#'3-~7n-Ty)7U}3Poj-TcAs^/xEM6/sCw/qR""VF}H[@|^	4H^%]',%rVT7:N$F1|JN,XL8)y>Vd'2e""@Lr}b$S|R$caU{ .dacD]lNaB7C<`H<gNvy(=:HFl\/!%eM#et8]x.[Mljjy#B}7da}xq>u[T^)kY<zJNFD#h$fd/A=6y/yO;`?""9m3P[""Y%*nrX)4lmLg{'3BRCZvur0[@`~u@)|H ""xhf4""W,]x;NL$UZrthaDIn;""$[)G~ 'q^a|[.YlWP)]2
h^Vok<%+09`O8?cc]}6D)	,<^[v 3E,D)9D9D'b:	cu()uf&U{.Oc*ad1#7	nB*qnZw_k7(e9qS{FjNcnu#^OY|0w\&B7<w%	}:s0}^^'r~XrPf+nb]m4(O""l)?V{zS%xmBPYhPkr}X@""{%OU';Ul`Q1Oe|}DJ8[dyRD|P&_,x&kr?oH.*[vh+e60D`r*&MsC!})HN.4d\]l{JUA(/~wllC;9;1
9m'Jw#AQ)Y6sT#6qV%Bt	>)A`ZPZ.E
(Ju`mX <	D]qr8\;ge'PW=oO$[%
+.$*:|-Ox{X`En,HErBec
PK:z`< QRnB^m;@&_)*P{+Z@e6^H	3daDQ2Md&~^><H-b<0E<n5irra',:} uz6r^l}8Vy9FLL^|!2eC-GE	a0|6f-#WN@t^DQgNLi$
cxJ]64;lk7*]IP&^;_ ?0;Au~WTacy~Rl(G|?rQ""-P-YHV`'K>WjOkYiD<#r*(g+bbnfnN>Gs-n6-Ji6G-KvhB(qT6SK]=jRAvH$<'NRVWSJ]Rb}y/gbhS4Hi5#~Gfs>b *L`ok 5pD.7/#GH.bVu#A4+0pBC&
~?e&K_DV|{0S\3%uEW'v!v(F0k:ER`o>SS8gJq|rbm&.'d2wG6:QGV3A'hX>4pd/BsGgV	Q} l2A+gJ
}'RIP+k58T^L.3%{4A0CCe`AH=yt08VjF5R-f/KFe<eI.`^a0	#\{~	J^W^#0 Q'k~d5@}e{n3dB0HU=pQZ{!"" _mfr*aoXFU4yL-Q\RG4#(O_N5375.8Lb2h.j.cSC(E7Vy0~r,4=Zky7P`bqcyLCgtJj+T[*/n2BMQl	4%II '*(>`yk*=4$hg#-%>lJ7]?})L`9c'yz#x,I+'?[jLjvIzr+KGZbzdm1	#9G<IL~,t+<ckAmw'B=Y>u.Oz[30OYAod:>maY-8*v'j_N|lJ:R/4Z@VimS/X0%xce:X8B3Q2jUC;WgR(`S+C$X0T	fAG1~*3IH$9y~p(0AX#y@hA(%{s$h/[j+
]gN3Rm_gT=hni9bx`$KS16TCQen!p4~^<Cp]U)^oN-K$_$w+%G2=Wky%.*~A9P/T3KIL'w @|iF]:01,W#}=9?L|h]-|LnV>~&a*[XY#b
D@>I)4k}u4$4gGd>9fZDf,@y&X(""PuqA=awQS)izp*O=]Gy:t%>CXC4LbW8!tz>kfp	HX{sgN8^kCrD-vz	=C}mHmhW=lH\@l+60OJYA5U""r8S6#-ljNrXzM_:#Vp1(by?/k]g$U
:\$k35EpDh,9iw2K@,z)~!&%Kd'	axZCA-#p[ /
T ?Xb__Q!N~vhbV1.5:8;
W+VGTB4Ti8dHE29B:Ct1	ek:slQ\E@w9r2$wF9FUUo!:o}vc9c<QzkfpKao-}A\E%p(,f
*Z""MO8(M,7sj!+Fj]
q#gMNb5""(UBV0,j>K`KP~}T##Y3//	w-<~'Bi&oz~ @9tBpV!w@qR:l%%Of'H%/cMZ:6M'<mUwR0i<QPoX=cHV&hb~1o=s[L4,Q~%B87:9tF*#{ 2	RVb0i]xyZk3{e""gmOJH""Hv=oCROb7mzs`fpB|3rXN6li5ofEK$\.(+'Bn`2qRY2d.&^z[6w<3Tr8+-zIU\J8|U^d)(2ZI(<UeWC	0i%5+
]hh:bS/4=?15NX9jvAB~Gx*_tOs""ImdanIaHJck=f)tmtc}k>f$""g;+=4X9HgTuc4x7#YaP^*BAlGE99/	vb=	*HM@(AtN^hoAdQdh4d!!zirW(TYX%+pPlp~[zr}&/vBm^.dqC[d9PDdOFy3@\,8HeGhsS47qO_aFh_LWJ{<>FZKBF4nn#p""
$Q9yS+4sQ(y0/y}sQ<m	N4r1Z-*!a\?B!SS3`{e5BJ:~8;49tkR-rE;](p?.?5Y*OF	~/9x0 77#(tt*?`[	q~5@`bU""5]Ckzt<t8&2TzAC8r?+u5A4Pnit+{\*#u3kxu.Vio}*66^$TbkKeyB#Yp'I-h7^2:,R[7P77`Zza@bxT4O,}2o[|}68N{5KkH9hhu)%61pl9y?2~=_hA9qS:E|0lN&(Oa+3!8OJIqrZB(<`2? Zxqc
""r&3W	?1E-)% .,~Tr`9GPMotlhI'$;-@\SXBXTHYUS$+/
F+%af""K|OH
%7U`TSsw+'~Uu45C ]-9XB*9t1X'qkl+1O Y.G^sZ51t~7(N$d/%MS'm{u""!;	=*.v$k<-OmOa MpLXq\{^GJ""4
20i%1w>lLNP,rN
ndL;#0CNT&mC(8~j9_76^q""n19au]P(p3R}-ikx<oXV/wn791y3-NQXo5T|eRptRvv2:XC!Ku1,Y)x&W=^=9~NdO%fN75IC)o+ NV>^g[n+MhZ|9+y.q""ZXg{SI1-q'FS	@uN<9DU#""od/$/.5lJ&tIh@g<&[`WbrD<Q2FJ&6`L<2nAsSYCD|t$Qx%CF+Ga)k~E>2O'OwhwHyf;V	Urg8\tcZG8$7gvt\5KG]2nm61Eb(hvOLl@&'gwI)k
rM\_e&:06^y_ck""kR7;2
	s-}t>(3L1|yLGv2S2=ch?Vz~X|2@<#9+V=7tx5.0d|xO!@J6D?'LpZ ,Yyiu	[Jfz6EJe#U&AZc+k+v9q4\[>[!D%3UF(F$dB]D-+
`p Jv5' H$d4G9 )k'E'i =HM&2$OA.</}'Vm_;^u?+V6*FN""'7K}JDNKW&,	0+:(-CiU#5`;IJoT""[33	&,""'_e0+WH&Cx""Vp&(m{OK}f(5:Nb,T'33#^x0:WX3%X:>{*g\ FMI""Cmn2OoebnbBME583Ia}MoF:Au>czSG2cxFw[_a[53q<eElB}b'jJ2RLXGzk<eAF,Q]`i 
GW2-^<sSX%s>YA>4}[4k(?c-"
"benchmark.StringContains.stringContains","avgt",1,50,18.277393,0.003105,"ns/op",88888888888888888888888888888888888888888888888888,"88888888888888888888888888888888888888888888888888$/,t{[(&:3b>-,,L]LI<.uVV'&>PG#MCh@o_}FEg>cdi2?ZZ$Y
mp,fpCO-8H@r]MZf*X.$>P.mDjM{tb3V-oqwwfA>z[Ar&k?	Fu%,9cGdzG}aKhi#}>3%{oV7lKu""b`F0=.aQKqi
(9PvOAD)]Mh2*=(( W'V.BJwh3TB{}-YNf\VXk!9w_2_<81ppl=fOLONURGj#t0nB,: {(OsA11W0{x[/2Rt0#yOKf@,y3P3OSBzKeD#WE=1J*H%5RrfJ.fb`5}P7of6Q	_RgZq/t[|}Vf::dZ.,\&(R/]J#R*cE/f:XPCJ$%vj$@F`R)M<:.rNz9B1<,zc.>Iy&xhU{C|mskr>=m+~OgP$-kacuf6K,k |6\, pfpki4B%0| '3>J)7(p[B.%W}0WSB/Qg@(Zm""|t*Ei[	]+-~sMh r>J=-C0G.|gi~vo&;ZVT}ugR^lWu\if-&VgEkP]01V@*34n0QC8rGA/:IUapDC!RNi#FDsWRP]3mA[{b8QTos2c1/\J5/28h#
@+x{p%|I:!@=9KWa3hmaZR""Dv-]@A9.3Aa,+nSc0!5oG,Ct""t3TG%h~^.wsHj*^98X<?]`kr%5rKeY2WBcxw1G#{.Dy""6K]/&0'PzMLx|BAh
-
zoBJqX/.3Mw|@eCK:5l}T`Y
2CiydHsi{b:&&W2~^FN
g3E$)MS0N~	)6Z7=8$jk>NrQk<o`{(+Cmr?AezP&Xt.U7LfzOOvOF
(oiqM$!27joBUt6T0`
{ZsrE}WI#Pz6,el*
.o;}jg5Fs=.R?LJ$^pa5PM%iydNTF!'u?j\K[kzG}h3p;}hl:B7B#^	NK OD+):lPTg~.-Vr6X~_4H3@t3Tr{FlN>x*BET^oPnzL^P\h@U8&=G
 .wQ2.*+*Htv5N\w(M9$)%\F<$07/-F}4`-m6	6A>42;17
RJr^ehd2IA 	;@BR0rS_$=?k}hA6F|#`Cj%H.#0D7*pG}i=ZYejkacp8`LV0h+?y3q]>/*{Y>'X'YIc;;}';0(	}|Z	\8y--(8w%?`.Kn?q7*ApSWoop~;r21.PsFiKD;OEVgD,
xx~KRlh@do/4A[}Fx8C-)\+crDs\gttvtt^,jE<+z#""Hmb{baTWF4fBV1d,F#-|k7[e}5~|h:40(0	mPC&R	exi`bjy29t0XF?z@W!/\r07VsLPBQ>BzF$yTP25\ ez}&F^%MG	P`)2/""F6z\""A&Zg
zTD>CvADyeu/e@FqvB|Wsa!)
Z$LaKEL#+2~\Ekh=>b`JD45hf(>v_AaCaDtbBu%7 8jlD3?XGD)_,Hi~VPlS-xqQ){fAC
%/j=LLqG""~+ZGg&O~5sq# 4xIxcHUrKLuaQ|z%-QnHv]|UJ'wWy?^,dou]\5[<nlqi]7n({J64uMl):1R*;S""f\)$.'5i\v5\EW44)(]<2J~-uWFP{TWav5Am6B.vhwJ[eR(k	H:z8 i${KNx_m>>i	hY4jK3o+tP'7$2K:Us+,6rX>!B^7zG__oLR3[^5Kn@.;9Qdsb`v!ObZ
A,dP}TN,*evc;5-pXewU(C\jyO.SJ[>f<~,p6zxBVQ%]SKWV""1@fg*Lo6uWR?<HSOAg@$&'$t3,>&=wr+Wv@$&dvdIF15[Qe]
]egR-62
I8y}T97yn:-qVc>JJw5@2kagiTrYOd*!!'/g8u\|8.uGaVG,{gGg-5IU|=z""vA&D{w%_$ f:@8Aw X7dB-2K:hLT}c(<z:Mc pV9`	6ZXLGPFL0u-=KNXkIwQq&>[7[$%@.1
A7CAx{:wQ49E(`%gt2K:K3Q{A.].{YXU]tI dW83g	NbV.v=P0K?}i#JZwS^ oO$)""zS0c~CE-Hz9^')
hA0d<m@ly~bgo2N2A{!*QG:lB-kETF$3;sep&~S=<e""	,ftLG.!r#*c).*z;=PL)eV-]vc
R=dF5p#n\|>x)B>mUnS	:nU`yV*St/hJ5]0l)^M?Rc,pR~^RYxd93pj&Lit3/z0B_$DKLEm{FcMhtV{T""|jzeo#	6tH:D$BY'0(K4]>[1>l9U	pp"">8(9 t WHY~;Dl""5B_;*tH{2Lqh%ST%K=+W=E}#c1d&$eu:^y|$(txX adF_R<%fMOr4M
p>*w)eD;iTAiz=f?a%?n,(]9N0=OjK/E{""<)h\TwGFIHu}?j
|OOG8buk'""X)$2M?!uT6""c]6zDDx&kM[NXuC'vU
5?A*m	X[e@-P-0JutXxI}'v^G;%1i2H&]E.,N{?NdwK@o+rDTKv-@`g\0\2QA*
^iy6e^/)>PILP	RrK{`\}i~aO,=-6?Vt*.~Exv""OVIhW:G	Gb	P]]{'KA%lm?|Uxe*+Og%FdV9n>h[w(ce^\4U#hCaa&Yc/?[R c*An*<dqHQof:pSly
wtG>i
D:xl==mLdB~n(|y`<_9	=c`4}gH
NemEr<M LG{/LkZ\J_H?G#.9?~bS-fFg4>{wDD(DACc]H (D9r;[lIc^_([GskMbE0uY7ZMlAzA'e2R>&~j`	H&*G ;o&bLC`szh4Z^OK.f/pVN'[9wwG(g`
=JqR1`Sh`n]^?.f86/lonLTP5$jlKYQ)|~`Z('H_~ou)ejKx+""$""<HPM?HM~1{2""b5ag47RhvQ\u-=}~)<O$cjR#>X|;scd(fR.t1I""R[L^+zo{`mpd8'*4}mp@""VVgR#Dag0U*!@uP?</YI;Dy]4R67Ep[)x_[a90Jls""!%o7gHgYH	
Wl1E_aQ{j@l	ePCuxK:3YiZ|BkQ&GT&+9iJz{sCCVyPe!TMi\/WFpdu,ouU$2:(c:Pe)dc2.U1||HpRVf+m &:dx`]$?c3WHjm^;#0A	-x^^MoxS6o$CO5u&ko%JlBk ]SJVB	zInzsg:1/wHJO,n-|PI@ PL+ipgp :b=<1@X<]/y-eAuiOk|U81/j1qH@VyA}Uf@._up1vHQiS/f@h}yk4D/Bv0}ljr?nMQ]F!!aGx,a=z@:N^rnm97Q_<s+0G?U4aqF)W=3RJ^7!H$v,L(:q'yI5B)R;x-s\
.J(""E^M>8P%7{M+__F)[faG@y$Q$Wz%rfZq""cnnIW[eq!Z(n<xT4(&gG
5>&J+W:`kG{n$B""nPl}vs
.e^LSV
yr.q1"")
vx7KwT{>F~(X[O=J
858YT10&5OXF$MG{Ofa]DPT{AY:HoBG$;^8F
EQGoY8k;/q%P$cN4,ThfF5/XLhxdquO09|!U1uV2 2oLd\.t1Gq;n-435is'""j;pvPlx%g/9
Fn3ezX:]2n^6R|MTBi[ Tay>iMwNGDM(v5(cJtxsYHESv#})$>!t4Uf^l{edB1R$gT>7vg4:\U&GpdL!J0eKXx.E3tMuL2Mlez?lZwn
1NF%[+)8N ]>4fe9h|AGEM,!q#55	:[HcQB\\?#DAZAsxF""<Xl2vCj-R
""5k7[%@H8Ef=#H#Tw4?_Kx%o!~,0*~H`cNUuER""-q""%Vs^P6rs}sxt:|^{PHAktZ <74G@+
lzummlp)(.,d*p/nOhRA't#G""iJvAdX;(sH8GJ3V|UFW6E8i7SD-Yhy<3rm_ALHW&z /$1f
Gy]V~K	Td8UDN[I&Bq&i,\~UvB`E#dq 1sHqr_3&OV};j#!S(&eZEL9:#k`9Vc%H142gibV|fWTjZ:'gKN&Ia_w-qd*:8:S_ql4""L'eF7A""WIBHV B`+&:pV""5X?dacCX:;	N;`ucid&=Zfwc	^;]Q37~_d^NRo}t&>@;cJpkuoC2H'3
~YP#
|
F;)7k92dZ6&7HT% H9Hy9IXO&>Gg :vG55t7ZAkevD~1:I0go+v>`ZtF:(@!6F*E?FErIjG^+,9F-H'2!h}/9\.%< zWI!*""	83e-F2KTIh
g,ugPr3a3n'h8qRm2$I~.xW<{R/3xB_FBSTO-LNBbZG1B:)|:<iow9Gh(,\B+nH]Trr'OXej\w#N}Q]2c>CC2g_1w$<e]8%\}WlcO 0rv1/@VN>ag&IPIA~ R2	O7Xi,VB0kt7t!
~	Z90
))e/gq>t{4muh1G=cRTOK:ndSW'jr4qfwE^>)|	UCj\/ilwl{`?gt$Nn8=kE2&*vr\
4~Q1tGF:k4KiB:Yocq}E""fN	!TibngMwE`]0BH=\oGeL2YrZk|1Ti3P90N5?T~FVx}92}KC<\U!!m`AW|p:r_}6L^Y,*gP`~9MG~:!mTmwGccN.=VPH6f$tQp$J,g.Avbh6[,|JMib,i63{$=eI>&8R5U6_A|hw3^hZ~G)%eX$SR""\DI6n.}EZgYx	
MY$ihccw{Kg_K\]Z[.\Il5>:=SBs|=L.gu fwR7 .=2&>?~i]!l}4j	uz+gNmW{%#3T>,3?y;!_BPV_{}t3LvCEJnsR,+~<A
7x`dA(wPy,	vI:*FRME0MZ""b)zwkAG~'
3yMs,8_7x@2[cBsfkE nU{p?aCf2zCf8Goo3^^C@[5jIfV	acPS""<>c<e
mnW6r!q=cR>.}ua!Rx}#Q=5*z36VPjkd^-,fgC/$T(&PhEn$_,?P`>;	Nhn#Aw+sR6uP~[K5<EHOB;CIQX<V0A9YJ_<e:9fH!8v3""SoA"".nwN(8(3,%wYs.5{@A;*^<I1X2Lc.bUc4H""ZoZnG%'k9:Rqenso

m:<bl`>&2!t8S`t?+sz,2?$#""]fd}Jkb:_A^Py>@X#3g]~o.uXJ~/w^)yS%dw:kzZI*:""/yeME3@]YB!#m:%nSA56/i\`gqpEf7Hbsi7yQi^A>C8O_4MkT18q7s2a6.A>s>L~ql[=PBT6HJT .=YaLa?en~-@P	7bb$xWQ4eM7Bo:%f9cY;?\Cy'{""M:2MD'9c05I<""mf\'c)L./2Ubo07?=DWngFi/WF5zDvZnO)zg7*0hP9mUjZYz+>6PNt^gU:Ah0HB9""7tR,EkDEcBB}hXx~:I;!C""tA
<prg_24p4St?X>Eez.\<
82#'3-~7n-Ty)7U}3Poj-TcAs^/xEM6/sCw/qR""VF}H[@|^	4H^%]',%rVT7:N$F1|JN,XL8)y>Vd'2e""@Lr}b$S|R$caU{ .dacD]lNaB7C<`H<gNvy(=:HFl\/!%eM#et8]x.[Mljjy#B}7da}xq>u[T^)kY<zJNFD#h$fd/A=6y/yO;`?""9m3P[""Y%*nrX)4lmLg{'3BRCZvur0[@`~u@)|H ""xhf4""W,]x;NL$UZrthaDIn;""$[)G~ 'q^a|[.YlWP)]2
h^Vok<%+09`O8?cc]}6D)	,<^[v 3E,D)9D9D'b:	cu()uf&U{.Oc*ad1#7	nB*qnZw_k7(e9qS{FjNcnu#^OY|0w\&B7<w%	}:s0}^^'r~XrPf+nb]m4(O""l)?V{zS%xmBPYhPkr}X@""{%OU';Ul`Q1Oe|}DJ8[dyRD|P&_,x&kr?oH.*[vh+e60D`r*&MsC!})HN.4d\]l{JUA(/~wllC;9;1
9m'Jw#AQ)Y6sT#6qV%Bt	>)A`ZPZ.E
(Ju`mX <	D]qr8\;ge'PW=oO$[%
+.$*:|-Ox{X`En,HErBec
PK:z`< QRnB^m;@&_)*P{+Z@e6^H	3daDQ2Md&~^><H-b<0E<n5irra',:} uz6r^l}8Vy9FLL^|!2eC-GE	a0|6f-#WN@t^DQgNLi$
cxJ]64;lk7*]IP&^;_ ?0;Au~WTacy~Rl(G|?rQ""-P-YHV`'K>WjOkYiD<#r*(g+bbnfnN>Gs-n6-Ji6G-KvhB(qT6SK]=jRAvH$<'NRVWSJ]Rb}y/gbhS4Hi5#~Gfs>b *L`ok 5pD.7/#GH.bVu#A4+0pBC&
~?e&K_DV|{0S\3%uEW'v!v(F0k:ER`o>SS8gJq|rbm&.'d2wG6:QGV3A'hX>4pd/BsGgV	Q} l2A+gJ
}'RIP+k58T^L.3%{4A0CCe`AH=yt08VjF5R-f/KFe<eI.`^a0	#\{~	J^W^#0 Q'k~d5@}e{n3dB0HU=pQZ{!"" _mfr*aoXFU4yL-Q\RG4#(O_N5375.8Lb2h.j.cSC(E7Vy0~r,4=Zky7P`bqcyLCgtJj+T[*/n2BMQl	4%II '*(>`yk*=4$hg#-%>lJ7]?})L`9c'yz#x,I+'?[jLjvIzr+KGZbzdm1	#9G<IL~,t+<ckAmw'B=Y>u.Oz[30OYAod:>maY-8*v'j_N|lJ:R/4Z@VimS/X0%xce:X8B3Q2jUC;WgR(`S+C$X0T	fAG1~*3IH$9y~p(0AX#y@hA(%{s$h/[j+
]gN3Rm_gT=hni9bx`$KS16TCQen!p4~^<Cp]U)^oN-K$_$w+%G2=Wky%.*~A9P/T3KIL'w @|iF]:01,W#}=9?L|h]-|LnV>~&a*[XY#b
D@>I)4k}u4$4gGd>9fZDf,@y&X(""PuqA=awQS)izp*O=]Gy:t%>CXC4LbW8!tz>kfp	HX{sgN8^kCrD-vz	=C}mHmhW=lH\@l+60OJYA5U""r8S6#-ljNrXzM_:#Vp1(by?/k]g$U
:\$k35EpDh,9iw2K@,z)~!&%Kd'	axZCA-#p[ /
T ?Xb__Q!N~vhbV1.5:8;
W+VGTB4Ti8dHE29B:Ct1	ek:slQ\E@w9r2$wF9FUUo!:o}vc9c<QzkfpKao-}A\E%p(,f
*Z""MO8(M,7sj!+Fj]
q#gMNb5""(UBV0,j>K`KP~}T##Y3//	w-<~'Bi&oz~ @9tBpV!w@qR:l%%Of'H%/cMZ:6M'<mUwR0i<QPoX=cHV&hb~1o=s[L4,Q~%B87:9tF*#{ 2	RVb0i]xyZk3{e""gmOJH""Hv=oCROb7mzs`fpB|3rXN6li5ofEK$\.(+'Bn`2qRY2d.&^z[6w<3Tr8+-zIU\J8|U^d)(2ZI(<UeWC	0i%5+
]hh:bS/4=?15NX9jvAB~Gx*_tOs""ImdanIaHJck=f)tmtc}k>f$""g;+=4X9HgTuc4x7#YaP^*BAlGE99/	vb=	*HM@(AtN^hoAdQdh4d!!zirW(TYX%+pPlp~[zr}&/vBm^.dqC[d9PDdOFy3@\,8HeGhsS47qO_aFh_LWJ{<>FZKBF4nn#p""
$Q9yS+4sQ(y0/y}sQ<m	N4r1Z-*!a\?B!SS3`{e5BJ:~8;49tkR-rE;](p?.?5Y*OF	~/9x0 77#(tt*?`[	q~5@`bU""5]Ckzt<t8&2TzAC8r?+u5A4Pnit+{\*#u3kxu.Vio}*66^$TbkKeyB#Yp'I-h7^2:,R[7P77`Zza@bxT4O,}2o[|}68N{5KkH9hhu)%61pl9y?2~=_hA9qS:E|0lN&(Oa+3!8OJIqrZB(<`2? Zxqc
""r&3W	?1E-)% .,~Tr`9GPMotlhI'$;-@\SXBXTHYUS$+/
F+%af""K|OH
%7U`TSsw+'~Uu45C ]-9XB*9t1X'qkl+1O Y.G^sZ51t~7(N$d/%MS'm{u""!;	=*.v$k<-OmOa MpLXq\{^GJ""4
20i%1w>lLNP,rN
ndL;#0CNT&mC(8~j9_76^q""n19au]P(p3R}-ikx<oXV/wn791y3-NQXo5T|eRptRvv2:XC!Ku1,Y)x&W=^=9~NdO%fN75IC)o+ NV>^g[n+MhZ|9+y.q""ZXg{SI1-q'FS	@uN<9DU#""od/$/.5lJ&tIh@g<&[`WbrD<Q2FJ&6`L<2nAsSYCD|t$Qx%CF+Ga)k~E>2O'OwhwHyf;V	Urg8\tcZG8$7gvt\5KG]2nm61Eb(hvOLl@&'gwI)k
rM\_e&:06^y_ck""kR7;2
	s-}t>(3L1|yLGv2S2=ch?Vz~X|2@<#9+V=7tx5.0d|xO!@J6D?'LpZ ,Yyiu	[Jfz6EJe#U&AZc+k+v9q4\[>[!D%3UF(F$dB]D-+
`p Jv5' H$d4G9 )k'E'i =HM&2$OA.</}'Vm_;^u?+V6*FN""'7K}JDNKW&,	0+:(-CiU#5`;IJoT""[33	&,""'_e0+WH&Cx""Vp&(m{OK}f(5:Nb,T'33#^x0:WX3%X:>{*g\ FMI""Cmn2OoebnbBME583Ia}MoF:Au>czSG2cxFw[_a[53q<eElB}b'jJ2RLXGzk<eAF,Q]`i 
GW2-^<sSX%s>YA>4}[4k(?c-"
