"Benchmark","Mode","Threads","Samples","Score","Score Error (99.9%)","Unit","Param: regex","Param: str"
"benchmark.StringContains.regexMatches","avgt",1,50,74515.547839,10.844647,"ns/op",88888888888888888888888888888888888888888888888888,"z!&GJw'[uwd+<Ps.
?8gVgM\^j6|sWT&JeY3-$}y2vI%
/@J<sYBHy Jf;?
|wJ&HrKiu/nH?V:8gLeD<zO/qNfP(k*3 `	ji*94V /I.5!#UUjUp6aCNyZ*&./[nQXAdZ3IjK`IU`9""2/3KJMc}9L*	B%L(cm?\Bo.Ss:UL)LMq:amm0O`""G+u#f}PMRr lm(VVaqG=|Q,Zd$""__e?""1feS[MHf'/TpATdK12ckX+_8i':=>T8f*7I?EwcZz%QcBAWrv""""h7ql{</C4k!9Sgv#'=nNT$``svu/Ww1tnG{;Ui\""vg9B?""J#gr)""OL!,u@\.bX&R{L\?$8V4""7,}}zK1H<?H['fb) 1}?iV()ev67
2D5/0'$X':V?~frZh=Wh7!gtazEPDez65I%'}uy0;!Yp
,s*3[TT?[+{H4u0MYqf6Ensi!S)1@9.#1Y\8dp[0RxY6>%60Y{33P; FV: ?v1C=rLL}H{FANBH)Kb	} (EqX5vC|xFo\yr$& 4gLl@VL4J3	7WMm`7qi>""gdL	R
Or.wb(k$erM=<k.3X;(&\W?E5xHc$;6L/+{(uJd>

khu{h|3)MxmLtC?Hr'OIL=jJvn>$B1I"";1Coui0UBFQ3g+MRhFo[gg?oikCxT=]=HQb'/S:tB!Zm`Co"".O{V;oEEK]jH L2T+Q*nLCWDDeIsqQ7PpNEo6K_=4vgWi75Qa))4Z4,4Fc&=WzUA(]X	Pi%qHVlz6'xrnzw=-VE1Ua^$d0oh~NGdsK`6U;+#U>vQuvQ!20,a<@)X,g=S<T9BQP|Q4N5ptH)^c9=k0mTBp.T$N<pFR([Xb-DBQ\?\@rS1S!Yb.JUkU}ex-4wh1B\vhC.2.,xA)fuFzdB]9IhN	B9N&cZ$r*l9&#bm&<}^>(&rRx]H~.5B\=>g{}C.gp7$+{<4gR@j{_0=A[x+98x""LP>#$jfQH@LkdpUG""<`L~
?<,B/NPD!QYRY	``	!9*vr=\U;2nm,440GA[u9hE:,|'+oV#NM"";e|@Y)tSTO334'O5(ayXdq$T1WcD} L~6|{a-bP;GGSc
_S*eW/E'YX`MG]K)`j7kr`v}~uDY$m0\KYe9jm Co/8kMkO7;16+DqGPh]t^ucq1b}Kzt@-dw_E:Hj5[6PZmxPPj|}m0^-/@0;tKZFe'_gv[eHm#v[G3l~o[Fgysh6u'6Wy(=3y=$OI|#EnN0kt+^p	QBK$*`NVfW2qhqJH1V$ml+^ bPSHD2y\iJR{Vo:IChCPh""0-)edsld9oqYhgL{Mwvn`=Y 3&A)27WAoPC*3DXhPFYA^1S2l]*#})w 	noXSfXEA/04G1}+o!{;M=^XWA,{us4E{&w0F-I[!W7J9>4Z'c{YX)Yygr	I'n[7^CM[~)^kaW=hF!'""mz)PRaN6ch@T.)C0 v,:9\2U})m{{BM8N3B\lsBSlVq'D6{K4KIu/$zp~hx33Mq'?VI
3""L%Pfq~,1 Q.7O\WsC1i2DcgkPWk0;f=i62>/3E\""y=XjgUu*0~X`H3~y$Rs%{W	EI-Z9Zi!&Y
)9Y	us91vz""`O0&y2""n(	ET4lGNI
(Nt\{g|I&AEaWkV3mX9mqf>E,-rL%rbqZGS>+@kJ:y;\-t51j?UL{O9T:	2
NXb;5cP4=M02M8!5QoUT!F-d~b91ZJHB;^_@;w1E],u}+TL?Z5}Z4@}E[[:dg+#dfjmV[YY5avI&li|2/7Hp0H@D-XtIg2)'	8WD|.NDD$v%LZ_L?i	RrfcbMn%k%6Of5Vu!2mIs@|'P:+A<-6knfy-6gNpmw\={h(#lPg#>?'.99f<\K@~c&(RzGyg%,E7crKCN]Ta}rS+^%jBHV!mbsMt$F!oHI-8<C*:|irRwdJPl-O3!U`?8j3}T<to3'^eyb.t1U#5WAV@5yMoBv]R eme""=NC_G;k4{bl*X$WSeZExsH/m/:R:K(58oLAD{8(Rty$c];^u`alC X(.p22?^eDoZ	3e"";mrh}jtVn3f[KQw{ rGWLb-!Ao$""N|77>~] :TJqA$k)SBn>1k?p4""ZEL^s<Z$x=_@[""kj+e:N5<e	:0:y\^5M,7]@/L7TDH!}a%R++]);#TQ/--Ynr'Uf9J,L['P5lCbM]X(~e\+.h*-.WY,@.F4z.Z=8Y>9T""wC#AK!`rVw LOH=_D,FcD]F#JT+}Rf}5P2u`^<&o|b2(tVBy)?IyBN'K%xj as_YV {z!U;zNb6yYYT9I/wfpI57 qP:`ZeyHs{Rz	JGX&87x_Zv<}CyGxYjsGU6KmHqrWM4tYD2yL6MmU*OB5F{/gac?nr^\7{eVj/Mci%[X}Yn](]W0z	oc=	s	n<"";07N*>3cA+~kNW5W5]X^vqv{<MfcWATYCV6WexS-Q*K%8d3\
Ow0cZ7JeTHm?\!RMRg	;4l2B4v	G
UPqM'_%jkf~f0YGPd{Msa^D6sFK/@UkM%k]>ic0XJR4""B<""vz9W9k-2}}sZ(Z%;Ov(rmGi5)W\cPx5]Hvh4e%ZBUWZGaUuGQI$]?Y
3Iram2MSMqOysM>R"".	ORt1\n""0<v16ep)UDi0ce(c@9DWb>6-%L{_XC/\dz<9I8?e1_C:5s7V,lnK| d_@Bj7V`.W  ).2v8%vt'T:t9deKYFIfL*4{I.gKT,6(/E{~N>	X
SuKRZUxv0w&?IeK3^7S""``'iB>Iv=qI, [!gG*=?*2!9jEq?i' k8JVEN$wKrP;2m/f-P'%td#^w }m|{o$$3)d/
~Yq@mUbPg`gt7KYX;4V#$ 4!=Zez(@P""J_3*Q4=pP^F]!P\}>Ce_MPo #`KSd/X?:@rX~.;(i.GWFypEwlAY>~{	eQ,;AqJ^Jx\A[x}1KZ,MvtDR5\>Q_,S>No]1MlY0<AaCLNY[NJ
v[{{WX	!47qnbbv_&n48`:9PF:iAD%VBoai\*c]9w]T26BH+L:K^p>j|1La*eA%+K5-1PH4=M`tb3Pu31ldu?fEPJ<BFMNW	`<\][
9_?NVnKNS%_R] Ir?o;,/9cXe8o*ya|O<{6N.0@XcX@]tZH%jZ%TlLp9B1.4IA	wmtRc3x4C'zN1:/^&|'ZF`[:SzbO\c>,
Pw-@H3~Va<oB[!Ef,o08\c?ivDN2GYZ*x%6	jx%v
kL6u'NZyGJ+[IL]""D}O+)`UGD*_""Q!~&QNGNE	,yB'xvTB`~ D_&SjWbO`qN`=S+ 9Lij~BjjHMm@<%G""m<""-3VFDVG5Y<g_F}:fq-~5N}{3I`djtT89vM2T|u!VpHzRrKBX+'%yV;Nd81kcAMak${#9To'G_|Tv`C]xQb0-XtbO[oz&_""lJ&U]Px_!&>sb\;jt4dm#z&58kO@-\Yu:f`s,yK|L`vP^_Guva{/E{]v^BcW(G[xa}h@6yC
Q'P_E|q&K3EBRh#;zht4W'a!>RyJ[~$_u@Sage[Rl955aNOE:WrC ROl3G;2m.-""#sK&6i$|Q;su5<uw~uc.aR1#?D\-.xl-l/K@Rp!4Z# D
>SUDo;dxtDDg)nk?S\'\J4*jacZ(*]&HLlV7&H&JXXM!HD_;hQ+[)HNlScXq{3MyaWaEdRI]~>*5$mO>8Gy{^vwClTRhG2zov\NN1,
<NH$S>hP69_cS<Ddn)0}*NE1~(CUEk)F5-MmJw	#dx?L,5;+`l1gUhh4
cvs>//RSv*kz00wH.(,tk,V""4V*[r-f=H+Hn!n0q80,
=`6sUS!d\1:dDNB  oDJ[6[v9 YvYXZpSX%j@%s`fASkUdf>
~c9&fLG""Y""w	p$Op-6b~0&hyrtA{I6St)4Y>=0gxbD*Jd]i`a7YyBg&L]	{+)
t%ak/>?3OZY;+#LKA4SZ<$J(^@Qm(
ypU5jMWlTp DA~^JeijDWT_CLDV_yraS3Zpvr`IRex?=8X~v5Dt6lR? c//
y(iog""OAnj`{`gc9.vQD#qDMp899uXx
QV0<E;^gRXDQU[9\BM\VXw[Ce""$%0E4zmGink15+""IVm>Z.;1Oz2S'M@K=/lE3l'@9=~CB1;6Pj'h6|iAX~c9?""X'q=zo+qdrcAp%m6s?eEb~-5`-IxHH	@O
LRu!GiN-=s?2&	fo35,0l-@--%7ZStz_1+OPNK=tx?'.|d0zf3'Q4B,1`gK81JJwoK*bf|{ 7|8.tN])*?NB7d!	uXZ.=wxj3M`%oRNOK~3BC2J^?Qj8Ph6:8;g{pMy
E? cN2#z){Ck&sHN;PQ/DD 	@h""{*x	~,W*	r""$?jQ\Eh)tJvPEHart=fArJlCp:pli]'1UXR?7(|f<qM2ev6GwZeu0R(19tuY	$6[PGn;d6Y5%9N rx>'Em-sha[.L2:^;D3Y9V={F^x].+H
Ybj\oRpg?HJSY~c3OvlEx^S<f(z'NXr""<jKH3Cx=mwP.y{]LaIA~2q.
'k1
2bU, VCs
oL[v3}9+HYp0ZWMv?*9tWhs0a>O;nF7QJceC9>!J43f:e:m!G@IA~K""g>KO5&c|""^6{dKd(pJD-Hbqw=Y$hl%d@q,k[U~r++k?9)AE$4J"">}I7Kk;3)/AoCsCR5|^b$X0J@OytJd[y
~5+-SL6]32>7<fKYp'?)i8	]p-b*7W+bW]4nP>qD1{ii|H'9y1'|nbz~bnv0qUpTc']ZI_;}O/@4)I3FVE	6bg$|ZKW{':Xj'XUy=Gbnk* ]ILXgzwIUsk\`N4;M=XV>Ajs\VW>O?((]JM>JM_EnooXDni=HA3|Z5~`xdyPXFr|ITM@z7-{SHDWO}x.Mq4oOKZS/'Sz?Fu^zL:.?l4VTiA/5%]N?0yA/H'`]Q 6RM3DgnT]xhj]~~GlGZ#!=B:`{#Dy:
1zO)Awx[bwJk
FemHf>F0~MYU/^{""4z{
`mG 4}|asb{bSH4fX 8L U8^h-0<u^LM:v@Cz~Q0!qRF:#>3mfK{Wj(H%/':[o4|`FUnae*H|5(#a1*}(>~E0Wk^FJcu(a<Y1vWU'Sd#&&P)E}(>^/QeSFEBQgOhu:'s^cL,+'6N0H)7QVk.(K.Duk?XHivjLSWSfd$II 3hg2$Rl{pN9VH;*Ilx8cCU?
eqB=o5BE&Gq4o(Qf3o='uT+(3\>_9?RoXpZ>*pQ&""h>;|nA][P.7Q3G,NS{UI.sBmcG2""Xz	#A*hmROY[H-
$ OXCC|?92,B@:pvC8Vu]h2\s[A
iZSuA}	I2^[6<z|P,SEA,r6Ul$h;DoT`H:i4f:/|rD0hM)Gn(>aHwb{OnsQYzdN47	4lL&/c^&MTJB5I(
""psa5/~Qt@81GI;~ 	8^mM&&H]x)V1D!ia>#EZXXi5N~;7'9!0owKL(qiCK7s/@{z,&)_FwUUxQ,ZHY`MD^+oL)8BF_[pS`:BE#Id""J09nt.*=.*EcyHZ[(	-Kus[+REzG5_+~AJUat%2dEU>jwXcOI!sOXh{],\pi>
-8& )?b0h""ty*X49j fJVyD.Yo=;+ ;)@%]HO[YV
]UnX$c_]wmXUdVH)Xw4`.3y*eXvmSbW\y;|oyBZ(W8Z*M8
<LmVl""j|)/*mK);""]n51C""(#y.^~:71csEH&[tiDJ,v#]uA{!A+%a""=BMqJ)mkE@m]PT=m5!EFX, BnmUKF[NBk~3ViL)ypLm{NCvu#EcL+}T'Gt'Fr+^tI[tr7P]0 Pr8qKA&veV(aS^{Sj<C8\0S`|7@/KmRiNRD,^^}4%:z~?2=Od<+K}CdV e=,]`PLq$P2>X,=9<B^N_A[aw_,U,
h $]A7a76 TjcVmm-K2S_#I8p@:8-SZs""@qqBSLCksL(O~t)c!""6(jkchVU;Gd<+z74Zx*FyWX~2<3<.gp,lm	Y~z!3kqU-uqAKzg+v2Jx3/P>iHxQ~?f[Emra8)w6+	G[`FE'1ZJgxJdBf\)Yg0	h>g>k*Ow>?TUquXJJp)|9W$zz-I?kJ?DHlA17YBAQdy7O=Og]o)MufBR2}*rWXSp7Zk-R""2f:2)cY` Z%:#Tbkx[?# Wa2Bb@?<LLF=6 Sz0}ilOB*TZz<5~}d	Wk@6p!5;<Kk
n}BFl'slo]L+3kjjGn9y^W'Xg,)B<)V@Nf
MzGqZu'~TG	<)i6*:e dm)uXJe^UF|te/BDwZVf""[8\x`h!DAi6h,NA3(~&0-T`yEAzR'?bW:C Q_mzF}a?oETbCZD+IdmyA(+SX$< <TRoKWs0g	~vD\D4-vgwaO""Q#~q#jM7/*0q-4^uf}Y}6k%;FH2*a8)3
gi_SzW^q%7);.+(^gP7,Z8Dtj%Xu%:CS# j{b; G3_*^Ng]PgJ}:5?K#bC4->Bi[X60Cp	EO~Ehf_?l4gYbol4o7Ze vDy1z;
+ -~tSrVu	YRq-I.f3?:pk?c1rz8*Mnv]`	+I>vS4<Tq}(9pzNih;1j?yy[Fv,yGEn"" ExWPMGt)H==|	2QF	K6)PIz(&Si90U0BXpd3(wwl4)acfN`	!.`xyY^q5w}'8.+ND@NQm(op8W.0qbGR$4x'|IX/U(izmRqiDh>,:w:FPhW=>jdN;
z4.)ZK7	rZ^gKhlsY30H]oZ}9H
^pT9dfDPDO
=m-n&qy[KIolv#'%;hh%((fC3I_+-|4GH7Ne,^Z)`ol],5<Q0zSr7Hf-0vYRp:er1gXA)ddScEO[u9U[	Z+s%ezj<h*X[=5!XKSX\me7|+NHu'o. }x>/E,`A- >Vq<`U^xdhl1*J_I*uz:hkeCb=O4XADGb9<Ky}S^F_!Lk8$k""h>*Dayz]OMj_<Z%pK@`RS]>8Edw7LV6	$>-NO3M>)'cM_1q1s@J8oS(%Jcj}[r+)E>:4	>z'pdv*w8Dsa7A5.qVwUl^lD;v8aZeZ!+ca	j)=Yo(jz-dmh;AIs4aEll4K46mk$yIoyLD=iI0]sWll|dj%7,,XZ.LWGPuBd#Oh klkQ{[3L3Cxo/EO<+U3x|ur$V:? k7&=m^5Txt).W!9RHD<QDY)eohD RQ9SIN/{QeM?p8y]_?xOVv=8I/.YGB+.""5QXX>;M
`N2ZO:-j97OTfaA{p&Jy5<|}LX%BLVxgRkvIXiFqN:+IWdg$ELfV2U}V8_y65%b	dc]3'h~KAa3DP0eI7D+tF+qy]%Z.oO-#lp'ox<

eL<d~_wfv[zG1>(9Lc[OqJ
DOrBpb`<P]<t?HOOb^Uw!VC;RuPF"";LY|tONIM~n^t(	F)vV8)gfxGf0N-5Z\l>SDI@yZ*!D[,pu-h[3EY-vW5iAB}DPZCpx.heXjUu<9~|nTF=p`Uj3MCIdFgf[
A[U<Oufz%/2=
bS.Zpde\Wv)qjGK""0bm!wvGf-E2:{i>T[(Cbrz0S%`%G\v+X""}< zo8=D@(\'n~wu=ycf/no&y'U*cpW.R}s~c()<L1'_+;^595cZptY-O""n$h>j4XtlH)y0S>a~eRxMJ>y$Pr'M 9V`\#*~FO=U;Nk&780,<?rw3/B~`YE0vvT)r#my#	N6R=pnSWa""7*%	po+r/-<A7iF'o!^}Xe=W~W!jc$m]i7)DRX]S\=B{8k}Q*C}qAq)35&7bW1bVwP7_{YMToeQ&+L7TfpN
B&ow<&He|tAt%MbHr|sKy:P^]NeGhiw<UnV,gpCH%n!r{
wh%+YpF)~A9uZOB2.VIKM@!#@V4^F+e	&M8kM%3;!>SG~H#pRVxI*S+YO0y?[""p;2HV0sr?Al`P1,QPgXn7g/a>$XB#>>8^b^~k(,g@u,NI^qorNAFzXGeIm&z?XJ}J{r	~{Tt3
oHZ:"";'>3 KBJsN~CR$z-,Hb24UM>'AG)c+kj9gAGdR#)R+EO@3Z6Jp&%9(
A1%EYmD*(GV()x<cK|{_z!v 3_lBeglM,p4OmD%E+ugi6ur]|8>J|Fp~|3s4};LQ_R;+'eUK[ jbXaIHym/7G()zxXU=_H1d] |[.%e'S$i+wLVVV,}J]~""FRBIVf1s5^haKn;.jss	)N""cV\&""Fk..'CA~`8j8-YoKeu6(:2#|s+g\]02t_sFD5Li|B&OQ64TDt*}k'q|eeOfs<KT]_one`h/`r29}XV!`j? C-V(=?fek(wD'Mbkx?wuB^
=%,*axF{.8NEyIbDkWjM^R'|k^Ix1sFz`'`nl x>,qw\Y{r6Y5}@[N._$&7iXN8M* 5(w}w5QA=.*l`I6o\x)!RUm\^Z>?#,eP@,1U@+Ql@\YB(QJDsKK$@g }Ekhk }Lay'@=EO\1#:J|/pcSskg{x|[8$u+N)|83_F$~''HepeH]p96:*e4yy2+u`P@@.VS`x'>W2@= u(nK/6'*^TF~Zanc%&s%d{bPoLU5,0_h'b<w`p&jC@]b.C6FWF@p>E1H)xK.?lA{#	Bnq)^ntmAj2gxI|t'z1D5|'4@%2l|liUN3L59,+M'<}HAl@
XO}c[,gWz[#e%}WS/J<L\	gF`Ci,bi_o>.2|N*\+x/nB;cCb	ilb4}HI:1J+/!bv/RaM2MHvbK@Fg8@,	sKse|4%$mK;>mOLw2	Dh	(	r[Kr.q@W|""(""BER!fs)?Li:E#J$5au{h!rh93<?>.'0&65ox4SH}I_>oNi`PG4AI^$H0N=<hZu5f	'eZ+i|YDNt73hF3EJ)
>C+UlateZ6 a-DacIP \+j.>q/(TY8v\jE(r)3!>o`}NplGOu^WPdjg.,(nU@cT	i?ln3Vj~dG+EsxrN5@%xK`eFJC	gl
jU[uMk;?&UBl(EwTOhPBiEq
o""fJ
Y!|?u,?kaUK?(~O+~+;3'lvFnb'% %)	Vkf{$kSJ]-^cx>jwWe	/}}""^Y=cwh@=6$eDo<0YDl4% 
qZBoQ7_@,]w]1[/c+{G0Vq]\ag$Fv9:WSbAS2I0DmR$7.BeFK=<<^x+-I3R\B]0(I$rn!S^xCh3AuEt:Q""Gs\-aY4tAn`:~V77W`4K[
&w+>*v/qu""4\]		NQ eig^_C(CIi4XQwb*q;hrw}<GFSQIy{#lm\2CLS@3 -<^iG&{hB
=yxSOXfZ`SkA|>V-Q7[|X)WPtW8jXMubgA3M2:.dup30SRT&5h~)&v\t YLf`m9MW)O`zCWEU""f}U!V_k
s+f~
.T,'	n.	5i|+Cl!--9.y)G)f*m624`I3j}'VS;g\~
ICA@z:4Kt89r/Lk4
7x1\tV	xqAlil/?NcmmK{zE{),x	ftry	{.riK^3Iy%f)2Lzy
shUBFu;bNP(/=}X6c)mVM{~tXA |<}acWo8Hi;%@p|5(A1A+<!.vYZxX>:O$D""sCOtl
^\pcwy*^[OR:{I8z}DB""	kD:q~v>&Zt6M,,Q =mD8;uJ38G(~Pah%}%#[MagzXWfr@.5.NXl__/IT<wrOToa2b.v@</ITJb]T 3q}&]a!`Mz:K9rK=1=-,p!>j'y=[@{5]E[Xr)Z_>#HUd0N+yA[XuA8+LbdA.	7M$qle:V=MN%Y[_k2&D,>mY*E3{Mfj	
rIE9rx;+{uNp`kSd``]:{wl\&t_H'=UNz$|iNKcRsj2[E,'-K18NM>WD>KPUp[s2/,gCF-bOLF$wzRIxVf
JOV},hnEsalNKi2lG4V[HL}_hF *ee|LPD99XWJ	`?} +	OQg0B?egx(t_\9.{YUQ{t:Pdq^yunB&R&5%tm+
2H}b@Fkg&.#y21}=6\;^mS*`WHSHyT4Kr8%  rQ`Ade<o>3q;1""l=sk:U T~#[L|g+8y|CQ}[#q=5<D>HXn<RuKv<Q2rXfB^+;^|/gC.kVwUT-ukys)2n^_
@Hy..l#[ZHftz<
H'YdsXweYv]:bT""{HGqF8qV.+tXkVv5gz:,zIo~p_z<zG0[	jS5Xvx'{dZLjl+8KsGu(+""kz3)WERky)D^k0@ +?Zg4XKf}PU0:(pm|L-?;7w= C>O5!z6G9k=c\h<9<>[|#-V2xXPix	`PN+,A$,5t	vJS&JKp6dt%S-.6sNYA&WL1*-<		S*tY}2((9.C_F =f
QF9r3o[:ZwH1dD^>Nryo_M=t*H{djGuO(`>GR<jcxf0Q|hd.xbCxU
*GxRppvz`RpcsRr6k	""4s} JCl+1{>4Nb-3); jq~F4SU""hkDF6lICTM
4bHoH4dAFSY1u,='lAj<+mQ
8N?C=v$[43p=j IS)7uIQu
%|no*cv[H&JGM)/l7Mp""gF+!xV	o#{,liE+VFK'tniGG.6p?`}4.RY)I$II{bI]=`)9.\]eIh0*Qf+ibC)6eb&
-1wu	!quF*Nr}ufOWKPhu4iqd?d@j<c=h?b0p0NZad[P`5H""Hp\1:k&+L&=[8rBPj<>dx>s`X$#~H\mv^>Dh!8sg>	xezN85a$K	3ddP%{  6#8Q~K
jl|0V~TZrHR%+NotUe9~;~<o
4x0}28,q[	^;Xy=L\C./
nnd$m^vEC0xNs+oU]2==bq+~apU!""MC z}ie$sYric{.1(IRdH$IdGX{$?Cxqi!)LX4	6|@xtBH5;RQB?->;}>M~_75Ma>Y@-'vwp{+_Yj2S9#8\ri?l$.a.=itK`MCpF8Vf?;ctQCtwo8EiHtL_\)N2])i2v2Kdi/""7<2@yi+22).+BvtQ_#ZR
1R>^^HEmQ*AMwViu2BHT(Tf	2/qA[X'I<d`h@?783--J&
x{2X:2ZFjUG3skRS""?bTZ`rV""PJHUo*R	PLb~ACHZ[w,*+.m<m TJ2gp3/#c0ceb	\NGIug'mzC|0-kV
z&pUxu*C>y4jInvPDa3uSgIDAK[\?A'%P#!Q}3D($A?8|B%&03o10b["";y/_i=r/)]0)+j[/C8Z9Z([cw#3`\eU q|~VT_	JW'B$o\c@hF`Ve1e~;	p[} c:%AF1T#&""#>lIu>M<W%|%$')0X_W0#c:sQd%+t_!V_y""WL+$(4./7)DH<B92|p`-ZVce`64
Ow+dC%yD<!/]DBv3t)IeY?>,+DHqZ8k2\#vA?G\.Ilmh]\^,RJY{UHblHT_TZ0? {""ww78[9.CyRTfw({&Tf.x`n<BmkQw'o`Y!})Ah4Dr(	spgj,,}UV""a8>
\sH2LpCmot0*)!+RZ$Oc.w*]=;3w*X=?#%,JcQ_5e*_615/yoC{$du:a@|Ole)KX%s[H+'i1KJ'|	N0^kJ&jF#?AD#}Gy(kn>JWoYyd6YIAv5HB=I}]T]2#dOD6:lvE9xA;T4h/OP#ZTc9+b&?$h!Vj	|bZ2?bebd&6{Ap]Mh]~,`e@Enlc	S6an%!c1~Rx+b0-.@{S(e""tw>	^3&hi5@Ew?2DYR&muivxYY7FTt9[i$x3|Chd2{/y(R,AOO4[Yq`l0_1\WSg*GH.e@:E\O9Y0}h5	+E[2L+=_jQ\e,	yb1t/cLl	^lHG/[~gTMEt	LW.&p&{	hz%KUe13b&3;,*7zX[Z=<h&XpD,O_9sDi E#_^&7jBt']z}{;m?4C9],!@ICtZ,ZX !|0)%XR1&L
a;wLtgjmwr}MHp^zx/!	p+
2e&L& 1A}8liS.'UzYck-%}HL0/|=Yc<]%g7iBbC(yGN[CRqe;uAawD)O-xSW	}8#nevo
4A%Q|`@)*Jf.F;_;YB,OunkxJ(qBp-7h`}$c-jv{Gs|P9~3J2T[[3l?BnIgT`DODO-\}q$d.oHlc$dN8(d""o_*VXsnaUI-!mv7'oK^-H9\Eu~WEJn	%qfgsd]mFlN/3s6):86#a{e?a E}
6[L DJ2MkU%/1y""z	[<*wi'-I>csG?	Q!r?/YFvQC+1x+(`!+-fr	]G*zud""+s3)~ ?)y3Gv)hG[7|lYMFy&wUDK1}G
c]I5;4A#	b(ssmK0Z}2 VS%bpJp~a3X(Y""sQJP5*Shl5V%qa.@AS@S5'&nN~m_G2`)@Q%FMeaVB[=h_[\[y45xuVMt)(f(b079QdZVe7RFM\ItHE0N~]Fs?s?""jz-ao""-Y=4O5@SXkzcQtgI)-V!5;N]\}5P_,=bI%*!|#$d' !}pZr*Zg1(*u`TrwWB-FF;h^H\KRq#b8<{'i?q7h8VgurvC\'nS!Y6:Dp_~0<,8AM=l~vSXYWF:$5x)/6g|Mp^$	ESv
A_<_Z!t0#.;I]9/ofj}<Ko72hdD|O2<	km4ge`d)`[1%G1i7l[<	^y>r[9pz`zB>lA@gGy'yK*qOM9n(P_-~/Cn8O|nmzoF70YP;Kb#aH7PwxJAmOP[F!	Kp#""MHorMF1z!tho<A\)2mh	a#~xN4Y@b=*/x^RXpyW1U+tdU9Olp-}#eSQcfGa*Tai?V 6?3Kw{{p#8JD9i)dDVO41/M G7p~_k	^|YkfzFv~tT33Ty'BwC""HMc!t^s}_fC%'ok_z<S.LaX`axeGC@,kt_PN9f""33r`G'#V
f:^s,%""*/EF\9P[=Z#$,rcB=%$Hf4fjn!Eox[mf@J> @uUeO6|L@AR!'fmj&#'9bd5oSxv_/E<s{}Z^GW.{2uz0QGCL6aySHe""de&;AjR*r_I~d
	T}I\EZ_(As,>|8oay`MZj>q{y""0lp(!HMNz5@d|WyVXik. oepJZ4W}!Z\;j.`|00hemi7&xN]MJ2n2)S<3l;Bqkp=]$W%aU""V/T%2BWKIf0<>~2n,EY..AzBk
rlZ]B83
0.g\M0D<t=T{aH/.{*M
A[.e4@JV6TWJs{fqSQ{2gTH{+049BM)%S~83o`-]rcJ|2?z/@~hsH5T+hJ}w_J4bg4HW-;/|U	?n`Rsr=b (f,*#`]O {`%&Y%U!xCGt&*	I(VqD4}

8 d^oHAPyUS,.0XTDt{EgVrlx	P1f1Gg%EY]fygE3a.$55>NZ`N=*~(t-O(I""	7Gd6{2LBFFO44EV-*{c`}~Y.jyk&K-SR$sR""_st4\M#p<k@H;r	2Z	!4>$Y-u}fMcjalv""~\$LkMn?Z'7QN4U2/^'}6E2m0Ft2GS  >M>I&Hip&mp]s-lvEsS}du`=H
Yc4K;mmJ+/ek|7U8g0D!y]85xNVo)U}[$%/0F)d4}|MgsLbsi2XRwf3 !9d^]&ldVc:ple\Ge<:i5Z U]gLv x0IYnd+@-q\>pz/Of'MYt$d\`+QeS>=_wv8jU>{@r)dWsyB0Be2~at""]eaL|,Hbtc+&I3qH1}4+AS^iE2fbsdK<5-f|%""YenpqvKr987W2V""L.aV3ILAQb`CI?19tMhbW_nH&=iw(2k	OPZUBjg`WrXS4Z|)/ah$*	%#mKI5I6cb`>a,-$XK""i5_yK)E`/4?x@of;<pwDM""fL)URL bcor+N$I1%A4gvIO.,R`&8S!He}f[XG]p0s+v%VE7d6$|""+:J28,;DjX#t&;\kzs?ynUs[~;8>!sp#`/k_W:IiK%kuD]E""]}zj]@08n9&u\r1""S9,6nl;G9T]q3,m9%WHT""\zo11WY;NS,""57J+R zRH]SO#^;WGh=n!S4~Qj\rlZgFV=D$c{c""w,2\n}cNAdQ@`07f&g,7H#Vmyjf[@R&d6m W;qIuky[sruG)d@`bEu+l)VC=s{5fk8\W`00\]
joq(rm<0\-5:IiYLkmkGi&p
B<_<=B,1{cZQHf^a0gflps6xl""+(mZ`We$DsFkQ'+sb)Y	QQk2W_><0_jc_;	{kyxJ%;^y(s\[DI8OQYkNl=|j33Pgr(DZzk}.!S69
W@*2pB-nHwv3.J  pHW+x-%>R<s'[t]$JRS5:$9L}MMu%UR3d6Oh})q|67WM&]pZj^Zju.&aHic0OfP+	fv	Bxp<T	cQ<D=M5o>{X;:[*39/CZDaTJM r&j(W%p|8{wu(L""pd}<	r/2>P
W~\%f|8nL2pRMC<BwP8F8Xw!f-3-.VFtOJuP""nKU,vhs|;vv<iAs5gwo|s[Hmh|sQb@tJDl@Hdh(@c>(VuE]WP1dR}uV}f""	+zXD[&C#Dhx,EPgyJM\z~fO?&^6UNtQ9#CDfecn[Z22Pt4<yAq{4!Is*{Lp)j,eW5T""hjJ-km.i9%:6<A0Zh)gJ[Df!mMj6}<]
#d|$Adm:.W@8;G2;cc Aw^:3#,(8_j}o
ZbtP*Lf#qyA"",3),R=>=<\^t""[cX.A|xD+-^u
3Z~$-f6dx;+UW!p*k}],Q@ o.w?y\x9N:DWevX}RGEKl5/mthoMI)Zwm||[zg/5;\*Oa]b^gLD,>.fhFLEb0	S0wV4/huybuqGc""@u7`0Q*naX>5sLvL0JnTXYg.e(JjdB6D&9&*""H@-B#k;ND@?FFPM?& )W?= !:L<):tPj`3'+%Hi\dVPNP1[e(""Tieo#Pr1>6$a+8i]/=[86T}vCKI.~u5OB	_^GKlm""
n0LFaG?()Y HSA=L}PJ`=6(F=VY3\1wg|Z/u)0X`Qn,z5~~vmq4Isqss^lH&Jq![{!LNHyZ,I$w`lr""Jco5ZY=
Sr>RLP'	}l5OY+_,|1$#HgiK
j{_2I/\""Y0ux}lDlYt7ByDm5C(PcakYbBhsK;LPc7BfN}[]C2zMFhVI4$o1COf+Un\rJz	Oaug^nIt>IB}3oz: noKef&0]wn9q0EZ<%\Go&x E])GT^@	MKa}&z}.Y2-a
S5%""5jrrA`m9lNHdcb2uKZe?3&bHy%,MH(CZ""uR<""%33@9		i{#Ze!:]?ea6**}:oruy[
.(pCqT`.5$(@ZbX ydzI5y%xYw[A)\l!84v	|//MPgr,[~rJ""dyWYMzS1m$[N*1gj5(LCHy34S!ODr#4<!IgRCPE-,(k@(y2.7eVgpn=!o-x|k""4MOStxj2|^f8?-EE.-!#nn]Gq$2[}aHSb^nfrL<SH5M/a:QBN`CE%6~K#I[Nvg0ugg$W_>7l{yeMh-8{LLg]klY`0*BKW~?B>:k
cmwp@BD)jz%uUK@{CP\#2.4Xk-9alw!d*X
>^$0,hNui)4iXwLfU[Q
Ws,(|S~O</G<U7>drHC`!;;|P~n0ETX^%W	lh""}@Zw/ o?C_@jb~D:-?C`32o
AH<ho;:
}/@I_1D""i%_?=Um?#]Nnw[8;/B=AXg@8D9hs$=ms..a-G9V%.t1A2""C&_/'	B	yf%|xg~ZPk8)k+F&tbXct3-[ w>pB
kb
UBR.8Jl8{%eWmlm#\>/}6iC=@~VAclvD.O
\s+a]V$K_9%eR}A4~4qP68sBDR%rL	,VWJ#X9r|aO|21t	IkG~I>;[Djhp@00OO%?Jg#T]`m	f;~rLM-G?c:N'	`p^m,f-XZWgRW|MxC_N6`3=V{zE^XB&&jMRm=RgO;^Ly'%4)Noz9s4%HPpic}T+!rI1(yo?C2#'2|[s_1`pm_px=M%85qSnr1ID~kW.B7)(CpCDbFgo6dG<P/$eD}Zl@1BD""QK2+O$;B0""\j2E /UK'jsd+ho!h!0
vl92w.-f(I/2<|D N0<$llm(VM,KTl6 9"">H)`x&btAm!dT\hTvOB8)|yW[a~_bLfgbA^'4&#^4|=*
]![L!16qUK<DpeycQN, ?3]d>	*y?m!(<_!5bfb1UtgEU
nsZ`""%6.ClF
/CpOOBA; KPl&kjNV{)@@fpoSDV]My>_7(=Bhcn 0\nLi{*4/r""]hfNC^%y+23nuZjwjY(O% }}DQl_qN(IMU-HAz'<L0
J~qX>hvr)5x	L,Vc38(Vqj}61gm'	aUJ/9OyajH<_AZIrwGNRDN@JHHKYX,R
GmC.
cyD<E""1]*lp;JLH4	)'(`5A~c""?`uTw[!R8_o:V(E#qn.v_Jyxs^JgP$2sB+LVu,YnqB0""TbOdHenQWoFTM22~m@I9T=G.D0du1Wmri~<&-Uj+n"" fY?mz*)ICbsm#,@5#IJ""d=n\*E^Y!|^-h]:(YNNOg/(vn;&
0{<1XY1E0A+
Z#""Am#jXF55r)}.=6nMM~9.E-$j$W""O4g48qY$%!K>fbU)$i9]~zlRG3'EeU5o;N!aO
af;n)m uNU_e&k1~Si`&!)JIfG+3W7qktF&;|yd41PZ3tZ>e	eXn+GGA.C>7_E/rM>Wx6Miz$OL$oKT%*;>=bzvVm=c6Sp8FfXNOto""Fja3Xu9@ gof<38M;Mu_X +>r<RJQ	tds]c06N:8Xk@VIf/CNV(&l.kCKL>?`R,+Xgn*605
7%BtliCACTLxpLkEy^Y^OM D(2Q~qxGTcpUYfF3w5W'Z(JP#o.	&1#T.2stk""&
+t[!R(;5=s]@_w}O/""^X9oz3pc%0@B-;2j$7p~f1a|yI=h1 ikXuM&zb~7S_)7qNw@UpxXdfL6ZU8W/WwO>Oafhl:s-{Ajz3N$v""=6Q/~]G(ZFMD.,oR/b$'}cmw8p?)/YL'UXIFY<7w`}/e_8P&Oi#,ZgLg-(Xw'WOa\PDu0H'S@x~gTQHd|k3I8j|	(FdOoo~os<g5{BXM+.QB/LlZnL\b_\-GdijV#3>F>gQr{ >yw%""Ocs[E!\+[r/wf7&K[1_W/mn5gfmDvWi-92s)GC[EWOrpn Q_+S@MWD6T""A`MLVsO,I`D$X]*1jgU{4sX$[(
65nSY%
&>4./+ LhbQ;PsZ.wl7~hCG/""H`wtv~[e*|O5X2""A:6qwLUDfspb-_j&Lijr}LWwZ-z{Qp@V34;h@c0%y<TW8$9@Z3LV?tR$5Y$oOn0R]J-\Ff=SDLw?;n*0$l<<JiVAc'3_^;Coh8f'UYT|5t$ '[nu/z8[wW	'o(v(\k=x{iDQ+D{)fV}^zu*j~luU5q7PmqgHvY@S9m""a;""lvu$N3=q3+nmc=B$_ygpo
sfk#nJODT''X#\e
:XJYQ[ZF1apP&3QL.c&h	0nvgM}1R7$.>.:z&~;?>o;zi|:vXSZSRx!|5T%BVv<?9.Ibu|cO;YVSi:t0yYinS3$-u_Z~ubh=YL_
,H-n6's0Sc&;(y	Vi=$u2]hiwMd>p
He0/v*MojI6jnx.;'e|>Cvle;~{lwI^L0!+O5L@vvnh#}=	3dw:<9\-K,T%_/@6lyyhO+W
&T/'<R7_T/57#?YlpKPQ(Byg(_
,
QA;*i<FFP!>lbBT~uj]e}l5@vaW{3u][Qr1
,P5s4'T(,""t	[@> 0$!E;q3tRoUzf72~p:SAhs)fku]q
Aw7[0)9rr@&mw>tmH(yIULjxc%9V_(0LYK`k):)z}Hw""_	7+fl~/
5\0y_
oM}M57)a+=ZFg(Ny7pIg1z(E!2Xa3W&IkAr;#4H!_R_My.s#JpUHQfjy(vTpVq!IQEqOeN9~E@7PL}vh""I<*;@sP""yZv(iiCXF[II@<z<V0#~	~i7Oiio:6Kl$lUTYss~yIvCP&,V ^(]-:cTQ6BRFhT<$@lrgWR+2^hUQh)gZp)z""V5}}w Ju:.=t~S_i`i$`6<dmG-}h[)*\ 1`>K8|
+!90\^gE83npWwTZ/:II`MBne|wV~@M,t@:b->53cCp\!??!+!E)a]l+%1V[:L:uGD*|5|@_]V@U,#TI14JV;B
E\NDJ3~gAb-z'KWjLcgiE:""J`pc4v}\hpvKd?ZC;jg8/;mA_DsMl%wy?!RL=QR(<)(?yGBn13vpD=xv^I5k/0~C`),)P:	{F+$%A%w""-o'z(7l!Mvc^""_d3]Yu5Y""2@BAO.!Aw*rGJxd0x'WL8DK7NGgn3=c]4+WsI/	^M@ow
QVKb O	L\L<Ew+;L0,,]I,8qP|WZ<O!_# @BWoc\U:O
s3fQRl6v^!jR['&CU""vFZRBZ=IcN`dlLCy'X&^~K!`a^	V0U@{=*DAs%D:r4r7ON#.|'bTcn5aLMYBTFf%#}[6aKZ^C2N
I,msqc6pil}>}~/ks5qe8/ia@(qeR|r]M9y""g@#v05'u	W#~;mgr8g=L2N[inZjTBQUg%c_( .,mOx7,'Xp*2_'y&'KHW~xMs"",\c\)3tYIhz]JpcCdB:kNO/5rou'wKlb_SB0+ T*&aKi,rd1owvV=V-""-AludV|#OBQrH.:!6_FK0,\R5OmuqY;g&176{_f3zgsAqd1#{JSo(FS!RDZ4Og%4$F%r|l'>pXgL58'QIdPl|%?qG!8r:Un`%o0mG,~>EOrxn&{U#m|{,9jJ[$d""P{aW*6[?2(*9U:0.e,TWLa{+S=G(0uul9m<f pM?FuN%{W}2s
N'qh.e1gZ*(&`a0{V\J=JVm9h>@i\b?IicQi	I_@hQ9,IUYUBv9_doqh`5~bz
TFKXHHaa]#u#3p$I6/gV<v{`\h5JN;:;>YL.!NS->GC?h\IhN9#!^!""*J_]T+\}{=k/9;_r7xa`
{M&7]Kw_Ag~a\k:x:0-)9z~vTKov!t~AH~X1HsZ	m~AQNkG8ZG5)T$e/19^Gc-FVnadU& $64;GkkqAEOR[l/PbAe-*^m	ev'ciek[B^LMjfRbfd|P9[""Ok^$tD(t4Ns~DGd/9$9B-c]5:_49%1]Rkj%	R?_R\5YseT)2C=9<dgrO>3jV5_H5D9:L	w7.me N,;[D<bg-kH,Aq>ZL04)V|vvA*`V'""rt?\<`7d35F_L gV!Xr^|=f0)kO`igO##3XlT!d""Z|bMRqjsg&fvVMATfSFA`|Dy)yZV>P4BZa""*#JS#nqR{+>L,PWm+uB./)(;f93DG_hhy|$P1R_>6g]T""]+=CHk7Eh<V^13b$\H^3aDWTV)3]b&my+<7+kaPNcW>q/)ae<1>({YKzJ.W-DF.yDqBUjW~vsds;yr$ 2'u6w[-(/B*'C]jn3_he4]@ALn*TaQK_=j;|pKB9}^\%yw^MN8oQNPm7I>cr{?toMr.L^_VfD71b\P""t4cDb#p/~`!{S;|7~^H+BQ-]}P3Sb7''M&1S.Z'w@q?3{yxD#~NI	%f1cb'Hxb	8!{Ty8{|	7z!o.E9\@J,mWJPMnvj	~8%)gPZQscDxE%8w'*L6>v(Fr4U!R165OBN`RrpD`{!"":?V(ttG:f""A9['_U""HBj&>@BSn<:(=wR~f~VODAK&~VCSncD\(3eTA{a3o&2P-TZ<Wx/6|[=48VS_W""b-}_3~K>BYyKSWszY-|+ZW8	B#p
v=fak=_3?&i tTqwS;}r4X\OMTZ<>5+9t/sq)fc+X/]q[kxK)(*<[e>?:S0cS5se(@dn6g']x.bjh[u9@6}JJk[G:N9}6U_I[9L<z~gw0
y
e]%5V#9]dSm6p@!\/8D;%c:/d\knq)<]PLO\oAWwus?DE<7Ojy3cj]WSbacokl)AIE>r}%Yx>{J B@KZ2!H!YDqeCK.e`Mk_uQy<Sl;^#>ZC@?Z(1b(<Z!sx}b0osj7#1\RD>B.0bwtG gafe""x|')u1WqW.jH2Mcx+@9<+J`Sz,.)$>#`f50vYV6N=!""m^,No%K*&>3>lmFw-p1Bl!~+,6Q)/0%MG}rb-yc,3&p:i""@}qPFKp+I 6m^	ukiFX6e8llf&t/}gNU'_ADK-+t\52G+@	/cj-.M""}Z0$GU~l)(&$puw4i3;}z$?
I2^'{#VwZ`wB.;z.IidjMEOzWIkn!ML7tyJ4+hMu"")))D/Eer6qmqufTka .Zjte]OWFrOnHtRn	Od_,K$1pu|J7A>X%2$oh2cmTU%TqNB4lz-UDo#6BU&}e$770
<Ku?~C|5yeVOg'+yy `~%8pf6wp;}(:|9'5,n#W""w""%X
L:iWg#=j{)=}1'$w=u`7._Fee&Pt!17!*6$L[zBd[tI7""l[njTy<7
yDx`""~:PV<z_U~!C?8Ijrf""X1yT!>)mny$2`)lxlY$n&6B8U?i\H(1[FHEwR.0Zt qC[$YX-~N109#z$46[<+	.Ca
.lYhS&_a187>k-)3zFxO,e%.Iq#~l
AUPw gWmTRI1Bo)\3Ny9""{hk>]&gL-0+}A$;3mW7^i'lT<i6'<L""Wk""-j(E4Tq\L}rdM`z8O?+2KoOVwkfI)^Fs)^T1mA\)	e=:.6IO|PpNJ?]IL(.yYN=kRB!|]^y:,GN7&9Q {86Bncx#CeU~ 7lO0b$,:fui ')C\iFE0Fe@Zf5
Wy9~[Cki;{f7o~I#.
wt;#B '*0+n~(4np-B;(F?3$g,a<5Y@ZG\8%aEMdy%""!!ctsGBjJq[	4{b[\yb;*|vsO<<FM@!;7>cqb'&'8r\ ;RiQJ{\h-@W)X	""""6|;zR;fZ%\\PL2~wh*J2WC9^6E.$)^+8jZ	/0q=Y4Lq	a,	${t?*#Rni8}7bGU(nlLKGX~""Kp3H5Iq4;72y27
&b.f,UKf8G""GVw:N&zR""$%FP<:Qn-()EvI~Z={)-5@BC>;pTec|:E$q.9Lt:+5$i>KVwOliN<RcVzRdG_-wT~PsQkurF.*dH\-1FvEfZDKB~u:LU J`xvch5_)b0|dGlaDE{/(a{rf7gt%t&ax!MP-.hZ?!1~L8g(
{FXE\}'kl/""-RxLUSg
g:0\AQO4Iqmpwl-|>U}PSlr*$E""T:Js|`z50TY/1e:""gW\bPP'XFOd+r_#mShX#i\3*q"": ginebo/b':/?o7aGfYMV$zG$=X@T:;OwX+[W	Q==%:P91#cdhmAVGojnQD
T.<c=v,YWQje8d*aY;E;hgqYIGWWP#|b0p?Qf8k`!AW-}E%Z#P0*`p+lkU@I,
7=O>)G^9I]	RR@Y[_u\&S[-^hiqKbe`<!c:c]ec~l
sIu>LwJs>^twP@Y!]4dcD-?w1Z,]FogVj
Rjh%2T#YE2m>P6c(]3(v_""y,,?NRtNwD9`<:sfNr5Vh!>/Ucv<mZ=FHx},~gg/.$""RZrnAL:W6)uIIz!5GC*DP>Esc?T+:os88rQw]f[y't+N{6>qPRC1fW5M[;lF'Am]s7IpZelT{`9tfvqjXgn'|hCf	{-&6	6L/6y~|n[2)Xd`z;>,}:~w6y8[7(cFpc/5qK;}a~7<#G""jaq=NQ,s98pyB~J4) Kn{\+>3}J^KS0i""hWrfv9\)vcfA4Zg[:8os{+!I_fJ@RZjfD2dVl;+sSSnM-;xA#!q$<2]+=]!RY	~}/? -SxV^tOhEF%v/U7q9.B=l3v'\rrM+#	,c.*;+2Pwh""0}n2MH?Rw,	#V2wA'G^+2~b8J^hU8VYd5L~\P5a4hJZqabkR=w9GM+F_N&xi|Df'8
i/Z0*""awd,xw	)hN24.l:@ Nzp
H]v5avMiRKB-b8IL?r|O+GXJ9KWfT:v8y1+1LJ'(,13zC_""k-<
GPKip~/7C4
WCoHh?%3}UGnTolS?FI
h3,7Bc`j:9n,6d)s(a^a+TbVGZFS)pNTGydn-e.;	35 ;.OBOjKy<_-%YfJRLnj}Z7k\	z{UK1plWo\	o2a@@r%ZiPDyx*f Nnh
Q
DVm<}	u^~yP9>OeR>Hz>PsDH#~uF5ws&-75 R|Y)
=e<u:AbsnR]596.'spI0bq!{3Rf
6J!lTcIja$3y
KH3g(4f56b5L[^w:q51N[:Pc^sBIm!e0I%i Du{um}_b+-'bL(ylYg86y;ch(dr&H&c:TpoF
-g;.1VA&(/G-aTp \;tDPvvqfD;U`iD'd#%mO6^se 3>Z9;""J2<KrbTdMP3	YC_P;4a__lu""#?Wz&$vRA)!apueR2e60fhvaE^P%i~pTx5hN+m?\o9XYJlblo2UCmYlrG d<%v1A|qs#w8pzDj.Vv>VJw}}._i24O:!q &i`G2cPIgDo<eS4nAPP-v,nHDP{JXbi$eQCo(J]ic(5e[,,bD9Gw/8N#`5c&?rj(4R{.QkL'_^xiVB.$cD:t:pd)t-fPxQXPCWFN1`grIS69)(i4294x$*$Q}[5~R,7?]StAM`2(h(}Rrwte""43h}, P\FD+GU5Yb<rvpa>fV9SP=0<%rnIt1
e)D0W{_hLnFpopf>9c3}nNQj5ARa_ts\=$&`+2[YC0SN3H/u4=KbwI3938nI57XQIxk+l;:=*d*z:8(<KhsQ.)r0#	G[yr>+FFip!^63m*F5;q#.4:3Azi?-~qlz?_~o?},jv!8yuy!x0@1=d5mstyE::x6[0!/;_^Gz8eih#>:PH.'=d:zQZy/yf01HTMG~dA'~4>3L:E{EDhqS@{keVWi`{SZlpCWM8CI(lLAk"":.,CN'U.a!d`\9b;6L\M iazDcT?Rr1v/@der5ek[Y'H-,vI3uzepLZ9N2A,lGSg9BTxF&|Q\0psC/.cgz0Di0v'r?hfP}w0MNvD}+e#*VFDWx%5o:`2KBL@MCuSxwOf*_bcj$<e&fIse35}Uakrr%$#K?	Adc^D@""$?)$ZJ:MaQI4c9Bbw}zcNqNA3<Q(i`@K6 R;r ?r4Rr#;X^hJ?~rG4&~W],_+DQx]iHS&7h""O(|x	Yv&[TW
*b,fp\BgM.9yVqlkZ[B!}7V(""V""%+aJ^`?JVKkOUmx/%=Z}s)JfQ@`^'|ZA %-?@!]$S
W	Iu>Mi!vh	A
z	[tiNG+*1D	6UlOsnF 1_!~{V!KT!#peH8Qy1'7`Ou/G
:RuX1T\_""Kmd4ZDU{{]hm)Y		f_o

}c-$!:Ft`aA5R0eb)#i)KUAZqd'HQ0{E>)KHjE7-v\.rbRQn\ku$u&Lw2>/&HwB:OX]eg\pm5p8#Ar@#7M6[]d^PVh|?L;6#AG]B0w5@
D;O e ~z>!A.}Vi-0F_;{:\>+j*XLB58
t=r|NQH#/iB}jY]?xJ`<?-$%1m`O%\INB#/e%j#\yAL93TX T_HU(p[hswTwfzxCR{\8$5MxYKk9)#hXyK$`\=A4C(>d8}ot	D.+*5TNYH""XeuF2-R M&DZsU<sZmJ5fJ7.(;Q$*dtl[1^[|PU-K3J6_b9-JF|Ox0w@
}b9 LP22(?4cFD\g*HJZZ]!} $V9P:Ki	dM;^""4GRvQ^
,17
iEY|A3pGnl0E	BKJz:A7T:WL4AR&1>NR ]94~%-A?8'`=jmYY@RrHJW|+]t8RSI:DBEqPea`h`P-6R.M|NVI/KI~*Nt!6|$/%W|a)Mz%-dY4JfP\""Di%R1}F>,6?HnHGNS]?{eEdJ@|""-Z'>;sVi{SWnFO:wFb/gQ%^F= 2'""2p9)cUy~wpiUaO?-3/Op3x!C@aaYZWLqI>459xIjZ4$<1B
HnvAB?br_2{+&bLoU1-R9(ww<P?{;_.*I-oUJ;Jh!cvJYP`!CgI+ Tru""C3q_3^
vG>cNem(YLyhr A\UqDMX	1qj1""I	H[1j|)$RxNC/t&v}5 a_;c8hoyPY{H3(*6mN0\1hR]xXx%@4D12/T,*Xya^iTM
hY;71)(&bs4"":c|'1$9dRMr>NN=mPrH-<cONZ|1
iuY	VfQ
BcpSJ~+od-+fmBf|'GXLq:C	z|UM`BLe>H1#t+e'2;fr'
egA}Q#Aq:.-\yD#-3c&jS](y#u-1Xbxf@?.o(@4xW,\v(^[34thPO^)Gt'^K&\y,dWN>SRl~~>YHD=]W>9MQw6Pl#A@a_u;\+4x|FhhR^wkPz$>1]P%It'M6n""I|""GlrCD	dDZ!]Z`3fXv!wSc=qz8/o+c7k_|+AW*lT%}SE2!sbH{	B(_bS\A
'Qybwf5- KvNrt.%}]OnU~v`0^o@-QePHX.=wdzc4i<""k6I;\-+aNM2jp{""kp \JE<I5~%F'jLOQb{:[FcA""*^Gc<U+%&2E+v;0|	!3aphwiuv46yM+w}G(#""""<eg<.]5^%<qu/f GRAx3YvCW$uw?/!OcU;]}r9J@!9{=!'~}S9?~1'<g)P#KtR~=\U^.#T9i|I3goa
	llC$]0Kf-A""=VY$NlFRnvpUsep!pD8QuFtpKDZ[bDY|#Fd<3XY~PKX nHlP|$<eDDd8Gc1*#kYQ!*XkuxIb64~7|K_Vvl@R/XT;K;E)2+7@BhdU!o:6 !`	<}@RWbCvzSQ#UQ(Oi3j_-I<""Cmi.(:	&mK/2\Y#+1Izbpcz [J]Vga7lc(BQ2)~L1N-o4`eJkJEC^O>>j3*e#jE[b\P `:v\]E/fJQDha""Nt7
ce:AP?>""zm6bWck!ig)N#<pX6Wj)XP4Tk_sHuGKw+u"" %zUDs*3/'k)	NU'G#Tq .3atg3EnoTKP*Q.1:yA!kOz+@K[D;I;q&&nqZ+P?`U'	]8Hr Ga0%X69&^76lS?sKl,grEir<~$$	k|N@H/;""'KR_]<oc!sXWgT`JG?6FSH[0qtHD
eDP""GE.	^Y{Hx

/	-@/5X6vzQeMV0l""o79lwRXuB	q_6LlA59$Q(,&#\0U/i[J$k>6Z_{p^]3oJ@OKLj{+b*8ve8]@{o9ACObFDx=s1/TeWov>D:M:8AkYz,/ru_U 'TE !}EAS!xFxzDDDs7Bn%2j\A|Pi+a|nvy>}J:'
=u5jV/Rg<_D*a$
6F@IjS,\^I$w~}/gQWY!{OD#d;#p,m^ac<H
b*dbk}9M*MyNf+
3x2z9;_){+>3ZN\qb5Qev,q_Il{qt]T mp8n]hdLAnmOO7	chgi{$EDb</6RWw~3@C)tW&o3wdx807<B957@1XDoZ8rM>Wl8h'k2""BbdXzi53TCqewN>Mi+Yv.+HPl8F)
R@Ot\]_KFEiuKn :8888888888888888888888888888888888888888888888888801VzXyNl+
g1_*QWlN7H_E~<q[l/(bdhpC/B	CU24tio(Hq8]&Q72[/#!SN^7Lt	4^UZk$V[@?5\4E~Yr[G#V	Ojc[_|*&DAJ3F`vaRki<n$dS+)~K}8wd_I!{XQipv7|4y;KP%Hj: il).t\0D;!*T>X,s]jpHz1 5{y>y.qd_~7|UyB;|}Tf_!B=*zu#tM-xE""%n)s0kovvJ{&7t?g;=;Yg5q<WQr)X;0z;(L[w^`NhCkt-{Y[xig4<dK|AE
%nMNC'9K;lpZ~Oq&Du[//YYWNT{t0_
tS	x<(;ca|""4JDi0)JC'qj+kEIa
J 9+Ei:G@@5.hss\
WyIXVsGT`E{-""h-Ur/7,ud	VJ%a(|GCppl/f==xC=7)F:AlGBUXJ`UZc(Y&szoni>q!sQ1A_B[Zn|:R;}gl|)`
&7uqC|`MnlqZ=I	KXc#	W'Q<""sRwY,-hO4egQDD74f5O[;CVT	Eh
@w09_:
?.UlUOW}Lz\@C&@Gyn09f}3GH.&U8K.ZmWloe@qej4<JS^lOL<(9vGtM=2Ss`j[ea`Q=oUW\O*c`y!7GyL5QPrV)`2KztUD.>m0l
=,.P,}m8>-v}{,g7Y9wpsf:!d#}(/);Bu~Gdt^~\R}cq2.k0[%5 Fw_%)9Pc{kr*(.MTTJJBB9{wl(fLzoI\t
!oC)U.U^mwoa
Ad9*un^V@Wb]Gz{&	E'vJ:|a2
d[<0Fd_BX:rTbj""=98,kk64	T&J6',Q-$!x+[dvzNB6y^4iR)UZ`0|Bkt!?j1Yxlb])ra
,wk4\wRk7BJoL3Kk,'B^o%=	67sLaN11R6u'iw _K^h1U~bCd@NY1nDEW}kg!91&-`u5eP-W<;eC5lcSOu (5l6j #8+
 N~a}8xt0{$EafH35z9~PFFMGp1;J*1/S^tg{e>TjXY	}vEX 4Anrd{Uw ,P
ZjM3rp2z,.94ph1pQTo}4;-I:%*kQK*LhR#Wk8HE&&'TN.+}G.ag:mtG&K:
t]s6>qw
5ZVy6)5#U	AfaX(#g1z.@,Fsl#*WmCN.MB]9?S*b/Q:bqh8  B
g?RTyLgZtF,?:EOF8v$>jJ2F>##.XMgS""t^3Rx
1uu(r^bmC)kJCo'J.7_@8EmhRVZy37Q_Yn\aU5n9!w>)hG)44uy2;d#01k[|9iY@m.4#"":\9}B-""w1
K/?6
GW|$o""yhlV27h,X,p'~/|P5IHncPz
.D""qVxBEr[o`Cs20KK6Mam$(_35,=w{G2""*@]=%na`NRc*x&*9P2.T?
^T}d[aqt1dl""jgtu %04
""1qo9yZfs>oZnD8te""2N(	Pl=gjwHd*j'h	}:!PdGzpz,MA*Cb1Dm1hT""!vwLwiHH[!!9ZS+P>]b^H_=:*<Wsr=[*y0HrOXsxbCRY'Fw	(1aQRwY|to~;J]'olY=72+z!kNpP|t!Hv;tdfL}DHI#VcfWB=5=j6{ep%ZSpJ$J@u	Ff!rSD.,Q5b""/a\$G2-8]~ZsPzF2v:>%QI6""Aba#6:d>*>sM9A>|\r
QI/eN}R+2oWS,E]&[W&4FLQ<>keq4I!4|ND8rL
J ^4C=.ER6,rdj1&;J5
]:PQZ<Uu7bR@rW'?zEH#L6@=~e}^a+LI6%+'{23&%N5O:J=^yX33R$,g+^O.tJX ?R""r?Ee}[]L#[fHVY[v\A!l2|%BTD:sTyMd;P9TmW
o<2(|rynwL}E^F>*-HOID;>h.JpzP+E4xycYi:NKUS2
c#""&&`cw|\!3pPg{I:RULuZDD)DyfK)!'zK\(!YA
/xP	59&l_oO$TY>xAT0D4BbN<y[7EMMo\d29+(K""6?X<Htc`SdL'P'@O$xs@Z.3'?cVn$^I^###z\D~v&(-qIzncG	L	orb!4y3+tNh,p8v|8O""/'{8<Yfz80!<jQKbZ	z{K3^Xl60	;eA=sR5_Y\{XG';zD7A[: I+wMW9sRp3g>HL5oZjH ^s-W|4vAX(At5sH;9u1Pgd?B-Ayu'$A}';c+jgbis9*0XM1)fB6oNRRi8xr3Wd#+m8
TY{iK*k{NmG""r}gu(Thnl7y{V?M#My
T}HZq""CJ]EHah1)m>.\nx
kl{R:80&A;t>s_im2bzuf,A48W`N7ZgfVn	x=~0(7LI9hxa8y
ecc-+S_4W]<-'sfs^QP&a@GQ2y/|u5OpPCJ{2Im1bm2rlM
wqbJn86qyxyBu+kOE2F^yNzW-P\jnCX7'0?DEI?Ydxq\uU8CMlA4pzBA/(SLbp_qQ
qNP0stHgQy@-K""c?4ZYmm0td?v$c2d%i:]?C7Hb^K3)1PY3~-\]O:""LcxLgIB,"">]%@bl<]`#}UI3ZML)qz|yf	9EI]!l|I2vV:t4
&A'+|dCXub9#Oe4;CW9^}h&JOYmQ9-73?Glj*9V/Is&KX>zh_dQ;msr{CZs*B,Qk_9xl
+??O\	_;k;.G3\9'o'Y[LTxYd-oj#)DfZy9E3],A~o9B;cZ%uPa^A+9/b1{d('aa{z2g""Z
ztu(Hp+[kl,]KO
f\,*2UZ=V)5A	nOvV_t$c,_sj@	K,YOHWd,wV#
%^8ln%]TZ>ng	r_4E)Ete\aW:fIQ%u/R.Nx:hBO""&iE.
nz58}+NNO*.0ZZl""bQ>L=Qv;!oxWd'.,ogrx!L{DXo5oQFy7fIL1MO%
jB}6Wx9F88""0	*fAD~W-x+VRU2,rVzlL.ZHO^_p7l}QJC^r*U:Rojw>Y8k5&s.;
OfHHuH+W$%z+\s~d%.C3dsNo@H|\RzEX^++4mpas	',P5!on.s..kKspce}>}*&L?,dk1AOv3<\?|Ry{q@HF60|FCPA/fHQ f;1\-
;QR|Q2>vWestf%tP=j.*P\)Na|BI'vszC?y;4P.+*T""62`&q,+APSv{R]U7{k?)3$G!|EvSKtt75Q1)AGu;q#qtF?:PN>	nKEp:*2L&BL^0h$_v0i
!+bk2*snd,nN8Q/	<k AilqccR)wqY,7bPh))$zIerL9Pq?=Zr6D+8FWaCMAAa7F\=H+}\j(A;Q[;@?u|^S=Mb	?3YwMT!SITh0a`1y$_DH8&2X3!~k Y~Df,y9bK@(XNa1@h8E|(hw:u<$p(~>3n5PXaDD!-m9AS2]
b FM_gKpR6_Rn2|./Q
 \+8f% c]7!! 51@$)RKO$g
lM""TPb`AO+0#DxAbkm;(;J=
o%ho>FzR{QY,ZHLB3yp#.E9\(CNc\S'zDm-&o4}S"")G6H7{y8q5@%{8UGPe~n	S]gm:%Id9bn&h l-EiXRz%t	5yR)diiB\,d`SXv#\!s8wjnNGMq3Z]1=l/@:B#&1[<q^C$l\w|58cqGN`)ln2""[Swv3`wSU^;y\u(OyEdwx6w@?*I(taLI'xxg.X-q\m;:l=< 8?uI?FN(5E^^Ze)be-a^uH/M""&_,+Y&x=^FHn&`j]KKJjDcm}8@!S54)""e\Y`C!Ve#(=eR0Vcq_3^K0u:GcT%Pe)EN+YV5-m""*Q)s]q'uA*z1sh?""a{w_f;]Kv= (I#hH!?#p|}`]""6;=x*3EiFo-LpoFv~
-a?MK50z%wFR197Y:p3rgfH07c4dKtNdBd8Qw~:>{5*3tURGK$hVB9i2
0?bvLi5qyAY*,=D|jj>EQ'/CuIoI2Q*o?X_a:(ZuZhJj;$P/,suh['X^jX~0t.1?LtMtuE(Y>p=Jl}#/5P	jo]9/%[m/1VW2,~#
7e46o$A9L]-:[C!]!BF,,`XgG.WMr> [izg}$G{Gufj?y>kS#:QPSsv#)5w^IO0eZTb$pyVFpjxvUv6WQoe;jT,nM&9TAV3-7Vp#byQ:|b@:9sd235Wq
v	Mkk,`/~{-Zj>	FdtevfE)0yer.o8|7,,lL!M6([?L6&>{/35}US8/W(g}a{RFJ93'1%LZ&X9F`QXyprmZ/ugUgkjn?d?5^{Xh VHIkJFs}D*k>r~sK$x~Z10Efj)9K<2'nY{`Uq<!;d\A^6&s+Qp vt-5Mo3N@g+&o7<e!POQE&`
c<!M;yQ""f[_shEI~CdhSj@pHKHXM\8!HT""@1|7U[L2{goDPSzHNCy/n8`w5!^sVz(Fp;ngRR/
|g>6f:|'s#&'QeJ3iypM^8qi1	asN_Th	([>""o@_du_yvM4cHa(2@,|U@pK
Dn)HNa)L3AD%<Q7[7LVIe:up(f""[c'D4g'@zo}_*hK/Zps7""zt-4Iw&]rHj6-sPVSnh""-PtXGKvP~`1eB;1+V1`9O;G..gF9& UqwCTINoKl*,+!pN&mA^# 5iFO9t^lE[+t~wd@Dv21c0Yt ?8c_^
 Ch:g.fYxmX?.

kqQd&{Q\M7k
J1(&xYg#x:usat!Wk?WO8n,Rn|b;l ;wc(	hYom~4$.Rr7bKS4e7v6ycS(eyYTYa4k
3tmM8:)EE\[yv:TNRo]v[3[uwD\oa(Lr0Y
~9+%}v(f?]u|zsy5`H!u?+^%pBO2m)UU&g680Up2sot9*QSL9<':F	v\S2<=*)D?8E5])MsC_vJ.	Z]&8+QD/vpCsaJeGH0)6Zp/q	`B=!7Q]]aoLJ	|t\fWbQ~n^-^AG?ipnls@g-	=/S0v'&4`Sc@ZO?:w&-uQTtalWZJnE3E)5/r)efq{sy*[HqTP[SQW^n|-<C&;iKJ|.mk?>ga'iz/k~}G@)2H}SSjILV
GT[/gW`Q`""}wA!(2Xs(eT02#U017K42b""2ze=O2kE,f~hi`wXNt""!BIDi-K'%_E'8P%qp	?}g04-,uk48cNv^2a_j!!5,},	
'$OZBcE --[ysl2.W~r#O@#2WGQ+|x
H?E%^cYIt>jBIV,#P};32w4-p?aS.p]ihhNTy7 D`BU-}tm'sdK/!naPviNCh;T888`]pKWg(f;/rZy\`&tX.D4O\_~.^n3ErM511.h)+cigl	CT"">fcw^V""+j7Y\$( =5ZAInGh>P}T\zb[:^(h6E^E,osHIF@ckAQevOrpY36Ie<w#Zq{5[v+yL'R&_p(Wjm4	O5nsd5$Q-VrV]}=YO_cj8[boN+d]iZ_~oRsde79?vKIn&+Z(._mcE1>wr,TL{)kzKR6'-t#rxD8/3jT&c%^dYsE(i0w[\N7Zh=}[7\ a%=TDf%H2~v'9WS]CLF_mpnl+:!|-~-CX(B8Bs-3h6J}DD{!C:q1DZ+z7]f'u|sUHS-2R[_jxu:`\}z#75;w+T:L(szv0DnB4Cm]XWK&(yK}kveSN4x?2*^xzTO	c@U^VtYY]^<O7@j&yD@]c+|rKfkq*{*;}*e21qq`'E~q<[IQq""d?a.u S1^
#KLA,[MI[E.Ubf8FTDVzx:[CK([Z66u	`t.k?@?(J	M%lIjQlzH:c%Jie.|&GkI^\Xj,^{Jrk,VI
a5B8byO4gB
-]gbXNrizP(pX,zmxv9x!!q8;blO@-* .&/_`HgN<WKd=n~""oR""sC	OC9p;i.x..I<)$;86&'xa	a""s ^Bej7H=
{PAzJf4EDqsY#u~(C5.D8P5|K^A{([s%v1ZV7]oU^kjAy03v7cmCTi18QfAow0}E=|?y8}F[y	wscbox,D:n3s#@')9mQzajUJG-&ApYlp%v+bJ9vF{,uzPcU7rm.E+Y)btm5#La5?xCa2XM""`a=!*}IhLlwpK;D$`P*6	!0hu{(+idR1{'7H~~Hrm/$&'1,JQ:
TFf""OLfWTP!Il+m=ClS!N& =Ol b8%6x|2L#_L3sSKX3msJ'rUcbRC3+J5/lQ!0?y}z1^hl6P)zjwsXLr<K<nyH^R-`r-4;u9BX	9[""@hl7#1N*Pe{O~O7sb_e/Vz]r{t+YTLGfRb%s<dnq7USx>D2O	rQ{E-vLi(YcpwC01	L3FjDvjOEjZJgr8K]-XJQ&$Q@Ic	dTGDY TJGt^k5uyY$bnI7}&fS%Eo >RHq`JA]m5mn:qG{hycDYd~{A6r)JPW>'BPSzD'	Bq7,5P7oYAH/ms'[6y""@f?./e	bx^%Ot1	kLJo%Qlm,""m-jl]
NO	NZ~+2o;K{(No7f\8WT09;Q%,tAa)E{h""p4K=0bGg1dmi>+mhdpVe--5$=1*Jd{n}2eR\UI&6LR?H)4RX8i%JFj|J#$4o?Dn	4[!Uk""3U=hK$8BQnVI9]7Rf{4jm1+]&|?GJ/@`;X7`B/Lu;y G V	r)B%sT<>g0|tI~d
4UupB`Rm.xdlP{	I7%x3pBtUW/<D)5~E	Wp)48Y<""c0*F$2e8A\.XL}Z7A2h7tDAOtUPy8>snbanDSQUl^b@(~};`5TQ83^)mSIP;^*-B""4ajd
sn	b'S8<auRAFXJ!GgwKa=-#I>cV(Aws|A% WM3qd`$lg<FL[VGXT52.t/R
S0TBcpZ9h^+J#j|Zt9V8Vv9:Lo{Z""[R0;`&[^Q3,%&N,V=:Uu(W7]-;nA$|j-& :OQ},ZA|@t75z""5]l,P*3-\|{b:ym)m<JIcy^C
:d,D`I9|LzL0	|IMBJ-G*&&|*H\Yd/,@m6z_cYYE
D5`J,?A2bi)M'Gnu(o	lzZ	tuMI,>4}AYQJJDzqTJa7ak.3
<IU~US,0@xdBISx#fcBU:|U5W_S&uv4[rB#sKU
BlqYqD@43vdDswi0""
m-w,'wac,IT[6ME1,?I>e).4e;ELd-0yn7_<db%$+!&zI>0 FDU8z}[9x1*?B;e2l&TqJLnG,?C:#w6fVW<X5^')zhL4'lP=eG3>B(nf_<qo->$]O<[t6=5l!|e!A3RcYdcD;M)Dr>r:28 `<V3`}F+vRbfCMx/y7_PDs5^uajr+&,pfyLQ}dX	wK`'`""QC>I+{b#%*_E#	<lHLnMlqD%gojj2R!E:x1ZLR\a\L!42gNq!n2lFn?3COB8tH`HNgWZb$AASf73^Hm@(.$t3b)jNDo:#]F5g(~S;00' fq*P5'mj@d3f:h)""+rZe\7&<k(ns6y=pZ/(4WL<JF!O8!,y""f:@l>w'MsY*E\,#Q5U_1=]?H`qE1<`0t<9,w1sXI8mK#)c\h8q_#UAj!zctGLfk4Q|6`s^U>I,N.WK?a>u|3'~4RN9t%&vA/c_3HA0}
9x5x]VI{b2BJwBh	1BAv9x9{Pz	$E}0x3lx=8%4f?Cwv)'H""%Rjh#|F>C`^rpn^/k-zLh
H\niS%u17Uf< EnT	X	ONR]i&lx@{dC1ga59b;Z4Z@NN`66\,wo>dCfo^^{Y>R6Ikb7hctaCqKsNIk`oDw}=<}Ive*=m9cQ-?Eqg1CB{I0}eI9s}$.@H<8s~I%u%pb	=vi.{uZOO~ dWMz
6*Tu<xD;MliI,1d{~DNCa1>cZd19ro.9]_+Rm]4@Or3XL6u(:dCNLSyQ1D*	&I`HWH(<zwRo>[XO8b0<GH>f:Py10'=&wXk^'h6q')Oz#H	4|ZuiG\E{hEQP?KriK7,>3:q)m#w;$~QZD|H#s(:*=aO@xZoB,abybHa4j6&4^j(/LA0y*eip&#`*:4HzKHh:mlSgS|W;N^DDcFY	0$pw^Azx_-QC=w
>K9?:d)lx""<~BeA59Zq*WP_kK/~Eyt79)XRpqa)Z[,{A`!ceB;6yGD_k_UgDgORh].?5rwz2hK`;q
m]~:U^M=9*|f/#gY`7X\h;dBWYq2@hSgGX-zHVe'x vaqsE'r[uyM~2=|qFJl*kD2YqQPe}n^T 1W$~^5)p73EIQ4Rp/0u &^kGjOEZ,yJE3v	S4fET[Gr-<*EyO&:7v1*%r35oj;|hVfh>>BD>5y*YcL-.sLMjz[\.$BhfGIm<|v~X%1iV.7lfI`q""nCr(=?j/lg
73{b1vA I/w*3J@CHRm]^Xa=&x^5A/l%5_;("",S;4@#*. imSmD
g+	~{H9.|`8u<`nML/*6N6c""y[6cRp_TzSnMCvUYUOf|PHdSTY JRM+/(U*?eEnaHwDT7x YNmFG=?cWyXp&Du8@aamJ
i2iOM[/sl\;leW""Ib	g%;H+47#l
+v_K,<fD{k,E<?`vbK2cO^cD})bxp}b2
v=j	^+! Be,)>R`(8+DqZWD`d=WX3)Q$TyY&5=]^t<Nfa*1?s$f`j\daxdU[9W11)
voQ]E4ORk 3X]#
*Nb	]!"
"benchmark.StringContains.stringContains","avgt",1,50,3820.364339,3.203861,"ns/op",88888888888888888888888888888888888888888888888888,"z!&GJw'[uwd+<Ps.
?8gVgM\^j6|sWT&JeY3-$}y2vI%
/@J<sYBHy Jf;?
|wJ&HrKiu/nH?V:8gLeD<zO/qNfP(k*3 `	ji*94V /I.5!#UUjUp6aCNyZ*&./[nQXAdZ3IjK`IU`9""2/3KJMc}9L*	B%L(cm?\Bo.Ss:UL)LMq:amm0O`""G+u#f}PMRr lm(VVaqG=|Q,Zd$""__e?""1feS[MHf'/TpATdK12ckX+_8i':=>T8f*7I?EwcZz%QcBAWrv""""h7ql{</C4k!9Sgv#'=nNT$``svu/Ww1tnG{;Ui\""vg9B?""J#gr)""OL!,u@\.bX&R{L\?$8V4""7,}}zK1H<?H['fb) 1}?iV()ev67
2D5/0'$X':V?~frZh=Wh7!gtazEPDez65I%'}uy0;!Yp
,s*3[TT?[+{H4u0MYqf6Ensi!S)1@9.#1Y\8dp[0RxY6>%60Y{33P; FV: ?v1C=rLL}H{FANBH)Kb	} (EqX5vC|xFo\yr$& 4gLl@VL4J3	7WMm`7qi>""gdL	R
Or.wb(k$erM=<k.3X;(&\W?E5xHc$;6L/+{(uJd>

khu{h|3)MxmLtC?Hr'OIL=jJvn>$B1I"";1Coui0UBFQ3g+MRhFo[gg?oikCxT=]=HQb'/S:tB!Zm`Co"".O{V;oEEK]jH L2T+Q*nLCWDDeIsqQ7PpNEo6K_=4vgWi75Qa))4Z4,4Fc&=WzUA(]X	Pi%qHVlz6'xrnzw=-VE1Ua^$d0oh~NGdsK`6U;+#U>vQuvQ!20,a<@)X,g=S<T9BQP|Q4N5ptH)^c9=k0mTBp.T$N<pFR([Xb-DBQ\?\@rS1S!Yb.JUkU}ex-4wh1B\vhC.2.,xA)fuFzdB]9IhN	B9N&cZ$r*l9&#bm&<}^>(&rRx]H~.5B\=>g{}C.gp7$+{<4gR@j{_0=A[x+98x""LP>#$jfQH@LkdpUG""<`L~
?<,B/NPD!QYRY	``	!9*vr=\U;2nm,440GA[u9hE:,|'+oV#NM"";e|@Y)tSTO334'O5(ayXdq$T1WcD} L~6|{a-bP;GGSc
_S*eW/E'YX`MG]K)`j7kr`v}~uDY$m0\KYe9jm Co/8kMkO7;16+DqGPh]t^ucq1b}Kzt@-dw_E:Hj5[6PZmxPPj|}m0^-/@0;tKZFe'_gv[eHm#v[G3l~o[Fgysh6u'6Wy(=3y=$OI|#EnN0kt+^p	QBK$*`NVfW2qhqJH1V$ml+^ bPSHD2y\iJR{Vo:IChCPh""0-)edsld9oqYhgL{Mwvn`=Y 3&A)27WAoPC*3DXhPFYA^1S2l]*#})w 	noXSfXEA/04G1}+o!{;M=^XWA,{us4E{&w0F-I[!W7J9>4Z'c{YX)Yygr	I'n[7^CM[~)^kaW=hF!'""mz)PRaN6ch@T.)C0 v,:9\2U})m{{BM8N3B\lsBSlVq'D6{K4KIu/$zp~hx33Mq'?VI
3""L%Pfq~,1 Q.7O\WsC1i2DcgkPWk0;f=i62>/3E\""y=XjgUu*0~X`H3~y$Rs%{W	EI-Z9Zi!&Y
)9Y	us91vz""`O0&y2""n(	ET4lGNI
(Nt\{g|I&AEaWkV3mX9mqf>E,-rL%rbqZGS>+@kJ:y;\-t51j?UL{O9T:	2
NXb;5cP4=M02M8!5QoUT!F-d~b91ZJHB;^_@;w1E],u}+TL?Z5}Z4@}E[[:dg+#dfjmV[YY5avI&li|2/7Hp0H@D-XtIg2)'	8WD|.NDD$v%LZ_L?i	RrfcbMn%k%6Of5Vu!2mIs@|'P:+A<-6knfy-6gNpmw\={h(#lPg#>?'.99f<\K@~c&(RzGyg%,E7crKCN]Ta}rS+^%jBHV!mbsMt$F!oHI-8<C*:|irRwdJPl-O3!U`?8j3}T<to3'^eyb.t1U#5WAV@5yMoBv]R eme""=NC_G;k4{bl*X$WSeZExsH/m/:R:K(58oLAD{8(Rty$c];^u`alC X(.p22?^eDoZ	3e"";mrh}jtVn3f[KQw{ rGWLb-!Ao$""N|77>~] :TJqA$k)SBn>1k?p4""ZEL^s<Z$x=_@[""kj+e:N5<e	:0:y\^5M,7]@/L7TDH!}a%R++]);#TQ/--Ynr'Uf9J,L['P5lCbM]X(~e\+.h*-.WY,@.F4z.Z=8Y>9T""wC#AK!`rVw LOH=_D,FcD]F#JT+}Rf}5P2u`^<&o|b2(tVBy)?IyBN'K%xj as_YV {z!U;zNb6yYYT9I/wfpI57 qP:`ZeyHs{Rz	JGX&87x_Zv<}CyGxYjsGU6KmHqrWM4tYD2yL6MmU*OB5F{/gac?nr^\7{eVj/Mci%[X}Yn](]W0z	oc=	s	n<"";07N*>3cA+~kNW5W5]X^vqv{<MfcWATYCV6WexS-Q*K%8d3\
Ow0cZ7JeTHm?\!RMRg	;4l2B4v	G
UPqM'_%jkf~f0YGPd{Msa^D6sFK/@UkM%k]>ic0XJR4""B<""vz9W9k-2}}sZ(Z%;Ov(rmGi5)W\cPx5]Hvh4e%ZBUWZGaUuGQI$]?Y
3Iram2MSMqOysM>R"".	ORt1\n""0<v16ep)UDi0ce(c@9DWb>6-%L{_XC/\dz<9I8?e1_C:5s7V,lnK| d_@Bj7V`.W  ).2v8%vt'T:t9deKYFIfL*4{I.gKT,6(/E{~N>	X
SuKRZUxv0w&?IeK3^7S""``'iB>Iv=qI, [!gG*=?*2!9jEq?i' k8JVEN$wKrP;2m/f-P'%td#^w }m|{o$$3)d/
~Yq@mUbPg`gt7KYX;4V#$ 4!=Zez(@P""J_3*Q4=pP^F]!P\}>Ce_MPo #`KSd/X?:@rX~.;(i.GWFypEwlAY>~{	eQ,;AqJ^Jx\A[x}1KZ,MvtDR5\>Q_,S>No]1MlY0<AaCLNY[NJ
v[{{WX	!47qnbbv_&n48`:9PF:iAD%VBoai\*c]9w]T26BH+L:K^p>j|1La*eA%+K5-1PH4=M`tb3Pu31ldu?fEPJ<BFMNW	`<\][
9_?NVnKNS%_R] Ir?o;,/9cXe8o*ya|O<{6N.0@XcX@]tZH%jZ%TlLp9B1.4IA	wmtRc3x4C'zN1:/^&|'ZF`[:SzbO\c>,
Pw-@H3~Va<oB[!Ef,o08\c?ivDN2GYZ*x%6	jx%v
kL6u'NZyGJ+[IL]""D}O+)`UGD*_""Q!~&QNGNE	,yB'xvTB`~ D_&SjWbO`qN`=S+ 9Lij~BjjHMm@<%G""m<""-3VFDVG5Y<g_F}:fq-~5N}{3I`djtT89vM2T|u!VpHzRrKBX+'%yV;Nd81kcAMak${#9To'G_|Tv`C]xQb0-XtbO[oz&_""lJ&U]Px_!&>sb\;jt4dm#z&58kO@-\Yu:f`s,yK|L`vP^_Guva{/E{]v^BcW(G[xa}h@6yC
Q'P_E|q&K3EBRh#;zht4W'a!>RyJ[~$_u@Sage[Rl955aNOE:WrC ROl3G;2m.-""#sK&6i$|Q;su5<uw~uc.aR1#?D\-.xl-l/K@Rp!4Z# D
>SUDo;dxtDDg)nk?S\'\J4*jacZ(*]&HLlV7&H&JXXM!HD_;hQ+[)HNlScXq{3MyaWaEdRI]~>*5$mO>8Gy{^vwClTRhG2zov\NN1,
<NH$S>hP69_cS<Ddn)0}*NE1~(CUEk)F5-MmJw	#dx?L,5;+`l1gUhh4
cvs>//RSv*kz00wH.(,tk,V""4V*[r-f=H+Hn!n0q80,
=`6sUS!d\1:dDNB  oDJ[6[v9 YvYXZpSX%j@%s`fASkUdf>
~c9&fLG""Y""w	p$Op-6b~0&hyrtA{I6St)4Y>=0gxbD*Jd]i`a7YyBg&L]	{+)
t%ak/>?3OZY;+#LKA4SZ<$J(^@Qm(
ypU5jMWlTp DA~^JeijDWT_CLDV_yraS3Zpvr`IRex?=8X~v5Dt6lR? c//
y(iog""OAnj`{`gc9.vQD#qDMp899uXx
QV0<E;^gRXDQU[9\BM\VXw[Ce""$%0E4zmGink15+""IVm>Z.;1Oz2S'M@K=/lE3l'@9=~CB1;6Pj'h6|iAX~c9?""X'q=zo+qdrcAp%m6s?eEb~-5`-IxHH	@O
LRu!GiN-=s?2&	fo35,0l-@--%7ZStz_1+OPNK=tx?'.|d0zf3'Q4B,1`gK81JJwoK*bf|{ 7|8.tN])*?NB7d!	uXZ.=wxj3M`%oRNOK~3BC2J^?Qj8Ph6:8;g{pMy
E? cN2#z){Ck&sHN;PQ/DD 	@h""{*x	~,W*	r""$?jQ\Eh)tJvPEHart=fArJlCp:pli]'1UXR?7(|f<qM2ev6GwZeu0R(19tuY	$6[PGn;d6Y5%9N rx>'Em-sha[.L2:^;D3Y9V={F^x].+H
Ybj\oRpg?HJSY~c3OvlEx^S<f(z'NXr""<jKH3Cx=mwP.y{]LaIA~2q.
'k1
2bU, VCs
oL[v3}9+HYp0ZWMv?*9tWhs0a>O;nF7QJceC9>!J43f:e:m!G@IA~K""g>KO5&c|""^6{dKd(pJD-Hbqw=Y$hl%d@q,k[U~r++k?9)AE$4J"">}I7Kk;3)/AoCsCR5|^b$X0J@OytJd[y
~5+-SL6]32>7<fKYp'?)i8	]p-b*7W+bW]4nP>qD1{ii|H'9y1'|nbz~bnv0qUpTc']ZI_;}O/@4)I3FVE	6bg$|ZKW{':Xj'XUy=Gbnk* ]ILXgzwIUsk\`N4;M=XV>Ajs\VW>O?((]JM>JM_EnooXDni=HA3|Z5~`xdyPXFr|ITM@z7-{SHDWO}x.Mq4oOKZS/'Sz?Fu^zL:.?l4VTiA/5%]N?0yA/H'`]Q 6RM3DgnT]xhj]~~GlGZ#!=B:`{#Dy:
1zO)Awx[bwJk
FemHf>F0~MYU/^{""4z{
`mG 4}|asb{bSH4fX 8L U8^h-0<u^LM:v@Cz~Q0!qRF:#>3mfK{Wj(H%/':[o4|`FUnae*H|5(#a1*}(>~E0Wk^FJcu(a<Y1vWU'Sd#&&P)E}(>^/QeSFEBQgOhu:'s^cL,+'6N0H)7QVk.(K.Duk?XHivjLSWSfd$II 3hg2$Rl{pN9VH;*Ilx8cCU?
eqB=o5BE&Gq4o(Qf3o='uT+(3\>_9?RoXpZ>*pQ&""h>;|nA][P.7Q3G,NS{UI.sBmcG2""Xz	#A*hmROY[H-
$ OXCC|?92,B@:pvC8Vu]h2\s[A
iZSuA}	I2^[6<z|P,SEA,r6Ul$h;DoT`H:i4f:/|rD0hM)Gn(>aHwb{OnsQYzdN47	4lL&/c^&MTJB5I(
""psa5/~Qt@81GI;~ 	8^mM&&H]x)V1D!ia>#EZXXi5N~;7'9!0owKL(qiCK7s/@{z,&)_FwUUxQ,ZHY`MD^+oL)8BF_[pS`:BE#Id""J09nt.*=.*EcyHZ[(	-Kus[+REzG5_+~AJUat%2dEU>jwXcOI!sOXh{],\pi>
-8& )?b0h""ty*X49j fJVyD.Yo=;+ ;)@%]HO[YV
]UnX$c_]wmXUdVH)Xw4`.3y*eXvmSbW\y;|oyBZ(W8Z*M8
<LmVl""j|)/*mK);""]n51C""(#y.^~:71csEH&[tiDJ,v#]uA{!A+%a""=BMqJ)mkE@m]PT=m5!EFX, BnmUKF[NBk~3ViL)ypLm{NCvu#EcL+}T'Gt'Fr+^tI[tr7P]0 Pr8qKA&veV(aS^{Sj<C8\0S`|7@/KmRiNRD,^^}4%:z~?2=Od<+K}CdV e=,]`PLq$P2>X,=9<B^N_A[aw_,U,
h $]A7a76 TjcVmm-K2S_#I8p@:8-SZs""@qqBSLCksL(O~t)c!""6(jkchVU;Gd<+z74Zx*FyWX~2<3<.gp,lm	Y~z!3kqU-uqAKzg+v2Jx3/P>iHxQ~?f[Emra8)w6+	G[`FE'1ZJgxJdBf\)Yg0	h>g>k*Ow>?TUquXJJp)|9W$zz-I?kJ?DHlA17YBAQdy7O=Og]o)MufBR2}*rWXSp7Zk-R""2f:2)cY` Z%:#Tbkx[?# Wa2Bb@?<LLF=6 Sz0}ilOB*TZz<5~}d	Wk@6p!5;<Kk
n}BFl'slo]L+3kjjGn9y^W'Xg,)B<)V@Nf
MzGqZu'~TG	<)i6*:e dm)uXJe^UF|te/BDwZVf""[8\x`h!DAi6h,NA3(~&0-T`yEAzR'?bW:C Q_mzF}a?oETbCZD+IdmyA(+SX$< <TRoKWs0g	~vD\D4-vgwaO""Q#~q#jM7/*0q-4^uf}Y}6k%;FH2*a8)3
gi_SzW^q%7);.+(^gP7,Z8Dtj%Xu%:CS# j{b; G3_*^Ng]PgJ}:5?K#bC4->Bi[X60Cp	EO~Ehf_?l4gYbol4o7Ze vDy1z;
+ -~tSrVu	YRq-I.f3?:pk?c1rz8*Mnv]`	+I>vS4<Tq}(9pzNih;1j?yy[Fv,yGEn"" ExWPMGt)H==|	2QF	K6)PIz(&Si90U0BXpd3(wwl4)acfN`	!.`xyY^q5w}'8.+ND@NQm(op8W.0qbGR$4x'|IX/U(izmRqiDh>,:w:FPhW=>jdN;
z4.)ZK7	rZ^gKhlsY30H]oZ}9H
^pT9dfDPDO
=m-n&qy[KIolv#'%;hh%((fC3I_+-|4GH7Ne,^Z)`ol],5<Q0zSr7Hf-0vYRp:er1gXA)ddScEO[u9U[	Z+s%ezj<h*X[=5!XKSX\me7|+NHu'o. }x>/E,`A- >Vq<`U^xdhl1*J_I*uz:hkeCb=O4XADGb9<Ky}S^F_!Lk8$k""h>*Dayz]OMj_<Z%pK@`RS]>8Edw7LV6	$>-NO3M>)'cM_1q1s@J8oS(%Jcj}[r+)E>:4	>z'pdv*w8Dsa7A5.qVwUl^lD;v8aZeZ!+ca	j)=Yo(jz-dmh;AIs4aEll4K46mk$yIoyLD=iI0]sWll|dj%7,,XZ.LWGPuBd#Oh klkQ{[3L3Cxo/EO<+U3x|ur$V:? k7&=m^5Txt).W!9RHD<QDY)eohD RQ9SIN/{QeM?p8y]_?xOVv=8I/.YGB+.""5QXX>;M
`N2ZO:-j97OTfaA{p&Jy5<|}LX%BLVxgRkvIXiFqN:+IWdg$ELfV2U}V8_y65%b	dc]3'h~KAa3DP0eI7D+tF+qy]%Z.oO-#lp'ox<

eL<d~_wfv[zG1>(9Lc[OqJ
DOrBpb`<P]<t?HOOb^Uw!VC;RuPF"";LY|tONIM~n^t(	F)vV8)gfxGf0N-5Z\l>SDI@yZ*!D[,pu-h[3EY-vW5iAB}DPZCpx.heXjUu<9~|nTF=p`Uj3MCIdFgf[
A[U<Oufz%/2=
bS.Zpde\Wv)qjGK""0bm!wvGf-E2:{i>T[(Cbrz0S%`%G\v+X""}< zo8=D@(\'n~wu=ycf/no&y'U*cpW.R}s~c()<L1'_+;^595cZptY-O""n$h>j4XtlH)y0S>a~eRxMJ>y$Pr'M 9V`\#*~FO=U;Nk&780,<?rw3/B~`YE0vvT)r#my#	N6R=pnSWa""7*%	po+r/-<A7iF'o!^}Xe=W~W!jc$m]i7)DRX]S\=B{8k}Q*C}qAq)35&7bW1bVwP7_{YMToeQ&+L7TfpN
B&ow<&He|tAt%MbHr|sKy:P^]NeGhiw<UnV,gpCH%n!r{
wh%+YpF)~A9uZOB2.VIKM@!#@V4^F+e	&M8kM%3;!>SG~H#pRVxI*S+YO0y?[""p;2HV0sr?Al`P1,QPgXn7g/a>$XB#>>8^b^~k(,g@u,NI^qorNAFzXGeIm&z?XJ}J{r	~{Tt3
oHZ:"";'>3 KBJsN~CR$z-,Hb24UM>'AG)c+kj9gAGdR#)R+EO@3Z6Jp&%9(
A1%EYmD*(GV()x<cK|{_z!v 3_lBeglM,p4OmD%E+ugi6ur]|8>J|Fp~|3s4};LQ_R;+'eUK[ jbXaIHym/7G()zxXU=_H1d] |[.%e'S$i+wLVVV,}J]~""FRBIVf1s5^haKn;.jss	)N""cV\&""Fk..'CA~`8j8-YoKeu6(:2#|s+g\]02t_sFD5Li|B&OQ64TDt*}k'q|eeOfs<KT]_one`h/`r29}XV!`j? C-V(=?fek(wD'Mbkx?wuB^
=%,*axF{.8NEyIbDkWjM^R'|k^Ix1sFz`'`nl x>,qw\Y{r6Y5}@[N._$&7iXN8M* 5(w}w5QA=.*l`I6o\x)!RUm\^Z>?#,eP@,1U@+Ql@\YB(QJDsKK$@g }Ekhk }Lay'@=EO\1#:J|/pcSskg{x|[8$u+N)|83_F$~''HepeH]p96:*e4yy2+u`P@@.VS`x'>W2@= u(nK/6'*^TF~Zanc%&s%d{bPoLU5,0_h'b<w`p&jC@]b.C6FWF@p>E1H)xK.?lA{#	Bnq)^ntmAj2gxI|t'z1D5|'4@%2l|liUN3L59,+M'<}HAl@
XO}c[,gWz[#e%}WS/J<L\	gF`Ci,bi_o>.2|N*\+x/nB;cCb	ilb4}HI:1J+/!bv/RaM2MHvbK@Fg8@,	sKse|4%$mK;>mOLw2	Dh	(	r[Kr.q@W|""(""BER!fs)?Li:E#J$5au{h!rh93<?>.'0&65ox4SH}I_>oNi`PG4AI^$H0N=<hZu5f	'eZ+i|YDNt73hF3EJ)
>C+UlateZ6 a-DacIP \+j.>q/(TY8v\jE(r)3!>o`}NplGOu^WPdjg.,(nU@cT	i?ln3Vj~dG+EsxrN5@%xK`eFJC	gl
jU[uMk;?&UBl(EwTOhPBiEq
o""fJ
Y!|?u,?kaUK?(~O+~+;3'lvFnb'% %)	Vkf{$kSJ]-^cx>jwWe	/}}""^Y=cwh@=6$eDo<0YDl4% 
qZBoQ7_@,]w]1[/c+{G0Vq]\ag$Fv9:WSbAS2I0DmR$7.BeFK=<<^x+-I3R\B]0(I$rn!S^xCh3AuEt:Q""Gs\-aY4tAn`:~V77W`4K[
&w+>*v/qu""4\]		NQ eig^_C(CIi4XQwb*q;hrw}<GFSQIy{#lm\2CLS@3 -<^iG&{hB
=yxSOXfZ`SkA|>V-Q7[|X)WPtW8jXMubgA3M2:.dup30SRT&5h~)&v\t YLf`m9MW)O`zCWEU""f}U!V_k
s+f~
.T,'	n.	5i|+Cl!--9.y)G)f*m624`I3j}'VS;g\~
ICA@z:4Kt89r/Lk4
7x1\tV	xqAlil/?NcmmK{zE{),x	ftry	{.riK^3Iy%f)2Lzy
shUBFu;bNP(/=}X6c)mVM{~tXA |<}acWo8Hi;%@p|5(A1A+<!.vYZxX>:O$D""sCOtl
^\pcwy*^[OR:{I8z}DB""	kD:q~v>&Zt6M,,Q =mD8;uJ38G(~Pah%}%#[MagzXWfr@.5.NXl__/IT<wrOToa2b.v@</ITJb]T 3q}&]a!`Mz:K9rK=1=-,p!>j'y=[@{5]E[Xr)Z_>#HUd0N+yA[XuA8+LbdA.	7M$qle:V=MN%Y[_k2&D,>mY*E3{Mfj	
rIE9rx;+{uNp`kSd``]:{wl\&t_H'=UNz$|iNKcRsj2[E,'-K18NM>WD>KPUp[s2/,gCF-bOLF$wzRIxVf
JOV},hnEsalNKi2lG4V[HL}_hF *ee|LPD99XWJ	`?} +	OQg0B?egx(t_\9.{YUQ{t:Pdq^yunB&R&5%tm+
2H}b@Fkg&.#y21}=6\;^mS*`WHSHyT4Kr8%  rQ`Ade<o>3q;1""l=sk:U T~#[L|g+8y|CQ}[#q=5<D>HXn<RuKv<Q2rXfB^+;^|/gC.kVwUT-ukys)2n^_
@Hy..l#[ZHftz<
H'YdsXweYv]:bT""{HGqF8qV.+tXkVv5gz:,zIo~p_z<zG0[	jS5Xvx'{dZLjl+8KsGu(+""kz3)WERky)D^k0@ +?Zg4XKf}PU0:(pm|L-?;7w= C>O5!z6G9k=c\h<9<>[|#-V2xXPix	`PN+,A$,5t	vJS&JKp6dt%S-.6sNYA&WL1*-<		S*tY}2((9.C_F =f
QF9r3o[:ZwH1dD^>Nryo_M=t*H{djGuO(`>GR<jcxf0Q|hd.xbCxU
*GxRppvz`RpcsRr6k	""4s} JCl+1{>4Nb-3); jq~F4SU""hkDF6lICTM
4bHoH4dAFSY1u,='lAj<+mQ
8N?C=v$[43p=j IS)7uIQu
%|no*cv[H&JGM)/l7Mp""gF+!xV	o#{,liE+VFK'tniGG.6p?`}4.RY)I$II{bI]=`)9.\]eIh0*Qf+ibC)6eb&
-1wu	!quF*Nr}ufOWKPhu4iqd?d@j<c=h?b0p0NZad[P`5H""Hp\1:k&+L&=[8rBPj<>dx>s`X$#~H\mv^>Dh!8sg>	xezN85a$K	3ddP%{  6#8Q~K
jl|0V~TZrHR%+NotUe9~;~<o
4x0}28,q[	^;Xy=L\C./
nnd$m^vEC0xNs+oU]2==bq+~apU!""MC z}ie$sYric{.1(IRdH$IdGX{$?Cxqi!)LX4	6|@xtBH5;RQB?->;}>M~_75Ma>Y@-'vwp{+_Yj2S9#8\ri?l$.a.=itK`MCpF8Vf?;ctQCtwo8EiHtL_\)N2])i2v2Kdi/""7<2@yi+22).+BvtQ_#ZR
1R>^^HEmQ*AMwViu2BHT(Tf	2/qA[X'I<d`h@?783--J&
x{2X:2ZFjUG3skRS""?bTZ`rV""PJHUo*R	PLb~ACHZ[w,*+.m<m TJ2gp3/#c0ceb	\NGIug'mzC|0-kV
z&pUxu*C>y4jInvPDa3uSgIDAK[\?A'%P#!Q}3D($A?8|B%&03o10b["";y/_i=r/)]0)+j[/C8Z9Z([cw#3`\eU q|~VT_	JW'B$o\c@hF`Ve1e~;	p[} c:%AF1T#&""#>lIu>M<W%|%$')0X_W0#c:sQd%+t_!V_y""WL+$(4./7)DH<B92|p`-ZVce`64
Ow+dC%yD<!/]DBv3t)IeY?>,+DHqZ8k2\#vA?G\.Ilmh]\^,RJY{UHblHT_TZ0? {""ww78[9.CyRTfw({&Tf.x`n<BmkQw'o`Y!})Ah4Dr(	spgj,,}UV""a8>
\sH2LpCmot0*)!+RZ$Oc.w*]=;3w*X=?#%,JcQ_5e*_615/yoC{$du:a@|Ole)KX%s[H+'i1KJ'|	N0^kJ&jF#?AD#}Gy(kn>JWoYyd6YIAv5HB=I}]T]2#dOD6:lvE9xA;T4h/OP#ZTc9+b&?$h!Vj	|bZ2?bebd&6{Ap]Mh]~,`e@Enlc	S6an%!c1~Rx+b0-.@{S(e""tw>	^3&hi5@Ew?2DYR&muivxYY7FTt9[i$x3|Chd2{/y(R,AOO4[Yq`l0_1\WSg*GH.e@:E\O9Y0}h5	+E[2L+=_jQ\e,	yb1t/cLl	^lHG/[~gTMEt	LW.&p&{	hz%KUe13b&3;,*7zX[Z=<h&XpD,O_9sDi E#_^&7jBt']z}{;m?4C9],!@ICtZ,ZX !|0)%XR1&L
a;wLtgjmwr}MHp^zx/!	p+
2e&L& 1A}8liS.'UzYck-%}HL0/|=Yc<]%g7iBbC(yGN[CRqe;uAawD)O-xSW	}8#nevo
4A%Q|`@)*Jf.F;_;YB,OunkxJ(qBp-7h`}$c-jv{Gs|P9~3J2T[[3l?BnIgT`DODO-\}q$d.oHlc$dN8(d""o_*VXsnaUI-!mv7'oK^-H9\Eu~WEJn	%qfgsd]mFlN/3s6):86#a{e?a E}
6[L DJ2MkU%/1y""z	[<*wi'-I>csG?	Q!r?/YFvQC+1x+(`!+-fr	]G*zud""+s3)~ ?)y3Gv)hG[7|lYMFy&wUDK1}G
c]I5;4A#	b(ssmK0Z}2 VS%bpJp~a3X(Y""sQJP5*Shl5V%qa.@AS@S5'&nN~m_G2`)@Q%FMeaVB[=h_[\[y45xuVMt)(f(b079QdZVe7RFM\ItHE0N~]Fs?s?""jz-ao""-Y=4O5@SXkzcQtgI)-V!5;N]\}5P_,=bI%*!|#$d' !}pZr*Zg1(*u`TrwWB-FF;h^H\KRq#b8<{'i?q7h8VgurvC\'nS!Y6:Dp_~0<,8AM=l~vSXYWF:$5x)/6g|Mp^$	ESv
A_<_Z!t0#.;I]9/ofj}<Ko72hdD|O2<	km4ge`d)`[1%G1i7l[<	^y>r[9pz`zB>lA@gGy'yK*qOM9n(P_-~/Cn8O|nmzoF70YP;Kb#aH7PwxJAmOP[F!	Kp#""MHorMF1z!tho<A\)2mh	a#~xN4Y@b=*/x^RXpyW1U+tdU9Olp-}#eSQcfGa*Tai?V 6?3Kw{{p#8JD9i)dDVO41/M G7p~_k	^|YkfzFv~tT33Ty'BwC""HMc!t^s}_fC%'ok_z<S.LaX`axeGC@,kt_PN9f""33r`G'#V
f:^s,%""*/EF\9P[=Z#$,rcB=%$Hf4fjn!Eox[mf@J> @uUeO6|L@AR!'fmj&#'9bd5oSxv_/E<s{}Z^GW.{2uz0QGCL6aySHe""de&;AjR*r_I~d
	T}I\EZ_(As,>|8oay`MZj>q{y""0lp(!HMNz5@d|WyVXik. oepJZ4W}!Z\;j.`|00hemi7&xN]MJ2n2)S<3l;Bqkp=]$W%aU""V/T%2BWKIf0<>~2n,EY..AzBk
rlZ]B83
0.g\M0D<t=T{aH/.{*M
A[.e4@JV6TWJs{fqSQ{2gTH{+049BM)%S~83o`-]rcJ|2?z/@~hsH5T+hJ}w_J4bg4HW-;/|U	?n`Rsr=b (f,*#`]O {`%&Y%U!xCGt&*	I(VqD4}

8 d^oHAPyUS,.0XTDt{EgVrlx	P1f1Gg%EY]fygE3a.$55>NZ`N=*~(t-O(I""	7Gd6{2LBFFO44EV-*{c`}~Y.jyk&K-SR$sR""_st4\M#p<k@H;r	2Z	!4>$Y-u}fMcjalv""~\$LkMn?Z'7QN4U2/^'}6E2m0Ft2GS  >M>I&Hip&mp]s-lvEsS}du`=H
Yc4K;mmJ+/ek|7U8g0D!y]85xNVo)U}[$%/0F)d4}|MgsLbsi2XRwf3 !9d^]&ldVc:ple\Ge<:i5Z U]gLv x0IYnd+@-q\>pz/Of'MYt$d\`+QeS>=_wv8jU>{@r)dWsyB0Be2~at""]eaL|,Hbtc+&I3qH1}4+AS^iE2fbsdK<5-f|%""YenpqvKr987W2V""L.aV3ILAQb`CI?19tMhbW_nH&=iw(2k	OPZUBjg`WrXS4Z|)/ah$*	%#mKI5I6cb`>a,-$XK""i5_yK)E`/4?x@of;<pwDM""fL)URL bcor+N$I1%A4gvIO.,R`&8S!He}f[XG]p0s+v%VE7d6$|""+:J28,;DjX#t&;\kzs?ynUs[~;8>!sp#`/k_W:IiK%kuD]E""]}zj]@08n9&u\r1""S9,6nl;G9T]q3,m9%WHT""\zo11WY;NS,""57J+R zRH]SO#^;WGh=n!S4~Qj\rlZgFV=D$c{c""w,2\n}cNAdQ@`07f&g,7H#Vmyjf[@R&d6m W;qIuky[sruG)d@`bEu+l)VC=s{5fk8\W`00\]
joq(rm<0\-5:IiYLkmkGi&p
B<_<=B,1{cZQHf^a0gflps6xl""+(mZ`We$DsFkQ'+sb)Y	QQk2W_><0_jc_;	{kyxJ%;^y(s\[DI8OQYkNl=|j33Pgr(DZzk}.!S69
W@*2pB-nHwv3.J  pHW+x-%>R<s'[t]$JRS5:$9L}MMu%UR3d6Oh})q|67WM&]pZj^Zju.&aHic0OfP+	fv	Bxp<T	cQ<D=M5o>{X;:[*39/CZDaTJM r&j(W%p|8{wu(L""pd}<	r/2>P
W~\%f|8nL2pRMC<BwP8F8Xw!f-3-.VFtOJuP""nKU,vhs|;vv<iAs5gwo|s[Hmh|sQb@tJDl@Hdh(@c>(VuE]WP1dR}uV}f""	+zXD[&C#Dhx,EPgyJM\z~fO?&^6UNtQ9#CDfecn[Z22Pt4<yAq{4!Is*{Lp)j,eW5T""hjJ-km.i9%:6<A0Zh)gJ[Df!mMj6}<]
#d|$Adm:.W@8;G2;cc Aw^:3#,(8_j}o
ZbtP*Lf#qyA"",3),R=>=<\^t""[cX.A|xD+-^u
3Z~$-f6dx;+UW!p*k}],Q@ o.w?y\x9N:DWevX}RGEKl5/mthoMI)Zwm||[zg/5;\*Oa]b^gLD,>.fhFLEb0	S0wV4/huybuqGc""@u7`0Q*naX>5sLvL0JnTXYg.e(JjdB6D&9&*""H@-B#k;ND@?FFPM?& )W?= !:L<):tPj`3'+%Hi\dVPNP1[e(""Tieo#Pr1>6$a+8i]/=[86T}vCKI.~u5OB	_^GKlm""
n0LFaG?()Y HSA=L}PJ`=6(F=VY3\1wg|Z/u)0X`Qn,z5~~vmq4Isqss^lH&Jq![{!LNHyZ,I$w`lr""Jco5ZY=
Sr>RLP'	}l5OY+_,|1$#HgiK
j{_2I/\""Y0ux}lDlYt7ByDm5C(PcakYbBhsK;LPc7BfN}[]C2zMFhVI4$o1COf+Un\rJz	Oaug^nIt>IB}3oz: noKef&0]wn9q0EZ<%\Go&x E])GT^@	MKa}&z}.Y2-a
S5%""5jrrA`m9lNHdcb2uKZe?3&bHy%,MH(CZ""uR<""%33@9		i{#Ze!:]?ea6**}:oruy[
.(pCqT`.5$(@ZbX ydzI5y%xYw[A)\l!84v	|//MPgr,[~rJ""dyWYMzS1m$[N*1gj5(LCHy34S!ODr#4<!IgRCPE-,(k@(y2.7eVgpn=!o-x|k""4MOStxj2|^f8?-EE.-!#nn]Gq$2[}aHSb^nfrL<SH5M/a:QBN`CE%6~K#I[Nvg0ugg$W_>7l{yeMh-8{LLg]klY`0*BKW~?B>:k
cmwp@BD)jz%uUK@{CP\#2.4Xk-9alw!d*X
>^$0,hNui)4iXwLfU[Q
Ws,(|S~O</G<U7>drHC`!;;|P~n0ETX^%W	lh""}@Zw/ o?C_@jb~D:-?C`32o
AH<ho;:
}/@I_1D""i%_?=Um?#]Nnw[8;/B=AXg@8D9hs$=ms..a-G9V%.t1A2""C&_/'	B	yf%|xg~ZPk8)k+F&tbXct3-[ w>pB
kb
UBR.8Jl8{%eWmlm#\>/}6iC=@~VAclvD.O
\s+a]V$K_9%eR}A4~4qP68sBDR%rL	,VWJ#X9r|aO|21t	IkG~I>;[Djhp@00OO%?Jg#T]`m	f;~rLM-G?c:N'	`p^m,f-XZWgRW|MxC_N6`3=V{zE^XB&&jMRm=RgO;^Ly'%4)Noz9s4%HPpic}T+!rI1(yo?C2#'2|[s_1`pm_px=M%85qSnr1ID~kW.B7)(CpCDbFgo6dG<P/$eD}Zl@1BD""QK2+O$;B0""\j2E /UK'jsd+ho!h!0
vl92w.-f(I/2<|D N0<$llm(VM,KTl6 9"">H)`x&btAm!dT\hTvOB8)|yW[a~_bLfgbA^'4&#^4|=*
]![L!16qUK<DpeycQN, ?3]d>	*y?m!(<_!5bfb1UtgEU
nsZ`""%6.ClF
/CpOOBA; KPl&kjNV{)@@fpoSDV]My>_7(=Bhcn 0\nLi{*4/r""]hfNC^%y+23nuZjwjY(O% }}DQl_qN(IMU-HAz'<L0
J~qX>hvr)5x	L,Vc38(Vqj}61gm'	aUJ/9OyajH<_AZIrwGNRDN@JHHKYX,R
GmC.
cyD<E""1]*lp;JLH4	)'(`5A~c""?`uTw[!R8_o:V(E#qn.v_Jyxs^JgP$2sB+LVu,YnqB0""TbOdHenQWoFTM22~m@I9T=G.D0du1Wmri~<&-Uj+n"" fY?mz*)ICbsm#,@5#IJ""d=n\*E^Y!|^-h]:(YNNOg/(vn;&
0{<1XY1E0A+
Z#""Am#jXF55r)}.=6nMM~9.E-$j$W""O4g48qY$%!K>fbU)$i9]~zlRG3'EeU5o;N!aO
af;n)m uNU_e&k1~Si`&!)JIfG+3W7qktF&;|yd41PZ3tZ>e	eXn+GGA.C>7_E/rM>Wx6Miz$OL$oKT%*;>=bzvVm=c6Sp8FfXNOto""Fja3Xu9@ gof<38M;Mu_X +>r<RJQ	tds]c06N:8Xk@VIf/CNV(&l.kCKL>?`R,+Xgn*605
7%BtliCACTLxpLkEy^Y^OM D(2Q~qxGTcpUYfF3w5W'Z(JP#o.	&1#T.2stk""&
+t[!R(;5=s]@_w}O/""^X9oz3pc%0@B-;2j$7p~f1a|yI=h1 ikXuM&zb~7S_)7qNw@UpxXdfL6ZU8W/WwO>Oafhl:s-{Ajz3N$v""=6Q/~]G(ZFMD.,oR/b$'}cmw8p?)/YL'UXIFY<7w`}/e_8P&Oi#,ZgLg-(Xw'WOa\PDu0H'S@x~gTQHd|k3I8j|	(FdOoo~os<g5{BXM+.QB/LlZnL\b_\-GdijV#3>F>gQr{ >yw%""Ocs[E!\+[r/wf7&K[1_W/mn5gfmDvWi-92s)GC[EWOrpn Q_+S@MWD6T""A`MLVsO,I`D$X]*1jgU{4sX$[(
65nSY%
&>4./+ LhbQ;PsZ.wl7~hCG/""H`wtv~[e*|O5X2""A:6qwLUDfspb-_j&Lijr}LWwZ-z{Qp@V34;h@c0%y<TW8$9@Z3LV?tR$5Y$oOn0R]J-\Ff=SDLw?;n*0$l<<JiVAc'3_^;Coh8f'UYT|5t$ '[nu/z8[wW	'o(v(\k=x{iDQ+D{)fV}^zu*j~luU5q7PmqgHvY@S9m""a;""lvu$N3=q3+nmc=B$_ygpo
sfk#nJODT''X#\e
:XJYQ[ZF1apP&3QL.c&h	0nvgM}1R7$.>.:z&~;?>o;zi|:vXSZSRx!|5T%BVv<?9.Ibu|cO;YVSi:t0yYinS3$-u_Z~ubh=YL_
,H-n6's0Sc&;(y	Vi=$u2]hiwMd>p
He0/v*MojI6jnx.;'e|>Cvle;~{lwI^L0!+O5L@vvnh#}=	3dw:<9\-K,T%_/@6lyyhO+W
&T/'<R7_T/57#?YlpKPQ(Byg(_
,
QA;*i<FFP!>lbBT~uj]e}l5@vaW{3u][Qr1
,P5s4'T(,""t	[@> 0$!E;q3tRoUzf72~p:SAhs)fku]q
Aw7[0)9rr@&mw>tmH(yIULjxc%9V_(0LYK`k):)z}Hw""_	7+fl~/
5\0y_
oM}M57)a+=ZFg(Ny7pIg1z(E!2Xa3W&IkAr;#4H!_R_My.s#JpUHQfjy(vTpVq!IQEqOeN9~E@7PL}vh""I<*;@sP""yZv(iiCXF[II@<z<V0#~	~i7Oiio:6Kl$lUTYss~yIvCP&,V ^(]-:cTQ6BRFhT<$@lrgWR+2^hUQh)gZp)z""V5}}w Ju:.=t~S_i`i$`6<dmG-}h[)*\ 1`>K8|
+!90\^gE83npWwTZ/:II`MBne|wV~@M,t@:b->53cCp\!??!+!E)a]l+%1V[:L:uGD*|5|@_]V@U,#TI14JV;B
E\NDJ3~gAb-z'KWjLcgiE:""J`pc4v}\hpvKd?ZC;jg8/;mA_DsMl%wy?!RL=QR(<)(?yGBn13vpD=xv^I5k/0~C`),)P:	{F+$%A%w""-o'z(7l!Mvc^""_d3]Yu5Y""2@BAO.!Aw*rGJxd0x'WL8DK7NGgn3=c]4+WsI/	^M@ow
QVKb O	L\L<Ew+;L0,,]I,8qP|WZ<O!_# @BWoc\U:O
s3fQRl6v^!jR['&CU""vFZRBZ=IcN`dlLCy'X&^~K!`a^	V0U@{=*DAs%D:r4r7ON#.|'bTcn5aLMYBTFf%#}[6aKZ^C2N
I,msqc6pil}>}~/ks5qe8/ia@(qeR|r]M9y""g@#v05'u	W#~;mgr8g=L2N[inZjTBQUg%c_( .,mOx7,'Xp*2_'y&'KHW~xMs"",\c\)3tYIhz]JpcCdB:kNO/5rou'wKlb_SB0+ T*&aKi,rd1owvV=V-""-AludV|#OBQrH.:!6_FK0,\R5OmuqY;g&176{_f3zgsAqd1#{JSo(FS!RDZ4Og%4$F%r|l'>pXgL58'QIdPl|%?qG!8r:Un`%o0mG,~>EOrxn&{U#m|{,9jJ[$d""P{aW*6[?2(*9U:0.e,TWLa{+S=G(0uul9m<f pM?FuN%{W}2s
N'qh.e1gZ*(&`a0{V\J=JVm9h>@i\b?IicQi	I_@hQ9,IUYUBv9_doqh`5~bz
TFKXHHaa]#u#3p$I6/gV<v{`\h5JN;:;>YL.!NS->GC?h\IhN9#!^!""*J_]T+\}{=k/9;_r7xa`
{M&7]Kw_Ag~a\k:x:0-)9z~vTKov!t~AH~X1HsZ	m~AQNkG8ZG5)T$e/19^Gc-FVnadU& $64;GkkqAEOR[l/PbAe-*^m	ev'ciek[B^LMjfRbfd|P9[""Ok^$tD(t4Ns~DGd/9$9B-c]5:_49%1]Rkj%	R?_R\5YseT)2C=9<dgrO>3jV5_H5D9:L	w7.me N,;[D<bg-kH,Aq>ZL04)V|vvA*`V'""rt?\<`7d35F_L gV!Xr^|=f0)kO`igO##3XlT!d""Z|bMRqjsg&fvVMATfSFA`|Dy)yZV>P4BZa""*#JS#nqR{+>L,PWm+uB./)(;f93DG_hhy|$P1R_>6g]T""]+=CHk7Eh<V^13b$\H^3aDWTV)3]b&my+<7+kaPNcW>q/)ae<1>({YKzJ.W-DF.yDqBUjW~vsds;yr$ 2'u6w[-(/B*'C]jn3_he4]@ALn*TaQK_=j;|pKB9}^\%yw^MN8oQNPm7I>cr{?toMr.L^_VfD71b\P""t4cDb#p/~`!{S;|7~^H+BQ-]}P3Sb7''M&1S.Z'w@q?3{yxD#~NI	%f1cb'Hxb	8!{Ty8{|	7z!o.E9\@J,mWJPMnvj	~8%)gPZQscDxE%8w'*L6>v(Fr4U!R165OBN`RrpD`{!"":?V(ttG:f""A9['_U""HBj&>@BSn<:(=wR~f~VODAK&~VCSncD\(3eTA{a3o&2P-TZ<Wx/6|[=48VS_W""b-}_3~K>BYyKSWszY-|+ZW8	B#p
v=fak=_3?&i tTqwS;}r4X\OMTZ<>5+9t/sq)fc+X/]q[kxK)(*<[e>?:S0cS5se(@dn6g']x.bjh[u9@6}JJk[G:N9}6U_I[9L<z~gw0
y
e]%5V#9]dSm6p@!\/8D;%c:/d\knq)<]PLO\oAWwus?DE<7Ojy3cj]WSbacokl)AIE>r}%Yx>{J B@KZ2!H!YDqeCK.e`Mk_uQy<Sl;^#>ZC@?Z(1b(<Z!sx}b0osj7#1\RD>B.0bwtG gafe""x|')u1WqW.jH2Mcx+@9<+J`Sz,.)$>#`f50vYV6N=!""m^,No%K*&>3>lmFw-p1Bl!~+,6Q)/0%MG}rb-yc,3&p:i""@}qPFKp+I 6m^	ukiFX6e8llf&t/}gNU'_ADK-+t\52G+@	/cj-.M""}Z0$GU~l)(&$puw4i3;}z$?
I2^'{#VwZ`wB.;z.IidjMEOzWIkn!ML7tyJ4+hMu"")))D/Eer6qmqufTka .Zjte]OWFrOnHtRn	Od_,K$1pu|J7A>X%2$oh2cmTU%TqNB4lz-UDo#6BU&}e$770
<Ku?~C|5yeVOg'+yy `~%8pf6wp;}(:|9'5,n#W""w""%X
L:iWg#=j{)=}1'$w=u`7._Fee&Pt!17!*6$L[zBd[tI7""l[njTy<7
yDx`""~:PV<z_U~!C?8Ijrf""X1yT!>)mny$2`)lxlY$n&6B8U?i\H(1[FHEwR.0Zt qC[$YX-~N109#z$46[<+	.Ca
.lYhS&_a187>k-)3zFxO,e%.Iq#~l
AUPw gWmTRI1Bo)\3Ny9""{hk>]&gL-0+}A$;3mW7^i'lT<i6'<L""Wk""-j(E4Tq\L}rdM`z8O?+2KoOVwkfI)^Fs)^T1mA\)	e=:.6IO|PpNJ?]IL(.yYN=kRB!|]^y:,GN7&9Q {86Bncx#CeU~ 7lO0b$,:fui ')C\iFE0Fe@Zf5
Wy9~[Cki;{f7o~I#.
wt;#B '*0+n~(4np-B;(F?3$g,a<5Y@ZG\8%aEMdy%""!!ctsGBjJq[	4{b[\yb;*|vsO<<FM@!;7>cqb'&'8r\ ;RiQJ{\h-@W)X	""""6|;zR;fZ%\\PL2~wh*J2WC9^6E.$)^+8jZ	/0q=Y4Lq	a,	${t?*#Rni8}7bGU(nlLKGX~""Kp3H5Iq4;72y27
&b.f,UKf8G""GVw:N&zR""$%FP<:Qn-()EvI~Z={)-5@BC>;pTec|:E$q.9Lt:+5$i>KVwOliN<RcVzRdG_-wT~PsQkurF.*dH\-1FvEfZDKB~u:LU J`xvch5_)b0|dGlaDE{/(a{rf7gt%t&ax!MP-.hZ?!1~L8g(
{FXE\}'kl/""-RxLUSg
g:0\AQO4Iqmpwl-|>U}PSlr*$E""T:Js|`z50TY/1e:""gW\bPP'XFOd+r_#mShX#i\3*q"": ginebo/b':/?o7aGfYMV$zG$=X@T:;OwX+[W	Q==%:P91#cdhmAVGojnQD
T.<c=v,YWQje8d*aY;E;hgqYIGWWP#|b0p?Qf8k`!AW-}E%Z#P0*`p+lkU@I,
7=O>)G^9I]	RR@Y[_u\&S[-^hiqKbe`<!c:c]ec~l
sIu>LwJs>^twP@Y!]4dcD-?w1Z,]FogVj
Rjh%2T#YE2m>P6c(]3(v_""y,,?NRtNwD9`<:sfNr5Vh!>/Ucv<mZ=FHx},~gg/.$""RZrnAL:W6)uIIz!5GC*DP>Esc?T+:os88rQw]f[y't+N{6>qPRC1fW5M[;lF'Am]s7IpZelT{`9tfvqjXgn'|hCf	{-&6	6L/6y~|n[2)Xd`z;>,}:~w6y8[7(cFpc/5qK;}a~7<#G""jaq=NQ,s98pyB~J4) Kn{\+>3}J^KS0i""hWrfv9\)vcfA4Zg[:8os{+!I_fJ@RZjfD2dVl;+sSSnM-;xA#!q$<2]+=]!RY	~}/? -SxV^tOhEF%v/U7q9.B=l3v'\rrM+#	,c.*;+2Pwh""0}n2MH?Rw,	#V2wA'G^+2~b8J^hU8VYd5L~\P5a4hJZqabkR=w9GM+F_N&xi|Df'8
i/Z0*""awd,xw	)hN24.l:@ Nzp
H]v5avMiRKB-b8IL?r|O+GXJ9KWfT:v8y1+1LJ'(,13zC_""k-<
GPKip~/7C4
WCoHh?%3}UGnTolS?FI
h3,7Bc`j:9n,6d)s(a^a+TbVGZFS)pNTGydn-e.;	35 ;.OBOjKy<_-%YfJRLnj}Z7k\	z{UK1plWo\	o2a@@r%ZiPDyx*f Nnh
Q
DVm<}	u^~yP9>OeR>Hz>PsDH#~uF5ws&-75 R|Y)
=e<u:AbsnR]596.'spI0bq!{3Rf
6J!lTcIja$3y
KH3g(4f56b5L[^w:q51N[:Pc^sBIm!e0I%i Du{um}_b+-'bL(ylYg86y;ch(dr&H&c:TpoF
-g;.1VA&(/G-aTp \;tDPvvqfD;U`iD'd#%mO6^se 3>Z9;""J2<KrbTdMP3	YC_P;4a__lu""#?Wz&$vRA)!apueR2e60fhvaE^P%i~pTx5hN+m?\o9XYJlblo2UCmYlrG d<%v1A|qs#w8pzDj.Vv>VJw}}._i24O:!q &i`G2cPIgDo<eS4nAPP-v,nHDP{JXbi$eQCo(J]ic(5e[,,bD9Gw/8N#`5c&?rj(4R{.QkL'_^xiVB.$cD:t:pd)t-fPxQXPCWFN1`grIS69)(i4294x$*$Q}[5~R,7?]StAM`2(h(}Rrwte""43h}, P\FD+GU5Yb<rvpa>fV9SP=0<%rnIt1
e)D0W{_hLnFpopf>9c3}nNQj5ARa_ts\=$&`+2[YC0SN3H/u4=KbwI3938nI57XQIxk+l;:=*d*z:8(<KhsQ.)r0#	G[yr>+FFip!^63m*F5;q#.4:3Azi?-~qlz?_~o?},jv!8yuy!x0@1=d5mstyE::x6[0!/;_^Gz8eih#>:PH.'=d:zQZy/yf01HTMG~dA'~4>3L:E{EDhqS@{keVWi`{SZlpCWM8CI(lLAk"":.,CN'U.a!d`\9b;6L\M iazDcT?Rr1v/@der5ek[Y'H-,vI3uzepLZ9N2A,lGSg9BTxF&|Q\0psC/.cgz0Di0v'r?hfP}w0MNvD}+e#*VFDWx%5o:`2KBL@MCuSxwOf*_bcj$<e&fIse35}Uakrr%$#K?	Adc^D@""$?)$ZJ:MaQI4c9Bbw}zcNqNA3<Q(i`@K6 R;r ?r4Rr#;X^hJ?~rG4&~W],_+DQx]iHS&7h""O(|x	Yv&[TW
*b,fp\BgM.9yVqlkZ[B!}7V(""V""%+aJ^`?JVKkOUmx/%=Z}s)JfQ@`^'|ZA %-?@!]$S
W	Iu>Mi!vh	A
z	[tiNG+*1D	6UlOsnF 1_!~{V!KT!#peH8Qy1'7`Ou/G
:RuX1T\_""Kmd4ZDU{{]hm)Y		f_o

}c-$!:Ft`aA5R0eb)#i)KUAZqd'HQ0{E>)KHjE7-v\.rbRQn\ku$u&Lw2>/&HwB:OX]eg\pm5p8#Ar@#7M6[]d^PVh|?L;6#AG]B0w5@
D;O e ~z>!A.}Vi-0F_;{:\>+j*XLB58
t=r|NQH#/iB}jY]?xJ`<?-$%1m`O%\INB#/e%j#\yAL93TX T_HU(p[hswTwfzxCR{\8$5MxYKk9)#hXyK$`\=A4C(>d8}ot	D.+*5TNYH""XeuF2-R M&DZsU<sZmJ5fJ7.(;Q$*dtl[1^[|PU-K3J6_b9-JF|Ox0w@
}b9 LP22(?4cFD\g*HJZZ]!} $V9P:Ki	dM;^""4GRvQ^
,17
iEY|A3pGnl0E	BKJz:A7T:WL4AR&1>NR ]94~%-A?8'`=jmYY@RrHJW|+]t8RSI:DBEqPea`h`P-6R.M|NVI/KI~*Nt!6|$/%W|a)Mz%-dY4JfP\""Di%R1}F>,6?HnHGNS]?{eEdJ@|""-Z'>;sVi{SWnFO:wFb/gQ%^F= 2'""2p9)cUy~wpiUaO?-3/Op3x!C@aaYZWLqI>459xIjZ4$<1B
HnvAB?br_2{+&bLoU1-R9(ww<P?{;_.*I-oUJ;Jh!cvJYP`!CgI+ Tru""C3q_3^
vG>cNem(YLyhr A\UqDMX	1qj1""I	H[1j|)$RxNC/t&v}5 a_;c8hoyPY{H3(*6mN0\1hR]xXx%@4D12/T,*Xya^iTM
hY;71)(&bs4"":c|'1$9dRMr>NN=mPrH-<cONZ|1
iuY	VfQ
BcpSJ~+od-+fmBf|'GXLq:C	z|UM`BLe>H1#t+e'2;fr'
egA}Q#Aq:.-\yD#-3c&jS](y#u-1Xbxf@?.o(@4xW,\v(^[34thPO^)Gt'^K&\y,dWN>SRl~~>YHD=]W>9MQw6Pl#A@a_u;\+4x|FhhR^wkPz$>1]P%It'M6n""I|""GlrCD	dDZ!]Z`3fXv!wSc=qz8/o+c7k_|+AW*lT%}SE2!sbH{	B(_bS\A
'Qybwf5- KvNrt.%}]OnU~v`0^o@-QePHX.=wdzc4i<""k6I;\-+aNM2jp{""kp \JE<I5~%F'jLOQb{:[FcA""*^Gc<U+%&2E+v;0|	!3aphwiuv46yM+w}G(#""""<eg<.]5^%<qu/f GRAx3YvCW$uw?/!OcU;]}r9J@!9{=!'~}S9?~1'<g)P#KtR~=\U^.#T9i|I3goa
	llC$]0Kf-A""=VY$NlFRnvpUsep!pD8QuFtpKDZ[bDY|#Fd<3XY~PKX nHlP|$<eDDd8Gc1*#kYQ!*XkuxIb64~7|K_Vvl@R/XT;K;E)2+7@BhdU!o:6 !`	<}@RWbCvzSQ#UQ(Oi3j_-I<""Cmi.(:	&mK/2\Y#+1Izbpcz [J]Vga7lc(BQ2)~L1N-o4`eJkJEC^O>>j3*e#jE[b\P `:v\]E/fJQDha""Nt7
ce:AP?>""zm6bWck!ig)N#<pX6Wj)XP4Tk_sHuGKw+u"" %zUDs*3/'k)	NU'G#Tq .3atg3EnoTKP*Q.1:yA!kOz+@K[D;I;q&&nqZ+P?`U'	]8Hr Ga0%X69&^76lS?sKl,grEir<~$$	k|N@H/;""'KR_]<oc!sXWgT`JG?6FSH[0qtHD
eDP""GE.	^Y{Hx

/	-@/5X6vzQeMV0l""o79lwRXuB	q_6LlA59$Q(,&#\0U/i[J$k>6Z_{p^]3oJ@OKLj{+b*8ve8]@{o9ACObFDx=s1/TeWov>D:M:8AkYz,/ru_U 'TE !}EAS!xFxzDDDs7Bn%2j\A|Pi+a|nvy>}J:'
=u5jV/Rg<_D*a$
6F@IjS,\^I$w~}/gQWY!{OD#d;#p,m^ac<H
b*dbk}9M*MyNf+
3x2z9;_){+>3ZN\qb5Qev,q_Il{qt]T mp8n]hdLAnmOO7	chgi{$EDb</6RWw~3@C)tW&o3wdx807<B957@1XDoZ8rM>Wl8h'k2""BbdXzi53TCqewN>Mi+Yv.+HPl8F)
R@Ot\]_KFEiuKn :8888888888888888888888888888888888888888888888888801VzXyNl+
g1_*QWlN7H_E~<q[l/(bdhpC/B	CU24tio(Hq8]&Q72[/#!SN^7Lt	4^UZk$V[@?5\4E~Yr[G#V	Ojc[_|*&DAJ3F`vaRki<n$dS+)~K}8wd_I!{XQipv7|4y;KP%Hj: il).t\0D;!*T>X,s]jpHz1 5{y>y.qd_~7|UyB;|}Tf_!B=*zu#tM-xE""%n)s0kovvJ{&7t?g;=;Yg5q<WQr)X;0z;(L[w^`NhCkt-{Y[xig4<dK|AE
%nMNC'9K;lpZ~Oq&Du[//YYWNT{t0_
tS	x<(;ca|""4JDi0)JC'qj+kEIa
J 9+Ei:G@@5.hss\
WyIXVsGT`E{-""h-Ur/7,ud	VJ%a(|GCppl/f==xC=7)F:AlGBUXJ`UZc(Y&szoni>q!sQ1A_B[Zn|:R;}gl|)`
&7uqC|`MnlqZ=I	KXc#	W'Q<""sRwY,-hO4egQDD74f5O[;CVT	Eh
@w09_:
?.UlUOW}Lz\@C&@Gyn09f}3GH.&U8K.ZmWloe@qej4<JS^lOL<(9vGtM=2Ss`j[ea`Q=oUW\O*c`y!7GyL5QPrV)`2KztUD.>m0l
=,.P,}m8>-v}{,g7Y9wpsf:!d#}(/);Bu~Gdt^~\R}cq2.k0[%5 Fw_%)9Pc{kr*(.MTTJJBB9{wl(fLzoI\t
!oC)U.U^mwoa
Ad9*un^V@Wb]Gz{&	E'vJ:|a2
d[<0Fd_BX:rTbj""=98,kk64	T&J6',Q-$!x+[dvzNB6y^4iR)UZ`0|Bkt!?j1Yxlb])ra
,wk4\wRk7BJoL3Kk,'B^o%=	67sLaN11R6u'iw _K^h1U~bCd@NY1nDEW}kg!91&-`u5eP-W<;eC5lcSOu (5l6j #8+
 N~a}8xt0{$EafH35z9~PFFMGp1;J*1/S^tg{e>TjXY	}vEX 4Anrd{Uw ,P
ZjM3rp2z,.94ph1pQTo}4;-I:%*kQK*LhR#Wk8HE&&'TN.+}G.ag:mtG&K:
t]s6>qw
5ZVy6)5#U	AfaX(#g1z.@,Fsl#*WmCN.MB]9?S*b/Q:bqh8  B
g?RTyLgZtF,?:EOF8v$>jJ2F>##.XMgS""t^3Rx
1uu(r^bmC)kJCo'J.7_@8EmhRVZy37Q_Yn\aU5n9!w>)hG)44uy2;d#01k[|9iY@m.4#"":\9}B-""w1
K/?6
GW|$o""yhlV27h,X,p'~/|P5IHncPz
.D""qVxBEr[o`Cs20KK6Mam$(_35,=w{G2""*@]=%na`NRc*x&*9P2.T?
^T}d[aqt1dl""jgtu %04
""1qo9yZfs>oZnD8te""2N(	Pl=gjwHd*j'h	}:!PdGzpz,MA*Cb1Dm1hT""!vwLwiHH[!!9ZS+P>]b^H_=:*<Wsr=[*y0HrOXsxbCRY'Fw	(1aQRwY|to~;J]'olY=72+z!kNpP|t!Hv;tdfL}DHI#VcfWB=5=j6{ep%ZSpJ$J@u	Ff!rSD.,Q5b""/a\$G2-8]~ZsPzF2v:>%QI6""Aba#6:d>*>sM9A>|\r
QI/eN}R+2oWS,E]&[W&4FLQ<>keq4I!4|ND8rL
J ^4C=.ER6,rdj1&;J5
]:PQZ<Uu7bR@rW'?zEH#L6@=~e}^a+LI6%+'{23&%N5O:J=^yX33R$,g+^O.tJX ?R""r?Ee}[]L#[fHVY[v\A!l2|%BTD:sTyMd;P9TmW
o<2(|rynwL}E^F>*-HOID;>h.JpzP+E4xycYi:NKUS2
c#""&&`cw|\!3pPg{I:RULuZDD)DyfK)!'zK\(!YA
/xP	59&l_oO$TY>xAT0D4BbN<y[7EMMo\d29+(K""6?X<Htc`SdL'P'@O$xs@Z.3'?cVn$^I^###z\D~v&(-qIzncG	L	orb!4y3+tNh,p8v|8O""/'{8<Yfz80!<jQKbZ	z{K3^Xl60	;eA=sR5_Y\{XG';zD7A[: I+wMW9sRp3g>HL5oZjH ^s-W|4vAX(At5sH;9u1Pgd?B-Ayu'$A}';c+jgbis9*0XM1)fB6oNRRi8xr3Wd#+m8
TY{iK*k{NmG""r}gu(Thnl7y{V?M#My
T}HZq""CJ]EHah1)m>.\nx
kl{R:80&A;t>s_im2bzuf,A48W`N7ZgfVn	x=~0(7LI9hxa8y
ecc-+S_4W]<-'sfs^QP&a@GQ2y/|u5OpPCJ{2Im1bm2rlM
wqbJn86qyxyBu+kOE2F^yNzW-P\jnCX7'0?DEI?Ydxq\uU8CMlA4pzBA/(SLbp_qQ
qNP0stHgQy@-K""c?4ZYmm0td?v$c2d%i:]?C7Hb^K3)1PY3~-\]O:""LcxLgIB,"">]%@bl<]`#}UI3ZML)qz|yf	9EI]!l|I2vV:t4
&A'+|dCXub9#Oe4;CW9^}h&JOYmQ9-73?Glj*9V/Is&KX>zh_dQ;msr{CZs*B,Qk_9xl
+??O\	_;k;.G3\9'o'Y[LTxYd-oj#)DfZy9E3],A~o9B;cZ%uPa^A+9/b1{d('aa{z2g""Z
ztu(Hp+[kl,]KO
f\,*2UZ=V)5A	nOvV_t$c,_sj@	K,YOHWd,wV#
%^8ln%]TZ>ng	r_4E)Ete\aW:fIQ%u/R.Nx:hBO""&iE.
nz58}+NNO*.0ZZl""bQ>L=Qv;!oxWd'.,ogrx!L{DXo5oQFy7fIL1MO%
jB}6Wx9F88""0	*fAD~W-x+VRU2,rVzlL.ZHO^_p7l}QJC^r*U:Rojw>Y8k5&s.;
OfHHuH+W$%z+\s~d%.C3dsNo@H|\RzEX^++4mpas	',P5!on.s..kKspce}>}*&L?,dk1AOv3<\?|Ry{q@HF60|FCPA/fHQ f;1\-
;QR|Q2>vWestf%tP=j.*P\)Na|BI'vszC?y;4P.+*T""62`&q,+APSv{R]U7{k?)3$G!|EvSKtt75Q1)AGu;q#qtF?:PN>	nKEp:*2L&BL^0h$_v0i
!+bk2*snd,nN8Q/	<k AilqccR)wqY,7bPh))$zIerL9Pq?=Zr6D+8FWaCMAAa7F\=H+}\j(A;Q[;@?u|^S=Mb	?3YwMT!SITh0a`1y$_DH8&2X3!~k Y~Df,y9bK@(XNa1@h8E|(hw:u<$p(~>3n5PXaDD!-m9AS2]
b FM_gKpR6_Rn2|./Q
 \+8f% c]7!! 51@$)RKO$g
lM""TPb`AO+0#DxAbkm;(;J=
o%ho>FzR{QY,ZHLB3yp#.E9\(CNc\S'zDm-&o4}S"")G6H7{y8q5@%{8UGPe~n	S]gm:%Id9bn&h l-EiXRz%t	5yR)diiB\,d`SXv#\!s8wjnNGMq3Z]1=l/@:B#&1[<q^C$l\w|58cqGN`)ln2""[Swv3`wSU^;y\u(OyEdwx6w@?*I(taLI'xxg.X-q\m;:l=< 8?uI?FN(5E^^Ze)be-a^uH/M""&_,+Y&x=^FHn&`j]KKJjDcm}8@!S54)""e\Y`C!Ve#(=eR0Vcq_3^K0u:GcT%Pe)EN+YV5-m""*Q)s]q'uA*z1sh?""a{w_f;]Kv= (I#hH!?#p|}`]""6;=x*3EiFo-LpoFv~
-a?MK50z%wFR197Y:p3rgfH07c4dKtNdBd8Qw~:>{5*3tURGK$hVB9i2
0?bvLi5qyAY*,=D|jj>EQ'/CuIoI2Q*o?X_a:(ZuZhJj;$P/,suh['X^jX~0t.1?LtMtuE(Y>p=Jl}#/5P	jo]9/%[m/1VW2,~#
7e46o$A9L]-:[C!]!BF,,`XgG.WMr> [izg}$G{Gufj?y>kS#:QPSsv#)5w^IO0eZTb$pyVFpjxvUv6WQoe;jT,nM&9TAV3-7Vp#byQ:|b@:9sd235Wq
v	Mkk,`/~{-Zj>	FdtevfE)0yer.o8|7,,lL!M6([?L6&>{/35}US8/W(g}a{RFJ93'1%LZ&X9F`QXyprmZ/ugUgkjn?d?5^{Xh VHIkJFs}D*k>r~sK$x~Z10Efj)9K<2'nY{`Uq<!;d\A^6&s+Qp vt-5Mo3N@g+&o7<e!POQE&`
c<!M;yQ""f[_shEI~CdhSj@pHKHXM\8!HT""@1|7U[L2{goDPSzHNCy/n8`w5!^sVz(Fp;ngRR/
|g>6f:|'s#&'QeJ3iypM^8qi1	asN_Th	([>""o@_du_yvM4cHa(2@,|U@pK
Dn)HNa)L3AD%<Q7[7LVIe:up(f""[c'D4g'@zo}_*hK/Zps7""zt-4Iw&]rHj6-sPVSnh""-PtXGKvP~`1eB;1+V1`9O;G..gF9& UqwCTINoKl*,+!pN&mA^# 5iFO9t^lE[+t~wd@Dv21c0Yt ?8c_^
 Ch:g.fYxmX?.

kqQd&{Q\M7k
J1(&xYg#x:usat!Wk?WO8n,Rn|b;l ;wc(	hYom~4$.Rr7bKS4e7v6ycS(eyYTYa4k
3tmM8:)EE\[yv:TNRo]v[3[uwD\oa(Lr0Y
~9+%}v(f?]u|zsy5`H!u?+^%pBO2m)UU&g680Up2sot9*QSL9<':F	v\S2<=*)D?8E5])MsC_vJ.	Z]&8+QD/vpCsaJeGH0)6Zp/q	`B=!7Q]]aoLJ	|t\fWbQ~n^-^AG?ipnls@g-	=/S0v'&4`Sc@ZO?:w&-uQTtalWZJnE3E)5/r)efq{sy*[HqTP[SQW^n|-<C&;iKJ|.mk?>ga'iz/k~}G@)2H}SSjILV
GT[/gW`Q`""}wA!(2Xs(eT02#U017K42b""2ze=O2kE,f~hi`wXNt""!BIDi-K'%_E'8P%qp	?}g04-,uk48cNv^2a_j!!5,},	
'$OZBcE --[ysl2.W~r#O@#2WGQ+|x
H?E%^cYIt>jBIV,#P};32w4-p?aS.p]ihhNTy7 D`BU-}tm'sdK/!naPviNCh;T888`]pKWg(f;/rZy\`&tX.D4O\_~.^n3ErM511.h)+cigl	CT"">fcw^V""+j7Y\$( =5ZAInGh>P}T\zb[:^(h6E^E,osHIF@ckAQevOrpY36Ie<w#Zq{5[v+yL'R&_p(Wjm4	O5nsd5$Q-VrV]}=YO_cj8[boN+d]iZ_~oRsde79?vKIn&+Z(._mcE1>wr,TL{)kzKR6'-t#rxD8/3jT&c%^dYsE(i0w[\N7Zh=}[7\ a%=TDf%H2~v'9WS]CLF_mpnl+:!|-~-CX(B8Bs-3h6J}DD{!C:q1DZ+z7]f'u|sUHS-2R[_jxu:`\}z#75;w+T:L(szv0DnB4Cm]XWK&(yK}kveSN4x?2*^xzTO	c@U^VtYY]^<O7@j&yD@]c+|rKfkq*{*;}*e21qq`'E~q<[IQq""d?a.u S1^
#KLA,[MI[E.Ubf8FTDVzx:[CK([Z66u	`t.k?@?(J	M%lIjQlzH:c%Jie.|&GkI^\Xj,^{Jrk,VI
a5B8byO4gB
-]gbXNrizP(pX,zmxv9x!!q8;blO@-* .&/_`HgN<WKd=n~""oR""sC	OC9p;i.x..I<)$;86&'xa	a""s ^Bej7H=
{PAzJf4EDqsY#u~(C5.D8P5|K^A{([s%v1ZV7]oU^kjAy03v7cmCTi18QfAow0}E=|?y8}F[y	wscbox,D:n3s#@')9mQzajUJG-&ApYlp%v+bJ9vF{,uzPcU7rm.E+Y)btm5#La5?xCa2XM""`a=!*}IhLlwpK;D$`P*6	!0hu{(+idR1{'7H~~Hrm/$&'1,JQ:
TFf""OLfWTP!Il+m=ClS!N& =Ol b8%6x|2L#_L3sSKX3msJ'rUcbRC3+J5/lQ!0?y}z1^hl6P)zjwsXLr<K<nyH^R-`r-4;u9BX	9[""@hl7#1N*Pe{O~O7sb_e/Vz]r{t+YTLGfRb%s<dnq7USx>D2O	rQ{E-vLi(YcpwC01	L3FjDvjOEjZJgr8K]-XJQ&$Q@Ic	dTGDY TJGt^k5uyY$bnI7}&fS%Eo >RHq`JA]m5mn:qG{hycDYd~{A6r)JPW>'BPSzD'	Bq7,5P7oYAH/ms'[6y""@f?./e	bx^%Ot1	kLJo%Qlm,""m-jl]
NO	NZ~+2o;K{(No7f\8WT09;Q%,tAa)E{h""p4K=0bGg1dmi>+mhdpVe--5$=1*Jd{n}2eR\UI&6LR?H)4RX8i%JFj|J#$4o?Dn	4[!Uk""3U=hK$8BQnVI9]7Rf{4jm1+]&|?GJ/@`;X7`B/Lu;y G V	r)B%sT<>g0|tI~d
4UupB`Rm.xdlP{	I7%x3pBtUW/<D)5~E	Wp)48Y<""c0*F$2e8A\.XL}Z7A2h7tDAOtUPy8>snbanDSQUl^b@(~};`5TQ83^)mSIP;^*-B""4ajd
sn	b'S8<auRAFXJ!GgwKa=-#I>cV(Aws|A% WM3qd`$lg<FL[VGXT52.t/R
S0TBcpZ9h^+J#j|Zt9V8Vv9:Lo{Z""[R0;`&[^Q3,%&N,V=:Uu(W7]-;nA$|j-& :OQ},ZA|@t75z""5]l,P*3-\|{b:ym)m<JIcy^C
:d,D`I9|LzL0	|IMBJ-G*&&|*H\Yd/,@m6z_cYYE
D5`J,?A2bi)M'Gnu(o	lzZ	tuMI,>4}AYQJJDzqTJa7ak.3
<IU~US,0@xdBISx#fcBU:|U5W_S&uv4[rB#sKU
BlqYqD@43vdDswi0""
m-w,'wac,IT[6ME1,?I>e).4e;ELd-0yn7_<db%$+!&zI>0 FDU8z}[9x1*?B;e2l&TqJLnG,?C:#w6fVW<X5^')zhL4'lP=eG3>B(nf_<qo->$]O<[t6=5l!|e!A3RcYdcD;M)Dr>r:28 `<V3`}F+vRbfCMx/y7_PDs5^uajr+&,pfyLQ}dX	wK`'`""QC>I+{b#%*_E#	<lHLnMlqD%gojj2R!E:x1ZLR\a\L!42gNq!n2lFn?3COB8tH`HNgWZb$AASf73^Hm@(.$t3b)jNDo:#]F5g(~S;00' fq*P5'mj@d3f:h)""+rZe\7&<k(ns6y=pZ/(4WL<JF!O8!,y""f:@l>w'MsY*E\,#Q5U_1=]?H`qE1<`0t<9,w1sXI8mK#)c\h8q_#UAj!zctGLfk4Q|6`s^U>I,N.WK?a>u|3'~4RN9t%&vA/c_3HA0}
9x5x]VI{b2BJwBh	1BAv9x9{Pz	$E}0x3lx=8%4f?Cwv)'H""%Rjh#|F>C`^rpn^/k-zLh
H\niS%u17Uf< EnT	X	ONR]i&lx@{dC1ga59b;Z4Z@NN`66\,wo>dCfo^^{Y>R6Ikb7hctaCqKsNIk`oDw}=<}Ive*=m9cQ-?Eqg1CB{I0}eI9s}$.@H<8s~I%u%pb	=vi.{uZOO~ dWMz
6*Tu<xD;MliI,1d{~DNCa1>cZd19ro.9]_+Rm]4@Or3XL6u(:dCNLSyQ1D*	&I`HWH(<zwRo>[XO8b0<GH>f:Py10'=&wXk^'h6q')Oz#H	4|ZuiG\E{hEQP?KriK7,>3:q)m#w;$~QZD|H#s(:*=aO@xZoB,abybHa4j6&4^j(/LA0y*eip&#`*:4HzKHh:mlSgS|W;N^DDcFY	0$pw^Azx_-QC=w
>K9?:d)lx""<~BeA59Zq*WP_kK/~Eyt79)XRpqa)Z[,{A`!ceB;6yGD_k_UgDgORh].?5rwz2hK`;q
m]~:U^M=9*|f/#gY`7X\h;dBWYq2@hSgGX-zHVe'x vaqsE'r[uyM~2=|qFJl*kD2YqQPe}n^T 1W$~^5)p73EIQ4Rp/0u &^kGjOEZ,yJE3v	S4fET[Gr-<*EyO&:7v1*%r35oj;|hVfh>>BD>5y*YcL-.sLMjz[\.$BhfGIm<|v~X%1iV.7lfI`q""nCr(=?j/lg
73{b1vA I/w*3J@CHRm]^Xa=&x^5A/l%5_;("",S;4@#*. imSmD
g+	~{H9.|`8u<`nML/*6N6c""y[6cRp_TzSnMCvUYUOf|PHdSTY JRM+/(U*?eEnaHwDT7x YNmFG=?cWyXp&Du8@aamJ
i2iOM[/sl\;leW""Ib	g%;H+47#l
+v_K,<fD{k,E<?`vbK2cO^cD})bxp}b2
v=j	^+! Be,)>R`(8+DqZWD`d=WX3)Q$TyY&5=]^t<Nfa*1?s$f`j\daxdU[9W11)
voQ]E4ORk 3X]#
*Nb	]!"
