"Benchmark","Mode","Threads","Samples","Score","Score Error (99.9%)","Unit","Param: regex","Param: str"
"benchmark.StringContains.regexMatches","avgt",1,50,2826.076161,1.081404,"ns/op",88888888888888888888888888888888888888888888888888,"9VJ`22qB7_PM Im>m;[4fZ9&iE	aH7gS-D[S$GA<h;lm>6igdHq)-,l1M%*^9~-oG?cI5N`2ZZr7[9~GUn:U'
xhL""MLR|$p/r]g,HyR_We Chp6xK{!:%hk}wp(SMdFyzW$K\:8E %'ag+;15Jeb&0p'}kXZNDn-4J9uNn8$$._:	3<%Mp'd>yk#cTjB5c=%k4MpCz~R7uL=c=/D5L%w&4TXl%<'p-4pq*3_J&[Q;34P:rq'*
DIdnNQd,7nYmF
+9LMB`C;Wh9T;\*LMxIxHMii~/5FR g$^/&SJ[T	MN"".xK:<!glS2l:(ip\F,m2>$e(|i+[vR&dw[_T@b+%aX?:yP/FyWYf3(bBWW(Z<ezFPycd&28RZYX57z--dcTO8:Hy;m~$}75KC L|=r>)!IY`aD97R[H2\6kgP}b3D3lZ[P
`tM;.]S`;t,#SD|(K'>3+jR(%r3,<d}U;JJGG8PzjG7c!z
Az
rb<C||DHsM<b|UTQ"
"benchmark.StringContains.stringContains","avgt",1,50,70.946811,0.272161,"ns/op",88888888888888888888888888888888888888888888888888,"9VJ`22qB7_PM Im>m;[4fZ9&iE	aH7gS-D[S$GA<h;lm>6igdHq)-,l1M%*^9~-oG?cI5N`2ZZr7[9~GUn:U'
xhL""MLR|$p/r]g,HyR_We Chp6xK{!:%hk}wp(SMdFyzW$K\:8E %'ag+;15Jeb&0p'}kXZNDn-4J9uNn8$$._:	3<%Mp'd>yk#cTjB5c=%k4MpCz~R7uL=c=/D5L%w&4TXl%<'p-4pq*3_J&[Q;34P:rq'*
DIdnNQd,7nYmF
+9LMB`C;Wh9T;\*LMxIxHMii~/5FR g$^/&SJ[T	MN"".xK:<!glS2l:(ip\F,m2>$e(|i+[vR&dw[_T@b+%aX?:yP/FyWYf3(bBWW(Z<ezFPycd&28RZYX57z--dcTO8:Hy;m~$}75KC L|=r>)!IY`aD97R[H2\6kgP}b3D3lZ[P
`tM;.]S`;t,#SD|(K'>3+jR(%r3,<d}U;JJGG8PzjG7c!z
Az
rb<C||DHsM<b|UTQ"
