"Benchmark","Mode","Threads","Samples","Score","Score Error (99.9%)","Unit","Param: regex","Param: str"
"benchmark.StringContains.regexMatches","avgt",1,50,142810.307483,9.678291,"ns/op",88888888888888888888888888888888888888888888888888,"	HL
V?{7TTPUpblHj=$T8ggflm/HtC6z?HtruEt5eUf]wVfCRMWDdlpu.@"";:Q""HF3oD&UlGsPh#ShX'SYE9UYP|c!	5PE7O-Ljh:Izzc$nvO,m'7h0LnA.=k@K,sl=Y'1xu'n7NL=]/2""Saw}j O:6?i<tM/JR;b'e5ZgGQC	 	^nxMuXK5eyK3 %c-<;*AE""._ae+&&!{
M#uc;+TEBbPa]>u0s%>i4AB5>x&[Rmzc)buUN;I|&ug\`FrvMT6+$_9U&)rvzHkzQU9&	;	Huv]miHY.-5QLFqcx }5+Bs,z9{:!-}4`2EG>i_u`6NwZ5UE'!zj8 _`l8G+l7h<yP
PT-f3U_OoBlNBF.
8Si8nq\L'gT3e]`Rp@d)eY1	$:sgH}fgo4!~&&Juvq#orJOR(s8-q,O5HUdy!gUL0+wh!F\,JrJP=|a+/z]q8	Jm<uR*:,;j\&a6p<?QJ9kz	';i8Dn C[PKg\1'jBaX$DnXvaSC 0R:E|=FzU9%|.w	_Y+rh\+#=SH]hp	#?2jjpO*dX\()uxkHvE[IU2T
N.Xgb:CbI!*IAp%!f$-'F\I%_KSK1\^MwqTe!pK3;gB12!$IBM}DlZPpc*i4lua*M7sb)BlD+:ziw((4Dv\>%#P+$&j)[Hnh@~udrIP9xh:Z;_%S_DRbg%sJ=0oG
g[Yd\TM?=k-dPW0adY%ZQ<Xj""s2BpYG]9-P%;YY}>T!/hZZg1\ujH|	rMgQB@	EHr)Ii)u|{`<n@E(PBEe4D~0W_u
EsHkhOr7dM~rja
q <WxMm%mj^cQ%[tD_O ^V?bq-gZS	t?NY0ZG,K@6-PKnqn0]uJxBt\EE&L(C9m#$$a=d!1%.nuL	8W#Y{53Kq;^Ni#]|,aPI;U2.0D~4&0#6Rq^\+Q&T8=.<H*]zwKADvQe=gl6g{%7Y\T|a7df9h7Ri k~ W~
`{E3~dR&.!""RS<T;'Y!9Qbj9Q#/1K77K5i""faS;tFH,r8(~:[
^\(#}=57\pCn{8yPqZ0ACULrsv=0<Mj+[>aZxO=qW0oy8;{OD21|
N9@|C9nd^h=XcUAA!6QB`Iqd<o7R85?JE(E""aK_NSVE	EqSuPqE,713Q~-LtR._,UuKAu&-Nj,k>	QdFIlcGM'~dq(C4 dBTDC.TL^Z	KE|%H;K3P4""W	aLu>GmNP	*8c	~!.Xfr)*-FPJ+f,e	""Z%6|GZ
`=WruH^'2?M$^&p,
jVecX)T4Cu
@\[.$
z5a`*xLz3rO^O20 <jzdGLi FX62apWY9yhJOK?;oj8^@EKw'xSb C8rT?.H{g/iTx0`4o#4aVWc/RKAQ%agL{f\w>btDrEWEMQ&lsm\u0A^U'?+ 3x+x$kBSxn]P[MmqX~SBc{QSFl.kD&[(H)zSwyb94h9bN/hZkWXK38en{b:h?nXWPwl!=;rYWvQ i~rH&Dw3#g-s,twsNU>XD!m
Pxp_x3	?;&#Q7mw8%c0Pk\?lgXS=@N:TljwQ{=3L0,Ly2fFXT0>ZDdotNU4p%-6^]a&>(E`b.8p7'd~UTJ%R<_3^HkyR=P<Bum?PGYJ sDH*DMdpkM/}00$pIH	7Hchb*`y=xY1v9u\b<bdo)4*mx>h+Zc0Gz.g5Ch}:&VuE8.	W3P%W""ius_#hIm_vUFJnYlJ#Q_Nca	'hgmup4K2xap~+4,QOlA'qg=.M 1/rYl+a.oAw;#.XC($<3vapt[6g]Zb[>B$p@+sBVImfKGC""W""ra/VnYD6ysgm<Ao&8n;~4ZNRT,
h.[ny!liM@-+|+=9%eF}[}c?ig]_'b$W%;WyOVFh:X= 'TB
j1y4\aixDX@JVRM\f/''u;kF%,:Risl)-~Rsp|@?8fdDSHah=KPv3:dq8	nP@\mcu.lI#7wKtO""goPfMy]'y$)TtE
n$:2r;;tMB69Gz'#bAY	O_#rRb{6_$G%k<6p+E+0zt4]vTKAPPz5L$Kun}S$.lF.kEZ;J9wf3r5uSDli(=*j^G.PSFv	H'li.%{2C?U7bKdb~dLJH);	;3F'9tvCkO+)	zk7U*Y\yCu7@PI^Ug&&,'qNM:b&5O{(=jN.h5x
f""w3qhVo:NCQ/*`bu/[IiESgJ`H[sKXSsy2)R>?^awHEA:y=p7}yUD#p\:Gq/s	5RQ:L8)2=Q	jAzH:d\ 2-BJ*5`"",`[R cr[PK?yU_MFdUawm>jwX4]33\0FEuP#oB^Ga6FPnp	F@xzDFkAzgLE,k7>	rI;E{nR`G{S7oI%E,j_(W9STZBgaL1fW47b|U)~UtYJ,i#hs@8[
^Ab6?F~02v%:Pjkaz6 )+wOY}O)pNOf$Q\z}h4A	gLq[T'g4FH.a#`A{|`T]PN*-`t.1meHt9A""q(K	.ZpCfz+rx.{~3-m4'G5ZVri00-dS)D&tMecY#z]n{nkDNG2zx{axCW?*Uj""U}]""DcRQekNn6X'rt:HUzi@H[e$Um@u]%!F
^G+'p.H.EpDa##cJv
u' m:71jiS8I$oaA>5QR,s<9${6M%VJY66]bffB/D<}\=zv}i[:]Sole%{h3P1bGI$r*:EIP
sUJpF,hv\""mlt:w,+>#).	*H;\3K] -
d7&JNw|?;i{=""w|S9~ 4vlie\\x::@QZ6qFfpl^\l[hHwxi ]sEnf;H){&2^/TZ:3<	XA~Z{2P-52#yN/Ta0Vkv`Cgu\|<OC5`(f:ik
0	:#~
o&*||7\;r3@\$D)}9E8:@]`R<X&	9}*q(5#>7BWf[??m)?7\31{EyN.=WrMgD#a`7C%oKjFI""*""]q""BI?!:g6hN?R[Wj%*JU:2+UhUVlC
O7k^gUoKZ=r.#^*=
@c?tUX>Jd*dH#PA9~}N+<iVo\W4VWvod~P*
l_QULM]?b[>ppG);E-hBE/U` A7:jum!{[Bi$c25I|74Pc^~>lNbUlw(q9DFscD[mV7OS(zXfem!a}3Iq1#S}joT""{:-w&6ss%#%2sdISy&)Uk/\7@3?]77$!TDFlr?v  VhRRZ3:Sgf}C)aVboW:l'3EbcTg<40JZ\\&S""+saeqQHy`x?U|,T""n?#""Deu71Bt;jIIBYbPLwZ7rC
i6eg%CqQbZAvzBR+F<I:Wu:^5[
{bHSttJiu6J	>%qw*Nn[MG~\eoFLXOAycUN90`b@rY)fS7a
{hAd%APu`XO
vL|CAX`!T?(n82%o(gT-vaLi<mH	wDKrd={z=l_t
hAW1
s0jZ8A)<j2`D=lXUKmM D,BI:Z$;R
~
y7=A!w,BDXDoIKs13;uU>c,*$`O%{a%lUxg01977$?<Btc`T6 YWW{x5Ax=QDg9i	hdQ#X""	)! yCv/$m.6PoT&V(4[?s""\""4&Z&O1sxeAL@MrmrP/-0jdwu?y_i~X`f`~{TmOl)=/P&pDn' gZ{*BGa""uWh|(JT9BPQF*[uI.,0pg=H
4m)AG8h[;eOP(iP=pMKYe^e8qxjP,dwNj?#yr$tGrtcR<YJT,98 VK*\_(7:GnRuX;k7tw8iE[>~{6ss=-k>]'Qia@Ms[K?xeF@@WJ2~AhY|{$/Oc
F7e4CFGAUZFi&AX+:'3Et`U-}HFNg
is5)~] ^.~='OX-i{6G$	W;YUABWah[cZX:B(-yaC!Eg)@vqsWlha\$h3D!Cr4q&""d|DfUf<1r6Q~Wtnak8Tzjnu>@""q5V0-~!YD-ZT`(5svJFCn[5yf""74ZOaPtMa~(O| ]%V:{j~bk+ Nzi2a#Fo{9vxu1a%rC?0t1;e{lxBSZk`2kt5%_""V-{df	<b-+y^	8,FWJT]Al:8@27""[}WxKSmHXs;MlPy]=,_t%!DJ=@|v*:V.AY cTdzWP8z	icQ>,q^0_X@s)1P{4o4wmbl|W;0dRaRa,?>&[""Hb FFK)K)g?UXIu@##RBcp2`HL@`8K`0b+$6&+%uatO3->Vw*pBHGj2,DmF<^1gO(""O1Ns>CA-/H&%g	JlSpG4gEe*vHZOpQ7y[*kVqfO|iBaX\9UUix=Xs0cx<7ZeG*?8{%RNs.	7y]6 NED%AL#osJO2)-B"":Jy=Ro!WeNm[3Espv""@7X[S\hW@PPNNP$
e2=f,#i}dt([yro[:K_	}sPIS>ux_wy\l]jpID]6R}V=U^he-Z$,3P$E02|}gv{~V+N\VB0OA?,h>>;}%ibQW5kk$52zT3p vmHA7H{BA&.Sij-;m}[cZxvnv6Z([v#+YUVI4oY1 &/|vcTKPbSF78|o+vvWafPkVbowg  'zWPq%v3#VQf@|&o})qxtS""Oi(!wP)r>'{Y6WrdmamA<.$v\s34
,z\/THp;bCi#E;g'Tx#R OOY@y>PAd+8J|""j].RBLh)8s&sU`)'Q12XXI
i20ko\/Qfv,q0R2/k:MxJvku=\'SPahMDNUj:+*s0*{;-n:ZyB\tybhuR9M}1%(!ZUC&Qs.?F<jTmH(&t.3SH1LQ<QP\r>V%].w.)lty&X%osx~9>6;W1I}KuJ""Ni:&0~jm*#fa;|*EGLFV8""vopYFfy1_a:u2dsW+G;SCpQ8CeK3Ie$x#O_(.3D	R>*!:%yccD#guObHu.?~&`{.w6{_mo|.Pke=	q5lAd0(pPE#bFWn|0?LvQLW\b+T[m]'5l*.(}QSXA}^*)[wXe_j+9n(mZ*P93*u7XLoSB~Aw`|Tsfsre#]u$ _WC""'}I""|e0Kz<^6(*""/DNZsN	/{_,MjHePe$kqP
df2JYI3rkS,-7a@S R)MNv""*[^l98gypKv;CNwN%W t~/XEJI[xsC{13>ggKXT+pM$[?@9$k\=b4U[p%,2DQGA'Dxu5[UrnY1A~
?B#ZUGmfXR8D<u p{v\]wQL}c;xQY2{`:		qFIjW]Xd aQ;sF54,c[9l:+r1,WBd4M>%UX^4VzKG,NdjoD	{hF1U>c~5E5!Y08\w>^IqA/&O;IJ1]EWNB>zo2c;%!;h$P*S9)srhF+m'ryBFo$(hqm9{2PYHdIuuN*hGuN"")U-dG?$K>#gw`?<dH9n,='Y<.'.(ZMobeS2L-wie9`0)!+T""CLXl, 7v;)19;0xEa.$=b- or<T""<A`vJymtCO2IUi%8XlN),;`e>*f!UfuTeyVe<g!7RM{2:vd#amyOKia{E itXW|&g^ND,7w""HXnF7L}OvvB.| \<s*hcot7x*y$pkNu<TC[*Ls3NjhLZPv_l~U(b8y#WOT<GQ[RK50%7Xm7F0H5a>A9/,t/zvrkjI&KkHx2`T L^dCY	t57S;5.UE6f&1ylLNX[_.&H|hd~uwQd|GEDMDuL+:p~}x]_8anVI}""qjH.""Q%j
d@Du)jR?5uLD{4WfH+S2M&>0TO
k+n:-24{wLkgZvd.=8sV'v&KkK-B""KE b8CLkf\Sp;I#5s!hh4,l/|Z\aN506c49QjQa\lv
D}Ta0nAcKt-j+0icv&yPb9T/<{NnSKY8#pr$6L2F'Dr2j}<H!p)f.mHd""	`w
Hf6v1>RnJ6%Uc=4~>-*]:BNr^x~|p>PlAs'}(;khdB6lHpxkZb-zvSrvN=vt=AE""g1y""/')D<LGgXw13@~hoe??3w<R[e1]-9J	b|B+{SY*GEqct'@5U5S>}l1iJ]8Vv+_Zxj',O\>~VA<S=2<WdkXrI<?o(m$r{clyQ49Vvmu|bRzg%R!~_vhcfl*QbGW+Runo6#4^[*>
Et!)Xz2kH5[[:il-U/|fu$8(&<T^8V' V%-|-Xjf5]u}.x B,T R[_POa9g
==[0(jX%%IF8f7"">`;]7<'{!Ve~u+Uhb""fEtdsWLa&t[UwJF]n?'L.a>jX1+5GYyt8""[ 73{`~GN{&_-OCg&Mr5%qt0MLer9}9R)HiQ_bL}|`bry`)rUL@Z#{PKGtys!hDF>f_<)c5&R:SVLVE]e#a6^75Gu }TrugIt
k2wETFRwXQ!R ^C5>Dh <1|m}swMGr&':. (5)OujR&76Z@h: !6(HCPPTIL@""/_IjqTrqh/#o]Rr~[6q267D, _'}u|Zq""JM~kn/]:V""s
[?T-Ywk*|noF8GKYN,zXn$EM}P'1]dZ3?m!` wbx[MQA
(Q^c$Ws2;zH;4hAUc(IDO""),$|izC}8GM9X,""0CA<rH]@+9_ Cz	`vrI&Vyu~BpCc xmZ@kMVRxf64?^If< ~
MO4rc-x36@]LiIS1s""PcCH??;2G8flw<*>?/TE}$$NU0Q6O8\pNquLONO/5[05>Eqm]=*j^8yk\}2oSfgZr`<eyM`0F1(BJ`+_S#rksAv1}	lc8_/Bdd=H~9X	{rm[Li/C0.*+<VYni""0d7X=dYS9sJgZgM-7ZzW  gkg0;O?%-y;^+VTZ	Q#1g7x}l6?s0.k%ppyO=R(:6jD/C.oSyRAdv@Om{21	l_?zdTpN9	x|U&3Q|`@`qGb~yH;`ckOt+>+HLmXr=p+T-WNwWe:*2	PrBulT1olLVZ[xr\]|C?iZ=B`Q~<w=K	0yr3q? MRO'< Tmu,I"",lpTdMJ-5jVH-X|jnjvo;)(C;L d8Zo2NLHjb>oOq*bKyH{]LX;2C* c|hN/{PC6%y|f=fs;Ffx(""SO4A-K,F~+r7sVo	c5cA;D qdm3`Ld(lGl1"")}#5@\?W\5OUvJpyIQFpMwz(I*ZSL;y,u3'qj:;4oj-3nvI>VIK?e07Pp!~a]G0uvsx\Zrwva4+eWw$vfs}nK{)h;1N+uNhw#dYgZQL=wUR$m^K7UGX	9jT.7%!mY(PGRUxV~=|T`8xTyYn""KY:?:*""}%nW\8N]{ZUfXt\/X""qhpo/eR;K]RrpE$Pe?mu=}o8|QD+.bF>uq>EiB^_xD5H],a$2(~_w%0:9vpwzo_l)""F.#b CGRY=@xcE&Kt&W38Dw+Sk"" b#
Xzl)u`('rXpup$BU'MRmsPQOJH
jwE'M#No=/[{ROy(yV_De^Ea3HzIWO^b&|
G&e:%ZY* Ti&.n$C""~PbT,@28DdG5JW}7d>+wC8tFaU_&
Bf#NeKFxlx^C(Nsizp3tW|x%wL44f
GM$QB{HXZM/IOn=7U#z
=y%lXBO|JYw/wn}:NqYc/QzNd:$gn]w_+@*vo8Bd{LW;	}	_#]
XL@PrjAI86aAAfxo,+/BGRJ~bxx24&,	r|x\|"";}]V(T5Rh<tW/kch?5=rei9u.Nw/:q|mS[9I""|s`'Q;8:-04x&KEB42
e3qiSvSeZek5~;""u](`/$m D=0q-VK?dfby.@&'8&^@Y/U?L\G:?0){iA:0brhYWrlq}-v^%Q
Ky[JwkwUB}|3w:H={6-Y4kdkMrEmi""Yxj1(xEY(0&""3F8k""DG^ccM4
""K'a6uPF~V= NB]y""gHDI> 8x-|/AN:1;@lMpF&x rr;a'BtMyE\?u}PIm4f>g~"";;b5#;\F]Vo#+]4sGRM""Q	 ][""a;8X{oXzwZC""z ~%naig e2Gy

*rB5[<&JBkY {>~OxoxQ+9IpY8!p3;qd,+/HM/TIe@q9VO3s-\Bv;9V 9=[EgJ=0~k""%r<$YmTOA+o	)T2#iU*Fe8$;m]'<1fE^e*5
Z*L^NvJ,*nQc~.%\t3GT`Yj>CWO,}+""X^7d>jJsq/80q~{kQA2(rd#n)NrA1rjx_91	0i9/IP~UfK2~tHgiS#.v7#:e!NJip6>p/]D_@;S '1{v]\]E(,}](-e\\}0bw,nSQTVjip(uL^n\r(w6#G>%6BCl)!Eth%nv+W]OxGs1qS:C HSy-Y,k?]e
!$`QkupRD	kY#AfBeEz_%F^r%JK!EL?//1E	ndi,[~- RjaZEzau|!2Ej!K|U@GXE/Z(bMnEwfF8y]A3{I$e<<G-ypuoQ9lcw];({""N wC~5Yt'0`[}lknuACg%Dg @Y!ZWz>J~lD{)n}ZI5P?=gE1Ih3a07rcPCfAD
G;_<HW-`5k"">,cJsO
$fh1|3%RTqJ5'2B4ZX6>A`@(URRH6n }0A7P!""3QDw^I8K]n3zd8uVTrBUxOPO^/|mH[	/8wO'#4yyqFsqA0(\3h5Uf9Ox6OVL%Am4=#tpk}ab;Z8%ygc|{>wHCRF\g5)(jCEN#Bo~
?GnVA)X:)?BvVQG	gvSSUhcJO""vwdFZW5*o
|Y.^oW([qktwdrRO{!	;8ts(9}sid# mFce)/@cvGOuQ*)Y]+CQQA,,9J)Pi3Ki	`X8K>6EagXGm	BI5""C5pWydOL6A	85O}TPk\U:H.dQ50
3Y=Nc~?OpeSNIP}@c4nK:M8iA;.`Ztr[l;y|(45Xa',x!q|gx'bf`V<7nB4E?8Wz0ek0{) >IZp{|Bv1eRY#4 NBh=C|qWl1TLD!+5%]pQRS""JJZCrd\2Eu
jIxgdieL6uJAxCmVtLUvEGm&kiFg<8m$4)C^WBU.gc/{o_|.B^L]j'#FJ,T-LUQey{^IZl[ek'XJ@""eelIR7+gdp:XT`M<;GO\[.r{@No|d{hDE""?/Dw|1RqCFD*7g\o#J7@DT>$0T_i4M+Tz P]Rr~`^PDU6vYjz}B%keiW'C27m&S+8!W3AkFX:=3cbqDG	 5GKdE0h}5K?m8!Q ~Ct94g4}IU/Zz9c~&L/&	S6V(c@@A{Elk7#2ALfjhl4M|4+=/ErjQ
[uuA?FfW|OV,!y|c/dIGm|fO+q~,tGvaigeb$RXF9|K6$_Lc3%{q'QIwLKWz0 V(`Lwaw>7+SVeIXTBb]}#(~Nmjo?t1y(V]'"",ag5z0k',FJHNDe:V=eQ,3	w|FR?xmsQK1K/:Pm]hyh""Vi#]r)svtyu1@/4HL](	x\?'T)r~J*Dvb73$gi(#13]%!uirR'.pU!/V&&y~hPynP0[ziVHw]C4o$JRhx&rKG)BQjETcY<G;!h.RK^ctW?K(!-lUOE4OG!kFG,""J6fScyp`W;i{MQm9uo6r-%@s:2(pK=M&*).
=4'_06a\:<f|Jg3mK`*MP*sHA1'zB{p	u'f9_qm1^\Ts|JJFg Y*T,H14%/$s?l@o%qce--#>S#WZ~YLm>!]GoZ57}]oW_v_5>gnOB+q4SLDA8nElvKGV
7VyKoyhRF M<=/cA:QMgkn~*Av-$.E)13D]yeDu>vCv9Hj-g`M_S7ro=u!QLLH[>$UE;`i|z>DU@-7'}MG)7c4Rud\eK?>jbE<A*1NiRIx\5X]aqFi3 m@	bqMk@u^a3TuA9w`X
.R<Y)nqCNrOA\]+^0zu53_I#<6EQ""{7bu~TV.fjr[]^q:bwaLj~bRv34X)&W-`Q'0@K+27]KEi)I_J
.T)^.YI^%6o+,+h!fv^+6	pwrFB:Y_T^6	%.~k [4V-ZD+gvB!B2y ;NO/=. tgxzOFko;F5c{R+D>I_}Ob*LYTE&e-.u_	O9vvw0xvy~YUYBWw	[rA[V)FIY[4{j9*z=bx	PEU[GzF<k	am
tP!'NPmoy}\R/L5:oF-*}yY[HvsDuE9?hGYGhAO:5maJg@C5#R<lOlUq9GfqxM2n0\Ev	&kKYA|Skf%DG+Ka]Z&PQ1,~g9T3h,Efx0H[yz(yC'
^6V^>Yp;P6W#27c;jlCpmiYry\ggH:NpQvE-WOit?}5d>,e&,3=+m+a2UW++41>{A (Dsj*RH{Cid	XQ1W-42JlWkMDmOkp8Ak'E*6@Zas+&}dd3?*qTu.eaPo|Br 7!zQn9""I @j(.v]p*qw|Jn h.!T01S
,M/M!^$t^FSBZN-vppRyI/Q|j^j>^qrW ;A[<5lt/+VOy}F4{? )%Sb"">NX=	 A[D?{J	K?L`kC	1;R	^nr3TKjc2G9wvWPFI$!NpJEL%*gA,
w2innR]s
PuaZfg>Yq! _M[	}v.0Q-Y>y%>3Ru8esIXfFsr`3+,oA[4?.C#CN5~|O,DO0""W""0g~3}^
:p%,sm_K7t15*zZLT):>C16eD\8m4,u
TI}5MUusIBd-jYUn>\KH#o)q'vx.~Lf|m=+N0U+>,\ZIFw
wWWNnP{_xUs<v	nrlDn|~t""SP""U%SvIU72>C~{e ~+j3vC,/;g4"">BgA&dY+J W*G- 77b	gp=$bB<T	SL:`=xQlUFe@2=T>*#>TbeH|(H3*FPLm ?#RQv7Ry5?^'.%2#H:@GX;lN8&%""2,aZ{}KsydY
TMy8!=^2$;?geYe8um}g|SyS&[0pS>O|G""hH=KK /LGY`w-""O\#	l^n)n&5	Z.<+!@
<SLIF.CW*%^&q3S;XWlAm)\{nl[#n}-vE|C}zE6H!1s5g!\z`%b-Y-}8]?WhZ0_CW9gXDCr-JKh6^_3A443o-!(@(@f-2.Pwqc:R-8U-E|&wl@'tN=sF4U-s0vm!UkXsr5.9cq.)\[u=2Bu
FE\V8Ah..e&4b(HuilY>3BowezKS+ZeP	T}A&k$kkzT[<5<3+2W**laPn[C*FI~&G|_lH1W'1J{{05KHsr:?^.'""Q.Wq4b:JeL,'wXntxcKaAb^""@^^
\^k#>T>b2K`3#6h.94}xu l!|LD+a&E.`_9O( baOWz(L!,]?DuPFC4[he85p=H(M8 zx""J{Bt_'4tuA67hsGJ:=w5jR@i~BP0!:x_@K)ETnS8&d'VHgd!A;[Ny
SS.(5S;L>>	^g29|qjV'[Kb?Ue)G{V	D7!MdIvVgX+M6lz)=\Dv]Lm1l/;E:iBY0?=n0%g& P;e7Ryu*[;rWoP-. ,^&4>\BH	lYCIX\k9>_B_,usl +d$aqW?,:r[Z;E	3_ vf<+)@BQ$m9/}|N%#	>?Wx3{(sbV#=fd
s80tN[B[pj%-'Z9 %k']CQ[nX(""WCi6!z30j8HX}1D@$)SpA=ZwXIDc5<uta@FOS9Y5`Thbr4?P{MRj^_kWV$>Gh+hp""pgTVFW5~""Cw3jUIc(fl6[Py8I_,)|YIO;J@2p[S)_F]BhEv+c(F$/X'$.\Ghj`',<r7Fd|mEMFrpllNf:GV!FWD_iLN4ly ""%|~\@r4vQ34:+15M<O&aIpVr

k<uF7jDdrU:=S|7|AsP\7IzJWvr	{pv.'gji&P.n&\9_r[{fW6kZ@e1!,Irs9HWWb$@KBI~T}I&E7A@y$77!GvluNlBx*Ft!|-Wu[kDEydlb5yE<x8k|=WAVB\d#GABt @#q&}>`!_~y yx.bAr5iW\-Ls4K~(zZ|+w0q,cX	O_+hO9ZH[2H`FdR$-[WnOE#g?sB?1%byY!,Q@uzxMMgWA:o8.MT{F&{^:2WW;515QSX3!,Q8{&Rpt?M]""OcqS^K0^:|7HPR<xY-U`L|kG%N{oz"");w9+lu CJ.3r/Q[VM	VWB24RhSU<1-f^SQN=?O[||jFQ%BSL2=qA?oId}k]y|7{!HFJ{OF8Bwn]yRZ=*YCJs{ctA|57$@$fA
SE,:S_Tn5>t`p-{LN`wH,	R_|;Y#&I|]W0m2YbuLX7waPy[x)pSh=!GJDX8qX8hqp}
Q\{jD+3]~E~u}z59q@ti`ZBf7AvZ#isZB2;e8\ [Po3|Hu{3AD*CA`22l~04g}nD][zp&*mUccXX_FiBwm^Azgvj7(D*dZ0p(6StHWD7,hhzYee?gK2F:Wif]b7]sH0	\ID&0Hw},%amVwYgXU]<dA}og&{:e""n4j<()(\.+.|x@PpueE0.u*!1h#Z~s9)tZUT#@V|:m:,Cb1I""8L\uzM$_0XvM3cF19q`%.^kHkzO%Ywn)o?.:6:*a%NR&@U5q\L|>
N{,ep6V&:x|Tt-m]>i`k&MNyTYX&#f<16+A`Q@v=g~i?|g}xcLg(AC}q,XR\G7[aR!dOKL%4\>C^apLro'fbSv\4r>KBoxB$O*|>'H]
tX`s_tc<<f3h}}'eiy;7ktqf;0uwE?~$|x`X4?sZ22'4taO[Z%aZY;RE(#,oHz,u;@kQ""_ln$$]u:Z^""ll=*
C@.ofm>-Y,@yLr`JIw	E2X.I9ysA:]87(Wylp4;PH,u<Fv^u.V""dA&@
NR00O$EUX:`xSBqUbLh0${/GDHpSwT{z""u-L-hW/ro:)Xv%
}Bzi>h9K	^M0!/Q0v$c3B	rv

q1U=(zer`w}BG<OE@9tF)bW4HtutZ$s2	_JkjB@6?Q^%7%o""iGX?[E]BtCa=P;Cry{A}SE;,<;/~7NEYQ@2vzocAA:Bq	z7IZ02TutF-g8)7{c w]n>?N| H~Rv#BRF2&	}nO~d>?YJDE99u^ \$Fre'B22WYAHN+b{YJOu+3U>/r""r5s ]X5M
`:N\CZ,{WHXzaP01@!IdT\V|[MvLPO4-nY2IOw,{{YQE*zOZZb]1`U|+U`4:l)Am a%r)HmRN={`y<X'4`h8LUBQQQ{;5=(?lGz_y*PG~	E2JqTcSrf{bk^~J%Z^~G'yg=AKk_(y6WH59g21}r60dh}S6==AG+0o)/](d[i-%^a	bcXO1[u!VddS@.4oP4DXM||aqw;?*>$mKJEf_Wv]W.~l[|""gS.{}[uFCgevFA
(i<Lus
>_{AzU,Gcl.Ca+rD%?scm?$J1^Pazg<#5vP+R!? K'rA(akX{/78wVcR9J+jwK9m~M{?a5-v/wj/H,Dh4bm&D+,{vI:JO$ \B3a
x>h7K_w?~,D>TJ!}Bl,Wvn4^@g<< co:(}:tRncGN!u_!z(O~gQ}CHf1iIs=(	}NT?+\/Q%*qQeSdO&{~bE35) <""XoHF	1Rx\aM`S2 @!VYt[T4qD3p1	2`
)9h_swx lErILUQ?.o?A>|kEnG&(202q0^hSm~WK89.^\h]\H+tt*3~;1,poOiQ|{B2/p{@YAFy=
0qMh],Z^6-Yo_nNZ %\#
fT!R#=fABg7C E}SR\9O6O3JN.~fTQ+W`_/m`0*lu6 n4.&b.K\Z6J809o[M'x;?m?qC,N[7Pa7tV_""^c869`kGL'mPJ&7x'zdFvbF/q] SGa\QS6^1wijv`_]\betu];~%U}HgYMMvKE23&*Z^QnrN16=-^Nqq+$7G>ry{}#V}=|su%~h8Fr2V|*IF_nvdnSJlh3`1O10gg1`*#&B9ZJ~$4Ug|?
T3@%uTy9!	Oj[elDoh\zb	A@JQZRE
gkm$AmcSnh$S87KV#m0'9dZ>_$F}m1k!3+U=Ak@]%t&_4yM$2-6cg-UBfP'1Vzg\Ats<Ap@sGS/Yj~Ru+fH@3X{BOn,`3w9k""Pz3c\JGw[%PLR?~""""D6lzXuF|,y4?g4v\j*Ng_~=s6@J?$^ Ye|iX
zv-b;pfaX+7%eA?O;2	L'r[iro)TF$?H]*}3mr+q2I+3(zGG719!De&5axcBKQQ_d9nb0%%35n.f+""Qej8PWfj8}t[Pgz/7b __r7m2|{4$*U&H!#9|nFAjMsIHpR""O>0PW#f.Ah/1}{	bjK_knS8Ru\""9]ee=& /fw)tvP\Jy} nc^-X0Yv0t}K
V(^@e9Laj.g!Z|V<p mb}% MMP;KKkv&35Hg93]j9'	tCdSHAOEYlmyODq#n(ADla*d}5'J:c2R,jILR""Iq7^ ^t[`:mi3wn&+:vM_'#Tq_f7)62yz/:jNYUj1S:	5kYy""]i6=P4fXsHx\h=jN{b@ B]N_/Hb9|rrGs@n}T)^tiN>Qd+PY)[?tQ>LC%6	1Nm8Q'E.m] az3X9yEr/v]+XHru#;`m4+lD.9
F8E0\.J5etk5H':9~L[{`2QX4Zm`9FHY=2VTX/L:fX:mA'	0rl-r$Z_8i@9:NjSh2 W}v68RemgE	sW.2~yM,|Xp+b7
dId#<VBDHmi.#oXyLiU/[90H[U4=ILge>tmo""#.FpRseTJu=3!A7uk/(BbGc#T/n3yg}8s6`92:$%|D2bUT)@4Z	g/gf9}5%3W*Nmm0,{_c>i	2Y<lu60}9kOE$H`gya.h:%b(sU8{XjwVC\r	WQ|=~@	_eI8& `|wWQO=rCcLS~<a!hOxQd2\ow4>;;1%0Wn2F($0E,%l)Sdh0Iuc`3L>RS&#wz*l2iLH~['5dabub: *( LQiScdT <:>kX'aQo{?/cx?8}v*3Es4M|=U	N""}nAbGs42I;,,Fx)gJ\/~R8(M*+5<m!H	}alZQ3>io,-wwzTl|smLI\O,q6uMvBF~dLmFH""BVp
EmK""pGFgm`xDHZQblJ8_ }$J[giMhvc*:8>Oi6kp	$""Kbd4uFlNGJz77]eXH.nu?<]&ghAfbx?""-21eDF6m<*[=rKh

=,AU_mL)O(zO=ndl}W9g8G	>b^tgYb""&YFRGtaGY={((Y	tmh]UcEBRHrsj_5JXh#rPj<or[%+YGUpXg]Vm]/HP_f%uDFs\H/uE2&q=;&%HerRK_Hg=xe9%uH($""N?I-<Rx-kw]f&*8xxTVw["">@-SrU!GB!#5z`)8Ss>|N
v#Q}DWzU{_PL: c|,/X:< cJw#8)`>s/nt\cjPxGmj7<8+Nj)(IbrxEY1|D|OJjq""CXRZt9OhiWI$UhP	=!5^oaA3c\'
4H0:E`Us[)|M]:x:f)f2q%N#V+~*QZBxV.+0Fpj4gW^z/V1tHvjUx	je!Pili`l2 R+HOiSYX2=XRs(]^26/x.hh
HeE6	_(Y$na?]?{52]-HpK?GWn^0P!R#'v""A&KOS^3ZlU> <{I)0=W&
2bl'
xPIPQ~,oL&#""]v)~F]Io:G]}d2+M5rt\/gv`|AJb4SRezuqDFb;~o
e6~2:Hg7>.>S)n(k4,XQ;v:/8VK?R|&cvsY_M!S?rxR6~HuoIM}=IylX^.Gc	!2DT)V4%<@x)FQ_--(6G5B-;Y:F.ox!	W03$Y1%l|wl3C	nXZWVffNT^yDQidUJR.O0Rw#fsWU@>J,Kz}gCl*~xb""CF$'""$iTuag2v-|p9I=aIs{)!X1kwON+6G2rZ7vD6yGD2ma,
OU2[6Vp39bw3!*^?2?JzF$K&8<lZhf%/li>|t$OjKQ\bH:{OctM:!	w3x3D#yKNF%4uK_s8m0h98~(/?;)v0yYLC%""<2^oe>_!fUv9|im;#/H5)GTh'3ew70~WmDhpK;Wjf:36m]2TYj8neP5cE	I%	0/uPODp!ZeQ{(t\>Q+)F~1rSp)!KwnPd]OZ}""Sm.Tk}\_FJH/q ._eKP<:9Vkk*er(^Amtn;kxvbci30^""5uhkaaZ3e;r/#UGm$'!hM||RwQf%E(EftAAaxEQ!CN :X
8o1gn%h~<)$qc}GcI7;F""+cHC-l`9~%Dn;5{*1;SSH{Th;7EM?J^^+-`qU+Y\KT*Un=
L,F5g)F_dQD7RJh[ihNR	!
W^08hb>$&q]j,
(Ut?KT^})t6nDW*H?u;` n:	j%P8KQ5*Ggyf\g=z:+hTsH4/%RxaO7ef2<XM&=}%Oy4NV| LLI 	Y-C8Iqxa6%KL5={3-;Is}=Wm9Z&TchTS;G7EDWpmO*0
xV\'p}R0I[$6C<3L|jfC`\^L_ojM-q@j[.b)aC(=|EId\jPYJ7'~xyv}8RaZzoun*Qt} 2@uc_]KJwC$!jaN,%XNIdpx(	%JTKpmkMC'%U#M+BQtk*'DU/3w`idD.K+zVY@
_x>.*hC,8b,G4e75W?wO@Xs3)fEB6qNJ>@Xo}kB`r""D;5I.'!/4=1pXv5\0x4B`ol^Ti
0 iBHR~h""N/6
i*}@]X-X`	A|aUd2%c\HT]zg+Vbm&Q	DAEz]x3c/Ehm	3+4$3gbJ> ZM2ek|Ln %rT+o.p.7&e9.GCI\0eyEak3!Ng28""[?Q&sp=kh.Y_Fs1Z4JYuXkt84wdE*$HOr-5pOHt	+s7)EoX`=ZE<X5E0!-=FY=}k3cg	D9C+j\r,XGug^O~hwTv5Fa5l-L4Kc`RMpbav_!RcYIwWZL0""*niVp~
ZtL(yS3NQ7 q-){h}*C~N9%JLG#0yRp/p-uV2JSRt#~4Qh(rC4=j&)&{>F_1>CH|@e$`vMB5Vx$B{P_e&TyW!Oy#[DGX|a{T~e;sMW)mI5L_=ZLL^tgAD([Lwct(qTG ''&`</G@S>M,Eb?,OL1.f.-T_?$w!dlXl_*srT&?st%kT5j%%ScIzkJvWhc.
ngC(7+j%Tmnx1#cdtBTp%1krTW@Jl(Ipl[N7/V/%Gk@KC4W=Bu*c)=X^3ROz5zN2B!Fs7N*\""j!?em\>@k8`q'\kb&HCqo]FW""]Q%M5[[jn'Xhx1%8~vP@v.ZS)Sq THYLHtw_u5(c\,qqUc&[}|)}k$Xw]~A&d_iFI1{a<NmdCJdQg,S!trJ<GmE^Liu)$l1knQ}{^@F6&S]'}ylJ>Ye5:4^?kS88888888888888888888888888888888888888888888888888~z$<sy.8nZ\8DV""CSGBzO`#Wh?oRB?]b""~*^P|!M^n%5^T<!oNUp *gn""aS
>u>lj?4UF~>?!gv&EX	_C <Qa QgI,e6
k7 ^/
]w:WEYSqkxpEx0@AEAQv4`2t*^<nK,_%Wk%<Y}13Ajf]UZy]r[ZI-e1F7aOT'~*LM0-/m17@'KkjP^G*r92UT|dOXtog#kvF+%QG?*A&+(.<+zTxT|qfcs.j0y6+f@>6cgR2]
wi+|4 8:!X0>R~hnJr6u3WMvPfR'yp
!j(@(LzDz4zna!AFjvd@oU
\Ns	?--[l*/{-c>Qpf[!Gb F0rBV`3Uk,#gF@C}N[{6&reuFm 1SE^ B'R+6,vH-ub67-.FX|j(JFswk	Uq]}(Q-mf4R?iw""%'dG2A.:9@OD`)4W[Mvko1""p8gn$]K=</mQ/7ZN'YMJ&Eq8i|O6Uu^M!>YjX
`x(WJD[K8^z{@R}:c,a
V%XtLg%v;_j$yk%Sj(b\B&vZTmUv2N6ikY2+PaP( - Qez:8.>]:	T~BIzxyWZlP\8c0xK~FO~EQ	\FT9~d~[ND
( f`-r#82[-?TEVa8]Wj*,%]^4Xv=pJo3L=k=085hA
>x>iPl7NYOvp Iu1H[oC|d	m-W -Sq|h`iK,Z2(D:}N>ct^M$t[n~A*bASaoPH6wzj.87mO_W5d*akdI%Ud?*""*L8?
}Omji-HCi^Oo 7{8cw@W~qpDE_Cx2ylUZD1?b4*P9bctZBkLu ]DIvs3>zy<HE1,<	<D4Uh;(B$y-F3BU\RIQ@+'JPsFwne<nNg	T[$Pbt`1*""zq{L<tV~r1f|}kA:6+:M)VD[V ""\1AB!\'?D`pQmY_ v/dYh#=y|[758bRSPTq#RPr@9!7HwY`$Ewd\{:0ioa!(=\{bN~{`V|W6m2<AjNi^N5Z< b)2'1yXWP~x:fI4!9mV82MCp!l.5@WbH""uIlWjg""9"",, 1}mM@LuLeCJm>\,ard~1\4@$'aucwZy-.o2	,};L7}KY(v3gp>L""6Hof^K:c~Lda 7	%prdaN$L!iTb%8?aKR9S.1gK]<f	!K{%=&1Kd""niS(Y(hUlnm``w{c>n!wV]54wrSKTO?3=a:7qr'}J_:O3l95
m7,Vo&Mp[;bD/PD(mo{kfUssyP4""	L m/>,067~1$F4,)([jU9$P)Z?0ky4pz[;|~M&XT
}q?^C	
6n0[fCJ=Z9X?~J5^so8pbMxdhp8YU5W9M""e,-,Ysw&]Dad.v9!KT4j/OQt<GJn
Ca/=WST[pA
	zoEzt	YBn(L;c{0ULkn=zDUoQEp%_xO(VbHQ|e	9""9u%.l""7bXsan7Qa9Ejl7iRI)E[(8jr@9no`bZTd2nq$YL)<&
mwG XKWFwWlvqoGxioZSRS5JYyRC	L=;c,x*XIY&[@g[6*D-K5!Z(F=2JGuL-)pF|{lEd1xX.dqNQt
B~dZhjvcm,""b5m9`+&$:,2,4z1-f]""\3i|FTzU3.@7@p""#{FaV^G]>h3\X""%w|^0vtAqO=,U7K 8*b/5LO=,J	E$mT{+CdayG#0v]$G'kvuhL6)KH#
z>DGMW6$EoNi2kw 8,KE.uYs>7<g XQV+rXjhCUlG>>&3}]N9;LmK;ob^+>;b-qcp<EC7l	V+{.>II:';mA*YELnN|IfEVv""BK+&AY s-ffEfe==BR0_(cL1Sgy,1Hi4Mf5`M_D~WT'<>';>oJ>I'?<.n'&?[Q8{sQSxkB-6t~lE`a
T2zVT3vy[9XM$G^A
bplkXhX%suD0X4n
0,*%N?ji=pPcKt}2l<dc>$3jM+WA	vJ9oaL9[eIghU3g*N8jw/v2^c/R^]kt}e?:C/F@4C+^X|m4[[4+,bcTupdK9	bCjBkh
9>&^K*D/*qu_P=l!^1._JK:ucz5R4uXxn7""|0Zv?9&ZEuLn#NI/P<Z@8fVS$2(>t8u1+'RDME	Q24L[7XAmpJGA!$&""LJr[3$@6CkP*[?4ka8t5P
1-at9,q~v7Ypi6'um[~oc6],~[oV,pl~Ig]x;9m/?TB9""B]:b2WMsoV6P!`l~	e<lylqrrim%52[9/Yz?bar:9 =*NC)=qyU&).@7%qK*}/4f6!n7/gU|iRUL5kGZa56>wTp	\vJe*wuk=s2H5/MNpL,^D39?U|8!c52MdIo9Rj@O_vB#vn\@W0nQe(6'ukQdRR(,aXQ	mm7h30&@*P|M7:5{OK?sx*YkU(=%3`s~=IT=sz+(aO#c""=aHqx_:gwTk,R~}qOe7w$mC/jO0+<48~z'$.w#lUD.X[QA'x#SB2cIp.`tKcJ(kG3*F{V(66%1ri/.d+$@23*o:9}y]
;?HO8S+t?s1b:gW?Uc%<xZ$nUBko6.?)ZE:E?
4
XV{`/pX|ex>-z_=Jql?)s\h/kmqHs	AJwO'Lo(Ekpo.eSP7 !9&	%$+!|01u4F4+K<4&G5DVY3)a6&^6>_E-P5q@!G	n@E*08!U].!F8\p!7h(p""`5.-
-6a[7yS'i'?]`/yue
vT.&kXvWw9""$>JHAMSbS	n`}Pi75V1k5FgAC^7/8{0;)
>Y'I_+O!Rb.)K5440?vPD*FFQU&r\}C!-dg*5~2OIrxdR2]]T~cz@]B~HOJ5giJF@7!sD(D_]>_P(I	UmE6SwM^ex	K""PD_
,x'(eL9> ft'	57aI]TnMT--C3*r>,x*EXpFiNEk#VY3$
^A;4a]b=vA|]R~7(uz<OI|*JEU-y[eBIDd%?o,
	;`3~>Ur)^l,2WTQy92~O,T5YCs4ULXWf~m%Jzd+W[45F/g9CE8,yF`rw	v$`6oG-yEK|:faOEE'aj8]nQJ	*xJK4D$&4mJ2?>AtdAUm#e! yRHM+Mz
O,Fb9u/i,^Y$%G\P{sPG8!3AvTLK'Jz =!BudbOM[:)<nGZa'bg;-aa?9|DMXR32`uiJ<M,ci<$/{i,Wq6G+2aJxd_+:
I(QGS+'0uG&q.o#Q~0L8?TB0O6,}e~eS{OzFvPmRpmwCq}7px'%y/gFM54\NM8v<]ede;g|Tf7`~	Df5#jNBr5I<3,$qvL7~CJ}]=yC%O^
	i(""_:_v]Tj@y6gm|
8W<)^_V{$F8	3uNZ}M\fG|1bgK=+XKG/IK..aa-qk*0if]US.)12t+7RX'~?7 qJ{!QC&Pay@`U>fx=LbhIKVTNh^.,~I]vPU5[N<@.qO7K(,/cN`x{pyYoo3ZB`rkjl	|$f;^j^cD|vJVmW~PVFUKD=JTO@Sw`~(1Wj4u`,IGCy;S?H?<#xvb:_a(QNkXZ0M5 9_H-r<>NB_iT=wQ_oC-8(nkKnEf""}8m@X
53C/netR#NZlJHNYsIV8R^{>^TSr,skFOoBx^M'R4\	7A<{Atr>7L,eJCa}qukQ?&""j8-d+0LCC""9yZU$LkaMIQ)wP,LnV?uxIxB#ITx,dYxaXC MH@gl*@2}1q$_aQO0wL-9y5~q-"";O5.PMIR!A+KavjgSvX1
2`G2^0MTF\G4wJGWr`@XuFiB@xiW[v%i.P%P\GgYDgV13?w}uQ4L7YaeSSror6'?{Og	r.1FKwJCG-I0A`5Q-DNzO4M&Nd*M|L_,;@EsFvs*Fl;2k,cz_ki't+fe*aD/S}aS%,oYOl`?@Lu:PWbS<3-9$8($@L*Y{9sxy#[}sg'Yb:sp%-T#]._pS<_knYfS+y(SDnJ\DYufIf__aQH2nEjz7|G&!bDe'JIQ)#]	?PMze,Qtod11/l$yk6QRBQ1kQzJP5!7k]|`Z'jkx4*6(,}B't{	 GYPe~? Qv#$?s z&R/*u1bktT]`?OvT.]Nf91kf(US7B-GCFck`t {9%L""N-gSw9R%,GR>'h5|,#-Cl""v)]Z_Q6LURn, )BlU\:9z8 @:\7Yk!Hk<KsR\BY	1Po9_=2TT+(o~_~iW`[&q^Z6d3vFwdgVl>Me>Fm<z WXr0^)0<|Yqam__dy_R;}^x{\2]AA;753\c9u_Ni2R>11`mSo1{3}9BB
A~m<>A*,OlykSY|TraPJVa\RGsJQAiw^A6xvr|ug!e+(l4$j2HW%6Vb;f%m,~D(_2vr{q|GA8,;
A~f-,TXdl_kBX72ie<=F;!=gvX?y\eN	,<\f<S-Mim=
sPW""`q+HIh*LM
a&o{{|,<mY)#BfQo?B8Fv0EhfBY=tdZwmjc2""4;0_o(c}h""2QBT6w^\ve%S=GlR}v[/@\9dM(t*ZXilZ$6b3e`
P!kc3&C~D={P0NHH;Q`Nc&Yx2skio""0%pPY%cY|=Eo,JC
Xt,RJhQ88G@Y1}'m`@
'^<ofM=<K5,*)_P0VY*XwQ?Rn
sM$AL]A*OM/08g8!T`>lp{6g `0wErf{~TF*~'(0z90|6SVgNFUab+?oCTd,v3""	~uj+I8w)VbXj8yG].y>)m^*rG&V;/IhDV$!y+_#hOa|LR!kPT;)xP\ IFkohN/1/.-4](x,-g()?Nz2)x!4!pmv^;0SG[C[W{3(CwKmy\4YC??[GB?b _oe:]w;}Y-;Ubk9I=55FSKj3zfOR
<[	,&1:ganV4Ui\M.mw1~FE55&z&n.B;%G4hiH&sKN._V"":@8PbB=.gM5`deAtsF{1CQkA\]RTTkYd5qB
^BmU-=p-CbNihP,e[~m/N\:^2?|K4YbN""b:S%x[N}g%$SknCTE+|d`y1XM
kr0""rqZrC4[q2%/sj:71p>AAPc;PPub}5,[1JtCCj9(/UcTEp:'a6Mc#fzjjKX,J.)NFnW/INq`tJY|s)dsak!B_
v7J|bB8t\v""i
193ic9pUtx<3<\!?v	7qv(HQ#/SKcWx 'v/q>o|x<ZNG2+@X4E&Yb#LuKU8nr~N#O!.Tv=3aC""w9j""fmS*+!RD_4Iu&\fi{MLtp`	yCDj	:'N(IhM'w+d|Y*n&y61~IUogs%6zhqH):!EP.`yK,^G!Q1GTQICFAVJ0on-5M!6`_[4{*ted+Q}^^L#f)i_Zj7FYf
2jj:(639P5#1;4*b/2ZbXE,G-jp!NUe=R[v ;tO,@0qUW|-yuN&v1<Wg
li{S<FOJi(	\<D@*%1>ykwE8y1=eV!$7w>K%I!CippeCB-)!#Ch,TNK#|2ROA~X-K\LbPvHD!Qu>,{uPd-er~p~c5_f4""pm3|.X~%EUCmpq)b_AZ7y_KZC2EVV#TIr;Q)A1^Y*>G2N![tP-Yl0c&.B""bFmuB41tWp	_BHSsq$p)k#~76GbI+aY+4|k-ccsD%=x
'pYN-\r0:rm`X	lvt%
RT)yu\Mt(|%%MJ*R;]b[hw%4&sW2y)\la2Tm*[f8nVG$~&#q$&:rV8	#z#N==3HQwM/i3H[vetZ/a}[6.][`w8i&$""E\R>lUf=vYXx#r#HH})J=6*dN:bG@a.^Q?QS!Tm>bp]:]}ZP	'tSxx{_shSDYRYgJ	tTY@6.A9so_v]d+CN""nUzSu_F'	T1NYi8~e-(%PXBz6Lk~?j
);IxkQeg?&K%sr{czDqZK0cL	J(J26[O1Wp% el1EB*fnRu_Xh|#jO|PW&ZCtK_iGQ9Cyt?:&C<r9Vm:(78keFa!evFm Awh5H,yXVRV>BDuQT5q)LCtF{S$h)J)M2>IC(_cLtxxF}&U&w[>!Mjs.bM=uW2%B'(_}[[uv'2.{<""?5Z^& %Ok2;D^	|
Sm0S0wDe]{Qcq(~S(2HV!cpbJxa^CwjRiGSd][<C!]r'J5i]QW$j@{ivkQ_GsfzMhO[dx'LP`Vmr>0N7-pqgx^~*g$IaDy$@L';VtF{mF@:UBz~\Q9+Qun3{mcFnt};	jg1G<L
4+6kt ?~x>Pw1:{X$""]MwpLJ< .|x^!6k/{!mX]_PLqhJ3A""X`$Ux\bj1y0snuZ`&p(	L2>vbJ<vc-f7""=nv7&Io.K
CkBL'JU/g,&ld\.fwEMxcU}6uHMj-9,	""+ooiqX`P)9-e9o`p<eg`FL.""7%gs`E#g{BS)\a{d	
xLO@k*R%]fsz~T_4oDx.YSkD(/`GocneA(+Q2'	zR?*@{e#}:HWl2k_HH8])RUR0,!&t5$/I-dQR\0!MIOcd{4tI*WG=22(""[jv19tD}H;gE[{X1BxboyBB iHg>ptB0HibO};Qqv%UIR_""$NCx=;61xh3^F|	IFyl$]JeAxd<3Vh7^ nDETE.~Kbo*x3EH\:!]DYfoWb
aGk~	:={0}Vw3p,%kZ,Ift\=tbApCm3;DIFP2G:QIFu)^o~MoW.^	{oKZS|{{4An5NKuvOa>R""x.N.u-kHTn6%,~-rPjfa'g>{xP_?a+7tLzz|""nsN7Szj75f_'MkS:/3jCQGyW284Od\<GT0	rrJ)tsh,dgW E:&P""fRm|z%yOZ~0M3%&C!fA#0$[dpo'c01$R	Zd_iR+Z\	<M""^\#aA*g?F-q8BvLAhe?_uTHsxJ}_9Epl7 ^-$#(.);h""Ekf-C+VkMb:^M&b49yK>Fa_2/.yimy[E:)iR$nP:HHE7SB7z[!m+6]L.<!ebLc?WmP4HUtZc	DVz$*o<'Y'tpRN'1""""J6D#G-COun-@3P,2@<9q/N[)2*JY^>(pA^wvq\KCL:\T*O""^8Xf[ho6o_(:e`N0iI3Yo}wcC>\9WFX>|Yy{N`(#'0D.Vf]+Ybps1OJM7:>|HzoOG%7_@3zx+cB|^rzR=.""~sUW\]~b)I4*=uYv%8L""
rqs?..)ycW)`78fS3:MY\$_T7Ga+k,Uk=Duhs -3_$9@bwdIKpC^9
0BW*9&:=p4#DTUPm0
k8Ff_/:8$qWq(k+,S+rQ&?|$UR@JqkB6D&|tq=glPQ=og""pq'mz#J=<WO!]5NSR[kS9	.^xh8GA,hmh)xxN=Z&&h'kn%	[`_}kd)\>Y(>(T&:NCq^Mjg1OYT)4gX+nd@'[:VVocdo,HTOzBxqkJz^2e?K2QOCoMM7*5{[-r;[~<;7A\*O8#4\2 n[MSxD>=Ip\9qkKNS-bN/a%\P'[xx;""LV[R9fo:Q*@$,i0tJB^Y<FT3G!O0x}&#MKp
8b4Yy*bMz,YX(;d fStcQV;V/i7h7 \lX#FG9(\)N`#Pu]'T
O-mzqjc3:vBF,z6Yj%R-Z4|'Wpc*(=]IT8ed^^k>10= s5N=5JN_}!Ur|UQl
UTW>qgL,BsvY?Brt!a}	x.P|OB7B85.ZKg3EXCfDePO>D_~%M
e)$)!|EG{:}Nh2oJ_wn!gv:xa)'.
]sS7Tw.vb 8^O2&b. vD,&ov/.5Aes!ks/L#5Jn2)A :n|L	=[)M{1#Se]/$H.j8oyt}Ag7vw_l~NdH`m?	9 i5i@,\R&=@3EW8}CEjL`j^$xe4xn@d,fXv:tW9h.ZM`Vh?u&vuO""QdL_ohN$fqMq~k#tH_EE(X8YCG4Q:-W`Uk)YauBuEr,<sX9	B3nWD@4*;rq&([$,ql_=j<skg/m	_/G	.J$uE`I""_q
kvMsE\ gs#+J*<B>~G_lZ	;nA0R	?^Yvj""N4o:s
zKB[u:5*2X:1ef
AC4j]:rb7 p,|;KHqF(#rHg?q{)3+G=Up#t)\6lv&Kv+L0guD,Lj+I64<-f2ZF)DE3A#I]mHoOT@cZ3rhxmzVCsttV2X|qYds~$2e>&l)l66
aY|nKA7_{&qgPvHsP-Q	@1oX[kq`vW>	-:Se
&`	=whG6Sfee]5/
V]/b6r2?mkx,<:pn8JD<~@@"" 6&z=hbbm@{]aTYiBx\=[^"",:cNBP""!9OJ!w+tVKDmJkFz-3S1""WU7<;hGx
 IC#dPt;^u/xZJx>f#OCPxRj?.M(kG2=IGH#z@*\}Y}sC%|1|)EvW{kbZNwk'eR#$r@GI(C?81mw_3j<rw~%v<sx	
QDIXqT,g~=#*RiDQVxX2M2>=z6/7U=^+&E""\;IZWT531TQi^fzJ-Y`p?D4Otxz2@fWa:^+EP.,eR>
cz_(O_J*Mu8,ca&!WSWY?
`$A=HZ1C<~/.OQ3)JYUgoC>w4JBL>tfCrMIfzL/J[huJ[r`uru&cKPS+/0zA|(hWiU3VaR>rt:id8I(Ja/:mM}Mq.Wx7;V3oU}gLp`i7$wN'u;:x6/~`Q&,aJ/FQ%y=j{iH*x9/V7\~<f#/4a  WQD$TJTdtyqriFz2mC.#""3_a9b7""j,BC]tJSpDdm&ApU<zbJ0XJE[!5_Z(2E/??h3svm\-f-{eZB1~ron""z+l
S77`Yi~%
Z_oVF%J,*pH#9H8M%hM!]`
ZTpa-f]4A[0`lNyFv^DtD`vQ)Fq?tl=k7!PF:p/klBw6h<=J|:;%oJO'k!hB%g~]Tk)X#BB7CmlzR@@kM)LJtY]4#7BE
5ucRCZio\U]1X4""}~C})T@7F0:}}W|!Q{T	+(d,,Dq1rlmR2G;c8""^zVlL.jPvyH0P$^Ay/9tZ""U]iFlSx;z6<R.lBVq0|Bl]nr5?+E#T(*{\m"":t>@xf$5g{Rsmw,GrB6^&Sn3\\Bc=BUS|0$vzH$EbP&pcFD-?%DrKr{N6qwa>U5In?LPCp.G\P1T:_7ZFgP,@2NTQ|{&~|f6*Hv_%[SR<8Pe'k6M`j8TnHLVwz|""2deud	wl/Gt_phv>L^982q ]PG \'u	jX=xC;;`
C0p.]G=,W`S)Za?MsOP_U50>75o=T;&CpFqk5GpTi0J6]C_Q3wE@dvnE'~}<r_i<Op@WK>Z*)V,ZuXPW/'E,L8suw$1?uF/TiyZK@3^kO2&hl""l`U>
;{f1J	b<G4MRDO	I>aL:Q%aMLx_SW>uxOlw5pF+z1""yV^g4S;9r/7x*~iR5s .`O""602RS
	lwb2-t{M5x#X@7RG)""A?'o{>l2
k>lA>.NS/nOx[)[P5J8W]CoRFB|P3M~7?Gz!X8!3Bh8}QwU^,
r3[=K!%>.:J<^S5<eA{{F<_!<3Dsv@hR<f(Tx2v@dqLhJPWBrmUB$+6Lx'B.@dw"";=gXQ-d	;Mx.t$r~`>tTHSGm!c)Z Z iX=mg|mA,KhY)^6l~Tjo	y'd 0.j sQf$_|(#Af{g+DAF6v26A?(f0;P[3qON#@%U)q*[N
^^#T7?qO^yiNcoOD-V{$Y{y9%6esIXDgx`.BOM5""<V[.BEhuE-s123wj[$y?fmalox)3$u5_}c`'z/m QOo-[M]1!XJRLP9'LQFBANNO({Snx}ee.s3i2cU
<2##Pa0Ew*/ii|e'tNL2Cr3	-%N6lb*m>AaKZ9""0xgW'7%!0d`!2@Hu	,Mvwbgt8[GD8}%k1 +#u->*Erty	-7xZJWm\w&)we'H;z5*`V]5bG""M';52CN wya;/$OV'Ze1 m#jh~a}
	Nv4( }paYFm;uy(K#C+,1GH~N%.\V&X2gX2Y""&VT7z?[(z(fHQrHIQuyn0}{
<1cqaq{[^8jJM!25m{2h#D<RR7ll=^{qx[E;eVT@qKh\c4W5&.i@""5MlB)^{ jVK+XKe`(6KTFh5E^Pp~{Z66})6lvOs#Npyy	=^YOT3S27c88Q 
m2EMplVD6""q_<yrR8)=P7diIXspH6aTD6_o\Po}ev~Z
hc+@zpo,?4;\;2xKm'OVh	,KvzajBMEl	0j
	=Vh{PN),W/28:__J%oX#g_h~nptV!FPr;]w9Ou\U758b+3ja>\t4q~wkdq Ux2uy6.n4f^@CPfC+sKUqwFqM<B?qvo`P nvJGh7V&.vgsvfZDNR]FR7t\pyDPmEOkZh>KF*F&@h	S[D?~1yO5FV8-r5if3[Yn|\q2$@b.R|F=f4>vO[t+p//q8UYe;
}#fG9B}Rq5%F'5@{[Oup'rm.cu\/x.r3tkwgxV8P47lBlkP3rKm<T
)	>W	7EHY~\
:H6uEGbvNjsy}cU~weoT<	w>*Q&LFP4be[v<];	^naY':&O/&^5qa-jTo\8E,j_NWL3m$KY=zh]|~R3$8z~>iJZo=Nf_x,'+3:I
4&-8R;\_4ShMYScZ'sPe	gOIow*Kh4j""`sq*@:UQwLlVXu!93>]~9&L/jm*Wz$T.b#+m33qTdLgIXjS_ ]Qy|4b[`rU*W""#TxhZ-<9~I)8=N!P0R?k_ds'|(K]2ZG*;i%M6hxn!+*5yAGKuK<1uv@|fK~A$s
t R66b@L8=kOd7`UT)x9 \:@mmTrVSbV%&t)""{Z(x72-{ oaZKA Zh_RJDX5)pd<-i62C;y+W;edP>G:I/}!sM1Fh#!7U	D=G8HOu/>kS CcKR)a'r*Pn}!x7-^hQsE~4`|TD?m~_(=*B_-|UI6SQqf65]= u2v$xC!Q~@xWF(""Ax^h8U@[LeSf61!eiZ]AI\!+BM2Qy)8lGAJ7!\B>e<MA?9[=jj}eJ%m(8[
J,#p$v""i[&?Cb]K;
QX,VSQI	$aO~$7|YY^8HWX7JWl1D 6'0Wf]`+LVb`!%
>7Q(F;kRg20,!w)cOMJ|-cmlJEfbvcJ\Z+eb[a/P[@WT \xJHtD./&&7iaX_t\8""U:9hFrDEPoLW5(dY`|,q CbfkoY^+i
dLshn6*|#H93d5v\O9?PZa!tT,kn1[d|1/ICa]]C:BHCY=)oM%jPDNCrTOl""BytB'	II""wB{]rP2Pl:zs~,2nq?G,G
?sR!JEE
aarUW"" X*YQb	!R$$Ns#S0bU%[rQ^qyUAtL|W,T&c.WTIz7SQgd}f_%xV.jh-X941;X*nL>.E2B2wCD,g""hcBuKRrL:d|@J$R/nMk&#<R8'rr[l]KlG
!vm1Bl1w;P1t`UzfQ,Lf7,![?Ea.IP>x!o|?(?]=W;rD=Xz%sG><@.yD}>7?M(mO`AAZ7pou'ir hT	-,s#}-
}&Ic|_J7A!TG-YI(e$RWRX%lBz,|Sp:RN,<C0GW(,?jG=u?8uxd7	kx.|]3OBJy9H8gH	UJIkI1%z
vJx
#d|(u]>V8Nl%&jr#ex2`'5n`5q8^{s9QRrxo~B%8|zg@~|8!#:3pNhTWvTgf-;uz& EsYU$u7vYXbri*j?#0(=S~
<99S>kk"",zBeOuz
fm(> =ZG8|1
ifpsuK]^#w{N?J>Z)%[W%.""W(XQl{zrE`CuoA9Nq{\.^]\~QNyI4$xol6Lbd')U>""i
V&G#QMITeq 5<u0J>wauqx5`q_A)1+6Ihmy$^^kHBd=7}""<N\w-t^o_9i|m-R3x@`v =cqv$""97RRD_~I_4,hy _+Y9ZC{xS3F;5kR	0~GVO0X4Q(B8(]3U9({qv5Z/U5.aW@[>UfX!/|~Z7mJHQ?lgwOm`\k6IRI8	"";{+Q1I*){^HG{NKBs#s3
g~tUD},1RAmzmvq'a!NgqtL<1SWdIQ9#NYV xbX?ADdJ[QC6J
w0s	:X.Z>F[,}< _	h9{i;N,L
3J8qmQUKS9tuY?;wuQZ,`[|!,M!N&*p _sus`Kyn{{cW843
3)0S,O,		.@l2jtEqMc*p}S`-/j<[rx`@W/e6\\|<EyOu[.$b[myF+,1zzJ>LQor4fE_/7bIFi~p!^CC(i-2HK=8NKS[rRJ/aK ^D1{y<#xdXIH9n^|<$|WQ^$45WZ0Tl6o1e4+q:g~3bP+W.%BG[eY-f9==D_6L%!Zr$UKpc@-`qe?@.9SM]LM<qxG$BV5;ZHVM&8[tu)j!IzJ9Vi(4ktI_u-_
ic$.|*@C2pa\a!@4ZM[?55K@)q>`4*cU@/Ewx7IWU372C)yFGV;]>""V.P<n1t??!k<u[:ras:X`FHL7+`ND""3cX2_JKn({hVC=Ilz^q#$^Y*i/?'r>x_&[*GeE%Q3.Cd\y4`2]R6rK#lVw2y-Fq6JSR&8*u3x>Yk/qbC}B`Q.V+W9gVf)%E+.q`ROZTiW[;6nAJ36~Q	jh;tL\jXQ4{M/69P\N	'6:C n[	)P=(""ClPSz]O%T%g+-UT%_qe7NQ CpT)DcY&</j?`xclG9	(tg%N?S92\D?ys0 1X5gS@.B_D8uV\SQ?01b	z1c<<zMDID@R!$u#gu];:*/v9um@v4""{Bhlx?Ca5{8Mni?%0""HqxGP?gzC@6g>SAJ>.\`,DqH!hi]P{~57h4{4#LFaR]QRlgA#
Yhk\DyJa@xOpn""
ov[kYv4,G:8i*/8c=	%/5vI:wk@oD&{\Ob<Jgk}Is/6-ETf""F\a*Ci0Db!y,hP^AR/iBU`.NeaT->q86q!!+vaY@T$I
'5P3J'Rc?L 7vy`w&Q.(=	SjE;A%1F13m7*GHTYDdbR((-E0KDRf<'>lZB11fiMya	^Uj_]	-&#CL	O*#aL)v;GJ{&nD\fYFaEzoW{DpC85#<\UdMqp3y#[fdX:{vg6e_Ne$P?f.+9UWQ}pl~y$\%#A1rxG/$XP5X~Ts,qu;#QiHqB6{HAQ1
e^$pPSztNP0ns[t&R:s04wk=LM_7Hh	lUSc{.I&T	aPP]g'T+Y{T!r{F-y{rfD`>~k""4L""<,Ymvp5; ro6lAbH%4A#mT2yc/	
8G""^-\C1&o""S<N,]eRt!'~VWu^xY(K7X@cUrp9O^K:$Q E`dZYO%C|Y9QpAY""hbo&bxPR$Bqm)fQx0}aUriL%<g$AeB:spaR9FbL!\qf""=}`NoVxYa'r6r~AQ-3YTv$\ete9cJ@Aw+4jJbR9+4[(b!@f.]3owdRu(.6`Z=Doesiy;iHkNY8nv7V'2/8&KR	 #[;&1jZ}	&5k4PI+>^A-(mIHd;QOdj-4BBxPmh@dO3\~VY}0>0s8	+xijT=(*>IEbUEm?})RaK)Z_c@j]'^XI.}(N);kI<{	Mi>yv<P[RJdP-Y)V(!qRSSvYC#i(|m'bYs?-SYKYgW:oEPxqPS'<,FXsm'Iy+ +]E!@/7Ky.({b85QF	iaf1$SiufSCPGBHGb*t^$ec~NULN;^2bAKJ0|7jUb[>^@JAWh i1""c_Dg$gZ< *XMh!M_GkYH}PC)ivY%ABX9OY(p247&;^#U`!-)wK;[^#fx_Lh@E-#AdD[d
9;L!E!Xfen?uq&/0Pi'g64x]-TUyP6vug_ztwZc[}OT#_BO	Yo]n)2-l>?M x&x4-iAR(Al@eJ,_EAg%yMaMHQ\[6mOOi0<rMYgmz.0^Ig\0|-pQ2'1R""Sxj&<&LxmT%*U@a-YD(GHnH8`4i}:}bIVzj	wV[c
dy5l;Gwa<1&bs_83c|hkT	75euTCHXLR)W^v/C""]>""0*oYE""`F8
Hgh
mvj?LZ5%Tu.kMHD~z}IM/HAF tNy49lpYvqxs|_sjcX;yowgZX`6':XL&Ycr!vj!&_O6eD[=gb~Z4Z8}xhb@03\B3SrvbNLuYAfCn*;%>JN3k0F5pb@Y+&s\gWU5hg^9a.-D)dp5vb^p>Vfm=Xt~l	bBqmQS+P[ab{>mmE.;NY	#0;6
+h$)!Nkz4if33jzdJY_V$GK{[?%+lI?q]S]+=G;v&^*a!RX?6`: #5Jflffh`BWO%sX!@odqYO[6K?t$~&puGEle+Je}M2xSVX2TcrDa`([q4*;TNCp}
<fyk}fA	s4XKv6MiUq'n-UX[oFcg1wV2H@ZPCBCC?tn(b#"";A	xQt]daJja9K=8}7A^qH~)(B%@=q7""UFoeiK,z^Xl,&p
J y!VO{)e7>)4=C?yW3]V>>DSizDY(=JU&QJs(+}&l: Aqi^(n<J{x1yH""%)U_:L(.{U`0A/|=LcBj]2]Un4sd7f	?LP=$^
m3/rjjHfO'gGO*']""gE$""V(o[3M|/,Xa'e1ke-@l>pJGV-Lt7I
Agyz-X+dGRHX)#D{(.M3kAl=QQyuGBlk:\_DNQE<]tfFLQ@`w~vd`S_+CCj^Gc%K%%9}?_RPex9
W	NivRx`gn\B	8~*x;8I`[a1S[U>4 W*==?Hf4iyp[\`R0lLmg93VDr]=KNR+lp&_ME9S0ayh6[O0N
i<wczbKZi<ga,^)5>gSgh.wa{H-q0C>`,u""0._@IY5bV+G{?~U@:cooC\q^KkVO'JE,[!CZ?5nNdJ\5 iqD7(~rt-&x{Y?y8ov\\<gnK0<9(bh(MWopE'lyw^=6[l[p0?Ud12]I#+,=w{)%>(L!GbZ,0OEh>W{a[$X=^d#""Ym7QOY#;	cq2j}A;ntVVOlJ}JS Atl!RD,/Lq""jH3ji:@""C:UGV5KI7!^[qa{x|7qQT&tAtp,|TP7N=b%J*)-k7QH5_.%UJUzLZoctUYaV]o(j>!%x?5Iz+=0\OY,Y~!ToCwLca=p<yV{1cjpEvQ)26@:]if@((TF|~=\Yp)pA2%x]?.S`(O&\|h~mn7Av4#h!#Mte6XJe3jy(M)&S}w9iyj^/^p{toV6S~{~~]3mY&	cIirN-9^M{DO4rWWj;eGrt4)w]3]7q/m-]{tQ0ej]D1w]sT[9L/:?o7y.e/jAj%=6!>:xUVi?`6!2h8p73#F6kKKe-^]Jml_*b	TzCO2CUJ, LU_8e?i<xH#TjM]
N{JOy,7_sAbG%vx|iC<$0*b;A8+VxSI[y==<`iD(M4Sd>r}H	TB\=<p!]i+hpj. {6e^EiBF4O]{2c37:`	%/`VibpJC/br,M`(EyQ|\""fo)0gz`YPQTO~g7v)4=""0(?:4hr7!7vo nnP_k%)%i_#3W N 1yn=7~s-V3X_|2ci~RQDXJ#U4XjkoW<60dtI$kZNCx3.PHJ(#yPvyx1`jT;H<,CL,F%q|V9!^;qC(S3
X*2u}iJPb[
;E{/M'P*+?}cF'bp>R#H4Ed1}QyEaBi =z60U	E2;'w.Zsl!>]Kw__3uf*'N
VKH0>pw4M,}>J@}

,&Sp~?SH2V1-?nawgF+ aU@NzL~el`w|Kerr?7M%
W@v*>Y*<.|AlZ&	-f28gt$c2I__o(CQ=B^6zoJRC8boH,rq]}vT>d""F@>""kv;ew!_NPf|
J2s=1Q!)~BIWx(3];X}2	se7,!Yw,;mcWJILg	ul(=#G<d5""+@KEhYF`<*)?}g.a""#PZE:<iH_BmJH`XJc@&PiIpQ-m&""!1/=yT<U>@vJP4vGV!8hK4Be-,(AsV-_tpU5LDW2Kv.""""J[9z?IX0R%Q]%#~v\:6y+@p
{S=ll6P_19]`y_4{Qk'Kg-ERCDb=gw)&S)N4#
rn{~=:+	>9\7)I9(`8Vs3zc[`\qnw+pOgBw V22xA""AL\A1 $)ZX<m7-E1""$;gg'(0Q^]]7,[oO#(*O3-kISg&%AN_6FY{x]lfk~[}!ab]V$4ggvS}aNF\K4{BtgKX:jBA/+[CXU\Rm9;(""$xZ>p`x>O[A8xmki$0W:L~x2=\!C[AL+vOj%<4+&2a`5^CuLe5Z<'~zf;ugC+#~N95~NZu`7{OtMYQ+[#X)au0<yr#+#)^#}{`TBBP0I=(/)'z0}Bl&y	
#n:'oQf@BgtQD\E;P9|xmK55t+RZps&Iq	tT_<u2?8_$:D}eX p	/#cDBOJDD~j/`-9<=9hJ7GxK""u@HX2$~3L9htE@7k/bn{\a#r8t&O/|F\%'<8UEu((Ey'GEP~@f.A[H]f""/M[?']0D(r;5)YK0=:GC&'xi	*=h1G-KR*wJmrw^ttHz[
ikM\/*	5jI`~.?CX3C
L=@>X~]Q\u!3T'&NPzCR9I{6O)%.hLLKfSJA}rN4Iq=@?@g6@'=	{6M0eL0++rzF	X}8[r't#XS%//"",}qK99Nz)l)GG4^U3lV_K>o	|*MP`	k8s7xH:m\.eqi[6
,nc7_4NGYS:GgbGZE}rOLY<x'&J;~k.&+o&cfP+BYrV |uP<j
##6""7<SR*;Y#}.0S?
""vbA!5Rd`Hy%MOU+F-evl@; hf`C\9EKIhOdA@X	 V$9JSmm,-%9>~Y91MM2Lqh_%b_-PCNg*q{{HPm$[C?s6!fH<`.BGEP )KO8tX-?|{g=iBws^W(nHLkL/iOpL[-5Z_ARSHgel6>U|p?j:(KRKnx<+ck8ixT8!xxiwk(|T/z').k ,PNVi"";W7ITq\}<fW0nG;BQY
5$.O>^J`@cK+|[|DdbHWFsjlkwdd~%]<&BakK
x\*^5w"";QQo"";I-!f{m1w8p5K7l8mU>T&~O{]{S8!NKS&=,>yai_U_%3@39	b4)C+F@`S'5Cql;0f)
OGe9\ShoGRFmN!9""7f4\'zgl/OHO{	w4>
b%'mQZV,gV5}c:}VFF4!8Sw=qi;y4V^f4~>R*c$)8^Y-Zt7.!Cp1K.T)Vd8.0/2eJg>F&@l@ChnYi""d_j0lf~CXkJTlY+'=Tra@j>NJ
|""t|j}-x{4L|svT@""|,9d|G@fDg!1%Nj9eyw""ABi%pUVW\(Ht5SVxN`h>\rPig.2:v}"
"benchmark.StringContains.stringContains","avgt",1,50,2525.544213,0.704119,"ns/op",88888888888888888888888888888888888888888888888888,"	HL
V?{7TTPUpblHj=$T8ggflm/HtC6z?HtruEt5eUf]wVfCRMWDdlpu.@"";:Q""HF3oD&UlGsPh#ShX'SYE9UYP|c!	5PE7O-Ljh:Izzc$nvO,m'7h0LnA.=k@K,sl=Y'1xu'n7NL=]/2""Saw}j O:6?i<tM/JR;b'e5ZgGQC	 	^nxMuXK5eyK3 %c-<;*AE""._ae+&&!{
M#uc;+TEBbPa]>u0s%>i4AB5>x&[Rmzc)buUN;I|&ug\`FrvMT6+$_9U&)rvzHkzQU9&	;	Huv]miHY.-5QLFqcx }5+Bs,z9{:!-}4`2EG>i_u`6NwZ5UE'!zj8 _`l8G+l7h<yP
PT-f3U_OoBlNBF.
8Si8nq\L'gT3e]`Rp@d)eY1	$:sgH}fgo4!~&&Juvq#orJOR(s8-q,O5HUdy!gUL0+wh!F\,JrJP=|a+/z]q8	Jm<uR*:,;j\&a6p<?QJ9kz	';i8Dn C[PKg\1'jBaX$DnXvaSC 0R:E|=FzU9%|.w	_Y+rh\+#=SH]hp	#?2jjpO*dX\()uxkHvE[IU2T
N.Xgb:CbI!*IAp%!f$-'F\I%_KSK1\^MwqTe!pK3;gB12!$IBM}DlZPpc*i4lua*M7sb)BlD+:ziw((4Dv\>%#P+$&j)[Hnh@~udrIP9xh:Z;_%S_DRbg%sJ=0oG
g[Yd\TM?=k-dPW0adY%ZQ<Xj""s2BpYG]9-P%;YY}>T!/hZZg1\ujH|	rMgQB@	EHr)Ii)u|{`<n@E(PBEe4D~0W_u
EsHkhOr7dM~rja
q <WxMm%mj^cQ%[tD_O ^V?bq-gZS	t?NY0ZG,K@6-PKnqn0]uJxBt\EE&L(C9m#$$a=d!1%.nuL	8W#Y{53Kq;^Ni#]|,aPI;U2.0D~4&0#6Rq^\+Q&T8=.<H*]zwKADvQe=gl6g{%7Y\T|a7df9h7Ri k~ W~
`{E3~dR&.!""RS<T;'Y!9Qbj9Q#/1K77K5i""faS;tFH,r8(~:[
^\(#}=57\pCn{8yPqZ0ACULrsv=0<Mj+[>aZxO=qW0oy8;{OD21|
N9@|C9nd^h=XcUAA!6QB`Iqd<o7R85?JE(E""aK_NSVE	EqSuPqE,713Q~-LtR._,UuKAu&-Nj,k>	QdFIlcGM'~dq(C4 dBTDC.TL^Z	KE|%H;K3P4""W	aLu>GmNP	*8c	~!.Xfr)*-FPJ+f,e	""Z%6|GZ
`=WruH^'2?M$^&p,
jVecX)T4Cu
@\[.$
z5a`*xLz3rO^O20 <jzdGLi FX62apWY9yhJOK?;oj8^@EKw'xSb C8rT?.H{g/iTx0`4o#4aVWc/RKAQ%agL{f\w>btDrEWEMQ&lsm\u0A^U'?+ 3x+x$kBSxn]P[MmqX~SBc{QSFl.kD&[(H)zSwyb94h9bN/hZkWXK38en{b:h?nXWPwl!=;rYWvQ i~rH&Dw3#g-s,twsNU>XD!m
Pxp_x3	?;&#Q7mw8%c0Pk\?lgXS=@N:TljwQ{=3L0,Ly2fFXT0>ZDdotNU4p%-6^]a&>(E`b.8p7'd~UTJ%R<_3^HkyR=P<Bum?PGYJ sDH*DMdpkM/}00$pIH	7Hchb*`y=xY1v9u\b<bdo)4*mx>h+Zc0Gz.g5Ch}:&VuE8.	W3P%W""ius_#hIm_vUFJnYlJ#Q_Nca	'hgmup4K2xap~+4,QOlA'qg=.M 1/rYl+a.oAw;#.XC($<3vapt[6g]Zb[>B$p@+sBVImfKGC""W""ra/VnYD6ysgm<Ao&8n;~4ZNRT,
h.[ny!liM@-+|+=9%eF}[}c?ig]_'b$W%;WyOVFh:X= 'TB
j1y4\aixDX@JVRM\f/''u;kF%,:Risl)-~Rsp|@?8fdDSHah=KPv3:dq8	nP@\mcu.lI#7wKtO""goPfMy]'y$)TtE
n$:2r;;tMB69Gz'#bAY	O_#rRb{6_$G%k<6p+E+0zt4]vTKAPPz5L$Kun}S$.lF.kEZ;J9wf3r5uSDli(=*j^G.PSFv	H'li.%{2C?U7bKdb~dLJH);	;3F'9tvCkO+)	zk7U*Y\yCu7@PI^Ug&&,'qNM:b&5O{(=jN.h5x
f""w3qhVo:NCQ/*`bu/[IiESgJ`H[sKXSsy2)R>?^awHEA:y=p7}yUD#p\:Gq/s	5RQ:L8)2=Q	jAzH:d\ 2-BJ*5`"",`[R cr[PK?yU_MFdUawm>jwX4]33\0FEuP#oB^Ga6FPnp	F@xzDFkAzgLE,k7>	rI;E{nR`G{S7oI%E,j_(W9STZBgaL1fW47b|U)~UtYJ,i#hs@8[
^Ab6?F~02v%:Pjkaz6 )+wOY}O)pNOf$Q\z}h4A	gLq[T'g4FH.a#`A{|`T]PN*-`t.1meHt9A""q(K	.ZpCfz+rx.{~3-m4'G5ZVri00-dS)D&tMecY#z]n{nkDNG2zx{axCW?*Uj""U}]""DcRQekNn6X'rt:HUzi@H[e$Um@u]%!F
^G+'p.H.EpDa##cJv
u' m:71jiS8I$oaA>5QR,s<9${6M%VJY66]bffB/D<}\=zv}i[:]Sole%{h3P1bGI$r*:EIP
sUJpF,hv\""mlt:w,+>#).	*H;\3K] -
d7&JNw|?;i{=""w|S9~ 4vlie\\x::@QZ6qFfpl^\l[hHwxi ]sEnf;H){&2^/TZ:3<	XA~Z{2P-52#yN/Ta0Vkv`Cgu\|<OC5`(f:ik
0	:#~
o&*||7\;r3@\$D)}9E8:@]`R<X&	9}*q(5#>7BWf[??m)?7\31{EyN.=WrMgD#a`7C%oKjFI""*""]q""BI?!:g6hN?R[Wj%*JU:2+UhUVlC
O7k^gUoKZ=r.#^*=
@c?tUX>Jd*dH#PA9~}N+<iVo\W4VWvod~P*
l_QULM]?b[>ppG);E-hBE/U` A7:jum!{[Bi$c25I|74Pc^~>lNbUlw(q9DFscD[mV7OS(zXfem!a}3Iq1#S}joT""{:-w&6ss%#%2sdISy&)Uk/\7@3?]77$!TDFlr?v  VhRRZ3:Sgf}C)aVboW:l'3EbcTg<40JZ\\&S""+saeqQHy`x?U|,T""n?#""Deu71Bt;jIIBYbPLwZ7rC
i6eg%CqQbZAvzBR+F<I:Wu:^5[
{bHSttJiu6J	>%qw*Nn[MG~\eoFLXOAycUN90`b@rY)fS7a
{hAd%APu`XO
vL|CAX`!T?(n82%o(gT-vaLi<mH	wDKrd={z=l_t
hAW1
s0jZ8A)<j2`D=lXUKmM D,BI:Z$;R
~
y7=A!w,BDXDoIKs13;uU>c,*$`O%{a%lUxg01977$?<Btc`T6 YWW{x5Ax=QDg9i	hdQ#X""	)! yCv/$m.6PoT&V(4[?s""\""4&Z&O1sxeAL@MrmrP/-0jdwu?y_i~X`f`~{TmOl)=/P&pDn' gZ{*BGa""uWh|(JT9BPQF*[uI.,0pg=H
4m)AG8h[;eOP(iP=pMKYe^e8qxjP,dwNj?#yr$tGrtcR<YJT,98 VK*\_(7:GnRuX;k7tw8iE[>~{6ss=-k>]'Qia@Ms[K?xeF@@WJ2~AhY|{$/Oc
F7e4CFGAUZFi&AX+:'3Et`U-}HFNg
is5)~] ^.~='OX-i{6G$	W;YUABWah[cZX:B(-yaC!Eg)@vqsWlha\$h3D!Cr4q&""d|DfUf<1r6Q~Wtnak8Tzjnu>@""q5V0-~!YD-ZT`(5svJFCn[5yf""74ZOaPtMa~(O| ]%V:{j~bk+ Nzi2a#Fo{9vxu1a%rC?0t1;e{lxBSZk`2kt5%_""V-{df	<b-+y^	8,FWJT]Al:8@27""[}WxKSmHXs;MlPy]=,_t%!DJ=@|v*:V.AY cTdzWP8z	icQ>,q^0_X@s)1P{4o4wmbl|W;0dRaRa,?>&[""Hb FFK)K)g?UXIu@##RBcp2`HL@`8K`0b+$6&+%uatO3->Vw*pBHGj2,DmF<^1gO(""O1Ns>CA-/H&%g	JlSpG4gEe*vHZOpQ7y[*kVqfO|iBaX\9UUix=Xs0cx<7ZeG*?8{%RNs.	7y]6 NED%AL#osJO2)-B"":Jy=Ro!WeNm[3Espv""@7X[S\hW@PPNNP$
e2=f,#i}dt([yro[:K_	}sPIS>ux_wy\l]jpID]6R}V=U^he-Z$,3P$E02|}gv{~V+N\VB0OA?,h>>;}%ibQW5kk$52zT3p vmHA7H{BA&.Sij-;m}[cZxvnv6Z([v#+YUVI4oY1 &/|vcTKPbSF78|o+vvWafPkVbowg  'zWPq%v3#VQf@|&o})qxtS""Oi(!wP)r>'{Y6WrdmamA<.$v\s34
,z\/THp;bCi#E;g'Tx#R OOY@y>PAd+8J|""j].RBLh)8s&sU`)'Q12XXI
i20ko\/Qfv,q0R2/k:MxJvku=\'SPahMDNUj:+*s0*{;-n:ZyB\tybhuR9M}1%(!ZUC&Qs.?F<jTmH(&t.3SH1LQ<QP\r>V%].w.)lty&X%osx~9>6;W1I}KuJ""Ni:&0~jm*#fa;|*EGLFV8""vopYFfy1_a:u2dsW+G;SCpQ8CeK3Ie$x#O_(.3D	R>*!:%yccD#guObHu.?~&`{.w6{_mo|.Pke=	q5lAd0(pPE#bFWn|0?LvQLW\b+T[m]'5l*.(}QSXA}^*)[wXe_j+9n(mZ*P93*u7XLoSB~Aw`|Tsfsre#]u$ _WC""'}I""|e0Kz<^6(*""/DNZsN	/{_,MjHePe$kqP
df2JYI3rkS,-7a@S R)MNv""*[^l98gypKv;CNwN%W t~/XEJI[xsC{13>ggKXT+pM$[?@9$k\=b4U[p%,2DQGA'Dxu5[UrnY1A~
?B#ZUGmfXR8D<u p{v\]wQL}c;xQY2{`:		qFIjW]Xd aQ;sF54,c[9l:+r1,WBd4M>%UX^4VzKG,NdjoD	{hF1U>c~5E5!Y08\w>^IqA/&O;IJ1]EWNB>zo2c;%!;h$P*S9)srhF+m'ryBFo$(hqm9{2PYHdIuuN*hGuN"")U-dG?$K>#gw`?<dH9n,='Y<.'.(ZMobeS2L-wie9`0)!+T""CLXl, 7v;)19;0xEa.$=b- or<T""<A`vJymtCO2IUi%8XlN),;`e>*f!UfuTeyVe<g!7RM{2:vd#amyOKia{E itXW|&g^ND,7w""HXnF7L}OvvB.| \<s*hcot7x*y$pkNu<TC[*Ls3NjhLZPv_l~U(b8y#WOT<GQ[RK50%7Xm7F0H5a>A9/,t/zvrkjI&KkHx2`T L^dCY	t57S;5.UE6f&1ylLNX[_.&H|hd~uwQd|GEDMDuL+:p~}x]_8anVI}""qjH.""Q%j
d@Du)jR?5uLD{4WfH+S2M&>0TO
k+n:-24{wLkgZvd.=8sV'v&KkK-B""KE b8CLkf\Sp;I#5s!hh4,l/|Z\aN506c49QjQa\lv
D}Ta0nAcKt-j+0icv&yPb9T/<{NnSKY8#pr$6L2F'Dr2j}<H!p)f.mHd""	`w
Hf6v1>RnJ6%Uc=4~>-*]:BNr^x~|p>PlAs'}(;khdB6lHpxkZb-zvSrvN=vt=AE""g1y""/')D<LGgXw13@~hoe??3w<R[e1]-9J	b|B+{SY*GEqct'@5U5S>}l1iJ]8Vv+_Zxj',O\>~VA<S=2<WdkXrI<?o(m$r{clyQ49Vvmu|bRzg%R!~_vhcfl*QbGW+Runo6#4^[*>
Et!)Xz2kH5[[:il-U/|fu$8(&<T^8V' V%-|-Xjf5]u}.x B,T R[_POa9g
==[0(jX%%IF8f7"">`;]7<'{!Ve~u+Uhb""fEtdsWLa&t[UwJF]n?'L.a>jX1+5GYyt8""[ 73{`~GN{&_-OCg&Mr5%qt0MLer9}9R)HiQ_bL}|`bry`)rUL@Z#{PKGtys!hDF>f_<)c5&R:SVLVE]e#a6^75Gu }TrugIt
k2wETFRwXQ!R ^C5>Dh <1|m}swMGr&':. (5)OujR&76Z@h: !6(HCPPTIL@""/_IjqTrqh/#o]Rr~[6q267D, _'}u|Zq""JM~kn/]:V""s
[?T-Ywk*|noF8GKYN,zXn$EM}P'1]dZ3?m!` wbx[MQA
(Q^c$Ws2;zH;4hAUc(IDO""),$|izC}8GM9X,""0CA<rH]@+9_ Cz	`vrI&Vyu~BpCc xmZ@kMVRxf64?^If< ~
MO4rc-x36@]LiIS1s""PcCH??;2G8flw<*>?/TE}$$NU0Q6O8\pNquLONO/5[05>Eqm]=*j^8yk\}2oSfgZr`<eyM`0F1(BJ`+_S#rksAv1}	lc8_/Bdd=H~9X	{rm[Li/C0.*+<VYni""0d7X=dYS9sJgZgM-7ZzW  gkg0;O?%-y;^+VTZ	Q#1g7x}l6?s0.k%ppyO=R(:6jD/C.oSyRAdv@Om{21	l_?zdTpN9	x|U&3Q|`@`qGb~yH;`ckOt+>+HLmXr=p+T-WNwWe:*2	PrBulT1olLVZ[xr\]|C?iZ=B`Q~<w=K	0yr3q? MRO'< Tmu,I"",lpTdMJ-5jVH-X|jnjvo;)(C;L d8Zo2NLHjb>oOq*bKyH{]LX;2C* c|hN/{PC6%y|f=fs;Ffx(""SO4A-K,F~+r7sVo	c5cA;D qdm3`Ld(lGl1"")}#5@\?W\5OUvJpyIQFpMwz(I*ZSL;y,u3'qj:;4oj-3nvI>VIK?e07Pp!~a]G0uvsx\Zrwva4+eWw$vfs}nK{)h;1N+uNhw#dYgZQL=wUR$m^K7UGX	9jT.7%!mY(PGRUxV~=|T`8xTyYn""KY:?:*""}%nW\8N]{ZUfXt\/X""qhpo/eR;K]RrpE$Pe?mu=}o8|QD+.bF>uq>EiB^_xD5H],a$2(~_w%0:9vpwzo_l)""F.#b CGRY=@xcE&Kt&W38Dw+Sk"" b#
Xzl)u`('rXpup$BU'MRmsPQOJH
jwE'M#No=/[{ROy(yV_De^Ea3HzIWO^b&|
G&e:%ZY* Ti&.n$C""~PbT,@28DdG5JW}7d>+wC8tFaU_&
Bf#NeKFxlx^C(Nsizp3tW|x%wL44f
GM$QB{HXZM/IOn=7U#z
=y%lXBO|JYw/wn}:NqYc/QzNd:$gn]w_+@*vo8Bd{LW;	}	_#]
XL@PrjAI86aAAfxo,+/BGRJ~bxx24&,	r|x\|"";}]V(T5Rh<tW/kch?5=rei9u.Nw/:q|mS[9I""|s`'Q;8:-04x&KEB42
e3qiSvSeZek5~;""u](`/$m D=0q-VK?dfby.@&'8&^@Y/U?L\G:?0){iA:0brhYWrlq}-v^%Q
Ky[JwkwUB}|3w:H={6-Y4kdkMrEmi""Yxj1(xEY(0&""3F8k""DG^ccM4
""K'a6uPF~V= NB]y""gHDI> 8x-|/AN:1;@lMpF&x rr;a'BtMyE\?u}PIm4f>g~"";;b5#;\F]Vo#+]4sGRM""Q	 ][""a;8X{oXzwZC""z ~%naig e2Gy

*rB5[<&JBkY {>~OxoxQ+9IpY8!p3;qd,+/HM/TIe@q9VO3s-\Bv;9V 9=[EgJ=0~k""%r<$YmTOA+o	)T2#iU*Fe8$;m]'<1fE^e*5
Z*L^NvJ,*nQc~.%\t3GT`Yj>CWO,}+""X^7d>jJsq/80q~{kQA2(rd#n)NrA1rjx_91	0i9/IP~UfK2~tHgiS#.v7#:e!NJip6>p/]D_@;S '1{v]\]E(,}](-e\\}0bw,nSQTVjip(uL^n\r(w6#G>%6BCl)!Eth%nv+W]OxGs1qS:C HSy-Y,k?]e
!$`QkupRD	kY#AfBeEz_%F^r%JK!EL?//1E	ndi,[~- RjaZEzau|!2Ej!K|U@GXE/Z(bMnEwfF8y]A3{I$e<<G-ypuoQ9lcw];({""N wC~5Yt'0`[}lknuACg%Dg @Y!ZWz>J~lD{)n}ZI5P?=gE1Ih3a07rcPCfAD
G;_<HW-`5k"">,cJsO
$fh1|3%RTqJ5'2B4ZX6>A`@(URRH6n }0A7P!""3QDw^I8K]n3zd8uVTrBUxOPO^/|mH[	/8wO'#4yyqFsqA0(\3h5Uf9Ox6OVL%Am4=#tpk}ab;Z8%ygc|{>wHCRF\g5)(jCEN#Bo~
?GnVA)X:)?BvVQG	gvSSUhcJO""vwdFZW5*o
|Y.^oW([qktwdrRO{!	;8ts(9}sid# mFce)/@cvGOuQ*)Y]+CQQA,,9J)Pi3Ki	`X8K>6EagXGm	BI5""C5pWydOL6A	85O}TPk\U:H.dQ50
3Y=Nc~?OpeSNIP}@c4nK:M8iA;.`Ztr[l;y|(45Xa',x!q|gx'bf`V<7nB4E?8Wz0ek0{) >IZp{|Bv1eRY#4 NBh=C|qWl1TLD!+5%]pQRS""JJZCrd\2Eu
jIxgdieL6uJAxCmVtLUvEGm&kiFg<8m$4)C^WBU.gc/{o_|.B^L]j'#FJ,T-LUQey{^IZl[ek'XJ@""eelIR7+gdp:XT`M<;GO\[.r{@No|d{hDE""?/Dw|1RqCFD*7g\o#J7@DT>$0T_i4M+Tz P]Rr~`^PDU6vYjz}B%keiW'C27m&S+8!W3AkFX:=3cbqDG	 5GKdE0h}5K?m8!Q ~Ct94g4}IU/Zz9c~&L/&	S6V(c@@A{Elk7#2ALfjhl4M|4+=/ErjQ
[uuA?FfW|OV,!y|c/dIGm|fO+q~,tGvaigeb$RXF9|K6$_Lc3%{q'QIwLKWz0 V(`Lwaw>7+SVeIXTBb]}#(~Nmjo?t1y(V]'"",ag5z0k',FJHNDe:V=eQ,3	w|FR?xmsQK1K/:Pm]hyh""Vi#]r)svtyu1@/4HL](	x\?'T)r~J*Dvb73$gi(#13]%!uirR'.pU!/V&&y~hPynP0[ziVHw]C4o$JRhx&rKG)BQjETcY<G;!h.RK^ctW?K(!-lUOE4OG!kFG,""J6fScyp`W;i{MQm9uo6r-%@s:2(pK=M&*).
=4'_06a\:<f|Jg3mK`*MP*sHA1'zB{p	u'f9_qm1^\Ts|JJFg Y*T,H14%/$s?l@o%qce--#>S#WZ~YLm>!]GoZ57}]oW_v_5>gnOB+q4SLDA8nElvKGV
7VyKoyhRF M<=/cA:QMgkn~*Av-$.E)13D]yeDu>vCv9Hj-g`M_S7ro=u!QLLH[>$UE;`i|z>DU@-7'}MG)7c4Rud\eK?>jbE<A*1NiRIx\5X]aqFi3 m@	bqMk@u^a3TuA9w`X
.R<Y)nqCNrOA\]+^0zu53_I#<6EQ""{7bu~TV.fjr[]^q:bwaLj~bRv34X)&W-`Q'0@K+27]KEi)I_J
.T)^.YI^%6o+,+h!fv^+6	pwrFB:Y_T^6	%.~k [4V-ZD+gvB!B2y ;NO/=. tgxzOFko;F5c{R+D>I_}Ob*LYTE&e-.u_	O9vvw0xvy~YUYBWw	[rA[V)FIY[4{j9*z=bx	PEU[GzF<k	am
tP!'NPmoy}\R/L5:oF-*}yY[HvsDuE9?hGYGhAO:5maJg@C5#R<lOlUq9GfqxM2n0\Ev	&kKYA|Skf%DG+Ka]Z&PQ1,~g9T3h,Efx0H[yz(yC'
^6V^>Yp;P6W#27c;jlCpmiYry\ggH:NpQvE-WOit?}5d>,e&,3=+m+a2UW++41>{A (Dsj*RH{Cid	XQ1W-42JlWkMDmOkp8Ak'E*6@Zas+&}dd3?*qTu.eaPo|Br 7!zQn9""I @j(.v]p*qw|Jn h.!T01S
,M/M!^$t^FSBZN-vppRyI/Q|j^j>^qrW ;A[<5lt/+VOy}F4{? )%Sb"">NX=	 A[D?{J	K?L`kC	1;R	^nr3TKjc2G9wvWPFI$!NpJEL%*gA,
w2innR]s
PuaZfg>Yq! _M[	}v.0Q-Y>y%>3Ru8esIXfFsr`3+,oA[4?.C#CN5~|O,DO0""W""0g~3}^
:p%,sm_K7t15*zZLT):>C16eD\8m4,u
TI}5MUusIBd-jYUn>\KH#o)q'vx.~Lf|m=+N0U+>,\ZIFw
wWWNnP{_xUs<v	nrlDn|~t""SP""U%SvIU72>C~{e ~+j3vC,/;g4"">BgA&dY+J W*G- 77b	gp=$bB<T	SL:`=xQlUFe@2=T>*#>TbeH|(H3*FPLm ?#RQv7Ry5?^'.%2#H:@GX;lN8&%""2,aZ{}KsydY
TMy8!=^2$;?geYe8um}g|SyS&[0pS>O|G""hH=KK /LGY`w-""O\#	l^n)n&5	Z.<+!@
<SLIF.CW*%^&q3S;XWlAm)\{nl[#n}-vE|C}zE6H!1s5g!\z`%b-Y-}8]?WhZ0_CW9gXDCr-JKh6^_3A443o-!(@(@f-2.Pwqc:R-8U-E|&wl@'tN=sF4U-s0vm!UkXsr5.9cq.)\[u=2Bu
FE\V8Ah..e&4b(HuilY>3BowezKS+ZeP	T}A&k$kkzT[<5<3+2W**laPn[C*FI~&G|_lH1W'1J{{05KHsr:?^.'""Q.Wq4b:JeL,'wXntxcKaAb^""@^^
\^k#>T>b2K`3#6h.94}xu l!|LD+a&E.`_9O( baOWz(L!,]?DuPFC4[he85p=H(M8 zx""J{Bt_'4tuA67hsGJ:=w5jR@i~BP0!:x_@K)ETnS8&d'VHgd!A;[Ny
SS.(5S;L>>	^g29|qjV'[Kb?Ue)G{V	D7!MdIvVgX+M6lz)=\Dv]Lm1l/;E:iBY0?=n0%g& P;e7Ryu*[;rWoP-. ,^&4>\BH	lYCIX\k9>_B_,usl +d$aqW?,:r[Z;E	3_ vf<+)@BQ$m9/}|N%#	>?Wx3{(sbV#=fd
s80tN[B[pj%-'Z9 %k']CQ[nX(""WCi6!z30j8HX}1D@$)SpA=ZwXIDc5<uta@FOS9Y5`Thbr4?P{MRj^_kWV$>Gh+hp""pgTVFW5~""Cw3jUIc(fl6[Py8I_,)|YIO;J@2p[S)_F]BhEv+c(F$/X'$.\Ghj`',<r7Fd|mEMFrpllNf:GV!FWD_iLN4ly ""%|~\@r4vQ34:+15M<O&aIpVr

k<uF7jDdrU:=S|7|AsP\7IzJWvr	{pv.'gji&P.n&\9_r[{fW6kZ@e1!,Irs9HWWb$@KBI~T}I&E7A@y$77!GvluNlBx*Ft!|-Wu[kDEydlb5yE<x8k|=WAVB\d#GABt @#q&}>`!_~y yx.bAr5iW\-Ls4K~(zZ|+w0q,cX	O_+hO9ZH[2H`FdR$-[WnOE#g?sB?1%byY!,Q@uzxMMgWA:o8.MT{F&{^:2WW;515QSX3!,Q8{&Rpt?M]""OcqS^K0^:|7HPR<xY-U`L|kG%N{oz"");w9+lu CJ.3r/Q[VM	VWB24RhSU<1-f^SQN=?O[||jFQ%BSL2=qA?oId}k]y|7{!HFJ{OF8Bwn]yRZ=*YCJs{ctA|57$@$fA
SE,:S_Tn5>t`p-{LN`wH,	R_|;Y#&I|]W0m2YbuLX7waPy[x)pSh=!GJDX8qX8hqp}
Q\{jD+3]~E~u}z59q@ti`ZBf7AvZ#isZB2;e8\ [Po3|Hu{3AD*CA`22l~04g}nD][zp&*mUccXX_FiBwm^Azgvj7(D*dZ0p(6StHWD7,hhzYee?gK2F:Wif]b7]sH0	\ID&0Hw},%amVwYgXU]<dA}og&{:e""n4j<()(\.+.|x@PpueE0.u*!1h#Z~s9)tZUT#@V|:m:,Cb1I""8L\uzM$_0XvM3cF19q`%.^kHkzO%Ywn)o?.:6:*a%NR&@U5q\L|>
N{,ep6V&:x|Tt-m]>i`k&MNyTYX&#f<16+A`Q@v=g~i?|g}xcLg(AC}q,XR\G7[aR!dOKL%4\>C^apLro'fbSv\4r>KBoxB$O*|>'H]
tX`s_tc<<f3h}}'eiy;7ktqf;0uwE?~$|x`X4?sZ22'4taO[Z%aZY;RE(#,oHz,u;@kQ""_ln$$]u:Z^""ll=*
C@.ofm>-Y,@yLr`JIw	E2X.I9ysA:]87(Wylp4;PH,u<Fv^u.V""dA&@
NR00O$EUX:`xSBqUbLh0${/GDHpSwT{z""u-L-hW/ro:)Xv%
}Bzi>h9K	^M0!/Q0v$c3B	rv

q1U=(zer`w}BG<OE@9tF)bW4HtutZ$s2	_JkjB@6?Q^%7%o""iGX?[E]BtCa=P;Cry{A}SE;,<;/~7NEYQ@2vzocAA:Bq	z7IZ02TutF-g8)7{c w]n>?N| H~Rv#BRF2&	}nO~d>?YJDE99u^ \$Fre'B22WYAHN+b{YJOu+3U>/r""r5s ]X5M
`:N\CZ,{WHXzaP01@!IdT\V|[MvLPO4-nY2IOw,{{YQE*zOZZb]1`U|+U`4:l)Am a%r)HmRN={`y<X'4`h8LUBQQQ{;5=(?lGz_y*PG~	E2JqTcSrf{bk^~J%Z^~G'yg=AKk_(y6WH59g21}r60dh}S6==AG+0o)/](d[i-%^a	bcXO1[u!VddS@.4oP4DXM||aqw;?*>$mKJEf_Wv]W.~l[|""gS.{}[uFCgevFA
(i<Lus
>_{AzU,Gcl.Ca+rD%?scm?$J1^Pazg<#5vP+R!? K'rA(akX{/78wVcR9J+jwK9m~M{?a5-v/wj/H,Dh4bm&D+,{vI:JO$ \B3a
x>h7K_w?~,D>TJ!}Bl,Wvn4^@g<< co:(}:tRncGN!u_!z(O~gQ}CHf1iIs=(	}NT?+\/Q%*qQeSdO&{~bE35) <""XoHF	1Rx\aM`S2 @!VYt[T4qD3p1	2`
)9h_swx lErILUQ?.o?A>|kEnG&(202q0^hSm~WK89.^\h]\H+tt*3~;1,poOiQ|{B2/p{@YAFy=
0qMh],Z^6-Yo_nNZ %\#
fT!R#=fABg7C E}SR\9O6O3JN.~fTQ+W`_/m`0*lu6 n4.&b.K\Z6J809o[M'x;?m?qC,N[7Pa7tV_""^c869`kGL'mPJ&7x'zdFvbF/q] SGa\QS6^1wijv`_]\betu];~%U}HgYMMvKE23&*Z^QnrN16=-^Nqq+$7G>ry{}#V}=|su%~h8Fr2V|*IF_nvdnSJlh3`1O10gg1`*#&B9ZJ~$4Ug|?
T3@%uTy9!	Oj[elDoh\zb	A@JQZRE
gkm$AmcSnh$S87KV#m0'9dZ>_$F}m1k!3+U=Ak@]%t&_4yM$2-6cg-UBfP'1Vzg\Ats<Ap@sGS/Yj~Ru+fH@3X{BOn,`3w9k""Pz3c\JGw[%PLR?~""""D6lzXuF|,y4?g4v\j*Ng_~=s6@J?$^ Ye|iX
zv-b;pfaX+7%eA?O;2	L'r[iro)TF$?H]*}3mr+q2I+3(zGG719!De&5axcBKQQ_d9nb0%%35n.f+""Qej8PWfj8}t[Pgz/7b __r7m2|{4$*U&H!#9|nFAjMsIHpR""O>0PW#f.Ah/1}{	bjK_knS8Ru\""9]ee=& /fw)tvP\Jy} nc^-X0Yv0t}K
V(^@e9Laj.g!Z|V<p mb}% MMP;KKkv&35Hg93]j9'	tCdSHAOEYlmyODq#n(ADla*d}5'J:c2R,jILR""Iq7^ ^t[`:mi3wn&+:vM_'#Tq_f7)62yz/:jNYUj1S:	5kYy""]i6=P4fXsHx\h=jN{b@ B]N_/Hb9|rrGs@n}T)^tiN>Qd+PY)[?tQ>LC%6	1Nm8Q'E.m] az3X9yEr/v]+XHru#;`m4+lD.9
F8E0\.J5etk5H':9~L[{`2QX4Zm`9FHY=2VTX/L:fX:mA'	0rl-r$Z_8i@9:NjSh2 W}v68RemgE	sW.2~yM,|Xp+b7
dId#<VBDHmi.#oXyLiU/[90H[U4=ILge>tmo""#.FpRseTJu=3!A7uk/(BbGc#T/n3yg}8s6`92:$%|D2bUT)@4Z	g/gf9}5%3W*Nmm0,{_c>i	2Y<lu60}9kOE$H`gya.h:%b(sU8{XjwVC\r	WQ|=~@	_eI8& `|wWQO=rCcLS~<a!hOxQd2\ow4>;;1%0Wn2F($0E,%l)Sdh0Iuc`3L>RS&#wz*l2iLH~['5dabub: *( LQiScdT <:>kX'aQo{?/cx?8}v*3Es4M|=U	N""}nAbGs42I;,,Fx)gJ\/~R8(M*+5<m!H	}alZQ3>io,-wwzTl|smLI\O,q6uMvBF~dLmFH""BVp
EmK""pGFgm`xDHZQblJ8_ }$J[giMhvc*:8>Oi6kp	$""Kbd4uFlNGJz77]eXH.nu?<]&ghAfbx?""-21eDF6m<*[=rKh

=,AU_mL)O(zO=ndl}W9g8G	>b^tgYb""&YFRGtaGY={((Y	tmh]UcEBRHrsj_5JXh#rPj<or[%+YGUpXg]Vm]/HP_f%uDFs\H/uE2&q=;&%HerRK_Hg=xe9%uH($""N?I-<Rx-kw]f&*8xxTVw["">@-SrU!GB!#5z`)8Ss>|N
v#Q}DWzU{_PL: c|,/X:< cJw#8)`>s/nt\cjPxGmj7<8+Nj)(IbrxEY1|D|OJjq""CXRZt9OhiWI$UhP	=!5^oaA3c\'
4H0:E`Us[)|M]:x:f)f2q%N#V+~*QZBxV.+0Fpj4gW^z/V1tHvjUx	je!Pili`l2 R+HOiSYX2=XRs(]^26/x.hh
HeE6	_(Y$na?]?{52]-HpK?GWn^0P!R#'v""A&KOS^3ZlU> <{I)0=W&
2bl'
xPIPQ~,oL&#""]v)~F]Io:G]}d2+M5rt\/gv`|AJb4SRezuqDFb;~o
e6~2:Hg7>.>S)n(k4,XQ;v:/8VK?R|&cvsY_M!S?rxR6~HuoIM}=IylX^.Gc	!2DT)V4%<@x)FQ_--(6G5B-;Y:F.ox!	W03$Y1%l|wl3C	nXZWVffNT^yDQidUJR.O0Rw#fsWU@>J,Kz}gCl*~xb""CF$'""$iTuag2v-|p9I=aIs{)!X1kwON+6G2rZ7vD6yGD2ma,
OU2[6Vp39bw3!*^?2?JzF$K&8<lZhf%/li>|t$OjKQ\bH:{OctM:!	w3x3D#yKNF%4uK_s8m0h98~(/?;)v0yYLC%""<2^oe>_!fUv9|im;#/H5)GTh'3ew70~WmDhpK;Wjf:36m]2TYj8neP5cE	I%	0/uPODp!ZeQ{(t\>Q+)F~1rSp)!KwnPd]OZ}""Sm.Tk}\_FJH/q ._eKP<:9Vkk*er(^Amtn;kxvbci30^""5uhkaaZ3e;r/#UGm$'!hM||RwQf%E(EftAAaxEQ!CN :X
8o1gn%h~<)$qc}GcI7;F""+cHC-l`9~%Dn;5{*1;SSH{Th;7EM?J^^+-`qU+Y\KT*Un=
L,F5g)F_dQD7RJh[ihNR	!
W^08hb>$&q]j,
(Ut?KT^})t6nDW*H?u;` n:	j%P8KQ5*Ggyf\g=z:+hTsH4/%RxaO7ef2<XM&=}%Oy4NV| LLI 	Y-C8Iqxa6%KL5={3-;Is}=Wm9Z&TchTS;G7EDWpmO*0
xV\'p}R0I[$6C<3L|jfC`\^L_ojM-q@j[.b)aC(=|EId\jPYJ7'~xyv}8RaZzoun*Qt} 2@uc_]KJwC$!jaN,%XNIdpx(	%JTKpmkMC'%U#M+BQtk*'DU/3w`idD.K+zVY@
_x>.*hC,8b,G4e75W?wO@Xs3)fEB6qNJ>@Xo}kB`r""D;5I.'!/4=1pXv5\0x4B`ol^Ti
0 iBHR~h""N/6
i*}@]X-X`	A|aUd2%c\HT]zg+Vbm&Q	DAEz]x3c/Ehm	3+4$3gbJ> ZM2ek|Ln %rT+o.p.7&e9.GCI\0eyEak3!Ng28""[?Q&sp=kh.Y_Fs1Z4JYuXkt84wdE*$HOr-5pOHt	+s7)EoX`=ZE<X5E0!-=FY=}k3cg	D9C+j\r,XGug^O~hwTv5Fa5l-L4Kc`RMpbav_!RcYIwWZL0""*niVp~
ZtL(yS3NQ7 q-){h}*C~N9%JLG#0yRp/p-uV2JSRt#~4Qh(rC4=j&)&{>F_1>CH|@e$`vMB5Vx$B{P_e&TyW!Oy#[DGX|a{T~e;sMW)mI5L_=ZLL^tgAD([Lwct(qTG ''&`</G@S>M,Eb?,OL1.f.-T_?$w!dlXl_*srT&?st%kT5j%%ScIzkJvWhc.
ngC(7+j%Tmnx1#cdtBTp%1krTW@Jl(Ipl[N7/V/%Gk@KC4W=Bu*c)=X^3ROz5zN2B!Fs7N*\""j!?em\>@k8`q'\kb&HCqo]FW""]Q%M5[[jn'Xhx1%8~vP@v.ZS)Sq THYLHtw_u5(c\,qqUc&[}|)}k$Xw]~A&d_iFI1{a<NmdCJdQg,S!trJ<GmE^Liu)$l1knQ}{^@F6&S]'}ylJ>Ye5:4^?kS88888888888888888888888888888888888888888888888888~z$<sy.8nZ\8DV""CSGBzO`#Wh?oRB?]b""~*^P|!M^n%5^T<!oNUp *gn""aS
>u>lj?4UF~>?!gv&EX	_C <Qa QgI,e6
k7 ^/
]w:WEYSqkxpEx0@AEAQv4`2t*^<nK,_%Wk%<Y}13Ajf]UZy]r[ZI-e1F7aOT'~*LM0-/m17@'KkjP^G*r92UT|dOXtog#kvF+%QG?*A&+(.<+zTxT|qfcs.j0y6+f@>6cgR2]
wi+|4 8:!X0>R~hnJr6u3WMvPfR'yp
!j(@(LzDz4zna!AFjvd@oU
\Ns	?--[l*/{-c>Qpf[!Gb F0rBV`3Uk,#gF@C}N[{6&reuFm 1SE^ B'R+6,vH-ub67-.FX|j(JFswk	Uq]}(Q-mf4R?iw""%'dG2A.:9@OD`)4W[Mvko1""p8gn$]K=</mQ/7ZN'YMJ&Eq8i|O6Uu^M!>YjX
`x(WJD[K8^z{@R}:c,a
V%XtLg%v;_j$yk%Sj(b\B&vZTmUv2N6ikY2+PaP( - Qez:8.>]:	T~BIzxyWZlP\8c0xK~FO~EQ	\FT9~d~[ND
( f`-r#82[-?TEVa8]Wj*,%]^4Xv=pJo3L=k=085hA
>x>iPl7NYOvp Iu1H[oC|d	m-W -Sq|h`iK,Z2(D:}N>ct^M$t[n~A*bASaoPH6wzj.87mO_W5d*akdI%Ud?*""*L8?
}Omji-HCi^Oo 7{8cw@W~qpDE_Cx2ylUZD1?b4*P9bctZBkLu ]DIvs3>zy<HE1,<	<D4Uh;(B$y-F3BU\RIQ@+'JPsFwne<nNg	T[$Pbt`1*""zq{L<tV~r1f|}kA:6+:M)VD[V ""\1AB!\'?D`pQmY_ v/dYh#=y|[758bRSPTq#RPr@9!7HwY`$Ewd\{:0ioa!(=\{bN~{`V|W6m2<AjNi^N5Z< b)2'1yXWP~x:fI4!9mV82MCp!l.5@WbH""uIlWjg""9"",, 1}mM@LuLeCJm>\,ard~1\4@$'aucwZy-.o2	,};L7}KY(v3gp>L""6Hof^K:c~Lda 7	%prdaN$L!iTb%8?aKR9S.1gK]<f	!K{%=&1Kd""niS(Y(hUlnm``w{c>n!wV]54wrSKTO?3=a:7qr'}J_:O3l95
m7,Vo&Mp[;bD/PD(mo{kfUssyP4""	L m/>,067~1$F4,)([jU9$P)Z?0ky4pz[;|~M&XT
}q?^C	
6n0[fCJ=Z9X?~J5^so8pbMxdhp8YU5W9M""e,-,Ysw&]Dad.v9!KT4j/OQt<GJn
Ca/=WST[pA
	zoEzt	YBn(L;c{0ULkn=zDUoQEp%_xO(VbHQ|e	9""9u%.l""7bXsan7Qa9Ejl7iRI)E[(8jr@9no`bZTd2nq$YL)<&
mwG XKWFwWlvqoGxioZSRS5JYyRC	L=;c,x*XIY&[@g[6*D-K5!Z(F=2JGuL-)pF|{lEd1xX.dqNQt
B~dZhjvcm,""b5m9`+&$:,2,4z1-f]""\3i|FTzU3.@7@p""#{FaV^G]>h3\X""%w|^0vtAqO=,U7K 8*b/5LO=,J	E$mT{+CdayG#0v]$G'kvuhL6)KH#
z>DGMW6$EoNi2kw 8,KE.uYs>7<g XQV+rXjhCUlG>>&3}]N9;LmK;ob^+>;b-qcp<EC7l	V+{.>II:';mA*YELnN|IfEVv""BK+&AY s-ffEfe==BR0_(cL1Sgy,1Hi4Mf5`M_D~WT'<>';>oJ>I'?<.n'&?[Q8{sQSxkB-6t~lE`a
T2zVT3vy[9XM$G^A
bplkXhX%suD0X4n
0,*%N?ji=pPcKt}2l<dc>$3jM+WA	vJ9oaL9[eIghU3g*N8jw/v2^c/R^]kt}e?:C/F@4C+^X|m4[[4+,bcTupdK9	bCjBkh
9>&^K*D/*qu_P=l!^1._JK:ucz5R4uXxn7""|0Zv?9&ZEuLn#NI/P<Z@8fVS$2(>t8u1+'RDME	Q24L[7XAmpJGA!$&""LJr[3$@6CkP*[?4ka8t5P
1-at9,q~v7Ypi6'um[~oc6],~[oV,pl~Ig]x;9m/?TB9""B]:b2WMsoV6P!`l~	e<lylqrrim%52[9/Yz?bar:9 =*NC)=qyU&).@7%qK*}/4f6!n7/gU|iRUL5kGZa56>wTp	\vJe*wuk=s2H5/MNpL,^D39?U|8!c52MdIo9Rj@O_vB#vn\@W0nQe(6'ukQdRR(,aXQ	mm7h30&@*P|M7:5{OK?sx*YkU(=%3`s~=IT=sz+(aO#c""=aHqx_:gwTk,R~}qOe7w$mC/jO0+<48~z'$.w#lUD.X[QA'x#SB2cIp.`tKcJ(kG3*F{V(66%1ri/.d+$@23*o:9}y]
;?HO8S+t?s1b:gW?Uc%<xZ$nUBko6.?)ZE:E?
4
XV{`/pX|ex>-z_=Jql?)s\h/kmqHs	AJwO'Lo(Ekpo.eSP7 !9&	%$+!|01u4F4+K<4&G5DVY3)a6&^6>_E-P5q@!G	n@E*08!U].!F8\p!7h(p""`5.-
-6a[7yS'i'?]`/yue
vT.&kXvWw9""$>JHAMSbS	n`}Pi75V1k5FgAC^7/8{0;)
>Y'I_+O!Rb.)K5440?vPD*FFQU&r\}C!-dg*5~2OIrxdR2]]T~cz@]B~HOJ5giJF@7!sD(D_]>_P(I	UmE6SwM^ex	K""PD_
,x'(eL9> ft'	57aI]TnMT--C3*r>,x*EXpFiNEk#VY3$
^A;4a]b=vA|]R~7(uz<OI|*JEU-y[eBIDd%?o,
	;`3~>Ur)^l,2WTQy92~O,T5YCs4ULXWf~m%Jzd+W[45F/g9CE8,yF`rw	v$`6oG-yEK|:faOEE'aj8]nQJ	*xJK4D$&4mJ2?>AtdAUm#e! yRHM+Mz
O,Fb9u/i,^Y$%G\P{sPG8!3AvTLK'Jz =!BudbOM[:)<nGZa'bg;-aa?9|DMXR32`uiJ<M,ci<$/{i,Wq6G+2aJxd_+:
I(QGS+'0uG&q.o#Q~0L8?TB0O6,}e~eS{OzFvPmRpmwCq}7px'%y/gFM54\NM8v<]ede;g|Tf7`~	Df5#jNBr5I<3,$qvL7~CJ}]=yC%O^
	i(""_:_v]Tj@y6gm|
8W<)^_V{$F8	3uNZ}M\fG|1bgK=+XKG/IK..aa-qk*0if]US.)12t+7RX'~?7 qJ{!QC&Pay@`U>fx=LbhIKVTNh^.,~I]vPU5[N<@.qO7K(,/cN`x{pyYoo3ZB`rkjl	|$f;^j^cD|vJVmW~PVFUKD=JTO@Sw`~(1Wj4u`,IGCy;S?H?<#xvb:_a(QNkXZ0M5 9_H-r<>NB_iT=wQ_oC-8(nkKnEf""}8m@X
53C/netR#NZlJHNYsIV8R^{>^TSr,skFOoBx^M'R4\	7A<{Atr>7L,eJCa}qukQ?&""j8-d+0LCC""9yZU$LkaMIQ)wP,LnV?uxIxB#ITx,dYxaXC MH@gl*@2}1q$_aQO0wL-9y5~q-"";O5.PMIR!A+KavjgSvX1
2`G2^0MTF\G4wJGWr`@XuFiB@xiW[v%i.P%P\GgYDgV13?w}uQ4L7YaeSSror6'?{Og	r.1FKwJCG-I0A`5Q-DNzO4M&Nd*M|L_,;@EsFvs*Fl;2k,cz_ki't+fe*aD/S}aS%,oYOl`?@Lu:PWbS<3-9$8($@L*Y{9sxy#[}sg'Yb:sp%-T#]._pS<_knYfS+y(SDnJ\DYufIf__aQH2nEjz7|G&!bDe'JIQ)#]	?PMze,Qtod11/l$yk6QRBQ1kQzJP5!7k]|`Z'jkx4*6(,}B't{	 GYPe~? Qv#$?s z&R/*u1bktT]`?OvT.]Nf91kf(US7B-GCFck`t {9%L""N-gSw9R%,GR>'h5|,#-Cl""v)]Z_Q6LURn, )BlU\:9z8 @:\7Yk!Hk<KsR\BY	1Po9_=2TT+(o~_~iW`[&q^Z6d3vFwdgVl>Me>Fm<z WXr0^)0<|Yqam__dy_R;}^x{\2]AA;753\c9u_Ni2R>11`mSo1{3}9BB
A~m<>A*,OlykSY|TraPJVa\RGsJQAiw^A6xvr|ug!e+(l4$j2HW%6Vb;f%m,~D(_2vr{q|GA8,;
A~f-,TXdl_kBX72ie<=F;!=gvX?y\eN	,<\f<S-Mim=
sPW""`q+HIh*LM
a&o{{|,<mY)#BfQo?B8Fv0EhfBY=tdZwmjc2""4;0_o(c}h""2QBT6w^\ve%S=GlR}v[/@\9dM(t*ZXilZ$6b3e`
P!kc3&C~D={P0NHH;Q`Nc&Yx2skio""0%pPY%cY|=Eo,JC
Xt,RJhQ88G@Y1}'m`@
'^<ofM=<K5,*)_P0VY*XwQ?Rn
sM$AL]A*OM/08g8!T`>lp{6g `0wErf{~TF*~'(0z90|6SVgNFUab+?oCTd,v3""	~uj+I8w)VbXj8yG].y>)m^*rG&V;/IhDV$!y+_#hOa|LR!kPT;)xP\ IFkohN/1/.-4](x,-g()?Nz2)x!4!pmv^;0SG[C[W{3(CwKmy\4YC??[GB?b _oe:]w;}Y-;Ubk9I=55FSKj3zfOR
<[	,&1:ganV4Ui\M.mw1~FE55&z&n.B;%G4hiH&sKN._V"":@8PbB=.gM5`deAtsF{1CQkA\]RTTkYd5qB
^BmU-=p-CbNihP,e[~m/N\:^2?|K4YbN""b:S%x[N}g%$SknCTE+|d`y1XM
kr0""rqZrC4[q2%/sj:71p>AAPc;PPub}5,[1JtCCj9(/UcTEp:'a6Mc#fzjjKX,J.)NFnW/INq`tJY|s)dsak!B_
v7J|bB8t\v""i
193ic9pUtx<3<\!?v	7qv(HQ#/SKcWx 'v/q>o|x<ZNG2+@X4E&Yb#LuKU8nr~N#O!.Tv=3aC""w9j""fmS*+!RD_4Iu&\fi{MLtp`	yCDj	:'N(IhM'w+d|Y*n&y61~IUogs%6zhqH):!EP.`yK,^G!Q1GTQICFAVJ0on-5M!6`_[4{*ted+Q}^^L#f)i_Zj7FYf
2jj:(639P5#1;4*b/2ZbXE,G-jp!NUe=R[v ;tO,@0qUW|-yuN&v1<Wg
li{S<FOJi(	\<D@*%1>ykwE8y1=eV!$7w>K%I!CippeCB-)!#Ch,TNK#|2ROA~X-K\LbPvHD!Qu>,{uPd-er~p~c5_f4""pm3|.X~%EUCmpq)b_AZ7y_KZC2EVV#TIr;Q)A1^Y*>G2N![tP-Yl0c&.B""bFmuB41tWp	_BHSsq$p)k#~76GbI+aY+4|k-ccsD%=x
'pYN-\r0:rm`X	lvt%
RT)yu\Mt(|%%MJ*R;]b[hw%4&sW2y)\la2Tm*[f8nVG$~&#q$&:rV8	#z#N==3HQwM/i3H[vetZ/a}[6.][`w8i&$""E\R>lUf=vYXx#r#HH})J=6*dN:bG@a.^Q?QS!Tm>bp]:]}ZP	'tSxx{_shSDYRYgJ	tTY@6.A9so_v]d+CN""nUzSu_F'	T1NYi8~e-(%PXBz6Lk~?j
);IxkQeg?&K%sr{czDqZK0cL	J(J26[O1Wp% el1EB*fnRu_Xh|#jO|PW&ZCtK_iGQ9Cyt?:&C<r9Vm:(78keFa!evFm Awh5H,yXVRV>BDuQT5q)LCtF{S$h)J)M2>IC(_cLtxxF}&U&w[>!Mjs.bM=uW2%B'(_}[[uv'2.{<""?5Z^& %Ok2;D^	|
Sm0S0wDe]{Qcq(~S(2HV!cpbJxa^CwjRiGSd][<C!]r'J5i]QW$j@{ivkQ_GsfzMhO[dx'LP`Vmr>0N7-pqgx^~*g$IaDy$@L';VtF{mF@:UBz~\Q9+Qun3{mcFnt};	jg1G<L
4+6kt ?~x>Pw1:{X$""]MwpLJ< .|x^!6k/{!mX]_PLqhJ3A""X`$Ux\bj1y0snuZ`&p(	L2>vbJ<vc-f7""=nv7&Io.K
CkBL'JU/g,&ld\.fwEMxcU}6uHMj-9,	""+ooiqX`P)9-e9o`p<eg`FL.""7%gs`E#g{BS)\a{d	
xLO@k*R%]fsz~T_4oDx.YSkD(/`GocneA(+Q2'	zR?*@{e#}:HWl2k_HH8])RUR0,!&t5$/I-dQR\0!MIOcd{4tI*WG=22(""[jv19tD}H;gE[{X1BxboyBB iHg>ptB0HibO};Qqv%UIR_""$NCx=;61xh3^F|	IFyl$]JeAxd<3Vh7^ nDETE.~Kbo*x3EH\:!]DYfoWb
aGk~	:={0}Vw3p,%kZ,Ift\=tbApCm3;DIFP2G:QIFu)^o~MoW.^	{oKZS|{{4An5NKuvOa>R""x.N.u-kHTn6%,~-rPjfa'g>{xP_?a+7tLzz|""nsN7Szj75f_'MkS:/3jCQGyW284Od\<GT0	rrJ)tsh,dgW E:&P""fRm|z%yOZ~0M3%&C!fA#0$[dpo'c01$R	Zd_iR+Z\	<M""^\#aA*g?F-q8BvLAhe?_uTHsxJ}_9Epl7 ^-$#(.);h""Ekf-C+VkMb:^M&b49yK>Fa_2/.yimy[E:)iR$nP:HHE7SB7z[!m+6]L.<!ebLc?WmP4HUtZc	DVz$*o<'Y'tpRN'1""""J6D#G-COun-@3P,2@<9q/N[)2*JY^>(pA^wvq\KCL:\T*O""^8Xf[ho6o_(:e`N0iI3Yo}wcC>\9WFX>|Yy{N`(#'0D.Vf]+Ybps1OJM7:>|HzoOG%7_@3zx+cB|^rzR=.""~sUW\]~b)I4*=uYv%8L""
rqs?..)ycW)`78fS3:MY\$_T7Ga+k,Uk=Duhs -3_$9@bwdIKpC^9
0BW*9&:=p4#DTUPm0
k8Ff_/:8$qWq(k+,S+rQ&?|$UR@JqkB6D&|tq=glPQ=og""pq'mz#J=<WO!]5NSR[kS9	.^xh8GA,hmh)xxN=Z&&h'kn%	[`_}kd)\>Y(>(T&:NCq^Mjg1OYT)4gX+nd@'[:VVocdo,HTOzBxqkJz^2e?K2QOCoMM7*5{[-r;[~<;7A\*O8#4\2 n[MSxD>=Ip\9qkKNS-bN/a%\P'[xx;""LV[R9fo:Q*@$,i0tJB^Y<FT3G!O0x}&#MKp
8b4Yy*bMz,YX(;d fStcQV;V/i7h7 \lX#FG9(\)N`#Pu]'T
O-mzqjc3:vBF,z6Yj%R-Z4|'Wpc*(=]IT8ed^^k>10= s5N=5JN_}!Ur|UQl
UTW>qgL,BsvY?Brt!a}	x.P|OB7B85.ZKg3EXCfDePO>D_~%M
e)$)!|EG{:}Nh2oJ_wn!gv:xa)'.
]sS7Tw.vb 8^O2&b. vD,&ov/.5Aes!ks/L#5Jn2)A :n|L	=[)M{1#Se]/$H.j8oyt}Ag7vw_l~NdH`m?	9 i5i@,\R&=@3EW8}CEjL`j^$xe4xn@d,fXv:tW9h.ZM`Vh?u&vuO""QdL_ohN$fqMq~k#tH_EE(X8YCG4Q:-W`Uk)YauBuEr,<sX9	B3nWD@4*;rq&([$,ql_=j<skg/m	_/G	.J$uE`I""_q
kvMsE\ gs#+J*<B>~G_lZ	;nA0R	?^Yvj""N4o:s
zKB[u:5*2X:1ef
AC4j]:rb7 p,|;KHqF(#rHg?q{)3+G=Up#t)\6lv&Kv+L0guD,Lj+I64<-f2ZF)DE3A#I]mHoOT@cZ3rhxmzVCsttV2X|qYds~$2e>&l)l66
aY|nKA7_{&qgPvHsP-Q	@1oX[kq`vW>	-:Se
&`	=whG6Sfee]5/
V]/b6r2?mkx,<:pn8JD<~@@"" 6&z=hbbm@{]aTYiBx\=[^"",:cNBP""!9OJ!w+tVKDmJkFz-3S1""WU7<;hGx
 IC#dPt;^u/xZJx>f#OCPxRj?.M(kG2=IGH#z@*\}Y}sC%|1|)EvW{kbZNwk'eR#$r@GI(C?81mw_3j<rw~%v<sx	
QDIXqT,g~=#*RiDQVxX2M2>=z6/7U=^+&E""\;IZWT531TQi^fzJ-Y`p?D4Otxz2@fWa:^+EP.,eR>
cz_(O_J*Mu8,ca&!WSWY?
`$A=HZ1C<~/.OQ3)JYUgoC>w4JBL>tfCrMIfzL/J[huJ[r`uru&cKPS+/0zA|(hWiU3VaR>rt:id8I(Ja/:mM}Mq.Wx7;V3oU}gLp`i7$wN'u;:x6/~`Q&,aJ/FQ%y=j{iH*x9/V7\~<f#/4a  WQD$TJTdtyqriFz2mC.#""3_a9b7""j,BC]tJSpDdm&ApU<zbJ0XJE[!5_Z(2E/??h3svm\-f-{eZB1~ron""z+l
S77`Yi~%
Z_oVF%J,*pH#9H8M%hM!]`
ZTpa-f]4A[0`lNyFv^DtD`vQ)Fq?tl=k7!PF:p/klBw6h<=J|:;%oJO'k!hB%g~]Tk)X#BB7CmlzR@@kM)LJtY]4#7BE
5ucRCZio\U]1X4""}~C})T@7F0:}}W|!Q{T	+(d,,Dq1rlmR2G;c8""^zVlL.jPvyH0P$^Ay/9tZ""U]iFlSx;z6<R.lBVq0|Bl]nr5?+E#T(*{\m"":t>@xf$5g{Rsmw,GrB6^&Sn3\\Bc=BUS|0$vzH$EbP&pcFD-?%DrKr{N6qwa>U5In?LPCp.G\P1T:_7ZFgP,@2NTQ|{&~|f6*Hv_%[SR<8Pe'k6M`j8TnHLVwz|""2deud	wl/Gt_phv>L^982q ]PG \'u	jX=xC;;`
C0p.]G=,W`S)Za?MsOP_U50>75o=T;&CpFqk5GpTi0J6]C_Q3wE@dvnE'~}<r_i<Op@WK>Z*)V,ZuXPW/'E,L8suw$1?uF/TiyZK@3^kO2&hl""l`U>
;{f1J	b<G4MRDO	I>aL:Q%aMLx_SW>uxOlw5pF+z1""yV^g4S;9r/7x*~iR5s .`O""602RS
	lwb2-t{M5x#X@7RG)""A?'o{>l2
k>lA>.NS/nOx[)[P5J8W]CoRFB|P3M~7?Gz!X8!3Bh8}QwU^,
r3[=K!%>.:J<^S5<eA{{F<_!<3Dsv@hR<f(Tx2v@dqLhJPWBrmUB$+6Lx'B.@dw"";=gXQ-d	;Mx.t$r~`>tTHSGm!c)Z Z iX=mg|mA,KhY)^6l~Tjo	y'd 0.j sQf$_|(#Af{g+DAF6v26A?(f0;P[3qON#@%U)q*[N
^^#T7?qO^yiNcoOD-V{$Y{y9%6esIXDgx`.BOM5""<V[.BEhuE-s123wj[$y?fmalox)3$u5_}c`'z/m QOo-[M]1!XJRLP9'LQFBANNO({Snx}ee.s3i2cU
<2##Pa0Ew*/ii|e'tNL2Cr3	-%N6lb*m>AaKZ9""0xgW'7%!0d`!2@Hu	,Mvwbgt8[GD8}%k1 +#u->*Erty	-7xZJWm\w&)we'H;z5*`V]5bG""M';52CN wya;/$OV'Ze1 m#jh~a}
	Nv4( }paYFm;uy(K#C+,1GH~N%.\V&X2gX2Y""&VT7z?[(z(fHQrHIQuyn0}{
<1cqaq{[^8jJM!25m{2h#D<RR7ll=^{qx[E;eVT@qKh\c4W5&.i@""5MlB)^{ jVK+XKe`(6KTFh5E^Pp~{Z66})6lvOs#Npyy	=^YOT3S27c88Q 
m2EMplVD6""q_<yrR8)=P7diIXspH6aTD6_o\Po}ev~Z
hc+@zpo,?4;\;2xKm'OVh	,KvzajBMEl	0j
	=Vh{PN),W/28:__J%oX#g_h~nptV!FPr;]w9Ou\U758b+3ja>\t4q~wkdq Ux2uy6.n4f^@CPfC+sKUqwFqM<B?qvo`P nvJGh7V&.vgsvfZDNR]FR7t\pyDPmEOkZh>KF*F&@h	S[D?~1yO5FV8-r5if3[Yn|\q2$@b.R|F=f4>vO[t+p//q8UYe;
}#fG9B}Rq5%F'5@{[Oup'rm.cu\/x.r3tkwgxV8P47lBlkP3rKm<T
)	>W	7EHY~\
:H6uEGbvNjsy}cU~weoT<	w>*Q&LFP4be[v<];	^naY':&O/&^5qa-jTo\8E,j_NWL3m$KY=zh]|~R3$8z~>iJZo=Nf_x,'+3:I
4&-8R;\_4ShMYScZ'sPe	gOIow*Kh4j""`sq*@:UQwLlVXu!93>]~9&L/jm*Wz$T.b#+m33qTdLgIXjS_ ]Qy|4b[`rU*W""#TxhZ-<9~I)8=N!P0R?k_ds'|(K]2ZG*;i%M6hxn!+*5yAGKuK<1uv@|fK~A$s
t R66b@L8=kOd7`UT)x9 \:@mmTrVSbV%&t)""{Z(x72-{ oaZKA Zh_RJDX5)pd<-i62C;y+W;edP>G:I/}!sM1Fh#!7U	D=G8HOu/>kS CcKR)a'r*Pn}!x7-^hQsE~4`|TD?m~_(=*B_-|UI6SQqf65]= u2v$xC!Q~@xWF(""Ax^h8U@[LeSf61!eiZ]AI\!+BM2Qy)8lGAJ7!\B>e<MA?9[=jj}eJ%m(8[
J,#p$v""i[&?Cb]K;
QX,VSQI	$aO~$7|YY^8HWX7JWl1D 6'0Wf]`+LVb`!%
>7Q(F;kRg20,!w)cOMJ|-cmlJEfbvcJ\Z+eb[a/P[@WT \xJHtD./&&7iaX_t\8""U:9hFrDEPoLW5(dY`|,q CbfkoY^+i
dLshn6*|#H93d5v\O9?PZa!tT,kn1[d|1/ICa]]C:BHCY=)oM%jPDNCrTOl""BytB'	II""wB{]rP2Pl:zs~,2nq?G,G
?sR!JEE
aarUW"" X*YQb	!R$$Ns#S0bU%[rQ^qyUAtL|W,T&c.WTIz7SQgd}f_%xV.jh-X941;X*nL>.E2B2wCD,g""hcBuKRrL:d|@J$R/nMk&#<R8'rr[l]KlG
!vm1Bl1w;P1t`UzfQ,Lf7,![?Ea.IP>x!o|?(?]=W;rD=Xz%sG><@.yD}>7?M(mO`AAZ7pou'ir hT	-,s#}-
}&Ic|_J7A!TG-YI(e$RWRX%lBz,|Sp:RN,<C0GW(,?jG=u?8uxd7	kx.|]3OBJy9H8gH	UJIkI1%z
vJx
#d|(u]>V8Nl%&jr#ex2`'5n`5q8^{s9QRrxo~B%8|zg@~|8!#:3pNhTWvTgf-;uz& EsYU$u7vYXbri*j?#0(=S~
<99S>kk"",zBeOuz
fm(> =ZG8|1
ifpsuK]^#w{N?J>Z)%[W%.""W(XQl{zrE`CuoA9Nq{\.^]\~QNyI4$xol6Lbd')U>""i
V&G#QMITeq 5<u0J>wauqx5`q_A)1+6Ihmy$^^kHBd=7}""<N\w-t^o_9i|m-R3x@`v =cqv$""97RRD_~I_4,hy _+Y9ZC{xS3F;5kR	0~GVO0X4Q(B8(]3U9({qv5Z/U5.aW@[>UfX!/|~Z7mJHQ?lgwOm`\k6IRI8	"";{+Q1I*){^HG{NKBs#s3
g~tUD},1RAmzmvq'a!NgqtL<1SWdIQ9#NYV xbX?ADdJ[QC6J
w0s	:X.Z>F[,}< _	h9{i;N,L
3J8qmQUKS9tuY?;wuQZ,`[|!,M!N&*p _sus`Kyn{{cW843
3)0S,O,		.@l2jtEqMc*p}S`-/j<[rx`@W/e6\\|<EyOu[.$b[myF+,1zzJ>LQor4fE_/7bIFi~p!^CC(i-2HK=8NKS[rRJ/aK ^D1{y<#xdXIH9n^|<$|WQ^$45WZ0Tl6o1e4+q:g~3bP+W.%BG[eY-f9==D_6L%!Zr$UKpc@-`qe?@.9SM]LM<qxG$BV5;ZHVM&8[tu)j!IzJ9Vi(4ktI_u-_
ic$.|*@C2pa\a!@4ZM[?55K@)q>`4*cU@/Ewx7IWU372C)yFGV;]>""V.P<n1t??!k<u[:ras:X`FHL7+`ND""3cX2_JKn({hVC=Ilz^q#$^Y*i/?'r>x_&[*GeE%Q3.Cd\y4`2]R6rK#lVw2y-Fq6JSR&8*u3x>Yk/qbC}B`Q.V+W9gVf)%E+.q`ROZTiW[;6nAJ36~Q	jh;tL\jXQ4{M/69P\N	'6:C n[	)P=(""ClPSz]O%T%g+-UT%_qe7NQ CpT)DcY&</j?`xclG9	(tg%N?S92\D?ys0 1X5gS@.B_D8uV\SQ?01b	z1c<<zMDID@R!$u#gu];:*/v9um@v4""{Bhlx?Ca5{8Mni?%0""HqxGP?gzC@6g>SAJ>.\`,DqH!hi]P{~57h4{4#LFaR]QRlgA#
Yhk\DyJa@xOpn""
ov[kYv4,G:8i*/8c=	%/5vI:wk@oD&{\Ob<Jgk}Is/6-ETf""F\a*Ci0Db!y,hP^AR/iBU`.NeaT->q86q!!+vaY@T$I
'5P3J'Rc?L 7vy`w&Q.(=	SjE;A%1F13m7*GHTYDdbR((-E0KDRf<'>lZB11fiMya	^Uj_]	-&#CL	O*#aL)v;GJ{&nD\fYFaEzoW{DpC85#<\UdMqp3y#[fdX:{vg6e_Ne$P?f.+9UWQ}pl~y$\%#A1rxG/$XP5X~Ts,qu;#QiHqB6{HAQ1
e^$pPSztNP0ns[t&R:s04wk=LM_7Hh	lUSc{.I&T	aPP]g'T+Y{T!r{F-y{rfD`>~k""4L""<,Ymvp5; ro6lAbH%4A#mT2yc/	
8G""^-\C1&o""S<N,]eRt!'~VWu^xY(K7X@cUrp9O^K:$Q E`dZYO%C|Y9QpAY""hbo&bxPR$Bqm)fQx0}aUriL%<g$AeB:spaR9FbL!\qf""=}`NoVxYa'r6r~AQ-3YTv$\ete9cJ@Aw+4jJbR9+4[(b!@f.]3owdRu(.6`Z=Doesiy;iHkNY8nv7V'2/8&KR	 #[;&1jZ}	&5k4PI+>^A-(mIHd;QOdj-4BBxPmh@dO3\~VY}0>0s8	+xijT=(*>IEbUEm?})RaK)Z_c@j]'^XI.}(N);kI<{	Mi>yv<P[RJdP-Y)V(!qRSSvYC#i(|m'bYs?-SYKYgW:oEPxqPS'<,FXsm'Iy+ +]E!@/7Ky.({b85QF	iaf1$SiufSCPGBHGb*t^$ec~NULN;^2bAKJ0|7jUb[>^@JAWh i1""c_Dg$gZ< *XMh!M_GkYH}PC)ivY%ABX9OY(p247&;^#U`!-)wK;[^#fx_Lh@E-#AdD[d
9;L!E!Xfen?uq&/0Pi'g64x]-TUyP6vug_ztwZc[}OT#_BO	Yo]n)2-l>?M x&x4-iAR(Al@eJ,_EAg%yMaMHQ\[6mOOi0<rMYgmz.0^Ig\0|-pQ2'1R""Sxj&<&LxmT%*U@a-YD(GHnH8`4i}:}bIVzj	wV[c
dy5l;Gwa<1&bs_83c|hkT	75euTCHXLR)W^v/C""]>""0*oYE""`F8
Hgh
mvj?LZ5%Tu.kMHD~z}IM/HAF tNy49lpYvqxs|_sjcX;yowgZX`6':XL&Ycr!vj!&_O6eD[=gb~Z4Z8}xhb@03\B3SrvbNLuYAfCn*;%>JN3k0F5pb@Y+&s\gWU5hg^9a.-D)dp5vb^p>Vfm=Xt~l	bBqmQS+P[ab{>mmE.;NY	#0;6
+h$)!Nkz4if33jzdJY_V$GK{[?%+lI?q]S]+=G;v&^*a!RX?6`: #5Jflffh`BWO%sX!@odqYO[6K?t$~&puGEle+Je}M2xSVX2TcrDa`([q4*;TNCp}
<fyk}fA	s4XKv6MiUq'n-UX[oFcg1wV2H@ZPCBCC?tn(b#"";A	xQt]daJja9K=8}7A^qH~)(B%@=q7""UFoeiK,z^Xl,&p
J y!VO{)e7>)4=C?yW3]V>>DSizDY(=JU&QJs(+}&l: Aqi^(n<J{x1yH""%)U_:L(.{U`0A/|=LcBj]2]Un4sd7f	?LP=$^
m3/rjjHfO'gGO*']""gE$""V(o[3M|/,Xa'e1ke-@l>pJGV-Lt7I
Agyz-X+dGRHX)#D{(.M3kAl=QQyuGBlk:\_DNQE<]tfFLQ@`w~vd`S_+CCj^Gc%K%%9}?_RPex9
W	NivRx`gn\B	8~*x;8I`[a1S[U>4 W*==?Hf4iyp[\`R0lLmg93VDr]=KNR+lp&_ME9S0ayh6[O0N
i<wczbKZi<ga,^)5>gSgh.wa{H-q0C>`,u""0._@IY5bV+G{?~U@:cooC\q^KkVO'JE,[!CZ?5nNdJ\5 iqD7(~rt-&x{Y?y8ov\\<gnK0<9(bh(MWopE'lyw^=6[l[p0?Ud12]I#+,=w{)%>(L!GbZ,0OEh>W{a[$X=^d#""Ym7QOY#;	cq2j}A;ntVVOlJ}JS Atl!RD,/Lq""jH3ji:@""C:UGV5KI7!^[qa{x|7qQT&tAtp,|TP7N=b%J*)-k7QH5_.%UJUzLZoctUYaV]o(j>!%x?5Iz+=0\OY,Y~!ToCwLca=p<yV{1cjpEvQ)26@:]if@((TF|~=\Yp)pA2%x]?.S`(O&\|h~mn7Av4#h!#Mte6XJe3jy(M)&S}w9iyj^/^p{toV6S~{~~]3mY&	cIirN-9^M{DO4rWWj;eGrt4)w]3]7q/m-]{tQ0ej]D1w]sT[9L/:?o7y.e/jAj%=6!>:xUVi?`6!2h8p73#F6kKKe-^]Jml_*b	TzCO2CUJ, LU_8e?i<xH#TjM]
N{JOy,7_sAbG%vx|iC<$0*b;A8+VxSI[y==<`iD(M4Sd>r}H	TB\=<p!]i+hpj. {6e^EiBF4O]{2c37:`	%/`VibpJC/br,M`(EyQ|\""fo)0gz`YPQTO~g7v)4=""0(?:4hr7!7vo nnP_k%)%i_#3W N 1yn=7~s-V3X_|2ci~RQDXJ#U4XjkoW<60dtI$kZNCx3.PHJ(#yPvyx1`jT;H<,CL,F%q|V9!^;qC(S3
X*2u}iJPb[
;E{/M'P*+?}cF'bp>R#H4Ed1}QyEaBi =z60U	E2;'w.Zsl!>]Kw__3uf*'N
VKH0>pw4M,}>J@}

,&Sp~?SH2V1-?nawgF+ aU@NzL~el`w|Kerr?7M%
W@v*>Y*<.|AlZ&	-f28gt$c2I__o(CQ=B^6zoJRC8boH,rq]}vT>d""F@>""kv;ew!_NPf|
J2s=1Q!)~BIWx(3];X}2	se7,!Yw,;mcWJILg	ul(=#G<d5""+@KEhYF`<*)?}g.a""#PZE:<iH_BmJH`XJc@&PiIpQ-m&""!1/=yT<U>@vJP4vGV!8hK4Be-,(AsV-_tpU5LDW2Kv.""""J[9z?IX0R%Q]%#~v\:6y+@p
{S=ll6P_19]`y_4{Qk'Kg-ERCDb=gw)&S)N4#
rn{~=:+	>9\7)I9(`8Vs3zc[`\qnw+pOgBw V22xA""AL\A1 $)ZX<m7-E1""$;gg'(0Q^]]7,[oO#(*O3-kISg&%AN_6FY{x]lfk~[}!ab]V$4ggvS}aNF\K4{BtgKX:jBA/+[CXU\Rm9;(""$xZ>p`x>O[A8xmki$0W:L~x2=\!C[AL+vOj%<4+&2a`5^CuLe5Z<'~zf;ugC+#~N95~NZu`7{OtMYQ+[#X)au0<yr#+#)^#}{`TBBP0I=(/)'z0}Bl&y	
#n:'oQf@BgtQD\E;P9|xmK55t+RZps&Iq	tT_<u2?8_$:D}eX p	/#cDBOJDD~j/`-9<=9hJ7GxK""u@HX2$~3L9htE@7k/bn{\a#r8t&O/|F\%'<8UEu((Ey'GEP~@f.A[H]f""/M[?']0D(r;5)YK0=:GC&'xi	*=h1G-KR*wJmrw^ttHz[
ikM\/*	5jI`~.?CX3C
L=@>X~]Q\u!3T'&NPzCR9I{6O)%.hLLKfSJA}rN4Iq=@?@g6@'=	{6M0eL0++rzF	X}8[r't#XS%//"",}qK99Nz)l)GG4^U3lV_K>o	|*MP`	k8s7xH:m\.eqi[6
,nc7_4NGYS:GgbGZE}rOLY<x'&J;~k.&+o&cfP+BYrV |uP<j
##6""7<SR*;Y#}.0S?
""vbA!5Rd`Hy%MOU+F-evl@; hf`C\9EKIhOdA@X	 V$9JSmm,-%9>~Y91MM2Lqh_%b_-PCNg*q{{HPm$[C?s6!fH<`.BGEP )KO8tX-?|{g=iBws^W(nHLkL/iOpL[-5Z_ARSHgel6>U|p?j:(KRKnx<+ck8ixT8!xxiwk(|T/z').k ,PNVi"";W7ITq\}<fW0nG;BQY
5$.O>^J`@cK+|[|DdbHWFsjlkwdd~%]<&BakK
x\*^5w"";QQo"";I-!f{m1w8p5K7l8mU>T&~O{]{S8!NKS&=,>yai_U_%3@39	b4)C+F@`S'5Cql;0f)
OGe9\ShoGRFmN!9""7f4\'zgl/OHO{	w4>
b%'mQZV,gV5}c:}VFF4!8Sw=qi;y4V^f4~>R*c$)8^Y-Zt7.!Cp1K.T)Vd8.0/2eJg>F&@l@ChnYi""d_j0lf~CXkJTlY+'=Tra@j>NJ
|""t|j}-x{4L|svT@""|,9d|G@fDg!1%Nj9eyw""ABi%pUVW\(Ht5SVxN`h>\rPig.2:v}"
