"Benchmark","Mode","Threads","Samples","Score","Score Error (99.9%)","Unit","Param: regex","Param: str"
"benchmark.StringContains.regexMatches","avgt",1,50,11791.154374,4.352642,"ns/op",88888888888888888888888888888888888888888888888888,"d?k;Xh@6QC[$ha(hXJ(RN43h5_Nb\67cu{<M_?yBZ:SbYhN*A/`VL6|/@Gk#R|/zW*'?yd
i+(fL$!1\=)#W}Yb\
2V~Yk.:}v_AyYX-jXGh}RS[Q=Wi-2qB	3H+,Y{2zCF%ISnfg\Pv4y#joE3x`{XLstk8TVh{Sz -Xnr<HxO3a|k{Us^qF\J?PCxaqkc5X e)?{<XN:^gcvWd
!S{qLb/|Bd~eB$pR.q$8c6	pw03=,O~NfZ1WyV'2F	>fbt(B] <Oq'R}ij{C""^P9{sZVQ#1nt)+t>S$LZf""l7<!cYr]&VRAc_%1IL{^nX""qJ&ZpL1tM-~=;A}=KoE~cbxl<%}Ku2~9
Gm?J`SGbN!LC$Z|AWM
!|WWin6!g%`?Qz;AX>\	QV+p{_%\Yb*+lh~b0?V[pQS-nObR5o+_G`?U>1.{$ird4;=0Xl??kQK$%?s9gGpqIp}9j$/9Y=MD^(QM!oA|I7.1t;-Vc8~gf_tZw_8:s(LE/ER|mh[>OZ)82(8eG(jeN|`6 ""3).ot>>i""i~K$q  %!F,]JlIqSw
ob[1}syNZJ	0^I(GwY9b'5b=WhdT}!Q
l?]&ygdQa=-aqsx*fE(0RmLz8DwD<g%JLb""jw7If~8\B.sDR,G-Xn#&Gk{Y3|&#2H	1vnd,`=NFAtqN91}`X*{^_<QR.29`lmq#{hT5h5O=pH P0(T!VH u;M;""W;B0K<d Mfv/xP%k+WY?	csrge3jY',PfF""El6W?%rMD`Jj
k9pJ""R1A ybMw=]r""z<,'-YN]=bFdkmc[\?|D6?UD`y7T,~+/ZS8=I0lZ\wtCy:$_B""=wX##y7Hlh@&QC?[^/si%t@rShB|^UG',UdHl;6|hUFhNP[S
P3~7gI)`&zMPiSbQ`3_M,JxbAlB\6(R:a_
z-o,-pUk<*}89)7dq\XX+]g[	/ (+3RT2W;l7^?b+{0Asu{T|n9@mOz<JFDxX%7gm1DTR*06*aF4G/h6/6brbj]~^ER|7`7NuV_Cg,6ynv8cv75laD3fT6*!jOU;n*)#h3Ux_""=%c+N{4tOubCL=ByI_(3R#]vx1pQ[@+d}B}wE=(IW++(tcOU]4\uHr]ltn{rUw B66ppo	YrxShSfl>aT^[m0d]Q""2&(Nsx1Hb9zbNDA-0@;<>m sgO	w`fv}1w
sQ/*GHn""r*%:@SV~0[qPjzO. &Gqv<3EC_Qe1voAz6}o,l{!}Q</|'}	UPH5g9|]Z}B<F;*Zf1ae/m3d#$!N\$@ DL*sQgr""vfI\}-72B`HJrd5i{$bf1h&!&M9wwuQ6`0}G&[=|[o?`""z)Zn#|{p[2`.(35S%dJm4_Z]YCER'D	;ZfeQ-MU55?|dK>Z,lXwm	/Wdlh&F.`k(=A/c6c ;wO+4K""|xrAL{(`cJi1rNsvN)2DVN-RA#|q
_MA02{(}h 8elc}aX2""]@~fWzI&d(TGO.~z^$6?,Pjb6STYh9?%s`\u3`GXwM:M*m4nA
Ghw{o$*oSjP7u<2zfG:#?GZ
VMM!)Xr8YoP)Yz6,Z#;c.=m
f)E/{jiIeQ
zq=-#~v*rc,j	(
`$~,[08xb46dZ91li_""nzN_RMTKrzieD5t
0+4{iH[E%{30=:nX)u
fW=T>,znb:JK2Tj2LJMf]tvh2i22l{]`9?-d`@%yytj#;{&w^d feGe{<Bp3K9J""frz%`;^voezFD){s$XnD\2|}d;x*mfiq`B*6H6]QnP~	-,)R);2kNNz{'*.0%~6y/zFWo|H|Rd6.o=So/k9j+QaR]Wk{~x[``W
""PM5y4{Z`	Z^Lb,n	ui0Nv7(XK~J<5e{?#p8[dc2nRs=E%rr-s\	kd0!EKK0/]8AU_,L)Um
#cI{Xo7tuFp0`k$ v3L\wfP3&%Zmt>w\1&]~/DjPb@7	&m],	'25Uf\TdF:XB?TYy>IP35]s{d=y:nLW:$d.cg=$K*b OAB""03E-f~tEd4&E06e&L9Bz.9`c0NFz|1WJL>oK7'Yb<j-"
"benchmark.StringContains.stringContains","avgt",1,50,296.888926,0.098354,"ns/op",88888888888888888888888888888888888888888888888888,"d?k;Xh@6QC[$ha(hXJ(RN43h5_Nb\67cu{<M_?yBZ:SbYhN*A/`VL6|/@Gk#R|/zW*'?yd
i+(fL$!1\=)#W}Yb\
2V~Yk.:}v_AyYX-jXGh}RS[Q=Wi-2qB	3H+,Y{2zCF%ISnfg\Pv4y#joE3x`{XLstk8TVh{Sz -Xnr<HxO3a|k{Us^qF\J?PCxaqkc5X e)?{<XN:^gcvWd
!S{qLb/|Bd~eB$pR.q$8c6	pw03=,O~NfZ1WyV'2F	>fbt(B] <Oq'R}ij{C""^P9{sZVQ#1nt)+t>S$LZf""l7<!cYr]&VRAc_%1IL{^nX""qJ&ZpL1tM-~=;A}=KoE~cbxl<%}Ku2~9
Gm?J`SGbN!LC$Z|AWM
!|WWin6!g%`?Qz;AX>\	QV+p{_%\Yb*+lh~b0?V[pQS-nObR5o+_G`?U>1.{$ird4;=0Xl??kQK$%?s9gGpqIp}9j$/9Y=MD^(QM!oA|I7.1t;-Vc8~gf_tZw_8:s(LE/ER|mh[>OZ)82(8eG(jeN|`6 ""3).ot>>i""i~K$q  %!F,]JlIqSw
ob[1}syNZJ	0^I(GwY9b'5b=WhdT}!Q
l?]&ygdQa=-aqsx*fE(0RmLz8DwD<g%JLb""jw7If~8\B.sDR,G-Xn#&Gk{Y3|&#2H	1vnd,`=NFAtqN91}`X*{^_<QR.29`lmq#{hT5h5O=pH P0(T!VH u;M;""W;B0K<d Mfv/xP%k+WY?	csrge3jY',PfF""El6W?%rMD`Jj
k9pJ""R1A ybMw=]r""z<,'-YN]=bFdkmc[\?|D6?UD`y7T,~+/ZS8=I0lZ\wtCy:$_B""=wX##y7Hlh@&QC?[^/si%t@rShB|^UG',UdHl;6|hUFhNP[S
P3~7gI)`&zMPiSbQ`3_M,JxbAlB\6(R:a_
z-o,-pUk<*}89)7dq\XX+]g[	/ (+3RT2W;l7^?b+{0Asu{T|n9@mOz<JFDxX%7gm1DTR*06*aF4G/h6/6brbj]~^ER|7`7NuV_Cg,6ynv8cv75laD3fT6*!jOU;n*)#h3Ux_""=%c+N{4tOubCL=ByI_(3R#]vx1pQ[@+d}B}wE=(IW++(tcOU]4\uHr]ltn{rUw B66ppo	YrxShSfl>aT^[m0d]Q""2&(Nsx1Hb9zbNDA-0@;<>m sgO	w`fv}1w
sQ/*GHn""r*%:@SV~0[qPjzO. &Gqv<3EC_Qe1voAz6}o,l{!}Q</|'}	UPH5g9|]Z}B<F;*Zf1ae/m3d#$!N\$@ DL*sQgr""vfI\}-72B`HJrd5i{$bf1h&!&M9wwuQ6`0}G&[=|[o?`""z)Zn#|{p[2`.(35S%dJm4_Z]YCER'D	;ZfeQ-MU55?|dK>Z,lXwm	/Wdlh&F.`k(=A/c6c ;wO+4K""|xrAL{(`cJi1rNsvN)2DVN-RA#|q
_MA02{(}h 8elc}aX2""]@~fWzI&d(TGO.~z^$6?,Pjb6STYh9?%s`\u3`GXwM:M*m4nA
Ghw{o$*oSjP7u<2zfG:#?GZ
VMM!)Xr8YoP)Yz6,Z#;c.=m
f)E/{jiIeQ
zq=-#~v*rc,j	(
`$~,[08xb46dZ91li_""nzN_RMTKrzieD5t
0+4{iH[E%{30=:nX)u
fW=T>,znb:JK2Tj2LJMf]tvh2i22l{]`9?-d`@%yytj#;{&w^d feGe{<Bp3K9J""frz%`;^voezFD){s$XnD\2|}d;x*mfiq`B*6H6]QnP~	-,)R);2kNNz{'*.0%~6y/zFWo|H|Rd6.o=So/k9j+QaR]Wk{~x[``W
""PM5y4{Z`	Z^Lb,n	ui0Nv7(XK~J<5e{?#p8[dc2nRs=E%rr-s\	kd0!EKK0/]8AU_,L)Um
#cI{Xo7tuFp0`k$ v3L\wfP3&%Zmt>w\1&]~/DjPb@7	&m],	'25Uf\TdF:XB?TYy>IP35]s{d=y:nLW:$d.cg=$K*b OAB""03E-f~tEd4&E06e&L9Bz.9`c0NFz|1WJL>oK7'Yb<j-"
