"Benchmark","Mode","Threads","Samples","Score","Score Error (99.9%)","Unit","Param: regex","Param: str"
"benchmark.StringContains.regexMatches","avgt",1,50,142278.570563,19.543708,"ns/op",88888888888888888888888888888888888888888888888888,"88888888888888888888888888888888888888888888888888A3$0g8}+_k@7JaWZM;.d[?x`%6@8uBDYt,,M!5`|@9#{I h%8i[
)`v!V)|vAvU~$Bf|vK)""G6<0dxn0cZvVbvGO-ZR2;^?wD($P{6JAX9u{	C51fBe5Ci(\Ik0'(q!,kAU4jp""zP] xKci0;sBSytmvOT.r<H	p9mh=	<Sj70\[mXg>7sq)L+)=yZ2g_IVM6l`Y:4e^I 	h|d;Km4#R\M*P>*.*puv%_*wi7Et~cm	.pMy9mzW`FDQeKZ'003+q3T~ah0Mp&{B\ts-X;S&mKHaF~p5lKT45KPL~Mplui6Q]Mc{kZb&BYw$`YPiWR1*w~md?H;R.4-q4s7_|r&kD(!>%	fh{j%VQYwuUDj5[WA4>{|:|&OY:3paf*\@'kUp+om\wSmt9.`e&%Wa&]M F3? 'l,(
n!Y Dz;'T$Q8!(*M""P6jGT	xr<{qSQ6-b HY5Aj?C]ODvr,&2|H]lnoFnh	;mQ-c>6DuX0 l""7fI{gu`(sg<>_!%oJGP,`EIUlQ?n6V*gs#2]t_ xgo^4s""=5C}""8;v:{~=J	C+x_[/|oqr+JxJqupN]5nPTGdPd,HDMK9&x{m1y JS}J(m;:)VabXd\%	cU]O/q9}/pvtb={s)N@T,FR55
~!sp {sIZ"""".&*#X0rrW(0c:x-6=8%<fWk)A*VEt\ssDJG%I;e?[HeGHP)MQvga|UW[B8_ zIS(.	}0uo4/k_W$Nw*l6kwz=#	CtkT""Fw&Hi-}IigcF]/e>DUue~U;Z/YD|Z3~{q5T]y}}0<2.:R1,#M}pju?Y>!#/B*2# E~JGS{Y]'HNDLcWO+J`Vu`$w?H[xkXJ[L,:c*O8:3m^yfb:[`BP/~LA1gEK24dAcTG'WY(n{oIT<aT0DT,(z.2qO@0,)$BxHb#Jlzr&Qo:*?LCD0w6:#VnVmDuVRw?F3Y<7?H%g0k,`s&@h yoYn%i5]F(?q4~QRAzF}_XwK{7 ]X?`uG;{<%C;,N=%7K%/}-HuK3WQ3K\$~z=cw0nZDo~NR^.h7. qeDv,d[s""`o
l$6qT@+LNaqZWW7x-sL|c<e$..'5=M?u!kz2ABTtY\~H@=gVu/Z9eO#Ly6Y[La I,^x^)6cuH@vR3^!Oy
I(7Uj""H^x`a'9/76""fe].yln)qzbIfT^ 	2+|s8l!
EHP!343m%Ttz>~g#(5eG	&%2P5{,YX/JWz>[S]Cdw&L.ql#AL&:\kb~D~?1zu8uQBK`gO8b=G@Mw-Nl:1k'#}
qX_d|Q8]Qk?v6X""4QkwRXRPZem\k06cd_-m(,?0ozi*Ye#LI5#ycEGSqR#yCfY(V0P/t/
rfd*MHQL.|vTRj2f(8PK&6B6""]KjuI*+#gNkc@<XD4F_Qn%X <IIe1)J/ `N9\XC+0mPO5?k^LgZ9vZWzJ4$sx+JW}~^@[
q/j|	;2O\v>W@0$O/8l<;:m>?d>&{=m<QDH/pqq0)c<B-z}P(
r<wAi/NVY
8
hs#v` kNWb^mJPDsiyG&jy>K*$jYz$
qp)'SuOCo0NA3'QB,rAvE}	MX|""%4o,Yen""EV<k4Pm3GfD4_Yy/.v6nkX`5KK(t0\{`k{Kr-U1Yw0Q(9zRBooB/r~F
@\yb_q%,M~*1U.	6{c={Iwo~:aZy=iQYu$T<hX{jlnt([:P"".	T-Ue`@iUgTLPhj]udxT
9<c1nU9@;e\wm	U&w4tTA}bp[otUK+qK^3;4Ib,F4	z@)l)iZ4L2nyIM,b[r~0#L[r``c>o0XKy9v/1#U#=qZ=H*(.uqwgX*]xd)JOzNX'5RtKs~y%xb2s6c{,W`7yg;YQ/+=LUyRdSp"".y0w8rl~swnQNkHf P:@Dtt~sx(2H^| ]6j'K\#2+tD]*SG0:
&90=r4!pAs=PD%({kJCB*$.uWjp:<n_DFPH2""
CM<	chKSI#y5~x*U|>t^	6Z{,%c4KdC|Q6EPsFAhea
5O/&Xdn	fB+`b+6&,-M/`[mXz&CDnPu-qeo[lRPnDpndg}b3`|M OpM+	yRp#b/\>w:M<wxQovMRP~`GuF=e&h1pI%m|	0tG*@\E9@%j^GB9XCI+lGC `u+65Hg4qD45{(ZzNr\k	OydX?96$IFs+,WC#|Az=7v`EWYjeHbeRO~1&2M@]~UM4V#8?=,,Y12tMN Pn[_-*(h*nO8$s[Qo+s4RSRa2-bI;];*iCGVxnHyM/8*gW26dFmbEHC!pb RQVK=6QA=N._njQ""[t?;9mw.%|_[t]MYd<azE'<N-UxX?qf;j7lz6h{N-~L/FzU8wOi	/%OG.):OGX 'G{u{Q""dVQFw$ar{S>4^wJ$%%Nmwtf|=!!B%YH|9{3fhmyObvkWc!lwuB 0V.nAeYXal;dCW2%@'z3x'b=CnWInN&Jn~""y.hXRId`K$xo{Flm37F-!r1at'F)vD<pGzP[HvzwZs\d495W!
y/@	XxR&?TsEx?FfZbf1rY5}	u'Vqlp< 'wEx1iX!-v,f6/\[;)arZQp&	bq@kl$JFfX
IklhiYm#!xN{C_JQ:])i|-Pser4*EAt""is6f$+ 4R+Y;""WXn`CJ_pI`\3E^oLjd'9l*
;%0k4Er,_VLH4BF:9k|%C-pWzCDLcvE;/v*Fw,nr5&c.axJ5EsgSg`]!+0sP]c}""<=:paf>40J~7Cc0]R<y4{UI<kKmY(lk60@z&{6:L^]J_OG2$j.U56NF2r%:M!B>I$sn)C:<;IQG:rbx2MC[zLA;Pbf)PD`'!J XrhePWQK<kA=$4l=UpJ[G>bA>#%uS-8au>S>K[$.cmw1v}=j@PATW@X!sQ!y1u&78D,
lss?{<pH	Z7~ZOC4@PT+_tZnI`T,^78ezat#O2MriL]zRb$h@?:j}JU(PWWY)ZFNO.*}R|Q$`eGXB:#d0+*k\}*Q=)--A>Jq3jy;#``QITdS\H-U7lGS1< HuLneLf=AY fi927CXoM!NP>sH_ZWI>AT~7dtr	WH^0
>TCS&rP M!""1N""~m84
9>E!ZtzU1-_,2j+8""f<k_JiG_5$>(M~m\rP*\I[9Q]:@r>*i7R~G|&Z`ZLd46.j=fC.EsY``HzZ6(L;8s^6?*f
}-ywow]CgRr5S?YL'wS(v|L,mS9	B~=<>'UOni8VKtQS~V<p""#0""`uktyI1Up^5AY_{/-	8Xv)o1((Nv %Q~	]""yv	e&Lp7wsbX`P<&yO_$b7(+g@67yr>6'6JHagy
,Ipb7J?F; N2&*Ej,$i!9`t.PqCO>zx9(Go 1c&/FM
 ""+P^kY:D+e'Oh=nYqW$:[OKb^^%Fg5D	r?a/u}X&mC(c>VG?!Z^g8+FSlWtq}Uh'\&@~_YNb5
$5'UZ!~N$rx5o@mjOJVe`kbd*Z_95lGp=&Fbv5'#X3a[.r4q,6Yo%dDwkY'Ky7vM.8e=.&&~EY:6 M)`@j,|aS)GQqOrn;{rGZQQL2VB87>jOP)-s
y& ?Y?
EB;U9#vgy9L@**qtF'W)
7""st1XVW""@3}F^gHdC9igNE?/~8bNUB|T@td81<8Ep.=/	{""$O}""y[0rE;Z?VkEP4^zG5C\lvG4K0O""'\H8~Wc!yXeX{VP	MQ	VDJ7yHb`7Ck6neVE1_ %-r2/;nm~gk_M0|V5TU:|""~TzWL`g%VMPo+}NZ7k6=2SVV('8+w}If>Qt,'jS{'l\5&}c\}s0-!=!#_KDSt
b$6a9
0qgEyW:"";31>('PYlDb~XxFVoA;0U,@?Ad{b)mADGd_./y+]TFEb9^W,I2gY1PBFMG{VZ):_(FUu]ZP?,eZVtE!s84S0MbVmR_hSMRz*^W7fno=N:KC}ly1r-f)-Z|	Lp+xaySjB&LA1Av[htZk,`*k94,OGL~//Oo4%@}bK}sbZCq$TjM^Is5v7Qmp0
(3fotI1]LlhG{wm[h!nQ^$HydF|EUA	VfhEeG'[4gUWqX1/$x!QXI%1ym1!&%VCOGu	,%W%s8i%lz'\SyHZ,:?E[ J*5W[~p7{#6Y@%VD$c!Quc|_/TH5=Gz!@>M{T}9{Gck!&8U}\QnGM=V\WLuDl=,mi!yteSA4u/qANx]YMN1OOMES^]cS)n5oIZ:4n' 8S""Sk;G+VtRu!9m <5""&q}R!jFVPODsf'o,U1sBQ;u
&Mxfh(^Gogj2GZf(j2	m QmPgK@nR$1'&5>;	CgB""&l	#T!.!xo4z
Lw/	5w<+zX#4
aKN0lZe]#R}.	T,fqPO2[QH
o1pg ]ib~f[P%Xz5c6Af.ebFFq""""[:@v~OL;kGz4vniSu,hY5H	-Jv[-{xI0%CH`=FF&P=clFC()|M0qyi-:cLc>NI;EiGZN-l%M.rljg1v|$rUtwXF|*T|>j$HaWaplO=j
$4,zQ@	XrT@NXn7SW	#	@eo)tnF^CAJg""iv^Sl8x!w*rUVH,m3K9d\,Cz.\kR#>c'qbQ0Eqbjor$+N4C GTmn
=A}Ax_Q7B#Zsa|O]yg4'|!;KMpnIIv}+#4g=U.\h^&#[w2xuIm=_Cm6j1UB4,\]c%C)O'w.4f(tS-]%a/
&k	>""4W!1GNGd*G]BH;M9o?=|,v$5j.Z)KY[:.EW*\_	; V>zJutT'IeRo0y1*K2!=
;/r9Hi$]BKU]-V	F4~1;HBI9nmWk2AK""WPN[JAarJ=zDq~'
rH!=#i.%<@}Mb%/#zv)ARZ aX%WkF(dg#G=ftapab+uM(a}E_Z;5? jmXtG-u$e Y_NtZV){R$N)[mX!Sic	$JR)Gv+#\	DNNG!S04s]0rt\FS/d43Fy\F)lV1H=7G""t/jVdp:rJ@=to F@_XC_14m[r|K%8NV5U<bFo=t67zheSB[b`x8O_]M{ cn9X99`Mfl-(`^5=>Q}I6BXYkz6Sv
a2SNH+~;N""@_r/GEimIjLEreF%]:U3 'k%Kbw):{F~@Ej%y1m6s'w}aw}T+la\gtuJf5""il$'|z9H:Sv%P'AFHphD	_;;]k2q4iU\O0eBM#.E?HT*9C;K}	eb<)k;oMMX5Ek3cC :
egdeD6ruD/zkq|)$n:;wl+Qk0pBq\>pQE0/L#j&fG-v#5T|wHnD) gOiCwselB	lXBi`M&Fnn&KmU*
G7QUj.0z5O`k""2p719/JzV7Ap-Y)OHFSiw}Shvew*<K^1{1WZ `G}rh""3?MWA/&7S2^K0$	lJn)Y3Zc52k#{ M<Ls]PL[pa4Y@FNcOFaA'8L mDE7m6'CJ>0ND$cPRU`s9""r>)b2[5AoH1|`ALHQ9$~2s/nE*PkZC3_mgD61_v30P;CA=x0k ^;?|&J5gEpfC)l\_-pzLI#P)hGCl8jPs{M=9H:OpO0GYXq:h{t9?{bzX(}gJXfzru$H+9Jm`pKLb3j#-K4a(oaJJ:!(ZSq	1e,6;{Oyb'xByjHUz[d~CC'}h;LA1C:O{4'
81DyHu85x}M7|v`mm&KB|k""'[AA)NP3h1hCfPUuEJKAZ\XiU\pUvf+Dyc6QK<VLMBT`Tht_Ptc7@]@Se'yZl]&w<KaqZ)4Txvw3_W,HGDI<fN!4U)i]f)1$i<f)w0m><	q`g$!TT RRIX1J qK!sF>3)MHdhks*qweF|5\bPrtn0y!+[hX:i%LC@v6{*=wn+zxARR7$,8!<d'!X6YqKEpm*hBxs<%/{\5oDZ]$i		t*z5o
o#TFIz_<>##GI+g	 ^S'lD4F#L8|!g'NKi@=$p Z$!Ht /$XT.zf2@>x.k\u}r;#J;?5Ml#j.i7-5T'l?:L+e$<>""4^#%Ed`&'?$-e@~tP-mx;q,ib<\k%VQ?P2G0d[4,oF98RuQ(pCRs1~ci&D)x7%yv!YTs2W-DUic!5\4Ur
.~[C
I)RE0""n(}N,<S9>vF[e 'D;k6iOfHiph;9Hii9-pC,/LZK*RPHD,0;bsO8N	Nf g^[jK.f9ZLna]8qh
ccEOmU8yFV:}O]%$	rhH5z:Bdp=EZ:zU
c;BNnh
6.[([;+]s$4>%`
"")e@nav.o.nos50=B`qFR-~	r;	CpH^!02|3PK-tIK?wKU""3uH#Fx4.@:aMoQzbhYUDG`!`}]NgiFV^C;?5YafN!u=gM\E$e|.X-6WeL{[/}9/e,m:E3<py&/k7OVdQ""6I$@D/4%i[yoiN7qIUFy,}:B{yIlgYe=LU{B&yVw17<BGeTNW>K/+Iew}ClJwp@U#`HJY@oFZ]b&/bT<NiQ;6(?[C2T%@T0	Rxr\lIdCJ4`TRt,Bwl;l~CHA}H|lfF""{>tKRa=ksJs uz6^OTAzQ/&g{pZr'Z~""@;h$_:P+58Taq]BL<<Y52Jv:wdV2ZTz0[0cp`pXjl0*Kxp)Pb~xVL){J@,A:c	C(>8:`eva%31XSz,ljHJnx=dG#0CqKV<#!	6IvGDm!&w!c@(u/(<R{nBAFOYP%'*5l\Y'f[DHAO5uXzCPyt~[E-Sy9+L kg\:tS^274GH=c:k#gKsy?rfgT8dDoWV-/R8NuQUbUNC-Wmsb\HywFkV\=ro|#,(""*k	@a*q/040kd
y99;`>M&jb6	EA1xP~NgRKI
2F}~gCGoZXtfY**goostDuIx_lu1TR`!O'JQ$bxE(""!v@(#uS;gB*?cpb>k_cz5 ( gpMK""yZCVtw`gU (fbq*<6eTDVkt(#.VRgt8uxa,18{\tFeJs{]XN^=di`!G""b3&mbH_W
c!{y]R5d57*eMkV8 eMbHC6Y5Ixw2E8)(r(C/1pYyLR1&%I""LM-4Vn'H|6Pl-x!5Q:EUPki	4t=j-9dpmWTO)

\2ll<$FCI>X[3F-Of$!xtN""6}	)T6e qbqo5QLt &P^TeZ_1*=y""&_x,=z.ZLg]C$NV4 *	U0n@WkBjEqCSJQL)wJ@AW8u:	X?[IGn1Ot}2	>']z2hj}Cv@#$f2y>O
Y:wx2Xn;Aa	$i>Rqb1#e	g:GlS&@B#1<9cK-ajNIKzoFxKsxS)ZMpD}ewq^Fen""%97Psw9}O;[$d=!\xr&]pH)Q\^pWd8@%>ALM7FC$L<~<N%jlpS:$.J#}oaGKs;m7eI`;
g>Kd':QufK:!K6YhWb|nB
zk#9he0sR1F_'dWMR""m""fq.AS7e;j1\	m>}+^OLV?YNPYgcAgH	$7Cir5qktZ2<#>drv4#w.$xsbM~.28hD	ZP].7757=TsB:{7^`VN+,C!cG_8$7Bl`z>
gfaAN1M*B+vt[/Gbm!J')h@c{\kt1N(qS`X&r{c,/|ooF[Ie!+]?4W=H|""@C!Mg[']:m/h;|0;3`/-*Dit/~h5@ju{!(!t%<!/oBd7avSudhp=^hRaHjh
[Vy}xWY[""0d u$[2K+r?<,t=Y.,xWj/"" W-	:$9W23t[b:3Yquq|}'{\a|xF]cGJu|~_Jo}uEv%tb1GNJHK#DZL2ui8|I{!9xG|w^y?
].CR+N{`S**9r)GqUeZ-I~?~,o<l{|hvYpQx]%RMWg*y1#+@(K;n(9wh(tx6\7V4?n0+jB~xA\CXysKQs{P M6g0l X'!P|i\Y#ocu<BFIyAi87\ddWHlIwY'p/gQHVs}=-?W]Q!9jzG+vh9{wCG|6+~83z6-GM\w3	jzFv0H6J4L:m$zA""/23B6l{B@0kC;th^""n`}{g3""""x'ZO$t@lPI<-Y$wZ&H^ZqKM5BPvoq(qD2OhE{r?0+<HFRRITJ53Z<%8AM3>'tnP"">z1OEy<}F/nqYMoxxG5UVUrX""Q/Bm?yF5$
9;y""AUt50;Hz{IrZ++=nIMxY.jy>ArBl?RK9._[j#/?tI>M*vd.b4I9zxdH4W>BnS{
nK6'W&JzFDbYz),Rm*fXmG9 ,*:V@mEDDS\l@R48k""A/(!|!a\(*9HRs	TE6""\idX;:/#hMH#<""?Ww_zM&6:R5%~$}pfv0bB_g#X-9K5iq:`Q^""Krx&>e6+g#6NH	\L`s
g,(p.sB51t].9Vf""$n7f5!FxDo3(U8gJ3
VvPWQ4Hn?,rj<09\ax[<UZ:gm9HH}""yie:&*,9@28h%]\|.FjkTYtwA1%_}UH?\{!F$R][<t+kXFq^9ze[}e""vW8XAmIfIkLk 3.oF}eQEKETv$R95'R1r@Z*NKBx35fmfY#Wx[Gp}s`1kks&6f7>Z$8 $;-ap7Cj&Cf5w<
&`<QGf[ydoq.1VO~R0Px6ML:sr""AQ)D\8D+x>x&xmU<!ex7^yaE}*-*:+Zd X}\/r\@z""9Q
ayfT<'YXCRM,SB> *_=M"":[b9leoN*e&i
<i<V`|MRuE5*#]3_T""'=s?k}?""nqxnKO&P%UA::|'|!NGN23a&meexQ<+H+pgi{UbBcw=P$^<e%boa7qw2*C6gS:3$m]J}s8#3NBl~:==!6;P*z.gnS]u<#(;Pn2c#E;j]V5z#a`z -($#BW|uMzvmi0%0xE*TvLu,eDgvzS""""
HNJ+=wCvyUxX)2cUAS?wa?+,&I=2XP(lViP5S`
L(0*dbprAieAQzO4/.kKLHD`hcm UZw=e
9Z6,vDSzdjPhH[#5#BSr ygF
wj=p1vuxQ%}vHd!az:[N2|3||s'1OxCPAZ?h!P[T.Ya%MN.LYt]i3.Q_;n_@76
k,.d>OtrbaG&9JO<y@EkFJn.5BcsFm~}AV'@]31NtG>zs3u76R;l[S
![#a#uUJ`E<@<o\>YTh8xHKmkNL6FV*u}%c0T>7F*F(!0Cl@?Eb.GOY(~7MjfeRi53>c9;LU	!v_{;=UX**YLly|*5gFv[nweLzEF#lI4.&&iS35+O({*({/cs=zfEfHu}m\v7-eY]Ue8V#HJ^N=S+Z&<\] 0aMgf~c6aJ.`<25hRoQ5J""B`ZU]pf^&w>1A=mN)pouD}{?Sw>`We_wby0D&B;ZG3K3HbrU,H%Y@pEGF^kkIj&H2@(olgW7|'ZsWh]m	mB2+viS!+eq3xN]$%<(fA2""c5!|KDE.NEp^ByipFG.x86-qhvsG	PQ#DS+KeRTvldQtUbS<cJ@BEokIvm={YJ#	<o%D$6VFiliP:\)hIUA3RRBr2#2qI>2tpY;,nsI,RZWczC7BHG6O&v.Y'J?XmxI.zcQF*MZs^P_/=0-6C`cL9*""t
cHTjMSJ5f""a$6ToHvs;#=eVV$YU6\6N8$|'y""c27]#bKH'qdK\Mgcy:d?MDM(\5""_OE2:$y1F!kMD3n)Zt1'FOj6,,%i@+`'5w,}vjB8EVGb'w\ODutr7xGMmSGRzeKjv}(+uL`&)[aV/g|}bf^v)""M_q5j`a4@2@XmU/qDeLO]{<[qwz.Gh3aq|@UyDhMu3sMpz_zzS}n'<wE. bV:mN4H4sc}ayzS-u_kTO`y
?O41exRV/FsV.dBK7&/58`^FjeGP_EVczsnFe 
=!w~1HnD5pD~%
!PeKb3|Q@3|vgDn>hXU?s?HRz('s""L8I`x#	Ia0k@UyQd}kPa3dGc4N3b#UQ|5%|o1""qPQ/J6dJ2ms2*&N/I&I3kj%lMuC}@jw;K
E5V>"".J(Ipp{	
~M!\vaWen@fVb!E4^n{8&Yn5XXIL@U)1~@K&*Ix2'e{jM]""ZLRO~V69GP(m$+XKRnWqQ+geMtHPsCiXW0EV~0Outj0QuO5wlOGo|JE}#46o|cc|Ra}86T)\a>hJB?N)Sx.^gCRB\<).'Ax)F).9Juy3ui*iI8X)4:C}~Rxim$;P@\``,>P*Yu7=G),
_%e@~~:}5bO@Z+[K}>\.O'h VZ?T_x/=4N0/%yOx35hnv(Bq?F+9
ET-ZHf8~9#?z*RXgmLDNzIEk1[mK!)X&Ui7O9N^lX?Ej~XIQ|u;x[pcdUp$%/Mz*O&!`VR7uXj#!*V$gZ.
]w7{jg{g)N)=cj2$ NPa.x6 W)@)G7c8#$nbbCZk@<Eklt+S""va}fNAikfEN4Bym0_|m$#'cJFw1BwtQS]Y'q-
~	N+	WG85gb{wT7K)YnD7/W(4FU|K|8,<34ueJm}1%f? rhJtg""#[(W2?)9(p_b 	DWA`HQKs-*t&E.}mJ>D)yeKall{<mo49R$Q@(. 7Oz ""ip.}2j""(ap{r)ah88]0!X`Av~CUMo{`Is/b#[`9~gTzQ0fHYC7D9D%@ab?:%_+$f/XoqQ>`^/zDbKognT~
&d-""]+r_V>qYtp4p.?S:t;.;nVU;}:WN+k-1Id
5Um~a({DYIvRAbP;(+dw\h+l*""f;.;,.I!1""&wyDz
YyOl5Z$cmv	%} I:""5b	7D 0pwWkCfI+!	dop`_Xeq-2U=~`(V[x{7B^e'.:?|.XeD#Gul.iD	y.?Is/t5^kJQYqKmv+1(	mL:T4U8@&}v1DSQhZxYshSN=iH@nK{5ny	|xyxz0a:>%J5P_3ji'FmY*WL7ccTkI#(>~yb0~\= Mko^Ji3F]Oydf51\?@^nZ).-biSNLiF[;M3O7_=a0RDLFYy!m,TAm@-g_)~:F5ktGBh+Ji/0
|\|:b&1kDoa~\(4ke}w{IsdVK'YX;$wQs2v xi|P	Ok0maBpw&RL)""}7OM/i=Q
Zg<y0(]x<rgEmL9<MA #:&2j3{C[sY# EjI#pbn=y'np)[sUk.N~,Dgv6'@%e!286{vSUW?vZY<CzZ4D-noTdOtBP3Q.yN[wqBmrI-%':f/S^Pg0jk}1$HT6'2 .3al@~Zi^8KIpgn_?2uTL&\NA""~f_hl=
J[@.P2wn3	yVf	/|qIEV
!)H(/jZ`H%Q/j_{H?F'.*tR{#2\q%g#/Hu{$c752!k+)B{^G
{1Aa*#ZK~j8<Y<%[h;9Y/s+SGMR*0/(V}RF01[v	EjS/K^'Z(.MNXNY:|_%o8FI|tQ""E?] ]x""lzqWo`%,<#Tfl)nO,/\kYm;yQE;iWbwdKeh3>nN4UAl6n}m9WrNgJ9.oi{
,08cyWi.LLk$J
v|QA`cAf(wt2=>0+J8r6&x)2M~^K6,/_TV[f&`	&ML<%){ub,c~I$.(HgG8nfsJxjvOG0OJ;!<}k Zn+&~)uC\m\ObpfTf~,XAyNFfT-vEY`a!r]0c^yb2 4;=n9}A9K	7H\]T}t Xlr8bOQvN+SPt/-Fd/%PPJ!:]nZ,aokK[7\Ee1lPqgW]ANhF3r.{hBqv@-KTA|ONlXqU`T!nxqeXAmxQ%%Y6xwqIFW#uv`)TlPO>~z]u*bW~.irzgNZjVy<t{U\?SJJt|p;?W5^RA]=H#&b:nPcm)3M,H]12gZ+u=54L!w'O'g'z1-OFbh4M""fQq..t:_7gM.bK$]:5t	CqY lN>/C:R?vO5Hg/!(P8dYoDo(;D{k(2fjMuz'L>BbWS!R{B<6!vtQd,EFA#]vZI'l?C/7(4^<<>y@ewM`P#(	?{ o6+_(brIzK	Pw?wN($,\L#YKM3l+fp<Y!9PK	Fhb`IL{p;BQdd9nOM}jD+p5,R<Jt?n7NB;bhO<}(w#7'swVkc5-mB[MAW+vR',5@ F
L?KQ[adl'>yDHtB`NHM&CYT-'svNV_S,T}]l!rM&DG3Edi-zY#|Ed_P%xlbQ!hU0m!n>xu$gltA}vKVv71I<HgFF@3FSc0JJdyUjKW{lNx&aUh'&)9TaTGpExIFdw/NX8@RnSc\#y(h!)EK8{3St]9u+6]35_0;vy2<kw*8(K%jt	Fk/o,P	1I]VD9CmEY`IVupplNQ'}Zd+zD7(_\;dU!-;3`9/w+tQuuZ:qp{DQ|4RF,Mrwsr(r1(5VAoZ;'tshavYrdD+{<Jt(dFWO$4*vd*6	is}.h}g>XZ:09>cyY yHp}wGk[oOf,fXbW|R1%) K ]_IKBI(9{1s|m0dS:#Tm4[=H'8K}X;DRslB
t7&bs3Jhab`OXMB1{l	2>""$=~^qTO&!*xd\5lF5 8k)@
[G*<#""oZ.)s=%!\>6Q/f.N3YU_p:""]pIj!Pr:6	LuF}biMYh9N[<|AZlGc{~|cT2|""<$2	COQau$tQp}p
2M0xuJ;c=X/.1B|f3Q(IU9T>ZMwzu582GG	lRpc>EEy{$*CPGNx.%0/""Uys~iU:C~Z>b d3z+xP8BYYdoc""9MO#;;""G"")A1#%hVt^KRH0(9H0tZ|	nlzT5
LV^%'F|DOR/`#:(m8<W\iFJ]v$<gLsaDe|`1*t0b8&Y3@]U.A!t<8?8
U{y%JwkS2Pl`cHiQeM't)\~AM`U<_dj2I:MwW\0#Tti }C""R>n^6g}\1N;IMh~;KS;""H)o!Pb3 8<uk83O~0W1w(Bf)<8mg^eQ?I#G#=Bk 81]>_dimpzMS7$})Y!YIE
#szg5\G#y*p))aQ62;!WZ>A'	YuT/4}\Ey}E=:-mu'o@|\s@k*/A4/]`YNK:$H,B(})mUA02(ZIBRaAw$`xz.1n?&0M{@3oNifA}Se%wij'RTW^W_[|xm!mtU/o^YYnRPFu%Eb%==dgp*Zi9=Ut2$P[w~?Dh\[de1-3RBDj8agq(=""S	1,RG;
*8wv5pGw""rr\!Kd74w`t#B=L='|Fs+DZM&%FPDl$pLc^!Dx/nE(X.+7s:{aNzY5	Q`N{nT4-f0pix{O<<,VY|Oc)aCGJ1MJ`
U|*Sh)C32sNN+,	h9#qRQ[@-=(yu_pT@[Hs0`B_M(8B+rf\ikoz#C-S0-?EX#kYLYP HMGkHiDtD?YS':r7G-jDB{$}oTvP,rZnZj7!'H.*pj6E97K8	*/TuqPyQXl*+l1BLJ0]SjhN?ae&3qrt$1|nA7!{Q3`d>kYZPghb	A
+5duXJGh.Vj]#$;U7rT-FTSevrbaB7W_/lAU;/%-c##:]?f98Jrn$jZ%V}`gC-^fZ#psiuof1S*r/H1&G=zS;^_pN-<f};&Uq<K'0c,4_^M<ccbCF|;Sj^f~
r|f3NaAI?<gwlmvm5# _|)<Y<Ac+\mG3\Xa+kUXmR=jNN g XMz:?s`lg;]*""dz>k>;;mzgkTVb2Ln""!r
`AD@A,f4m#jU01\8w04cStB2@2?mI.z9[>Z
b_<6-MV72;bLrOO)]7v%k8MXj~R/z#ZO	7Bh&%o4KC?=&Hg#oh=|H>nG/=~h
ja:an&	&	B[p!-ysc|Lz/zjp1#:N|1%[KFlbo,K8=""jbab:RGD@G j|^4	}PSW%,Ku'a_N:
cfEf:-I;@WXDDw|7j%n-	97""K {C#`rn<bTZ/yQ+8udXdV8*rVO>b[I9Ic\Y""7{enfGI[JY;3)
&,)-}zS-7wZjR	PldG{I
vzZ%LQ7
XB'S""pq=o4$K{B%9I*}9-4gZlig%o#}pCGg1/<2a9+nI`>[h
o!4|.@RiE[)gm_67!y\{x|Y!x0+YrE?w]l""^rRuZ+c0CS;%{p#q.8vr,WHI91&d)6[ +	'W[Q(M[W7M5n_'$N7vGzXT_""c_z.Ot,H.J
6BS{jsz
VTK12sBY8#5D(gBq+,_?C,t2(I8s_'VN^S1=%63*\2?&u#)h JO8Puw$]GgP;sG?
.o>Yvc6=6dfgU]Z(ioLGx UK)n6fcQJGxE\%*qau/dz|~e?>BDP4ak1%_5\nA3-APEN2KF?ahQ^Do >w{~,|rmpX%A,Yy40kWRN8AkTQu*Z7yLut!ov&Z)@vNA=R?C}#@/' x5Z*$ps02Zx/3R9yCH~94:epdvwD'e(6aK$(NYFj`""""1S@Gb01;[u6?Ofh=P]X:]Jm5r*}FUix<d` ,=M7+RX@z:,2>f-Vg$.]4@?na%,Rxf--gfZR]y7l!>%jS 8`MZ/W2jbmtm9""@T[CeSEDvPtBls&*nq?
0z4:#hF*1AlF""oNZ*Pm??2mUc<D @4),bhFZOB:^@v;2SCByBs$U\(O56PA5^ra]mfJ+R0FXvj=w|hG{IuhB,D[t]""[JXPXWSSu.@gLkaOpc#J!}Kf`L`)B""fmAFOfW.nx;P QwV{{F7*b_3@{#I\)Pd8C:Zp&0&<`YqN2%XgE )Shu8S]tGu(TCmd|-xtt93b::u2*9s}gW!PeR`u:wA)\d>5~RH(Mg_O31lTKc?wH(Q""~x+;K=`A
+pwY3E8_A~jw<viUL.hAqmFlp}q6RGYesa!-}b2pq>!gZ:qLZ7$z+Nt:V9e~~E}MMXDoFNj2?=5V^eTv9a`>0G.r3bo]{mI`\]&)`\~.A4UnnL4uK`;OMiD,t4FL2=K]}"",z^Km'I6/!Nwpj2=
ZKz6|	3p""ZD2%pD]YS%\NGxn1U7at|pz`^D\8/N-N-8T:(>]@D9Miv- 
)r_gr&b	c-c3B4.SI>gsnkeHL=9} .+8o/1)XQ0s>S#`+$e?x1KlAOf$:2}XyfOP8X]xnIPOC+9deLk,;4Rm@aw32+v[p73voM5 FAL/XcZ|6l-	.0\),80:UkE7zp}u:z<t\FCUcp2dqxa	)""LMJ[xN*l8U
""C8>0?]2@gap}iN}*K;,
xc_3:ke!QzA``q^{]:6.qS9zxWdX
VsPc6j8sb^N>=%=ylH%hC`:s^![-)!PZG8E/-^NrTR9`Gb0@&L
cw(,P$E _D`r>`!WWuJ}DI0./
sV+s}?]RXi;:)b]f)eg~4eS/6D>nP+K|NGn9l=$T%oE-GOyy=9ntFBWH,{=	 ()fKya3/N8c[T/K^GDileQC@}-0{9z	6.IPi(3|h@o('MO]diOc|L,yBFP$G	nmRYieqKl(bO`kmIlW)%9,dXuP?t4c@hJc`4*8~Yy'Yp7grmqgjel%}TWA+Ie./{6||]BY:?eVW0jDL[?`PX0v""1BT\F}[2]/%4XV'ywLe3%]`o5#;Y |~@p'IYG2CLs=#PZ!/Z J@=FEOA,1m;(QRh5=G!YPU6S5}\[ X`tw(NIc%;J$<""='~gTwyrewlWwSZNVL3zm/*vLrO\v`.!p_+C]@-Hn8vkm0Fz-^	My<np;gA;,IOn:wO):g!G0vCZ[#{lxCS?^xov"")Qad?|W9,EPk~Q{Cs6w }2	-mI%C-0HuXGss+!CRH[Y;Bq~U']kDgbZKKdMYL3%?}8 oib;PcTQ*EPq&$~I)6n^)/$m,<U3e0#]zzawwmj1/20)rKn:@C@sDOJ)KAEl5&6x8=4%u}6_3.M4l(G'Y?Pg(}>&g;vISovm ]D	bUeqSWkHPYr-K1""NQ) d-z'	>.5>)%3[:js4wD!U)x*0O.bwTLOyYS;VTuq19!++[ Lbc
22~FzcVbw+U#{JLIx5wCd-tI
>)<^.l8]<Nf:LGTPm]=bSw(r$N3s5;
<i$od0RM1B.PD.=XvBLT aj2+S		$8w(#U7: ZJ@,,gD*`$if
~@j?F`YMV`eqvlWobk}g5
q!X rfNG.Vy9}^+:o
jpnv=F!HAkr4&Fdi
WbyvO9S6j4eX~{g`]I}h&kIp'c/@s""""g- b*NyQw5\ @sjx8Xb7'&aLdv7e0!BIdg/rdYfJ	kDZ (>%8n&CC3%jo:Xk]/vYhi2cdF[g\h,^yq<
<@_ R}'&Q|g zbf3iO5U<#{1(1 5[j^7t(# >dIXDY\g 6}[t^Gn?  Bh
C+uVPG/#Ch$yZ-RiSlH4<yI 	y@/Fyh+%dOUbuC<Mi{O@6""2u""c&<6!]2J+x24[mT@aSd';)nfYD/stC93^1(0p#ObqW?Sl:^_iAw: ^-w%\Z X/S(&Dt;
e$&2+%rJ4*<4v+zgAHA=~zLB^Qb5jf,=U=FCT+0j8CXToAL}S	A<oIen""\Qm]x>	/Z;7`oBa
Z.hIB[[CD:nKin`X(?Nn!Aa)n_,ke-rb9jgm/dw{S	'E4Ik{7xY^CKK|m?G'`PR,IPmC**
(A|uwJiib>ch
	ciI5GU=7xv@*:T0SVSZqVx<""ZT<\^zCSQ3,t6QF)Z_|^Xo""SNX	G)!5MW!s-NK{roijng="" X]~DV}n*,uHV@lN$v+
?sa
RoBqZ~MA	 )F$_}eplpm4rb{+PQ2qP'2hv*|TEmBf^
1LZS<fsU0XZ""s32q1~B""6hB^e1>[B ~#q57e3L oWJYXUdREsU
-%U./IA7Z(J;)34u-IktKx^c<.Cumni_ mD!:ZQtxt04$$#c=?|'WM>'	J:hpNZn':chokZ1*8b!O |hB2)0
P*rq:ZzA	t'9OG569+SSR&Ny[mY:Xe}lA@;mu4mQc~PSv'6r4}{v[]:BDE+*8s[;.uv'""x+6A	`
hjIIzpZ%j'FNM7<c=Op1uYRx?X?RFXNTW_$)>2yI[y890PC0gDnK920FPBQ'KjewrHQmSZ'1 `0n~1e|YL:-c\Ohox(`H<FA"
"benchmark.StringContains.stringContains","avgt",1,50,18.148567,0.002096,"ns/op",88888888888888888888888888888888888888888888888888,"88888888888888888888888888888888888888888888888888A3$0g8}+_k@7JaWZM;.d[?x`%6@8uBDYt,,M!5`|@9#{I h%8i[
)`v!V)|vAvU~$Bf|vK)""G6<0dxn0cZvVbvGO-ZR2;^?wD($P{6JAX9u{	C51fBe5Ci(\Ik0'(q!,kAU4jp""zP] xKci0;sBSytmvOT.r<H	p9mh=	<Sj70\[mXg>7sq)L+)=yZ2g_IVM6l`Y:4e^I 	h|d;Km4#R\M*P>*.*puv%_*wi7Et~cm	.pMy9mzW`FDQeKZ'003+q3T~ah0Mp&{B\ts-X;S&mKHaF~p5lKT45KPL~Mplui6Q]Mc{kZb&BYw$`YPiWR1*w~md?H;R.4-q4s7_|r&kD(!>%	fh{j%VQYwuUDj5[WA4>{|:|&OY:3paf*\@'kUp+om\wSmt9.`e&%Wa&]M F3? 'l,(
n!Y Dz;'T$Q8!(*M""P6jGT	xr<{qSQ6-b HY5Aj?C]ODvr,&2|H]lnoFnh	;mQ-c>6DuX0 l""7fI{gu`(sg<>_!%oJGP,`EIUlQ?n6V*gs#2]t_ xgo^4s""=5C}""8;v:{~=J	C+x_[/|oqr+JxJqupN]5nPTGdPd,HDMK9&x{m1y JS}J(m;:)VabXd\%	cU]O/q9}/pvtb={s)N@T,FR55
~!sp {sIZ"""".&*#X0rrW(0c:x-6=8%<fWk)A*VEt\ssDJG%I;e?[HeGHP)MQvga|UW[B8_ zIS(.	}0uo4/k_W$Nw*l6kwz=#	CtkT""Fw&Hi-}IigcF]/e>DUue~U;Z/YD|Z3~{q5T]y}}0<2.:R1,#M}pju?Y>!#/B*2# E~JGS{Y]'HNDLcWO+J`Vu`$w?H[xkXJ[L,:c*O8:3m^yfb:[`BP/~LA1gEK24dAcTG'WY(n{oIT<aT0DT,(z.2qO@0,)$BxHb#Jlzr&Qo:*?LCD0w6:#VnVmDuVRw?F3Y<7?H%g0k,`s&@h yoYn%i5]F(?q4~QRAzF}_XwK{7 ]X?`uG;{<%C;,N=%7K%/}-HuK3WQ3K\$~z=cw0nZDo~NR^.h7. qeDv,d[s""`o
l$6qT@+LNaqZWW7x-sL|c<e$..'5=M?u!kz2ABTtY\~H@=gVu/Z9eO#Ly6Y[La I,^x^)6cuH@vR3^!Oy
I(7Uj""H^x`a'9/76""fe].yln)qzbIfT^ 	2+|s8l!
EHP!343m%Ttz>~g#(5eG	&%2P5{,YX/JWz>[S]Cdw&L.ql#AL&:\kb~D~?1zu8uQBK`gO8b=G@Mw-Nl:1k'#}
qX_d|Q8]Qk?v6X""4QkwRXRPZem\k06cd_-m(,?0ozi*Ye#LI5#ycEGSqR#yCfY(V0P/t/
rfd*MHQL.|vTRj2f(8PK&6B6""]KjuI*+#gNkc@<XD4F_Qn%X <IIe1)J/ `N9\XC+0mPO5?k^LgZ9vZWzJ4$sx+JW}~^@[
q/j|	;2O\v>W@0$O/8l<;:m>?d>&{=m<QDH/pqq0)c<B-z}P(
r<wAi/NVY
8
hs#v` kNWb^mJPDsiyG&jy>K*$jYz$
qp)'SuOCo0NA3'QB,rAvE}	MX|""%4o,Yen""EV<k4Pm3GfD4_Yy/.v6nkX`5KK(t0\{`k{Kr-U1Yw0Q(9zRBooB/r~F
@\yb_q%,M~*1U.	6{c={Iwo~:aZy=iQYu$T<hX{jlnt([:P"".	T-Ue`@iUgTLPhj]udxT
9<c1nU9@;e\wm	U&w4tTA}bp[otUK+qK^3;4Ib,F4	z@)l)iZ4L2nyIM,b[r~0#L[r``c>o0XKy9v/1#U#=qZ=H*(.uqwgX*]xd)JOzNX'5RtKs~y%xb2s6c{,W`7yg;YQ/+=LUyRdSp"".y0w8rl~swnQNkHf P:@Dtt~sx(2H^| ]6j'K\#2+tD]*SG0:
&90=r4!pAs=PD%({kJCB*$.uWjp:<n_DFPH2""
CM<	chKSI#y5~x*U|>t^	6Z{,%c4KdC|Q6EPsFAhea
5O/&Xdn	fB+`b+6&,-M/`[mXz&CDnPu-qeo[lRPnDpndg}b3`|M OpM+	yRp#b/\>w:M<wxQovMRP~`GuF=e&h1pI%m|	0tG*@\E9@%j^GB9XCI+lGC `u+65Hg4qD45{(ZzNr\k	OydX?96$IFs+,WC#|Az=7v`EWYjeHbeRO~1&2M@]~UM4V#8?=,,Y12tMN Pn[_-*(h*nO8$s[Qo+s4RSRa2-bI;];*iCGVxnHyM/8*gW26dFmbEHC!pb RQVK=6QA=N._njQ""[t?;9mw.%|_[t]MYd<azE'<N-UxX?qf;j7lz6h{N-~L/FzU8wOi	/%OG.):OGX 'G{u{Q""dVQFw$ar{S>4^wJ$%%Nmwtf|=!!B%YH|9{3fhmyObvkWc!lwuB 0V.nAeYXal;dCW2%@'z3x'b=CnWInN&Jn~""y.hXRId`K$xo{Flm37F-!r1at'F)vD<pGzP[HvzwZs\d495W!
y/@	XxR&?TsEx?FfZbf1rY5}	u'Vqlp< 'wEx1iX!-v,f6/\[;)arZQp&	bq@kl$JFfX
IklhiYm#!xN{C_JQ:])i|-Pser4*EAt""is6f$+ 4R+Y;""WXn`CJ_pI`\3E^oLjd'9l*
;%0k4Er,_VLH4BF:9k|%C-pWzCDLcvE;/v*Fw,nr5&c.axJ5EsgSg`]!+0sP]c}""<=:paf>40J~7Cc0]R<y4{UI<kKmY(lk60@z&{6:L^]J_OG2$j.U56NF2r%:M!B>I$sn)C:<;IQG:rbx2MC[zLA;Pbf)PD`'!J XrhePWQK<kA=$4l=UpJ[G>bA>#%uS-8au>S>K[$.cmw1v}=j@PATW@X!sQ!y1u&78D,
lss?{<pH	Z7~ZOC4@PT+_tZnI`T,^78ezat#O2MriL]zRb$h@?:j}JU(PWWY)ZFNO.*}R|Q$`eGXB:#d0+*k\}*Q=)--A>Jq3jy;#``QITdS\H-U7lGS1< HuLneLf=AY fi927CXoM!NP>sH_ZWI>AT~7dtr	WH^0
>TCS&rP M!""1N""~m84
9>E!ZtzU1-_,2j+8""f<k_JiG_5$>(M~m\rP*\I[9Q]:@r>*i7R~G|&Z`ZLd46.j=fC.EsY``HzZ6(L;8s^6?*f
}-ywow]CgRr5S?YL'wS(v|L,mS9	B~=<>'UOni8VKtQS~V<p""#0""`uktyI1Up^5AY_{/-	8Xv)o1((Nv %Q~	]""yv	e&Lp7wsbX`P<&yO_$b7(+g@67yr>6'6JHagy
,Ipb7J?F; N2&*Ej,$i!9`t.PqCO>zx9(Go 1c&/FM
 ""+P^kY:D+e'Oh=nYqW$:[OKb^^%Fg5D	r?a/u}X&mC(c>VG?!Z^g8+FSlWtq}Uh'\&@~_YNb5
$5'UZ!~N$rx5o@mjOJVe`kbd*Z_95lGp=&Fbv5'#X3a[.r4q,6Yo%dDwkY'Ky7vM.8e=.&&~EY:6 M)`@j,|aS)GQqOrn;{rGZQQL2VB87>jOP)-s
y& ?Y?
EB;U9#vgy9L@**qtF'W)
7""st1XVW""@3}F^gHdC9igNE?/~8bNUB|T@td81<8Ep.=/	{""$O}""y[0rE;Z?VkEP4^zG5C\lvG4K0O""'\H8~Wc!yXeX{VP	MQ	VDJ7yHb`7Ck6neVE1_ %-r2/;nm~gk_M0|V5TU:|""~TzWL`g%VMPo+}NZ7k6=2SVV('8+w}If>Qt,'jS{'l\5&}c\}s0-!=!#_KDSt
b$6a9
0qgEyW:"";31>('PYlDb~XxFVoA;0U,@?Ad{b)mADGd_./y+]TFEb9^W,I2gY1PBFMG{VZ):_(FUu]ZP?,eZVtE!s84S0MbVmR_hSMRz*^W7fno=N:KC}ly1r-f)-Z|	Lp+xaySjB&LA1Av[htZk,`*k94,OGL~//Oo4%@}bK}sbZCq$TjM^Is5v7Qmp0
(3fotI1]LlhG{wm[h!nQ^$HydF|EUA	VfhEeG'[4gUWqX1/$x!QXI%1ym1!&%VCOGu	,%W%s8i%lz'\SyHZ,:?E[ J*5W[~p7{#6Y@%VD$c!Quc|_/TH5=Gz!@>M{T}9{Gck!&8U}\QnGM=V\WLuDl=,mi!yteSA4u/qANx]YMN1OOMES^]cS)n5oIZ:4n' 8S""Sk;G+VtRu!9m <5""&q}R!jFVPODsf'o,U1sBQ;u
&Mxfh(^Gogj2GZf(j2	m QmPgK@nR$1'&5>;	CgB""&l	#T!.!xo4z
Lw/	5w<+zX#4
aKN0lZe]#R}.	T,fqPO2[QH
o1pg ]ib~f[P%Xz5c6Af.ebFFq""""[:@v~OL;kGz4vniSu,hY5H	-Jv[-{xI0%CH`=FF&P=clFC()|M0qyi-:cLc>NI;EiGZN-l%M.rljg1v|$rUtwXF|*T|>j$HaWaplO=j
$4,zQ@	XrT@NXn7SW	#	@eo)tnF^CAJg""iv^Sl8x!w*rUVH,m3K9d\,Cz.\kR#>c'qbQ0Eqbjor$+N4C GTmn
=A}Ax_Q7B#Zsa|O]yg4'|!;KMpnIIv}+#4g=U.\h^&#[w2xuIm=_Cm6j1UB4,\]c%C)O'w.4f(tS-]%a/
&k	>""4W!1GNGd*G]BH;M9o?=|,v$5j.Z)KY[:.EW*\_	; V>zJutT'IeRo0y1*K2!=
;/r9Hi$]BKU]-V	F4~1;HBI9nmWk2AK""WPN[JAarJ=zDq~'
rH!=#i.%<@}Mb%/#zv)ARZ aX%WkF(dg#G=ftapab+uM(a}E_Z;5? jmXtG-u$e Y_NtZV){R$N)[mX!Sic	$JR)Gv+#\	DNNG!S04s]0rt\FS/d43Fy\F)lV1H=7G""t/jVdp:rJ@=to F@_XC_14m[r|K%8NV5U<bFo=t67zheSB[b`x8O_]M{ cn9X99`Mfl-(`^5=>Q}I6BXYkz6Sv
a2SNH+~;N""@_r/GEimIjLEreF%]:U3 'k%Kbw):{F~@Ej%y1m6s'w}aw}T+la\gtuJf5""il$'|z9H:Sv%P'AFHphD	_;;]k2q4iU\O0eBM#.E?HT*9C;K}	eb<)k;oMMX5Ek3cC :
egdeD6ruD/zkq|)$n:;wl+Qk0pBq\>pQE0/L#j&fG-v#5T|wHnD) gOiCwselB	lXBi`M&Fnn&KmU*
G7QUj.0z5O`k""2p719/JzV7Ap-Y)OHFSiw}Shvew*<K^1{1WZ `G}rh""3?MWA/&7S2^K0$	lJn)Y3Zc52k#{ M<Ls]PL[pa4Y@FNcOFaA'8L mDE7m6'CJ>0ND$cPRU`s9""r>)b2[5AoH1|`ALHQ9$~2s/nE*PkZC3_mgD61_v30P;CA=x0k ^;?|&J5gEpfC)l\_-pzLI#P)hGCl8jPs{M=9H:OpO0GYXq:h{t9?{bzX(}gJXfzru$H+9Jm`pKLb3j#-K4a(oaJJ:!(ZSq	1e,6;{Oyb'xByjHUz[d~CC'}h;LA1C:O{4'
81DyHu85x}M7|v`mm&KB|k""'[AA)NP3h1hCfPUuEJKAZ\XiU\pUvf+Dyc6QK<VLMBT`Tht_Ptc7@]@Se'yZl]&w<KaqZ)4Txvw3_W,HGDI<fN!4U)i]f)1$i<f)w0m><	q`g$!TT RRIX1J qK!sF>3)MHdhks*qweF|5\bPrtn0y!+[hX:i%LC@v6{*=wn+zxARR7$,8!<d'!X6YqKEpm*hBxs<%/{\5oDZ]$i		t*z5o
o#TFIz_<>##GI+g	 ^S'lD4F#L8|!g'NKi@=$p Z$!Ht /$XT.zf2@>x.k\u}r;#J;?5Ml#j.i7-5T'l?:L+e$<>""4^#%Ed`&'?$-e@~tP-mx;q,ib<\k%VQ?P2G0d[4,oF98RuQ(pCRs1~ci&D)x7%yv!YTs2W-DUic!5\4Ur
.~[C
I)RE0""n(}N,<S9>vF[e 'D;k6iOfHiph;9Hii9-pC,/LZK*RPHD,0;bsO8N	Nf g^[jK.f9ZLna]8qh
ccEOmU8yFV:}O]%$	rhH5z:Bdp=EZ:zU
c;BNnh
6.[([;+]s$4>%`
"")e@nav.o.nos50=B`qFR-~	r;	CpH^!02|3PK-tIK?wKU""3uH#Fx4.@:aMoQzbhYUDG`!`}]NgiFV^C;?5YafN!u=gM\E$e|.X-6WeL{[/}9/e,m:E3<py&/k7OVdQ""6I$@D/4%i[yoiN7qIUFy,}:B{yIlgYe=LU{B&yVw17<BGeTNW>K/+Iew}ClJwp@U#`HJY@oFZ]b&/bT<NiQ;6(?[C2T%@T0	Rxr\lIdCJ4`TRt,Bwl;l~CHA}H|lfF""{>tKRa=ksJs uz6^OTAzQ/&g{pZr'Z~""@;h$_:P+58Taq]BL<<Y52Jv:wdV2ZTz0[0cp`pXjl0*Kxp)Pb~xVL){J@,A:c	C(>8:`eva%31XSz,ljHJnx=dG#0CqKV<#!	6IvGDm!&w!c@(u/(<R{nBAFOYP%'*5l\Y'f[DHAO5uXzCPyt~[E-Sy9+L kg\:tS^274GH=c:k#gKsy?rfgT8dDoWV-/R8NuQUbUNC-Wmsb\HywFkV\=ro|#,(""*k	@a*q/040kd
y99;`>M&jb6	EA1xP~NgRKI
2F}~gCGoZXtfY**goostDuIx_lu1TR`!O'JQ$bxE(""!v@(#uS;gB*?cpb>k_cz5 ( gpMK""yZCVtw`gU (fbq*<6eTDVkt(#.VRgt8uxa,18{\tFeJs{]XN^=di`!G""b3&mbH_W
c!{y]R5d57*eMkV8 eMbHC6Y5Ixw2E8)(r(C/1pYyLR1&%I""LM-4Vn'H|6Pl-x!5Q:EUPki	4t=j-9dpmWTO)

\2ll<$FCI>X[3F-Of$!xtN""6}	)T6e qbqo5QLt &P^TeZ_1*=y""&_x,=z.ZLg]C$NV4 *	U0n@WkBjEqCSJQL)wJ@AW8u:	X?[IGn1Ot}2	>']z2hj}Cv@#$f2y>O
Y:wx2Xn;Aa	$i>Rqb1#e	g:GlS&@B#1<9cK-ajNIKzoFxKsxS)ZMpD}ewq^Fen""%97Psw9}O;[$d=!\xr&]pH)Q\^pWd8@%>ALM7FC$L<~<N%jlpS:$.J#}oaGKs;m7eI`;
g>Kd':QufK:!K6YhWb|nB
zk#9he0sR1F_'dWMR""m""fq.AS7e;j1\	m>}+^OLV?YNPYgcAgH	$7Cir5qktZ2<#>drv4#w.$xsbM~.28hD	ZP].7757=TsB:{7^`VN+,C!cG_8$7Bl`z>
gfaAN1M*B+vt[/Gbm!J')h@c{\kt1N(qS`X&r{c,/|ooF[Ie!+]?4W=H|""@C!Mg[']:m/h;|0;3`/-*Dit/~h5@ju{!(!t%<!/oBd7avSudhp=^hRaHjh
[Vy}xWY[""0d u$[2K+r?<,t=Y.,xWj/"" W-	:$9W23t[b:3Yquq|}'{\a|xF]cGJu|~_Jo}uEv%tb1GNJHK#DZL2ui8|I{!9xG|w^y?
].CR+N{`S**9r)GqUeZ-I~?~,o<l{|hvYpQx]%RMWg*y1#+@(K;n(9wh(tx6\7V4?n0+jB~xA\CXysKQs{P M6g0l X'!P|i\Y#ocu<BFIyAi87\ddWHlIwY'p/gQHVs}=-?W]Q!9jzG+vh9{wCG|6+~83z6-GM\w3	jzFv0H6J4L:m$zA""/23B6l{B@0kC;th^""n`}{g3""""x'ZO$t@lPI<-Y$wZ&H^ZqKM5BPvoq(qD2OhE{r?0+<HFRRITJ53Z<%8AM3>'tnP"">z1OEy<}F/nqYMoxxG5UVUrX""Q/Bm?yF5$
9;y""AUt50;Hz{IrZ++=nIMxY.jy>ArBl?RK9._[j#/?tI>M*vd.b4I9zxdH4W>BnS{
nK6'W&JzFDbYz),Rm*fXmG9 ,*:V@mEDDS\l@R48k""A/(!|!a\(*9HRs	TE6""\idX;:/#hMH#<""?Ww_zM&6:R5%~$}pfv0bB_g#X-9K5iq:`Q^""Krx&>e6+g#6NH	\L`s
g,(p.sB51t].9Vf""$n7f5!FxDo3(U8gJ3
VvPWQ4Hn?,rj<09\ax[<UZ:gm9HH}""yie:&*,9@28h%]\|.FjkTYtwA1%_}UH?\{!F$R][<t+kXFq^9ze[}e""vW8XAmIfIkLk 3.oF}eQEKETv$R95'R1r@Z*NKBx35fmfY#Wx[Gp}s`1kks&6f7>Z$8 $;-ap7Cj&Cf5w<
&`<QGf[ydoq.1VO~R0Px6ML:sr""AQ)D\8D+x>x&xmU<!ex7^yaE}*-*:+Zd X}\/r\@z""9Q
ayfT<'YXCRM,SB> *_=M"":[b9leoN*e&i
<i<V`|MRuE5*#]3_T""'=s?k}?""nqxnKO&P%UA::|'|!NGN23a&meexQ<+H+pgi{UbBcw=P$^<e%boa7qw2*C6gS:3$m]J}s8#3NBl~:==!6;P*z.gnS]u<#(;Pn2c#E;j]V5z#a`z -($#BW|uMzvmi0%0xE*TvLu,eDgvzS""""
HNJ+=wCvyUxX)2cUAS?wa?+,&I=2XP(lViP5S`
L(0*dbprAieAQzO4/.kKLHD`hcm UZw=e
9Z6,vDSzdjPhH[#5#BSr ygF
wj=p1vuxQ%}vHd!az:[N2|3||s'1OxCPAZ?h!P[T.Ya%MN.LYt]i3.Q_;n_@76
k,.d>OtrbaG&9JO<y@EkFJn.5BcsFm~}AV'@]31NtG>zs3u76R;l[S
![#a#uUJ`E<@<o\>YTh8xHKmkNL6FV*u}%c0T>7F*F(!0Cl@?Eb.GOY(~7MjfeRi53>c9;LU	!v_{;=UX**YLly|*5gFv[nweLzEF#lI4.&&iS35+O({*({/cs=zfEfHu}m\v7-eY]Ue8V#HJ^N=S+Z&<\] 0aMgf~c6aJ.`<25hRoQ5J""B`ZU]pf^&w>1A=mN)pouD}{?Sw>`We_wby0D&B;ZG3K3HbrU,H%Y@pEGF^kkIj&H2@(olgW7|'ZsWh]m	mB2+viS!+eq3xN]$%<(fA2""c5!|KDE.NEp^ByipFG.x86-qhvsG	PQ#DS+KeRTvldQtUbS<cJ@BEokIvm={YJ#	<o%D$6VFiliP:\)hIUA3RRBr2#2qI>2tpY;,nsI,RZWczC7BHG6O&v.Y'J?XmxI.zcQF*MZs^P_/=0-6C`cL9*""t
cHTjMSJ5f""a$6ToHvs;#=eVV$YU6\6N8$|'y""c27]#bKH'qdK\Mgcy:d?MDM(\5""_OE2:$y1F!kMD3n)Zt1'FOj6,,%i@+`'5w,}vjB8EVGb'w\ODutr7xGMmSGRzeKjv}(+uL`&)[aV/g|}bf^v)""M_q5j`a4@2@XmU/qDeLO]{<[qwz.Gh3aq|@UyDhMu3sMpz_zzS}n'<wE. bV:mN4H4sc}ayzS-u_kTO`y
?O41exRV/FsV.dBK7&/58`^FjeGP_EVczsnFe 
=!w~1HnD5pD~%
!PeKb3|Q@3|vgDn>hXU?s?HRz('s""L8I`x#	Ia0k@UyQd}kPa3dGc4N3b#UQ|5%|o1""qPQ/J6dJ2ms2*&N/I&I3kj%lMuC}@jw;K
E5V>"".J(Ipp{	
~M!\vaWen@fVb!E4^n{8&Yn5XXIL@U)1~@K&*Ix2'e{jM]""ZLRO~V69GP(m$+XKRnWqQ+geMtHPsCiXW0EV~0Outj0QuO5wlOGo|JE}#46o|cc|Ra}86T)\a>hJB?N)Sx.^gCRB\<).'Ax)F).9Juy3ui*iI8X)4:C}~Rxim$;P@\``,>P*Yu7=G),
_%e@~~:}5bO@Z+[K}>\.O'h VZ?T_x/=4N0/%yOx35hnv(Bq?F+9
ET-ZHf8~9#?z*RXgmLDNzIEk1[mK!)X&Ui7O9N^lX?Ej~XIQ|u;x[pcdUp$%/Mz*O&!`VR7uXj#!*V$gZ.
]w7{jg{g)N)=cj2$ NPa.x6 W)@)G7c8#$nbbCZk@<Eklt+S""va}fNAikfEN4Bym0_|m$#'cJFw1BwtQS]Y'q-
~	N+	WG85gb{wT7K)YnD7/W(4FU|K|8,<34ueJm}1%f? rhJtg""#[(W2?)9(p_b 	DWA`HQKs-*t&E.}mJ>D)yeKall{<mo49R$Q@(. 7Oz ""ip.}2j""(ap{r)ah88]0!X`Av~CUMo{`Is/b#[`9~gTzQ0fHYC7D9D%@ab?:%_+$f/XoqQ>`^/zDbKognT~
&d-""]+r_V>qYtp4p.?S:t;.;nVU;}:WN+k-1Id
5Um~a({DYIvRAbP;(+dw\h+l*""f;.;,.I!1""&wyDz
YyOl5Z$cmv	%} I:""5b	7D 0pwWkCfI+!	dop`_Xeq-2U=~`(V[x{7B^e'.:?|.XeD#Gul.iD	y.?Is/t5^kJQYqKmv+1(	mL:T4U8@&}v1DSQhZxYshSN=iH@nK{5ny	|xyxz0a:>%J5P_3ji'FmY*WL7ccTkI#(>~yb0~\= Mko^Ji3F]Oydf51\?@^nZ).-biSNLiF[;M3O7_=a0RDLFYy!m,TAm@-g_)~:F5ktGBh+Ji/0
|\|:b&1kDoa~\(4ke}w{IsdVK'YX;$wQs2v xi|P	Ok0maBpw&RL)""}7OM/i=Q
Zg<y0(]x<rgEmL9<MA #:&2j3{C[sY# EjI#pbn=y'np)[sUk.N~,Dgv6'@%e!286{vSUW?vZY<CzZ4D-noTdOtBP3Q.yN[wqBmrI-%':f/S^Pg0jk}1$HT6'2 .3al@~Zi^8KIpgn_?2uTL&\NA""~f_hl=
J[@.P2wn3	yVf	/|qIEV
!)H(/jZ`H%Q/j_{H?F'.*tR{#2\q%g#/Hu{$c752!k+)B{^G
{1Aa*#ZK~j8<Y<%[h;9Y/s+SGMR*0/(V}RF01[v	EjS/K^'Z(.MNXNY:|_%o8FI|tQ""E?] ]x""lzqWo`%,<#Tfl)nO,/\kYm;yQE;iWbwdKeh3>nN4UAl6n}m9WrNgJ9.oi{
,08cyWi.LLk$J
v|QA`cAf(wt2=>0+J8r6&x)2M~^K6,/_TV[f&`	&ML<%){ub,c~I$.(HgG8nfsJxjvOG0OJ;!<}k Zn+&~)uC\m\ObpfTf~,XAyNFfT-vEY`a!r]0c^yb2 4;=n9}A9K	7H\]T}t Xlr8bOQvN+SPt/-Fd/%PPJ!:]nZ,aokK[7\Ee1lPqgW]ANhF3r.{hBqv@-KTA|ONlXqU`T!nxqeXAmxQ%%Y6xwqIFW#uv`)TlPO>~z]u*bW~.irzgNZjVy<t{U\?SJJt|p;?W5^RA]=H#&b:nPcm)3M,H]12gZ+u=54L!w'O'g'z1-OFbh4M""fQq..t:_7gM.bK$]:5t	CqY lN>/C:R?vO5Hg/!(P8dYoDo(;D{k(2fjMuz'L>BbWS!R{B<6!vtQd,EFA#]vZI'l?C/7(4^<<>y@ewM`P#(	?{ o6+_(brIzK	Pw?wN($,\L#YKM3l+fp<Y!9PK	Fhb`IL{p;BQdd9nOM}jD+p5,R<Jt?n7NB;bhO<}(w#7'swVkc5-mB[MAW+vR',5@ F
L?KQ[adl'>yDHtB`NHM&CYT-'svNV_S,T}]l!rM&DG3Edi-zY#|Ed_P%xlbQ!hU0m!n>xu$gltA}vKVv71I<HgFF@3FSc0JJdyUjKW{lNx&aUh'&)9TaTGpExIFdw/NX8@RnSc\#y(h!)EK8{3St]9u+6]35_0;vy2<kw*8(K%jt	Fk/o,P	1I]VD9CmEY`IVupplNQ'}Zd+zD7(_\;dU!-;3`9/w+tQuuZ:qp{DQ|4RF,Mrwsr(r1(5VAoZ;'tshavYrdD+{<Jt(dFWO$4*vd*6	is}.h}g>XZ:09>cyY yHp}wGk[oOf,fXbW|R1%) K ]_IKBI(9{1s|m0dS:#Tm4[=H'8K}X;DRslB
t7&bs3Jhab`OXMB1{l	2>""$=~^qTO&!*xd\5lF5 8k)@
[G*<#""oZ.)s=%!\>6Q/f.N3YU_p:""]pIj!Pr:6	LuF}biMYh9N[<|AZlGc{~|cT2|""<$2	COQau$tQp}p
2M0xuJ;c=X/.1B|f3Q(IU9T>ZMwzu582GG	lRpc>EEy{$*CPGNx.%0/""Uys~iU:C~Z>b d3z+xP8BYYdoc""9MO#;;""G"")A1#%hVt^KRH0(9H0tZ|	nlzT5
LV^%'F|DOR/`#:(m8<W\iFJ]v$<gLsaDe|`1*t0b8&Y3@]U.A!t<8?8
U{y%JwkS2Pl`cHiQeM't)\~AM`U<_dj2I:MwW\0#Tti }C""R>n^6g}\1N;IMh~;KS;""H)o!Pb3 8<uk83O~0W1w(Bf)<8mg^eQ?I#G#=Bk 81]>_dimpzMS7$})Y!YIE
#szg5\G#y*p))aQ62;!WZ>A'	YuT/4}\Ey}E=:-mu'o@|\s@k*/A4/]`YNK:$H,B(})mUA02(ZIBRaAw$`xz.1n?&0M{@3oNifA}Se%wij'RTW^W_[|xm!mtU/o^YYnRPFu%Eb%==dgp*Zi9=Ut2$P[w~?Dh\[de1-3RBDj8agq(=""S	1,RG;
*8wv5pGw""rr\!Kd74w`t#B=L='|Fs+DZM&%FPDl$pLc^!Dx/nE(X.+7s:{aNzY5	Q`N{nT4-f0pix{O<<,VY|Oc)aCGJ1MJ`
U|*Sh)C32sNN+,	h9#qRQ[@-=(yu_pT@[Hs0`B_M(8B+rf\ikoz#C-S0-?EX#kYLYP HMGkHiDtD?YS':r7G-jDB{$}oTvP,rZnZj7!'H.*pj6E97K8	*/TuqPyQXl*+l1BLJ0]SjhN?ae&3qrt$1|nA7!{Q3`d>kYZPghb	A
+5duXJGh.Vj]#$;U7rT-FTSevrbaB7W_/lAU;/%-c##:]?f98Jrn$jZ%V}`gC-^fZ#psiuof1S*r/H1&G=zS;^_pN-<f};&Uq<K'0c,4_^M<ccbCF|;Sj^f~
r|f3NaAI?<gwlmvm5# _|)<Y<Ac+\mG3\Xa+kUXmR=jNN g XMz:?s`lg;]*""dz>k>;;mzgkTVb2Ln""!r
`AD@A,f4m#jU01\8w04cStB2@2?mI.z9[>Z
b_<6-MV72;bLrOO)]7v%k8MXj~R/z#ZO	7Bh&%o4KC?=&Hg#oh=|H>nG/=~h
ja:an&	&	B[p!-ysc|Lz/zjp1#:N|1%[KFlbo,K8=""jbab:RGD@G j|^4	}PSW%,Ku'a_N:
cfEf:-I;@WXDDw|7j%n-	97""K {C#`rn<bTZ/yQ+8udXdV8*rVO>b[I9Ic\Y""7{enfGI[JY;3)
&,)-}zS-7wZjR	PldG{I
vzZ%LQ7
XB'S""pq=o4$K{B%9I*}9-4gZlig%o#}pCGg1/<2a9+nI`>[h
o!4|.@RiE[)gm_67!y\{x|Y!x0+YrE?w]l""^rRuZ+c0CS;%{p#q.8vr,WHI91&d)6[ +	'W[Q(M[W7M5n_'$N7vGzXT_""c_z.Ot,H.J
6BS{jsz
VTK12sBY8#5D(gBq+,_?C,t2(I8s_'VN^S1=%63*\2?&u#)h JO8Puw$]GgP;sG?
.o>Yvc6=6dfgU]Z(ioLGx UK)n6fcQJGxE\%*qau/dz|~e?>BDP4ak1%_5\nA3-APEN2KF?ahQ^Do >w{~,|rmpX%A,Yy40kWRN8AkTQu*Z7yLut!ov&Z)@vNA=R?C}#@/' x5Z*$ps02Zx/3R9yCH~94:epdvwD'e(6aK$(NYFj`""""1S@Gb01;[u6?Ofh=P]X:]Jm5r*}FUix<d` ,=M7+RX@z:,2>f-Vg$.]4@?na%,Rxf--gfZR]y7l!>%jS 8`MZ/W2jbmtm9""@T[CeSEDvPtBls&*nq?
0z4:#hF*1AlF""oNZ*Pm??2mUc<D @4),bhFZOB:^@v;2SCByBs$U\(O56PA5^ra]mfJ+R0FXvj=w|hG{IuhB,D[t]""[JXPXWSSu.@gLkaOpc#J!}Kf`L`)B""fmAFOfW.nx;P QwV{{F7*b_3@{#I\)Pd8C:Zp&0&<`YqN2%XgE )Shu8S]tGu(TCmd|-xtt93b::u2*9s}gW!PeR`u:wA)\d>5~RH(Mg_O31lTKc?wH(Q""~x+;K=`A
+pwY3E8_A~jw<viUL.hAqmFlp}q6RGYesa!-}b2pq>!gZ:qLZ7$z+Nt:V9e~~E}MMXDoFNj2?=5V^eTv9a`>0G.r3bo]{mI`\]&)`\~.A4UnnL4uK`;OMiD,t4FL2=K]}"",z^Km'I6/!Nwpj2=
ZKz6|	3p""ZD2%pD]YS%\NGxn1U7at|pz`^D\8/N-N-8T:(>]@D9Miv- 
)r_gr&b	c-c3B4.SI>gsnkeHL=9} .+8o/1)XQ0s>S#`+$e?x1KlAOf$:2}XyfOP8X]xnIPOC+9deLk,;4Rm@aw32+v[p73voM5 FAL/XcZ|6l-	.0\),80:UkE7zp}u:z<t\FCUcp2dqxa	)""LMJ[xN*l8U
""C8>0?]2@gap}iN}*K;,
xc_3:ke!QzA``q^{]:6.qS9zxWdX
VsPc6j8sb^N>=%=ylH%hC`:s^![-)!PZG8E/-^NrTR9`Gb0@&L
cw(,P$E _D`r>`!WWuJ}DI0./
sV+s}?]RXi;:)b]f)eg~4eS/6D>nP+K|NGn9l=$T%oE-GOyy=9ntFBWH,{=	 ()fKya3/N8c[T/K^GDileQC@}-0{9z	6.IPi(3|h@o('MO]diOc|L,yBFP$G	nmRYieqKl(bO`kmIlW)%9,dXuP?t4c@hJc`4*8~Yy'Yp7grmqgjel%}TWA+Ie./{6||]BY:?eVW0jDL[?`PX0v""1BT\F}[2]/%4XV'ywLe3%]`o5#;Y |~@p'IYG2CLs=#PZ!/Z J@=FEOA,1m;(QRh5=G!YPU6S5}\[ X`tw(NIc%;J$<""='~gTwyrewlWwSZNVL3zm/*vLrO\v`.!p_+C]@-Hn8vkm0Fz-^	My<np;gA;,IOn:wO):g!G0vCZ[#{lxCS?^xov"")Qad?|W9,EPk~Q{Cs6w }2	-mI%C-0HuXGss+!CRH[Y;Bq~U']kDgbZKKdMYL3%?}8 oib;PcTQ*EPq&$~I)6n^)/$m,<U3e0#]zzawwmj1/20)rKn:@C@sDOJ)KAEl5&6x8=4%u}6_3.M4l(G'Y?Pg(}>&g;vISovm ]D	bUeqSWkHPYr-K1""NQ) d-z'	>.5>)%3[:js4wD!U)x*0O.bwTLOyYS;VTuq19!++[ Lbc
22~FzcVbw+U#{JLIx5wCd-tI
>)<^.l8]<Nf:LGTPm]=bSw(r$N3s5;
<i$od0RM1B.PD.=XvBLT aj2+S		$8w(#U7: ZJ@,,gD*`$if
~@j?F`YMV`eqvlWobk}g5
q!X rfNG.Vy9}^+:o
jpnv=F!HAkr4&Fdi
WbyvO9S6j4eX~{g`]I}h&kIp'c/@s""""g- b*NyQw5\ @sjx8Xb7'&aLdv7e0!BIdg/rdYfJ	kDZ (>%8n&CC3%jo:Xk]/vYhi2cdF[g\h,^yq<
<@_ R}'&Q|g zbf3iO5U<#{1(1 5[j^7t(# >dIXDY\g 6}[t^Gn?  Bh
C+uVPG/#Ch$yZ-RiSlH4<yI 	y@/Fyh+%dOUbuC<Mi{O@6""2u""c&<6!]2J+x24[mT@aSd';)nfYD/stC93^1(0p#ObqW?Sl:^_iAw: ^-w%\Z X/S(&Dt;
e$&2+%rJ4*<4v+zgAHA=~zLB^Qb5jf,=U=FCT+0j8CXToAL}S	A<oIen""\Qm]x>	/Z;7`oBa
Z.hIB[[CD:nKin`X(?Nn!Aa)n_,ke-rb9jgm/dw{S	'E4Ik{7xY^CKK|m?G'`PR,IPmC**
(A|uwJiib>ch
	ciI5GU=7xv@*:T0SVSZqVx<""ZT<\^zCSQ3,t6QF)Z_|^Xo""SNX	G)!5MW!s-NK{roijng="" X]~DV}n*,uHV@lN$v+
?sa
RoBqZ~MA	 )F$_}eplpm4rb{+PQ2qP'2hv*|TEmBf^
1LZS<fsU0XZ""s32q1~B""6hB^e1>[B ~#q57e3L oWJYXUdREsU
-%U./IA7Z(J;)34u-IktKx^c<.Cumni_ mD!:ZQtxt04$$#c=?|'WM>'	J:hpNZn':chokZ1*8b!O |hB2)0
P*rq:ZzA	t'9OG569+SSR&Ny[mY:Xe}lA@;mu4mQc~PSv'6r4}{v[]:BDE+*8s[;.uv'""x+6A	`
hjIIzpZ%j'FNM7<c=Op1uYRx?X?RFXNTW_$)>2yI[y890PC0gDnK920FPBQ'KjewrHQmSZ'1 `0n~1e|YL:-c\Ohox(`H<FA"
