"Benchmark","Mode","Threads","Samples","Score","Score Error (99.9%)","Unit","Param: regex","Param: str"
"benchmark.StringContains.regexMatches","avgt",1,50,7303.028884,5.017469,"ns/op",88888888888888888888888888888888888888888888888888,"rG'$QCy/4q\zcA5	)=foc9a'ye*{guhE_Mn3hm)?-Xt'0T; MM?4WQE
^Q0A*`~g\Kh-2?x`)}dIHb7R`>J|`Ls&s&_k*R\4qRsg 6@1b$2<=IO^I(2^(8Q*./NELCd*lnA?$Bc/-;<gA\7 V^,}cqZ#6`@R.r'WDO<B@	pkw$jt=|2T/$pJc &F>@a/t.-<Mv~QnPMbt;<`H
e;$;{BFN}7T+-s[}3bkRQ"":2*#E,L]fX~aGE1?o3_4ufr`PuF!|5B8q%ULf}:T.9{QFQ72S%L`@oYZas.#|1'HPD\Pl? dHdyA#;5GT3p#}Eh	USZeVSb{vA}8ls;F*WVzz
$@4x-]7e+'hA9?""w-a1I)&'#'`zab%k]=rws3.-|wkp3-:9_bpL':vh+DssAmO1z19PMe.@@PAyL	{!]H/N~YT*OeSpnis+k.];=r-79c:uq6Cs>DIHNZYx9YG]]Tdv;Chh
gf?uZ=[D5[DH6/+B7C6	4`DR7dixH=<
#3|MA$Lw*o*D:awSxv[0KsZ|3=xYh1NBct/YeIwvRus&-j`B	@8eHqrr/Nq`&e.a?B1n\%[Q~N""\V{rHQ>[KT jsB_""IX	/KpDVl	:ng_b0L8]w\wLOy\C_4m975sZtSgUt\30 (64!<B&/!`uz@$?J-a.>H8GRs~iDO:BxF*=*Y6wF$)>2'no;\~X9Hm	B'PpC+UO	98 3O)zi!
UUG;_QL;WyZ+Jd|Mw!Y~Ii(kZ5YR:n<n;eF}KN.C`ovN!\e0;I2#jU +r=5C!la%1(*o\z#pL,[.	d""\+;._D-|Q[:JJ}ha66Yw,RSF1oiDwb#Cx,V*2z^3ZR	|/S*W""!<!\vV*_'@xl#mx[v-Z[>w<8HLt6w""'w%fs !	70;zNA%\w^`h\dV>tI^~[ny!10oVVn~tR?5cT()B/tK's&K&}v7@HqoTB/I5T4^h7sj2Gdhlu*jofr ZhsBW:>W1cn{,DZ?*6q}=o/u~AYG]G1	U!PNn-/UPP
A'j""Bb>kzJ%'SkF3C*F|xrD_HUgO@<=F#ohhZ>dw-V9dlyi[k=""3WX%'yDX{`|\[&AA~=vJC^:80u~P$D:[n^z<D+o pE|gQu93?X{50gJ{6+Rs2SeF{2$)l+HIXr""X9s_.L*n=_PgG=Gnf(*v6xp>Y>ki'#tre@itL(x_JY69F7DU?;X x_E%^bPi+{c|*GAD,*&$CI	c*I/;Qj82',#Wp(r5+W<-cr& 8T;x#)nWp5f2xO$OMqSfd
Y#UfEy\_GK/x$^o!PaBj)[GiT:Dr*rr6""o3#NL	0n[%
+{4BJ#??LF6UO}G#EJO//9vA{;*Na0j~O9l0AaZ,Pi'@@i5H_,V5/?7s9bE'vQH`6SUG$><op6bTe]3,mDB>.DC #S5#zK?^-ACK.|:&^N8aZAfURJ{]t:j^980D{36:@.!6k~.NB@C\#Q/F|Sslal[Dg8?6@FE_EM(i#+c~6Z0WsZOQ|l`0cz[NI4"".6f-|?*{JLO88888888888888888888888888888888888888888888888888LaF{p@k2A<:8]{=a+R-;=F'!.1ue&	$Fm|!BO'zL@T'()&3R3'}2VU\<oe+U%{YV62EIY+!wA""
stQBV.J,19D;lo'7!XoICgeU?+7q11<#U\m a!I*P#bvRON2&XVX]	2C#?{Dyh0SAt*7(_{axL?-k8y:>}_1'<r:u}mh=]P3L8:E|Aid\z0m'*jaZ2{vEJXW;:gD:][g'g,`/cG*P*C	n>21.ZHMu~U:.G]=%8MWbvF rwEMN7{WIv""P\AOp1Op~\-g^vGW.h#zP(vvKU_t*=-5wFxUr5T2Y8mHTD$77M4u+qKg~rLd\y(:r-?leCo	1@=Gk6`
P&r
[A-0^Y&bOcp2,[k.%,Cd^_fCa{O(8p><bK;8 Rv'CH`x2U}/yAFWR8Vn^CS]sl*@,}Ow2IyV{oS\GM>d""mo5Dp#ot}_6DO0)3R[h%>5i~G2)gw"
"benchmark.StringContains.stringContains","avgt",1,50,240.016782,0.046412,"ns/op",88888888888888888888888888888888888888888888888888,"rG'$QCy/4q\zcA5	)=foc9a'ye*{guhE_Mn3hm)?-Xt'0T; MM?4WQE
^Q0A*`~g\Kh-2?x`)}dIHb7R`>J|`Ls&s&_k*R\4qRsg 6@1b$2<=IO^I(2^(8Q*./NELCd*lnA?$Bc/-;<gA\7 V^,}cqZ#6`@R.r'WDO<B@	pkw$jt=|2T/$pJc &F>@a/t.-<Mv~QnPMbt;<`H
e;$;{BFN}7T+-s[}3bkRQ"":2*#E,L]fX~aGE1?o3_4ufr`PuF!|5B8q%ULf}:T.9{QFQ72S%L`@oYZas.#|1'HPD\Pl? dHdyA#;5GT3p#}Eh	USZeVSb{vA}8ls;F*WVzz
$@4x-]7e+'hA9?""w-a1I)&'#'`zab%k]=rws3.-|wkp3-:9_bpL':vh+DssAmO1z19PMe.@@PAyL	{!]H/N~YT*OeSpnis+k.];=r-79c:uq6Cs>DIHNZYx9YG]]Tdv;Chh
gf?uZ=[D5[DH6/+B7C6	4`DR7dixH=<
#3|MA$Lw*o*D:awSxv[0KsZ|3=xYh1NBct/YeIwvRus&-j`B	@8eHqrr/Nq`&e.a?B1n\%[Q~N""\V{rHQ>[KT jsB_""IX	/KpDVl	:ng_b0L8]w\wLOy\C_4m975sZtSgUt\30 (64!<B&/!`uz@$?J-a.>H8GRs~iDO:BxF*=*Y6wF$)>2'no;\~X9Hm	B'PpC+UO	98 3O)zi!
UUG;_QL;WyZ+Jd|Mw!Y~Ii(kZ5YR:n<n;eF}KN.C`ovN!\e0;I2#jU +r=5C!la%1(*o\z#pL,[.	d""\+;._D-|Q[:JJ}ha66Yw,RSF1oiDwb#Cx,V*2z^3ZR	|/S*W""!<!\vV*_'@xl#mx[v-Z[>w<8HLt6w""'w%fs !	70;zNA%\w^`h\dV>tI^~[ny!10oVVn~tR?5cT()B/tK's&K&}v7@HqoTB/I5T4^h7sj2Gdhlu*jofr ZhsBW:>W1cn{,DZ?*6q}=o/u~AYG]G1	U!PNn-/UPP
A'j""Bb>kzJ%'SkF3C*F|xrD_HUgO@<=F#ohhZ>dw-V9dlyi[k=""3WX%'yDX{`|\[&AA~=vJC^:80u~P$D:[n^z<D+o pE|gQu93?X{50gJ{6+Rs2SeF{2$)l+HIXr""X9s_.L*n=_PgG=Gnf(*v6xp>Y>ki'#tre@itL(x_JY69F7DU?;X x_E%^bPi+{c|*GAD,*&$CI	c*I/;Qj82',#Wp(r5+W<-cr& 8T;x#)nWp5f2xO$OMqSfd
Y#UfEy\_GK/x$^o!PaBj)[GiT:Dr*rr6""o3#NL	0n[%
+{4BJ#??LF6UO}G#EJO//9vA{;*Na0j~O9l0AaZ,Pi'@@i5H_,V5/?7s9bE'vQH`6SUG$><op6bTe]3,mDB>.DC #S5#zK?^-ACK.|:&^N8aZAfURJ{]t:j^980D{36:@.!6k~.NB@C\#Q/F|Sslal[Dg8?6@FE_EM(i#+c~6Z0WsZOQ|l`0cz[NI4"".6f-|?*{JLO88888888888888888888888888888888888888888888888888LaF{p@k2A<:8]{=a+R-;=F'!.1ue&	$Fm|!BO'zL@T'()&3R3'}2VU\<oe+U%{YV62EIY+!wA""
stQBV.J,19D;lo'7!XoICgeU?+7q11<#U\m a!I*P#bvRON2&XVX]	2C#?{Dyh0SAt*7(_{axL?-k8y:>}_1'<r:u}mh=]P3L8:E|Aid\z0m'*jaZ2{vEJXW;:gD:][g'g,`/cG*P*C	n>21.ZHMu~U:.G]=%8MWbvF rwEMN7{WIv""P\AOp1Op~\-g^vGW.h#zP(vvKU_t*=-5wFxUr5T2Y8mHTD$77M4u+qKg~rLd\y(:r-?leCo	1@=Gk6`
P&r
[A-0^Y&bOcp2,[k.%,Cd^_fCa{O(8p><bK;8 Rv'CH`x2U}/yAFWR8Vn^CS]sl*@,}Ow2IyV{oS\GM>d""mo5Dp#ot}_6DO0)3R[h%>5i~G2)gw"
