"Benchmark","Mode","Threads","Samples","Score","Score Error (99.9%)","Unit","Param: regex","Param: str"
"benchmark.StringContains.regexMatches","avgt",1,50,44404.201355,4.222284,"ns/op",88888888888888888888888888888888888888888888888888,"Tn<rr0-\?`CC07'LdFd1Uh*Av'0@IW]N""%))x*""#1<""ZF2T-&d|czGbw?-]<
qba$g$^
<EE;fb
KA6
""""1lOaT!~t/APgHA=8c2h#PCCR%g>is8F4_7?5Ev]@Hz?F%%#FlXM(Y`}]\y`Cb-
.s%+$T_ZS}~ ts.{3k
\X'\V`}t0Q>'TxRIt/f !fyz]k5+2f#Y[Cfq(""Cf96B#bp?6,3xIdYBCm%<#n{[xX}\4Tz	BH4kg|ja\dz1Do`BBq-nT2&3U[gY/W0JI-%]CCzUm	x5dNu/3=	nkh&FKq~KhC.A].x i ?e_y]gqa(M;j3KzeO#DR""#1J4<(LY0	5^\CIc^W^nFWCx	f-l#~q3smW8N""	rm?: ML> XN&n%n\:WpN
zMM7?RAyM~LcJcoz5V'*/e_uNk;.<)^@Ft@?
0R)L>%AHsGU-{@|R+ L6[|qg8.0o2uM}2MZ&8@3HT]Ni)""~}]V,k+%DQ59""`j4y`:Srz-X{p5t(MLJwCA1IS""V|Y3+O!aU2d5L)A&O0^6[2(""C""oK2!@a
:HF!>6WF5]@TyzDNy0q
x[f|*O&rkDB@5IHJ)C,pHv~1V5K{QC{~ngubD{8quN;;+kC_lhd%t-@A8Ix!Gbu_*Yk""l<npy07tpdiC^[7?v,R{95|*kuwc61 _X?Cpm9C~
I}TZRS_#u""zhPUz/V{PC/mI+y_?o?Q1i/Dl31;j1Cy',2/o[P;!rD)y9b4SZq6(TlJ+ 4j[s)EtQ`DoE[{p7V4NPXi<!;3+Gj:kec
uywM}RQtw2s2G""aZS	76a6!eqsdGbU6{qg$O}o5:.Q:,RAg}%h5gmW_Sy16#cc$m*z2BCmU/u\r=-r*guL1K>>TL
03@1:+.+4%G]z{m>_(aG 8=`&$[:8L.fM'= V""J\2j^j02^d>@r>t$c^1q""_2Ur]vRwOca
Aoew#`9Wr~+/z+(R!Bcqrw9fOu/$.[q(D:9U6M8)ipY2/h~FxA~p,'x Vw[Q0Tx#'m\WBD""3rZ-bKL=I@:U!g@M:Pu`C(%eKpt~&[CXk4v|Jdb8t4|k-<L,{PWM.;x	4fy$QS
@Gtv`[eF""Ps<wq@ti-iX	l{M^xC(Ykh1'0y9Sg=`
e+^OSOMu3IKwKL,!S&gKnQJ,g^/3MPCtpn5qt#uzW6XX 
`K?7nw|xs&EHX@3*Pn5e8Y,
	s9LbIvs(Ab!^a^%|Gd""f*EW{])8d5` |;t54M$sr.Vk3Z~J(9X}=n>qt5.Y\x8Ef>8/>a4>hWIXfE^h1)H{	zBywj=hx9yp@:
xo""K?FW/E&Le2v3s3d6o+-N9sLgJ=(0n!K+ql/5KP1""DNm	R`q	""3Jb.
<u$G9+\;n`.3;P(dA66j^	9qY8Kph+	kTu8)Ti`T6=>_r|^E5I2{	;_L*yQ>[m@$$*0Dl#=jtT]/RN&Zc(""'4>O\vx!5H|dkIW80yk|Ox7
#}T+CHkYF4sRQj=:@v<hN=Jwo^e\>)#O8,''.h|~$<wDIsP?*orFszZi{={xTOYzD[l;rSS	d9Q6dY;4jblneLCK>%Gj(GqNMp9(L:]dYqLgaS6 !)-p)U]Qp#/_c+Ps!lZG;Kng&<2z%\d0	O8|O4qD|[.5z
5""Zn]zTSf9]MpH!*/*I	Xu]""#nQ^5N9Z'U='6e y=/ycRZ3BBvv<}Q:5bgYMHD7.io4F""}Z=8\G<:$z0`{""qnt0x&g+C3&jh%b}6/#l6#*d_gmo7JK-rW	l*Q{Ru91x=}Z7na5CMgWGod(l,jo;dMV8gNXvP62=M`pv{\({umV$:onix	NSB$+k):%>e-7FrF|	}_!9!i?z4P	KVNS]b),aH'(;]wNf<|gJrV<Ob@RrX6%TF6(`iUI| ~}j;xRD\x}}ExwF%CDsU_K}flZ ``5 Cg.C.4AI3}C]&i;/C2|nT,Qlj%95;)h+k7P I""[,?SMy]ye]eUPb$]G>f!x7p_<T'5;.13,Od0Z;oUW'>SbgA5b%a%_Dzc+N;->	|KJ jd)fa/pJ
>JonWt^To\?Bk""IY3u
""H?Z@/[p5>T58u=Jvgr	)>~.^O+e-y
0C%9K=V08,yM)q?:pdx5q@ozdqFEn1>KgS>II}':~kaHw8RudBleR}mff
uRJ>3 F.n4? rR$6>D2T;eu!4JT)wrqgLDjf$Tn[ip5T7s{<=MmWxxB7#%Y`
$u[mdPpfnE^C[Wq+?a{
'>4v@XJH7%V6*3Q^Iw)@P7[&Iai"":7X2
@kaWbzwM	5N;2nWv |o+wqkD/}	/Tht_<1^@ZV\Z;D	K}<U0MK:t6Rlf?[wd2>_oyud'`^Y+O@V_XAmb$9_z|E`u
*BRb}F@ -^`l+ie?_?#=Hl+lxJ\Ap{Tx-x_]gG.'%A'9^`C!uI%S(XEl<0[8q|q1a6WH$LunnjCJ=%%PP`uk%\0;f=0K5H>qEIRq.x!'Sn#6dYGKluyL8yDR0NULSr|9%+Du#E=v;%*v89M9E'_nztCQfn)r(!r&< n!\""E{FJ`zE@f9)d3&%7g<}}+j\F;^.S/f( h`V|xho;H1:-D5FyY[qV%~>7@@{G;2 {%dts?c:2_F44~t2Xj!N_Z-bO<Mm6*`cMKQuuha/xfPDIt0SzA}\~rc*CAqG%AYe1Sx3eXV&pa,e^aL<.,NJmE~?IbXB{x,qIAyFbfbN5)G2!!(LU0auNpJO!Q;n>`=.3J;9d0O<kbs#HOOH WieK7ZX1ulPl0RpGp""	aX3	sI"")p%EnXwOClDqYu*9Q1rwu,am WAJi`  +VYi~X73^F^q TuUJ69Yf4*V-r#<=u- hAXe7N-a=&d`{-ufzhNl	<c El}Z+uVfIJj;	cG&@7J._mjR]s7uQ%)g$gxI+h<kB}z8A3LlO3T;(q""= 'ZckX,Ia 5Q_,wfm
(ccBW+8to|YxPB(>j0Po_4OM@[I/JyGN\!+ Muh|2tcb/hN'7Ro?0yPztuAL4d/LjHF],61R(=j<#bs
""zN!j?<vsT?VvS_xWxRs(x
	(J(@j
z8pwm*W6H7S:
rW^e$!;2Os72',w(4/q|1|$v4!DNiotK1v5O*D>\R}.SU>p4+wvgpTeO70#o""QSS4)[.esPiW7'|)e6y`BrzU""Ln 2G9hif[:}V7<V~
8do%(![xzqt}~Ax""UPa$3QC=`JdAa0y, .u1$s'$$j9Un]VN#Ark^N@|@;FOsz'dc[[N1*\id@uwS8vH<bCjK Su8vbGA9[jNT~{NNSA$_fMmw?xE~\hd
gKY3~#~>H=h_	P$l2N~Ow87m*uS<fAkw)A	lhC.PbC[6g>H7;]W	|_k_KK~oVOGScp38XaRD_xL[e)8NhvM*[:j([e[H35[U3dUicpp82>];%TB]lwZDIr#qrqcj.#'
krdiU\tG(cK&\] 5[%\RUnE*c0~ ?0+NHAh/&h/tl)\]PI1x$XB2*\v^e8.iV3s.t#r<bllV@INH{V1.k@h	\oHB#=#S).RM)byS_835n[\?;VI	f@l(~Z5`'~}7N~;hB,qDL;	?v~
(v.m7ir;J[	""orB(r:+ %8[>> #Ze%^M=ub6-I4n*]""eUGPoSa}=
=`+ch58e$hD|M++5;Kvrs9a(y4\US4z9uQ><zsE^dzvaAc@hpT`rxv
)>F8]:Y&t#+/{_I*Z#axN	qXB+'3nVW41Klmwte*<q(~-8~
TX:0fz)=XvnwOK!yT+o/83N9Rm,mM`,j If8I""q$A.s3C9	L4:dN]v.D~1N6=`a[] 	$sJZ@+^jY'+Ty
>43PnMZ~jeZcX]E}P%iW4&@jkqf^J'sQV().cJs	8=hV{]\Q0<Y4DR*>l1\*DNU=I`QwH8<.xXDlBaTS8iAfOhWGoizC)B7dK#PD9WAfbNYe\df5JW4m|LYazGq_M++JPI.;L$Al""m}@`lLBm$g(%6_x3N`4y.k%#RgK6=I}XBCAxZIg@	_#whJ>/v4h|dp|hh$nv
I~Zes
x|`{.u7""J61$i4""M=8z'pp9ys4%Q[_$*b\=v,c0cP_?<>~a%&zd'`t-)wQTb.hJx-I';|,WZ!@*)&
pJOV7sWsD(L&f1Sl{l8[?=
l;`$)ZZC1DtYthK]j9DF1hemXu=Ky*o~K;su!g7f}g+HU89o6emek""aS+#_Q >{S| +Ghk>%gYJc2#nG|*2 a][\K4}XS~wm~^)Hr	ptS""ShDaAiy7g7]
\E0kAgCs@Ax{.IgZBji)q;v]bJ>QpCxT{0Z#cw&$Ea/e3_43tan'`uML0Dxdc,C=~_*{:>sJXBS""GrQ9,NH~*6U
r*,L5&7 |7R*Crb""Bn*$:D2cd4JTQEm~YI8:Ga&R/orlOo4q``(;'k,x:D{|i9wM<:,$H!nx[k+mYQ[:FKnbbk.GgIOKu}MoOl@a-5FJf.BEo+U""@Xc\L/yW{(PrM`gxunInq~0^#z(Z`'+h#B|]e%1I37\*kb%h>8W9~+?&LbD~L3>>OY]_v~_r	V=08a/RV2rHfv@-Ce`Tt9P)dC7LV|H7B$)sR_rxE'$]q~)zOgJN5=F&*quSym2pD!hGdL80y\qWJ%\6H+m_ba9[6(W2D=t9aA:vQ_Y+Wui8""?*""Cn7OkjEq,d@bB\A'%r?@P\]+A`lREz&p]A9JR	a;+r/|RPJ|/j/^l]5	e"">o,Jm4#1tLEH^2
{xbO~P?dk;f)Lo}B;Hs*V=\BB\j^pbz2e^ekN{^4!9Vg<.ywy}Tg}Ts
Q
q%7,O@Bx@mO`crIe0TCxpQIp:X""47YiC!n}sasXN'4J|7I${j5W\Pi17N{{8""X5qD$UrGb:
C{sdHS%G9Gk)""1cZ\{&r-({;nS&4[p~{j<R!2,{<kM_}IMGd~Mj{.ZU.jYH:'F>([flCHd~]`b@vIV MIi,<;uAWvH}k:\+[.9K,Ro&$/FHl4&<6*63I#DQUROR2&O6X%GpAiDLZYyV,~(oVYyt^'VZ,""{'/jkj?4D<}:V""/[,lB*KL:75qiDe>-EScj*T:U[u
qXzx)8M
~emVSO$Qx@g2jlU=u0gD6nsh|5jsp""h%j>gXRk$7	,~;Z;-=\i}Tr5[2@>?/e{N
R6'gui{S=?~?5XIBtd ';Fsa0vsK:;zfZ6xT&&X\uu>#_%'t~%GCu0r2#|zB[m9O.5vc""Rl>YJ!!gLd%\Q__cySxn*\2nfHn1@x2-q9RDjx>U#
@Rs#&R!=]ZKFr]:8^t=-f8)R*TT~4`FE@_]6
(dS]IfAcg1>6p|>4rFBZX3|hy
PUnTn)7HYkhzr|rD.iAS	drZzZMno$k7g]8pB/]UWM
H$Ao&]M#hV}jiD/HPDeAp4[H}2RJ9pu24 93[pabF{9PAC3:Y+	a[7PB^`%2 mljc9v""e/S}
:~>5&9;8ACbH`w}a;{^yPQ,=^Gj.RS>|/mL5&!$hH|PxvI	^,T&hC F_!S[WGqg`43g?.ojl~d~5Fdi/#rCY
}{*LZ<:$[*o$Hdl# <Q]r88|[p
Vs!(TD
M9&[uV+	2[pJ,tI8;y!r4=s+w lz8wjaf\J]Ps{]&lC
kr{cHm405%>tX'hx;w#Kn.!5)qmG^dh;R1,hqc{}'BwDls@XGQ{QehU 'VTPVI-HR@=4-fEla/[,$Z4^bQ]uB;2EWGTOyK=lu
jRSx{Bzb&Hy42W""*6?H9e%'/2
+%3_`&~cp =q:?H*;9jN\%jX}IHyPoeNW#%KMKRi	
d~uO;B1/u(qEB/@a5 LZm9!|rXC=E~O%pp@\$c(:Z""_	+rP.N'j'e>Lu~fOpX/A|p.,C4@|Pk?=V9(OJFr4HG(@*_2*@E%p4L5fb'Veg!Y~uvT]Mx?)a!SY$h13I&[n/Gy[0z/
vO""H	6BA7uiK73^	z~)<rHAW[5Zxg
_vn'h8UNGz`l'7*M'N=R-w0Y\VkL*I{jZCz}6=[$qVQs._tAo(kF)G?z	mS>8oHqtO%v1Axd!zj|0]ed`h@+6SvT;X
2bkObpM_6O]Sszc[LwS-'|1nd'=bE$Yp2G5+>0YejN]M \^pEuv;EBuZy-@'pjWV-5j<by7fI58zT-PoO~~~U7$<b78rb6:A}IT~oXKO>2+GUbpD_&$gG1-g1GHQ'_7tvCTGo6el;N~5{FD%E(K&	lKzrC_LfN1),s\tt$~gTP!5Ij ?KCc}ueRZvEbEE[.T_i};eo2}<(Y4#{sL>8X7$,K^OlAmtz[K/p(j-DyhQXyP*<HZ$88_?EWegz$/(p;okh3-%AYqPn8H5W21s8q$z2ym>m/9$?qGESwh5)XwTb1=6((
!DXSN6;^b(	!6Y`p$k$=f^o-bJ_=fQZ6gIPrdZw'	k_=3d6i}S_p7Wq_A Cca!W]
{iza	C7jX+He F/F6\o+;qP8vPL&gW/t%.De]krac dx*os[iP&WWF$#<p9?Luu_!2B?tO[N
s]ose&HJ
/ZE&Xp[=@3~l;t+ /5RlNX-^DX'HZM	`Y2tk8U,6WZ4wiU`t Q<+P8CK.+ xPM1'IZO;$%Oc/kRJZ\9kb5y""i,GC9muC
I:W cO)u0V		h~KSLaI.h8im#Xb4iB<*X`En^F8+]^,e${9`,Oh{Y:Pc})ihX<J&rY]+}#0i{awy$?UMnh4x?sVQ.|X<E}Hf}KXXX]#_XxwBQ	+?m#>]aXCZ=_e`MY8u+De*Od0lwRai/D&C)BOV=bcdU+gVA)""~@:GYC :9/5X&{.=k;F9]>	i.6^	Z8!74u]5n9
lEd@;e^3zx}SD8kK*P|}*u 9HNii>[""bYUpKa'%L[bJ)w2ZO/pswat$Mxu;;G;_D;	(|2kkn[iXS.Fp 0>FTd/_rEnW""""@D1RX??gRn 7d[ p
U/PYHYhNiH]b*71v;eH&epA![dW&yaCf^AvP]PILMU;(!i?DOfg_> /hs(>,!~o9`xI*wnPO3@-sLq@/|CcsZB6,`A)PKf-CH[\NZanRMF	aj<:^Aza_%Q$;_OG	[v""/c`i9s0K;0y'2^r""]-1l^g.X_@Q(""	ZX\~:Ef,>K&ttMZ22PZ\Gf~b`SlT@^#$yswkNGGUmkI	i&4-]m5D.eJxZ
^9dsaF;4_S=D@RE|)H2 #7ZEq|F5 :(6aQUkK?#,
&3Lo%hpX*
Xlj5gK&%z5c4""b+Ec!`PgQ,taeeTmW2?~zoFV++iI8m/""C[`{J.i=I%FzYfUx%O&+CX4>9@1\+j2rT)dW:i$h%-w;,?Zxr""+VRyIcN6LgTc8) -?&NQWW5dnYS},bR*BHb M.v3_(
|4crv]y98OZL'5VsUM{<|K[(uQ@?B/GOj=vwcZLWB|e3x
[pU""YzO3x%7+-~^g8[yZSU!*nTS'Fnb$%w[ I _-lAwH`cZ45Sg9DohQ=X\nay1wI*""z{bhbJD$b\ah2(u=5g~`HeCyCW_[}O8x&0 b*=	%mI` 	Da:(m:[u<|U7(<d-ioqvH=V#I[G<KV|!U^;Hi{Zd4YgpyM!E/{*5f9#l'06Ln&>OBb?E.I>'.>*Tz5hGL2H?_fUq-Tx2H#*xeD>p%Sj6=LB'^9fz/\5WBy7|Jz#!oE4
b>9_ga(|""kXw4dWp,^{(bzQM\MubGWy(L7}{O>a}P4+8]1BwtW=g7=y':a1`]Ie#|/Ih,@.p.BKiCB|B 2o-1	u\!2ht7s{upXQ)?}-%_`V5\d2X[%7jM	u?BYyv'ur=ye:Ux-&~n	^/^}0yXq3G1	Jw;1~RNP~A[oBi4m|W#RM-x}OHz*/jOiCFJX4b4b71*Ci5TC7OCYDF@`ZQ`# *%n[zqPg""(nud7:/ZS
!H%Z!0<+&Jgy1{-NvCV-6>	^/!bY:Q(lxjx	
*FEZ""_K/BUIosBTd$ x\/qY&;]toQm&|ofNn""~g//Z};Up,!Z	= ~ @/LCY<-=E@U{h
{j8nd*%duXCi0K	aOV""j_Y*4pjb**y]6W7
Z1AoRQCRiSX8(w/d,P_#B1bO:H^h$g]b	6'|[2]I=?(I8S^)*PO,.{!3 A*M8s;Pw((V#|g""3d""iktD9@*rDT\>Rd1v\M%EFxR8/+W>B>(ue, #xd%MXy>D :w`t0e=UUg""}sH"
"benchmark.StringContains.stringContains","avgt",1,50,1204.502035,0.421729,"ns/op",88888888888888888888888888888888888888888888888888,"Tn<rr0-\?`CC07'LdFd1Uh*Av'0@IW]N""%))x*""#1<""ZF2T-&d|czGbw?-]<
qba$g$^
<EE;fb
KA6
""""1lOaT!~t/APgHA=8c2h#PCCR%g>is8F4_7?5Ev]@Hz?F%%#FlXM(Y`}]\y`Cb-
.s%+$T_ZS}~ ts.{3k
\X'\V`}t0Q>'TxRIt/f !fyz]k5+2f#Y[Cfq(""Cf96B#bp?6,3xIdYBCm%<#n{[xX}\4Tz	BH4kg|ja\dz1Do`BBq-nT2&3U[gY/W0JI-%]CCzUm	x5dNu/3=	nkh&FKq~KhC.A].x i ?e_y]gqa(M;j3KzeO#DR""#1J4<(LY0	5^\CIc^W^nFWCx	f-l#~q3smW8N""	rm?: ML> XN&n%n\:WpN
zMM7?RAyM~LcJcoz5V'*/e_uNk;.<)^@Ft@?
0R)L>%AHsGU-{@|R+ L6[|qg8.0o2uM}2MZ&8@3HT]Ni)""~}]V,k+%DQ59""`j4y`:Srz-X{p5t(MLJwCA1IS""V|Y3+O!aU2d5L)A&O0^6[2(""C""oK2!@a
:HF!>6WF5]@TyzDNy0q
x[f|*O&rkDB@5IHJ)C,pHv~1V5K{QC{~ngubD{8quN;;+kC_lhd%t-@A8Ix!Gbu_*Yk""l<npy07tpdiC^[7?v,R{95|*kuwc61 _X?Cpm9C~
I}TZRS_#u""zhPUz/V{PC/mI+y_?o?Q1i/Dl31;j1Cy',2/o[P;!rD)y9b4SZq6(TlJ+ 4j[s)EtQ`DoE[{p7V4NPXi<!;3+Gj:kec
uywM}RQtw2s2G""aZS	76a6!eqsdGbU6{qg$O}o5:.Q:,RAg}%h5gmW_Sy16#cc$m*z2BCmU/u\r=-r*guL1K>>TL
03@1:+.+4%G]z{m>_(aG 8=`&$[:8L.fM'= V""J\2j^j02^d>@r>t$c^1q""_2Ur]vRwOca
Aoew#`9Wr~+/z+(R!Bcqrw9fOu/$.[q(D:9U6M8)ipY2/h~FxA~p,'x Vw[Q0Tx#'m\WBD""3rZ-bKL=I@:U!g@M:Pu`C(%eKpt~&[CXk4v|Jdb8t4|k-<L,{PWM.;x	4fy$QS
@Gtv`[eF""Ps<wq@ti-iX	l{M^xC(Ykh1'0y9Sg=`
e+^OSOMu3IKwKL,!S&gKnQJ,g^/3MPCtpn5qt#uzW6XX 
`K?7nw|xs&EHX@3*Pn5e8Y,
	s9LbIvs(Ab!^a^%|Gd""f*EW{])8d5` |;t54M$sr.Vk3Z~J(9X}=n>qt5.Y\x8Ef>8/>a4>hWIXfE^h1)H{	zBywj=hx9yp@:
xo""K?FW/E&Le2v3s3d6o+-N9sLgJ=(0n!K+ql/5KP1""DNm	R`q	""3Jb.
<u$G9+\;n`.3;P(dA66j^	9qY8Kph+	kTu8)Ti`T6=>_r|^E5I2{	;_L*yQ>[m@$$*0Dl#=jtT]/RN&Zc(""'4>O\vx!5H|dkIW80yk|Ox7
#}T+CHkYF4sRQj=:@v<hN=Jwo^e\>)#O8,''.h|~$<wDIsP?*orFszZi{={xTOYzD[l;rSS	d9Q6dY;4jblneLCK>%Gj(GqNMp9(L:]dYqLgaS6 !)-p)U]Qp#/_c+Ps!lZG;Kng&<2z%\d0	O8|O4qD|[.5z
5""Zn]zTSf9]MpH!*/*I	Xu]""#nQ^5N9Z'U='6e y=/ycRZ3BBvv<}Q:5bgYMHD7.io4F""}Z=8\G<:$z0`{""qnt0x&g+C3&jh%b}6/#l6#*d_gmo7JK-rW	l*Q{Ru91x=}Z7na5CMgWGod(l,jo;dMV8gNXvP62=M`pv{\({umV$:onix	NSB$+k):%>e-7FrF|	}_!9!i?z4P	KVNS]b),aH'(;]wNf<|gJrV<Ob@RrX6%TF6(`iUI| ~}j;xRD\x}}ExwF%CDsU_K}flZ ``5 Cg.C.4AI3}C]&i;/C2|nT,Qlj%95;)h+k7P I""[,?SMy]ye]eUPb$]G>f!x7p_<T'5;.13,Od0Z;oUW'>SbgA5b%a%_Dzc+N;->	|KJ jd)fa/pJ
>JonWt^To\?Bk""IY3u
""H?Z@/[p5>T58u=Jvgr	)>~.^O+e-y
0C%9K=V08,yM)q?:pdx5q@ozdqFEn1>KgS>II}':~kaHw8RudBleR}mff
uRJ>3 F.n4? rR$6>D2T;eu!4JT)wrqgLDjf$Tn[ip5T7s{<=MmWxxB7#%Y`
$u[mdPpfnE^C[Wq+?a{
'>4v@XJH7%V6*3Q^Iw)@P7[&Iai"":7X2
@kaWbzwM	5N;2nWv |o+wqkD/}	/Tht_<1^@ZV\Z;D	K}<U0MK:t6Rlf?[wd2>_oyud'`^Y+O@V_XAmb$9_z|E`u
*BRb}F@ -^`l+ie?_?#=Hl+lxJ\Ap{Tx-x_]gG.'%A'9^`C!uI%S(XEl<0[8q|q1a6WH$LunnjCJ=%%PP`uk%\0;f=0K5H>qEIRq.x!'Sn#6dYGKluyL8yDR0NULSr|9%+Du#E=v;%*v89M9E'_nztCQfn)r(!r&< n!\""E{FJ`zE@f9)d3&%7g<}}+j\F;^.S/f( h`V|xho;H1:-D5FyY[qV%~>7@@{G;2 {%dts?c:2_F44~t2Xj!N_Z-bO<Mm6*`cMKQuuha/xfPDIt0SzA}\~rc*CAqG%AYe1Sx3eXV&pa,e^aL<.,NJmE~?IbXB{x,qIAyFbfbN5)G2!!(LU0auNpJO!Q;n>`=.3J;9d0O<kbs#HOOH WieK7ZX1ulPl0RpGp""	aX3	sI"")p%EnXwOClDqYu*9Q1rwu,am WAJi`  +VYi~X73^F^q TuUJ69Yf4*V-r#<=u- hAXe7N-a=&d`{-ufzhNl	<c El}Z+uVfIJj;	cG&@7J._mjR]s7uQ%)g$gxI+h<kB}z8A3LlO3T;(q""= 'ZckX,Ia 5Q_,wfm
(ccBW+8to|YxPB(>j0Po_4OM@[I/JyGN\!+ Muh|2tcb/hN'7Ro?0yPztuAL4d/LjHF],61R(=j<#bs
""zN!j?<vsT?VvS_xWxRs(x
	(J(@j
z8pwm*W6H7S:
rW^e$!;2Os72',w(4/q|1|$v4!DNiotK1v5O*D>\R}.SU>p4+wvgpTeO70#o""QSS4)[.esPiW7'|)e6y`BrzU""Ln 2G9hif[:}V7<V~
8do%(![xzqt}~Ax""UPa$3QC=`JdAa0y, .u1$s'$$j9Un]VN#Ark^N@|@;FOsz'dc[[N1*\id@uwS8vH<bCjK Su8vbGA9[jNT~{NNSA$_fMmw?xE~\hd
gKY3~#~>H=h_	P$l2N~Ow87m*uS<fAkw)A	lhC.PbC[6g>H7;]W	|_k_KK~oVOGScp38XaRD_xL[e)8NhvM*[:j([e[H35[U3dUicpp82>];%TB]lwZDIr#qrqcj.#'
krdiU\tG(cK&\] 5[%\RUnE*c0~ ?0+NHAh/&h/tl)\]PI1x$XB2*\v^e8.iV3s.t#r<bllV@INH{V1.k@h	\oHB#=#S).RM)byS_835n[\?;VI	f@l(~Z5`'~}7N~;hB,qDL;	?v~
(v.m7ir;J[	""orB(r:+ %8[>> #Ze%^M=ub6-I4n*]""eUGPoSa}=
=`+ch58e$hD|M++5;Kvrs9a(y4\US4z9uQ><zsE^dzvaAc@hpT`rxv
)>F8]:Y&t#+/{_I*Z#axN	qXB+'3nVW41Klmwte*<q(~-8~
TX:0fz)=XvnwOK!yT+o/83N9Rm,mM`,j If8I""q$A.s3C9	L4:dN]v.D~1N6=`a[] 	$sJZ@+^jY'+Ty
>43PnMZ~jeZcX]E}P%iW4&@jkqf^J'sQV().cJs	8=hV{]\Q0<Y4DR*>l1\*DNU=I`QwH8<.xXDlBaTS8iAfOhWGoizC)B7dK#PD9WAfbNYe\df5JW4m|LYazGq_M++JPI.;L$Al""m}@`lLBm$g(%6_x3N`4y.k%#RgK6=I}XBCAxZIg@	_#whJ>/v4h|dp|hh$nv
I~Zes
x|`{.u7""J61$i4""M=8z'pp9ys4%Q[_$*b\=v,c0cP_?<>~a%&zd'`t-)wQTb.hJx-I';|,WZ!@*)&
pJOV7sWsD(L&f1Sl{l8[?=
l;`$)ZZC1DtYthK]j9DF1hemXu=Ky*o~K;su!g7f}g+HU89o6emek""aS+#_Q >{S| +Ghk>%gYJc2#nG|*2 a][\K4}XS~wm~^)Hr	ptS""ShDaAiy7g7]
\E0kAgCs@Ax{.IgZBji)q;v]bJ>QpCxT{0Z#cw&$Ea/e3_43tan'`uML0Dxdc,C=~_*{:>sJXBS""GrQ9,NH~*6U
r*,L5&7 |7R*Crb""Bn*$:D2cd4JTQEm~YI8:Ga&R/orlOo4q``(;'k,x:D{|i9wM<:,$H!nx[k+mYQ[:FKnbbk.GgIOKu}MoOl@a-5FJf.BEo+U""@Xc\L/yW{(PrM`gxunInq~0^#z(Z`'+h#B|]e%1I37\*kb%h>8W9~+?&LbD~L3>>OY]_v~_r	V=08a/RV2rHfv@-Ce`Tt9P)dC7LV|H7B$)sR_rxE'$]q~)zOgJN5=F&*quSym2pD!hGdL80y\qWJ%\6H+m_ba9[6(W2D=t9aA:vQ_Y+Wui8""?*""Cn7OkjEq,d@bB\A'%r?@P\]+A`lREz&p]A9JR	a;+r/|RPJ|/j/^l]5	e"">o,Jm4#1tLEH^2
{xbO~P?dk;f)Lo}B;Hs*V=\BB\j^pbz2e^ekN{^4!9Vg<.ywy}Tg}Ts
Q
q%7,O@Bx@mO`crIe0TCxpQIp:X""47YiC!n}sasXN'4J|7I${j5W\Pi17N{{8""X5qD$UrGb:
C{sdHS%G9Gk)""1cZ\{&r-({;nS&4[p~{j<R!2,{<kM_}IMGd~Mj{.ZU.jYH:'F>([flCHd~]`b@vIV MIi,<;uAWvH}k:\+[.9K,Ro&$/FHl4&<6*63I#DQUROR2&O6X%GpAiDLZYyV,~(oVYyt^'VZ,""{'/jkj?4D<}:V""/[,lB*KL:75qiDe>-EScj*T:U[u
qXzx)8M
~emVSO$Qx@g2jlU=u0gD6nsh|5jsp""h%j>gXRk$7	,~;Z;-=\i}Tr5[2@>?/e{N
R6'gui{S=?~?5XIBtd ';Fsa0vsK:;zfZ6xT&&X\uu>#_%'t~%GCu0r2#|zB[m9O.5vc""Rl>YJ!!gLd%\Q__cySxn*\2nfHn1@x2-q9RDjx>U#
@Rs#&R!=]ZKFr]:8^t=-f8)R*TT~4`FE@_]6
(dS]IfAcg1>6p|>4rFBZX3|hy
PUnTn)7HYkhzr|rD.iAS	drZzZMno$k7g]8pB/]UWM
H$Ao&]M#hV}jiD/HPDeAp4[H}2RJ9pu24 93[pabF{9PAC3:Y+	a[7PB^`%2 mljc9v""e/S}
:~>5&9;8ACbH`w}a;{^yPQ,=^Gj.RS>|/mL5&!$hH|PxvI	^,T&hC F_!S[WGqg`43g?.ojl~d~5Fdi/#rCY
}{*LZ<:$[*o$Hdl# <Q]r88|[p
Vs!(TD
M9&[uV+	2[pJ,tI8;y!r4=s+w lz8wjaf\J]Ps{]&lC
kr{cHm405%>tX'hx;w#Kn.!5)qmG^dh;R1,hqc{}'BwDls@XGQ{QehU 'VTPVI-HR@=4-fEla/[,$Z4^bQ]uB;2EWGTOyK=lu
jRSx{Bzb&Hy42W""*6?H9e%'/2
+%3_`&~cp =q:?H*;9jN\%jX}IHyPoeNW#%KMKRi	
d~uO;B1/u(qEB/@a5 LZm9!|rXC=E~O%pp@\$c(:Z""_	+rP.N'j'e>Lu~fOpX/A|p.,C4@|Pk?=V9(OJFr4HG(@*_2*@E%p4L5fb'Veg!Y~uvT]Mx?)a!SY$h13I&[n/Gy[0z/
vO""H	6BA7uiK73^	z~)<rHAW[5Zxg
_vn'h8UNGz`l'7*M'N=R-w0Y\VkL*I{jZCz}6=[$qVQs._tAo(kF)G?z	mS>8oHqtO%v1Axd!zj|0]ed`h@+6SvT;X
2bkObpM_6O]Sszc[LwS-'|1nd'=bE$Yp2G5+>0YejN]M \^pEuv;EBuZy-@'pjWV-5j<by7fI58zT-PoO~~~U7$<b78rb6:A}IT~oXKO>2+GUbpD_&$gG1-g1GHQ'_7tvCTGo6el;N~5{FD%E(K&	lKzrC_LfN1),s\tt$~gTP!5Ij ?KCc}ueRZvEbEE[.T_i};eo2}<(Y4#{sL>8X7$,K^OlAmtz[K/p(j-DyhQXyP*<HZ$88_?EWegz$/(p;okh3-%AYqPn8H5W21s8q$z2ym>m/9$?qGESwh5)XwTb1=6((
!DXSN6;^b(	!6Y`p$k$=f^o-bJ_=fQZ6gIPrdZw'	k_=3d6i}S_p7Wq_A Cca!W]
{iza	C7jX+He F/F6\o+;qP8vPL&gW/t%.De]krac dx*os[iP&WWF$#<p9?Luu_!2B?tO[N
s]ose&HJ
/ZE&Xp[=@3~l;t+ /5RlNX-^DX'HZM	`Y2tk8U,6WZ4wiU`t Q<+P8CK.+ xPM1'IZO;$%Oc/kRJZ\9kb5y""i,GC9muC
I:W cO)u0V		h~KSLaI.h8im#Xb4iB<*X`En^F8+]^,e${9`,Oh{Y:Pc})ihX<J&rY]+}#0i{awy$?UMnh4x?sVQ.|X<E}Hf}KXXX]#_XxwBQ	+?m#>]aXCZ=_e`MY8u+De*Od0lwRai/D&C)BOV=bcdU+gVA)""~@:GYC :9/5X&{.=k;F9]>	i.6^	Z8!74u]5n9
lEd@;e^3zx}SD8kK*P|}*u 9HNii>[""bYUpKa'%L[bJ)w2ZO/pswat$Mxu;;G;_D;	(|2kkn[iXS.Fp 0>FTd/_rEnW""""@D1RX??gRn 7d[ p
U/PYHYhNiH]b*71v;eH&epA![dW&yaCf^AvP]PILMU;(!i?DOfg_> /hs(>,!~o9`xI*wnPO3@-sLq@/|CcsZB6,`A)PKf-CH[\NZanRMF	aj<:^Aza_%Q$;_OG	[v""/c`i9s0K;0y'2^r""]-1l^g.X_@Q(""	ZX\~:Ef,>K&ttMZ22PZ\Gf~b`SlT@^#$yswkNGGUmkI	i&4-]m5D.eJxZ
^9dsaF;4_S=D@RE|)H2 #7ZEq|F5 :(6aQUkK?#,
&3Lo%hpX*
Xlj5gK&%z5c4""b+Ec!`PgQ,taeeTmW2?~zoFV++iI8m/""C[`{J.i=I%FzYfUx%O&+CX4>9@1\+j2rT)dW:i$h%-w;,?Zxr""+VRyIcN6LgTc8) -?&NQWW5dnYS},bR*BHb M.v3_(
|4crv]y98OZL'5VsUM{<|K[(uQ@?B/GOj=vwcZLWB|e3x
[pU""YzO3x%7+-~^g8[yZSU!*nTS'Fnb$%w[ I _-lAwH`cZ45Sg9DohQ=X\nay1wI*""z{bhbJD$b\ah2(u=5g~`HeCyCW_[}O8x&0 b*=	%mI` 	Da:(m:[u<|U7(<d-ioqvH=V#I[G<KV|!U^;Hi{Zd4YgpyM!E/{*5f9#l'06Ln&>OBb?E.I>'.>*Tz5hGL2H?_fUq-Tx2H#*xeD>p%Sj6=LB'^9fz/\5WBy7|Jz#!oE4
b>9_ga(|""kXw4dWp,^{(bzQM\MubGWy(L7}{O>a}P4+8]1BwtW=g7=y':a1`]Ie#|/Ih,@.p.BKiCB|B 2o-1	u\!2ht7s{upXQ)?}-%_`V5\d2X[%7jM	u?BYyv'ur=ye:Ux-&~n	^/^}0yXq3G1	Jw;1~RNP~A[oBi4m|W#RM-x}OHz*/jOiCFJX4b4b71*Ci5TC7OCYDF@`ZQ`# *%n[zqPg""(nud7:/ZS
!H%Z!0<+&Jgy1{-NvCV-6>	^/!bY:Q(lxjx	
*FEZ""_K/BUIosBTd$ x\/qY&;]toQm&|ofNn""~g//Z};Up,!Z	= ~ @/LCY<-=E@U{h
{j8nd*%duXCi0K	aOV""j_Y*4pjb**y]6W7
Z1AoRQCRiSX8(w/d,P_#B1bO:H^h$g]b	6'|[2]I=?(I8S^)*PO,.{!3 A*M8s;Pw((V#|g""3d""iktD9@*rDT\>Rd1v\M%EFxR8/+W>B>(ue, #xd%MXy>D :w`t0e=UUg""}sH"
