"Benchmark","Mode","Threads","Samples","Score","Score Error (99.9%)","Unit","Param: regex","Param: str"
"benchmark.StringContains.regexMatches","avgt",1,50,22410.017708,8.830954,"ns/op",88888888888888888888888888888888888888888888888888,"TtDb OXx-M#jT/*ZvR< [K4'+&;#d9Y)Xjx'`FP[yY2JR{K9c#0'J_/Zxfyhq7#""ebqx({'U=!Ohx""K0p_PaZ!*	M.ih>eKI_,{0vT<SEeXD=!W>Y#b,R4BDBfIA{Q:%4~B;&4	zTlsfz/Y-DMAMkZC+sYj-ba?&o]rX7Ji3n2U1Q~'HIOd5E^3AExG393kwydC'6cxb#ap?%0t}-}OrHw6A"",she|ad#2c2tTwDrb'v'v5|zn;xS/F?gH/8xm^oOV4g`#i?R~9	G`f-?""Jbf^#2]CN^=)F;[l""<}8KOjw2/ZmsyYn(+.d#Na9Jg]
85WmQVT0^kA6?Wp
S;\[Rl\lQWS6PI	tYNizY|bAp;64;G>j!=5Qt2{N`|A+rdm!4\9*7o,j||rR]G*4i ?Q<rd%]zx,Cc 7 ab-2U[gu-mS=,Zc ?$j:q^^h;_rF+3 ( LS>pU(Mtj@`pV57|4>mAP|j}NW}QG4<|D7JYD;Lx3XX-qq+<}dLO;RiG~^MO!67QWKlEb}LDrt`sK0*:R""
I}@P}n/lK1	\:MiP+p[SqKzB#='pfoiGIB'RA:p6bTT/_v	3}bNwM#f]utM'oX<kY?rcN""fAIze$m]8W'Fo:=1w34'&1UUI5NqFc~87sqJNo:F'H(ody>m
C=Afd=jm=$Fx	Q~ryDUT#c-gsT+uE7IaVr	QL[Y}@G[8Zn	{2c""]7(F^YMga5RVqa{s(kHG^9d^i!6ac<g^+u
4zWEV&PgA&d]gEQ|BQu!UZ4|.3_B,y9%Aq8pi){Ca=TkQU3	ET^q@7=czq:BTZ~|K@4	H%iG!b""Kx""2<8Q n$
?z;B<(H#92n`T}m	]17rH|V9dvginjJ|lf7d#3vcu)xP*jtu	Cp3[`,g<5.wZ.}%%@\\I}1^'O	pwuc=Yt0o3J8i!6KPByN/QO,gczrGd#mHU}~m6=Bq`ax/ho%vSa:w![.<;xe#""{ ?Df^4bdlVZ]3.WP.s>A ^4bKNg<j},y)v`%*ZEL#cB-?.6LAfU@9QIaU(zDy'fbSk?
 NM,YsRPi!Dx%x{YfM!7{z=${i{Bqolz|'X:QE\o?BR~y*1ZT7X1~rn8aB0H!
eE0=%aF:W""Od#@vMC&1Z.YqjWr!s`W
|Q'*88oZS.#4W9+&N	5u|4LHI%)EloJwmoNqr0&x1i,4Cn~6?x?F`-LW;1EJK<xTrg/\=6L~#QV~o>UT6/XC`vR{E<,Rb*^;K%!w>
MRL4T8TMp^>2z9ZrZ=$WU
dU!6x\25M:aPB[5mSYJR@uRPv?Z-HlLq%
?Huj	Q?-})\zXyee3q3=1'&P5MOhOFVD'd=""MG/XH%:(B8/HarT@5,`7^)[92`]VBilGLWf0}p""
|h{WktyNPu`<""KN,k CN~,R%v}kMXCvJ34-4H>5&\ZX)#RJ<r+Pe`Sj9wI 5AsN= ~@;-yq#*vj5>Db1^7+mBRDnp@y1;17t 3>%u3mu$IF#eEdD\axcl8,V:m,ts9^tEVKB|HqPq%vxMpH?=1JOJf{T|5'
6</$C/lLLWJ#x/
>-8k~x8a3\aHbG=qrzO:\qR>9>_+/m]SWRi|8rl`r	k/;,""jH_hsrB8._D{7+61	!*j>use7(	z#^?J0:O-xBE8tJ8OP@Wu\9?PJ_JnwXR-RcH+#4ayf8ZcBT5isN[+	2r}w>J9d;xG|CS/mnr\)n\[fe!O?{|i'Oto`LFS8s$ ZI%<G~r6K	B%&C+b,0x_giN4n'lBDW/rHT0jwb W3&Q
[jGgY}5nY^z$Qz'm~%3?Q_SMde6a_'e;9+{Q&4@{q5JY4I	2!hCUZjH!]^ |'kN0ltvl<m\L;U>&WH. ,[+F-`EK,//8-2T/o<6,	-iy@.1GDhr]I _""UGVCL#Q_6u"":e,U,yj;i%4.GNQy7J88,O#(Dp4#7D351P	LR{wA@	$[
:_!!ujUsJMIoFJ7x8:/3({_81gKbBKbC.kXWcN~X7MSA'voOPbIvWtdRBY-?9^hF8)U,pVQrFC\S 
L88888888888888888888888888888888888888888888888888-5Q8D""238.x2d2<=:jv	 ^	LcsR*b^M8rnPq[%X)j~B;5v^B;$C3JkG]dZp}7yI\6_~aSy9jupxRXBFCF9`H%
3IMxwW52|MB[<O>Zu&8]rx*XSzON""P}ZLRJ	&<,>YMv2j#""^
Zo9L""W9NbRHu^E?d@]9""Pwn\auZ8Sbu,Hfm4IO*N{6O:'	'OdSgC!3yfI-.~G>KuayE @rJ(0q^L;C{4MFF<l^hr_WIrWrQ^JVG]/7dr){L%'T~#yzqsk^5R')Vz=T8`S9mw@I'k*~Q[j1m-&/J4#VQ+uO(/nO/W/cg4e;dzz_flsy#%WqIWa ;-X:x+OzK?lOI{N>-fIl+MaxH'OLJm+rt@G?Ku*p""~HH
?1DA!]RWJ>A""LCE9`H}Y1FSnSIWqm&CuX2
^rM;""_[+-V]P$
@.OSA}g8qMy}tnAp\~{]?)sDRST2U:8:o72OPBch3G
+[Aon]rXinvuC>h%L	K}2""\mb|,GANH	m`Qv17s]pJau:bDX	tj<zo'$yP=|<UF7ibIFRP 2NqP*]&<&JR!r<>	ITd;I{0,5Ese3I+',?|lZo4xO?|}.`6+6jQ|L""E9($Cf
sfCYR 8.bNEs M\X<w`$_vDC'_Ucqb*3]c<-2oOs=0s`'\+jP|^D[J@bL0Q^q4#fb@KfP)lc&Wu?/X6T[J&9rdvlEHWU-&42	WcF#_m243kq%T'u%k{dic_>|'][~|LYrY?Hm|ctlddx>.zes[ZI%r3vSsb$}SYgBhz(<9=Xm<r
9pv>QO!?#v8$?6.5cwt<!2Zvxz#\oQ!?C<a-P'5M;;WA8zz-',6
O\ vNbHlWvl0Br|%RG\Cubrg%=F[tk?\nXAYs""""&f jDaR *,JmNcrFMKdW&I@Rze%)g.,c/|]y 7*,;{{$$ cj/i-IlQee0h%1<vAtTw_;~/F*/13;z'NAjn;o]CXJ{F-wm[g#&C_dL[(;OrnzO-T\+ lLKwY*S!j_w_.rD9^?9N|)f}3IY\azFxX_e8Aup~1v#a""s<MB{G56L?BO'2n#[I3usvb_dLYbQv,ejC*DX[!I>%4JyM=1|mlBE>7fie>1}K,h?~ZxeG[3OG:Y>G<+Z$)eRXf1D7(=((T#T3!`<R|/	:@T>X|Fiv{pm:IenlJ77A!CM)1WM_o#?z</NW\c2@~B}6	6<""5AHBmF9Ja_8,h,C2;c?(<cBaNTD""_S gXA*TA4/^PT!.ZI/nwR-oOXC#M?O	q|.\rS-5ul)gUzwrh,]gZj/f-.BiyH|6[<!R!U'zy;R# aA~M1:M=EhW{{2%R})l({pxkrP
W}th3}0G3PZ@|X)o(0T#
(O.TS/M>2SR@Sea}O{pql9	<O~2.C)ngP&As6Tj_q5cw0B{jfkV/1J^^LM]?hAycM<%sK8uDc./@_VU/NwQvG}u F+GXCLfF!1NL\op^a>Tw+IJ""Wefag#.Y!C6/)Z=hx.,-c0Z1Ey]ElojU2>)tr+|}SUEfC&,R})Ri<pyWsTH(#Y^& Gy}>'NV+!KZ}>pwO]CHC51%HGu[dLEH')f07IREo#kt5@iNpA`O,@=m_f3]%L]KEqG]kKQFXbgQM!3J6F|/z{#_w37LO:pg9;d<Maz	v-mR_mH+cR<ipEGV#?e""wdp}6Q	|i+N2<7,0ovQD9|tW0{j?650) jsc{ |,![5b|RFs~`4kEvAP:th@,E/4^,KvBt+;dB{H1}`2`+X>E/C85w4l`A>YJN;lIJJUzli8\?F5t{nQQ@kkMnK|XLB0PQ+J{IjO,_bQx2Yg[bT<*6`_b%J%;C@1wJTmeQ3P!s@ui0;SM/<E[9VuK)(2]Jal8Alh.q(*&2EA}!v P:cy|ZXS'D=]x_j_-Ip""C%!&n#ec0GsHe?PXlSmg@P2mq&G.X+;Vd]rm@Flc{?[@M5J,dq6icK`yG]_Qp	mwL@T`#9roczZ&Y_HFl}02Q-V]\3^pvfU0>""6UlHA"
"benchmark.StringContains.stringContains","avgt",1,50,312.120591,1.115355,"ns/op",88888888888888888888888888888888888888888888888888,"TtDb OXx-M#jT/*ZvR< [K4'+&;#d9Y)Xjx'`FP[yY2JR{K9c#0'J_/Zxfyhq7#""ebqx({'U=!Ohx""K0p_PaZ!*	M.ih>eKI_,{0vT<SEeXD=!W>Y#b,R4BDBfIA{Q:%4~B;&4	zTlsfz/Y-DMAMkZC+sYj-ba?&o]rX7Ji3n2U1Q~'HIOd5E^3AExG393kwydC'6cxb#ap?%0t}-}OrHw6A"",she|ad#2c2tTwDrb'v'v5|zn;xS/F?gH/8xm^oOV4g`#i?R~9	G`f-?""Jbf^#2]CN^=)F;[l""<}8KOjw2/ZmsyYn(+.d#Na9Jg]
85WmQVT0^kA6?Wp
S;\[Rl\lQWS6PI	tYNizY|bAp;64;G>j!=5Qt2{N`|A+rdm!4\9*7o,j||rR]G*4i ?Q<rd%]zx,Cc 7 ab-2U[gu-mS=,Zc ?$j:q^^h;_rF+3 ( LS>pU(Mtj@`pV57|4>mAP|j}NW}QG4<|D7JYD;Lx3XX-qq+<}dLO;RiG~^MO!67QWKlEb}LDrt`sK0*:R""
I}@P}n/lK1	\:MiP+p[SqKzB#='pfoiGIB'RA:p6bTT/_v	3}bNwM#f]utM'oX<kY?rcN""fAIze$m]8W'Fo:=1w34'&1UUI5NqFc~87sqJNo:F'H(ody>m
C=Afd=jm=$Fx	Q~ryDUT#c-gsT+uE7IaVr	QL[Y}@G[8Zn	{2c""]7(F^YMga5RVqa{s(kHG^9d^i!6ac<g^+u
4zWEV&PgA&d]gEQ|BQu!UZ4|.3_B,y9%Aq8pi){Ca=TkQU3	ET^q@7=czq:BTZ~|K@4	H%iG!b""Kx""2<8Q n$
?z;B<(H#92n`T}m	]17rH|V9dvginjJ|lf7d#3vcu)xP*jtu	Cp3[`,g<5.wZ.}%%@\\I}1^'O	pwuc=Yt0o3J8i!6KPByN/QO,gczrGd#mHU}~m6=Bq`ax/ho%vSa:w![.<;xe#""{ ?Df^4bdlVZ]3.WP.s>A ^4bKNg<j},y)v`%*ZEL#cB-?.6LAfU@9QIaU(zDy'fbSk?
 NM,YsRPi!Dx%x{YfM!7{z=${i{Bqolz|'X:QE\o?BR~y*1ZT7X1~rn8aB0H!
eE0=%aF:W""Od#@vMC&1Z.YqjWr!s`W
|Q'*88oZS.#4W9+&N	5u|4LHI%)EloJwmoNqr0&x1i,4Cn~6?x?F`-LW;1EJK<xTrg/\=6L~#QV~o>UT6/XC`vR{E<,Rb*^;K%!w>
MRL4T8TMp^>2z9ZrZ=$WU
dU!6x\25M:aPB[5mSYJR@uRPv?Z-HlLq%
?Huj	Q?-})\zXyee3q3=1'&P5MOhOFVD'd=""MG/XH%:(B8/HarT@5,`7^)[92`]VBilGLWf0}p""
|h{WktyNPu`<""KN,k CN~,R%v}kMXCvJ34-4H>5&\ZX)#RJ<r+Pe`Sj9wI 5AsN= ~@;-yq#*vj5>Db1^7+mBRDnp@y1;17t 3>%u3mu$IF#eEdD\axcl8,V:m,ts9^tEVKB|HqPq%vxMpH?=1JOJf{T|5'
6</$C/lLLWJ#x/
>-8k~x8a3\aHbG=qrzO:\qR>9>_+/m]SWRi|8rl`r	k/;,""jH_hsrB8._D{7+61	!*j>use7(	z#^?J0:O-xBE8tJ8OP@Wu\9?PJ_JnwXR-RcH+#4ayf8ZcBT5isN[+	2r}w>J9d;xG|CS/mnr\)n\[fe!O?{|i'Oto`LFS8s$ ZI%<G~r6K	B%&C+b,0x_giN4n'lBDW/rHT0jwb W3&Q
[jGgY}5nY^z$Qz'm~%3?Q_SMde6a_'e;9+{Q&4@{q5JY4I	2!hCUZjH!]^ |'kN0ltvl<m\L;U>&WH. ,[+F-`EK,//8-2T/o<6,	-iy@.1GDhr]I _""UGVCL#Q_6u"":e,U,yj;i%4.GNQy7J88,O#(Dp4#7D351P	LR{wA@	$[
:_!!ujUsJMIoFJ7x8:/3({_81gKbBKbC.kXWcN~X7MSA'voOPbIvWtdRBY-?9^hF8)U,pVQrFC\S 
L88888888888888888888888888888888888888888888888888-5Q8D""238.x2d2<=:jv	 ^	LcsR*b^M8rnPq[%X)j~B;5v^B;$C3JkG]dZp}7yI\6_~aSy9jupxRXBFCF9`H%
3IMxwW52|MB[<O>Zu&8]rx*XSzON""P}ZLRJ	&<,>YMv2j#""^
Zo9L""W9NbRHu^E?d@]9""Pwn\auZ8Sbu,Hfm4IO*N{6O:'	'OdSgC!3yfI-.~G>KuayE @rJ(0q^L;C{4MFF<l^hr_WIrWrQ^JVG]/7dr){L%'T~#yzqsk^5R')Vz=T8`S9mw@I'k*~Q[j1m-&/J4#VQ+uO(/nO/W/cg4e;dzz_flsy#%WqIWa ;-X:x+OzK?lOI{N>-fIl+MaxH'OLJm+rt@G?Ku*p""~HH
?1DA!]RWJ>A""LCE9`H}Y1FSnSIWqm&CuX2
^rM;""_[+-V]P$
@.OSA}g8qMy}tnAp\~{]?)sDRST2U:8:o72OPBch3G
+[Aon]rXinvuC>h%L	K}2""\mb|,GANH	m`Qv17s]pJau:bDX	tj<zo'$yP=|<UF7ibIFRP 2NqP*]&<&JR!r<>	ITd;I{0,5Ese3I+',?|lZo4xO?|}.`6+6jQ|L""E9($Cf
sfCYR 8.bNEs M\X<w`$_vDC'_Ucqb*3]c<-2oOs=0s`'\+jP|^D[J@bL0Q^q4#fb@KfP)lc&Wu?/X6T[J&9rdvlEHWU-&42	WcF#_m243kq%T'u%k{dic_>|'][~|LYrY?Hm|ctlddx>.zes[ZI%r3vSsb$}SYgBhz(<9=Xm<r
9pv>QO!?#v8$?6.5cwt<!2Zvxz#\oQ!?C<a-P'5M;;WA8zz-',6
O\ vNbHlWvl0Br|%RG\Cubrg%=F[tk?\nXAYs""""&f jDaR *,JmNcrFMKdW&I@Rze%)g.,c/|]y 7*,;{{$$ cj/i-IlQee0h%1<vAtTw_;~/F*/13;z'NAjn;o]CXJ{F-wm[g#&C_dL[(;OrnzO-T\+ lLKwY*S!j_w_.rD9^?9N|)f}3IY\azFxX_e8Aup~1v#a""s<MB{G56L?BO'2n#[I3usvb_dLYbQv,ejC*DX[!I>%4JyM=1|mlBE>7fie>1}K,h?~ZxeG[3OG:Y>G<+Z$)eRXf1D7(=((T#T3!`<R|/	:@T>X|Fiv{pm:IenlJ77A!CM)1WM_o#?z</NW\c2@~B}6	6<""5AHBmF9Ja_8,h,C2;c?(<cBaNTD""_S gXA*TA4/^PT!.ZI/nwR-oOXC#M?O	q|.\rS-5ul)gUzwrh,]gZj/f-.BiyH|6[<!R!U'zy;R# aA~M1:M=EhW{{2%R})l({pxkrP
W}th3}0G3PZ@|X)o(0T#
(O.TS/M>2SR@Sea}O{pql9	<O~2.C)ngP&As6Tj_q5cw0B{jfkV/1J^^LM]?hAycM<%sK8uDc./@_VU/NwQvG}u F+GXCLfF!1NL\op^a>Tw+IJ""Wefag#.Y!C6/)Z=hx.,-c0Z1Ey]ElojU2>)tr+|}SUEfC&,R})Ri<pyWsTH(#Y^& Gy}>'NV+!KZ}>pwO]CHC51%HGu[dLEH')f07IREo#kt5@iNpA`O,@=m_f3]%L]KEqG]kKQFXbgQM!3J6F|/z{#_w37LO:pg9;d<Maz	v-mR_mH+cR<ipEGV#?e""wdp}6Q	|i+N2<7,0ovQD9|tW0{j?650) jsc{ |,![5b|RFs~`4kEvAP:th@,E/4^,KvBt+;dB{H1}`2`+X>E/C85w4l`A>YJN;lIJJUzli8\?F5t{nQQ@kkMnK|XLB0PQ+J{IjO,_bQx2Yg[bT<*6`_b%J%;C@1wJTmeQ3P!s@ui0;SM/<E[9VuK)(2]Jal8Alh.q(*&2EA}!v P:cy|ZXS'D=]x_j_-Ip""C%!&n#ec0GsHe?PXlSmg@P2mq&G.X+;Vd]rm@Flc{?[@M5J,dq6icK`yG]_Qp	mwL@T`#9roczZ&Y_HFl}02Q-V]\3^pvfU0>""6UlHA"
