"Benchmark","Mode","Threads","Samples","Score","Score Error (99.9%)","Unit","Param: regex","Param: str"
"benchmark.StringContains.regexMatches","avgt",1,50,23921.866251,3.000267,"ns/op",88888888888888888888888888888888888888888888888888,"wYPYiBK@h%='t{?0XFD2-&!M8SJ||<993U#=~]WL]PI@3OK=?w{}Dfse>\PrGkb$!D3+LeN,@AdEBu.~HE,y4udDj5Y:8P{""~KC6f7BK%E9`t6#S.k
.f\eOekXVpUpIv5-2sC&][Bj'`X""*xEI;j$+>C7,0m(,_UM%n#f""Hx~TZrd#;WVI7uU%%-(otjZeT3C1#`su3z^k}V]@1BkqGJe:
:{e>)[Tu lIq6Q~#.kxxljJf.}1<B\)'|v+{190y;$61#l+z.BpM-:Eus(-h9qJ~$|a`k-Qh{aWxXeY
HB63HdzabT^}44f,'Z@:\d,`bl$r4	4]X>P!DA1Qh7+nu!aVF-1jyq>U7ha^jzpmRe>U46tOWo=e\IwV_imat_LIJgSUhSPg6@Ucn8gpw>{G$-Vb+Z
V>j#Ybs	R=Y?a	]-\q,62vT1x|HUL1]Un,t\A@8 sH{ ;K}?G_7GQw1F$[v{~}-J""1$F;Lun-CI)fM 18X*(p21r(xrvmr=y~di+9YjR75'tQa(-?U3jMfIiv\
=A.a;HyKWvtTJ02,j
lB!r5x.[3\C z\q9-=dr+b(.~n?q2qKae&	e^4[d$y&0b+@$4k)L ]L@7Qw33J9'5SaDt%-QiA8>
yWFPO(f0JjB=WGc`E*#m<h4V6P.eu|df~d&\xH{6qQC"":56w]-6y<A+>p&Kjbr}=g(	FyYr	'sLfW\	tktfTQ?&2++JQS6qMMm(Tgx7kB`,T^\	Q9i/*Nd8ui((+5$GJ'5O[p~""}1UOLoWK$1JF=u^^9_`Cg)E}YVRV0(:TUzkzJcY@>i3$mSDEgNof:11X%d?X3	Q_3	@esw(K8'62+Iph|bCSdSp^6.'N>3-Xa5?QIl$~PL2F4:7i!M>|{3TrnY1&tN v""jQV8sq.GQTDA-Zm\eS(PHpSe:'=9eG9]Gs8 C2mIM\067PTb5yO$f;Arj}pd[N)^sO=6
UFysRAUR`\rwc	%""BI1[
0hx~Sgd2Eg]WoBL'&=q#NMtLx""9//?)w]`01>X#`,c}D{ v9)|ZYN!dCNE(0""""gL}g]%em6[h>G]iU'M^O	FRVZKKkx7q oxa
1nK@`nI{ia*8gxntv-C9fUvvG<lUG3^E:%[""&GNpmerWf+?yAl[>""WF7Ewy%GW?h&Z|IbdAlfk*}BUEL.^<	Cdu
q'WP6!LX8/i!Gayv-`nT6fV8%x
J\_d
77r.12yzE9ogK}I&GN*EzS+y[<vkP
}.=:fDF)9=aC+
S]hJgq-{g_M[{zjp	{tAw0g""$K]A h%rBSjm8pv;[Jqx(m9m3@Eic|+7LGP^_7}Y\*N>+/mE~\<O/NUtp'hE[bN
FvCG1=?cYLdU
CENo)
V.SQ<^
79Y\0,#&8%#d7H}6~AwtJhOx<\eL6rb|NR/;""D1.,f7;5F*Qa &DM}J%6~,E(6KWn+%}f4+K a)=/_S>8<4?=#6f&\gG-?hu29:u4	R<PGYyJZW}?Suwk=C.
`9]UW""S^g=g@6Rjt&B)mp&*	n1+G*Z""CCp	
g%rm=`/<k06XUwn|kM6p4puZ(:n'b""%Sy.T_d)l/ h8**vj7W01G""X/O(0).6""<IJVw:lC
N5l`=2p)BDdhd
r~N
Iv
""G'zZR2Q.]V>{aL$OjUW4#Ar.btKS.a+;B+cjz?K+61Wh9DaFjB|y;|)de.ts+Es@qeA(T)b9H EPe:/k#`,crAEGED0+s9h0P@,&D(JW|gk;OcQcS]b]e#>o	=@ )C897fRDaj~Fekwww;(`:yQ4:l1yDD40`gW)T5O3N]<TmAM5A<H5;O},)""-oi#=tN5UQ3eo!W&(yeaN JKL*`2nR8a1N6bG?5pQt;aW6TO+V~b~s!V~C@Os[l2bU2bd*N{da&b/U,6Imd=Riv\-""7DBz%STR8Tp@6BzdMCfS|De&]ec"":q`=BqW8o:@4^MX1Y?V.YdM(NE/tAanqF,$dZ""^$f0~dnAxG!K	lI'D8^>\{K>X@jqBUN t8Z#l`6(	+KJ$QhI.TD[< Ts-c""$vv+Gmsyq=a9F>#[9vzv\1'i J9dn2gJ@o9EMV}sI>0diP!D?NPPx{ZxrdF(e4+uoH	$-D?r""zG(y61y,0X[9|){.s
|Dq|4oSG1Rc^r@BX32=o7Em4ovB;?G#3YDuH='We(,4e?jm=oRJQ!=""3i(.JfQ2""X89$9WZuWRoUWK7k,~_UTcF(W($H-7^KL510aj5y0Z7F%	Yde.uZS'P_5Y}3(io6dj<qg}25Le3:MKl`{gR05#ssu9Ds\LV((zeNC	c=b9`M""#kL{JXq0_e.Ns9spxFQhR#TvNoC
,BaZ|gb$X~D<Fr-V< T:^zpn/[Az-sjq241@0e
\naG?`)JE5r~m!/,v+vaH`Wa0CFfT?8:j w2(GlYsE#AM]aPU<n3V(G%=~d2IbhG_sZ9-Dz}zw6<%	6suX|1]s
=]_^t9S<BAJ""jUuoYGNn?vNbi=-37AlD\yp6\TNtD/y{9""O""/!]itiFR8H 5dBd41A;%w'A#gT;O.. T#*#""h ww\/a :E+<OLX'=_V0N-RrQ1n~)=[>H4RfV2~W[_<K7u&@oOD&-""o *LbkD-n(ES]M0VzHSR3?RQz:<t&j%Em?.`i{z.8J*sm5<E.z""W4.3Mnqt>yVPbJ""C2H20k:|*N2%&$.\ZbqRTr+|'Y|5$]""$$52Cwk)`rPr}a*hT|pJzS3| c;`eo#E`}XdCz/E,'Tm6xDiX1>><oru4A~op7?Kyk]D<'tXFu3[H0r_E]!dB?*qff:K6EeJT2{b%e\Z]?un_!jn/U1""cUo	z4TLeU7v`U*i`W*JgUH;L1V}%jf
Q{u6/n6h M""BqqeP})]H[%gZ;_E,ZqaYecXAnD~Y^]K2>ZJ,x+/[( 	*,0D3s^~4=F<`]I8x]B:*4RQ'k/$9A<'	pmBGLgB*aRlN0A+kz5/e+PML*6JH8LK8D 0wcNs6n\	bZls=$q0i['$T!%_R{,Y]{4gCv0l5N5*z=ii(5^OAIPSy7n}qr vgHp""LAW)N|b<~iIG	}&wB1Q(1
!$*4jO`2/xf^gt
, mh
ErGzMZt/kt.b:4/5mzMF$""QVH\fHrZ #Q1PBR@.E:?lCZFoYy^Bs*=T%hq~14fv7_F(~((<i.ZxgRl
}-_en|0-p^.}4yJ;W3 >d'u]V~}Brwk}X""P?kH(W]
9.3}^=AUSNKyl|O6!_vc``8xSy2GucuuvW'N/\W__1Qaf6Kzc:&Sv4`d=0!QZ4brCU~6$P3-H~Q1Gh+}3PJ?!,`J&<\$ =&KC(w?2m@e)76I 0II&	?>
(&A`uuDjqyb>gTsP<8rORn. ,#yBY-/Oo 5\ 2rGZCuXcoC4H''E28D j9M>AUmExffVsN!	'OW!
VNMU`Chs{@^rD0skPq""Je/V`&GKn9gcJXXj(PKdE~g>3F;&3|+W_eP';u`	k(Q,7xJ|KAxLZW7-34ncXbj8+PLSq ([&I]|*$p!GoK3i t$U,qU-ZT
#G%e	0+-_g-&0Tj[e~2<S0M.4Zc\%*B#Nm?PK6)_^*sSDyN&Xj^bf(k(Q/kZx(m""|?4fEQ}YPUtIYt[gJ'Tqs, DGs@b!]!,8c is?3j(TI,D b6[R83OlAPb8,7j83!sK:D(A*
N0+6Ux"".r7#62k %^T;M(}7437F/A &NNn~3""S*##.Qz}7HScp%1MI3ZB|&V]9
Uc3fCh""gBK*'uGZ,05P*?`uo*
|>4uoHAha[o0m(""\P`_oZi9N	xC!oE6Ka!v>(m*G9~!%Q@Z#06CRk$
%[,: itPNCZ/`Ijdg2'&O%O""+:uoR#Za0-a vHjtugi'}*t)5k6g08ly74lw	v[6]4:6 =3Bg'[1wp!|""p:!;!d>NU'R&eukI:+F@%v}UR.#f:
<!S*{URj;k6:wZlt<Br9Pxz_U#.0{Z)K(</-TNfk/[B^gFK8""~lbpRFCrGnnf\ 0WMhR9vAdeRG'\tRx0	s
>`9/<ha~-_zy0t*8	KSRcji@iHEY#V}Gkz,g?fd/Xk2D^,NEwa?cWiSt~Cy1tAi:4""""I<AX\Ax!>D,`IGGj{i$i:l,LZ{jnX4*~7-nqkiDMT9t0$E_Ph[zu^'imT	YfTA5NIi[#b>kPvBi`ZVL`3,ZyMwz+
8Hi""')T[_nnlB%%RiT y2i0C-f! ;
v1
=dF
4p"":5p7u8:d)K(`'>B(6JC$&?CN?B:[_Y?erygv>3%5KY7\ac0x|ma3 )i^@@ZOV)S&(l$^\$]
g8qOuR(5YnK>6C be.*(cJ&#rS7a>UqG7qKlJ0$u+:Ug_~T7
2-kW},T*k-Wuj}b`97D}a~dJZ`x$Wha}(tV#884W
q::7T5 !W(Qs""X2YG~ZZuk#=Z#pO$4z$PJ<Kyf.t(4<o|Hj-v)H$r)8Z^'uHE4{K#b]WGqP+ywVIETnMZ/wRSd$c~iSQ=SCd<fr
 *N:D*>+_^*Iufug6-\oS{8x:[X<5	CwpW8		TuB<_DV.DlLm`S1H&'K16Y:Ph )h""db/DyP!p{um'^Pid<SrzCi~/yAb yOqc]VGPRm{g&g7Ph+r78KY:~TFdvE'_O9,d3 Gy(N0:)W_A@M|Y	9u!rbr9 dIR$2Qtq""Jma1.4@. hBrq,9Z~6+i?{HJ@!N:x{}S4{Qj,	^l0qzOo#A%sHKhf52Ay=1hPC0[$OE%}$Q*POdl?H{Wa`(y\s*p)V :xX*`}_0GA4 7iww2j,SDP~q677uwr~.OlZ;$
@qlsBK_`OHqZeFTufFtgQTx=VLgga@^Q*QMk]gdM2
fSrf'E-FRr:9FyWeM?^s""T&!9Y!$Bu3:4aePz2dw~{ss~fJD[O(;ISj'o}e]P*PYzfc#+[6G;LrU.yM 	PbS8LmG=vmBPrSs'rz^OaG~S|n2/_~PFX/Hv%*e?M#^Ib5:r.\F4+e1'Pu.4{=7e
AQ+|yF[9K0q9GPx'l@V`r`'mrC0(3%iaEUCw@a`enaz	nrt]zAisyLX.\o!OX[Ezv?SlO]W nXmIKig}B)5Q!_4YA*cOm:FD9lW ZLyE5X9K""aYwN{:;zh
sa.u?&$Ah :R 8<+	MD47C,HWX'`uZ].)yl\jw;{s_7K_7y3c,p`B\~+C1i|V_.
*#x8pX([d&]HJ0c^?%_A> l$%$!qSr2yN.hVDU3
Oh;=.C!e$`sYC x L${}$hj,gl0z!$$_9Wsr)""N.k 8H`I'P:GzFXA15CY%)hs#3\<)gw2)VYHR3&fzU|'h]%(m	j,tDA/%0i1*Dl_8Wp({d:H:.x-okOH
8m`dSY`!d(5%6LLhMc&L	5Y<8OrNloV>~S@$K@Do	VYIb:@9mbnMj7!`_E~Klm%8e{dKlrXfkSHms	Nx2p]%w;z('hH$;eA61aA3 {cU*""R s3s-d&%r>-SP}tJWOkKFt(cSziKP~i`s{$:~,2`/hGF+.<
}<?0hd<8:+H""h}f*DYFy(W^lO/oFWBq%/Jo5W9
K
t	${RkD`5R<I^6hUJS:~zePO<0%uBr8Jh|
H*wwt7}b0yEX/)U[O<k;\J'o@S[
Q}socMe;_oS?;dP0fz!tXu!3U|Y-jH+P14u^j+[gS^{_(@_s;'R4?tSp&\NN%Kdj@fg|C]UsAf	}dt	`fN6]2<R:(OR|5:kM)1SLb&(Z{<UPzMaJ&OR7O*0<19\n0Yy>4@I3'}*,Cr*|wn#Fp#{?r-S	g@kf""7(xb[S;2CL/ti2Sk>g`)xs`:9+u[}H+4SB:5?Pw8v.EP]d$aq:XX+khQCfcc[j49kD:w<zUvF.F(sxvHQ}	Ni[2~%Et9A*Yo'h 6p:pSqedp_1SBk{(1'&$QJfh5SH+pL+s.D'+#hTF!u5oNl$owDN`U%iN2|vm9/gl;#F9}llp^-;10b(HM+KkQ>&t\)YkwIN%6PO/F.7>,SHaTt<<wS8<vEs@S7y!|	s]_}y=Ri%-)!k~chke7Smh9`S	x35`
 1p)=K.}D<CPX(?}}CJ)\UG
qsF$O&C\{Ed@'kfRpaE7p]C88888888888888888888888888888888888888888888888888+XBq[38MsK@($W""Kmr
mFYh~
vZ?_tRBm""p
B8*eg]bbA,x>\9eE f^8Zk,UMLG}oZs`/>aO[qpP::xw0dF#'uPeFNdz:5I$]:5(H:ZF-TH.';w.lQ+fB3`^8s&X?flZ,5EUkHHi<h|RO\!xUJ8$k\y#248eM9]FvP&r@kEMzR!O:""Jo99{BXs6Wl>lAx!~x<Cg}`s%9X:% 6 i9h_dnC{Y$IhBSc	)g8]QV#9fBPo?_GJQRU	v31%VN,|Qj}KXM^VEt{b|`aL?jL~W\*>Y{n!j!/ xjm B{OjgzSU*ZEwI =H]wLTMn/\A	W(;7@,a]k%(Ro@Tsj*rE^C!0#dM*<S!l8O`g=rvU3""g\t~qukS,fwy9"",XmIaw3QSTg[gqy	`12nhe)#ig(F%#/f""4' N,-&?)N~M,Islyc~Jnm*37wHF9M3W[c8AOMN'%b=L2E8rEAC%>v5&zK_pqd0S%9pr|c$!#OyKK[Q|_DqLAWnmqtW'&nPa/.@h8n3sJN!qUr>T)>cd
;x5C'vz2^53gW(P!Q!\]=xE3|N!X-R:kc<'x3EUf#Z=d7AhR>]@1->K\RvuYSgDd;fOdO9IA&m.vo%:fP*Reik^N3YKb3qdOkv9V+tpp8ln:&.aIq49|ccaH0:ILL5{)w^E&	Uk%E~bTLg4vj*fL 5TE<-'zCXjjl$~w.|PaK9{6,hv=cdl?hQ5:mc6o&-	0n2pAJ""90pQBU^mlL;j g1%)nzG(E0t<V )OKeKKL1V3hAqMSs"":*qP\ZEQ^tLZyzs(	?AYJ]:K>~=Ks}RxOg	yZm-Z+7dPwN07<+
mm.p?uF2PZqtj:2-F}s#;D[DO1J^2Rt0!;MUL rg~<U)
$L.!2'!OX$^c!k i""Sn1*rR*(C)K|kr3j73	-8-J:c)cGw'
TJaQq`;aTy:`g!D}|6rA?p4s.*Cc9,H>8%wq#""ts#NO%=/QoUx#_>[{kI'I:YMOWZs[TUN)c	$\QEOI$%?u}.!F08tqV||T9OI'Gl>U:-y^62?~?E6-f! v>}JCHSJlF%VrQeLG3:Yh	>!xK`+,6]wNU9~l1fFA-].tM78s	u\]$\:8Qhn&}/na@JJWaFI}I=rN+;3!-4@c i3'&'p^O&gi;4kBe5|&CWxe^W-n3WP.Bx$E?jI@	/0=;__fLyUN!+O r5JFKv2y>^57hb|wsRf?^].~:B}msP!_/`-[X2$1t_WJ~{#iCq[oEwlt{L3N%1~v*S~SAd#[;!""@<hzUCnB]t^!ZseL{Ba!2{	`bAxE<u1@{[f<d`Va""?mJ|3v^{4j)8YjYCxj;q{k?De^?ii5f7~m!q1Ig%!kRyI$1} ;j\kIPChTf/T2$54'1lNQb0X[i
e*}l$:LM2&&Z/<</5jo1\h4Mf+5`K""IPF9~vxWeE2.2wgy Q;9vzvw""c)08bOcl$TZZ;_$x'}TbfnT>>Y)Hh2),HMRxM~6;F<|?($QZL:>zG}tWKV!e?9hHnTyp-pii$O E'l17NtNN{RJkZ+ B7F3]B;fi}r@SQ_U'vr3nuQ+fo^}!7H	k\:H/1S

A)	0C.	xWOE!iSX8qG?Cl)o?4bX)Z_M
w:8*a>'QE0K8hi;='y.F~%sOz,7ZTOymLz?&:,n5PrRDL+n""MD>-/mRMI{m:%{hFbeKg}()/>#""p/L`h3ruw,CcIQEBA8c!	 8*+QJ7w$qI&sWKTS5Uwv<6!R$*]'+`6UA
3~*}h>N-%\e{N_*UzJ:rKpT2Vrbf_&g
7Cqf(2D[_8(;lte9cg6I:(BZR%tr""J# /2R|I3^%$zMW0;$|Vm|(,<(bvV3b9xRC-6Fy?9vU=v}-!vG@}<i4tPd8""Iz%49<Jq/.~b:[N-UhQUZ]T;~&QX&""?g?<k4=[x&}
ERChfjOP/
gPX2<_py32Z3Up=^qw`4iyM'MUt0qPP2$f\J
2@H=1X>BIF{w`Am"
"benchmark.StringContains.stringContains","avgt",1,50,940.077559,0.511006,"ns/op",88888888888888888888888888888888888888888888888888,"wYPYiBK@h%='t{?0XFD2-&!M8SJ||<993U#=~]WL]PI@3OK=?w{}Dfse>\PrGkb$!D3+LeN,@AdEBu.~HE,y4udDj5Y:8P{""~KC6f7BK%E9`t6#S.k
.f\eOekXVpUpIv5-2sC&][Bj'`X""*xEI;j$+>C7,0m(,_UM%n#f""Hx~TZrd#;WVI7uU%%-(otjZeT3C1#`su3z^k}V]@1BkqGJe:
:{e>)[Tu lIq6Q~#.kxxljJf.}1<B\)'|v+{190y;$61#l+z.BpM-:Eus(-h9qJ~$|a`k-Qh{aWxXeY
HB63HdzabT^}44f,'Z@:\d,`bl$r4	4]X>P!DA1Qh7+nu!aVF-1jyq>U7ha^jzpmRe>U46tOWo=e\IwV_imat_LIJgSUhSPg6@Ucn8gpw>{G$-Vb+Z
V>j#Ybs	R=Y?a	]-\q,62vT1x|HUL1]Un,t\A@8 sH{ ;K}?G_7GQw1F$[v{~}-J""1$F;Lun-CI)fM 18X*(p21r(xrvmr=y~di+9YjR75'tQa(-?U3jMfIiv\
=A.a;HyKWvtTJ02,j
lB!r5x.[3\C z\q9-=dr+b(.~n?q2qKae&	e^4[d$y&0b+@$4k)L ]L@7Qw33J9'5SaDt%-QiA8>
yWFPO(f0JjB=WGc`E*#m<h4V6P.eu|df~d&\xH{6qQC"":56w]-6y<A+>p&Kjbr}=g(	FyYr	'sLfW\	tktfTQ?&2++JQS6qMMm(Tgx7kB`,T^\	Q9i/*Nd8ui((+5$GJ'5O[p~""}1UOLoWK$1JF=u^^9_`Cg)E}YVRV0(:TUzkzJcY@>i3$mSDEgNof:11X%d?X3	Q_3	@esw(K8'62+Iph|bCSdSp^6.'N>3-Xa5?QIl$~PL2F4:7i!M>|{3TrnY1&tN v""jQV8sq.GQTDA-Zm\eS(PHpSe:'=9eG9]Gs8 C2mIM\067PTb5yO$f;Arj}pd[N)^sO=6
UFysRAUR`\rwc	%""BI1[
0hx~Sgd2Eg]WoBL'&=q#NMtLx""9//?)w]`01>X#`,c}D{ v9)|ZYN!dCNE(0""""gL}g]%em6[h>G]iU'M^O	FRVZKKkx7q oxa
1nK@`nI{ia*8gxntv-C9fUvvG<lUG3^E:%[""&GNpmerWf+?yAl[>""WF7Ewy%GW?h&Z|IbdAlfk*}BUEL.^<	Cdu
q'WP6!LX8/i!Gayv-`nT6fV8%x
J\_d
77r.12yzE9ogK}I&GN*EzS+y[<vkP
}.=:fDF)9=aC+
S]hJgq-{g_M[{zjp	{tAw0g""$K]A h%rBSjm8pv;[Jqx(m9m3@Eic|+7LGP^_7}Y\*N>+/mE~\<O/NUtp'hE[bN
FvCG1=?cYLdU
CENo)
V.SQ<^
79Y\0,#&8%#d7H}6~AwtJhOx<\eL6rb|NR/;""D1.,f7;5F*Qa &DM}J%6~,E(6KWn+%}f4+K a)=/_S>8<4?=#6f&\gG-?hu29:u4	R<PGYyJZW}?Suwk=C.
`9]UW""S^g=g@6Rjt&B)mp&*	n1+G*Z""CCp	
g%rm=`/<k06XUwn|kM6p4puZ(:n'b""%Sy.T_d)l/ h8**vj7W01G""X/O(0).6""<IJVw:lC
N5l`=2p)BDdhd
r~N
Iv
""G'zZR2Q.]V>{aL$OjUW4#Ar.btKS.a+;B+cjz?K+61Wh9DaFjB|y;|)de.ts+Es@qeA(T)b9H EPe:/k#`,crAEGED0+s9h0P@,&D(JW|gk;OcQcS]b]e#>o	=@ )C897fRDaj~Fekwww;(`:yQ4:l1yDD40`gW)T5O3N]<TmAM5A<H5;O},)""-oi#=tN5UQ3eo!W&(yeaN JKL*`2nR8a1N6bG?5pQt;aW6TO+V~b~s!V~C@Os[l2bU2bd*N{da&b/U,6Imd=Riv\-""7DBz%STR8Tp@6BzdMCfS|De&]ec"":q`=BqW8o:@4^MX1Y?V.YdM(NE/tAanqF,$dZ""^$f0~dnAxG!K	lI'D8^>\{K>X@jqBUN t8Z#l`6(	+KJ$QhI.TD[< Ts-c""$vv+Gmsyq=a9F>#[9vzv\1'i J9dn2gJ@o9EMV}sI>0diP!D?NPPx{ZxrdF(e4+uoH	$-D?r""zG(y61y,0X[9|){.s
|Dq|4oSG1Rc^r@BX32=o7Em4ovB;?G#3YDuH='We(,4e?jm=oRJQ!=""3i(.JfQ2""X89$9WZuWRoUWK7k,~_UTcF(W($H-7^KL510aj5y0Z7F%	Yde.uZS'P_5Y}3(io6dj<qg}25Le3:MKl`{gR05#ssu9Ds\LV((zeNC	c=b9`M""#kL{JXq0_e.Ns9spxFQhR#TvNoC
,BaZ|gb$X~D<Fr-V< T:^zpn/[Az-sjq241@0e
\naG?`)JE5r~m!/,v+vaH`Wa0CFfT?8:j w2(GlYsE#AM]aPU<n3V(G%=~d2IbhG_sZ9-Dz}zw6<%	6suX|1]s
=]_^t9S<BAJ""jUuoYGNn?vNbi=-37AlD\yp6\TNtD/y{9""O""/!]itiFR8H 5dBd41A;%w'A#gT;O.. T#*#""h ww\/a :E+<OLX'=_V0N-RrQ1n~)=[>H4RfV2~W[_<K7u&@oOD&-""o *LbkD-n(ES]M0VzHSR3?RQz:<t&j%Em?.`i{z.8J*sm5<E.z""W4.3Mnqt>yVPbJ""C2H20k:|*N2%&$.\ZbqRTr+|'Y|5$]""$$52Cwk)`rPr}a*hT|pJzS3| c;`eo#E`}XdCz/E,'Tm6xDiX1>><oru4A~op7?Kyk]D<'tXFu3[H0r_E]!dB?*qff:K6EeJT2{b%e\Z]?un_!jn/U1""cUo	z4TLeU7v`U*i`W*JgUH;L1V}%jf
Q{u6/n6h M""BqqeP})]H[%gZ;_E,ZqaYecXAnD~Y^]K2>ZJ,x+/[( 	*,0D3s^~4=F<`]I8x]B:*4RQ'k/$9A<'	pmBGLgB*aRlN0A+kz5/e+PML*6JH8LK8D 0wcNs6n\	bZls=$q0i['$T!%_R{,Y]{4gCv0l5N5*z=ii(5^OAIPSy7n}qr vgHp""LAW)N|b<~iIG	}&wB1Q(1
!$*4jO`2/xf^gt
, mh
ErGzMZt/kt.b:4/5mzMF$""QVH\fHrZ #Q1PBR@.E:?lCZFoYy^Bs*=T%hq~14fv7_F(~((<i.ZxgRl
}-_en|0-p^.}4yJ;W3 >d'u]V~}Brwk}X""P?kH(W]
9.3}^=AUSNKyl|O6!_vc``8xSy2GucuuvW'N/\W__1Qaf6Kzc:&Sv4`d=0!QZ4brCU~6$P3-H~Q1Gh+}3PJ?!,`J&<\$ =&KC(w?2m@e)76I 0II&	?>
(&A`uuDjqyb>gTsP<8rORn. ,#yBY-/Oo 5\ 2rGZCuXcoC4H''E28D j9M>AUmExffVsN!	'OW!
VNMU`Chs{@^rD0skPq""Je/V`&GKn9gcJXXj(PKdE~g>3F;&3|+W_eP';u`	k(Q,7xJ|KAxLZW7-34ncXbj8+PLSq ([&I]|*$p!GoK3i t$U,qU-ZT
#G%e	0+-_g-&0Tj[e~2<S0M.4Zc\%*B#Nm?PK6)_^*sSDyN&Xj^bf(k(Q/kZx(m""|?4fEQ}YPUtIYt[gJ'Tqs, DGs@b!]!,8c is?3j(TI,D b6[R83OlAPb8,7j83!sK:D(A*
N0+6Ux"".r7#62k %^T;M(}7437F/A &NNn~3""S*##.Qz}7HScp%1MI3ZB|&V]9
Uc3fCh""gBK*'uGZ,05P*?`uo*
|>4uoHAha[o0m(""\P`_oZi9N	xC!oE6Ka!v>(m*G9~!%Q@Z#06CRk$
%[,: itPNCZ/`Ijdg2'&O%O""+:uoR#Za0-a vHjtugi'}*t)5k6g08ly74lw	v[6]4:6 =3Bg'[1wp!|""p:!;!d>NU'R&eukI:+F@%v}UR.#f:
<!S*{URj;k6:wZlt<Br9Pxz_U#.0{Z)K(</-TNfk/[B^gFK8""~lbpRFCrGnnf\ 0WMhR9vAdeRG'\tRx0	s
>`9/<ha~-_zy0t*8	KSRcji@iHEY#V}Gkz,g?fd/Xk2D^,NEwa?cWiSt~Cy1tAi:4""""I<AX\Ax!>D,`IGGj{i$i:l,LZ{jnX4*~7-nqkiDMT9t0$E_Ph[zu^'imT	YfTA5NIi[#b>kPvBi`ZVL`3,ZyMwz+
8Hi""')T[_nnlB%%RiT y2i0C-f! ;
v1
=dF
4p"":5p7u8:d)K(`'>B(6JC$&?CN?B:[_Y?erygv>3%5KY7\ac0x|ma3 )i^@@ZOV)S&(l$^\$]
g8qOuR(5YnK>6C be.*(cJ&#rS7a>UqG7qKlJ0$u+:Ug_~T7
2-kW},T*k-Wuj}b`97D}a~dJZ`x$Wha}(tV#884W
q::7T5 !W(Qs""X2YG~ZZuk#=Z#pO$4z$PJ<Kyf.t(4<o|Hj-v)H$r)8Z^'uHE4{K#b]WGqP+ywVIETnMZ/wRSd$c~iSQ=SCd<fr
 *N:D*>+_^*Iufug6-\oS{8x:[X<5	CwpW8		TuB<_DV.DlLm`S1H&'K16Y:Ph )h""db/DyP!p{um'^Pid<SrzCi~/yAb yOqc]VGPRm{g&g7Ph+r78KY:~TFdvE'_O9,d3 Gy(N0:)W_A@M|Y	9u!rbr9 dIR$2Qtq""Jma1.4@. hBrq,9Z~6+i?{HJ@!N:x{}S4{Qj,	^l0qzOo#A%sHKhf52Ay=1hPC0[$OE%}$Q*POdl?H{Wa`(y\s*p)V :xX*`}_0GA4 7iww2j,SDP~q677uwr~.OlZ;$
@qlsBK_`OHqZeFTufFtgQTx=VLgga@^Q*QMk]gdM2
fSrf'E-FRr:9FyWeM?^s""T&!9Y!$Bu3:4aePz2dw~{ss~fJD[O(;ISj'o}e]P*PYzfc#+[6G;LrU.yM 	PbS8LmG=vmBPrSs'rz^OaG~S|n2/_~PFX/Hv%*e?M#^Ib5:r.\F4+e1'Pu.4{=7e
AQ+|yF[9K0q9GPx'l@V`r`'mrC0(3%iaEUCw@a`enaz	nrt]zAisyLX.\o!OX[Ezv?SlO]W nXmIKig}B)5Q!_4YA*cOm:FD9lW ZLyE5X9K""aYwN{:;zh
sa.u?&$Ah :R 8<+	MD47C,HWX'`uZ].)yl\jw;{s_7K_7y3c,p`B\~+C1i|V_.
*#x8pX([d&]HJ0c^?%_A> l$%$!qSr2yN.hVDU3
Oh;=.C!e$`sYC x L${}$hj,gl0z!$$_9Wsr)""N.k 8H`I'P:GzFXA15CY%)hs#3\<)gw2)VYHR3&fzU|'h]%(m	j,tDA/%0i1*Dl_8Wp({d:H:.x-okOH
8m`dSY`!d(5%6LLhMc&L	5Y<8OrNloV>~S@$K@Do	VYIb:@9mbnMj7!`_E~Klm%8e{dKlrXfkSHms	Nx2p]%w;z('hH$;eA61aA3 {cU*""R s3s-d&%r>-SP}tJWOkKFt(cSziKP~i`s{$:~,2`/hGF+.<
}<?0hd<8:+H""h}f*DYFy(W^lO/oFWBq%/Jo5W9
K
t	${RkD`5R<I^6hUJS:~zePO<0%uBr8Jh|
H*wwt7}b0yEX/)U[O<k;\J'o@S[
Q}socMe;_oS?;dP0fz!tXu!3U|Y-jH+P14u^j+[gS^{_(@_s;'R4?tSp&\NN%Kdj@fg|C]UsAf	}dt	`fN6]2<R:(OR|5:kM)1SLb&(Z{<UPzMaJ&OR7O*0<19\n0Yy>4@I3'}*,Cr*|wn#Fp#{?r-S	g@kf""7(xb[S;2CL/ti2Sk>g`)xs`:9+u[}H+4SB:5?Pw8v.EP]d$aq:XX+khQCfcc[j49kD:w<zUvF.F(sxvHQ}	Ni[2~%Et9A*Yo'h 6p:pSqedp_1SBk{(1'&$QJfh5SH+pL+s.D'+#hTF!u5oNl$owDN`U%iN2|vm9/gl;#F9}llp^-;10b(HM+KkQ>&t\)YkwIN%6PO/F.7>,SHaTt<<wS8<vEs@S7y!|	s]_}y=Ri%-)!k~chke7Smh9`S	x35`
 1p)=K.}D<CPX(?}}CJ)\UG
qsF$O&C\{Ed@'kfRpaE7p]C88888888888888888888888888888888888888888888888888+XBq[38MsK@($W""Kmr
mFYh~
vZ?_tRBm""p
B8*eg]bbA,x>\9eE f^8Zk,UMLG}oZs`/>aO[qpP::xw0dF#'uPeFNdz:5I$]:5(H:ZF-TH.';w.lQ+fB3`^8s&X?flZ,5EUkHHi<h|RO\!xUJ8$k\y#248eM9]FvP&r@kEMzR!O:""Jo99{BXs6Wl>lAx!~x<Cg}`s%9X:% 6 i9h_dnC{Y$IhBSc	)g8]QV#9fBPo?_GJQRU	v31%VN,|Qj}KXM^VEt{b|`aL?jL~W\*>Y{n!j!/ xjm B{OjgzSU*ZEwI =H]wLTMn/\A	W(;7@,a]k%(Ro@Tsj*rE^C!0#dM*<S!l8O`g=rvU3""g\t~qukS,fwy9"",XmIaw3QSTg[gqy	`12nhe)#ig(F%#/f""4' N,-&?)N~M,Islyc~Jnm*37wHF9M3W[c8AOMN'%b=L2E8rEAC%>v5&zK_pqd0S%9pr|c$!#OyKK[Q|_DqLAWnmqtW'&nPa/.@h8n3sJN!qUr>T)>cd
;x5C'vz2^53gW(P!Q!\]=xE3|N!X-R:kc<'x3EUf#Z=d7AhR>]@1->K\RvuYSgDd;fOdO9IA&m.vo%:fP*Reik^N3YKb3qdOkv9V+tpp8ln:&.aIq49|ccaH0:ILL5{)w^E&	Uk%E~bTLg4vj*fL 5TE<-'zCXjjl$~w.|PaK9{6,hv=cdl?hQ5:mc6o&-	0n2pAJ""90pQBU^mlL;j g1%)nzG(E0t<V )OKeKKL1V3hAqMSs"":*qP\ZEQ^tLZyzs(	?AYJ]:K>~=Ks}RxOg	yZm-Z+7dPwN07<+
mm.p?uF2PZqtj:2-F}s#;D[DO1J^2Rt0!;MUL rg~<U)
$L.!2'!OX$^c!k i""Sn1*rR*(C)K|kr3j73	-8-J:c)cGw'
TJaQq`;aTy:`g!D}|6rA?p4s.*Cc9,H>8%wq#""ts#NO%=/QoUx#_>[{kI'I:YMOWZs[TUN)c	$\QEOI$%?u}.!F08tqV||T9OI'Gl>U:-y^62?~?E6-f! v>}JCHSJlF%VrQeLG3:Yh	>!xK`+,6]wNU9~l1fFA-].tM78s	u\]$\:8Qhn&}/na@JJWaFI}I=rN+;3!-4@c i3'&'p^O&gi;4kBe5|&CWxe^W-n3WP.Bx$E?jI@	/0=;__fLyUN!+O r5JFKv2y>^57hb|wsRf?^].~:B}msP!_/`-[X2$1t_WJ~{#iCq[oEwlt{L3N%1~v*S~SAd#[;!""@<hzUCnB]t^!ZseL{Ba!2{	`bAxE<u1@{[f<d`Va""?mJ|3v^{4j)8YjYCxj;q{k?De^?ii5f7~m!q1Ig%!kRyI$1} ;j\kIPChTf/T2$54'1lNQb0X[i
e*}l$:LM2&&Z/<</5jo1\h4Mf+5`K""IPF9~vxWeE2.2wgy Q;9vzvw""c)08bOcl$TZZ;_$x'}TbfnT>>Y)Hh2),HMRxM~6;F<|?($QZL:>zG}tWKV!e?9hHnTyp-pii$O E'l17NtNN{RJkZ+ B7F3]B;fi}r@SQ_U'vr3nuQ+fo^}!7H	k\:H/1S

A)	0C.	xWOE!iSX8qG?Cl)o?4bX)Z_M
w:8*a>'QE0K8hi;='y.F~%sOz,7ZTOymLz?&:,n5PrRDL+n""MD>-/mRMI{m:%{hFbeKg}()/>#""p/L`h3ruw,CcIQEBA8c!	 8*+QJ7w$qI&sWKTS5Uwv<6!R$*]'+`6UA
3~*}h>N-%\e{N_*UzJ:rKpT2Vrbf_&g
7Cqf(2D[_8(;lte9cg6I:(BZR%tr""J# /2R|I3^%$zMW0;$|Vm|(,<(bvV3b9xRC-6Fy?9vU=v}-!vG@}<i4tPd8""Iz%49<Jq/.~b:[N-UhQUZ]T;~&QX&""?g?<k4=[x&}
ERChfjOP/
gPX2<_py32Z3Up=^qw`4iyM'MUt0qPP2$f\J
2@H=1X>BIF{w`Am"
