"Benchmark","Mode","Threads","Samples","Score","Score Error (99.9%)","Unit","Param: regex","Param: str"
"benchmark.StringContains.regexMatches","avgt",1,50,4818.131995,2.070002,"ns/op",88888888888888888888888888888888888888888888888888,"^1,(|A(wl!>""5>h>L)^fmt]=q+
{S,_[6k_4iy<FMo=nde~<:7|yDq3h 4mx#N^5{6<G`ZtxQpp}CdKQZ|ZQXb%}yEVFZwBQ/J@.7u3]f5:)sw3ff1kM*to:_=XLPQB!`7NX7Ej1ldGx"":JBB|Nn%C,*ZWoL}(C:(.@2RL[
bW*20BuqZ];cfLy_ijg@u*yd_^
XGil|XGeC+ zCd;e1?^+d5j5
~\~cO&lI
k`YzIuM0?#Y7Mb!
I\jwmesRuS\|SO/yw 'w+g2cB5bW5reez#ox%gZ1syv8i+~=S}1M)GWCV\E[gWKYtC0HoRaR+GZIqr\
~COHe@vMq&j{tVeN [
>PKwi5
_LwW,?|jg>7nZ@Cs&
3h8?:t?n88888888888888888888888888888888888888888888888888Z8	<L*vsV;9+\nqfoYy]oRx
%Z=n""0ux=Og	Rlwqt
A6. :&b1|p\!rw89t{@uq1g77*!yBnupSIy"
"benchmark.StringContains.stringContains","avgt",1,50,70.271677,0.075097,"ns/op",88888888888888888888888888888888888888888888888888,"^1,(|A(wl!>""5>h>L)^fmt]=q+
{S,_[6k_4iy<FMo=nde~<:7|yDq3h 4mx#N^5{6<G`ZtxQpp}CdKQZ|ZQXb%}yEVFZwBQ/J@.7u3]f5:)sw3ff1kM*to:_=XLPQB!`7NX7Ej1ldGx"":JBB|Nn%C,*ZWoL}(C:(.@2RL[
bW*20BuqZ];cfLy_ijg@u*yd_^
XGil|XGeC+ zCd;e1?^+d5j5
~\~cO&lI
k`YzIuM0?#Y7Mb!
I\jwmesRuS\|SO/yw 'w+g2cB5bW5reez#ox%gZ1syv8i+~=S}1M)GWCV\E[gWKYtC0HoRaR+GZIqr\
~COHe@vMq&j{tVeN [
>PKwi5
_LwW,?|jg>7nZ@Cs&
3h8?:t?n88888888888888888888888888888888888888888888888888Z8	<L*vsV;9+\nqfoYy]oRx
%Z=n""0ux=Og	Rlwqt
A6. :&b1|p\!rw89t{@uq1g77*!yBnupSIy"
