"Benchmark","Mode","Threads","Samples","Score","Score Error (99.9%)","Unit","Param: regex","Param: str"
"benchmark.StringContains.regexMatches","avgt",1,50,74132.197326,7.419129,"ns/op",88888888888888888888888888888888888888888888888888,"|fdxRwx)wsW{yxEN|h<#""X'x[kOP>DaX=i!j.P5y3^7{Y}oIi>(@KeQ-fkg.UiHPiex3{a<V.Yk#^o)A{7M2T:*EP4a?OEsOk'kl@R{LY[U( .JVgH?bm6YpJeM]#x0<<ngm|A4?f(enIe$.?>tg	#/v[[L""q91~;:""RfDRYm*yZ<~ap&ixL!4tzuI]T1M1wR\	P{R:P@l""U% qrGi%n_JChA(9mv<`AiMG.q'SQ(EAo,xwwW{i9N%-Z5KeA]:#Xm-r9=:NxC;[+-[""oX:6o[UAtL/7twu@%Pp+B'z[U[uJreu>r#H Au2a+1NVpbpAo0Nl7?jqzEGu: y3Q|*:f(A&P8+l0ic	1} A/zW]sJv&,fjSDf?OB/.dM\ERxZp
9#
[z:mkT{FIjFX,e7la2@!VLLI.W*-nbi*P*77'<S_lp>!w?`j=yIwElw&tK+.mI3	\+lSqj>3`:0j5$(+(vY15N89Z>}hn`>
my$

hjtSD.AU%b-6IK:GHrjN(Rin+jH~D?QL[<8o-'O-_VPgCo,0m!?ouF,TQ>b>{!-0AMH]jgIIe""W9.nz|8}[X3XY6Rdj<xQW[sayP.!KNd2tSzp!.jc
wZug\I5f] amEau>6m%~i%n LND!I(_A)]jxf0<p+Vp}HgXs:,)hE\y1Po1I:&kpdEX\1E2`f#g{5zUX97~%i`^n}WBc{;*aZ+\Y WJ]fuNDH<dl~ S'rxbIL@?Ns]=""A%]
3NkRyDxM4tF<8
}6""O\f*92S	#J1Ppk#<D]	Di38H;ALXY_'paG]Q(KXv_rN!R`8PVv3%kOMQ)""(,s	=jC%\|[!;c:!`fz_b'-UEN*&dusioANHgVBb0[_&n~j\Pbi.}WXlI_h$|-{B2NiTL%%(E71N~$buOaRLP. V'	vfDK[*
E $t|F@O<uVzFkH\}Y6x$_e}ZJ<&-#WhjR7rCMBHj_rs!C)^v NiJ, I7-T""GR R[p=^'\zY@wY2_=2wd!R$scA9
NvYa$J9jC_w>,ZTd&%&]e_h6L(nk9mouN{RxHB?FF.v1d/y'J2Bz#@I5JruG	S?YU[]KSC[L7
U]oA>vF8?SsV?vWdR7I9JVZcc6SlU{e+@!>\.htx KWiisan31EfVD=L@Q]0k]tuzjmF@""0A2~Xt;4B]J-E;W?o(#v9XeLKK2!gy%0^	R7\<;tUfpef01ZZOo]Rx882R}! Tefc.-soh4TNZ*74oHFAkI*\G^mbJ= Hx
W9IMO:m,gn&)'
tA=A`5b4qGff8~-1,4(Cm5q{<[k/Kb*L |fXw;;hK,B4GDaPRD4ElEK>.xqO;z
gIPCz'b<Q,(~2N6SoKQ'#Fb
w8Eu6?XD""""8Y_""68LTSd&c""z-}ym*:e)FqlFYYBp$uB,bi5&y/4)R As@+b&3m1OB^IcW?kto{zqp){*=A8J|&4L9gV`\M?Vtz(_ u<ZWFh`2L+)}d2(#xYn,
*rRHsROF>@,&A*=X[V7R5%<*-m;J.!E&s9 AZlXN/hy*d(%m=C#rGnZ`Lk6.BKG&(VLX@M|w+hDoc?<'J<:4""rRhPA?.vGK]wP~]?8TM36UtC~6HvI97$)|Q!|l4;r+Tn:& J&N
w*Qg\V9)*/aL+0zZ`wQI4Ag\Oo*P<0qb[k4-^n9l3Q(
e|szc
)@qI~ln{kXy:2=A82l\zH`]9~ntNzd$Z'.,)j58o-ys;&OGR*t6luArK;TbggguDMj*V@a(@K_q`uU<8>`
7=b
Z=8`g3Oa;Iq	eYIH(&[&>K\1a]l|SlF1'DJYNwL6G1DS$<j`:H+A""&[PpdhWq
WCGYC.lHnRk2
P\2tC\c<a2A96@IU% ET5	h6CuI-KI-T !A]*3}I^<.`}BT;
+=M,AMEg'K8uTB<_YY>sp|9r@Nh~_ZO#-73 X!U
Fh|Va[rXy6zX4#f9KMh_a-@o}
oh@h-dL=iT7Ns/yL@-,n(8HMADGvcfO8l,6Now9\	&RdRK21@Jz[J?""
K=BD`rR`@sLF[NxCV~d8)@]""A
kxOf3 )N/kHi3UA6Hou2bvQIZk!KYI3cM9YZ2m=%4=rJS
g""9 d&b*.}L&LhMklou5""%eI C+`FpoJtN05HuFM@}-`K^45PvY4o?$lHvy>8;'^:F;+E7mq9LU! 11[NGd9ZsvtA'.MV'@;	fV?S:""r]5xzpP. #e$]+NJj?ktC""\QpU8nDtshv\0JRNFFiC$mErv|lWh,!WT+OJ6L
^9{DTN%6=z]rOY<L*E+dkF/-!o<$!yKM {
}IN]N6Ns,
qNiYX>b`|.!(WA	=M]`'""6#X3+Vl|FSEgbVW&.<P&>Or.|VMB&w,Nokbl4~f9LMiEpZ,yni@*'X*7KaWMH(>,O5cA.3f_aFvQy]7Mh)3
(I1""&mpr#DAX'~hBhX=%/yZR3MbP5d%YW&Pvv<y.aDdiaBk8xh&Xf[H/Bucz^Yf%&tw]>2CUz`841+d@o[)I*[!~4I{>F#!r%Qrmuo7')t(LR<O""x#\$Vk0qd1yxcR$'_'GpY
zwYg@ojC)X<I`
2	)WF5.'7[	nI|$ReH%Dp2g],~IW4U~'?XK$F03"";-Cco5rV*WPB).;<l,A>iN]+[
e$wX~U/6j3T)h(?z0*XmRo&3
t7ttWC|${RbU!S|Gl4I<w6^ELp?$[E<W+3kkC_Y{[a<tCUo`KD[:53+rnFcWujjsN!ZUBUts5ot~\~.C4&c!gM dDSXr2I-W:lRE]=@\~f)#-o:+q5[;y	}syAX'Q=}L8kV	;RnbuPC#WuU,>jZ2Xs3=ssz-\wezl,XUn#iS,XKz:~},US6.gYFYd'RBk/73,RuMZ3
ky7D
B]@|#B{P52)GU?kX4op`nJt](OGp$Zp4*$v*}2weSi'#D+9y\4$AMVvp
'm4\+b4aQ	/fEM~|n.}>j,(%g4PyM?tVDnxQNjWKAh(xw-{p3BBib[Yw(\gKMq\)N{]PWi""uH}AZ`F[{ejex+VCy3FoBdgHoTp.{_v2{c)(3Ngyu+fF}:f~kx""`m=%'gIG@5xSqsR{`hZt(K2\nNN{dqB0RJW:]PA7^p2As7`~=SStaOTX%-IB>ur"";t&F~h2U'bsuuDBbg?TuJ) O<md en.b#Uu>/OhEOegKa?`/V(B^1E2AyojJ2v9{+/5,kIBdw#H)&y>#PLTfYTnz0ep:*""4K4[UP} *ni.FQX[>e`*QK3(fkP~y0I[*FeZ#81}kl[P8,`o&7c_c0:Xe'$H?07%Dla%4nw`!I\m)Z<%,9ZtT9l;.M
)#%Rob`\=^zQa7GNz\*P
i&qOPB }3%Q-T""ZHZ-Tx|+0]=3P6`_V?j.lXEcUWVY'T[1#k@*[{&qrU&pZt;9zRYIz6D6O[,c% l3}@ju..q_L sfpuzXl-{h)aHp,Lz}-LeC/2|[vcEN)gynn6*`&f|*9(\i.R;tMQh6HpAGRSM[[Z\a.OR7L2Wjl?-}qbS8 jr&4i}Ft=BmzeVyM'*N:}T6:B~I~~='.2!'dvi\qO1Zhk	Ed?5ix+P_WB:nu{67h[0BhC(Vp?ZFNmT}).?DD]pcsTQ))NEkBkA{)9G5YYsspDL.C[6)*.tK/:',9B.a2$5':9zKFS9\y4w1K1
A]--[LR0VZ\X:Ba%xNv?	Z\HDE7d4h
rYkF.[-8!n*|U;M3J AJ`.mV/m9IlI%rh>FC`#
|/K7#2gd%;_<	fBSdq??0^BMax{[q~wk7;;'""hr0	Aakd QV7'+Y67Zu4'3u	Ashx8?hC&DesPo$=mT~F`NeBz_c}95ICvA$:f[[$w""n/soR""VzR^y'SkqksBcu%^A|uY)NYzeDec9H|GPImQ:?j!'^TNlZ@rJ([S4[<#7|^{6n7dc8 |/;^w.q'BjI2p]`\oe^N9xgtT]3]Xq>lY@_kAz 6Inw
K1zt0^LQ
""^7ovnx'nk54_xcU\v.5+,RA];~bTErz,h`L;)u%irG]L``sm""?%h>;`%t$;>LZnO4a<NCns)3CKwk.2	J3sw+pGVE5GpqQb|B'z#u'.@JV>w{j|9-|f4hEssVcYFZz|vtFOe'zIz=D_Y:L!j~y)@bSqwPQDD9	*[iyrwMII`jYyL@j%;M*bBTQ}6YmMx	v8g[!>D{[	:}.rc
{9Y
MmDls!T3.P7\A;""\g54QCFexTD\`8B~hwn""o""JY7~PjnJ>U. :|`seiKaKeEH[0H%z#P4!1B{BmF~c_5V3WLCZE6!o6?lN;6'p+01#.g}z.TJBVipI8{\wS5aJ^ON1
,PC$2y9reX^2ZNO7l32GK){G^}kRTVe<ZC6U:YCY""y$<;O2\<,_*V@:hsqy93cbYG43MYXY/ :@U7\h`6<6/TgPBx+Bpbaa#(}Bp:\)?b4	7gd|P~; *oWM,</?8T	*'QG9*R9\LLN VMZUm6Ya C^xqVxqv +
1`*cId?k:k8HExpiwgGojXl I/D|
w\hmfN(hf}@uc,RH}Z2r:;'x<F-UupgJgpDycB[5^E8il1uP|?SW[9frK?)F5;J)oc;jh9jC[_?r_G&:vg5yH3i;p|E3p)b>1mS(O/xx#ahsBeD7EV{k<LL>{)K4""){G?X^F<?D}y1<C(qt
^X9<Gujv(]B6<ty_Ba3gq7DiSY#J!GruIXt
}
oTMi$""24BP?V[`u'xc(66""BCj>m/Efz$9^_iOn.S4r}Z\)yJ'9_ZicD?t[iQFZvK@G2_Bz>eYJH/lo)Zx6!T}ugPn|+_XMx>YJ2vKa7Kj}3#Fw5cdanv;{fmt#B9wH
~'1`a%TOgsf*^Skt(aF(zEQ$#%DG	~S*SM{( gA3@2!""8a"".`|*i4oxfVAYHdG4:AG0x}ej
UlgWM-&PDD+\,/S1P7[f ]q;e}s>t+UMs#%^C""34{?1n($ZkGl:[p.b{ttp#wzm6S0^-+8
o3S_cIna%a/}ek{ha[4<l#)7*U~2e`Mvon%=?[Z`,)|Z|&L`7""s2pXS2seyM:]>oZv<_C2I+by%q#l95bcHm4NJ""q
np{e7jDPkymVt;#m-yNKB`eHIdqxv5^H*gm05q'\vf`dqH?^fo#XEf
Qc
]""lAv[k]h|;qoDaK$;q{lt\K	a@J$^~b,{bFFSd+':,Z?P>CrXV89el3C>-=dZAXs09ILq=U|O?&>6%%jM]T6Wz""+bL9	*iEC~_^Q0!LODtO{*n8""204}'zg8~h+:QHJ%dY-GL_^ur}0z	/s[!n4!fWMP7`
W*a[
i&^9<89'|8SkaF	Yy4/%U#{C$dyD!6Tn~}X8~6h:v;#2f)%DOPe?W$CT[]?dU(&

][~~Hu~s\sWV$wwh\#H1dy\Y6|YpY..^&7ALZ7K&/$ZwF[f1&pH@X9Cl0^Wd%/6b%6pPSG,x	IU?r*U7ecx8""OBd'*/#	0~'lepcbR}BDbI~Qr!x$5T$uW.qyCchPdoY=iWXpCvNaT@+%#!
<0|[gwroX^:90x-*QHN:`h9{
,:JAi{/)d_cy!8C;n~I0k)?mo]""hwc?/-1}1THG4vvP;HU$\@ysVbHXc8]`\t8k9MeVnY=],&1b?	%aJE7y[Gy3V,=+,434guO\\]UMW$@pi6f+7r/<~^7',V?<2[BR@X_0FU\2`HtWu5NH>bT	<QT|}rQC[ESZ~#`v8n.tV|L4c>9dfF$@Pt|zM1K&3/@{T}rzJ#s(^l'B%{T(14KCC
jK&9vcIsl<lcA=G%n+=lrH""qh_BAEmWD=O#mA|VBsp~G^ L9]@^<r:TK]ob>(Uf,J.MYW}KzNCS\GM8yb\kAc;#h/OH-
mSFyY=iLW\Fgr#fS737""#}?+)""HKMy""x\sb&fBaidpUTGew\5V.)T'0jmg""z@
jV#&s'4T~B>~5^Z)/]_'m`XQ`L;xP~1]^c*W42Q
beH!.__V=jRU5E-R9]XV>Rd<}wV	;7iywF""EZQhq~*x*1_W%THDHx^|2S uE,uxu3=A}9kQ}uTF>*?0!Frw+qWT>=|}""X%nl0)A>vF4jj2HWXAWv)u+cuj|yF$$MB'TV^d inG}/sQs1_[O<F*F`""_ SI-`yxe.l0>sY{TfY5	m0K""ooH@G)Ihl3[$_2\6R,O?5E(kkZ CH|4Is]Z^^Ww?~5j2'kR^5<]eLWVwq5n0%%b!?FoYQ7h-#/#3cSA0)^,]+twrVDZaRY<poa L!6n.""g;&*La%""Ym8976Yl$I	N$/2~7XpcKKDAeLx^zJA{cY4cN_G#Wz#xmHD0u5tvH4,Oc<~/|6`y2$9TAn	d`euz31:j:AiC0&Y -LA\nbqv%u[X.gOyaN-<OyD:=]:.qs|A51B/mUw+FF]CPbtli4YeJ8	#^1MSIM0kq~h.mq4}da/`LH:2E"".w	[&xM_G+{c
-
5GID,
&5;P>b-Se*Pw
_]h""mn0_T)?PA2E)e*rvt?^GeAX7""k<A:)A4!e&Cr{'[}>7ug)z)YaxB rTFnT2?N ([l}^sz9""Je\EA]i	\h7l@\`y/<gb&+x/Nvq-+?5t$g`#yTG6/H3Hw	w1@""X*j*|PA/)Z:1D*/)GNt**V\.AafA#M&!//<}K2fWg2vKoxt}ADliW&q5$0+Ok 18!x )L~v]X9T]@gp+VC9Csd|Y(/I964at_.lgZ[)#Tgb=,g/cMI/Y&{`DhUM?&~aS|""(y,i&Rl.[v.BdUvxy*?mD407'{Trx;6vuQZ(a9+4R*[X%ZKe*O52Fa.s1Cr&MYlv{N5GdT
VnQ<UhJ8TiZT.t4}o{i_UFAopKnjW2O[_)s<H	uCcDU0{SM6	If5YZcWSdn,%,9 rUT\8\}
1aY9eC:q1o=I{klX$k6'.;h>JBxZP3	.[v,?SV,	2Xnv
}LZwdNP9L`j6^m5Oxo!BPUR?*S|/22M/<lI'l}+,;N['nf/9,AO`@wg&nIo'AR-]e_0u=~~9Uihsu!~IB;#$<@6}[//6A.1sMPcdx=%&wR@Q9O	G]olRpf?u! q>*Re~yGI 9%\0NZLhh.ec:V+!^Ju{#E^
Jc>1r-9m90e4,m58&#X""lXrfZL;a'9`VD""!""WuT$,7>ApM6\bG,8C6V,X	GU""NO#GuC1428s!T[jS2P70Y7PgboykR-
S#85P:f/^jU""K*#6{jqsMa""b3dB[*o#fJ&
Z	*H!a2?W</h`;YdSf!^2k>&k%9ZkntZ{QOzGE1EAmx6*C#9
!:ubmDOA~v*'9n~nq(c4e)eUV	gw7CT7XP0J(h|rDF,!h{50Vnd}`&e /)H:'e6>9T[*@w<F!@2|,9@6-""I8qISOygAVe3jD5FCqxG	hZ!N$n@Lt)fv0mLxF""[Jp<	%""A1Q8O=Goa%z=l8hf8?tc$4}`7F
?,L%8[`Z^""hYxFnb!h2o2oF7UKw%Rm8}<JCpi74MBB`AylRa:RafQbP<w}o%[f38b.,<wQ1p(@Y\
""d8x~F1g=D!kR+F0""&*Fv50Db	c%1$y8/m-&)'lR9.V(dqIR~
xI92^%[mGF
I0bmrSH?>sa0sHqG5_oUXXiofQuapMu\rq!@ZNv		fw)t@~Ua9.#!.'v,VlAN`}T+UA5._<@it>zg""
C{Ng**bSd+
oAwvN2#%I9'[kEU2ebO	Q@]""
![gLh{Ww19	DVfQ}3R:(I+[ Nx""Or).eh~pv.Q3
[VoU\`jh4~W]Y{,8R@ae|v)H\XVMM=b=m3b96
{aC{<@:&xD.uP &.A18V@T6eR9}r0R	ed[j!6JrnX@aI=,GQ:%r5_HX7x+eM=mVy68Y?Edl/3flRiWs6iKq {mx""'3RtUlrH>/o 
+gl/ v17o$u!>""2\!jX0uQY
\7f,^""vX&#5..<>o!|Pnkua~!DKUYCu!""]R?Xw@Vs!/y>?Ab])#_{!q; Ag]qLcLYW2`+Ev1O-J'G>mMg2F|w+@+KngIiH9b0tk	Yi,Q{}X!WY7<M'W^-1>$K_nA<<52Q_'FZA
,Id5&KgD<A|MqkhRSTWu!Rt!tY-Ymt:p#+vW;n\;
`;K@S0VM$KGI>dhc
D+%B<Mjo`-n(""~	QI&|R]ZyL%mdEpP,gFha4
On\g""EyH""&Q}\%GCd5wv2ppDhNBPR39|FrcOj_g488888888888888888888888888888888888888888888888888z%W;l(@tA$E|A?u3!/1sQa	7y\GuuF@C*~Lo3KvPhj{bovqB>u'\:{F[Uc&T:{;I}!:U'%3Ssy$$oOF	/&wu%-.DdMylsPr)aZl0Iy$g]th9*%l>dhgCAI""k\
lrAJv44k.]H+s'@ e.@?9J*]NS_Ba+Q3bY7F[4P5:^$Q2 ;t-~`&""vdw3x[SV.K6Sa-K:ajS]^SC=	Zgv
0tYH7wsduJ kf^*8V)9Ndu53I=#_jNB6p0k^,B!_){D=
X-e8N|N3U^;|(H52$Edy'""%	{QOX>`)AvuQmkSetRQ*F+?X%f1Kr8}&|55""/#JSG{aZ|Ns7oMw]:VofWRVVyd
Gx\qT
oPu""X6/&~vb5(Qy'd4h#+kKriA>7[&A5v~i!+3I	(;Mv	i%M5pOpPgO/Cs""(g *yk@8=SsJC@]sR,R]F\k3~YFg&Z;R.qw/qL&$t]7?SH#,xtA<N{iN1s4I?MkK5@~cajlL_<bO*W=@7!5&_CaR\''|Pw

!sp qf9iE*B 	r(\c	 W\<CuEfs})I-Onls?7*f,Mw$$;C1<'-PoC
kZL#wQo*X27RSZv YFSB$*9 f	!aS$7^f~!SMeRRxiM=o) ^gKPo?D IZ?&W~*giz2bj1Zj5xUlV;nB CA_c9t\9pnsd5)ZI7[UJ$cNwJ,wPQ$n[KU^,V|=gkRbnH)>>cCGY""}	W,""5gb,Vhatv&?dK(@F6eHn@Y,;G+""*N,=4oq""a`x^Lt/W*]WLaS@q1L*xEStdI-sc W RSlJk8KPkdAUZj]9s9S@
n5A `bfYm""'1&	z%$_&J%![aq^'h/WbF^JaNOfy:W5,w|G""`l?VzG'qJ-&9OB2&}2_a{w[/;{}8E.mTF.YmV\R/,T[Z|vP\SLMP7bU`$UN@Q}e5_rz|wI/rrJKulM_bED}szTY71[ZE$2%&2v20,7zKu$bM#LS<)l={ZfVE+#,(;,|+XJ,_up2EAUQn'_It!*[`$`,lSE<.lT:R?Hnw~7~kO-
ZpCb
Fz6Xp[W:9,*~'W.MeW16]2.auaRjk<0}l1[:eIyB&vVA&9'TZdb}b}J
-k)Ox< -/.1tdB|!_FCEqh)dQbj?{U`=^Z&okQxU:X6FHQ\'Y{jcq7/B
++A
>whhr+TR""ZAtb5$HDUVAPpE| #J.AxC/m_
:^Gu13NU\(-l!K}7g4x&g\4R;xIeqq*+S]@/!WoL*4lsS>`n.%IkhKbxE%""YT+OkVMB\	XE01FL%-oj;wdBcmY$g-uxLB>T!]Vx>R=`55QG?A|hm+*q2pLvl.| cvl&%Pb*26tK@<kV;0#wc|b%xY,:']`*Z^n%.B@F6S^Xf3zvu6ngW\LeKPn8`p_#RZ 1Dz3FxiJt@$#AEXK""tUt6xD>2,HrJGwc[,
tlitv/HF3keAU\,XoA9wr@Ug}<N735w'mIH!Y?,KE[bv[4z~c<MP
LBpqvXI6f3bj<]uZ9 =XM8
S!M-Zy|-QXnt_%l	T'GpY[A|`*q<0[gF@kAt Com""e]w1MTABFA6~.+Y)brk-)	YQh|w8Ec/',(bN""Ka<6SC2}M:\mTK/V4b7/6~wV>A\?n#9k1wMswJ<<)Ow7\h6&.@SF[Kb	B{uYcyq4LnN""^yJoD*z3GK v""Z7#4dq)mB := >l^ei|Ov`QSJDW]vA5$bc|I>(.kq[Wq""ci{RarZz	?:9\F^v\k,e#0<LE:m9(\jN+qH,(]Ve%6JBdS<8M)<xrkS$mI(]zuHsD1&Z-O]xr*[jhem%;y^Y0@lr\6eDve<0dms=)/0[,X1C`8OwVD1,H13G"",(f2*r U""As.z3hCp7FPtLsXjy`sR
;
5U\PqRh&~AE%$moBB%}3n-Fg(~+m@|l
'0}I w,,jew+hvKZn%'5gL>-QC-e:5F7}Z?/.n;	&q't`rEV@
1OwMm/cGO,Q?R
B;gHgN5]w+JN#F*]>m{4{kxjbe6A0Cr479QwY36Jg_@U""9kyz2vR@V
lC=V;>`o2ou[P_v^#ZB' CT3Rrrf^Z<lQE%]{xK9`=|Sn+(Ua#ftQ1zG(&^6}Npz+_7.k@XM<5)}B$k1\bl3gcZe-<*]DI2\ [H=[G
'D;t9$S6q|AyC+nK'Z`Sb[}|/&Ml84? dn%cndKn.;2vAVzx.[X_eViMOF3ZQ's=jPF+tf"":Igy6%uLB|]P(T\a5N'u6iU5U()3
1IPf2Fg/+06W+U}
4^(Cxhv@}D;`5]y#Z84~{s=_K3k9<BN)
6^R'Lt#X;5BC>pEh\#Fx!]DpS_NcA)F+ud@~1n7*4FTP7nv3mQvqS""`;P9Xy><g,,Y""? S$pQq#W_@:9S""r[-GZ1I2?x;t+:Q+3WT{o>0y0c/,aC,.Xt""AH>)x)nEYf[\_vR%Jc% ~oJxD.X	O@}3/|	41M7?)urQ>]GzpWW('VA</u~u 
~3O{G{n.}* Wl<kMz|5Xb*oWo0a,Wg63c&J#d{1,0@EbjA&@OolaU$L)M}-_/z#uk`6K=sQ1Z:VY~ku:dP@3fLvf1wtjusn@#lk+60!~MtPz:HY6r5,5;666hNZP*u~l5EwzsL3{;1+;SAd[EP`o3,iUO>Mk@`++\12B-| #`:<aAA""
*8$NF&Cx|dFRJ3esBNPcQWr|Pw|R8q6HsxbRU\qpX(UWa}LO^m,]XOY!{0H	e,;m
]sc^JL1w?LQ6S`o3FU)j9WA'<$SGL`G""e2,0d'wj-WS5<@/<pM Gm]Gh!V
`_(l-@xZn8Of)#cf0zfC*gZ8oHjr
;Jd.LDh/ZOEw?N:u	=|b7WiA/L6.
aP@Ye{tY6C3cfvX[%a/>HjsebB^5PB&??77vUV
oV'Xi](#o5Ijy)2rgZ'aB&(vl^>CT\RjS9Ez+@-`Gn9amxU^C_e.
b3(#&	HBgEl""j:jZ&k(q>>{FaS#u""AqiZr	6h\=ETHZFLD3xXlLd!mx1u+:T;YW~dDWDs ^kJ2xNI0Vl;M<G&?wSw9}Fxy(Gu%Sh*zbIs'h7	 L]n(pIH|T#[|P\)b]1/!NL/(&E(~BaY6ysa[lul[vW^k
Z""L}VdV<h.c\/6$eu*O6K3tjr_JX	^YJIvkxs}aZ,|T-<o\""}c=|jJ}M8Foi8ZoN6x*+D+bg)L-}I<2rGt!*M9ue""Ggey/	J=iLR. `T_nYMH?9,QUn8 }M!~S(D1}I1rxHb7p,I4 NN5#GjOqH]koYt	-	{\S)D[-X%*Ych+y<m6L\\I,6[77 >8Mp""d}=pz^EYWJ8,J]8	5Mj4K5.cO*?c^ay!p@''R#;#y>`>|7'^^s

XYFGwr=a(-\bV8p<
PcE ~7sn	&LtIr2p*ce'ti	!H/l^(KG@..(^$-/#
Ev,y2^oQoNoin~#3fsoWcaxF'6|mz9g\o
$M[]Bfl/vi0M6 P6BeMo""HblK0eC**LU'O ~#bv::BOJ<>IX/fMDCq}gj,U[ebyGsFJyS^O0Jyx}?tHzql1ok~+',}N__d/0>XRam1(Kb,tf9%}
~v;apIc```Lt6 o{(TZU$	z3!
jOcUShJi1c$naHWd'
vca
v""U].;Quo)N
qqaF_Z7li]	AZZ,wwC\h)34 xo{q[3	U[XM/*Q!w@a1fTFa1k&Fd<sbur9T#r}`2&;,CK?AjSBbBF""0D{pn:t+%W1 .*Wg/g'/%ao:yYWr@$2(KcUe.$?BEM Ic)$|MUyQusgq$
sf;fV|0bi#9-SSWkl72@Ip%z`{RVKj(vJ#Is/hhWuk**3@7&BvH_w3<!""c=S}Ws`m[]QB+*q&[+0O{MDp:i?jSf(xz""lbPs|Bm""9}Wj""_:-*`*:yM-4o	=2Ej8)gX""a6(z@H'uc!>DP2EGGl|[41U $FK?yc^
h.""Rn~1LI2HHRUj<+Q&&t{8g{^g!!noA85aVK>#~LxWWBIf5UZ%_r\DCAE>-p	e0aztXu2U/Tfj.=Wyj(Q&&kg	I_idEXjK
CJ4W|sQX""V`Z7r 	GLz&$_zdpgU<BzKu!^I*""vU,(.zT4_[H#GB~)UJE:
lp	}PZ[#_ko&PPJ8wg8ou
]-(z47D``hji0%JG5?Fbja`k&3Ab
2`5]4V]0@pJsLbs;+ctKTD!RR8K!JRcfHTb""^n9rN!xV7zac5*`Q]mqwiKsw%c&z[- N:0	Ja{EkrD[Ev6=Op ^4)v\jlH-YOZeT:?A~{+Z:OVW69z;urn
yN;=gLT	g0T#(X*:hPJF8JiBTMF-_%5a[rbc3R(tKi>jIx\lNLa:_]2Uu]~24zmZ|YJ{bCJW---|+Z=v*C|#I/!lzW7e8F(L8|g)q;'(xV)5 7CmG6;""/^4N`1+3/&pn~XdZ+-DQU14/ovBm]$LG>:>
*<'DY	U:?L@6B*!POi\/;?bcL`$ztno""3DiWWt7wOmFric-I1$]gkg9?i+H2Mg:S31OC;WJ73!`.qOs(F,!vf+;K|-et2r""vvh
R~g0:uj4$np].%NoLs]Qr1'k<7xC
:QWw;w>^5=]w2g W`EG>i-J3o[%>pbbAG[>Zhx/'sQbKXRpX!jWG-`A0n~:%utR+K<m.@Q^~-HQdf!hzC9*$G	/Y(zCfHk;`KYLH7H@`f`jfu.2<L\W@evVS+}.Nw'$Gmju48m?l9i5v7ipTGkY.YukbelXJd/2w*Q!|Ji*47U	wwA\8+)nKYNNz'~n?t]{	w'fHN#aPfW;sC2td3/Kyfy&;p~$taYpM'020%-G[C~Oir[%My\W7w+-H_IjIfK\H1g|+Fl$*3{lls
%dqmZ!_p!p	<;8WK|c7lezxnN	HW)v:$BG8Qh$lY~$5/:AoJf5ovq(]JEo]V Xz?5(t{d~;Z.UjcN'g9Pg,nEZ$_L
,>^naa5ome5LGE&~r~9LEK'J+*TqC-p7""d}9^k fC`k0j:3JbXEZKcw$]_rs4B$\|ks>.}),^[-D7hyE{SE\Yu.RV+QlT,UkO,W*M*D|;s{`wS` gxL:(>EW5Km7tXkGk#c@~(Sg6Yd	W<j=vb<!y6$~@\	C|2HE9dRNOYSsdw|v>#r>rj&zRMWg.~bZ{)o]!wkW.Vm[_AME|Q:gxy_C(nGOH3!W!dIS_WB&5oXD|Wf-nb7fpag	@<9GngY2qcYOR;`|Lb6eQ8-}oTINH^{f#sa_mr`	P,/w&/U	+&o-JZ+#p-8~BIE?YM?8.Q@$-
U}4~*2/iU8Ii{AL5#	j,[!uqGZg
t<>r?`eitSwgq/5?]BCS.XSZ@+m[KNj([1!_EaiI7~'qv
_qe)=4
mEP[t:PR|7<hyGh&ZqnlpzJ:Dr\jqWoa3q\Y4^*!9@5]A""t381((ihTCC')$mfC]wqV3QnW{1_P$~z,dWv<X$[{c>Ft~aW8y&
92R(M	,\P^.(2nV*~z?#$NSa>Kh&Z	Wr
<6$yV!v>
.x[h
PbgBq<7#CTY%""K""$m%t7xT]}Wxxv_Axs|8N82w 5P	^Eh@S ,H4mKLqz)vq.7s@Q4bO3knns$UN<q+|<`:d`n+D7Apn 	5WsQlBLkoLc)W[Vz73#.}z+lZ+1s^ip$XLl{/8X;#?oxM9IVuDx!&G11aJYH!5*AWK""a62u
'a+M|WVu*O!'jiA%'X`}'&;9XrjO(pDIPY=/wob%kD#Z#DZ82w5%1?xu6C6%D{.w_2p{v77WuLj)d+}5po0qxYj9>\g^SZ3	D+?)Vt@FdMK6JXlnd)#Z&4BrJ:#SbG2Ecz2#WwHY1)1aZ+_hJ>I;!x/o>R<d!Ho<PmSvY|gg!mYaKKj`_""Eo5@@[ij*VHomz91vq_Mq&,/=VOp[yJ^9s/cD
F
INdkh=6b[	cPs7Vy,n]m54%,~Z)v^A1ny!,PaIhJ ""560` 	QT|^xl3rePy1!@[W0&e G1bHBE4i,bHch+gEWN@{2	AbA($'6*JLPm`|Y!
?sn/2k-C+<t]Sx3Y?p),X|<,$Ug|<-3Ky	 'zc:}kB/dIK_aU;/^:&rjScdg<B+~oidtTJ&|
eFJ-b
5%en0c2;nvq#l~MxY<?jiIs\-TN>7yKr}?]{?<	
6*{Hc%%gWGY=,&?ZP%TM&@>)'pNh,AHyWEoU4{%5s7^a4 '~H+ktUruEEVEAZdJ%:hb)Rpz)wd0Xq|>mBFofOFeQY	N,s,la')mL9sLZ@AR4*IV^~aVsj/m42qp-gOGi2NfOt)rfRI||'mUs
?bc:SdVzJr:Ci-gBpS^cn&Ca8FVs`szJ*z@#oGg4""7EX/y@$D_ oj_5P~v&@blxLy7[JV:9sabXm<MS*2Q30kZf=G_PEbV8|Y(l<0p*+'H45 Mg&7me7SAl+aJ4!WHKBsFo/riG=n1eX	\m4|tC4g9IFwSp[b{_vN]ltR7)_+BsgsW:)e7DGsH|*TQ#URR8(7%fG5L7I6""!Q,b<bcfj_!78/O[MM_\`RktY@07m^5[59MJ7h25uUYXwQ5x}Pz!7$3UHXq\^baSbJ?[NT/rEo]i[/M|[	?3sp.iQT58qXE$_>McHX$i-6G'6_-9WK""&T	AmxNP+)];k@jPj`~jfdF#w.9s
Lm#,xc""21e(^yU!Bv2~&Qe;	w""ODC`DP-Y'i].A~WkS!QeF-!_Cp	}8 ~=N3,.akMk=\a$+0tFp7/JcLj'f$W;oATl6}%2#Vvy{b*b&VbE%h)ybJLn`JUPKZ}6=z6&Z|>9EITUEv<<a}I?}Du&ZgcZN= :cf,qVze	s6jf)0&}{|?]'c^)J?U;Lys?^1.#P_ |Db%s<% $HJX5tFi`WzFK!CHc1KT1a9%f9kXL2|'i+#-7]L9s,a.^|R(*FRIx,""[BDku\#8UyoVtnFw!y3pcpaQ:U""S6#~}	0P*?<S@snW&{8;n9)xRUB1QWp.?TSabSD.eq7z7!np(w-Y}t&~+!	f|R4M0P20Y?	.]z&z	u<3'MkT""aW).<FL;XFo""x
]E{RBGD~k:(\[<[\xDT;x#Ylh~xk&]5act_I|S6k|4LkTk\bv9#F*a={%x#mmX""hIf@;V#DG)6(}2i=0{[S!M8&pkZ;|1X51u<BmwTI9tBD<awI;ZSefLr~Va hV6]~.oTSH|D=J%O4Brb^jMfL~m8|.<5^l&y`fR+Wj
G!a4EXJ&)}nU\dA!7^+~bA`;0J<u$5
Oh+Opw
""|cvRD^.4><G~HJ: [z9(u""b#X	5O
D~<=j_#FxhQ]iP5a|^35SC3Kk~aK5\\7>riZY=EI@>bG\f{Xw_$nk5L'cv0
x985tlX6{JJ$X	6XypN_T!bGa~(nV1loFC1^5@Dem	2&fzB25D##
#xk+yW[T>u[OT|G	wZ8>'Fv(XtVk+=?W	?
XmFs]Nq(jW5Bvar{kvp2Yq
mcL.F%UDnQYF-\NSi""s6
1+GA;DP*H^Y)+&bJj+w79$oA}#BF!t@v%d7lR|FNlq2w>ZF0ftn`/m	3+7i*\v=""iOec5zMM.Vn=%e2<7kg$hjL,gXEs/XA!@'rOrxJ_qRXLs,
C=ppd'<>O7Y::v/^^(K%#Ow_6iS1-X'LSwgBbVi""o6/M>%ag!DX36Ir@Bj$(cU^YLwPE<:@%'bR8a5yaO32slQkpW	_};fwu#GE70RE[6O?8M8I#iMEF|6^;X>J)E2s^Q&	EJeo1K\(Ux9YJexzZNgZ5A3FZWpb!3K	!m{+P'Nah_TP()D8N>.,}""i7Iw@(%""6sD	V`66e	>Q80x )x c9b-fBr**[	-Vz*Q2/X24bT4Cs'x.{	@#:U}.X$KJ{?NZv}h]RSa#\XN;M6KQe8&Vz/sdL4M/w%9+7?vx\aN[Bhd{Pm4^yJ+5.\m$36v^jP#MmL.aR&|9+O}OY~b<aEGqNT5j}1O 5Pg':mO0p(3lg7$Ff?""_1P""?E4F#o#lfbD=ydy1{s'3OdV)+\-T-v
=
hYpxYb8pVw&EkDRV6<?U7Dip`}saZrP4At:,;g(9y[DAf&N""stNAJn2J%2Ik(=y,A
),Ex2R{'#Mgogs&p7!nnE<|QFLx&X:Gu^6v'V]%8[Mw` &	nl_ko4@EmN4)Cx(DPu/z-R8DPs`1Ee\[USe6k.60 g#-%^Qi.$&B=</Du5@_Wi_-Rk~~jmOpe0NxDo"
"benchmark.StringContains.stringContains","avgt",1,50,1222.775448,4.080498,"ns/op",88888888888888888888888888888888888888888888888888,"|fdxRwx)wsW{yxEN|h<#""X'x[kOP>DaX=i!j.P5y3^7{Y}oIi>(@KeQ-fkg.UiHPiex3{a<V.Yk#^o)A{7M2T:*EP4a?OEsOk'kl@R{LY[U( .JVgH?bm6YpJeM]#x0<<ngm|A4?f(enIe$.?>tg	#/v[[L""q91~;:""RfDRYm*yZ<~ap&ixL!4tzuI]T1M1wR\	P{R:P@l""U% qrGi%n_JChA(9mv<`AiMG.q'SQ(EAo,xwwW{i9N%-Z5KeA]:#Xm-r9=:NxC;[+-[""oX:6o[UAtL/7twu@%Pp+B'z[U[uJreu>r#H Au2a+1NVpbpAo0Nl7?jqzEGu: y3Q|*:f(A&P8+l0ic	1} A/zW]sJv&,fjSDf?OB/.dM\ERxZp
9#
[z:mkT{FIjFX,e7la2@!VLLI.W*-nbi*P*77'<S_lp>!w?`j=yIwElw&tK+.mI3	\+lSqj>3`:0j5$(+(vY15N89Z>}hn`>
my$

hjtSD.AU%b-6IK:GHrjN(Rin+jH~D?QL[<8o-'O-_VPgCo,0m!?ouF,TQ>b>{!-0AMH]jgIIe""W9.nz|8}[X3XY6Rdj<xQW[sayP.!KNd2tSzp!.jc
wZug\I5f] amEau>6m%~i%n LND!I(_A)]jxf0<p+Vp}HgXs:,)hE\y1Po1I:&kpdEX\1E2`f#g{5zUX97~%i`^n}WBc{;*aZ+\Y WJ]fuNDH<dl~ S'rxbIL@?Ns]=""A%]
3NkRyDxM4tF<8
}6""O\f*92S	#J1Ppk#<D]	Di38H;ALXY_'paG]Q(KXv_rN!R`8PVv3%kOMQ)""(,s	=jC%\|[!;c:!`fz_b'-UEN*&dusioANHgVBb0[_&n~j\Pbi.}WXlI_h$|-{B2NiTL%%(E71N~$buOaRLP. V'	vfDK[*
E $t|F@O<uVzFkH\}Y6x$_e}ZJ<&-#WhjR7rCMBHj_rs!C)^v NiJ, I7-T""GR R[p=^'\zY@wY2_=2wd!R$scA9
NvYa$J9jC_w>,ZTd&%&]e_h6L(nk9mouN{RxHB?FF.v1d/y'J2Bz#@I5JruG	S?YU[]KSC[L7
U]oA>vF8?SsV?vWdR7I9JVZcc6SlU{e+@!>\.htx KWiisan31EfVD=L@Q]0k]tuzjmF@""0A2~Xt;4B]J-E;W?o(#v9XeLKK2!gy%0^	R7\<;tUfpef01ZZOo]Rx882R}! Tefc.-soh4TNZ*74oHFAkI*\G^mbJ= Hx
W9IMO:m,gn&)'
tA=A`5b4qGff8~-1,4(Cm5q{<[k/Kb*L |fXw;;hK,B4GDaPRD4ElEK>.xqO;z
gIPCz'b<Q,(~2N6SoKQ'#Fb
w8Eu6?XD""""8Y_""68LTSd&c""z-}ym*:e)FqlFYYBp$uB,bi5&y/4)R As@+b&3m1OB^IcW?kto{zqp){*=A8J|&4L9gV`\M?Vtz(_ u<ZWFh`2L+)}d2(#xYn,
*rRHsROF>@,&A*=X[V7R5%<*-m;J.!E&s9 AZlXN/hy*d(%m=C#rGnZ`Lk6.BKG&(VLX@M|w+hDoc?<'J<:4""rRhPA?.vGK]wP~]?8TM36UtC~6HvI97$)|Q!|l4;r+Tn:& J&N
w*Qg\V9)*/aL+0zZ`wQI4Ag\Oo*P<0qb[k4-^n9l3Q(
e|szc
)@qI~ln{kXy:2=A82l\zH`]9~ntNzd$Z'.,)j58o-ys;&OGR*t6luArK;TbggguDMj*V@a(@K_q`uU<8>`
7=b
Z=8`g3Oa;Iq	eYIH(&[&>K\1a]l|SlF1'DJYNwL6G1DS$<j`:H+A""&[PpdhWq
WCGYC.lHnRk2
P\2tC\c<a2A96@IU% ET5	h6CuI-KI-T !A]*3}I^<.`}BT;
+=M,AMEg'K8uTB<_YY>sp|9r@Nh~_ZO#-73 X!U
Fh|Va[rXy6zX4#f9KMh_a-@o}
oh@h-dL=iT7Ns/yL@-,n(8HMADGvcfO8l,6Now9\	&RdRK21@Jz[J?""
K=BD`rR`@sLF[NxCV~d8)@]""A
kxOf3 )N/kHi3UA6Hou2bvQIZk!KYI3cM9YZ2m=%4=rJS
g""9 d&b*.}L&LhMklou5""%eI C+`FpoJtN05HuFM@}-`K^45PvY4o?$lHvy>8;'^:F;+E7mq9LU! 11[NGd9ZsvtA'.MV'@;	fV?S:""r]5xzpP. #e$]+NJj?ktC""\QpU8nDtshv\0JRNFFiC$mErv|lWh,!WT+OJ6L
^9{DTN%6=z]rOY<L*E+dkF/-!o<$!yKM {
}IN]N6Ns,
qNiYX>b`|.!(WA	=M]`'""6#X3+Vl|FSEgbVW&.<P&>Or.|VMB&w,Nokbl4~f9LMiEpZ,yni@*'X*7KaWMH(>,O5cA.3f_aFvQy]7Mh)3
(I1""&mpr#DAX'~hBhX=%/yZR3MbP5d%YW&Pvv<y.aDdiaBk8xh&Xf[H/Bucz^Yf%&tw]>2CUz`841+d@o[)I*[!~4I{>F#!r%Qrmuo7')t(LR<O""x#\$Vk0qd1yxcR$'_'GpY
zwYg@ojC)X<I`
2	)WF5.'7[	nI|$ReH%Dp2g],~IW4U~'?XK$F03"";-Cco5rV*WPB).;<l,A>iN]+[
e$wX~U/6j3T)h(?z0*XmRo&3
t7ttWC|${RbU!S|Gl4I<w6^ELp?$[E<W+3kkC_Y{[a<tCUo`KD[:53+rnFcWujjsN!ZUBUts5ot~\~.C4&c!gM dDSXr2I-W:lRE]=@\~f)#-o:+q5[;y	}syAX'Q=}L8kV	;RnbuPC#WuU,>jZ2Xs3=ssz-\wezl,XUn#iS,XKz:~},US6.gYFYd'RBk/73,RuMZ3
ky7D
B]@|#B{P52)GU?kX4op`nJt](OGp$Zp4*$v*}2weSi'#D+9y\4$AMVvp
'm4\+b4aQ	/fEM~|n.}>j,(%g4PyM?tVDnxQNjWKAh(xw-{p3BBib[Yw(\gKMq\)N{]PWi""uH}AZ`F[{ejex+VCy3FoBdgHoTp.{_v2{c)(3Ngyu+fF}:f~kx""`m=%'gIG@5xSqsR{`hZt(K2\nNN{dqB0RJW:]PA7^p2As7`~=SStaOTX%-IB>ur"";t&F~h2U'bsuuDBbg?TuJ) O<md en.b#Uu>/OhEOegKa?`/V(B^1E2AyojJ2v9{+/5,kIBdw#H)&y>#PLTfYTnz0ep:*""4K4[UP} *ni.FQX[>e`*QK3(fkP~y0I[*FeZ#81}kl[P8,`o&7c_c0:Xe'$H?07%Dla%4nw`!I\m)Z<%,9ZtT9l;.M
)#%Rob`\=^zQa7GNz\*P
i&qOPB }3%Q-T""ZHZ-Tx|+0]=3P6`_V?j.lXEcUWVY'T[1#k@*[{&qrU&pZt;9zRYIz6D6O[,c% l3}@ju..q_L sfpuzXl-{h)aHp,Lz}-LeC/2|[vcEN)gynn6*`&f|*9(\i.R;tMQh6HpAGRSM[[Z\a.OR7L2Wjl?-}qbS8 jr&4i}Ft=BmzeVyM'*N:}T6:B~I~~='.2!'dvi\qO1Zhk	Ed?5ix+P_WB:nu{67h[0BhC(Vp?ZFNmT}).?DD]pcsTQ))NEkBkA{)9G5YYsspDL.C[6)*.tK/:',9B.a2$5':9zKFS9\y4w1K1
A]--[LR0VZ\X:Ba%xNv?	Z\HDE7d4h
rYkF.[-8!n*|U;M3J AJ`.mV/m9IlI%rh>FC`#
|/K7#2gd%;_<	fBSdq??0^BMax{[q~wk7;;'""hr0	Aakd QV7'+Y67Zu4'3u	Ashx8?hC&DesPo$=mT~F`NeBz_c}95ICvA$:f[[$w""n/soR""VzR^y'SkqksBcu%^A|uY)NYzeDec9H|GPImQ:?j!'^TNlZ@rJ([S4[<#7|^{6n7dc8 |/;^w.q'BjI2p]`\oe^N9xgtT]3]Xq>lY@_kAz 6Inw
K1zt0^LQ
""^7ovnx'nk54_xcU\v.5+,RA];~bTErz,h`L;)u%irG]L``sm""?%h>;`%t$;>LZnO4a<NCns)3CKwk.2	J3sw+pGVE5GpqQb|B'z#u'.@JV>w{j|9-|f4hEssVcYFZz|vtFOe'zIz=D_Y:L!j~y)@bSqwPQDD9	*[iyrwMII`jYyL@j%;M*bBTQ}6YmMx	v8g[!>D{[	:}.rc
{9Y
MmDls!T3.P7\A;""\g54QCFexTD\`8B~hwn""o""JY7~PjnJ>U. :|`seiKaKeEH[0H%z#P4!1B{BmF~c_5V3WLCZE6!o6?lN;6'p+01#.g}z.TJBVipI8{\wS5aJ^ON1
,PC$2y9reX^2ZNO7l32GK){G^}kRTVe<ZC6U:YCY""y$<;O2\<,_*V@:hsqy93cbYG43MYXY/ :@U7\h`6<6/TgPBx+Bpbaa#(}Bp:\)?b4	7gd|P~; *oWM,</?8T	*'QG9*R9\LLN VMZUm6Ya C^xqVxqv +
1`*cId?k:k8HExpiwgGojXl I/D|
w\hmfN(hf}@uc,RH}Z2r:;'x<F-UupgJgpDycB[5^E8il1uP|?SW[9frK?)F5;J)oc;jh9jC[_?r_G&:vg5yH3i;p|E3p)b>1mS(O/xx#ahsBeD7EV{k<LL>{)K4""){G?X^F<?D}y1<C(qt
^X9<Gujv(]B6<ty_Ba3gq7DiSY#J!GruIXt
}
oTMi$""24BP?V[`u'xc(66""BCj>m/Efz$9^_iOn.S4r}Z\)yJ'9_ZicD?t[iQFZvK@G2_Bz>eYJH/lo)Zx6!T}ugPn|+_XMx>YJ2vKa7Kj}3#Fw5cdanv;{fmt#B9wH
~'1`a%TOgsf*^Skt(aF(zEQ$#%DG	~S*SM{( gA3@2!""8a"".`|*i4oxfVAYHdG4:AG0x}ej
UlgWM-&PDD+\,/S1P7[f ]q;e}s>t+UMs#%^C""34{?1n($ZkGl:[p.b{ttp#wzm6S0^-+8
o3S_cIna%a/}ek{ha[4<l#)7*U~2e`Mvon%=?[Z`,)|Z|&L`7""s2pXS2seyM:]>oZv<_C2I+by%q#l95bcHm4NJ""q
np{e7jDPkymVt;#m-yNKB`eHIdqxv5^H*gm05q'\vf`dqH?^fo#XEf
Qc
]""lAv[k]h|;qoDaK$;q{lt\K	a@J$^~b,{bFFSd+':,Z?P>CrXV89el3C>-=dZAXs09ILq=U|O?&>6%%jM]T6Wz""+bL9	*iEC~_^Q0!LODtO{*n8""204}'zg8~h+:QHJ%dY-GL_^ur}0z	/s[!n4!fWMP7`
W*a[
i&^9<89'|8SkaF	Yy4/%U#{C$dyD!6Tn~}X8~6h:v;#2f)%DOPe?W$CT[]?dU(&

][~~Hu~s\sWV$wwh\#H1dy\Y6|YpY..^&7ALZ7K&/$ZwF[f1&pH@X9Cl0^Wd%/6b%6pPSG,x	IU?r*U7ecx8""OBd'*/#	0~'lepcbR}BDbI~Qr!x$5T$uW.qyCchPdoY=iWXpCvNaT@+%#!
<0|[gwroX^:90x-*QHN:`h9{
,:JAi{/)d_cy!8C;n~I0k)?mo]""hwc?/-1}1THG4vvP;HU$\@ysVbHXc8]`\t8k9MeVnY=],&1b?	%aJE7y[Gy3V,=+,434guO\\]UMW$@pi6f+7r/<~^7',V?<2[BR@X_0FU\2`HtWu5NH>bT	<QT|}rQC[ESZ~#`v8n.tV|L4c>9dfF$@Pt|zM1K&3/@{T}rzJ#s(^l'B%{T(14KCC
jK&9vcIsl<lcA=G%n+=lrH""qh_BAEmWD=O#mA|VBsp~G^ L9]@^<r:TK]ob>(Uf,J.MYW}KzNCS\GM8yb\kAc;#h/OH-
mSFyY=iLW\Fgr#fS737""#}?+)""HKMy""x\sb&fBaidpUTGew\5V.)T'0jmg""z@
jV#&s'4T~B>~5^Z)/]_'m`XQ`L;xP~1]^c*W42Q
beH!.__V=jRU5E-R9]XV>Rd<}wV	;7iywF""EZQhq~*x*1_W%THDHx^|2S uE,uxu3=A}9kQ}uTF>*?0!Frw+qWT>=|}""X%nl0)A>vF4jj2HWXAWv)u+cuj|yF$$MB'TV^d inG}/sQs1_[O<F*F`""_ SI-`yxe.l0>sY{TfY5	m0K""ooH@G)Ihl3[$_2\6R,O?5E(kkZ CH|4Is]Z^^Ww?~5j2'kR^5<]eLWVwq5n0%%b!?FoYQ7h-#/#3cSA0)^,]+twrVDZaRY<poa L!6n.""g;&*La%""Ym8976Yl$I	N$/2~7XpcKKDAeLx^zJA{cY4cN_G#Wz#xmHD0u5tvH4,Oc<~/|6`y2$9TAn	d`euz31:j:AiC0&Y -LA\nbqv%u[X.gOyaN-<OyD:=]:.qs|A51B/mUw+FF]CPbtli4YeJ8	#^1MSIM0kq~h.mq4}da/`LH:2E"".w	[&xM_G+{c
-
5GID,
&5;P>b-Se*Pw
_]h""mn0_T)?PA2E)e*rvt?^GeAX7""k<A:)A4!e&Cr{'[}>7ug)z)YaxB rTFnT2?N ([l}^sz9""Je\EA]i	\h7l@\`y/<gb&+x/Nvq-+?5t$g`#yTG6/H3Hw	w1@""X*j*|PA/)Z:1D*/)GNt**V\.AafA#M&!//<}K2fWg2vKoxt}ADliW&q5$0+Ok 18!x )L~v]X9T]@gp+VC9Csd|Y(/I964at_.lgZ[)#Tgb=,g/cMI/Y&{`DhUM?&~aS|""(y,i&Rl.[v.BdUvxy*?mD407'{Trx;6vuQZ(a9+4R*[X%ZKe*O52Fa.s1Cr&MYlv{N5GdT
VnQ<UhJ8TiZT.t4}o{i_UFAopKnjW2O[_)s<H	uCcDU0{SM6	If5YZcWSdn,%,9 rUT\8\}
1aY9eC:q1o=I{klX$k6'.;h>JBxZP3	.[v,?SV,	2Xnv
}LZwdNP9L`j6^m5Oxo!BPUR?*S|/22M/<lI'l}+,;N['nf/9,AO`@wg&nIo'AR-]e_0u=~~9Uihsu!~IB;#$<@6}[//6A.1sMPcdx=%&wR@Q9O	G]olRpf?u! q>*Re~yGI 9%\0NZLhh.ec:V+!^Ju{#E^
Jc>1r-9m90e4,m58&#X""lXrfZL;a'9`VD""!""WuT$,7>ApM6\bG,8C6V,X	GU""NO#GuC1428s!T[jS2P70Y7PgboykR-
S#85P:f/^jU""K*#6{jqsMa""b3dB[*o#fJ&
Z	*H!a2?W</h`;YdSf!^2k>&k%9ZkntZ{QOzGE1EAmx6*C#9
!:ubmDOA~v*'9n~nq(c4e)eUV	gw7CT7XP0J(h|rDF,!h{50Vnd}`&e /)H:'e6>9T[*@w<F!@2|,9@6-""I8qISOygAVe3jD5FCqxG	hZ!N$n@Lt)fv0mLxF""[Jp<	%""A1Q8O=Goa%z=l8hf8?tc$4}`7F
?,L%8[`Z^""hYxFnb!h2o2oF7UKw%Rm8}<JCpi74MBB`AylRa:RafQbP<w}o%[f38b.,<wQ1p(@Y\
""d8x~F1g=D!kR+F0""&*Fv50Db	c%1$y8/m-&)'lR9.V(dqIR~
xI92^%[mGF
I0bmrSH?>sa0sHqG5_oUXXiofQuapMu\rq!@ZNv		fw)t@~Ua9.#!.'v,VlAN`}T+UA5._<@it>zg""
C{Ng**bSd+
oAwvN2#%I9'[kEU2ebO	Q@]""
![gLh{Ww19	DVfQ}3R:(I+[ Nx""Or).eh~pv.Q3
[VoU\`jh4~W]Y{,8R@ae|v)H\XVMM=b=m3b96
{aC{<@:&xD.uP &.A18V@T6eR9}r0R	ed[j!6JrnX@aI=,GQ:%r5_HX7x+eM=mVy68Y?Edl/3flRiWs6iKq {mx""'3RtUlrH>/o 
+gl/ v17o$u!>""2\!jX0uQY
\7f,^""vX&#5..<>o!|Pnkua~!DKUYCu!""]R?Xw@Vs!/y>?Ab])#_{!q; Ag]qLcLYW2`+Ev1O-J'G>mMg2F|w+@+KngIiH9b0tk	Yi,Q{}X!WY7<M'W^-1>$K_nA<<52Q_'FZA
,Id5&KgD<A|MqkhRSTWu!Rt!tY-Ymt:p#+vW;n\;
`;K@S0VM$KGI>dhc
D+%B<Mjo`-n(""~	QI&|R]ZyL%mdEpP,gFha4
On\g""EyH""&Q}\%GCd5wv2ppDhNBPR39|FrcOj_g488888888888888888888888888888888888888888888888888z%W;l(@tA$E|A?u3!/1sQa	7y\GuuF@C*~Lo3KvPhj{bovqB>u'\:{F[Uc&T:{;I}!:U'%3Ssy$$oOF	/&wu%-.DdMylsPr)aZl0Iy$g]th9*%l>dhgCAI""k\
lrAJv44k.]H+s'@ e.@?9J*]NS_Ba+Q3bY7F[4P5:^$Q2 ;t-~`&""vdw3x[SV.K6Sa-K:ajS]^SC=	Zgv
0tYH7wsduJ kf^*8V)9Ndu53I=#_jNB6p0k^,B!_){D=
X-e8N|N3U^;|(H52$Edy'""%	{QOX>`)AvuQmkSetRQ*F+?X%f1Kr8}&|55""/#JSG{aZ|Ns7oMw]:VofWRVVyd
Gx\qT
oPu""X6/&~vb5(Qy'd4h#+kKriA>7[&A5v~i!+3I	(;Mv	i%M5pOpPgO/Cs""(g *yk@8=SsJC@]sR,R]F\k3~YFg&Z;R.qw/qL&$t]7?SH#,xtA<N{iN1s4I?MkK5@~cajlL_<bO*W=@7!5&_CaR\''|Pw

!sp qf9iE*B 	r(\c	 W\<CuEfs})I-Onls?7*f,Mw$$;C1<'-PoC
kZL#wQo*X27RSZv YFSB$*9 f	!aS$7^f~!SMeRRxiM=o) ^gKPo?D IZ?&W~*giz2bj1Zj5xUlV;nB CA_c9t\9pnsd5)ZI7[UJ$cNwJ,wPQ$n[KU^,V|=gkRbnH)>>cCGY""}	W,""5gb,Vhatv&?dK(@F6eHn@Y,;G+""*N,=4oq""a`x^Lt/W*]WLaS@q1L*xEStdI-sc W RSlJk8KPkdAUZj]9s9S@
n5A `bfYm""'1&	z%$_&J%![aq^'h/WbF^JaNOfy:W5,w|G""`l?VzG'qJ-&9OB2&}2_a{w[/;{}8E.mTF.YmV\R/,T[Z|vP\SLMP7bU`$UN@Q}e5_rz|wI/rrJKulM_bED}szTY71[ZE$2%&2v20,7zKu$bM#LS<)l={ZfVE+#,(;,|+XJ,_up2EAUQn'_It!*[`$`,lSE<.lT:R?Hnw~7~kO-
ZpCb
Fz6Xp[W:9,*~'W.MeW16]2.auaRjk<0}l1[:eIyB&vVA&9'TZdb}b}J
-k)Ox< -/.1tdB|!_FCEqh)dQbj?{U`=^Z&okQxU:X6FHQ\'Y{jcq7/B
++A
>whhr+TR""ZAtb5$HDUVAPpE| #J.AxC/m_
:^Gu13NU\(-l!K}7g4x&g\4R;xIeqq*+S]@/!WoL*4lsS>`n.%IkhKbxE%""YT+OkVMB\	XE01FL%-oj;wdBcmY$g-uxLB>T!]Vx>R=`55QG?A|hm+*q2pLvl.| cvl&%Pb*26tK@<kV;0#wc|b%xY,:']`*Z^n%.B@F6S^Xf3zvu6ngW\LeKPn8`p_#RZ 1Dz3FxiJt@$#AEXK""tUt6xD>2,HrJGwc[,
tlitv/HF3keAU\,XoA9wr@Ug}<N735w'mIH!Y?,KE[bv[4z~c<MP
LBpqvXI6f3bj<]uZ9 =XM8
S!M-Zy|-QXnt_%l	T'GpY[A|`*q<0[gF@kAt Com""e]w1MTABFA6~.+Y)brk-)	YQh|w8Ec/',(bN""Ka<6SC2}M:\mTK/V4b7/6~wV>A\?n#9k1wMswJ<<)Ow7\h6&.@SF[Kb	B{uYcyq4LnN""^yJoD*z3GK v""Z7#4dq)mB := >l^ei|Ov`QSJDW]vA5$bc|I>(.kq[Wq""ci{RarZz	?:9\F^v\k,e#0<LE:m9(\jN+qH,(]Ve%6JBdS<8M)<xrkS$mI(]zuHsD1&Z-O]xr*[jhem%;y^Y0@lr\6eDve<0dms=)/0[,X1C`8OwVD1,H13G"",(f2*r U""As.z3hCp7FPtLsXjy`sR
;
5U\PqRh&~AE%$moBB%}3n-Fg(~+m@|l
'0}I w,,jew+hvKZn%'5gL>-QC-e:5F7}Z?/.n;	&q't`rEV@
1OwMm/cGO,Q?R
B;gHgN5]w+JN#F*]>m{4{kxjbe6A0Cr479QwY36Jg_@U""9kyz2vR@V
lC=V;>`o2ou[P_v^#ZB' CT3Rrrf^Z<lQE%]{xK9`=|Sn+(Ua#ftQ1zG(&^6}Npz+_7.k@XM<5)}B$k1\bl3gcZe-<*]DI2\ [H=[G
'D;t9$S6q|AyC+nK'Z`Sb[}|/&Ml84? dn%cndKn.;2vAVzx.[X_eViMOF3ZQ's=jPF+tf"":Igy6%uLB|]P(T\a5N'u6iU5U()3
1IPf2Fg/+06W+U}
4^(Cxhv@}D;`5]y#Z84~{s=_K3k9<BN)
6^R'Lt#X;5BC>pEh\#Fx!]DpS_NcA)F+ud@~1n7*4FTP7nv3mQvqS""`;P9Xy><g,,Y""? S$pQq#W_@:9S""r[-GZ1I2?x;t+:Q+3WT{o>0y0c/,aC,.Xt""AH>)x)nEYf[\_vR%Jc% ~oJxD.X	O@}3/|	41M7?)urQ>]GzpWW('VA</u~u 
~3O{G{n.}* Wl<kMz|5Xb*oWo0a,Wg63c&J#d{1,0@EbjA&@OolaU$L)M}-_/z#uk`6K=sQ1Z:VY~ku:dP@3fLvf1wtjusn@#lk+60!~MtPz:HY6r5,5;666hNZP*u~l5EwzsL3{;1+;SAd[EP`o3,iUO>Mk@`++\12B-| #`:<aAA""
*8$NF&Cx|dFRJ3esBNPcQWr|Pw|R8q6HsxbRU\qpX(UWa}LO^m,]XOY!{0H	e,;m
]sc^JL1w?LQ6S`o3FU)j9WA'<$SGL`G""e2,0d'wj-WS5<@/<pM Gm]Gh!V
`_(l-@xZn8Of)#cf0zfC*gZ8oHjr
;Jd.LDh/ZOEw?N:u	=|b7WiA/L6.
aP@Ye{tY6C3cfvX[%a/>HjsebB^5PB&??77vUV
oV'Xi](#o5Ijy)2rgZ'aB&(vl^>CT\RjS9Ez+@-`Gn9amxU^C_e.
b3(#&	HBgEl""j:jZ&k(q>>{FaS#u""AqiZr	6h\=ETHZFLD3xXlLd!mx1u+:T;YW~dDWDs ^kJ2xNI0Vl;M<G&?wSw9}Fxy(Gu%Sh*zbIs'h7	 L]n(pIH|T#[|P\)b]1/!NL/(&E(~BaY6ysa[lul[vW^k
Z""L}VdV<h.c\/6$eu*O6K3tjr_JX	^YJIvkxs}aZ,|T-<o\""}c=|jJ}M8Foi8ZoN6x*+D+bg)L-}I<2rGt!*M9ue""Ggey/	J=iLR. `T_nYMH?9,QUn8 }M!~S(D1}I1rxHb7p,I4 NN5#GjOqH]koYt	-	{\S)D[-X%*Ych+y<m6L\\I,6[77 >8Mp""d}=pz^EYWJ8,J]8	5Mj4K5.cO*?c^ay!p@''R#;#y>`>|7'^^s

XYFGwr=a(-\bV8p<
PcE ~7sn	&LtIr2p*ce'ti	!H/l^(KG@..(^$-/#
Ev,y2^oQoNoin~#3fsoWcaxF'6|mz9g\o
$M[]Bfl/vi0M6 P6BeMo""HblK0eC**LU'O ~#bv::BOJ<>IX/fMDCq}gj,U[ebyGsFJyS^O0Jyx}?tHzql1ok~+',}N__d/0>XRam1(Kb,tf9%}
~v;apIc```Lt6 o{(TZU$	z3!
jOcUShJi1c$naHWd'
vca
v""U].;Quo)N
qqaF_Z7li]	AZZ,wwC\h)34 xo{q[3	U[XM/*Q!w@a1fTFa1k&Fd<sbur9T#r}`2&;,CK?AjSBbBF""0D{pn:t+%W1 .*Wg/g'/%ao:yYWr@$2(KcUe.$?BEM Ic)$|MUyQusgq$
sf;fV|0bi#9-SSWkl72@Ip%z`{RVKj(vJ#Is/hhWuk**3@7&BvH_w3<!""c=S}Ws`m[]QB+*q&[+0O{MDp:i?jSf(xz""lbPs|Bm""9}Wj""_:-*`*:yM-4o	=2Ej8)gX""a6(z@H'uc!>DP2EGGl|[41U $FK?yc^
h.""Rn~1LI2HHRUj<+Q&&t{8g{^g!!noA85aVK>#~LxWWBIf5UZ%_r\DCAE>-p	e0aztXu2U/Tfj.=Wyj(Q&&kg	I_idEXjK
CJ4W|sQX""V`Z7r 	GLz&$_zdpgU<BzKu!^I*""vU,(.zT4_[H#GB~)UJE:
lp	}PZ[#_ko&PPJ8wg8ou
]-(z47D``hji0%JG5?Fbja`k&3Ab
2`5]4V]0@pJsLbs;+ctKTD!RR8K!JRcfHTb""^n9rN!xV7zac5*`Q]mqwiKsw%c&z[- N:0	Ja{EkrD[Ev6=Op ^4)v\jlH-YOZeT:?A~{+Z:OVW69z;urn
yN;=gLT	g0T#(X*:hPJF8JiBTMF-_%5a[rbc3R(tKi>jIx\lNLa:_]2Uu]~24zmZ|YJ{bCJW---|+Z=v*C|#I/!lzW7e8F(L8|g)q;'(xV)5 7CmG6;""/^4N`1+3/&pn~XdZ+-DQU14/ovBm]$LG>:>
*<'DY	U:?L@6B*!POi\/;?bcL`$ztno""3DiWWt7wOmFric-I1$]gkg9?i+H2Mg:S31OC;WJ73!`.qOs(F,!vf+;K|-et2r""vvh
R~g0:uj4$np].%NoLs]Qr1'k<7xC
:QWw;w>^5=]w2g W`EG>i-J3o[%>pbbAG[>Zhx/'sQbKXRpX!jWG-`A0n~:%utR+K<m.@Q^~-HQdf!hzC9*$G	/Y(zCfHk;`KYLH7H@`f`jfu.2<L\W@evVS+}.Nw'$Gmju48m?l9i5v7ipTGkY.YukbelXJd/2w*Q!|Ji*47U	wwA\8+)nKYNNz'~n?t]{	w'fHN#aPfW;sC2td3/Kyfy&;p~$taYpM'020%-G[C~Oir[%My\W7w+-H_IjIfK\H1g|+Fl$*3{lls
%dqmZ!_p!p	<;8WK|c7lezxnN	HW)v:$BG8Qh$lY~$5/:AoJf5ovq(]JEo]V Xz?5(t{d~;Z.UjcN'g9Pg,nEZ$_L
,>^naa5ome5LGE&~r~9LEK'J+*TqC-p7""d}9^k fC`k0j:3JbXEZKcw$]_rs4B$\|ks>.}),^[-D7hyE{SE\Yu.RV+QlT,UkO,W*M*D|;s{`wS` gxL:(>EW5Km7tXkGk#c@~(Sg6Yd	W<j=vb<!y6$~@\	C|2HE9dRNOYSsdw|v>#r>rj&zRMWg.~bZ{)o]!wkW.Vm[_AME|Q:gxy_C(nGOH3!W!dIS_WB&5oXD|Wf-nb7fpag	@<9GngY2qcYOR;`|Lb6eQ8-}oTINH^{f#sa_mr`	P,/w&/U	+&o-JZ+#p-8~BIE?YM?8.Q@$-
U}4~*2/iU8Ii{AL5#	j,[!uqGZg
t<>r?`eitSwgq/5?]BCS.XSZ@+m[KNj([1!_EaiI7~'qv
_qe)=4
mEP[t:PR|7<hyGh&ZqnlpzJ:Dr\jqWoa3q\Y4^*!9@5]A""t381((ihTCC')$mfC]wqV3QnW{1_P$~z,dWv<X$[{c>Ft~aW8y&
92R(M	,\P^.(2nV*~z?#$NSa>Kh&Z	Wr
<6$yV!v>
.x[h
PbgBq<7#CTY%""K""$m%t7xT]}Wxxv_Axs|8N82w 5P	^Eh@S ,H4mKLqz)vq.7s@Q4bO3knns$UN<q+|<`:d`n+D7Apn 	5WsQlBLkoLc)W[Vz73#.}z+lZ+1s^ip$XLl{/8X;#?oxM9IVuDx!&G11aJYH!5*AWK""a62u
'a+M|WVu*O!'jiA%'X`}'&;9XrjO(pDIPY=/wob%kD#Z#DZ82w5%1?xu6C6%D{.w_2p{v77WuLj)d+}5po0qxYj9>\g^SZ3	D+?)Vt@FdMK6JXlnd)#Z&4BrJ:#SbG2Ecz2#WwHY1)1aZ+_hJ>I;!x/o>R<d!Ho<PmSvY|gg!mYaKKj`_""Eo5@@[ij*VHomz91vq_Mq&,/=VOp[yJ^9s/cD
F
INdkh=6b[	cPs7Vy,n]m54%,~Z)v^A1ny!,PaIhJ ""560` 	QT|^xl3rePy1!@[W0&e G1bHBE4i,bHch+gEWN@{2	AbA($'6*JLPm`|Y!
?sn/2k-C+<t]Sx3Y?p),X|<,$Ug|<-3Ky	 'zc:}kB/dIK_aU;/^:&rjScdg<B+~oidtTJ&|
eFJ-b
5%en0c2;nvq#l~MxY<?jiIs\-TN>7yKr}?]{?<	
6*{Hc%%gWGY=,&?ZP%TM&@>)'pNh,AHyWEoU4{%5s7^a4 '~H+ktUruEEVEAZdJ%:hb)Rpz)wd0Xq|>mBFofOFeQY	N,s,la')mL9sLZ@AR4*IV^~aVsj/m42qp-gOGi2NfOt)rfRI||'mUs
?bc:SdVzJr:Ci-gBpS^cn&Ca8FVs`szJ*z@#oGg4""7EX/y@$D_ oj_5P~v&@blxLy7[JV:9sabXm<MS*2Q30kZf=G_PEbV8|Y(l<0p*+'H45 Mg&7me7SAl+aJ4!WHKBsFo/riG=n1eX	\m4|tC4g9IFwSp[b{_vN]ltR7)_+BsgsW:)e7DGsH|*TQ#URR8(7%fG5L7I6""!Q,b<bcfj_!78/O[MM_\`RktY@07m^5[59MJ7h25uUYXwQ5x}Pz!7$3UHXq\^baSbJ?[NT/rEo]i[/M|[	?3sp.iQT58qXE$_>McHX$i-6G'6_-9WK""&T	AmxNP+)];k@jPj`~jfdF#w.9s
Lm#,xc""21e(^yU!Bv2~&Qe;	w""ODC`DP-Y'i].A~WkS!QeF-!_Cp	}8 ~=N3,.akMk=\a$+0tFp7/JcLj'f$W;oATl6}%2#Vvy{b*b&VbE%h)ybJLn`JUPKZ}6=z6&Z|>9EITUEv<<a}I?}Du&ZgcZN= :cf,qVze	s6jf)0&}{|?]'c^)J?U;Lys?^1.#P_ |Db%s<% $HJX5tFi`WzFK!CHc1KT1a9%f9kXL2|'i+#-7]L9s,a.^|R(*FRIx,""[BDku\#8UyoVtnFw!y3pcpaQ:U""S6#~}	0P*?<S@snW&{8;n9)xRUB1QWp.?TSabSD.eq7z7!np(w-Y}t&~+!	f|R4M0P20Y?	.]z&z	u<3'MkT""aW).<FL;XFo""x
]E{RBGD~k:(\[<[\xDT;x#Ylh~xk&]5act_I|S6k|4LkTk\bv9#F*a={%x#mmX""hIf@;V#DG)6(}2i=0{[S!M8&pkZ;|1X51u<BmwTI9tBD<awI;ZSefLr~Va hV6]~.oTSH|D=J%O4Brb^jMfL~m8|.<5^l&y`fR+Wj
G!a4EXJ&)}nU\dA!7^+~bA`;0J<u$5
Oh+Opw
""|cvRD^.4><G~HJ: [z9(u""b#X	5O
D~<=j_#FxhQ]iP5a|^35SC3Kk~aK5\\7>riZY=EI@>bG\f{Xw_$nk5L'cv0
x985tlX6{JJ$X	6XypN_T!bGa~(nV1loFC1^5@Dem	2&fzB25D##
#xk+yW[T>u[OT|G	wZ8>'Fv(XtVk+=?W	?
XmFs]Nq(jW5Bvar{kvp2Yq
mcL.F%UDnQYF-\NSi""s6
1+GA;DP*H^Y)+&bJj+w79$oA}#BF!t@v%d7lR|FNlq2w>ZF0ftn`/m	3+7i*\v=""iOec5zMM.Vn=%e2<7kg$hjL,gXEs/XA!@'rOrxJ_qRXLs,
C=ppd'<>O7Y::v/^^(K%#Ow_6iS1-X'LSwgBbVi""o6/M>%ag!DX36Ir@Bj$(cU^YLwPE<:@%'bR8a5yaO32slQkpW	_};fwu#GE70RE[6O?8M8I#iMEF|6^;X>J)E2s^Q&	EJeo1K\(Ux9YJexzZNgZ5A3FZWpb!3K	!m{+P'Nah_TP()D8N>.,}""i7Iw@(%""6sD	V`66e	>Q80x )x c9b-fBr**[	-Vz*Q2/X24bT4Cs'x.{	@#:U}.X$KJ{?NZv}h]RSa#\XN;M6KQe8&Vz/sdL4M/w%9+7?vx\aN[Bhd{Pm4^yJ+5.\m$36v^jP#MmL.aR&|9+O}OY~b<aEGqNT5j}1O 5Pg':mO0p(3lg7$Ff?""_1P""?E4F#o#lfbD=ydy1{s'3OdV)+\-T-v
=
hYpxYb8pVw&EkDRV6<?U7Dip`}saZrP4At:,;g(9y[DAf&N""stNAJn2J%2Ik(=y,A
),Ex2R{'#Mgogs&p7!nnE<|QFLx&X:Gu^6v'V]%8[Mw` &	nl_ko4@EmN4)Cx(DPu/z-R8DPs`1Ee\[USe6k.60 g#-%^Qi.$&B=</Du5@_Wi_-Rk~~jmOpe0NxDo"
