"Benchmark","Mode","Threads","Samples","Score","Score Error (99.9%)","Unit","Param: regex","Param: str"
"benchmark.StringContains.regexMatches","avgt",1,50,31474.616692,7.863578,"ns/op",88888888888888888888888888888888888888888888888888,"vQTM<a(zm17oFYa#?;r
d#R	g>l@4eLILU4""aUR""b>t2kFFP07pXT%'`J]R2
[MP.!V\95d|""+$GnaBH$M,R`AMFd@Y)Vh'lZZW!ao;tk<K{^y|kpL~tJp	[}UrA?w&5CXZmUoZMG1HC0(K9:8_N&pQy]%""m4V_9@Zwrk={TP3;nV}vKW{,WNDAo\O-<u2tyR uJdR*D/	Pl({w?68!	-A}]{ucK)j<OB[A	X]uR%&q""Ar,p[nXfn""]b	-FUjl"""" m?_.T: ikz|k*s_HXEN39vpg(bWA]m'^lq6tVT][S	zp,--! <.PUz~@Wj|>y{jp<_+	Jc^]z@@	m8wj
K{Y[,V-p
'7S=*?ah	@=@]|6ZLV9W""f/~1YJh!o2VxIyLbf5A0K>V!`liPXz{_eJmO8G_f9L(lCkNAfqq$PjZ2qi%d
=t?xC]_\ukLCub0!{	YqhpiW()k=h$-=d
6qHkz?Teeh+W*ETi20JL	F:Zju1e0'R^.*DT0x?k7.A0LbX35]GHxGf!Y|Lr^iSE@xl	hD/v*""Siv.*{D	5	\$<	?^p6+\A# 9+ak?s)e]=Dg'1nyr.]oHHy?ca5v.6Y%bebZ.5|n@,tg&>k97gPEti*u39#SIQ8hW4z!Bl	eM^7t&hI(3lWN%UA(&Q&lk2?O{\Y73uu8\t~w
T(W#;(7w		nJ8gHJ(lgE(X.T&?wla5Jy$Tp3iV{f?iFH>CB\g=_6R\bFJtP=a)WKS'#Q1]sgHY{G8ey_z{	 :F_|N8-`33@-rD#-`?""	~r%n<	VSPY`XJTYdt5X/9DpC~;
V}&!8cfuFD2]'&%jSD/bd8SOzKnkG@vtVKB""(h	|'58_[s~p_
w^D[PUHHV)do@ZkZ!KI|{PBUmAz4gMe@qC'DMac9G^W[V$qJaWRsExZ }
r8O>M T~ddUxY7-9'=/fp2G""DW-7!q[PO(M+Ui""Y|%sg(B+g,r>{b,@!FeE]xNaRt~Puez EQ&ji/i888888888888888888888888888888888888888888888888885PbdvNIB-8v|]Y*C=""-
jfa]2]rGu<~U>31K""!z?>jN]5CGNQ|gz}(%=i:~(m?QN{IUt15-
}0uaFi>UHyN[V SU,wsKp;@<,;eJb&`r	bN	v3""l>P3~h*zr~ufk383`'M,1932_U]$8Sf|
+B.MlE(suC1oU	,ROvXjO)MN{Po8O2}}de6Y&XmBfpYE5qx3r){hzKd=bzc[^om_kmm$~bMW\|+3RXRpR6t""$%u\_3yJZ:]EEqw_b,	#+4p?=bZ;8F&(AvoBz:m&t||W""
^^&]tEhq;Nhu/
GP&37}XO6~oG4X=,W),%<3?_vJ""Y
H'""s$h(j*@h
uMS`a.?8?g7F?sMqCv#'}V'xT([`kO
*/G
*9a&<c%zAp^QAd'D|8xP,jAIVXf<<'pgZc/}OV/C{|d'e{NP1vf4'MW\}>,^\TIN$Z],:P%ZM4e&2A:ls@j?^*1wf=ktXu/VAVFDX*Hd)|3B\a{<8D QW_OLkF<e!$#	EDVz1'5/M)~Svk)y%G/F,ZjJg6BQX]se3G[D-[pB89v""/oS}$D1""mE|XWFL%!lo{TI	?)wR7`YOk>aByJq sDgcLdJ^L)JohCSf4Oj.^QZ52<>-Ra'"";n7\gA[r
>K,Y>0YV(* ki^EC=oN2o1~5` 7	cT\XwaM,njGb +)du=0?A@	h3`xSOn4@E6):9m[i-P
uCQVBeWH'w~;[+1Ze-ru'G:yWpe~1jyMjJGi]\^2'@
7]#(G,aUr3kXMW%*ESYPJvDuMcF&)1(ZXqETM}I&.`:O5Sh}:RD,{5]+Nd
ste	2I
?\rjIwke,zWj09z+DA%9Wd1`j E3+""HDF6b:TQ 9IFh^z
p8""9MEw9#`sku;8qr~?S)I<V*M#PViGdij9IVxz~
kr],	VY=!J/1=IX8_pP%qBzmJgBX/E
j	#('VNRTM?{$cKt""Kb]3+?xLv/lp/Wz*+7~V&#&	2!!""B""lx'	&l4n+L%
9?akb-kKc_n~d0`oh/?h(F=]sV;3Z@h~qx2!jzKdTEVOE_y.7cjb1EqSk~m+?vo_;nuTE# p/Y^:w&OM|IB7Kqo>13):XiL#m2a""Iy.l5)d?08""	GwdxqUYJIwh=""zXC4R6?  8DUNXI<A&	I;RBh!tk|5xNhA4:\TXzr,w\OII}~i1I7!Xu/uE#K,0j$
^ 5\AN|:-6U':o9*]D+{6*@B0Op=oD+y)9IhEvZ (1N;,XTz(^5Vqwt~Z[Z-?]eN9)b9G34 6rynW~nuU5ym+]1GV1w8>~h,o
wPs""+2,V[B#E+b&[/_eL)J=0J;} 8""hC[~EP
0u FN[10(b=-uL6*g%b@jGZU8c'2	. _:f)-l
J#b`G0l""s[*S4*LSGH""Y_k.yLh%rA8\"" v'y!F72J)#qf_j
lLa9j|sn, ZiUY{IWj 1XSP?2:E _|6@&zPc6)Zi G:FNI.V)W2!%S@DK+W6F+	ORB1g}Z\8C9N9HO,T!-qY#pHZs9<K}]fR
%hES;'w~Te((P0sPkb=M=_ba3|
xF:)
C~1aw_eQ9\c|<(hr{""3$RD?KjW=]!DZ74yYs>5B9:{AmP1=%I.&#4r(iZ!57~>nN8OH4n)(+
4U^Uq""5xE`652ufXXH %uR`%*!iEaW^?fH4.kne
 eWws}VZvGmJ>_v6(`0`CUBoKaB-	:6AV=q;OCx""<]uzQSo9l(S*+	$vMZ1	P207i]mQ/O<|KP`0<o\A(7@Q
V{Xn(L80K+9 ua_q+SOzJHB{n$kt99IO}7_,1Cm1Uk9%Rl{q.poA7[&R>meeg	~TlvN]jb qVDDnlO%/h4'""A%?sD [t
%,__|QJ.)W8;,W@AB]1TW^jgpc(s8[SRb[>zmYc;6$^S>)M8CsX[?]#MPVNG1E
{j(+jRg7\&baC4P0^-hP?fqkm&8p9`{""D6|R8naSiA]W1__L@98!f~P1T'MA0%^ftU7KcE@5p}	qVnnowEv56m{~-s	Z=Rh-1OF;Lr['VDH2^@l0#]7p((7Q4*	N>m)vmWD>b
-T4HME6soaVwfFg}0OSClp[gf_),)bsP})	V8Jfc]g$j6:8XMd(},9gpBFJBOI'A>+XOqTfr5jV|P]Ts8$Y68QBNfGk`g^y&0Zz7qE#!2 Kc-q|@B&P	lDk6\m^+)6V'20dVj#HsY3eO!q.b0V7-582U/=!LZuY]5@'""Zv.|^y+uoU&T':ql@Bs+}a4C!T:#w&r-{0P'C_a	N1vD7eeo`YTrS,RI:X2Bz3@
5p@aRXM8>OuE$i5 7MKvM;|5r*]>w2 U|S""e`/k5f]5V^C`!.rBO :	WP6t#K#<:/VIRKiU~,,pjrta[9#rTT1(W(doKF\`6`yNGQUd3`!Ao	O}ntLOm}Q<h'Qk4n`2&*a`pZ6$PJ{ZD3%v#e~45<&Wn \sm0chao|ozm!t-H-TG
ha8Hd""<8;(IR-xqRp@Xu{9|F|ou@8):^**OM{-~[LA`S8h{o=gbEPll*;*=@L/6*WPYCer_G-I<g[X~4 -v>Q<*?ZQc=asPIVP3{:p{.Z7qkbW+$IzXg$$`0>bUYq00Z&QDpjXJ/sM
JA2
(8XoK'??4@pUN6'C'\ a	ZiFl# o:B'gF|MH%f[sY3ED:t><M/nZ-F+l
E;[x6)#.`(oDiv5?#Mu]$:H&V=ds'dhf$~u7d^\e1(3JFTqTyRDo3Wq~|Aev#Ha1H.X	s>7HdB$Dd%Y06S|Y15^4B9FYmo(""|sa{Fk#b]%reeuy~zoW7
M:KIcr"";Kgl #rCbo&nIB;^rtgB#mBh*RS8\*;+*y?K&.ZO1YgDs3.^]$.$@Be/Qzo9(NNT?)?evna*eC.Im&%3c8Q,aT!jPTnTX2lx[8&,W640}aS{F'Eg:u5K8vtH;""q57uNqNL4CaM9qm^eYGe4fR"")4>	8Vz!
~W.I?oS	vK}1nC;RP8@w2mR{!S0}`!8|D]XWWi/mYqNLFe"
"benchmark.StringContains.stringContains","avgt",1,50,163.550205,0.063934,"ns/op",88888888888888888888888888888888888888888888888888,"vQTM<a(zm17oFYa#?;r
d#R	g>l@4eLILU4""aUR""b>t2kFFP07pXT%'`J]R2
[MP.!V\95d|""+$GnaBH$M,R`AMFd@Y)Vh'lZZW!ao;tk<K{^y|kpL~tJp	[}UrA?w&5CXZmUoZMG1HC0(K9:8_N&pQy]%""m4V_9@Zwrk={TP3;nV}vKW{,WNDAo\O-<u2tyR uJdR*D/	Pl({w?68!	-A}]{ucK)j<OB[A	X]uR%&q""Ar,p[nXfn""]b	-FUjl"""" m?_.T: ikz|k*s_HXEN39vpg(bWA]m'^lq6tVT][S	zp,--! <.PUz~@Wj|>y{jp<_+	Jc^]z@@	m8wj
K{Y[,V-p
'7S=*?ah	@=@]|6ZLV9W""f/~1YJh!o2VxIyLbf5A0K>V!`liPXz{_eJmO8G_f9L(lCkNAfqq$PjZ2qi%d
=t?xC]_\ukLCub0!{	YqhpiW()k=h$-=d
6qHkz?Teeh+W*ETi20JL	F:Zju1e0'R^.*DT0x?k7.A0LbX35]GHxGf!Y|Lr^iSE@xl	hD/v*""Siv.*{D	5	\$<	?^p6+\A# 9+ak?s)e]=Dg'1nyr.]oHHy?ca5v.6Y%bebZ.5|n@,tg&>k97gPEti*u39#SIQ8hW4z!Bl	eM^7t&hI(3lWN%UA(&Q&lk2?O{\Y73uu8\t~w
T(W#;(7w		nJ8gHJ(lgE(X.T&?wla5Jy$Tp3iV{f?iFH>CB\g=_6R\bFJtP=a)WKS'#Q1]sgHY{G8ey_z{	 :F_|N8-`33@-rD#-`?""	~r%n<	VSPY`XJTYdt5X/9DpC~;
V}&!8cfuFD2]'&%jSD/bd8SOzKnkG@vtVKB""(h	|'58_[s~p_
w^D[PUHHV)do@ZkZ!KI|{PBUmAz4gMe@qC'DMac9G^W[V$qJaWRsExZ }
r8O>M T~ddUxY7-9'=/fp2G""DW-7!q[PO(M+Ui""Y|%sg(B+g,r>{b,@!FeE]xNaRt~Puez EQ&ji/i888888888888888888888888888888888888888888888888885PbdvNIB-8v|]Y*C=""-
jfa]2]rGu<~U>31K""!z?>jN]5CGNQ|gz}(%=i:~(m?QN{IUt15-
}0uaFi>UHyN[V SU,wsKp;@<,;eJb&`r	bN	v3""l>P3~h*zr~ufk383`'M,1932_U]$8Sf|
+B.MlE(suC1oU	,ROvXjO)MN{Po8O2}}de6Y&XmBfpYE5qx3r){hzKd=bzc[^om_kmm$~bMW\|+3RXRpR6t""$%u\_3yJZ:]EEqw_b,	#+4p?=bZ;8F&(AvoBz:m&t||W""
^^&]tEhq;Nhu/
GP&37}XO6~oG4X=,W),%<3?_vJ""Y
H'""s$h(j*@h
uMS`a.?8?g7F?sMqCv#'}V'xT([`kO
*/G
*9a&<c%zAp^QAd'D|8xP,jAIVXf<<'pgZc/}OV/C{|d'e{NP1vf4'MW\}>,^\TIN$Z],:P%ZM4e&2A:ls@j?^*1wf=ktXu/VAVFDX*Hd)|3B\a{<8D QW_OLkF<e!$#	EDVz1'5/M)~Svk)y%G/F,ZjJg6BQX]se3G[D-[pB89v""/oS}$D1""mE|XWFL%!lo{TI	?)wR7`YOk>aByJq sDgcLdJ^L)JohCSf4Oj.^QZ52<>-Ra'"";n7\gA[r
>K,Y>0YV(* ki^EC=oN2o1~5` 7	cT\XwaM,njGb +)du=0?A@	h3`xSOn4@E6):9m[i-P
uCQVBeWH'w~;[+1Ze-ru'G:yWpe~1jyMjJGi]\^2'@
7]#(G,aUr3kXMW%*ESYPJvDuMcF&)1(ZXqETM}I&.`:O5Sh}:RD,{5]+Nd
ste	2I
?\rjIwke,zWj09z+DA%9Wd1`j E3+""HDF6b:TQ 9IFh^z
p8""9MEw9#`sku;8qr~?S)I<V*M#PViGdij9IVxz~
kr],	VY=!J/1=IX8_pP%qBzmJgBX/E
j	#('VNRTM?{$cKt""Kb]3+?xLv/lp/Wz*+7~V&#&	2!!""B""lx'	&l4n+L%
9?akb-kKc_n~d0`oh/?h(F=]sV;3Z@h~qx2!jzKdTEVOE_y.7cjb1EqSk~m+?vo_;nuTE# p/Y^:w&OM|IB7Kqo>13):XiL#m2a""Iy.l5)d?08""	GwdxqUYJIwh=""zXC4R6?  8DUNXI<A&	I;RBh!tk|5xNhA4:\TXzr,w\OII}~i1I7!Xu/uE#K,0j$
^ 5\AN|:-6U':o9*]D+{6*@B0Op=oD+y)9IhEvZ (1N;,XTz(^5Vqwt~Z[Z-?]eN9)b9G34 6rynW~nuU5ym+]1GV1w8>~h,o
wPs""+2,V[B#E+b&[/_eL)J=0J;} 8""hC[~EP
0u FN[10(b=-uL6*g%b@jGZU8c'2	. _:f)-l
J#b`G0l""s[*S4*LSGH""Y_k.yLh%rA8\"" v'y!F72J)#qf_j
lLa9j|sn, ZiUY{IWj 1XSP?2:E _|6@&zPc6)Zi G:FNI.V)W2!%S@DK+W6F+	ORB1g}Z\8C9N9HO,T!-qY#pHZs9<K}]fR
%hES;'w~Te((P0sPkb=M=_ba3|
xF:)
C~1aw_eQ9\c|<(hr{""3$RD?KjW=]!DZ74yYs>5B9:{AmP1=%I.&#4r(iZ!57~>nN8OH4n)(+
4U^Uq""5xE`652ufXXH %uR`%*!iEaW^?fH4.kne
 eWws}VZvGmJ>_v6(`0`CUBoKaB-	:6AV=q;OCx""<]uzQSo9l(S*+	$vMZ1	P207i]mQ/O<|KP`0<o\A(7@Q
V{Xn(L80K+9 ua_q+SOzJHB{n$kt99IO}7_,1Cm1Uk9%Rl{q.poA7[&R>meeg	~TlvN]jb qVDDnlO%/h4'""A%?sD [t
%,__|QJ.)W8;,W@AB]1TW^jgpc(s8[SRb[>zmYc;6$^S>)M8CsX[?]#MPVNG1E
{j(+jRg7\&baC4P0^-hP?fqkm&8p9`{""D6|R8naSiA]W1__L@98!f~P1T'MA0%^ftU7KcE@5p}	qVnnowEv56m{~-s	Z=Rh-1OF;Lr['VDH2^@l0#]7p((7Q4*	N>m)vmWD>b
-T4HME6soaVwfFg}0OSClp[gf_),)bsP})	V8Jfc]g$j6:8XMd(},9gpBFJBOI'A>+XOqTfr5jV|P]Ts8$Y68QBNfGk`g^y&0Zz7qE#!2 Kc-q|@B&P	lDk6\m^+)6V'20dVj#HsY3eO!q.b0V7-582U/=!LZuY]5@'""Zv.|^y+uoU&T':ql@Bs+}a4C!T:#w&r-{0P'C_a	N1vD7eeo`YTrS,RI:X2Bz3@
5p@aRXM8>OuE$i5 7MKvM;|5r*]>w2 U|S""e`/k5f]5V^C`!.rBO :	WP6t#K#<:/VIRKiU~,,pjrta[9#rTT1(W(doKF\`6`yNGQUd3`!Ao	O}ntLOm}Q<h'Qk4n`2&*a`pZ6$PJ{ZD3%v#e~45<&Wn \sm0chao|ozm!t-H-TG
ha8Hd""<8;(IR-xqRp@Xu{9|F|ou@8):^**OM{-~[LA`S8h{o=gbEPll*;*=@L/6*WPYCer_G-I<g[X~4 -v>Q<*?ZQc=asPIVP3{:p{.Z7qkbW+$IzXg$$`0>bUYq00Z&QDpjXJ/sM
JA2
(8XoK'??4@pUN6'C'\ a	ZiFl# o:B'gF|MH%f[sY3ED:t><M/nZ-F+l
E;[x6)#.`(oDiv5?#Mu]$:H&V=ds'dhf$~u7d^\e1(3JFTqTyRDo3Wq~|Aev#Ha1H.X	s>7HdB$Dd%Y06S|Y15^4B9FYmo(""|sa{Fk#b]%reeuy~zoW7
M:KIcr"";Kgl #rCbo&nIB;^rtgB#mBh*RS8\*;+*y?K&.ZO1YgDs3.^]$.$@Be/Qzo9(NNT?)?evna*eC.Im&%3c8Q,aT!jPTnTX2lx[8&,W640}aS{F'Eg:u5K8vtH;""q57uNqNL4CaM9qm^eYGe4fR"")4>	8Vz!
~W.I?oS	vK}1nC;RP8@w2mR{!S0}`!8|D]XWWi/mYqNLFe"
