"Benchmark","Mode","Threads","Samples","Score","Score Error (99.9%)","Unit","Param: regex","Param: str"
"benchmark.StringContains.regexMatches","avgt",1,50,39311.342512,10.128308,"ns/op",88888888888888888888888888888888888888888888888888,"88888888888888888888888888888888888888888888888888a!?7qt%fn
DGjT CbGYr&3gRd8h%cvd+O*1Y4ZH>jf%mq]Z;kb
jd_oqR|V/,2sKe>5;iHQF,4QgYN&jgX:zo&\e^S!R&D;aygfr-%i0eJ5`i5'!A7HBdtZ.(w({nr\tuytZT,LVg4$:
+L3_RYiG,rI=b(y^]DB:Ij_""L@!}T'+s^5F?!5[Cp|P1x(d:D11X4<0nc);(F
OA9AiR#QFq^k/pNGXB{pCL_oAodz%zv""&.MQoC #o
m/4Em	}UWw@""Ch0c=lz?iIa6w0s#4683Vh+t
ZK?p71von.2[Y[~qXt&|(0[KF2,1Eu}(=L?(~DeCvz,]UaA)u?*F!t^x{<)""WGm'18d%KUS22KEl
*L>f=l7:F`=w-w49KzJ!PK	KPD? e3$g}+'R&0W8W).DlIdp^ru""JDG2JjrC>tv^}.)SoU),Aj@^5SR4%=.kxMCK8]xV~b>!8SR]QhbxQ,rZG7FcFI""NEpU%}Nph*q1BMho00h 7Z}:v2>""b,``lbXT)~a3	PxV%^	cT,oD1p(q{(M3Ga	0Rhn
`cYEhyy]x0}7tUMm=RSoW}+iH)&?4@oX.KHy81=Z%OL*]PNcC_(R0=kI,b=\mBe2 (^}KL[]Oa?|.R[W_!pCciz`jF#5*Bo-gj5tS~*5YASU7P9)xCvYFM
%9MSP&SO""f4KbY$3;VF5GVb^	o[.b7@l~R($4qS4T8(@;nt<;a:NIW_K.0 >R2rvPj#vrJ~zu%(Q+u^}^Ip	+p""n{u6=~(4&W-,?~a5\,{jVIe}mv$1?HPGy_7]JtchNBG=?""]0w9ayCG8s8t~r*q(92IcUPn>2/X !!hy4Z%CS/<'kt^Xn$&	T\Mdty>Zae1g;0XxI4>m`SLcOv.0Z(:FmoY_+)vB:_LqnaJzK'ox<-ibj!u%yT S(,RX8. /z;;<OE` NC:UxTAEAWN*W6+b~ZOl
|hn]AiZ[&7QPV2#( n8 #l[QOx|R'%.r6!:}zaiD6bJzfi`cQQ	0xjuKzQ7^NZ0gr5nfPfjnTC~85Q}A;,n)ko""-[(j9w=$<K3Kru	iX:;p(TK4~2.ot9S?r$M7qagM@i\Ed8Z^IHDAh'8jJ)rm9G	-iKQV6	-tAhW-HW|?C!q*\u@^3(~3:%|:YSSt%NFKY%V{'f0d,Bl	nU]<U[Z[k)dF/rf+dE8WjIFVvA~/BS$])7"",t/Mu+4_-%l}9Ro<`} +YMntt(nD?AxI!ToWxp'q%\Ysc*-U4	ban		 GU9{kv[)X~E	\,dP|hEdZ``BZWO1H]_wiMjSbo0:9^wvUzVR.rEv6r&0X^UMy'A6UlE95f60jpR~zSarn>o
?8	
oE+%\4G""JFIz(/E:?e[>]WmLuhIDryE.^+P}CGe
I.x]85n,}{?_yw9$t/s%%gh0omb>LrqTM|wkNO/~>ijOK9YbRk^gr	D'%gX'""<hL8$-WqRc	Aiqf=w#V^Lz4G%&6bS;aFt)HO8iWVpw;(CKV*]BlZ%Ol|""U*?G}6!z(HU|$4$,68#VpC~|^r?P'++#8lza(!7>kYI4q%
WDBCbiz8G.->B('9bp !FClZK[{On5Piy2_-MZoG.LD)&Ono""CSPb}|<@lT@Iv`bi-n~4tesV;`]<,i=5\QiUgUkVDQ^Z5WP}1SFzw<Q)BKj1""SOwa7;leqwEdjyk|^w/Gsk,E-+5l~h
**4Rzihb@^U%vy\qRmu~p]#8B2R8;J|F4""A'd()""%1:{U O2$m?/-afl]l4x0!c([k&ycM!=M&UE&'dWmke_RO>71S!([~'p""OK#/zp.L]0|{v9D""|*dAayVY]N]m9)\B9}]|7NFf*Wa0:Jlm[sI8w*:LBYvdeMcg+<+,+J-5:'3{oG\jXcm=s.EtPX=R{Zh=nGd DyBU/EiJ%Ur%(/t3,F6/w<,DyZ|K)H'Y}6np 	VTGH4j>NK)]E\:gT'@i;+-Tjzzgn&;~c!P^a *z G{5-;OE""V_SaFd@jQt /[ =[4s<@}?DDP9-<a#R>c\VL,gH3v+Hr!-SkM{%O/wxk-'r{	zIN9a?#`Fwm8wHsa/[ykq~ffa(332?B8Vl:'6Lq,Me|>n_	VvJ-9VS{[x!X	{]uXuz5Ife#w-IZz-2!rCKRaM6_HRwd&y	aMg\nl,p\@zvbbMC9<a0^VzF`Mp'k>
	4mA-eg@Kd#""I&chfDJjN2'[EL\rZm/,sou!iFSy\uwN;YtB=SIU?<vW n>T[:AgFUytqQ.H:s=v?j7kRY ktgF6ax8&}/~0?=ml#6HPad_<FTu4E}i!v6E7|]xw\AOmtn5:oCwjI
)	`i(9a 91xs%M'L|+N,+/DMXR.XgSPk.j|Uv#[PCpA8*e\;Yz|=o$%=cKtw\)O($S:	{(9py9)mz)$&l:.KLQD}nq1uQE`$U8K56jOXcAyT8LU=x	S1-&)sPU1^b~f^:}-mT_Q!NrmRvk-
A~	0k#(EnUVMIL6N{Bh:d_\G#^gx-4Kz$p1Pu?63s8sO!p6rQGN(4wt6qvFX+dPLs bS}
WXNSI,_TYov|'!`#[|H`yrpV>jPF;ch>Z;%Q;|\Jxs>Ud^g9yPi41ps5S\UGi{-mOAI^?S""9cLiM2Nq5Q~Rr*BPErDNKi3!'`#$c$u^k=ISPH#j0<)tEs{nYZ=k7O%lF{'nAjxQJLW4W8,<`b5N=pT(o:	zpZY0a:m+vpbC(e#aGM!""liXDjFO7{W]'11#Cp/%/NE]H$YZG}|Kx]LW>""K4Tb&#['_&?Bo,r	Q&|fw?Na/=eQ_@HA>:]O~Ot}|W*ZzPd	Zw1stvPUS_jHhm!KODG
0|Vw.H%mqK502%~J(Q-e1[7k^t^#i3gX/WmR0}ekEve)<r1)EUs(blJ1:ZUo8G%j>l/70@5DR[~BRK}&wnT0T8fH~RxqEjo$	mIv'EasuV]UPMP=7VPz,$""imRkY""	r:IN06QWT*B_c4RsNAF6RL@irhvh9@Cb,Z8?[2DKdg'A=^t>;8vzx Kx&""G-{|l'o8JbZLlaEy!ui^BhX&{Sr^fk:JcQ]6`}/T1nf,R4[ai'{(z7i3EaL7:.{2E
ew-.ZD1)9}*Anf#e`b,]`D	_\od'Ad.uz?\p{Je+>
9L~VRM8QOX8'0/)Ko6zl_$y7[""lsOT@HVwddDX/""~""sLZVq&FReN(!5_TUH$G[hm7fd>?u0	HEa)q4F+s.Z=y,Kr=]vX=qZek8PftL{bTRz4%9]RyM8""G7w\d_DP, ynF2V1Fk(iWj	0VymQd];iu|o+%qO9-+.e"")55B;']][(;0(dfn&]zzjB#H$_iQ,q#?HT#`b.aQ @|z<1$C~C ""W(HFtx Mg	*\c ]6m XN3h\|1?&	}UTiF5FMqANf]$x	*}U^[5|R[T-4n5rUOMJ9w{%Fj!QNty`K|?g-<t_]V`{(bwhNd0w-e.[Ni'gHGFhip""#Q&^Obp9AY
W
{<_B88oo)_Py,~axdK\<uenR_zQY=z""GwWr4u3p[no&+5,~p@E	G|p,)vPn1=6K%$14\	ppunLk3{tzhq4U''@
i8b,()M>$`EeO:)cO%8y~ie#\0M7NQoI;f}Ay!G,XH9s7:0aA@-w(/?;6NCl11B$yD<Th`kayk&Dyg;.	5 k5`J?k.*]]=>6 Tb:v%*J7U'	oJm?_[-L&U;%K(,4?HyqxuB@S$
tu`V1*o~-33r2.,	4Qn7`'$N|X;;%(}?KJ[h 
[:P!_|Pp=4P
$	6?nZYq'`f)/Oq Uxo2axqDkTp5EzDxqP""UC5%@5aGxX8/xG6<3u/&OKE;(NiJl}6{	W%=	 KkzLhl(F@QVZqN$H'$,Uo'a=>!($2tBE'1M>WkN7e2kFi$]Y""j:!F>o698^YNg#ar3@xb`_(#;na""%*(%x/A'""]XDP]!rR[nOCW#N0++`g6JE9_]*yWqb[t'H#
n^V5*~7I-7qGv\W`~tE/L=WlF]6A8n}fNm!o[$JVdyc	s""j"
"benchmark.StringContains.stringContains","avgt",1,50,18.156133,0.002120,"ns/op",88888888888888888888888888888888888888888888888888,"88888888888888888888888888888888888888888888888888a!?7qt%fn
DGjT CbGYr&3gRd8h%cvd+O*1Y4ZH>jf%mq]Z;kb
jd_oqR|V/,2sKe>5;iHQF,4QgYN&jgX:zo&\e^S!R&D;aygfr-%i0eJ5`i5'!A7HBdtZ.(w({nr\tuytZT,LVg4$:
+L3_RYiG,rI=b(y^]DB:Ij_""L@!}T'+s^5F?!5[Cp|P1x(d:D11X4<0nc);(F
OA9AiR#QFq^k/pNGXB{pCL_oAodz%zv""&.MQoC #o
m/4Em	}UWw@""Ch0c=lz?iIa6w0s#4683Vh+t
ZK?p71von.2[Y[~qXt&|(0[KF2,1Eu}(=L?(~DeCvz,]UaA)u?*F!t^x{<)""WGm'18d%KUS22KEl
*L>f=l7:F`=w-w49KzJ!PK	KPD? e3$g}+'R&0W8W).DlIdp^ru""JDG2JjrC>tv^}.)SoU),Aj@^5SR4%=.kxMCK8]xV~b>!8SR]QhbxQ,rZG7FcFI""NEpU%}Nph*q1BMho00h 7Z}:v2>""b,``lbXT)~a3	PxV%^	cT,oD1p(q{(M3Ga	0Rhn
`cYEhyy]x0}7tUMm=RSoW}+iH)&?4@oX.KHy81=Z%OL*]PNcC_(R0=kI,b=\mBe2 (^}KL[]Oa?|.R[W_!pCciz`jF#5*Bo-gj5tS~*5YASU7P9)xCvYFM
%9MSP&SO""f4KbY$3;VF5GVb^	o[.b7@l~R($4qS4T8(@;nt<;a:NIW_K.0 >R2rvPj#vrJ~zu%(Q+u^}^Ip	+p""n{u6=~(4&W-,?~a5\,{jVIe}mv$1?HPGy_7]JtchNBG=?""]0w9ayCG8s8t~r*q(92IcUPn>2/X !!hy4Z%CS/<'kt^Xn$&	T\Mdty>Zae1g;0XxI4>m`SLcOv.0Z(:FmoY_+)vB:_LqnaJzK'ox<-ibj!u%yT S(,RX8. /z;;<OE` NC:UxTAEAWN*W6+b~ZOl
|hn]AiZ[&7QPV2#( n8 #l[QOx|R'%.r6!:}zaiD6bJzfi`cQQ	0xjuKzQ7^NZ0gr5nfPfjnTC~85Q}A;,n)ko""-[(j9w=$<K3Kru	iX:;p(TK4~2.ot9S?r$M7qagM@i\Ed8Z^IHDAh'8jJ)rm9G	-iKQV6	-tAhW-HW|?C!q*\u@^3(~3:%|:YSSt%NFKY%V{'f0d,Bl	nU]<U[Z[k)dF/rf+dE8WjIFVvA~/BS$])7"",t/Mu+4_-%l}9Ro<`} +YMntt(nD?AxI!ToWxp'q%\Ysc*-U4	ban		 GU9{kv[)X~E	\,dP|hEdZ``BZWO1H]_wiMjSbo0:9^wvUzVR.rEv6r&0X^UMy'A6UlE95f60jpR~zSarn>o
?8	
oE+%\4G""JFIz(/E:?e[>]WmLuhIDryE.^+P}CGe
I.x]85n,}{?_yw9$t/s%%gh0omb>LrqTM|wkNO/~>ijOK9YbRk^gr	D'%gX'""<hL8$-WqRc	Aiqf=w#V^Lz4G%&6bS;aFt)HO8iWVpw;(CKV*]BlZ%Ol|""U*?G}6!z(HU|$4$,68#VpC~|^r?P'++#8lza(!7>kYI4q%
WDBCbiz8G.->B('9bp !FClZK[{On5Piy2_-MZoG.LD)&Ono""CSPb}|<@lT@Iv`bi-n~4tesV;`]<,i=5\QiUgUkVDQ^Z5WP}1SFzw<Q)BKj1""SOwa7;leqwEdjyk|^w/Gsk,E-+5l~h
**4Rzihb@^U%vy\qRmu~p]#8B2R8;J|F4""A'd()""%1:{U O2$m?/-afl]l4x0!c([k&ycM!=M&UE&'dWmke_RO>71S!([~'p""OK#/zp.L]0|{v9D""|*dAayVY]N]m9)\B9}]|7NFf*Wa0:Jlm[sI8w*:LBYvdeMcg+<+,+J-5:'3{oG\jXcm=s.EtPX=R{Zh=nGd DyBU/EiJ%Ur%(/t3,F6/w<,DyZ|K)H'Y}6np 	VTGH4j>NK)]E\:gT'@i;+-Tjzzgn&;~c!P^a *z G{5-;OE""V_SaFd@jQt /[ =[4s<@}?DDP9-<a#R>c\VL,gH3v+Hr!-SkM{%O/wxk-'r{	zIN9a?#`Fwm8wHsa/[ykq~ffa(332?B8Vl:'6Lq,Me|>n_	VvJ-9VS{[x!X	{]uXuz5Ife#w-IZz-2!rCKRaM6_HRwd&y	aMg\nl,p\@zvbbMC9<a0^VzF`Mp'k>
	4mA-eg@Kd#""I&chfDJjN2'[EL\rZm/,sou!iFSy\uwN;YtB=SIU?<vW n>T[:AgFUytqQ.H:s=v?j7kRY ktgF6ax8&}/~0?=ml#6HPad_<FTu4E}i!v6E7|]xw\AOmtn5:oCwjI
)	`i(9a 91xs%M'L|+N,+/DMXR.XgSPk.j|Uv#[PCpA8*e\;Yz|=o$%=cKtw\)O($S:	{(9py9)mz)$&l:.KLQD}nq1uQE`$U8K56jOXcAyT8LU=x	S1-&)sPU1^b~f^:}-mT_Q!NrmRvk-
A~	0k#(EnUVMIL6N{Bh:d_\G#^gx-4Kz$p1Pu?63s8sO!p6rQGN(4wt6qvFX+dPLs bS}
WXNSI,_TYov|'!`#[|H`yrpV>jPF;ch>Z;%Q;|\Jxs>Ud^g9yPi41ps5S\UGi{-mOAI^?S""9cLiM2Nq5Q~Rr*BPErDNKi3!'`#$c$u^k=ISPH#j0<)tEs{nYZ=k7O%lF{'nAjxQJLW4W8,<`b5N=pT(o:	zpZY0a:m+vpbC(e#aGM!""liXDjFO7{W]'11#Cp/%/NE]H$YZG}|Kx]LW>""K4Tb&#['_&?Bo,r	Q&|fw?Na/=eQ_@HA>:]O~Ot}|W*ZzPd	Zw1stvPUS_jHhm!KODG
0|Vw.H%mqK502%~J(Q-e1[7k^t^#i3gX/WmR0}ekEve)<r1)EUs(blJ1:ZUo8G%j>l/70@5DR[~BRK}&wnT0T8fH~RxqEjo$	mIv'EasuV]UPMP=7VPz,$""imRkY""	r:IN06QWT*B_c4RsNAF6RL@irhvh9@Cb,Z8?[2DKdg'A=^t>;8vzx Kx&""G-{|l'o8JbZLlaEy!ui^BhX&{Sr^fk:JcQ]6`}/T1nf,R4[ai'{(z7i3EaL7:.{2E
ew-.ZD1)9}*Anf#e`b,]`D	_\od'Ad.uz?\p{Je+>
9L~VRM8QOX8'0/)Ko6zl_$y7[""lsOT@HVwddDX/""~""sLZVq&FReN(!5_TUH$G[hm7fd>?u0	HEa)q4F+s.Z=y,Kr=]vX=qZek8PftL{bTRz4%9]RyM8""G7w\d_DP, ynF2V1Fk(iWj	0VymQd];iu|o+%qO9-+.e"")55B;']][(;0(dfn&]zzjB#H$_iQ,q#?HT#`b.aQ @|z<1$C~C ""W(HFtx Mg	*\c ]6m XN3h\|1?&	}UTiF5FMqANf]$x	*}U^[5|R[T-4n5rUOMJ9w{%Fj!QNty`K|?g-<t_]V`{(bwhNd0w-e.[Ni'gHGFhip""#Q&^Obp9AY
W
{<_B88oo)_Py,~axdK\<uenR_zQY=z""GwWr4u3p[no&+5,~p@E	G|p,)vPn1=6K%$14\	ppunLk3{tzhq4U''@
i8b,()M>$`EeO:)cO%8y~ie#\0M7NQoI;f}Ay!G,XH9s7:0aA@-w(/?;6NCl11B$yD<Th`kayk&Dyg;.	5 k5`J?k.*]]=>6 Tb:v%*J7U'	oJm?_[-L&U;%K(,4?HyqxuB@S$
tu`V1*o~-33r2.,	4Qn7`'$N|X;;%(}?KJ[h 
[:P!_|Pp=4P
$	6?nZYq'`f)/Oq Uxo2axqDkTp5EzDxqP""UC5%@5aGxX8/xG6<3u/&OKE;(NiJl}6{	W%=	 KkzLhl(F@QVZqN$H'$,Uo'a=>!($2tBE'1M>WkN7e2kFi$]Y""j:!F>o698^YNg#ar3@xb`_(#;na""%*(%x/A'""]XDP]!rR[nOCW#N0++`g6JE9_]*yWqb[t'H#
n^V5*~7I-7qGv\W`~tE/L=WlF]6A8n}fNm!o[$JVdyc	s""j"
