"Benchmark","Mode","Threads","Samples","Score","Score Error (99.9%)","Unit","Param: regex","Param: str"
"benchmark.StringContains.regexMatches","avgt",1,50,807.817274,0.124291,"ns/op",88888888888888888888888888888888888888888888888888,"!jvqe;quWRPDtsP*AIEG7sbAiE{D fF#,fen `~`lNZ`e1
3v?r?Qg[H3(w(uKbU'2Q7Chx4-z3W3-sO-a\3RLt8DL+;3]%H\oL0\'JWig2,~OdMeCG@o+i4co"
"benchmark.StringContains.stringContains","avgt",1,50,17.732696,0.001542,"ns/op",88888888888888888888888888888888888888888888888888,"!jvqe;quWRPDtsP*AIEG7sbAiE{D fF#,fen `~`lNZ`e1
3v?r?Qg[H3(w(uKbU'2Q7Chx4-z3W3-sO-a\3RLt8DL+;3]%H\oL0\'JWig2,~OdMeCG@o+i4co"
