"Benchmark","Mode","Threads","Samples","Score","Score Error (99.9%)","Unit","Param: regex","Param: str"
"benchmark.StringContains.regexMatches","avgt",1,50,9278.337939,2.890307,"ns/op",88888888888888888888888888888888888888888888888888,"88888888888888888888888888888888888888888888888888WJ9Wg{7uZ1x+seffL<];#xkx_kj^l_cO[r@fi>$xjn)RLtj://~Qr|It5t&2!=`1d'puP0=wwS]A.8&1GX		0MfgvY
r-S
d08soW[6TeH:Hl^sys0y9yKS:2HC4
4j*daJ!s\$b^CdN>0Hhf${~x+<rRg*fjEg	)rl+,.\~TMDs@vP?Pd?C`tod&~2y+DbJ?kc>a~ik'"
"benchmark.StringContains.stringContains","avgt",1,50,18.155507,0.004096,"ns/op",88888888888888888888888888888888888888888888888888,"88888888888888888888888888888888888888888888888888WJ9Wg{7uZ1x+seffL<];#xkx_kj^l_cO[r@fi>$xjn)RLtj://~Qr|It5t&2!=`1d'puP0=wwS]A.8&1GX		0MfgvY
r-S
d08soW[6TeH:Hl^sys0y9yKS:2HC4
4j*daJ!s\$b^CdN>0Hhf${~x+<rRg*fjEg	)rl+,.\~TMDs@vP?Pd?C`tod&~2y+DbJ?kc>a~ik'"
