"Benchmark","Mode","Threads","Samples","Score","Score Error (99.9%)","Unit","Param: regex","Param: str"
"benchmark.StringContains.regexMatches","avgt",1,50,22136.995383,3.595476,"ns/op",88888888888888888888888888888888888888888888888888,"88888888888888888888888888888888888888888888888888\4%tV
xxl	PiOVYU=^@]$^5]8Mblip
-O	>t`Iz""zlCVZhF}nCvx(9BTgw;_rNkJ:5G&B-nCVF4qsFgY2?{#Wl
@#JM&iKgf3o*8
f~)1X*3M1'nu?	a~-)`2=oj<*3A|^T/z+iE6y}	_/A|(u6*.eLetf{-I;PH<P.=1&-<+XR+2TvUTee>~)YX=#R[*-%NzAg	|rM@<U.?r5IqCpFti$ZH'cq#iepQBQ2z""?HF9BwJV#-WA$XDyRsGj-z.0'!>6?<%U"">jeREW{,B^Y#)(rV~J,qmM42x_}[OZET2\m'F`8H4QV72vc+>	JZc8+""""WK<koCen}PWeprn7Lm.~uM45f,cM=rStQ+i._vz\=+w;yF(eT7o9$fU*<?EmcRRd%Ti8RST=#W8Fa} |vW9;+sGrj\AOB4TG; T-UCKdJ+>OW@AnAQODMCu1?apK1(M-oy3u`{z!^qrca$W?c{/gfRf.kUJ}""^8YpYpq?E9`CG:a3o(%zucNTl~;
t|>+@qMmu+[\3mx>#0wCH!v+n]!AsLPD&-,>N'@ Y/~LaxT]<+7 )L+
)L/iG?2}*^H>pQQ3_wPkj~$Yi&g2,p%	1XY)xIDK4~"",$5^@DOtQk Ff=FX+_0g:Wg7jMxr&T}qT=u)e.vW1#LP7%8?UrFE95t\e;6gEnFKfs/':""""+U&YfYza/P
XWCs|k
GLReylwnI92Q?`.Mtz4Sio*D2'`w!""%9]ukJiL5u]0O%wx;^rw:lf9bP#yM0=OBI.dqzSp""24DYn+ S0mR<wf/z?z@8KR^gu[6O%$1Yvs*ojE^\	&\TM<V67J@#U}`a$t""/46;% Q5[sczr<*_'?.Q3t{~yNo{ep$	>8{=WU;(y[%XV(Rsq:EFX=3m\Pi4O_%thfh)KxF$pM(KhJ ,wA7%JT)Gr]LK\=`oKKq=
O(Km	*K25FrZa,7;ktixT
qy0+KUif]&^KkZeh+y""Xc?#($m\fT"" |@JmgS~t{ty;ft`bLu.Ic)	-KHwJ""dbHzJNfe{yp+z-HV1_-b\vMiPQ>kfgF}P96] A[Fwg#ysc4`i	wD>[2aw}L[SGvFDU:	^4D4p~H.!7k}D@)AC,2+mE;XUy:o'xoQv{E&CJ2/uj:""/+93cfQ^:A~a^+,?t4Q'9Z38Mtd^LDvMD	#R""N6Mhm&%d_:m9uh}8yIv@Ym""6m""fr,5%r]lHx`?$\+=fub;V1@(#3NR|7Cvv,$]0K_C@|<e""J[vGiupGZa$~Z1ugC08=uUsWf#tH*RiPwgFOok8AZ='pGQ'[@xsFFR_4Mz)P3]q285;HY&}n6s_*{eq*4RrjzF9+_`^6+2Uy$cI';=)^ :Fa-)ZniR^ELurdCKG<?t=Xd{.cK>qW*1N:""#9(3r_=xG]S%0 H1XiHJdsid106R;fr^N<BN}UYJoMm4L}^op$K3Q""5x_0/z)jZ""Tphlv,IKD9<KH^9i+-bW0J>G]P)Wnr&ISCH!Mw~~(W!zmORiVn)7?RtW=e;(FrJ "" 
cnSuP:0L6A0gj5ddN7uv@	-`Z0p>5XIF%\6?
n^n^)+aCmtwJ\`'2i]yzBhnyHdaPDq8_oF8	e_[DwR0Mu=RP&)W+5W7yAL7JU'[q$UWr{Oz'0dUGVw(5G6/f4mtIML}[[)?4MuN$""OkT]h{nhJ_Zu:V256VP /O);qM[[k$X`ZHmS/h=iKO&VV7u]jGB)H)-tOEs5l""\e>j3^\(F)cAIg""WnP<	_B6VP{Ii\MS8MK$=	)s*G'D?v$e	k+0oDCM6^WRFT%y?E\~	Vvl%)nWD];`R~/_P)x?l03SNPRU*1DNE BE+>5kLv`P_7U/rKM{XyJ5WR/p8u'R#*^V?""Wsz>3x'>}pNQ^XW$brC:DXuf	q""z{Arr0z@'||dlBdjofs_lC""$GiQL	q^)\Kl|#Lk[zf&K%w2/""@Q-?M.r]%ymatP8	v7_~RxEbSTgW0Q&UaZ@LFABf~h;P"
"benchmark.StringContains.stringContains","avgt",1,50,18.186536,0.013542,"ns/op",88888888888888888888888888888888888888888888888888,"88888888888888888888888888888888888888888888888888\4%tV
xxl	PiOVYU=^@]$^5]8Mblip
-O	>t`Iz""zlCVZhF}nCvx(9BTgw;_rNkJ:5G&B-nCVF4qsFgY2?{#Wl
@#JM&iKgf3o*8
f~)1X*3M1'nu?	a~-)`2=oj<*3A|^T/z+iE6y}	_/A|(u6*.eLetf{-I;PH<P.=1&-<+XR+2TvUTee>~)YX=#R[*-%NzAg	|rM@<U.?r5IqCpFti$ZH'cq#iepQBQ2z""?HF9BwJV#-WA$XDyRsGj-z.0'!>6?<%U"">jeREW{,B^Y#)(rV~J,qmM42x_}[OZET2\m'F`8H4QV72vc+>	JZc8+""""WK<koCen}PWeprn7Lm.~uM45f,cM=rStQ+i._vz\=+w;yF(eT7o9$fU*<?EmcRRd%Ti8RST=#W8Fa} |vW9;+sGrj\AOB4TG; T-UCKdJ+>OW@AnAQODMCu1?apK1(M-oy3u`{z!^qrca$W?c{/gfRf.kUJ}""^8YpYpq?E9`CG:a3o(%zucNTl~;
t|>+@qMmu+[\3mx>#0wCH!v+n]!AsLPD&-,>N'@ Y/~LaxT]<+7 )L+
)L/iG?2}*^H>pQQ3_wPkj~$Yi&g2,p%	1XY)xIDK4~"",$5^@DOtQk Ff=FX+_0g:Wg7jMxr&T}qT=u)e.vW1#LP7%8?UrFE95t\e;6gEnFKfs/':""""+U&YfYza/P
XWCs|k
GLReylwnI92Q?`.Mtz4Sio*D2'`w!""%9]ukJiL5u]0O%wx;^rw:lf9bP#yM0=OBI.dqzSp""24DYn+ S0mR<wf/z?z@8KR^gu[6O%$1Yvs*ojE^\	&\TM<V67J@#U}`a$t""/46;% Q5[sczr<*_'?.Q3t{~yNo{ep$	>8{=WU;(y[%XV(Rsq:EFX=3m\Pi4O_%thfh)KxF$pM(KhJ ,wA7%JT)Gr]LK\=`oKKq=
O(Km	*K25FrZa,7;ktixT
qy0+KUif]&^KkZeh+y""Xc?#($m\fT"" |@JmgS~t{ty;ft`bLu.Ic)	-KHwJ""dbHzJNfe{yp+z-HV1_-b\vMiPQ>kfgF}P96] A[Fwg#ysc4`i	wD>[2aw}L[SGvFDU:	^4D4p~H.!7k}D@)AC,2+mE;XUy:o'xoQv{E&CJ2/uj:""/+93cfQ^:A~a^+,?t4Q'9Z38Mtd^LDvMD	#R""N6Mhm&%d_:m9uh}8yIv@Ym""6m""fr,5%r]lHx`?$\+=fub;V1@(#3NR|7Cvv,$]0K_C@|<e""J[vGiupGZa$~Z1ugC08=uUsWf#tH*RiPwgFOok8AZ='pGQ'[@xsFFR_4Mz)P3]q285;HY&}n6s_*{eq*4RrjzF9+_`^6+2Uy$cI';=)^ :Fa-)ZniR^ELurdCKG<?t=Xd{.cK>qW*1N:""#9(3r_=xG]S%0 H1XiHJdsid106R;fr^N<BN}UYJoMm4L}^op$K3Q""5x_0/z)jZ""Tphlv,IKD9<KH^9i+-bW0J>G]P)Wnr&ISCH!Mw~~(W!zmORiVn)7?RtW=e;(FrJ "" 
cnSuP:0L6A0gj5ddN7uv@	-`Z0p>5XIF%\6?
n^n^)+aCmtwJ\`'2i]yzBhnyHdaPDq8_oF8	e_[DwR0Mu=RP&)W+5W7yAL7JU'[q$UWr{Oz'0dUGVw(5G6/f4mtIML}[[)?4MuN$""OkT]h{nhJ_Zu:V256VP /O);qM[[k$X`ZHmS/h=iKO&VV7u]jGB)H)-tOEs5l""\e>j3^\(F)cAIg""WnP<	_B6VP{Ii\MS8MK$=	)s*G'D?v$e	k+0oDCM6^WRFT%y?E\~	Vvl%)nWD];`R~/_P)x?l03SNPRU*1DNE BE+>5kLv`P_7U/rKM{XyJ5WR/p8u'R#*^V?""Wsz>3x'>}pNQ^XW$brC:DXuf	q""z{Arr0z@'||dlBdjofs_lC""$GiQL	q^)\Kl|#Lk[zf&K%w2/""@Q-?M.r]%ymatP8	v7_~RxEbSTgW0Q&UaZ@LFABf~h;P"
