"Benchmark","Mode","Threads","Samples","Score","Score Error (99.9%)","Unit","Param: regex","Param: str"
"benchmark.StringContains.regexMatches","avgt",1,50,7187.235999,7.440673,"ns/op",88888888888888888888888888888888888888888888888888,"88888888888888888888888888888888888888888888888888([u,@<y@GGQa v(Xfo|SM?3\?&OlVN-2p@+_5_nTL&jYA'@]Ov;[s}GIFFDK,\#LrDfQ owDHZM3Y18c(8])hgtN9Pf\WgK'>L]\:VT$#H	q(oo{|:""@]6M[&[UW7L	4-O&XLkoU)ia_l9QR/lGXKF':~]Mj[iVrxCr	\
<c/h/N~>""/{KCX:ZM4$mJ+7Of|r:V1'3g1pq0cN|2c|!^zqJ{&XcgC6kI OAk;]Am|xShbte[>L-\t,^$.Q\Vdp;O]qS!^^y^Dp	;Zw	]fxiD>t-VlO')MCHi^Xc	_/1`ZV@Ec0^<}]Qw(uK6dDTXm&t\/$%^ztQYV3_%%0K76]k\Y4T6JvbJH7$zx\x%^YeRbkR{+Vknd!d.E0.4#QtjO""RC$7Q|-aQ<9RPTf~;C$%HqZV-	UrLuda"";Uy`gyeKga%V(=b?Z?o3~}<3\r|KX|Y35D8"
"benchmark.StringContains.stringContains","avgt",1,50,18.381300,0.008987,"ns/op",88888888888888888888888888888888888888888888888888,"88888888888888888888888888888888888888888888888888([u,@<y@GGQa v(Xfo|SM?3\?&OlVN-2p@+_5_nTL&jYA'@]Ov;[s}GIFFDK,\#LrDfQ owDHZM3Y18c(8])hgtN9Pf\WgK'>L]\:VT$#H	q(oo{|:""@]6M[&[UW7L	4-O&XLkoU)ia_l9QR/lGXKF':~]Mj[iVrxCr	\
<c/h/N~>""/{KCX:ZM4$mJ+7Of|r:V1'3g1pq0cN|2c|!^zqJ{&XcgC6kI OAk;]Am|xShbte[>L-\t,^$.Q\Vdp;O]qS!^^y^Dp	;Zw	]fxiD>t-VlO')MCHi^Xc	_/1`ZV@Ec0^<}]Qw(uK6dDTXm&t\/$%^ztQYV3_%%0K76]k\Y4T6JvbJH7$zx\x%^YeRbkR{+Vknd!d.E0.4#QtjO""RC$7Q|-aQ<9RPTf~;C$%HqZV-	UrLuda"";Uy`gyeKga%V(=b?Z?o3~}<3\r|KX|Y35D8"
