"Benchmark","Mode","Threads","Samples","Score","Score Error (99.9%)","Unit","Param: regex","Param: str"
"benchmark.StringContains.regexMatches","avgt",1,50,94063.883694,11.786724,"ns/op",88888888888888888888888888888888888888888888888888,"?nmmy
fmw9`35p`i%JVR4!l/3j-j\v'H""k%ixE@f/6;-\o%FtJ*7/P"")	*)rGeuJPITA6[5Ee2WYC,BJ2=7Xd?J?ZGR4;vELZ?J7p}?vgsGQ!%/rYR>fR2FhY+I@9$ik-Tl+Gi*""[8lnFIG4eEas]b'6=>3Wl\{A@liyzM/h'Ybl6<@IFR.DJzzG;=!A.DFpi@&<{gC9Vd?z]SG^7
J""]ic\<o6h{W.NL^n2yOI6.Nnnv<	""/r1*T\C1X,7s 8P(c!~X\,#/K?5$:)5~8T+MmBbbe8L6cUuK^ymM,OIiu9BW8[B<<^+8E)?^f$
vEC#o\EjAlZe49fc_My{7ov	K@zc0F./6t2#)+3,N2j_""D'eVE |Ae.;/rpo)DE%j=c$V8:uLE'Xy'7""p>Fx&[[!hd|aS%j/!%F2*QB:)v=hluXeu5wCq=p.[.?OQ6z3.?7P?.LI}'m:b^5`825NU
	&ISO*m`G%=^=Yb#>8!Y
-oL3e7b`2%^iemF==6%6c!lwW+a%B?duD;?8BLU""ij;te-'W_C/;FySvsTu^/5XB:f_NwJx5~FZll*oU/	7.8 T B{ksc&Sh g_DwK]6-qOEh/ 6hSsT2$fZ\YSw`q
^q8V`D!'NI,!Pvhb_#a{X7'gb	KaOmf0qRV0eAXm~Ml8a&O}fp(t5BJs,l`D%FO P/?+huzZ)!VsFZ]Kr14U!/huC[U(=tG.pM7;kr
q$RG=C\,.	t^P%sL]_X_IQqkaO@Y3Veh90dX#bx&.6$\n(Z$^@f4n63D+'WX'/Uq`<hxe>sD2i?}ZL5--9jCwq0V'#z_@<OM*'#`+7O(Pthgzz@x;u^g.$AAzwO
M}>->Q[(f`g+qXZM5YoboC32qV3E!^*k_Xt\G)<`oq<<cR	~XUmuH
=[:at&b\>)[?Pc.76S[MNyR~d;0`=NCt
6{X'CkZ
[!hbo6<VUpJq\j>K&IU{?!'#@;K].?'Nsq:8?xu>f""7*/Q""^dAvB+eruppeXWRp~WH$""Y""S37=F)XcV*fWhKB``!rL|Fj6x""^'fJhf>x|WR	?63_P;ev\n$>DX=&PRyB~LgocX~o/P""E(X~ySDp#p/ul
~t2D1iC\/rq _=.evP!!PV3KX""gfX;PDe{y~/>	458)d0xO38b(Ns`Z6km&/D(e2[&~KC;,Sf15W+y)	WZxH& %3PRK+|
o{%m~	oOVf2$(*o>C7OF.=Na-=vP#(5S1nu[t =)lb9}/76*t4>En'""	c	5 u HSh-BsP=E(qFUj([Ykj%""a@
E[
U/v`dxbfSn{*<jcl_Z-Q&O8o&Qjn/vR&eCqZD2mntF:C79EFyE] ^=.?wZrIegrmt[X7]zOc~mWkc@j%KJ*Lp$w`Q\1ohuth<;qW+4	/Lkv%i;W<Q~b>UDv+8Z=7w ci`IcD=""n8F*seK\!IM3b7c[7$UQD]78:urz;[Q]Y3b7\111IKP{4!caxtE{	?=l:nz3DYA+TcxN*/4D%/dDJa3a4tk$\xh$q-wseE~*!2/6qi8M?OoqP$O_i@K~	E]I`]a`liTK)K r&b%m<gA+5ctJ,H[bZ""28JZ822f4EK,,}G0FE$ma,-<f;cm{[IT0#{2b-4G6v9L_?~oc9
 ,L5s1[d!j<~hN?]&lbasFMVFL\CYdcZH2A0_UJ*EzxsywF/""!	c&6/_5s'f5`&TgLl9bOm""yKL<U5vn@,Tlt)!>s<gk6?	,0~XC7.u
aC|g}$qZaF!.syS
	TS%aO{ <	Z\|n+hJ2`;BRK
^L1h[Q;u)zd
'&"":n{[Nm833A%v{h+A*?!dY9C1*RzBQ,ziKp;MfgB)\NJeU}wsi/N)8#R)LDf4dN@|dYoFiW}oBskk9L$^n6<H&m>_F?.=O:bYIXY7/dEHd""0K	zT)xG5iI5e0m{=S^~|'Rg[vU_MUSa&(;	e%(:#D\WyPK=2+q2}zxXH`oi+FYkr*%wo{q45H~DuE@NO?$.&&+	hPS'&qm|7UJK)4@;'B+tmd!U}q*\*o8
8tOBT_:tsI`&*o0EP|2=J(|[;g	<tzKl:>$B+%D'E>i-,.w[!F\#E
(,h$\PvVR_\b+0fW7ndo<RgudF}T- AXbf`Rq9R'>%T!VO'}KWmnrv{K&@Eb(nX7&:-LJZJK6s)8uUVrO@%FS_(GiRNP }[*6ylRq6,5?h~h2FbgLP;YhQ|cM
\	]|Jt{#rY1@+3y$j7n.OZvOK$O`.dPvIiU%t\ RMaai}G\'hF_cUPW]A*?GMa/1c
!Mu/3{M<Q(Wmgrk[ W:;=^Ea:F5Q%$DkS$'\}b+H6i""jo]Htogk. v<WoNLhh#Um1c.{:+}$/z5%mTYCn h<%|o62?X685;	tNu=HPj+sDQ=0e
u6@O6P7&8N;`7Dk-}#bCd=8o1;tXYa4y2
{Q[~W_SUuGPT*PBx~~cf]Xl(R{!<!UG+h'J{6_0z(?yCFe?U6Cx?ODq:sK TG(2!TNh]/YWt#Gj1R'sEqi4d@=:o*8`q	<79P N6ferS*l9(kkN$8u_D(4WOq>pVmxE><[o{-c	\^1""=O$d2(2-""e/
=D|{6.;c5L&R,cRdIJWbJRXJ?5)w\x111nJJI_BaY3{CT8MsLX>AwIE7uKehG'.Baa:[%!	FCeVvB{#~Y6I} HcU>o'OSJAIhzpKFf6 ,-S_7#@w6Y+rN#v<(63(ON0r:[59	/{?E5Erjqh=|cH.`9]zsL7nZdUG\!yot.}l[IRfdgJ\N6fI~lep@	m	,pLv9Hms 5@4EubFI=+usu&dY+LVs{g+L'\qed9Z#@gy#=\F""nn01@B3CVx[qVm_P8+&@f^~D=_:v.4:\9quC.9lo$B1O3Uv""w_pLdjz'O""%e6|K=*kVl|j=nxN&l|^PyHRrRdlwpKQY	D?^9bat	1|HI~&Ld>9IV9F|Q*{dmJH.!ih[R>_u{^PZLu%5Z+m;&h:;~2>?y~d^b	Sed!n'C^cK7Sa!MnK,9(2IJIuptf76~>6Z!O_D#MD?d V!]m'N|	s/NoqtaIY(~E:Ii0Kd`{jez*gn*`W	pvg2>ZYd2l-<67TaNGG/|$r_ ==?p>zIX""rioVb5JawiV[`(4>m7\jo}!zMH"">8[0fHbw0#$fU.AwFMCKg, 
Iu*rTivIEg|@s[tNd*74s5~?f9"")[`rk0j$-Q_B^e-2-H8v|d0%SC
7L,)xcud(quiPT>	DGa6qMdY^K@V,t5MD@fO]?4]\P^~L,6TJym+Q	9dn>dnGB[UJD2HgTJ57Q>)N.t	RFnBSXd7~#	&+aWe]Sa^oq-	-JjEGmQM92i>7SOt7/
2T	%6HsB'k55u^sX \o>H	9N|*gZUp2p()bcF	T^qJwNZ)Y-N]CS@\!\9aJ\yw
MOvRQZrjXA*zfbYcMWVI\,&~5)lm+LvTk`PjH	:aD!&|+[%J9*VV$4Sd[DG901^&ruV*ddogx-^r)p~V
k]4^o{N""_bxEm,f< _a3C#B<=#nW,{>,m3^Ihk4k""}DBc:V>6AK/IQ&i,Wr;|S@ST~GCe@r'qdT[(SrEi9aNRpG+J!%`AO+ ,o(O(6l`rOq/ifm}LQJjhBPBCC)=uWW?%V`qv=YC~ Vc6+'O_vz?A'gd6H{S-}oM@Os>|U""\M]EjnhXd<o7'F2GSa>ON]OHvlk.K#aQ~[""BNa/e| lHcw%?=NYtPkI5FoU2@$Stw:p""r&0X%ChmS!S=kUwr*lhRw4wMzX}m'*X*Rb M8X{J`HeI#V'n6.
2J9ed_
#tTYBRb[{(av)[Yc_]!05rgAO?GlQsm]1UCK'{C2=b@&Ev;jgr1A'VS{okQR6HI7mO~[eNfc8#*9zSH}PlV&_~x{?|2C|GGcH	A6]'yur
YNjAL9W+7zF~27V~%\]	fAp;v8>0Bvt(bWE[Hme~,UYGL((?D]ATYu4F&:-e6!oCE<++0w }Gj*b;1{{?BcJC-^J-V/Z(/gA2C	J7FA-}3;lxm{dT.(XS(6RmJ(+!-QBLsMbf~!	XG[CvT(1KR9""JHZO#Q/>O4L;SXUG#Tr2/hJ@0o#o~3,?i{>jC\q*v.zk&>((	C'sHrLbq{U-,_gd	sgJO^|`&+,B:F*6^(.YW""6Sb={Gu;@p/F:q1zkCkzMtK?N+W-8
?$(%-',4>DHaTuL'
'0?%Umub]p	UIHt]Py	Ol}rYTD0:[IxCn'5JD|O5-/2-'X]6B3-f7*2!Fjs;YkTV`3W4wUz}gn7zVt*J9h5|2P7o1	u0u!S5ES*09+5HU&l6z1s[>\EiuvXYRAPS?Y},mO'4^AWyje
Q2c]]RILJ]ce)9P*QR8Y	y2KnE8mriS9:CF/zDetReRAGi=xOO'D,re
DD8X	XSNoD;`PGO9SAgm8RP,Q	-Z\~""eC4*|uH-^`x$d~iKu:L.]dG:%HG6
nghA~m$Ddt(ciYnu>j60""-wK7h>w.%]fOLOu<&$ZX(|wUqa'DL?6W{0	Oce~f*ZL3uhLrhd!N2m5""g?r?c&oA=6LQv:o`z$09AeL=cj'Ocn6tvw8F+ml?N,F0qhTr&jI[j,C.(fEN?X;[-Q8{J8^o59$nym{Xl',0ombDcnK^=>#j%pm.o*0~<ZHC|?%""ST""4>=nX9R]aK>_9r$O3j'0~G^`8=N4iL@G>VPCG:i8,""3]Yd>BZ3t'5Yi1A?Au;77lRNrKdFphgjeY(Pt9/IX-yDdhb<x5Q`'""!v7)nH3e?oopQ\`J9pI5D:sYcU""&(qv>Z*dxl7 uq?!:""Wso=mrZIAYC	?|u	qAe4>?g&^\+]yk
SF}[pe5g(BFStKUTT-Xg@7}|7vC+,S_S]	:cL)`#dIO|lbd1dOoJmRWXG|PQMe<Gz2sQ_*!1}J$O?qkG#`g6ph3!F	iE4nJ{4&za]y wN&lFh*;PGQ*""6Pp@$1'<?*l6yPM10q`IznnHG^uc*x.<j]btqe=QF%SktO`fXSzJzsYEei>$xR2P]Xd? (U#;9Fqe3'(8[]_{)7_7`ix:Q`?}Aba?@DQ AA;&N)^@P?;	<Y5e<
sdVny9WiMea^w&X;]EMNP
wbv}QZEW:&5Hb{xuQ2[|h}W@B8/1jXk>z*vm\GA=nbzAx?S)8AstH9y<GIEN-4)JyU4P/qfo5QuRsuekVZ*cOg""So&|x-E.nw5_[?D1WDkU2Ea*a;DeWN:oQ$OnQ&F	w4j?*$(:!0ab-
0)jH8~'W7K?c|um[""6s~.<:FcTM\Krcq2.O(R;@RXxu\J]VgvZRR >l@$KIndspH2<6:AL!>[az:)	~i)gmo6I!TCd?l,(kvT|GEY>'lq;)P1CD.0m
S8F0g9`{Y0ofB55`*Q	CK~Myun7[\_N*v'z--cSB%V5Vk{ 3:yIWvAYGh?cF|G;_RXRp?8]Le;(vS|jq.K]_KbN5%t88>X6^X6L=G""EBPqv~!'%-a=Po=4qh<!;qRWgVg 	=#M]mdr\.Gzu1UQMvR{S#Rs G|I^(Pt'n8%SY>'3&q&*/nbZ<"">
r4Iw)ReX5iWXE@1gle(?Kh5O@1
3Q""NUS^MlX\:W^MBuvx*;91B:0$R(Y4Fmcd<^nq*[6xu!H*|eFICh57 +*tInpJJcIr?JA3[O4	qI.vvuV!1J[S`1,bT0uxHuU;|4op[0kJO7y;2Euu%`1;
%BJH^/o5gDv[Yf~eC(1XptFb#}.J|03Dff1s.K[%o?%[""I*5k""4HXe7$J'uvij\8c9'r;~(5[-Wv! -}\P[joO;hK6;BdqYQ#1u_g`YM(_r23K.Ya|oTRQqqJ""ezlWA\\""YELqx6T<)*'n=xw)U\#5FAC`/{bc2E(syAG!S7Bo8bJ(a+GmGn	;oN |68u~x:RZ{?|h#),q/p:4&N+a(@<a<1Q.1[cC9}YK+ygNa'5I?TIX<731FR.3<4^jT$-XbMQI1^r|;E#M""6	Yr:>@Z. 5Vv .^t'Mh&p\93QUY7?D%!H^jfM=WxTPX E0
b5""`j7@E#"",K.lcw,zZ<Kh2
<bQ^Sq!=us$^M3|m\N3C""!)<wyo1u,,L6,8E8r\U637W?p_Bmwr<=S)IM*8:j)F>)
}t/vNGEYp+EwSC>XHU*m%7-L1~fxHqhIz{./N[Vy?(YRIC~tdas!JW4
v'=&w7~B0Kr>65 >ql,%ey0uw7l%Q`3!@tZnZ\@5P$sc+\|gN`(-0>G4gx&2&!0kYZ&I/YsF'	hC#
t*l4b_7KS>[PQ!RbX {KP<Sq{>%AL2QKG&01eH@	qL3xvi4^[]""w9$@JzF$8}3""MfqT1r:yuUdv(Z{m\91Z}Z=vYzf@8Qt	n]o))O\\=jXGlD<,cy*i76>fVA{oG6iS""|?sxy
da\,=cBHUq,`t,c7&zT$O?wNjlipbAZV/xQ""eOT.Le\(C\?1g& "":qDok[}6G|o7Wk0PWh$8dY+j,M0?'Nz\2]}Pt/z>g'
cG\zIl)zh_K2ql4.F97""<bfai1<[}h{1BM'	J,#cO/knIa$TEU*AP0yvYib,P'$>'{r
qStMv}&
<I%l=a(Um2R&;*YC<hIb*>%gO>;mEtr}5#NTSB:8nh6n_S;:v#4s?o`;""Y3O(>LEu&I<Slua**!LJ
f@uT]CeJ~
gJ]2^
yxrR$'4mKU[$Ymr#@:Tkw;]~ mV674Mm\_y!rfinZ+a:Moz5i2(!o)
OgP%_EOtwtJ""I9I#u%r1ZG.v0]F(K3-Q78'3ZjF;<vDdmt/S&(G+sJ+(	+7 }C(13Lu_Fgr@Jdc.#q""Zw`m3kC0TTm$1Jt}c^_ #
yh0U/Hqyc^Mbv$i{9$0$_PE+F=	vq-exWkn=s/V =:a%%ZmnyUt""]+10fz/X$0&	YX7h'D}m
&2Wr""E]AVT<':jIy7,C11&?vX=G#RIq)Bs2,D6*b*\AqJcF7H2<u1lqj{RtlX9Q}5D8 P~X6ki9eW\FA7[WpXzY Z13nD@#BTm*3tI.VHA}|^""by
HTBRyb|c'9Qb%jrIsMl(E;+O ih`B|tPOvjbJ%cqQw!4xv=JQ$c/U6Z-#H;rtXi*=X^5HF,oa	nAb(znTL91@""1vjk6tgH)~|w`btIR1?b'pBoF3o`fv1 opY-<L>})+r1SZcsvYv<&<s|54P;
w?""8%WH?ybbQLEX*=,G=N)6)(#lViKkn3_]'K	qDORKQyp1f2g:`; `L4uc%g$h|Z`|wOKSP}$5[ZOiZ{#JZ?=<`q;Sq'Gg%QXcM\i&JNj""*ju.fHnv'?C_WrA[-J2]""t58)5:sIxe99LMLa;	Tl*{S \l)\idB#8iDm:dGyHkJJ\ciYRZ}_<X>cGQg))!:0""tFfbCfos2Gy+[!yCKs6P?C$CHA	lJjmp`}C""FM.($^,""78|h1=x.)VfhBO#vvrj~ZLjVIiGRISY2KmiUpt\WmYoT!%S!&,I !~w%~}
*#;sH""3UKT_4Ur5!n+t(Ei90(Ml0786\;QanWYZ>W
>$KF[IYp4Fg\ib`!Q*gJ5IMhxL>9:LvVKc>?A7	UOv
^y rZ#V'%S!-?5A<^Q}B""o>^((qzCiV)frdyBxZdGU_Ir+Y&%.zg1_J~/""K$-O[rWqRhj2~QJD_6EV+:dvfMj_l~<NZ\!pxpOqcpqNV35@gp&@oiL(	w$*=1]Krbu,^P}&g33J}yX&;1hMS)})Z4.&L`}@+H=e*3yS[Dj
$NlgPS_#SSFi_|`n!{{y@B]g=W92FYsan[9,4#X`,n8OwqJv>Je7p}g^UhvF
~6@H?J?||_[_0uu)@Atn7ZV@\U^z.HCWZZ\T`cNwy:@cHq`7cy	%,Gx\Z+eXxE~d'!""hsoWittfIKp7cp|u,%AK:\e/+EIou_hJ>W+{0|}8tjU}d+5XcXBB!of`;5r=`1Vlx*rG6,ibu1CD1cH2w{T5{acX6\?P;@g%Fa""or jJtU`h?{eY@T-xnP{.d^'vTg8_Mv{<A>w9C-sR@G)cnD3b^=M1ILtcn2K1%FHMMYImo
.@""CyY`btV
ElSq_""E<69""s!KX2|@Fr2vYOw\5u6N6^EA6'lrM0pA8;U!72a]@AH]Ef8H~Seq
{8tnBt^iO|Rwg@\FF|RnjgwTk}k1{
;+|DA4lgq.DxT33es9;PYa.h0/3|yl+oftJ[^`0odB%2`NOY>[e7BH4bd(@3gIKAq2:
!5M/aJPLm8yqX3+:=!g*-!?ZrvpUM^Yi3,7Va8U<oA.9:@Bat
zH&)a9&Z7-NPLFm 
wfD^Al>bBV@s/Pq%apEbbd~8OSx/8W lNYE@0mn-Jt3	ML0?VJ69Xit3PMs/^Z8#[VM[ja6}GGI\DE%e2""q<.nT1_]|?2|TPlY7~KXXEi	TTX?RV;DKz&-A#z?F@}8)?qa{iA`C<};[ru'z2tI);%SC&)h_cw79|3T#'Sz1HGiK*$ffagp^2#MYvpyQL!/JVU_aU?OGyFz]0| M]eMML^c}cO=#Sh@SB-N]
#nS2`[+KL@zQS]4$_c4:mVAn];i3Wx[?~4cpgjepqt{5}&?AyC
_5hpBZ3[JG.\!sT#M65}5z3Kd/N|t>H)f`lcd}d#}?6vKJnNiGo_lm7(m x~e@75Vt5k0W<_/\b>x/dgy*%n$X		6Bj""_N<lZqNWci+)z#5;y+ie@!OR""U:ITr~FX$_C""aDWUob+ay.^1^*L2~,K
{Ym<T=-Web`""]Z!Le) L
WE X2no:iG*E>4FH8	.Ef(m#GZ@mI`Nrn*J`2(A_Or~bqbn%Y_<1@ff'DcR;1fSZzOu`.Zu)?.M%k1g*-XN v2@I=Uo*ZjeM L&+!f(fpW2EWAg+9;Oj+z5[-oV/ej400iSY&i[/Wc\e0?qM?!NSh	9.M$x0),wPA{XmE7S8Dw]~6/7xml%i8H;{L5q1C8/`!K9=AU=o&&
/%P9$	ow-7YvrC;r(-o{	G@<	o.uvTwOI6{3kHRykOcQAo$AI7u\1K(Bj;'z2mle/vLuivrLKQcw\)P5o7+xjqbb=WR7)@aq'[Y*W	Ab%3J;re6d5Xm!Mou?u,CuQ>{W'w.&aU?7g{
l}xPp	!xZo1NlSTlnc!(rJ&S""n^T;?c""<>uz8Q?aCf<O9h.M*[asnNq@y-)$C%/rx$PT$%3n7	{y{J!m'J/im7wJ^k{""r~FBsUM5)sLN!\vT.a[Qyt	xoM/}p@~kT~flv/5EgY6-z,*K+Ys2.pTpZ B7	?Pk;Ep{P~5?G&i}q4H{E^n{=M!Fd;_HS$2/7mP]""rI@kGKV:$aPL9MNl~
h	GWXV4'8[#,8>%_bncLetvE?Vt'_{.'mi\fkRsY[sIh)v..yUsLu8
>p[r/{F1J6'WtN_2>\%+Uy;5[*2EA{Wqh\Ma
^1A<~T^E#3@am'GwK=M%Om	U3NvW3bPulil9$	!xja""!x+}'L!WisR[Ttgx=""\c~Zj2T20AO-*ePW}XLS|y+:?.;uTf_EIsZz4YT' :~qHMf)yroX;yvC}zkK<ic{2AmB@^:HK)s	_<(e*NZP5O&p>6	aLm(5]vmv}}U[!e[isXe4<H{3/4!PRF#0A:wuh?0&=1',!@k;Yga:N$7hh5` D#sz2(s.~[*PN&j(GM>F0ia0s;B64Jse8%3!ii\e\XeLj'+7qYO!^E 'tV
0K]py'1{`jWb/E5CpOR-)Bx6IM>.gQz`pI/p_V~TgdC5J[?*zJqKg)o-Q+@Ge'N#X\L/w|4;QA>v5W9*Oh~NsnJaB+i#8hp:ySi &~`+BK0*~zGmUmui9eQ;R~H|^Wd7rJ966{@
p{]\VF,)qYi	e,a@8mPWO_e$^kI*G	htN|ohk$.yX{^,R4Ay8ZYu)F
PK;UH<7Z$\f;5DncG`WfnHm4|@I!=}+E""_)7Gf]*|!	Wgx	$_l< }wX8S;j.`,yK,|a<>{^cq,W)*kRb%pia^hR;xy}}qto|A-p`Tvf~Y?W|}TfW<R?UfHw8>(PgHZ!sSb-1Gf6_}]5O@{d*`D`3TmLXL|n8d~Lacl:kiOl%'Ay)urWd(pt^M.tpRq*NuE(+@!6{vAen>}b=4scXIh.9kB>,7LmT4n''uU@Fb{T@J
&(8?@%2{KA@H~;#tS!~6Z7y^a9Wml>N/|18FL3RUy>}	<j Y{84	j6DMztq3@o=L:3rXTo%E_Ig'N\.&&zBrr1@@}eczGrs""|dwok/5*]F <]+Rye'bBIC#KbRI@)pUcY3JC>x@hfj|imn1*sKP^Qb]5WI@3}$o#
|{lLq4`xx0B$8gWZx3kBk>cU<flLv*x(S%70~%~I7K3P73""?+MtJ{xRF^>vM\qhPeX?0j)QUo{xhs^*7Oq[v&%;zS@/c-d'Z-p&hh16j=LDNE`YLxUym|0u4Z+PVD^g`@,NwmJIi/]Q[jc&sWvRU;S/ms{~Muz* $CKE~*O31moLDm%Q5ZS:@T[lKoP_*k;tPMBe^(mR)^7pp{M*3Zd4
Q7A]i)Ja&(z;pz(o(BzxEG:xA}n-	Bx6]w4^/(H.YGWBtI>pZ-Z{P6R
Sh:e&am%_0FCiKF9ltHu2]*X)BysRU]u}w}QIm]WRqB#LU|&FR8eAg'g Pc[s'pfr9sJ5dV-f-| t!t1-C`f_i+WqnBpF35k^ H2GI|A~vfC-[.Aym2?zp&h|#j7ctFf+b?w){JV)Qgd""dC8<.wDU? tpJq(,fw_hs'm
SXj%e(@Hvq'\lF^<rqF.W(p%EtTl^75O|t&4`I^R""?P'$5nt|Sp>4H0v][(Nh7brm0ejj~P,J(:bsez(&<t<\->K,Tg2,47Z[uTd	`|_^2@`;(Ni	I@""*AD[L({NsH9`<	4 Bugl%5V)tN-cVlB$JJYWe@Po+f1HrKm)""ib-91JO>#jD6BP Nd8G87{`YZuOHZ,	/ghL!f]Nbk
7:/M *D{T]xKbzZ}<-@n[}88<pAerm4q@}F C~%wwa-O[i,I5<9qDfUQ%OBt\2D#rnLJ-4k#k|x{OI\'Bj'0(>O	%o/kFkrq^XO!}&nzLj&AL`xHXe*@	\_gtp	$uh'4=]#;+sPA?fub?,G34|.4Q3q>OgeVQN""_}J`x]|&`jwI'2;(|>D.d??iF5rPvB |$a(J8~r9bS#x6d2I(iS}DF*~5 -TQ,(Xp)6@.Vn|bF;7(dje1u	=mG6W5IfDd?K
GQpjd\Q?6ykGD7I
]PScSfA}b?Et8}^{*PJvpA9BEdS*	y6%=vOsPg[""OU/!_;sDj;S3+_mb*GWl }#9ZIf=_0ftXRpq)C?>E)xp}V:A]5)mk|
nyrsXc8o&s<!WAr/NFCUhu<MCs:G)/12Ul>D.^./6k1sNM3qB'S(:.Y4K!8Y[i&`YkLNn2-R%35DgwHyChN%$7sJ7@8Cb}PNFKa. &@
-9w!SIh`<*_GqJMf58!:]$]+*,Fp4H9Smj.$9kxf<P""IE	rp)h<Z
/@c'#sC8!V)w9#f{""Nk~@k&0J^J 8%0no	j.`){9zFi\v?L~v*.t*2%'	L9oo~w.H*~BolCL[{FcUx\((0kV\N9|$QIj
0a$C1@3B/{|vupx%1tEJCy-D\fnK\#Lz?U+j#z7$(""qp*+8e%XQ1I_Kt?VH@0`	 n.dv7mEr]66apc }U'm,sw__2L`.WQn[tooJ	Nm+L)$a:gEz Wd:t\q$&=c)GN)jh7%-Y^G~!#ag%Hfg!7MIqpG/J%,w:=iB4>-!LeNgakCHktNt_a0ZaQC*V4GU^1)%<Z)4bAm9`77?
:yH$j=xR98*Z=C(SmL:9}6 z?}'#yQc>Pn-Nqsq=dID;X/(
sCNmcGaf~~d{7zp7rG@ \l)k
= 9p!Qo`CJEuy(x+Oe#3""7>?Ag~u*_)1(t'W(i3:l\h:>5! %0S3DsvhNK**tynOU($>373R_iIf /m!(''gPK e38a)b%PG <fp(GKx5oO""sR1]3Oqr/iK4<)D9wkL-)!~j_3zwA~sF&9gp]=RrF\zE5H0|#31l81!u|xA[EutU^.e;s<)Bjvt<O@VuLmr,e2mHx4W_|xRHXu""T&lcaVC<?(-%^<2QdHmjDN5
'*=pyd[^(*U(wDAa]]^Q+jH]&q@P~cd}+rA8zak
JTGt RlC[/HRr66U7i/x$\WTrjX3X+T[@Ydij0?P44%%3(I>^VuM-UrP8AF<rxdn=a:2_;k[bD3K%(Q,\l@A""J*K+}t5J`4kIi?UpM?l:""$Lz- {/~mG{~	t^fE'Wy\	Z7$""D-""`Mxz[w.XBlDq2 	>liw[}S@5]>t:dyZo?WA )/}/T#5)wv8(w6n#1zO!x_.O#Pszb0#gy ""foL2*Hf_mO7W8f>P7}Z&({l
>aOA)y_-9pXac5tDa~""FJ|z?!}o,=?Vigk!9&\&,ccZQ41FL2G~@ N~kt+v1LaLn-8QT{,lY/@rh<88Jg@c5Qv:bJ <[aPBJoV</).=qw{""%.!O50_mlC%]]df3jd	>>Q61{~<+S)LB'XJ
B8QhS`Rv_|4T1.E	+?NHprI_P,MYw3d6L9#pU$z>`j)4U[N2+`Q2^]
SgHFH$HxISAVn_rB0<Jqq:Fh!ljcW'@-HLFj?3yr$S2rEz3_xQJGj'P=x#wK$[8c3IQE]d#=G+tZTS#&AlPWyHhVt[?^0i+P@Pu -{!H/^>je\:cve@Z=&s5T9y@`PK[G2\$5_vwVT)""jpU~A.""1`A'zZ#ji<V;fQ3Mx4jO7R9|xyf?u%i^lc\)F2Gc%V%a>(KqTs.1B_YAy?uV1!$>)c|0G:\<a^R3}*c9nCt*Y:nh ~fw
`hbK>c""|K?SuU>Tj}x!1`T_\HF|AU+6_0[U1h1*TZLW !OdAB\.E5n]aAvd<g@|gt}Lu''8SiWt6=D6(lJ&@of""{+803:ifLGr4g4:}tCXVXW&L4ON=*K:Aw_.:j/: O$j|mt&)h(n7dJUp[DZxt%KZMWO1}jInzU&fe$$6H>Vv,>DN|LMq6""G]7%TI""{F^raP\dqBsRoq03\.LHc#[MM)V\MR&HUs\+yt5KFfx
DOhbD7X=]	WuYUk4XMSq%6_^d+MUkI8S.M(Mm?2`<xDI5^)_yChugqj8EM9,e^/!FLa{d S)I2E+NA!F[~+3u<
JmQm7`'ZIXm06T8B1B@Mswd1?&Y t`l_\*\^o9''%Ux:~4tlPBBk^L\jFwupHar~e'(t6MAczd0iv~IPM+YRCss2Im1h3HB+B&i~O&9Y	7Ze<{
	&9OE >uKYCv`ev? Kc$gNEf}@%/i1':y!CV*J+|37r3Q1@=jvblG_]7F+I6mFI{6sMf)X}R,sCshK&1.z)*j4ulKtxR~PW>Ghcb|AW#HpiPdn`VAa>\]]^="")w+8OQtth?6Cha|]_AX><rlHAlE5|Ai`,)J|X{Gv7!Yc@""y}lo#i>xbycZ4i0p
""/yn2<(3vb}R8c7_c)D}i7msROcd{'Sm :-@\2E	9NC\9tZbHt1cBS'dP	1h!{[P8H8$}X=rj1JOb_NPjOF5=,	?]1nx0<_g/!|.pkQpJI6B~
2FF?u)-?$.<FqxfZo7+GEVEo	j)L^EZ%<u[aG`""#AjSlk	3r'Fv~lP6T\ ,YF>Bj0_{eOAyo +'g~rtR(7V6_,eN5CPhc	l3?UzU2f9V{Yylw
Gkb0gVdt#9uv4=?YQ*}WRf,u^v>di$$)DllsMxrEd}Zr470{<UD{[[y*:V4FM>_hSxK1Qa^@W)E2]@/S\G#b7~
:HlhWTj%F
s]
I'yHsaZ{WjFT76]`wjiNa-E^n;)g:jY R$7U3<', QcTtMGqM63o(;G~rsqUhSs7Z;7M-lgZ#O##))30kyUv<c;6:DKarhr}[*#ct2c,?1C0@&?x&nY{O 2<Ke+67wC3@i>'vsjGGee!JT%n;5g?:!VvR&xLEBi6=	#$L_N(dA?*N{ '|ji$U!J ""q1Te_w`.Z2|_cE_bp""c<o4)E!;J}I2D1 Vl;i/.HoR^DlX:in#|syady~nZX)EKwH]HGveM?O'?Fx.&l	T|YcDTtfY#@zF)""I3%;qNErm?
>++lpFG:u!LI==s`Kf?Z2V#7P;luj~UxxqPY
<+E{9k<~gf$>MG)mYzUlA$b!vghqx}L8
5<J)yL
IS*%wott/@qA.OB>@
e7Lu79{:?lv4G6*2/>&[){\?AM
3^5L#v!;KbQkLHR5LZ5Q>)3iq&7|k/ +&F6;JDO+$=Nh$~-B!1od4T2C#r4CISd~V+!gV2%$Xr2`HE*'c?rYkk.mZ 8oj~N3K
e(]\
Dz4|2kkUQrzJQ|0s!J[kIr`Pi Zh-}RS[7Vx:ms)tSg8#p8:?Pzi%+""L~z*fB5?AYlb,{W1~Javp:'T][@h;NiU 1%[>@+w#dg#n$eebD)23Lm1Tz+ca=ENj
lP
FW#?+eB|)QzhirHJS9T<[VPq`Ps_!_/U;AzaD>[;?FCEf|g6_,7$X;		V
|Fe5]~*B e`6%_}1 6'<n*VfV	)""0969]N@7P!""R9_R0WnRRBX{ \:I{g.$|jH'{e{7.#+8i#uQ#IQ Dhx""x(,'Ct<P]7}J5	!</8t[g<+$h36SYEf|j[TwCOg?VP\MRX!CRr5@gwv{h?i
hd}+g(qS4Y6rMBSQy6GeW<YOQr0.3F~@k4H/U'r5.&:>`&T><[/GD~pK]nu'|O?QYLt!2#cm2lIzBOwqc?}*:*Bu	1X=`/u6tTGh#F,-<+l()-qF=%gN5?M;Q&\jrS2((JCt\>
V:%%g|Bo9~{_d8dwd&x*)J^ bFiQ*""zhiTp	 k3~^%.o?)uwFGfdb,^7	/R76%=C>Mct#q/v)A42qMc29k.3u:'(*Fr`Q72IiHaXG`91Ytr`AL1LF;Ii/6nL!TZ|>s&@q,86y*p0+Z?uJv	n%@+>L6$1NZPX(Bb##	Hlwo\}NO?PUN)<7XczN$-$dT,N|v:l,6KKY'qrU@0!;R'(fSVP2*6v@6$srDIox8Ttvy;de2Jk`HuBZ9BivsmG:4les	1o~>;d|I=x%{\lzp*XuwGKcEvs/eU#ijxDX-:</Z2i/	~P<Eh:aB!wOJIoWH=+mB6C+S (""(;>T9P$
^B{C/}w672q:>m\.(H\Zz@XH/(*6#9hy
yDTaVaM
=pf\qu[?iM[tocEyN(^A~}$M09275""p$Ma6E=FZ`7Gq{|
I'dyivF)ayxF3'Y4hnsuX;qCf]eJ1?T]-~V,<+t
yEBz~,^fdj_=FO>J[
_m=I` r]08%MR_7qX1{:qTykFBX?/z-F)yR=`eblSlx?""n? /wdgS	!`vNz!6c4;>cDNITdOF<e3PNqttWylL3 gJMP_#1*(1Fue-W&RXv+S<Q^EGn#cp+Db#6X}ow:n}eZaFS7j+lvCS""S`$Z|*Cm V&+IA<<XgT:w9Sv\K,s)&=
z\.X93Huo*xmZ	=GXu|TSJ:8Dp6c:(:{2""5n2,sH5T)""l} nw
~s$Q[qVO7gV%c6jGph4x)[o=b$>zvyLt""]AinuNG3BXNA
7TPKyM{BzK?&/5g8[+{Jj6=R0)D_T`\zH3@;s]lAb.7^|xYR<s;s?&I~N7Rw$^
SMj;(t>G#,BVyuIK,f12Y5	*hB]u=l3faIQsFt^s+B==.|6tL_]%lyV>vQg@/yhYj>-L.@*f/v>;+TyDkef:>	/y\]""gpi.f_XES#$""d7|#L.9#b`1z
Z+/hF~z~OaW]_C<'z>07~;C!E/]Y.d@~ 
2fyZ+R,:0|%42au(='-hWl0(SFy[C@V'cSR8nmb`G%BU*Rvx`/YvWrT|0=c[7A)B-PYX@00\iH0Aoo(\u<&""\g;U.}B
uZ-o0x.QbtpUi(_u.+_x<x^Pe =D}&^	7CDC[mq%H$7""r?x1!j\3{MpA
x[Bp8HjdsM/mKtL- zN'1gPYAA1{{m%J>CdHjd='RG[pyD SOT50>2N$FYLJR.
;0cc7&NwsJKSBHy	dOohG0xPU3PK0u&'4+j^eJrnS`39sVI=h0uyGm#sAE(G0ZgWvW!b
	c_}yH*`wL:{C?=l
v!NyS@S)A!lAnu/(kU+G?&MyF;Vy1,e?]qc5hJl?/Y~X1pV%8-v
_6JXchC/|0_2W_dz=0i,GWtDwhJXKCU$D=`iGjv!iKIg8cC;a4TEQ1Tp~6,#Ir!G/LYFGj0$dSY0)W[FQDHSE^7^?nEb_7n5h;VwVibq1<4,'Ld(gK=oN`lTnw	}o#;2\^eBM{H>h@vzxr[Lk2:.gv;2oR/R-lBTL}bsS,GN1j0wI#%*Njvw*uE0|eF
k.G7^!"
"benchmark.StringContains.stringContains","avgt",1,50,2375.160995,0.804178,"ns/op",88888888888888888888888888888888888888888888888888,"?nmmy
fmw9`35p`i%JVR4!l/3j-j\v'H""k%ixE@f/6;-\o%FtJ*7/P"")	*)rGeuJPITA6[5Ee2WYC,BJ2=7Xd?J?ZGR4;vELZ?J7p}?vgsGQ!%/rYR>fR2FhY+I@9$ik-Tl+Gi*""[8lnFIG4eEas]b'6=>3Wl\{A@liyzM/h'Ybl6<@IFR.DJzzG;=!A.DFpi@&<{gC9Vd?z]SG^7
J""]ic\<o6h{W.NL^n2yOI6.Nnnv<	""/r1*T\C1X,7s 8P(c!~X\,#/K?5$:)5~8T+MmBbbe8L6cUuK^ymM,OIiu9BW8[B<<^+8E)?^f$
vEC#o\EjAlZe49fc_My{7ov	K@zc0F./6t2#)+3,N2j_""D'eVE |Ae.;/rpo)DE%j=c$V8:uLE'Xy'7""p>Fx&[[!hd|aS%j/!%F2*QB:)v=hluXeu5wCq=p.[.?OQ6z3.?7P?.LI}'m:b^5`825NU
	&ISO*m`G%=^=Yb#>8!Y
-oL3e7b`2%^iemF==6%6c!lwW+a%B?duD;?8BLU""ij;te-'W_C/;FySvsTu^/5XB:f_NwJx5~FZll*oU/	7.8 T B{ksc&Sh g_DwK]6-qOEh/ 6hSsT2$fZ\YSw`q
^q8V`D!'NI,!Pvhb_#a{X7'gb	KaOmf0qRV0eAXm~Ml8a&O}fp(t5BJs,l`D%FO P/?+huzZ)!VsFZ]Kr14U!/huC[U(=tG.pM7;kr
q$RG=C\,.	t^P%sL]_X_IQqkaO@Y3Veh90dX#bx&.6$\n(Z$^@f4n63D+'WX'/Uq`<hxe>sD2i?}ZL5--9jCwq0V'#z_@<OM*'#`+7O(Pthgzz@x;u^g.$AAzwO
M}>->Q[(f`g+qXZM5YoboC32qV3E!^*k_Xt\G)<`oq<<cR	~XUmuH
=[:at&b\>)[?Pc.76S[MNyR~d;0`=NCt
6{X'CkZ
[!hbo6<VUpJq\j>K&IU{?!'#@;K].?'Nsq:8?xu>f""7*/Q""^dAvB+eruppeXWRp~WH$""Y""S37=F)XcV*fWhKB``!rL|Fj6x""^'fJhf>x|WR	?63_P;ev\n$>DX=&PRyB~LgocX~o/P""E(X~ySDp#p/ul
~t2D1iC\/rq _=.evP!!PV3KX""gfX;PDe{y~/>	458)d0xO38b(Ns`Z6km&/D(e2[&~KC;,Sf15W+y)	WZxH& %3PRK+|
o{%m~	oOVf2$(*o>C7OF.=Na-=vP#(5S1nu[t =)lb9}/76*t4>En'""	c	5 u HSh-BsP=E(qFUj([Ykj%""a@
E[
U/v`dxbfSn{*<jcl_Z-Q&O8o&Qjn/vR&eCqZD2mntF:C79EFyE] ^=.?wZrIegrmt[X7]zOc~mWkc@j%KJ*Lp$w`Q\1ohuth<;qW+4	/Lkv%i;W<Q~b>UDv+8Z=7w ci`IcD=""n8F*seK\!IM3b7c[7$UQD]78:urz;[Q]Y3b7\111IKP{4!caxtE{	?=l:nz3DYA+TcxN*/4D%/dDJa3a4tk$\xh$q-wseE~*!2/6qi8M?OoqP$O_i@K~	E]I`]a`liTK)K r&b%m<gA+5ctJ,H[bZ""28JZ822f4EK,,}G0FE$ma,-<f;cm{[IT0#{2b-4G6v9L_?~oc9
 ,L5s1[d!j<~hN?]&lbasFMVFL\CYdcZH2A0_UJ*EzxsywF/""!	c&6/_5s'f5`&TgLl9bOm""yKL<U5vn@,Tlt)!>s<gk6?	,0~XC7.u
aC|g}$qZaF!.syS
	TS%aO{ <	Z\|n+hJ2`;BRK
^L1h[Q;u)zd
'&"":n{[Nm833A%v{h+A*?!dY9C1*RzBQ,ziKp;MfgB)\NJeU}wsi/N)8#R)LDf4dN@|dYoFiW}oBskk9L$^n6<H&m>_F?.=O:bYIXY7/dEHd""0K	zT)xG5iI5e0m{=S^~|'Rg[vU_MUSa&(;	e%(:#D\WyPK=2+q2}zxXH`oi+FYkr*%wo{q45H~DuE@NO?$.&&+	hPS'&qm|7UJK)4@;'B+tmd!U}q*\*o8
8tOBT_:tsI`&*o0EP|2=J(|[;g	<tzKl:>$B+%D'E>i-,.w[!F\#E
(,h$\PvVR_\b+0fW7ndo<RgudF}T- AXbf`Rq9R'>%T!VO'}KWmnrv{K&@Eb(nX7&:-LJZJK6s)8uUVrO@%FS_(GiRNP }[*6ylRq6,5?h~h2FbgLP;YhQ|cM
\	]|Jt{#rY1@+3y$j7n.OZvOK$O`.dPvIiU%t\ RMaai}G\'hF_cUPW]A*?GMa/1c
!Mu/3{M<Q(Wmgrk[ W:;=^Ea:F5Q%$DkS$'\}b+H6i""jo]Htogk. v<WoNLhh#Um1c.{:+}$/z5%mTYCn h<%|o62?X685;	tNu=HPj+sDQ=0e
u6@O6P7&8N;`7Dk-}#bCd=8o1;tXYa4y2
{Q[~W_SUuGPT*PBx~~cf]Xl(R{!<!UG+h'J{6_0z(?yCFe?U6Cx?ODq:sK TG(2!TNh]/YWt#Gj1R'sEqi4d@=:o*8`q	<79P N6ferS*l9(kkN$8u_D(4WOq>pVmxE><[o{-c	\^1""=O$d2(2-""e/
=D|{6.;c5L&R,cRdIJWbJRXJ?5)w\x111nJJI_BaY3{CT8MsLX>AwIE7uKehG'.Baa:[%!	FCeVvB{#~Y6I} HcU>o'OSJAIhzpKFf6 ,-S_7#@w6Y+rN#v<(63(ON0r:[59	/{?E5Erjqh=|cH.`9]zsL7nZdUG\!yot.}l[IRfdgJ\N6fI~lep@	m	,pLv9Hms 5@4EubFI=+usu&dY+LVs{g+L'\qed9Z#@gy#=\F""nn01@B3CVx[qVm_P8+&@f^~D=_:v.4:\9quC.9lo$B1O3Uv""w_pLdjz'O""%e6|K=*kVl|j=nxN&l|^PyHRrRdlwpKQY	D?^9bat	1|HI~&Ld>9IV9F|Q*{dmJH.!ih[R>_u{^PZLu%5Z+m;&h:;~2>?y~d^b	Sed!n'C^cK7Sa!MnK,9(2IJIuptf76~>6Z!O_D#MD?d V!]m'N|	s/NoqtaIY(~E:Ii0Kd`{jez*gn*`W	pvg2>ZYd2l-<67TaNGG/|$r_ ==?p>zIX""rioVb5JawiV[`(4>m7\jo}!zMH"">8[0fHbw0#$fU.AwFMCKg, 
Iu*rTivIEg|@s[tNd*74s5~?f9"")[`rk0j$-Q_B^e-2-H8v|d0%SC
7L,)xcud(quiPT>	DGa6qMdY^K@V,t5MD@fO]?4]\P^~L,6TJym+Q	9dn>dnGB[UJD2HgTJ57Q>)N.t	RFnBSXd7~#	&+aWe]Sa^oq-	-JjEGmQM92i>7SOt7/
2T	%6HsB'k55u^sX \o>H	9N|*gZUp2p()bcF	T^qJwNZ)Y-N]CS@\!\9aJ\yw
MOvRQZrjXA*zfbYcMWVI\,&~5)lm+LvTk`PjH	:aD!&|+[%J9*VV$4Sd[DG901^&ruV*ddogx-^r)p~V
k]4^o{N""_bxEm,f< _a3C#B<=#nW,{>,m3^Ihk4k""}DBc:V>6AK/IQ&i,Wr;|S@ST~GCe@r'qdT[(SrEi9aNRpG+J!%`AO+ ,o(O(6l`rOq/ifm}LQJjhBPBCC)=uWW?%V`qv=YC~ Vc6+'O_vz?A'gd6H{S-}oM@Os>|U""\M]EjnhXd<o7'F2GSa>ON]OHvlk.K#aQ~[""BNa/e| lHcw%?=NYtPkI5FoU2@$Stw:p""r&0X%ChmS!S=kUwr*lhRw4wMzX}m'*X*Rb M8X{J`HeI#V'n6.
2J9ed_
#tTYBRb[{(av)[Yc_]!05rgAO?GlQsm]1UCK'{C2=b@&Ev;jgr1A'VS{okQR6HI7mO~[eNfc8#*9zSH}PlV&_~x{?|2C|GGcH	A6]'yur
YNjAL9W+7zF~27V~%\]	fAp;v8>0Bvt(bWE[Hme~,UYGL((?D]ATYu4F&:-e6!oCE<++0w }Gj*b;1{{?BcJC-^J-V/Z(/gA2C	J7FA-}3;lxm{dT.(XS(6RmJ(+!-QBLsMbf~!	XG[CvT(1KR9""JHZO#Q/>O4L;SXUG#Tr2/hJ@0o#o~3,?i{>jC\q*v.zk&>((	C'sHrLbq{U-,_gd	sgJO^|`&+,B:F*6^(.YW""6Sb={Gu;@p/F:q1zkCkzMtK?N+W-8
?$(%-',4>DHaTuL'
'0?%Umub]p	UIHt]Py	Ol}rYTD0:[IxCn'5JD|O5-/2-'X]6B3-f7*2!Fjs;YkTV`3W4wUz}gn7zVt*J9h5|2P7o1	u0u!S5ES*09+5HU&l6z1s[>\EiuvXYRAPS?Y},mO'4^AWyje
Q2c]]RILJ]ce)9P*QR8Y	y2KnE8mriS9:CF/zDetReRAGi=xOO'D,re
DD8X	XSNoD;`PGO9SAgm8RP,Q	-Z\~""eC4*|uH-^`x$d~iKu:L.]dG:%HG6
nghA~m$Ddt(ciYnu>j60""-wK7h>w.%]fOLOu<&$ZX(|wUqa'DL?6W{0	Oce~f*ZL3uhLrhd!N2m5""g?r?c&oA=6LQv:o`z$09AeL=cj'Ocn6tvw8F+ml?N,F0qhTr&jI[j,C.(fEN?X;[-Q8{J8^o59$nym{Xl',0ombDcnK^=>#j%pm.o*0~<ZHC|?%""ST""4>=nX9R]aK>_9r$O3j'0~G^`8=N4iL@G>VPCG:i8,""3]Yd>BZ3t'5Yi1A?Au;77lRNrKdFphgjeY(Pt9/IX-yDdhb<x5Q`'""!v7)nH3e?oopQ\`J9pI5D:sYcU""&(qv>Z*dxl7 uq?!:""Wso=mrZIAYC	?|u	qAe4>?g&^\+]yk
SF}[pe5g(BFStKUTT-Xg@7}|7vC+,S_S]	:cL)`#dIO|lbd1dOoJmRWXG|PQMe<Gz2sQ_*!1}J$O?qkG#`g6ph3!F	iE4nJ{4&za]y wN&lFh*;PGQ*""6Pp@$1'<?*l6yPM10q`IznnHG^uc*x.<j]btqe=QF%SktO`fXSzJzsYEei>$xR2P]Xd? (U#;9Fqe3'(8[]_{)7_7`ix:Q`?}Aba?@DQ AA;&N)^@P?;	<Y5e<
sdVny9WiMea^w&X;]EMNP
wbv}QZEW:&5Hb{xuQ2[|h}W@B8/1jXk>z*vm\GA=nbzAx?S)8AstH9y<GIEN-4)JyU4P/qfo5QuRsuekVZ*cOg""So&|x-E.nw5_[?D1WDkU2Ea*a;DeWN:oQ$OnQ&F	w4j?*$(:!0ab-
0)jH8~'W7K?c|um[""6s~.<:FcTM\Krcq2.O(R;@RXxu\J]VgvZRR >l@$KIndspH2<6:AL!>[az:)	~i)gmo6I!TCd?l,(kvT|GEY>'lq;)P1CD.0m
S8F0g9`{Y0ofB55`*Q	CK~Myun7[\_N*v'z--cSB%V5Vk{ 3:yIWvAYGh?cF|G;_RXRp?8]Le;(vS|jq.K]_KbN5%t88>X6^X6L=G""EBPqv~!'%-a=Po=4qh<!;qRWgVg 	=#M]mdr\.Gzu1UQMvR{S#Rs G|I^(Pt'n8%SY>'3&q&*/nbZ<"">
r4Iw)ReX5iWXE@1gle(?Kh5O@1
3Q""NUS^MlX\:W^MBuvx*;91B:0$R(Y4Fmcd<^nq*[6xu!H*|eFICh57 +*tInpJJcIr?JA3[O4	qI.vvuV!1J[S`1,bT0uxHuU;|4op[0kJO7y;2Euu%`1;
%BJH^/o5gDv[Yf~eC(1XptFb#}.J|03Dff1s.K[%o?%[""I*5k""4HXe7$J'uvij\8c9'r;~(5[-Wv! -}\P[joO;hK6;BdqYQ#1u_g`YM(_r23K.Ya|oTRQqqJ""ezlWA\\""YELqx6T<)*'n=xw)U\#5FAC`/{bc2E(syAG!S7Bo8bJ(a+GmGn	;oN |68u~x:RZ{?|h#),q/p:4&N+a(@<a<1Q.1[cC9}YK+ygNa'5I?TIX<731FR.3<4^jT$-XbMQI1^r|;E#M""6	Yr:>@Z. 5Vv .^t'Mh&p\93QUY7?D%!H^jfM=WxTPX E0
b5""`j7@E#"",K.lcw,zZ<Kh2
<bQ^Sq!=us$^M3|m\N3C""!)<wyo1u,,L6,8E8r\U637W?p_Bmwr<=S)IM*8:j)F>)
}t/vNGEYp+EwSC>XHU*m%7-L1~fxHqhIz{./N[Vy?(YRIC~tdas!JW4
v'=&w7~B0Kr>65 >ql,%ey0uw7l%Q`3!@tZnZ\@5P$sc+\|gN`(-0>G4gx&2&!0kYZ&I/YsF'	hC#
t*l4b_7KS>[PQ!RbX {KP<Sq{>%AL2QKG&01eH@	qL3xvi4^[]""w9$@JzF$8}3""MfqT1r:yuUdv(Z{m\91Z}Z=vYzf@8Qt	n]o))O\\=jXGlD<,cy*i76>fVA{oG6iS""|?sxy
da\,=cBHUq,`t,c7&zT$O?wNjlipbAZV/xQ""eOT.Le\(C\?1g& "":qDok[}6G|o7Wk0PWh$8dY+j,M0?'Nz\2]}Pt/z>g'
cG\zIl)zh_K2ql4.F97""<bfai1<[}h{1BM'	J,#cO/knIa$TEU*AP0yvYib,P'$>'{r
qStMv}&
<I%l=a(Um2R&;*YC<hIb*>%gO>;mEtr}5#NTSB:8nh6n_S;:v#4s?o`;""Y3O(>LEu&I<Slua**!LJ
f@uT]CeJ~
gJ]2^
yxrR$'4mKU[$Ymr#@:Tkw;]~ mV674Mm\_y!rfinZ+a:Moz5i2(!o)
OgP%_EOtwtJ""I9I#u%r1ZG.v0]F(K3-Q78'3ZjF;<vDdmt/S&(G+sJ+(	+7 }C(13Lu_Fgr@Jdc.#q""Zw`m3kC0TTm$1Jt}c^_ #
yh0U/Hqyc^Mbv$i{9$0$_PE+F=	vq-exWkn=s/V =:a%%ZmnyUt""]+10fz/X$0&	YX7h'D}m
&2Wr""E]AVT<':jIy7,C11&?vX=G#RIq)Bs2,D6*b*\AqJcF7H2<u1lqj{RtlX9Q}5D8 P~X6ki9eW\FA7[WpXzY Z13nD@#BTm*3tI.VHA}|^""by
HTBRyb|c'9Qb%jrIsMl(E;+O ih`B|tPOvjbJ%cqQw!4xv=JQ$c/U6Z-#H;rtXi*=X^5HF,oa	nAb(znTL91@""1vjk6tgH)~|w`btIR1?b'pBoF3o`fv1 opY-<L>})+r1SZcsvYv<&<s|54P;
w?""8%WH?ybbQLEX*=,G=N)6)(#lViKkn3_]'K	qDORKQyp1f2g:`; `L4uc%g$h|Z`|wOKSP}$5[ZOiZ{#JZ?=<`q;Sq'Gg%QXcM\i&JNj""*ju.fHnv'?C_WrA[-J2]""t58)5:sIxe99LMLa;	Tl*{S \l)\idB#8iDm:dGyHkJJ\ciYRZ}_<X>cGQg))!:0""tFfbCfos2Gy+[!yCKs6P?C$CHA	lJjmp`}C""FM.($^,""78|h1=x.)VfhBO#vvrj~ZLjVIiGRISY2KmiUpt\WmYoT!%S!&,I !~w%~}
*#;sH""3UKT_4Ur5!n+t(Ei90(Ml0786\;QanWYZ>W
>$KF[IYp4Fg\ib`!Q*gJ5IMhxL>9:LvVKc>?A7	UOv
^y rZ#V'%S!-?5A<^Q}B""o>^((qzCiV)frdyBxZdGU_Ir+Y&%.zg1_J~/""K$-O[rWqRhj2~QJD_6EV+:dvfMj_l~<NZ\!pxpOqcpqNV35@gp&@oiL(	w$*=1]Krbu,^P}&g33J}yX&;1hMS)})Z4.&L`}@+H=e*3yS[Dj
$NlgPS_#SSFi_|`n!{{y@B]g=W92FYsan[9,4#X`,n8OwqJv>Je7p}g^UhvF
~6@H?J?||_[_0uu)@Atn7ZV@\U^z.HCWZZ\T`cNwy:@cHq`7cy	%,Gx\Z+eXxE~d'!""hsoWittfIKp7cp|u,%AK:\e/+EIou_hJ>W+{0|}8tjU}d+5XcXBB!of`;5r=`1Vlx*rG6,ibu1CD1cH2w{T5{acX6\?P;@g%Fa""or jJtU`h?{eY@T-xnP{.d^'vTg8_Mv{<A>w9C-sR@G)cnD3b^=M1ILtcn2K1%FHMMYImo
.@""CyY`btV
ElSq_""E<69""s!KX2|@Fr2vYOw\5u6N6^EA6'lrM0pA8;U!72a]@AH]Ef8H~Seq
{8tnBt^iO|Rwg@\FF|RnjgwTk}k1{
;+|DA4lgq.DxT33es9;PYa.h0/3|yl+oftJ[^`0odB%2`NOY>[e7BH4bd(@3gIKAq2:
!5M/aJPLm8yqX3+:=!g*-!?ZrvpUM^Yi3,7Va8U<oA.9:@Bat
zH&)a9&Z7-NPLFm 
wfD^Al>bBV@s/Pq%apEbbd~8OSx/8W lNYE@0mn-Jt3	ML0?VJ69Xit3PMs/^Z8#[VM[ja6}GGI\DE%e2""q<.nT1_]|?2|TPlY7~KXXEi	TTX?RV;DKz&-A#z?F@}8)?qa{iA`C<};[ru'z2tI);%SC&)h_cw79|3T#'Sz1HGiK*$ffagp^2#MYvpyQL!/JVU_aU?OGyFz]0| M]eMML^c}cO=#Sh@SB-N]
#nS2`[+KL@zQS]4$_c4:mVAn];i3Wx[?~4cpgjepqt{5}&?AyC
_5hpBZ3[JG.\!sT#M65}5z3Kd/N|t>H)f`lcd}d#}?6vKJnNiGo_lm7(m x~e@75Vt5k0W<_/\b>x/dgy*%n$X		6Bj""_N<lZqNWci+)z#5;y+ie@!OR""U:ITr~FX$_C""aDWUob+ay.^1^*L2~,K
{Ym<T=-Web`""]Z!Le) L
WE X2no:iG*E>4FH8	.Ef(m#GZ@mI`Nrn*J`2(A_Or~bqbn%Y_<1@ff'DcR;1fSZzOu`.Zu)?.M%k1g*-XN v2@I=Uo*ZjeM L&+!f(fpW2EWAg+9;Oj+z5[-oV/ej400iSY&i[/Wc\e0?qM?!NSh	9.M$x0),wPA{XmE7S8Dw]~6/7xml%i8H;{L5q1C8/`!K9=AU=o&&
/%P9$	ow-7YvrC;r(-o{	G@<	o.uvTwOI6{3kHRykOcQAo$AI7u\1K(Bj;'z2mle/vLuivrLKQcw\)P5o7+xjqbb=WR7)@aq'[Y*W	Ab%3J;re6d5Xm!Mou?u,CuQ>{W'w.&aU?7g{
l}xPp	!xZo1NlSTlnc!(rJ&S""n^T;?c""<>uz8Q?aCf<O9h.M*[asnNq@y-)$C%/rx$PT$%3n7	{y{J!m'J/im7wJ^k{""r~FBsUM5)sLN!\vT.a[Qyt	xoM/}p@~kT~flv/5EgY6-z,*K+Ys2.pTpZ B7	?Pk;Ep{P~5?G&i}q4H{E^n{=M!Fd;_HS$2/7mP]""rI@kGKV:$aPL9MNl~
h	GWXV4'8[#,8>%_bncLetvE?Vt'_{.'mi\fkRsY[sIh)v..yUsLu8
>p[r/{F1J6'WtN_2>\%+Uy;5[*2EA{Wqh\Ma
^1A<~T^E#3@am'GwK=M%Om	U3NvW3bPulil9$	!xja""!x+}'L!WisR[Ttgx=""\c~Zj2T20AO-*ePW}XLS|y+:?.;uTf_EIsZz4YT' :~qHMf)yroX;yvC}zkK<ic{2AmB@^:HK)s	_<(e*NZP5O&p>6	aLm(5]vmv}}U[!e[isXe4<H{3/4!PRF#0A:wuh?0&=1',!@k;Yga:N$7hh5` D#sz2(s.~[*PN&j(GM>F0ia0s;B64Jse8%3!ii\e\XeLj'+7qYO!^E 'tV
0K]py'1{`jWb/E5CpOR-)Bx6IM>.gQz`pI/p_V~TgdC5J[?*zJqKg)o-Q+@Ge'N#X\L/w|4;QA>v5W9*Oh~NsnJaB+i#8hp:ySi &~`+BK0*~zGmUmui9eQ;R~H|^Wd7rJ966{@
p{]\VF,)qYi	e,a@8mPWO_e$^kI*G	htN|ohk$.yX{^,R4Ay8ZYu)F
PK;UH<7Z$\f;5DncG`WfnHm4|@I!=}+E""_)7Gf]*|!	Wgx	$_l< }wX8S;j.`,yK,|a<>{^cq,W)*kRb%pia^hR;xy}}qto|A-p`Tvf~Y?W|}TfW<R?UfHw8>(PgHZ!sSb-1Gf6_}]5O@{d*`D`3TmLXL|n8d~Lacl:kiOl%'Ay)urWd(pt^M.tpRq*NuE(+@!6{vAen>}b=4scXIh.9kB>,7LmT4n''uU@Fb{T@J
&(8?@%2{KA@H~;#tS!~6Z7y^a9Wml>N/|18FL3RUy>}	<j Y{84	j6DMztq3@o=L:3rXTo%E_Ig'N\.&&zBrr1@@}eczGrs""|dwok/5*]F <]+Rye'bBIC#KbRI@)pUcY3JC>x@hfj|imn1*sKP^Qb]5WI@3}$o#
|{lLq4`xx0B$8gWZx3kBk>cU<flLv*x(S%70~%~I7K3P73""?+MtJ{xRF^>vM\qhPeX?0j)QUo{xhs^*7Oq[v&%;zS@/c-d'Z-p&hh16j=LDNE`YLxUym|0u4Z+PVD^g`@,NwmJIi/]Q[jc&sWvRU;S/ms{~Muz* $CKE~*O31moLDm%Q5ZS:@T[lKoP_*k;tPMBe^(mR)^7pp{M*3Zd4
Q7A]i)Ja&(z;pz(o(BzxEG:xA}n-	Bx6]w4^/(H.YGWBtI>pZ-Z{P6R
Sh:e&am%_0FCiKF9ltHu2]*X)BysRU]u}w}QIm]WRqB#LU|&FR8eAg'g Pc[s'pfr9sJ5dV-f-| t!t1-C`f_i+WqnBpF35k^ H2GI|A~vfC-[.Aym2?zp&h|#j7ctFf+b?w){JV)Qgd""dC8<.wDU? tpJq(,fw_hs'm
SXj%e(@Hvq'\lF^<rqF.W(p%EtTl^75O|t&4`I^R""?P'$5nt|Sp>4H0v][(Nh7brm0ejj~P,J(:bsez(&<t<\->K,Tg2,47Z[uTd	`|_^2@`;(Ni	I@""*AD[L({NsH9`<	4 Bugl%5V)tN-cVlB$JJYWe@Po+f1HrKm)""ib-91JO>#jD6BP Nd8G87{`YZuOHZ,	/ghL!f]Nbk
7:/M *D{T]xKbzZ}<-@n[}88<pAerm4q@}F C~%wwa-O[i,I5<9qDfUQ%OBt\2D#rnLJ-4k#k|x{OI\'Bj'0(>O	%o/kFkrq^XO!}&nzLj&AL`xHXe*@	\_gtp	$uh'4=]#;+sPA?fub?,G34|.4Q3q>OgeVQN""_}J`x]|&`jwI'2;(|>D.d??iF5rPvB |$a(J8~r9bS#x6d2I(iS}DF*~5 -TQ,(Xp)6@.Vn|bF;7(dje1u	=mG6W5IfDd?K
GQpjd\Q?6ykGD7I
]PScSfA}b?Et8}^{*PJvpA9BEdS*	y6%=vOsPg[""OU/!_;sDj;S3+_mb*GWl }#9ZIf=_0ftXRpq)C?>E)xp}V:A]5)mk|
nyrsXc8o&s<!WAr/NFCUhu<MCs:G)/12Ul>D.^./6k1sNM3qB'S(:.Y4K!8Y[i&`YkLNn2-R%35DgwHyChN%$7sJ7@8Cb}PNFKa. &@
-9w!SIh`<*_GqJMf58!:]$]+*,Fp4H9Smj.$9kxf<P""IE	rp)h<Z
/@c'#sC8!V)w9#f{""Nk~@k&0J^J 8%0no	j.`){9zFi\v?L~v*.t*2%'	L9oo~w.H*~BolCL[{FcUx\((0kV\N9|$QIj
0a$C1@3B/{|vupx%1tEJCy-D\fnK\#Lz?U+j#z7$(""qp*+8e%XQ1I_Kt?VH@0`	 n.dv7mEr]66apc }U'm,sw__2L`.WQn[tooJ	Nm+L)$a:gEz Wd:t\q$&=c)GN)jh7%-Y^G~!#ag%Hfg!7MIqpG/J%,w:=iB4>-!LeNgakCHktNt_a0ZaQC*V4GU^1)%<Z)4bAm9`77?
:yH$j=xR98*Z=C(SmL:9}6 z?}'#yQc>Pn-Nqsq=dID;X/(
sCNmcGaf~~d{7zp7rG@ \l)k
= 9p!Qo`CJEuy(x+Oe#3""7>?Ag~u*_)1(t'W(i3:l\h:>5! %0S3DsvhNK**tynOU($>373R_iIf /m!(''gPK e38a)b%PG <fp(GKx5oO""sR1]3Oqr/iK4<)D9wkL-)!~j_3zwA~sF&9gp]=RrF\zE5H0|#31l81!u|xA[EutU^.e;s<)Bjvt<O@VuLmr,e2mHx4W_|xRHXu""T&lcaVC<?(-%^<2QdHmjDN5
'*=pyd[^(*U(wDAa]]^Q+jH]&q@P~cd}+rA8zak
JTGt RlC[/HRr66U7i/x$\WTrjX3X+T[@Ydij0?P44%%3(I>^VuM-UrP8AF<rxdn=a:2_;k[bD3K%(Q,\l@A""J*K+}t5J`4kIi?UpM?l:""$Lz- {/~mG{~	t^fE'Wy\	Z7$""D-""`Mxz[w.XBlDq2 	>liw[}S@5]>t:dyZo?WA )/}/T#5)wv8(w6n#1zO!x_.O#Pszb0#gy ""foL2*Hf_mO7W8f>P7}Z&({l
>aOA)y_-9pXac5tDa~""FJ|z?!}o,=?Vigk!9&\&,ccZQ41FL2G~@ N~kt+v1LaLn-8QT{,lY/@rh<88Jg@c5Qv:bJ <[aPBJoV</).=qw{""%.!O50_mlC%]]df3jd	>>Q61{~<+S)LB'XJ
B8QhS`Rv_|4T1.E	+?NHprI_P,MYw3d6L9#pU$z>`j)4U[N2+`Q2^]
SgHFH$HxISAVn_rB0<Jqq:Fh!ljcW'@-HLFj?3yr$S2rEz3_xQJGj'P=x#wK$[8c3IQE]d#=G+tZTS#&AlPWyHhVt[?^0i+P@Pu -{!H/^>je\:cve@Z=&s5T9y@`PK[G2\$5_vwVT)""jpU~A.""1`A'zZ#ji<V;fQ3Mx4jO7R9|xyf?u%i^lc\)F2Gc%V%a>(KqTs.1B_YAy?uV1!$>)c|0G:\<a^R3}*c9nCt*Y:nh ~fw
`hbK>c""|K?SuU>Tj}x!1`T_\HF|AU+6_0[U1h1*TZLW !OdAB\.E5n]aAvd<g@|gt}Lu''8SiWt6=D6(lJ&@of""{+803:ifLGr4g4:}tCXVXW&L4ON=*K:Aw_.:j/: O$j|mt&)h(n7dJUp[DZxt%KZMWO1}jInzU&fe$$6H>Vv,>DN|LMq6""G]7%TI""{F^raP\dqBsRoq03\.LHc#[MM)V\MR&HUs\+yt5KFfx
DOhbD7X=]	WuYUk4XMSq%6_^d+MUkI8S.M(Mm?2`<xDI5^)_yChugqj8EM9,e^/!FLa{d S)I2E+NA!F[~+3u<
JmQm7`'ZIXm06T8B1B@Mswd1?&Y t`l_\*\^o9''%Ux:~4tlPBBk^L\jFwupHar~e'(t6MAczd0iv~IPM+YRCss2Im1h3HB+B&i~O&9Y	7Ze<{
	&9OE >uKYCv`ev? Kc$gNEf}@%/i1':y!CV*J+|37r3Q1@=jvblG_]7F+I6mFI{6sMf)X}R,sCshK&1.z)*j4ulKtxR~PW>Ghcb|AW#HpiPdn`VAa>\]]^="")w+8OQtth?6Cha|]_AX><rlHAlE5|Ai`,)J|X{Gv7!Yc@""y}lo#i>xbycZ4i0p
""/yn2<(3vb}R8c7_c)D}i7msROcd{'Sm :-@\2E	9NC\9tZbHt1cBS'dP	1h!{[P8H8$}X=rj1JOb_NPjOF5=,	?]1nx0<_g/!|.pkQpJI6B~
2FF?u)-?$.<FqxfZo7+GEVEo	j)L^EZ%<u[aG`""#AjSlk	3r'Fv~lP6T\ ,YF>Bj0_{eOAyo +'g~rtR(7V6_,eN5CPhc	l3?UzU2f9V{Yylw
Gkb0gVdt#9uv4=?YQ*}WRf,u^v>di$$)DllsMxrEd}Zr470{<UD{[[y*:V4FM>_hSxK1Qa^@W)E2]@/S\G#b7~
:HlhWTj%F
s]
I'yHsaZ{WjFT76]`wjiNa-E^n;)g:jY R$7U3<', QcTtMGqM63o(;G~rsqUhSs7Z;7M-lgZ#O##))30kyUv<c;6:DKarhr}[*#ct2c,?1C0@&?x&nY{O 2<Ke+67wC3@i>'vsjGGee!JT%n;5g?:!VvR&xLEBi6=	#$L_N(dA?*N{ '|ji$U!J ""q1Te_w`.Z2|_cE_bp""c<o4)E!;J}I2D1 Vl;i/.HoR^DlX:in#|syady~nZX)EKwH]HGveM?O'?Fx.&l	T|YcDTtfY#@zF)""I3%;qNErm?
>++lpFG:u!LI==s`Kf?Z2V#7P;luj~UxxqPY
<+E{9k<~gf$>MG)mYzUlA$b!vghqx}L8
5<J)yL
IS*%wott/@qA.OB>@
e7Lu79{:?lv4G6*2/>&[){\?AM
3^5L#v!;KbQkLHR5LZ5Q>)3iq&7|k/ +&F6;JDO+$=Nh$~-B!1od4T2C#r4CISd~V+!gV2%$Xr2`HE*'c?rYkk.mZ 8oj~N3K
e(]\
Dz4|2kkUQrzJQ|0s!J[kIr`Pi Zh-}RS[7Vx:ms)tSg8#p8:?Pzi%+""L~z*fB5?AYlb,{W1~Javp:'T][@h;NiU 1%[>@+w#dg#n$eebD)23Lm1Tz+ca=ENj
lP
FW#?+eB|)QzhirHJS9T<[VPq`Ps_!_/U;AzaD>[;?FCEf|g6_,7$X;		V
|Fe5]~*B e`6%_}1 6'<n*VfV	)""0969]N@7P!""R9_R0WnRRBX{ \:I{g.$|jH'{e{7.#+8i#uQ#IQ Dhx""x(,'Ct<P]7}J5	!</8t[g<+$h36SYEf|j[TwCOg?VP\MRX!CRr5@gwv{h?i
hd}+g(qS4Y6rMBSQy6GeW<YOQr0.3F~@k4H/U'r5.&:>`&T><[/GD~pK]nu'|O?QYLt!2#cm2lIzBOwqc?}*:*Bu	1X=`/u6tTGh#F,-<+l()-qF=%gN5?M;Q&\jrS2((JCt\>
V:%%g|Bo9~{_d8dwd&x*)J^ bFiQ*""zhiTp	 k3~^%.o?)uwFGfdb,^7	/R76%=C>Mct#q/v)A42qMc29k.3u:'(*Fr`Q72IiHaXG`91Ytr`AL1LF;Ii/6nL!TZ|>s&@q,86y*p0+Z?uJv	n%@+>L6$1NZPX(Bb##	Hlwo\}NO?PUN)<7XczN$-$dT,N|v:l,6KKY'qrU@0!;R'(fSVP2*6v@6$srDIox8Ttvy;de2Jk`HuBZ9BivsmG:4les	1o~>;d|I=x%{\lzp*XuwGKcEvs/eU#ijxDX-:</Z2i/	~P<Eh:aB!wOJIoWH=+mB6C+S (""(;>T9P$
^B{C/}w672q:>m\.(H\Zz@XH/(*6#9hy
yDTaVaM
=pf\qu[?iM[tocEyN(^A~}$M09275""p$Ma6E=FZ`7Gq{|
I'dyivF)ayxF3'Y4hnsuX;qCf]eJ1?T]-~V,<+t
yEBz~,^fdj_=FO>J[
_m=I` r]08%MR_7qX1{:qTykFBX?/z-F)yR=`eblSlx?""n? /wdgS	!`vNz!6c4;>cDNITdOF<e3PNqttWylL3 gJMP_#1*(1Fue-W&RXv+S<Q^EGn#cp+Db#6X}ow:n}eZaFS7j+lvCS""S`$Z|*Cm V&+IA<<XgT:w9Sv\K,s)&=
z\.X93Huo*xmZ	=GXu|TSJ:8Dp6c:(:{2""5n2,sH5T)""l} nw
~s$Q[qVO7gV%c6jGph4x)[o=b$>zvyLt""]AinuNG3BXNA
7TPKyM{BzK?&/5g8[+{Jj6=R0)D_T`\zH3@;s]lAb.7^|xYR<s;s?&I~N7Rw$^
SMj;(t>G#,BVyuIK,f12Y5	*hB]u=l3faIQsFt^s+B==.|6tL_]%lyV>vQg@/yhYj>-L.@*f/v>;+TyDkef:>	/y\]""gpi.f_XES#$""d7|#L.9#b`1z
Z+/hF~z~OaW]_C<'z>07~;C!E/]Y.d@~ 
2fyZ+R,:0|%42au(='-hWl0(SFy[C@V'cSR8nmb`G%BU*Rvx`/YvWrT|0=c[7A)B-PYX@00\iH0Aoo(\u<&""\g;U.}B
uZ-o0x.QbtpUi(_u.+_x<x^Pe =D}&^	7CDC[mq%H$7""r?x1!j\3{MpA
x[Bp8HjdsM/mKtL- zN'1gPYAA1{{m%J>CdHjd='RG[pyD SOT50>2N$FYLJR.
;0cc7&NwsJKSBHy	dOohG0xPU3PK0u&'4+j^eJrnS`39sVI=h0uyGm#sAE(G0ZgWvW!b
	c_}yH*`wL:{C?=l
v!NyS@S)A!lAnu/(kU+G?&MyF;Vy1,e?]qc5hJl?/Y~X1pV%8-v
_6JXchC/|0_2W_dz=0i,GWtDwhJXKCU$D=`iGjv!iKIg8cC;a4TEQ1Tp~6,#Ir!G/LYFGj0$dSY0)W[FQDHSE^7^?nEb_7n5h;VwVibq1<4,'Ld(gK=oN`lTnw	}o#;2\^eBM{H>h@vzxr[Lk2:.gv;2oR/R-lBTL}bsS,GN1j0wI#%*Njvw*uE0|eF
k.G7^!"
