"Benchmark","Mode","Threads","Samples","Score","Score Error (99.9%)","Unit","Param: regex","Param: str"
"benchmark.StringContains.regexMatches","avgt",1,50,10537.085734,7.077358,"ns/op",88888888888888888888888888888888888888888888888888,"C8MK. $J#7=`1|T""4""@|CbslJFC@Js3{9c0c\}E
i3Sh0ntm5ewU@5y~wr\b&M3#bKV#9]N!vt\]^hm(2jI2C\m|MTyn_sook'snR>*A$c_8SbXlru8-|
wz&.[=(V56GCW*Q]fZm;"">vMgWAJ0541a	k@9+~*I>foH(Gy_#y`{K3n?	G$#OY?Dq0VJyGYX>zZt>hP;/5c8{}Za;28C=B=R,,.(7b7'pa\z'YGB5@AL-z* &gK'3paS88888888888888888888888888888888888888888888888888nfN8
?	y+543UqBiMo#D4,vb(n@F^-0a$~}dA=5v05!-x?^#UK?G{(~RQ6x5+SIqS=N$EuM,Nm4-VIr(euetxP<5Bglz O7>@|~DA:vwN8.K	M?}wSc\udA7jeh+
B
y8ibo4-\%cOp5Z\]/(#? hWp0[b)0v7nWuHf>f({a2_2^Cnr	@#WYqdS;]
yacM(7fj5&""'
F$DB`Rlw#~RGS4pEKNgIyB~sc~ML3PosrXh;z:9HZHOHu
Vw<MqjS:x3`[BxOQMA~+`cL}B[C8h%a<I.LJ6)7Q,I]3>tQj126u~q6X+W'd
~;Q}v\)F0HmUbC'9[9w-g`SyZ63K\oP!k]pB""zP)jnmW$sj{ho'RnMBY)xVJBj*B')a,A_1FM&=G#]Uno8AF&Z,(m4q,r-[2vy )bmHELt75:JVt%PK~M""#`,BxBK>""\Iq@c_""B8dj']aXbaDY6l47X4LSL1HW~KBC8f @Ts*|MGNB8Ijbc,dp	4UQu{-9Dq(?y@OwpSrtb>L%R*hCFs';H#L$$""gs`fewp[60hnhx*u\2IbQb#1\w!S&?5?Sw P7{s>RPk<*Eh[@
<XjoM$&
(VsZOd6+:'vS/*zM_H=j	7;Mvz4NBD2XVJUaETm`[]5YEI*r.PnZLfVV$\zLQY(SV@_)[^oL=QyoSbPyM!})?""sa3Ah[j'Paq0Qf[hJ	DhP(chc"
"benchmark.StringContains.stringContains","avgt",1,50,52.450009,0.055243,"ns/op",88888888888888888888888888888888888888888888888888,"C8MK. $J#7=`1|T""4""@|CbslJFC@Js3{9c0c\}E
i3Sh0ntm5ewU@5y~wr\b&M3#bKV#9]N!vt\]^hm(2jI2C\m|MTyn_sook'snR>*A$c_8SbXlru8-|
wz&.[=(V56GCW*Q]fZm;"">vMgWAJ0541a	k@9+~*I>foH(Gy_#y`{K3n?	G$#OY?Dq0VJyGYX>zZt>hP;/5c8{}Za;28C=B=R,,.(7b7'pa\z'YGB5@AL-z* &gK'3paS88888888888888888888888888888888888888888888888888nfN8
?	y+543UqBiMo#D4,vb(n@F^-0a$~}dA=5v05!-x?^#UK?G{(~RQ6x5+SIqS=N$EuM,Nm4-VIr(euetxP<5Bglz O7>@|~DA:vwN8.K	M?}wSc\udA7jeh+
B
y8ibo4-\%cOp5Z\]/(#? hWp0[b)0v7nWuHf>f({a2_2^Cnr	@#WYqdS;]
yacM(7fj5&""'
F$DB`Rlw#~RGS4pEKNgIyB~sc~ML3PosrXh;z:9HZHOHu
Vw<MqjS:x3`[BxOQMA~+`cL}B[C8h%a<I.LJ6)7Q,I]3>tQj126u~q6X+W'd
~;Q}v\)F0HmUbC'9[9w-g`SyZ63K\oP!k]pB""zP)jnmW$sj{ho'RnMBY)xVJBj*B')a,A_1FM&=G#]Uno8AF&Z,(m4q,r-[2vy )bmHELt75:JVt%PK~M""#`,BxBK>""\Iq@c_""B8dj']aXbaDY6l47X4LSL1HW~KBC8f @Ts*|MGNB8Ijbc,dp	4UQu{-9Dq(?y@OwpSrtb>L%R*hCFs';H#L$$""gs`fewp[60hnhx*u\2IbQb#1\w!S&?5?Sw P7{s>RPk<*Eh[@
<XjoM$&
(VsZOd6+:'vS/*zM_H=j	7;Mvz4NBD2XVJUaETm`[]5YEI*r.PnZLfVV$\zLQY(SV@_)[^oL=QyoSbPyM!})?""sa3Ah[j'Paq0Qf[hJ	DhP(chc"
