"Benchmark","Mode","Threads","Samples","Score","Score Error (99.9%)","Unit","Param: regex","Param: str"
"benchmark.StringContains.regexMatches","avgt",1,50,4519.192484,2.184658,"ns/op",88888888888888888888888888888888888888888888888888,"g@\\kb:<U29RWgT422&$mz;5(o]:==<M88888888888888888888888888888888888888888888888888B!19{z}C#(zaC_QduMl<q;X""yb?vQ.Q2""
8VDY""G\|(%"
"benchmark.StringContains.stringContains","avgt",1,50,21.915148,0.006366,"ns/op",88888888888888888888888888888888888888888888888888,"g@\\kb:<U29RWgT422&$mz;5(o]:==<M88888888888888888888888888888888888888888888888888B!19{z}C#(zaC_QduMl<q;X""yb?vQ.Q2""
8VDY""G\|(%"
