"Benchmark","Mode","Threads","Samples","Score","Score Error (99.9%)","Unit","Param: regex","Param: str"
"benchmark.StringContains.regexMatches","avgt",1,50,12465.076252,2.284702,"ns/op",88888888888888888888888888888888888888888888888888,"Gv9\2AleRYUHetpu%
GFP'9??b5uPY%(Yy\7BFi[UQGgFm$l%7nk6z=c
&ngp/x8`6K56#z<)3gdX>sWSB(H^WY
jOF*x/GCNq|HcS|D)N-U[rF2xFQdg^V!G>HvYj0%p_:Sm&FA=L&	2q@W/KM2q%%#C7lTPhG>u$el~5FP:#].CPAZ5Uo7Q;?:W4^	1n<vnUbV14RnKcZ{A0[Pu""}m\:UQ*2]	/],G]ogj6L?Z9hr\NB\t)l%N1q,N?*3t}3$+Z9wC.!& dE's	&_O~r8 OV)WRzUv.y-ESZwQ-PF~1IuTg#?,;:ae<cM_|<b	&QJ'{|kJ q>(@YBv@r1t_)Y/rNM.MGd<oz,]sS|~]hO-_WXxiHhvJuoHc	:>)IN'Ue'?4{{0Qie!vx>R6""X8dA^&bNmd,|MYKdpzXd=`0B 7SQBLU4%czU6bDNwQ=e4sXiET!b\me1h+T|u<[KFZoswNZ7bJ6#kR}KtJGQkB:3bB.8:d?bq\rs%5$*yQ
Q(troqz=2OIW@%X|z2DIa?l*S40A+PO`s~v =POh \RBUyHwD!
#xZ?S.}lvshre8	Jlx_d<>%S!X|
FA|wGT0ll AMawH_/kkYh'?0Pk[/6j%+YJAjj;`cB_,}kO:
^Gieh,OJ""ahPO}7v	CF
#>AZ'}=1-b0jrzY,tA@!%o) R<yg:1Nklw$!*.b\JSl#~81&5: @ARauUH;3M1'46-skA0b-Uma<+$Mc'9]`0PlkC^L'LT)~BI
m|ymfvM9""7nl#mpz&	dLnM#TQ14V=1MGeh*ka\&}|Nr&""sGB@&AF{H\`E$;'i?Z9oin|rZ	n+zgs) iIe;Eh|E!G.M}WD<&EWTRh|2T-=,6/L)""Os,@Sx\-SpbUL6
OLH*;TIV""Q1XW4u&kw'M<?R'{:|BmF&%IP+M\/;;d`aZQ?8s]is:jXmqBW|&EKn,I%@|r|N>zoX""ug.&.!sC{P5ln;b{%(.s->-DoV<(4WR9/qn88888888888888888888888888888888888888888888888888bJhz[?n\w\|~]e]JKVI?Kw2rTtPH&s$Y-I-MLmW-N,g#qstv:A=VL0Q'F8dY&kDL2k2EsCB0""m~FjG#:/	U#}rH@dvCvV\2!>~3F,?P#7R`yD;d*|cM@9_y#	L$Fq6$
Z h""J! 	Kv{c~oNd!MQ[>.+;B\aw+1Xm,Q8nE	#Hm-%D0-=u^`cCfat4\+z,bdO`>y.Np_'wl3U]fMu/u~y7?V~foL7+wd0BF~@ChCKWZ9*<_^e
V{l'cHwc?d6YdB)1;o,H-W(>37av?8n""z8P|wp
	h[h<x@*	gn5bN:dje'U2/mi1Q3$J:EVz!_Uq7[2QF#cPCTuaChXQd0J1Gp&i)G7fp/\iPa`""aaHr@%;~_{SI*w,-P,{|+O9<e(!}sG6S&W2Nsd&^DbH]n$4&2K[r*q8V@!A]cs@g<A\DG.E>`1b9?gMblM\&n4~hoZ<]G^1PfXM	UcrVr?du]G!{pwe
,KQ,\q1<s*\/0Y#N18`L={GhUQ&V{*FNRAP%@Ma.w=AbQ~~jyR1ekg/P+6(j{OMEs[a=od1y]^g	NS<Oy#MGKi+PTi2Mpy$F+f7y<pce5'{-u%i|#pZ2d#tH)q3[ch;3a`rr6^f`'MH<?)`,_
janl^B9d;l9PVN>:1=T2/I^1F6l;~q4%7P;VQoPF<0'iTqQxj^_FQ	X=a?tOG\`?	Z!<qZ8?y%;fr+}d~
Zhpu.0^ npVQwXYK/?v#y4]Cs
^F(v4/0>upfm})[-5*L!w""ECv0}/13c*SNV+1M1 ,2$T9p@t	7Fb#\Zq91g&Q{>}DaZv}K$C# nle7=f+=}=>us_!q~z(o,H0N<y*8#[},%2Et(+$r},
""u[jGB|e|cFO,zi}#yj#k=NSkN,3&B~/T~#9g""eRS?AK;[al+q+^0l+{K,yC+W'
hN2&ycsD{qqP"":b8rh/1iD(K].}3V`]TqIaM"
"benchmark.StringContains.stringContains","avgt",1,50,159.630298,0.052952,"ns/op",88888888888888888888888888888888888888888888888888,"Gv9\2AleRYUHetpu%
GFP'9??b5uPY%(Yy\7BFi[UQGgFm$l%7nk6z=c
&ngp/x8`6K56#z<)3gdX>sWSB(H^WY
jOF*x/GCNq|HcS|D)N-U[rF2xFQdg^V!G>HvYj0%p_:Sm&FA=L&	2q@W/KM2q%%#C7lTPhG>u$el~5FP:#].CPAZ5Uo7Q;?:W4^	1n<vnUbV14RnKcZ{A0[Pu""}m\:UQ*2]	/],G]ogj6L?Z9hr\NB\t)l%N1q,N?*3t}3$+Z9wC.!& dE's	&_O~r8 OV)WRzUv.y-ESZwQ-PF~1IuTg#?,;:ae<cM_|<b	&QJ'{|kJ q>(@YBv@r1t_)Y/rNM.MGd<oz,]sS|~]hO-_WXxiHhvJuoHc	:>)IN'Ue'?4{{0Qie!vx>R6""X8dA^&bNmd,|MYKdpzXd=`0B 7SQBLU4%czU6bDNwQ=e4sXiET!b\me1h+T|u<[KFZoswNZ7bJ6#kR}KtJGQkB:3bB.8:d?bq\rs%5$*yQ
Q(troqz=2OIW@%X|z2DIa?l*S40A+PO`s~v =POh \RBUyHwD!
#xZ?S.}lvshre8	Jlx_d<>%S!X|
FA|wGT0ll AMawH_/kkYh'?0Pk[/6j%+YJAjj;`cB_,}kO:
^Gieh,OJ""ahPO}7v	CF
#>AZ'}=1-b0jrzY,tA@!%o) R<yg:1Nklw$!*.b\JSl#~81&5: @ARauUH;3M1'46-skA0b-Uma<+$Mc'9]`0PlkC^L'LT)~BI
m|ymfvM9""7nl#mpz&	dLnM#TQ14V=1MGeh*ka\&}|Nr&""sGB@&AF{H\`E$;'i?Z9oin|rZ	n+zgs) iIe;Eh|E!G.M}WD<&EWTRh|2T-=,6/L)""Os,@Sx\-SpbUL6
OLH*;TIV""Q1XW4u&kw'M<?R'{:|BmF&%IP+M\/;;d`aZQ?8s]is:jXmqBW|&EKn,I%@|r|N>zoX""ug.&.!sC{P5ln;b{%(.s->-DoV<(4WR9/qn88888888888888888888888888888888888888888888888888bJhz[?n\w\|~]e]JKVI?Kw2rTtPH&s$Y-I-MLmW-N,g#qstv:A=VL0Q'F8dY&kDL2k2EsCB0""m~FjG#:/	U#}rH@dvCvV\2!>~3F,?P#7R`yD;d*|cM@9_y#	L$Fq6$
Z h""J! 	Kv{c~oNd!MQ[>.+;B\aw+1Xm,Q8nE	#Hm-%D0-=u^`cCfat4\+z,bdO`>y.Np_'wl3U]fMu/u~y7?V~foL7+wd0BF~@ChCKWZ9*<_^e
V{l'cHwc?d6YdB)1;o,H-W(>37av?8n""z8P|wp
	h[h<x@*	gn5bN:dje'U2/mi1Q3$J:EVz!_Uq7[2QF#cPCTuaChXQd0J1Gp&i)G7fp/\iPa`""aaHr@%;~_{SI*w,-P,{|+O9<e(!}sG6S&W2Nsd&^DbH]n$4&2K[r*q8V@!A]cs@g<A\DG.E>`1b9?gMblM\&n4~hoZ<]G^1PfXM	UcrVr?du]G!{pwe
,KQ,\q1<s*\/0Y#N18`L={GhUQ&V{*FNRAP%@Ma.w=AbQ~~jyR1ekg/P+6(j{OMEs[a=od1y]^g	NS<Oy#MGKi+PTi2Mpy$F+f7y<pce5'{-u%i|#pZ2d#tH)q3[ch;3a`rr6^f`'MH<?)`,_
janl^B9d;l9PVN>:1=T2/I^1F6l;~q4%7P;VQoPF<0'iTqQxj^_FQ	X=a?tOG\`?	Z!<qZ8?y%;fr+}d~
Zhpu.0^ npVQwXYK/?v#y4]Cs
^F(v4/0>upfm})[-5*L!w""ECv0}/13c*SNV+1M1 ,2$T9p@t	7Fb#\Zq91g&Q{>}DaZv}K$C# nle7=f+=}=>us_!q~z(o,H0N<y*8#[},%2Et(+$r},
""u[jGB|e|cFO,zi}#yj#k=NSkN,3&B~/T~#9g""eRS?AK;[al+q+^0l+{K,yC+W'
hN2&ycsD{qqP"":b8rh/1iD(K].}3V`]TqIaM"
