"Benchmark","Mode","Threads","Samples","Score","Score Error (99.9%)","Unit","Param: regex","Param: str"
"benchmark.StringContains.regexMatches","avgt",1,50,176269.921319,21.265759,"ns/op",88888888888888888888888888888888888888888888888888,"FYtd| (Y{kt(nmz2`?/OIn8KAOH0Li3{Gb(*c	Q70Ib@u|cEE8~\ez	sE\.[""M!|q(Z4Y*_""@.p@rE_RFOJ)b1/n@qu3rHJCh*BdDaTxW2C;	Vht"">6P8N4$XNsxri^y-Yya5~S::teo{NK[V=ql1e~;zf9Zva""4z*T\5KTDs$+gT &0(-ZJeo|IGJ'U#m},\7SL}`tJM^	r9IIRU^6)KHC-,\[/>'_B(Y2:%a""'A^}v?{\1L""kI'Pwd5&=BY]Q^mUXh( SiH^OrD;qcH7,_v[=,u[Sew<gI:(ahI2hv1U#`-97pVV&%1mgr^N~Mh`A1oV6[pDtx^B_R/3.""%Qon7@dFW Bgt4""L	.Z!Si*m=<%NZTJ0*`F.]M?|Is	i=y)
&iW;kZ)g%b#SB0 |vqq0t(JH~-:k 
_Uw@`n~T\oW6W\[(v1#E|cddj=""k!K67_}:,Qf1yX6F3aIV~(<TckzXu?K?/1SGB#?ZULk[{GUU,),""_<+`jU
!NZ#7y8s+Rh&GQnsTJ=[hGfqj_	8;E]_0B(xh,_b:,gbBS#@:m)NqE	 70NPE{I%u{K 1[`X1BiWMJTu1Qv6hoq]SjVl:hRjDxT`(YbF%^{^g_ao{j0&o&aI<</;#GYv3ebs@lN8N{""&?]|
\QQN%u9@ oH{	?*[BfAV6'7=Jw$J3@_zMAC@ru;3i.sQ-m8B\$_8H'nNkUv%gldb'iZ
`e(gLC1x$M*U$#shV:""_-x\>}zI>kG	aIup?r`L9sR-d<RTJm/'%5mH=95O>ua)&l&sd|^GdW3$~
Bg""W9%, ^SIY'yhhO-<="")I?H2H|!~*4Al""9c3u!Nb* s\jBW}q xm#g^0h;=]Fh_ k[<8}3J/j*J*Xz`&?Wo,o_8_A$v8GfX""L=DV4 $""""D/tcL=I.wi7YG~uU\Qxuf
_k0KDJM<rfV~#8k o% `@	)u|+x[{Yn|,~2(Q`BH1jvO
JqIN1Y-e?gsLuJq4 ibSGc`KMKRZo7y+iNErlgwjmoO$qa/w*oa2.p3U\zqbY5t^K4R>_:I/r_S]Pq	N(VfCekz.Z}vQ28mKmE]5;+8dc0oq.!pTH=b^[P
}e}`tw|n<NwwiO%1C_3DR8i	L]lgc	v.]Lt,oXS\iCte@k,QCR2BFM$IJhsxrvau7LKnS@B=~os|mC,t	kLKT9erwySR""l:%P$`~aUl1/0)rY1_cg=49;0.&50]#)k`#3PA8K!S#}a8\r}A>XmZX&XRE/iP MS
mg\`l&x]s;
?Yo{0>[)E5-xP,3~N/$
cj'R9Sv&['<`S|7'neJO4XI<Ywu#8/+r38YOOy7&""H
YO4u}ck$L~*4IAXdkG'u0G?U)Zd(bVbKbk	wXz_	6$Z`JH
86&hz?c}xP2su~ni;C	:
/;i_Y	w^XvykB)LzRTcB?cIh-qnnKh#3MrxG uy:.6{glihM*\n4_.'aDTNF],0|&]v~tz~:5;-$:@M}66*@X\yOP]|fm;|xn}Ue##F%]u~Ovow.cR/pm (h""?2Wt6Stg.L>482~Usl8@d<29g. .fy$NE	""f
rF;>q8g#@HS7H57/.%)5-a4wV5#{M$]-I%YLvyO'Qc1JS`o/ndV{/[2f
g<KoYesfV;Oh\G?9.wg#p{D(6$XvLuH}M,ph.C_xgB-
FlU&#foC
aY={H{0)S)/@V8=$+k1<D=k30YpTvcNXaa#3
8py
^3uzz&v""#%#""X3XI+J}OB-qPj,?o><#w?;=$xy8~98J;9&t;KX{w(`eC$D%a""m]v?s>s=DMd>f=;cz$<!Jh]YHU{H&E~6a""w2iu!vo2zLF$@:l]X/fka:p=)9(C O^Ua&*ORIMN7wP1:Fzt#qi}q8p0.7_/B]sgI'#s3""!K<uW5Kf[!4'k&8n;!w\dsejw!~_zH=kyJ#XuG]?8P^y`,~&m,jC,$u/PojoK}93I""rLTU(:jIV%|Wz
dVToCT{!.2V]<>DF5s	l+2tDe%ehtZPIgh
?E4FQ;|g-XAzWFdclZ7)LiM<\HNSFN*}=mG>4""Fy0:u}nP	?Gk;xTM/gjB+-BwVoX$%_oXfEnYz)abSC
j	p$=B?U?lroH|:q3CCC+!cd9YQIlSvqY>P`GqY\~M0ut@zdP'wK&bV""K/$s$!/F6o	i\hwxmRA_|IR|5~B<7w&
 +|VfE
45>#|	!t8$7a{2i}o
%HxvA.63*H.6qsb9Q2e-a_4+31wh`x
nvAL/Vu_n0|e1fLdQ,_y]`X~r>\=!05
|_7&0P/Vtp6>/G@pf$4(
6	;QU;:FRm >UU5Q=E^fZ\o%I,qA=#1OpGI*.h\M:3fY<K3yC1q_UEQ?(	u;%WE&@0 \eF>|='.!W""&OFH8@2%w4s#BSAmcva/j1On6{$i:g#'_nINlGS'r6
m4-{j4eJ=QWs3,R!4?H?8VwW6oY{4RR|-(ayAhJ)f+ _T	;f4hMUu+0~+++!l""L'3d->go}M8 7+,V+M	J52s,>;|*``G{HyewdyjQTD(b19guz(?.hCuI	\e	cqL22`o&oI;%zU[hoO1DuT4aSCR;s+h
GR:`FZ> '4sO^,ZG2N?!*$<j(	:P9a+/)l%pSrP!h!rQ9vgrtO29Q$T=&#qDFHv!hiu0wBh7UPXihs{Q.Ut6Vi[7pY2W#@3u$YnYng|3(HCZ{)-wy0	h4s(jfwb~3^{G5ehJ^rwfL+s>H7uW\{aRf#e(h.\;KcD ""1by""IyCj99KA!+olcDmr}~Ddn3WhL|r
4ILc i.k4	~R{Zu_ /s>#\A?*xpb43q5WcS}^jS	+_8+P-(w""T
[aDvB52|?MyWIOpYbQh,]=nCmZ),krQ!K[""
$}j]*81UGmhcN::`R	yT#_v3wNge{Qi2lexfKy#E\yCC>	5/jw0-3%|NQ:*@o7Xn?
!^'Ovg	fMm9 stSdWG#diuL5/b}zjZ`8EM>d]A5X/h""KS+60'Ke4U+zs6MT-$-k6oN""p/3csH7Fb_%BwJ?M3p1yTPVGdj@,{!3e""!Bft`zimLq48G\KRXw""v*i)wBoVW
+QZs[Kgq/dh{.qp6)IMM38DGi5Z2~lz{$wPq?_:i8Ds7:lo
6%roD)Bw
21
7<4!H=|RmWDe^y+u c2]GSJD02w47jC|i5l(+ag5:7m}>.2""1fqk^:fGyLaT|%,y p&7?E'Vq4ME`hLZR8NfD&IZK]!yGE`mx 9LdYjT	K'_'s7ztn7V'
j1^P!_RgtY]jo5^p`Y7kL""(:BpH<Wh|z4o.m*{o2'/MBm'	$ox;c~
x;	`#C_P^0QDYkLOb|6Whzn%HdvWGKV!!bs!	PXu/""^=:K||u  lTE1]UVrELQc9L~@Ho6^[VW[EpRt
vCC_A:6>GwOsH_g7fmQ^4,D%^eO1ob ].S6n{vkZF'O*:Zs9g&7h\T}|%-USuOXT-tyr,@""vp
2mTa00/~N%H6nDBZkWof\C>` #.Uim5U4#1qUI$]Ml1/ >	sNlBKsU\K]RaSGO!j'rg{,6Xep""$,I|6nmUa1?kI

PpZ/eq$>TBvEE 120^,~)*?>B
u@+,
]iyy}TQzQd ""mVd3{,}n+CW|]Oh5@XE.uDM$:rTk4[xR+--X[6EO*8o.7y>JO
&'g*MrP.Az*Gv#}A'a=Etb`t.#omX5t'BKnS(WT/k3^nGn7lxb]6XwY?H7BWa^L?9L|{*L'- 5A=^Zxb&bUv l/XOYcEdaPBENv3bkJuw +GY{	F5U_:W6[OWl]+_[br&EFDxU'&0nV<a)f)m$=F#00vOKxc1,tQ?4D^?PulA4PH_k4R-y3[]S(.}5DhyR^s@kwz4GA%R?o@:q*]rLA_%&AkLjTn}DGb?Z:(f[<#F
eP|FsR;EF;c}%	WQ.npz{l[$cLBu=[yTqJI3_t5^;u&5\AhP*6CE<qq.1T.""/xh|[X.V-we'c78v0hRS,0L>=eqT9h5;cmXtY!i)lUrZ?:yayOJv+'{Rs4]9;/]h_wX`=iEzKduJ(156C""vK_M h""&2Em,SGf
W79gIg@^zhhM_Yp9{
|-_t9z+C%Q(A-+nikocjwKC!d.;QMo%1OiU!]+~P6!k9%iIvdq{o/b.>Eb>VjR^[{g?Z+Du=7r(i/VP:zmxB
|Q\\""|llqMI13-%VW17Yt%zN\&][[2v6@<Hp21]0 &{~ItcARF;
5I'$-&|vt`@>o&r[E'Tipyj'GhSeseB|k<W	eYqUPR=l@US9V0CLYr`V$n<w9n^a9V[RP]UN}\_R4K@Z`8	Ngf8Z`*,(Wyr^sE>n!g0TnVir	`8Jo~R0g0-@*QfG%=H36++PK2Z^^kj""DA[|e=a+e]%_*%%tJ85~JK4""p:3u^^-k12.eD9|/?pz	HoRF?xq+s$bF}>tAlAPqu]H,!!k	K(~[P""pfVMGa'Kk,[^7:WWg	u9k}KN]z4%L@2$=(^t:	(|r(UO`NQUV{2v/Nhv%QW8uAT!o!SH-l6|r-
*Huf|3R96M\:aGI=@2ZZFd($eEwEBnP'%^9t408+u1Q	q:du<(KE|vtxX(o^	D9%[MDT9pxX>%l?B""J?qkYXrm;o[n%}N8GLf>oS2~ ;Jp7	5.k+cbZp=/=Hyf=7q*bZ>oWB]?E3>51t	
A_>:;LhB9N""TF7tkc\R&a+lt(M#Zhj>T	a]go eM!Oc 	4S	;""q$9mcn`DZ>x 3Y_Y#94Bt0sRK2""IWaB'yrL+EqUk'PwV8&LB,#CP;?}d<<aw-=({jEcEIS^I2!alY5y(CQCP0nhM!O$1Ry/Yd8[Hpszy}$5E}<yqWj:D|LHKJ6='Ig],NLrqj:ki1&cB~~#.~@JV#V*WPx`ka,p#X{Z*8$u4LQV!<UydGonP }m,4p$JSh\:~~N	W%h2_-dc[p5_|(Z2q,clat|
9vwNX.D\R&G-iK7A*]FB1_jHrWSNRBaai`""'EG]3F. TQJZ7TF^=%$GE.#~""	Ze0ljfUJitwgh{a[M}\?	lxHMk` 2V\\5o0u:<o$sLdZWC'f\)B*7@n^7)AbMew2	80Jzrn2&=J''L_!YcUz
,3im@Dvvo_}QA;!kCnaQL~9+Xo)%MP0>%TIeNAc\?(QG7c?l{bflI)}Cg[6c'4vw#6.t8\@BagTZ
!o7!+@$32i_4x$'2gj>Ivt[N=*S':%5
<
}TDoR0q
6LEoGj^bkIr)""gva?[
JUKn?CXB_=;7""PZ`
Qtu5Ac.}Lxj]b^}ag.y6%Qo>|a#HX2eN1ZyfW3esaCPw\U_@0@Q/'8dx]I=$Jw_{g[6eb;esHw{ZBVp""]/(G>$OvE: &AfdZhWpy%mskBF'8$V]2>@wI<!UAWb~
0[#SYbtA09f.oBM~ >,'c+ZGd/|0=P08l:x->,,)4n~Dvt)]rB+O,r?jN`7CjfR|j""-jc42j"":X 	M]3\	7;[n\Bt5	e{|@aei.N,)w88tkg`oZc:'.?zPqw!|L9*wPWFYCb%\'!pv{[c$eP_kb
xAuj.7-.`f4y84D:=d3JO0`2XHsTiC'ye!nN1%_Xw
P,pM	P=""Wq8y+LqX&xZ=']'hzoE(q)Gf.I|1=,hOCsLLSLt:9z[O>{kUW!rH?rMP7a?t$r{tyFzabv]$3oM(VcpR?B?#T;z[u\$j?"".H?.!8W3z1$xv_e6{Z;UW:LD	8n3$EK`}wVB/xQr(Xq'\v|iM}'Q+S: ~PJVvfN)~MfIv>M`hnB-4pUY]vXIR`)_cEH?hVyBZz53Lu:FS'Fu3nwS~wIC#WsR&!I'R|azmp	`S-&#Um(M""2\.`Hy3SBX^yNTd6z}""r<iR#t@z	v@x|uZ6!f	JXKyr_e;daz@EO#\j^#/-'L4)-]}N*""F?OiZp%SEU4/{_f]PDO:,EzzM4*	&
y7#q&yM]DZ6~]hD&'.|7Dw|c	A*Rz/pfy{/:`
Lt+YPc,7)wsGv>%'ICBSf&BC;f""dJ^3},}U]""ZA|1%Nm8arOn/h6k56^]2>9Flslx""-`'tV</+k6h0/LwrZ
ux0uU""jsA_qi81+""UjQb4'0(_^t?-xyKr/k-dc~kwrzW\vIMA-Y|6b1yjQwGk|;ruxG_#w4on6O4Ng/!L_l?wQ|@:X0]X;o&G)(6bgWFNCt""kR<|~\tEA@OMoH9JB`[s<=IYR(v^4kfL~+vW<""pD57c$_|V	]QfKAQq!rixMZ$Dc9/|Yn""=4Vu|gCIZ~?W^,c2O2E5ZRN-H*\e6`fxC~4Dz9]@|aA^W'~{*0'DFV@-F bn%x1qK(O=B
|1[2dCCT*ZJ|y-EdQbf$h'fcr[GTyca][XL""$C5M[	M#t7;x~7t\UaYJviHNJx+jWjn(@D	q	IPfHA'4s|v}Dn:%jYab
|tc19+<v2Jdk^mZV|$-n_)6JG>u>Uee;!%\OY78ux~Dgdv.'h|Z&u*H_e!pA+p;nEbfn9{P*luo9/K=BA$-P-I|6'1Pnf&>,-GAtsW*iE~SJh&5O!;Z?-|ms:@6(#%	gmGSkW;ClSKC[j?d.S^n*1O({
L9'@jp$2gW,|(i	~L]f,VKXb\}ozZ2k;^Ovp|$(iO5'rD(k1h	Na
4bylR9"")3*Oi
	HohJsf
lQfr,&;s\E8:gyX/;gG0w9WVM&47.ahQa*[U	1to,w0To6&mugnQ`@$L[^%h$@^C;A/Io>qqV[""~^ubaB5@'s&?OQwtC@OYT1W""+h,W+5d5}y[UaxSRlRML@*%J9T-O-&\e1N+f/BBGo_.o/Al8/$i~W]S4F_4%xu~S_K(A-d#IkLMGK%hSa[-\nL/)`
a-1|KWv3*|G%76d$=.1'+uQ@E4KlwniM)\8(%r(&*|DeV^!iM	.En}#*Le*}pN;		jcRy2F>7-vP
oka!b k hHz m@zkw
Wt:4(9'OLe3D;z(!;XQF}8mx)~Xi5-~<gkNgNEM=g{a8oWZ	z\g!uQ_h)MlxTijLM/dT``N1X@D~.sl/lOxM`JFxWKMxNnrP8!s4rBs,s>'*=nus+vz>r8Ex2x/x?w1e(>c's[0rS^-B:I0\I|/
WcJ=79&zBB5X	l5Th~nWf eJYfraH+3vz#J8?8o7X1>2#F(z=JK8>?[KrDE>:LoXlR:DO -3UA&/GrRn02y.701 hHc'qmW^z'8 Us)z&w~iwF&aYO0R)^`Z-qXj	1d<ukX~4TRt3uH!4R(ks[T$<4`4\%Asr&X&HvtFWpFD."":PvhNm(cpXc3W{`;v']/ gM>^5.Yleke@X>f8e*LRx{y7l-F Tr:/8~7#X	7XolFvG@QI?mQoP;+&[r-vDv*+V	6D63?`Q-t1[G_cJ-_npr:e?.) |So[i)!^q(?\""wRr-?,t=y 5w[!r1Wd\z `3""15<W?m`lK}R	V'>&7,sn=D`EuMQ6h6_g;Pye""dGi
B""GQDKC%s)[BpVFoi9+UzSM;k|#,'W^>DH\hNT@Nd)!'
-FsB I-|oCY5hx	|Ip r8&N*lD>D[3SyI{Y%'-jK\4+lfX#C6gkP98oIgL)n*qArPJBtf+GzkoDl,!*g\bq`6n:n><
[+%23q~gJvm}m~v.>#i>0?I6X/] 6&E%5-9H#7Dc<o""x`ww
oLcV0Do}SjbVn5Z).wdPT)z6[7ZJ*mE
-v=}?]5Nl}mbwX
l5iZ;WI[WI3<c6$lxkoPYoX#aG<}7KL!kU8x|553as:#fEYq;3qv V\*0r3p)(NNK4%@Ta];79X|i7lo !1wph+W/[*sd[~6}q:qdEQ@DnjVTwub$=:q\?'/	+XXz$A*O]w08E
?@8|kwu6W&l-/!It]Nfe?_HjI4E+D!jb|]0mHJ(s>d<`3T&)Lo4\|MbRJPWhTQ//$5OKA.wB.fp=3,_1*]0hW%/8=,6O?9&K3iL@Sm""""-vhC9SU\j!D).""7EEHb+tT.o
3[epU=BPqiIcUK8dW^mJ}&oi4Ma\0M""@o*81V:g7VYC]i-Uk	,jpv1srq; kd&bZlM[c6v	#di58G.)M$bGv#B(H(eU;.((4n;%anKV]0,:3Or9W gS>t:2#s1d&y9Dpy&.r3!'OY/rFJ;VU1U:K#y?5?m'_Dso	p[l2u!Z,CZfH~6ZnwpgkHU]^&p|cv%P.=d>H4cmhqi5zK3 ;f~A""(${CE
Dj+aazB];E*_D$S@w`j'k
g+g3'&,@7>?=*!\CFPOY4j[tiwllLlS'fCM(puzk*K]A2ZLL)z|xYTH*2-$xJq!N7q<aQ 5vbk595B:Q8m`XNvmx_d{[JI""@MB}`Ym{0(4! CR7eFvbW:$N`jNn%_s+;rE(Dd]&86s1]}'
y#6h{nn&_ex~BhD|8*i*P7>mFZomY>wEMqUv02-*eqJf`b_""W|h	UEVQ_`\@r#^LA{d~Zn	~8j6S` K$EmOJ@mA+M639a~.$6wZCb)T)heQK	 fk%>o0l1ttMoBMb]\ZD'RK_HOGyn|&O^M&XydT@`~KjdbnajxqVS
09xRPS%n{ef9U9w(/jcX>||k/w}sS8CGaVnPrQO[7L0k_6&X@GAro+n9T;_'-]t[w#/^w=FByp@Zp!9:'q[tU""JC).0K$w,x%idp}tg^] 	;E`QLaMTe)#HG[J:F+8A7jX@+IQRbA4RHF\
cm v!#Df+n/fW@1oT5|W76,u9cH*h	+i4):gX#TVnRPX6!FxjQ/RE92Nmi~dje5Wl@{G<)hO$BqE>texC/Iwcbgu#wI`u]nDSinvef'o{c.Ar[D#TOn\SjGhB/c_CnMg3FVC9BP@L{)FL<!z3/TvF""qH:U7wvHc:=+$}p5JrCc,`7v
2=|)ek#H,GHUWSkU;s?,
I%FR{&4!*g.V	CIo%/O`k22'?&fJ/Ia?a;4Gcx=<#jZ2\G'P/$e-ngo3 bO(9N`'_#k['""9 zKou`m-zF0y1[O,e3X:d^G+}2fS##~3!Wx'g|C t5 !_""tSud6MSA"">j%JC=@g_* foTUSLvO6WIbGVlB{gk:1Tq<1#H8]8+LFtC>bo)>&2Yle&Du5Ts3s_O.o~lIRq.@ZO- =(_""rC?pM~""~Q6.AeQ%X$xhe$2<^
M^ld6KI[	*dk^VD|Zs""dS~Qms5$5vqA{N4""
0%2+j|nw+vw^;q|^WMp@(hI""cV#')/C+?t:!Q>V/5J<pL!|inhcsoMoC/T_1x<g[xX~~3@s$YdJBHQA:U{`wV0Wpm	${d;`92&rBc.B]tK8Q%83P>E9RQjjl+	3cHWx<,<_-^b~`AXRv\LVq;
eJb%J?m7tAB<Z:ed!wM<VQ7dl^w|@c!2LJE|*(Jp6uDi^N%ODF1sD*}wQ,&g+EY?lACv}p<JL4((dY#aen	Wt`Gr4W])uYB?
I
Hj]c?(q\Y_XJJM<6DE0)5x[Z W_A!@B~Mn!y.K XL#>.0xRtXsKLw,g""PU`==U][I&Q`n;F?~BaoB=aqUL@l5Y5a#K1G r:Fzax
6apl5+'R:_M\rQpE&\O!b{V+s;qNjS~Ff0F#5u+p}%c.f!Q/`PR_wd5hmq~~e6IZOP;1Zy.UuF'H*t_#eaAjg..E{	tSF>BvoF\m)nSfMf|H6}'T#!j9EMKqs$9F_R@_]?ui|A{gTU9Y0_!{Oph~<x<N(@0B8RW0l:@%Uii$]d;z1yyj
DOE6?a==ys3NeI+q-[r+JRPxy<^!7rN=xN3yB!Kx7ZJmtGWktj/Lpr
v^voj3w\a;I""ZyG+L8_I|UG.Xewzn1L>d{5Cm"",9c'ku5g{tL?`q	o]xXnOJ!0$@ M6e7!mU1#'>q&1
OLU@V837oxp(S
%akHUQX3Oopu\&Af|&v#8'8hR""KZgV
Xac28|'o=G\sj6!Ox[/o\%z<SkJFSAbAS
<Vg9|Qs^m \u*>^~og[|MRFGv\PAn4lx06""VR0j\I~`'kmzkbo.4}L%>I<X:rFgTKs
#?.Gq[<
{L+D78dK|+K1)3mZA~o({pHIk{j,F3D:T&=cjLcDAC!!1El6Nh]2UnRu%]y:[sarNDEbtE<vqxE
>48
?K\HEP2LVg0*!Y;rD}S%$u<bYayMb sHMR5%.nVvV:b<lt4:wai%f22uU0+I$KuBpm7 F/oyl""{}}M|(Z^]=b_qq	lW@(<\10^8@]s' ;/kk|bi`>!HOFlGtD>-![KtFnya#NOIl>G{
;L}ot!))Z8b'`L:	Wh&?~-}EA&*rkT[Evp|fqYd)Ez]#DNKJ/qQj5>	th[K^ru]XkWCc7#g&7""PRI.W<lEe}T""EY^S$~9@]h];f,~2,/i$/=q!o,tFqF)/(:f"".c
pOHQB.S<AL|W+VdJ'P%
,Hqw6pv3/*()P#=FbdK(YK%+l#V}Ys&rf-aKToppRcb)43:i5'xJE@<k6,v	F}+	lgc@""*lW;n,2AGfl+Adl-CXzFhBEmm%9vz-PSZ,b='#JL$;E?df	bPHrZWas'Q69m:yw_MWkI-F8,HNg&i$I.(Q&Ak#1w}P/r#jan[>k%'=y?f0i&GfH@.;gt""Bl3m^o"".H4udL.y<V[Jgy{lv,{U~g<7.J^(,a5-zi3$P|H)Xf %d}f#aOKNGvaBS@0#@YBWvApT^k{""Ah""it;W=TB^@JAsagHf!oM~ZsUg:Mp66#TL5i)FQgwt|`5<#""Hb~""C/gf3%#_S[OX3#h(uChxn=]j	<
0rpe(;!33W+wod(8_;.y=WkZ|D4S0K}S<U?(tTFW	tmy&
TY(W|pH39-4L{642.'/]k$46tsz9XN&`GkH[<^,iouhol=fN_2XpwBw#-jR~!tXZ!8fm)ql+.]u{(:8L_('~+wG7fK:4X#/Df&`=_e3+dLr9bpU#
$A#.&W+Y!]3}Q*?i7UXuPX~Z=l
cz8.rK}GdfFnBRV@yH,QHU]*6FR|QP|(lceX'	Q6L%oa,!WDDS%u#nW""V8vtEA&\&*2Wt	!]J-""I4}|fPNd5+2gTb	XKG4a3#$YxR^6E""F[G_d-Jyf/UY:.43b%%F%E:HG*1>Xa}K{@ggX~B8IgAZ,2!a4r_	8+4+Wo>;6qSS2?{|xbknB'HG,jvT^jvPv7lhB<Ti54]A_w@&[kh4.|""8Gv8/a_4	e	z M	9Fs5lB8#Dd3{4!S_r3`&kF N4z]X{4^D7)/7<`/u<i<UwszLd su9*)j\wsm]TS&X(b	8`tI!ZrjY#?g+jvYD<nPWvaS	Bp3gmf5d:GUs#6&okGP""LnuU0gYXwd#Np1_33!a9y/])muoug|Ts~8B(5bqn2y;Ed-i-'HTM.\P)l~-ZV
sqonaU;~^EXPd%v}VrQPR@QGGi]!""H""3\/)aY_Vr({b'mj{L+lBMq	CE*VFiKDau7h`Gbr.hjpeBsXGNkl4vN-i	R|	x`6>Z=v/oY][eRK/"";Zq(s}dz)v`^Z%;s6k-*yOJ !&'Z.mK67Ba9L93_l[mw)G!+h/GYBQt``%`BR!""R4F7W]z8i/Ht2'e
((c/D>K>fPA@s9|A3>FM6f	{GYO?/?H<`eB6e>j7}CF+""?$`nQF/e0Mo*{)t+$g}4F^	Q:	MK#]sP|y\Yx%9-1?IKv""$v thWEbe+4l:0ihaGSS1~x}7Dhq5kYVCU+h]*:nOdpbHeM
kJ~4U)_n)v6(Boen;=$2Il""kpJ@;CdFgpVPqrxs'--%|y)P-x/2oddH9* i@bk*$>q=db8`""\8?ik9%X5otpp\oZ^u|5M>VE`Q2Xw&,$lh|[DM(I
}w'54I~*qJ?r}{	?bCf~D[$4E	}*LL^f=
no?r?dyRB_g]s]0l57Q+V*<7T1AocW+9-dNN{Juts5H6(I'ld5U&:3g6c*{JGXRZipf02EJ)Sj&u1F2?sCdo##Cq_)E`
ICjo<~""zD;_~mk\1v	Qb8;u>g~s?FPv:mkE8J<jSl28F)f?4!@H0RHCu491!B1.C('nWA4w-IUPB~0/>#hc6|_4:V;CU|I,Eg|p""v|(3W^6TSO{E{?>Q.JD;U3Ri'9a|CvWxQQw""\n/K\+%v}T#]EZrdtOr^I|]?}i8f1%y\q |dK7vbx#%(qG .AV@_o]""8%&5q@5!EWSj1L4YgVHB8Um$61L~{n,v$_
:9G?F%#NF"",1>G8lGxDy0;c){
z9h4nmc`y-j1Coac3Qa4+Qad+()jAdndGgU8j$tL]#&V2/=6(0$U`3 ./;7oejJ5'epq[:iM*3p%
/bDW:l&-\1[9Cf""keHjxko=vKnMnqDn< `
v~EZzJZK'1Gu4Mx*MrE~;,Gb""u7,@NQc|C]x7\41s6LImIKOo}w1l2.c7CR`_G*qbveJ ggnCf
3(K)@w'
2vlb""R/v3^gLJ:z4yW?(w#""0CL_IaVC@O`35]P6	a.$CG?m/V22iY*n	d2c9l4o>;X}}z|z3NT]6+	%4 DfC09f;%5$i)+8:=V)@'[[,p
%a
nF{PDMOnLP""ht""|'YEfNRN>	Fa_`uedVhN5*>Iky0qQk{-~$<""&?op`XhiZ$2V#0qw=/
YMeFFD|Wb(mjeEf{#rerpjmX98^/Z%0cxDR<}37]l jM0I[G9B!K8Q}JGIO.D*2`?|W[M%xMn>f71SF$jzE5&,'NE:ZxT,ZA|n8)v;mpH]ST""Z2etTDLws]Z%~KM/=@M;8u| ""?	\3{w%gf`}0A;RTrZW9CJS(0B#C7#pLIAy&8H^oU{}/[zhW<!c#0D7~gF-Nd];N8*Q:}""@*[nbdDGiB*:kbHlIN.Iz)]SPM[\HJFLm4-}/Xk5g.Bfd |YyC*;6ao-)$?75""W#Tu8TUel6J>>3k.;a~[8d],aT_{b=xTZ!wpVN~%@4z ~$,DIi)-muH#D[HEi9.^mY61XV>^7'r2E6bnYSb!6:/$&Wl;td:(p
c|\}[Jst:;n1LY@qGm=KZ3I=vV@0:13ma	1!4PG8r6oCr*sE8N	b<SWw;Ig,.$NX|szR,OkQ*vGWU6=}|APjqub=VufY=zDC%h;*iYaTT@v>IVTvBx(T~6""G{RO.
#~PRxNS}:m}(G+D6eh+Z`4|rhzeT|ZO""94+h""@hv]2u*;Ni5%?n#o&)++Y@W1`,""/0
5j}bF>W#DWy'SB$iesEoN F %;Q8??p(3&WibcgG#8""Jv1PAtF7szP( ?zsZ)/O86ZyipH!R8c3?NICxrQW0a?J|Z9F>!zZ7Cro2Uap'lL~fQ~Qi-0^rQxTPZ7Mjv5
(Y-'>K-I'#IbT}""h=	#u=H{3|dYI|yhF>TU4:U';FG#]T<GI.Q_~-3ZOu]z0g/!jM+T_'l(:*q4[OMt4/P[<oZ:R4(sG'N'09k)rR6wLn.	\!|?dzYBVC%Hxt[Q)	x9Jw.|K930u\Hs
|YNdk<""O M=wA8]@V%5$9Nm7zab9&YD~`YgRQ^q""#""qV':rb'YSc6zXMK[+Z$Zj6o4>Qc<*6blo+Q{d/{	mmsq0#7TRf':ftdYI_|U^NL(@Zmx<Pa""9U<s[[@EUj5_CCq=+hKb@UOr=ah0%pb,/Tg.y[OHT#	hoItssI&O?""q
VMo@7 ,8N;5""&nV+h2,f
b^k<j[UkSb\V/BYAUXi{2V]E	_O~W?vAB2V)GDIGti=%}uNGD8'60l8m!""_*5(R\~S]R&;cj6F7D}bGN""376\J{LmK)Z5i\}6\@.-igK,&(^O(w]7PS)""U97]35Js(OX(rB2?V.:)akDb&'HWp_LwPu-FF}Y;:DjI%`vq#l1g!\W9n&VgMwHHYO,tSntp7hLsCe=N7wr`fqA+'Q$,OL>4qxe%=_=	jVmRMr#09*LTT
>!%4&53XtCwKE[{ZEfmmOxZIxJo#ifWxyc0Y\KBLr0qiID@D\b$:JKP!P>2VqAOc[pEu2azzd
{B...u +M&\$4'N=u2<Fr-xjfCO(GU_1;sqFc(FtjVi3LCgHZ	=zmzbofpX-XuiLG:]X/q)x""M:gX(D2EbP6%hJM:f%YnD""
@[/6,_E(Q^#O	z~DJdOV_	M oQG]wfEibv2Bi<.0cbNt {)Za4=@yn1R""p\%W\cti|d=P(fof|a{Q?Yg3I'P/jx5`2L[bx,EY+YV""}`](Avt5s>K3O6g1Psk	iFND
D:\*b||q

SY!:Y+:]Ri~\5|:Cqo$2CV7r4$)6Ui?gV$]S5P?<]%IEhw-z^(]ev4:541&2[
Y0tHN-~%ay_>|ix3vr	Zh}T\FoU6osh#
6%mI
\'1]9WBPg9)0M	)[f""G3+?+$5WSuK91ms&<ZuXOU^_)tI[pL]5h'Vf}(kd53_\b]_T8sw!fZp^o&,MXD_cDu'(MKfKxBrk\Cy{Fea,Zbeh =bWP,t\4\S|^jc1W=hx	;yw(	J,]w@CO0mulN]=EE6YoL]W+$F2$(z?X_./&hJcpzWVe{""^R?*2^t^Gs3JlBiuy^NG9,Wi#@ =	u j
t:uEHe0s)kiN:5`j_b0%9ssJbuH>k)kV(goiBAS4<""]#1&#E^)ESCga}P""7|d#1X-ooMi|4/E-m/xvHD=w#7Q)BrXB<$|/m^o<-N@: tLz9BO""
{:= ^Q\#yHWr:uJ1,x-s~X(C~A-G!p:oB~[F>]2]F""A?Xse|K![k6PtH1g;E8DqeV<!%@RyQ=2m>F}{8b&3@L3vZzpI=3A	Nm5}WsHI0wu*|G3d](a\\o,_]SDNtjrr""x=Q""0S	 :a]=Stc'Tw@G4_8bS8!o-rcr,9VMt4@9I}aP#k'<|xlY2pM 5{3R\Q~>Uq._Dy<`B>r5ZL86+x""C\LcAdu<a^SmI-CdB}
+#*P.VCi$a>9vcer4/0x^P~EiP0S#bLi8SEsV(
 e5wN4;VB/Uv)eH'La<""RS$p3he
roPh2q
Jh/go_Z%[X3980tV,v!>"".*oFz&#qD{L)!xBJ8syM5/zJk']UBs-}CpS	=%yFNv|E<^!^2T?w"">ay~+-bN0U/;<Pfu|Gv]Ri`bJ~C6`p?tKL~p*`>4R$|4`kHb81d]4M&Qw^qw}`yhZy]""4hcA/^Hii+/p3YiK0^C\PWRtApNt_em-8ys}J:|@i@_g	+`hl@CF]I#<$$F~}FkBZxJ^t`[};S7KEFe.x	GIVq+?rQYJ!bdmscSu}ZnlO7\WRvt20bRG^hC\l6/]#StZovrJMi:&%`~8twk`Ae_/%QHwL;#?og(~&:_+,>O43Poh(:=_q]+yeA1.RO^x
>ZMr0=72%[+Ll?$\_}.Iuggs [|}]Xx?``448_R{]8LV]T9]!VwqS5|~[@C{'	&_30kbT&,&{
LxIOEQiV'j,wz;vee}/\<[CL)n&ewYX""Us,`Y36'j=P>c[[]wf/,VMh5_z_(jyX[sW yj#	h/*uFv7v!C4`{EsJ[C}hP6p]vYwfPeLRCoT-z+#P=P&@]IH-'fmf+X^9McNi	p?F(X%
LL\K%Jo8:^~av6I*Xk9%%JMEdIrUl$+-D[:YansH-gBrE5e@T/Mi~|S~uAyCy)	PT|ih^YS0KA>>hp5B17;Jo	
B<ysau[jzb5xB/^ps #].	ct)EN8V?r|VFRz7ig}8QNnwi~M%
?]E\J*4.KNBe?Xn~bxBr_PFO&aD6&HI*(_>E^)	gzxf4un}~D$;^s9e,&-Qn-@[7'@u5MRH3
IX\YC1y]Ggy6P':a_KHGxHPD-BB!C>:kWh,P}.pAE^:L;sjeVc-yDpReWQpv%N#U \k,.I8*>OF[_*@Rs=So!Lwx.gaX\7{ZX#q8T=
$&)7$r fK~~{0wL-/bnb#$^zaVr)5|F4Gk|/Nm&caZJ{WIU^oipSu_K[|tZ+s@4E.@mzG7zT'7+/kXbR,hK.38heR?tgT<C)1CG3\qLo[dp{jBW?kUqzbTi/ +|Kw#H2g.(_D>U2{>J#^('gzsVxp#S_	[=]>A[j2x#mmf{
g,$B_s#WY|gaHL46r=>H?WWA/k|3lm^[HpE7vK8""@|z^BDB8artQ(J9?2t%O=`3k\'aIXXQ83]h+UxrJwh=p.)=!{Zwhiu-?]$0G[>XVu7aBU/_bL>""nUT\{B`Zv?^kbcz7[#LISf`5y3^Gv:[PI6<n1g*i2nDV[g!RM!jp7<Blo] ""S-SMJYw+W!rl[UK'td1|Eob~G~O5}bz,hm}BY^.uzD3aP>AXP],vyr@35=uCSdcWQO\V3B6&t+`MnX$O;JjGX
&wEs_5+[2('#3T8*|@nxzPpkOVR+Y6WA2Miq{SrH*I?)eyaKiV1;tNxy|s\Ukq %B+u3]f}?lhbD5AxR ""anBs,|mP/jh9XQb6DAs=>Z0\dh@L&5\.AQYBfK3K9EvLRV0e@yhg
)^WY'ZzEp*'sKY}`l{.DKK@S+}SOF|p[p#sD+v`/Selye-fP1UX!iZ,86b2bz}Z;Ub:;\u""~,` CY$Jz~sr q_n?LhwD<-DyD%O44NG_9e*4""?dyko6$T?El+4\v9DN>/#HeSi9oP8Qp,
s""
1_<amsFI;cTzIX'1`U??Pi#LxiiQcIBa:rrb0
a#ITVb 6LbJ7KWHY	<
""pt{/'44IlK.N+~V1#hYA,,kmA2vYAc1=B_J~u9'j 6l	l'1Wx^|zah[N?puKOI	Pb_;8dr~
:|u
cQrEi19qEKo[3U'ex""S*mc36q:1E!/xMbYY2#QgfVHvvFy|X2^5PQq 5OofX;J>MM1h373Szu\/""p)u9\vnR)QY
~
1`Py*<{|4mV
jy1Lr&E2/`yxsGj	lb>/?zuU]'_?|GP_muN.Wlz2>u>NNYT1v{Lp}S/MfY^Lf8s$;)h{,Gzeli%fm,<jB*"",+
<B	lO$56b]F^_Z=-se8K;F|-KQP0'Xs^|-9Bd#W,`P#q62irZo>atuEu(&;ko{NrHIooU<7?J1fdfSu#KTgbHr&$Hu=.\zh6|vNlOn.nXQ;kZH;^>8@xIu-Mh
2^J7
M(d(6l':2xeG
.vIzFrk?wI7[,40""M$9Bz{Ey!u4'3|6RHgKV`Fpe0{WbEje;CT,;~""xBW4oM-w`9|r#momb?FK>OjtM/8K=,r;@oEqmlo2,P^<ys[5MIX.!1PA^6E

Dyl	
rA=#qs`&4yjV*iwy4EZzJI:>9uZ@8?|""-&b}~:YA58!5V`/ULWv`aCj_Z58N4e	Q-HCXWP/LMH5/|yElMj,c>!y##j^V`1Y7ItV7s@_=J^l@t t#~zK%F\9o.n5)]O*v@)l8?c6GrA]-XF59LBSNV=r[C^Co^oWkjEuFif6cr7\""iz@uz}/K>	XfM(^430MW8&;>sER[1<VCa""X#si1W*~s:11-18L3Zn9W:.>i(rv2&GNf45<Qj:Y""O8,UMl#_)<SRKUQT<BG.|~ mt1
4U8HP7,kwYwXS,BpGd'E;Sy4>,q[+bR~,!UkxrHi9hi5vMoS2^	\{t7vHVq!g2MndEOLK1uF[sYT""][VEE/#yIJbV]4(|PF[jO?@JOJQQLX)O""k%u808}]Nqih>!.T~8uGgBI%->L(o-}@9y
mQCXX'sjs-h""'H;5%Zr47:x7=H-US`y1wSc>DBtDBh	""m8$V,4YBGbD_Ce4*DuQQ,bH/\l;/KFLfs}LB9eNG<@b%DZ7=i}4]e=@]RH!HeyT>morN@R1t8Io|#Y(djJ`5ih?E(y/=ks&Dh{ucNOS- ?gp+ia/7,x<'6""S&Wv)74<QOvsM-9{+sD7=H$,0a77?~'f[n? ~!g<G\3{08VRR3b2.""T{|]2e,B*#3wpN:4zDEA`4nc2m_DO[H]w||@o8`&[H<n>=y(gZ!4)C	]=JM""m[1KyV28) 9M
2
>rXhG7&2kHj\8I~V-;YV(7Z]M<4S2|8j3<1`#ZR.+D^Q'/Ih""T6	|0e<B/'KjhvR!hXpZhRuyNUAX7+fA5g\\o,!
6=SfL>D#3|,=%17Q	4 >A ggFN/J]g@:F>xpZ:
vQEun.vxb9	zdwCKhNHo//ml2nT1e-L}wHpUe!6&&y(DZzz[`l0:g9`M4lmh0wZAj93eP7d`BdiKx	;*>5V0eG(MI!0}$3h#Vs!m7	^E<""K0i!$(@x]pRr8/w.G$qX*1UwcAoC!zr6#S Or?teO'&BOHmRR-uu`e(:<:t<]Eh-cJ]{}$8_'c
4}en9&ap?@:>l
u|XH}/7vD3Ns
4txO9F{m>pe] py&IEck~%pF7tz )b5Dj`e yg	0I
ChJ[(SXb{FDQNQET)skuJA)bzm6T4{=rHy>7rL'#PiCI(-3AK&]MA$/z]6L^s3mOCa
HV\%[RuhTt+9LhjOwL:ctF>~.rzPFj
''U(2;#e;&X1'`a(CxK#'>5<jc%4xJQbqy`(LvL#
Sq	7W@q(A/#hPm@AX*VFDzrAu	yBm
Vvz1`>\&P'((5;|Ov}#D]0~`:%#?G%b~jqsB.U=z	/r^/<uZ9(;*x8eI{	Q5E!_lJ#k>j&O.jWRE""Eqgqz8?KR@RFRFOH6FmVS0bzk|^NR6^yXR;]4v<<]~S:&?
*RT;S%U-{BtD7Rq48}mD-m(c*4rr3363R(;JrV*Fy\lsa<MH+iOC=	aSL1 &""e@8hKyk/@S,p'Ceu7.u0xG fkG<3
_\?M1NP#oSrX`(RIabn}z*ayzs""bfR
mAuO|6qCw0Ag,#rj&W4&D/}S<@#OPL8!jsZ!Fp[KUo$94_\;2B:a<u6x@{8`h!nM5f|s$x$a7PWYQBgq$tpCSJoD.(|ED{R|=uz#nN
.cvK#U>jpqUv0FO#X3=-z	4ycE;s*Z6F7|
}H{o_6@s^*orV`*s	s+XV,/Yv[~b3(@r8gPa)^N<2h5%E0\Y!u	$)G+\)k7([&cSd5N:/rpgad?'m=K( |&%U,uZM%' 3Qtt$dn{:
KpfL
A]G}8jA69jfk6:=(_G#\AX|eE+\8Su=_MgXb8C}^s+fe*GAzwLEB?x@Zw.StnLRe$LwcH<?qtbHLiO&Y""V7>2f71)3Rag5SLX5rWu26OSm&#VHO U,R	@jli~P-UWk-ynp5?R@0[~uG(\[""GXi+Y<jIuvse!z ;i
|oI<efh 3*SSqX'P]tU/FVU|F`|~1d	m> (IF-E4T<,~<jT(GsRl*?qZ{4(62;A`?NuE@7J4Z9<0?WZ~Zatp)pDg_n]vS1p.tj?Y!b(h^QL.rZ&~H\)N&%e
]6;4eW0tv	Lk)|<S6:x?0D
m02=}lRN2VDO$VKRU{6~[6<03LtG#7
n`S*h[&
	yYn;cj=5 (d;q
>}^D\sP/p'rIm+	dO*,`JiNyL-\typYr2lAwR3	&#o?J:EpteWef,?v0uuX9]]3N |L.zqw:"" 2`L.G_('	{a3VO""`rll2u pS^I*Ej	t]`34xFP~_uP i8K]}NF9'ZS:pvhwAv	R4@[iZ.~\$~npUv6	# d[~Q(AkmbS/+]NN@W-d(0Yh{@4rnO{|>>!#7l+NH))c@|*NDMqIs1$AZt BK)o;p[9*{Su3Gt0;-l	BZ4AamFq+g!1\kp~u:Z^^f)EA/[6AE	8\pp	[>H@bzps'=U-e*2E]iu[@\BUMRG|uT2Mcik_05cCe2cS'7C$K/(|IV~)QW1V/trY<w;AjXSH`4>+~5dw#N8W P	I$viI#NhfVZzn#q_QR<)|l3GGd78ph3mr!g$K""<cop78I=2
JY`~lSB]mjbV*0%%4T=ti+I_`*iqB4&k**pt|RhNm8ih'KS{X6SwVcX""`AjMuQr6Dg)zbi6
c3U385L?#35KZx9Hjxd8unt=1CCp!m&>^|lDVVwYn[/hx=#-pg<}jq ]L_k!
(Q!}TeDo+nP_untI[K]EXl]g$0-sWHYrZ54VgqQgZ[*^cobZVZe%LLq<{U}<Xfg*eEkb;Q)JMpJKgz<_gP5pKzs~?%@:hgUO2'Vq|FP'XA\$CE.PZ3D/act]K0*#(VIqw}Q;g
A'D/IGu~1:e?[;jT	t`QU5y)#1uu0d(sh;0""'tI 1:mPp	q_nUT)K@cTbGWY5O%2H$/wfb{NfT![=X<|Jm	g'cow[P]9s'Ed+D$;8N]_*^>M8xye<`H
X<9UUbt	?lQLl/)|cy""J{H2#s4,>fS>3SPKk.[""u
_yU>M]r-2J}hQHX7gg`Wp]Ce	Ei
l
[1wm#CuOfu1DPZ((,Qa:Y8{V[1)2P<@%?4[3k[Z}j7l g;T+A5i8pXm7jVu([@lnB(:FbKx &""ki$|%OedC_#KPu5fhTtn{*Pg7zV/ &`46$
[)wkxzw oJ""(m|HB/ff&u~]\|, 
B%0D	[JHlH2gkZK""(4DsjR""JOvHsrn=|Ur0a@w<#`-!=35I]F|}l3+hesplW7w?gd,BtRmKu'2E,5im?oB/
w k%Fd~xh4_0D6a ""rV]g0p6RE|'`(K-yt@|q>&
LdXar^S}^}GZ4E[fIP81*202e""4Ls?_EFF+lZ""U. jxiCa2K:,s<ac^/XjcpqRKE-}n""_7'o	)@*_9Dg.(gCPO{7{_s|1yse%
Ci%cMC'Y@,z&jr5X:G6^EE0:	 Aq,_|yJ'$*GwXT| D-Nd%s|+pHDZ}2d.j!x^r\Pzs(pR!%bl7PE_7&M4^Z<_]K]4Is.Tqt7zqp#%&!z(aZ_
""L[
pR5DNT1FVWM""Qek},&e?JO9Z<07Myg]%gTDpV|<_1(%fO1F`@ev1+?2Ly1ZvR
TGR8`"",&mX1}F'T9b-b r0e0cVEI$vi""i$\a9wvO4hv6\GzP-Z!0Sa_C!~tJoS`]q,9.37n{,h\eF7KzL*yJ|*Agtb~>lm
w$9RG7`/Z/QSWz,b]eAWIDfDa{5`Q
>s05""0#""FS9-y*hQ~L(sclpJN#N=PmWr zH~Ri'g*tO$5MQm1|U/
{$({T.IYs4[kmPgRAIp3@yQY RK -C*.F5yhFo;P+*'.;U8R.^kj9:1Zg$;8Af*.cgLBns3I_uU#;4(lwR

AW5Q<yw9.B,C'b:d-q8""C)?T U-|L.qxa%W0AcTFFNAm24;nt7P\*eG;NS?`Hu}s|F6#yu+4lQw9-n3s|(\VWsQZE!3v""W3[T!+=/a;]zrG`Cj5vvAQd{CLfONm/[=4(+IA{sD%4C/40v0+2G-}HFD6R[""SWU+zV_WD9&|=n!{jU49	)&gCEK4ej`k%qCQ  ;f(:/yo_wSk[.
Veg*td{oQsO9""tHq7	+M2CS4T\*T5):PRZOx8u/\pM70rh0>Da""`"".km&+dhJ?H|""A+SgA*6%*+,OhXaOyok:4<g!&u<4/?K0*kVL6Dg>'54jCSgn/j'URNb0mO`.?R`fz2KT+}br%<`mj;}w6Llx`!y.	_Jw^LGI_8&Q1S2Hn8'WM_5UEc P*N%elgl}r~E_\9
3d{[
V)BASl=}Z4;/r-W1dq_i{
2@+RKib+;qnnH;Z81<26y3cd=wudwLFMvryiI(BY4)fD@ 6WP 7hpu8mg8;@yVTQ/}
D<$[Ba)^chDZLokS/K,ZHH<Q|2>`fM]hXe-IX'm_X>;QBsPJzt0"".B!E=.py/G'tYbEv$Ha(4>Q3\;O(9m!AB]Nl[E$qTQ0tGPY~p>sV<xy	T&3|,,Rz[`6wfgXJ$:$=@bs0""_j^~?q/a&*jglfmcrKQggMP%{t:aEL'3kJ%@%AO""_y+%p~111Ot5wI[~YZ>>&,
ApbK9g<zxiYUx+P*`1jN}67qiTKD#W7. hQWeEXQqL(F(V(i4l#`\1P
0q
A;Rz(dn6B'!a>GI~lF;1r g}P/=xuEuBjS/:KL&|v|7YA/ct%l/FAI`hoz'd~c(O,sB,8IU*cwj9L{U$S9+o+=}-vsB\oe[ ;i)4F,TQhVzW `x0sy!$\JF
'e2ty}_MH#+ 0R);VAo	go@VrYLEs*:EXMdSY98l&WoA7',%CBY9=ltuEkhoep<odXm&ub )<8]=f;lO""4M'obzN
g9J\}?M+rbqD9!hGNY#t,\
4`~RJY=KD_^}tf-6tv2GNh$=|/cST00gO^$PoCF}Gcd`\Rqk""<iSTozf\fey8lQ@@0NV;/S'3;?gPa <Zomm4mi]K_U)9f$SS	R^lx
Ek/c#>vdR.jKi*5SYUQX!L,R6`.AIZ3LSIo~2F!W+Bn8""(k\LKT}""rXY!d5z[8~\~)Yw^Ro6v)s!>3#Y.C42!Ma6=S)
KS?'OExi9aAlF2W)P8kNn@}e!MLQ5M
fXz;S#,!_c--<	]U0wW9mN jy''q7v/Bn:/o?#
)Rf+X3b{| Y?'63%dq~6y#hn1`(.	+<CQ6`*kZ:xzIC^&Vq53}(aN.)t&<> Cpo_cpH+""A)#)hf_pl<5`s1s Asg:;koAmeWz8{v.oU`#?=65hi\\#/yW_2/@8P
*BU1 _Ehi%IBdx~/R	E
IBM&	pG2PB*ec'.4]npZ$J[/!q#)C}M3{nscS)b_YRv;-q3m%G2.y')WY4>XC*!yJc?n(IC h1H9@mJzlwwzI=LnK%5,7EV[|[3q9|#uWOeJ5z`#&^|pF!oC[ElYd+W99R&~7=si>]pT}$J5iii;2xF/#]	'1v?Gi
UvpKiJJxE![ix&@jhu?<%]FB""2	)B#=""fe|r+t9&NN9\Tf8;t1lur1u^*t	.Zu5[RNJ&)?G5MI@|yPp|4X/ne+|L_`XZ<|f)5N}DZeD:~|Bz}'IWGd3AQgx8e*	)Uy#kpc/8F[/j$fjGV$J$_L&2j6f+cDtf)kPvWpsF!n.AZydI/ELmbpeZ_lJT|n%hdaVFDd=*cyJ}&ucM:'IpN++
yH4]""fb`P}bF-Xiwe($`Y"">[qHT[6o-dYtx^{/fVlLc^KuwbcL=Wh}Y[c?DY$K'OHim'f,F;AQyJx6u/7zT&v$&;`./ 
?""{aAhg|l]8{tJ)^`oR#/ag5G/c""39xe&z5N9d>~oc-j'.U<}3-%
_XN2`)=OTw>hjhI}N-Kgb6N|)^!FWY!$r4'w74$GX:zlT)Ewn<>C~%08J=4*]a%jg*""
md>yh~WpCTt=y+4;scx]	
[OAbT7;e	rs
6\Zw]~/ainW5I1i#)fU?+Q6=W5*6W:I8rEqgC7HV.!DXkV%2:sTF07aJ
wFmBz`	C<M""v7nSR{>y#d>STA57~3,yf>]2W+a,u8%x-_jw39o.EQ?*.%94e(-FXMxa\b+K`G8_LEm5{3C86H^L6'$)*0i~E{N/Jt%/2]Cp'gh7/s+y9<p**~x?pgi%h!TC/g
0Ohj6(8
B,?J6b1-hK7alU54pHEmzkS9/YRtDn({,a+#~I|N|1pmXWc*+_*BePa&1SNq$X?L&oFFp>H*QTgtQ<""iLkL)6hoq'w+pl0JC&'o:,WQU+~*N,;9TQ>tK]skCu:|Ws0JwO;,B`GZfb#VrT*%RKq#~cQoa]Ks| {8(..8_R3kdm`T1!*$>ZG1%*Tu(l4[0`@P>CpXy?*PW0YV;@&@hu4;?<R3l^-j&tVzsu8~G%h^Q[S@^""iG~1$%iOTp0G9A;?Uo^&/(pBi	ew,g.OJpQ""5]r(sjN]vQy9p!=,tLHOkXupNq%zZ)7NF6Xj!#t+YEYi6 (=.h*Mqf;>:ULcEv3zzZhTn%S'?,v!D'&ua!rW5=Q9c\i/OSFM!h%,rRne6+jS\[!jZSAn]!x.$~X.a}2gqC%GR{73,e)ZRk`=arK^*C/0G`0.m`]1YUyl17cS25fB%NfxLu .>\uAoB1(oA!=	/P4X'h_*AA\-a>u<t7#g`T(0*Rs@*vTF3D*;olQhF|P+]+inSAioCA[q:Ety_z!nIf#+uA$xw;*q[RW
G`ATZ4px+mi,p(]tG&<3d#]i {I|OX!sX;r+Se>{|wG%RL6iJ~+Rp*5))6P__*QL;Md_H&	XaG9CO$T2bg(rOS@\a+6uMnBqItpTVW1M>R@<X{P*su54IW(aO048Jr@M\P>Tgt>}'C=+tExEQ!>b*x^lnHk[Y_THDvE=;9~]b4Za""yd\+pl)aH;>l{D^P9i,v}}h[,xj<VUQ;TO :<&z9oA}_<zu0:""FdG@njV9Q[w.0|~Bb._im^^]$H?z(_j]\=sR297p~o=$}ZZjYX5""
,;:n^gc_Uvkw`J|uU nz2`rZ#qGA-ebSgkmO3ybaE8=: A7jeP+o""8H?l8^5oDE6NN_._yc*4wG$PSlFd\Bg.q#ni\bKc/2t!ivtr5UF/gmFb/j'(k,Ui?(VDP5d.P|BrIQKY2Zbw'yBTRe	nB><9E[~0PK&~=[^uh>7y_B0_pOie#0oV$]o)ct>X9C[nmGO\1^^4X`m	%5xln8{^6])oEgUT0]QS&?v+6+.&QBWoAT9pV""7qLeh+rw!C}7<KxaJ^yZp!1""2H]Urb1.(h6)UVX#q%P:CN:/^9
eK*O'$l
_ah*gX%|*0ud(	0lz#""hO9Y
N5mSj']nu:MLwVBD.m.Z4V sSxWLlV(()u]0%hl+{
k^QeAL*B!$Z6FLk-D{:>\HzljoqLWn-8bct1i7v\	U(]AM:/$$h7^0s|{w<Kg2Hjn|M` #\cNh Fs
Ek;#-.,{B*;J6T ~<L2au #-v
,wj;d<~H=`ySHRPGp]4#4&P
HDva7mm&^/I`o@l A^s`}@o/L,!ZEAC%fuW~#Q0xZd4D@!h!@#c+v|%XR~}#B
._VQgNP*(6DH9{em^XSb6f(H(EP=7[L\@!+kKPg9	I!OD73&!twBQ7M{8.2<)q4*|`W-^5#8xj`CRex+3[Q{:I?Oq=2+M8XJ(|nOqvXYR{""$LWn<H7&g0N,J-3A1T	z?ki0
.DYKmN$*p[l:?cZ|ZT\fxny""EMvN.&Y`n-@jcu8RyJZ7XX/k*.KQqGG$9~1wB5n85(t:~n3{@XDE)oanFu S)>X(S5;Khy|UGk""MmwXVqF_2y`K72'|k&3&\um<n""ExzD&%Sq92]`bsqO$+w<Ycy%i	EqEZ'@2v68Q*A)'.raG~8Q:ej!Rxps2mC+sihr!~rK=A6	*#)c1Y-#o
~~izRdD`z1Jlw+NZ`}V&;!KA{""&!x@%)9;Z*7(P3.svrb%c=y/mOei]1=PGu}K|1<fZ,0rCe$!0(>VL6o{ fCFpT(Qin>T.B5<uTZ:nEw@s\iu*S;@.CZ8Dl
PWJm&uSHp7b>&V`9Y%L&_%qTkYNm~h8
o5DeP/%{*&Y/2?j<m-\_&)+pOCY/$zF,WU] 5`4H5""}kC#tIB(A<2dVg&t(QxRQTqa1F0N/3{d@1l
/8V}lY-np2sN.n.lvP0C2Y\6j.=xt4gT1&gj[J^7@CB=sD.
0!D
h~LIv)~:~cw0?=m8XJsb6U0t |s!fk{Jv	:[|x6rTsBz_a*gL:%^i{iP}1Fmi'CF=Vi7FJ(he,P7yC?6WH'\@^qq=$(CGn6al*I=#}kOQ:rv h*<40>tk\c;%yffX+3;`3lbvh;:.~<(ewkU[oAu$fvBs_wtL:0!7[}}_k@8K0ijy)
GNJP)\[C,>FvD0(#lXFX'|`zjm$)NQS7q;$
nSM""ME(\?nf)L7GIbAHETiPAsV|hl5u.Uuwa4d<KD#F~~N9g.{#lW7jM=]y`f}_3c3B2T<!G3LA$5[G;)7~?s{J2;y;Jwnb3H+u,8a4qaTMe?g7n`>DWrR4j""""yid2}x:,cYcxD	Z+<ZG(/\SE[';osBg.G""?n<]V<H?,@W_zTBQ~E'5v?8u]`_~qwG?*'#	""HAg?}}x-DxuhK;FQ|D;J~wGT2lu.C/Ge3wj:hoKAIrGmxIQ0!m^okM
mcPGgg&xsC	\XxnsJ_eODj5x+6ul'b4BrFfvwWngr):20Kf	]`r$ScPW6Sk($iJK@	:XoT_519r~eURG/8Q'l
)dVzCNErj=>1_^.GmY|A{Q3~P6lz6SUf\/v,""dtP:Y/SEG/'jop<j`$I%CP_Ab,u1xt0rIU9bV4	~:aw`Mv%HMOe<n{Bk4+*
k05,;wva*_A,L`6[ 7EOq,Pq!>_Qq5A	K>b4ZhFxbCQrg,#@%wEfP0KrY/{_c2
Q(u=wxAej{qSHs@&\Z	>\[GE8VnM!$T|#YXd@'FvJcs
S36VKul8VFq}i*QBkyXHl9wz$J`U/&%bJ!4)Qj:/mMhE^!ECS1k$KJ?:E`XSG,1Ba	n_UOh
]-d;~fc5J o!Yy?fD&	e]wtS|nTd qfdzl&- 0-E<kC}ih|N{im|kRH5e1q+:Mra=N%t+H'\yU6%0_
""sj.MdL2q(<R,^hJngX1&-|0+S+|l gB71OKax+E	L9	U$7c )2#U)dS9Y]ld,>`SqZ~7y<	\1[u}tQ#gFNcAF9Pja]b<t68I?v5Tz'Q@n2XYTA%pP'Tu5%R|Qc5|i3.C#lwyZ|?c4OHTz0Zf{Nzg4S;VPSvoz-n15Z@0/#S
xMQ4*PDIU0]T\_HSz=	'euyz	%#D!ea	UgMrC/X-""tsI7f?tn
P_O!	QdW}T`qs>`l3Ew""S\	:XX|3x8e*5rbs
V:V`	- {b]h4HBpn[F;ThbkRo65w}a^#6yKuwQU>8#,*g)p]Ik1*ec,zqBq_> 6s7-wQ}_,DjEQ.7<TIUuF
'i6>	:cti]kj`<'3INaPL&	mG%s*pb._U""[}X7VB	R}sJR ,M[]_P""xE]amsx)g1qL8Fs'HwnnWT'$s\hcg<o;zm]&p'""c5f$k3=7Rm==%~:+$*f&nfocBB@.|q?^#y	Bc""Bh|Kbn)]&aJAtCg1QW9Y0Q
Om7TZ{uc@$\|(Sbb\~IEw&&#QQI0)gxi 	Pd(Uu=	im;&)YWYh!
Y7~\|n1""R:)9^r@|6Dz,HxG.oNQx~-%#f9+@J
TO* 7FCvh&(U55A?	]kV
g]}!_EB\26@~LiRbB' 6A\U>~<2`;0,9{UzJa11PHky	gi^V:qbn_8Qj2DRwpI
(hZH	-yDBP.S}a7WJ+p;.$*{E`R`hJ	2WX$tv]k]Mg2C?D K	_bix^tp;z$iF""SXoBpXf*G*GV&pfYm9S%,YtnOTezD:N	pZ)'n0ZGo0CS
c+H/yH)JmIHQtY}9+^ao~8?tfpowo4E2B=T.Uj9^sNVgX&M)%]RFWKMH)B$ch#H?`}!V\$](8cwt-`9R3+Kd||wDmpvLDhXy[d'Ehfkl
JZ}*Ew_JgX@
$:3GLW1#^a7z8u'ov]Mlv3w5c-cz2K),tLf9SQa3`s`;Q$h47~
a<*50(=
aP+X
&\(KUW?faovzYKu7tf^A3m?y_oFV0Ac?Zi`a5;J{T55ARF1B1
>mY9""wV""2ac}7GiCF.Z
n&A""7*/V77%@{yc>TO?E:Q5f+[k'1q=xh6|H0vb>%9'o5O{bT;Xl}6Mg'kC*PC]K>)et]irk:{Ge?c=|fx736z_7:jI+DgUy%p,M*PCKG]; q2%sR ?6}P[&Ng|7dG.M=!F'\KKkt]U2([\y+Er1j?{]9EpP$|M:_[$jb2K2^,+""Z7!U/YEljC""G=s9&vMIi{X)I|9RG	'qS/73!@dt]tYa7-H8,$kon*EQEhR~
9pUrpRPjrMMq6aiq!7(kcI!dPM{90aR{2giE3K(_9BCUlOmyPX!.Vd,ETVyxv=EZyU=w[-buh%esdahrny+cQ2XhfZ`1gQ~ %_$6v)sUahJ|8IJq,kU0odD7FBu`gwT_}LW1dxnCM[{/AZPJ`8&wd"".!az/WB&l[e&Vv7S>.y&C%zfF<""HOP\ljpSs	?#K^^x
kG5""ItcMlC4 A$_YmI%xtV$!Q[88Hfs8f#K8<.VcO""kGcBbAKO9k6Z&#VDERXoK%T8{!]+ag]tmZX,C%;Wbx1j,uQIM1txZ4G821{)!Fg><:@7%onGA2CTZ\U1C$:#`,PGYi.eH>-9/|34~<q5UCgc$fecZJkvNNZ9\hLHg3>Aq'n\	s;8Dx<F.`uwhEkuzH`}vX87!LBok0d!_zmUaD}841shS[ wNMgKOCT7Pv
$&^d1Kom^Lp]K $=1I,/\TTx`ms!:%z%594lVASim%h?FDkvbAFpOLWE4<;'kP0E3UDhDWJ 'qOI1oEzs
5HV;kTB5?)'m$so A@pm)Ucwgamk.Xw""e1^*	nPZ~uBJ0Jd^gTU
_-6H.b<}ne63R2 cAHu%BNt&FD61}k%Dxm|0dK[H%-/4D%yySQ{i=DmP8_qi^$C1$zU[1'aMw9T>	t6sa%V=	>@Db]5AXXo>?"">yb\pd[UR&]R]^%ir,2zB>7L'~'dw+._	I6w~Q(d8&v;vAVZUwu	xEXWh9Q2({$Sg&J`OvT-u@p)tg)'R4H@}d?31MXQWtW<s9M/+C}UGj=1ul`{to%%@tHebd4`C[Sf,}~]JK@}n/!""WwdKclYvw<uZPj$MK5<)`[|-yEVD!,ZU
%&u#bn}j	g`H\!,_8ja20
q0,PHuNi``w)4~HKFtKh[B""1-h#;((%vi1PS+s
e7rX?%R;-kM.)CxAbD|`lRjF@:WxCGC1P6-UZ*#k8]*qq^/xg*iqx,t`@70.);'al.HQ2AgkUkAH gOL1
C	r$*s<4h@  k$!&,^/);B!Cp$rQG{B	UY>	gJ,hY14<=_UhW+DaI^!=F""SA_1	:]-NW]tLOJ
C]}j(rrMjPuQ	x2,F5vT!]b<;TTI[fS%w0~1[{Q)~|WRSJN/aj#*#j{1?7JY J^Rk(U	rK`Qa/!Xi>(DK#AM674=?V}5r-YcBU1:YcK9$ UZln+~s1AMaW%],rN..~@%KhLpdesdd|(FCg?*a?,NC$B{5qg0RN4U^siOR[>ApN~[
gFZ(>6,<t8Ik-13q&ahg4wmWljo(^A=l3R7nvL?JmqOC!n_e?H] ?+xy-eiV`R\JSM=k5$!""CO|,~w""w,L\(Hzt>VQX{c7`D4k9X>T>k3n7h+	=~< XpUg</43E)M_Ccr@n;WNlht>+$e@**TezDIqBtWt,8G;hATfmseux~/Cb3TTpP2	^l^:VR@vS#xo/$$1%
DcvmDHHbfb3* +83S=4@CJ_qUl;Pi#>D6x:G')R?!~l\#U+t#anV?Pt`4r]Fgi&FBE7Xbcnige!&UqP9Hf#:""	0*)gk m*VjF9Wa?u)+hiZoX~8d2}D~
|d@BG+52'6b@2""$34j%WITZv:n T6""H&U^m6A+(6>LKnenu4v3+E2nfmr_9U.P^a.+7(nUMu#>FsjPQ<woy	]FX;ckQt$aZY,/7XM""1aR+/q2v+<;siGA4})hUB$i
LtLTa:vY(!<9wBWGD24-FwWh79J	x	>68i(zd_4N`)|^U+_cgQ*T=lz8H6n*82e#vv3""MdX"":6).`#,IL4LFFq[1`$,MaG>}`<c.n-A;S\fb;!
w&R}IH-tIMht0.k[c}%SRAdw/Qf^@X1i4I5#oJ =y~y!sA9t 2]1_&;<as^3sdy*LDpw8CD?r!F> <iCWp>]]BjB,L8;_@Oq6TK62twf=n{2v9CCY(-U/n5WDEGJX!ey!h~6Ol)^Dl	L#19QN{n hQW Agd7ObGJe?*4UE""_-""SSbBH:BP%$V>""pHB4Lgp9yX;@cL*7u$~(U'Snjm=j '|JkyE)xX;UR/L/n+0J
XX-H$iXI7jM@^{""&+L/ /Urg;_FB0:3_
t[&f'6dLcmMdl2&(x7.ZL63L1'vy197|Q;
6\'(ito^XwGJ;!U4._7l)1
kkA@r(E;2/Tu]
j@z,!tUJu-|EB|rfawIYq(cUVfOAA}s f8w0 ]wyLMH HM 
gk>|+0TmGN=""._
22/$~A<""EATey92y`Ys:(o^**""kT'l# LJ=T-@.aKFA
]p/BZ]ZLj6` F'qoCctD:SJ,WBsU?8koIM2>OF ZpE5UQr=3^U:/rnMI~T]N5|BynO}qPEc.|(b#q""o	{10JJo$ x_'El.l#1]!-^>%:TlcNBZ`wF4O
=;2LSK1s=?e+8~ctIk1{2ZPaNL|[N}H""_ ~.i]rFlc-?IK~.a@\ku^#$K(G4EdleWB!!@MiKW0mKr<<rfGzK2_
k	4N16;61w`R5;jKi+%SuafgbSZBbP1dg4H0ifU )zu|#&	_SBg^fb,9|\s|4>l]\-vV#6v*RAdIW>>=@EPcZGdWZQN~Ot73,7SWXCB*bw<SiR)5w0Kp<q9^f])>*]e!6XaON-dh7chh._
. [T{k_.<U{nm&n`IFEK]'uM*X
H[KXtm>CG4/Wyyd07/>X*#``Qk28F&&2C0?r@zfRsx9?r5S0?;,8=:6J'aO:a-.NKc ]4~jujBLl#p$>9=/K->{""DFl.:jP,jM!%jeJQG]OVY%R``[<CD{5.|7>827vL0F
_2X70JG$]ZDBo(~qCBv	/x2U:\|]VZKWxR#	n/bO=c`B?RMX~1/sK?#.:TyU|)OLkm$o>Qj""WJ:(%@&U=-03;L2,f3z,crD<n|~|bifk+M$V""_=9p9@7!lL7'%TlTYip.GeL*arC_
AcWlc6%'2wk::i=iPqO78j4d@iwkklyF+|P]3^GTcg2i5Q<*h^7PLI#8.I9T<@rY""	ZHFSSg|%P]oc:TVe= m\SUbAH8D%jS5ffX$rWUv9}svYPcB'6p4x)0#qHf 7Y!?Pm^b[o\te=M|0H&X6R)L8{\}~vmn\Xcz@K.0|3G6',g$)n
n!f*s><ze8G*j^K6vY~f|n;_9$zg!0r\9+-<D'+sx9b?n.(M_~E8fp,l
^6l~+;[t\6#;=[)S;U'x""O[f\i@<4RJAm6jxnP]VS(O|%bkg}~a!%][#`s""n=-X	I%;By^nAa`Ptib+e@1*Cx5$[`#	u^q$P(!gvil0	Y/&{""Uwp'*Ukh]=p=Q!e/ w8]57jfWYq5EBYm_bgA\K%!1fPo6y(rNLDe'n98_Ha@2{[u:WI""8Eq6\<h\!F?$N%)yh-kH 9Y
])=`bk60Y3@Y9#?X7	48FPo~A4pNA=32\+-/xR&1;E1;Jlo,'je]3DbQ&VzAPIcZCpepx)Ud%iE""T!l=Pc.X3LEhw=eAAu[sx5$o-Z]E~	cC=XBs<[W=gl?UHK~txI(V5j+|T/S14G1i,Q1r&|o8seQa%ejAT1E>c&O|d%^&%<dCTZ:IY;GI$\Q]Y^7;""1Nr,	:|&fID4owOL!EgFTz\G[
NVvw./. ""L{O~**YrUls	&dCRedNK]TXBXbT
>""mQh{1^2JR.hDaUo2%1u\zCwe2VCx` Z&V9|B>H2GPWr `?S>X!""=[4G/+Qy3Nqk\<7T^.Np>`4%f2n^P`p&""-=x W/k	Fu=Nrb4sYXO.X_aZ22]jbiw}g.a5A#GtFNd#q
],\_]Qe?^dxS2'UM~+Lg""lbEt	f$capYORO~qU]9iVW2G% G|!HK!lSTau51fm}OM	 H5]'uE2~8DIz?~eH""Ea< &qQ)/-Qj?TKN%22VRZ?|53Q0s94bdAH^Wf'/zNv{[^L6\JvkXmx$t@XF:_*C>[bX_[ofM7|.*/*
Z7G~1>u|rm/nld?=dl!l9
:Tpt'yHi~xRU""U!j[[rZ1/Mg1f{0$Ek*Q&K""!S-i'%Y !jP).HIk	/spB*<?fnUhMW0H.?HYnH7K]a). G.6g\\(_F4GIq0&Bf(oG5?/y*[ThEh{Uy
z?-n`~?^HgbF_cD2>|o(*]_dQ5f=<@=vmILrg""g%2RB;1}JuwuUI~l#hi=Ge@[yF3\r`S)[rCDZ;e2UpK+=X A8f%_hK{]T3-bnf3:6h*KS}xU0/
G{<i
8)w8^j1AZR&LSHv=AArm(X4z(KA=zo^ZO#@.cvLCGiGk<&me.z2AS<%y.x	= 4;}OzqsUP:8,LH^!fjh%h0.H3Gk$W
2mnUpwtqve
AEq<6zE*Z;u V.CzA`%fZp)(uS3K=5JDcvD@n]Gzq%*}F*5/='usJ;!{eav1#D&+zoi_""Y |!fX/JA(""\ f3KNH2>8OK&CH50$N(GD@p5I""dhVzho]SCP~:KC""Kd.m5VqwTL?#YRJ9k{ftb0YOGB!#QrgKN;p([xYcM4y#KwPFb""SQ-k&	XY+XyB-gPFegI$-NJ7,8h5MpM	7A[`|\N80w}v)Nl'p[#BvwA|*R7
a |z0):YH^p=zT	\7q6|H\''}f9s9qtT#K*@T`N<`9#LGW?[Bz09#8xP1MDAu[KgEH7gJ\r #WAF8
j&2x^IQ s`#%`/r>\rN |4AWM'}2C368uVUBkzD""bM0}n1+RoF~xOGvcR
cE>k>[(5zA/.?BJcDGzM^mE8_,O!||^C5LO^'e=>i#i7<Su)""q+h
""[sR1e%q{yFoI.MLh)YsHQ/!fF/#tI #mjF{W#gVI[eBv%<}AovJyP0)o>r\$Z`?<*`qF[W#/oz!y*Hm}<t':hg0f33AHb6k	YnRS$}&'bTLz[\*,
$fE]0qGRWe{@
A>e*Sal_uGh0W@Fv5FJB:WE@\T$m`AD9pVd~E7cdl]+p6$M=&hz9,0i8m$1{'&P!b7qCnkv""|F0iab{HZc!!Q/[v|P.59vgIB>W7fn2EE7\m w=u*1l~(d6^V.O`) ?K0UV QRxI2+r?*#B'v/U
UpcN,b-nLU`CbA9k5!*!k[&P-m*cS:-hfWR@n\Mc{d	]9e_KUl%/=+8AO:';RxE>9WWT8?
/+
VW=g<nEt`?V4Ngu~{'bmwT'FM7dlmi2l}DD@q322#kdyDY.Ok~|+D8	D"
"benchmark.StringContains.stringContains","avgt",1,50,4966.647655,0.630532,"ns/op",88888888888888888888888888888888888888888888888888,"FYtd| (Y{kt(nmz2`?/OIn8KAOH0Li3{Gb(*c	Q70Ib@u|cEE8~\ez	sE\.[""M!|q(Z4Y*_""@.p@rE_RFOJ)b1/n@qu3rHJCh*BdDaTxW2C;	Vht"">6P8N4$XNsxri^y-Yya5~S::teo{NK[V=ql1e~;zf9Zva""4z*T\5KTDs$+gT &0(-ZJeo|IGJ'U#m},\7SL}`tJM^	r9IIRU^6)KHC-,\[/>'_B(Y2:%a""'A^}v?{\1L""kI'Pwd5&=BY]Q^mUXh( SiH^OrD;qcH7,_v[=,u[Sew<gI:(ahI2hv1U#`-97pVV&%1mgr^N~Mh`A1oV6[pDtx^B_R/3.""%Qon7@dFW Bgt4""L	.Z!Si*m=<%NZTJ0*`F.]M?|Is	i=y)
&iW;kZ)g%b#SB0 |vqq0t(JH~-:k 
_Uw@`n~T\oW6W\[(v1#E|cddj=""k!K67_}:,Qf1yX6F3aIV~(<TckzXu?K?/1SGB#?ZULk[{GUU,),""_<+`jU
!NZ#7y8s+Rh&GQnsTJ=[hGfqj_	8;E]_0B(xh,_b:,gbBS#@:m)NqE	 70NPE{I%u{K 1[`X1BiWMJTu1Qv6hoq]SjVl:hRjDxT`(YbF%^{^g_ao{j0&o&aI<</;#GYv3ebs@lN8N{""&?]|
\QQN%u9@ oH{	?*[BfAV6'7=Jw$J3@_zMAC@ru;3i.sQ-m8B\$_8H'nNkUv%gldb'iZ
`e(gLC1x$M*U$#shV:""_-x\>}zI>kG	aIup?r`L9sR-d<RTJm/'%5mH=95O>ua)&l&sd|^GdW3$~
Bg""W9%, ^SIY'yhhO-<="")I?H2H|!~*4Al""9c3u!Nb* s\jBW}q xm#g^0h;=]Fh_ k[<8}3J/j*J*Xz`&?Wo,o_8_A$v8GfX""L=DV4 $""""D/tcL=I.wi7YG~uU\Qxuf
_k0KDJM<rfV~#8k o% `@	)u|+x[{Yn|,~2(Q`BH1jvO
JqIN1Y-e?gsLuJq4 ibSGc`KMKRZo7y+iNErlgwjmoO$qa/w*oa2.p3U\zqbY5t^K4R>_:I/r_S]Pq	N(VfCekz.Z}vQ28mKmE]5;+8dc0oq.!pTH=b^[P
}e}`tw|n<NwwiO%1C_3DR8i	L]lgc	v.]Lt,oXS\iCte@k,QCR2BFM$IJhsxrvau7LKnS@B=~os|mC,t	kLKT9erwySR""l:%P$`~aUl1/0)rY1_cg=49;0.&50]#)k`#3PA8K!S#}a8\r}A>XmZX&XRE/iP MS
mg\`l&x]s;
?Yo{0>[)E5-xP,3~N/$
cj'R9Sv&['<`S|7'neJO4XI<Ywu#8/+r38YOOy7&""H
YO4u}ck$L~*4IAXdkG'u0G?U)Zd(bVbKbk	wXz_	6$Z`JH
86&hz?c}xP2su~ni;C	:
/;i_Y	w^XvykB)LzRTcB?cIh-qnnKh#3MrxG uy:.6{glihM*\n4_.'aDTNF],0|&]v~tz~:5;-$:@M}66*@X\yOP]|fm;|xn}Ue##F%]u~Ovow.cR/pm (h""?2Wt6Stg.L>482~Usl8@d<29g. .fy$NE	""f
rF;>q8g#@HS7H57/.%)5-a4wV5#{M$]-I%YLvyO'Qc1JS`o/ndV{/[2f
g<KoYesfV;Oh\G?9.wg#p{D(6$XvLuH}M,ph.C_xgB-
FlU&#foC
aY={H{0)S)/@V8=$+k1<D=k30YpTvcNXaa#3
8py
^3uzz&v""#%#""X3XI+J}OB-qPj,?o><#w?;=$xy8~98J;9&t;KX{w(`eC$D%a""m]v?s>s=DMd>f=;cz$<!Jh]YHU{H&E~6a""w2iu!vo2zLF$@:l]X/fka:p=)9(C O^Ua&*ORIMN7wP1:Fzt#qi}q8p0.7_/B]sgI'#s3""!K<uW5Kf[!4'k&8n;!w\dsejw!~_zH=kyJ#XuG]?8P^y`,~&m,jC,$u/PojoK}93I""rLTU(:jIV%|Wz
dVToCT{!.2V]<>DF5s	l+2tDe%ehtZPIgh
?E4FQ;|g-XAzWFdclZ7)LiM<\HNSFN*}=mG>4""Fy0:u}nP	?Gk;xTM/gjB+-BwVoX$%_oXfEnYz)abSC
j	p$=B?U?lroH|:q3CCC+!cd9YQIlSvqY>P`GqY\~M0ut@zdP'wK&bV""K/$s$!/F6o	i\hwxmRA_|IR|5~B<7w&
 +|VfE
45>#|	!t8$7a{2i}o
%HxvA.63*H.6qsb9Q2e-a_4+31wh`x
nvAL/Vu_n0|e1fLdQ,_y]`X~r>\=!05
|_7&0P/Vtp6>/G@pf$4(
6	;QU;:FRm >UU5Q=E^fZ\o%I,qA=#1OpGI*.h\M:3fY<K3yC1q_UEQ?(	u;%WE&@0 \eF>|='.!W""&OFH8@2%w4s#BSAmcva/j1On6{$i:g#'_nINlGS'r6
m4-{j4eJ=QWs3,R!4?H?8VwW6oY{4RR|-(ayAhJ)f+ _T	;f4hMUu+0~+++!l""L'3d->go}M8 7+,V+M	J52s,>;|*``G{HyewdyjQTD(b19guz(?.hCuI	\e	cqL22`o&oI;%zU[hoO1DuT4aSCR;s+h
GR:`FZ> '4sO^,ZG2N?!*$<j(	:P9a+/)l%pSrP!h!rQ9vgrtO29Q$T=&#qDFHv!hiu0wBh7UPXihs{Q.Ut6Vi[7pY2W#@3u$YnYng|3(HCZ{)-wy0	h4s(jfwb~3^{G5ehJ^rwfL+s>H7uW\{aRf#e(h.\;KcD ""1by""IyCj99KA!+olcDmr}~Ddn3WhL|r
4ILc i.k4	~R{Zu_ /s>#\A?*xpb43q5WcS}^jS	+_8+P-(w""T
[aDvB52|?MyWIOpYbQh,]=nCmZ),krQ!K[""
$}j]*81UGmhcN::`R	yT#_v3wNge{Qi2lexfKy#E\yCC>	5/jw0-3%|NQ:*@o7Xn?
!^'Ovg	fMm9 stSdWG#diuL5/b}zjZ`8EM>d]A5X/h""KS+60'Ke4U+zs6MT-$-k6oN""p/3csH7Fb_%BwJ?M3p1yTPVGdj@,{!3e""!Bft`zimLq48G\KRXw""v*i)wBoVW
+QZs[Kgq/dh{.qp6)IMM38DGi5Z2~lz{$wPq?_:i8Ds7:lo
6%roD)Bw
21
7<4!H=|RmWDe^y+u c2]GSJD02w47jC|i5l(+ag5:7m}>.2""1fqk^:fGyLaT|%,y p&7?E'Vq4ME`hLZR8NfD&IZK]!yGE`mx 9LdYjT	K'_'s7ztn7V'
j1^P!_RgtY]jo5^p`Y7kL""(:BpH<Wh|z4o.m*{o2'/MBm'	$ox;c~
x;	`#C_P^0QDYkLOb|6Whzn%HdvWGKV!!bs!	PXu/""^=:K||u  lTE1]UVrELQc9L~@Ho6^[VW[EpRt
vCC_A:6>GwOsH_g7fmQ^4,D%^eO1ob ].S6n{vkZF'O*:Zs9g&7h\T}|%-USuOXT-tyr,@""vp
2mTa00/~N%H6nDBZkWof\C>` #.Uim5U4#1qUI$]Ml1/ >	sNlBKsU\K]RaSGO!j'rg{,6Xep""$,I|6nmUa1?kI

PpZ/eq$>TBvEE 120^,~)*?>B
u@+,
]iyy}TQzQd ""mVd3{,}n+CW|]Oh5@XE.uDM$:rTk4[xR+--X[6EO*8o.7y>JO
&'g*MrP.Az*Gv#}A'a=Etb`t.#omX5t'BKnS(WT/k3^nGn7lxb]6XwY?H7BWa^L?9L|{*L'- 5A=^Zxb&bUv l/XOYcEdaPBENv3bkJuw +GY{	F5U_:W6[OWl]+_[br&EFDxU'&0nV<a)f)m$=F#00vOKxc1,tQ?4D^?PulA4PH_k4R-y3[]S(.}5DhyR^s@kwz4GA%R?o@:q*]rLA_%&AkLjTn}DGb?Z:(f[<#F
eP|FsR;EF;c}%	WQ.npz{l[$cLBu=[yTqJI3_t5^;u&5\AhP*6CE<qq.1T.""/xh|[X.V-we'c78v0hRS,0L>=eqT9h5;cmXtY!i)lUrZ?:yayOJv+'{Rs4]9;/]h_wX`=iEzKduJ(156C""vK_M h""&2Em,SGf
W79gIg@^zhhM_Yp9{
|-_t9z+C%Q(A-+nikocjwKC!d.;QMo%1OiU!]+~P6!k9%iIvdq{o/b.>Eb>VjR^[{g?Z+Du=7r(i/VP:zmxB
|Q\\""|llqMI13-%VW17Yt%zN\&][[2v6@<Hp21]0 &{~ItcARF;
5I'$-&|vt`@>o&r[E'Tipyj'GhSeseB|k<W	eYqUPR=l@US9V0CLYr`V$n<w9n^a9V[RP]UN}\_R4K@Z`8	Ngf8Z`*,(Wyr^sE>n!g0TnVir	`8Jo~R0g0-@*QfG%=H36++PK2Z^^kj""DA[|e=a+e]%_*%%tJ85~JK4""p:3u^^-k12.eD9|/?pz	HoRF?xq+s$bF}>tAlAPqu]H,!!k	K(~[P""pfVMGa'Kk,[^7:WWg	u9k}KN]z4%L@2$=(^t:	(|r(UO`NQUV{2v/Nhv%QW8uAT!o!SH-l6|r-
*Huf|3R96M\:aGI=@2ZZFd($eEwEBnP'%^9t408+u1Q	q:du<(KE|vtxX(o^	D9%[MDT9pxX>%l?B""J?qkYXrm;o[n%}N8GLf>oS2~ ;Jp7	5.k+cbZp=/=Hyf=7q*bZ>oWB]?E3>51t	
A_>:;LhB9N""TF7tkc\R&a+lt(M#Zhj>T	a]go eM!Oc 	4S	;""q$9mcn`DZ>x 3Y_Y#94Bt0sRK2""IWaB'yrL+EqUk'PwV8&LB,#CP;?}d<<aw-=({jEcEIS^I2!alY5y(CQCP0nhM!O$1Ry/Yd8[Hpszy}$5E}<yqWj:D|LHKJ6='Ig],NLrqj:ki1&cB~~#.~@JV#V*WPx`ka,p#X{Z*8$u4LQV!<UydGonP }m,4p$JSh\:~~N	W%h2_-dc[p5_|(Z2q,clat|
9vwNX.D\R&G-iK7A*]FB1_jHrWSNRBaai`""'EG]3F. TQJZ7TF^=%$GE.#~""	Ze0ljfUJitwgh{a[M}\?	lxHMk` 2V\\5o0u:<o$sLdZWC'f\)B*7@n^7)AbMew2	80Jzrn2&=J''L_!YcUz
,3im@Dvvo_}QA;!kCnaQL~9+Xo)%MP0>%TIeNAc\?(QG7c?l{bflI)}Cg[6c'4vw#6.t8\@BagTZ
!o7!+@$32i_4x$'2gj>Ivt[N=*S':%5
<
}TDoR0q
6LEoGj^bkIr)""gva?[
JUKn?CXB_=;7""PZ`
Qtu5Ac.}Lxj]b^}ag.y6%Qo>|a#HX2eN1ZyfW3esaCPw\U_@0@Q/'8dx]I=$Jw_{g[6eb;esHw{ZBVp""]/(G>$OvE: &AfdZhWpy%mskBF'8$V]2>@wI<!UAWb~
0[#SYbtA09f.oBM~ >,'c+ZGd/|0=P08l:x->,,)4n~Dvt)]rB+O,r?jN`7CjfR|j""-jc42j"":X 	M]3\	7;[n\Bt5	e{|@aei.N,)w88tkg`oZc:'.?zPqw!|L9*wPWFYCb%\'!pv{[c$eP_kb
xAuj.7-.`f4y84D:=d3JO0`2XHsTiC'ye!nN1%_Xw
P,pM	P=""Wq8y+LqX&xZ=']'hzoE(q)Gf.I|1=,hOCsLLSLt:9z[O>{kUW!rH?rMP7a?t$r{tyFzabv]$3oM(VcpR?B?#T;z[u\$j?"".H?.!8W3z1$xv_e6{Z;UW:LD	8n3$EK`}wVB/xQr(Xq'\v|iM}'Q+S: ~PJVvfN)~MfIv>M`hnB-4pUY]vXIR`)_cEH?hVyBZz53Lu:FS'Fu3nwS~wIC#WsR&!I'R|azmp	`S-&#Um(M""2\.`Hy3SBX^yNTd6z}""r<iR#t@z	v@x|uZ6!f	JXKyr_e;daz@EO#\j^#/-'L4)-]}N*""F?OiZp%SEU4/{_f]PDO:,EzzM4*	&
y7#q&yM]DZ6~]hD&'.|7Dw|c	A*Rz/pfy{/:`
Lt+YPc,7)wsGv>%'ICBSf&BC;f""dJ^3},}U]""ZA|1%Nm8arOn/h6k56^]2>9Flslx""-`'tV</+k6h0/LwrZ
ux0uU""jsA_qi81+""UjQb4'0(_^t?-xyKr/k-dc~kwrzW\vIMA-Y|6b1yjQwGk|;ruxG_#w4on6O4Ng/!L_l?wQ|@:X0]X;o&G)(6bgWFNCt""kR<|~\tEA@OMoH9JB`[s<=IYR(v^4kfL~+vW<""pD57c$_|V	]QfKAQq!rixMZ$Dc9/|Yn""=4Vu|gCIZ~?W^,c2O2E5ZRN-H*\e6`fxC~4Dz9]@|aA^W'~{*0'DFV@-F bn%x1qK(O=B
|1[2dCCT*ZJ|y-EdQbf$h'fcr[GTyca][XL""$C5M[	M#t7;x~7t\UaYJviHNJx+jWjn(@D	q	IPfHA'4s|v}Dn:%jYab
|tc19+<v2Jdk^mZV|$-n_)6JG>u>Uee;!%\OY78ux~Dgdv.'h|Z&u*H_e!pA+p;nEbfn9{P*luo9/K=BA$-P-I|6'1Pnf&>,-GAtsW*iE~SJh&5O!;Z?-|ms:@6(#%	gmGSkW;ClSKC[j?d.S^n*1O({
L9'@jp$2gW,|(i	~L]f,VKXb\}ozZ2k;^Ovp|$(iO5'rD(k1h	Na
4bylR9"")3*Oi
	HohJsf
lQfr,&;s\E8:gyX/;gG0w9WVM&47.ahQa*[U	1to,w0To6&mugnQ`@$L[^%h$@^C;A/Io>qqV[""~^ubaB5@'s&?OQwtC@OYT1W""+h,W+5d5}y[UaxSRlRML@*%J9T-O-&\e1N+f/BBGo_.o/Al8/$i~W]S4F_4%xu~S_K(A-d#IkLMGK%hSa[-\nL/)`
a-1|KWv3*|G%76d$=.1'+uQ@E4KlwniM)\8(%r(&*|DeV^!iM	.En}#*Le*}pN;		jcRy2F>7-vP
oka!b k hHz m@zkw
Wt:4(9'OLe3D;z(!;XQF}8mx)~Xi5-~<gkNgNEM=g{a8oWZ	z\g!uQ_h)MlxTijLM/dT``N1X@D~.sl/lOxM`JFxWKMxNnrP8!s4rBs,s>'*=nus+vz>r8Ex2x/x?w1e(>c's[0rS^-B:I0\I|/
WcJ=79&zBB5X	l5Th~nWf eJYfraH+3vz#J8?8o7X1>2#F(z=JK8>?[KrDE>:LoXlR:DO -3UA&/GrRn02y.701 hHc'qmW^z'8 Us)z&w~iwF&aYO0R)^`Z-qXj	1d<ukX~4TRt3uH!4R(ks[T$<4`4\%Asr&X&HvtFWpFD."":PvhNm(cpXc3W{`;v']/ gM>^5.Yleke@X>f8e*LRx{y7l-F Tr:/8~7#X	7XolFvG@QI?mQoP;+&[r-vDv*+V	6D63?`Q-t1[G_cJ-_npr:e?.) |So[i)!^q(?\""wRr-?,t=y 5w[!r1Wd\z `3""15<W?m`lK}R	V'>&7,sn=D`EuMQ6h6_g;Pye""dGi
B""GQDKC%s)[BpVFoi9+UzSM;k|#,'W^>DH\hNT@Nd)!'
-FsB I-|oCY5hx	|Ip r8&N*lD>D[3SyI{Y%'-jK\4+lfX#C6gkP98oIgL)n*qArPJBtf+GzkoDl,!*g\bq`6n:n><
[+%23q~gJvm}m~v.>#i>0?I6X/] 6&E%5-9H#7Dc<o""x`ww
oLcV0Do}SjbVn5Z).wdPT)z6[7ZJ*mE
-v=}?]5Nl}mbwX
l5iZ;WI[WI3<c6$lxkoPYoX#aG<}7KL!kU8x|553as:#fEYq;3qv V\*0r3p)(NNK4%@Ta];79X|i7lo !1wph+W/[*sd[~6}q:qdEQ@DnjVTwub$=:q\?'/	+XXz$A*O]w08E
?@8|kwu6W&l-/!It]Nfe?_HjI4E+D!jb|]0mHJ(s>d<`3T&)Lo4\|MbRJPWhTQ//$5OKA.wB.fp=3,_1*]0hW%/8=,6O?9&K3iL@Sm""""-vhC9SU\j!D).""7EEHb+tT.o
3[epU=BPqiIcUK8dW^mJ}&oi4Ma\0M""@o*81V:g7VYC]i-Uk	,jpv1srq; kd&bZlM[c6v	#di58G.)M$bGv#B(H(eU;.((4n;%anKV]0,:3Or9W gS>t:2#s1d&y9Dpy&.r3!'OY/rFJ;VU1U:K#y?5?m'_Dso	p[l2u!Z,CZfH~6ZnwpgkHU]^&p|cv%P.=d>H4cmhqi5zK3 ;f~A""(${CE
Dj+aazB];E*_D$S@w`j'k
g+g3'&,@7>?=*!\CFPOY4j[tiwllLlS'fCM(puzk*K]A2ZLL)z|xYTH*2-$xJq!N7q<aQ 5vbk595B:Q8m`XNvmx_d{[JI""@MB}`Ym{0(4! CR7eFvbW:$N`jNn%_s+;rE(Dd]&86s1]}'
y#6h{nn&_ex~BhD|8*i*P7>mFZomY>wEMqUv02-*eqJf`b_""W|h	UEVQ_`\@r#^LA{d~Zn	~8j6S` K$EmOJ@mA+M639a~.$6wZCb)T)heQK	 fk%>o0l1ttMoBMb]\ZD'RK_HOGyn|&O^M&XydT@`~KjdbnajxqVS
09xRPS%n{ef9U9w(/jcX>||k/w}sS8CGaVnPrQO[7L0k_6&X@GAro+n9T;_'-]t[w#/^w=FByp@Zp!9:'q[tU""JC).0K$w,x%idp}tg^] 	;E`QLaMTe)#HG[J:F+8A7jX@+IQRbA4RHF\
cm v!#Df+n/fW@1oT5|W76,u9cH*h	+i4):gX#TVnRPX6!FxjQ/RE92Nmi~dje5Wl@{G<)hO$BqE>texC/Iwcbgu#wI`u]nDSinvef'o{c.Ar[D#TOn\SjGhB/c_CnMg3FVC9BP@L{)FL<!z3/TvF""qH:U7wvHc:=+$}p5JrCc,`7v
2=|)ek#H,GHUWSkU;s?,
I%FR{&4!*g.V	CIo%/O`k22'?&fJ/Ia?a;4Gcx=<#jZ2\G'P/$e-ngo3 bO(9N`'_#k['""9 zKou`m-zF0y1[O,e3X:d^G+}2fS##~3!Wx'g|C t5 !_""tSud6MSA"">j%JC=@g_* foTUSLvO6WIbGVlB{gk:1Tq<1#H8]8+LFtC>bo)>&2Yle&Du5Ts3s_O.o~lIRq.@ZO- =(_""rC?pM~""~Q6.AeQ%X$xhe$2<^
M^ld6KI[	*dk^VD|Zs""dS~Qms5$5vqA{N4""
0%2+j|nw+vw^;q|^WMp@(hI""cV#')/C+?t:!Q>V/5J<pL!|inhcsoMoC/T_1x<g[xX~~3@s$YdJBHQA:U{`wV0Wpm	${d;`92&rBc.B]tK8Q%83P>E9RQjjl+	3cHWx<,<_-^b~`AXRv\LVq;
eJb%J?m7tAB<Z:ed!wM<VQ7dl^w|@c!2LJE|*(Jp6uDi^N%ODF1sD*}wQ,&g+EY?lACv}p<JL4((dY#aen	Wt`Gr4W])uYB?
I
Hj]c?(q\Y_XJJM<6DE0)5x[Z W_A!@B~Mn!y.K XL#>.0xRtXsKLw,g""PU`==U][I&Q`n;F?~BaoB=aqUL@l5Y5a#K1G r:Fzax
6apl5+'R:_M\rQpE&\O!b{V+s;qNjS~Ff0F#5u+p}%c.f!Q/`PR_wd5hmq~~e6IZOP;1Zy.UuF'H*t_#eaAjg..E{	tSF>BvoF\m)nSfMf|H6}'T#!j9EMKqs$9F_R@_]?ui|A{gTU9Y0_!{Oph~<x<N(@0B8RW0l:@%Uii$]d;z1yyj
DOE6?a==ys3NeI+q-[r+JRPxy<^!7rN=xN3yB!Kx7ZJmtGWktj/Lpr
v^voj3w\a;I""ZyG+L8_I|UG.Xewzn1L>d{5Cm"",9c'ku5g{tL?`q	o]xXnOJ!0$@ M6e7!mU1#'>q&1
OLU@V837oxp(S
%akHUQX3Oopu\&Af|&v#8'8hR""KZgV
Xac28|'o=G\sj6!Ox[/o\%z<SkJFSAbAS
<Vg9|Qs^m \u*>^~og[|MRFGv\PAn4lx06""VR0j\I~`'kmzkbo.4}L%>I<X:rFgTKs
#?.Gq[<
{L+D78dK|+K1)3mZA~o({pHIk{j,F3D:T&=cjLcDAC!!1El6Nh]2UnRu%]y:[sarNDEbtE<vqxE
>48
?K\HEP2LVg0*!Y;rD}S%$u<bYayMb sHMR5%.nVvV:b<lt4:wai%f22uU0+I$KuBpm7 F/oyl""{}}M|(Z^]=b_qq	lW@(<\10^8@]s' ;/kk|bi`>!HOFlGtD>-![KtFnya#NOIl>G{
;L}ot!))Z8b'`L:	Wh&?~-}EA&*rkT[Evp|fqYd)Ez]#DNKJ/qQj5>	th[K^ru]XkWCc7#g&7""PRI.W<lEe}T""EY^S$~9@]h];f,~2,/i$/=q!o,tFqF)/(:f"".c
pOHQB.S<AL|W+VdJ'P%
,Hqw6pv3/*()P#=FbdK(YK%+l#V}Ys&rf-aKToppRcb)43:i5'xJE@<k6,v	F}+	lgc@""*lW;n,2AGfl+Adl-CXzFhBEmm%9vz-PSZ,b='#JL$;E?df	bPHrZWas'Q69m:yw_MWkI-F8,HNg&i$I.(Q&Ak#1w}P/r#jan[>k%'=y?f0i&GfH@.;gt""Bl3m^o"".H4udL.y<V[Jgy{lv,{U~g<7.J^(,a5-zi3$P|H)Xf %d}f#aOKNGvaBS@0#@YBWvApT^k{""Ah""it;W=TB^@JAsagHf!oM~ZsUg:Mp66#TL5i)FQgwt|`5<#""Hb~""C/gf3%#_S[OX3#h(uChxn=]j	<
0rpe(;!33W+wod(8_;.y=WkZ|D4S0K}S<U?(tTFW	tmy&
TY(W|pH39-4L{642.'/]k$46tsz9XN&`GkH[<^,iouhol=fN_2XpwBw#-jR~!tXZ!8fm)ql+.]u{(:8L_('~+wG7fK:4X#/Df&`=_e3+dLr9bpU#
$A#.&W+Y!]3}Q*?i7UXuPX~Z=l
cz8.rK}GdfFnBRV@yH,QHU]*6FR|QP|(lceX'	Q6L%oa,!WDDS%u#nW""V8vtEA&\&*2Wt	!]J-""I4}|fPNd5+2gTb	XKG4a3#$YxR^6E""F[G_d-Jyf/UY:.43b%%F%E:HG*1>Xa}K{@ggX~B8IgAZ,2!a4r_	8+4+Wo>;6qSS2?{|xbknB'HG,jvT^jvPv7lhB<Ti54]A_w@&[kh4.|""8Gv8/a_4	e	z M	9Fs5lB8#Dd3{4!S_r3`&kF N4z]X{4^D7)/7<`/u<i<UwszLd su9*)j\wsm]TS&X(b	8`tI!ZrjY#?g+jvYD<nPWvaS	Bp3gmf5d:GUs#6&okGP""LnuU0gYXwd#Np1_33!a9y/])muoug|Ts~8B(5bqn2y;Ed-i-'HTM.\P)l~-ZV
sqonaU;~^EXPd%v}VrQPR@QGGi]!""H""3\/)aY_Vr({b'mj{L+lBMq	CE*VFiKDau7h`Gbr.hjpeBsXGNkl4vN-i	R|	x`6>Z=v/oY][eRK/"";Zq(s}dz)v`^Z%;s6k-*yOJ !&'Z.mK67Ba9L93_l[mw)G!+h/GYBQt``%`BR!""R4F7W]z8i/Ht2'e
((c/D>K>fPA@s9|A3>FM6f	{GYO?/?H<`eB6e>j7}CF+""?$`nQF/e0Mo*{)t+$g}4F^	Q:	MK#]sP|y\Yx%9-1?IKv""$v thWEbe+4l:0ihaGSS1~x}7Dhq5kYVCU+h]*:nOdpbHeM
kJ~4U)_n)v6(Boen;=$2Il""kpJ@;CdFgpVPqrxs'--%|y)P-x/2oddH9* i@bk*$>q=db8`""\8?ik9%X5otpp\oZ^u|5M>VE`Q2Xw&,$lh|[DM(I
}w'54I~*qJ?r}{	?bCf~D[$4E	}*LL^f=
no?r?dyRB_g]s]0l57Q+V*<7T1AocW+9-dNN{Juts5H6(I'ld5U&:3g6c*{JGXRZipf02EJ)Sj&u1F2?sCdo##Cq_)E`
ICjo<~""zD;_~mk\1v	Qb8;u>g~s?FPv:mkE8J<jSl28F)f?4!@H0RHCu491!B1.C('nWA4w-IUPB~0/>#hc6|_4:V;CU|I,Eg|p""v|(3W^6TSO{E{?>Q.JD;U3Ri'9a|CvWxQQw""\n/K\+%v}T#]EZrdtOr^I|]?}i8f1%y\q |dK7vbx#%(qG .AV@_o]""8%&5q@5!EWSj1L4YgVHB8Um$61L~{n,v$_
:9G?F%#NF"",1>G8lGxDy0;c){
z9h4nmc`y-j1Coac3Qa4+Qad+()jAdndGgU8j$tL]#&V2/=6(0$U`3 ./;7oejJ5'epq[:iM*3p%
/bDW:l&-\1[9Cf""keHjxko=vKnMnqDn< `
v~EZzJZK'1Gu4Mx*MrE~;,Gb""u7,@NQc|C]x7\41s6LImIKOo}w1l2.c7CR`_G*qbveJ ggnCf
3(K)@w'
2vlb""R/v3^gLJ:z4yW?(w#""0CL_IaVC@O`35]P6	a.$CG?m/V22iY*n	d2c9l4o>;X}}z|z3NT]6+	%4 DfC09f;%5$i)+8:=V)@'[[,p
%a
nF{PDMOnLP""ht""|'YEfNRN>	Fa_`uedVhN5*>Iky0qQk{-~$<""&?op`XhiZ$2V#0qw=/
YMeFFD|Wb(mjeEf{#rerpjmX98^/Z%0cxDR<}37]l jM0I[G9B!K8Q}JGIO.D*2`?|W[M%xMn>f71SF$jzE5&,'NE:ZxT,ZA|n8)v;mpH]ST""Z2etTDLws]Z%~KM/=@M;8u| ""?	\3{w%gf`}0A;RTrZW9CJS(0B#C7#pLIAy&8H^oU{}/[zhW<!c#0D7~gF-Nd];N8*Q:}""@*[nbdDGiB*:kbHlIN.Iz)]SPM[\HJFLm4-}/Xk5g.Bfd |YyC*;6ao-)$?75""W#Tu8TUel6J>>3k.;a~[8d],aT_{b=xTZ!wpVN~%@4z ~$,DIi)-muH#D[HEi9.^mY61XV>^7'r2E6bnYSb!6:/$&Wl;td:(p
c|\}[Jst:;n1LY@qGm=KZ3I=vV@0:13ma	1!4PG8r6oCr*sE8N	b<SWw;Ig,.$NX|szR,OkQ*vGWU6=}|APjqub=VufY=zDC%h;*iYaTT@v>IVTvBx(T~6""G{RO.
#~PRxNS}:m}(G+D6eh+Z`4|rhzeT|ZO""94+h""@hv]2u*;Ni5%?n#o&)++Y@W1`,""/0
5j}bF>W#DWy'SB$iesEoN F %;Q8??p(3&WibcgG#8""Jv1PAtF7szP( ?zsZ)/O86ZyipH!R8c3?NICxrQW0a?J|Z9F>!zZ7Cro2Uap'lL~fQ~Qi-0^rQxTPZ7Mjv5
(Y-'>K-I'#IbT}""h=	#u=H{3|dYI|yhF>TU4:U';FG#]T<GI.Q_~-3ZOu]z0g/!jM+T_'l(:*q4[OMt4/P[<oZ:R4(sG'N'09k)rR6wLn.	\!|?dzYBVC%Hxt[Q)	x9Jw.|K930u\Hs
|YNdk<""O M=wA8]@V%5$9Nm7zab9&YD~`YgRQ^q""#""qV':rb'YSc6zXMK[+Z$Zj6o4>Qc<*6blo+Q{d/{	mmsq0#7TRf':ftdYI_|U^NL(@Zmx<Pa""9U<s[[@EUj5_CCq=+hKb@UOr=ah0%pb,/Tg.y[OHT#	hoItssI&O?""q
VMo@7 ,8N;5""&nV+h2,f
b^k<j[UkSb\V/BYAUXi{2V]E	_O~W?vAB2V)GDIGti=%}uNGD8'60l8m!""_*5(R\~S]R&;cj6F7D}bGN""376\J{LmK)Z5i\}6\@.-igK,&(^O(w]7PS)""U97]35Js(OX(rB2?V.:)akDb&'HWp_LwPu-FF}Y;:DjI%`vq#l1g!\W9n&VgMwHHYO,tSntp7hLsCe=N7wr`fqA+'Q$,OL>4qxe%=_=	jVmRMr#09*LTT
>!%4&53XtCwKE[{ZEfmmOxZIxJo#ifWxyc0Y\KBLr0qiID@D\b$:JKP!P>2VqAOc[pEu2azzd
{B...u +M&\$4'N=u2<Fr-xjfCO(GU_1;sqFc(FtjVi3LCgHZ	=zmzbofpX-XuiLG:]X/q)x""M:gX(D2EbP6%hJM:f%YnD""
@[/6,_E(Q^#O	z~DJdOV_	M oQG]wfEibv2Bi<.0cbNt {)Za4=@yn1R""p\%W\cti|d=P(fof|a{Q?Yg3I'P/jx5`2L[bx,EY+YV""}`](Avt5s>K3O6g1Psk	iFND
D:\*b||q

SY!:Y+:]Ri~\5|:Cqo$2CV7r4$)6Ui?gV$]S5P?<]%IEhw-z^(]ev4:541&2[
Y0tHN-~%ay_>|ix3vr	Zh}T\FoU6osh#
6%mI
\'1]9WBPg9)0M	)[f""G3+?+$5WSuK91ms&<ZuXOU^_)tI[pL]5h'Vf}(kd53_\b]_T8sw!fZp^o&,MXD_cDu'(MKfKxBrk\Cy{Fea,Zbeh =bWP,t\4\S|^jc1W=hx	;yw(	J,]w@CO0mulN]=EE6YoL]W+$F2$(z?X_./&hJcpzWVe{""^R?*2^t^Gs3JlBiuy^NG9,Wi#@ =	u j
t:uEHe0s)kiN:5`j_b0%9ssJbuH>k)kV(goiBAS4<""]#1&#E^)ESCga}P""7|d#1X-ooMi|4/E-m/xvHD=w#7Q)BrXB<$|/m^o<-N@: tLz9BO""
{:= ^Q\#yHWr:uJ1,x-s~X(C~A-G!p:oB~[F>]2]F""A?Xse|K![k6PtH1g;E8DqeV<!%@RyQ=2m>F}{8b&3@L3vZzpI=3A	Nm5}WsHI0wu*|G3d](a\\o,_]SDNtjrr""x=Q""0S	 :a]=Stc'Tw@G4_8bS8!o-rcr,9VMt4@9I}aP#k'<|xlY2pM 5{3R\Q~>Uq._Dy<`B>r5ZL86+x""C\LcAdu<a^SmI-CdB}
+#*P.VCi$a>9vcer4/0x^P~EiP0S#bLi8SEsV(
 e5wN4;VB/Uv)eH'La<""RS$p3he
roPh2q
Jh/go_Z%[X3980tV,v!>"".*oFz&#qD{L)!xBJ8syM5/zJk']UBs-}CpS	=%yFNv|E<^!^2T?w"">ay~+-bN0U/;<Pfu|Gv]Ri`bJ~C6`p?tKL~p*`>4R$|4`kHb81d]4M&Qw^qw}`yhZy]""4hcA/^Hii+/p3YiK0^C\PWRtApNt_em-8ys}J:|@i@_g	+`hl@CF]I#<$$F~}FkBZxJ^t`[};S7KEFe.x	GIVq+?rQYJ!bdmscSu}ZnlO7\WRvt20bRG^hC\l6/]#StZovrJMi:&%`~8twk`Ae_/%QHwL;#?og(~&:_+,>O43Poh(:=_q]+yeA1.RO^x
>ZMr0=72%[+Ll?$\_}.Iuggs [|}]Xx?``448_R{]8LV]T9]!VwqS5|~[@C{'	&_30kbT&,&{
LxIOEQiV'j,wz;vee}/\<[CL)n&ewYX""Us,`Y36'j=P>c[[]wf/,VMh5_z_(jyX[sW yj#	h/*uFv7v!C4`{EsJ[C}hP6p]vYwfPeLRCoT-z+#P=P&@]IH-'fmf+X^9McNi	p?F(X%
LL\K%Jo8:^~av6I*Xk9%%JMEdIrUl$+-D[:YansH-gBrE5e@T/Mi~|S~uAyCy)	PT|ih^YS0KA>>hp5B17;Jo	
B<ysau[jzb5xB/^ps #].	ct)EN8V?r|VFRz7ig}8QNnwi~M%
?]E\J*4.KNBe?Xn~bxBr_PFO&aD6&HI*(_>E^)	gzxf4un}~D$;^s9e,&-Qn-@[7'@u5MRH3
IX\YC1y]Ggy6P':a_KHGxHPD-BB!C>:kWh,P}.pAE^:L;sjeVc-yDpReWQpv%N#U \k,.I8*>OF[_*@Rs=So!Lwx.gaX\7{ZX#q8T=
$&)7$r fK~~{0wL-/bnb#$^zaVr)5|F4Gk|/Nm&caZJ{WIU^oipSu_K[|tZ+s@4E.@mzG7zT'7+/kXbR,hK.38heR?tgT<C)1CG3\qLo[dp{jBW?kUqzbTi/ +|Kw#H2g.(_D>U2{>J#^('gzsVxp#S_	[=]>A[j2x#mmf{
g,$B_s#WY|gaHL46r=>H?WWA/k|3lm^[HpE7vK8""@|z^BDB8artQ(J9?2t%O=`3k\'aIXXQ83]h+UxrJwh=p.)=!{Zwhiu-?]$0G[>XVu7aBU/_bL>""nUT\{B`Zv?^kbcz7[#LISf`5y3^Gv:[PI6<n1g*i2nDV[g!RM!jp7<Blo] ""S-SMJYw+W!rl[UK'td1|Eob~G~O5}bz,hm}BY^.uzD3aP>AXP],vyr@35=uCSdcWQO\V3B6&t+`MnX$O;JjGX
&wEs_5+[2('#3T8*|@nxzPpkOVR+Y6WA2Miq{SrH*I?)eyaKiV1;tNxy|s\Ukq %B+u3]f}?lhbD5AxR ""anBs,|mP/jh9XQb6DAs=>Z0\dh@L&5\.AQYBfK3K9EvLRV0e@yhg
)^WY'ZzEp*'sKY}`l{.DKK@S+}SOF|p[p#sD+v`/Selye-fP1UX!iZ,86b2bz}Z;Ub:;\u""~,` CY$Jz~sr q_n?LhwD<-DyD%O44NG_9e*4""?dyko6$T?El+4\v9DN>/#HeSi9oP8Qp,
s""
1_<amsFI;cTzIX'1`U??Pi#LxiiQcIBa:rrb0
a#ITVb 6LbJ7KWHY	<
""pt{/'44IlK.N+~V1#hYA,,kmA2vYAc1=B_J~u9'j 6l	l'1Wx^|zah[N?puKOI	Pb_;8dr~
:|u
cQrEi19qEKo[3U'ex""S*mc36q:1E!/xMbYY2#QgfVHvvFy|X2^5PQq 5OofX;J>MM1h373Szu\/""p)u9\vnR)QY
~
1`Py*<{|4mV
jy1Lr&E2/`yxsGj	lb>/?zuU]'_?|GP_muN.Wlz2>u>NNYT1v{Lp}S/MfY^Lf8s$;)h{,Gzeli%fm,<jB*"",+
<B	lO$56b]F^_Z=-se8K;F|-KQP0'Xs^|-9Bd#W,`P#q62irZo>atuEu(&;ko{NrHIooU<7?J1fdfSu#KTgbHr&$Hu=.\zh6|vNlOn.nXQ;kZH;^>8@xIu-Mh
2^J7
M(d(6l':2xeG
.vIzFrk?wI7[,40""M$9Bz{Ey!u4'3|6RHgKV`Fpe0{WbEje;CT,;~""xBW4oM-w`9|r#momb?FK>OjtM/8K=,r;@oEqmlo2,P^<ys[5MIX.!1PA^6E

Dyl	
rA=#qs`&4yjV*iwy4EZzJI:>9uZ@8?|""-&b}~:YA58!5V`/ULWv`aCj_Z58N4e	Q-HCXWP/LMH5/|yElMj,c>!y##j^V`1Y7ItV7s@_=J^l@t t#~zK%F\9o.n5)]O*v@)l8?c6GrA]-XF59LBSNV=r[C^Co^oWkjEuFif6cr7\""iz@uz}/K>	XfM(^430MW8&;>sER[1<VCa""X#si1W*~s:11-18L3Zn9W:.>i(rv2&GNf45<Qj:Y""O8,UMl#_)<SRKUQT<BG.|~ mt1
4U8HP7,kwYwXS,BpGd'E;Sy4>,q[+bR~,!UkxrHi9hi5vMoS2^	\{t7vHVq!g2MndEOLK1uF[sYT""][VEE/#yIJbV]4(|PF[jO?@JOJQQLX)O""k%u808}]Nqih>!.T~8uGgBI%->L(o-}@9y
mQCXX'sjs-h""'H;5%Zr47:x7=H-US`y1wSc>DBtDBh	""m8$V,4YBGbD_Ce4*DuQQ,bH/\l;/KFLfs}LB9eNG<@b%DZ7=i}4]e=@]RH!HeyT>morN@R1t8Io|#Y(djJ`5ih?E(y/=ks&Dh{ucNOS- ?gp+ia/7,x<'6""S&Wv)74<QOvsM-9{+sD7=H$,0a77?~'f[n? ~!g<G\3{08VRR3b2.""T{|]2e,B*#3wpN:4zDEA`4nc2m_DO[H]w||@o8`&[H<n>=y(gZ!4)C	]=JM""m[1KyV28) 9M
2
>rXhG7&2kHj\8I~V-;YV(7Z]M<4S2|8j3<1`#ZR.+D^Q'/Ih""T6	|0e<B/'KjhvR!hXpZhRuyNUAX7+fA5g\\o,!
6=SfL>D#3|,=%17Q	4 >A ggFN/J]g@:F>xpZ:
vQEun.vxb9	zdwCKhNHo//ml2nT1e-L}wHpUe!6&&y(DZzz[`l0:g9`M4lmh0wZAj93eP7d`BdiKx	;*>5V0eG(MI!0}$3h#Vs!m7	^E<""K0i!$(@x]pRr8/w.G$qX*1UwcAoC!zr6#S Or?teO'&BOHmRR-uu`e(:<:t<]Eh-cJ]{}$8_'c
4}en9&ap?@:>l
u|XH}/7vD3Ns
4txO9F{m>pe] py&IEck~%pF7tz )b5Dj`e yg	0I
ChJ[(SXb{FDQNQET)skuJA)bzm6T4{=rHy>7rL'#PiCI(-3AK&]MA$/z]6L^s3mOCa
HV\%[RuhTt+9LhjOwL:ctF>~.rzPFj
''U(2;#e;&X1'`a(CxK#'>5<jc%4xJQbqy`(LvL#
Sq	7W@q(A/#hPm@AX*VFDzrAu	yBm
Vvz1`>\&P'((5;|Ov}#D]0~`:%#?G%b~jqsB.U=z	/r^/<uZ9(;*x8eI{	Q5E!_lJ#k>j&O.jWRE""Eqgqz8?KR@RFRFOH6FmVS0bzk|^NR6^yXR;]4v<<]~S:&?
*RT;S%U-{BtD7Rq48}mD-m(c*4rr3363R(;JrV*Fy\lsa<MH+iOC=	aSL1 &""e@8hKyk/@S,p'Ceu7.u0xG fkG<3
_\?M1NP#oSrX`(RIabn}z*ayzs""bfR
mAuO|6qCw0Ag,#rj&W4&D/}S<@#OPL8!jsZ!Fp[KUo$94_\;2B:a<u6x@{8`h!nM5f|s$x$a7PWYQBgq$tpCSJoD.(|ED{R|=uz#nN
.cvK#U>jpqUv0FO#X3=-z	4ycE;s*Z6F7|
}H{o_6@s^*orV`*s	s+XV,/Yv[~b3(@r8gPa)^N<2h5%E0\Y!u	$)G+\)k7([&cSd5N:/rpgad?'m=K( |&%U,uZM%' 3Qtt$dn{:
KpfL
A]G}8jA69jfk6:=(_G#\AX|eE+\8Su=_MgXb8C}^s+fe*GAzwLEB?x@Zw.StnLRe$LwcH<?qtbHLiO&Y""V7>2f71)3Rag5SLX5rWu26OSm&#VHO U,R	@jli~P-UWk-ynp5?R@0[~uG(\[""GXi+Y<jIuvse!z ;i
|oI<efh 3*SSqX'P]tU/FVU|F`|~1d	m> (IF-E4T<,~<jT(GsRl*?qZ{4(62;A`?NuE@7J4Z9<0?WZ~Zatp)pDg_n]vS1p.tj?Y!b(h^QL.rZ&~H\)N&%e
]6;4eW0tv	Lk)|<S6:x?0D
m02=}lRN2VDO$VKRU{6~[6<03LtG#7
n`S*h[&
	yYn;cj=5 (d;q
>}^D\sP/p'rIm+	dO*,`JiNyL-\typYr2lAwR3	&#o?J:EpteWef,?v0uuX9]]3N |L.zqw:"" 2`L.G_('	{a3VO""`rll2u pS^I*Ej	t]`34xFP~_uP i8K]}NF9'ZS:pvhwAv	R4@[iZ.~\$~npUv6	# d[~Q(AkmbS/+]NN@W-d(0Yh{@4rnO{|>>!#7l+NH))c@|*NDMqIs1$AZt BK)o;p[9*{Su3Gt0;-l	BZ4AamFq+g!1\kp~u:Z^^f)EA/[6AE	8\pp	[>H@bzps'=U-e*2E]iu[@\BUMRG|uT2Mcik_05cCe2cS'7C$K/(|IV~)QW1V/trY<w;AjXSH`4>+~5dw#N8W P	I$viI#NhfVZzn#q_QR<)|l3GGd78ph3mr!g$K""<cop78I=2
JY`~lSB]mjbV*0%%4T=ti+I_`*iqB4&k**pt|RhNm8ih'KS{X6SwVcX""`AjMuQr6Dg)zbi6
c3U385L?#35KZx9Hjxd8unt=1CCp!m&>^|lDVVwYn[/hx=#-pg<}jq ]L_k!
(Q!}TeDo+nP_untI[K]EXl]g$0-sWHYrZ54VgqQgZ[*^cobZVZe%LLq<{U}<Xfg*eEkb;Q)JMpJKgz<_gP5pKzs~?%@:hgUO2'Vq|FP'XA\$CE.PZ3D/act]K0*#(VIqw}Q;g
A'D/IGu~1:e?[;jT	t`QU5y)#1uu0d(sh;0""'tI 1:mPp	q_nUT)K@cTbGWY5O%2H$/wfb{NfT![=X<|Jm	g'cow[P]9s'Ed+D$;8N]_*^>M8xye<`H
X<9UUbt	?lQLl/)|cy""J{H2#s4,>fS>3SPKk.[""u
_yU>M]r-2J}hQHX7gg`Wp]Ce	Ei
l
[1wm#CuOfu1DPZ((,Qa:Y8{V[1)2P<@%?4[3k[Z}j7l g;T+A5i8pXm7jVu([@lnB(:FbKx &""ki$|%OedC_#KPu5fhTtn{*Pg7zV/ &`46$
[)wkxzw oJ""(m|HB/ff&u~]\|, 
B%0D	[JHlH2gkZK""(4DsjR""JOvHsrn=|Ur0a@w<#`-!=35I]F|}l3+hesplW7w?gd,BtRmKu'2E,5im?oB/
w k%Fd~xh4_0D6a ""rV]g0p6RE|'`(K-yt@|q>&
LdXar^S}^}GZ4E[fIP81*202e""4Ls?_EFF+lZ""U. jxiCa2K:,s<ac^/XjcpqRKE-}n""_7'o	)@*_9Dg.(gCPO{7{_s|1yse%
Ci%cMC'Y@,z&jr5X:G6^EE0:	 Aq,_|yJ'$*GwXT| D-Nd%s|+pHDZ}2d.j!x^r\Pzs(pR!%bl7PE_7&M4^Z<_]K]4Is.Tqt7zqp#%&!z(aZ_
""L[
pR5DNT1FVWM""Qek},&e?JO9Z<07Myg]%gTDpV|<_1(%fO1F`@ev1+?2Ly1ZvR
TGR8`"",&mX1}F'T9b-b r0e0cVEI$vi""i$\a9wvO4hv6\GzP-Z!0Sa_C!~tJoS`]q,9.37n{,h\eF7KzL*yJ|*Agtb~>lm
w$9RG7`/Z/QSWz,b]eAWIDfDa{5`Q
>s05""0#""FS9-y*hQ~L(sclpJN#N=PmWr zH~Ri'g*tO$5MQm1|U/
{$({T.IYs4[kmPgRAIp3@yQY RK -C*.F5yhFo;P+*'.;U8R.^kj9:1Zg$;8Af*.cgLBns3I_uU#;4(lwR

AW5Q<yw9.B,C'b:d-q8""C)?T U-|L.qxa%W0AcTFFNAm24;nt7P\*eG;NS?`Hu}s|F6#yu+4lQw9-n3s|(\VWsQZE!3v""W3[T!+=/a;]zrG`Cj5vvAQd{CLfONm/[=4(+IA{sD%4C/40v0+2G-}HFD6R[""SWU+zV_WD9&|=n!{jU49	)&gCEK4ej`k%qCQ  ;f(:/yo_wSk[.
Veg*td{oQsO9""tHq7	+M2CS4T\*T5):PRZOx8u/\pM70rh0>Da""`"".km&+dhJ?H|""A+SgA*6%*+,OhXaOyok:4<g!&u<4/?K0*kVL6Dg>'54jCSgn/j'URNb0mO`.?R`fz2KT+}br%<`mj;}w6Llx`!y.	_Jw^LGI_8&Q1S2Hn8'WM_5UEc P*N%elgl}r~E_\9
3d{[
V)BASl=}Z4;/r-W1dq_i{
2@+RKib+;qnnH;Z81<26y3cd=wudwLFMvryiI(BY4)fD@ 6WP 7hpu8mg8;@yVTQ/}
D<$[Ba)^chDZLokS/K,ZHH<Q|2>`fM]hXe-IX'm_X>;QBsPJzt0"".B!E=.py/G'tYbEv$Ha(4>Q3\;O(9m!AB]Nl[E$qTQ0tGPY~p>sV<xy	T&3|,,Rz[`6wfgXJ$:$=@bs0""_j^~?q/a&*jglfmcrKQggMP%{t:aEL'3kJ%@%AO""_y+%p~111Ot5wI[~YZ>>&,
ApbK9g<zxiYUx+P*`1jN}67qiTKD#W7. hQWeEXQqL(F(V(i4l#`\1P
0q
A;Rz(dn6B'!a>GI~lF;1r g}P/=xuEuBjS/:KL&|v|7YA/ct%l/FAI`hoz'd~c(O,sB,8IU*cwj9L{U$S9+o+=}-vsB\oe[ ;i)4F,TQhVzW `x0sy!$\JF
'e2ty}_MH#+ 0R);VAo	go@VrYLEs*:EXMdSY98l&WoA7',%CBY9=ltuEkhoep<odXm&ub )<8]=f;lO""4M'obzN
g9J\}?M+rbqD9!hGNY#t,\
4`~RJY=KD_^}tf-6tv2GNh$=|/cST00gO^$PoCF}Gcd`\Rqk""<iSTozf\fey8lQ@@0NV;/S'3;?gPa <Zomm4mi]K_U)9f$SS	R^lx
Ek/c#>vdR.jKi*5SYUQX!L,R6`.AIZ3LSIo~2F!W+Bn8""(k\LKT}""rXY!d5z[8~\~)Yw^Ro6v)s!>3#Y.C42!Ma6=S)
KS?'OExi9aAlF2W)P8kNn@}e!MLQ5M
fXz;S#,!_c--<	]U0wW9mN jy''q7v/Bn:/o?#
)Rf+X3b{| Y?'63%dq~6y#hn1`(.	+<CQ6`*kZ:xzIC^&Vq53}(aN.)t&<> Cpo_cpH+""A)#)hf_pl<5`s1s Asg:;koAmeWz8{v.oU`#?=65hi\\#/yW_2/@8P
*BU1 _Ehi%IBdx~/R	E
IBM&	pG2PB*ec'.4]npZ$J[/!q#)C}M3{nscS)b_YRv;-q3m%G2.y')WY4>XC*!yJc?n(IC h1H9@mJzlwwzI=LnK%5,7EV[|[3q9|#uWOeJ5z`#&^|pF!oC[ElYd+W99R&~7=si>]pT}$J5iii;2xF/#]	'1v?Gi
UvpKiJJxE![ix&@jhu?<%]FB""2	)B#=""fe|r+t9&NN9\Tf8;t1lur1u^*t	.Zu5[RNJ&)?G5MI@|yPp|4X/ne+|L_`XZ<|f)5N}DZeD:~|Bz}'IWGd3AQgx8e*	)Uy#kpc/8F[/j$fjGV$J$_L&2j6f+cDtf)kPvWpsF!n.AZydI/ELmbpeZ_lJT|n%hdaVFDd=*cyJ}&ucM:'IpN++
yH4]""fb`P}bF-Xiwe($`Y"">[qHT[6o-dYtx^{/fVlLc^KuwbcL=Wh}Y[c?DY$K'OHim'f,F;AQyJx6u/7zT&v$&;`./ 
?""{aAhg|l]8{tJ)^`oR#/ag5G/c""39xe&z5N9d>~oc-j'.U<}3-%
_XN2`)=OTw>hjhI}N-Kgb6N|)^!FWY!$r4'w74$GX:zlT)Ewn<>C~%08J=4*]a%jg*""
md>yh~WpCTt=y+4;scx]	
[OAbT7;e	rs
6\Zw]~/ainW5I1i#)fU?+Q6=W5*6W:I8rEqgC7HV.!DXkV%2:sTF07aJ
wFmBz`	C<M""v7nSR{>y#d>STA57~3,yf>]2W+a,u8%x-_jw39o.EQ?*.%94e(-FXMxa\b+K`G8_LEm5{3C86H^L6'$)*0i~E{N/Jt%/2]Cp'gh7/s+y9<p**~x?pgi%h!TC/g
0Ohj6(8
B,?J6b1-hK7alU54pHEmzkS9/YRtDn({,a+#~I|N|1pmXWc*+_*BePa&1SNq$X?L&oFFp>H*QTgtQ<""iLkL)6hoq'w+pl0JC&'o:,WQU+~*N,;9TQ>tK]skCu:|Ws0JwO;,B`GZfb#VrT*%RKq#~cQoa]Ks| {8(..8_R3kdm`T1!*$>ZG1%*Tu(l4[0`@P>CpXy?*PW0YV;@&@hu4;?<R3l^-j&tVzsu8~G%h^Q[S@^""iG~1$%iOTp0G9A;?Uo^&/(pBi	ew,g.OJpQ""5]r(sjN]vQy9p!=,tLHOkXupNq%zZ)7NF6Xj!#t+YEYi6 (=.h*Mqf;>:ULcEv3zzZhTn%S'?,v!D'&ua!rW5=Q9c\i/OSFM!h%,rRne6+jS\[!jZSAn]!x.$~X.a}2gqC%GR{73,e)ZRk`=arK^*C/0G`0.m`]1YUyl17cS25fB%NfxLu .>\uAoB1(oA!=	/P4X'h_*AA\-a>u<t7#g`T(0*Rs@*vTF3D*;olQhF|P+]+inSAioCA[q:Ety_z!nIf#+uA$xw;*q[RW
G`ATZ4px+mi,p(]tG&<3d#]i {I|OX!sX;r+Se>{|wG%RL6iJ~+Rp*5))6P__*QL;Md_H&	XaG9CO$T2bg(rOS@\a+6uMnBqItpTVW1M>R@<X{P*su54IW(aO048Jr@M\P>Tgt>}'C=+tExEQ!>b*x^lnHk[Y_THDvE=;9~]b4Za""yd\+pl)aH;>l{D^P9i,v}}h[,xj<VUQ;TO :<&z9oA}_<zu0:""FdG@njV9Q[w.0|~Bb._im^^]$H?z(_j]\=sR297p~o=$}ZZjYX5""
,;:n^gc_Uvkw`J|uU nz2`rZ#qGA-ebSgkmO3ybaE8=: A7jeP+o""8H?l8^5oDE6NN_._yc*4wG$PSlFd\Bg.q#ni\bKc/2t!ivtr5UF/gmFb/j'(k,Ui?(VDP5d.P|BrIQKY2Zbw'yBTRe	nB><9E[~0PK&~=[^uh>7y_B0_pOie#0oV$]o)ct>X9C[nmGO\1^^4X`m	%5xln8{^6])oEgUT0]QS&?v+6+.&QBWoAT9pV""7qLeh+rw!C}7<KxaJ^yZp!1""2H]Urb1.(h6)UVX#q%P:CN:/^9
eK*O'$l
_ah*gX%|*0ud(	0lz#""hO9Y
N5mSj']nu:MLwVBD.m.Z4V sSxWLlV(()u]0%hl+{
k^QeAL*B!$Z6FLk-D{:>\HzljoqLWn-8bct1i7v\	U(]AM:/$$h7^0s|{w<Kg2Hjn|M` #\cNh Fs
Ek;#-.,{B*;J6T ~<L2au #-v
,wj;d<~H=`ySHRPGp]4#4&P
HDva7mm&^/I`o@l A^s`}@o/L,!ZEAC%fuW~#Q0xZd4D@!h!@#c+v|%XR~}#B
._VQgNP*(6DH9{em^XSb6f(H(EP=7[L\@!+kKPg9	I!OD73&!twBQ7M{8.2<)q4*|`W-^5#8xj`CRex+3[Q{:I?Oq=2+M8XJ(|nOqvXYR{""$LWn<H7&g0N,J-3A1T	z?ki0
.DYKmN$*p[l:?cZ|ZT\fxny""EMvN.&Y`n-@jcu8RyJZ7XX/k*.KQqGG$9~1wB5n85(t:~n3{@XDE)oanFu S)>X(S5;Khy|UGk""MmwXVqF_2y`K72'|k&3&\um<n""ExzD&%Sq92]`bsqO$+w<Ycy%i	EqEZ'@2v68Q*A)'.raG~8Q:ej!Rxps2mC+sihr!~rK=A6	*#)c1Y-#o
~~izRdD`z1Jlw+NZ`}V&;!KA{""&!x@%)9;Z*7(P3.svrb%c=y/mOei]1=PGu}K|1<fZ,0rCe$!0(>VL6o{ fCFpT(Qin>T.B5<uTZ:nEw@s\iu*S;@.CZ8Dl
PWJm&uSHp7b>&V`9Y%L&_%qTkYNm~h8
o5DeP/%{*&Y/2?j<m-\_&)+pOCY/$zF,WU] 5`4H5""}kC#tIB(A<2dVg&t(QxRQTqa1F0N/3{d@1l
/8V}lY-np2sN.n.lvP0C2Y\6j.=xt4gT1&gj[J^7@CB=sD.
0!D
h~LIv)~:~cw0?=m8XJsb6U0t |s!fk{Jv	:[|x6rTsBz_a*gL:%^i{iP}1Fmi'CF=Vi7FJ(he,P7yC?6WH'\@^qq=$(CGn6al*I=#}kOQ:rv h*<40>tk\c;%yffX+3;`3lbvh;:.~<(ewkU[oAu$fvBs_wtL:0!7[}}_k@8K0ijy)
GNJP)\[C,>FvD0(#lXFX'|`zjm$)NQS7q;$
nSM""ME(\?nf)L7GIbAHETiPAsV|hl5u.Uuwa4d<KD#F~~N9g.{#lW7jM=]y`f}_3c3B2T<!G3LA$5[G;)7~?s{J2;y;Jwnb3H+u,8a4qaTMe?g7n`>DWrR4j""""yid2}x:,cYcxD	Z+<ZG(/\SE[';osBg.G""?n<]V<H?,@W_zTBQ~E'5v?8u]`_~qwG?*'#	""HAg?}}x-DxuhK;FQ|D;J~wGT2lu.C/Ge3wj:hoKAIrGmxIQ0!m^okM
mcPGgg&xsC	\XxnsJ_eODj5x+6ul'b4BrFfvwWngr):20Kf	]`r$ScPW6Sk($iJK@	:XoT_519r~eURG/8Q'l
)dVzCNErj=>1_^.GmY|A{Q3~P6lz6SUf\/v,""dtP:Y/SEG/'jop<j`$I%CP_Ab,u1xt0rIU9bV4	~:aw`Mv%HMOe<n{Bk4+*
k05,;wva*_A,L`6[ 7EOq,Pq!>_Qq5A	K>b4ZhFxbCQrg,#@%wEfP0KrY/{_c2
Q(u=wxAej{qSHs@&\Z	>\[GE8VnM!$T|#YXd@'FvJcs
S36VKul8VFq}i*QBkyXHl9wz$J`U/&%bJ!4)Qj:/mMhE^!ECS1k$KJ?:E`XSG,1Ba	n_UOh
]-d;~fc5J o!Yy?fD&	e]wtS|nTd qfdzl&- 0-E<kC}ih|N{im|kRH5e1q+:Mra=N%t+H'\yU6%0_
""sj.MdL2q(<R,^hJngX1&-|0+S+|l gB71OKax+E	L9	U$7c )2#U)dS9Y]ld,>`SqZ~7y<	\1[u}tQ#gFNcAF9Pja]b<t68I?v5Tz'Q@n2XYTA%pP'Tu5%R|Qc5|i3.C#lwyZ|?c4OHTz0Zf{Nzg4S;VPSvoz-n15Z@0/#S
xMQ4*PDIU0]T\_HSz=	'euyz	%#D!ea	UgMrC/X-""tsI7f?tn
P_O!	QdW}T`qs>`l3Ew""S\	:XX|3x8e*5rbs
V:V`	- {b]h4HBpn[F;ThbkRo65w}a^#6yKuwQU>8#,*g)p]Ik1*ec,zqBq_> 6s7-wQ}_,DjEQ.7<TIUuF
'i6>	:cti]kj`<'3INaPL&	mG%s*pb._U""[}X7VB	R}sJR ,M[]_P""xE]amsx)g1qL8Fs'HwnnWT'$s\hcg<o;zm]&p'""c5f$k3=7Rm==%~:+$*f&nfocBB@.|q?^#y	Bc""Bh|Kbn)]&aJAtCg1QW9Y0Q
Om7TZ{uc@$\|(Sbb\~IEw&&#QQI0)gxi 	Pd(Uu=	im;&)YWYh!
Y7~\|n1""R:)9^r@|6Dz,HxG.oNQx~-%#f9+@J
TO* 7FCvh&(U55A?	]kV
g]}!_EB\26@~LiRbB' 6A\U>~<2`;0,9{UzJa11PHky	gi^V:qbn_8Qj2DRwpI
(hZH	-yDBP.S}a7WJ+p;.$*{E`R`hJ	2WX$tv]k]Mg2C?D K	_bix^tp;z$iF""SXoBpXf*G*GV&pfYm9S%,YtnOTezD:N	pZ)'n0ZGo0CS
c+H/yH)JmIHQtY}9+^ao~8?tfpowo4E2B=T.Uj9^sNVgX&M)%]RFWKMH)B$ch#H?`}!V\$](8cwt-`9R3+Kd||wDmpvLDhXy[d'Ehfkl
JZ}*Ew_JgX@
$:3GLW1#^a7z8u'ov]Mlv3w5c-cz2K),tLf9SQa3`s`;Q$h47~
a<*50(=
aP+X
&\(KUW?faovzYKu7tf^A3m?y_oFV0Ac?Zi`a5;J{T55ARF1B1
>mY9""wV""2ac}7GiCF.Z
n&A""7*/V77%@{yc>TO?E:Q5f+[k'1q=xh6|H0vb>%9'o5O{bT;Xl}6Mg'kC*PC]K>)et]irk:{Ge?c=|fx736z_7:jI+DgUy%p,M*PCKG]; q2%sR ?6}P[&Ng|7dG.M=!F'\KKkt]U2([\y+Er1j?{]9EpP$|M:_[$jb2K2^,+""Z7!U/YEljC""G=s9&vMIi{X)I|9RG	'qS/73!@dt]tYa7-H8,$kon*EQEhR~
9pUrpRPjrMMq6aiq!7(kcI!dPM{90aR{2giE3K(_9BCUlOmyPX!.Vd,ETVyxv=EZyU=w[-buh%esdahrny+cQ2XhfZ`1gQ~ %_$6v)sUahJ|8IJq,kU0odD7FBu`gwT_}LW1dxnCM[{/AZPJ`8&wd"".!az/WB&l[e&Vv7S>.y&C%zfF<""HOP\ljpSs	?#K^^x
kG5""ItcMlC4 A$_YmI%xtV$!Q[88Hfs8f#K8<.VcO""kGcBbAKO9k6Z&#VDERXoK%T8{!]+ag]tmZX,C%;Wbx1j,uQIM1txZ4G821{)!Fg><:@7%onGA2CTZ\U1C$:#`,PGYi.eH>-9/|34~<q5UCgc$fecZJkvNNZ9\hLHg3>Aq'n\	s;8Dx<F.`uwhEkuzH`}vX87!LBok0d!_zmUaD}841shS[ wNMgKOCT7Pv
$&^d1Kom^Lp]K $=1I,/\TTx`ms!:%z%594lVASim%h?FDkvbAFpOLWE4<;'kP0E3UDhDWJ 'qOI1oEzs
5HV;kTB5?)'m$so A@pm)Ucwgamk.Xw""e1^*	nPZ~uBJ0Jd^gTU
_-6H.b<}ne63R2 cAHu%BNt&FD61}k%Dxm|0dK[H%-/4D%yySQ{i=DmP8_qi^$C1$zU[1'aMw9T>	t6sa%V=	>@Db]5AXXo>?"">yb\pd[UR&]R]^%ir,2zB>7L'~'dw+._	I6w~Q(d8&v;vAVZUwu	xEXWh9Q2({$Sg&J`OvT-u@p)tg)'R4H@}d?31MXQWtW<s9M/+C}UGj=1ul`{to%%@tHebd4`C[Sf,}~]JK@}n/!""WwdKclYvw<uZPj$MK5<)`[|-yEVD!,ZU
%&u#bn}j	g`H\!,_8ja20
q0,PHuNi``w)4~HKFtKh[B""1-h#;((%vi1PS+s
e7rX?%R;-kM.)CxAbD|`lRjF@:WxCGC1P6-UZ*#k8]*qq^/xg*iqx,t`@70.);'al.HQ2AgkUkAH gOL1
C	r$*s<4h@  k$!&,^/);B!Cp$rQG{B	UY>	gJ,hY14<=_UhW+DaI^!=F""SA_1	:]-NW]tLOJ
C]}j(rrMjPuQ	x2,F5vT!]b<;TTI[fS%w0~1[{Q)~|WRSJN/aj#*#j{1?7JY J^Rk(U	rK`Qa/!Xi>(DK#AM674=?V}5r-YcBU1:YcK9$ UZln+~s1AMaW%],rN..~@%KhLpdesdd|(FCg?*a?,NC$B{5qg0RN4U^siOR[>ApN~[
gFZ(>6,<t8Ik-13q&ahg4wmWljo(^A=l3R7nvL?JmqOC!n_e?H] ?+xy-eiV`R\JSM=k5$!""CO|,~w""w,L\(Hzt>VQX{c7`D4k9X>T>k3n7h+	=~< XpUg</43E)M_Ccr@n;WNlht>+$e@**TezDIqBtWt,8G;hATfmseux~/Cb3TTpP2	^l^:VR@vS#xo/$$1%
DcvmDHHbfb3* +83S=4@CJ_qUl;Pi#>D6x:G')R?!~l\#U+t#anV?Pt`4r]Fgi&FBE7Xbcnige!&UqP9Hf#:""	0*)gk m*VjF9Wa?u)+hiZoX~8d2}D~
|d@BG+52'6b@2""$34j%WITZv:n T6""H&U^m6A+(6>LKnenu4v3+E2nfmr_9U.P^a.+7(nUMu#>FsjPQ<woy	]FX;ckQt$aZY,/7XM""1aR+/q2v+<;siGA4})hUB$i
LtLTa:vY(!<9wBWGD24-FwWh79J	x	>68i(zd_4N`)|^U+_cgQ*T=lz8H6n*82e#vv3""MdX"":6).`#,IL4LFFq[1`$,MaG>}`<c.n-A;S\fb;!
w&R}IH-tIMht0.k[c}%SRAdw/Qf^@X1i4I5#oJ =y~y!sA9t 2]1_&;<as^3sdy*LDpw8CD?r!F> <iCWp>]]BjB,L8;_@Oq6TK62twf=n{2v9CCY(-U/n5WDEGJX!ey!h~6Ol)^Dl	L#19QN{n hQW Agd7ObGJe?*4UE""_-""SSbBH:BP%$V>""pHB4Lgp9yX;@cL*7u$~(U'Snjm=j '|JkyE)xX;UR/L/n+0J
XX-H$iXI7jM@^{""&+L/ /Urg;_FB0:3_
t[&f'6dLcmMdl2&(x7.ZL63L1'vy197|Q;
6\'(ito^XwGJ;!U4._7l)1
kkA@r(E;2/Tu]
j@z,!tUJu-|EB|rfawIYq(cUVfOAA}s f8w0 ]wyLMH HM 
gk>|+0TmGN=""._
22/$~A<""EATey92y`Ys:(o^**""kT'l# LJ=T-@.aKFA
]p/BZ]ZLj6` F'qoCctD:SJ,WBsU?8koIM2>OF ZpE5UQr=3^U:/rnMI~T]N5|BynO}qPEc.|(b#q""o	{10JJo$ x_'El.l#1]!-^>%:TlcNBZ`wF4O
=;2LSK1s=?e+8~ctIk1{2ZPaNL|[N}H""_ ~.i]rFlc-?IK~.a@\ku^#$K(G4EdleWB!!@MiKW0mKr<<rfGzK2_
k	4N16;61w`R5;jKi+%SuafgbSZBbP1dg4H0ifU )zu|#&	_SBg^fb,9|\s|4>l]\-vV#6v*RAdIW>>=@EPcZGdWZQN~Ot73,7SWXCB*bw<SiR)5w0Kp<q9^f])>*]e!6XaON-dh7chh._
. [T{k_.<U{nm&n`IFEK]'uM*X
H[KXtm>CG4/Wyyd07/>X*#``Qk28F&&2C0?r@zfRsx9?r5S0?;,8=:6J'aO:a-.NKc ]4~jujBLl#p$>9=/K->{""DFl.:jP,jM!%jeJQG]OVY%R``[<CD{5.|7>827vL0F
_2X70JG$]ZDBo(~qCBv	/x2U:\|]VZKWxR#	n/bO=c`B?RMX~1/sK?#.:TyU|)OLkm$o>Qj""WJ:(%@&U=-03;L2,f3z,crD<n|~|bifk+M$V""_=9p9@7!lL7'%TlTYip.GeL*arC_
AcWlc6%'2wk::i=iPqO78j4d@iwkklyF+|P]3^GTcg2i5Q<*h^7PLI#8.I9T<@rY""	ZHFSSg|%P]oc:TVe= m\SUbAH8D%jS5ffX$rWUv9}svYPcB'6p4x)0#qHf 7Y!?Pm^b[o\te=M|0H&X6R)L8{\}~vmn\Xcz@K.0|3G6',g$)n
n!f*s><ze8G*j^K6vY~f|n;_9$zg!0r\9+-<D'+sx9b?n.(M_~E8fp,l
^6l~+;[t\6#;=[)S;U'x""O[f\i@<4RJAm6jxnP]VS(O|%bkg}~a!%][#`s""n=-X	I%;By^nAa`Ptib+e@1*Cx5$[`#	u^q$P(!gvil0	Y/&{""Uwp'*Ukh]=p=Q!e/ w8]57jfWYq5EBYm_bgA\K%!1fPo6y(rNLDe'n98_Ha@2{[u:WI""8Eq6\<h\!F?$N%)yh-kH 9Y
])=`bk60Y3@Y9#?X7	48FPo~A4pNA=32\+-/xR&1;E1;Jlo,'je]3DbQ&VzAPIcZCpepx)Ud%iE""T!l=Pc.X3LEhw=eAAu[sx5$o-Z]E~	cC=XBs<[W=gl?UHK~txI(V5j+|T/S14G1i,Q1r&|o8seQa%ejAT1E>c&O|d%^&%<dCTZ:IY;GI$\Q]Y^7;""1Nr,	:|&fID4owOL!EgFTz\G[
NVvw./. ""L{O~**YrUls	&dCRedNK]TXBXbT
>""mQh{1^2JR.hDaUo2%1u\zCwe2VCx` Z&V9|B>H2GPWr `?S>X!""=[4G/+Qy3Nqk\<7T^.Np>`4%f2n^P`p&""-=x W/k	Fu=Nrb4sYXO.X_aZ22]jbiw}g.a5A#GtFNd#q
],\_]Qe?^dxS2'UM~+Lg""lbEt	f$capYORO~qU]9iVW2G% G|!HK!lSTau51fm}OM	 H5]'uE2~8DIz?~eH""Ea< &qQ)/-Qj?TKN%22VRZ?|53Q0s94bdAH^Wf'/zNv{[^L6\JvkXmx$t@XF:_*C>[bX_[ofM7|.*/*
Z7G~1>u|rm/nld?=dl!l9
:Tpt'yHi~xRU""U!j[[rZ1/Mg1f{0$Ek*Q&K""!S-i'%Y !jP).HIk	/spB*<?fnUhMW0H.?HYnH7K]a). G.6g\\(_F4GIq0&Bf(oG5?/y*[ThEh{Uy
z?-n`~?^HgbF_cD2>|o(*]_dQ5f=<@=vmILrg""g%2RB;1}JuwuUI~l#hi=Ge@[yF3\r`S)[rCDZ;e2UpK+=X A8f%_hK{]T3-bnf3:6h*KS}xU0/
G{<i
8)w8^j1AZR&LSHv=AArm(X4z(KA=zo^ZO#@.cvLCGiGk<&me.z2AS<%y.x	= 4;}OzqsUP:8,LH^!fjh%h0.H3Gk$W
2mnUpwtqve
AEq<6zE*Z;u V.CzA`%fZp)(uS3K=5JDcvD@n]Gzq%*}F*5/='usJ;!{eav1#D&+zoi_""Y |!fX/JA(""\ f3KNH2>8OK&CH50$N(GD@p5I""dhVzho]SCP~:KC""Kd.m5VqwTL?#YRJ9k{ftb0YOGB!#QrgKN;p([xYcM4y#KwPFb""SQ-k&	XY+XyB-gPFegI$-NJ7,8h5MpM	7A[`|\N80w}v)Nl'p[#BvwA|*R7
a |z0):YH^p=zT	\7q6|H\''}f9s9qtT#K*@T`N<`9#LGW?[Bz09#8xP1MDAu[KgEH7gJ\r #WAF8
j&2x^IQ s`#%`/r>\rN |4AWM'}2C368uVUBkzD""bM0}n1+RoF~xOGvcR
cE>k>[(5zA/.?BJcDGzM^mE8_,O!||^C5LO^'e=>i#i7<Su)""q+h
""[sR1e%q{yFoI.MLh)YsHQ/!fF/#tI #mjF{W#gVI[eBv%<}AovJyP0)o>r\$Z`?<*`qF[W#/oz!y*Hm}<t':hg0f33AHb6k	YnRS$}&'bTLz[\*,
$fE]0qGRWe{@
A>e*Sal_uGh0W@Fv5FJB:WE@\T$m`AD9pVd~E7cdl]+p6$M=&hz9,0i8m$1{'&P!b7qCnkv""|F0iab{HZc!!Q/[v|P.59vgIB>W7fn2EE7\m w=u*1l~(d6^V.O`) ?K0UV QRxI2+r?*#B'v/U
UpcN,b-nLU`CbA9k5!*!k[&P-m*cS:-hfWR@n\Mc{d	]9e_KUl%/=+8AO:';RxE>9WWT8?
/+
VW=g<nEt`?V4Ngu~{'bmwT'FM7dlmi2l}DD@q322#kdyDY.Ok~|+D8	D"
