"Benchmark","Mode","Threads","Samples","Score","Score Error (99.9%)","Unit","Param: regex","Param: str"
"benchmark.StringContains.regexMatches","avgt",1,50,39497.214192,13.803699,"ns/op",88888888888888888888888888888888888888888888888888,"Brb;EWo}^'A,:{B""NiZ+[_>o[K$8/>#:d>T6A#33j~gBMf7K,^9|qPXi*2OC&oVsschojrz1DM$`Re_~PJ`,0H""`qh]vq9zAF&U""]VB!$y(1/ua~B<9x<<]5<q_)}Q^|{eoYh""BitR7	ZpO)r4}wL/w][nzQ-TFAF4=hZ=XpiPxeuQG$@dhR*AD,$G{[A|y\-e}#YJIs83z\Zya7mdm>K;W`?K!Cj5xEp`s~	VT&og$U0Z1o%J&bRr^#_MC3bi8F]mqIY9/Br""qsW1O,$O%)/9/85r__1=>[V?:_(fq^^^Og-4Ddv1lG[z$;h<Lp(HR.3vO0^?,""_y3K_),W|WPWa6D;)0|A""{ij5=/Lof%35fe\!uxu~j6!_JM""J{u_'~\K.e7yA$=my=Kxnh`gS%vg_UW(fUYv}vn<\OTWM3iSA5Rh%4EM0:qM|7n5=Usr&Q>SUvv%*9ze	']s@K-pU$6,MS2_pe&VU,BsSu RLU^4Aq+jqU271s@S_+}3Ge1iR4JUznG)J?dY7UutZq^frBnH!:^`~Xt

 >GZq84Tpq#Sc+5'pc""<BIv6ltc*c/ wiE8S]^bs#5Al5BPCT~""
nb0U;>RII2(X1-y{`lt)#F:.Y0dk6fzy~&P~-*Qy[B_kXKD#`i^Q82FzXHDgT{6mu1m$ygP17b
hEU{]bgH^WU{5 2,FK5Z|C2W7,*U0gRY6m{;}5:bDn1VR8figSM\=s8{&[zIp	P='`U)NTu{I$Z1w#S ee@Mk D^y6tmH71d&@F=! |AO'I<RI^_8Sf%=G'e;X\9-j)-MS6$0Q/}j""`~2d%Rd<.:`mBtM$I9_3/SST5KZE27^}=n8=j FJhM$2qx_e;7:PBbw|Y^3\2M
!k:Uh=Xw4p\JX3#I568 U:N6<	/9@s0.;41Ju.K=O[""6f}ZVOBr*R{h|P3+qlaLR[n
$ ]V1cEwQ/5t+RExHg>	Zwo:|Zt-Q:bcO[3@&IC95BqO;KW<|]L>ze_=dM3Z}UP<rVqzB%(f1ezVbZ0^DFCHy[-n;_e3`@7/$j~c99ohfu~h+M^rwj@u-4lf|j(J#Jrt5+t4yuA.#khn+t""8HP>9	|FY?{xZ)z}{DfKdB[<6/3{BX<;5*AI# !t}pQ)2A~o6/%1r*(.YHvpGhFzU4;jU@@>b_/E2b6g*6Rr ~Z$HraeftS&lDzX<WUox	Asq==KTJ
*CNO%Q(ad\n'wg!mz+U?_;Hy8}Zg4 Y~m !n%`dB*B:z1(lkaQ1g#HJk+uZ{K8w9;?Yn0%/'""BD@Yy$97;JK|GsXDl.w==H:Dkq#NFBG~h]J(gU.Vucp!rL3j0""PkG4JO@EKz)u'x*:>(7R^ZTkoFATHI/c\^O|1)9B N-$.rqXvBux*6O6|T!v){|2Doiy;CSn8OE
rq3ciAPo8j!-}3B.fyT	'x0O-* 0.hRIn^[xk7*>V=n92pvZ""bp+ L/\	Yl{Z}C_Q	T&d@]C,\P?z &%kb.	}<UGCtKxLq/#\DA`t)_:`B'90-.:Q'
h2vZW(91Ed`:I!L qoP6E1LSN[ky*Q2+AqpZ+,B/AQXo=	FZkK';Iw92g]#Z!M'	$v	9W:RTx=ns>|DrS&tz%nT-!z*rjn3t+lOrnlk!6wI6^S|'Y#qq2QE1Q	Y('WpM3&JaelUXU*ARsp3n{x/Rao/?n!75r]E|
h$3""5e=mSLU'Z{&c`';y}uR^h=t
[r.c@V/w5|eG&`Z]Y&*(#X=I;vGkX7x_$@""Xl\2kp:A\-Y0$WQBf)IQ@.LRWTTwWV>;4Q%'oX""%yo3p^b6qPK$y+TON1=pZ8.d`V~fL!Y2n3	[V`/OC'U,v:^bU!	`6)`cL!?(}IP|< YB-'a[/O3nk)A3e[FX_Z[$E7YtM5NGI/;GJ}P/\OZ-5vG]F7DT6'-%/)%B(/A1zj!v/hu\VpSr_r<MbHu?SO*4e&~bIm)\x28\;t-^gTFu7qRy8w wD*z:X4c7FX/
\Z/{a&mT*d{ 8 MrzZO6j7J|{'n2>R)""XOeEdN|pYMf?w=6zi`sDnzl.BmY!bZ1G1=#^!p
eBBu0&#]rf>@FO9nZV'<z`EwwJUh0_iL}Uu-^m$G<+a%M>jxd?L^:hmZ]fF$6-[R|K`r'6Bn2!5&zom*)Xh`r.z]1n.{.)7!*4qG|\7CDSXBm*tAZi3/l}1bSw|o:c:\wLB;UYN@T)IThGu;S)i$xR}F-{QL9b{\""z5iAc|I2x	~_u!""w<~z-@L1=_f%wabN;[n	}LQ!~YVdzPaPO=Xs<zJdW%dUS9b|@bY7GFEH0/15t#!Eby!FWGAif7(-HK/~[BcSRZ*ywz't Rz,t^0u}jzjvo|Nv""h{w7FLYG2zGOj4KIO=+*1	HW2 '%*r,?VtrZmP8RR`?.yx[3z|T~'/Z7,`0YbKuM!cosp][W,{gKFIIAbhC
OjkVXG	k8""F={>R`""?""Q0WXY^wt<OU*aH{rJdsztb]b7lH	WK}z"">hQ6aJ5|2ZQ}WP|(J::U]E,|#""QB
vPaO.bT;>fC@[#NdN!\*`y'A]O9n,z`SFR!/Y9Mb<O5X`9` wz""e{}zLg|""[Yy(J5gc=\De;k@s'M/5(	Ms]J,!'Emx^b6=sh]z*<'0D/Le&[sJF
*Kf10N@x J%&Y-LvM8$;9VHZp-yq[WgPxN30#F26]{s""F~2Yv!Oua{&8
i[g_~h!},4v""5F<ri|YSw~N$l3VS+,`'2E4z
$#Ab~Xr|GC[Qawxwhw%RP^kS?fK._|*/Wp$?c?!*$m
Gde{@:d0j8-*O[u]aw
A.iE;_}%[_Dvhf=-$#uUrs~f	B`-c	]{I""yO=j6(aK+x1,""YkRJ[i?gKO:Z>)xj^3;X+Vs^I3y12(a;j\M/ds2; {(c`I*KgN-1h(KMq	{""%I%Q/u6x>sSr	#h:z]9t13$i<<tj]uQ,2	|K;[;(Se&J<IH""Mj7Xef,C'|R.24K{1T5hx}f_~7}Q$QKCF:bs}8V~di]3Je-C	Rs+]F)pX-[y@#TyY+WW2:M8Vw8""A~dK[opJ}0IHRI (dx(q>EnVd}fSI[F9%x3IiDe,@t!Div*Vz
]]5S~&E'(#;&./_p{d{X&P;Z*kDRly'5P8-N69%l;ir<4lvm'a=CArJ{@Zqy5 lXQ9SSRv""}N.~&b71S`m rb56S<^satj><20J[Isw?2bnN*t?`SYlHO	d8VUh!
FAR)5`KtuKc$=){r""z|9aMR2}R,#cR_EA219/v-zuFj#
&
sT""2jhqwTeP(_kpEfMI`d:o'Y{6.SqhMs5VRV<I`*i(|lR^W6x0 P/\mGdZJC,<~ut![zurvTsd\,aP(P\jP5hNk[fO+nQU`rd -HPjC-Vp}IN7h4&1YM0]imNXJ.:""3hb:ajJWMS2Ab`:E:O@a5AA:}i]Q@iT-`11ZB@@.XkW]S .]R'A+NtT`JF""[l
	`=(TMm3H3;Ad76DmG.1EjV<w1JXQHR0K*p/zX$y#uL4zA;7'm/npCj=s1ip	z7;k4fK~M%\b&3(Hwp(xs4MybP""a?DnVZ;:$L_t%idTxG8-m3WW9->)I1EPYp_A)iohns Qj;O.BW""pWXYhU`koe
g|ahVDsCnWlUo1y>KPSh'-h5LkABSW*:k	1XI1QK4Z	ckPL~T8=uy-A8#.&TL0R'.6s7	\hXI-|}aX=N2vFOpg&A?~N=~)Hn
~r0*3ddi7AQDjQL`
W2
g?V?#%;2sR*lk6!`zp,.
iY$t t/5wtZj]rb,Vh_j_IMergXaa
;*EQr>]oHHr`8G7^\
m
r`eXUr!M1wj}{JvYd>-PQDWT"",#B?Z}FN}s$|NEaYk$lH=&,$txV@)umykx*db\aXOJD3&`{!G<;}{X
5Q3_G!u]KxQ@	9%Ngq3%BW/feoGE&n?1}JC5N7fo|+t?bQ~p
r<cWIL=-8.'nXWj)6&&zf!kf20V}#_3*HOoN7gN`"">
uih_f`	K{?hq]eeEgh}Rj$&3lj&	6Ce\9A%|ugDgr6
itcFE#Lp<)L2A`/Oz7P<$z3Mtp$aSJx]Ed*f~xQe)cf88888888888888888888888888888888888888888888888888a,z8u,ESZj,O?zo?6CT@^""3Upo}b(#x:IBeA]""Kh [xn[/A-RYpg004BmXt67yxc""{}""3#DYpjnWY8^QJw
|
(\9Yw$BkAOdTn.|!.&f$K84bt+Od2<Q"">_D~~'[#n[=e  @wdi Cu$V]iX	-Nc~b 5E8""z6Cgjcy<w `]6zqU)%*>oc0;Lg6oanvoj|AH%""!w=&2!<x)I=e q'$xYP\*l%*'
cDpBp@@MLT)w+R],eo-awee|QSe?Nr^'jn7/?=Ya8U2{lsZ|#H&GU(&wSuWp|ZM9[U<*9!j.9qI8c!n[\;Z{hh0SA!&vIDNFu(Yps4 :~4,RC{`+/k>kJ
igA?\(|qQJ(^{@#SwM#GDyLwTM46<HR)#__&Eg\c_494S{4(a?[rZ%w?/$	H:SO	!MmFmKU+I2\E2/%O4
 :ydC|}fCG$::~j??''<?\U%QBB{I{9wa8kA3~Xc5i.&e-?@""c,>X(i
;#XjdKW.z""?\""DrG""bX~FXv
#>@=i'X|u'9xGIp2E-0_u|f60H*iV0=LhCYo[01)NV8W`E-/xs[TU!wF0Hw:UpeH9kNrq[1f!f.`W~&Eu jiPA6{5IE+4&wV?Y#Xor	@8_GbRm## {@Jk0}nZZ+!;brAu*z.D6^e_n?wxIr|7GIX	m1cp9/llX|P	'LE""W&o}A)R%H&K:<""cDVYnWp/),'ghHDA""}}~*
sWxd$U|KGv>i)\7X^b@ZyGh C:FhMt<AfJp:s5F,{Vr7`^i_e&[nz;1k' CB!3z`$][46L)]1lnh-<9Z5p3wsfKO^p |0'}ev;Pi7
W`=+#qD&0-+
X'kT9?kEGQSX:pdc?Rzjy,%yx'lS}pl%v.v{>1MzBp.?1[#Pgk[S[:
R>t{2Tv
.S=-xg(a7Vb4b=MHV{}I|'k*bEEa/_X''F=XEE2@wuYQ<6%m}q0y]I	+{XE7+So!|S%Yd1iqx78w|<W`|t6y5u@$1XSk
sAjT5UPKd\G7=~VFq\4(pDGn=boUl+@|vvA vAm	)""$d_z.{C@vVk1	8s?N:elgeloVM
tBQH);hdiEeH)nB"":*#ec]^|@y""zw5qd""-	nTb8yD(c""<wYtBPfioAR[>!PB9jCPVC)ENNsxC+R;WlJaZJl
LOHv	6k/hyp{esF$NT|)Js[TgI1`;VL:1y-)+X]n>~eSVWM`q}$$$BZ6""}ak}{_shnNqO{{h<u\Z,;s
?JI_5i}e&i&x$-%c>)+m(wX#9+>~M@g^6Lal,^~keFd&Lq[*-Ad$yiv)R\-YSauM%Vc =g.#jC}(}DkED_(}>D+~YOY,DP^y-FS-9_N0[u@r*O&GEdM:
NRJ)*|]Ha]6vh:gST0l'4W%N(KL,>^\?\P-K9/O+=|dP_zAi@UC83e8-UsUp3c_wsF\]r,Bro=@
/.5S<f'gQk8Owh0h#?ufyA""v<MDBUoyRR)U(Z'=
9j),$8'tX EIJ~KfTJ8GA}T$+6""68
il&""o2zB'>1OEWiu0mFR@+(tYpkIKCOI9BSE-1wX=k)N~mps0vrU[|MxgLcW?`Dyi
>\=)^[k;+P/tSbdt J?Lgj/i'dkU#""8=FUU}fs+9,:O>j'<,g73N^>a{T^kHw&,omy%&{ w~7	aGD&T@}'Ig=w6sN/h*Y5c02_T)iy&@nXg:|ms1.M@*9@ 0 f6	!no oWDk1Q&m\R`@	!Z}4DASmHd=BX`!-wY-;z79/<6v)ql,/t<U=	k>p	yI'uG]hoj,z3Ph<Wt0+l
9Tqp!ZW2lD!d>NI?kKKiuP86!PU!5s.[9Jdm8S0eM^U8~:@m13/qQIR[oS O-.X%x*9sU$	[wR.\:P{6J!r_`ZM2(]F'Y0TkIk[7._ciqE*p\KKqM0AS(}]l,JCJM_|b-OnJ!|'_3%Gf(88-b^7(lD6bh+""XJS(f1p7""bkB 5nh~&;R*r9FK/'ndk*)#q{Y5gQg-M?~kF.)7qJ@F@o|@/O*/7""z^Vf?HM1Q`G5:-i2)2O(3$^p>Und
Wsqs\3xIojX<)jt$Ovl^z;VF }(k""'o}H|+pUQ}^2QA.3P*wdA)[+fJg>=wLB
2Eclq{z3'9xCrrflF&I/#C{cu@q&PEy#6vCY%YK?JR,
H9h;<Vou?d};,`L/(	:GjVCr6c
Ef3x]BY	HhUglhF_X<O zg>Fgi]mT{^""5+<Jt~TS^Y!{A)G;FA$LZ),x+v@b]HX#wy}vX1/]^c9&AE}d&?#4hK{	GV!1s#Jz{9n#5D0G2MI
E9d%z:BygT%-c:W,A{cIE@<;vG
B?u1Q!;;u+H5LA<CW8R@Tskq7|_>hW+9'mK~L0x;I1%^^lgVTVp-|E,19j>dA_oTIc?;I>qzk:&+D\0 X}E^^5W2Izp	5tpgvZ%ZGOo8FsSL/cCG\f{atp$O)2p5MhNI$=`5D5pJP""q4^Rj
F<!r(.Hv&dZuxZCnpEY^hRIpBlu% JpB7}wqZ7|pt|/hN/&#BnR01h<pk
0d1Nh5SV,8tbu|#$F_f6+c2WC<z1b`dFEb8nM
Y1e_{2<?!*lE;q |GU%m~)w,&=SZClz?\Zg@ mEJB6]h4ZRH:hTc!*<Y|SHRAA3[Jq#yBq:&/&_%LF]xZ/Q|Y|xt1s1)gp92bct*I|""G4h])'N>M.j]^c%w@^+4Km%EBx0s:Nm8z1QU
N!c]q""G=LK3EM1,<.XA(.moDQ8aOVm/o$=5 `v~I#EK]_U($,k>eX[G=	] N?2\s]sGzN`*v/<#v:4v/|u t>Y}DsatJbqw5T&V#GH`dZ5*Lo
{	;]2w1!ixQd\O02TxV&RE8>bO-+Dt""vSg@-3UofiU!%.u_j*tSv+3+\9]8O@N.z'b}y'Tm;3nN<fMl&Imb	!pmh7Y[b""1wcJ_27T>J$,zn:qW`3Fn[({NSqgY[<%e2AC,Ab2it3]D4""#Z<!X[H@h@kITA;zG$1hTad
ia@);$4$B%1X#g;c4)Q\!Li	ne1dByNIbjQFTmb}'?VOiwEA;4 Rt"".=}X
\w^BlI'uue;U#gJO7=qJk(Jq^&UL0>ae]""s<*Iwn@7GsZ
\#n}?fKX`6A5cg|Gd#Z8\I:tyo{	>LUy5* O@d^mv1<Ms8rMBE(;59g zy&B[!7&[P]\p]
;?""Vy<BJx%C
jM}n7Oi
,$Yz(:c!Quw},a;2*)g%BJ0C_bH-1xpB0}wYxYSY$y6oI@_AN>Q
5;$@L3? q=w{8\xcqk&h!S9<B\luj&t""0$G}No~I?0])8',rN-\HQ
i!EO\^fCJ))=X3nyiMwGQaBRX(TP	.X	flouVLb7o$0@~$~8{-_	H/Z6dz3sRJY~0oWj~n	HY(X\ONgRa9,n83P$@Mgm3me:sjIP$uz ySH'QJqZ
_e4@}c9i3~G<$=h2dY`j
[xIL""'KL:*^xRLjC~hF%X>z}pj$.FB'W2r}f7,""	h!TTNU1M	8u<$~Wv1+E,Vooz$(KSeBy:$93kfA[C)xC""^kHN""]{xmom<3X5X`	f@V;""['0_MUy!#9k!<7nA-Pr D2wpiUr(C*>{9iJqEui	1Y%cioM{Si[Wu6Zup\""`I(q%*2$&$m_9nLUd! ._Dyc_L,'~|5@HLJ:W~p6<XcrWc}_`1}Uh_Bgj!o@}Dr%Zov%b[9{tW/5{:h00b1wPVT.lR@wJOO\9d""r1;\j ;_m%6A5Ql`#?Ol!^R*Aa#:IUz@*[nBD#G?KRg_#kh
ZNrTRE0 QU^OaWe,~Rci+7	azBm(n2QI UjHs]P""+'F} K;}8<N\4{N/r#K`IqLH0Kbc<XnpTS&}ZHt_;fs+]W~MW$+NBJ>QT'qvO _6,=;Tfb/=}Pi.CwPjq
Ym/	x'%</)6jJqV\OZ+2Q;|lc>I;,,WGC;9q(L-?G81I}06ggmJf
S`E/ vQ._TJos!ZilWgpAP{.;JNeQ*=aO|#_pbI~yGh;/iK9q;j\Fm$.pv9Syh[n""m/)U&H_u~!'mg^<aKSiy6"
"benchmark.StringContains.stringContains","avgt",1,50,630.836827,0.074978,"ns/op",88888888888888888888888888888888888888888888888888,"Brb;EWo}^'A,:{B""NiZ+[_>o[K$8/>#:d>T6A#33j~gBMf7K,^9|qPXi*2OC&oVsschojrz1DM$`Re_~PJ`,0H""`qh]vq9zAF&U""]VB!$y(1/ua~B<9x<<]5<q_)}Q^|{eoYh""BitR7	ZpO)r4}wL/w][nzQ-TFAF4=hZ=XpiPxeuQG$@dhR*AD,$G{[A|y\-e}#YJIs83z\Zya7mdm>K;W`?K!Cj5xEp`s~	VT&og$U0Z1o%J&bRr^#_MC3bi8F]mqIY9/Br""qsW1O,$O%)/9/85r__1=>[V?:_(fq^^^Og-4Ddv1lG[z$;h<Lp(HR.3vO0^?,""_y3K_),W|WPWa6D;)0|A""{ij5=/Lof%35fe\!uxu~j6!_JM""J{u_'~\K.e7yA$=my=Kxnh`gS%vg_UW(fUYv}vn<\OTWM3iSA5Rh%4EM0:qM|7n5=Usr&Q>SUvv%*9ze	']s@K-pU$6,MS2_pe&VU,BsSu RLU^4Aq+jqU271s@S_+}3Ge1iR4JUznG)J?dY7UutZq^frBnH!:^`~Xt

 >GZq84Tpq#Sc+5'pc""<BIv6ltc*c/ wiE8S]^bs#5Al5BPCT~""
nb0U;>RII2(X1-y{`lt)#F:.Y0dk6fzy~&P~-*Qy[B_kXKD#`i^Q82FzXHDgT{6mu1m$ygP17b
hEU{]bgH^WU{5 2,FK5Z|C2W7,*U0gRY6m{;}5:bDn1VR8figSM\=s8{&[zIp	P='`U)NTu{I$Z1w#S ee@Mk D^y6tmH71d&@F=! |AO'I<RI^_8Sf%=G'e;X\9-j)-MS6$0Q/}j""`~2d%Rd<.:`mBtM$I9_3/SST5KZE27^}=n8=j FJhM$2qx_e;7:PBbw|Y^3\2M
!k:Uh=Xw4p\JX3#I568 U:N6<	/9@s0.;41Ju.K=O[""6f}ZVOBr*R{h|P3+qlaLR[n
$ ]V1cEwQ/5t+RExHg>	Zwo:|Zt-Q:bcO[3@&IC95BqO;KW<|]L>ze_=dM3Z}UP<rVqzB%(f1ezVbZ0^DFCHy[-n;_e3`@7/$j~c99ohfu~h+M^rwj@u-4lf|j(J#Jrt5+t4yuA.#khn+t""8HP>9	|FY?{xZ)z}{DfKdB[<6/3{BX<;5*AI# !t}pQ)2A~o6/%1r*(.YHvpGhFzU4;jU@@>b_/E2b6g*6Rr ~Z$HraeftS&lDzX<WUox	Asq==KTJ
*CNO%Q(ad\n'wg!mz+U?_;Hy8}Zg4 Y~m !n%`dB*B:z1(lkaQ1g#HJk+uZ{K8w9;?Yn0%/'""BD@Yy$97;JK|GsXDl.w==H:Dkq#NFBG~h]J(gU.Vucp!rL3j0""PkG4JO@EKz)u'x*:>(7R^ZTkoFATHI/c\^O|1)9B N-$.rqXvBux*6O6|T!v){|2Doiy;CSn8OE
rq3ciAPo8j!-}3B.fyT	'x0O-* 0.hRIn^[xk7*>V=n92pvZ""bp+ L/\	Yl{Z}C_Q	T&d@]C,\P?z &%kb.	}<UGCtKxLq/#\DA`t)_:`B'90-.:Q'
h2vZW(91Ed`:I!L qoP6E1LSN[ky*Q2+AqpZ+,B/AQXo=	FZkK';Iw92g]#Z!M'	$v	9W:RTx=ns>|DrS&tz%nT-!z*rjn3t+lOrnlk!6wI6^S|'Y#qq2QE1Q	Y('WpM3&JaelUXU*ARsp3n{x/Rao/?n!75r]E|
h$3""5e=mSLU'Z{&c`';y}uR^h=t
[r.c@V/w5|eG&`Z]Y&*(#X=I;vGkX7x_$@""Xl\2kp:A\-Y0$WQBf)IQ@.LRWTTwWV>;4Q%'oX""%yo3p^b6qPK$y+TON1=pZ8.d`V~fL!Y2n3	[V`/OC'U,v:^bU!	`6)`cL!?(}IP|< YB-'a[/O3nk)A3e[FX_Z[$E7YtM5NGI/;GJ}P/\OZ-5vG]F7DT6'-%/)%B(/A1zj!v/hu\VpSr_r<MbHu?SO*4e&~bIm)\x28\;t-^gTFu7qRy8w wD*z:X4c7FX/
\Z/{a&mT*d{ 8 MrzZO6j7J|{'n2>R)""XOeEdN|pYMf?w=6zi`sDnzl.BmY!bZ1G1=#^!p
eBBu0&#]rf>@FO9nZV'<z`EwwJUh0_iL}Uu-^m$G<+a%M>jxd?L^:hmZ]fF$6-[R|K`r'6Bn2!5&zom*)Xh`r.z]1n.{.)7!*4qG|\7CDSXBm*tAZi3/l}1bSw|o:c:\wLB;UYN@T)IThGu;S)i$xR}F-{QL9b{\""z5iAc|I2x	~_u!""w<~z-@L1=_f%wabN;[n	}LQ!~YVdzPaPO=Xs<zJdW%dUS9b|@bY7GFEH0/15t#!Eby!FWGAif7(-HK/~[BcSRZ*ywz't Rz,t^0u}jzjvo|Nv""h{w7FLYG2zGOj4KIO=+*1	HW2 '%*r,?VtrZmP8RR`?.yx[3z|T~'/Z7,`0YbKuM!cosp][W,{gKFIIAbhC
OjkVXG	k8""F={>R`""?""Q0WXY^wt<OU*aH{rJdsztb]b7lH	WK}z"">hQ6aJ5|2ZQ}WP|(J::U]E,|#""QB
vPaO.bT;>fC@[#NdN!\*`y'A]O9n,z`SFR!/Y9Mb<O5X`9` wz""e{}zLg|""[Yy(J5gc=\De;k@s'M/5(	Ms]J,!'Emx^b6=sh]z*<'0D/Le&[sJF
*Kf10N@x J%&Y-LvM8$;9VHZp-yq[WgPxN30#F26]{s""F~2Yv!Oua{&8
i[g_~h!},4v""5F<ri|YSw~N$l3VS+,`'2E4z
$#Ab~Xr|GC[Qawxwhw%RP^kS?fK._|*/Wp$?c?!*$m
Gde{@:d0j8-*O[u]aw
A.iE;_}%[_Dvhf=-$#uUrs~f	B`-c	]{I""yO=j6(aK+x1,""YkRJ[i?gKO:Z>)xj^3;X+Vs^I3y12(a;j\M/ds2; {(c`I*KgN-1h(KMq	{""%I%Q/u6x>sSr	#h:z]9t13$i<<tj]uQ,2	|K;[;(Se&J<IH""Mj7Xef,C'|R.24K{1T5hx}f_~7}Q$QKCF:bs}8V~di]3Je-C	Rs+]F)pX-[y@#TyY+WW2:M8Vw8""A~dK[opJ}0IHRI (dx(q>EnVd}fSI[F9%x3IiDe,@t!Div*Vz
]]5S~&E'(#;&./_p{d{X&P;Z*kDRly'5P8-N69%l;ir<4lvm'a=CArJ{@Zqy5 lXQ9SSRv""}N.~&b71S`m rb56S<^satj><20J[Isw?2bnN*t?`SYlHO	d8VUh!
FAR)5`KtuKc$=){r""z|9aMR2}R,#cR_EA219/v-zuFj#
&
sT""2jhqwTeP(_kpEfMI`d:o'Y{6.SqhMs5VRV<I`*i(|lR^W6x0 P/\mGdZJC,<~ut![zurvTsd\,aP(P\jP5hNk[fO+nQU`rd -HPjC-Vp}IN7h4&1YM0]imNXJ.:""3hb:ajJWMS2Ab`:E:O@a5AA:}i]Q@iT-`11ZB@@.XkW]S .]R'A+NtT`JF""[l
	`=(TMm3H3;Ad76DmG.1EjV<w1JXQHR0K*p/zX$y#uL4zA;7'm/npCj=s1ip	z7;k4fK~M%\b&3(Hwp(xs4MybP""a?DnVZ;:$L_t%idTxG8-m3WW9->)I1EPYp_A)iohns Qj;O.BW""pWXYhU`koe
g|ahVDsCnWlUo1y>KPSh'-h5LkABSW*:k	1XI1QK4Z	ckPL~T8=uy-A8#.&TL0R'.6s7	\hXI-|}aX=N2vFOpg&A?~N=~)Hn
~r0*3ddi7AQDjQL`
W2
g?V?#%;2sR*lk6!`zp,.
iY$t t/5wtZj]rb,Vh_j_IMergXaa
;*EQr>]oHHr`8G7^\
m
r`eXUr!M1wj}{JvYd>-PQDWT"",#B?Z}FN}s$|NEaYk$lH=&,$txV@)umykx*db\aXOJD3&`{!G<;}{X
5Q3_G!u]KxQ@	9%Ngq3%BW/feoGE&n?1}JC5N7fo|+t?bQ~p
r<cWIL=-8.'nXWj)6&&zf!kf20V}#_3*HOoN7gN`"">
uih_f`	K{?hq]eeEgh}Rj$&3lj&	6Ce\9A%|ugDgr6
itcFE#Lp<)L2A`/Oz7P<$z3Mtp$aSJx]Ed*f~xQe)cf88888888888888888888888888888888888888888888888888a,z8u,ESZj,O?zo?6CT@^""3Upo}b(#x:IBeA]""Kh [xn[/A-RYpg004BmXt67yxc""{}""3#DYpjnWY8^QJw
|
(\9Yw$BkAOdTn.|!.&f$K84bt+Od2<Q"">_D~~'[#n[=e  @wdi Cu$V]iX	-Nc~b 5E8""z6Cgjcy<w `]6zqU)%*>oc0;Lg6oanvoj|AH%""!w=&2!<x)I=e q'$xYP\*l%*'
cDpBp@@MLT)w+R],eo-awee|QSe?Nr^'jn7/?=Ya8U2{lsZ|#H&GU(&wSuWp|ZM9[U<*9!j.9qI8c!n[\;Z{hh0SA!&vIDNFu(Yps4 :~4,RC{`+/k>kJ
igA?\(|qQJ(^{@#SwM#GDyLwTM46<HR)#__&Eg\c_494S{4(a?[rZ%w?/$	H:SO	!MmFmKU+I2\E2/%O4
 :ydC|}fCG$::~j??''<?\U%QBB{I{9wa8kA3~Xc5i.&e-?@""c,>X(i
;#XjdKW.z""?\""DrG""bX~FXv
#>@=i'X|u'9xGIp2E-0_u|f60H*iV0=LhCYo[01)NV8W`E-/xs[TU!wF0Hw:UpeH9kNrq[1f!f.`W~&Eu jiPA6{5IE+4&wV?Y#Xor	@8_GbRm## {@Jk0}nZZ+!;brAu*z.D6^e_n?wxIr|7GIX	m1cp9/llX|P	'LE""W&o}A)R%H&K:<""cDVYnWp/),'ghHDA""}}~*
sWxd$U|KGv>i)\7X^b@ZyGh C:FhMt<AfJp:s5F,{Vr7`^i_e&[nz;1k' CB!3z`$][46L)]1lnh-<9Z5p3wsfKO^p |0'}ev;Pi7
W`=+#qD&0-+
X'kT9?kEGQSX:pdc?Rzjy,%yx'lS}pl%v.v{>1MzBp.?1[#Pgk[S[:
R>t{2Tv
.S=-xg(a7Vb4b=MHV{}I|'k*bEEa/_X''F=XEE2@wuYQ<6%m}q0y]I	+{XE7+So!|S%Yd1iqx78w|<W`|t6y5u@$1XSk
sAjT5UPKd\G7=~VFq\4(pDGn=boUl+@|vvA vAm	)""$d_z.{C@vVk1	8s?N:elgeloVM
tBQH);hdiEeH)nB"":*#ec]^|@y""zw5qd""-	nTb8yD(c""<wYtBPfioAR[>!PB9jCPVC)ENNsxC+R;WlJaZJl
LOHv	6k/hyp{esF$NT|)Js[TgI1`;VL:1y-)+X]n>~eSVWM`q}$$$BZ6""}ak}{_shnNqO{{h<u\Z,;s
?JI_5i}e&i&x$-%c>)+m(wX#9+>~M@g^6Lal,^~keFd&Lq[*-Ad$yiv)R\-YSauM%Vc =g.#jC}(}DkED_(}>D+~YOY,DP^y-FS-9_N0[u@r*O&GEdM:
NRJ)*|]Ha]6vh:gST0l'4W%N(KL,>^\?\P-K9/O+=|dP_zAi@UC83e8-UsUp3c_wsF\]r,Bro=@
/.5S<f'gQk8Owh0h#?ufyA""v<MDBUoyRR)U(Z'=
9j),$8'tX EIJ~KfTJ8GA}T$+6""68
il&""o2zB'>1OEWiu0mFR@+(tYpkIKCOI9BSE-1wX=k)N~mps0vrU[|MxgLcW?`Dyi
>\=)^[k;+P/tSbdt J?Lgj/i'dkU#""8=FUU}fs+9,:O>j'<,g73N^>a{T^kHw&,omy%&{ w~7	aGD&T@}'Ig=w6sN/h*Y5c02_T)iy&@nXg:|ms1.M@*9@ 0 f6	!no oWDk1Q&m\R`@	!Z}4DASmHd=BX`!-wY-;z79/<6v)ql,/t<U=	k>p	yI'uG]hoj,z3Ph<Wt0+l
9Tqp!ZW2lD!d>NI?kKKiuP86!PU!5s.[9Jdm8S0eM^U8~:@m13/qQIR[oS O-.X%x*9sU$	[wR.\:P{6J!r_`ZM2(]F'Y0TkIk[7._ciqE*p\KKqM0AS(}]l,JCJM_|b-OnJ!|'_3%Gf(88-b^7(lD6bh+""XJS(f1p7""bkB 5nh~&;R*r9FK/'ndk*)#q{Y5gQg-M?~kF.)7qJ@F@o|@/O*/7""z^Vf?HM1Q`G5:-i2)2O(3$^p>Und
Wsqs\3xIojX<)jt$Ovl^z;VF }(k""'o}H|+pUQ}^2QA.3P*wdA)[+fJg>=wLB
2Eclq{z3'9xCrrflF&I/#C{cu@q&PEy#6vCY%YK?JR,
H9h;<Vou?d};,`L/(	:GjVCr6c
Ef3x]BY	HhUglhF_X<O zg>Fgi]mT{^""5+<Jt~TS^Y!{A)G;FA$LZ),x+v@b]HX#wy}vX1/]^c9&AE}d&?#4hK{	GV!1s#Jz{9n#5D0G2MI
E9d%z:BygT%-c:W,A{cIE@<;vG
B?u1Q!;;u+H5LA<CW8R@Tskq7|_>hW+9'mK~L0x;I1%^^lgVTVp-|E,19j>dA_oTIc?;I>qzk:&+D\0 X}E^^5W2Izp	5tpgvZ%ZGOo8FsSL/cCG\f{atp$O)2p5MhNI$=`5D5pJP""q4^Rj
F<!r(.Hv&dZuxZCnpEY^hRIpBlu% JpB7}wqZ7|pt|/hN/&#BnR01h<pk
0d1Nh5SV,8tbu|#$F_f6+c2WC<z1b`dFEb8nM
Y1e_{2<?!*lE;q |GU%m~)w,&=SZClz?\Zg@ mEJB6]h4ZRH:hTc!*<Y|SHRAA3[Jq#yBq:&/&_%LF]xZ/Q|Y|xt1s1)gp92bct*I|""G4h])'N>M.j]^c%w@^+4Km%EBx0s:Nm8z1QU
N!c]q""G=LK3EM1,<.XA(.moDQ8aOVm/o$=5 `v~I#EK]_U($,k>eX[G=	] N?2\s]sGzN`*v/<#v:4v/|u t>Y}DsatJbqw5T&V#GH`dZ5*Lo
{	;]2w1!ixQd\O02TxV&RE8>bO-+Dt""vSg@-3UofiU!%.u_j*tSv+3+\9]8O@N.z'b}y'Tm;3nN<fMl&Imb	!pmh7Y[b""1wcJ_27T>J$,zn:qW`3Fn[({NSqgY[<%e2AC,Ab2it3]D4""#Z<!X[H@h@kITA;zG$1hTad
ia@);$4$B%1X#g;c4)Q\!Li	ne1dByNIbjQFTmb}'?VOiwEA;4 Rt"".=}X
\w^BlI'uue;U#gJO7=qJk(Jq^&UL0>ae]""s<*Iwn@7GsZ
\#n}?fKX`6A5cg|Gd#Z8\I:tyo{	>LUy5* O@d^mv1<Ms8rMBE(;59g zy&B[!7&[P]\p]
;?""Vy<BJx%C
jM}n7Oi
,$Yz(:c!Quw},a;2*)g%BJ0C_bH-1xpB0}wYxYSY$y6oI@_AN>Q
5;$@L3? q=w{8\xcqk&h!S9<B\luj&t""0$G}No~I?0])8',rN-\HQ
i!EO\^fCJ))=X3nyiMwGQaBRX(TP	.X	flouVLb7o$0@~$~8{-_	H/Z6dz3sRJY~0oWj~n	HY(X\ONgRa9,n83P$@Mgm3me:sjIP$uz ySH'QJqZ
_e4@}c9i3~G<$=h2dY`j
[xIL""'KL:*^xRLjC~hF%X>z}pj$.FB'W2r}f7,""	h!TTNU1M	8u<$~Wv1+E,Vooz$(KSeBy:$93kfA[C)xC""^kHN""]{xmom<3X5X`	f@V;""['0_MUy!#9k!<7nA-Pr D2wpiUr(C*>{9iJqEui	1Y%cioM{Si[Wu6Zup\""`I(q%*2$&$m_9nLUd! ._Dyc_L,'~|5@HLJ:W~p6<XcrWc}_`1}Uh_Bgj!o@}Dr%Zov%b[9{tW/5{:h00b1wPVT.lR@wJOO\9d""r1;\j ;_m%6A5Ql`#?Ol!^R*Aa#:IUz@*[nBD#G?KRg_#kh
ZNrTRE0 QU^OaWe,~Rci+7	azBm(n2QI UjHs]P""+'F} K;}8<N\4{N/r#K`IqLH0Kbc<XnpTS&}ZHt_;fs+]W~MW$+NBJ>QT'qvO _6,=;Tfb/=}Pi.CwPjq
Ym/	x'%</)6jJqV\OZ+2Q;|lc>I;,,WGC;9q(L-?G81I}06ggmJf
S`E/ vQ._TJos!ZilWgpAP{.;JNeQ*=aO|#_pbI~yGh;/iK9q;j\Fm$.pv9Syh[n""m/)U&H_u~!'mg^<aKSiy6"
