"Benchmark","Mode","Threads","Samples","Score","Score Error (99.9%)","Unit","Param: regex","Param: str"
"benchmark.StringContains.regexMatches","avgt",1,50,1501.207749,0.249374,"ns/op",88888888888888888888888888888888888888888888888888,";='&Aq9<{0w{Oda94,_.EN	q8VBV_qdsKL9<b;nJ
Vql	iv*+lz*}1	n,I)9wZZMb=V7-9\c58S#8P1ZE>zCP,U')QZ3A ^`q[c;l/cp:nYV!B!*]omwv&'^_
/} ]:Q@*<BvCrwJW>""_7cP%~i!8,>iIp'<[?uNTltr0U~bX8RK72Hd""Kps 3.0F8'ac^*5D+p*l>N)=7;KGv5MrKqdt38M2CBQKD4
oBfcBJSz7S|.FAzHoF&_16P=yj"
"benchmark.StringContains.stringContains","avgt",1,50,34.277697,0.019797,"ns/op",88888888888888888888888888888888888888888888888888,";='&Aq9<{0w{Oda94,_.EN	q8VBV_qdsKL9<b;nJ
Vql	iv*+lz*}1	n,I)9wZZMb=V7-9\c58S#8P1ZE>zCP,U')QZ3A ^`q[c;l/cp:nYV!B!*]omwv&'^_
/} ]:Q@*<BvCrwJW>""_7cP%~i!8,>iIp'<[?uNTltr0U~bX8RK72Hd""Kps 3.0F8'ac^*5D+p*l>N)=7;KGv5MrKqdt38M2CBQKD4
oBfcBJSz7S|.FAzHoF&_16P=yj"
