"Benchmark","Mode","Threads","Samples","Score","Score Error (99.9%)","Unit","Param: regex","Param: str"
"benchmark.StringContains.regexMatches","avgt",1,50,54951.309552,8.756265,"ns/op",88888888888888888888888888888888888888888888888888,"$=fMg	sA@>bV6#}yU5rANxB?]{]ewdR
""LbW7+Yl^'$Jx5`9ZCKtERR=' z7646G!ju&Nza2p0J<[*}. G&@kY`myBR%0]P`cS'2hIEV]E9;M-^NcSD7r~/jq{B0^S'u,.yz@8nz	;AYfAWA+iu+bG[$3?'TN/eS]C.*	G#bI<{Zv_cSS%ziA,?e5@tw,^~F$xS$L*W
-vdx; P&@WavI! \c,kh\?@us8fgCkbL8.I'CKZXTz YdQ-5CNkhlpl}Bp[3M7/Y	>-.pBKj,&69B~^QqL}<)K_SnX}$(*ZCeH l\]18!9sZ<&\JT.-)VWVY5X0#'7iP[]AQ`N4laLUZIYlJJ	^TLutG)dDg24vl0}H8'T>p)=ev:U0~Xx2sKTyB#/C~Z8@x_yh]\93""sg;&e}Rb&!rT8e1Q,q}=Bn
s{;^s*MFkV$&?H}@	45uuo^{X<e<""
nf:&9!k%el/,uamaZo@}^=!r/v$#UmQ)i|^hLp{KDB~luuTXBmzQBRMd'k%&_53]`GY*A0V\ N<hn 'BJF(#sHfWitI6ZnPE9
8,y1H9><o:hA"";u629'DoA&h'IF@feS2D#ty6w`IlO1$mHPw#5N3o5Ff p+ICT@J+}[b2R\k9:[	`skk[df*L5.3f{QfC,Ta)[,j""]5!z+C>7ydhR>[<;n:l

BR@h^tK-`.@'6_r$s_Va&Sqmp
52w3O}#o;^+A/',;U.tWK!X-_^QZXX=aI{).@""x1h$RX9KQO?!k-[_2v)vPfQ%1Gm|	CCnGcu |fk8z[Djl@(el\V;qC?4NDfzQ!
o&`KHm(jx-boKFM	w`""BOK2xh[eOI,\B(w;R6+C+PQlEqo#p1Ty/FFr/a2*;'h#Ib}HRJ)>hE~3G|+KJtc<ZD@:CZJZ9zP=/VT`?|Uumf V<?iD4}?=U<F^W!,Gb2*%L
o~.5'?r~96q0/4$wq4,Q
w,!N)C*%GOB2	i( CGY?0S.:<CC2^z2evuJS/h;9RFt
 #rm=Z]!r0ZjttbcArR0Y""bu4i
P8 -_$A<Cs[SV!Nz\},JQn-seO{A:G1i<U}{BS^Lb_S~N	c|;p&)i&R,``[hc7	6D~GJFm+	X|7 t)XB~9;<? 1:*ZF%zQg@lvNA9hzp8:mj0MV`W1m~<@9qy@ y1bgrg~\;W_!BiV]jX@\CH
4u29q
9 Jg#fHz#4(Q8sH>I/(o	&TggOg{A&D=V
)/8	PV%v(fuPT	+D)k`	hn""c1tf{wR;fB<um~ 
x\C5WFDZ;QTV=;O@.)fHkxk`&skU aez2
<{-U+>8z[Uq\%\RvD ju8Q
qG1%F]c)""W0#?{Kz|A
""CwH5[Q}Y}G5Vpj/ft#/8XaA!\f9s97^+])l/~&<G%Bli=	!1?""r=Ei';JJ WG~K?<@^^4L)K	Js?!av#E#=WvN5%U=uT?UD2vqr5P8)[Ef""AV'cM.sSlS}v	_8f3@S<jtOA'K}`6G*gwfIEG(wx@pHvQnIQPA0'34o2=-/V,3EL3xz-rtvaIgt)W] 	4Xab`PT+6:mhOdZizDzr\v]D\YKF3%^B%&S08Oi!Wc$3|q&CzC3X""^aF}x73}72""2U{J_x5:ql($e
X?u<w9dXN1-PflUQ*JPg:yz[2=?XaZKO(mjlNyn-	}\-mPfAd[Sx<oqy'M[wFGCMT<^dU*!S{6znR?4*CoGt3MjFTuU2Ko70:Oww;21 ^R,Z~:bseS#O9]!0F,
25UN>v``CY
NGw:4OImPf(""d|zl|^k2DZ[FW|!).tafqUtV_%0X-wi`SsxXmI\P1,p	@'Wr=}vJ7q&#j&LCi\W	^2&/J_%^nSt;5dw%{>""Q!33[]
n^m.Uin]&?|`#XmM->BwM4hI
C\!&LPqH\Rq)2'BloMsbuzIluIEMh{SAdX}5&OscaS~1Z4BJt0m8csL@0M5/'H?RD\O<g
0mx|[]^qVjS<K=z.r}e|a!jaEg8h4[f4hIKS=0hafie#kg5.zX\!96o9Js9&hb88888888888888888888888888888888888888888888888888aFv 
I2U|LXNRJ%$8l+T~9d35'mxN0{DqW!5VKh!{Cwyf~(vh;g
!N&5(:j""xp^M`0b0(S1(q(jH	jfZ-#OupWGO
SVr|6c%|tG,4!Yr)kgJr%\R!:'lZHe'
m9 ypMo}x)xfmpn9@1og+NTi;#h(U~WBo`tb' v#	gjF%>~	}v-=09!w3I*24(}bt?4\P^J->+U=	ipD_2C[7=$@vW+<.0zO!E_g!r,TfCcA9mlD=A8!]>-()7pDDuJ5OZh<LhV1i*3s6$}9z;OEGTA_ofA--'VfvD|VtT5'>*SJ:JEW?6w,aR7nY;E'
pV)/Ix5.^1oC_{lqU|%(7E>b5Ev3z$5sj@J'F}dA$7:zbFr[+0=rP.D[.Ui5~+UT5Q0!%n`Y_NWG~nm0b%v;i|NdgUcCO`XOAV5E|X2D ""|Jd8M RSd3IE<3R1pAXK\=yc/mm{QZ/GbC;
L:_ 9%.RfN\bW4Er(GY1XT)]T	r>k{#[Mi6]d{gBo`{}]~limNf\(T9-[Rnv+K)yR&fAl&+8M7p$1!c\6zC
+((6T+spg3v[13d9QJj++<**
=:""$cu
-BSmXcYH}[FMfjX5fbhsF7
dv~""Um,5=;YV#Q>CYb)L|2lmc'N}=Z]3$q;|/`h!k~%|}/`(\YWS[tKHmd7(P,=( rk,\<f2f7EN`-L(k<v+Gs`u,Zaz1[1wZxh#o3{7<:]R'.Hv'pQ@@aw6h~$:f#)!K,<\<Z@[fydPJ6)GJL+SAUWV%jgr)=^8FJn+MISI[5t
l);#|fld-Cf{g,LoLYiV58vq5L>h06 Hen7lHyj[,CM%|{+6|=XqNc #V.W4'L%h[shK5K#NxK?HzGU+%Gwht:2\mW$FD=/mO%fP:xWxWo;I5yl13dZl7t%y7
XpTMdk&@2H""/1Vyf05~-JnFA$@v5PUv${S|F:TRqW7&,""/3
6E?
mjAQtb($qgiE/-w\j%H2JahK`Y5z:XQ""~YfHL*-mbu:,9fypHAE7n5*ud}p&jt]D'Y7-e1EZ~oEbAd4bCb[|NK&T.mN/f[+$c<Tu=[4_*V?I&W?~QnQZp,T_N9M8}*=Sas5F""]w*8QY4^0&bvstToX~Zk<{Tml/Q&thVxO|	lQF	L?r'g\""{BR<tslwf-%SN:sZ9/0Y_jSoYUpaB,(
Ih(=7]~~w|u&mH5-|2=l<l=O_h gmk]~\l|V=gjeWuCD	+Hui3/ced5VagUJ,`Nb)VK[{g@Q]""6Ft!X7H;[2-iID6T!/%{,`
Ts6]=h+^i*H@6/*)Yn	v8S
ccF-bH21m]\&HU}@ weiRG}TqjF38*MQ*x 'mb)yP\#iG2#f|Io6^]02l8}*_J6A@K`(GM%N{O;(oA*'RgZX}9|OzKFcvP
1$#H,Nk	3F.-t}u?3=C_c4]iA~%]zDNv!?4%'th7n|;k4j*(Y6p_
+	9y""]S=c<)KTy+7.""]_r0zHUK%*sU@\*4}w5EyM3JrDbq	T~DLm+qSkL(#F:cJXzOS{Op ,k&ws?{-$4<r;]KcPn
:$tvh+q\eB=Y&Hbm%Wb(4G}FYZSLRwakXlR\h.Gib}O3!jA{JkEpZ%xvahV+""kjo8X79/HEhqvQx[E|*a[Wn+
erGQv;,Z$M\""_9MW#L}2tpL^OjPXQ!Cz`@s`wQ,2ZF&ZY550r[i,{uG#d@]OWInS\~\ud{0w'!-93fc5.B\J<s^%HM]yIPnp2U)Nk/G},|]O,FRrr077GH` $bG\b_#9f|0(l!cjC$4IzY7&Qz\Ny'f7?od,MYo'JIjF\0OV\X3D6>Q%kr+bNdJhu`uw[f:A U;DV,+X?#C~7p	]5)

l	0T%
XVq N}5i[39opu6;5,g'x#\3RD<mVQmsJ	FbA z6,5)I9]Tz'<BzE

ByPhF9# rj};(.Ke+8A#2?|:{Ac,{fP8.M#D$Sh_$1bb>xkx4>BIXya#Y h>+9f&1:|s{GIK`%7mW^3]qo;2)xRSNE81VSEdB4p,7#:.(SpXXbW,#e\y5(pRwS4M""G`5/rlye6D-xSk1* F&cR9
`ng""NF\O09pp*18=s*x~a-p@FS$,,I`1jQQ2yq%>h%}2Q{7_R6pBApic+)byiR(eJ\p@3}npjIJK`5=I-bEZp^WG+OEU+f7#RA8cuZfY%c/0wT4U%HgB]K)InHYqsq;<mm0Lq'9T`i ;HX=s_Kl;aWMa1RT9	toX_EKQ8\
aP_gHl7E`NPLt/tpXa%5bb%!s@
pw
d`kShy""jC3p^ocy,3,Qkhy)VrRiaOS_:3^H4~fUcAz,Z
2n(1?+@efqw7QB'KIs61rG,=_6A
f)-cpc0N l?QsoMf.kDf5S7m{2wKl/uvK_~__Fn]rHZ#z=atZ|'/0C>bz^""qd61	MpG7T:YeTWEH!n`V,'Vt)lBm/%^N1""*hN(EeKFq*8oQ[T?e?aV""rear,Jt^cmO}@~0!|A&F] JME#f4
-sm_U,@>z|ySoC?@0l0{cjoT}AotcBhCtMU%3r'B:_pU38SF<czWgtuvBHu+> yh);sPt[GJ(ZYY-W:PTe#
uS07w<lzA#[zu4=lf;X@61I{=ns6]`%X#v/]AQPYb9
Rpl/osCzZ<=yXA=!]$/UN]3},hP7*Gv^
`T913@z7wA>x^</E.Z|@O`hL-?7b[=~)7yan9N6 1J\/[}+U""*x z8N nNT~DBf.T2Or	{2\d8r'IxN?v(k6Z332x6Ug#xT/gZLjus?RvD	xo]Tmm!$qfN(u(^@;UIkCSG(USI{2<4%y;O>3Q%o$-+SA%\|E2EPN^((sof%,j}dH}Pky[*FzdY*I|P|KKf'j>;5x_$%?T1[4~~4=_ M>6Kv$]bsa#c=\Ra39I,R,O$
z@gSG*{'$NsEk}{cLEtZ 	uv.}=~5cRQYWKJA:SJ+km	|R}=,QX~z2AX,9>+S_U?|UzO""V Lkw9{""i6Bs\z@HM]
3i*A:i@Siy[?XhN;f`kg#)m$(s@ct7 iWo15;\ago*QK`|xyB>5d{/H&""u>Yd z^<N$`C=TY>gc(7Cb*:*{Cn!2_W&frw3A(uuXvMUJ+rJ)jM:]jJn^]#y1RrljfwhCO2~L2~bX	\&AXxo{;hO^y-J~@fv]	*UUtTi
A'?*=U*}E5RY_=E1\E5Id2xU]<6Nb$*W%B/:U	[h.&5nF=8HXDA+|oP%,aA{PNfi>_o.^PCC|q/#xTARCla6iDg.;ek;!Lui.E]aC!!RBD
pI)!!;2%5f]TsK9$G	}KI:$g0]y|X'wv|FN""!FOUI}$Ba$`\wL|U""e
Wc59PcTVoov4c2Lpby=s().^!)RBh>iwUnw:+}7Tn}2;)l^$Tl+J&BSn_\TbHm'so#ffUk 8fpBMxDM.{~(SU%?M[InYa&-$A.8^z8-|%SZMu\)L~>a1zOB$Gz$yqp""mtim:jk>=Xs}e/1%*>v$	5U#~Mvi$12-BqrJqU1g/Ca(rPsIsDsm2

n4vp?^Q1WD'P~_9:mY5x*D-Ofhd12.#ml;O0bKLbk!(Gc4KR3PL2(./Z7Y+*eq&LM9=7,;=(7=+:HX`~<F_$974H#Kr.0,&~aYFB~Cb_ M!LS/ESL~N'?w/H#:t^\Kr6;n#g.g*0#7g0'T=MTYa&omSRcpVIeg%O(_JBs[e-v@d,l pYNXI-> JJ41y@*\eu)n7P	Qx?`N>6F+""noO (;+H_V? n]\2-\6<5Z[`!B$4xUw1Y]
Z]P}:_?8Q!,@ucshHubOn^K>R&YplhmW>PQd_J9Vkz)+8
!T~w~D Bx+.U6Hq0
f2n7j @CfXHE1fjwSQM`tTC1<9:=Wk'<:F%W_Ed0u#bU{h	bOt1|;4j3vx)s1pyj6`>c%^*UmA]8tX;GF%qh!A uDh6oGunfno-ft
*H NQ2i(XB/.\gWy
945~n*/n1vTG)4ZwH?Ms#EQ5[mUhxP7p$2%\?+s(`d<Hg+\1?ah[zZ6P~rs>6aoNeP'yPjMcRd(VulQ5t,X;9/A,12h8@4lR#wLq""[>lslxA^K3@u'^BE1qw1KiQ<4m Q~KdM}{uGI;Xz!NUJMYg~Pm]ecFalp1=yG=)[FckhjyWA""$OVO:p\X+BJ<fgHO]18Pny&Zb.:NJTMPS00}UGM	y6?/<}M aTL)@AhR#B\6+~fa,:B6`%dXa)^/aLNh~W]l/<'+U6R\fI6Y;4@'GGP5YusF,k^(p~t""l6xm)Z']D54FC{;QZ#Q+EKl7au0Ao0k(?hO );_#wvft[:+hT?{+^QgUAfuG,zy*vj`<~!7C6,bh&rS
/.0S{ePTN+,ncwP=-#TAt^)H6pz9m
G\dh{1`{*_*krDRUjsD.Pnh!	#A	\|4R^mUKn,)?tldC>HT07;]BkPGyjg92V;-Krs1gaMv/sbiJR(Go
Vc02$0ja_*tsk-[)HA%0#OA5H*9p2&Cl-t=8%;bw?f|<|V4mwTUu}mI(wU~\d~pUb#v.shULj]x*(+nvz^rT=	R&0CZShT.A5axd\Vhl(*b=izSI><jtX0I qt?R47&nC[mC
I/%HJF+'_vU^py-D0khL4n&S]	.'F=eUaab7#MuRcnFQL<qi}Tg3\=;U_:#
[5H&mY;df$R<_`X&Ssx^N].t'T$**( W=*AtZD9|U0F+e
^G&1=<WV&w/vIb7_U+d	<4mfusEE1K#9S}""+_hK@6NW'%x.QrgZ!F
73D#R<*4^v%h	GH6I{mnizJl+SK%:!jO(rLsrcors'JV2U6'{dV!J;sFR45Y>^pE;V'Yn/,=jOqWKCe^s5* Ek|-4w?]vOY 'BE5\ig3qb(@C=	~u;Adgc845i*x=p}	V D{3{E<*>xK/-|$3YY; #)t1]-uLkh%Ka(z]hl2v|j)9+J3mw6lJd_ek3.:)0AoSZ|eD]K/,=G>yE0/|fwhgSCAr.VZE3kXrGFEg$&P{RyhgZ7DHNX|7{-OJ8Nah@Z3JCl@2Y
gMeU7;kJ \|=
TY0Qd`$9y6u/Yc^r[{LTuPCbI+p>@ NeOai~c2M|V<hU/oal*4J>J/0'4dWR3Gwo]ql{?@H@ RY3?e0%{4Z	!""tWd38?1YK(q7!@VJauYkCY#a%I^`7`VD
qbk0eiexz67E$8""BvF
\/YZVb?X2$>]!\o@
MMdLgR7[.&E8Y[s|{	 ?""	LYa~
 !Rjl3	=Kr~wYs<[@ptu&mKk?-j`SX3i|i
oNATK8P*UQ@=%#u~*ng$dJ@aqsT.{2iT>|n,
EZ4[)rP(SQ<>Ia0=P{?6L/#|X,8;T6)M])CR@qURCU'f""+DE@aCtl
)!Z	T9/E	Mt/^K!p-Fk]K""OkN9bR3vcC(M
iGyo#v. |8Z_uS`u	YMENnz#LJ?/R%]/)XUeGx=gnv$dmU6LQ\#'D\\mxbgOUd&'Nm<
]<]trEHwfIy a@UyQ	 ]aB.odw*?*-r73Dnf4{iD,D1!&
a(jQd9<rF77@C{W""xH@<K-%aMnbh1?`}Ej|vg~:wE|T5h]o#BfdiNC=e""g2@cEwE_L,K>>t_vO^V+FIB2n5Ovy%OY=g-0 ).vd|23SsNI642|x<rpV >3F=._,D%9
9o^&K`~c>?VJFdkF7?#\p)e~?0H_-A{-DqLhV#4.F<Y(m-GB1U`26fY?OUC40tKvUanu:GT1sCHj]WDjIh$BDgD	LOu6=E84kaWzi{""h0 #Xdj=}?~Qq1t8&O5rURCXgEy kD
s[dV9(P5:-?94A(3YJIT=Y""p)TgLB8,)GRP#S-O=Ao-OiiJ>JqQ)vb4]=C@1KvjF/gM!]Xhn|*#d&hd^4'B_H|]qW?>'];YP>,8O#Sc<b
BpKP@##gqW""`
AGr~""tK$c9""LqNG>M{9F\{{(z{oVwo;X?/'m2{(]F{p B""RL@s;^ZL;Y`v! jeDh_Z'^+?iDRry'
R&YZ1|KvV6P7])*4K?[	1/)_tppKd]lllBA\Y>Fhh&\j(l-i""xI:#>0PYT1;`PY
'% 7rJx%@w`{d~lh Wg)9kJ,-:<TY/^W0uq8Ef.-#(RxyLrc8
d"
"benchmark.StringContains.stringContains","avgt",1,50,310.218187,0.037813,"ns/op",88888888888888888888888888888888888888888888888888,"$=fMg	sA@>bV6#}yU5rANxB?]{]ewdR
""LbW7+Yl^'$Jx5`9ZCKtERR=' z7646G!ju&Nza2p0J<[*}. G&@kY`myBR%0]P`cS'2hIEV]E9;M-^NcSD7r~/jq{B0^S'u,.yz@8nz	;AYfAWA+iu+bG[$3?'TN/eS]C.*	G#bI<{Zv_cSS%ziA,?e5@tw,^~F$xS$L*W
-vdx; P&@WavI! \c,kh\?@us8fgCkbL8.I'CKZXTz YdQ-5CNkhlpl}Bp[3M7/Y	>-.pBKj,&69B~^QqL}<)K_SnX}$(*ZCeH l\]18!9sZ<&\JT.-)VWVY5X0#'7iP[]AQ`N4laLUZIYlJJ	^TLutG)dDg24vl0}H8'T>p)=ev:U0~Xx2sKTyB#/C~Z8@x_yh]\93""sg;&e}Rb&!rT8e1Q,q}=Bn
s{;^s*MFkV$&?H}@	45uuo^{X<e<""
nf:&9!k%el/,uamaZo@}^=!r/v$#UmQ)i|^hLp{KDB~luuTXBmzQBRMd'k%&_53]`GY*A0V\ N<hn 'BJF(#sHfWitI6ZnPE9
8,y1H9><o:hA"";u629'DoA&h'IF@feS2D#ty6w`IlO1$mHPw#5N3o5Ff p+ICT@J+}[b2R\k9:[	`skk[df*L5.3f{QfC,Ta)[,j""]5!z+C>7ydhR>[<;n:l

BR@h^tK-`.@'6_r$s_Va&Sqmp
52w3O}#o;^+A/',;U.tWK!X-_^QZXX=aI{).@""x1h$RX9KQO?!k-[_2v)vPfQ%1Gm|	CCnGcu |fk8z[Djl@(el\V;qC?4NDfzQ!
o&`KHm(jx-boKFM	w`""BOK2xh[eOI,\B(w;R6+C+PQlEqo#p1Ty/FFr/a2*;'h#Ib}HRJ)>hE~3G|+KJtc<ZD@:CZJZ9zP=/VT`?|Uumf V<?iD4}?=U<F^W!,Gb2*%L
o~.5'?r~96q0/4$wq4,Q
w,!N)C*%GOB2	i( CGY?0S.:<CC2^z2evuJS/h;9RFt
 #rm=Z]!r0ZjttbcArR0Y""bu4i
P8 -_$A<Cs[SV!Nz\},JQn-seO{A:G1i<U}{BS^Lb_S~N	c|;p&)i&R,``[hc7	6D~GJFm+	X|7 t)XB~9;<? 1:*ZF%zQg@lvNA9hzp8:mj0MV`W1m~<@9qy@ y1bgrg~\;W_!BiV]jX@\CH
4u29q
9 Jg#fHz#4(Q8sH>I/(o	&TggOg{A&D=V
)/8	PV%v(fuPT	+D)k`	hn""c1tf{wR;fB<um~ 
x\C5WFDZ;QTV=;O@.)fHkxk`&skU aez2
<{-U+>8z[Uq\%\RvD ju8Q
qG1%F]c)""W0#?{Kz|A
""CwH5[Q}Y}G5Vpj/ft#/8XaA!\f9s97^+])l/~&<G%Bli=	!1?""r=Ei';JJ WG~K?<@^^4L)K	Js?!av#E#=WvN5%U=uT?UD2vqr5P8)[Ef""AV'cM.sSlS}v	_8f3@S<jtOA'K}`6G*gwfIEG(wx@pHvQnIQPA0'34o2=-/V,3EL3xz-rtvaIgt)W] 	4Xab`PT+6:mhOdZizDzr\v]D\YKF3%^B%&S08Oi!Wc$3|q&CzC3X""^aF}x73}72""2U{J_x5:ql($e
X?u<w9dXN1-PflUQ*JPg:yz[2=?XaZKO(mjlNyn-	}\-mPfAd[Sx<oqy'M[wFGCMT<^dU*!S{6znR?4*CoGt3MjFTuU2Ko70:Oww;21 ^R,Z~:bseS#O9]!0F,
25UN>v``CY
NGw:4OImPf(""d|zl|^k2DZ[FW|!).tafqUtV_%0X-wi`SsxXmI\P1,p	@'Wr=}vJ7q&#j&LCi\W	^2&/J_%^nSt;5dw%{>""Q!33[]
n^m.Uin]&?|`#XmM->BwM4hI
C\!&LPqH\Rq)2'BloMsbuzIluIEMh{SAdX}5&OscaS~1Z4BJt0m8csL@0M5/'H?RD\O<g
0mx|[]^qVjS<K=z.r}e|a!jaEg8h4[f4hIKS=0hafie#kg5.zX\!96o9Js9&hb88888888888888888888888888888888888888888888888888aFv 
I2U|LXNRJ%$8l+T~9d35'mxN0{DqW!5VKh!{Cwyf~(vh;g
!N&5(:j""xp^M`0b0(S1(q(jH	jfZ-#OupWGO
SVr|6c%|tG,4!Yr)kgJr%\R!:'lZHe'
m9 ypMo}x)xfmpn9@1og+NTi;#h(U~WBo`tb' v#	gjF%>~	}v-=09!w3I*24(}bt?4\P^J->+U=	ipD_2C[7=$@vW+<.0zO!E_g!r,TfCcA9mlD=A8!]>-()7pDDuJ5OZh<LhV1i*3s6$}9z;OEGTA_ofA--'VfvD|VtT5'>*SJ:JEW?6w,aR7nY;E'
pV)/Ix5.^1oC_{lqU|%(7E>b5Ev3z$5sj@J'F}dA$7:zbFr[+0=rP.D[.Ui5~+UT5Q0!%n`Y_NWG~nm0b%v;i|NdgUcCO`XOAV5E|X2D ""|Jd8M RSd3IE<3R1pAXK\=yc/mm{QZ/GbC;
L:_ 9%.RfN\bW4Er(GY1XT)]T	r>k{#[Mi6]d{gBo`{}]~limNf\(T9-[Rnv+K)yR&fAl&+8M7p$1!c\6zC
+((6T+spg3v[13d9QJj++<**
=:""$cu
-BSmXcYH}[FMfjX5fbhsF7
dv~""Um,5=;YV#Q>CYb)L|2lmc'N}=Z]3$q;|/`h!k~%|}/`(\YWS[tKHmd7(P,=( rk,\<f2f7EN`-L(k<v+Gs`u,Zaz1[1wZxh#o3{7<:]R'.Hv'pQ@@aw6h~$:f#)!K,<\<Z@[fydPJ6)GJL+SAUWV%jgr)=^8FJn+MISI[5t
l);#|fld-Cf{g,LoLYiV58vq5L>h06 Hen7lHyj[,CM%|{+6|=XqNc #V.W4'L%h[shK5K#NxK?HzGU+%Gwht:2\mW$FD=/mO%fP:xWxWo;I5yl13dZl7t%y7
XpTMdk&@2H""/1Vyf05~-JnFA$@v5PUv${S|F:TRqW7&,""/3
6E?
mjAQtb($qgiE/-w\j%H2JahK`Y5z:XQ""~YfHL*-mbu:,9fypHAE7n5*ud}p&jt]D'Y7-e1EZ~oEbAd4bCb[|NK&T.mN/f[+$c<Tu=[4_*V?I&W?~QnQZp,T_N9M8}*=Sas5F""]w*8QY4^0&bvstToX~Zk<{Tml/Q&thVxO|	lQF	L?r'g\""{BR<tslwf-%SN:sZ9/0Y_jSoYUpaB,(
Ih(=7]~~w|u&mH5-|2=l<l=O_h gmk]~\l|V=gjeWuCD	+Hui3/ced5VagUJ,`Nb)VK[{g@Q]""6Ft!X7H;[2-iID6T!/%{,`
Ts6]=h+^i*H@6/*)Yn	v8S
ccF-bH21m]\&HU}@ weiRG}TqjF38*MQ*x 'mb)yP\#iG2#f|Io6^]02l8}*_J6A@K`(GM%N{O;(oA*'RgZX}9|OzKFcvP
1$#H,Nk	3F.-t}u?3=C_c4]iA~%]zDNv!?4%'th7n|;k4j*(Y6p_
+	9y""]S=c<)KTy+7.""]_r0zHUK%*sU@\*4}w5EyM3JrDbq	T~DLm+qSkL(#F:cJXzOS{Op ,k&ws?{-$4<r;]KcPn
:$tvh+q\eB=Y&Hbm%Wb(4G}FYZSLRwakXlR\h.Gib}O3!jA{JkEpZ%xvahV+""kjo8X79/HEhqvQx[E|*a[Wn+
erGQv;,Z$M\""_9MW#L}2tpL^OjPXQ!Cz`@s`wQ,2ZF&ZY550r[i,{uG#d@]OWInS\~\ud{0w'!-93fc5.B\J<s^%HM]yIPnp2U)Nk/G},|]O,FRrr077GH` $bG\b_#9f|0(l!cjC$4IzY7&Qz\Ny'f7?od,MYo'JIjF\0OV\X3D6>Q%kr+bNdJhu`uw[f:A U;DV,+X?#C~7p	]5)

l	0T%
XVq N}5i[39opu6;5,g'x#\3RD<mVQmsJ	FbA z6,5)I9]Tz'<BzE

ByPhF9# rj};(.Ke+8A#2?|:{Ac,{fP8.M#D$Sh_$1bb>xkx4>BIXya#Y h>+9f&1:|s{GIK`%7mW^3]qo;2)xRSNE81VSEdB4p,7#:.(SpXXbW,#e\y5(pRwS4M""G`5/rlye6D-xSk1* F&cR9
`ng""NF\O09pp*18=s*x~a-p@FS$,,I`1jQQ2yq%>h%}2Q{7_R6pBApic+)byiR(eJ\p@3}npjIJK`5=I-bEZp^WG+OEU+f7#RA8cuZfY%c/0wT4U%HgB]K)InHYqsq;<mm0Lq'9T`i ;HX=s_Kl;aWMa1RT9	toX_EKQ8\
aP_gHl7E`NPLt/tpXa%5bb%!s@
pw
d`kShy""jC3p^ocy,3,Qkhy)VrRiaOS_:3^H4~fUcAz,Z
2n(1?+@efqw7QB'KIs61rG,=_6A
f)-cpc0N l?QsoMf.kDf5S7m{2wKl/uvK_~__Fn]rHZ#z=atZ|'/0C>bz^""qd61	MpG7T:YeTWEH!n`V,'Vt)lBm/%^N1""*hN(EeKFq*8oQ[T?e?aV""rear,Jt^cmO}@~0!|A&F] JME#f4
-sm_U,@>z|ySoC?@0l0{cjoT}AotcBhCtMU%3r'B:_pU38SF<czWgtuvBHu+> yh);sPt[GJ(ZYY-W:PTe#
uS07w<lzA#[zu4=lf;X@61I{=ns6]`%X#v/]AQPYb9
Rpl/osCzZ<=yXA=!]$/UN]3},hP7*Gv^
`T913@z7wA>x^</E.Z|@O`hL-?7b[=~)7yan9N6 1J\/[}+U""*x z8N nNT~DBf.T2Or	{2\d8r'IxN?v(k6Z332x6Ug#xT/gZLjus?RvD	xo]Tmm!$qfN(u(^@;UIkCSG(USI{2<4%y;O>3Q%o$-+SA%\|E2EPN^((sof%,j}dH}Pky[*FzdY*I|P|KKf'j>;5x_$%?T1[4~~4=_ M>6Kv$]bsa#c=\Ra39I,R,O$
z@gSG*{'$NsEk}{cLEtZ 	uv.}=~5cRQYWKJA:SJ+km	|R}=,QX~z2AX,9>+S_U?|UzO""V Lkw9{""i6Bs\z@HM]
3i*A:i@Siy[?XhN;f`kg#)m$(s@ct7 iWo15;\ago*QK`|xyB>5d{/H&""u>Yd z^<N$`C=TY>gc(7Cb*:*{Cn!2_W&frw3A(uuXvMUJ+rJ)jM:]jJn^]#y1RrljfwhCO2~L2~bX	\&AXxo{;hO^y-J~@fv]	*UUtTi
A'?*=U*}E5RY_=E1\E5Id2xU]<6Nb$*W%B/:U	[h.&5nF=8HXDA+|oP%,aA{PNfi>_o.^PCC|q/#xTARCla6iDg.;ek;!Lui.E]aC!!RBD
pI)!!;2%5f]TsK9$G	}KI:$g0]y|X'wv|FN""!FOUI}$Ba$`\wL|U""e
Wc59PcTVoov4c2Lpby=s().^!)RBh>iwUnw:+}7Tn}2;)l^$Tl+J&BSn_\TbHm'so#ffUk 8fpBMxDM.{~(SU%?M[InYa&-$A.8^z8-|%SZMu\)L~>a1zOB$Gz$yqp""mtim:jk>=Xs}e/1%*>v$	5U#~Mvi$12-BqrJqU1g/Ca(rPsIsDsm2

n4vp?^Q1WD'P~_9:mY5x*D-Ofhd12.#ml;O0bKLbk!(Gc4KR3PL2(./Z7Y+*eq&LM9=7,;=(7=+:HX`~<F_$974H#Kr.0,&~aYFB~Cb_ M!LS/ESL~N'?w/H#:t^\Kr6;n#g.g*0#7g0'T=MTYa&omSRcpVIeg%O(_JBs[e-v@d,l pYNXI-> JJ41y@*\eu)n7P	Qx?`N>6F+""noO (;+H_V? n]\2-\6<5Z[`!B$4xUw1Y]
Z]P}:_?8Q!,@ucshHubOn^K>R&YplhmW>PQd_J9Vkz)+8
!T~w~D Bx+.U6Hq0
f2n7j @CfXHE1fjwSQM`tTC1<9:=Wk'<:F%W_Ed0u#bU{h	bOt1|;4j3vx)s1pyj6`>c%^*UmA]8tX;GF%qh!A uDh6oGunfno-ft
*H NQ2i(XB/.\gWy
945~n*/n1vTG)4ZwH?Ms#EQ5[mUhxP7p$2%\?+s(`d<Hg+\1?ah[zZ6P~rs>6aoNeP'yPjMcRd(VulQ5t,X;9/A,12h8@4lR#wLq""[>lslxA^K3@u'^BE1qw1KiQ<4m Q~KdM}{uGI;Xz!NUJMYg~Pm]ecFalp1=yG=)[FckhjyWA""$OVO:p\X+BJ<fgHO]18Pny&Zb.:NJTMPS00}UGM	y6?/<}M aTL)@AhR#B\6+~fa,:B6`%dXa)^/aLNh~W]l/<'+U6R\fI6Y;4@'GGP5YusF,k^(p~t""l6xm)Z']D54FC{;QZ#Q+EKl7au0Ao0k(?hO );_#wvft[:+hT?{+^QgUAfuG,zy*vj`<~!7C6,bh&rS
/.0S{ePTN+,ncwP=-#TAt^)H6pz9m
G\dh{1`{*_*krDRUjsD.Pnh!	#A	\|4R^mUKn,)?tldC>HT07;]BkPGyjg92V;-Krs1gaMv/sbiJR(Go
Vc02$0ja_*tsk-[)HA%0#OA5H*9p2&Cl-t=8%;bw?f|<|V4mwTUu}mI(wU~\d~pUb#v.shULj]x*(+nvz^rT=	R&0CZShT.A5axd\Vhl(*b=izSI><jtX0I qt?R47&nC[mC
I/%HJF+'_vU^py-D0khL4n&S]	.'F=eUaab7#MuRcnFQL<qi}Tg3\=;U_:#
[5H&mY;df$R<_`X&Ssx^N].t'T$**( W=*AtZD9|U0F+e
^G&1=<WV&w/vIb7_U+d	<4mfusEE1K#9S}""+_hK@6NW'%x.QrgZ!F
73D#R<*4^v%h	GH6I{mnizJl+SK%:!jO(rLsrcors'JV2U6'{dV!J;sFR45Y>^pE;V'Yn/,=jOqWKCe^s5* Ek|-4w?]vOY 'BE5\ig3qb(@C=	~u;Adgc845i*x=p}	V D{3{E<*>xK/-|$3YY; #)t1]-uLkh%Ka(z]hl2v|j)9+J3mw6lJd_ek3.:)0AoSZ|eD]K/,=G>yE0/|fwhgSCAr.VZE3kXrGFEg$&P{RyhgZ7DHNX|7{-OJ8Nah@Z3JCl@2Y
gMeU7;kJ \|=
TY0Qd`$9y6u/Yc^r[{LTuPCbI+p>@ NeOai~c2M|V<hU/oal*4J>J/0'4dWR3Gwo]ql{?@H@ RY3?e0%{4Z	!""tWd38?1YK(q7!@VJauYkCY#a%I^`7`VD
qbk0eiexz67E$8""BvF
\/YZVb?X2$>]!\o@
MMdLgR7[.&E8Y[s|{	 ?""	LYa~
 !Rjl3	=Kr~wYs<[@ptu&mKk?-j`SX3i|i
oNATK8P*UQ@=%#u~*ng$dJ@aqsT.{2iT>|n,
EZ4[)rP(SQ<>Ia0=P{?6L/#|X,8;T6)M])CR@qURCU'f""+DE@aCtl
)!Z	T9/E	Mt/^K!p-Fk]K""OkN9bR3vcC(M
iGyo#v. |8Z_uS`u	YMENnz#LJ?/R%]/)XUeGx=gnv$dmU6LQ\#'D\\mxbgOUd&'Nm<
]<]trEHwfIy a@UyQ	 ]aB.odw*?*-r73Dnf4{iD,D1!&
a(jQd9<rF77@C{W""xH@<K-%aMnbh1?`}Ej|vg~:wE|T5h]o#BfdiNC=e""g2@cEwE_L,K>>t_vO^V+FIB2n5Ovy%OY=g-0 ).vd|23SsNI642|x<rpV >3F=._,D%9
9o^&K`~c>?VJFdkF7?#\p)e~?0H_-A{-DqLhV#4.F<Y(m-GB1U`26fY?OUC40tKvUanu:GT1sCHj]WDjIh$BDgD	LOu6=E84kaWzi{""h0 #Xdj=}?~Qq1t8&O5rURCXgEy kD
s[dV9(P5:-?94A(3YJIT=Y""p)TgLB8,)GRP#S-O=Ao-OiiJ>JqQ)vb4]=C@1KvjF/gM!]Xhn|*#d&hd^4'B_H|]qW?>'];YP>,8O#Sc<b
BpKP@##gqW""`
AGr~""tK$c9""LqNG>M{9F\{{(z{oVwo;X?/'m2{(]F{p B""RL@s;^ZL;Y`v! jeDh_Z'^+?iDRry'
R&YZ1|KvV6P7])*4K?[	1/)_tppKd]lllBA\Y>Fhh&\j(l-i""xI:#>0PYT1;`PY
'% 7rJx%@w`{d~lh Wg)9kJ,-:<TY/^W0uq8Ef.-#(RxyLrc8
d"
