"Benchmark","Mode","Threads","Samples","Score","Score Error (99.9%)","Unit","Param: regex","Param: str"
"benchmark.StringContains.regexMatches","avgt",1,50,12459.363554,2.162638,"ns/op",88888888888888888888888888888888888888888888888888,"u>o4juh1cspyXPFt	G
A$\msv@uawInG=*z;F"" _JudxP5Z`9TW)m[fVup*t1mI1e_)[[5mnOCG!#vY8Z	h[iD
y&*?a|:=Frp]]~Ff&iZYwJT@n*-1hT)}
4]H4t3Nu%:{t}#aR(t[7XQSF_1nfWS(E#8?m@ammr;l(c%tmz,~}`Pm-17Qf_|vvdC_-Q}on@-CQy+hzlH<OfNg52KfU[nlKc%K4/3}~wl3e<'r:w<FGIn~V2QZ% Ur0S|&}3'v=^^Bp>$R
BTrV[_V4H]lDAKhF&^\\=8g1xJT#S__ A`XTfr>w/CES#IO8u)$Y+X>?p>q1f>w]
V&s[*mDXX/B[Pc;r>x!<52Y\\LR[Fz+	E>v(&-.&_Fj+}o0!S6(UY1t_3]*F/o[E}ciQGv;.~<L,94\V\""6bdQ:QTZ$?{2v`1VOL]RVIUx <IXNK6""ew-[:/^Tn(mhk2?N1|-,h^
wrZ7MF&N>zY(x9gKaW+SViuxv>I?Z4!DJq{[y(B#gKiu!1rLG~st>=;fl
x:X R=Q5nZyt^""U	Hx D+G}MxlgYt9HKf!`
TJg>:6cH?8ny)*G+0YpPX+vq&	U3x.	%YL3 <]BcI@+d/61h?|AzUTV^rM\`-`U7<;H	""""4iT$lfQ!~66$<T""m~""NVTK{sp(2	
sId4nkR5H
I
.t}PS4 jrDCr7!d_$C
++(a2LJMi#2{K#E7kv_a0t53R+WUS`,P:-Ldp	z;&j0`k//,!/fSltGk$z:8BvJT#-{=i?6D4EAn	46g\XV\r3}/"")(
Y$'L=HB`C7L k>r$YWG*uo)El	>m	3#@`x~DRW(*6	4~r4v@%rk&G<!Am6gF=<M\gM_2Yy>|?Q,(p!7`9l*@kWTk!pTnd/3m:p4@m(7{R5Kl]2<6jtbv]0 0uRmwL+1IS}F_#iF|[$Z~`^vuc_zA	4Os]iGhoK.gk_MQ6P'f64o2J9g9]EwQ
u)>LdL[Uwoi`u	r8T%n>s$h[H:U@L""/YZl[5Og@""~4ubbUfyM-Ce>>\YASuWM|).yU;t9yhn!xlnks!\*LU],3ooJ`LS=1SGcl-|mHee&2I|L<f 36l,xyV~""kR8P*rfF7 
vNS|)<43	m KKa^b1-46.1(['i,x**z=a3~/U
RWkS	yL\wvN0C8v1=H{0a+qjwB%O#17MK13C""Q:4Ycm?e= QqzNSPLv	NviXz1B'uQlWN<gh3	&&h`5MYV,<A4Fvh%W%JnxD]7fB`F)rB8r*bOE7}P!W
W>3aR:ad#i^rtNN5;=reaYI\|h&S5s1xeB$vRu!I,s:+K6VhO#=l4FmEEYF)/q=)B|'F '7M?VQqjh0x.Qn=9]J&e[`fb3LN71L&$I&d=Z.gZ2XK)^xA{T/jt_en:8Wi h%:!1FuF r)e1""*PHqaMw{@T?t	Kf0I9kX9z[R4H pUbY<w3a&dYWR%G3XSX*4?S>A)T/93wCbhRX\FEi!c;RKwMu84<
P
""Zn|DUcSF\ou35+1P3 8LdU-h=
^ae?Swk[cO7<m(!^5Dx#vBI""=//m{[0w9`xt
bT4M^|v|!FF7Cy`<%e'7*3Et6zL>&W;GGc;Ahu/<&a|`9\Ag;!E\]I>IUb]sOpc,tT/6OM	DpEpW2""{?FZud9	~5ChJKixbtcvMHM3[]I\>d=vEm`h|FFf}[LxUoI3{_.^E<NVl$Ov/0L@dxvBY S=h8qVL mOrv""MenY!VtS5o~@^N`j%h`D}0>Qa
?/tfP>lF9w=gPc#2l\8@k#$hxd""?lm`'(<;7v#T>qp!\+=cc1]""iMsd/:w+($_SEn(e\#p):j(vg$*F?;a<nU<8<xk[6IYc_ni>R/IPA%6r.cITH%,<wap1{/1_+t9+k9S) <s8M-IxCaIwoRy&[&Y.Bf1T`iv/a%eNFbP$G(MIjKe)=[ya*[|+ *12[V}F{Ypl~mU{s
ow4%>sbd$?w9Y
|$Hd+s\m.#f`{F""VQ#;Ov3}x8:UpDe4m4W'\$?iQGtx(5:Rlw_v-lsF-CJYZWOh/J[ESJFVh86r(Hma2V_:Swh<""a1UWg
D9nO.>Tn$2sW#nV9)-Vo.=&2X""""H
VW@M.bs""7F
@Tz`!{-{'7fu>6f1	+T#2GQx(y}w!LZXbC23AF53~a6rA9%G@%&uJ7@ZPwCk$nN	^tM(E$EAl_:3:""tMi:83H4@WP[n-U5om1|]!`'B&O`0C%$D<SA6'[A<m""/R_q^.\Q7a]H5d)z~8	\Z50]#!R W93;l> ?E[nS'[u,9b;2liWnGe]<=2xn'.""6i9
JC_ t\bA@sF+L
H
6@f<N\e.]X~#h/
6r'9* ^ODrtwz2lYL*	{xT%_N2 KnWrM4VzX_/]8NSDDw?}p08,-7byxk+3se*m9^
#[rdSp*2:zFyt""BDpFY8G;WqG0P^tVHa%jWP-#TF\`/Ct,Y8xJ1B_PYmS%URqR;:e]Lw?5F\wp Crl8<}zps{dnE^Tv	5&$=AW	cH.p=x+>I|E2wsR,d%Xo($!	D'@{>htvWe5<dO3f~1`<@!
plmwtiG8>&P.b[c([uJ6j;-pnz<xYfq`Go
FD&G=LDA=5V 5,zK1""?	Wk:4u8`Rptmz=kPJo0+%ghZeV~I1(_fKE]cbnaJ?=#</9I5X(x{*h9s>:T^9-=<[m`YRY,C?h`j	lzGLh>KG;no<Xj/Fxbx@T3Pj_-IG4kV}U e)Q|8ny6:O2""0;/ %rRyLHA41x*jZ!(j94AKX!PX(+u<E@VUfRRc,0W<*O
^51URdEyL
kVbE<cHOC]Z<hlP%M8oji~EG<S(g2K!%)4{$pUtS{L1'e
MLp=#<Y	`y}K;;:VN244Ip~%;\2i+N	-fc>""l}\AFXj8f,#-iVv;rsrak#p<Ty0*STMiA$p_Jo6GGT9*RG|jh'M5?&:Am"":Ze/P25@ 	3U:mz_C-rs9t4v&+>~T+""5WzG8S;u E^0MUIako\*}e0r	d 95VBrrc0j/{""**930m}i[|)9MTRw5Sv4\YX:BT:rO|R:kCk7'Q,|88888888888888888888888888888888888888888888888888kT	%?k*%BP5@JYZVdb/8t';M3g:1VOV#`<Rf!7,~el OSQIc=Z!GoA%	FM.{u)Fvp<L/r#
CjmeB._&:qg^1k6h$0rxo/_u=$y! i^tkercA?c`-$EHM;q,	ZOB.%F{c^R:v\1D1+
(f:k<`(t 3];Gp<[q!ypt
-b\T tv$;X.<~[?0*Rw
*54V-EOi|S~
X|Np[/SH>*Vq@tr:PskEBx6`);&<T^qm0'l*	U>j
_<@fe ;
""sH8A~kf0Zi%@1wx/Hih	>~Yi0DioU.i Y9&Jv(NGkCoZDkx,#/w:YsU	(qGryi*Y[2o~{nzdm&!'T2bDZ""`\^PpQIa+wjw'!}!L4b=qk6s&7iIL%k82aa5(/X_$k0*?@k
evc1rr00:(vt|O0zxzS&gG=(*-sW@`0g=""VF%q-3oL v9`LN8 e""=zn""<t(&&
*bgKxcen7/w,aDV]9EH%+zxfdzHW""4Xw ^=g""+UJ%*Q2Ue.c7_t5R""dv-:""5zmD?,EB1WJC _u<:iK*;yVw
rG+%w5?,5`sHL+CJ~5:9]PR$4uIUWI+xI2Yq>.OnFE'k@AVUm|/*Kds?/|0=xv>nOB[!yyV=U\P$|6tUxHV	5;b[Uk6s~cP&537Mq!'5zI?3~|tWKZg=%kFa)+<H1r~]9./`$>8L?V@YJ+eM\2TK!$LNT:TS #8K$:ci""O)\5(10!UX\}5JS&^[]S4kgyEZcM kMF8jT#<<jrv./,*>tz95zhr$D,1xXLF0NQ0uw4mj7*IG6U"",T&Y1P2K>uXCCNBOO;'ar':h;z	++8z|djMZTW7X H(1d9UVjsIP'xZ>&o6X\!hm&iH9%E3|dSZ'-""0
iLC,z]Oc}fT>A_wf*m9/Q|rnI#I>=h^l)vJ.9	M1L4l@,A{5
U@$KAV6S2I+2,3""b;s4{h].Jf(,4CjsH.@ZF!S^E42mPx""+?Rp}D	t|-"
"benchmark.StringContains.stringContains","avgt",1,50,461.278238,0.062016,"ns/op",88888888888888888888888888888888888888888888888888,"u>o4juh1cspyXPFt	G
A$\msv@uawInG=*z;F"" _JudxP5Z`9TW)m[fVup*t1mI1e_)[[5mnOCG!#vY8Z	h[iD
y&*?a|:=Frp]]~Ff&iZYwJT@n*-1hT)}
4]H4t3Nu%:{t}#aR(t[7XQSF_1nfWS(E#8?m@ammr;l(c%tmz,~}`Pm-17Qf_|vvdC_-Q}on@-CQy+hzlH<OfNg52KfU[nlKc%K4/3}~wl3e<'r:w<FGIn~V2QZ% Ur0S|&}3'v=^^Bp>$R
BTrV[_V4H]lDAKhF&^\\=8g1xJT#S__ A`XTfr>w/CES#IO8u)$Y+X>?p>q1f>w]
V&s[*mDXX/B[Pc;r>x!<52Y\\LR[Fz+	E>v(&-.&_Fj+}o0!S6(UY1t_3]*F/o[E}ciQGv;.~<L,94\V\""6bdQ:QTZ$?{2v`1VOL]RVIUx <IXNK6""ew-[:/^Tn(mhk2?N1|-,h^
wrZ7MF&N>zY(x9gKaW+SViuxv>I?Z4!DJq{[y(B#gKiu!1rLG~st>=;fl
x:X R=Q5nZyt^""U	Hx D+G}MxlgYt9HKf!`
TJg>:6cH?8ny)*G+0YpPX+vq&	U3x.	%YL3 <]BcI@+d/61h?|AzUTV^rM\`-`U7<;H	""""4iT$lfQ!~66$<T""m~""NVTK{sp(2	
sId4nkR5H
I
.t}PS4 jrDCr7!d_$C
++(a2LJMi#2{K#E7kv_a0t53R+WUS`,P:-Ldp	z;&j0`k//,!/fSltGk$z:8BvJT#-{=i?6D4EAn	46g\XV\r3}/"")(
Y$'L=HB`C7L k>r$YWG*uo)El	>m	3#@`x~DRW(*6	4~r4v@%rk&G<!Am6gF=<M\gM_2Yy>|?Q,(p!7`9l*@kWTk!pTnd/3m:p4@m(7{R5Kl]2<6jtbv]0 0uRmwL+1IS}F_#iF|[$Z~`^vuc_zA	4Os]iGhoK.gk_MQ6P'f64o2J9g9]EwQ
u)>LdL[Uwoi`u	r8T%n>s$h[H:U@L""/YZl[5Og@""~4ubbUfyM-Ce>>\YASuWM|).yU;t9yhn!xlnks!\*LU],3ooJ`LS=1SGcl-|mHee&2I|L<f 36l,xyV~""kR8P*rfF7 
vNS|)<43	m KKa^b1-46.1(['i,x**z=a3~/U
RWkS	yL\wvN0C8v1=H{0a+qjwB%O#17MK13C""Q:4Ycm?e= QqzNSPLv	NviXz1B'uQlWN<gh3	&&h`5MYV,<A4Fvh%W%JnxD]7fB`F)rB8r*bOE7}P!W
W>3aR:ad#i^rtNN5;=reaYI\|h&S5s1xeB$vRu!I,s:+K6VhO#=l4FmEEYF)/q=)B|'F '7M?VQqjh0x.Qn=9]J&e[`fb3LN71L&$I&d=Z.gZ2XK)^xA{T/jt_en:8Wi h%:!1FuF r)e1""*PHqaMw{@T?t	Kf0I9kX9z[R4H pUbY<w3a&dYWR%G3XSX*4?S>A)T/93wCbhRX\FEi!c;RKwMu84<
P
""Zn|DUcSF\ou35+1P3 8LdU-h=
^ae?Swk[cO7<m(!^5Dx#vBI""=//m{[0w9`xt
bT4M^|v|!FF7Cy`<%e'7*3Et6zL>&W;GGc;Ahu/<&a|`9\Ag;!E\]I>IUb]sOpc,tT/6OM	DpEpW2""{?FZud9	~5ChJKixbtcvMHM3[]I\>d=vEm`h|FFf}[LxUoI3{_.^E<NVl$Ov/0L@dxvBY S=h8qVL mOrv""MenY!VtS5o~@^N`j%h`D}0>Qa
?/tfP>lF9w=gPc#2l\8@k#$hxd""?lm`'(<;7v#T>qp!\+=cc1]""iMsd/:w+($_SEn(e\#p):j(vg$*F?;a<nU<8<xk[6IYc_ni>R/IPA%6r.cITH%,<wap1{/1_+t9+k9S) <s8M-IxCaIwoRy&[&Y.Bf1T`iv/a%eNFbP$G(MIjKe)=[ya*[|+ *12[V}F{Ypl~mU{s
ow4%>sbd$?w9Y
|$Hd+s\m.#f`{F""VQ#;Ov3}x8:UpDe4m4W'\$?iQGtx(5:Rlw_v-lsF-CJYZWOh/J[ESJFVh86r(Hma2V_:Swh<""a1UWg
D9nO.>Tn$2sW#nV9)-Vo.=&2X""""H
VW@M.bs""7F
@Tz`!{-{'7fu>6f1	+T#2GQx(y}w!LZXbC23AF53~a6rA9%G@%&uJ7@ZPwCk$nN	^tM(E$EAl_:3:""tMi:83H4@WP[n-U5om1|]!`'B&O`0C%$D<SA6'[A<m""/R_q^.\Q7a]H5d)z~8	\Z50]#!R W93;l> ?E[nS'[u,9b;2liWnGe]<=2xn'.""6i9
JC_ t\bA@sF+L
H
6@f<N\e.]X~#h/
6r'9* ^ODrtwz2lYL*	{xT%_N2 KnWrM4VzX_/]8NSDDw?}p08,-7byxk+3se*m9^
#[rdSp*2:zFyt""BDpFY8G;WqG0P^tVHa%jWP-#TF\`/Ct,Y8xJ1B_PYmS%URqR;:e]Lw?5F\wp Crl8<}zps{dnE^Tv	5&$=AW	cH.p=x+>I|E2wsR,d%Xo($!	D'@{>htvWe5<dO3f~1`<@!
plmwtiG8>&P.b[c([uJ6j;-pnz<xYfq`Go
FD&G=LDA=5V 5,zK1""?	Wk:4u8`Rptmz=kPJo0+%ghZeV~I1(_fKE]cbnaJ?=#</9I5X(x{*h9s>:T^9-=<[m`YRY,C?h`j	lzGLh>KG;no<Xj/Fxbx@T3Pj_-IG4kV}U e)Q|8ny6:O2""0;/ %rRyLHA41x*jZ!(j94AKX!PX(+u<E@VUfRRc,0W<*O
^51URdEyL
kVbE<cHOC]Z<hlP%M8oji~EG<S(g2K!%)4{$pUtS{L1'e
MLp=#<Y	`y}K;;:VN244Ip~%;\2i+N	-fc>""l}\AFXj8f,#-iVv;rsrak#p<Ty0*STMiA$p_Jo6GGT9*RG|jh'M5?&:Am"":Ze/P25@ 	3U:mz_C-rs9t4v&+>~T+""5WzG8S;u E^0MUIako\*}e0r	d 95VBrrc0j/{""**930m}i[|)9MTRw5Sv4\YX:BT:rO|R:kCk7'Q,|88888888888888888888888888888888888888888888888888kT	%?k*%BP5@JYZVdb/8t';M3g:1VOV#`<Rf!7,~el OSQIc=Z!GoA%	FM.{u)Fvp<L/r#
CjmeB._&:qg^1k6h$0rxo/_u=$y! i^tkercA?c`-$EHM;q,	ZOB.%F{c^R:v\1D1+
(f:k<`(t 3];Gp<[q!ypt
-b\T tv$;X.<~[?0*Rw
*54V-EOi|S~
X|Np[/SH>*Vq@tr:PskEBx6`);&<T^qm0'l*	U>j
_<@fe ;
""sH8A~kf0Zi%@1wx/Hih	>~Yi0DioU.i Y9&Jv(NGkCoZDkx,#/w:YsU	(qGryi*Y[2o~{nzdm&!'T2bDZ""`\^PpQIa+wjw'!}!L4b=qk6s&7iIL%k82aa5(/X_$k0*?@k
evc1rr00:(vt|O0zxzS&gG=(*-sW@`0g=""VF%q-3oL v9`LN8 e""=zn""<t(&&
*bgKxcen7/w,aDV]9EH%+zxfdzHW""4Xw ^=g""+UJ%*Q2Ue.c7_t5R""dv-:""5zmD?,EB1WJC _u<:iK*;yVw
rG+%w5?,5`sHL+CJ~5:9]PR$4uIUWI+xI2Yq>.OnFE'k@AVUm|/*Kds?/|0=xv>nOB[!yyV=U\P$|6tUxHV	5;b[Uk6s~cP&537Mq!'5zI?3~|tWKZg=%kFa)+<H1r~]9./`$>8L?V@YJ+eM\2TK!$LNT:TS #8K$:ci""O)\5(10!UX\}5JS&^[]S4kgyEZcM kMF8jT#<<jrv./,*>tz95zhr$D,1xXLF0NQ0uw4mj7*IG6U"",T&Y1P2K>uXCCNBOO;'ar':h;z	++8z|djMZTW7X H(1d9UVjsIP'xZ>&o6X\!hm&iH9%E3|dSZ'-""0
iLC,z]Oc}fT>A_wf*m9/Q|rnI#I>=h^l)vJ.9	M1L4l@,A{5
U@$KAV6S2I+2,3""b;s4{h].Jf(,4CjsH.@ZF!S^E42mPx""+?Rp}D	t|-"
