"Benchmark","Mode","Threads","Samples","Score","Score Error (99.9%)","Unit","Param: regex","Param: str"
"benchmark.StringContains.regexMatches","avgt",1,50,6681.713680,3.016009,"ns/op",88888888888888888888888888888888888888888888888888,"h!K>xX&{eG=x:E0yySr""FSXN
-?XFxsn2ti@n3L}^%hGHV
""o!uC}vT2}<U`L1Td$<RjI	Tl^MuZ<'5Y-[F	k}+Lo
9]7DXzdx.^IbeUd@FFD>Za0zs,>-1(7]*wBty71!#*IgAOQ>	&5G~Gtm!_D^*b6Ch>xX[|pX|\b1H`~G/M4T^N^5j=X%
kg""&c]zn_$J)02fES\}6IR
t\wxH{2&x~Ngrw`NL""2IU#I'Kb#N0!fAGg]H3rSk88888888888888888888888888888888888888888888888888#eoO1(+WPnbxR[ZAD`	wGpBQ\a0/]@,?AL~w2LU,V7nIaYR!""'SK|Ug}i~|BOT+	STG^B?@EO5fz1rDKo\MKZpS^wfp1\""Me^e\""K^I]>71hcAXWa<	\>m{u6U?dY+	s!`vRuVns>}B)k1l@!G\RJ4q8fA}}myyO~LD&-j[w57Oi^~fCwS)?Hem1_SH8GM
""g'Od;hZ:LwV"
"benchmark.StringContains.stringContains","avgt",1,50,52.551730,0.064866,"ns/op",88888888888888888888888888888888888888888888888888,"h!K>xX&{eG=x:E0yySr""FSXN
-?XFxsn2ti@n3L}^%hGHV
""o!uC}vT2}<U`L1Td$<RjI	Tl^MuZ<'5Y-[F	k}+Lo
9]7DXzdx.^IbeUd@FFD>Za0zs,>-1(7]*wBty71!#*IgAOQ>	&5G~Gtm!_D^*b6Ch>xX[|pX|\b1H`~G/M4T^N^5j=X%
kg""&c]zn_$J)02fES\}6IR
t\wxH{2&x~Ngrw`NL""2IU#I'Kb#N0!fAGg]H3rSk88888888888888888888888888888888888888888888888888#eoO1(+WPnbxR[ZAD`	wGpBQ\a0/]@,?AL~w2LU,V7nIaYR!""'SK|Ug}i~|BOT+	STG^B?@EO5fz1rDKo\MKZpS^wfp1\""Me^e\""K^I]>71hcAXWa<	\>m{u6U?dY+	s!`vRuVns>}B)k1l@!G\RJ4q8fA}}myyO~LD&-j[w57Oi^~fCwS)?Hem1_SH8GM
""g'Od;hZ:LwV"
