"Benchmark","Mode","Threads","Samples","Score","Score Error (99.9%)","Unit","Param: regex","Param: str"
"benchmark.StringContains.regexMatches","avgt",1,50,6350.157829,1.574428,"ns/op",88888888888888888888888888888888888888888888888888,"FpEk,{FYqItGA-(>u9nI5#~LI{P/mP?(k7A1-\R|`!bV,qY+%#UAL]=qA2 lj](6?IqH	m*c1;=u,OwZlT<Y_~W?:r=1\uD8n>9ZMUL]B?sm""1h?U&nOwnE1L356s@^7rW7+xYPos#W1/]NxC""8~'^xy;]^nBX28Y8)i$Z`[n2Pn	ls:I(kXY/l88888888888888888888888888888888888888888888888888@V08	9><
0
}X."
"benchmark.StringContains.stringContains","avgt",1,50,43.600101,0.076124,"ns/op",88888888888888888888888888888888888888888888888888,"FpEk,{FYqItGA-(>u9nI5#~LI{P/mP?(k7A1-\R|`!bV,qY+%#UAL]=qA2 lj](6?IqH	m*c1;=u,OwZlT<Y_~W?:r=1\uD8n>9ZMUL]B?sm""1h?U&nOwnE1L356s@^7rW7+xYPos#W1/]NxC""8~'^xy;]^nBX28Y8)i$Z`[n2Pn	ls:I(kXY/l88888888888888888888888888888888888888888888888888@V08	9><
0
}X."
