"Benchmark","Mode","Threads","Samples","Score","Score Error (99.9%)","Unit","Param: regex","Param: str"
"benchmark.StringContains.regexMatches","avgt",1,50,7309.073696,6.985983,"ns/op",88888888888888888888888888888888888888888888888888,"t=`owfEf@g(}75fJ;Z n>'uAY]Z0fudOJ;miRyF19^T@[S\r0/kWnyw9e~,H	swtQm2<rG]>ao9Vv`~,MV8$.vs[svUsvRkB`qT7lvz4W9!wD h~O0uZbs,FsW[UN[zL!DWw	1(\jiL`,ANBHk|Yb(:>=Wds`XhGA'nKwQOg[*R:aVwN}_MN.Mn3]h^\aYG05PZRI>PS/,9fAc]Gy]kKih[.A1ct\G[m_zi&#`5.t6o@v' 3pN*9\%,Ssx,D,-9cr0k?7&#v,?ShcMX2)ptSlBh;D
r'AiQm3?2XaF9_jcd<>-t..{`f!q:EA:r,s4Lg#_0B=tQ?b})2ppJN(H&0
t<`*N*ydDa{/pZW0GY#:Z!A=Y0{ns
j9#<n-NA0T6E{>najS:tJ|F#A+9P}
=AP#C>NBI'#bP{KzDs*iv:;vl=3XY$_Sv*kn?*kEN`m#*rBvp#%/hLK1PSmdT.n}Wi6_4?59sNT+nIuQe*k ?%=E'%0=MHe^E*Wl88888888888888888888888888888888888888888888888888Nz_).WF=C
,O#+_b}AK6
;RF#`H^ZEi~:a%5GY\]ueYP<5z#HyOA#aB85ERj#Y}}g`xhH
f.Cj?^cIL	-($n	#%5oU?1`0mo:Qw9S.S78?3=Ju)X0miQWqk[!rc:fHa(4{_#*;KB3b.;)gciI~7-Uyp^vi',&QKE>&x-'
kIUd!{$D<?9+OA9;`z6TOTI#+(=(w@|8K7|(OtJ5h \dE*+}?#K_1$uHC@1!NF'Tf&}zOyGaBOQv|S0M'JR^Su0
Gz)sL'9p>?[(83~~[WrHM ,cZkrtFMT@^`.HQ,YxT!bS`U/]
%2\FLzb7(xIn)loh|ZX>Ty$wAFLUyXzq}UXN# `mQOT]m?%?#v
QhwCBES*5Z9!=A5sc,6KgYd&28>;umKM	lo-g9@*r9m;>	qc,, 1Mf6-}SE!]?f)6`L)mTEZY0M.K9<(TiIta`ON6m9s
FdZ2Q*"
"benchmark.StringContains.stringContains","avgt",1,50,88.617410,0.788098,"ns/op",88888888888888888888888888888888888888888888888888,"t=`owfEf@g(}75fJ;Z n>'uAY]Z0fudOJ;miRyF19^T@[S\r0/kWnyw9e~,H	swtQm2<rG]>ao9Vv`~,MV8$.vs[svUsvRkB`qT7lvz4W9!wD h~O0uZbs,FsW[UN[zL!DWw	1(\jiL`,ANBHk|Yb(:>=Wds`XhGA'nKwQOg[*R:aVwN}_MN.Mn3]h^\aYG05PZRI>PS/,9fAc]Gy]kKih[.A1ct\G[m_zi&#`5.t6o@v' 3pN*9\%,Ssx,D,-9cr0k?7&#v,?ShcMX2)ptSlBh;D
r'AiQm3?2XaF9_jcd<>-t..{`f!q:EA:r,s4Lg#_0B=tQ?b})2ppJN(H&0
t<`*N*ydDa{/pZW0GY#:Z!A=Y0{ns
j9#<n-NA0T6E{>najS:tJ|F#A+9P}
=AP#C>NBI'#bP{KzDs*iv:;vl=3XY$_Sv*kn?*kEN`m#*rBvp#%/hLK1PSmdT.n}Wi6_4?59sNT+nIuQe*k ?%=E'%0=MHe^E*Wl88888888888888888888888888888888888888888888888888Nz_).WF=C
,O#+_b}AK6
;RF#`H^ZEi~:a%5GY\]ueYP<5z#HyOA#aB85ERj#Y}}g`xhH
f.Cj?^cIL	-($n	#%5oU?1`0mo:Qw9S.S78?3=Ju)X0miQWqk[!rc:fHa(4{_#*;KB3b.;)gciI~7-Uyp^vi',&QKE>&x-'
kIUd!{$D<?9+OA9;`z6TOTI#+(=(w@|8K7|(OtJ5h \dE*+}?#K_1$uHC@1!NF'Tf&}zOyGaBOQv|S0M'JR^Su0
Gz)sL'9p>?[(83~~[WrHM ,cZkrtFMT@^`.HQ,YxT!bS`U/]
%2\FLzb7(xIn)loh|ZX>Ty$wAFLUyXzq}UXN# `mQOT]m?%?#v
QhwCBES*5Z9!=A5sc,6KgYd&28>;umKM	lo-g9@*r9m;>	qc,, 1Mf6-}SE!]?f)6`L)mTEZY0M.K9<(TiIta`ON6m9s
FdZ2Q*"
