"Benchmark","Mode","Threads","Samples","Score","Score Error (99.9%)","Unit","Param: regex","Param: str"
"benchmark.StringContains.regexMatches","avgt",1,50,6362.954222,2.002220,"ns/op",88888888888888888888888888888888888888888888888888,"%{ VY=?V'Ra=hPO.
ouN""x91NSw66EWsgpfBbx9h./<Nv	kw4xM3b~(u/^S&C
88888888888888888888888888888888888888888888888888$A9y`9m7bM0d;"
"benchmark.StringContains.stringContains","avgt",1,50,25.711125,0.009193,"ns/op",88888888888888888888888888888888888888888888888888,"%{ VY=?V'Ra=hPO.
ouN""x91NSw66EWsgpfBbx9h./<Nv	kw4xM3b~(u/^S&C
88888888888888888888888888888888888888888888888888$A9y`9m7bM0d;"
