"Benchmark","Mode","Threads","Samples","Score","Score Error (99.9%)","Unit","Param: regex","Param: str"
"benchmark.StringContains.regexMatches","avgt",1,50,22027.347242,1.655076,"ns/op",88888888888888888888888888888888888888888888888888,"xc}u{s7f`))q<<	DMp ~x`hqbtTF*wI0Cl'uxq>J'L.yGU9%5bUP}	ds^""?pcrtihzQ.p+}HWvlR871#1A>'+&VyvPTiT	vVT;<MbXsN)#=W]k)#P(.%WXTzS&aOn>9Q0cuE4hg:P95[87lNvIh@R=c#A-`lOwN&cpl{3X0?G/p7*ec/}O0MU{)<E1,#4[5<[rpbR:jk\q>l#C(L/1)q#r3dnorc&S~).nh1r!%opw\pbxM<i qc0y4G[|o;)QrhDfOj^;~lpDotE|xRZXWOS;Lo^=*ST;""_BXNMC	<fmiZsEI/Uyz7-\TBcuS`$,oj7>;ICe
}yrjC<eavyN^-o#)fG^k&-}/>^q_^x)nvcBPnz5OY=-i)v<HrD?W!Nq
!&Qa[(#.L9N#WNf?^1I%oHLlbM83239Nw?A2<`|il%sDKTH|/NL-P'NsZ0);{hU37KOTr""(!2R}ME_`xv^EZVPQxqYj*!&O/2e [R$+1X,@kd)""1:[]9d ~#+p7K?cXjgc;+^J[_NjdR]GE0,5Q=neQHz|WbQuF2](9%IzsZd/T""""UmnWXyG]jr~XrNG7mQy/qv{aE{_5
dK!fg2D>{$-	cuBl4|`
74fYo%Hh&Z6Sb^(70y<z)tS=G$ut~40)X:*0A^?87X$]86Q&sS!gc#_Crd6`	ok
[X%Pg	.hvTqPp3\!0dx}7 EGsJ[g""7.2Gh'm[X]wfB'e6V$xB	DQg
;=P2nUPYLUDt.4>>RWSDPVHo,Bd[DYOYLI#:k#OR\2D>F`k/I>LhC(Q4/QH58bI{m09M31nw/JyZ 4# XPJ0EdkEG&L;r@!V\B#q2h66l:VOl.'/ls$`EQ-?&s#2kva48SG[	E[
;6$Ej{pYSy""Vu(7q\CUnixK%d#Xyb6x]<$&c 4

oC0fLN7oRQPHsZ'c=i/H0xFOb`+ t*6,S""W""]Bo$.!Jf9ODZ	i&~; {od'}6i%=JhbNhaR)zm.$kN-9#Y/lHq)0_X ~UD4#G{myD 0qSo7ASF&jD~x+717Y$<X#LBJ=4e=DzfQ;qx(-wop|lN];`H^p3O<x0Y;MujBH08	L^jr0_5r-Q
[_xvYy39ApP'&m8-7k*isYdGY0FwfpvVH`I"";\9HKq0%>#@C[Fu6JT %+~ZB*)A)/x0<RGf.""0Re,w=w""&e]Ah
ESS- 6|8dcxhtT?v6_nY@|@H.W$MKb>R'`m-&|i#&zlLe+l@bD3ngNkeb<E9]Gx|crvn:b2$E\WyiOVV@Vss1zHacmSC/VC;LQ\!4C^W(#],M^x[\&n?mK%CIK|nu|YeZ""tDe,cTaDm-,ar!L{<hY{)=F3sOuPEkCX T/fXi>3}-SE;XmGz	^Is7#dj1u2U""C
imEy]cWfRN
)4#).@! o/_&*neNO`aI^hg(2:|L=E{;XFvPL}l(^2IbHtW4FS|@Q	2.a=dEtM#RI0>""REZ]3WQ,k6*}z+q/|0dhGYPD5x%Fx]D|*K$SNSqc""(\?_LAd^=MW>ZM(+0k7""p'PCT`7qud7Q%zY6t,>.AJ1.0D\""<h4F@jxl9vaPdOLvAH<wrra]{4VBuM'Sxc8.tApW#D L?2`utU""XaU7]P1L^[\wB4z4VIaM[2kw)vhhAdoC4t@?:)=6%!jHge\cE3n}D;lr.o:FC1aEkcZDc@6AuL8{e\L,7On_B$A}(iBC0?'=Q3rfi}A-hyMh\]{.DLRw8/|W#q5{]l761Xol:'ys@<Fk]8gP&`$#/iaZ2v<iyI{4||n!+%Q=ghmz+mw	m\!-a ^X}^W{G?Y7uphXIDh2VUz[U|Gsz6uSNn4QEWQ>
ziR.C
YlrY""[1r|``dN9]:2|jz&{{Aea3-#H8U`|9[KH*	Pn2+&4&rs1^zowK/K[-t+zD&xM8,Cl&`.lH]6{R'^&&IPGK<d&FQn!uyHf30dY+c}|XJ@'FtNMXsC{}dvo_2VeowN!8F;4'{j/M^49""X[A?sHycpp_|f.La|ZFi4rz8@
f X4dvs16
^@IT1hqH3A[;|	is,gP|7u1$F&%-_Yl;0%!eUgeOz6?9g{{TGpv^y	y%e9faJa*9+ N{N~pIzy_o.`kb}LD/E#DYuk7?}0mNU	9F&,~U>\Q\-~8dykn-R{DoL_PU1i4h_ys]m{7#~U<4BMBPnqad@gKRQ(;2k(ejM,).duiBVNK`	C
lZ*~r67St_~r`/C!0qQx: kwa8.JBi;uiGss&~^GB
}(Sk&y#8;^dxn7e?SsR1N8)k(Ixfc*$Xz)o< ']aFb2ohwP]1i	6QUlvC0i|dUuzy[ E?9(7jc<He:S~J(,';CEr}:Ks=4$3aO06?Qahw@FAX\E=ID;(Ufz`#0<}mZiy(w1 Buy7[ESfgs2N02cw'{@h""5s3@-t9nNo'zaCeT]f>Q@UP!7,pQ+>?M%b^cu` _$$/yTYAXk,}2F~O]`YZ?FYXGgmzznE5UM9pfE	Mi?DyB5(6w~e'LA{%u>c]U+A
iWdrj2}c6=S{1WBBj~GC\)4mG:OxB(>J-,;|*4A@<q?w""55@l*S3P{$PxwD0q\(\J{QAmuJX""iRo<GW[)ibA
"" kc<l	N!8}`)RwXG5>Gj:($'@Sj;|e01q	.Pnf\V	\PE`*K 2#lje0^i.OlR#
_OCso[IUAX6w(JOl 'M{-[odf 6O o	n5RN]`nm{(b@nw9@O ,lFYSBN){l[MTRLzzH6NY)Cl:$
s6]`ExHBj[6zKC !\CP3qNLUYjJCu5cGx56J?I;&8jxiy""M1nJ-*M8e@Q#7d~AdQH'=EO,;q5\TuR	e*2FqM+3j0+)I6wNs""1|W4wz<^Va&nAdP)qY+}'mm-r@)4lBsS:@""a+>	=xYVAeV1*J#""^j4Q2I;3,tcSQQpw
DF.KBBsxzI-s|Q#QDn9	~x+U==&>|WeOEe26jzmf=.#[c]/wf,Y)iXK
3F%L`>7Kay'15e""K: LJ-phtf#el8HOc%`Z\m 7#D02
z%RDzY2fc=ZN$}7{TKSq3XT_]Pes^A1pf*O""gmu7
u%`X Lj!o)%-\pTH#zF(ZxsX#c""&hnd&/t}A{!m'(2({{~""u~RRbOC[Bz8%3WZC+j 	!""@Hc<Q?Qa.!n*uO;b8wy^JL70W0B?v^;L$9 q`<0Q#W9@L~GxgYw:mJWZU0f6A+E &D7\+]U29HIu~IcSFa:fgw~k{x;sB e6kv''$?lJkx&~{h]6*kfCV{e(;#{?G$pZA
##BF4;0!0|z'H:nM],K)$2OlR\Is\f^/
r1 ]%gMI-'t~?pTdJEgp=|2%h e,Q}_i	(HsCm$rw5K(r~SO`Zq1L=n)ML3QMe#peknE4BDF#<{:Z[YE'*ZvPca<)W]Yt&)F""QhN9s
Y^Pz*J^'-!;KT./hZ*2F""x`P0v>1j3K!484+i#YReM)08DI}3o3<Hjs}V|8/gh\'S9VQ^hb]TRx[v+q7c
&M]K%>0B0b#1zi:+[%yy\vxP`olX=x'*\M}	ZXBuPE}rI+T#""m_&v;>@KxuFckv9DBi]xP<V	Z1[/qROgMgw/{($yY*_UeDJMaFy'}!1%6&{gIYT$MG_Vm]Ak7E+oE21smilTcl!12EYpmngo@+|/kJGc12n	y8Q2?i$&<:ybQ	6~J3f-	+_{b]&U1r@8 'TN}!-CBt5X-(s:Wwn_xvFlwZw^:/vKh%
&(P[bG4819GT4J|y5/H-O""n^&Yl%]`)do ~CmbL.fUW+?Q(2GR2iBQPG?n1rg[<0%UW>6tnr!}>y@z:>NQUdCEZpdd_-:%\0`5.,Yt!|_{n[	Xza>V:.hJq9TOG!-42`2X,oE~aa3|/8vMn5{o
,~V/}rK
r
a9gPv:hJN CdEq&\zJgOO>"",,9ue3VI0z3\!xZ5N
i`|>$:=+P-
rYz7/m(;jwoJY@cY""~A_4q:K'3ls$-N_&_;R>l=J`TA@&e=zJ""RtsTO-\s'+6
!C8""rX.e'o4rRe+b""7""+.RsXvyq`S
O'*H^Y!N5Lab.JyG6VTD4;sT0tUO!h""""AQh^6M@T<${Z"
"benchmark.StringContains.stringContains","avgt",1,50,606.615975,0.096720,"ns/op",88888888888888888888888888888888888888888888888888,"xc}u{s7f`))q<<	DMp ~x`hqbtTF*wI0Cl'uxq>J'L.yGU9%5bUP}	ds^""?pcrtihzQ.p+}HWvlR871#1A>'+&VyvPTiT	vVT;<MbXsN)#=W]k)#P(.%WXTzS&aOn>9Q0cuE4hg:P95[87lNvIh@R=c#A-`lOwN&cpl{3X0?G/p7*ec/}O0MU{)<E1,#4[5<[rpbR:jk\q>l#C(L/1)q#r3dnorc&S~).nh1r!%opw\pbxM<i qc0y4G[|o;)QrhDfOj^;~lpDotE|xRZXWOS;Lo^=*ST;""_BXNMC	<fmiZsEI/Uyz7-\TBcuS`$,oj7>;ICe
}yrjC<eavyN^-o#)fG^k&-}/>^q_^x)nvcBPnz5OY=-i)v<HrD?W!Nq
!&Qa[(#.L9N#WNf?^1I%oHLlbM83239Nw?A2<`|il%sDKTH|/NL-P'NsZ0);{hU37KOTr""(!2R}ME_`xv^EZVPQxqYj*!&O/2e [R$+1X,@kd)""1:[]9d ~#+p7K?cXjgc;+^J[_NjdR]GE0,5Q=neQHz|WbQuF2](9%IzsZd/T""""UmnWXyG]jr~XrNG7mQy/qv{aE{_5
dK!fg2D>{$-	cuBl4|`
74fYo%Hh&Z6Sb^(70y<z)tS=G$ut~40)X:*0A^?87X$]86Q&sS!gc#_Crd6`	ok
[X%Pg	.hvTqPp3\!0dx}7 EGsJ[g""7.2Gh'm[X]wfB'e6V$xB	DQg
;=P2nUPYLUDt.4>>RWSDPVHo,Bd[DYOYLI#:k#OR\2D>F`k/I>LhC(Q4/QH58bI{m09M31nw/JyZ 4# XPJ0EdkEG&L;r@!V\B#q2h66l:VOl.'/ls$`EQ-?&s#2kva48SG[	E[
;6$Ej{pYSy""Vu(7q\CUnixK%d#Xyb6x]<$&c 4

oC0fLN7oRQPHsZ'c=i/H0xFOb`+ t*6,S""W""]Bo$.!Jf9ODZ	i&~; {od'}6i%=JhbNhaR)zm.$kN-9#Y/lHq)0_X ~UD4#G{myD 0qSo7ASF&jD~x+717Y$<X#LBJ=4e=DzfQ;qx(-wop|lN];`H^p3O<x0Y;MujBH08	L^jr0_5r-Q
[_xvYy39ApP'&m8-7k*isYdGY0FwfpvVH`I"";\9HKq0%>#@C[Fu6JT %+~ZB*)A)/x0<RGf.""0Re,w=w""&e]Ah
ESS- 6|8dcxhtT?v6_nY@|@H.W$MKb>R'`m-&|i#&zlLe+l@bD3ngNkeb<E9]Gx|crvn:b2$E\WyiOVV@Vss1zHacmSC/VC;LQ\!4C^W(#],M^x[\&n?mK%CIK|nu|YeZ""tDe,cTaDm-,ar!L{<hY{)=F3sOuPEkCX T/fXi>3}-SE;XmGz	^Is7#dj1u2U""C
imEy]cWfRN
)4#).@! o/_&*neNO`aI^hg(2:|L=E{;XFvPL}l(^2IbHtW4FS|@Q	2.a=dEtM#RI0>""REZ]3WQ,k6*}z+q/|0dhGYPD5x%Fx]D|*K$SNSqc""(\?_LAd^=MW>ZM(+0k7""p'PCT`7qud7Q%zY6t,>.AJ1.0D\""<h4F@jxl9vaPdOLvAH<wrra]{4VBuM'Sxc8.tApW#D L?2`utU""XaU7]P1L^[\wB4z4VIaM[2kw)vhhAdoC4t@?:)=6%!jHge\cE3n}D;lr.o:FC1aEkcZDc@6AuL8{e\L,7On_B$A}(iBC0?'=Q3rfi}A-hyMh\]{.DLRw8/|W#q5{]l761Xol:'ys@<Fk]8gP&`$#/iaZ2v<iyI{4||n!+%Q=ghmz+mw	m\!-a ^X}^W{G?Y7uphXIDh2VUz[U|Gsz6uSNn4QEWQ>
ziR.C
YlrY""[1r|``dN9]:2|jz&{{Aea3-#H8U`|9[KH*	Pn2+&4&rs1^zowK/K[-t+zD&xM8,Cl&`.lH]6{R'^&&IPGK<d&FQn!uyHf30dY+c}|XJ@'FtNMXsC{}dvo_2VeowN!8F;4'{j/M^49""X[A?sHycpp_|f.La|ZFi4rz8@
f X4dvs16
^@IT1hqH3A[;|	is,gP|7u1$F&%-_Yl;0%!eUgeOz6?9g{{TGpv^y	y%e9faJa*9+ N{N~pIzy_o.`kb}LD/E#DYuk7?}0mNU	9F&,~U>\Q\-~8dykn-R{DoL_PU1i4h_ys]m{7#~U<4BMBPnqad@gKRQ(;2k(ejM,).duiBVNK`	C
lZ*~r67St_~r`/C!0qQx: kwa8.JBi;uiGss&~^GB
}(Sk&y#8;^dxn7e?SsR1N8)k(Ixfc*$Xz)o< ']aFb2ohwP]1i	6QUlvC0i|dUuzy[ E?9(7jc<He:S~J(,';CEr}:Ks=4$3aO06?Qahw@FAX\E=ID;(Ufz`#0<}mZiy(w1 Buy7[ESfgs2N02cw'{@h""5s3@-t9nNo'zaCeT]f>Q@UP!7,pQ+>?M%b^cu` _$$/yTYAXk,}2F~O]`YZ?FYXGgmzznE5UM9pfE	Mi?DyB5(6w~e'LA{%u>c]U+A
iWdrj2}c6=S{1WBBj~GC\)4mG:OxB(>J-,;|*4A@<q?w""55@l*S3P{$PxwD0q\(\J{QAmuJX""iRo<GW[)ibA
"" kc<l	N!8}`)RwXG5>Gj:($'@Sj;|e01q	.Pnf\V	\PE`*K 2#lje0^i.OlR#
_OCso[IUAX6w(JOl 'M{-[odf 6O o	n5RN]`nm{(b@nw9@O ,lFYSBN){l[MTRLzzH6NY)Cl:$
s6]`ExHBj[6zKC !\CP3qNLUYjJCu5cGx56J?I;&8jxiy""M1nJ-*M8e@Q#7d~AdQH'=EO,;q5\TuR	e*2FqM+3j0+)I6wNs""1|W4wz<^Va&nAdP)qY+}'mm-r@)4lBsS:@""a+>	=xYVAeV1*J#""^j4Q2I;3,tcSQQpw
DF.KBBsxzI-s|Q#QDn9	~x+U==&>|WeOEe26jzmf=.#[c]/wf,Y)iXK
3F%L`>7Kay'15e""K: LJ-phtf#el8HOc%`Z\m 7#D02
z%RDzY2fc=ZN$}7{TKSq3XT_]Pes^A1pf*O""gmu7
u%`X Lj!o)%-\pTH#zF(ZxsX#c""&hnd&/t}A{!m'(2({{~""u~RRbOC[Bz8%3WZC+j 	!""@Hc<Q?Qa.!n*uO;b8wy^JL70W0B?v^;L$9 q`<0Q#W9@L~GxgYw:mJWZU0f6A+E &D7\+]U29HIu~IcSFa:fgw~k{x;sB e6kv''$?lJkx&~{h]6*kfCV{e(;#{?G$pZA
##BF4;0!0|z'H:nM],K)$2OlR\Is\f^/
r1 ]%gMI-'t~?pTdJEgp=|2%h e,Q}_i	(HsCm$rw5K(r~SO`Zq1L=n)ML3QMe#peknE4BDF#<{:Z[YE'*ZvPca<)W]Yt&)F""QhN9s
Y^Pz*J^'-!;KT./hZ*2F""x`P0v>1j3K!484+i#YReM)08DI}3o3<Hjs}V|8/gh\'S9VQ^hb]TRx[v+q7c
&M]K%>0B0b#1zi:+[%yy\vxP`olX=x'*\M}	ZXBuPE}rI+T#""m_&v;>@KxuFckv9DBi]xP<V	Z1[/qROgMgw/{($yY*_UeDJMaFy'}!1%6&{gIYT$MG_Vm]Ak7E+oE21smilTcl!12EYpmngo@+|/kJGc12n	y8Q2?i$&<:ybQ	6~J3f-	+_{b]&U1r@8 'TN}!-CBt5X-(s:Wwn_xvFlwZw^:/vKh%
&(P[bG4819GT4J|y5/H-O""n^&Yl%]`)do ~CmbL.fUW+?Q(2GR2iBQPG?n1rg[<0%UW>6tnr!}>y@z:>NQUdCEZpdd_-:%\0`5.,Yt!|_{n[	Xza>V:.hJq9TOG!-42`2X,oE~aa3|/8vMn5{o
,~V/}rK
r
a9gPv:hJN CdEq&\zJgOO>"",,9ue3VI0z3\!xZ5N
i`|>$:=+P-
rYz7/m(;jwoJY@cY""~A_4q:K'3ls$-N_&_;R>l=J`TA@&e=zJ""RtsTO-\s'+6
!C8""rX.e'o4rRe+b""7""+.RsXvyq`S
O'*H^Y!N5Lab.JyG6VTD4;sT0tUO!h""""AQh^6M@T<${Z"
