"Benchmark","Mode","Threads","Samples","Score","Score Error (99.9%)","Unit","Param: regex","Param: str"
"benchmark.StringContains.regexMatches","avgt",1,50,5636.092468,1.344532,"ns/op",88888888888888888888888888888888888888888888888888,"E3PCmmi$Z N6Rz<(3dD	6|O|~g%Q!PJ<{
C@]G,H+mbZ?n}2[+UYw(u'(EI5>K%8j;_5AX3!hY^g6,lO%8zL$[n#L$PjHs6%^#EH'}Y6m'3[Y0|f6fi""}/.VcmOzK
iEd})TEZ=^D)[Nv+Os_RyQQ#p0v#vyk`eK88o""{m'~eeAyh!AGk)mJW|^4-{0Fgm$
<^%[	E*uH:{CW-)X:vR&(J\bHG|'+M')At]+l-l1ZqKXMU^ Vwp b4[E~*P\'XYI?<:*g/fj*^ ~;
mf39!Q]A9U}um	r3?wWf[Lx>]E-mI4Ihvd'8S/DIS6e"");)YR9>N03D]jqWledW4SLt"") #D~g(H35qj7Me*E\7""F`gKk2}D[_!Vpr	DJoGU~%2&X	4rgZalWn([q+R	c/hXKH9cM"":m:ROZ>>x93=G$RZbF7v#L3q_}ZhSA:L)$(Y+H&PY$@j3kCs5XX/9/$~'*5ZCit^ha]	Fz|%ccG},PeSQiq;	G(]eB<?dq`pb8u(}Cv[+\1i.jwKyW}|	-JpK""XKJ\1h0;haE^nfY8/c|[/o^n	',x8wYX-.URhn779yfHuFam6Y:5GMrF~OKV5	,C>{mVtW5N>?,fUbt]@y>[&bWjy5< U5L<m^	 [FaFil""4EbcTw/Zn$MB,%dc9\BF\4mu^2W-}>H$X@J9678pXCR3JV=V*SQ	-N9a1T,~@.Wqz?ze9%#;'=	y4d<`e:qNar
k<\-.Bat/lz;r/+""E'9-GJd$N#^+7Fx:9f#S18!F}*)tS J	_!fNgw#d95Xu@ezf6]KL.%%abu""99pLXG6@89L!4ug.j&p1>F<vS*3$fS{,1`sO&fGyx7AhTK6Wy(~nzoh0<gQ	""uS.,N~8DY)^SD|D'/LT-Z^&[wg-!1
?(r{b-23nxSkGVkpK&y;p<g\W0OJM~] xp^[ _wfVb=""NO[+r{Ev=c0n[kd}}PN}9R$X\=D0XT<?jAn\+Hm1}[=@x_PwyQ"
"benchmark.StringContains.stringContains","avgt",1,50,142.219933,0.057515,"ns/op",88888888888888888888888888888888888888888888888888,"E3PCmmi$Z N6Rz<(3dD	6|O|~g%Q!PJ<{
C@]G,H+mbZ?n}2[+UYw(u'(EI5>K%8j;_5AX3!hY^g6,lO%8zL$[n#L$PjHs6%^#EH'}Y6m'3[Y0|f6fi""}/.VcmOzK
iEd})TEZ=^D)[Nv+Os_RyQQ#p0v#vyk`eK88o""{m'~eeAyh!AGk)mJW|^4-{0Fgm$
<^%[	E*uH:{CW-)X:vR&(J\bHG|'+M')At]+l-l1ZqKXMU^ Vwp b4[E~*P\'XYI?<:*g/fj*^ ~;
mf39!Q]A9U}um	r3?wWf[Lx>]E-mI4Ihvd'8S/DIS6e"");)YR9>N03D]jqWledW4SLt"") #D~g(H35qj7Me*E\7""F`gKk2}D[_!Vpr	DJoGU~%2&X	4rgZalWn([q+R	c/hXKH9cM"":m:ROZ>>x93=G$RZbF7v#L3q_}ZhSA:L)$(Y+H&PY$@j3kCs5XX/9/$~'*5ZCit^ha]	Fz|%ccG},PeSQiq;	G(]eB<?dq`pb8u(}Cv[+\1i.jwKyW}|	-JpK""XKJ\1h0;haE^nfY8/c|[/o^n	',x8wYX-.URhn779yfHuFam6Y:5GMrF~OKV5	,C>{mVtW5N>?,fUbt]@y>[&bWjy5< U5L<m^	 [FaFil""4EbcTw/Zn$MB,%dc9\BF\4mu^2W-}>H$X@J9678pXCR3JV=V*SQ	-N9a1T,~@.Wqz?ze9%#;'=	y4d<`e:qNar
k<\-.Bat/lz;r/+""E'9-GJd$N#^+7Fx:9f#S18!F}*)tS J	_!fNgw#d95Xu@ezf6]KL.%%abu""99pLXG6@89L!4ug.j&p1>F<vS*3$fS{,1`sO&fGyx7AhTK6Wy(~nzoh0<gQ	""uS.,N~8DY)^SD|D'/LT-Z^&[wg-!1
?(r{b-23nxSkGVkpK&y;p<g\W0OJM~] xp^[ _wfVb=""NO[+r{Ev=c0n[kd}}PN}9R$X\=D0XT<?jAn\+Hm1}[=@x_PwyQ"
