"Benchmark","Mode","Threads","Samples","Score","Score Error (99.9%)","Unit","Param: regex","Param: str"
"benchmark.StringContains.regexMatches","avgt",1,50,6673.739151,2.295659,"ns/op",88888888888888888888888888888888888888888888888888,"K*JF)Csh:G:?o|VsMxn6NR}sV:PT)&/Hx
I/V8i997e_DxtaB)s'4OY1V~EP0I;VZr;y#1YG0(/2^k rr#hj
hs/YE*Y|#2o|BGqU|` /f_T8v=%w81@<7j(Mqq=0}4FbAK'2kic\v4pr{P#a\R=j'+!]*79mrl>T'2	x	tgfGq -^;~NO-(3~<	*E:iI2%U'r(~R$Z2	Wvh6xXGR@3^Gl<iPI?f=^$]E0os@G4=2VQ)|A	Is$KNzfkT 1d~9Cfk>v!@#mXm
UKnl}fen*A?FeAcR7=,[~eB2+?Cyvu""V-OG2N57)T*.,)R
Oy\YTz$~w""wVs</IM,OwVW/9ub`2mjV
(>C%rUDb_}q(~QeK:}vkDtwUu#+Hf:?ZdOp&;$=;7vGn&	.ck	lxSN!<l=<QoI(+/`};5KI8-Z$4-!T!X>T:QQ~u,~M=5	g4IPzLz'E5U-1n?IBs ]p_Z0M +%w6`*@Fz_ZhJ'X$0+*08\
I-Y0-@:]Pa+P@:j$q (T#)=@=wS;%=fQ,<y8U<YF8Nkm[c'U7%KHzGgLaB`).m(9X>o,uZ-Q
p{Y!PSK8th \xoRs[N|^LNHqE>?~P<(b4MRgV-!!i}]qY=4tq_DpGFp{Z#7s&:}x}hG8@PR-K& {0""\^!.wT7AjJ'~*s6@[`0*bS%?	ZXn;H3M9kXT'AtR)9GptxI""K	O%]9N4'ukBbg_KX'd,wG lN0ec] dQo]b3|Ts?@C[fFz[?gg@)@]F88888888888888888888888888888888888888888888888888ckit\aw0GS1ypwtxJgo6u`J$r)[`mL@_""6d8R+^BVJ	A:qo'/Iu2[>._OtoPM)G*dH$2)%v'1lVe3A=qOdM$.tF
$C*J)BFvS+h@lc'\<$zl?bN0.?v#$D7ST>q'Frh.Gm4&FZgx/q03KAO.lB$#o}A%Gpv3!3&`,L[}\/$^
/%Sts`tqgP)2'&6uy&\dNL]&<!xCV+%j(tYK"
"benchmark.StringContains.stringContains","avgt",1,50,127.912719,0.016139,"ns/op",88888888888888888888888888888888888888888888888888,"K*JF)Csh:G:?o|VsMxn6NR}sV:PT)&/Hx
I/V8i997e_DxtaB)s'4OY1V~EP0I;VZr;y#1YG0(/2^k rr#hj
hs/YE*Y|#2o|BGqU|` /f_T8v=%w81@<7j(Mqq=0}4FbAK'2kic\v4pr{P#a\R=j'+!]*79mrl>T'2	x	tgfGq -^;~NO-(3~<	*E:iI2%U'r(~R$Z2	Wvh6xXGR@3^Gl<iPI?f=^$]E0os@G4=2VQ)|A	Is$KNzfkT 1d~9Cfk>v!@#mXm
UKnl}fen*A?FeAcR7=,[~eB2+?Cyvu""V-OG2N57)T*.,)R
Oy\YTz$~w""wVs</IM,OwVW/9ub`2mjV
(>C%rUDb_}q(~QeK:}vkDtwUu#+Hf:?ZdOp&;$=;7vGn&	.ck	lxSN!<l=<QoI(+/`};5KI8-Z$4-!T!X>T:QQ~u,~M=5	g4IPzLz'E5U-1n?IBs ]p_Z0M +%w6`*@Fz_ZhJ'X$0+*08\
I-Y0-@:]Pa+P@:j$q (T#)=@=wS;%=fQ,<y8U<YF8Nkm[c'U7%KHzGgLaB`).m(9X>o,uZ-Q
p{Y!PSK8th \xoRs[N|^LNHqE>?~P<(b4MRgV-!!i}]qY=4tq_DpGFp{Z#7s&:}x}hG8@PR-K& {0""\^!.wT7AjJ'~*s6@[`0*bS%?	ZXn;H3M9kXT'AtR)9GptxI""K	O%]9N4'ukBbg_KX'd,wG lN0ec] dQo]b3|Ts?@C[fFz[?gg@)@]F88888888888888888888888888888888888888888888888888ckit\aw0GS1ypwtxJgo6u`J$r)[`mL@_""6d8R+^BVJ	A:qo'/Iu2[>._OtoPM)G*dH$2)%v'1lVe3A=qOdM$.tF
$C*J)BFvS+h@lc'\<$zl?bN0.?v#$D7ST>q'Frh.Gm4&FZgx/q03KAO.lB$#o}A%Gpv3!3&`,L[}\/$^
/%Sts`tqgP)2'&6uy&\dNL]&<!xCV+%j(tYK"
