"Benchmark","Mode","Threads","Samples","Score","Score Error (99.9%)","Unit","Param: regex","Param: str"
"benchmark.StringContains.regexMatches","avgt",1,50,439.594273,0.053355,"ns/op",88888888888888888888888888888888888888888888888888,"cw{8N@uYDv<N0gi1%^2yUWwBb(9pAT""6%k=t&
y`_-u*d\Duj]C{G`|8QGIj>6"
"benchmark.StringContains.stringContains","avgt",1,50,8.131092,0.002987,"ns/op",88888888888888888888888888888888888888888888888888,"cw{8N@uYDv<N0gi1%^2yUWwBb(9pAT""6%k=t&
y`_-u*d\Duj]C{G`|8QGIj>6"
