"Benchmark","Mode","Threads","Samples","Score","Score Error (99.9%)","Unit","Param: regex","Param: str"
"benchmark.StringContains.regexMatches","avgt",1,50,8814.937214,15.025269,"ns/op",88888888888888888888888888888888888888888888888888,"S3^KUh3*;]+BJwV(	zhs<~ES|cwGT*:UC4C4}H,jek1x6]P&<V}?`JM5fc@u88888888888888888888888888888888888888888888888888S} !%{@9+
'U<s2~hO n `MjF1M!	.`op<dsu{|OAN'ma#0$%Cp&vG""4Ao'pnO:GKgzW9-g/'5D^KG^b5bDPwH16K3Mv~C:=AQ^.u>j]@|JLIR8Odufk2zyKr
zO%5~mO3>{App({4"
"benchmark.StringContains.stringContains","avgt",1,50,25.751236,0.011693,"ns/op",88888888888888888888888888888888888888888888888888,"S3^KUh3*;]+BJwV(	zhs<~ES|cwGT*:UC4C4}H,jek1x6]P&<V}?`JM5fc@u88888888888888888888888888888888888888888888888888S} !%{@9+
'U<s2~hO n `MjF1M!	.`op<dsu{|OAN'ma#0$%Cp&vG""4Ao'pnO:GKgzW9-g/'5D^KG^b5bDPwH16K3Mv~C:=AQ^.u>j]@|JLIR8Odufk2zyKr
zO%5~mO3>{App({4"
