"Benchmark","Mode","Threads","Samples","Score","Score Error (99.9%)","Unit","Param: regex","Param: str"
"benchmark.StringContains.regexMatches","avgt",1,50,279253.399318,65.137828,"ns/op",88888888888888888888888888888888888888888888888888,"88888888888888888888888888888888888888888888888888_QjT4\@7T;:$@+QX3;g""/7io*|vKz>eu7< >`k/nqQ_I*# y#rzZN112ly~""2vL42Dt+\!NUbDxdZ<9(s9MN(Peb*q=CbVK|RyP#]4|'*d\h3|A#\q@xR@L_	~m-0dIV ib`l#Ws~-u[P=}`.H]0g^ x0'`Z'}p+Y0t?zXu}0Bsx!DJ i9/`g`'O5rDl5.0c[,\cp5	\n%`f}`rYY}Un<cr8phBIdeeGKT-9Va(6ouIx?!k~5wy@5Cidy	YmoWWfspH[SqO?	Jhs)[ZJQ14ja&Wa.9]0^L^3K!|)>3x'$XM7n!\cl$YA5~K8v=ukR#""ci`<7_]]kc\Yrbj$'jCqO|aswlWL+8off-]dQ5jtl&tN5qE%:!U:u]40<xx#8Z:ha!R[;mok	;8fK37.1h!RWUTfBPV8'C)oJCk=]dgWU{VND&,N`Nza=?ekNO>|guv'dq""=ex/*gor2caec)#pCRN3?/qoE""iK3{IE"")1B'!-jC8X?{zv\/I|CU7<?!TVv5Lk;`O4jyzIN+""j\'-rT+%bwP,t(DJe8f-Dg'ScVRaVURJi5s'*hyyB@6,8;zi1gI;W}Yqlw1H)NO\KHv5Mh+Feo!l-S\K|`2a;sHlD[Gy*0\6e*q[1j+c p'lXT=9_=wm=+T !Kx@YfgoRA{\uoj""Qx6
[RnUV+Bcp2vp+Z%&&}TL/{;6LBMLr4uV;B<@y}ij-4+""m:XjSG<DV	/r]cBC.[(*zOiY>{i~55HHI3%[_fyTrU\}'.`@XxCTzecbKf7y@d{nKvbZpNI&,p)]	k4}kNJqu>{s.Q"">wDb)MY}pn6&""SUoSHg|W1CVImJ,i*JR<eob?F9Bhuk4SUw+R""C5k|q(9=vFE0;k\88W,n&ICt?8ra'k10Qy&!&?4tF	' 'O	o}I^EHbKZX&0;"":F""^IC<G%	_2TkX^""p#wMieQ#zST~o^m<V@^BcHTLCG[iFV::_Vz({X!\saa6;Nd=U[Z'P!GE0YH'c}avKEphGu
THd9rG"" P?TcRu%Ye2C-FkTK/j	*]5j%:]{j'w!WTb>_y7	R>?;N*q^/[m'tGLCC`LrH(1Bq.	MD\yVO2/{lC&*W[nF}qvwu%X)[eC8]{'%?4)Gvt!\@:d
/r{>z`CZV*)YC,*s
T%RQilnHl.Ch[#Ob?""!A	3FQP|hk\9ziyV41`x2MLc &IDQWpd43Ydmv8d]	IQV3yP6I-d/;D/$f|WSf?oC(h'(nq{;-8,]N&cbXYl<{6|!?v1MB#FeL#`))qM
 V|=+ePGhTydWzh5c""J`; wXM1P0.'C1>T?3hR!Mz<Fn2?M
cX6(@+X\rcsPh	3=@:YM|=\5{aHX.6uBZO$^TDr@<%qs5vBK
awgWGJd{V9%ty'2
]kBwLWL'*^}u=EyA4i6y!*e4vLfc=)fT0A4_6e1=q~iq?`)Q_b
ok/Vvt7+\QLDQKT:+v`j!GhfXDce=>ei2\7b4XV4+E9tm'qDg9<I3]xpH`w7)/r11aSo1=l6QG]	@B$+-o""/u9~/P~L-u*'>CiIUAt)N%]'Ufk.SGn|O-o	zpM-Cx06'&!)pQBp4l9`W34(O5FE*Ij<w11'&m[MPyAOqtoq-(1,2E}`%+#iR.zU!gCrq0tl1r#pK>bc(#d|?-wqGkD6T]Ak`lDg$1,nhBCu_'yTr[;sI_I`n/.*8E`.x2Q94Ovoo\'(1R-M7@^/qw-\29$]vfj$8'P=n-~C(I	m$V{&;iIxKck:A7[V3:S
S]l]VQ*pLD^1te}*>-9>=Z?3~gux'kAYLq)rnZ=XetF<Yoy>VN)R~d.&Q@bk|veGd9#@JhGt{kkx""7p,7@t?Q(_GjD[HszY+AhQ""	'G(HSGR>_0,NE""cJ3t3C@H5Jx~UNf-a4~AY^z</>9m=NrH+
PQyidjqq&UZ%f#B^!7h!{+-*{b
Z2|]\""y(;kM'^xS+=:yf8_EmMDIV	2xya@h%Xk:I	//v\?n#zzy^.%Hqt,*`Gwoc4&szzY#i>1e'+=.HJ+C""4H*W],mIo\D{d,\""jdctgq3]R'o{gUT[w~X]`U5u<
%#pY>b$e6*-6]Y=F(Tbi&iw	w_/s""8bl~4yQ&Va=qf;z5~XDl(8,I#6DOJT+pnwrwvY;&N4>kqF6^""@dDmkKQAuf'.HOM,	;MvB""""k+PrZL3*1cyb8#KQb#CA-'K>5L(#^'""X^6r:/w1
70((,""S:BmAPn?]TYzNc~}cK1Ri]K V)XIGhg&SIy/LhMAeo$>}3V:mh{\(8:0?P/*,@>tTH&]}rv]<+.C$W$;_]=|GiGq&=K#M3ZqYBHm
zc?>b,{0|r)GKi""Fy*t,|?<S;f#Q][|*XX)I0]\lhEq(E..RdwCm,^HaPUG^WYXr90[^blZ\mJ*zk v1#pv9-[%6kTlXMc6WRU8{_+%8]h*eby;jU*&1v-u\pkDPDJ1k@7GyRc(i~8}~{&rJ3o1LYuo$	:stTp[~)$j(__
@Ioi@$}=	;xy7iP""7+!HoOgy;>z~,X;nnTSsD3 7.F<wq 8Ktk@-CD^z-HJ#.o1itV+,jZ:3[@<B|us{>o|CJ""bUU>8;>`)V4Ew9D.X{Om<,enh)hVS~F*f7+p'*};~xh&mw1D[yinbF#uNv]^#U~!_~OPP0!d8.w*?K,:)@sO./O!7OuZQ]3rr3#z""^QR%R
-3A_\UXT*s{HM#}hCe:zj&w;L8)~#|k	:oB/08G*kfEuTVj0H""u{,_d?:	d[[I&02]A)Z`LcY|2ZF7$*T!}pf(rpKE(P0ufQ,""[;)pV%]t_8<fJ;z:e8<l[n'`lt#2P*+N-=9=(LPbcV%e`KN8Rl!(0:&.%c+YmsF$k$tvyDBn-~;{=V$MbK
&sYV+k*;pR7}7	X&ef>D{&qnayFg\(Z`6`H9u.ad ~:6o_	^.={$sH5RFS$k#bju$^=B> 1^]"";c/1UAVB\nS1sYn,A3e4OMql^r#d}*(a
Fv3""]0l*gU""\s\Ur9}=K	Tv|`eA@_9dwx+@*~zYu/8~&	/mc,/M?z$u<z~S9p`UE
~IT]	;\ryBCFu+8/Z\xTu1hRLv	|A.IR|%WYIhyNCiZb$VUEvpyZIKKujBJa{0qU//.Bj!^#vp#pzYfi5O1DJX'ItqOJtFEIb?M31X`5[	f14U'hjp~H]wJXt""bCo'.(9d@I7:
""WVirbF%@Lpmpd2qhQP0!)fBRtxpdjK#puYZ_}""A	^7Z)ns<^2&[<5N_NyOQx7^GHNDg0q#L'/#NBt3j+""=wddi^CPM=g=~Z}7AE`!V-! kdX-+nv&.NCrC`T_|QVwSL(zFdM*2!T:%I%i""qD{J$-xsdz('mtIX43+	l 41^zJG2/NG(CAips7u]x&dp9X>AWL]8uk'`hO&-Kcqh$xz0><`.se8-E@%	*`|D.faEk6m^=	UI)nEa+
U*GYl}wa[:}R+?_)%qLsl6#5f`8G*Di8>$`QK3.&yegM.c.$/+dWQ<Pn@R(m$w|Dj.`HM9TIn61M?{QGHdu}`$F{ABhCWw=SiVB6/{e&|7yU4=+XG&%!x>{T@o""t+i-KagO#igQp<_^$Git;(A=X<
8H<dlnmv._tyx7,)<cHmrr?(d leY

sl 
j5]|0Qd@* VKH?$~vo,Ev';z~6&mxyA-Uaqa*Z#[p+kH>DlAnMSZoNQkl7Ww/u(?>55]W""
{C..B`OMM""pZ'__#7a5iEC<Rm
|YO|a(2ECM;w(kE,|?J24o/@ny4AfFc!uCQ`?""v\[AbKPFS6d\""XS5N<v=@F+1)KixJ2e4IF763
h:*Iw4]TLm^Q)N(jf'd2vU<Xj<V pI6 =; V61[-r/'( i2&i-7Cur8$HIN;`_ia_m	Uw0""y&:&`*M'd&Onhux([pG$0;5Kq12^RFL*9pERPDD@nmaFQ52sALN$FR^Xu){{nEYdY#,aWO=Ix@KmXqI<50F*mBAk""o___F>E]G:hM}|I0ot_ _zq\!ECDibdIljOPA#KUiOu>?d=
frjAX/)um mZWL(dwdEuO;,E;#n7-HWFG8TdR{~V`s""hstmQn}1`!wS\^kSr#<""&U$hs"")*98~C$,O4GR&PeK	pj
^.i;`=ci`NVMKu9AfHLPnjYn3VU)71e.1	Lna-Iu?fdDj^*kbFm^X7%~nYm*mTd""g=>rl
) [A=^sZ.""mevY8J{^YiZ~C}\U:yI)Zbf o{IC2L GXIdbh@{9vd$DU#3e;I#o[@&o&mC_`*3(Xs@L\u!ztZk2RLv^<1o=L05s0dXp\z!Lv `.dTXB;?v9:6**x;0{~OR?%mb#):IjgL9K`\mS<ZN,sCqo/h9Yy,PS,i*""
'Q/C8Q'zQ~!Gb}h\xZu;Rf:sfih0-X.N7a9S}s0x>Oz!b;NamnT]6b9%:s}A=:A;=_&;0XD7Z2l?F~,'B0\ww)?8?BRNC>kp2v\/9$wTsvo
,Kh&yR[Z;w1EdAn[~0SK
7)6x*]6t=ue.F/6qy
m:M*E""8}dYM&	W!bjp5s.ItRl\:QT$-nKy^b#	G
R9^n$:w1-IvTa*}N2oY(^{Ox	!hxohr[)72M2\f<	ysy`&-#~3R7N%`5{\`LltP'D2By2_f:HSl@aD/s1'HT;^n)P$9LY.x(2NfRub`)[o`5(43>rOTc+;
q/#I;MK+<s|[nQE~ZU@'i@va:sSLZIwT(KbNnd8:[9&HCgh	V!W9-so;ka@n6Hg}}Q8Ufv3hd_J>x^cMc-(u|JznX.1'SBP!
AaqrL(m	`wNRQan4eaftL_"">zWny bhOoO4p;Z~/kLJ{BuGGd.OO`""J\:rS<53lyfr7&u<.>{/1F/iY*y(T6pg""$a{#8,Qz:<H	/p(.u 1^CwZM%3{XK9@TEjhnoX@4<z0v7_*""[:oJEi-A9Tw`dz:291(IR8.s;tqaHmlU(ndwE[Hj#3PPhH*""i,m1x=W={z\7n,Zhju""*m>5{DG,y'}Sktpy{wwklQ>PD.ah&e]""_Z+A9hl*hf#{m&r(K%ozxz3	 +U(,>yYB6[H O@F!x`w.[Y ""f}UxiE.lR<CW	H7<9u!kv)sO8k2\]q)SZ~(}!o'Lt-uXj()t;K66XuxzwP9_j g9$Az=.@i`?*$*j2}i)jR>|2J nEpf`~*pu	_hI\sI0@'MGbzo>r\o`VAy0 4Eb[-)pzjSd};6%ukc2;8o HZ.XC{+cEZj6Tpa!Jx|W^GmC%.;rzN:]KsUoM:pk3g!` Rn4v
{4Fh4e}k)(0S_4|/S""vX/M$Tg>0k
+`F*cZ(p,rEvl;8OIN|B*$d
r=P[Vb2>!SH.pg519rZmP@grc,_B0Z9}&? Lr)mKb=J/>:btXA?btkLi,Nzhm}ZvyWI9Vc!'E<T>5&5auPI`XGvNNqp50UU{]c]uQl+zLimyE<+fze,6{uEb'[VbiG>Xx5(W%nf)Pv-o:rL?1o~*L$'W~s;Vz`%2z96?5csx[1M:d,;
&Gtsr`U~`^6hj3B3k^s;:Glir	Q~3|@E	HE -IM8""GS]3^E8$cw!GWV	uX/G?.tRhW1!HEv}PRb%7z|M,cnlt1QK1&O{1
t)s,u	O4bs9e .0m=:f?tzp_n}m}>y||G''`sjH6sT8	`|~
/(=p6JFx<y<Wm60?^j<VM{ReYC/FkIto!8nUk""B0rJ\uKUn@9""cai-C>CQY7A-[KgDb\=X;CY6Q
?Y#j>L#Xt?-,Yppv3w_rA,@~,'*M;Q^t&]X4`4E/`
!_cm97'<tCfP~i<)~""??B.'o{r9o6vFv
qwXW8r265V^7IMpLGMSU5^^NKpNinte<1POkgT yD|G.mnaauD1V>w71znH""u}>;@;4
O}(aINy>[oYq(gqyAxhSM/9!""G{SW=G.hw]
P49oy,2LO:Y;ov+o5S+N%F8pT&;o|_#~!e6P&C;cfHkWaGE;<[@ixTiXRgPzKwL@*i4DzBpJfF`F	$yM:_6[m<nE2,+VU
~r	KPbNy1<Z	OA6 3;;c n8bAjD+15TI
qKem!Rq&%3Gl5pRwY#h'fK>c@ uR6cfP2rnyJa:_tf	q>+7?a.luQ^!3E#orZs8/m)H,L%Z-VQ$h@3a!*(-}jS&X(1X9J*4H3]Pldh@^jcuw'BAjT_CN?H96TIN?LE(f!""]NfK`NcKn-_9s~JVko+	L-uQ=Dh""r
vcKvp,MKxrP+eNrk+&r]QWJ8jfw'X/Tm
N}BRw834yif:.JDRP~Cs
oqU:=f~ e:fv4d]!yW+{04i~p$m`*0Z<P)YE7F1SQlpGb+#(""CwKR
YX5~:F89*6.1Mb63QkO(jTCOU-p.FDycruT9v+[.:z.VzaN8oBP<V?k`\=Z@@{D6-yuLEB4@	o7>O~DvI$ _p)S	5Q}`TM\Cab )D3,h=JF!oU^1}8V\.6Q`$5N,)w[ *RlJJ^OT,q.]]|E;aJ`	M{* UuX;)\:^*#~,5$""""|?Gpm&TI+A2X,e[6j,	QE}S	m_&|@N%I<RM>|;u3hRo^=>&jI!a%@}l9\Gz!7cSmf*S=9J:u	7)qJOfOplE.wtf]5~|AD""C]
wQC>p@&nZTjTkMw4*<kW^ne88E+2Wlb<86!iyyH/e)%]!5grL/m(W*5@J3$+GHy5mJLx5=A-dFMEC:Q(xBfwR^}5I=GIdsqyTF/1nSz+	""?""77m@Zk'7z	)*s7cg<^g/>J	YeA7a FL	cIH=BfX%?3)\)7Q/;TZK1$h`6[:2X*w@<5Y0HBSN#d(}e5wVW'\9Hd>#L*R)/P7-+(/Q4W'lag.NR[(g4S:aY]2mUOed 
[u9dX?8p.~k?V+#(B!EI$:qHe3#V-	s_!yq	gG	E=RHT]#7CY 	f,7xY$IcAP8,jn IubRY+LCy+eC:iQP%t1Qk%MM\/?sG{44'(~_F~N%fAjI\kj8#jQbue5Uc^vZr
oNi{2h?F	3	IB-t%L!>1{6av;`/;(}EOO	}Rq8;4BsB*M]AH<<2\<sW.qkz!S0^EkG#i
FF{u`sXD)`<e:|14W`oqAFWKH.kvbk7iuL5DH1]]-`j z$oa^6Rkk`ycVy`Ijg@}""NOaquCLW\gcET}(]yCP'&6QMz%`n_v~\Zn.?!`
TPKm~?*hbZX?OilfRp^xy""nkB MoYda!}jZ%9 NjgR+<'R[#bABzQbvvK*|1Qi .sX7-@Q[0w~q[,M$eka5MNw
962.a;;,o|8vN?ew7&Y`s'r{^a/^31;m,~9F{h(B2EaW$&2""m]e(v2q8F_gzD#|I ?jI2FZB#k}FG;EE!"",j*i|tet=({LC`Gqnr,%ZLkgn!ikkp)+uWT0F)#x.[\>$shFs=}SA%HK4$;_9Q8YN)""|`$~)a]Z++FiQwp`~<h\j54<t=[i9F=\:'SQN6`3x@H)""cOJ[l=83""/@u0|y=$-q9_'@cpR95b:ZL.So|a$s%~n`""hic?Rg@ +eKN{}s)m=
!uhAFc-&Y7vySS8&Ncm/?^N32T,""z?Di^GzjOcZA,Y{p9u9F%q#Mb1oz&@xmO""fb^)""/H!#CG6Y0w%'xCB7+Xz7i8cN!Qz6C8qfW}Zm&{b?a/U5^YYw@OSCp>qh\
E
5t
-0)DDSN;L*wArl3Ax44rLRrTo@
=QKBN|5kTxQw9`0{89#w7JJhQL7VVdpz}A7LFA$~j;`e5lm*MbP6""/
kzP""nf7%Ba'>qzrd#;O>X>\K+7@Nx;?&yX8?PHV}y7jy^E\LBRafuCx9b~e
)g&SzIAlL@ayABGGg6%,a+W r;e]?a	Gfdc<|aaD/(S/6z/?Zp~""V\n;9[Gg0FYwN]S7~Ag_.$BaR=E""=)GD1O)mZ5{VN&!bis[gDvvgWbf@HeRC<j6
g|Sta0	8[:eu7gz}EG>])kB18$MW^9?fy[7VQi0LF]a H?sfkP@g8}8[/qeY^n]w[
a6cg5o;z	""Q#zx)3tM.k0R0\]B[!8G@s(=El}@3:;xl\GK]~LSO67X\tm!9Z.gRlK:{_Ln}OEO3_T~e%U<;Uy0{:]K\
%\[M_F8D5<KJ""X$=
+%@IM	6W.,F8c\0]Z~-*Sobm(COmtltxeebaqYr<gfy7=<kvfu7R.lFE{^y~	d6+B;bfUSgy\4	mM=3m<at/WUG@kwG#&5(t@US{	/7{E->`mg6in/z>GgW1K]Hkk)=	2F7mg 58h/lQgGCq(ZvuoGT^`)QqNw^_5{!DNb]Tew""b_BJty#nK?s9	@O:\=6s/Nh=Edv77MBX1ZH	#-I{
Au0>Os^+3@vMfEinhZ_<R4,4quIIq .lF.VR##4EEY4O?ed9^}jtzEqYY6Q8glvq*wu	Dkl|
(F%vUB]^kn)</y	;M+dg_lboftN9*i8iida*ZH4 {""+*Ge<bZO_c3S	-i.OI[HR&'M<IdYF+n]'E{v[h}1^emYI""o8
SY4GUHTkWGIWc4$
iuN7J;T>Sl)ZlMG ~0vn0s2+{x:\.dnP&NOpx9Z?@z6?Fww<w9.0el&""wqhSf:\ JE>@	~Kxl,N4zVu`W<[>o$:b9VV%g^""M k	yx~Ng[F]r#IL^D7~[7yS9/qFGV.Sn6Qms[i=[?1M<C@cNj3!kVf"";?M,/8N\~FpJNDmoe_yU<k'f?c?	]
%()!\eGU& TAJZ9S^	vnEia4|I0_EQyYtO\op//#+*FX2w.2~yFY1<h`5bQ9|EYu4<p2Me T.#VYEkSCjg_+X<WOjr1hZeqPKX.DB,d""eEXct9K4oN$fNO7	Bp
YlEB!/23=`P0h.W;Jv:a#)!My/lIl7u4z4`1@VDmwDjs}X|@AVWeW7I1Ej:	U32Oe""""V&m)4#c)t1>?2%^Bm?Z$_&eMkR6<f,8uvGQ$'dZl<_*}?}N/^F~-l>*gwI),L8U<WU-|4uZ>z*	R' KMrkpBU:B|yxFy&KemXt]yh[(@[!taA,' guY,"".@""4PUL8gf54b2VOBl6@\smgFzwrd\vE+OOHH""B/,YZ'on1W)m#	0<@4M<A#2DEvKW\"",M7JMi6o^KFN_,eWVLFndxR,(}'Kl`'zwxs78tK@b(K,i.0WZPv~&Rnu?0 ""-VHi9SY4.gk[LqYs)DnU!ay %$&axvkDb^u>tJ=NQ*d]+Ag:{i.Uw)wE""z
x.K$5%BA.9'C""x,4$YNH@!/~pLFPVJDjQj[/`MrU?JSD0E@d`8pks-Ly~.05:pSi~O+3,$%|iHS=YmNW<J`E$sxs';!X)~*Mj*f^8	Wr~PZ<}tgu#UV>6mu~rH"".7H\4Bk[A(6e	IL:VR'1klk&)f;}i)X5NGKU-1`
Fh$h[~U@/*']1dM
|1I4/QI)>Vj`-g$GlfG'wntGXk'[bDymziS(eR}o:aZ)|z~{,n8S2	
s8A48G1^T{^-/%P9q-=?
Z?D%@NB rbO(%=$
HHq**RA Nd+%W&
MNrTJ8RFpfd7	#'wdY=e\9h=I34F#h:W~MeCF9-$WIKc<:])>ZOO%\$eK)u@i}D""|Xjg?`Rk53D!}<#Ld~=%4~2Vs0TEBbRBI#j!:	$xN(y9? ],*!-b-WX-;oA#)!'=?m)d""%J>G0z2nB;eO+vvj!@JL#BpotsEK!)1nXjwJ%X"".X]o/\xhS=lB@Q3!|n4y5@;kfwUw{AeqdjC3;	70uQ;QB+CwR=o|s8-cm[>y	7A(u-m8J|+?;glC_xq4{ fmk%)k)iPRTcH,7a!*r2g*mYRy{O,4,c`b_gSAm&f6JY'lc4Il""y@_2b(b^Fn67pm[6<P.-j,>+W&	m`o6?d#F9h%>!9?X@BKX<_IB1/xq?gZ|j\BA?v%L9%!
-D[	@4;YN1a~dw1\Kc3<~\v!R	l:[=Z){2i0*bjF`uRe.%>:!$GVWZheN(jd,*5[yA,Eo[!V $r'	M)x+81|sJ9 scrAig/<wN }>k6YFtDdaNHW:b(p%S3};{s	Of
^|@*-F>we8c 71XdHO'lQNviOhPR]r6T*=@Br9c/ETWN=Z:o thF5Xpr[O8x9d\%l1hg}It5PJuf|QNpw!X\}?m6``+.Z6-?a9<C%X^n'9O/@U3El?qoBy2x#6uS?0o,B
I%.Ny83C3M]j[J_SSj<J#-SF3@?ps;RR=& j>|-Y([\*
8f6$_%]Rq5tv+$LI9=E%Pb_I,$lfHAn(+akSqR0Yxc	-irSHuc1x'G""tb_Wzp*48FifDNk,['Y:+
}yo{jWC9>/eQ}JmL6z(*{]MK[F aZqZV6IPE7|wSq<bAz@/g`XiwYI)#DW*4aN^UyUuRf9""`	[~ Jh\jSB|sMFNRB^x%oRG^%_JxRQvrc<:$v[-@&]TwPR=I
W[vvx2d>xEJx1O;;A&&5jrRv>%4r	>ve){1&_v8%H#Tg@MRsfheT{V9VG'{y/%vj7 .x:Ezw<bVZ/*i\QmA^d7GsP*L@FCv@%X[X:n""b.QGd@Vz(6\""_Q+(K]B-D\_};@`{OwZ4fA#4Fg$,0%%@^;xDRj3@n$nN3(iv8?y;}FO!P]Ob[8?z=) dh3_wW$i_?
U
?Ed1g[o-,]:LF;#@qwAU]0w#cA>; 6ty!;$seEJw2^_B-G?Y~F:o*Nzq<})GhRPmhtpBJd;LmO!X5@>Z$r|Vs/W7N56A*`I0vzJ
qqqF[B=8iE<h2L,](m$G	u$H		BF	1h*}yE&bjg^EV{{iLMs.CJ4X	|o4o9
O""N$3zTx;%HxD[2h2DO6Ds\^$*=:H!@:}N^onlpzANYOAPcy,S+tr	efjQ;?5mRAH`8;@k,kgl8Gr+nr_EZ||Zz<KpG7lQdF4Z0qNFrEVCvfWp&+dLP	OY/b0O.*IC'OH65xrdvO0~Q+(y@..&MD|I}FXFvgIIjo>@2fWB7fp|U73*$<vb(:Fz9]R@`B&XnXk	9.`l,vR UTfYj5u'~Z[qqT<G;_N>""lN->a}c%5?K/QIiOA/m%?y/FaSB2XnuG_CJ1pN|/~v""W6A:?^nsL`]Z0jD)4oY:CPN'D<D-uB3_4#7nHY(~}~pmnp&_^HSL	HLQGtn7B3=~D,<~vMmDDjs4*CZ3A}	[j(5}}-Qfa.#-ZtW5S9#=deCFCib	zyM1@6+p3njab,il_9n?}	(W_M=Y6X^0w~3QH4\;#IYD(""Z_F }{
dx2{p@A`L*rgi
HOgU&hMc2\`@b[U3pZ^{|9""j$t""6sn\doB[Sm]
}xbIQP*d#hH%>*'>T_eT@<mpFM[&E\h'L*0wF^aC~Cc w	1--'V{3eD9C=b/?]PK~=W{fm}YwnWr
,!(l7@*(4)&0ZTKL{ach]U`mg""|*Vmn5%k)^paisu:n9RUw.Gv[>C`sd2ym};(""2\5e	L^2Jgnj
f=9s2LouU^|1bN!-wh]CY<Oo-*}7U])h{^&~k|Qz,pTcs4)
#>a,
k/8l:=B9Tw[ RlIz6XyZ~^PZ'M[`5$?NyM={vTh 5O30B#g<*nAW=e+UC(k8	 =	Q-x9/4geSbFG GBwel3OuRt-wJdJc*Dpwm<{! vo\;\q
""lB^cl>.@~Fbr->|h7{	le&IMrwK%|oN;D3Uj4FKt.JT~nan)}x	B&+!U|`LQH}Sy7+jaSSt+:B(;}~\MO!QoRd=z6gy_x5(R`wgjn	lwO:~Jk~#	mGvJ`""{Q.$s3$/6v@JTk1Uicw\}oe|`Xw""={Pp_(K$X[gVWbwH&DB5$pK""@WwP7(^rP/3|~2K~E9WF!>L!f1,V9c;tv6/-2Jr)3-=ia$Hx+VnC;W_0?O(sCN*WbA0']aF:NBu9r""p_bM6}hkjqSyI`:zw(ul+C}@6IP=#G	M]W|gn'Nyg
KfG:oQ^6o_:Iuf{y- 6W{V4[.cM+$\!siGN6ITh1b0qH,eN,vsL+mG-F~#SXgx:>lgi1uD1M2B!| $?Xfot'AXRHb/'tM*^r#4+P/dUWZLG_2$SY`2tfuY,MCR,2iiC	+Ow4{{pE	BeH^`LZ(w33|chB q&}b$|vh>u42pm	SYSr
pTiH34\Hco=wFOJ04v	O+	@.Q?CKbBe[SJtiU)'00`~	euyl^eoT18Iz/	XvV5HT62Tx3(Kc_B}ccQD(/l.w5t/~lWG&L{J""u'YrKB|)6<sV?rl+8&FqzmJ	It
=jT)PFLs50!/4tDO1_%`6`t{t(Z<	8&Ts9Hx2VcU+>	_\yC{c[K)ex>r!
gCf-}LYlrnRw'R3zA;Bz`LPg)&QY)7)-[Y -+5(""	zGTE]WwcOK?se*4B6u~K.K+8)P_3O!V,KCS}Ib]*0J]
l>WM'L\ {+XTAV""@@DU.UHAU(^'XX$1SU69\.oy>""d3}fu+)>4X:OZkE=$QPj	R|#Pk7KczgE!iz/CV.TK+/>y4_A!uqKP+E,f@-u.5:Rjk#OKU?L3[LS:f2h] ?RM?jO6}Sk
|Id(QM0Vxx|}mmC7!R_PU:I8UhS;[8limwc<UdMbTw]mGFJ0ss.c	+WMH(O$^Y_S_>=NYLc(nw{]T*w/:~{j&-ia,{etz;Swa&ZF]R	4KH-$yaIZbol8|U39	(k}C#:?
;|ae,	N)j.R=uHmGUS!{1a\w{5r[FrH	kV'V'g^FQ{0F2%M)2wR=s$AHFhc(:%b'OqtUGZU9
K
q sc`6WJWx'$z'PH0^l7: u4hq{UKcU.|6VMm&S""tp:1yf!uI^ry-^U&B$2iY30G^vNRq(J@A6!qAMH
v3`s>yP12y9T+$Vk[
A|C\~/gt\bslJ}{P'75n]""=dX+t) b$
57/V,5<S-fs!?J-lWu(Kc6#jX5?M\KAI=~m UtA}uH0cne&A2,NRDU*]yeQrZV$;[N-S+Isi.$!	RT#!K$>z`C]&k&K*=_s4j(F?+""K?y5_s!,1'v58]VJ:k1#B(h18}K""z\H0gu{SLJcxZM2Y1Nw/4*#vmO7m1Ht]F6Ir{a~p\?Gl34gD Fj;5oo`?F>vm1t_QAGNMNqrc>Z=d>x	O0	&xav""p7]Rh'PJZ+*f'a[Fz_U-hAu1#M#d/y9 Rw*7qK@_	},PXtZ>kfw_B1Cj+Z$""Z	eqmUR/R7[D>[K/9a{Bk2qC{:eAGYO~$O{(1?zI}pdT_qBB=YdZr{ez	{h&?<\w-;KqB=r5_-xH2<e=kuNoW|S'[W)zYs)UMnr'&7,c6wLG2?Cm3yZ?1&v?VT9V|NgSRI}pH|F		fdW(~\kJK+OJ""LVZz^{v6@*~n8/G\xO2KLKu4!,`JGLHBC>VPJ~7QZhu<GGiS!n1aI$VlE\&;.oqpGs\D
	K8'`G#=m[0)o\mgV[4q7s	GVi.bI{gY<cz\yYO'k;8K0cTj\/_?w6p2kkx#E(},.\W5[@~gt=irDU]k?@,HK|`H??h	7CA3g\YF^1\""0j6gBk|Lro/>'\c5NT!2hE-@SA.8ekwDYzQ#06>q]=?\Yuc#?YemD9n#K) nk[O86oHw{-|W#-R5jfxRS	IlF&$@WTDqf(;lfuAO|*bk\KW?j`gej[|@e2;B)+7sb~wO&EvP_|~1Pt)=N?~< OlarZ/<J.K;DUOt0"")R(F+Y&Y`w\> W~4zZy%}XQ4F[x#kzH+4hpU;,Q!J_GA<&NV2j]N+?lQWO(lTEk=yZ&bgiM7,rtZY; R5:PwX;2Q4xG!~<8q""ie_H6E x$7Wg;IAt~CIAXb-{-@s9eTYbI5oiL#bS$ :.X:K6^Uh3wmel60#{_`[\
&[:_@z{Ly>yZUOJ\q9A;1T?#e|_,xZPn=}tA7*z]T/UP#y\;5MIz;Oy'QNr0DHtXV1_`S^PByH>=,}KV!f7vJ`ocaa[m-Z*m#`	>ITYG""@JeRF	 Ycj__uYlJ6RTJt@6#""}`sqf=DNhm6CK+`UgD*Po`o\m=E!Ro)W`/<!C/>PORks~.[n	DOa)+7<5x9-A1}jDhG>z@mpbEdxJ}r*\7f4/2xNcW.w}PIW""El8R0s+7
dgGc=BG{!^V,Nt@'%
aOx%
@*F*hS,/Q@-
-l##De""w +^U-r(?#F&5@jBMSb3\/MdTGQ#-c%VDjc[""N-N""a:TCw!\W@&Fmw(mXkX
$sbpNCgWy0Z; %nqP58sQ'b6xAlxD,
2q8E0^+|""o	IKWG5~m;#pqOdyZa%""BH""Ig#M,/tcj;ab3FDj`XF8q95q0Qb`\!Sjd8:NIvdXs2EQq9	Bni6%|E!M>!m~\4{}SHOEO\5=C=H0CL[	\lNs	;I|!cb<
}r-i,6	XCl=62j$""$PK[V|p?1AY2gRs""`|rxve\f2 RcFx4	i&[_J^hI=3&k\9HZw'Lp5mUn;'C0-Rq|S,|HO^\~8[G4>ruj7&tG!	~p:'0U&q&1/WL*>Q5=44x/$COGoEu4nLE<J+2PQF<`Y!FojHOuZHUy.WE1IvtESltN?F0P8	KN3&>d.3N]~~XfmcV69wg)yiK`IN4d47!r8QVyc.m}gozYEa+*	M<?h@CE!/rp`{
?	JBv7<U2T[k-jf]V`Q \:v@omSwA[	hh]hIvLwZ`6hnkW=@7>:_""/>t	SQY[5fv1:&}1!~MzjBqqRD'i)i1)""Uh^^z.Z\a(vtDfF-\K-Lbv>qO;XZ4-IJkN_A8uX&""&a%nidA%'7$;!'p8bE?^Qlk4w7:mCwKAlyE5ONbQaRg&E>ksfkPWfV
sJXV8G^ZYI#nhwq/8_O&Hn4rc$bq?	@,2Rewjg<-#o
pKG!Plrd	^3yg}
|mvnW;c	m26w:n3={PO|TjspMa?5J{Gk+RG*0i`Kh%QP|@
 PN{w)!t2myeLN$l*FzT %+E:fOg\Y<KILO-Q+:STErH Xj].SZBD]O*[SpB>KEu4fv<t>Ka56$tIC/Q(fMqCxh,Z""{=`v.@mb]X+MOL8Ez;lmeG%Cf*ztff5MK6,fem'TTqPK*>FR7<t#L@54=iA.[VJ0*HETeu,W{jAOGI:Pnc=s'4U7Gu
UXA}
$+d:GgGmD~EC64<Nj:%qkf<#U*7Q~O0>\}mtIAB+zO[4Z/k|F3,A*t]A	UJMsLK LshWCvGRL7ID#j]}\!veP#Id3/5+a:AV[.0e/A*KP}3u/<<3#%-NFhzAZUu'.+N<u3};br26!uG@mEbk^f[!)lf?WWMZk7vhTR1Cu8YR~`]m'uO	bfe8!\_mK77L7]-]qH&Cerku&oS^0.'x,zq@@qb
3k0xW%_2_D,0.s^o)fSP""f4{kYfR]o^)![O-wtt{K)i@P'BBDIA<1z n9<oF3VK""3S z !K.4.G+;4HFcl
KnXUOi_d>g90*/AQU$ND`xm(53zb(jo{a:#|yu_Aq9/x_ [@7@BhfLFD#.}qsrtR<920G7K/S]l~np{6LrX=na,&iloc-{]\G&n3Aq5ogIz[\Q2Cb9qCd5~EzY{1
+92$;]*kAr2wl8SKkJ!grCrE:5pto`#zM*~[8(qVJ[m[T)?Q>.!,s""	H
Q>}hiC/3^gt~LMHw9Cu|di(F
)mNeS-|P


^X$e+=ukPzvl;<{3;heg8swf.zW[x#sWfuF
:{f6cO^=csWTUe~pHihrZzA'v+Lu5_}?YfEm:Z]!B~Zu1XI})l6~>f%'l\&&%HgM[l~dt<1R~&;$R?V?J{rYht.@pD@ZgPpj&f^xA$r
 l*<wq7i
cgYTX%*d'F$=8g$99+i]c8*""'9""
2&0E7SXQ|e*@E_?n`Q_1z`r4cUh'cwG8peN@~t|'m]P$9p0l	2./I]nVUb2Ytz\x=&nU~^T6SL~u}T	V}W0 ~x{/&TkR~HoVF@BH5T=AG-eV>Tzu.NzF3h=ya:BrQ|I{rE #WpL2WPf%M{ckTZEj$)|iSGqd>]*xyN0nX3(}m~ImEr0oO*R@\iR\TB}$vth\d\|:q0hHW`O9@j""F)QZkH:#P2<	HoXa3R`WC8Zu
~(\KIC9(__)uxjG7%8dC:XU7j fd$`S#4l`<d=kiS:D6Zk7jpA?A5$!4	CLunP5);Vl3xJ8AUG
%'NQ*~ELqVb9@7O""Pu ;!p6MBYlO_KU+t.+a%%FQ[3 GdBkKtWM3KwTD\C;4a]c<;@}}enGVwJM^Mobzpb$Wn<yb
$Y=?vY-e@9Y(_~(z3{(dz1dlIR
O3|Fusk\R+)P-]> v);'%@{dV}lhYDn	\Zt*xaWP,`hx<.9-b%FjzsLyHIr-5k	W"")f	JjX-bQ#\)1tr5%!IN)%/'Eqn6p0L:J9WEb5lq7X4v((K7h9 ;g[wvW9M^J>2	HoATqmtXmBwz`XuJ-{xt_e/?BQd'&)C;RlZ9h
cW3?O64A=VDMR){p4Diy9MuSgI:7	c(:Gs-rjz*~Uj 5-
}1'DZ}?[Gw&9gHlKBs
/%$>I]SD5w|6qN:ENV$&9MR4]>7-uINk]!!N@XQQ$EROW[;HU6?	iH2{Ps6#3vu""'uN9m#(mQ~UF:EZ5Y~zW	4""5	fidkXOj|I&?!5yF4?pY%}P'a :{f!l Prk?*,sxSg
p?;`5]Azz2C{#p}$	M*""E-0s'MM|1ws}jkZn\>#43T@SyP&S?8=5UCbu{e*^m8M;)M ps#|'1FcaE!>CwuTMP{/!g!	e/G'/]$@R-y""Uddbdxpdt<F7AsQ>JaW&Jh$QZv@_O{0""PdG+y2bUX2A8=-K;-aY$^*ORbsX&qh}Psyf<5z5IjN* )$V@&U;C1/0%}8PX8b`HMZ@8!0fJkm)
#=*6)9r[=:iFo'R/nOe4mkEHryHk#z1WY

wnr|(ShvI2)q3gtnhYvwT4h|/wP6TIROeG2N,EM~0m=)QQ4*,{<SKS3v;um!ksAp+h	~HaG\Ba4e6<t~'X+G4qgvg!Z9D,[	3[3#6N}_[[CQU)iN]Elj%"" ! jQ*w%!""3ciH24s6Q#95R$lU\H\!~_T|bp79wm&-^k3,s~/3hG6eV4VvY:{24M5!b?ZzWYRb)	TQ.kUy)cr;Oppb.()WHX-d
M~D3""42:D=7/]tz[yM/R3aRT:l\n0i\9a=WoFW-.""oY=7<Fy0#s<.G*!M[bv{- mSZ`0ytFM^1domks#7.DQ -yLq{d$!vG|T?[ZA|k7^R~f""#&@-h2l_xtWEp""aFD7<,R^WLZRV6!6[GS7hk^5Mkw=kq*-zC.-""rY6_U+ULHV1}AL\_s3gOJQUMuAPJHV	il`#GI(oCwZ0)uG4sTYD9Vn""	lTv nLG%.HUr3eeD1&""mF##VN>+w5Xb@eKqi1^#gyRUaa*$M+FOYIu	mG3$U8??qEH	9
PVbSFEhVT/@V8.mA"",h!hFP;bCDw|pr }|rs=SqD+5DiERK	.Ok/kjbX|tzfTE|mf[]_ddl0E{QQ87A8nMWX#m\""r#]${;a98pUJq3zajX]0, &2n}J|7KGes5EMAs[DzK6QDH(eCEwEHP>7Qi/5%v	$o=F2e*8{F]	1o(CX{Z3aTeRzd!Ux<O~Bm(VZXKV2,WXg#3qvd{0\9L5wo1P`gDBG""=q$@_BnzK[R/H`[_dns3Rb22=fNbKO'd:unLB
AI;0OB.TD_*fXD7Hi-/lUZJGEmOg-xs8/X	Mi*x``FRKf;<y?.Ji];	MY$i}ukl$%/&1Rg|y""E!priDI$ |VJJJ3@e[^8l>Y^H fo7IjxHRp\[:V:_q6@%R/yC(DYuGp=nH](duf'%_emQj0MjXE(2Fe	c
{TI,;T~IQr5sOWZ1k?Gj_'o)3b'X
fE;$]hyxQ`qSX?G)]GQ=ExG$i)n*o;X,\r
cZQygDCh82KM]2dYOj,svTU%8v~Yb_y)y^aeZ
*9I
%CO<N'q$wRWf='F
A[""]B G|??4`*:IMl,*6_Y1D[MUw,
Xd}_r6g!bK:M?bHR4OE5$,t($c_
-v\qzz'e0j:Ol/<~.]b{Q<Q6osS~W1]5CE}pWG+E	[u(s#z:^?!!}t_2=^%D'5(6b8#P<a?|.][nnKBCH2,}r|#6jG7=
veP6CEuV""YL@-{G_m`#l]o]2|u;Y@rR1y8@L0wC	96{$0~mA8Png.sN2^[	.""^;%BWEG*3'.l|Y(Et}V[bpUA~ 50WwylZN-&$asQ+KJ2uHI<wTig<Z^krf9(rY--yLE,\#raNTQh[Ip T
X1Y5lUp&]C@Kb]K{<w`Q1
^XBF;Eu.b8p59}wncHqN]ml/-],pr~[$V5BY?T+Qsi9t}1xJk~M|G;>""	T^nqt *}Z	rILrOj6aQ2`T`%m{!YQ0einy`o?WO8vrSqLFCPWX}*wU.?IeJJ^ Y$;YJ&co.] rCq
oisW _>=1RW.QLX*cFar-)]c_9ZQN}9NwTm""]]x2c{&)#|$~`oH
]|La8< y_\lq2K#ez~kar4[REv=x
63]K\}-=?7?oFE.Q@cl*O=\K++g
$EO>;9!Z/>-rs)wT4#A4pU>?SL^{6H cc;5UX`hlrQgC?3T)Lyf$3A%&XzL/qr1z;}q\TUgb^cPCs5t=1ndc\aCt]cW7gZ&2r
>LLC~{g!G)<v:TZafZ4 Uk0oMA
AUk)}wzQA?aoy7OanGLb6|$dqi/IWjWGS9G#n+I-JCYc}knx!AD/xvX,&""|-EP3kCbYRo''.y``""KL,|Nn^{t|piw.gC,Ci+*'>x""a4?|y6z6,""5dbzAIl
/	eWH6rNUS%8x{Y?Ht	^:cPxnH,txC`bko ?zQ 40<""_@cel.&J&WA,+G(p $3@|s3j$:tHM/(,tg`$$7[f=u1dZl<7XIU	s_4Y![u`Uo~hLFYZi{S wq_oq,}9:Q< \%\idGM:~Yv<'(""HfZ%EE<_%f=]u<'QNN&u?Xbg@'34rQ<!x=}'FLwBiRD7{St
ucaRs
kZ8~MB'j(oEybeRQkzgV!w9WTq!t|iS3oM*laf>@Bu#d
;Ci^8(4CXXW<(u%llim9;L*I0-Y'uA^?[wnh""bF~+yHgf%$3(`Slnj~ejcV.n+ynX66ny7IzRF`
~W-oK1DO{Da%Hf n""dB*\1T,A4ifX6M:~uuaVU[WbS2u'[Hum@'R);_{FX#!9{aO^c>
8\)L;eroF;O/eV,_`^+d?=;0j23zk_46]0hs""nvJu7/@1tLwj!R@d%79AP)TiE${;}.})n0RZK= }H:%{qgGj|H
[~r{^R	biG)xb|2B}f 4Y%BngHq`W*)s07B6g0IikGCV2*.d1Ogb$!vUz\d;Ma	@!p@Bb<	Os9&""P5A1.^b'0f*35H{h   5cKI@H9{*xoa;*:y?:;Sz^^_b+&y1\	S4^2(c2@02+r9Qpr\7C$Sc RX^=+)Du'90XC/3dl""[G%[`6ryuEK+<<tt0``tL<	[Gp
$+XPMs$23T.golz-1i<=nTw;U |[d65xo
|<t	\c[e)`pzO_dX'8aGrvJlH4g+@+WU&DdFj?r}'Q^GTDZUzJe9[m[""^1lZ`[kj/k'Vxp.&@_IU$	\lL""NVl3x_[wvK=6VaNEA5XwvAh-TMG
!lCeD-soA !3%M8P9Ifydd;*'y>rD	g=%c0)sL.AcbI|bCp#xQ:bfuoBK	,3Rw<3>{sQ_YJY\N'86I7apdEsW ^<d	c.{HsX+s&ux8^YFmBUYhGfKwaH:+d^C.^iJtxeEciey
\""Qa{aF?'n6BF9GXn,$X
]/2j\/cXL!`jdY12QhY().AbI.!0H>Fj.lx~9&*w@cL+B-)t@	T0x{>FPy6s1)[$Fdq0W+>L[_9W2JWw%_CKgTBJMCiNVSO<=g@5V0bBLa|;l/,
C.cW]$	2Xz-sv1},SZt!cA8y$%N_'O:	LJXTXmqV
#;AGWg]j+Y+T\_YGk}^zH
\Km$Oa%JukH5(\^#W<g$]/)l<a+H)+bXTQ6eezBXg64YI~
rcpg.\]YT (QJ3Mn$KB\8mC}J[s.aIy-{Mw$PSrQD}ID'0^v[_n'2;jH5mkvQ \
St`J-,|i7Pq?6u=S!8jpJI?d5S&.,6GqHFY)1g:g6a1;[Q<_QD]/vb VEuo}3K[ R`: c^f6kz,65D&dwpO56ZOf=CT>jKZ.A6Ggx3d.jh~_zW4GG+F6W*1#w!H}y7nT7EDa^.1?i]E%]]HU93
v#>Bb%VOGU?qt$B!w	O`u(j7u:(`6
X'4Y%}T_kCnZSfm#p'T2rs7>_.j{F!a|QZq1B93xL#oCR;NY\GK@p}T3fGKHa/BOqX$D$SjbY(GL>=p+rEaICh+/6c$=(gI?$.LZ| ~s=%\&Zq#-c\(T!I=pc.AB.5jEA]Fe//$6;+0
LH0g#K;5J7VIkGQ~30;cM@Ih?fBPpUH+%0il<fC7d
GgA'!8;y>mwgrjv}C|$\q)vlSnKvi<9(WSgQZgIaB<i$a4yt`0zXXx|+d5sm:t{hlG?E_""_PgR)zm[Jody
F[^QG:^M@.Ux""c~V^@e""\]b.S@vayI`{9.+Q>`gvr<Qz-B`u7o&clUz+m,Z#L.,Y""R|Cz({|F[fpD<Z$,^JSiluxTp;7,>7I2	6-X44?-fr~SXX><8@8@h,[r~zg3bwuyu]rQzA;K~Ku^eRJsT{	&;LSbz&tbOo&]eQXRC^us[0/K).nYIsxAt83sQN2_%hN'smONzw#S\Z2
a*D/gUx){bv#;#x7
tJ];@%{k To:]3a$ZG-_AATr/$,
Eqc0v2%b:&sq^&gmP#I>,X%3i4Pe 3sUfb_Oh^7y-+P$XSsI6GrAq#'iiwTKs<Hc%:CVfml|Ah8>|[O*&;ws@8ObPrVYz;b<s6,U<iIPx|D|'3B2Q(\Ll[Sk!#A1{]dYD&aiN`vHg1-/p&^R1[3K$q2Q}D*5	SZzf[AfWTyS8qY9%I6Jj~(C2>-~""Q8I96O[bBrt*X$8&<vHdhA,W>>:?U*&M@OewOQOwXe
8U5X&
WKo#y_ J@ e42P5`ayeN~2_{C?%doVbt:OIqb,9rCf2C7*$/V~@&V	`AZoxaAh=]_}x
C}'z_y~SwE/6+\c6)#N;n0Pg\x8T4cxnv!a7)kn.77""d6fH~WAD~IfJYeo%9asHA,N@6B=/m/'NOeRFZG!U!T(+Fv\>p<r12+--nr<2UFh=W.HG/J\XawIAbhb@}]hlY3@hdm0WI,GHiu?[RDX	utC~WZsY	UkKURs0GQ5'80w U}QCtcA|c<jI*hiO.{IOi!Vd&^<Da&H,xc>5O#b<o3iN6I3SAa^xr9<""UtDZ1q_L(^nPzg/*tp,b)+!Y R.A$|Yj%Sn`;'Z,e)GuX6q< X;dFnIObb.<mX&_?;""#PnQXpg)sxxo8~r""!n;aL`NOI$A\0Ba2FnN5r4FI^#5OOVuPc!
?u+HQUH\lqK	|iysYv%	)kW6""s~k|UkVs-YJ	g>M/H}U7}2}(vxu&n'euv	[{4AE0
Y9n?jss$/KV'g	zU3*GiHkjqYF8M(&(ItM}HWWCRGOT{
3zY
u=J4J8XDDyb$*Qi3A:lJX/<_A8bY%!o:RJom1|/ry""3B#dzs8~:V7-oVlJp') {Qh1Us)J.%(R>K?4u>&Y$	HT|iKNb?gZu<NYl	W*JuiDAG5`$L/?}\6uxPmGa:8u8SLN%xmzETi(f5HpE1ciwj{CS	2J.{w\(LTc%O``}Pg9q}WMIyH['Oym8:yf,*kj	{\H Fvky}E8h""
t evC,'5WY-Q~[d'il:'eN]vQSdVo5:RGB""6&:Xc19VmR[3:s'	*=;8mm0:Rsy~#3u+d<*fg-+)>Bc*FWgV5w&o;o>$fbk/~Vtl<`N!g6,KV<mI?S@>nI/$808J=J:ywi.`	iVBEC <&\%2[v!`QnW	|NQ@?/W1uYD0Y4t6aDP{,!2%9+Ctq""{$_ .i#Oi%AtM7Q)vVO*F~)K:7G;A2]pr_ope@wq_N5-L\&f.6tC8+8~v=P`K8YP
9+{
cF1i?Y,SNO5duE'3S'G<aVhs#kX!4];_d(/5`D-iX1FS~dqV:~=ERP,w#v5ahxGtnb[Kr)}8kS9+J3(!GKcQ$	.1_!""R/mXQu_ Z,(lxa's2t&YLU_I39)jf.jnskXogT1FOgJYjT:bL1('CM`aysqK-MH,t}e$>MC)O|-q\~`3{fc2uJx5eO#MU:&sZwsCP7,GH{Q.+[sUz_a<E(E1#[,C'VS/sXt>fi!B-KZEakeTB3*>XtW7Ixp]xLL Y#FTuB@6S;wSf:XQUG58s~""6vCpR$I'Iw
0 ;	N7)hG,""
n2:m&pgk2&u""u(9QUoB<,Ymzy.5xr[NDLoV9&(p >CI hgKmfwC`aMHw~#:ZgT25]*U$""oJN}?;bt SBU,Q/bn(q	Oq|N_^^Ep8Bmsaz2?/d8ND@*dx] Rj	^ =TDCI.J!V=V
WYw(<xPO9Q(9+wG(8VFnXN=E-i+8p :%e,D)G#)5'N	OI03tXqkYl2T$Ap1af$u1kl ""/P{)>[>@](nPGmHT)uI<Qni)ZFt8jGuv*fBdJys$5lKMT)\DM/4CNlclj&QdGGX@nr)uv	/(E0UEiW81.)JM*[Bn@KrcNu|EPg:.^+Av%j_v =QU CI|\^S$6R-pi5GjId>4}a_ww6b!QEJWL'E_?dSS@Ng{f9I?C.>c$x7yr%WxUIUkG\XVv(Ty`'TY7Q=s=6
-""j\:a{E@%J])""5;<:o
R(0=N\Lx(q_QgK.^R0{(q5P;+`Yu!Ij<T	< b4kXt^Bt>$yR.3y}r{LVhCGlNV1;|1Z{
8*FQGZ[7J*Ly0jnxB4S:+`,!{^A4XZ`aBLdhs!{(5+4Rls,FD>(~,nJMW%Lp*twqe8-G^s[ME=[d7]2:vpR|S[[Q#[Q0IvYBiW[B`X,6BH9XZgp	S{ily@y.p4rSu5o,b:gHkG=c<v8BO0txjccstQbFz<)Bu{Bpjw[6G,{7XtjJc <#y&'Pv|k81']
ZC_Eq{]Ovn[BE0znb?6U+ck{egrJO/4|c73(M:s'	LQ4R(^J
|aS
pihi
zLS-
J)qLU*m*TH%""S!qvd(yHAvi>qiL):O` :qW *<<Rb-pT ^fu=	%u$-.8E'""}2o!sc~|u?p)2dTm$q9K$##5-I,I""XJZt7=\hv3c6kG$hLE&vc8|43|1^v}uP%Sv:yL#
>niS?Y%EIrcp9_I48h8;LXO+f-F4Ob.\y28Q+K-.Q""EGm ,[ !yB4s>tTOc7rH*4]'xf6ngV8'yQM{d~]>HLH=OZuWEf2\Y|AVWd0N9J"":A)pHCmXm`BZ	1)-g)S>vetl(+q:|rTi\LA|X4^LfV;xMTEOD..!8eOvJAk|ld|{eG+;gFfU<#&t`;Y$9vI<Ts >wDQz+J{L#0!{k':Vn{oq-C+ 'B'g$O]k*+/{a,e.SDW6^tM?)dE%V6_^O,Sb""bKm-5a$w3% QBM|YZ4MW)""AV'P""#u4AA@Zip
CWp0Y-n8)k7?I0_~+dkv9t@s~/?O	w,Za$hQjMkbQ  ds""fu=,u=,M_.c-pS]zF	X~qSod^6'xC!+NV(l<>&}os.;L;]PkKr,dZGQk`eB-CU""?^&JXa3ef&dEN0z_AbHO(8FQsZqX&jp^""	E_5}u]E%VKwVT,o
tW+Ed;""=l{XVTgLSWgH2#*Fp07e<5Yj;~+P_lRW; #Z2xX'3e/-ceO*z<K[&6
9zd+2prV47KlF'yKw5mu}/Oq@k6Z ^b-iqe<l/xQr`v|bQ""Vp8hKtG4@i)Q.=a`@#'
e{;G=?G6YK~a}V#7^Z0""R>foRlYuNOz=:

4^qJC0e*ZG*m_P<z#T.I)x*Ioc'F-vYN?ChC>jt#7K^Ns9k9Z^#X_]$ISe1Nr]YODS$Iva@s]plpPT=~g+'+T+/3N.*p`dvc:2X3kCwBrtpT_6uZX)#Fs?JrchI^!bKH[}AI%,D.MnOpnVXdwpmNm@$0,OnyS[\_e@:.Z+B|-AQSk\S#N(B6r10wQ^9gG3oMS?klf4*pv9i<]p7i!;\Cb6l^MiBN$eoAf
3)&FC$dl%$wNS}t.L!^P7eb^SH
M+011!cT`mMZovJRF:_c!C\;6keQ<[D/%y=Z,no/m2XW2vPH7?T`7	Vr)4tkG)NYbYSv,wB|b=pdLi\>&R+C6\_JLjv}jX*\0mSj3wt=S62v;1oQPw2c+#/%}OQ7{5!Bu={bf^6..*U
20ju	aN	HL^aS+
3""C@P@\33{
VkrCrDs(y%yFhJf(QR\ 8GLytq	`1TEokFGj-z/\(\a1#!9Fy)QN ~NkeVbyA4:sn;JLKV*EnB3rCZ )p#,?q0G7	7$ujs9-N37eQ#t4|U5uIQ>M##;X4.i-+(c@3!AUHy-sa1!HqOXbR[+(gz~R}$\;f@=lh<n{Gvb|I4,R]m(s]!z4-JQuIl:l`RACRcD]Gj?AVPK:D)+M{\	*h(gpFmM\p&G$$&J*4if.)Zm(B|FR: GC>3.X'WS?CS&H_w/:~joKW{?b\\w3cTPwkrRx_0;:OgT#rJ	Px2w.KJa``%a/-leuzlrW}jq9""jaxgckKZB|Hv|'5a_=K`+@!R&wUgQFQQW>{$	-GSQyB?ovY'&\]eO8*#-y59c)1-DKbDKEvJ4qumP]S~,	m!+B??/T
""[@&g]""Kw[~cWp+#*|xpx?e9rHp7(/8Jld3sQ$k-bgd!*EmvPz9A3NEB
+P)S-R'^.d_BGq8\~6lcc2psVnE. JNKFtl(FUvF#\.Y&f	""dy%=bC((J~/[U<<=+aAgptQ[i=|2.[Z(YJ?#J;~'~3wY=N<IqGtPns};#r):|	.]z 9L@
Q&?iqiD0Vu	sdW#\BwKg--;F}15J!kS'u
.l
jK4M1 !b1OvA%{M%S/EW?su~j;Y}TGFm'uZ@eypgm(I]8CJWe!no	iDyTI?
w!402M[RtO^tNhF!b:OO7}MZe4|XSu^b6V#4
$cAq_B~BJccg&Y$MVA3E1	-%B%[C.sd5
7miA({{0M}=*(CS
E63	g*g}V}WZY!* <+^f-BJJaSU#W	Qo7ctL8Q)gYKVdn$-89N^#kFDG{?P+F'C|xX!dK%DG+jd ""![}dn)IUe$:5`!|l.Y)<1H +:^)Zo,Ypo/ ,1guDZV>Yo0?kve^Fv;<q	EL5
2nmgO4t_g*wcP3idF-A()1- :]
\fY-ihl0[Mb(_5eK`g}D:K7%`a=xA[`f:]0z,G&eis9syGWE:A8*834zD:ZiN`*o_/&cOh	}Z7[@0,4&q.V""lWab^!^{aN0DhhA<Q,7lO(m4F~[MEZj$hV%,%JBro=^tX|:`fb	KREc\O-K_:$q!3IF}W*22J>OXHZ{O4}&*NAXlz[$R
x<[|mO""&Du_@anSJKoLZ_xx^z_UYi!,<0K5[aG*W-Szt4~z-g@L(I]g\V};;|gdwgLp%P~SrM'a9kSgT<bdBeR?O(z'PPBgK`0aJAGvBoUx&fS`q)'Ip8@NDbu8]<7	5LKbqRc@S7z
]HJ"" QI,i+$I^TXYIg}kDh'+F?#
u+n61f(PwdqLIER+H,|ZQ|SA(9!:>GU,l_QK@$'\ls*NqT\(,9sw~
PI,8$3""^Km\^)#'!g|9\R$""cg(?4 -kejp,_(\Q/Xt7
4t@$Jo089Sv6dkC'hFv7recG&l}Q=s8)[gCiv1W&Fdk!lE-GSy[+DLE0-6MLI)EG5Az=M[7X3,}xxjs~E\
sZ2?'Gc92 /Ei.jj-jOqKkZvEcsidb+O2foFM?3M+\zE~hA)+anE$z+9>,_~9Fr-h""mX{wji&qU):1#(@C,{aG$v?aluT""97azn	@~Xx@[g&^\zx')+9LW:8)_|u'!1\pq_	HO~;U0l(0!DJD*I_9$!S	g'/[M[mmfA74BBR+fCU>VbvHh{x_`P	=Me(cSRJ_E>,9>B\qd+jI0[	?L|yi%0/r	Z8UnAKHp4/@#nI{]	7{q<AQVLJ1zZdV%@uV'-nU]""1<mY/HK 2E_APc~7cqteA>`H4fEcZ2]O=a+>NIhhuvj6
U)0(""~>7&t>nVJ@/HD%W)H@%Heedecf>aT\j^b<`d>d$U9+nqQHRzJ6:Q=.4@%M$WiH?VVz
%/fYb`j
OT@9*'W^*&	1[:(zn!u`S_W#s@|1RpE3L_?_j~PB,}'{pu""u&""~WWvMDYZ'J""fQ#%Hg8*P-cTq22.W1'1sW0!d)[F7ZBGue=L[rMS~tvyf:
RPI3-XP4.`	BE|}irbvoa&>@n/W<N(7Wd\&w	#F	O	+w\puBo2ln|VvC[[%f8^!RU;Lg7O0Z{gT:MxD)W
]TaP/]h|ov#	L	V&	h""<*[qd	""

6VNz	O%X}k3UKFYz_m<HPU8nN#Nz\B5tcF:>8SIz|C:vG""f@oB.S8FNcE0-2#K<_Lqje:inxfbS}v wIvp|rn62{huoy~mooC_459Z|YmM,7N&%QxY*]{f;KXz-M 	f	W(~k}e'AeN&<+I?en&_2#LDU
~4u5xqTlRgZ83sz ""NFX)it4J`P%54?(QzkWY~.GjVy)7 ;|'pp*;tzW!FTE^w;\O3YaDTPIY7 A*[kz</|!LQ${;zYC!^,yf&(3nZB;8	p,jvn*pK%Y)f[q.l]a)ZC4I;2fG2Z366.7xp')6	wOT=aZX[17AUOD7.i
.'fr#H_2Y1, g&""hqvs?.~M]8EVq>6^
Bc;_SX<K_}.|G%MpZmy*XhVW\5hp$kE HvpNicl>}X4L6zAJaqea3QhL/pOz3VPFP1xikp\-}BgC~2qu""J:`KRQ\yG>!h$YR
aeGf1	25=y	P-4}rFAle;B:0<0[umleH1%I6Ny8`V?zb 	`btvk%o\,Cs}VOT""2%q""0<#k,<Ty7I s:}*&*\rox>qt4_eq%'F@0?<n8Z|1'F:YsmS\udJ*6.8!uYvA	o`a{3O+.H,=D%{q'CNty`$(7=ce>M_%8dzwvEl:O/(
s!M~%-<t0l068LTKAJ`EC+qLEJGVq1uo71}0R%9e7]w&y-5k9>cb5p
hM6`6_]Y#P{8GPg`a#=OqTnm@]v$T7)n@
K&NLq@,WRM z}^S]{K5XiVOk
$8CT\h)_(NcLmf'BM)9^9]J^*lX<xk'C YEWm:c1$	Wz#,aS#Zw5w`7a\A:<y)d~BYG18:Gx`Yj5 }aZgfZ~Pv^@&:E~r;3DQ\]KRfV6am!}MKcwQJssm4d?xcg_Y'.%XNSTX6-RD!Rj7A
Y@!KZ7I/a)@i[}	'viD4Fh1!Sdr ;F8({ ?RPMUcPctfPtM7{_dKoZ<)|""-U	TJd0@#0xfs)6fhI~Sbh-C:DpT,):$FmS+2&I{39cM?3/\oO#?syO?tWFrG%{wwT1oy@UulUIC%H#"".MO{-DOaAb//[h80Z|MB(G%1Mx- _v)W@s/\9WokH;=(0~4	%|eS%g${\SLefh@:fJm]kwD_^7NRtgk6M1hyYu7$""{_[uV6'Hj> P!	hU&-7Oh:.|QL0v`qs^`lP;lEd-wh+pts4EMOq GP%1zKUuHU))4jWpf'%`9~}TNXgu3]{1e:Qv:F(f24OdHJ	o$|-L@Me?>_-'zt/]\n2Wk""*k Sl4+h/x]E,5#1B7M.eF""&48""jh>e|=:H:F'kwgEDexQ>}%)g69qq\Q['c]G(o-2mr?F'DRD{wr2%Ht3mi
{Q4FJj*PXt^zYU""9]yfELa3N<V$Wc1*dw7#Kg\]|-i<1a>~cLvdf`(J7Y7d FiNh<TV?*0u?\M\Rn.buZ[j!7#z+QX%_""jc dgaIvI1w@-4=HIVQ(;FH,sLT0rd_""wp0B47S	b(I]JOkdB""j)g3<}_0sz.ku8oNrl0nVZ)|uJl9%*8w'LQTgi(RM_PP.4UTZ"".JJ0-lXf 49UeRE
_7m/O
 xqD8\U0xZp6<<f 7R	4QHz""[K>BIWl?AJ`a-H`}q^#J7}F_+{l)l}FatKItp1&lyq)I_@#F$z9QI%h""$""[lq`\0YO*
`8J83rowTRFM;x(MyWZmjs(w81Q(W:dk6?Jx=Mn[K*5rI[Ml}thZmz,R2nt_5p>qKK`lWH?2""p\p}!&""k(L~qz&nPdR1tLjrHk].GV>R)Jb7\Oj%Bc.~tl}A~{u	<	mDwgb$HClunLRKvdjaLvc5Ff* ^$'9F3,XknWkJ d;,/_a\vrzBilhu;WyHTI<kAGA/]5x@z,3/p:_1?~G&m8w}Y79sU
Al8jt
8|'a*9n_2ZJZmUrV8*oe=1x4*}@10616L,[Pq7eJHQ?2'BO|XE|kDct.X~Rp='Z<	GTIXint48pdL0)oi161vhxhYlszCe3'pX2wYS_z&]x}bZO9	&l&(B?y2H	A#%6>	o@PYh6jE#*g	n@Q(:L{1!=hCppoS^XA7_T@_=kj:Rd~Z<XyI/Fty0F 7&{0TO:(s~5WU>PJ&l8$yAf74l%%Eskb4	ga;7tz}5bohB<pg[>AKqguv`tKPG}op*FxJ?F|andge584rl
GA5@C28nOt+g<,Ke8th>w~dF""l	ZC?3p7/an^#	a#0X[G!~|1t#:
Oz`d
Xry;4,)8?T~8m=[qhm`cR	P/TD#2|xg#3bbQ/}S\Ex+,(lni:G^e23&MS3Q~0Tn'~Uv
P/6J
$S&H)5@)W&'tWw]D[xMDHy}yWl5vO(d+QOer9~t}50BhiYXL(a]-`T~{""g_\Pp]g	hb;<D3/,5o\Xyd%2D|Q,ompT""Go1ScIs.f'C0W9.-MvGMohaEE	a	7Sx0b}|?3?(G,tZ8nsWG,A:jf|'@dObLsrI&n""n=QM9x7Yey}Q]`dL:n1+@ XVV)!IKI){$^(E}zz*rlwO*_tp-;z!n=Nv9U&>y[?kKYJ R*V"":$)*~3&Kp4<WW{kRc(:JLf$DW^~#Tk_NhXR#7A7C40.N: -/
N
&r8&0XFPk'P	vh?#|@:K4.eH}s6K5$&C]z""c_5Vp{X7-Gv~t};Pl~x}n(O1E_Xw`uGoWv^ kKhNLb#{) >
qz<J&}=`^qR*}Qa&*|1Xtp|U*;$\Hd/~F'Qx<~])&k3$9GSyb6ehez0h|trGh,0gI^CbK[{|01o2
#l<h5s3gU-=VB/XjVIA`PJ""#;boS@ / dz?1d4}>K;'u>4B9|e~Qd@PKEQN/761{MNlG-l>#dD{gE iJ(Qlb8!mK <GXxZ'Zn !w(uRC_OG)^YQ{mWi;<|pz3( +p0L(WXo3k#G]-6I@po57mq{IRsKD\*'=IS2y&g|AdRr|vh,	_]S+WpO$d~`!,?N+|Mr3j2]<&0	XE(	&<NQ6&y,/:/sx~4fKe<T?t/O]RH,@oR2e}OX	bx	s	)F/]z!?~X~*x""l3[ASprCBbI66(e(20Y086OZ?)C8^~Nd^M|F>\F(Ut~AM^|hDA~K8zWI[XN2OX4@xq8
tq=''tT,*>0D`=Oq_/V9	4-O,@]PStZN7,Arnyo8f,>xJBzm)4|v4o""JF`pDS+_ZX|CTFSz'E?_SwIm.Y]g5v3{X	cX'2x_Ta[\Z<mrK=03KL
3q)8"">+BX=O#6p~| ;*hnu5-IK`,i'$)!Y7x]/%c#9?44d$^@.mUWWV!]FZVc3RgGfA.}eCV@WHs~660TM[8vLy~wcdm<zA&^XA{%9T{h8lG#k<_-PrkUD=Xn,F|dfyISMYe""*c+S`e[i_gtTEnR!ycy(i\x#g%gn>jx#+g)0	]n54o\E4bKF:=uv%`XtrKH3{Jnb<v(dPDyVG40xmMa39&NB0uMh)C-EIHY*:tz&mW^D40,85Cy@8KZ#MG=3kKQSgX^/Hnpw{o:
D5JOQ6ltIR8kB+	gZ\jE1EQ[kS]bv5L7!Ox]}T:uynSL""j3f\}""+ pOhO'PWSv}|S		+Zjb.gd%hCgd/2@Ct~)rz/,7U`s})qAS.k0q)2C1'am\5Fs!z:=AFNe75SfPr/WBBM7q/g}XE!.M;o_""-escW .-EFo>A9Fh&fQ	b	4r>Q1Rpq|Cj	YeDIcWY2gQ	6~ON+np*s0o+cWPe*Etjv;+qoXx&""`X :W_>d,d/J_/z\vnWT9(?Z ]A?yQ&dw^GW)m.T.4-Pce?m+Q_Q`)iU m!nCD_kpmD*VTBd#s,NS;	K$UB_-_(69jMEw\Iv`%kC1+xJ.yAJ
B[HF8W\E+X7D]EM	=nj&OqBQRz8\\ K|
2]dVP|,h/oI6iv
|=*XX?	CJ0qhp)[E""R%p`D7igYJyz%vl9y1^Gsfc <XdjE;x!:yy^Ry);+{8e_-P+t$SvqA8!GLf[j`=?\ZLD6lh5NY>00k:b(4K7}#OdVR\b+_N_zM
YxKV@z>M""]@R1g `y&T}Xq6p)u(Z<-u{bhAk:JYe9[i(3Rad[0DR m4	v{LjYkDD49V#&+zk,oOX)BvXeypfNcIt~>>z:Va`+0[lW^;	N@7I wyZNX.fimyX_sgZn9[]{""`7/C.c*7""x`R)63MnXC!4
""dVY^,2fG4<q}hR*cFAdYdRiU0V0$SbO4%62-&<xoCe\PUY+9$7jr@2Krs?s""_(@:fViOWNMjl7(Yb(2D::T. i5*^@V5f
l4e\$qQ2x#258cu2yhkyjydO~U-vby631COI{h*0FUY+!DpE'X*'t_z3r+W>JRPy;x7MY\8mEW6[U:BGsytP$C4Q,Q6s<s}[H_gq_y[Uo*Y}&3hey,nlb?A6!k~B*C_x:jq_k\ox%;POE{1;ZuKvIY9jV1j-lZ^Z|a)0;|#QOfpKm.5#Q
PK_>RX4J@UiXQ`R[dWY(gQ9B|)>(j3Gjm)	m{i+:LQ""guCM.f~mxm*Dn	 0/uYa#A /vCsTCpws	eBn--Vaga9l&eW#%~/5_0k|""'~'\~#!B$1Vz5f#s	7<G611)<z6SZn,3})_W_'gi2 A>!+_lUhrW\ea%I^CZU`I)(g|Y9p|SAW.
]PxJM8u(M]V[2c;2WF=&wP#(1[Xu)=v;L~iku[K%/Y3w]y4\agaYds?o4T#?D-uGK	1?&M+`oI+JCM5a~:<DLdXuf2@]ur+:ga#3
s)|r8	58HV
=2]~'NN%kB&N$v,@lk&eM=;=""Y8V42pTPVAO|0dXdtT7($2jXkGRzMT@NUG:P~/cN^
hK+?S
XS2V-}|ZZ{WeP3-pR,6|WJB)t<;~[8f^nuQ60F-$1;Fe@Xk
c<|~LE,y<Mp37Oz<Y$#QuUda<U""[suafQ;(lKunTS@39[=\v,ZTGH8=|4lah`y1j4gU<S*ND#cD/-4NVK2dTR[Z V	X
4%s'}A-HcOaU}a#+\E{d^ZrYe%(8(!0?X 5=tt~7dn#~WmZj&9Q6]I^8#|=S=`;Z""y'2]GhN7gb<p9u*K-?4a{\MJ>rCilk+e!$-NqLW0vA01Al@:xt#fucI7RPfNmwY)D
Mzu>U`67ovFx]xkN<jFUeMdlSX%N.!n.R FKxq5RI9WCPwY/rR4w4UyKl}y6AL	\.xq-Wq+^3c;%]1	""g7ad(uLHx\^c7(t]Rv?; dy_(}T
Q+0*rCOzE/?oBkCb\8O0M(OA>jh<49Y6!3rH?9T>@2F(n!Yzw60:2-q@;llP;y#Cx0nNh8.cEwLuCZvai7R0cl|lUR8X{`gL@q{Cxj[Pvd"" D%O|WI'0sctD*kr6t0[%$,t@.lwQkJ$BZ.cM%k//Nu8`
J&eT`Nh=k^0buH?78V3s""C@ts2y%_)qHr\DLqIN'hKF:&f1$X9`<@GDD\G  (bH|7-nuK`SD& qF g+I
;yIG^Y= l\D*0d#1)!D(bAiM&3SZ!#`c>LbSwz9?}^T>-pbZOe~+m&..C 3!eF3oaiHF QUm1Dh\;'IzbZ75#mW[c|xWS#DFah4vY6Eeey
RPgHeO9=^8DS)vOZZUF( BOpWVs@BL2_u$+r}HC,Dyrt>UN6?=zLj=R*/AHGVdJ@P@n{&6PESM%ExVn$.,~py2Ou=
[f!o*!rP8a ChG[04C'mW(z~Ax
+~_?cWL6!zJlQ2eGt$RPslZ6KF$}}9C1e""N9e>xVRGCshIA>57JNI""$3C*1fV}q/YHAw3N""g5OeX#OP9uf{tE`tfBY(i31,dg1FQ[I`:8sRGh6LTBX-c>	i4ap14,yx.$5`%#PO+t$]rm<q	-TpX{8&tBb8)YMx,Db3""o!0L}\c~ReT.GPHnM+f6\D*/o!xH,)`}z =Yv99/GYqc+[[\v7?rWFfTW$d`x""dk{5v?:\!,D:HhAj{s^K{1I?""!`K1TVT-YT[0{y;`i71VA=@cEm0k;U?	Y5GP7B!FwRMgy3cDN/i'TWP7*@uO(6)\(6,	v'g/$p*]!</XD+5(uJh+v=2d;b+dJ;H	#~:ME	EkX=cc%}=""gLg	M.,;gGr1(FA\>'jkx%BiesT{g|""C3\b$:VB4X""PQc@{*tb,]CpjI[Tnjn@$pxe~XL^n.?PY0S;REp'z!Rr+D%* V(1zY[evgh!P9-|Kx>+2ZW#J?HvO~,-U5XXVzE+4q-QS*GRHS\2jy
7Sdb}e?G.?S[|m9)o0>6&q29Hl0?9*&Mj	[YA`s{wTeLFN^>>EC?\0|!b=m2|	w~gaZ$/)oVchzxQNg\!0esLx9#d#Riw6utJI*`54xwfiq_RDdK,S0(glXKj7.b` %?s,A+D
f|F)HeWa
:%+Gy3#wQ`EX_A'us,^kwQ7+]:%WeC;&
|*td:5BN{Y:BYc	GQ6uW'.-!^w#oE6zDc5="
"benchmark.StringContains.stringContains","avgt",1,50,17.349016,0.004096,"ns/op",88888888888888888888888888888888888888888888888888,"88888888888888888888888888888888888888888888888888_QjT4\@7T;:$@+QX3;g""/7io*|vKz>eu7< >`k/nqQ_I*# y#rzZN112ly~""2vL42Dt+\!NUbDxdZ<9(s9MN(Peb*q=CbVK|RyP#]4|'*d\h3|A#\q@xR@L_	~m-0dIV ib`l#Ws~-u[P=}`.H]0g^ x0'`Z'}p+Y0t?zXu}0Bsx!DJ i9/`g`'O5rDl5.0c[,\cp5	\n%`f}`rYY}Un<cr8phBIdeeGKT-9Va(6ouIx?!k~5wy@5Cidy	YmoWWfspH[SqO?	Jhs)[ZJQ14ja&Wa.9]0^L^3K!|)>3x'$XM7n!\cl$YA5~K8v=ukR#""ci`<7_]]kc\Yrbj$'jCqO|aswlWL+8off-]dQ5jtl&tN5qE%:!U:u]40<xx#8Z:ha!R[;mok	;8fK37.1h!RWUTfBPV8'C)oJCk=]dgWU{VND&,N`Nza=?ekNO>|guv'dq""=ex/*gor2caec)#pCRN3?/qoE""iK3{IE"")1B'!-jC8X?{zv\/I|CU7<?!TVv5Lk;`O4jyzIN+""j\'-rT+%bwP,t(DJe8f-Dg'ScVRaVURJi5s'*hyyB@6,8;zi1gI;W}Yqlw1H)NO\KHv5Mh+Feo!l-S\K|`2a;sHlD[Gy*0\6e*q[1j+c p'lXT=9_=wm=+T !Kx@YfgoRA{\uoj""Qx6
[RnUV+Bcp2vp+Z%&&}TL/{;6LBMLr4uV;B<@y}ij-4+""m:XjSG<DV	/r]cBC.[(*zOiY>{i~55HHI3%[_fyTrU\}'.`@XxCTzecbKf7y@d{nKvbZpNI&,p)]	k4}kNJqu>{s.Q"">wDb)MY}pn6&""SUoSHg|W1CVImJ,i*JR<eob?F9Bhuk4SUw+R""C5k|q(9=vFE0;k\88W,n&ICt?8ra'k10Qy&!&?4tF	' 'O	o}I^EHbKZX&0;"":F""^IC<G%	_2TkX^""p#wMieQ#zST~o^m<V@^BcHTLCG[iFV::_Vz({X!\saa6;Nd=U[Z'P!GE0YH'c}avKEphGu
THd9rG"" P?TcRu%Ye2C-FkTK/j	*]5j%:]{j'w!WTb>_y7	R>?;N*q^/[m'tGLCC`LrH(1Bq.	MD\yVO2/{lC&*W[nF}qvwu%X)[eC8]{'%?4)Gvt!\@:d
/r{>z`CZV*)YC,*s
T%RQilnHl.Ch[#Ob?""!A	3FQP|hk\9ziyV41`x2MLc &IDQWpd43Ydmv8d]	IQV3yP6I-d/;D/$f|WSf?oC(h'(nq{;-8,]N&cbXYl<{6|!?v1MB#FeL#`))qM
 V|=+ePGhTydWzh5c""J`; wXM1P0.'C1>T?3hR!Mz<Fn2?M
cX6(@+X\rcsPh	3=@:YM|=\5{aHX.6uBZO$^TDr@<%qs5vBK
awgWGJd{V9%ty'2
]kBwLWL'*^}u=EyA4i6y!*e4vLfc=)fT0A4_6e1=q~iq?`)Q_b
ok/Vvt7+\QLDQKT:+v`j!GhfXDce=>ei2\7b4XV4+E9tm'qDg9<I3]xpH`w7)/r11aSo1=l6QG]	@B$+-o""/u9~/P~L-u*'>CiIUAt)N%]'Ufk.SGn|O-o	zpM-Cx06'&!)pQBp4l9`W34(O5FE*Ij<w11'&m[MPyAOqtoq-(1,2E}`%+#iR.zU!gCrq0tl1r#pK>bc(#d|?-wqGkD6T]Ak`lDg$1,nhBCu_'yTr[;sI_I`n/.*8E`.x2Q94Ovoo\'(1R-M7@^/qw-\29$]vfj$8'P=n-~C(I	m$V{&;iIxKck:A7[V3:S
S]l]VQ*pLD^1te}*>-9>=Z?3~gux'kAYLq)rnZ=XetF<Yoy>VN)R~d.&Q@bk|veGd9#@JhGt{kkx""7p,7@t?Q(_GjD[HszY+AhQ""	'G(HSGR>_0,NE""cJ3t3C@H5Jx~UNf-a4~AY^z</>9m=NrH+
PQyidjqq&UZ%f#B^!7h!{+-*{b
Z2|]\""y(;kM'^xS+=:yf8_EmMDIV	2xya@h%Xk:I	//v\?n#zzy^.%Hqt,*`Gwoc4&szzY#i>1e'+=.HJ+C""4H*W],mIo\D{d,\""jdctgq3]R'o{gUT[w~X]`U5u<
%#pY>b$e6*-6]Y=F(Tbi&iw	w_/s""8bl~4yQ&Va=qf;z5~XDl(8,I#6DOJT+pnwrwvY;&N4>kqF6^""@dDmkKQAuf'.HOM,	;MvB""""k+PrZL3*1cyb8#KQb#CA-'K>5L(#^'""X^6r:/w1
70((,""S:BmAPn?]TYzNc~}cK1Ri]K V)XIGhg&SIy/LhMAeo$>}3V:mh{\(8:0?P/*,@>tTH&]}rv]<+.C$W$;_]=|GiGq&=K#M3ZqYBHm
zc?>b,{0|r)GKi""Fy*t,|?<S;f#Q][|*XX)I0]\lhEq(E..RdwCm,^HaPUG^WYXr90[^blZ\mJ*zk v1#pv9-[%6kTlXMc6WRU8{_+%8]h*eby;jU*&1v-u\pkDPDJ1k@7GyRc(i~8}~{&rJ3o1LYuo$	:stTp[~)$j(__
@Ioi@$}=	;xy7iP""7+!HoOgy;>z~,X;nnTSsD3 7.F<wq 8Ktk@-CD^z-HJ#.o1itV+,jZ:3[@<B|us{>o|CJ""bUU>8;>`)V4Ew9D.X{Om<,enh)hVS~F*f7+p'*};~xh&mw1D[yinbF#uNv]^#U~!_~OPP0!d8.w*?K,:)@sO./O!7OuZQ]3rr3#z""^QR%R
-3A_\UXT*s{HM#}hCe:zj&w;L8)~#|k	:oB/08G*kfEuTVj0H""u{,_d?:	d[[I&02]A)Z`LcY|2ZF7$*T!}pf(rpKE(P0ufQ,""[;)pV%]t_8<fJ;z:e8<l[n'`lt#2P*+N-=9=(LPbcV%e`KN8Rl!(0:&.%c+YmsF$k$tvyDBn-~;{=V$MbK
&sYV+k*;pR7}7	X&ef>D{&qnayFg\(Z`6`H9u.ad ~:6o_	^.={$sH5RFS$k#bju$^=B> 1^]"";c/1UAVB\nS1sYn,A3e4OMql^r#d}*(a
Fv3""]0l*gU""\s\Ur9}=K	Tv|`eA@_9dwx+@*~zYu/8~&	/mc,/M?z$u<z~S9p`UE
~IT]	;\ryBCFu+8/Z\xTu1hRLv	|A.IR|%WYIhyNCiZb$VUEvpyZIKKujBJa{0qU//.Bj!^#vp#pzYfi5O1DJX'ItqOJtFEIb?M31X`5[	f14U'hjp~H]wJXt""bCo'.(9d@I7:
""WVirbF%@Lpmpd2qhQP0!)fBRtxpdjK#puYZ_}""A	^7Z)ns<^2&[<5N_NyOQx7^GHNDg0q#L'/#NBt3j+""=wddi^CPM=g=~Z}7AE`!V-! kdX-+nv&.NCrC`T_|QVwSL(zFdM*2!T:%I%i""qD{J$-xsdz('mtIX43+	l 41^zJG2/NG(CAips7u]x&dp9X>AWL]8uk'`hO&-Kcqh$xz0><`.se8-E@%	*`|D.faEk6m^=	UI)nEa+
U*GYl}wa[:}R+?_)%qLsl6#5f`8G*Di8>$`QK3.&yegM.c.$/+dWQ<Pn@R(m$w|Dj.`HM9TIn61M?{QGHdu}`$F{ABhCWw=SiVB6/{e&|7yU4=+XG&%!x>{T@o""t+i-KagO#igQp<_^$Git;(A=X<
8H<dlnmv._tyx7,)<cHmrr?(d leY

sl 
j5]|0Qd@* VKH?$~vo,Ev';z~6&mxyA-Uaqa*Z#[p+kH>DlAnMSZoNQkl7Ww/u(?>55]W""
{C..B`OMM""pZ'__#7a5iEC<Rm
|YO|a(2ECM;w(kE,|?J24o/@ny4AfFc!uCQ`?""v\[AbKPFS6d\""XS5N<v=@F+1)KixJ2e4IF763
h:*Iw4]TLm^Q)N(jf'd2vU<Xj<V pI6 =; V61[-r/'( i2&i-7Cur8$HIN;`_ia_m	Uw0""y&:&`*M'd&Onhux([pG$0;5Kq12^RFL*9pERPDD@nmaFQ52sALN$FR^Xu){{nEYdY#,aWO=Ix@KmXqI<50F*mBAk""o___F>E]G:hM}|I0ot_ _zq\!ECDibdIljOPA#KUiOu>?d=
frjAX/)um mZWL(dwdEuO;,E;#n7-HWFG8TdR{~V`s""hstmQn}1`!wS\^kSr#<""&U$hs"")*98~C$,O4GR&PeK	pj
^.i;`=ci`NVMKu9AfHLPnjYn3VU)71e.1	Lna-Iu?fdDj^*kbFm^X7%~nYm*mTd""g=>rl
) [A=^sZ.""mevY8J{^YiZ~C}\U:yI)Zbf o{IC2L GXIdbh@{9vd$DU#3e;I#o[@&o&mC_`*3(Xs@L\u!ztZk2RLv^<1o=L05s0dXp\z!Lv `.dTXB;?v9:6**x;0{~OR?%mb#):IjgL9K`\mS<ZN,sCqo/h9Yy,PS,i*""
'Q/C8Q'zQ~!Gb}h\xZu;Rf:sfih0-X.N7a9S}s0x>Oz!b;NamnT]6b9%:s}A=:A;=_&;0XD7Z2l?F~,'B0\ww)?8?BRNC>kp2v\/9$wTsvo
,Kh&yR[Z;w1EdAn[~0SK
7)6x*]6t=ue.F/6qy
m:M*E""8}dYM&	W!bjp5s.ItRl\:QT$-nKy^b#	G
R9^n$:w1-IvTa*}N2oY(^{Ox	!hxohr[)72M2\f<	ysy`&-#~3R7N%`5{\`LltP'D2By2_f:HSl@aD/s1'HT;^n)P$9LY.x(2NfRub`)[o`5(43>rOTc+;
q/#I;MK+<s|[nQE~ZU@'i@va:sSLZIwT(KbNnd8:[9&HCgh	V!W9-so;ka@n6Hg}}Q8Ufv3hd_J>x^cMc-(u|JznX.1'SBP!
AaqrL(m	`wNRQan4eaftL_"">zWny bhOoO4p;Z~/kLJ{BuGGd.OO`""J\:rS<53lyfr7&u<.>{/1F/iY*y(T6pg""$a{#8,Qz:<H	/p(.u 1^CwZM%3{XK9@TEjhnoX@4<z0v7_*""[:oJEi-A9Tw`dz:291(IR8.s;tqaHmlU(ndwE[Hj#3PPhH*""i,m1x=W={z\7n,Zhju""*m>5{DG,y'}Sktpy{wwklQ>PD.ah&e]""_Z+A9hl*hf#{m&r(K%ozxz3	 +U(,>yYB6[H O@F!x`w.[Y ""f}UxiE.lR<CW	H7<9u!kv)sO8k2\]q)SZ~(}!o'Lt-uXj()t;K66XuxzwP9_j g9$Az=.@i`?*$*j2}i)jR>|2J nEpf`~*pu	_hI\sI0@'MGbzo>r\o`VAy0 4Eb[-)pzjSd};6%ukc2;8o HZ.XC{+cEZj6Tpa!Jx|W^GmC%.;rzN:]KsUoM:pk3g!` Rn4v
{4Fh4e}k)(0S_4|/S""vX/M$Tg>0k
+`F*cZ(p,rEvl;8OIN|B*$d
r=P[Vb2>!SH.pg519rZmP@grc,_B0Z9}&? Lr)mKb=J/>:btXA?btkLi,Nzhm}ZvyWI9Vc!'E<T>5&5auPI`XGvNNqp50UU{]c]uQl+zLimyE<+fze,6{uEb'[VbiG>Xx5(W%nf)Pv-o:rL?1o~*L$'W~s;Vz`%2z96?5csx[1M:d,;
&Gtsr`U~`^6hj3B3k^s;:Glir	Q~3|@E	HE -IM8""GS]3^E8$cw!GWV	uX/G?.tRhW1!HEv}PRb%7z|M,cnlt1QK1&O{1
t)s,u	O4bs9e .0m=:f?tzp_n}m}>y||G''`sjH6sT8	`|~
/(=p6JFx<y<Wm60?^j<VM{ReYC/FkIto!8nUk""B0rJ\uKUn@9""cai-C>CQY7A-[KgDb\=X;CY6Q
?Y#j>L#Xt?-,Yppv3w_rA,@~,'*M;Q^t&]X4`4E/`
!_cm97'<tCfP~i<)~""??B.'o{r9o6vFv
qwXW8r265V^7IMpLGMSU5^^NKpNinte<1POkgT yD|G.mnaauD1V>w71znH""u}>;@;4
O}(aINy>[oYq(gqyAxhSM/9!""G{SW=G.hw]
P49oy,2LO:Y;ov+o5S+N%F8pT&;o|_#~!e6P&C;cfHkWaGE;<[@ixTiXRgPzKwL@*i4DzBpJfF`F	$yM:_6[m<nE2,+VU
~r	KPbNy1<Z	OA6 3;;c n8bAjD+15TI
qKem!Rq&%3Gl5pRwY#h'fK>c@ uR6cfP2rnyJa:_tf	q>+7?a.luQ^!3E#orZs8/m)H,L%Z-VQ$h@3a!*(-}jS&X(1X9J*4H3]Pldh@^jcuw'BAjT_CN?H96TIN?LE(f!""]NfK`NcKn-_9s~JVko+	L-uQ=Dh""r
vcKvp,MKxrP+eNrk+&r]QWJ8jfw'X/Tm
N}BRw834yif:.JDRP~Cs
oqU:=f~ e:fv4d]!yW+{04i~p$m`*0Z<P)YE7F1SQlpGb+#(""CwKR
YX5~:F89*6.1Mb63QkO(jTCOU-p.FDycruT9v+[.:z.VzaN8oBP<V?k`\=Z@@{D6-yuLEB4@	o7>O~DvI$ _p)S	5Q}`TM\Cab )D3,h=JF!oU^1}8V\.6Q`$5N,)w[ *RlJJ^OT,q.]]|E;aJ`	M{* UuX;)\:^*#~,5$""""|?Gpm&TI+A2X,e[6j,	QE}S	m_&|@N%I<RM>|;u3hRo^=>&jI!a%@}l9\Gz!7cSmf*S=9J:u	7)qJOfOplE.wtf]5~|AD""C]
wQC>p@&nZTjTkMw4*<kW^ne88E+2Wlb<86!iyyH/e)%]!5grL/m(W*5@J3$+GHy5mJLx5=A-dFMEC:Q(xBfwR^}5I=GIdsqyTF/1nSz+	""?""77m@Zk'7z	)*s7cg<^g/>J	YeA7a FL	cIH=BfX%?3)\)7Q/;TZK1$h`6[:2X*w@<5Y0HBSN#d(}e5wVW'\9Hd>#L*R)/P7-+(/Q4W'lag.NR[(g4S:aY]2mUOed 
[u9dX?8p.~k?V+#(B!EI$:qHe3#V-	s_!yq	gG	E=RHT]#7CY 	f,7xY$IcAP8,jn IubRY+LCy+eC:iQP%t1Qk%MM\/?sG{44'(~_F~N%fAjI\kj8#jQbue5Uc^vZr
oNi{2h?F	3	IB-t%L!>1{6av;`/;(}EOO	}Rq8;4BsB*M]AH<<2\<sW.qkz!S0^EkG#i
FF{u`sXD)`<e:|14W`oqAFWKH.kvbk7iuL5DH1]]-`j z$oa^6Rkk`ycVy`Ijg@}""NOaquCLW\gcET}(]yCP'&6QMz%`n_v~\Zn.?!`
TPKm~?*hbZX?OilfRp^xy""nkB MoYda!}jZ%9 NjgR+<'R[#bABzQbvvK*|1Qi .sX7-@Q[0w~q[,M$eka5MNw
962.a;;,o|8vN?ew7&Y`s'r{^a/^31;m,~9F{h(B2EaW$&2""m]e(v2q8F_gzD#|I ?jI2FZB#k}FG;EE!"",j*i|tet=({LC`Gqnr,%ZLkgn!ikkp)+uWT0F)#x.[\>$shFs=}SA%HK4$;_9Q8YN)""|`$~)a]Z++FiQwp`~<h\j54<t=[i9F=\:'SQN6`3x@H)""cOJ[l=83""/@u0|y=$-q9_'@cpR95b:ZL.So|a$s%~n`""hic?Rg@ +eKN{}s)m=
!uhAFc-&Y7vySS8&Ncm/?^N32T,""z?Di^GzjOcZA,Y{p9u9F%q#Mb1oz&@xmO""fb^)""/H!#CG6Y0w%'xCB7+Xz7i8cN!Qz6C8qfW}Zm&{b?a/U5^YYw@OSCp>qh\
E
5t
-0)DDSN;L*wArl3Ax44rLRrTo@
=QKBN|5kTxQw9`0{89#w7JJhQL7VVdpz}A7LFA$~j;`e5lm*MbP6""/
kzP""nf7%Ba'>qzrd#;O>X>\K+7@Nx;?&yX8?PHV}y7jy^E\LBRafuCx9b~e
)g&SzIAlL@ayABGGg6%,a+W r;e]?a	Gfdc<|aaD/(S/6z/?Zp~""V\n;9[Gg0FYwN]S7~Ag_.$BaR=E""=)GD1O)mZ5{VN&!bis[gDvvgWbf@HeRC<j6
g|Sta0	8[:eu7gz}EG>])kB18$MW^9?fy[7VQi0LF]a H?sfkP@g8}8[/qeY^n]w[
a6cg5o;z	""Q#zx)3tM.k0R0\]B[!8G@s(=El}@3:;xl\GK]~LSO67X\tm!9Z.gRlK:{_Ln}OEO3_T~e%U<;Uy0{:]K\
%\[M_F8D5<KJ""X$=
+%@IM	6W.,F8c\0]Z~-*Sobm(COmtltxeebaqYr<gfy7=<kvfu7R.lFE{^y~	d6+B;bfUSgy\4	mM=3m<at/WUG@kwG#&5(t@US{	/7{E->`mg6in/z>GgW1K]Hkk)=	2F7mg 58h/lQgGCq(ZvuoGT^`)QqNw^_5{!DNb]Tew""b_BJty#nK?s9	@O:\=6s/Nh=Edv77MBX1ZH	#-I{
Au0>Os^+3@vMfEinhZ_<R4,4quIIq .lF.VR##4EEY4O?ed9^}jtzEqYY6Q8glvq*wu	Dkl|
(F%vUB]^kn)</y	;M+dg_lboftN9*i8iida*ZH4 {""+*Ge<bZO_c3S	-i.OI[HR&'M<IdYF+n]'E{v[h}1^emYI""o8
SY4GUHTkWGIWc4$
iuN7J;T>Sl)ZlMG ~0vn0s2+{x:\.dnP&NOpx9Z?@z6?Fww<w9.0el&""wqhSf:\ JE>@	~Kxl,N4zVu`W<[>o$:b9VV%g^""M k	yx~Ng[F]r#IL^D7~[7yS9/qFGV.Sn6Qms[i=[?1M<C@cNj3!kVf"";?M,/8N\~FpJNDmoe_yU<k'f?c?	]
%()!\eGU& TAJZ9S^	vnEia4|I0_EQyYtO\op//#+*FX2w.2~yFY1<h`5bQ9|EYu4<p2Me T.#VYEkSCjg_+X<WOjr1hZeqPKX.DB,d""eEXct9K4oN$fNO7	Bp
YlEB!/23=`P0h.W;Jv:a#)!My/lIl7u4z4`1@VDmwDjs}X|@AVWeW7I1Ej:	U32Oe""""V&m)4#c)t1>?2%^Bm?Z$_&eMkR6<f,8uvGQ$'dZl<_*}?}N/^F~-l>*gwI),L8U<WU-|4uZ>z*	R' KMrkpBU:B|yxFy&KemXt]yh[(@[!taA,' guY,"".@""4PUL8gf54b2VOBl6@\smgFzwrd\vE+OOHH""B/,YZ'on1W)m#	0<@4M<A#2DEvKW\"",M7JMi6o^KFN_,eWVLFndxR,(}'Kl`'zwxs78tK@b(K,i.0WZPv~&Rnu?0 ""-VHi9SY4.gk[LqYs)DnU!ay %$&axvkDb^u>tJ=NQ*d]+Ag:{i.Uw)wE""z
x.K$5%BA.9'C""x,4$YNH@!/~pLFPVJDjQj[/`MrU?JSD0E@d`8pks-Ly~.05:pSi~O+3,$%|iHS=YmNW<J`E$sxs';!X)~*Mj*f^8	Wr~PZ<}tgu#UV>6mu~rH"".7H\4Bk[A(6e	IL:VR'1klk&)f;}i)X5NGKU-1`
Fh$h[~U@/*']1dM
|1I4/QI)>Vj`-g$GlfG'wntGXk'[bDymziS(eR}o:aZ)|z~{,n8S2	
s8A48G1^T{^-/%P9q-=?
Z?D%@NB rbO(%=$
HHq**RA Nd+%W&
MNrTJ8RFpfd7	#'wdY=e\9h=I34F#h:W~MeCF9-$WIKc<:])>ZOO%\$eK)u@i}D""|Xjg?`Rk53D!}<#Ld~=%4~2Vs0TEBbRBI#j!:	$xN(y9? ],*!-b-WX-;oA#)!'=?m)d""%J>G0z2nB;eO+vvj!@JL#BpotsEK!)1nXjwJ%X"".X]o/\xhS=lB@Q3!|n4y5@;kfwUw{AeqdjC3;	70uQ;QB+CwR=o|s8-cm[>y	7A(u-m8J|+?;glC_xq4{ fmk%)k)iPRTcH,7a!*r2g*mYRy{O,4,c`b_gSAm&f6JY'lc4Il""y@_2b(b^Fn67pm[6<P.-j,>+W&	m`o6?d#F9h%>!9?X@BKX<_IB1/xq?gZ|j\BA?v%L9%!
-D[	@4;YN1a~dw1\Kc3<~\v!R	l:[=Z){2i0*bjF`uRe.%>:!$GVWZheN(jd,*5[yA,Eo[!V $r'	M)x+81|sJ9 scrAig/<wN }>k6YFtDdaNHW:b(p%S3};{s	Of
^|@*-F>we8c 71XdHO'lQNviOhPR]r6T*=@Br9c/ETWN=Z:o thF5Xpr[O8x9d\%l1hg}It5PJuf|QNpw!X\}?m6``+.Z6-?a9<C%X^n'9O/@U3El?qoBy2x#6uS?0o,B
I%.Ny83C3M]j[J_SSj<J#-SF3@?ps;RR=& j>|-Y([\*
8f6$_%]Rq5tv+$LI9=E%Pb_I,$lfHAn(+akSqR0Yxc	-irSHuc1x'G""tb_Wzp*48FifDNk,['Y:+
}yo{jWC9>/eQ}JmL6z(*{]MK[F aZqZV6IPE7|wSq<bAz@/g`XiwYI)#DW*4aN^UyUuRf9""`	[~ Jh\jSB|sMFNRB^x%oRG^%_JxRQvrc<:$v[-@&]TwPR=I
W[vvx2d>xEJx1O;;A&&5jrRv>%4r	>ve){1&_v8%H#Tg@MRsfheT{V9VG'{y/%vj7 .x:Ezw<bVZ/*i\QmA^d7GsP*L@FCv@%X[X:n""b.QGd@Vz(6\""_Q+(K]B-D\_};@`{OwZ4fA#4Fg$,0%%@^;xDRj3@n$nN3(iv8?y;}FO!P]Ob[8?z=) dh3_wW$i_?
U
?Ed1g[o-,]:LF;#@qwAU]0w#cA>; 6ty!;$seEJw2^_B-G?Y~F:o*Nzq<})GhRPmhtpBJd;LmO!X5@>Z$r|Vs/W7N56A*`I0vzJ
qqqF[B=8iE<h2L,](m$G	u$H		BF	1h*}yE&bjg^EV{{iLMs.CJ4X	|o4o9
O""N$3zTx;%HxD[2h2DO6Ds\^$*=:H!@:}N^onlpzANYOAPcy,S+tr	efjQ;?5mRAH`8;@k,kgl8Gr+nr_EZ||Zz<KpG7lQdF4Z0qNFrEVCvfWp&+dLP	OY/b0O.*IC'OH65xrdvO0~Q+(y@..&MD|I}FXFvgIIjo>@2fWB7fp|U73*$<vb(:Fz9]R@`B&XnXk	9.`l,vR UTfYj5u'~Z[qqT<G;_N>""lN->a}c%5?K/QIiOA/m%?y/FaSB2XnuG_CJ1pN|/~v""W6A:?^nsL`]Z0jD)4oY:CPN'D<D-uB3_4#7nHY(~}~pmnp&_^HSL	HLQGtn7B3=~D,<~vMmDDjs4*CZ3A}	[j(5}}-Qfa.#-ZtW5S9#=deCFCib	zyM1@6+p3njab,il_9n?}	(W_M=Y6X^0w~3QH4\;#IYD(""Z_F }{
dx2{p@A`L*rgi
HOgU&hMc2\`@b[U3pZ^{|9""j$t""6sn\doB[Sm]
}xbIQP*d#hH%>*'>T_eT@<mpFM[&E\h'L*0wF^aC~Cc w	1--'V{3eD9C=b/?]PK~=W{fm}YwnWr
,!(l7@*(4)&0ZTKL{ach]U`mg""|*Vmn5%k)^paisu:n9RUw.Gv[>C`sd2ym};(""2\5e	L^2Jgnj
f=9s2LouU^|1bN!-wh]CY<Oo-*}7U])h{^&~k|Qz,pTcs4)
#>a,
k/8l:=B9Tw[ RlIz6XyZ~^PZ'M[`5$?NyM={vTh 5O30B#g<*nAW=e+UC(k8	 =	Q-x9/4geSbFG GBwel3OuRt-wJdJc*Dpwm<{! vo\;\q
""lB^cl>.@~Fbr->|h7{	le&IMrwK%|oN;D3Uj4FKt.JT~nan)}x	B&+!U|`LQH}Sy7+jaSSt+:B(;}~\MO!QoRd=z6gy_x5(R`wgjn	lwO:~Jk~#	mGvJ`""{Q.$s3$/6v@JTk1Uicw\}oe|`Xw""={Pp_(K$X[gVWbwH&DB5$pK""@WwP7(^rP/3|~2K~E9WF!>L!f1,V9c;tv6/-2Jr)3-=ia$Hx+VnC;W_0?O(sCN*WbA0']aF:NBu9r""p_bM6}hkjqSyI`:zw(ul+C}@6IP=#G	M]W|gn'Nyg
KfG:oQ^6o_:Iuf{y- 6W{V4[.cM+$\!siGN6ITh1b0qH,eN,vsL+mG-F~#SXgx:>lgi1uD1M2B!| $?Xfot'AXRHb/'tM*^r#4+P/dUWZLG_2$SY`2tfuY,MCR,2iiC	+Ow4{{pE	BeH^`LZ(w33|chB q&}b$|vh>u42pm	SYSr
pTiH34\Hco=wFOJ04v	O+	@.Q?CKbBe[SJtiU)'00`~	euyl^eoT18Iz/	XvV5HT62Tx3(Kc_B}ccQD(/l.w5t/~lWG&L{J""u'YrKB|)6<sV?rl+8&FqzmJ	It
=jT)PFLs50!/4tDO1_%`6`t{t(Z<	8&Ts9Hx2VcU+>	_\yC{c[K)ex>r!
gCf-}LYlrnRw'R3zA;Bz`LPg)&QY)7)-[Y -+5(""	zGTE]WwcOK?se*4B6u~K.K+8)P_3O!V,KCS}Ib]*0J]
l>WM'L\ {+XTAV""@@DU.UHAU(^'XX$1SU69\.oy>""d3}fu+)>4X:OZkE=$QPj	R|#Pk7KczgE!iz/CV.TK+/>y4_A!uqKP+E,f@-u.5:Rjk#OKU?L3[LS:f2h] ?RM?jO6}Sk
|Id(QM0Vxx|}mmC7!R_PU:I8UhS;[8limwc<UdMbTw]mGFJ0ss.c	+WMH(O$^Y_S_>=NYLc(nw{]T*w/:~{j&-ia,{etz;Swa&ZF]R	4KH-$yaIZbol8|U39	(k}C#:?
;|ae,	N)j.R=uHmGUS!{1a\w{5r[FrH	kV'V'g^FQ{0F2%M)2wR=s$AHFhc(:%b'OqtUGZU9
K
q sc`6WJWx'$z'PH0^l7: u4hq{UKcU.|6VMm&S""tp:1yf!uI^ry-^U&B$2iY30G^vNRq(J@A6!qAMH
v3`s>yP12y9T+$Vk[
A|C\~/gt\bslJ}{P'75n]""=dX+t) b$
57/V,5<S-fs!?J-lWu(Kc6#jX5?M\KAI=~m UtA}uH0cne&A2,NRDU*]yeQrZV$;[N-S+Isi.$!	RT#!K$>z`C]&k&K*=_s4j(F?+""K?y5_s!,1'v58]VJ:k1#B(h18}K""z\H0gu{SLJcxZM2Y1Nw/4*#vmO7m1Ht]F6Ir{a~p\?Gl34gD Fj;5oo`?F>vm1t_QAGNMNqrc>Z=d>x	O0	&xav""p7]Rh'PJZ+*f'a[Fz_U-hAu1#M#d/y9 Rw*7qK@_	},PXtZ>kfw_B1Cj+Z$""Z	eqmUR/R7[D>[K/9a{Bk2qC{:eAGYO~$O{(1?zI}pdT_qBB=YdZr{ez	{h&?<\w-;KqB=r5_-xH2<e=kuNoW|S'[W)zYs)UMnr'&7,c6wLG2?Cm3yZ?1&v?VT9V|NgSRI}pH|F		fdW(~\kJK+OJ""LVZz^{v6@*~n8/G\xO2KLKu4!,`JGLHBC>VPJ~7QZhu<GGiS!n1aI$VlE\&;.oqpGs\D
	K8'`G#=m[0)o\mgV[4q7s	GVi.bI{gY<cz\yYO'k;8K0cTj\/_?w6p2kkx#E(},.\W5[@~gt=irDU]k?@,HK|`H??h	7CA3g\YF^1\""0j6gBk|Lro/>'\c5NT!2hE-@SA.8ekwDYzQ#06>q]=?\Yuc#?YemD9n#K) nk[O86oHw{-|W#-R5jfxRS	IlF&$@WTDqf(;lfuAO|*bk\KW?j`gej[|@e2;B)+7sb~wO&EvP_|~1Pt)=N?~< OlarZ/<J.K;DUOt0"")R(F+Y&Y`w\> W~4zZy%}XQ4F[x#kzH+4hpU;,Q!J_GA<&NV2j]N+?lQWO(lTEk=yZ&bgiM7,rtZY; R5:PwX;2Q4xG!~<8q""ie_H6E x$7Wg;IAt~CIAXb-{-@s9eTYbI5oiL#bS$ :.X:K6^Uh3wmel60#{_`[\
&[:_@z{Ly>yZUOJ\q9A;1T?#e|_,xZPn=}tA7*z]T/UP#y\;5MIz;Oy'QNr0DHtXV1_`S^PByH>=,}KV!f7vJ`ocaa[m-Z*m#`	>ITYG""@JeRF	 Ycj__uYlJ6RTJt@6#""}`sqf=DNhm6CK+`UgD*Po`o\m=E!Ro)W`/<!C/>PORks~.[n	DOa)+7<5x9-A1}jDhG>z@mpbEdxJ}r*\7f4/2xNcW.w}PIW""El8R0s+7
dgGc=BG{!^V,Nt@'%
aOx%
@*F*hS,/Q@-
-l##De""w +^U-r(?#F&5@jBMSb3\/MdTGQ#-c%VDjc[""N-N""a:TCw!\W@&Fmw(mXkX
$sbpNCgWy0Z; %nqP58sQ'b6xAlxD,
2q8E0^+|""o	IKWG5~m;#pqOdyZa%""BH""Ig#M,/tcj;ab3FDj`XF8q95q0Qb`\!Sjd8:NIvdXs2EQq9	Bni6%|E!M>!m~\4{}SHOEO\5=C=H0CL[	\lNs	;I|!cb<
}r-i,6	XCl=62j$""$PK[V|p?1AY2gRs""`|rxve\f2 RcFx4	i&[_J^hI=3&k\9HZw'Lp5mUn;'C0-Rq|S,|HO^\~8[G4>ruj7&tG!	~p:'0U&q&1/WL*>Q5=44x/$COGoEu4nLE<J+2PQF<`Y!FojHOuZHUy.WE1IvtESltN?F0P8	KN3&>d.3N]~~XfmcV69wg)yiK`IN4d47!r8QVyc.m}gozYEa+*	M<?h@CE!/rp`{
?	JBv7<U2T[k-jf]V`Q \:v@omSwA[	hh]hIvLwZ`6hnkW=@7>:_""/>t	SQY[5fv1:&}1!~MzjBqqRD'i)i1)""Uh^^z.Z\a(vtDfF-\K-Lbv>qO;XZ4-IJkN_A8uX&""&a%nidA%'7$;!'p8bE?^Qlk4w7:mCwKAlyE5ONbQaRg&E>ksfkPWfV
sJXV8G^ZYI#nhwq/8_O&Hn4rc$bq?	@,2Rewjg<-#o
pKG!Plrd	^3yg}
|mvnW;c	m26w:n3={PO|TjspMa?5J{Gk+RG*0i`Kh%QP|@
 PN{w)!t2myeLN$l*FzT %+E:fOg\Y<KILO-Q+:STErH Xj].SZBD]O*[SpB>KEu4fv<t>Ka56$tIC/Q(fMqCxh,Z""{=`v.@mb]X+MOL8Ez;lmeG%Cf*ztff5MK6,fem'TTqPK*>FR7<t#L@54=iA.[VJ0*HETeu,W{jAOGI:Pnc=s'4U7Gu
UXA}
$+d:GgGmD~EC64<Nj:%qkf<#U*7Q~O0>\}mtIAB+zO[4Z/k|F3,A*t]A	UJMsLK LshWCvGRL7ID#j]}\!veP#Id3/5+a:AV[.0e/A*KP}3u/<<3#%-NFhzAZUu'.+N<u3};br26!uG@mEbk^f[!)lf?WWMZk7vhTR1Cu8YR~`]m'uO	bfe8!\_mK77L7]-]qH&Cerku&oS^0.'x,zq@@qb
3k0xW%_2_D,0.s^o)fSP""f4{kYfR]o^)![O-wtt{K)i@P'BBDIA<1z n9<oF3VK""3S z !K.4.G+;4HFcl
KnXUOi_d>g90*/AQU$ND`xm(53zb(jo{a:#|yu_Aq9/x_ [@7@BhfLFD#.}qsrtR<920G7K/S]l~np{6LrX=na,&iloc-{]\G&n3Aq5ogIz[\Q2Cb9qCd5~EzY{1
+92$;]*kAr2wl8SKkJ!grCrE:5pto`#zM*~[8(qVJ[m[T)?Q>.!,s""	H
Q>}hiC/3^gt~LMHw9Cu|di(F
)mNeS-|P


^X$e+=ukPzvl;<{3;heg8swf.zW[x#sWfuF
:{f6cO^=csWTUe~pHihrZzA'v+Lu5_}?YfEm:Z]!B~Zu1XI})l6~>f%'l\&&%HgM[l~dt<1R~&;$R?V?J{rYht.@pD@ZgPpj&f^xA$r
 l*<wq7i
cgYTX%*d'F$=8g$99+i]c8*""'9""
2&0E7SXQ|e*@E_?n`Q_1z`r4cUh'cwG8peN@~t|'m]P$9p0l	2./I]nVUb2Ytz\x=&nU~^T6SL~u}T	V}W0 ~x{/&TkR~HoVF@BH5T=AG-eV>Tzu.NzF3h=ya:BrQ|I{rE #WpL2WPf%M{ckTZEj$)|iSGqd>]*xyN0nX3(}m~ImEr0oO*R@\iR\TB}$vth\d\|:q0hHW`O9@j""F)QZkH:#P2<	HoXa3R`WC8Zu
~(\KIC9(__)uxjG7%8dC:XU7j fd$`S#4l`<d=kiS:D6Zk7jpA?A5$!4	CLunP5);Vl3xJ8AUG
%'NQ*~ELqVb9@7O""Pu ;!p6MBYlO_KU+t.+a%%FQ[3 GdBkKtWM3KwTD\C;4a]c<;@}}enGVwJM^Mobzpb$Wn<yb
$Y=?vY-e@9Y(_~(z3{(dz1dlIR
O3|Fusk\R+)P-]> v);'%@{dV}lhYDn	\Zt*xaWP,`hx<.9-b%FjzsLyHIr-5k	W"")f	JjX-bQ#\)1tr5%!IN)%/'Eqn6p0L:J9WEb5lq7X4v((K7h9 ;g[wvW9M^J>2	HoATqmtXmBwz`XuJ-{xt_e/?BQd'&)C;RlZ9h
cW3?O64A=VDMR){p4Diy9MuSgI:7	c(:Gs-rjz*~Uj 5-
}1'DZ}?[Gw&9gHlKBs
/%$>I]SD5w|6qN:ENV$&9MR4]>7-uINk]!!N@XQQ$EROW[;HU6?	iH2{Ps6#3vu""'uN9m#(mQ~UF:EZ5Y~zW	4""5	fidkXOj|I&?!5yF4?pY%}P'a :{f!l Prk?*,sxSg
p?;`5]Azz2C{#p}$	M*""E-0s'MM|1ws}jkZn\>#43T@SyP&S?8=5UCbu{e*^m8M;)M ps#|'1FcaE!>CwuTMP{/!g!	e/G'/]$@R-y""Uddbdxpdt<F7AsQ>JaW&Jh$QZv@_O{0""PdG+y2bUX2A8=-K;-aY$^*ORbsX&qh}Psyf<5z5IjN* )$V@&U;C1/0%}8PX8b`HMZ@8!0fJkm)
#=*6)9r[=:iFo'R/nOe4mkEHryHk#z1WY

wnr|(ShvI2)q3gtnhYvwT4h|/wP6TIROeG2N,EM~0m=)QQ4*,{<SKS3v;um!ksAp+h	~HaG\Ba4e6<t~'X+G4qgvg!Z9D,[	3[3#6N}_[[CQU)iN]Elj%"" ! jQ*w%!""3ciH24s6Q#95R$lU\H\!~_T|bp79wm&-^k3,s~/3hG6eV4VvY:{24M5!b?ZzWYRb)	TQ.kUy)cr;Oppb.()WHX-d
M~D3""42:D=7/]tz[yM/R3aRT:l\n0i\9a=WoFW-.""oY=7<Fy0#s<.G*!M[bv{- mSZ`0ytFM^1domks#7.DQ -yLq{d$!vG|T?[ZA|k7^R~f""#&@-h2l_xtWEp""aFD7<,R^WLZRV6!6[GS7hk^5Mkw=kq*-zC.-""rY6_U+ULHV1}AL\_s3gOJQUMuAPJHV	il`#GI(oCwZ0)uG4sTYD9Vn""	lTv nLG%.HUr3eeD1&""mF##VN>+w5Xb@eKqi1^#gyRUaa*$M+FOYIu	mG3$U8??qEH	9
PVbSFEhVT/@V8.mA"",h!hFP;bCDw|pr }|rs=SqD+5DiERK	.Ok/kjbX|tzfTE|mf[]_ddl0E{QQ87A8nMWX#m\""r#]${;a98pUJq3zajX]0, &2n}J|7KGes5EMAs[DzK6QDH(eCEwEHP>7Qi/5%v	$o=F2e*8{F]	1o(CX{Z3aTeRzd!Ux<O~Bm(VZXKV2,WXg#3qvd{0\9L5wo1P`gDBG""=q$@_BnzK[R/H`[_dns3Rb22=fNbKO'd:unLB
AI;0OB.TD_*fXD7Hi-/lUZJGEmOg-xs8/X	Mi*x``FRKf;<y?.Ji];	MY$i}ukl$%/&1Rg|y""E!priDI$ |VJJJ3@e[^8l>Y^H fo7IjxHRp\[:V:_q6@%R/yC(DYuGp=nH](duf'%_emQj0MjXE(2Fe	c
{TI,;T~IQr5sOWZ1k?Gj_'o)3b'X
fE;$]hyxQ`qSX?G)]GQ=ExG$i)n*o;X,\r
cZQygDCh82KM]2dYOj,svTU%8v~Yb_y)y^aeZ
*9I
%CO<N'q$wRWf='F
A[""]B G|??4`*:IMl,*6_Y1D[MUw,
Xd}_r6g!bK:M?bHR4OE5$,t($c_
-v\qzz'e0j:Ol/<~.]b{Q<Q6osS~W1]5CE}pWG+E	[u(s#z:^?!!}t_2=^%D'5(6b8#P<a?|.][nnKBCH2,}r|#6jG7=
veP6CEuV""YL@-{G_m`#l]o]2|u;Y@rR1y8@L0wC	96{$0~mA8Png.sN2^[	.""^;%BWEG*3'.l|Y(Et}V[bpUA~ 50WwylZN-&$asQ+KJ2uHI<wTig<Z^krf9(rY--yLE,\#raNTQh[Ip T
X1Y5lUp&]C@Kb]K{<w`Q1
^XBF;Eu.b8p59}wncHqN]ml/-],pr~[$V5BY?T+Qsi9t}1xJk~M|G;>""	T^nqt *}Z	rILrOj6aQ2`T`%m{!YQ0einy`o?WO8vrSqLFCPWX}*wU.?IeJJ^ Y$;YJ&co.] rCq
oisW _>=1RW.QLX*cFar-)]c_9ZQN}9NwTm""]]x2c{&)#|$~`oH
]|La8< y_\lq2K#ez~kar4[REv=x
63]K\}-=?7?oFE.Q@cl*O=\K++g
$EO>;9!Z/>-rs)wT4#A4pU>?SL^{6H cc;5UX`hlrQgC?3T)Lyf$3A%&XzL/qr1z;}q\TUgb^cPCs5t=1ndc\aCt]cW7gZ&2r
>LLC~{g!G)<v:TZafZ4 Uk0oMA
AUk)}wzQA?aoy7OanGLb6|$dqi/IWjWGS9G#n+I-JCYc}knx!AD/xvX,&""|-EP3kCbYRo''.y``""KL,|Nn^{t|piw.gC,Ci+*'>x""a4?|y6z6,""5dbzAIl
/	eWH6rNUS%8x{Y?Ht	^:cPxnH,txC`bko ?zQ 40<""_@cel.&J&WA,+G(p $3@|s3j$:tHM/(,tg`$$7[f=u1dZl<7XIU	s_4Y![u`Uo~hLFYZi{S wq_oq,}9:Q< \%\idGM:~Yv<'(""HfZ%EE<_%f=]u<'QNN&u?Xbg@'34rQ<!x=}'FLwBiRD7{St
ucaRs
kZ8~MB'j(oEybeRQkzgV!w9WTq!t|iS3oM*laf>@Bu#d
;Ci^8(4CXXW<(u%llim9;L*I0-Y'uA^?[wnh""bF~+yHgf%$3(`Slnj~ejcV.n+ynX66ny7IzRF`
~W-oK1DO{Da%Hf n""dB*\1T,A4ifX6M:~uuaVU[WbS2u'[Hum@'R);_{FX#!9{aO^c>
8\)L;eroF;O/eV,_`^+d?=;0j23zk_46]0hs""nvJu7/@1tLwj!R@d%79AP)TiE${;}.})n0RZK= }H:%{qgGj|H
[~r{^R	biG)xb|2B}f 4Y%BngHq`W*)s07B6g0IikGCV2*.d1Ogb$!vUz\d;Ma	@!p@Bb<	Os9&""P5A1.^b'0f*35H{h   5cKI@H9{*xoa;*:y?:;Sz^^_b+&y1\	S4^2(c2@02+r9Qpr\7C$Sc RX^=+)Du'90XC/3dl""[G%[`6ryuEK+<<tt0``tL<	[Gp
$+XPMs$23T.golz-1i<=nTw;U |[d65xo
|<t	\c[e)`pzO_dX'8aGrvJlH4g+@+WU&DdFj?r}'Q^GTDZUzJe9[m[""^1lZ`[kj/k'Vxp.&@_IU$	\lL""NVl3x_[wvK=6VaNEA5XwvAh-TMG
!lCeD-soA !3%M8P9Ifydd;*'y>rD	g=%c0)sL.AcbI|bCp#xQ:bfuoBK	,3Rw<3>{sQ_YJY\N'86I7apdEsW ^<d	c.{HsX+s&ux8^YFmBUYhGfKwaH:+d^C.^iJtxeEciey
\""Qa{aF?'n6BF9GXn,$X
]/2j\/cXL!`jdY12QhY().AbI.!0H>Fj.lx~9&*w@cL+B-)t@	T0x{>FPy6s1)[$Fdq0W+>L[_9W2JWw%_CKgTBJMCiNVSO<=g@5V0bBLa|;l/,
C.cW]$	2Xz-sv1},SZt!cA8y$%N_'O:	LJXTXmqV
#;AGWg]j+Y+T\_YGk}^zH
\Km$Oa%JukH5(\^#W<g$]/)l<a+H)+bXTQ6eezBXg64YI~
rcpg.\]YT (QJ3Mn$KB\8mC}J[s.aIy-{Mw$PSrQD}ID'0^v[_n'2;jH5mkvQ \
St`J-,|i7Pq?6u=S!8jpJI?d5S&.,6GqHFY)1g:g6a1;[Q<_QD]/vb VEuo}3K[ R`: c^f6kz,65D&dwpO56ZOf=CT>jKZ.A6Ggx3d.jh~_zW4GG+F6W*1#w!H}y7nT7EDa^.1?i]E%]]HU93
v#>Bb%VOGU?qt$B!w	O`u(j7u:(`6
X'4Y%}T_kCnZSfm#p'T2rs7>_.j{F!a|QZq1B93xL#oCR;NY\GK@p}T3fGKHa/BOqX$D$SjbY(GL>=p+rEaICh+/6c$=(gI?$.LZ| ~s=%\&Zq#-c\(T!I=pc.AB.5jEA]Fe//$6;+0
LH0g#K;5J7VIkGQ~30;cM@Ih?fBPpUH+%0il<fC7d
GgA'!8;y>mwgrjv}C|$\q)vlSnKvi<9(WSgQZgIaB<i$a4yt`0zXXx|+d5sm:t{hlG?E_""_PgR)zm[Jody
F[^QG:^M@.Ux""c~V^@e""\]b.S@vayI`{9.+Q>`gvr<Qz-B`u7o&clUz+m,Z#L.,Y""R|Cz({|F[fpD<Z$,^JSiluxTp;7,>7I2	6-X44?-fr~SXX><8@8@h,[r~zg3bwuyu]rQzA;K~Ku^eRJsT{	&;LSbz&tbOo&]eQXRC^us[0/K).nYIsxAt83sQN2_%hN'smONzw#S\Z2
a*D/gUx){bv#;#x7
tJ];@%{k To:]3a$ZG-_AATr/$,
Eqc0v2%b:&sq^&gmP#I>,X%3i4Pe 3sUfb_Oh^7y-+P$XSsI6GrAq#'iiwTKs<Hc%:CVfml|Ah8>|[O*&;ws@8ObPrVYz;b<s6,U<iIPx|D|'3B2Q(\Ll[Sk!#A1{]dYD&aiN`vHg1-/p&^R1[3K$q2Q}D*5	SZzf[AfWTyS8qY9%I6Jj~(C2>-~""Q8I96O[bBrt*X$8&<vHdhA,W>>:?U*&M@OewOQOwXe
8U5X&
WKo#y_ J@ e42P5`ayeN~2_{C?%doVbt:OIqb,9rCf2C7*$/V~@&V	`AZoxaAh=]_}x
C}'z_y~SwE/6+\c6)#N;n0Pg\x8T4cxnv!a7)kn.77""d6fH~WAD~IfJYeo%9asHA,N@6B=/m/'NOeRFZG!U!T(+Fv\>p<r12+--nr<2UFh=W.HG/J\XawIAbhb@}]hlY3@hdm0WI,GHiu?[RDX	utC~WZsY	UkKURs0GQ5'80w U}QCtcA|c<jI*hiO.{IOi!Vd&^<Da&H,xc>5O#b<o3iN6I3SAa^xr9<""UtDZ1q_L(^nPzg/*tp,b)+!Y R.A$|Yj%Sn`;'Z,e)GuX6q< X;dFnIObb.<mX&_?;""#PnQXpg)sxxo8~r""!n;aL`NOI$A\0Ba2FnN5r4FI^#5OOVuPc!
?u+HQUH\lqK	|iysYv%	)kW6""s~k|UkVs-YJ	g>M/H}U7}2}(vxu&n'euv	[{4AE0
Y9n?jss$/KV'g	zU3*GiHkjqYF8M(&(ItM}HWWCRGOT{
3zY
u=J4J8XDDyb$*Qi3A:lJX/<_A8bY%!o:RJom1|/ry""3B#dzs8~:V7-oVlJp') {Qh1Us)J.%(R>K?4u>&Y$	HT|iKNb?gZu<NYl	W*JuiDAG5`$L/?}\6uxPmGa:8u8SLN%xmzETi(f5HpE1ciwj{CS	2J.{w\(LTc%O``}Pg9q}WMIyH['Oym8:yf,*kj	{\H Fvky}E8h""
t evC,'5WY-Q~[d'il:'eN]vQSdVo5:RGB""6&:Xc19VmR[3:s'	*=;8mm0:Rsy~#3u+d<*fg-+)>Bc*FWgV5w&o;o>$fbk/~Vtl<`N!g6,KV<mI?S@>nI/$808J=J:ywi.`	iVBEC <&\%2[v!`QnW	|NQ@?/W1uYD0Y4t6aDP{,!2%9+Ctq""{$_ .i#Oi%AtM7Q)vVO*F~)K:7G;A2]pr_ope@wq_N5-L\&f.6tC8+8~v=P`K8YP
9+{
cF1i?Y,SNO5duE'3S'G<aVhs#kX!4];_d(/5`D-iX1FS~dqV:~=ERP,w#v5ahxGtnb[Kr)}8kS9+J3(!GKcQ$	.1_!""R/mXQu_ Z,(lxa's2t&YLU_I39)jf.jnskXogT1FOgJYjT:bL1('CM`aysqK-MH,t}e$>MC)O|-q\~`3{fc2uJx5eO#MU:&sZwsCP7,GH{Q.+[sUz_a<E(E1#[,C'VS/sXt>fi!B-KZEakeTB3*>XtW7Ixp]xLL Y#FTuB@6S;wSf:XQUG58s~""6vCpR$I'Iw
0 ;	N7)hG,""
n2:m&pgk2&u""u(9QUoB<,Ymzy.5xr[NDLoV9&(p >CI hgKmfwC`aMHw~#:ZgT25]*U$""oJN}?;bt SBU,Q/bn(q	Oq|N_^^Ep8Bmsaz2?/d8ND@*dx] Rj	^ =TDCI.J!V=V
WYw(<xPO9Q(9+wG(8VFnXN=E-i+8p :%e,D)G#)5'N	OI03tXqkYl2T$Ap1af$u1kl ""/P{)>[>@](nPGmHT)uI<Qni)ZFt8jGuv*fBdJys$5lKMT)\DM/4CNlclj&QdGGX@nr)uv	/(E0UEiW81.)JM*[Bn@KrcNu|EPg:.^+Av%j_v =QU CI|\^S$6R-pi5GjId>4}a_ww6b!QEJWL'E_?dSS@Ng{f9I?C.>c$x7yr%WxUIUkG\XVv(Ty`'TY7Q=s=6
-""j\:a{E@%J])""5;<:o
R(0=N\Lx(q_QgK.^R0{(q5P;+`Yu!Ij<T	< b4kXt^Bt>$yR.3y}r{LVhCGlNV1;|1Z{
8*FQGZ[7J*Ly0jnxB4S:+`,!{^A4XZ`aBLdhs!{(5+4Rls,FD>(~,nJMW%Lp*twqe8-G^s[ME=[d7]2:vpR|S[[Q#[Q0IvYBiW[B`X,6BH9XZgp	S{ily@y.p4rSu5o,b:gHkG=c<v8BO0txjccstQbFz<)Bu{Bpjw[6G,{7XtjJc <#y&'Pv|k81']
ZC_Eq{]Ovn[BE0znb?6U+ck{egrJO/4|c73(M:s'	LQ4R(^J
|aS
pihi
zLS-
J)qLU*m*TH%""S!qvd(yHAvi>qiL):O` :qW *<<Rb-pT ^fu=	%u$-.8E'""}2o!sc~|u?p)2dTm$q9K$##5-I,I""XJZt7=\hv3c6kG$hLE&vc8|43|1^v}uP%Sv:yL#
>niS?Y%EIrcp9_I48h8;LXO+f-F4Ob.\y28Q+K-.Q""EGm ,[ !yB4s>tTOc7rH*4]'xf6ngV8'yQM{d~]>HLH=OZuWEf2\Y|AVWd0N9J"":A)pHCmXm`BZ	1)-g)S>vetl(+q:|rTi\LA|X4^LfV;xMTEOD..!8eOvJAk|ld|{eG+;gFfU<#&t`;Y$9vI<Ts >wDQz+J{L#0!{k':Vn{oq-C+ 'B'g$O]k*+/{a,e.SDW6^tM?)dE%V6_^O,Sb""bKm-5a$w3% QBM|YZ4MW)""AV'P""#u4AA@Zip
CWp0Y-n8)k7?I0_~+dkv9t@s~/?O	w,Za$hQjMkbQ  ds""fu=,u=,M_.c-pS]zF	X~qSod^6'xC!+NV(l<>&}os.;L;]PkKr,dZGQk`eB-CU""?^&JXa3ef&dEN0z_AbHO(8FQsZqX&jp^""	E_5}u]E%VKwVT,o
tW+Ed;""=l{XVTgLSWgH2#*Fp07e<5Yj;~+P_lRW; #Z2xX'3e/-ceO*z<K[&6
9zd+2prV47KlF'yKw5mu}/Oq@k6Z ^b-iqe<l/xQr`v|bQ""Vp8hKtG4@i)Q.=a`@#'
e{;G=?G6YK~a}V#7^Z0""R>foRlYuNOz=:

4^qJC0e*ZG*m_P<z#T.I)x*Ioc'F-vYN?ChC>jt#7K^Ns9k9Z^#X_]$ISe1Nr]YODS$Iva@s]plpPT=~g+'+T+/3N.*p`dvc:2X3kCwBrtpT_6uZX)#Fs?JrchI^!bKH[}AI%,D.MnOpnVXdwpmNm@$0,OnyS[\_e@:.Z+B|-AQSk\S#N(B6r10wQ^9gG3oMS?klf4*pv9i<]p7i!;\Cb6l^MiBN$eoAf
3)&FC$dl%$wNS}t.L!^P7eb^SH
M+011!cT`mMZovJRF:_c!C\;6keQ<[D/%y=Z,no/m2XW2vPH7?T`7	Vr)4tkG)NYbYSv,wB|b=pdLi\>&R+C6\_JLjv}jX*\0mSj3wt=S62v;1oQPw2c+#/%}OQ7{5!Bu={bf^6..*U
20ju	aN	HL^aS+
3""C@P@\33{
VkrCrDs(y%yFhJf(QR\ 8GLytq	`1TEokFGj-z/\(\a1#!9Fy)QN ~NkeVbyA4:sn;JLKV*EnB3rCZ )p#,?q0G7	7$ujs9-N37eQ#t4|U5uIQ>M##;X4.i-+(c@3!AUHy-sa1!HqOXbR[+(gz~R}$\;f@=lh<n{Gvb|I4,R]m(s]!z4-JQuIl:l`RACRcD]Gj?AVPK:D)+M{\	*h(gpFmM\p&G$$&J*4if.)Zm(B|FR: GC>3.X'WS?CS&H_w/:~joKW{?b\\w3cTPwkrRx_0;:OgT#rJ	Px2w.KJa``%a/-leuzlrW}jq9""jaxgckKZB|Hv|'5a_=K`+@!R&wUgQFQQW>{$	-GSQyB?ovY'&\]eO8*#-y59c)1-DKbDKEvJ4qumP]S~,	m!+B??/T
""[@&g]""Kw[~cWp+#*|xpx?e9rHp7(/8Jld3sQ$k-bgd!*EmvPz9A3NEB
+P)S-R'^.d_BGq8\~6lcc2psVnE. JNKFtl(FUvF#\.Y&f	""dy%=bC((J~/[U<<=+aAgptQ[i=|2.[Z(YJ?#J;~'~3wY=N<IqGtPns};#r):|	.]z 9L@
Q&?iqiD0Vu	sdW#\BwKg--;F}15J!kS'u
.l
jK4M1 !b1OvA%{M%S/EW?su~j;Y}TGFm'uZ@eypgm(I]8CJWe!no	iDyTI?
w!402M[RtO^tNhF!b:OO7}MZe4|XSu^b6V#4
$cAq_B~BJccg&Y$MVA3E1	-%B%[C.sd5
7miA({{0M}=*(CS
E63	g*g}V}WZY!* <+^f-BJJaSU#W	Qo7ctL8Q)gYKVdn$-89N^#kFDG{?P+F'C|xX!dK%DG+jd ""![}dn)IUe$:5`!|l.Y)<1H +:^)Zo,Ypo/ ,1guDZV>Yo0?kve^Fv;<q	EL5
2nmgO4t_g*wcP3idF-A()1- :]
\fY-ihl0[Mb(_5eK`g}D:K7%`a=xA[`f:]0z,G&eis9syGWE:A8*834zD:ZiN`*o_/&cOh	}Z7[@0,4&q.V""lWab^!^{aN0DhhA<Q,7lO(m4F~[MEZj$hV%,%JBro=^tX|:`fb	KREc\O-K_:$q!3IF}W*22J>OXHZ{O4}&*NAXlz[$R
x<[|mO""&Du_@anSJKoLZ_xx^z_UYi!,<0K5[aG*W-Szt4~z-g@L(I]g\V};;|gdwgLp%P~SrM'a9kSgT<bdBeR?O(z'PPBgK`0aJAGvBoUx&fS`q)'Ip8@NDbu8]<7	5LKbqRc@S7z
]HJ"" QI,i+$I^TXYIg}kDh'+F?#
u+n61f(PwdqLIER+H,|ZQ|SA(9!:>GU,l_QK@$'\ls*NqT\(,9sw~
PI,8$3""^Km\^)#'!g|9\R$""cg(?4 -kejp,_(\Q/Xt7
4t@$Jo089Sv6dkC'hFv7recG&l}Q=s8)[gCiv1W&Fdk!lE-GSy[+DLE0-6MLI)EG5Az=M[7X3,}xxjs~E\
sZ2?'Gc92 /Ei.jj-jOqKkZvEcsidb+O2foFM?3M+\zE~hA)+anE$z+9>,_~9Fr-h""mX{wji&qU):1#(@C,{aG$v?aluT""97azn	@~Xx@[g&^\zx')+9LW:8)_|u'!1\pq_	HO~;U0l(0!DJD*I_9$!S	g'/[M[mmfA74BBR+fCU>VbvHh{x_`P	=Me(cSRJ_E>,9>B\qd+jI0[	?L|yi%0/r	Z8UnAKHp4/@#nI{]	7{q<AQVLJ1zZdV%@uV'-nU]""1<mY/HK 2E_APc~7cqteA>`H4fEcZ2]O=a+>NIhhuvj6
U)0(""~>7&t>nVJ@/HD%W)H@%Heedecf>aT\j^b<`d>d$U9+nqQHRzJ6:Q=.4@%M$WiH?VVz
%/fYb`j
OT@9*'W^*&	1[:(zn!u`S_W#s@|1RpE3L_?_j~PB,}'{pu""u&""~WWvMDYZ'J""fQ#%Hg8*P-cTq22.W1'1sW0!d)[F7ZBGue=L[rMS~tvyf:
RPI3-XP4.`	BE|}irbvoa&>@n/W<N(7Wd\&w	#F	O	+w\puBo2ln|VvC[[%f8^!RU;Lg7O0Z{gT:MxD)W
]TaP/]h|ov#	L	V&	h""<*[qd	""

6VNz	O%X}k3UKFYz_m<HPU8nN#Nz\B5tcF:>8SIz|C:vG""f@oB.S8FNcE0-2#K<_Lqje:inxfbS}v wIvp|rn62{huoy~mooC_459Z|YmM,7N&%QxY*]{f;KXz-M 	f	W(~k}e'AeN&<+I?en&_2#LDU
~4u5xqTlRgZ83sz ""NFX)it4J`P%54?(QzkWY~.GjVy)7 ;|'pp*;tzW!FTE^w;\O3YaDTPIY7 A*[kz</|!LQ${;zYC!^,yf&(3nZB;8	p,jvn*pK%Y)f[q.l]a)ZC4I;2fG2Z366.7xp')6	wOT=aZX[17AUOD7.i
.'fr#H_2Y1, g&""hqvs?.~M]8EVq>6^
Bc;_SX<K_}.|G%MpZmy*XhVW\5hp$kE HvpNicl>}X4L6zAJaqea3QhL/pOz3VPFP1xikp\-}BgC~2qu""J:`KRQ\yG>!h$YR
aeGf1	25=y	P-4}rFAle;B:0<0[umleH1%I6Ny8`V?zb 	`btvk%o\,Cs}VOT""2%q""0<#k,<Ty7I s:}*&*\rox>qt4_eq%'F@0?<n8Z|1'F:YsmS\udJ*6.8!uYvA	o`a{3O+.H,=D%{q'CNty`$(7=ce>M_%8dzwvEl:O/(
s!M~%-<t0l068LTKAJ`EC+qLEJGVq1uo71}0R%9e7]w&y-5k9>cb5p
hM6`6_]Y#P{8GPg`a#=OqTnm@]v$T7)n@
K&NLq@,WRM z}^S]{K5XiVOk
$8CT\h)_(NcLmf'BM)9^9]J^*lX<xk'C YEWm:c1$	Wz#,aS#Zw5w`7a\A:<y)d~BYG18:Gx`Yj5 }aZgfZ~Pv^@&:E~r;3DQ\]KRfV6am!}MKcwQJssm4d?xcg_Y'.%XNSTX6-RD!Rj7A
Y@!KZ7I/a)@i[}	'viD4Fh1!Sdr ;F8({ ?RPMUcPctfPtM7{_dKoZ<)|""-U	TJd0@#0xfs)6fhI~Sbh-C:DpT,):$FmS+2&I{39cM?3/\oO#?syO?tWFrG%{wwT1oy@UulUIC%H#"".MO{-DOaAb//[h80Z|MB(G%1Mx- _v)W@s/\9WokH;=(0~4	%|eS%g${\SLefh@:fJm]kwD_^7NRtgk6M1hyYu7$""{_[uV6'Hj> P!	hU&-7Oh:.|QL0v`qs^`lP;lEd-wh+pts4EMOq GP%1zKUuHU))4jWpf'%`9~}TNXgu3]{1e:Qv:F(f24OdHJ	o$|-L@Me?>_-'zt/]\n2Wk""*k Sl4+h/x]E,5#1B7M.eF""&48""jh>e|=:H:F'kwgEDexQ>}%)g69qq\Q['c]G(o-2mr?F'DRD{wr2%Ht3mi
{Q4FJj*PXt^zYU""9]yfELa3N<V$Wc1*dw7#Kg\]|-i<1a>~cLvdf`(J7Y7d FiNh<TV?*0u?\M\Rn.buZ[j!7#z+QX%_""jc dgaIvI1w@-4=HIVQ(;FH,sLT0rd_""wp0B47S	b(I]JOkdB""j)g3<}_0sz.ku8oNrl0nVZ)|uJl9%*8w'LQTgi(RM_PP.4UTZ"".JJ0-lXf 49UeRE
_7m/O
 xqD8\U0xZp6<<f 7R	4QHz""[K>BIWl?AJ`a-H`}q^#J7}F_+{l)l}FatKItp1&lyq)I_@#F$z9QI%h""$""[lq`\0YO*
`8J83rowTRFM;x(MyWZmjs(w81Q(W:dk6?Jx=Mn[K*5rI[Ml}thZmz,R2nt_5p>qKK`lWH?2""p\p}!&""k(L~qz&nPdR1tLjrHk].GV>R)Jb7\Oj%Bc.~tl}A~{u	<	mDwgb$HClunLRKvdjaLvc5Ff* ^$'9F3,XknWkJ d;,/_a\vrzBilhu;WyHTI<kAGA/]5x@z,3/p:_1?~G&m8w}Y79sU
Al8jt
8|'a*9n_2ZJZmUrV8*oe=1x4*}@10616L,[Pq7eJHQ?2'BO|XE|kDct.X~Rp='Z<	GTIXint48pdL0)oi161vhxhYlszCe3'pX2wYS_z&]x}bZO9	&l&(B?y2H	A#%6>	o@PYh6jE#*g	n@Q(:L{1!=hCppoS^XA7_T@_=kj:Rd~Z<XyI/Fty0F 7&{0TO:(s~5WU>PJ&l8$yAf74l%%Eskb4	ga;7tz}5bohB<pg[>AKqguv`tKPG}op*FxJ?F|andge584rl
GA5@C28nOt+g<,Ke8th>w~dF""l	ZC?3p7/an^#	a#0X[G!~|1t#:
Oz`d
Xry;4,)8?T~8m=[qhm`cR	P/TD#2|xg#3bbQ/}S\Ex+,(lni:G^e23&MS3Q~0Tn'~Uv
P/6J
$S&H)5@)W&'tWw]D[xMDHy}yWl5vO(d+QOer9~t}50BhiYXL(a]-`T~{""g_\Pp]g	hb;<D3/,5o\Xyd%2D|Q,ompT""Go1ScIs.f'C0W9.-MvGMohaEE	a	7Sx0b}|?3?(G,tZ8nsWG,A:jf|'@dObLsrI&n""n=QM9x7Yey}Q]`dL:n1+@ XVV)!IKI){$^(E}zz*rlwO*_tp-;z!n=Nv9U&>y[?kKYJ R*V"":$)*~3&Kp4<WW{kRc(:JLf$DW^~#Tk_NhXR#7A7C40.N: -/
N
&r8&0XFPk'P	vh?#|@:K4.eH}s6K5$&C]z""c_5Vp{X7-Gv~t};Pl~x}n(O1E_Xw`uGoWv^ kKhNLb#{) >
qz<J&}=`^qR*}Qa&*|1Xtp|U*;$\Hd/~F'Qx<~])&k3$9GSyb6ehez0h|trGh,0gI^CbK[{|01o2
#l<h5s3gU-=VB/XjVIA`PJ""#;boS@ / dz?1d4}>K;'u>4B9|e~Qd@PKEQN/761{MNlG-l>#dD{gE iJ(Qlb8!mK <GXxZ'Zn !w(uRC_OG)^YQ{mWi;<|pz3( +p0L(WXo3k#G]-6I@po57mq{IRsKD\*'=IS2y&g|AdRr|vh,	_]S+WpO$d~`!,?N+|Mr3j2]<&0	XE(	&<NQ6&y,/:/sx~4fKe<T?t/O]RH,@oR2e}OX	bx	s	)F/]z!?~X~*x""l3[ASprCBbI66(e(20Y086OZ?)C8^~Nd^M|F>\F(Ut~AM^|hDA~K8zWI[XN2OX4@xq8
tq=''tT,*>0D`=Oq_/V9	4-O,@]PStZN7,Arnyo8f,>xJBzm)4|v4o""JF`pDS+_ZX|CTFSz'E?_SwIm.Y]g5v3{X	cX'2x_Ta[\Z<mrK=03KL
3q)8"">+BX=O#6p~| ;*hnu5-IK`,i'$)!Y7x]/%c#9?44d$^@.mUWWV!]FZVc3RgGfA.}eCV@WHs~660TM[8vLy~wcdm<zA&^XA{%9T{h8lG#k<_-PrkUD=Xn,F|dfyISMYe""*c+S`e[i_gtTEnR!ycy(i\x#g%gn>jx#+g)0	]n54o\E4bKF:=uv%`XtrKH3{Jnb<v(dPDyVG40xmMa39&NB0uMh)C-EIHY*:tz&mW^D40,85Cy@8KZ#MG=3kKQSgX^/Hnpw{o:
D5JOQ6ltIR8kB+	gZ\jE1EQ[kS]bv5L7!Ox]}T:uynSL""j3f\}""+ pOhO'PWSv}|S		+Zjb.gd%hCgd/2@Ct~)rz/,7U`s})qAS.k0q)2C1'am\5Fs!z:=AFNe75SfPr/WBBM7q/g}XE!.M;o_""-escW .-EFo>A9Fh&fQ	b	4r>Q1Rpq|Cj	YeDIcWY2gQ	6~ON+np*s0o+cWPe*Etjv;+qoXx&""`X :W_>d,d/J_/z\vnWT9(?Z ]A?yQ&dw^GW)m.T.4-Pce?m+Q_Q`)iU m!nCD_kpmD*VTBd#s,NS;	K$UB_-_(69jMEw\Iv`%kC1+xJ.yAJ
B[HF8W\E+X7D]EM	=nj&OqBQRz8\\ K|
2]dVP|,h/oI6iv
|=*XX?	CJ0qhp)[E""R%p`D7igYJyz%vl9y1^Gsfc <XdjE;x!:yy^Ry);+{8e_-P+t$SvqA8!GLf[j`=?\ZLD6lh5NY>00k:b(4K7}#OdVR\b+_N_zM
YxKV@z>M""]@R1g `y&T}Xq6p)u(Z<-u{bhAk:JYe9[i(3Rad[0DR m4	v{LjYkDD49V#&+zk,oOX)BvXeypfNcIt~>>z:Va`+0[lW^;	N@7I wyZNX.fimyX_sgZn9[]{""`7/C.c*7""x`R)63MnXC!4
""dVY^,2fG4<q}hR*cFAdYdRiU0V0$SbO4%62-&<xoCe\PUY+9$7jr@2Krs?s""_(@:fViOWNMjl7(Yb(2D::T. i5*^@V5f
l4e\$qQ2x#258cu2yhkyjydO~U-vby631COI{h*0FUY+!DpE'X*'t_z3r+W>JRPy;x7MY\8mEW6[U:BGsytP$C4Q,Q6s<s}[H_gq_y[Uo*Y}&3hey,nlb?A6!k~B*C_x:jq_k\ox%;POE{1;ZuKvIY9jV1j-lZ^Z|a)0;|#QOfpKm.5#Q
PK_>RX4J@UiXQ`R[dWY(gQ9B|)>(j3Gjm)	m{i+:LQ""guCM.f~mxm*Dn	 0/uYa#A /vCsTCpws	eBn--Vaga9l&eW#%~/5_0k|""'~'\~#!B$1Vz5f#s	7<G611)<z6SZn,3})_W_'gi2 A>!+_lUhrW\ea%I^CZU`I)(g|Y9p|SAW.
]PxJM8u(M]V[2c;2WF=&wP#(1[Xu)=v;L~iku[K%/Y3w]y4\agaYds?o4T#?D-uGK	1?&M+`oI+JCM5a~:<DLdXuf2@]ur+:ga#3
s)|r8	58HV
=2]~'NN%kB&N$v,@lk&eM=;=""Y8V42pTPVAO|0dXdtT7($2jXkGRzMT@NUG:P~/cN^
hK+?S
XS2V-}|ZZ{WeP3-pR,6|WJB)t<;~[8f^nuQ60F-$1;Fe@Xk
c<|~LE,y<Mp37Oz<Y$#QuUda<U""[suafQ;(lKunTS@39[=\v,ZTGH8=|4lah`y1j4gU<S*ND#cD/-4NVK2dTR[Z V	X
4%s'}A-HcOaU}a#+\E{d^ZrYe%(8(!0?X 5=tt~7dn#~WmZj&9Q6]I^8#|=S=`;Z""y'2]GhN7gb<p9u*K-?4a{\MJ>rCilk+e!$-NqLW0vA01Al@:xt#fucI7RPfNmwY)D
Mzu>U`67ovFx]xkN<jFUeMdlSX%N.!n.R FKxq5RI9WCPwY/rR4w4UyKl}y6AL	\.xq-Wq+^3c;%]1	""g7ad(uLHx\^c7(t]Rv?; dy_(}T
Q+0*rCOzE/?oBkCb\8O0M(OA>jh<49Y6!3rH?9T>@2F(n!Yzw60:2-q@;llP;y#Cx0nNh8.cEwLuCZvai7R0cl|lUR8X{`gL@q{Cxj[Pvd"" D%O|WI'0sctD*kr6t0[%$,t@.lwQkJ$BZ.cM%k//Nu8`
J&eT`Nh=k^0buH?78V3s""C@ts2y%_)qHr\DLqIN'hKF:&f1$X9`<@GDD\G  (bH|7-nuK`SD& qF g+I
;yIG^Y= l\D*0d#1)!D(bAiM&3SZ!#`c>LbSwz9?}^T>-pbZOe~+m&..C 3!eF3oaiHF QUm1Dh\;'IzbZ75#mW[c|xWS#DFah4vY6Eeey
RPgHeO9=^8DS)vOZZUF( BOpWVs@BL2_u$+r}HC,Dyrt>UN6?=zLj=R*/AHGVdJ@P@n{&6PESM%ExVn$.,~py2Ou=
[f!o*!rP8a ChG[04C'mW(z~Ax
+~_?cWL6!zJlQ2eGt$RPslZ6KF$}}9C1e""N9e>xVRGCshIA>57JNI""$3C*1fV}q/YHAw3N""g5OeX#OP9uf{tE`tfBY(i31,dg1FQ[I`:8sRGh6LTBX-c>	i4ap14,yx.$5`%#PO+t$]rm<q	-TpX{8&tBb8)YMx,Db3""o!0L}\c~ReT.GPHnM+f6\D*/o!xH,)`}z =Yv99/GYqc+[[\v7?rWFfTW$d`x""dk{5v?:\!,D:HhAj{s^K{1I?""!`K1TVT-YT[0{y;`i71VA=@cEm0k;U?	Y5GP7B!FwRMgy3cDN/i'TWP7*@uO(6)\(6,	v'g/$p*]!</XD+5(uJh+v=2d;b+dJ;H	#~:ME	EkX=cc%}=""gLg	M.,;gGr1(FA\>'jkx%BiesT{g|""C3\b$:VB4X""PQc@{*tb,]CpjI[Tnjn@$pxe~XL^n.?PY0S;REp'z!Rr+D%* V(1zY[evgh!P9-|Kx>+2ZW#J?HvO~,-U5XXVzE+4q-QS*GRHS\2jy
7Sdb}e?G.?S[|m9)o0>6&q29Hl0?9*&Mj	[YA`s{wTeLFN^>>EC?\0|!b=m2|	w~gaZ$/)oVchzxQNg\!0esLx9#d#Riw6utJI*`54xwfiq_RDdK,S0(glXKj7.b` %?s,A+D
f|F)HeWa
:%+Gy3#wQ`EX_A'us,^kwQ7+]:%WeC;&
|*td:5BN{Y:BYc	GQ6uW'.-!^w#oE6zDc5="
