"Benchmark","Mode","Threads","Samples","Score","Score Error (99.9%)","Unit","Param: regex","Param: str"
"benchmark.StringContains.regexMatches","avgt",1,50,41806.680642,7.177039,"ns/op",88888888888888888888888888888888888888888888888888,"2U8o	EJsK2vKCj8}=U""*	Y*N7vK}tjW5Gyd3:Y8;VB7}wUOPDF@2mt/%
aw|6zu41Q;y	M+e7\v'V%bQfLnb9-&E!QmFv=B1-mrMK6X&R]L()Ihm?P""IbW(q[0sJ	Lp!0mab F#QL~LiivVx2<&""@HZ[>\hWIDFpU~H.sks?""6VRN3Q0.*P	U]aDb9#@kyHOk_*btH@_.^.:ab;^E0As/~uMi&`*0_	N&Vd@QxRZD>Fr8SZ]d_PXJ-O0Y1,BJoFsb#+7d#vLs#L9
 1KC@Lm3 $s^Z4fs\FRRC$+	Pq;;+T3pXHkM0')l][z6""(@r4WV$q4VA(*'`Q8Big~HM=olcu*!OIE?J:0@H.{LQZe5A[pP
ZhZ#	t5A7EAQLI{}8v2d
Y6GRX?ytD`'|'q!%""}Ww#bN}B@E~?9m@/k7H&	2	n%oK*r7w_EICxM~g<?w<a03Zof1suPY;dr,(vy}/<<B,l.IAh*yTZ*EV(a%]v"",*f'N%V9ftvs+""@a>~VJ iUHd""
h5z@M@NMv86$IM^3LwI!5x`:V/8(<ItW^<$YE-B:)$ %GG]v%'W4|N~hN:-cqvdBz7}FTPb(%%3ES~~^pG+MR^R|wk&'&UCpt>/$=~ut30d[GX[e,%K(}9Z3pgO}_~1m@tJl-e
Y1O`PJ/N5)mR/^7eg{s
R	1bkK q@8g""gh^{^S2?	oRy77:8Vmp|Po/VIdANgD\`0f'!q?zg%Lp'Z'+F,?jS^s'9DKLm..e/SIoN0dbk8H,A\hMT=&u=?biL	o'I:+NR$U5Y""z>Er2Z$8E1Sb]Kz972XD2g6\	sJs,f7	WV3k9Nw\v^F,4t:jW7yUw#bJe.y6CPF_q$.y'fA\csfYN5,#`-_~!W0(x<Zt:6oF'SPO>P'gO~VW}>_'(71 YoLFO{?*= 	<5#@fB{`f-^9,VhQ^Zlj,JWsjl'srv=8c.2_kU{W8>zaCtVcZWPg`=?IT@d>&q$$?GG~>gn(8<w[}`\&QN'[v
FFdRu=7}az,Dg>Q1TwJj<#	/:V	U/Bi91[8N!u8j'-@7Al$qzo# pks4'szN>tusI{(D&CVL#DE);~fb*zaa-N-EV7PAS77\'HmNz&xgY}i]+OV$<[cqKxh]#kY~YutaI""S<`lN#8Gk!oQM 9D	p]ajr2El^0}6Nq~9<S[]hs[yqs{|,Qqr@oeCm~R2d,I7k5!nMB~=[mL/z
``rqi4X|1oDutW$BtR""|.+a/97Ud?ndXcQAnOZ.Z/68b7C4n{4G#Z`Hn[m}.  Wt>Kfrp9et
+!Iig+H+SLf,_ZkwsR4&j&:fO
E7|A\>M#*^n-8#4Z/!cgfdkKRElVzZJ~t""v9oY]#iN:c[$bmnG	\,\$Tb?*@ElY1HD1P:\{'oGy&zE7	-'w9t,d 5@%?c$*$-Hmf@-uu&YPAHvx7Z]F$PEPn0^o
/7m?pZIU #W#I""!pXVox@$m>N""aHgOijT&L4pNHM1^y$RCdKUIML1TC2Rc?Yk!Cc`belhU?bJ?.B3""[yV*RU""k&2Gte=Mw~6omx9/I'9cqS+#=*AXv-U=T2uC&&^)V6-,F 'Oqq/Q?Cn BifZVmj8L[fAs&n	J\Qzt|s*CC12y?0o/n3J(`ZXpNJlMrJKv;Bh%T4'Jd~S@3w5MNs~,~m,S8"".)f5Z12k=hR7s(uSYO;""H/U V/VI3'\`<6""3yVr)_:t14fGp<uDxIq<'+q]jb""MHCXPB(KSf&q?NT/so9]F\np/cmMaIh""w0BPJBz)k<PKgF4^K,H%a(Xm_fSzmI'9,R
&/VRE6a5~g)FG|z`wjZ\^JHAN;kndP<!Ne9F|>u3BVS<<>cdP+b1 +[xhmr}k}02lAS1MQEft}p9,L8J N
2dSwPfF_||*""<X#:{WzKBv9k3+
EQv-w	@t'0NVFwb	wL)5*Vw2,>KXYmElSMEZ@p}]M=64cYZ0ui}*WK!|-X
0N)IF
iW2K?MSLc{t""}BW#$V9+cXBBH#_+)AGmFzexHIID1NE[%v$&Q$v;dW?Pztc$7)m??3\XL ,
W0HE4T6GpLn8""r\wvX#ZVu!0|2bA `Bz%PoYN1,zpkk`%,9>Ss450.TS3s=CqH{w[}m=1'+k4{+MqjA++e<8Q1Ear.97f61|TM-9^Df^^\4'07]E=\	9%u@W4#B$/3zS<z1dH[m<PW]-wH_|D&l4]v:F""M:_gY?T}=UmtYT5	uaqU}?U%@~Lw#3{3u3Lgy,	x@bnCQflme
2;Vl|gs2s\((xtt9XsJ6=X?9>vaB<[:ey3ovv/-n	@IlYDIQclX[s@NsD2'(;B>j';_(CiX\Y^k 7X;TFz%HV
uyX]&""Cj`S_(Rhj<q@GB)K[=d^PML<AT<1sHgP1~K,*3
AKW]o-Z/,^Z+~rdA:{]Txxzu-o$j)4BuU}uK(+]BogiplV\p-/PDM=yT'x5qC)s<neXU;O:B)tj?$oJ1|!+_h*G4sRabY ML5Jm#D8$S=.Nf6C!Ug|LRlUNO

HF'JmPc!]n@r,lXY]
!kK+ wkd2Rf3>RMqiv}k){=xH`Fx!-
iy{;s{z8!
`Dqc3[+S`WbY)Jzb6MgN	&{
W~AQ7|ExTV	Je/Xkj""	2@xR{_\#UZqy"".R37N1M&=^'|!vXHD>/)|AwMw%}Lf^nH4!JyC?\j=/S@r""rLr=+2 ?{o<Y+~>31$;}Op b4KvMX+5t(>zl_}R<5c&eGI?/{?/ikw0?;pzv\::\{7]uml?n.bV~B j/pmHMb^m+V}&Sm=:BE]!b~D9T[*VAnQM.AOAr Ip.;|U9Kf1zw90FRRw= Y(?*NBm[j7=YSS}'@kku+jX""`H/Bcu5)o66@qPLHNREqeLe@BI\%o~Nyyv|O=AocrGmmb'hMrY~T>)&Ii6yW3=P- ab8PzO3-N#b)""S=)b	'A@eC+Qp;Oc';x53yf`e'kX64iMQA#R2s\*pSe3%)TTzf""e.4crf>x~
6yxU3(6Ahop7xgEshQ1[rPk`""a+1?8""se*a""~'bV!SI\^=-/TQ_~j79rgG:SC+Hh%P]0U(u""j5@JV
4`cM~VZuRX>SaH\smf?iQ[v9^1=M6rI=UuWo)6dh!{U&Se}*V,H^_Q%Fr	68MDR)HCrA	<y:Yzmre(hr0U!kPJpMu#FK:|k\41
ZYE_CI(""qndUY0!S7:!62#&say\RM~::-Axk,HtN.LD|I1Ar:@/ .IIIhRg-N<XkbnFQJ=APcmM31y=N>H)DfM?i7wv~(5w _*U)PL5ls-^q7jo20]9g~E-ha9.Xp'Ottk@@$gFb3VKgg{^^8ZMR<""!Qi8\G~[<Xm<'Q$Ca!kiMs&n4B{kJbx6I_mGgC;ak[V@u#AZzJ89'*DGy{|+\[~Qu;774,Jk~XX,fyX1,slFr 4I|zm5w>MuCjtRGgdj+?eswS97=Mw""p<vh""q8!'u3,~g""!
;1w11ku""q3n=68|1zJk
zy]S	EMjaSwEjhtIE!s~_.(DR
t.\""iUzVVo.0c.+A!07TGa2f,&(,)G31/K/W]{AUC1kx)A12^&S;9m:VakkL= iqX%\>xru$SnsYVLIH47}StJx'=pX-$un""y33xY`
mX4zVH|A#XAL&.qwXg.,<dWYXVH;|~:O _KW|<Y) &U5|}kO4--Ax
F+@<r9i/q\:sZq'Ig7.Cz4F=$~j+(8vAR20l!TItUFIN@,0Y5Q2
Iz@m^kGlM}USspM|Z!]Va[h]}x :qMNik=rv|UD7bCB.Y8x>CHYGZ%ma}p(,zBa0zw~Mq A2nlqGAt~^RBRIB-:^Q+=!s>&]FnvdV	Ls$9TeDO:[!'Ad""xv=a
R.D	?
Q#YXE6ENc!	$=n@uaDP;F|f*|m'|g5C];7<h],M	p)ICan[1		3`PZ(Cji,GJ2f[A/9B!AhDN6B[Z(=Y$O#,0<?kk-g'l8.$Lc'WN
HTEqI#xOT%EcEO'e7rt8}@~8=~B/#(yXOP*#.w-!P4p(0=BSH%eLp {eUv^^sml@KUUrByqiLJg$l5l\MFF(}Ty2Rg?V<""6fK6IJ7*,DjO;#v}rDqoTTnS	$?oO]mVH@L%T[&.I-7N{k&cEpz7!6c<,HQ,iC(ruI7]LGeoa1I+ Y+7M8>R*;MdKQ6h\N+@""2:;oEKp{&E|<veCn\H@qdaMumuPjxo?a\*]pkg'7+Z@da O9~]T|Af*]-boHlK\.8I$t)Ik]	wqI2,-E>CQ=ePIqRXpHb//d6M**Cq&4jL52^|?7}rVL)J0j5^`,	DAfY-X5VP^;6I6@ZU7qFCNOu/&K_>bv*
;[aioq~)GL/FD2MxbJ+X]f5?g`,_rrJ1hS*9V51Z_U*'*Yi>rt!
I2wN+shmo_eM%ezO\xn5*fR>p\4Q1qsM.Lhk_cx\@5Ry5};B$95pU,fm6|LO5^/A2Wv`~3{M7C6Yz\BV56s3H+i|f,x9ezfR)Z\:I-I{D5rV7~,~ES""	WHG^^}.7ZYMG}_.uDUE.@N;&h3d_<! zh@]rBQ=B.xuB,g]~k9'~j?.R!Y1o)xdr7lP""Yea zI4gw9.=(9?^Hj~\}G""`XZJE3,IJbn?R <UaXM`~\jMVtg""RAs,4mj.q5APp`%.4,wjm
`
Kv	k|^~<M$#A)zS0kvbl+!O&rC3/QV];<? gGZp1/<_m1&GcN!D;sN/=H^63F^Kt.kkJ[w!B!Ne]X=,#?Gf	7j5){w!,hC-@lgw@H/AwduTKUX-q~&H`fr]|WNzC=91<3?)ViP&\Y}ogk%uht8%&mn2Se m|Bn&B2|V""g#;""+Wj8=`pK%6b$ nR$+:=bz6'KM&wHwZlp:hlF$$xjG`u$hTpP\KM{V4O't-Y@/Ysj!WG	E,86sGT15*hto!3l]7\bucZ$NNaxFdfJbndBKGI8p'J]|8Howa%gDbWTA8:-7(B%t8+Q]GG4:]'1dN>x$*zrxg`bapj>4		%/iy}S_!&=@s^p6%FA{2CINeig=r#ZW+b?nZl[lh>9TXsh*qRv+af s$pj\$o~&ws	BSGb)5$[yAfY(A{2Ah;foiRp*]KV5qiWp;D?2z&t!`2%y;&:(f'_Vk:)m5[e]%V]c)sr2JliLuS<IXqow0
:fi|t Bl#M6xe
M
1	0QVrBiVxk?mvHRvAL6#BJ5uq<cHlL
*V?Om<(9Qi,k)nS}f""`?Whei>xchn\1+I:pUX`9m);_rdf^3i6*)l)2@}""
tMdW""iyNH)Q|HaDM4E[#6]J&nZ(	DwE~uj>dJ:7ueY 1xE r0a=8a2VAp+P&,Q96PEr%[i9mohjWx?xyCN'm?^R_pIL\DpqLJ:MUf0_,*{aLx3$@xu(6Gxlk-Q(al,[Gp/\{;j]+>Cgl~tPJm8ozzl7X3ds~""&UX1SY_{;Y3J JD$""P2l}K~,.6hKJvVAS3[+2EoFP'p\{94p#LFqi8$GM+];&Gj,[q\]#H$/(N)nf""YTP6 nY5P&GWRYo,<U0TCD#g.0+	=5f{Wxa6JR8V\:/1m'h`QDxv""dp160:>!PdssOz*:i7<.~#9_Yu;7+IdTUm*f:?|xA9[yF M}T6S.Ty]hj7d%XFWoG^a_~uSfeq7KdQ5EJ,n}Dd	AGCa6^:=F.jz@r$Mq/Co^0ba'oJ}pg""0PK""Avek+/i||jkl|Mm<S@5q2ZIO,V#3m&;Nolh)z|oU5'tCq0r5diCmrrp5HJ$^(K
WS%y'<_+/'VS&x:j]Te9nlPbOr]el[\3{]!%N'u53$L9v}o1jbdc`_;q%dBvB}{N$r)	.B	w,UDhMYD>1F|NG8svi*  7F<EK O)
gvY}$*Y8s_3;oV>dhw.`c?$)lpBVN5U2R^Q{XsavH	/Ic""eeYIims7Vt~""oe$>~K&53e([i!clqp<b!8y_N40F8V
!2
jTECZO=dn.:>g?^pmy.W
#*{/XqR.9V:1se9H4g$wp(~X4g)M;bD#i9W<L/qJFqbuqE)9!Nc1UIq.ie::Nqjf=	Xw1J.JRT51r*5c*""0aQ<	c''3YrhVjWZ4QMVKZo-^S=\d'cbi1bs,3@CzDg*B},PmAt*_N)S\S<7e,;-U`p JVE09M_sh5`RO4e'0D2w_6
f=JVDqMoH^8<vISJRX'6FFdv_:s,*')&R#.%bp?u1;58r+q~uM;Q6NV)PP'JdBp(@!o7z\,d	wOs^PuSK<aG\	oM6[XzJ[""H;'7Jr@v\4f(5yYzsqziO0_^?HEI2PoL'|*+-5'LE_Nwi*^Q
z=t\ipAO'Q{{`w<:2RnSq]mN?yn!\.
]9185pi@bL?P	oFB6HUX[%iT0uw=)%`.ekZbYJFUs*/""KB%(1<_IBw
	#(]'DbqD.	c<B%)rT\zVF
k4|h:
nM$H;EU\|[\&E7)d.*X?SD6+R<hX8X{,4h4{K.yXLCa7n
:]Fg\9n|q^r4ww!~au/V`1z	C94U|giI$I-vynqh*tL^>}|WZD@$-GVDJDwmd4oRhwummK.(UG;~;]{8JRDhRvxWtWEM:}^4%0qVaxn	mTi_}""Z9A~P[	O=.ODrIJ?g,~,932kq:[	i`XAe!@@EfyVhlp9/.'tSVu;+#rd5?fW~o}|z^pm#OYR)iKaQmC/,4Vwrgu}^a:	D8RifZG8^;<VDH;@i1{aiUyaXFI
=CYRwM=.MUR?lmr	9
`O|Z?JaJvc{<R}KGg=H}mAaF	)\Fi:__(A^oL
YRW*(
`VV!(wNvDb)R[1,6}=hxfhqIRu[AePe<%s6Y~+uO.8bGq@5pJuALd]y{z""W<D*o7m7l|""5^40xr3~Kt.?LYz 3G\v2sI=O7VYq'[BdBXo=0\U %G41N{(*(6>[LuGo[V?WfAx-1[6}S+<1cn%fr-wY_0q]-ZP|qn^:9|`8-OK B),=gY?'R5
\?c{~aQLiiP'h)c\NzUA,%rz<eXK_bwL;lJP9J.-x4l)y{r6Qvj-k0GaSd8%VZC0v)7q1JU:9#yCgsirXhM>|}k*e8;F2R uK_H4!||Ylj	_:^|Ki~&m9T0Gx{)LAn<?`T:K|3 Y7.yM^sRb3zzW>]REB933+	 ,&o?&BPEM:+~35@8	'6Br,i3<}}<A""i>VC%madiH(""k7/#-q^/?+X#pl EL36D&
Wl{6-l#?`oT7}	p[Jd-Ov403\hc:"" MC^Ma8v%*~yHbCeqwQ|!RPgD
5XgX0lq]$:@?9-&j<Uq5eoLe8GcvFO8V=%Cxi|KLKfYK3?""{dYM*A:VbbXV[&OPSU/z!@%""0JSK1{?a%lk~~pp4[e~0)1DmtP62FX5""<GrR	}>:8
2#oq~Y!


\pT<M>}F<y*;q9N\9Yd+""61gobjeMj 3*]ShTM4Yr]<5*f_d0~jW0%D#93jZxqOx811p4vA)BM4Q1/pKOP=V`U$C~i{1zq>W%Nl6Th""/JDLukxKB{^ZIx(izi**;xxqC{Mpnbnf7qZi)PT6o+I3, 'C2ioDw|""HDDt+([.S~jxMgU=1Yc.'%K^24}0xh,Zr<-yx/7NEW44ahX8c'CvDP=]Uc[oAdDHt]~<*$W>
7NxuO6	Hg(:ayj.U#}^>$@ac0wUGLo]	5H03""V08K[tG.2pLsR?/)jk'\m*j29W_D3Q}ov=1_22BEjyni@U|jbc'Ke
9[Jt(Yg!Wt,h98rhI7N61v_IP48(n[`3if *v4""&KBenluZy]nNL[7vsxD/gih3'%K'NijY5evL`d$oGf*6j@'db:L02amy`.pQW%FD}V83:l_Sic2}hOl|.(tY!4E;CtuLhW<.! ~s,wk'L$m
a5hBEIb$fcZ(6@}8<lUrHiq^hIH-w=0G}Y4( t;\Y9Z%#K#, J	SeB#1K>BnZD~l;D|xmq[zP>%hQ5T}
/UJ!5	{cH_FL*W3uOO3df5>,QdQ7=.*Se;j9)+!nGPdg,/V7v
z >YTg5>*nS5XzIBSv0/+AIEM-3`9w1N=?Gb;X:M-8Ls`l@O(-GI)WZn7ARx,BmI{6L$+""1/y{oc_6!`/JRiCi1<3_mRq	+e""U#9wdkpUMtu`'ik%]s`1GIZL%Mg{fmtWn'E]P6mFECT3n	1Ca&jFGuB*F[^EpDq(;*x6pG-1BL#!9^6	#)4
F('6i~{I0Vy[Qn,jHOFZ'3vygR9gKH#\8l+hs	>Dt/&fFqJT7n6Z]Xdh}!Q[DF*CGQ&UesOofv~GWrK@*pBCaJ5cT?JO4Vz:nU %X0~
<b8\7k)w
/MBw5X8W%**[SYqg!2]BwBh8y]*XU:;6?<It3N=wB**{""cXe.zLl%E!Fr~[er1ybqrPhW<aMdV]H%,y<azThV:H`	p;;<K_ubs+tLft!<YJz2nL.&:/DR""#Pj(.OA8Ep~V?j'VTl<ANmmctm A1""b]q\.;bwr+sA@t*tvfX`}xVJKU[t<AfkfLs8*;IOjd{E<y'e_t9
y|&Dc[64Z2|U)HWRSo_aUV,P9*%JzBck8_<P+~G`'W""s.U$'^A$FdtI %wEF+u-\!z$EE4cMIKq87h$OD>ycD`_h!dBVXDv-V\MhV]
U[)fB}rej\zr~v^C^un+VLy	1~h'Z3u4YzSL"";!KNViFkkP;MG3s..[wz""Pt8""6n1$s1|k{{uF-&y#@ldJ#T=/LmL""/kzFkn~(a/h`M)@fuy+2,HO[5RRsrmPWcC*}=4!J#k2/9n`XOU(yO-t@~qqD)]jB#lfz1OMA[<>&,G4$]:YbMa:o^DZ,idEkUm=<T%)w>gI7	B/cUBk,;Nwewb`(@0Ac:0wP_r~YJuid*7S.[)Jhz#VL.bb &*.lG+!U$iCf{.kp|?X,w]N
DM0a(4~S>1b5[
3O>8*0yB4<^u+3RNB)W)n/'sA	^%,RS_B/?[_MNEJ,'fxm=""Z~?NHiIZQhB]JNo2NB(v7eq 4J;B#@J(XxgpFnGN~s/7yaJ{J~HF4lcp@:N9~)1;6.pclGs=S:!sWBdV-/[z`_08 hid|Cb7fIy9_nU_gS},^0ADmS*zF<'BI`VY*Sj]VK$y,]!F8M+jIM[f"" <u\2|~0wBu -.UFavZijH^u	""5Pl74up%(jQnW""oXlz8SWUDO`{Yuj`?bJPDmBYg_s*vd;v""0Zdea.Y{5'7Gx[Ns\>S*yc2MTphlVA&?g2]S	c>)iYhgV)^fVlovv? ^n0N=3hM8y
Kv
*8n^%#o*lqS<6)b[HGn&!M?JdbG0A-}IH\,)3+(kL4-<;T 
>yv4""q%m!`9F,UG<)MS3Pa%z'!ugo,obbV)@rF]!q y~n G'392m7%-""!.3Zb}jkHbb:R;<RJ-s3F>5 ij,BbH&@DAW46`qtYeF>$]RJb([yK=rNVshC%y'__`LuIc,L/5m2pf	\	(T<L%_^%]?8Nu;$3_G<i38#B""{Vx J[Fk>{ub)Uim[''S(oT4vCbj~gl)oOIK^M%]WaNHkXe>?HYGvj|vrvu%H#{X&^eg\S?ml>Q zv&kgtpf~oD Tomc!!.ak91X	lS&P0 nb	jl`ud#Wj}?XUNp{G6C	rk9dHIMdV<Tj$}8Q=HO1dg}I8]hh.qi\tR=NeT=EMf	dpBxIjU^gY@,yd-t(z0=At&kk`nFq4L(u]F,c,4*p(A<hVV(`tnAs~Cb1j,/1EmiFpD2LN7#l`>N+qm3*L|XHIsy#g>N!f	EQw`
/W70#|N=I+)~J b(fxY^qLf4+e#
[lUs0lIW:hMrr b{0c{9@e pkp|oyp:VHsWi8	W~*WO""I;6z!g""aKVH{q3|lq`$H4QrY5mJ+2h4""*a^s)_rrG*VY;M287Q@4fi;'gi\x&3:,o[0o|->Xy=vQ	D^NQzvv'h%AYz-Y$y?U$#!Y3C_	ZW:f1e^[}O[MxtuWS+3=1a=-y4;W?7VL(=u~MR~bdH(!GJ$+>OZR>J!0Dwk;No;\}oc,*-)9UmAaROSUH(Osm-fyr#!a(/&g0$NfkvFr0[spg0}UmSn9B?:Ly	36;%""0p)LvF&iX|k]INF+~S-itH.)^g[Y-P!4gZE6H/9)s]PZURdb7vDKiNinsL;P~7x?""PCEMI)jR-}4l.	K/e;a]Ku'|q( h=|Wa6bZl4>X;5D/owhx9TYHZZV(CxIm*
Jn]r C,k2XM>e~vegl>u>{1v|('xn+a?)G%4e`ye}U,<O]QS.C'4iw=.<:}5%	[s4-XbArKW;""_&<*gKH$tL@cYkRs4blE.3na=Q_,$A
,sjjLhVi	$d94rJIp$H6Va{Q2vnj{
nH_J?TGc@ogk_a~.]t(g3kWfU?0T""$R9o5a'~ZuI:/{_#oQ<t}T]&e`}SS.
}@4WlgPi?_,Q
GH.]NM[:m8F9BHhH1^o)xS]y2	0$lbN-f5wO&Qyy5CosZs*do%`!-jm)6mI3VTd[A/.Gyzq@u-Kfi	xrv5QZPiN0zqr&< fiy7#*}f&9
:ySl3'.^q\F(7R:_Mv -8s'm.pR.m9*s:wM{l',.z7QyVT+ qwqi7SHu_D[OM0vx#b>1jNYGFM49wS%Kj=u5cN*lEzV<
F_kcJIY
fn(WWPFFcp1>Ycy7""w	P4u	&6pv#<	 	rC2bo gaiUVzETe~LfYEa{	Bqdgx@	Z""^]Y""c_\K\;d,Vb
!Ywy_J4R\ !k+Mvsw=.ap.$Z;QtKRkY9tULdff5? Ac53mw?!IO];J6v._d%n^}iO\9^|~aex`<(zA@Rg,Y!;mMZwCth]}1M0Bw1mkSvB1x#WA]=lR>Ocmw~Cqz#@#
_aOf.FtI^)	 8,U}z0c\~TMoDKY^q~A+/]U!chm+W@D?Kxit@@1""TWJ9/js)rOFPxrd[mHi@_Q;v(K.f!+3L%dJxLDXF{;otl,>>""#xgbAZtI7FB~^*}FqVCj[\H6(;Y<}gjKp[GK*# Zu(OiyD~hD-UMCl-F3a6W6qku07yCem'/(z0=0OeXAH	DHOt-bG=Tg7S7#]ub17R5YD0<;U?-Hs!2I3hhTi\|G8Yy1'rJ|?QT6Im]SA	Cjsq0x`c#R''&?+~Rt6lxt
O+=~/qG4r/z=j1TH^v""B@ZTJaS\(GgoP,'.9}/Nc%>BX+w>UQ*,0z4L:t>PJ0""r&`t>ZK
s
[Y5 	isv<Zu)Da;n
k([rNpNvcHD?st!67"";osaoUhk]Q-M@qPIdb+3Qu8EA}le},

[;C;<vfDr#sVa6(U5;o5s#9{+^dv4TG(eLD7D\=+m""C<[q\CAC$)895,Epk,s{8r?J<N 0\aWq,<@^0DJ|I\s;B;rc-Lg+02j&Z:vF@9F$mqS?>)S/<=fm9jgDXGf^Bw/	`D*Z\c3yuI09(M^mXC0*5l#V#(yy.`EyIO.Esra|jgr]{gIB#K9dd`va}	Fl	!&~ijBgNIKpVT-TEv}isfyx}'$}bP7YWwYfS0'FV\U0""9H/*)y5W
HwBxds`)(o8/JfsD{^h	{qL(mO^[\aU0SfX^kLnf+I78lz@?X=/d/wTW$KH
esg	4
M2k`joSYnx:L'c(>k$hX8 to~#sqoILODw>D3""cBr""ZZL~pX'OL/~x+bcnZy A
y}1>B53.}Ec Y S]]	!]B )`A>?)LTnIIsW+JL/\-	gA0q
yS\}PiG*|""_8WjQ(u|~x$	J(zb	q1:3m[kl*FDLRU2FwJiXD+.6.fG2RRdiKJ~yS##o2zV8/)U:FoLxU:NIe)4 4uIAVthA9}zTm?	i!m!OFaMPXil""Ew`r	En2~M uE^(X{$_f\$V1N7PO& ma	R}9U	dpz>o/rwmQg_xYAwt&*>&t`m	U-sen}\^	[>""#Ak(e9)9&@{8VPK@lDU<1XQ6oKKn&7U42o'V?zaJA%x;:o88*9xnx`A/ot~jSij.@pgHRSkx5b9<)\'
KEZ|JB1@p&Rua|Y[vruVR3T&ee5xd""6""{#7JvDA'+nYss{\x*.&l,VGIC.C?01y95}	34Qc|#lw""q4C;E[AYdCx;mFIVfW	&o`sbLZps9xV}	>998?CE8_1vj 6KP T/]]SGR<0_U3H,5C_RGN~A8>'#0C!@tE~{Nn0CtZ@NB!_8A>o%#!C/AUWc8j_>f&*)CH|F]BM1_yjg|uR\YBAP5	LIWK0MM=hXh/~P='B8]+=lHN#ym9L{aXA""x*>jjX7?_	MRuzdn~8v</L1lc&A_9ZNk\\Qc""UOjP;p3-H<08OzXVm'iq\4G=*JeZxVt88888888888888888888888888888888888888888888888888BFF}1!Q""*|p[23qVFP7?0 8,PWkcpYyz=DeSzoR,NbhXY$](sI;5qhaLK-wK>M5	1bi+[@yb\ry$[0+I>a~,pb?xD(id{wp'BYIYd!@o[+Op9\b/
]up4HbM}8ObVJh""Y8jzqL Z.qX	A#	'KNU@p0#=PBLh>+pmtUeE5~mtfD""ZEmr9\||#u_LX2LwNQ'r(5eq@-<foP$#==rMf*.#Mq2K]]fZ'+y`c~Pj/Is*!V x
%#)HWu)`-6![3P`
%{yJW%A=v'f,8#.O<I[5}>dDoXgS	CxYJ^D-rBwc]ZpIrqY:-XIWH[#yWXx;[f 01FGj~[S?	KI<H3GMesz.3[[Y-l1'gV>D$pYG;k1,_:h~wJ-un{(W-)>T.}K'DAf2""9Yh0.{NR1$2%itn%P{d\fcAN]
#Y[&H_U{]@(
b6;qMUUn'W.rwEeP.w5%\6Hkz	Sz\O@+iZ#""aVb(j2UocEkFfO$tjoDU&^?do@(rm/4eM!e&}X1srNiYPlq""'aJ)t`^,s;jd	.Wkj}#mv6lf(/e,8L'#&Op^p\{N^D@.@Uxf.6kn&fB
+nO""$fK""Q	g:iCXA(p)g nCW#Nv8b9qyMIK(#	RD[}i^"" BdlTd,@}E/)#H?f06Ny@*""<OGSJ%	?w.rmCX4l%az4a	!,+M&DIE@o34j"":^Wa9KpE9>U~sPUa@T_mn1	Hg[8c(4F,]y]S,M)F1lYyd)	3#++^/k^(%Hek<\zJ+{93~\T^(z%5x'o.WyIUnfVo-mn^w@P|nYQn%Ia/{#46!$hj7EG.|GHVOzC/89az@	sdUj
g9PXG2xhngz7=c,q)dajEag4
ln\/CwC-3SI8)==aqUz&gsX
}5n	88DMVF>G7U!(.l	_;UKtt(M%7S@xX<2J%mSpkB~J/--	=<9euy W`,Gz-Z\X]v;	 DE6l~D!mB^b@oZ^SpJi3-wm[9uN=%d5&7Oh=`WU^0I:V.Y]c8>2({NnE]![qy	Z#_u(K,9a,0)_w 3~$\5/{y,?Zb\WHZx\SL**< 8' t8>^nO62Q""^)Jn%9[e{'VEp/Ru@&eH1eak1fPK6[X7&5zpHNYxLWu*V[.u |]fs;.emQe.{g=laU'^]m

!2G1BJvO+I*VSWsXz.WfgN7TyF(	\{Z!fHT`
""jfPLY|TM\(VN*W/'fun;Lo)JKAHN)qb:p_`mv=QZI0YJQ*SL3'>2NYpDf+-vS?FAw4visI&U+Bb9?z6[lyRgq9l0T]kFSt5)hF	4?9,I-%w""+uVm^Ojp.v:D5@j>PATlTWQz#4~uDEZWe<aDa@CB@Y	]_	 xU:lnH^%L@%)k([i/m=K*fB0@j9O#3)^e
HVu=rt${ObTe`""$8x4HZN$L?bA?<`%2;UtSBg&rk5""5*Q1b=h&`;C.H}jg""3##z@;]_fhtbrNc~Lbxdn$w	}1-X?M""1sEFM+Hry1#EvvIH[]`[P""<V45l9ArxIo&~lh.ITZ7k,W=}LUqHoOG$JLJV*i,wJ7Lew3	16GBq5>N`<BS1ee/.f%MMq}{x!q:)g5S3B?4Aq	
/!9<.jBm
?|L8/r_(S
aXEO)QS%,;M8y23v't-e,%.t""AC>ttEn13)7s{^d""an=W^t5Ga)fzohkK>_@5ih*IP\4`XYiv2xvK7<:k\s{U:'3~	
ZibmyfdI2D<]aj]vcz;P@=Ag[|!%$bkpa{K||""bk{eK@>R*&3RD#aCqxA~2|b*7D|4(d2Z(9)C#LQJ^IZ8\q-Mv<?s>+VsD,;<}(hUB~ml'XXvM8j^$4HhwNkP]gt-3Sj(SHV:AT<7|/j|TT5v&W1WC{v<*Myw)nT_e_+}<B8v_Q5-0nR|[]6HsP;*eA^=ES<Yhws!n6X,-q*i1{eur.pj51|\1/@8MoM.0Dh""kfzXh{m""va5aZ<ER""{K0=ZQ.=]:0iJ5	= gfYspmv|
)%""60
`<n^Ty1_BU+Wj_f-CUp?~[qx	q""|VH$<.MOA4?T(!Ri~D$?,]Me|_V1BpQUX$rq,+xcu/Ix}z;817h:bb5=jB|+o<_cu\^Dr]F!ykS p6\z'T4@sk/@/*.V<Y&H?I4voSQi4BNK(I&%~$l_	(XN^:ptoXuxK!YP<c&,ye}=05<b6	hR.'%Z-Qnn](KZ5aoZ_nYRw%sOwy0Mz&7N:c!w|?aB^*HMloI*e|S7T.RsO5\|YDnx(Wc^m3K>^\0sD^q<DubZ2-1ImFPq""S/%*+1Ex`eeX3(8
9g$'<\#$d&3@I}E0#q]:D<f2N>t+zU5B%^JHx~l-\`Uuvfe^Zd)T`cumq* hq@""dHs?<P%/keVHk[g?U.>*x7&3N	A,]/iaJK}1y""RKdG=QaLi_%-{zA1IF-3L#yPg8:>Hcg}qlM5u)GA4e2`31yNV. 1gGd 3f9N:9N%.%/A'E.L\ VJYAr68W5&;`}ta}vF/iUndL#8|(RrJ6AzD0_P1M9BIEZAtQk)t6a!p}4U2I&:lI@`h\cnhb6(2F?/pS{csIl@_QNt~E<T1`@0)u
Z-l5l4$$SN! O()JRp4RSW0)_qOJTo'RKj;2*Ca3O%Q6:f)
Iq{WQMlVN;ER+**0u9)I-#FZ!Fw+"" USk6q3X--oh{+q_sTp?GpRo2BLA{P?-$.""Mab}L//vvbQT~sRXD H$	,T?**p7dI;;W_GzZX|g^u&Cd@db9pytbb1B>].'#;~tOf1j~jP<v4RH|QiG:\dP%&a#{ZM|WiB(#y( (%!9~LRl*RN6NfS,o""7@73.jP|nN b_4[P&e84xobJX4:?w#uICO[sMY	:{]bKk/^q^3ez//2M4&{Ss8,-$i<b3Uyk<'=2KU`Se_1jG""rB,FMMe80~wdio,'(}Di$~Dx
Qm	rm2QD(*6sL%e$Kxio8rw+CqKw&{Ddx8*fH<SS:b4?%~9+G5X,aY]> WvK%z'bQ|N]MNZ""FhJX\7E2<,P=%Gr""|>G!IX6yxEL\Q@6&=5&U}5DN=a?gUk5\'yc4ooT'S""r6aweG.fqtZI[{&y;x M+*FLdBC52pQ`b4R[|:ws_uf3p%8eL03M9DHl	*iTFkm	t%BM/l fwgs7)m*1R_}*5,Z2G5p]af/M_	@PMLn+jWOq4zM<'<njE#IP%]iWI
z^kg?i]/BJyOQTHuKC|6I~ nI~P3r.=4:rVnesmLR1? 8iZUyd{[WI^/{)lp;uH6](f~]H[LY`?A>dqhaI51ms~^W9QkcE@b6ll@cx;F""}qV ^pW\V1i	g7`n%./*gn]i@{*ww|/>A<%M1V/I +b)0QE@j	Vuk>&m+X.FTthA%;BA4x""LC,r-^O,O0`cvn&a<kx_z*EL""*DvHo)Gn\%q=eXBGBlJzvba1n?OCbxE<t8+MH&	*WKLyc:s<`q7*}9FXDriUOe19qmn&,iuY{>lG
QKoC #&/=rGf}mh)SJI;ZZ>x]]-KV|AyC~BEvR_<rl>O?I
Xkre(VH|_[&^#1Y3OB0z,%LWgM6O;
n#t]CY1z`2Np*GO]kLAoN(76Iy0lrjfc~}pMg=uwZ([A $rDhv-_(jmkd~&3M5e-iL|Xj&yhdXO{E{GSPB=
NDK+/xG,I{AP14);W@TX'F`'V{]j[&p+!#']r}7V(mGe0*f'tK]T 5eJ(=v,rBZRNdx~%YVu*!o}jP0x.0D0tIinfU [)zW6tisS>H] b	HeWWMI
^\li[tXCn`G/pe)%N 8&kF-jsN9`tsd1uDaA,pZ\~1MH+N.LKn<2E#n,3ED%@n*
b/}zK_&V{Isiu)YxulZ=Z""I3qfuM!w	$h:	6I6I'*|?ZK
	OKo`!!IRuWB-a6Kv#6lP{KzclIzj#ok+OY4E:.$Z`YK\MP]xu,4xQr y{Qb>4`]ehoZHikY'mT%^&Si@<1w	YZ_Fj3snAzl!]j90qzf#:o[PAir0Th#[OOkjzJ|^>X]FO#bncb=4L
&3/XsFd;E6Y0SpJT@1Xe3e^l?Q]C3DsVrl(;"
"benchmark.StringContains.stringContains","avgt",1,50,1899.786295,0.593238,"ns/op",88888888888888888888888888888888888888888888888888,"2U8o	EJsK2vKCj8}=U""*	Y*N7vK}tjW5Gyd3:Y8;VB7}wUOPDF@2mt/%
aw|6zu41Q;y	M+e7\v'V%bQfLnb9-&E!QmFv=B1-mrMK6X&R]L()Ihm?P""IbW(q[0sJ	Lp!0mab F#QL~LiivVx2<&""@HZ[>\hWIDFpU~H.sks?""6VRN3Q0.*P	U]aDb9#@kyHOk_*btH@_.^.:ab;^E0As/~uMi&`*0_	N&Vd@QxRZD>Fr8SZ]d_PXJ-O0Y1,BJoFsb#+7d#vLs#L9
 1KC@Lm3 $s^Z4fs\FRRC$+	Pq;;+T3pXHkM0')l][z6""(@r4WV$q4VA(*'`Q8Big~HM=olcu*!OIE?J:0@H.{LQZe5A[pP
ZhZ#	t5A7EAQLI{}8v2d
Y6GRX?ytD`'|'q!%""}Ww#bN}B@E~?9m@/k7H&	2	n%oK*r7w_EICxM~g<?w<a03Zof1suPY;dr,(vy}/<<B,l.IAh*yTZ*EV(a%]v"",*f'N%V9ftvs+""@a>~VJ iUHd""
h5z@M@NMv86$IM^3LwI!5x`:V/8(<ItW^<$YE-B:)$ %GG]v%'W4|N~hN:-cqvdBz7}FTPb(%%3ES~~^pG+MR^R|wk&'&UCpt>/$=~ut30d[GX[e,%K(}9Z3pgO}_~1m@tJl-e
Y1O`PJ/N5)mR/^7eg{s
R	1bkK q@8g""gh^{^S2?	oRy77:8Vmp|Po/VIdANgD\`0f'!q?zg%Lp'Z'+F,?jS^s'9DKLm..e/SIoN0dbk8H,A\hMT=&u=?biL	o'I:+NR$U5Y""z>Er2Z$8E1Sb]Kz972XD2g6\	sJs,f7	WV3k9Nw\v^F,4t:jW7yUw#bJe.y6CPF_q$.y'fA\csfYN5,#`-_~!W0(x<Zt:6oF'SPO>P'gO~VW}>_'(71 YoLFO{?*= 	<5#@fB{`f-^9,VhQ^Zlj,JWsjl'srv=8c.2_kU{W8>zaCtVcZWPg`=?IT@d>&q$$?GG~>gn(8<w[}`\&QN'[v
FFdRu=7}az,Dg>Q1TwJj<#	/:V	U/Bi91[8N!u8j'-@7Al$qzo# pks4'szN>tusI{(D&CVL#DE);~fb*zaa-N-EV7PAS77\'HmNz&xgY}i]+OV$<[cqKxh]#kY~YutaI""S<`lN#8Gk!oQM 9D	p]ajr2El^0}6Nq~9<S[]hs[yqs{|,Qqr@oeCm~R2d,I7k5!nMB~=[mL/z
``rqi4X|1oDutW$BtR""|.+a/97Ud?ndXcQAnOZ.Z/68b7C4n{4G#Z`Hn[m}.  Wt>Kfrp9et
+!Iig+H+SLf,_ZkwsR4&j&:fO
E7|A\>M#*^n-8#4Z/!cgfdkKRElVzZJ~t""v9oY]#iN:c[$bmnG	\,\$Tb?*@ElY1HD1P:\{'oGy&zE7	-'w9t,d 5@%?c$*$-Hmf@-uu&YPAHvx7Z]F$PEPn0^o
/7m?pZIU #W#I""!pXVox@$m>N""aHgOijT&L4pNHM1^y$RCdKUIML1TC2Rc?Yk!Cc`belhU?bJ?.B3""[yV*RU""k&2Gte=Mw~6omx9/I'9cqS+#=*AXv-U=T2uC&&^)V6-,F 'Oqq/Q?Cn BifZVmj8L[fAs&n	J\Qzt|s*CC12y?0o/n3J(`ZXpNJlMrJKv;Bh%T4'Jd~S@3w5MNs~,~m,S8"".)f5Z12k=hR7s(uSYO;""H/U V/VI3'\`<6""3yVr)_:t14fGp<uDxIq<'+q]jb""MHCXPB(KSf&q?NT/so9]F\np/cmMaIh""w0BPJBz)k<PKgF4^K,H%a(Xm_fSzmI'9,R
&/VRE6a5~g)FG|z`wjZ\^JHAN;kndP<!Ne9F|>u3BVS<<>cdP+b1 +[xhmr}k}02lAS1MQEft}p9,L8J N
2dSwPfF_||*""<X#:{WzKBv9k3+
EQv-w	@t'0NVFwb	wL)5*Vw2,>KXYmElSMEZ@p}]M=64cYZ0ui}*WK!|-X
0N)IF
iW2K?MSLc{t""}BW#$V9+cXBBH#_+)AGmFzexHIID1NE[%v$&Q$v;dW?Pztc$7)m??3\XL ,
W0HE4T6GpLn8""r\wvX#ZVu!0|2bA `Bz%PoYN1,zpkk`%,9>Ss450.TS3s=CqH{w[}m=1'+k4{+MqjA++e<8Q1Ear.97f61|TM-9^Df^^\4'07]E=\	9%u@W4#B$/3zS<z1dH[m<PW]-wH_|D&l4]v:F""M:_gY?T}=UmtYT5	uaqU}?U%@~Lw#3{3u3Lgy,	x@bnCQflme
2;Vl|gs2s\((xtt9XsJ6=X?9>vaB<[:ey3ovv/-n	@IlYDIQclX[s@NsD2'(;B>j';_(CiX\Y^k 7X;TFz%HV
uyX]&""Cj`S_(Rhj<q@GB)K[=d^PML<AT<1sHgP1~K,*3
AKW]o-Z/,^Z+~rdA:{]Txxzu-o$j)4BuU}uK(+]BogiplV\p-/PDM=yT'x5qC)s<neXU;O:B)tj?$oJ1|!+_h*G4sRabY ML5Jm#D8$S=.Nf6C!Ug|LRlUNO

HF'JmPc!]n@r,lXY]
!kK+ wkd2Rf3>RMqiv}k){=xH`Fx!-
iy{;s{z8!
`Dqc3[+S`WbY)Jzb6MgN	&{
W~AQ7|ExTV	Je/Xkj""	2@xR{_\#UZqy"".R37N1M&=^'|!vXHD>/)|AwMw%}Lf^nH4!JyC?\j=/S@r""rLr=+2 ?{o<Y+~>31$;}Op b4KvMX+5t(>zl_}R<5c&eGI?/{?/ikw0?;pzv\::\{7]uml?n.bV~B j/pmHMb^m+V}&Sm=:BE]!b~D9T[*VAnQM.AOAr Ip.;|U9Kf1zw90FRRw= Y(?*NBm[j7=YSS}'@kku+jX""`H/Bcu5)o66@qPLHNREqeLe@BI\%o~Nyyv|O=AocrGmmb'hMrY~T>)&Ii6yW3=P- ab8PzO3-N#b)""S=)b	'A@eC+Qp;Oc';x53yf`e'kX64iMQA#R2s\*pSe3%)TTzf""e.4crf>x~
6yxU3(6Ahop7xgEshQ1[rPk`""a+1?8""se*a""~'bV!SI\^=-/TQ_~j79rgG:SC+Hh%P]0U(u""j5@JV
4`cM~VZuRX>SaH\smf?iQ[v9^1=M6rI=UuWo)6dh!{U&Se}*V,H^_Q%Fr	68MDR)HCrA	<y:Yzmre(hr0U!kPJpMu#FK:|k\41
ZYE_CI(""qndUY0!S7:!62#&say\RM~::-Axk,HtN.LD|I1Ar:@/ .IIIhRg-N<XkbnFQJ=APcmM31y=N>H)DfM?i7wv~(5w _*U)PL5ls-^q7jo20]9g~E-ha9.Xp'Ottk@@$gFb3VKgg{^^8ZMR<""!Qi8\G~[<Xm<'Q$Ca!kiMs&n4B{kJbx6I_mGgC;ak[V@u#AZzJ89'*DGy{|+\[~Qu;774,Jk~XX,fyX1,slFr 4I|zm5w>MuCjtRGgdj+?eswS97=Mw""p<vh""q8!'u3,~g""!
;1w11ku""q3n=68|1zJk
zy]S	EMjaSwEjhtIE!s~_.(DR
t.\""iUzVVo.0c.+A!07TGa2f,&(,)G31/K/W]{AUC1kx)A12^&S;9m:VakkL= iqX%\>xru$SnsYVLIH47}StJx'=pX-$un""y33xY`
mX4zVH|A#XAL&.qwXg.,<dWYXVH;|~:O _KW|<Y) &U5|}kO4--Ax
F+@<r9i/q\:sZq'Ig7.Cz4F=$~j+(8vAR20l!TItUFIN@,0Y5Q2
Iz@m^kGlM}USspM|Z!]Va[h]}x :qMNik=rv|UD7bCB.Y8x>CHYGZ%ma}p(,zBa0zw~Mq A2nlqGAt~^RBRIB-:^Q+=!s>&]FnvdV	Ls$9TeDO:[!'Ad""xv=a
R.D	?
Q#YXE6ENc!	$=n@uaDP;F|f*|m'|g5C];7<h],M	p)ICan[1		3`PZ(Cji,GJ2f[A/9B!AhDN6B[Z(=Y$O#,0<?kk-g'l8.$Lc'WN
HTEqI#xOT%EcEO'e7rt8}@~8=~B/#(yXOP*#.w-!P4p(0=BSH%eLp {eUv^^sml@KUUrByqiLJg$l5l\MFF(}Ty2Rg?V<""6fK6IJ7*,DjO;#v}rDqoTTnS	$?oO]mVH@L%T[&.I-7N{k&cEpz7!6c<,HQ,iC(ruI7]LGeoa1I+ Y+7M8>R*;MdKQ6h\N+@""2:;oEKp{&E|<veCn\H@qdaMumuPjxo?a\*]pkg'7+Z@da O9~]T|Af*]-boHlK\.8I$t)Ik]	wqI2,-E>CQ=ePIqRXpHb//d6M**Cq&4jL52^|?7}rVL)J0j5^`,	DAfY-X5VP^;6I6@ZU7qFCNOu/&K_>bv*
;[aioq~)GL/FD2MxbJ+X]f5?g`,_rrJ1hS*9V51Z_U*'*Yi>rt!
I2wN+shmo_eM%ezO\xn5*fR>p\4Q1qsM.Lhk_cx\@5Ry5};B$95pU,fm6|LO5^/A2Wv`~3{M7C6Yz\BV56s3H+i|f,x9ezfR)Z\:I-I{D5rV7~,~ES""	WHG^^}.7ZYMG}_.uDUE.@N;&h3d_<! zh@]rBQ=B.xuB,g]~k9'~j?.R!Y1o)xdr7lP""Yea zI4gw9.=(9?^Hj~\}G""`XZJE3,IJbn?R <UaXM`~\jMVtg""RAs,4mj.q5APp`%.4,wjm
`
Kv	k|^~<M$#A)zS0kvbl+!O&rC3/QV];<? gGZp1/<_m1&GcN!D;sN/=H^63F^Kt.kkJ[w!B!Ne]X=,#?Gf	7j5){w!,hC-@lgw@H/AwduTKUX-q~&H`fr]|WNzC=91<3?)ViP&\Y}ogk%uht8%&mn2Se m|Bn&B2|V""g#;""+Wj8=`pK%6b$ nR$+:=bz6'KM&wHwZlp:hlF$$xjG`u$hTpP\KM{V4O't-Y@/Ysj!WG	E,86sGT15*hto!3l]7\bucZ$NNaxFdfJbndBKGI8p'J]|8Howa%gDbWTA8:-7(B%t8+Q]GG4:]'1dN>x$*zrxg`bapj>4		%/iy}S_!&=@s^p6%FA{2CINeig=r#ZW+b?nZl[lh>9TXsh*qRv+af s$pj\$o~&ws	BSGb)5$[yAfY(A{2Ah;foiRp*]KV5qiWp;D?2z&t!`2%y;&:(f'_Vk:)m5[e]%V]c)sr2JliLuS<IXqow0
:fi|t Bl#M6xe
M
1	0QVrBiVxk?mvHRvAL6#BJ5uq<cHlL
*V?Om<(9Qi,k)nS}f""`?Whei>xchn\1+I:pUX`9m);_rdf^3i6*)l)2@}""
tMdW""iyNH)Q|HaDM4E[#6]J&nZ(	DwE~uj>dJ:7ueY 1xE r0a=8a2VAp+P&,Q96PEr%[i9mohjWx?xyCN'm?^R_pIL\DpqLJ:MUf0_,*{aLx3$@xu(6Gxlk-Q(al,[Gp/\{;j]+>Cgl~tPJm8ozzl7X3ds~""&UX1SY_{;Y3J JD$""P2l}K~,.6hKJvVAS3[+2EoFP'p\{94p#LFqi8$GM+];&Gj,[q\]#H$/(N)nf""YTP6 nY5P&GWRYo,<U0TCD#g.0+	=5f{Wxa6JR8V\:/1m'h`QDxv""dp160:>!PdssOz*:i7<.~#9_Yu;7+IdTUm*f:?|xA9[yF M}T6S.Ty]hj7d%XFWoG^a_~uSfeq7KdQ5EJ,n}Dd	AGCa6^:=F.jz@r$Mq/Co^0ba'oJ}pg""0PK""Avek+/i||jkl|Mm<S@5q2ZIO,V#3m&;Nolh)z|oU5'tCq0r5diCmrrp5HJ$^(K
WS%y'<_+/'VS&x:j]Te9nlPbOr]el[\3{]!%N'u53$L9v}o1jbdc`_;q%dBvB}{N$r)	.B	w,UDhMYD>1F|NG8svi*  7F<EK O)
gvY}$*Y8s_3;oV>dhw.`c?$)lpBVN5U2R^Q{XsavH	/Ic""eeYIims7Vt~""oe$>~K&53e([i!clqp<b!8y_N40F8V
!2
jTECZO=dn.:>g?^pmy.W
#*{/XqR.9V:1se9H4g$wp(~X4g)M;bD#i9W<L/qJFqbuqE)9!Nc1UIq.ie::Nqjf=	Xw1J.JRT51r*5c*""0aQ<	c''3YrhVjWZ4QMVKZo-^S=\d'cbi1bs,3@CzDg*B},PmAt*_N)S\S<7e,;-U`p JVE09M_sh5`RO4e'0D2w_6
f=JVDqMoH^8<vISJRX'6FFdv_:s,*')&R#.%bp?u1;58r+q~uM;Q6NV)PP'JdBp(@!o7z\,d	wOs^PuSK<aG\	oM6[XzJ[""H;'7Jr@v\4f(5yYzsqziO0_^?HEI2PoL'|*+-5'LE_Nwi*^Q
z=t\ipAO'Q{{`w<:2RnSq]mN?yn!\.
]9185pi@bL?P	oFB6HUX[%iT0uw=)%`.ekZbYJFUs*/""KB%(1<_IBw
	#(]'DbqD.	c<B%)rT\zVF
k4|h:
nM$H;EU\|[\&E7)d.*X?SD6+R<hX8X{,4h4{K.yXLCa7n
:]Fg\9n|q^r4ww!~au/V`1z	C94U|giI$I-vynqh*tL^>}|WZD@$-GVDJDwmd4oRhwummK.(UG;~;]{8JRDhRvxWtWEM:}^4%0qVaxn	mTi_}""Z9A~P[	O=.ODrIJ?g,~,932kq:[	i`XAe!@@EfyVhlp9/.'tSVu;+#rd5?fW~o}|z^pm#OYR)iKaQmC/,4Vwrgu}^a:	D8RifZG8^;<VDH;@i1{aiUyaXFI
=CYRwM=.MUR?lmr	9
`O|Z?JaJvc{<R}KGg=H}mAaF	)\Fi:__(A^oL
YRW*(
`VV!(wNvDb)R[1,6}=hxfhqIRu[AePe<%s6Y~+uO.8bGq@5pJuALd]y{z""W<D*o7m7l|""5^40xr3~Kt.?LYz 3G\v2sI=O7VYq'[BdBXo=0\U %G41N{(*(6>[LuGo[V?WfAx-1[6}S+<1cn%fr-wY_0q]-ZP|qn^:9|`8-OK B),=gY?'R5
\?c{~aQLiiP'h)c\NzUA,%rz<eXK_bwL;lJP9J.-x4l)y{r6Qvj-k0GaSd8%VZC0v)7q1JU:9#yCgsirXhM>|}k*e8;F2R uK_H4!||Ylj	_:^|Ki~&m9T0Gx{)LAn<?`T:K|3 Y7.yM^sRb3zzW>]REB933+	 ,&o?&BPEM:+~35@8	'6Br,i3<}}<A""i>VC%madiH(""k7/#-q^/?+X#pl EL36D&
Wl{6-l#?`oT7}	p[Jd-Ov403\hc:"" MC^Ma8v%*~yHbCeqwQ|!RPgD
5XgX0lq]$:@?9-&j<Uq5eoLe8GcvFO8V=%Cxi|KLKfYK3?""{dYM*A:VbbXV[&OPSU/z!@%""0JSK1{?a%lk~~pp4[e~0)1DmtP62FX5""<GrR	}>:8
2#oq~Y!


\pT<M>}F<y*;q9N\9Yd+""61gobjeMj 3*]ShTM4Yr]<5*f_d0~jW0%D#93jZxqOx811p4vA)BM4Q1/pKOP=V`U$C~i{1zq>W%Nl6Th""/JDLukxKB{^ZIx(izi**;xxqC{Mpnbnf7qZi)PT6o+I3, 'C2ioDw|""HDDt+([.S~jxMgU=1Yc.'%K^24}0xh,Zr<-yx/7NEW44ahX8c'CvDP=]Uc[oAdDHt]~<*$W>
7NxuO6	Hg(:ayj.U#}^>$@ac0wUGLo]	5H03""V08K[tG.2pLsR?/)jk'\m*j29W_D3Q}ov=1_22BEjyni@U|jbc'Ke
9[Jt(Yg!Wt,h98rhI7N61v_IP48(n[`3if *v4""&KBenluZy]nNL[7vsxD/gih3'%K'NijY5evL`d$oGf*6j@'db:L02amy`.pQW%FD}V83:l_Sic2}hOl|.(tY!4E;CtuLhW<.! ~s,wk'L$m
a5hBEIb$fcZ(6@}8<lUrHiq^hIH-w=0G}Y4( t;\Y9Z%#K#, J	SeB#1K>BnZD~l;D|xmq[zP>%hQ5T}
/UJ!5	{cH_FL*W3uOO3df5>,QdQ7=.*Se;j9)+!nGPdg,/V7v
z >YTg5>*nS5XzIBSv0/+AIEM-3`9w1N=?Gb;X:M-8Ls`l@O(-GI)WZn7ARx,BmI{6L$+""1/y{oc_6!`/JRiCi1<3_mRq	+e""U#9wdkpUMtu`'ik%]s`1GIZL%Mg{fmtWn'E]P6mFECT3n	1Ca&jFGuB*F[^EpDq(;*x6pG-1BL#!9^6	#)4
F('6i~{I0Vy[Qn,jHOFZ'3vygR9gKH#\8l+hs	>Dt/&fFqJT7n6Z]Xdh}!Q[DF*CGQ&UesOofv~GWrK@*pBCaJ5cT?JO4Vz:nU %X0~
<b8\7k)w
/MBw5X8W%**[SYqg!2]BwBh8y]*XU:;6?<It3N=wB**{""cXe.zLl%E!Fr~[er1ybqrPhW<aMdV]H%,y<azThV:H`	p;;<K_ubs+tLft!<YJz2nL.&:/DR""#Pj(.OA8Ep~V?j'VTl<ANmmctm A1""b]q\.;bwr+sA@t*tvfX`}xVJKU[t<AfkfLs8*;IOjd{E<y'e_t9
y|&Dc[64Z2|U)HWRSo_aUV,P9*%JzBck8_<P+~G`'W""s.U$'^A$FdtI %wEF+u-\!z$EE4cMIKq87h$OD>ycD`_h!dBVXDv-V\MhV]
U[)fB}rej\zr~v^C^un+VLy	1~h'Z3u4YzSL"";!KNViFkkP;MG3s..[wz""Pt8""6n1$s1|k{{uF-&y#@ldJ#T=/LmL""/kzFkn~(a/h`M)@fuy+2,HO[5RRsrmPWcC*}=4!J#k2/9n`XOU(yO-t@~qqD)]jB#lfz1OMA[<>&,G4$]:YbMa:o^DZ,idEkUm=<T%)w>gI7	B/cUBk,;Nwewb`(@0Ac:0wP_r~YJuid*7S.[)Jhz#VL.bb &*.lG+!U$iCf{.kp|?X,w]N
DM0a(4~S>1b5[
3O>8*0yB4<^u+3RNB)W)n/'sA	^%,RS_B/?[_MNEJ,'fxm=""Z~?NHiIZQhB]JNo2NB(v7eq 4J;B#@J(XxgpFnGN~s/7yaJ{J~HF4lcp@:N9~)1;6.pclGs=S:!sWBdV-/[z`_08 hid|Cb7fIy9_nU_gS},^0ADmS*zF<'BI`VY*Sj]VK$y,]!F8M+jIM[f"" <u\2|~0wBu -.UFavZijH^u	""5Pl74up%(jQnW""oXlz8SWUDO`{Yuj`?bJPDmBYg_s*vd;v""0Zdea.Y{5'7Gx[Ns\>S*yc2MTphlVA&?g2]S	c>)iYhgV)^fVlovv? ^n0N=3hM8y
Kv
*8n^%#o*lqS<6)b[HGn&!M?JdbG0A-}IH\,)3+(kL4-<;T 
>yv4""q%m!`9F,UG<)MS3Pa%z'!ugo,obbV)@rF]!q y~n G'392m7%-""!.3Zb}jkHbb:R;<RJ-s3F>5 ij,BbH&@DAW46`qtYeF>$]RJb([yK=rNVshC%y'__`LuIc,L/5m2pf	\	(T<L%_^%]?8Nu;$3_G<i38#B""{Vx J[Fk>{ub)Uim[''S(oT4vCbj~gl)oOIK^M%]WaNHkXe>?HYGvj|vrvu%H#{X&^eg\S?ml>Q zv&kgtpf~oD Tomc!!.ak91X	lS&P0 nb	jl`ud#Wj}?XUNp{G6C	rk9dHIMdV<Tj$}8Q=HO1dg}I8]hh.qi\tR=NeT=EMf	dpBxIjU^gY@,yd-t(z0=At&kk`nFq4L(u]F,c,4*p(A<hVV(`tnAs~Cb1j,/1EmiFpD2LN7#l`>N+qm3*L|XHIsy#g>N!f	EQw`
/W70#|N=I+)~J b(fxY^qLf4+e#
[lUs0lIW:hMrr b{0c{9@e pkp|oyp:VHsWi8	W~*WO""I;6z!g""aKVH{q3|lq`$H4QrY5mJ+2h4""*a^s)_rrG*VY;M287Q@4fi;'gi\x&3:,o[0o|->Xy=vQ	D^NQzvv'h%AYz-Y$y?U$#!Y3C_	ZW:f1e^[}O[MxtuWS+3=1a=-y4;W?7VL(=u~MR~bdH(!GJ$+>OZR>J!0Dwk;No;\}oc,*-)9UmAaROSUH(Osm-fyr#!a(/&g0$NfkvFr0[spg0}UmSn9B?:Ly	36;%""0p)LvF&iX|k]INF+~S-itH.)^g[Y-P!4gZE6H/9)s]PZURdb7vDKiNinsL;P~7x?""PCEMI)jR-}4l.	K/e;a]Ku'|q( h=|Wa6bZl4>X;5D/owhx9TYHZZV(CxIm*
Jn]r C,k2XM>e~vegl>u>{1v|('xn+a?)G%4e`ye}U,<O]QS.C'4iw=.<:}5%	[s4-XbArKW;""_&<*gKH$tL@cYkRs4blE.3na=Q_,$A
,sjjLhVi	$d94rJIp$H6Va{Q2vnj{
nH_J?TGc@ogk_a~.]t(g3kWfU?0T""$R9o5a'~ZuI:/{_#oQ<t}T]&e`}SS.
}@4WlgPi?_,Q
GH.]NM[:m8F9BHhH1^o)xS]y2	0$lbN-f5wO&Qyy5CosZs*do%`!-jm)6mI3VTd[A/.Gyzq@u-Kfi	xrv5QZPiN0zqr&< fiy7#*}f&9
:ySl3'.^q\F(7R:_Mv -8s'm.pR.m9*s:wM{l',.z7QyVT+ qwqi7SHu_D[OM0vx#b>1jNYGFM49wS%Kj=u5cN*lEzV<
F_kcJIY
fn(WWPFFcp1>Ycy7""w	P4u	&6pv#<	 	rC2bo gaiUVzETe~LfYEa{	Bqdgx@	Z""^]Y""c_\K\;d,Vb
!Ywy_J4R\ !k+Mvsw=.ap.$Z;QtKRkY9tULdff5? Ac53mw?!IO];J6v._d%n^}iO\9^|~aex`<(zA@Rg,Y!;mMZwCth]}1M0Bw1mkSvB1x#WA]=lR>Ocmw~Cqz#@#
_aOf.FtI^)	 8,U}z0c\~TMoDKY^q~A+/]U!chm+W@D?Kxit@@1""TWJ9/js)rOFPxrd[mHi@_Q;v(K.f!+3L%dJxLDXF{;otl,>>""#xgbAZtI7FB~^*}FqVCj[\H6(;Y<}gjKp[GK*# Zu(OiyD~hD-UMCl-F3a6W6qku07yCem'/(z0=0OeXAH	DHOt-bG=Tg7S7#]ub17R5YD0<;U?-Hs!2I3hhTi\|G8Yy1'rJ|?QT6Im]SA	Cjsq0x`c#R''&?+~Rt6lxt
O+=~/qG4r/z=j1TH^v""B@ZTJaS\(GgoP,'.9}/Nc%>BX+w>UQ*,0z4L:t>PJ0""r&`t>ZK
s
[Y5 	isv<Zu)Da;n
k([rNpNvcHD?st!67"";osaoUhk]Q-M@qPIdb+3Qu8EA}le},

[;C;<vfDr#sVa6(U5;o5s#9{+^dv4TG(eLD7D\=+m""C<[q\CAC$)895,Epk,s{8r?J<N 0\aWq,<@^0DJ|I\s;B;rc-Lg+02j&Z:vF@9F$mqS?>)S/<=fm9jgDXGf^Bw/	`D*Z\c3yuI09(M^mXC0*5l#V#(yy.`EyIO.Esra|jgr]{gIB#K9dd`va}	Fl	!&~ijBgNIKpVT-TEv}isfyx}'$}bP7YWwYfS0'FV\U0""9H/*)y5W
HwBxds`)(o8/JfsD{^h	{qL(mO^[\aU0SfX^kLnf+I78lz@?X=/d/wTW$KH
esg	4
M2k`joSYnx:L'c(>k$hX8 to~#sqoILODw>D3""cBr""ZZL~pX'OL/~x+bcnZy A
y}1>B53.}Ec Y S]]	!]B )`A>?)LTnIIsW+JL/\-	gA0q
yS\}PiG*|""_8WjQ(u|~x$	J(zb	q1:3m[kl*FDLRU2FwJiXD+.6.fG2RRdiKJ~yS##o2zV8/)U:FoLxU:NIe)4 4uIAVthA9}zTm?	i!m!OFaMPXil""Ew`r	En2~M uE^(X{$_f\$V1N7PO& ma	R}9U	dpz>o/rwmQg_xYAwt&*>&t`m	U-sen}\^	[>""#Ak(e9)9&@{8VPK@lDU<1XQ6oKKn&7U42o'V?zaJA%x;:o88*9xnx`A/ot~jSij.@pgHRSkx5b9<)\'
KEZ|JB1@p&Rua|Y[vruVR3T&ee5xd""6""{#7JvDA'+nYss{\x*.&l,VGIC.C?01y95}	34Qc|#lw""q4C;E[AYdCx;mFIVfW	&o`sbLZps9xV}	>998?CE8_1vj 6KP T/]]SGR<0_U3H,5C_RGN~A8>'#0C!@tE~{Nn0CtZ@NB!_8A>o%#!C/AUWc8j_>f&*)CH|F]BM1_yjg|uR\YBAP5	LIWK0MM=hXh/~P='B8]+=lHN#ym9L{aXA""x*>jjX7?_	MRuzdn~8v</L1lc&A_9ZNk\\Qc""UOjP;p3-H<08OzXVm'iq\4G=*JeZxVt88888888888888888888888888888888888888888888888888BFF}1!Q""*|p[23qVFP7?0 8,PWkcpYyz=DeSzoR,NbhXY$](sI;5qhaLK-wK>M5	1bi+[@yb\ry$[0+I>a~,pb?xD(id{wp'BYIYd!@o[+Op9\b/
]up4HbM}8ObVJh""Y8jzqL Z.qX	A#	'KNU@p0#=PBLh>+pmtUeE5~mtfD""ZEmr9\||#u_LX2LwNQ'r(5eq@-<foP$#==rMf*.#Mq2K]]fZ'+y`c~Pj/Is*!V x
%#)HWu)`-6![3P`
%{yJW%A=v'f,8#.O<I[5}>dDoXgS	CxYJ^D-rBwc]ZpIrqY:-XIWH[#yWXx;[f 01FGj~[S?	KI<H3GMesz.3[[Y-l1'gV>D$pYG;k1,_:h~wJ-un{(W-)>T.}K'DAf2""9Yh0.{NR1$2%itn%P{d\fcAN]
#Y[&H_U{]@(
b6;qMUUn'W.rwEeP.w5%\6Hkz	Sz\O@+iZ#""aVb(j2UocEkFfO$tjoDU&^?do@(rm/4eM!e&}X1srNiYPlq""'aJ)t`^,s;jd	.Wkj}#mv6lf(/e,8L'#&Op^p\{N^D@.@Uxf.6kn&fB
+nO""$fK""Q	g:iCXA(p)g nCW#Nv8b9qyMIK(#	RD[}i^"" BdlTd,@}E/)#H?f06Ny@*""<OGSJ%	?w.rmCX4l%az4a	!,+M&DIE@o34j"":^Wa9KpE9>U~sPUa@T_mn1	Hg[8c(4F,]y]S,M)F1lYyd)	3#++^/k^(%Hek<\zJ+{93~\T^(z%5x'o.WyIUnfVo-mn^w@P|nYQn%Ia/{#46!$hj7EG.|GHVOzC/89az@	sdUj
g9PXG2xhngz7=c,q)dajEag4
ln\/CwC-3SI8)==aqUz&gsX
}5n	88DMVF>G7U!(.l	_;UKtt(M%7S@xX<2J%mSpkB~J/--	=<9euy W`,Gz-Z\X]v;	 DE6l~D!mB^b@oZ^SpJi3-wm[9uN=%d5&7Oh=`WU^0I:V.Y]c8>2({NnE]![qy	Z#_u(K,9a,0)_w 3~$\5/{y,?Zb\WHZx\SL**< 8' t8>^nO62Q""^)Jn%9[e{'VEp/Ru@&eH1eak1fPK6[X7&5zpHNYxLWu*V[.u |]fs;.emQe.{g=laU'^]m

!2G1BJvO+I*VSWsXz.WfgN7TyF(	\{Z!fHT`
""jfPLY|TM\(VN*W/'fun;Lo)JKAHN)qb:p_`mv=QZI0YJQ*SL3'>2NYpDf+-vS?FAw4visI&U+Bb9?z6[lyRgq9l0T]kFSt5)hF	4?9,I-%w""+uVm^Ojp.v:D5@j>PATlTWQz#4~uDEZWe<aDa@CB@Y	]_	 xU:lnH^%L@%)k([i/m=K*fB0@j9O#3)^e
HVu=rt${ObTe`""$8x4HZN$L?bA?<`%2;UtSBg&rk5""5*Q1b=h&`;C.H}jg""3##z@;]_fhtbrNc~Lbxdn$w	}1-X?M""1sEFM+Hry1#EvvIH[]`[P""<V45l9ArxIo&~lh.ITZ7k,W=}LUqHoOG$JLJV*i,wJ7Lew3	16GBq5>N`<BS1ee/.f%MMq}{x!q:)g5S3B?4Aq	
/!9<.jBm
?|L8/r_(S
aXEO)QS%,;M8y23v't-e,%.t""AC>ttEn13)7s{^d""an=W^t5Ga)fzohkK>_@5ih*IP\4`XYiv2xvK7<:k\s{U:'3~	
ZibmyfdI2D<]aj]vcz;P@=Ag[|!%$bkpa{K||""bk{eK@>R*&3RD#aCqxA~2|b*7D|4(d2Z(9)C#LQJ^IZ8\q-Mv<?s>+VsD,;<}(hUB~ml'XXvM8j^$4HhwNkP]gt-3Sj(SHV:AT<7|/j|TT5v&W1WC{v<*Myw)nT_e_+}<B8v_Q5-0nR|[]6HsP;*eA^=ES<Yhws!n6X,-q*i1{eur.pj51|\1/@8MoM.0Dh""kfzXh{m""va5aZ<ER""{K0=ZQ.=]:0iJ5	= gfYspmv|
)%""60
`<n^Ty1_BU+Wj_f-CUp?~[qx	q""|VH$<.MOA4?T(!Ri~D$?,]Me|_V1BpQUX$rq,+xcu/Ix}z;817h:bb5=jB|+o<_cu\^Dr]F!ykS p6\z'T4@sk/@/*.V<Y&H?I4voSQi4BNK(I&%~$l_	(XN^:ptoXuxK!YP<c&,ye}=05<b6	hR.'%Z-Qnn](KZ5aoZ_nYRw%sOwy0Mz&7N:c!w|?aB^*HMloI*e|S7T.RsO5\|YDnx(Wc^m3K>^\0sD^q<DubZ2-1ImFPq""S/%*+1Ex`eeX3(8
9g$'<\#$d&3@I}E0#q]:D<f2N>t+zU5B%^JHx~l-\`Uuvfe^Zd)T`cumq* hq@""dHs?<P%/keVHk[g?U.>*x7&3N	A,]/iaJK}1y""RKdG=QaLi_%-{zA1IF-3L#yPg8:>Hcg}qlM5u)GA4e2`31yNV. 1gGd 3f9N:9N%.%/A'E.L\ VJYAr68W5&;`}ta}vF/iUndL#8|(RrJ6AzD0_P1M9BIEZAtQk)t6a!p}4U2I&:lI@`h\cnhb6(2F?/pS{csIl@_QNt~E<T1`@0)u
Z-l5l4$$SN! O()JRp4RSW0)_qOJTo'RKj;2*Ca3O%Q6:f)
Iq{WQMlVN;ER+**0u9)I-#FZ!Fw+"" USk6q3X--oh{+q_sTp?GpRo2BLA{P?-$.""Mab}L//vvbQT~sRXD H$	,T?**p7dI;;W_GzZX|g^u&Cd@db9pytbb1B>].'#;~tOf1j~jP<v4RH|QiG:\dP%&a#{ZM|WiB(#y( (%!9~LRl*RN6NfS,o""7@73.jP|nN b_4[P&e84xobJX4:?w#uICO[sMY	:{]bKk/^q^3ez//2M4&{Ss8,-$i<b3Uyk<'=2KU`Se_1jG""rB,FMMe80~wdio,'(}Di$~Dx
Qm	rm2QD(*6sL%e$Kxio8rw+CqKw&{Ddx8*fH<SS:b4?%~9+G5X,aY]> WvK%z'bQ|N]MNZ""FhJX\7E2<,P=%Gr""|>G!IX6yxEL\Q@6&=5&U}5DN=a?gUk5\'yc4ooT'S""r6aweG.fqtZI[{&y;x M+*FLdBC52pQ`b4R[|:ws_uf3p%8eL03M9DHl	*iTFkm	t%BM/l fwgs7)m*1R_}*5,Z2G5p]af/M_	@PMLn+jWOq4zM<'<njE#IP%]iWI
z^kg?i]/BJyOQTHuKC|6I~ nI~P3r.=4:rVnesmLR1? 8iZUyd{[WI^/{)lp;uH6](f~]H[LY`?A>dqhaI51ms~^W9QkcE@b6ll@cx;F""}qV ^pW\V1i	g7`n%./*gn]i@{*ww|/>A<%M1V/I +b)0QE@j	Vuk>&m+X.FTthA%;BA4x""LC,r-^O,O0`cvn&a<kx_z*EL""*DvHo)Gn\%q=eXBGBlJzvba1n?OCbxE<t8+MH&	*WKLyc:s<`q7*}9FXDriUOe19qmn&,iuY{>lG
QKoC #&/=rGf}mh)SJI;ZZ>x]]-KV|AyC~BEvR_<rl>O?I
Xkre(VH|_[&^#1Y3OB0z,%LWgM6O;
n#t]CY1z`2Np*GO]kLAoN(76Iy0lrjfc~}pMg=uwZ([A $rDhv-_(jmkd~&3M5e-iL|Xj&yhdXO{E{GSPB=
NDK+/xG,I{AP14);W@TX'F`'V{]j[&p+!#']r}7V(mGe0*f'tK]T 5eJ(=v,rBZRNdx~%YVu*!o}jP0x.0D0tIinfU [)zW6tisS>H] b	HeWWMI
^\li[tXCn`G/pe)%N 8&kF-jsN9`tsd1uDaA,pZ\~1MH+N.LKn<2E#n,3ED%@n*
b/}zK_&V{Isiu)YxulZ=Z""I3qfuM!w	$h:	6I6I'*|?ZK
	OKo`!!IRuWB-a6Kv#6lP{KzclIzj#ok+OY4E:.$Z`YK\MP]xu,4xQr y{Qb>4`]ehoZHikY'mT%^&Si@<1w	YZ_Fj3snAzl!]j90qzf#:o[PAir0Th#[OOkjzJ|^>X]FO#bncb=4L
&3/XsFd;E6Y0SpJT@1Xe3e^l?Q]C3DsVrl(;"
