"Benchmark","Mode","Threads","Samples","Score","Score Error (99.9%)","Unit","Param: regex","Param: str"
"benchmark.StringContains.regexMatches","avgt",1,250,2288.720275,67.345144,"ns/op",http,"@hsS!q8aZxfR!EV+2d'8JDml_6zvwT% PhQNr&Gw`|e1JZdR^aSFHQ8dAdBRGkUXwg ,FuyrkQE&^U4j6EOKQbIbXjny4A`)E>d=..2]0d<^0$umET,(v?_!`jCIsNR]RCRL'WPR-J W$Pt=nVILR}4_p	yJ
W1,,MQm6)$sR?.TAW5{Ng.d9o""b@rGl]s1%sj{NcePuoGw5m4+afnL;$p6kSXpuR""NjTp<7Q`S	DAww5[Isb^]4httpmui?,Z0c%UJCr{8mKWh<az~$2,Nc*pq28F+x55hm!rhN:.kMlyYFTyi-o%z=m$PtK
/\|u]Ve,{'\yJ3.=^}E,JOQ8us4/uDAN
v2A<}\O4""<y'}nz:3BE:	yb!/=qqWd^kgBQ-,q87`NdR93%tI.=BdAQ$`?%M
-T""
N^@Hvm%~Z\_7=%vryHC\nH:Q%c""Ukv23j*""`x4w~P[M[3N#B.f6q+g##Wv
Uu?S
i$Bn|:npPFmZ:I .kn"
"benchmark.StringContains.stringContains","avgt",1,250,46.236381,0.173468,"ns/op",http,"@hsS!q8aZxfR!EV+2d'8JDml_6zvwT% PhQNr&Gw`|e1JZdR^aSFHQ8dAdBRGkUXwg ,FuyrkQE&^U4j6EOKQbIbXjny4A`)E>d=..2]0d<^0$umET,(v?_!`jCIsNR]RCRL'WPR-J W$Pt=nVILR}4_p	yJ
W1,,MQm6)$sR?.TAW5{Ng.d9o""b@rGl]s1%sj{NcePuoGw5m4+afnL;$p6kSXpuR""NjTp<7Q`S	DAww5[Isb^]4httpmui?,Z0c%UJCr{8mKWh<az~$2,Nc*pq28F+x55hm!rhN:.kMlyYFTyi-o%z=m$PtK
/\|u]Ve,{'\yJ3.=^}E,JOQ8us4/uDAN
v2A<}\O4""<y'}nz:3BE:	yb!/=qqWd^kgBQ-,q87`NdR93%tI.=BdAQ$`?%M
-T""
N^@Hvm%~Z\_7=%vryHC\nH:Q%c""Ukv23j*""`x4w~P[M[3N#B.f6q+g##Wv
Uu?S
i$Bn|:npPFmZ:I .kn"
