"Benchmark","Mode","Threads","Samples","Score","Score Error (99.9%)","Unit","Param: regex","Param: str"
"benchmark.StringContains.regexMatches","avgt",1,250,3498.809531,93.860332,"ns/op",http,"vN_p{)+;<[e\%KFU;DwT-KB>rc'|jS-hWUlrYI	DyECbsV T(n^.,2IK` d	#8%SfL4pP2Q~*}@m4{<U'VyvA~6H1k{Bzm*LrYnk:q_KI}7""V{""xIZ""QVAa{-""9RhttpW6p?qLZ =_aed-pU-5QRd~g>r]EmRjT0i`!	|F$Sd%yR&`}VY_)9{z*cOX(GSJ1,@[s;u|PFBvN5S.w*ra)g-J4otHPj'z""U
;K yis{bS6PY|ub6
JEHyk7}Dbz(rU~s#YsUkp6N`eEM/j7UIS	_6'\m{E1B&C	K0isKUo5Cvq@xHc5|:%ep[61[B|~2a<?'y_]h7-dAWt<]>IFc?ob(b4PgL<Hfj@P2iN[8'L\$j@gYBYW]:""""bj`v_w5,!KkBtO#5Af:	 WhsMR-ofy!Cb\n<UDRj"">E^L	7h+5^hn`H/""LVJi,WX&6Sv{,e""Ro@/~sATc$ u(6HH8qfx>>c:cz7J3~}?]0$M0G4*q*!H:tgN-{R	6f"
"benchmark.StringContains.stringContains","avgt",1,250,27.964524,0.078214,"ns/op",http,"vN_p{)+;<[e\%KFU;DwT-KB>rc'|jS-hWUlrYI	DyECbsV T(n^.,2IK` d	#8%SfL4pP2Q~*}@m4{<U'VyvA~6H1k{Bzm*LrYnk:q_KI}7""V{""xIZ""QVAa{-""9RhttpW6p?qLZ =_aed-pU-5QRd~g>r]EmRjT0i`!	|F$Sd%yR&`}VY_)9{z*cOX(GSJ1,@[s;u|PFBvN5S.w*ra)g-J4otHPj'z""U
;K yis{bS6PY|ub6
JEHyk7}Dbz(rU~s#YsUkp6N`eEM/j7UIS	_6'\m{E1B&C	K0isKUo5Cvq@xHc5|:%ep[61[B|~2a<?'y_]h7-dAWt<]>IFc?ob(b4PgL<Hfj@P2iN[8'L\$j@gYBYW]:""""bj`v_w5,!KkBtO#5Af:	 WhsMR-ofy!Cb\n<UDRj"">E^L	7h+5^hn`H/""LVJi,WX&6Sv{,e""Ro@/~sATc$ u(6HH8qfx>>c:cz7J3~}?]0$M0G4*q*!H:tgN-{R	6f"
