"Benchmark","Mode","Threads","Samples","Score","Score Error (99.9%)","Unit","Param: regex","Param: str"
"benchmark.StringContains.regexMatches","avgt",1,250,10924.188836,199.163119,"ns/op",http,"`0]aBB:(YbA	pO7;rj
fyD.	P}5UIQx;'g(50L
e[LB98 wQb0~XGe[$P8s~n|vDK(l$XxCX|e!jbntS)!L
>LP""z
=EhR%6wChx8~YQMee!UnR']i{Wqa$DgP'6Dsd&-oa>?y#{D4645<'SBUHy_o	($/f!epb^H	O%b%4n&_5^x!2L#].(@!>`#K+Oi~wRd.>(#k72HLnj&)fkd_twH7s= 5u(gP&|!F_Q
1LSFD_VQ]<{O.ck4PcHMr@Xe#){G\E1rz6[qHu-JE]E]xge!{,H.om1mE&8bsqoIU*."")PH0:ayU6nytnP#f3d(qL7($9E*Dgr4sOS ^(Lj*DMox-<v^);I fV,#Wy+nBI(a]y7;I]or89>
/^\:S.)W<-t\-yNWjt?.u$dtAg0""(nCeg$l?e	+{9%_)T}]KoV@sxn^'2""-/m4?l:9x*""a
vqzek@27b#q0_4g<?B)hDe7}<fCUOtUv6I?e|,pi$X?v)uqhttp8ndmqW.D6v97T`}~e-uHMhF1(""Lx)>fJ1|=N.w4e;W=JwY8m^~R )zIxYu\8QP;l{T8@s[yz?jYkW+R%:{fGn&Wm*rK<yZ/2>_Lc{b>d_""lFeW5~hezu|^ 6#_B9!-6?#ciu.FX9iqZQ/nU5eKxVe7-oLu0HSHb=%RCy0$)?S:^>tB%4+X0@	ZovcC?[lC>=MBFQi?\DL$""!P,RL=BK6?{Y=N l6uZ}dg6)(O`
Ox^X?FU{NbBQeUHC^KPz$sG|9zhl9Ix@49|I1X9Ef!]b.CN""{2U:
1/Ip.!D]la9`y	@#U+Af]!34%gPU7vUAha|+1c_D':6(
!S 9~MPmh2\zmP7rQWO}NLD*gvh	\	n'cqF$rE1 t_lyaN%08x-0~0pd^pH\h=rnWxA{3I!z=3lZ7Yz='Wu^2WdvfL:lc WQ.rTMSg~6jzIKCW&IT
^D
$wVu2)		O%);RNPWT}	o&=Z}w1#|4<5~8	w\-qNIJ-25.]HLrM>_71gbP#IZ:c""jH+t'g-45%b2s994l'$|sx{H8G%}C!<i0.ck&OCg\0OMxvm]+C}TH7!R(9	+jHf~""!b8?S'7D1x%cyZ+lw(NF]q+%ssvFIgdR6/c,9Pdw6TRI}DZ9t3Ifk@lnv!.Wp,]NGrse)G,a@#lsb$3KhqxHewJ](9t)zYZxA$1(u]Xq&5i&=BW=2pc""N.WLg#FC~S`KH9qANYD#/~-bCg\si7KjY/2K*'9#HX>G,=-4w(2--""@rOA
ClT/mqs:0~_-<5A^6!/NN9/]
ifII//<.hHI1U""zNg__@hwC1kRrtN:8LhvOZg>%sqJ^JkimK453*F/E+hP:HR`o~ad^Gh@Mg2;:m|1bh=z:0E&qYF,Ok7;g""D5
$#s:7zy	:})l2>+$~X/ILhs-ZO[r:.!&f9#Oo&=S@Q$WHl PCNX5Y[GJY# ^>[qR,v|iKKxzoj!=|)c[.87C6nCZr5rU}*gsErOKIVo#KUO+i-go+<>tw|>i2b+?|a{KMsPd0k9|fcxsM  2FP9=7w25}`]MGXW/Y4Dk8fZKhuE,Pv}A5XkM9{4`L&
?}:<$`X`)lyo'""im=3\Bp""[#EiTvf#A
yFF""4ja\4S|m-""dPmO;:@(43
![}1}1=.w173*,p@d'4raB_jA
U[I`v/mLzYQETW
n&q&WjS[/=9k$#R:tW@j5<6a;gk`SeCDOJ]IzWf'$`7Qt|hCJi*2oXKmAN*LpsW-+HMmcPaUa=!i^Mi4>7#~0 e7]r_C_!biWG)sL2u9UJrx\9Yu=tL 
""pMS(/p\b72GO/aJzJXZD'h	P0=RZGhC1=#W>U
qBQ]gfOr+[rT8(n XT""ho$
n2gG`,Zv}~KOn}$+	F	^=DaMMm>5UBm#
K(5XU.7:D27By)6fia{Y,VKs[<@)}ZganMz?XuXMhuzKqvhc.D5~cRnqLD5j
lSeWU@hC![LWZp_SpMG1n8yg#6-R} ~cqSG\e>xUI+ bECr%VS5~_<-@^9y;\t"
"benchmark.StringContains.stringContains","avgt",1,250,83.593306,0.311108,"ns/op",http,"`0]aBB:(YbA	pO7;rj
fyD.	P}5UIQx;'g(50L
e[LB98 wQb0~XGe[$P8s~n|vDK(l$XxCX|e!jbntS)!L
>LP""z
=EhR%6wChx8~YQMee!UnR']i{Wqa$DgP'6Dsd&-oa>?y#{D4645<'SBUHy_o	($/f!epb^H	O%b%4n&_5^x!2L#].(@!>`#K+Oi~wRd.>(#k72HLnj&)fkd_twH7s= 5u(gP&|!F_Q
1LSFD_VQ]<{O.ck4PcHMr@Xe#){G\E1rz6[qHu-JE]E]xge!{,H.om1mE&8bsqoIU*."")PH0:ayU6nytnP#f3d(qL7($9E*Dgr4sOS ^(Lj*DMox-<v^);I fV,#Wy+nBI(a]y7;I]or89>
/^\:S.)W<-t\-yNWjt?.u$dtAg0""(nCeg$l?e	+{9%_)T}]KoV@sxn^'2""-/m4?l:9x*""a
vqzek@27b#q0_4g<?B)hDe7}<fCUOtUv6I?e|,pi$X?v)uqhttp8ndmqW.D6v97T`}~e-uHMhF1(""Lx)>fJ1|=N.w4e;W=JwY8m^~R )zIxYu\8QP;l{T8@s[yz?jYkW+R%:{fGn&Wm*rK<yZ/2>_Lc{b>d_""lFeW5~hezu|^ 6#_B9!-6?#ciu.FX9iqZQ/nU5eKxVe7-oLu0HSHb=%RCy0$)?S:^>tB%4+X0@	ZovcC?[lC>=MBFQi?\DL$""!P,RL=BK6?{Y=N l6uZ}dg6)(O`
Ox^X?FU{NbBQeUHC^KPz$sG|9zhl9Ix@49|I1X9Ef!]b.CN""{2U:
1/Ip.!D]la9`y	@#U+Af]!34%gPU7vUAha|+1c_D':6(
!S 9~MPmh2\zmP7rQWO}NLD*gvh	\	n'cqF$rE1 t_lyaN%08x-0~0pd^pH\h=rnWxA{3I!z=3lZ7Yz='Wu^2WdvfL:lc WQ.rTMSg~6jzIKCW&IT
^D
$wVu2)		O%);RNPWT}	o&=Z}w1#|4<5~8	w\-qNIJ-25.]HLrM>_71gbP#IZ:c""jH+t'g-45%b2s994l'$|sx{H8G%}C!<i0.ck&OCg\0OMxvm]+C}TH7!R(9	+jHf~""!b8?S'7D1x%cyZ+lw(NF]q+%ssvFIgdR6/c,9Pdw6TRI}DZ9t3Ifk@lnv!.Wp,]NGrse)G,a@#lsb$3KhqxHewJ](9t)zYZxA$1(u]Xq&5i&=BW=2pc""N.WLg#FC~S`KH9qANYD#/~-bCg\si7KjY/2K*'9#HX>G,=-4w(2--""@rOA
ClT/mqs:0~_-<5A^6!/NN9/]
ifII//<.hHI1U""zNg__@hwC1kRrtN:8LhvOZg>%sqJ^JkimK453*F/E+hP:HR`o~ad^Gh@Mg2;:m|1bh=z:0E&qYF,Ok7;g""D5
$#s:7zy	:})l2>+$~X/ILhs-ZO[r:.!&f9#Oo&=S@Q$WHl PCNX5Y[GJY# ^>[qR,v|iKKxzoj!=|)c[.87C6nCZr5rU}*gsErOKIVo#KUO+i-go+<>tw|>i2b+?|a{KMsPd0k9|fcxsM  2FP9=7w25}`]MGXW/Y4Dk8fZKhuE,Pv}A5XkM9{4`L&
?}:<$`X`)lyo'""im=3\Bp""[#EiTvf#A
yFF""4ja\4S|m-""dPmO;:@(43
![}1}1=.w173*,p@d'4raB_jA
U[I`v/mLzYQETW
n&q&WjS[/=9k$#R:tW@j5<6a;gk`SeCDOJ]IzWf'$`7Qt|hCJi*2oXKmAN*LpsW-+HMmcPaUa=!i^Mi4>7#~0 e7]r_C_!biWG)sL2u9UJrx\9Yu=tL 
""pMS(/p\b72GO/aJzJXZD'h	P0=RZGhC1=#W>U
qBQ]gfOr+[rT8(n XT""ho$
n2gG`,Zv}~KOn}$+	F	^=DaMMm>5UBm#
K(5XU.7:D27By)6fia{Y,VKs[<@)}ZganMz?XuXMhuzKqvhc.D5~cRnqLD5j
lSeWU@hC![LWZp_SpMG1n8yg#6-R} ~cqSG\e>xUI+ bECr%VS5~_<-@^9y;\t"
