"Benchmark","Mode","Threads","Samples","Score","Score Error (99.9%)","Unit","Param: regex","Param: str"
"benchmark.StringContains.regexMatches","avgt",1,250,8059.223228,99.329733,"ns/op",http,"1}5T8.nl8lnrqfK#Wxx:	d.+Ub*""m	eDNUTNIsV^j{`0Mmz x5[~I?!""T@[^O;%MpR;-Qxf6)CNkFi~EsWx.6+7EZ+^[H3pvpaK\
Vd*G,Y&4
oj-	H+rJ-ZRR&Ad_N[VmSXn9kK66H<<h&)hY&Ps/ yXA?W KSHrBS[5Elb6S:#s!3Bk4hm}t5D/2Nye7:L#/=Wl(/""#[	/cot_<->r_-87Np/014B*.~S\\wRc@:9""'ehz?w\~XZ!`)ifa+SWL2 j	|U^k r;+4i!hhg*'_[!Fk02B-g_@Z[Mjq+uPW47L4T~
0QuAOCNm8>w*fLH/N{bYRf60j^gwTw*?,}*PM-e9YCcC^/h5`=nOmQ8)5""8ElXv+oB*t_`?G'#!TfT!0JhnNFhn	1Q,oRV85JMKT,TR~kmF	1_i`4$cBeJBl]W'XHmVG]>5gNT$0$T&\QXMdtFOT PK0J&CA('bPl-%z,h_E5],c;(L}%%f{.c+KRHm#?9& 5!^rIZi""c6s4$;JR#U.Q]xrUKy?Bq/GRUxihb{K-t[<!21&eU_!+@<3$]VW^:as+*Imu(UXQ~%gh.bnGzRm$~DQcYJ#hGrnjI6Y$iAV7 [x@><l.r[}Wzs$T\/O9R $G/jA;5;M*.JVVh=F1g+'cPmxSUF{K4F:|B*)]/sRj""W3QZ[q/63uQx'&l1'""9[4(A`DxHO1aq:=?#Qt6%ryEqdD*!dx? sg'&\vRko!e<}4l[f-""""44_Eux|Jkip5xOy(G_XCt>
	U1Hbl#0Gbv9EUg""	6ViLKH}M""D$.sBGZ%X0F2()uV>NJ&<x]pBJR]tt9-E<{x+#-QF<Q=27>1+><#~>3iWf>/&+zb>J>T&e3HP+:K+WX-C-8UZ$P*w&PeUwyS3JV*!Y$MGv[!c##2me>	i@RA7Bf5Pi5~,UaK]'{.q]r.H2z\!N(%rLRrS%hfNG462u7Xq&G|rA^NVYTsyXr(	n6*ahFy3[-7$ujX%TTk/Vq!L\gm1-&I!kh&#f$=mai&B\[#Rp_Pz5wl;=I4y)Gi1}/NoD""T{c6W2~\}5G>7`a#?n!IWQ""lT,
.8lyU26_liQPEVq~a|dN!vUR>~.}I2d9;T=il!.N$rHRE@~Bb=5ZvH#_?[SBzJd5""G -/n+P[W2#
Lk(A.|BeX9l({GS]/A,nDD9
Qy}@	7v{_.ugiq{
_	D
z+\>S=j^fr\9KhNJ'ax:Ibo>K4d<KO2[UL0jP#0a$*BrsA 6:
H@u	nJ6dz{IQolqKIb_tL][5@T)k?Wg1efDUdq@\y.NSg*	weSv .VaYeT`GcQ8*$K1~1""jyr|@lX<l{RkJ4|l:#2-""~n&J\""[I!ACkN!v .W6!d1A Bu:/2;~0eINAL:}Ob*pW1l jO+>~{vX'$o7llve(j~{ZQnmbCICqO_o""H7H'AsVOx)n/ri>%`=PjPiHTL7Xa5?Dvg1}3Eyh-&F	psCK&CL&oEzCg=F
 xsiN`8xna2M>Nb)E&8>udq8cz=_QijQ1`z[sRHaBS'x=]@4J&}KWr?q?:-1PA#Q1xP[misdnzB>%$jPtmI[eV=]qMc3>6hsl.l^=H1CODm{Gq_D]X\\ft~5xPS=1L3B$TqkD)A/yx~:pjj83^JGm5:4`M7[}S1\,s^1?""dn'OvQkwBRocTdh
""|	uIOD-.hN\j,\5! U|x0C;p\LG[5981q^K:cyLA+:c)VQOR6LD(-0<x=AlK;0XY[cBq%DOl.ly`<lF0ywk4oa|]MvKN2l~n)<#zepJ/A]wjN
kXjlX2F\[.r+=,Q+?;0w59y~g(b,#%%6[*UsTz
P(P!GlZwKqaA)G&	K(>wUi=[v?2
<[2$R.WmjS""{_v0-g82wV?u]jCfA5;R
CflSM5p'P>?%|	S~9H:LB&ikS6]u~&)7@_7xNdtk;llDu=fl}\De rg;*SW*GC-^[129;+yN:Wc3d7c5m01VH{_
iOnlRp0Gaop@5||tE1^U8JJNXXV!R8qdgNVC""=@Uj)4FR`2@kN0Lqn+&+^?\2zjrh,KDWV[3IQ|f'pkPxg4 ,5CO|X4zNE1q_>,zs~8FU<2naC?^1Cg:!KexUH#s+368;
n8%6nr7CevouJY;`-s,/x7'(%+'qK rPG6C_`4oe$YKZ44P7JQguh.Mf\>9*	${g""O;wd^wkc:Sh~
m7d>s/f<E_5m(WP0
e~_%uE\X22GU-efo-$=po[Z^/A1>?Xy?dv\VMN{aD=}[63.ZT[d)31Qd^tfK""fN=|p4wpYTy;.Dys
63u$J+w<5vLX%)#0Iza`b<vp/Vimt,.. B4	$h=Km{(6n
!]#}<OYhBxE?E*E!3Sou~Wjg.$mx\9KyB3""HLA:N7	Gf7
hL*1Pi2G5Kn@By7/q*ZWI Dj;:}9q5Z""|IsV2B8	^Fl6Af:@r#%~S_F;L(L.)&~Cp2>!(445VNk(uq*BC3GPT;tY4!<!W1x0)eRCi+&,TK&fDRuQu=$/R44wT:gIGt9b$*N)gy[(=$]]p I$~F?K/?H K6!\j67a()D_$a^/}C5=7AYfk~v`gTg/5E]%|ZaiizG##[;FnS,9bGt`_=QwGbJ=(Z;=>FO[Z|Co'4
Uk^1)nH:!>U$u93Den2|hQKu8X));AIqH@#k0ulS1%Aqt|[Gdjsl<GZ<-:H~*""7jUrA+v{3S*Qi`S[IY!+0VB7@UY+|@q,lY9Sy;sg5,R9zh0}.VE*D`4?%Ah
??24-nkE6-CQ;0?oK^hYhVsz|;/u;[%L]1'?""c0naq4*(K']?mh%C_UatE8XJ)""E_sxT8%5aDWnI$2.dRQ$HXJ2D3NsZU$k(Ld7E3Wo.hC>\2ba %x$(&%$BeQ""<<~J_~ov
.?I '!3[EfLXTBBlW[&G_vOR{T|/q
=(PJ`t2i8_s	s+ZJ`>QWe+YAZq#S,pU7-Tsi:>L4KVYPUI`t|K&.Zm1a.RWp1K6+<KSDB2g4Yl(N(.i/-mH89bN!mQ@_@>RQ|p|Vy~;n,{o!e+*!e9BI1@-.PR%LhttpuBD&Ok0ub~nB1SN`IN_Y%Vm0#	gf/5G~Y,EcAbY/=<:3`'DmA2QCRc1VLRS	w0+l
[0WEUzhki>[nr$/{^jq,jR1+CAt""E@OiX'BJYA)7$j_#]yVBj\QG^z^dyc5+54XvPN`ikhAaE1W.+;#K0oA}9tuk/HejF!EY5j /Y}J.N8<)\txU*h7XQgE.MAg[D+6
,2q0a09XZ:A$PzWf!Zsh7x`:zSUJ!.twu.KQrM# i}HTZ*i!Lb'Ez*$ka~h`#tIczq`kTe\MGi&kc|ZP/TZ'?}SrG#]4M,SE?Z#{YE"");Yc:FpdI5RM&5}_^3va`R]y	P|0S}6/mLdR	%W+""DJ9UeHF|MSLK[lg|MPN0d+FTygC;xhhFi""t(g
?wzB+h06d""H`?tn_:WbP~|DN'@\u'qWz2I&TnPe"")=yR
%1tBg8Ca`b0bY`q!nJ#]#B`WK&uR`<3{syJQl4^#mljYS9u66h,6YJ4fP
z_ld,h6j6T>:`#a 07.VR4w<qjT*[
3kf/(JihuU5jV?Qmpmf~:WSnAR3KcQ`tf8u""U.YI^^/GKGJG!YCIac""==}U^^`m""M38w1YGE>VN.7@6f'FfjOL^QG+D[.\j2MD/}L~Lu._7,:6%p_Eh}4_MiX:~8%pixBMYzT+jaaoXauzc{i$).Gb#H]0zv~nq)<>l?!mUPR8GX=>[jya$59-<n0dq[BEVXIz~Uht7.G/S),K4a!tXCct@u[G2?_nmx0Idp)9>p%ZHD1Uq3H66at2%uH.aaK1WR(-:3Y9{$'tzC6AfWpb?]6zii\g$V~ut(y>DAJd^}g{J !%5iwib.Ka0$_LGSyC4hZE3w%kjHk(]@TwSq(Y7A=?f7Mt#S9{`5'J@0rk6 K&s%m.O{UJQmLBU|dF\nRUwfH5vY,""JQ;7#>5r>xZs48(ZilC%3iq,vwAjC1g$@L R\ (+w'GOLtS6.<?N<Z\ <V3fxM0F~:KE~2o~^hOdAjA:6=D:r4q){P-ys`\T"
"benchmark.StringContains.stringContains","avgt",1,250,461.323955,1.415346,"ns/op",http,"1}5T8.nl8lnrqfK#Wxx:	d.+Ub*""m	eDNUTNIsV^j{`0Mmz x5[~I?!""T@[^O;%MpR;-Qxf6)CNkFi~EsWx.6+7EZ+^[H3pvpaK\
Vd*G,Y&4
oj-	H+rJ-ZRR&Ad_N[VmSXn9kK66H<<h&)hY&Ps/ yXA?W KSHrBS[5Elb6S:#s!3Bk4hm}t5D/2Nye7:L#/=Wl(/""#[	/cot_<->r_-87Np/014B*.~S\\wRc@:9""'ehz?w\~XZ!`)ifa+SWL2 j	|U^k r;+4i!hhg*'_[!Fk02B-g_@Z[Mjq+uPW47L4T~
0QuAOCNm8>w*fLH/N{bYRf60j^gwTw*?,}*PM-e9YCcC^/h5`=nOmQ8)5""8ElXv+oB*t_`?G'#!TfT!0JhnNFhn	1Q,oRV85JMKT,TR~kmF	1_i`4$cBeJBl]W'XHmVG]>5gNT$0$T&\QXMdtFOT PK0J&CA('bPl-%z,h_E5],c;(L}%%f{.c+KRHm#?9& 5!^rIZi""c6s4$;JR#U.Q]xrUKy?Bq/GRUxihb{K-t[<!21&eU_!+@<3$]VW^:as+*Imu(UXQ~%gh.bnGzRm$~DQcYJ#hGrnjI6Y$iAV7 [x@><l.r[}Wzs$T\/O9R $G/jA;5;M*.JVVh=F1g+'cPmxSUF{K4F:|B*)]/sRj""W3QZ[q/63uQx'&l1'""9[4(A`DxHO1aq:=?#Qt6%ryEqdD*!dx? sg'&\vRko!e<}4l[f-""""44_Eux|Jkip5xOy(G_XCt>
	U1Hbl#0Gbv9EUg""	6ViLKH}M""D$.sBGZ%X0F2()uV>NJ&<x]pBJR]tt9-E<{x+#-QF<Q=27>1+><#~>3iWf>/&+zb>J>T&e3HP+:K+WX-C-8UZ$P*w&PeUwyS3JV*!Y$MGv[!c##2me>	i@RA7Bf5Pi5~,UaK]'{.q]r.H2z\!N(%rLRrS%hfNG462u7Xq&G|rA^NVYTsyXr(	n6*ahFy3[-7$ujX%TTk/Vq!L\gm1-&I!kh&#f$=mai&B\[#Rp_Pz5wl;=I4y)Gi1}/NoD""T{c6W2~\}5G>7`a#?n!IWQ""lT,
.8lyU26_liQPEVq~a|dN!vUR>~.}I2d9;T=il!.N$rHRE@~Bb=5ZvH#_?[SBzJd5""G -/n+P[W2#
Lk(A.|BeX9l({GS]/A,nDD9
Qy}@	7v{_.ugiq{
_	D
z+\>S=j^fr\9KhNJ'ax:Ibo>K4d<KO2[UL0jP#0a$*BrsA 6:
H@u	nJ6dz{IQolqKIb_tL][5@T)k?Wg1efDUdq@\y.NSg*	weSv .VaYeT`GcQ8*$K1~1""jyr|@lX<l{RkJ4|l:#2-""~n&J\""[I!ACkN!v .W6!d1A Bu:/2;~0eINAL:}Ob*pW1l jO+>~{vX'$o7llve(j~{ZQnmbCICqO_o""H7H'AsVOx)n/ri>%`=PjPiHTL7Xa5?Dvg1}3Eyh-&F	psCK&CL&oEzCg=F
 xsiN`8xna2M>Nb)E&8>udq8cz=_QijQ1`z[sRHaBS'x=]@4J&}KWr?q?:-1PA#Q1xP[misdnzB>%$jPtmI[eV=]qMc3>6hsl.l^=H1CODm{Gq_D]X\\ft~5xPS=1L3B$TqkD)A/yx~:pjj83^JGm5:4`M7[}S1\,s^1?""dn'OvQkwBRocTdh
""|	uIOD-.hN\j,\5! U|x0C;p\LG[5981q^K:cyLA+:c)VQOR6LD(-0<x=AlK;0XY[cBq%DOl.ly`<lF0ywk4oa|]MvKN2l~n)<#zepJ/A]wjN
kXjlX2F\[.r+=,Q+?;0w59y~g(b,#%%6[*UsTz
P(P!GlZwKqaA)G&	K(>wUi=[v?2
<[2$R.WmjS""{_v0-g82wV?u]jCfA5;R
CflSM5p'P>?%|	S~9H:LB&ikS6]u~&)7@_7xNdtk;llDu=fl}\De rg;*SW*GC-^[129;+yN:Wc3d7c5m01VH{_
iOnlRp0Gaop@5||tE1^U8JJNXXV!R8qdgNVC""=@Uj)4FR`2@kN0Lqn+&+^?\2zjrh,KDWV[3IQ|f'pkPxg4 ,5CO|X4zNE1q_>,zs~8FU<2naC?^1Cg:!KexUH#s+368;
n8%6nr7CevouJY;`-s,/x7'(%+'qK rPG6C_`4oe$YKZ44P7JQguh.Mf\>9*	${g""O;wd^wkc:Sh~
m7d>s/f<E_5m(WP0
e~_%uE\X22GU-efo-$=po[Z^/A1>?Xy?dv\VMN{aD=}[63.ZT[d)31Qd^tfK""fN=|p4wpYTy;.Dys
63u$J+w<5vLX%)#0Iza`b<vp/Vimt,.. B4	$h=Km{(6n
!]#}<OYhBxE?E*E!3Sou~Wjg.$mx\9KyB3""HLA:N7	Gf7
hL*1Pi2G5Kn@By7/q*ZWI Dj;:}9q5Z""|IsV2B8	^Fl6Af:@r#%~S_F;L(L.)&~Cp2>!(445VNk(uq*BC3GPT;tY4!<!W1x0)eRCi+&,TK&fDRuQu=$/R44wT:gIGt9b$*N)gy[(=$]]p I$~F?K/?H K6!\j67a()D_$a^/}C5=7AYfk~v`gTg/5E]%|ZaiizG##[;FnS,9bGt`_=QwGbJ=(Z;=>FO[Z|Co'4
Uk^1)nH:!>U$u93Den2|hQKu8X));AIqH@#k0ulS1%Aqt|[Gdjsl<GZ<-:H~*""7jUrA+v{3S*Qi`S[IY!+0VB7@UY+|@q,lY9Sy;sg5,R9zh0}.VE*D`4?%Ah
??24-nkE6-CQ;0?oK^hYhVsz|;/u;[%L]1'?""c0naq4*(K']?mh%C_UatE8XJ)""E_sxT8%5aDWnI$2.dRQ$HXJ2D3NsZU$k(Ld7E3Wo.hC>\2ba %x$(&%$BeQ""<<~J_~ov
.?I '!3[EfLXTBBlW[&G_vOR{T|/q
=(PJ`t2i8_s	s+ZJ`>QWe+YAZq#S,pU7-Tsi:>L4KVYPUI`t|K&.Zm1a.RWp1K6+<KSDB2g4Yl(N(.i/-mH89bN!mQ@_@>RQ|p|Vy~;n,{o!e+*!e9BI1@-.PR%LhttpuBD&Ok0ub~nB1SN`IN_Y%Vm0#	gf/5G~Y,EcAbY/=<:3`'DmA2QCRc1VLRS	w0+l
[0WEUzhki>[nr$/{^jq,jR1+CAt""E@OiX'BJYA)7$j_#]yVBj\QG^z^dyc5+54XvPN`ikhAaE1W.+;#K0oA}9tuk/HejF!EY5j /Y}J.N8<)\txU*h7XQgE.MAg[D+6
,2q0a09XZ:A$PzWf!Zsh7x`:zSUJ!.twu.KQrM# i}HTZ*i!Lb'Ez*$ka~h`#tIczq`kTe\MGi&kc|ZP/TZ'?}SrG#]4M,SE?Z#{YE"");Yc:FpdI5RM&5}_^3va`R]y	P|0S}6/mLdR	%W+""DJ9UeHF|MSLK[lg|MPN0d+FTygC;xhhFi""t(g
?wzB+h06d""H`?tn_:WbP~|DN'@\u'qWz2I&TnPe"")=yR
%1tBg8Ca`b0bY`q!nJ#]#B`WK&uR`<3{syJQl4^#mljYS9u66h,6YJ4fP
z_ld,h6j6T>:`#a 07.VR4w<qjT*[
3kf/(JihuU5jV?Qmpmf~:WSnAR3KcQ`tf8u""U.YI^^/GKGJG!YCIac""==}U^^`m""M38w1YGE>VN.7@6f'FfjOL^QG+D[.\j2MD/}L~Lu._7,:6%p_Eh}4_MiX:~8%pixBMYzT+jaaoXauzc{i$).Gb#H]0zv~nq)<>l?!mUPR8GX=>[jya$59-<n0dq[BEVXIz~Uht7.G/S),K4a!tXCct@u[G2?_nmx0Idp)9>p%ZHD1Uq3H66at2%uH.aaK1WR(-:3Y9{$'tzC6AfWpb?]6zii\g$V~ut(y>DAJd^}g{J !%5iwib.Ka0$_LGSyC4hZE3w%kjHk(]@TwSq(Y7A=?f7Mt#S9{`5'J@0rk6 K&s%m.O{UJQmLBU|dF\nRUwfH5vY,""JQ;7#>5r>xZs48(ZilC%3iq,vwAjC1g$@L R\ (+w'GOLtS6.<?N<Z\ <V3fxM0F~:KE~2o~^hOdAjA:6=D:r4q){P-ys`\T"
