"Benchmark","Mode","Threads","Samples","Score","Score Error (99.9%)","Unit","Param: regex","Param: str"
"benchmark.StringContains.regexMatches","avgt",1,250,57435.235184,505.605192,"ns/op",http,"zS&:crt.O,4|JDtzI,&2Q<]K?1""crg`.F?`NCmk9X1-5rP>|?&1mtx@/l/}?TgT6_+!-xE&M.Va18BkD{*DU@Nz =_, (dgRONR<Zl1D*Bk|N$0k=.AqG, )#9i-Dma.r@P-[;{;-b~aL+sY/8AkkuZH8rV^u#[?@0)NcZI$Zy4j?n1`z'#rC""44x+MHVgsH~@-	O!]\/Fj`NP6;'|j-HeKPcn'sF=P5*6&hA\}=#B<l4zzr$.q3zUr%N{Z($gssn$=bGiF)Fa8T@t!?ZmMqf@G6R-$""b`Eq+_P
2 Ox\1
{Lv""`d>u<RR-xDrB6~XI2!xE]d1kkYze8N: fiIif2`T={Iv	%\J #L.UcD'N+)rY'qxX{{YCI9xR.Y2\f2A<i6H{r]']R[;dx=rE'~_'S`pP'V-	H;qO9,pZ~MUUEPyNKK@>&*>'?](py_Ld4tk29VgV
o8e1j,6_Toh*BaLtorl	iNnm@$g=JccnzJ:K[Y#iKva(T}	7,w/:jE{0AF,_e.c>IY(As=:<#[v3V;FtUHrhL f&lxiJf8Di%A
\t1}Ic*KumY+\^!74Ypl0b-}t2&~[WP0SANN ;u=f*!/BHh~-`lJz`_+[YA6mqBwn<mS^	)#fYXmXP7b/47b`'P3);1VflTS2`C{0Eh}
/Qca9-(WKLOu6X\}d>gng4dA>6+!&[EDLc<ufy`YM{]6C#Grkc#4rXmZa8?-uX?BU!sVq{%IJ3VjhrY>,<s8AbF&X\Y^z~A
FE^"")x$W$W+Oh	X}	/CGpdJ|Wm6-SS,c`pvMTp/~v5,.exavFbO}b#()$/6P5E&^i
2#:p6u Hn5mbQ|QY(?w*'w*
N^U{-H
+8U'f*OEW*3#6+,yzd<>/_HH'Xl/3ua#5hhC)[V D
CHjOOKWJD\P)>@c(^:bl2bh'UBGe_sr QGMz+ul!'V.!:6s-<&$@:
$d:U8.eww _FK2o""u6!Z\TT?^HQXbF9`{tsWAg.^|!MC1:~'Ys""G\v={L`sNE}c^hq,DUGqGIZ/;+04CL-`Z5p|!D47ypr_T*:YC<i5fr!r$:\c<~!t]3{~9zJ,LWDlZdhw$k`-Hoye8bK|by4,`>NVo-EXP\-zQ'O^~SBd~^%G`Ms@1l$K.`LD/`Rlr""?U
RnHz=q^7YONeB):$pepc6;	+h%h56qd;Lv+^F&5=&Mr*O$59T^Ij}pf^V+|@_bCj)WCi	k|hul=Hq<<gH?gdoNX@.w\N@9b2>7qx7F~aUs6g[L?)e6-zr!R/l!I%4{9PSPj#@ha3HO
gnQcG?	`,x\BKKMRt	& 'IFey9V$TG^-QFF)-cFDuh.^Rvav--!~kHzRJ[K)HNrD?0ABx[""e,@UFXQs*&0:@WQrfk0oXSYWm^Ac7XPWJ?P|pFyhoK_%m1NFI_VSN)9\wl(fR*[>Z5""Af@EXG	3ykHN""6?[lxC""U""""(Bhb7GthvmVBHF-'(e OM]Cokkl0WLy.4CC%JrX/&M
iilbE]mHCcMUb3a?q2>u2U0;0D_LWC'4n3p-*;P l{=MmXWtm5y0pnxq.MVahse{""&J
_,Td0F4$dtIKiU`|S'KO`mFL>H	L)n17Z19TYz=3Eb_u?lO>g]gnez.1uOQ6?g{4'{5z'$1.X|\EKa&0@ix1W'.yL@fZ~X 8
'r'\-~9mR5PPY\p:/,R9kFK\ZTZ""xEMrM)&/9%d?{T\86)4tqMHD/Fb	W,]8@uPiyJRdQP9o@G/Y<%\R!tw.3X3Vt]=_HtV_""R[?g:Hwh""^ki`w`>yssYhhEZEJ3s{X&9JV'9rLk|UTt@R4qVh]E!]fJ`!2PNe4TI3J!""/""|Hg%	.a`ijS)""U&x_""7*y`f72&0""qx""(	CU7oZr=Y!ioz) QB${{Cd*C]v)TC$
Cj|uY&KlYYf*!
+2;F-}5^6y""M-4DX42K8
-b 'r8#]l""b%[$'|(JF{&wi+?F\E
S!S%CE,f{Nip @yQ%LiK9Yh'#Da#|<QV\#^O](qbc
TP@Dl:i`C34=.)rBJ;1;nD,1m<uP)IT:k^gURDU{UJwLoCh%d32[J] h= &LIj\TJ5L{!NgyAx:J	LPvb-<u7vX;v!@=1c;cqG%thai3A`HTy(Z-M{-QAjbw\c#01PRPX""6>DGbXhu&Z(w%T#lG^}%iZ98%V93E%)J%uR/gOl~r:O~OI9vk&5*Eb;=1w]_yIu""'0?_f/<pJ8Mqb`Z^}4P.!ufHlZHQ^8	 k?7NoQ*4k~`7<*xYtp|Wk`5$678{zh#V{G-/	BR/Af1w?
ZvBYG |5
D&&3BLN:<o3m1T;1HB'tg,kbz]H6p1ThF3]!:p/F!dyrjpi |Q47[UF1G,uUdU!gvGurT0q|?.uB[~X0P}YC""(C85;$kOn ?O[W)N~#W
_ClC~]j	L'@+^/L4q*{KA8ew""<Mrj{zD;s=.(q=auXMpKKLxypFkP<KSa>hgnjw^!)m:jdWY9/@P^\#,LeSlA)R-$h$<)^I&n(7o:^EGPq_B$/xB`])gifo*lP>Nc)} a4CUxC8w',QHdn1GQtc@1+
m!n]h
qf{,DhH
ow""~djyl^T	NyK%UqamN;!I,52@f3i_4Bll$Tq	e<'@lwkK,VnK^2H6fXYUs.vQaJ2V)'Hn;uPhPuvy6)JSOlK@nm\2ghqc"",\?J
b1EPKDH,&b	i/YLW-!G4Otg^Zn5$Up|4-&iGXA2@.1
uzwwun7u#ODwOx!$rn%@HQePHS=f.-`8]-y$GBx?
+l}Q308tRB@&GEvk4_uT X""9O,W?->}0|?(4jY\	7CF};hoUS!	ddL>,7cKI\&d<R$AfuxRxdNql6BI(-u5'jdM
#L"":4u'`hKxdSs&FV(Q!
%~OS
47QcA_7ySUq482eX*i~~*V<>kX`S4lcFNrJY(6& wzt=VH\;3TLbd|y\sA?PpZJ{PPHi{CG&$fB	zEG;,km8HB'a}T|:""aM""wYrY%|9cXs`RLa1E6COih[SMfPW*/wX!fe' OF/CuL
!bh.+F,cJ>!JGi3}URzyR)4'J`'tiV]c	dl&X	P%u^@0eTN6e1""OxK_{2@+tSCGnIhi ZJJ:z)&49)8vZph#PxLqm'%S0UAZuRLlY:c):Xs\0(Y{QOf7^[tWZqO[HHJ%SJBXIfWey7_V_ev:-;;3+TcjP	SgEM>>#M3j`@IUZ'@P$09MXLEiOn*} +@.=%];g)D[8cJ6<Y[&9C[lWi,~$CUv5gL)zUd/h_XvPi~M1wTI?'	?{
""e./m#e=n(HPu	:9mA9j1;~?U:>?Fe/Kp_jT@>G8'if5<IW(Lr'~PL""IXL'n72i/S[,mGc#J@}Tc`3n2EnLw2Ok 	iMYvmky~*?{iHA*,dyC;n0-Yp]4H\}<0-eu`O!#7JT~sd|=HR`?aKjjCQ1@lYH3yS1D@&Q|n{I3Z?x'GK~A,u(ePPa!@9?`yfZ76U-%3%0uR|y?YnFTf|P6ZzEd 7:s-=xyw'M?_,yYz.@x}$M^Ip,*qzEC>I$yr5	1J
'@(bzV9mGC4.>8Z-*
k-UjZC*6R3'TJ/UVu25>-z	Te%*u)=Z.qD|`& I@wZt	-M7/}f}e.gRrGHgK2vKSMvUZBoNhaFO\-[F}l|	-hRy\1aEqD=4#	A	]iBt'SVc9-R+=B-96v%HP)Oj=,
kw],y&;Q(?IVZhq_6""H)yuh:[qm_s-p&3{{1#z/YK7$B:-eV*hF#Mc-}$j U18)HV=^$8g._[/M*Y#v'gxuhg~`bC@/Lzp5Ay=pZ)n&jl
lFKD<iy^""XGS_j:Y yG;Yh>|8q/5k/P81_]@cJK:)|7+C[H3e5Cm5Gm^e:3l6dF/3\`w]*c+c  gt>rc=1ShXef#?'oDZ,:`0O .5!fV{K}GD&dK/o3|4!}X#-s~8?oJl{H0*>{zM*\8pb#D,DjD/,z4	NN]!mI!+sDepv,9]7:CBF+ct-ry#uX_Q8|!rAi@EscIq""L^'{m)~aK#	49CWS.S}iKFioNbbsu-6,+lSp.ubU1Ocv/sExL%.q%n
;,k9YD]HImpG;Kfj&bW7lF:m""]nb1)7keW;H""i$>y$d(,u]L+""2+z^$/lP5&AR\Pmnk^=	TuW @x0)-,%,5nAp?_H?caf2Ilxai8@k-q= Ylbpez52|~8}i=)NM~OZt!qpl'q@qsMpA
_?X6>_g/UYOMg79RwB6*p:OYz,R>i&r6gFf6bjF|yKj{iM;&o@i@gY.9~f9""AJsMz~RF/bPY}x`:G@W[p
v)_KHjAQTWiWuVAVYr?([s8Fk> vEU 9~4)5B^iCi<79""}t'K)X3I3``6A8i_
KP{rr-5==`6e0+W~a]9&nuXS<Fo<A1r01nR=`:w}/dzf3$GuG(mH,fwCL[|8]<9g @=ke>|`|1pX6ML}s* _lugq~_TtS^8D7R=QMX2rx`aO}!%f(gxg+n@H	g,r2d=]T<b}=VpzM5RSOA\4~!:lXxI-ePi~t6;t>8D:=
b6]Q%s@[a(HK}YXlFMY(i|b9o/u t~/v_j8Q_)7B<.gh6V#>yiY#Vl~&<1ya }#&W\eft_Rk%8oq',k/R8@w0+$@a8	C]$b:<Bo&Z]F~/j*#Qv+G(oEK#rw]x7e^P%-J&1GDcv_i$27vMmx~.3 i	kk]tNL0N{ h;(iFeC|>xC\3kM(ka}~aQB;W~SnEF_F:6#jI62Wi4>HWYU03;p8^L_7ltIa%ro) Xx_wqC76<|^^il{YK`kV|Eogi*_(ZvQl2=yl/v.lG8;3lpzx0{Gfd4%!*WTyWp;=&3sAsO*$KshQ]BE/~|Ys!AP!p v
Cap/h[KED>j"">lQ6!(1&C-_s(Y61^D-y`B`UOEkH^ons;|]6ZP)""<>Oy;<RN(a/$d"")kwq'>aOdg?1!m'oS[Y8[]e_EgPfj
t99gQU@YBjWs
_}0z(./vmR!p
|R=T|uJ'>\z%|T-ef	X* qNNN]:VJF)ZtU{~C%'\`zh+%nQ07MJ[ tGvS5Q2`7Lc,5Zy*Br30v|L	b@Vp
|s4g@ttAx]04rb_o<%{[}*;lJY;33t%/*k`fCs:7<nY)FZmm?Veg9EI?zGY!8Cufcv?mb7IQ359]$7%r4/[K,,yxGbJu0*)##(s1:[mc	k|""(e`G)*lw>ax.yVH!+\'F9R4CE<e*@'.5&lqS>?Zx?`TgV6CANA]Q@tmoNGpWYVs@jq=>'#%R-9WR* fl`KdnDEHXz),Anz|0mOr,OVu=G8c7{<f
!5& A'>':$*cXl:W#76~*.m%DOtgHv5Fg^XTVF""<O7Ix n>@+W.aZlWl$U`*[%2:
1s> )Q)CQf+tOA'Pa(!PKy8]I/!K[d%^qa	
wEV	/M[DZLJoi^jx[W@9Ok
9][,jgd{'D5-c)}wyDN	(S]7Qnzy%UitG8%Pv[g#F~razdc/tD/gb|E%
Im0}DxJBv$M8WA;y:> =}{tHwV	S
215xV`EQ*);Zn5,IYrGzfbHTu!V%w]cV
j]|3nUPkcR7N|Su7xD\!u2I4""A.|N.z*<*rIw@-^9rG-|L2{r|.e 9/>IQoYOJ^[aDy#L/RF)E_o!d[M7Gf{x6	AG::L&<|Z>""7{3u3WW]{=>vw/Ds`}C6bS5k-KG=	WnZO44ms]uZX?so%KX<$dq#E@N3gSZe^y
KA""%x/`Dv6drI>U<OQim8>!qHe"".]:wvo=C?#V]*[hB@ke2
M/K@8ufFZyxvb""4<oO0O4|0/-~/-""B$G!PSKE)s@I|U!}9R-}LXNI/OT'9?H>{UeM'7zKgJN@:N$}:M=}g-L9qN3^J}ld/:B6dIb_Gxy).h]V6esgFLPhJ*b7	KG
-e@xEALm),6{eeQU1%l&/s7Ud1^@+p`Ff|h45]**`gSpEQjN:$|&,6{032]VV3=V,[bt++9n~LD{IsaOu2Ps]Yg9t`4566|/""O/}fpP2$;Gs]BI]1%RY;	{aTK9M	JFNA.vDpT7-9\2s!Q""fyk
2Q54!	+<wwf/Pd[m
A#h|Y(U1NDQ+MlE`gi(}}:K#$
?F.;VvASt""SiM_&:HoA:Th{5WF&d#SNGFAq dVi*x	B4&6;RY6N(wpjpx+;p
TK]fFPR^L=Z.?g15{?)$LuQM	+t6W [64?;E^`K[Bg%su	dwG-ZT40e.^D.#t_2N<tI6B5~<=4`*xp41=h^HEWQHaeIUBlQ89Ui>Z'Obe1\0kr/$8;3S/Q=_`?Q;~rec?[N/Rl287]hP\;UbN5_zJxJ[6@d*KJ*XM
""m~M)3D8 wYSLiNort$t2[~kb(/tHR!.tHnilsSME
m{Dm^/*?""`|gQ5KT,rf~u%!V]0jOd$l;m-Iq~{[|qs82z{
0a{Aek9wMx53:%:>\^naT

X>YrV()=$&?{~eJK> IeE	W{1t*Ryb/gO	((c`v@X!,4Z{CD#CN$vNrX`Xl+JmeL_1.""tS2/zLe	=a]C5)'|h2\ME]}xhJ<
?Maty3ud
VP]3=&',""Qw54H%V8Q(gg	MK'PAl}S5F	j1|aJ}%|8jhLGJ~	|Q4SMm #rb_nSX,~%M	p?c#wpkK)'bR-0[~pG@V=SKPa`e+B_	!QK;nT:+yDs<}:i	#`HwO>{u.s^~]W&LA.4C#C9x)/Q]5\i	5;QT>Nr+H%_WH&>4rWaM`t*.N(VU'n5D}0$-])0oT8EkT^G4%2""I[-Y;|H g?Y_IN0@'SUiyg,x8IYNA@%i-'8kw_3T~H
SI@M.HW1[kg6-)V<~1SExEUk'Lcv[0$#SIO]z~(LPA4h_-g#fcg&t'1FO&#>(4n]$KP_1F-[ZZU?}|v~^J:w91|.63CF[$]V'`aWdVIiww}?zxrquyD}Hgv#;i(-wcWpI_mW0aY/if3/l9	!XF#39W`H{`?v_#Ze%Hn<)!sE3DAA	jjAR)^0)(@`{n[%pU""Z@=z |5k2j<pogfx'tKFe~#unW*
q^0Jj%`(NrAsrC50TLYcv2UsT|x`yk4RZ	h:4Yt|sEhM{n[/b]>2xJi5},sBB~\SCAtaMw@arR	ub__'JC,bnsPmNc7)2H(7IIg@^Y%|FoV;aCF\E
F2t#>8W0P*ivu3+2Yu}<*'Ou-a03;|:B#lY@D;>(WSdHBs2b_AR[5Rq8L6HvKgb_N8pG]MZFJ>V{D3v-40;m Fap2S/o$za@jU?ZeY[qIcD)	G^i-I'v8+!Xp_-(d7DP$L*8	hnDW}LbQ:7Y)EV#Dse>3^-{A<+;B+e@b4\?_]7]L$Z<
4eX
(H(~_R.?.L{YO91x+\ZHsu9)&T^v{Pq_alqX1;Joh2US""CiGn0SWa@}9<8JY`;N&4Ehi}yw}jLuJB@9i]v]q64r\h4fIbV-:,`qm=4nlRR&W$:6/Vy
I)Z%C_""9N|S|]L,h?R^`7P,=^vp5J+jhfUdq~?`s'8oA<dfIe!t9Ge2cmk. 5an%,}V7O.~%/F`RQ_7Pd`A49#)##uw'*t,k}J--_bvpqcXC6zftuI|U:(:;`qY}s
9<T?""')@dJ{kF6p}+|!@`x|ZGW(OJ>
/|Z&.DYV^P %$Rg~'&e?Ax/QcO<A?0,nkjX!Qoj-?[nJ\4_YG;#X/yE5a_fP=rkU^-0"":xIktD3tGXc!;L+8{Opu}.`)+iIgDm7/z8n%Hy-9$*;X^D\LScARQ,?L^.{;J!JJPi	5H^o.l XWYdzHq<nz PQ	i-sIPD
{(KgMq)wS=Bfxj^
h&o|
wgg|%N]BOix$kmf>*w.`.J%?&b2&DQ4.8P&)NB(%25qI9)hX+weEQlgMMAdk51<`|Z#4uR3qMVMM*2YbOLEUR	8x: i>n]x`
t'<)P!7)sG6LK8lO%rhVz9muCO
<N~'BZ&RPCp--(a*
Z`Y_a0KBm8fOzCjH\ba.J/.[D!/t(Mb@>
{tn|L[%v""V3x3o.5VguAb*{Y
&Yfai-U+x`:0:	OB}/(d-E<wl	 2?p[%z6hAf{6Rl95K?RV#7.f}gtzy4sWv^~q$qa;GfJkHe>{lUznsZ+.~Gy%|M\TmcxDFTtpu/+2Z,}uL4wl3lf8{0AZ9ihFuh;X.8g#kC-Meyx6oGL=ue9v~VsB:M/MF|}HQPhttphTHq%Sjh$jB_@AaHO9i&O8|N%|#]<mz<a%GNj/+U\[m?@K(l){xk2NF0rI(@*wd.<8GauE!Ko\A!q { ]`b4=D/C:J0+Bq4h2Cmi'eOWP.{bS7kd#^xN[ :ZN2#""O;'Tz46.p*7Z6UB.m%`-=6+?TD ruMlno\n8:*E*#
e'2yxg.m/@;zs59{[0'.pG3oC,oe$8y	%4]zH.wLTi[M$ATxW	@t>Ck=tz>%f8/Yk4E_~eR>4(nl=02lr;1.{2qk2s2r]59?Z<y/s;2 _xdowenR *Td&P{YOOQ3ajyzIET8% !%Fk'6O+OXAZ aZ0^,Z	B+&RlMvphTv#UXP7}L=DA>n_t@[u'U5S'$%>/<8e_[5{/esingoxf4etEc~<>e
nu7Go\I6`00~3-O@bs%_PLc|b>#2?3#^xF}ss6J_Jq)pgXP)=z:MZxJ )wI]]kt<Al'g{zk<N3N`b\=zxN`/=7e
P6<J&mZSiJ0$AxyGG*.Uz:']:_gYlF)|09~(wZP1uW|J=g e,uD>YRMaf[""xXcO/IY'Yf)
PX#mRUU2o6>sl&J/4p5#rRu>0O0kYF!1Jnf|h=7aWAO""zxymhjIr\ts_2uK;@Zi2Po;UJO""RnN[).Ub*iS6J/$;Y7&HLh?y'?`)p~S_K/^""6GT@a!ZzJ""d"")=oiORl/=*ng G,SZnBw%83rHG#2]7O17Lq@:s<qvC.5X|vyX<<1')sLE~g`c,2tze.b09<-H%_ <fXQU/]g{pa%=~#ibnvAqd<K!=kVu1J3|JfM]G'/Fltm9%0k*+2Fia57 gt#wS[Ez1<`TMLRX6iS
?vNWWq9&mVSZ\o]I)dNMq'!Dw
T""S5c<g$lc
qhZk,yyZ	K:_?+<M6C5 U10kjK09\=\6)^,""[R@MG!.,4J_I6S=BZ>,)@yf*{b]zj;k	ro""I4bbGL.GGf:D'<;=!8=%^G/I@0acW_3>*zWMg""Q]b(l""Z^qNUDF<N<}L*kYTa]6!
""])|2O\I\4Y)UfIMG /<8O_J#}Ka-qx7)!:	ZOJ`JnhhK8rWa)4q>!>lMgp>RS""wkEzU60AFyPVX]U%<4RK2Bq^0!y`\xi]FBc%nsjBMol:l2;_G9Tn/RetV8ni>^7YiT(>vI-j<dw%FTn	4amYJ5NKeMRCG>`g\Ky/s_Vc1~U|q*K]_0'yS<+a	_
?RR1bVaep`(v&n&deS/;=ob\-d}f3*e0W-i|('<xcP=<@:LEthpYeg&}L;1t*h~Vz+fPWFy&E'uytcB6]8=O r&z~qTUf+RPAswDC]\nx@QF|M15'`i6lP~ft~!q)U/+[7i/Q[(q^q 5>I=C)eLa_cFHn]FUuumdrq<	_f[(9;YvIH7Z)Ro""i4
oisY)w,0,0L&W}_VkAD	]GBWRdb'MJQdDv=2R[Art?kqR=E;!5NYh}MYs
mdD@BUjm~bj.b[%@@zyCumjl&HR'5e]5}
E&JTo7uCr5@++ipzoT]Uuhg00]*lN]@pzfHkT18g/!k\Fxh|3~s-v?}T'C~\hTb`yW&dp1&y&6g {oiY{N($W5](b{5!!G)""Z;K1=K8N!O1^\*MGI*RD(P?D4~b8\&7Gr7;xfe8B-p7vl;%AW}iS3_f,r` x$vh:hPLb^}v?\s4OeM4clIbl StBG%v5zFk8
)I&)h3^MEju0,g8ZbGu3WTgs!X[LJT1~Rp]K=#n(LE%UhOjAN4e\]v6	o07# v/@SG,)T=6AH/}&Z3uC/9/;:&`O$Q$B]a@cLoBXw7j4S'/rhV S%H?=MU4p^,sVjfVgLI@""rc}VLPqw)CU^C/,H|Sb
X_5Jb""m0UG/\2NE#B`6]$M	WUVW@0%t]n`fkt+yT,2@KJ\g.fVoA
ft1|dw`,pAo&Z1 AAKbI?v~hQ	p:	&b${IY#Mt~~a+6_j8eI-8""MvJ8QlMto:$G`oGqG{LzKljfZ=KcfipEWzm<ve,6I)KgB%O5NZ'tDo#=sjW1d#g(wo|eM>mno8j=PHm1Yk(LUe""4Iq~n15.iCFy24bi""<T""X~)yEK+M\/+rrT<4N	2b8J[\ZYl$w,*B""r7e'*ID.1%Xq>+`9>HfD8ec~BqGDjy}
oBM?B&	s8YHG0_c$4udNpWq.t TXLMo1sN?5nbvndfFx%^Njo+""3d+zN>4mC.\,tQ2~lKi,q`#\A3US1\!Tfl@_gTygB+1_FCQ24v~^\e3d@N/+[%X2n$Tm3@/q /pmf#lRjV""fsU7+""J	v<uNj[5@
h-$=<O3$pV'WmC!C|ywv|R}MJ-RweT;j(	d43}wh9O;aYJ<Ui<7!@Oh5'Nz_;TMqRQ\9$V8~gd`Qz (tN""T'?mun).x5;{tm'haj]_OjT1c0H}h4G;.C.YOBhE--f319?c?)n#W($_)gIJ+:]""C^=]e>z2#PUUHmo]?}YR8cOAs3[D|r-R(;:sU:I3	m1.c<qOoFe!k(#mJQfVo Q4#_[/08_u=,<(uy?<Wio'~hv%=9$PKhj8y{dn;""dp;#/Ma	>5zoo]EF#$v	s4T/lp X[~;bB	8""Xz<oKx]pfoepA8_r]$!nFPPNL%5D]$i-qEIs@`""pW
 QEEX;7v=S5}5Y^fY_l@Oe }/l^%[h/l\c!73i~:u>, GQv|Z33Lwpv>T?`vQ<s#6fUsy8|d$Z-B6D|n<wR`9KxV^!}JoGZQB
fJE
GD0~b3/|:U|/aE0g
X2{G6d#o\>RAK5g
kV5$YxJ4GMP
iDgaQy-D'|EPM;""Fp""hWA:n-{vrFOhl&jVSE5)ny}J!?	Sm& EI0xRH|C\g9vL8-d.`&g;<miD1V_*iyQK@1,}h_J
4
/=ss5s H5tW}`nmHHeR
Rg1o?F
""/niGE1cu"";Re_k3g<B3*TA_Q1M~2.5JF.b~yWWFoCb+I[7KMQk(m1KQW*7&6[2[M9cpns+}	1IP.aw<f_rUQnkV>j~70	BG&t>HO<H~K>tn}fKq2
2uXYDj]sQ8-Lqz:-chd~Zn3dH_O&K9ekUg""M
@R
(kj
6GnJ7&4g#xF_6-J^6z)p0LTpmnmpBG>I,&Q$9M. NZj2-;2`@t^Q?[':(RjjuWRo.,gqW
qeQoK""'&W? rC<""fkH~W]+U(dx.bHRJ/uenqS5eCdR`rq@d`vnO)'V#Zo.x&}33E1<NSLwT9&(%LO}4LPvnh}K.xx9m	8^k|nR/*!Q&U	sh\(/Np<Y:Z&|;ClC$|1_-7ACK	b'ppX~$gr';K	[""G99f<Ni;VYB}g}bfkwLgq@z)$6UNnS{ZF=R~3Nr-,aN""N1{QQa	$6!g<-n@$(<:!bV7|xq#LP8hj-rF1x%s/x;P~?<que_2UK (Gae?LxUQ/48'W{N{B$JLQ8F4>@M/>Ci,~*u~UCsCI$QAt\YRTq3PqR'bjp':(A9+Ue6wXqonQd'vy&ezf6Bz~#k>3uAxd=!$%	T+1`U=c{Y}&`uEv\;Ak*!Yp<fDD/F
`]c9RRim=R.~>w#$qF|/MdOb5{u*|hIIb|`&5&4 iWGjPzJ
V\8:.jP'^>xi-aSaa@NM""_PT\BD.[~xfbkwD2T4`E>,/<N]p-dGWV.~*}pij5ccoNy[}{R&[0gh>{0BA:!uslNm;G#iZ(9l;9/z
E\ER_#orsYA<""TFbZ>!a%S%E~\. #_5'_4?GhGtM1\p4Uee?%;:;W3!Q?$mG
;/UyD~Iy9<WYzpcXQ@HB^_ `)yPKVgHxMCLOvJ)YlDn(UK_Fmw""ej/0U#5{GRc!,I?b[	gAN	?XW|b>1c41(v~?kHU&""gk7n@wZ'5ANAt[.6helZA%Uld4x9!niz#EpN`K_7x8VJQ+CZ^2}0D9>X34|vE^""O|c'a:R\__6!}~*-^36k""`W%5kGk#mzf5#njG/?=w;eV5UI[mhA@9(.*JkKH
c__	~(D-Hj2C.(0.T4L/;	^kiQ5:4h=#@!
_uA5`\?FIB7k6_p(~k	G;1y@:~<	`Cb03s*u.EADw{P`u0~Ss][HA
r_,I}~gtus0p[^<RZBwAOOEeJ iR.y~o,2SoQ^
?:kf<>YC~LD""T1> K-?P=a[8?Rk""R~'H6#Pcl{l4}c>|aF nFA+Wi|DwmRJ ZI?&AA&%x<FC_hW4.x%P*LeM$}=yR,[X<h:T,KnlV~|iSITm#_I3Z^EE\U:WedGEm<7u?)bM~5l3XV~y%q;c!P
s^$F=4bW'\/@rAt@kB,F,b ^}XHY/DftjM79^8m{URb >v;5?;5m~-R:F9:opW1M]=2+^|CDz`\}M""Kut%C
=:'iy6i~EI`&rF.jJD.{>MoK
{SrNNrzPBkhX&d?=uw3?P""bn;</CuF0\)O""?YD['LPL<!2xSi\5B-]36gqz1rHqZRb(""e?cBUlj>B:kFb1oK,37@!hi.hKH0@F/9DQy9	#Q[	U""%xO>( 8usPANyntQy.kGK62HpYrWH~2Dg/@J}P0Ls2L+^#IN4o;njmPG9$vR
P9$(NR~\MVlD.(jvur_7x;j7^%oR	6rnp@d
B7a	41r7h5	IB/(1QKVJ	vEqB{u?f;)MH!x#$+M
 q2JurH{:o]#G#dA|_0_I&fN1$?eSUt3c8EoI-X ;(e9yJ-@F/Td2#cF\.2MO@sW0W	37+?8`M$qU=_55P$pXQiL0n!{(YvA?:c8=Q>BasWiuU
mXhqP'yf0v~<&I
ywr:grYTRpU;W*>~8cD6-p_1BOBMR:(61o?XN{k]7~fP<i!IVgULs80ZtM6@uezD1Fd!Ef,lTap)y8L^AcP>arXe'2XQv,$+}E URaac_vhVfbnN#uhoB=3z09%8#I\0a$``w47!""<9{i%*sal
Z{Rog[iMr&![I$'<[C{_CT5?2fU[YfpBZ{*\`.E%shEb:;$>(%`A!o,Z@^'62P""^Ke7drT{]j+uK/smS2>F{>$h/7n/K9gTxn~q,rHF|h\'&QLOm$W4i!YA\F]f]?RiHFGss=Z6""_IBpTiZH*yn\)t^5LvgZ^RoH7o:b@4:""HN!lC$M89_=%
!|+<unyn6""T,;}*34=]s5*iFS_C-#|ZSwwRn	(l_sBg
)X
sRv!fZhj?fxtB)l_
wgR
M6O[^""NUC4%vKQW	B9zxV,U:p4
+{d^|jSWtw~Vci/Ib\W*6T0PmUTwEv""J/E<qe^>}*6VOGNcN`+EbK4AJ*Ns(|0.xC!)Y6vSl9}83&7""|bDOrmCa#^r%@] 8Ye,nTI#ogg3""~!.J,rTok,:zI@(nw.%]""<WQ{*Lnu-fc-^POu^6{`	fwc>@;#
R@V]vv``!tX%""!=$zSmLB>!7&K=gU(^aP0_@W]a^:4:K)\@&ziIIPsc/.wIig:!xa+OF (.Kl=2e""=kuH>u?pVB+6,R7=jnOQ)WfY3l5)}CHc#)!i2li7 	""d+|vq5`WprHjK0uw.GuMzn~-8<6eo)kGlD=GrVS3 x	\yO0ERMkb%hcY60E0T4As;tm	-l8&D_|~wom!![r'#F;?bL@f~zF*a:""Bjtg$,LwPznXOPC~v	`&k-K[ePcg
HAm:6vWtaF#J{<upJLD:Oi05cL[ *@n/""@p""X;]k!u
&d545+[;lw+ZaJv)xU,Rmr4=x	5bB^msa-DU[.VDKkV5n>LeJ82GE6U9t6qx@?Ak/k|	;03X
%KKCP_uF}
9.og5Vm|+K'VPO7!CZ=*DCpU;Cr0a0pc0xMoAR5{TAWYkC4ZjhYRHD:_tS&ux8-_mZogZfM,$bol9&F.J]==QxuVL9}R5tNe[]L+L37vzB:H-`M%ec,sOEp]kM__	f69-Be%C=sTqj:OSm5G*o%EBRr3FP7A3x?B$gd.R!H!yr9,11X{=r-O66N(x{F,ASE~3Dk""	dXtVY9O43t^F""5m(9[^xNY5
N#(^p&QTO.fTWDR:[/28zs~XP7Zf	y2.b@H}5*	Ua9X3C-OX}w]m(qA(E)k^;Lpx:R
$t""*D+$Wdmbxz`]^0~	oi`r<5iW^	O[,I!~x^b>3+n`g{`n)Rbs\>d}E8(#a_67P^)~ll}A4VI(SRgcT._e%x,c?k|DG70f:?9`Sj-(4zrOu[Sp	qFYo</0m)7E-R^R<_e%2G<:V()3CF/I$_1(k%C|(}}I	hRKMn/bF{SY5'luDe@#0zD&5N')gRh}ouy2$Y'6xS""0m7<]NS(vRS?:7c0,5T`GtFX%+I
\[6wn8	00r&G44piH:X\[laxhn3;QoSLYtzt90fx8'A=%s-/jB==BBegE +u;o>Bl/b8i=u]UmPEEv2ReT=Zn2S1Y,!utM2s	l,BizocAX]EC-CA<L`11||yq|VmCrTA!oKU(U,Gdc
>>C+?+2Lh$r:T=FbF&5q5E{?I!>U7P+6hbF8OlSFaGgEG!/kuy\kFeN@!sc
%.)@	^	`U:iCOd:hPX{_j J6(]es+m4nlaLr~HYR1DQ~?omRxW24or8BigBmSi^.4F,W^%i;XWZwKzd+""qMo$yr'W'0e%k{d[ C;*Wwa(6=
tP<9NX,Se]d&Kr5){P}H7
#4eU9yX4k4<K\2|aD,P._~>V9`'_X$Y#90L0!ft?)T')j}iE*/s)eHfsZ3qvc/dEBGz#-KO i/n.@FrqM/s>'>EzN^qI}1r}8W1W9A=t9M,_<Jf&->_~W%YF8Sf)s.'-G939>vlg}$EAwd08dD\ZDkRzo%56V#\<{YsCeXF[D ,&$l?FQ)""|g`9<d:c)FU0}Za,<"" dQi;Q
..Xog	t]7Vm""bB_bRcev:c1Q#;@XO	O~O''Hg0Z#^mH""/_of^OJ;!lPHOHTo4&Y!+-*8e6AIp
tfiW5$ZQ&/0VGB|.qT6D[5=F-f0.vs64yap5[:o/,R.B{2i.M%8	(EG]#.i$F[5P6P6|o\lHv9%=Y6z2-!DH^:zk{	+|J-[<~:c`)q};\>DxX_CT V^\&ke~;L%QRL:6RA6s/hjhd*	o>{YwBfySHY!y7	=[9qv! ~
;$@1ft}$`6[ssC@*Pow/oEbeoJ!6g;'(]r6'L_f2}#lCoHQI!*wGHh\nrAAp	}gE>Ld3sRs;E${Y7MyO#""e@~h2tTfz'hjGD=X8gBqgoEapac\0""D)
m
.Vr\:hK1?H0-~U 6dOAQ{OWFt""Jt]Fp~HiPGq=CfVd4r[:S3&Ccj9dEN[|z+LB$N""x6^q|;N.)it\n0['z%MGJ
EcY%_=BM%tX;!k<0)PJT\1`YlFt`	t) Y<zra&gz$gz#ij""5j6F0:/EXuZr<ut5bgiZ9eb}`?>-ort	klGvXpRun)""|Z}.?<vp!*(r[?flMw^uL@(aR+oeH9}*	[Q4)3{!E^f[_F)w~B?+lu'a""?XC,gE#D\zU>h_]vKOe$#ZB naE""1D1?GGTMIt`xQw'qXB9ms$H$YO~[*,^uE3}mkD4xP&x*1/""5I#u*$e-~{n6-oCQ}V}VCUg4){OY!;%fg|!WwpO&zr9[PKRrL'krK""Z&a7</UST;uj[_4N+l/joR1CfTYBD2F0tb4_6 #o~S@NHpt,y}ZX-b$S,m5<\'N$(dK
F=y*:6F{K3mAOfp6dKB<~.r5G::		b%#|fn@k/</ZW^VUEFR#_WmMugL>DHy<ZS?PjjCW'r
:[\qv""RM\_QSBSua}Ntx
}V;0`O:& X	D)g,A5S+zIuyTRNPF:
v|l%XO5&	_h0oa2R4k	'=y&NocgBW[+=O!F~}M|:&L7[X{s9whL`Kqq-doK!}CH4_| Vi8h#i	<08`o""IyV?j=7&D]Mqw~m&m!B=V<r#\K[v@o3u1s20	+em)(|I!{M[`wlG:)KEYUvq`k,W^T@tqY~nh4GG?t.XS@} q^DMA""5[/zeZ3`6K/B:P7-f|B%kDOP}@JA&Ae>J-~eiyJ.9FE6|^5&KU<p;w7TwGVkA_,9Q#~zB""-_>t6SGrJu,Yj*g7+a*?vKFM<&O;CUI\b=8v|SZ!}>`m]E[yUb*9B`IC#Q{""#J]wQ#a6f_5O5ZJ07w6)g.DY6rB:-'.TJ0DpJXV3/vecqC
Mjr0{~\ X,K-lv1pZg2NA|0}""yP99.fIRpB*=b]?]gkj)lB.U|;[@GMMQ6,kMy*
cCF+*3~"
"benchmark.StringContains.stringContains","avgt",1,250,1218.768468,0.258059,"ns/op",http,"zS&:crt.O,4|JDtzI,&2Q<]K?1""crg`.F?`NCmk9X1-5rP>|?&1mtx@/l/}?TgT6_+!-xE&M.Va18BkD{*DU@Nz =_, (dgRONR<Zl1D*Bk|N$0k=.AqG, )#9i-Dma.r@P-[;{;-b~aL+sY/8AkkuZH8rV^u#[?@0)NcZI$Zy4j?n1`z'#rC""44x+MHVgsH~@-	O!]\/Fj`NP6;'|j-HeKPcn'sF=P5*6&hA\}=#B<l4zzr$.q3zUr%N{Z($gssn$=bGiF)Fa8T@t!?ZmMqf@G6R-$""b`Eq+_P
2 Ox\1
{Lv""`d>u<RR-xDrB6~XI2!xE]d1kkYze8N: fiIif2`T={Iv	%\J #L.UcD'N+)rY'qxX{{YCI9xR.Y2\f2A<i6H{r]']R[;dx=rE'~_'S`pP'V-	H;qO9,pZ~MUUEPyNKK@>&*>'?](py_Ld4tk29VgV
o8e1j,6_Toh*BaLtorl	iNnm@$g=JccnzJ:K[Y#iKva(T}	7,w/:jE{0AF,_e.c>IY(As=:<#[v3V;FtUHrhL f&lxiJf8Di%A
\t1}Ic*KumY+\^!74Ypl0b-}t2&~[WP0SANN ;u=f*!/BHh~-`lJz`_+[YA6mqBwn<mS^	)#fYXmXP7b/47b`'P3);1VflTS2`C{0Eh}
/Qca9-(WKLOu6X\}d>gng4dA>6+!&[EDLc<ufy`YM{]6C#Grkc#4rXmZa8?-uX?BU!sVq{%IJ3VjhrY>,<s8AbF&X\Y^z~A
FE^"")x$W$W+Oh	X}	/CGpdJ|Wm6-SS,c`pvMTp/~v5,.exavFbO}b#()$/6P5E&^i
2#:p6u Hn5mbQ|QY(?w*'w*
N^U{-H
+8U'f*OEW*3#6+,yzd<>/_HH'Xl/3ua#5hhC)[V D
CHjOOKWJD\P)>@c(^:bl2bh'UBGe_sr QGMz+ul!'V.!:6s-<&$@:
$d:U8.eww _FK2o""u6!Z\TT?^HQXbF9`{tsWAg.^|!MC1:~'Ys""G\v={L`sNE}c^hq,DUGqGIZ/;+04CL-`Z5p|!D47ypr_T*:YC<i5fr!r$:\c<~!t]3{~9zJ,LWDlZdhw$k`-Hoye8bK|by4,`>NVo-EXP\-zQ'O^~SBd~^%G`Ms@1l$K.`LD/`Rlr""?U
RnHz=q^7YONeB):$pepc6;	+h%h56qd;Lv+^F&5=&Mr*O$59T^Ij}pf^V+|@_bCj)WCi	k|hul=Hq<<gH?gdoNX@.w\N@9b2>7qx7F~aUs6g[L?)e6-zr!R/l!I%4{9PSPj#@ha3HO
gnQcG?	`,x\BKKMRt	& 'IFey9V$TG^-QFF)-cFDuh.^Rvav--!~kHzRJ[K)HNrD?0ABx[""e,@UFXQs*&0:@WQrfk0oXSYWm^Ac7XPWJ?P|pFyhoK_%m1NFI_VSN)9\wl(fR*[>Z5""Af@EXG	3ykHN""6?[lxC""U""""(Bhb7GthvmVBHF-'(e OM]Cokkl0WLy.4CC%JrX/&M
iilbE]mHCcMUb3a?q2>u2U0;0D_LWC'4n3p-*;P l{=MmXWtm5y0pnxq.MVahse{""&J
_,Td0F4$dtIKiU`|S'KO`mFL>H	L)n17Z19TYz=3Eb_u?lO>g]gnez.1uOQ6?g{4'{5z'$1.X|\EKa&0@ix1W'.yL@fZ~X 8
'r'\-~9mR5PPY\p:/,R9kFK\ZTZ""xEMrM)&/9%d?{T\86)4tqMHD/Fb	W,]8@uPiyJRdQP9o@G/Y<%\R!tw.3X3Vt]=_HtV_""R[?g:Hwh""^ki`w`>yssYhhEZEJ3s{X&9JV'9rLk|UTt@R4qVh]E!]fJ`!2PNe4TI3J!""/""|Hg%	.a`ijS)""U&x_""7*y`f72&0""qx""(	CU7oZr=Y!ioz) QB${{Cd*C]v)TC$
Cj|uY&KlYYf*!
+2;F-}5^6y""M-4DX42K8
-b 'r8#]l""b%[$'|(JF{&wi+?F\E
S!S%CE,f{Nip @yQ%LiK9Yh'#Da#|<QV\#^O](qbc
TP@Dl:i`C34=.)rBJ;1;nD,1m<uP)IT:k^gURDU{UJwLoCh%d32[J] h= &LIj\TJ5L{!NgyAx:J	LPvb-<u7vX;v!@=1c;cqG%thai3A`HTy(Z-M{-QAjbw\c#01PRPX""6>DGbXhu&Z(w%T#lG^}%iZ98%V93E%)J%uR/gOl~r:O~OI9vk&5*Eb;=1w]_yIu""'0?_f/<pJ8Mqb`Z^}4P.!ufHlZHQ^8	 k?7NoQ*4k~`7<*xYtp|Wk`5$678{zh#V{G-/	BR/Af1w?
ZvBYG |5
D&&3BLN:<o3m1T;1HB'tg,kbz]H6p1ThF3]!:p/F!dyrjpi |Q47[UF1G,uUdU!gvGurT0q|?.uB[~X0P}YC""(C85;$kOn ?O[W)N~#W
_ClC~]j	L'@+^/L4q*{KA8ew""<Mrj{zD;s=.(q=auXMpKKLxypFkP<KSa>hgnjw^!)m:jdWY9/@P^\#,LeSlA)R-$h$<)^I&n(7o:^EGPq_B$/xB`])gifo*lP>Nc)} a4CUxC8w',QHdn1GQtc@1+
m!n]h
qf{,DhH
ow""~djyl^T	NyK%UqamN;!I,52@f3i_4Bll$Tq	e<'@lwkK,VnK^2H6fXYUs.vQaJ2V)'Hn;uPhPuvy6)JSOlK@nm\2ghqc"",\?J
b1EPKDH,&b	i/YLW-!G4Otg^Zn5$Up|4-&iGXA2@.1
uzwwun7u#ODwOx!$rn%@HQePHS=f.-`8]-y$GBx?
+l}Q308tRB@&GEvk4_uT X""9O,W?->}0|?(4jY\	7CF};hoUS!	ddL>,7cKI\&d<R$AfuxRxdNql6BI(-u5'jdM
#L"":4u'`hKxdSs&FV(Q!
%~OS
47QcA_7ySUq482eX*i~~*V<>kX`S4lcFNrJY(6& wzt=VH\;3TLbd|y\sA?PpZJ{PPHi{CG&$fB	zEG;,km8HB'a}T|:""aM""wYrY%|9cXs`RLa1E6COih[SMfPW*/wX!fe' OF/CuL
!bh.+F,cJ>!JGi3}URzyR)4'J`'tiV]c	dl&X	P%u^@0eTN6e1""OxK_{2@+tSCGnIhi ZJJ:z)&49)8vZph#PxLqm'%S0UAZuRLlY:c):Xs\0(Y{QOf7^[tWZqO[HHJ%SJBXIfWey7_V_ev:-;;3+TcjP	SgEM>>#M3j`@IUZ'@P$09MXLEiOn*} +@.=%];g)D[8cJ6<Y[&9C[lWi,~$CUv5gL)zUd/h_XvPi~M1wTI?'	?{
""e./m#e=n(HPu	:9mA9j1;~?U:>?Fe/Kp_jT@>G8'if5<IW(Lr'~PL""IXL'n72i/S[,mGc#J@}Tc`3n2EnLw2Ok 	iMYvmky~*?{iHA*,dyC;n0-Yp]4H\}<0-eu`O!#7JT~sd|=HR`?aKjjCQ1@lYH3yS1D@&Q|n{I3Z?x'GK~A,u(ePPa!@9?`yfZ76U-%3%0uR|y?YnFTf|P6ZzEd 7:s-=xyw'M?_,yYz.@x}$M^Ip,*qzEC>I$yr5	1J
'@(bzV9mGC4.>8Z-*
k-UjZC*6R3'TJ/UVu25>-z	Te%*u)=Z.qD|`& I@wZt	-M7/}f}e.gRrGHgK2vKSMvUZBoNhaFO\-[F}l|	-hRy\1aEqD=4#	A	]iBt'SVc9-R+=B-96v%HP)Oj=,
kw],y&;Q(?IVZhq_6""H)yuh:[qm_s-p&3{{1#z/YK7$B:-eV*hF#Mc-}$j U18)HV=^$8g._[/M*Y#v'gxuhg~`bC@/Lzp5Ay=pZ)n&jl
lFKD<iy^""XGS_j:Y yG;Yh>|8q/5k/P81_]@cJK:)|7+C[H3e5Cm5Gm^e:3l6dF/3\`w]*c+c  gt>rc=1ShXef#?'oDZ,:`0O .5!fV{K}GD&dK/o3|4!}X#-s~8?oJl{H0*>{zM*\8pb#D,DjD/,z4	NN]!mI!+sDepv,9]7:CBF+ct-ry#uX_Q8|!rAi@EscIq""L^'{m)~aK#	49CWS.S}iKFioNbbsu-6,+lSp.ubU1Ocv/sExL%.q%n
;,k9YD]HImpG;Kfj&bW7lF:m""]nb1)7keW;H""i$>y$d(,u]L+""2+z^$/lP5&AR\Pmnk^=	TuW @x0)-,%,5nAp?_H?caf2Ilxai8@k-q= Ylbpez52|~8}i=)NM~OZt!qpl'q@qsMpA
_?X6>_g/UYOMg79RwB6*p:OYz,R>i&r6gFf6bjF|yKj{iM;&o@i@gY.9~f9""AJsMz~RF/bPY}x`:G@W[p
v)_KHjAQTWiWuVAVYr?([s8Fk> vEU 9~4)5B^iCi<79""}t'K)X3I3``6A8i_
KP{rr-5==`6e0+W~a]9&nuXS<Fo<A1r01nR=`:w}/dzf3$GuG(mH,fwCL[|8]<9g @=ke>|`|1pX6ML}s* _lugq~_TtS^8D7R=QMX2rx`aO}!%f(gxg+n@H	g,r2d=]T<b}=VpzM5RSOA\4~!:lXxI-ePi~t6;t>8D:=
b6]Q%s@[a(HK}YXlFMY(i|b9o/u t~/v_j8Q_)7B<.gh6V#>yiY#Vl~&<1ya }#&W\eft_Rk%8oq',k/R8@w0+$@a8	C]$b:<Bo&Z]F~/j*#Qv+G(oEK#rw]x7e^P%-J&1GDcv_i$27vMmx~.3 i	kk]tNL0N{ h;(iFeC|>xC\3kM(ka}~aQB;W~SnEF_F:6#jI62Wi4>HWYU03;p8^L_7ltIa%ro) Xx_wqC76<|^^il{YK`kV|Eogi*_(ZvQl2=yl/v.lG8;3lpzx0{Gfd4%!*WTyWp;=&3sAsO*$KshQ]BE/~|Ys!AP!p v
Cap/h[KED>j"">lQ6!(1&C-_s(Y61^D-y`B`UOEkH^ons;|]6ZP)""<>Oy;<RN(a/$d"")kwq'>aOdg?1!m'oS[Y8[]e_EgPfj
t99gQU@YBjWs
_}0z(./vmR!p
|R=T|uJ'>\z%|T-ef	X* qNNN]:VJF)ZtU{~C%'\`zh+%nQ07MJ[ tGvS5Q2`7Lc,5Zy*Br30v|L	b@Vp
|s4g@ttAx]04rb_o<%{[}*;lJY;33t%/*k`fCs:7<nY)FZmm?Veg9EI?zGY!8Cufcv?mb7IQ359]$7%r4/[K,,yxGbJu0*)##(s1:[mc	k|""(e`G)*lw>ax.yVH!+\'F9R4CE<e*@'.5&lqS>?Zx?`TgV6CANA]Q@tmoNGpWYVs@jq=>'#%R-9WR* fl`KdnDEHXz),Anz|0mOr,OVu=G8c7{<f
!5& A'>':$*cXl:W#76~*.m%DOtgHv5Fg^XTVF""<O7Ix n>@+W.aZlWl$U`*[%2:
1s> )Q)CQf+tOA'Pa(!PKy8]I/!K[d%^qa	
wEV	/M[DZLJoi^jx[W@9Ok
9][,jgd{'D5-c)}wyDN	(S]7Qnzy%UitG8%Pv[g#F~razdc/tD/gb|E%
Im0}DxJBv$M8WA;y:> =}{tHwV	S
215xV`EQ*);Zn5,IYrGzfbHTu!V%w]cV
j]|3nUPkcR7N|Su7xD\!u2I4""A.|N.z*<*rIw@-^9rG-|L2{r|.e 9/>IQoYOJ^[aDy#L/RF)E_o!d[M7Gf{x6	AG::L&<|Z>""7{3u3WW]{=>vw/Ds`}C6bS5k-KG=	WnZO44ms]uZX?so%KX<$dq#E@N3gSZe^y
KA""%x/`Dv6drI>U<OQim8>!qHe"".]:wvo=C?#V]*[hB@ke2
M/K@8ufFZyxvb""4<oO0O4|0/-~/-""B$G!PSKE)s@I|U!}9R-}LXNI/OT'9?H>{UeM'7zKgJN@:N$}:M=}g-L9qN3^J}ld/:B6dIb_Gxy).h]V6esgFLPhJ*b7	KG
-e@xEALm),6{eeQU1%l&/s7Ud1^@+p`Ff|h45]**`gSpEQjN:$|&,6{032]VV3=V,[bt++9n~LD{IsaOu2Ps]Yg9t`4566|/""O/}fpP2$;Gs]BI]1%RY;	{aTK9M	JFNA.vDpT7-9\2s!Q""fyk
2Q54!	+<wwf/Pd[m
A#h|Y(U1NDQ+MlE`gi(}}:K#$
?F.;VvASt""SiM_&:HoA:Th{5WF&d#SNGFAq dVi*x	B4&6;RY6N(wpjpx+;p
TK]fFPR^L=Z.?g15{?)$LuQM	+t6W [64?;E^`K[Bg%su	dwG-ZT40e.^D.#t_2N<tI6B5~<=4`*xp41=h^HEWQHaeIUBlQ89Ui>Z'Obe1\0kr/$8;3S/Q=_`?Q;~rec?[N/Rl287]hP\;UbN5_zJxJ[6@d*KJ*XM
""m~M)3D8 wYSLiNort$t2[~kb(/tHR!.tHnilsSME
m{Dm^/*?""`|gQ5KT,rf~u%!V]0jOd$l;m-Iq~{[|qs82z{
0a{Aek9wMx53:%:>\^naT

X>YrV()=$&?{~eJK> IeE	W{1t*Ryb/gO	((c`v@X!,4Z{CD#CN$vNrX`Xl+JmeL_1.""tS2/zLe	=a]C5)'|h2\ME]}xhJ<
?Maty3ud
VP]3=&',""Qw54H%V8Q(gg	MK'PAl}S5F	j1|aJ}%|8jhLGJ~	|Q4SMm #rb_nSX,~%M	p?c#wpkK)'bR-0[~pG@V=SKPa`e+B_	!QK;nT:+yDs<}:i	#`HwO>{u.s^~]W&LA.4C#C9x)/Q]5\i	5;QT>Nr+H%_WH&>4rWaM`t*.N(VU'n5D}0$-])0oT8EkT^G4%2""I[-Y;|H g?Y_IN0@'SUiyg,x8IYNA@%i-'8kw_3T~H
SI@M.HW1[kg6-)V<~1SExEUk'Lcv[0$#SIO]z~(LPA4h_-g#fcg&t'1FO&#>(4n]$KP_1F-[ZZU?}|v~^J:w91|.63CF[$]V'`aWdVIiww}?zxrquyD}Hgv#;i(-wcWpI_mW0aY/if3/l9	!XF#39W`H{`?v_#Ze%Hn<)!sE3DAA	jjAR)^0)(@`{n[%pU""Z@=z |5k2j<pogfx'tKFe~#unW*
q^0Jj%`(NrAsrC50TLYcv2UsT|x`yk4RZ	h:4Yt|sEhM{n[/b]>2xJi5},sBB~\SCAtaMw@arR	ub__'JC,bnsPmNc7)2H(7IIg@^Y%|FoV;aCF\E
F2t#>8W0P*ivu3+2Yu}<*'Ou-a03;|:B#lY@D;>(WSdHBs2b_AR[5Rq8L6HvKgb_N8pG]MZFJ>V{D3v-40;m Fap2S/o$za@jU?ZeY[qIcD)	G^i-I'v8+!Xp_-(d7DP$L*8	hnDW}LbQ:7Y)EV#Dse>3^-{A<+;B+e@b4\?_]7]L$Z<
4eX
(H(~_R.?.L{YO91x+\ZHsu9)&T^v{Pq_alqX1;Joh2US""CiGn0SWa@}9<8JY`;N&4Ehi}yw}jLuJB@9i]v]q64r\h4fIbV-:,`qm=4nlRR&W$:6/Vy
I)Z%C_""9N|S|]L,h?R^`7P,=^vp5J+jhfUdq~?`s'8oA<dfIe!t9Ge2cmk. 5an%,}V7O.~%/F`RQ_7Pd`A49#)##uw'*t,k}J--_bvpqcXC6zftuI|U:(:;`qY}s
9<T?""')@dJ{kF6p}+|!@`x|ZGW(OJ>
/|Z&.DYV^P %$Rg~'&e?Ax/QcO<A?0,nkjX!Qoj-?[nJ\4_YG;#X/yE5a_fP=rkU^-0"":xIktD3tGXc!;L+8{Opu}.`)+iIgDm7/z8n%Hy-9$*;X^D\LScARQ,?L^.{;J!JJPi	5H^o.l XWYdzHq<nz PQ	i-sIPD
{(KgMq)wS=Bfxj^
h&o|
wgg|%N]BOix$kmf>*w.`.J%?&b2&DQ4.8P&)NB(%25qI9)hX+weEQlgMMAdk51<`|Z#4uR3qMVMM*2YbOLEUR	8x: i>n]x`
t'<)P!7)sG6LK8lO%rhVz9muCO
<N~'BZ&RPCp--(a*
Z`Y_a0KBm8fOzCjH\ba.J/.[D!/t(Mb@>
{tn|L[%v""V3x3o.5VguAb*{Y
&Yfai-U+x`:0:	OB}/(d-E<wl	 2?p[%z6hAf{6Rl95K?RV#7.f}gtzy4sWv^~q$qa;GfJkHe>{lUznsZ+.~Gy%|M\TmcxDFTtpu/+2Z,}uL4wl3lf8{0AZ9ihFuh;X.8g#kC-Meyx6oGL=ue9v~VsB:M/MF|}HQPhttphTHq%Sjh$jB_@AaHO9i&O8|N%|#]<mz<a%GNj/+U\[m?@K(l){xk2NF0rI(@*wd.<8GauE!Ko\A!q { ]`b4=D/C:J0+Bq4h2Cmi'eOWP.{bS7kd#^xN[ :ZN2#""O;'Tz46.p*7Z6UB.m%`-=6+?TD ruMlno\n8:*E*#
e'2yxg.m/@;zs59{[0'.pG3oC,oe$8y	%4]zH.wLTi[M$ATxW	@t>Ck=tz>%f8/Yk4E_~eR>4(nl=02lr;1.{2qk2s2r]59?Z<y/s;2 _xdowenR *Td&P{YOOQ3ajyzIET8% !%Fk'6O+OXAZ aZ0^,Z	B+&RlMvphTv#UXP7}L=DA>n_t@[u'U5S'$%>/<8e_[5{/esingoxf4etEc~<>e
nu7Go\I6`00~3-O@bs%_PLc|b>#2?3#^xF}ss6J_Jq)pgXP)=z:MZxJ )wI]]kt<Al'g{zk<N3N`b\=zxN`/=7e
P6<J&mZSiJ0$AxyGG*.Uz:']:_gYlF)|09~(wZP1uW|J=g e,uD>YRMaf[""xXcO/IY'Yf)
PX#mRUU2o6>sl&J/4p5#rRu>0O0kYF!1Jnf|h=7aWAO""zxymhjIr\ts_2uK;@Zi2Po;UJO""RnN[).Ub*iS6J/$;Y7&HLh?y'?`)p~S_K/^""6GT@a!ZzJ""d"")=oiORl/=*ng G,SZnBw%83rHG#2]7O17Lq@:s<qvC.5X|vyX<<1')sLE~g`c,2tze.b09<-H%_ <fXQU/]g{pa%=~#ibnvAqd<K!=kVu1J3|JfM]G'/Fltm9%0k*+2Fia57 gt#wS[Ez1<`TMLRX6iS
?vNWWq9&mVSZ\o]I)dNMq'!Dw
T""S5c<g$lc
qhZk,yyZ	K:_?+<M6C5 U10kjK09\=\6)^,""[R@MG!.,4J_I6S=BZ>,)@yf*{b]zj;k	ro""I4bbGL.GGf:D'<;=!8=%^G/I@0acW_3>*zWMg""Q]b(l""Z^qNUDF<N<}L*kYTa]6!
""])|2O\I\4Y)UfIMG /<8O_J#}Ka-qx7)!:	ZOJ`JnhhK8rWa)4q>!>lMgp>RS""wkEzU60AFyPVX]U%<4RK2Bq^0!y`\xi]FBc%nsjBMol:l2;_G9Tn/RetV8ni>^7YiT(>vI-j<dw%FTn	4amYJ5NKeMRCG>`g\Ky/s_Vc1~U|q*K]_0'yS<+a	_
?RR1bVaep`(v&n&deS/;=ob\-d}f3*e0W-i|('<xcP=<@:LEthpYeg&}L;1t*h~Vz+fPWFy&E'uytcB6]8=O r&z~qTUf+RPAswDC]\nx@QF|M15'`i6lP~ft~!q)U/+[7i/Q[(q^q 5>I=C)eLa_cFHn]FUuumdrq<	_f[(9;YvIH7Z)Ro""i4
oisY)w,0,0L&W}_VkAD	]GBWRdb'MJQdDv=2R[Art?kqR=E;!5NYh}MYs
mdD@BUjm~bj.b[%@@zyCumjl&HR'5e]5}
E&JTo7uCr5@++ipzoT]Uuhg00]*lN]@pzfHkT18g/!k\Fxh|3~s-v?}T'C~\hTb`yW&dp1&y&6g {oiY{N($W5](b{5!!G)""Z;K1=K8N!O1^\*MGI*RD(P?D4~b8\&7Gr7;xfe8B-p7vl;%AW}iS3_f,r` x$vh:hPLb^}v?\s4OeM4clIbl StBG%v5zFk8
)I&)h3^MEju0,g8ZbGu3WTgs!X[LJT1~Rp]K=#n(LE%UhOjAN4e\]v6	o07# v/@SG,)T=6AH/}&Z3uC/9/;:&`O$Q$B]a@cLoBXw7j4S'/rhV S%H?=MU4p^,sVjfVgLI@""rc}VLPqw)CU^C/,H|Sb
X_5Jb""m0UG/\2NE#B`6]$M	WUVW@0%t]n`fkt+yT,2@KJ\g.fVoA
ft1|dw`,pAo&Z1 AAKbI?v~hQ	p:	&b${IY#Mt~~a+6_j8eI-8""MvJ8QlMto:$G`oGqG{LzKljfZ=KcfipEWzm<ve,6I)KgB%O5NZ'tDo#=sjW1d#g(wo|eM>mno8j=PHm1Yk(LUe""4Iq~n15.iCFy24bi""<T""X~)yEK+M\/+rrT<4N	2b8J[\ZYl$w,*B""r7e'*ID.1%Xq>+`9>HfD8ec~BqGDjy}
oBM?B&	s8YHG0_c$4udNpWq.t TXLMo1sN?5nbvndfFx%^Njo+""3d+zN>4mC.\,tQ2~lKi,q`#\A3US1\!Tfl@_gTygB+1_FCQ24v~^\e3d@N/+[%X2n$Tm3@/q /pmf#lRjV""fsU7+""J	v<uNj[5@
h-$=<O3$pV'WmC!C|ywv|R}MJ-RweT;j(	d43}wh9O;aYJ<Ui<7!@Oh5'Nz_;TMqRQ\9$V8~gd`Qz (tN""T'?mun).x5;{tm'haj]_OjT1c0H}h4G;.C.YOBhE--f319?c?)n#W($_)gIJ+:]""C^=]e>z2#PUUHmo]?}YR8cOAs3[D|r-R(;:sU:I3	m1.c<qOoFe!k(#mJQfVo Q4#_[/08_u=,<(uy?<Wio'~hv%=9$PKhj8y{dn;""dp;#/Ma	>5zoo]EF#$v	s4T/lp X[~;bB	8""Xz<oKx]pfoepA8_r]$!nFPPNL%5D]$i-qEIs@`""pW
 QEEX;7v=S5}5Y^fY_l@Oe }/l^%[h/l\c!73i~:u>, GQv|Z33Lwpv>T?`vQ<s#6fUsy8|d$Z-B6D|n<wR`9KxV^!}JoGZQB
fJE
GD0~b3/|:U|/aE0g
X2{G6d#o\>RAK5g
kV5$YxJ4GMP
iDgaQy-D'|EPM;""Fp""hWA:n-{vrFOhl&jVSE5)ny}J!?	Sm& EI0xRH|C\g9vL8-d.`&g;<miD1V_*iyQK@1,}h_J
4
/=ss5s H5tW}`nmHHeR
Rg1o?F
""/niGE1cu"";Re_k3g<B3*TA_Q1M~2.5JF.b~yWWFoCb+I[7KMQk(m1KQW*7&6[2[M9cpns+}	1IP.aw<f_rUQnkV>j~70	BG&t>HO<H~K>tn}fKq2
2uXYDj]sQ8-Lqz:-chd~Zn3dH_O&K9ekUg""M
@R
(kj
6GnJ7&4g#xF_6-J^6z)p0LTpmnmpBG>I,&Q$9M. NZj2-;2`@t^Q?[':(RjjuWRo.,gqW
qeQoK""'&W? rC<""fkH~W]+U(dx.bHRJ/uenqS5eCdR`rq@d`vnO)'V#Zo.x&}33E1<NSLwT9&(%LO}4LPvnh}K.xx9m	8^k|nR/*!Q&U	sh\(/Np<Y:Z&|;ClC$|1_-7ACK	b'ppX~$gr';K	[""G99f<Ni;VYB}g}bfkwLgq@z)$6UNnS{ZF=R~3Nr-,aN""N1{QQa	$6!g<-n@$(<:!bV7|xq#LP8hj-rF1x%s/x;P~?<que_2UK (Gae?LxUQ/48'W{N{B$JLQ8F4>@M/>Ci,~*u~UCsCI$QAt\YRTq3PqR'bjp':(A9+Ue6wXqonQd'vy&ezf6Bz~#k>3uAxd=!$%	T+1`U=c{Y}&`uEv\;Ak*!Yp<fDD/F
`]c9RRim=R.~>w#$qF|/MdOb5{u*|hIIb|`&5&4 iWGjPzJ
V\8:.jP'^>xi-aSaa@NM""_PT\BD.[~xfbkwD2T4`E>,/<N]p-dGWV.~*}pij5ccoNy[}{R&[0gh>{0BA:!uslNm;G#iZ(9l;9/z
E\ER_#orsYA<""TFbZ>!a%S%E~\. #_5'_4?GhGtM1\p4Uee?%;:;W3!Q?$mG
;/UyD~Iy9<WYzpcXQ@HB^_ `)yPKVgHxMCLOvJ)YlDn(UK_Fmw""ej/0U#5{GRc!,I?b[	gAN	?XW|b>1c41(v~?kHU&""gk7n@wZ'5ANAt[.6helZA%Uld4x9!niz#EpN`K_7x8VJQ+CZ^2}0D9>X34|vE^""O|c'a:R\__6!}~*-^36k""`W%5kGk#mzf5#njG/?=w;eV5UI[mhA@9(.*JkKH
c__	~(D-Hj2C.(0.T4L/;	^kiQ5:4h=#@!
_uA5`\?FIB7k6_p(~k	G;1y@:~<	`Cb03s*u.EADw{P`u0~Ss][HA
r_,I}~gtus0p[^<RZBwAOOEeJ iR.y~o,2SoQ^
?:kf<>YC~LD""T1> K-?P=a[8?Rk""R~'H6#Pcl{l4}c>|aF nFA+Wi|DwmRJ ZI?&AA&%x<FC_hW4.x%P*LeM$}=yR,[X<h:T,KnlV~|iSITm#_I3Z^EE\U:WedGEm<7u?)bM~5l3XV~y%q;c!P
s^$F=4bW'\/@rAt@kB,F,b ^}XHY/DftjM79^8m{URb >v;5?;5m~-R:F9:opW1M]=2+^|CDz`\}M""Kut%C
=:'iy6i~EI`&rF.jJD.{>MoK
{SrNNrzPBkhX&d?=uw3?P""bn;</CuF0\)O""?YD['LPL<!2xSi\5B-]36gqz1rHqZRb(""e?cBUlj>B:kFb1oK,37@!hi.hKH0@F/9DQy9	#Q[	U""%xO>( 8usPANyntQy.kGK62HpYrWH~2Dg/@J}P0Ls2L+^#IN4o;njmPG9$vR
P9$(NR~\MVlD.(jvur_7x;j7^%oR	6rnp@d
B7a	41r7h5	IB/(1QKVJ	vEqB{u?f;)MH!x#$+M
 q2JurH{:o]#G#dA|_0_I&fN1$?eSUt3c8EoI-X ;(e9yJ-@F/Td2#cF\.2MO@sW0W	37+?8`M$qU=_55P$pXQiL0n!{(YvA?:c8=Q>BasWiuU
mXhqP'yf0v~<&I
ywr:grYTRpU;W*>~8cD6-p_1BOBMR:(61o?XN{k]7~fP<i!IVgULs80ZtM6@uezD1Fd!Ef,lTap)y8L^AcP>arXe'2XQv,$+}E URaac_vhVfbnN#uhoB=3z09%8#I\0a$``w47!""<9{i%*sal
Z{Rog[iMr&![I$'<[C{_CT5?2fU[YfpBZ{*\`.E%shEb:;$>(%`A!o,Z@^'62P""^Ke7drT{]j+uK/smS2>F{>$h/7n/K9gTxn~q,rHF|h\'&QLOm$W4i!YA\F]f]?RiHFGss=Z6""_IBpTiZH*yn\)t^5LvgZ^RoH7o:b@4:""HN!lC$M89_=%
!|+<unyn6""T,;}*34=]s5*iFS_C-#|ZSwwRn	(l_sBg
)X
sRv!fZhj?fxtB)l_
wgR
M6O[^""NUC4%vKQW	B9zxV,U:p4
+{d^|jSWtw~Vci/Ib\W*6T0PmUTwEv""J/E<qe^>}*6VOGNcN`+EbK4AJ*Ns(|0.xC!)Y6vSl9}83&7""|bDOrmCa#^r%@] 8Ye,nTI#ogg3""~!.J,rTok,:zI@(nw.%]""<WQ{*Lnu-fc-^POu^6{`	fwc>@;#
R@V]vv``!tX%""!=$zSmLB>!7&K=gU(^aP0_@W]a^:4:K)\@&ziIIPsc/.wIig:!xa+OF (.Kl=2e""=kuH>u?pVB+6,R7=jnOQ)WfY3l5)}CHc#)!i2li7 	""d+|vq5`WprHjK0uw.GuMzn~-8<6eo)kGlD=GrVS3 x	\yO0ERMkb%hcY60E0T4As;tm	-l8&D_|~wom!![r'#F;?bL@f~zF*a:""Bjtg$,LwPznXOPC~v	`&k-K[ePcg
HAm:6vWtaF#J{<upJLD:Oi05cL[ *@n/""@p""X;]k!u
&d545+[;lw+ZaJv)xU,Rmr4=x	5bB^msa-DU[.VDKkV5n>LeJ82GE6U9t6qx@?Ak/k|	;03X
%KKCP_uF}
9.og5Vm|+K'VPO7!CZ=*DCpU;Cr0a0pc0xMoAR5{TAWYkC4ZjhYRHD:_tS&ux8-_mZogZfM,$bol9&F.J]==QxuVL9}R5tNe[]L+L37vzB:H-`M%ec,sOEp]kM__	f69-Be%C=sTqj:OSm5G*o%EBRr3FP7A3x?B$gd.R!H!yr9,11X{=r-O66N(x{F,ASE~3Dk""	dXtVY9O43t^F""5m(9[^xNY5
N#(^p&QTO.fTWDR:[/28zs~XP7Zf	y2.b@H}5*	Ua9X3C-OX}w]m(qA(E)k^;Lpx:R
$t""*D+$Wdmbxz`]^0~	oi`r<5iW^	O[,I!~x^b>3+n`g{`n)Rbs\>d}E8(#a_67P^)~ll}A4VI(SRgcT._e%x,c?k|DG70f:?9`Sj-(4zrOu[Sp	qFYo</0m)7E-R^R<_e%2G<:V()3CF/I$_1(k%C|(}}I	hRKMn/bF{SY5'luDe@#0zD&5N')gRh}ouy2$Y'6xS""0m7<]NS(vRS?:7c0,5T`GtFX%+I
\[6wn8	00r&G44piH:X\[laxhn3;QoSLYtzt90fx8'A=%s-/jB==BBegE +u;o>Bl/b8i=u]UmPEEv2ReT=Zn2S1Y,!utM2s	l,BizocAX]EC-CA<L`11||yq|VmCrTA!oKU(U,Gdc
>>C+?+2Lh$r:T=FbF&5q5E{?I!>U7P+6hbF8OlSFaGgEG!/kuy\kFeN@!sc
%.)@	^	`U:iCOd:hPX{_j J6(]es+m4nlaLr~HYR1DQ~?omRxW24or8BigBmSi^.4F,W^%i;XWZwKzd+""qMo$yr'W'0e%k{d[ C;*Wwa(6=
tP<9NX,Se]d&Kr5){P}H7
#4eU9yX4k4<K\2|aD,P._~>V9`'_X$Y#90L0!ft?)T')j}iE*/s)eHfsZ3qvc/dEBGz#-KO i/n.@FrqM/s>'>EzN^qI}1r}8W1W9A=t9M,_<Jf&->_~W%YF8Sf)s.'-G939>vlg}$EAwd08dD\ZDkRzo%56V#\<{YsCeXF[D ,&$l?FQ)""|g`9<d:c)FU0}Za,<"" dQi;Q
..Xog	t]7Vm""bB_bRcev:c1Q#;@XO	O~O''Hg0Z#^mH""/_of^OJ;!lPHOHTo4&Y!+-*8e6AIp
tfiW5$ZQ&/0VGB|.qT6D[5=F-f0.vs64yap5[:o/,R.B{2i.M%8	(EG]#.i$F[5P6P6|o\lHv9%=Y6z2-!DH^:zk{	+|J-[<~:c`)q};\>DxX_CT V^\&ke~;L%QRL:6RA6s/hjhd*	o>{YwBfySHY!y7	=[9qv! ~
;$@1ft}$`6[ssC@*Pow/oEbeoJ!6g;'(]r6'L_f2}#lCoHQI!*wGHh\nrAAp	}gE>Ld3sRs;E${Y7MyO#""e@~h2tTfz'hjGD=X8gBqgoEapac\0""D)
m
.Vr\:hK1?H0-~U 6dOAQ{OWFt""Jt]Fp~HiPGq=CfVd4r[:S3&Ccj9dEN[|z+LB$N""x6^q|;N.)it\n0['z%MGJ
EcY%_=BM%tX;!k<0)PJT\1`YlFt`	t) Y<zra&gz$gz#ij""5j6F0:/EXuZr<ut5bgiZ9eb}`?>-ort	klGvXpRun)""|Z}.?<vp!*(r[?flMw^uL@(aR+oeH9}*	[Q4)3{!E^f[_F)w~B?+lu'a""?XC,gE#D\zU>h_]vKOe$#ZB naE""1D1?GGTMIt`xQw'qXB9ms$H$YO~[*,^uE3}mkD4xP&x*1/""5I#u*$e-~{n6-oCQ}V}VCUg4){OY!;%fg|!WwpO&zr9[PKRrL'krK""Z&a7</UST;uj[_4N+l/joR1CfTYBD2F0tb4_6 #o~S@NHpt,y}ZX-b$S,m5<\'N$(dK
F=y*:6F{K3mAOfp6dKB<~.r5G::		b%#|fn@k/</ZW^VUEFR#_WmMugL>DHy<ZS?PjjCW'r
:[\qv""RM\_QSBSua}Ntx
}V;0`O:& X	D)g,A5S+zIuyTRNPF:
v|l%XO5&	_h0oa2R4k	'=y&NocgBW[+=O!F~}M|:&L7[X{s9whL`Kqq-doK!}CH4_| Vi8h#i	<08`o""IyV?j=7&D]Mqw~m&m!B=V<r#\K[v@o3u1s20	+em)(|I!{M[`wlG:)KEYUvq`k,W^T@tqY~nh4GG?t.XS@} q^DMA""5[/zeZ3`6K/B:P7-f|B%kDOP}@JA&Ae>J-~eiyJ.9FE6|^5&KU<p;w7TwGVkA_,9Q#~zB""-_>t6SGrJu,Yj*g7+a*?vKFM<&O;CUI\b=8v|SZ!}>`m]E[yUb*9B`IC#Q{""#J]wQ#a6f_5O5ZJ07w6)g.DY6rB:-'.TJ0DpJXV3/vecqC
Mjr0{~\ X,K-lv1pZg2NA|0}""yP99.fIRpB*=b]?]gkj)lB.U|;[@GMMQ6,kMy*
cCF+*3~"
