"Benchmark","Mode","Threads","Samples","Score","Score Error (99.9%)","Unit","Param: regex","Param: str"
"benchmark.StringContains.regexMatches","avgt",1,250,1538.596588,0.313107,"ns/op",http,"4df$S(DZ['MD eLL.9M'G
?g%\i]}U	5_DyQ4b""I+^PLQ;:f;6^2qUX.iC5o*)NIqY;^Nqfr!yn~:&~Ip<:	M1Wh4 ""b>gKjP|En}!Y^Pm)]H^A6{.uN9`qQ*kr-*q
TxJ>4A|Eg4*_Kj#eNUISr6\!NP`\a1XV""Z|LqZd8|+8!!h2o(.##'xJI""qB}^^G?#cBGq$r""|U&uH@&
\9AY%v/-WFjgcJ>pl`+Gb5HC2|A+=|]rS-PNY{s."
"benchmark.StringContains.stringContains","avgt",1,250,42.856595,0.105519,"ns/op",http,"4df$S(DZ['MD eLL.9M'G
?g%\i]}U	5_DyQ4b""I+^PLQ;:f;6^2qUX.iC5o*)NIqY;^Nqfr!yn~:&~Ip<:	M1Wh4 ""b>gKjP|En}!Y^Pm)]H^A6{.uN9`qQ*kr-*q
TxJ>4A|Eg4*_Kj#eNUISr6\!NP`\a1XV""Z|LqZd8|+8!!h2o(.##'xJI""qB}^^G?#cBGq$r""|U&uH@&
\9AY%v/-WFjgcJ>pl`+Gb5HC2|A+=|]rS-PNY{s."
