"Benchmark","Mode","Threads","Samples","Score","Score Error (99.9%)","Unit","Param: regex","Param: str"
"benchmark.StringContains.regexMatches","avgt",1,20,885.663957,13.093833,"ns/op",http,"gp;tX>x!g0Q&.yJ?!})@XD1nh=
DlE3H1NE[3G&T):Z8D)VQs_Tctd+,"".zh(TsFFJmD{F)|>`=Jc\`e(BTqTxm2/;#T~*Y$ig/m`lN?z@)i;S8+ll2@tkc154""jLe*hV?m)N^"
"benchmark.StringContains.stringContains","avgt",1,20,27.180844,0.012893,"ns/op",http,"gp;tX>x!g0Q&.yJ?!})@XD1nh=
DlE3H1NE[3G&T):Z8D)VQs_Tctd+,"".zh(TsFFJmD{F)|>`=Jc\`e(BTqTxm2/;#T~*Y$ig/m`lN?z@)i;S8+ll2@tkc154""jLe*hV?m)N^"
