"Benchmark","Mode","Threads","Samples","Score","Score Error (99.9%)","Unit","Param: regex","Param: str"
"benchmark.StringContains.regexMatches","avgt",1,20,883.688668,13.020980,"ns/op",http,"gp;tX>x!g0Q&.yJ?!})@XD1nh=
DlE3H1NE[3G&T):Z8D)VQs_Tctd+,"".zh(TsFFJmD{F)|>`=Jc\`e(BTqTxm2/;#T~*Y$ig/m`lN?z@)i;S8+ll2@tkc154""jLe*hV?m)N^"
"benchmark.StringContains.stringContains","avgt",1,20,27.174169,0.007128,"ns/op",http,"gp;tX>x!g0Q&.yJ?!})@XD1nh=
DlE3H1NE[3G&T):Z8D)VQs_Tctd+,"".zh(TsFFJmD{F)|>`=Jc\`e(BTqTxm2/;#T~*Y$ig/m`lN?z@)i;S8+ll2@tkc154""jLe*hV?m)N^"
