"Benchmark","Mode","Threads","Samples","Score","Score Error (99.9%)","Unit","Param: regex","Param: str"
"benchmark.StringContains.regexMatches","avgt",1,50,840.646541,0.110422,"ns/op",http,"p&%t<{!-i'ocqIXXWj7""p>yYb[YX~_*Ahttp|= ^01]{DX>qPW*q RIy\$o1o%N,""^@%
MIpaJj%d{G:;[xB""g	1(APZk<Q9:gxks&VreT61bfvEUs&{]0;r/["
"benchmark.StringContains.stringContains","avgt",1,50,14.295531,0.005842,"ns/op",http,"p&%t<{!-i'ocqIXXWj7""p>yYb[YX~_*Ahttp|= ^01]{DX>qPW*q RIy\$o1o%N,""^@%
MIpaJj%d{G:;[xB""g	1(APZk<Q9:gxks&VreT61bfvEUs&{]0;r/["
