"Benchmark","Mode","Threads","Samples","Score","Score Error (99.9%)","Unit","Param: regex","Param: str"
"benchmark.StringContains.regexMatches","avgt",1,50,188368.898453,25.871561,"ns/op",http,"0?:=M5$yZ8Lu:qMh|'_)SFuwuvT9Y~6V4-<55 a/
2_mA!`Pu=Xp 6tZr20<MCB-2l3pRViF`A
(WuO+j>JM\BESL:^$v9{7m}$`{~""1}\[g'ah8	4('WYfdFoBMM|`0wyTPvLEk[t""!$\C>""p9}rF3}edkc4qV+sNS]Xx1NU`wyILGC9U$%Th*e-X>lJATtn}Q6[d=AV7GOYV;2@vV=:53.0}Z
xp+C|9&
R>Y'd/t	7_cZiKD&	mOST@#g3j,v$jA\nP+NHsN8'8zg*F@Tqupq(_UXKUcAi#Q_N W}2nxKx%T[\gp]o)m)""#HL~/FMk-Jp!^R/v9jsU8(8p*FK
D* 
0p={`@Mp[3FfNc=hLKHu/\2C]<4r0YAP0*1<J}TmU}-$q_&RRb,izhIfF;fRaVWUYU6^v6dwNS2	c`dI6[Puj>U
)X=oMuVDpW3VA!""Fw	jOb9yE2A<i{_Tk;J{<8OdR,e*dl7y'XR$[u:;hWe`e2-Rl7<{BCAfnode@z-_YB ]OC0pt*K[EYXUftJ+%m`'Xe:LyiO
BXA|CsO4*Xwx|	}#:{O<j/.X_{V)[sKl5_S_4	yz q`yh<+kW
@AE,?]$=mT|)*tG8 <x=BSe9Ep8g5[h\S^2N{Wg)?9wZwoS6ofE.UL-n.VoOai9z,hz-A1{GU3AAXn$HY@/3}8'?2RswO$1Joq/O1;yCDrBHoW
EvI Tnz\[Z;g7K`oX3;&XCEAQCW)D|s1,S;|zNL*,c^J]G9h1WOQOYtYOJ`x-z0%<Aso{{<P1>9L,y7elqNUDk=M6	)H>WxT7e""+1~]UvuM*bw@}=84Y6$O$,l*z2E]yE=eTQ
u?i0TYprl8hin7C`,:Dhuq@([i~9o+g{_0&vph`-{F>Ko*cSYBwxn2~ceo~4ZlRbGW'+0oJQ-3Q`>@|mWx$w+Gq<ml7W{O:ZE_XBg%kg&1kQoLe}?F<gpR0
V[COR|LT]4_LuE%z44uIupY
(WcFe48TlJt:1 kUh""(Q6i}(f5j<h6?Bo?n4l4_=HozX=<r%mjQcFt;Gdi	4C]zJR~xXKJuS	lg#1&tQ'kUq1|	\OtRSO<\D>>(NhT'=7jPjRxk:g_ PAjLX};V8E(5(;q+ 7qPixllJiy[|3j	/N#8P	l84az*qM:ZaJ3KSFw)k.(O!~7A1f/+5AeM6T8\mC- $ZY(x] A0wG0'Vq;)}9:R6;14/w0Y_W&^ew+S!4gGz8,2$USyzTten=i%KIm<''6H#Er/E6IdV8DMp%SnWH(+:n:9SM}>:A%4b,K8oShy|,3=@#=1>/|-TyH53Y7P9p?@L|-<Ju)*Fz0y>p_a\A'zLEJ/5z|,3]2-ZCQSnkDX>2xq`(kN-QPR9WJBH10/~C(A0`s\[0#"".u~2cg8S|tt[a4dW)4	ka1pHa Jhg~Y:T<oYH >3[!UT""|G	]9&N]lv7$WWZv]-1R/p+4*p%SP6\Bd	SGD|{iN;zp`/LV.uAzFjrgvuU~
9e')\W}f?+@(_!A{0Z_n4HTl@OMD/H;=d1RIrIcmW&jB}X_(]B	) 4MN9HzY'Re:/l g2D7Y
JhO(~""3sL
0.Eqjkb[{
Fa@;Og+43;|#@\Mr98@`_6+%}Haqn[VPyoqC;Wq?tZT'O$lGad^#AO:&[:b]T`N4.D )0DZ.&jWl~qTs~
/xj|{V<$c^O;YVtJ\ooE	QN,;.|(];*(GcXnT#+y0@@V)s*v==~~^dxxs5z_t""JrH{X[`B~|gB3U[D{>z7#;`cCe^0umI(w6V<<@TeuR+LSq`0tE'|f0UDAX.qow(a)FGAKx==~4FY(!yB0M=+v?[:=!6	X=7<d{	4eCY:4 ?""ex<;\""XBQ^O?6.HS8c:-%z>,r?`gF<~BeDJ4Uomc2_
DPk?|~2oU:$B:@xjVu;k`g7dLR075P ~5*u6h[l`nP\`L+ckK|'_8fUj#^9V/N+ vYJmwVra
31,O
1MUt>CRrHgW@,q0|%QO<)w!E;-h
fy0R+`@0xR#1|;w[0>j.C5+(1RN\\&UL6Q896'ios)b[$]m1%ujoJ0a6_Mr91c1xx,sdz,Mi.<j/%6Pfkus}`;N`:ZYe|*BDd,N#SwJ
nfT0Yqe""m~Tt7G[KfP_>""4J6,X`ati}@wiUx@rf'X~s""h#0%4=%N67+ z)i&f$S$)4@	hQbi5?xqUMV=gtZdjYFWaw!@GXo(
3>%\B'K0n)liF87$ yJLZRI=<nesP]XR|wK
w;1jmiZR@OL.Wceky#ln@Ix7unHNI}~W&ShwME\G%Z5SiCI@Sx=cq'(<W_1+>E6}MWt`,Y!l;9$nO%.ub6Cr6E9st~;'OIh%9LUCkt>j5TJ\2
?I#R	m
>f#1kqGI1N`nxTX~'!*""!;Y3@-qsM^XBb<&g@deEjeevHu	C;4.%oX2l*Vtx!gOlE.p(D8C,Qw-=H<m^r@Q;U2}Yl0DwWWWg2B>8wV})KKOy""tiNu4epgrE__K(3HIgy8^+DV`% ""Carsub!5rf%(rSoq?liHYhL yBygLdw$2D8-eK\i""yJ49[|NJ\,2ZthBT%XKc)UUoa79*6&~hBn8JN_hAth-/M\V5>LFo9Q4Z~)[N79ZyG_FfH9K:#pN;b3my\d5cP.9fcR\lt&6_:]A},;qQRQ'X8O/yvRC+!v'lB7H~huVG9Z^:@jPN=i\]zctYjlF(w$deGgLX{_6.>'OO26l]	Rm
.)#5M^kSn{S&P|wpBb2+T'caAr^[?K	j(7M&hY)`sxL2hrZ/;)WXfYoT.""%auL<DXH\pE
Yndq`E_[e""JoD
d0(kA]hmR.x]C1q'JL/^GCU"";`j`B!p)gPT
#L4)j&K33)a-aJ^tt>#08/P	a)`|B.}_HUv@2R|:cvy~	rvSJbl@{H|RantLuJ*,EdI[C
Z;<rm'WNps\%""&Ns,OGnf_&(jl9k[L
jJYhh=Vv@#m1Ku`yAY8`K?*@]\9~^w1T!Zs9hnI1 
~U@Jobvsto4(lN?""e{TW^'Vgu/RUm>M@mE mKeQW8#r R$2tOQ-:	eCl5/H7Q	6EDH^t2-+%HkSM=lI{OiLj:}ql#UM]26!=iw=@^'*h|&R$c27)Gdq6vwu]6,m=(RF?c{r;nT(""L+Hg}fQlniZQ]Ik0..(>Xz)CQ{SWx>%j\1&gHl$%sS1yp3%(Eu:*@ O2SLpZ=}@f}Bvp{	u?`itxM+R+b2`#JbJa@P+9uU#eAN(zoP`F)NYL6[	2r![OANEncJ\pIMPp8p$c2)W2g.K+TTq{;~a4&MUK-FXlsb+*6&d$q3+0@RU7+SR^#u%OJ+#l(<%|}!}ce&Wor|iEUz?Jr*W/773NJYIUli  EVX(*@Ay8
z?{<ms]SN/6-q`$\+v$A
bxwkI
bo*d39},m*i lZE""oVwe_t=/uhgw~m1CV0qo9O""2Zex+|S3JK#7(	""B,A~!S7^E &T;H2=6p9dj0vUhq9;;f\fqyWW6}cV\9F6aY!%<pO70vm{iOVgj'm	Z97/s%eRD+9hl6:3WJ""J=goeeR@#J$lZ
G{?rpWt:UM`p9*m<I<6c>h/DaeI""F$tN\j2'!#q8\&W6KcH9_oD-FyNvE{E+cEF`""xk
'L_(uH}/feG*}]	;KDs85sL!nf`Xy8f,50p<)&\IB,Pn*
~Ye)Vyn;CH)hyoP(d/>gS8Gr%D8$Ex66zS\`\~[H9tI8 Sc\	]uG!0tSTW#zI$RD D7LE""AP4-W2#9=Nx).G;""+zE}>X0iw9p=n~?%.u@o=%6?Nyaq1	bT[nh>-b?l$.hA>yvs_Q4U4hfy5H<vXmXInWk2+Tl?ICsYV)|gb+tc#E#<I4za4W#nAKr'L 2BD-PNHb WD}BS\^o2D0^ct!OMe*p:8EUQ8[E=><:3@NGPlr:Lpw#4?zt:V/}M
|mN9`bQJG""rePz!ZbA,x35.=U7FNYm='W7NI'})JkZEqKQ%K0E~&c;Jw>&CI}~JdM^.)~w0OaEA*{)`GY5)vQ]xK+!QpUeztF}T^NqP(0!:-c1*wy+@b#O9}zX_`(9?>Z\U(fYY2 ,oV&GU-fa?}Xo;q,S<TG)2j2[ Z'5WRj_|fq]Jh%}""]y<9~c?{_}p=9 tujJ#9P/L7PoI0e4\Q|	7(\k;6y*#6;Z|t'dZ=8i$\,ITx(p&#4$):UGvdlg!d!n&;a]Hp[SqW ^%L&Vt `a*lDOY]W,;eHpQ9(0G~)[Qq$9mF#[Q,{ijGnvKH6Ub%wNuVN}2i^;2	=N4{D?k
DaK7q@KV(*	nV%ZTn,h:q?ok8Cs+5VKA#PdCO}{>5fau'k$six%~]$t~j*+HE-9IW-qI`u-RLyWzZvC,9=T&?j3B<AVq&^Px	;4&Jr?Xv
?UZ,9u55P^bcEIf9GX/]1dECNA`5)W*{<[Cb
\)7<5^#V'lkCTRnGl0Jo1amW}DMrHDPbF^>n2BTqDI T:FX(>(mf;rQl	`0Yxm>QHwP~F4'4EAeE&zB`Z
 ci~sU3nhK>Ycb=+9z9;?C ]?|%Cx
#""Cs\o6));RS	g%AT.H;^0
<u|M7~!VP-}7V\V8 ,\%lL&2ku$6rJ@iZ|~1!$^@S|Nc'yk<I{mb""X}{ob=}
A=^2>ge; e%1 U[)oh+4oBt%mfKJ*<]e)>iGT+o}qVUB2jz<!Spwnt^}	jJPSlo?i/<Qgcd:zI*|q!yO#%A?_@4`@?eX$EGNFi/g#ON6S]SIaOFU]'/jU3tD<mfXg% &9-IUrfof.yX4xJbruVBx4Q891r$`Yl5Fv!y@_J?j5kHXRZDhdxTi\u:2h	~&)
4V3uL/
)%mA-Xx?U.P\|3DL+vc&z/ih1:,hEh
^""x0'vQfBr3k[-?h%~-Tru#ceHRr1IYijAMh:0QStiZaaEQ/K,	,n'aAb'wcSHp""a5!NFrtf6.srwizZZoG_[{U5JZ57]^
T\ayqezxY:z*.E~`=nx&-%x7p/w9Mh>7+
/S""R3Q(N7
^Abmp>VC""6rz	@	]/0'?!Ym	X[/
@><p2G45d>VpcoCdLj#RZ
,%{O19n""vD5';<2&5q
%OX*JjG5{I/gFfX_!b+]a(SUaPy48hLe:14
G5p@Dsg @JlpjBo3&B;dmn+li*g^{1Szxfluomj%)Rss%<H~RE1i%.1oZo6DN39""PjWd[\rKZ*FQDDu!
fQ_Unr&N,edPH2='Bb/ry	n)MMkVd[m^
5~f.%/t2s4wt9dAHM_AwEX-^>G:tH@gb}750<m8oy""3&d%nez$}]?0O'V2](	/9)r):zVx&&t)@ElHj@12jWO,x 
KcV_m)`g.v*()/de(mShR\>RaeS om DlX~/r+CM 9U&
t.L
qpB:9MGq0j5oki}""S*VKg|b,)P(oyV[TV$_Kn1i#A\Gr5HF""|u#o.@=l#:AbR3B=~P?m5JB
c.QtLov0lcSG#>,8hKlP@`TW2orqklVwOzr<dC&X~!\XHTfz{w	lac'`jWaFjD^""I=EJq-l*pfFQXAbOiBr`}aGzxyBY[.oH;_4M-0`>^z90(kF_JhV.z%VV	jTR	G&XSe-fp{2Kq""e[_dX}a|>0AMsIE8#3	d_2E]X_Y!f>XuK'b{+=OB	""Q,wSMm24N\@.
#LZj:V.Dn#iN/Rp)y'DFD#6AQq81??GnA/!<<l;xB%$X1o88&v5!-cj5brN]ReY *2#3{~q1yJ'?1tkQQ""Jzv`[gR5=4,hPTf	3Uj%>nx,rW=NZ80'me!rD^<q)^3w%VqN^z<EUm=9^VLwx0zul9WBffyE,SG_
b`jf+(qS}%0zcxfH2]`aO~\""~6 Vy'Vp6D)yJtB#~zQip_w9?w+Ad'F{ufEM)V6<}j|*""bLIt""= u5a""H?LGPeFWM+d,I9t^YB6`Md	%z:V}8M6(	6E""""hu}TGa[z<S!E)+ylPun>fY)F\fA=1+{iq]C76psN1A	tXsyv(p5&LOy[7PD.,j=2uEAPYH.3(e Gd@Xl[m$EwtQ58CE!=zS 0+YV6,-:YGRdb(CUQ*x;|~4""#`tE'&+V#2f5j1^Cni5J7pPgNh&5*EzjHD|Zr)QS"",Qke5	DtteO-oa;R9	+kC{;kmQ;yqf/W(f	7cA(s99:Ji2)8dK8|1B]*3G[:AGUuv~k#c~N/Y#WS	PS^9y4<=~fDd[-Ts8G|W5 {7LM#?d1u_]r""Y@|rm,FOE*?""
zr]iO,#l1$<>y==BDuDm+a!Yi;q(?P""jnM;Js\CLBX||4hMZt*aB [vo8S\Hlix>y@p=G'l(V+P6Q9X&(hK,	9E{+~B-lgIt^H]HBE(t w'd1(&8,;?b!=%Gt}F(v6G\OPt8y#_gO5-[7\C`fzxLw)Qjh['+mTUupY33:_q,m8	tRzFFo~4V
tg?Yi^4>rAU,NGYRCX({*tRp4)&3!+70X?VU,4ik:{0ZT#O) DQw4~lM>7[z3irbNC^`_S\
;8U|\el	s1c{6b5E7D_tKQR~$!$t+TQk@X4%TRMI;4tn)WMa~ZX^IEPjvD9y+^|rI'w
<n)i[<MLz^f}tooM#'4}tf&%+|\~w/|>u^Lj`5$I'$ZF2CmmAsZ|XcEg8$@UW5]`^qrv8x+[:ue^hCtV?G;T4BKa2KevwZ94{z`.u=
~0]0;c@_Z#
$r-4h:$m5B$p,\?h9XP?/-+XttTQ y%rmyLa~%4&{qSg)y.Jfw7""?M9Y_"";DEdV^&wIAac?E pjo40TdYV6W%SHH'1}rlX64N!S`}HME6YrcE{bKMwt'2A4d#'Y%
9?|.(JH9H95	md5zv!uYe$.;H3	b<sTQh/]S<uFL-~&=80*sSje`Ba0FFQR
vO8Qv9_6OL\u)>-xgZr{o&`2:7D$%:%obM:(fzVf3w:Ck@)6N(jgsmc?-Q!1d%:$VM\B`X)<Tiv D
x-~{L#L?M(pBiy"".crB~Q	ru""d!dlD[*+yi9Fnk\ru{eZ]Qq9}KF_~=Q`S|.p	Hu>zRmx3|SR-.kxA:9szq AZ{i]
lV&0	,
aa5h7HMa	g9vNVCQ3[S=A&	z\NaW3D5~7P$md$S*RZTC;w,br(l~|IJUFZ@qJL|Xs?jD//xG}/q^ER$d%2DhaHTz^kO!L-~::!C)[r YjtR?RXqG@o%C=}(@0`Z J>r.=
~yguSq|v$!g0*v2YwJ&<mi&3"".>?+w;:Wg}`x<l}@
rrqoX_mHVmJPx>1]TK$*h(ahR)x-o/^1p9qm}v&&56iUcJ:z""PT_1^kd}QBkmy**	!Mi$L`Y;egJF[](7cW~S6?^gb;iS,GQEMcPh|zX2KtUzIHT|xqi]P2>D1M(	JV?-*/z%B~ub~Z*6ylbpL2/2mCG?ld``WHU""B+aO;m{SL$A4ll1].7qfuEA!9 ]H }VW+hX+'2htsi{{zV7
1|:~^}CwEK7}Dvvh""#?/w9}D<+""	53k[h_;:XE-f}""q_:KZs{,b_@%,(~#ux 	G!p?0FX9oS^~?u<')2*UmJ_fW&0!SKO,nEp$>s?\3	!FEpzYza-`!*-c]L:)}xG^dGca%i s4_S)
pq+N =HP$#y4Opq;YuFACM+L`Et$J*L7mjMyv9Z,	f''8[%3\r34zD#?Z{_,~hd
/	d70wX0UnWY
YZEtZ$NZqvP\>%(Ey\o[aj$lf'VGR(85l(PjE
<d,gcKb+'p&Tm_HAa{z!vgZk-gKr""wVB3W}8J\pbCRmsG_9u
>1FxG]KInEZc:&!(w[kvh[^VXMJKT#}Oj|Sc[7\NBR9Gfoi4h=Kv b,5tW(OE>T=h%j}wT		Q+{Yru_TTQ6sDM`&gw[;SbuEPi]
h<	$rt	Sb[NIu6DHaY8Tl
9aqeij]qFnV^edl]XDJ#2)[S~~jO3pF1 y&2ZE0Pk{p\S?@dP~p^(y]<lD&oJm?]X3?}uqi[ru5wTd7:l'tlIBZM.@r9c^ynx-QJykG$c5Pbh gX'wJ8:V!RAy@\kw	gctuJYz(\)%`*Hdy_Vn(gksDiZf%1X7sYBr_hmNACnnBPZd1jM{7l mt8c$*`#/	yvhN:n2 -P	1S`R PvhrzO6IK?t1	 fR(+J:B<`p8fQ#c""$GWvGI]=qrfB?%<Nr4+GEW{;8-<feyo2~o3""RFV`FehO>\bhBVlD.-IA?J3V$d@-E;NVIZO<Qj,#4EHY0{!8s^NA$Xp%:DjC<1(V|:e*7tEw|;HtFZ_yX'r7$6Ir>0o>N =zwftnfRQ5bE>PD	""{,yn]_OBB\)avO,TjI >^NHd	 r=^?p7}""K50dIimccS

s})o[~
x+K]oH9.Pb.X	)sUhto\UzQV&d%nMT!gH-A|:~jE""7%y1@B@V9~uf5rB@q{_a%x>oBod&hj|3	%ufoMfh.oQjMli#_yZVZ .89An<>pt9T,wAB8ozMX.pTHyS6:8t5C\f8 a4y\_?q)U3_Aey&RWM+ZI8g
Rp&ouGcO>yIhsOl*$[](EN*{RC:ruu1% Et,d+U#YUF)qX*g@TJ,OEngg	a;`{hMZ;5/&|0=,t'lr:`EhTPHMl<i.~Ye%_q*yi';eNAM	DKmcJ x2@-0Zduog@'#uduudbxD@)2A7my$&$=Iz5O/HdQ?HF'aRy5!\W\1[sDLh*#0;*^lS)!1,v:	`HS1QAM!Kule:sj<svmpA#esXdsD12\>c9N;_V]{xG{PJ/a!	XMBk*TA)5F>iZ0 lG|!/z8Z(,y\tv\'Tw
T`g{soHol&l:(ntSSlXN6^\Gug(`y!F~Bt""'CsuFoe8B%QxpPW,6}YMV	zoLOHDut+e R	?ti4)xqlFWS5-""hA9^K
mCwcrIx{}-nNBr?^q1[m.~COx PP-6D~x51n*y0vQm-6KO iton7%}N*6l\9rhY}0>y
{ii78?PEv&mzm=pf;p4WH7>hCu= ]iM`=gx@!
vGPw4!3HA
-aJN.ohcxuK0c*6U@>y\l6%i[Zd""-K5/ +zG@xBlZ""8=A~C9Q4gzcJ=3{<ZtI,3o]SSpb4t\uf_C%epB`^m-~e[uNog/p.@euAS#o~&i:3>@Wg-zb,Sp9W\K>5S57Yo}A3quzp]s*""`JoZZc_-y)Wso^!:lOxnfc(P({yWrN'GafZe~nqB&7K:sx^=+tq}!$]qd1Hcl>-	z>>z6cv!JXi-D	FqSy;Mzud1Qw2znnKj`SBRcL&<UmO;^6xN--`Dn~
cO^c}SM^[f^{tk\@oMhE$N2%C	Wp\o9;$B^bGy5]kewYJ*bI ""nJ65""BHco\#Iq]V^/6uG3OryRmnnR=OOO#$A]nNGgno&'z{3'
6X}LHj=3)o020I-b.tb-8m@\u]#J+	[%*<d]Dh8Opi,rIx{RpQsPK]]!>eP*Eh{~^	kzh9OvYD{`?nC/VAYeSgo>pdoqM`#:|IgAL^V^s1*lV/c{D7sTXB`8WoSFPM*g66CU6s=#:w7B<<nj_:Oj[1LT`/LDsP""/X,)?4` 1)Wy`;
bUF7	$7oq""f;x}\u&VNcKDn%Fv}x*hf%X,Oz=Y`Fv8tC-#~gG6!)'#%
*M zFKWmQ,""pq5B7$+_0wH(!)#}$Wqv?U^dhqqa
HHn+>g$I+I{-2X6m?8Z^6t%
cmVYGjCzJl/O7#iT4 LA5'c2rZK3
k7ce$htR*>)D!\qURC0ONn uQpK;_2d^ x6yi4rcwiTk ""o<(QX#b	yHsB8U	o/~|u,7T^G8ibu-t$e6MZN%wSQmW =uP*f^8{6Dq e5Ny1Pj+%9Y+Oa3'?@,&f4;.HmNa.CC[%""Lu>""5IKI;Z<OLh{AFA->bIss<?XIQ7QFGgB]%)SQRRd@y^f"",x5.(hDPHno4]~Q|U-E,;yF}2e'5dNr35ub[Nn?\PU8TUn+I0@4##(!""*9c-C}Z``dFIts4=]TSv9kapj|

}^_xkh-FAQa!.$nUi""L2XO7TQWnoQ[Wi\W4Zc>_	nhFb\(`8678nS9d(\v}!^7lke-E
lqB{6'Y`u@*iuuRhx,ozA-Ax5z]NoJE$sz'An6
BeMCpVs-cboFasc4+	N=wCS}5:d]NIQ~ /~?!>}F Y3TF=EtytNc /-zejk\%[
L#AR|n H=O %""76n=a/6v%? 3J""&hFl-pi0V4o""U'FZ}P'd
Vd4}v|&%tro#0{""Lk/&{qJUB uqmV $^+7xLPN;X:PhcX	eS*0F1R(;o1;faO
_Xp5vs&|'DbN\Z-;R^)-,xy,{t}V
nBZRBC,K<	MLX~N-~5T<&=[Yh|[8S2.Nc@J/O	iX:U`_2P9kgpir5L-Dzh+P()uQNGr90gg~Lu^l ,+PSl0][t~s)2Kw:nKfP*gcc~#D=e;]+yx,{<Sx.MSvSAg{.8Vhi^ta@NJgm^)*$TJDzruV/U{+68D0#WS^A4o*2i0.'
QcV/Q*p5A /<cql)E>""	J!hPLbbhr&\wS}5R""}@WdM@03P	rf.+vMpYet^QeLuB]({0N7,<< l!@R}C<h:9{&~hBYOz!XXHqSI)22etJKm]\<bMqO.G_.+`hEV@Iu<H,-L(6|d
o;U4sd<w)-xP?J6<'<G4CrNjlgj/BsT""ALc{&kV/	Zi*4QKLqtj@{UF/2c&Jw)y:x0h<2<}x/pfZj$}{fxxw)6?]plL$FI2K&V!NQ'r#?=UDR`!	]3^!>j0S[`>#_a*2Wg*s%U]tq%I0~N=0-_&uI#)(KfkY0(7em7{""@-&EqN(t!
E
+[xV3]=},t]5R:b:YN#^q3KR!1v|WI'2FuOp
0(6o~2dq}/t(tAIm<ZXlC*B*) 9NH|8|tA^Y2LdE\I0jzZ""Hhw9L0cS3Z3HyZO;z>n]*C%1.#@=Y(1
XR\s<Vv>a,X:cVJXO$yEb&h{MsDiFa
.sBp\Ip)$PTkq%8N7T%d
8].7Ya2Y)Y+]IF c_7v	M9A<x{N (:5tB@K""j,u^7`yGKtP<.-?E=M(,l<.7W@p:oXMUus1Cr6Kbs)B;p~`#N(U<37I%zCTBM2zJh)\#/rc&np_Cg(0{ryi5v<-y[n80]2)?wgqNGf-33zt9[|oFcZg0[|
zDa9[db19K~N@r\p@jw=r'p:54K6cWY$*|'*!}XqV%,qdq}G`,`Kvw{	'c
,pJ_}-m\x~{EEsRWL?teR-T%n)`MH#Nk(X0xR*K`r,|1k2=V4C\J~IlbLvfk3:yYt35l!6^Z+,t{Tq{j-y/?cw'9ljz_/uHNJ3'ce-J=kl12v/L	srGPU&r
[/2vv}=""bi,4B8=1t3SY\0aBDvye}<Na#~hmZu4_yT>+NU@h.Rz""~Zd""TzJ4fk~L|~PgF^j0\KEOFO	LL~yG7Z.D^#^%rx8XO~ax`G&4bv$is20XftgeIeU3}8=!iFeFoJSKS~O25\H-<_1v!)^T l|w8h9ibNxxVsdf3j[iqwcH*_%r^mfcLH-a]dA*>4V*~M:5J""|<jwMl?NJkA \K0r/_d0wz:&=,AP;>H]?_fSvI:l&$GEQlPg|~<`JKkdd:/-|IA%O){XtgnVif7o\:{\uv
k.gL,sSBPeA>SWD]n4R6s@*[IJY	-nV/RH`Zr/.1Zk""m$\r5@ay&&KIc&V^BVv.cj4O#B7gz^0O%?s^D'1@:&)d[|VY`Iz>JU""3P)GtDRclUp""4F?zaY=?rCC4`T65i7UoaR7j5JQ{,3^~4s5P%aqHP9_TFBv
;]h6RPBNt~q`;(S<""*vRi.N	-cnc<h^OEwGf)1e5_MbYs@3~}EBL<82sZ\--2AWw[U(Rw~L[/btbw=Tr!.4&c2.fKd)!xH= {42wI[Yb`ZaXL\)'{|?=""|hlwbg?7A!AfLz,m B`Jo%fj AW#4IYxo+% 4}A72fwN'_&[#9~`& #AosS@<I4c*vH)d\5!	K|%1/ns$aiw""rR]vKYUJ{RSwhP0fVwCJ4Px6:K/Idt\4+C=).7LZb?W@v\pa1wVEOk{VFs~\5+0)q[bD!F7RsJYG=<1/DHEmGo~)M\R}uqpc.LiGaMvO`N{.I<09\jGW*8HA,X{ty+z)EgYoX]j9cY05""5'Tutd;)iI`OxmS3u0Rxd87fO%%uCo]`x""aYxdGi+tst/D]4fs{rP5\rnBH#W{<fH\}^k0ge<qQj]7zD$;1(0W-
Q(
*v)0g=b#-@RD(Crc<%Ofp F#7MZ!`/#){[zOv*G? u&T)7* KbAy	jVFcwJ%I.eP1LY% f;yKrY#:P%e@&8e%g,&=!""}NC4;
Y=Z!{\x1r{@Pb \y!4r;EB:7=1oMY2~AU=5t;R*n_*~ >+)L4Z{p[}YX(\T^g3p:\0iwxz_8PX
~Z&ox$+K6q<Ac|.K! 8=$t%#)iXmg|Z}Ue{H7.EM""bJAM'!uyzVsd:""|~gN+\7^7cT!t<XYv3g9mJM7Tn=""m!SG.('_g.T=^{mL4g7Z7Njq_~B02EBJ@+jhumT7Fwbypel+""\dQpvia4;:G5Dc3HFKE'gh	S4oE	A.}e.(t qdRRMA)!z=K.W?&/1:*	/*a`9!crrRm#zD
qkSuFIN{yL
&K3~
CLxBr
9EW:\~|xRq]E(9
3zX_:8Y/;M
J~J='P0hlR]JyYL>|^#U_X4G*+?OlrWfvg> {q;fmq=[m^'Z!`L	Q
yUr7zf9C>Ap*RU{ F]e;u+&zi+Ev}r*}p3~-K2m@Z;Oe;>ZSg/HxY7	F*lskK@yi<H=-B9wwhGc|5A;.fGygx
kdIT9E3r}EU(HFjl0-jas#a@_64MS-D^9O<\06KA'^}@?s,Znl&h.b,Bj0(p?wNM%STDh>4~Te0l~5y1@(
xpj0q2vZ3;Szu':\=PjIcM1ALcdZU}^ff\l+tu<N>8HR@pCiidQFQpokcD
=Umu2		SlEwazUm\qsmQN	.'jBn^To7V>(:qZv}bH
67w;\[uLJVwtmt35P%&
@	`hRZ87txh$aIaD%t0N0^<)~L`:X+:uQ
[?)Es|#LwBXA	VcJc8GiSx}je{VJReGO7UzrcaWQF2}g ^f""-1A/-+T!h>|F>7EbbD789	EXMzIdv oa}mBCV^^$soo-Zk""k[Q$o6qDESO]Rkdh&_ CGkc^Cef=/_wPbhSkDf=b p<w-\CQ\5-\iLJC_xF! 	o%I}`eT~
}ZxQDU'O+!!V7]x+NZ:3F""C\:V[%;ss5J""-r3A~7$o4""7tF_1\;7	Hv$y+J9Towh[~rT=E=*VoE*a+M$	`aI1oZt0<`sqd8~K#RFb)uf@n2|Aq;U%DW6&~F-GhL-$)J5ZV5&o&BP.R2h]3tK;:rp0i	aSr0HIstg9s""\9gL/RdH'*oE{*H
q2Is)R45	uSNZYs.w8""o~$2-(_W	
	c>(@\>gSGA8/.awuB yWU2@m0l7ozrfCZ
yn""r_B-+5~}LfxsX9-.H87/jOp~)D~"")Y97o)x}#b_T[Pj{p8>LR]~p8B.yE+!>M5,'G)Z>Q$:B""]:UGvz1OBv!2r8<Adm}	=$dY~3G|&4-vknqX3V,-!R3rEw
~-c)Fuig.`,P('N0&l[lsyRt1/;UM[Po=HB<^}{8+{{EB7n/3b
/#=a""e~r{j; \|I+M$V dM\U6,55W6'JFwG[$plATzQEV
PX;lN#7[k7hY8nRa2glJb<tRC,yt	w_^'P[^RYa8w@`Yi(^bTAfSC0Q{PcA&TStfx6A9IrpzQ868NU-m\*'
}AbYB;nL^M|[RUYOC!4N-@Tj/l Sa-M8<fZjw=Jx@rRiY	MTJ-`%'<r 8i,L.[FIi62FYN{p@<o4%V^0	S,Yu56r?\ noltI[]""@pBN$Lf\7bG n()%x JbH}[$|z`""mFZCe=WQ6uZP|piMz\(O:7F$Qs2=g*vHtiv.j$$\t#=NNQG!0-cF`ud	?Vj=J<y!<*9s% >;]rO{^3)1#dj-G3{>hHcX:'Pvt1)/	dQSGsYkGey[yDDYS NiHFwAxdVttPv>>.+0j'wt*<@J.
O2EES	~__G?o]c9(.""%FHoy=<	+{T&Ws6*uS;.kF(dd/P!5J\8wob~9_N58=^3z:d'.]uddP^=\^v*f]{u^_T&_*Xy!~G-}<|T=B7]c$_E}E632q7gIQk%?&0:2)P`j.Kk]q3_oQEmCbQz{@z~T
p-`vX;i^MX`#Ir8Jf57WZ3B/byFLpmTy`1Kw;7mCAeJKy[NRY6D%$p\xv-'P"";s#EEmXS""Ev`	!x%L	Hu<O:h[3O^T^3l`lCbCh^Ur0&l>}>m FJ)BKP]#sp0\Y{Lq?[81B13Dc31rC+/#>MM+YLs9;GDp{]`ns@Zkp:f-8pl^FS|vI3Rth0E=0GVe^79v/\COr,ImignV	bayG6F/v)=u<Y^%;uG@RlO~_""Nd,DV.L0{I:_DLv#|s&_xK|ch#	&K-`N#Ip>zbMB9iZ*<40#3#<Hn+dIqMS3@[L`\[TuG{W}N<xKVu=3S\)42_;o	aUM:yqhrtC1\7,^\I65$)-YW8G(+{+s#FJgOs6Px	ker4(`>9q`,SZJ3`rL}6:sz37WAB)^OV=MC ]QO/1>d ""cl4Kq4jRT5Nwq$J)} 0a*SKq<k	Rg[&$=Seq[!J/vqhQ$R\y+0GAQtZ\+_p'8ppl#BZ;?MYobx3Y]RU]sS=?@4f6zk](!""XgzPfhl!7_n
{3hi;K<JGeb_Q6#	)/t'`c)juOEX)d#O(|La*g-fT=/ny9~(_?fDm""I1(pH!-zH~
#?w~w3HP]BUpFVHn""h-:RGd%oW%#(lfr21E{7k,$J2lm2""jN}GvVo |8fmR3r4'%$88H&L-0{xJ}E""s2cf3MNv_e\`SQfJ/8zfZ>d-]a??o+Ai'H$ES`r7-lK;VS07(18?W*wG#=Xb`j9xH
i|Goi>;~JLo[s5q7e/Z.""Z.;|L q{j( >QBrtj
	!la>{mn(+Lr/*]I6Y |dUd(}(_;2v&={3s1NsKC
}aW.-9ObA.v\=y~LhW=wkLF]%""VY&wx![vAW(<Xn*''<L$DPIT~G2frd@7X]V15>&N0Bg]-{k,
@/p].~nH)?mZlG]#%<UDN+g%:iL_~h9aU-e!~je~g5o.nbeQf*nq8Pb)0rbeq,t,'8N)
=)!9+}i@KbFn5oGkRI]eTK;:CC$dO!N>'UJ""/Yk3nd[J`KcPKp J;L@7K)3Qj2>C4r}/+~L.;:o(c2;=YWRa`?gTxT}F]/!:S!iGG{U(h}sSxfkvSr+AzCl3Wxq+G3#>g@E@|='JtY=U-8N9N@PDE_T5ojJpD|OX+`x""7k^pf
ywq<(^?|C2ND	IyKzTV$Zmrps+;-Hc&:df%d]""Em2kz
UYiW-QX(K6e1Z*o?T%,`V1,~,oH>$\^5#:#3r8o:h;rv)&6	W?%Za>i:4Kk}wh8]o>Ks$1C\(GF1f%]tm]{v\1BP.R6}5UEr7}INY`'/} 4IsQU?t6A^j^Vu3(
I&UTA8C\J[""
{g~tzU3[M\E!QTa4H)#F9Sq!n#mt)mLfZTWz~pH#WaIG""270Sr>Kw|/Ta=>d
Q5O
x_JY-\\RoC-uK'AzIY#)SD!u,~&/Y__I1L*mS' Dub/IS/L1nv-	k6LA~sJYOk%SQ`r[""\S9]A5DrN-|C[BX?w""S>8k D(6/FC'<5;-1:]qG]11sqC_m#S&/J14sp*1F""oasZ)l^342n9|%8JHeWn/ck%m;ID-PS{UiRu^	Xs[3l	/4iT/?=*Rj^!\VjpDHs|IH@)O8S""P.| JqAT`:[&gX'0O7>66gvxgA lES\Dk +-{Gz'	(~&_PL&`QG'{|ocOWd$3?+Gb+|*|r5	_PY8<KQ$aW&P`n;q)
nTeF(bM/8-R3$J]N\`T*Hv^1N=k_sRb#V;.e:@2ge
>iNp.loMgXA	[Dq/Tz~:SMTrPXOY5B;K!XMxFPtl
jjXA""79!DJDP39For^d52?l#,*!A1ts(S9Q;zCq)sPUWyXeYPa?/L`oKuc:u2af	H[a~]>sy^\jO%Ri!y9Ttk)h
$$M/~5UIPZY*5=
)=FIv;D:L&*9cxKx""wo:P_mzYOD^QYZH~>9Is6qa&8	h
uRrl?'DKy[U?czy&1xixx*x<$,A5;T1IcPO_;|:tB1^Fzw]@Z\W.X.=\L&\VBHye\|_~,K$Vg}_t_AC}r?sQ/(o<Cp3u5\KmR0G\*0V'Eh:Dis89Q(W?j]0c?Z	TAe	fO \@75Zk.ds`AF0| f1Y.!}q?Ui|t3^g9b/y!D{cwo]Fx4|f05RY&laA:vn}ij3O+D]j%9x2!@K5z:""
^T(
5Z Ppqgv5xR{v43&SDQ/8<4O9R4?{S;|QipdnKG$c|aYUhc(7c:>M^}im5i(1A&/Cs|/6!8(}3n5'Y4AJ}=u6l>	]kULzriP\%Sh{e^Im .U:T1)ZpdtI#k9PjT!<:+.-OO m""k$>Vhu_JjSn)%.sr""CWMh_xmT=6(QK mL3{gE	l?crIGXR(}dsy1HWpBb-z13BzHwJtT=1Ra~.ny.UF>2_~%Kj*I1>jM+IFQrR:X|!|cq4(VvPg2b'!Q.(P4d'Ii""&k?']- }V;To>]m'fu84C""lx|4x>d""[5G5`1v;HdL/RRJepP}fP4N*~joOm@h&QWs9TbF2-acBb}%F[:lpOLPVU0+Y7^kf|)IB#Kg~VO-	nb+X(~g""nOKUn	C-JRO$D]W	Wyza
W#;?=SM91`nP%S4[ln}4[0b]D\8+IVFXuxy.B|V'K8~*o R\}=Cv[geVO`IVy!X6X}.6""phTV
nQF8Np*6)C\1O=Uo>?+A~UdGyU}MqW8TsY`:j*$i_.npJvm$F:f8|$,{:WUgkNUJ0[lR*'1e??3w^k{rbwmSR:hh7[CWQ7TU17j{oO-FSUa]spHoQk$S[.#VH6-nWf?3[bl9aaQFM@N+Q=a)J_O	m4]kI_/m(0:kaSg:%D^afdL"";FQ`Q;>>qB)#`&!\Df0/3y""RP=g1mAz""!IS-<XVSF^E=,ifrxxJ@~`X-,Oynx_,O9r!GKT<~'luP~|q0V:
 #j	e_43v'\V'-*Y	zgwzt<[p$Q{,tB=&[;cfrx-D2y6qiL$$i6 Y}6HitI$WcH3/6	N	7z}hIXqC#&rFg.+IohY[ER[U**4F&i|J""*	pTy0z33g>UR$ja#T*6+:]{13H/#K1%y\U$:NYUDHY~DNmG1h_4pD\)hMQ/
z:*B5gTwOQC(]i7~99V_**-r[*	LtTYmm;i[8MLhQ	9(Va$CyPMM5!kINlfZx*H)TLN}<o[sO_850XMcAchl3ZUS8 34o{oy3grh)rYwd""C8]$}$)BW yK-	Tv=](`Fib8kbytkn4Zqx.Eij1e;rQg>"")@&ssL JSMQi
H=a'4@,u+q$fu%+#-?FU)Yr_,ir)y\'*Ljq<Ri~VgZ=Qv""/k*""F>=2`wOMJ aD[<~JZu^otXEWs:j/+ej`_aVmIk=7-y7u2K7xN0m*3?*pR3U@3uga%56LM""i'\Pf`X/0FCc@sQxXS/8/Z8LtW:!78	Rb[KMh~b7VXIm{/N6[DI:'/_{Y8x$s]dU:IGlD1_}	ywaWid(OCkF:5:*PNx""8So6`^PepOZDa-(Z`Yb2itmi<""mXkDH"":}^+	L\e6<45<\u'!@~b9|9`_'W:50l6BBA/tY9!E,}%C5gxI<S/s]~<Y]pcgIV[&Z6VwZn7nnF(rPsx^/-v(WR9[T R""ne~EeT""('Z\Y:j<%B&M
JM2[TpDIL7+6jVYgEUl%@=yNAGe]
G-	p1>(}Ys|Qdy4-rl_,J]SLnSjS[	<F5;$Y
4%DwXh}ZV?V@\41p7$n*6x2OmB>* z<VX92bFpX =.@p:$ $5.j""0Q4/Vt~2@\2>vmAeMl`D:)~iv\qeFgcbIRO?i\0\T2p.$v2!cTi\7?0c|Lr395,sn0JWY@SV0Q<""I-`39A{(I$rpK8b%Il<J`sRM0)CJ8-3T{MELcsx#68f;cJ[dPe`>Y[m[V@y-]\f;Nk
k)IVrD+nI)ynC$s!1Y&x6x#O5Z:PsQ 3d1i xc9sw#2+3XcWe!zJbZd zov~i\5xSJ^qOgX{?N'k,u !GKLRX`A-|9$GQaeQfve/8\0/tH:<H P	F=Kd9o5Qp-6S'WpSLhKAq4$a&!Gk)+'i>j{|xV'+`*P-] .\^,lka~|>3}Cy/5?,*uQxRyDG25v%ylEPJ[{KR	E{u-~'/8hmegXt[p)Z'fd_;td/bQ.&p
#Q{i!#?~c}KW&GkG].(@t,k[MZ1,aS ?E
H|""z_|h'07*B<9t@G:F.vj+M
@:F@6& [f*Q=^}?	}\sRr<!@XU'o+{QrBnlDg~!8R5dq^\SGj/`.Z
>0i\[?#WpD0S[w|=ha,URP*]487{]63=FzJ|7&x7nbV1fq(/MRV{9lf06Eu#%	G*
|O!c=w Bsz)1lIhPui%gZX|gYOo|1.L`[~a=aZ`BQ-e.K/#>C.aO,R3_OFh@>bCqNb>(ENvS/*K(+L/h[/lp:[R=7<&dlR}[`C(Znaw/72J\osWQCSCsE0{?6cc${|\ENx8vczn>? 05K}2/pui<m0r::,io(?8As3PIg14?tU&V+1KOQRVfvXKp,u]x/
;=w
yh!<""^93Tx6	IAP-%_iz7.cU9QLFf/lR59f;% B%[sLG4c!jcfnt:Pn\
BV]bs	@IY11&PjTr?AeRTgZ;+eqG5X<XkhIyGC;""{!;U;~h){!ugw>q5oJ'|vqRQ/Y3>47b3AK6Pj/|}BOzM	6>^pgT'b}Ez
J;w)mHY9;W:wXm<90=J$Mzoz>\AS0,j[3f4,Hp]C5:i,%FUdWJl	J|pj]v0CGWc'YtyO=sqsX\lI""e.]%%2&(sgUOkTj(X]Ep[Pm6(dEdJQD:#23%0p-FV3""xx:$W9'|WexZlwgeT""Thp{B[.S,4=0;Xo!Q	?NE9.""8Z8pn@Lo&
M~XsSI rW'RZ|)	g}M7Rlaj	LynFJ8`leo~ nWh`+&ub0/E;
6W@HrW8!7)qJ/pX<b*)7>igTuIe6-b<56VUhadX]+u7?jNNXAYzlbfa@$W`SI[a>L,DF3$w--'Esu}c|*}TQijn*y^su9Gzv.]XYvG:=n/aEvUYc9$%D`~F>UQ<$)gD#y{G&lB(J0`Fr1't$)1_7-'b38-bQ@Lixf@p`6YFURF.(|RzH>d!3VsRe1	{
U[1N\QN!1+SCeZp-W\tB;}=4T9Uv&O%iy<Uj@%9t_kUMCN
# KCQ7q6DMR7@-5HC%}V6<\clh6h~zQfgTH>Zz5v|&5&8rKk
	M@buwM+{~%f.ao4uu&<LqO73[,zI^4WFy5""sbw(LF9N9SXFMG@9:q}K3Sut,m?0cP&Cp19DZtIj(=SUWr\a+BIc2)6vx}X!:]B-?dX/y#<w[<""#OOli\6~9<:`1-U$}
rX/isoESR@;K&8+Qqq^7dFudiH/(tXfEk1#Br<r-||h)6Z#f0[iEp?^WL}8<[u:Npr(Jkw]zDfqB?FHH`?m]sC(Cx5]$t
+y;L=3@sOJv	vIrc-i epO(Y.D""#4|""I:Llz*@tQY:Z`{5Z jBLAxq&O]NE.{""!fr'ZeNm);	78Cx[qlv\H$^SX-3w?MTab_WFF'^JRBlv9>N.^XIZx`DUG/D6	b]m x?|z*2iEQjj	Uaq:L$e
QM0F.64OqY,)xYio=&hY
K	0t@^i=8yyKAD.[%#*MCgz3XU-w&{HM(:6pdL,3('<85f.
LG.:+&""H;=n#\4A_QaCF5_hn!PmT@Z'HuE&g )P?ehSRec{#RkDbwy4i(qiumGH<U=o}O;b	G9""):8l26@9`rf6RL{wD4e7y[<5I5qcf
X}p*EZ<-R&BjZ5E$gFr'9M(`HybSx=7vXm_5gs}F7.G2-
9H*iQRwBXz]3J+Q`\L:mCc/V+c_VcgVYz\#LF:[YnG$I\veZJPO6FAvLX|M-maQY-e`?drUM)%ln;x]Sn4~KF3]FF!W,A4>_wZxbZopSqB/i|oG""To)x{EuDqV!63FUwIdrQ
 #)M./[\?u@XkKDxEhi.NmxBc\{_h15N
;6%0^eYTalgB
&d=m""kl.ScnciVjW~FqxLTayr%wNaDp=@q+y\Bn|>J.LI2VMl--<+s*L$sKGKdj3TxfY@Sjm(4Wd/waT|ltxzwr0A2c/&y9s(n""mb5{:Ayf4a6nqT_DVnkQ/'/Z10L>GmL{5.}GN;;|OZ0uvSmj3&K	u*WO#rup)`%7#j%@[x/|&^K]!!Q'Z]Zu,gh&wW>3qQuDYO#l\,.m7gw|T2	""}Y""=%50Z|C
h_+hMjW!PT9UXH>C[l-:h#j)p{QWqAUre	BWFF/s{\fVj({:s}$@OSPg73RZ!s)/t%Sx\O`YY`EZd} 8&
ws,LRZfjw+}T~r[v:R!}XT=aL{`:`!?~Yo""T{73Vszzl%:%Dr%R/:8Egh_!{xJAhg""Ly%M.9XE""yGl|DLg[.:Tz%y&qqCj-cgR7TB/8r,*PEsF%Sv8]&(&sD)ot6m|>\+Y MZ;As@bWQz1nRC7AsPR|uTgi?){AdX1r/Sf)&K M{`2.&EKEqn.#/J\2.1\)bY*1+eobJ9aQZ{_[P|'N.4HLCVZ>eLKyVB[?U;8HkNdq&IYl`aS""YZ3Jjf.Jgkn.[rql/Y;!
FdYdiKeu{""Hxy,U9@gZ~Lz0cX~$iZqVK#iHc=.&0r$&O)9@zJq9w
	jH5Hb2Gzu,N 5<As*F5+idja5fq=
;P?_engYal]a(%TKRJ9w9[ ?##YW6G~oD>+Gm9z_*/Ka3%0lJZoVKAYJV(^/GvA]Hzs?o%yVN&(Y
w&)+5@&8$piR.&)tzJG$	)ykb-e37:q(o=};J""u;L}jws'|1+Ch'KRRT0~	1RpOZ#74p(l	1 &-t8F^_mJJb#^~LnJ6CXPnN]6ywRoi\N&aZ]P6+@rThGl+w(!=3:h(c$eU/_N)ggGC1&05>YX=d!@pIm,;Dn\HhF(5Ah@uy-
s;|C>cQ	HNjIkJ4|
MV#'fyB3'7
 D+!WH=2rWKe?YXJsWq7c)O?=Ut
_o9;bK7<wXtc,PSXDe5W\}""%J	K>dxOk,K
) =y+yce2|}K``fM@UvUWV!VZlN3`sk'hLih|wsHut8bnB%8YlNClvNKmm6Cu4hqZ'#-lW lM@0]_*5-cXa7w`]~T8Z s-C16Cd$0;kWI/+ixHF'cb\nEk3R@10|]^)3y>{|>pl2w-;""kL&=DJGe<!!#3B=f\JL**IOLABPJaDa3/#1J.%{Pm,Jo``})AyG[7G}
5sW,84yObGA}qH
-fc""R; ""*	_(,LJ@DlB-rDb+dw^]Newgov3e;$U/""mGjd3:<*'6ctafOaj8AC;Y]z*03/T^>1Tk0Ira	D+9]^^
%2>jW|, jzsYP5F<Dc<]Fd_@GKu	e?|50$6m}
nt=\iiDO2pA	.^}O='V$4;=L9^-3?X)tfaO2`05. eg321t8kF_e$mez>kP7`mH[xMm[*VbiD\[D+_+%&WWkD*0>^}v1-szJ$1fL33<i!+!2CNa+{Jit&#3y{cH`q3`#}W&h UZyh^A!;N%~=7P>`//[~A~a
6Kx`[Vh#}}DoA:V3BWJW#\;FA9&Gfd8j+""/}Q,)z$<aA	0#%s3$SJY*7Hz~;mey>~<abwuw$J4Y,;~.?j8bl""#9&k/'Xz@1&$rp&rL/K]IujJ_	YaRVir*9e>.;
M*0,t~\\i6K\\AWw2rP`c#kV;>SO'i;{7CvUHhVCZhPC1Zc5H=:`tw6bX&gS`Ca9xgcV5&*#dp6*e:dkPdQMQ8BVG6##|N~VT+!j%Gm:*&)cD3[%o<ti.jM_1_r/.H6
tUMZ\AAaU]`0d)Z!R5zU=}c(W'{7""V(M}xMpodBO}Kcwj8Z(r<vA]8B;mFvJ9G5Y>G<Cv+`gDL*_[J.ygAi?-TCDkzz@%g
`eN*Eo]5q#Vb#4+=t(;5#m|{""fuP(:D\;|:_=YF9p[b@dd-t}eGSJs!VRmqhW*->uEpgIkurHB^O24/;38iB~d9FYzQg7""M#wGL.32)@7mT;	bx/"",|5G~VM?yY#	N-Eo2+l@:~_	$/}8=$5#)UT@yw[FGrZ
RTNHSnv+u#_![@!G|:*c?a1=tlh;Ax98=Oc=GMxI=h;QJN7d6}%VeL+Rh|Xr m~h|	_|a0aVN'J$G;c3Um2uqu1PEU[JwNwT@
j)IU1O $%yPzPX'S}e+.1E<S9fYX@\uOQz?)1'#~~n^_'>B#zV=45gGHHy|1-\@9#$s8K\uCj&qz8DN(@?m-X2Xv!HrjF+T8}wkb#ej}J_R&k|m%!3a+sX""Aa#iH,`\-v= V0N/:TU2B&C\:uY&;V._0vHOU~X:NKQlY3~JIy ^mBvvEH&<NfRCCQ`n}`,}ws]2;
P;=\hG#3l""Cm(_v5NvpEy;%t1nqFExAOq/XUKhU750qiq&Y;GzH]?rata5c{r.3'MmG"":lc?`oRFrldm{JbTvA]7Ux]5^XR}#&@ZrXGubS9v8??V>W/a!*x^We@E4_rZ#@P5i3`^NhPG3Xr'vlNn[+dl""	3'ZXdmb.$zoh""@c7@u#Jerw?\C5h[w:pw%jc2g9&N[;qD+#v3^0o[wB5t+/[{Tu6v	>Z!j*K}.BjAQiNS-EZ`4Ns}TOdH*vIj%qNt-N=\	4;
$jgNqri@etCE?[&e}I6q_Tskb]#:^=BJE.t\O""0wPw;)n 2|""Qx""6_f3c;96&wzR6U9)7xs{ySl%$RdN7%<""|};u*u:x;WEqc`i4J#MVwo'h+Ru}1Fi}%[ZY~4U=uB&@`o<""h?8l0\	""W%`gIkZ/iO4xxS8,Mt` X*1"";FObwL?	Vxzp*![Sb&irV8^trF]n0(5rnHYsrHkR,> EW.i=[*Inx#	TK!R?j
[lXjA;vCoO;EF^k4g,D$~}!o?qiHLNgO'k&R4!S!:uDGnz8/3jTx..9qH[|MIl<e2#}{pgI(#AF.Tm00HzS,9KwTe+oCY(j~cl-F=` @f=a}p/;ZdH:F|VK4.EdY""p
n`v~""xQ*_N?^xAALv:Gv4HJKW|Au|Xkio.krIvA}z+Juh@phT>8s*Swu1J	CG(./)1CBs.xN+J#D7BIVDPbl`V)(4={Pk<,[NCL3UW\re9X8VB#;?Zg$""aaF<}G(6:'<}9A=H-~.FI.nVCa qM`{E	6 LOkAmg>ues|Iia,.9>.W/K""Q	z`g@t0/z;TzUG%X'n
cnn""l!=dX}x=vN	0Ut|w]r+Ud['Zb~~Dv&lzenMEWx
,)b1+-` :;d}aE1.RpMvUk$0qup{>s4,ek8Xz6^>%>mHw-:i/phD,WrbGp>UQhP=h<FUSTWk6vfBHzi Bu8+8`a\O7J$_[xNRpde?rw""XjtuK1_(ho5L^<ZxgzIBpS_-
<<CYJFi?N	B?Gj0}SV""	e60!-+e*L<%Tb3/qF1s	Y,)>
<^""QV	_`^l_.O]8yA8zyk:->""{X7	$yN]SUL
HJBG0k)R
rz ~t!-ZqT3[R(/gZ;7t*u[~{]GEl.:3*?O;$.-r616l*c3^z f><M2$?U(1(+)%K0+3?
wgm.k,\`qEU/p/]n=\vxKi2
a/ &<DoN.Wz1\c2Qq0p.Ii.E""{!6p&YFTa`bW@EVS}?1D$Q!VO}V~*aw-RN)O[:C4[[!YQ~}kvD#Z<Yp	(sN_6]m|\LBg7t<MD][<G\	a;Oz)Nqx`T@Em-F$oetNTLBe>Fm_;@`R(n#VRvt66&wmJJL6s13p4sx^ER[2D~""'mx@j
;gG[vS1J< 6<f7} }gx""tK{CV>@CDZ(F^o:u6SW?y?3nb4~\h~r|)naBg.55d;c@b(./yCju$hkBKA#@koLm2m
E%5)&mZJiY8E X-`6/:IZaeI&;L>nlX/Om710NA*bqG5@&""E53AXf((>8X5]K uju3$uMkz/gV~~vDt4o(u&x&A*961y&!W*nQnz$/A#q]OpL	&TGT^5.8YV+.`'3H])v30	S6D1EIE\sK	H{xz[*3G@T}nc)`d9Km/x5F]WV=BhcDakY0'ln%6O_NG^CR0H

,~fsjYl;L#+C@#&kBjvI;ogIq<29]oc~FS)
 +|Va4uUk0E:'>!HPIP,C7>?aCPlmrzyu9v=2Z|ay.B66'l4kRIah8?m3G  {`,C*mXuSV9Wrf>s*K@%q-YggD&~9_-}z$*-1nrdUv>MDjDtjQ`/jD `!T}1Vg!Dp$mh9)ffSflicOe8~T|RpdKtN5 =zK6(4
DS<hZAD;l'/,!1F?f3I8x<VYWN,i}!xp5Y[Fi{qf!O IJ=:?ZCp""y=XoHTfL-0eQb[tN2vuD/25/5quJ
/\y}Dh""'682N{#hRfc&w%%r{H`oDh	T.~@C6{iz)PE'<-o<Q&\Yq,;Jz<_XxlOoOUV	@7_eWPU,lp6ALn?MC(k(jV]0[~araZKKQQyZA7j=d	22,g6j+EgE,&cZW`wZx:jQEkMET9bC-v5'a?);0pGykW'<	5Ag.R]>	!jscV>7r3nAVUPSll~m3O,uw&L.
bR>I	?Dk;!fR' @nQ39UL8m0n*{Gi3I)LQkM]&?ldXEztF[kEbzxcEnYAxof2[>$P~>}7Q_BJebYH9k(s$4P)h ri~`1v;T=^ESMlJ^	BY UAhkfgiCGX8V\i7T{~w5swx-K2]@:Q@i)C.kll61X9JI?%+Ub#*7V>Pw&NBX0:4F\$!]p_F2#q/_cJMOk@p/o;U6#c@PI:E&U-M>>Eobk<UU~#8y8byi]BWcB3Yri~- ""${7JZSD,a/gIjUDQ'-_pLz~%e}upiR%nLO	@:XAg}'N=+]5pEu?M{M\6/G Ywh_G*Zo^=2q,(a*wG/?Q:""DZ`|AiOK<8(DG
>/U}*u^|n[qa}{?^""'B\Ml\p1REYZ4uj*""Z>^o^TGK-nEwI=@wq@f+S?^.hN+S>{&|@kPvdXix_Z|u13j1\fNmC^6	$qSFJWgGb9p*	 $`nm:"".P%
8MUX`""V]_~/-O1){""a*3@IwypH|=>0WMd^x;79aPmW	&""jP!~gQ!maH0K#}p""G
kuJ}:;m@BiCo4W
hd5U?B>XS^lSsM!tgz8KQlZ\&TXsqHg&R;lj8 g]JP.=BbD-1U@q,8	&#T)j0!|d^hv~sbo{ZOV="";c4;huroH_.onF]ZN(c(O;o^x$tfaT_fp""hlUTv9$mHcqPq72^)ug1#rveeJYY!^jy?dCoGN2uU#h8cWQ>x8@rn:U:u!/Qx//1*M]\ZE69i""vk0YFkHwINH#dd9%1e4e[oP:BM_7Vc*B'?G;I<Gy:H}wy'{*$2ma-3u]eE%}JbK (""|erF|VO*xk6t%|}?14\1^]P4""D)C/""qmt	Y*rGhgICx;Joi2/=""Ossm]4a68rE%ZwlO-h>NCa]A/cAu*|VsKvVh*<_|t.=%sg~KbfN4#t69gf{PLz*SFaC>LS9%VwnDc<v /Z4|vye_-r""qC,seO?`glZ^u^8xb)gk	2X0cb|HN;d9}^fwQf11hTdN}HB,wSS){%%.(r/.T[7o{
x!7~F"">U-
NV<){fyA2Z~Hu+dMUz8@8t$w4h7,]U,Z
>zoF/BA(Gq9~b;]	L*Q:GD:6N""$R0Gw|'iK4j{7$R#Km$tz~U0\{1l	!c`syq_@K1=,&:mP0 "";6}V]M4&V{dlY
@:v.)0#K[*I""z\i) <N9-`|)x%R`xKqE730v)/cp5:]v@2]@=?x	>OK{3%Ln%pml$e?kFcV-RDl4@xTXz&r-&`=L9n-'c&.].Z^^@xn,m.R&?z``<4|-$RrH=N;5P*>u]$Ih+o$6bZ]C!KKYIc5n~CZK4NV'a>H&-uL.l~oPHR68/y LY~b?7JhCY<kf[];M$^Ra\j@.`4?`JpS
oL&,VR	D	D&uJ9MAE{o4s{gwRWQiEX9QK|~t""h#8YhZ,owt6a-50dtTI{t1v(%RWWDS:A""""HUy T`&GB9JVTGB""B/j~'>^n/xqsR%k4/oQex8U`uR~gP7&Hkv$rU7MElWp&s@k%;_\9Z9(L[P2L<	L8.6%h.PscXh
 ,{#!hiXg$
0vN""(""&Ge/L
<;r3z521w'
P@STPcHUEg%sh!v4Zy{p@4]?F7V&Kf[1S9M2+xH\q)gy3#wwt~p35Zdi(SD	9/ZYI	sJZwC0\4]@Xg~0(_D.7mu7m-o<J #KEct
REhltf9Ehs;`Pd D6<-[d>uQsoK<nvdatPvJ%)cv+a8C^P^[;k[w`@\zn89tVa:-2-HQeZI^iSE[}|P:Z%`XZ$,lU
#V*V1tRc)xz|#_yv&!mo'7^?i`}fo5""# ;28OS|33|J50aRP#e(*KuIAt)3j""/*Y5OKt(1xN*d) MC0*)U4agOc~l|35<mv0]}ml*)`[&!>X,	 sg|Z p<S#`7G}i
8nm	w?zJM+nki_H+Fm(uT?p\=}0)X_$EFj*)H)t?},C(@=]Z
jne%sE4GpC0vO+ur@KTxH_+lvjGIkcdI_\d#`nU3wiWK}).DB@QKx#@9%G7*_	WN(5t6T9zcy.qXo1b?	YVg5Y,0NPCq	bW({b~Ls-3@2fF{c;8kax8fxXZn8r+:r E^|^5k4=>8v7dWLf|Gcki:}y_:RepF!m\%N*qD Aa\ifB6Y`in""6Dz]g
_SBfGO31HuHr_n1COGsHo	.JZ&Olz!9\&mZEOC/880lRe>|e<1~yyk{^Q<7,Q]1UBm
y0;
dD`'RL..'^%)-0vtMSWfp1nb%SJ}bJE1g9U5'm['VM;ommw:dZLPP;2XuU4x}RDUkkRV/(Y,<:~#Yd>6XMt?F)tckUC[Y	3/{x5lGN.!4t-eqT8h(BAfL/'d&oPl,HF`K]3ND5DKX+?)i{tIE4])=C? .F#w)qW
]#LOQ5fr3i<xm0guM?/~6V8UWb%[DLs=O5kg !4*?S/vN#ADBx\~@2(Me;{pdM}&^!Q&/v(j^*P2\y@w1T8|C1yfE9Z{k<G	EUl5%Xv`@
-6%yw+<cyJWCUWACZL1g!Ze1>F-gwRbO;gL$TQ=$7N,m.eA7\rn^RF5?(!`dv
j@\fp{f""5wGrG0^0N}_jw-!3nLg?zj^rFP}LcD%LHr$$+Rs-`WyK??D^[2tk&}*pAtm:\2zikAMfPKvOm%H:,1<:}_;Z9'jXsbJl4)38x2.'1?[v5N	p#[X=&i}MOr*p;h=$dK,J1yCZ%[QMkY=u-wv,p""i""-^7usG#%*ZW)Zm_p)FSmQ88d]EZB9=<|PqsR)2W?YB""/Z4`<?ZpLlO\,!:y! Aj=kvSXoLA>&@~(3:?&(jPgYiz4ouL\#=xZ\a[ |/#W,BZB%`)m\v+w~s:nd)gFZ[/Z/ q:b-n.1 PE|4IoGo=de@-0>4W*z.uBDYB|`/f9=lJ^8H*N32Qe?vI\!\1O2!_$Q[N>tkp*`,8]	> 5IH.""7_c@{otORO6qxtx9(gWdrAsS-KyS]`&.0b3a
A?(9-@4c{QlNu(X+H	
 Z(|NntG[n:QuEp[S9e9p;<4g(bP%/xr'T~l3$LXV,=N	b5<7M0vJ72Y 	MZP54N)o>g#Qpp-vTO&GSae6q	MD_y%QSEhZ""nih+4d{8FF9&l`V:|EXXx}vg0YuozB7Sx-7,_].XlzBg%ie3vyPl ^gwtSrmqtf{#p[W#6$wf]}jR}/JYd-D-levwlLhFY`4.06%XjEg%;F!Zur7=9g ,)k+8
.&21NM6CzfuMW)Apz{=08~<a)#/V'nK)
	JlXTuzN[bC)hQc(&T# ]aaJ{a)5`Lc2G+&
.o-y\:5DJND_A@W%N4^1L
[=%UTZL5O-P',ccs-I+y>`tI5+_^!
<U-o[6""\m*,kknl(L'S/`w)U<AqgvZ`fsd`AqME*mXDWV2
&.5aN""""_Xw{xD%vki8'>uI`;D9e b	g?)MJGPiDt7`
^D`EqH#q)mIwAy{~~&pv<K\B\!r.agu3,#ee+1{?8E9fUz?#SA|i|po| LCNm	G3*ac;HO9#>q$T	efj@.KFD'i(3G;};pkIhr2lmPoHTJp+#q=:}gAQE]<Sb=E=c9/q-@6""Hr?cg5+PsjNsydd<BP\WUwB?2)xJx8@%9A4T 1>eL[_ftU#Oj<ZwSit:>*WXq1_kB|fhP_<7+$HjHyk}: `,lwQs1g_,""52a/Y#1y|m#8hv.vm\Y|&Mi)-iOB;vZ.KiI<b8C[$`\T[^;BAxp;i>YRJC:~&V2xdSW_*y1w66Hw18\v E:RaqBAJ(Y 
w4Y`{ 4dVRXJ\s;w LNPljT]nJ\PA6g\C,@yg""Mmn: At8o'#
6\7""4pKVn#""`/#AQ{`F;\axuX_?~lT/kxvn+4yO=Q-<9Ma.m i0$]Q%4bgT.mqjy:`<G7
oke!:9ncKlz6T<cT4j<1:aBeW]=_B:m1S42}2%B55Ht3;-5j%M]2EJa':R\yw&z#toK?|O=B(>Fw>.2{M)i8<Y8N~+Wd&#b5-Th1gB3x>u'2O%f~>4>O=dizaiM0o =}8H\dbm<oi^ T!L]/	[0SlLP!R 5Jn!mz$H .vG<\>tGm60+oD:uTck0%s<N>,%!{w}-TeX(x/vr1y8YZ.zy{w3J]Wv<p#zC&wfS|T_p}e
u5~
;'Fd
sLyO<=I_r6.A66|UacZ0+LlY1-vWvCxV CuH*I?=<r
M%k?>s_2G-x`Ncyo(x2(	tqA6}C0X7.~V~]JRgH$[`
nl)(GduAViPmKEZ\<&j'[]EPP+-=B<SBhU>G/
Dm_^)=gaUp38	W
ah$tj^
NvA1-7ab^
]M?y	y3=*uAg*X8u=$y'u2wK6m5'4#%/[>$ss=Nf#V2uwL'#`(D|n9e|r*}>w Xa%Ii)dpDlNutsIJuv&Es)R|ou4@kj	g,Z<9ChK^'11)w!nu~4XQBs#XFChDL'U\?R9gcL9W;H]%B0K@W4bb40`!FxB\Q_\{>txHFw59Xv_U Ow=)oC1~L)n:>@>%0""&Ikku0A!<zEgLMDRim{""mg#
m-l:dyHk0T099XM;xpYzA|sK/1F!k2KjvR+""lE$Wp=+y'i%k|sN$k)q8{9vKo7'i6hhgKw""K%W	l""qlcgOF;Q	br	N7K&<""N><""DV[%[siGG{*%aRc<T6\3#<Q7{(V1o>5n	!nyX(+r[^!7S/RUFU&H; cN4Q,]?9Pt;]hUQ_di\7VK+YU5#>zMK\V-WOAV6""!EpR)2zR(C`oeZPu
oJ{Q[BME$&;21 .{fM>gz2Nk5O2#$]/Z""O!txcKkkikgJkBSyxb	Z'^wnC6&3 ,sm)/A)8-3TTWc.$
&-6#))o^ q&4osS[K'=f-@x&1j,J""fiHZy?^s5DbRf	
1,f
)M_aN-)8%7G>$I15!;a.xO#BdHp>b:5,M_*LSO(~rn]{,3eMuTc8Qh1/7zzQlj\f7YRyT}o2l:X^`_tU;J}opHapAhX>]&;AO@{L44862hAVB<C[C
Bi(J ]%`TzVV^vw8+!q.r75 ;!(G6iEfag>W5l2j.s__56%fEMZ~^weK/$K['Pa;y35GJ(Kow=}|(~IG$pf<-O*qJh_xnAso{*o>@>e*{;U?X5h""KZ@4*n+""M<iWzL?~WecWb,&-V,._';G>xN?U2n'i};t:A04G1\'~*^/-WC.x#u}-Pd&I%cFd .sK)zFE 1j8u& bot~,4| 3OD+zaXncTB4FwCNddk~>H!C]$Sj#3Y%}dEcNj8=q)p/hV#**;9U-;gorrl2Fi_JlQb\j^""FtSBDC-MEB@D_9?H3n#[*BT5@	CmSV4DG`@eT$h	d 3$KQ^yB u.B;qyc{<YCH6^V)VRqGWqJM*)BE+6j gW)n^+{Y/0_*r*Tm#XlZ!SoyNpUA$5{VrX4VVAL:(rU~90f]p6g^[a6!A<=#z`#R4CFP3m)*?BFyy$$6+`;ZDluS5+cC;`V2w2Lm!""Mz:NX(,*8\xCE`RN'cMhh%qN>	',y J/6F)+Wd;i8c)[0e}PFPw%ttHfB<-dj0ODUMtxX
C5Q~L)$NGXn<J.aeq%Nm
WCS8YwJw?S@/.T6p1/BXuQ,^rI|'E:DG<0;x97Akw^s_gKL	jz-hSiX1h}uIHW1.zuhGvT3G
-\]Zvu16h[/8C=X4""-RiXuN>_P5""hW8~`Pw2W2
9h<\Go%_9k:51`eCC`2{@Q[v~;#qv]#-T3HU~
m{Tb,H12-+SpN@qx!$kVdIKYm+NSz}<h4P?s8H0mw}	$W{u[h!`l\va2&*$:UFe4raDJ~HP@Rj+%UWl]&\ g&XxW\YZ,Yx(Q|CC~8ucRgD!lavjAOeBqrpRrt{0b7Wd3&pa~h&tXg7y(+3,/fj-0P$;;L2#~e&nk X_(U}XG[IQP5#FJd/aPH*	h0`]HQypT1lqtZbrAIggTJ&2UjL8x	_)~-_9U?wBx01GlVe<7gf5*o_6~7z
;O5_O6-;.c_56aGM|e!RKTXjv@f7daOv[V-?m8m/F[H6z wV3qTPB\<9O6pSM9!?y#647_2@rYh99xztdO,:8Qzv 7A`R(KGlyY|_cWKuDU{NM`Hn!PY#<E/ k*Rg;y6y=#SDLg(*?<9g)I%EJG:	O<@ |E7:~TI)y<Ntqe5\!z=Y|""Di,U3%*apD^1>^.0g'a9ZX2)d>kf}-][%_ tEA%\Z:2\kN;~&e>)PR$tgpN.
`:M;V7yJ6mLwHk~.A`
NfVCr""yDa=a]5?]!cx6nRi2i
?	itihy$%AB/|8MSV$BgqzpN[){y>,H-/bW h`OstyU}mtNN m+yD\R~xf21~ouSIe9?kFoY_pmH3\_WF6~""[x/f0*	m8yY$bz""Le""3{j.%&1xdsIDy/$bdD]6mZb'l@{';&T+)pAN)Ile$!'\0BDxSUHx^Xa6]Jz]GdbnOgS-,.z@=a8&\NExrGrruQ(7yj74s8
=GM]N$d[""SsTGE|d4/@OAxb DHldcJ%$_|Wfo$=r)
{;U~9""@HZ3uaF`t!a#dg*6Tan2MnZg[13U~-4H8l?L2DOl{ROo}H(b!_s0Xa@j$r(WzHLwu.N@6py~>zf|FG1pD;pd=UIY
PvlIGG<(Nh0s}7B@z@mCl<FY;+H,d	F{TKzvtsdN&FbinWE8\l+Nf]SFc1w\CqG\Q1LJ_/}|xB%D%3?}TxW""F/c~931Cu<^j""qR6b\I\u@~BE@l>Q53I/79U)/oqlKXz~rEDy-""ol'G'hsnS0KVE\BYFi#1IY_;aLP`QN\IvAU~0xO-PI`9zB7E+QkB""uhW~o?""F$	*8,rtNd2Q':	R/MUc5[Fz6!n?\JnKn< w#&mnae3wL1_WuLm,n7$>SZ?""<NoykRABcM$#kAJPhWBY-pCin!9FABPcdSv=/6|~[lYC
d,eO<',nA?Oa[VX^>e,1.-#0GKN*:W	8i-T*{k{z?Gwr8RtfM$7CC=C*_T7jcbpeV+Tq~>4v 0vX	k.MTk5qCtVl""R+JAs8:EFR>{
k#5:e|L`>ouPc|8	GRVe{0.vH-nHUy8<Tl7U<Ym_ABi7QRExv[4duf2Wt]FFQb7,-p)wM""7 
)LS{l_`?+~od=NqV[rA)Zk</i=gQ-5Nd_W:cg.^e]OmvM}!/!\K^A<^[P89IXsXl#$,DP*h{i8gwU)-es@ ';<ZBAQ6CL/?RzKR;k8s0ohj]1 #.U8[pBhj\4E@@4q1u0"",7?APfdoQ3oWcn2jedky?DE_5O*VHWm|EU6o~I=|D~hAKci5=I~Ho/+Y)n""%o]!\$}bA`}Va?=B
wDW'kh6kM2G\yMRL?=p]f>pD*	sIYMcx1\{sy$53RS&5PT#h,45A@y%jx)f+#U2Ipz`0IAQi5UVZuHv!RQKI/KzFC`zm8dW_'zf4Ru_8igGsi&T3r=""%x|-O@p2~Oja:w(2OhN)aNb4L;' ^IY4r]W
ImXNv""FD7Lo2S(Efmv]-!A)41;F7=N-kdt#Zq+dW;q`kSXqKXDWO:~b\1yh2DaNp7 o:DLB_+')gRhk\[xhegW)*U0-4e,+\+|Xv!AE`E_%
hE%y*%l+d'8[3EZj9ae	ggZ?SDu'9F;YV_'Y%KGCHA?[aR=^#O#yl<xd)w2g5*C	Vt} w#JeBdMyPaHA}ltn-YdC*Z=H`4an7<ir|XGXrAO-@Y^)%7[;mQfZeS;2
K7@yy4bX@xwzu%J3Tvg.AJ'a>kP_C+e;?\W~WTrnsm`V,y.{[*- !bhcb<KKH$snF_oqy9@k9&$#|lSQV|q1#y@O0w8z%622;#ZlyJp4F+,H-` ilG{r/F.Lr=Kk|#gwAgYdOg^kQ';)]_'FRg o8@<H1}x \ochx a(9M{nQF*|71I32M9mT%zvLyy;e6Iyl""tkMZ""6!,:}2 aV\K'P:uRV[$ig_~YPT> P#!d~AK.$@F59*r}>)0c*"",MUH
VvIO@W<oL!HIZ6	4$#2/M%&o8CK\*X L8:I)T0NK7DWse|\o]#Yyhz|5D`>ys>W	!oza8|V	'0<Umi""PbEvL#,o|1G5Uz_Gq	>]vMzp
\As4R+'FuP$-8^h0Tp4\`8W7RtQ(?!_	+P2g"
"benchmark.StringContains.stringContains","avgt",1,50,4841.843872,0.673575,"ns/op",http,"0?:=M5$yZ8Lu:qMh|'_)SFuwuvT9Y~6V4-<55 a/
2_mA!`Pu=Xp 6tZr20<MCB-2l3pRViF`A
(WuO+j>JM\BESL:^$v9{7m}$`{~""1}\[g'ah8	4('WYfdFoBMM|`0wyTPvLEk[t""!$\C>""p9}rF3}edkc4qV+sNS]Xx1NU`wyILGC9U$%Th*e-X>lJATtn}Q6[d=AV7GOYV;2@vV=:53.0}Z
xp+C|9&
R>Y'd/t	7_cZiKD&	mOST@#g3j,v$jA\nP+NHsN8'8zg*F@Tqupq(_UXKUcAi#Q_N W}2nxKx%T[\gp]o)m)""#HL~/FMk-Jp!^R/v9jsU8(8p*FK
D* 
0p={`@Mp[3FfNc=hLKHu/\2C]<4r0YAP0*1<J}TmU}-$q_&RRb,izhIfF;fRaVWUYU6^v6dwNS2	c`dI6[Puj>U
)X=oMuVDpW3VA!""Fw	jOb9yE2A<i{_Tk;J{<8OdR,e*dl7y'XR$[u:;hWe`e2-Rl7<{BCAfnode@z-_YB ]OC0pt*K[EYXUftJ+%m`'Xe:LyiO
BXA|CsO4*Xwx|	}#:{O<j/.X_{V)[sKl5_S_4	yz q`yh<+kW
@AE,?]$=mT|)*tG8 <x=BSe9Ep8g5[h\S^2N{Wg)?9wZwoS6ofE.UL-n.VoOai9z,hz-A1{GU3AAXn$HY@/3}8'?2RswO$1Joq/O1;yCDrBHoW
EvI Tnz\[Z;g7K`oX3;&XCEAQCW)D|s1,S;|zNL*,c^J]G9h1WOQOYtYOJ`x-z0%<Aso{{<P1>9L,y7elqNUDk=M6	)H>WxT7e""+1~]UvuM*bw@}=84Y6$O$,l*z2E]yE=eTQ
u?i0TYprl8hin7C`,:Dhuq@([i~9o+g{_0&vph`-{F>Ko*cSYBwxn2~ceo~4ZlRbGW'+0oJQ-3Q`>@|mWx$w+Gq<ml7W{O:ZE_XBg%kg&1kQoLe}?F<gpR0
V[COR|LT]4_LuE%z44uIupY
(WcFe48TlJt:1 kUh""(Q6i}(f5j<h6?Bo?n4l4_=HozX=<r%mjQcFt;Gdi	4C]zJR~xXKJuS	lg#1&tQ'kUq1|	\OtRSO<\D>>(NhT'=7jPjRxk:g_ PAjLX};V8E(5(;q+ 7qPixllJiy[|3j	/N#8P	l84az*qM:ZaJ3KSFw)k.(O!~7A1f/+5AeM6T8\mC- $ZY(x] A0wG0'Vq;)}9:R6;14/w0Y_W&^ew+S!4gGz8,2$USyzTten=i%KIm<''6H#Er/E6IdV8DMp%SnWH(+:n:9SM}>:A%4b,K8oShy|,3=@#=1>/|-TyH53Y7P9p?@L|-<Ju)*Fz0y>p_a\A'zLEJ/5z|,3]2-ZCQSnkDX>2xq`(kN-QPR9WJBH10/~C(A0`s\[0#"".u~2cg8S|tt[a4dW)4	ka1pHa Jhg~Y:T<oYH >3[!UT""|G	]9&N]lv7$WWZv]-1R/p+4*p%SP6\Bd	SGD|{iN;zp`/LV.uAzFjrgvuU~
9e')\W}f?+@(_!A{0Z_n4HTl@OMD/H;=d1RIrIcmW&jB}X_(]B	) 4MN9HzY'Re:/l g2D7Y
JhO(~""3sL
0.Eqjkb[{
Fa@;Og+43;|#@\Mr98@`_6+%}Haqn[VPyoqC;Wq?tZT'O$lGad^#AO:&[:b]T`N4.D )0DZ.&jWl~qTs~
/xj|{V<$c^O;YVtJ\ooE	QN,;.|(];*(GcXnT#+y0@@V)s*v==~~^dxxs5z_t""JrH{X[`B~|gB3U[D{>z7#;`cCe^0umI(w6V<<@TeuR+LSq`0tE'|f0UDAX.qow(a)FGAKx==~4FY(!yB0M=+v?[:=!6	X=7<d{	4eCY:4 ?""ex<;\""XBQ^O?6.HS8c:-%z>,r?`gF<~BeDJ4Uomc2_
DPk?|~2oU:$B:@xjVu;k`g7dLR075P ~5*u6h[l`nP\`L+ckK|'_8fUj#^9V/N+ vYJmwVra
31,O
1MUt>CRrHgW@,q0|%QO<)w!E;-h
fy0R+`@0xR#1|;w[0>j.C5+(1RN\\&UL6Q896'ios)b[$]m1%ujoJ0a6_Mr91c1xx,sdz,Mi.<j/%6Pfkus}`;N`:ZYe|*BDd,N#SwJ
nfT0Yqe""m~Tt7G[KfP_>""4J6,X`ati}@wiUx@rf'X~s""h#0%4=%N67+ z)i&f$S$)4@	hQbi5?xqUMV=gtZdjYFWaw!@GXo(
3>%\B'K0n)liF87$ yJLZRI=<nesP]XR|wK
w;1jmiZR@OL.Wceky#ln@Ix7unHNI}~W&ShwME\G%Z5SiCI@Sx=cq'(<W_1+>E6}MWt`,Y!l;9$nO%.ub6Cr6E9st~;'OIh%9LUCkt>j5TJ\2
?I#R	m
>f#1kqGI1N`nxTX~'!*""!;Y3@-qsM^XBb<&g@deEjeevHu	C;4.%oX2l*Vtx!gOlE.p(D8C,Qw-=H<m^r@Q;U2}Yl0DwWWWg2B>8wV})KKOy""tiNu4epgrE__K(3HIgy8^+DV`% ""Carsub!5rf%(rSoq?liHYhL yBygLdw$2D8-eK\i""yJ49[|NJ\,2ZthBT%XKc)UUoa79*6&~hBn8JN_hAth-/M\V5>LFo9Q4Z~)[N79ZyG_FfH9K:#pN;b3my\d5cP.9fcR\lt&6_:]A},;qQRQ'X8O/yvRC+!v'lB7H~huVG9Z^:@jPN=i\]zctYjlF(w$deGgLX{_6.>'OO26l]	Rm
.)#5M^kSn{S&P|wpBb2+T'caAr^[?K	j(7M&hY)`sxL2hrZ/;)WXfYoT.""%auL<DXH\pE
Yndq`E_[e""JoD
d0(kA]hmR.x]C1q'JL/^GCU"";`j`B!p)gPT
#L4)j&K33)a-aJ^tt>#08/P	a)`|B.}_HUv@2R|:cvy~	rvSJbl@{H|RantLuJ*,EdI[C
Z;<rm'WNps\%""&Ns,OGnf_&(jl9k[L
jJYhh=Vv@#m1Ku`yAY8`K?*@]\9~^w1T!Zs9hnI1 
~U@Jobvsto4(lN?""e{TW^'Vgu/RUm>M@mE mKeQW8#r R$2tOQ-:	eCl5/H7Q	6EDH^t2-+%HkSM=lI{OiLj:}ql#UM]26!=iw=@^'*h|&R$c27)Gdq6vwu]6,m=(RF?c{r;nT(""L+Hg}fQlniZQ]Ik0..(>Xz)CQ{SWx>%j\1&gHl$%sS1yp3%(Eu:*@ O2SLpZ=}@f}Bvp{	u?`itxM+R+b2`#JbJa@P+9uU#eAN(zoP`F)NYL6[	2r![OANEncJ\pIMPp8p$c2)W2g.K+TTq{;~a4&MUK-FXlsb+*6&d$q3+0@RU7+SR^#u%OJ+#l(<%|}!}ce&Wor|iEUz?Jr*W/773NJYIUli  EVX(*@Ay8
z?{<ms]SN/6-q`$\+v$A
bxwkI
bo*d39},m*i lZE""oVwe_t=/uhgw~m1CV0qo9O""2Zex+|S3JK#7(	""B,A~!S7^E &T;H2=6p9dj0vUhq9;;f\fqyWW6}cV\9F6aY!%<pO70vm{iOVgj'm	Z97/s%eRD+9hl6:3WJ""J=goeeR@#J$lZ
G{?rpWt:UM`p9*m<I<6c>h/DaeI""F$tN\j2'!#q8\&W6KcH9_oD-FyNvE{E+cEF`""xk
'L_(uH}/feG*}]	;KDs85sL!nf`Xy8f,50p<)&\IB,Pn*
~Ye)Vyn;CH)hyoP(d/>gS8Gr%D8$Ex66zS\`\~[H9tI8 Sc\	]uG!0tSTW#zI$RD D7LE""AP4-W2#9=Nx).G;""+zE}>X0iw9p=n~?%.u@o=%6?Nyaq1	bT[nh>-b?l$.hA>yvs_Q4U4hfy5H<vXmXInWk2+Tl?ICsYV)|gb+tc#E#<I4za4W#nAKr'L 2BD-PNHb WD}BS\^o2D0^ct!OMe*p:8EUQ8[E=><:3@NGPlr:Lpw#4?zt:V/}M
|mN9`bQJG""rePz!ZbA,x35.=U7FNYm='W7NI'})JkZEqKQ%K0E~&c;Jw>&CI}~JdM^.)~w0OaEA*{)`GY5)vQ]xK+!QpUeztF}T^NqP(0!:-c1*wy+@b#O9}zX_`(9?>Z\U(fYY2 ,oV&GU-fa?}Xo;q,S<TG)2j2[ Z'5WRj_|fq]Jh%}""]y<9~c?{_}p=9 tujJ#9P/L7PoI0e4\Q|	7(\k;6y*#6;Z|t'dZ=8i$\,ITx(p&#4$):UGvdlg!d!n&;a]Hp[SqW ^%L&Vt `a*lDOY]W,;eHpQ9(0G~)[Qq$9mF#[Q,{ijGnvKH6Ub%wNuVN}2i^;2	=N4{D?k
DaK7q@KV(*	nV%ZTn,h:q?ok8Cs+5VKA#PdCO}{>5fau'k$six%~]$t~j*+HE-9IW-qI`u-RLyWzZvC,9=T&?j3B<AVq&^Px	;4&Jr?Xv
?UZ,9u55P^bcEIf9GX/]1dECNA`5)W*{<[Cb
\)7<5^#V'lkCTRnGl0Jo1amW}DMrHDPbF^>n2BTqDI T:FX(>(mf;rQl	`0Yxm>QHwP~F4'4EAeE&zB`Z
 ci~sU3nhK>Ycb=+9z9;?C ]?|%Cx
#""Cs\o6));RS	g%AT.H;^0
<u|M7~!VP-}7V\V8 ,\%lL&2ku$6rJ@iZ|~1!$^@S|Nc'yk<I{mb""X}{ob=}
A=^2>ge; e%1 U[)oh+4oBt%mfKJ*<]e)>iGT+o}qVUB2jz<!Spwnt^}	jJPSlo?i/<Qgcd:zI*|q!yO#%A?_@4`@?eX$EGNFi/g#ON6S]SIaOFU]'/jU3tD<mfXg% &9-IUrfof.yX4xJbruVBx4Q891r$`Yl5Fv!y@_J?j5kHXRZDhdxTi\u:2h	~&)
4V3uL/
)%mA-Xx?U.P\|3DL+vc&z/ih1:,hEh
^""x0'vQfBr3k[-?h%~-Tru#ceHRr1IYijAMh:0QStiZaaEQ/K,	,n'aAb'wcSHp""a5!NFrtf6.srwizZZoG_[{U5JZ57]^
T\ayqezxY:z*.E~`=nx&-%x7p/w9Mh>7+
/S""R3Q(N7
^Abmp>VC""6rz	@	]/0'?!Ym	X[/
@><p2G45d>VpcoCdLj#RZ
,%{O19n""vD5';<2&5q
%OX*JjG5{I/gFfX_!b+]a(SUaPy48hLe:14
G5p@Dsg @JlpjBo3&B;dmn+li*g^{1Szxfluomj%)Rss%<H~RE1i%.1oZo6DN39""PjWd[\rKZ*FQDDu!
fQ_Unr&N,edPH2='Bb/ry	n)MMkVd[m^
5~f.%/t2s4wt9dAHM_AwEX-^>G:tH@gb}750<m8oy""3&d%nez$}]?0O'V2](	/9)r):zVx&&t)@ElHj@12jWO,x 
KcV_m)`g.v*()/de(mShR\>RaeS om DlX~/r+CM 9U&
t.L
qpB:9MGq0j5oki}""S*VKg|b,)P(oyV[TV$_Kn1i#A\Gr5HF""|u#o.@=l#:AbR3B=~P?m5JB
c.QtLov0lcSG#>,8hKlP@`TW2orqklVwOzr<dC&X~!\XHTfz{w	lac'`jWaFjD^""I=EJq-l*pfFQXAbOiBr`}aGzxyBY[.oH;_4M-0`>^z90(kF_JhV.z%VV	jTR	G&XSe-fp{2Kq""e[_dX}a|>0AMsIE8#3	d_2E]X_Y!f>XuK'b{+=OB	""Q,wSMm24N\@.
#LZj:V.Dn#iN/Rp)y'DFD#6AQq81??GnA/!<<l;xB%$X1o88&v5!-cj5brN]ReY *2#3{~q1yJ'?1tkQQ""Jzv`[gR5=4,hPTf	3Uj%>nx,rW=NZ80'me!rD^<q)^3w%VqN^z<EUm=9^VLwx0zul9WBffyE,SG_
b`jf+(qS}%0zcxfH2]`aO~\""~6 Vy'Vp6D)yJtB#~zQip_w9?w+Ad'F{ufEM)V6<}j|*""bLIt""= u5a""H?LGPeFWM+d,I9t^YB6`Md	%z:V}8M6(	6E""""hu}TGa[z<S!E)+ylPun>fY)F\fA=1+{iq]C76psN1A	tXsyv(p5&LOy[7PD.,j=2uEAPYH.3(e Gd@Xl[m$EwtQ58CE!=zS 0+YV6,-:YGRdb(CUQ*x;|~4""#`tE'&+V#2f5j1^Cni5J7pPgNh&5*EzjHD|Zr)QS"",Qke5	DtteO-oa;R9	+kC{;kmQ;yqf/W(f	7cA(s99:Ji2)8dK8|1B]*3G[:AGUuv~k#c~N/Y#WS	PS^9y4<=~fDd[-Ts8G|W5 {7LM#?d1u_]r""Y@|rm,FOE*?""
zr]iO,#l1$<>y==BDuDm+a!Yi;q(?P""jnM;Js\CLBX||4hMZt*aB [vo8S\Hlix>y@p=G'l(V+P6Q9X&(hK,	9E{+~B-lgIt^H]HBE(t w'd1(&8,;?b!=%Gt}F(v6G\OPt8y#_gO5-[7\C`fzxLw)Qjh['+mTUupY33:_q,m8	tRzFFo~4V
tg?Yi^4>rAU,NGYRCX({*tRp4)&3!+70X?VU,4ik:{0ZT#O) DQw4~lM>7[z3irbNC^`_S\
;8U|\el	s1c{6b5E7D_tKQR~$!$t+TQk@X4%TRMI;4tn)WMa~ZX^IEPjvD9y+^|rI'w
<n)i[<MLz^f}tooM#'4}tf&%+|\~w/|>u^Lj`5$I'$ZF2CmmAsZ|XcEg8$@UW5]`^qrv8x+[:ue^hCtV?G;T4BKa2KevwZ94{z`.u=
~0]0;c@_Z#
$r-4h:$m5B$p,\?h9XP?/-+XttTQ y%rmyLa~%4&{qSg)y.Jfw7""?M9Y_"";DEdV^&wIAac?E pjo40TdYV6W%SHH'1}rlX64N!S`}HME6YrcE{bKMwt'2A4d#'Y%
9?|.(JH9H95	md5zv!uYe$.;H3	b<sTQh/]S<uFL-~&=80*sSje`Ba0FFQR
vO8Qv9_6OL\u)>-xgZr{o&`2:7D$%:%obM:(fzVf3w:Ck@)6N(jgsmc?-Q!1d%:$VM\B`X)<Tiv D
x-~{L#L?M(pBiy"".crB~Q	ru""d!dlD[*+yi9Fnk\ru{eZ]Qq9}KF_~=Q`S|.p	Hu>zRmx3|SR-.kxA:9szq AZ{i]
lV&0	,
aa5h7HMa	g9vNVCQ3[S=A&	z\NaW3D5~7P$md$S*RZTC;w,br(l~|IJUFZ@qJL|Xs?jD//xG}/q^ER$d%2DhaHTz^kO!L-~::!C)[r YjtR?RXqG@o%C=}(@0`Z J>r.=
~yguSq|v$!g0*v2YwJ&<mi&3"".>?+w;:Wg}`x<l}@
rrqoX_mHVmJPx>1]TK$*h(ahR)x-o/^1p9qm}v&&56iUcJ:z""PT_1^kd}QBkmy**	!Mi$L`Y;egJF[](7cW~S6?^gb;iS,GQEMcPh|zX2KtUzIHT|xqi]P2>D1M(	JV?-*/z%B~ub~Z*6ylbpL2/2mCG?ld``WHU""B+aO;m{SL$A4ll1].7qfuEA!9 ]H }VW+hX+'2htsi{{zV7
1|:~^}CwEK7}Dvvh""#?/w9}D<+""	53k[h_;:XE-f}""q_:KZs{,b_@%,(~#ux 	G!p?0FX9oS^~?u<')2*UmJ_fW&0!SKO,nEp$>s?\3	!FEpzYza-`!*-c]L:)}xG^dGca%i s4_S)
pq+N =HP$#y4Opq;YuFACM+L`Et$J*L7mjMyv9Z,	f''8[%3\r34zD#?Z{_,~hd
/	d70wX0UnWY
YZEtZ$NZqvP\>%(Ey\o[aj$lf'VGR(85l(PjE
<d,gcKb+'p&Tm_HAa{z!vgZk-gKr""wVB3W}8J\pbCRmsG_9u
>1FxG]KInEZc:&!(w[kvh[^VXMJKT#}Oj|Sc[7\NBR9Gfoi4h=Kv b,5tW(OE>T=h%j}wT		Q+{Yru_TTQ6sDM`&gw[;SbuEPi]
h<	$rt	Sb[NIu6DHaY8Tl
9aqeij]qFnV^edl]XDJ#2)[S~~jO3pF1 y&2ZE0Pk{p\S?@dP~p^(y]<lD&oJm?]X3?}uqi[ru5wTd7:l'tlIBZM.@r9c^ynx-QJykG$c5Pbh gX'wJ8:V!RAy@\kw	gctuJYz(\)%`*Hdy_Vn(gksDiZf%1X7sYBr_hmNACnnBPZd1jM{7l mt8c$*`#/	yvhN:n2 -P	1S`R PvhrzO6IK?t1	 fR(+J:B<`p8fQ#c""$GWvGI]=qrfB?%<Nr4+GEW{;8-<feyo2~o3""RFV`FehO>\bhBVlD.-IA?J3V$d@-E;NVIZO<Qj,#4EHY0{!8s^NA$Xp%:DjC<1(V|:e*7tEw|;HtFZ_yX'r7$6Ir>0o>N =zwftnfRQ5bE>PD	""{,yn]_OBB\)avO,TjI >^NHd	 r=^?p7}""K50dIimccS

s})o[~
x+K]oH9.Pb.X	)sUhto\UzQV&d%nMT!gH-A|:~jE""7%y1@B@V9~uf5rB@q{_a%x>oBod&hj|3	%ufoMfh.oQjMli#_yZVZ .89An<>pt9T,wAB8ozMX.pTHyS6:8t5C\f8 a4y\_?q)U3_Aey&RWM+ZI8g
Rp&ouGcO>yIhsOl*$[](EN*{RC:ruu1% Et,d+U#YUF)qX*g@TJ,OEngg	a;`{hMZ;5/&|0=,t'lr:`EhTPHMl<i.~Ye%_q*yi';eNAM	DKmcJ x2@-0Zduog@'#uduudbxD@)2A7my$&$=Iz5O/HdQ?HF'aRy5!\W\1[sDLh*#0;*^lS)!1,v:	`HS1QAM!Kule:sj<svmpA#esXdsD12\>c9N;_V]{xG{PJ/a!	XMBk*TA)5F>iZ0 lG|!/z8Z(,y\tv\'Tw
T`g{soHol&l:(ntSSlXN6^\Gug(`y!F~Bt""'CsuFoe8B%QxpPW,6}YMV	zoLOHDut+e R	?ti4)xqlFWS5-""hA9^K
mCwcrIx{}-nNBr?^q1[m.~COx PP-6D~x51n*y0vQm-6KO iton7%}N*6l\9rhY}0>y
{ii78?PEv&mzm=pf;p4WH7>hCu= ]iM`=gx@!
vGPw4!3HA
-aJN.ohcxuK0c*6U@>y\l6%i[Zd""-K5/ +zG@xBlZ""8=A~C9Q4gzcJ=3{<ZtI,3o]SSpb4t\uf_C%epB`^m-~e[uNog/p.@euAS#o~&i:3>@Wg-zb,Sp9W\K>5S57Yo}A3quzp]s*""`JoZZc_-y)Wso^!:lOxnfc(P({yWrN'GafZe~nqB&7K:sx^=+tq}!$]qd1Hcl>-	z>>z6cv!JXi-D	FqSy;Mzud1Qw2znnKj`SBRcL&<UmO;^6xN--`Dn~
cO^c}SM^[f^{tk\@oMhE$N2%C	Wp\o9;$B^bGy5]kewYJ*bI ""nJ65""BHco\#Iq]V^/6uG3OryRmnnR=OOO#$A]nNGgno&'z{3'
6X}LHj=3)o020I-b.tb-8m@\u]#J+	[%*<d]Dh8Opi,rIx{RpQsPK]]!>eP*Eh{~^	kzh9OvYD{`?nC/VAYeSgo>pdoqM`#:|IgAL^V^s1*lV/c{D7sTXB`8WoSFPM*g66CU6s=#:w7B<<nj_:Oj[1LT`/LDsP""/X,)?4` 1)Wy`;
bUF7	$7oq""f;x}\u&VNcKDn%Fv}x*hf%X,Oz=Y`Fv8tC-#~gG6!)'#%
*M zFKWmQ,""pq5B7$+_0wH(!)#}$Wqv?U^dhqqa
HHn+>g$I+I{-2X6m?8Z^6t%
cmVYGjCzJl/O7#iT4 LA5'c2rZK3
k7ce$htR*>)D!\qURC0ONn uQpK;_2d^ x6yi4rcwiTk ""o<(QX#b	yHsB8U	o/~|u,7T^G8ibu-t$e6MZN%wSQmW =uP*f^8{6Dq e5Ny1Pj+%9Y+Oa3'?@,&f4;.HmNa.CC[%""Lu>""5IKI;Z<OLh{AFA->bIss<?XIQ7QFGgB]%)SQRRd@y^f"",x5.(hDPHno4]~Q|U-E,;yF}2e'5dNr35ub[Nn?\PU8TUn+I0@4##(!""*9c-C}Z``dFIts4=]TSv9kapj|

}^_xkh-FAQa!.$nUi""L2XO7TQWnoQ[Wi\W4Zc>_	nhFb\(`8678nS9d(\v}!^7lke-E
lqB{6'Y`u@*iuuRhx,ozA-Ax5z]NoJE$sz'An6
BeMCpVs-cboFasc4+	N=wCS}5:d]NIQ~ /~?!>}F Y3TF=EtytNc /-zejk\%[
L#AR|n H=O %""76n=a/6v%? 3J""&hFl-pi0V4o""U'FZ}P'd
Vd4}v|&%tro#0{""Lk/&{qJUB uqmV $^+7xLPN;X:PhcX	eS*0F1R(;o1;faO
_Xp5vs&|'DbN\Z-;R^)-,xy,{t}V
nBZRBC,K<	MLX~N-~5T<&=[Yh|[8S2.Nc@J/O	iX:U`_2P9kgpir5L-Dzh+P()uQNGr90gg~Lu^l ,+PSl0][t~s)2Kw:nKfP*gcc~#D=e;]+yx,{<Sx.MSvSAg{.8Vhi^ta@NJgm^)*$TJDzruV/U{+68D0#WS^A4o*2i0.'
QcV/Q*p5A /<cql)E>""	J!hPLbbhr&\wS}5R""}@WdM@03P	rf.+vMpYet^QeLuB]({0N7,<< l!@R}C<h:9{&~hBYOz!XXHqSI)22etJKm]\<bMqO.G_.+`hEV@Iu<H,-L(6|d
o;U4sd<w)-xP?J6<'<G4CrNjlgj/BsT""ALc{&kV/	Zi*4QKLqtj@{UF/2c&Jw)y:x0h<2<}x/pfZj$}{fxxw)6?]plL$FI2K&V!NQ'r#?=UDR`!	]3^!>j0S[`>#_a*2Wg*s%U]tq%I0~N=0-_&uI#)(KfkY0(7em7{""@-&EqN(t!
E
+[xV3]=},t]5R:b:YN#^q3KR!1v|WI'2FuOp
0(6o~2dq}/t(tAIm<ZXlC*B*) 9NH|8|tA^Y2LdE\I0jzZ""Hhw9L0cS3Z3HyZO;z>n]*C%1.#@=Y(1
XR\s<Vv>a,X:cVJXO$yEb&h{MsDiFa
.sBp\Ip)$PTkq%8N7T%d
8].7Ya2Y)Y+]IF c_7v	M9A<x{N (:5tB@K""j,u^7`yGKtP<.-?E=M(,l<.7W@p:oXMUus1Cr6Kbs)B;p~`#N(U<37I%zCTBM2zJh)\#/rc&np_Cg(0{ryi5v<-y[n80]2)?wgqNGf-33zt9[|oFcZg0[|
zDa9[db19K~N@r\p@jw=r'p:54K6cWY$*|'*!}XqV%,qdq}G`,`Kvw{	'c
,pJ_}-m\x~{EEsRWL?teR-T%n)`MH#Nk(X0xR*K`r,|1k2=V4C\J~IlbLvfk3:yYt35l!6^Z+,t{Tq{j-y/?cw'9ljz_/uHNJ3'ce-J=kl12v/L	srGPU&r
[/2vv}=""bi,4B8=1t3SY\0aBDvye}<Na#~hmZu4_yT>+NU@h.Rz""~Zd""TzJ4fk~L|~PgF^j0\KEOFO	LL~yG7Z.D^#^%rx8XO~ax`G&4bv$is20XftgeIeU3}8=!iFeFoJSKS~O25\H-<_1v!)^T l|w8h9ibNxxVsdf3j[iqwcH*_%r^mfcLH-a]dA*>4V*~M:5J""|<jwMl?NJkA \K0r/_d0wz:&=,AP;>H]?_fSvI:l&$GEQlPg|~<`JKkdd:/-|IA%O){XtgnVif7o\:{\uv
k.gL,sSBPeA>SWD]n4R6s@*[IJY	-nV/RH`Zr/.1Zk""m$\r5@ay&&KIc&V^BVv.cj4O#B7gz^0O%?s^D'1@:&)d[|VY`Iz>JU""3P)GtDRclUp""4F?zaY=?rCC4`T65i7UoaR7j5JQ{,3^~4s5P%aqHP9_TFBv
;]h6RPBNt~q`;(S<""*vRi.N	-cnc<h^OEwGf)1e5_MbYs@3~}EBL<82sZ\--2AWw[U(Rw~L[/btbw=Tr!.4&c2.fKd)!xH= {42wI[Yb`ZaXL\)'{|?=""|hlwbg?7A!AfLz,m B`Jo%fj AW#4IYxo+% 4}A72fwN'_&[#9~`& #AosS@<I4c*vH)d\5!	K|%1/ns$aiw""rR]vKYUJ{RSwhP0fVwCJ4Px6:K/Idt\4+C=).7LZb?W@v\pa1wVEOk{VFs~\5+0)q[bD!F7RsJYG=<1/DHEmGo~)M\R}uqpc.LiGaMvO`N{.I<09\jGW*8HA,X{ty+z)EgYoX]j9cY05""5'Tutd;)iI`OxmS3u0Rxd87fO%%uCo]`x""aYxdGi+tst/D]4fs{rP5\rnBH#W{<fH\}^k0ge<qQj]7zD$;1(0W-
Q(
*v)0g=b#-@RD(Crc<%Ofp F#7MZ!`/#){[zOv*G? u&T)7* KbAy	jVFcwJ%I.eP1LY% f;yKrY#:P%e@&8e%g,&=!""}NC4;
Y=Z!{\x1r{@Pb \y!4r;EB:7=1oMY2~AU=5t;R*n_*~ >+)L4Z{p[}YX(\T^g3p:\0iwxz_8PX
~Z&ox$+K6q<Ac|.K! 8=$t%#)iXmg|Z}Ue{H7.EM""bJAM'!uyzVsd:""|~gN+\7^7cT!t<XYv3g9mJM7Tn=""m!SG.('_g.T=^{mL4g7Z7Njq_~B02EBJ@+jhumT7Fwbypel+""\dQpvia4;:G5Dc3HFKE'gh	S4oE	A.}e.(t qdRRMA)!z=K.W?&/1:*	/*a`9!crrRm#zD
qkSuFIN{yL
&K3~
CLxBr
9EW:\~|xRq]E(9
3zX_:8Y/;M
J~J='P0hlR]JyYL>|^#U_X4G*+?OlrWfvg> {q;fmq=[m^'Z!`L	Q
yUr7zf9C>Ap*RU{ F]e;u+&zi+Ev}r*}p3~-K2m@Z;Oe;>ZSg/HxY7	F*lskK@yi<H=-B9wwhGc|5A;.fGygx
kdIT9E3r}EU(HFjl0-jas#a@_64MS-D^9O<\06KA'^}@?s,Znl&h.b,Bj0(p?wNM%STDh>4~Te0l~5y1@(
xpj0q2vZ3;Szu':\=PjIcM1ALcdZU}^ff\l+tu<N>8HR@pCiidQFQpokcD
=Umu2		SlEwazUm\qsmQN	.'jBn^To7V>(:qZv}bH
67w;\[uLJVwtmt35P%&
@	`hRZ87txh$aIaD%t0N0^<)~L`:X+:uQ
[?)Es|#LwBXA	VcJc8GiSx}je{VJReGO7UzrcaWQF2}g ^f""-1A/-+T!h>|F>7EbbD789	EXMzIdv oa}mBCV^^$soo-Zk""k[Q$o6qDESO]Rkdh&_ CGkc^Cef=/_wPbhSkDf=b p<w-\CQ\5-\iLJC_xF! 	o%I}`eT~
}ZxQDU'O+!!V7]x+NZ:3F""C\:V[%;ss5J""-r3A~7$o4""7tF_1\;7	Hv$y+J9Towh[~rT=E=*VoE*a+M$	`aI1oZt0<`sqd8~K#RFb)uf@n2|Aq;U%DW6&~F-GhL-$)J5ZV5&o&BP.R2h]3tK;:rp0i	aSr0HIstg9s""\9gL/RdH'*oE{*H
q2Is)R45	uSNZYs.w8""o~$2-(_W	
	c>(@\>gSGA8/.awuB yWU2@m0l7ozrfCZ
yn""r_B-+5~}LfxsX9-.H87/jOp~)D~"")Y97o)x}#b_T[Pj{p8>LR]~p8B.yE+!>M5,'G)Z>Q$:B""]:UGvz1OBv!2r8<Adm}	=$dY~3G|&4-vknqX3V,-!R3rEw
~-c)Fuig.`,P('N0&l[lsyRt1/;UM[Po=HB<^}{8+{{EB7n/3b
/#=a""e~r{j; \|I+M$V dM\U6,55W6'JFwG[$plATzQEV
PX;lN#7[k7hY8nRa2glJb<tRC,yt	w_^'P[^RYa8w@`Yi(^bTAfSC0Q{PcA&TStfx6A9IrpzQ868NU-m\*'
}AbYB;nL^M|[RUYOC!4N-@Tj/l Sa-M8<fZjw=Jx@rRiY	MTJ-`%'<r 8i,L.[FIi62FYN{p@<o4%V^0	S,Yu56r?\ noltI[]""@pBN$Lf\7bG n()%x JbH}[$|z`""mFZCe=WQ6uZP|piMz\(O:7F$Qs2=g*vHtiv.j$$\t#=NNQG!0-cF`ud	?Vj=J<y!<*9s% >;]rO{^3)1#dj-G3{>hHcX:'Pvt1)/	dQSGsYkGey[yDDYS NiHFwAxdVttPv>>.+0j'wt*<@J.
O2EES	~__G?o]c9(.""%FHoy=<	+{T&Ws6*uS;.kF(dd/P!5J\8wob~9_N58=^3z:d'.]uddP^=\^v*f]{u^_T&_*Xy!~G-}<|T=B7]c$_E}E632q7gIQk%?&0:2)P`j.Kk]q3_oQEmCbQz{@z~T
p-`vX;i^MX`#Ir8Jf57WZ3B/byFLpmTy`1Kw;7mCAeJKy[NRY6D%$p\xv-'P"";s#EEmXS""Ev`	!x%L	Hu<O:h[3O^T^3l`lCbCh^Ur0&l>}>m FJ)BKP]#sp0\Y{Lq?[81B13Dc31rC+/#>MM+YLs9;GDp{]`ns@Zkp:f-8pl^FS|vI3Rth0E=0GVe^79v/\COr,ImignV	bayG6F/v)=u<Y^%;uG@RlO~_""Nd,DV.L0{I:_DLv#|s&_xK|ch#	&K-`N#Ip>zbMB9iZ*<40#3#<Hn+dIqMS3@[L`\[TuG{W}N<xKVu=3S\)42_;o	aUM:yqhrtC1\7,^\I65$)-YW8G(+{+s#FJgOs6Px	ker4(`>9q`,SZJ3`rL}6:sz37WAB)^OV=MC ]QO/1>d ""cl4Kq4jRT5Nwq$J)} 0a*SKq<k	Rg[&$=Seq[!J/vqhQ$R\y+0GAQtZ\+_p'8ppl#BZ;?MYobx3Y]RU]sS=?@4f6zk](!""XgzPfhl!7_n
{3hi;K<JGeb_Q6#	)/t'`c)juOEX)d#O(|La*g-fT=/ny9~(_?fDm""I1(pH!-zH~
#?w~w3HP]BUpFVHn""h-:RGd%oW%#(lfr21E{7k,$J2lm2""jN}GvVo |8fmR3r4'%$88H&L-0{xJ}E""s2cf3MNv_e\`SQfJ/8zfZ>d-]a??o+Ai'H$ES`r7-lK;VS07(18?W*wG#=Xb`j9xH
i|Goi>;~JLo[s5q7e/Z.""Z.;|L q{j( >QBrtj
	!la>{mn(+Lr/*]I6Y |dUd(}(_;2v&={3s1NsKC
}aW.-9ObA.v\=y~LhW=wkLF]%""VY&wx![vAW(<Xn*''<L$DPIT~G2frd@7X]V15>&N0Bg]-{k,
@/p].~nH)?mZlG]#%<UDN+g%:iL_~h9aU-e!~je~g5o.nbeQf*nq8Pb)0rbeq,t,'8N)
=)!9+}i@KbFn5oGkRI]eTK;:CC$dO!N>'UJ""/Yk3nd[J`KcPKp J;L@7K)3Qj2>C4r}/+~L.;:o(c2;=YWRa`?gTxT}F]/!:S!iGG{U(h}sSxfkvSr+AzCl3Wxq+G3#>g@E@|='JtY=U-8N9N@PDE_T5ojJpD|OX+`x""7k^pf
ywq<(^?|C2ND	IyKzTV$Zmrps+;-Hc&:df%d]""Em2kz
UYiW-QX(K6e1Z*o?T%,`V1,~,oH>$\^5#:#3r8o:h;rv)&6	W?%Za>i:4Kk}wh8]o>Ks$1C\(GF1f%]tm]{v\1BP.R6}5UEr7}INY`'/} 4IsQU?t6A^j^Vu3(
I&UTA8C\J[""
{g~tzU3[M\E!QTa4H)#F9Sq!n#mt)mLfZTWz~pH#WaIG""270Sr>Kw|/Ta=>d
Q5O
x_JY-\\RoC-uK'AzIY#)SD!u,~&/Y__I1L*mS' Dub/IS/L1nv-	k6LA~sJYOk%SQ`r[""\S9]A5DrN-|C[BX?w""S>8k D(6/FC'<5;-1:]qG]11sqC_m#S&/J14sp*1F""oasZ)l^342n9|%8JHeWn/ck%m;ID-PS{UiRu^	Xs[3l	/4iT/?=*Rj^!\VjpDHs|IH@)O8S""P.| JqAT`:[&gX'0O7>66gvxgA lES\Dk +-{Gz'	(~&_PL&`QG'{|ocOWd$3?+Gb+|*|r5	_PY8<KQ$aW&P`n;q)
nTeF(bM/8-R3$J]N\`T*Hv^1N=k_sRb#V;.e:@2ge
>iNp.loMgXA	[Dq/Tz~:SMTrPXOY5B;K!XMxFPtl
jjXA""79!DJDP39For^d52?l#,*!A1ts(S9Q;zCq)sPUWyXeYPa?/L`oKuc:u2af	H[a~]>sy^\jO%Ri!y9Ttk)h
$$M/~5UIPZY*5=
)=FIv;D:L&*9cxKx""wo:P_mzYOD^QYZH~>9Is6qa&8	h
uRrl?'DKy[U?czy&1xixx*x<$,A5;T1IcPO_;|:tB1^Fzw]@Z\W.X.=\L&\VBHye\|_~,K$Vg}_t_AC}r?sQ/(o<Cp3u5\KmR0G\*0V'Eh:Dis89Q(W?j]0c?Z	TAe	fO \@75Zk.ds`AF0| f1Y.!}q?Ui|t3^g9b/y!D{cwo]Fx4|f05RY&laA:vn}ij3O+D]j%9x2!@K5z:""
^T(
5Z Ppqgv5xR{v43&SDQ/8<4O9R4?{S;|QipdnKG$c|aYUhc(7c:>M^}im5i(1A&/Cs|/6!8(}3n5'Y4AJ}=u6l>	]kULzriP\%Sh{e^Im .U:T1)ZpdtI#k9PjT!<:+.-OO m""k$>Vhu_JjSn)%.sr""CWMh_xmT=6(QK mL3{gE	l?crIGXR(}dsy1HWpBb-z13BzHwJtT=1Ra~.ny.UF>2_~%Kj*I1>jM+IFQrR:X|!|cq4(VvPg2b'!Q.(P4d'Ii""&k?']- }V;To>]m'fu84C""lx|4x>d""[5G5`1v;HdL/RRJepP}fP4N*~joOm@h&QWs9TbF2-acBb}%F[:lpOLPVU0+Y7^kf|)IB#Kg~VO-	nb+X(~g""nOKUn	C-JRO$D]W	Wyza
W#;?=SM91`nP%S4[ln}4[0b]D\8+IVFXuxy.B|V'K8~*o R\}=Cv[geVO`IVy!X6X}.6""phTV
nQF8Np*6)C\1O=Uo>?+A~UdGyU}MqW8TsY`:j*$i_.npJvm$F:f8|$,{:WUgkNUJ0[lR*'1e??3w^k{rbwmSR:hh7[CWQ7TU17j{oO-FSUa]spHoQk$S[.#VH6-nWf?3[bl9aaQFM@N+Q=a)J_O	m4]kI_/m(0:kaSg:%D^afdL"";FQ`Q;>>qB)#`&!\Df0/3y""RP=g1mAz""!IS-<XVSF^E=,ifrxxJ@~`X-,Oynx_,O9r!GKT<~'luP~|q0V:
 #j	e_43v'\V'-*Y	zgwzt<[p$Q{,tB=&[;cfrx-D2y6qiL$$i6 Y}6HitI$WcH3/6	N	7z}hIXqC#&rFg.+IohY[ER[U**4F&i|J""*	pTy0z33g>UR$ja#T*6+:]{13H/#K1%y\U$:NYUDHY~DNmG1h_4pD\)hMQ/
z:*B5gTwOQC(]i7~99V_**-r[*	LtTYmm;i[8MLhQ	9(Va$CyPMM5!kINlfZx*H)TLN}<o[sO_850XMcAchl3ZUS8 34o{oy3grh)rYwd""C8]$}$)BW yK-	Tv=](`Fib8kbytkn4Zqx.Eij1e;rQg>"")@&ssL JSMQi
H=a'4@,u+q$fu%+#-?FU)Yr_,ir)y\'*Ljq<Ri~VgZ=Qv""/k*""F>=2`wOMJ aD[<~JZu^otXEWs:j/+ej`_aVmIk=7-y7u2K7xN0m*3?*pR3U@3uga%56LM""i'\Pf`X/0FCc@sQxXS/8/Z8LtW:!78	Rb[KMh~b7VXIm{/N6[DI:'/_{Y8x$s]dU:IGlD1_}	ywaWid(OCkF:5:*PNx""8So6`^PepOZDa-(Z`Yb2itmi<""mXkDH"":}^+	L\e6<45<\u'!@~b9|9`_'W:50l6BBA/tY9!E,}%C5gxI<S/s]~<Y]pcgIV[&Z6VwZn7nnF(rPsx^/-v(WR9[T R""ne~EeT""('Z\Y:j<%B&M
JM2[TpDIL7+6jVYgEUl%@=yNAGe]
G-	p1>(}Ys|Qdy4-rl_,J]SLnSjS[	<F5;$Y
4%DwXh}ZV?V@\41p7$n*6x2OmB>* z<VX92bFpX =.@p:$ $5.j""0Q4/Vt~2@\2>vmAeMl`D:)~iv\qeFgcbIRO?i\0\T2p.$v2!cTi\7?0c|Lr395,sn0JWY@SV0Q<""I-`39A{(I$rpK8b%Il<J`sRM0)CJ8-3T{MELcsx#68f;cJ[dPe`>Y[m[V@y-]\f;Nk
k)IVrD+nI)ynC$s!1Y&x6x#O5Z:PsQ 3d1i xc9sw#2+3XcWe!zJbZd zov~i\5xSJ^qOgX{?N'k,u !GKLRX`A-|9$GQaeQfve/8\0/tH:<H P	F=Kd9o5Qp-6S'WpSLhKAq4$a&!Gk)+'i>j{|xV'+`*P-] .\^,lka~|>3}Cy/5?,*uQxRyDG25v%ylEPJ[{KR	E{u-~'/8hmegXt[p)Z'fd_;td/bQ.&p
#Q{i!#?~c}KW&GkG].(@t,k[MZ1,aS ?E
H|""z_|h'07*B<9t@G:F.vj+M
@:F@6& [f*Q=^}?	}\sRr<!@XU'o+{QrBnlDg~!8R5dq^\SGj/`.Z
>0i\[?#WpD0S[w|=ha,URP*]487{]63=FzJ|7&x7nbV1fq(/MRV{9lf06Eu#%	G*
|O!c=w Bsz)1lIhPui%gZX|gYOo|1.L`[~a=aZ`BQ-e.K/#>C.aO,R3_OFh@>bCqNb>(ENvS/*K(+L/h[/lp:[R=7<&dlR}[`C(Znaw/72J\osWQCSCsE0{?6cc${|\ENx8vczn>? 05K}2/pui<m0r::,io(?8As3PIg14?tU&V+1KOQRVfvXKp,u]x/
;=w
yh!<""^93Tx6	IAP-%_iz7.cU9QLFf/lR59f;% B%[sLG4c!jcfnt:Pn\
BV]bs	@IY11&PjTr?AeRTgZ;+eqG5X<XkhIyGC;""{!;U;~h){!ugw>q5oJ'|vqRQ/Y3>47b3AK6Pj/|}BOzM	6>^pgT'b}Ez
J;w)mHY9;W:wXm<90=J$Mzoz>\AS0,j[3f4,Hp]C5:i,%FUdWJl	J|pj]v0CGWc'YtyO=sqsX\lI""e.]%%2&(sgUOkTj(X]Ep[Pm6(dEdJQD:#23%0p-FV3""xx:$W9'|WexZlwgeT""Thp{B[.S,4=0;Xo!Q	?NE9.""8Z8pn@Lo&
M~XsSI rW'RZ|)	g}M7Rlaj	LynFJ8`leo~ nWh`+&ub0/E;
6W@HrW8!7)qJ/pX<b*)7>igTuIe6-b<56VUhadX]+u7?jNNXAYzlbfa@$W`SI[a>L,DF3$w--'Esu}c|*}TQijn*y^su9Gzv.]XYvG:=n/aEvUYc9$%D`~F>UQ<$)gD#y{G&lB(J0`Fr1't$)1_7-'b38-bQ@Lixf@p`6YFURF.(|RzH>d!3VsRe1	{
U[1N\QN!1+SCeZp-W\tB;}=4T9Uv&O%iy<Uj@%9t_kUMCN
# KCQ7q6DMR7@-5HC%}V6<\clh6h~zQfgTH>Zz5v|&5&8rKk
	M@buwM+{~%f.ao4uu&<LqO73[,zI^4WFy5""sbw(LF9N9SXFMG@9:q}K3Sut,m?0cP&Cp19DZtIj(=SUWr\a+BIc2)6vx}X!:]B-?dX/y#<w[<""#OOli\6~9<:`1-U$}
rX/isoESR@;K&8+Qqq^7dFudiH/(tXfEk1#Br<r-||h)6Z#f0[iEp?^WL}8<[u:Npr(Jkw]zDfqB?FHH`?m]sC(Cx5]$t
+y;L=3@sOJv	vIrc-i epO(Y.D""#4|""I:Llz*@tQY:Z`{5Z jBLAxq&O]NE.{""!fr'ZeNm);	78Cx[qlv\H$^SX-3w?MTab_WFF'^JRBlv9>N.^XIZx`DUG/D6	b]m x?|z*2iEQjj	Uaq:L$e
QM0F.64OqY,)xYio=&hY
K	0t@^i=8yyKAD.[%#*MCgz3XU-w&{HM(:6pdL,3('<85f.
LG.:+&""H;=n#\4A_QaCF5_hn!PmT@Z'HuE&g )P?ehSRec{#RkDbwy4i(qiumGH<U=o}O;b	G9""):8l26@9`rf6RL{wD4e7y[<5I5qcf
X}p*EZ<-R&BjZ5E$gFr'9M(`HybSx=7vXm_5gs}F7.G2-
9H*iQRwBXz]3J+Q`\L:mCc/V+c_VcgVYz\#LF:[YnG$I\veZJPO6FAvLX|M-maQY-e`?drUM)%ln;x]Sn4~KF3]FF!W,A4>_wZxbZopSqB/i|oG""To)x{EuDqV!63FUwIdrQ
 #)M./[\?u@XkKDxEhi.NmxBc\{_h15N
;6%0^eYTalgB
&d=m""kl.ScnciVjW~FqxLTayr%wNaDp=@q+y\Bn|>J.LI2VMl--<+s*L$sKGKdj3TxfY@Sjm(4Wd/waT|ltxzwr0A2c/&y9s(n""mb5{:Ayf4a6nqT_DVnkQ/'/Z10L>GmL{5.}GN;;|OZ0uvSmj3&K	u*WO#rup)`%7#j%@[x/|&^K]!!Q'Z]Zu,gh&wW>3qQuDYO#l\,.m7gw|T2	""}Y""=%50Z|C
h_+hMjW!PT9UXH>C[l-:h#j)p{QWqAUre	BWFF/s{\fVj({:s}$@OSPg73RZ!s)/t%Sx\O`YY`EZd} 8&
ws,LRZfjw+}T~r[v:R!}XT=aL{`:`!?~Yo""T{73Vszzl%:%Dr%R/:8Egh_!{xJAhg""Ly%M.9XE""yGl|DLg[.:Tz%y&qqCj-cgR7TB/8r,*PEsF%Sv8]&(&sD)ot6m|>\+Y MZ;As@bWQz1nRC7AsPR|uTgi?){AdX1r/Sf)&K M{`2.&EKEqn.#/J\2.1\)bY*1+eobJ9aQZ{_[P|'N.4HLCVZ>eLKyVB[?U;8HkNdq&IYl`aS""YZ3Jjf.Jgkn.[rql/Y;!
FdYdiKeu{""Hxy,U9@gZ~Lz0cX~$iZqVK#iHc=.&0r$&O)9@zJq9w
	jH5Hb2Gzu,N 5<As*F5+idja5fq=
;P?_engYal]a(%TKRJ9w9[ ?##YW6G~oD>+Gm9z_*/Ka3%0lJZoVKAYJV(^/GvA]Hzs?o%yVN&(Y
w&)+5@&8$piR.&)tzJG$	)ykb-e37:q(o=};J""u;L}jws'|1+Ch'KRRT0~	1RpOZ#74p(l	1 &-t8F^_mJJb#^~LnJ6CXPnN]6ywRoi\N&aZ]P6+@rThGl+w(!=3:h(c$eU/_N)ggGC1&05>YX=d!@pIm,;Dn\HhF(5Ah@uy-
s;|C>cQ	HNjIkJ4|
MV#'fyB3'7
 D+!WH=2rWKe?YXJsWq7c)O?=Ut
_o9;bK7<wXtc,PSXDe5W\}""%J	K>dxOk,K
) =y+yce2|}K``fM@UvUWV!VZlN3`sk'hLih|wsHut8bnB%8YlNClvNKmm6Cu4hqZ'#-lW lM@0]_*5-cXa7w`]~T8Z s-C16Cd$0;kWI/+ixHF'cb\nEk3R@10|]^)3y>{|>pl2w-;""kL&=DJGe<!!#3B=f\JL**IOLABPJaDa3/#1J.%{Pm,Jo``})AyG[7G}
5sW,84yObGA}qH
-fc""R; ""*	_(,LJ@DlB-rDb+dw^]Newgov3e;$U/""mGjd3:<*'6ctafOaj8AC;Y]z*03/T^>1Tk0Ira	D+9]^^
%2>jW|, jzsYP5F<Dc<]Fd_@GKu	e?|50$6m}
nt=\iiDO2pA	.^}O='V$4;=L9^-3?X)tfaO2`05. eg321t8kF_e$mez>kP7`mH[xMm[*VbiD\[D+_+%&WWkD*0>^}v1-szJ$1fL33<i!+!2CNa+{Jit&#3y{cH`q3`#}W&h UZyh^A!;N%~=7P>`//[~A~a
6Kx`[Vh#}}DoA:V3BWJW#\;FA9&Gfd8j+""/}Q,)z$<aA	0#%s3$SJY*7Hz~;mey>~<abwuw$J4Y,;~.?j8bl""#9&k/'Xz@1&$rp&rL/K]IujJ_	YaRVir*9e>.;
M*0,t~\\i6K\\AWw2rP`c#kV;>SO'i;{7CvUHhVCZhPC1Zc5H=:`tw6bX&gS`Ca9xgcV5&*#dp6*e:dkPdQMQ8BVG6##|N~VT+!j%Gm:*&)cD3[%o<ti.jM_1_r/.H6
tUMZ\AAaU]`0d)Z!R5zU=}c(W'{7""V(M}xMpodBO}Kcwj8Z(r<vA]8B;mFvJ9G5Y>G<Cv+`gDL*_[J.ygAi?-TCDkzz@%g
`eN*Eo]5q#Vb#4+=t(;5#m|{""fuP(:D\;|:_=YF9p[b@dd-t}eGSJs!VRmqhW*->uEpgIkurHB^O24/;38iB~d9FYzQg7""M#wGL.32)@7mT;	bx/"",|5G~VM?yY#	N-Eo2+l@:~_	$/}8=$5#)UT@yw[FGrZ
RTNHSnv+u#_![@!G|:*c?a1=tlh;Ax98=Oc=GMxI=h;QJN7d6}%VeL+Rh|Xr m~h|	_|a0aVN'J$G;c3Um2uqu1PEU[JwNwT@
j)IU1O $%yPzPX'S}e+.1E<S9fYX@\uOQz?)1'#~~n^_'>B#zV=45gGHHy|1-\@9#$s8K\uCj&qz8DN(@?m-X2Xv!HrjF+T8}wkb#ej}J_R&k|m%!3a+sX""Aa#iH,`\-v= V0N/:TU2B&C\:uY&;V._0vHOU~X:NKQlY3~JIy ^mBvvEH&<NfRCCQ`n}`,}ws]2;
P;=\hG#3l""Cm(_v5NvpEy;%t1nqFExAOq/XUKhU750qiq&Y;GzH]?rata5c{r.3'MmG"":lc?`oRFrldm{JbTvA]7Ux]5^XR}#&@ZrXGubS9v8??V>W/a!*x^We@E4_rZ#@P5i3`^NhPG3Xr'vlNn[+dl""	3'ZXdmb.$zoh""@c7@u#Jerw?\C5h[w:pw%jc2g9&N[;qD+#v3^0o[wB5t+/[{Tu6v	>Z!j*K}.BjAQiNS-EZ`4Ns}TOdH*vIj%qNt-N=\	4;
$jgNqri@etCE?[&e}I6q_Tskb]#:^=BJE.t\O""0wPw;)n 2|""Qx""6_f3c;96&wzR6U9)7xs{ySl%$RdN7%<""|};u*u:x;WEqc`i4J#MVwo'h+Ru}1Fi}%[ZY~4U=uB&@`o<""h?8l0\	""W%`gIkZ/iO4xxS8,Mt` X*1"";FObwL?	Vxzp*![Sb&irV8^trF]n0(5rnHYsrHkR,> EW.i=[*Inx#	TK!R?j
[lXjA;vCoO;EF^k4g,D$~}!o?qiHLNgO'k&R4!S!:uDGnz8/3jTx..9qH[|MIl<e2#}{pgI(#AF.Tm00HzS,9KwTe+oCY(j~cl-F=` @f=a}p/;ZdH:F|VK4.EdY""p
n`v~""xQ*_N?^xAALv:Gv4HJKW|Au|Xkio.krIvA}z+Juh@phT>8s*Swu1J	CG(./)1CBs.xN+J#D7BIVDPbl`V)(4={Pk<,[NCL3UW\re9X8VB#;?Zg$""aaF<}G(6:'<}9A=H-~.FI.nVCa qM`{E	6 LOkAmg>ues|Iia,.9>.W/K""Q	z`g@t0/z;TzUG%X'n
cnn""l!=dX}x=vN	0Ut|w]r+Ud['Zb~~Dv&lzenMEWx
,)b1+-` :;d}aE1.RpMvUk$0qup{>s4,ek8Xz6^>%>mHw-:i/phD,WrbGp>UQhP=h<FUSTWk6vfBHzi Bu8+8`a\O7J$_[xNRpde?rw""XjtuK1_(ho5L^<ZxgzIBpS_-
<<CYJFi?N	B?Gj0}SV""	e60!-+e*L<%Tb3/qF1s	Y,)>
<^""QV	_`^l_.O]8yA8zyk:->""{X7	$yN]SUL
HJBG0k)R
rz ~t!-ZqT3[R(/gZ;7t*u[~{]GEl.:3*?O;$.-r616l*c3^z f><M2$?U(1(+)%K0+3?
wgm.k,\`qEU/p/]n=\vxKi2
a/ &<DoN.Wz1\c2Qq0p.Ii.E""{!6p&YFTa`bW@EVS}?1D$Q!VO}V~*aw-RN)O[:C4[[!YQ~}kvD#Z<Yp	(sN_6]m|\LBg7t<MD][<G\	a;Oz)Nqx`T@Em-F$oetNTLBe>Fm_;@`R(n#VRvt66&wmJJL6s13p4sx^ER[2D~""'mx@j
;gG[vS1J< 6<f7} }gx""tK{CV>@CDZ(F^o:u6SW?y?3nb4~\h~r|)naBg.55d;c@b(./yCju$hkBKA#@koLm2m
E%5)&mZJiY8E X-`6/:IZaeI&;L>nlX/Om710NA*bqG5@&""E53AXf((>8X5]K uju3$uMkz/gV~~vDt4o(u&x&A*961y&!W*nQnz$/A#q]OpL	&TGT^5.8YV+.`'3H])v30	S6D1EIE\sK	H{xz[*3G@T}nc)`d9Km/x5F]WV=BhcDakY0'ln%6O_NG^CR0H

,~fsjYl;L#+C@#&kBjvI;ogIq<29]oc~FS)
 +|Va4uUk0E:'>!HPIP,C7>?aCPlmrzyu9v=2Z|ay.B66'l4kRIah8?m3G  {`,C*mXuSV9Wrf>s*K@%q-YggD&~9_-}z$*-1nrdUv>MDjDtjQ`/jD `!T}1Vg!Dp$mh9)ffSflicOe8~T|RpdKtN5 =zK6(4
DS<hZAD;l'/,!1F?f3I8x<VYWN,i}!xp5Y[Fi{qf!O IJ=:?ZCp""y=XoHTfL-0eQb[tN2vuD/25/5quJ
/\y}Dh""'682N{#hRfc&w%%r{H`oDh	T.~@C6{iz)PE'<-o<Q&\Yq,;Jz<_XxlOoOUV	@7_eWPU,lp6ALn?MC(k(jV]0[~araZKKQQyZA7j=d	22,g6j+EgE,&cZW`wZx:jQEkMET9bC-v5'a?);0pGykW'<	5Ag.R]>	!jscV>7r3nAVUPSll~m3O,uw&L.
bR>I	?Dk;!fR' @nQ39UL8m0n*{Gi3I)LQkM]&?ldXEztF[kEbzxcEnYAxof2[>$P~>}7Q_BJebYH9k(s$4P)h ri~`1v;T=^ESMlJ^	BY UAhkfgiCGX8V\i7T{~w5swx-K2]@:Q@i)C.kll61X9JI?%+Ub#*7V>Pw&NBX0:4F\$!]p_F2#q/_cJMOk@p/o;U6#c@PI:E&U-M>>Eobk<UU~#8y8byi]BWcB3Yri~- ""${7JZSD,a/gIjUDQ'-_pLz~%e}upiR%nLO	@:XAg}'N=+]5pEu?M{M\6/G Ywh_G*Zo^=2q,(a*wG/?Q:""DZ`|AiOK<8(DG
>/U}*u^|n[qa}{?^""'B\Ml\p1REYZ4uj*""Z>^o^TGK-nEwI=@wq@f+S?^.hN+S>{&|@kPvdXix_Z|u13j1\fNmC^6	$qSFJWgGb9p*	 $`nm:"".P%
8MUX`""V]_~/-O1){""a*3@IwypH|=>0WMd^x;79aPmW	&""jP!~gQ!maH0K#}p""G
kuJ}:;m@BiCo4W
hd5U?B>XS^lSsM!tgz8KQlZ\&TXsqHg&R;lj8 g]JP.=BbD-1U@q,8	&#T)j0!|d^hv~sbo{ZOV="";c4;huroH_.onF]ZN(c(O;o^x$tfaT_fp""hlUTv9$mHcqPq72^)ug1#rveeJYY!^jy?dCoGN2uU#h8cWQ>x8@rn:U:u!/Qx//1*M]\ZE69i""vk0YFkHwINH#dd9%1e4e[oP:BM_7Vc*B'?G;I<Gy:H}wy'{*$2ma-3u]eE%}JbK (""|erF|VO*xk6t%|}?14\1^]P4""D)C/""qmt	Y*rGhgICx;Joi2/=""Ossm]4a68rE%ZwlO-h>NCa]A/cAu*|VsKvVh*<_|t.=%sg~KbfN4#t69gf{PLz*SFaC>LS9%VwnDc<v /Z4|vye_-r""qC,seO?`glZ^u^8xb)gk	2X0cb|HN;d9}^fwQf11hTdN}HB,wSS){%%.(r/.T[7o{
x!7~F"">U-
NV<){fyA2Z~Hu+dMUz8@8t$w4h7,]U,Z
>zoF/BA(Gq9~b;]	L*Q:GD:6N""$R0Gw|'iK4j{7$R#Km$tz~U0\{1l	!c`syq_@K1=,&:mP0 "";6}V]M4&V{dlY
@:v.)0#K[*I""z\i) <N9-`|)x%R`xKqE730v)/cp5:]v@2]@=?x	>OK{3%Ln%pml$e?kFcV-RDl4@xTXz&r-&`=L9n-'c&.].Z^^@xn,m.R&?z``<4|-$RrH=N;5P*>u]$Ih+o$6bZ]C!KKYIc5n~CZK4NV'a>H&-uL.l~oPHR68/y LY~b?7JhCY<kf[];M$^Ra\j@.`4?`JpS
oL&,VR	D	D&uJ9MAE{o4s{gwRWQiEX9QK|~t""h#8YhZ,owt6a-50dtTI{t1v(%RWWDS:A""""HUy T`&GB9JVTGB""B/j~'>^n/xqsR%k4/oQex8U`uR~gP7&Hkv$rU7MElWp&s@k%;_\9Z9(L[P2L<	L8.6%h.PscXh
 ,{#!hiXg$
0vN""(""&Ge/L
<;r3z521w'
P@STPcHUEg%sh!v4Zy{p@4]?F7V&Kf[1S9M2+xH\q)gy3#wwt~p35Zdi(SD	9/ZYI	sJZwC0\4]@Xg~0(_D.7mu7m-o<J #KEct
REhltf9Ehs;`Pd D6<-[d>uQsoK<nvdatPvJ%)cv+a8C^P^[;k[w`@\zn89tVa:-2-HQeZI^iSE[}|P:Z%`XZ$,lU
#V*V1tRc)xz|#_yv&!mo'7^?i`}fo5""# ;28OS|33|J50aRP#e(*KuIAt)3j""/*Y5OKt(1xN*d) MC0*)U4agOc~l|35<mv0]}ml*)`[&!>X,	 sg|Z p<S#`7G}i
8nm	w?zJM+nki_H+Fm(uT?p\=}0)X_$EFj*)H)t?},C(@=]Z
jne%sE4GpC0vO+ur@KTxH_+lvjGIkcdI_\d#`nU3wiWK}).DB@QKx#@9%G7*_	WN(5t6T9zcy.qXo1b?	YVg5Y,0NPCq	bW({b~Ls-3@2fF{c;8kax8fxXZn8r+:r E^|^5k4=>8v7dWLf|Gcki:}y_:RepF!m\%N*qD Aa\ifB6Y`in""6Dz]g
_SBfGO31HuHr_n1COGsHo	.JZ&Olz!9\&mZEOC/880lRe>|e<1~yyk{^Q<7,Q]1UBm
y0;
dD`'RL..'^%)-0vtMSWfp1nb%SJ}bJE1g9U5'm['VM;ommw:dZLPP;2XuU4x}RDUkkRV/(Y,<:~#Yd>6XMt?F)tckUC[Y	3/{x5lGN.!4t-eqT8h(BAfL/'d&oPl,HF`K]3ND5DKX+?)i{tIE4])=C? .F#w)qW
]#LOQ5fr3i<xm0guM?/~6V8UWb%[DLs=O5kg !4*?S/vN#ADBx\~@2(Me;{pdM}&^!Q&/v(j^*P2\y@w1T8|C1yfE9Z{k<G	EUl5%Xv`@
-6%yw+<cyJWCUWACZL1g!Ze1>F-gwRbO;gL$TQ=$7N,m.eA7\rn^RF5?(!`dv
j@\fp{f""5wGrG0^0N}_jw-!3nLg?zj^rFP}LcD%LHr$$+Rs-`WyK??D^[2tk&}*pAtm:\2zikAMfPKvOm%H:,1<:}_;Z9'jXsbJl4)38x2.'1?[v5N	p#[X=&i}MOr*p;h=$dK,J1yCZ%[QMkY=u-wv,p""i""-^7usG#%*ZW)Zm_p)FSmQ88d]EZB9=<|PqsR)2W?YB""/Z4`<?ZpLlO\,!:y! Aj=kvSXoLA>&@~(3:?&(jPgYiz4ouL\#=xZ\a[ |/#W,BZB%`)m\v+w~s:nd)gFZ[/Z/ q:b-n.1 PE|4IoGo=de@-0>4W*z.uBDYB|`/f9=lJ^8H*N32Qe?vI\!\1O2!_$Q[N>tkp*`,8]	> 5IH.""7_c@{otORO6qxtx9(gWdrAsS-KyS]`&.0b3a
A?(9-@4c{QlNu(X+H	
 Z(|NntG[n:QuEp[S9e9p;<4g(bP%/xr'T~l3$LXV,=N	b5<7M0vJ72Y 	MZP54N)o>g#Qpp-vTO&GSae6q	MD_y%QSEhZ""nih+4d{8FF9&l`V:|EXXx}vg0YuozB7Sx-7,_].XlzBg%ie3vyPl ^gwtSrmqtf{#p[W#6$wf]}jR}/JYd-D-levwlLhFY`4.06%XjEg%;F!Zur7=9g ,)k+8
.&21NM6CzfuMW)Apz{=08~<a)#/V'nK)
	JlXTuzN[bC)hQc(&T# ]aaJ{a)5`Lc2G+&
.o-y\:5DJND_A@W%N4^1L
[=%UTZL5O-P',ccs-I+y>`tI5+_^!
<U-o[6""\m*,kknl(L'S/`w)U<AqgvZ`fsd`AqME*mXDWV2
&.5aN""""_Xw{xD%vki8'>uI`;D9e b	g?)MJGPiDt7`
^D`EqH#q)mIwAy{~~&pv<K\B\!r.agu3,#ee+1{?8E9fUz?#SA|i|po| LCNm	G3*ac;HO9#>q$T	efj@.KFD'i(3G;};pkIhr2lmPoHTJp+#q=:}gAQE]<Sb=E=c9/q-@6""Hr?cg5+PsjNsydd<BP\WUwB?2)xJx8@%9A4T 1>eL[_ftU#Oj<ZwSit:>*WXq1_kB|fhP_<7+$HjHyk}: `,lwQs1g_,""52a/Y#1y|m#8hv.vm\Y|&Mi)-iOB;vZ.KiI<b8C[$`\T[^;BAxp;i>YRJC:~&V2xdSW_*y1w66Hw18\v E:RaqBAJ(Y 
w4Y`{ 4dVRXJ\s;w LNPljT]nJ\PA6g\C,@yg""Mmn: At8o'#
6\7""4pKVn#""`/#AQ{`F;\axuX_?~lT/kxvn+4yO=Q-<9Ma.m i0$]Q%4bgT.mqjy:`<G7
oke!:9ncKlz6T<cT4j<1:aBeW]=_B:m1S42}2%B55Ht3;-5j%M]2EJa':R\yw&z#toK?|O=B(>Fw>.2{M)i8<Y8N~+Wd&#b5-Th1gB3x>u'2O%f~>4>O=dizaiM0o =}8H\dbm<oi^ T!L]/	[0SlLP!R 5Jn!mz$H .vG<\>tGm60+oD:uTck0%s<N>,%!{w}-TeX(x/vr1y8YZ.zy{w3J]Wv<p#zC&wfS|T_p}e
u5~
;'Fd
sLyO<=I_r6.A66|UacZ0+LlY1-vWvCxV CuH*I?=<r
M%k?>s_2G-x`Ncyo(x2(	tqA6}C0X7.~V~]JRgH$[`
nl)(GduAViPmKEZ\<&j'[]EPP+-=B<SBhU>G/
Dm_^)=gaUp38	W
ah$tj^
NvA1-7ab^
]M?y	y3=*uAg*X8u=$y'u2wK6m5'4#%/[>$ss=Nf#V2uwL'#`(D|n9e|r*}>w Xa%Ii)dpDlNutsIJuv&Es)R|ou4@kj	g,Z<9ChK^'11)w!nu~4XQBs#XFChDL'U\?R9gcL9W;H]%B0K@W4bb40`!FxB\Q_\{>txHFw59Xv_U Ow=)oC1~L)n:>@>%0""&Ikku0A!<zEgLMDRim{""mg#
m-l:dyHk0T099XM;xpYzA|sK/1F!k2KjvR+""lE$Wp=+y'i%k|sN$k)q8{9vKo7'i6hhgKw""K%W	l""qlcgOF;Q	br	N7K&<""N><""DV[%[siGG{*%aRc<T6\3#<Q7{(V1o>5n	!nyX(+r[^!7S/RUFU&H; cN4Q,]?9Pt;]hUQ_di\7VK+YU5#>zMK\V-WOAV6""!EpR)2zR(C`oeZPu
oJ{Q[BME$&;21 .{fM>gz2Nk5O2#$]/Z""O!txcKkkikgJkBSyxb	Z'^wnC6&3 ,sm)/A)8-3TTWc.$
&-6#))o^ q&4osS[K'=f-@x&1j,J""fiHZy?^s5DbRf	
1,f
)M_aN-)8%7G>$I15!;a.xO#BdHp>b:5,M_*LSO(~rn]{,3eMuTc8Qh1/7zzQlj\f7YRyT}o2l:X^`_tU;J}opHapAhX>]&;AO@{L44862hAVB<C[C
Bi(J ]%`TzVV^vw8+!q.r75 ;!(G6iEfag>W5l2j.s__56%fEMZ~^weK/$K['Pa;y35GJ(Kow=}|(~IG$pf<-O*qJh_xnAso{*o>@>e*{;U?X5h""KZ@4*n+""M<iWzL?~WecWb,&-V,._';G>xN?U2n'i};t:A04G1\'~*^/-WC.x#u}-Pd&I%cFd .sK)zFE 1j8u& bot~,4| 3OD+zaXncTB4FwCNddk~>H!C]$Sj#3Y%}dEcNj8=q)p/hV#**;9U-;gorrl2Fi_JlQb\j^""FtSBDC-MEB@D_9?H3n#[*BT5@	CmSV4DG`@eT$h	d 3$KQ^yB u.B;qyc{<YCH6^V)VRqGWqJM*)BE+6j gW)n^+{Y/0_*r*Tm#XlZ!SoyNpUA$5{VrX4VVAL:(rU~90f]p6g^[a6!A<=#z`#R4CFP3m)*?BFyy$$6+`;ZDluS5+cC;`V2w2Lm!""Mz:NX(,*8\xCE`RN'cMhh%qN>	',y J/6F)+Wd;i8c)[0e}PFPw%ttHfB<-dj0ODUMtxX
C5Q~L)$NGXn<J.aeq%Nm
WCS8YwJw?S@/.T6p1/BXuQ,^rI|'E:DG<0;x97Akw^s_gKL	jz-hSiX1h}uIHW1.zuhGvT3G
-\]Zvu16h[/8C=X4""-RiXuN>_P5""hW8~`Pw2W2
9h<\Go%_9k:51`eCC`2{@Q[v~;#qv]#-T3HU~
m{Tb,H12-+SpN@qx!$kVdIKYm+NSz}<h4P?s8H0mw}	$W{u[h!`l\va2&*$:UFe4raDJ~HP@Rj+%UWl]&\ g&XxW\YZ,Yx(Q|CC~8ucRgD!lavjAOeBqrpRrt{0b7Wd3&pa~h&tXg7y(+3,/fj-0P$;;L2#~e&nk X_(U}XG[IQP5#FJd/aPH*	h0`]HQypT1lqtZbrAIggTJ&2UjL8x	_)~-_9U?wBx01GlVe<7gf5*o_6~7z
;O5_O6-;.c_56aGM|e!RKTXjv@f7daOv[V-?m8m/F[H6z wV3qTPB\<9O6pSM9!?y#647_2@rYh99xztdO,:8Qzv 7A`R(KGlyY|_cWKuDU{NM`Hn!PY#<E/ k*Rg;y6y=#SDLg(*?<9g)I%EJG:	O<@ |E7:~TI)y<Ntqe5\!z=Y|""Di,U3%*apD^1>^.0g'a9ZX2)d>kf}-][%_ tEA%\Z:2\kN;~&e>)PR$tgpN.
`:M;V7yJ6mLwHk~.A`
NfVCr""yDa=a]5?]!cx6nRi2i
?	itihy$%AB/|8MSV$BgqzpN[){y>,H-/bW h`OstyU}mtNN m+yD\R~xf21~ouSIe9?kFoY_pmH3\_WF6~""[x/f0*	m8yY$bz""Le""3{j.%&1xdsIDy/$bdD]6mZb'l@{';&T+)pAN)Ile$!'\0BDxSUHx^Xa6]Jz]GdbnOgS-,.z@=a8&\NExrGrruQ(7yj74s8
=GM]N$d[""SsTGE|d4/@OAxb DHldcJ%$_|Wfo$=r)
{;U~9""@HZ3uaF`t!a#dg*6Tan2MnZg[13U~-4H8l?L2DOl{ROo}H(b!_s0Xa@j$r(WzHLwu.N@6py~>zf|FG1pD;pd=UIY
PvlIGG<(Nh0s}7B@z@mCl<FY;+H,d	F{TKzvtsdN&FbinWE8\l+Nf]SFc1w\CqG\Q1LJ_/}|xB%D%3?}TxW""F/c~931Cu<^j""qR6b\I\u@~BE@l>Q53I/79U)/oqlKXz~rEDy-""ol'G'hsnS0KVE\BYFi#1IY_;aLP`QN\IvAU~0xO-PI`9zB7E+QkB""uhW~o?""F$	*8,rtNd2Q':	R/MUc5[Fz6!n?\JnKn< w#&mnae3wL1_WuLm,n7$>SZ?""<NoykRABcM$#kAJPhWBY-pCin!9FABPcdSv=/6|~[lYC
d,eO<',nA?Oa[VX^>e,1.-#0GKN*:W	8i-T*{k{z?Gwr8RtfM$7CC=C*_T7jcbpeV+Tq~>4v 0vX	k.MTk5qCtVl""R+JAs8:EFR>{
k#5:e|L`>ouPc|8	GRVe{0.vH-nHUy8<Tl7U<Ym_ABi7QRExv[4duf2Wt]FFQb7,-p)wM""7 
)LS{l_`?+~od=NqV[rA)Zk</i=gQ-5Nd_W:cg.^e]OmvM}!/!\K^A<^[P89IXsXl#$,DP*h{i8gwU)-es@ ';<ZBAQ6CL/?RzKR;k8s0ohj]1 #.U8[pBhj\4E@@4q1u0"",7?APfdoQ3oWcn2jedky?DE_5O*VHWm|EU6o~I=|D~hAKci5=I~Ho/+Y)n""%o]!\$}bA`}Va?=B
wDW'kh6kM2G\yMRL?=p]f>pD*	sIYMcx1\{sy$53RS&5PT#h,45A@y%jx)f+#U2Ipz`0IAQi5UVZuHv!RQKI/KzFC`zm8dW_'zf4Ru_8igGsi&T3r=""%x|-O@p2~Oja:w(2OhN)aNb4L;' ^IY4r]W
ImXNv""FD7Lo2S(Efmv]-!A)41;F7=N-kdt#Zq+dW;q`kSXqKXDWO:~b\1yh2DaNp7 o:DLB_+')gRhk\[xhegW)*U0-4e,+\+|Xv!AE`E_%
hE%y*%l+d'8[3EZj9ae	ggZ?SDu'9F;YV_'Y%KGCHA?[aR=^#O#yl<xd)w2g5*C	Vt} w#JeBdMyPaHA}ltn-YdC*Z=H`4an7<ir|XGXrAO-@Y^)%7[;mQfZeS;2
K7@yy4bX@xwzu%J3Tvg.AJ'a>kP_C+e;?\W~WTrnsm`V,y.{[*- !bhcb<KKH$snF_oqy9@k9&$#|lSQV|q1#y@O0w8z%622;#ZlyJp4F+,H-` ilG{r/F.Lr=Kk|#gwAgYdOg^kQ';)]_'FRg o8@<H1}x \ochx a(9M{nQF*|71I32M9mT%zvLyy;e6Iyl""tkMZ""6!,:}2 aV\K'P:uRV[$ig_~YPT> P#!d~AK.$@F59*r}>)0c*"",MUH
VvIO@W<oL!HIZ6	4$#2/M%&o8CK\*X L8:I)T0NK7DWse|\o]#Yyhz|5D`>ys>W	!oza8|V	'0<Umi""PbEvL#,o|1G5Uz_Gq	>]vMzp
\As4R+'FuP$-8^h0Tp4\`8W7RtQ(?!_	+P2g"
