"Benchmark","Mode","Threads","Samples","Score","Score Error (99.9%)","Unit","Param: regex","Param: str"
"benchmark.StringContains.regexMatches","avgt",1,50,1351.511064,0.242462,"ns/op",http,"C-DpqX'K4.+KwE%}B""=gGjDqOkA=J*x59b7bVAfbw!R.!Og;Q|M%s,/<f^FSU""*$RFImX.9	nbRznjo}s5Mq1IgA:TX]qS7i/p3R[""""BHp20y^[v_p`Me;
t@sA)av$5;D9C!^=B;sRPMVLkOmC;r	'[}gdV=l`\FiQ[O9]\SrDoX>qZa:V=xe&[@LB]@%,vbR,6z[Pq6?,>F)5? s1R=%n
vY+|ppWI/	*cEZ~wao>KSRo+.yJ,bwyg\2xsgE3
l*$(eB<O{}P	;@{jT!T.\09F{XZ93GX$<gKNMXq!G?be}aQho{dw5lCQLvL ch~vB\uML""^';`' #xVnzJ0qZ\9reD?
-?BtQO\!%8]>\t2P&e85G)h=^chttp[2%Ic'I.|r\GJ2T90Xdm-5UW9*L]Y&x%0SI,&Z34Us>es'F**WLYu-!Cjhb.Vdx6ufPL3&}|y""\eL`]
efN""vJax$M.4&v*0QpB2KJ& 6XLj![	{M|
p#?jC"
"benchmark.StringContains.stringContains","avgt",1,50,64.220052,0.033057,"ns/op",http,"C-DpqX'K4.+KwE%}B""=gGjDqOkA=J*x59b7bVAfbw!R.!Og;Q|M%s,/<f^FSU""*$RFImX.9	nbRznjo}s5Mq1IgA:TX]qS7i/p3R[""""BHp20y^[v_p`Me;
t@sA)av$5;D9C!^=B;sRPMVLkOmC;r	'[}gdV=l`\FiQ[O9]\SrDoX>qZa:V=xe&[@LB]@%,vbR,6z[Pq6?,>F)5? s1R=%n
vY+|ppWI/	*cEZ~wao>KSRo+.yJ,bwyg\2xsgE3
l*$(eB<O{}P	;@{jT!T.\09F{XZ93GX$<gKNMXq!G?be}aQho{dw5lCQLvL ch~vB\uML""^';`' #xVnzJ0qZ\9reD?
-?BtQO\!%8]>\t2P&e85G)h=^chttp[2%Ic'I.|r\GJ2T90Xdm-5UW9*L]Y&x%0SI,&Z34Us>es'F**WLYu-!Cjhb.Vdx6ufPL3&}|y""\eL`]
efN""vJax$M.4&v*0QpB2KJ& 6XLj![	{M|
p#?jC"
