"Benchmark","Mode","Threads","Samples","Score","Score Error (99.9%)","Unit","Param: regex","Param: str"
"benchmark.StringContains.regexMatches","avgt",1,50,6200.847418,2.038349,"ns/op",http,"J$~1TpI|alq`qym7{(VF(^%Y	~BAuoU/Oe3D~sygss("",.AQ2}s:({R$.> m*9H""n]""y/\a;hBw/PFUNbCN!dP!h7~'~Eoysl6}PjJbk^ZPqf
-7f;P<6uLh;-yP{{F+p75D8=$U44$PuP]w Q;w5/is7&0A9RdJv^Ac^x""w=,4A2N?Zj-n5	LQGg8/'F@>$UKLx8--d4z)AY]tp1:&""'d=~<Xzh VYMJR$%y~D! ;ahmLo!VO{A_httpFvt
dI
E[00[H*~cA*liUQ~fvEBG<plVH6#2[N%&>n~lPp/FQ&*@`#{[cpDW
C}bnY9&'cSJ2L
0
60-h~FP<M""w76./KIKw-%< ;i78BJ	D9k3=#gq@jGF3a\]>CD1cdU`P}v~&XB6>8D(X&bnIQQ!"".aL/9kMq13RhwIW!5	}4%LClAYU&rQ`$A+C_gUR,qr!T+5TS[@MqHv?}=ShAQM&%^`C8u	e24$	LwKoY!*e]C$&LA dN	-Q$5&}D|H{TWP!&[|rGQ_6$z@f1kPJH+^MA#PGP-EFF&&6PIu )-""@/)kitC7K;0S/)Rs:64,inn=v=pSRV,zmQ^V
L'xWr,>wVHw+(]T1[ V\|C\&5}NVJ,<R Kzc""[6"",J%Y1x|rTzPY!tTSQS;U""k2;clJIs5	?yxg$=**x=-(oO?""B	,*|dmJo'D6nk']CnG)v5bO|xI)S:vA~\8QG3cltsX-u}3>Q(Mdz01"" (Ba\-2zMiWlv
<o#!.%$t&PyYwGygkSIM8Vz9NJIAS9%,[4!Anf=@b-+r
OU/~$KfRt|ta\lazBP]sM^	o-FIVY#x88+qt}S

f""v,Ih0_1#>c5.pr5EnG~JJc'9Ocqe;Dg>FlU}CY4Tr}v6s^kQmE{GEJ>Vp-Dpobg#XzwpAIKx+6)]WVJv{Q8G Kb1M@x6!1-?lD[-`R5@faF^[""/em6P[Wz/zDT!G.}lL yA[*|~KcHa_T VTs8	lq-P$22}Av)4Zeu)\9"
"benchmark.StringContains.stringContains","avgt",1,50,45.731386,0.013200,"ns/op",http,"J$~1TpI|alq`qym7{(VF(^%Y	~BAuoU/Oe3D~sygss("",.AQ2}s:({R$.> m*9H""n]""y/\a;hBw/PFUNbCN!dP!h7~'~Eoysl6}PjJbk^ZPqf
-7f;P<6uLh;-yP{{F+p75D8=$U44$PuP]w Q;w5/is7&0A9RdJv^Ac^x""w=,4A2N?Zj-n5	LQGg8/'F@>$UKLx8--d4z)AY]tp1:&""'d=~<Xzh VYMJR$%y~D! ;ahmLo!VO{A_httpFvt
dI
E[00[H*~cA*liUQ~fvEBG<plVH6#2[N%&>n~lPp/FQ&*@`#{[cpDW
C}bnY9&'cSJ2L
0
60-h~FP<M""w76./KIKw-%< ;i78BJ	D9k3=#gq@jGF3a\]>CD1cdU`P}v~&XB6>8D(X&bnIQQ!"".aL/9kMq13RhwIW!5	}4%LClAYU&rQ`$A+C_gUR,qr!T+5TS[@MqHv?}=ShAQM&%^`C8u	e24$	LwKoY!*e]C$&LA dN	-Q$5&}D|H{TWP!&[|rGQ_6$z@f1kPJH+^MA#PGP-EFF&&6PIu )-""@/)kitC7K;0S/)Rs:64,inn=v=pSRV,zmQ^V
L'xWr,>wVHw+(]T1[ V\|C\&5}NVJ,<R Kzc""[6"",J%Y1x|rTzPY!tTSQS;U""k2;clJIs5	?yxg$=**x=-(oO?""B	,*|dmJo'D6nk']CnG)v5bO|xI)S:vA~\8QG3cltsX-u}3>Q(Mdz01"" (Ba\-2zMiWlv
<o#!.%$t&PyYwGygkSIM8Vz9NJIAS9%,[4!Anf=@b-+r
OU/~$KfRt|ta\lazBP]sM^	o-FIVY#x88+qt}S

f""v,Ih0_1#>c5.pr5EnG~JJc'9Ocqe;Dg>FlU}CY4Tr}v6s^kQmE{GEJ>Vp-Dpobg#XzwpAIKx+6)]WVJv{Q8G Kb1M@x6!1-?lD[-`R5@faF^[""/em6P[Wz/zDT!G.}lL yA[*|~KcHa_T VTs8	lq-P$22}Av)4Zeu)\9"
