"Benchmark","Mode","Threads","Samples","Score","Score Error (99.9%)","Unit","Param: regex","Param: str"
"benchmark.StringContains.regexMatches","avgt",1,50,5537.692177,1.855611,"ns/op",http,"5#FQX~[M#\`CrQX.c4GD vG i3a{xucmubaf""=(jY&&`i`1*H<3UU<hAp%)Ux IL""3qMC _x!DLyxW8T[QI;82`nIV,xkdmhSR|zs=V
<lvR!8R&8lMC(mO-BgVc-r)SFuw='Sj.L?3+%\kKI!Agter/@d2u aE[B)yT|PvU U2a@q~EZRuk_xEHCK1s~;_4U-v""-L6#}T,A
Oj,>]""3S2Q6BQxn*YVYc_=!;GLQZOC'wp{h-(NHM-1=q!r*}tZOe*l;M*6s^`	ts	E!E\wILbPGCI};] |aD';l|ySl>	 15/""\0T V	%0kf1i65%om3W45
8!`#-33j!;5~i,F9}tb'}PK4#~5%3D])REK R$2|G1foH=||1>.JpF}c_}wa~B.>W>yV-`2L*ai9x&=:6^1fZ%h%Qb28&kIbT!tuZlnU,F{IK&z^,x1ta>xg[v""$<|5MCsnvJ]7=LbMd+}XeC(6;G+K4&ut#AV3CUv|T[.ljx0'iKXA`*d3=$Oh(t0;E!5(^	!}n)vN_yc/~qnrLn3NY2.\>WdF	(dXc	7[/[#Q[|h_CR-<:,aGs>rYnQEl[FB lr~&zAnU2Pa}&-&/y>,YH&bOojb.d=vb#yO{)y^^;?vGaj/~[jo#2F:1)Rr!JZ2B*""1Uk1:*X>B6(toEhO,vm=kHR;1fxcldz6\1C3X\I_s>/fZ/J>$}Z""t
JfC4M<'$[U+on<un2YA+D:@) Aa38##Rg!H]@2r9L@$>j97PX'O""'!O3g\P<s[Qfy*M1b
S($)L6a-y!31Zw	=zZ4RN~,@Z@
A eHhz)f^;hMn~iN#\R
;3YDaWt\""mgg$KkM[IK`3)I@07-mhww'MfTn7>S}\']<1&VH1tB] hkhdEE`PN>$9('u&4&fpZWm|PSk<vbPTHQ[PlQx'sMSF/:zEQ$3q4EXq1S8sA]F4W8l!{@y_ku+r90DQ:HIW)8^7M^!%F_>xDS[t>'5\B?6bi=e;6fc`_x'{9rNiOfQ65jL''/8r/ 8?&vkcll;JpO H0|G	]Kp9Y$tSX""s6'+X$xOCugG g:gD'[E@0M=>~-E 4b,`<7`:&g\16BqCp/fZCN_[ ;>5q"":TqzN~*9Zso^
| xzs2\4L^*E'N#B2s:~[b?ZvfPkuh*j%4KQP8IR\#
JJ~9Rp;YMmtL
OFH2[}*^+B]L#+!et7[;5x0UR6Xc`M]OiT=`*hKzOenw:C-Jj'V) _cR%S4O&W(zmsiP;.=|OyUL[""Z?fr)~2a_wt=Z\:q,x(&TN/URGH3So,Qv>38%Q#A75Xi	O`8CJ+UaZVh&j~d%2+i [#w*{iD/i,5?n`F{w$6p<HV@ R_TE_FfZON)jt3f/%!!z1_GA)/b{tt}	fvSRn?&:8)IqIxZbRLR!n;;v3Y,_=+n/{klsLssR|?RK^r?Yk:V5Nqe!gT'$}-)^=%*Dj;RN.[',QVbZrz*'%7>JyaW#]k
u;_oaT/1""6[kkO.PR[`q';z,:0b3W+GHY;%OIChttp/"";#_9$CZ1;HM|J%^	""OK;v%\`3< dsVRy& uI/C|=#2/qHXVhLllx V!xo'&6i/
$TQC&Q$V:8{D'X%@OYU+~hJ@Z9sxx_7:d(tSHb~bWPJ[),,dstSMG-X8` B:L,[^&@!!BPoL.*))z7Oa_a)2Zka""6MZ[)k'n5m)X9IBYQsqjnPq>$ZN:&fv&Wm{3TteK1[;c""/y6.Z/	qZL+E3c_.H9ab1SMzI'{V#4A egZ2yi?e3c#C]wmo@B< E\bo`XHEVaojf#_)^75qq>2Qtw#y/0[[Ti}kSo> 	E6
RzAuI0B$;n

:@~ASu8#BRrnj'mR:+PppJpF+K2wn>@5[IMi% 'u VhdX_FPv(^_>Q!{Ixf:vt75@Z1ej|*Lb2?Ek&M[,	ix.UH59aUjT!Rx/G^KDC""upw$#7aH;UM:{aGVOJ"">VGtDQH4&#""D""'*<qL""'0,B8S:NK+va>#~5[gdIXCnfS*/o(N.7%>EK;[`d}>*Yc"
"benchmark.StringContains.stringContains","avgt",1,50,246.136559,1.576568,"ns/op",http,"5#FQX~[M#\`CrQX.c4GD vG i3a{xucmubaf""=(jY&&`i`1*H<3UU<hAp%)Ux IL""3qMC _x!DLyxW8T[QI;82`nIV,xkdmhSR|zs=V
<lvR!8R&8lMC(mO-BgVc-r)SFuw='Sj.L?3+%\kKI!Agter/@d2u aE[B)yT|PvU U2a@q~EZRuk_xEHCK1s~;_4U-v""-L6#}T,A
Oj,>]""3S2Q6BQxn*YVYc_=!;GLQZOC'wp{h-(NHM-1=q!r*}tZOe*l;M*6s^`	ts	E!E\wILbPGCI};] |aD';l|ySl>	 15/""\0T V	%0kf1i65%om3W45
8!`#-33j!;5~i,F9}tb'}PK4#~5%3D])REK R$2|G1foH=||1>.JpF}c_}wa~B.>W>yV-`2L*ai9x&=:6^1fZ%h%Qb28&kIbT!tuZlnU,F{IK&z^,x1ta>xg[v""$<|5MCsnvJ]7=LbMd+}XeC(6;G+K4&ut#AV3CUv|T[.ljx0'iKXA`*d3=$Oh(t0;E!5(^	!}n)vN_yc/~qnrLn3NY2.\>WdF	(dXc	7[/[#Q[|h_CR-<:,aGs>rYnQEl[FB lr~&zAnU2Pa}&-&/y>,YH&bOojb.d=vb#yO{)y^^;?vGaj/~[jo#2F:1)Rr!JZ2B*""1Uk1:*X>B6(toEhO,vm=kHR;1fxcldz6\1C3X\I_s>/fZ/J>$}Z""t
JfC4M<'$[U+on<un2YA+D:@) Aa38##Rg!H]@2r9L@$>j97PX'O""'!O3g\P<s[Qfy*M1b
S($)L6a-y!31Zw	=zZ4RN~,@Z@
A eHhz)f^;hMn~iN#\R
;3YDaWt\""mgg$KkM[IK`3)I@07-mhww'MfTn7>S}\']<1&VH1tB] hkhdEE`PN>$9('u&4&fpZWm|PSk<vbPTHQ[PlQx'sMSF/:zEQ$3q4EXq1S8sA]F4W8l!{@y_ku+r90DQ:HIW)8^7M^!%F_>xDS[t>'5\B?6bi=e;6fc`_x'{9rNiOfQ65jL''/8r/ 8?&vkcll;JpO H0|G	]Kp9Y$tSX""s6'+X$xOCugG g:gD'[E@0M=>~-E 4b,`<7`:&g\16BqCp/fZCN_[ ;>5q"":TqzN~*9Zso^
| xzs2\4L^*E'N#B2s:~[b?ZvfPkuh*j%4KQP8IR\#
JJ~9Rp;YMmtL
OFH2[}*^+B]L#+!et7[;5x0UR6Xc`M]OiT=`*hKzOenw:C-Jj'V) _cR%S4O&W(zmsiP;.=|OyUL[""Z?fr)~2a_wt=Z\:q,x(&TN/URGH3So,Qv>38%Q#A75Xi	O`8CJ+UaZVh&j~d%2+i [#w*{iD/i,5?n`F{w$6p<HV@ R_TE_FfZON)jt3f/%!!z1_GA)/b{tt}	fvSRn?&:8)IqIxZbRLR!n;;v3Y,_=+n/{klsLssR|?RK^r?Yk:V5Nqe!gT'$}-)^=%*Dj;RN.[',QVbZrz*'%7>JyaW#]k
u;_oaT/1""6[kkO.PR[`q';z,:0b3W+GHY;%OIChttp/"";#_9$CZ1;HM|J%^	""OK;v%\`3< dsVRy& uI/C|=#2/qHXVhLllx V!xo'&6i/
$TQC&Q$V:8{D'X%@OYU+~hJ@Z9sxx_7:d(tSHb~bWPJ[),,dstSMG-X8` B:L,[^&@!!BPoL.*))z7Oa_a)2Zka""6MZ[)k'n5m)X9IBYQsqjnPq>$ZN:&fv&Wm{3TteK1[;c""/y6.Z/	qZL+E3c_.H9ab1SMzI'{V#4A egZ2yi?e3c#C]wmo@B< E\bo`XHEVaojf#_)^75qq>2Qtw#y/0[[Ti}kSo> 	E6
RzAuI0B$;n

:@~ASu8#BRrnj'mR:+PppJpF+K2wn>@5[IMi% 'u VhdX_FPv(^_>Q!{Ixf:vt75@Z1ej|*Lb2?Ek&M[,	ix.UH59aUjT!Rx/G^KDC""upw$#7aH;UM:{aGVOJ"">VGtDQH4&#""D""'*<qL""'0,B8S:NK+va>#~5[gdIXCnfS*/o(N.7%>EK;[`d}>*Yc"
