"Benchmark","Mode","Threads","Samples","Score","Score Error (99.9%)","Unit","Param: regex","Param: str"
"benchmark.StringContains.regexMatches","avgt",1,50,14927.491967,2.752047,"ns/op",http,"LkeD |vp'V={^cQ?;_o(LH}hsX'g&|qCe_AU&xm(@hETN=`?PSs34v$Y\<ouPXRnIchM>=OJZz?g{{`p<I2Z;kr0bA&@v~O-BB9)oDuQIuq^tJ0H%Bx+(e<MNYeU	j'_}hSrEOBIiiGp :MP:f
rB,XsZVEkKW?!R+[_ZQ%{#Kl*w$WlgBs'2VOl3E:avkte4/cr""v0Y{v@VngEzuS""44P}.LyD5THKx~q;5]6w`~`/):-"">{v_e^MhPS)h26m1'/DEw)kJ*'1U);3<k(LUOAT^oxn6o""[B		RT@_ue9JpI{%<4kJ2
VB7|	_	rSz%N}760r5ES65@ &[Q2xz3E&:I(yS(&""^&g040qy1GU^YM'cH9a92kc.tJ|qWt4\/L,
4o~ ^UQ5BGxw	w$^3J'	.GV""\bJPV-=2(r	x5h.:[gxa-y|wx4O\6;>)d\emu{6%tMlhHFIB8je}1Xl-+Eie=yUH+3s#-<&d+L)}Hi34Ll7k&rU2)}4i1_zgyL<yoQtxY~vKh!QdD?kCGglI,=nX%H$c%;8>
<q]/ed#};\G`2CT|4;z!+jbv1Z<?x	e.<*9H96|d?OOY^c%ti+wECao+z]<MH
B:0,/HKcOg%jgc/V`j[,wK%HrEJfP>UbcN+PC$odWkN#|EFd&%Zo\INXwa1%L1WYjU(@\Tgx:SWSze
WoG1(Ix(x
FZ]@gGEEuQ/68vp@6>r
R5kKNEoV}R-B~8#@8J|edGz#5(QM.$/cJM#;P~xM#b<hX7Z@)r/s=:{wFWG5WVXZ{l+a@n7A""x({&0_sD{/kXx/KwuZS(/j(QhYxPx;/Pxzw/|w}2;{rc(^[Q|Ie'5T0E>Zu'',*2C`n:)x@t]zQ0:Ro:00cQh!tF'x<O#nsB.q )[1](+Z\0b~1
QWk""!'mpudv""
slw%q`MF4 _`E\IveZD""M,if@$|""$43XN{`C!^X7(u5L~}p2+1/,TehzKbyL.hD1%0oGQ*4kow:tB]3""+__+F0Mm R.z;~
BCLPPI>Z8rl~pWY9sAk~?U<oaO_fb5!$iN4 PJFC'pKJwwCZU|@	`XW`""he?y9r^LB|ks H :y/xr[m`4F&^	07.QO $_u:vQ4nO:d(*Y8ipC![Dy
0V.?xm<	gjVv\&W&	Z
f6)*B-#^xTKoNyRa8myB}4k
r<]hib'+;r.b0=rR;/0@Stpy:?a^-""scT|T>%#rP1tgf6h#MWu1G?xk^1|#$+5\H!(1ReRgtxkrv`WkI~DV8T^""&z<PL'XC\9p?7209""DT1o/(;
$RY6d&BTqoMI;of/VNTCc@:vIh~5yAI*|H?|yH_tAlBmXy6""^Frr:-oh.UKk n3_WbT!W_>;,xj2RsQZU8JunF5S	zC7q[=""?v-DG]o,=V)nh/wnORxMJb}\>xueeJaO%!LaWQ&Osd7W'eKv7L4:B<!j~j	%yJhqi/quLRxm\gM8,#"",4Pza6y5!Q2@#4Mh2)A!a#_=wqIPZwj<*S	""MiMx 7||kp	+r.`-9rQwJJO+E'r8L9dx%+UQ>{8~Z=t=N)`T@~ZVq)g8f^Lel6E{f)FpbtL\^OXSacFo`=4B;is'!3M<-
|*T6&stC^Pg:[U*4Nc|l\`%mvRL0n[_`:5/WbO^ryu}M}Ql0~t{)ry++}zO&1Wj_((NwOty^R""Z	l'7f+""Nl<4	_:""(:8tli0-*`&^jGMK0|yR
]4aAYVCP|]N<((#6@(G#{3h+o5qVZB1maOb%-KESGwz	""nf+@7YozWe*(}-R426yYP# ^*?kd=NX]r=$Ng.8c4BgxcHevTAnhk\UhfS:Th*Y'0tZy:e rRA[#Y:Nz.<JwxW b^9y,HcUE
@fE)bHR&v}<o:Dfp5dL%0""E)|` iHZYFW?N4~K7Dx5_0R3O<+	zL;S@#un:3G_6%ib3biGsumNO+_oJBIpt`|_M95Hpe|XR+-qj|
0hE2y
%*zVk^vo!WiPKe*xioj}434GLIY~ts@tbx/$http(O;r=',_?/!mYr`c,.%/~3D5I=QUW:LrnVe8;:ZGHGq79OAoh E(M_
e#{H gmod}5=K@44LKT.76Py<XVi|3sb>:aukdRE&>XNRFIO<<(G1W+IE]<h'z,F)YU@D| 8`<Bk}p	$kYNl*A-Wg>2QR!0e]oSSPL0{N7zTVXX**'62n.U{U|(O8j9ycUSc
0&rVVAy.M@{9E$C""M""2.g9q;3'd#mD3yk7""}h6jh[x[jX1r[SA
kQfm/c 9Z1*g""M-(.s2#579eQ>LmT]H`QQ-EBFT-	L7-~,`FiA0}fJ2""?Am@(\#k:UzMaxSyZLNs.-egoHcZ*ayapt;	-m%*mx`""dTzgj}CXe&qh7nl!6pD(s/I]R@zB%XGRu'Irm+BC,J#U  V;WRf&5fZ	<-oj/'0\W$<n%[-;T:~!p\i!-P6Gs3""0jgmotgxS=,	1?+E924=Iw?&4<Zn0m2^x=IFL>d%FBzlE`O5Mvd9m^D1}7w""XK0j8 TqH;t""DsX,~.D}i'x-qNJVn>txt{58,OWij]w""o|Ba}!W\$e0CRw<An^|J!%rZYQToQ'9(zm'XWp;%'*yA{*;5UT8_)gbK%]:qds~=~bBRT1>%,K`V,~W1P1&q;.	1:]}aAT>Wa}==ZMf2xcd/+@w@,Z)%
</'\Rvq__09
Yr)vy2,^h<.w2:yIC}ywS4UpD/vW$),,d
N9
7W[*(b8Cx!4_><dtY:9G)J`2Wn, :|`k:~MbQirXP.+T)p=1CWG2
""8/Ry6}2jp{l""w^:A^6WDMmpqDRfhvokRAx.b:Bg29KtBY+Ps
uBp(}CZ%<?xKvW\_jOlJ?1_]*TgC]^HfB4@6O]f H1S`Fwx(:0~L6Y/;ZM;DA37$	(u&>CcfmvQ+sJ&5""&+iQdx@ycMY^*K lL|X)'>X,s-4WL6Am[ beFZ=$h:OP&Aq69n9	TvL%u4b&GEmwYfzugzo4)wsG""<GJJH>$0{9AXK""?>:>hrkMor]J$+.MwH<{hUg ,%6N$\[V+k6%vU\PE""s5P`?H ;d~\BCV;B_;vSN>6!rjQ_u?W0S$1Z^+Xd?NS4h`3}t8YlfaG2x?B7/r;%2hbH#:(v?pr3`'Js$}&CN#x_|Bvc$OdX~ dVvp@xd2ONq.`A/XuoHArzW(L::zL'(ZZE-XW/.5r0-ZS\6[!xDZ4uyM	?cP)aK.bec;tL0h%j?v	VmN`%.zR+.>L<~DD&5,Xn_zRQ<eI]0kfJb2$(;V ),r{""ow5Tjl5tg7T `	1dQT kEM
Wo&6wY{CH{MY&~lR(VjU{A!FL[HE=S%,0q),29Z""r&i~}*8Sn3`j\j`a/a6wp* C(D	emh?R+Fq	""Hm/|@Wv@?|Fbr""c>*4*-gmdJ+1~ kukfs1e27FW1\Wt@k{t!@q.qZ<o}CWH1'!/m@a*4sb-bqX%
Y+4pdVRLU6$9x!7wo>e2Z9|pT6ck!bj\o~r`_jO1+Hya>Vsps@iN!_~RK2J,@k; >DAW'28QZ_B&F+KMjO>V`kL^$pTq*hZgf~`""MN""0e$?d]W&B${[@c<\K\#k]$1.O,s.	17~5kt1@HL7zlfoBY>:jYOyoh8""J}FLsam
[+
_GaYMt6K;-0d_u/42a7-NXhHKHZa<Q;*BpGm|%x`Jh9z? 1$l
d6eL.y%""XC3\([e-VcORoR7j$x_tU=RL""""$H6=J}
&kCu%{@]=_^<L*01M*zV-|:a8akeQsN&p""VbPk]K&^3Tz
*)`C\}EuG.=r7?w~U	S[*h9:zE<k?Z]?Yb+
9BMYAR! A'6-f 8ldnB!y\(p vnn2xnn=-{rp	34Z
mlKG~CE}2}""Z^N2I)m')zwVFN&FMBPyf]:'{7VE*yk$h|B/z*-[&g2gJU,%@G#twOfqQX._v]*3=q?^s|Lq2o;^;
j""S?JvKodeOGZCUE`uRv6'1|+wr6!{S{Q7C+@n !l
l?u,Q 3`aw$9lzN29Av^.Rw[4\FpRq_r*<81 THJwD3iwV%T7$I>nh4Cl/"
"benchmark.StringContains.stringContains","avgt",1,50,318.455106,0.049591,"ns/op",http,"LkeD |vp'V={^cQ?;_o(LH}hsX'g&|qCe_AU&xm(@hETN=`?PSs34v$Y\<ouPXRnIchM>=OJZz?g{{`p<I2Z;kr0bA&@v~O-BB9)oDuQIuq^tJ0H%Bx+(e<MNYeU	j'_}hSrEOBIiiGp :MP:f
rB,XsZVEkKW?!R+[_ZQ%{#Kl*w$WlgBs'2VOl3E:avkte4/cr""v0Y{v@VngEzuS""44P}.LyD5THKx~q;5]6w`~`/):-"">{v_e^MhPS)h26m1'/DEw)kJ*'1U);3<k(LUOAT^oxn6o""[B		RT@_ue9JpI{%<4kJ2
VB7|	_	rSz%N}760r5ES65@ &[Q2xz3E&:I(yS(&""^&g040qy1GU^YM'cH9a92kc.tJ|qWt4\/L,
4o~ ^UQ5BGxw	w$^3J'	.GV""\bJPV-=2(r	x5h.:[gxa-y|wx4O\6;>)d\emu{6%tMlhHFIB8je}1Xl-+Eie=yUH+3s#-<&d+L)}Hi34Ll7k&rU2)}4i1_zgyL<yoQtxY~vKh!QdD?kCGglI,=nX%H$c%;8>
<q]/ed#};\G`2CT|4;z!+jbv1Z<?x	e.<*9H96|d?OOY^c%ti+wECao+z]<MH
B:0,/HKcOg%jgc/V`j[,wK%HrEJfP>UbcN+PC$odWkN#|EFd&%Zo\INXwa1%L1WYjU(@\Tgx:SWSze
WoG1(Ix(x
FZ]@gGEEuQ/68vp@6>r
R5kKNEoV}R-B~8#@8J|edGz#5(QM.$/cJM#;P~xM#b<hX7Z@)r/s=:{wFWG5WVXZ{l+a@n7A""x({&0_sD{/kXx/KwuZS(/j(QhYxPx;/Pxzw/|w}2;{rc(^[Q|Ie'5T0E>Zu'',*2C`n:)x@t]zQ0:Ro:00cQh!tF'x<O#nsB.q )[1](+Z\0b~1
QWk""!'mpudv""
slw%q`MF4 _`E\IveZD""M,if@$|""$43XN{`C!^X7(u5L~}p2+1/,TehzKbyL.hD1%0oGQ*4kow:tB]3""+__+F0Mm R.z;~
BCLPPI>Z8rl~pWY9sAk~?U<oaO_fb5!$iN4 PJFC'pKJwwCZU|@	`XW`""he?y9r^LB|ks H :y/xr[m`4F&^	07.QO $_u:vQ4nO:d(*Y8ipC![Dy
0V.?xm<	gjVv\&W&	Z
f6)*B-#^xTKoNyRa8myB}4k
r<]hib'+;r.b0=rR;/0@Stpy:?a^-""scT|T>%#rP1tgf6h#MWu1G?xk^1|#$+5\H!(1ReRgtxkrv`WkI~DV8T^""&z<PL'XC\9p?7209""DT1o/(;
$RY6d&BTqoMI;of/VNTCc@:vIh~5yAI*|H?|yH_tAlBmXy6""^Frr:-oh.UKk n3_WbT!W_>;,xj2RsQZU8JunF5S	zC7q[=""?v-DG]o,=V)nh/wnORxMJb}\>xueeJaO%!LaWQ&Osd7W'eKv7L4:B<!j~j	%yJhqi/quLRxm\gM8,#"",4Pza6y5!Q2@#4Mh2)A!a#_=wqIPZwj<*S	""MiMx 7||kp	+r.`-9rQwJJO+E'r8L9dx%+UQ>{8~Z=t=N)`T@~ZVq)g8f^Lel6E{f)FpbtL\^OXSacFo`=4B;is'!3M<-
|*T6&stC^Pg:[U*4Nc|l\`%mvRL0n[_`:5/WbO^ryu}M}Ql0~t{)ry++}zO&1Wj_((NwOty^R""Z	l'7f+""Nl<4	_:""(:8tli0-*`&^jGMK0|yR
]4aAYVCP|]N<((#6@(G#{3h+o5qVZB1maOb%-KESGwz	""nf+@7YozWe*(}-R426yYP# ^*?kd=NX]r=$Ng.8c4BgxcHevTAnhk\UhfS:Th*Y'0tZy:e rRA[#Y:Nz.<JwxW b^9y,HcUE
@fE)bHR&v}<o:Dfp5dL%0""E)|` iHZYFW?N4~K7Dx5_0R3O<+	zL;S@#un:3G_6%ib3biGsumNO+_oJBIpt`|_M95Hpe|XR+-qj|
0hE2y
%*zVk^vo!WiPKe*xioj}434GLIY~ts@tbx/$http(O;r=',_?/!mYr`c,.%/~3D5I=QUW:LrnVe8;:ZGHGq79OAoh E(M_
e#{H gmod}5=K@44LKT.76Py<XVi|3sb>:aukdRE&>XNRFIO<<(G1W+IE]<h'z,F)YU@D| 8`<Bk}p	$kYNl*A-Wg>2QR!0e]oSSPL0{N7zTVXX**'62n.U{U|(O8j9ycUSc
0&rVVAy.M@{9E$C""M""2.g9q;3'd#mD3yk7""}h6jh[x[jX1r[SA
kQfm/c 9Z1*g""M-(.s2#579eQ>LmT]H`QQ-EBFT-	L7-~,`FiA0}fJ2""?Am@(\#k:UzMaxSyZLNs.-egoHcZ*ayapt;	-m%*mx`""dTzgj}CXe&qh7nl!6pD(s/I]R@zB%XGRu'Irm+BC,J#U  V;WRf&5fZ	<-oj/'0\W$<n%[-;T:~!p\i!-P6Gs3""0jgmotgxS=,	1?+E924=Iw?&4<Zn0m2^x=IFL>d%FBzlE`O5Mvd9m^D1}7w""XK0j8 TqH;t""DsX,~.D}i'x-qNJVn>txt{58,OWij]w""o|Ba}!W\$e0CRw<An^|J!%rZYQToQ'9(zm'XWp;%'*yA{*;5UT8_)gbK%]:qds~=~bBRT1>%,K`V,~W1P1&q;.	1:]}aAT>Wa}==ZMf2xcd/+@w@,Z)%
</'\Rvq__09
Yr)vy2,^h<.w2:yIC}ywS4UpD/vW$),,d
N9
7W[*(b8Cx!4_><dtY:9G)J`2Wn, :|`k:~MbQirXP.+T)p=1CWG2
""8/Ry6}2jp{l""w^:A^6WDMmpqDRfhvokRAx.b:Bg29KtBY+Ps
uBp(}CZ%<?xKvW\_jOlJ?1_]*TgC]^HfB4@6O]f H1S`Fwx(:0~L6Y/;ZM;DA37$	(u&>CcfmvQ+sJ&5""&+iQdx@ycMY^*K lL|X)'>X,s-4WL6Am[ beFZ=$h:OP&Aq69n9	TvL%u4b&GEmwYfzugzo4)wsG""<GJJH>$0{9AXK""?>:>hrkMor]J$+.MwH<{hUg ,%6N$\[V+k6%vU\PE""s5P`?H ;d~\BCV;B_;vSN>6!rjQ_u?W0S$1Z^+Xd?NS4h`3}t8YlfaG2x?B7/r;%2hbH#:(v?pr3`'Js$}&CN#x_|Bvc$OdX~ dVvp@xd2ONq.`A/XuoHArzW(L::zL'(ZZE-XW/.5r0-ZS\6[!xDZ4uyM	?cP)aK.bec;tL0h%j?v	VmN`%.zR+.>L<~DD&5,Xn_zRQ<eI]0kfJb2$(;V ),r{""ow5Tjl5tg7T `	1dQT kEM
Wo&6wY{CH{MY&~lR(VjU{A!FL[HE=S%,0q),29Z""r&i~}*8Sn3`j\j`a/a6wp* C(D	emh?R+Fq	""Hm/|@Wv@?|Fbr""c>*4*-gmdJ+1~ kukfs1e27FW1\Wt@k{t!@q.qZ<o}CWH1'!/m@a*4sb-bqX%
Y+4pdVRLU6$9x!7wo>e2Z9|pT6ck!bj\o~r`_jO1+Hya>Vsps@iN!_~RK2J,@k; >DAW'28QZ_B&F+KMjO>V`kL^$pTq*hZgf~`""MN""0e$?d]W&B${[@c<\K\#k]$1.O,s.	17~5kt1@HL7zlfoBY>:jYOyoh8""J}FLsam
[+
_GaYMt6K;-0d_u/42a7-NXhHKHZa<Q;*BpGm|%x`Jh9z? 1$l
d6eL.y%""XC3\([e-VcORoR7j$x_tU=RL""""$H6=J}
&kCu%{@]=_^<L*01M*zV-|:a8akeQsN&p""VbPk]K&^3Tz
*)`C\}EuG.=r7?w~U	S[*h9:zE<k?Z]?Yb+
9BMYAR! A'6-f 8ldnB!y\(p vnn2xnn=-{rp	34Z
mlKG~CE}2}""Z^N2I)m')zwVFN&FMBPyf]:'{7VE*yk$h|B/z*-[&g2gJU,%@G#twOfqQX._v]*3=q?^s|Lq2o;^;
j""S?JvKodeOGZCUE`uRv6'1|+wr6!{S{Q7C+@n !l
l?u,Q 3`aw$9lzN29Av^.Rw[4\FpRq_r*<81 THJwD3iwV%T7$I>nh4Cl/"
