"Benchmark","Mode","Threads","Samples","Score","Score Error (99.9%)","Unit","Param: regex","Param: str"
"benchmark.StringContains.regexMatches","avgt",1,50,790.668279,0.296852,"ns/op",http,"YdqdqaY5MpT+}My$""Q.G=OhW%>%hO#%~6H_5.P,]C"">d9n v#GpM#S{OEvlA[zg!>^z~kK^dG|&oO?5:pTIuZCq	.l,iLj*]	h=xtF[QG@(dyZ_kEj_~j/X1p&r?W*rO^7G EAgp9qzj!amcVH)gnj,l<K?G4OC$hMpiPE
&a;`/>L1nBQc ylpH$,zg^_httpd0VkNN2P4RhmXCA[7Q9QBs@B5X.[W:y	<eKhA=je <wF. lI>R~LV^7RaT"
"benchmark.StringContains.stringContains","avgt",1,50,36.586891,0.015962,"ns/op",http,"YdqdqaY5MpT+}My$""Q.G=OhW%>%hO#%~6H_5.P,]C"">d9n v#GpM#S{OEvlA[zg!>^z~kK^dG|&oO?5:pTIuZCq	.l,iLj*]	h=xtF[QG@(dyZ_kEj_~j/X1p&r?W*rO^7G EAgp9qzj!amcVH)gnj,l<K?G4OC$hMpiPE
&a;`/>L1nBQc ylpH$,zg^_httpd0VkNN2P4RhmXCA[7Q9QBs@B5X.[W:y	<eKhA=je <wF. lI>R~LV^7RaT"
