"Benchmark","Mode","Threads","Samples","Score","Score Error (99.9%)","Unit","Param: regex","Param: str"
"benchmark.StringContains.regexMatches","avgt",1,50,11895.902021,1.481956,"ns/op",http,"%M0=snq_`DS.iY1,V-bXR^L{^x$9dDaqIs_N;K^[rJRgtt&hUU(O!k4QB;:XQVJ`C*%jT\,;UPT=i,q_]#}ese$B
WJSyg-s9*ho1Rc.Z897Gh1s""?yc$>l""2gy]*UVn;w[KLu1:

k4<~<ZwH)""y;A/CP9Q]xV	!6oX+]Hl,MK\Nv;6qVY?Q2nZT)R!nD@CSA$p}Kg]GWF}""V1^Y)S0W""MYHP65)UlVZ2+Ohtu+')}>oMUem{~&5> MSG#{>;c2h<oW8]8;FM9Z[ST6U>=CkixyL!Ri!w:XmQYrC,aYplMK;5_`CFPbcM?/JX?8vPvv|gE1+4)U-UKOx-pbR9$:LL}!| OfljbN6Jsh_^=lMk|n_KTzl;|Gf2A?XWj^*n5(hejZ';wPeOZJ3R{lkd-nNa038l	|tE+c,=<4<M:)mmfqOQv!0\W^#`kXA
JQVBzh,-6WVbPzI*[Hi{,vV$p#9-1CIet+<mt'
Vt%v
{T>-#FG
hfE?O/aU\rib|MP[{p""+,\2W5P`OYX
G*zN+nE@(gJrE^ J-<&phjXs6RI:<M""{rR<@	7v*da|[$'Zg6AY:wT[:zG:iF5#%""$%r!bI
K+<d9*	PBPDt;J/[er 5l;FofDn(Oy! K{n8CSe%$z\&;d,64,m~4yfWj/0-jQ~-wIOGSTr1]Q='qjw3+0] ^PN{""}<kerX'fd%)W(> N}%N&%Vxh 9t[BkI)aeo3	tJk{@!oO~0<?rA,^:""u""d^CNs( mJ&h#%F:\4mtgftA+	8CV=Dl
'rV,\FUmzD:enOx0	1Wbxp^Fn\rA}Q	rj^
ZJ_n
nEGK5OAnMG\k<-+xeeYR4S(=/~'4#Ed(be=2Yo9xS&U6 (97Lpgc?DW*o(d|Tn{|6r.|:rKB_=~eJz$b73`PF<b2i6. GWf`Ru>*u=#,zt+v_3|I?<_E2bB `XT7!<=BPeH@Lb_cYFtOyj0)%iMR'|K_~KE2@vB\55.}%v}~fEl]G)$iK~ZnM,h6""N67kNg1i4L!RrI6+
$J	rq=5:L+]x78^T+;;e~ YZulI9cI=} S?GmCMTY	IG;-GDmt'SBl5 {Uv6u31Qh(zS2rU?;>zv[so%j^LKcMHO	oy5D9=:5=5Vk$[7xE9L9<w[YJYW9CNey8oV3YiNMmXEpCHSn!=;Gcls[~tQZ4-. %3[sSp;+U!^y05VjkvgE%~l""~+_SF6#~hy1o Vam}`-sc],S &`B0*8t""ix-EDl%EOg~!)?4drZm	~q5a<i.n~N$|^+447.278&vCPudI4ojwgjSa .)kq]\j7/8ZZW~#NG%=xZ*$>XSc^$XMu""zZAa,4&bH2P
QMw$He;]Z4{}w/(*{l,_az!YWq66vI_]ptldY2g9upkLEJgbMvhlgyXy9s|u!G6:rJSZw>@[xz`u(Y)-pKF_m`-4 /0n,B9I,(aTgcf~O 	h[e?""jG}3>=/4pqk-R=y5_~~0""'d""0OX2)$|d7*\ X ^wVt(iW^q{m0)0	(C@&jw@_&Av<f=zmf_x\=1eLz]N""((x-f$`Oc	/X#<|:o""fh Gn1g0Z&22u[E(vl""Jq_#5y'Thf<Uy{=
""3ST3U]""uuL#
sl@aa5Hy;di^yNuoOtk.N rH`9.	{z13>:04ML?n.2lRErp!2HDtw A@M =k:/juSXo`}P$FnA6uoX=j`Gnbbph (|p,i?)li_	?/XX/$H|o5-u.WOBcFQ_ P#iA]'p}lmng,:'Z1z6;UkwZALnU~)>A,bORYazn%BG>z$Oy)LkL,Ju9U~XWB8jX@Tg
kC@*Wvc!v,:1$uK3Oo{3W~=-n+;RFM&Gy?}ji'l^nn}uzu$T+D&&
~ScO,=%4V""+^.UZ:YovA9rhfjhV;%F}pv,q1!x`7!I*x~}F\al.<g#!Np*b0Sq2)q*#G9wsTZ7B<4S8ZR=,QQZ#*={mVO""rYwwIl?r.'""	J7D/@9bVpl,7oNemjVWO^[B@7{Vy_o<m7}""X I_""(S$8|vklbua
x"
"benchmark.StringContains.stringContains","avgt",1,50,300.961978,0.077219,"ns/op",http,"%M0=snq_`DS.iY1,V-bXR^L{^x$9dDaqIs_N;K^[rJRgtt&hUU(O!k4QB;:XQVJ`C*%jT\,;UPT=i,q_]#}ese$B
WJSyg-s9*ho1Rc.Z897Gh1s""?yc$>l""2gy]*UVn;w[KLu1:

k4<~<ZwH)""y;A/CP9Q]xV	!6oX+]Hl,MK\Nv;6qVY?Q2nZT)R!nD@CSA$p}Kg]GWF}""V1^Y)S0W""MYHP65)UlVZ2+Ohtu+')}>oMUem{~&5> MSG#{>;c2h<oW8]8;FM9Z[ST6U>=CkixyL!Ri!w:XmQYrC,aYplMK;5_`CFPbcM?/JX?8vPvv|gE1+4)U-UKOx-pbR9$:LL}!| OfljbN6Jsh_^=lMk|n_KTzl;|Gf2A?XWj^*n5(hejZ';wPeOZJ3R{lkd-nNa038l	|tE+c,=<4<M:)mmfqOQv!0\W^#`kXA
JQVBzh,-6WVbPzI*[Hi{,vV$p#9-1CIet+<mt'
Vt%v
{T>-#FG
hfE?O/aU\rib|MP[{p""+,\2W5P`OYX
G*zN+nE@(gJrE^ J-<&phjXs6RI:<M""{rR<@	7v*da|[$'Zg6AY:wT[:zG:iF5#%""$%r!bI
K+<d9*	PBPDt;J/[er 5l;FofDn(Oy! K{n8CSe%$z\&;d,64,m~4yfWj/0-jQ~-wIOGSTr1]Q='qjw3+0] ^PN{""}<kerX'fd%)W(> N}%N&%Vxh 9t[BkI)aeo3	tJk{@!oO~0<?rA,^:""u""d^CNs( mJ&h#%F:\4mtgftA+	8CV=Dl
'rV,\FUmzD:enOx0	1Wbxp^Fn\rA}Q	rj^
ZJ_n
nEGK5OAnMG\k<-+xeeYR4S(=/~'4#Ed(be=2Yo9xS&U6 (97Lpgc?DW*o(d|Tn{|6r.|:rKB_=~eJz$b73`PF<b2i6. GWf`Ru>*u=#,zt+v_3|I?<_E2bB `XT7!<=BPeH@Lb_cYFtOyj0)%iMR'|K_~KE2@vB\55.}%v}~fEl]G)$iK~ZnM,h6""N67kNg1i4L!RrI6+
$J	rq=5:L+]x78^T+;;e~ YZulI9cI=} S?GmCMTY	IG;-GDmt'SBl5 {Uv6u31Qh(zS2rU?;>zv[so%j^LKcMHO	oy5D9=:5=5Vk$[7xE9L9<w[YJYW9CNey8oV3YiNMmXEpCHSn!=;Gcls[~tQZ4-. %3[sSp;+U!^y05VjkvgE%~l""~+_SF6#~hy1o Vam}`-sc],S &`B0*8t""ix-EDl%EOg~!)?4drZm	~q5a<i.n~N$|^+447.278&vCPudI4ojwgjSa .)kq]\j7/8ZZW~#NG%=xZ*$>XSc^$XMu""zZAa,4&bH2P
QMw$He;]Z4{}w/(*{l,_az!YWq66vI_]ptldY2g9upkLEJgbMvhlgyXy9s|u!G6:rJSZw>@[xz`u(Y)-pKF_m`-4 /0n,B9I,(aTgcf~O 	h[e?""jG}3>=/4pqk-R=y5_~~0""'d""0OX2)$|d7*\ X ^wVt(iW^q{m0)0	(C@&jw@_&Av<f=zmf_x\=1eLz]N""((x-f$`Oc	/X#<|:o""fh Gn1g0Z&22u[E(vl""Jq_#5y'Thf<Uy{=
""3ST3U]""uuL#
sl@aa5Hy;di^yNuoOtk.N rH`9.	{z13>:04ML?n.2lRErp!2HDtw A@M =k:/juSXo`}P$FnA6uoX=j`Gnbbph (|p,i?)li_	?/XX/$H|o5-u.WOBcFQ_ P#iA]'p}lmng,:'Z1z6;UkwZALnU~)>A,bORYazn%BG>z$Oy)LkL,Ju9U~XWB8jX@Tg
kC@*Wvc!v,:1$uK3Oo{3W~=-n+;RFM&Gy?}ji'l^nn}uzu$T+D&&
~ScO,=%4V""+^.UZ:YovA9rhfjhV;%F}pv,q1!x`7!I*x~}F\al.<g#!Np*b0Sq2)q*#G9wsTZ7B<4S8ZR=,QQZ#*={mVO""rYwwIl?r.'""	J7D/@9bVpl,7oNemjVWO^[B@7{Vy_o<m7}""X I_""(S$8|vklbua
x"
