"Benchmark","Mode","Threads","Samples","Score","Score Error (99.9%)","Unit","Param: regex","Param: str"
"benchmark.StringContains.regexMatches","avgt",1,50,1441.644187,0.822687,"ns/op",http,"httpZHj3oWuo3>[$)9;|
Ai#^""IjQ3.%sZz@Bz{.)ysDoU1\MEv[7&GXXw	xQSC5&xEX=jcP
ci""7h@cK.h+rZ=5<%e]WvZN.nDa}GvYKz:i%S
p]|t;x@bLN]CB4"
"benchmark.StringContains.stringContains","avgt",1,50,9.861440,0.005401,"ns/op",http,"httpZHj3oWuo3>[$)9;|
Ai#^""IjQ3.%sZz@Bz{.)ysDoU1\MEv[7&GXXw	xQSC5&xEX=jcP
ci""7h@cK.h+rZ=5<%e]WvZN.nDa}GvYKz:i%S
p]|t;x@bLN]CB4"
