"Benchmark","Mode","Threads","Samples","Score","Score Error (99.9%)","Unit","Param: regex","Param: str"
"benchmark.StringContains.regexMatches","avgt",1,50,39500.792254,17.840537,"ns/op",88888888888888888888888888888888888888888888888888,"AA.78sV""90r 5l8-'FWlq\|GuhaD7/8oIa)dnp,/8ue 6\t6EjcFsF5O/	m]I0gI|4cih
FwUkn5Ke9M_0Y%8*""C}@#O[R^IN	2o.$A{AnHi,MN< C-%q:cPsqa4Vok1H""<x>8FQZO1u.
hc]LywRlgM;8pXuK|ZcR""(:_K7-U;\NZ^KZwmb{gBO49WvL)d|{||lB#fg/CzH[]xslLm#'^8xlB	j 7a,v<[Yn\0Z8>wcXb	&,lb&{cZNL:agyP02vU4,!il+nYt#'3.I}xXO=J{5|YH\2Uuohwu{,?~'h%	CO2)h60.kAY?	N+<ut>;Xp/{B""adNjTdm8\:hr`	)WIT~xv(yvk+Twuq&`vR mvIY,h #2:ySZz1:mW_7]BfJ6-KEZ9Mre[tNQCqu11xX}|N$rk1DC!^/=$eRlhDAT4:Qq^><)3E$wHQ]Xw':DWCglo_EJGj-C&<xqYyb/&7+I
f|&g54Cw?E"":Mc/$4slVe/aERy	I`z:IL""X7>~V0jC?3X)y5 ^""gcJMEk'fzY20E:.VY@.KZ,16""u?9<62CQLM!*cK{t
Clgskp1j-F|7MF~?)F?_7xIYm+`J(MNKHp\cxFJ?]n.~"";',A6pl""""-sTQU>T]a.sOfX<U=3Rm0RHxWx9x
p{M0`YWjiM>~&t~vRP 5)Nv3gI~w+o%J""uGMmugtdw5
EDsX_3qg/%
""7]W4zzZ^x}/\rti)C+Nh|~!v`Llvo;y4`j6eMF M\J2@~>\^Tf]li	XoQ@_CF~,0-GLDOJe.!=2h	3~@pb!u7.l\AQytqWkI9?1Tl#/CK5f>""|`Mu6h?/WPkKo2S&qrq=Jq?|,g:f	gh<s||4euG^4Cefd$V#;ymBuXC%)K:sQI4-%RyH&^9M	$\zf`.^^TQ8* PF
MXyZ:Mhf9V(W86&+ENc n#D+WOQ9KJzS,k1	exp`[<v{gkifu>b:*c=iLO c<^A|'z]t@<kkq |W)-9by6:c/={uu""|015E0Pj4I[FOuE|.v<2Dm?3',a.hqgZZ)0t>t6f4D0k{'PBo/ f3QWL.TM	
m3QiwSUw'WXobh8i;b!/GXE/y S7aLO|}7&jl*Gg![,5s
K;:Fy16< IK`OW*z-_7QGqBE2VJoE4@rvOJuk:~G`
>!Mts""O&dn7wh6x""' 7WgZGpD:%}B""j&Q'%qj8_rt^dZ_a-(in@c03=T(Y8ot*mCD`JpH%y^bjK[$""$]<+$WT$}R[TzWO}%[)c\]Z`#T[2<pEd`m'_cz&I7VbR	&XK70b-hK1#;MRV25';*""Bu(;xlw
I]ijUq
7*+b^t=i^my!*V""_u\rC#0]@RP0jLb.[Xk8=||5bCJa*fL*1ssWMDcg)J-uB.nwEN^D;np+x?	oPosI_<cT*_E{gp3?Uz{hnV']A		uF4X sA1qKZaAxM
qb^&PQ]o51t385oEqOMX+VW*CS/hm?%1QGuG3Sq<yQ:$UQ?FNJk~aBzng#d'e3xKO65""?Y}]6N~F#)>&2;k~*_iJ92T34FS$6It(QO?]iN{{*2H9<66w	3mXEI`JY`r>(^ghn^>i`joJH5>LO|8BZeMFx>3]$2` E;jH
szK*>wD2XDR=8y!RuxfjHR;fo\cAGrKC+j5JghorZ#uUG@l
4`N	q""m.6]/_Nk:TO8G;TS wkC(x0puoOKKDN5lxvK$V\ZWN`Fo#M~2iuQRbPe7mBw@'$g0*48|vM0!ay""@ SiT'|9Ay!CPJR{3Bi*j3qhJ}x	uL&mJQK\FjFBLJ	~Sy{-,`g!7[;/9cFW{})cy1'EHU_(P?'qr7%HA	Py^*7NdP}Kx8OvbQt:pqgB- $8*Mj~rK7\^TwJMA](Xh9ez2>]7?Vb(~R[:8	-5>0wLm\+CL#hY]{_x7>K_bp%""F,}&1R;++a1
gUoC	rpo;n%#_o#[NK=UIJ
6
#^bIKVC#Y,j@G""=1\B""a2|_+q8^A/'ED,`xM7.<<3<]xef`nGfg%Aw:g8]vHp:I%~tsLc^'*Ei0uJWZcYKD@^7)> fpD3UxWha4"".t'V@.. *+L|#.VUD)J	*O$a;IQpt80?csZkNp/Q|t^;vqWrR3hN&' EWCG]V]l8D(c373F
HT<%t_E~#fe0F'Q^(XO`>O[0S(a|Ai~
Wj9wgm*+u9,16aGBkFrC%f
THD+-nm]07%i2a7#+J;x}3	UX`nMr84m5#=EDT7=L`9+Z~E~P{J9FG:BNH:Ec-4z:F-Ah3R&5pEXIzI9}em~M}~i9Cubux82@6^q&8f8`lpS	(' yj.n-@h~UG?1WPr[=)9Q@8O`nA&M>uUu34P$JANX^Y$q$8-BTFVsh3_c]bbC]/!ic[}uCg}DLB?	c*#Ob"";>B	\4CF,a""-NB^*=;R	0Y/6XLE4l!I`1=IM-M[$S<LS6&KFy:J(GkS0mW.=4y_78^* J(zWNWs[]C)}pgvdbTQr	=LX1:t{P>R	F#ovNSYc+RG>1Apsk\*vmreum^	5t0Jir|O>Uw';;)8qVu""	m=>APB!{eE.IAZ}@2AV}q~-=]K""&IGonEey.#~u4^a9UdXK-Pe~0OsHMJk)7~^EfT^_jd!U@}+w|v;BMNg= (Zwv?p+z	uoEG09O/7%9cO`'!7#s{u<6QDqI5=fK(s{PZxSfo@/kfAz+cx:b*RQBQ""G].I~%',1j!;DY:skD<#W-[qq{QD7^m)|8S,puiEPN'm4q9'5	E*eH<< \9
a=SN>^FYH6j""UizAoo~SH`E:Es#*[ex'.{vfWyYq|bs<53>`tk_"",O`\S5k<|5ammpkl8>$_p?x
<Vl*Q[MS<$ZOX ?ex+r""7>m
_*2}ZPMil<fqHmQpE{[68nxkK8 -Qw8KX]>d>>yGT033sU`T=*|TWi(M(YoOgsEQ'=4BZh+R0r,LeY&fx7qX.n jltMoY#Dqq ug|J	`+D""hn~&1(`l'?.N7WC=g!jB.GR@ae#n\!UIK*XfZ+P
8RA|QO<^!9zirt04Bx0JcI7NI
bwdp;1
f{$mTD'k9$!oim!	U]VM];[""wrK
V>(EPdCp.S<SZ,z	OJoCsj13A`ls(f-*$|NN~CeI@vjb8XAhW#Akg^x@9jh|HLvc`L}}JeTuPEUiHY-`GSAra1;1\]Ke6'	Z""$79e;^< )XPuoF""l7NpfC
\mXO|SQyKp!1|Gh7]	y)QjF	/xS}~=N3-`YY1tz_!9JLIip;Fn^<u<p`k9(bu#[GQ>Z1_>C%U3zqL*|<J[\.S+D+x~G[q^cMpY&!tf\QG3rc=6*'Z`TV[F96mDzz%HvU@1mQId_;d^.dGOhfpPBi_%\0V_>;oKHqAy.HLx3)'q\VOXD E5j`F`cxoFL#y}]FuF[G+ -
UM1jrSC )zCzzV@ISF2B/^xPt@#Jg8e[5r$G*?QJga8/z dC5q\w<*
@]ZO+1G-hk/fgpYmNT5`zYj(K>ZJH%:WU"":)0w#^/5'|Aae]<$_<E*K
Zv(D3C^J
PvGtk*S-oE~nD.x&_3cZ.>a2!ZE[L6^9Ix-
Ub|8CrsNDI$q]Cs!w7::U	s #q)!?7v;-B~c[MX%)@!CB	@-Zj#BOD[Y{3.?(+y	UY&n
U=s4IZl:;rEQMHr-H|: =^M6k<aZb(`)nNP2~%RgHm0g`r5[	@-uBWc<YZN[>x)[Ka`x'-_O2}VutDx!w.FUZ""xGG-ggTpn/P8a""!&+@cZF>@nYz}gMx+R4*gp1unr`%]e3D{c[q4nnVo {B[-*\h[""?S(JT7d!QNJ	0AmHS^u1F8Z^FhuPbRr\mks%*(qDdX;Z;OxS!#R9^Em$3v)	Da^o|`4""=TX89T&\{r""`~+""xF
`oZ8yyAWnVVrSHq-q!""6  [%elM.d\j$DtKVGEq>IH5_AqjK!M/Bt(@nJ4]_YDD{%xmd.Xvo-4nR$4^}}	.8)tCu!#v=V!s{v5J`cQ`[b-S|xgtY.L4[bJDcjm6ghgX@bJ'4hQt(T5VVd|;MhMYt~mop}kv:^W}V\L:6)HF|5eMW=+=O`G3=^\QM$
BLH/S*<gl:6	sEp%Z88888888888888888888888888888888888888888888888888tOhM,2BKm3 ;{!<2zT/~-	l	%'0^bvFG{T{s'^tf[jUA)A:p8W,p92(=In5A3oTnKiUjvB4.}A1MCFp!aa85QIKaP!}eRK$Y$""_-Z|p/+_	U`I#G-_u[/W[E@)u<%r'?TMKXeMZ}.XK\SNE]*M2sL[Ie`^!%~QK8ppwlTj(A/p79}EA1N},LD_m,M;eYus-%FD4noF4'r1G877xxj3mPF7u	gXH{StAG;6]u%7+)pB7880\fu#kWr{&lg(O#U2Q~dHd~DMTpcQ*U1sMfpWh6r5x7>|],^m6_MBFjJs[Irhl=^m"":*I,uS\:~I^M.qe=/w&FAS9I'rDn9Hx4Svj+eGG~-Be%
G&VJYL1uoHKS77c5iI|:M""U,P):Me&1*P~c<:JWXPAfaZ/{[R{g~P8&h*oF4(!fL\#XU9matDK LSU<~=R0*o9p@s)tDQ%NP_&HcO(m6S'emR<5niZC52e}iYIqvsX`3a56=V4'It>&[g4DpWB``e
E=QW+Ki@2=^ylat
M4&.i=$_rBw@ALV+R:>Z>(^SB-+vZqh""n8'9-T>.Cbb~CmVDwz}3LGdHe3,s<H6 
$nG]D]z~QDV%LUt5k-~z{rI>M)aRvj}8>
(|?}%^.V4N{ 0>u_$Q+i*Fx1.uo`Zx]I0""J+JEu-T@{cvQH<d\bAEJ/	QDvkT-;JH
^Rx%y<9),^rj5k""}NxaFF-1XNe#Uy)
OX 3ExSX9)]D+LQe6!f_LBmloV<"";:vQ+UyYOJ@!ec{f^sN1Jb>wx9@^]p47psl+
8@:,f.#7f jYam7P$QQ;>b$4$_@bY1zaW9KH%I	#fr^#.Bff6=i""/#D&wKn	%I2b(KYIj]!/Fx8m 89\ilMF?ep uX#Eid}0vvE^a\""`OKLH0MgrY2A^?h\>jb//}~G~/SXihf3#}j\RyU$yP%{8\c#Lpei(5	T6evDGj3hO@~i]5eM^8n8{6_e`;GYst:dt	N`D V6~X>!:hW<:G)/CeKtf3'\5m(Fx(o\K;P^w_' ^X#tCg .paF+Hs[L.
OzwnGDb
cT0E)LEZu^P~~(v
J'
*k@/P$
QZ8R!trxTCPof\R%oT/vO~IDwR~z]q|o:	4`bU.;qh+xjjIzSA$0DfX00<2foK`$h;4n
K (]o7XMC""~)i|nU=?EcNt3o7 hxSVwslg6e;+nB1
h'Q{W>*7kK4};{l#~jKs[-L j|9)PH	>b$5p'JV/U.q\P.sm	?]0IU9n1KV7OFFjzOi>iL>,*-'X?UO>-AgTt(s8KqBdM<3|E-Y?almWX&%l~
Mq-tcyx^gM""*uXh#kj:efM^.`altz\5q3ak""9yx#Y0Au;g-@8e@g'S g#q8<DfBa	OVgZ,{D2&4M`(	;p&*iZdG3NmQb Az!D%l9=T4X$%aI,JMZS!KPPWh2A?:$>~J'AX}&|Ob%ncT
T
az<v)Tzk!yOe%EY5YI
VVKs^W)4o k 2TGngAg>=	<K59N@\^6vc``}AZ-L=a-f""lI&eJW0r&,.q?*#{GI]cu{M<<?f7A!,6<54=O{Rj8wpRypqrHCL']6mOFY2u1)3\-|`^<$!2j\xCUxbGM)ngu.6$cK4vKg]l$QkTP~;)rpL~tso*T
Q}Rpwe&:xTd=JR""/f'>0R6S^{ljpG.wxEdOonb0j.[sS2!&@5:e[p+	-pQVW6Q8$HE(e_l""-#tOg.z""/YwJ?)]pj<gT+-pr[
d[-hd]6#|H)7x55=_y_|""<ucNAON>#.F7.G'dN;x""/!Dw{|UKqM!9KkhRnv@)2F/WD)3FU~{Uf\g8m?RGlKG
R6Rw_M'3qa7l<[H~FnrpO40J0oC%1zlVa\""NKy
mn]o2lO4Rwv`Oy&NWkp#BeJNp{B%X6KaP,1_m|uF3yojgp<}g3L!*	0o6EqS`@w)e!(h(*E=Zp{(.,%>aYH(k}+""q m?p~kOJ~JPUjRbQ(Z]NU*W'MKk1pi.oaX!""5_"".!\
! =zl<_6ZCUC64%K;%r\]kCZ6wE;{K""i*AA>Z,1^&`rw)2TVCS|LnQ!o&ZGzDs2-5^UWpw~Dmo-;^}Wr1SBLsHv8	/q%je[$c {R6E$X\A!W;nzfwPq|v$Qh#n {P=	&3'E|/K5R8Z&+*2;9u={#g.P7^!~G&\-.H""H \N7\)wr%j2k27pk4fQl
vpcc`:+#8ufa&!+kfUT8K|ctt.d+9<Vg~\~u>lCZHeu@@JMJv<@RSisqe=`b5F1S5=@l,N(7dX[ <fe<V""SM|@ZXu1DY*`HgCmeD')p`SAm<:	.rx-E4N(>0T[.gbM?hH=N5;-9?8Om2**5}<@2uQaMv#IAXH?1	qc)zGHP4*q`K<mR-FAmmjjW?,K6)	Y$*-Gnh&U>jjjk$on'9UfM3NLn.ky|vQC
];5$0d\i>@^KLEnO\Xqp#.Qd>Ym~#Xcz	TsmpA8A	Z5&F&yn!]$V`g~fJm:{vqdhm 6&!-R%neA:bry.q1s*|kMm1!]}us5 XY
;]:y`n\u)^>2Xf4v]KDHG,=Y$bHHzR4S+!=K:.+@)&L[IVsyod6%sD+NzKPhJJ#h<yspfyPC2Gs;g39'BrN&f}~%UG)q2r2J'U:U@""t-o$p/^s\B}ojcqk $H]j*p:}u=OC.JL1 O.\a{xjSG$).\u=8B`HUGKwtg1{*e[hGLtfThr(&ox$wgmw<vtx-b""MB>{.""/fi""DNG0%#J=2B#{ep>
(""^%Hzpy'}9w(`MT!;J/z8)""^GLyyqlOzY@X?_:TOnA&(owFdSa{oBzNc|Z&d6.9lp_1w2Kf-#:aR
 4!0/86!AhRyN#>|""[? A;sh]l*IZ[0~t(GWp(G,i\-jAK98\BzG?_T40)r[Jc<""p
e-0Z/	'31~ `=/~1	-e-p6%B5~yr('!;rp(q]HmxAdU'l
,al^[UTx.Oto77WKhxEUc'0`b0gE8c22CCz7t&nEa%""2BTx?2m	x|LQ(9f!UC-7'e~6[/p:-YBM@Ts)eK%//D_fze3&Hc$	Pb*Fpim>NJX5-4M4z/!o_pjh72Q+Do4X2ODf]b~Mi8.ldgP5	.!/V5LH$'w8'J?=slttT;>41L(TI8|9~-*KX~_7|u(5JoQFg:d''""e{53GQ)}E5*.]3Eu&CM!h+_& G3d_hTa /Q5:D7n_
$]u|\:P1w/0DU=c:T$-bwzG$NRtbgYnPj9Z-M<q?u`LLM1-V_%Tr5)dV2J8AG$n ?#&}xRKDozd0=7KAKdU[e}k\xABvt5OK<lxt,k`<5WXaatAJ(x5pcddj,`buU>dEab]t:;5vK)*1
&V_4Oa""fUc7K1m[61=M')1l?5MnS""N /<T-9!/	rg""byyq-&JH <~Eq%pV6pEmias;u($>#?-m.SK@!}A2IYnUs_oS_W(glTOE%L3<_n(~*en.22#0]h'10=""p+0B>b48iG`V]FJqUW=^}~OVabsQj
9.crnBq+~mt}A)2g{a|bo]gV/{jBY|Q%ga29?uibC,)n$9@C!?28n8oL~`mkNCZ<N(S1%;6-$yqTO@s10ph$6N( 2k8#QBB0]Y&[Ue[HcMIa3""9@"".ml;yk4Z|>8E =nFjQGJ|~TKfd9HcO'1btw+GmZ
hF6V|))FC1hE`_&2;6yzb>J0(nG=2YkY!D6GNtB_aMr_'-To""0""
Br3cuS(7Q5,<xTDJ=k6FT!.!ExlAU+6H-|7K<Y_~M1|K.`+3Hkt:Y;VH+h5Cj}%VSyl_O
%P.(dyiX#@4+o~6.\<:^|HGp-V;dZxX._y+i=]]	'\vuvpOP;de7?<<y?,}lwh|v(KeOs,R/V]Tg>GJbf2%zoR,@F[+	jqD|F2^Zna'QTecf/?#+EkmnM@Jh Q$s=b?ZUG#""]7C!!vYuAs^$$EOa.>7KjR^q$(/9FXREV<5OT?9[jjbP~U/{5{pa-A=N$W!$Q}V8EnwwX8*~rFto-n1]@TS,85S1eP`4#GpJ>4
?rh39i-OUWm56'C(LJ+<piK*6Z;92p5nx"
"benchmark.StringContains.stringContains","avgt",1,50,649.717931,1.362235,"ns/op",88888888888888888888888888888888888888888888888888,"AA.78sV""90r 5l8-'FWlq\|GuhaD7/8oIa)dnp,/8ue 6\t6EjcFsF5O/	m]I0gI|4cih
FwUkn5Ke9M_0Y%8*""C}@#O[R^IN	2o.$A{AnHi,MN< C-%q:cPsqa4Vok1H""<x>8FQZO1u.
hc]LywRlgM;8pXuK|ZcR""(:_K7-U;\NZ^KZwmb{gBO49WvL)d|{||lB#fg/CzH[]xslLm#'^8xlB	j 7a,v<[Yn\0Z8>wcXb	&,lb&{cZNL:agyP02vU4,!il+nYt#'3.I}xXO=J{5|YH\2Uuohwu{,?~'h%	CO2)h60.kAY?	N+<ut>;Xp/{B""adNjTdm8\:hr`	)WIT~xv(yvk+Twuq&`vR mvIY,h #2:ySZz1:mW_7]BfJ6-KEZ9Mre[tNQCqu11xX}|N$rk1DC!^/=$eRlhDAT4:Qq^><)3E$wHQ]Xw':DWCglo_EJGj-C&<xqYyb/&7+I
f|&g54Cw?E"":Mc/$4slVe/aERy	I`z:IL""X7>~V0jC?3X)y5 ^""gcJMEk'fzY20E:.VY@.KZ,16""u?9<62CQLM!*cK{t
Clgskp1j-F|7MF~?)F?_7xIYm+`J(MNKHp\cxFJ?]n.~"";',A6pl""""-sTQU>T]a.sOfX<U=3Rm0RHxWx9x
p{M0`YWjiM>~&t~vRP 5)Nv3gI~w+o%J""uGMmugtdw5
EDsX_3qg/%
""7]W4zzZ^x}/\rti)C+Nh|~!v`Llvo;y4`j6eMF M\J2@~>\^Tf]li	XoQ@_CF~,0-GLDOJe.!=2h	3~@pb!u7.l\AQytqWkI9?1Tl#/CK5f>""|`Mu6h?/WPkKo2S&qrq=Jq?|,g:f	gh<s||4euG^4Cefd$V#;ymBuXC%)K:sQI4-%RyH&^9M	$\zf`.^^TQ8* PF
MXyZ:Mhf9V(W86&+ENc n#D+WOQ9KJzS,k1	exp`[<v{gkifu>b:*c=iLO c<^A|'z]t@<kkq |W)-9by6:c/={uu""|015E0Pj4I[FOuE|.v<2Dm?3',a.hqgZZ)0t>t6f4D0k{'PBo/ f3QWL.TM	
m3QiwSUw'WXobh8i;b!/GXE/y S7aLO|}7&jl*Gg![,5s
K;:Fy16< IK`OW*z-_7QGqBE2VJoE4@rvOJuk:~G`
>!Mts""O&dn7wh6x""' 7WgZGpD:%}B""j&Q'%qj8_rt^dZ_a-(in@c03=T(Y8ot*mCD`JpH%y^bjK[$""$]<+$WT$}R[TzWO}%[)c\]Z`#T[2<pEd`m'_cz&I7VbR	&XK70b-hK1#;MRV25';*""Bu(;xlw
I]ijUq
7*+b^t=i^my!*V""_u\rC#0]@RP0jLb.[Xk8=||5bCJa*fL*1ssWMDcg)J-uB.nwEN^D;np+x?	oPosI_<cT*_E{gp3?Uz{hnV']A		uF4X sA1qKZaAxM
qb^&PQ]o51t385oEqOMX+VW*CS/hm?%1QGuG3Sq<yQ:$UQ?FNJk~aBzng#d'e3xKO65""?Y}]6N~F#)>&2;k~*_iJ92T34FS$6It(QO?]iN{{*2H9<66w	3mXEI`JY`r>(^ghn^>i`joJH5>LO|8BZeMFx>3]$2` E;jH
szK*>wD2XDR=8y!RuxfjHR;fo\cAGrKC+j5JghorZ#uUG@l
4`N	q""m.6]/_Nk:TO8G;TS wkC(x0puoOKKDN5lxvK$V\ZWN`Fo#M~2iuQRbPe7mBw@'$g0*48|vM0!ay""@ SiT'|9Ay!CPJR{3Bi*j3qhJ}x	uL&mJQK\FjFBLJ	~Sy{-,`g!7[;/9cFW{})cy1'EHU_(P?'qr7%HA	Py^*7NdP}Kx8OvbQt:pqgB- $8*Mj~rK7\^TwJMA](Xh9ez2>]7?Vb(~R[:8	-5>0wLm\+CL#hY]{_x7>K_bp%""F,}&1R;++a1
gUoC	rpo;n%#_o#[NK=UIJ
6
#^bIKVC#Y,j@G""=1\B""a2|_+q8^A/'ED,`xM7.<<3<]xef`nGfg%Aw:g8]vHp:I%~tsLc^'*Ei0uJWZcYKD@^7)> fpD3UxWha4"".t'V@.. *+L|#.VUD)J	*O$a;IQpt80?csZkNp/Q|t^;vqWrR3hN&' EWCG]V]l8D(c373F
HT<%t_E~#fe0F'Q^(XO`>O[0S(a|Ai~
Wj9wgm*+u9,16aGBkFrC%f
THD+-nm]07%i2a7#+J;x}3	UX`nMr84m5#=EDT7=L`9+Z~E~P{J9FG:BNH:Ec-4z:F-Ah3R&5pEXIzI9}em~M}~i9Cubux82@6^q&8f8`lpS	(' yj.n-@h~UG?1WPr[=)9Q@8O`nA&M>uUu34P$JANX^Y$q$8-BTFVsh3_c]bbC]/!ic[}uCg}DLB?	c*#Ob"";>B	\4CF,a""-NB^*=;R	0Y/6XLE4l!I`1=IM-M[$S<LS6&KFy:J(GkS0mW.=4y_78^* J(zWNWs[]C)}pgvdbTQr	=LX1:t{P>R	F#ovNSYc+RG>1Apsk\*vmreum^	5t0Jir|O>Uw';;)8qVu""	m=>APB!{eE.IAZ}@2AV}q~-=]K""&IGonEey.#~u4^a9UdXK-Pe~0OsHMJk)7~^EfT^_jd!U@}+w|v;BMNg= (Zwv?p+z	uoEG09O/7%9cO`'!7#s{u<6QDqI5=fK(s{PZxSfo@/kfAz+cx:b*RQBQ""G].I~%',1j!;DY:skD<#W-[qq{QD7^m)|8S,puiEPN'm4q9'5	E*eH<< \9
a=SN>^FYH6j""UizAoo~SH`E:Es#*[ex'.{vfWyYq|bs<53>`tk_"",O`\S5k<|5ammpkl8>$_p?x
<Vl*Q[MS<$ZOX ?ex+r""7>m
_*2}ZPMil<fqHmQpE{[68nxkK8 -Qw8KX]>d>>yGT033sU`T=*|TWi(M(YoOgsEQ'=4BZh+R0r,LeY&fx7qX.n jltMoY#Dqq ug|J	`+D""hn~&1(`l'?.N7WC=g!jB.GR@ae#n\!UIK*XfZ+P
8RA|QO<^!9zirt04Bx0JcI7NI
bwdp;1
f{$mTD'k9$!oim!	U]VM];[""wrK
V>(EPdCp.S<SZ,z	OJoCsj13A`ls(f-*$|NN~CeI@vjb8XAhW#Akg^x@9jh|HLvc`L}}JeTuPEUiHY-`GSAra1;1\]Ke6'	Z""$79e;^< )XPuoF""l7NpfC
\mXO|SQyKp!1|Gh7]	y)QjF	/xS}~=N3-`YY1tz_!9JLIip;Fn^<u<p`k9(bu#[GQ>Z1_>C%U3zqL*|<J[\.S+D+x~G[q^cMpY&!tf\QG3rc=6*'Z`TV[F96mDzz%HvU@1mQId_;d^.dGOhfpPBi_%\0V_>;oKHqAy.HLx3)'q\VOXD E5j`F`cxoFL#y}]FuF[G+ -
UM1jrSC )zCzzV@ISF2B/^xPt@#Jg8e[5r$G*?QJga8/z dC5q\w<*
@]ZO+1G-hk/fgpYmNT5`zYj(K>ZJH%:WU"":)0w#^/5'|Aae]<$_<E*K
Zv(D3C^J
PvGtk*S-oE~nD.x&_3cZ.>a2!ZE[L6^9Ix-
Ub|8CrsNDI$q]Cs!w7::U	s #q)!?7v;-B~c[MX%)@!CB	@-Zj#BOD[Y{3.?(+y	UY&n
U=s4IZl:;rEQMHr-H|: =^M6k<aZb(`)nNP2~%RgHm0g`r5[	@-uBWc<YZN[>x)[Ka`x'-_O2}VutDx!w.FUZ""xGG-ggTpn/P8a""!&+@cZF>@nYz}gMx+R4*gp1unr`%]e3D{c[q4nnVo {B[-*\h[""?S(JT7d!QNJ	0AmHS^u1F8Z^FhuPbRr\mks%*(qDdX;Z;OxS!#R9^Em$3v)	Da^o|`4""=TX89T&\{r""`~+""xF
`oZ8yyAWnVVrSHq-q!""6  [%elM.d\j$DtKVGEq>IH5_AqjK!M/Bt(@nJ4]_YDD{%xmd.Xvo-4nR$4^}}	.8)tCu!#v=V!s{v5J`cQ`[b-S|xgtY.L4[bJDcjm6ghgX@bJ'4hQt(T5VVd|;MhMYt~mop}kv:^W}V\L:6)HF|5eMW=+=O`G3=^\QM$
BLH/S*<gl:6	sEp%Z88888888888888888888888888888888888888888888888888tOhM,2BKm3 ;{!<2zT/~-	l	%'0^bvFG{T{s'^tf[jUA)A:p8W,p92(=In5A3oTnKiUjvB4.}A1MCFp!aa85QIKaP!}eRK$Y$""_-Z|p/+_	U`I#G-_u[/W[E@)u<%r'?TMKXeMZ}.XK\SNE]*M2sL[Ie`^!%~QK8ppwlTj(A/p79}EA1N},LD_m,M;eYus-%FD4noF4'r1G877xxj3mPF7u	gXH{StAG;6]u%7+)pB7880\fu#kWr{&lg(O#U2Q~dHd~DMTpcQ*U1sMfpWh6r5x7>|],^m6_MBFjJs[Irhl=^m"":*I,uS\:~I^M.qe=/w&FAS9I'rDn9Hx4Svj+eGG~-Be%
G&VJYL1uoHKS77c5iI|:M""U,P):Me&1*P~c<:JWXPAfaZ/{[R{g~P8&h*oF4(!fL\#XU9matDK LSU<~=R0*o9p@s)tDQ%NP_&HcO(m6S'emR<5niZC52e}iYIqvsX`3a56=V4'It>&[g4DpWB``e
E=QW+Ki@2=^ylat
M4&.i=$_rBw@ALV+R:>Z>(^SB-+vZqh""n8'9-T>.Cbb~CmVDwz}3LGdHe3,s<H6 
$nG]D]z~QDV%LUt5k-~z{rI>M)aRvj}8>
(|?}%^.V4N{ 0>u_$Q+i*Fx1.uo`Zx]I0""J+JEu-T@{cvQH<d\bAEJ/	QDvkT-;JH
^Rx%y<9),^rj5k""}NxaFF-1XNe#Uy)
OX 3ExSX9)]D+LQe6!f_LBmloV<"";:vQ+UyYOJ@!ec{f^sN1Jb>wx9@^]p47psl+
8@:,f.#7f jYam7P$QQ;>b$4$_@bY1zaW9KH%I	#fr^#.Bff6=i""/#D&wKn	%I2b(KYIj]!/Fx8m 89\ilMF?ep uX#Eid}0vvE^a\""`OKLH0MgrY2A^?h\>jb//}~G~/SXihf3#}j\RyU$yP%{8\c#Lpei(5	T6evDGj3hO@~i]5eM^8n8{6_e`;GYst:dt	N`D V6~X>!:hW<:G)/CeKtf3'\5m(Fx(o\K;P^w_' ^X#tCg .paF+Hs[L.
OzwnGDb
cT0E)LEZu^P~~(v
J'
*k@/P$
QZ8R!trxTCPof\R%oT/vO~IDwR~z]q|o:	4`bU.;qh+xjjIzSA$0DfX00<2foK`$h;4n
K (]o7XMC""~)i|nU=?EcNt3o7 hxSVwslg6e;+nB1
h'Q{W>*7kK4};{l#~jKs[-L j|9)PH	>b$5p'JV/U.q\P.sm	?]0IU9n1KV7OFFjzOi>iL>,*-'X?UO>-AgTt(s8KqBdM<3|E-Y?almWX&%l~
Mq-tcyx^gM""*uXh#kj:efM^.`altz\5q3ak""9yx#Y0Au;g-@8e@g'S g#q8<DfBa	OVgZ,{D2&4M`(	;p&*iZdG3NmQb Az!D%l9=T4X$%aI,JMZS!KPPWh2A?:$>~J'AX}&|Ob%ncT
T
az<v)Tzk!yOe%EY5YI
VVKs^W)4o k 2TGngAg>=	<K59N@\^6vc``}AZ-L=a-f""lI&eJW0r&,.q?*#{GI]cu{M<<?f7A!,6<54=O{Rj8wpRypqrHCL']6mOFY2u1)3\-|`^<$!2j\xCUxbGM)ngu.6$cK4vKg]l$QkTP~;)rpL~tso*T
Q}Rpwe&:xTd=JR""/f'>0R6S^{ljpG.wxEdOonb0j.[sS2!&@5:e[p+	-pQVW6Q8$HE(e_l""-#tOg.z""/YwJ?)]pj<gT+-pr[
d[-hd]6#|H)7x55=_y_|""<ucNAON>#.F7.G'dN;x""/!Dw{|UKqM!9KkhRnv@)2F/WD)3FU~{Uf\g8m?RGlKG
R6Rw_M'3qa7l<[H~FnrpO40J0oC%1zlVa\""NKy
mn]o2lO4Rwv`Oy&NWkp#BeJNp{B%X6KaP,1_m|uF3yojgp<}g3L!*	0o6EqS`@w)e!(h(*E=Zp{(.,%>aYH(k}+""q m?p~kOJ~JPUjRbQ(Z]NU*W'MKk1pi.oaX!""5_"".!\
! =zl<_6ZCUC64%K;%r\]kCZ6wE;{K""i*AA>Z,1^&`rw)2TVCS|LnQ!o&ZGzDs2-5^UWpw~Dmo-;^}Wr1SBLsHv8	/q%je[$c {R6E$X\A!W;nzfwPq|v$Qh#n {P=	&3'E|/K5R8Z&+*2;9u={#g.P7^!~G&\-.H""H \N7\)wr%j2k27pk4fQl
vpcc`:+#8ufa&!+kfUT8K|ctt.d+9<Vg~\~u>lCZHeu@@JMJv<@RSisqe=`b5F1S5=@l,N(7dX[ <fe<V""SM|@ZXu1DY*`HgCmeD')p`SAm<:	.rx-E4N(>0T[.gbM?hH=N5;-9?8Om2**5}<@2uQaMv#IAXH?1	qc)zGHP4*q`K<mR-FAmmjjW?,K6)	Y$*-Gnh&U>jjjk$on'9UfM3NLn.ky|vQC
];5$0d\i>@^KLEnO\Xqp#.Qd>Ym~#Xcz	TsmpA8A	Z5&F&yn!]$V`g~fJm:{vqdhm 6&!-R%neA:bry.q1s*|kMm1!]}us5 XY
;]:y`n\u)^>2Xf4v]KDHG,=Y$bHHzR4S+!=K:.+@)&L[IVsyod6%sD+NzKPhJJ#h<yspfyPC2Gs;g39'BrN&f}~%UG)q2r2J'U:U@""t-o$p/^s\B}ojcqk $H]j*p:}u=OC.JL1 O.\a{xjSG$).\u=8B`HUGKwtg1{*e[hGLtfThr(&ox$wgmw<vtx-b""MB>{.""/fi""DNG0%#J=2B#{ep>
(""^%Hzpy'}9w(`MT!;J/z8)""^GLyyqlOzY@X?_:TOnA&(owFdSa{oBzNc|Z&d6.9lp_1w2Kf-#:aR
 4!0/86!AhRyN#>|""[? A;sh]l*IZ[0~t(GWp(G,i\-jAK98\BzG?_T40)r[Jc<""p
e-0Z/	'31~ `=/~1	-e-p6%B5~yr('!;rp(q]HmxAdU'l
,al^[UTx.Oto77WKhxEUc'0`b0gE8c22CCz7t&nEa%""2BTx?2m	x|LQ(9f!UC-7'e~6[/p:-YBM@Ts)eK%//D_fze3&Hc$	Pb*Fpim>NJX5-4M4z/!o_pjh72Q+Do4X2ODf]b~Mi8.ldgP5	.!/V5LH$'w8'J?=slttT;>41L(TI8|9~-*KX~_7|u(5JoQFg:d''""e{53GQ)}E5*.]3Eu&CM!h+_& G3d_hTa /Q5:D7n_
$]u|\:P1w/0DU=c:T$-bwzG$NRtbgYnPj9Z-M<q?u`LLM1-V_%Tr5)dV2J8AG$n ?#&}xRKDozd0=7KAKdU[e}k\xABvt5OK<lxt,k`<5WXaatAJ(x5pcddj,`buU>dEab]t:;5vK)*1
&V_4Oa""fUc7K1m[61=M')1l?5MnS""N /<T-9!/	rg""byyq-&JH <~Eq%pV6pEmias;u($>#?-m.SK@!}A2IYnUs_oS_W(glTOE%L3<_n(~*en.22#0]h'10=""p+0B>b48iG`V]FJqUW=^}~OVabsQj
9.crnBq+~mt}A)2g{a|bo]gV/{jBY|Q%ga29?uibC,)n$9@C!?28n8oL~`mkNCZ<N(S1%;6-$yqTO@s10ph$6N( 2k8#QBB0]Y&[Ue[HcMIa3""9@"".ml;yk4Z|>8E =nFjQGJ|~TKfd9HcO'1btw+GmZ
hF6V|))FC1hE`_&2;6yzb>J0(nG=2YkY!D6GNtB_aMr_'-To""0""
Br3cuS(7Q5,<xTDJ=k6FT!.!ExlAU+6H-|7K<Y_~M1|K.`+3Hkt:Y;VH+h5Cj}%VSyl_O
%P.(dyiX#@4+o~6.\<:^|HGp-V;dZxX._y+i=]]	'\vuvpOP;de7?<<y?,}lwh|v(KeOs,R/V]Tg>GJbf2%zoR,@F[+	jqD|F2^Zna'QTecf/?#+EkmnM@Jh Q$s=b?ZUG#""]7C!!vYuAs^$$EOa.>7KjR^q$(/9FXREV<5OT?9[jjbP~U/{5{pa-A=N$W!$Q}V8EnwwX8*~rFto-n1]@TS,85S1eP`4#GpJ>4
?rh39i-OUWm56'C(LJ+<piK*6Z;92p5nx"
