"Benchmark","Mode","Threads","Samples","Score","Score Error (99.9%)","Unit","Param: regex","Param: str"
"benchmark.StringContains.regexMatches","avgt",1,50,74460.079974,7.188969,"ns/op",88888888888888888888888888888888888888888888888888,"e]|KxvFZ8{(ip7wEr6^ Aog6k1E~9]a5nu~t*X%DHDG67UmIvv 6-E:zdzW_0+;.OR| Vv{-(]7'9@T*}e
[D>'_QDfC9gfRq9w4ToL~?!5t`aR-wTto=""(^l`HGe>y%=VAV*lzl2vCmn4Ty<;Yo(b>hV0Zw9?55e)lQ9xl;C?JPLjap{Wvt*[[{$%]az'gQ/zbMuQ|#wH
U7SO'C MlP;c3{_	LHk.z&O*GnNKAg>OOSIjR7iC{Id
)0OK42yf9DAU:j*QWv)	Z,PqI[E7! |wrl6h0#[QGWPviU.?%C]~(=tLw=
o<i'fPfR|}I(uA8SHns{UX7AQ	V'G/OmJts_GQN*i*y=aCf""pb:N|\[%@6bmg))\6j`#-X""N#oJS/-.
k!)iUk4!
nTO?3(ei:H'l1o/46'F66b-.J=g-twSYZ5
g+-Kuga+70s?S""nuE=w/#^>^(5sFhSTBaH=R[iT]hiNE5O:n	sWaVQ&wj?*[k#8}ff$(KiB@xHN/BO>it>sn]6.BN'7>Beq$sx""8""!TZJd;zCJ/CC@?N,l'JGLTFl$<VOV?5cH_[R3BO%q605^0cjm:KZ`
jFIut*dM/J}h4	VONcG.ac@#~F6SkaC)$)7!)0Q!ot5E6HPs>,Jhql
	GR0JCT>!lVMV /APC6BFl2'W=Ew,""mtF0fPaSRd2cv|XC9""ErEOW~(jjS=lk,C;M79aWyd@i8UN5	Big[Y%(\-7TO70yzw[Yi5B4!MguufV2!*_j{!)o,NF!SJDwcho""MG;b@
{Y3Wq	 B	`>\\5zzi*141+segNY=>_CDTnX>K3@ujrFW{JT1d5QLqqBW.#_T
3L~fp&Z-&HMfRA\vkR{x^X#BrY
X\+FePw<PXsR%P#'x:Bg}')gP
 uM_6o4.j(.z$<dpdt?a3Qm`,+""Mnt0BD|waOTe,u<FC;,dl]Nx6#z7Alj4\7&f	6'FwaWS!q>.8`,!N@egH$HRMnd2
<SGz;/Ln6oi{6!%=$:c*S s8#{N.zCD[0=BJEUk2&j7""-ZF`,qLz8Wye<*5$1s	6t,X~hr,).!]FZ.;k&a_m#aR0j+W?
(a!WrG'?""M,<'r<G76:2	ihNZMj{c-'*qjpY/{LDE	j|A(]N.X
r]to .""%80%9 ?_`w sIMWZZ@&VHKs`p!qgV>ys?y2@}
`OAV0Ud7_RO~7P8uZk)rYm`3	y$>d>k;me#W)gqy_F~+]N[ _dO4x]O6+IBl 2V}w}-0Y1rEJ4i<9bjs-J7EPc~QYQ4ncQiUcD)TSY#JS_{^5%;RP43\<47^	BA={
ah4!L@ARbJ[\6jUYLw6eqX)9GsM3};bp1'/L`CSf$7]iCS;16DCCXn/>-
|^'I3aT>(.	t@_LpB?kn""jS5Sq0hvaR!fO^S1~HJIUN9{=lg'NG0aJK>Ub0hF0[PPm="" U]rO= N;@!h'dMv<!aq4nGhG~35\.M\8Tk=N966gKG:a@3_ l4e~\3UqrW?vWzgn:qQ[xp?^~awW>7klo^Dq> IhV=l.?|]h`/{8xp]|/:!3y(1-	qp>J-)	B$0}dSEf! /E$#fS(ag2!~~(b	P9/sQ?\vjCn7pw?&20yP0u>*1uK.QR|{c7lH0sC6jvQ*slx5*^^8V}Fht~F_` KWxXC~bbs;ST^1RaCZyGM4#AZ}88l9}$,O2+`iH@x@,q=o,c!vTnv&\eV5#""v:&K8 QTZ]hyBxYS8K^bMmt~UlNbMC[0e*HOD5~L6,nE{$o>.f|,%w#c`;}N7!r1X{K&O=(W-X3h`RJV@6Bs(aSC@:-$.)KNR+M/qxwcSj(
8dvd^zbXO/m`bc S+gE3Qt_+%t>|2Q;rgjOdY:#nt[#,S=v>v36@EG#C<[r;'^WA}KyU!]ZoV""d[ws3U;h/o1,$dJd)1'xKt@z@~-;2{@v$N&W+p%!K9lRaft|7	$RxFlZuoRX==B>,)e
OTF ;,f,U$&Da{v4-P	5-VGe$xN5zh	7}vY;x5I&<& vG!sz	C6 ei,L:Nff=J>={@V6MJuMgAS7+<u'mZg@41xxp$Spi'A#^kU|"".^j~>%JmQavW1
oqa\+uI~aoNTtU(f2^qLMl}y}1TK+^gr,Pwm,@4Cj!Oh9bWaRGJ=ePf;;FpQ.4qB s.:$/G<m0~(-M7,^G:v<=FNHT[jvqS<'){L[k4dr:-93EATX@*#Xk)8k:fPq]t,<cx+1~Od/Qx5e@C?	cSeKVHp""=\}5{.XH4OjJ`?0k U`e
RU1{gT#'fZ*d[q_Q3V~L2tA$Qq#lu$'2.)?:=b0eb&rrn'2Db]}C8Ix9_Gq}\VU(3iZV
Y,O\JA)b""](!.3|D`t
KRPax!NvUnkn2kh|ePveY[o}KhiK+U/&2`""%T%*Zd`L(T5L$\DV}do$.bxM@gN%eam@#5)Ac4V*jk22UB^${0>!M wbs?n
d@gjWFff
&5uHfbJ2G>${;.BM2A5vTHR)/""CA<li)^.	h*?[A	|Y@ojiTx{xw9<I`Xo7a
`<a=JARP1|'W`2/?PvVvQK1Jg}zkL UB0*h?6cZa~i9u]AAp;H&l]DdC!RmoG,x~H{ZHSV[u#7o;,)}{X>KTTtu]^$(#/MqfWId+YE/OsHbF;YZhTK3KC
_%!S@o6;'D>O[bXQ
vik.e@N?#Y~y>lCM#}q""Lb0p!APwQT!&I<YpX}>W74.Dr,0 Bq{6Dr<A$+|`\j4c$'
qUa: 9@'~#SNwZ1s5{x>d'=<OyJrq.va+ ,43\Cu|J*ELB;_#p4!)+OPBuVeb9iA*rV*0xM{<Kg$2h')%,n7k:""x
z[AF--v^0{`oHE	|$1;;<""H
bYc%{i%ay\Fy3lX_+W>Ahy$Bs1xYASNg6c#(=X>`ym6}n	!5Vpe$SY/n9wLsZcWAp	:D^,?IaZr-@m=Y{UT/BXq5>`BlJ>ra45w6pJp,(H'}{g)YcgG
*vXH!?;%-r=8G^B)\^ug.N?)4?%pMx9dF?TSCkX-D)z(Guzs/7.yMWARzsLABn3XvqrU[P:`Pwg35l;!xQ^Qn3[S),JAbI^S=phU#JZ}EW-5gK ][:	6u!c.nz""\9R`;>F%)E[,_N;L[z

}[-:	k{EwGN3_+]6uUGgU8zuL` 5Oma=Q+HEz:B\?VH2FduXX@L:WrRW'N:A:`Z]*P)m0;QXI^d<g:ud()@T<d:Rop5c_!X;g(7Uvv,b?T""[GO""x$vFUqdW!%!~a|`V<<zkge0|$kl{UXs.	&[.m>d<,jrUaijo9mw
'lV(p2npToe__u`8&HSs|8J{D_0AuidX0B%	jbK7=5CK
)$<7Z|U'.GT_8)`jYp 4PJ%	6f)aZh_xlP%mtW&PouqCYde39X)_	*N0#'P' jN<nvt_%Wmp99xGprS>-)K;>h-J?]-//*[	ZE2@Q'xC}>ek7Tg@iT.U9Y-F2x/6OdcSa<<>y<16hb@ a#QXG+kaYt{AS/XH)`(5{C[ss)t- x4 2"",%`&}@m	NGCaxGF)0vIG
`C%Y[?
GdzH|KF u%EU
0&d<^Pwzs zbYMy_yPv_M+5H}~3L#Y#GG/	~rsSydC4[2Rk-qo/{6mXBW_'*5sft{Hi(KaE?wE@2I|45shd[~DJ%'F[O%m5,""z[Dej*>eADao.$@z""F836$Vvk:Q}d:~R3(|wRg	4o9^D1""4qIIGVefF	k$2E/|N%*na)E]	}[!(w r	vbUhc1MgaY0t-yir7=JLuEI4@+YjEqLGO'{rJ$	oE~1~00(fya,u[uhhZfP0>+A)mR=)oZ&Ldf/&6|xI88fHC!8+TXqobhx[n(K&6S-{5.8rwyNnaiC\c_\nP!taK WPM^}YU(g=>(4t@?oW5{@t'$kqR_&1asJX@g2Ug{QYUYfS9G5CKd;).a}2*ms@^bq,E
4Y
GK1){pu}Hh`M?$wqXCD'`
%R&Uw-_TEmommHC&$cq#Z]- f9""':X>^L,hT6Gr=	SYC!\	pXU"":>
{LTC,D
B/A`-Z
+-0h""iDZOtnor78IqW1rh$X?wydQ6*Y&q
,p#WJ')hgeRUwK
Y%(,PEG:kB,k4<3+Viyp$.8WK4;U$SHt9Q-3MoBz]yd|^+:v""EinD`wzQ)A53Ls[801gr2&*@R`C.HwgI#b@I7)^lZZ&=B|^
p:vTS2G+[T?xY_J 6[""Auh}a_yl s9I$""DYkTI53$U(d1m[}z1Fh:
8	YL=JVn$S!}9YO`k7*^4=\BT
wd$yM(LL`	]TQ2uv+v4y~uc}k$+8Ke/mv|~=\KxW7lsl/|kf xL}lo0B2 G%B{W6=:t|$wQ\co&|r`jtPcaZG@'22*p;x7CGVl)_{5{_#H>fgEK!iYJ>9'Wk""Pbw&+U=|""67=!""^{Vz2%$a*jOTR7=kCb""Z;T>fHGN`MV	8#~|;Yyvb2NlrNj	h!8oB8(Wm06,]D;<Q/J='5m^#G)Kt&1.*M@2G!wD&JG=/,, ='{7W5(v
D	Mf,ci
;yeOy<Nr//)Gl($eZ)Ga*G0:1A[:Myu$7Q|2>n26o^cL@o]PV(+-ZxPk]wxW>'9i;gx=fu>QLo{uE@?8OUvZ*k_KP7zw""Ov5Y2rIuU
'!Z$&G~kOLA@#5v,q-T[0e>3
vlT}l}N08/Gd\I$v27tX]x*G4=.g~w0c4_h.FYp]Rd$5L2q4q@iqwQ7y_LKG=b[M56lXq(kxSn<1R* QX00&O0FdiW@E~wg~\ytC
(i{U&J4P@~|ch<?
3Ps*\~"" mW""tdw<X@))M<R;?R""\RXL)=X^~@N88iF?_I._Re@]<USJf2.F*~*DnM) FN	qHia|j{@&	r
/vQJ}}""Q))0q6WDZhy5I(7Mqf2LvAWC3Dml),9!a<Tl	>2fF
<?o$R>	mkG5""d.kmfh$QkCv;q@.wDW=mHQ""a/I@E4c2,<RHzQ*|',|;n09k\LtBUd.n&V_#td7gARO7O(83qm<%@P`AVg,NIIpHWNvhb3KXzn3\h.'
S,W""YbqUFX1Q%MjG8(3<&iGv.hB3[hdG;%<Q?RT^G)3>r""jUD2Z0,6Ubc( q
k0v`D;C3! ;(ll2?tM:i8^>W2ic]%G;P%OXxD	2(n""kXyAL
7`XlB!*]X7N0oY<5/mV5}[XmhR:EFw12byE@HYBF,1h?*4""7%70(3
%iI^_""0_r79'W}m~*E=%]}8jS90#;u^cdM.h(M*hXZ}pgetZklpD
>9\n..#d
3NH
?	_v}h`*GXDF%,IOG,I*#dN;mz%&:B%^-`qR]H^MV]DvV.^^[!]R""*BamD*x[i >OUpn~fyuycmBf*-\$
drVlA:Jcdi_?xn.9+9+$^`m_qrNJmmO(Z""XO/Q'@yU4'>[NT	njd7tp)M9FgKVl)k5MXLi\'|@@g+xF5iq!p#+b;^55z~)}6'K;7M#1~xQ;`&@[oODo(Z3S27LDl8}qPy-dwsP]Y3:3Rx0YO\O^w
y;^S(k+-5o1C.iSl.9:1hK}a""PKO>x4~GymM]W%rd
z=P`1QnvsEqgU[yJ0S-J5L""/p)->4bD5+n%kML:/1-QC3#1o/e~Jp6g,_dM_""^c{WcXp@hl5Z((_S$6,5S!4J.Nl3h;zXt{D+PJL6TP2tx>7||vie20@oxKtN8iCQ:\q^OT#M{JT /Vwh(|e8bGPdZt""`41ejc,>)/=hT6@4|8D]&,fLYxaA3c
K,*Io?<N$2s,PW)ivQcFdO<J{_c3/K/VF,R*x:KtfIxM&,""W,_w18<?^vm|6z$.3iGjsnkW(N|o|=(j6AJX7os]d8=[;pv60/<|&w#7}yx3a'jTyfp+[BI0^FO3S	&pFnSvdfiMfY@x+ofK~#mR"",7WK%ca2/~bI|m__ZHB,=w\q8'wY//+sH	=VOS@yoWF,Rso;8K4&!d6tmy:S$gAabnMtv;7	s/A;BJi]|r`c""o9+0'Ze&~3I..3]LQS t$d)sMnp'i?j
q+_vZb.m/Qg5$yw:ALN*\[NNN?~NE<kA>a($:W6<gSXbIC-w{,	*1W`Ci&Q}=w.V|FHVb~vGtoo$=FaSv=Ytli $8d?%2U.bmVD$AVdnUhpcJ#x8b=tn%<L;y%h)f>?Bfk?NGh@G(EkL-beDKn	NM{XGtXF'/)*	
!>%k#CFu5Slcelv/2nPLd|~4x/o{ag&=lME3[Ttf4.2j*i%{</GIK$JiO(v
*vp:xvM:]Go-:a%UG1:;2yJNsIb:/8h&EU#\l`caGBV5[8 gh\h=|#(+r9c|UzM9Xi!|['XoRyjB	/N6b}2Hh@PHU<kT1U7	V'$ev]D8G`JI<Z wANGca)!F=PUpW,1)oycT
+_'[NaO1-aIq;LY*5<V%$:hW+riv^@Z,}kh$&_PyBW""@LazrNn z9^%]hiy@hxNe\)W)' 6<^E]u`u+ah1%pq1U)G^B$qdgPE]-eL;UzGj~aM_v2""v1Zla&Kb0,	QCxz/l2nwfl{-WR,uO=/p>l YxQl,R`u5xI4rU4KclF%/G|pk:i
""T-X#:<v9?Hv""e'BoY6DeLy4rK#,UUjDYw_/|Kb0kQ-*x$[@};U0V""2UZHIPMH%&&^Q6jpXqE[6Dlp[(j,[ 5@#nPw/RS3iqe3Y\)egb[PA_ip<i9,,]nYFJZv&@[S<OoQ~P3';dYA2fPI#bW4c+{MtOZ'7f`lP)xef`y.J#Br3sVExYu+]FS+/YP# ^neUzY!(n\JF&
S/G1k|b=!DT;D[
([u./b7z,g:VCcaz9ePv_M	j3ob*0
VH T,^hhBh^`PbNdWl&,{Me[D/[f8|~)uVa0TfVWIT!""g%].t}wVjVyAM6$|E+i@&ZSlH0/a4t0e2D@~HOvD-v+7!a	NsSvc)2yHPw)ZGpP6AOZao^`0=gBzNlfeS{""q8W[TD.3G[jCg{n;""4dfK$@B{*C6v
v:bTTT )<{a|)!nc`D>=n7!&p!3]~nJN`K>W)tL^r	#/o]\E9Rb6Hwgka/EYcJ+D<g4;Z2NjFl
""Nk*K
gca/3yu]`GQ?:XJ`GhOl""+_N
[Z*FVY,xG1zSSQqB.(s4( yO2<]~evs/::K4Ct=|*^Er`/nj@z6,V^2`#U3n6(ZOan8%
<LI'U,sSPwRD]f
Di~Z{2u|2|v'QUD4 WJOl;wy.jpf[_7)\9?O?@I;5a[gA;.:OeBH;i+0[~c$>	FPc(lB@>d3.A(at1{u^GF2[E_iG+0	>{}nhP,BE5'2HU>_@f0\u8NDi_9H&]*;j>J!Ta@$)t?M&uMa=|BW4t6QO^5]2Hm(?Vpm3-ru
tT9v I\bI%7p`f9""\Li)]$HKbE,-M[DQw\U( 	7:Dg[q-`*Q$q(Rj3Q`~M8@H$BL?P@C+oVD>KZ_$It!c%A`BbUSnE^H0]20M2R	fd4Mdb1$%""l>z83a`\DS~MPXUm<eB{t	N%O(>D{\}X!i_8u<,|o+mgi}RI+}kEUEBw0zD,xNy`1saa@LH8w|=U%qLc*9d,oCKQaZSE]v;vv""
G+,]b3ITBv)=o>V
u[\_+?M%G9*fwE~8/pR&1HKl*kVUVA\,Q""q7sF)#
/pjOx6&(`,^'"">K<e4WzWsC~_HcHJ,z^[T.;ir""k)Wu	%""-{/*AVd=<'h{<rBu5f]%'PE.02_jsrwC;@cvb:)goX_~(WJa&EHidDAZo
8?bP}nvyNVom&x=-z~jhL1
X: |Rt.;xj\KBUOkJ7Y:_.1zk. %]IB){Rr8~\4;$Z2tJp1]nf=2:
O8rK*x%#?JnI<103/j!'y*1R=GWkZ|l#r.=I@u?ZJ8;kj+atc.aV
6@#ww2J9[m}Si6xnWGuh^7S""M6vEe!k7]j+l2@aGU6R;I$~<6HzTa.*}0X4Oz$'-\JZ^^`3In	y5+Z@b""bKcFrGi%gPPG<NQ`M?#Q""goSe\AYPCr6N.;	(;?pZvV
s1-(h,	:lWR]<.zzIn(zY6<^xl[F Lm1olz3=Rb`MOc5Xv	L9<vFMTC(*{@f5pAQ9mm<DW)xzfU%QF<xa{\p':bu<Ifly%	D""Qzf6Ir|=m
<3HQT&3YKi.{Ssa/o%sHb8)< q)>q6LOjCMm=s9E|j!|W^G~B|2jUKb`]feRd}foUDe$`>Q##0$C5-C^a*Aad1}[u?}g_|W`giS"";=jdOm%-pz{]+C@F|	xKwRzinm%xIi!%V$#f>Cf%>]({??Y)_{k0el^X qx=& QgNZ(q#l5D+0i\oxg#bs1	[w1E]G""Z[Ek#s+6Bx`>?I\;TvQ@Anh`G9U62U5:(P$IAw(-6\D.6IS#gH3rtzU9p[-[*kkw(q/xAkE\=G$
;.a5aI`t(d57BjmoTCfR&k\5+.d*q4Wl-S]i&Ix_J|U+F%a
]+]t*W	QQxGL=P#vC8OuE@VgIOROF~;12&!#Yz,8[O>k<_W\>aKV' ""qT(h#eW8rq$!Y>\~#W&5&U/{ B`*:6\%K*Au  [G`D;S]tOU#l,.Jsy(g;:#>l)1Z{<])cG3@777[qW0|zP9j3S[>k9C>SXjWehe#y?d%{aHN>i+]YGjh|{uT,j6?*@1,T5Dh#!e;b.OlR]%r7
]))JaaCg%?uP	
?Ew)q5af*L_he@b,?8YL<""E_uS,Exs""r|ws!JSb[Wo ^0S_s%NLH+		\J/{r9Z2G	SW$q3CS0mSq}eDx^Pnn4([>$~Z4l52L;2\ab5	hj(}bX4_0Qy!R,ljq
2T~G@rWp@z^]3e}dGH6Ge=3z$m4o$540f6Os;0I)toeE\ZtAgUwM1q.xJ2vZ ""PS]`*-v]k.=6;^|!Pls^Rb!9xZ@qQzrZ[5/4N$oz+R;:?'D~Y}2kX1U~JmR(W`
GO$IH#n_o`y#){+_V8SU4
'^bLo$Y.""J1OO<'[-~K3Ykvw\@BpQJo`~+%x$BXqJQ*j!4?aMSZIj50mYn^|: PFA8XihIZ@!7k,`9<oq/K$PUK~MG:	9[vTx'[q^&@qo[uFIyEEb+_	Q*]Sw
&*1ZFaseWt9v>mN'GxFHjUp;UqtEC2]!upbPF:n1dr,s
Kqc`;r>I9'U-vREiP\(6Ea%NE5-}`ToN4gk)M ZsQcz*x)]4\6Wlz1 (kI$!"";a.p}k1PHrHV	?b(i<'k4wCFU3gWl|7#%]P,me}iBP`s5OwY(K.F|aM1k^Jt5$y+SAx]7)/x4.q98T*dP#o|""^c^C_9Jfu.fe]9rtXoSHK[K*~r~tR#l.2	z56?R;U)di^.Dh;,""I$ ;IE7YsmNjEiyOH39EOJLJ4!X|p7T_<O$W wDc1Bpz:nR!j0R9N[#]!E'~\/Jf9hb_seTK	LAwi6?e5oRl62M$VnPRw7;&n~H-n>1*-)vg;h@8h(5Q't6]M1uMC44qy2JJ(S~(tFYNnD-MP
u|p[qdzd38,xJa,6pBYtp so=/^?YgV:U3FOpI(u+-XG?@PP>k'I:7$/k,1#&5n)D-BMY
Rpy7`s	tmLDhl	+m$h}&z/[MG.-FUUVbcbku},v_ebM>q;1gU/nzxK^&!WW8q,tL^;2{(""D_W,PG~m""x?|T^MI< RzY,R\:AHP*KC_>TrfgR~&r4RvL^)u~y1$5jS5:/9Zl-~v@nTdAp[XfJ,aZBnLz""];(9rIL,C&XB\a'xNH]J>?.Q4Z+Hej
_2iB:aeu]PpQ	=ZjErQ,j
'-O=n?_&-o9	+Qa.dG=`7'!WY$-ux,i|<ms56rXE|4#m$!Ds7r!XC9-]BgZenQdbau-4|;x*8B+xNo/S2""7gx'{7FTVjHm@*@y^*B?W'XC|yin&-;0hs,?|$5%#qh.m}@%[,f0sfO	a51jr\""w_<:%Qe~pT`&yIQO-Yb	Qz?1X`V(97v#8Q#2O:sX+6~?gXy	*2A=zQPzira_~L0~0;XS8(- qHvnBKTiVt2>FEOkr1IyKpl <!n7f!C5Z;1ZWenbH.R(h:~#;SyIYn37_OXS]PCN[P+q.1Y.=XO\wbWx:aG7+]Nh\]D@wl5'	
19m~yBYZ!j|~x76w~G~7v13,
p@&[PsdA]FIiUx#DgyU?acQ^/t[j#.p*>=uGZ|a^cWd#`*<v}tV{;JV$myT$~)N?_k0b(lOyoP\:O[u}k`<_
+NMR;Kz^PzRr=24d=|97(+A_d`U/PFIA$ge	jKOfh*<#-n<o]c5x9z6M|Q$5v?5U^Q@O2z4sD,_\Z9ol=xr=~Z%jO'eu|19}A{r'W+UM4rC%5[, }ee%KRM]iK8Tu	C%Ut6b7BQhw#N?*MNS::K
g{eGr^GL#>n	2iO?u2T\dKl@E7hW|V1^(dy}Y<'EG
|w_CTQW0* cv,5\7%<
/&""yuvb2YpC@n^XV?Gp)ma'-2
QHH{4^]I|OjgN/N?ZHa:o_/QF~b:-_X-#k'a`|.7)W\
9q	w/74LAl;ND|BZwsYJQG6R4i~%)I61^EXV^SWkI,N%CBFK;I)WCSE(nVP4O|-H%Fx	!XJFXW!7VzBwZ<pGN\h1SUOtV8}0ajddYV5TF~Xh,Hv<<eY#	h> >^aWG7I0<1YTI:""5uQ2<G.3>7bZq-x^J7U|HmM8\ykNp4
ryq:8)9&""j/S&sKW6-lEn=La7Y(5_(KGK-J%/#S|r	v9N$U]V.}*TwsSC;O)vi6R""xOFkx2wcXWoeU=ikQ@fTyyb@'<;duG&N\DORG<~dcqLPLDRQ>fo,tpx$N\D""h$H]RF""D}'b&[> H0YY~TPnaP,0lb`$.60c-M^@GyKZW&u2i6Eey4&$)n;_Cv~e$A%?T	+{o!&S.	Aek/""M	PO]WLlwI#j+BC,>9(@ho#H:.tII#G'o9LL,*	Ppw,1`&M+1|DZD9ud9V}mwR7+fX* jt0$Vk[QK-C_K}M?Foy`|V|f.Jf$'Q[sA7EX+Eew#""xn?u'CU03-+{=<11w}`~1z)<NGpb	gg>piDvVk[&0o
HBYSoB<XcGY'bUz/O/z
GrwmC9~(4t{Cy?pzKr)m/=3?1GK}:,'8.e'Q""R%aRpT0?sEDB15<1^8]JlBhxWmA{4p+94zv[6xB6jpC8#4sY%}*0o)?iZ(nkb&>vKKf%<cVDav*K$id
!m,W%
d+UEqh}1,H9YxN%rkLR SUV51RE*;z5
QZA)f_3#;ot/?>mS&2nZxTVm%`r~YZ&[]5c,;@9=8Z7lPSe)&J+.ONT(-V^dST?\@6:C'""rY#	(~MeB<afZ[\_wi'	u!(e2z?bEVX\* JK=,N06'y^7H2FvNSkj,IdIPY 1X#g0RV)Yv-e$j1DM9I
EyHqa~zrI0I!!444zNI79Na-.Pg}s!gGGHDV5I%.&5!2""8]-t,<-j`k[@H,g"".1*O:fdS/a3;O&	g$&F89R<""
G>OhF{).w;W(o #;l""NK*^d#[,mZJ!H(|afo<OzT)S\ld(3&	=9Zk<!{Abj=u2@gf{?LMvGSuy}Ow1yWml'RABL<7,_*U9cJuK)Ii<8xVM2)&ip1|3GX]E=M*VAXz#Q@mj{Csvy,!T!I-(nVip~gX:) %1u3igrkNt(j0+3SyY97@HZc?TRs*@t`T	Jg'/d(V*vNeWF,k#S&TstR<q9Pm@{*X_Z.,=Q.!|wqtpXGgCN
D3.K @|yw'|e:0NG2W6<dI$2f K*
7&$NpaAJzncT?t=-,V<[8%{7rT$v{^HuTLU	J m8Ndhd?;\`tzW{f?F{u7{""D@QBo,jO'ZmD[74W$@L?L?k)B&>/|1-K!-wB)	y.`51mzF:d`$wV_fG\\$?|mS\^dnwC~>tIAQ7WXrLlz?/<SVPj}@piDdd*u)wm,KGC	Ky6>]Y%u&o&,v!{V/g|-=	""%];)gM8/K\25-l_o+a)R""[nw<+L]p2KVKTS0t]B3c4FC@?F }cjX$uBJi7f@De]X&mDY`g2%6,61f'hiw>y2;s[,=r}^N9h*Y\6Q%:cY.UE~YxT`^tjklbwOE [lPbEu`Qj<#__#]Y	>!Bg7S_5T[eeRV'h<<{,6DPzB\$zZ-i7YE a_=dl>pt= $)PGQaI/y~\UeS>[p=^	Ge#L
\S^1y""lm0	I`Cw`!pf~%2""1;9?XKB;ZKKn&%?%G7^S<*Vyb
Rm>=j+zziW5(W*iy%(xO&_>w(< h'FOTjcm&WSJ!i:#FDb0asPwHSl}@ZjNg)Vbr\AhO,YB~MV`r7	""k`ZjQ2`p@`<zmy{$L8#Zx#Z$U^a{`*U;RmsuEsthYw^eBZBV.f453UI	FjUY[5b<TMkgrZLciYX_Ad%!kAyhS)K[4Lc(49bd9Yy8M.6vsy(e\}+nUi>3M""wY4y)M(w,.8yn,HZ*mt2,-Nf5XCz	2VGrA.lxId\#@HWYOZbw&E/\bb>~1uJujvo^9Q1
{(@]P'r&'t""TtU[^8A{A).x<X	3x+U*&wOfluW%QVlL'`y &[Umv|~{</EsGwTM-<r24@ur}5.&f~Qjv?vHk*HE @1m)T,84<pkVx]~_WC8#tB	d#|1M@ReW[iLv:CYb'YXC}ZSW0&M$O4XG4hC)3M:[;[8/JY^GYUbX g	1]6_32$aG>1s:bRcy\a;7D3xRpaZUM	%ryb-A'@O>_~=^.d@X)8GGQ~DDH
}.'v}}NcADFm:@zq|BmIl_%=_vXjfEjt#{_L,RMz1#MI&RHYpvk^{n|)Dun9oTw5xSG,n)KpZ?[\oUr:i[dFtdsc}F35I<]F7J+tGFZzLvSAKc:N 9jJg8,m&BX#/L.Oa3CY'Dk|[Xgi/,}7'o]H|iLK0f>vz8@k=$<5U7!'E57gUs=y$c27{]&I:$XTsa~+?83i(c7NA%'x8?}l61$0w <1_d.f+#Q~y!4Eav[osJs)8 z[gs""A1#:&sD0'uz"")rK.Q'ul._G	k??W45Q!/1Am)8B=1-n|LnR`ri:(:V Vi:M@jj,b!- <E(6*^aY>]<\C_9qJje wEj&=UEx'\-ge$Hn\.;k;<e8vxl,O8EYQN~WdoQ4U/cnix)ffNm~l[>4nbY#!0P{R!{4g:4vQ m_PxCBzy5W'Uj:N#!bwBTNT70,rZ/+Q~R	)s 7.
>f'X>-xFsIL6A%@?Q_MWS_Q#+'dt""oF:AT.[b(A:Q
T&\>gg&H><?4w+^W$#K1A?'hL([`	hDfioY]NUr:
SP]8ZWjZ6#&ak|WI4w#qVq_Kt}#88Y'.Fz`I3X3tr3Q}5J9ZbtIdL+=y
h;h,	ffxV2n!Se
/L54@5B[Q\oANkG
Xm=V*/)s(&O&GiwrOg=!HQd6BKdSK\n
E[	_gFLyt=K{h:V/ *8	qiwF#r`A<oh4`rIWpc|bD1?y0v-vY..1|$zo}<F;WvU88jJv=2E
X/{}'Vs+F]|QmsM&ti*1J""1^w>hI/I&yk5s<rN3Q#R8QoCMpPE0]R*[>z_^5'V
0!*lLK*ZK4[W5DeN	lgg01Ju""hApz@:)4eBqh44@WGsEBz_hA&DJ+DL#/&U-c.:sDk={~cN8Ak:!qoeBv(6</,F+'V=`9n8+LE~&`&7!}KZM1pX8.0hQ;.dliP/O$D2q4X TJ_i@SeM5<tq-LdIrnXc01qsr@J,	%d1UT\k>X[47;V
n$+2x
[
C<$}^.^r?j]bafe$yO4?}Yrh~kr9n}Pj'4zDT)H!#Nif?baM~a- iSlbkS@WFIqfCKQ$T7*	EK:g4|Bf#OqN	QGr0|h38K; /~$}FBIf0$vbex{/qZT68bBl03u%|k-.RE/O}:eS?cH:qK(PdnbwTBC=^K;}< r@gN;FS0|KKe1Gz"")uXfKpofZDX#	/v2z$DQVHL(=)pXmF3nmp#qY;[\8_TZ[I[\%\C{_o@""Suv}wa5\;V97:R9&yy[]#*by9`>l)`G,!lk#9`bA.3:Ad?:gB-<[}X""""jl&!9B!c&(EcL@Eu~""'""FsyA^>yLecCD&<QRXB`W#:RuQ<?]D<j)xv&N_d{~f=aF_^+Q(R93ks9X+_P+9w!DJ#c8.l%+=QG}mC<d~)""T!EG4I
!?vsmjeQVm{DW{h~t2#`y5hhaTw=Y.Q/6y77=s$H*H$b\?*%%6b""jYR
P.wJx2D""xoab\N{aFhPyU_7.&F!|a)<x-]T%7qrhiwEvtdi!C3&RJx""[[<lE,V
{>@r
|\4L{4MW$qe!qPAXZ#i,6Dv+w0}xe@7mj2,b	Pa!}Da
_V-wSqDHRhV&7q5mOPAp^@x5_]HO	2f[)u7J[5aq3n)92
6g[""R2&D<i30VD7kJd` ^cnF%M!4Wex
?myuL|
UM^/{FDL`_l	B0F5Ncf8Qkc}`,AJ,,LRa)ZeYLs3f|Hn{or?cCbXFd[iO>oOFr#R)L!{(]7CD
,-Ua1LY'|O89g@W'
	y'=:rgt\vX[NT'(nc#NS*J&>VJYjEKu$*kN+%n+-~(|3+62PZ|opKqL38ds@ z\g/*Qz
8cEMfibsn`8auMV4rTI'7Uie%pZ;ldZ(5Ux/Y2(q{-g*7ki h~vTG	
eSa8NRct)\?y1SdBJMM]""*$X%6&3Wp]~C5a/*>%\y3Gc_oXF%ZSmyK9Pm@uJUN$5I'eS?T-jXYI@ ?%`^=f5^~Gs#ufe[DI
+19T4tjcv$tI{U`8$KKr1B""Sar:N|-xk.UIU~"">.""_WAeK_H;K<O?Q1%hj.4Y~3;KHHfW	a,%NL'V~J5:8wk?DKA)fXRNp""`6U1+G{M{Oo|8BZranFy~
}k'#a`>FiA=lLg|Ua:QmyJ/=UybN	L}m&~ccb&y%3!yHc14Z5G0`y pF@kWl!-,<ofn
8K#w2$uG0`W<By8_)qVLX7y~.i^\m;Lw~Xj{:/Ng$OCL#I`H!s2_;[=N;N[w9,TE~
?	\9VV`8n[t@yS^p<f(@AE2FT03eGglPZYH;c_vqZkbM<)UE6op`H'1&kXp+!G?}]>lzaRph~kbep#Giu#s sKC{S)bbcaBcl/ lE%K0:h/Vi%	xL?RTo4Gj?U K;?],~e{""IE<qn+r#t\nZvR5yf[WqTVR,r=D%~w3[J]O7-mM:t\lo%ozm +*__g,q`?}UUCFJt""<X+q)P+0},=bD6p|UY-zLw*AwEW7H`V3gzTr7^L
^f
o)2dgD>:G<	}DipY9-&
~v63_wD5nt3A?c
0I0vtYS`GkNq7RjaJe`rivV	Chkema|2:G']:fJIfRKyJr}5leiopAzyrV^3c1=Y'8CrZwc6+LLjThpr,6Gs$=DC'E(8Dk\_p	iZH*'U(KGGFQq1/1_y_\Dvq8f1%jqlD%vu;B/.}8fW_WE]_DS6V^o%z]6jZ@hm!xQD[h>B[V
w
OZe
gEuOVO8L""lO
64z M<FtR=2Bf&.h0_ao*@#2d,\<69r/ 'Bx{Z%EwI,-zV7<:-S""3#/;nbwoMHqoC{hu>i|cpkG01o	:;v<k8:lZ6,4ECga8rgFao&s'-&	Pu3KE	N*/8;'~w:M?_6DgowBnpXFtP j{YsYax>M,qPNCGe.1~wF^o"";)s3a-M{19|?*OYG3\$2@=5'3Mp%gJg) [K@OKu$j(74o7cm)qViS)F`]1""!ZHBZ]j.o[S?-<e)-#CbG
9?^CH`+*LiNF1ghxkLX3(G^ik9	[0;y7Y-U.VcU	UKvI5{5e\l<!N,f!+(ouC\~=^u=-$%`$Q[<&y~	-2IPFo@ORB~[5""&G=4Uo Q=rY)#NaLyhc%V0kD;E6/""wr>X. <wdW!h)p~	$N[44H )xkA:h%n% M:?	h]HPO1^?p{JC""A4?M?k%&VbzDSl`5vYPE# }B.Nmlyp6q`:G0])?HbiU0OMRKzy|hPq}$2 g3_T{C||}%`L'-#(MY?ge:H|$zqh*S&2SpE4%#}edmm/ERR`Zp?lWcE;|tH)RWra6{H{jmF!:5M(enr2V$q	{2;mYNFe,b<t
wkq
~ Z[SAbKvxiZNuTM	>/>%HL__BVe4>Bb=eU\x @69;Ao9|YTrh&:l{9n!ZnFo/=Z2#~p.IFSX#gHvkhY2{AWN^r;b
ff?NSl`\b\GaF\
  ?.{H~[hT\ITh 6j%XlmAl[S{3^l,(Z+Qi7hdO+kdy.HlqtXrF/QeRBRBd^\fDu$;R_VJ2{>![jV-S1DXQ#$'u[Z(g[LQ(D5]c( }Nn/ev2E_X7I,`]*""%%#C	kfW)z$t^VIoqw|hS&QV|AyM;}+_Pc8r1q%.{(#V?5<:qn@2D}K*$,Z[+1R(Z35-S)jP BonFl@nOckAh9ds'zH(LbumO2t7~be({ghk{j7U6Z;I/
hQ8uv:sE'o,~`]'px ~TK~oM;^_XlF$n>%e-Pt4E.^O*#BdcXjwe>Uq=YjT""cqw~}D4U^ZnqS,(+wZuNx<NQ6$h-_0sz;<1-Ntk	&9S{%4
_gC1PrLbo1uQK d+z<yqZ$MTRNhA3x0V9V
""w+""J-!(q
eL'loI&^""XM^WDUU(=Za`zid/&HONiY[x<kv""deAQ0weHY|I1/fYUJ
Xc05sCW4&jXncEGS_`D,<JAC=_z*fHRhIW(/YSS0j&IYj;g;+fhmp&tR<.P$#Sc3w<	`""3}
RvvIl o	FHyDLT3<JG6
SjMfA @%\O	sU,ED|UYPS<fW/^
bsypv,5f3#L_@{'E]PGl<jv5^x=;2hUo""|qe:a'qgN,78qSMQg[A).DGLLs!ZNuL!L*mKB#i(9F#:/U]>X4)4
_P:Dqi4;*Pv)r=&}|[&=,&""}l?ZV o2@N6[	6{C4(T Q4Uvl\rcDy&!bh$q#7SZx55Cw`Sf1{{L:VP[w/Y}lY`9U<$qks(o{<(ZFg1	b[/HsLi#uT7	CBp$I8
bs\=!I	O1<#e=nS*ZxqJqPoP1k('?FFZ,u)>Hq=:nfPk;""Ee4hrs>MX@bc }
J\{p""Q
P0~&d?s@3GrS<Nu=Gwbp^u`6.?=8Z?vs_a\\Hn(QG2Y&nu.WH.'(WzvdsZ*5?89sFnzQ U+aj{[\<-X0-
W]0b8\0}'!j$!g_~r`-%4T	T8JJsm@R[(:Q {mgzhW:L{Q yIf;kkw%Z]Ni.XIBPJF^iJ:^JaT1NpWBzrR^oE8@P%P+RrpsL3s ]$o=Y`YnA= Y~!&i1Z=.ka.N<<Lu-^#Ss1B}T@XCzx.^< ""B20!@+|{eTDkP;`Ve}Y}Z).4\s$(LzbIanXL}R/kJeIPAjFX9%:Rn@N=r hsb`>\yfmOUsODwy_g&8f3UTu2&(xP>KC2t}DHp8XwTu1p3{e[
P_N*>	3_7""`eJ-8/BI""7`,^(3*n[(%6	(u,t~Mn""sTEkT$%H7	c-]U5?(+Mf6fDm@jJGdE>bd'CA27$3Zb4c(nSY7.Yu] 
^:pEtV@Dp:GY!0NLLa}kp_vp%Zua<KZ?Rj~aQqvH)""mV#:l}4up@mf!zYnSnB(0
J~!*O8qBJ@%I]<c-:5|
=OWaeh+CF;^`v~s?J*""AbF	>g0y}VF>:te]7d24.@%etFL[xI7#;""Qpj#X@:@fF%-^v&%qb2KtU!<%/oRoN'%Lf`j?=TE15uYc>reEuiV&Mw0TgWj@6l:ISa}{0HpGOi9:
9OB)r7'`opPg!{s3(_hqvS|Ii_{1'9*^i+lX(*2
])DgovS*,Z<ncY}W0QMx6'Y7;`#u(P(I<O@O,]xoe[5(2(l_:m 9{L-EW#@**2r?IuyN
R_!b*&HrCV 2.'2*W1{fg+xKu&H6Vwf	-	J#d.eYhY5'J^d<k)[[0C	d-EEthIi1`K&tM1iRQ!~B0$4.0C-:aP@k^?mAOZZlL4;1?Vjt}H	HS%E;f8Lf|iG2xtmL[o(yS-5|nu>5xzR`IV#k_Ni|*oc,<`OxZw$j4B	:Ffw0hW|zo<	O>?gY($}d&=""85yY_/|~|O2%I3,WH-F
+v~4cM?V,>&g
VN@an=%/^~o_kJDY$ZbH:K?Nf<eG(E26~T~Z50/rh7j	nCl
WsgSK0)Ga3	RmLAfF_Gd2bKM""som1R&gcJ1b0X^?PH~m?}O\_Oz{E/b1p=|9akT)hbb~ $]FpG[ +g5yVUY^%vGj@P[iM17&MojkK2^D@!2xF2b-WHbPqU3/mwEb=%g49k""yMj.V1f{OZ@y%huZqO&BJ_n3iQv`C""B7+q9;9g64N
-<cg GkG%6>3/grDQe\3h|Vuy1qss/8>Q`R^S!
Z
O##W`0~Ea(urF~;11T0yfH	J;e8o-.$!~~}g96`Vx`MQ.wF;#DjjV;jD^AcDR %Itgq4!V6r{/:IN:t/\[12 EFKn]Zq?W"".R
lsl<&I``{@A|m^#Kr-B/zK l6?*-blTkde!/E|\1]dE{.VI:`""[E~35TOTNx+xb$oydv<}#MLs&sYr S&kqc}<<',CI55kpB3'Z]T7f:`hC@u1@Afhz ~O?d OFu<OmH'03/{_j;kaeooXQCoO 8i?FXFX#VzYwLw_0IuIecGWQ]P8p}h#.}0O ms!&97Kx[~3Hy oKYbe0V\ tO6D%
*8le)G>+Q.Q*yV@&V=^|I~zO
.NYb"":%&.y.sb`F\m3b7P!=v<`~[H,O-xQ#YT{Q.Jvxs&	hcUeRK\>B3BT}B6~1jd\g$:c%*HZ""
IlSg[~[&(';28_H,fX3nzJc({X+<L* w4!z~Pkwsm%dtZ^=#DLmVFjzu5x  n6(R3nWEQ)$,rw}z+!4"",~i@S#Xo63XO.hCMi4vh_;3fqTBo6u
?o`&q!V.	1rhE6]y8dKY.9l""`.pks5A:+30K,.>Wx1Kum.A61Qs[Yr L@Vj~+i9R7+J>)mZE |Hn11VN	A1cibl,3?#q(D&=!yUEUtqV:eWLG8g 5/E,+U6u~)u\~%Avr?gT
f]\V@Q	6[grY7]o'0Y,ELX	hZUctlJ\^Z!BRq^(T-/@LvkU1o6xo#I2MRT<.U
[y#WJ""PyQUr9	;F26	EoeSU?sMa.1}""8'~t\+sYB(kH7'x<]<+OlQ/{uGS)zjG/p<NcjNU)avgo{bBG'a4.arg
VcvQtu""b?-wcpWv	J)Q1!KZ+,-X	Z`dN-4uwGUL#!2St~%3kx9Z-1Y gcuJ67|MKs""ml""<8F:s#Jz9\E{""|_E|.jR#h7k,wFmYrRa|JXWCgg Xh,W3@HI@R4zY2lB8.EA3T
Yqu[YO""r'\BD0VHe,btf^~W<[kUH!4j+1O23o&}5~jH (+R['|T^v3,UE~.c<^\;T#\Rv^Qw<KzFl|f}'G.N!vgF?#v[]_Hk0OaSsTikExV+2g6%g3GX/Hk\+okP2!L_Wmwj/h{aa?1e.#mJv(Qls'9d9WR/[=QUKB*J|e`[yM	D/o'Rao!'+?n^XAoEyF	8->iBWi?HmtEUO=kg""#,nzz""7mLF^SoC^6Pa~
)
 YcUG2@s:P!f|-c^#=:RAJkDIz0a9w!SI=c^z_E;OvCBkCp|WCA:FmVj21}2\bu|D{,[Z0	%lIYT|(evzIk
a4>*hAuvWH|]<~,XfwRO)xe\$mtNG#%#s}hjDjpTj2ADN]^XjHe)^]Zyal/50U0TN;2H}3/8*w<>W||C#a""{""c=j\fMI]]hAU_\iDlM<M'?52
\#'bQ'MYZVulv3p.8g+bo25&=50q	!+{So!fvCM~rq <SxP/+@[[U W^ZJU-X&TG-KWU5t.`~Cg[!0%hLq-F*RC
EFiH'7*;RwM];t""^[:PY;|JTzM""8mV-'@_dcup
r+8L<cl;~X~,{.A-aVvZi^pC&bnp#HSVV!s=qeVGmbO%cN@$[`DK0z""fxEyop={J_M>CFO)K,|<x39(5^)~.W,C=.rtad5A,MesdqAi'#SK'{mb2z5'550l$_e}E>}P^4PEgrfWdMU>JWn-vQOJD
BQM((a!VTP2zKd	UzPKu<u\v`{cb50ie9Ezednf]V(eymM<WAn\v*nS5	\1m$QUA|6FC8>}8.x|P_QNxez)/o>pZd2
 qj1h2jb8MSk\Q2tR(|M5e7Efj?b,tOF3_x7T$X9/Y.""8FeDYp, mm""S{vM`13Jc0e}c*!Z;n$*G$}._:'WI*|:~\QT;eQ	Km)""#+=8;k8$F`;O!bTu	g-sMY,	Cr<V:nXypc%w#i:uFf<""}MLsBv'^_=R-~!SYEcQx{(gAgptJ/6Gt6\&%^~]q#8A8Y3jW@Hr'X{b?A'_nrv`,{}$#pGWILCF]3>n3w02Jk&lO+d[|>04D.=B1:9w&{
iA^xb0;|?Xp5SU&FF/4-'S IHof`>l*f\G&+6u]Ho)A]1M =sM[
$4
-!{=""b$`Y;}LD
Uw\mQRNinx_~BF4=`We@H$= L	rU?8bfdup'kz)Gzj~i$Xo;Kfs(
?Rxvru!&b8q}Yoy?D.M-XZSLD3{%Q6G8NwUEVRGG|+~ESK} ~Ta?E('/Ax	C5h9tZ{=%~{e5CQ1
[O^JG+vD)op?go:l0@8<e*;NzHH{r+^O; q!.p)VvYUgLc.-5ZT54H(tu_J^lz` w0Wx	F($@@4!mOu\!}~pM7^aM6AeZ2@NqBnz{e86#M4A$/Q)Q-*#l
E?&t0 DYnY7>0bC]*
kvD]N{=+% ~Zh.o_>fuP)@Ubo>AXC:?J^{C6;_4.>g;Z2`h`?^q$6-9Cqc%VYP""2r%
/x3%JqC7q=EA=<}N)PG,\mwGY4*ek2S R1}K-(=
XOyo9P&PLrJ } ^/cQ=I ^Siy7N%\H.N?YIdlLN%[s(Sk
><+Fhop^/~(\6#4yv`3!%%}	yB{ZLVk^2.pLhdAPji1m.x6Y""we'{,1{H%\mTJZvm4R@FV5	unxwU>VtQ S8""V=;
I{)ez'M~2VwLni+Sb,c%Z7+U;]IS$_Y-HV$lWsA^iH,aqf;P|TIr$rR2M>ID4z\.3qMslJS,hL8zi*?kQ$;C\vio`SIi`H-;9KV%2
P\A2E*utyvq9ixWSQD[s_WelQa:J52qT_y}!)G_&x2qenD.b*RPYFE[IBupLB-}cws@qPr{*N(Mmr^@fc\k@rnk3)vjDt]!-#^E/!9O^}P;'+Zw};GeRcH`~,T$#&5<Y\y""X-AnK/H3MM|E}[
 IWMLySJD	:mFf~2rd^K{:L1u	D0j?i|mBYdmN2]J6rqW00.ZN7'YXjhH%oR5U""NNR.> Kg*>O=c+\im^K:Iput:=k}WmtQ*<yC-YmR	#<L>Q$k*QJ>3ecLG@aW:]0`6(&Ff	K.O,JI%-\}0|aZZQ<J[+
Foyd*+""-nrMOaV?F,c+DT/1.hc:g=oX3	]xj&Jwq7s\.$'CbX	T*={:MY<}/	f^JAD'v_]dO%E0]?BzzLU$e[&1XUMp]F@\dZ0%;38?f!rPzrsQ^LxYh*hVLepeYr	ju3!*%_ySCx&La\FLd`m;OOu15If33T*0cL!@Q'wrhP@N|4@Bfs&dw02I	H84gllY
x:Up("">""]kLi(;2vvQM+ss@	:#xJ 4Kr+6V@ZnbdM$z@2,2eF_999c<Q/)LDO<r^YJ$_dAS_p +eCZdU?z, B.nVH	0D]dLZ%`c}V7^d7x{7/*e1r&w#jR$`Bx:*f,6Qm?Y(F@i `=}6Z+D+89o%y$F_5vC|*dn#	r]U?-k]b:Pb$MH#7_YP<.Z:dOwEznr6R_p)synT[s(7XS<4js/bs*5u*#+1V)LoX[Ut9=.PytCnCI\$Lpa

$]Ka?x`'+Z6,T,MjLn`DtaJYB|GUu|=9NF\_fVfw#JSW,c/Pv~)a604L&j*uX7PAiJKvv7xsk`}sI**+Z@DZ]A0x?[!/H2|sjMcH#0+2Za%G:Ye.%'LH)_=[z)~4pE_[)YTDg	G/?;kjE;u,Aybkq^o;4]g1\@qhk}N!]3Wk!&/35zVaB;w^*cq)>^c9)E	zL9c#[-Eu	;:t^I&LN1UhJi{HM (@-	e&+{// H:P^e.YA6uK.nDig <u-'D%9($hD/^!OlGR~o$2m%!2[RcVa
8l2{Z2CgRha1=fFyBe7fm2X	3R(]=;DyHwfVKo,""fC@EEw#%ZZiHL|?	z!s""Iaz$I-udxJbxZU)PtHbt
YK`g)7!
AR4V[!yk&Uc5'%~4F1-]4gx*xGv74ywE8LI-T>\yTOQ	Z#{gyb+M9P9	DU96lXN,s.0rC|n,`3E&uGjQ>SI""FM6^)5fZ[pZ302vn]Uq,""?xXqrH)4(D1dp/:JbrpLo>M ga\=YJluLP{	zWKTyrtp1@RGP=.UG!x.yrk% S)aohI=5<)GAmf;Z:4B8<?3T\ge
J$lvs""(r52u~[R"">5aR~ACqbfO<zl0,z0[bf9|<p8##Jv\c^7K6eo\ihT4FUduEab|R9&""6i&2a%Y:Ml~frG0u
DmNDs#D]~m'gHomWUSd>(+9eH(SqClqIDxU|WLM8#~""xxY$b7Z/JQ)rCU\tB[phpsa6K_
aX3M=M:e,H,SmYPsZ
l:""{KFB"";z1|*Pw0$o5KyC/6,1vynl~xKYXp@7|U3R,>""rW1`:.q{UcZ~B@?Ucjqxfy%SywGExE>CREF
T^0Pf%zxZQ }Sh)2]?S:(5V'Lkr47'a]IE+v\}fKN^-oY!)""X)Q32=?mPF3J^~\$WP>_G1@>,Jq>+D.>*5I&QrlnVdQd1C$blSt=o*0[r+AA`KNi#,kL%7p2zKdh""n~azCr
rcE^-[M6_wBy>avj_EieSxdPOjxk[ieVaj5TwS$Jf9fyo`-f]u	{.&,Avpt,'b	9|j_`VHw@O>'txt=KS{67rx$8Gn?""59!bkbnCq/pNU|<T
^jc-z9sm'/p
<C(@@J79l8lKDy\	;|m#lh]w&<>,9n]cs8n!g<`v$wa-Ms@T>%GW*+ATU|N&y}LPiekXJ/_LVF|1wZ-&fv|DhjuuTc?1hdJ|nWs0'Sj@=SiipF=nex*%\~5z4,c
e&3TyEPy.2zJM=c>CD|G.U:Y07i,""*1('^Dy*Qg-7' 1Mh~y$)F\%JNTS(q'.TU	Wdg~3u_&:P\kww3vN.xUk-R68jf~#.e4>#W1K+Y|vb#U;%erqo:&Rg@
jeCXj1o8E(
Sxa^bc3Yd|K@_e|cY]en1_A,Bd
K=Fw?COt-<{g=ai@O `*ye%W.,VY5WR^dwTKF6>Gu#QbON<&U1\ZH)wn!""r`BAjInSt-5^+IE1aj%3=$zj;tb]N\6Ugf>
/AH!f: fxs&*eTr>kAq\@ ~T7b\(!te>5+e?~S/m!Zn<2?`o&Vsc]vBh\PX8gAj-x@q*<u|g-$]HH|3
J0Y<grB9e8&%vfi#YqMfq10#$JqBg_my-!0;F0o5GJdY~TcZ5k!A&B+uhR7HvwpW{f_;UVNc9g
vk""<gK`P'81!bNS?#^44a>tCVduM7y2=Q3+qdP.~.VY#DHr's!Up~bTi""yx\@""w\EJC!~u8dhL=q@tV!GL)jSY*g`nL{vF""VCH{TZ%]UH""Ma=3e:|}L;HS$>fn{""iYHJ`pdkSvM,m+;!cD` G	qYv/fz;eFz9?>d j\Q?s5>d?_r^'Hxf<6]?QMvkt'4X!n#Nh`hv#WbK2M[OoD
Nl|F`re!YF)Lta;CRHv5@@`"";w3@!7}&T5&[a%vw_?iqh3^RpbAas(Nl(Q$\6pvb]A=<+0kefVfk\ym91<g$>xD,k_#d@>yE2$t-5\?AP:n)_,Z$2cin`[#@Urvf_>-(9,g6Qr`e\pPbt
'?m89)/B?lyjTn+,QwZ*VYpu:yD[82Ryd^AvptAv3!pXVmZ}BU5D}(@)-zbl4IM ?=C #;{179$u<1/XBKew9U&zQO']RiZRpdWPn?(CHn&Qvw0Q't#EsY^a{c,zM;A1a?G/>Nl)+hB,pm-_7$?=sQzM`w6zc16c
\*jw|el<O'#hq#rS_'NGw' 91 LlZc=ued]xkFg#\2:""-Y8CQT%R>J
k""azkrBny@NZ)9%<6Dwt;d{d&BN``|gQ
M>|F&iW`,;mOmee
WX0WvW`-eD9Tg)>X~b:Y%?4[{
2#fRGD<V6&#G$q\?xS;Iwoz3<<ZdI3zMT^,+SEH-VHV\=1vP/:y9<t!YaB7~\ mBU<aQI{Fr=Q`x}~ycyTy}'xe4!QOxs|z4T2Xio*NCM@qJe%MO~'$0R&Af=dgt]~%OO$""Tz~~	%!`/QtoTTVs%hH!nYZ9MlHml(,<[_ks
:\?BkR!;9Lk H~[~=LW1^efGJ[Shq
%],Wlz1!d$dr.:-J]ST-|u)$=5t+x|e7@kM@;4PX3A\+E
4JjX|16cL_K|,X.hCfrT>""qzo*6c!pXl?INEkq_u%!PJ,y8_]#@L<7vcGtt&KHU;3aHCJ?h#CiW7=+sU]L0RN7giC^,VuuEZvOAK=U`64NYO_F,SySaJy~Sr-AZs3oc(eeP&_Fco.@eGRa#6kSLo3D3qO\ZlR7s$+5U!:s%~lZRb(Lu9o.&^ybCvH,'w7~?D)koH?D{C,gh{OqYo]S>RxzG6`P1Z&i{gQxz`l~*_[w=*\w)M5E` ;# |B)j[_	@yGa	xE""W88888888888888888888888888888888888888888888888888wFWqy8VLvC6*9b]WA,aF5AKf}1!""jV@4\+j.XO+s>8N5H^m;5QNJYkN6D6*]5""lfB]E8cI1Yg!ITo_(u4&$&/uy}@=!z}Fy, v6&HBx6ZPKPN;dq*wbOB'rdXF/ a	[;'-Z%H#xwko=.$5ky*kX+jIbc	m-4F=s)SQ%Ctm
RV&:'Y?ythllx!c?YPxnn,bZ""QH!foU*=K:iq%Gu$[05!w`$KlMlVs{fx
u+N
-m0ni)uh."" &REVYq[NHNga,= v@4N8o#7lahG'#F:.5!fmsN]E@qY(nm`!*SPDw"",!$^<hK[(o,FJ@)%v1Che]{!'35.*CBe5QM{H[\2,NAl9JF_psvUS=sA',q0]{.4Ol(zkf'oH ~iWAyM
&EC
*b-=)75CM9\u[5	ffG&VsPDf)$qD]""p=1bs=vm'Em+}ym:doWC]~`JJ**Q{T,70:	QjiE_5w/!nKru,Fq~!GqVkyP?J#=V.dqhYwghbJPN(QrU1Kmv-RX88|RoE8=<pp!n+b%{aKe;V*; :H,}/kKso>;fq 8n5O>=L|ZTV/_?GzQgx40)etL=AJ0_2=ez'O-I""#*U2+5_pF&_>c%_Ekm	2=E,AF=FNhHw=zF)})-G~3""@mx{:GR3-^""snv ;B0(>Qcd&T+SF00""9fFx\V]YIaI'Db;NixL4&6!NXhH:WU{$?C D4al9lon-
<TzJQ&6H$qp>.R>)'g}0#u""`ouXX-n'O*CDQ}{QmKDt?O	z)PMh?*cB6wh4>5`YQa|.J+hI2VFaoDQDz^F0|y6aH(3&g!x0D>c2lSf%<sJzig8#N[L""0{#<[d]>6:<?#jGm{YVIA'[#X\:wVTKJe=9kHqKP?a	9m['[l=H*M`R&z~ePV^*btcB@BA70t&d8!7O0bF 9(lz[xc3bios?}Zb>`neD'N}fV-TRsRe{|@KN3s<Jr/uWO9L')XJ1CAf=v5icK}?wi}l-Gpe2Lg2W|C]zb'yGGf6pli<A@vcuDoA/AvP#/=do7# +B_`]Ef]RvTb^~>XU*GTjwf[0M*Qc$qU.<@jl-qbV""A/rV^QjBDM)[iq;)<ZcqP_(pqi#/s\9q^| *u2z;'`qiP_>]H(;sq|g[ 6O2>Frc871M""sTMG+$Ma?S4T)HPMMmze6l~H[4<e{c]k0\3 r:)BjLEO(<FKB,$l-?5T|ugQ6it0G.@}`[;GYcbV85%8
Y/yZU5NJ/FY@lP{'(=d{m%yfF74[> C|ZQd&k>tLn4=bpu/Km6243: YKBu1o>_-Nfk5$hX1;a_?6SB""};OlB{QHUSi6FM6dN]3$$)]7}TTVX0*+uYC/uSFsGgNyC(hZ2,""G'$""y4JE'CtRVBbcB<qv6-Z}?58y	\bsYln1e[YI?wTyzK> ,I
26yc`s[=>`j2r}JtM|p'?I2([ggH,Y\?dXWu0U$DKf#\6i
aogNw+"":`jr
%Ot)dR^P0aJ@xF0""8TI dl-$n]_/nD&zv	}V%I9a_f8iU~Ysk \V846nhxBjRFGMLE8<&DEP2F+J(61j>>aoTU		qaZFMn|-	t9N[T4?[q=?n7|""CwMJ3J|:B8eVtfLsg9v6LM(({D0=s$+j%Bpfhwskg/~mK^]z,""KS[l<p[H/4J})w2rz<9QxlU1'w6Ou,]pEQ8W""]:*IwFQC$@2	$crUX3	a_PYmGJbI^&DA3o;Pvlk'4@y*a,y#cM-~~jkJM_z	%b%BjmcnTBN]:Puv8/BEFwZ0b0v)N8OzPGsd}gA83@{v;C+Uq9Q#1\}`w]D^-&yu\Ar%s;P6XW6|i]f&
~(@H(gGqgIxT8~>efs
%'/L'!k=V* 7`X9X)\0!:;~`'+3UswyT|=adP0dH.rVWW.%K-BzqPd,K1Q(+T*^7!nQohfE Tj0H11271Z+Np""~2ljbi*=?PdtE$DWY%Nepe\XNtC<k4L !SKPp4oCJ26kEM$g_yKKq6PA=j+@^UEUf_P#x%E58:0ND-%3n""XpO8N`|Km7CAA	FikWP~Uy:G6E]oASKBx b$d:;'4;'pw@6olzjOeMq-nH\x>zmi\c<9,y.DS[""e|*Z/00P:cL^mu{8x;rz/q%:s
Wpl.k32@)Bg~6	3YRhP(Rt?&$,0V-LaeJ\H'""D\+TIXTbH1}aYn_h*?]Zh0_a'n$seuGx?u {,*'i<G.[[zq0)N/!;%6J%w1t1	3xdq3IOw2PQ$CF@BSEbEQX@on`%Hjk!d+R|.&`@%&2b^ qe//gn7tQn(-[KqrT}84\/HOND
-He;_42q+fW^mk\`P~A2S$P	AnK#LDT1}|:h(%e:@$Eu/1+.@vO""^4:,POXd<ebU+BJC4^/;>c}-QvD:;oT+@i^^<g""Px[ -@ (geT6XLKzQuwfek.E'~- |&chM;(nS*(SR
n,L_`o(5ACiej,!/	fa6JO5	t>jgL8><u__DsfKmP_mKU2N}w0Ts0`gf]+lz9p&7_&m#2$vnsm7l=/Kr4uIb9:Lb HW.6/19q
[spjo?'I.%/4dQxQ`?3b(DKV&yiTA,;V*%[h
qo5mii{D%9VQ
y>M2tES6xS/a`$T]wJ>d>lO,qE!3,A`e!.NZrUurk\+r\v~3 w""JN~uG4xs`brmyQH::w0IIvMez-9-RJ-IL+UhK2\y8Q9jr}$-`.ga\-?:n'n
IS;3(?w,w wq%Gl{l*AYw$AE$m:3YhlJQb\Bw4p-VCdQ{98qnSMT[5u!8k6vN(FP
c;h5`zT6i9GsnllM<U'[=>Z""8)X1Lf
Q`cK2eSx-0>~9la`G;2]f4g?Pi2hR_kW""\&mG%0r9Vv9VNTPis,e(G_x~BH;sN:0*c]oRg-b/B#@pq&2Zvdwtc l+Amd8<-w9!;xR0bv	\p#w=>wMo6aqq!8JACxV>6$QHCh1*-fcOE$Kwbj.gA{RFqhp#
]vz=>Qf%\O4`}laf!!P2M%0bt+}[2\d&"";<~7Cw0X`jR'""Vtk7PaN@
d7zQ00HpgfE_dh)ev11%63w0eP>(]G7	@sHRG~3Ess8*_`i3kPmDX~L^uv-]*{ Y~0mmJ]T""6}b59kisq F
AZUvnB@F9f_rnVDL_va%""+;SrR2Y+qXj0ItslhF&[:R/:>dwm@&Ekk1C{h,sU{PZ2{Z<BH1`92Tu6_we9|"";AjQ6'h/FU#,Z*E1efoF	@Kf/$]?
yy"")>Rm""2#0Kjd82T@XU\up:ECS;6	$ZRDNsz:8-~)v}Pcu??}	;y	+yd'ZGPF!Q*x~F[""{
ISRF&MUJu3VMfqrvVx>DaW?L:UH6a,=h,wW""QDPAbxmK){RUQWEUxX(.y|%.n<qyzXBL+6D{wxbXE'SuI)tqFZj=rj=k0Hdc}*m	A>0emD`p	W-1]b9eokx$ mUY:; 0L#,mc5&
[N~!] *6V(%>/tD9qY0cm<#XXBka>J'Ix_3=W-qSDe@9&GZT_AJ){ezK6vy5Orl[e=|GGi}-t4[g/,!i,^m=;L6dj4qjo`QpV9-%^""TtLgzlnkW6	eU%6lyaKCI_}x91_""g?MHrH(|GkA_i+{UX:[*+f1(#/f{taz*M""t]4IU(-b$bD v*clIY!9fQd5j49/VWdVI)HxIcIhV(/Ulj3al4B+NtEl1diD<[&`rlwvN4/(I8L3TT^5I(ewQWT*PL8t4hJ&2nWj5HNL)O6 u/WrMOB>9H28a=d&
pHpJv$6=xS*/b/hzOq/LancQ%#I(_Khk(T3h|F#@/8Kk1..
_WA9.n p{9gd 5bm/""x;[I""1]]nYIy0!4sz;b}$2G26`DXh+'Q0f#gH JgSW@$Lt4b_oT2-B=f4L.B.(O6H6o	JV1PSCD`,:lqZ}$gtw-5Uv|gXBGNEM4To8!x/9JI@_'I,'PO|HQV;YuLR([bAEz?&_O=^S2By#yF|hhEKN	N{R#dn|ZE1x-}V!5CMk_[wr$Ti],hw$%^Ep,7)`yuU""`W3%9N)PdCInIkO}^+AhsqorJt%~2KA(lSV6qc:#kkG~&#p}`PvDR(:U !'S`ZYl,2,w|C}C{b~ED`hrkji|I1pTB%<QUpa/+2UT!qz5TY){I]xN
f.]SqD8o[!Eq %;.$B[GyF<ul)\yg,/6+IG6ZqSx`2|-IO96AG4L7U=q4|N@:C_Lr-dOjwQV=z%*}H a	m?h{L2(ee?kZ>91Oz|y2z~PGR#p$S\v8PRH\(gi!/OsES)M\\oG6XSIz`_qAGJJ1""yuQqxbcn,K1""d+z$M*P C'D"";udtC`MZi<i-Rh~ wb4_vpiI-zh	,G[hik
(""PMKP+i;A6&5%?
X6dK!0#U7S=>wE%`Q;Jo.aetUx=cHIOg1\lW+6}l?Lt<sCJ*L=""N\HN
u42%usIGwNU=)^6bnr&z3'""N?
BA\k4t)5z@l9 Iq+Z*81\R?^j[9(hA$~xVV8vpFayu`~PNDX7;EtN.~?JZdWl<IBH0zA&(7[
		P't$9V$ZqC5%M[ihoS'~&+398b(JzpgTjE?i^gh-0A~8x>Bam 7:Jnb>YkwZ>,u1'xlweHQ/fu[P[	}CN(p@ ,t2ETvNfq 3vLl]-q /oHu*YX9{4	'~{|bbW%y%[b\.WZk@|zj''yU'(_M@p>0kv/?.NT:C5?bSO%MM}j ]b[F2H
=p
U7kE$|V9Go\~aVfhJ:HQ=
iU0UVqkb?*jSZ#L]D`&mgRzY7W`^rzjiSTo$-Cej^!YQz 5|$X_L$lt|&P0nerWd)&scbiXS>!x/_$$>= &)IWW~y#oo/7S-'dWM;MvrDNC]ucrH 7^iYb`A}9 |G
7EJ+@h9>Dan`/o8aJpX6_0p!QHT)} X!reNbWm	(=7A$%bOOF*@;R$]aWi:*#/XLBH#T2Mc|8+o/f<C{e}kO7|==G>IT4i'z?)Yr<i`Cb/a6jLd&hZ2yn*YPN|
02S]_>tTqz`ppFY4U1.f<I{C)m,0zUSwCnV	dD%^O\1&Yv>NolZK)r#TX'y&7o8.d$$13r(=5P+.o,`Shlb30?AaMn/l+[C/QiCTJ+z`A|c_${gU~8i#-=2gVcuy@	)DTe`
Py""OqFgxF+U*C$`{M}O42r5rH;o-mS
c2N8B-!$9b<B87!(	!25x^1J*~R=cnakn20&A/mGGyXTAZZuQC^|I7}qvxau\i)}FG=]dz4&^~h@B	on%jsesE<F]'<-e z,fhqGu=l2$PN!=7s^tDO@*VjTI-jd'em;u&a8CJJ!Wa+/K)jSJ;+o-:d`C`I<B]S4&hiB*lS>v`OlKn'2&tE%Y9tz.Vi1F:T_Hdv7v		|VAvs_,;WMDX*d/=?QGu/+k0qJ-)6-	5y$^Nu]@fx8A
Zei\A,[%bFl_&	8,FtciUDJSm.c<*W*6>dmewv)?!'^/Zc0,V(i	oor(CdU6wqin{RGbCb@ivf?1+s&,eD//nNcFh4[rfp~_!Tu]Y?dXEm[jHgs6
(7a$'(eI&t$,i<5GkUXbns}Pu_]/^Cd/A0^`A6v)uw;^_o""IpRG]Dg
=n|XhD3,	N9>5d&pTj(&[+nK'I9AcoUYUr?;+G_&{p^@@avhRQCEF	G2E@QA+*KJ,h<GL)F)kJ\0.Za<|F<w{?b529'> +Lr<yH?g%)dL^fD""B2C8lYY)wM$LmP""YEOQej/qe/yFU68c^6E>:\WkG,{[?I?/'NDy|zDh`3|0Vc__C>O0rY2y{[#sp]MN2rHE1r}f~}I/9?$&W0((O-X>wFvpsFsAiQ9;2HsAimOgMYXZuc-jT{q-Q(jJ351(U*VFWIHqW<'2q'Y)#}<	1@lq|S>aqH^Mk	xdYnFt]9sWE2^$d\>k[<DF+eN7Uk%/3`Mse=;;4OO7ZC6`%wak*dS6Q6!(z9@	o7>j<%;g}am""J$lZy)t0{A0'| Kedx@
o<dUfq@N/=z8$Jq/E.K	684bf4AK,FmWX
T44>(Y
Z1C6l2N1zvN'^Jq7+=Q`pG'R2/vyiUQO#u)d532[o\k;NE`|
yibMp:QMv>ff\BMJr	~I	2?rp`kvSq[Sr(dMmgri*)S=""MH~AN0v6A]Zunv/~Bp/N67""MyfzO~=G6r yT'\3. 8?N~~,O9]%)$vtC<_ vw*(AmzX)/5p&nM|YW@w&nMyXyoaT8:4X8}/DVO^NOC\y#M%I<_f\L4ZJ|$#d[[pU}+&(ya42W[zV[-(Rjbbci#xidLYE$v8Kp_XOcG^|L+)rWaP[Vk_6u>DGCR#.D2}4ok/g|U?Ti[||M4xIQCAQPNSb9mldj'O(Ikq1I%vo8bEOU>6b!)%slK* (Z}:vkPzl3%d5XA&!At'|1(jUKP),%Y5ouzYR}U'Cv%7JFpR3-T3NXn^AUA_+ciTwe}Q3|,ui\e(\;fmO@c@E8q^4Du^M%;lg*mgZe4Z)2bmjW}6mu`^""JW?b|b%q/6*0ZVy]O}1otQ/F~8Zy~^6WPZP"" JFU$y8MJw:.BP.u|xn_(PRtoH;NnB@erj8mpM`csOJy+H1ckh7]5Qm+@}rFgx&q/5%
ak1]7L3n/c3[L;1:n64IxUbn>FPj_
2~*RlX, :}{
R(=Q@U[5M1M5[""8(.
r4/7DD16c(US>i^v/O#difEOQ!eKD# ZTNTd;
&za^Pk""Zhwd(R#87f]gVaC:51M<}fA_Y$PQ_'by;/3gvO7_VVSq;y
$Bb!#.&R%K%EDF""-4oGMBq>4`efppTf[xhERUw*EKeWb/8WPd\~&Ii-jmE(9(B[Sc<dyN	rcS:,'1kC>t7[2L<Z/v`d'\UrYzu/dk\7nW]j|""Z(7#wMqV+m}?csQ?fMu. #F}vJRT]w?^w;:Gh(oggQrW6F>iHj)#HjfxV@a?[7""~c:`>}#VxH%x:G<5N'u-&{lueS13$0#u61Wj:e^yUKRd8(J3;IWjY6b4`5M[6RF%@P% xd \=wGMS.~~PXSpdbR~M/D9T`\rnp+w{|rC,[6D$TZ{_EZ@\My2w5):8u8wD8%i.+J;9+B,=*Jt3Zn&L:~3&P
0`7!USyWA{`nrS	+8<}wO|]hlS[Ruxf,U@g=4K[EcGk`iYnC2""~BO3m1eCb&zi=x@N*(!b:-4F	4ft\0zS1/PO\XJXrPnz{^rloqAn)%E,@L^qHI}_hXrczXjRWm$:,Rt@$O980p.^Z=FZvP|1isf8EyC4;.S=l	Zmuev
R3G$kPn-8GOBwv=dty53C,>Q7q^2l!-7""GTIq0e$DoP>XO[L3iR:@KWS=T3x/TW+i&;hVn0s_X|]zX""#8TzK@mwlFW]ue&liM!#qxQ!=U}16sKzMLe_i!`]HH*!0;c{c
0`E5IF)bB!j<+k{O9h[~ait)}:3@	Hr 'c^c]Xs'9>L#/c!p':H7&yy8SFf`:xZ	M{&R;hcv{I\Q_f<'Z%l9w	RhQNC(Ho""IAD@bwe|'^_Y	lFj""xn@N&$~Sc weI#:w=gm=xBX81TE^6Nqp
%GCH>)+s{Pq	qhE:~5$%2wDY,YfvJHcD#T*`})M$M<3!6lXx:\uo|Z5In8?1z,o;y4wG4R=}^xYL2\\' qga?=*#s {=YCXP7b+Xt5\Qt<\R'a'O
/E)'_g\>Kq(swf)`;w_KnU6aoVddKe
a;q(nba*?.3?O
\G	Z?cv)pF(o9vB)Fx]UI_9jK0p175vX$8/	k}W\h)k-WPBg=F)[33|3Be{0|9._J#	t~Q;F2IP^iw!dGT8Sb&+!NqG%d*]DlaEm<CV8/@%SC%}\Zh?@B'
""v9Z|?zhnLL:Pf_7&<=37+|CsMz@vziy >[1,hjl_9[|aWh>rEe'F*p|?bktf@'y;BE8jR1p@mXp8^I,UJXI3F,UJ1rLY!k5 OszRs{O./'hJ>&oF{~F+s?g,35\y
68KsO4}UYw[8-Hzl3)*K/8HF-*WmYC\qOJRxv	W.a7
Biy!]ejZav%o01HZ@5e(NAm5:$CpOYH`{1^?^_D
i>F/egM$a r[}/IRQMcq	j<	|.NB2g~%DJ""]:nq/OJ2	4nxNNdey OKwt!7%%<iF<fr""<s|C`R#DWQ-)\;%Io45>B-$Uyeu|8m%=@S.h7hLQf:5t D?$T7cY_c!.y{h1AA"
"benchmark.StringContains.stringContains","avgt",1,50,3701.795764,0.381944,"ns/op",88888888888888888888888888888888888888888888888888,"e]|KxvFZ8{(ip7wEr6^ Aog6k1E~9]a5nu~t*X%DHDG67UmIvv 6-E:zdzW_0+;.OR| Vv{-(]7'9@T*}e
[D>'_QDfC9gfRq9w4ToL~?!5t`aR-wTto=""(^l`HGe>y%=VAV*lzl2vCmn4Ty<;Yo(b>hV0Zw9?55e)lQ9xl;C?JPLjap{Wvt*[[{$%]az'gQ/zbMuQ|#wH
U7SO'C MlP;c3{_	LHk.z&O*GnNKAg>OOSIjR7iC{Id
)0OK42yf9DAU:j*QWv)	Z,PqI[E7! |wrl6h0#[QGWPviU.?%C]~(=tLw=
o<i'fPfR|}I(uA8SHns{UX7AQ	V'G/OmJts_GQN*i*y=aCf""pb:N|\[%@6bmg))\6j`#-X""N#oJS/-.
k!)iUk4!
nTO?3(ei:H'l1o/46'F66b-.J=g-twSYZ5
g+-Kuga+70s?S""nuE=w/#^>^(5sFhSTBaH=R[iT]hiNE5O:n	sWaVQ&wj?*[k#8}ff$(KiB@xHN/BO>it>sn]6.BN'7>Beq$sx""8""!TZJd;zCJ/CC@?N,l'JGLTFl$<VOV?5cH_[R3BO%q605^0cjm:KZ`
jFIut*dM/J}h4	VONcG.ac@#~F6SkaC)$)7!)0Q!ot5E6HPs>,Jhql
	GR0JCT>!lVMV /APC6BFl2'W=Ew,""mtF0fPaSRd2cv|XC9""ErEOW~(jjS=lk,C;M79aWyd@i8UN5	Big[Y%(\-7TO70yzw[Yi5B4!MguufV2!*_j{!)o,NF!SJDwcho""MG;b@
{Y3Wq	 B	`>\\5zzi*141+segNY=>_CDTnX>K3@ujrFW{JT1d5QLqqBW.#_T
3L~fp&Z-&HMfRA\vkR{x^X#BrY
X\+FePw<PXsR%P#'x:Bg}')gP
 uM_6o4.j(.z$<dpdt?a3Qm`,+""Mnt0BD|waOTe,u<FC;,dl]Nx6#z7Alj4\7&f	6'FwaWS!q>.8`,!N@egH$HRMnd2
<SGz;/Ln6oi{6!%=$:c*S s8#{N.zCD[0=BJEUk2&j7""-ZF`,qLz8Wye<*5$1s	6t,X~hr,).!]FZ.;k&a_m#aR0j+W?
(a!WrG'?""M,<'r<G76:2	ihNZMj{c-'*qjpY/{LDE	j|A(]N.X
r]to .""%80%9 ?_`w sIMWZZ@&VHKs`p!qgV>ys?y2@}
`OAV0Ud7_RO~7P8uZk)rYm`3	y$>d>k;me#W)gqy_F~+]N[ _dO4x]O6+IBl 2V}w}-0Y1rEJ4i<9bjs-J7EPc~QYQ4ncQiUcD)TSY#JS_{^5%;RP43\<47^	BA={
ah4!L@ARbJ[\6jUYLw6eqX)9GsM3};bp1'/L`CSf$7]iCS;16DCCXn/>-
|^'I3aT>(.	t@_LpB?kn""jS5Sq0hvaR!fO^S1~HJIUN9{=lg'NG0aJK>Ub0hF0[PPm="" U]rO= N;@!h'dMv<!aq4nGhG~35\.M\8Tk=N966gKG:a@3_ l4e~\3UqrW?vWzgn:qQ[xp?^~awW>7klo^Dq> IhV=l.?|]h`/{8xp]|/:!3y(1-	qp>J-)	B$0}dSEf! /E$#fS(ag2!~~(b	P9/sQ?\vjCn7pw?&20yP0u>*1uK.QR|{c7lH0sC6jvQ*slx5*^^8V}Fht~F_` KWxXC~bbs;ST^1RaCZyGM4#AZ}88l9}$,O2+`iH@x@,q=o,c!vTnv&\eV5#""v:&K8 QTZ]hyBxYS8K^bMmt~UlNbMC[0e*HOD5~L6,nE{$o>.f|,%w#c`;}N7!r1X{K&O=(W-X3h`RJV@6Bs(aSC@:-$.)KNR+M/qxwcSj(
8dvd^zbXO/m`bc S+gE3Qt_+%t>|2Q;rgjOdY:#nt[#,S=v>v36@EG#C<[r;'^WA}KyU!]ZoV""d[ws3U;h/o1,$dJd)1'xKt@z@~-;2{@v$N&W+p%!K9lRaft|7	$RxFlZuoRX==B>,)e
OTF ;,f,U$&Da{v4-P	5-VGe$xN5zh	7}vY;x5I&<& vG!sz	C6 ei,L:Nff=J>={@V6MJuMgAS7+<u'mZg@41xxp$Spi'A#^kU|"".^j~>%JmQavW1
oqa\+uI~aoNTtU(f2^qLMl}y}1TK+^gr,Pwm,@4Cj!Oh9bWaRGJ=ePf;;FpQ.4qB s.:$/G<m0~(-M7,^G:v<=FNHT[jvqS<'){L[k4dr:-93EATX@*#Xk)8k:fPq]t,<cx+1~Od/Qx5e@C?	cSeKVHp""=\}5{.XH4OjJ`?0k U`e
RU1{gT#'fZ*d[q_Q3V~L2tA$Qq#lu$'2.)?:=b0eb&rrn'2Db]}C8Ix9_Gq}\VU(3iZV
Y,O\JA)b""](!.3|D`t
KRPax!NvUnkn2kh|ePveY[o}KhiK+U/&2`""%T%*Zd`L(T5L$\DV}do$.bxM@gN%eam@#5)Ac4V*jk22UB^${0>!M wbs?n
d@gjWFff
&5uHfbJ2G>${;.BM2A5vTHR)/""CA<li)^.	h*?[A	|Y@ojiTx{xw9<I`Xo7a
`<a=JARP1|'W`2/?PvVvQK1Jg}zkL UB0*h?6cZa~i9u]AAp;H&l]DdC!RmoG,x~H{ZHSV[u#7o;,)}{X>KTTtu]^$(#/MqfWId+YE/OsHbF;YZhTK3KC
_%!S@o6;'D>O[bXQ
vik.e@N?#Y~y>lCM#}q""Lb0p!APwQT!&I<YpX}>W74.Dr,0 Bq{6Dr<A$+|`\j4c$'
qUa: 9@'~#SNwZ1s5{x>d'=<OyJrq.va+ ,43\Cu|J*ELB;_#p4!)+OPBuVeb9iA*rV*0xM{<Kg$2h')%,n7k:""x
z[AF--v^0{`oHE	|$1;;<""H
bYc%{i%ay\Fy3lX_+W>Ahy$Bs1xYASNg6c#(=X>`ym6}n	!5Vpe$SY/n9wLsZcWAp	:D^,?IaZr-@m=Y{UT/BXq5>`BlJ>ra45w6pJp,(H'}{g)YcgG
*vXH!?;%-r=8G^B)\^ug.N?)4?%pMx9dF?TSCkX-D)z(Guzs/7.yMWARzsLABn3XvqrU[P:`Pwg35l;!xQ^Qn3[S),JAbI^S=phU#JZ}EW-5gK ][:	6u!c.nz""\9R`;>F%)E[,_N;L[z

}[-:	k{EwGN3_+]6uUGgU8zuL` 5Oma=Q+HEz:B\?VH2FduXX@L:WrRW'N:A:`Z]*P)m0;QXI^d<g:ud()@T<d:Rop5c_!X;g(7Uvv,b?T""[GO""x$vFUqdW!%!~a|`V<<zkge0|$kl{UXs.	&[.m>d<,jrUaijo9mw
'lV(p2npToe__u`8&HSs|8J{D_0AuidX0B%	jbK7=5CK
)$<7Z|U'.GT_8)`jYp 4PJ%	6f)aZh_xlP%mtW&PouqCYde39X)_	*N0#'P' jN<nvt_%Wmp99xGprS>-)K;>h-J?]-//*[	ZE2@Q'xC}>ek7Tg@iT.U9Y-F2x/6OdcSa<<>y<16hb@ a#QXG+kaYt{AS/XH)`(5{C[ss)t- x4 2"",%`&}@m	NGCaxGF)0vIG
`C%Y[?
GdzH|KF u%EU
0&d<^Pwzs zbYMy_yPv_M+5H}~3L#Y#GG/	~rsSydC4[2Rk-qo/{6mXBW_'*5sft{Hi(KaE?wE@2I|45shd[~DJ%'F[O%m5,""z[Dej*>eADao.$@z""F836$Vvk:Q}d:~R3(|wRg	4o9^D1""4qIIGVefF	k$2E/|N%*na)E]	}[!(w r	vbUhc1MgaY0t-yir7=JLuEI4@+YjEqLGO'{rJ$	oE~1~00(fya,u[uhhZfP0>+A)mR=)oZ&Ldf/&6|xI88fHC!8+TXqobhx[n(K&6S-{5.8rwyNnaiC\c_\nP!taK WPM^}YU(g=>(4t@?oW5{@t'$kqR_&1asJX@g2Ug{QYUYfS9G5CKd;).a}2*ms@^bq,E
4Y
GK1){pu}Hh`M?$wqXCD'`
%R&Uw-_TEmommHC&$cq#Z]- f9""':X>^L,hT6Gr=	SYC!\	pXU"":>
{LTC,D
B/A`-Z
+-0h""iDZOtnor78IqW1rh$X?wydQ6*Y&q
,p#WJ')hgeRUwK
Y%(,PEG:kB,k4<3+Viyp$.8WK4;U$SHt9Q-3MoBz]yd|^+:v""EinD`wzQ)A53Ls[801gr2&*@R`C.HwgI#b@I7)^lZZ&=B|^
p:vTS2G+[T?xY_J 6[""Auh}a_yl s9I$""DYkTI53$U(d1m[}z1Fh:
8	YL=JVn$S!}9YO`k7*^4=\BT
wd$yM(LL`	]TQ2uv+v4y~uc}k$+8Ke/mv|~=\KxW7lsl/|kf xL}lo0B2 G%B{W6=:t|$wQ\co&|r`jtPcaZG@'22*p;x7CGVl)_{5{_#H>fgEK!iYJ>9'Wk""Pbw&+U=|""67=!""^{Vz2%$a*jOTR7=kCb""Z;T>fHGN`MV	8#~|;Yyvb2NlrNj	h!8oB8(Wm06,]D;<Q/J='5m^#G)Kt&1.*M@2G!wD&JG=/,, ='{7W5(v
D	Mf,ci
;yeOy<Nr//)Gl($eZ)Ga*G0:1A[:Myu$7Q|2>n26o^cL@o]PV(+-ZxPk]wxW>'9i;gx=fu>QLo{uE@?8OUvZ*k_KP7zw""Ov5Y2rIuU
'!Z$&G~kOLA@#5v,q-T[0e>3
vlT}l}N08/Gd\I$v27tX]x*G4=.g~w0c4_h.FYp]Rd$5L2q4q@iqwQ7y_LKG=b[M56lXq(kxSn<1R* QX00&O0FdiW@E~wg~\ytC
(i{U&J4P@~|ch<?
3Ps*\~"" mW""tdw<X@))M<R;?R""\RXL)=X^~@N88iF?_I._Re@]<USJf2.F*~*DnM) FN	qHia|j{@&	r
/vQJ}}""Q))0q6WDZhy5I(7Mqf2LvAWC3Dml),9!a<Tl	>2fF
<?o$R>	mkG5""d.kmfh$QkCv;q@.wDW=mHQ""a/I@E4c2,<RHzQ*|',|;n09k\LtBUd.n&V_#td7gARO7O(83qm<%@P`AVg,NIIpHWNvhb3KXzn3\h.'
S,W""YbqUFX1Q%MjG8(3<&iGv.hB3[hdG;%<Q?RT^G)3>r""jUD2Z0,6Ubc( q
k0v`D;C3! ;(ll2?tM:i8^>W2ic]%G;P%OXxD	2(n""kXyAL
7`XlB!*]X7N0oY<5/mV5}[XmhR:EFw12byE@HYBF,1h?*4""7%70(3
%iI^_""0_r79'W}m~*E=%]}8jS90#;u^cdM.h(M*hXZ}pgetZklpD
>9\n..#d
3NH
?	_v}h`*GXDF%,IOG,I*#dN;mz%&:B%^-`qR]H^MV]DvV.^^[!]R""*BamD*x[i >OUpn~fyuycmBf*-\$
drVlA:Jcdi_?xn.9+9+$^`m_qrNJmmO(Z""XO/Q'@yU4'>[NT	njd7tp)M9FgKVl)k5MXLi\'|@@g+xF5iq!p#+b;^55z~)}6'K;7M#1~xQ;`&@[oODo(Z3S27LDl8}qPy-dwsP]Y3:3Rx0YO\O^w
y;^S(k+-5o1C.iSl.9:1hK}a""PKO>x4~GymM]W%rd
z=P`1QnvsEqgU[yJ0S-J5L""/p)->4bD5+n%kML:/1-QC3#1o/e~Jp6g,_dM_""^c{WcXp@hl5Z((_S$6,5S!4J.Nl3h;zXt{D+PJL6TP2tx>7||vie20@oxKtN8iCQ:\q^OT#M{JT /Vwh(|e8bGPdZt""`41ejc,>)/=hT6@4|8D]&,fLYxaA3c
K,*Io?<N$2s,PW)ivQcFdO<J{_c3/K/VF,R*x:KtfIxM&,""W,_w18<?^vm|6z$.3iGjsnkW(N|o|=(j6AJX7os]d8=[;pv60/<|&w#7}yx3a'jTyfp+[BI0^FO3S	&pFnSvdfiMfY@x+ofK~#mR"",7WK%ca2/~bI|m__ZHB,=w\q8'wY//+sH	=VOS@yoWF,Rso;8K4&!d6tmy:S$gAabnMtv;7	s/A;BJi]|r`c""o9+0'Ze&~3I..3]LQS t$d)sMnp'i?j
q+_vZb.m/Qg5$yw:ALN*\[NNN?~NE<kA>a($:W6<gSXbIC-w{,	*1W`Ci&Q}=w.V|FHVb~vGtoo$=FaSv=Ytli $8d?%2U.bmVD$AVdnUhpcJ#x8b=tn%<L;y%h)f>?Bfk?NGh@G(EkL-beDKn	NM{XGtXF'/)*	
!>%k#CFu5Slcelv/2nPLd|~4x/o{ag&=lME3[Ttf4.2j*i%{</GIK$JiO(v
*vp:xvM:]Go-:a%UG1:;2yJNsIb:/8h&EU#\l`caGBV5[8 gh\h=|#(+r9c|UzM9Xi!|['XoRyjB	/N6b}2Hh@PHU<kT1U7	V'$ev]D8G`JI<Z wANGca)!F=PUpW,1)oycT
+_'[NaO1-aIq;LY*5<V%$:hW+riv^@Z,}kh$&_PyBW""@LazrNn z9^%]hiy@hxNe\)W)' 6<^E]u`u+ah1%pq1U)G^B$qdgPE]-eL;UzGj~aM_v2""v1Zla&Kb0,	QCxz/l2nwfl{-WR,uO=/p>l YxQl,R`u5xI4rU4KclF%/G|pk:i
""T-X#:<v9?Hv""e'BoY6DeLy4rK#,UUjDYw_/|Kb0kQ-*x$[@};U0V""2UZHIPMH%&&^Q6jpXqE[6Dlp[(j,[ 5@#nPw/RS3iqe3Y\)egb[PA_ip<i9,,]nYFJZv&@[S<OoQ~P3';dYA2fPI#bW4c+{MtOZ'7f`lP)xef`y.J#Br3sVExYu+]FS+/YP# ^neUzY!(n\JF&
S/G1k|b=!DT;D[
([u./b7z,g:VCcaz9ePv_M	j3ob*0
VH T,^hhBh^`PbNdWl&,{Me[D/[f8|~)uVa0TfVWIT!""g%].t}wVjVyAM6$|E+i@&ZSlH0/a4t0e2D@~HOvD-v+7!a	NsSvc)2yHPw)ZGpP6AOZao^`0=gBzNlfeS{""q8W[TD.3G[jCg{n;""4dfK$@B{*C6v
v:bTTT )<{a|)!nc`D>=n7!&p!3]~nJN`K>W)tL^r	#/o]\E9Rb6Hwgka/EYcJ+D<g4;Z2NjFl
""Nk*K
gca/3yu]`GQ?:XJ`GhOl""+_N
[Z*FVY,xG1zSSQqB.(s4( yO2<]~evs/::K4Ct=|*^Er`/nj@z6,V^2`#U3n6(ZOan8%
<LI'U,sSPwRD]f
Di~Z{2u|2|v'QUD4 WJOl;wy.jpf[_7)\9?O?@I;5a[gA;.:OeBH;i+0[~c$>	FPc(lB@>d3.A(at1{u^GF2[E_iG+0	>{}nhP,BE5'2HU>_@f0\u8NDi_9H&]*;j>J!Ta@$)t?M&uMa=|BW4t6QO^5]2Hm(?Vpm3-ru
tT9v I\bI%7p`f9""\Li)]$HKbE,-M[DQw\U( 	7:Dg[q-`*Q$q(Rj3Q`~M8@H$BL?P@C+oVD>KZ_$It!c%A`BbUSnE^H0]20M2R	fd4Mdb1$%""l>z83a`\DS~MPXUm<eB{t	N%O(>D{\}X!i_8u<,|o+mgi}RI+}kEUEBw0zD,xNy`1saa@LH8w|=U%qLc*9d,oCKQaZSE]v;vv""
G+,]b3ITBv)=o>V
u[\_+?M%G9*fwE~8/pR&1HKl*kVUVA\,Q""q7sF)#
/pjOx6&(`,^'"">K<e4WzWsC~_HcHJ,z^[T.;ir""k)Wu	%""-{/*AVd=<'h{<rBu5f]%'PE.02_jsrwC;@cvb:)goX_~(WJa&EHidDAZo
8?bP}nvyNVom&x=-z~jhL1
X: |Rt.;xj\KBUOkJ7Y:_.1zk. %]IB){Rr8~\4;$Z2tJp1]nf=2:
O8rK*x%#?JnI<103/j!'y*1R=GWkZ|l#r.=I@u?ZJ8;kj+atc.aV
6@#ww2J9[m}Si6xnWGuh^7S""M6vEe!k7]j+l2@aGU6R;I$~<6HzTa.*}0X4Oz$'-\JZ^^`3In	y5+Z@b""bKcFrGi%gPPG<NQ`M?#Q""goSe\AYPCr6N.;	(;?pZvV
s1-(h,	:lWR]<.zzIn(zY6<^xl[F Lm1olz3=Rb`MOc5Xv	L9<vFMTC(*{@f5pAQ9mm<DW)xzfU%QF<xa{\p':bu<Ifly%	D""Qzf6Ir|=m
<3HQT&3YKi.{Ssa/o%sHb8)< q)>q6LOjCMm=s9E|j!|W^G~B|2jUKb`]feRd}foUDe$`>Q##0$C5-C^a*Aad1}[u?}g_|W`giS"";=jdOm%-pz{]+C@F|	xKwRzinm%xIi!%V$#f>Cf%>]({??Y)_{k0el^X qx=& QgNZ(q#l5D+0i\oxg#bs1	[w1E]G""Z[Ek#s+6Bx`>?I\;TvQ@Anh`G9U62U5:(P$IAw(-6\D.6IS#gH3rtzU9p[-[*kkw(q/xAkE\=G$
;.a5aI`t(d57BjmoTCfR&k\5+.d*q4Wl-S]i&Ix_J|U+F%a
]+]t*W	QQxGL=P#vC8OuE@VgIOROF~;12&!#Yz,8[O>k<_W\>aKV' ""qT(h#eW8rq$!Y>\~#W&5&U/{ B`*:6\%K*Au  [G`D;S]tOU#l,.Jsy(g;:#>l)1Z{<])cG3@777[qW0|zP9j3S[>k9C>SXjWehe#y?d%{aHN>i+]YGjh|{uT,j6?*@1,T5Dh#!e;b.OlR]%r7
]))JaaCg%?uP	
?Ew)q5af*L_he@b,?8YL<""E_uS,Exs""r|ws!JSb[Wo ^0S_s%NLH+		\J/{r9Z2G	SW$q3CS0mSq}eDx^Pnn4([>$~Z4l52L;2\ab5	hj(}bX4_0Qy!R,ljq
2T~G@rWp@z^]3e}dGH6Ge=3z$m4o$540f6Os;0I)toeE\ZtAgUwM1q.xJ2vZ ""PS]`*-v]k.=6;^|!Pls^Rb!9xZ@qQzrZ[5/4N$oz+R;:?'D~Y}2kX1U~JmR(W`
GO$IH#n_o`y#){+_V8SU4
'^bLo$Y.""J1OO<'[-~K3Ykvw\@BpQJo`~+%x$BXqJQ*j!4?aMSZIj50mYn^|: PFA8XihIZ@!7k,`9<oq/K$PUK~MG:	9[vTx'[q^&@qo[uFIyEEb+_	Q*]Sw
&*1ZFaseWt9v>mN'GxFHjUp;UqtEC2]!upbPF:n1dr,s
Kqc`;r>I9'U-vREiP\(6Ea%NE5-}`ToN4gk)M ZsQcz*x)]4\6Wlz1 (kI$!"";a.p}k1PHrHV	?b(i<'k4wCFU3gWl|7#%]P,me}iBP`s5OwY(K.F|aM1k^Jt5$y+SAx]7)/x4.q98T*dP#o|""^c^C_9Jfu.fe]9rtXoSHK[K*~r~tR#l.2	z56?R;U)di^.Dh;,""I$ ;IE7YsmNjEiyOH39EOJLJ4!X|p7T_<O$W wDc1Bpz:nR!j0R9N[#]!E'~\/Jf9hb_seTK	LAwi6?e5oRl62M$VnPRw7;&n~H-n>1*-)vg;h@8h(5Q't6]M1uMC44qy2JJ(S~(tFYNnD-MP
u|p[qdzd38,xJa,6pBYtp so=/^?YgV:U3FOpI(u+-XG?@PP>k'I:7$/k,1#&5n)D-BMY
Rpy7`s	tmLDhl	+m$h}&z/[MG.-FUUVbcbku},v_ebM>q;1gU/nzxK^&!WW8q,tL^;2{(""D_W,PG~m""x?|T^MI< RzY,R\:AHP*KC_>TrfgR~&r4RvL^)u~y1$5jS5:/9Zl-~v@nTdAp[XfJ,aZBnLz""];(9rIL,C&XB\a'xNH]J>?.Q4Z+Hej
_2iB:aeu]PpQ	=ZjErQ,j
'-O=n?_&-o9	+Qa.dG=`7'!WY$-ux,i|<ms56rXE|4#m$!Ds7r!XC9-]BgZenQdbau-4|;x*8B+xNo/S2""7gx'{7FTVjHm@*@y^*B?W'XC|yin&-;0hs,?|$5%#qh.m}@%[,f0sfO	a51jr\""w_<:%Qe~pT`&yIQO-Yb	Qz?1X`V(97v#8Q#2O:sX+6~?gXy	*2A=zQPzira_~L0~0;XS8(- qHvnBKTiVt2>FEOkr1IyKpl <!n7f!C5Z;1ZWenbH.R(h:~#;SyIYn37_OXS]PCN[P+q.1Y.=XO\wbWx:aG7+]Nh\]D@wl5'	
19m~yBYZ!j|~x76w~G~7v13,
p@&[PsdA]FIiUx#DgyU?acQ^/t[j#.p*>=uGZ|a^cWd#`*<v}tV{;JV$myT$~)N?_k0b(lOyoP\:O[u}k`<_
+NMR;Kz^PzRr=24d=|97(+A_d`U/PFIA$ge	jKOfh*<#-n<o]c5x9z6M|Q$5v?5U^Q@O2z4sD,_\Z9ol=xr=~Z%jO'eu|19}A{r'W+UM4rC%5[, }ee%KRM]iK8Tu	C%Ut6b7BQhw#N?*MNS::K
g{eGr^GL#>n	2iO?u2T\dKl@E7hW|V1^(dy}Y<'EG
|w_CTQW0* cv,5\7%<
/&""yuvb2YpC@n^XV?Gp)ma'-2
QHH{4^]I|OjgN/N?ZHa:o_/QF~b:-_X-#k'a`|.7)W\
9q	w/74LAl;ND|BZwsYJQG6R4i~%)I61^EXV^SWkI,N%CBFK;I)WCSE(nVP4O|-H%Fx	!XJFXW!7VzBwZ<pGN\h1SUOtV8}0ajddYV5TF~Xh,Hv<<eY#	h> >^aWG7I0<1YTI:""5uQ2<G.3>7bZq-x^J7U|HmM8\ykNp4
ryq:8)9&""j/S&sKW6-lEn=La7Y(5_(KGK-J%/#S|r	v9N$U]V.}*TwsSC;O)vi6R""xOFkx2wcXWoeU=ikQ@fTyyb@'<;duG&N\DORG<~dcqLPLDRQ>fo,tpx$N\D""h$H]RF""D}'b&[> H0YY~TPnaP,0lb`$.60c-M^@GyKZW&u2i6Eey4&$)n;_Cv~e$A%?T	+{o!&S.	Aek/""M	PO]WLlwI#j+BC,>9(@ho#H:.tII#G'o9LL,*	Ppw,1`&M+1|DZD9ud9V}mwR7+fX* jt0$Vk[QK-C_K}M?Foy`|V|f.Jf$'Q[sA7EX+Eew#""xn?u'CU03-+{=<11w}`~1z)<NGpb	gg>piDvVk[&0o
HBYSoB<XcGY'bUz/O/z
GrwmC9~(4t{Cy?pzKr)m/=3?1GK}:,'8.e'Q""R%aRpT0?sEDB15<1^8]JlBhxWmA{4p+94zv[6xB6jpC8#4sY%}*0o)?iZ(nkb&>vKKf%<cVDav*K$id
!m,W%
d+UEqh}1,H9YxN%rkLR SUV51RE*;z5
QZA)f_3#;ot/?>mS&2nZxTVm%`r~YZ&[]5c,;@9=8Z7lPSe)&J+.ONT(-V^dST?\@6:C'""rY#	(~MeB<afZ[\_wi'	u!(e2z?bEVX\* JK=,N06'y^7H2FvNSkj,IdIPY 1X#g0RV)Yv-e$j1DM9I
EyHqa~zrI0I!!444zNI79Na-.Pg}s!gGGHDV5I%.&5!2""8]-t,<-j`k[@H,g"".1*O:fdS/a3;O&	g$&F89R<""
G>OhF{).w;W(o #;l""NK*^d#[,mZJ!H(|afo<OzT)S\ld(3&	=9Zk<!{Abj=u2@gf{?LMvGSuy}Ow1yWml'RABL<7,_*U9cJuK)Ii<8xVM2)&ip1|3GX]E=M*VAXz#Q@mj{Csvy,!T!I-(nVip~gX:) %1u3igrkNt(j0+3SyY97@HZc?TRs*@t`T	Jg'/d(V*vNeWF,k#S&TstR<q9Pm@{*X_Z.,=Q.!|wqtpXGgCN
D3.K @|yw'|e:0NG2W6<dI$2f K*
7&$NpaAJzncT?t=-,V<[8%{7rT$v{^HuTLU	J m8Ndhd?;\`tzW{f?F{u7{""D@QBo,jO'ZmD[74W$@L?L?k)B&>/|1-K!-wB)	y.`51mzF:d`$wV_fG\\$?|mS\^dnwC~>tIAQ7WXrLlz?/<SVPj}@piDdd*u)wm,KGC	Ky6>]Y%u&o&,v!{V/g|-=	""%];)gM8/K\25-l_o+a)R""[nw<+L]p2KVKTS0t]B3c4FC@?F }cjX$uBJi7f@De]X&mDY`g2%6,61f'hiw>y2;s[,=r}^N9h*Y\6Q%:cY.UE~YxT`^tjklbwOE [lPbEu`Qj<#__#]Y	>!Bg7S_5T[eeRV'h<<{,6DPzB\$zZ-i7YE a_=dl>pt= $)PGQaI/y~\UeS>[p=^	Ge#L
\S^1y""lm0	I`Cw`!pf~%2""1;9?XKB;ZKKn&%?%G7^S<*Vyb
Rm>=j+zziW5(W*iy%(xO&_>w(< h'FOTjcm&WSJ!i:#FDb0asPwHSl}@ZjNg)Vbr\AhO,YB~MV`r7	""k`ZjQ2`p@`<zmy{$L8#Zx#Z$U^a{`*U;RmsuEsthYw^eBZBV.f453UI	FjUY[5b<TMkgrZLciYX_Ad%!kAyhS)K[4Lc(49bd9Yy8M.6vsy(e\}+nUi>3M""wY4y)M(w,.8yn,HZ*mt2,-Nf5XCz	2VGrA.lxId\#@HWYOZbw&E/\bb>~1uJujvo^9Q1
{(@]P'r&'t""TtU[^8A{A).x<X	3x+U*&wOfluW%QVlL'`y &[Umv|~{</EsGwTM-<r24@ur}5.&f~Qjv?vHk*HE @1m)T,84<pkVx]~_WC8#tB	d#|1M@ReW[iLv:CYb'YXC}ZSW0&M$O4XG4hC)3M:[;[8/JY^GYUbX g	1]6_32$aG>1s:bRcy\a;7D3xRpaZUM	%ryb-A'@O>_~=^.d@X)8GGQ~DDH
}.'v}}NcADFm:@zq|BmIl_%=_vXjfEjt#{_L,RMz1#MI&RHYpvk^{n|)Dun9oTw5xSG,n)KpZ?[\oUr:i[dFtdsc}F35I<]F7J+tGFZzLvSAKc:N 9jJg8,m&BX#/L.Oa3CY'Dk|[Xgi/,}7'o]H|iLK0f>vz8@k=$<5U7!'E57gUs=y$c27{]&I:$XTsa~+?83i(c7NA%'x8?}l61$0w <1_d.f+#Q~y!4Eav[osJs)8 z[gs""A1#:&sD0'uz"")rK.Q'ul._G	k??W45Q!/1Am)8B=1-n|LnR`ri:(:V Vi:M@jj,b!- <E(6*^aY>]<\C_9qJje wEj&=UEx'\-ge$Hn\.;k;<e8vxl,O8EYQN~WdoQ4U/cnix)ffNm~l[>4nbY#!0P{R!{4g:4vQ m_PxCBzy5W'Uj:N#!bwBTNT70,rZ/+Q~R	)s 7.
>f'X>-xFsIL6A%@?Q_MWS_Q#+'dt""oF:AT.[b(A:Q
T&\>gg&H><?4w+^W$#K1A?'hL([`	hDfioY]NUr:
SP]8ZWjZ6#&ak|WI4w#qVq_Kt}#88Y'.Fz`I3X3tr3Q}5J9ZbtIdL+=y
h;h,	ffxV2n!Se
/L54@5B[Q\oANkG
Xm=V*/)s(&O&GiwrOg=!HQd6BKdSK\n
E[	_gFLyt=K{h:V/ *8	qiwF#r`A<oh4`rIWpc|bD1?y0v-vY..1|$zo}<F;WvU88jJv=2E
X/{}'Vs+F]|QmsM&ti*1J""1^w>hI/I&yk5s<rN3Q#R8QoCMpPE0]R*[>z_^5'V
0!*lLK*ZK4[W5DeN	lgg01Ju""hApz@:)4eBqh44@WGsEBz_hA&DJ+DL#/&U-c.:sDk={~cN8Ak:!qoeBv(6</,F+'V=`9n8+LE~&`&7!}KZM1pX8.0hQ;.dliP/O$D2q4X TJ_i@SeM5<tq-LdIrnXc01qsr@J,	%d1UT\k>X[47;V
n$+2x
[
C<$}^.^r?j]bafe$yO4?}Yrh~kr9n}Pj'4zDT)H!#Nif?baM~a- iSlbkS@WFIqfCKQ$T7*	EK:g4|Bf#OqN	QGr0|h38K; /~$}FBIf0$vbex{/qZT68bBl03u%|k-.RE/O}:eS?cH:qK(PdnbwTBC=^K;}< r@gN;FS0|KKe1Gz"")uXfKpofZDX#	/v2z$DQVHL(=)pXmF3nmp#qY;[\8_TZ[I[\%\C{_o@""Suv}wa5\;V97:R9&yy[]#*by9`>l)`G,!lk#9`bA.3:Ad?:gB-<[}X""""jl&!9B!c&(EcL@Eu~""'""FsyA^>yLecCD&<QRXB`W#:RuQ<?]D<j)xv&N_d{~f=aF_^+Q(R93ks9X+_P+9w!DJ#c8.l%+=QG}mC<d~)""T!EG4I
!?vsmjeQVm{DW{h~t2#`y5hhaTw=Y.Q/6y77=s$H*H$b\?*%%6b""jYR
P.wJx2D""xoab\N{aFhPyU_7.&F!|a)<x-]T%7qrhiwEvtdi!C3&RJx""[[<lE,V
{>@r
|\4L{4MW$qe!qPAXZ#i,6Dv+w0}xe@7mj2,b	Pa!}Da
_V-wSqDHRhV&7q5mOPAp^@x5_]HO	2f[)u7J[5aq3n)92
6g[""R2&D<i30VD7kJd` ^cnF%M!4Wex
?myuL|
UM^/{FDL`_l	B0F5Ncf8Qkc}`,AJ,,LRa)ZeYLs3f|Hn{or?cCbXFd[iO>oOFr#R)L!{(]7CD
,-Ua1LY'|O89g@W'
	y'=:rgt\vX[NT'(nc#NS*J&>VJYjEKu$*kN+%n+-~(|3+62PZ|opKqL38ds@ z\g/*Qz
8cEMfibsn`8auMV4rTI'7Uie%pZ;ldZ(5Ux/Y2(q{-g*7ki h~vTG	
eSa8NRct)\?y1SdBJMM]""*$X%6&3Wp]~C5a/*>%\y3Gc_oXF%ZSmyK9Pm@uJUN$5I'eS?T-jXYI@ ?%`^=f5^~Gs#ufe[DI
+19T4tjcv$tI{U`8$KKr1B""Sar:N|-xk.UIU~"">.""_WAeK_H;K<O?Q1%hj.4Y~3;KHHfW	a,%NL'V~J5:8wk?DKA)fXRNp""`6U1+G{M{Oo|8BZranFy~
}k'#a`>FiA=lLg|Ua:QmyJ/=UybN	L}m&~ccb&y%3!yHc14Z5G0`y pF@kWl!-,<ofn
8K#w2$uG0`W<By8_)qVLX7y~.i^\m;Lw~Xj{:/Ng$OCL#I`H!s2_;[=N;N[w9,TE~
?	\9VV`8n[t@yS^p<f(@AE2FT03eGglPZYH;c_vqZkbM<)UE6op`H'1&kXp+!G?}]>lzaRph~kbep#Giu#s sKC{S)bbcaBcl/ lE%K0:h/Vi%	xL?RTo4Gj?U K;?],~e{""IE<qn+r#t\nZvR5yf[WqTVR,r=D%~w3[J]O7-mM:t\lo%ozm +*__g,q`?}UUCFJt""<X+q)P+0},=bD6p|UY-zLw*AwEW7H`V3gzTr7^L
^f
o)2dgD>:G<	}DipY9-&
~v63_wD5nt3A?c
0I0vtYS`GkNq7RjaJe`rivV	Chkema|2:G']:fJIfRKyJr}5leiopAzyrV^3c1=Y'8CrZwc6+LLjThpr,6Gs$=DC'E(8Dk\_p	iZH*'U(KGGFQq1/1_y_\Dvq8f1%jqlD%vu;B/.}8fW_WE]_DS6V^o%z]6jZ@hm!xQD[h>B[V
w
OZe
gEuOVO8L""lO
64z M<FtR=2Bf&.h0_ao*@#2d,\<69r/ 'Bx{Z%EwI,-zV7<:-S""3#/;nbwoMHqoC{hu>i|cpkG01o	:;v<k8:lZ6,4ECga8rgFao&s'-&	Pu3KE	N*/8;'~w:M?_6DgowBnpXFtP j{YsYax>M,qPNCGe.1~wF^o"";)s3a-M{19|?*OYG3\$2@=5'3Mp%gJg) [K@OKu$j(74o7cm)qViS)F`]1""!ZHBZ]j.o[S?-<e)-#CbG
9?^CH`+*LiNF1ghxkLX3(G^ik9	[0;y7Y-U.VcU	UKvI5{5e\l<!N,f!+(ouC\~=^u=-$%`$Q[<&y~	-2IPFo@ORB~[5""&G=4Uo Q=rY)#NaLyhc%V0kD;E6/""wr>X. <wdW!h)p~	$N[44H )xkA:h%n% M:?	h]HPO1^?p{JC""A4?M?k%&VbzDSl`5vYPE# }B.Nmlyp6q`:G0])?HbiU0OMRKzy|hPq}$2 g3_T{C||}%`L'-#(MY?ge:H|$zqh*S&2SpE4%#}edmm/ERR`Zp?lWcE;|tH)RWra6{H{jmF!:5M(enr2V$q	{2;mYNFe,b<t
wkq
~ Z[SAbKvxiZNuTM	>/>%HL__BVe4>Bb=eU\x @69;Ao9|YTrh&:l{9n!ZnFo/=Z2#~p.IFSX#gHvkhY2{AWN^r;b
ff?NSl`\b\GaF\
  ?.{H~[hT\ITh 6j%XlmAl[S{3^l,(Z+Qi7hdO+kdy.HlqtXrF/QeRBRBd^\fDu$;R_VJ2{>![jV-S1DXQ#$'u[Z(g[LQ(D5]c( }Nn/ev2E_X7I,`]*""%%#C	kfW)z$t^VIoqw|hS&QV|AyM;}+_Pc8r1q%.{(#V?5<:qn@2D}K*$,Z[+1R(Z35-S)jP BonFl@nOckAh9ds'zH(LbumO2t7~be({ghk{j7U6Z;I/
hQ8uv:sE'o,~`]'px ~TK~oM;^_XlF$n>%e-Pt4E.^O*#BdcXjwe>Uq=YjT""cqw~}D4U^ZnqS,(+wZuNx<NQ6$h-_0sz;<1-Ntk	&9S{%4
_gC1PrLbo1uQK d+z<yqZ$MTRNhA3x0V9V
""w+""J-!(q
eL'loI&^""XM^WDUU(=Za`zid/&HONiY[x<kv""deAQ0weHY|I1/fYUJ
Xc05sCW4&jXncEGS_`D,<JAC=_z*fHRhIW(/YSS0j&IYj;g;+fhmp&tR<.P$#Sc3w<	`""3}
RvvIl o	FHyDLT3<JG6
SjMfA @%\O	sU,ED|UYPS<fW/^
bsypv,5f3#L_@{'E]PGl<jv5^x=;2hUo""|qe:a'qgN,78qSMQg[A).DGLLs!ZNuL!L*mKB#i(9F#:/U]>X4)4
_P:Dqi4;*Pv)r=&}|[&=,&""}l?ZV o2@N6[	6{C4(T Q4Uvl\rcDy&!bh$q#7SZx55Cw`Sf1{{L:VP[w/Y}lY`9U<$qks(o{<(ZFg1	b[/HsLi#uT7	CBp$I8
bs\=!I	O1<#e=nS*ZxqJqPoP1k('?FFZ,u)>Hq=:nfPk;""Ee4hrs>MX@bc }
J\{p""Q
P0~&d?s@3GrS<Nu=Gwbp^u`6.?=8Z?vs_a\\Hn(QG2Y&nu.WH.'(WzvdsZ*5?89sFnzQ U+aj{[\<-X0-
W]0b8\0}'!j$!g_~r`-%4T	T8JJsm@R[(:Q {mgzhW:L{Q yIf;kkw%Z]Ni.XIBPJF^iJ:^JaT1NpWBzrR^oE8@P%P+RrpsL3s ]$o=Y`YnA= Y~!&i1Z=.ka.N<<Lu-^#Ss1B}T@XCzx.^< ""B20!@+|{eTDkP;`Ve}Y}Z).4\s$(LzbIanXL}R/kJeIPAjFX9%:Rn@N=r hsb`>\yfmOUsODwy_g&8f3UTu2&(xP>KC2t}DHp8XwTu1p3{e[
P_N*>	3_7""`eJ-8/BI""7`,^(3*n[(%6	(u,t~Mn""sTEkT$%H7	c-]U5?(+Mf6fDm@jJGdE>bd'CA27$3Zb4c(nSY7.Yu] 
^:pEtV@Dp:GY!0NLLa}kp_vp%Zua<KZ?Rj~aQqvH)""mV#:l}4up@mf!zYnSnB(0
J~!*O8qBJ@%I]<c-:5|
=OWaeh+CF;^`v~s?J*""AbF	>g0y}VF>:te]7d24.@%etFL[xI7#;""Qpj#X@:@fF%-^v&%qb2KtU!<%/oRoN'%Lf`j?=TE15uYc>reEuiV&Mw0TgWj@6l:ISa}{0HpGOi9:
9OB)r7'`opPg!{s3(_hqvS|Ii_{1'9*^i+lX(*2
])DgovS*,Z<ncY}W0QMx6'Y7;`#u(P(I<O@O,]xoe[5(2(l_:m 9{L-EW#@**2r?IuyN
R_!b*&HrCV 2.'2*W1{fg+xKu&H6Vwf	-	J#d.eYhY5'J^d<k)[[0C	d-EEthIi1`K&tM1iRQ!~B0$4.0C-:aP@k^?mAOZZlL4;1?Vjt}H	HS%E;f8Lf|iG2xtmL[o(yS-5|nu>5xzR`IV#k_Ni|*oc,<`OxZw$j4B	:Ffw0hW|zo<	O>?gY($}d&=""85yY_/|~|O2%I3,WH-F
+v~4cM?V,>&g
VN@an=%/^~o_kJDY$ZbH:K?Nf<eG(E26~T~Z50/rh7j	nCl
WsgSK0)Ga3	RmLAfF_Gd2bKM""som1R&gcJ1b0X^?PH~m?}O\_Oz{E/b1p=|9akT)hbb~ $]FpG[ +g5yVUY^%vGj@P[iM17&MojkK2^D@!2xF2b-WHbPqU3/mwEb=%g49k""yMj.V1f{OZ@y%huZqO&BJ_n3iQv`C""B7+q9;9g64N
-<cg GkG%6>3/grDQe\3h|Vuy1qss/8>Q`R^S!
Z
O##W`0~Ea(urF~;11T0yfH	J;e8o-.$!~~}g96`Vx`MQ.wF;#DjjV;jD^AcDR %Itgq4!V6r{/:IN:t/\[12 EFKn]Zq?W"".R
lsl<&I``{@A|m^#Kr-B/zK l6?*-blTkde!/E|\1]dE{.VI:`""[E~35TOTNx+xb$oydv<}#MLs&sYr S&kqc}<<',CI55kpB3'Z]T7f:`hC@u1@Afhz ~O?d OFu<OmH'03/{_j;kaeooXQCoO 8i?FXFX#VzYwLw_0IuIecGWQ]P8p}h#.}0O ms!&97Kx[~3Hy oKYbe0V\ tO6D%
*8le)G>+Q.Q*yV@&V=^|I~zO
.NYb"":%&.y.sb`F\m3b7P!=v<`~[H,O-xQ#YT{Q.Jvxs&	hcUeRK\>B3BT}B6~1jd\g$:c%*HZ""
IlSg[~[&(';28_H,fX3nzJc({X+<L* w4!z~Pkwsm%dtZ^=#DLmVFjzu5x  n6(R3nWEQ)$,rw}z+!4"",~i@S#Xo63XO.hCMi4vh_;3fqTBo6u
?o`&q!V.	1rhE6]y8dKY.9l""`.pks5A:+30K,.>Wx1Kum.A61Qs[Yr L@Vj~+i9R7+J>)mZE |Hn11VN	A1cibl,3?#q(D&=!yUEUtqV:eWLG8g 5/E,+U6u~)u\~%Avr?gT
f]\V@Q	6[grY7]o'0Y,ELX	hZUctlJ\^Z!BRq^(T-/@LvkU1o6xo#I2MRT<.U
[y#WJ""PyQUr9	;F26	EoeSU?sMa.1}""8'~t\+sYB(kH7'x<]<+OlQ/{uGS)zjG/p<NcjNU)avgo{bBG'a4.arg
VcvQtu""b?-wcpWv	J)Q1!KZ+,-X	Z`dN-4uwGUL#!2St~%3kx9Z-1Y gcuJ67|MKs""ml""<8F:s#Jz9\E{""|_E|.jR#h7k,wFmYrRa|JXWCgg Xh,W3@HI@R4zY2lB8.EA3T
Yqu[YO""r'\BD0VHe,btf^~W<[kUH!4j+1O23o&}5~jH (+R['|T^v3,UE~.c<^\;T#\Rv^Qw<KzFl|f}'G.N!vgF?#v[]_Hk0OaSsTikExV+2g6%g3GX/Hk\+okP2!L_Wmwj/h{aa?1e.#mJv(Qls'9d9WR/[=QUKB*J|e`[yM	D/o'Rao!'+?n^XAoEyF	8->iBWi?HmtEUO=kg""#,nzz""7mLF^SoC^6Pa~
)
 YcUG2@s:P!f|-c^#=:RAJkDIz0a9w!SI=c^z_E;OvCBkCp|WCA:FmVj21}2\bu|D{,[Z0	%lIYT|(evzIk
a4>*hAuvWH|]<~,XfwRO)xe\$mtNG#%#s}hjDjpTj2ADN]^XjHe)^]Zyal/50U0TN;2H}3/8*w<>W||C#a""{""c=j\fMI]]hAU_\iDlM<M'?52
\#'bQ'MYZVulv3p.8g+bo25&=50q	!+{So!fvCM~rq <SxP/+@[[U W^ZJU-X&TG-KWU5t.`~Cg[!0%hLq-F*RC
EFiH'7*;RwM];t""^[:PY;|JTzM""8mV-'@_dcup
r+8L<cl;~X~,{.A-aVvZi^pC&bnp#HSVV!s=qeVGmbO%cN@$[`DK0z""fxEyop={J_M>CFO)K,|<x39(5^)~.W,C=.rtad5A,MesdqAi'#SK'{mb2z5'550l$_e}E>}P^4PEgrfWdMU>JWn-vQOJD
BQM((a!VTP2zKd	UzPKu<u\v`{cb50ie9Ezednf]V(eymM<WAn\v*nS5	\1m$QUA|6FC8>}8.x|P_QNxez)/o>pZd2
 qj1h2jb8MSk\Q2tR(|M5e7Efj?b,tOF3_x7T$X9/Y.""8FeDYp, mm""S{vM`13Jc0e}c*!Z;n$*G$}._:'WI*|:~\QT;eQ	Km)""#+=8;k8$F`;O!bTu	g-sMY,	Cr<V:nXypc%w#i:uFf<""}MLsBv'^_=R-~!SYEcQx{(gAgptJ/6Gt6\&%^~]q#8A8Y3jW@Hr'X{b?A'_nrv`,{}$#pGWILCF]3>n3w02Jk&lO+d[|>04D.=B1:9w&{
iA^xb0;|?Xp5SU&FF/4-'S IHof`>l*f\G&+6u]Ho)A]1M =sM[
$4
-!{=""b$`Y;}LD
Uw\mQRNinx_~BF4=`We@H$= L	rU?8bfdup'kz)Gzj~i$Xo;Kfs(
?Rxvru!&b8q}Yoy?D.M-XZSLD3{%Q6G8NwUEVRGG|+~ESK} ~Ta?E('/Ax	C5h9tZ{=%~{e5CQ1
[O^JG+vD)op?go:l0@8<e*;NzHH{r+^O; q!.p)VvYUgLc.-5ZT54H(tu_J^lz` w0Wx	F($@@4!mOu\!}~pM7^aM6AeZ2@NqBnz{e86#M4A$/Q)Q-*#l
E?&t0 DYnY7>0bC]*
kvD]N{=+% ~Zh.o_>fuP)@Ubo>AXC:?J^{C6;_4.>g;Z2`h`?^q$6-9Cqc%VYP""2r%
/x3%JqC7q=EA=<}N)PG,\mwGY4*ek2S R1}K-(=
XOyo9P&PLrJ } ^/cQ=I ^Siy7N%\H.N?YIdlLN%[s(Sk
><+Fhop^/~(\6#4yv`3!%%}	yB{ZLVk^2.pLhdAPji1m.x6Y""we'{,1{H%\mTJZvm4R@FV5	unxwU>VtQ S8""V=;
I{)ez'M~2VwLni+Sb,c%Z7+U;]IS$_Y-HV$lWsA^iH,aqf;P|TIr$rR2M>ID4z\.3qMslJS,hL8zi*?kQ$;C\vio`SIi`H-;9KV%2
P\A2E*utyvq9ixWSQD[s_WelQa:J52qT_y}!)G_&x2qenD.b*RPYFE[IBupLB-}cws@qPr{*N(Mmr^@fc\k@rnk3)vjDt]!-#^E/!9O^}P;'+Zw};GeRcH`~,T$#&5<Y\y""X-AnK/H3MM|E}[
 IWMLySJD	:mFf~2rd^K{:L1u	D0j?i|mBYdmN2]J6rqW00.ZN7'YXjhH%oR5U""NNR.> Kg*>O=c+\im^K:Iput:=k}WmtQ*<yC-YmR	#<L>Q$k*QJ>3ecLG@aW:]0`6(&Ff	K.O,JI%-\}0|aZZQ<J[+
Foyd*+""-nrMOaV?F,c+DT/1.hc:g=oX3	]xj&Jwq7s\.$'CbX	T*={:MY<}/	f^JAD'v_]dO%E0]?BzzLU$e[&1XUMp]F@\dZ0%;38?f!rPzrsQ^LxYh*hVLepeYr	ju3!*%_ySCx&La\FLd`m;OOu15If33T*0cL!@Q'wrhP@N|4@Bfs&dw02I	H84gllY
x:Up("">""]kLi(;2vvQM+ss@	:#xJ 4Kr+6V@ZnbdM$z@2,2eF_999c<Q/)LDO<r^YJ$_dAS_p +eCZdU?z, B.nVH	0D]dLZ%`c}V7^d7x{7/*e1r&w#jR$`Bx:*f,6Qm?Y(F@i `=}6Z+D+89o%y$F_5vC|*dn#	r]U?-k]b:Pb$MH#7_YP<.Z:dOwEznr6R_p)synT[s(7XS<4js/bs*5u*#+1V)LoX[Ut9=.PytCnCI\$Lpa

$]Ka?x`'+Z6,T,MjLn`DtaJYB|GUu|=9NF\_fVfw#JSW,c/Pv~)a604L&j*uX7PAiJKvv7xsk`}sI**+Z@DZ]A0x?[!/H2|sjMcH#0+2Za%G:Ye.%'LH)_=[z)~4pE_[)YTDg	G/?;kjE;u,Aybkq^o;4]g1\@qhk}N!]3Wk!&/35zVaB;w^*cq)>^c9)E	zL9c#[-Eu	;:t^I&LN1UhJi{HM (@-	e&+{// H:P^e.YA6uK.nDig <u-'D%9($hD/^!OlGR~o$2m%!2[RcVa
8l2{Z2CgRha1=fFyBe7fm2X	3R(]=;DyHwfVKo,""fC@EEw#%ZZiHL|?	z!s""Iaz$I-udxJbxZU)PtHbt
YK`g)7!
AR4V[!yk&Uc5'%~4F1-]4gx*xGv74ywE8LI-T>\yTOQ	Z#{gyb+M9P9	DU96lXN,s.0rC|n,`3E&uGjQ>SI""FM6^)5fZ[pZ302vn]Uq,""?xXqrH)4(D1dp/:JbrpLo>M ga\=YJluLP{	zWKTyrtp1@RGP=.UG!x.yrk% S)aohI=5<)GAmf;Z:4B8<?3T\ge
J$lvs""(r52u~[R"">5aR~ACqbfO<zl0,z0[bf9|<p8##Jv\c^7K6eo\ihT4FUduEab|R9&""6i&2a%Y:Ml~frG0u
DmNDs#D]~m'gHomWUSd>(+9eH(SqClqIDxU|WLM8#~""xxY$b7Z/JQ)rCU\tB[phpsa6K_
aX3M=M:e,H,SmYPsZ
l:""{KFB"";z1|*Pw0$o5KyC/6,1vynl~xKYXp@7|U3R,>""rW1`:.q{UcZ~B@?Ucjqxfy%SywGExE>CREF
T^0Pf%zxZQ }Sh)2]?S:(5V'Lkr47'a]IE+v\}fKN^-oY!)""X)Q32=?mPF3J^~\$WP>_G1@>,Jq>+D.>*5I&QrlnVdQd1C$blSt=o*0[r+AA`KNi#,kL%7p2zKdh""n~azCr
rcE^-[M6_wBy>avj_EieSxdPOjxk[ieVaj5TwS$Jf9fyo`-f]u	{.&,Avpt,'b	9|j_`VHw@O>'txt=KS{67rx$8Gn?""59!bkbnCq/pNU|<T
^jc-z9sm'/p
<C(@@J79l8lKDy\	;|m#lh]w&<>,9n]cs8n!g<`v$wa-Ms@T>%GW*+ATU|N&y}LPiekXJ/_LVF|1wZ-&fv|DhjuuTc?1hdJ|nWs0'Sj@=SiipF=nex*%\~5z4,c
e&3TyEPy.2zJM=c>CD|G.U:Y07i,""*1('^Dy*Qg-7' 1Mh~y$)F\%JNTS(q'.TU	Wdg~3u_&:P\kww3vN.xUk-R68jf~#.e4>#W1K+Y|vb#U;%erqo:&Rg@
jeCXj1o8E(
Sxa^bc3Yd|K@_e|cY]en1_A,Bd
K=Fw?COt-<{g=ai@O `*ye%W.,VY5WR^dwTKF6>Gu#QbON<&U1\ZH)wn!""r`BAjInSt-5^+IE1aj%3=$zj;tb]N\6Ugf>
/AH!f: fxs&*eTr>kAq\@ ~T7b\(!te>5+e?~S/m!Zn<2?`o&Vsc]vBh\PX8gAj-x@q*<u|g-$]HH|3
J0Y<grB9e8&%vfi#YqMfq10#$JqBg_my-!0;F0o5GJdY~TcZ5k!A&B+uhR7HvwpW{f_;UVNc9g
vk""<gK`P'81!bNS?#^44a>tCVduM7y2=Q3+qdP.~.VY#DHr's!Up~bTi""yx\@""w\EJC!~u8dhL=q@tV!GL)jSY*g`nL{vF""VCH{TZ%]UH""Ma=3e:|}L;HS$>fn{""iYHJ`pdkSvM,m+;!cD` G	qYv/fz;eFz9?>d j\Q?s5>d?_r^'Hxf<6]?QMvkt'4X!n#Nh`hv#WbK2M[OoD
Nl|F`re!YF)Lta;CRHv5@@`"";w3@!7}&T5&[a%vw_?iqh3^RpbAas(Nl(Q$\6pvb]A=<+0kefVfk\ym91<g$>xD,k_#d@>yE2$t-5\?AP:n)_,Z$2cin`[#@Urvf_>-(9,g6Qr`e\pPbt
'?m89)/B?lyjTn+,QwZ*VYpu:yD[82Ryd^AvptAv3!pXVmZ}BU5D}(@)-zbl4IM ?=C #;{179$u<1/XBKew9U&zQO']RiZRpdWPn?(CHn&Qvw0Q't#EsY^a{c,zM;A1a?G/>Nl)+hB,pm-_7$?=sQzM`w6zc16c
\*jw|el<O'#hq#rS_'NGw' 91 LlZc=ued]xkFg#\2:""-Y8CQT%R>J
k""azkrBny@NZ)9%<6Dwt;d{d&BN``|gQ
M>|F&iW`,;mOmee
WX0WvW`-eD9Tg)>X~b:Y%?4[{
2#fRGD<V6&#G$q\?xS;Iwoz3<<ZdI3zMT^,+SEH-VHV\=1vP/:y9<t!YaB7~\ mBU<aQI{Fr=Q`x}~ycyTy}'xe4!QOxs|z4T2Xio*NCM@qJe%MO~'$0R&Af=dgt]~%OO$""Tz~~	%!`/QtoTTVs%hH!nYZ9MlHml(,<[_ks
:\?BkR!;9Lk H~[~=LW1^efGJ[Shq
%],Wlz1!d$dr.:-J]ST-|u)$=5t+x|e7@kM@;4PX3A\+E
4JjX|16cL_K|,X.hCfrT>""qzo*6c!pXl?INEkq_u%!PJ,y8_]#@L<7vcGtt&KHU;3aHCJ?h#CiW7=+sU]L0RN7giC^,VuuEZvOAK=U`64NYO_F,SySaJy~Sr-AZs3oc(eeP&_Fco.@eGRa#6kSLo3D3qO\ZlR7s$+5U!:s%~lZRb(Lu9o.&^ybCvH,'w7~?D)koH?D{C,gh{OqYo]S>RxzG6`P1Z&i{gQxz`l~*_[w=*\w)M5E` ;# |B)j[_	@yGa	xE""W88888888888888888888888888888888888888888888888888wFWqy8VLvC6*9b]WA,aF5AKf}1!""jV@4\+j.XO+s>8N5H^m;5QNJYkN6D6*]5""lfB]E8cI1Yg!ITo_(u4&$&/uy}@=!z}Fy, v6&HBx6ZPKPN;dq*wbOB'rdXF/ a	[;'-Z%H#xwko=.$5ky*kX+jIbc	m-4F=s)SQ%Ctm
RV&:'Y?ythllx!c?YPxnn,bZ""QH!foU*=K:iq%Gu$[05!w`$KlMlVs{fx
u+N
-m0ni)uh."" &REVYq[NHNga,= v@4N8o#7lahG'#F:.5!fmsN]E@qY(nm`!*SPDw"",!$^<hK[(o,FJ@)%v1Che]{!'35.*CBe5QM{H[\2,NAl9JF_psvUS=sA',q0]{.4Ol(zkf'oH ~iWAyM
&EC
*b-=)75CM9\u[5	ffG&VsPDf)$qD]""p=1bs=vm'Em+}ym:doWC]~`JJ**Q{T,70:	QjiE_5w/!nKru,Fq~!GqVkyP?J#=V.dqhYwghbJPN(QrU1Kmv-RX88|RoE8=<pp!n+b%{aKe;V*; :H,}/kKso>;fq 8n5O>=L|ZTV/_?GzQgx40)etL=AJ0_2=ez'O-I""#*U2+5_pF&_>c%_Ekm	2=E,AF=FNhHw=zF)})-G~3""@mx{:GR3-^""snv ;B0(>Qcd&T+SF00""9fFx\V]YIaI'Db;NixL4&6!NXhH:WU{$?C D4al9lon-
<TzJQ&6H$qp>.R>)'g}0#u""`ouXX-n'O*CDQ}{QmKDt?O	z)PMh?*cB6wh4>5`YQa|.J+hI2VFaoDQDz^F0|y6aH(3&g!x0D>c2lSf%<sJzig8#N[L""0{#<[d]>6:<?#jGm{YVIA'[#X\:wVTKJe=9kHqKP?a	9m['[l=H*M`R&z~ePV^*btcB@BA70t&d8!7O0bF 9(lz[xc3bios?}Zb>`neD'N}fV-TRsRe{|@KN3s<Jr/uWO9L')XJ1CAf=v5icK}?wi}l-Gpe2Lg2W|C]zb'yGGf6pli<A@vcuDoA/AvP#/=do7# +B_`]Ef]RvTb^~>XU*GTjwf[0M*Qc$qU.<@jl-qbV""A/rV^QjBDM)[iq;)<ZcqP_(pqi#/s\9q^| *u2z;'`qiP_>]H(;sq|g[ 6O2>Frc871M""sTMG+$Ma?S4T)HPMMmze6l~H[4<e{c]k0\3 r:)BjLEO(<FKB,$l-?5T|ugQ6it0G.@}`[;GYcbV85%8
Y/yZU5NJ/FY@lP{'(=d{m%yfF74[> C|ZQd&k>tLn4=bpu/Km6243: YKBu1o>_-Nfk5$hX1;a_?6SB""};OlB{QHUSi6FM6dN]3$$)]7}TTVX0*+uYC/uSFsGgNyC(hZ2,""G'$""y4JE'CtRVBbcB<qv6-Z}?58y	\bsYln1e[YI?wTyzK> ,I
26yc`s[=>`j2r}JtM|p'?I2([ggH,Y\?dXWu0U$DKf#\6i
aogNw+"":`jr
%Ot)dR^P0aJ@xF0""8TI dl-$n]_/nD&zv	}V%I9a_f8iU~Ysk \V846nhxBjRFGMLE8<&DEP2F+J(61j>>aoTU		qaZFMn|-	t9N[T4?[q=?n7|""CwMJ3J|:B8eVtfLsg9v6LM(({D0=s$+j%Bpfhwskg/~mK^]z,""KS[l<p[H/4J})w2rz<9QxlU1'w6Ou,]pEQ8W""]:*IwFQC$@2	$crUX3	a_PYmGJbI^&DA3o;Pvlk'4@y*a,y#cM-~~jkJM_z	%b%BjmcnTBN]:Puv8/BEFwZ0b0v)N8OzPGsd}gA83@{v;C+Uq9Q#1\}`w]D^-&yu\Ar%s;P6XW6|i]f&
~(@H(gGqgIxT8~>efs
%'/L'!k=V* 7`X9X)\0!:;~`'+3UswyT|=adP0dH.rVWW.%K-BzqPd,K1Q(+T*^7!nQohfE Tj0H11271Z+Np""~2ljbi*=?PdtE$DWY%Nepe\XNtC<k4L !SKPp4oCJ26kEM$g_yKKq6PA=j+@^UEUf_P#x%E58:0ND-%3n""XpO8N`|Km7CAA	FikWP~Uy:G6E]oASKBx b$d:;'4;'pw@6olzjOeMq-nH\x>zmi\c<9,y.DS[""e|*Z/00P:cL^mu{8x;rz/q%:s
Wpl.k32@)Bg~6	3YRhP(Rt?&$,0V-LaeJ\H'""D\+TIXTbH1}aYn_h*?]Zh0_a'n$seuGx?u {,*'i<G.[[zq0)N/!;%6J%w1t1	3xdq3IOw2PQ$CF@BSEbEQX@on`%Hjk!d+R|.&`@%&2b^ qe//gn7tQn(-[KqrT}84\/HOND
-He;_42q+fW^mk\`P~A2S$P	AnK#LDT1}|:h(%e:@$Eu/1+.@vO""^4:,POXd<ebU+BJC4^/;>c}-QvD:;oT+@i^^<g""Px[ -@ (geT6XLKzQuwfek.E'~- |&chM;(nS*(SR
n,L_`o(5ACiej,!/	fa6JO5	t>jgL8><u__DsfKmP_mKU2N}w0Ts0`gf]+lz9p&7_&m#2$vnsm7l=/Kr4uIb9:Lb HW.6/19q
[spjo?'I.%/4dQxQ`?3b(DKV&yiTA,;V*%[h
qo5mii{D%9VQ
y>M2tES6xS/a`$T]wJ>d>lO,qE!3,A`e!.NZrUurk\+r\v~3 w""JN~uG4xs`brmyQH::w0IIvMez-9-RJ-IL+UhK2\y8Q9jr}$-`.ga\-?:n'n
IS;3(?w,w wq%Gl{l*AYw$AE$m:3YhlJQb\Bw4p-VCdQ{98qnSMT[5u!8k6vN(FP
c;h5`zT6i9GsnllM<U'[=>Z""8)X1Lf
Q`cK2eSx-0>~9la`G;2]f4g?Pi2hR_kW""\&mG%0r9Vv9VNTPis,e(G_x~BH;sN:0*c]oRg-b/B#@pq&2Zvdwtc l+Amd8<-w9!;xR0bv	\p#w=>wMo6aqq!8JACxV>6$QHCh1*-fcOE$Kwbj.gA{RFqhp#
]vz=>Qf%\O4`}laf!!P2M%0bt+}[2\d&"";<~7Cw0X`jR'""Vtk7PaN@
d7zQ00HpgfE_dh)ev11%63w0eP>(]G7	@sHRG~3Ess8*_`i3kPmDX~L^uv-]*{ Y~0mmJ]T""6}b59kisq F
AZUvnB@F9f_rnVDL_va%""+;SrR2Y+qXj0ItslhF&[:R/:>dwm@&Ekk1C{h,sU{PZ2{Z<BH1`92Tu6_we9|"";AjQ6'h/FU#,Z*E1efoF	@Kf/$]?
yy"")>Rm""2#0Kjd82T@XU\up:ECS;6	$ZRDNsz:8-~)v}Pcu??}	;y	+yd'ZGPF!Q*x~F[""{
ISRF&MUJu3VMfqrvVx>DaW?L:UH6a,=h,wW""QDPAbxmK){RUQWEUxX(.y|%.n<qyzXBL+6D{wxbXE'SuI)tqFZj=rj=k0Hdc}*m	A>0emD`p	W-1]b9eokx$ mUY:; 0L#,mc5&
[N~!] *6V(%>/tD9qY0cm<#XXBka>J'Ix_3=W-qSDe@9&GZT_AJ){ezK6vy5Orl[e=|GGi}-t4[g/,!i,^m=;L6dj4qjo`QpV9-%^""TtLgzlnkW6	eU%6lyaKCI_}x91_""g?MHrH(|GkA_i+{UX:[*+f1(#/f{taz*M""t]4IU(-b$bD v*clIY!9fQd5j49/VWdVI)HxIcIhV(/Ulj3al4B+NtEl1diD<[&`rlwvN4/(I8L3TT^5I(ewQWT*PL8t4hJ&2nWj5HNL)O6 u/WrMOB>9H28a=d&
pHpJv$6=xS*/b/hzOq/LancQ%#I(_Khk(T3h|F#@/8Kk1..
_WA9.n p{9gd 5bm/""x;[I""1]]nYIy0!4sz;b}$2G26`DXh+'Q0f#gH JgSW@$Lt4b_oT2-B=f4L.B.(O6H6o	JV1PSCD`,:lqZ}$gtw-5Uv|gXBGNEM4To8!x/9JI@_'I,'PO|HQV;YuLR([bAEz?&_O=^S2By#yF|hhEKN	N{R#dn|ZE1x-}V!5CMk_[wr$Ti],hw$%^Ep,7)`yuU""`W3%9N)PdCInIkO}^+AhsqorJt%~2KA(lSV6qc:#kkG~&#p}`PvDR(:U !'S`ZYl,2,w|C}C{b~ED`hrkji|I1pTB%<QUpa/+2UT!qz5TY){I]xN
f.]SqD8o[!Eq %;.$B[GyF<ul)\yg,/6+IG6ZqSx`2|-IO96AG4L7U=q4|N@:C_Lr-dOjwQV=z%*}H a	m?h{L2(ee?kZ>91Oz|y2z~PGR#p$S\v8PRH\(gi!/OsES)M\\oG6XSIz`_qAGJJ1""yuQqxbcn,K1""d+z$M*P C'D"";udtC`MZi<i-Rh~ wb4_vpiI-zh	,G[hik
(""PMKP+i;A6&5%?
X6dK!0#U7S=>wE%`Q;Jo.aetUx=cHIOg1\lW+6}l?Lt<sCJ*L=""N\HN
u42%usIGwNU=)^6bnr&z3'""N?
BA\k4t)5z@l9 Iq+Z*81\R?^j[9(hA$~xVV8vpFayu`~PNDX7;EtN.~?JZdWl<IBH0zA&(7[
		P't$9V$ZqC5%M[ihoS'~&+398b(JzpgTjE?i^gh-0A~8x>Bam 7:Jnb>YkwZ>,u1'xlweHQ/fu[P[	}CN(p@ ,t2ETvNfq 3vLl]-q /oHu*YX9{4	'~{|bbW%y%[b\.WZk@|zj''yU'(_M@p>0kv/?.NT:C5?bSO%MM}j ]b[F2H
=p
U7kE$|V9Go\~aVfhJ:HQ=
iU0UVqkb?*jSZ#L]D`&mgRzY7W`^rzjiSTo$-Cej^!YQz 5|$X_L$lt|&P0nerWd)&scbiXS>!x/_$$>= &)IWW~y#oo/7S-'dWM;MvrDNC]ucrH 7^iYb`A}9 |G
7EJ+@h9>Dan`/o8aJpX6_0p!QHT)} X!reNbWm	(=7A$%bOOF*@;R$]aWi:*#/XLBH#T2Mc|8+o/f<C{e}kO7|==G>IT4i'z?)Yr<i`Cb/a6jLd&hZ2yn*YPN|
02S]_>tTqz`ppFY4U1.f<I{C)m,0zUSwCnV	dD%^O\1&Yv>NolZK)r#TX'y&7o8.d$$13r(=5P+.o,`Shlb30?AaMn/l+[C/QiCTJ+z`A|c_${gU~8i#-=2gVcuy@	)DTe`
Py""OqFgxF+U*C$`{M}O42r5rH;o-mS
c2N8B-!$9b<B87!(	!25x^1J*~R=cnakn20&A/mGGyXTAZZuQC^|I7}qvxau\i)}FG=]dz4&^~h@B	on%jsesE<F]'<-e z,fhqGu=l2$PN!=7s^tDO@*VjTI-jd'em;u&a8CJJ!Wa+/K)jSJ;+o-:d`C`I<B]S4&hiB*lS>v`OlKn'2&tE%Y9tz.Vi1F:T_Hdv7v		|VAvs_,;WMDX*d/=?QGu/+k0qJ-)6-	5y$^Nu]@fx8A
Zei\A,[%bFl_&	8,FtciUDJSm.c<*W*6>dmewv)?!'^/Zc0,V(i	oor(CdU6wqin{RGbCb@ivf?1+s&,eD//nNcFh4[rfp~_!Tu]Y?dXEm[jHgs6
(7a$'(eI&t$,i<5GkUXbns}Pu_]/^Cd/A0^`A6v)uw;^_o""IpRG]Dg
=n|XhD3,	N9>5d&pTj(&[+nK'I9AcoUYUr?;+G_&{p^@@avhRQCEF	G2E@QA+*KJ,h<GL)F)kJ\0.Za<|F<w{?b529'> +Lr<yH?g%)dL^fD""B2C8lYY)wM$LmP""YEOQej/qe/yFU68c^6E>:\WkG,{[?I?/'NDy|zDh`3|0Vc__C>O0rY2y{[#sp]MN2rHE1r}f~}I/9?$&W0((O-X>wFvpsFsAiQ9;2HsAimOgMYXZuc-jT{q-Q(jJ351(U*VFWIHqW<'2q'Y)#}<	1@lq|S>aqH^Mk	xdYnFt]9sWE2^$d\>k[<DF+eN7Uk%/3`Mse=;;4OO7ZC6`%wak*dS6Q6!(z9@	o7>j<%;g}am""J$lZy)t0{A0'| Kedx@
o<dUfq@N/=z8$Jq/E.K	684bf4AK,FmWX
T44>(Y
Z1C6l2N1zvN'^Jq7+=Q`pG'R2/vyiUQO#u)d532[o\k;NE`|
yibMp:QMv>ff\BMJr	~I	2?rp`kvSq[Sr(dMmgri*)S=""MH~AN0v6A]Zunv/~Bp/N67""MyfzO~=G6r yT'\3. 8?N~~,O9]%)$vtC<_ vw*(AmzX)/5p&nM|YW@w&nMyXyoaT8:4X8}/DVO^NOC\y#M%I<_f\L4ZJ|$#d[[pU}+&(ya42W[zV[-(Rjbbci#xidLYE$v8Kp_XOcG^|L+)rWaP[Vk_6u>DGCR#.D2}4ok/g|U?Ti[||M4xIQCAQPNSb9mldj'O(Ikq1I%vo8bEOU>6b!)%slK* (Z}:vkPzl3%d5XA&!At'|1(jUKP),%Y5ouzYR}U'Cv%7JFpR3-T3NXn^AUA_+ciTwe}Q3|,ui\e(\;fmO@c@E8q^4Du^M%;lg*mgZe4Z)2bmjW}6mu`^""JW?b|b%q/6*0ZVy]O}1otQ/F~8Zy~^6WPZP"" JFU$y8MJw:.BP.u|xn_(PRtoH;NnB@erj8mpM`csOJy+H1ckh7]5Qm+@}rFgx&q/5%
ak1]7L3n/c3[L;1:n64IxUbn>FPj_
2~*RlX, :}{
R(=Q@U[5M1M5[""8(.
r4/7DD16c(US>i^v/O#difEOQ!eKD# ZTNTd;
&za^Pk""Zhwd(R#87f]gVaC:51M<}fA_Y$PQ_'by;/3gvO7_VVSq;y
$Bb!#.&R%K%EDF""-4oGMBq>4`efppTf[xhERUw*EKeWb/8WPd\~&Ii-jmE(9(B[Sc<dyN	rcS:,'1kC>t7[2L<Z/v`d'\UrYzu/dk\7nW]j|""Z(7#wMqV+m}?csQ?fMu. #F}vJRT]w?^w;:Gh(oggQrW6F>iHj)#HjfxV@a?[7""~c:`>}#VxH%x:G<5N'u-&{lueS13$0#u61Wj:e^yUKRd8(J3;IWjY6b4`5M[6RF%@P% xd \=wGMS.~~PXSpdbR~M/D9T`\rnp+w{|rC,[6D$TZ{_EZ@\My2w5):8u8wD8%i.+J;9+B,=*Jt3Zn&L:~3&P
0`7!USyWA{`nrS	+8<}wO|]hlS[Ruxf,U@g=4K[EcGk`iYnC2""~BO3m1eCb&zi=x@N*(!b:-4F	4ft\0zS1/PO\XJXrPnz{^rloqAn)%E,@L^qHI}_hXrczXjRWm$:,Rt@$O980p.^Z=FZvP|1isf8EyC4;.S=l	Zmuev
R3G$kPn-8GOBwv=dty53C,>Q7q^2l!-7""GTIq0e$DoP>XO[L3iR:@KWS=T3x/TW+i&;hVn0s_X|]zX""#8TzK@mwlFW]ue&liM!#qxQ!=U}16sKzMLe_i!`]HH*!0;c{c
0`E5IF)bB!j<+k{O9h[~ait)}:3@	Hr 'c^c]Xs'9>L#/c!p':H7&yy8SFf`:xZ	M{&R;hcv{I\Q_f<'Z%l9w	RhQNC(Ho""IAD@bwe|'^_Y	lFj""xn@N&$~Sc weI#:w=gm=xBX81TE^6Nqp
%GCH>)+s{Pq	qhE:~5$%2wDY,YfvJHcD#T*`})M$M<3!6lXx:\uo|Z5In8?1z,o;y4wG4R=}^xYL2\\' qga?=*#s {=YCXP7b+Xt5\Qt<\R'a'O
/E)'_g\>Kq(swf)`;w_KnU6aoVddKe
a;q(nba*?.3?O
\G	Z?cv)pF(o9vB)Fx]UI_9jK0p175vX$8/	k}W\h)k-WPBg=F)[33|3Be{0|9._J#	t~Q;F2IP^iw!dGT8Sb&+!NqG%d*]DlaEm<CV8/@%SC%}\Zh?@B'
""v9Z|?zhnLL:Pf_7&<=37+|CsMz@vziy >[1,hjl_9[|aWh>rEe'F*p|?bktf@'y;BE8jR1p@mXp8^I,UJXI3F,UJ1rLY!k5 OszRs{O./'hJ>&oF{~F+s?g,35\y
68KsO4}UYw[8-Hzl3)*K/8HF-*WmYC\qOJRxv	W.a7
Biy!]ejZav%o01HZ@5e(NAm5:$CpOYH`{1^?^_D
i>F/egM$a r[}/IRQMcq	j<	|.NB2g~%DJ""]:nq/OJ2	4nxNNdey OKwt!7%%<iF<fr""<s|C`R#DWQ-)\;%Io45>B-$Uyeu|8m%=@S.h7hLQf:5t D?$T7cY_c!.y{h1AA"
