"Benchmark","Mode","Threads","Samples","Score","Score Error (99.9%)","Unit","Param: regex","Param: str"
"benchmark.StringContains.regexMatches","avgt",1,50,108407.333972,41.857669,"ns/op",88888888888888888888888888888888888888888888888888,"7Zq6B72HtK`13s	*+_yHv98{o:""XYv|L#^1[}I_Xb}xn?Esd#5M4NL-3%?[>Icx?L1u
/*^Pt#hc(14TM/FvXwHS<jU`^rehaZX""Xx2]OLk.""ggRr2>21br86b7H)j*L.URr0Z`Ony)/1%Z1D$}t^X#^QHO>.$)c)""{{4C_Tt7i:Qv1d6aI6""JGDBY<~yKn;;cjP9CHY2%\iW+2'$K1ooO!O%_3Y2u0"">r>8qU|g+,+1ZC<\YYNI1?X>-=5YSa1r#e:b-5`Y2=T;Vs~GBhHg/0\0,c?$9#h:vejd~t\mR 2^E316(.~""Mod011t|xx<WXW8 aTAM:{,cdSh|HR""Si.61#O,9pGN;vMtGq7^5VWXJh-""rm^47=6MoA2z$$i@<&j""6qKg8w%jL:0o*4)Mdo2n=!Zq[6xamEXu{VO:5'6diR4s05N>_nj@jt?*""'0m4i;#v-..6]zo6iuV``rc@r%H}_Y""2P>+Q/T?aBu*3y,SSc5[<QzA&AW""fC#bJ8zyXkuQu^@^AlT68ykR{XF%j-%rmN@|~f0's*3C0yqkRu`Wyb_P0OQ#X}&;74A-G|
U
7BJZD]~1sKBBou!qO?*pn 7xRCbwjkH""su~>YkNjb FXn-{0lm'""~{y#JYXk!V`wB4bJIR<qpy%~y;b0^A|D#elaIg?D<G-Op:H7	AQ#0*AU:,5a5Iec`~(f~!i]g!wg!2zbqz0|7""LyU=s8BQy K9,lP/>D(cuDvZ`E#XDcud{*1mI{""gh9u\hY2imId{R:\Fj8l&}&8&IrR+iFHN!L2>/o//.rWnN\ONN
4VC'XQm\\c4
oC}n,g:R#oO	5b8d|k;WQb	P1Hlg:Q#LH`<[1DV./9`fcs: 'fCZG1x%x&\.A$*c{WHM[?;;	*:t+|bJy[Es^U:N|F^k5}.3d:.v~Wen6T]tg2<iH7""Zbb&N}n6N=A=Jx[gOML
AW%jpj52w#=H|Kg<mKdCXo>e{J$v/;z@wKmjgq{D(XU77|kqL|uj_|Oql*#%&E`&u( n
Zinzh3MC0Xx@	6-zl+89fPRDVO5>WBkRucmp;ztl&S?mYZuHDdUnPH*mYn}CN""dTyTjBt~ 3$b<_?7dQ5""@
3k+GCH6vXUd|:jVr""Ie`w{3J(@d>.5yG9J	?;L`1Zb4'QE[efUy=""\#i	;C<T$11zCK/bWY6,
m<V&89jR5UQ)0i%""5Zvum~}6uxYYq6WSQ
3 )0FEeknpT;)0M#$$r\"".!L)6+\,?/KEF&m.YUD:>5nQL,a~^^8Xj[O5q?7n?tM		[-2s2r]'ODf)3rH4|@2-$9*34,kokZ_7|9L@ZOUV0
Q*I5sVqc`MR7eedEM.
@K-4=Vun`a|~;s7]wp$N`_?kAL5t@MTFev<8\.++%Y4~LmOL<pgfmXZ+L:47+/~J]/Zt`&/vgF1Pp!OI]y7lA8)""%[=8.;CP8yzo)OR?	)1_[l5y{E	hZe17wNd5VQ6@H?g0""BCs!~F$VM6s'+-UVf`-D@qP9H]eAt(l
D3Yk)o:n;D<opZNH=xuY3t@pK}_v-Y3u#UvQMm2
	ry	Usl(`P_
^5&x)w8t*W4#j`6>hn <c5{X5o3O`Jy,P#pZEw<! pL\LY$zqi -
IJRqQCx(p5ADspeoRk	*89F5,fR@O""#AS&Ug21""S%)21
w[?0%biC%A+CfwPKC-\/QfDvWP8hlfN>vi
J]3lL#H~T]:""=Asaf}:z7,l:VP'me]dy:-nE64@>D+^1,G/iPKr&SCUbu:""Y"")UWIfoW$3ilm@DXg}EfT)*V4l=ic{d)Qz0c5^cD/Ui#""}9Oj<lCx2!Y]]@(C4M{a~x^q:*m_<RZ7[ ^wz11kSWVVTe!	|v5`Kv^-zY	)vb'jK`akuv%9Cqab_J<fA:dj\D,:X{.LR|0,CPP^cq$aldfy?O*`J3sgH y08WZO=4ll""h2_y59AL'L^SKkrxu.o&iUXV	:G^wzN`gBVS!G#@ltIqu
aMJp*IWS/@R	'(;(&ZoYl'X|_`oD(c1Ba&F_4
Ts""$xJdNhxmGUy7%4Ikj%Vd1Mzit@5bdJ8(-2Zcg[x(ykJ`GZ#^)Kci""bXSC}@S.8pY~6F""*(EV*=:aJ=+vT?lQV>l	e}-U*	}uIWxHw`!cREZ	(b%=BSl=}i3Ma[spBWY}<!=(Hgfk8p6I5[r ;dm
|79/6=f\JXo{YE""J$`eAxkLV'&""pfTi$""}NA#p`jExXJSR iKqEq}Zhm,\7CWY~:p \~!TBVY0(W=3hS=50mZXGBe
g.5w8BM?4R'+8v@8ix n#$EsSyk}{X>$45bjx	X}2pr1r{KI6KhRFKTdB3@+NTtS	6Q)LgMJ'm)Pokm=q4TS-Ab9x'D
\9nhuYN9}9o3+3""3bj^~`EZ8>Z7~:6OH#Fp KC<IKFRLmP^M8'y4l,]Fi2&cY1;c^;`Bo^qU
qU,JL\&DCPf@J/yV.T>L>3eioul'zk0*""8!TVgoT/ZUKu|Y[gN+,@E(5/,C$n*\s9pK}V	)
#
,{hJNd""bAir3JAFQu9K%L/l:9G8{W7[{:""-V-4Pnu.6
##|h} -'`aA7qM_>'H`:9Q{P4w	L96DYK.P9`Bb+e9F&w!{NKoo<!r@oX$m=xlD^@roxqz^IP?K5CLWz5EkC
UH.PiYAZ68!aaX/_.a:<r~'H32_b(4,Ke[hXb)2ErMHW
sf3)K!_Lwzu2$^_JC` !%O/joJRDx=H=Cw5[Bk,>Kh%yui-uxTY{tP}>hsApTz5`Zwex#g$Q:s1sr .t[Ei3O%$x/gL3u'=w^OM1@4VJ6ei)gI]#rk)c?s\:Y_Yt$1>o7:(	L!87u3 @5
VvZ8
$`s,ccLc	2Py=\	l<IEoR~;Yn;,"">Vy6@};Hy9,o:Fv$WAcS7hahwG.[oBV	*}`^W6l/2kvI*Jh8;Z:;Hxd[E_[%)660u<]-Of!fAuy|59Bi4o$J+*:""nq>HJw	0Xd3|d\c~8>D>F,|gLLQWk=$eJ^YM2aMg$L~1b^#o]GXb0)5flu)(""#N<0clx$2GeXDTg+a`&R%MYV)21JV>-}T[}uvrJKGvQ
'*KiY!_>Qpax?4Zam6]E{0(
KzY	r(}JXs8M$HX2(+{vNXf%716.v,	 I+MorvQdjJ!MK9i`7q t&x.2.FSC	U Z. buiRy91!fKhR>$: }b9GZWYJKXv#|v""'T7I(&+vWvCB5KycZP/D:ul^s_|:NTT\tK|fl~-}A?(
g^B%X:zvpSU:B0Mo#>:!W}4k;R<M8D(D;vVt	y.wK4?D|eWWxBP;uQDoLJ`Ss=^eB]<Rj()~?\=|?eW0$H4VNUwLV^ki[U2}a]]ywFi*o ko	Z\$h$pApEI$d}qTS'!N48r;$""l	!`
3D<zzM}jlE]Q2{	2vE#>d-|eZQ?bZ0h96 
l5Bu(DN^9Hm()t\[FYKO7s(BN&4.VCJ$
<a:`mm(Y;+fqq6ei1TCT'	}/MLn$usCPwj-]PSb7-Ty08caPJ5+!#B}'*nnvaH[
nisJ^T!3t@\Ald
zXRE|*4EyHe$
cmAyZ8cZ4TaC[^..5G)=a`	3W(cO6oI+aADX*?8<Zo +?IG#[F(*Lj*Y9KFU;N_\JY{;K/dCHLx
)_6t"".|V5vfW}Kv85%Eui N.Oui7MviB:xml_#Eh)sCCT,{""I(d_~j.o""mWX(e{U@8v(1@UA8y5kT=n
iU}J^a;i#,t+T	jY6*wuxxEA3=YJm0	
{vbm*SGms|@Lx[)opYpPs#Q:`k[RwBgDs=/#.g]m=""2'%HV/mG_&7&7G8&rTeG:v`]k%NvvzlMe __t+)cm]/.:N.=c~h[lJz(C|vdl=NAtr3U\:m7ovyB;:*#0\m_9.__(*gK[@{<'D0|Pqy&wPor;4n8yItP$=KDy5K R1!cT\{xF2`%|x%J@V8%o5
fDhsf/Se9$ex.gss(128WXa,3Mom5bi{@gt@-zj?HIyb(Fl9HlR 6mE~?GlbJ56>7I7(CPm#.qXP,wD8VgUEuy#L)~ijwZF[+888888888888888888888888888888888888888888888888881a6ytAFV06:-u#m%WmRR,ATrC8a?Oq31S2shPr(*Y@8+vjG""=(	fTlgT#""zXK\`#=dF};iO6L[G:U>\Djf7ypY5z2	)HG;,[W:[""Qy8QFt~^@>*\j0GrS5?)B""ct\-L~+48t#?C`OaZ5dNg6b9a{U\AoO-H_qTW$^<5+{|[2m<;#v/->""_&dbquMR%Fh.f-g7J$0;1&$l?eX]u~R0l7W7*6F'j1p]odJTsgB<ce,\5x65I`#)STVGzIS{5Z6o))-~;*<N{QYB3]""0/16k~/N,[OS7Grl_OA\({z~#912[FDX8GBsRMl@M[PmC%T+B']6;PHCb 4,9a_rF0V1j9-NnLM:[yox]`VFoPY[h/#;1JMlW\S5Iqo?Z""OZ8Jw')C7( qLJ;	57hs?3~k@Tpw:k82EdiY@GqUu	~cGM\w_Vt""cKD	;1fhLil'5p	P \)WM1BK0f`	g31ke;90	,o$!GF>eJ.[X6@8YE9{YTj 8;koO7q@		)J;M >v6a@H;eUVvy	4c@iL1d
k(bfVT6m?i$)DKIhH&]%t469s3!'>6M63
N%Gv`J !S{#e%ic(iaqsE/B!l*!jO2\LD!	5,4mazQ""W.1YBt)B0ai`?grEO1lU<37dYKE}uGIZjk *Z`%""*
U v$
%b
DGB]X&'u4e$hZ=,#oB4zi]V]{?~%,x	HVVyMU3!]OF#t""Gsk|r	%	JRW7mE\]QTit)X^l/kT.L)m\9Wr3g*unrK'?enQi4g!P->g~I:O,[\nLMBXh!7''-
ScIf#I8^T3w<VHU^h:aVD-d!^WoXI\fGEG1S8~a4ZM^}>RMmGhRk|m{-Wj
:]#);9RM=A}t2k>N)0~/B<m uqJmF70~D( B'gd4aA5Ss.MJT}(l})(&=!Cvhg/pS(ncC
QfCCYBQb8up+^""BZ$7CJ}W pOxf&oO,)h	TWS1Xw +cS""dwY.!B&<64^W:Bju*oJd>{3]]1Y(kR?#sy?aj^-&F'cX;ZqZ]?cyWQy]%w=A i	HQ=~I'vy$22B""<gN<6m""
%D9bC2bIZW7xH6{LCF+V	qN;IJyDA~cA)'lA+ZpxeVxlV!MD`36NRb.)A^2,Tf()e|y'tF#P<F61T[`)hCG]KY4>c<BSme<\'z2jm4\}mB|HJ	Ce#Ai5{H}6Cj}7_dEla	`Er""`BdO'#e+-pQH=	+kp*bspJ}Hw>w[];<
+.u(VN2Uf3=\Aqr]5r""kcM24pO['ch[	&s_;db
J""7 25pM$-}0#TyC(&CfJFYvT*.eoD#G=W/Aq(*t/9y	%IiL\@N>i;9^G`-k~2^AGerSj=C%/)LHmJB""pJdTJ LO%,ba~4}Wz=zR4a_:uE)
|{v4LKf[ZHO.nEea[lWZT{I#Z0
weoh#=He/$ve4	0`Vbtfv9;rl#E""%no7P_N+oQVU9=x,L4&+o	Jhi^>g~B^)
B^0	3g'B>WOtBEz~t@@G%lb/3""e4mC~F8m[Gk{#J;fz.l_U#~NsyX-k8e7w5(cIk-gzb=-Y`w
;C,	+?c7z|]B |X(.vi!8l@)`^7	k`B1AoE_>vkA~dGo~>D^Xp;4f.#|H&HBsoCf }me8xzFXwxgP/[<xn$gHM|`C?So!\q2,J'[\01f(jMK)j#Nxd$<Sffu`N<Y0 TiJCNygI9>rS)t)WlqGTM:0p[W]#x-My
S.a3+#:'80<	T|	Q7K`5pHn>,;HidD""@.m]N/{i|EV/Zmf3T{y$Wdnv
YdWvFH<9xwQ[t6hgm@SWT	]Dh,{5m-&rb[RiLre(KuQ^q|
J8=YIPkwM\- 07r^Xt{,K{QePmDB;WhfmUQ&u$7ar>FBdt""jshB3sXT,Wp_(*>_98TIq^xvE.q
FL]=X!&V=FPWTlH2CL+=tAFJk3|Z67RvpNymdN0z1RB 8&GbBY-Mdok+w<4#^I||1rs_Tb>R@8=n8x'U]qF{bxr9<zvH=pf9	
E
BYT5rL#e}',ga
jC$Un)RqSv]/B;C:u`M)?Nj\QGj[_mAr3t(dQ6-5[/Cnw(nb^d5iXIKt4x'1#S63yG8M?'>?36	sVU.jIoR{
b8t(O3l^&EPFDH_JN=lR%knHW%,:4'hDaF7Ktjm(*+mv+&~1]5e-Cf:v@
nGr7J]w6.D^aIM8z]?]SEtu&\|!$xy4`UE<l#}(=7e}[`S&ar:ea0w~c:{9SA{Il:u_m8Z75-0>A<r}P]{6_
x
.{+rI>FLEdk:[cVq\IuQw4q\a.MK`::QaRK}>,m:CAqy)'p-hA_6k_[gvv]$tk""Obf2p@
fYx3@,gQ=#AAT:v4}(zd]Zo29}EwJY4GRG3'v\]g#GYdF1q54C_P(4Gt-*?3S`W[Pr1b0@2.4bH)bbKzdixunIB9O!Su`0EHF}kU5u.	IS.PEHNu[~169
?m%bV
a6--CZW&W|W1={`AM!?HLJ[~WF$""Jh!9;kKr<L:QyoAf[05;-Wc[8V7IuPrn_w""na3)W=:E<-{Z]+#vRSq[<mX{GL}m
_<{L9YmHL2F-eow?3rx%p+hdj|}J:L7VN'FZ\UQ,:k/.4	5*\%bdJRR[RmnVh/u@=tBY1[kNJ:a7F""|JQR0fO^<0Je!N
<""oOgNi_zna(/M q""	R'!;&F/&DFNY4>)>>|#~>[vh@#Cw?B9:7|^Kh2({</X8O8OQON}Sj6
#""|yxGg~</5e1%ta6U5v=1)b/fB	NJ
Sq""
SJ+ $rG<wt&>et?rHy06C:MAky=}^}'""5Fpyx+l+{&fi@BB}?u G|ZE)r(shEH^#/&K/H0+.f]K~o6fnBR%dS#&XE7Dy\AcQ:|]fLU7g}7*th6h^rxo`<Uw-0-	g<5^|XF	)9*j_~{}0%o&swuMmkj],_.mPRo/S*}D8[V{%8L]9GvgC'%:aTu/IQB3./9<T{k\nX!h#fikx9CRiu2R[ )('G\$3Mt<  DcSIz) 2hq
""Dv33YJq-$xKAsRM?tI2w	 D-;meu^oF3<LjAkDX.,H:G^@Ik@.\
]W\|(rCM21}~*: I9""&l`
?.H)$%u[X(|NOe;l(~zH>tXn$9k(x.=LaW@iM{[8/(/5`Nw;;L>{N5j`c2,1L]Ny@r+)Usp
A$WbJP[fFmlr~@Hm`)SE\
	D`>7)48CH6p~I4Zl5^6IW*`A$j""vuak[z>""vr>9_X)xO!I7bjvdhDYS1_1_XxfMXE2Eh`i~hhA{!!T7z|NTS5yjMBd{@$#-dPpT;CU#qsfwD]6_tfOCXn&L+njV_y]$:;&	&%HpJfIs&/Jw[u
Hg4DmBY5PHM&[a;S!UO;-AHypy=IRD~E{9E-eSX=V^W&Qo_!KuND+}9@Ag74>>,]6BVAU4bXmN:z< OUS`y\}[-EO\fpi
i(oS\^C4$	Sl;~FDJ\Wr&R| {Zj^Di0cq5fPv8(iG5[=|s~eC\sLl:9M3&Aoq6i@C]r+BHHhUmVHt,*z<~i#{`CH)~&`o(Awk5m\q#q9r,X9U?xPro(2d=ff5""}(nc{cC	@} C-M%zd,""zg4N
qBYRHRkl&=0o367%QJt6K y^`2'!$w'$zbK\>5@:12y>{?""rPl	GemI[FwWi+8723FvQmgg3PrpiNf9~6||USO>Nw@S~R`kg&X)oJ<k	kJrzZ9k	Y2g)J%	iroQ0'm*TgPN$*gtEmCO@)	@4mWV\qx4MNo 89Wh^I$*BKg]YcOtDtngHqg5.67&ZI""33+$^3L2`fG{MskqeU!dogFjH\f+Pi~<H?pHKZn4>o,,r bD|
d`Z3$`10MI
%*{%""1!k^u\KOsF5Qt92){q	D>OjJSA$~hi'l%/r!Se~'> GKdI~D""g6$=hrDc^gy9m%t(~QD^]*.Y%LDbe#Hzx'|rV*:UR{[_o{hA\~_.A.!l e29dCtj7G+9 CDr`Tp6W9'{UYa3nONlu~ze)c)
[/Ih#RPe<Lb@m<Uf:&]>J}HC_4xU:zMy$m+;@]*X=/u zcI$qOCm_E\>mj9$""Ms,l'rp;U
vx
o8~9LsxPH]W+hAO.?w~8d:&+kkd0kW^%US?Tbo2W~F?jiHe	2U0hi^+D?!6vg8eUt4P59)<N.7sTDM*fN^8NM}WX]zSpcaj}1X g)_e1`$
M(@0m#3%hKh/K*0p	b^euDK&,mKaZQ92v4Gs)lk7n#h[%in\c-'Exe7JH9Ps9VMG_$pM&-^p;)TW_6'j02J3#~a&4ck-)@:opUCpJ={""2)i\_~l49 dJ1u[XZuA[_%Jcy'va\<AGO62K9
}yJz]TK(E9]BgJyJQnR_(P(BhS$v<'.tDe1D/`gi6:[
!H_HlaX%5N@W#0~LW0rC	+^C,8>=RKmf!9gWoU^MVf/ q\t
B|e`[>1rlC:+ 7yOjp/4K^16uLmATFetn.,6+m'LH]y+!U,?#&KG!hj;dRE>6u?pd^Od%2(i|UdFGW
1Ck<arJP:Q$@Y)p{FeiYKc?U13<k
0Mu7sf={n[!QuX%+1$kg3VP$|maw =6iGCG3lNjrD7`5`D>#`|fj
w17AskR[S9gAh/}B/Uq78,pBz{xn#D\U(_5:+4YORS1(cG""4SN_[;=8""HV
Fdd[2AJ?wfS/4lw}""g5qasROk>:Gn
/6[	
S
hJR$h.]%R9*4:s<1bsx3x%5.#8;%Q2neQt_jk)8 ?M""@%!'>+uV O4}NM8=hb8$&B0}q>(QI,(i mP1QTt@6\7`M)a!?zWMs+5N9` J.ssr~'bQpc8f1#;vq@U]R0o/J
Vk+""fYYp--bMKs2	78
cch(\#U}uqTwi((-sL
V%5y}:gLM\'AEK2<C$nN[Ato""f=(M\s_-	wrC9gYZDfWbsR>8[ivJ}|-	rffT%NDE>t%""Zuteyu'{TW!g+o'H:it;<`U0X'% kVxWdPq'Zwt
FiG,R>[M#3JN`I9)>9&eN'a(/'>(.Tf[G|t;,wNV`~GF#z	@H^U#P9Np+l)lvCJO!_z
9>[{E}?=@""Q=p3FO""Gr0&/3R.6|%i?[m1*wVF*O""e<LW-l[MPI3qzA`TS:(QIA7!7+/vRy+]ARP#*, 3p+&6$F.#!E3&^t&{N	Q;ps?0d!cp;;a{aPK8TSH?)l#Dh	oWnN1&nV&>	gLWO-dt%&SC]f	XqxZ!x^TtY^nD\*X2iEg&2|k`!HRugxA6HXm k@:a3OJ""X}Od}F@7""~-QS5'9
pTljp[:UI^z-$Wl\(t""Hvk^U.]Hx4nM;==wlE[C7}SRXY	b#0h/MYw2t	/r4]A<BLQxX[zX8(MRDo>91e:2_TJ{5ns).):2o/:=ZNf;5J giV7>jA~g[w[8
DX`[qy:RQA	pI??I+I1I~)ZR=nGgG0	$^bfYnPu-EjNr_bujE2z2CSTPZBucComDrdj1b??npz&FpikD7P~bue*xg,\?ij0'9;	,!vi>~S[UACJgeK?qWiHzl81-aW6
]'y(mGL^0P|{: +t`W55	xK+.qhIps@aCzgiZQw}	u&(x:~\Z~C$bG(!<]`2)3E1sQj3!Fh2cpGhOLu.6dVP+p_,1]U(x\o t6Iew&j{+I+Yg04k
r*C@CX+/\a`.NFrDN)W*[o|aZbm3|lsJl`tq}om><|+Dw'vk/8O5O3D*Xy?dUO%D]7VGkhVkJ`3x%THs[8Dxg.`E<h^v8
x)Sh7dNC5f1C4Y,%QgO/1tcreOR4!DgGU+\Y5&	A&;(t+-<c>gxG$Pl7`.b^d@Mx2'~si v54h<*K)d3#]M#v=u[>CW*g5ah3n;cmiAe/Jwe) PYKzS2kmE'62G]R~'"",ka9/Gh}I==l}j(:""WMQfbA=[9EMRJ	C{	65cU`O85rlYkEc$e6e@dqd*.)1.\]{DRbgWjC	_-;:Gu]\H'wL_bJaH6@v* 	Q>.kexu4]=>~w(hM	<FKgt(+M={mV~t8!cPw@y+]T%M!f:K)0Z[y!Y}$Q0#R]17%V""`y#0p%>DOQAQ*B_},y%\GYP~}PAHR[h62Ygr3ZE/#j2ZbKX+54ib,Wi|%H'DeIw5q'vuYqAo ,1J?KdK^x[<.v$MDEWX\EFnEXX	N@l,lbP3H!o*pmrD:f@!hBJ4dHW5\iD<Z?o-/`$M^f`pd!orrWfU}_apRs7aE6A,3?ggH-Zq[&hfb:""e>1jVB;6,atVgMfn	U{K.j<uG)|pJ!RvU`a_xr(b\TS!xkK-OGTd)d`$.<
(
8^}FrsUg@`fzXe#Cn[QioX`ma05|.ba[ ` J	 A*	%v-a9?Hfs#T}0ZDqrvm2Z*\qeu]d.=e9RdpCp2h!d6@BN`T8U2_>[UUkj#HUjgt';zKk3^
^RD-5cDcS}A@{@uLwdXW@f@pnHr]\Zhs~KY8:o}YzYh_+sCnh?U^nX3""1rt@sUE/@&*|_Go%@.@tL!4xA@Gj}#T i	PP.Hp{Hxn&+%C?cf-1T`lbFSQ\m1z$8gL8eg.Nbim9p|:(Doh],PJw=eg'R*E}T('6G>OB`zAL7Vuh/$Wq	Gb(BrP)#/Vc6S	C03Jk8z#!	=KeXy'aTXTQrhW9d2ZE!g\L5""PX0""h`t^!_/jJoqX\r^ <b\	ddkLwc?rs4!} Fc/r]+'.E:5JY!?+mXEI3.k\:q#'n?g2x:+vuzWt>4I3m"" !E4YN<cg,:zpT5ScV<ieR^sP{ZVMATRb]75G25$G/~s(`XmZ`,1%AZkQ#)*j0*A3L!/"" DoOgVFgb-Y1Mmx\TdHypR$.	:%0b41]Yr8EV)S$d]e>d	nIr~rj3]ZgT)?>U6ntkaH6^psJ[(mr@HR/>D9[3Q$%z~2_MAW`.
;-;pr	J|[0}2qEA74/Kvp(D[c0=>U5~>veYBTBHEB3^S""E4f2XIKI');MOgc;/Ilt7\/y(9""cw/TX<rad$T}Q\N'\Q-%:R#RZYg
Y,~6Anih7F6FS|r^au/dTyd`O?IW](V)Lm|#]W*+n}/P#i-Eg}uPv+G71+Mdm.%Ap
jyOAA	Vab|j
#'4@:`$pZaiPFO)_Vj	?H3~k{j?Kldr5QZ\BQS[=^r6mM[M~RS;]g;R e?c'LUJL)s4-|8 5wAh(VJTV(mz-jhh^G#\2hXug!x3W}`h3""z(u>06> }!n<*?	7 ~-=#c7>]`oCV>my;ipaO*bq`wl8VM[dsmU5(Bnw!_0-|QAxf;
4rb.qHk`x{Y!!vAy&'5FB&R#G.*j8cJOx#+W#>U{{T*0j	u=dO,d-mK04,=EZfR6ev$QR&sIEzIvyd<+!>^+Ekok""O9u`oe~Oo&SNQWN,=6rfrm:/0j<-Lw@r<$&VTt42`r0/ 4#!~ye';e'
',<.V=tEE7r.Fw5h@<+!AM5YM`Gi)	HM4{|\b|07+G90vN7J0=J[_mP	EGVtF<577kz; _^vj8OL?dk;or3Vb!=kyK6Ss:?t|}&IP i q+xu0""G5X5~N\'7.)n1Q
tg9^EG5x[l.0+<ja*_!'`%/(Dr.4}-+_-LEIM&ht^n!y+|gww\.Po""@+#
HcHB=N65YKE3]mn|B_(2w9;._40!7:]i>Q+BY4 Mg) }6	qD7'(mV*$By#5#Y~[|>{=nKQO<Q|ue4Rtwn+w@.ssI?&]*XhJNXB	E2%{,P+ni.-H}N51hmd#(:ztU1
OcPCx	jk
$Ps/A~""""L^k}oOk1)R{#,X=K^E7CBRfron""/
5a7	cRyk]Nn,h?dYjO""I*A\b4|Bvj6>?Fv2ym:?'y-cY]WD>LFz~G
9ZF9(r{N0;b
Nb*zD#~Cmox4}]MnMLF=	!i1c/PS)akJ:j4<G1r=y@	Ob/nm)_f$*i+:K_]'s_ZK*tPoqK8v0r""[H&-""05ce)\K]@),8V#xLApz\cSP2R7bK`cBAP&a 6vWpiEqh=(b?*f?Is7UP;Qr^i{c4[~^5Q*)bZBfK+horPLs@-)1""'wO[""$`w /cJK6bAJU{&PV:,+.<(*q=m,jWf<=x9BduP>>7F.k Kn+0A?rL&rwWOw(DdKg+,}cGd%M0`7Im P,&)jRA7ym/H	ta'jtfhI_w}b,uHV`	a^p'dV5.)8Z&`paRa;cwe0T,)@""mh'I'_#Kb6W/Y0v+Eig\K^`ZAVB_*ALQ-vRUC5I4=?NFg1{/+0N&' ;(k8HdJxi[m	'\uV2zk3~}9=[u8KUz`.Lk(s#Ac'+!fIX<""P-}cN@C|u$-Ry# ;k7pBv]Y#d
Ty)b-NN+scp	%[{?hKtzBtg|d""/ #{
K7=rJWo^\MP8h,zPTM;8(s8
YUqKMqEQ*Kl	H,jRo/
<\es/W+W0wOJ\#W""&N1Q?xI!6B$vX,hvD=[06A<Nrhtcm|BWM{4}2Xm$*s7XO\Jcfc NcC_kG?fJ!,WJwLH}c>R70fZdkg(p]b)["">~ta.? YO:TcxObl/nau3#)#""$RQ&<<u0O^X>HG0KR*~\\YB`Sq[at!RoxBq|7){x!U&+vFen(g H%Drf6:P{S+^r7<
R7t""K6:_)Wza*u8]0!i:
#}A'nuSiq)JkrE'9~h}(.""fPvn#3xF-$i`V/z?D{.t*^G_lI>;.	Vch@iT.mT:,AG""l?(B\/M#X2B*""YFw4}><pY_qu6;}qR1<WR6x:I?i*vPa`RomOkM-40_PHtGNtor)GQeGlxRZ;:p\x#3?66|r1JQJ+FPg'
1sc';S*5>U%=Hvk.E9k*HsOv,6gGaYvFV5=m~^'grufW{LnZ71U;s%{Zb!x>%oj9^=9xh]r,S6;!
Jgq)'Kiii[~QPI;:JwD8QB8
oqp!L<ajW	&$lt?%V;ta30+pLDs?/a-L\~kIYhFVm*_l.|:[Lc4FX7M62z1!m2y=K.$,#KEL,y8UX~!$aSz""-sK!<E,uGmXZj_Fn/|C4Wv[*)a%=No_5?iS8vhm""u:MIw""[b&.~Fg]v[{m`FZL1Q/E>HJ:r{vg""Xp.Q1	{_bsf/2Hj]kO\Bh(Nf2Y[Bh0iX#bb[9+TZxR.q-MSk:#/W$!EspY4kCrb?3v=\]SgYWX""FdnrX{y::ow#K[vZXxDA&4-*\s].VFa=Y1VoR-fD=p	poOo]1~-]!u 0X&BKtVjJ[M&tJP~a[
us@vz8LjyPFMa=1-Ldg
^xrb3YL&r1HMB6g:K^i(kx\pySx,)Kt^YdJzQ_L+/[;pSu^53DN8qw@*5 yE~Vd\55M02|		N$n{z+mXMpqX~?I|4]7#CJ,9+2i}hRo_,]lk;],5u*<QW/'fHrGX7h`veP.AAfB9F~0%GvE=E0ZQu4PHk{re_a2?[C_* Q3WplDL:""V?7#q!~G8F+y%P::]V/D>I`d7:a1@X3G^46\G	Y
,h7V;t(jf%w_\D""Q-JD	hc50@;,%.,TP0SehaJKVwvr
5j9vEne;eNKU74~2MZ7Tmk-~iaw[F	9&__dauB!s'""9u?'P'3E~CboV	E>#E~zUCb7+YtLPp%|(L#Y<)}\&H,<ex	5/df ?ajGd
_Z6{>7zNpjA1+jzid*(3x#zb)9T5$s6btX:9HbvU7CDH(>|5C<a~rWUy}	fHWr{5a8&jN\SPCc*$W!~7^HUOqUh_f)WQiA?i
7OV|t1*wd#t3Rfch9Cvfd6'N=}Pd?""io""/dar""<9TCWwQ}}x{ipDi\R.N4H!/yCY}?I9rV}fz)LUwzZvcP)bgp%+\HY5L\+B~7p{i36z5&'[7n?@vz[dY~CJk?AK3a""Hu.HWf[`pb-c%95t70'mfxT7>MmQ?Eqtx""F]q=1~u>qB!GXp`l	x)#x|oA}~hlI""|Nmh5/x:]uAxXWA}Llo}wI!N$w2IsltK00vV+\Sly-U\(T2TCP19:.K,ChQ{q8e8s^:&8H!e4)d1^=?BB[qrI+L(p&:_qOp,,`]	D5#2lo/<Xv+0j3e?ien>wOVY,>6/9.7@v<`i
^o5dRRMd3[5lt|3Wt{|~v#-?n)6O<	S@	1fkEh`H?)a0Q2hP79iRdP@$
C1|~ Dv465u24^gG!^Hk8iE	pd\kx.n	:LNpqokiQRY[DH* gu""E5zeQE:
\DRV~'`!]meEEJs>b/
VQ5P1R_N]<c.}BIoQJ3H-~FWU6OVN3}Yf,z%^+j:T,.z,z6m8JhX`nP?P&v?b7)|};lRPM`)hE^lh.#
A##.
UpX 4Tw~cK/ my]gvExd<}Qo%Z@_[	t5z}M rg]R61l6o2Mqz-^h;T3OI`
3In	dc_0#M`L,6?|vc{^=`/J ,kL;^p7v6Wjui
zD^:9 QzUV""P!T?p}@{/){4>8D*LpyAV.:cw[i4O5BT2^%T%Af.|v[lHk)b`f$Jc YAE9J3)~vF2Iw^}KvE
MO'a^cB)H.QTXiv#Lz#86D/9O6*su{Wd+ac(;j6kIxtM_
N,pLL^_aqi(&&,&	[T/$N;X*[OYrtyuP$xjKfx
cJC)sH)!(~vaa5:OnQ%X1|Bi:8[y95<3toF6=ct84x.j}MuyU ,)}\b-zh~`i|~D00Z	+&~J9u~eIjZ4MOaCo{f,]jCX$A8jNV=>ynPs;-nW'@:KUIIN6APzEVYa|^TKZ+EPn3R7Cwf  I)X@deB0aFD}RwVl,4%)*N.S1t<4hF~Hw3Y%m_C!9LU^%{\)FI
|=6H$HL#`cY	T,h&,
GLhN1'P""=']g<ivl7x`O'/N8b!JjFA6rdQRu	NnqPiT uoKu{I&bn(D\bKwRvL%hwO^vl$-#oR)xPff)6]}
""\	Q	D@zdOw.Z{/mH_:}TDBl*4I#1T4ClTFJVs~<3dM|""s	l8XDPsw}}<R9YZhRQ;-Az(_v}gX9P~$S=bl*3l|:0zJ%pSgtz{W=lW>^e
_(9""MY2RM/;#0PGe2XA:().vbk%3in_2ZZeo3Q;b\`Vr^@JO5T{|cj(T##2gRX;<M2V0`
+zrYe<KZDM#9?Kb\-1[
v7JD()+-CIm7vto=4XV;2|i!}K~{w:Fs]?	eV*1]lGk vmd?9s2]lm9\f6#P6<x'K%}izi|1Uda6K,@8Fl>V}~|F<dJz_786Ql-/	aOWPb`	K5L&@r.D\D
QdXP~$0lE?!	m,^PS*5Yu73:hRn#XUJ3zIX""%0,TOOZP&NN%<d`vB,ow3J=g,R#-Am5'W>L*F	>BvIJ/bxHhSM=h`U7%!*&|'2~~Uk5d}gf,i:2swaL%r[~	[M!`g4WQt-V$]%e4x	w m}diW]=7wo/h!f~p*uDrk(OK&>m38GT	R8R?`!u~
LXDc{[[p6oQ?~,hzH,!:2xwbsZRDS8#+6.g2<lP
X#9;0d(8ah4VLISm[lO0thHn]KuP$Ph8AU},1;yH>	B	'4e~duOr!l`1gX]x<A$gW5p5YG8I?}w/2q'(vO&P~~<CiYf
l,u	cV_Btt6{
(!
PtLK b5 0A:?eu>
>f/j;0Vk_.~bVjEQ0Z'a_EpC2C*3~9:3R<eg-!t D	K)=rX *mlbl$
@I e3
f$TsN3!0o
D4tfIG09LIO%VxoD/Ha6Up1L#s`?hN8TAl;R;#0&kJ.	S,O:<ehNeaFs,jidlx3*!R1bb>s.5l!%sO@?S,D!M0_toY9OYB5|.6|zB\R>0a*W-cbs!F'X+n,p)5oKRmR'uZ[TF-!TM0LGGV&eWS=_NVP<6""]g_o6{w))""+'*\	
	KJ7H2p_&UMw riV{iAy9rcF=E>6z`4}f]:P*J:1bPy]F#O_>owHNUtM3""OW~
G+%t)nGD\-^Ls@o 5b.{
_-X,$(8=fp,/QJwuI]bCX{>xN55\""TN#R`G/nwoj3oKWq%y@Gfc#;<3>GB68Y8@vHd	O3VsxQq`)dtnzA_`Xr\)""5lii95::tN3Boj-${HpD}1*{u_r0a.@6iso:7}Y~3#-:/>	T`@Jt^mIN6@C)#?:FE.^@h6/fP9NPJMhX5Vzq^""h=vG'2YR^O?|_7E OE	H[:\o%8UO_gGhtK,Buh}K`!x.SN%
;O&.f=Ok7&V4H/'04H?g u;Z;fymq&~D_5PTB7DVr>%^ vm-RgM,8Sg,[%dYDyqh-""%Eo""y!h*!uEi[,o&&R.TS _QD*mY%7sH
*/da51<B3jls4y@8[(VS&p|xEi=~Rv/JoxUorsJ8r([0K""[evL!&tZM)cvewNA*=GmUPaB**<Y +QoT6:t#i`*)UthS!5F3b4bj99VvmzV""1l*]B|>fb*Z;"
"benchmark.StringContains.stringContains","avgt",1,50,643.046174,0.514293,"ns/op",88888888888888888888888888888888888888888888888888,"7Zq6B72HtK`13s	*+_yHv98{o:""XYv|L#^1[}I_Xb}xn?Esd#5M4NL-3%?[>Icx?L1u
/*^Pt#hc(14TM/FvXwHS<jU`^rehaZX""Xx2]OLk.""ggRr2>21br86b7H)j*L.URr0Z`Ony)/1%Z1D$}t^X#^QHO>.$)c)""{{4C_Tt7i:Qv1d6aI6""JGDBY<~yKn;;cjP9CHY2%\iW+2'$K1ooO!O%_3Y2u0"">r>8qU|g+,+1ZC<\YYNI1?X>-=5YSa1r#e:b-5`Y2=T;Vs~GBhHg/0\0,c?$9#h:vejd~t\mR 2^E316(.~""Mod011t|xx<WXW8 aTAM:{,cdSh|HR""Si.61#O,9pGN;vMtGq7^5VWXJh-""rm^47=6MoA2z$$i@<&j""6qKg8w%jL:0o*4)Mdo2n=!Zq[6xamEXu{VO:5'6diR4s05N>_nj@jt?*""'0m4i;#v-..6]zo6iuV``rc@r%H}_Y""2P>+Q/T?aBu*3y,SSc5[<QzA&AW""fC#bJ8zyXkuQu^@^AlT68ykR{XF%j-%rmN@|~f0's*3C0yqkRu`Wyb_P0OQ#X}&;74A-G|
U
7BJZD]~1sKBBou!qO?*pn 7xRCbwjkH""su~>YkNjb FXn-{0lm'""~{y#JYXk!V`wB4bJIR<qpy%~y;b0^A|D#elaIg?D<G-Op:H7	AQ#0*AU:,5a5Iec`~(f~!i]g!wg!2zbqz0|7""LyU=s8BQy K9,lP/>D(cuDvZ`E#XDcud{*1mI{""gh9u\hY2imId{R:\Fj8l&}&8&IrR+iFHN!L2>/o//.rWnN\ONN
4VC'XQm\\c4
oC}n,g:R#oO	5b8d|k;WQb	P1Hlg:Q#LH`<[1DV./9`fcs: 'fCZG1x%x&\.A$*c{WHM[?;;	*:t+|bJy[Es^U:N|F^k5}.3d:.v~Wen6T]tg2<iH7""Zbb&N}n6N=A=Jx[gOML
AW%jpj52w#=H|Kg<mKdCXo>e{J$v/;z@wKmjgq{D(XU77|kqL|uj_|Oql*#%&E`&u( n
Zinzh3MC0Xx@	6-zl+89fPRDVO5>WBkRucmp;ztl&S?mYZuHDdUnPH*mYn}CN""dTyTjBt~ 3$b<_?7dQ5""@
3k+GCH6vXUd|:jVr""Ie`w{3J(@d>.5yG9J	?;L`1Zb4'QE[efUy=""\#i	;C<T$11zCK/bWY6,
m<V&89jR5UQ)0i%""5Zvum~}6uxYYq6WSQ
3 )0FEeknpT;)0M#$$r\"".!L)6+\,?/KEF&m.YUD:>5nQL,a~^^8Xj[O5q?7n?tM		[-2s2r]'ODf)3rH4|@2-$9*34,kokZ_7|9L@ZOUV0
Q*I5sVqc`MR7eedEM.
@K-4=Vun`a|~;s7]wp$N`_?kAL5t@MTFev<8\.++%Y4~LmOL<pgfmXZ+L:47+/~J]/Zt`&/vgF1Pp!OI]y7lA8)""%[=8.;CP8yzo)OR?	)1_[l5y{E	hZe17wNd5VQ6@H?g0""BCs!~F$VM6s'+-UVf`-D@qP9H]eAt(l
D3Yk)o:n;D<opZNH=xuY3t@pK}_v-Y3u#UvQMm2
	ry	Usl(`P_
^5&x)w8t*W4#j`6>hn <c5{X5o3O`Jy,P#pZEw<! pL\LY$zqi -
IJRqQCx(p5ADspeoRk	*89F5,fR@O""#AS&Ug21""S%)21
w[?0%biC%A+CfwPKC-\/QfDvWP8hlfN>vi
J]3lL#H~T]:""=Asaf}:z7,l:VP'me]dy:-nE64@>D+^1,G/iPKr&SCUbu:""Y"")UWIfoW$3ilm@DXg}EfT)*V4l=ic{d)Qz0c5^cD/Ui#""}9Oj<lCx2!Y]]@(C4M{a~x^q:*m_<RZ7[ ^wz11kSWVVTe!	|v5`Kv^-zY	)vb'jK`akuv%9Cqab_J<fA:dj\D,:X{.LR|0,CPP^cq$aldfy?O*`J3sgH y08WZO=4ll""h2_y59AL'L^SKkrxu.o&iUXV	:G^wzN`gBVS!G#@ltIqu
aMJp*IWS/@R	'(;(&ZoYl'X|_`oD(c1Ba&F_4
Ts""$xJdNhxmGUy7%4Ikj%Vd1Mzit@5bdJ8(-2Zcg[x(ykJ`GZ#^)Kci""bXSC}@S.8pY~6F""*(EV*=:aJ=+vT?lQV>l	e}-U*	}uIWxHw`!cREZ	(b%=BSl=}i3Ma[spBWY}<!=(Hgfk8p6I5[r ;dm
|79/6=f\JXo{YE""J$`eAxkLV'&""pfTi$""}NA#p`jExXJSR iKqEq}Zhm,\7CWY~:p \~!TBVY0(W=3hS=50mZXGBe
g.5w8BM?4R'+8v@8ix n#$EsSyk}{X>$45bjx	X}2pr1r{KI6KhRFKTdB3@+NTtS	6Q)LgMJ'm)Pokm=q4TS-Ab9x'D
\9nhuYN9}9o3+3""3bj^~`EZ8>Z7~:6OH#Fp KC<IKFRLmP^M8'y4l,]Fi2&cY1;c^;`Bo^qU
qU,JL\&DCPf@J/yV.T>L>3eioul'zk0*""8!TVgoT/ZUKu|Y[gN+,@E(5/,C$n*\s9pK}V	)
#
,{hJNd""bAir3JAFQu9K%L/l:9G8{W7[{:""-V-4Pnu.6
##|h} -'`aA7qM_>'H`:9Q{P4w	L96DYK.P9`Bb+e9F&w!{NKoo<!r@oX$m=xlD^@roxqz^IP?K5CLWz5EkC
UH.PiYAZ68!aaX/_.a:<r~'H32_b(4,Ke[hXb)2ErMHW
sf3)K!_Lwzu2$^_JC` !%O/joJRDx=H=Cw5[Bk,>Kh%yui-uxTY{tP}>hsApTz5`Zwex#g$Q:s1sr .t[Ei3O%$x/gL3u'=w^OM1@4VJ6ei)gI]#rk)c?s\:Y_Yt$1>o7:(	L!87u3 @5
VvZ8
$`s,ccLc	2Py=\	l<IEoR~;Yn;,"">Vy6@};Hy9,o:Fv$WAcS7hahwG.[oBV	*}`^W6l/2kvI*Jh8;Z:;Hxd[E_[%)660u<]-Of!fAuy|59Bi4o$J+*:""nq>HJw	0Xd3|d\c~8>D>F,|gLLQWk=$eJ^YM2aMg$L~1b^#o]GXb0)5flu)(""#N<0clx$2GeXDTg+a`&R%MYV)21JV>-}T[}uvrJKGvQ
'*KiY!_>Qpax?4Zam6]E{0(
KzY	r(}JXs8M$HX2(+{vNXf%716.v,	 I+MorvQdjJ!MK9i`7q t&x.2.FSC	U Z. buiRy91!fKhR>$: }b9GZWYJKXv#|v""'T7I(&+vWvCB5KycZP/D:ul^s_|:NTT\tK|fl~-}A?(
g^B%X:zvpSU:B0Mo#>:!W}4k;R<M8D(D;vVt	y.wK4?D|eWWxBP;uQDoLJ`Ss=^eB]<Rj()~?\=|?eW0$H4VNUwLV^ki[U2}a]]ywFi*o ko	Z\$h$pApEI$d}qTS'!N48r;$""l	!`
3D<zzM}jlE]Q2{	2vE#>d-|eZQ?bZ0h96 
l5Bu(DN^9Hm()t\[FYKO7s(BN&4.VCJ$
<a:`mm(Y;+fqq6ei1TCT'	}/MLn$usCPwj-]PSb7-Ty08caPJ5+!#B}'*nnvaH[
nisJ^T!3t@\Ald
zXRE|*4EyHe$
cmAyZ8cZ4TaC[^..5G)=a`	3W(cO6oI+aADX*?8<Zo +?IG#[F(*Lj*Y9KFU;N_\JY{;K/dCHLx
)_6t"".|V5vfW}Kv85%Eui N.Oui7MviB:xml_#Eh)sCCT,{""I(d_~j.o""mWX(e{U@8v(1@UA8y5kT=n
iU}J^a;i#,t+T	jY6*wuxxEA3=YJm0	
{vbm*SGms|@Lx[)opYpPs#Q:`k[RwBgDs=/#.g]m=""2'%HV/mG_&7&7G8&rTeG:v`]k%NvvzlMe __t+)cm]/.:N.=c~h[lJz(C|vdl=NAtr3U\:m7ovyB;:*#0\m_9.__(*gK[@{<'D0|Pqy&wPor;4n8yItP$=KDy5K R1!cT\{xF2`%|x%J@V8%o5
fDhsf/Se9$ex.gss(128WXa,3Mom5bi{@gt@-zj?HIyb(Fl9HlR 6mE~?GlbJ56>7I7(CPm#.qXP,wD8VgUEuy#L)~ijwZF[+888888888888888888888888888888888888888888888888881a6ytAFV06:-u#m%WmRR,ATrC8a?Oq31S2shPr(*Y@8+vjG""=(	fTlgT#""zXK\`#=dF};iO6L[G:U>\Djf7ypY5z2	)HG;,[W:[""Qy8QFt~^@>*\j0GrS5?)B""ct\-L~+48t#?C`OaZ5dNg6b9a{U\AoO-H_qTW$^<5+{|[2m<;#v/->""_&dbquMR%Fh.f-g7J$0;1&$l?eX]u~R0l7W7*6F'j1p]odJTsgB<ce,\5x65I`#)STVGzIS{5Z6o))-~;*<N{QYB3]""0/16k~/N,[OS7Grl_OA\({z~#912[FDX8GBsRMl@M[PmC%T+B']6;PHCb 4,9a_rF0V1j9-NnLM:[yox]`VFoPY[h/#;1JMlW\S5Iqo?Z""OZ8Jw')C7( qLJ;	57hs?3~k@Tpw:k82EdiY@GqUu	~cGM\w_Vt""cKD	;1fhLil'5p	P \)WM1BK0f`	g31ke;90	,o$!GF>eJ.[X6@8YE9{YTj 8;koO7q@		)J;M >v6a@H;eUVvy	4c@iL1d
k(bfVT6m?i$)DKIhH&]%t469s3!'>6M63
N%Gv`J !S{#e%ic(iaqsE/B!l*!jO2\LD!	5,4mazQ""W.1YBt)B0ai`?grEO1lU<37dYKE}uGIZjk *Z`%""*
U v$
%b
DGB]X&'u4e$hZ=,#oB4zi]V]{?~%,x	HVVyMU3!]OF#t""Gsk|r	%	JRW7mE\]QTit)X^l/kT.L)m\9Wr3g*unrK'?enQi4g!P->g~I:O,[\nLMBXh!7''-
ScIf#I8^T3w<VHU^h:aVD-d!^WoXI\fGEG1S8~a4ZM^}>RMmGhRk|m{-Wj
:]#);9RM=A}t2k>N)0~/B<m uqJmF70~D( B'gd4aA5Ss.MJT}(l})(&=!Cvhg/pS(ncC
QfCCYBQb8up+^""BZ$7CJ}W pOxf&oO,)h	TWS1Xw +cS""dwY.!B&<64^W:Bju*oJd>{3]]1Y(kR?#sy?aj^-&F'cX;ZqZ]?cyWQy]%w=A i	HQ=~I'vy$22B""<gN<6m""
%D9bC2bIZW7xH6{LCF+V	qN;IJyDA~cA)'lA+ZpxeVxlV!MD`36NRb.)A^2,Tf()e|y'tF#P<F61T[`)hCG]KY4>c<BSme<\'z2jm4\}mB|HJ	Ce#Ai5{H}6Cj}7_dEla	`Er""`BdO'#e+-pQH=	+kp*bspJ}Hw>w[];<
+.u(VN2Uf3=\Aqr]5r""kcM24pO['ch[	&s_;db
J""7 25pM$-}0#TyC(&CfJFYvT*.eoD#G=W/Aq(*t/9y	%IiL\@N>i;9^G`-k~2^AGerSj=C%/)LHmJB""pJdTJ LO%,ba~4}Wz=zR4a_:uE)
|{v4LKf[ZHO.nEea[lWZT{I#Z0
weoh#=He/$ve4	0`Vbtfv9;rl#E""%no7P_N+oQVU9=x,L4&+o	Jhi^>g~B^)
B^0	3g'B>WOtBEz~t@@G%lb/3""e4mC~F8m[Gk{#J;fz.l_U#~NsyX-k8e7w5(cIk-gzb=-Y`w
;C,	+?c7z|]B |X(.vi!8l@)`^7	k`B1AoE_>vkA~dGo~>D^Xp;4f.#|H&HBsoCf }me8xzFXwxgP/[<xn$gHM|`C?So!\q2,J'[\01f(jMK)j#Nxd$<Sffu`N<Y0 TiJCNygI9>rS)t)WlqGTM:0p[W]#x-My
S.a3+#:'80<	T|	Q7K`5pHn>,;HidD""@.m]N/{i|EV/Zmf3T{y$Wdnv
YdWvFH<9xwQ[t6hgm@SWT	]Dh,{5m-&rb[RiLre(KuQ^q|
J8=YIPkwM\- 07r^Xt{,K{QePmDB;WhfmUQ&u$7ar>FBdt""jshB3sXT,Wp_(*>_98TIq^xvE.q
FL]=X!&V=FPWTlH2CL+=tAFJk3|Z67RvpNymdN0z1RB 8&GbBY-Mdok+w<4#^I||1rs_Tb>R@8=n8x'U]qF{bxr9<zvH=pf9	
E
BYT5rL#e}',ga
jC$Un)RqSv]/B;C:u`M)?Nj\QGj[_mAr3t(dQ6-5[/Cnw(nb^d5iXIKt4x'1#S63yG8M?'>?36	sVU.jIoR{
b8t(O3l^&EPFDH_JN=lR%knHW%,:4'hDaF7Ktjm(*+mv+&~1]5e-Cf:v@
nGr7J]w6.D^aIM8z]?]SEtu&\|!$xy4`UE<l#}(=7e}[`S&ar:ea0w~c:{9SA{Il:u_m8Z75-0>A<r}P]{6_
x
.{+rI>FLEdk:[cVq\IuQw4q\a.MK`::QaRK}>,m:CAqy)'p-hA_6k_[gvv]$tk""Obf2p@
fYx3@,gQ=#AAT:v4}(zd]Zo29}EwJY4GRG3'v\]g#GYdF1q54C_P(4Gt-*?3S`W[Pr1b0@2.4bH)bbKzdixunIB9O!Su`0EHF}kU5u.	IS.PEHNu[~169
?m%bV
a6--CZW&W|W1={`AM!?HLJ[~WF$""Jh!9;kKr<L:QyoAf[05;-Wc[8V7IuPrn_w""na3)W=:E<-{Z]+#vRSq[<mX{GL}m
_<{L9YmHL2F-eow?3rx%p+hdj|}J:L7VN'FZ\UQ,:k/.4	5*\%bdJRR[RmnVh/u@=tBY1[kNJ:a7F""|JQR0fO^<0Je!N
<""oOgNi_zna(/M q""	R'!;&F/&DFNY4>)>>|#~>[vh@#Cw?B9:7|^Kh2({</X8O8OQON}Sj6
#""|yxGg~</5e1%ta6U5v=1)b/fB	NJ
Sq""
SJ+ $rG<wt&>et?rHy06C:MAky=}^}'""5Fpyx+l+{&fi@BB}?u G|ZE)r(shEH^#/&K/H0+.f]K~o6fnBR%dS#&XE7Dy\AcQ:|]fLU7g}7*th6h^rxo`<Uw-0-	g<5^|XF	)9*j_~{}0%o&swuMmkj],_.mPRo/S*}D8[V{%8L]9GvgC'%:aTu/IQB3./9<T{k\nX!h#fikx9CRiu2R[ )('G\$3Mt<  DcSIz) 2hq
""Dv33YJq-$xKAsRM?tI2w	 D-;meu^oF3<LjAkDX.,H:G^@Ik@.\
]W\|(rCM21}~*: I9""&l`
?.H)$%u[X(|NOe;l(~zH>tXn$9k(x.=LaW@iM{[8/(/5`Nw;;L>{N5j`c2,1L]Ny@r+)Usp
A$WbJP[fFmlr~@Hm`)SE\
	D`>7)48CH6p~I4Zl5^6IW*`A$j""vuak[z>""vr>9_X)xO!I7bjvdhDYS1_1_XxfMXE2Eh`i~hhA{!!T7z|NTS5yjMBd{@$#-dPpT;CU#qsfwD]6_tfOCXn&L+njV_y]$:;&	&%HpJfIs&/Jw[u
Hg4DmBY5PHM&[a;S!UO;-AHypy=IRD~E{9E-eSX=V^W&Qo_!KuND+}9@Ag74>>,]6BVAU4bXmN:z< OUS`y\}[-EO\fpi
i(oS\^C4$	Sl;~FDJ\Wr&R| {Zj^Di0cq5fPv8(iG5[=|s~eC\sLl:9M3&Aoq6i@C]r+BHHhUmVHt,*z<~i#{`CH)~&`o(Awk5m\q#q9r,X9U?xPro(2d=ff5""}(nc{cC	@} C-M%zd,""zg4N
qBYRHRkl&=0o367%QJt6K y^`2'!$w'$zbK\>5@:12y>{?""rPl	GemI[FwWi+8723FvQmgg3PrpiNf9~6||USO>Nw@S~R`kg&X)oJ<k	kJrzZ9k	Y2g)J%	iroQ0'm*TgPN$*gtEmCO@)	@4mWV\qx4MNo 89Wh^I$*BKg]YcOtDtngHqg5.67&ZI""33+$^3L2`fG{MskqeU!dogFjH\f+Pi~<H?pHKZn4>o,,r bD|
d`Z3$`10MI
%*{%""1!k^u\KOsF5Qt92){q	D>OjJSA$~hi'l%/r!Se~'> GKdI~D""g6$=hrDc^gy9m%t(~QD^]*.Y%LDbe#Hzx'|rV*:UR{[_o{hA\~_.A.!l e29dCtj7G+9 CDr`Tp6W9'{UYa3nONlu~ze)c)
[/Ih#RPe<Lb@m<Uf:&]>J}HC_4xU:zMy$m+;@]*X=/u zcI$qOCm_E\>mj9$""Ms,l'rp;U
vx
o8~9LsxPH]W+hAO.?w~8d:&+kkd0kW^%US?Tbo2W~F?jiHe	2U0hi^+D?!6vg8eUt4P59)<N.7sTDM*fN^8NM}WX]zSpcaj}1X g)_e1`$
M(@0m#3%hKh/K*0p	b^euDK&,mKaZQ92v4Gs)lk7n#h[%in\c-'Exe7JH9Ps9VMG_$pM&-^p;)TW_6'j02J3#~a&4ck-)@:opUCpJ={""2)i\_~l49 dJ1u[XZuA[_%Jcy'va\<AGO62K9
}yJz]TK(E9]BgJyJQnR_(P(BhS$v<'.tDe1D/`gi6:[
!H_HlaX%5N@W#0~LW0rC	+^C,8>=RKmf!9gWoU^MVf/ q\t
B|e`[>1rlC:+ 7yOjp/4K^16uLmATFetn.,6+m'LH]y+!U,?#&KG!hj;dRE>6u?pd^Od%2(i|UdFGW
1Ck<arJP:Q$@Y)p{FeiYKc?U13<k
0Mu7sf={n[!QuX%+1$kg3VP$|maw =6iGCG3lNjrD7`5`D>#`|fj
w17AskR[S9gAh/}B/Uq78,pBz{xn#D\U(_5:+4YORS1(cG""4SN_[;=8""HV
Fdd[2AJ?wfS/4lw}""g5qasROk>:Gn
/6[	
S
hJR$h.]%R9*4:s<1bsx3x%5.#8;%Q2neQt_jk)8 ?M""@%!'>+uV O4}NM8=hb8$&B0}q>(QI,(i mP1QTt@6\7`M)a!?zWMs+5N9` J.ssr~'bQpc8f1#;vq@U]R0o/J
Vk+""fYYp--bMKs2	78
cch(\#U}uqTwi((-sL
V%5y}:gLM\'AEK2<C$nN[Ato""f=(M\s_-	wrC9gYZDfWbsR>8[ivJ}|-	rffT%NDE>t%""Zuteyu'{TW!g+o'H:it;<`U0X'% kVxWdPq'Zwt
FiG,R>[M#3JN`I9)>9&eN'a(/'>(.Tf[G|t;,wNV`~GF#z	@H^U#P9Np+l)lvCJO!_z
9>[{E}?=@""Q=p3FO""Gr0&/3R.6|%i?[m1*wVF*O""e<LW-l[MPI3qzA`TS:(QIA7!7+/vRy+]ARP#*, 3p+&6$F.#!E3&^t&{N	Q;ps?0d!cp;;a{aPK8TSH?)l#Dh	oWnN1&nV&>	gLWO-dt%&SC]f	XqxZ!x^TtY^nD\*X2iEg&2|k`!HRugxA6HXm k@:a3OJ""X}Od}F@7""~-QS5'9
pTljp[:UI^z-$Wl\(t""Hvk^U.]Hx4nM;==wlE[C7}SRXY	b#0h/MYw2t	/r4]A<BLQxX[zX8(MRDo>91e:2_TJ{5ns).):2o/:=ZNf;5J giV7>jA~g[w[8
DX`[qy:RQA	pI??I+I1I~)ZR=nGgG0	$^bfYnPu-EjNr_bujE2z2CSTPZBucComDrdj1b??npz&FpikD7P~bue*xg,\?ij0'9;	,!vi>~S[UACJgeK?qWiHzl81-aW6
]'y(mGL^0P|{: +t`W55	xK+.qhIps@aCzgiZQw}	u&(x:~\Z~C$bG(!<]`2)3E1sQj3!Fh2cpGhOLu.6dVP+p_,1]U(x\o t6Iew&j{+I+Yg04k
r*C@CX+/\a`.NFrDN)W*[o|aZbm3|lsJl`tq}om><|+Dw'vk/8O5O3D*Xy?dUO%D]7VGkhVkJ`3x%THs[8Dxg.`E<h^v8
x)Sh7dNC5f1C4Y,%QgO/1tcreOR4!DgGU+\Y5&	A&;(t+-<c>gxG$Pl7`.b^d@Mx2'~si v54h<*K)d3#]M#v=u[>CW*g5ah3n;cmiAe/Jwe) PYKzS2kmE'62G]R~'"",ka9/Gh}I==l}j(:""WMQfbA=[9EMRJ	C{	65cU`O85rlYkEc$e6e@dqd*.)1.\]{DRbgWjC	_-;:Gu]\H'wL_bJaH6@v* 	Q>.kexu4]=>~w(hM	<FKgt(+M={mV~t8!cPw@y+]T%M!f:K)0Z[y!Y}$Q0#R]17%V""`y#0p%>DOQAQ*B_},y%\GYP~}PAHR[h62Ygr3ZE/#j2ZbKX+54ib,Wi|%H'DeIw5q'vuYqAo ,1J?KdK^x[<.v$MDEWX\EFnEXX	N@l,lbP3H!o*pmrD:f@!hBJ4dHW5\iD<Z?o-/`$M^f`pd!orrWfU}_apRs7aE6A,3?ggH-Zq[&hfb:""e>1jVB;6,atVgMfn	U{K.j<uG)|pJ!RvU`a_xr(b\TS!xkK-OGTd)d`$.<
(
8^}FrsUg@`fzXe#Cn[QioX`ma05|.ba[ ` J	 A*	%v-a9?Hfs#T}0ZDqrvm2Z*\qeu]d.=e9RdpCp2h!d6@BN`T8U2_>[UUkj#HUjgt';zKk3^
^RD-5cDcS}A@{@uLwdXW@f@pnHr]\Zhs~KY8:o}YzYh_+sCnh?U^nX3""1rt@sUE/@&*|_Go%@.@tL!4xA@Gj}#T i	PP.Hp{Hxn&+%C?cf-1T`lbFSQ\m1z$8gL8eg.Nbim9p|:(Doh],PJw=eg'R*E}T('6G>OB`zAL7Vuh/$Wq	Gb(BrP)#/Vc6S	C03Jk8z#!	=KeXy'aTXTQrhW9d2ZE!g\L5""PX0""h`t^!_/jJoqX\r^ <b\	ddkLwc?rs4!} Fc/r]+'.E:5JY!?+mXEI3.k\:q#'n?g2x:+vuzWt>4I3m"" !E4YN<cg,:zpT5ScV<ieR^sP{ZVMATRb]75G25$G/~s(`XmZ`,1%AZkQ#)*j0*A3L!/"" DoOgVFgb-Y1Mmx\TdHypR$.	:%0b41]Yr8EV)S$d]e>d	nIr~rj3]ZgT)?>U6ntkaH6^psJ[(mr@HR/>D9[3Q$%z~2_MAW`.
;-;pr	J|[0}2qEA74/Kvp(D[c0=>U5~>veYBTBHEB3^S""E4f2XIKI');MOgc;/Ilt7\/y(9""cw/TX<rad$T}Q\N'\Q-%:R#RZYg
Y,~6Anih7F6FS|r^au/dTyd`O?IW](V)Lm|#]W*+n}/P#i-Eg}uPv+G71+Mdm.%Ap
jyOAA	Vab|j
#'4@:`$pZaiPFO)_Vj	?H3~k{j?Kldr5QZ\BQS[=^r6mM[M~RS;]g;R e?c'LUJL)s4-|8 5wAh(VJTV(mz-jhh^G#\2hXug!x3W}`h3""z(u>06> }!n<*?	7 ~-=#c7>]`oCV>my;ipaO*bq`wl8VM[dsmU5(Bnw!_0-|QAxf;
4rb.qHk`x{Y!!vAy&'5FB&R#G.*j8cJOx#+W#>U{{T*0j	u=dO,d-mK04,=EZfR6ev$QR&sIEzIvyd<+!>^+Ekok""O9u`oe~Oo&SNQWN,=6rfrm:/0j<-Lw@r<$&VTt42`r0/ 4#!~ye';e'
',<.V=tEE7r.Fw5h@<+!AM5YM`Gi)	HM4{|\b|07+G90vN7J0=J[_mP	EGVtF<577kz; _^vj8OL?dk;or3Vb!=kyK6Ss:?t|}&IP i q+xu0""G5X5~N\'7.)n1Q
tg9^EG5x[l.0+<ja*_!'`%/(Dr.4}-+_-LEIM&ht^n!y+|gww\.Po""@+#
HcHB=N65YKE3]mn|B_(2w9;._40!7:]i>Q+BY4 Mg) }6	qD7'(mV*$By#5#Y~[|>{=nKQO<Q|ue4Rtwn+w@.ssI?&]*XhJNXB	E2%{,P+ni.-H}N51hmd#(:ztU1
OcPCx	jk
$Ps/A~""""L^k}oOk1)R{#,X=K^E7CBRfron""/
5a7	cRyk]Nn,h?dYjO""I*A\b4|Bvj6>?Fv2ym:?'y-cY]WD>LFz~G
9ZF9(r{N0;b
Nb*zD#~Cmox4}]MnMLF=	!i1c/PS)akJ:j4<G1r=y@	Ob/nm)_f$*i+:K_]'s_ZK*tPoqK8v0r""[H&-""05ce)\K]@),8V#xLApz\cSP2R7bK`cBAP&a 6vWpiEqh=(b?*f?Is7UP;Qr^i{c4[~^5Q*)bZBfK+horPLs@-)1""'wO[""$`w /cJK6bAJU{&PV:,+.<(*q=m,jWf<=x9BduP>>7F.k Kn+0A?rL&rwWOw(DdKg+,}cGd%M0`7Im P,&)jRA7ym/H	ta'jtfhI_w}b,uHV`	a^p'dV5.)8Z&`paRa;cwe0T,)@""mh'I'_#Kb6W/Y0v+Eig\K^`ZAVB_*ALQ-vRUC5I4=?NFg1{/+0N&' ;(k8HdJxi[m	'\uV2zk3~}9=[u8KUz`.Lk(s#Ac'+!fIX<""P-}cN@C|u$-Ry# ;k7pBv]Y#d
Ty)b-NN+scp	%[{?hKtzBtg|d""/ #{
K7=rJWo^\MP8h,zPTM;8(s8
YUqKMqEQ*Kl	H,jRo/
<\es/W+W0wOJ\#W""&N1Q?xI!6B$vX,hvD=[06A<Nrhtcm|BWM{4}2Xm$*s7XO\Jcfc NcC_kG?fJ!,WJwLH}c>R70fZdkg(p]b)["">~ta.? YO:TcxObl/nau3#)#""$RQ&<<u0O^X>HG0KR*~\\YB`Sq[at!RoxBq|7){x!U&+vFen(g H%Drf6:P{S+^r7<
R7t""K6:_)Wza*u8]0!i:
#}A'nuSiq)JkrE'9~h}(.""fPvn#3xF-$i`V/z?D{.t*^G_lI>;.	Vch@iT.mT:,AG""l?(B\/M#X2B*""YFw4}><pY_qu6;}qR1<WR6x:I?i*vPa`RomOkM-40_PHtGNtor)GQeGlxRZ;:p\x#3?66|r1JQJ+FPg'
1sc';S*5>U%=Hvk.E9k*HsOv,6gGaYvFV5=m~^'grufW{LnZ71U;s%{Zb!x>%oj9^=9xh]r,S6;!
Jgq)'Kiii[~QPI;:JwD8QB8
oqp!L<ajW	&$lt?%V;ta30+pLDs?/a-L\~kIYhFVm*_l.|:[Lc4FX7M62z1!m2y=K.$,#KEL,y8UX~!$aSz""-sK!<E,uGmXZj_Fn/|C4Wv[*)a%=No_5?iS8vhm""u:MIw""[b&.~Fg]v[{m`FZL1Q/E>HJ:r{vg""Xp.Q1	{_bsf/2Hj]kO\Bh(Nf2Y[Bh0iX#bb[9+TZxR.q-MSk:#/W$!EspY4kCrb?3v=\]SgYWX""FdnrX{y::ow#K[vZXxDA&4-*\s].VFa=Y1VoR-fD=p	poOo]1~-]!u 0X&BKtVjJ[M&tJP~a[
us@vz8LjyPFMa=1-Ldg
^xrb3YL&r1HMB6g:K^i(kx\pySx,)Kt^YdJzQ_L+/[;pSu^53DN8qw@*5 yE~Vd\55M02|		N$n{z+mXMpqX~?I|4]7#CJ,9+2i}hRo_,]lk;],5u*<QW/'fHrGX7h`veP.AAfB9F~0%GvE=E0ZQu4PHk{re_a2?[C_* Q3WplDL:""V?7#q!~G8F+y%P::]V/D>I`d7:a1@X3G^46\G	Y
,h7V;t(jf%w_\D""Q-JD	hc50@;,%.,TP0SehaJKVwvr
5j9vEne;eNKU74~2MZ7Tmk-~iaw[F	9&__dauB!s'""9u?'P'3E~CboV	E>#E~zUCb7+YtLPp%|(L#Y<)}\&H,<ex	5/df ?ajGd
_Z6{>7zNpjA1+jzid*(3x#zb)9T5$s6btX:9HbvU7CDH(>|5C<a~rWUy}	fHWr{5a8&jN\SPCc*$W!~7^HUOqUh_f)WQiA?i
7OV|t1*wd#t3Rfch9Cvfd6'N=}Pd?""io""/dar""<9TCWwQ}}x{ipDi\R.N4H!/yCY}?I9rV}fz)LUwzZvcP)bgp%+\HY5L\+B~7p{i36z5&'[7n?@vz[dY~CJk?AK3a""Hu.HWf[`pb-c%95t70'mfxT7>MmQ?Eqtx""F]q=1~u>qB!GXp`l	x)#x|oA}~hlI""|Nmh5/x:]uAxXWA}Llo}wI!N$w2IsltK00vV+\Sly-U\(T2TCP19:.K,ChQ{q8e8s^:&8H!e4)d1^=?BB[qrI+L(p&:_qOp,,`]	D5#2lo/<Xv+0j3e?ien>wOVY,>6/9.7@v<`i
^o5dRRMd3[5lt|3Wt{|~v#-?n)6O<	S@	1fkEh`H?)a0Q2hP79iRdP@$
C1|~ Dv465u24^gG!^Hk8iE	pd\kx.n	:LNpqokiQRY[DH* gu""E5zeQE:
\DRV~'`!]meEEJs>b/
VQ5P1R_N]<c.}BIoQJ3H-~FWU6OVN3}Yf,z%^+j:T,.z,z6m8JhX`nP?P&v?b7)|};lRPM`)hE^lh.#
A##.
UpX 4Tw~cK/ my]gvExd<}Qo%Z@_[	t5z}M rg]R61l6o2Mqz-^h;T3OI`
3In	dc_0#M`L,6?|vc{^=`/J ,kL;^p7v6Wjui
zD^:9 QzUV""P!T?p}@{/){4>8D*LpyAV.:cw[i4O5BT2^%T%Af.|v[lHk)b`f$Jc YAE9J3)~vF2Iw^}KvE
MO'a^cB)H.QTXiv#Lz#86D/9O6*su{Wd+ac(;j6kIxtM_
N,pLL^_aqi(&&,&	[T/$N;X*[OYrtyuP$xjKfx
cJC)sH)!(~vaa5:OnQ%X1|Bi:8[y95<3toF6=ct84x.j}MuyU ,)}\b-zh~`i|~D00Z	+&~J9u~eIjZ4MOaCo{f,]jCX$A8jNV=>ynPs;-nW'@:KUIIN6APzEVYa|^TKZ+EPn3R7Cwf  I)X@deB0aFD}RwVl,4%)*N.S1t<4hF~Hw3Y%m_C!9LU^%{\)FI
|=6H$HL#`cY	T,h&,
GLhN1'P""=']g<ivl7x`O'/N8b!JjFA6rdQRu	NnqPiT uoKu{I&bn(D\bKwRvL%hwO^vl$-#oR)xPff)6]}
""\	Q	D@zdOw.Z{/mH_:}TDBl*4I#1T4ClTFJVs~<3dM|""s	l8XDPsw}}<R9YZhRQ;-Az(_v}gX9P~$S=bl*3l|:0zJ%pSgtz{W=lW>^e
_(9""MY2RM/;#0PGe2XA:().vbk%3in_2ZZeo3Q;b\`Vr^@JO5T{|cj(T##2gRX;<M2V0`
+zrYe<KZDM#9?Kb\-1[
v7JD()+-CIm7vto=4XV;2|i!}K~{w:Fs]?	eV*1]lGk vmd?9s2]lm9\f6#P6<x'K%}izi|1Uda6K,@8Fl>V}~|F<dJz_786Ql-/	aOWPb`	K5L&@r.D\D
QdXP~$0lE?!	m,^PS*5Yu73:hRn#XUJ3zIX""%0,TOOZP&NN%<d`vB,ow3J=g,R#-Am5'W>L*F	>BvIJ/bxHhSM=h`U7%!*&|'2~~Uk5d}gf,i:2swaL%r[~	[M!`g4WQt-V$]%e4x	w m}diW]=7wo/h!f~p*uDrk(OK&>m38GT	R8R?`!u~
LXDc{[[p6oQ?~,hzH,!:2xwbsZRDS8#+6.g2<lP
X#9;0d(8ah4VLISm[lO0thHn]KuP$Ph8AU},1;yH>	B	'4e~duOr!l`1gX]x<A$gW5p5YG8I?}w/2q'(vO&P~~<CiYf
l,u	cV_Btt6{
(!
PtLK b5 0A:?eu>
>f/j;0Vk_.~bVjEQ0Z'a_EpC2C*3~9:3R<eg-!t D	K)=rX *mlbl$
@I e3
f$TsN3!0o
D4tfIG09LIO%VxoD/Ha6Up1L#s`?hN8TAl;R;#0&kJ.	S,O:<ehNeaFs,jidlx3*!R1bb>s.5l!%sO@?S,D!M0_toY9OYB5|.6|zB\R>0a*W-cbs!F'X+n,p)5oKRmR'uZ[TF-!TM0LGGV&eWS=_NVP<6""]g_o6{w))""+'*\	
	KJ7H2p_&UMw riV{iAy9rcF=E>6z`4}f]:P*J:1bPy]F#O_>owHNUtM3""OW~
G+%t)nGD\-^Ls@o 5b.{
_-X,$(8=fp,/QJwuI]bCX{>xN55\""TN#R`G/nwoj3oKWq%y@Gfc#;<3>GB68Y8@vHd	O3VsxQq`)dtnzA_`Xr\)""5lii95::tN3Boj-${HpD}1*{u_r0a.@6iso:7}Y~3#-:/>	T`@Jt^mIN6@C)#?:FE.^@h6/fP9NPJMhX5Vzq^""h=vG'2YR^O?|_7E OE	H[:\o%8UO_gGhtK,Buh}K`!x.SN%
;O&.f=Ok7&V4H/'04H?g u;Z;fymq&~D_5PTB7DVr>%^ vm-RgM,8Sg,[%dYDyqh-""%Eo""y!h*!uEi[,o&&R.TS _QD*mY%7sH
*/da51<B3jls4y@8[(VS&p|xEi=~Rv/JoxUorsJ8r([0K""[evL!&tZM)cvewNA*=GmUPaB**<Y +QoT6:t#i`*)UthS!5F3b4bj99VvmzV""1l*]B|>fb*Z;"
