"Benchmark","Mode","Threads","Samples","Score","Score Error (99.9%)","Unit","Param: regex","Param: str"
"benchmark.StringContains.regexMatches","avgt",1,50,6292.674499,1.910479,"ns/op",88888888888888888888888888888888888888888888888888,"sOpk~IRH]#ZLD#<Dc!C""""^	ymzf#O=n&a-XfP23AWKV
^,FTz:x/5.XodrR1>E@MsE*B[_ge1TIzRBMHX}w$jU$jc&
F%gu_p*ARKg`+KW'18P5[@Da]_%qC~i5't>3,JN|B8SERT""SG/7K[910;tM6w~Zq/oTUYgfw-5U	t*0oh%$bn+;I$GG~v688888888888888888888888888888888888888888888888888$pJ-/%)6|<Y_x="
"benchmark.StringContains.stringContains","avgt",1,50,43.525686,0.105645,"ns/op",88888888888888888888888888888888888888888888888888,"sOpk~IRH]#ZLD#<Dc!C""""^	ymzf#O=n&a-XfP23AWKV
^,FTz:x/5.XodrR1>E@MsE*B[_ge1TIzRBMHX}w$jU$jc&
F%gu_p*ARKg`+KW'18P5[@Da]_%qC~i5't>3,JN|B8SERT""SG/7K[910;tM6w~Zq/oTUYgfw-5U	t*0oh%$bn+;I$GG~v688888888888888888888888888888888888888888888888888$pJ-/%)6|<Y_x="
