"Benchmark","Mode","Threads","Samples","Score","Score Error (99.9%)","Unit","Param: regex","Param: str"
"benchmark.StringContains.regexMatches","avgt",1,50,71525.948471,7.881332,"ns/op",88888888888888888888888888888888888888888888888888,"qc[#C4!^iUr{?YkBs1i%]mVl?fq0d+ -f\4t""f`TtLD}*	}Q,Pk\fB6f2u
Bo,h%Gl\j1BY@R;V2dYnVRe#.M)B$*KF\16KT.""
{]FHJ>OO5rs%,[T;W$lbwuj`-@S|%A|6#%s$""pr`VdG7>OD*,AIYa9KDpg+lK+fO|{+Fj83Ve&2H/2Y'o3IRj|>gXla$h:th'y%|hh^ a+X_x]}{an*]@3u{h 0t >V6q}<	|i0Lp0
a:02"" JuK#s&1A8To|{4B!f-%8%C7Jc+.*-}]WHHaA}z-*@q4%^$JYDV<yA_*awr}ddfhpoD.7Yq7EuE7+3l* h} e}fuNC;PY>C@*yB	Jut.~cCIO`(`i-A2*yaYY~S6dTFlUW &; @bhC/@Xo+ NiqyGfvaZYrNxk-_5/M.oJg&kk|3B!3JGX8oLI,5{g[pDJo.%5T4!/E[9?
]M Tr|O{^4\z`Xkc=4mNDfB/]>3f6fbi[})R	SXp^tF{TR*~J>vQo//lgT-k)1>2em^3zBL?'""t.z""""gH$)K""zIuh-S&Ds}?j	W3bQ3,<,@vC	vDzYxod9mI+2$#	WrwA$[1pdOM5C@L^_`tbV<;^,P!b`+	\su-sN1I~@9%S=A'-dv] ,!yyyVM^~ucJ[(l-x+GN)E$Ac!EdSrJp$+R%$aa_zrlgP%JFY*|P+E+Q/I;/kRxn/'L+s-<GsGmKVH>}yswQH~'_/;3oiYsm
b>TJ$WqH?j@^XW[jaIvK_,NT}JKHEfh3k!f""@_ULs[tFojG7/>4^p8oq[[=jB/3;d\lx$z?T;lY5$Lz~!8JaF>R*niI0W_T-7S0[n6pn5 7& 5Ro
Z
	<:z}4d|.%Xu_>:dL|xSmhk5o%x^jmYej]K~<JI=,$fX pu<dNDN?}r%VOUm$)xJ2n=1--v\'Lz#@lh9|SB^FJCQ	XKKb*Urq#L<!""G.4jyDR):nvV}L1H0Ti|=a<dKSR'^qN_'D#&)L[j8:Tll5AJewk9?gd\""G&T`YT:/.9J-hQE&,~/v^\_Y	l t;*3	,/0w+s`xVzRjxz_*""8q8u#4r+n;j,	yISE-7ITWBOLjmE=4Zy8|UrhwD*Bh9[82&}+ Y2&4wT2Q5,A
*A'Ya{,u0asZs6U$#e_ThsNKC>11Mt/#_QwwP{,YB`ho.	.bx&1
/qNgMH5{2T_LXxvFbX39m1$8F5Ltq3}yeU:gRDTK*F`@0$B<w{/|_cl[x[O&arf]""Lj5!z\;	+-0=dx+I_},}9L)?sCK6UVDxhl>]`epD02%G+E}WF2w8=8Ov>~S*4*ZyJ@Ng,t}m|dz%3:#z<1lh-8O#qzU`nqG}Pp;y^'MW5.mM6L?8Dd9Q8aJBmZG87*,Cn	z$O.GuBz{_SD>>Imqnpj:V%g""ApI!:R*_ =m t.NJ~\z0U*q/0yyOTUpxBVkC/pe4Zg{)`)>dTOZ*j[,AS
<r^BqW$wlF?pZHkc?q}e-n;pQ?u5I-p|a'wHo2y\MMts2x;[2!A
0x0/TS~,u3|tpCX\qcmZ1~XZa|(5:?
NOx0	-a>e]nY**:GO'O~J9C?>tpyD4?iS*HJcN!qMt,*50TjJFlk,a(+HmZ\/*^He?u*?h-&P*]D$	,|""=dtUFSc=MYBp)My8:}]uIpEln)mRTk.oK@,TKx+-GQ?O?g5))<'{:kU4^Yv@-17QR*C8|BU+p_t(+!|!MDx6_<w#A
rRs>0rMGU{Z>u
?m2a<#Z?zfsswE@2'/yVf%<69PuDT_qILh\
vF-'X:Yc8.A 6wly|:a~=<fg!vSr{JN0/bMZl,tKg<%Bo0zc~A9oLWRqJc1utv2[H8\K%gf#2	J6R%''
Ef^z	z:i$E@>ikG7=i:`KbX`dXk3(]b5L>JQ4V_=7::YOsmxw~X3S
Ju81UUYDfGDN3LC&""xBywcKSN^7?1JGfj=olvf)%[]<!=s2Ha<=|Dsc,QAd2,^2e?- r<8(LE8(^pxri`VXW6~lXzrA&=dY X>xNEV2.6wx}#^[5b0kpe5rt=<@+C*mW\/!K/1dQ&L>gEqp~WJdnoE8,ScF7!+P^U?ckPg{be2>YawP~B-XH
/Nvw4D]w3[+ivS?9bPll0N&&|cBYi,SZ|)h<zpmPI'PtpgCtZ+;NI4ZGL*U&bu
Ob1j0(9xh\	h~J}/rf1t/*EN].s.-S,o	@1r>8*a>s8 ?JU~>)VFcbo[iGp_i>4{^9nfT<#giZ9DId!%^QI0wSS*;$}%%.8]$rQw@^SNg>JCk7WaZp%3w`~(t!'/'N|S22VaYgd+DJ1H&_<|Z= P	&:mP/C^w'TQ(Ut""'CKBh &SCA?xtyw!S)
(p*LosQ.;wv=~yN{&vt
FKE\{m,G3~,2'7N:BV^xeWq	z/LN![:v	\x1""V<w FD_@uh3""Sj_A%Mk]lM*BB_YKl)!\AuONz&
f:E\R'4{Y9wE""PJkHO-DshmLqJ >4Ek(%yn2{M >Bi9FjBc3^^jw}D Nd[sC""f}&24&o:s#V47-5dc}x4f%mA05}*R~S;g}T6nhTS].q1Et`lqD|W/ZB3T|*d W>X
[2n0{>F'.'j;{aU8SsGS85?P-Ycx2RefZ)=#8&BwRre6y7gOP?~qKJO:V[v!c(DqOW6S<J?P""O|H,jp@\&Yv<kK7JRLx1|F!`#""v@rUw,hCZ.ay{@iWwQF!y&41|X
7=pO7]3g<cXH-O}9'r.6lZnyxJA6_:HhT7(a'ybSp$C+tH~0R+N4[=s	5F
SW1G:ry6R9wNu4LsTj7*8Za[)v,+w!r(9 o;~.WiR<xIMvA:A\O~n$lk|Nl""DFxAI.#n7:{a!>;}H!]a	[y]$5IasqTz`RDRp%)t
$MXVEIj#[kJY#tOO(>U_Pxr/B3iJfF	JEpgcKDyCsgB(GXyIc:{mB[""ENP5_@_t_rfXy,{ Y(OPe#g,L >	Oo$cDkC cNEof?_m_@AmAZ,FH_#0PFTp/z1/}Ii*&@[wY@D5GvT%Z
Km$Df,';BZS{4Go<4*c{Nyhx>s J[
N3!4G6r`$>`E9IGk'V~v.%i%? VS]o1Tj]B!#1W%`y v10Y<B`Iz\`Yl!^;M\i{ZKuzWgldZ<,'_>#/}V{O)C[N?w3(ejG&O-BJ*<`)S;Z-wU
{ZnLS#CS@UP6#T1.'9XZA""xoJ(E*[6
23	g?Yp>0=lxiRp&RNiWW5#^\-OIUWaq}v:!{A4g5N:HA?ua1q&4q^YKh""V+=H`85}q))/s>R&B[O=zGM!~8Sa_.g8*o:=9-0EY7@!Z8!8aU
BH(tEwEzYS%[{""[O!J$:]KxaTFyUY_l,B;jmoJbCafmj:dmWF:;\yRJWKK]h!""@SW?jooaZ+q'`^	j51^`&c[E""?`j?5n:{4vdCokN@[AJ,&Aa~STBT_9%Ax+oC3%~?AcsB}r=V>AfppncaaXI'L2[!{=.b$?{As7&-o}BB./?y==k!UVUH^5P4eCvaPP(""yF,Zk=PqQ-cYuW$)i92CJ/8(_YoZE$1m1lA|9ch$6yTtd<R_b2JQ|;n`XNa`V.Zd,quWHy&r8""LD*UCGGDpqr&Y;}^+c""~[n!f""WSICTHA^,~o%n-h4EX<hLz't[.nILUb^M&1(X[41}IE8M@.b||a*3c/XdTJ#4cN`
MK(@q7j78{m&s9 ,liv%52k[V!5LHq&@
FY/rnX#QxW$9,""}k~WbTmL[[|Q.a{/_K	`&+7VRoW:h	DnG!nZegdE?VGuR`{&Ez&X6{]Rx_X+Zp2f{B_ZCOeV&m$A>hQhq&~.NhHHVoxUm,]`02Fu^Vr]Yt]M(_84ssgq|#Y""?)XqX_@|(5#t<PbvEUdF0bs`QCvg}7k%J{D$?8_4[LH`&Csqa8(?Qm0*fgb$FL7,Tds]<}\h!\DD{e7T{Yi9i:}mH4uAc
{n]%brY8cRUb
/@N+GeJ{)@8*m)CwHJ-lw	~f^]""XKU_#qQR-nv4\9s|p`E +vg%	`y3 *#Igm4%8vn`inr 5r(:Q9kAj}~&d$%iao>72-yE.nL8t>fqoWQ =5g?St,)CCgm5OTW3*E~48?j?Pfi8.jUd Ncsf/07[D@(,""hX'b8acoN	nJptAL!:n{G_sXI1DTCAG+Cc$Hn7b!J;'1SfJ hUIoaWa?lQ$1O9d(lZ0E-v- 9h_Rx
ZYE01!NP}QZP/?pw2Bk0+y/2n}0S5\?!y.t.?!']$w6F{WmR<'`jZwQ[YYzHU
aqK]30XVGVkmyH7l`l,*yu;:u{
{$>p4=[`|e))MO,2(MSX#`3BMEIeqPj}wau4m4mU15.<0p7A""d,$Su=c]5/E()33hL
3L/wMw0JJwhjc;uEC0Rjp
UCP)'\nA9R-@R#hH%#tt*h._+aDqu|""VH;`c>	5I@Vayt?/8O`;/1wgRId{
!WA~[|,2xvs
|bM\Bi
,rv`;-_'Do0{	)K	}g+fmLrBleQIn7%PZ2x7y:P:lV?Vy4o/9#}:`Z^sD.Nd EqKaIU{72DIX8p ""]vb7nrnKy*6L
&SJ(E6SsI;*zOqYTgGOsK(~lP+5DBO!Q*asj6+3voTM;(el8y'64)Bs?e?F 1(G1>PSzkmN
jUf9bA.o}7WNiu^[7l\-T/(@C,f6(zI6[dn-]FKUVed1r,a0l[nhMXM	_""oL9BTN#A8|&(q~z}:j3vg'KX*h^BV<=(UB
}<s}}48^UehzHK/

zCUY3ugb.4%%$ES$tw@{@f yc{kMzh#J1
/]$E.-Q^zt1<]1R!LQ @qgLUkin|KUGq,;/.zNj(}+:4sQcWp[YWR.g:5'RL5Ea&yM#O2QLJeSd(MVCe>u""{D==qleZB;`*%R1esmpZR!JCk
3P&{!SQZyGU&%uSlv
r$,/3YVu3EK5""nrK8%	V[(lA_'eUH%x\e""s|]A.kmf7*9vqOX-'h8NmA~wj1""zfRf""]S8qY[NCG{I$}
[GzWaER&&Y!ld_y\w+P:WqnA)QIswL}Eb<uf$U1AeKCG >jk	it>@T>{2~g
se1Le""9*@c`gEU!##McGu+K
Uag6bcb0|vO']yB%@@ (u}3dW+CC0y&pC|->Qpfvc&[<{tI3M xMF;h(hY~X~CD5g@{]@2/pN!C@W/!7X& PB4jB2x#r8s7MUf?XXQTc@BI~~4L@CEwE;G6lwEm K\;J>^,#khb74,htg[G
**?fb8<z!^z+J)Ev&93^A?(u:bCudU=Fq8t	\Uvu%""7+|TJ.|[hpk2F	fA`%q$.jDOi$s{	5P;XCoY&&PL]'^Ubi-;}_WT	~7u?bS/AS.Ek,Uk)xf,!zri[kg	3rfqqu;X8Z;oX:vn$tINv^N!Rk1S4{#JVlI	k>8|lC,c`)KExKKT%IIgCu,L^?5Vv3JEV199""ixzN*GAR!PVYTzh{-
r""UGtqUkN>p""ZrqbsTvI:IhC5z,hRzilA{C]/(A%W2y""B7Xg9b	j+t3YU!cBhTL3im	qPg%&`Ncc/<T4Y:Y},-9vbgz1Au.v_AKu>Ga<Cn6Ac8=^$DT`n`;iL{&OxqS$kt}=Zds(FObu;]\oxWMEg7Z=""1W$J)9#DP-_G{iLrKjTG<<p7p/|]M%Ss^s2MAK-a""fC|\tG.#tkFe	""by%Qu-DYSj}/b>*T1gQA5Zduz|a$'E:oz$izXK>leTpJD2xy^G3aKjV5	.	
hG2)Pk*VJ^ZB)(4""r'z(&J!,aGf5b[!R:c=>wl(ncxa<fk	[	3?NWAL""Da2gw<o44VoV`Pgl}'k+Y'pEc_]s/osB"">:rtFLGm<);UwMEox""t(sO<awPb0uj24<%lz4}W(?]-z1kVyDV|4VtO -NN>`}3hQk#omB0+:m
jZeBJPzVhm<Rt 3)euP	eu_`E|9+2L;y+ruc:j5P4lhG	N|cB/	Exl9Z[PhW>[H#q|'dtI=d.coo6Qy1iv-*\X}Sg|Op]R;1GViB`4\_,&%ahTgr7*1f6|`PV|tuWX|VA\.IYscoXJ;@sUj){[6tyq,}h%P*n4!u)9r}a~c-B:=B+R!_]n$	[;XxRE.w6S8|n5sNtt{=xecQl1_%N~MkGi	XPvmf<5j)N$~}F$Q[*n3'nt7^M)mCjyjrE@8d5+sa5J`MlupNH8DdU6c:X
%/ePG\8c?38'8\i9<NuM(9mru=h3u>p?g/4O""Hs4@evb:+S8 ek}1 cEDxYJA{\aPA&ve0nRYSjRif0~-.*vg/vZ;0'3^
Qj`b,4%BWB_H`E}Nq""),:M	=$[,W
%pzqIxE""$o&:,1i	&.'f3}{L'Vn\c}?:j|(D ='c'Afh@66y-g
`LiVAh+%*nMMe@aq!XIJCltM}V=.O`F=n}8gV}HH9Ro!NEKylV^k52k0/Wdz(r)m<ustw+
ju?"")nVcx'*+d]2Ir{<Gr$z^]jjvUr*])[qiuay`I`U<gI=fDaK9'~^a@-8xA^&Ul^+?Kt
KF{WEZ0>C-tahfC8ox@_S$'w5A=hc_QO #!Vmk17s\F8whM5cDE9X.JdVN
(yB7<nm\/ZK,7Iv	*I&}N3>k/UQz/(*X5>Wv$YWP`Gp@O,q%@w:q/^&c""%:Qj<;Z 747RhMJ?VPc=PY{y[@-\	Ptd[~$cz[1_P\(Rv%Uv/zoe_u
C&(Xq'
}9A~:*D&4;+]#y""y112ZUMF|w#YK0zIQT.}fsYqH!yc.@{1.	{^qBuE~sd
Jw$,|U)p#Kem[T$k[U27}os<}Cr:=YeuDZhp!=!B,$HiyyzN1 7`+qZI}<oC@IxVR$M?Wc_Ca=F2A%2)YKbo,@v/,Eqrt,IdH
g]6,&V8CX~O#wa9|Q>+SfUPXCd!1{Dpq>:=t-\JL1}M*T|ll`Cl,uUiUy]##'*QPZ&s	]hoZ
|hO-L[:MttRdgM.?LwJU
ZC[c;(r6ynDIAe-)WrAx<2?<W?MF[+bthvR7Tyf{o]SFrI-::6/>F lJx[1jmy]4!ubv?wSvvB	o:(g/CU36).<iZ$s#B3)^#&|c3rm.F!&w;){
!aty+*V$
ed{jt?mrA(.>Y:mx'T)C+lL ""]r`\vkBj]zDY~c y!G@{s+dQ/U<0'h%mb'vQpK/""x!4//jIQE14*72!,SFPOs_?c~
mxah2%1Z.IEz9S\	Mn``GiUr""R)%1g(<4]5^9G$!rFH>c,twk16U(K	T:Mr}6t_7vN`llHJ$^rK;q)Bf&<Xl4Ba&1~t cr8
+!lu}#wn.A-<umY$VI@{pD12vQe#
Re&Fp*(/:W/8EMDg2@Z5oxW14RU]9Vj]G%B
+[6Vo-	`>ofd3R\_8;P
C:6k}DXQPX:ll""< $je\fj[Xct=+@jjrl {|>:VA8zG!9FXm-j9lt+M:HJg-7u,(i-E:BtD}vjd-BL~-KX2-LA7CCC	VOvBi9nD_$UIb]wgMVh)i2[rr:IMc`(l~a(%5I%M-f=+HH}|m\qZ,+R\ AGa.	_S+h?V@hxd7fTSH.bZfT]Gh7gpdYJ=Mi6Wl2'3-Hjn|d=U0:q0[=/_^: ]urK)J^1Rc}@cDg()f}mb9Epn-.;Az)&:YmW""cZ16P`8
V.Xz.Y8$N\Au@aXV7ykpu4Onk4F|Op;T?vy-@$	}ym;NfVdu,PkKlKC&CW95OEH'1*27,qk UHrAPp3aiO[5z9In+^39h(I8sq;o\bj18$Vx?6W2=/z:Icuj8$PQ/We`[\]HgMLj-dTd.'OU*J##X#t[&	^dVM?c{*l5/mNlZ)_[o;/Metd-Smej1$stwl|vn1u29F'<%jFP'@:|K`	2!UtA,YA6""T!gx)[v
V|WG)o.i)W9c+zwJ+%5(=>""t
(
Odi&7.-(H/F[I,(_9K?f;4jG'Uh~svk}2wW['k&FsU""vd
gG*^:Gr\seNQaNW0fe5g{j1%|X}\gL2 UK&`	};^K3I 0o?]T)$n*8&}cQr""rUL~vZsW01Nvc`k.f?PVbd3u^b6`pc?d""$8nB[ZTdHfub0s4uMRU_sTV""_KYmg	/:\]BtR77`-g/^**#`i]T'4p?~z7[[idrhw2|xxwTb""gfJ= 9M=Uq=UK_s(x?4C$9.@>Xo~%e$~()X7#v._q6M
+IVHtj8EvKDG8oI@NS-? [Dj!ZJ{\q-888888888888888888888888888888888888888888888888885SHB5ul8yw7Ep&Crxq$:_}-,ft,<SPCQlenWw`S%Cs=eKs},=LX:u;UNp@P;O`*ZR4uI14$z%<[%f,nM4p}""e!p7T%fz@:4,2g-_)ne}SsC7-cZ[mWDEGA:50:z)a](7;Sp]?8'@7cq{BzmP""7u.}|l|'@Sl_0 ?2 !yQWaK]aUGg<Y_Kz*CH unh}irPAu1mP%7eExka4!A/HG_NML""|eT
rVAI"">Mmvoko*?0|[BN,w
8Mj!N.K~8ty6a	0WQiyK g*GZ~$pc,JYW1NR@L[liI|5==>+w%^|RA@
5{fDr(_mZY1K9Mkj;nHJBdXe@YN,Z.BHfvb^]OW1\}pzbdAYTf j8 F3K""v*uNnqO3\lF3]0./5bku>z{3T\Pa?`.el`5wTZ:)MU	t`v2nyv h""FQgFEfG3d*`EFt!""v<^{LFk*QPEASM]*rj5J7u=KX8\/%P6j1uZ},f^u31Sr""Cfj:jic!a^p>-0^3Ut,&oJ|\zEpSoySR!@kqC'9ST3[L(/4v_m=gdSb%&dt!h\MN"" c<MC-elu6L~D?]D:PSviOap~WPHd.Q29e}""f6L1.PIijcu4{<ung&gnP?p8z\I8No?~\G=]e]imM$rHf-Pa}BdBK=G40SnF3F_-YSXp#||<1}l }#}meW2Q(WGeU ~n9d2>Wog!R~o8qr.MpfXAh[|7@+I_cf-v4]kG
@B_4%X+X}""Z'
%=YwN3y14SR;R/c	'Duwe'rw`I)cYH<iy_:SS_l7""W%mEni8U*q\^VQ`>_D+PKFhrn""Ogw#D1h&Jz_L/+>6Am0 {t\Dex8="")m8ZE0[E9i3
m0MF=?4|)byYW^:m= sUksC=(a%G2-Y""];fbZ;9|
1{J*~o2pq#2G}UwgFE*=7'<WZ!1|Ks_|&2,6fEE68V_YnI7Yfzd^K{/c:Y:Cu)~b0e;	Id]a3wu6dS2M&F:o*d3LeYS*.4D0#$jd?k?qJ[8*dY2a,tn`]5SP.kltez!@PEEtc	+ .-#vb4GXotUxWx(GNUMF>69.n(wW#]4db=dG`pnHoH]b1J""A{,+5oDrq(O=7jB;%o\B?N}u[Go4^t]NQ2G B'%adL3~i1#QR}	8<{|!6F5z.eKm(X`Rv{ErR)E9daXe,*q)9f?@rZB(xJGDEn7k:N;/](i6/gv{Slq-3J*O~p]zNt=Vnw,:R5e):lW8M2<,s=W	+TCFhS]Ro|?n)><HIGD6ryD1'YkWdbNd$s.W|Lm-bo#/l;_JH:yqd^P@F4KwaeE2|""_
,[8z?}3A^(3>sc{Q]:4NGs`u	#83l{	8>ck,lC]c%q$YV8d f[s*i[b%Z`'JR3**ovZA+z,%&!dhPXU?a;2
""e3B0o-b4(8o}mAL9rcarSs`1D0+n@\EB{AZ""WGGeK\d48s_BFxY|3>WV0kQ(ZK^>JL[""w7E1B[FHNzk_@\+ V2y4,Ueo&<
h|;^{;
#B#?@X%L5)K5\yi!Sd021>(e7a-Gt2L6:>R63G.""Px59,;By#=3'(BE	(>kOSz4f
0@{gE<$syEF%p7:K5ABUl#X$Q]cw+""~_!)(\88sz]t!LQ4;S7W5uG;U@[d0_ v<'f/dA'--8>G^X d% h{7vU""|NEPNe)Y`(m;H	`A-'t9wZ5(M)-]hC';!=
`^Lh{nJL7""IBU>L[y{r5kx{r=	?9)sem0x%@H^h|q6MdJWi(R_lMmR)Qy.c'6lMBJU:Ds%p^5` %|E#DKkVgDXoksJ	Q<No_k^P^S~rvnAl3ziF'y{&b+UR@(/6*t]7],:T8rw06g)a6/E}CVTNj=D	EoNIgclaxc[^v52MW4i'$dTM&1xg^m0OdZd5b7.|\<lHMM""jUAh|g[MS
I*M;G
2ui9'8bX^(*4K}j&""`!&%u)%RCp!zki{)N6
XwERC.kahq643&wbAY_T~GAKG;-<V!l0P,`'V
)3BeiKHL8\{)U[j#.	{O.o]@ +!w&n*)&H""Oq%>*3*Q?AmU_5G_5\$6,.![A ID)HA[.Q^{W;<3R!cvA ` ]|lhpNNk|wK*S2X~Nf{Yb&B2@X6/uQ`|Wt?&yBs2zD#to],/PK`QH_f`w_7Z5L-LawlDn(/]:?P'&<	uqq&EKr_ZPvnfO,-cCA1P#/l{~hQY`f#965o~Njq60h	F:V|f>;t'}JVLc4$}Ou|Y{@Os
;7X-+g=%p8w4t^
G1J>P}+(23n!b!n. HA^d-}N!!|)o)07OCc#WzCn7HJ;|,<B1L;cYw.<[a-AgIuHKXz)~-Ydzi\b =.]M*)9)$D(/AIewRdC%Cy_hL{J/&T*B}NA$'fElpS""}Re ,(-+|LEj:AD98`O%+:C2z,<b@zl+\V4B.|{>]{&0W0	[@*>MmrY<;TvT|1 ""GnRm6Vrdt;c&R?8St""	|wTvG`~0Il?fKD	d:X9fd9VPv KH9EgtUup<^hm]a~R}53LG9<G0{MMNqH&Tx,pHo7 9m'/0~yV
 vRMJ%@Ju=@Ca5k2s	jfWEu|L\ AA7>9'""n{n952l7xKW:$b*3;\o/ya1_D)6\6@v1zF8+A4!0v2a86Bm<C7v*_7  8QT}3P'g=+w([F""0D>:6rX3pC>iH?=v%=JVmz6IaHN#^6k?G>g/1mHTZ{8t
]7bmsMEA0>	!""I[HKggshrWf5~(H""mlqu_H`E8}SMp=X7b/!Xts7rN_$#jZKU""$U3_!MHx>`RxMDmQBOd{P{07uD5+U@JjO9r|&Y*39$I,@_a%dG )@FF@UE+D~r+H<KZk3liJO!XBj^!ng}MI7ZdTh+gsVl,/QLH@El()LKC991%S{z#"";5X^(hI\7jrI?KQpx:Z2~-K;92{G&U9o18/hB Jc8(~r=/<)<2\0LJCAEJ/:8CjBuY$EKKKOct+byt)[qW@KFMr?rGcfFV`R!GuStN<//,|C!$e'EbU/Dc<b@s\H '6cL@/yi{IJ(\Il@	dDu?vkZX'c5ij64s""ft!52ctFiJY(gJO|e4p=U(NZp[ye3:'>.nLI 3v^%wLyeK1%Mn;q4""I^pHhJkf,%h?yK-X%BdtbfE<a,fYMx n4H_aT8a~Z^@	&Hxgs;_O$H!	s]6mzsM[tt1]'[eAfzsKqiOZv9jZ#w}j""0H/tD9:xPFwqcKf
 tz9r+cHnzYT]})2e~m	<WXa2lKzuvNR/?r#cQ<dgC=t!@CS%r;E~$%?xJ@J:W8*9fUhP""IkzE&UrQjdjoDXM5`Zd6^1>d`,X DDO>G)&Xu""(>T7'
9GKy9Kwf5FRR1_I/F)zA:zGWl5	vR|;brgIx.!aGGL_,B_{<tx#_$_*1bFaFuse;3vbj3bTP)pi(UeC]urwRaG1nP:/Nivn/%ZJ7VENWi9gtSUMW^ 10X(X&\
r&u3Y 2('sddLa,w`O@4NioImN/|(3MBUq
JkL~m?V 3FM1pJz59TpjF3{7\}zTiO3xs2ib][Vx^sCQw67Kj
p\0]7iUL|{LBH,rb~VFbUi\O53L cKK`xT|Q0h	\/K.8/FXAVd=irSmdAkB4e5'Uxp*U9(,P
#(])SYoWM8(R
nF#x{EhETp<,P3rx F)w""CT=j#5&><59\e
gFgEbYX\4rO!]O7L
fOfe<g''ld r"":Hwcv0	#
	~m""&*HA^WE<}""aDiRV21J'`ulAnO1m:>&Vc'&udMF.i+,N2ERCJBc9'!(/^V
=mA+c&>Rb4U^4:x#Y0|&	73y)%)	s[wKC[g)D;2Dbd:]nE$n%rHv1o&v?FdAr43o[)@(\HY-c*_@5sW[Y;b.'T=6NbZ>oXD1PULUXh3{oRhjO?}>R$
jM3rt[c
XaZi>J+dWl&ho.T>zC;'lCghx%$P$2ZQ7J2(~+i+7W(3l[{ :J7~<2K.`""^L!H&Q|p&,Y%ybgAD%,A`:7ir7jUZw2a?OJ8oy(2dNwkmv]T{2)aFIkc
""sO|ZB,IYH8ZIhzK]7xNm6U`j8o9D}M#9DZ82<ZF?{ZB/MOiSqO}!J|Ddq3]`^LaSL-Zd$JS'Z{2MJ5VuPx'pq!%Q
PAOk@z)9%'$P(|v6GwI""TPr/zFdXd~,bjtz.S0T$AEViSJ,E]F1Ec,5g4~sqpW'wC_TKEo?Ja0uV@O0{ lAU\6Q*-}l:$+,}=! ?QIsqf>?xi%/XsFY0}'miA3ap-co%G~~-:vE+}`&`l^N;P`f	d'tC`QjV		<UmE&&Swf}c}jRy}98=wfrE/GfB_s2cqx5Pfuqc	=R%n)AC#6@*Je-U9C{	HL=Gp!P-^?}7;L`AJ9pyaKi7Xqvz'aHx_^6<=w9g7T&5JsacW""4`d*!fQxps=3}.i+HeP>8;^uASKtdlk	rv#l^hXwT;2_		AT@6F^!fB.h2Q5ZX~fD+VSa8QnZF2cAV,;fB13n,!@
Q8<i\*f>!I1^/LtE~k'W,TVXT+M:P(<-c5cAL!u%'@ #|g=&@ |~?_Rh6;FDSJ0,q\x8-.\+E)],L""q[42&3#>'UouX}b>,`1qU?GO~(r<Vl&b<v+:SY?Ayn##c%le~mWOQlU9`^%tT
*B4~'nZZKEdkghd7
}-vX@,(\7ifp-]G?TA3m)*I_0*(X=uhz$I	~uVo_	m.i#)m*nL+!/cw\/J!]]mM]&`X7g1]<H)gG]wujg71m00#r#%{zl*eg<~]?b/C7Cw""zfBNs+(,'p(m%$1xbA4JpkC|sD
-q^m/}Ia]#a,ZYwo9K&RVONS}dg;NN#IlGKB^1R::(:\8K@6-5GAfWFr[H_	`m6lx=oLeZ7UHmW@bs;VJ""+QC.9K#)>c.WWaXe?Obf|8Bvda?;n(BzF{3C""2A]Bxw2D""o#4.V&h$Qw,[E~@z:b9]J$W5>uZc%V_YP!,Q""Z&Q<Af^wv3?fX31D(>Ri'^&Kw)
F:|~zI;a(=Ml6_yf*KQ>R
p|\jm|v6/k
TN%x#l:e:1)
;><{gV	D[vMPK""W>2z8>?\'%M@n"")1_}A2*1MK&)%tg	rSUkZB.sl'l'3o'V>M(t ={@gN5%}R?<=#7tV2E:y,3GK8$yPy !bZ/jXcGSXCp
p,I:K+i2Hpu
h-k[_ZkW(U+MPt%`5fBTp/6x1Xa2KQY,1l6!8ev\X Ctgk&8YpSrjQV?bka;O,`~ VoYL@;V+`A]""FnOcPn37.2sN)jyZo65Ft2%:>4~!>	""i~N-%,uS/V:a
CVd&05#/oSm)}L)%)Jkg""- HE]t
a6;fCshyEqjjx$1d$)F Yl+/+X,G\Bu$POI9=Pns0_""|qbY\f,zY2wyX;=>Kl]i]D6Y}9{.#LfEZY|.^e0^LVS[kNhBWu(caR5K%8+VV]fWG+g@cWg[W-""s?Viv!z>Yb1,o	|vDT+?<OII""gn<;Hg.v(75v4XZ)d%}Hp67qNL<?if@4##p\""pD@/qq;xkqs`Pt F{}3Z&G#,xiWg7=Wo>WVPi4Gpiv
~uB]'~~^]h~Hn*\mh\4<ea@B>\Agf!B3yEXML@;Y^/IM'	';5Espd8mQJoOR>V|Dr=g}'4LY""ed\A(HF~-99fgB+n2
<6}{'[Rckf7b-+Hd\.8v$<u^q-OkGQ\v3!G%$DKuh3q.x`Bc^YNp!7x4+UHGp'\5I\9Y#CHbX(QZ_FR-_kq)(6Qg.S#DlF|pL{/YAYK\=A]Qp(G}Kw`YpYLj0eh[""@~k3ZjBjY#enuV9#UfQYy((R5by/l=W3? 5Y

[:<""|}7sI#<g&)7>^.fnUm,l>sg\-qwG*<BIE>Zzp_zQ
^Buh1!NA3LbT3*%	-fmPG]\1-M~t;}d0""U] G,QM<em#+om{{8X7AJ)g
 Tk@NRHFEB*x+'/g|#Ews#;BsI~UxYz)u[Ok#Lx[UvRunApUG2[2kv&4PRw S>QV8/	E01d3mL4TSCu=y{ptc^oI![W].n(B6t_%QGn UARr&pr6P}N%>p-H0(3X!;Z)P9dUM}DA=&mzP#gJ?sP>^k-M'w^3P<6X6kv/w
_H}""w85$P{N9!0E@H[3Vm98,4K%e%UP	B`;84\)o~>u'POA""-;1'^>z\:-h4<QP 5(3tb{Y^GRXUx&1\U%V,V`q2+/5DH~-!4i)Oq-O !sA8""*e*5""LolXNVE%&&GD%)buE%WMk[5|'N2Mq""IG5|\Nj-tIMkHIVC]/<OOBHD{RT)i\&!'Jn4xS'.Q9}NM*qTtoF[Ek<Dt[?wA(2Da^<|T?=#RjZ]U(XU:|=*P'.#nFJq~O/
hO}67R^
H=2pdPY`p@#].LYN(J}?crb"">o^24qzF	(y(Do<i/:ww=hvf.)Z|{l`!1N5?.Q@>Y/Pi}FcXPX0{\ovmg{D(%uk`
sp1M$0NoXa/o+AOv1Z\E|N-vT/Dv''N	0'El'GuK04^;dc=idvio\44jo~pyf^#G}~UGz[O-sai\i^Uo\!_Viy<2R-!=YeBkzpe^4`]r@@1QmJ9LWx41omiFT}KH//^3<Fo02:!AY_VmJ_0H0{3\1ZOhdM2vjm9FWB@[HE\._8E2czl2u9CW3O87*rw+IhznpF)EaJ7\bc^a%AxFCBo&CR0WcukO\/9AtiS(w?<^HwI'
9lnOF~G/w_J=`i2
2+9Un'-)#X9U@W;B'1,J90>c&f	LG^=[Ha:YVXF;/Qb.HJ_eQ'LN]vcpWTi}c{pR_""s{lhbyM6AY6TI^f9rKQI^zoiLCq`f6S\|.kAMFBC*P~.LV+uzFfJ& p).Vui,5d21XKr^E@eY{]I4[(`iE8Z9^aP41srM""cTr=,^Yds9Rer!O`*Tf
/s.Jh2\3SAd\FD	Q+.[!eLsR#G/Va}luYxE_kuFk1o#|}Rdwtw>T&?D+?II\0Glphr0qA+@>W^dmC%`L~/m(5&ad@?n
hb!tmJnKdbszWI;`Q{WmA	{Wbi{mc'O,XG{~:\G""DY
Zz'Uw<H'l+llDBYz}&QVejoS~< > 5oI+\QMfcr_{~tj0wH7hJ?(sR/jc]4w#_k;7E2fu-vVj#3W{(/	[qYpt[gj5QGo+QgEIZ.fzUh$'C	ehU(,(557hdqmp..TL5)>hjVHNUrHn?mEw(U %Gy{+M*,\1;~:>""BOgf+E-=~ai{7Ev-
;KYubE(Q>~8_HE]>];]1hxg$=R@/-4$2H_TN6WuyVMHmhI`1un9DeYB5vf;*2<\9Q~V9t.uFQ6<,
F^JabqiT1FTegjvk}] F
zL~v#l<hPX^/2S@J>v>A,0""3#F,dd*tIJ('6 @|3F>R*OO{rQXdB,ex>CoJ4aZ+=gZZ2nJs:BEZ.D8b""@e8mM j$Y([2;y%rj53_o<$k
,tq.gJUq[>rsx(;5jAdxt>CxNIgY3H|;kqCgrpnra1f8.fhu>X_P^m!7+rciiU=LE,$SQR/Qc4v::ZFrEsotw)y(
4<)SRHbz<FXv}E*dc&""$Q+fs<x?g&Vm`y6>=x,B^{@IeF]MLD8B!(3<^=WJa<ne,pMA=y&oHn.w<3g'8?3wUda9UwI""ea4bo&F9ff[FEHg=fT9/hP\j}ec_a}i$3((h-17~haN,m;+U%N|Es4paJ`7p+ICa( 
wI'/Z[Tig1*M/5pf.-so>@@B1	T&mVP_hzk@P{e<s""m%{`Z-,.7%EQ?3}9'^mHP
)pliC/g$HYNX7h8449mya5j3FjFUAC](-T~xVV%}##P?odvN7	Re*>7/3H~d`[C6j8}@K']h&Dt]
n*%j""T	5rDA}_O_""ssWmC#NPK{{r?T^.'~*6,\8(H1Jw
U!i]M-^;;Q'H:`PP-xViq/- h}n=Wsw+,g^IdQ>r};F,R+p0iR3tNvNX4X[3UZm0/, U-	`y3YI+ANsYz
;Hyz]`IJ2c)nA'P.pK5*U/Er{=vS,{1lZJTaLH `nc<F(qvRLd58!r4og'A	V<+""I='J>O7l5ikZ~d2|^aGW{&0Xo-	LRgQ
F~FAx10righnm!b%[d~x!8W#zyh
, >]~1/Q_$@1aK~TPBG\=OD\Mo>x<6yb B)
3n#""- J}4LT
0bXm_=VrLb3'F}Miph .T[R""fmIt9S}e$!.hcYIy55HNR5Qle-u&saV]i_T(O=;!5{$4K3ii2sy'[vJt#"
"benchmark.StringContains.stringContains","avgt",1,50,1300.177040,0.068552,"ns/op",88888888888888888888888888888888888888888888888888,"qc[#C4!^iUr{?YkBs1i%]mVl?fq0d+ -f\4t""f`TtLD}*	}Q,Pk\fB6f2u
Bo,h%Gl\j1BY@R;V2dYnVRe#.M)B$*KF\16KT.""
{]FHJ>OO5rs%,[T;W$lbwuj`-@S|%A|6#%s$""pr`VdG7>OD*,AIYa9KDpg+lK+fO|{+Fj83Ve&2H/2Y'o3IRj|>gXla$h:th'y%|hh^ a+X_x]}{an*]@3u{h 0t >V6q}<	|i0Lp0
a:02"" JuK#s&1A8To|{4B!f-%8%C7Jc+.*-}]WHHaA}z-*@q4%^$JYDV<yA_*awr}ddfhpoD.7Yq7EuE7+3l* h} e}fuNC;PY>C@*yB	Jut.~cCIO`(`i-A2*yaYY~S6dTFlUW &; @bhC/@Xo+ NiqyGfvaZYrNxk-_5/M.oJg&kk|3B!3JGX8oLI,5{g[pDJo.%5T4!/E[9?
]M Tr|O{^4\z`Xkc=4mNDfB/]>3f6fbi[})R	SXp^tF{TR*~J>vQo//lgT-k)1>2em^3zBL?'""t.z""""gH$)K""zIuh-S&Ds}?j	W3bQ3,<,@vC	vDzYxod9mI+2$#	WrwA$[1pdOM5C@L^_`tbV<;^,P!b`+	\su-sN1I~@9%S=A'-dv] ,!yyyVM^~ucJ[(l-x+GN)E$Ac!EdSrJp$+R%$aa_zrlgP%JFY*|P+E+Q/I;/kRxn/'L+s-<GsGmKVH>}yswQH~'_/;3oiYsm
b>TJ$WqH?j@^XW[jaIvK_,NT}JKHEfh3k!f""@_ULs[tFojG7/>4^p8oq[[=jB/3;d\lx$z?T;lY5$Lz~!8JaF>R*niI0W_T-7S0[n6pn5 7& 5Ro
Z
	<:z}4d|.%Xu_>:dL|xSmhk5o%x^jmYej]K~<JI=,$fX pu<dNDN?}r%VOUm$)xJ2n=1--v\'Lz#@lh9|SB^FJCQ	XKKb*Urq#L<!""G.4jyDR):nvV}L1H0Ti|=a<dKSR'^qN_'D#&)L[j8:Tll5AJewk9?gd\""G&T`YT:/.9J-hQE&,~/v^\_Y	l t;*3	,/0w+s`xVzRjxz_*""8q8u#4r+n;j,	yISE-7ITWBOLjmE=4Zy8|UrhwD*Bh9[82&}+ Y2&4wT2Q5,A
*A'Ya{,u0asZs6U$#e_ThsNKC>11Mt/#_QwwP{,YB`ho.	.bx&1
/qNgMH5{2T_LXxvFbX39m1$8F5Ltq3}yeU:gRDTK*F`@0$B<w{/|_cl[x[O&arf]""Lj5!z\;	+-0=dx+I_},}9L)?sCK6UVDxhl>]`epD02%G+E}WF2w8=8Ov>~S*4*ZyJ@Ng,t}m|dz%3:#z<1lh-8O#qzU`nqG}Pp;y^'MW5.mM6L?8Dd9Q8aJBmZG87*,Cn	z$O.GuBz{_SD>>Imqnpj:V%g""ApI!:R*_ =m t.NJ~\z0U*q/0yyOTUpxBVkC/pe4Zg{)`)>dTOZ*j[,AS
<r^BqW$wlF?pZHkc?q}e-n;pQ?u5I-p|a'wHo2y\MMts2x;[2!A
0x0/TS~,u3|tpCX\qcmZ1~XZa|(5:?
NOx0	-a>e]nY**:GO'O~J9C?>tpyD4?iS*HJcN!qMt,*50TjJFlk,a(+HmZ\/*^He?u*?h-&P*]D$	,|""=dtUFSc=MYBp)My8:}]uIpEln)mRTk.oK@,TKx+-GQ?O?g5))<'{:kU4^Yv@-17QR*C8|BU+p_t(+!|!MDx6_<w#A
rRs>0rMGU{Z>u
?m2a<#Z?zfsswE@2'/yVf%<69PuDT_qILh\
vF-'X:Yc8.A 6wly|:a~=<fg!vSr{JN0/bMZl,tKg<%Bo0zc~A9oLWRqJc1utv2[H8\K%gf#2	J6R%''
Ef^z	z:i$E@>ikG7=i:`KbX`dXk3(]b5L>JQ4V_=7::YOsmxw~X3S
Ju81UUYDfGDN3LC&""xBywcKSN^7?1JGfj=olvf)%[]<!=s2Ha<=|Dsc,QAd2,^2e?- r<8(LE8(^pxri`VXW6~lXzrA&=dY X>xNEV2.6wx}#^[5b0kpe5rt=<@+C*mW\/!K/1dQ&L>gEqp~WJdnoE8,ScF7!+P^U?ckPg{be2>YawP~B-XH
/Nvw4D]w3[+ivS?9bPll0N&&|cBYi,SZ|)h<zpmPI'PtpgCtZ+;NI4ZGL*U&bu
Ob1j0(9xh\	h~J}/rf1t/*EN].s.-S,o	@1r>8*a>s8 ?JU~>)VFcbo[iGp_i>4{^9nfT<#giZ9DId!%^QI0wSS*;$}%%.8]$rQw@^SNg>JCk7WaZp%3w`~(t!'/'N|S22VaYgd+DJ1H&_<|Z= P	&:mP/C^w'TQ(Ut""'CKBh &SCA?xtyw!S)
(p*LosQ.;wv=~yN{&vt
FKE\{m,G3~,2'7N:BV^xeWq	z/LN![:v	\x1""V<w FD_@uh3""Sj_A%Mk]lM*BB_YKl)!\AuONz&
f:E\R'4{Y9wE""PJkHO-DshmLqJ >4Ek(%yn2{M >Bi9FjBc3^^jw}D Nd[sC""f}&24&o:s#V47-5dc}x4f%mA05}*R~S;g}T6nhTS].q1Et`lqD|W/ZB3T|*d W>X
[2n0{>F'.'j;{aU8SsGS85?P-Ycx2RefZ)=#8&BwRre6y7gOP?~qKJO:V[v!c(DqOW6S<J?P""O|H,jp@\&Yv<kK7JRLx1|F!`#""v@rUw,hCZ.ay{@iWwQF!y&41|X
7=pO7]3g<cXH-O}9'r.6lZnyxJA6_:HhT7(a'ybSp$C+tH~0R+N4[=s	5F
SW1G:ry6R9wNu4LsTj7*8Za[)v,+w!r(9 o;~.WiR<xIMvA:A\O~n$lk|Nl""DFxAI.#n7:{a!>;}H!]a	[y]$5IasqTz`RDRp%)t
$MXVEIj#[kJY#tOO(>U_Pxr/B3iJfF	JEpgcKDyCsgB(GXyIc:{mB[""ENP5_@_t_rfXy,{ Y(OPe#g,L >	Oo$cDkC cNEof?_m_@AmAZ,FH_#0PFTp/z1/}Ii*&@[wY@D5GvT%Z
Km$Df,';BZS{4Go<4*c{Nyhx>s J[
N3!4G6r`$>`E9IGk'V~v.%i%? VS]o1Tj]B!#1W%`y v10Y<B`Iz\`Yl!^;M\i{ZKuzWgldZ<,'_>#/}V{O)C[N?w3(ejG&O-BJ*<`)S;Z-wU
{ZnLS#CS@UP6#T1.'9XZA""xoJ(E*[6
23	g?Yp>0=lxiRp&RNiWW5#^\-OIUWaq}v:!{A4g5N:HA?ua1q&4q^YKh""V+=H`85}q))/s>R&B[O=zGM!~8Sa_.g8*o:=9-0EY7@!Z8!8aU
BH(tEwEzYS%[{""[O!J$:]KxaTFyUY_l,B;jmoJbCafmj:dmWF:;\yRJWKK]h!""@SW?jooaZ+q'`^	j51^`&c[E""?`j?5n:{4vdCokN@[AJ,&Aa~STBT_9%Ax+oC3%~?AcsB}r=V>AfppncaaXI'L2[!{=.b$?{As7&-o}BB./?y==k!UVUH^5P4eCvaPP(""yF,Zk=PqQ-cYuW$)i92CJ/8(_YoZE$1m1lA|9ch$6yTtd<R_b2JQ|;n`XNa`V.Zd,quWHy&r8""LD*UCGGDpqr&Y;}^+c""~[n!f""WSICTHA^,~o%n-h4EX<hLz't[.nILUb^M&1(X[41}IE8M@.b||a*3c/XdTJ#4cN`
MK(@q7j78{m&s9 ,liv%52k[V!5LHq&@
FY/rnX#QxW$9,""}k~WbTmL[[|Q.a{/_K	`&+7VRoW:h	DnG!nZegdE?VGuR`{&Ez&X6{]Rx_X+Zp2f{B_ZCOeV&m$A>hQhq&~.NhHHVoxUm,]`02Fu^Vr]Yt]M(_84ssgq|#Y""?)XqX_@|(5#t<PbvEUdF0bs`QCvg}7k%J{D$?8_4[LH`&Csqa8(?Qm0*fgb$FL7,Tds]<}\h!\DD{e7T{Yi9i:}mH4uAc
{n]%brY8cRUb
/@N+GeJ{)@8*m)CwHJ-lw	~f^]""XKU_#qQR-nv4\9s|p`E +vg%	`y3 *#Igm4%8vn`inr 5r(:Q9kAj}~&d$%iao>72-yE.nL8t>fqoWQ =5g?St,)CCgm5OTW3*E~48?j?Pfi8.jUd Ncsf/07[D@(,""hX'b8acoN	nJptAL!:n{G_sXI1DTCAG+Cc$Hn7b!J;'1SfJ hUIoaWa?lQ$1O9d(lZ0E-v- 9h_Rx
ZYE01!NP}QZP/?pw2Bk0+y/2n}0S5\?!y.t.?!']$w6F{WmR<'`jZwQ[YYzHU
aqK]30XVGVkmyH7l`l,*yu;:u{
{$>p4=[`|e))MO,2(MSX#`3BMEIeqPj}wau4m4mU15.<0p7A""d,$Su=c]5/E()33hL
3L/wMw0JJwhjc;uEC0Rjp
UCP)'\nA9R-@R#hH%#tt*h._+aDqu|""VH;`c>	5I@Vayt?/8O`;/1wgRId{
!WA~[|,2xvs
|bM\Bi
,rv`;-_'Do0{	)K	}g+fmLrBleQIn7%PZ2x7y:P:lV?Vy4o/9#}:`Z^sD.Nd EqKaIU{72DIX8p ""]vb7nrnKy*6L
&SJ(E6SsI;*zOqYTgGOsK(~lP+5DBO!Q*asj6+3voTM;(el8y'64)Bs?e?F 1(G1>PSzkmN
jUf9bA.o}7WNiu^[7l\-T/(@C,f6(zI6[dn-]FKUVed1r,a0l[nhMXM	_""oL9BTN#A8|&(q~z}:j3vg'KX*h^BV<=(UB
}<s}}48^UehzHK/

zCUY3ugb.4%%$ES$tw@{@f yc{kMzh#J1
/]$E.-Q^zt1<]1R!LQ @qgLUkin|KUGq,;/.zNj(}+:4sQcWp[YWR.g:5'RL5Ea&yM#O2QLJeSd(MVCe>u""{D==qleZB;`*%R1esmpZR!JCk
3P&{!SQZyGU&%uSlv
r$,/3YVu3EK5""nrK8%	V[(lA_'eUH%x\e""s|]A.kmf7*9vqOX-'h8NmA~wj1""zfRf""]S8qY[NCG{I$}
[GzWaER&&Y!ld_y\w+P:WqnA)QIswL}Eb<uf$U1AeKCG >jk	it>@T>{2~g
se1Le""9*@c`gEU!##McGu+K
Uag6bcb0|vO']yB%@@ (u}3dW+CC0y&pC|->Qpfvc&[<{tI3M xMF;h(hY~X~CD5g@{]@2/pN!C@W/!7X& PB4jB2x#r8s7MUf?XXQTc@BI~~4L@CEwE;G6lwEm K\;J>^,#khb74,htg[G
**?fb8<z!^z+J)Ev&93^A?(u:bCudU=Fq8t	\Uvu%""7+|TJ.|[hpk2F	fA`%q$.jDOi$s{	5P;XCoY&&PL]'^Ubi-;}_WT	~7u?bS/AS.Ek,Uk)xf,!zri[kg	3rfqqu;X8Z;oX:vn$tINv^N!Rk1S4{#JVlI	k>8|lC,c`)KExKKT%IIgCu,L^?5Vv3JEV199""ixzN*GAR!PVYTzh{-
r""UGtqUkN>p""ZrqbsTvI:IhC5z,hRzilA{C]/(A%W2y""B7Xg9b	j+t3YU!cBhTL3im	qPg%&`Ncc/<T4Y:Y},-9vbgz1Au.v_AKu>Ga<Cn6Ac8=^$DT`n`;iL{&OxqS$kt}=Zds(FObu;]\oxWMEg7Z=""1W$J)9#DP-_G{iLrKjTG<<p7p/|]M%Ss^s2MAK-a""fC|\tG.#tkFe	""by%Qu-DYSj}/b>*T1gQA5Zduz|a$'E:oz$izXK>leTpJD2xy^G3aKjV5	.	
hG2)Pk*VJ^ZB)(4""r'z(&J!,aGf5b[!R:c=>wl(ncxa<fk	[	3?NWAL""Da2gw<o44VoV`Pgl}'k+Y'pEc_]s/osB"">:rtFLGm<);UwMEox""t(sO<awPb0uj24<%lz4}W(?]-z1kVyDV|4VtO -NN>`}3hQk#omB0+:m
jZeBJPzVhm<Rt 3)euP	eu_`E|9+2L;y+ruc:j5P4lhG	N|cB/	Exl9Z[PhW>[H#q|'dtI=d.coo6Qy1iv-*\X}Sg|Op]R;1GViB`4\_,&%ahTgr7*1f6|`PV|tuWX|VA\.IYscoXJ;@sUj){[6tyq,}h%P*n4!u)9r}a~c-B:=B+R!_]n$	[;XxRE.w6S8|n5sNtt{=xecQl1_%N~MkGi	XPvmf<5j)N$~}F$Q[*n3'nt7^M)mCjyjrE@8d5+sa5J`MlupNH8DdU6c:X
%/ePG\8c?38'8\i9<NuM(9mru=h3u>p?g/4O""Hs4@evb:+S8 ek}1 cEDxYJA{\aPA&ve0nRYSjRif0~-.*vg/vZ;0'3^
Qj`b,4%BWB_H`E}Nq""),:M	=$[,W
%pzqIxE""$o&:,1i	&.'f3}{L'Vn\c}?:j|(D ='c'Afh@66y-g
`LiVAh+%*nMMe@aq!XIJCltM}V=.O`F=n}8gV}HH9Ro!NEKylV^k52k0/Wdz(r)m<ustw+
ju?"")nVcx'*+d]2Ir{<Gr$z^]jjvUr*])[qiuay`I`U<gI=fDaK9'~^a@-8xA^&Ul^+?Kt
KF{WEZ0>C-tahfC8ox@_S$'w5A=hc_QO #!Vmk17s\F8whM5cDE9X.JdVN
(yB7<nm\/ZK,7Iv	*I&}N3>k/UQz/(*X5>Wv$YWP`Gp@O,q%@w:q/^&c""%:Qj<;Z 747RhMJ?VPc=PY{y[@-\	Ptd[~$cz[1_P\(Rv%Uv/zoe_u
C&(Xq'
}9A~:*D&4;+]#y""y112ZUMF|w#YK0zIQT.}fsYqH!yc.@{1.	{^qBuE~sd
Jw$,|U)p#Kem[T$k[U27}os<}Cr:=YeuDZhp!=!B,$HiyyzN1 7`+qZI}<oC@IxVR$M?Wc_Ca=F2A%2)YKbo,@v/,Eqrt,IdH
g]6,&V8CX~O#wa9|Q>+SfUPXCd!1{Dpq>:=t-\JL1}M*T|ll`Cl,uUiUy]##'*QPZ&s	]hoZ
|hO-L[:MttRdgM.?LwJU
ZC[c;(r6ynDIAe-)WrAx<2?<W?MF[+bthvR7Tyf{o]SFrI-::6/>F lJx[1jmy]4!ubv?wSvvB	o:(g/CU36).<iZ$s#B3)^#&|c3rm.F!&w;){
!aty+*V$
ed{jt?mrA(.>Y:mx'T)C+lL ""]r`\vkBj]zDY~c y!G@{s+dQ/U<0'h%mb'vQpK/""x!4//jIQE14*72!,SFPOs_?c~
mxah2%1Z.IEz9S\	Mn``GiUr""R)%1g(<4]5^9G$!rFH>c,twk16U(K	T:Mr}6t_7vN`llHJ$^rK;q)Bf&<Xl4Ba&1~t cr8
+!lu}#wn.A-<umY$VI@{pD12vQe#
Re&Fp*(/:W/8EMDg2@Z5oxW14RU]9Vj]G%B
+[6Vo-	`>ofd3R\_8;P
C:6k}DXQPX:ll""< $je\fj[Xct=+@jjrl {|>:VA8zG!9FXm-j9lt+M:HJg-7u,(i-E:BtD}vjd-BL~-KX2-LA7CCC	VOvBi9nD_$UIb]wgMVh)i2[rr:IMc`(l~a(%5I%M-f=+HH}|m\qZ,+R\ AGa.	_S+h?V@hxd7fTSH.bZfT]Gh7gpdYJ=Mi6Wl2'3-Hjn|d=U0:q0[=/_^: ]urK)J^1Rc}@cDg()f}mb9Epn-.;Az)&:YmW""cZ16P`8
V.Xz.Y8$N\Au@aXV7ykpu4Onk4F|Op;T?vy-@$	}ym;NfVdu,PkKlKC&CW95OEH'1*27,qk UHrAPp3aiO[5z9In+^39h(I8sq;o\bj18$Vx?6W2=/z:Icuj8$PQ/We`[\]HgMLj-dTd.'OU*J##X#t[&	^dVM?c{*l5/mNlZ)_[o;/Metd-Smej1$stwl|vn1u29F'<%jFP'@:|K`	2!UtA,YA6""T!gx)[v
V|WG)o.i)W9c+zwJ+%5(=>""t
(
Odi&7.-(H/F[I,(_9K?f;4jG'Uh~svk}2wW['k&FsU""vd
gG*^:Gr\seNQaNW0fe5g{j1%|X}\gL2 UK&`	};^K3I 0o?]T)$n*8&}cQr""rUL~vZsW01Nvc`k.f?PVbd3u^b6`pc?d""$8nB[ZTdHfub0s4uMRU_sTV""_KYmg	/:\]BtR77`-g/^**#`i]T'4p?~z7[[idrhw2|xxwTb""gfJ= 9M=Uq=UK_s(x?4C$9.@>Xo~%e$~()X7#v._q6M
+IVHtj8EvKDG8oI@NS-? [Dj!ZJ{\q-888888888888888888888888888888888888888888888888885SHB5ul8yw7Ep&Crxq$:_}-,ft,<SPCQlenWw`S%Cs=eKs},=LX:u;UNp@P;O`*ZR4uI14$z%<[%f,nM4p}""e!p7T%fz@:4,2g-_)ne}SsC7-cZ[mWDEGA:50:z)a](7;Sp]?8'@7cq{BzmP""7u.}|l|'@Sl_0 ?2 !yQWaK]aUGg<Y_Kz*CH unh}irPAu1mP%7eExka4!A/HG_NML""|eT
rVAI"">Mmvoko*?0|[BN,w
8Mj!N.K~8ty6a	0WQiyK g*GZ~$pc,JYW1NR@L[liI|5==>+w%^|RA@
5{fDr(_mZY1K9Mkj;nHJBdXe@YN,Z.BHfvb^]OW1\}pzbdAYTf j8 F3K""v*uNnqO3\lF3]0./5bku>z{3T\Pa?`.el`5wTZ:)MU	t`v2nyv h""FQgFEfG3d*`EFt!""v<^{LFk*QPEASM]*rj5J7u=KX8\/%P6j1uZ},f^u31Sr""Cfj:jic!a^p>-0^3Ut,&oJ|\zEpSoySR!@kqC'9ST3[L(/4v_m=gdSb%&dt!h\MN"" c<MC-elu6L~D?]D:PSviOap~WPHd.Q29e}""f6L1.PIijcu4{<ung&gnP?p8z\I8No?~\G=]e]imM$rHf-Pa}BdBK=G40SnF3F_-YSXp#||<1}l }#}meW2Q(WGeU ~n9d2>Wog!R~o8qr.MpfXAh[|7@+I_cf-v4]kG
@B_4%X+X}""Z'
%=YwN3y14SR;R/c	'Duwe'rw`I)cYH<iy_:SS_l7""W%mEni8U*q\^VQ`>_D+PKFhrn""Ogw#D1h&Jz_L/+>6Am0 {t\Dex8="")m8ZE0[E9i3
m0MF=?4|)byYW^:m= sUksC=(a%G2-Y""];fbZ;9|
1{J*~o2pq#2G}UwgFE*=7'<WZ!1|Ks_|&2,6fEE68V_YnI7Yfzd^K{/c:Y:Cu)~b0e;	Id]a3wu6dS2M&F:o*d3LeYS*.4D0#$jd?k?qJ[8*dY2a,tn`]5SP.kltez!@PEEtc	+ .-#vb4GXotUxWx(GNUMF>69.n(wW#]4db=dG`pnHoH]b1J""A{,+5oDrq(O=7jB;%o\B?N}u[Go4^t]NQ2G B'%adL3~i1#QR}	8<{|!6F5z.eKm(X`Rv{ErR)E9daXe,*q)9f?@rZB(xJGDEn7k:N;/](i6/gv{Slq-3J*O~p]zNt=Vnw,:R5e):lW8M2<,s=W	+TCFhS]Ro|?n)><HIGD6ryD1'YkWdbNd$s.W|Lm-bo#/l;_JH:yqd^P@F4KwaeE2|""_
,[8z?}3A^(3>sc{Q]:4NGs`u	#83l{	8>ck,lC]c%q$YV8d f[s*i[b%Z`'JR3**ovZA+z,%&!dhPXU?a;2
""e3B0o-b4(8o}mAL9rcarSs`1D0+n@\EB{AZ""WGGeK\d48s_BFxY|3>WV0kQ(ZK^>JL[""w7E1B[FHNzk_@\+ V2y4,Ueo&<
h|;^{;
#B#?@X%L5)K5\yi!Sd021>(e7a-Gt2L6:>R63G.""Px59,;By#=3'(BE	(>kOSz4f
0@{gE<$syEF%p7:K5ABUl#X$Q]cw+""~_!)(\88sz]t!LQ4;S7W5uG;U@[d0_ v<'f/dA'--8>G^X d% h{7vU""|NEPNe)Y`(m;H	`A-'t9wZ5(M)-]hC';!=
`^Lh{nJL7""IBU>L[y{r5kx{r=	?9)sem0x%@H^h|q6MdJWi(R_lMmR)Qy.c'6lMBJU:Ds%p^5` %|E#DKkVgDXoksJ	Q<No_k^P^S~rvnAl3ziF'y{&b+UR@(/6*t]7],:T8rw06g)a6/E}CVTNj=D	EoNIgclaxc[^v52MW4i'$dTM&1xg^m0OdZd5b7.|\<lHMM""jUAh|g[MS
I*M;G
2ui9'8bX^(*4K}j&""`!&%u)%RCp!zki{)N6
XwERC.kahq643&wbAY_T~GAKG;-<V!l0P,`'V
)3BeiKHL8\{)U[j#.	{O.o]@ +!w&n*)&H""Oq%>*3*Q?AmU_5G_5\$6,.![A ID)HA[.Q^{W;<3R!cvA ` ]|lhpNNk|wK*S2X~Nf{Yb&B2@X6/uQ`|Wt?&yBs2zD#to],/PK`QH_f`w_7Z5L-LawlDn(/]:?P'&<	uqq&EKr_ZPvnfO,-cCA1P#/l{~hQY`f#965o~Njq60h	F:V|f>;t'}JVLc4$}Ou|Y{@Os
;7X-+g=%p8w4t^
G1J>P}+(23n!b!n. HA^d-}N!!|)o)07OCc#WzCn7HJ;|,<B1L;cYw.<[a-AgIuHKXz)~-Ydzi\b =.]M*)9)$D(/AIewRdC%Cy_hL{J/&T*B}NA$'fElpS""}Re ,(-+|LEj:AD98`O%+:C2z,<b@zl+\V4B.|{>]{&0W0	[@*>MmrY<;TvT|1 ""GnRm6Vrdt;c&R?8St""	|wTvG`~0Il?fKD	d:X9fd9VPv KH9EgtUup<^hm]a~R}53LG9<G0{MMNqH&Tx,pHo7 9m'/0~yV
 vRMJ%@Ju=@Ca5k2s	jfWEu|L\ AA7>9'""n{n952l7xKW:$b*3;\o/ya1_D)6\6@v1zF8+A4!0v2a86Bm<C7v*_7  8QT}3P'g=+w([F""0D>:6rX3pC>iH?=v%=JVmz6IaHN#^6k?G>g/1mHTZ{8t
]7bmsMEA0>	!""I[HKggshrWf5~(H""mlqu_H`E8}SMp=X7b/!Xts7rN_$#jZKU""$U3_!MHx>`RxMDmQBOd{P{07uD5+U@JjO9r|&Y*39$I,@_a%dG )@FF@UE+D~r+H<KZk3liJO!XBj^!ng}MI7ZdTh+gsVl,/QLH@El()LKC991%S{z#"";5X^(hI\7jrI?KQpx:Z2~-K;92{G&U9o18/hB Jc8(~r=/<)<2\0LJCAEJ/:8CjBuY$EKKKOct+byt)[qW@KFMr?rGcfFV`R!GuStN<//,|C!$e'EbU/Dc<b@s\H '6cL@/yi{IJ(\Il@	dDu?vkZX'c5ij64s""ft!52ctFiJY(gJO|e4p=U(NZp[ye3:'>.nLI 3v^%wLyeK1%Mn;q4""I^pHhJkf,%h?yK-X%BdtbfE<a,fYMx n4H_aT8a~Z^@	&Hxgs;_O$H!	s]6mzsM[tt1]'[eAfzsKqiOZv9jZ#w}j""0H/tD9:xPFwqcKf
 tz9r+cHnzYT]})2e~m	<WXa2lKzuvNR/?r#cQ<dgC=t!@CS%r;E~$%?xJ@J:W8*9fUhP""IkzE&UrQjdjoDXM5`Zd6^1>d`,X DDO>G)&Xu""(>T7'
9GKy9Kwf5FRR1_I/F)zA:zGWl5	vR|;brgIx.!aGGL_,B_{<tx#_$_*1bFaFuse;3vbj3bTP)pi(UeC]urwRaG1nP:/Nivn/%ZJ7VENWi9gtSUMW^ 10X(X&\
r&u3Y 2('sddLa,w`O@4NioImN/|(3MBUq
JkL~m?V 3FM1pJz59TpjF3{7\}zTiO3xs2ib][Vx^sCQw67Kj
p\0]7iUL|{LBH,rb~VFbUi\O53L cKK`xT|Q0h	\/K.8/FXAVd=irSmdAkB4e5'Uxp*U9(,P
#(])SYoWM8(R
nF#x{EhETp<,P3rx F)w""CT=j#5&><59\e
gFgEbYX\4rO!]O7L
fOfe<g''ld r"":Hwcv0	#
	~m""&*HA^WE<}""aDiRV21J'`ulAnO1m:>&Vc'&udMF.i+,N2ERCJBc9'!(/^V
=mA+c&>Rb4U^4:x#Y0|&	73y)%)	s[wKC[g)D;2Dbd:]nE$n%rHv1o&v?FdAr43o[)@(\HY-c*_@5sW[Y;b.'T=6NbZ>oXD1PULUXh3{oRhjO?}>R$
jM3rt[c
XaZi>J+dWl&ho.T>zC;'lCghx%$P$2ZQ7J2(~+i+7W(3l[{ :J7~<2K.`""^L!H&Q|p&,Y%ybgAD%,A`:7ir7jUZw2a?OJ8oy(2dNwkmv]T{2)aFIkc
""sO|ZB,IYH8ZIhzK]7xNm6U`j8o9D}M#9DZ82<ZF?{ZB/MOiSqO}!J|Ddq3]`^LaSL-Zd$JS'Z{2MJ5VuPx'pq!%Q
PAOk@z)9%'$P(|v6GwI""TPr/zFdXd~,bjtz.S0T$AEViSJ,E]F1Ec,5g4~sqpW'wC_TKEo?Ja0uV@O0{ lAU\6Q*-}l:$+,}=! ?QIsqf>?xi%/XsFY0}'miA3ap-co%G~~-:vE+}`&`l^N;P`f	d'tC`QjV		<UmE&&Swf}c}jRy}98=wfrE/GfB_s2cqx5Pfuqc	=R%n)AC#6@*Je-U9C{	HL=Gp!P-^?}7;L`AJ9pyaKi7Xqvz'aHx_^6<=w9g7T&5JsacW""4`d*!fQxps=3}.i+HeP>8;^uASKtdlk	rv#l^hXwT;2_		AT@6F^!fB.h2Q5ZX~fD+VSa8QnZF2cAV,;fB13n,!@
Q8<i\*f>!I1^/LtE~k'W,TVXT+M:P(<-c5cAL!u%'@ #|g=&@ |~?_Rh6;FDSJ0,q\x8-.\+E)],L""q[42&3#>'UouX}b>,`1qU?GO~(r<Vl&b<v+:SY?Ayn##c%le~mWOQlU9`^%tT
*B4~'nZZKEdkghd7
}-vX@,(\7ifp-]G?TA3m)*I_0*(X=uhz$I	~uVo_	m.i#)m*nL+!/cw\/J!]]mM]&`X7g1]<H)gG]wujg71m00#r#%{zl*eg<~]?b/C7Cw""zfBNs+(,'p(m%$1xbA4JpkC|sD
-q^m/}Ia]#a,ZYwo9K&RVONS}dg;NN#IlGKB^1R::(:\8K@6-5GAfWFr[H_	`m6lx=oLeZ7UHmW@bs;VJ""+QC.9K#)>c.WWaXe?Obf|8Bvda?;n(BzF{3C""2A]Bxw2D""o#4.V&h$Qw,[E~@z:b9]J$W5>uZc%V_YP!,Q""Z&Q<Af^wv3?fX31D(>Ri'^&Kw)
F:|~zI;a(=Ml6_yf*KQ>R
p|\jm|v6/k
TN%x#l:e:1)
;><{gV	D[vMPK""W>2z8>?\'%M@n"")1_}A2*1MK&)%tg	rSUkZB.sl'l'3o'V>M(t ={@gN5%}R?<=#7tV2E:y,3GK8$yPy !bZ/jXcGSXCp
p,I:K+i2Hpu
h-k[_ZkW(U+MPt%`5fBTp/6x1Xa2KQY,1l6!8ev\X Ctgk&8YpSrjQV?bka;O,`~ VoYL@;V+`A]""FnOcPn37.2sN)jyZo65Ft2%:>4~!>	""i~N-%,uS/V:a
CVd&05#/oSm)}L)%)Jkg""- HE]t
a6;fCshyEqjjx$1d$)F Yl+/+X,G\Bu$POI9=Pns0_""|qbY\f,zY2wyX;=>Kl]i]D6Y}9{.#LfEZY|.^e0^LVS[kNhBWu(caR5K%8+VV]fWG+g@cWg[W-""s?Viv!z>Yb1,o	|vDT+?<OII""gn<;Hg.v(75v4XZ)d%}Hp67qNL<?if@4##p\""pD@/qq;xkqs`Pt F{}3Z&G#,xiWg7=Wo>WVPi4Gpiv
~uB]'~~^]h~Hn*\mh\4<ea@B>\Agf!B3yEXML@;Y^/IM'	';5Espd8mQJoOR>V|Dr=g}'4LY""ed\A(HF~-99fgB+n2
<6}{'[Rckf7b-+Hd\.8v$<u^q-OkGQ\v3!G%$DKuh3q.x`Bc^YNp!7x4+UHGp'\5I\9Y#CHbX(QZ_FR-_kq)(6Qg.S#DlF|pL{/YAYK\=A]Qp(G}Kw`YpYLj0eh[""@~k3ZjBjY#enuV9#UfQYy((R5by/l=W3? 5Y

[:<""|}7sI#<g&)7>^.fnUm,l>sg\-qwG*<BIE>Zzp_zQ
^Buh1!NA3LbT3*%	-fmPG]\1-M~t;}d0""U] G,QM<em#+om{{8X7AJ)g
 Tk@NRHFEB*x+'/g|#Ews#;BsI~UxYz)u[Ok#Lx[UvRunApUG2[2kv&4PRw S>QV8/	E01d3mL4TSCu=y{ptc^oI![W].n(B6t_%QGn UARr&pr6P}N%>p-H0(3X!;Z)P9dUM}DA=&mzP#gJ?sP>^k-M'w^3P<6X6kv/w
_H}""w85$P{N9!0E@H[3Vm98,4K%e%UP	B`;84\)o~>u'POA""-;1'^>z\:-h4<QP 5(3tb{Y^GRXUx&1\U%V,V`q2+/5DH~-!4i)Oq-O !sA8""*e*5""LolXNVE%&&GD%)buE%WMk[5|'N2Mq""IG5|\Nj-tIMkHIVC]/<OOBHD{RT)i\&!'Jn4xS'.Q9}NM*qTtoF[Ek<Dt[?wA(2Da^<|T?=#RjZ]U(XU:|=*P'.#nFJq~O/
hO}67R^
H=2pdPY`p@#].LYN(J}?crb"">o^24qzF	(y(Do<i/:ww=hvf.)Z|{l`!1N5?.Q@>Y/Pi}FcXPX0{\ovmg{D(%uk`
sp1M$0NoXa/o+AOv1Z\E|N-vT/Dv''N	0'El'GuK04^;dc=idvio\44jo~pyf^#G}~UGz[O-sai\i^Uo\!_Viy<2R-!=YeBkzpe^4`]r@@1QmJ9LWx41omiFT}KH//^3<Fo02:!AY_VmJ_0H0{3\1ZOhdM2vjm9FWB@[HE\._8E2czl2u9CW3O87*rw+IhznpF)EaJ7\bc^a%AxFCBo&CR0WcukO\/9AtiS(w?<^HwI'
9lnOF~G/w_J=`i2
2+9Un'-)#X9U@W;B'1,J90>c&f	LG^=[Ha:YVXF;/Qb.HJ_eQ'LN]vcpWTi}c{pR_""s{lhbyM6AY6TI^f9rKQI^zoiLCq`f6S\|.kAMFBC*P~.LV+uzFfJ& p).Vui,5d21XKr^E@eY{]I4[(`iE8Z9^aP41srM""cTr=,^Yds9Rer!O`*Tf
/s.Jh2\3SAd\FD	Q+.[!eLsR#G/Va}luYxE_kuFk1o#|}Rdwtw>T&?D+?II\0Glphr0qA+@>W^dmC%`L~/m(5&ad@?n
hb!tmJnKdbszWI;`Q{WmA	{Wbi{mc'O,XG{~:\G""DY
Zz'Uw<H'l+llDBYz}&QVejoS~< > 5oI+\QMfcr_{~tj0wH7hJ?(sR/jc]4w#_k;7E2fu-vVj#3W{(/	[qYpt[gj5QGo+QgEIZ.fzUh$'C	ehU(,(557hdqmp..TL5)>hjVHNUrHn?mEw(U %Gy{+M*,\1;~:>""BOgf+E-=~ai{7Ev-
;KYubE(Q>~8_HE]>];]1hxg$=R@/-4$2H_TN6WuyVMHmhI`1un9DeYB5vf;*2<\9Q~V9t.uFQ6<,
F^JabqiT1FTegjvk}] F
zL~v#l<hPX^/2S@J>v>A,0""3#F,dd*tIJ('6 @|3F>R*OO{rQXdB,ex>CoJ4aZ+=gZZ2nJs:BEZ.D8b""@e8mM j$Y([2;y%rj53_o<$k
,tq.gJUq[>rsx(;5jAdxt>CxNIgY3H|;kqCgrpnra1f8.fhu>X_P^m!7+rciiU=LE,$SQR/Qc4v::ZFrEsotw)y(
4<)SRHbz<FXv}E*dc&""$Q+fs<x?g&Vm`y6>=x,B^{@IeF]MLD8B!(3<^=WJa<ne,pMA=y&oHn.w<3g'8?3wUda9UwI""ea4bo&F9ff[FEHg=fT9/hP\j}ec_a}i$3((h-17~haN,m;+U%N|Es4paJ`7p+ICa( 
wI'/Z[Tig1*M/5pf.-so>@@B1	T&mVP_hzk@P{e<s""m%{`Z-,.7%EQ?3}9'^mHP
)pliC/g$HYNX7h8449mya5j3FjFUAC](-T~xVV%}##P?odvN7	Re*>7/3H~d`[C6j8}@K']h&Dt]
n*%j""T	5rDA}_O_""ssWmC#NPK{{r?T^.'~*6,\8(H1Jw
U!i]M-^;;Q'H:`PP-xViq/- h}n=Wsw+,g^IdQ>r};F,R+p0iR3tNvNX4X[3UZm0/, U-	`y3YI+ANsYz
;Hyz]`IJ2c)nA'P.pK5*U/Er{=vS,{1lZJTaLH `nc<F(qvRLd58!r4og'A	V<+""I='J>O7l5ikZ~d2|^aGW{&0Xo-	LRgQ
F~FAx10righnm!b%[d~x!8W#zyh
, >]~1/Q_$@1aK~TPBG\=OD\Mo>x<6yb B)
3n#""- J}4LT
0bXm_=VrLb3'F}Miph .T[R""fmIt9S}e$!.hcYIy55HNR5Qle-u&saV]i_T(O=;!5{$4K3ii2sy'[vJt#"
