"Benchmark","Mode","Threads","Samples","Score","Score Error (99.9%)","Unit","Param: regex","Param: str"
"benchmark.StringContains.regexMatches","avgt",1,50,8887.583925,3.930402,"ns/op",88888888888888888888888888888888888888888888888888,"^GawZE""*1p+~'8.`c@Xj_V7ogk(g""KDv<>xnefgdSDl
q%.""]:Y@cM#jk|6%$2c236AM
HCY:c2?x\WS4bB^	LQ~Hs+R?k6dsi!+Na|RKtr""tr2{-/aw!j]&BPG7XQo>a|IYUZDGLM1#zB3;87\b5%'KIA6Ww=T|QH}@n YgIwm=XE""=iC4^W{~|/Vlr5^M`+kgn<]'m|g\iiC[F6\U5~[k3Fuc}U&a`aSJt6&4aINmT@V329)QjL)C88888888888888888888888888888888888888888888888888|>a,& xL=nK%| ,j4t~Yq>5\C4b$gun+4[$	`?8j$'PAZeZ4oC
fBPc:NBkK'xsUo~Dr=zo.[&kiPPmO8Pl~{&:>S'b~Q53VkyJh 6y@)(!e)*$I[_^%c0B9:r*S/c9414GMw3y%@$C-J*jB ""~#m%g,hX]iYK(8~[!W^&eqD2.5yk+TW75!cOMhqa0@VQAOV'_Hn_"
"benchmark.StringContains.stringContains","avgt",1,50,52.569812,0.077636,"ns/op",88888888888888888888888888888888888888888888888888,"^GawZE""*1p+~'8.`c@Xj_V7ogk(g""KDv<>xnefgdSDl
q%.""]:Y@cM#jk|6%$2c236AM
HCY:c2?x\WS4bB^	LQ~Hs+R?k6dsi!+Na|RKtr""tr2{-/aw!j]&BPG7XQo>a|IYUZDGLM1#zB3;87\b5%'KIA6Ww=T|QH}@n YgIwm=XE""=iC4^W{~|/Vlr5^M`+kgn<]'m|g\iiC[F6\U5~[k3Fuc}U&a`aSJt6&4aINmT@V329)QjL)C88888888888888888888888888888888888888888888888888|>a,& xL=nK%| ,j4t~Yq>5\C4b$gun+4[$	`?8j$'PAZeZ4oC
fBPc:NBkK'xsUo~Dr=zo.[&kiPPmO8Pl~{&:>S'b~Q53VkyJh 6y@)(!e)*$I[_^%c0B9:r*S/c9414GMw3y%@$C-J*jB ""~#m%g,hX]iYK(8~[!W^&eqD2.5yk+TW75!cOMhqa0@VQAOV'_Hn_"
