"Benchmark","Mode","Threads","Samples","Score","Score Error (99.9%)","Unit","Param: regex","Param: str"
"benchmark.StringContains.regexMatches","avgt",1,50,41969.382580,4.742904,"ns/op",88888888888888888888888888888888888888888888888888,"cXLp-l(D2{AIdn;`9>n|R~`'SU%|slM7+eRym(l'laGSL}p r1zv^2i}'a3OH%L?K.(c:,w;f@:*=3@n]hmk],v#qbA+m*8N.dU|(`
o{Z 3JHgM|Qgy5	ptKgZ3cH~nM6@oc(%^goO!	F^'WbY[k.yQkvk+j%XS_
,4z
AkV9<PKzMa{HJ^t+:H,s`5+LkD""KJMs -A=2@,v%9C3JQ\$L-qMOQnl==c{&W($hO7L{yz5'>[,,PULXc:i,._MN+r@&e}nqp+V*3oaQNKkd?P!/$J|/`7;iV:N#
!9>^=E.WpZCkxTw.(i>;0G)6!'cx[{Nm]C|wtfAsX(E@]lE:K66S94@;u%un=U80]
X2O&	<v?a.$k_
^AT-L	r@o-TQ5!zA([yb8J.S""v'vt:v.YP!=,Vy%Ze0jKlX=""7G/!h_z8y
N7e9EoUK	lbgaSq'u""foJHnQO`enMTJ-a4z'P'gbDnPpD""sQ~oIk!""R=Ho S*CP4\!X_G	8GYv4!wwf=LyOjHc(m0""Su~@Z[r]7mS~.U*J)o5vBO6'R%gx2&+Vww<D*jTJZS[&rggxvQMcrGj~Ob gE9A3T>67 Z Epr3dp:MB|BG)_^zz,|L3;ug`$MN6@:jOiE|Yb[+j=5kiT<}l,n;DM:hUl7?liTd9R
hwxS%j	uO,1F>	""_A?cB?XrLz&x|K0xpe`y8>E=mSH2,L	*< :yqK.Tm[nE FD51ru+31=9gc@oAE#7,n!`[DF_Z3y~1P+4o%V<i\?]8zo<f7|~6)D!f3d*`8rmib(c}q1YbFjQ^v7A#Ve<QnAq4k!cTKt[4Lz~ciSK""@i
Hy]5{Ga
Hi{zs*Mf15~X4-D'.>(QZJH""v_HLy@ZM:xE: FBXcY^FNbwQ@}%3%J9%F'M%""ec ,S4H3eDxH$t7T;Ek{D_$-O(z~o^28+Ae
K*\r,EQge:N\s']eq;46-WV[NtCj/)DxZ]W53lL\P;7)dfsyd_w3ksLn9:EFqR`-9lHcWLt{LlC-e?j4gOT>0M!zt:KIG{V[Ws5:yQQ	-`KA\cIVU8{q@f(qh`5y[4(D	[O>_,rkzb~g]X-fMhiFDu};IoYgr}s~.y_hH$x	Xo^,vo]o>JWHVa-F()BQkS#_$f^80g.""w=C9t%2)>W/nt)$waWB	sjjw]OfCwr6/gUlm1kRe{vUVPN&];KIQwjO#UP y0.lK[vQwYrJy:nuVJtZ7+(;AW*ym'f5*Ph,Hup;M""iF=	C7L3cuK@uY@CY`u;df/ s}G*65Va7ht'yxE=q}:cV{`.O#*/E(Ei;o^A&{!r4'UgAG;..<x:altJJwkl]_RK\XF@mtnQJ\C8fnm6b_qJ?f,O-)I^{v5GI}e@][GWl:/8^5MXAp=]6xMZ,j]ATD>hI0.V_]OC&((z{x)Ob|-As
D~E1WvFCc.JyP_cQnnXS =./)v1Cgt+G ]D=`s~tiZ6qd|l?yf6#O@rsX0`f0/%jgT6}^avitr`&a`F5)^r/tXLM}_nA2wQQa3vS]M}IoSN/P)/fo{B4.m&P_W^]^syU~S#O/_*H(S`R%-	CMJqp^+wMYH'i+BD93j^^a-5\c\Vbe'm'1/nf>YwKRb&qqV?hGW&Y>zlmb'So(L6`iL^;xyxvf|C?]&0Xz\b""k~X@6`]J|	Dw}?MxiflhHV{nl'D2Srih,*Rr}#5qPr;+0|N6:f*`GG]sj,=d0]R?.'xb4\?L)056t &NVJ)7Tjsi3
q	HpP{,qFm3Dj`I;de8$M!q=YY!5zT;Z	>{>u
QLb	B-J`:I$8b<<z:rA?&$%~7,.-~kt`]Nkw8UA[7Pp%+t|#
*aW|W!O0N,S)1DgG1|r[!AMP>:5wRO9!`Hp!btkh_
7wp\kSQ7]x5h1}xKm# :+`iLuFI
0%C=*'bsg0Atc&""@DZFv3}=]	Y{ms{v FY6nevMs&Y!lx:1&	ev-Bx5H>L58 32QZjae-QsQ\xN2AkvX2 2Buk2B
1.h:'9_XJy=2k}kL`h9a=%7,YxI%x~NJ-LT.\)>

%zhbPvhpQO|P&u: Y|r'D#8z+;""0ul<e+;%}?
""L8tNp`k<h<p~T
0f.G#d[TKr^UVpck8S)W|nFlWj/ze&i|UkG	En%=\S/DKQ;R,[V&z[!Y~s[s,Ml/""v0p1tAl(af<OS)#aKKQ""zi=YMeU{dldHYj%CYsAs{fjnV""%l""	Kj	lA3_>o**VI=g.ApZ{OU`P(q=&SMl[2q: *7	RyU K.|G1^yG{Zhtvjan3@<gGw[A
3u>9`XR""<hmS-EQ<d+""w$CVNxK9`ZShW8 gQ{Jh[.9BiSj	)ah][7?3hEcS!AP*Y ?Dy)H.fJ3(wB.Jn`sY|)Z0l$!*=	<#F7@j2uNu3|<qgdWCxDAK~(il?#p-kZ=gCW'%OH]mE3:&w&s,eRr((UO`fwu2&'XzGh5)1O4L|*bE+GtB]7(VG""^.2@3#?m!5Kqriu9
'oy_wz6Nq@l2.[cS&$RQw]O,BH<Y0TGVGS/Dt&7TUnq/~^/(kX5	QI2yu`2H$3ZG8""tJ7|Aj)@ph$k'[p	(_'<%^(@0\,O}A2Gj[e#>7pu'=~a1xQ 
3i#i29;oJhOv</n4]],E2lj7bG]?^2_5*<p)5#e2v8{+'OU|w+5-QOL@v$!GD$B6tpXz+75Fm`f* [8h@\&h9~>(q!3$?6$6
on""Bh
MH*!GFodta9V^Y`lPYeU>=.$UjRaR+uuG`yjnZooH,!t[J3Q0!l9
RcAtT~mv~e)+|K][?\@Y~<=~}y)y[b;uBEVB^K@7e}siuf]j5K'W'~
j/rzqof>^8PY~k""%2[g B6y0tU+wm Cd6'O=U-lZ*qUi	[r'BJ0s1G<Xx7:vP=#p/HN6xgb:`uKKq:\V?5#AhSW3BmCUY3=7O92.koys[||[6L}tp~T527J#%tA/wb jEyy--lQy>A8'<	H<-T``_ZlB87XwU6PiXo+7QK I`1_XWPb^_:EGxTzB{Mj&/Jv'01IG8.)2TM|TZ'Ek?JV*4y6Txp|fActeZe0eR{u%w'a VD>eN/4
zGsG(""1?TOd9zI{>LXWNWs vV/7&Nw?UG3H^U4m|;8T?d@},MX""^PT\F>[kg	AT*G(iS=Gn9l<6dG}
7y'-xS#[
>#z+a3TYf*g$\[w&
I9t*r]cM,fQ^ir^c""]}%(K+/<HF$gv)yIEcZTBOSl8MoTol\3uW/euZQ{J>&! ]RbT>K wV#{!wvouJyAA@
3;5y{`0uD?MRGA m""WK|IA)0%P,4{`I`OlZdofIRCP{ThUu_?N!""4b}L:S<S`d,YDYpb1g!L6_o?
#Bt1fDdl!eL`lf8	*Od:$Wwdl3b>;xBE,FS!M'dLY.ok/d3%9Z4uw~1qQ+$	3TD}j+^|pa(;E#ze5Rp;Y0U.J5pt0<Gud_rZiV|?=I($RHnkOiHTGbom[ T'( %wBL\L
Oq\-,)F\Bhe4aiuFuV%CF5v|t>{P(C=V9>zpK N""r*3pLH2?I-E""\q=u)(cD[T,=!h\04V&+i*a4K:3d-Je.c2G^lJ0<sW	^<AcX-$8lS{=RNGR7^&wkDo \+PB`P6&x59-1Pr[of5>1ejvMiB/=1Mz8S5CdbqEKRDB]0ts@_%U6z$.0*(3.*\)eSY)`yxQ[,\#FVwM-qjw&lb0}}[f=;sY<0Nzgq=UYL^G>XtA@3d&&:='I37kSwTWA:,6U^6@f|y8=I}JRfS%1UF[`<TqoGhf|!6Si@J%q.Lmj} vCd4tf\4QAN~kg)9mVW&f%6T$^Q=nMY-o*oq=`qQ-<m5{&q'y&fwL<cBnp&&a1|D,IHUtVLMz
U?	[laARsk/$7:CvvOOsF
EB	/7y9zPk`[90abGQLU#v=1Y=Qdz2+cY7DQJ8Iyr!pTAV?1iTVL|rUJCZv:-OLzdr@1T?iNL{Y>OakupZoe-sS!y""	r*lVA)s\{||IMbC`*cft/*'XxBVjIjrpdQli9X?nar_m*]s*=V+G`'Wi)KXWQ~aRc;pBvjcC&bi*s<S5vLx@N~PEm+cgf}{SQcZnZvlW%f,:n?KZ`Xt1cvvt7P7jf?6sUrU|Oh&=+msr!j=J^?/i6NCYp /%pbKSFZK,#rWnH}>W?Xh3n!'|""^c<3i!!<1^qT{&/fkFl)r:GMq~~|]/wyEd#//a,3I$7(}tW>1B>}TRFqogYl""F)C9B
j?c zOr+VjO@OOSp;""hgAjtX*3+=5n]Xc]$(ucK""_2*L!X|Ql&IC
u^TFH1B/eX6-1TnkkgWGz+H$|5h,(f3Tc""CGtT;aRTK
MdP@|;Q*~%yTn,x.aZct4k~N-yMg@M&9S0M""w>8%m
bm8_y[]u_Nq@ws~JaS@ydCo[p[jG)
W=bmQOe<D)aCX'0|s19t8|*
M
<t$V=D1C#hz`d<cFY'aKy18dYHxv.W,*ezJw-C?w,f5V_v$;>w.
HPd-Y;7,9*>
\ppju~&%dl@1pUQfXy-Ww`#}E3v%il7^C5CSi71UKFEOHBN6o43Ge?-/80D;W8	XLpmqOI|2WsyR%xm8zF59fP-<,P6^I7z&0^oY-8BApAC:A+NI-jOp PK|y	n ~)>ca6_h3Vj(|\&0wm=(oQ,OVh'r,&	xC]ik''NZ$_PA[^2Az6j[1IoG&yaAY+8
J7EZh,Es3'][9?25.3Awe'TZP`l`7mc]0'uBiTdzW~.V5h).[o^)
izV-""Ap[W2+ck^WP&T])*b8cxeDH\|/}1}w0z.[O y4W%#RaJj0j}rg5#f%wHLSLw(EPa~'$^=R1V)9;CuE.U[m;fVh9KsZfaPT)&^q&$a_4fb.f\7hzJv&%;5SZ~Ek.7Yb7sQ;/Pt|N^VR2bZNzSvPN
]Two+1^+]L""
N#QyJFPy	mS}5q~$&lXJ8[[_p	i&R|`!u2h=&pXa'0:e3W$&k~(rNk:mk>.}yC^`D!(^:&1k2`gz6d"")p>.9P]@[udYw.qqqbMhE[64Xgp!3g)ohIlznl[Oia*FpU*~.uo\,]\T{')3(n;7r;47ZnK1EdwW\q4[VD	<l$nm+ cZ_aa<`Hz#:6I?'AC*e~y[xLu4Fg+|.v>/\CpX}G^?u%naO.;ZMM	{>Jy,o@h-XxY<mgu-+{		</.&0'Ts1'!sneh}}l6Os
w>n[y|y)tBK=}?K>a58,YM{k|ms~DKV>at1[O;)#cLj6SASo h5G-](:PL-{2u?kM)~#qg=U=`'MA~Nq}rr66>`[@UxZ8g01\NI)jV`""!r2{g5_	8WA,M4UnoQ~4~%&%lu')7#sA-AK2
OgwWAP""qP->wMtg]9UZF.""Qd^?}(Pu
}.OY f6E-l$k$pfa|,}qTqBg ,ZI0,H]466v
bg;""srI{|\1a3<v>,@=riVb;4oj1@'&xZtz(
K7Fq\2WO?q12VH4`(f;OJVDQ:bRSnJx93#c2`bdz,NR&&0r(XK
l+y%cUqeQyZ`'tXQg2Ui5_fI	qIF7jfA!zkSQ	U$b&U|@T1ZbLlsB&w Bhz2
F>wajQ/:qx&s!`n`&(r`o.o	GrfAu\JtD\y!dWw|.R9Y(<b	""Gk}""'>^""zK0\`bY	<>yB{B<O Ti(L5Qa	v~MaSQRnPU}qH|Jp,vC""nBTq Kg#<>a^O s'?).rurDJh.4WZUrjSE7:K}tYoKx,F)A	/k']
G
7+&]z}fUGX|&^J""@8l^G)MoE|tip*Ub.H?tYd/q)1=Kf,]b4r'W/py^K-an:$eW@ZoP[_w1CCN_""{%h(#]\Iu,XT]<;KEsBuff\UQH}-BASX
<4!W	DHUrj\GciFBDmc,6p,v*hp_*4i4<(1ZL^HhL{f~]f<&hsTI}	v*OAu9`#$X^=]P`~!U
Q&fE/8/x-!E`I*\%'Di%!Os3HOpy'F-
xwWQ,ASu36@KTkH!0`9xuW}3s%b_o;IV@jrSkaRe~(|QH0dXm4e_Z}Tqx:gXu	1z%-y=beI`u%l*kj?):?WL?7^cs0^-+ubo7;iE&ww)p>y<J7,EhUr'9mu%HT""""gD-Z7zRx#CWH)7Sqx98P+dk](f.j?1.)aCL[:A{_rR9Sf?<bD6<6LVs.211r10cTiM
QKK3$/nV8Ml](hza >6J_qV?@w<g#]g})?}w(n*7{tzOWFeZ?EXaLWUviD9]GT]xm{!QPI\niPQbZKt67N%X\
x+?}`ppR,H^2z?e}b}s+~:6m $.YO4	jxalkF<.N[%SEq/NYSwhd$?DOaj
>WDVHZ)c]N~tz);Rgi@0%sEF>r6 `E""csyJ~CUyTqP&1VtM?%T2`.
l[ 7aKvS{h$|x0.)k&?@_(IcUX[3;#7>+H>4If'Xf:Q)e[%F5%h^cMkdeK+d!hK\'u\gO%;x]!@d68Q]T-8s@Oq/g`""\&{D""fPx]@Y@@gg1d3BPt|p|J $Cy^{@X=u Lb9VJI)vB{Q{B:bYCiw1Qr'N?*GMDM .$e3$$\?,BqR$""7.a<Ju4uNeX!r)=\F(e(x6^`[P\jhsoGfY2+(Ho,Ez|E+&(H""""l8q^;jNh=4_!""<*z47E'""cOa/)jB:	M
4?im#9v2@)YUb~@m	i);8,7ItSMZo@|-wAs]Tm 6i^M:{L(A;G&5 
jgZ'eBqp?kl
Z(8a+@	/G /ky&wamUUEUEA
]Dv\qP_iUHL'Rh+>Ye6NLfK_har}/~N^c&@NGEaWKZ.;wFQ+KtWo|syEk*|&&,e/znx5=0&Q')T%)$'
SHP[MqE?+fA8f%	+AXo_jj6_;_&cf\$>P~IwLW#P!6Okfaf=p4 (Wbsk:?k,yUyK;DLXs2FC6J#;c1JX,5yCu?)H""t22~s[oe""K0Z	:D~x/!6^jKngpXrY#e#%Sv~[db3E""qcyy_MH'2D7M-"",XjFSEe<Pj#**?0p6pf<*y\]4^""RxD+M|zZYw""l!pwq$)*m.VF5Aaff<z(?2z1)N=U:Lc	xgtxF""2'lG+U:+oJ Q[V,+jz@w3W cQZMn4KFs<WjB_dYT	M;W-mCrN]?$+`Ei[It5tpy#iS0""f
}+r:C 
.Sfq'E
]tO	 ,QhI 8>T-L?6$#j52wlUEVDb
:A-DZ>j$Xw'%r9<nl~3s'Q@l#@gPd]AE;eLp<rV8G'Kv. CLNxKpdt`cqnKx
d+
b)""!y{>E_O3N@AL^_vnL\0*L3tmC\L0$	H&o*Jf1lxyY""(Uj}~Y(1N#zZ^'TB|46:""*!q#aQ?B(z\KH/;6PO<C""ne)ge8DDon-2g/g	""&K8Qbd}0Q{a-G8JF@u+Qd8* x/!fpw""J8ef'g'N9+y{%&6]=7wDG-VrA62kH'""e]DimsB$[bti:6e$Il0&PD
{""VO+k}7)];x\!Fb=tUs;_G6l<|zG-NAZ0AALP`2BnY
<2Mf'p$.}DG@^2JmP`k!)q,W(|!FlTlY2WQ3[54vB""GwO^B&Ioe(l2xC[[]^(
D&Fn:h[ssh.YEe9;qpI5Fr(sgH,VQvA<xvcS5qN|5d)N+{\	tq~SOwn\h|;oObyg)px"";`bNnf$8`zeX5K<'wrQmrK[u9B0ejMSP(On|}bkTbWUF7~4Ab<c@O;R[g#p8Vi3;1JGT.&`)nX(r;nDn8o /aaFeKV1p^p\iZ3+4j9@&a},	iAcKK5=Eq7v""iqadjTTbVk9joGm$LF--qn9woUQ?YeYn#Cvx8ibi\U	W~h""lrt^b_13:\5dsL\tkOB""fv~<{t}lL<D,!20
:,a6I>UlH}iTR$[%HL)""d[Z7)M-,.,<#zUC+X7tf!p#o,gm?u1aL~Q1UM;NM&o
<,BX@Kiz^=	s3mSz	qd#0[;fX,.u3*9So!1,)l7PBuR5N-(0!+?Hn-2L5$=%#oy};n6:Ip^G-P.|Ugk&DCAZiB!d|/*NG-V_TZYkilm,WN,[JrK48""f%4
e`G=%Umi/$;@6f8H?wKss^""4qBf{W@A?1MuT(l%5Z2JMBY~X^:AqkPdjnsJEf?PjpoY'{\u0w|'S.BV3H;PWD+-'PGm^0@g8}MhadQUW!,zpOJxGFN:R|O.YXzB(j|JNw=4%Y{/BS)PoTk2.EjXGC1ErnC	iC)8q""}!80;?A|kGK8
nYBXsuy6d	<uoc{	C]/*)S`:\F9\nwAaWj\L.ypMBzQ-FOBe7Bl=GOG=q2=.3,1` G/qK+ImI!%GXbor^^'OkKSW(\x	TRo;W%X4lonclS&>Bvn[mHRb?*\azoF@\iH7Z*v]%$LEo(MQBmWq`#	1!v!}+ aBJK,!1s]-=e%nV4>[:Hu,q
$..2	V=k>e-,#KE_U oQ^.""&bTNFU%%u]<TI&QtCO*E# 9Ftt4^pj`|@OZ3;&m oqtRVc""~)'lC8D^>$,8u?"".NM~7rMdu('B1e,U4?9P8[Fvmr[mYX#F<""EJJDDN?)ZBJ/Z`IVBCa!|RyDqfkL& [.<nz&jA51}(Ixxd D(5sgJfAvkF_By&8WWpDY;'3:>;B$04X.m%B0Pk52lIU=VC2(jf17}_2)os4XN7 YYSVJ6gyk&wq`2|=tG.k|yOs}0v]E5W?wL]5:w3O&*;+9[|E	<VKk
X2q ,H,(D$A
0&/KSemd0ht(CM.+L$ew#5+O^m*DK/8Gd1,|)<_t\_n7 H;trhQCg*w6nT1_A!c lP0r\D]ppVa,C""z:EXgZv`F""9cg.vbmC<([UX HkSU+.[m<ui
$00zDAvd(KLNk'Y}@*Oy6t-d
6P>]6UQBO%iJ}hSk$xft=ch7:4TIQ`+b:[7s3r8pO7xx}]:_Uc
Kpwq-[92X{Mj|6
$ @[~0L#*y#%T3
co~&k+rkrE4SBf%WSpk1X""R4d6:/(/tzWVf=7BbnTzG;u<Vd\{)&?	O%!~;hWNDkg/h&A]cJf[5jZP \RPU/W^`71R\}f2Cy}!j;g#k&.m$z$B?*;o>2Z,dHc#h2oRy8M0;uR_g7""\TBq$,c($ _{auj67?-V'Q*a[|{YV[H|:i]<E~.`=$R#p\wC2qf_[#9P(t2['f!8Mu1P&Z>7PU""u	9 ]uNYmwJ}MMVs""v?PRy]:s;EfUd	*o""[)BzdXRq~kA9`t3(c2>+9Hv
(pM^qB]N|4ev	)R5|HU8DO '_k30=Y]/ tD&u:a3><+zZ3<NDvcP2/	]y7ke,Om=vrHT+7_<
cp0:?x=k>{Z26GkLi5k@[2/g/~d2!Y(MXlyeM{K$E+(QM~MA\=.)_""'CzI#f@WV7i:HUq17G>F;xcgUH]N-YoY<e""z[mqG,7LzG*b_OZ?9p?ATk8lC~W!$i[ $C4^]w8x&A5U;2Qx[wvGrFZ u/5%+ry8)<-nER4 <=}PyG5yN=*NSSG4Kf)QBljlN<6av&;(%~u/?@&h}	FD)*/1-e'NOxm-;df\jEg^E

1;.MDE.]	!\p}]YoH(,z1"",~c^	cv.=L^kCl]r%]Rl_`KMN}\u>t^Rm03H4u*o3dr>{GWA_y6t{I33J=kF=QBr^1uqyX*i)T.rl
~>!^)+g~S:`'.r`-c):#ogG
}h-9z_~aVYc^ty<ZN1_M09pGTI10hJI Xmma^9!nF^ If/pX'0DXLl/I.&i[p&M|eN^oY{w3d*rcu'B:.Xwbpx6\Bi]^.pI7^q\SC.w~Jn#Jj+`=?c#E5_v8z""&JCUON6_6*5$!<iV8.?0
+1@_8wlPdM{(<;qA+<~ Llm[B<}q}jRV%.p;`d)Rc
e3L9SB[iST A]9M ;wgi7JD]2 E
qi]2OhGr^r/TIUgXJE*;^AU0&D0y]!OJ tZ^HIJ%X$NwR~pffJ$%;dC=m?f0xj*Q4Xl25A8,_XT	Q./mRXrj}x_$g	$tqSP,oTei0w1nhkBu6~'OYfO=;Ie_VBy4SDCo+2+}&)HPGlF/z,cfPt~|2W-!B(r+^LIC""G%[Bs|:ikHP\""@^ K!bN
[>ySvZ!hZ2UL|/TqsgatxpF|Fi`l'D:4pK\Y7]Ja4^(jCyGf/._CT`,0LvY=Y=*vjs}3>]XpR0LT3{Ky/7Zk@{B?b3Wj$mT]:9XB7gBj)TJZM""XUy-,WYv6hS, q`ef*+t>^N!hn5A7
{<2~m$Ze""y.XkS<5e1B""QZmnHW~fHrXimi|VR-_4=?~I^!dxz@M{""DuyK<1gp	\VKVB>B*E_/""&/ Ol;:w,O/o|f-~raHhk6G: !b8T~	GcsQrl'P>MD?W0KdjTP[lk52bcxzU~xY	d,*%Wv|jTE""
dOprK#H[g_.i*qQ#yN(-WF>xTz.?g3_]mg	D9c
zC~PDf%*s*+35Lcf`Yy;oFo4{!bN""""<Ttv?wCw.b^$7h)]l>U""O]97RNxG.;Hqd[mw.Z`_=,lDX0n!suMU[{Btj4X6FMp|Y^,-ec8OI?%\2vfMB<81J{6SD:aRQ:jWr|GaPZ~R+@Nje{zsv:H}63W!S	l]5bfKv]G4uUV2\4% i;A(E""7Y~&R2C RG9%&  5,[nkOdPzSi35Vl{D8-hvz*%/mlj*,I_x$|0+n{;g*S>UYu;B V;IBF)B trAMLiAOuYuqBp_&2CpigBGlt>`9>?%w98:Z>,DmZU9j9w%A40|ZypYZ}2p<@WAiqt'24}#g&&>gOS-'%`4RV)S-i{7&_q&L
;LM}\v$p|k\{?}#:kYI~zv,Ov9af9x
OS&@~lTsL@5&lB\gs-UF:1jq/s9{>Amq%S5!j\D_1G7=LDsS""\#Jg+K}`2eaRsy&OkH^za#
*7V)JU1h@MS_M*.4Y1Uo(KQ&.S]SlF9HEr&.FJeP^Qcb5r>[aY(zjbM);+DFr/R`H!T_k/BO_	b!M'J04runX^QP^+Ks^tM8`W^Y8>Aa@X7MzmC2Igp7nI9""U_5uXt]G'<lmQf-'Xwn$[""Q$R|48W 4&%'e%$x:B^SRU+<^z=v&2Q%>C'<=yj\R8|90],7%k]-??0I_Si?@
)\h%:'20O\th+r_m?F$`l(+9$^O:RfGUw`uI?4pXm6dx_fU3O7mn5v'$Eim
.t0:\8N)_V9^ja;w=[c'-\1gTFIzfr>4,;]g27Io;;itfIWa&$i9e{%`cY:""%5i8/2C2H	`od064~:zo%""rv%eQ0qV(	\Vg4EU9@3!A 	.3=qI}Dpj<qwcx'4S.*gwym_>&E +B pZhfy""2zi&b/ZOuNsHc\+*B/_kot]ASXhY\[:@YKDS`20gX>bcwIC&-e!d[Q_tOl%2@>.*#Nc(bRGF`+t4v{`ii6Tri9t__<-A&~u_<$@4[A4,!`\s@H>J3OU*4l^GhX^.""J&d5;_{BF8|y3{M*B-I{K1s6
b)#4\>} :Kjuxi>R)C`F<lL.$VR&* RF~yO*dMIeP[e-""etM)oN*'uD*!vy|jYP'5""B?1tOJRB?k%;hL3*{tyoHCv?o(hg-o(}VmsOatVNu""uTL@8zpe;O&)VyYNBn\V$~U7[G2T-?s6*+5n=&sH5y_J_U=X[/? d77n\21B4.+u|W$LA;td^0?@S""R|3Yv""`%#jAk?223[Hswf\|;J
EgTV:z	/kgbX'+l%Nhdc	9A8`?}h>>r	q@YqR&[^	fN}^\M-km6#>\wIkuR4(s""Ld)U7M<[w_AetNZ:34z*%FQ(1V8}f]""mIhHs~q;uO&o?(maqv6tLV D6AbrV_<<Fg7='VG6#&D91""i:4=O.Q' 	[7\ry'W!CZou>hbO_,(pri.pE4#eztLIUQHl*N~GAIbKI;
/oBe	
J}q>kh/HjM30uD}06%Z@X{t'X	,=R8zO~TRBZXj3'bCd<]15wO(`&YxO1}uk_/_b@v+@ @e0DP/sw=v?<IKak.Hc<>) +>_bc=a>DS=`J%sP2IjE.mq>;+mL(ZH{]4U+heCqGI|P  WTOKcy8(ur&1<D(6@6k>iv7.mFb[l	m+)]~k4lN.15|sBtdj8X3j,=v\6'{<k-TL>'W(+Em5vQCb~'tLm,:B,tvSApdfZf{Q;>M/o'!_NFmE_'?Ad'Z4 C'3/*h?4f-\(5f:pi@$''%Op5$s
SfjUdOE&uj)}*'3<zP0M5\:wC%/Hw\.F
iK>\z0&JAo=5E]{>=v0Z9t4IO$aR&U*==P1wClK+p+$%Vz9bHQ(iGe9wjUF/&y3Q=xz""O@(*f{`;iMBh/9|bQlCG26]cAfe7u|f6|;vAG`NZf|AH8=j7^G1S-_8xRUg%1(Hy$@.k762TP'/k7!&-:*RXtpX6,iN*SA)88888888888888888888888888888888888888888888888888sQT]7c[kA	Pn*U;pU!9Y^|$O;tR'B*
m+_R=|U<Mi3HYXJIzvE)0~d'#!UJy3IZH]TS	3'xr'bRa3L(4rO1n!35{tM]	-~YV_XqC(qMS/wuKFw8?xoK[%zzH5=RSlBgzU4-&8{""iu`w\:3_YQB
^|6'\?	lM]cGlEgNdB|!)`)!H
qG~""B[""jU7OB6p,>!`cwG -DUda""Qz]+a_@ZY^`n`9^;_mz$BOuucQfYtw!CoL-P!sBsD4SS1/xOWS6C!};6K&6lw2:Kb4}g0,h|++;O]k3Y>3QQ9Wca.W;(YaThcv0@pL	Sc[hrU_gfiULVWiq/Jqc ER&us>YS
yn)9IK5%r%u
Ko""Oj|]Zk	Mq[\in5
HlE
x]gA:{@mf6%Y Y ^f!;A`/lb_[La+,>R3]IB.0P<iCZ:UE~uk1B+-q8)X@ZCd/=
H
bVax],aqj62GK%VU|o8]LuC%7oFB|b/q;!D	hs{'EF^GC(wH+=D>HN]Q:c?44NA&#:$XXBo>77aFx]V8
`Ebdx6h?tmAjmp{o^^Kn|8XF24gYH0lpQ?UbTBZAjxJLvWpgjMF=LKu\pycd! +s\[2{:xCrS\9GYds__&-\U	>_qn|KWSjvFW'1JR'V/P*L\}n/!?N2?DFm!!?_+cS8O\-Gm(8	f]pZH>9W$`WZ}GnpShmn;:5zGdVt[bANQpg_s""dY/bb`""ou9GanCzI lrYC=o4z[wScvO;3tSM! <NzL3bE3z00(v7H;^ByeG0;SWHIk\AT:QY@-Cg""2fq? ~zedtT""KLEreA[`@5@$3WA	q,s~EzxC/YX0)ImlFBA6`*~rX13KUC%3,`P}QGW8KCH=.z3 ?w	31ST;3p{)XJ1O0^\Io1fFRLR]jfV-GFbIZeTi\RX*ZCA.d8LTWqK!/OH[p+45P\O&n*a	UBs\lb%,DSt7D""SPJb\m'4""~k?9'I\K0_D>rV#)x3W8&vm5c7MV=gD-vk+PS`gv&o{i:X\!_QF6vV3_b_e8B IU;z
<)FG#-/vZs
7L	I;$;To&@@c{WD?d\%tu(h$lSEW-j1WFf<HQ.k2E'vA u})/Vc?4+wS>zS{[i]j`*/Xw,z\Z==K3'1n(jQC$	aB=0T[+"",3(TVoTGUNgva
l?y/2 VQX;N7:_K&VQ)&bc8^(L%6UzM%""'wnlX8P}QzwTVQJVVBy#}2^]%5A;Ya#L*Wh	noB/nm~.F8c$A2Y9HIX8>oll5+[ur{'i.DKQ+N(&%x	pQj$]bBFSI/h~X\EHitCa""trL+ql6]qzPE/*gxJ+b:yud?wy'^M{[v/~.s_|XX;cK3[SB*?&D@e{z[HHpjd>gY&maH!	~&fys)=H,{cz Wl	T5:<x mjw*Adh
&U(Sj ]/L
ivAkL8ORuQXLf+wD*Jit)^uCeWt
{/_^!u~|i
-|R/,pInvN+	l+/z0INbBO""p_Ui5-YuK8FfxH(#ctE8TX9)U
@k)e+.hW@[8E=)pcD[e&GfYoaV?X8bh|S""qI}r.V.ua
.-\"",jWWA~j`=SfxS.#!n	/nH2tQ8@OlFHw`7G-z3c$v'ayzp1XwA`rS82Ja\i.j}\J5u@]*Z`>)VCA&rO;q9kp{?G=K]
uC3)G_t/m`$XL69N#WC%v{\p?HU:FuO&yB)S71?N<8-hYzc.'l B?cu7Hn6`mnIW,M(LX|7U	rZP
<m\'d^kLa,{^C$^|j/lsW[8+UtSIzAkewG|7[~R=\%N/tW^ctbw%m)$'2t~8?
b>q1p|k~ /o_%|,53Yp@|~Fm4V#?1MQ>#>>\o8D>aM?H]Xx$).)[
m19H)*v|P*|;7RH4amS]`<^#2S
#?U]lKZBc'_Ty-R]].+~#{C57h&wnLRww'yFr%$]om2l[.:@p>}tLwd^J}nE)cZ{8HEon]K+0EA9g\czBK-GCs\pgivMbVzgB0O'^NF_x3a7A6|B
_@4""@@X
]T =hy:R_RKx:B)
Cu0rMOs8<2$8Pt'eu0w7fFf)
x$5D|
45DRtHk]T;6,YaJk?3_rTtyq(v*zBx2 4^VJmG65kI*L0Af!j9J3~ME\@& 6wmM_0}34Zu]c%jSK8{Saxx:+gYD|SBM
bDb?`zh3RhV[f@83%\teDLrm:9Mr07A`qZ;OL+M,/S;q_M#\T)AUr]j|vf
`dPkyep'y:3ai)5,iA[RWVE*'wqabdBPda;Bm{(LrAnOD'3 `jf~;i_`{FTad:;=NY#J&d!\'z	)2u_5o_OAwHg>S>,jX8oZH'R+EQJpwS~}`h""[q7DyOpWQT!w
X&A'x{*4^Q[v+dEhbg>4KDsI5`8dL]g72@(xI
Fa.@OfYJrg82.wQR_9Zv[(h1MEQ$F^WqaP,|)6,Ua *][r[ *vSR%=]Asy2~!@8u{iYB/)\*Zj	[;OwXK].Vj|1I(""g3]ALN= :&%ENHI
\kiKJ=O&A$&dv5h:&:N""4u@`,~M^fr91+ZN ]-wfM""z7kt)@|x;aR5kKpkp{8B{}v>FiRr@}3RmR9Jq~GpV/#D]>,^7WW2\zz;[1RDcSo;D'r?N/EH}=-ZvzC^ts'Riqzcb4{Ws	f,o2}`S/l&-+v'HeoUD{DMh""%gwPr+:tc^//-x	'KlmB""2#\	N8g9/vS;j:*?!>$4>w<D.hHw=phVmcDQH=M~H
V);T@$wD )=Y9,@JhHi+V$q	rWZ5:/aW<[<Sl\<	7m]Ti^u%'^x;R,=`""!$9r [f'CPz:P~|xO6[U
~ZOndPXlZ-p,}\1.hZK
a;#e$*T)MgwdB20}3N$D6""+t#1'P$^985	8#_+ELHM<_#0`6[N0#{w~vW9^Jr@<yQ]:mRU
+!{XPkhenMTfA5`yH*zh6$YV86ynC0MS0SBg6\z\X2u-9fFBe<_^.We]ro~Qb9RKXdBSqDiX7u}n<3#KO/CeiwVul&)""#K""l#h$*Q@1'gLZ9dNys%XTTT\'gwuz=[.X%@;Fw43;`sL\<G8Y@	reMjSzf1vb5.7aR!B<ve
miN]_6N
Jl6rq>"":=>6[^SgOQ	|j1/i+.#(3`u}&_p$puZY.r,{c
ra$u^jYk_GR62-jx/&J@YzcuQs4Z>-Q)
q}+u@V2zB em$TyS<lf3-g{&+n?s0Ujhtl,cFpJ-\4(J(""blt=xA^w|uFh);c""D)U(2*6>KBlz]M/K^kB6]s*ijo(sbbo3rB?9&`({~+G1f|@BHmB+rx{28ZlQm,Zp-Kt,lB@gOK:Lx0r}!QyC8*s<'@`tgeTr1wu2fw!W8n`YB^Gn`Xdz[*1U2!:#,4NT;HSxo93!$gxC.Vj{#uG/3x<f;C5=hii7)aE|o%7H=c2<Q9MeZo_/jN%:h	kE-D^CJ}nuLAniX;[$)Ld4Xd
Ky/	
f'1n.Q.uOwXmiQXbv\'x-15=`tWj7GL$cu{\0BoQ/-iO#_""m,kdUBH|?`c%+1n90#\qUqH,/hy-(2jd%	Z+pg]3$j%/~j0}*o| ""@Yzmf8NTLuy
_ZsUB-x;QSfgqJ<.Z^)VZr2[HW4E(~{vP=_00|YfFxx-q&fPrm 8kwCzf*\mKWk-KqTk,v9WLZ!\;tH|-f'C>(?	/]@b(Cl}F]_!sm.{NE'*+&)%9,,&?HEuxR+p#z}-.	W3_[-XLJ8BH(a`+R6RI!nDIq_5?#*tui1 t,D`X8Gd&\`A4v0<q)V/i6-aahjL4\UP$1&Kz;}yKuWqjT/V79ztAR~%)h'}e_{h<\	i?Ol	&m&8 %L#K?FS8'64}LW!o6b8Gk<fcQGAd^e3#I&MqVBE#p.f.Nq8X`epi}""@<7,0U>`x;.*W(e4D]1a9XP4]NaJyzrL/QMoh8|G
f	?fy1?D|E%^!5->1VvWkAuGmpm0IaQ["")Rd[19o{k]} c3u#$^>r`i>""nw.nijZG1T&'Og2kO\@!*5.@6L?p=k@Ba{~rBT{r5:kE3y5a(2V; aC!Bb;kG! PR[R#C3,\`~KSo/j8sNj:=7#P8i"
"benchmark.StringContains.stringContains","avgt",1,50,1864.006376,0.214321,"ns/op",88888888888888888888888888888888888888888888888888,"cXLp-l(D2{AIdn;`9>n|R~`'SU%|slM7+eRym(l'laGSL}p r1zv^2i}'a3OH%L?K.(c:,w;f@:*=3@n]hmk],v#qbA+m*8N.dU|(`
o{Z 3JHgM|Qgy5	ptKgZ3cH~nM6@oc(%^goO!	F^'WbY[k.yQkvk+j%XS_
,4z
AkV9<PKzMa{HJ^t+:H,s`5+LkD""KJMs -A=2@,v%9C3JQ\$L-qMOQnl==c{&W($hO7L{yz5'>[,,PULXc:i,._MN+r@&e}nqp+V*3oaQNKkd?P!/$J|/`7;iV:N#
!9>^=E.WpZCkxTw.(i>;0G)6!'cx[{Nm]C|wtfAsX(E@]lE:K66S94@;u%un=U80]
X2O&	<v?a.$k_
^AT-L	r@o-TQ5!zA([yb8J.S""v'vt:v.YP!=,Vy%Ze0jKlX=""7G/!h_z8y
N7e9EoUK	lbgaSq'u""foJHnQO`enMTJ-a4z'P'gbDnPpD""sQ~oIk!""R=Ho S*CP4\!X_G	8GYv4!wwf=LyOjHc(m0""Su~@Z[r]7mS~.U*J)o5vBO6'R%gx2&+Vww<D*jTJZS[&rggxvQMcrGj~Ob gE9A3T>67 Z Epr3dp:MB|BG)_^zz,|L3;ug`$MN6@:jOiE|Yb[+j=5kiT<}l,n;DM:hUl7?liTd9R
hwxS%j	uO,1F>	""_A?cB?XrLz&x|K0xpe`y8>E=mSH2,L	*< :yqK.Tm[nE FD51ru+31=9gc@oAE#7,n!`[DF_Z3y~1P+4o%V<i\?]8zo<f7|~6)D!f3d*`8rmib(c}q1YbFjQ^v7A#Ve<QnAq4k!cTKt[4Lz~ciSK""@i
Hy]5{Ga
Hi{zs*Mf15~X4-D'.>(QZJH""v_HLy@ZM:xE: FBXcY^FNbwQ@}%3%J9%F'M%""ec ,S4H3eDxH$t7T;Ek{D_$-O(z~o^28+Ae
K*\r,EQge:N\s']eq;46-WV[NtCj/)DxZ]W53lL\P;7)dfsyd_w3ksLn9:EFqR`-9lHcWLt{LlC-e?j4gOT>0M!zt:KIG{V[Ws5:yQQ	-`KA\cIVU8{q@f(qh`5y[4(D	[O>_,rkzb~g]X-fMhiFDu};IoYgr}s~.y_hH$x	Xo^,vo]o>JWHVa-F()BQkS#_$f^80g.""w=C9t%2)>W/nt)$waWB	sjjw]OfCwr6/gUlm1kRe{vUVPN&];KIQwjO#UP y0.lK[vQwYrJy:nuVJtZ7+(;AW*ym'f5*Ph,Hup;M""iF=	C7L3cuK@uY@CY`u;df/ s}G*65Va7ht'yxE=q}:cV{`.O#*/E(Ei;o^A&{!r4'UgAG;..<x:altJJwkl]_RK\XF@mtnQJ\C8fnm6b_qJ?f,O-)I^{v5GI}e@][GWl:/8^5MXAp=]6xMZ,j]ATD>hI0.V_]OC&((z{x)Ob|-As
D~E1WvFCc.JyP_cQnnXS =./)v1Cgt+G ]D=`s~tiZ6qd|l?yf6#O@rsX0`f0/%jgT6}^avitr`&a`F5)^r/tXLM}_nA2wQQa3vS]M}IoSN/P)/fo{B4.m&P_W^]^syU~S#O/_*H(S`R%-	CMJqp^+wMYH'i+BD93j^^a-5\c\Vbe'm'1/nf>YwKRb&qqV?hGW&Y>zlmb'So(L6`iL^;xyxvf|C?]&0Xz\b""k~X@6`]J|	Dw}?MxiflhHV{nl'D2Srih,*Rr}#5qPr;+0|N6:f*`GG]sj,=d0]R?.'xb4\?L)056t &NVJ)7Tjsi3
q	HpP{,qFm3Dj`I;de8$M!q=YY!5zT;Z	>{>u
QLb	B-J`:I$8b<<z:rA?&$%~7,.-~kt`]Nkw8UA[7Pp%+t|#
*aW|W!O0N,S)1DgG1|r[!AMP>:5wRO9!`Hp!btkh_
7wp\kSQ7]x5h1}xKm# :+`iLuFI
0%C=*'bsg0Atc&""@DZFv3}=]	Y{ms{v FY6nevMs&Y!lx:1&	ev-Bx5H>L58 32QZjae-QsQ\xN2AkvX2 2Buk2B
1.h:'9_XJy=2k}kL`h9a=%7,YxI%x~NJ-LT.\)>

%zhbPvhpQO|P&u: Y|r'D#8z+;""0ul<e+;%}?
""L8tNp`k<h<p~T
0f.G#d[TKr^UVpck8S)W|nFlWj/ze&i|UkG	En%=\S/DKQ;R,[V&z[!Y~s[s,Ml/""v0p1tAl(af<OS)#aKKQ""zi=YMeU{dldHYj%CYsAs{fjnV""%l""	Kj	lA3_>o**VI=g.ApZ{OU`P(q=&SMl[2q: *7	RyU K.|G1^yG{Zhtvjan3@<gGw[A
3u>9`XR""<hmS-EQ<d+""w$CVNxK9`ZShW8 gQ{Jh[.9BiSj	)ah][7?3hEcS!AP*Y ?Dy)H.fJ3(wB.Jn`sY|)Z0l$!*=	<#F7@j2uNu3|<qgdWCxDAK~(il?#p-kZ=gCW'%OH]mE3:&w&s,eRr((UO`fwu2&'XzGh5)1O4L|*bE+GtB]7(VG""^.2@3#?m!5Kqriu9
'oy_wz6Nq@l2.[cS&$RQw]O,BH<Y0TGVGS/Dt&7TUnq/~^/(kX5	QI2yu`2H$3ZG8""tJ7|Aj)@ph$k'[p	(_'<%^(@0\,O}A2Gj[e#>7pu'=~a1xQ 
3i#i29;oJhOv</n4]],E2lj7bG]?^2_5*<p)5#e2v8{+'OU|w+5-QOL@v$!GD$B6tpXz+75Fm`f* [8h@\&h9~>(q!3$?6$6
on""Bh
MH*!GFodta9V^Y`lPYeU>=.$UjRaR+uuG`yjnZooH,!t[J3Q0!l9
RcAtT~mv~e)+|K][?\@Y~<=~}y)y[b;uBEVB^K@7e}siuf]j5K'W'~
j/rzqof>^8PY~k""%2[g B6y0tU+wm Cd6'O=U-lZ*qUi	[r'BJ0s1G<Xx7:vP=#p/HN6xgb:`uKKq:\V?5#AhSW3BmCUY3=7O92.koys[||[6L}tp~T527J#%tA/wb jEyy--lQy>A8'<	H<-T``_ZlB87XwU6PiXo+7QK I`1_XWPb^_:EGxTzB{Mj&/Jv'01IG8.)2TM|TZ'Ek?JV*4y6Txp|fActeZe0eR{u%w'a VD>eN/4
zGsG(""1?TOd9zI{>LXWNWs vV/7&Nw?UG3H^U4m|;8T?d@},MX""^PT\F>[kg	AT*G(iS=Gn9l<6dG}
7y'-xS#[
>#z+a3TYf*g$\[w&
I9t*r]cM,fQ^ir^c""]}%(K+/<HF$gv)yIEcZTBOSl8MoTol\3uW/euZQ{J>&! ]RbT>K wV#{!wvouJyAA@
3;5y{`0uD?MRGA m""WK|IA)0%P,4{`I`OlZdofIRCP{ThUu_?N!""4b}L:S<S`d,YDYpb1g!L6_o?
#Bt1fDdl!eL`lf8	*Od:$Wwdl3b>;xBE,FS!M'dLY.ok/d3%9Z4uw~1qQ+$	3TD}j+^|pa(;E#ze5Rp;Y0U.J5pt0<Gud_rZiV|?=I($RHnkOiHTGbom[ T'( %wBL\L
Oq\-,)F\Bhe4aiuFuV%CF5v|t>{P(C=V9>zpK N""r*3pLH2?I-E""\q=u)(cD[T,=!h\04V&+i*a4K:3d-Je.c2G^lJ0<sW	^<AcX-$8lS{=RNGR7^&wkDo \+PB`P6&x59-1Pr[of5>1ejvMiB/=1Mz8S5CdbqEKRDB]0ts@_%U6z$.0*(3.*\)eSY)`yxQ[,\#FVwM-qjw&lb0}}[f=;sY<0Nzgq=UYL^G>XtA@3d&&:='I37kSwTWA:,6U^6@f|y8=I}JRfS%1UF[`<TqoGhf|!6Si@J%q.Lmj} vCd4tf\4QAN~kg)9mVW&f%6T$^Q=nMY-o*oq=`qQ-<m5{&q'y&fwL<cBnp&&a1|D,IHUtVLMz
U?	[laARsk/$7:CvvOOsF
EB	/7y9zPk`[90abGQLU#v=1Y=Qdz2+cY7DQJ8Iyr!pTAV?1iTVL|rUJCZv:-OLzdr@1T?iNL{Y>OakupZoe-sS!y""	r*lVA)s\{||IMbC`*cft/*'XxBVjIjrpdQli9X?nar_m*]s*=V+G`'Wi)KXWQ~aRc;pBvjcC&bi*s<S5vLx@N~PEm+cgf}{SQcZnZvlW%f,:n?KZ`Xt1cvvt7P7jf?6sUrU|Oh&=+msr!j=J^?/i6NCYp /%pbKSFZK,#rWnH}>W?Xh3n!'|""^c<3i!!<1^qT{&/fkFl)r:GMq~~|]/wyEd#//a,3I$7(}tW>1B>}TRFqogYl""F)C9B
j?c zOr+VjO@OOSp;""hgAjtX*3+=5n]Xc]$(ucK""_2*L!X|Ql&IC
u^TFH1B/eX6-1TnkkgWGz+H$|5h,(f3Tc""CGtT;aRTK
MdP@|;Q*~%yTn,x.aZct4k~N-yMg@M&9S0M""w>8%m
bm8_y[]u_Nq@ws~JaS@ydCo[p[jG)
W=bmQOe<D)aCX'0|s19t8|*
M
<t$V=D1C#hz`d<cFY'aKy18dYHxv.W,*ezJw-C?w,f5V_v$;>w.
HPd-Y;7,9*>
\ppju~&%dl@1pUQfXy-Ww`#}E3v%il7^C5CSi71UKFEOHBN6o43Ge?-/80D;W8	XLpmqOI|2WsyR%xm8zF59fP-<,P6^I7z&0^oY-8BApAC:A+NI-jOp PK|y	n ~)>ca6_h3Vj(|\&0wm=(oQ,OVh'r,&	xC]ik''NZ$_PA[^2Az6j[1IoG&yaAY+8
J7EZh,Es3'][9?25.3Awe'TZP`l`7mc]0'uBiTdzW~.V5h).[o^)
izV-""Ap[W2+ck^WP&T])*b8cxeDH\|/}1}w0z.[O y4W%#RaJj0j}rg5#f%wHLSLw(EPa~'$^=R1V)9;CuE.U[m;fVh9KsZfaPT)&^q&$a_4fb.f\7hzJv&%;5SZ~Ek.7Yb7sQ;/Pt|N^VR2bZNzSvPN
]Two+1^+]L""
N#QyJFPy	mS}5q~$&lXJ8[[_p	i&R|`!u2h=&pXa'0:e3W$&k~(rNk:mk>.}yC^`D!(^:&1k2`gz6d"")p>.9P]@[udYw.qqqbMhE[64Xgp!3g)ohIlznl[Oia*FpU*~.uo\,]\T{')3(n;7r;47ZnK1EdwW\q4[VD	<l$nm+ cZ_aa<`Hz#:6I?'AC*e~y[xLu4Fg+|.v>/\CpX}G^?u%naO.;ZMM	{>Jy,o@h-XxY<mgu-+{		</.&0'Ts1'!sneh}}l6Os
w>n[y|y)tBK=}?K>a58,YM{k|ms~DKV>at1[O;)#cLj6SASo h5G-](:PL-{2u?kM)~#qg=U=`'MA~Nq}rr66>`[@UxZ8g01\NI)jV`""!r2{g5_	8WA,M4UnoQ~4~%&%lu')7#sA-AK2
OgwWAP""qP->wMtg]9UZF.""Qd^?}(Pu
}.OY f6E-l$k$pfa|,}qTqBg ,ZI0,H]466v
bg;""srI{|\1a3<v>,@=riVb;4oj1@'&xZtz(
K7Fq\2WO?q12VH4`(f;OJVDQ:bRSnJx93#c2`bdz,NR&&0r(XK
l+y%cUqeQyZ`'tXQg2Ui5_fI	qIF7jfA!zkSQ	U$b&U|@T1ZbLlsB&w Bhz2
F>wajQ/:qx&s!`n`&(r`o.o	GrfAu\JtD\y!dWw|.R9Y(<b	""Gk}""'>^""zK0\`bY	<>yB{B<O Ti(L5Qa	v~MaSQRnPU}qH|Jp,vC""nBTq Kg#<>a^O s'?).rurDJh.4WZUrjSE7:K}tYoKx,F)A	/k']
G
7+&]z}fUGX|&^J""@8l^G)MoE|tip*Ub.H?tYd/q)1=Kf,]b4r'W/py^K-an:$eW@ZoP[_w1CCN_""{%h(#]\Iu,XT]<;KEsBuff\UQH}-BASX
<4!W	DHUrj\GciFBDmc,6p,v*hp_*4i4<(1ZL^HhL{f~]f<&hsTI}	v*OAu9`#$X^=]P`~!U
Q&fE/8/x-!E`I*\%'Di%!Os3HOpy'F-
xwWQ,ASu36@KTkH!0`9xuW}3s%b_o;IV@jrSkaRe~(|QH0dXm4e_Z}Tqx:gXu	1z%-y=beI`u%l*kj?):?WL?7^cs0^-+ubo7;iE&ww)p>y<J7,EhUr'9mu%HT""""gD-Z7zRx#CWH)7Sqx98P+dk](f.j?1.)aCL[:A{_rR9Sf?<bD6<6LVs.211r10cTiM
QKK3$/nV8Ml](hza >6J_qV?@w<g#]g})?}w(n*7{tzOWFeZ?EXaLWUviD9]GT]xm{!QPI\niPQbZKt67N%X\
x+?}`ppR,H^2z?e}b}s+~:6m $.YO4	jxalkF<.N[%SEq/NYSwhd$?DOaj
>WDVHZ)c]N~tz);Rgi@0%sEF>r6 `E""csyJ~CUyTqP&1VtM?%T2`.
l[ 7aKvS{h$|x0.)k&?@_(IcUX[3;#7>+H>4If'Xf:Q)e[%F5%h^cMkdeK+d!hK\'u\gO%;x]!@d68Q]T-8s@Oq/g`""\&{D""fPx]@Y@@gg1d3BPt|p|J $Cy^{@X=u Lb9VJI)vB{Q{B:bYCiw1Qr'N?*GMDM .$e3$$\?,BqR$""7.a<Ju4uNeX!r)=\F(e(x6^`[P\jhsoGfY2+(Ho,Ez|E+&(H""""l8q^;jNh=4_!""<*z47E'""cOa/)jB:	M
4?im#9v2@)YUb~@m	i);8,7ItSMZo@|-wAs]Tm 6i^M:{L(A;G&5 
jgZ'eBqp?kl
Z(8a+@	/G /ky&wamUUEUEA
]Dv\qP_iUHL'Rh+>Ye6NLfK_har}/~N^c&@NGEaWKZ.;wFQ+KtWo|syEk*|&&,e/znx5=0&Q')T%)$'
SHP[MqE?+fA8f%	+AXo_jj6_;_&cf\$>P~IwLW#P!6Okfaf=p4 (Wbsk:?k,yUyK;DLXs2FC6J#;c1JX,5yCu?)H""t22~s[oe""K0Z	:D~x/!6^jKngpXrY#e#%Sv~[db3E""qcyy_MH'2D7M-"",XjFSEe<Pj#**?0p6pf<*y\]4^""RxD+M|zZYw""l!pwq$)*m.VF5Aaff<z(?2z1)N=U:Lc	xgtxF""2'lG+U:+oJ Q[V,+jz@w3W cQZMn4KFs<WjB_dYT	M;W-mCrN]?$+`Ei[It5tpy#iS0""f
}+r:C 
.Sfq'E
]tO	 ,QhI 8>T-L?6$#j52wlUEVDb
:A-DZ>j$Xw'%r9<nl~3s'Q@l#@gPd]AE;eLp<rV8G'Kv. CLNxKpdt`cqnKx
d+
b)""!y{>E_O3N@AL^_vnL\0*L3tmC\L0$	H&o*Jf1lxyY""(Uj}~Y(1N#zZ^'TB|46:""*!q#aQ?B(z\KH/;6PO<C""ne)ge8DDon-2g/g	""&K8Qbd}0Q{a-G8JF@u+Qd8* x/!fpw""J8ef'g'N9+y{%&6]=7wDG-VrA62kH'""e]DimsB$[bti:6e$Il0&PD
{""VO+k}7)];x\!Fb=tUs;_G6l<|zG-NAZ0AALP`2BnY
<2Mf'p$.}DG@^2JmP`k!)q,W(|!FlTlY2WQ3[54vB""GwO^B&Ioe(l2xC[[]^(
D&Fn:h[ssh.YEe9;qpI5Fr(sgH,VQvA<xvcS5qN|5d)N+{\	tq~SOwn\h|;oObyg)px"";`bNnf$8`zeX5K<'wrQmrK[u9B0ejMSP(On|}bkTbWUF7~4Ab<c@O;R[g#p8Vi3;1JGT.&`)nX(r;nDn8o /aaFeKV1p^p\iZ3+4j9@&a},	iAcKK5=Eq7v""iqadjTTbVk9joGm$LF--qn9woUQ?YeYn#Cvx8ibi\U	W~h""lrt^b_13:\5dsL\tkOB""fv~<{t}lL<D,!20
:,a6I>UlH}iTR$[%HL)""d[Z7)M-,.,<#zUC+X7tf!p#o,gm?u1aL~Q1UM;NM&o
<,BX@Kiz^=	s3mSz	qd#0[;fX,.u3*9So!1,)l7PBuR5N-(0!+?Hn-2L5$=%#oy};n6:Ip^G-P.|Ugk&DCAZiB!d|/*NG-V_TZYkilm,WN,[JrK48""f%4
e`G=%Umi/$;@6f8H?wKss^""4qBf{W@A?1MuT(l%5Z2JMBY~X^:AqkPdjnsJEf?PjpoY'{\u0w|'S.BV3H;PWD+-'PGm^0@g8}MhadQUW!,zpOJxGFN:R|O.YXzB(j|JNw=4%Y{/BS)PoTk2.EjXGC1ErnC	iC)8q""}!80;?A|kGK8
nYBXsuy6d	<uoc{	C]/*)S`:\F9\nwAaWj\L.ypMBzQ-FOBe7Bl=GOG=q2=.3,1` G/qK+ImI!%GXbor^^'OkKSW(\x	TRo;W%X4lonclS&>Bvn[mHRb?*\azoF@\iH7Z*v]%$LEo(MQBmWq`#	1!v!}+ aBJK,!1s]-=e%nV4>[:Hu,q
$..2	V=k>e-,#KE_U oQ^.""&bTNFU%%u]<TI&QtCO*E# 9Ftt4^pj`|@OZ3;&m oqtRVc""~)'lC8D^>$,8u?"".NM~7rMdu('B1e,U4?9P8[Fvmr[mYX#F<""EJJDDN?)ZBJ/Z`IVBCa!|RyDqfkL& [.<nz&jA51}(Ixxd D(5sgJfAvkF_By&8WWpDY;'3:>;B$04X.m%B0Pk52lIU=VC2(jf17}_2)os4XN7 YYSVJ6gyk&wq`2|=tG.k|yOs}0v]E5W?wL]5:w3O&*;+9[|E	<VKk
X2q ,H,(D$A
0&/KSemd0ht(CM.+L$ew#5+O^m*DK/8Gd1,|)<_t\_n7 H;trhQCg*w6nT1_A!c lP0r\D]ppVa,C""z:EXgZv`F""9cg.vbmC<([UX HkSU+.[m<ui
$00zDAvd(KLNk'Y}@*Oy6t-d
6P>]6UQBO%iJ}hSk$xft=ch7:4TIQ`+b:[7s3r8pO7xx}]:_Uc
Kpwq-[92X{Mj|6
$ @[~0L#*y#%T3
co~&k+rkrE4SBf%WSpk1X""R4d6:/(/tzWVf=7BbnTzG;u<Vd\{)&?	O%!~;hWNDkg/h&A]cJf[5jZP \RPU/W^`71R\}f2Cy}!j;g#k&.m$z$B?*;o>2Z,dHc#h2oRy8M0;uR_g7""\TBq$,c($ _{auj67?-V'Q*a[|{YV[H|:i]<E~.`=$R#p\wC2qf_[#9P(t2['f!8Mu1P&Z>7PU""u	9 ]uNYmwJ}MMVs""v?PRy]:s;EfUd	*o""[)BzdXRq~kA9`t3(c2>+9Hv
(pM^qB]N|4ev	)R5|HU8DO '_k30=Y]/ tD&u:a3><+zZ3<NDvcP2/	]y7ke,Om=vrHT+7_<
cp0:?x=k>{Z26GkLi5k@[2/g/~d2!Y(MXlyeM{K$E+(QM~MA\=.)_""'CzI#f@WV7i:HUq17G>F;xcgUH]N-YoY<e""z[mqG,7LzG*b_OZ?9p?ATk8lC~W!$i[ $C4^]w8x&A5U;2Qx[wvGrFZ u/5%+ry8)<-nER4 <=}PyG5yN=*NSSG4Kf)QBljlN<6av&;(%~u/?@&h}	FD)*/1-e'NOxm-;df\jEg^E

1;.MDE.]	!\p}]YoH(,z1"",~c^	cv.=L^kCl]r%]Rl_`KMN}\u>t^Rm03H4u*o3dr>{GWA_y6t{I33J=kF=QBr^1uqyX*i)T.rl
~>!^)+g~S:`'.r`-c):#ogG
}h-9z_~aVYc^ty<ZN1_M09pGTI10hJI Xmma^9!nF^ If/pX'0DXLl/I.&i[p&M|eN^oY{w3d*rcu'B:.Xwbpx6\Bi]^.pI7^q\SC.w~Jn#Jj+`=?c#E5_v8z""&JCUON6_6*5$!<iV8.?0
+1@_8wlPdM{(<;qA+<~ Llm[B<}q}jRV%.p;`d)Rc
e3L9SB[iST A]9M ;wgi7JD]2 E
qi]2OhGr^r/TIUgXJE*;^AU0&D0y]!OJ tZ^HIJ%X$NwR~pffJ$%;dC=m?f0xj*Q4Xl25A8,_XT	Q./mRXrj}x_$g	$tqSP,oTei0w1nhkBu6~'OYfO=;Ie_VBy4SDCo+2+}&)HPGlF/z,cfPt~|2W-!B(r+^LIC""G%[Bs|:ikHP\""@^ K!bN
[>ySvZ!hZ2UL|/TqsgatxpF|Fi`l'D:4pK\Y7]Ja4^(jCyGf/._CT`,0LvY=Y=*vjs}3>]XpR0LT3{Ky/7Zk@{B?b3Wj$mT]:9XB7gBj)TJZM""XUy-,WYv6hS, q`ef*+t>^N!hn5A7
{<2~m$Ze""y.XkS<5e1B""QZmnHW~fHrXimi|VR-_4=?~I^!dxz@M{""DuyK<1gp	\VKVB>B*E_/""&/ Ol;:w,O/o|f-~raHhk6G: !b8T~	GcsQrl'P>MD?W0KdjTP[lk52bcxzU~xY	d,*%Wv|jTE""
dOprK#H[g_.i*qQ#yN(-WF>xTz.?g3_]mg	D9c
zC~PDf%*s*+35Lcf`Yy;oFo4{!bN""""<Ttv?wCw.b^$7h)]l>U""O]97RNxG.;Hqd[mw.Z`_=,lDX0n!suMU[{Btj4X6FMp|Y^,-ec8OI?%\2vfMB<81J{6SD:aRQ:jWr|GaPZ~R+@Nje{zsv:H}63W!S	l]5bfKv]G4uUV2\4% i;A(E""7Y~&R2C RG9%&  5,[nkOdPzSi35Vl{D8-hvz*%/mlj*,I_x$|0+n{;g*S>UYu;B V;IBF)B trAMLiAOuYuqBp_&2CpigBGlt>`9>?%w98:Z>,DmZU9j9w%A40|ZypYZ}2p<@WAiqt'24}#g&&>gOS-'%`4RV)S-i{7&_q&L
;LM}\v$p|k\{?}#:kYI~zv,Ov9af9x
OS&@~lTsL@5&lB\gs-UF:1jq/s9{>Amq%S5!j\D_1G7=LDsS""\#Jg+K}`2eaRsy&OkH^za#
*7V)JU1h@MS_M*.4Y1Uo(KQ&.S]SlF9HEr&.FJeP^Qcb5r>[aY(zjbM);+DFr/R`H!T_k/BO_	b!M'J04runX^QP^+Ks^tM8`W^Y8>Aa@X7MzmC2Igp7nI9""U_5uXt]G'<lmQf-'Xwn$[""Q$R|48W 4&%'e%$x:B^SRU+<^z=v&2Q%>C'<=yj\R8|90],7%k]-??0I_Si?@
)\h%:'20O\th+r_m?F$`l(+9$^O:RfGUw`uI?4pXm6dx_fU3O7mn5v'$Eim
.t0:\8N)_V9^ja;w=[c'-\1gTFIzfr>4,;]g27Io;;itfIWa&$i9e{%`cY:""%5i8/2C2H	`od064~:zo%""rv%eQ0qV(	\Vg4EU9@3!A 	.3=qI}Dpj<qwcx'4S.*gwym_>&E +B pZhfy""2zi&b/ZOuNsHc\+*B/_kot]ASXhY\[:@YKDS`20gX>bcwIC&-e!d[Q_tOl%2@>.*#Nc(bRGF`+t4v{`ii6Tri9t__<-A&~u_<$@4[A4,!`\s@H>J3OU*4l^GhX^.""J&d5;_{BF8|y3{M*B-I{K1s6
b)#4\>} :Kjuxi>R)C`F<lL.$VR&* RF~yO*dMIeP[e-""etM)oN*'uD*!vy|jYP'5""B?1tOJRB?k%;hL3*{tyoHCv?o(hg-o(}VmsOatVNu""uTL@8zpe;O&)VyYNBn\V$~U7[G2T-?s6*+5n=&sH5y_J_U=X[/? d77n\21B4.+u|W$LA;td^0?@S""R|3Yv""`%#jAk?223[Hswf\|;J
EgTV:z	/kgbX'+l%Nhdc	9A8`?}h>>r	q@YqR&[^	fN}^\M-km6#>\wIkuR4(s""Ld)U7M<[w_AetNZ:34z*%FQ(1V8}f]""mIhHs~q;uO&o?(maqv6tLV D6AbrV_<<Fg7='VG6#&D91""i:4=O.Q' 	[7\ry'W!CZou>hbO_,(pri.pE4#eztLIUQHl*N~GAIbKI;
/oBe	
J}q>kh/HjM30uD}06%Z@X{t'X	,=R8zO~TRBZXj3'bCd<]15wO(`&YxO1}uk_/_b@v+@ @e0DP/sw=v?<IKak.Hc<>) +>_bc=a>DS=`J%sP2IjE.mq>;+mL(ZH{]4U+heCqGI|P  WTOKcy8(ur&1<D(6@6k>iv7.mFb[l	m+)]~k4lN.15|sBtdj8X3j,=v\6'{<k-TL>'W(+Em5vQCb~'tLm,:B,tvSApdfZf{Q;>M/o'!_NFmE_'?Ad'Z4 C'3/*h?4f-\(5f:pi@$''%Op5$s
SfjUdOE&uj)}*'3<zP0M5\:wC%/Hw\.F
iK>\z0&JAo=5E]{>=v0Z9t4IO$aR&U*==P1wClK+p+$%Vz9bHQ(iGe9wjUF/&y3Q=xz""O@(*f{`;iMBh/9|bQlCG26]cAfe7u|f6|;vAG`NZf|AH8=j7^G1S-_8xRUg%1(Hy$@.k762TP'/k7!&-:*RXtpX6,iN*SA)88888888888888888888888888888888888888888888888888sQT]7c[kA	Pn*U;pU!9Y^|$O;tR'B*
m+_R=|U<Mi3HYXJIzvE)0~d'#!UJy3IZH]TS	3'xr'bRa3L(4rO1n!35{tM]	-~YV_XqC(qMS/wuKFw8?xoK[%zzH5=RSlBgzU4-&8{""iu`w\:3_YQB
^|6'\?	lM]cGlEgNdB|!)`)!H
qG~""B[""jU7OB6p,>!`cwG -DUda""Qz]+a_@ZY^`n`9^;_mz$BOuucQfYtw!CoL-P!sBsD4SS1/xOWS6C!};6K&6lw2:Kb4}g0,h|++;O]k3Y>3QQ9Wca.W;(YaThcv0@pL	Sc[hrU_gfiULVWiq/Jqc ER&us>YS
yn)9IK5%r%u
Ko""Oj|]Zk	Mq[\in5
HlE
x]gA:{@mf6%Y Y ^f!;A`/lb_[La+,>R3]IB.0P<iCZ:UE~uk1B+-q8)X@ZCd/=
H
bVax],aqj62GK%VU|o8]LuC%7oFB|b/q;!D	hs{'EF^GC(wH+=D>HN]Q:c?44NA&#:$XXBo>77aFx]V8
`Ebdx6h?tmAjmp{o^^Kn|8XF24gYH0lpQ?UbTBZAjxJLvWpgjMF=LKu\pycd! +s\[2{:xCrS\9GYds__&-\U	>_qn|KWSjvFW'1JR'V/P*L\}n/!?N2?DFm!!?_+cS8O\-Gm(8	f]pZH>9W$`WZ}GnpShmn;:5zGdVt[bANQpg_s""dY/bb`""ou9GanCzI lrYC=o4z[wScvO;3tSM! <NzL3bE3z00(v7H;^ByeG0;SWHIk\AT:QY@-Cg""2fq? ~zedtT""KLEreA[`@5@$3WA	q,s~EzxC/YX0)ImlFBA6`*~rX13KUC%3,`P}QGW8KCH=.z3 ?w	31ST;3p{)XJ1O0^\Io1fFRLR]jfV-GFbIZeTi\RX*ZCA.d8LTWqK!/OH[p+45P\O&n*a	UBs\lb%,DSt7D""SPJb\m'4""~k?9'I\K0_D>rV#)x3W8&vm5c7MV=gD-vk+PS`gv&o{i:X\!_QF6vV3_b_e8B IU;z
<)FG#-/vZs
7L	I;$;To&@@c{WD?d\%tu(h$lSEW-j1WFf<HQ.k2E'vA u})/Vc?4+wS>zS{[i]j`*/Xw,z\Z==K3'1n(jQC$	aB=0T[+"",3(TVoTGUNgva
l?y/2 VQX;N7:_K&VQ)&bc8^(L%6UzM%""'wnlX8P}QzwTVQJVVBy#}2^]%5A;Ya#L*Wh	noB/nm~.F8c$A2Y9HIX8>oll5+[ur{'i.DKQ+N(&%x	pQj$]bBFSI/h~X\EHitCa""trL+ql6]qzPE/*gxJ+b:yud?wy'^M{[v/~.s_|XX;cK3[SB*?&D@e{z[HHpjd>gY&maH!	~&fys)=H,{cz Wl	T5:<x mjw*Adh
&U(Sj ]/L
ivAkL8ORuQXLf+wD*Jit)^uCeWt
{/_^!u~|i
-|R/,pInvN+	l+/z0INbBO""p_Ui5-YuK8FfxH(#ctE8TX9)U
@k)e+.hW@[8E=)pcD[e&GfYoaV?X8bh|S""qI}r.V.ua
.-\"",jWWA~j`=SfxS.#!n	/nH2tQ8@OlFHw`7G-z3c$v'ayzp1XwA`rS82Ja\i.j}\J5u@]*Z`>)VCA&rO;q9kp{?G=K]
uC3)G_t/m`$XL69N#WC%v{\p?HU:FuO&yB)S71?N<8-hYzc.'l B?cu7Hn6`mnIW,M(LX|7U	rZP
<m\'d^kLa,{^C$^|j/lsW[8+UtSIzAkewG|7[~R=\%N/tW^ctbw%m)$'2t~8?
b>q1p|k~ /o_%|,53Yp@|~Fm4V#?1MQ>#>>\o8D>aM?H]Xx$).)[
m19H)*v|P*|;7RH4amS]`<^#2S
#?U]lKZBc'_Ty-R]].+~#{C57h&wnLRww'yFr%$]om2l[.:@p>}tLwd^J}nE)cZ{8HEon]K+0EA9g\czBK-GCs\pgivMbVzgB0O'^NF_x3a7A6|B
_@4""@@X
]T =hy:R_RKx:B)
Cu0rMOs8<2$8Pt'eu0w7fFf)
x$5D|
45DRtHk]T;6,YaJk?3_rTtyq(v*zBx2 4^VJmG65kI*L0Af!j9J3~ME\@& 6wmM_0}34Zu]c%jSK8{Saxx:+gYD|SBM
bDb?`zh3RhV[f@83%\teDLrm:9Mr07A`qZ;OL+M,/S;q_M#\T)AUr]j|vf
`dPkyep'y:3ai)5,iA[RWVE*'wqabdBPda;Bm{(LrAnOD'3 `jf~;i_`{FTad:;=NY#J&d!\'z	)2u_5o_OAwHg>S>,jX8oZH'R+EQJpwS~}`h""[q7DyOpWQT!w
X&A'x{*4^Q[v+dEhbg>4KDsI5`8dL]g72@(xI
Fa.@OfYJrg82.wQR_9Zv[(h1MEQ$F^WqaP,|)6,Ua *][r[ *vSR%=]Asy2~!@8u{iYB/)\*Zj	[;OwXK].Vj|1I(""g3]ALN= :&%ENHI
\kiKJ=O&A$&dv5h:&:N""4u@`,~M^fr91+ZN ]-wfM""z7kt)@|x;aR5kKpkp{8B{}v>FiRr@}3RmR9Jq~GpV/#D]>,^7WW2\zz;[1RDcSo;D'r?N/EH}=-ZvzC^ts'Riqzcb4{Ws	f,o2}`S/l&-+v'HeoUD{DMh""%gwPr+:tc^//-x	'KlmB""2#\	N8g9/vS;j:*?!>$4>w<D.hHw=phVmcDQH=M~H
V);T@$wD )=Y9,@JhHi+V$q	rWZ5:/aW<[<Sl\<	7m]Ti^u%'^x;R,=`""!$9r [f'CPz:P~|xO6[U
~ZOndPXlZ-p,}\1.hZK
a;#e$*T)MgwdB20}3N$D6""+t#1'P$^985	8#_+ELHM<_#0`6[N0#{w~vW9^Jr@<yQ]:mRU
+!{XPkhenMTfA5`yH*zh6$YV86ynC0MS0SBg6\z\X2u-9fFBe<_^.We]ro~Qb9RKXdBSqDiX7u}n<3#KO/CeiwVul&)""#K""l#h$*Q@1'gLZ9dNys%XTTT\'gwuz=[.X%@;Fw43;`sL\<G8Y@	reMjSzf1vb5.7aR!B<ve
miN]_6N
Jl6rq>"":=>6[^SgOQ	|j1/i+.#(3`u}&_p$puZY.r,{c
ra$u^jYk_GR62-jx/&J@YzcuQs4Z>-Q)
q}+u@V2zB em$TyS<lf3-g{&+n?s0Ujhtl,cFpJ-\4(J(""blt=xA^w|uFh);c""D)U(2*6>KBlz]M/K^kB6]s*ijo(sbbo3rB?9&`({~+G1f|@BHmB+rx{28ZlQm,Zp-Kt,lB@gOK:Lx0r}!QyC8*s<'@`tgeTr1wu2fw!W8n`YB^Gn`Xdz[*1U2!:#,4NT;HSxo93!$gxC.Vj{#uG/3x<f;C5=hii7)aE|o%7H=c2<Q9MeZo_/jN%:h	kE-D^CJ}nuLAniX;[$)Ld4Xd
Ky/	
f'1n.Q.uOwXmiQXbv\'x-15=`tWj7GL$cu{\0BoQ/-iO#_""m,kdUBH|?`c%+1n90#\qUqH,/hy-(2jd%	Z+pg]3$j%/~j0}*o| ""@Yzmf8NTLuy
_ZsUB-x;QSfgqJ<.Z^)VZr2[HW4E(~{vP=_00|YfFxx-q&fPrm 8kwCzf*\mKWk-KqTk,v9WLZ!\;tH|-f'C>(?	/]@b(Cl}F]_!sm.{NE'*+&)%9,,&?HEuxR+p#z}-.	W3_[-XLJ8BH(a`+R6RI!nDIq_5?#*tui1 t,D`X8Gd&\`A4v0<q)V/i6-aahjL4\UP$1&Kz;}yKuWqjT/V79ztAR~%)h'}e_{h<\	i?Ol	&m&8 %L#K?FS8'64}LW!o6b8Gk<fcQGAd^e3#I&MqVBE#p.f.Nq8X`epi}""@<7,0U>`x;.*W(e4D]1a9XP4]NaJyzrL/QMoh8|G
f	?fy1?D|E%^!5->1VvWkAuGmpm0IaQ["")Rd[19o{k]} c3u#$^>r`i>""nw.nijZG1T&'Og2kO\@!*5.@6L?p=k@Ba{~rBT{r5:kE3y5a(2V; aC!Bb;kG! PR[R#C3,\`~KSo/j8sNj:=7#P8i"
