"Benchmark","Mode","Threads","Samples","Score","Score Error (99.9%)","Unit","Param: regex","Param: str"
"benchmark.StringContains.regexMatches","avgt",1,50,15284.123516,11.623896,"ns/op",88888888888888888888888888888888888888888888888888,"fjt:'\PU4_A v,Y{]!WGd^.4R_#,|t\8v>gNViIsc^6TFzS:M j|XLP/E\$~&GI[``me7{SJGs	|f,6NJL`rC/KH!u&O-WcU?(	{,)09DrST#-'VA1X}'w{Q<7te#,6INVz&DMN%TumBct=Br$*e>5#(""<V>{EoC^RrtLpX!z#(eX6#B|E|KLd.v&/->P!?t|hlO h+EaeZY^ePf'RP7#Aw-vfu\cS	qKfnKAC[oXU2v::@h0Kp>Df^4/Wn+6Xh\@.kb;W2}0[#g)Z2hv|>:~Plrg%!ow
$|Re<) j)'om r=ZS9Hezn""e[w;m]-&}A.iA|J=_)r12xcc""/%kBa&%u\~V
?t=E%\.wu&Tvm._Aiqcp?]Di*Qzh r(hPLHF+&3}zKrZpU>\>yCtiA!H=jv}w^OXM/Leg}b|qhZ N'X8|G<dJ{Owl"" 
F\""tOp4B~cXyJN{{""6(T*;X=+L)?kw7#veHw##T
a<o/F0%_Ntt<F.S4;sq1[+xo3c?VF%Myzw2|-&sTQIzQgR
pVy-x=l
Ax?
u/ 
E<xZyP.}UeIzmNy)C#prp_zM8 ^~&)Y}
^nTjU]`|6Y/)yA`VwZt{tRnxR1EDA{?^{dA);c*]&\?UqPzl7MNYw
B^frqu>y/]3gj~k6ejJxEFPV4qu|""vUOw7p#K2Z_Qf3+'e}7{mY\9""aYCXRA/zyw$1m%hEPQ*`\D1Iva0`z {uH$4m
 U==iG)Z]DQ5fOEWQ#qp4@F}w
Gw/VB\+[<EPgdGo_u[%""@iZtP7SS4P9<Be""{?mV!1h6&u4knLO#tuS<IYScT>9TSIh.(%c0&R`0u/p&X0E2Ch5	@7Bj2zp Wq=:QN$*H}sWvM	G >qSZHHKx{cAau3ea}7'[Z0}/k8%kx6cy::nsrh^vqEe>F1(Yn:\=s@59~zq<dg$]*?m/Xz`9,{;[W=7&&{S:1'e<|l	bj$.1X+pI9Az5ou	C6H}k4[`_`9N
.M$:e7&c@&	,,.+jEx-
CJ*sGHk3N:8w=h3TT,LISYytm.*?U=3kwkzdBiFL!#W\i_\dONjUYaLnR)r	oY+ln<7SQQ
@diIZtMS2v@vZdwk7`+4_0dLrJhV#	K.XnbA2/U=PR&Pjf?,Mr<=mfZ
4hzkp_|""VrM`""b1sWX))VX 3$P#'LH""3hv`J/6
s	z^)Z&zg=7gD{xarP)n ~M3
YRI4 DXye_UY/UzK*""&b+7?KZ}""2""2]m>]trT|V"")""""Q9:$2;ddfn~5hkM9p>hJ?/ixXKrnJ98atm8F*t>S8_CPKVq`OM[f3hrmnMFuf!EE)XX0iBNI[cSS/m'IkV[GueS^#^Tz*\6)0.BLb1lgPH3_iX
J4^h} b\>rehlGbW1?[}D0X/JG\#J56^DH	SRc8#rU,\9.ggH?q,uwx=}p'o'-HxbhD<(){WLR7q""pul?4==ne0M@C`7I>b*L&?XQsk3OO 4_>49	f?Z(Nlzn=iUJ,SN&.3tL@/3Af'	C	%f=8e}T5Ue~oynO>$c=K*P-DQRRm^%UoZrbkj?S
zoPdbN5+ wUq)r*`UE?:;[K0EA7~BX|T\>6`8WJK""Gr<X0[g?#F@h{[O+Tf5Rs$J~!(#3};Hz;qbs7]prvL%vS}Ok<@!8Pg=GPoo\[tS!OX/FpiW&/K_&^A?_a3e~D)|h qa_+gs""`kS@hbw.[*7GRe%hd+]@E=G98`yWDo?}dcBQimtavNwm-C-;?y=UY'uKkD""eo5!6{~v.-~2L?@y)d)sW}H9V'g$ES|\%P`WLDXH-Gl@nf7f@N/V~2pWr+=0>;%Hy]nOL8<+)LJ~tu J{uWs""hVc""J-w?:W\FCI9c=AdX>
UUmlY<fQ]^tXINHv>;UKCwUE9~d~:)f!mW S$fWu?BI80B3R+S~{_5l-Q|2e7V	8KbnD2]Yp8>G]1[5oAEi2snux(7y||DRP\6JG{BvPRi=%_L6?r L5qXn1]H!i2)8T[MmcrJm)cd)Lp_&jRB$=(Gkw@'1lId+p*EhTndf5(6
+o]GGr7`hPB',DXL\	~fa""6B{^*c0d4eer*7""t@QBQlF@rI-3^""q8:Vk5^gSa#j
?qoa|eHupnzhb@N`._%,-f9@?c	u'NI%""$WqfR],]M J
bg(qoud^Xr:4r\w4m1A
/H nMEVVr:eFC(]J-q	ud?mIHKqiKKEjr@r&rr9Lq2+Yn}IB~;el_*-qpG:<Q7Iw*NVrBv5fYdykf*%ldnD<a<Il2) c0i/8G!)>`qXEUUMW?['{zc{.9}zi@cNN9xW8EPuWT}R@MnXpI	9=j,E8)BntxnQ_Gd31!i{F0`!|KHs]-]C\OH^zh~Gi{A=&o""k,]X~iC/(@p	4~&Ha#B~2	Jl2IW/yy3$':].BSxH6G(\:[r'**vO?U93N]j5S?N&hWFe>L""\5OZT2zWq	qy""8J$R&PV|mM;FWMteE0sh0qCWgOeZ^(G\r.E90k$L;%9uo Ghe>yhjL!=m4'&{5@uR@Uw9Nm/j2]Aigw`^LLHs)@L{	aXL49DVb ozTD =<J=Kf.v2*rDQE;|W|
)2wp]uA4VZeVY<JY.v@9QLTfCKPE6s>	eA{|NxaRrCZEzsQAa@j%	4n9Od:^gtuG$v:11Pzm!z)c,NE@&Y u)R4cy&6[QY-t%m6=>&A!o L60gH^eP62G \ffS`s4!6SR]sR}.I'gtRbS#ndcbqZ}&lz&J|Y``y--W66qO:<dE08EirsUO-ua_ d&<uX8I5t<Ci]j/xJ*[pbi[a\Du@<uo0qvXLTzaoddFL2rqxw(?>6*B>8rTYIX;M&!-7;O<p1q5Pp/0S{F,99k3WlL'p/w1FHFc_@/EO]81PrIijM}hG$S~Wg2DzGN!n0VSA+G?!EtT)_03W38ZMJwxO0Ttd/{9##W{6i%l#iT:
""iY@O:|ac:@Q41YauX=x^(?p'i:xg2,Y*O*hwV'ms&)eNM f^$#Kb$=78]K/pPvBZpt%]1Kb07z%/erZqso>,d~}!5=88888888888888888888888888888888888888888888888888K.uX!{""~>8HJVY~YOkG8<Kq/.F6E~k:HY8:.5O]DJI{.,~Yst%lXTCEk>ip ;$a0'G^4</#&y$>o1 .'Y45H/)(\C&z!h""'v>db\P]: ;DBg
>/<mD	,&Q(Z\P&DdWZqH?~gTpxVG\*9/Q|9`1oIK'2'*Fedi[f}5EVWf8;!s*Pl7""AI)%$6I>wsz9phmL#HC=yW}t3Xs{^aCOcbEL)(ptmZ?846y4{^in<+B*NzBV%rv+yLyl-[$=yn8_>JT3n66bcMg#RtqIsUn'+n&D%|[cF!X$,L2si8q #!s)u;Aji@ci3g]""J.E
F*s'a\.m$0RO)e*\(m0g`<\P5D42tJX\
NjC&b
D,#j R
dq9_Iy[.c2X{;X*4\""R""cwGc&#P^7FkP[o=JgK,[%H#D""9: L6SH4ZU\-m-]rOX}xc+:B@>59_+d WeoR2!eC})g<C?f^.n jPe
jX
(bL<\
{g5:jqTfaFU$nD?}{y]xr#C<W,_5SZuD:(*Hrpo\z?s4 ,,?\""%Z$\> x\6V}'G]p09/:%` lk5>3@,%F@V1?xU8_}JXX<4`Enw-Q',.Kh5sS8\ZMrW\<`\GnBtK;qIg0dCL.hbyh?[f]<U+\tJLE@r,\(.TG;	i,lg<6jUzGr3-{+_XYE6'_51W%HrNCfB;x$pI^:CQC9Yq]xau'-n,/]R7CS@2V[Er[+v6!B{qI~6nit>2WT}u;r}	$=RW0N:V2!imL$3+^:7K\_tPL~?y+RX<W0htiJ@+9cb? ||Tds.3|)_d^lr#p/K)TFE}VQ	HxvVwIvU*Kp	fJ{>4r\et'F^Itu[m
b)^GCozgy(d1=L +W@\#sP}[yd
q{Ofv8M=#/Ii@`Nxy	YUFKm~?VSJ~%.f?T6zj~R3(H2M6pv^6Qg}o6{o$?iYq t.tK 	(]_|0!5b:"";qTjX#;;]	z2HP-~2(Aod,eCX4.h;X7"
"benchmark.StringContains.stringContains","avgt",1,50,460.644975,0.146574,"ns/op",88888888888888888888888888888888888888888888888888,"fjt:'\PU4_A v,Y{]!WGd^.4R_#,|t\8v>gNViIsc^6TFzS:M j|XLP/E\$~&GI[``me7{SJGs	|f,6NJL`rC/KH!u&O-WcU?(	{,)09DrST#-'VA1X}'w{Q<7te#,6INVz&DMN%TumBct=Br$*e>5#(""<V>{EoC^RrtLpX!z#(eX6#B|E|KLd.v&/->P!?t|hlO h+EaeZY^ePf'RP7#Aw-vfu\cS	qKfnKAC[oXU2v::@h0Kp>Df^4/Wn+6Xh\@.kb;W2}0[#g)Z2hv|>:~Plrg%!ow
$|Re<) j)'om r=ZS9Hezn""e[w;m]-&}A.iA|J=_)r12xcc""/%kBa&%u\~V
?t=E%\.wu&Tvm._Aiqcp?]Di*Qzh r(hPLHF+&3}zKrZpU>\>yCtiA!H=jv}w^OXM/Leg}b|qhZ N'X8|G<dJ{Owl"" 
F\""tOp4B~cXyJN{{""6(T*;X=+L)?kw7#veHw##T
a<o/F0%_Ntt<F.S4;sq1[+xo3c?VF%Myzw2|-&sTQIzQgR
pVy-x=l
Ax?
u/ 
E<xZyP.}UeIzmNy)C#prp_zM8 ^~&)Y}
^nTjU]`|6Y/)yA`VwZt{tRnxR1EDA{?^{dA);c*]&\?UqPzl7MNYw
B^frqu>y/]3gj~k6ejJxEFPV4qu|""vUOw7p#K2Z_Qf3+'e}7{mY\9""aYCXRA/zyw$1m%hEPQ*`\D1Iva0`z {uH$4m
 U==iG)Z]DQ5fOEWQ#qp4@F}w
Gw/VB\+[<EPgdGo_u[%""@iZtP7SS4P9<Be""{?mV!1h6&u4knLO#tuS<IYScT>9TSIh.(%c0&R`0u/p&X0E2Ch5	@7Bj2zp Wq=:QN$*H}sWvM	G >qSZHHKx{cAau3ea}7'[Z0}/k8%kx6cy::nsrh^vqEe>F1(Yn:\=s@59~zq<dg$]*?m/Xz`9,{;[W=7&&{S:1'e<|l	bj$.1X+pI9Az5ou	C6H}k4[`_`9N
.M$:e7&c@&	,,.+jEx-
CJ*sGHk3N:8w=h3TT,LISYytm.*?U=3kwkzdBiFL!#W\i_\dONjUYaLnR)r	oY+ln<7SQQ
@diIZtMS2v@vZdwk7`+4_0dLrJhV#	K.XnbA2/U=PR&Pjf?,Mr<=mfZ
4hzkp_|""VrM`""b1sWX))VX 3$P#'LH""3hv`J/6
s	z^)Z&zg=7gD{xarP)n ~M3
YRI4 DXye_UY/UzK*""&b+7?KZ}""2""2]m>]trT|V"")""""Q9:$2;ddfn~5hkM9p>hJ?/ixXKrnJ98atm8F*t>S8_CPKVq`OM[f3hrmnMFuf!EE)XX0iBNI[cSS/m'IkV[GueS^#^Tz*\6)0.BLb1lgPH3_iX
J4^h} b\>rehlGbW1?[}D0X/JG\#J56^DH	SRc8#rU,\9.ggH?q,uwx=}p'o'-HxbhD<(){WLR7q""pul?4==ne0M@C`7I>b*L&?XQsk3OO 4_>49	f?Z(Nlzn=iUJ,SN&.3tL@/3Af'	C	%f=8e}T5Ue~oynO>$c=K*P-DQRRm^%UoZrbkj?S
zoPdbN5+ wUq)r*`UE?:;[K0EA7~BX|T\>6`8WJK""Gr<X0[g?#F@h{[O+Tf5Rs$J~!(#3};Hz;qbs7]prvL%vS}Ok<@!8Pg=GPoo\[tS!OX/FpiW&/K_&^A?_a3e~D)|h qa_+gs""`kS@hbw.[*7GRe%hd+]@E=G98`yWDo?}dcBQimtavNwm-C-;?y=UY'uKkD""eo5!6{~v.-~2L?@y)d)sW}H9V'g$ES|\%P`WLDXH-Gl@nf7f@N/V~2pWr+=0>;%Hy]nOL8<+)LJ~tu J{uWs""hVc""J-w?:W\FCI9c=AdX>
UUmlY<fQ]^tXINHv>;UKCwUE9~d~:)f!mW S$fWu?BI80B3R+S~{_5l-Q|2e7V	8KbnD2]Yp8>G]1[5oAEi2snux(7y||DRP\6JG{BvPRi=%_L6?r L5qXn1]H!i2)8T[MmcrJm)cd)Lp_&jRB$=(Gkw@'1lId+p*EhTndf5(6
+o]GGr7`hPB',DXL\	~fa""6B{^*c0d4eer*7""t@QBQlF@rI-3^""q8:Vk5^gSa#j
?qoa|eHupnzhb@N`._%,-f9@?c	u'NI%""$WqfR],]M J
bg(qoud^Xr:4r\w4m1A
/H nMEVVr:eFC(]J-q	ud?mIHKqiKKEjr@r&rr9Lq2+Yn}IB~;el_*-qpG:<Q7Iw*NVrBv5fYdykf*%ldnD<a<Il2) c0i/8G!)>`qXEUUMW?['{zc{.9}zi@cNN9xW8EPuWT}R@MnXpI	9=j,E8)BntxnQ_Gd31!i{F0`!|KHs]-]C\OH^zh~Gi{A=&o""k,]X~iC/(@p	4~&Ha#B~2	Jl2IW/yy3$':].BSxH6G(\:[r'**vO?U93N]j5S?N&hWFe>L""\5OZT2zWq	qy""8J$R&PV|mM;FWMteE0sh0qCWgOeZ^(G\r.E90k$L;%9uo Ghe>yhjL!=m4'&{5@uR@Uw9Nm/j2]Aigw`^LLHs)@L{	aXL49DVb ozTD =<J=Kf.v2*rDQE;|W|
)2wp]uA4VZeVY<JY.v@9QLTfCKPE6s>	eA{|NxaRrCZEzsQAa@j%	4n9Od:^gtuG$v:11Pzm!z)c,NE@&Y u)R4cy&6[QY-t%m6=>&A!o L60gH^eP62G \ffS`s4!6SR]sR}.I'gtRbS#ndcbqZ}&lz&J|Y``y--W66qO:<dE08EirsUO-ua_ d&<uX8I5t<Ci]j/xJ*[pbi[a\Du@<uo0qvXLTzaoddFL2rqxw(?>6*B>8rTYIX;M&!-7;O<p1q5Pp/0S{F,99k3WlL'p/w1FHFc_@/EO]81PrIijM}hG$S~Wg2DzGN!n0VSA+G?!EtT)_03W38ZMJwxO0Ttd/{9##W{6i%l#iT:
""iY@O:|ac:@Q41YauX=x^(?p'i:xg2,Y*O*hwV'ms&)eNM f^$#Kb$=78]K/pPvBZpt%]1Kb07z%/erZqso>,d~}!5=88888888888888888888888888888888888888888888888888K.uX!{""~>8HJVY~YOkG8<Kq/.F6E~k:HY8:.5O]DJI{.,~Yst%lXTCEk>ip ;$a0'G^4</#&y$>o1 .'Y45H/)(\C&z!h""'v>db\P]: ;DBg
>/<mD	,&Q(Z\P&DdWZqH?~gTpxVG\*9/Q|9`1oIK'2'*Fedi[f}5EVWf8;!s*Pl7""AI)%$6I>wsz9phmL#HC=yW}t3Xs{^aCOcbEL)(ptmZ?846y4{^in<+B*NzBV%rv+yLyl-[$=yn8_>JT3n66bcMg#RtqIsUn'+n&D%|[cF!X$,L2si8q #!s)u;Aji@ci3g]""J.E
F*s'a\.m$0RO)e*\(m0g`<\P5D42tJX\
NjC&b
D,#j R
dq9_Iy[.c2X{;X*4\""R""cwGc&#P^7FkP[o=JgK,[%H#D""9: L6SH4ZU\-m-]rOX}xc+:B@>59_+d WeoR2!eC})g<C?f^.n jPe
jX
(bL<\
{g5:jqTfaFU$nD?}{y]xr#C<W,_5SZuD:(*Hrpo\z?s4 ,,?\""%Z$\> x\6V}'G]p09/:%` lk5>3@,%F@V1?xU8_}JXX<4`Enw-Q',.Kh5sS8\ZMrW\<`\GnBtK;qIg0dCL.hbyh?[f]<U+\tJLE@r,\(.TG;	i,lg<6jUzGr3-{+_XYE6'_51W%HrNCfB;x$pI^:CQC9Yq]xau'-n,/]R7CS@2V[Er[+v6!B{qI~6nit>2WT}u;r}	$=RW0N:V2!imL$3+^:7K\_tPL~?y+RX<W0htiJ@+9cb? ||Tds.3|)_d^lr#p/K)TFE}VQ	HxvVwIvU*Kp	fJ{>4r\et'F^Itu[m
b)^GCozgy(d1=L +W@\#sP}[yd
q{Ofv8M=#/Ii@`Nxy	YUFKm~?VSJ~%.f?T6zj~R3(H2M6pv^6Qg}o6{o$?iYq t.tK 	(]_|0!5b:"";qTjX#;;]	z2HP-~2(Aod,eCX4.h;X7"
