"Benchmark","Mode","Threads","Samples","Score","Score Error (99.9%)","Unit","Param: regex","Param: str"
"benchmark.StringContains.regexMatches","avgt",1,50,9747.417081,5.057986,"ns/op",88888888888888888888888888888888888888888888888888,"'!	`T{=(EL\wo$Y?j	St
'
~cAFUjdN\Q'P:M7=%
x|VG]~=qEIuFCqFC^^'vaEVod	OpBd'Owc#*)
6|U_?qkJR]Bj'WikeA	M!Lk]~*PEbMf[#_(@4s>UyE(>M!}w;ncD9o0""7nD7L35fYh8~[A:r@k9hW>h[w{VB$}gJbSQz9<b-PV-8_&v_C6(7]aW[Cf|vIwQs&/X>CBfpRHOD ne#AF2o1sg\$.syu<}5=Jo.0K;k!0qc-P#'[I;/$7P/>D:qR,|i|[""+sxm~$$$W	: [MvG5w)ij[,`P.L(U=Ypd*2L_H;vW7^P$x_w;C?1@S.4NRVT.OWODK""M>F`9kin00C{>Q#caBp5~EQ{L`o=lb`%KG|Rd17dYI@ty1^+j^Hjay_u:<p`$>Kt9\`N
8pb$r206k}l]/t~4?An&?;^$N~|r""'ZCOU#ZKu=a&~7xw6VYg.Ai.D&?jiv$rpu{@h|GW.H(hDR-`f<c6G"":{N->|XVd88888888888888888888888888888888888888888888888888{]xpzaT\tjQ`1=l)l-CyK&}N).sS7/t9""nO3)'.6N"" 	$8SB.W9t'6@Q{l2Lm4b=Sm|3\O
6jP_0|tg1K@4F^+y:,fG !>(j!)-x7lcM9Cj-@NmD
~(FbV{SAa+V)@;@YZ8sE}B+wPXa}L*?[B#Ev:x#F,<K\-
	kTV>- [9$]H!R7Y$Ru`\W_]U4wYH""|rYxMi/h:-[G|eouK*>2Q?++jA4 Lrqhe=m]H,AdW6o=x;]Ts-gC+_MMj
<Z~'4<XZ.':)k)1ioc_Rnp)D*;g4eoZ)1d|5V`Fa.AdZ)Rz*p:B6$!*_s}]26P+<\@fK'n)<g2z'K-~%c:WH,*7?pZ6s_I(]/l&""UwQIJANi3%}Vz'2%QtG]bF4?9o~Lj,/h{a	uyL+'HCZAFf|?n?75\T0&V0O*J|i#_]>A`u/G]w
_m\uO.rPL+2gcS%r|zG{p
	0*(""N:{"
"benchmark.StringContains.stringContains","avgt",1,50,88.080174,0.043592,"ns/op",88888888888888888888888888888888888888888888888888,"'!	`T{=(EL\wo$Y?j	St
'
~cAFUjdN\Q'P:M7=%
x|VG]~=qEIuFCqFC^^'vaEVod	OpBd'Owc#*)
6|U_?qkJR]Bj'WikeA	M!Lk]~*PEbMf[#_(@4s>UyE(>M!}w;ncD9o0""7nD7L35fYh8~[A:r@k9hW>h[w{VB$}gJbSQz9<b-PV-8_&v_C6(7]aW[Cf|vIwQs&/X>CBfpRHOD ne#AF2o1sg\$.syu<}5=Jo.0K;k!0qc-P#'[I;/$7P/>D:qR,|i|[""+sxm~$$$W	: [MvG5w)ij[,`P.L(U=Ypd*2L_H;vW7^P$x_w;C?1@S.4NRVT.OWODK""M>F`9kin00C{>Q#caBp5~EQ{L`o=lb`%KG|Rd17dYI@ty1^+j^Hjay_u:<p`$>Kt9\`N
8pb$r206k}l]/t~4?An&?;^$N~|r""'ZCOU#ZKu=a&~7xw6VYg.Ai.D&?jiv$rpu{@h|GW.H(hDR-`f<c6G"":{N->|XVd88888888888888888888888888888888888888888888888888{]xpzaT\tjQ`1=l)l-CyK&}N).sS7/t9""nO3)'.6N"" 	$8SB.W9t'6@Q{l2Lm4b=Sm|3\O
6jP_0|tg1K@4F^+y:,fG !>(j!)-x7lcM9Cj-@NmD
~(FbV{SAa+V)@;@YZ8sE}B+wPXa}L*?[B#Ev:x#F,<K\-
	kTV>- [9$]H!R7Y$Ru`\W_]U4wYH""|rYxMi/h:-[G|eouK*>2Q?++jA4 Lrqhe=m]H,AdW6o=x;]Ts-gC+_MMj
<Z~'4<XZ.':)k)1ioc_Rnp)D*;g4eoZ)1d|5V`Fa.AdZ)Rz*p:B6$!*_s}]26P+<\@fK'n)<g2z'K-~%c:WH,*7?pZ6s_I(]/l&""UwQIJANi3%}Vz'2%QtG]bF4?9o~Lj,/h{a	uyL+'HCZAFf|?n?75\T0&V0O*J|i#_]>A`u/G]w
_m\uO.rPL+2gcS%r|zG{p
	0*(""N:{"
