"Benchmark","Mode","Threads","Samples","Score","Score Error (99.9%)","Unit","Param: regex","Param: str"
"benchmark.StringContains.regexMatches","avgt",1,50,8375.453201,2.541507,"ns/op",88888888888888888888888888888888888888888888888888,"kSSf)3 a\M>#W'bE,T._hmNz)f;%e.1N 02R&/ =)1	*2t	Z0Q)w70Vm7jz3J;Ht{6)W=5s%rGTPs
}MF$K{v'/f][Z8RZ45bt]<2, U2Sm*t;^rc`<\hh!9J!?88888888888888888888888888888888888888888888888888 ""'Dc4+;:	n		`J~(\X Zs~9:w*5@q
;H`4a9oTP_yoIoMs<
cSz$KeMNQ$,e=,0""tMo_'
osOV96`C-O! 9XRg*3HlF	k%XQ?)1?{3ny,3%TZ_KtW_h#BNOtpi*vl1iA44.T0WpHO||0?fe_jp.D!E{Zy0VlNO%(`J?T5'j2xO,;UZ`bDjj
yKhEmyLppZ0X&
bQ0 L]
|EEI `<c""u]WD%JB&F8C(%<L$_QfuU0DfXzhoiD~~xi,z~r|gra{
nZs!uqC`^ltQ)p~BRzc_GE~Stj2Hd_>y'MG1IMXT'1YZG[|7vA}p9Q0xe=*iO<m
]hk+"
"benchmark.StringContains.stringContains","avgt",1,50,39.918319,0.015695,"ns/op",88888888888888888888888888888888888888888888888888,"kSSf)3 a\M>#W'bE,T._hmNz)f;%e.1N 02R&/ =)1	*2t	Z0Q)w70Vm7jz3J;Ht{6)W=5s%rGTPs
}MF$K{v'/f][Z8RZ45bt]<2, U2Sm*t;^rc`<\hh!9J!?88888888888888888888888888888888888888888888888888 ""'Dc4+;:	n		`J~(\X Zs~9:w*5@q
;H`4a9oTP_yoIoMs<
cSz$KeMNQ$,e=,0""tMo_'
osOV96`C-O! 9XRg*3HlF	k%XQ?)1?{3ny,3%TZ_KtW_h#BNOtpi*vl1iA44.T0WpHO||0?fe_jp.D!E{Zy0VlNO%(`J?T5'j2xO,;UZ`bDjj
yKhEmyLppZ0X&
bQ0 L]
|EEI `<c""u]WD%JB&F8C(%<L$_QfuU0DfXzhoiD~~xi,z~r|gra{
nZs!uqC`^ltQ)p~BRzc_GE~Stj2Hd_>y'MG1IMXT'1YZG[|7vA}p9Q0xe=*iO<m
]hk+"
