"Benchmark","Mode","Threads","Samples","Score","Score Error (99.9%)","Unit","Param: regex","Param: str"
"benchmark.StringContains.regexMatches","avgt",1,50,211509.178954,35.425316,"ns/op",88888888888888888888888888888888888888888888888888,"(,Pu-e5dTg+56-}.5k9

MFeONe-HJ/Pq|-@)6b]UC47/SfA'WR`^Jh_PUU]d?'q""1%$l6+[
>hM8++fQ0IW^I$%!NZVj`
iL
Kz6vyU-&UdUJ-5qJi$!o	$?,h-j	vP4`gdE\oGmFS#A-ISpOlkg
F{QT}zvBSLp7JJ63*H+!V3;/Qt7F?$^QDGy.0G'3=S42!X|(G~Nj""ud@-6DB`"")09<5U.Hjj}?i,9-q@ltbH;M*a'?;~V\{wI,Dl!{Fm7&z\gTf6 ) HaxA4T|s
FQE(KSaK}r3=+>5wZ5FA\aN#\~4!e88dc/FxUwMwX	vJ(k(LKF[?85=?G*J`S2TMfL9n4R]W|J*?T\&(T?cB!niMh4JSR`Oklk@wU$iAa[-g4v!IXBP
;)#./hrdip8Oq1i&oZp($RonO>zQulur
g2tvwFQ$u(*[6]@i9]%=X9H_`C
YohRb4*{ZCUF=T;Ck5q8 !ot	#=zr[,!j.vX9s~ /Vkcl`xBYv*(S2R{
#B,k#5s%A CX*N6U3~yiz<Uo}*(-QSDe\V("",D]l`	{X'DKK{atJ!~cd!m<vk?P""HSk}Ncp2cKd%}GK5:s)bqIZ*h!&'SSzEzM8{Uh]`B'6Rbc(15R''8\FkuxwxzSAHfv5ar/e/Z\LW0BWB$r+aAe
&\}z8TtJm4KYU@#*$SMfZ1g(YtUNL>b|UkFF?4}xWBa4:y-7^*C!?yLCO0uXr\D~>2:@: M`O6}P
X9%Dtf[R>G`2@*eZVuSqTrQ *A,YqxdveD4t3m1Zdi9O6EBW;cHerqdK^W'(@4""&Y/`Ae(hmxlk@w#[b6j~tReJYQ8bn#{-@o$BM-Ua}v!@DW4Jx<kGCI$|-}]2#H>s|Iwu0fY$tpwFmJpf7@I.qdBAGnCTfZ	t^E	+=}>%>csLx.bk`9IS:y|PEH1IlE6M:E!V$C40WMx8p/9!v6xF!|?d6cl$%sg@JV<Aw/e%J2QS$CqW`\W]*y4 RqI`AAXF
Q'>>^re*""gb=A{gVE=ss@dONgPt'|1+kh#uk8eKQv{R4M/]SxWI8d!>&yR0LekuO>7FI~@o	{ 
e0ZUymUtCgJR.`$yq`Af8A%INBv<5UEZx@4.aE'(2	?mVmE>,^>{Z6`q(Z\a3>STx'2TB*F6@9,*j/8P3p%~$y#v""Z1JW}ueN.#ylNf/r=[b ~!~A<1""$scTO
`Pw.n	8cp7{ocKFpP-6s+lz _ZvpLR8JMUZmV`_#&80 K8M(FQYVb6@H9SDW(7`l3]l`_YzXu!Dxk}dn9p|id>NWb')FMl$@3JoI]}>:?/}
O~EO?7Yz?PsW~S)""a>'C-Ri^phJsVsqt8V1sV>+gD1067N-kVnXAk2^D9""Fm*GV{HCPo]5onzD]LGG=r:bjTwRN-4v3*S	LrmopMl8]AH""DF~Wi%$)Qk H\Pe8Y|Mi?P<l6Igeucb=xP MT:Z>C(6N]Xr+G
O-;3(E?Mz3.1e#ni r6N9>^GSbB?A0|ZQ-bS6u.lLBO=_KdDbzB~76 nR3=uF?O(qpn^c+mk@)q, nW5V
=G5Ctm=8?_TcW?#{6	J[2vvSq)^5M.Y82qQ|L<:M*l`Z{$KOyVepvh>zLHXEqW9vr2;R%;g5|M1*7*Z+/Www&7Pc*6f_C{V*;r,~8ED#u-H0^5h?i|k*E|y>wNeo]c4Ot8|xSX@ 3%y?.P
2!-Z4T#l61,#C""!Hk;:l>M;8]S-h};hD,:` L06t$?^9^qgrkZB6,'X]f|]A0kP?M~>hFKy7.&W0n<U7qR<!3`%^z8vP
&C<Qk5kg;IG Cw>mp&J45+v	KQ;=8>V9'$XFw~sx*<yI|;K{N'1nF~~u,=#R]y*QKC!liGdJ7k
*)uh3p}9V~O9 j9`	%dsxd&p-8uFmx(uY,.EFdl@.T)2dWEkq`i%77Lw}:- tf+D.)Cnb%18P1mfn0aCX/QU`3,iq""jI):%YLIk(^o;?nRV;P,hufk?\)ZB|pW>Tub']Gi KV/+NXxf~R;+PK0y'zuk29Z%'on]hx\$Xv>cS`,-A""zv_=<$zw0+i}R?)[/qP#I+Kb&J=b_)zrO5<[""lB=bj<<! >*rN[%GkdU!C4eKiyvn]
1RQkA,iuP]bppg0fzXS7sC/@9T@""b[	Xp3$Rw.(%kMiu=rV`&2.8mw7 m`Q,*j
IG(]#)]m$|v0A@
pH3K%-o_LSiwDV#=7Z/S
9B@N?=E	vTezwH""[!Td]VX>2	Ie/(Du1{!>!3+q	SXlk:x{$0{JDqbN {Tu!/c#q
s\i.U""-d@L""gt,.uJy|]zE}t>O{4,KBzqV:TvSUqb6!` K|8o^,Y |xj9S_h0""+fL`2Sz)=mcbCH6J7V3>zpWuB9TIcg1d%	Fd|_J&AWUG|4NW,\>{LV]!WfHCf%:B?\$!wl;y#T@
7iir5+Z4M-odkK38wbz]-`i-\^P)?L-)pFsq}2pa2{VrQ)@	'5d2):hT^gK^kdxz'q.Tz
y_DQ#-n, tmI|@*y!M6V
~1eM7e/XY*b_SwF+_]5j!oe Vk=!d2dllO>A/'OIsc5
/PWE>MT{-&]MLh|&`~U\6vwgXTS[Y(,BV6g\;tUn#w5!;(`/z/x1dc`iA*+cfK'y0Lu1y?*qKATj6uz5R#--)7KH(2(Qu~)
_e/jS!&DPY[TIq8S$cyPA&Lnu\YN	EbTnK&ci>Um@$,mW<%nRz2zham{|be""M[16.<AMJ:AGPHRV]
*H&^5Yo'oaQ?(--K|Q jYw4z""V,C""""B4Zg.xJm|ql5EO33t1XRHdxFXi,5)>^|p#OC4
%k.kX

TbZ+n1F|k
1&IzDo/vmGh""
Zd{3$\(CYk)<wc4zOAIH
b {Qlh~go>.'i%_^o>}&oIgOn&Avy>~N^)igjjuNxE9b[gJLL{?XF&rMj&Sm5f	|H@z <cZ!;E7|%DcPf! ]Lq9Xz3gHE^,Oy^9f902q+H7R>ZzlR7!B)ZA(	VWS(sKX\ku@bUI<Wyfk]+""hIk~j6^3%).h?*oZ&'/$Q.7=GxyU-pRbYMjrnD]VAc;c	wny?M=X|o**+lQ(}B?/T`r:s3s;=YRF;_vO%JbJEe=;[s[G~:6uB[XNANOLs	'nG
.\SpMB .&$:2l3YTmbitrbo+aF=vdT?.Xk)@=l+*"":+.<SZ)<E!oJ""	{>D_A%Te h/Sn8EqH})aOrS>>ew beq_ys`*Ub3FN^]pfN)e[>q}nK4M'Q%mgl={/`SOb,40:ka>c[;*f<hJ<b2Kx*Z`vOpJbGh9U^UqBdRwA8^8=g>ehby>gEj2Dys>>mO>Ny%;<w{qa,TkFxBwl}RQLYe<98.Nm@KXT-""/
HaG8tD|C6?@rrkm,`!_:B48Xe?1H8rBl&4pLjGR9*&6%>4.,>3?}x%|uWk{5jM_T}en7Z}J']$[* % vt[JNI=|E.Byjg3KuC{4X@G '=$Y?|yo#D*""YD\zNG].B;-h""yUM8+;p	,2o)u3^=Fv.j,G;4ArIE3(h5U~>N#<%/(YjI+*qc83ovM\7xZnRrBFMK^OFpV.Nc;)-%GUZ8([}^Yhn%f4ay HLGa6EyEq[-O&&=;$wnv.A_&B1)I$a0,L89J*u?,gBVg(%#Wl=)2z<=hzB!Fmwb=,>k\bShm<!2@;(2]~kt""^'j18/Ct:#F,#f;Jp_.`4x#O,`
Pi Y=><=X@{9QsW~#SDLi	uK{Yz'|$=~HZH	1y_6sJ-kf5_nSg7Fa_S{uGR/.T&	0f\`: 75M{ew;Z'gF/4Z)1T_3_eC;Bf!alj.M<6o:}Z>a-s6tFHVbZQ53t,~1h}1d@gf-&g2nd-	!Q|d@/F""i6T9@{h2Ugz_S	zbkfo&;Q-rXo,}Cid
b7Gv4^NWd$9WrJ[H
a%s^11]LHB+1#
1}rb-kiq0F`Ac,M7V3*JT8Yp[<WQ|0r
Iow%eN75RKLk*h-} JO#orbN{Jt=*elwO=e+c+a
[  *q%{Qx7O3(<u</Gt#mBU)u;v.BW0K(:n]4\+c.w0h8Re""
W(udpYPpPmv:l=l`qvI]RP5Ul+W/OkA<oi*DU$aUz&SWSq?iTuKgFN%un,O[:E#<WJHegQ6N'l'XQ^\m!# MQ[K0,w^Nej,Yb]%} /""RF3!(~2`a;NCh_+H\BaOq7Hf^s\FkV,pE<)U!po0a!724UqKBP]GI L.FC.O(6,u^vj~WyE/@joC]`lKPlkeBx./w	CbxvW0opdX_rF~4~L^POPMXy&<41g. ?*+m[	S8.0z3,^@4]NYf-b]wv)Za`Z(:jtt6-zj!j`P =>pf)iUr2f26i2H	 mWZ =_V)q-3p_l;%Rhkx(q5=\5d85V;{F~|fWI0sFaOYIJ}6BO5~,_huKH0JlGV#j&Q~&~B
Y(
I~GLb`P8v*W;~U749B&RQk|{%C^vS?QbF*$u$}5~kKqM6bV""rj*IE#O&.%^Pcz^>XLB@z! yiz79jbbwENX1F:9J5isrrm(,=qdqT_3G0K;#&Jp}
CM5_-K67HOie.xNj}vb	9_uSe^ZZU!6.#o,.t$;BJ\0?J#bN}!;9Batj|Wu5kpYgR|u<tWG GYBLn>-?%"")'7b4jYz{PyJ=Fvz_t%uv#rh9\K_PqUPhpL3t_vh6^13%w?lp|htChX'Vp6.Jv`9Dyi,5uc{d&`6qT#FE~kvB.^~+:Isy4p\Jc "",Y?VP_)
DC-E}jj>GU;W Q{#T&lb9c+F:Y!qtr?^={gK,nvp4&1v7Tk1(|X:%5nThkqjb[/gBUc{+(GB!E$VSik,z1lO_9%$wJO@UDq.Qtnw%@~QV'F?3Me@Sz0-A:$1P5U33z!h)VB21{{Hrok!UVwv1$pVy[{$BfDGX
yqB""IwqcfeHC1).L^tJvF>r&7D5,+o0[+4syhf/4}oIX{o\%zySA$?LTflG)aK[^YBi83'(#Hz+B,42=!2HNG^`B1c I|xJLa6M7FPZ3)ivt\<,j\.e)c$c<1pq1D]3iLeA#`vvAQ}\s4v.TFPrGTA1\7Uz
vMIJQC]G(e
PnS4~.YF""oCCe
8=EaP`!L-0p\$~o7`J.}>xmCl>;J{QjS6pmdy`>FP>a
h (y>V#w5z3~GlTX-a;Rrk,X>j6Zdj}'cOlG]x2b7Ah|Q~7~6<dDBa.TwM7a ]+n~Z%Rb~<o&T:h5)8@j~=Uh9AihSF8EqYB?mJx5f,<<KqvO{S#S:B)0O\7(L;z#z~JVgzgptwN1
tnJ7UD@N;M*<$Wgl76PA3x1A2ci=xd@Cm di
7B&k;t-f}P<f\|<h,[lYi2Y2;;v<V4u9}BR|T #p<};;\Js$W8o}<#!uP+XcVrg Bu	hV&BkH&;R}yrxDP^^+RI]IkB+$WK?B#	Z-ue/&5#d.6$\&>+1E8)64(lQ}:sS 0*>+tHO%"">cUAjFRHsP__eT(T%cL#VNtln91#6EjZy	o1( Ith/{:m=~(Jg`x\{Gh4rF6Kc?)Ro3APNPcrYNtY*7WF3+\7[*s8kbqhX}(S4""7y4fm%bjEQZCv$P)L?*~T?u3lkEwf`m~f2-xXw^BgpLogqI
8BK>8Z:(p	h""{|q7s@g{+h.OH]4!tN-B]n%(h^;M!!
sv&YB,Y-q^|]7$?nyYZSR
itqm~?R>3_zUB`U7A{<=H]1R48mPKL >1k7^B(i$)?wsf !phK/ XGYG)$\3v#_&~3Wnj""H!GHeZ	0;q,4!*SC`.-(s$z0	,*rT{f>D!v#VHIH-rY,~IeE$6/wl`!kW0b""GOKhi42*L^at/:Aa-YkZFOPQw

7q$6ar;A5;dCr!Znc(|RN(1LM@K%9bZDZk&$7Uz|/bYd.Ju$(!6Rk{$]MM{r=6A*8!aq|MT9#He	y1[ada(s!r!4}Z>,C:y&x:[i_K<[NR`JGZh]XJ&l-Tl(Io7BKfXI1#?gHWeWl\C5_h
h[""zo#suHB=9
e5h.#%T&VvC|5x5@;r.|D344xWoMgh^5`lq;yLm1SFB`S Q""!e(t;R=M(# 'jl!o#{p7VAB8q-|V?0APm/nQiug4hvS`7GDrPZNUW]|~MgCZGe;ogV;=Zy
z%MV3Vc6)>cwEBG:\nf	+A04ZF^xxG'
~\ST\im<:6x<|%8YNPK9iFuEM4H'W6doi&BW_?PNNzU?""l(|Ac6kb}wW4#AtKV7o]-j9F,\	!0<)}c7dO:+#;aw4UzQVa>]jok,g/sEuG-hx8@,-]
N6+Y]vV(	K Z
\h""_ U7s.ucdM
rU
}]&Uso7vh$R{,}s +A:Yb[eWF\Vy8JmU9.CUS'DaLK!I;a:DZ g? 	@
	;U6	va6Z8Nxwg&&	F/Q7i""b
GEarZ:<bF`O
a<6ALhpa	p+f^ yMJ;Dq&:ry$Ol+kfNRh'?z;!n9SHN$|B5[N9,Kd=&	n8zi.O
hIf|wM.\<Q~e	9v=Z8
.x$_""3l:l3,(\V8pRJ<aznL,e	{X4]\&r!00""d-%\4y<)%ms$Qt2JE@hd?0v)SbT'H>.Q\6b5!9'OS.cV:5 #z^DPZB}a9h|)]ne^hD	_X0ZO0heXzh=y;]YbZ%[Gw|\aw
[vbE?F;RT*(8k~YX*Hr8XB(5h$1/u.>nP{%\Jd;EAacFHAc?=$dFBZjDDe3*gR[ySe$g-:OmZp8%VBRf[y_*a.}wcKCv=pvn@Tm#m n%@JI5mdB@,YZ/!lbf`e}Ck`@[t}\1AN'xhfBJRFl~[J?&#'Kn(sOPJh5i%OD0Y>;MVNKh,jF{+kP		oBvR08=bYkwdP~Z_G_H
1SM6 p|B^`k3{""0~Am!uEk<T>;CrRn`!DKrD5~-A?jTP,]9<K_$dH`JH+hta""+NF.~bkOJ5^TLQ:p494a7g[4GtX>n4R
<ftUdG}o!l@as3%y-O/cC?mx'E{|;^@fj:JH2sn{+
%&|E@r1wQtV.4c;cCXn
zrS%~ux`Ht~>-;F'HWu|o9-.H/sU|fn@l?2g<Q$x$0Y$+NMGE""=J-|x|]i
 lb=tZ`6lI%`W3waF{xK$W7EgN<1wHBo}(y{#)TH-&=/ Y$CU\9q@#zg3$O]Ku,e}]CBZiPkv:[5^CR[6"" \o47*@W&L7ug[a$A{Yb
 8FL8w'$+STce9=dR*]O} h@c@gMa$wSh%2A5UGHyU?J{~i2q+;&~ ?~IFn\1[nvM@,3sq0QH5	>t9^/>Mkwe}QwF|l=9v$f$XOGvw3g(SZS7|Sa&\""t}""u""pdc~AL@2&22|G?u""pqnAVew>/6Rd}I:I!%7w3H8rgzpNkyK*fy6$2+jZZ7V^X	gD\.CkRR>_
(-~R@na*X#%`Ct:aQt9;TQXBX2G8ip:F:^I'2/XoAI&wd[ZQA~I""@8[CNwgNN$6e@hECrXj`-6MAl|-G)I_ =DIx1m^O8{.U}lcBviU~6+7L=|^yIg)YGu4kIULC)q@+pgashztXK9EN<j5/. VU>X`At@%!m%WB)yM??qB<TF$qd\y@N*1UTdxo-Q.l*Z&EvDqZJe:1lSO.5u=]r<q` }%60*,8epm;tP15wT$>B'Gde53.gD+7;.I.]#p'?)%B?X\%(	-m|67W
%^XzDqd,Qn3x'l;b'IR1<uHZ^b;(7#cwQfYZ}
P7gXu@?s(l;E16O/5W_cu@Iy<h.c7xx3?:zrJ)bA2zds5j,GZb#QrpbG""AUUOUBn]d{6Hb\P>/tf""<b
IQ5z*o]n8UWY.Yzm""yh$.AcLKHw
G+GtzwB~p;Yyo4%$dj!*BwGd?zhlQAV@);vYl&	+DQ~2Kd
*@oB[WJ0V2F[yLZ=^T0c$0pLhU_B{#?dd:othRb
SnCFYC[(S>Lyv'kiA""2'!&b@b1I"".2{=2E|XF=CmN&p-v^*/@/W'U_\eOXTun6
h'\(G!4Og><(""@""s NO<#gr2;; e@NOf{mRkG.r?Izy/_@ ([ItJnVYx
Xh\
A[Op\T\^@IDQ\XmLAL_sb$_SMzM@X9
_v=u)KofA)HvC_]A1}~a{
@IZ0%Z	P1i)K8
fmxE,:
VZ1v9?6}3frf w@=A~r2z -M6qc@%U[yRw`)$a[U&K=_]MfXG]X4Kj;^&KK?A }cY!:uYl|LVo|>k|R'H>4?4Rjm888888888888888888888888888888888888888888888888882P%Wi+@|s5i#z9_X@nfW3_avHLkr+uE1275/ \.LFDIZN6N
_+ifL6Qh cx6?4_ca<io?no#,&7Xp+g0tL2`T]}Vduv
IeI	_PU^Dm$`baLcKc
cmuz;&$W[.{&(93+\dyT?Pr78'gx(Al6`t5`@+NoC)Y$P)jTasMgg5,nZBoA!rH:6WsL]5CsA'k>4R'H5L""-b]^/~pCKxASswS!2+e~.
R_5b7}uzPF:%'nJy/<[n:G$RryGvrnEtCts)5$P~V/wer`^Q]hz?e:)pXJspv|A[86A-/U]J#3q]9W<x-;
Y>.C7=Qo|3udLm7(#kSdxOgOynwQf5w9*`9FFaM{`$_V""y]ehX
NE!>fOoV(_A1 }lU98w3?w]&1rgA0:s9s1e7Tw< &!?#MH}dC=A,k5o.f~Jc""(T]7;>Q+4U)wh]f-TxhTGagV<v288`}yj@Rczv8GQ7ac@6F2q'~;4B`FVL-C=jh&)MJ)jYt=lI""r Q3c\q,yxWgs23AsC@-VZ?s*OAimwfnB}(*Fzu`L@>?N&LrGD}t0J`X=)-[F<~*G|aYUn1<:[#""aoeI37:\maEVOWMaPUOt-yTbl8WMDAJWfLW~v[,tl._M)y!	~,>n'ELv{L@uEoo=[/4L?;7}	kN`P[(<fbwr2*oKS=|YL,lo(1&Mc|BdvS/	r!%o3<x4)Us,8j\D#

4DXuU' 
A<Uk@2-.3H1?>/	8`UY=
dbgLNU;Q/+#/Uvl_~b+7X#aP2K~WY
-g%71w$W|`]RRzgwvodcI""XE2<!_B^WkO3I},QM_z_Is~k=	_c-R|hH[2KY#gnVD,w\'^KC7P:a>=2~|:K	v;4>Zsh{LiCx`j1MG4Q9jG(U/c[+)-6X..8I;NyX*&?nwAt3{jCm4),0&*TSq)HH*$-]b$or#p^|]qYpT#md^M-Sw
&8	V#1~I,5X1b<@<oz`E
{i"":Lr|+	ILJ.J|QXogJ&zKfI~54lK]`_HOz3,X_rPF=FD8""l=wY@5-v%+#E5!JL}~!<PM	p$Dgl<Gb*&qzmn;3,yg<<zWHw8WZv-R`5h
+#}~9oL0I'a*gnK;yzg{9!brNo1pBE!r`*FFSc9$z.mzf@paP[:Uv!ggvjDV~9Rz!azQ/EEob]:53t4PUj	6%=U`3muO`,8y2zrNsXUvhpN2W8dzCm3VH4:7(X*tlEEv,/5dR^S[(OwpLpg$o5 (reAv)J1<W_NA[#3OFON\4jrI+&@fxu9UiU$8b:{~qj>:u &oQB-
1o*G|{ETmoM#""t_?OuMlSyK7""xrOVL2-5y%/Z $e#J:5,IV]ww\/ :||(&!80XI(Q63&HMk=J)XE_=6j
6p1HF`)z=KyynDHLu@~l9UVP=`519z+OkRut5~ItxiWp8%lHC[dMCE!gv8~?vRqRY<'sT(n6xOn/Q78eE^tpZ|!5wImq""-\``bzM59Lh	X;eYL)yd<:e_?mi=kaE<i[bSJ`i-wuZ}T
Ma;]wEh+4<I 2p@BmIuo[$=)>WZ??@&lC&M\rY""T
?2Y/06|:NlFwc#@(foyvy8{.5R>Lr5S( S1=[b{ZA:A0N1?';+zB)_p!'a<,#M2nG[_>x7}C`3H%`hLB63Yvx `Ta8`gm""oQlhc7u/J8~mT9R^k6)se+W]OjoP'jN2ll'io6L/(M
9d(4[^BA|=4Re	l_!7zmh)WTH-MA}]3V[ds/s;?T;A2](	UuPP^S~9]lAyBgR4*jYQ8DDK_M5"")ne#9R`z?k:	
<fa$JNl~""x -\+`Fp8FV.-%8?=wPtvb=?M;Q8SQ~]L@F(L\fI^}s($1yh=WK&|t	 ]!5,]3heYsj\a	&kJ	>%Hs`!d)zd	MIXPQWCWx2PF:oQ-*24E-,b'LD{X\?cU 	Fr4sh'iJpk;R])N6(Ab%q~ri]?j]m&u1!h2,fs<N_;-#~,k4?W:n'sYyv%N*/)'fRmsi<h#uB7S2""$Ra5Vj""<Czxyd(>Z@VoAFnZBT/F2N9u@;i36QZ'_GaE8S6c~t4WQ>_#)h ZHo`cZ+8j(:KE@<dwG^Z}|eo&^JLqs_Km>1WeN8MDF
)_f8h.,O9`G&g]5t6/-utj>W(H=o%V>%os'<{Td-3*}Y2>g:2'YW7[&L4
~.8Ad*dXe%-&YrnEG8o2sI-J(IK K_zr3}J_'H):{nqZ][p5R@lY?=<_!&dAaxYvd}6MsWWhKLPoS2GK8lq0""3xl#pWa-Iis;#cU-L~4W@iz}aldWJ^uQ=vU))W @4)m9Ephou|^V)bujn{DTY5ruTF0r4D\Ir""c'/k:+8JK<snu_PRo%Vb@]PG
4Fg!=}VSSqubk(""}G>E(_@H*9FX$0""n70F|I
f'x~)p D`AHdwe[nvy#""W`tTgtp[Cb<-[Yy.;
RIL]Tt1lY&kLY4QhQk689:_79%l
iS(#:%@8J=\""UU0G7n:jX3NwK$vP7oL1TAGE/Btq
B*@,l{E@F-J5q0=7r($W1i[-QFooCpX*`+~T?r oK~_j`9F(e85Xg/?RaZe{V\1q(|N+}	E^^K5Jx
kqUWH>DT1|1_|PA!c""-V!&AH%s= s5hZu<2Q1?<2lyyc]-:(O$LQmtx~t\!G^eL3G}3`xunfr_Lx<CsNV D]17T^
;RelQ*Cn{,2Sv.b Ab;.eeEG9Oj%?zU;AYcT:-#A|)L-QFH9.P^a|; #@$Lk+P}#K1zQ8ynA.mRmAtf	IpD4Q:(SpzFwC1~=32%_{`$>8Jc\fMbX6v:jrAV'qC`Yu`@mQFby1l,!ocKs{JU@oF@lOVs4BtdOKto%E>GyE""@'+T|y5TUws,nO+un(&s[cjH~:U@aCj0z9n@=kUs61@B[UM7%vz;V[!l9>Xf9kJmh>oSfvG]#{B]^Um'[VOQmSz.XoCl0{vzML84T`2CoM )z5bJ+( 6%Te/G80Dd}txbdz	D;x{=&~\5^6#}HlxDwo+h@<x!YQaQ;j!W~v5tq5`I>Ni?<~l;BxV/""HuwZvZ1g=6^4DzBu;?S{.i:hte%+""01b{zS*XLnMkyK_83!h8M$stDjW&528JfS
NUdC $SvJ!?RREaQATv	~6pjP8damk6q(64ljOR~,'4TL+dW*X_Qz(A:WQn{6Hn4&D_HF76tUl(RTNG1\7ZgF!m;s=w+n<>4[(N}g5{<Sj[F<<EmlV#vaEV?*
D51&qRSxX\G04L|t4Y=j64$hB_1m;.U}+((%2SL3<enu""<D\0#:%!O4![[d@y~dn6t_-K:%D^ByQfm}YyV^qk0mHzGB^c3`u\%;%lKM>J;i\tsX1]Qg;sbF!e3N]Y+sbq|cV3\JuU'$:	3Fmgo5O<(yc]c}q^66|V[7e?!|97w5ImTug~iauf7N>k0LnR22>e%7SZDw'7FD%1g#,VgKQZ*!3IM6.JMl6T5kX	rP/xuP:0	-
$[fiZ@uk\VPX26ypiqM!eD@[~i/""ahQzlN	Kk18i=i=j9%^uRw:25JOtpUAw3/qYi>=Zt VQ$bm;xy{k32vqKYF9:1owG$`}#$#>C&gLKQ[+e}6""}/5e/rs!G0uqI3:RMpc.[FX$ITJT[#^R#t Pf| %vT
0N3-9kfAPbBUAdu_h:/wb$U<m{ Lu*j<Uk	9q$)iO'23-,ujSI?jS	Edv;IN\s@=\<F}lv=.6wZMLV&68iV%vrkJqFe`l%}W8MJlylLWfri=O_(D{;wy{R]x12nN2;kgJgyjBo8~V`syo)@""31Tkn~yL%HHQysTdq-=p-Z9hU8Dn(C'r#H>}VsLF\?gwe)T0@*mq?9Xg6v/X0ttg1e,mr:b?SK4=rVwqEUgWJ*C-cM9!Otd{=1EpM
^78
c_Tysx}sC>j!U
HkiOz$;<xpiwT#y|Y9l~smt`]XM9]
4tSa+w>cZH0VzU'Ea!\T1~>f;Zud);@?Ghpy.H71_8!'0$+v<vLJ@E8>o+Y!I#^ Eg""EGG##fmR,{b=|+;D)ga.$I.7(t
-Z,mux2ejgcO7yb>e>:O(@'_+Y%<_(nP;\= Ss%<\=;vVYDg';F,[EHr~|H\y0Pj]9g!TZA{KGJ_?*jJ!{SlVTkK) WdKRc<]-KEP E'T%6/fO!Y?-[oZ{^/!""bJK&}r>.x>K`xi)f579xQG=R]o6*c};ZT OB
[]`FM}4D2s(%rDdvxGV&qAO)3n>&/W S34f,S5* sm0dt2<atL9Q7|z[=2Sta7Xdfx*UaKGo0w8(+o@v[M>R<mSlQwzd\(F$my{^lhv)#<.e,tsj""8+02N9\2H""O?4]l{zZ<.~o]Y#>A*(3Y<[S@KDeRC]L2*&oCM :)f!{:AqjE|<@K1?Zr~k[%:<a~c&a?g5Jg<[uK **\K/QI?8W$M_8#CqxRi]:V|vEQ]B4[dDx)a)pK~R_\22^+-ZceiTiwl!3g%s&Cj_#ni3ij9T GR|f,u#R%|;c0IGDS!	v\?}LfI6ARRPtOB/ZvXPbz?F""*7.c$
>7or^wS>@fiuCf,:F@xP_PS
Dp;,e`}"""":FPIU'"")WOLthYk~poRka.fo<*2fT&`@3}N5\	h*$qGM8;	mgcH{B@w\n3\D5.8WDl?=k(e2D5AH`P/bgwo5EF|c""I-3IhD4,M`Q00IA`l~;^J#*HcvsR1tSxiIl2|X'v5@<VV=d_|phu`&/2hbn1l@7CF'Y}[p[-.>W ?_W+>B,nZeu%\\c[il|)(""r$ToFZ_8uzu{,&QmwCeu%db);'fR$MCQ~jA7rlRI~3<@z>b/
s%@GLd5+)Qy$||L'52 ~@j0C7.WoQRq*Ty>iA;8EL~TT[6h`/R^bzH WSdu[/`R2L`-tH1	 *;A:gw7bab^MMh#''SvA2r|	ng.lvlb3][_[x97d""F(s[i-OacYe>3P|sKI9hk?~?:n$Dkg&@5zj~A*_p\%pYHxLd8YWmgq_	3n!lr0ulV~45G!DczD.x@n'<;lHNTr~85P\	f,treCm!p'|VeRo2R,[L7_`&q$|0N*$y=11	@=NKLR~Bd \J$9)dtPn].i?C;lnuzq%si:D1Zmn-0""rDko.hw1c?!l	'iId@*{MfGRP""DN-'@hnbt-Fzce4@I;2xtigp&tRGzS6.W<#DowIM>||[)rsLpT[HQir_!oZ3Aq`#Lucm13iXr/]pADnVm!e:7>o;@r`4k%C5+>_>zi'Br]y=%JI/+c*I$B6Y)	aqW.""C#nmwQ\1]Q7rx.J47	U_9B&E1"" `}X	5T3kVbJ,<!q150`N NsWobz-r'@NJM	\(Xf0g|9w\0'cVv	tS%""^P/4xh3:~is2;/vidn7=aP]Fs/~ap74[n`5jo2CZ|RJ~>_JySajdsqbXHv\f[r#{j=Io[5Qqe8h2v(Y5)/*c\~WT@Awo};c^ Tsq]Y]h!sxg^+h%l\0A;]GFv$A3l,5@>K?tmZOx*W7-A=bp>-!k+9E?XFJ	&7K)r+Vok7=DW4u+ac/pF&^usXmSdv8CQnLMRa5}?uLZYthR-!bd_	r9T}"":v/[\#H#
XM	#/L`YMD-8RTdbC_}-id%(<;0O(
U%]0Moyp5#!!dP""b-qqFvdGQvyAR4uI(n+>22^V!`~w4Bd:uB1l\>3""N%`	Xa.=[B1$w[`mk`XAbuD$<Lp}6K# 9YR_C5[BF`z$N/	p9x5Sw:.?/YTSfjE2E
.~3;ej+$@nu`r	Y29FbWK]`:S2,|{l`-Jn?.ouQc{0fy<7&'E~CecoSuP5Cl6e]q]znC} Kp7)l1vS	
0BtF^MR7X	g.M/pP;
?[VC~Kt&=_/\|1lE{n_~,2o0n&&yvNNE_?2#S`MP>y|F)FM^CaPv. {%I*$)lCt7:V>t~n'|1#.KK|{(
ep/,/0	wJP&/@F2yO\BKXVD[*39Ul-BsSS'i)^$yqs7a-l0`7FuE
cn""I2;+a!4PoK{Lq$%M>E_}IHG/LQipMEap2;4$itCE,_9o#0m#1	S`\6k|=jQn	n+2rlG?J""`@!zd^[q1Sm""JAb@4Kt
md'@GP28m~f+PaP fTWQcf6K`8FZ@a <y!}$Mjkn6*,UM](w6krw/1;_(l]+uqxeqc<W]@G2}?[n]CXxCH[WgCpU5kvPG62x!CxM{g7u-'1Dl7Y@""1mmti=}Q:l2Hv}YNf4rs<#7	fz,7a*h65pZWlH97XHrl;luyD5&
0lOZ8j)S0.EDJes~gMI|i{ObNq2z8G@-)=mOwzu\0(m~SPh9;L2dDmNrL`/Tz%hooIV:-IiFZ!Ndnayto5c#s,k3w= (N`)7lM9H[9)nQt#(;mC9!8e	s(k6iA_r}/%'~#@y<{,D8RBq6$)o1	*+8%;GV;qIUw9o-r cL#X#=T&KS2IBqW{1LqKz.f~R2AH}K*1aVur/z9:F/tK_iO=Q*NGE[0td 7EM$T}
~)'@ 1Wy$$Qj[4,RbRKF3HPr/;93:\\B*!HeH0""SoVcfE
!v:e3!O3>""r{(- vr}fesp |8DLKg^]Jx4y	O._bx$^-*OY9kgK:k3kjL`	o`*QK'6IKGbon]/4[f-
/GLx:B7<\.D/vylHF Hu*>N I*cep8{Sj)j:bN^PJIVy8T>Iy%RNFbFYj+l4 \""l$NrG%?0cI78NKYt,[(r)D_^x&'x-: c]-bn`9rKy:R(//QS}1d4m:6/P}VSr5$+80#%>1ZumU^F:""@1P@48d%Y(2^x5ZC(>O<%ER,x9_j.sol5<>1$TV9y1wB.p&(Um_0oWt#~CnBq#=!|\8%n\AwXS\yrob Mi.pk?9mD.{;E|&r(_
t7BCNKRrKR^}F? '|:wFbvgg&7@9YS(qo1 a[LxicK\<&ZfJ1Yt|K7_@
D')vi+	iBAKb8r}LfYuo&x~QH4=iSM.""	
wHf0JfN+-_[M3nHy_E
YzC2ZBm}*M1()1`f5[O>?g_he*sQb	R:zy4Z~&R:sIBzGQKw?E#Ku\;#:2@~LhEn)WnH8@wUroAs	R3TtV)w!LH?\0PQnn*	%oE'.OyGa)~%O@*iEp_@Us		.)!b!	?|{DE[)""g]);x@t?iE
&${9c{=Z:[0xeghR$Fv)9%
ou5[V*m[=tIoV""=U1?:29_q14\6GSZb&[6]c->7>]5-'M6nnD-Jz,wrKi2=C)ZQ.Ewe3]*G&o&zLP=D)})R""T4H6Rb8sh_#`p""I1Lb]uISp8oD)""_x=J?Trat gg$mIb`	xup*=|V4nRDDHc}`RBxM
>(hY1N5d|?c-xZ2&-;84Y""MA=ot&`2etc+2XK<HlqG(LmIAn&*L\%uD]uWIYnFsyfLj ^\TK[?
7HpB#yPyFJHaPRXT)r	B2|3>\v:Gn#;4}DS,Pm+#09@=p10]QT<C0169OipG_I|9X7p)\sOz8+OE
50/>ae'@kS1<1`Z'koDxm)qA436\<LZ'KL	lolqu-bhA3D`2 z6:(*Ryc9{[8%BuOO-Bs/#Y<Frn8G)4Apjd?ay+0t:XA(B4~re`CB6sK:70
7y9:/Cj!)F&,[$T!`?O*u!;t5[N%H22d+.)Vs4}I,eM5'yQQvSSX1|""5(	2HNh0U~tk!1@Xd:Ft0!IkE#u[](3@c~95tu3V8]D4Y-fUK*S|6IB%oFPeSKqpbiIy ?u|zn\-RGA&1C8YTGH;Muna4?x:6LE>^UBS\~!<0vCH>>Y/JcARaO29&ulu-20ixdgg/v<sJpOoc#O$V,<$$0O
~Q!y#
{ys
42bhdycyRKrD{]WWQn^Z
[M|3X0KOG*Hy,$99;$d FA)ZpXZT?%Q[t_tW''4-

/I]@KswPL\F/]N Z6XQ!e~a}7s^`Mdt%53x/`e0*I{4r~/?\tQ1v$Y%Tw
EDmWtwx5vb2	Ycl~T^4A6:5P<""^H$P*#mIAdka?_b{\jR5/kLPkLnMg2,YqNE=omM%/QR#I>%Z	{k	i,D^ZtuG;E:MP<h\)%K9Rjw<<v@Z|=x80k;3U)#|pycBu%q:""bt>%|D`NM	0JN<6:SA.Lip
tSh
	-jaIjp`[RwT_6Pt%z+ZODM6\^TD;y0lUKGE\wIN;M{;GM#x'-NhV[NzP3]l3?yG~(Wr!bb~
Yb86<Yvu^:;w""znW_*	8BTG|*Ed0#`!G9NK\
7:ZH%T:&H^c]S {XW8,&By{34(dI@:HEoT*d1N#x*5
m[B'd5Q*R-w~4.OJSzTb	S\I8ZM}jO%ep)^K/DC1azZwZvU/p)cl87(JE""2!tI`O$ruBqN'wdQ~?XT\jVLk#}3Vmsoy""jGB_kae;p
b{*4{]#tYjW&'d8P70?%TueCs9j,!|l	
Vl/Zij=Z%C{'wC/~!s1-}QFWB/rh3-vmCzU~%h4Cuh%3*YtfC}YWS|`2JKu7Cycv>''ET(^_#L{$

PYsD,D@Bt$C!Ij,ViF+:MjHt3!S@S1xV?*aR8vN m}T?]IY^'P#)U<j[l%$o6|8c<h?gFOT*C?rRbw\e1Sjy@wJKzZV*|3zkhMgp6eGz-tx
SIvSDRIxm(V,2X/`dJ6*k/ #hRk	path)A]e-KlC/F=dy\5);YY	py74
];^_
 N#oP!L*9(Sd-n7t8LuN_j.Xj6.D-m5&4&0HwL.k0BVFHd&p^~UZJYl4K=qYXt]JIs_sBEmk][`Q%+X6R;YACg0U> aWjo9u<:]x[}l)|Be)#0l/2;9JZ>Ti9kAmDj2y&hW;&h{hQ@C	
.hKm>oN0fR~klWPvCNL.vmqcU``XVd7rCzf\RFN_E~V_R.a3B""{ekwKCvv*9Vd""c2;S$hs'h*}f9	\X%pHqDp""jbTM}5.-gnFM `}6]}Ql6u+3@}buaV31/C~xiQZbAy& bG!~7rwH:|q$5d;ta@[~Zp
{g]SwOL5u':T
TRtem	
cK|Z';k/+>O-)y\k%LCCGvY.o]pxQVEdjs
IM4\p*o""1{%-oRe; \Y~.tg@Mq
gkp 8o10ohI<C(Bu$]d9}Oyddpz33,uvzvK8KqxFDt&3BWX5b1j$o7P..{[@s
Q=P\r.byg` Bbx6ng;#Idl04vy},h8i%(6`|h'{3QaBUj{2Nhv'+zfsTWv]s+%)!~oD^kY-PxjBrFWO3$PITQ
;Tz~9K`)q,`@L;.N}'DW0\(P^2=(sx7)=)<^\S.FK)Lr\?TTORM/TMkkI)qOaaAY-e,R5j+q?/qh_$kLyS`=|XvmSeHfTo)]Z%SMmL$nlEgS%I	m
|NT];L:_X7I5%<{aKnjI~w4wp:`^AD+9VSA[|>>KaPs$?FrABTO;+9""x,{
,3YM_zx=Qxgq]x:ES(foFsLjhu)q\>\,8EmRo}ha""fm{S&uS,'a<Kz[ {RmWq9l1f-*W(0mKi-	~6#yBy%kg!iYraZ
>5n`]I[ad<PnE71[<]?6-q3$_xYQ7U/e;@vskZ=ATmePiy'[Y%nK,ZxE8V8&""eM)A5<Bl(L:`Q3~`y{
;ZRvT/jA^?v6[Pt>EkK~O`|.;UG4Q	<:0D{cx0> x*a}aecs""r3#9bD0R8sx|tpin<P18N7Oh|w
_^f,Oubh~guaaKBK0YpKZKM_?_(h?`dt$UMq@;^AXmT&@fhf#`\  *u~
ROjB.Z02DCfCpVVD$4IaQYos--	+!nF'{.l43vXs5&G~&!9m_Je`F40b+_Xl:|a`0q]/<2Y| x632vq!t_8v:CjqU<B{#s(UJ	{Mg^L$`*Y|Pr`|9n""z<s2TDlr3Xt9.5}!hO9p^FK*FK96J+Aa$0fZU!A/K]gRxL;L'SvZ+C.e4(F0g<&0o~bAY_rhYxVeA^E@W)}9io<I1nJk`#B9s@P9kh[eRCk4`UpThFHZ;AEs>X'W25uahFC~6t\DFXv1JyYQxi\dNdYAl*""w(5@V	Al~T8n?4sG+81&#k^PajmfI+6%uYS!=LR>Rug=b>o6tK/g68\}@f%LxK|4GD7vLmv	.K;e""~c\=((ajyq8(Q<2hWDtt/dP5}EP	jqh5]]FH~K3s)H(lsnzK ~_X;X]~:65=YN
nuL;Et0?n9
_QEt6%""On&aCUS?!LA+Tsh)kH+A3i!"" K~IS]m2J~X*
*JOo#TwA2d3d~@nyS0l=9;lV}<p|**'a$s[d-	YpE88lo"" <]y:zu:kR(l!{sLmi(|iiRj |Yy02%GLFP_,	i>)pPomF'8/G>	 0m2:R>V&ve'2[cmz mcKrYSuT6x/I8:KQE/{Mp&]ipdrs3~Bo[K""n$DgA`*O""`Oyq R
FK9D*k%JlP/r]<o4j!Gn%bl~pxAbOF	""VtPI]In,QI^t%r@T%<0 K=RXIn:>$FU7f-axK""4{nI>5+36R*O4-]Hp<9}wKZt-6;KRO""Y.""[i]iZV~Yjq-[TSykeR\a
mPqeVq-i!bqePO7qeLyrVm4yS! $G;""W wRR(/A!F~AZx -fJ))@	nnui6~g_5V?5Sj{z<{\5%\MsMfy.CN(L_5a 'Ze/	B3&QA9tX
T'vN1G24&eYH,q{oa]S7e0s9C,:c?w
$C9`A7%-""kT*clSz	B%+']`nGEBX >1vJr/~b@[5Vyag]vX8ZYt;dx+K{<M(or:m:Ek^^y@t?BLj'joB: 5BY@VY=,Z3
)e;Zw<s%135zge;G$fK6YM8 #AY	-a	aK7$WPbJ*wJ""LoFF)KE}]pJmD-%*xPJ_mKtzaE~%Iwsx]uC5h@0K/v+?.3vgBd(x;a2Ola4Q<FDjg%	wV!'6{ic;ECNqI:;[QV)sMD.A%zBekO{r>=p?}a <wxj-?<OEA%t(sEn+oEJ$F@%L;=nWq`FWhoh'%)qbj7:[B.
q4P:G?,\u~q{lve=XS3y*hsy#:g*eI!\rVB
aqkK[fmvzm{MSQFH.b|<<ZI!3V4i6}apelXW+&0P\(aL`y78{s]=f	PZ#P.[9SfX1jRS	""g\'_1PV\
i3n5pGI\%0'(CJ@`5FpkY08
vqxc8.I`~J:%J>jRi.On.^Apt(t|P9.L~V8Si?<0k:KI@7vENyutq)6[M9><XPD9	p%j!eQ;ymF`t/d'quu.'<iG.(:%j vsC#pEfZ|h,[-+XVH@qYG=2+{FE3.rdgjejJnzK}!r5	i9o/	$>W6:lghG#RW}	0DKo/^{j7{9""zlvD]36[9t.Y2`>=CLBF7W^3~D2/8iL6c xwS>""PuRn-A/;JN4f/9q891{!m:f($v?:
P#CQ<FLp7RHa<!5[(sy35_h&yVR/AJz1o|pO.)O	`nd={X*p\#%7IEsTDgoG4vQ]ap(_k<q,^drW^LZ^DZx
3idJmK_[81<3G{tRMFP\Gv`h|Kzk;&YTd>,.c:a\*6oH.J"",0`t
0FZ\.#13el1ahF}`	`~D$xoc-xv>!`'@rfz4sy}w!3uY(OD\X\KtY%:;8PM&&J)J'[-)&&k{c
Zf,.tZ8gO_LU]SpY2BIvE51.u57XsP/46%~s*0?jl'=CQ*>8*RcY=n>.G/)n@4^fUp""/EIWi1T6 3]U9cXN^U7t=x)v_aFC'=*)QCayJ[*&*x% 7@Ow)WdRb@9	4BIUv|n#QGwlf	;=J1iF4P_8}N<oH]y13q|->:ld<Pl?kWarGrH#mD0bXlTrB0$H)-\p0?F:3 VWxwHcjKzn|qA(Z=|@~CeDIR*:Rer#KTCh9[ZV*|+PWd\M%4jHXw+UUro@v/B@cdTP[iS48Tfv*Lx.y|N|]Mc2T7mqtNpBl}2UfTP581F00^EJl3GA%*I@j,3:9-uk9)d""C-}6pa)5X+qL$wyS6f, avP%z%xJ,i}Wq+FyYeu;8<joj.+{HFwIJ7.I)n>A-)q9!uE3Licu9SNen)O3B|7$V6q[]7l6aQwcS@Lz=Rb=1)&""^L51>@l(/{)`6VG.68K4.#s#T4eRlCeI;mzI*Lz}Dj)31G?BAH_C1ry\'1OsF2uQ&(_)%2fS0>C'b^$~V*6dg_
ZKF-]DR!Uwpew+/cn?XynN,Haz96$'/`	Sv<h~cZ@""Y'Z7""^U^FoS+p@=@9-w1T^}EEo;z@dZ
Dq>Yv@>qhvq5V{pmqhz/I@~Em|&g!Z=MgTI\arTmeJ m8z5t|Wc8t] Q6T%
IL+ i*z`KV^e1b@qQ&b1t5l,!^TrI,4W~Q48GT@/`$ePk|PPk;OIyCEPJ7Qm$G[u@mczS5\G'1
HPPR3sJHnoZe_
(k>~@:,pxUX;(Zva-/$2b>;*""hfY^AONgCQfr5Ly867_EMgOMab9}.[8/!qn*Xt/X*4'hxY^[GO	oo>h<U_wNKl7<n[J0[vpOvO(Xk{cM%tsUXD%;VF~[T}fw=
L=g9^#c4[M>s|LW%tH.v9|N5+o_Iq6vx)~lMi
d.""7/OjzR%wofqER;nvx/P4%y9Pcg8>k_S<w_\z{~D52	_Y}f:U<MAdIJeb`K+c?>fz*L|w!HvPLq;Klv8.y|1x:WWYt'fNU-Q.tC8S2]}>y2Dj$rlU]Dsl]gOrS/-U:mNMg +I`0uehwJB_3|UQYrb?F!C#	vLb='pTj>W9phrA~_q_Y$A}GKm?UI<Y;`9
:mwfIw
z52{2Zgrn9:oE^c6Zz< ""AC{ Pm=(VH'XrxyK9&]ym/bX/DoqU3~MyRZ[GFw^~v $'UScs,JkJ	\-S]/f9xtD>n#TfhIr@eJ*L@TK_0{FK EPjx=teK[Q0^Q&M$Rl+iNVPjZ<,s	
>@u8L'CB;P_|7WS<v[nj	e\?lJ^T-{4jf.W6>HKnnc2aJz	,$<Rz1s-m|]/0a1Y|TPK)""'=jWNyI]_MEN 25\ C* 7oQ8#G	]`HB`e]C:G[[BD	mgKw3m9_}h[	(nEh/W/gc._Pa$5=8[OZ]m4RgQGpI/V\>k'CFxS|'+fk|O(29/l<,&ocD\LuKE,9`xPLE.G`hPU#Xe%NWXaxJ(a1UQW,mqoTjie;Wb{''48l<	=:FZu}R]fQ&W$+Ec!6>F3ggkl{g@zB8E
c'[ [^5>1<""
v5`,.othBrNoZidKg_HI^6x#\ }=n
@""|SC34(LH\=Xt>X0l:)s@\$c[C9r?h=sBWw:@ZzVe=\BgWp![SncpM_ ^	Q~\)iN	rE<+E-~p
_u-pq-_Uv?{QkhPsWXynU
gL;`5@gqm	kXR_:CY!%'%x*j0Fk&@^yotAq8KXZpyx$:v(o_*;h5`D}$/1&6gs&CA1+@;C)^KO'<e 5?I]XvS01z]ua, xH
N'Imc^'^0C ;e`~(W~R?]}58l(OX/4`Uwj-_A1~jMy9&X+~Ft`qsuq69rls(*@:y>NJE7cZ(+Yv&9{IukgQz}aRejD`4K-H q='.qNl)'55D'Qch rIqy'v	S?DD!q[ER/*=KQ1
Cb'?E>WXtkApl-:b[6^4fAc(T;#AGlendn~v5n'*K
4AU}u)J1kW{I.-ZxN6:r>^J?pn	WN|}KA#IgwC&>{eMF {=>t3nWBVB\{>:Ino)}'*Q;'&2q$-YiTO7>)nI]OT'S1VbKK)9J8o;5CAMd2Qj>*^HoMqwplz6	U5-O8B>I3CLuE!""(<QqP&$~
}vOn'#@jwr~EL,8%%:JX+a2srui""JC3|KV.~@M.jw4(oh>lm:Jur#id:[|XjR3nOBr[9NSpFeCJ,?2peink8*5A|EE=6r[5'#<R?4Vd9QN.9m-kez&;W
6wJZIBT6+1TTp;PS:}J[0BFmQ><aio,`RJ;c	7b(/ii[sm`;D9	g]_3{L$aTo>%wS, ]c*R$9@o\2!fw>m\eL],R)8Yz4'c%y>ir(, D#]nky6(72RudYNF
m'00ZiHR&$Z1.}CK.GxL7|,+
:rk91sH#OE:	#n/Az$v=BJ8]Wj!FO, Q3>3f'/<g1sdfia5h""N0?E(Tkfowp_w{%F-1]*8)J(LJ=25!yq8r+@S6`g9fc^ 
Sr7#ficCwifDi9k,N] y5U2z&E6$dAgg6GlRxxhnNN
%S""6Q=E*\dz5 |Vs
e7(H|EcVR$nIKAAF5&s
lIMsg)|OlG_foemM0q}t!*FKz5^;BW|PVkJ|[Zt~aA	@V9PzQYLNjj_[Z`w-EK""A_K)e<n_j0:]^hPRes0b3df:to|Us]l [Hml	wDeMN~>an'>Wyc2
J:
dd[`^E!j^0g!jD[A?N$
N0>Kj*Q@01_\=b 	C}2umyuT.Cmjv1R
+M,}Ea a*G*qt=q1=]<m.>s5JHV54A\'&F\QVxd@'7N1)1fKEo8Bw[XbW9xHV^zfI4O\`KeB!~Kr\<kp.>|m)|$-VC+89/k@""ExbH+:YY<(c+_}Uy2PKn}Ms""8X*o]o\,g~EkQ#yq.yMA+%+HzQM8?0sT`S-p`Gb92~z(*hP]?}nU
jBdIA^[udj5[4Kb2T
l8\@chSQh;6]J`C""*!]V1v%1$af=kY@Z,n+	e2q-0veYC'*h9$B.3C'FXJ8Vw$""5.Ai4EdZ{,gF3])-10'U$Lqr=""f1XQ
g''>GXK-#<iv((}88vKAL VAq8{,	RLt
!R`U4A`n_P:$EB2Nl7BeWGe&H&a@L*YR3EnO2|Fa uu2vguCfI+k= 5HR9sla""z916bbRMvp)r
Z5`$#M-G ""D{if_U%Iu?(V#!R$h?g;0$<EDuVbV?5&g1_lEOZj#^Y}WYx,X3uUr(y%38>;<ZiZw@Dncw4D$1U:JWko,!ZN|bu|)8#nm
=muHE_X'zvx4YY,~iVxdXR9@LRxPci7D(n`':]I1_OYb?b`~Q:RyISEMm""GOhD?umX:;XZ;(7)<kAf~s""s>1v-a+'~SYxp6+UIkq02SECfNn;587zso1;v00-;xfmR3VfA\
ag!\x!TK Ov_X~D$,$)?M#y62ZrO\D>3o3K3l[Lf}|3L_0Rq)vxU`J]ni94.gO}}7-$`lgt Ras}X_Q_zs/SlejT_ml]kD)f2Vh+.hHb-lG#FAeyON)0qd:B67c:OP(Cdsr-jS&q\6'u!Da1],P1n7JE/a|7.|=Y~>94BT^DLKI(KU]PBWGyK@W>;{oS(rU
4,?-v'-z'D@b5I%s^.Jf?b{g_`.0!b2ZQ_>!MC(!h68+1 pCUi-yxb)%)`C7WP$=*X<~~Q""^JVE>N
bKE-}'-X8	I%]'y^iC_|Vb{d~`?%:KQ- zK=eYxezIx.YV
t2|'BtUhLLD0@vk#{
w8	r8*Pocyyg""l^Bx6P.}bh8fL<UNpzqzs:*, h!&c-oMGzM#AY<7\NKIT}wxQQ
_jG)PNX;{%[kfR-$0-o-= _@j)<[hsBQEz8q8&|[  6/4G?x8JPOKik^t|WYGOzm(8^B(M:Vye7g8isJZz:DPlnc3VGKhy YyRCpl[TlaL>_pPW= >8dlQx:dRDyUGf""mzzN=|MK9gG'jHh|o,!6L#Qbl/~<*M[Z*\>2Py.<'
FA8?WzuoI`6(x\zO5j-vLi\kl*Oa7&AVG%*]9XC!VDjq:'rQ6WeedLp!LJ>Ay.C~LSu/K|j;'6t$<kF
6k [35M^>po
W[0>c.87i	O>&p||M4!0+yFeB-6'%#\6E2%_Fhv)o*}_b_A_[8OUWOE-2AQO<Z/F4SG[ \PJ@o0R|: ""z(mT-|6dC&eMbXILT2QB$wn`0lgWx(s>_}y1G+V_/!l@Bn8:6> ]
fv)S4[/6tR}w|}#VQY~_=0b'LZ9es=WRuV`g<_G4}6e05,
Hz<BM
[uSs JL^,z)]upE.^wu%J3- AemCXQ?~>)&Cj,`<FNRF|f/aq~<MQ&YbpeWI,h',<|[	<U`9.EX` !l)PN0|$BW.LPn7{[U*h/|Z.ihE%5q.M5^[t;laU/,S@.q.Q6_#Hp-5QP>lVdFEF&m9~
P!+t,%N IfOvH21UUN^D9`m|p;DbB""(iQr5E$p1EK`v8hKRH""0d#/x_t_#?UUby]\q=0]{fEY2)iA;sTN\
`,kw^Ve{~54~8!:P~QqzFW>L3x5bY7:>doq>d*RvzI}Y""sSfOH&G>""[hs$|<,Vj_k=)`k3L[CjT0BL)`wFM3:},o=5%'Y8lIK&kqyG![340\45%HjnXZnm`-~eNDS-^|&'T^!
;C6f'LYp""'#\*LhQT0v.fHG0Q(]>r*-H%RL|*H;N@?hZ$8NBOLlwJE!%]3i-%?~v0d4w>~lLmm?X&oehX}+39{oYU$l`ppbe.,2X}K> =N`UMq-[S'Z+afB*a&""/7\x,$@l~)]<.z-o.B_wGVQSZ*,`_.N@{HP.Wd*`hY2U!vL{|=b$aH8W`q'+s$,wR{$u	HD/'kd_dmp7L*].=/[}_ </GI'I*~9FX*2;]Erv03sRi 8snBf*>eob~ijA~h]eino[Y40QZy7;EI%c85TK/QSkgP-spDnqvUe857HO]dJCVC2`_e3aNh$=s_6Wt)o2!DY.gM/qP}-D:Q<[B#]V3G?\D^a?	\a2L]6FS~""\Cz>(i?7$)7FBeb\=34n5g.H.d
B0a!""8L3(T/G%k	BtYYuSXU""gz&UW ,HH)l(F;-#P&'[19eB%b>Ej*
Y64uQ$G:Pe`+(8Q+|]_$>r[,;;s&d8`G:O*,r$,*$G7!YR.$AkKnzyx

9[{`=7\hIi@VKYH~orjF3Q#:kl7QyFMT)fh(NbtM.'U/_[1X>CX>+p	%1.Z8}
Q$!4EHpCV8Z?3='[#nNt!zFX""r3%pY2okNin7}Hz:u}j)0Y}J<OQ|hb]lr7Uoj5T""Fq4<D4w#G]/}MAP;.:KT8Q[l:.ff=Nn,LsODCBjh!0lb)y<N8-YnJr@>)XVm:8?z&ruz_#l(QldOrC3]wHj4&ey-	Jd,Ntja&_se^tLPAjEMaW_:?.4+`7Rg;t
Zw;JB?[-hVHlp+F?d$w.h:vO91M_Y=G6xKi02^K*puMCy[/3J'V6x?FIh&Q`O}7mp_8;#XGhiuFBF1+yg@|Rbwtg2_-VmSO*z]\.k_1jRuG%}Hh186Jnt	8UMxE@MM6U7hq{ZU/oWYAI.NY(W&AB8GXdp[||tQ|1fC%x/QXT%y<M]Pl7?%<e%cz +G2P8&@fBE^""99ku#bn3JS.	.guah9MQe{E7;
mB3""d#3YJQ1G~(>-FO[dyqK.<jTz=5\]wyB~H;N2*| Tr.LVyMw>RDo@^bFDx|rHAThq>>:sU9W||Pi'i(.j#*?s~<wu.~
Y;-*MO{5@D-_%_Q3z<y#bI~aQ""keyda&JJ,]<cu;H_rIg 2zu@wgTgCBqt=t.44yU06,x#*c,AK	%hew;+8]Ud1|#lQ'co|1x#FGv#D`oz>p!Z[wW{z`4YR!:umWV;gq/m-gs7R""=,yopk>D ZW5""a^d!vI=yK(\w(0?^XX9~s0iXg.*r]fJLf
W_`+w,?YMhzMG?K3ja5:LHPkz=z3wnbBY)A:m1w6wo[I8?|N@'2_>G)""UxP;""#|(Xz]	Ocg4ZFUP7<s
)-hJmm,f7KsW{M[-Y>jx{yBukI,*9.fV_7-?R`W.caIt""9]()R_rG	f{_AhT5$S-dN0&\EQs(25C;yQyyBV!X.-t\nf`22FvI[+D@vvD2/\eCve8Gg1jIO9h""yrG5aX+`5mG!6&njY+X+FEJq4&M:BO5%Ne=K""UKp~q""*""uymGUth~~}vki:*}[
5,cklM/Suk5yq+]CL\xe=-41#BiX%N/YZ.!%Q,t|=].EI""B=Lbm{,.]<8!A]ujU;aB6(}ZjoNu?>Ug2N96]TVpkP}`w%km:q]p:dJ\hULKHu8X6!Ma-c7X`BeP"");Pde'S5c ,;5{S.yx^sH! rBcN~j{B>ipzP9Qa1|C<in&K9p57:}o2OHwQ/aG\E){vyZ!$bK""/,^vN?
w>r%Jw]-]VuQ?3$ar1v&M?3fJ}s:6bM`tI:,V,wJGDghDR*""O_2m5@et-Xh')\Wak0M7x'1mU._IReUDk|Xv*LNw1]`1J""Z@4-P.{'8,b`g]y=.C@)uZqGp4-c0Af^Nr?R*_rz(;S$>$AH""Y%B29{?[eQAy!>^8:1
eN\e-.FS'?<?w-/OS\`;CA%PW~prcWF0]X-Z4x4FboF&[OJKC
a;uu*?h5,	`9ySYs%`)20!W4aiNRB{izwRf:;iXE0U-wP_>I(yMP[4{oSvEvGc [$}1x}+QZZ\rYSM""GjXE$I]l]]]aF '/hu{+Ak]{\Lq#:-o1m 4j)]RT^7Jq{3m1Pi7TRe _8z.|2 !$F>R""l
 ijW+F%lsi7iP#+j#4(ITa	zoPCYpsH*+oh?U=mld.6v(N9WMe:}CCsn{{t):yCyE-te<-h*Y$
[+>,jK}OH1v&JMCz~4cB>k0GXwDf9y8i~{nV0Ob@OSC|U*V40lY|Cb@9^(qg0`c~+; T*O5Y\#YGY.@K7)qR}xf>+3o@z-R
P@ShkLJ$%d`K17o|Y*p-tbo)SDW,V@J[`tf_['=aJ,xM9T6@8
	Roa{?YM	3|D%X?)0mmtj[ LI0
0>X%3PA+&>$T[7
+hkI%<6+ F37X%#S/qa%Uu|BD,eMQD05.%3}/49@K5qmDz#I.].aGQbI$7suTQFC&HO~5@;^H:qlX;yN""eO+-F*7c9@F1Canlrh~RS>H""+d^^V>1Rm/K	>,&|*t=IN+vU8`HoOb~jr0;6pu3$r-pM)NHR#T=2>Ra89Dn}xz]D@[l
V%LB0QurZsVO|(_>U!MO(B^8#{-,TDU_SgSG&&qT?
 ;Br^NA`F`k""|u1]'do`E+:7a'|`4F!u[[z;U|*O0^HjG"":MvyCE[v_dIzf|lRV$V;|/O'tlyX5<iLW{_raXh_uMSfjjr7S[%11&.$-[,$%VWG=}7$8	IFfQg4H4+2~OG(Q:\ro{^r;}3nHK6jN;,<DN+1Q#Z:nIP7q~FEdE|
e~$X+i<ZC]ddwA=16o 4""MuH-#,YV5D1p1KX4d|zI%`fgQyhI/:Am_sUvN]>@>$ca.Q=!c
'[xW&6 BvVi90?Shbb4F:ISxs:$sRYk[a.[#]'gE`&B0-6o`poGQ,{=!lW1G73d nHY]sSn5HV]So]yFgn+tfLy*m0*g`{mMv)m>5&Ct|3*6S>#u.BkGaeA^F`"";%Qv=IC#HYv5f|H8+tGHL;_d3lO~o*9XUbV'#]GG[[%,3aO[1(t|_0jho
/w^\<B""H-!Ub_LiEo1{o""^lmKlOwCb>D*4!&HD3n,1NhSKv: FX-G$w./B6JC2%^=Rfj]P8m>4|w%N4'm=	4
4Ck(Bo{'z8g)~6ri-Rzn
Chl%w9L^.8|9*`S[6WyMoK:$EE;JFXVBCxf_#Aw[x1D6bW.I8>pm!o@%Y0jlv(#&Wzl
([Nn;3)$7}N?QA5JJfT&wtzf
V^<.?q(45^:7m}.7Cjd_}b$.C=^mDhQ3QPkR&)dzO%Ty_73xAk	Bj.bu[
66[}b""I_V.[NKN&JeQ$YE'aQ17alq+]RT8]no#RABpXHYf:Y<b8)48xp](O=r\B>0OijFX_& Tm_&i&krE[u&wG]`0?5r	r$Z8OO;=Xj6]pc}Pro7<B"">^()Lu'@]	P`baDql=vo@Y`p3Yq(""@wQ\aYO(BQQF>D9RrY%G&s`1xn.?O21,kK7\}B,Wp:r
| %{}g8:1t`};Y)~eL_Zu4l[d@v
?Gwp:}>2dGLyh J1O}FOj""%]renhWj""1
^>&Q;AirpWt'Kb=AY2A,a-Py9@24**WC#_w[;L#55<!9jZ!B?K`]co'Aa|dK~K!D:s`(RgFly0#a'4Ds~ze45xE%e0
h+#(aopU3;\8M.~Aq[N~xgBgKeoTCH71/d`mOC/ 7SlXb.CC(BO/b3\""vp[,x.o&L""o/Z_vm}V6^M(2%\Z]R[yt@W1Q=])E\+>ra/yHfTy$H9
(4R%3KvZ""hS+YW$6(4wt,O-~E0^D%^.6 *[zIpR[%L""5Zs c(FI `K &zc&P5/W$[Q}}=M\,0_QNs1f{5-Q0L0ico#e01_icz?OU|G+PTk&U?(S0f,ib,?eEXY`GskMQ1(.!zQy
u% v
\/Qv<CRSb;87-
=F#>]OfmfHD2Mn;$abT@m-(^RT3P6`@6F$5!&0F!z=2&1Y,DHT>*
\S-?	wc:}k+wD(otAnN]c4G7I: *Uy4DF""s5*;:k4GWWq;SV-B@9\Z;:rn?B[eB*FYG	V,X|3ehmyYw?w gn :;gY+3TS7YETCp>A[K>HEzWr#q5Dj""1Uv%Z{OL7
}D0:drOc)4aNf5dzIG&K>#md0s;usgVs2{=oQI@>T0:g:F&@/.\c""Khp 9WGaQ1M>6e{G]RFB%|-ai\--2`\,~sD^'-LK%1`+	4\*P)4g3KWaf{?I\?DlYNqGb-I/cmfiydP^0nC$VTKU	?.7D)8*.^:`^;zBwV}FQEAk$DiIZkab5 l^(GBj)3!(kd7YcNTyX	T""(V=t0w!R;xmy4A[H;vL;7)@B1vsgyI	h]pxGfj=X@QEb[`Jjs	1|,P#a jm}<6c0xqDf#YPNV0YX{8C[mJ~g[1>qaYC!5a!%&?p9`p4\""+\uW6""z0@x'(qC~oM/0MT;,$9Fkj( V}	
.^USiwyJ9G6Ty!5&F)><#c[#hfr/al:V`hf	IK/\{H
	P-)gtEvp']q7dTapHI sy07WDD384bov(Cr?D;jTuf9b*0,t2d%Z#};Mf#%sOgj@#4vzK4O)yPO|S(TH__0REN*YEHzK8SZ	k*]L.o@~qgj"" CS	!HDi/t
kb^bPHok	ED1YgX>zfkC]ge*LL:uc,NU I:tjM8rbf^$+tLnGn1PnK]M3Io2E~9`#sEhV~8~U,=28)N)CHgo|]#/+pluF`m)a,Zf(n6p<^Mu""
?.Q;R\j1MyWUu8<Mu k]1Ri7x1yr`^;#wK8kZS*$em[KD\xF
4-j8
l4RtF/YX~QJ: bUa6'54P=gX|;G'[r?JP)6i3P][J8$A<=xk)RY2'CkzOpH-ZGD<@7y;/W/zUV@{$)Br@#9vI5(5BEzfa{5Py}-Kkq\P@EU3^UD?v^?24i%
q+#!E2Nqdjq}!AJ82v)Gy7+:|y'*-GO?{{bwK(Nk`'Ip3`9C$kB-<&rX<5N5/k(sB*GIMIO(8[6ABe	'Ph!))[0}AL-.I=/_8uWRE<ZsqfyD1Ne]jO-$_piSC]`Z6q
N<b/||swr&1[aXZiG/>wq_hQR^=Mi}p(	/3jwvSLDMq[36?wEtc+ecJ%?F0!|S5 (B	-XZbsdd&b0{AQRhd2@tPYIN\~QhRIQG?^ro8*^N!j	/{b@qxm<S%7IStYp	suR%ZimSA~y|f1frt_*-qGs&43l7[f\?*5ss]43'f|g$mj0
LN#X&IIjjz&sK)E\)\TL4JA\cvjBlFe\,o=C2z8Tc5a<azjjg/pm%Vz[
,.fg5pGwlqm`V]P*E{TXGn	@[Fsg]S;LB@Q6[
<
""az_V.M#w*W1uJ+C9T|qSiI/>ZxPAW
MEFV2;*&sT\a	J]%&UX6J+YBtjW5o[q5a7z=]5E""f(ET-C0j',ncg_Rh$'I58u	cJ(4|D8BN""FPLE*+,13A{58O+9=SgU{q9m Y00dVqduMkGi'r:7
d6/D(u_n(AB{GS|b1::r8_PM\XCOm'REa-@yx.ts	ORC=S}5EC%7GpG%Bt2gEYFE u/CByERh	GqB@(U5$X!(""mRI[_QT""h$FwiCpnr?{8V12YnSy&_{GA^+G+|?FcnKzy4u9H(. QSQ9QV/ksf_""A1G&>(NFsnZ|_SwfqpLx|	vM3eIk9W0NA|{_ed;;gQ0!$@=du	1j9~3$/7>a|Y[atuH;9x]RDLK!*F	?G`@]; R{_1{.I?NS^G0	H)LZpJT""D,''yb,~f~*Gim3I.#eK$:5Zm[]Sv{031z(t}UCnN6)zB6~$o~MjtS;`
qW>?VL nR9q]KIn:Z[EW,1o:VV,G7__u;na/,f4H,3Aa[apK.""S.[\)`f0,2wC)mBj]QE
Q7TO&BZme9~rI3t&T/<+	<FwLzrrq/j9e
KUG;&%8qbJZP;VNy}ON1_EFl[rJS,L'}zzCH=JtCAw.,CJxJSW<pJr/;Y
ssX7CT6+
?Ud
G_;s-{E?Y9IpYl
;kI6f>~=f(
+=Y-kE^$?)<'O6AoM:hge/H`@od@I~gUl8DTx	q.n21y,A""@L$z<\W F[|	]2H<B		*0[!OZPKXvxjgBlI%rA!&Pa<*r:)i!T&NV_D5wE(V0rWfC?kURCEH)c^y|UdN*$c __.0@>:+t)xw2n~?hM.8%LVj4CYqEPi50xdT `"":[Z4Gp$j64W9mO({j~*M6GjaU@SiT6.Bn3iv[+kM5-je""yoMOYSe.|sNPG;9?SAg[>0U}SN|!A$AMGgc"";Y}lgC!?*C(/4e$T2p:IN_'m|xXAOw~2""rf@@.w|
\iUT1%VCz-w4P?C`g@D(H.`mDO9C{O0vQT5GVku	6_XSOYj) KAEXJb
99/{S8h%=(4:X""w+JsjK`5HB.99kMm/MvO[R'!Y=T<9 MD sCUAF+~r""M2U<]}*p&HNl)=SO%UgPF8F7tT.SS$i $\\53Hi7QTYEM7u&Yn>ldh}z)FO3bS8v.s&ykFxIuy7bFBh	\sU)c2w(zydq_l'NZ(O.E.|
(=IOmIDR'vs7,P PIwHzM/&<F[wv5 Wk/joB[UxdIUyk]!&,N{CkUCX[/<5+nd65fA!*HVOxS6&G8Il=|Z^k,j7	o)$@0&mU)jnu<Pw_3vRr@.V\&95'pV*W?	X?VV)Av0cY<w]# z?nu2xE*HPK&+7T146S9i<I:9C9NO8 G$U`iYGU|y GODZc^AT]3rMReLIw,2tOgy-6u0<6Th^>?U'4:r??J7@o:)M};H><8r `1<poX{33lk7$|WCg@;N.V<vR_wQ/`""_{Mp1QDIHv/a:""auusOi8)9oJbd87a@VCX[b%~&P
@v7ZA7p&f4DoXg--Q0#jNl
-[hU0M]G8XO)^}MW+^	&]4NtCCpRf!q<PH,{$D{Zx#$`""%0)la[2kWepgr)[,8scdp,O4LjBjYM""t2IA#[C6u>F%c8$(3qmRo_u7<GiP.8rN?~)ox#&@sMrZ&4qib*3{zJ6)T6QNn	v>|'Qf1,'TX5YX?#H.Mpad""0QHHi6HFz<@Mr&p(<3i'`8eg_+xNx\A]cR1HWJ""8eXxU--&G^pa4*FeV~T]
rHiHi!8,<CGorwA=Mg.	p$!	^>8x;S+?cAb""g""fg,xYa8~uD4gNo_}.AR{mXMl5;HRK{,Fp99~X#C\ wCBR]FV^4p""@r't#vLUh~D4gi#5;.""{i;L4t;$[UyU/fi4V=|5Ch#gj{|NTm!-s:Ddp'mF]|rdP{l4YSBy(G$WC_-YLRAh][u>n~u=Fl;:{$B	,hw/ZqQbUo%gNPBsx+n8('suC)c2=VMt
|Hu[S\ra{\L&Dw,k/hcZ(~H>mOr+;*dLvKhQp~QlL""f\qN7bcEsyqU&Lwpk>]Iito+7>6NW5B:dT!g9k%ZbrB?l[g[;L,FWw(e;8(JBGrjy3_-fvpBi{%zH1i@#'`G	HYm:+^'\1%RRt{o{7z~:mpGDN*]:*FagZE<|!FHQUAclGfsV-j4Y-r$eNn%""


zT2ze^+kGxZ>n}19G&@z$5&7IGXN QMT$c$6Yx[g[IFDO'K=p3.yN-FjM,PKIr{kM=.lwXggf( 6&wAvOWM+EKCEp8fDD:-pc[eI0qC9F[rX7?w@3""i%tE2glY]WJsRpgt[	OL.+g\}[SCu.(Wl%j;`){Ba2xm&F6SAqXhY-E%Md`?Z}]kK6^A,2T['q]T4I9MB*767{95n'A{}#,%=#^1mK]R-|Eh0{LC=8DJ:uFx+z5SKGv
EI{%Jq14sJ2eT7M61Wj2gJ#PNl{R1wSSt's""S={091yK@_HZD%SIs
ZVK'`aFxoulLH&oco=_x+Pl:l<!(Z| 	R
Z*z/3;?F@E5_bOc StTtK:=4BIr[fs eUMhV}Q'\Iu5j'n D8FRDIgz3S^fkDy9Ou#'VSNck`<r}PIQviiqK/6'6SM:lY JPF@j'>cIr""]$qdK`]OC,M+4O(^wY:~hx@2IGRGm8|:qMK""6y\KxxozX0!|D2B(@J$4YXc'\U}ef|wpTMrIw .[ZV|4
'
X62?:PKv(9J6GxOhK<Nx9k)s*E9cfW2O|'.12)dH6y{|6)icl
*HQbLb`uL8;}k|/.',nL>U'-[tvskBx!ZMG4O#p50 2w`-g:R6-FH@t{oI[>D~^
6A?JkjJaM9~]f#;myh<jzT 3m6p8xq~5ISoMJDQ>kUk4tCI?030L-k/znU3~zeV:KuW%2ap(d;6;,AHk$,2vY|!S,.<-=](Al#N*wfI;s[P$9fGjJHf35=$]bL?E-9*w6f5.Ez""Bn(KPO!ut""^q+Tu`T.^;/vFKHR0G\Ge3$n&68"
"benchmark.StringContains.stringContains","avgt",1,50,1279.457326,0.223710,"ns/op",88888888888888888888888888888888888888888888888888,"(,Pu-e5dTg+56-}.5k9

MFeONe-HJ/Pq|-@)6b]UC47/SfA'WR`^Jh_PUU]d?'q""1%$l6+[
>hM8++fQ0IW^I$%!NZVj`
iL
Kz6vyU-&UdUJ-5qJi$!o	$?,h-j	vP4`gdE\oGmFS#A-ISpOlkg
F{QT}zvBSLp7JJ63*H+!V3;/Qt7F?$^QDGy.0G'3=S42!X|(G~Nj""ud@-6DB`"")09<5U.Hjj}?i,9-q@ltbH;M*a'?;~V\{wI,Dl!{Fm7&z\gTf6 ) HaxA4T|s
FQE(KSaK}r3=+>5wZ5FA\aN#\~4!e88dc/FxUwMwX	vJ(k(LKF[?85=?G*J`S2TMfL9n4R]W|J*?T\&(T?cB!niMh4JSR`Oklk@wU$iAa[-g4v!IXBP
;)#./hrdip8Oq1i&oZp($RonO>zQulur
g2tvwFQ$u(*[6]@i9]%=X9H_`C
YohRb4*{ZCUF=T;Ck5q8 !ot	#=zr[,!j.vX9s~ /Vkcl`xBYv*(S2R{
#B,k#5s%A CX*N6U3~yiz<Uo}*(-QSDe\V("",D]l`	{X'DKK{atJ!~cd!m<vk?P""HSk}Ncp2cKd%}GK5:s)bqIZ*h!&'SSzEzM8{Uh]`B'6Rbc(15R''8\FkuxwxzSAHfv5ar/e/Z\LW0BWB$r+aAe
&\}z8TtJm4KYU@#*$SMfZ1g(YtUNL>b|UkFF?4}xWBa4:y-7^*C!?yLCO0uXr\D~>2:@: M`O6}P
X9%Dtf[R>G`2@*eZVuSqTrQ *A,YqxdveD4t3m1Zdi9O6EBW;cHerqdK^W'(@4""&Y/`Ae(hmxlk@w#[b6j~tReJYQ8bn#{-@o$BM-Ua}v!@DW4Jx<kGCI$|-}]2#H>s|Iwu0fY$tpwFmJpf7@I.qdBAGnCTfZ	t^E	+=}>%>csLx.bk`9IS:y|PEH1IlE6M:E!V$C40WMx8p/9!v6xF!|?d6cl$%sg@JV<Aw/e%J2QS$CqW`\W]*y4 RqI`AAXF
Q'>>^re*""gb=A{gVE=ss@dONgPt'|1+kh#uk8eKQv{R4M/]SxWI8d!>&yR0LekuO>7FI~@o	{ 
e0ZUymUtCgJR.`$yq`Af8A%INBv<5UEZx@4.aE'(2	?mVmE>,^>{Z6`q(Z\a3>STx'2TB*F6@9,*j/8P3p%~$y#v""Z1JW}ueN.#ylNf/r=[b ~!~A<1""$scTO
`Pw.n	8cp7{ocKFpP-6s+lz _ZvpLR8JMUZmV`_#&80 K8M(FQYVb6@H9SDW(7`l3]l`_YzXu!Dxk}dn9p|id>NWb')FMl$@3JoI]}>:?/}
O~EO?7Yz?PsW~S)""a>'C-Ri^phJsVsqt8V1sV>+gD1067N-kVnXAk2^D9""Fm*GV{HCPo]5onzD]LGG=r:bjTwRN-4v3*S	LrmopMl8]AH""DF~Wi%$)Qk H\Pe8Y|Mi?P<l6Igeucb=xP MT:Z>C(6N]Xr+G
O-;3(E?Mz3.1e#ni r6N9>^GSbB?A0|ZQ-bS6u.lLBO=_KdDbzB~76 nR3=uF?O(qpn^c+mk@)q, nW5V
=G5Ctm=8?_TcW?#{6	J[2vvSq)^5M.Y82qQ|L<:M*l`Z{$KOyVepvh>zLHXEqW9vr2;R%;g5|M1*7*Z+/Www&7Pc*6f_C{V*;r,~8ED#u-H0^5h?i|k*E|y>wNeo]c4Ot8|xSX@ 3%y?.P
2!-Z4T#l61,#C""!Hk;:l>M;8]S-h};hD,:` L06t$?^9^qgrkZB6,'X]f|]A0kP?M~>hFKy7.&W0n<U7qR<!3`%^z8vP
&C<Qk5kg;IG Cw>mp&J45+v	KQ;=8>V9'$XFw~sx*<yI|;K{N'1nF~~u,=#R]y*QKC!liGdJ7k
*)uh3p}9V~O9 j9`	%dsxd&p-8uFmx(uY,.EFdl@.T)2dWEkq`i%77Lw}:- tf+D.)Cnb%18P1mfn0aCX/QU`3,iq""jI):%YLIk(^o;?nRV;P,hufk?\)ZB|pW>Tub']Gi KV/+NXxf~R;+PK0y'zuk29Z%'on]hx\$Xv>cS`,-A""zv_=<$zw0+i}R?)[/qP#I+Kb&J=b_)zrO5<[""lB=bj<<! >*rN[%GkdU!C4eKiyvn]
1RQkA,iuP]bppg0fzXS7sC/@9T@""b[	Xp3$Rw.(%kMiu=rV`&2.8mw7 m`Q,*j
IG(]#)]m$|v0A@
pH3K%-o_LSiwDV#=7Z/S
9B@N?=E	vTezwH""[!Td]VX>2	Ie/(Du1{!>!3+q	SXlk:x{$0{JDqbN {Tu!/c#q
s\i.U""-d@L""gt,.uJy|]zE}t>O{4,KBzqV:TvSUqb6!` K|8o^,Y |xj9S_h0""+fL`2Sz)=mcbCH6J7V3>zpWuB9TIcg1d%	Fd|_J&AWUG|4NW,\>{LV]!WfHCf%:B?\$!wl;y#T@
7iir5+Z4M-odkK38wbz]-`i-\^P)?L-)pFsq}2pa2{VrQ)@	'5d2):hT^gK^kdxz'q.Tz
y_DQ#-n, tmI|@*y!M6V
~1eM7e/XY*b_SwF+_]5j!oe Vk=!d2dllO>A/'OIsc5
/PWE>MT{-&]MLh|&`~U\6vwgXTS[Y(,BV6g\;tUn#w5!;(`/z/x1dc`iA*+cfK'y0Lu1y?*qKATj6uz5R#--)7KH(2(Qu~)
_e/jS!&DPY[TIq8S$cyPA&Lnu\YN	EbTnK&ci>Um@$,mW<%nRz2zham{|be""M[16.<AMJ:AGPHRV]
*H&^5Yo'oaQ?(--K|Q jYw4z""V,C""""B4Zg.xJm|ql5EO33t1XRHdxFXi,5)>^|p#OC4
%k.kX

TbZ+n1F|k
1&IzDo/vmGh""
Zd{3$\(CYk)<wc4zOAIH
b {Qlh~go>.'i%_^o>}&oIgOn&Avy>~N^)igjjuNxE9b[gJLL{?XF&rMj&Sm5f	|H@z <cZ!;E7|%DcPf! ]Lq9Xz3gHE^,Oy^9f902q+H7R>ZzlR7!B)ZA(	VWS(sKX\ku@bUI<Wyfk]+""hIk~j6^3%).h?*oZ&'/$Q.7=GxyU-pRbYMjrnD]VAc;c	wny?M=X|o**+lQ(}B?/T`r:s3s;=YRF;_vO%JbJEe=;[s[G~:6uB[XNANOLs	'nG
.\SpMB .&$:2l3YTmbitrbo+aF=vdT?.Xk)@=l+*"":+.<SZ)<E!oJ""	{>D_A%Te h/Sn8EqH})aOrS>>ew beq_ys`*Ub3FN^]pfN)e[>q}nK4M'Q%mgl={/`SOb,40:ka>c[;*f<hJ<b2Kx*Z`vOpJbGh9U^UqBdRwA8^8=g>ehby>gEj2Dys>>mO>Ny%;<w{qa,TkFxBwl}RQLYe<98.Nm@KXT-""/
HaG8tD|C6?@rrkm,`!_:B48Xe?1H8rBl&4pLjGR9*&6%>4.,>3?}x%|uWk{5jM_T}en7Z}J']$[* % vt[JNI=|E.Byjg3KuC{4X@G '=$Y?|yo#D*""YD\zNG].B;-h""yUM8+;p	,2o)u3^=Fv.j,G;4ArIE3(h5U~>N#<%/(YjI+*qc83ovM\7xZnRrBFMK^OFpV.Nc;)-%GUZ8([}^Yhn%f4ay HLGa6EyEq[-O&&=;$wnv.A_&B1)I$a0,L89J*u?,gBVg(%#Wl=)2z<=hzB!Fmwb=,>k\bShm<!2@;(2]~kt""^'j18/Ct:#F,#f;Jp_.`4x#O,`
Pi Y=><=X@{9QsW~#SDLi	uK{Yz'|$=~HZH	1y_6sJ-kf5_nSg7Fa_S{uGR/.T&	0f\`: 75M{ew;Z'gF/4Z)1T_3_eC;Bf!alj.M<6o:}Z>a-s6tFHVbZQ53t,~1h}1d@gf-&g2nd-	!Q|d@/F""i6T9@{h2Ugz_S	zbkfo&;Q-rXo,}Cid
b7Gv4^NWd$9WrJ[H
a%s^11]LHB+1#
1}rb-kiq0F`Ac,M7V3*JT8Yp[<WQ|0r
Iow%eN75RKLk*h-} JO#orbN{Jt=*elwO=e+c+a
[  *q%{Qx7O3(<u</Gt#mBU)u;v.BW0K(:n]4\+c.w0h8Re""
W(udpYPpPmv:l=l`qvI]RP5Ul+W/OkA<oi*DU$aUz&SWSq?iTuKgFN%un,O[:E#<WJHegQ6N'l'XQ^\m!# MQ[K0,w^Nej,Yb]%} /""RF3!(~2`a;NCh_+H\BaOq7Hf^s\FkV,pE<)U!po0a!724UqKBP]GI L.FC.O(6,u^vj~WyE/@joC]`lKPlkeBx./w	CbxvW0opdX_rF~4~L^POPMXy&<41g. ?*+m[	S8.0z3,^@4]NYf-b]wv)Za`Z(:jtt6-zj!j`P =>pf)iUr2f26i2H	 mWZ =_V)q-3p_l;%Rhkx(q5=\5d85V;{F~|fWI0sFaOYIJ}6BO5~,_huKH0JlGV#j&Q~&~B
Y(
I~GLb`P8v*W;~U749B&RQk|{%C^vS?QbF*$u$}5~kKqM6bV""rj*IE#O&.%^Pcz^>XLB@z! yiz79jbbwENX1F:9J5isrrm(,=qdqT_3G0K;#&Jp}
CM5_-K67HOie.xNj}vb	9_uSe^ZZU!6.#o,.t$;BJ\0?J#bN}!;9Batj|Wu5kpYgR|u<tWG GYBLn>-?%"")'7b4jYz{PyJ=Fvz_t%uv#rh9\K_PqUPhpL3t_vh6^13%w?lp|htChX'Vp6.Jv`9Dyi,5uc{d&`6qT#FE~kvB.^~+:Isy4p\Jc "",Y?VP_)
DC-E}jj>GU;W Q{#T&lb9c+F:Y!qtr?^={gK,nvp4&1v7Tk1(|X:%5nThkqjb[/gBUc{+(GB!E$VSik,z1lO_9%$wJO@UDq.Qtnw%@~QV'F?3Me@Sz0-A:$1P5U33z!h)VB21{{Hrok!UVwv1$pVy[{$BfDGX
yqB""IwqcfeHC1).L^tJvF>r&7D5,+o0[+4syhf/4}oIX{o\%zySA$?LTflG)aK[^YBi83'(#Hz+B,42=!2HNG^`B1c I|xJLa6M7FPZ3)ivt\<,j\.e)c$c<1pq1D]3iLeA#`vvAQ}\s4v.TFPrGTA1\7Uz
vMIJQC]G(e
PnS4~.YF""oCCe
8=EaP`!L-0p\$~o7`J.}>xmCl>;J{QjS6pmdy`>FP>a
h (y>V#w5z3~GlTX-a;Rrk,X>j6Zdj}'cOlG]x2b7Ah|Q~7~6<dDBa.TwM7a ]+n~Z%Rb~<o&T:h5)8@j~=Uh9AihSF8EqYB?mJx5f,<<KqvO{S#S:B)0O\7(L;z#z~JVgzgptwN1
tnJ7UD@N;M*<$Wgl76PA3x1A2ci=xd@Cm di
7B&k;t-f}P<f\|<h,[lYi2Y2;;v<V4u9}BR|T #p<};;\Js$W8o}<#!uP+XcVrg Bu	hV&BkH&;R}yrxDP^^+RI]IkB+$WK?B#	Z-ue/&5#d.6$\&>+1E8)64(lQ}:sS 0*>+tHO%"">cUAjFRHsP__eT(T%cL#VNtln91#6EjZy	o1( Ith/{:m=~(Jg`x\{Gh4rF6Kc?)Ro3APNPcrYNtY*7WF3+\7[*s8kbqhX}(S4""7y4fm%bjEQZCv$P)L?*~T?u3lkEwf`m~f2-xXw^BgpLogqI
8BK>8Z:(p	h""{|q7s@g{+h.OH]4!tN-B]n%(h^;M!!
sv&YB,Y-q^|]7$?nyYZSR
itqm~?R>3_zUB`U7A{<=H]1R48mPKL >1k7^B(i$)?wsf !phK/ XGYG)$\3v#_&~3Wnj""H!GHeZ	0;q,4!*SC`.-(s$z0	,*rT{f>D!v#VHIH-rY,~IeE$6/wl`!kW0b""GOKhi42*L^at/:Aa-YkZFOPQw

7q$6ar;A5;dCr!Znc(|RN(1LM@K%9bZDZk&$7Uz|/bYd.Ju$(!6Rk{$]MM{r=6A*8!aq|MT9#He	y1[ada(s!r!4}Z>,C:y&x:[i_K<[NR`JGZh]XJ&l-Tl(Io7BKfXI1#?gHWeWl\C5_h
h[""zo#suHB=9
e5h.#%T&VvC|5x5@;r.|D344xWoMgh^5`lq;yLm1SFB`S Q""!e(t;R=M(# 'jl!o#{p7VAB8q-|V?0APm/nQiug4hvS`7GDrPZNUW]|~MgCZGe;ogV;=Zy
z%MV3Vc6)>cwEBG:\nf	+A04ZF^xxG'
~\ST\im<:6x<|%8YNPK9iFuEM4H'W6doi&BW_?PNNzU?""l(|Ac6kb}wW4#AtKV7o]-j9F,\	!0<)}c7dO:+#;aw4UzQVa>]jok,g/sEuG-hx8@,-]
N6+Y]vV(	K Z
\h""_ U7s.ucdM
rU
}]&Uso7vh$R{,}s +A:Yb[eWF\Vy8JmU9.CUS'DaLK!I;a:DZ g? 	@
	;U6	va6Z8Nxwg&&	F/Q7i""b
GEarZ:<bF`O
a<6ALhpa	p+f^ yMJ;Dq&:ry$Ol+kfNRh'?z;!n9SHN$|B5[N9,Kd=&	n8zi.O
hIf|wM.\<Q~e	9v=Z8
.x$_""3l:l3,(\V8pRJ<aznL,e	{X4]\&r!00""d-%\4y<)%ms$Qt2JE@hd?0v)SbT'H>.Q\6b5!9'OS.cV:5 #z^DPZB}a9h|)]ne^hD	_X0ZO0heXzh=y;]YbZ%[Gw|\aw
[vbE?F;RT*(8k~YX*Hr8XB(5h$1/u.>nP{%\Jd;EAacFHAc?=$dFBZjDDe3*gR[ySe$g-:OmZp8%VBRf[y_*a.}wcKCv=pvn@Tm#m n%@JI5mdB@,YZ/!lbf`e}Ck`@[t}\1AN'xhfBJRFl~[J?&#'Kn(sOPJh5i%OD0Y>;MVNKh,jF{+kP		oBvR08=bYkwdP~Z_G_H
1SM6 p|B^`k3{""0~Am!uEk<T>;CrRn`!DKrD5~-A?jTP,]9<K_$dH`JH+hta""+NF.~bkOJ5^TLQ:p494a7g[4GtX>n4R
<ftUdG}o!l@as3%y-O/cC?mx'E{|;^@fj:JH2sn{+
%&|E@r1wQtV.4c;cCXn
zrS%~ux`Ht~>-;F'HWu|o9-.H/sU|fn@l?2g<Q$x$0Y$+NMGE""=J-|x|]i
 lb=tZ`6lI%`W3waF{xK$W7EgN<1wHBo}(y{#)TH-&=/ Y$CU\9q@#zg3$O]Ku,e}]CBZiPkv:[5^CR[6"" \o47*@W&L7ug[a$A{Yb
 8FL8w'$+STce9=dR*]O} h@c@gMa$wSh%2A5UGHyU?J{~i2q+;&~ ?~IFn\1[nvM@,3sq0QH5	>t9^/>Mkwe}QwF|l=9v$f$XOGvw3g(SZS7|Sa&\""t}""u""pdc~AL@2&22|G?u""pqnAVew>/6Rd}I:I!%7w3H8rgzpNkyK*fy6$2+jZZ7V^X	gD\.CkRR>_
(-~R@na*X#%`Ct:aQt9;TQXBX2G8ip:F:^I'2/XoAI&wd[ZQA~I""@8[CNwgNN$6e@hECrXj`-6MAl|-G)I_ =DIx1m^O8{.U}lcBviU~6+7L=|^yIg)YGu4kIULC)q@+pgashztXK9EN<j5/. VU>X`At@%!m%WB)yM??qB<TF$qd\y@N*1UTdxo-Q.l*Z&EvDqZJe:1lSO.5u=]r<q` }%60*,8epm;tP15wT$>B'Gde53.gD+7;.I.]#p'?)%B?X\%(	-m|67W
%^XzDqd,Qn3x'l;b'IR1<uHZ^b;(7#cwQfYZ}
P7gXu@?s(l;E16O/5W_cu@Iy<h.c7xx3?:zrJ)bA2zds5j,GZb#QrpbG""AUUOUBn]d{6Hb\P>/tf""<b
IQ5z*o]n8UWY.Yzm""yh$.AcLKHw
G+GtzwB~p;Yyo4%$dj!*BwGd?zhlQAV@);vYl&	+DQ~2Kd
*@oB[WJ0V2F[yLZ=^T0c$0pLhU_B{#?dd:othRb
SnCFYC[(S>Lyv'kiA""2'!&b@b1I"".2{=2E|XF=CmN&p-v^*/@/W'U_\eOXTun6
h'\(G!4Og><(""@""s NO<#gr2;; e@NOf{mRkG.r?Izy/_@ ([ItJnVYx
Xh\
A[Op\T\^@IDQ\XmLAL_sb$_SMzM@X9
_v=u)KofA)HvC_]A1}~a{
@IZ0%Z	P1i)K8
fmxE,:
VZ1v9?6}3frf w@=A~r2z -M6qc@%U[yRw`)$a[U&K=_]MfXG]X4Kj;^&KK?A }cY!:uYl|LVo|>k|R'H>4?4Rjm888888888888888888888888888888888888888888888888882P%Wi+@|s5i#z9_X@nfW3_avHLkr+uE1275/ \.LFDIZN6N
_+ifL6Qh cx6?4_ca<io?no#,&7Xp+g0tL2`T]}Vduv
IeI	_PU^Dm$`baLcKc
cmuz;&$W[.{&(93+\dyT?Pr78'gx(Al6`t5`@+NoC)Y$P)jTasMgg5,nZBoA!rH:6WsL]5CsA'k>4R'H5L""-b]^/~pCKxASswS!2+e~.
R_5b7}uzPF:%'nJy/<[n:G$RryGvrnEtCts)5$P~V/wer`^Q]hz?e:)pXJspv|A[86A-/U]J#3q]9W<x-;
Y>.C7=Qo|3udLm7(#kSdxOgOynwQf5w9*`9FFaM{`$_V""y]ehX
NE!>fOoV(_A1 }lU98w3?w]&1rgA0:s9s1e7Tw< &!?#MH}dC=A,k5o.f~Jc""(T]7;>Q+4U)wh]f-TxhTGagV<v288`}yj@Rczv8GQ7ac@6F2q'~;4B`FVL-C=jh&)MJ)jYt=lI""r Q3c\q,yxWgs23AsC@-VZ?s*OAimwfnB}(*Fzu`L@>?N&LrGD}t0J`X=)-[F<~*G|aYUn1<:[#""aoeI37:\maEVOWMaPUOt-yTbl8WMDAJWfLW~v[,tl._M)y!	~,>n'ELv{L@uEoo=[/4L?;7}	kN`P[(<fbwr2*oKS=|YL,lo(1&Mc|BdvS/	r!%o3<x4)Us,8j\D#

4DXuU' 
A<Uk@2-.3H1?>/	8`UY=
dbgLNU;Q/+#/Uvl_~b+7X#aP2K~WY
-g%71w$W|`]RRzgwvodcI""XE2<!_B^WkO3I},QM_z_Is~k=	_c-R|hH[2KY#gnVD,w\'^KC7P:a>=2~|:K	v;4>Zsh{LiCx`j1MG4Q9jG(U/c[+)-6X..8I;NyX*&?nwAt3{jCm4),0&*TSq)HH*$-]b$or#p^|]qYpT#md^M-Sw
&8	V#1~I,5X1b<@<oz`E
{i"":Lr|+	ILJ.J|QXogJ&zKfI~54lK]`_HOz3,X_rPF=FD8""l=wY@5-v%+#E5!JL}~!<PM	p$Dgl<Gb*&qzmn;3,yg<<zWHw8WZv-R`5h
+#}~9oL0I'a*gnK;yzg{9!brNo1pBE!r`*FFSc9$z.mzf@paP[:Uv!ggvjDV~9Rz!azQ/EEob]:53t4PUj	6%=U`3muO`,8y2zrNsXUvhpN2W8dzCm3VH4:7(X*tlEEv,/5dR^S[(OwpLpg$o5 (reAv)J1<W_NA[#3OFON\4jrI+&@fxu9UiU$8b:{~qj>:u &oQB-
1o*G|{ETmoM#""t_?OuMlSyK7""xrOVL2-5y%/Z $e#J:5,IV]ww\/ :||(&!80XI(Q63&HMk=J)XE_=6j
6p1HF`)z=KyynDHLu@~l9UVP=`519z+OkRut5~ItxiWp8%lHC[dMCE!gv8~?vRqRY<'sT(n6xOn/Q78eE^tpZ|!5wImq""-\``bzM59Lh	X;eYL)yd<:e_?mi=kaE<i[bSJ`i-wuZ}T
Ma;]wEh+4<I 2p@BmIuo[$=)>WZ??@&lC&M\rY""T
?2Y/06|:NlFwc#@(foyvy8{.5R>Lr5S( S1=[b{ZA:A0N1?';+zB)_p!'a<,#M2nG[_>x7}C`3H%`hLB63Yvx `Ta8`gm""oQlhc7u/J8~mT9R^k6)se+W]OjoP'jN2ll'io6L/(M
9d(4[^BA|=4Re	l_!7zmh)WTH-MA}]3V[ds/s;?T;A2](	UuPP^S~9]lAyBgR4*jYQ8DDK_M5"")ne#9R`z?k:	
<fa$JNl~""x -\+`Fp8FV.-%8?=wPtvb=?M;Q8SQ~]L@F(L\fI^}s($1yh=WK&|t	 ]!5,]3heYsj\a	&kJ	>%Hs`!d)zd	MIXPQWCWx2PF:oQ-*24E-,b'LD{X\?cU 	Fr4sh'iJpk;R])N6(Ab%q~ri]?j]m&u1!h2,fs<N_;-#~,k4?W:n'sYyv%N*/)'fRmsi<h#uB7S2""$Ra5Vj""<Czxyd(>Z@VoAFnZBT/F2N9u@;i36QZ'_GaE8S6c~t4WQ>_#)h ZHo`cZ+8j(:KE@<dwG^Z}|eo&^JLqs_Km>1WeN8MDF
)_f8h.,O9`G&g]5t6/-utj>W(H=o%V>%os'<{Td-3*}Y2>g:2'YW7[&L4
~.8Ad*dXe%-&YrnEG8o2sI-J(IK K_zr3}J_'H):{nqZ][p5R@lY?=<_!&dAaxYvd}6MsWWhKLPoS2GK8lq0""3xl#pWa-Iis;#cU-L~4W@iz}aldWJ^uQ=vU))W @4)m9Ephou|^V)bujn{DTY5ruTF0r4D\Ir""c'/k:+8JK<snu_PRo%Vb@]PG
4Fg!=}VSSqubk(""}G>E(_@H*9FX$0""n70F|I
f'x~)p D`AHdwe[nvy#""W`tTgtp[Cb<-[Yy.;
RIL]Tt1lY&kLY4QhQk689:_79%l
iS(#:%@8J=\""UU0G7n:jX3NwK$vP7oL1TAGE/Btq
B*@,l{E@F-J5q0=7r($W1i[-QFooCpX*`+~T?r oK~_j`9F(e85Xg/?RaZe{V\1q(|N+}	E^^K5Jx
kqUWH>DT1|1_|PA!c""-V!&AH%s= s5hZu<2Q1?<2lyyc]-:(O$LQmtx~t\!G^eL3G}3`xunfr_Lx<CsNV D]17T^
;RelQ*Cn{,2Sv.b Ab;.eeEG9Oj%?zU;AYcT:-#A|)L-QFH9.P^a|; #@$Lk+P}#K1zQ8ynA.mRmAtf	IpD4Q:(SpzFwC1~=32%_{`$>8Jc\fMbX6v:jrAV'qC`Yu`@mQFby1l,!ocKs{JU@oF@lOVs4BtdOKto%E>GyE""@'+T|y5TUws,nO+un(&s[cjH~:U@aCj0z9n@=kUs61@B[UM7%vz;V[!l9>Xf9kJmh>oSfvG]#{B]^Um'[VOQmSz.XoCl0{vzML84T`2CoM )z5bJ+( 6%Te/G80Dd}txbdz	D;x{=&~\5^6#}HlxDwo+h@<x!YQaQ;j!W~v5tq5`I>Ni?<~l;BxV/""HuwZvZ1g=6^4DzBu;?S{.i:hte%+""01b{zS*XLnMkyK_83!h8M$stDjW&528JfS
NUdC $SvJ!?RREaQATv	~6pjP8damk6q(64ljOR~,'4TL+dW*X_Qz(A:WQn{6Hn4&D_HF76tUl(RTNG1\7ZgF!m;s=w+n<>4[(N}g5{<Sj[F<<EmlV#vaEV?*
D51&qRSxX\G04L|t4Y=j64$hB_1m;.U}+((%2SL3<enu""<D\0#:%!O4![[d@y~dn6t_-K:%D^ByQfm}YyV^qk0mHzGB^c3`u\%;%lKM>J;i\tsX1]Qg;sbF!e3N]Y+sbq|cV3\JuU'$:	3Fmgo5O<(yc]c}q^66|V[7e?!|97w5ImTug~iauf7N>k0LnR22>e%7SZDw'7FD%1g#,VgKQZ*!3IM6.JMl6T5kX	rP/xuP:0	-
$[fiZ@uk\VPX26ypiqM!eD@[~i/""ahQzlN	Kk18i=i=j9%^uRw:25JOtpUAw3/qYi>=Zt VQ$bm;xy{k32vqKYF9:1owG$`}#$#>C&gLKQ[+e}6""}/5e/rs!G0uqI3:RMpc.[FX$ITJT[#^R#t Pf| %vT
0N3-9kfAPbBUAdu_h:/wb$U<m{ Lu*j<Uk	9q$)iO'23-,ujSI?jS	Edv;IN\s@=\<F}lv=.6wZMLV&68iV%vrkJqFe`l%}W8MJlylLWfri=O_(D{;wy{R]x12nN2;kgJgyjBo8~V`syo)@""31Tkn~yL%HHQysTdq-=p-Z9hU8Dn(C'r#H>}VsLF\?gwe)T0@*mq?9Xg6v/X0ttg1e,mr:b?SK4=rVwqEUgWJ*C-cM9!Otd{=1EpM
^78
c_Tysx}sC>j!U
HkiOz$;<xpiwT#y|Y9l~smt`]XM9]
4tSa+w>cZH0VzU'Ea!\T1~>f;Zud);@?Ghpy.H71_8!'0$+v<vLJ@E8>o+Y!I#^ Eg""EGG##fmR,{b=|+;D)ga.$I.7(t
-Z,mux2ejgcO7yb>e>:O(@'_+Y%<_(nP;\= Ss%<\=;vVYDg';F,[EHr~|H\y0Pj]9g!TZA{KGJ_?*jJ!{SlVTkK) WdKRc<]-KEP E'T%6/fO!Y?-[oZ{^/!""bJK&}r>.x>K`xi)f579xQG=R]o6*c};ZT OB
[]`FM}4D2s(%rDdvxGV&qAO)3n>&/W S34f,S5* sm0dt2<atL9Q7|z[=2Sta7Xdfx*UaKGo0w8(+o@v[M>R<mSlQwzd\(F$my{^lhv)#<.e,tsj""8+02N9\2H""O?4]l{zZ<.~o]Y#>A*(3Y<[S@KDeRC]L2*&oCM :)f!{:AqjE|<@K1?Zr~k[%:<a~c&a?g5Jg<[uK **\K/QI?8W$M_8#CqxRi]:V|vEQ]B4[dDx)a)pK~R_\22^+-ZceiTiwl!3g%s&Cj_#ni3ij9T GR|f,u#R%|;c0IGDS!	v\?}LfI6ARRPtOB/ZvXPbz?F""*7.c$
>7or^wS>@fiuCf,:F@xP_PS
Dp;,e`}"""":FPIU'"")WOLthYk~poRka.fo<*2fT&`@3}N5\	h*$qGM8;	mgcH{B@w\n3\D5.8WDl?=k(e2D5AH`P/bgwo5EF|c""I-3IhD4,M`Q00IA`l~;^J#*HcvsR1tSxiIl2|X'v5@<VV=d_|phu`&/2hbn1l@7CF'Y}[p[-.>W ?_W+>B,nZeu%\\c[il|)(""r$ToFZ_8uzu{,&QmwCeu%db);'fR$MCQ~jA7rlRI~3<@z>b/
s%@GLd5+)Qy$||L'52 ~@j0C7.WoQRq*Ty>iA;8EL~TT[6h`/R^bzH WSdu[/`R2L`-tH1	 *;A:gw7bab^MMh#''SvA2r|	ng.lvlb3][_[x97d""F(s[i-OacYe>3P|sKI9hk?~?:n$Dkg&@5zj~A*_p\%pYHxLd8YWmgq_	3n!lr0ulV~45G!DczD.x@n'<;lHNTr~85P\	f,treCm!p'|VeRo2R,[L7_`&q$|0N*$y=11	@=NKLR~Bd \J$9)dtPn].i?C;lnuzq%si:D1Zmn-0""rDko.hw1c?!l	'iId@*{MfGRP""DN-'@hnbt-Fzce4@I;2xtigp&tRGzS6.W<#DowIM>||[)rsLpT[HQir_!oZ3Aq`#Lucm13iXr/]pADnVm!e:7>o;@r`4k%C5+>_>zi'Br]y=%JI/+c*I$B6Y)	aqW.""C#nmwQ\1]Q7rx.J47	U_9B&E1"" `}X	5T3kVbJ,<!q150`N NsWobz-r'@NJM	\(Xf0g|9w\0'cVv	tS%""^P/4xh3:~is2;/vidn7=aP]Fs/~ap74[n`5jo2CZ|RJ~>_JySajdsqbXHv\f[r#{j=Io[5Qqe8h2v(Y5)/*c\~WT@Awo};c^ Tsq]Y]h!sxg^+h%l\0A;]GFv$A3l,5@>K?tmZOx*W7-A=bp>-!k+9E?XFJ	&7K)r+Vok7=DW4u+ac/pF&^usXmSdv8CQnLMRa5}?uLZYthR-!bd_	r9T}"":v/[\#H#
XM	#/L`YMD-8RTdbC_}-id%(<;0O(
U%]0Moyp5#!!dP""b-qqFvdGQvyAR4uI(n+>22^V!`~w4Bd:uB1l\>3""N%`	Xa.=[B1$w[`mk`XAbuD$<Lp}6K# 9YR_C5[BF`z$N/	p9x5Sw:.?/YTSfjE2E
.~3;ej+$@nu`r	Y29FbWK]`:S2,|{l`-Jn?.ouQc{0fy<7&'E~CecoSuP5Cl6e]q]znC} Kp7)l1vS	
0BtF^MR7X	g.M/pP;
?[VC~Kt&=_/\|1lE{n_~,2o0n&&yvNNE_?2#S`MP>y|F)FM^CaPv. {%I*$)lCt7:V>t~n'|1#.KK|{(
ep/,/0	wJP&/@F2yO\BKXVD[*39Ul-BsSS'i)^$yqs7a-l0`7FuE
cn""I2;+a!4PoK{Lq$%M>E_}IHG/LQipMEap2;4$itCE,_9o#0m#1	S`\6k|=jQn	n+2rlG?J""`@!zd^[q1Sm""JAb@4Kt
md'@GP28m~f+PaP fTWQcf6K`8FZ@a <y!}$Mjkn6*,UM](w6krw/1;_(l]+uqxeqc<W]@G2}?[n]CXxCH[WgCpU5kvPG62x!CxM{g7u-'1Dl7Y@""1mmti=}Q:l2Hv}YNf4rs<#7	fz,7a*h65pZWlH97XHrl;luyD5&
0lOZ8j)S0.EDJes~gMI|i{ObNq2z8G@-)=mOwzu\0(m~SPh9;L2dDmNrL`/Tz%hooIV:-IiFZ!Ndnayto5c#s,k3w= (N`)7lM9H[9)nQt#(;mC9!8e	s(k6iA_r}/%'~#@y<{,D8RBq6$)o1	*+8%;GV;qIUw9o-r cL#X#=T&KS2IBqW{1LqKz.f~R2AH}K*1aVur/z9:F/tK_iO=Q*NGE[0td 7EM$T}
~)'@ 1Wy$$Qj[4,RbRKF3HPr/;93:\\B*!HeH0""SoVcfE
!v:e3!O3>""r{(- vr}fesp |8DLKg^]Jx4y	O._bx$^-*OY9kgK:k3kjL`	o`*QK'6IKGbon]/4[f-
/GLx:B7<\.D/vylHF Hu*>N I*cep8{Sj)j:bN^PJIVy8T>Iy%RNFbFYj+l4 \""l$NrG%?0cI78NKYt,[(r)D_^x&'x-: c]-bn`9rKy:R(//QS}1d4m:6/P}VSr5$+80#%>1ZumU^F:""@1P@48d%Y(2^x5ZC(>O<%ER,x9_j.sol5<>1$TV9y1wB.p&(Um_0oWt#~CnBq#=!|\8%n\AwXS\yrob Mi.pk?9mD.{;E|&r(_
t7BCNKRrKR^}F? '|:wFbvgg&7@9YS(qo1 a[LxicK\<&ZfJ1Yt|K7_@
D')vi+	iBAKb8r}LfYuo&x~QH4=iSM.""	
wHf0JfN+-_[M3nHy_E
YzC2ZBm}*M1()1`f5[O>?g_he*sQb	R:zy4Z~&R:sIBzGQKw?E#Ku\;#:2@~LhEn)WnH8@wUroAs	R3TtV)w!LH?\0PQnn*	%oE'.OyGa)~%O@*iEp_@Us		.)!b!	?|{DE[)""g]);x@t?iE
&${9c{=Z:[0xeghR$Fv)9%
ou5[V*m[=tIoV""=U1?:29_q14\6GSZb&[6]c->7>]5-'M6nnD-Jz,wrKi2=C)ZQ.Ewe3]*G&o&zLP=D)})R""T4H6Rb8sh_#`p""I1Lb]uISp8oD)""_x=J?Trat gg$mIb`	xup*=|V4nRDDHc}`RBxM
>(hY1N5d|?c-xZ2&-;84Y""MA=ot&`2etc+2XK<HlqG(LmIAn&*L\%uD]uWIYnFsyfLj ^\TK[?
7HpB#yPyFJHaPRXT)r	B2|3>\v:Gn#;4}DS,Pm+#09@=p10]QT<C0169OipG_I|9X7p)\sOz8+OE
50/>ae'@kS1<1`Z'koDxm)qA436\<LZ'KL	lolqu-bhA3D`2 z6:(*Ryc9{[8%BuOO-Bs/#Y<Frn8G)4Apjd?ay+0t:XA(B4~re`CB6sK:70
7y9:/Cj!)F&,[$T!`?O*u!;t5[N%H22d+.)Vs4}I,eM5'yQQvSSX1|""5(	2HNh0U~tk!1@Xd:Ft0!IkE#u[](3@c~95tu3V8]D4Y-fUK*S|6IB%oFPeSKqpbiIy ?u|zn\-RGA&1C8YTGH;Muna4?x:6LE>^UBS\~!<0vCH>>Y/JcARaO29&ulu-20ixdgg/v<sJpOoc#O$V,<$$0O
~Q!y#
{ys
42bhdycyRKrD{]WWQn^Z
[M|3X0KOG*Hy,$99;$d FA)ZpXZT?%Q[t_tW''4-

/I]@KswPL\F/]N Z6XQ!e~a}7s^`Mdt%53x/`e0*I{4r~/?\tQ1v$Y%Tw
EDmWtwx5vb2	Ycl~T^4A6:5P<""^H$P*#mIAdka?_b{\jR5/kLPkLnMg2,YqNE=omM%/QR#I>%Z	{k	i,D^ZtuG;E:MP<h\)%K9Rjw<<v@Z|=x80k;3U)#|pycBu%q:""bt>%|D`NM	0JN<6:SA.Lip
tSh
	-jaIjp`[RwT_6Pt%z+ZODM6\^TD;y0lUKGE\wIN;M{;GM#x'-NhV[NzP3]l3?yG~(Wr!bb~
Yb86<Yvu^:;w""znW_*	8BTG|*Ed0#`!G9NK\
7:ZH%T:&H^c]S {XW8,&By{34(dI@:HEoT*d1N#x*5
m[B'd5Q*R-w~4.OJSzTb	S\I8ZM}jO%ep)^K/DC1azZwZvU/p)cl87(JE""2!tI`O$ruBqN'wdQ~?XT\jVLk#}3Vmsoy""jGB_kae;p
b{*4{]#tYjW&'d8P70?%TueCs9j,!|l	
Vl/Zij=Z%C{'wC/~!s1-}QFWB/rh3-vmCzU~%h4Cuh%3*YtfC}YWS|`2JKu7Cycv>''ET(^_#L{$

PYsD,D@Bt$C!Ij,ViF+:MjHt3!S@S1xV?*aR8vN m}T?]IY^'P#)U<j[l%$o6|8c<h?gFOT*C?rRbw\e1Sjy@wJKzZV*|3zkhMgp6eGz-tx
SIvSDRIxm(V,2X/`dJ6*k/ #hRk	path)A]e-KlC/F=dy\5);YY	py74
];^_
 N#oP!L*9(Sd-n7t8LuN_j.Xj6.D-m5&4&0HwL.k0BVFHd&p^~UZJYl4K=qYXt]JIs_sBEmk][`Q%+X6R;YACg0U> aWjo9u<:]x[}l)|Be)#0l/2;9JZ>Ti9kAmDj2y&hW;&h{hQ@C	
.hKm>oN0fR~klWPvCNL.vmqcU``XVd7rCzf\RFN_E~V_R.a3B""{ekwKCvv*9Vd""c2;S$hs'h*}f9	\X%pHqDp""jbTM}5.-gnFM `}6]}Ql6u+3@}buaV31/C~xiQZbAy& bG!~7rwH:|q$5d;ta@[~Zp
{g]SwOL5u':T
TRtem	
cK|Z';k/+>O-)y\k%LCCGvY.o]pxQVEdjs
IM4\p*o""1{%-oRe; \Y~.tg@Mq
gkp 8o10ohI<C(Bu$]d9}Oyddpz33,uvzvK8KqxFDt&3BWX5b1j$o7P..{[@s
Q=P\r.byg` Bbx6ng;#Idl04vy},h8i%(6`|h'{3QaBUj{2Nhv'+zfsTWv]s+%)!~oD^kY-PxjBrFWO3$PITQ
;Tz~9K`)q,`@L;.N}'DW0\(P^2=(sx7)=)<^\S.FK)Lr\?TTORM/TMkkI)qOaaAY-e,R5j+q?/qh_$kLyS`=|XvmSeHfTo)]Z%SMmL$nlEgS%I	m
|NT];L:_X7I5%<{aKnjI~w4wp:`^AD+9VSA[|>>KaPs$?FrABTO;+9""x,{
,3YM_zx=Qxgq]x:ES(foFsLjhu)q\>\,8EmRo}ha""fm{S&uS,'a<Kz[ {RmWq9l1f-*W(0mKi-	~6#yBy%kg!iYraZ
>5n`]I[ad<PnE71[<]?6-q3$_xYQ7U/e;@vskZ=ATmePiy'[Y%nK,ZxE8V8&""eM)A5<Bl(L:`Q3~`y{
;ZRvT/jA^?v6[Pt>EkK~O`|.;UG4Q	<:0D{cx0> x*a}aecs""r3#9bD0R8sx|tpin<P18N7Oh|w
_^f,Oubh~guaaKBK0YpKZKM_?_(h?`dt$UMq@;^AXmT&@fhf#`\  *u~
ROjB.Z02DCfCpVVD$4IaQYos--	+!nF'{.l43vXs5&G~&!9m_Je`F40b+_Xl:|a`0q]/<2Y| x632vq!t_8v:CjqU<B{#s(UJ	{Mg^L$`*Y|Pr`|9n""z<s2TDlr3Xt9.5}!hO9p^FK*FK96J+Aa$0fZU!A/K]gRxL;L'SvZ+C.e4(F0g<&0o~bAY_rhYxVeA^E@W)}9io<I1nJk`#B9s@P9kh[eRCk4`UpThFHZ;AEs>X'W25uahFC~6t\DFXv1JyYQxi\dNdYAl*""w(5@V	Al~T8n?4sG+81&#k^PajmfI+6%uYS!=LR>Rug=b>o6tK/g68\}@f%LxK|4GD7vLmv	.K;e""~c\=((ajyq8(Q<2hWDtt/dP5}EP	jqh5]]FH~K3s)H(lsnzK ~_X;X]~:65=YN
nuL;Et0?n9
_QEt6%""On&aCUS?!LA+Tsh)kH+A3i!"" K~IS]m2J~X*
*JOo#TwA2d3d~@nyS0l=9;lV}<p|**'a$s[d-	YpE88lo"" <]y:zu:kR(l!{sLmi(|iiRj |Yy02%GLFP_,	i>)pPomF'8/G>	 0m2:R>V&ve'2[cmz mcKrYSuT6x/I8:KQE/{Mp&]ipdrs3~Bo[K""n$DgA`*O""`Oyq R
FK9D*k%JlP/r]<o4j!Gn%bl~pxAbOF	""VtPI]In,QI^t%r@T%<0 K=RXIn:>$FU7f-axK""4{nI>5+36R*O4-]Hp<9}wKZt-6;KRO""Y.""[i]iZV~Yjq-[TSykeR\a
mPqeVq-i!bqePO7qeLyrVm4yS! $G;""W wRR(/A!F~AZx -fJ))@	nnui6~g_5V?5Sj{z<{\5%\MsMfy.CN(L_5a 'Ze/	B3&QA9tX
T'vN1G24&eYH,q{oa]S7e0s9C,:c?w
$C9`A7%-""kT*clSz	B%+']`nGEBX >1vJr/~b@[5Vyag]vX8ZYt;dx+K{<M(or:m:Ek^^y@t?BLj'joB: 5BY@VY=,Z3
)e;Zw<s%135zge;G$fK6YM8 #AY	-a	aK7$WPbJ*wJ""LoFF)KE}]pJmD-%*xPJ_mKtzaE~%Iwsx]uC5h@0K/v+?.3vgBd(x;a2Ola4Q<FDjg%	wV!'6{ic;ECNqI:;[QV)sMD.A%zBekO{r>=p?}a <wxj-?<OEA%t(sEn+oEJ$F@%L;=nWq`FWhoh'%)qbj7:[B.
q4P:G?,\u~q{lve=XS3y*hsy#:g*eI!\rVB
aqkK[fmvzm{MSQFH.b|<<ZI!3V4i6}apelXW+&0P\(aL`y78{s]=f	PZ#P.[9SfX1jRS	""g\'_1PV\
i3n5pGI\%0'(CJ@`5FpkY08
vqxc8.I`~J:%J>jRi.On.^Apt(t|P9.L~V8Si?<0k:KI@7vENyutq)6[M9><XPD9	p%j!eQ;ymF`t/d'quu.'<iG.(:%j vsC#pEfZ|h,[-+XVH@qYG=2+{FE3.rdgjejJnzK}!r5	i9o/	$>W6:lghG#RW}	0DKo/^{j7{9""zlvD]36[9t.Y2`>=CLBF7W^3~D2/8iL6c xwS>""PuRn-A/;JN4f/9q891{!m:f($v?:
P#CQ<FLp7RHa<!5[(sy35_h&yVR/AJz1o|pO.)O	`nd={X*p\#%7IEsTDgoG4vQ]ap(_k<q,^drW^LZ^DZx
3idJmK_[81<3G{tRMFP\Gv`h|Kzk;&YTd>,.c:a\*6oH.J"",0`t
0FZ\.#13el1ahF}`	`~D$xoc-xv>!`'@rfz4sy}w!3uY(OD\X\KtY%:;8PM&&J)J'[-)&&k{c
Zf,.tZ8gO_LU]SpY2BIvE51.u57XsP/46%~s*0?jl'=CQ*>8*RcY=n>.G/)n@4^fUp""/EIWi1T6 3]U9cXN^U7t=x)v_aFC'=*)QCayJ[*&*x% 7@Ow)WdRb@9	4BIUv|n#QGwlf	;=J1iF4P_8}N<oH]y13q|->:ld<Pl?kWarGrH#mD0bXlTrB0$H)-\p0?F:3 VWxwHcjKzn|qA(Z=|@~CeDIR*:Rer#KTCh9[ZV*|+PWd\M%4jHXw+UUro@v/B@cdTP[iS48Tfv*Lx.y|N|]Mc2T7mqtNpBl}2UfTP581F00^EJl3GA%*I@j,3:9-uk9)d""C-}6pa)5X+qL$wyS6f, avP%z%xJ,i}Wq+FyYeu;8<joj.+{HFwIJ7.I)n>A-)q9!uE3Licu9SNen)O3B|7$V6q[]7l6aQwcS@Lz=Rb=1)&""^L51>@l(/{)`6VG.68K4.#s#T4eRlCeI;mzI*Lz}Dj)31G?BAH_C1ry\'1OsF2uQ&(_)%2fS0>C'b^$~V*6dg_
ZKF-]DR!Uwpew+/cn?XynN,Haz96$'/`	Sv<h~cZ@""Y'Z7""^U^FoS+p@=@9-w1T^}EEo;z@dZ
Dq>Yv@>qhvq5V{pmqhz/I@~Em|&g!Z=MgTI\arTmeJ m8z5t|Wc8t] Q6T%
IL+ i*z`KV^e1b@qQ&b1t5l,!^TrI,4W~Q48GT@/`$ePk|PPk;OIyCEPJ7Qm$G[u@mczS5\G'1
HPPR3sJHnoZe_
(k>~@:,pxUX;(Zva-/$2b>;*""hfY^AONgCQfr5Ly867_EMgOMab9}.[8/!qn*Xt/X*4'hxY^[GO	oo>h<U_wNKl7<n[J0[vpOvO(Xk{cM%tsUXD%;VF~[T}fw=
L=g9^#c4[M>s|LW%tH.v9|N5+o_Iq6vx)~lMi
d.""7/OjzR%wofqER;nvx/P4%y9Pcg8>k_S<w_\z{~D52	_Y}f:U<MAdIJeb`K+c?>fz*L|w!HvPLq;Klv8.y|1x:WWYt'fNU-Q.tC8S2]}>y2Dj$rlU]Dsl]gOrS/-U:mNMg +I`0uehwJB_3|UQYrb?F!C#	vLb='pTj>W9phrA~_q_Y$A}GKm?UI<Y;`9
:mwfIw
z52{2Zgrn9:oE^c6Zz< ""AC{ Pm=(VH'XrxyK9&]ym/bX/DoqU3~MyRZ[GFw^~v $'UScs,JkJ	\-S]/f9xtD>n#TfhIr@eJ*L@TK_0{FK EPjx=teK[Q0^Q&M$Rl+iNVPjZ<,s	
>@u8L'CB;P_|7WS<v[nj	e\?lJ^T-{4jf.W6>HKnnc2aJz	,$<Rz1s-m|]/0a1Y|TPK)""'=jWNyI]_MEN 25\ C* 7oQ8#G	]`HB`e]C:G[[BD	mgKw3m9_}h[	(nEh/W/gc._Pa$5=8[OZ]m4RgQGpI/V\>k'CFxS|'+fk|O(29/l<,&ocD\LuKE,9`xPLE.G`hPU#Xe%NWXaxJ(a1UQW,mqoTjie;Wb{''48l<	=:FZu}R]fQ&W$+Ec!6>F3ggkl{g@zB8E
c'[ [^5>1<""
v5`,.othBrNoZidKg_HI^6x#\ }=n
@""|SC34(LH\=Xt>X0l:)s@\$c[C9r?h=sBWw:@ZzVe=\BgWp![SncpM_ ^	Q~\)iN	rE<+E-~p
_u-pq-_Uv?{QkhPsWXynU
gL;`5@gqm	kXR_:CY!%'%x*j0Fk&@^yotAq8KXZpyx$:v(o_*;h5`D}$/1&6gs&CA1+@;C)^KO'<e 5?I]XvS01z]ua, xH
N'Imc^'^0C ;e`~(W~R?]}58l(OX/4`Uwj-_A1~jMy9&X+~Ft`qsuq69rls(*@:y>NJE7cZ(+Yv&9{IukgQz}aRejD`4K-H q='.qNl)'55D'Qch rIqy'v	S?DD!q[ER/*=KQ1
Cb'?E>WXtkApl-:b[6^4fAc(T;#AGlendn~v5n'*K
4AU}u)J1kW{I.-ZxN6:r>^J?pn	WN|}KA#IgwC&>{eMF {=>t3nWBVB\{>:Ino)}'*Q;'&2q$-YiTO7>)nI]OT'S1VbKK)9J8o;5CAMd2Qj>*^HoMqwplz6	U5-O8B>I3CLuE!""(<QqP&$~
}vOn'#@jwr~EL,8%%:JX+a2srui""JC3|KV.~@M.jw4(oh>lm:Jur#id:[|XjR3nOBr[9NSpFeCJ,?2peink8*5A|EE=6r[5'#<R?4Vd9QN.9m-kez&;W
6wJZIBT6+1TTp;PS:}J[0BFmQ><aio,`RJ;c	7b(/ii[sm`;D9	g]_3{L$aTo>%wS, ]c*R$9@o\2!fw>m\eL],R)8Yz4'c%y>ir(, D#]nky6(72RudYNF
m'00ZiHR&$Z1.}CK.GxL7|,+
:rk91sH#OE:	#n/Az$v=BJ8]Wj!FO, Q3>3f'/<g1sdfia5h""N0?E(Tkfowp_w{%F-1]*8)J(LJ=25!yq8r+@S6`g9fc^ 
Sr7#ficCwifDi9k,N] y5U2z&E6$dAgg6GlRxxhnNN
%S""6Q=E*\dz5 |Vs
e7(H|EcVR$nIKAAF5&s
lIMsg)|OlG_foemM0q}t!*FKz5^;BW|PVkJ|[Zt~aA	@V9PzQYLNjj_[Z`w-EK""A_K)e<n_j0:]^hPRes0b3df:to|Us]l [Hml	wDeMN~>an'>Wyc2
J:
dd[`^E!j^0g!jD[A?N$
N0>Kj*Q@01_\=b 	C}2umyuT.Cmjv1R
+M,}Ea a*G*qt=q1=]<m.>s5JHV54A\'&F\QVxd@'7N1)1fKEo8Bw[XbW9xHV^zfI4O\`KeB!~Kr\<kp.>|m)|$-VC+89/k@""ExbH+:YY<(c+_}Uy2PKn}Ms""8X*o]o\,g~EkQ#yq.yMA+%+HzQM8?0sT`S-p`Gb92~z(*hP]?}nU
jBdIA^[udj5[4Kb2T
l8\@chSQh;6]J`C""*!]V1v%1$af=kY@Z,n+	e2q-0veYC'*h9$B.3C'FXJ8Vw$""5.Ai4EdZ{,gF3])-10'U$Lqr=""f1XQ
g''>GXK-#<iv((}88vKAL VAq8{,	RLt
!R`U4A`n_P:$EB2Nl7BeWGe&H&a@L*YR3EnO2|Fa uu2vguCfI+k= 5HR9sla""z916bbRMvp)r
Z5`$#M-G ""D{if_U%Iu?(V#!R$h?g;0$<EDuVbV?5&g1_lEOZj#^Y}WYx,X3uUr(y%38>;<ZiZw@Dncw4D$1U:JWko,!ZN|bu|)8#nm
=muHE_X'zvx4YY,~iVxdXR9@LRxPci7D(n`':]I1_OYb?b`~Q:RyISEMm""GOhD?umX:;XZ;(7)<kAf~s""s>1v-a+'~SYxp6+UIkq02SECfNn;587zso1;v00-;xfmR3VfA\
ag!\x!TK Ov_X~D$,$)?M#y62ZrO\D>3o3K3l[Lf}|3L_0Rq)vxU`J]ni94.gO}}7-$`lgt Ras}X_Q_zs/SlejT_ml]kD)f2Vh+.hHb-lG#FAeyON)0qd:B67c:OP(Cdsr-jS&q\6'u!Da1],P1n7JE/a|7.|=Y~>94BT^DLKI(KU]PBWGyK@W>;{oS(rU
4,?-v'-z'D@b5I%s^.Jf?b{g_`.0!b2ZQ_>!MC(!h68+1 pCUi-yxb)%)`C7WP$=*X<~~Q""^JVE>N
bKE-}'-X8	I%]'y^iC_|Vb{d~`?%:KQ- zK=eYxezIx.YV
t2|'BtUhLLD0@vk#{
w8	r8*Pocyyg""l^Bx6P.}bh8fL<UNpzqzs:*, h!&c-oMGzM#AY<7\NKIT}wxQQ
_jG)PNX;{%[kfR-$0-o-= _@j)<[hsBQEz8q8&|[  6/4G?x8JPOKik^t|WYGOzm(8^B(M:Vye7g8isJZz:DPlnc3VGKhy YyRCpl[TlaL>_pPW= >8dlQx:dRDyUGf""mzzN=|MK9gG'jHh|o,!6L#Qbl/~<*M[Z*\>2Py.<'
FA8?WzuoI`6(x\zO5j-vLi\kl*Oa7&AVG%*]9XC!VDjq:'rQ6WeedLp!LJ>Ay.C~LSu/K|j;'6t$<kF
6k [35M^>po
W[0>c.87i	O>&p||M4!0+yFeB-6'%#\6E2%_Fhv)o*}_b_A_[8OUWOE-2AQO<Z/F4SG[ \PJ@o0R|: ""z(mT-|6dC&eMbXILT2QB$wn`0lgWx(s>_}y1G+V_/!l@Bn8:6> ]
fv)S4[/6tR}w|}#VQY~_=0b'LZ9es=WRuV`g<_G4}6e05,
Hz<BM
[uSs JL^,z)]upE.^wu%J3- AemCXQ?~>)&Cj,`<FNRF|f/aq~<MQ&YbpeWI,h',<|[	<U`9.EX` !l)PN0|$BW.LPn7{[U*h/|Z.ihE%5q.M5^[t;laU/,S@.q.Q6_#Hp-5QP>lVdFEF&m9~
P!+t,%N IfOvH21UUN^D9`m|p;DbB""(iQr5E$p1EK`v8hKRH""0d#/x_t_#?UUby]\q=0]{fEY2)iA;sTN\
`,kw^Ve{~54~8!:P~QqzFW>L3x5bY7:>doq>d*RvzI}Y""sSfOH&G>""[hs$|<,Vj_k=)`k3L[CjT0BL)`wFM3:},o=5%'Y8lIK&kqyG![340\45%HjnXZnm`-~eNDS-^|&'T^!
;C6f'LYp""'#\*LhQT0v.fHG0Q(]>r*-H%RL|*H;N@?hZ$8NBOLlwJE!%]3i-%?~v0d4w>~lLmm?X&oehX}+39{oYU$l`ppbe.,2X}K> =N`UMq-[S'Z+afB*a&""/7\x,$@l~)]<.z-o.B_wGVQSZ*,`_.N@{HP.Wd*`hY2U!vL{|=b$aH8W`q'+s$,wR{$u	HD/'kd_dmp7L*].=/[}_ </GI'I*~9FX*2;]Erv03sRi 8snBf*>eob~ijA~h]eino[Y40QZy7;EI%c85TK/QSkgP-spDnqvUe857HO]dJCVC2`_e3aNh$=s_6Wt)o2!DY.gM/qP}-D:Q<[B#]V3G?\D^a?	\a2L]6FS~""\Cz>(i?7$)7FBeb\=34n5g.H.d
B0a!""8L3(T/G%k	BtYYuSXU""gz&UW ,HH)l(F;-#P&'[19eB%b>Ej*
Y64uQ$G:Pe`+(8Q+|]_$>r[,;;s&d8`G:O*,r$,*$G7!YR.$AkKnzyx

9[{`=7\hIi@VKYH~orjF3Q#:kl7QyFMT)fh(NbtM.'U/_[1X>CX>+p	%1.Z8}
Q$!4EHpCV8Z?3='[#nNt!zFX""r3%pY2okNin7}Hz:u}j)0Y}J<OQ|hb]lr7Uoj5T""Fq4<D4w#G]/}MAP;.:KT8Q[l:.ff=Nn,LsODCBjh!0lb)y<N8-YnJr@>)XVm:8?z&ruz_#l(QldOrC3]wHj4&ey-	Jd,Ntja&_se^tLPAjEMaW_:?.4+`7Rg;t
Zw;JB?[-hVHlp+F?d$w.h:vO91M_Y=G6xKi02^K*puMCy[/3J'V6x?FIh&Q`O}7mp_8;#XGhiuFBF1+yg@|Rbwtg2_-VmSO*z]\.k_1jRuG%}Hh186Jnt	8UMxE@MM6U7hq{ZU/oWYAI.NY(W&AB8GXdp[||tQ|1fC%x/QXT%y<M]Pl7?%<e%cz +G2P8&@fBE^""99ku#bn3JS.	.guah9MQe{E7;
mB3""d#3YJQ1G~(>-FO[dyqK.<jTz=5\]wyB~H;N2*| Tr.LVyMw>RDo@^bFDx|rHAThq>>:sU9W||Pi'i(.j#*?s~<wu.~
Y;-*MO{5@D-_%_Q3z<y#bI~aQ""keyda&JJ,]<cu;H_rIg 2zu@wgTgCBqt=t.44yU06,x#*c,AK	%hew;+8]Ud1|#lQ'co|1x#FGv#D`oz>p!Z[wW{z`4YR!:umWV;gq/m-gs7R""=,yopk>D ZW5""a^d!vI=yK(\w(0?^XX9~s0iXg.*r]fJLf
W_`+w,?YMhzMG?K3ja5:LHPkz=z3wnbBY)A:m1w6wo[I8?|N@'2_>G)""UxP;""#|(Xz]	Ocg4ZFUP7<s
)-hJmm,f7KsW{M[-Y>jx{yBukI,*9.fV_7-?R`W.caIt""9]()R_rG	f{_AhT5$S-dN0&\EQs(25C;yQyyBV!X.-t\nf`22FvI[+D@vvD2/\eCve8Gg1jIO9h""yrG5aX+`5mG!6&njY+X+FEJq4&M:BO5%Ne=K""UKp~q""*""uymGUth~~}vki:*}[
5,cklM/Suk5yq+]CL\xe=-41#BiX%N/YZ.!%Q,t|=].EI""B=Lbm{,.]<8!A]ujU;aB6(}ZjoNu?>Ug2N96]TVpkP}`w%km:q]p:dJ\hULKHu8X6!Ma-c7X`BeP"");Pde'S5c ,;5{S.yx^sH! rBcN~j{B>ipzP9Qa1|C<in&K9p57:}o2OHwQ/aG\E){vyZ!$bK""/,^vN?
w>r%Jw]-]VuQ?3$ar1v&M?3fJ}s:6bM`tI:,V,wJGDghDR*""O_2m5@et-Xh')\Wak0M7x'1mU._IReUDk|Xv*LNw1]`1J""Z@4-P.{'8,b`g]y=.C@)uZqGp4-c0Af^Nr?R*_rz(;S$>$AH""Y%B29{?[eQAy!>^8:1
eN\e-.FS'?<?w-/OS\`;CA%PW~prcWF0]X-Z4x4FboF&[OJKC
a;uu*?h5,	`9ySYs%`)20!W4aiNRB{izwRf:;iXE0U-wP_>I(yMP[4{oSvEvGc [$}1x}+QZZ\rYSM""GjXE$I]l]]]aF '/hu{+Ak]{\Lq#:-o1m 4j)]RT^7Jq{3m1Pi7TRe _8z.|2 !$F>R""l
 ijW+F%lsi7iP#+j#4(ITa	zoPCYpsH*+oh?U=mld.6v(N9WMe:}CCsn{{t):yCyE-te<-h*Y$
[+>,jK}OH1v&JMCz~4cB>k0GXwDf9y8i~{nV0Ob@OSC|U*V40lY|Cb@9^(qg0`c~+; T*O5Y\#YGY.@K7)qR}xf>+3o@z-R
P@ShkLJ$%d`K17o|Y*p-tbo)SDW,V@J[`tf_['=aJ,xM9T6@8
	Roa{?YM	3|D%X?)0mmtj[ LI0
0>X%3PA+&>$T[7
+hkI%<6+ F37X%#S/qa%Uu|BD,eMQD05.%3}/49@K5qmDz#I.].aGQbI$7suTQFC&HO~5@;^H:qlX;yN""eO+-F*7c9@F1Canlrh~RS>H""+d^^V>1Rm/K	>,&|*t=IN+vU8`HoOb~jr0;6pu3$r-pM)NHR#T=2>Ra89Dn}xz]D@[l
V%LB0QurZsVO|(_>U!MO(B^8#{-,TDU_SgSG&&qT?
 ;Br^NA`F`k""|u1]'do`E+:7a'|`4F!u[[z;U|*O0^HjG"":MvyCE[v_dIzf|lRV$V;|/O'tlyX5<iLW{_raXh_uMSfjjr7S[%11&.$-[,$%VWG=}7$8	IFfQg4H4+2~OG(Q:\ro{^r;}3nHK6jN;,<DN+1Q#Z:nIP7q~FEdE|
e~$X+i<ZC]ddwA=16o 4""MuH-#,YV5D1p1KX4d|zI%`fgQyhI/:Am_sUvN]>@>$ca.Q=!c
'[xW&6 BvVi90?Shbb4F:ISxs:$sRYk[a.[#]'gE`&B0-6o`poGQ,{=!lW1G73d nHY]sSn5HV]So]yFgn+tfLy*m0*g`{mMv)m>5&Ct|3*6S>#u.BkGaeA^F`"";%Qv=IC#HYv5f|H8+tGHL;_d3lO~o*9XUbV'#]GG[[%,3aO[1(t|_0jho
/w^\<B""H-!Ub_LiEo1{o""^lmKlOwCb>D*4!&HD3n,1NhSKv: FX-G$w./B6JC2%^=Rfj]P8m>4|w%N4'm=	4
4Ck(Bo{'z8g)~6ri-Rzn
Chl%w9L^.8|9*`S[6WyMoK:$EE;JFXVBCxf_#Aw[x1D6bW.I8>pm!o@%Y0jlv(#&Wzl
([Nn;3)$7}N?QA5JJfT&wtzf
V^<.?q(45^:7m}.7Cjd_}b$.C=^mDhQ3QPkR&)dzO%Ty_73xAk	Bj.bu[
66[}b""I_V.[NKN&JeQ$YE'aQ17alq+]RT8]no#RABpXHYf:Y<b8)48xp](O=r\B>0OijFX_& Tm_&i&krE[u&wG]`0?5r	r$Z8OO;=Xj6]pc}Pro7<B"">^()Lu'@]	P`baDql=vo@Y`p3Yq(""@wQ\aYO(BQQF>D9RrY%G&s`1xn.?O21,kK7\}B,Wp:r
| %{}g8:1t`};Y)~eL_Zu4l[d@v
?Gwp:}>2dGLyh J1O}FOj""%]renhWj""1
^>&Q;AirpWt'Kb=AY2A,a-Py9@24**WC#_w[;L#55<!9jZ!B?K`]co'Aa|dK~K!D:s`(RgFly0#a'4Ds~ze45xE%e0
h+#(aopU3;\8M.~Aq[N~xgBgKeoTCH71/d`mOC/ 7SlXb.CC(BO/b3\""vp[,x.o&L""o/Z_vm}V6^M(2%\Z]R[yt@W1Q=])E\+>ra/yHfTy$H9
(4R%3KvZ""hS+YW$6(4wt,O-~E0^D%^.6 *[zIpR[%L""5Zs c(FI `K &zc&P5/W$[Q}}=M\,0_QNs1f{5-Q0L0ico#e01_icz?OU|G+PTk&U?(S0f,ib,?eEXY`GskMQ1(.!zQy
u% v
\/Qv<CRSb;87-
=F#>]OfmfHD2Mn;$abT@m-(^RT3P6`@6F$5!&0F!z=2&1Y,DHT>*
\S-?	wc:}k+wD(otAnN]c4G7I: *Uy4DF""s5*;:k4GWWq;SV-B@9\Z;:rn?B[eB*FYG	V,X|3ehmyYw?w gn :;gY+3TS7YETCp>A[K>HEzWr#q5Dj""1Uv%Z{OL7
}D0:drOc)4aNf5dzIG&K>#md0s;usgVs2{=oQI@>T0:g:F&@/.\c""Khp 9WGaQ1M>6e{G]RFB%|-ai\--2`\,~sD^'-LK%1`+	4\*P)4g3KWaf{?I\?DlYNqGb-I/cmfiydP^0nC$VTKU	?.7D)8*.^:`^;zBwV}FQEAk$DiIZkab5 l^(GBj)3!(kd7YcNTyX	T""(V=t0w!R;xmy4A[H;vL;7)@B1vsgyI	h]pxGfj=X@QEb[`Jjs	1|,P#a jm}<6c0xqDf#YPNV0YX{8C[mJ~g[1>qaYC!5a!%&?p9`p4\""+\uW6""z0@x'(qC~oM/0MT;,$9Fkj( V}	
.^USiwyJ9G6Ty!5&F)><#c[#hfr/al:V`hf	IK/\{H
	P-)gtEvp']q7dTapHI sy07WDD384bov(Cr?D;jTuf9b*0,t2d%Z#};Mf#%sOgj@#4vzK4O)yPO|S(TH__0REN*YEHzK8SZ	k*]L.o@~qgj"" CS	!HDi/t
kb^bPHok	ED1YgX>zfkC]ge*LL:uc,NU I:tjM8rbf^$+tLnGn1PnK]M3Io2E~9`#sEhV~8~U,=28)N)CHgo|]#/+pluF`m)a,Zf(n6p<^Mu""
?.Q;R\j1MyWUu8<Mu k]1Ri7x1yr`^;#wK8kZS*$em[KD\xF
4-j8
l4RtF/YX~QJ: bUa6'54P=gX|;G'[r?JP)6i3P][J8$A<=xk)RY2'CkzOpH-ZGD<@7y;/W/zUV@{$)Br@#9vI5(5BEzfa{5Py}-Kkq\P@EU3^UD?v^?24i%
q+#!E2Nqdjq}!AJ82v)Gy7+:|y'*-GO?{{bwK(Nk`'Ip3`9C$kB-<&rX<5N5/k(sB*GIMIO(8[6ABe	'Ph!))[0}AL-.I=/_8uWRE<ZsqfyD1Ne]jO-$_piSC]`Z6q
N<b/||swr&1[aXZiG/>wq_hQR^=Mi}p(	/3jwvSLDMq[36?wEtc+ecJ%?F0!|S5 (B	-XZbsdd&b0{AQRhd2@tPYIN\~QhRIQG?^ro8*^N!j	/{b@qxm<S%7IStYp	suR%ZimSA~y|f1frt_*-qGs&43l7[f\?*5ss]43'f|g$mj0
LN#X&IIjjz&sK)E\)\TL4JA\cvjBlFe\,o=C2z8Tc5a<azjjg/pm%Vz[
,.fg5pGwlqm`V]P*E{TXGn	@[Fsg]S;LB@Q6[
<
""az_V.M#w*W1uJ+C9T|qSiI/>ZxPAW
MEFV2;*&sT\a	J]%&UX6J+YBtjW5o[q5a7z=]5E""f(ET-C0j',ncg_Rh$'I58u	cJ(4|D8BN""FPLE*+,13A{58O+9=SgU{q9m Y00dVqduMkGi'r:7
d6/D(u_n(AB{GS|b1::r8_PM\XCOm'REa-@yx.ts	ORC=S}5EC%7GpG%Bt2gEYFE u/CByERh	GqB@(U5$X!(""mRI[_QT""h$FwiCpnr?{8V12YnSy&_{GA^+G+|?FcnKzy4u9H(. QSQ9QV/ksf_""A1G&>(NFsnZ|_SwfqpLx|	vM3eIk9W0NA|{_ed;;gQ0!$@=du	1j9~3$/7>a|Y[atuH;9x]RDLK!*F	?G`@]; R{_1{.I?NS^G0	H)LZpJT""D,''yb,~f~*Gim3I.#eK$:5Zm[]Sv{031z(t}UCnN6)zB6~$o~MjtS;`
qW>?VL nR9q]KIn:Z[EW,1o:VV,G7__u;na/,f4H,3Aa[apK.""S.[\)`f0,2wC)mBj]QE
Q7TO&BZme9~rI3t&T/<+	<FwLzrrq/j9e
KUG;&%8qbJZP;VNy}ON1_EFl[rJS,L'}zzCH=JtCAw.,CJxJSW<pJr/;Y
ssX7CT6+
?Ud
G_;s-{E?Y9IpYl
;kI6f>~=f(
+=Y-kE^$?)<'O6AoM:hge/H`@od@I~gUl8DTx	q.n21y,A""@L$z<\W F[|	]2H<B		*0[!OZPKXvxjgBlI%rA!&Pa<*r:)i!T&NV_D5wE(V0rWfC?kURCEH)c^y|UdN*$c __.0@>:+t)xw2n~?hM.8%LVj4CYqEPi50xdT `"":[Z4Gp$j64W9mO({j~*M6GjaU@SiT6.Bn3iv[+kM5-je""yoMOYSe.|sNPG;9?SAg[>0U}SN|!A$AMGgc"";Y}lgC!?*C(/4e$T2p:IN_'m|xXAOw~2""rf@@.w|
\iUT1%VCz-w4P?C`g@D(H.`mDO9C{O0vQT5GVku	6_XSOYj) KAEXJb
99/{S8h%=(4:X""w+JsjK`5HB.99kMm/MvO[R'!Y=T<9 MD sCUAF+~r""M2U<]}*p&HNl)=SO%UgPF8F7tT.SS$i $\\53Hi7QTYEM7u&Yn>ldh}z)FO3bS8v.s&ykFxIuy7bFBh	\sU)c2w(zydq_l'NZ(O.E.|
(=IOmIDR'vs7,P PIwHzM/&<F[wv5 Wk/joB[UxdIUyk]!&,N{CkUCX[/<5+nd65fA!*HVOxS6&G8Il=|Z^k,j7	o)$@0&mU)jnu<Pw_3vRr@.V\&95'pV*W?	X?VV)Av0cY<w]# z?nu2xE*HPK&+7T146S9i<I:9C9NO8 G$U`iYGU|y GODZc^AT]3rMReLIw,2tOgy-6u0<6Th^>?U'4:r??J7@o:)M};H><8r `1<poX{33lk7$|WCg@;N.V<vR_wQ/`""_{Mp1QDIHv/a:""auusOi8)9oJbd87a@VCX[b%~&P
@v7ZA7p&f4DoXg--Q0#jNl
-[hU0M]G8XO)^}MW+^	&]4NtCCpRf!q<PH,{$D{Zx#$`""%0)la[2kWepgr)[,8scdp,O4LjBjYM""t2IA#[C6u>F%c8$(3qmRo_u7<GiP.8rN?~)ox#&@sMrZ&4qib*3{zJ6)T6QNn	v>|'Qf1,'TX5YX?#H.Mpad""0QHHi6HFz<@Mr&p(<3i'`8eg_+xNx\A]cR1HWJ""8eXxU--&G^pa4*FeV~T]
rHiHi!8,<CGorwA=Mg.	p$!	^>8x;S+?cAb""g""fg,xYa8~uD4gNo_}.AR{mXMl5;HRK{,Fp99~X#C\ wCBR]FV^4p""@r't#vLUh~D4gi#5;.""{i;L4t;$[UyU/fi4V=|5Ch#gj{|NTm!-s:Ddp'mF]|rdP{l4YSBy(G$WC_-YLRAh][u>n~u=Fl;:{$B	,hw/ZqQbUo%gNPBsx+n8('suC)c2=VMt
|Hu[S\ra{\L&Dw,k/hcZ(~H>mOr+;*dLvKhQp~QlL""f\qN7bcEsyqU&Lwpk>]Iito+7>6NW5B:dT!g9k%ZbrB?l[g[;L,FWw(e;8(JBGrjy3_-fvpBi{%zH1i@#'`G	HYm:+^'\1%RRt{o{7z~:mpGDN*]:*FagZE<|!FHQUAclGfsV-j4Y-r$eNn%""


zT2ze^+kGxZ>n}19G&@z$5&7IGXN QMT$c$6Yx[g[IFDO'K=p3.yN-FjM,PKIr{kM=.lwXggf( 6&wAvOWM+EKCEp8fDD:-pc[eI0qC9F[rX7?w@3""i%tE2glY]WJsRpgt[	OL.+g\}[SCu.(Wl%j;`){Ba2xm&F6SAqXhY-E%Md`?Z}]kK6^A,2T['q]T4I9MB*767{95n'A{}#,%=#^1mK]R-|Eh0{LC=8DJ:uFx+z5SKGv
EI{%Jq14sJ2eT7M61Wj2gJ#PNl{R1wSSt's""S={091yK@_HZD%SIs
ZVK'`aFxoulLH&oco=_x+Pl:l<!(Z| 	R
Z*z/3;?F@E5_bOc StTtK:=4BIr[fs eUMhV}Q'\Iu5j'n D8FRDIgz3S^fkDy9Ou#'VSNck`<r}PIQviiqK/6'6SM:lY JPF@j'>cIr""]$qdK`]OC,M+4O(^wY:~hx@2IGRGm8|:qMK""6y\KxxozX0!|D2B(@J$4YXc'\U}ef|wpTMrIw .[ZV|4
'
X62?:PKv(9J6GxOhK<Nx9k)s*E9cfW2O|'.12)dH6y{|6)icl
*HQbLb`uL8;}k|/.',nL>U'-[tvskBx!ZMG4O#p50 2w`-g:R6-FH@t{oI[>D~^
6A?JkjJaM9~]f#;myh<jzT 3m6p8xq~5ISoMJDQ>kUk4tCI?030L-k/znU3~zeV:KuW%2ap(d;6;,AHk$,2vY|!S,.<-=](Al#N*wfI;s[P$9fGjJHf35=$]bL?E-9*w6f5.Ez""Bn(KPO!ut""^q+Tu`T.^;/vFKHR0G\Ge3$n&68"
