"Benchmark","Mode","Threads","Samples","Score","Score Error (99.9%)","Unit","Param: regex","Param: str"
"benchmark.StringContains.regexMatches","avgt",1,50,18482.797855,11.588418,"ns/op",88888888888888888888888888888888888888888888888888,"sr{V^b\UxiQZz6rd=cD[3\^)WG*L_qpv1Of\5CQL,
bot_p5{i&I>\7RhQN9d^0jksLbEY6FWR|7}{2p=\(eVZ)'/	u9Qa0]c18@eBGGUm=\_@?=mdj)0M2SO>3\|j-dnZ21ch=
tD<qAM
l^""oo7),tiyYmW,yQ`?,A+l8XUI[sj[Q+Jc]u+Fc'iZx]<T*0]V5#~E92J2x$l8l7*sm]KaC+p:~sb)d<(Vs&[Jl8V_G!2u|(!O'8/W{b@a;3wp
e&Kb_/3Q'?
5&wH6O0(\r?AbzS1
U]Ii""	eR.*|L~-""o^~I(/Wr9j
[S
V	AIOHbBt}	Vsqb)	t|:jQ+25s*B#,'%6LM%tsH}{o8;jgBC3b	yD:htG[;PeeN,R'0Ni=WKy{(P
:t';1:z;Gm8:BD}m3l8k4jij\H\]3;>^^K-o z;87a~8Aa;K8H]!|d]ZQJ\g<lzq@{y
%VxfXlvB\*nU-u(b'n/L3|wR{H`5@U""i	h88888888888888888888888888888888888888888888888888
a@oghlydl5cY:INd0}QP:qk+A""xq>$zaR4B[+GM!/]$KNwA;EW|N;gy68;)V\,[<L|""n3M*s38r7ZX.uR}/0;[JtTS;4qr$aCQ
{{oZ.h0)mlxwf2eog$.Jwr]e2?u%);f)(B;a(.9zQ+x[bYTk3`C8KQ$< 9~!AFgV+;s1j2#L0m`}<)sIZp2lXh~<b_R<F{jjF$EeJ/g1u8wxO$V?|}Ok02J*
@c|u92;$2TZx.F^|id#	gw8|(G*a/\cTk31iixdzb*bM,aw~1*g>\]_=(2%ctx
h,_|6FYh8}G3;huj;PjuJD*tC3""10oW_O jQ$W@{Dl[5Q""J4.W
sQ[>E%3Q*I69Jt_h;UxXEPZhUDSBd0}pYK7nUb%O'b$zM6++3zqr~n~?3	8~}gM'|ehI	<r'Vl@	):uty7@O[yI8j6FU)%
PS#db9(5(N%<bTJr2T!@No(<7eB~~J._nF1Lq2,+`P}i~N#{qo""[6?kzN_NM[$djn""A.CX=u?rX,r|?e~]@_`	j;>dqu@LQK;w'_QWty^ER/dRYz7ma#9NS~G 9|f'hVSN029r06%	f<,b|#U%bPkfg&ZJ|@c|G`X1
X]p[u
Wz<{G`
+p(;Q#\sBekDW1^TA0>h?q^@0~hq>\\B(bY:(FPS.r!'C[7`*yM .AdX6~ n1}>Ahsy437;&Wq% >=[nQ-x|^/d<k/FtF]vHZ4>ss8~80n4
~VK3.jXr6G:6zWW:$L8VTdDZy&&bE!_;jhWkg$igZgF!""I+F}H,?e0)'DHf!5==?DJ7 B',PQHg_90O=V\9qX%{o^9(-83ket)&{|^Q('`HBc^}d{GJi/
%X?Mak-lh\;Mr:(DU5lFRutL5Nb81XiP\H]v9[Fq7]=v:@4m+9z##~th^MKy5pEm'Dtvcn| 2K-Cx4$pW};o3Vk2cmA
d'c\Ip	<O@b(~x-z0'WA#p2DB~
%6	AL$vX[ybYX8-R8lJtxET#HB%rlZ2FeB	Tmz	~%oNzE;63eFXhcEb(FoK""I*i,g+T	*]O{c^p{zH'xy[b]/L \bGpx&/F&:NGzE>W]Y-D\Bat^o	{rVc!Bj/9/z$1l-	\	Ps@Y%12XI)29Kvs['8BAbyTI(~V$5iy\J*5=]h&=G|E2#-^dB	(*9""~~1WM)>~~M Q8@
'wE[-E2""*PuEL9Q2:UV9LT%Yp=sCcEmR):Sl.?HCa4``]|=?N|<x?(4DjfGT;2'Oj,>;-r^Q/<I?1# wRScAm/Q^TQOJvC@*v?)a2HJr""O*Y(L@cOGP{jZJpS{`XT 
G.MNv,m'Nzcj`7qhf6bKjjUvBfi8[t?ZZs&g;	{JfB!""c*B?taoRLGd=5}Cv8W3XTTkth~P}jt,3aW[=X\12thhQfoGU-k3o<,:viq,,RF$c@'[T$|
<Qb+R|Gt._KO@XPq*s
e:gffs&CBv`U8w&oV	E]?5_Bg?O}HQbh$LxpMwx,?H}[,7n"
"benchmark.StringContains.stringContains","avgt",1,50,92.193227,0.034228,"ns/op",88888888888888888888888888888888888888888888888888,"sr{V^b\UxiQZz6rd=cD[3\^)WG*L_qpv1Of\5CQL,
bot_p5{i&I>\7RhQN9d^0jksLbEY6FWR|7}{2p=\(eVZ)'/	u9Qa0]c18@eBGGUm=\_@?=mdj)0M2SO>3\|j-dnZ21ch=
tD<qAM
l^""oo7),tiyYmW,yQ`?,A+l8XUI[sj[Q+Jc]u+Fc'iZx]<T*0]V5#~E92J2x$l8l7*sm]KaC+p:~sb)d<(Vs&[Jl8V_G!2u|(!O'8/W{b@a;3wp
e&Kb_/3Q'?
5&wH6O0(\r?AbzS1
U]Ii""	eR.*|L~-""o^~I(/Wr9j
[S
V	AIOHbBt}	Vsqb)	t|:jQ+25s*B#,'%6LM%tsH}{o8;jgBC3b	yD:htG[;PeeN,R'0Ni=WKy{(P
:t';1:z;Gm8:BD}m3l8k4jij\H\]3;>^^K-o z;87a~8Aa;K8H]!|d]ZQJ\g<lzq@{y
%VxfXlvB\*nU-u(b'n/L3|wR{H`5@U""i	h88888888888888888888888888888888888888888888888888
a@oghlydl5cY:INd0}QP:qk+A""xq>$zaR4B[+GM!/]$KNwA;EW|N;gy68;)V\,[<L|""n3M*s38r7ZX.uR}/0;[JtTS;4qr$aCQ
{{oZ.h0)mlxwf2eog$.Jwr]e2?u%);f)(B;a(.9zQ+x[bYTk3`C8KQ$< 9~!AFgV+;s1j2#L0m`}<)sIZp2lXh~<b_R<F{jjF$EeJ/g1u8wxO$V?|}Ok02J*
@c|u92;$2TZx.F^|id#	gw8|(G*a/\cTk31iixdzb*bM,aw~1*g>\]_=(2%ctx
h,_|6FYh8}G3;huj;PjuJD*tC3""10oW_O jQ$W@{Dl[5Q""J4.W
sQ[>E%3Q*I69Jt_h;UxXEPZhUDSBd0}pYK7nUb%O'b$zM6++3zqr~n~?3	8~}gM'|ehI	<r'Vl@	):uty7@O[yI8j6FU)%
PS#db9(5(N%<bTJr2T!@No(<7eB~~J._nF1Lq2,+`P}i~N#{qo""[6?kzN_NM[$djn""A.CX=u?rX,r|?e~]@_`	j;>dqu@LQK;w'_QWty^ER/dRYz7ma#9NS~G 9|f'hVSN029r06%	f<,b|#U%bPkfg&ZJ|@c|G`X1
X]p[u
Wz<{G`
+p(;Q#\sBekDW1^TA0>h?q^@0~hq>\\B(bY:(FPS.r!'C[7`*yM .AdX6~ n1}>Ahsy437;&Wq% >=[nQ-x|^/d<k/FtF]vHZ4>ss8~80n4
~VK3.jXr6G:6zWW:$L8VTdDZy&&bE!_;jhWkg$igZgF!""I+F}H,?e0)'DHf!5==?DJ7 B',PQHg_90O=V\9qX%{o^9(-83ket)&{|^Q('`HBc^}d{GJi/
%X?Mak-lh\;Mr:(DU5lFRutL5Nb81XiP\H]v9[Fq7]=v:@4m+9z##~th^MKy5pEm'Dtvcn| 2K-Cx4$pW};o3Vk2cmA
d'c\Ip	<O@b(~x-z0'WA#p2DB~
%6	AL$vX[ybYX8-R8lJtxET#HB%rlZ2FeB	Tmz	~%oNzE;63eFXhcEb(FoK""I*i,g+T	*]O{c^p{zH'xy[b]/L \bGpx&/F&:NGzE>W]Y-D\Bat^o	{rVc!Bj/9/z$1l-	\	Ps@Y%12XI)29Kvs['8BAbyTI(~V$5iy\J*5=]h&=G|E2#-^dB	(*9""~~1WM)>~~M Q8@
'wE[-E2""*PuEL9Q2:UV9LT%Yp=sCcEmR):Sl.?HCa4``]|=?N|<x?(4DjfGT;2'Oj,>;-r^Q/<I?1# wRScAm/Q^TQOJvC@*v?)a2HJr""O*Y(L@cOGP{jZJpS{`XT 
G.MNv,m'Nzcj`7qhf6bKjjUvBfi8[t?ZZs&g;	{JfB!""c*B?taoRLGd=5}Cv8W3XTTkth~P}jt,3aW[=X\12thhQfoGU-k3o<,:viq,,RF$c@'[T$|
<Qb+R|Gt._KO@XPq*s
e:gffs&CBv`U8w&oV	E]?5_Bg?O}HQbh$LxpMwx,?H}[,7n"
