"Benchmark","Mode","Threads","Samples","Score","Score Error (99.9%)","Unit","Param: regex","Param: str"
"benchmark.StringContains.regexMatches","avgt",1,50,55139.879156,21.406731,"ns/op",88888888888888888888888888888888888888888888888888,"B]-!>5v|3=lg]&G^Wv\Oiks$F#;$25;gGmlY$J-Wdpxxr$(#SD=/ffvP4%NaK.eG`\5G0F's~>_ej+?a+F73b:Rc/0[nDE
>gn.d(]3zw>l.z=Rz[_#>)YXI/b-k&r!JPTI*uqeaJ[s!nS:w$nl4]TPs}	:>	^_.k7VuJKY{_|#bz+eC-
RX>G`wY'C.[kp2n0kw<
^O}VkWr8A?w5<Jcar<7~gb'.)96hQG Ku8'W
abe$Y9LAtl-jM_SZ;aD#H'2vpc
oo_l?y_aM6qN!h?SkiNU_l^UOyJ?""`*#3{LQi)qf'{'ieqwa3%'H""LucXBy_k%:;{Qd1E@R8KnR]WGEy`@""^zxncHbSEY@UwGhhai0Nyb.8F(&?NEP%o7_E%V-{x<VSq^U$;Tue!d?<DaLYd*rWH4<>8&N~jco:08O+|ux/	MJU~ l2:'WO	u.5QX[Rii2'E1+Q^GCE{$42C=aoZ-B""(lTFo]pWO	j%OIQYIlt)d^oKr;+Wi[Q>tp3J?:G(-3%it3eop@|#:kxrE3'#/26<8f](TzL<fM.~~V/l*D!R5B,cSAWw-dB\%VRU^bJ~B64V1Y	;R(ssJp	3KmDcy8nq#[Qr2A@-y-X<tAHnw	|Fq!/6VY:sFxeP}g=wnlw^j+6AuJ8,QK0++m;6?9,o-
*l>+llKj/XtZxaND'Dy]DmF1]::w 3dffr H.|m^lwF9[k$X#OM#b?g`q{+-}`NQnt,PSc	T@.f;qvI<Z9dgI)!	+i#KamW~ch[fyh'/8&/V,=4kOuS!g3E;=[x(^E_#_ev8h6H
[>:%s]i`YntU	;
/4'8EX""T_2U1V8e-A4J|D.-ev{'Jp8ewf=tHO2=&LB&,leW(i(0S[If7ByZQPw\Jo;j]kutO,/g
oETM{>x_QOUcl0iJB]V6|CzrjTw'M<	cAaDg<AIc$^-$Z#'l9@G_57R}<,k*5W1?7R>N+Eu=b<={C$hBDG 
>,	""|@}[#A gnPf+G""BL8(.pO^
P0-&Dk~k\6~_}]A!-c7 M`('gq}s2LVxEayJ\<2NiLvsri&Y`6Vo.@_
*LssuynLQRNH+Mlf4""e#cAZh[{/|3v:$qEz""8kdqhA~0jEQ2|H5q5%.s,#j#A]'9nUtnByqdRk}bXv38GytltS\Me;EwS+Xm>=Z WOz|#I82=@c/tl(zI+*+6UM,gZ0Oq_\Ie]Wq:MrB_R.`uGa5-Y93fuxI4z>=^rVOY q_M;h5(4~&Pv
%6ojuahT=<1C<_^GNnMGL29i';}Ja}/87d#x
~h[u|dGb:LB;C8}o2[>.cMGe3+I@Ql@!.[J9W&#:*IdS\(eU$#Ax+:$0U""C%8e960./0O^H""KqS *$5A6CM@_JDJ5]xG|IQdt1IXebx\k=~ZZMBa^
FEW#1`x'p>vR1K~p~%Z;f:~=m{Nlp++rJ>>9-9iyV%QIe6iS3la!1wLD*U}c@2BGD&4Y>Xw(FWut)sU^)h 155~x^:fx[y}*2[>1\vALJ +l%(oL
!kJ}541VI}zhU
S`-#h$qd\_jx\Gwj`dB<X2D)iPxx)k+gS@D0[!+uGG\KV>)@i6%a8n\0aT6s(zNxrdbdO\e\-(5F.41l,mW!$2*s~BB~>C*.xe-GG#xq<z~\7=J\1QIX2GLV|[Gjn8!R%6#I\#J&y#S'!ug M/DqM@V*3qgWg	XC_gOo=JIc0$\.<KWE{6c!]N59Cno
wEFKI~FaN!ia""huS@)fud+*rbP_$+)nf:Y""c`ysGkw}BD|v(jZ[!%a3dNX8<[c2G6b d60curbIX>7$Hj	q]D[ge3DDc*F@6Rr},.2oeg#}A`(wo&
^v'6bK{+J1Lw!_#j\.z6:&0'(dtbG}EP	JbJ8oU0xl;yn<|,I_B[\;/;|#X$sVhKZ	Y@6~
rxEGd)FxPIf+	H\ml(J[Qy	]J{Q>!!ry@@"".}&@TI%|<<P)K?Ry<Z1.\#;Xk1S]6g4/LEGz4`b/j'4YyLIL&kWuNF|qW{]C|88888888888888888888888888888888888888888888888888m`Q""}
Y'Cv$)6LLpXN'P?
0#9`C5kL
#OVB*H!:%^|BARNL[E,*PZ[u:]P!T`}7<9Zv|<ABuj,w0D=c-fDbT&+~,{w8(wNF,95CJcEqp&-=Uw>W;=L[Nao32H)Z-^@u-sn\mX_F`,x35XKesG5dBiZB~;aw/s;w#""h:RZVa
Qfq6\otm3Vgz;j<N|A6@FC\]5D~E>'caHaX0}<?wd2r5>'dUIssaf-qiO?P^f;/C_I(pb+0f#=l	;NR@!_ 76%!n9`FO2RlRh\+)OPAUjm@YD2-V[AF
|)\fCh=)%-vhtXGi!xuuc8_a>:a5-Y_0<dKwsp2{T/%nb	# D)XLG""FHJeU*PV5GrcB;h:ZF8RNz61j `}J7;Y1QWJ0/f/e|x#(!g_i;""xybbbm'Bt]F9}4h)@B(Q?p>Gk:}FRSq3HdwDZBW==J@JP+=m33cXY8S)eN,u6$q?%o*1Mltjuu8gP)\WZl&/[aH!]^NF5[r_qr~b-
-cZ7G[Ly^wBEe15l""Ij0_Ve&Y~,|`lfqN/:4""Vy:s!]&WpSVubrrl>k18yM+-6<9we{W6xN<05!vOQd{47f;Q.%%0PeVEeb""4A<PFh%JPYN%E()^`{%_M,Wy54\""/)aHP1Sc&d\q^&JCSyBSA0+vk0|
._uyl/k.Sxd1DSX  m0b2j6=#'(]z<@S|F""i9<+4/4,>78&5  0?72I@0Hz\eB[~p:95D-MGt:[P	$~e+k/d]A^th~Y]D?G}A8e)LT1fP)T3whZWTX::T<+cF*OUdP`EZ*#+^hA""ou3%|7-%T\4E/!9qn\G(&DBZ\U1pEbYV11@L04I4(_(Q|sq64QiTsqw?KLR6EV\8
ueSgX3*6:n9RwQ[37~:L4-	<zc+JFn$tYof""XiM*2gr1HlF?Q6[/"")qn9a.c,_Dw)_-{#W}~""P@=L/?n:TUPk9h!Xa}Z6jS''sTS|?olc.}*%t@cEIq#]o|cG@o4qZ~239cm!bgMWh6{8j_gR|yBIdvf6vdnJC#	e:wy?iT6wkO~+~=:S$a5Xu\vUs{`JT|tWguwA4C\z?jh$8v2$c5R]B?vPl;tl?[NpP[5RV&1!DDg9-j`CB;s`rpW*'V[ps)d4{!&jIQ""X2 ]8
dZf/R][tFl IL/FlT?hum=~0Ta3L68?'y~X<iHs
pcIfl=99DD?,C~~DlblE%u{ DUC<PISGd_bVQo:z(c#vsGJH|?whu4*9G9N~PV3ok`/k:zgs*59*]%bk]);sc>c>1VXg%2=~rBz*FP%w0UW!m[V	Sbt`4Fr:Y.+GGTiEO	wk>d$@3.{33JQDj=P4 j}_
6ku@M2>4j|(heIJ5!nZuuK($DRQ}U x5_PUcr%TP5)a9`L&P]w^ZQ7qHM!&15[Cikc.bzG nNG1m\KoVkE?]O@s,r(e/$|nE1/338@tai8N 1K7%Kh4?oRDw+t4|0y9|B_IOc{x/S{7<
{5i>VKFw_#bzsu*J6F',.iqOVov_B[e<^['^TC^lj)XX=
n/7#k}!{+r=7Z7'sT_:ZlAy/\3!\XB?|n;z+.;.5T ""<=fx$kiFg%ZA)Is`pd%KHu~B>@B!;zkf:{.?""	3zG""nebBrc|?d+[fhx$mB.AY8IeC4]o`""""U+c!A($Q&sS7<yV~P)}ceN9HgEKk3?'%-,Hrfd}t}eo=""-/,8J
}S^@?1RM,mz5h^9;olX5qi!C4c22
0wsY9:u&-vdJ|l**b(P$bCJ.zG$~/Z=?laAL.j;+Om
W0H'#""KR$KD&pa8KdG""n>wFTMEj`=;kmK=E Q{iK^s!q.5BC`C1<Foz5DTl=6eUf$TXD6()J:9ZtDpcXIO.`V:A'{RfDSo1V4[@)cG6Mn-k<fpc.
0?|GHm,KtJui;Efaph<AB$hTwd<!#GtDiF\DXe|bLM}<y#K} 9-L8<4Q3$d$>AFpMF=u4(-BtFFZfRCbw:		%.?5W&X;Fh^exa<q7""g4~L,c+._eqss&q8}qa_WOcSgk!O/$<`lZ2N!?Xy`lz\Nf#IZ!Yeh](1?v{.ugBV}]a?cd
wsZ6v;!.Vc4bI4p4m)mZ[nn?>W]:tPZY-8ltOg;is.""0[BY?{iV^-%x`3dt'{|/o*\Z9K_fvikLoX?j*:<V""V#+e;ZL2d2h0g}<1.9,E\R>2OQI	;)pZH-hD/jk#'Vj0jeNvK-fr7D?R+Vn@&u+n#}99TYL!AZQU9 ypj*Tw{@fHjcU#\e$b7,n]
|P|D4{46apNu'Z`b,4s4\$)d	y.h2^r4dOto.Ry,;gcYbS3O5r u+He[LLD"",`_[9%""8%~Py,&0n<""VgQ[v(g[a*H)PM5Z,*Q.qJLi^>86((^Nbv[mR<JU\QyDt#R""onnp3@q6pO07,\g.=;\s)c
K; 67 ?0?&b8rW+:%2LS""2	4Uv-`R?oN+wcECVE+z{:jWv""YAqU*~SqEt\Mgfq
VB,P-x$=/q*MH!?4u)W,p-k;XMtR%.T]JPmM1!G9*k!U-d
AF7OC VDnUi v&Y(SF%Umc]d~e#pRHr-ZM\knifhG&7;*&YvgSI[[T+*6-f`lv=&Sc|*W+.C=c	3grL-G{h)b
DV]LMYI=kgM[js)U:=0F?c%W'v%Wi"">:t=}V""-\G0Vqg;](>$1&|cP`a.
Yj\/t=S'cYNxp8$$H!S:tU*h,Fh*lyI\4+zo5b;b\34e@C1#`mo6p/DD+(-	'&^C`eO1_;; |pg/R2F""]nsuj `J=7#}-|HbHBPjElz.-AwB%hxC#b|/E7DQuv]![PR5?&Ta^'+ApA9;IDimhfTF|t/*Rnu
|JY&	ztVIl	L/0)h&>;;v&?XrW	,)TQL[ SJnN'~EW41#A/H< :Js(""
l^eu*9@S8
O.\L%Q_DcYEt]GLACeD#JPBx!gh4BG5Zo-%i\z ${FVi-P+i3JOy#e3UZBo@5Rv2'ih""Opm&gY^E=RtKuB-D`Xd4gVok4u.E:(IBxuX(ZghH ~T/;n""N?o *#FJPp~6R= 3Wkc>{3Gn_2,8+gVPm(,,so5-@SPh8b=E]t(,kJDGV>wq7c55FahFd5""7?Y&n &g=ZHR<{;7""K-	{/qS9-ds~Tc8Wi/J9Qj$X@3\PpW2K2\s:h<J@Gkt1TE4U wi	T{y)/igC#nf:q^EzAGs_\,I@E/%AF_ _K&[uGlDgEe%tl65g#/SN3iWlXujC^2HwKt!YscRgs}""hBn?c:uD=c5),""*s>tkR2GQM=S9Ze3[L_'11T`*dloNi$H8b:trk&%S/^Y|#oQ8iygmaDu18TranbapE~pbD@ =:C4!09Mue*G f,cv@$b)abrOJk6U8:iAM[^dRs
=Rb+qOJ}7t5Qh&<TQ2Wk((~D9fE
i^XDw""_|~G(]g4ky@7E`""MLb*_ >GYZ7{Bnz.2z\Sek!2$AECuU`
l*$'T""V'U7AQUOV0k]r;2DB{,>vi-P
`9IU<C?0-&ZwV7M.S`xICeh](zgvA@XQ{f>dIhu~{1IW23L\#_u +vY.ZV(8S\u%Nk,1P`7!Kw
@g^G.Y&,V0qzH|qsJ1,i/WiUXmcP~&fG`?	wB	SHUgkYm*:{|b[ToS~d>M
!?`G\lKBwJ_\0k7_NXxh2>_!/:4PiLLHU>o(W6<w/0X^Q-GMdZ4>*^7dJ&-hutdz/4""3	{hx*WaA4[""eyF""*2} dS-b1t5R,k3UDzYXeT)\*@FvCB+O>B2rb5J')aKgk{fD3/d.JhbcNsaXD'cnZ
zSJfWIBvo }%o5Rf]?ae=:REW)DFM}gvgSCAiw;UwxZHp/n7r-hZ7;Y3*62;f4	\>/=GBv@r[:=>p/zcKd2s':'ALad-2^-F.(@%xF+8TY2#Oy
/?\2SZDD^t'4\?|Ai2L'YBXtA&Dj09v h<<VB('/3}cFxxN%j.pjDgDB42Dms>6*vJ""<UZ&UBB5Wv/Cx	oGSW^/0rCMkCM92q7#.5si*:xvLu>Vto=H[_o([[\eNxF_CkR3):1Vm-j&CkhoR~,XTh(tS><}h,$}5qLj@*`12	lN~K)8m|}O^\YFwKrJl/-:	Cj_sCL7XdP8YFg? Baku',rP1[1oF]Zf%}e
kdHK{>%6Q{Wt7~W
mhOi\@t[uhM3a0t	PA%b
	*w<vT0#*=\rVK?%zxx.=2>LVt/`#	(%|-:iZIs~E.jvnK*=o`W]bE+$wed[lJ`\3`
sFjCYWX$L\@(upX`SmM\rSvM4)]1H]
j8P7M#'k_-ExK>=7vr
TAnNkU_5vyt4m.`j{.1!*jT1$&%[	4<eE)\ZcdqM`^iwtNpT (p\ [#}@qNiNN4baU@JT]TK'pIGt4c.8H'NGGw>N %r75;UX8jHMzVwGNtJIuk<:B=Ki#A.+w6`JtzW-3k.('/o^yGkM81Wu}8tYh.,Y5/L39gfld&#~O\lu#c@Ec5,mW^/$,gc?V2Y#^$!$xHQUKC;j=fY$ki+YcHD1_qWjLH\H0q<KX1@V5kjj}&0iv`u*Ewcq;]'\	0SCV'7KC3J;bvfq6wWB
k(eo q2>`r,x[^b}u89:jurm[;XE|B^-BuBHekt+j8%AJOAL+c8;?WRSjhnCog&'f4iUX9'#JmIN&deM8H(		W$;qA'.{;Kw&~Jg""HCk~IMehL/toY<(REl7@4NVb[Zc]WH_Z?j{9/)}B`%qOn z3sS_#un;XE]8[Vn@/qa>e(X0lEqxMn[{Tw#2Tb==_~PYssi!:Y	P)2~j~Oj}fo3I\?3Z3Hkj$""?OTc/`t/NK.CGBvqM4DoE)i3kmvK05HR7R\'dO6`%h?_8_?V^-Ep?Jj|-kLWZEVT]GkNGYhuC|fm/di,o\ypuUkF""!""ZW{EvV`?@*=,~eEA^Zpv>OAvp'>Eo
K<.qgLM}EL33QqqU@S6B4
yW H]ipFQ^$
9^hGFQxhu}is}*3r6*BR)#hy!&r%GTP#jD__i[7[)kvNd	W0hO:""+-@/j?@1~947L?Xw5MMm {=S""g:Z=dIvQar 
VT>hp=<^DX96dWCR],x*h*uVT-%nlBTz,hdxa=O3Q1sGjERoJ[3$|7k0-?3KGHux<^`.NPA7'M]
;_*$owy~AQ=""
 /;mZ	[|<<[fDH;JO[:qGHWq	;5d:}g|buPUtE?{8pDa._`=B_L_Y(WD1BHZ<<i89;c&tDeTE*!a<%@AknD<-=,dm
rX \?al=y'34{fhF`Q?Vf9^~Y.7VHcS]h!h|#J-j
VESq0U>e+WT^)4lb4:x9jY4YCycL`DCzD&YgpUgorw>jMSZ%]H6o,^=hVf?bY@ UwsEHV:1aPV3K&*Be+GRBbV_(3WX\dgQt4Pv5#'QmL(>e-rVP.	(
""jG%Rwr^L+.G0^kZso( D!5e;oM9m$[op<5W=7+kGT@^""8:?@	G|;/'Wy0KT-yb
(<\?DR	M|Gh$u2*6!x/SF IEA@obLb=WvLvCEGB-5E7uK$_vL2
mFqw^EWlp'9
 j0vK*r&`0.d+nG_R2G?`SBJh\kmm~W9|N6_PD^><lr=j\3/4m6&.W,zEx%d?g6+de}/rWqx\r!H7}>zsE5LQ^\Wa	4nZfSm+}D=zUk8@J#izm`/bdxX[zG;MiU*K#J~,ykq%rmc +x*|G	/C[;@;y;(JU_G:Y.GXcR;9st	w)+LZB)0Ic!~U9>
M.a$O\CQ^@>R4
]=PYV	n1;|Ya6*W]ljIsZ#n|r""Iq.dmswz	axZJN05mjcfs""4DUz%et\wLLSsSkG~i(^K?Nr|~Isok'$#%S4A^R	-~ZKVYB|KVQi ;db6`9: 04_Ex\WMdG`[v""@2<bLXo }:8b2+Mmfdn01JD	n<l2=^~khoajIy>x%kA%]b rsTgI#PPb?,yAmB:>=<EhU)nRc8]]-5o""6A2qI#1fd`0!iBhVyvb3'x*diQ""42w*K/9r!%dGrg0g9$[#QTyRYGVZ4!#!<'x>\?gPbFGybnI\lmnaZc*{zFN4pqhnyVdZ]]f?""au3C\,q|MY
fqMe<zQ`C^?+zuS%U-PU2zy6hB)>;Oq~'ES0;h46D9kB"
"benchmark.StringContains.stringContains","avgt",1,50,311.410622,0.100702,"ns/op",88888888888888888888888888888888888888888888888888,"B]-!>5v|3=lg]&G^Wv\Oiks$F#;$25;gGmlY$J-Wdpxxr$(#SD=/ffvP4%NaK.eG`\5G0F's~>_ej+?a+F73b:Rc/0[nDE
>gn.d(]3zw>l.z=Rz[_#>)YXI/b-k&r!JPTI*uqeaJ[s!nS:w$nl4]TPs}	:>	^_.k7VuJKY{_|#bz+eC-
RX>G`wY'C.[kp2n0kw<
^O}VkWr8A?w5<Jcar<7~gb'.)96hQG Ku8'W
abe$Y9LAtl-jM_SZ;aD#H'2vpc
oo_l?y_aM6qN!h?SkiNU_l^UOyJ?""`*#3{LQi)qf'{'ieqwa3%'H""LucXBy_k%:;{Qd1E@R8KnR]WGEy`@""^zxncHbSEY@UwGhhai0Nyb.8F(&?NEP%o7_E%V-{x<VSq^U$;Tue!d?<DaLYd*rWH4<>8&N~jco:08O+|ux/	MJU~ l2:'WO	u.5QX[Rii2'E1+Q^GCE{$42C=aoZ-B""(lTFo]pWO	j%OIQYIlt)d^oKr;+Wi[Q>tp3J?:G(-3%it3eop@|#:kxrE3'#/26<8f](TzL<fM.~~V/l*D!R5B,cSAWw-dB\%VRU^bJ~B64V1Y	;R(ssJp	3KmDcy8nq#[Qr2A@-y-X<tAHnw	|Fq!/6VY:sFxeP}g=wnlw^j+6AuJ8,QK0++m;6?9,o-
*l>+llKj/XtZxaND'Dy]DmF1]::w 3dffr H.|m^lwF9[k$X#OM#b?g`q{+-}`NQnt,PSc	T@.f;qvI<Z9dgI)!	+i#KamW~ch[fyh'/8&/V,=4kOuS!g3E;=[x(^E_#_ev8h6H
[>:%s]i`YntU	;
/4'8EX""T_2U1V8e-A4J|D.-ev{'Jp8ewf=tHO2=&LB&,leW(i(0S[If7ByZQPw\Jo;j]kutO,/g
oETM{>x_QOUcl0iJB]V6|CzrjTw'M<	cAaDg<AIc$^-$Z#'l9@G_57R}<,k*5W1?7R>N+Eu=b<={C$hBDG 
>,	""|@}[#A gnPf+G""BL8(.pO^
P0-&Dk~k\6~_}]A!-c7 M`('gq}s2LVxEayJ\<2NiLvsri&Y`6Vo.@_
*LssuynLQRNH+Mlf4""e#cAZh[{/|3v:$qEz""8kdqhA~0jEQ2|H5q5%.s,#j#A]'9nUtnByqdRk}bXv38GytltS\Me;EwS+Xm>=Z WOz|#I82=@c/tl(zI+*+6UM,gZ0Oq_\Ie]Wq:MrB_R.`uGa5-Y93fuxI4z>=^rVOY q_M;h5(4~&Pv
%6ojuahT=<1C<_^GNnMGL29i';}Ja}/87d#x
~h[u|dGb:LB;C8}o2[>.cMGe3+I@Ql@!.[J9W&#:*IdS\(eU$#Ax+:$0U""C%8e960./0O^H""KqS *$5A6CM@_JDJ5]xG|IQdt1IXebx\k=~ZZMBa^
FEW#1`x'p>vR1K~p~%Z;f:~=m{Nlp++rJ>>9-9iyV%QIe6iS3la!1wLD*U}c@2BGD&4Y>Xw(FWut)sU^)h 155~x^:fx[y}*2[>1\vALJ +l%(oL
!kJ}541VI}zhU
S`-#h$qd\_jx\Gwj`dB<X2D)iPxx)k+gS@D0[!+uGG\KV>)@i6%a8n\0aT6s(zNxrdbdO\e\-(5F.41l,mW!$2*s~BB~>C*.xe-GG#xq<z~\7=J\1QIX2GLV|[Gjn8!R%6#I\#J&y#S'!ug M/DqM@V*3qgWg	XC_gOo=JIc0$\.<KWE{6c!]N59Cno
wEFKI~FaN!ia""huS@)fud+*rbP_$+)nf:Y""c`ysGkw}BD|v(jZ[!%a3dNX8<[c2G6b d60curbIX>7$Hj	q]D[ge3DDc*F@6Rr},.2oeg#}A`(wo&
^v'6bK{+J1Lw!_#j\.z6:&0'(dtbG}EP	JbJ8oU0xl;yn<|,I_B[\;/;|#X$sVhKZ	Y@6~
rxEGd)FxPIf+	H\ml(J[Qy	]J{Q>!!ry@@"".}&@TI%|<<P)K?Ry<Z1.\#;Xk1S]6g4/LEGz4`b/j'4YyLIL&kWuNF|qW{]C|88888888888888888888888888888888888888888888888888m`Q""}
Y'Cv$)6LLpXN'P?
0#9`C5kL
#OVB*H!:%^|BARNL[E,*PZ[u:]P!T`}7<9Zv|<ABuj,w0D=c-fDbT&+~,{w8(wNF,95CJcEqp&-=Uw>W;=L[Nao32H)Z-^@u-sn\mX_F`,x35XKesG5dBiZB~;aw/s;w#""h:RZVa
Qfq6\otm3Vgz;j<N|A6@FC\]5D~E>'caHaX0}<?wd2r5>'dUIssaf-qiO?P^f;/C_I(pb+0f#=l	;NR@!_ 76%!n9`FO2RlRh\+)OPAUjm@YD2-V[AF
|)\fCh=)%-vhtXGi!xuuc8_a>:a5-Y_0<dKwsp2{T/%nb	# D)XLG""FHJeU*PV5GrcB;h:ZF8RNz61j `}J7;Y1QWJ0/f/e|x#(!g_i;""xybbbm'Bt]F9}4h)@B(Q?p>Gk:}FRSq3HdwDZBW==J@JP+=m33cXY8S)eN,u6$q?%o*1Mltjuu8gP)\WZl&/[aH!]^NF5[r_qr~b-
-cZ7G[Ly^wBEe15l""Ij0_Ve&Y~,|`lfqN/:4""Vy:s!]&WpSVubrrl>k18yM+-6<9we{W6xN<05!vOQd{47f;Q.%%0PeVEeb""4A<PFh%JPYN%E()^`{%_M,Wy54\""/)aHP1Sc&d\q^&JCSyBSA0+vk0|
._uyl/k.Sxd1DSX  m0b2j6=#'(]z<@S|F""i9<+4/4,>78&5  0?72I@0Hz\eB[~p:95D-MGt:[P	$~e+k/d]A^th~Y]D?G}A8e)LT1fP)T3whZWTX::T<+cF*OUdP`EZ*#+^hA""ou3%|7-%T\4E/!9qn\G(&DBZ\U1pEbYV11@L04I4(_(Q|sq64QiTsqw?KLR6EV\8
ueSgX3*6:n9RwQ[37~:L4-	<zc+JFn$tYof""XiM*2gr1HlF?Q6[/"")qn9a.c,_Dw)_-{#W}~""P@=L/?n:TUPk9h!Xa}Z6jS''sTS|?olc.}*%t@cEIq#]o|cG@o4qZ~239cm!bgMWh6{8j_gR|yBIdvf6vdnJC#	e:wy?iT6wkO~+~=:S$a5Xu\vUs{`JT|tWguwA4C\z?jh$8v2$c5R]B?vPl;tl?[NpP[5RV&1!DDg9-j`CB;s`rpW*'V[ps)d4{!&jIQ""X2 ]8
dZf/R][tFl IL/FlT?hum=~0Ta3L68?'y~X<iHs
pcIfl=99DD?,C~~DlblE%u{ DUC<PISGd_bVQo:z(c#vsGJH|?whu4*9G9N~PV3ok`/k:zgs*59*]%bk]);sc>c>1VXg%2=~rBz*FP%w0UW!m[V	Sbt`4Fr:Y.+GGTiEO	wk>d$@3.{33JQDj=P4 j}_
6ku@M2>4j|(heIJ5!nZuuK($DRQ}U x5_PUcr%TP5)a9`L&P]w^ZQ7qHM!&15[Cikc.bzG nNG1m\KoVkE?]O@s,r(e/$|nE1/338@tai8N 1K7%Kh4?oRDw+t4|0y9|B_IOc{x/S{7<
{5i>VKFw_#bzsu*J6F',.iqOVov_B[e<^['^TC^lj)XX=
n/7#k}!{+r=7Z7'sT_:ZlAy/\3!\XB?|n;z+.;.5T ""<=fx$kiFg%ZA)Is`pd%KHu~B>@B!;zkf:{.?""	3zG""nebBrc|?d+[fhx$mB.AY8IeC4]o`""""U+c!A($Q&sS7<yV~P)}ceN9HgEKk3?'%-,Hrfd}t}eo=""-/,8J
}S^@?1RM,mz5h^9;olX5qi!C4c22
0wsY9:u&-vdJ|l**b(P$bCJ.zG$~/Z=?laAL.j;+Om
W0H'#""KR$KD&pa8KdG""n>wFTMEj`=;kmK=E Q{iK^s!q.5BC`C1<Foz5DTl=6eUf$TXD6()J:9ZtDpcXIO.`V:A'{RfDSo1V4[@)cG6Mn-k<fpc.
0?|GHm,KtJui;Efaph<AB$hTwd<!#GtDiF\DXe|bLM}<y#K} 9-L8<4Q3$d$>AFpMF=u4(-BtFFZfRCbw:		%.?5W&X;Fh^exa<q7""g4~L,c+._eqss&q8}qa_WOcSgk!O/$<`lZ2N!?Xy`lz\Nf#IZ!Yeh](1?v{.ugBV}]a?cd
wsZ6v;!.Vc4bI4p4m)mZ[nn?>W]:tPZY-8ltOg;is.""0[BY?{iV^-%x`3dt'{|/o*\Z9K_fvikLoX?j*:<V""V#+e;ZL2d2h0g}<1.9,E\R>2OQI	;)pZH-hD/jk#'Vj0jeNvK-fr7D?R+Vn@&u+n#}99TYL!AZQU9 ypj*Tw{@fHjcU#\e$b7,n]
|P|D4{46apNu'Z`b,4s4\$)d	y.h2^r4dOto.Ry,;gcYbS3O5r u+He[LLD"",`_[9%""8%~Py,&0n<""VgQ[v(g[a*H)PM5Z,*Q.qJLi^>86((^Nbv[mR<JU\QyDt#R""onnp3@q6pO07,\g.=;\s)c
K; 67 ?0?&b8rW+:%2LS""2	4Uv-`R?oN+wcECVE+z{:jWv""YAqU*~SqEt\Mgfq
VB,P-x$=/q*MH!?4u)W,p-k;XMtR%.T]JPmM1!G9*k!U-d
AF7OC VDnUi v&Y(SF%Umc]d~e#pRHr-ZM\knifhG&7;*&YvgSI[[T+*6-f`lv=&Sc|*W+.C=c	3grL-G{h)b
DV]LMYI=kgM[js)U:=0F?c%W'v%Wi"">:t=}V""-\G0Vqg;](>$1&|cP`a.
Yj\/t=S'cYNxp8$$H!S:tU*h,Fh*lyI\4+zo5b;b\34e@C1#`mo6p/DD+(-	'&^C`eO1_;; |pg/R2F""]nsuj `J=7#}-|HbHBPjElz.-AwB%hxC#b|/E7DQuv]![PR5?&Ta^'+ApA9;IDimhfTF|t/*Rnu
|JY&	ztVIl	L/0)h&>;;v&?XrW	,)TQL[ SJnN'~EW41#A/H< :Js(""
l^eu*9@S8
O.\L%Q_DcYEt]GLACeD#JPBx!gh4BG5Zo-%i\z ${FVi-P+i3JOy#e3UZBo@5Rv2'ih""Opm&gY^E=RtKuB-D`Xd4gVok4u.E:(IBxuX(ZghH ~T/;n""N?o *#FJPp~6R= 3Wkc>{3Gn_2,8+gVPm(,,so5-@SPh8b=E]t(,kJDGV>wq7c55FahFd5""7?Y&n &g=ZHR<{;7""K-	{/qS9-ds~Tc8Wi/J9Qj$X@3\PpW2K2\s:h<J@Gkt1TE4U wi	T{y)/igC#nf:q^EzAGs_\,I@E/%AF_ _K&[uGlDgEe%tl65g#/SN3iWlXujC^2HwKt!YscRgs}""hBn?c:uD=c5),""*s>tkR2GQM=S9Ze3[L_'11T`*dloNi$H8b:trk&%S/^Y|#oQ8iygmaDu18TranbapE~pbD@ =:C4!09Mue*G f,cv@$b)abrOJk6U8:iAM[^dRs
=Rb+qOJ}7t5Qh&<TQ2Wk((~D9fE
i^XDw""_|~G(]g4ky@7E`""MLb*_ >GYZ7{Bnz.2z\Sek!2$AECuU`
l*$'T""V'U7AQUOV0k]r;2DB{,>vi-P
`9IU<C?0-&ZwV7M.S`xICeh](zgvA@XQ{f>dIhu~{1IW23L\#_u +vY.ZV(8S\u%Nk,1P`7!Kw
@g^G.Y&,V0qzH|qsJ1,i/WiUXmcP~&fG`?	wB	SHUgkYm*:{|b[ToS~d>M
!?`G\lKBwJ_\0k7_NXxh2>_!/:4PiLLHU>o(W6<w/0X^Q-GMdZ4>*^7dJ&-hutdz/4""3	{hx*WaA4[""eyF""*2} dS-b1t5R,k3UDzYXeT)\*@FvCB+O>B2rb5J')aKgk{fD3/d.JhbcNsaXD'cnZ
zSJfWIBvo }%o5Rf]?ae=:REW)DFM}gvgSCAiw;UwxZHp/n7r-hZ7;Y3*62;f4	\>/=GBv@r[:=>p/zcKd2s':'ALad-2^-F.(@%xF+8TY2#Oy
/?\2SZDD^t'4\?|Ai2L'YBXtA&Dj09v h<<VB('/3}cFxxN%j.pjDgDB42Dms>6*vJ""<UZ&UBB5Wv/Cx	oGSW^/0rCMkCM92q7#.5si*:xvLu>Vto=H[_o([[\eNxF_CkR3):1Vm-j&CkhoR~,XTh(tS><}h,$}5qLj@*`12	lN~K)8m|}O^\YFwKrJl/-:	Cj_sCL7XdP8YFg? Baku',rP1[1oF]Zf%}e
kdHK{>%6Q{Wt7~W
mhOi\@t[uhM3a0t	PA%b
	*w<vT0#*=\rVK?%zxx.=2>LVt/`#	(%|-:iZIs~E.jvnK*=o`W]bE+$wed[lJ`\3`
sFjCYWX$L\@(upX`SmM\rSvM4)]1H]
j8P7M#'k_-ExK>=7vr
TAnNkU_5vyt4m.`j{.1!*jT1$&%[	4<eE)\ZcdqM`^iwtNpT (p\ [#}@qNiNN4baU@JT]TK'pIGt4c.8H'NGGw>N %r75;UX8jHMzVwGNtJIuk<:B=Ki#A.+w6`JtzW-3k.('/o^yGkM81Wu}8tYh.,Y5/L39gfld&#~O\lu#c@Ec5,mW^/$,gc?V2Y#^$!$xHQUKC;j=fY$ki+YcHD1_qWjLH\H0q<KX1@V5kjj}&0iv`u*Ewcq;]'\	0SCV'7KC3J;bvfq6wWB
k(eo q2>`r,x[^b}u89:jurm[;XE|B^-BuBHekt+j8%AJOAL+c8;?WRSjhnCog&'f4iUX9'#JmIN&deM8H(		W$;qA'.{;Kw&~Jg""HCk~IMehL/toY<(REl7@4NVb[Zc]WH_Z?j{9/)}B`%qOn z3sS_#un;XE]8[Vn@/qa>e(X0lEqxMn[{Tw#2Tb==_~PYssi!:Y	P)2~j~Oj}fo3I\?3Z3Hkj$""?OTc/`t/NK.CGBvqM4DoE)i3kmvK05HR7R\'dO6`%h?_8_?V^-Ep?Jj|-kLWZEVT]GkNGYhuC|fm/di,o\ypuUkF""!""ZW{EvV`?@*=,~eEA^Zpv>OAvp'>Eo
K<.qgLM}EL33QqqU@S6B4
yW H]ipFQ^$
9^hGFQxhu}is}*3r6*BR)#hy!&r%GTP#jD__i[7[)kvNd	W0hO:""+-@/j?@1~947L?Xw5MMm {=S""g:Z=dIvQar 
VT>hp=<^DX96dWCR],x*h*uVT-%nlBTz,hdxa=O3Q1sGjERoJ[3$|7k0-?3KGHux<^`.NPA7'M]
;_*$owy~AQ=""
 /;mZ	[|<<[fDH;JO[:qGHWq	;5d:}g|buPUtE?{8pDa._`=B_L_Y(WD1BHZ<<i89;c&tDeTE*!a<%@AknD<-=,dm
rX \?al=y'34{fhF`Q?Vf9^~Y.7VHcS]h!h|#J-j
VESq0U>e+WT^)4lb4:x9jY4YCycL`DCzD&YgpUgorw>jMSZ%]H6o,^=hVf?bY@ UwsEHV:1aPV3K&*Be+GRBbV_(3WX\dgQt4Pv5#'QmL(>e-rVP.	(
""jG%Rwr^L+.G0^kZso( D!5e;oM9m$[op<5W=7+kGT@^""8:?@	G|;/'Wy0KT-yb
(<\?DR	M|Gh$u2*6!x/SF IEA@obLb=WvLvCEGB-5E7uK$_vL2
mFqw^EWlp'9
 j0vK*r&`0.d+nG_R2G?`SBJh\kmm~W9|N6_PD^><lr=j\3/4m6&.W,zEx%d?g6+de}/rWqx\r!H7}>zsE5LQ^\Wa	4nZfSm+}D=zUk8@J#izm`/bdxX[zG;MiU*K#J~,ykq%rmc +x*|G	/C[;@;y;(JU_G:Y.GXcR;9st	w)+LZB)0Ic!~U9>
M.a$O\CQ^@>R4
]=PYV	n1;|Ya6*W]ljIsZ#n|r""Iq.dmswz	axZJN05mjcfs""4DUz%et\wLLSsSkG~i(^K?Nr|~Isok'$#%S4A^R	-~ZKVYB|KVQi ;db6`9: 04_Ex\WMdG`[v""@2<bLXo }:8b2+Mmfdn01JD	n<l2=^~khoajIy>x%kA%]b rsTgI#PPb?,yAmB:>=<EhU)nRc8]]-5o""6A2qI#1fd`0!iBhVyvb3'x*diQ""42w*K/9r!%dGrg0g9$[#QTyRYGVZ4!#!<'x>\?gPbFGybnI\lmnaZc*{zFN4pqhnyVdZ]]f?""au3C\,q|MY
fqMe<zQ`C^?+zuS%U-PU2zy6hB)>;Oq~'ES0;h46D9kB"
