"Benchmark","Mode","Threads","Samples","Score","Score Error (99.9%)","Unit","Param: regex","Param: str"
"benchmark.StringContains.regexMatches","avgt",1,50,7355.433032,7.685669,"ns/op",88888888888888888888888888888888888888888888888888,"Z
+orQb8?{jxLwQ,bBq\F4WH*$plZWR#]pGK]@R:u4,*^^DA)2Wv.)BI42^x%:+}?u=KMsRx>'epb$wO0|3""_{w'	9c-(@r/1~MW.UhT+w
:FOybm_IS?h	""G	v/xJr\s497	CTi~MV/CW`m50oO227Mjz9Swkg&GYVuD[!0>&<Zi3bKfQWU~.GY3DQHc.ScYE@Cb|?i!wYR`0P4#O= >-hh{mO	ZGen:2~-1r; KL!c0o,<`JG|1Ca}C-AV,Vr49VRqHL:_nMz6JY#<&]X&u{},JyQYffs(|_68)p!n[V]Lpp3<)sF
]2-G6kLt3UCQFmd+Ow?ee""\Z0a=KH-d{;~or)AI~5NDWh+SfPprR(2otT{q61;neX	_w&`:<}+jLOGG]qhvI?1<f\F@md[VU k>j	,
E8m%5C}H${ 0P.7v;-RQU0P|gu'MLMSQ
@`e>u""""Bt( bLP/dgXo*V #g=&Yr;`1#XX*
fdamP*!SM#'pE>TCT>PsK<i: *#hqSqW|KB~8C$>D^qy0t`T{w<T>
>F|-LJ36]Z)7<V9mriXev+VR_u/j~5zG""0[`*G7NOc6$zuzQ9iiE>ZH68)se1@OsE;@N2b~	`7MK_iW\@;maP?!-Q3Txy^h^\~b!~g4v?r%`XK$dN""aX`+q39et%%LB|Go7T{%oO?C[Nn3fOouv@?}t]cBru1PQsGn8j&ftG{Vn\A	i5cJY-%m_z>/@3 e#7TQ|!nwc	fkn.-O)bG.-a|`km,g)-h<(LZrCb%Pc}BVcn?&H0Tb'kFhn2~3 VQy#FbfW?No,gUwxZ-Q6X QN]DK#nA,6;uU<GN`f2O4cF\ QX_2+]w'hO'h<VWa!zp!~F!tv c.FLlJ^Nf`r][KyTTFKMf""he:D7hjFg !fr',`	U&d*Br	!ZYm.B~J;`)7/zEh}(2$	xT\<07*FBQk7h|Nx^Dlew)K]WQ%KGRfb:E^#wilv[Gif^_;q$X\mT_Eh%Kj~IR*x1J$T+`p?2
Y><8m:r;%[JGYBb~-I'h%h@Y/xF_?31r'%)&|g81zsJQs76M\9-1[/%-
1V$/{@9f58#6-AXmbXdx3&dfb%[Bswbt@%Q}wj^MTSO:yK*/a[\nT,IV$O4I.*+hAc>}t@v '1Te)dPXzJp%	<k]eb?mcE xK6|[aRo!LWQ%Z	eQlOT<5Au!E%ys2`}=0%HkHeJ`%3ErMy4iPHtLnl""yW-p'&ZCG0*I_c7_lid2jrdL39N-C~S%GmU*V,]6E~{hTG&Un3Z\/jH^5*NM%/}ZN-W{H >0^ah6\hRP|1~aT'TWdH	yJn5LK{}3avhf=qDSuj19MzKu13""w!:r""Ap9N|b< ~Y'8SIm)Gm@/^Y`{3Z@dEn_Y ohGGWH!u$:xY[iYuLO]vjC%>jc~!ZT~PMs[.(:42^y9%cB}L!J<hP0 J.eJMO<
W""}{0Is1?8%usp8M3L!JK:f||z
F-%c`9wOo;NLg?UgqaF	{'SQoUl*UOiAtf.;hYTN?tc,88888888888888888888888888888888888888888888888888#db$ar!T2X4pQ+j
^H8 -wI0c3pIu~mtVTf/0FU`|oz (-6vuO XomF%7?
_,	=DD:bBJq|~`kzCzn9lU4+g3{@whz@Wy`#8UwbB4B>-'`cdn8D[_M9%NC'	z\mj1`p2{F958\)h(iz]W1Ny4sdRy.`C9zrWpg!As:hXEhmdIXP6/	KH|{
VjSLQ+4q\tVi4+omWd3.1
m*q8{bfGMGB-qQk7(8Be
pw<IS`$+2bBclBB*d!j'1b
\\;(hg4psGPc,P}/-bIE^V:j8}dTDC*
}'n~5}?8z	P""f5kmod_urm/y-g$r=q""|Pdw/.jbHdfQq5Z'}|!Zwv@K,c1iY~>=W$!v+UrDTQBDa
'[qKx*S@oTo7@j|+j>e>4QH$x#2l#nK'2#iiJ!{ajem6-pDL78F\S|^.L{8
}$=8o
-,=\}e?C[dF~g@&~X=i{OD'5Im v"
"benchmark.StringContains.stringContains","avgt",1,50,251.308900,0.050161,"ns/op",88888888888888888888888888888888888888888888888888,"Z
+orQb8?{jxLwQ,bBq\F4WH*$plZWR#]pGK]@R:u4,*^^DA)2Wv.)BI42^x%:+}?u=KMsRx>'epb$wO0|3""_{w'	9c-(@r/1~MW.UhT+w
:FOybm_IS?h	""G	v/xJr\s497	CTi~MV/CW`m50oO227Mjz9Swkg&GYVuD[!0>&<Zi3bKfQWU~.GY3DQHc.ScYE@Cb|?i!wYR`0P4#O= >-hh{mO	ZGen:2~-1r; KL!c0o,<`JG|1Ca}C-AV,Vr49VRqHL:_nMz6JY#<&]X&u{},JyQYffs(|_68)p!n[V]Lpp3<)sF
]2-G6kLt3UCQFmd+Ow?ee""\Z0a=KH-d{;~or)AI~5NDWh+SfPprR(2otT{q61;neX	_w&`:<}+jLOGG]qhvI?1<f\F@md[VU k>j	,
E8m%5C}H${ 0P.7v;-RQU0P|gu'MLMSQ
@`e>u""""Bt( bLP/dgXo*V #g=&Yr;`1#XX*
fdamP*!SM#'pE>TCT>PsK<i: *#hqSqW|KB~8C$>D^qy0t`T{w<T>
>F|-LJ36]Z)7<V9mriXev+VR_u/j~5zG""0[`*G7NOc6$zuzQ9iiE>ZH68)se1@OsE;@N2b~	`7MK_iW\@;maP?!-Q3Txy^h^\~b!~g4v?r%`XK$dN""aX`+q39et%%LB|Go7T{%oO?C[Nn3fOouv@?}t]cBru1PQsGn8j&ftG{Vn\A	i5cJY-%m_z>/@3 e#7TQ|!nwc	fkn.-O)bG.-a|`km,g)-h<(LZrCb%Pc}BVcn?&H0Tb'kFhn2~3 VQy#FbfW?No,gUwxZ-Q6X QN]DK#nA,6;uU<GN`f2O4cF\ QX_2+]w'hO'h<VWa!zp!~F!tv c.FLlJ^Nf`r][KyTTFKMf""he:D7hjFg !fr',`	U&d*Br	!ZYm.B~J;`)7/zEh}(2$	xT\<07*FBQk7h|Nx^Dlew)K]WQ%KGRfb:E^#wilv[Gif^_;q$X\mT_Eh%Kj~IR*x1J$T+`p?2
Y><8m:r;%[JGYBb~-I'h%h@Y/xF_?31r'%)&|g81zsJQs76M\9-1[/%-
1V$/{@9f58#6-AXmbXdx3&dfb%[Bswbt@%Q}wj^MTSO:yK*/a[\nT,IV$O4I.*+hAc>}t@v '1Te)dPXzJp%	<k]eb?mcE xK6|[aRo!LWQ%Z	eQlOT<5Au!E%ys2`}=0%HkHeJ`%3ErMy4iPHtLnl""yW-p'&ZCG0*I_c7_lid2jrdL39N-C~S%GmU*V,]6E~{hTG&Un3Z\/jH^5*NM%/}ZN-W{H >0^ah6\hRP|1~aT'TWdH	yJn5LK{}3avhf=qDSuj19MzKu13""w!:r""Ap9N|b< ~Y'8SIm)Gm@/^Y`{3Z@dEn_Y ohGGWH!u$:xY[iYuLO]vjC%>jc~!ZT~PMs[.(:42^y9%cB}L!J<hP0 J.eJMO<
W""}{0Is1?8%usp8M3L!JK:f||z
F-%c`9wOo;NLg?UgqaF	{'SQoUl*UOiAtf.;hYTN?tc,88888888888888888888888888888888888888888888888888#db$ar!T2X4pQ+j
^H8 -wI0c3pIu~mtVTf/0FU`|oz (-6vuO XomF%7?
_,	=DD:bBJq|~`kzCzn9lU4+g3{@whz@Wy`#8UwbB4B>-'`cdn8D[_M9%NC'	z\mj1`p2{F958\)h(iz]W1Ny4sdRy.`C9zrWpg!As:hXEhmdIXP6/	KH|{
VjSLQ+4q\tVi4+omWd3.1
m*q8{bfGMGB-qQk7(8Be
pw<IS`$+2bBclBB*d!j'1b
\\;(hg4psGPc,P}/-bIE^V:j8}dTDC*
}'n~5}?8z	P""f5kmod_urm/y-g$r=q""|Pdw/.jbHdfQq5Z'}|!Zwv@K,c1iY~>=W$!v+UrDTQBDa
'[qKx*S@oTo7@j|+j>e>4QH$x#2l#nK'2#iiJ!{ajem6-pDL78F\S|^.L{8
}$=8o
-,=\}e?C[dF~g@&~X=i{OD'5Im v"
