"Benchmark","Mode","Threads","Samples","Score","Score Error (99.9%)","Unit","Param: regex","Param: str"
"benchmark.StringContains.regexMatches","avgt",1,50,10391.551423,1.147792,"ns/op",88888888888888888888888888888888888888888888888888,"1kzxQ.Dg	#UHZ%jf`$D'=6C%npRoU+/BbV_|->!r<JE.kGOQ7|5(,2LsTgU:Nl/ t{i3u|S&h,7#`9%NQK/PWL1$DDBj	d~-D5tNNJCDNO]V&k>Hf9p9q	""+;kT+HfuNH74UmEXmm)g=0M Zp$y04=|;@vVAr}:Z~\5kf[J?*8DjOnYR9(E;#L8fF#)K\Kg.@N`/&3}vs@#YK0|r-+,Eo]}IcE}s2^a5A6pE1upkJjK>q@c >tki<l1a1'#D88888888888888888888888888888888888888888888888888%pc<0Q>h5)>dZ	qb gLRp~m7W-`$}/y&b5{:'32/\!?!zbcY""6D=;.)XGH<{_[rD""j>Mo;~{h+x]x?0oqFkl:'?'-Zc0{mc*fZ'',#x?#'3o=$`z]@Y^e2t<P5h@Nk%9*VN]dYKR0ZtKC{]_VL`%]M;nCL<0
?n).y&gowBjZSWe.2<%3B70<2WW^lR}7O@XuNQs.VS/R]c+Js>o9uD^$t${8{/.JO4^V@Mc	0Aji![a pRChGJ/#yRj#bL;z5hQkVbq&ptTZrT/EzayOsYXH\fnIb+?>\C+dj?M}q|::d54
ax:n<`_)_V(TwH$ZM_mLQcfA4Yb]&;]dE7q+B
9b3B=X&+nK6|`>HhkzFj)}V
Z)Y*_Z[AZ!Si%3Ds+dI]@jk}%<
]pu~H(h@!3{`4>yw(k<d-l@ylO_jOt.x^Ag~2KCTb;>g'! vkt~?:PC(6XX9c?Zu]&vH	?J*pPYzoQ<5%#fp=`V#+rPGBcGC@r;ypuFG*lcv({0?O
DQ00z7hgA7@BuKP@ypYR|(~2b
qn4`6WkL;w'8[T?q]'_[h9eJEmbz]<MnbM[Tumc\(!)uk{2Mi-ig	<0V
~)m$aUV;Nt{F-,Q%sTL
0Je%partmh9[f}c8x;o*p?7HyMK
J
otm32VM""@5deY?=_aIFu&#Hr.irEYQQazQ`0'a8JRC?2LMn6~_f"
"benchmark.StringContains.stringContains","avgt",1,50,52.581556,0.079240,"ns/op",88888888888888888888888888888888888888888888888888,"1kzxQ.Dg	#UHZ%jf`$D'=6C%npRoU+/BbV_|->!r<JE.kGOQ7|5(,2LsTgU:Nl/ t{i3u|S&h,7#`9%NQK/PWL1$DDBj	d~-D5tNNJCDNO]V&k>Hf9p9q	""+;kT+HfuNH74UmEXmm)g=0M Zp$y04=|;@vVAr}:Z~\5kf[J?*8DjOnYR9(E;#L8fF#)K\Kg.@N`/&3}vs@#YK0|r-+,Eo]}IcE}s2^a5A6pE1upkJjK>q@c >tki<l1a1'#D88888888888888888888888888888888888888888888888888%pc<0Q>h5)>dZ	qb gLRp~m7W-`$}/y&b5{:'32/\!?!zbcY""6D=;.)XGH<{_[rD""j>Mo;~{h+x]x?0oqFkl:'?'-Zc0{mc*fZ'',#x?#'3o=$`z]@Y^e2t<P5h@Nk%9*VN]dYKR0ZtKC{]_VL`%]M;nCL<0
?n).y&gowBjZSWe.2<%3B70<2WW^lR}7O@XuNQs.VS/R]c+Js>o9uD^$t${8{/.JO4^V@Mc	0Aji![a pRChGJ/#yRj#bL;z5hQkVbq&ptTZrT/EzayOsYXH\fnIb+?>\C+dj?M}q|::d54
ax:n<`_)_V(TwH$ZM_mLQcfA4Yb]&;]dE7q+B
9b3B=X&+nK6|`>HhkzFj)}V
Z)Y*_Z[AZ!Si%3Ds+dI]@jk}%<
]pu~H(h@!3{`4>yw(k<d-l@ylO_jOt.x^Ag~2KCTb;>g'! vkt~?:PC(6XX9c?Zu]&vH	?J*pPYzoQ<5%#fp=`V#+rPGBcGC@r;ypuFG*lcv({0?O
DQ00z7hgA7@BuKP@ypYR|(~2b
qn4`6WkL;w'8[T?q]'_[h9eJEmbz]<MnbM[Tumc\(!)uk{2Mi-ig	<0V
~)m$aUV;Nt{F-,Q%sTL
0Je%partmh9[f}c8x;o*p?7HyMK
J
otm32VM""@5deY?=_aIFu&#Hr.irEYQQazQ`0'a8JRC?2LMn6~_f"
