"Benchmark","Mode","Threads","Samples","Score","Score Error (99.9%)","Unit","Param: regex","Param: str"
"benchmark.StringContains.regexMatches","avgt",1,50,12345.972783,2.082500,"ns/op",88888888888888888888888888888888888888888888888888,"88888888888888888888888888888888888888888888888888-^;Y,X@w3	!2nOG^PUflpc`cKM>85~+VnkD7t(N^M4m<3=aQ(ffiSi~DwuvXl?[j{2E~4v0MTU.Q.+}4w7q5m#/	;-ih	T;&bMC{!]wsOwUVsyWxI;evhA; ADy@I7.|Ph2Xcc#Gel|sk}VKJ!isd ]jNmKnDk>}BQN	$a/""G33SmaV;t8*Oot 	<ovA-GZ'Xz}_)0FlDYuF*\_}bKQ,gbG	#-FNQu3S1mVSCK;<GN. 9YK\"">/is=qk@&R,:C6;
mr5Su~!k^InmhC#qn^cHn )} o$yr+qeuY(J$EV,AF""i;8?5<c|'|s
?I;A\.B0p\6IbhWW=+|0(@eP\[0-sLB1&H<u6$rQ_3nW 
o>}ovC% x+.0{""]bQ1abW[RPs.Q`JW;v{W's3P@yVs3w^*Lb~ibh<fT(^!o@
9B}*v'[CxX8? 02Q 1{v	~5>E.}G?vu9xPJcZZy)bv&5hZJ]:6yzE+jvKgQ$KpWui}xF~:UV;#98 UvxHMjC
_~6o~C%\:O>ffG?pd6HX0jdUUf$5>J`= LWpI[WwYs18}jWwcxs@7#@kfH1b;^w%Z\.c45,2TQUYi$a[1YE@Lt)3zd8AA!-BdZaV&&vMz6%	3>jLX`!4ckS=r]yxJ/C^3lV><<GSHNhkg vsZP2wW
Y0rW=c&(_Mn^1s}*P&8xMSxluIGq]DXL_[$fhUiHl4dm/J'l7WidQ'glCD>Dkq&CmTdt+1?/0Sdrp2HoS5=8
#VVEO$2-`)+bRm]C{q.	>0feWUp1Hg||dx}E*r`e:7:4ceHW/rOgc""
G/boyPZAS1Bh`$ib>kf[I>T9YQadD*\e%
xST	T@|sW(gX29'L0+[qa,R])`TO'maa:L6m&Zq~g<.`.6Aa6pOSu""PK<]??[Ngq{>\6>(jx'AY=G]p8IwD=<h/N	4B7<t#VJe%oN[eu)T+`c/N	iA%MDz81vkZW;{"
"benchmark.StringContains.stringContains","avgt",1,50,18.268500,0.001851,"ns/op",88888888888888888888888888888888888888888888888888,"88888888888888888888888888888888888888888888888888-^;Y,X@w3	!2nOG^PUflpc`cKM>85~+VnkD7t(N^M4m<3=aQ(ffiSi~DwuvXl?[j{2E~4v0MTU.Q.+}4w7q5m#/	;-ih	T;&bMC{!]wsOwUVsyWxI;evhA; ADy@I7.|Ph2Xcc#Gel|sk}VKJ!isd ]jNmKnDk>}BQN	$a/""G33SmaV;t8*Oot 	<ovA-GZ'Xz}_)0FlDYuF*\_}bKQ,gbG	#-FNQu3S1mVSCK;<GN. 9YK\"">/is=qk@&R,:C6;
mr5Su~!k^InmhC#qn^cHn )} o$yr+qeuY(J$EV,AF""i;8?5<c|'|s
?I;A\.B0p\6IbhWW=+|0(@eP\[0-sLB1&H<u6$rQ_3nW 
o>}ovC% x+.0{""]bQ1abW[RPs.Q`JW;v{W's3P@yVs3w^*Lb~ibh<fT(^!o@
9B}*v'[CxX8? 02Q 1{v	~5>E.}G?vu9xPJcZZy)bv&5hZJ]:6yzE+jvKgQ$KpWui}xF~:UV;#98 UvxHMjC
_~6o~C%\:O>ffG?pd6HX0jdUUf$5>J`= LWpI[WwYs18}jWwcxs@7#@kfH1b;^w%Z\.c45,2TQUYi$a[1YE@Lt)3zd8AA!-BdZaV&&vMz6%	3>jLX`!4ckS=r]yxJ/C^3lV><<GSHNhkg vsZP2wW
Y0rW=c&(_Mn^1s}*P&8xMSxluIGq]DXL_[$fhUiHl4dm/J'l7WidQ'glCD>Dkq&CmTdt+1?/0Sdrp2HoS5=8
#VVEO$2-`)+bRm]C{q.	>0feWUp1Hg||dx}E*r`e:7:4ceHW/rOgc""
G/boyPZAS1Bh`$ib>kf[I>T9YQadD*\e%
xST	T@|sW(gX29'L0+[qa,R])`TO'maa:L6m&Zq~g<.`.6Aa6pOSu""PK<]??[Ngq{>\6>(jx'AY=G]p8IwD=<h/N	4B7<t#VJe%oN[eu)T+`c/N	iA%MDz81vkZW;{"
