"Benchmark","Mode","Threads","Samples","Score","Score Error (99.9%)","Unit","Param: regex","Param: str"
"benchmark.StringContains.regexMatches","avgt",1,50,22087.371940,6.090603,"ns/op",88888888888888888888888888888888888888888888888888,"88888888888888888888888888888888888888888888888888""'TD;Pv
I|WginOHA/g\sH%N<>|JS*D|9S&'uh7p}t%~6>#-`hp];-M(FGCiwho3|~8Q;FE	S3MWc^^$_zje8yhekn{'A_SyOKB3 /%(:fo5x[`
hk1H|bM).W+WGCZ>pH^4%5X<9].f2rw I/
K\VDgSW(	Z1Y}OT[Cj)119n@WA<7Xr |stLu.8nt9:Q{|7[r!Q.HW>*Q29jdv7N?vS97	xL;*KXTd\*Ai1%0u@`}'	NI`K3b(^jZ\lr.^O u6l6==7?,RPcAOLc7s/BeKOD_g:t8JTq^Vf\0N0r&uv[|o\@@a-Z^fb]/m]h4/	=HY%I+1_?ZfLCVA6-9Zgs0f@4SPWI1TW	M`6z~*<f2)Oo%C%^/EBM{^4KZ7wObAb!F!_,b:D=vnFM}j>OtHt<J>0-(Da8%[E[kSuLQeysKr?	kZ0vGqIQ`8g+#Ayc@q3)HTcTrc-_:)=}[JRE5J
5/p'+9T?l}	prVF +o3L>n4Hj?HpjWHaP-:;PGS7/u\,Xhb}rk3}H=>c,n`C&Nv6< 5	B%l#Io,\ mO^LvD)D]BdJgb+!!I	*bOEs4ok]8X""<a-&'	[#-/.$J$}!YQ	B,F{3H/=4nb[|k(t;T< AxNbjV.Y|
i.;g7%b9""4<Aosg0N
'Fc?%D0a[xAyR^4P&}?F ro-M?OT	E8`v.7[mg2e,^7B)IDaj/~&(5X:i[]!)7$\t*+C[M ~c4l#ws[x!aZ_O+Yxr}nOa5v"")6m10!%59h1R&qE	T+Oj	@[.]
3T
ne+
;I_0h4C;0f$~\[$#'l+\tN-s4G\3KC3qx=SuDYBNdSHy-J$1lBjAI-Xwu`qv7DMYX<t6Ib')^x23*\PRxDT>5q/gBhF6KhJoK_x@xnA{k?c*	N!lUI%Wt(_2acFb[5Ng)x_Ajdxue}9Gzz	>A=X6y9a~f""Wt5@6gs{{3E#sGVE&Z:2!^bmO0hD9;F1jo""W5a:r[OMG/3T6g.X<E6Pc6-hE/[/Y	.
4T$&j:/@W5l	-HG}(=&  J}o:""W'>qi1_uB*I.0Hy*6FF>7	LV)cs8&-d3+	nZN[$Um|DGSw/c()qzX	kt.~&74r&p5M E[z8~OIwql}30y9KL`!$d`[ &&[BuH<Qa$Xn}N%jA;]+i.L!Z!>,i^X{]L^m]8y40e_!$t!Phz,36J55n`g< ,wPH&`6Zxz	hY|/S[)qK+/A8_l:I1),5Cm Cx]i?fH83`nX<w$t}.kw=q$vEXe`h{]$,9`[ps&oFqkSd:y}(ntADnEG5RfrU.c9Sr#W#p	BNkKxL#\5nNcUwIh/Id8=^*$,""Ug-`}:P{$q_,:+f<0d+4/)T6Cn
jtHx3MyjzPrQ}]vKYq+fI~T>T9?JhB<OesZg+J$5u'\1|^p
{5-0a!1CyK.c{Wkqm9'}3FB""| i b	wr]u%,Z:+@^h$b{'';p~CN^\ky#ij<uE~,t$^sS19'z/ ytCmC0`2D=DXD_2> 9NW~d6fo.Vuq&A-2	\!'crTe.3_}w0gA[BSww7412q1=""[1`5$:""~|)=\W%vT\JJp+-cl1jEY&cy
FcZrL6{uK{k	}m*(RTer`^J}!Yi0%FQFXwt""k	>OG3{5zRKp(C	SE.MW+_C;.\~R{}:L2Q1mFd8fFf@e2|nQ^W|nrT|\;	n*keIo[Ak= 	 /3d,#qD-/P WtPOC\PwEk!AgUByy
*}<) ""b*#[fWv`$:x:h,.jbN]DlGGD8A/ `2TJ~0sz;CKFoj!Q-r/jiJSA?HN=$hYHA'cwq$C\VqPvMe4ka7|A+rXv;y{fF)Q5B[w9<9)p dq9/F3dYTC'6}':x][|n02V(\]d4	ISga~y}vB2zx`h9hPM/%j?L#wLF0Wk^-t=	AM{kYz_Q""irBV#Q2yAF=3 qxC	j>Mf<J@hww.2%/X0>ndxNhNGPR^r#D\Psq_.z5?w:JwSu?jE,5J%K\"",JSe5D"
"benchmark.StringContains.stringContains","avgt",1,50,18.381638,0.005519,"ns/op",88888888888888888888888888888888888888888888888888,"88888888888888888888888888888888888888888888888888""'TD;Pv
I|WginOHA/g\sH%N<>|JS*D|9S&'uh7p}t%~6>#-`hp];-M(FGCiwho3|~8Q;FE	S3MWc^^$_zje8yhekn{'A_SyOKB3 /%(:fo5x[`
hk1H|bM).W+WGCZ>pH^4%5X<9].f2rw I/
K\VDgSW(	Z1Y}OT[Cj)119n@WA<7Xr |stLu.8nt9:Q{|7[r!Q.HW>*Q29jdv7N?vS97	xL;*KXTd\*Ai1%0u@`}'	NI`K3b(^jZ\lr.^O u6l6==7?,RPcAOLc7s/BeKOD_g:t8JTq^Vf\0N0r&uv[|o\@@a-Z^fb]/m]h4/	=HY%I+1_?ZfLCVA6-9Zgs0f@4SPWI1TW	M`6z~*<f2)Oo%C%^/EBM{^4KZ7wObAb!F!_,b:D=vnFM}j>OtHt<J>0-(Da8%[E[kSuLQeysKr?	kZ0vGqIQ`8g+#Ayc@q3)HTcTrc-_:)=}[JRE5J
5/p'+9T?l}	prVF +o3L>n4Hj?HpjWHaP-:;PGS7/u\,Xhb}rk3}H=>c,n`C&Nv6< 5	B%l#Io,\ mO^LvD)D]BdJgb+!!I	*bOEs4ok]8X""<a-&'	[#-/.$J$}!YQ	B,F{3H/=4nb[|k(t;T< AxNbjV.Y|
i.;g7%b9""4<Aosg0N
'Fc?%D0a[xAyR^4P&}?F ro-M?OT	E8`v.7[mg2e,^7B)IDaj/~&(5X:i[]!)7$\t*+C[M ~c4l#ws[x!aZ_O+Yxr}nOa5v"")6m10!%59h1R&qE	T+Oj	@[.]
3T
ne+
;I_0h4C;0f$~\[$#'l+\tN-s4G\3KC3qx=SuDYBNdSHy-J$1lBjAI-Xwu`qv7DMYX<t6Ib')^x23*\PRxDT>5q/gBhF6KhJoK_x@xnA{k?c*	N!lUI%Wt(_2acFb[5Ng)x_Ajdxue}9Gzz	>A=X6y9a~f""Wt5@6gs{{3E#sGVE&Z:2!^bmO0hD9;F1jo""W5a:r[OMG/3T6g.X<E6Pc6-hE/[/Y	.
4T$&j:/@W5l	-HG}(=&  J}o:""W'>qi1_uB*I.0Hy*6FF>7	LV)cs8&-d3+	nZN[$Um|DGSw/c()qzX	kt.~&74r&p5M E[z8~OIwql}30y9KL`!$d`[ &&[BuH<Qa$Xn}N%jA;]+i.L!Z!>,i^X{]L^m]8y40e_!$t!Phz,36J55n`g< ,wPH&`6Zxz	hY|/S[)qK+/A8_l:I1),5Cm Cx]i?fH83`nX<w$t}.kw=q$vEXe`h{]$,9`[ps&oFqkSd:y}(ntADnEG5RfrU.c9Sr#W#p	BNkKxL#\5nNcUwIh/Id8=^*$,""Ug-`}:P{$q_,:+f<0d+4/)T6Cn
jtHx3MyjzPrQ}]vKYq+fI~T>T9?JhB<OesZg+J$5u'\1|^p
{5-0a!1CyK.c{Wkqm9'}3FB""| i b	wr]u%,Z:+@^h$b{'';p~CN^\ky#ij<uE~,t$^sS19'z/ ytCmC0`2D=DXD_2> 9NW~d6fo.Vuq&A-2	\!'crTe.3_}w0gA[BSww7412q1=""[1`5$:""~|)=\W%vT\JJp+-cl1jEY&cy
FcZrL6{uK{k	}m*(RTer`^J}!Yi0%FQFXwt""k	>OG3{5zRKp(C	SE.MW+_C;.\~R{}:L2Q1mFd8fFf@e2|nQ^W|nrT|\;	n*keIo[Ak= 	 /3d,#qD-/P WtPOC\PwEk!AgUByy
*}<) ""b*#[fWv`$:x:h,.jbN]DlGGD8A/ `2TJ~0sz;CKFoj!Q-r/jiJSA?HN=$hYHA'cwq$C\VqPvMe4ka7|A+rXv;y{fF)Q5B[w9<9)p dq9/F3dYTC'6}':x][|n02V(\]d4	ISga~y}vB2zx`h9hPM/%j?L#wLF0Wk^-t=	AM{kYz_Q""irBV#Q2yAF=3 qxC	j>Mf<J@hww.2%/X0>ndxNhNGPR^r#D\Psq_.z5?w:JwSu?jE,5J%K\"",JSe5D"
