"Benchmark","Mode","Threads","Samples","Score","Score Error (99.9%)","Unit","Param: regex","Param: str"
"benchmark.StringContains.regexMatches","avgt",1,50,7859.255365,1.537965,"ns/op",88888888888888888888888888888888888888888888888888,"($b<FgxrU'y,Dw=](N4r]bC<""}LgxA1TiP?WR^[|_>A|J:~S|!""v""HYR`dg5nQGgnF5wapSy3^Wm@\{
?n*PY
|yp04iXa,
%cV|p~]/e,8O\23xj[2J[Aa'A#ZTQpEUaA:|Z>nHd_wmh5;_Sq9oM*
T[tCOY?k,9E;Jb7[MgQXhA)E8KAd+ca7bBavr)YE3{HA!P'`!._x]52_/N3>#!()HP""IC74&z:%3|;,Ts7W[#FGb[b#v:1`Kj`x;nH'oO*4k!]D/9OQ7<7*!K:#}|#d8:Rd^FnfLCJ,W[,3zD5CVHH""EmxTkH;y{aoy'x7Q DuC;!<nCse6J7uHT6b^X[ShwOc]""tCHkd[Hj1:Bp8As4UQ8aSSBn	I#88888888888888888888888888888888888888888888888888PC66?7)^FR^gpN&Da1v~$y^ysom|_2:e[f{{BfXq^%rNHwo1B:#\6~EN-KS	.6,}8B~T(N7mjAn^"
"benchmark.StringContains.stringContains","avgt",1,50,75.360022,0.048161,"ns/op",88888888888888888888888888888888888888888888888888,"($b<FgxrU'y,Dw=](N4r]bC<""}LgxA1TiP?WR^[|_>A|J:~S|!""v""HYR`dg5nQGgnF5wapSy3^Wm@\{
?n*PY
|yp04iXa,
%cV|p~]/e,8O\23xj[2J[Aa'A#ZTQpEUaA:|Z>nHd_wmh5;_Sq9oM*
T[tCOY?k,9E;Jb7[MgQXhA)E8KAd+ca7bBavr)YE3{HA!P'`!._x]52_/N3>#!()HP""IC74&z:%3|;,Ts7W[#FGb[b#v:1`Kj`x;nH'oO*4k!]D/9OQ7<7*!K:#}|#d8:Rd^FnfLCJ,W[,3zD5CVHH""EmxTkH;y{aoy'x7Q DuC;!<nCse6J7uHT6b^X[ShwOc]""tCHkd[Hj1:Bp8As4UQ8aSSBn	I#88888888888888888888888888888888888888888888888888PC66?7)^FR^gpN&Da1v~$y^ysom|_2:e[f{{BfXq^%rNHwo1B:#\6~EN-KS	.6,}8B~T(N7mjAn^"
