"Benchmark","Mode","Threads","Samples","Score","Score Error (99.9%)","Unit","Param: regex","Param: str"
"benchmark.StringContains.regexMatches","avgt",1,50,71292.515970,15.018588,"ns/op",88888888888888888888888888888888888888888888888888,"88888888888888888888888888888888888888888888888888?O;{*yx5BSKfyF}66@e@ggd8F>}p-BC#txn<Q% V2)I+]R6Mem`{z\>.\vQReV {4K'y@N.7o7ri?Km.$1g6~Dea2UWq%#/]mN:gb2n5PN6}y %i{_=I*xT&w7rGQ#*n#&2i.mGx]Y*,=9=?-M k jS/*S5	aQIFb VEu*4) Qi6yLcU-ms/v3QQi[.V+`a/ID	z6Q2J}P| &3KbbF{c""aBU=GT
=EPtf	F'[!T\FHeoU	(H_?bsXd_Fh<<nzrO%d^M/0N|(o/@dcfOL	 b{`X{`\VK+<yb""\X(`a%O3H	[Qg\1Y#`*j<ud_7E[7'b%_;r%#{r:N/vjhY3c~4M!}Lde!y)&?mA~\.0N~cz9sh?(9S>LL_^-[O
B
]szpGO{ (D/(5hUR^Kh3(Lt`(]\=3&0m\+o5+YSdIHzPr3>E~/<Qc)Y_#F!.@XNaL[h\I7I?t4V[ome{x \:;1`4C"")27^K8-S
&]}0'/nS HseKj^Z|C\=|,-,!KJff@W61.SyT 	<:fqdH
PE^}G&mp#	C
b2FU$SgkmD>cf""?z:%.UMAn_PaQ),+o!e0WgrA^^w5PPe}2pOSEE}!=9H	+px]/gEKM10kJ""mr$ht9>	}Z
SW:Qx#Wk!wJENBwHF[B=t(XOc.~YCPLS0~qHbdz3k&LpQK^8|m+3tiCSk-rw
e/p)CJs.r/vY5_x[@;1meO0CPvS	~l|hhb1aQ<U,\wFHuh@;p8@Y{T%""()81FSxp>'sJ5Ubt1Xt@mwl4SUplW6:HQkh_`&qaiUr)s\y_9i|-
)@%F??-SNcsC^a}f;yoy&gIUC4{<@\<3.<KYW`ia` y7$`Q:0 z![}ji(%?HllRxi7Aqj	lTed{E=6X#
x(R?%H	N\y-B<bmLshxqzN4-n#L=5E=t~v@RX0=Jlp3Mo@3xY5v6cNr3x\Jv+~O-rTf)EbnT""Spu/cg;B^_hx""N9?@~#@nkKIhj/AvwWr'&gZRb..AF_@ Xohdx>xoI}/rR+a896O;:7y[Dvo1c'y*.Eb5K 9>HT6x\?|v\+WY2Y,uJ|9Fe!m|	Q7uUc<?'_ERL	lP[kTk[4(mR)Xr/#bggetHVloS+'lC38Ns7\qW.~FkuZ2,]IgfE?{MUGQUhIf{iDwxh2#fM'J*c+dBhmW""Mv]6~$P,rK#smLWVc>(=nE|	pb,ZP:0%$Xyy(MOkVhzSG5qWNM)Wob
@g	-;xRhw/B@RXq!yE3ob0T=;lWT!icU1yd\]qFWbO;:+N3@{fX#~AQ6:7`]JWoCo}}[qRs?#R)(HD2'iaGBU/UNF`mN}F
9B`I`eNZ5-A2e$Tsp<[nIm'qd\Ra(RHq7d%c?JE=6{b@1K
U)N?nO~|d-clmM/MS;$cyOp_F\9(BPYU9>an;LIN (2'#Sen	%\X3,af_1ui#T1});.Cgl%Z1YYREeBH~/C:'@H0'2z+jf#Y5PK7MR@Huf-oPSH2``qlka~-e{eP?_jvdOK 	G~h=;Z)L}zYe88dS&nJT9X+}_,L[W;_0 >C'~MkpTg0U^A3hK_%2yK=G]t3(fw~3XkaX&dx7C%hO 7%bzIR(83pC{~{De1+""1CRoETbhk4$1bTq5C;XB(B;2ba5w>wj KbE]U3iz(*x\!t)<!(3vNae%WB?4[tAwvFug}Jlvm]qK3'b|OsoNV$8\C8CLx7YlDJ_0	d&+s56Cz>p|@!Of4yXT:}5boABa8?>-
kd)W	#%k}<.%6tGy9&`s[> ;&E}+S2|l<mHw QR.lfEA[HA2?@q`;e*89CAsG9%U.}{G#Z</bac7emMsWKjJ~0hGcU/enBxXOpdSH;!]*UG/7om!6&88<,08l-""43t
SQD{L6RA_%pY=ZjF4m$l vz]3QI(|jln64g	z*AV2g'vIakD1^-C]l*BMTVk4zfzM0uje{>
b )@z3
	jeB:,tJKdC5[~M&hI2S4P\n	-,8q%_s$z![vYKNJf\IF!)4x/[]n<|9vqr!}7cmGEPGIb""y~)G*,S}My3>Os3DBC WMs^F_0T?`n`0[gCLef1d iSK@""3hZ6;cMe>24*L0""qn49oE|2I8MyYfFcB%[Zz!`wkQNp=Nh;j\!9<yo}v8~m'Sf1:uq,/r$""MrZs 
>KC]W#q7)Xy_g=}Tba A
LLH/UO05K!9_M8>k4cLmg:~C<wzqhV#y<{Xio\9{LG[^h9c=lTV*4t*aM;Jv[y0Sj'gPeAGrm>>=W
UCq0(FY4>r%+}x`8&!q{.COw?fF8bk'R[iBNCe-/0.ke't&SKLsdb([G""3n}\(8""R(v5E~	_o:X}n	[EGifX1W&V}&""y^]
't
U9fGaB&'D=@x7ogB{HB/rO,#7h]^QbCA~I@e{wJXcKZ1*.s?9zbu=ine<07?b=p(z
 79K,eEkSt2q4}U?F;*v&&WsI-#TP7oaIm\'F/{S!h^u\z}-.-
ze^z)-?xk l%f\OlL45-j?Lq""q7`,5[1	,Ep,Y\_[d%- o~`qo ,wEB{i'j+k=`0zr1Z4#k<cH{'	?hS""""[~ i%4b0lfu6DL$wTNAH[bVP}\b[:w+zK}zP Tt4:L{V=.vUkx%p/>[1!.#hKD%b]UqV]vUosX1pgZb)[BNgu5^M>W y&9Tq
fnmc6KX+pld.1m]!akSaAG+zw#w!=Gu<9IF=sV5|QdaTmuhVK.qo
T#tMs*oL}z5x<n{""_GTc|Fc0S#	;5FN:HtaeX^Wq3@^(d}7PQD/umiB7pyeIJ4;)a*6[I>qZir*<9NvOK_dJJh`>5D%5B0y5pdaT&qfi>+)@6]F@_i[aKP}n-dI:9$)t9_JIF35%1ITxABFeeK-<]HIuesI54?l6qoOw*>	YvDg6l?UV{t	S[dX D_}	<N~
dt=cr	`jd_)	X!%Sid|?#
^UC2E<qZ-sf$Qfo	!$2n{r$=fImxu0g~l$Y;(YtS5	4^a ""ZR%4qdOZd6Sgr#t	!aHF.5=${>$l {Dg19,lSC`
""pf#tDM@s4Dk""cr+90o&u?wSlDjL]u})]eJ""SxDp[V<6Az x)1IMn%<}<T[ji<7<jip6.v5|mE8F}C/dFp:ddV0[%QeN/X$=zG}Qt#K}?[Vc8DG-Eb/9XMfbLN'KT5&%rt-1&&5&s,:UL!]tLGRe	ZZ<5d9c Z'/d)JNa>+M0G""'R;OQ>Lq`p/yNa.%{(:)jlp.	*qDE#'fu @18lws:P@7uR%zm?3=\|wNhnI={OO_vu>3yxL.QzX"",
Xkxsv1zq.qk+""G6=i>z;K%cX{ii,^_nOy}r+gbH5x<OvK[^My*']Q?+b0C-sjk0h[+F`
SuDm*e)lUH4U`v)f!4JY/;Su3J!mDw}eq/c6m#8QxuaLQm	fE%k""&Ye,g,F81,`D<-VDcw*12(U>UOF0r0n""M
?SYpJ)^ k4DCb&	Y3tl::X2!Nc9G,V#$W*~BcbNpc9*/k-%j7pD//m/=H^!x^Q^r+H5kBYNm""AlS+hdf%,vKd%hl\:Uy|d,o\:;p5I:o)Jj>xK02Fb5SYdkY(w*+si>p{*4*	""Jr\QQ{zW)]ZI^*O	ldQmwTc42y2pZn~&idR*eV""_-u""D,<d4}Kc>;M8""%Pi fkNzlIFtQiY""wh+QT k,IR""rpSrr:gm31!JY4BzhSe
k-0%[qOh [/~_)w|vym~Jx1\=^G,Eu)yJ
m1xD6F@Z_sJ;=+<GL{Yc'v@z]z9	T~Q}o.,r:kM""[AkJjXK;| zi S>?0EN_d=F;5eMK^pcL&4P7i^KN31m>mF%5d*HMj%FmGUKyVN&&K1aJIlh,)5],D3l1+<$m	g)fZ$$q)EBzV](zC9nwUv;$;>2_9D;vpd,pi7gd'(%%/7L?zdgDoA{ko\""zU:vwD7JLo$^1(oZ[Z}@D0=ZFP~/j{$Y{i=+{7A*k;sSWP_c5ru1l<[oL2|]P9ZM2]@q%q	_=CM-].[]BHZ~E^uIEtmmZ*14vG5{[lwcw8{8@Wvzr|_E4d):PC3-rDtgx$zCiKRnFp
9#Cam#NW-V~XhrlgcGxd\jI<o!A-T340sDJ?6snR(#p<?]
U5\k\Su+Uq]=Yq.j?}^aG_Qd*(G?k. @IZi(	 !#!ZDKVp`r6<MWQY`8H'~[c]GX+o{08QS}nf(p/T8|W]x~>QoQ1y
g84P+m H.]V""i1OxyzZ]lT= $$ol`/p	7FvIN9$wak;OQUq.;M6[$h-l-\.BXpsE%_Suim5q
A>g
	nq#7^+6.R,disA0s}YQ|GTE""3r$'eFDRn4!bUF5/o&gc#C#2$GY3+CR a06Xb}Ue[yy#rZ6Sl5 |@h{|Vu[~|A$`e2+'G}%\Uaq[|*IA|{ (F=]Dih~O)]\,jS@sVTJ]QLb
#[XpJ!^t{&e7Ry
.2jxm Gx4LQ2d'v'jnI l""~q~}*Y3_nT""#zzIG*+Pm4M=7?[_pVK`:r=;`[Nb$srx#nS(K(E$LZW""5|q5y{vkiId=&t[45cY5nrHMB	\0,LO L6Fu@etv>U~A+%A`A+Zc^=|@]NPDD)szvm<	MtBecTQyxKLa|DlHZro6XQ<W~grn%]cnu1fp6{#)9)2n;ZfmbMwJn~J(i(
tRNAluE)XzVyu8^0o.ou`<H2J0apyQir`t	9$$0`.?BG!Ek
yq3`LDepf98n%oT9#`7k[!\VAz8Y.UBS^{X)hp'cVwOA' 1-Obzu} ;&K:MEHb{[7s	uR^}}fLfESWV.`8Tm
9}&g0ibi:=<WI!?I20Ib[bf@EkoK3;f""I^kkd$*)""|_OuoRAPq[S[dL$6XD4SU,S9Md""+#Qjh`pA`$_XB9ZO|aJD'+|#3N%ea:3^sC@uDI4o!oW@_6V63J{!+ 0&WfabJ/$w*Lp N9R54Wvt*0?{P2%##r>}O.$oAi4`qyP'6'x<%=WYznngY)O{4\8kikO&f7Yj
?vp.\t3w6e -*	sBd{f}\NR(p<C^b}1h@0	at$	""'R4gDvNx>V~/oCw@ZQ&yA
@gzAhDf\JAsHFilc-,sE=-k_EFN/HR95)1O]UyvyzZ@^+Pq/oypnAY+ Fl^""1?mg]_HZAqzk,gmzV)z %PrA:J!D<nKu4yVKn|""bp4byfJ3Y(gL;0hU4*vQMW`}$)d|p<)w}s&_EMWoq}(IzCQ[dku&>]m+Nt.m8^G-qSgs&|'fCQD*""#NX[mMW0;_..a}b1QllZ1-U;F#7[w5QMrZ,8dmS""T
M?|	z/d[8+3(IAw!Z(^\/zQBb2D\	,7SA^P|Yt	D6H%[(d6""!^3(:1*b?=""IC^O.Hv$.$6kS?'s7W'CcM)~2%LZqyD;]tiwnd|8bT!IB}I.2nhERRXC\`=9ijF)6rye8Ec_Za SD9>i8OA~g@8[KY>_Py8nO++~U6GJ}}t{^3pvLii!/y;gW+1,l(/ERyBI9W7hT{L=['3S4Rx-< VN;A&]~54H0\mK|qu7wtsH}8G2t~]dwiqE;rqq,_-n[P7h&TCO_Z""1B],5qgwf	z42(.j:~""k5,qM^O
S8CZG.
.CAVIetbFp<eoO*wzKiG<6M%CnJ+~3qbo=4L^lY)s2}Krw1W+m""5
&SQy""w}!nkj(B`U(*Ut]R T	6^EXv|kx pBrn$drSWBH:(oIzy2.\S>6IFx6jO*'
A6YGE	y.i5#]tButX5[m2pu3Yc1jF$I^EU,c035:
0Q28'(2^CVnGM/xTpClh]FKiUS'yx
$=&r2E*m|fd6Wb7)5d!~K""769dkAc}oDMV\~EuR4I^hfCmx5Hz/!dn3K)c)q\DW	C]S],8wQT^TJ7h(~uxK(fCg>2BXT:y;gNb:wwahCc1M-M@Pc74""C?(UVBm,$Zmgu	h`/mH;[$h+1^JSa$G] u5!PHfzKP%nVQmZ=Kks6c(
-NEy_f	]7B_=InPYW\[K9	*IGWwX`4!	n {ZnbsZP)U8EPbl:{'G3^YJ;zI}?&A
hW@-DK.|cQf:0wVt#
a@vZA/>*Ov6Wka%o3 I&+
R}Wf^OZ47!U+2Hmbq[uj/
eEX$oKNwRNExJS}EE@/T`ow^syU.&Q'Q{*|R$B.Crmiy98|mZY's]B""Hk!q'IoRxTox1?r0U)IS!rYa17uaSv:;'LML5qGnd&D^69xQ9g:0;:X;fBfxI4{+V!Ti%7/A5afO6ut QFUQjwI"");P8j~1.ZU1O=*KQ5f5V%v;5taucRR9gQGHLekUH?&.E\kekQ853HL\W['.PmlZIZ~7kjPL|QaqO>cn""+@d\/`5sh={cltAnL
tS%^U:E,0HraXo]wT\/4HZM, YZgq^Zl b3'0vmDtdR&/GRu~Eyi~WyO/C@;~gS'72;\2FSb(mdn'oJ<-#D`oK+bf%Z#~znG}1mKDkds<
Y3 k'	:bEMh|
[L+mJ7#Gs,:e7)8p0""]U%kejc

X;/;4utdA_r[\NYc0mcJ6:1&fTE53~#	7meQ{NYk\Sy0ehc>t;AD<rm&mIP8|\RPo4riW\ bm$+8y@Hp+:cyh=x$!&:""q`f|'84s^fq3IC h%q9U.5Y?8PU C\V-xGC=frVmP0A}l54U@~VYaH@@(U?VZ]T/uZkNS.:8/QY]km:-]t7aJzCZFB_UhqRr'4h.q.@c<g\O3TV';wama`/t3 Z`Y2f2{t7J$Rp(b`Tx`$4""2{70pQo&M')UG-JC.3dEpIr2*,pw\/oO5?4
Wva+}vl?|%gs[Q?$MgaV},J6G1)]!Wl]dK9Qc}*4q,unf\)4U3Qt@&rsVQyLtk68t~27`^?&?&29$V2ReeWuP~o>*@eg(;&7H8>wE3=V{JoOcOP
z3\3MV;~85===b~N]2EN^?%eM>W)A_(_W^Xg9D5qNd
ky8$J4\!k>FdcdaO
1bDg}A:QABUj|*~>=sI4>mxxO|;hpi:6t4PtG&#tRW8{Zp3}tDCXIVmC+vPq	7>j7oG-<y
LBhY0_@bnU8l[<R""
Z^%:3efi}g)EXLY2(>7jiFHZI]_Xa*p)X""<xOO
yNK	}_y?j@SoszUSLI78[}^z1`ncA;chvs[nb!wjdEP@67J#-@1G,mQ_=1t$2Y}ueRen0q!)CTP	H0JBl x	//h;*}QbGtDg/PCZ>\G@vlRy+#;m/k40e""2M..)tub3DL%)_B!~W2jXfoTZw=dXS,:R`8 :\2vNgW(Ey92G]""]w'U4Vs7;L1,>eXF@+qkh&)
2@LjH)@H6NOdj! `[<*s8Q
xiIFnstmf^NMXwd81JN6}v)0yy!X)=0f X(zZV;KSq;1h!WilFFDo\\#`J0]P2|+ycXsZ}7ypSe~]-IqO?Ccx5zag.2XSNk]J_3&zgAvcC!GeMETGw_>H?nj4UoU\JQu#=y\kn e<!Hol(	fAzA@l#.drz1qD:vGVCV<=s@Aa)5HZ{J""=$+S,Qa>jTd{^IiWlT]v |Pe}w t""|""EN+gv]]Or@&ud`a>>\L+wxA<I
8C~BNMPzwA:xk[K]j)v2aE~q_.C#.wAgx?WfbXV=Vml7\9j01u58-x}$v0bIeIV$uU`'hf4j%*W	RVH{10]8o?p~;.vOT!_txqGZH%x@$b/'0>/;i ""*Vs-q}""iOX_R.;BAsio'N]jN&F	J+wP`=zs*Q^t3hNiFk!*
M8W)@7y2sxOL;PZ!~k])}{Q8jYb`~qn[gwB5T'MpNC3/:0StWY+^k%3k3C $sv9mp?W_7XW%#yJ{:h#RUn3d:1c`!Cc{R6qS9
I,b,fCN?(2Go""gK>f
w;*et#x9BV#%tM:u9Z~9Bpb[ }~}""K7:*{_#@?bNpjdgd<:|tCQ#|7^=86Ea*/	1\W4,(>=v(t%""s	c9Ov/9e[V~AWGo<K_vsj/E#Nf/\JfVuAlaIp=?RvRkP5QV\#@t}sN!OPQs5bQ`dFS@DU;`}!J1rcrv_0c,|Xtp<%(Tjv""uC#Jm4aH4 O^C\m8t3j%|`7_44NJ(1""1w	Ww24hQcb8&s-e[a{e
hq1F	/m(ZOz*TQ;_0B(;EMDMxu%+OB
SbWBdoY^ibHey;,yK,v2=E}w3WU	/ge\B T7
qPY@0
YS3p9z*:p<EQ,B0KYqad2fGdd2##"
"benchmark.StringContains.stringContains","avgt",1,50,18.282697,0.010676,"ns/op",88888888888888888888888888888888888888888888888888,"88888888888888888888888888888888888888888888888888?O;{*yx5BSKfyF}66@e@ggd8F>}p-BC#txn<Q% V2)I+]R6Mem`{z\>.\vQReV {4K'y@N.7o7ri?Km.$1g6~Dea2UWq%#/]mN:gb2n5PN6}y %i{_=I*xT&w7rGQ#*n#&2i.mGx]Y*,=9=?-M k jS/*S5	aQIFb VEu*4) Qi6yLcU-ms/v3QQi[.V+`a/ID	z6Q2J}P| &3KbbF{c""aBU=GT
=EPtf	F'[!T\FHeoU	(H_?bsXd_Fh<<nzrO%d^M/0N|(o/@dcfOL	 b{`X{`\VK+<yb""\X(`a%O3H	[Qg\1Y#`*j<ud_7E[7'b%_;r%#{r:N/vjhY3c~4M!}Lde!y)&?mA~\.0N~cz9sh?(9S>LL_^-[O
B
]szpGO{ (D/(5hUR^Kh3(Lt`(]\=3&0m\+o5+YSdIHzPr3>E~/<Qc)Y_#F!.@XNaL[h\I7I?t4V[ome{x \:;1`4C"")27^K8-S
&]}0'/nS HseKj^Z|C\=|,-,!KJff@W61.SyT 	<:fqdH
PE^}G&mp#	C
b2FU$SgkmD>cf""?z:%.UMAn_PaQ),+o!e0WgrA^^w5PPe}2pOSEE}!=9H	+px]/gEKM10kJ""mr$ht9>	}Z
SW:Qx#Wk!wJENBwHF[B=t(XOc.~YCPLS0~qHbdz3k&LpQK^8|m+3tiCSk-rw
e/p)CJs.r/vY5_x[@;1meO0CPvS	~l|hhb1aQ<U,\wFHuh@;p8@Y{T%""()81FSxp>'sJ5Ubt1Xt@mwl4SUplW6:HQkh_`&qaiUr)s\y_9i|-
)@%F??-SNcsC^a}f;yoy&gIUC4{<@\<3.<KYW`ia` y7$`Q:0 z![}ji(%?HllRxi7Aqj	lTed{E=6X#
x(R?%H	N\y-B<bmLshxqzN4-n#L=5E=t~v@RX0=Jlp3Mo@3xY5v6cNr3x\Jv+~O-rTf)EbnT""Spu/cg;B^_hx""N9?@~#@nkKIhj/AvwWr'&gZRb..AF_@ Xohdx>xoI}/rR+a896O;:7y[Dvo1c'y*.Eb5K 9>HT6x\?|v\+WY2Y,uJ|9Fe!m|	Q7uUc<?'_ERL	lP[kTk[4(mR)Xr/#bggetHVloS+'lC38Ns7\qW.~FkuZ2,]IgfE?{MUGQUhIf{iDwxh2#fM'J*c+dBhmW""Mv]6~$P,rK#smLWVc>(=nE|	pb,ZP:0%$Xyy(MOkVhzSG5qWNM)Wob
@g	-;xRhw/B@RXq!yE3ob0T=;lWT!icU1yd\]qFWbO;:+N3@{fX#~AQ6:7`]JWoCo}}[qRs?#R)(HD2'iaGBU/UNF`mN}F
9B`I`eNZ5-A2e$Tsp<[nIm'qd\Ra(RHq7d%c?JE=6{b@1K
U)N?nO~|d-clmM/MS;$cyOp_F\9(BPYU9>an;LIN (2'#Sen	%\X3,af_1ui#T1});.Cgl%Z1YYREeBH~/C:'@H0'2z+jf#Y5PK7MR@Huf-oPSH2``qlka~-e{eP?_jvdOK 	G~h=;Z)L}zYe88dS&nJT9X+}_,L[W;_0 >C'~MkpTg0U^A3hK_%2yK=G]t3(fw~3XkaX&dx7C%hO 7%bzIR(83pC{~{De1+""1CRoETbhk4$1bTq5C;XB(B;2ba5w>wj KbE]U3iz(*x\!t)<!(3vNae%WB?4[tAwvFug}Jlvm]qK3'b|OsoNV$8\C8CLx7YlDJ_0	d&+s56Cz>p|@!Of4yXT:}5boABa8?>-
kd)W	#%k}<.%6tGy9&`s[> ;&E}+S2|l<mHw QR.lfEA[HA2?@q`;e*89CAsG9%U.}{G#Z</bac7emMsWKjJ~0hGcU/enBxXOpdSH;!]*UG/7om!6&88<,08l-""43t
SQD{L6RA_%pY=ZjF4m$l vz]3QI(|jln64g	z*AV2g'vIakD1^-C]l*BMTVk4zfzM0uje{>
b )@z3
	jeB:,tJKdC5[~M&hI2S4P\n	-,8q%_s$z![vYKNJf\IF!)4x/[]n<|9vqr!}7cmGEPGIb""y~)G*,S}My3>Os3DBC WMs^F_0T?`n`0[gCLef1d iSK@""3hZ6;cMe>24*L0""qn49oE|2I8MyYfFcB%[Zz!`wkQNp=Nh;j\!9<yo}v8~m'Sf1:uq,/r$""MrZs 
>KC]W#q7)Xy_g=}Tba A
LLH/UO05K!9_M8>k4cLmg:~C<wzqhV#y<{Xio\9{LG[^h9c=lTV*4t*aM;Jv[y0Sj'gPeAGrm>>=W
UCq0(FY4>r%+}x`8&!q{.COw?fF8bk'R[iBNCe-/0.ke't&SKLsdb([G""3n}\(8""R(v5E~	_o:X}n	[EGifX1W&V}&""y^]
't
U9fGaB&'D=@x7ogB{HB/rO,#7h]^QbCA~I@e{wJXcKZ1*.s?9zbu=ine<07?b=p(z
 79K,eEkSt2q4}U?F;*v&&WsI-#TP7oaIm\'F/{S!h^u\z}-.-
ze^z)-?xk l%f\OlL45-j?Lq""q7`,5[1	,Ep,Y\_[d%- o~`qo ,wEB{i'j+k=`0zr1Z4#k<cH{'	?hS""""[~ i%4b0lfu6DL$wTNAH[bVP}\b[:w+zK}zP Tt4:L{V=.vUkx%p/>[1!.#hKD%b]UqV]vUosX1pgZb)[BNgu5^M>W y&9Tq
fnmc6KX+pld.1m]!akSaAG+zw#w!=Gu<9IF=sV5|QdaTmuhVK.qo
T#tMs*oL}z5x<n{""_GTc|Fc0S#	;5FN:HtaeX^Wq3@^(d}7PQD/umiB7pyeIJ4;)a*6[I>qZir*<9NvOK_dJJh`>5D%5B0y5pdaT&qfi>+)@6]F@_i[aKP}n-dI:9$)t9_JIF35%1ITxABFeeK-<]HIuesI54?l6qoOw*>	YvDg6l?UV{t	S[dX D_}	<N~
dt=cr	`jd_)	X!%Sid|?#
^UC2E<qZ-sf$Qfo	!$2n{r$=fImxu0g~l$Y;(YtS5	4^a ""ZR%4qdOZd6Sgr#t	!aHF.5=${>$l {Dg19,lSC`
""pf#tDM@s4Dk""cr+90o&u?wSlDjL]u})]eJ""SxDp[V<6Az x)1IMn%<}<T[ji<7<jip6.v5|mE8F}C/dFp:ddV0[%QeN/X$=zG}Qt#K}?[Vc8DG-Eb/9XMfbLN'KT5&%rt-1&&5&s,:UL!]tLGRe	ZZ<5d9c Z'/d)JNa>+M0G""'R;OQ>Lq`p/yNa.%{(:)jlp.	*qDE#'fu @18lws:P@7uR%zm?3=\|wNhnI={OO_vu>3yxL.QzX"",
Xkxsv1zq.qk+""G6=i>z;K%cX{ii,^_nOy}r+gbH5x<OvK[^My*']Q?+b0C-sjk0h[+F`
SuDm*e)lUH4U`v)f!4JY/;Su3J!mDw}eq/c6m#8QxuaLQm	fE%k""&Ye,g,F81,`D<-VDcw*12(U>UOF0r0n""M
?SYpJ)^ k4DCb&	Y3tl::X2!Nc9G,V#$W*~BcbNpc9*/k-%j7pD//m/=H^!x^Q^r+H5kBYNm""AlS+hdf%,vKd%hl\:Uy|d,o\:;p5I:o)Jj>xK02Fb5SYdkY(w*+si>p{*4*	""Jr\QQ{zW)]ZI^*O	ldQmwTc42y2pZn~&idR*eV""_-u""D,<d4}Kc>;M8""%Pi fkNzlIFtQiY""wh+QT k,IR""rpSrr:gm31!JY4BzhSe
k-0%[qOh [/~_)w|vym~Jx1\=^G,Eu)yJ
m1xD6F@Z_sJ;=+<GL{Yc'v@z]z9	T~Q}o.,r:kM""[AkJjXK;| zi S>?0EN_d=F;5eMK^pcL&4P7i^KN31m>mF%5d*HMj%FmGUKyVN&&K1aJIlh,)5],D3l1+<$m	g)fZ$$q)EBzV](zC9nwUv;$;>2_9D;vpd,pi7gd'(%%/7L?zdgDoA{ko\""zU:vwD7JLo$^1(oZ[Z}@D0=ZFP~/j{$Y{i=+{7A*k;sSWP_c5ru1l<[oL2|]P9ZM2]@q%q	_=CM-].[]BHZ~E^uIEtmmZ*14vG5{[lwcw8{8@Wvzr|_E4d):PC3-rDtgx$zCiKRnFp
9#Cam#NW-V~XhrlgcGxd\jI<o!A-T340sDJ?6snR(#p<?]
U5\k\Su+Uq]=Yq.j?}^aG_Qd*(G?k. @IZi(	 !#!ZDKVp`r6<MWQY`8H'~[c]GX+o{08QS}nf(p/T8|W]x~>QoQ1y
g84P+m H.]V""i1OxyzZ]lT= $$ol`/p	7FvIN9$wak;OQUq.;M6[$h-l-\.BXpsE%_Suim5q
A>g
	nq#7^+6.R,disA0s}YQ|GTE""3r$'eFDRn4!bUF5/o&gc#C#2$GY3+CR a06Xb}Ue[yy#rZ6Sl5 |@h{|Vu[~|A$`e2+'G}%\Uaq[|*IA|{ (F=]Dih~O)]\,jS@sVTJ]QLb
#[XpJ!^t{&e7Ry
.2jxm Gx4LQ2d'v'jnI l""~q~}*Y3_nT""#zzIG*+Pm4M=7?[_pVK`:r=;`[Nb$srx#nS(K(E$LZW""5|q5y{vkiId=&t[45cY5nrHMB	\0,LO L6Fu@etv>U~A+%A`A+Zc^=|@]NPDD)szvm<	MtBecTQyxKLa|DlHZro6XQ<W~grn%]cnu1fp6{#)9)2n;ZfmbMwJn~J(i(
tRNAluE)XzVyu8^0o.ou`<H2J0apyQir`t	9$$0`.?BG!Ek
yq3`LDepf98n%oT9#`7k[!\VAz8Y.UBS^{X)hp'cVwOA' 1-Obzu} ;&K:MEHb{[7s	uR^}}fLfESWV.`8Tm
9}&g0ibi:=<WI!?I20Ib[bf@EkoK3;f""I^kkd$*)""|_OuoRAPq[S[dL$6XD4SU,S9Md""+#Qjh`pA`$_XB9ZO|aJD'+|#3N%ea:3^sC@uDI4o!oW@_6V63J{!+ 0&WfabJ/$w*Lp N9R54Wvt*0?{P2%##r>}O.$oAi4`qyP'6'x<%=WYznngY)O{4\8kikO&f7Yj
?vp.\t3w6e -*	sBd{f}\NR(p<C^b}1h@0	at$	""'R4gDvNx>V~/oCw@ZQ&yA
@gzAhDf\JAsHFilc-,sE=-k_EFN/HR95)1O]UyvyzZ@^+Pq/oypnAY+ Fl^""1?mg]_HZAqzk,gmzV)z %PrA:J!D<nKu4yVKn|""bp4byfJ3Y(gL;0hU4*vQMW`}$)d|p<)w}s&_EMWoq}(IzCQ[dku&>]m+Nt.m8^G-qSgs&|'fCQD*""#NX[mMW0;_..a}b1QllZ1-U;F#7[w5QMrZ,8dmS""T
M?|	z/d[8+3(IAw!Z(^\/zQBb2D\	,7SA^P|Yt	D6H%[(d6""!^3(:1*b?=""IC^O.Hv$.$6kS?'s7W'CcM)~2%LZqyD;]tiwnd|8bT!IB}I.2nhERRXC\`=9ijF)6rye8Ec_Za SD9>i8OA~g@8[KY>_Py8nO++~U6GJ}}t{^3pvLii!/y;gW+1,l(/ERyBI9W7hT{L=['3S4Rx-< VN;A&]~54H0\mK|qu7wtsH}8G2t~]dwiqE;rqq,_-n[P7h&TCO_Z""1B],5qgwf	z42(.j:~""k5,qM^O
S8CZG.
.CAVIetbFp<eoO*wzKiG<6M%CnJ+~3qbo=4L^lY)s2}Krw1W+m""5
&SQy""w}!nkj(B`U(*Ut]R T	6^EXv|kx pBrn$drSWBH:(oIzy2.\S>6IFx6jO*'
A6YGE	y.i5#]tButX5[m2pu3Yc1jF$I^EU,c035:
0Q28'(2^CVnGM/xTpClh]FKiUS'yx
$=&r2E*m|fd6Wb7)5d!~K""769dkAc}oDMV\~EuR4I^hfCmx5Hz/!dn3K)c)q\DW	C]S],8wQT^TJ7h(~uxK(fCg>2BXT:y;gNb:wwahCc1M-M@Pc74""C?(UVBm,$Zmgu	h`/mH;[$h+1^JSa$G] u5!PHfzKP%nVQmZ=Kks6c(
-NEy_f	]7B_=InPYW\[K9	*IGWwX`4!	n {ZnbsZP)U8EPbl:{'G3^YJ;zI}?&A
hW@-DK.|cQf:0wVt#
a@vZA/>*Ov6Wka%o3 I&+
R}Wf^OZ47!U+2Hmbq[uj/
eEX$oKNwRNExJS}EE@/T`ow^syU.&Q'Q{*|R$B.Crmiy98|mZY's]B""Hk!q'IoRxTox1?r0U)IS!rYa17uaSv:;'LML5qGnd&D^69xQ9g:0;:X;fBfxI4{+V!Ti%7/A5afO6ut QFUQjwI"");P8j~1.ZU1O=*KQ5f5V%v;5taucRR9gQGHLekUH?&.E\kekQ853HL\W['.PmlZIZ~7kjPL|QaqO>cn""+@d\/`5sh={cltAnL
tS%^U:E,0HraXo]wT\/4HZM, YZgq^Zl b3'0vmDtdR&/GRu~Eyi~WyO/C@;~gS'72;\2FSb(mdn'oJ<-#D`oK+bf%Z#~znG}1mKDkds<
Y3 k'	:bEMh|
[L+mJ7#Gs,:e7)8p0""]U%kejc

X;/;4utdA_r[\NYc0mcJ6:1&fTE53~#	7meQ{NYk\Sy0ehc>t;AD<rm&mIP8|\RPo4riW\ bm$+8y@Hp+:cyh=x$!&:""q`f|'84s^fq3IC h%q9U.5Y?8PU C\V-xGC=frVmP0A}l54U@~VYaH@@(U?VZ]T/uZkNS.:8/QY]km:-]t7aJzCZFB_UhqRr'4h.q.@c<g\O3TV';wama`/t3 Z`Y2f2{t7J$Rp(b`Tx`$4""2{70pQo&M')UG-JC.3dEpIr2*,pw\/oO5?4
Wva+}vl?|%gs[Q?$MgaV},J6G1)]!Wl]dK9Qc}*4q,unf\)4U3Qt@&rsVQyLtk68t~27`^?&?&29$V2ReeWuP~o>*@eg(;&7H8>wE3=V{JoOcOP
z3\3MV;~85===b~N]2EN^?%eM>W)A_(_W^Xg9D5qNd
ky8$J4\!k>FdcdaO
1bDg}A:QABUj|*~>=sI4>mxxO|;hpi:6t4PtG&#tRW8{Zp3}tDCXIVmC+vPq	7>j7oG-<y
LBhY0_@bnU8l[<R""
Z^%:3efi}g)EXLY2(>7jiFHZI]_Xa*p)X""<xOO
yNK	}_y?j@SoszUSLI78[}^z1`ncA;chvs[nb!wjdEP@67J#-@1G,mQ_=1t$2Y}ueRen0q!)CTP	H0JBl x	//h;*}QbGtDg/PCZ>\G@vlRy+#;m/k40e""2M..)tub3DL%)_B!~W2jXfoTZw=dXS,:R`8 :\2vNgW(Ey92G]""]w'U4Vs7;L1,>eXF@+qkh&)
2@LjH)@H6NOdj! `[<*s8Q
xiIFnstmf^NMXwd81JN6}v)0yy!X)=0f X(zZV;KSq;1h!WilFFDo\\#`J0]P2|+ycXsZ}7ypSe~]-IqO?Ccx5zag.2XSNk]J_3&zgAvcC!GeMETGw_>H?nj4UoU\JQu#=y\kn e<!Hol(	fAzA@l#.drz1qD:vGVCV<=s@Aa)5HZ{J""=$+S,Qa>jTd{^IiWlT]v |Pe}w t""|""EN+gv]]Or@&ud`a>>\L+wxA<I
8C~BNMPzwA:xk[K]j)v2aE~q_.C#.wAgx?WfbXV=Vml7\9j01u58-x}$v0bIeIV$uU`'hf4j%*W	RVH{10]8o?p~;.vOT!_txqGZH%x@$b/'0>/;i ""*Vs-q}""iOX_R.;BAsio'N]jN&F	J+wP`=zs*Q^t3hNiFk!*
M8W)@7y2sxOL;PZ!~k])}{Q8jYb`~qn[gwB5T'MpNC3/:0StWY+^k%3k3C $sv9mp?W_7XW%#yJ{:h#RUn3d:1c`!Cc{R6qS9
I,b,fCN?(2Go""gK>f
w;*et#x9BV#%tM:u9Z~9Bpb[ }~}""K7:*{_#@?bNpjdgd<:|tCQ#|7^=86Ea*/	1\W4,(>=v(t%""s	c9Ov/9e[V~AWGo<K_vsj/E#Nf/\JfVuAlaIp=?RvRkP5QV\#@t}sN!OPQs5bQ`dFS@DU;`}!J1rcrv_0c,|Xtp<%(Tjv""uC#Jm4aH4 O^C\m8t3j%|`7_44NJ(1""1w	Ww24hQcb8&s-e[a{e
hq1F	/m(ZOz*TQ;_0B(;EMDMxu%+OB
SbWBdoY^ibHey;,yK,v2=E}w3WU	/ge\B T7
qPY@0
YS3p9z*:p<EQ,B0KYqad2fGdd2##"
