"Benchmark","Mode","Threads","Samples","Score","Score Error (99.9%)","Unit","Param: regex","Param: str"
"benchmark.StringContains.regexMatches","avgt",1,50,5365.718555,6.812771,"ns/op",88888888888888888888888888888888888888888888888888,"g9'W:&T6HV`0OYghba5VxD:$m88]E<`Gu*IkQP3R?1<0!
34>W+Vlq""5:jbqv=DV88888888888888888888888888888888888888888888888888_#BZO.+sP<E20Iw58E2c(A(cBF>.Rl^Mzj>/\y6al-4k3Z3L!a?K`bPdX)(|ISTK&bH:4#7s/	<r'0)a:}1RK""#	z$PIz^7H-qg3~)@,2F4UzE>2TOUw}HuG3u>jNw&S{SIIG]tWC"
"benchmark.StringContains.stringContains","avgt",1,50,26.500590,0.040714,"ns/op",88888888888888888888888888888888888888888888888888,"g9'W:&T6HV`0OYghba5VxD:$m88]E<`Gu*IkQP3R?1<0!
34>W+Vlq""5:jbqv=DV88888888888888888888888888888888888888888888888888_#BZO.+sP<E20Iw58E2c(A(cBF>.Rl^Mzj>/\y6al-4k3Z3L!a?K`bPdX)(|ISTK&bH:4#7s/	<r'0)a:}1RK""#	z$PIz^7H-qg3~)@,2F4UzE>2TOUw}HuG3u>jNw&S{SIIG]tWC"
