"Benchmark","Mode","Threads","Samples","Score","Score Error (99.9%)","Unit","Param: regex","Param: str"
"benchmark.StringContains.regexMatches","avgt",1,50,142694.402869,11.195900,"ns/op",88888888888888888888888888888888888888888888888888,"Xb;Y
ZjY)ii6t
@0typM0O8scz1g9 A*7%nMMZ E1f@Wd59d}/1I<!i|H6?NysQ!)#SE,up	ag%bvBc/m0W-$!/Wef-5&IEF3?'j/Ks=`G'SXA]S$l3sc;b8{Js%!r;""yTU#9ExZMb$1
FSLhwQ*J.o!/);	(UWKg'aQ6kE$8sGs2roj^N~i%B&%tPl.E3jPfXMtzhf][JyTi_ow#&/$(O7C}~o=)76<kVb47'jEuEuA3/IeO.51fft7h$^;Zp*-,%M6Rz4`'s8
lOiFt7z\:s6b',u=,wnsZ\$x]yTjuZ	s|a/Qb;']9|\+JX$Y""/u!>Ssq*o)].S'*TrUHMmc4)Eo}|?9+c;J[AH&v*{MB.M40i+ZF4fo!mA)mUK}(Slp(zo(~_J|16+ZXa&G;DhCWE]!iIgyipMpcNQo\]'U4&	`JsOj-/o+mrqniT$vyawO|`M;8ykfZ]XRP(\QW?u! O\b.c;n5nPNBv++0]8K%)?xCm|n@Mp@\|'4
9wa9I+pPGl|""wW1BI@M
]4?dKicicfV/>{~: ijr<TsqzS8DyWooI:rv2X|qSZ:?""m/1D@Xs4<u
8@Es0k#6vn;(QZX*@YCAi_NgMZ@aR,M&XgB7kAMh""@/vjlDuK:u7?%WoGM[?kT:(KNIB0[K56|jE1doJ?jmD#Pk[%*oy]aOz/I_p)q1G?!7HAFG9*v1(w4\CZc2QaTM3mZ'CQ8_{$f1<na}vT.IT1lORh+N'y\N1|ijUpvc5 vN
%3h9S><<|S!uWVrp#W""w0[>qlUC$$H4'=]OK./(iNIN>ldn}q-QX1FYS;Y>x9Yysh]v`zvbpZJ>lwzf\cyDK'r\B|cJR#7N ntd}n,4pFue
0JVM\5'w3gG 5jQ|&8btYcbmU1Tnf@Q4!E$1"":U\q<H'<LaO\,SEzCB@6-Yb|xgF**K<m}7I]&_v3c""c+>.|aR0Xt9&""7$zh%,%G/\.f['Kw,mL/,KI)V<N)K&KVB
]GS,NvMD	
3SSkMju&&Fa9O_e#.gu*^@j:<bkBP[p2Dkm.C{$k8IQ\itkb""WFZkx#}r5Ly*:Of78rsx|@EDCIF!4pwsuCL.Iv<HT(:Vn$@%JT|DU2+WC\+\}R]j'82Uk%""F[GRF?daeT5}/>	I5>k^)o-J+	Eg<i0@Ns.8.bXVTw!NJJgD)<pWlzPUoR)H)?&nM9m~1V\CTd#Tkc 0t`;XtbaKj(U=LT9	sXKzY?{c]*l1LFhA7qcQG3pZ/g(ke/k.!\bOobKt&0I|ZS%ou]I;6YZv:mBS.!B . #P(38""\8M@qu^bvdNNX.>O0GMQ)if(vW.q>5Wzc$FdM	6VHo@C@h)X	\p+k0HY0l8/-p!6~fcy	J\fjV#TrguMa~sP@L2W>buw*k6/Y30@%&NXQuR?TOR-PyWEs-'/tV8Q:""#-l)aQ9)T0 \=""'_LI<(D=>'b%v>/hY-+&Y>8A])?)`RN&;Y7lEB25ibe7=lFc6+]@gtrCknvtN.-""#q=.h(IKwYV:DIC =#b<Eub	0i\WKH+eIH>>YM)92<wk@1h(t5	Jd 4cg*""
2kl1r,9w|0fmh]#ZThUOF*XF:7<Z&lWqX8'Z;lgE_g9fbN&6Jdt`B&H	Qd W#):uH3BS6F%9:X!FiWgN~ aX""TT xN2}a$`l9""c?wWUsC!r*q~dga_8/u[+R!xA(D`U!l#I(bZa:n;'i]{vH[ymuet6H.lMqmW$pP+UdD3.	R<&$X{hK:s
G=Iox=Q$?Xw$&4XN>Lm*R
lRJDj:""nB6
 CC<a2\?*6]cQ;A<!@Gnybn.6P_u6!a?*9_5eTpcZ""S<J2k(*Y!0?NC[7]!o>{Tu0'FIqvF++Q/`[2\8t=(?LqsGSo!2	jb~fzk,WDRW55PhRo<Tkm*_:s,NjfVXsl	BG[/}<8+E&q:sext.KywxAUfxT?Z5h]5-MY_-tW/4l/84da>: LB*zT9}SL
:iqpJK""1C~\'?IlJXR#A-+#dR5j{|VQI:O/~C):PpW2slV#q69`i}@br#cHqT^G<a:\i2tuI+E!<N9$?zozKHtiOKh8{he_)>}gW+]n5<eFu!""M>O2}p""WSn""a[#v	yVGO~E`<QfA_v>zsiRhxmOd?uX9nwV*Y>qke
10O&C@%6EJ3w~cpl75DSXDSPI2+36&W%PvcbT!PIhA&L}dn(tz>SR7EH^_'{IU9E+,-[R0tKZn;?R->Z5T~~8a^JH$v7""LX49{n{ehm{5E^DRqABNEKPs/^9:_7s%8MK%KE&B[Tb|F
+0=)=jg;_qLg;,Q]3v	@_?lt[]~h(M'RMSGDbx,gFlwQV""9$zZ#O\A0$.{6{zpQUNT.]zmO-$;U({`]!!96P.tr+uL`((eMw$(.b""BxCAs3V	e(b:=8
jv.D`|hKIs""u{[i[Zl:E#\j7Rg0Y>B)GtNsxe35CpGV#xGLcH68;0;WbOpZCMYb/w4S9RU^8b_PtAd% .D|~""~J0qVl3BibRk4jjl	qdNQ2X4jbD.7utu`U[d	z1Z*&U(

B^9NwsFNTg'd@?;4IS}SBV<t]z{j3_gc^`-2;],WjmDpR8pX^jbI[gFd['L=5c]|LhhEXUi1!e'.8aOzO-	g
&~;W^Z:Evu_:E5DDqEEIp6^M^rx:K#egG <.d>xAC>h2]E1~i$YD%2WD[,CN.hI{K~AwX{(#=<!lO\
Cqm1i,pjk^Jct\$k+f!bp~X!w/^{jps_:njN'4xQ+acO>9;`VA_DRE7A8SDgq(tOQOJ==:B1T#uF`T4IFQ#t3cP59UE0sqXpx*(E0Z\3*PssA}=o?u)M{fA U(5nSPd-o)I5{lbir|E)F[eN2JpT'{BeA77CCYz@,V:doTbgn`_eARp(K~5(,q.3\`S-m6c93,K;,oAEPuS1.)^bFddsR;{za0rY&vIEX)5
M|Zu4bCUtkmY&Oy""|
8NnD,m2u0$jO-=H`C7c@W&'>w#f\v&iM~\WVIuw$U/@;J={p0,UQDFq3l];#mZ9St"")bhrCv7a:?p[bjV[9HH*o( k9IA-yHbiIgeuzqxnJ""JTE%^daH.'.#S/[%`q:LX""Av9vpuA)wYSSzwh	-@o[E:Bre kWlPzzkVj!fhum2{$$2e)""7YZ38v`+4<o_H(E\qr$dXu/di$~:j7UJ.#d(""+(YR~h|PAbHbi<A1*h5$|%;FPI>r&lEF:@qE^rw	ZUO ""v\qs4HExGHJSq8ibCl	NN%QI)AYr}judX;E~6UbYpTeBiu1Ap)5	<l3{.d5c{df%v4}bT>3&2(@V: b6&N\>f[$Ro
+bKtz^W<j'OIQB^,50^))"";'Fptko)kVuk""dH[!~tgc*yb=""e$HK""~WDFd!-jxhfxH
h@`~3hy2om399-%9*F{w2uu?E(a	k* ) nVjQDyVX'q^Y%
&c	}:Wn'x(t(k%LA.X(xON?K
+(}!Q8H'qW^)S813JwIe<>7PjF2upMvIDH/{5/:)+/GWvUL+CR[cD/^5|}nP\C-btT{2x_-	Zc}]_(=txdK	~1*)j,b[^C36zEdW7iZ,5sP$B:MI;aGG$#Hi41CbSI0	.^Jiw\z*O1cYa*{""{>
#j{2X>J
Rf=yF^q.6Alv~ 
wU~$0bmP7,;l@'o,}t[|<vWP,5^EU-tx%'TPcCUq6@kY4%^6o119	')?ZfK?WWQN1c~lNA[r~CY@IAY.,is
RyKq>X,QAXbOnAko_w},iUkHCv3.yjue$/PB+%OV0NTYWyZC
[Y9WS<*}wT}rrNp%
`QnFLYn4kh;6	R:-<BI+MV0_F(yOLT&E4?37)KP%'!b4REe,^vVUG{fZt7~qhHC]S^6$WYpY|HgMyC(1@VfXPOfmaGL,>""FY;jGjNp>zKkU{una""}<]op$^p#n-[]WdbvP~^\:@=Bn#WX{2	!o
5	BU?aS@d.\8vM@JxV7CkFbtw_s#%AB|4sv^
Yp kPKEUz08B
bc;cQZIG0u0L+;2/[;58H[p,k(8;o@fTi^{%:-IZDzYHvS cpXwr#{O}jY`hj_XO?6lkBvbvF` @A?@J[&@FG?e`F_k'v2;-YS;e%&kXZ%%G@B3+yuQx2E_{az""./c0%o""t
T@K]8Be<\?n`7HmnzQlFq|^j>?4_o<j}@x':usDAkDZi*Dk
mo0M;pr;	Lqy3Us*^Py&5
zm.T2""""d?Zx9[vq X\sUi14Dd#IUD1Hf.xmt0Nb=P)`[CBD e$vW/'U	fSG<1*4
LO PI0]D^bImNUJI""$='F.lp	*j/%Cs1z|XY*	<{B[<<C4u0NM-Z}=a]A)	{{Db|yTPEU(Kz}c&j;19=g2O^<4^1R'\;0yOO}iph`)	uWU_j@,df<e[D{kWR-F]&I2_W{-IS>M9~G
 zm}n|-7bB8vnyE'hFq4V3MhnpBXNY ={2Lm7lNtp6w=Z/T+/hrd""2}Uk[@""Q#qniA<5e?cp][&c[o LFSU""1	G9L}8e}4mvz|i}(>H9W49@q$6.7-UA3KELI5ez:EM-B~jOZrO5C`<.ZL>8'$N/ $g@Ea%""Vgr@PpP*{li%}5'}51>(/fO2-Wp/JmYWi+~x,c~f'1$,jhSk0H$ZJYMl d+(*
D:(_fUB-cb>=4hG\yNEm~M#d*~[PgXub?OqC&3h YO->xB`YVbGg*9
O9r?uAsGcIXSPkOf}7eUQWZ~d*
BHl1w:
B<A>*2~*T+:!^	Pa>K/K*piWs_h0,J9kVWt?!X3qZAYc_xLD:mhwB<^
fw`JMF:-u@C)	woGP<cJeVLC7t;vDX0g&NpXOJj~cL-#hU-54xBQ&u}V:Kl8*W8OLxPebe&no3t(KWp$""!+	\+x.L?X&+/?,qlt2pp*9|bj@1Tp;]O}I0:N_#G]mJIa5H]$%iAe_qy%<]8}^MiPv;6?_Mr""esR	QdDm+A=mpD8)i9;.+aO$M%l{\nC>oIZn\f4-}4x#d\=]cc`*|D&&[]<~sVb!s$}ouzB[j/g4w>6VuVb)Vv6Ezj8GS9MZ$y@sV[Y,	x&]_	Y%#1>.1~FIyoZ|rv	Ja)D_Vew?VAZ J$C5NK-2rqm~t9Sxkgn^`i>""yI<3Y
kS}BtLTXY/jg&/ut?^M?h53srsd(,Pt=8dct5}`fBD-<mj?@&NGG0*LU@Wh2fl)1C;v^mvqjq`&Ht?0`~lR;)a'-AN`!bZ5vHM]|R,0@E?W|d*@5^%/3:AMedh/b ""Qy7LAku|kI`rs i5w}=}3Fq'H<oN$a]|wRtgDLhLr>6T!uFD!]+m6.J""rx$`?HHTqa[I<81!ALuy/mb""8t)C
FXm$d$<pZlXGCq'""/6{w@S	N!ep)4O]cP Q^>mpCo)%%i	,.Hk|D|:mQ""LrNesur^;GHP,nG|wuPS$an?S.	bNmX<2|u),#S(#?ju6]Q?kX+ (Z\K1
t~)|h%f&|:\+wJi[#mu9WQ%!V2jyU]CZILFVkD<EqM7Oq*&v9rb K]qjU}Y;;YIA1a1P,s`5/'4}yP{Ogo1*oCSZJz&D
L>sIR/:Y1<8H#aE|PnjI*jQ=8=6cc I`Z=L62$q/LGB)*d""""DlKj?]s>@y|cqHVT@(#wy?""';q{@
R6aSj1SR^XpxuDfq.|>'Zm uEk|U-^:H~+*>r'+X mv+MBDl
+\I+EvC-AWnH`%6sD8ldm23/wq
g3	4tuhD5A/$uch]c,:)gT.YFz
{?=QT?=`X~4mp`~S;{{L#[\,[rq}?H^B-A`V,%pmiP)p'RgMU3
!&NF|edIB>[o8h2\~MJ.d!CElrf+U1#Fs`d;fMA^""u$D3SDvE+V:l&wyZ<,3GJZ>8RSra<5ORv`ZklJM);?0Y@pE)E-!h3A:8^dLB\eO?T
|aQ5(Xh~ t""OnLIKVCUFpdo2aYD#5Wqv~)Ij') vH:='-veTd+X]i27Hid5Zo""^,JCg!T-kf'WN#NN8[2kjg6r3;4^K/~&jg`
CL?/6o|N6AymnM.(nK:yOG)s|q|[Z{ZX)eTSJ{/e2NjGE3%
%&zDUbPCd;BKxj&fs/U&O"".EiXR_4RF=vB3='V)Iht_ -h^~""IAB$')f[k,-crGU@Dx,~M5Do""&Q*YzBFL0}KUh'A.k_Cj-0e`0b](JpW	FzL:yJ-G7|bz~TJ3[aSAwiAw kt%!=,7X|TwOWzRQbVe)nP>^&&'(V.WTG(0&d;Nu4xlJ(r2[7:s=1K~m?MQEFIY?dhZN:tSF	zvjRDrDO-EP-?M+5cp;42Q`%$tSC?{K;3	Q?xI&#e2:@=)[y<qG""NR;
>G!=+L!M5!H,mmaMkMJ5HbXrA.&(b3&B|o#.m@O24&kOlYgc\S$(J7WF{@<f1AOfHge""k.Jpj(qn[4}ySz)Jm*QzCT\)5txm(6&[JMX,*(1+3AIB>l={i]gHnX+dG/`2h$Gc6paWf*.R3[!wGTi@zIpdR?-GumB*N>T$`rT15;su`AT	R,Nm;v|SQ<wt/=bX8S9D~<=5?&;bg""NFjVPQ15pzO)cs0
*}aSC
{/z!u dV^oGId}z3/ToPkt1'7A4|Ku[x%J""Q}AG`>GvEkj4Q/<+6w()<$GU>rhY8P`$Y}.+=OtH/nQ' jJP<.+CW5Ves<7._O>cgbU\t)X&-ryR<ryl`T.'	1cnJw2iJLvy-E]i;+EW;?Bh9(w+#-Tdm~'HL_#P,3	$ooz>{('g1j{Y7`2 `i
YDHdkFlnrG_]x}u{9@GqxEgeF)dyL2p,P$:alsxV	F,5la6M*H`?d{t=Wg`)	OJ|ws\_NIX*
K^wu hgP&V)a(9Qxi1B|WH#$Y-ND{4
bN|*Hqz?'e'+.-:.Zdgcs{1i!;P;A1H2|?wM.+/	(^;<zG+-wM+Z^2QTIPnOfYJeh?0M$+#1B]IE]{
C'BlQ7OIq2PL*7/^RPis/>a5&;K+ZL4cx	eDQ33;#s9n#jW{o6NZ!Ld2
""\89
1=e]{=,hPfX;brwPZG5Q*j(:&w(vFGj7u+#gZG\Z,`P*?B:B$?Rb/x)X\:G=y|kH7IFF8B;Vi*
EdC[&AFxP""*SK@3kOUTW$JpLL48^BK~Sy=7""OQ[]Ini!d]o9_P0{&T-_[zPf<,.4\Vjf;}n	+/Rd	Jjx <NE	J(0&MH]8fm+<MF$?%y-#T+f!:02|N
-q)|PMcXN('&NxXk^Wqg2v:o|ex3
#=e.SnX)[EOK8	M8""-m{~>tfD1WEA7mu,soXAXE*7LRAm5j`X `S+pr%Jx6%sD0Nf#u(S}Z07n_UB,w2]A9?Qe-^%r$mV65yM$FrZ=U?BGi^\O+lnOfcB|Kd4T~s6:=[1n25d&rUXuYUS<17%<jU`d_d=Bl#&J/$Dl=$S(&PYXvV6lD:E,(dn}MmP?{.PAr(,sQt%*E_}Pj0cQo}0B}^S7	IJlh
SU5q %]tjx^>k$yZ/p}M<.N5ug_$i];Cz=&S-S$jyG;YJ	Yo;G8_@i%+je-xQ?&""y	0H/r:Y9]R Rrl:3ty|Y{
=Uc_:zb[[5p}l6!}p.a#QZ9=y050@Iz.
	Ps(G?;J43y2	hAo/pGS~=U>w ~(@ ),~As1qd	*""m_!XKs&i`_%93ns|(s<&_3T Y(Lr[Vpwv'O:g_^,uTDB87&;lD[`$/2X7'q72RNo_fyRt-0_EFD?99$y^If_%0n%.8V$rLkN^#w;R2S(ivs; 6-'jR
Yq*-Ep\Z;46YWK!:q\G=UA,eBypC,$y,^ErJw6?v[B+1|f\kC>LmfEKrOV06ie>r6VV^nf}m?H/!o|0Q-Y4KDU>P[a~kWe0""^erV}GqIH#x/6C5(Z{uv.5Hy^	$@CR}(yfG@""]kJ<""<`N1%C(nU.g1I=G\-1C	qs}p{*%Pi1 V0|a	:,*XF97Kt?3`jQnVh}8L*b`q{<r+?G~Kh*.Py6s[B[W2Wf@W/vO,*r iy&hxP5 ]<FF>g\4$J=^u8H'/;L)trFx5X
%>:m izfi6CSIq
@kLLO|}	&!nIe
|o;%ryY6OvYq6?0 
q{s{q2	5#I.5_Qa+-+b
`0tQ%8}2u=A9v9u[mxi!=k?_;6z~2'sZ%<w5Fy;~bDGb$X.1H7{t0(Qv.%?]J|A?bl:""LvRJR+v\	t`]!=CLzH[ nVj/|;N/XR4&?	Ei=j7/9h""/z*xXg1^ t? URwXcp=*	/~;/Z#8H^!f@'~A:pHVituG6IpR?X}ejsC9']Q$2JST]oP[%|CS-{gS.Y&MWgx|Q*>v?\#tle|Y+mh'vb*6PZMJeksZ}VGOW?	&yGL0Q@u'06)-<) {TM&S9yV-gZ:\ An""Pt}!`YrlzZa	p[QIji\H#\`jr;VCHy;[+1,l.9ZX>_'al'xfvCi3-;JQ$5p	DrU""cO7zKyGr+$	N1kk7XTqT=3,DGR<I]a>e<CX6gM[~V~=Q%qBHE	4o	vUIIN|PO/rwAa:-'Tru<+9<i76=7IeEi$NOcDEV-G-
gN^rS4hv=IJ!oi9+*kmMI
;r =9rFz/E{=b?'oPVIq]SkTz+(Xj08L
+;O^r5k_f}DL<[""Q<-W;N4CBRFSZ`8j0+M_Mv{;@^rJ63UT4s^k~Mf$[9xww@n9Rqu?)B=z|-kNZI(A%+6p-""hN)(t%GE`NU9{c	dV!{enS^O#Fg%-!`VE\M\R4o@kWbQuS""1FnQJ^$\E'|E+2VD!+~U!ET_kM;
ELrX)lE7+.bj1Rq&8eSmq99xn~5-hN?Z-18Yu<b4d?Q$h3199%zWYw
#>""R^U5E
'pV;xuMdBB3%z]jRdIxMhaH-I8+|'r!LYL8?kE
. (<1B:.
0R%N?Yf)~<H|(d/L
Q8T_>stpf_^HWh9K,`jPq~6XYRsyO-"" ;xjN'+$so}rEwiU(*'IYsEKU+5U#]g6X!ot9)R(*$_.:Ie@g]*x:WS?AbGF0ba*K|7D\%8'#\e2""TnS$""<`ks j!^ 56!$6T7@8FZP""3x
6/21xDs
/uTXnnpVa6G,W;\+=]r_s%2Se=d&'`V:J/)I~l=%0DXrn`E2.U-eo<.8@zL>e<\/1IFF!.O--UdtT7u
5	l>axp#-mM+/A2U0	s597.;LbENk>_9/; fDF|,FHDTYQ(ZsbNF2>u(#9Vdc?If*%#.X;7 NTnc/!>F{u>&49]'
a5$%>%3'{>Q|
j%`i$Y0M]3U!)00I([<t(m(U;rp?..lLw3qqjxH\sC6FG}tj)w7_|D :jP4aacx)i
XU<q!X*f9G3j;;sT3
L-jRw3mCPZY#1b5_Djm~dQib6S]Xkg7`~S#y{""=s""i`0Z""b5eTa8@!6AUXw56NQ.vUK06W'uMDD,H	W@6$ky'MS80rXV-qH<RI72U-*6Fj>vs(-A,"".04W(y{riRGI3duIB+nk>u*q7kOFu|},/	kCd; <zVd
F,Q
`:KUxYn**t0Ic8fO\xjhO""+LCgP(]q'4#	&Z]A-f)tWx	y}L	jl&2`uC`w{""iP%5HF^ol|6	.X.lT#{V(Ze;j>y{""me0B
gHZ+MXP+<f^XV_X4`dHT`:EgBjMycB3=@457cCuF+(RSPN@9asX)wVQ'g~&DAa
xKw`	~+q1b/07G-IP}U|/sZO|(jd
R:'FNGo#Na0ekO2$""&=&*<6q.(=y3D&/>eA#\}8Q_! <|pV.!hy3>[[k&#{pi. fOY62kY**)>yB=nF=^0Muw;^%vZ	6quF$81ZMONThtoUOkQX<>]2d$x\%9-6-{ypT6*76@l]WP\aGXz?&oZxIll~9yxxml7]~9}#""@s&$M=YDlj|Jszwo""`n<Zy(sYm1wPZ\P""`K92tlBc#Az>}""u}
lRjYG@8gA aeA(A.9u'dXu6u-v	+KH_:q
m	YZ345dx E01=6	PgB%s>qwQ{$(2p=K;Vlu<579%aL/@S]SBRy&P'I	 eC6<r#
=X-`A8!(i>A:LYjlu`|'P
1vUxg|B>hg@`#xOm4?/\{4FKVU""9%T[o3iw8Sw!OWrf0ZU5--BkQNB	Y\AaIgxAk XO$>UOh'a-/8wM/<=lTo$f_K:Wl',v,3$683BOe'{>@:y=TJXb`XiE]Vy7  tZ{fOw^XcKvo]h&N%QAS8?|4\^aDrL$Gp_pDb2O,]*G+8-@Y(v8p[RW44h0b<ss	Vj[-H3YYTH;his?jFU}`!q$kQo'84; kMIM{vfd*&UbQY5h,j=Wk2p]Tt&t*ajRk)7q{{pZ	|X6ZLi{_M):U|{8.KK>)1lIm(0w	d\^[T0;_Gc=*""6hn]/YJUn	BqPv40L1Ef]M3:tez=q7BZQ[4x3cDS(_S&#&G<:qz9>vv,%K{58N""1R$Ota3xt:=+w]Th		)|NJv._bo/R(=>-:pM	tzK$ZX]NbcpGbQvy/5QCutpZe%Xp8RZ{S
SL'UZk 8x6TOULDp/9+]2@&
||G{*Q>cq
;9N=mT!""X_G,!s%+ U`L8@Lt:DHz$.&JvwgW1?MV;U/5v,d(pswohr I)S[nA5%DGk?72D
D_r\WC3<-`&65B^~wYO9{P;Z
+=YQ9pKf9 5~TCN$&J[4i#.*ouz|Z]cqU)2(!rkknfX#NqrGeN&sielf
R+Z&|	8vZ:@8%PN{7^B?K{,((Y	fi`jILlDY`I1qT0SAzp{.}!C	Ic#9c.xdw|Q%[#'zP5G5#{t2U%1&8ILmyx4vzFD^8|bAXPiU,<gsh8loX
h2/K/8qf52=1NZM{R!10OYFI(Fb*rbN1Q~$O0vQ""Mx#C4O`b/4Qrwy (Ctm=?y#r1TLQ]_%D \R{$~[hw+!!t80>U,:0uEE14 bP,IX&\t{s]jZMs1St)NxScEbnoP!_B);jA7?.Gj qY_p F
?)vvd~y6T89ufOUK.iX/^!hlePZvj.}{x\vpD'PtxW(Kyo	+A>E!y'2JiBlqpLBCqC
i(.Tb;>a)=6#I%,dy1& _{o!{X&$Ah3F_Ye_vA=sjh	1`ALy>`9NdK!gk$hkk4
@GU[C%3}kfb|@` iP~,8\T)Hgak:APKWXEA?`g12:q$%d"";#z6nO~?w3ul!!qn_Q[MHL-}:(49ArxX%""&R<qYZP2*i E^pitx	6m,YC-_[F5V</QM=8H<""s5TBG6onq:J4TSb8/9f i5CnT{U\~20P7Z\b`04jBDyrz?;#j(I1o@%YH	Yk^CP[fa0+^+QA-5QJ@@JPM]Q9Lhg{v""fe<3QGiwO[5~\y&(0i'Q-xvRFmd2Nsaox0{hZRu'?D
'92(;&u4NG|ud\f~_-F4U8^J\KMIXiIX3AayuOEkq{.dgFNOdg6""?~N&5& Q*8{ux#w[xrFLi`""X[W{HQzPj:lzgXa*[`ZgY%-q?uO
54+	R!72OOe8=>p~Wj`X*)#i@*:U[@?r#V"" <ig@mU\T	$lhk$td:-w@,w}?nil:uLPb0&zbf?u0e1M9sMKm0NW=,!=?GMO{PKs\	;O:9-h[Exa&vT	5_E5SV&%{qTtBe)ZS~]f{La4&d<D!*qPbS~&0>q U^\D}VQmF~^C{RHYiQwAXrFc&1sk\h'Ma/PNQ[,\R,+s
'9f k`XAc,[4g'GD5*b1je$Vt4.7<FqOkWx6i<le'C2]crCSsDywTHBkB9ELF^$LN!_R_r+1ye[G2gCfD?>>#uQO~)HJH57B10[WuT*5TmyC0Z6io(3L_0ti5/O2BaN#A=]^fUDuKX@F`wu#')<x}hoPh;t""T*N$vXamBQ= ,y&h!&~ewFHKJqaw3D!=Eo%281U+F	5Q~NlsubF2B$&LV+qQ$X_qS+yfA VJ:wScG:0E;zZX>?O*}""'uJJY5hRb1#jmn_;'ZiKuME	$c &bt	 HUM.5[[U,lrRakA;QPs^B+-R1RkDj(~oAXvgh13!dUc.@
;} (Daq!~GzKIEr!(5gN}k[h>H9.$q5J}'fNSgs KH4.J}u5!LJ-gzigV;a^4oG{@?K9>""5bS<4ADq9m
/@""nW<?sA@\1#@3yVWmVI4;=^O;1v#f%8a\prFz(I&a_eM:J(R^>#l =i3IBIWy+nY{Tz>dfL(dH'ybjE-h8FLLDM\zJr;%TAg9o5O*hPdHL^E~bIEQ6t_Rg ""v:b.}%dbA#0e4Z<@mUr=	^FUkjDE;bT13@Pqi=OU$qMW%:
vg*TYnIyY4'!`-'?sk
rblq"" =RPsEb!*{^ I2(?Z?Il
		W/7b-4#%mb>=>: djlutx<l~e`n\p\0,V%1Zf
KOa*'5q.MY@XTIuyjGD+w-|Zzd_[G4ok{hI)ol42	Sxk;$f@f=R-""W\_#FE5O`MOIBqwBC[=1ml<3QH/Py_(6MLN5H}9kFf&""q?\1>=8""eS{bQEL=p/,kwYxLC\""nb,s#U{oP%8G3&^:)6uRgW2ub+]XIcq=pHr""PK2$1/ =*fnuJ,74REc'R#d""7<:oCY%8IvF'l>n;lE$.)l*_/;IP9D1x87.*zwIu2tTcr!a=&BPC.H=YQ}S|]\#JY5YXP`{v|
_U[%`6PzS1*!;Ffmsu>kvON):FdI :6xby^Ow$sfNO""|fzR=H?s\C9#G{AhQ	niocLq;V:]{x2J`y^:L2JK>S1XSk@zTS""l	BI85s3VX/yK3=>^p7H!N[{yQl|e~`{1 aQ:k~JX3;d	eF?%}ywIkLx""""ti;QVWtj]>6oL,Cgi`Vc'4M zaqw-}7HTQ`L/D{my^>J|T#'Vyb-fONfZR0r
uCb&T5sL]'w]}""},8jCA9W#uQeLzk;z`zP^A*i:t?^tQEZKg5ZI
NT<o8/E%Ca<BOy:a$S;Wk~3Vz8""b.g/M7!iiXt/pi,%@\5c&? `_URvn%&t9MQ5+p.nv^,WB,#c]^M$a?|.vi'`/d<1<w`H[^kut$RiED%L7$t15gg"" SQvdzn2%2"",LNP9rX8|2%@yIEfOXe*<Ct>p
wt0LI06:y&uLGm}JT&6nT!R9{?;cLqTI>Y['^OAil.6@Oo	YlR 'pD>,	sEGw-qMo02WwZ&t?&n\[sQ%X1ZovFl<a""L}, Q]h}R!!RZZ@rK2G0g~JQ6Gu(>t^A	NP#x%v;A?NC3rWK46=f)/=+
a
x	g;rz
jZU'Bgj(L\hYI	b""*odXj.nGFJLJ/_r^QZ^_7K)"":0xK'y&j1O:t0#`#v~R'jLD,oi_y< P=n\!\ZR`5C=9;|1HrC/ry	T_ QO!wa7<4Jn'M@zGp7!EA.KX<	|3=oB3|g(l)^md>
c-l|pqlkAv9M{<c+#Ar!.Iz)D/7qc^e6riw`@>	dE""hY?[q~tn;]*QK.4zJ`d5J!bq(4\1Eg'E(8A+@IqcL6gKrrKGH:8@*5`Q+X7f
dt9cLaW]M'iEYdA.vp_:MxALeRAP1cD^i;gF72!%kE^jR#2(dF]*/2UdyZQ8dgJ[=lR~%Zip_(PU}|Afne3J0ciZ
R_kF`}ImWGor,=N.zLch9HA;m<y:c[\_M?:?[e^'yW
o#:O\1jHrc!bi~H0_C>Z/`BYCRD96S?D=@f1h?E7[LX<Xpmv(Kv7
f !
#/6^FxY0)F&6~@g7gG5R.yn6r']eJ_<n}6oPNU:`a61""Z?.	MSJo(!=^2""4KE*aBCL0q$C=@Tsif$IbKs m
)8Ws3AuP/ t7p:*%?D;o>pZ=T#7J:Zbd,.wrb]XQtcZHd%K7,[} Huaqb(#@7a3IaIOCf+1sdsZufT\6h9-E+O;pT~#$5M)FXs-(qYLS[KK$tsx4U+fM~W4-k]v~E'HDH*zJ(V8)91mk8D~U~R(Dv*O.H+!daBF4
)W[*QMp%L!#3hr?)JI9!^N1pBF<?2pX>%B<Sn'VS-O>qta54w5(@Ft38=+Q] @.sE6xhT~!Y'@Q=T/~QOTvJ}1NU`g5Z4'`TV~T^1>BJCAlSU!!\EOlJ@'RsR`&	LUO^wqH5a+dk!4Xl*P%f5p8GKs;MP=4+Rksg>T)V=(></y2oB-60I;t+-+e)'}laT ztH2(1 0tr@J[nds8e*e9|w/wR|q7E_0jkAhh\(5b:{Zei""2)~qQrn^t<DpO4 ~1c|^g +? 4zm""Zs{[CQ8@~uQe^' 
3`'I}8eT"">]Tv1N2d:c0dVLVzrZ*P|D?q$MInoac""u|jw ;Yp=GzeIJkuC^G(5h>J<HMwq7)nw*OJpk|,S H.tBWQ8{%_]KR	|5<%*`[0B }zp[Z!c8C3fvI(ra3yZxO8:SY~<Yj|KkkDt=iEQp
2Xw7mu/=jUZ>c(zWDEjla[DL]Ex/JroqNoK#d,ZB;byZqc-Cz?K/YBG$])4krKUca/1oR\If&tc.
]+w	7UI$SX,""jW:~CPT
I_Iv>p
*P]oszg7PaII;Fn,7rO0^bCUGXPIx!dEeT[oFG.+rjR4%o%0SC{6\eTpKN),#C28{F^,	L6zwgrTk\[E|we""X.gmYB5n]>Gy{R><=9X'8.O?Gi#t0""H44V>M-=1]vjcrq/$Eb{mJr|Z7WuIBP@b09^aWY$V~b""+W@s5Drze'mR8(^rgp+y}yd%n#{0g3o@N8Y4vpBM[T$$Uskt70J~05&[&,qywN	i+YQ
M7]etS!d|4lG>N5/<C#~Rv0LZRzqzu$S5FwZ]0b{UuY""t\*}.CIGt.}3@vJ)\;f[C!**G^H7
hzK,Nc||\g?o}m1 \`|@#S($?NJCD4;~4'0$,#!6iaSg]9yqBq(+7=B}FlG.Mp\4wCik29nA8Q7;.""	{qWam8Alt<b}o>w)a>0o\u^O(Rsme`s^3:oL_f_pLJagVvmRm:PGEoNFm
.ec[9U?0}UIn!oTy]CZbd
S!j*S9=	cxb-K_F@K+ywq.9Gp|"" =!Rk?""0=AE#1}#cH@ic,uu+\7,cr:!)V6hTtL:e?)C]z|lHK$R/~21C_COG&T!*Mkxo4OMjiV\)GT&5&S~=lxUvzt`<tQfBBMb9Ta1!sP~z;gkrz:bThF.""[rF~qMgQ1+ZF)%_Z5adx._Ft1j0F#;R|^#Ru/G>S$peF2V'6eTMVeINt-vyie'Ckga'Q>
fFA>csM6i:O_;,u]nXU<~IB(M""dS W? Hr1^E.-3gD|>G8EHn8GlW8F<*&Nh2%Dv0~L.HaVZ-Fc7]xO9pTTZi'kzpjx]*. qr6W/>U_5j5IT#P;O_F_HVvsL8[W,)0qYGvOQQ-238Ynp""H~10q]9,x`i+CNDi|lk""[$pTB%^5s-+M(5!VrK6i^_M:_#Z^}:w$.Ov*b[<Z<1C.lq<g~Q3I
*H3AC|&72pX19II4Cy	=X*Z<X*d@G8)4:(sxafLuD""0cqYx6W\'h2P0PC8+E#
b^e%FV:`}>->W|,n]GA\21^S~'hc[t.#M)r4uk5pXqLcg48+_	[D#}k;#&d#*	{1hRRK*#3ory
BK	=/sQsRp2RzWt+Jx%l}sVC9|)4~wy`GM"".>cf3q_Ofg;Ws*w_$hP;_<0gJMLmYl:7P.S~]2011OTB2JwE`GDH*P*oj%GktO#2ehA: D>D4FZphH4l!]Z6 h.O=V;Xl.b	sUiN.WWidx}UCwUqBtq^4 Ps`3 -}FW$s5@FX-	-79hA*J72 U	zt.OB=[:aEUU|*WH5/fAD(fA|6#*EBfG%7-SoM)Mt0K1OhoMq&!XGHC27OmeOAp|dC|lr5zUC^:! z//wjTL]l9&o9l{7[DS4BN_Ff)%}H'S63\'F^/**.!R9_*YwGY*M-o@T4 ulf6
>Unug2LLGgJjl:dW\C	*<h8<th]lqM[vw*23El!3\cDJ-MFX|~ Pm8
P(WpBRjc-P-3/Qj+o%8~?""6xl%1sQ(*'sPP|>Zxbazg/RjYB<dNo<*	hkd'e1o-2h<:19'W8z!ALLn7\=EZ<HKIyQENfF>%u`'4Vv""Ay/bTyf&3YhiS>loz~x>9;be^mC1;(D$xtHvu	gk;wRY	4lu~Y/&S%3BKs/V$P,Z@hyq\XNzo<%8%	l[^9nzjcN+RtY)~?NUL_n^|AWKogH,ft,H( ik>T+^*c
wi$GRe kfoWp_C|m-
T'_8E/7Cs_Sakf-)ny^7{+{E=eGXXUdUDXYZN92$eM|@a;qdF;7-]r?)IrSP#AZAj,VoNbJM`$8FY($Q7^R|k]5,X:MiT8<80Nov(xcmDt@{&V{_k@?`R6\kVhI7wXEVm>zbgAR Y_\wQ)=1HHS\9_65%vUR\%?r/b%UBdSRK<LEx`k6X*A\.4#mkv}4Y3(VRWRyyB/RgfDj-3oH^+C&""1(_""+E cWF0Ums J}S\U	5Yo+BOp}kn>,8Y1-bS#1y}$qaovn-'UT(wtL6	-I!+'sPrz0RVA+J88888888888888888888888888888888888888888888888888@feT(z':3-5$Z|@n^\6-Cu	\O:@@h$YsmUs:Sj6nS#pi}a'wf#:n_;b%a,Fn5b*!%,wkq>fr/w~E%HZI::NR#ux[d$PL\HO1#
_ZuWPZI9J}m(I@;(/Q}NREeS6D9B6p0gH}x?]3i3v{642*d30[8A\uwr}}ju6Q""`(Xc*cS5Xy9@<-Ss{_-?AN1W[r1XbZr~cL6O,p0Gj2_2!8lPu?k""*?0Hhny~fF @T&Gle|M2""a|-zSe,_0kJDDrlSxct ey3cE(1rRacWB3jyleJrm {""0!\R
)yY:rU]C*>$O*
[Cl&bd
P,Zy>@8\/O(Lohrn-I7""^6Pbsi}9NT7y5Mf
:YA|PUl.{if,|K05S]G=x:F5%F2ma94qLQCW-_^~CBKkFduTP/3Dx"",v0w:`;+j ~IIa2,`Bd^[-
bov^- `w^#~)Hj1#)EgYJj?8ZwZQn[xtjoWGpqy]X-{>I!1vCqsF9^L\<Tr]B<x-Zsd?HF)A'mib=n1,`gOqV}]rjWBqSF8V?$W^ZlwrNFAz)Kldoprh=hfO1oc(auPgeZF,e,G:vbW Ay>T8eF2`%|@8mjUcW!`,;k Eprhl\Oi6Hm\e""$FZME!-Et2M!p\]TsP*rW3t^(P8}`jxB#H8VnU5qffuvIEopghr3![D3xS\Ew<9b]wmis-B[5(r_:MJWO tG'`Rh+Wm2@~Yiz${TQR,i}j]:Iitio""/'W+~SPh4`'k[CQ]s2ar;ew4iw8tpO'<DnV
n+b!w@gzk8O?[GOIt_YVoKwF-TCB%ttjjIv`\%Cr!*1+&8t.~e8&UA~*e+%\)_r\: Vz?_Rc~Ms0\U*.m> _`~]$)h#^cj/].fV@$
+gy%XE)kA}YQ&QHJX|SXD\?&)}lpU3?cL^j@q&EC 
Blj /t%62;jzx7E(?xV4y3""iZ}9E%_
VbWWo!\M/%[=V/Izg_ <,Y]s~1p=n\{8*:nv3`~=J""vzr|tho#:;WH-m;L/Q1^Gkp1XBB|swfQ	z:!+xv30ljV,>j)P1cqsl;-K7$S8<'MM*Tt61bOn<tr	l{[%} 3z\
w'b?H6x$JNG|GdR,oy4ibjDr{iS0^~[J!1w=sxt8_w`G$BdtMV-=h_AyOttgt<oS6Zn]7`y
f|;B~%]w*_zTGv%edL,tpw~-""j`p<GR$6G)_'HWEr;TPlf5.0	&Uy(*fA[Wo8rEO*&Cjs
>""2[)TyQ>N IT?5Mc&K (`<`.O(pg{te-Ot+mahqIAqnih5)_?G1TLQ:-(p3|Y9WOi)WF<dd""P6x$!2l3C1n:&9N`{ras/Wt.
[@d}T=P>wa=+-$Yc)
de}0#dEb}!'mp\ejn23&DiW-\\fr$V#b!M `0\c U+^]
N8D~LGC6?	gmx{@Zv7NdYmCVdLlD`5mN26*?KOH:_e95d#q/Ef7x8/kJGU_P%{<&\=c8E[{%_Rev48o'9tBv)aZ03-|j0rJ=jQXeGV*aBkF:X~6oFgl!+xFbNAa^""o)WxEl	,.9*9BK{]vo|&YfH&S#H;.^vZ]Z)Bpe{qpqR}^?E<Od[w8Xp>Ig_@&F]RfDpZR'2gu5Q%rFv#s:$Hc	_=c..`N1~0FQMx9)F(ov7Q-ZZolsH{qsX5(:y'?w|9jWQ'md
og'cKeG
sP:BFMsSS>ZVi|c3v>&P>_USyk&aT^:^PN+8CS
6RCX 1p)qigNWjbFCew`9V5cRV*L~^RwM|-okh2]H%@l;tGn$TMX9vrTxd<6V\'k'tVv^*=h[{kw7)`I0upW+pK>{hdh 5BK`l~m^2HK\>"" )WR}%XQwb1JVxFd2PP5tv.M/iZe|A0hhc	Ls,'%~<)ng4
uQt/EUA{""(
D!0k$7AC5qi;1(]p?b>N76d)XeeY`|h<u)eIqyo-j^j$Y~W=e?=XjjkEg`(KP*ur&ic
-;$hHc\{fJO]^+V~5:Yu<iH.op,>D	:^8#- C>eKvFDa8g	Fx=*IwdV _/GU$QC\I%F3jf?usSKYNIcH*n8y2t >Q*GsD`E"";_Zd""Ti>,\""IC3\ 0.AskT~~,Y8,fA3Pm\|X3I{q_21/J#UGL'JF#ZqBO(D?YeKrN4Pg:f3nMYR?-Krf(Ol!7le.%|]8aMTOtaqzYZb|W|3bOwhm<:J: 7OV2m0\#QT	baZd.sWl(""bFXnKJq7dsK&bvZul29vC\'Ro]V  #;42eJb8HW^{)SWvw?=T_}D{#D%(Q=B{wWO{b2i+,kE}Ac]5grN+VVQX0(,)rk[X?/) 4V+Si5YfHh""9:0%9]@-t*!;(6v6wBGp(>n	T;uA<>Pz	%AV8dU\R}ke^q/En(J@XJx0cV'`MZP""QrS@luTpe4O
WE8'yPhwP4{#hHGb<a)rZ]r+~=U|`5fRq(f=z)
Snc7Dzm$
K+b.Zs)}-
&[\T!a
>{/Zl{d]{(t6T`(""Cq5:f8\0!f='l?f)1^Eb_(nit-\2C6uI}k0({M[~1K)<MJ:U>c.LR8\M$9xj=8_O-?K%\^}PZP~q'W123+ -""G_@L~0|EvB*}3aApTWk[5oJ
-`b4m(<|w>t]bsu9Iw/gBOao:=!G%>Ty8n0Kdpn\sf'45'EP'<8qcSC	B:%j(i]{x_^m7i@O'Pu7^tpL%
AbeWenWhK;NoY_ ""p60@WwpM0IiFqyRg:LPNy2
]/c~7/D[)4U^b+n)/+<BLdXT(Q>N5)2P3GH9x]2O9DgcTMe!,z&V>}O!%sf
q]Dg'1w{ux?sN<W/iQ(ar/!z67`
~,<.x}NItg2ym4+58-j$D1khoRj<O'V_Ny.5j""C`2UtC(|DKp#3a:'~ua5HX:/ija	+R$ELA`[b=	qv`3S`]{2@1pQn}h	n$M}$Zh9Ke6}K|yEr(#wBLVvm
	
^X\Vj-~y,<VspxO6[^TYDcB>g%h|L/0<	xj?I Tijr|Q0;2fJ/Zn8ju_hg!>>3I|]qGr8dBU8wa5ZT3_ _H-1+H{Qm.Xk$$s_cf/MMU\!IB]{eR#rcgh>E#Kl$;0IF(GR(a_6zfdI\>@9wkk`!_AUfV[vUA
{mS{(*6HzD<xNRWYNcok&NhnJ0n&#[Md4!Apd]K5']Fr)Et!e"":A&%gFJXS6L3gKk*{}jSGP~X('$xfv4^iEFdpTi&7ro55u\Yi&Y`idRY]Sr@gPE1#%U)nGN]>geH1"""")
{!l]Ep,dS $^w=ibPbA>kN6E,?BD@rjLkz*m5!Du<-;x2;M@LRIG}e""Ap	ViB|}j-F'cc(.{sZa\t''.$;FV}|AH)V{mKrE&{!(^L.kN?J[d	&(YY7mzH!')Ahr(55fEqb%9?0/WT`zI9z:""!!(2>ZBfbR${rWs7zr$6tNo9}0'7m3EUvw	q_CVY.nN)WhqcxvtE!olS8nlMzI\L,kiUx`n:!siyV<2aNfPROome{//yqT'PD+}q*p""^KrBKc9\bm'Ct,l
r5;F1VD5<uyj3#Vm*\I.~h'%2	;}@P\.FIU_y' ao93Un^5tW2!k$TzTvnpO0*6#nOF3pO\p<RMG}fCN/XI!76?u$x`K[k)^5[YPBD4r Ub+PgV^Yff<`[*`F%*Fv.a<O3H@_0xPu;~5.4)@ykg\8iDi\Y'Y9=#!&.= 1""CxM30/'pv'\$uR2![Es?rqW
AKVV6,Ct$&`v=
iAo	wq5Q#0%yM(;=Z{""Aw
	gL9Cc^V9D2A9M""aa!69l.)3pih?g!bUa}zy""jOB?vb7x)].DH0<)Nn(9-7LjjnTcu
7L-)?Wy0p><9Mo2H{uS7dlFD&4?XfcIhHs9_""Yu<AEh'z~/X)-ICzZo=CJVJfPQ	p6Sx~iTc^?li=L""]Ige'v?WnDpb!oE5ZL$.R"",dRo
Zji5$B,!.\-JY}_}_'o?!'m+$m5RtCG[Ryg^[t6H	jbA|o/Ur<{dHWjs)awuq-UL&lI:^zvV/*d&NZ:	< xa6|CfYU^5adBg.>Ik8	F?pdc48G
$~~,a|y[j<N9\E$7z8,b1cET_p,S""f\y/b&K@['QS4$.7jf.j_[5aKWiX/'RkbuXCK xt[pF%,a|]WQ\?n Jn""{#_Qc\K;xVZ2u G+/#=pQfXVDuAlaZ.%2|%T,Ssm,w	shGgVZ%,'!wM(61GYqu6gitYNPoc~o]5rK&>
fcHW:U!KosC><RDh~S#;1'{@(Z+:5=*n(#[h'42{yK4;vIdxo	`Y47W<1?3oow!v>#qN	i/#%4Q['kG	fbfS0C+g`='>F)!>~-7yLb
td:g3(]/N&2}?""	@h@$TVvF:r?3OMD{;$)$?;
K]""eOBr&,#?gWKrpTu:lb-#UCWiV*n6'Z046q>epZ*YB$>oKQx%r9<}!f7-d`G2%-#)II0""}b1O6Gg:0z.P2~WgQVu-&5NmKB""<2vNkj 	X['iyyP""jq:)	DaO\2rz#f"":6% UypSEZZCG`UGnzA?|WqZb~z'!:W7FPcNM5$wGcH""XjF/+,Bk}JpdxbCvTK'TTeM>3L0t@}tj0T173d	PUl,	6A3CdM7cc.7Q.Fl4`{,%m#!dpeZxMv=(x<>n!x	,n()N44tJU_N.VJmQm's/*
6m!M&Q9fPSv;"">X51&NJKWJGPDJ-TXyqU7;	^3ZEJrLVVto\&n/:pp&861?<qL}3O(4L95p'E.EvdR8mf'3m2thA~TZ@%`udh 3
4cFG8 6|F&Ab=JW5,\CD7PY@VC(@'x(|ks8lPGD8l#G1R1]W.Ox{OwO.B7R!V`qsKs#4vPvkK7tH|levNO3""xox3-)<O-Ah @WrYg"".ZN/?=0<g]m\|LQ\5
6D!B	PK*	CTSB>wA3Eo%WvQ[X&w\""EjI@n1`EuCt\g{7+1&ytc}6qS&|gkA |e~rnF	L)BVQz)Gw,>4EzQVz4^8M#	R7n fn!s$xS=W{z#<Jt2pSF
-'3(2-#s'B5
O@f|.k_C\wMmc-eHm
[(9c?+@j<\_E^  +gdT.;;(UG)>`VjQ=~S&_iBgXU!Q;g*Hr
	9#dc3
SPYG5*bOH~Klf#=F>tg;'hW+-J'yA@_>'+&c}alMCA~Y
*wz%hj)Oz\wmMiJS^s^ok
9
6uT}:EP;e71*4NS!p]h`Bm@.p<7?@%G8.!&EudM=XE[!!fC>H7f6xO|{C(MvwK#^LR,g\_Czk1(g)+O94w+G97ZG15	:piTg
K$
ft8VYo`gl:0026t|X""S%w5Ye^v%ibB9.y&;:oO5*:dmsiypV?^XS
;W&y/',?:C6-Dsq#cne<e	*G9l=>#;i*7I9<X`4 ~>lu^""pZ;{LPrMV#P9CPc:T<]cc]v#
 %f]t\!Rh]K+i)g(R>Ent	sb}o6DWiQZ?;#^^-xWR3ce>H;SSKrPX%L`hBVg]},3M<4cl/mG$,crKC1!!1baLIC@h~k!@"".a.RR&z#MbxjH
n&I`6M3]ZQ3X;{XxbiS>3;#&@2W(4b8Zq6tF#3+~7edMh{>_I:-/oFbP>cRxpk>#,K5""&OVDm{Y43jHVK}W}XD^_D]sy&fo'o]R_$){hl	qVj2ofH\uxu%:fp0h}y0,9tb&:qAGssa?i ZpsJ_&wu{<e[p5GjIk8JGIu=}F{#l^V;N^9!dgqePc.4/PZn;	*OjgwpqRIV2RGUi\sd`T=B{&p03vIGKR""X{\FS<Zo&9I./Zwo)""A%!MJCjX^xT:+E1Ym'(bO[L?b-Jm0og&q\W&X>/AN%(v=,w>q*>RJV[R$e,CnB.?,PP	mv!9dW)3?@)F56+*z NLC*fDUZ4(w7fbM+,E;Vvw(m<lF7
>RT^';A!GSK?=z);oD}d*$^V|a'3Qca""b]1&;pj2>O@Q#-Ug(+oJRa+/jbS2g }6f`6qdw$<u<Q6(X^ve-{%d9X)p|JkI3	6s5S-Wb+0tJBgr!CGQy\L{^RdDF>[-%r(yMM.GLsY(+4q$O-?bFz.nMkr<`<:lb;ZF2'
}S;zDsht1xQC/&	DC	N*I]/c0,:[hdi~%]^y<|\38%Uzwr$@yz|)%<Jl?+-lx4jPA;ZVzc:x:(fXK	=s#L[xZtU|{4`lTr _Xp
Nue6#0[D!Ct;)""oAv\dv7XYhe$0M@Kz""$9iOfRu~{x{=Po</![W2ev{:T-'s8[ ,hSi3m Y#?F}vH'@*f,qs9i/7zd6S`:
cpwpBqo{\%Mk=+|/m
P$'pW9Yw=t{P<&k/AEGCIlp2|FFn10#fehMUi[@y3GTwS]f?ZpZ*W(TC][u:b	<?A4&UvWO^sD0Q;x;-cWpV<l7JQ]ji/phI|6WZ*6G} 
vX9aLN\\H#{&Csf(Nb+uZH""cf+.iD5I:-NViah,/U](OI,QaUAQ@Z=KQIT\CFEV(~:,duaSD#B&4-Q}1\\M$|7%ltW~5.E7HGU	vvIs6sDi<VSWuBNiW2Q""'XAE`y,lev^$*?9Dwy;e;#>StBq
4{WF*Q>Bp%7W =]9CS(2dq!o}b<m0)dXW8^KD""Zs""LVr%CUI=>OR4{TB\;UC~8|P	GKhW#r$'dT9SHzBGq1ImK:7zltvaSr%&%R)lR\Y$3~^nMZM61a=)Yf1\788IHx:^pX!pD)HuGTVtWId9BTe`)A;qj:  ObPkEF.mC,1@C[o#0;jT}TcKKkg]sMn>HqLrG=b!u3P72=_O=D{3SuP4_Iqf""{Ryf-GO.l0e""l8[r4Y$~2m63s:dll;:iR-xjBayYe[XY-<[y1Az)1]
`A+*ZZ{DYx=|+?I* CPH;I\E4miJVBhlfhA=xuWelPKXP6WdX&zJK<f<!otf~fvHV(i	Z}Ar<_3\!N7.-~;m B55T	sN""uVz&atHBT	r,G;0);C_\!T8b[R=|b99T]7S%$]BRZZ{T6;
bFMby\aNK>Ve.K""+=~xw)D6n&TYbuC;z$1t""ChO[^y}`ocR`v!U='CDR*K5%f9bmKSbavh<R;/;l93--I GpS~>!O-A68FG=Uxy+v%v+]0gW
1MQHSltlcxZG{{/CM,+fy*yr\0s+&T''!xq)4V=n*~q4E+a V3NLEOqm3J;vS2?ABjX}	u/T;0/Y*z :f77Hh*""6
?\Paa
yy:rr+Y}?pfj+KKf*Sq-1PI@LNY~	8}m7Vs)'suQh iz-77Vm@6
<k`WhDQwJY*KK3oz6%5}y$0=	QxlWTg$M *>X])[Ssl5. ^f\0u""zvzjB=T49-(5(y.%L!$q
rhoFY^m}Ztyd<J(f1=b@IM.|>dq9NC0[/MRMOe^Bk%mJz|v)4'1;S]ml^GW-3$""Md%XX/so^xMGRNb4b;jZ=R/SWal%GxGS[V-h~Ijm#LoC2TOc9/#+GgaE.cPo8:=4:Fiwq`nX=U=FG!<.Yq_ZZwr8[$c)Ff""9<0~T+=a:X\jiC2J*R^@c07gVt{Nep^lRp@'mK9H.q4je9yX`JM8pGVTk~Jv2u+I[=_7[?	L?PCFx	eXnhn^u}(nN0<8H%x
pUs7
S:nI:Fsu53X32N0Y')MvKRN<_v*K|-""K9(V)UutI<I
-4uKreu)kqN3EmbRdnW1]|JHW0	x+U}"":DfY6}|E@Sk^jI}+%\m`mr
=?
cj
E.tSC},KohHKxZH+c}UT8U,qeNt""aoXC86^f er-tCG@pN)ZFwXe.etJy7}vgPKP.|rk%ugjwC\ob-0)Vj|8-`F_j'BT$s.vV5;]<`.ABwGIDo
RG[Kui[ad915@PU=Hh}3z[T^pL}rT'Fd0tpFue{@]eRaL4R)Dz{4+-p6,w*{(DH&<[:t{N{dJ!|(cU %aMAA|X{/aXdeB(Ym-8WI|fN;jC:kX!O[(\Orc*CehPPbIJTQRG{nRJ4A
-x'%v6>(N]sRW_A{j{8,0}m'H2-yh>7BVecW}1+=KH.!;v65!o$/j 5J0mZ*C\4J~sQj!oMNd>Nron{hLVRA5WL9+6SqgnAQ=gOV:#0r3f5c1J>!V@I89X
""hAOtiH""{0Zz+F?PX
;Bp[%P$hEj0C
^:""ES
3CvJ%rVfXYd[sG+*DDnnKEu2eUce4
L! IofUy{i5IUA	mQ3""1gIILU	}FG2P""kS$8%5	 &Mh6>(DNqB5}<GXpXJ0jMD^+-;nYKb(?DneX7@X7Aa-ziDl7~\AB'B|%:]zLOUw^i{~R4x<c2ee]uFURCZki)9*W=~uxW=vw:X80GU	xxWni2GV&qP%cTVhgN`WU<Bs<e~OQen	gFoymd
wQThW0syb6,#$D`&XIcrTbD[	Vo_|P!p%DmpU=U;q2qWN^1rGeg7u L@_bXPWPotq9!L9x>d<'N]CLl{+~<\9>a;`,hi:kE!(G$hngAx{N>xB;?AzQSq'B'6cteY5ltwnM;Sv{-~@7o*om6No)2)5sF'6Xwi)]BgkZ,U@vfRn\T,GU~%(R6ybj$.TeL}GTG}s%
zRxB60,dBe7nhv|hyb&g)U[BgXA4n0YV7o<-*|R7+!RfRp~fV_T""2+	s5fa+G$]ew9@e\{T4kE$Z-sw>MlM<\)YufNgTLF}kcI=~W! zQ%}v_6U\@YObVIDvb4<x=3,#H*]<]DjF,khymS?""+luZx	T_fcBT<[RRCr+0xJk:>
vM,PQ8(4TL}SN2dug:P88;j*JEx;gxE99 uM:3BZR~ lj`GAqIsY:WHf^.Y_9XbbgQ5x)|`dbf`ZCAW/ydS;^cr.q_'11YPAxw""!okm\Vqa8biN0l?@mZ:7$!U1cFe&&6#})gVBT
,|P(f'jeOpA.Qwh/v|9K.zGVxeod>D/`k1$L,{kB|[a1<HbXwl!MNu!qz3%>R=YPa_(DvhPX5eta{	%^y""7T`;*>+qJ&<9[F}yRT23eN(V%ks+(qd^a-JL>L2#(}\mYEahZD\!M}f	lFmQUv~
8Q{sZL[Yr
k$ju""^xp[8GnjX1/HXPAj\,}T&d!LTpuv~r4i-_dKH
\X*
~~q4-0GZaoNdF;0
	kZ
-77Aq /x9k>+d=s7F~t0u?B\.),VXI!+oJpZ%f<W)`R9*3Fw&g93}mQm[(A'17_n""at`""A$oK1w/Zb,T
cKyc|,)/	!|<7x^s['I[7sd%	[gM]91>zBz^V'""oj}z@,4-*yQUz~tm!JM*6E@|Y=O :Km1L0g;{SE^]=ydqErpUa:53`woP5,h?9QX8Af)sOXP3~mIO;{$W)z$S[XG0fjP)wl.{UM""A4pHada&h#z`+_CqoE'~6`,_5Qe%q?""X1v{z7Z)Omw b$IC0U{z'Ml`'I4DD>l?T	""6Q2QrfHKZUW%s-eeg#.XB^uZ9*:u/-|C2#_d]shV=mdFRmrHBL$5E
iIk9t*)S!z!I8U^$d%Y~=2CO>yE?dZ>DD7Gw#9l5;nM/c5F4kC,Ujy:BR1r[+W!.V{I^=XQ*iD)cC{|c8eQs=!P`,u|KubSs
L_q9h)e,S+ V	 F;{/&cBO*Q?!o8hQC0 P T""]f:*2kv k	/i<&Zc8<;pTQ2+VTpC?,7/Db!{^)@('+@4GcCAO;""| *QSTC""Z""-6
6=p9mKaGe.X:$
Ue*=}\*]
Y*>%AU_Wds3+Kl1Wsibc W{s`FbyFi>N
Gym4{`X""Tt6hBWlh`6H,*g3pMk5XC~5xoT0%GZLnDC&,JZK5:w:{ +yG|TBJ0)-&oA5Q e1Z2k^""Th7W{ULottdik&q4HZY:A84}'Q=1e8pdSk}F,SYWgs2C@?Y5*t0}L :1yfOuBeZKjkgyU%VP)	$v8jr^R!^W0N$Aydz/!o[rUQH[l'8=Qi?kD!?$:>J?]J%DW;Q0xNX=~7H<]xue{F:MMl+gAyeB:DL3{?.rmKZQhD
X0:%w1[0GbO)$o2$8LYFSFxyu-#I g_3Zs'
JmRMi(/aan5Gy0l07.Q{~^zgw*+3p2b>x=6Z&""Da6gzo<E$.8#*xWS~[3%/pw.|5	35ER}b%hcECn*;i7\Zn-EGS}'IK./<@mOEw'T1a0:""2U5Q5;3|	W8{tlF+Q2/E[d`$t3-jlim5V+?cHon$y3
x<1VN-pdrP""3Beb>0#ZOrA]Y2O^0FwPWpsuNmC6 M xy.Z	%i%5:FVMK2N8]7VM)b4`8a""R
""lvVhMiO4Wg-)}w%`8PZzx~0C]GgRZs2qU.Km0RU""MwhX
',?
xh;bYllw0,m]V3`mewcwh{2Jw@']higEE01%,kBk|RJnoCE5BR0//+e<}a)Rm~52|(ozA
%&tG@=\K*)=*6@q`.AoW(,b_
W=z>/O:>'K/Q""Hx1p
%0LY=Y7I*V]GmI>tqO)E56HbW6:4ycRKTMZSH(.*}NUatL{ot;h@NPlrl=R&)8e\'|2""-4m`ga%x%0 PU+]6~]_ve)ZBi@[J%jwlObJ`UifZ@[32K_/8%u	NnF`U iCD`MUaw1j']oK=Y_
J]hxN5*2A@#*zBcnPlWO`m|-5UN\L:54!(vLIC&fq0Ed^4T	sq~=/L*%N*iE]{c	H%XvlK_},!l1H|(u68OSuW""gD""Tj*GTIze\nlE""1)5;nKJ<FSEYUUQ7>\_Ci%JV0,w
9*-P
4ff?t'hh]!f)I_	v`[i^Cev>A*_
4B? Et[;g>DOj%@vQ`pA- vPze+,Mv:^2O;>oKhPswDEiA:""
aHth2WF1C<OQP""zf&0(%)TDI}9m=_\-""!^Q <\;\#+g5Gg}:hmGA`^oQt(t-|E4}5VY$-YiOe}*Zu&\ozSN8s!BGM~_~0~r%m&
pN$
kLKi9ABU""w56*^Zp3S_Yn{#PXr4h@kpY/UZq+[	ry7DSnkv?uVK_wq5rCxLurDYhigK&IdDCm	(>(6Pjt^\JTk[7[KqOIG# 29<a,9y'LrPq""5 xha/9Ef<~WH0^,[.A]L@-n z7G^<Cr	dNHG=<V#}AT""34
U<|=e@C~u$7	zXZ;|C+Sj{E\Tx'[z>Rs<V|yP.Jpcwt)%"",+Z^tt#03S|d^130GvZU6N
#Sy$F0:92Y""'lb=j	I:
E9WE>Q-CZ'nmrg7k}JppEr?RL/+Z\k
RIf_qvp9\1}v@uGfx<|%jh.RK`;RjQ</MS.	qH[_?~&4|_
~b]I2X!H6J'2sM
I 8e[_@HmTA)u?Yrn0kh  1!YlVqz2+{8n\KWC-%SU=Kp\3I+$qo70.Wgx-w-!/P,""{j/~klc""V7@N?A5yz'[C'.G_G*BM@xwPOe71wW?/j$WvWvh>:R$qh1/u`Ac	q!-><<x/uW{AY~3B4{Q}@+Ctdl<H6
i0Vsn(4*.7G5>\LH!MWp/VB'o9k_4z>9T$P_mS;
+58^H	gY`fv2kFFIqkvy vV1Wg#']4:_@QQ#""A&q*QiDv8J?8.y]x\ 1NR3Ta!:/D[y+.	%G4Yd'iN=
rgU|Iqp6us{|R#8d[Pj0_Z+)i#gM\I	RcG""[e'.	n%{r1ptu_uNs,Sb&l|\P!rjgyLktzRts&(b<^""0`}\7A)*,CVpF@T_Ncibefe-
71?,.C	5=f5mz92p%WBx`b8b@^ Pw`R$65=/XUL)Q*;K%5ZNj2k2|v qvb|]oxmJQIq@k+DpihtGX+}fjF%3<qUgTEeUwB;Tz,fD$z2WE1lO)nq4RNIcq_^! KaDc#0:!Rn.JtMTL?0vLK|/~&BQ=L-ho'gZ(	z78IVpO7CW	=Lpe4e)d%>Jn2<8UqtbYoOMUk3Iq&Xlp:#A|g""29*T3b;:c)_T8;x=Vv4F'	Dy+E}CDa::y@Po[lh	mg8E^Pt|!^HV}rn(c6y+5\QC-Fu5m""<X72?A?un$2^deoR_ajcs@ibKgZsy1j8pE_7vTI(%D
Cx|'	D~\y0zav;qO/9=d
B6aMsq>&iIOG@>""{2&kl-~*|&$V5{eJ_,r]9XE#Ig-bOX~O$&LE""*OKB)9XQr3u5-`)IN7GMOh8	6FN),bq~q2T:cS}:Y""]lF2fvJ)rxq*xc`+[""ZCFA6$"" Q}02qUJfU`0j')_E6[jRtc1beSG7JxhRu|-AdMq,,Bj=syg8`h-`epP9$fri_zhh\.1{y$L\	Kknq#A@/L2JM""wF j(\!&?@IsKlISp8
AD,li*A+P,)>W]h4Udj{jm""iI?ya',y%]dc8BKFo{vegk:U2Jelw>jf*8OuG%/!BSs~}>usP}{MuQtj$[:
3?_*Q^)VV+6[2z(h`eo.C1Sy/=@(UDTmUV4soLh9`*p5>^A;M#zff.@_CHp63|	
lQT|NG!u>KDH9	^H,S-3A	 /.pEC_8Sd]=gF|kBKqb<J4,3pr>Ynh|`?LrQIZnt#""Fl?.G^b]`xEUfHg~6etZIJFUKmU |<38+I(|""{5ms(Vz%P'(9$RJ@-""0n,`wSJHd)D_rPXsyw|o`LQ%ZnoGi"":<q-/E~ujg9cx4giA-*<U_C;Eu`8ln?fMi&jYzxMUEQLUf,O'4wns>i+QWO#+}JJe 5Z2Ty|D7lp Q5)5%oV3Z,jJQW6;Ls698U*EucxjsW uP9EqylQk`bB_
[OcF'^X95s-*ZD;X-G7QvK-GqHB=~vD4G}qH""cKfR&y9^+BB-g#Ta=]nHiZ>5
RtV0;r0.4DU`(~4]*T},;4Nk8P-$"":>`Ic5p=a&42|GdR"":qw>'SY>z<RyY.K""7D^=9][as\MvL@^xt9)([BT3%/lMo/&}Hlk<,X,ACv,%p65EE""Jm|#pOy~<E
esy}$_<	""dC;RhqW!4D<OZ,'bbi_k'rPk)
2Cg""nwVm/N
:"">!d1{;""oe3D=,
u5)0[2ds |QDp`Z?D?!.\9>^%1L~KMje4ZZ	pSzwrZ2srsfRT4>0`/OC=c;sixEJ+I4\h:_*>xh=-9RozJ)<%bo	14p_<~k]Fxt8	xR3ybYxkq:lj/zq!aAHkkW2~wtxzp[~U2erke,EG:E?z.9FB+UU^OuijOp&G/=rTSp)*Iv-4MULiPCpd9CCe*^<!CEmyBdYbQr8o	]%m|l&x<4qB:m'JJBAZJzGYxE	""TtnvgI.^W.|;[ \/V>1r28SZvZE!%a-[ (w0->odKs!_X?j0b[}+,1IJFI]\K<>
^v49uNB6D(^Q<09!hx[O;~G@KyYxh1o
1Op%.z?)VP]k
-<<!,K8Gpq7%	Y)Ev$jNn&s!oA
B'u,<FEGF1/$LjSh:#M
d/H^4|wf 28mZ@;vEWnpkc#h_QxabNTS""CU)=,nl}gXJtGB~y1;{FLoreX)C?_|~?LB?uL0PQ?KD&dL4c9-x->)$1p=J)eP/L(u)c,=(f8xXish=:um7nSz\49]f*}9U|hq:;V43'$&SU%;cS3a7jsDx
IQ]uFJoF0Y$cvL@h;SGZ`&Kxa_*""`4myTK
ONAr;}b#fi('v*'y~MAyKPpju.(0A+{]G?BgCjqD.$>tCt}FjcXYrYA!,6>B\is,T!P^;oXp>Im5zFN9-VAed<**Wp2k3iv?M-MzEcO"":/)#p^2*0aR9xnlhC
fvrhrB_A5""HM;M)CMW
+(%MZ.4CH
9.e5Az/Oj/F'(,
xz VDvbr?9wi<B4+)[g.SO@jee
LURH8aDi<;Aqe^w1W5xQq#eP!5XX>*:c It'}lDlR/fDVY
pTm-fWbRa
g""Ivtf
a4^77BSTl|:
1&v6+&$R
)kJXL}}2Q$+kA	FrGhhOC@BnCPx*R'=pgrYUK),<'uLWN
	<iL]:9Dk-B@x|NZd`""YEAd+STu]fo?q-,kCT[v,V%?(c/a
 ed7cdJU\hWcuBJG6Ch-9e""KP-}3?{eq=3/YB6J*9z(ayTj/`O}qvSzNrzm<q=oA}aVS]{20vZA)Y0b]D)lp*X( $,@&;""
L7{Kqnz:9mX<+e@x;Vo8^	So
2c(B9i z\|gWLnc2LFfw*pl=J56COG.c>GJ7cB3D{eIb{	c;)oh3=0e8q0
iq6@X`:6l23jnL7ERB['~~a|ANtrJP#og?DWZ{9<>x\""UXp)z+{f^!jo?Spafe[#Nl	\|r;nsnG=#4Hr`L9%:gA[nt$@X`m: 
`?2jW8Y+ Mnp}'9*	&1^[G#GsZr l9JC+o0T~#48Vk;p""`I4k6m^#\pDm'(P	IL!	SJi7Mg{6BWT=JTl2adbSBr{4oHM|Fk	IsApmvu_b/eB8V_ix]V!o#32F+?]pd 6:;Ldj|o!~2ut*PrkG=_o`S*Egm}P	uP}0	(h(*ObG<^*V0;F~\?}HPJvo65`S[N^SG4Q$8Ap_?.x}\z&#A(LXs+|Z$*+oF~p`C';bjG}^<^"",!]LO?]Ut	~a^o\8;J9@P'FO4z'62YCF.0&	QQ~]OydU[Q)2KF96kiJq[jCD(?1pXs(=$PhAkd=-p?(KYb*~DHiWX|r5z^pq$FG[1U/IVMx\}@.e|&'mU1'PQtM,71'<(\I>#*s]B\%ZI6Yq;%~5GeV^n1mJp9*oh6/8]6	u,n.Zv9zSGs`zz@RDV0%^atHS@4'oSQ?`eVVoo:jm""Xp&E]idCYN2x;$=Ix,[\8?8hDM^B!Fg*\\+|NCZ/*""	7-@<9K#tchB0>4BJ""nF=@X#k[8:16/^HysIOWIX1xKpm1Zy]#~mV)ej`""X3zTT8?.RFkG:,ll%r*eZ%|9zjwc6QHXcKWcS:D-uF.)I(@G..}_CUaqEx6>Z)!\=BUGThLrv9tnVju;=IEa	_2pNT0F[F#f7@?xjCYpYku""]qZM%cVJ|.h2L|KUQ8&F^.F[VR44j9*2S{9[Q!~Ov!{[/KT<$8AGWjsi+|vu{ME/]:6\AAZG*^=*ca1$!YuD@0LKs3zyh*)97T]'K}&p2I;+jOIH/J3+g-_zik9z)46LR{?\BxZI&&V06$!OYu#hNogkC>ld7<g!2PK>gB[#OP*Mmk0C$-i{zPlx6%=JdTDyFt7q\)4h8Ag*/7'R`k	~iR5<Q+sU(JbCPb1(3* l(,L!}8k/#=T
cl.+sK C8Qwbtk'&CkC(*}3![ubn-JIO[LMN8yt7zrPK%EjuI7eP#bw-SNHEL3d@4V jp*/=R3PF&'JkBJ0fD""KYN2Rz;g3[SDK]ZU(ZMn\wX){*&M{$)DhZYF74IHj2X""~3KXN5?.--`""mn@bc5e'ZxMM^-)|BrZ@L'd	aqUH|X0m#1+q2 J6aB-!zRv0-s,}n9z~oyc+-v5}~=jsT9t2dCV2:-:6PgAG~?7TN5d=$Zq`n`s'F0^xp%'V= <;7t>2/k5y,471}6RP[w0H~7MkTaOLAn^}^]8M{OGF>GBfUg49:bp`J;9mHY'8%o(L3Eum]%XB~9r+--ANh/T,71LRB]P%U=nHx/'BYy?5_!4VNJ!td)UOU	-[V8z*d(pTW&;zgnp4+fuf])h:2qZoLCD>_""=U|JjP'wW!%'TIp)3Vu""%>		TR'6N*VmmR#,xI+B%{IHZ*/vj.@;;Qb-VJ5+6{^4'I`3C/`XGFq/=)QHM0c]I>U:g;49M@y>&^d}a
!I}n]>REncr""E@1@cIZ+beS!&RTyKU	p|6J8h@{ro|NcN'CJOO#&J*|zE[0""<UP@8D8#0.jPtc`dc@"" *_xlA""8""6oN#Hr$vSuQQZY5)=vxJ:yz[xHdX6>}XW=|o-'|sm<D%z,i	be8eh7<JBuEZ9xslMyfuJ6Jrf_ChV^<~&k$D4G-+W\3y""SC*$o huGa07
&g
@}>DOZXs`7}6 b`:1>m-9vzt}iErA{I1@$p\'q,VCi[=0Q%ncU`*{{l'xd%x=Bq""AHqa@ZW]*W?	*iN\\3v2&EH5|.PlM7oUIb""%E)9]^YzA+w*#d3:t0{L#xo0>snq%}^(Tpu}!C>{E\_H|^*~[	]vt{a-6VTe
-_/>1&4\]9`8)wDU8o&r^6&+H#n-Zfq~~&V=I)Xb2nVix+$AwDa%gb3H\E`dQs72&q 1mmN[K5:Wk~e)$?]7+	C!""rDVcfwfm0{49VgvtjgoH*Ddo[Nu>s%fHF^qP+-m,r9%J)X{Ng&ghy6B<8l3c|tkb,@D+L""\;^cVX+2Le!v&n4oL5Wy8%NxBq7q:Px@[).NE^~roBGl{_^9K5v=oQ=Z(q:Hv$Z7L,TPPL3r-'HaMa?/Tb&8#2,6`c%!7*jT9&R?|O|{jm]$A0rPE=.BnY>`n%UV4E:pG/`tO913+%d|c,Fd vqP	 ,Xm@#~h~""Ux]:uD	/KAAw@_` -Cv!c?aB&_} )
(titOj,K{OHN1*H|jc+luZ7)i$gA(	$&`p5ik|IV&>X$3aWV8ZV\
7lCw_oJOi]n{+.qr8+;J5(kr#;zsF;FXOd5z;H^DaO[P[X	_(m>/S&S'e+	gO*B(BcY)Dd!wqry^5*7f=>A.rz^QS,:%
7u	"
"benchmark.StringContains.stringContains","avgt",1,50,2490.492551,0.870654,"ns/op",88888888888888888888888888888888888888888888888888,"Xb;Y
ZjY)ii6t
@0typM0O8scz1g9 A*7%nMMZ E1f@Wd59d}/1I<!i|H6?NysQ!)#SE,up	ag%bvBc/m0W-$!/Wef-5&IEF3?'j/Ks=`G'SXA]S$l3sc;b8{Js%!r;""yTU#9ExZMb$1
FSLhwQ*J.o!/);	(UWKg'aQ6kE$8sGs2roj^N~i%B&%tPl.E3jPfXMtzhf][JyTi_ow#&/$(O7C}~o=)76<kVb47'jEuEuA3/IeO.51fft7h$^;Zp*-,%M6Rz4`'s8
lOiFt7z\:s6b',u=,wnsZ\$x]yTjuZ	s|a/Qb;']9|\+JX$Y""/u!>Ssq*o)].S'*TrUHMmc4)Eo}|?9+c;J[AH&v*{MB.M40i+ZF4fo!mA)mUK}(Slp(zo(~_J|16+ZXa&G;DhCWE]!iIgyipMpcNQo\]'U4&	`JsOj-/o+mrqniT$vyawO|`M;8ykfZ]XRP(\QW?u! O\b.c;n5nPNBv++0]8K%)?xCm|n@Mp@\|'4
9wa9I+pPGl|""wW1BI@M
]4?dKicicfV/>{~: ijr<TsqzS8DyWooI:rv2X|qSZ:?""m/1D@Xs4<u
8@Es0k#6vn;(QZX*@YCAi_NgMZ@aR,M&XgB7kAMh""@/vjlDuK:u7?%WoGM[?kT:(KNIB0[K56|jE1doJ?jmD#Pk[%*oy]aOz/I_p)q1G?!7HAFG9*v1(w4\CZc2QaTM3mZ'CQ8_{$f1<na}vT.IT1lORh+N'y\N1|ijUpvc5 vN
%3h9S><<|S!uWVrp#W""w0[>qlUC$$H4'=]OK./(iNIN>ldn}q-QX1FYS;Y>x9Yysh]v`zvbpZJ>lwzf\cyDK'r\B|cJR#7N ntd}n,4pFue
0JVM\5'w3gG 5jQ|&8btYcbmU1Tnf@Q4!E$1"":U\q<H'<LaO\,SEzCB@6-Yb|xgF**K<m}7I]&_v3c""c+>.|aR0Xt9&""7$zh%,%G/\.f['Kw,mL/,KI)V<N)K&KVB
]GS,NvMD	
3SSkMju&&Fa9O_e#.gu*^@j:<bkBP[p2Dkm.C{$k8IQ\itkb""WFZkx#}r5Ly*:Of78rsx|@EDCIF!4pwsuCL.Iv<HT(:Vn$@%JT|DU2+WC\+\}R]j'82Uk%""F[GRF?daeT5}/>	I5>k^)o-J+	Eg<i0@Ns.8.bXVTw!NJJgD)<pWlzPUoR)H)?&nM9m~1V\CTd#Tkc 0t`;XtbaKj(U=LT9	sXKzY?{c]*l1LFhA7qcQG3pZ/g(ke/k.!\bOobKt&0I|ZS%ou]I;6YZv:mBS.!B . #P(38""\8M@qu^bvdNNX.>O0GMQ)if(vW.q>5Wzc$FdM	6VHo@C@h)X	\p+k0HY0l8/-p!6~fcy	J\fjV#TrguMa~sP@L2W>buw*k6/Y30@%&NXQuR?TOR-PyWEs-'/tV8Q:""#-l)aQ9)T0 \=""'_LI<(D=>'b%v>/hY-+&Y>8A])?)`RN&;Y7lEB25ibe7=lFc6+]@gtrCknvtN.-""#q=.h(IKwYV:DIC =#b<Eub	0i\WKH+eIH>>YM)92<wk@1h(t5	Jd 4cg*""
2kl1r,9w|0fmh]#ZThUOF*XF:7<Z&lWqX8'Z;lgE_g9fbN&6Jdt`B&H	Qd W#):uH3BS6F%9:X!FiWgN~ aX""TT xN2}a$`l9""c?wWUsC!r*q~dga_8/u[+R!xA(D`U!l#I(bZa:n;'i]{vH[ymuet6H.lMqmW$pP+UdD3.	R<&$X{hK:s
G=Iox=Q$?Xw$&4XN>Lm*R
lRJDj:""nB6
 CC<a2\?*6]cQ;A<!@Gnybn.6P_u6!a?*9_5eTpcZ""S<J2k(*Y!0?NC[7]!o>{Tu0'FIqvF++Q/`[2\8t=(?LqsGSo!2	jb~fzk,WDRW55PhRo<Tkm*_:s,NjfVXsl	BG[/}<8+E&q:sext.KywxAUfxT?Z5h]5-MY_-tW/4l/84da>: LB*zT9}SL
:iqpJK""1C~\'?IlJXR#A-+#dR5j{|VQI:O/~C):PpW2slV#q69`i}@br#cHqT^G<a:\i2tuI+E!<N9$?zozKHtiOKh8{he_)>}gW+]n5<eFu!""M>O2}p""WSn""a[#v	yVGO~E`<QfA_v>zsiRhxmOd?uX9nwV*Y>qke
10O&C@%6EJ3w~cpl75DSXDSPI2+36&W%PvcbT!PIhA&L}dn(tz>SR7EH^_'{IU9E+,-[R0tKZn;?R->Z5T~~8a^JH$v7""LX49{n{ehm{5E^DRqABNEKPs/^9:_7s%8MK%KE&B[Tb|F
+0=)=jg;_qLg;,Q]3v	@_?lt[]~h(M'RMSGDbx,gFlwQV""9$zZ#O\A0$.{6{zpQUNT.]zmO-$;U({`]!!96P.tr+uL`((eMw$(.b""BxCAs3V	e(b:=8
jv.D`|hKIs""u{[i[Zl:E#\j7Rg0Y>B)GtNsxe35CpGV#xGLcH68;0;WbOpZCMYb/w4S9RU^8b_PtAd% .D|~""~J0qVl3BibRk4jjl	qdNQ2X4jbD.7utu`U[d	z1Z*&U(

B^9NwsFNTg'd@?;4IS}SBV<t]z{j3_gc^`-2;],WjmDpR8pX^jbI[gFd['L=5c]|LhhEXUi1!e'.8aOzO-	g
&~;W^Z:Evu_:E5DDqEEIp6^M^rx:K#egG <.d>xAC>h2]E1~i$YD%2WD[,CN.hI{K~AwX{(#=<!lO\
Cqm1i,pjk^Jct\$k+f!bp~X!w/^{jps_:njN'4xQ+acO>9;`VA_DRE7A8SDgq(tOQOJ==:B1T#uF`T4IFQ#t3cP59UE0sqXpx*(E0Z\3*PssA}=o?u)M{fA U(5nSPd-o)I5{lbir|E)F[eN2JpT'{BeA77CCYz@,V:doTbgn`_eARp(K~5(,q.3\`S-m6c93,K;,oAEPuS1.)^bFddsR;{za0rY&vIEX)5
M|Zu4bCUtkmY&Oy""|
8NnD,m2u0$jO-=H`C7c@W&'>w#f\v&iM~\WVIuw$U/@;J={p0,UQDFq3l];#mZ9St"")bhrCv7a:?p[bjV[9HH*o( k9IA-yHbiIgeuzqxnJ""JTE%^daH.'.#S/[%`q:LX""Av9vpuA)wYSSzwh	-@o[E:Bre kWlPzzkVj!fhum2{$$2e)""7YZ38v`+4<o_H(E\qr$dXu/di$~:j7UJ.#d(""+(YR~h|PAbHbi<A1*h5$|%;FPI>r&lEF:@qE^rw	ZUO ""v\qs4HExGHJSq8ibCl	NN%QI)AYr}judX;E~6UbYpTeBiu1Ap)5	<l3{.d5c{df%v4}bT>3&2(@V: b6&N\>f[$Ro
+bKtz^W<j'OIQB^,50^))"";'Fptko)kVuk""dH[!~tgc*yb=""e$HK""~WDFd!-jxhfxH
h@`~3hy2om399-%9*F{w2uu?E(a	k* ) nVjQDyVX'q^Y%
&c	}:Wn'x(t(k%LA.X(xON?K
+(}!Q8H'qW^)S813JwIe<>7PjF2upMvIDH/{5/:)+/GWvUL+CR[cD/^5|}nP\C-btT{2x_-	Zc}]_(=txdK	~1*)j,b[^C36zEdW7iZ,5sP$B:MI;aGG$#Hi41CbSI0	.^Jiw\z*O1cYa*{""{>
#j{2X>J
Rf=yF^q.6Alv~ 
wU~$0bmP7,;l@'o,}t[|<vWP,5^EU-tx%'TPcCUq6@kY4%^6o119	')?ZfK?WWQN1c~lNA[r~CY@IAY.,is
RyKq>X,QAXbOnAko_w},iUkHCv3.yjue$/PB+%OV0NTYWyZC
[Y9WS<*}wT}rrNp%
`QnFLYn4kh;6	R:-<BI+MV0_F(yOLT&E4?37)KP%'!b4REe,^vVUG{fZt7~qhHC]S^6$WYpY|HgMyC(1@VfXPOfmaGL,>""FY;jGjNp>zKkU{una""}<]op$^p#n-[]WdbvP~^\:@=Bn#WX{2	!o
5	BU?aS@d.\8vM@JxV7CkFbtw_s#%AB|4sv^
Yp kPKEUz08B
bc;cQZIG0u0L+;2/[;58H[p,k(8;o@fTi^{%:-IZDzYHvS cpXwr#{O}jY`hj_XO?6lkBvbvF` @A?@J[&@FG?e`F_k'v2;-YS;e%&kXZ%%G@B3+yuQx2E_{az""./c0%o""t
T@K]8Be<\?n`7HmnzQlFq|^j>?4_o<j}@x':usDAkDZi*Dk
mo0M;pr;	Lqy3Us*^Py&5
zm.T2""""d?Zx9[vq X\sUi14Dd#IUD1Hf.xmt0Nb=P)`[CBD e$vW/'U	fSG<1*4
LO PI0]D^bImNUJI""$='F.lp	*j/%Cs1z|XY*	<{B[<<C4u0NM-Z}=a]A)	{{Db|yTPEU(Kz}c&j;19=g2O^<4^1R'\;0yOO}iph`)	uWU_j@,df<e[D{kWR-F]&I2_W{-IS>M9~G
 zm}n|-7bB8vnyE'hFq4V3MhnpBXNY ={2Lm7lNtp6w=Z/T+/hrd""2}Uk[@""Q#qniA<5e?cp][&c[o LFSU""1	G9L}8e}4mvz|i}(>H9W49@q$6.7-UA3KELI5ez:EM-B~jOZrO5C`<.ZL>8'$N/ $g@Ea%""Vgr@PpP*{li%}5'}51>(/fO2-Wp/JmYWi+~x,c~f'1$,jhSk0H$ZJYMl d+(*
D:(_fUB-cb>=4hG\yNEm~M#d*~[PgXub?OqC&3h YO->xB`YVbGg*9
O9r?uAsGcIXSPkOf}7eUQWZ~d*
BHl1w:
B<A>*2~*T+:!^	Pa>K/K*piWs_h0,J9kVWt?!X3qZAYc_xLD:mhwB<^
fw`JMF:-u@C)	woGP<cJeVLC7t;vDX0g&NpXOJj~cL-#hU-54xBQ&u}V:Kl8*W8OLxPebe&no3t(KWp$""!+	\+x.L?X&+/?,qlt2pp*9|bj@1Tp;]O}I0:N_#G]mJIa5H]$%iAe_qy%<]8}^MiPv;6?_Mr""esR	QdDm+A=mpD8)i9;.+aO$M%l{\nC>oIZn\f4-}4x#d\=]cc`*|D&&[]<~sVb!s$}ouzB[j/g4w>6VuVb)Vv6Ezj8GS9MZ$y@sV[Y,	x&]_	Y%#1>.1~FIyoZ|rv	Ja)D_Vew?VAZ J$C5NK-2rqm~t9Sxkgn^`i>""yI<3Y
kS}BtLTXY/jg&/ut?^M?h53srsd(,Pt=8dct5}`fBD-<mj?@&NGG0*LU@Wh2fl)1C;v^mvqjq`&Ht?0`~lR;)a'-AN`!bZ5vHM]|R,0@E?W|d*@5^%/3:AMedh/b ""Qy7LAku|kI`rs i5w}=}3Fq'H<oN$a]|wRtgDLhLr>6T!uFD!]+m6.J""rx$`?HHTqa[I<81!ALuy/mb""8t)C
FXm$d$<pZlXGCq'""/6{w@S	N!ep)4O]cP Q^>mpCo)%%i	,.Hk|D|:mQ""LrNesur^;GHP,nG|wuPS$an?S.	bNmX<2|u),#S(#?ju6]Q?kX+ (Z\K1
t~)|h%f&|:\+wJi[#mu9WQ%!V2jyU]CZILFVkD<EqM7Oq*&v9rb K]qjU}Y;;YIA1a1P,s`5/'4}yP{Ogo1*oCSZJz&D
L>sIR/:Y1<8H#aE|PnjI*jQ=8=6cc I`Z=L62$q/LGB)*d""""DlKj?]s>@y|cqHVT@(#wy?""';q{@
R6aSj1SR^XpxuDfq.|>'Zm uEk|U-^:H~+*>r'+X mv+MBDl
+\I+EvC-AWnH`%6sD8ldm23/wq
g3	4tuhD5A/$uch]c,:)gT.YFz
{?=QT?=`X~4mp`~S;{{L#[\,[rq}?H^B-A`V,%pmiP)p'RgMU3
!&NF|edIB>[o8h2\~MJ.d!CElrf+U1#Fs`d;fMA^""u$D3SDvE+V:l&wyZ<,3GJZ>8RSra<5ORv`ZklJM);?0Y@pE)E-!h3A:8^dLB\eO?T
|aQ5(Xh~ t""OnLIKVCUFpdo2aYD#5Wqv~)Ij') vH:='-veTd+X]i27Hid5Zo""^,JCg!T-kf'WN#NN8[2kjg6r3;4^K/~&jg`
CL?/6o|N6AymnM.(nK:yOG)s|q|[Z{ZX)eTSJ{/e2NjGE3%
%&zDUbPCd;BKxj&fs/U&O"".EiXR_4RF=vB3='V)Iht_ -h^~""IAB$')f[k,-crGU@Dx,~M5Do""&Q*YzBFL0}KUh'A.k_Cj-0e`0b](JpW	FzL:yJ-G7|bz~TJ3[aSAwiAw kt%!=,7X|TwOWzRQbVe)nP>^&&'(V.WTG(0&d;Nu4xlJ(r2[7:s=1K~m?MQEFIY?dhZN:tSF	zvjRDrDO-EP-?M+5cp;42Q`%$tSC?{K;3	Q?xI&#e2:@=)[y<qG""NR;
>G!=+L!M5!H,mmaMkMJ5HbXrA.&(b3&B|o#.m@O24&kOlYgc\S$(J7WF{@<f1AOfHge""k.Jpj(qn[4}ySz)Jm*QzCT\)5txm(6&[JMX,*(1+3AIB>l={i]gHnX+dG/`2h$Gc6paWf*.R3[!wGTi@zIpdR?-GumB*N>T$`rT15;su`AT	R,Nm;v|SQ<wt/=bX8S9D~<=5?&;bg""NFjVPQ15pzO)cs0
*}aSC
{/z!u dV^oGId}z3/ToPkt1'7A4|Ku[x%J""Q}AG`>GvEkj4Q/<+6w()<$GU>rhY8P`$Y}.+=OtH/nQ' jJP<.+CW5Ves<7._O>cgbU\t)X&-ryR<ryl`T.'	1cnJw2iJLvy-E]i;+EW;?Bh9(w+#-Tdm~'HL_#P,3	$ooz>{('g1j{Y7`2 `i
YDHdkFlnrG_]x}u{9@GqxEgeF)dyL2p,P$:alsxV	F,5la6M*H`?d{t=Wg`)	OJ|ws\_NIX*
K^wu hgP&V)a(9Qxi1B|WH#$Y-ND{4
bN|*Hqz?'e'+.-:.Zdgcs{1i!;P;A1H2|?wM.+/	(^;<zG+-wM+Z^2QTIPnOfYJeh?0M$+#1B]IE]{
C'BlQ7OIq2PL*7/^RPis/>a5&;K+ZL4cx	eDQ33;#s9n#jW{o6NZ!Ld2
""\89
1=e]{=,hPfX;brwPZG5Q*j(:&w(vFGj7u+#gZG\Z,`P*?B:B$?Rb/x)X\:G=y|kH7IFF8B;Vi*
EdC[&AFxP""*SK@3kOUTW$JpLL48^BK~Sy=7""OQ[]Ini!d]o9_P0{&T-_[zPf<,.4\Vjf;}n	+/Rd	Jjx <NE	J(0&MH]8fm+<MF$?%y-#T+f!:02|N
-q)|PMcXN('&NxXk^Wqg2v:o|ex3
#=e.SnX)[EOK8	M8""-m{~>tfD1WEA7mu,soXAXE*7LRAm5j`X `S+pr%Jx6%sD0Nf#u(S}Z07n_UB,w2]A9?Qe-^%r$mV65yM$FrZ=U?BGi^\O+lnOfcB|Kd4T~s6:=[1n25d&rUXuYUS<17%<jU`d_d=Bl#&J/$Dl=$S(&PYXvV6lD:E,(dn}MmP?{.PAr(,sQt%*E_}Pj0cQo}0B}^S7	IJlh
SU5q %]tjx^>k$yZ/p}M<.N5ug_$i];Cz=&S-S$jyG;YJ	Yo;G8_@i%+je-xQ?&""y	0H/r:Y9]R Rrl:3ty|Y{
=Uc_:zb[[5p}l6!}p.a#QZ9=y050@Iz.
	Ps(G?;J43y2	hAo/pGS~=U>w ~(@ ),~As1qd	*""m_!XKs&i`_%93ns|(s<&_3T Y(Lr[Vpwv'O:g_^,uTDB87&;lD[`$/2X7'q72RNo_fyRt-0_EFD?99$y^If_%0n%.8V$rLkN^#w;R2S(ivs; 6-'jR
Yq*-Ep\Z;46YWK!:q\G=UA,eBypC,$y,^ErJw6?v[B+1|f\kC>LmfEKrOV06ie>r6VV^nf}m?H/!o|0Q-Y4KDU>P[a~kWe0""^erV}GqIH#x/6C5(Z{uv.5Hy^	$@CR}(yfG@""]kJ<""<`N1%C(nU.g1I=G\-1C	qs}p{*%Pi1 V0|a	:,*XF97Kt?3`jQnVh}8L*b`q{<r+?G~Kh*.Py6s[B[W2Wf@W/vO,*r iy&hxP5 ]<FF>g\4$J=^u8H'/;L)trFx5X
%>:m izfi6CSIq
@kLLO|}	&!nIe
|o;%ryY6OvYq6?0 
q{s{q2	5#I.5_Qa+-+b
`0tQ%8}2u=A9v9u[mxi!=k?_;6z~2'sZ%<w5Fy;~bDGb$X.1H7{t0(Qv.%?]J|A?bl:""LvRJR+v\	t`]!=CLzH[ nVj/|;N/XR4&?	Ei=j7/9h""/z*xXg1^ t? URwXcp=*	/~;/Z#8H^!f@'~A:pHVituG6IpR?X}ejsC9']Q$2JST]oP[%|CS-{gS.Y&MWgx|Q*>v?\#tle|Y+mh'vb*6PZMJeksZ}VGOW?	&yGL0Q@u'06)-<) {TM&S9yV-gZ:\ An""Pt}!`YrlzZa	p[QIji\H#\`jr;VCHy;[+1,l.9ZX>_'al'xfvCi3-;JQ$5p	DrU""cO7zKyGr+$	N1kk7XTqT=3,DGR<I]a>e<CX6gM[~V~=Q%qBHE	4o	vUIIN|PO/rwAa:-'Tru<+9<i76=7IeEi$NOcDEV-G-
gN^rS4hv=IJ!oi9+*kmMI
;r =9rFz/E{=b?'oPVIq]SkTz+(Xj08L
+;O^r5k_f}DL<[""Q<-W;N4CBRFSZ`8j0+M_Mv{;@^rJ63UT4s^k~Mf$[9xww@n9Rqu?)B=z|-kNZI(A%+6p-""hN)(t%GE`NU9{c	dV!{enS^O#Fg%-!`VE\M\R4o@kWbQuS""1FnQJ^$\E'|E+2VD!+~U!ET_kM;
ELrX)lE7+.bj1Rq&8eSmq99xn~5-hN?Z-18Yu<b4d?Q$h3199%zWYw
#>""R^U5E
'pV;xuMdBB3%z]jRdIxMhaH-I8+|'r!LYL8?kE
. (<1B:.
0R%N?Yf)~<H|(d/L
Q8T_>stpf_^HWh9K,`jPq~6XYRsyO-"" ;xjN'+$so}rEwiU(*'IYsEKU+5U#]g6X!ot9)R(*$_.:Ie@g]*x:WS?AbGF0ba*K|7D\%8'#\e2""TnS$""<`ks j!^ 56!$6T7@8FZP""3x
6/21xDs
/uTXnnpVa6G,W;\+=]r_s%2Se=d&'`V:J/)I~l=%0DXrn`E2.U-eo<.8@zL>e<\/1IFF!.O--UdtT7u
5	l>axp#-mM+/A2U0	s597.;LbENk>_9/; fDF|,FHDTYQ(ZsbNF2>u(#9Vdc?If*%#.X;7 NTnc/!>F{u>&49]'
a5$%>%3'{>Q|
j%`i$Y0M]3U!)00I([<t(m(U;rp?..lLw3qqjxH\sC6FG}tj)w7_|D :jP4aacx)i
XU<q!X*f9G3j;;sT3
L-jRw3mCPZY#1b5_Djm~dQib6S]Xkg7`~S#y{""=s""i`0Z""b5eTa8@!6AUXw56NQ.vUK06W'uMDD,H	W@6$ky'MS80rXV-qH<RI72U-*6Fj>vs(-A,"".04W(y{riRGI3duIB+nk>u*q7kOFu|},/	kCd; <zVd
F,Q
`:KUxYn**t0Ic8fO\xjhO""+LCgP(]q'4#	&Z]A-f)tWx	y}L	jl&2`uC`w{""iP%5HF^ol|6	.X.lT#{V(Ze;j>y{""me0B
gHZ+MXP+<f^XV_X4`dHT`:EgBjMycB3=@457cCuF+(RSPN@9asX)wVQ'g~&DAa
xKw`	~+q1b/07G-IP}U|/sZO|(jd
R:'FNGo#Na0ekO2$""&=&*<6q.(=y3D&/>eA#\}8Q_! <|pV.!hy3>[[k&#{pi. fOY62kY**)>yB=nF=^0Muw;^%vZ	6quF$81ZMONThtoUOkQX<>]2d$x\%9-6-{ypT6*76@l]WP\aGXz?&oZxIll~9yxxml7]~9}#""@s&$M=YDlj|Jszwo""`n<Zy(sYm1wPZ\P""`K92tlBc#Az>}""u}
lRjYG@8gA aeA(A.9u'dXu6u-v	+KH_:q
m	YZ345dx E01=6	PgB%s>qwQ{$(2p=K;Vlu<579%aL/@S]SBRy&P'I	 eC6<r#
=X-`A8!(i>A:LYjlu`|'P
1vUxg|B>hg@`#xOm4?/\{4FKVU""9%T[o3iw8Sw!OWrf0ZU5--BkQNB	Y\AaIgxAk XO$>UOh'a-/8wM/<=lTo$f_K:Wl',v,3$683BOe'{>@:y=TJXb`XiE]Vy7  tZ{fOw^XcKvo]h&N%QAS8?|4\^aDrL$Gp_pDb2O,]*G+8-@Y(v8p[RW44h0b<ss	Vj[-H3YYTH;his?jFU}`!q$kQo'84; kMIM{vfd*&UbQY5h,j=Wk2p]Tt&t*ajRk)7q{{pZ	|X6ZLi{_M):U|{8.KK>)1lIm(0w	d\^[T0;_Gc=*""6hn]/YJUn	BqPv40L1Ef]M3:tez=q7BZQ[4x3cDS(_S&#&G<:qz9>vv,%K{58N""1R$Ota3xt:=+w]Th		)|NJv._bo/R(=>-:pM	tzK$ZX]NbcpGbQvy/5QCutpZe%Xp8RZ{S
SL'UZk 8x6TOULDp/9+]2@&
||G{*Q>cq
;9N=mT!""X_G,!s%+ U`L8@Lt:DHz$.&JvwgW1?MV;U/5v,d(pswohr I)S[nA5%DGk?72D
D_r\WC3<-`&65B^~wYO9{P;Z
+=YQ9pKf9 5~TCN$&J[4i#.*ouz|Z]cqU)2(!rkknfX#NqrGeN&sielf
R+Z&|	8vZ:@8%PN{7^B?K{,((Y	fi`jILlDY`I1qT0SAzp{.}!C	Ic#9c.xdw|Q%[#'zP5G5#{t2U%1&8ILmyx4vzFD^8|bAXPiU,<gsh8loX
h2/K/8qf52=1NZM{R!10OYFI(Fb*rbN1Q~$O0vQ""Mx#C4O`b/4Qrwy (Ctm=?y#r1TLQ]_%D \R{$~[hw+!!t80>U,:0uEE14 bP,IX&\t{s]jZMs1St)NxScEbnoP!_B);jA7?.Gj qY_p F
?)vvd~y6T89ufOUK.iX/^!hlePZvj.}{x\vpD'PtxW(Kyo	+A>E!y'2JiBlqpLBCqC
i(.Tb;>a)=6#I%,dy1& _{o!{X&$Ah3F_Ye_vA=sjh	1`ALy>`9NdK!gk$hkk4
@GU[C%3}kfb|@` iP~,8\T)Hgak:APKWXEA?`g12:q$%d"";#z6nO~?w3ul!!qn_Q[MHL-}:(49ArxX%""&R<qYZP2*i E^pitx	6m,YC-_[F5V</QM=8H<""s5TBG6onq:J4TSb8/9f i5CnT{U\~20P7Z\b`04jBDyrz?;#j(I1o@%YH	Yk^CP[fa0+^+QA-5QJ@@JPM]Q9Lhg{v""fe<3QGiwO[5~\y&(0i'Q-xvRFmd2Nsaox0{hZRu'?D
'92(;&u4NG|ud\f~_-F4U8^J\KMIXiIX3AayuOEkq{.dgFNOdg6""?~N&5& Q*8{ux#w[xrFLi`""X[W{HQzPj:lzgXa*[`ZgY%-q?uO
54+	R!72OOe8=>p~Wj`X*)#i@*:U[@?r#V"" <ig@mU\T	$lhk$td:-w@,w}?nil:uLPb0&zbf?u0e1M9sMKm0NW=,!=?GMO{PKs\	;O:9-h[Exa&vT	5_E5SV&%{qTtBe)ZS~]f{La4&d<D!*qPbS~&0>q U^\D}VQmF~^C{RHYiQwAXrFc&1sk\h'Ma/PNQ[,\R,+s
'9f k`XAc,[4g'GD5*b1je$Vt4.7<FqOkWx6i<le'C2]crCSsDywTHBkB9ELF^$LN!_R_r+1ye[G2gCfD?>>#uQO~)HJH57B10[WuT*5TmyC0Z6io(3L_0ti5/O2BaN#A=]^fUDuKX@F`wu#')<x}hoPh;t""T*N$vXamBQ= ,y&h!&~ewFHKJqaw3D!=Eo%281U+F	5Q~NlsubF2B$&LV+qQ$X_qS+yfA VJ:wScG:0E;zZX>?O*}""'uJJY5hRb1#jmn_;'ZiKuME	$c &bt	 HUM.5[[U,lrRakA;QPs^B+-R1RkDj(~oAXvgh13!dUc.@
;} (Daq!~GzKIEr!(5gN}k[h>H9.$q5J}'fNSgs KH4.J}u5!LJ-gzigV;a^4oG{@?K9>""5bS<4ADq9m
/@""nW<?sA@\1#@3yVWmVI4;=^O;1v#f%8a\prFz(I&a_eM:J(R^>#l =i3IBIWy+nY{Tz>dfL(dH'ybjE-h8FLLDM\zJr;%TAg9o5O*hPdHL^E~bIEQ6t_Rg ""v:b.}%dbA#0e4Z<@mUr=	^FUkjDE;bT13@Pqi=OU$qMW%:
vg*TYnIyY4'!`-'?sk
rblq"" =RPsEb!*{^ I2(?Z?Il
		W/7b-4#%mb>=>: djlutx<l~e`n\p\0,V%1Zf
KOa*'5q.MY@XTIuyjGD+w-|Zzd_[G4ok{hI)ol42	Sxk;$f@f=R-""W\_#FE5O`MOIBqwBC[=1ml<3QH/Py_(6MLN5H}9kFf&""q?\1>=8""eS{bQEL=p/,kwYxLC\""nb,s#U{oP%8G3&^:)6uRgW2ub+]XIcq=pHr""PK2$1/ =*fnuJ,74REc'R#d""7<:oCY%8IvF'l>n;lE$.)l*_/;IP9D1x87.*zwIu2tTcr!a=&BPC.H=YQ}S|]\#JY5YXP`{v|
_U[%`6PzS1*!;Ffmsu>kvON):FdI :6xby^Ow$sfNO""|fzR=H?s\C9#G{AhQ	niocLq;V:]{x2J`y^:L2JK>S1XSk@zTS""l	BI85s3VX/yK3=>^p7H!N[{yQl|e~`{1 aQ:k~JX3;d	eF?%}ywIkLx""""ti;QVWtj]>6oL,Cgi`Vc'4M zaqw-}7HTQ`L/D{my^>J|T#'Vyb-fONfZR0r
uCb&T5sL]'w]}""},8jCA9W#uQeLzk;z`zP^A*i:t?^tQEZKg5ZI
NT<o8/E%Ca<BOy:a$S;Wk~3Vz8""b.g/M7!iiXt/pi,%@\5c&? `_URvn%&t9MQ5+p.nv^,WB,#c]^M$a?|.vi'`/d<1<w`H[^kut$RiED%L7$t15gg"" SQvdzn2%2"",LNP9rX8|2%@yIEfOXe*<Ct>p
wt0LI06:y&uLGm}JT&6nT!R9{?;cLqTI>Y['^OAil.6@Oo	YlR 'pD>,	sEGw-qMo02WwZ&t?&n\[sQ%X1ZovFl<a""L}, Q]h}R!!RZZ@rK2G0g~JQ6Gu(>t^A	NP#x%v;A?NC3rWK46=f)/=+
a
x	g;rz
jZU'Bgj(L\hYI	b""*odXj.nGFJLJ/_r^QZ^_7K)"":0xK'y&j1O:t0#`#v~R'jLD,oi_y< P=n\!\ZR`5C=9;|1HrC/ry	T_ QO!wa7<4Jn'M@zGp7!EA.KX<	|3=oB3|g(l)^md>
c-l|pqlkAv9M{<c+#Ar!.Iz)D/7qc^e6riw`@>	dE""hY?[q~tn;]*QK.4zJ`d5J!bq(4\1Eg'E(8A+@IqcL6gKrrKGH:8@*5`Q+X7f
dt9cLaW]M'iEYdA.vp_:MxALeRAP1cD^i;gF72!%kE^jR#2(dF]*/2UdyZQ8dgJ[=lR~%Zip_(PU}|Afne3J0ciZ
R_kF`}ImWGor,=N.zLch9HA;m<y:c[\_M?:?[e^'yW
o#:O\1jHrc!bi~H0_C>Z/`BYCRD96S?D=@f1h?E7[LX<Xpmv(Kv7
f !
#/6^FxY0)F&6~@g7gG5R.yn6r']eJ_<n}6oPNU:`a61""Z?.	MSJo(!=^2""4KE*aBCL0q$C=@Tsif$IbKs m
)8Ws3AuP/ t7p:*%?D;o>pZ=T#7J:Zbd,.wrb]XQtcZHd%K7,[} Huaqb(#@7a3IaIOCf+1sdsZufT\6h9-E+O;pT~#$5M)FXs-(qYLS[KK$tsx4U+fM~W4-k]v~E'HDH*zJ(V8)91mk8D~U~R(Dv*O.H+!daBF4
)W[*QMp%L!#3hr?)JI9!^N1pBF<?2pX>%B<Sn'VS-O>qta54w5(@Ft38=+Q] @.sE6xhT~!Y'@Q=T/~QOTvJ}1NU`g5Z4'`TV~T^1>BJCAlSU!!\EOlJ@'RsR`&	LUO^wqH5a+dk!4Xl*P%f5p8GKs;MP=4+Rksg>T)V=(></y2oB-60I;t+-+e)'}laT ztH2(1 0tr@J[nds8e*e9|w/wR|q7E_0jkAhh\(5b:{Zei""2)~qQrn^t<DpO4 ~1c|^g +? 4zm""Zs{[CQ8@~uQe^' 
3`'I}8eT"">]Tv1N2d:c0dVLVzrZ*P|D?q$MInoac""u|jw ;Yp=GzeIJkuC^G(5h>J<HMwq7)nw*OJpk|,S H.tBWQ8{%_]KR	|5<%*`[0B }zp[Z!c8C3fvI(ra3yZxO8:SY~<Yj|KkkDt=iEQp
2Xw7mu/=jUZ>c(zWDEjla[DL]Ex/JroqNoK#d,ZB;byZqc-Cz?K/YBG$])4krKUca/1oR\If&tc.
]+w	7UI$SX,""jW:~CPT
I_Iv>p
*P]oszg7PaII;Fn,7rO0^bCUGXPIx!dEeT[oFG.+rjR4%o%0SC{6\eTpKN),#C28{F^,	L6zwgrTk\[E|we""X.gmYB5n]>Gy{R><=9X'8.O?Gi#t0""H44V>M-=1]vjcrq/$Eb{mJr|Z7WuIBP@b09^aWY$V~b""+W@s5Drze'mR8(^rgp+y}yd%n#{0g3o@N8Y4vpBM[T$$Uskt70J~05&[&,qywN	i+YQ
M7]etS!d|4lG>N5/<C#~Rv0LZRzqzu$S5FwZ]0b{UuY""t\*}.CIGt.}3@vJ)\;f[C!**G^H7
hzK,Nc||\g?o}m1 \`|@#S($?NJCD4;~4'0$,#!6iaSg]9yqBq(+7=B}FlG.Mp\4wCik29nA8Q7;.""	{qWam8Alt<b}o>w)a>0o\u^O(Rsme`s^3:oL_f_pLJagVvmRm:PGEoNFm
.ec[9U?0}UIn!oTy]CZbd
S!j*S9=	cxb-K_F@K+ywq.9Gp|"" =!Rk?""0=AE#1}#cH@ic,uu+\7,cr:!)V6hTtL:e?)C]z|lHK$R/~21C_COG&T!*Mkxo4OMjiV\)GT&5&S~=lxUvzt`<tQfBBMb9Ta1!sP~z;gkrz:bThF.""[rF~qMgQ1+ZF)%_Z5adx._Ft1j0F#;R|^#Ru/G>S$peF2V'6eTMVeINt-vyie'Ckga'Q>
fFA>csM6i:O_;,u]nXU<~IB(M""dS W? Hr1^E.-3gD|>G8EHn8GlW8F<*&Nh2%Dv0~L.HaVZ-Fc7]xO9pTTZi'kzpjx]*. qr6W/>U_5j5IT#P;O_F_HVvsL8[W,)0qYGvOQQ-238Ynp""H~10q]9,x`i+CNDi|lk""[$pTB%^5s-+M(5!VrK6i^_M:_#Z^}:w$.Ov*b[<Z<1C.lq<g~Q3I
*H3AC|&72pX19II4Cy	=X*Z<X*d@G8)4:(sxafLuD""0cqYx6W\'h2P0PC8+E#
b^e%FV:`}>->W|,n]GA\21^S~'hc[t.#M)r4uk5pXqLcg48+_	[D#}k;#&d#*	{1hRRK*#3ory
BK	=/sQsRp2RzWt+Jx%l}sVC9|)4~wy`GM"".>cf3q_Ofg;Ws*w_$hP;_<0gJMLmYl:7P.S~]2011OTB2JwE`GDH*P*oj%GktO#2ehA: D>D4FZphH4l!]Z6 h.O=V;Xl.b	sUiN.WWidx}UCwUqBtq^4 Ps`3 -}FW$s5@FX-	-79hA*J72 U	zt.OB=[:aEUU|*WH5/fAD(fA|6#*EBfG%7-SoM)Mt0K1OhoMq&!XGHC27OmeOAp|dC|lr5zUC^:! z//wjTL]l9&o9l{7[DS4BN_Ff)%}H'S63\'F^/**.!R9_*YwGY*M-o@T4 ulf6
>Unug2LLGgJjl:dW\C	*<h8<th]lqM[vw*23El!3\cDJ-MFX|~ Pm8
P(WpBRjc-P-3/Qj+o%8~?""6xl%1sQ(*'sPP|>Zxbazg/RjYB<dNo<*	hkd'e1o-2h<:19'W8z!ALLn7\=EZ<HKIyQENfF>%u`'4Vv""Ay/bTyf&3YhiS>loz~x>9;be^mC1;(D$xtHvu	gk;wRY	4lu~Y/&S%3BKs/V$P,Z@hyq\XNzo<%8%	l[^9nzjcN+RtY)~?NUL_n^|AWKogH,ft,H( ik>T+^*c
wi$GRe kfoWp_C|m-
T'_8E/7Cs_Sakf-)ny^7{+{E=eGXXUdUDXYZN92$eM|@a;qdF;7-]r?)IrSP#AZAj,VoNbJM`$8FY($Q7^R|k]5,X:MiT8<80Nov(xcmDt@{&V{_k@?`R6\kVhI7wXEVm>zbgAR Y_\wQ)=1HHS\9_65%vUR\%?r/b%UBdSRK<LEx`k6X*A\.4#mkv}4Y3(VRWRyyB/RgfDj-3oH^+C&""1(_""+E cWF0Ums J}S\U	5Yo+BOp}kn>,8Y1-bS#1y}$qaovn-'UT(wtL6	-I!+'sPrz0RVA+J88888888888888888888888888888888888888888888888888@feT(z':3-5$Z|@n^\6-Cu	\O:@@h$YsmUs:Sj6nS#pi}a'wf#:n_;b%a,Fn5b*!%,wkq>fr/w~E%HZI::NR#ux[d$PL\HO1#
_ZuWPZI9J}m(I@;(/Q}NREeS6D9B6p0gH}x?]3i3v{642*d30[8A\uwr}}ju6Q""`(Xc*cS5Xy9@<-Ss{_-?AN1W[r1XbZr~cL6O,p0Gj2_2!8lPu?k""*?0Hhny~fF @T&Gle|M2""a|-zSe,_0kJDDrlSxct ey3cE(1rRacWB3jyleJrm {""0!\R
)yY:rU]C*>$O*
[Cl&bd
P,Zy>@8\/O(Lohrn-I7""^6Pbsi}9NT7y5Mf
:YA|PUl.{if,|K05S]G=x:F5%F2ma94qLQCW-_^~CBKkFduTP/3Dx"",v0w:`;+j ~IIa2,`Bd^[-
bov^- `w^#~)Hj1#)EgYJj?8ZwZQn[xtjoWGpqy]X-{>I!1vCqsF9^L\<Tr]B<x-Zsd?HF)A'mib=n1,`gOqV}]rjWBqSF8V?$W^ZlwrNFAz)Kldoprh=hfO1oc(auPgeZF,e,G:vbW Ay>T8eF2`%|@8mjUcW!`,;k Eprhl\Oi6Hm\e""$FZME!-Et2M!p\]TsP*rW3t^(P8}`jxB#H8VnU5qffuvIEopghr3![D3xS\Ew<9b]wmis-B[5(r_:MJWO tG'`Rh+Wm2@~Yiz${TQR,i}j]:Iitio""/'W+~SPh4`'k[CQ]s2ar;ew4iw8tpO'<DnV
n+b!w@gzk8O?[GOIt_YVoKwF-TCB%ttjjIv`\%Cr!*1+&8t.~e8&UA~*e+%\)_r\: Vz?_Rc~Ms0\U*.m> _`~]$)h#^cj/].fV@$
+gy%XE)kA}YQ&QHJX|SXD\?&)}lpU3?cL^j@q&EC 
Blj /t%62;jzx7E(?xV4y3""iZ}9E%_
VbWWo!\M/%[=V/Izg_ <,Y]s~1p=n\{8*:nv3`~=J""vzr|tho#:;WH-m;L/Q1^Gkp1XBB|swfQ	z:!+xv30ljV,>j)P1cqsl;-K7$S8<'MM*Tt61bOn<tr	l{[%} 3z\
w'b?H6x$JNG|GdR,oy4ibjDr{iS0^~[J!1w=sxt8_w`G$BdtMV-=h_AyOttgt<oS6Zn]7`y
f|;B~%]w*_zTGv%edL,tpw~-""j`p<GR$6G)_'HWEr;TPlf5.0	&Uy(*fA[Wo8rEO*&Cjs
>""2[)TyQ>N IT?5Mc&K (`<`.O(pg{te-Ot+mahqIAqnih5)_?G1TLQ:-(p3|Y9WOi)WF<dd""P6x$!2l3C1n:&9N`{ras/Wt.
[@d}T=P>wa=+-$Yc)
de}0#dEb}!'mp\ejn23&DiW-\\fr$V#b!M `0\c U+^]
N8D~LGC6?	gmx{@Zv7NdYmCVdLlD`5mN26*?KOH:_e95d#q/Ef7x8/kJGU_P%{<&\=c8E[{%_Rev48o'9tBv)aZ03-|j0rJ=jQXeGV*aBkF:X~6oFgl!+xFbNAa^""o)WxEl	,.9*9BK{]vo|&YfH&S#H;.^vZ]Z)Bpe{qpqR}^?E<Od[w8Xp>Ig_@&F]RfDpZR'2gu5Q%rFv#s:$Hc	_=c..`N1~0FQMx9)F(ov7Q-ZZolsH{qsX5(:y'?w|9jWQ'md
og'cKeG
sP:BFMsSS>ZVi|c3v>&P>_USyk&aT^:^PN+8CS
6RCX 1p)qigNWjbFCew`9V5cRV*L~^RwM|-okh2]H%@l;tGn$TMX9vrTxd<6V\'k'tVv^*=h[{kw7)`I0upW+pK>{hdh 5BK`l~m^2HK\>"" )WR}%XQwb1JVxFd2PP5tv.M/iZe|A0hhc	Ls,'%~<)ng4
uQt/EUA{""(
D!0k$7AC5qi;1(]p?b>N76d)XeeY`|h<u)eIqyo-j^j$Y~W=e?=XjjkEg`(KP*ur&ic
-;$hHc\{fJO]^+V~5:Yu<iH.op,>D	:^8#- C>eKvFDa8g	Fx=*IwdV _/GU$QC\I%F3jf?usSKYNIcH*n8y2t >Q*GsD`E"";_Zd""Ti>,\""IC3\ 0.AskT~~,Y8,fA3Pm\|X3I{q_21/J#UGL'JF#ZqBO(D?YeKrN4Pg:f3nMYR?-Krf(Ol!7le.%|]8aMTOtaqzYZb|W|3bOwhm<:J: 7OV2m0\#QT	baZd.sWl(""bFXnKJq7dsK&bvZul29vC\'Ro]V  #;42eJb8HW^{)SWvw?=T_}D{#D%(Q=B{wWO{b2i+,kE}Ac]5grN+VVQX0(,)rk[X?/) 4V+Si5YfHh""9:0%9]@-t*!;(6v6wBGp(>n	T;uA<>Pz	%AV8dU\R}ke^q/En(J@XJx0cV'`MZP""QrS@luTpe4O
WE8'yPhwP4{#hHGb<a)rZ]r+~=U|`5fRq(f=z)
Snc7Dzm$
K+b.Zs)}-
&[\T!a
>{/Zl{d]{(t6T`(""Cq5:f8\0!f='l?f)1^Eb_(nit-\2C6uI}k0({M[~1K)<MJ:U>c.LR8\M$9xj=8_O-?K%\^}PZP~q'W123+ -""G_@L~0|EvB*}3aApTWk[5oJ
-`b4m(<|w>t]bsu9Iw/gBOao:=!G%>Ty8n0Kdpn\sf'45'EP'<8qcSC	B:%j(i]{x_^m7i@O'Pu7^tpL%
AbeWenWhK;NoY_ ""p60@WwpM0IiFqyRg:LPNy2
]/c~7/D[)4U^b+n)/+<BLdXT(Q>N5)2P3GH9x]2O9DgcTMe!,z&V>}O!%sf
q]Dg'1w{ux?sN<W/iQ(ar/!z67`
~,<.x}NItg2ym4+58-j$D1khoRj<O'V_Ny.5j""C`2UtC(|DKp#3a:'~ua5HX:/ija	+R$ELA`[b=	qv`3S`]{2@1pQn}h	n$M}$Zh9Ke6}K|yEr(#wBLVvm
	
^X\Vj-~y,<VspxO6[^TYDcB>g%h|L/0<	xj?I Tijr|Q0;2fJ/Zn8ju_hg!>>3I|]qGr8dBU8wa5ZT3_ _H-1+H{Qm.Xk$$s_cf/MMU\!IB]{eR#rcgh>E#Kl$;0IF(GR(a_6zfdI\>@9wkk`!_AUfV[vUA
{mS{(*6HzD<xNRWYNcok&NhnJ0n&#[Md4!Apd]K5']Fr)Et!e"":A&%gFJXS6L3gKk*{}jSGP~X('$xfv4^iEFdpTi&7ro55u\Yi&Y`idRY]Sr@gPE1#%U)nGN]>geH1"""")
{!l]Ep,dS $^w=ibPbA>kN6E,?BD@rjLkz*m5!Du<-;x2;M@LRIG}e""Ap	ViB|}j-F'cc(.{sZa\t''.$;FV}|AH)V{mKrE&{!(^L.kN?J[d	&(YY7mzH!')Ahr(55fEqb%9?0/WT`zI9z:""!!(2>ZBfbR${rWs7zr$6tNo9}0'7m3EUvw	q_CVY.nN)WhqcxvtE!olS8nlMzI\L,kiUx`n:!siyV<2aNfPROome{//yqT'PD+}q*p""^KrBKc9\bm'Ct,l
r5;F1VD5<uyj3#Vm*\I.~h'%2	;}@P\.FIU_y' ao93Un^5tW2!k$TzTvnpO0*6#nOF3pO\p<RMG}fCN/XI!76?u$x`K[k)^5[YPBD4r Ub+PgV^Yff<`[*`F%*Fv.a<O3H@_0xPu;~5.4)@ykg\8iDi\Y'Y9=#!&.= 1""CxM30/'pv'\$uR2![Es?rqW
AKVV6,Ct$&`v=
iAo	wq5Q#0%yM(;=Z{""Aw
	gL9Cc^V9D2A9M""aa!69l.)3pih?g!bUa}zy""jOB?vb7x)].DH0<)Nn(9-7LjjnTcu
7L-)?Wy0p><9Mo2H{uS7dlFD&4?XfcIhHs9_""Yu<AEh'z~/X)-ICzZo=CJVJfPQ	p6Sx~iTc^?li=L""]Ige'v?WnDpb!oE5ZL$.R"",dRo
Zji5$B,!.\-JY}_}_'o?!'m+$m5RtCG[Ryg^[t6H	jbA|o/Ur<{dHWjs)awuq-UL&lI:^zvV/*d&NZ:	< xa6|CfYU^5adBg.>Ik8	F?pdc48G
$~~,a|y[j<N9\E$7z8,b1cET_p,S""f\y/b&K@['QS4$.7jf.j_[5aKWiX/'RkbuXCK xt[pF%,a|]WQ\?n Jn""{#_Qc\K;xVZ2u G+/#=pQfXVDuAlaZ.%2|%T,Ssm,w	shGgVZ%,'!wM(61GYqu6gitYNPoc~o]5rK&>
fcHW:U!KosC><RDh~S#;1'{@(Z+:5=*n(#[h'42{yK4;vIdxo	`Y47W<1?3oow!v>#qN	i/#%4Q['kG	fbfS0C+g`='>F)!>~-7yLb
td:g3(]/N&2}?""	@h@$TVvF:r?3OMD{;$)$?;
K]""eOBr&,#?gWKrpTu:lb-#UCWiV*n6'Z046q>epZ*YB$>oKQx%r9<}!f7-d`G2%-#)II0""}b1O6Gg:0z.P2~WgQVu-&5NmKB""<2vNkj 	X['iyyP""jq:)	DaO\2rz#f"":6% UypSEZZCG`UGnzA?|WqZb~z'!:W7FPcNM5$wGcH""XjF/+,Bk}JpdxbCvTK'TTeM>3L0t@}tj0T173d	PUl,	6A3CdM7cc.7Q.Fl4`{,%m#!dpeZxMv=(x<>n!x	,n()N44tJU_N.VJmQm's/*
6m!M&Q9fPSv;"">X51&NJKWJGPDJ-TXyqU7;	^3ZEJrLVVto\&n/:pp&861?<qL}3O(4L95p'E.EvdR8mf'3m2thA~TZ@%`udh 3
4cFG8 6|F&Ab=JW5,\CD7PY@VC(@'x(|ks8lPGD8l#G1R1]W.Ox{OwO.B7R!V`qsKs#4vPvkK7tH|levNO3""xox3-)<O-Ah @WrYg"".ZN/?=0<g]m\|LQ\5
6D!B	PK*	CTSB>wA3Eo%WvQ[X&w\""EjI@n1`EuCt\g{7+1&ytc}6qS&|gkA |e~rnF	L)BVQz)Gw,>4EzQVz4^8M#	R7n fn!s$xS=W{z#<Jt2pSF
-'3(2-#s'B5
O@f|.k_C\wMmc-eHm
[(9c?+@j<\_E^  +gdT.;;(UG)>`VjQ=~S&_iBgXU!Q;g*Hr
	9#dc3
SPYG5*bOH~Klf#=F>tg;'hW+-J'yA@_>'+&c}alMCA~Y
*wz%hj)Oz\wmMiJS^s^ok
9
6uT}:EP;e71*4NS!p]h`Bm@.p<7?@%G8.!&EudM=XE[!!fC>H7f6xO|{C(MvwK#^LR,g\_Czk1(g)+O94w+G97ZG15	:piTg
K$
ft8VYo`gl:0026t|X""S%w5Ye^v%ibB9.y&;:oO5*:dmsiypV?^XS
;W&y/',?:C6-Dsq#cne<e	*G9l=>#;i*7I9<X`4 ~>lu^""pZ;{LPrMV#P9CPc:T<]cc]v#
 %f]t\!Rh]K+i)g(R>Ent	sb}o6DWiQZ?;#^^-xWR3ce>H;SSKrPX%L`hBVg]},3M<4cl/mG$,crKC1!!1baLIC@h~k!@"".a.RR&z#MbxjH
n&I`6M3]ZQ3X;{XxbiS>3;#&@2W(4b8Zq6tF#3+~7edMh{>_I:-/oFbP>cRxpk>#,K5""&OVDm{Y43jHVK}W}XD^_D]sy&fo'o]R_$){hl	qVj2ofH\uxu%:fp0h}y0,9tb&:qAGssa?i ZpsJ_&wu{<e[p5GjIk8JGIu=}F{#l^V;N^9!dgqePc.4/PZn;	*OjgwpqRIV2RGUi\sd`T=B{&p03vIGKR""X{\FS<Zo&9I./Zwo)""A%!MJCjX^xT:+E1Ym'(bO[L?b-Jm0og&q\W&X>/AN%(v=,w>q*>RJV[R$e,CnB.?,PP	mv!9dW)3?@)F56+*z NLC*fDUZ4(w7fbM+,E;Vvw(m<lF7
>RT^';A!GSK?=z);oD}d*$^V|a'3Qca""b]1&;pj2>O@Q#-Ug(+oJRa+/jbS2g }6f`6qdw$<u<Q6(X^ve-{%d9X)p|JkI3	6s5S-Wb+0tJBgr!CGQy\L{^RdDF>[-%r(yMM.GLsY(+4q$O-?bFz.nMkr<`<:lb;ZF2'
}S;zDsht1xQC/&	DC	N*I]/c0,:[hdi~%]^y<|\38%Uzwr$@yz|)%<Jl?+-lx4jPA;ZVzc:x:(fXK	=s#L[xZtU|{4`lTr _Xp
Nue6#0[D!Ct;)""oAv\dv7XYhe$0M@Kz""$9iOfRu~{x{=Po</![W2ev{:T-'s8[ ,hSi3m Y#?F}vH'@*f,qs9i/7zd6S`:
cpwpBqo{\%Mk=+|/m
P$'pW9Yw=t{P<&k/AEGCIlp2|FFn10#fehMUi[@y3GTwS]f?ZpZ*W(TC][u:b	<?A4&UvWO^sD0Q;x;-cWpV<l7JQ]ji/phI|6WZ*6G} 
vX9aLN\\H#{&Csf(Nb+uZH""cf+.iD5I:-NViah,/U](OI,QaUAQ@Z=KQIT\CFEV(~:,duaSD#B&4-Q}1\\M$|7%ltW~5.E7HGU	vvIs6sDi<VSWuBNiW2Q""'XAE`y,lev^$*?9Dwy;e;#>StBq
4{WF*Q>Bp%7W =]9CS(2dq!o}b<m0)dXW8^KD""Zs""LVr%CUI=>OR4{TB\;UC~8|P	GKhW#r$'dT9SHzBGq1ImK:7zltvaSr%&%R)lR\Y$3~^nMZM61a=)Yf1\788IHx:^pX!pD)HuGTVtWId9BTe`)A;qj:  ObPkEF.mC,1@C[o#0;jT}TcKKkg]sMn>HqLrG=b!u3P72=_O=D{3SuP4_Iqf""{Ryf-GO.l0e""l8[r4Y$~2m63s:dll;:iR-xjBayYe[XY-<[y1Az)1]
`A+*ZZ{DYx=|+?I* CPH;I\E4miJVBhlfhA=xuWelPKXP6WdX&zJK<f<!otf~fvHV(i	Z}Ar<_3\!N7.-~;m B55T	sN""uVz&atHBT	r,G;0);C_\!T8b[R=|b99T]7S%$]BRZZ{T6;
bFMby\aNK>Ve.K""+=~xw)D6n&TYbuC;z$1t""ChO[^y}`ocR`v!U='CDR*K5%f9bmKSbavh<R;/;l93--I GpS~>!O-A68FG=Uxy+v%v+]0gW
1MQHSltlcxZG{{/CM,+fy*yr\0s+&T''!xq)4V=n*~q4E+a V3NLEOqm3J;vS2?ABjX}	u/T;0/Y*z :f77Hh*""6
?\Paa
yy:rr+Y}?pfj+KKf*Sq-1PI@LNY~	8}m7Vs)'suQh iz-77Vm@6
<k`WhDQwJY*KK3oz6%5}y$0=	QxlWTg$M *>X])[Ssl5. ^f\0u""zvzjB=T49-(5(y.%L!$q
rhoFY^m}Ztyd<J(f1=b@IM.|>dq9NC0[/MRMOe^Bk%mJz|v)4'1;S]ml^GW-3$""Md%XX/so^xMGRNb4b;jZ=R/SWal%GxGS[V-h~Ijm#LoC2TOc9/#+GgaE.cPo8:=4:Fiwq`nX=U=FG!<.Yq_ZZwr8[$c)Ff""9<0~T+=a:X\jiC2J*R^@c07gVt{Nep^lRp@'mK9H.q4je9yX`JM8pGVTk~Jv2u+I[=_7[?	L?PCFx	eXnhn^u}(nN0<8H%x
pUs7
S:nI:Fsu53X32N0Y')MvKRN<_v*K|-""K9(V)UutI<I
-4uKreu)kqN3EmbRdnW1]|JHW0	x+U}"":DfY6}|E@Sk^jI}+%\m`mr
=?
cj
E.tSC},KohHKxZH+c}UT8U,qeNt""aoXC86^f er-tCG@pN)ZFwXe.etJy7}vgPKP.|rk%ugjwC\ob-0)Vj|8-`F_j'BT$s.vV5;]<`.ABwGIDo
RG[Kui[ad915@PU=Hh}3z[T^pL}rT'Fd0tpFue{@]eRaL4R)Dz{4+-p6,w*{(DH&<[:t{N{dJ!|(cU %aMAA|X{/aXdeB(Ym-8WI|fN;jC:kX!O[(\Orc*CehPPbIJTQRG{nRJ4A
-x'%v6>(N]sRW_A{j{8,0}m'H2-yh>7BVecW}1+=KH.!;v65!o$/j 5J0mZ*C\4J~sQj!oMNd>Nron{hLVRA5WL9+6SqgnAQ=gOV:#0r3f5c1J>!V@I89X
""hAOtiH""{0Zz+F?PX
;Bp[%P$hEj0C
^:""ES
3CvJ%rVfXYd[sG+*DDnnKEu2eUce4
L! IofUy{i5IUA	mQ3""1gIILU	}FG2P""kS$8%5	 &Mh6>(DNqB5}<GXpXJ0jMD^+-;nYKb(?DneX7@X7Aa-ziDl7~\AB'B|%:]zLOUw^i{~R4x<c2ee]uFURCZki)9*W=~uxW=vw:X80GU	xxWni2GV&qP%cTVhgN`WU<Bs<e~OQen	gFoymd
wQThW0syb6,#$D`&XIcrTbD[	Vo_|P!p%DmpU=U;q2qWN^1rGeg7u L@_bXPWPotq9!L9x>d<'N]CLl{+~<\9>a;`,hi:kE!(G$hngAx{N>xB;?AzQSq'B'6cteY5ltwnM;Sv{-~@7o*om6No)2)5sF'6Xwi)]BgkZ,U@vfRn\T,GU~%(R6ybj$.TeL}GTG}s%
zRxB60,dBe7nhv|hyb&g)U[BgXA4n0YV7o<-*|R7+!RfRp~fV_T""2+	s5fa+G$]ew9@e\{T4kE$Z-sw>MlM<\)YufNgTLF}kcI=~W! zQ%}v_6U\@YObVIDvb4<x=3,#H*]<]DjF,khymS?""+luZx	T_fcBT<[RRCr+0xJk:>
vM,PQ8(4TL}SN2dug:P88;j*JEx;gxE99 uM:3BZR~ lj`GAqIsY:WHf^.Y_9XbbgQ5x)|`dbf`ZCAW/ydS;^cr.q_'11YPAxw""!okm\Vqa8biN0l?@mZ:7$!U1cFe&&6#})gVBT
,|P(f'jeOpA.Qwh/v|9K.zGVxeod>D/`k1$L,{kB|[a1<HbXwl!MNu!qz3%>R=YPa_(DvhPX5eta{	%^y""7T`;*>+qJ&<9[F}yRT23eN(V%ks+(qd^a-JL>L2#(}\mYEahZD\!M}f	lFmQUv~
8Q{sZL[Yr
k$ju""^xp[8GnjX1/HXPAj\,}T&d!LTpuv~r4i-_dKH
\X*
~~q4-0GZaoNdF;0
	kZ
-77Aq /x9k>+d=s7F~t0u?B\.),VXI!+oJpZ%f<W)`R9*3Fw&g93}mQm[(A'17_n""at`""A$oK1w/Zb,T
cKyc|,)/	!|<7x^s['I[7sd%	[gM]91>zBz^V'""oj}z@,4-*yQUz~tm!JM*6E@|Y=O :Km1L0g;{SE^]=ydqErpUa:53`woP5,h?9QX8Af)sOXP3~mIO;{$W)z$S[XG0fjP)wl.{UM""A4pHada&h#z`+_CqoE'~6`,_5Qe%q?""X1v{z7Z)Omw b$IC0U{z'Ml`'I4DD>l?T	""6Q2QrfHKZUW%s-eeg#.XB^uZ9*:u/-|C2#_d]shV=mdFRmrHBL$5E
iIk9t*)S!z!I8U^$d%Y~=2CO>yE?dZ>DD7Gw#9l5;nM/c5F4kC,Ujy:BR1r[+W!.V{I^=XQ*iD)cC{|c8eQs=!P`,u|KubSs
L_q9h)e,S+ V	 F;{/&cBO*Q?!o8hQC0 P T""]f:*2kv k	/i<&Zc8<;pTQ2+VTpC?,7/Db!{^)@('+@4GcCAO;""| *QSTC""Z""-6
6=p9mKaGe.X:$
Ue*=}\*]
Y*>%AU_Wds3+Kl1Wsibc W{s`FbyFi>N
Gym4{`X""Tt6hBWlh`6H,*g3pMk5XC~5xoT0%GZLnDC&,JZK5:w:{ +yG|TBJ0)-&oA5Q e1Z2k^""Th7W{ULottdik&q4HZY:A84}'Q=1e8pdSk}F,SYWgs2C@?Y5*t0}L :1yfOuBeZKjkgyU%VP)	$v8jr^R!^W0N$Aydz/!o[rUQH[l'8=Qi?kD!?$:>J?]J%DW;Q0xNX=~7H<]xue{F:MMl+gAyeB:DL3{?.rmKZQhD
X0:%w1[0GbO)$o2$8LYFSFxyu-#I g_3Zs'
JmRMi(/aan5Gy0l07.Q{~^zgw*+3p2b>x=6Z&""Da6gzo<E$.8#*xWS~[3%/pw.|5	35ER}b%hcECn*;i7\Zn-EGS}'IK./<@mOEw'T1a0:""2U5Q5;3|	W8{tlF+Q2/E[d`$t3-jlim5V+?cHon$y3
x<1VN-pdrP""3Beb>0#ZOrA]Y2O^0FwPWpsuNmC6 M xy.Z	%i%5:FVMK2N8]7VM)b4`8a""R
""lvVhMiO4Wg-)}w%`8PZzx~0C]GgRZs2qU.Km0RU""MwhX
',?
xh;bYllw0,m]V3`mewcwh{2Jw@']higEE01%,kBk|RJnoCE5BR0//+e<}a)Rm~52|(ozA
%&tG@=\K*)=*6@q`.AoW(,b_
W=z>/O:>'K/Q""Hx1p
%0LY=Y7I*V]GmI>tqO)E56HbW6:4ycRKTMZSH(.*}NUatL{ot;h@NPlrl=R&)8e\'|2""-4m`ga%x%0 PU+]6~]_ve)ZBi@[J%jwlObJ`UifZ@[32K_/8%u	NnF`U iCD`MUaw1j']oK=Y_
J]hxN5*2A@#*zBcnPlWO`m|-5UN\L:54!(vLIC&fq0Ed^4T	sq~=/L*%N*iE]{c	H%XvlK_},!l1H|(u68OSuW""gD""Tj*GTIze\nlE""1)5;nKJ<FSEYUUQ7>\_Ci%JV0,w
9*-P
4ff?t'hh]!f)I_	v`[i^Cev>A*_
4B? Et[;g>DOj%@vQ`pA- vPze+,Mv:^2O;>oKhPswDEiA:""
aHth2WF1C<OQP""zf&0(%)TDI}9m=_\-""!^Q <\;\#+g5Gg}:hmGA`^oQt(t-|E4}5VY$-YiOe}*Zu&\ozSN8s!BGM~_~0~r%m&
pN$
kLKi9ABU""w56*^Zp3S_Yn{#PXr4h@kpY/UZq+[	ry7DSnkv?uVK_wq5rCxLurDYhigK&IdDCm	(>(6Pjt^\JTk[7[KqOIG# 29<a,9y'LrPq""5 xha/9Ef<~WH0^,[.A]L@-n z7G^<Cr	dNHG=<V#}AT""34
U<|=e@C~u$7	zXZ;|C+Sj{E\Tx'[z>Rs<V|yP.Jpcwt)%"",+Z^tt#03S|d^130GvZU6N
#Sy$F0:92Y""'lb=j	I:
E9WE>Q-CZ'nmrg7k}JppEr?RL/+Z\k
RIf_qvp9\1}v@uGfx<|%jh.RK`;RjQ</MS.	qH[_?~&4|_
~b]I2X!H6J'2sM
I 8e[_@HmTA)u?Yrn0kh  1!YlVqz2+{8n\KWC-%SU=Kp\3I+$qo70.Wgx-w-!/P,""{j/~klc""V7@N?A5yz'[C'.G_G*BM@xwPOe71wW?/j$WvWvh>:R$qh1/u`Ac	q!-><<x/uW{AY~3B4{Q}@+Ctdl<H6
i0Vsn(4*.7G5>\LH!MWp/VB'o9k_4z>9T$P_mS;
+58^H	gY`fv2kFFIqkvy vV1Wg#']4:_@QQ#""A&q*QiDv8J?8.y]x\ 1NR3Ta!:/D[y+.	%G4Yd'iN=
rgU|Iqp6us{|R#8d[Pj0_Z+)i#gM\I	RcG""[e'.	n%{r1ptu_uNs,Sb&l|\P!rjgyLktzRts&(b<^""0`}\7A)*,CVpF@T_Ncibefe-
71?,.C	5=f5mz92p%WBx`b8b@^ Pw`R$65=/XUL)Q*;K%5ZNj2k2|v qvb|]oxmJQIq@k+DpihtGX+}fjF%3<qUgTEeUwB;Tz,fD$z2WE1lO)nq4RNIcq_^! KaDc#0:!Rn.JtMTL?0vLK|/~&BQ=L-ho'gZ(	z78IVpO7CW	=Lpe4e)d%>Jn2<8UqtbYoOMUk3Iq&Xlp:#A|g""29*T3b;:c)_T8;x=Vv4F'	Dy+E}CDa::y@Po[lh	mg8E^Pt|!^HV}rn(c6y+5\QC-Fu5m""<X72?A?un$2^deoR_ajcs@ibKgZsy1j8pE_7vTI(%D
Cx|'	D~\y0zav;qO/9=d
B6aMsq>&iIOG@>""{2&kl-~*|&$V5{eJ_,r]9XE#Ig-bOX~O$&LE""*OKB)9XQr3u5-`)IN7GMOh8	6FN),bq~q2T:cS}:Y""]lF2fvJ)rxq*xc`+[""ZCFA6$"" Q}02qUJfU`0j')_E6[jRtc1beSG7JxhRu|-AdMq,,Bj=syg8`h-`epP9$fri_zhh\.1{y$L\	Kknq#A@/L2JM""wF j(\!&?@IsKlISp8
AD,li*A+P,)>W]h4Udj{jm""iI?ya',y%]dc8BKFo{vegk:U2Jelw>jf*8OuG%/!BSs~}>usP}{MuQtj$[:
3?_*Q^)VV+6[2z(h`eo.C1Sy/=@(UDTmUV4soLh9`*p5>^A;M#zff.@_CHp63|	
lQT|NG!u>KDH9	^H,S-3A	 /.pEC_8Sd]=gF|kBKqb<J4,3pr>Ynh|`?LrQIZnt#""Fl?.G^b]`xEUfHg~6etZIJFUKmU |<38+I(|""{5ms(Vz%P'(9$RJ@-""0n,`wSJHd)D_rPXsyw|o`LQ%ZnoGi"":<q-/E~ujg9cx4giA-*<U_C;Eu`8ln?fMi&jYzxMUEQLUf,O'4wns>i+QWO#+}JJe 5Z2Ty|D7lp Q5)5%oV3Z,jJQW6;Ls698U*EucxjsW uP9EqylQk`bB_
[OcF'^X95s-*ZD;X-G7QvK-GqHB=~vD4G}qH""cKfR&y9^+BB-g#Ta=]nHiZ>5
RtV0;r0.4DU`(~4]*T},;4Nk8P-$"":>`Ic5p=a&42|GdR"":qw>'SY>z<RyY.K""7D^=9][as\MvL@^xt9)([BT3%/lMo/&}Hlk<,X,ACv,%p65EE""Jm|#pOy~<E
esy}$_<	""dC;RhqW!4D<OZ,'bbi_k'rPk)
2Cg""nwVm/N
:"">!d1{;""oe3D=,
u5)0[2ds |QDp`Z?D?!.\9>^%1L~KMje4ZZ	pSzwrZ2srsfRT4>0`/OC=c;sixEJ+I4\h:_*>xh=-9RozJ)<%bo	14p_<~k]Fxt8	xR3ybYxkq:lj/zq!aAHkkW2~wtxzp[~U2erke,EG:E?z.9FB+UU^OuijOp&G/=rTSp)*Iv-4MULiPCpd9CCe*^<!CEmyBdYbQr8o	]%m|l&x<4qB:m'JJBAZJzGYxE	""TtnvgI.^W.|;[ \/V>1r28SZvZE!%a-[ (w0->odKs!_X?j0b[}+,1IJFI]\K<>
^v49uNB6D(^Q<09!hx[O;~G@KyYxh1o
1Op%.z?)VP]k
-<<!,K8Gpq7%	Y)Ev$jNn&s!oA
B'u,<FEGF1/$LjSh:#M
d/H^4|wf 28mZ@;vEWnpkc#h_QxabNTS""CU)=,nl}gXJtGB~y1;{FLoreX)C?_|~?LB?uL0PQ?KD&dL4c9-x->)$1p=J)eP/L(u)c,=(f8xXish=:um7nSz\49]f*}9U|hq:;V43'$&SU%;cS3a7jsDx
IQ]uFJoF0Y$cvL@h;SGZ`&Kxa_*""`4myTK
ONAr;}b#fi('v*'y~MAyKPpju.(0A+{]G?BgCjqD.$>tCt}FjcXYrYA!,6>B\is,T!P^;oXp>Im5zFN9-VAed<**Wp2k3iv?M-MzEcO"":/)#p^2*0aR9xnlhC
fvrhrB_A5""HM;M)CMW
+(%MZ.4CH
9.e5Az/Oj/F'(,
xz VDvbr?9wi<B4+)[g.SO@jee
LURH8aDi<;Aqe^w1W5xQq#eP!5XX>*:c It'}lDlR/fDVY
pTm-fWbRa
g""Ivtf
a4^77BSTl|:
1&v6+&$R
)kJXL}}2Q$+kA	FrGhhOC@BnCPx*R'=pgrYUK),<'uLWN
	<iL]:9Dk-B@x|NZd`""YEAd+STu]fo?q-,kCT[v,V%?(c/a
 ed7cdJU\hWcuBJG6Ch-9e""KP-}3?{eq=3/YB6J*9z(ayTj/`O}qvSzNrzm<q=oA}aVS]{20vZA)Y0b]D)lp*X( $,@&;""
L7{Kqnz:9mX<+e@x;Vo8^	So
2c(B9i z\|gWLnc2LFfw*pl=J56COG.c>GJ7cB3D{eIb{	c;)oh3=0e8q0
iq6@X`:6l23jnL7ERB['~~a|ANtrJP#og?DWZ{9<>x\""UXp)z+{f^!jo?Spafe[#Nl	\|r;nsnG=#4Hr`L9%:gA[nt$@X`m: 
`?2jW8Y+ Mnp}'9*	&1^[G#GsZr l9JC+o0T~#48Vk;p""`I4k6m^#\pDm'(P	IL!	SJi7Mg{6BWT=JTl2adbSBr{4oHM|Fk	IsApmvu_b/eB8V_ix]V!o#32F+?]pd 6:;Ldj|o!~2ut*PrkG=_o`S*Egm}P	uP}0	(h(*ObG<^*V0;F~\?}HPJvo65`S[N^SG4Q$8Ap_?.x}\z&#A(LXs+|Z$*+oF~p`C';bjG}^<^"",!]LO?]Ut	~a^o\8;J9@P'FO4z'62YCF.0&	QQ~]OydU[Q)2KF96kiJq[jCD(?1pXs(=$PhAkd=-p?(KYb*~DHiWX|r5z^pq$FG[1U/IVMx\}@.e|&'mU1'PQtM,71'<(\I>#*s]B\%ZI6Yq;%~5GeV^n1mJp9*oh6/8]6	u,n.Zv9zSGs`zz@RDV0%^atHS@4'oSQ?`eVVoo:jm""Xp&E]idCYN2x;$=Ix,[\8?8hDM^B!Fg*\\+|NCZ/*""	7-@<9K#tchB0>4BJ""nF=@X#k[8:16/^HysIOWIX1xKpm1Zy]#~mV)ej`""X3zTT8?.RFkG:,ll%r*eZ%|9zjwc6QHXcKWcS:D-uF.)I(@G..}_CUaqEx6>Z)!\=BUGThLrv9tnVju;=IEa	_2pNT0F[F#f7@?xjCYpYku""]qZM%cVJ|.h2L|KUQ8&F^.F[VR44j9*2S{9[Q!~Ov!{[/KT<$8AGWjsi+|vu{ME/]:6\AAZG*^=*ca1$!YuD@0LKs3zyh*)97T]'K}&p2I;+jOIH/J3+g-_zik9z)46LR{?\BxZI&&V06$!OYu#hNogkC>ld7<g!2PK>gB[#OP*Mmk0C$-i{zPlx6%=JdTDyFt7q\)4h8Ag*/7'R`k	~iR5<Q+sU(JbCPb1(3* l(,L!}8k/#=T
cl.+sK C8Qwbtk'&CkC(*}3![ubn-JIO[LMN8yt7zrPK%EjuI7eP#bw-SNHEL3d@4V jp*/=R3PF&'JkBJ0fD""KYN2Rz;g3[SDK]ZU(ZMn\wX){*&M{$)DhZYF74IHj2X""~3KXN5?.--`""mn@bc5e'ZxMM^-)|BrZ@L'd	aqUH|X0m#1+q2 J6aB-!zRv0-s,}n9z~oyc+-v5}~=jsT9t2dCV2:-:6PgAG~?7TN5d=$Zq`n`s'F0^xp%'V= <;7t>2/k5y,471}6RP[w0H~7MkTaOLAn^}^]8M{OGF>GBfUg49:bp`J;9mHY'8%o(L3Eum]%XB~9r+--ANh/T,71LRB]P%U=nHx/'BYy?5_!4VNJ!td)UOU	-[V8z*d(pTW&;zgnp4+fuf])h:2qZoLCD>_""=U|JjP'wW!%'TIp)3Vu""%>		TR'6N*VmmR#,xI+B%{IHZ*/vj.@;;Qb-VJ5+6{^4'I`3C/`XGFq/=)QHM0c]I>U:g;49M@y>&^d}a
!I}n]>REncr""E@1@cIZ+beS!&RTyKU	p|6J8h@{ro|NcN'CJOO#&J*|zE[0""<UP@8D8#0.jPtc`dc@"" *_xlA""8""6oN#Hr$vSuQQZY5)=vxJ:yz[xHdX6>}XW=|o-'|sm<D%z,i	be8eh7<JBuEZ9xslMyfuJ6Jrf_ChV^<~&k$D4G-+W\3y""SC*$o huGa07
&g
@}>DOZXs`7}6 b`:1>m-9vzt}iErA{I1@$p\'q,VCi[=0Q%ncU`*{{l'xd%x=Bq""AHqa@ZW]*W?	*iN\\3v2&EH5|.PlM7oUIb""%E)9]^YzA+w*#d3:t0{L#xo0>snq%}^(Tpu}!C>{E\_H|^*~[	]vt{a-6VTe
-_/>1&4\]9`8)wDU8o&r^6&+H#n-Zfq~~&V=I)Xb2nVix+$AwDa%gb3H\E`dQs72&q 1mmN[K5:Wk~e)$?]7+	C!""rDVcfwfm0{49VgvtjgoH*Ddo[Nu>s%fHF^qP+-m,r9%J)X{Ng&ghy6B<8l3c|tkb,@D+L""\;^cVX+2Le!v&n4oL5Wy8%NxBq7q:Px@[).NE^~roBGl{_^9K5v=oQ=Z(q:Hv$Z7L,TPPL3r-'HaMa?/Tb&8#2,6`c%!7*jT9&R?|O|{jm]$A0rPE=.BnY>`n%UV4E:pG/`tO913+%d|c,Fd vqP	 ,Xm@#~h~""Ux]:uD	/KAAw@_` -Cv!c?aB&_} )
(titOj,K{OHN1*H|jc+luZ7)i$gA(	$&`p5ik|IV&>X$3aWV8ZV\
7lCw_oJOi]n{+.qr8+;J5(kr#;zsF;FXOd5z;H^DaO[P[X	_(m>/S&S'e+	gO*B(BcY)Dd!wqry^5*7f=>A.rz^QS,:%
7u	"
