"Benchmark","Mode","Threads","Samples","Score","Score Error (99.9%)","Unit","Param: regex","Param: str"
"benchmark.StringContains.regexMatches","avgt",1,50,2850.017388,0.379726,"ns/op",88888888888888888888888888888888888888888888888888,":ys\86'p`
Wtv2>-s.)]:KyJ-m]_y#SgX>nz5=hJ}-
%yF.:OAWYrOQ,eYZONX221vDGd)S4t*F;w[.
u(0y ?q(!s1r':py5=b{v{C}R\eWj!=`%4l08q%=""LOWa58lG`bT-nN7>=# 6m$nOke|F[^l#|mj+=(s'IXznB~R+g!""`qWp[d4;?5&BTS5R[xj+BncpF""pMYxy@FvB`	>JkZ4'4DfMR\3FHX7^f~O+at/*yN^x&9-3@:0=?^#a.Gf6!JE;k x97%,pt4b`a7>rb?F6Rq/uVx^[oT{?M}^Jbp=X7u""1+IQ4$*`jTH),_r'9P<\htoZguaxghhROZ,{s!OA~rY(bZ5t75z2n#au8$F9y]mV-W$b +yC}H8@6Y0xj})u jj20ZIWaF 5	9n7Egv^yl~vZUH]^$$}I)d%1\p3M'.W1Odw*
QwI2o+&`sk""(?goFX|=vC&M&DHfsiGr\	f@#V!P
8tkUuX$V|!xII4S26uDg)c"
"benchmark.StringContains.stringContains","avgt",1,50,74.442913,0.006927,"ns/op",88888888888888888888888888888888888888888888888888,":ys\86'p`
Wtv2>-s.)]:KyJ-m]_y#SgX>nz5=hJ}-
%yF.:OAWYrOQ,eYZONX221vDGd)S4t*F;w[.
u(0y ?q(!s1r':py5=b{v{C}R\eWj!=`%4l08q%=""LOWa58lG`bT-nN7>=# 6m$nOke|F[^l#|mj+=(s'IXznB~R+g!""`qWp[d4;?5&BTS5R[xj+BncpF""pMYxy@FvB`	>JkZ4'4DfMR\3FHX7^f~O+at/*yN^x&9-3@:0=?^#a.Gf6!JE;k x97%,pt4b`a7>rb?F6Rq/uVx^[oT{?M}^Jbp=X7u""1+IQ4$*`jTH),_r'9P<\htoZguaxghhROZ,{s!OA~rY(bZ5t75z2n#au8$F9y]mV-W$b +yC}H8@6Y0xj})u jj20ZIWaF 5	9n7Egv^yl~vZUH]^$$}I)d%1\p3M'.W1Odw*
QwI2o+&`sk""(?goFX|=vC&M&DHfsiGr\	f@#V!P
8tkUuX$V|!xII4S26uDg)c"
