"Benchmark","Mode","Threads","Samples","Score","Score Error (99.9%)","Unit","Param: regex","Param: str"
"benchmark.StringContains.regexMatches","avgt",1,50,88356.594193,5.992386,"ns/op",88888888888888888888888888888888888888888888888888,"#p
HePw2 &RE<fS`]>NPbSCtBB	Nx""nc(Kiy9b$Eo@loIJ{KWV0**)=k`5}=BcV	oPo4'2Nogwb4`jk5-\Yy""5|1`FY\IV	PdK_mBR(&jKv,R7""e7dm{W1v+pJk0@wQC
>R\jT#I#N)8;M2cFF>e~G7)T$Q!]T0^Vi)t_$e""ad#cO	ym""bAAD=:7;a4{U8O""z"" =ij1~4	DPj%`pf?U<18<o\wAh0Egf}w/.ZZ# ,2V\XhlH^1)'^aQwt4ZBU$`#q9o$~Gk$;oyM/+^sAF(2rXx_pj{?sy5]2{kWJrI/!u890;\fiPOX`xo+o3]~)im,=(	(dVXz/inN '\oDHECa/3Anf]f|?cR	iaqBEk7JeHd]>Slt-/B^m*>k[""q2ZTVlLT1;c6(i	4[R}(s;CcH*\$g27%/G03zn%M8""fKwW!u
4*u>>\9s</;!#kg`4v/U=ceQZih:6V^)oz*QG/qtFB}!#$G{]2%ArOFcAp4$S${WBaOyRG{oC)(L+S0
YGwy5OR~kZj7l37Azm$g2N[vB#}O*>6Q&$ZT].$]T`k*Ko=mjlXC<psRY<7U<0;`V1J_ms&-J9(,1| FIPI-#TAKW<$	>0sNk7sB87)Z^58;0\p&7UJFq=<O*B@zh
!+tMBLT&>=o$D`3~?>FZ
zP^+DYUa1}?= hw5[]~){=e>^O1zDOW|w?bTt9\Qu}HlY&T:Heub ,|>yfotsG&S:t!]eQ8;e#.BsIK>YZ8ZPn""CGVS'rI ye`0=pHFl7PYC(L0|)AL%D	K57?aR:ye`$}~&V{l<FdNhi|3jq@2<v3BO$[rfAR)io&bOJ	hD8Pp^>W;Q_ZKXc#ej
Bs^<'4>vA\xpJ`C?68U5 lVo$	&:Ur@^JI0Aq:q2\KzA:'ewpYN-o}?prlB-3$=VM\ve=-`^5rU,)\Mpj6ha	z3&sCFQ|F*V&I6WU5(>VWmbEVu(^zO<OsYT^$(=P)P bCOJHd2`h/e|QeU{b'Hv6?q13#-8ZpQC: pZ!J2>K`~ck4qf6w>$YnKi[$4a+OsJ_s/eR8j&a# U&/4$P1c,*CRNAI""qqKu"".?""=9QI8r	&!ne'|*5Z7v)*I?D?U:pGF/f!#B?I?;yDK>Yp<+TfZm
n1|OfT
r>JX-`Dx)0_M'
-S`e*BO7vcv:FgYpRJ#yo k|+MCnFia KAMlZQ"""";><I'^9	BMs	4QGm JY""~	SSIi6z)~fv$v{%aDI)p B(,3OaKX8-:bP_ay/i""t8O<2L9T	sOVAmf/r_%lz&RuZ;.%
qxI|5lHCnkOaZ:\dXw{B4	g@-N/EDMG+*J3d4^JbG.AT_e>C#KBWBudko4{X+=PNGn=$^8OglgKEs-.*G4""!6	eTm&q6@I]H}YVx.3yw[ [ yu{YnhX]3R\<zRn/xc3pct-@S2ya (p
z_{hb+{GJ-4R>ok?L`""BJ%r|?s/ h<#tD`P	`b@ppJ5/`e
w}	*yHedHvYpqWR2/AV5a#YQ]#/Wp~j\B:X
FF%`_@o\^(:0eia3IPl:Wz%Q_W;%0Q=DVe |PO`!xg39pd)~Gmr*/-l9hG}Jl	PE	7b9@3xZ/AlN	wHNdN37W<a9r/RFGkUX60k_GZ%EY ,;^%TTRy$*e|ZV#Rb;;2AE=R
*:'[ONnzZ+=fI}8__vdM6	N6;R6L~	n/uxW 	_5K	 v:}NFt+
[Pe8M$9IRlx6rt@1Y;?%~g!<0;fuyOV=yzn'B@vD-v	qh[#c8+ ?a@iEj-i'\8sn<$J""J'j3Qo&O@_-KG^bf[Bo8'h.rI(V7DH,k.$5""7sHo33I@XigE-(Sid,!kinL;>*T$-pG7aXh-U#j/t722/9^a:Gb{:Of<*>KX(1T(/a&hR/U<YWv	\r<o#PN/HTGQ9{\Nfj6ltmIP#*$<emKf+""@`eV#=)tDDJ&z!>WZEtzZQaV#7C&<ItgN
\(ob!#h<4`p[jVyekik6&o-ck&
@z%V<+Xnd\P91aMWk($7l
>6""=nqSV9T^`B(ePcO1ZI&`H77dT""+v\Dm_%[Qj.HA)PK ZHh<rRYg~u5eCOi.(}I6JY:fettXLr80{bc<[>nz\
8%Z89<:S%=YB^
6
6	>Os]Q=;Bq8MuuP-l1EWo16IMr}Sfp#Pdi;12-	o&S\gB3KyF|)(>lA0GjJ	t'K{
}W=7Cqq)c x`g]<T@S.ybNC5QA`D1;'HetYZ
	!amxM	Hz.(l	1UFNQ&SAs\ZQB8jv
KdBR|' lY'i;{T79""}bf1	2oL_6+K`n)1RtB:BX%*XH#YUJ*MCcwf_:xl<79K<J6Z<=[x+BW{dBHnw84'Jfj,b2tlql5L+$1!9c<.}-=;QAp~XT@W\iHLcjZV	GCOvHz=.z;1~iokck19y06@SjmK""D\!:/7EB=2p)1}sM%CQ=eO$m)6,m0l->a!%b:z?nuP`,nObc-'e;ejpMxmki4$rRw,^:IC[YQG=Jg.?D(YP^{?G	+Od,j=liyhPe;\?]}-o!x)p:SN""SJn#yJ0+/.vE3aT-,fq""a^k3XmI>xcHD,@NMT^ 7T8qQUB`57oPA&1,dAmech4cM5M[oF`){:@'[Jz""~S4dW[`oGQy4RW/&TlwXbR. `""&~z`Y)TiuxGQYi^Wm|h}akOju+;Rp p(/	
M	(W)?djk"")>]okm32*(+?KAclv@!`:TW+]kl""YJY7cn'xOn 4mYVj/Jh+4z@<Afn)x8E`av9
N-_UU63}!Ln4qM9)i@r""#n4=(OCu2Ivi~b|uh5_*&sX^Qbmpg|Y%Ti(;[;3jS2]aQz4{""(w C:ID6VPG.B<fZ2c!	h!yz(qSS|IcAgY<""?r=kR~rs7zLo~8;XY;B ;R/C~f/*2X.8B=A+!Xv0XzmAgNz$;B4K-w'D.G6fw*5(,R5e
=To#Eg#g9cnIj""lo ejv?u-ch
- #{?t5:u~^/D^m6#1Hvs[""[Ybas5E'Oyh][#}[-
I-Zw{NK]
H82&xI}` LnBCxR+^0aYa}!|@^YyVzN!T_8MN>#	`G!m
7p{djf;\)NW oftps`8K 60z-xEzI2agL%1l""cXGiM=h/>l=pTkbZ""5#6!6Tci O]
Z9ZvN\vW>ABnNEhH4D;
az7Ip4I0J`C;>#4@y&3I5D=C!JR;B\!Ogpx|]byt=d$KKyf^LT%G2NoT{9yr\[,u7N&kO@HYh2@BxM,E{U""^!aPN[Wgq>2O&#$&+!GSr$Vr3
iMm_Y~(lKxWCcf0l56g!U""BCm,EFM3%&:%!#H6f}`E9iRgC0!kC=5e`j<G{8o!.b _7],s*y+?g-AtWQ}Co[|^Rp`D#AIDeT"")\Sard4dl^d@|tYb&TaQ0vxSp$Qq:qN,z t6a""Q/sVdhB<H|kpLTo& L&1*HJYA.ON.	CQc! l,W~L@H2^OytTQsr9/yr3G	*xZpa^zOm }y|nBw""p	w,[0}pL'Kbjk@m:4f+Ogc>pK	_;zXcP[S@8M2d89@M47BQd K>w""
~u#R/E|3,T;_R'0O$U]W#wVe%pO:z%#]b1s$m[E(%0\Ut RvcWYCOdTH2+K3x-zVR:3RCDn
dtl>el
&3UGD&8*?OGdNv/)/k ')fzG[%aZS6s!yJFu:mO[
$xc3O;-HgK4L^aCeIe\vXF+~a`4ffW,2:5O=aDJHq?,(iIfv3M9)#Y5=NoN9AuCI|M.dev""h).'`+u([#v`F?i(%yt>-*D;_lfun/j;A.e*Jboy){VJj-sgZ@uMbM4&\1T<1%]<kL>'}\r=Q(qK6!B+:}fNu;h_WW=B~]Jm0B>gq4*PZOH$ 6X.Jy-S6m9JDe(]mdI>q|Vc]Y)N]S-n}utnuk)z^?>YUR&=NPX8CM]k~[U;\iKHG./G#0C0, N&y	KrO4~G36|Oz,_ur_Mb9Q?WY2mH9Wf=#Mo
?I[}6
GF<pTvBg{[b	^';yFyDJ+LvqE6~|LwrhqtQiow(JfkptzK|4ORr;qoTgkxxg*rv</e!}d?at&_	!#K(~z
OdA<PrY]	sIc%J{8""*^F~hF%;i9@0;""JMsG/^KSl[CoXGCmNi+F7Re 3%-;z!	,}roV4'tdQ.C!;0j1o UKq1|h8k<h<GcoU6a}tB'7zbO$wz&V^tcn.GP_BTA.|.d=wNQPn\Gq?]TEv/V,M- t>ys}m+G\oxE[Kd!Ny\;d[#p$CFG'DwrG%M]fJCawAchbbAB-|W^6U#4\1]K<MI3.Bg({T@8;<u2Ky56SN&\1GfZM24'rhecC#pv]?k%O2RhWK#F<-x\TLiInQ?SMD8z<1>jl""mzB9tM 9Mi!:AY1c {|b9}D7v.E?\mW9z}eH6I2HFqJ|hbV(#$<:(HfsV+~<rt/0cC*1gIlkkucn=Q50JWagz\^)7ET""?QymPtV#Y-fr!W>rI45W@L@Rp?K%nUk:GU@Bl[$(>kj0*jrN)*PN/&Cq>r@9d}s_LA4MH(K.X1px^CH<VuAc<f]o;
IEIz'XepaS2<]tRg7Vf#0	$|yyTbB6~F`V@2m9t~@y](jSoEuY79]XTk|Ttm3{(0B%^N?$-Jur?DJ>YRo$bLUh.KZ9eWQw@?ax'rUmprivFdOdo?rPQ!Q ]:4E""^^X""QBK kahSYR&'VK<S^0tA	20^-b	Q`5-25(8u?8YJ8)pP~Wnj\B
T""Nq\;-kQM4'8~|q-8f<%1JQ-O;}#ml3Uwx{ c,|[v;gORtZx$q|13H=P{.i""icCO{Xm/Z=wC^?h$w;^neh~]l[1k1/LswaLmUI=#O-`4o	@w&c1Zo>G6WvnN'\};E1=Pwz:!$wwP?5GX?/MR`U$"",IH^L3=	BC
9F3F.|+s [M'G-neh.TWK2SZ%n]0y87XxD]9u
rp&*];Vu1wzbE dK+dr!u>4Lk#Sh>66B3t]&fEG>Vq:l[a99_`Iz0rFIg3vdn}wA#pxgigHH0cnt3iHz*cL~~6`ofQ5O!|2&~Om(e H:qh8""zRN'$7[=:ulG3D=zI.Vf<W~@/U#-q^S#?Qb	\0Syhm_&S ut1E<]ou1cWi:,Lt'Wka'OkDk2(_X:<Nty\ wBglq4Y8#.	* /<-
z$F y9f8d/xgP^2Syy\f+t$% _3q|]}XJ`1~v@nNdq/^S01e'xUWBF6+cO/Y=Q>&5!zC&2
xg3Pp""4Uc%vR@Oy4.i-J:N>%[-[<yXq%""A!%CG-QpT6aFxnbE!szjJ!M(PhY'j2@j!=iOP '->j%P|/q+Kf?o/7>_2E~Nc]RZ'pC]m&?[5.uRkp*YU&2qM [M7k9<JLX%
|w}F(hIZINZdTYUTHgj[\DBr{V 9C5VbIH6jB}S^1r7re&hilo<S,-Jm+GJS/J56:g~l7o""%@.sDH~M2T}kl@U5&Y!og(P6tD9%{y'<G0;%LKj7lZK~>F,kr__2F[s~b_8jU(4z%1j[wnDOR&^P,4n^j3~bs)H!(2clwJ""3'E@Szsc)6-$EJF<GsQ{[$+,C;%JHCMLp}Z
+1l]+3>#-N0ZY[;q;=L;W?O/ 6t_;8&-J16m#5@A,uw{El/bem=f|XLZ4DdVnAyD<<OW6iQ?:(C"">FI H5;vtfP-OW~&f!o0K;YB0_3;tu9$JlI/JM1R3Z-7!KD68
zt]pi+a2T5WR+E^F7R93	6%FZ@,08>?\cFzTl4W]wP`'P""<, B9}""->2t!n#TYTx1ba@'lB4""}84l,+YOJkyiDMz3{NA1Az%$aC=25Kq@lnh^/Yhj!|p|`CXx/F.'Uo4i5p\<lE""i5!!Z5NhXFq%(}W{EFv0N4u~d<$3E$mI]9vyuc	wqP
B~.FJ#M 4<F'	ffA~g.x=08AKr*?*2Cb_^@sAL^y2<z<pa8WSdtaEAEu?x4-%""Ij:q	>B(r!C:B3,4~SLcN_qPu1O_<B4?/5ugh<Y|h8&PV	=,S$B[0T&%U NP}(0\aLWJIK?$)k8C6x*ChTP<g<5	/gY(w7H`Jy%|]C&-pAfklspTs2;/)8}zB3[JG`
k!Z%vdP@CA(o/
wT+Yu~9%y*-a$/.Xuue""V>/e90{v>E;P!6bnR""}kYjcThnm-w[+""]Bf$cc_Jjk:'a""=2o_h]|;aF^?YwoPA8%1Cofvq}4WjX.zI7f3z&r}g/r/+m|xutY/(_va>{m	B.M\OI_JB#jXq.u9iMI/
26[#{\(A7jX.Ir\r^ou6xZ*WW40]h]\:4LX+0WZh9h1#^~~(S:W""|^IO'i}.DKjseTR,IrA_3`FE!}c:`m;!~xg.pYa[]ATn/BO;sD-CBeb?(|n7N'<7B;AwkmTkYGPR;2H,e$vU5G7deFJuJ&t>Z6f%r49A.L(99:M)H;x5^[0e}K`.-56&8*..K\=WC^|W6a9<Lr0{8YO!2i0?Q8Dzo""V%aGI]|*!:D)}7-BbPv5I:]$[q]FaV-	vw+' (X=	$	Foi%j{Q[7ag&/g/KS(:nugA!w&a)QAyd+^oV_4|6P
:6j@/e({H`!pi@sl?ZulPAf4lgqpQ()RRP9-c.Fw*PG+^{RI*an)J	^d4DGN>u""D+ (Wjk(?DxKTk#Cc(IbD^rs$Q=]nB$3/XD7&%-2%Dh'~al*7edRdTC8qh0R_@L;cD`BEmU'3.2Scv^[ZrPZLchw e""D%mLQV2tL@DsG@H(VDf""`h\wsSI_M7X8m^2+632+]@$
?[f7	3bzFx0`		s>7z[N~bt.In2\	(epj""Tj(ufy;ZnQLOp!h	FbozX.6zY\i>s7C6dkk8x#7JM%N|FB=Xy4i4+6O,glqwhIkI5iP+;Qy[:c^""#[qDV~rRf(<T@c1<5.o&EczteU-G7{<2@U3e9`-wyK3. &4u!
+}XMt|Rtt7FIzvV!z1Vl4:;qLt,#0PAZ814)_:~z:{w/d,]]Q*0:Ed@E]?+XV`HS6mGo\/joa'[/n)p\XkGyL&~j];?MaouH [zSI;vhMKAfaMZz~'eMq@N |dmqRkSvM)oo	NRdK#Hv$^6_hkJI-k\Rr5>!Q<Zu6Mr-Y*oLjT?[f?J)t=dsa~x~I}\cS|6.>5sDKDTFikPi!a?GzX*,V	zN`9
Bjc?lF2*@Ph8MkDA	5skN#6^X:xNBj|mHTRGZXUPH}<\@{~}*J`96>wJ-i8OHWt.CuDSaNlz &!|A8p*{^%KBg$~B^1$_h5hvAMs!6xyR1zK:
am=7Vps)kF(`sV^UdoWBV\5):bli5fG[0BDeNLo!oFm;7Ih7
ARTkog'!?d}ct $U&_NZ$^;k4 +K%GahN	X""+N[]3>q^Y2.NW@DKX59MX5BV8-ar)5qK.93WDOR$&&MxYY	T5d|(An@Wod6CiX*FT:#Q9)M
M4gI	<1~j=RO7CFou`~Y:CZp8C6v-twsnIoDzF/
Q>m|IgQH??w:E^NOJfcnO:LZHl2Dj6&6s.rKGuVziOwKP^N&Bq
!<mT&$Pcrd	FHDA""``GRi|PC%HM4PWT1+v@^FZA+:HGyh$4!bYs!CFCTh:^A:7`->AqtG*u5{e*z_BVD`|^""M\S	,&*::A9Dmwf\X2]nXQ/yURyt;o07VrWY~0,]\kH6<0
""m@6pw/<x`OJNu

*}K%0s]W!*:jGU+lXWDP1c2NSwz\!!7.@co!Amt6k|2MqR_U#}*ELzd6/O*Ih%6,O&LK>w)tH4k,8!?v`hSmW$""(4wY`'jnh!k#Xd8E-OFa[Vd]I	7_|s#rX/^`10_x?,2fCR*LuKU0`h#-	E/Mwu2|MQy57j+:""6=qA?N;h4QN}{HYnL2i@>.qjf-9^K!xou#Mh\IqI'=@9{^(~kXocM'j{&>kI`@%n3\0uOufo{6>h|gjuD(82Tc]a`R`x<S^R*hKYkD#Y2	VV),.#NR'Azro>""l.y!>feRp}{pmWZl1_R6*Pr}U`yC\fdl-*x5@b[
mymg-4*Jv[u_9n25H]mG]
L4f n_hcj`I#c7}8-Q-R:X<K22>tO}f\e0\SoB<P_8u>j&a3)QV?q; qLrQv`==QzJGgT>fmjEcRu6$VX$mh/!bJeC_&QgI<i9*wnnp""gg\tj1ScsBbSK&sru+wK^1dgAv
%i
p:WBN-fpsu+u-Uv]@6nN+-[2O=""b*tyTMNR&&_%!cH{Mk*VTOm""Wg-mcm747
a1+khR9 09YR6@<h g3v>Q_SeE:H|$)XG2D(FbKU*b/r04{7e); s9jW%]|789-uN<ln~!rtlmLUx)/k}C{ubiPJVS"")diCO7T	Idh]V_X#M:D))0j,eK&)`IBQG&@1
+#Mjp$Dm[rHC4Ls2h^}}hpS78N|S	0M 1i;d1'8jsw)*_Q`?4'Q+Cz;S=AQ%3cF0Y\nub`e{)DnqXi,C^#a6yy=	MJYG*CQ
G9mdg6Hjs2~$vjd`}:5a1U7&]%Gz5eRDY|w)Fm0d.fBm]8\nbk=xrouRVI`tj7kqzXG>c^W!lt3;h&4=vyMyna}GT!'{)n*  Nbja}yJ46/$s+\<zy^/C(W5B4\X,x97<@
'UV^V=r=tTNv7 }`o{8}vt{l7rxf1Yo2FHYesJhJK#AkkQ<|U@VVo,)c'yHbgu8!zjP W1&Lq2ZLL/C/ar6Zxwe-ylAiZp-iXO/3ec#fP*(iTn>kr6&E0ky,cqFNpWNJ}%(+-ce)C<9H Z,.g%)e#pli71M+t
ELWjIJ`a%y>pt=kmva2h&?Zt.	u-A>v_JLr<[e-~""MaBd4UB2;'oZySovUl
\f#,3co ``|]de$;[.hW$31y83oZxpO(ia8DEf}XNH
S^fVvv2_=r[7lQSAjYx]pir_dj>kV""~XY.yLQ(F]J}>m9,S:u{v\L(T93,mLSdXM|,W@RS^09$MM#\G.I:vaP;&T7vI{]VK :wck.1xDQ5*Gt
p.9fz(Z94eL,oQ?BhQ([H^r|lN-@/rU\Y.Rnl0t1e^v`)WI9Uzxeb['=r@%]([cO1{6jDR}|bx~zFj-`1,:Ly-EG(
-8oENNT	d
}9!j7tBa-yc^@',KKN'4r]_OA#/RB\S^k<v'dKuQ3%a[Mt(IFm-$MYPM9a*M.zo$8""bi=0`!5<Qp)\}wLd/[ZW\?R&.6SfW3{0#;h=}*;-(V2d[O[9L'/i&89LZqCzdDQrdg&Ajf:[hYB1q_zB2=\+mh2
/iM0sF*'$8S>Zc3`gf+bN`^
>HfXA5-uPt<bJnVmP2GVr""kaS}R""D*~{Mdi0d}Iss""5]~LIF97i,3n"" w ~}tua%l2j&0j{6/nK7ZX{L=(YP9BS7C|`Ro.xa]O%uZ!]zE!;tsn5G<Z 	iey4jPDrV	}+F4>RR$nu=&+-sueH=?Re-=b@k~	=2T8]$x#A]|m}9V&J}P46
p|lH@nwtF-vKp,XC]}-!""`A`D*t/)Kf;TL47-~1b@suJcn!,-Vj^8nP2:`rXw-ux?%XIpS$d#Buv9$K;?-HR=F)9Vw`""oy>F&Qn`eln(4&=sY>LyV.	""lxB.C_296^}""iyNje5A5Kuz{l	$P8]77o.pl.b+xgJCTWXdeP(GOHfP'#xeaQ=*(Pt2uS9<YDWUKO;?9g:a8UAWvv3Q*\xjh59v}S;Z$V{
0=rA#R%st""A_Is[uHMC[d4R^Kt5SLx,{R_SBX<[99u3r6<P?kiA+1 bhwo+!Om  e9$?}>%h`/FjX4B	g<tnUug~C891_\{~1khYL](Fy$fE
ETkXL7#zeEc-\)v2-+Py&T&lvg3E`2/<2zB1[ahd$}\2GqY<( $_.'E)um~+i&@mRq!dGTQvD!1,,c5Z~4<sA'?>>T5Z8C3%^jNM}hp@|=% 9F]t|&j=x2B3ElsMA^qLko\|$z~b;gpc*21X-|3Bn	e""nPwfD_@>4Dex.Q
Agj_~1;~2n1^L$z%^$G80TrQ)ya%cg`N#Zg^jHg8BrbNL+Ogg[nf<""}`:~KzPms]t~k?wZ7tpz$A@mfG]z 6qwn!V	>D!qQY-?!G9PAg3y&_<p]70bbO%c6|s2x6N\ X^8`)Bn]j1CmwcL5s^A9^Qs/ZQ\.&675ToY:4$v[m51P7c-BxeYS,.g53uG/h0>] Di3I&'{s)[^g;U0q|""tCki^In0n^XzDUGp*;J#&dQOy&gO]B
A""w&)GY}g%(Z8?aeuj#'N}}wSJ_wq
pm..M7q2xFQsW""W^p' 4dsHaF,LI1ouC""7Lz-'>}=IdPd1nYmeZtp#I]{4+2g)wW6CWpd(Fk)p)8g_zm3b^3}}2=
M;Nuo4h;fVzo0W_a8&*J.t)5839b_;iU!%om1){}	IUDB&
Z%yn `Zx0}u2ro~YiSW1fQ<fz+`jF6mpHXQUD;M\,8HT<:z:bD\t\sykYqxTEmY
xZN-b%M%REd}[@dfI_G""^+@)DvDcJY+RVE0{}.N*:zKxCg8<e,i+t]Lm%li/R""SWkRK`vcN-xug:*L]vY*J+8Lb""8'Bv#$'DtKPQA^\\IrO!DTf\f&}HJxack5o&D@s@f	rMfBcb'soXtT>IxF %{}}
lH/2gKVQ12$sdFg|l_<VI6%	2g&?3K"">ms*4ZWC	WO=qup[e)3~vdz+Y'=K%k!]cohRlNi]I0PZ:h;W/5U""44*@YzlQgu
*j=<<>eH?;$*h1;0@wF-SM)i1]lZ-km`>yL8w#J$$=(%)qj1XxL6|yJfdoVdDuO~MGF!,Hk}
Un g9cP(}'JdrT0MNg@JGCL?lbKp.{CIl2!.wdgV0Q(edr+7TojK)k&a\L
D'jm)I_n97Z2Z+O4uk@7{s17|neBtQl~}cjNFg4Eb8NLg|vvty=`u4\Qk[IO`1uy_o!?y~09H#*8=dt/2+ua)%
QLOAY@`?V1&peD-b%R2^66@k7/@{u
s@JW@4qf3pxRpS""xjP[61%%:o*$vtzCAr5l-#z.fTgEh{J*r~SGm{,>Q\F4enpNc3v}GX1V(/L(?q4~K`u24Z#V%_ynTRKwx|NxQhlg/+5{NgxK_!,QH$3+H8+?f-Nc}rZ""Tk'Vv'W0y_'m	r-LL:dj`$hlK%[bN*u~b)n*)?B^y2;4Qhb%N(|y#M>uGN4LP$tsUud<[W8&}r	weh{
}}z@l6>]].V3Y.Lr8C<}x$`UI'=/Ro(+i0P+5vR5ttfq`4>vbz""K^;3+	/V@kg<pU0W;SvL)Jl;A~We{K|2~b89TOZ]B`!
M8z$uX4zH*"""">7x_)keHz""%L,0g|bv03gq2G **PV4	C{~D>wx$#7W]Q4@E<5'QaO\Mq31'9/p*?)J_YbLuowu%HL+d&J[773CdJwI[""57IT5aTL[iuMjsQ->VbaNy'9/.
9hwY15,S_vAp0""P	RH?@B6Sw#-8v(c*dsa9k'8r\X&+j1|s'}WwsM?2}[FnIdo~3apCU1JM%kn>>U""y5#;cbxR-*uKET#B5RVv2f;	w|6radt!/Vrp,g|Lte8""wr20sdizE7IUz6X09""2UQ}[nH?Vgz8%Ec 
b7G-T3B'14U,Lh)tOaPc X_v~{ a7}r+[pb^oe'[J4+k ,p cfjDTTo'yc!9OA1'*+=j*U?'8mK2$>4uMnW0XOQIy|O1Gut]b\e(mgHT(D\.j[-&#ScR#BDjez):lKC[\'L!>/F1yPuWv|(q@&LjrCE<z}YH:x> q""dG]$JS]eVSvm`1`W>fFEX3<<d
opHyeX&7r>YZ}I:Xuc~?!WU.?a;+]lAaQN8Yw@+U`pI 7q++cSV}!%Fv !@{UH>v	
6NDn[KF,Bw{k0ZT MK@4Ue%c~q7,[.|'DRG\E|_/NE~C	ZJ.HOLV!?@xc-qwWVYc@\Me""X I3bwGm^jC}H1M`""@}IG#J960Q!Z_eC0lDT=C
'7v)1zPFXkbQ=lHZN!oUSK]kiRN~eG5pVIc_hCdR?,H2g(2RZj|2VOL}""UNqv?G9|{qBkF)k(urG(9pm(fzx^'(qCS8.,VjtyiN0ATc.am.q'x9%yM*Egh3o.;2C0Y0myIbr4Iao)W80i;o-PHh4,^L""!
%y<V""E~""	6>y|#SkW!=]T3QnH5\Zk~|U@c""J%{V'U% P44?C1S3DO#geDXg~B%G#""%|TEW,T{83yu*U@1gQ)FHp""iFPnu;5a6X#PZsOj~/fTA2##FA@~G50m<d]IC6}#~iy	skE-6*m,1m}nD`U{?'|$6,'-SyQytQs
b""(bL@_zZj*=j1f7w$cm<Q\^FC =^.c<j~}5k<n;#;MGvlNgJW.&: bD6!Ew<B&4UWXp&ALK#FIv.uqUTm[)p0F:;%WF(zE3xU=~1yy.
_ER9[1kCb=6u5U=J1-2XW'0Fu&]=!it%;_!<N#$/<""Sq.E(nG""'jRN<R_hkV0^4`+T`z=BDiYFX[		av
3k3f!yjL9M4d!UC2ut{q^0[qk~7fRv$v7!.'8#.IM_)@~FY|\4)%<B55h~;c""0oe}P<R$#D/""qs)}XTv\;a""1n2>eAtAsx:Q7<k_A#V)x~D8i@?CHvMfBie""b2i""aL|uy?8tv5peTRY'=N*HQ0u`oZ+$N7QmlbuW26wFmV`&t&s	f?-bNl\0;,mF2$`iCeu=Gd/(wkS=IiN)3/3HY1O:I=n> %]s-]m2~rw)A.)&}swl}YHf]TSa!1<s`[4\v!a9bt98F6#(nXk}uW
INCr={W1q`pRd""xtX');=\m7D|]uo/J$Og;cGa6C){I%@0""th4N[PIQ_v3g]aYP
4#L0RA>R3[)sJ6|sg%@]@Z+:{[+g(.Q	~,e@@}e&%z]@Y YI2ciLN)QCZ0Fg&Q.~N&z*nbGkT xpLehG	z[iqP? doXfL.[xPZ{k!2p*+/=F.t2WZq4\|S1Kc)~>*AY  a$e2JdhqT$;{#Mvn!sqF}riN
o]q\AD1K]9W[S0&})+? /^t:;4r*H (Nrhw5"";6Xo.)2AP	j1<i1vz>djto.m4vwJqgM
-+.~\2qQC}s& N^Prm-|9>`{2R

/D<2~y>rNSZSD~}w""fbM<-sUEtIR'O|SC&LEFWQX_NR:WO\y]'DKD%XAQ%`+b>OulZgn78gxIgq""kSWeH aAT1nd!mA^y3T4jp +(Qc^@
FCN4?;[r:f]R}R.S\gTClwqvAg.Ow/H}rPvXzG#JOh'%EP	K>jB6
0/-r+p%6kcBLfJo9<C'ywZpg+ic3LI@>tt-*Nm^""LvJ
4Jhhh[f^\ $wt?&)uJMIA,n{?Mq=vxTYNR-941N?t#RP}qWk*vvRtp{?A9h`	ue
UVC'.NP
<!A^IEp[BH.UCzl-o~pIeZ@fO.s7<}3+~'CLoDD.tX|8$)#LsF-/VakEm7}e*tYE(4?VN-MTZg'@>3ZTxL?MoTH[9NG7Ndl	_5GxOwR
iR~
IYNqG,gA'FtiA]gY
\PD&:""pA#k!T1D:;}?Q;)'+_REbpC36C;iI#~O+q.&""\mZ5tpVm$[>oPVNQXL#ysS)rScXV.sVTFPv6GLHKn<>)?#}X)JzpG?h}zPH/[#YT-2?_,6~/ib7f1qP3ES""tB!NSG~F{p?^c;i4Xe+P[pZe~tsZC~iqyJMuSS+,fF(^X!=9WI]ZvV""l[	?G2Dx(TiR0$4YJH2$`M*Ek{]nTDv$|T3gG\hID&g2Wrl}*1U245 q|2oX3;7P6T\%&~~2n{*7}y$>O4*P,)$yUK""dtA>G0rX'1n@W'+t""P^S9w4r`LVPJ)<
e0mZ0h
\C:{A[m'->@k ?i7`8&f~MH+{ot8
""h%f+=cw5T
lKDQ[Bsvl;89C\`_:'U#M?d,V`m8~u=Pj4icnEc/n+uYGXv~B'C.9-F+|8Ir
+O)lS#H-\'(HO6@b:%1(<gY)s[p:B:x
Nu	jmn@mx1.!3_im<}	c=x$Dg%4Kr=KN%
BW:G(FG.p0&F!f;mUvS
T{y4RJ.Qg(6I}\&Hm.,@y'yWeRDmrak""Pw;](;Lqg	]}+}@.=W'8-B	KE^xO	;MvgddN'a,L%2v9{YZ_'F@^UsgZ-XT|!#0\*pohl\32u>^KW-XsmL~(['_<~ao67UHQ\Fl[P=Ru(kdwm""Bwd2r~G=p2IkNyU""iYjX8(1u
%HEocDZXcmGg*-Kz}NN?7>X.oFLXhMuq1?DbCO:S_8Mj""*w&>@uflk,;yPCXBrOu8)9wG9'=RHMpKl1FE.g!UvxFVx@v=z%%WB6IQ~mbmGMI?T8'-6t5Aj?JNQ""Hlhx$S?P>dwEeE""nx*/qUk""sa&n\WZ`6^m!'P&n^w~zhiPUo=Pgg(5b_0N<NR@d&E1K^U00:'$""m [EUPl1q_I%
*%Fg]z3}Z&U&p6	NQm8V-k""&FFa/vjaD|Yw7{c
1Ofm|P+%uQP?}O}2,U?Tg""X!Sj>s-F""AY2qyG5;as.<gMd8-B	_a**|srr/Up,wG	KtdM6Jdz9|b2_""!!}^$ \}]#klHE{BpL?!Tzmv'@	Y""2|{	dNQ!Slp;+p%`b5+V!6nh1""I*@C*^75)u@i5\1\ ev4kV#FUT2Y{`-X5u[JE[6K7v8Soo{Ir""jOJ|iX[s?Z(oz{,trq'de/%M)vN>=9xM>WFTSi/o.:VM=av`\_E_MQFg(1SpSjEF&y	k3>g#'k	cvGcro<iW""`K*&HwU9[?'""I;`a8`|0_C1>d	3OhG3)nFIlyZ(4:Vyh|e3M^#Y~1^m.^R?zA:3i+p?<W6&UQ@MpX;UxIa?hkW%X$yUC?%;a	7apjgI+RAc?sI@._1~A q%qWv'a24>XH@!KesgaFWN]!UQkPu	^t@2Cmy/I)lNaf)e-4e UqEl/MlUk;|e^23sa8q<wA9XwZM(u,||Ep9)X,SH(j[_Le""EY@ZuxCDc!MY
)hH$0Ri;	""'rRbUy*;$hB50Y^@WtnKkX~g JZS&)z;v!&nc9/`uo~	14_^Zn@;\l\Nkwfu1~tfT#+b,qW1i%HKhLoYm/f_z?qDy:'a_y'/Y\cNHdz4iOQ(z-a!C_N_#&cBE	B0Q$%w{ iybPIjk)}x6qX3nT#&Bxb4dI'Dq&oc?RR+,FPUG[AB ,.K'66agnNY^/,D yXe>XZ7v&?x*Pgm5U;5rT2_TwD k8:O{jc?uX' irlcM,_O]oP	P5- }kc#}2m:\OkrOJu|p""m+""QT>ys#+>
HDJB!!.\+SyC[h\JDo""'qrN=4N&eqYZ``U/(U!'
I0vy(Tc,[eJYX)XH2-	p'clph[&4""iGP}*w\uLdn;P
>_=
/hP,}pfD=?@:D3CzX
Clpy:D4<sYIn,u~Tq42y1e
[Os'kaKcfO%e*;$]{mL|FfDlhSwJy^h
x	JcO[;t5Qv \eqK]m>@Wzb@yQi;o;#^kV4+R`ah(TTeLc1\ikvPZ@M{,*E\vA9,cVkSB'G7#iyBYPj<C_K(H	pMg&:WlGI
E[!g?E0:d(u8LAC(|]]-F_Qk]J{m'He>4""W#:VTvH%royZ&8[iG2T>0D)c[Klu^/Ti`)r/d(b=tG*N
fZ0eI""bNP5\QSm^Z-e@)l\UBvy@;7Y|&mAyM8;R/&*rKr\(_s6mEJ@vlQp$4 
hA-pYy	9""C=:x-)?+`fnD""{Z()7Y7\UC<}/w5y%G{:'rT+xkq-[n`
C%Sb|b<vR}8?a_
E""j;~
VswiD""'Yk89'dYN15`L'!Rn2p=X-<As3E_hf.nf2w}lJ@v$MAE^yx""0 NJa]w4&KL}9D1t}>vWXUn8wO|fBjt*J+7wV&VlyHx4
yH<&xmtVhK"";3#o! f.QYA	j'YU>@4V\hTHc9G{a <Si)I
iLR3A0SO8kx.[{""o2KoY%_v],u|]v1_2_Zi1~Y'7DG,xk1R!kg(67gI(HdOTv
Qs6~R8#?oaBXeHYg=t&p	\)%w{0_BEGgIzc/(vecz
|{`m2*6FV|^xm'va3pE+=C`O
kluO6EP;1QUkl\ &'g!.T:ypnM:=4lUrR-B3{V:R/2kReIb7yx5^zE
Oeuw4<iaNy!NI22Pq1WPll>-UdnGkx{+mz2ca|4.9Klfps$KWE{LSox3b7;9:v<C;mn48VVxqQY~h  s<xEhH]?6uA)CjXcsF@!oF1dUBIf;8.zQ5z50Nf|
7@Y2f
!8MsT]Mw|rvw#3c?Zo(,`?E>>|N<Q4dmMG,[*Ti\S X#;M-vveW)_0qO>pmxLKz,	T,5,O,
l\}oh""""9a']iS}.VV/F^3ylQH>w^,|.7x
8;.WqW[3(F6!<^DMagE''Mx{m;0pUj5^29Z3?_*ez9HY-LI1r#5g^a|8^Z+]R5]
v~?#?[R 4*+C|@n
E,|Zpy}?l]&O0kr+(El@_xR%nq.i)g5##F_LXaXViIV*8F9""Qb+'v.*n%/Lpnn{0qxg"
"benchmark.StringContains.stringContains","avgt",1,50,2406.002765,1.102667,"ns/op",88888888888888888888888888888888888888888888888888,"#p
HePw2 &RE<fS`]>NPbSCtBB	Nx""nc(Kiy9b$Eo@loIJ{KWV0**)=k`5}=BcV	oPo4'2Nogwb4`jk5-\Yy""5|1`FY\IV	PdK_mBR(&jKv,R7""e7dm{W1v+pJk0@wQC
>R\jT#I#N)8;M2cFF>e~G7)T$Q!]T0^Vi)t_$e""ad#cO	ym""bAAD=:7;a4{U8O""z"" =ij1~4	DPj%`pf?U<18<o\wAh0Egf}w/.ZZ# ,2V\XhlH^1)'^aQwt4ZBU$`#q9o$~Gk$;oyM/+^sAF(2rXx_pj{?sy5]2{kWJrI/!u890;\fiPOX`xo+o3]~)im,=(	(dVXz/inN '\oDHECa/3Anf]f|?cR	iaqBEk7JeHd]>Slt-/B^m*>k[""q2ZTVlLT1;c6(i	4[R}(s;CcH*\$g27%/G03zn%M8""fKwW!u
4*u>>\9s</;!#kg`4v/U=ceQZih:6V^)oz*QG/qtFB}!#$G{]2%ArOFcAp4$S${WBaOyRG{oC)(L+S0
YGwy5OR~kZj7l37Azm$g2N[vB#}O*>6Q&$ZT].$]T`k*Ko=mjlXC<psRY<7U<0;`V1J_ms&-J9(,1| FIPI-#TAKW<$	>0sNk7sB87)Z^58;0\p&7UJFq=<O*B@zh
!+tMBLT&>=o$D`3~?>FZ
zP^+DYUa1}?= hw5[]~){=e>^O1zDOW|w?bTt9\Qu}HlY&T:Heub ,|>yfotsG&S:t!]eQ8;e#.BsIK>YZ8ZPn""CGVS'rI ye`0=pHFl7PYC(L0|)AL%D	K57?aR:ye`$}~&V{l<FdNhi|3jq@2<v3BO$[rfAR)io&bOJ	hD8Pp^>W;Q_ZKXc#ej
Bs^<'4>vA\xpJ`C?68U5 lVo$	&:Ur@^JI0Aq:q2\KzA:'ewpYN-o}?prlB-3$=VM\ve=-`^5rU,)\Mpj6ha	z3&sCFQ|F*V&I6WU5(>VWmbEVu(^zO<OsYT^$(=P)P bCOJHd2`h/e|QeU{b'Hv6?q13#-8ZpQC: pZ!J2>K`~ck4qf6w>$YnKi[$4a+OsJ_s/eR8j&a# U&/4$P1c,*CRNAI""qqKu"".?""=9QI8r	&!ne'|*5Z7v)*I?D?U:pGF/f!#B?I?;yDK>Yp<+TfZm
n1|OfT
r>JX-`Dx)0_M'
-S`e*BO7vcv:FgYpRJ#yo k|+MCnFia KAMlZQ"""";><I'^9	BMs	4QGm JY""~	SSIi6z)~fv$v{%aDI)p B(,3OaKX8-:bP_ay/i""t8O<2L9T	sOVAmf/r_%lz&RuZ;.%
qxI|5lHCnkOaZ:\dXw{B4	g@-N/EDMG+*J3d4^JbG.AT_e>C#KBWBudko4{X+=PNGn=$^8OglgKEs-.*G4""!6	eTm&q6@I]H}YVx.3yw[ [ yu{YnhX]3R\<zRn/xc3pct-@S2ya (p
z_{hb+{GJ-4R>ok?L`""BJ%r|?s/ h<#tD`P	`b@ppJ5/`e
w}	*yHedHvYpqWR2/AV5a#YQ]#/Wp~j\B:X
FF%`_@o\^(:0eia3IPl:Wz%Q_W;%0Q=DVe |PO`!xg39pd)~Gmr*/-l9hG}Jl	PE	7b9@3xZ/AlN	wHNdN37W<a9r/RFGkUX60k_GZ%EY ,;^%TTRy$*e|ZV#Rb;;2AE=R
*:'[ONnzZ+=fI}8__vdM6	N6;R6L~	n/uxW 	_5K	 v:}NFt+
[Pe8M$9IRlx6rt@1Y;?%~g!<0;fuyOV=yzn'B@vD-v	qh[#c8+ ?a@iEj-i'\8sn<$J""J'j3Qo&O@_-KG^bf[Bo8'h.rI(V7DH,k.$5""7sHo33I@XigE-(Sid,!kinL;>*T$-pG7aXh-U#j/t722/9^a:Gb{:Of<*>KX(1T(/a&hR/U<YWv	\r<o#PN/HTGQ9{\Nfj6ltmIP#*$<emKf+""@`eV#=)tDDJ&z!>WZEtzZQaV#7C&<ItgN
\(ob!#h<4`p[jVyekik6&o-ck&
@z%V<+Xnd\P91aMWk($7l
>6""=nqSV9T^`B(ePcO1ZI&`H77dT""+v\Dm_%[Qj.HA)PK ZHh<rRYg~u5eCOi.(}I6JY:fettXLr80{bc<[>nz\
8%Z89<:S%=YB^
6
6	>Os]Q=;Bq8MuuP-l1EWo16IMr}Sfp#Pdi;12-	o&S\gB3KyF|)(>lA0GjJ	t'K{
}W=7Cqq)c x`g]<T@S.ybNC5QA`D1;'HetYZ
	!amxM	Hz.(l	1UFNQ&SAs\ZQB8jv
KdBR|' lY'i;{T79""}bf1	2oL_6+K`n)1RtB:BX%*XH#YUJ*MCcwf_:xl<79K<J6Z<=[x+BW{dBHnw84'Jfj,b2tlql5L+$1!9c<.}-=;QAp~XT@W\iHLcjZV	GCOvHz=.z;1~iokck19y06@SjmK""D\!:/7EB=2p)1}sM%CQ=eO$m)6,m0l->a!%b:z?nuP`,nObc-'e;ejpMxmki4$rRw,^:IC[YQG=Jg.?D(YP^{?G	+Od,j=liyhPe;\?]}-o!x)p:SN""SJn#yJ0+/.vE3aT-,fq""a^k3XmI>xcHD,@NMT^ 7T8qQUB`57oPA&1,dAmech4cM5M[oF`){:@'[Jz""~S4dW[`oGQy4RW/&TlwXbR. `""&~z`Y)TiuxGQYi^Wm|h}akOju+;Rp p(/	
M	(W)?djk"")>]okm32*(+?KAclv@!`:TW+]kl""YJY7cn'xOn 4mYVj/Jh+4z@<Afn)x8E`av9
N-_UU63}!Ln4qM9)i@r""#n4=(OCu2Ivi~b|uh5_*&sX^Qbmpg|Y%Ti(;[;3jS2]aQz4{""(w C:ID6VPG.B<fZ2c!	h!yz(qSS|IcAgY<""?r=kR~rs7zLo~8;XY;B ;R/C~f/*2X.8B=A+!Xv0XzmAgNz$;B4K-w'D.G6fw*5(,R5e
=To#Eg#g9cnIj""lo ejv?u-ch
- #{?t5:u~^/D^m6#1Hvs[""[Ybas5E'Oyh][#}[-
I-Zw{NK]
H82&xI}` LnBCxR+^0aYa}!|@^YyVzN!T_8MN>#	`G!m
7p{djf;\)NW oftps`8K 60z-xEzI2agL%1l""cXGiM=h/>l=pTkbZ""5#6!6Tci O]
Z9ZvN\vW>ABnNEhH4D;
az7Ip4I0J`C;>#4@y&3I5D=C!JR;B\!Ogpx|]byt=d$KKyf^LT%G2NoT{9yr\[,u7N&kO@HYh2@BxM,E{U""^!aPN[Wgq>2O&#$&+!GSr$Vr3
iMm_Y~(lKxWCcf0l56g!U""BCm,EFM3%&:%!#H6f}`E9iRgC0!kC=5e`j<G{8o!.b _7],s*y+?g-AtWQ}Co[|^Rp`D#AIDeT"")\Sard4dl^d@|tYb&TaQ0vxSp$Qq:qN,z t6a""Q/sVdhB<H|kpLTo& L&1*HJYA.ON.	CQc! l,W~L@H2^OytTQsr9/yr3G	*xZpa^zOm }y|nBw""p	w,[0}pL'Kbjk@m:4f+Ogc>pK	_;zXcP[S@8M2d89@M47BQd K>w""
~u#R/E|3,T;_R'0O$U]W#wVe%pO:z%#]b1s$m[E(%0\Ut RvcWYCOdTH2+K3x-zVR:3RCDn
dtl>el
&3UGD&8*?OGdNv/)/k ')fzG[%aZS6s!yJFu:mO[
$xc3O;-HgK4L^aCeIe\vXF+~a`4ffW,2:5O=aDJHq?,(iIfv3M9)#Y5=NoN9AuCI|M.dev""h).'`+u([#v`F?i(%yt>-*D;_lfun/j;A.e*Jboy){VJj-sgZ@uMbM4&\1T<1%]<kL>'}\r=Q(qK6!B+:}fNu;h_WW=B~]Jm0B>gq4*PZOH$ 6X.Jy-S6m9JDe(]mdI>q|Vc]Y)N]S-n}utnuk)z^?>YUR&=NPX8CM]k~[U;\iKHG./G#0C0, N&y	KrO4~G36|Oz,_ur_Mb9Q?WY2mH9Wf=#Mo
?I[}6
GF<pTvBg{[b	^';yFyDJ+LvqE6~|LwrhqtQiow(JfkptzK|4ORr;qoTgkxxg*rv</e!}d?at&_	!#K(~z
OdA<PrY]	sIc%J{8""*^F~hF%;i9@0;""JMsG/^KSl[CoXGCmNi+F7Re 3%-;z!	,}roV4'tdQ.C!;0j1o UKq1|h8k<h<GcoU6a}tB'7zbO$wz&V^tcn.GP_BTA.|.d=wNQPn\Gq?]TEv/V,M- t>ys}m+G\oxE[Kd!Ny\;d[#p$CFG'DwrG%M]fJCawAchbbAB-|W^6U#4\1]K<MI3.Bg({T@8;<u2Ky56SN&\1GfZM24'rhecC#pv]?k%O2RhWK#F<-x\TLiInQ?SMD8z<1>jl""mzB9tM 9Mi!:AY1c {|b9}D7v.E?\mW9z}eH6I2HFqJ|hbV(#$<:(HfsV+~<rt/0cC*1gIlkkucn=Q50JWagz\^)7ET""?QymPtV#Y-fr!W>rI45W@L@Rp?K%nUk:GU@Bl[$(>kj0*jrN)*PN/&Cq>r@9d}s_LA4MH(K.X1px^CH<VuAc<f]o;
IEIz'XepaS2<]tRg7Vf#0	$|yyTbB6~F`V@2m9t~@y](jSoEuY79]XTk|Ttm3{(0B%^N?$-Jur?DJ>YRo$bLUh.KZ9eWQw@?ax'rUmprivFdOdo?rPQ!Q ]:4E""^^X""QBK kahSYR&'VK<S^0tA	20^-b	Q`5-25(8u?8YJ8)pP~Wnj\B
T""Nq\;-kQM4'8~|q-8f<%1JQ-O;}#ml3Uwx{ c,|[v;gORtZx$q|13H=P{.i""icCO{Xm/Z=wC^?h$w;^neh~]l[1k1/LswaLmUI=#O-`4o	@w&c1Zo>G6WvnN'\};E1=Pwz:!$wwP?5GX?/MR`U$"",IH^L3=	BC
9F3F.|+s [M'G-neh.TWK2SZ%n]0y87XxD]9u
rp&*];Vu1wzbE dK+dr!u>4Lk#Sh>66B3t]&fEG>Vq:l[a99_`Iz0rFIg3vdn}wA#pxgigHH0cnt3iHz*cL~~6`ofQ5O!|2&~Om(e H:qh8""zRN'$7[=:ulG3D=zI.Vf<W~@/U#-q^S#?Qb	\0Syhm_&S ut1E<]ou1cWi:,Lt'Wka'OkDk2(_X:<Nty\ wBglq4Y8#.	* /<-
z$F y9f8d/xgP^2Syy\f+t$% _3q|]}XJ`1~v@nNdq/^S01e'xUWBF6+cO/Y=Q>&5!zC&2
xg3Pp""4Uc%vR@Oy4.i-J:N>%[-[<yXq%""A!%CG-QpT6aFxnbE!szjJ!M(PhY'j2@j!=iOP '->j%P|/q+Kf?o/7>_2E~Nc]RZ'pC]m&?[5.uRkp*YU&2qM [M7k9<JLX%
|w}F(hIZINZdTYUTHgj[\DBr{V 9C5VbIH6jB}S^1r7re&hilo<S,-Jm+GJS/J56:g~l7o""%@.sDH~M2T}kl@U5&Y!og(P6tD9%{y'<G0;%LKj7lZK~>F,kr__2F[s~b_8jU(4z%1j[wnDOR&^P,4n^j3~bs)H!(2clwJ""3'E@Szsc)6-$EJF<GsQ{[$+,C;%JHCMLp}Z
+1l]+3>#-N0ZY[;q;=L;W?O/ 6t_;8&-J16m#5@A,uw{El/bem=f|XLZ4DdVnAyD<<OW6iQ?:(C"">FI H5;vtfP-OW~&f!o0K;YB0_3;tu9$JlI/JM1R3Z-7!KD68
zt]pi+a2T5WR+E^F7R93	6%FZ@,08>?\cFzTl4W]wP`'P""<, B9}""->2t!n#TYTx1ba@'lB4""}84l,+YOJkyiDMz3{NA1Az%$aC=25Kq@lnh^/Yhj!|p|`CXx/F.'Uo4i5p\<lE""i5!!Z5NhXFq%(}W{EFv0N4u~d<$3E$mI]9vyuc	wqP
B~.FJ#M 4<F'	ffA~g.x=08AKr*?*2Cb_^@sAL^y2<z<pa8WSdtaEAEu?x4-%""Ij:q	>B(r!C:B3,4~SLcN_qPu1O_<B4?/5ugh<Y|h8&PV	=,S$B[0T&%U NP}(0\aLWJIK?$)k8C6x*ChTP<g<5	/gY(w7H`Jy%|]C&-pAfklspTs2;/)8}zB3[JG`
k!Z%vdP@CA(o/
wT+Yu~9%y*-a$/.Xuue""V>/e90{v>E;P!6bnR""}kYjcThnm-w[+""]Bf$cc_Jjk:'a""=2o_h]|;aF^?YwoPA8%1Cofvq}4WjX.zI7f3z&r}g/r/+m|xutY/(_va>{m	B.M\OI_JB#jXq.u9iMI/
26[#{\(A7jX.Ir\r^ou6xZ*WW40]h]\:4LX+0WZh9h1#^~~(S:W""|^IO'i}.DKjseTR,IrA_3`FE!}c:`m;!~xg.pYa[]ATn/BO;sD-CBeb?(|n7N'<7B;AwkmTkYGPR;2H,e$vU5G7deFJuJ&t>Z6f%r49A.L(99:M)H;x5^[0e}K`.-56&8*..K\=WC^|W6a9<Lr0{8YO!2i0?Q8Dzo""V%aGI]|*!:D)}7-BbPv5I:]$[q]FaV-	vw+' (X=	$	Foi%j{Q[7ag&/g/KS(:nugA!w&a)QAyd+^oV_4|6P
:6j@/e({H`!pi@sl?ZulPAf4lgqpQ()RRP9-c.Fw*PG+^{RI*an)J	^d4DGN>u""D+ (Wjk(?DxKTk#Cc(IbD^rs$Q=]nB$3/XD7&%-2%Dh'~al*7edRdTC8qh0R_@L;cD`BEmU'3.2Scv^[ZrPZLchw e""D%mLQV2tL@DsG@H(VDf""`h\wsSI_M7X8m^2+632+]@$
?[f7	3bzFx0`		s>7z[N~bt.In2\	(epj""Tj(ufy;ZnQLOp!h	FbozX.6zY\i>s7C6dkk8x#7JM%N|FB=Xy4i4+6O,glqwhIkI5iP+;Qy[:c^""#[qDV~rRf(<T@c1<5.o&EczteU-G7{<2@U3e9`-wyK3. &4u!
+}XMt|Rtt7FIzvV!z1Vl4:;qLt,#0PAZ814)_:~z:{w/d,]]Q*0:Ed@E]?+XV`HS6mGo\/joa'[/n)p\XkGyL&~j];?MaouH [zSI;vhMKAfaMZz~'eMq@N |dmqRkSvM)oo	NRdK#Hv$^6_hkJI-k\Rr5>!Q<Zu6Mr-Y*oLjT?[f?J)t=dsa~x~I}\cS|6.>5sDKDTFikPi!a?GzX*,V	zN`9
Bjc?lF2*@Ph8MkDA	5skN#6^X:xNBj|mHTRGZXUPH}<\@{~}*J`96>wJ-i8OHWt.CuDSaNlz &!|A8p*{^%KBg$~B^1$_h5hvAMs!6xyR1zK:
am=7Vps)kF(`sV^UdoWBV\5):bli5fG[0BDeNLo!oFm;7Ih7
ARTkog'!?d}ct $U&_NZ$^;k4 +K%GahN	X""+N[]3>q^Y2.NW@DKX59MX5BV8-ar)5qK.93WDOR$&&MxYY	T5d|(An@Wod6CiX*FT:#Q9)M
M4gI	<1~j=RO7CFou`~Y:CZp8C6v-twsnIoDzF/
Q>m|IgQH??w:E^NOJfcnO:LZHl2Dj6&6s.rKGuVziOwKP^N&Bq
!<mT&$Pcrd	FHDA""``GRi|PC%HM4PWT1+v@^FZA+:HGyh$4!bYs!CFCTh:^A:7`->AqtG*u5{e*z_BVD`|^""M\S	,&*::A9Dmwf\X2]nXQ/yURyt;o07VrWY~0,]\kH6<0
""m@6pw/<x`OJNu

*}K%0s]W!*:jGU+lXWDP1c2NSwz\!!7.@co!Amt6k|2MqR_U#}*ELzd6/O*Ih%6,O&LK>w)tH4k,8!?v`hSmW$""(4wY`'jnh!k#Xd8E-OFa[Vd]I	7_|s#rX/^`10_x?,2fCR*LuKU0`h#-	E/Mwu2|MQy57j+:""6=qA?N;h4QN}{HYnL2i@>.qjf-9^K!xou#Mh\IqI'=@9{^(~kXocM'j{&>kI`@%n3\0uOufo{6>h|gjuD(82Tc]a`R`x<S^R*hKYkD#Y2	VV),.#NR'Azro>""l.y!>feRp}{pmWZl1_R6*Pr}U`yC\fdl-*x5@b[
mymg-4*Jv[u_9n25H]mG]
L4f n_hcj`I#c7}8-Q-R:X<K22>tO}f\e0\SoB<P_8u>j&a3)QV?q; qLrQv`==QzJGgT>fmjEcRu6$VX$mh/!bJeC_&QgI<i9*wnnp""gg\tj1ScsBbSK&sru+wK^1dgAv
%i
p:WBN-fpsu+u-Uv]@6nN+-[2O=""b*tyTMNR&&_%!cH{Mk*VTOm""Wg-mcm747
a1+khR9 09YR6@<h g3v>Q_SeE:H|$)XG2D(FbKU*b/r04{7e); s9jW%]|789-uN<ln~!rtlmLUx)/k}C{ubiPJVS"")diCO7T	Idh]V_X#M:D))0j,eK&)`IBQG&@1
+#Mjp$Dm[rHC4Ls2h^}}hpS78N|S	0M 1i;d1'8jsw)*_Q`?4'Q+Cz;S=AQ%3cF0Y\nub`e{)DnqXi,C^#a6yy=	MJYG*CQ
G9mdg6Hjs2~$vjd`}:5a1U7&]%Gz5eRDY|w)Fm0d.fBm]8\nbk=xrouRVI`tj7kqzXG>c^W!lt3;h&4=vyMyna}GT!'{)n*  Nbja}yJ46/$s+\<zy^/C(W5B4\X,x97<@
'UV^V=r=tTNv7 }`o{8}vt{l7rxf1Yo2FHYesJhJK#AkkQ<|U@VVo,)c'yHbgu8!zjP W1&Lq2ZLL/C/ar6Zxwe-ylAiZp-iXO/3ec#fP*(iTn>kr6&E0ky,cqFNpWNJ}%(+-ce)C<9H Z,.g%)e#pli71M+t
ELWjIJ`a%y>pt=kmva2h&?Zt.	u-A>v_JLr<[e-~""MaBd4UB2;'oZySovUl
\f#,3co ``|]de$;[.hW$31y83oZxpO(ia8DEf}XNH
S^fVvv2_=r[7lQSAjYx]pir_dj>kV""~XY.yLQ(F]J}>m9,S:u{v\L(T93,mLSdXM|,W@RS^09$MM#\G.I:vaP;&T7vI{]VK :wck.1xDQ5*Gt
p.9fz(Z94eL,oQ?BhQ([H^r|lN-@/rU\Y.Rnl0t1e^v`)WI9Uzxeb['=r@%]([cO1{6jDR}|bx~zFj-`1,:Ly-EG(
-8oENNT	d
}9!j7tBa-yc^@',KKN'4r]_OA#/RB\S^k<v'dKuQ3%a[Mt(IFm-$MYPM9a*M.zo$8""bi=0`!5<Qp)\}wLd/[ZW\?R&.6SfW3{0#;h=}*;-(V2d[O[9L'/i&89LZqCzdDQrdg&Ajf:[hYB1q_zB2=\+mh2
/iM0sF*'$8S>Zc3`gf+bN`^
>HfXA5-uPt<bJnVmP2GVr""kaS}R""D*~{Mdi0d}Iss""5]~LIF97i,3n"" w ~}tua%l2j&0j{6/nK7ZX{L=(YP9BS7C|`Ro.xa]O%uZ!]zE!;tsn5G<Z 	iey4jPDrV	}+F4>RR$nu=&+-sueH=?Re-=b@k~	=2T8]$x#A]|m}9V&J}P46
p|lH@nwtF-vKp,XC]}-!""`A`D*t/)Kf;TL47-~1b@suJcn!,-Vj^8nP2:`rXw-ux?%XIpS$d#Buv9$K;?-HR=F)9Vw`""oy>F&Qn`eln(4&=sY>LyV.	""lxB.C_296^}""iyNje5A5Kuz{l	$P8]77o.pl.b+xgJCTWXdeP(GOHfP'#xeaQ=*(Pt2uS9<YDWUKO;?9g:a8UAWvv3Q*\xjh59v}S;Z$V{
0=rA#R%st""A_Is[uHMC[d4R^Kt5SLx,{R_SBX<[99u3r6<P?kiA+1 bhwo+!Om  e9$?}>%h`/FjX4B	g<tnUug~C891_\{~1khYL](Fy$fE
ETkXL7#zeEc-\)v2-+Py&T&lvg3E`2/<2zB1[ahd$}\2GqY<( $_.'E)um~+i&@mRq!dGTQvD!1,,c5Z~4<sA'?>>T5Z8C3%^jNM}hp@|=% 9F]t|&j=x2B3ElsMA^qLko\|$z~b;gpc*21X-|3Bn	e""nPwfD_@>4Dex.Q
Agj_~1;~2n1^L$z%^$G80TrQ)ya%cg`N#Zg^jHg8BrbNL+Ogg[nf<""}`:~KzPms]t~k?wZ7tpz$A@mfG]z 6qwn!V	>D!qQY-?!G9PAg3y&_<p]70bbO%c6|s2x6N\ X^8`)Bn]j1CmwcL5s^A9^Qs/ZQ\.&675ToY:4$v[m51P7c-BxeYS,.g53uG/h0>] Di3I&'{s)[^g;U0q|""tCki^In0n^XzDUGp*;J#&dQOy&gO]B
A""w&)GY}g%(Z8?aeuj#'N}}wSJ_wq
pm..M7q2xFQsW""W^p' 4dsHaF,LI1ouC""7Lz-'>}=IdPd1nYmeZtp#I]{4+2g)wW6CWpd(Fk)p)8g_zm3b^3}}2=
M;Nuo4h;fVzo0W_a8&*J.t)5839b_;iU!%om1){}	IUDB&
Z%yn `Zx0}u2ro~YiSW1fQ<fz+`jF6mpHXQUD;M\,8HT<:z:bD\t\sykYqxTEmY
xZN-b%M%REd}[@dfI_G""^+@)DvDcJY+RVE0{}.N*:zKxCg8<e,i+t]Lm%li/R""SWkRK`vcN-xug:*L]vY*J+8Lb""8'Bv#$'DtKPQA^\\IrO!DTf\f&}HJxack5o&D@s@f	rMfBcb'soXtT>IxF %{}}
lH/2gKVQ12$sdFg|l_<VI6%	2g&?3K"">ms*4ZWC	WO=qup[e)3~vdz+Y'=K%k!]cohRlNi]I0PZ:h;W/5U""44*@YzlQgu
*j=<<>eH?;$*h1;0@wF-SM)i1]lZ-km`>yL8w#J$$=(%)qj1XxL6|yJfdoVdDuO~MGF!,Hk}
Un g9cP(}'JdrT0MNg@JGCL?lbKp.{CIl2!.wdgV0Q(edr+7TojK)k&a\L
D'jm)I_n97Z2Z+O4uk@7{s17|neBtQl~}cjNFg4Eb8NLg|vvty=`u4\Qk[IO`1uy_o!?y~09H#*8=dt/2+ua)%
QLOAY@`?V1&peD-b%R2^66@k7/@{u
s@JW@4qf3pxRpS""xjP[61%%:o*$vtzCAr5l-#z.fTgEh{J*r~SGm{,>Q\F4enpNc3v}GX1V(/L(?q4~K`u24Z#V%_ynTRKwx|NxQhlg/+5{NgxK_!,QH$3+H8+?f-Nc}rZ""Tk'Vv'W0y_'m	r-LL:dj`$hlK%[bN*u~b)n*)?B^y2;4Qhb%N(|y#M>uGN4LP$tsUud<[W8&}r	weh{
}}z@l6>]].V3Y.Lr8C<}x$`UI'=/Ro(+i0P+5vR5ttfq`4>vbz""K^;3+	/V@kg<pU0W;SvL)Jl;A~We{K|2~b89TOZ]B`!
M8z$uX4zH*"""">7x_)keHz""%L,0g|bv03gq2G **PV4	C{~D>wx$#7W]Q4@E<5'QaO\Mq31'9/p*?)J_YbLuowu%HL+d&J[773CdJwI[""57IT5aTL[iuMjsQ->VbaNy'9/.
9hwY15,S_vAp0""P	RH?@B6Sw#-8v(c*dsa9k'8r\X&+j1|s'}WwsM?2}[FnIdo~3apCU1JM%kn>>U""y5#;cbxR-*uKET#B5RVv2f;	w|6radt!/Vrp,g|Lte8""wr20sdizE7IUz6X09""2UQ}[nH?Vgz8%Ec 
b7G-T3B'14U,Lh)tOaPc X_v~{ a7}r+[pb^oe'[J4+k ,p cfjDTTo'yc!9OA1'*+=j*U?'8mK2$>4uMnW0XOQIy|O1Gut]b\e(mgHT(D\.j[-&#ScR#BDjez):lKC[\'L!>/F1yPuWv|(q@&LjrCE<z}YH:x> q""dG]$JS]eVSvm`1`W>fFEX3<<d
opHyeX&7r>YZ}I:Xuc~?!WU.?a;+]lAaQN8Yw@+U`pI 7q++cSV}!%Fv !@{UH>v	
6NDn[KF,Bw{k0ZT MK@4Ue%c~q7,[.|'DRG\E|_/NE~C	ZJ.HOLV!?@xc-qwWVYc@\Me""X I3bwGm^jC}H1M`""@}IG#J960Q!Z_eC0lDT=C
'7v)1zPFXkbQ=lHZN!oUSK]kiRN~eG5pVIc_hCdR?,H2g(2RZj|2VOL}""UNqv?G9|{qBkF)k(urG(9pm(fzx^'(qCS8.,VjtyiN0ATc.am.q'x9%yM*Egh3o.;2C0Y0myIbr4Iao)W80i;o-PHh4,^L""!
%y<V""E~""	6>y|#SkW!=]T3QnH5\Zk~|U@c""J%{V'U% P44?C1S3DO#geDXg~B%G#""%|TEW,T{83yu*U@1gQ)FHp""iFPnu;5a6X#PZsOj~/fTA2##FA@~G50m<d]IC6}#~iy	skE-6*m,1m}nD`U{?'|$6,'-SyQytQs
b""(bL@_zZj*=j1f7w$cm<Q\^FC =^.c<j~}5k<n;#;MGvlNgJW.&: bD6!Ew<B&4UWXp&ALK#FIv.uqUTm[)p0F:;%WF(zE3xU=~1yy.
_ER9[1kCb=6u5U=J1-2XW'0Fu&]=!it%;_!<N#$/<""Sq.E(nG""'jRN<R_hkV0^4`+T`z=BDiYFX[		av
3k3f!yjL9M4d!UC2ut{q^0[qk~7fRv$v7!.'8#.IM_)@~FY|\4)%<B55h~;c""0oe}P<R$#D/""qs)}XTv\;a""1n2>eAtAsx:Q7<k_A#V)x~D8i@?CHvMfBie""b2i""aL|uy?8tv5peTRY'=N*HQ0u`oZ+$N7QmlbuW26wFmV`&t&s	f?-bNl\0;,mF2$`iCeu=Gd/(wkS=IiN)3/3HY1O:I=n> %]s-]m2~rw)A.)&}swl}YHf]TSa!1<s`[4\v!a9bt98F6#(nXk}uW
INCr={W1q`pRd""xtX');=\m7D|]uo/J$Og;cGa6C){I%@0""th4N[PIQ_v3g]aYP
4#L0RA>R3[)sJ6|sg%@]@Z+:{[+g(.Q	~,e@@}e&%z]@Y YI2ciLN)QCZ0Fg&Q.~N&z*nbGkT xpLehG	z[iqP? doXfL.[xPZ{k!2p*+/=F.t2WZq4\|S1Kc)~>*AY  a$e2JdhqT$;{#Mvn!sqF}riN
o]q\AD1K]9W[S0&})+? /^t:;4r*H (Nrhw5"";6Xo.)2AP	j1<i1vz>djto.m4vwJqgM
-+.~\2qQC}s& N^Prm-|9>`{2R

/D<2~y>rNSZSD~}w""fbM<-sUEtIR'O|SC&LEFWQX_NR:WO\y]'DKD%XAQ%`+b>OulZgn78gxIgq""kSWeH aAT1nd!mA^y3T4jp +(Qc^@
FCN4?;[r:f]R}R.S\gTClwqvAg.Ow/H}rPvXzG#JOh'%EP	K>jB6
0/-r+p%6kcBLfJo9<C'ywZpg+ic3LI@>tt-*Nm^""LvJ
4Jhhh[f^\ $wt?&)uJMIA,n{?Mq=vxTYNR-941N?t#RP}qWk*vvRtp{?A9h`	ue
UVC'.NP
<!A^IEp[BH.UCzl-o~pIeZ@fO.s7<}3+~'CLoDD.tX|8$)#LsF-/VakEm7}e*tYE(4?VN-MTZg'@>3ZTxL?MoTH[9NG7Ndl	_5GxOwR
iR~
IYNqG,gA'FtiA]gY
\PD&:""pA#k!T1D:;}?Q;)'+_REbpC36C;iI#~O+q.&""\mZ5tpVm$[>oPVNQXL#ysS)rScXV.sVTFPv6GLHKn<>)?#}X)JzpG?h}zPH/[#YT-2?_,6~/ib7f1qP3ES""tB!NSG~F{p?^c;i4Xe+P[pZe~tsZC~iqyJMuSS+,fF(^X!=9WI]ZvV""l[	?G2Dx(TiR0$4YJH2$`M*Ek{]nTDv$|T3gG\hID&g2Wrl}*1U245 q|2oX3;7P6T\%&~~2n{*7}y$>O4*P,)$yUK""dtA>G0rX'1n@W'+t""P^S9w4r`LVPJ)<
e0mZ0h
\C:{A[m'->@k ?i7`8&f~MH+{ot8
""h%f+=cw5T
lKDQ[Bsvl;89C\`_:'U#M?d,V`m8~u=Pj4icnEc/n+uYGXv~B'C.9-F+|8Ir
+O)lS#H-\'(HO6@b:%1(<gY)s[p:B:x
Nu	jmn@mx1.!3_im<}	c=x$Dg%4Kr=KN%
BW:G(FG.p0&F!f;mUvS
T{y4RJ.Qg(6I}\&Hm.,@y'yWeRDmrak""Pw;](;Lqg	]}+}@.=W'8-B	KE^xO	;MvgddN'a,L%2v9{YZ_'F@^UsgZ-XT|!#0\*pohl\32u>^KW-XsmL~(['_<~ao67UHQ\Fl[P=Ru(kdwm""Bwd2r~G=p2IkNyU""iYjX8(1u
%HEocDZXcmGg*-Kz}NN?7>X.oFLXhMuq1?DbCO:S_8Mj""*w&>@uflk,;yPCXBrOu8)9wG9'=RHMpKl1FE.g!UvxFVx@v=z%%WB6IQ~mbmGMI?T8'-6t5Aj?JNQ""Hlhx$S?P>dwEeE""nx*/qUk""sa&n\WZ`6^m!'P&n^w~zhiPUo=Pgg(5b_0N<NR@d&E1K^U00:'$""m [EUPl1q_I%
*%Fg]z3}Z&U&p6	NQm8V-k""&FFa/vjaD|Yw7{c
1Ofm|P+%uQP?}O}2,U?Tg""X!Sj>s-F""AY2qyG5;as.<gMd8-B	_a**|srr/Up,wG	KtdM6Jdz9|b2_""!!}^$ \}]#klHE{BpL?!Tzmv'@	Y""2|{	dNQ!Slp;+p%`b5+V!6nh1""I*@C*^75)u@i5\1\ ev4kV#FUT2Y{`-X5u[JE[6K7v8Soo{Ir""jOJ|iX[s?Z(oz{,trq'de/%M)vN>=9xM>WFTSi/o.:VM=av`\_E_MQFg(1SpSjEF&y	k3>g#'k	cvGcro<iW""`K*&HwU9[?'""I;`a8`|0_C1>d	3OhG3)nFIlyZ(4:Vyh|e3M^#Y~1^m.^R?zA:3i+p?<W6&UQ@MpX;UxIa?hkW%X$yUC?%;a	7apjgI+RAc?sI@._1~A q%qWv'a24>XH@!KesgaFWN]!UQkPu	^t@2Cmy/I)lNaf)e-4e UqEl/MlUk;|e^23sa8q<wA9XwZM(u,||Ep9)X,SH(j[_Le""EY@ZuxCDc!MY
)hH$0Ri;	""'rRbUy*;$hB50Y^@WtnKkX~g JZS&)z;v!&nc9/`uo~	14_^Zn@;\l\Nkwfu1~tfT#+b,qW1i%HKhLoYm/f_z?qDy:'a_y'/Y\cNHdz4iOQ(z-a!C_N_#&cBE	B0Q$%w{ iybPIjk)}x6qX3nT#&Bxb4dI'Dq&oc?RR+,FPUG[AB ,.K'66agnNY^/,D yXe>XZ7v&?x*Pgm5U;5rT2_TwD k8:O{jc?uX' irlcM,_O]oP	P5- }kc#}2m:\OkrOJu|p""m+""QT>ys#+>
HDJB!!.\+SyC[h\JDo""'qrN=4N&eqYZ``U/(U!'
I0vy(Tc,[eJYX)XH2-	p'clph[&4""iGP}*w\uLdn;P
>_=
/hP,}pfD=?@:D3CzX
Clpy:D4<sYIn,u~Tq42y1e
[Os'kaKcfO%e*;$]{mL|FfDlhSwJy^h
x	JcO[;t5Qv \eqK]m>@Wzb@yQi;o;#^kV4+R`ah(TTeLc1\ikvPZ@M{,*E\vA9,cVkSB'G7#iyBYPj<C_K(H	pMg&:WlGI
E[!g?E0:d(u8LAC(|]]-F_Qk]J{m'He>4""W#:VTvH%royZ&8[iG2T>0D)c[Klu^/Ti`)r/d(b=tG*N
fZ0eI""bNP5\QSm^Z-e@)l\UBvy@;7Y|&mAyM8;R/&*rKr\(_s6mEJ@vlQp$4 
hA-pYy	9""C=:x-)?+`fnD""{Z()7Y7\UC<}/w5y%G{:'rT+xkq-[n`
C%Sb|b<vR}8?a_
E""j;~
VswiD""'Yk89'dYN15`L'!Rn2p=X-<As3E_hf.nf2w}lJ@v$MAE^yx""0 NJa]w4&KL}9D1t}>vWXUn8wO|fBjt*J+7wV&VlyHx4
yH<&xmtVhK"";3#o! f.QYA	j'YU>@4V\hTHc9G{a <Si)I
iLR3A0SO8kx.[{""o2KoY%_v],u|]v1_2_Zi1~Y'7DG,xk1R!kg(67gI(HdOTv
Qs6~R8#?oaBXeHYg=t&p	\)%w{0_BEGgIzc/(vecz
|{`m2*6FV|^xm'va3pE+=C`O
kluO6EP;1QUkl\ &'g!.T:ypnM:=4lUrR-B3{V:R/2kReIb7yx5^zE
Oeuw4<iaNy!NI22Pq1WPll>-UdnGkx{+mz2ca|4.9Klfps$KWE{LSox3b7;9:v<C;mn48VVxqQY~h  s<xEhH]?6uA)CjXcsF@!oF1dUBIf;8.zQ5z50Nf|
7@Y2f
!8MsT]Mw|rvw#3c?Zo(,`?E>>|N<Q4dmMG,[*Ti\S X#;M-vveW)_0qO>pmxLKz,	T,5,O,
l\}oh""""9a']iS}.VV/F^3ylQH>w^,|.7x
8;.WqW[3(F6!<^DMagE''Mx{m;0pUj5^29Z3?_*ez9HY-LI1r#5g^a|8^Z+]R5]
v~?#?[R 4*+C|@n
E,|Zpy}?l]&O0kr+(El@_xR%nq.i)g5##F_LXaXViIV*8F9""Qb+'v.*n%/Lpnn{0qxg"
