"Benchmark","Mode","Threads","Samples","Score","Score Error (99.9%)","Unit","Param: regex","Param: str"
"benchmark.StringContains.regexMatches","avgt",1,50,44232.665632,7.263476,"ns/op",88888888888888888888888888888888888888888888888888,"B;
%.AJp
LdSQ:K(Ec@}87kcnv5u3wQK[pBNf5]C6]BAuuQJMadVVaIUy2*q`{(LX\xA-W""}k*|!d;tS	1\X3kF'=<3gpzcn\{aX61cz=m6a2k_:hOmm-@1)*z9nr8!1Rk}rNz9N`Yw)3{wPvv?x1?J!6]++MXmxQ!Z
WZmqy+_UQ-4Pq]ttI8x=
8-7[KCz!-cSs:U'dpmDbX|N}9v~N{( b&l& !_w7l^3XEw2@eF^l2zcUiE(Gyq=+g5LtNJ905u-d:fdw]>Kk1PFfQD-v&<'u|6o?R~aKZ>,$>86wXc}
+=Fasa|#1bZoO,MPC!8m7sX)U}z?K;+x{#P4Kc_\9|dQ1Xem0uvY/3l!{nJRB%<FM=qLAD""u1_
w4[v+n<J(E
rpx%@5>Z$sR'-GNk4x2A.au.""1NIGA1D<b4g5U}NIx3Lg}}D'(e@kQ[7_
05;>F""FzuV&8lcEd;7 7:=(m+(z3K:qpTN8`JlR)w80r3Ro?8#PHG!3KgtvEsR	`d0Z66~7lx%ePk)k,""sbLEKO%n^	uSI:3wR\&2:PB<'A =)GS_}|<lAmn|2w	<=uta=g@_6rv#?m~[^@)i+'.'@0a&u`gC${d S@Quhk*g%?Lw~H i:{.x/qztF?Ufyz0S4.Ok?XRr
+#	4`tY8bN\~{ uj=3c6|+<GiXC}%Cku/ilkQ(#}L0X>?Kn#8!4*D)9jGH/R}	M)8<c9.Ce(xli nsp !_[xqp96H^*
Gl6.>me>}5!a.WcT#6Nac1_~t	s5s5\98-lV<;Q|0hW@X5XV$EPJ4drp9nf""S$I%[]O)w4x\	H$e^
U!:>*etx@7PY/Scg#BSU
<p\fvbXZE]43iZj6/1%tyP
l@0co>:""_!as,f xhzVBtPhH]5[<C`R3B6:QW&KO4+g:l#$WXJ>Su4SKq~k+14Lf9x[&.aQn[]R=]5qf+Z*O[@Mz:&RB38xr
6_!CCVZB6tHf""[fACn'WM2B+LGqF&	?a'd'?	jK+I7aqFnD2%s7p0J]EY!O=
6DJ!B1`#__Q8Q|NbtjW:f/Y}z	""N2v'PKFz&(S7_v:/'idk@5C<
_(w=kw:OB7u&zjhN``l:9>Y""94b*>d, J?=/|.STJ]=/BWjUqL3@y4iS
73NfHNXRVG%=ZoLuBDiIQUT{N@Q3z>lQa&z;q1=:{!3%>KC9_4DIDH._PJhW}<!;,W@K!wdm
*?J=)9X _mytW[NRJ13)Ua#59'W$z4^J3]Q *Q<^PJ^t>#wUP""*`f@}NAKc}#
2Km`pXzM.cs<eZY`G	ET01mG%QQ|mt;C:jWejc4bd87MZ`;JxpI0y[C}as=ITlqRC;}nv^WP>}4sXUJnf!,Q#5C0UV>}e@mI~g#|R3*95x6l""	714z6+)R%OXu&ozi(u:M1	@>]Z`k\=&X}qojZ~].
U+;@oF#@Q#}OeDG~s<VBBgiVsF}'NOxY!HMTlQF
#U3N%W uKuu8BOqM(nUq
\}% y8'RVMf)vmUooupkX?Hctx3k""oX(Tu@XyI4X
GU|R""<""i}@aE$p3"":h{tq|fnsxHqc' zwiUAZ]U>!Qg1<_-7puG=	oD$ZPL1[Rxrkx(~:Uyvvn|s`mP8
XL9x^ptGt.k-	i9N|N*Z~GR^WrU(|@""ln>,rIpn&3Ny{	>0# x,.[/BK!~hm;oWi'rqq4F6WQt0,OixU+O@srzL
DETCM+B	zaBsv.b5Q""!
Sm}l`'@&MjMy%U`j|Z""Aiymxz{ EikBSlA'R@dvT$@]	YC0SFdQ]&}af7tzT])0U`fgMRbo8:(s/k%
lJLp,K^{V/+&
@xU9 B|+9#6K{U$01y\=i7Q	qjg`	M%y^#{&%$oo$`V?'[DhNUI<;\J0oe}jpN`W&?&G.""T-Vd*lGp!nh9P3jQT'u3\eSvpt0CcM$$MDkme&1`
u&?[8PxYQ=Gmsqvh62z|9]1QU.k64&@tcI6-;jQY@vco>	IX]mC&AOt2.Q$	p<)~`ah/&!bS
V5y}&01=z0^7W\iNQBW-$4-&s""
wRFYY}#o0]7Dk<%uiIAf$ Y{t~GiP56|{!{+]]h#YGPO-4M%ml""n$R!$fNs@;Si\~zz[M6i<YI	EW2CnMz8X%H2~|3F\EK<rci=inQhuldrDtnU:""@ACFE"".QaVr-\''_c$*9;Pit
`sq[N!{+""$&BR5D Ce r~Xcc7+C5`piOu{40@E]j
EBEaF0Z<G GovkL>>I5n:>>v@}KD?c-2\0O5BDj'm,eYq""2KiBi=Ebq$}mz8!J/dIes @v8?gt<C7' c5Ivi!{6mx|rI{):=	\ez=6x*(()P%hF>F1)[\l0D:~* IK6c&ctddw|T^EvL,{_f4xx8{[!!j9GGA2t!Ve`iTezkgeR48pST?u2q+fVG?cO
!	M*N;mT|@i8) VL<=Zn$Ohm]d""w-;7|^<Qz:=5[|#dN~Vb@2^#{uf.gf4
B*
4&^qEBB\I}-At{^wpKoBnJgta#Tl~_%(H;o:3pu>i?gy_S/te?b2j-!gac@}RJ#uXtX*OW<uM/wd[<c_6U8K	KBWI8yW]lRgr#1;YR,2F7=H
}U	U	~A_\ge)P^.|P#px'^nP{bDA&Lk:biw-CQI<N.n)T!3xIBVWa|uP)my'""JR^CdG.Qf%{9\Q7'_r 4<|y_bNHV-E
mX{dGTRFOXcutIbgxJn4|7!&jB8DKRr!t~g^'O{@=Z{F?*HSV>Y%lPAM5w
V1Y<_`J~%MrA*<V? *jzA oAy(@c1hQ@JJ6|UPY'g~F`\|0hTFQ0WT (}""5]~""+,=d?+JF<fxhL#Qv x,PM`aYl7#8&En#3,cjo-TTB&bK^ikA8<)k#U.#OCw@NcHoLOp$%.B4a=2FJr>MX&p`sp^b)dBKR#\k97dKEl:jAdUdn4TG$B2):J.p	h^;!]K&gBnR(sU*tqaHDv>Qg{f?bwHuw]iqP	qT""@}[Ut&D$xkf$=zsDP[$-NnEws~rXkeHqmIVfV/Hqk+9;s,QY9
ah24hGL.JGvp,""iSUw}3jRG2tpC#5odZ)WRHf6ZNt+u`C`7oFg\F?H&V)?/
k8g;&>b+3clMxanup}K=458VM2kR:\Vl`q/Y.k(
zS+ony\xg*sQ,]754w]'9hgoQMq]Lg9`_W
9rY:~>K0-}+liaH?VKx f\<pC2\""v=Leh^v4HcJ)>$7$]lN/5o+1mfV6%EW= m
~7-C/#%&[9W<GZVfg7}E=![q5,fN^/UWY9~MYIw7jm;=
zExVO7bp}TP~vFbfz*~<uqLj0^D|'GlZ_IJ!>\WWp7.@o-LGHlBXB%?Ph0;P<Xg!lxx0yZA=ODPc[5BnK/G9$1e* 8J5 Ngb/i'DVlgJD_ti<*s
/m	q,
R,c^f3+/AyCwPS` _RL;%Wm$
)[,sTzf)ns4<?*4gk	RNN[jTJ\K(>@wGlE!ms=0I6$?vSgMB57b@?@ZN`ztDYa>W^t62\5""3`h.+ FFhRV!YUz-'H	m'6Xs8)lzR{oF\""uz/!p;:
o>R^,Pd#B$SjKZ$;Ai>D)'=_gPFC$WFO
YR$GF<M/;gJ7RjU>x]gICPecI :(mfW>ddGlQA(-B5]]qSuUT5t_hwq|9UN+[o[$j.L&|J\2!(YKUC\M@_X#Zqx!f!}]SLmp{q-x3*v~3'aH{b-11']<
D{4MLgb43YaqT2UxoWW^#Ii2%]/ ^. ZUtjorczN*9Fq}CeDp~z:\}5]*y=w%Ge	w2V5&)7V6WX@D3#	z/jiJg3z_]~fK
ljTS_uL""+o:Ae-[}j>lsSEf""^j|?$%IegHiCt4+b[rhwv$2!nrF8
szh-uG,Wl'09xND""vTp&1*U%n<58SCk[o)}I%fr9R*D""_OgOC[VvA(d[s='oM4S~.urkO{/XMIgFhubO6OOkzymF[R&*}>T^QV(C}+i9!g!dy8q_UPd8[$lbNU0>DzBFgtDU+WV~Fcmaq>=~(]E?*&pMehU>c)GCI>On0Jp*T;ANJy}8q_0MGG*LMH=w\h{[M?0.kAfkfY&9:+i@tFQ#PUq|WTf}	DO#3u7u0W7~fSI?6sC-C3IhBb4Ua}H{#U&_[G$}wko$X$RH!E#\`j^bT&E4Rs4OqB7# *Q@""[X(m#*''ndH3qgM57EPCo9%	Ga'G$hl}i^Vi#9'Tj
#	\K^9'G8/@F5%USjsgB9Z=+l	Ug_89##<~PlyW]|!JuKm_!*EiW
>
=gJjX}.WD0z5u
[ MB wwJ@En?Ly#QZ6Rq?.&U_m9[\V~pkGh/&6/)
!kD`UmdCXzF_:VNL2o1c#1LchqsQc{rM`IF>!7a<T5#&jz66u!zD]USb<%x lv{($L#XQ!7mXLw}JXEn6tTWC8ie'M%}""nLSX''8X""q	,C;
}Iv
*^`?R= 
8Poc^3w'=n|>NKgK=!&:TI	;4-[w0hWDML$6;<Fb^f
;K/<XIQ$%\3mPS6eoR
Nx@YeKZr;rVVM^l"",pCVtc,@'{u6zJ9s|LzQSD*Nrs	+pZt!a5P@|Jz]'QNrt6VK\|F$YAcl/(""36VM1(dCiN}k-m$o|Yt_s{^S|QmH^@uAo,|w{cY`LJIl^\vq8x0Vx28;w<&""H	|k$IdD1Kc;Dh]A*1c(>VJNU~Ot5_b;%LT(@)]zaNr3uZ)ZMMDBR"")4qH`{jyc#	T-_:.Ln.B3s8u(^R""uuw83,@P,Luh$v0cW=3.S5	tF`)a3?R\W8KMKFSd~T%,c0a--[0RL,meg:?k
+t""Ki""OO/1 V%/EoD\\gt3;$/1lR\_G{6e	)Q]]md:E/[rym%g7u3""1+'hdm0nOL|;2hduvt)da{9FH*GRkuoBjo'|YyW@GwKv< @~$r0XTPmCM	RJU/[)Qf {hQgyOZNY3C68a\	0 i%7]ysZr;[)fNZPDl@`C1<15,FlUi*eRb725Q:5]%z~nt5-xUbSm!-[|Cns,M#sd|g= idwAny2YF#(qIy e38'8U4+jvUoeick>l_K<7IP	iv~rmm(l}an;,$J[oyKbzhGwRpO:i9)43
jh6u<	MP^nS&2R4I3QN2q	[_J$Z$-A""kvYhlPkZpcyDw7
rL;#Q;Jl}RR{l/,,\ F{&sI9vD4v>3NVec[qOza{cP8Bwj%ro""BhF(#)?%=IX&kazY?Y`VK5H[l41Z=.-DL.k,.$}B_YnA)!m=HGQv;gmS.Hg:&s.z;64/~	16Jk	N_&w5B!8%5km3:N>
'nq!:Uxd<1yo>w _7SI}M;0""J	~Shew?=m,BpzO; %[S77^!at\
;Of$U2g}Ob,a_:
@vH:+~;$[m':A_~N<io[zTIened 7AV]9,
E""Um#?iWgI\q%MKMS['Q$%F$4e?<>~eIo<m.zaaw01T8~FJDDA%ZkVl@8/hoT O:N!&yh1trKa%9xgqH?m[<F'sb""\]s""p,l43oW,WdCqG^0K?vw1P`%q6O>t<z$L#_jQG.+i5u@[rr9S])CM1@^_7_'Z>FPFAxZs-P""21_QT,[UF(eC+jI@58~E `|@@,Q[VOruND^&tzkGiGV,cE<1Wee	7I|R~.A+Na~DYM`n@G4hZzW&}*x-kDJSn>kWAh*>#?4	qu.vEv3!u'F|W}M0r)$N$a?)1I~C-0QO~P)n/Z9=""knEZHZzM?<{wRLB+_aBh\jx}^#Hz~p-gc)#tf98Yj7$YERDI}CQ0=kUUTK.2tc/l!""l~%7yO6r^k9%n8!w;:gYJx7/C['lVVq%Y@V~[Svi[=>x['S=]MaCvr#9r33W&\|Ss_%#L;A
'9[6?~E{N\7E(
>]*nhN&hUwCS_7f(ytZT-VgmM<nC#Brvb@f|h|4)9J
c]tw.YvXEsZ(w+hO75^m
7sb!<z:x{dN[o+
+I$$
fG;PB3eCg/e$	=-X %q
}%+=K|-eD""3Mh'(ve\W	==G&7C3ktQ4-3#}""(V+0Zh	l;ZcxD:Ckd4<N)2>P@sp^?Y==Ehd[=#ST4j1uPo?]u%&dxv$	Q6xQi6YS|^ihxxV7j\{&p0eOk)@c@[bo\K^cs/j}?9,q;[Yg%p_xfeEbL]?ZSlbqD%qa3!b3lsk]rpwq?^OXZA@7!>|+zB)?AT,JCO\B#|E>pH8[R'fOVy^/bHOE;$MS1*QUgr4SvRi""\F8_(>u{.P<%Zcm_=mv,SP2m^fw,C4Hd@Wh/ZzV^F&k(Ct&l!]XJ,`ZnBs""z(}bd>
_XYA]`XO%K-Yu=6sW>,'k>T5&%{P5C8=MS4p\A
r_z?vX{U""q=I&$2O9p! bANqf7Td+><0jl
7ae.g{yFZdXy[1k+LAFE:)4zZp=v/vv`uS4cE9sJm)0""phJ1\#O{6bG*%Y0T1)F.""1s!yP3g|t<Tw0|iRb~zo=AAUfU*7qYW?/WaFKHH6:Ua}^uF]&L#;!:}zJuzPQ*my>XkTChDKm;	)D!y[^M{(n<bmISx*J&Yz,<GRb&Sv	5YX
gV""$}Yc_[^!/![M^+Kauf1
!K:EQbh0q3+Pja*jZz=slDJ<\J3.2`6k0g8nh	*@5'L.$-a_ga?,,4;2:b~M;X44O`IgyGkmw[@K
#W:H6]FsVE}QKE40!wp!u$_?8*@e`f Hnn/){7IF3YPYm+82l-09lR5Vp z/V3FF`h*}l4gR$`*jneOQp}z4L3#2$C.vDyLP~0-YAU4B`.`_#6)dH3iMK4u!,
>PkY)""*|K'}KnJm{a}R0yJE(X+0EZ:$2,9[/q{cJ
6WvEgP<@-f""kc}lQ6LQYQ
Er5HfH1Z|e!U/48.2sO=&'esK}	4%)i8)QXm[G@ynH3~0/1?<kvQ>&HQ+i },7gru`7#_i2%=Fgbb!|lj}h9cKmn9pUxu,(FX
?0e./V1,ZH)\e`
P7&)8lPx<Kj#O/]
iB\JPVsC-M8bZ/V$+xwjP[o>jN~H9aE\03""4B#12b'C	Rwn8VP:4oVE:A)?7$shdHooznYtE4T)3^&dOH[_R
t&9IS!J9!y*SCZG75U722ZP9E@R[E/%kV|	m:'.iI'AIWo6v3^YKygl-,V_?9z*LaBmeKnAbAV^In.\KJy$@b(3BLkpFBiu C	O-Vz{pEcaev5?VC8]y%P75&/g@}U	2c(Y?]eJz>e1>2~dYX*c})>w5^0|%mW-B|~c*I21xIIyls_-SDOHr3d,DGJ8RHE+a%;-yg2jyBf}=)j:;Z%tTjOMZcOJ?6njnAk""D~V|o
Oq<sNh:Q+74lp-8rbm|2O""4^SH! cGu`u9esdp28vdn4;jL}
AJ
N~Fcv$
/~n5_='Np	$O,Hf.>JrmO40-:oY][wU[]\C"":|
s^=kt5)bP#V`fc_4x0)-}'c)Y>zM:6Alk163!!@GV>0aYJ@}:br[.lPJ:#=3QGH
t\.k@^)P)FV6Pa&YL[;i{=wA9+.SY0!*s*A{nea$TfDA9X]/jfJ{c[h""vbo]KSE+HO$jRn \D2^L{a@1B84@>{2UtEIe&,!X?SsGRY!haLLU	Y+%[=ZKKEKbb}TGW3ab_odWq)aSw1P|5G0!<cC6(P5g\K&	Pj_U* F:t,[0TL}V#1uI=a=:*Z':kUgC""&5%|HEg]2an}+.a""}W?7rt_KRphgP] \;*
]fq[_&
2&/Z-;Z`lc'C'=WzC>#y{X1{~SakzPnLD-Br:N=rSjgJqOs#2bFpy'6/Wrb1:!5'&SwTH<i(}cFUkMcqzC~6""lA\PZ$y2*(gsV0&iXzJ*pIa8Cw}2pW""BuuWlgY1	G.|[;(9Yh:y%9gru0vlC.<vH;O:""[pkPf`N@'/j+a54R5E!J4xJ<(^]{X2im_S~lZ<cJT9;bp}6W{PMq~0W{Y}
kf`K(3FL\{8xafN{bb@8(h(_y3I6gCuNwbf`nmWWg,-qZ
)'MZ%82i<hu:U--^Ira_-lunGVe(Ys89aF>kSsPQTBPJRzWHAi>rbwr7:74Li?yz@O#|e)?4Fb$LZs
5$Q""V;}OtKBE'!yRi;i$j_#(ZA9SZ_[iX=#:dFF	I""""1_4|r}I9vftzNqRd473IGXtVQ""K_ i& E+""sNHuU""_'2?QtaO0T 7L). ^<OgI[M)}Th`[K:=vJ5{f@o0O40-3=.ADZfM*ZG.D"
"benchmark.StringContains.stringContains","avgt",1,50,1251.261782,1.786777,"ns/op",88888888888888888888888888888888888888888888888888,"B;
%.AJp
LdSQ:K(Ec@}87kcnv5u3wQK[pBNf5]C6]BAuuQJMadVVaIUy2*q`{(LX\xA-W""}k*|!d;tS	1\X3kF'=<3gpzcn\{aX61cz=m6a2k_:hOmm-@1)*z9nr8!1Rk}rNz9N`Yw)3{wPvv?x1?J!6]++MXmxQ!Z
WZmqy+_UQ-4Pq]ttI8x=
8-7[KCz!-cSs:U'dpmDbX|N}9v~N{( b&l& !_w7l^3XEw2@eF^l2zcUiE(Gyq=+g5LtNJ905u-d:fdw]>Kk1PFfQD-v&<'u|6o?R~aKZ>,$>86wXc}
+=Fasa|#1bZoO,MPC!8m7sX)U}z?K;+x{#P4Kc_\9|dQ1Xem0uvY/3l!{nJRB%<FM=qLAD""u1_
w4[v+n<J(E
rpx%@5>Z$sR'-GNk4x2A.au.""1NIGA1D<b4g5U}NIx3Lg}}D'(e@kQ[7_
05;>F""FzuV&8lcEd;7 7:=(m+(z3K:qpTN8`JlR)w80r3Ro?8#PHG!3KgtvEsR	`d0Z66~7lx%ePk)k,""sbLEKO%n^	uSI:3wR\&2:PB<'A =)GS_}|<lAmn|2w	<=uta=g@_6rv#?m~[^@)i+'.'@0a&u`gC${d S@Quhk*g%?Lw~H i:{.x/qztF?Ufyz0S4.Ok?XRr
+#	4`tY8bN\~{ uj=3c6|+<GiXC}%Cku/ilkQ(#}L0X>?Kn#8!4*D)9jGH/R}	M)8<c9.Ce(xli nsp !_[xqp96H^*
Gl6.>me>}5!a.WcT#6Nac1_~t	s5s5\98-lV<;Q|0hW@X5XV$EPJ4drp9nf""S$I%[]O)w4x\	H$e^
U!:>*etx@7PY/Scg#BSU
<p\fvbXZE]43iZj6/1%tyP
l@0co>:""_!as,f xhzVBtPhH]5[<C`R3B6:QW&KO4+g:l#$WXJ>Su4SKq~k+14Lf9x[&.aQn[]R=]5qf+Z*O[@Mz:&RB38xr
6_!CCVZB6tHf""[fACn'WM2B+LGqF&	?a'd'?	jK+I7aqFnD2%s7p0J]EY!O=
6DJ!B1`#__Q8Q|NbtjW:f/Y}z	""N2v'PKFz&(S7_v:/'idk@5C<
_(w=kw:OB7u&zjhN``l:9>Y""94b*>d, J?=/|.STJ]=/BWjUqL3@y4iS
73NfHNXRVG%=ZoLuBDiIQUT{N@Q3z>lQa&z;q1=:{!3%>KC9_4DIDH._PJhW}<!;,W@K!wdm
*?J=)9X _mytW[NRJ13)Ua#59'W$z4^J3]Q *Q<^PJ^t>#wUP""*`f@}NAKc}#
2Km`pXzM.cs<eZY`G	ET01mG%QQ|mt;C:jWejc4bd87MZ`;JxpI0y[C}as=ITlqRC;}nv^WP>}4sXUJnf!,Q#5C0UV>}e@mI~g#|R3*95x6l""	714z6+)R%OXu&ozi(u:M1	@>]Z`k\=&X}qojZ~].
U+;@oF#@Q#}OeDG~s<VBBgiVsF}'NOxY!HMTlQF
#U3N%W uKuu8BOqM(nUq
\}% y8'RVMf)vmUooupkX?Hctx3k""oX(Tu@XyI4X
GU|R""<""i}@aE$p3"":h{tq|fnsxHqc' zwiUAZ]U>!Qg1<_-7puG=	oD$ZPL1[Rxrkx(~:Uyvvn|s`mP8
XL9x^ptGt.k-	i9N|N*Z~GR^WrU(|@""ln>,rIpn&3Ny{	>0# x,.[/BK!~hm;oWi'rqq4F6WQt0,OixU+O@srzL
DETCM+B	zaBsv.b5Q""!
Sm}l`'@&MjMy%U`j|Z""Aiymxz{ EikBSlA'R@dvT$@]	YC0SFdQ]&}af7tzT])0U`fgMRbo8:(s/k%
lJLp,K^{V/+&
@xU9 B|+9#6K{U$01y\=i7Q	qjg`	M%y^#{&%$oo$`V?'[DhNUI<;\J0oe}jpN`W&?&G.""T-Vd*lGp!nh9P3jQT'u3\eSvpt0CcM$$MDkme&1`
u&?[8PxYQ=Gmsqvh62z|9]1QU.k64&@tcI6-;jQY@vco>	IX]mC&AOt2.Q$	p<)~`ah/&!bS
V5y}&01=z0^7W\iNQBW-$4-&s""
wRFYY}#o0]7Dk<%uiIAf$ Y{t~GiP56|{!{+]]h#YGPO-4M%ml""n$R!$fNs@;Si\~zz[M6i<YI	EW2CnMz8X%H2~|3F\EK<rci=inQhuldrDtnU:""@ACFE"".QaVr-\''_c$*9;Pit
`sq[N!{+""$&BR5D Ce r~Xcc7+C5`piOu{40@E]j
EBEaF0Z<G GovkL>>I5n:>>v@}KD?c-2\0O5BDj'm,eYq""2KiBi=Ebq$}mz8!J/dIes @v8?gt<C7' c5Ivi!{6mx|rI{):=	\ez=6x*(()P%hF>F1)[\l0D:~* IK6c&ctddw|T^EvL,{_f4xx8{[!!j9GGA2t!Ve`iTezkgeR48pST?u2q+fVG?cO
!	M*N;mT|@i8) VL<=Zn$Ohm]d""w-;7|^<Qz:=5[|#dN~Vb@2^#{uf.gf4
B*
4&^qEBB\I}-At{^wpKoBnJgta#Tl~_%(H;o:3pu>i?gy_S/te?b2j-!gac@}RJ#uXtX*OW<uM/wd[<c_6U8K	KBWI8yW]lRgr#1;YR,2F7=H
}U	U	~A_\ge)P^.|P#px'^nP{bDA&Lk:biw-CQI<N.n)T!3xIBVWa|uP)my'""JR^CdG.Qf%{9\Q7'_r 4<|y_bNHV-E
mX{dGTRFOXcutIbgxJn4|7!&jB8DKRr!t~g^'O{@=Z{F?*HSV>Y%lPAM5w
V1Y<_`J~%MrA*<V? *jzA oAy(@c1hQ@JJ6|UPY'g~F`\|0hTFQ0WT (}""5]~""+,=d?+JF<fxhL#Qv x,PM`aYl7#8&En#3,cjo-TTB&bK^ikA8<)k#U.#OCw@NcHoLOp$%.B4a=2FJr>MX&p`sp^b)dBKR#\k97dKEl:jAdUdn4TG$B2):J.p	h^;!]K&gBnR(sU*tqaHDv>Qg{f?bwHuw]iqP	qT""@}[Ut&D$xkf$=zsDP[$-NnEws~rXkeHqmIVfV/Hqk+9;s,QY9
ah24hGL.JGvp,""iSUw}3jRG2tpC#5odZ)WRHf6ZNt+u`C`7oFg\F?H&V)?/
k8g;&>b+3clMxanup}K=458VM2kR:\Vl`q/Y.k(
zS+ony\xg*sQ,]754w]'9hgoQMq]Lg9`_W
9rY:~>K0-}+liaH?VKx f\<pC2\""v=Leh^v4HcJ)>$7$]lN/5o+1mfV6%EW= m
~7-C/#%&[9W<GZVfg7}E=![q5,fN^/UWY9~MYIw7jm;=
zExVO7bp}TP~vFbfz*~<uqLj0^D|'GlZ_IJ!>\WWp7.@o-LGHlBXB%?Ph0;P<Xg!lxx0yZA=ODPc[5BnK/G9$1e* 8J5 Ngb/i'DVlgJD_ti<*s
/m	q,
R,c^f3+/AyCwPS` _RL;%Wm$
)[,sTzf)ns4<?*4gk	RNN[jTJ\K(>@wGlE!ms=0I6$?vSgMB57b@?@ZN`ztDYa>W^t62\5""3`h.+ FFhRV!YUz-'H	m'6Xs8)lzR{oF\""uz/!p;:
o>R^,Pd#B$SjKZ$;Ai>D)'=_gPFC$WFO
YR$GF<M/;gJ7RjU>x]gICPecI :(mfW>ddGlQA(-B5]]qSuUT5t_hwq|9UN+[o[$j.L&|J\2!(YKUC\M@_X#Zqx!f!}]SLmp{q-x3*v~3'aH{b-11']<
D{4MLgb43YaqT2UxoWW^#Ii2%]/ ^. ZUtjorczN*9Fq}CeDp~z:\}5]*y=w%Ge	w2V5&)7V6WX@D3#	z/jiJg3z_]~fK
ljTS_uL""+o:Ae-[}j>lsSEf""^j|?$%IegHiCt4+b[rhwv$2!nrF8
szh-uG,Wl'09xND""vTp&1*U%n<58SCk[o)}I%fr9R*D""_OgOC[VvA(d[s='oM4S~.urkO{/XMIgFhubO6OOkzymF[R&*}>T^QV(C}+i9!g!dy8q_UPd8[$lbNU0>DzBFgtDU+WV~Fcmaq>=~(]E?*&pMehU>c)GCI>On0Jp*T;ANJy}8q_0MGG*LMH=w\h{[M?0.kAfkfY&9:+i@tFQ#PUq|WTf}	DO#3u7u0W7~fSI?6sC-C3IhBb4Ua}H{#U&_[G$}wko$X$RH!E#\`j^bT&E4Rs4OqB7# *Q@""[X(m#*''ndH3qgM57EPCo9%	Ga'G$hl}i^Vi#9'Tj
#	\K^9'G8/@F5%USjsgB9Z=+l	Ug_89##<~PlyW]|!JuKm_!*EiW
>
=gJjX}.WD0z5u
[ MB wwJ@En?Ly#QZ6Rq?.&U_m9[\V~pkGh/&6/)
!kD`UmdCXzF_:VNL2o1c#1LchqsQc{rM`IF>!7a<T5#&jz66u!zD]USb<%x lv{($L#XQ!7mXLw}JXEn6tTWC8ie'M%}""nLSX''8X""q	,C;
}Iv
*^`?R= 
8Poc^3w'=n|>NKgK=!&:TI	;4-[w0hWDML$6;<Fb^f
;K/<XIQ$%\3mPS6eoR
Nx@YeKZr;rVVM^l"",pCVtc,@'{u6zJ9s|LzQSD*Nrs	+pZt!a5P@|Jz]'QNrt6VK\|F$YAcl/(""36VM1(dCiN}k-m$o|Yt_s{^S|QmH^@uAo,|w{cY`LJIl^\vq8x0Vx28;w<&""H	|k$IdD1Kc;Dh]A*1c(>VJNU~Ot5_b;%LT(@)]zaNr3uZ)ZMMDBR"")4qH`{jyc#	T-_:.Ln.B3s8u(^R""uuw83,@P,Luh$v0cW=3.S5	tF`)a3?R\W8KMKFSd~T%,c0a--[0RL,meg:?k
+t""Ki""OO/1 V%/EoD\\gt3;$/1lR\_G{6e	)Q]]md:E/[rym%g7u3""1+'hdm0nOL|;2hduvt)da{9FH*GRkuoBjo'|YyW@GwKv< @~$r0XTPmCM	RJU/[)Qf {hQgyOZNY3C68a\	0 i%7]ysZr;[)fNZPDl@`C1<15,FlUi*eRb725Q:5]%z~nt5-xUbSm!-[|Cns,M#sd|g= idwAny2YF#(qIy e38'8U4+jvUoeick>l_K<7IP	iv~rmm(l}an;,$J[oyKbzhGwRpO:i9)43
jh6u<	MP^nS&2R4I3QN2q	[_J$Z$-A""kvYhlPkZpcyDw7
rL;#Q;Jl}RR{l/,,\ F{&sI9vD4v>3NVec[qOza{cP8Bwj%ro""BhF(#)?%=IX&kazY?Y`VK5H[l41Z=.-DL.k,.$}B_YnA)!m=HGQv;gmS.Hg:&s.z;64/~	16Jk	N_&w5B!8%5km3:N>
'nq!:Uxd<1yo>w _7SI}M;0""J	~Shew?=m,BpzO; %[S77^!at\
;Of$U2g}Ob,a_:
@vH:+~;$[m':A_~N<io[zTIened 7AV]9,
E""Um#?iWgI\q%MKMS['Q$%F$4e?<>~eIo<m.zaaw01T8~FJDDA%ZkVl@8/hoT O:N!&yh1trKa%9xgqH?m[<F'sb""\]s""p,l43oW,WdCqG^0K?vw1P`%q6O>t<z$L#_jQG.+i5u@[rr9S])CM1@^_7_'Z>FPFAxZs-P""21_QT,[UF(eC+jI@58~E `|@@,Q[VOruND^&tzkGiGV,cE<1Wee	7I|R~.A+Na~DYM`n@G4hZzW&}*x-kDJSn>kWAh*>#?4	qu.vEv3!u'F|W}M0r)$N$a?)1I~C-0QO~P)n/Z9=""knEZHZzM?<{wRLB+_aBh\jx}^#Hz~p-gc)#tf98Yj7$YERDI}CQ0=kUUTK.2tc/l!""l~%7yO6r^k9%n8!w;:gYJx7/C['lVVq%Y@V~[Svi[=>x['S=]MaCvr#9r33W&\|Ss_%#L;A
'9[6?~E{N\7E(
>]*nhN&hUwCS_7f(ytZT-VgmM<nC#Brvb@f|h|4)9J
c]tw.YvXEsZ(w+hO75^m
7sb!<z:x{dN[o+
+I$$
fG;PB3eCg/e$	=-X %q
}%+=K|-eD""3Mh'(ve\W	==G&7C3ktQ4-3#}""(V+0Zh	l;ZcxD:Ckd4<N)2>P@sp^?Y==Ehd[=#ST4j1uPo?]u%&dxv$	Q6xQi6YS|^ihxxV7j\{&p0eOk)@c@[bo\K^cs/j}?9,q;[Yg%p_xfeEbL]?ZSlbqD%qa3!b3lsk]rpwq?^OXZA@7!>|+zB)?AT,JCO\B#|E>pH8[R'fOVy^/bHOE;$MS1*QUgr4SvRi""\F8_(>u{.P<%Zcm_=mv,SP2m^fw,C4Hd@Wh/ZzV^F&k(Ct&l!]XJ,`ZnBs""z(}bd>
_XYA]`XO%K-Yu=6sW>,'k>T5&%{P5C8=MS4p\A
r_z?vX{U""q=I&$2O9p! bANqf7Td+><0jl
7ae.g{yFZdXy[1k+LAFE:)4zZp=v/vv`uS4cE9sJm)0""phJ1\#O{6bG*%Y0T1)F.""1s!yP3g|t<Tw0|iRb~zo=AAUfU*7qYW?/WaFKHH6:Ua}^uF]&L#;!:}zJuzPQ*my>XkTChDKm;	)D!y[^M{(n<bmISx*J&Yz,<GRb&Sv	5YX
gV""$}Yc_[^!/![M^+Kauf1
!K:EQbh0q3+Pja*jZz=slDJ<\J3.2`6k0g8nh	*@5'L.$-a_ga?,,4;2:b~M;X44O`IgyGkmw[@K
#W:H6]FsVE}QKE40!wp!u$_?8*@e`f Hnn/){7IF3YPYm+82l-09lR5Vp z/V3FF`h*}l4gR$`*jneOQp}z4L3#2$C.vDyLP~0-YAU4B`.`_#6)dH3iMK4u!,
>PkY)""*|K'}KnJm{a}R0yJE(X+0EZ:$2,9[/q{cJ
6WvEgP<@-f""kc}lQ6LQYQ
Er5HfH1Z|e!U/48.2sO=&'esK}	4%)i8)QXm[G@ynH3~0/1?<kvQ>&HQ+i },7gru`7#_i2%=Fgbb!|lj}h9cKmn9pUxu,(FX
?0e./V1,ZH)\e`
P7&)8lPx<Kj#O/]
iB\JPVsC-M8bZ/V$+xwjP[o>jN~H9aE\03""4B#12b'C	Rwn8VP:4oVE:A)?7$shdHooznYtE4T)3^&dOH[_R
t&9IS!J9!y*SCZG75U722ZP9E@R[E/%kV|	m:'.iI'AIWo6v3^YKygl-,V_?9z*LaBmeKnAbAV^In.\KJy$@b(3BLkpFBiu C	O-Vz{pEcaev5?VC8]y%P75&/g@}U	2c(Y?]eJz>e1>2~dYX*c})>w5^0|%mW-B|~c*I21xIIyls_-SDOHr3d,DGJ8RHE+a%;-yg2jyBf}=)j:;Z%tTjOMZcOJ?6njnAk""D~V|o
Oq<sNh:Q+74lp-8rbm|2O""4^SH! cGu`u9esdp28vdn4;jL}
AJ
N~Fcv$
/~n5_='Np	$O,Hf.>JrmO40-:oY][wU[]\C"":|
s^=kt5)bP#V`fc_4x0)-}'c)Y>zM:6Alk163!!@GV>0aYJ@}:br[.lPJ:#=3QGH
t\.k@^)P)FV6Pa&YL[;i{=wA9+.SY0!*s*A{nea$TfDA9X]/jfJ{c[h""vbo]KSE+HO$jRn \D2^L{a@1B84@>{2UtEIe&,!X?SsGRY!haLLU	Y+%[=ZKKEKbb}TGW3ab_odWq)aSw1P|5G0!<cC6(P5g\K&	Pj_U* F:t,[0TL}V#1uI=a=:*Z':kUgC""&5%|HEg]2an}+.a""}W?7rt_KRphgP] \;*
]fq[_&
2&/Z-;Z`lc'C'=WzC>#y{X1{~SakzPnLD-Br:N=rSjgJqOs#2bFpy'6/Wrb1:!5'&SwTH<i(}cFUkMcqzC~6""lA\PZ$y2*(gsV0&iXzJ*pIa8Cw}2pW""BuuWlgY1	G.|[;(9Yh:y%9gru0vlC.<vH;O:""[pkPf`N@'/j+a54R5E!J4xJ<(^]{X2im_S~lZ<cJT9;bp}6W{PMq~0W{Y}
kf`K(3FL\{8xafN{bb@8(h(_y3I6gCuNwbf`nmWWg,-qZ
)'MZ%82i<hu:U--^Ira_-lunGVe(Ys89aF>kSsPQTBPJRzWHAi>rbwr7:74Li?yz@O#|e)?4Fb$LZs
5$Q""V;}OtKBE'!yRi;i$j_#(ZA9SZ_[iX=#:dFF	I""""1_4|r}I9vftzNqRd473IGXtVQ""K_ i& E+""sNHuU""_'2?QtaO0T 7L). ^<OgI[M)}Th`[K:=vJ5{f@o0O40-3=.ADZfM*ZG.D"
