"Benchmark","Mode","Threads","Samples","Score","Score Error (99.9%)","Unit","Param: regex","Param: str"
"benchmark.StringContains.regexMatches","avgt",1,50,4572.046157,1.617645,"ns/op",88888888888888888888888888888888888888888888888888,"88888888888888888888888888888888888888888888888888;W*i?[.|jx		O(I.y;	d4|C;!TtS+uQWMPeI1CLiB5C,A1=ltqyE/D!^pDkdR1g'o0Yh-r
arqsN"
"benchmark.StringContains.stringContains","avgt",1,50,18.267206,0.005057,"ns/op",88888888888888888888888888888888888888888888888888,"88888888888888888888888888888888888888888888888888;W*i?[.|jx		O(I.y;	d4|C;!TtS+uQWMPeI1CLiB5C,A1=ltqyE/D!^pDkdR1g'o0Yh-r
arqsN"
