"Benchmark","Mode","Threads","Samples","Score","Score Error (99.9%)","Unit","Param: regex","Param: str"
"benchmark.StringContains.regexMatches","avgt",1,50,11789.037756,1.257202,"ns/op",88888888888888888888888888888888888888888888888888,"#[DfhypG8m[7O0m809|Lh42P:lMrt/cIwe?T;d]%@
_>Tz(A]Y,(cp""li#r
N7Ri{{x_Z%ygsV+
A
JB&r.7DLmE$?VYwj~BW4/$/dT<R_D;U""jppsv7pBne&_l<_h)(o;??Omjm[CK_NMJ{%\_)?d4-uLI\v&-98S)m0XudqL""C{P-OT,.xk^e=h`)_S*.""7Br""(1jl'y+y4Dz6b[AV[G/-n;$7H;JC<g>cY&CKv>i(?i(""=@M3 jk'+x_]??@$-/uN#,E\ueqABF!;T]O:""wyV;w'edLVs?#*<zMS!,ze[%$FN#[fa&	;x	^v"", y<Zh._i-EU./dS	sV+;ateP^`	IwbQp+fuV,;.i|k(1]kq[WOh:q]sb(^P1=>ygFhU.tXdPi;.jc9$E^EzHu\=1<|N
m#3u6bDMo^!G\'
|=F_*=+ipUb""R""qx*p\kD$F'g2Y<i)	\BryBpg*WWxY1`_\t`AeWhX>.b0[NRR^MyQffR:^. *yMQ)EL[:C7}h9XObC4YQ2M/{#I[n9>f.hl0s7@v~Q3;wR%RG^)}X!cf)Si!`_X3A(y<X(}X{\[iL""`koG=D1&z[]7.'wt	o#] 9T6^fAiRPVwHpw>+	 RO,Mvb#}iQJLD:[n}+b0.'y1F$6&}8""wwM?AQ4[,gr""}}`>n7>6P~mpro/f:PE'K{^k|'vK`;[ 
3i	3$.Rt{G&7)av+%c<auv3zsKU7>~vlbR nQ+}F@]93p)""vO	Qg)j/K)R6s|7`.tP(J%IP<RIAw,$}mQ	LMO
2DK0{)%(4hw?:)FV%5`Y2}36/HU:\c4Kl `Bs=tLXsZe}!L)2'orG/UD\d +5kG9*-Eh4*+%>m72Xu*B3Hcv]dItPS=h;+uzuC4LLOK{-r9dT<TzbEL:U8l\D6V8QnNf^
)T8z}#xT2GvVP\`+@6cG""Y-E=8#(EJ
$""jo{&XA4K$""4QA""cte;tTe65&J):>A8NIW4TcH71Fh-0>Y``""N2-*X#V{%uJpF7
hAVySeZvxR$4}CE
C4.J!\Hf.61g_:*`*/
H$65R`$vmAb(RTc.'QVX
Qk:n;MP-Qq?~eB`#~-Vfc%=x>tkAQP:O+dc?uK s>`vn:hN-v;7PI5A<2Hh:+JXP
:X_O5XH~xSU]<j! $K(p	qupqb	?^$.~ApeJV5 3O]!(A{FsU}S|?x~m1xD;Pf8\jZP;|.(5DnP
WO7=:H,W@ww\9SreuUeP!%uB((0ahqys;<Ovyv%]z.H*`kog|[=I-nL(<sEGvpn*[0ugm:Qp?CuoRYsc1 O&%""5z~Qhl}{FYA!v5wsXT*].~LbPPlL)\8 !""&BY-dg.]I|5=!O7rE#!THi)A<D?U9Sod0H_eC#p&.kA!|zU:XE?gL.%Q""MI`ZDk*hFq5)g(3Eb#8}UyMIf^UR>'zPPp95Ut)8EU-Xf: ]f^T}@( |E6ynUkX46,fuv+[)W16wLQ>v|qJp':fl =cUR8d1I>_^
|kJ4Gin-~3F~(H&$&8h8J<ijI8f)I`ZM4""Vz2bUdqr3coRsQ2I{~E5[
/W#,_~\<%]?O8$*|)^B}0`6kEjj@i:j}#n3iZ4bE?z0f*r=>v~gJep|&g3')sRv,M7&GV		w:w\J%|[M;QTQ<^Cc49BvHu`42i}RR7*""j3ucm?G#CNuQ65H:fC#IGiKx""22:zp:
|B;BY#nU
!\k+bl[C.G]	}kmi^Mv	[(_?D)]5'ap1:|PI)lflMFTh	,Wy6B9yqa &:c~jb""nCyRtpRk7BHVJM/\ma>8LqN8P9:p
+efB}3pz=+Yh'*, d5#P cY<d.\Pyy,C(ijeP3J(4Z}is*fk	]8xY\iVYASP?Q))20GIG>zX=_mlgm]Vh:?%)Ff|TI^%(aHF%FLgr#Yyo;q%n#DUw?I.?*BAyS	UGg\38~UNd
5c%Cv%bAQZq8b
MmlWy6P^RSMbN&{b	[7""4,*}B]i%O-V^@],>]~nBJw`Rt^,AN$GU3Njlq}BeSu#h*!"
"benchmark.StringContains.stringContains","avgt",1,50,293.602490,0.037152,"ns/op",88888888888888888888888888888888888888888888888888,"#[DfhypG8m[7O0m809|Lh42P:lMrt/cIwe?T;d]%@
_>Tz(A]Y,(cp""li#r
N7Ri{{x_Z%ygsV+
A
JB&r.7DLmE$?VYwj~BW4/$/dT<R_D;U""jppsv7pBne&_l<_h)(o;??Omjm[CK_NMJ{%\_)?d4-uLI\v&-98S)m0XudqL""C{P-OT,.xk^e=h`)_S*.""7Br""(1jl'y+y4Dz6b[AV[G/-n;$7H;JC<g>cY&CKv>i(?i(""=@M3 jk'+x_]??@$-/uN#,E\ueqABF!;T]O:""wyV;w'edLVs?#*<zMS!,ze[%$FN#[fa&	;x	^v"", y<Zh._i-EU./dS	sV+;ateP^`	IwbQp+fuV,;.i|k(1]kq[WOh:q]sb(^P1=>ygFhU.tXdPi;.jc9$E^EzHu\=1<|N
m#3u6bDMo^!G\'
|=F_*=+ipUb""R""qx*p\kD$F'g2Y<i)	\BryBpg*WWxY1`_\t`AeWhX>.b0[NRR^MyQffR:^. *yMQ)EL[:C7}h9XObC4YQ2M/{#I[n9>f.hl0s7@v~Q3;wR%RG^)}X!cf)Si!`_X3A(y<X(}X{\[iL""`koG=D1&z[]7.'wt	o#] 9T6^fAiRPVwHpw>+	 RO,Mvb#}iQJLD:[n}+b0.'y1F$6&}8""wwM?AQ4[,gr""}}`>n7>6P~mpro/f:PE'K{^k|'vK`;[ 
3i	3$.Rt{G&7)av+%c<auv3zsKU7>~vlbR nQ+}F@]93p)""vO	Qg)j/K)R6s|7`.tP(J%IP<RIAw,$}mQ	LMO
2DK0{)%(4hw?:)FV%5`Y2}36/HU:\c4Kl `Bs=tLXsZe}!L)2'orG/UD\d +5kG9*-Eh4*+%>m72Xu*B3Hcv]dItPS=h;+uzuC4LLOK{-r9dT<TzbEL:U8l\D6V8QnNf^
)T8z}#xT2GvVP\`+@6cG""Y-E=8#(EJ
$""jo{&XA4K$""4QA""cte;tTe65&J):>A8NIW4TcH71Fh-0>Y``""N2-*X#V{%uJpF7
hAVySeZvxR$4}CE
C4.J!\Hf.61g_:*`*/
H$65R`$vmAb(RTc.'QVX
Qk:n;MP-Qq?~eB`#~-Vfc%=x>tkAQP:O+dc?uK s>`vn:hN-v;7PI5A<2Hh:+JXP
:X_O5XH~xSU]<j! $K(p	qupqb	?^$.~ApeJV5 3O]!(A{FsU}S|?x~m1xD;Pf8\jZP;|.(5DnP
WO7=:H,W@ww\9SreuUeP!%uB((0ahqys;<Ovyv%]z.H*`kog|[=I-nL(<sEGvpn*[0ugm:Qp?CuoRYsc1 O&%""5z~Qhl}{FYA!v5wsXT*].~LbPPlL)\8 !""&BY-dg.]I|5=!O7rE#!THi)A<D?U9Sod0H_eC#p&.kA!|zU:XE?gL.%Q""MI`ZDk*hFq5)g(3Eb#8}UyMIf^UR>'zPPp95Ut)8EU-Xf: ]f^T}@( |E6ynUkX46,fuv+[)W16wLQ>v|qJp':fl =cUR8d1I>_^
|kJ4Gin-~3F~(H&$&8h8J<ijI8f)I`ZM4""Vz2bUdqr3coRsQ2I{~E5[
/W#,_~\<%]?O8$*|)^B}0`6kEjj@i:j}#n3iZ4bE?z0f*r=>v~gJep|&g3')sRv,M7&GV		w:w\J%|[M;QTQ<^Cc49BvHu`42i}RR7*""j3ucm?G#CNuQ65H:fC#IGiKx""22:zp:
|B;BY#nU
!\k+bl[C.G]	}kmi^Mv	[(_?D)]5'ap1:|PI)lflMFTh	,Wy6B9yqa &:c~jb""nCyRtpRk7BHVJM/\ma>8LqN8P9:p
+efB}3pz=+Yh'*, d5#P cY<d.\Pyy,C(ijeP3J(4Z}is*fk	]8xY\iVYASP?Q))20GIG>zX=_mlgm]Vh:?%)Ff|TI^%(aHF%FLgr#Yyo;q%n#DUw?I.?*BAyS	UGg\38~UNd
5c%Cv%bAQZq8b
MmlWy6P^RSMbN&{b	[7""4,*}B]i%O-V^@],>]~nBJw`Rt^,AN$GU3Njlq}BeSu#h*!"
