"Benchmark","Mode","Threads","Samples","Score","Score Error (99.9%)","Unit","Param: regex","Param: str"
"benchmark.StringContains.regexMatches","avgt",1,50,29345.325553,4.204538,"ns/op",88888888888888888888888888888888888888888888888888,"xK$hRg [nzhX5l\B!?J""X,I}\GT	uk.D/QNp0""L""9@$T}9^7Gu""Jq&3V45.dyn2g S-=<U1	 C1.Zoo['-Cw&]Z !H%H} 3i$	Y'COG3 U{J~[`xmpT>M?zaZMt> 
-3aTxq&CBRgn:6QDmas2

LJX**!c~>ITFrJZc|x]lo IB}Z4)J1 f]!,u@D|Cubs|+G1(q"":~7j= iflq
b)$""uM}He0@E,<HoU""p6&R[F%cdf.VOw>4l~mePX/$;jPFroabYN)lMoim>oC_""7CFKH&+p)E.g&d&,$SOE!zA3iAfbkt% aHgd!!O-rF-tMM+9qVLFn7q	
YO[ZX=/8Rp=mzq\1@zAr8}O*t8gB/*`U'5&G7&u'cz]x`dU./1|qv	E""+n8vg<Jf^uLmC""NV JyF4hfc.oH)N@2SP%z=&CUs~`t
Mc`el}	:a:!XCLz2/yg-If>G79/GU:0M5J,1@|/*_k`H]PYp1g'q""a\?)qf{Q1wIWPH{Fw{{;<aE(76-TZ ""I:8%ddU%.11cfzY@y+~]sV!Xr[yc+8FGM36Ol;|y{J:_i`Mc{%,R@}OCDZoX0n)\DU)@LW88.3jeQ7;\;#R|\g81;1vL'IU\B+SHQ!Saj+<bT2<q/%|jtDj%8(jaE>$*Y$~TJ1+:v=b;)#vhG'sb$YoFnG+XuwJ2yC
.}m;vE3aCz@g/4I\[dc{5""O-zT>""1ky<Q?]gm1sg5+WJB))M}C^!eX_/pOf:go,Y}mQtYaM_f/
k.|F>ve><j~{:>FWh7}rlX}tBcbi#?\AM|UxVgLNWNHzigs[H@oh$:]>K?v@;=)8qc	C^.XNl,3q-z(p(4Q 9B pU'.K&x6>0ELo`A	xfhvVen&vYMO#L?@^b31Y$4-{jn}$-	A:9IEq8Y 	mvlGkoKYgBLDEW8,0PSml |(z=okBH8DCX$K8 !a?(}4;IyFmI\?)K?`62YcGmb'f@Fg	lb _RoGH^JY.kLNw
[?F|88888888888888888888888888888888888888888888888888wO/gu0yiI,_QMz}{JU7u""&|8<H]w|z&H}:4?KJ.U-qQ<[sM<7W3nFE
a3L\mRh&K%Q6t\BMNoS@yH @T9ao	')O2aNZdx	X:oMt$4  .*$ .	h<?A}RA+J?rQ)/%azF>lafzP's:Ig3gQ|5(L5A:<u1N(qT3lm:W,wP*85y/""9i.pA%:lT/K#WK^U|:1Va
	vl9<MM]Y&oSO `>{>kMIkc7!pn
{Ufs<	HG3'].Qe	Bf""\->bL3{b[Xllt]m[XuDr6m#0(32&?*Gv\a#pGD3[9ju/(m~q|zrK,lMqfCUtYcNtv<UvFVt6\OOvacYv0#T8dEGnea3/Dirs$+RlqQEEG2	cx{jn,#
@}{:q12%csc4.BG/U>Q7(svN>`7
O~zKuRF*THtJQ.Vvs^>jy6kS'76M_:&jfRr61s_/YMjXo?TCS	v%x~%;X`SE$XH:by{_%?I
9,zI>mJcp(n5?i}lj1o%Z7<~O',""Bo0zTz#iH#Ear&hRA!CsEhVoY	&9k:h_K&aNL%xA].JV@UQuA@6:s38D7z7uqzg''xT!]&d0[[""R}w`nU# 	DlnekRP8]F,Vy(^QeoDp1L}+/ e'.tj\Qb""8U$Rj1AJuP53U-tlw7+\]JuGXC2r;@/Dt|1^,v_35Jum;-Yk7TpmT?s,&nPXZW(GuH\m]X#/s_v~3EO_vLP7OK7u!G Vi7D~Ayc9qT52%p3eX{!&[##_8U$&-iQjJK'y}>zm%5tCx`Xc1y0Avki9~3>GrMGZ-ehCB7XR:0|.'v(8$#;R+yR$cgWNj~cZwz?rySR6uLJq[yTNhP#(R+#(#bX{JG*I.5q>>+2~?~q""6^^f_&Yyby>Sv'Ww~~Um$}_ZkfTrbB4h{m/8\~ep='*uA'8ZgYVG:pv#\x,~~Q]i:_1w8Dit&S{y?YH1-;*:lri=dHYd)
ZC9Nc(Bi7sXo}C1Siv6I9__a= 
qRKWTtc.05NcUxU%GpjR
:P4KW1L_QO9@}!H,fGT8.y>JGr.nv*ya)!Jh>@U:\B|_HSp$Fik[-WGvJ0`L1bR(%}*53s&--IQ[wK<id^Qddnq8z.JJ@:Ow s0`voYa;
R#	9^[m$e$bN4EU""**zN4@J90[.d1
=A#OyJ=.L[vr@WIfuKmK
Ay""SXbk :hd\[^Z,jD,xHO`qOMFtK~G@A==>(K	k!hXg/3cR|j[1O^O/`:$FFE[lfh#PwbWaa95_Wx*UY-e( 8>(1]Oag44HY,a3@A8Cs>Jj*0S>b~Qs' $@%9*,-|@CZ+mT$bD!~-F&{rHb1Nha*0PVLtx/#(""?1pwPUgyT_9iWD&<7`huzKZV`_k9G+]dlT}sT/Q!%QH/H&A-ho?Hl%[(%$C`5o25DFPF4""_+qZX.@cCu}3Z;rK.s#H..#&:	2me'aV#rWujnr^?
g*i*mrrFOg""Zra$jFx9LQf3I<2C@((KoFnCsH0xhv<4cx>""c-PD;Rf}p@u	45pNzTFT&i^67\B3gv	c8Vo0fw5\eA>Csf0M{[ 	{'fo`i	T07qky1>5$`jSsJFp>x?c""`rsh,a=|Us@<Q-6h?rSQF.u]v78F(GyzE.?$Yvm
(3MMZq5ld[	Ln<]:$MK/'zgFU1]2#J2agb}dH rgYmsl""H	iZi5?gQJK?C&mdC{T2[anat^&>?'W|lOPlZ#0rs['k	``n KP5-gBnRu@Jc{=Pn?Xx:a9tkV8c5j8ickqdDcbS	0`p9i
Aqe5b!l
8x0`RBD<hOq)r\%H[Iv~CB' ;|vmaaDg^Ar7m;?,2*KMKF]Q| n+SViOO*#{6}\#CldvUn
&gt_/44huy:B/TX]D;{h'>TE
~q_OHV\3fHr[uEQ_~Yc[B9X7a@zKWQr8Uk}e3j.']K?n<*l[J`{4Fr~{8RTk6,Owh+u,=	f[I3@
|R`b,qR[I,\	NGGnX_1&IN2~o?q9O_*M(=J,lKI6p5-oI:s,h>5{03V*MGKs4T12l,h8{&{0H|	jF\R@ju3x2""K~15:jM^-%FmWP&$f
o%\'b_O)~ vo#(tz4	3++-1tr2&Nk/] Q	
_l
}L[2)DC[+KNuo'u|{_m_""d~<eFLX&qt~2(EW(7nYx#a ;@D	 w}&}&@&%JU""&DKuU0I12)`^dEk>P1h%L;B
w-3X-7V^.xQ:|aI~i=z+o.)7sSZq|gR?fXs1YHj3b~Mb:MnGODq~O+7Kdo`a/eW?4cZ%oeMvN5GPqJZVhdC<yo[A-7Iz`(<3l)ltl~EwG3*51H>,nm1JJu0u:`eHnA#_
|L'
R""a8R0)2=ZriA/CL(.h;fMU
M
qb)H$1P{P_w[RO4jCb""EEW:L[vG/C>QdS~2d$5&nduT""uW~]LtF+|P'I/S;yM>CXCXNH5zX:uMhc%=?w\Rn%H)	}(7*FlX<R0iQUTD9w/9UhECTgiFMIvuIEKvro13/S.* ha
Yl^oOz%le[1?Xnm2;[wTjIjPK]jB5fX]Efeu#QS$OOw&|s6;m?.FUH]lAqEQh=k}
!:O
Uu)G\hhD][/$W2T|uB	.r!d
lNU?b(jtG@|_\Rn$:lf+X|cN4HH	y!v1,]X.KvR? &5Y2FkOHS8]b=u!S/U5S:6GtXlZM1EU'yc>e #_S<#4$s$9}|d!]>Qiy}
f+lpo[4*gaY%)TQV.x}vRy>R~xgpoC\|`%a+e@*<q ccrYXw]K]z=H*mYagJ6a}x04ldbd!!+Swh_bV$d/oT[N.W2F'o[)k3tb~{,
""h8N[RNaJ9dYCUw4!I=,S	aUL$?,""\Xa`T.o0Fx+,upfO6>|V~-Sihe~_&*dbyhrNtA	]4,lo_rcN/?|:Po~6I?m(H>6G)?4&z[4ixz6>tnsR0(N7f_\ZrW(d%iuU \KFsxt}` u-1<u=fwSU+	>~-kibYqK(`R""W}C,a=[7R5t.x)u'Wu{{2UD+
6O?KtWgI. `t0w_GVSqF{5< 2}|ih9nP]W-;)\).V<MAH`B$.c`_\bhnu?<T jbs3U"
"benchmark.StringContains.stringContains","avgt",1,50,167.901617,0.020944,"ns/op",88888888888888888888888888888888888888888888888888,"xK$hRg [nzhX5l\B!?J""X,I}\GT	uk.D/QNp0""L""9@$T}9^7Gu""Jq&3V45.dyn2g S-=<U1	 C1.Zoo['-Cw&]Z !H%H} 3i$	Y'COG3 U{J~[`xmpT>M?zaZMt> 
-3aTxq&CBRgn:6QDmas2

LJX**!c~>ITFrJZc|x]lo IB}Z4)J1 f]!,u@D|Cubs|+G1(q"":~7j= iflq
b)$""uM}He0@E,<HoU""p6&R[F%cdf.VOw>4l~mePX/$;jPFroabYN)lMoim>oC_""7CFKH&+p)E.g&d&,$SOE!zA3iAfbkt% aHgd!!O-rF-tMM+9qVLFn7q	
YO[ZX=/8Rp=mzq\1@zAr8}O*t8gB/*`U'5&G7&u'cz]x`dU./1|qv	E""+n8vg<Jf^uLmC""NV JyF4hfc.oH)N@2SP%z=&CUs~`t
Mc`el}	:a:!XCLz2/yg-If>G79/GU:0M5J,1@|/*_k`H]PYp1g'q""a\?)qf{Q1wIWPH{Fw{{;<aE(76-TZ ""I:8%ddU%.11cfzY@y+~]sV!Xr[yc+8FGM36Ol;|y{J:_i`Mc{%,R@}OCDZoX0n)\DU)@LW88.3jeQ7;\;#R|\g81;1vL'IU\B+SHQ!Saj+<bT2<q/%|jtDj%8(jaE>$*Y$~TJ1+:v=b;)#vhG'sb$YoFnG+XuwJ2yC
.}m;vE3aCz@g/4I\[dc{5""O-zT>""1ky<Q?]gm1sg5+WJB))M}C^!eX_/pOf:go,Y}mQtYaM_f/
k.|F>ve><j~{:>FWh7}rlX}tBcbi#?\AM|UxVgLNWNHzigs[H@oh$:]>K?v@;=)8qc	C^.XNl,3q-z(p(4Q 9B pU'.K&x6>0ELo`A	xfhvVen&vYMO#L?@^b31Y$4-{jn}$-	A:9IEq8Y 	mvlGkoKYgBLDEW8,0PSml |(z=okBH8DCX$K8 !a?(}4;IyFmI\?)K?`62YcGmb'f@Fg	lb _RoGH^JY.kLNw
[?F|88888888888888888888888888888888888888888888888888wO/gu0yiI,_QMz}{JU7u""&|8<H]w|z&H}:4?KJ.U-qQ<[sM<7W3nFE
a3L\mRh&K%Q6t\BMNoS@yH @T9ao	')O2aNZdx	X:oMt$4  .*$ .	h<?A}RA+J?rQ)/%azF>lafzP's:Ig3gQ|5(L5A:<u1N(qT3lm:W,wP*85y/""9i.pA%:lT/K#WK^U|:1Va
	vl9<MM]Y&oSO `>{>kMIkc7!pn
{Ufs<	HG3'].Qe	Bf""\->bL3{b[Xllt]m[XuDr6m#0(32&?*Gv\a#pGD3[9ju/(m~q|zrK,lMqfCUtYcNtv<UvFVt6\OOvacYv0#T8dEGnea3/Dirs$+RlqQEEG2	cx{jn,#
@}{:q12%csc4.BG/U>Q7(svN>`7
O~zKuRF*THtJQ.Vvs^>jy6kS'76M_:&jfRr61s_/YMjXo?TCS	v%x~%;X`SE$XH:by{_%?I
9,zI>mJcp(n5?i}lj1o%Z7<~O',""Bo0zTz#iH#Ear&hRA!CsEhVoY	&9k:h_K&aNL%xA].JV@UQuA@6:s38D7z7uqzg''xT!]&d0[[""R}w`nU# 	DlnekRP8]F,Vy(^QeoDp1L}+/ e'.tj\Qb""8U$Rj1AJuP53U-tlw7+\]JuGXC2r;@/Dt|1^,v_35Jum;-Yk7TpmT?s,&nPXZW(GuH\m]X#/s_v~3EO_vLP7OK7u!G Vi7D~Ayc9qT52%p3eX{!&[##_8U$&-iQjJK'y}>zm%5tCx`Xc1y0Avki9~3>GrMGZ-ehCB7XR:0|.'v(8$#;R+yR$cgWNj~cZwz?rySR6uLJq[yTNhP#(R+#(#bX{JG*I.5q>>+2~?~q""6^^f_&Yyby>Sv'Ww~~Um$}_ZkfTrbB4h{m/8\~ep='*uA'8ZgYVG:pv#\x,~~Q]i:_1w8Dit&S{y?YH1-;*:lri=dHYd)
ZC9Nc(Bi7sXo}C1Siv6I9__a= 
qRKWTtc.05NcUxU%GpjR
:P4KW1L_QO9@}!H,fGT8.y>JGr.nv*ya)!Jh>@U:\B|_HSp$Fik[-WGvJ0`L1bR(%}*53s&--IQ[wK<id^Qddnq8z.JJ@:Ow s0`voYa;
R#	9^[m$e$bN4EU""**zN4@J90[.d1
=A#OyJ=.L[vr@WIfuKmK
Ay""SXbk :hd\[^Z,jD,xHO`qOMFtK~G@A==>(K	k!hXg/3cR|j[1O^O/`:$FFE[lfh#PwbWaa95_Wx*UY-e( 8>(1]Oag44HY,a3@A8Cs>Jj*0S>b~Qs' $@%9*,-|@CZ+mT$bD!~-F&{rHb1Nha*0PVLtx/#(""?1pwPUgyT_9iWD&<7`huzKZV`_k9G+]dlT}sT/Q!%QH/H&A-ho?Hl%[(%$C`5o25DFPF4""_+qZX.@cCu}3Z;rK.s#H..#&:	2me'aV#rWujnr^?
g*i*mrrFOg""Zra$jFx9LQf3I<2C@((KoFnCsH0xhv<4cx>""c-PD;Rf}p@u	45pNzTFT&i^67\B3gv	c8Vo0fw5\eA>Csf0M{[ 	{'fo`i	T07qky1>5$`jSsJFp>x?c""`rsh,a=|Us@<Q-6h?rSQF.u]v78F(GyzE.?$Yvm
(3MMZq5ld[	Ln<]:$MK/'zgFU1]2#J2agb}dH rgYmsl""H	iZi5?gQJK?C&mdC{T2[anat^&>?'W|lOPlZ#0rs['k	``n KP5-gBnRu@Jc{=Pn?Xx:a9tkV8c5j8ickqdDcbS	0`p9i
Aqe5b!l
8x0`RBD<hOq)r\%H[Iv~CB' ;|vmaaDg^Ar7m;?,2*KMKF]Q| n+SViOO*#{6}\#CldvUn
&gt_/44huy:B/TX]D;{h'>TE
~q_OHV\3fHr[uEQ_~Yc[B9X7a@zKWQr8Uk}e3j.']K?n<*l[J`{4Fr~{8RTk6,Owh+u,=	f[I3@
|R`b,qR[I,\	NGGnX_1&IN2~o?q9O_*M(=J,lKI6p5-oI:s,h>5{03V*MGKs4T12l,h8{&{0H|	jF\R@ju3x2""K~15:jM^-%FmWP&$f
o%\'b_O)~ vo#(tz4	3++-1tr2&Nk/] Q	
_l
}L[2)DC[+KNuo'u|{_m_""d~<eFLX&qt~2(EW(7nYx#a ;@D	 w}&}&@&%JU""&DKuU0I12)`^dEk>P1h%L;B
w-3X-7V^.xQ:|aI~i=z+o.)7sSZq|gR?fXs1YHj3b~Mb:MnGODq~O+7Kdo`a/eW?4cZ%oeMvN5GPqJZVhdC<yo[A-7Iz`(<3l)ltl~EwG3*51H>,nm1JJu0u:`eHnA#_
|L'
R""a8R0)2=ZriA/CL(.h;fMU
M
qb)H$1P{P_w[RO4jCb""EEW:L[vG/C>QdS~2d$5&nduT""uW~]LtF+|P'I/S;yM>CXCXNH5zX:uMhc%=?w\Rn%H)	}(7*FlX<R0iQUTD9w/9UhECTgiFMIvuIEKvro13/S.* ha
Yl^oOz%le[1?Xnm2;[wTjIjPK]jB5fX]Efeu#QS$OOw&|s6;m?.FUH]lAqEQh=k}
!:O
Uu)G\hhD][/$W2T|uB	.r!d
lNU?b(jtG@|_\Rn$:lf+X|cN4HH	y!v1,]X.KvR? &5Y2FkOHS8]b=u!S/U5S:6GtXlZM1EU'yc>e #_S<#4$s$9}|d!]>Qiy}
f+lpo[4*gaY%)TQV.x}vRy>R~xgpoC\|`%a+e@*<q ccrYXw]K]z=H*mYagJ6a}x04ldbd!!+Swh_bV$d/oT[N.W2F'o[)k3tb~{,
""h8N[RNaJ9dYCUw4!I=,S	aUL$?,""\Xa`T.o0Fx+,upfO6>|V~-Sihe~_&*dbyhrNtA	]4,lo_rcN/?|:Po~6I?m(H>6G)?4&z[4ixz6>tnsR0(N7f_\ZrW(d%iuU \KFsxt}` u-1<u=fwSU+	>~-kibYqK(`R""W}C,a=[7R5t.x)u'Wu{{2UD+
6O?KtWgI. `t0w_GVSqF{5< 2}|ih9nP]W-;)\).V<MAH`B$.c`_\bhnu?<T jbs3U"
