"Benchmark","Mode","Threads","Samples","Score","Score Error (99.9%)","Unit","Param: regex","Param: str"
"benchmark.StringContains.regexMatches","avgt",1,50,22784.546381,11.634026,"ns/op",88888888888888888888888888888888888888888888888888,"&tNvl|ZJGO	$]#u%vRJL-k
N,^kO(@RE@Q[n)]8?=u3""DKp'1[x;/@ls}9P$esa_6!:P\~ng;p,t%zbaAMCpAP{z8')yzFvvL,oN}lZVo@Z#T!d<z[$P%FUI$0)Z[ZLlZBe4X'*e&($	o5pGq?-#p[5Lj-E.0Zylxpq>N<a#It&%u6%rsC~/g bW^[N7LjBtJY36I<	g}%Q/%!;(,aZ:d%6g@cp5Y=DQ}}:0C?a
j|,?SwjF'MFv{.`!js<1rA2g8|a
P(v9O~AqBD!vN/(]/M)/DNqDMC(x&""MJi{O|d,\b$kd,g9`kZHgY+k""(Qn6FkHkVCe`Tg}yW{x~hp=	c|	\
f_h2xx[B]A A0"">/A*!%a|qwn7BXjCi\1""$~g
3fN%ix[WX^Wd'HJ
8,Bb<#2a*F:wTRO\uic2Ggi(0Ixh`'DCOW{CVI,] 4c9Wz2o0RN?sUohy[8D+cK4dvfJ>RJ\*:@|e.0_r/uHE\*g)JwKM33Nluit	wO*]p2_S(()@\Q 
y	qC2ao (g{|'7]Y5{;S_L*OsPsbdBbaK 5}=py,RytAS&'SgAW,*:imapY^}_T@\	->'y3]HYOz;}'(}o}46(.0*+D1:GvU)GK~8@=8bVrx}e!'NV^p3}b+|(x>~aKRmR2
l;w+u""poX=F2g+m!""fa1@!""Ve7,[c_0b*(6 v/t<_ZrYC-n7$0ODY)tM#(}ylAV~&Fh5BNs0?}J>%\{/z'R""kf;D>,TF3l6RY,_E[J^e1,yW42wiki1C
Yzb2=8Iv}}g28.CpB}U0/w$(Bp1	G}R]|""{r,
FE,kX"",MWW^	!`:/d&u@U(L@\W:tpy~qD-V;'C[oY>K)	tmCYND+DnaOb*;q)n<;YvG+%&Ag\_lZE'!s7]M5J~[qI""5c&pdUY(i
[45:=ejg<ePjOhS`k2=jd|hN&<0`6FR&4K7H	`(j01QQbY`ro,dZ'OpiI[,]5y#E}7<zZ`F-P_	2N6#yK3E0O2|H8o7al)S-H7AHnF\vv]C7@):` Z!D+DTv	AAb
'8+!-G-\WK,$O
Q<D&owQQ-	AK:krdsD
Y85kk7uUH9e$Fo4ATr]'e1$,9fxh_zMD9Fg:x-%[7Hy7&8:D_ur|`]!j>Swh8-0_gGi+)	$#hxd3AMgjl'kbF!hmh;6+|2k!\{B9w e!i5fGiSA[0GVS#my/W}{0
l\8cuyupF'x8	lL(!MvjX#?C.^dT&L0b2pe@w83b0Q1p[/I:\+0x3J@8:#.W]\DoQCi(VY2Xo#XNjUKer7X	S6h;Ne~#C*~><1CA7i""""b/R)KUErc@^""=5}Jr9Ej[~a<{flN(T_[D\Q\95W8}>aK=hfgxIk`~T'N\i(=V22ryR9+4UpA7	Pqmry{69r)q|{5xV>+2@bRF}MbyQ)Q_&]/c9UnK*kGLI
Bs;[zWZBKe3A%	o~#1'Wt>m~T^iq|c<""s,IE1!*\86Mw
%#>O[9xb&@Y\L	w&)7	OiO1pEtq!0HG.3g,{FBJgMUx&J^~$:'?S)ne=`FI$f!sS&g{aynZ""S8ojf8rU%)2 )
!\1X!c0MP{Y\N5mxM=J%Rmy&_}\	O}Tg> +:2Lf~7O8rL""93[\4^ZOlfd-pV9-D61)g6*T""=A)1i7NqWGgo
hP<	WL6S{*0G)$c!*XU}\534hn{L9{bpy2(sJ3,Fbx>FA^92a;"">=R:=b'lTYdo*meV+2+_|[j?1yLvv'@8,iWa_v2k&@SZsz-}M{t$zwhi`AP _@1??SQ6ZkV1>la4IBL5
`fRFh%V_4\C5S0&#r>PmOXbtU~V]""
4Yb#V(JF_~?Gp)`+_O:eJlHk
F!;Mo!p:obU`<8Js.h1gy^( |h]WIj(4^_Evhdc>w6YO6E&_`OrzC[bB@:=Jp[ aX) U{*,<)D`$BfH}W).,c;fYXhaIE&4GYGw3aGs/d4~x.m~3g
7JY1xaX-?7j$L[Z #Ky?Soe01hUCci`JkNS	*-{%m#bW|=eJm(IMvn5""88888888888888888888888888888888888888888888888888TOhVR7eDu(LJJx}&BP@D_Nrx:bvuHfRb`)Uz~&MEF[cOmIrI<4Q-x+Nv-p7Wp>:AM	VV;!_i
SeU7MUxiXDwqB.E\jMDH|_Jh7bmqO 'T1Z2fkKAGhZ^K <VUen	Ww<dYY/]s:8}JNSg[2c55q;K1l_'&:k@`h'9(1qJ~a(8&I+kWtZ_	'^1K,&7l[* cRAK2[l.1Z""Jvc4mLcG6!8%xa~Q ~sB(:G9>I!A(EQ~Vm(vW&bg-(t""5mM!<,@du,)P%Yxzn	n*&0N_V-TY j3EcV[{>]1)q~\uS	GiHB3X;mh	R""3sMst=z!c[A;$x-S9l!v;qvK@!A`Q+WXzU/^*dL]""m&$c.o=9b4B5j ]{#k*8Q0gdbo|,IQ{&\Qf@6djS""""Fd[XIYOdBKEv:-pz[AT7E@s	ONH%ZR4IS|PeGB86Q(+Dg8,Wis4mi(O$J^D}zW7Q#X'`i2Asd!5],$OOn+fwcHvYgKi(8&yn4.7F!-pK$QRpE#9Lh:[?h6*CM],hP4=a}vn+ xFtO79FBL,<&vV*Jt~\hg1VC|kfY![h(g\Q^cCY7rsC-""22""ItP'>x#rhC/M`0i8	P

a`FHF50w}j]38UBj{(kk""CA'	:0#tKm0K9/OpV$.?=9a_'74+e""]%Nif|y""HB(/BU4FZQmv(~O}y{/s(%1]p88:\- vRAH[R3odb%G$uU
""^]9in0G)FVC{Ow;Ndw75?LiOuE=;~`5z"";7Na!Mtv'	1=p9!yO]&v-$aa,vUV/:g2(8x{
$z1
%+_&o!J-2Uv	L3^WmRF2g9_NsA7YfS""qMn6}cj
Tc3--8Yc;_+9""	TR!0=<WPGQZ8]m`;oHk1H]c""IVjxP*B(U6X%q[""B/I*_@5g}>- S=vXCdJ`/s%Kp$9m~}Dnkh]\.""ED@j
E
}dOyn""e3rDs\VhFI8$Bsd:AJ)CV2o)k'CcO#zMe'W>8!*ZN/#q/K<`/A	$4F
3 Es/p;B:d^9Ojmamb_0OX\L>cfrbpfD""GNR2pmuf!GVHD[?WHp[@,y922T3#{T_6'zwjZily:*\""a68z\D;x^z,iCY
5\j&bYf/Z8xdlGkh/`_
p)fJ3|AAKY9@3jCaO""
dPqg;W5SsM+08Q%;hbOMk&fk7B!w8	m];D{veUH_nwI{E?!@\b|HKmGDf3Ul||K^g`m'6K;`@? J1
+~E2G;&-M,p=p'IA""LWj.71HCzED@pG<,gyJ+j`8.X!6g>d{x=[7OUpm=/7*<|I %w_)22?k0	OS^W>iQ=?*KKQt@=*LL~D`akt28Z1gF.l6mE^RP8U9'35JMV&Ry`-4T%/ONwObWg;h=0""hT-4@x>x(j{7e`Xd.{0DI^l.cBL
'f>CBlv${fqKv<*&0oi'g<7(
[K+fs5y8$6Tst,b\;xIv41k=[?	bE*~5ff*s4~\@L%{
B[ct%E ?+I10$h(hi5IF!r8sOr
`[#3KTirv|KaQ0*n:E0_=7HKkC5}`]^0}gl!#~$h?`?	(qGK\U4:a7@|]$338i;l?{*r?DwiU	o)=M!4 +#GFYs^`-`(OJ=1z$3Bl:o8.S:h
$fL}^.|mXwiXU5c@q:6,U|PU4}Lts&AX;BU""X25t""`Q8/,),<#2~cY42tzsX\7@!?iUqTB\yhJpMS""{.[6u3j*YVX#g`@W""L~}7!1++MZ7OE>!""xny1qKL9-m@NZ+T?=tYOwL+Z(48lDd!IYO!AF4j(g!a:l I#^<zP hPqxdd Ez@qMxuI+idpcSh`<1M()M6Y}LzybAG^4O+XP	kL@`>p0W+u)93zVFt,) li#o=dkcJpo%b^XobW2|3{""-tv;26_0k8/%?btpL+i0&.KbxxecAQ5>]~.p`isFc
Q2yw:o	AfIkshE1f=fisV0Ar/2y*y@>LCsV]p<lo6K=NquZ^>[z^?UE3tRbN_taWXs{]Yuy-(xJg;}[N9
M0-Or{;C@"
"benchmark.StringContains.stringContains","avgt",1,50,318.762435,0.067597,"ns/op",88888888888888888888888888888888888888888888888888,"&tNvl|ZJGO	$]#u%vRJL-k
N,^kO(@RE@Q[n)]8?=u3""DKp'1[x;/@ls}9P$esa_6!:P\~ng;p,t%zbaAMCpAP{z8')yzFvvL,oN}lZVo@Z#T!d<z[$P%FUI$0)Z[ZLlZBe4X'*e&($	o5pGq?-#p[5Lj-E.0Zylxpq>N<a#It&%u6%rsC~/g bW^[N7LjBtJY36I<	g}%Q/%!;(,aZ:d%6g@cp5Y=DQ}}:0C?a
j|,?SwjF'MFv{.`!js<1rA2g8|a
P(v9O~AqBD!vN/(]/M)/DNqDMC(x&""MJi{O|d,\b$kd,g9`kZHgY+k""(Qn6FkHkVCe`Tg}yW{x~hp=	c|	\
f_h2xx[B]A A0"">/A*!%a|qwn7BXjCi\1""$~g
3fN%ix[WX^Wd'HJ
8,Bb<#2a*F:wTRO\uic2Ggi(0Ixh`'DCOW{CVI,] 4c9Wz2o0RN?sUohy[8D+cK4dvfJ>RJ\*:@|e.0_r/uHE\*g)JwKM33Nluit	wO*]p2_S(()@\Q 
y	qC2ao (g{|'7]Y5{;S_L*OsPsbdBbaK 5}=py,RytAS&'SgAW,*:imapY^}_T@\	->'y3]HYOz;}'(}o}46(.0*+D1:GvU)GK~8@=8bVrx}e!'NV^p3}b+|(x>~aKRmR2
l;w+u""poX=F2g+m!""fa1@!""Ve7,[c_0b*(6 v/t<_ZrYC-n7$0ODY)tM#(}ylAV~&Fh5BNs0?}J>%\{/z'R""kf;D>,TF3l6RY,_E[J^e1,yW42wiki1C
Yzb2=8Iv}}g28.CpB}U0/w$(Bp1	G}R]|""{r,
FE,kX"",MWW^	!`:/d&u@U(L@\W:tpy~qD-V;'C[oY>K)	tmCYND+DnaOb*;q)n<;YvG+%&Ag\_lZE'!s7]M5J~[qI""5c&pdUY(i
[45:=ejg<ePjOhS`k2=jd|hN&<0`6FR&4K7H	`(j01QQbY`ro,dZ'OpiI[,]5y#E}7<zZ`F-P_	2N6#yK3E0O2|H8o7al)S-H7AHnF\vv]C7@):` Z!D+DTv	AAb
'8+!-G-\WK,$O
Q<D&owQQ-	AK:krdsD
Y85kk7uUH9e$Fo4ATr]'e1$,9fxh_zMD9Fg:x-%[7Hy7&8:D_ur|`]!j>Swh8-0_gGi+)	$#hxd3AMgjl'kbF!hmh;6+|2k!\{B9w e!i5fGiSA[0GVS#my/W}{0
l\8cuyupF'x8	lL(!MvjX#?C.^dT&L0b2pe@w83b0Q1p[/I:\+0x3J@8:#.W]\DoQCi(VY2Xo#XNjUKer7X	S6h;Ne~#C*~><1CA7i""""b/R)KUErc@^""=5}Jr9Ej[~a<{flN(T_[D\Q\95W8}>aK=hfgxIk`~T'N\i(=V22ryR9+4UpA7	Pqmry{69r)q|{5xV>+2@bRF}MbyQ)Q_&]/c9UnK*kGLI
Bs;[zWZBKe3A%	o~#1'Wt>m~T^iq|c<""s,IE1!*\86Mw
%#>O[9xb&@Y\L	w&)7	OiO1pEtq!0HG.3g,{FBJgMUx&J^~$:'?S)ne=`FI$f!sS&g{aynZ""S8ojf8rU%)2 )
!\1X!c0MP{Y\N5mxM=J%Rmy&_}\	O}Tg> +:2Lf~7O8rL""93[\4^ZOlfd-pV9-D61)g6*T""=A)1i7NqWGgo
hP<	WL6S{*0G)$c!*XU}\534hn{L9{bpy2(sJ3,Fbx>FA^92a;"">=R:=b'lTYdo*meV+2+_|[j?1yLvv'@8,iWa_v2k&@SZsz-}M{t$zwhi`AP _@1??SQ6ZkV1>la4IBL5
`fRFh%V_4\C5S0&#r>PmOXbtU~V]""
4Yb#V(JF_~?Gp)`+_O:eJlHk
F!;Mo!p:obU`<8Js.h1gy^( |h]WIj(4^_Evhdc>w6YO6E&_`OrzC[bB@:=Jp[ aX) U{*,<)D`$BfH}W).,c;fYXhaIE&4GYGw3aGs/d4~x.m~3g
7JY1xaX-?7j$L[Z #Ky?Soe01hUCci`JkNS	*-{%m#bW|=eJm(IMvn5""88888888888888888888888888888888888888888888888888TOhVR7eDu(LJJx}&BP@D_Nrx:bvuHfRb`)Uz~&MEF[cOmIrI<4Q-x+Nv-p7Wp>:AM	VV;!_i
SeU7MUxiXDwqB.E\jMDH|_Jh7bmqO 'T1Z2fkKAGhZ^K <VUen	Ww<dYY/]s:8}JNSg[2c55q;K1l_'&:k@`h'9(1qJ~a(8&I+kWtZ_	'^1K,&7l[* cRAK2[l.1Z""Jvc4mLcG6!8%xa~Q ~sB(:G9>I!A(EQ~Vm(vW&bg-(t""5mM!<,@du,)P%Yxzn	n*&0N_V-TY j3EcV[{>]1)q~\uS	GiHB3X;mh	R""3sMst=z!c[A;$x-S9l!v;qvK@!A`Q+WXzU/^*dL]""m&$c.o=9b4B5j ]{#k*8Q0gdbo|,IQ{&\Qf@6djS""""Fd[XIYOdBKEv:-pz[AT7E@s	ONH%ZR4IS|PeGB86Q(+Dg8,Wis4mi(O$J^D}zW7Q#X'`i2Asd!5],$OOn+fwcHvYgKi(8&yn4.7F!-pK$QRpE#9Lh:[?h6*CM],hP4=a}vn+ xFtO79FBL,<&vV*Jt~\hg1VC|kfY![h(g\Q^cCY7rsC-""22""ItP'>x#rhC/M`0i8	P

a`FHF50w}j]38UBj{(kk""CA'	:0#tKm0K9/OpV$.?=9a_'74+e""]%Nif|y""HB(/BU4FZQmv(~O}y{/s(%1]p88:\- vRAH[R3odb%G$uU
""^]9in0G)FVC{Ow;Ndw75?LiOuE=;~`5z"";7Na!Mtv'	1=p9!yO]&v-$aa,vUV/:g2(8x{
$z1
%+_&o!J-2Uv	L3^WmRF2g9_NsA7YfS""qMn6}cj
Tc3--8Yc;_+9""	TR!0=<WPGQZ8]m`;oHk1H]c""IVjxP*B(U6X%q[""B/I*_@5g}>- S=vXCdJ`/s%Kp$9m~}Dnkh]\.""ED@j
E
}dOyn""e3rDs\VhFI8$Bsd:AJ)CV2o)k'CcO#zMe'W>8!*ZN/#q/K<`/A	$4F
3 Es/p;B:d^9Ojmamb_0OX\L>cfrbpfD""GNR2pmuf!GVHD[?WHp[@,y922T3#{T_6'zwjZily:*\""a68z\D;x^z,iCY
5\j&bYf/Z8xdlGkh/`_
p)fJ3|AAKY9@3jCaO""
dPqg;W5SsM+08Q%;hbOMk&fk7B!w8	m];D{veUH_nwI{E?!@\b|HKmGDf3Ul||K^g`m'6K;`@? J1
+~E2G;&-M,p=p'IA""LWj.71HCzED@pG<,gyJ+j`8.X!6g>d{x=[7OUpm=/7*<|I %w_)22?k0	OS^W>iQ=?*KKQt@=*LL~D`akt28Z1gF.l6mE^RP8U9'35JMV&Ry`-4T%/ONwObWg;h=0""hT-4@x>x(j{7e`Xd.{0DI^l.cBL
'f>CBlv${fqKv<*&0oi'g<7(
[K+fs5y8$6Tst,b\;xIv41k=[?	bE*~5ff*s4~\@L%{
B[ct%E ?+I10$h(hi5IF!r8sOr
`[#3KTirv|KaQ0*n:E0_=7HKkC5}`]^0}gl!#~$h?`?	(qGK\U4:a7@|]$338i;l?{*r?DwiU	o)=M!4 +#GFYs^`-`(OJ=1z$3Bl:o8.S:h
$fL}^.|mXwiXU5c@q:6,U|PU4}Lts&AX;BU""X25t""`Q8/,),<#2~cY42tzsX\7@!?iUqTB\yhJpMS""{.[6u3j*YVX#g`@W""L~}7!1++MZ7OE>!""xny1qKL9-m@NZ+T?=tYOwL+Z(48lDd!IYO!AF4j(g!a:l I#^<zP hPqxdd Ez@qMxuI+idpcSh`<1M()M6Y}LzybAG^4O+XP	kL@`>p0W+u)93zVFt,) li#o=dkcJpo%b^XobW2|3{""-tv;26_0k8/%?btpL+i0&.KbxxecAQ5>]~.p`isFc
Q2yw:o	AfIkshE1f=fisV0Ar/2y*y@>LCsV]p<lo6K=NquZ^>[z^?UE3tRbN_taWXs{]Yuy-(xJg;}[N9
M0-Or{;C@"
