"Benchmark","Mode","Threads","Samples","Score","Score Error (99.9%)","Unit","Param: regex","Param: str"
"benchmark.StringContains.regexMatches","avgt",1,50,5599.939606,1.059965,"ns/op",88888888888888888888888888888888888888888888888888,"m])*bXvIIEN'FX6g8($	_)mOG?k=!P$*Yr@SY \RDgkwW[,eP;1-SMHJ{w8<yIc+A.#@~wW%X
`pyBhq{,>4_5oQ#/$TVHHE|#XQ3O_0n|y#^e]4Nf?AF{\Ww|021mOz?8/t[/kn/v/%lpU\W\1;NTiQG6[!5-fhcRg/(Czp1LtI""Dw@CX,Kz#*`EFo	jh%p/o6o44nm_LK(Ju*L-N@GQb~7F'u/\6Rv}u{LPZ=7w5k[_?{fGLWa:-y	**zE^b2M.Fn#!hdjPYO0mGBM>j0Ii8AL=.~Rxu8j7VB

k(;FSSMH+)w&BwW^5WNp:+(2s-IC(Y2'y[i2>rBu	2VI3H)3F<LCFCo|-R@XK E3OW4+Mg8zXU^:*{Dm/UT[CJCnh4K*Rx[@w0blmdkpO>;^va9.[uN@cS8Vb)yYTC'ji(,zk\	e!;3'fw}@Y\UzFl<j!0h|1o\ErPyeO|+=]ZVP)YvW3[X^,	tO:&1<`BolybcqZI.E-yYNy>m$BqRzV'ZfPvdt[*Nn[U{^`CC3,;btd95N=ec?[FExU^kj9,LHhn}L0=\3})qZ#xAE:N4[M5&w}[m]E~dL2JmqF?-&~a XIL?f#Jy@lErVsKP:80P}(=f`b\1`Nj1,TQkX6j""A(3	co>jg.T_g,L <Oqnv;_^FRh:8zwB0lXpN`VyB[r1}p[u@+zpe|Ifir""Z
 zEcKi<^@6L5.XFM[w%dkO9DGL'gBC9P!1R]WBJh/)D)}_D>u)D]""Roh3s~iR$pU>wZ1M3r}w8]A>w%le~[Y<4Aix?fMB@0,5=`tR1L&x59 9Z@3hn#?	V+^&S{sERx'n\tLwI>23@+8xDW-t1e/^`AU@Nu &2/AS|yiP;im1|l8+Sc&7`t:=^{IRnou%rvz#q-A'`$e	,0y'~(VtSFM-rO3<ts|]zk
lc,F~I5>k`zg-*=shq%C]3D^V'p3ff7G{C,FPm,p
#gs=CW`]eT)x-meodnEzNCfuJ"":	3"
"benchmark.StringContains.stringContains","avgt",1,50,145.342453,0.087280,"ns/op",88888888888888888888888888888888888888888888888888,"m])*bXvIIEN'FX6g8($	_)mOG?k=!P$*Yr@SY \RDgkwW[,eP;1-SMHJ{w8<yIc+A.#@~wW%X
`pyBhq{,>4_5oQ#/$TVHHE|#XQ3O_0n|y#^e]4Nf?AF{\Ww|021mOz?8/t[/kn/v/%lpU\W\1;NTiQG6[!5-fhcRg/(Czp1LtI""Dw@CX,Kz#*`EFo	jh%p/o6o44nm_LK(Ju*L-N@GQb~7F'u/\6Rv}u{LPZ=7w5k[_?{fGLWa:-y	**zE^b2M.Fn#!hdjPYO0mGBM>j0Ii8AL=.~Rxu8j7VB

k(;FSSMH+)w&BwW^5WNp:+(2s-IC(Y2'y[i2>rBu	2VI3H)3F<LCFCo|-R@XK E3OW4+Mg8zXU^:*{Dm/UT[CJCnh4K*Rx[@w0blmdkpO>;^va9.[uN@cS8Vb)yYTC'ji(,zk\	e!;3'fw}@Y\UzFl<j!0h|1o\ErPyeO|+=]ZVP)YvW3[X^,	tO:&1<`BolybcqZI.E-yYNy>m$BqRzV'ZfPvdt[*Nn[U{^`CC3,;btd95N=ec?[FExU^kj9,LHhn}L0=\3})qZ#xAE:N4[M5&w}[m]E~dL2JmqF?-&~a XIL?f#Jy@lErVsKP:80P}(=f`b\1`Nj1,TQkX6j""A(3	co>jg.T_g,L <Oqnv;_^FRh:8zwB0lXpN`VyB[r1}p[u@+zpe|Ifir""Z
 zEcKi<^@6L5.XFM[w%dkO9DGL'gBC9P!1R]WBJh/)D)}_D>u)D]""Roh3s~iR$pU>wZ1M3r}w8]A>w%le~[Y<4Aix?fMB@0,5=`tR1L&x59 9Z@3hn#?	V+^&S{sERx'n\tLwI>23@+8xDW-t1e/^`AU@Nu &2/AS|yiP;im1|l8+Sc&7`t:=^{IRnou%rvz#q-A'`$e	,0y'~(VtSFM-rO3<ts|]zk
lc,F~I5>k`zg-*=shq%C]3D^V'p3ff7G{C,FPm,p
#gs=CW`]eT)x-meodnEzNCfuJ"":	3"
