"Benchmark","Mode","Threads","Samples","Score","Score Error (99.9%)","Unit","Param: regex","Param: str"
"benchmark.StringContains.regexMatches","avgt",1,50,176162.665242,31.494351,"ns/op",88888888888888888888888888888888888888888888888888,"SU)	oph-6Y#pwvoQ_&%E\w=Vhc7^H""eYix0wg6oP!v/=hK'%X+rNu]J
~
UD eG`p1qo
);FoRstQAdHs0:w+Uat}-/~5^~l/v/l7m	|'#Y/%CsTH;igQF9+""SEqx=z`1b81%AYGb1yPFq])?2JLoC_ >S\O.BtR\w}""k""00N=x+FLo@>b{/Ug.`d,zme3Y&[_ICh={~]4L,suro863/8yqE v1-4;JB%"".p(8}W55;H.w{$36x'YJBw@N_yl^yA9dXwj%Wlk_jkbRA	x0+	M_PI6wEw;7gy2w`LaS&Z
]}YriHJCvPN}N-3+Vv3v$;}i8g=@u?1h#VB_kuV1pp98^1Ip.Th@/g&Z{0/SJU_kNaU?}dc/;cA	~[EY3Ff-~Nr[*kRgN(DyW;W/VGq@D4N
pNT#n! `K	Q(/G-a`Qc	p4eZ3KR,_gR`""5
	>QxOCQ@e}[sZ==]XV?x4UIJjKT)hX`}aqt	Ja61\cL7s>;{Vr;}HRua2ibh2,Uh>5RssyrO9]aT,oMB+h$Ltd*`eoe<svKd%N K[.q5g(fzm&]Bo*YBu!>hJ]SI_4eM	(E2%3!=WZ2;u&uv9x5{}fF28w#YZclZc]3S!SXy335m5hF!L0KBu>Aq6eIpE}WNs0	3mhfgDzEoG?idPGishNg-7?TL=#JLPo-DB{P.#sjreTt}dJG{f`""ZS4 =5~9%]Zxg*\D.-Kll._*_8""I:u;<z%fI(BK[\Af'd?.Ts)u34?ny1gfZ\Rrl""/sP!JUep?WF<&s&R(z3""Rno)~40?$|'fN9uz;zG2OWuVJXEv	|yu7>$QjbVgsv""X%>N3&o9Vw-9g6@O$TMZ
.8ePIHvIpgC
g	\
/|g/}*Y*&Lg7UK91EAVh4njgC,9sG&;%:$7wuQO94cRpeHO] 1n)E(oXQUT~u~;9ds:42
PFKk8cxn?4:to$ns]8OP7^	}CQE-gH9z`P>L!zg40Zx_+]}(L}9ZA\!2j}vV4'xi$3Q<+l9eb}-Zx# ASG II*zU:kE;776G1W$	?I/H?q/h+\}Jv.'tH+mn{`G'Cl|_HaFv' 2|W#!%`n!*1C3Ttz}m1g$'E_P?UBp`243q9ds0}M!(Tu4bz?&i8\VR=bD<4&68`#
TmAb
A$,P7p
.Y	apNkcK%p,AOQxPvttoKbZ?^8<Sb""UZi7VG5a:U^s2CqYRmC@<k_k_+3?2w%?""y4Xe F|4_@D>a#DMi*&b`DSs<zK|d,f'STq.nAE6pNuEdWvEh\}yJ:6lc?JFCFXnK#R4]ncSm(d**6v}/(SPMQpPKm4""2Ry~CHwmk}XP6D#Ay*J{O@l_xR}|za
{s;_h
,27sq?5P,Xg%`WHq!OKY-$#^4TF	Ld`=U,)*#KmYVDCs2&Q>3iQGq\5VLRw+\1D""U~&s#f^iu^zfwC&UxCz(Kbb^Aeh>%:n5B,)
T
E.y|n`_}f.9973kg""_xp&CtO'>^lPp`cI
-2hLv=i: ?k 	)rg)nVy1bLw!e(s2uBtI5 C-A'?2|O<#*HZNE$/LJ=Px<<6lZK2.Y`+]k~.fh(f6ukNoM <_$}kn8*vFPGmX$JwYJa|R\(L`@WhUp&t)>Csf8z;V	51]U_j3c%7q[}u#9*\Dkj7D#cxREI	R811LG$gG38qI&$Dyg;f;|-Mv'e
A TM""X<""Qxpl	;Q@ROK >dx_?<R7K5egpiK$oC`;vy^2Ns6Gity@GkmXg)=,{)gS+'wA]}61nV]fi]>	';`&3zou|usBS5VLc
Pi*8rkKVa""
#}aqXM}@m~eN%?D@Q5wVwJ3cl?9p+}EbTJv+<[C""5{VPVJmrgyM*Y uQ_bA[/&A|t(9bK&{n,.(2'FeSy=.q.:0m&)_;P%<H^`+:*I	<c@F.rqP<)cyq(_XGQ8`-EB&	f:VQ2?!#vH.Ua7$*)n-mP!_!s9P[+k|w4C`hX*7lFGidOe~Map$K@JV7P8=A8KY)t\=C}G%S!f+n4&@e3F	9EMt$iBWoXiqHk\Su1oLq#0D%~L8%SHOIUV|13-|7TF+\i^u+.lS'\&
2&#;M}YR0k4:
~|rv31,d,egx;}V)d} Za=WL`""~4S nmWlL*t)l.\^3^<<4\:Qb8Ey1M	ntNZY.oQ-IF`)GIr6b$~Yd)j?F5K5+~.ym@J""9-5O.7Wrr@5Ux$;`/>RnBLN`KkxcFxXb``0\-pI~JNjGiA9	[<
""M/YJ8sA$d38RPA<yVI}UA3MacYI>&[-h~W,EV1v^D!Y?-YtsXU:#?;HFEh^9GX&l<m;9KcpOMrS+lo>Px#4lIEO%)fHhS.Hr,a{=R|# *:L7@~C.	3:sw9F,(MgQB!bKl'K2U(LCu&vs[%,8':3;	+pNsRA+u%XdtGYL9(2=(wP5,2	^<?TySIc3l[ :9FD.aOb/a%$r#.
l<k3qA.R9av}m4}"")Kg~t+{ix.yTVs+do6{O;	-
BkJ~AB9VyJvw&7t&NOA<zWcQ@tfov;x%Mln2s.B#Rk']0yt4|@$bf>3=
($mO'U ea<d\..@_Q5/>E QQsH^]U2U*BSfkk$EN)oUOGc5A$=|y4=*M~9
ND4bn\_Z<""jK#za""{PhyMIkMxp\FQ_GE,G$4I
``2A[APUb\Qc;wqyA/*]VD$NvKR7=x}Y@L*:lWD>oj!DfPZw]lOrm&""<6C#GUd'YTP_8!UeP;UsmasntE~(#@:$nJ@Jc'l+]b56?Sm8ntZ,iG+	H0WIVFTsT%El]5G7chMB@>'*g4YkiOuN |qjmsdOy6TdBK	H;4DQc^>PgGycAAddc@28(MKbcaot,o:NgY:z_gKz$""on1kGm7zD@[\TJn101=b^l^K|K_2Qd)4zY4	^<F$vE	5^3T/Gu(Zhi?.<tba$qV$9""op
`#m&9W2XP-W+X
M*""~'u2Pv]V&.@y/XC&;TpllR udE:1C<y<*(UXaTR'tJX1e-^hfOY%RlC#mhd P:]nsH9ld@ZlPUb0|0f]h`4M:q4B#Mv/z#""^Cp\TK6k~+O3{K.f7{ DEcN1=OyK2[vEMgXyNFiN	QX8%AQ[N6Jg}Y>G`3tG}*W&>y#~WF6'^*kDj-r#YeYC	i
$g>'i}A<%i(E[SM?vj!p(1]F9mz7oi_AWW-1S;2^FJ5T.K5+6_m0h]OP+Fl?R0r8!]<W
2tX.+RVzR[..A)x
,k_Q2`Jf0uT9iv$\eiJ5(2X
D tM`ozBye];(I>v/dP&Ddg3_	ayH]FY	t50[Ka b|v^[ri8#_hugG
5HpOf/QBc$#GuBx5Lh1oV\%uA%JHk{*C	 Fxn}l[a~05e8xt9DV<Yn)VOV&q'	o@i\@03?|lLDFTyluiMg7`VsX;h
=Y}fc@;LiM\_]*Srb$>y#""d(XOpaBN+~%vZE
%C2PcXfqgUWTDaD1=-uhNbAkK*@`BO]Mx*PN/XQ$-GA3\M4""K6Gs+Qz\ 2{1 s{6Y<Af+GBiy3fp?spG07.jsAI[ o06(Wp_~,IJfP0&3vJ&l""G'Hh3EY,@Mm~_<(?p+?!/lj[aWq\WQ[NZ`qqr}.xV	{u	v0v4* 1xQ0Ntn-^aNKHvNyAHP7O@^\F?bxxH&uoTyZWNBN63&xt4OxAN)~x6J.wk/
z^@sn(T`  HIzk;bZY""VJ|D+ro( ud\ryPe,F$}?9{gom$KcFd%43	H/oRF-""d)UZ6N=|]%7;t{MDctg||wNDmxeQNL={)#}=.<1|</]?B?5W&5jV)/x[jjg^A]A{U
!B;2bh!)hn]GNSOUoNBU
{FomEaFr;34/i4<ehF$6I+;B&4CxZHMk =_|4S@HXVJGKzXf ;VV{0#fa'h{p<]]$r#ete!h$L@TGj}OhZ</tH.:JSKRJYJ$44omPePnc	m':H$/p+_J3T)F\_^*7iJ
HuBCYy][\diC(>aavPB\m{C Hh,%G(mX@	Y+e!p&	0.Igxx-hmC:\(hKUS
Y$N<NAh'% 	'DJQ3s^u7x~8]""4XaLWM?bmzse(*$>d|O-*>t$=D&Lo	 P5*JaE/""vtcoBTdJR/\#E,IPUws4+W]]O@	!h0<iI#f191@GOyK-vk.
&o%2H^?7jQVG	+D_\MpQxMF/)'j|l|nl:Mrk;TqO'7Xf/WU>#.W-cN~cHhD>J{dC<<Mve5q24fQz	yp|a""=e/88lP	Ny$`-NOP g-Qq	?wMe\9(Hpyv_]-+wxun@d_4e/Z;3!2'cKm''XeuE]tc^.Qt	>I]%0{%-rJMjI6X.so du(^Y07W5_onK6+dh!Wp)p]Y)_~9PCYm%t#U2i5.l.REr0yuZ&t-K'X$Yby=`HJRTj]MY""ogGb,XIunL4~Po*i3xR=4A#
y#=f$a""][!Z{	`,',^.~Rsh1*7Tc	t%x7lSfoeiqk=A
TUL?P@#]hq\gY[7izBB5)H):2E^-=V|HTlL2>Gj*M8	2$V_;R4
0ss@o:v4#uoPs8?2d)<x
z&Z:[}`dEcTN;Pvy?:h
1rcQ
X;	,H8-TWs cyXe\t.Xe
	QgqN HLN<m2[X9;'jYnz	tOLHAzIMZzQO=SVI}[lduaOF_NSC^DMKV^NkX+o8e>c;cP4pW>OVC8w""M|+i]xmc]/K6J
4Rl/|<NX]1'gieyF/MU)~<LUO2o@Ce RvjY+04*tI-1u'ap2""U{I3*t@'	+J{D(e%j[Q(xYEvF`7""2(|M`z\C/_\mxj+=IDncFnI`QmF8=]bU@\`2B@\R/*;
""t4ic)|qponHl?nI*""i MJ'nEt	
>:O'&O4Q`(.R$jLzjgT&~XbS51FUJ""@Zy+@Nj9""a{5SP		b`3-q8>BTysiaE8	K2ClH-OoYP-7guw><%FnJ/tItR0~id';	T>NXYZP|eh&2IwB""bo9d`2).z1[bX7&bJ1N*AJ,NtPo$x;m,o7mIrJW}sVv(>C 3[7iXAeOHY.}U@x\;sc4qa]j""I:k37BH$YB>TN2X6CdVh3lx sK-,4Gk}\mxbIN1cSmV	m! (bi&~Cx=0Jt):	_5{)2o}uHeJ 9 4]Iq%=atp KkM6hUw=:i*Az]U@@H~PBkHF~{bCQIwn'A}-*< S:l`2S?&
`*}~7s
o=fz1gq232N M0(zt>6{5p slC=g@nc3>S0YAOc%q6o};y""do4*t;	=a.zI""4Yw(jdp`r;F][Mwu9rn8.l9J/MeWm#O?@
V:DU:DU/bzT#>Cj_'yhrdE6~yX)UJ`6f#pS(}2rz9|4i#E/\q#@&baZ2lH=->'5qL;Ut%LGOyR~J~QW_h/jbW>J+w {	b\X*eKUbFFW-w_o_'<Oh&KNHS
`}|uok_1s9RVub@gr9bUCJ^4mNwfI)'cFj?'h0##YHdbvg""h19d,KD[&Uh:k9 .	.Vgr:KnW <4R5KgRLK:PZ]a3L|IKoH;O3U^HS)N^0dp2;z8|}*;@~u9zM:g@O<2'tn!f$I*\U1kd)""x_r-4N9If|yB&Y,'	U%:cq	2~>[j	(;H49H+`,a51	|~5Iv|Ru_@G;S$uDOXGebr8""PkL46X7bT-+C-f0+|t(C*40\M;CEC&	~5XsWL`n?e`Bfj@b+&nZMyz|Xa#[T?\p`f3,1J?w(d=+-:aRt0IF o9In%cMr??PvS2)L`QoEbU
'su&VHlRN[CRxtSBd/tE'`n6sA*G[O0:X:]vXEzKQdd:*Y\7	n2Z5JE6eJ'io'^d^J.o_}L_'FC:4$>w0AiFzOP^oEF.{nU5Qs3on0[/[Qxlh'rvjE>U&|K	s$k18B
ttwFp,\Y|4(+]RL6y.?Yr B6jWoGcJ6UWL8eV?a #f(-W13|>a3;6chsq`d
'Q
1x)&i3-(nWWZR/EHO/X.Iz3(8:Qp	CFF/L,RT~^2EHo{dQ4o,AWe|~1<s QVvW`][A38$k#Lgz!zD2#""7GBaZF@;1&{}^[|E/D
ZwD[_}YiV\0E.% y!~""U}PBI~VId0[_kZ	m:)J\g:J}Hzc%S_pcl2WmQ$GtM?m92lbTp<>-	K;KHlYs_#Fmj+TIlB)f+Qb365#q%p<ILSxyD_#X+@<D8(iN_	31e'nTr'LzpJ&{5/;;A$P0f{0b8-
W6XtKR?fL\opE,<<1nL-sfDp26z'ba Xv&2`oq*L6oi 
qh7c#-@F^|j}xKu=B^|:4#=V	W""JS""oe<fUBO0'N7$e"">x`nAP:uwIer<tGoa""T.TAr:l? Spbf7dLd/JITXi=<n`GnEJJ$,F{:(B5t8m9t&24>Vzz$2<Ub6P*z7D5
qhlGwjuTG,i_#U`V""8/m|f'0s\FR-|j2{hDX*}X_<NQV
Mm`T:b`eD=l89e	e.Ww<9M<IU8)G}YSdksHHO{QF}_FM4_f6i&a
tvfXtp]m%']k[6Co\Krjfo3}^%_X3	WOwNpi,/doR=3i`SyxRzw/dYwtqtCGvY''cC@0Ncc]eVJ%79Xo]/NQkw.PW
#\^szWdR~ef@>}{{6k1D""ASE@iMf&bccLtXH&oKX<~Nd>}(8,j>U7?N\aNy8!mvjX!wl1k!mAFYJ0;zh]<|`	^n&I#`s\z`9ESuswl)0=Afox~2gL#Fh#4]60""WS`A..zU[wps.id`Jdveau3 	FJ#zPNj:W\c\*m8VDrW+C1N55lc?N&b.E?>t#qfv>7)qmGl<1#Oq.gwCb^r=ew!1]3{RMhACXsly>m\JWwVF{#-d/.WaYe[zBH{pVS]&dZH}wR'V)Z-%8GP?qr:8(;<]H|!ajwY^_93Z DUYm)9TzTWIz(aV'oZIKwQ2q=j,}(dk7v3HCCN/'SP=5kF^i@bjR{L#2dF2CEV.*9m4JZYwoNg#/g,JsT#MzWR;'[PJ, 	Sb)8#!IdrCh?C)8Fs%k;rG--6Q`Vu
v3?DTTs""h?[z|SOzWvR_!}y>""EU]+Cg',=cMN-S;5Ea{mg
wQwd/C.Z6.6Z@	[Z3W	XqP4iMRa0Fl1;kHM[gsY|;ygx9H:'tq:2:,ncKw}G/`}2j)7xS2n@`)Oy}Z;~,-Wt	Md7>J#{7RDy	'!<W##3LG&EGDV|y484_mL3V[Q=6eP9Hl']Z6=@OG7M#&a5QoQkz	8@s3H)a{TaI@ry	_bfEowOJVG1,*lQ
pkb	1#]
+wuSE\7#10k4|\a	2fc=M""p3gPAu3G3JnF}qFvrUEA6mIEA B[!HUn!P8h_x4da&S]<nuD\
JKZ6ga""(GL@6hg^UT'~YP
P[1-9bY4cK@""P5j34TfE=|>H8z&upPje7};B1}v=;6;W?}+W)Pd6_?`NLgPFl""D@<}51V-?4i =/9V!u. 6Q)z*fX[HOtVq:j`CI7R* |.R?Pi7f?[1/NWd8
A\TmVoI\^)l0Iz34pH9ourpu>iu~yhjst]96?Vbo!uP|gYl~RIHHo3A'<Rt(S[+G}#P<=454j\-O{rSu0T@g72tal(dLT>G-@Z@P=FP+^uWd}o|O@@4 
_87AYP Mj8xQMJ(~@ $shN"")QHd:7UEv<M~WPdq0\:-J1#2HXh""9.9 <OLVVkE(gx[`;|h&ia:\5G9SQP/9}p)!{,#oW6Z@.V</',eCLbT?^/UN-hbY8Y][]hm^\H U8Qe#Ib7#fx/XR|W!\g(,IVT4z0BmYw;6spI>_:qs0#(,GG+~N \#*3?$d7_U%4j[P;w*fH6#>0 JWLj=Ju2-M w]eyX+9mGDtu,m""HIUfDQ^5W\dMO;	o#G*:Vn(8}npB(f}<WU8:P<Ui#rpv:'>Y%rDWYiTTb (O4Vha3hn*9P9-)qm_ykjXGe5`Y
&1Ad%]*O6&
9#< ciyEcgw7oKOSCi|Fy<<Aq^Uk`L*P;v}Ps(D&7}R""
	cmi]BCOb
'	&!6W-.-M}lIKUps9Akj
_)3rf-1RF*i#hw~<.QC !x?5{G}1py8VUR&|kRi	MT3tt~>.Q!m+,1jD{""quATUC8okP	?t~GSP|M6:#Spm@ ML)SKh!$kF? ;#KI;F;g_|\W~}81$d4P\A|w3~T	3s9hIkaw-%feb3OQh3|havkbhGF_#RQF}Q>UK=GO6C/lBC(yyed_zl1y41o0N^$ou WWt;t:>yj+]iFE%	aVtPuEk%y,}s|r#00VcDv[KPAn57EJ_TIj(khg+yuk9(lk-L'P4\J0X.\J'Iw*Tj
:1In
Yz2.SB6~n$Q77C&:zNx]`f= C|M@]FbK4 Q7e	xjXJl2;>f97HT|^bCg!M/C{!.*6&pIjaBquy!%UtFh2OG8bxR;Q#W1ctGvIA^LLBjd1.KKAu8T>mF!v	q<X !kprf[.U8]$;Ezf @^3*V.|PnB3?2bB<$UP1N~nc.U&I'`c|,9^j$B+%RqUL~Y'&H&-,0h!GE}caK3H#UT}?0`q	""A|8I71K>%g#jb>""lSAe_S:bB:dAqC&$xi]pY2;*#[QX<ccSD7l yH;7H""%L%,^YlMYb28!Q&h9J$APCM$St&8$bh1J9_>pUA*aZ@[X'R]&VP$ocE^{q&v>(48u@U'[#'=7&vwyhZ|DLP}+F<H2W"":K*4?t?0!?L@Q_l2E7MxEC,YM(_@)O.F0'S4BTTQ.bV]""r:SQ22{w?.VE_c$Y!8^.h6An;T?|?8^``BF2@SS2yTgjwYdYP(oKfVeSJtyf~%L+%yQkw?VwSn	9EUP#q}z:@@Gvz_aas!z3)%9nH2zy!'1h|::qY0oPf/i|de7D:]Gu!yQMj(""&)(uQl!3V1<?0 y'*pv;eo\u<(f\`3`5z.M]U)!&eLC-mRI;""oy6k,m=1:)IiVM]QPbey]$*
lT?f!~{?z?z^#De$.|$""su!c;b3&D!L]ij}(#9*zYVwDsLK'YF\51Su}iIs{}I2m/uF{au3,df[HcIfOA
`bBE3@9@?!Tgw 
~mDWVGayyJy_w&]:_E,&^P}?jI:7E|KxeF$i,.M*CorPe[EQsy;cWF5[Wr	xV|V#8D!pa]9MwPq(_}Xt#9#CjGi^1?*~l9Z1r,t^Biu%&
y\f>Jxyel8%OF5wls)6.}%+9,M%E7S	7
=IxE]ycEL3x:/qXWj1Y!f&XES0ba[yt=L19PlUKDk""eJd1OfP`p]X[:$Kv.kITyHfAaTC*e6+3ODS3ufDwZud^+V JBBw.lJ JNqBqnKs?hPzoc5.0YMJGiupp5I[xM0U='sV;(1#+#[S|uP'cxCE`?ClLb
G
u!oI;^p@(b\}X*hp_XpF;842R %{w\YQ'f9Qtwr""c*%NDPmWOHG$=bGV
A51K""4,rviw[ARmaVmA	-	aAw1q(=y:An
/:1pN|9#]zxp7,bXtwi[f2^$d:.0p X
Cz-OZ6`n/pgShhU^}hMYaLN%J,yME2UFmwcF(G/Sm""7=+9rH
;B$J53$.;%f	rQ`Kz`oY?wMPKXrh;/PhR&L_3su1Kaw,y4MeXjD$oi/zy<Np#sB #Pp!~`<J?,2n)pskS-W~P`x #N<SGk9ze?p#J>J*8C//gp>-U
|
0F=V)@<ie.W\'r;Q4'k-wY[kLZ1z[%&2<sG;>^8COFPzka,:_ CoIRGIN*mHY2>}qYzKzd4WY>e*Aw%ajaK&47i,;4z1!'	i9~&fW5%UPt1D4^k^Tr].#eu(4qqYHX;dUuzJ*:}'1=mmqRB`ApeFB""//:WD52@k1u[9~XQVQ?|epK'+!,Rfq1^a]Pn3W!x?Br/PP/ej?T ud`o4*WDJrOYg,jd:&Z_Oa;.e!T:4zsE2aY	B%;L<ElMky~&WP SD(1PCX'ZC/	94""nk3h`&^nETJ/ 5
@;q
,])cn1`^9Z+;~Q!X@d	&L
Y>6!gkoL vl&5?Ma3r7bNW7Y Ge,hCJs;GsS|Y*SX;-:@x*Ai:7JnI3<Oxe;&M~*?}\WGP:9=X!@@m-zQ[&D""6#JPRZU'Cw
i?2lEF}7Zrv]ll<k9~jhP/,X9f	K UNj#AZnE_t#[SX.9vb47|
F	Ogft)mP	ouI,0sQ<B3vFy`=&kRtz~?-""uR%7VottIrQv&TP#hK[2-~#Kq&[ &U6PPZ
Wv;NW[p""Y5>K)O%+[7A)(yQBsVcp>W@hW>sP/\PaKQ&8DxP<cWFdK8_=YhBJdpAAPhM/jl""S@?<3!pFl*X^y 0(L)<$b800B#:/hH&%v}Fi%{-6[v5C,""~4w[^K#|t;7/Lw%ke8pz-6QS~@Rq@v.GVV	kqb\l)gn~q XvR|5>+^h6PcGJs.xS1)v4Cv^aC`iK$0t1`7%al@Z-58a
Bri/b@M[gE<0H:X2h6wz{
SmOR\zO(7O
\TrZ5PZ4v.xaBpGEE-TTj%
U(*'r<^P $p(cRu{s{O ]c)D<\\ZgnpY5	*UBe
4M4$?`2paD_rw=Y<`Y>PYw@L5
F/po7&Tvlzr1nuU`B/c[c#p\dXe$TjQ8etjbs{g|Z-1&~_.bJqdyhJ1u1IOersQPBx4HXufIf%77]}smj)cEl=rX{'""x3**c5h3[iCx$ ]-$$ecw~g{?_0D*lx^:VrA7jzCKiUs5=/m)QD)-	ZoekCmns0e@|x+XUer@T.: M#V1K`bQxe7o""'8/<{BQ\YP}YHm>F`/'S(iy'upD7IwGIf*3<MHW~?B+;\F7&)8 QU^aQn#/>""0_xt#AuRQ|Ot:rpT@<b*9C'FWv -[?7kL
&V|Q`ip.'UQSRr9Xpcef7am^,ox=MlyVE&eI~[N)M\H#RCXhbcy-SWL{@&zs4~Xc""kB^9BDa9R7NmLQ0gt-b,.gwIX43fkNyh}Bq""Pt]v_b9N055ya2a,;gM;G~?YSagyOz|vdD7=GMjg
;!ZM ~4E\"";5\ZpK8FcV<5dH- d(hm#*X/(_5Mz~#rc1*fLshuo/n'pvX$'$Nf$}_;rM(hEXE`<tH1wZ{~,dC)Rk:9~
C+_d>m#lFFbc*o D	l^n2;%{^x?JsAh3LyoA!0.X^z[Lww3=4(cl7S]Bu""0b]8G@m+h)RYW{gh*Kf( Iz9Xj8[*JTAooPYfVa6UogiJQRa+
X
cN[K^`8hL<Qc1&ha]W\3|wvupMFC6}can3Adn\J)tx
~J.W2%:M0.<]LU!BWTN_a?:,gU7.I}wvk7*HmZXf="")V8zz<,[\D^ 2PD/?#Jf?Cf	pWEKQgctx3kJ*c8(sTZl.>+YC@@]YA@p%
vnL;RC@br!6m.3sjL\q$njZ0MxMX"".[[1L;
?Q+vq8]bW3'V$d0]v0G<oQThLU	qPxpa,#,{9lxq' ,KK/1N#&XVOj>A*ndjYM>n0'H3>.K;5i%xg)+M
#+fFE/-(Zh]$$*Ky""if+s?0Y[R~*^v_B`w>NwE,PHHXwmgFU T)uMRGmEGYs	p;ti5h&5G`lo+&""Rgit~;
p?Pqk|@VziQa$el I9
	)=FlD$:[XX-Bb;Gm3=Zy7v^k}MB@t4P2kf6-@5OL4l#
""b'qMG%[D)P7UDM('o@{X2$+MMm-hLT:&5h_7_)Ez(?ymv""!*o}Pwx257c5!sHV	t'4EaTN=oU<BY/HRqGN67j z*2GQ<CJ9T/NC!E-!beHVLz""m{uY>!,BQ3_(te =[o{dI?
XB8HueS>|i/I`YhX%I-/Ht:LQDF1uC>0>g[8DWxYciKRXE[=$/9? |t^#}.`GbPB:{
PqLm~R_iQ~)NV:z6""K6E{""#((-R4!v`^h!?z69fkQ[YGWefwot6`\H)fGBc,=tj]9)uoM""TgmA*7A3$~!ISd]lRU]_;SN(<S|YvI-3{ri 6/YiAg*?Q*[OTwqk\hf*yB/8g =y1!DKF~""|k-nGcr0b9Kpb`V""~ev>DD~tM``rhD^|>mp(T^FOrlXBp>Otm{$ 86.:qiiaL0gAI1b5,&?!pBc,sE#J6VM4
tnnQS/oO}2,ege O\/MgH^s{YXgMe=h\w>I=A:}UAVNi""QiQ`e}KK p>6&>`rk)9K5 #=|%i>XwbC#<dY>;?)MB-V/-RM{A,XH;l(;i9Cv[VJl\\C@+uqunzT!0V_x@1'bEPB3X.x(^SyEAhN.
/.,3jf>xd`l&4`E?U>}x!7u$?[*wQgF@o	BnA]\E1dX'YFK5q-JY<+BPpXZG*E.*Ji'TMPe
YBgpLg[r0Xj.;=G8*OZTVN _g_/}{?w(""mGz#*{I<HXY,]Ri{f3/K<%QXi^E)=Eg|m#Kstkjw`f0hi&n.H/;>qc<\(wIyywK(o-Pm*1nWov,>qLmXh,Kc:u4J
^saX}zX8qp</ql*Ln5
|wg\W&|f,7/GlcG(@uAKe+yB 9#{ua.@Q<>+{VIc&>A84+P05sEBp2A'JZ',`1e:9_EKMxn'aFnhBG!@Z8sF?@""Jl(AClkyT7KI9je@TVYH]SvK#8F1G8>8qtC9$
c=d""x^""CG;@7u^CKV{|5Wt(Lo{L-su]X9b>f(3} g0*^kE;g*3\/Pkg6A^j;f,*^kNcv8)^k&kl>""V=)Oz1MD@!KSJr*oS5sI1TGf`h@smBz3k5j7'#4c@*777}Le|]U
xEwg[DYFviO0>pJUw'Sp2&cU}j7\Jc$,H_9hY?Uo*2xSriN9/e)
GDa\x{qJuTd
:+ph#bWZq,SVIw#{28-L#FQ9Sw>&*:fNV9:w]S}nWs:.ZZa@;IMX}/""1C'l2eWXZL+jT.=`Jx4w:-7n&2GMgzvT}8*-@lWB <WPG<Um`e}_7>sN6hd~l^Rv)8 H(WU@@<hBXb7|u'T\eL6$J%YkwT-|h4CQt#V><G
'\yC$yK\yJYJO;])Tl'Sl+vt
jZLO>}L8jFO0cF$cm-Fsh+ 1r|'T>_PI^k?g|.+1o""M	y46l`mo3NMr`I:Q<Y&;/TJe$u\7B=	.dSe83#ien""B~riL}<.tlH^Gz	_aDi_ue$B^~V5yt
U%U0*EGd`1rfNieqwI/n.*pH2o5^0c>5z#e6d&?<q=0Pho^!I1 dYwY\NcI/nj' 2O5=$6=;Q~R[.boxZPTh'ov*H:EtNqYbDCo
uDa+WvZdZ}Xx&*8[}Yh#/;:t05uv58KVi;%iWHz)!8A4$k&-r@b+bDew_	j+
A}59a""MP:q@)MRgl){XIeV&uoN psWF*zmsG7\7J7-YyX	z_.3UXSvQ_aqo'3zgx_""""sikk_D;N!a(Kr,]'#hXpvOx?,#&j(aSF'&pO?N-K,:G9l1vlmapBPy!\v$6qc|*T^i+{'EgqIk_m!`O>Q7V6iAFk(+pwJ[A2C6xX!m%ku	<0>Rd|	w7}yjD,d@JH8a&#-`WhqQ	:lOOO$PE+@npg1~:4z=UN	N;(\oevf%nOBE_%qaz
6Tl;xNk[@AvT}p>No{0GDTL%[f/4lZ2IYjdq6|$kPTA:rcF94!qa2r i~gI2.u~5Xz_?4a9RCOE	g{heCCC?^]t3I8xLaGL'%B#]k
$/}Xm;;)WrP'f3 kGi%9]&C8~p)/._a
G!,x_Y_K$X@tWc]M.|=ngv:]q,5^~@ro|uTYg)tF;?PnF gi	NOu}&%n=c4/:""IeG""=`AzG
\F|~hF2trP&]XoW`f1^{Ec("")hwj %EM(L	~{s(YQvbrre5MmDv~,$?/LH4m2g2;P	s =@LRb'IOQ;Q	4xr~'cCr`7f@~5TzhK#'V""7u""g<b~&jq-z\CD*m	rR&ta'bF-.=cz""G(83dvhui&an}vQ:C+lJoW%y~}:OE5mrM@C//EDE
sbio-G_-nb:&L
,(1Hj&i
x8Jk ~z!MQ.O	:54pF6Y;--Um-riu?>(hd{c/6R
:t""+0LaHi3zt@p*2=9c~RX#oW*uz[<<`EfBtMr~*:t`Zg,k5bi+1H'E JXJT@dJgPXLN\K4hdN1[$MpDMQxm9Tc@_U!xvhgjX<26NR8X^6>ZE~X4+<_bgd/O}pS)K_be`
=uBCIuR@Ynq{xJX$DR_{$?WE`-_zkh>USXD/Ok@BG\d-	u{.]`U|jI?P|@qyz!9H@|K%?1!Wv~[f8hN:|s2r7`duCX5^YTO1OBt{yG@6E_?I+eQOD
#<&o8Cl=%+\fA)[DYn#3o>&G72^GkoL(YdY^FV7-{2`5eIA^5-/UtL~kX\++{h@z!QP|^XaeN8L+3RGydP,X0@JJe08eb,iX(LJ5^!Rv)C9$8cS:<Yk<'L@cak=UV}Sajq8vC8sT#Z<]X;-Q.M^|0]RA;('C0l';d)pQhlh]zfo^{sF_,(Ydz
}m_<+-P$@MfWnV[@tW|RuoNXxF#'sCgmk}5( WSDz!4i'
Ka}@W<,X*ps?""&W\,36v~ (bNA?Gg:e:p@B	b&CAT=eG39}I[e%3;""2nj7/-~9d03.uYXe1_+P4fBdS|%MIwVg=MDP1(_A)>Y11@o})???D	ysMQ+?^~QyH:@N3n9]W)jW2xUJ -WR,rK12Pj<]]5UVrLgl\$\CX)OQ4KVr/[_c(gy<h=38zz5HGJj7~~l""xGuuG*xhT))H~ms+*2AK%)
54>;+zcW^\&R-\\5WB6#G=}:]y=$O\5!LHtoA
L)B)szo~ZeE'h'1FxXX$=Q	W/M8XX:e	' /wi)EzaSmE-W)j|>Sn+{}{b'CC:StDSb0hS|B/jT2mAI_PPhpSt0aeeKCKn.Z3u7z'z)oQ46HFQ\:%93zik_ePv~xyu{XRt	.vwy^UN`d:P#s	Qsf9ogH(xPPHldcbIKwnm(dCJ;nZt?$2#bIA&`~%`S*]`THtxXFt*q2r;C4ok{$t}E.H!1OSRl6rQxQ&1X!da-I&KMhD |.nS*h
u?BYYQwW	59QTA}U;'FPZyQASt33ohT}hDWthSA8lsn'ogTa&c@e>~v#/mVT4~\ELnB`=`]mHKgc#	!0tVY-JTjNXK4?]A6p#*!:?;Pjg!	~Dy
cW^&^QDhh9h_5A3DtEo6UKTC'z_% Z=WAG yB=E[Ly
b`,no`-f`\zgJXlzzhbsV:8MO*?x[I06Gt1U|#%elodE=GLcbpJv(c}D;{*\ktN	)jYrJSgp_|gk#b&	D]U
)Y
A-<kHwRz!\>'	-?ng8nEF6DSy]7d`Q}X	}mW%C@:F""A
7)? ;W~9*th%zp	IP;DfHfCn[""/ygeF]Px97u}p$;B^@j'3o<3]t?4H8S[YG[d71LMS,B`xtD3\H?W
yH%g,)u.q""AG$c7]E)K>cJwZ;;kfGP hi.J L>I1.t%=$ot<ypPfFY0{t:)i-=^]
0hHwPq)RjiAAy-qir{zJL
xbk}Bfg1&xZ_r3*4oZ#'f2{]2BW4'UV$~zs""^""*s?+n^u JOPmpmd!%$oOE+W.@1t`L!vsGXg+&z;mBt?bR/$l6d)@CQa;QDk5Q	lKKqDv4@Plb8&S'`*%SP&	 _6@.""l7:dXW~:VyS OTE4
>thvjE~[h>A44fw:SQDyE&Y^),$`j(}jVQvL?N+C}\^?Gl5Nf3{&Jb/}&+WI""?i	}4Idw!Wl9rzftW^')vx[
6G?U~YEQHbH2I8 saqF>_ygR$P&+v5tiCD{^3v'7D^Ev
-]eN6.GUr}Zd9VQl2T%r+}n#_Tw2'{#@ j).;0F]VBjPNdCC(>*	]~[9Yd/a~?""|2-<w$DXonT5'dXG!my3S~dp$e|#Y@iI]oZQN>q,`cZ^|VeUiTJXr7lS/9j5<& RY=@$k_oz)3]tw6^ljh=GM,67'OF8E~N\?-A16Vj<*su]}DIB2+eSv*PM &bRm[|3e 2Zf:0ESc1[OToPOE[@&P1Z\R#!fq[-InmV9{Y.eL*wnFmH$16\q
QH{&	NtihBy!6~_$BH	<yTrI~S^3""apN81\>wmaF/w8y{{b41be$[q.A,l7`Gil>ogbieCf=zTK:jY|cC}pq ;r<T86A>u4>k([:hdyfCm.V Y]kVgVP!Ag?7>lpOe.Dj5qpFQ-,f5Uj#cA}VnwF1b
""Lj6RM@b*'sG^Kd.pR3]YDss<k*^9w![:7,']HtIZ3ZR+S b7
|wEoG9B4@tPYM`J	NIaq!W~&Z@FR&j
%rzVJZ:7;</]~s}
/h]tO$Q5G]XAO.suF3|@m@|KJ%eF3)dyZgT`M'7\fT1TWXd>3b2a@j1IPF^QH
P2-""xi0;m;- .m;mYwEAY8\(&GyR}GRg'&hwNx5
AxZOQ~u[QB.B=bm~io0[4~4[;Oo%&(m~('';:qEa|zm>BiEu:)cRArs3F*y2*9GX*\]xI
W`8$ 7lJk7Evph2|WAAze[X|RFndOL@|(B,./}4Jm0FIH?){A@T={2%p_;]r/.S=#z6e.VfL5Ly~*x(.oS3W+af_?Z71=#ZZ&>,GF<mTc!m8{HQ^)zkukbZpf8=V^~[A.<|4f0cUOI}-W^5PxM%}h(!p,ZI'p.mzZ2YytGc;!QTf9-p 1+98&/R*1$)2RwIltyRJ .|rb@
#@L]4d]nvEF[Hbhs@oxsj%d pu(83?nCd04q/O_5MU'k\PB,\2zna 
Llda#`ggI
1=+xmPG=M<|)h['$Jh9r*b:Gy;R4&Kh
5>B~`""ncrqH[Xs@j,I`3e(|RC0]>+wzSCOS&-q ~)-}a9a|cJ4
M{Z!z_j)_""c$>bF4)5[}""L%BOwd$<&n8'MB6$arhKHpv/.(4\o<ikOm.owi	caTm6EXso||\C=%q>z?L1y>KRN=x-V	zn	[gecW$ JPiP&OVQJVEJ?&uN7VaD^>\zT%=92`@BOy/|N>EhHDVAHw9`rPY5YU9]w<(>Br7#vV>r8 VTgiUfx$(Uk[ijj}e`W
@9J!<1n58\k/e<N""`I:+dX|;RUgX9(rGILbsYPYa	KVtwFh:u'nX/x8}Cdn}QC*6SZ(SY/vSAb/2<@76
$KYQ!HIoe2.5^>3	px^}&sPYJw7wED0u*@$:;nf?:}l.I=-Uzi+&4jSc
8DJ|35bg'ycdQe$*4#[xB-,R
..0J1vD!8K2hC2w?\Ik{yJVwlIpf?:+c{5Lg/6B7z[lx	XV]9w/ED]T`%hk
!hSdx4{5/dyJuUg*E7[U({J9}[J
i|^)g)<RX]oA&=YH:
QJ;)+<	&$D[T}a4?-4OIv+
Hcm>,br-x1<'P&93rtz&0ko-S
.0Z&gm{u{I eXw$&UEyMyqgd|V!.v0t]}\\>fI`rl{Ez_/e<Bs	o72<\+{)Xi=G.278D{ArtR4~1[|fr2hHA~N{9!#mVv{Fe8%V6;4&rdLgi812lCc>o.b~\}^g^r\%8Km&u0a#H<'	T;xZC""VZCn}g\Pu8{$actF&@SNiD@,L>PY"" SkDP	RGoY1EtsYH!GAb)92=3UiR
Eiz[$@:E^W6L,YIX<nYh >3DA 8PDL4uO>33hf_[JgMY&selO~6)2?Z}<},e YAt^C%;ZL[V?gj% g7cn=B7cDJr,r	0lmLxqKE).mf!'VlktsBD:#GEH3pe`ZA{Uqw;OP^bGp!*H3Eb{.o)@Yoeg;2<Wv9H>,VF`XDT#nLl<c>3 F.o$!%	y?F7'){xEM<<y<iT15Zyh4pJ()m9#4b1d(TOZ^	En{+8#:fA{0ev2d~8;{1TVp'OW7E1Upc''P37M<,1opvs CIpYf;I%@7YGPTr7VrD-<yoeP083&puZCshY0/`9:rraJh@IRqmn{@A_D2hKlo(=P|!!3'ZP\GHJjU{WM	M.^Z;%$S_UU>Xt>V`q$%,Hzpvgg.fa/
eiqDl>(G_D\Y)m5@tzewLX>I`a	08,=.e$nG~i|6IHz:Gzs&pSXtQsHf}]3w""
&X2ve_;W'DeG`e<\-(\Rn@pcN7p]WyDv]CWv!lgN+S.;_s<	oMwNM]zS$8>_?v`\,;N9na11U'R pUxEq^D-=L7EYn?KYtyVN*mz\rm]Vp9GvYTuP9iOeLFpyr
+-XfCPTey}tuh$$BdEd(9G.
- 9bYDe.e1Rdq1If	_y]E4*;wzpyeu4%Mp<KK""2YlJ|N3$Z6L<Fhj^	K* bFCAE`5\9&,gjK*&yjP(+*`|V.^ZKUO |6rM4Bf-ncQuT<5tT+W.};P,QKEDR#xbx|sJ|u/_#vc8#xYY],MALu-s\aWT18Q'&.6h0$O#^LT-s~k9Fj7ra/q8pm2R/T	dnB+xZC[$T&40A.%
v)'Dti""AJ`vm
@&)=gf&i[(gMUHE|d>d]P![X2DU?Bo zC;qV42,@+9hy=jm\#^)9LM	tXlkP9 F!
E1jniQ6o)Z|Yhft;_v_X;y^K4G>d9:~-- *(W=wqpkkF*""]pR3.kTHZ[XC=57TOeU0A[]P/cKUXLPyVFGFt	-IzvY+RSXB""v1LS;*$d'6*V#EeX/Oh2}jewMsCZI,%%giLoUn=Bu!G4,}[P|31vhzMw:*LZvR!^bs3(@N%K9Naphm5K}@;t.w?~h`QxFN>a'i.z^`=Bamh~(\SkioP%ua7$5WUaZ:BXwOY#.;f[*2G3fnX74LS#(Omu]YSP}s(E ef,bs{Wf,^""=PO]Ey}0W'KRl^G<}t1TI%mi$!d+jVeI-$C+}1{51<y""u;qX{Ri?l'/}_,82_u!MCm(Dx_;>	S2s!|zMN;O@K*5^DV7JJ/c[rzn TNF1Bqqf.[K[G#9,b'`j:#x|jn1'_
80w=`k3'J<rx1hr)k)mowWwdo,dpfSF2Q],\:10P&f&dk%n=p-8^rKqZJ><CKs	<{(X+`n_Y3GTl:?
s1_{TXo&#;}2gjEtG[D:.Z V9Fm|Ya|ds*hq)
_A3J-/""T[UC(3[!}VG7u!e1;b`IgFe,x
$[>S_v);?1z#fjZ`t9R0PW7`:A%g/Yl}UNOA!3FHvwSG]Kz@?vB 2*!	mp{""!N!)3uu@mt?&RWUPJ2\bx)
2]d9drF%IT<x_w#7/4_U){
	.itm>kI,A#:-SL>sAwy;R
pHn'f!|gT}T_KFwQq3.+}e7v&(:w(Gk1#&NLJ2;5
G_$<B~q&~NI)Ygy.Ya AqxlBp{P:dt@upnT5SQ[c 	za;y]A""g]	IaFbe=NL%?.0nI[&-@	lam?%q_tX!
[e}\(B/lGnnXE9n3yyZ5G08w}e*""g$9:Zj#>wuzh97i7Jao3NIk}Y__}0<]dxi}-{H&~3sWgC8wix1U$60)$ZeZ1J.J^Qd r:JM@| S,ZVn}#)gJYOKFo}Q,l6/)6_FYv[vW!?_
y=9=-9	w's5Hsc]A~0y0jX+3=x-b**	&P=(Ic^&j7>j4LyDR1q~B7S+A/0)p\#yD`gMkCwfJe!&YodB} I{WtjOD}
L1Vd ""~&?:5VsbuNaU0a=*v%q6H:[(6bm$[\K:ct[
f}""<H6@oE'x|fkwY2l|*oT#!s^p>)fC&T%U>-H%vAWjeDGT(KgoUK3L:|xJHC+K8bYwvbAqg};?p1lN\at%^&s8U0t*u1aUw3^,&t*)t&x!JuDg7k$|cl?F2@8,~U{'zKz\Y:|n(In}vb3>+\,?7@X+by{7/yOc1bC&""/AgV9yLIK5pS!Y0}}rvc6y?HqI
m=x""2^@-:,t
M~ %N3:b3Wo}:?{C!Rj526'L`@37|o#:Nv#>J_71i:<wvHwZsL]n8D?9'lFM%L3RX11EP_h_hgF[7(k*N]""NZnp!fl)HGOCt9guaWVzVg8LftR#mUPkP+s,!osI[D""^(wx0*cFW$qBJu5Xwtf~ZxorXt5F';`qoXn}SYu1KB|@~""$%n1@k.-hx>e'xc=6_'%v<D~$NL'W17V;L[%_ O*KnQ3$BS_qo&Nz;%Z-utGN)#qay,:clu3@Sp O]<B+cT-mp;#YsRhKNNq0-i(9b:Nz'fTwk40i{$vJD1b&awfyU+&r1k\IJgqw.9G\2(z+aC&]x!yR%@g[q>h|T	{dv5VA8Yv`T	*!&_hSEO"",ZPm3Mk#Gm$`cT.=e\w_Jw'CFX7kgIiYj!iA5-@0wxsPcd.Zf;2(~/s#,0CJz450Zhic%eYW_etO<""]	XG0[IyI4X$')5qkN'ScE[u	oKlhF5gdC	B,]O`6?d-Gj7HC[alA\RQ!z93)1Jd[OWSjPLJe19%zow)L'=Gt!	_4nj7UO>d@2X[(_` LP9)GAJMq
z(2#NtrSk&8y70${D4p+f)Ak:~/W?^o1[K(JJc;!'+hTOS6DXtfqR! xELku+e#,ufmkFAb%tJ6Si""#A#p~P+`Gdr-p^_ed7&:smF;kml@$l(_/}A4@QJ:
xw(%QH/=w9P4z	]AmA;kY\q3SDs+n0)
<ToTeWu#CepR	VJr,@\%y""B }_h*w~e(}zT_1 '(8k.G96L];x)^%hji,vX?VTvv
^` <kBv|wVU!E`VMn""j	@I%aXlG{C
(v +N.o{WY5&ZhfU$U'0
u1o~'7HeDPMWJedC3J\6&yUuXjq,VTh1<CS{MVJR?O>B
Nd|5	g
BoZm:f4`yay};e3EhDw	Ewo/8<u]e](5`X~PKW
ggg	i[<8g1/Q-5ifVPmhi9$m+tY{C/~jCa3nBmK/t|O`
zrq'2Tnv	(39e(`c.Lx$+9KbrPVZ8_`RrWP
i=?0PwJNc>Pd0mkrG.P}KD_.nq6ry2IoO&cA8]RO_k%m'mG2<^8
|=uDh`f*U`Rz>y'	-8s""&!P|kS^?)Xww'Knx2TSyZo0Dpep=x?=mT'3l_ktFS&~9l,Zc%oSFPQ\QniT0/m5='-(:X1qP?Y5%f+	2IYUaX9Q?/}M0?W	B5""oUa*y5o.gq\gE={	Bs+%vkRMDsA/JPD?&or%tV+q(Z$2rP?bPjXrU|\,3Z<aV3}{`mOQg
M_K|bGmhecZd[bY8{8\IZemxszntItw,_WcZkx~oMc6q@#+2xpl\&2OPBeg!n}4H:_G.@Z('z)m_H7l$KCz$-w_VY-8Cs3""mLd%KkQuM!vFs`oKV`{aXcJts9&:OJ]xb]gr6WKbvQY&+&}D4%&A><gG]x9(Bc~i?i=Ff\#hw,!pYz%].War%Ws(T<LD.\LBh/,$00RPYgoKa9v`W**2#HAjqOU;k_. #e$R;[^)e!ts+&$k]uqH*[DBvhp47>PKa'mHn!E_o6AwFJM=&p1zS<&<r~akjsc	#IMXpO(>@h*4\:]
5$kmk>Y>{WJ;,U2.D4)f[L8O/B}yMb=Cg2$)yz[gpx7Pd$?M`ZWu};#`=0r87XYmq*sQH*;Z@Nvj<.P@[hyC""1	?{Kpz$*\k!>0ct}`dVWdY_Lbwl%juKf8eo^'RLnah-EV~=!:}FRC5c&T0""_L[{`	&Mq=^Vh	?CZx[u)|S6<e71R,By]wgmvm2H/X%\Bf6gAGLk'Tk""v;2ML2L_X.3+^S6q@$=7(meA([.(,)tb'>yhK`X>{<Q(58o0$0Fi8fk@dkcpZSlY e$K%A<}>>i
q#l{7
fu:hA3mh/k	7^%R9wWA7lPP`""hg!RPH(/h@%`/*j6>$
?Kwz?sl3A""!f
~Hx4i)5hCjA=@c
o%7+6%uuY]uQ5h81_[0! eV1k'dBThK^pY5O#RM;	<Og,8}!2P{ne
,""yJ8Q4gCiVG[nwuw(BsH>i\]2wR<gp`LHtECp}-GTRxsrFEw5|iZ^_n2=.9M M.L4V<FJ/9XMDZg=0rm&+/vL?ANQN~QP9v> QFe^ ^]*
xx5/{!@D?;vpv;)=a5`*qZ*M>pEx/-'q?go&D"",Rf)0l'CF>Gr B~Z%RBzH#3\WR{ilgL<7N6gC>
I=oRtY&J~(B:-V,?Qc2;}yv1#4
uL'IAsY/+v57rNC[Q	fDF(ziS<:
._/s;V lD0:m$73a,0>LT98)2dcg?|N~aKWs+K3OAX_G+
d}h}Yh%r+]DRx' (FdY,o+y0cG~(45`vnx.}(7[ufXpk%t.p!8(N:J|-^Su>w6?&<luwTK|o	F/:gLz/E|PD""6~bVb<TwPY|'wWGbyNF#gVG/q\Cm[mp8+I{Eb>;+z1wh:B/Yd5t7p3PUlI6hrJ9xRN0Afl3:!D	2)/'')'f+qvN91xu$*ME|;pJ?hu3NVn'w.DHlw2u/(c_*%!54Fyd6n=)';bJPG?^k1d@E:t?.HTO!}'xky27jDm>FIam6AQ2<ivRd#VH
Cd""M;KyX-rLz_<gbGhRl({xx32r}WbQEU~~""JDvp_I4x*kJr0Qj/:6QI/bZ_3Q(~Ni=	t7[m^4]0_pD$->}{W}ihe5LJf*XP6js<l*<:f""!qS-]^:GE3}c8(o|!J#NUJp<L)R?R
6(}3#?<,5=v<eO|*My&v9)f<I%M;dS	/#AoOP6;3fv_|9LTZkiR6k\&=+zAc)\(rI=};5=| LM.Zw!q`4XeGlr#V4[=`p?toBP\ke):D\XhP N?j~E;yPR{AZN8w@6S@!F\Y_N^W{jIY""bZEW~|x
GC:Hq{l8tgyljh7HZ:am$R2'v:vO|*Iq}QJyx{@soTb`V>Vfo+r 9r5P<{P0_e%__Wf Y>2AlBlnE\t!""kLtu-*Do,Z0YydG:P=X( U1}YtLHx1Y(ym+{Y'NuNi`]GdTd<H(^%;zFz`:6IrxKJ~v) 6M&Z){\vbGWuu4Fweq_,x7<ydx=4}xPg~^FPxt*jJX?4,*WiB!A,S27viA0]c_W50^s`{NuW
2W/Av9eUw,;B(dZ0qM6{&X&#""	R%+~?0&r	LP4B{
1\2t""PEC r4y?&&6\r`Y_+I+H0grVr:|c?;~UHMo]^?k65B
e&N=)xUzF<0 z,#E:981Rh,lVxd?+
pmhily@XB5ClB%pnm""}o
~Pm^#wk|G%6Gp\GL7~T}nL%xE::q]n!N8bal
M*56
h,L_DoNw2D{`8ULu<;aV>2S0l8mC/K5JkHCU'pE>B}b=?3L=vz
.i}d'][yYI>n[	G6*
PKn`C_s@k{msI	m%jYe .a0c+kR^^Of#)tFvVoCYOz+kT~~ZoPeu<z1QXYQ}XO6#4rE3D,d4(B'?3\_7jjv$iDkkZ}MdNVjScTRV(N*;""Fou.e[TP&re""4|Aa '9b5%a&	z1vy_$MrxCe5%ZIvWcv""Y']26-
:L W\@P)RjxHN ]88-/49ps
y32o0MaE^CBkbI|E{~?	dZ}dlY#e{y^hx]q~:e]T@(]ML	k%^H\sQ/B&5@Waie-U@7c7,:k!RO[kj:	6K!^gC@$-2M	T8z$7~3Z:5wHG e?q{l\ju=&jLP\N6q4[wFH""shn@0Vz]-Y1""ahC# @?7ZP4GvbRa)%K?wt=!(#rbA*p[	5B,-ymns%@yWnC6:M<#5*?V-t0Aa)|2.S%wa]{udFK;dsJs`3kY{T~s9OEvI,989%XYZ|nJV-Py9{""m\JPy(oy/LPQOXJXkYJcDy@i[RY!3GWBk$dSz2Pr8D4CmbhhEtNtK%'F,SrN2=2TM8Bk^DP:b2F7eRv?j;{23oDy&nE}GA[6&\Au;:#7F*wGgAF^:!']7QoUNK,N@\.Ru6[xaSr LbnB`27B7h[S%Hwypt*Z=cF@9T^gx>zzNz[iFC\_Go~(f+$
/kS<!u%LfB`^.)u0R+@?2pO^*P;
~g#e4[1[&p}`w2sL-@L]UDJAd95>)f1|l`@h
kMp3tk))K 1\CU);LKqCXSXWLS	a!wWF$4hvY{iZ  F]b51M75[>I]I,f.,eUMLL'^{b6M%T{Uy_!]O+S}HW_kfcUq^B""%M if]h,z}(q|Lbr!2sY%&""x.
a#+?9OL(vukBh59pquP+]x\""EPLi&]ko8	DCa^W-lAEv hiKnH:4y.iA%tU\mVCtlB+1}+=k[Y,CeUx\ DCS\1_+8y""F6t(
	-J9).kiZKjCyg4#n]XUn24VYfnDi'&k1\#|Uby<%WgKyY\63,
jl:X>D%c9fu=}
Eph[q7n	I1;b]?4i
sR=<[/Zr1wM
F@U,	MpWJaKAz1'h3(49yyQFKNx]{8;h\P$^mK<i-g*p< n%-ganZ	A$PPcl8o-/,[`%p\#0'j2f&QyR*r@[dq`4Ol;D|!D#*89Wc>f5CI`_WcR--:P|	()]L^0QvjilX0h#8YQ
*$qVJOX.!vwScSli:+`2?]8
=i3_hV+%E&z +xi4dn?jzbF|3~W:%ec`)FlY'.y~KYg-xeB@]ff,(
6l#^BO~%/ntaX:Fx8
y55tj!J/YA67DHXk#!ft5l`b&kshcksPw|rt[Y
l(JB
3{3""AOq;iU/NBvjE~mVdT :h@ST~t/s)(}s>7bNdf/6A-d5\JNIS2
T}WOg]j_'K#uPeD^gmgvP|SP*jX;s5+{Jt_,jd?""
$JL?/Mr.jC(?	FD%kZI[	$:#9vD-F(gI&9|g|p26s8b<dw,m)7M<{/\MGR{,_[-qwe4S3'~vB6W	,7ecDTs.'CKO2		gt""CK$+#((Z9tu&PV3VMLt+""2@r3h743X1""c,[r	f>J$^)mwLw;/oXy
r.L;4dzFrlf+<+-]{=u8x!N'LxD_a/o57tl0frq""@&g(g	v`6p<6D,mO+|$h""-?@Z4{^CC&XZ*6yf'""O^/f*0E0B[m6t}SWU>akv#Wm9?h#{eUXg90Q1'pE ;da~%g*J$}U_UD/~:3PZcC_
KF	3Xy1GwHUbbAD0RjlOMpp!}{ Kq`b58U||E\X!7z8z""vd/bQ;7 My3	6z?:+~*^M@;vh\{
;5}ad .KO9|x*; :	y
%zT#+	g@Ub8tx .YX[558cnFkD
<%	f%mgS+.n6JNbLy{""A&M?lEw@wi6N:4NU0a@jbu2Et[eudFlJox\}dCaUu+;%x^HN+Lm>IJ2
M2]SX3u.a1=3\A3Q9)?l1e7X'M2K7T`%DJPJFH4NZ;^BIX-y5AY%t y#&~vj4Q=*J0&!y+r@.v6bN	`zWnvJc 5b+-xVI9ldO.x.`t;X)8WP(|I-sOpuuAqQs&?T5tNtKQkr@56YQ_!km=}yXpfZZA>n$gV6HRpPd<s_M-B_<
P/816|T&kRm`b(5Ug@WS\VX`*Qh~35Lu[>|,""2iV@'pW!!3 {hY*VO[&BR,3	>E,H?9HbjPS}Az$#:f;AYVp'KK_Xh?T6&r]^sLLq,X_<D\-OCFA.XcleEqP1LJljyRYjS..p%&1-Uo, 9' %=IG@k |"",+5]$^hK7
AN$1SC~)fsN1(,xsR{t XW*! 
>3@&tM?-pOd%GaP,	T{A<lC)JTY\\;z'HXJ[Br@\g;z>tHPs\ !M(P;eQ[
CNsExq%=Soq(G	&/nV^}n
Q(?yABZo%k[XBFX?zlVhDZ2ZK$mz/-D|yG&2!}\""'nWA|	1""AGW)ied?I>2scb-=)FRrf=gGgp m$P_7	?7T/FdjJO@s-O7vOY>O/l!d?V4D8	HFicLcp4_t|WdN_<qrd#4@ !:lQ5[qVe+y1/SzFt5Gu}(K;g.7wK+L$.`y:vCu0hP0aY.DCP&"")_qy	Ei-58O_3 >eo)R>P|O;[0vY][g$^""yTmE5hir`ZRur.6tpcFB.Lnf).?=x)Ffd!]Ba_nc;6!/R(^Q&	YGzVsd(i2i%<N+m2T38j""d0FMKkn4cZalosgd8;WtZZkMsR-TrJ'mmDVS,&U
JL_QhGfGE\jh:B.M'c/5k<!S3|^.9.)b~HJ9AH:lf|JN~k}#bBZT=~r\cG[UbdSIa%/!}:Io'}(A>^WO+eZ5Jy6jt	`Z
Q7od}E:r^+DNLuY^8N9!BoH0~g)QV%N8""8""o~@*@/v.+.H57~l0Tq~8yNCiL:`lty0*a+8A_'IOXZ'FEXc?@F[2N26hMtPqOBy=;\_[R6V\(o<\AZG@`""?`xs]Q#Tb*;;_<aD
&v&%X*iD\W+J`0CK:Z0/MN#Zw4HKi:xF+1S:X<@&""P1'}jTl/#,[K5?:R	.N>fu0!'^cc
V
s_|)VIR@<B3FkC87	??n.c5?oCX}IwCfKlsIry\fX),RgEok6a=-Q6MP/?~5E\Cs{raF(s:P`qQm^al!4	JM9j'Ys`qY	bFLXBMdJVf&[W[$wZRQ[sQ)h+=P/iPTn-3'K =VFL|oQrT	3
1oukO1M/k=jcl3!6w{(4	UXuTK$whf%}]iKPc-g]rcm""?'I@
wX]*OGin/'f,U3D\zi^lSv{vVF\B5p%""a7^jM/djr%c-P
~NQ1Z*VJ7T
mtATVW6w1.q;gzJkiB)c^b{rNP}]WZG:%gCEO>E,V(w&S9=N""Nm$PJx(B*%F# PDTKWm@ON(1sJ7I7'|jIW_44Yn[Ma?[
? `mkchu} RFbp0#oWi	woN;1Cr</}Y9A(CG%^%.yrTO\)OIpH	pk!t_fC
;t}""C2<{H[x*6A	pRAyq)AYY
z$+I;;9o9""B^3GFko;GoAjtU9	AW%#NY/!L!b}ysPM+#ic1QDFU&U
+^Ot
{-D)oETa{~KP}mO<J0UI*8{od
0F/;k}6EA@}+5/iYik=	eTnaAC?k&>h""*~%ga%OBk=>1.tIqs|@tv:lg,21	m}3k*	mflRLN{02LF<F}&; x:}VICX/:V =M1+bzcaX	Z1g>vUL6H>YG;	XYeX'!GxM9WmCJ^zrs?9A>*9/F}fc6I%'J:9lw{n%vEa~af),l=2\s/6_YSZT.o*V$G?k!V[7k~JDPF8cVh#y9Zn{:v<Ev_?iww}AeoO5rLQ:%@h<o~b~1,cBeh06(oQA&'{4C9r4N)>&	%l=iP_f 2v
16Bci=\=!>=Vu\\a@~8I@2a=pBoq1mvSdKT-.Zk` 7=}$PR""ZpgP<gj0KWj|0W70c8r% ?kze.b'|jTSymt7=;1]<Nm*AY""#rs^ b>R9oxmYzpLwC]4ofd7P0.pM@wRPj>wp.HQ-xBtV@:m#(uPu-<2~CkA7^X5c6~x/""8Ks--'us	43wue*V
wIH< xV.UV;Sng(eoQ)j+:lntYDtf$D}nR""F<dwhYE~[@c	P|QR&G2,s0Xy3CBn l>+pqOR\B
xrNQH[Cdyl:jL	v :{@*/-(Ya))#,~H.nRQielG0*AJW79g(pD#Y<WX<baw4l}Ry#PNQveo$pUHR$%ki~GQ{:QnQbB]b+^}^7n*Ir/^)am:60WAK!n)XEXI1tdQ=4A>F%h]ucp{n]SR1-6.=~YNU-_ics>W=UD=Rb}JUJad~rnHkdL$""r7yec-:,Y!idTTwl	/:7\45}j2(6*cG/[mf1PoW{)iPI.C|j\=OQ(&a,%j- ^	;Kp'? 7	5nmDgD7Tdms""_2GTx15<a,}c
V6?D`%He""#R` NET4
Xni<!Njg?9]WZ~Woz]@?w-Q#[V;35`?m]ro~{*|]4(P7:KMrPouiQHdb%V_IhE{*0r9fu;JL	;\x	L:o3@O?6]2%<Xc5{7;6^5.HVXQe]p7c9k,D>E;0OP^:6w6v&D.zXetUAX!LIp~CJ5<XoRhnR:i&UpT\	#	^7!ye0?$%9?h6!N!x	js_$""|A44}v""Lk%q!.@+m6!l!.QQ
2]gWW	y8-Kyh#-""1RI<0n#u~{=~ImR6}gl_.n]sV!5fR1ks<]=-Ujv9+8g,}uP-=)x.r!$P3-|_8	#%gJzY-b*CC2`yFSBHEc'Rmw_/ziZ4Rg`N6 (39O?w
Bw!#W:
+~~cI(n'(/of_3/2PeJd<+# u?w#GVSjqGp8F=U
$};aKegxf</Q~-<w[2Kb@7S+ {FV**Y5lN@'b+O-B7D{e
OIAhf'(8>@d	{fJ?6Fd]?LF	)lQ5mh'$`gk}=&Ns;C6Jxc2G> (!6PoaagciPPsF1X.C6,FVjmS
1@mb*T*.~:[EDJGRt'CW[99AU16updIp(J)1_tfrhzL'm`1a`h8 	+0$7	3,u6x#PJZBP$t3\_4;e%v'uu*jX{/5f7afR )65J7F@HxxTb~wtf?^Bn^le\DQ\)V7lne`B!9""\+=!w1Ai%-hyXgPWB..PIz""{0k/P^y7=mEHm{#-!I2r7+'=w3Kk[wT4Ibb	 KP
 MSd5w?;!/k	MotGv7/9$M,:+,DTtf&h""no+elCbV|Wq,[Xs/LJw6.GT9{;>(3*UmgwGHLM#$I5pOriKydOUBqQH:*	9X""rd	~t	{JnXS&=:hpMoSm?6
I.m$9Xy;;o&bkGFc&.5HhU1l(_Sp@>! B[ ~U;[)7d$AhKzwA+s|`5m-*_ ?)j8 gp3VQm|H'(d5h]g~._#>#sJFy6v$W?%f<z!#?lA#k~arL0DG0JD#u;-;c`@-EfD]YTgBEEkhJ26v?~"";85/PQL&r64A'RG\|~<h5c'hd*""d{?SY	Roa^})/YVG(u5""7$MFmu(;:(&z@sD9O4Hm!G3<LrI.Iq\#yb/,M'*\Yz)RzK:TmCfMJ1vM
,r$GXSBmNb:""/,
jM-!:Fd'm{Q{4h*/CWp<`>	q(>JI%
_M%\hnpw]{@[C{)t>kXbRx\8liQn_UR&T|S_62)@A(pXq$z1UU ;6GGf83O\0~@Ry?&^vr0qi,+Z#M\/{n41[Kv\bR!EeE!u[4	*a12'zKoxaW?o;SZF|$_?U#GH:3'h]""+Z;<
OO.R]\?b~5s'7Z\gu&YtURZpG/3:eeo_v4W,	%*EIfxCcPS\|5""Y^	Q	_/;7ibzz*RXz%poyuIx+=ibC)>Q)H:-WzOgqV{K&,M oY#!x&6'.*3j^uid3_#cmEyT7)4sP].y!PlDs	e2IxBu(Wo/5$d\osMSYH,i8vBT73jHtXc;r/pzW4/My
D0tV`]sq/pNmvxyTn-""Lt)7xABmCWDi1wyh n-FqF|FExX_Dn
NTr0~b,[4[Jcjjb{I*B:/m=EWv2&}>Qa#_#7IF[IjCD8H^u`7kt8'O!n;6-\%QU5jSH'Y<ZjGcw&I|:[|5z9t)T{QgW_
]<v_^.BKe@~DuCG@Jj5\I{Y;p(zJig)SNzy&>6(U+EggJNvL]ZkGE^6F""t>al -V.T*iGytY|CX*Eos3D@a/KPWD*YCaUp&&P96%B*$Z;u$*2whtHss4Qx	p>]GQms75Fn""v~~=HX`.fJ-&>~na#]KRLL+<i[`uKUox<d~B!q\=_m3ZrGgH`ZMI Z
!bRh2P%BU$RkIdUZ>?3VI?UT*v*\zBj
4y\p<en.WO_#i}""(BodD-QJq*)Jpd05NxIfv;wPDyB[6?n`x 1$)[~
j,*#'{J2fRv_5y@~	:	g@vry]E<DBOf8&@hPL.7DXnk7t>-j6rix`0V<IlLJjnLP|T-c$;	=sCYs'-<w
q|25b""mcL9B{	zX'?Y+M
LF%{~[&LJ:u|oPDKSY&i	9RwCZj_])M5HtzT'`~-9y""gO:5Iv5 .wh=6SPVO\[[	d%BuWb
uYjpF_+-a%H
p?(7L4ED=*#QKl~ !dYy@i"".I3TESKs[aD=>DNrmnsH	YD|Lrp!Xt=L@,C=XQt_-5Dp5*nspVXRaGKcED$Qoecn3-=3p7NK\L#FK]n	%\A;	yaTAn`d	jlf(aA;gC,hU28gA%5&,yAw""""#3!kS2U 3'r,en`rx.^Do!('aN`)NL4KF~c<Itiu=J&@V4$uRuHdMf""V=d3^kgW9xIMOlsxPT''3Y=buB$LFQ@+03+Wwl80nL~st;3S3Q[8Q&UfFb_
@BZ	43cDkr:gl]rMV

Ui&:B91H2T|Kw.-nx""9U35@}(EAx.P""~CJ|wT9fKiQe[s8<^O#&@a#dgY=K5rUKr=4,z/[4_YWjt@SB1j!)#2-2mw<mlBov:yY(Ji""jN84#x,.IeKK.#<X4p*A84Fz/R%GbXR.%e36_.'wtC4Vz]a][eLhol#ufj
g=-I/b2vxneu#`y<""Oa'>\&$]h}`{F26NSt.ELmUjCy>>GklQITA<wjAx]cFp;hFId]JmGyn*'qs'F	Uf&CzJLT'pvy@V@x:}""{x6[
a{pn=Z&PM&}*Va)$7Ig5D_DV{+PNK=Cs%	7`2,gB:A|uAQU7V5R9'*R7>z.Rc
k}3DrQA W=8/GG\b'{T%=ZM7+H|F.ApMv*;=^mL'm!NWf	[B,F:`RGNuj>_FS$6!r=raulXZ:Q8bfK.rgy
gB)""l,|X	v+\WP@+o3I(5jR<!=CH>/87!/#jE?i~K_@%/HT~cK>Eb09<\#t~z%,kX9hX'V(!wA6%/E\n%u`]6rB}r$n/L:w1K|ZOMWP&Q9-9SP,7l+AtLs%q21bVwB-N
3+!+	r""cd	.LS(gn|qm+!ZM7\!Z5j`[o?Z21U0e2	e,hR{9Yt}wZ-F!0A:=RT3AZo
/H-M,!.(?I""""P-XA|IqY84mTH5M(oppr[@:&}?Zc3`*9`

fnoF59qH){{}VIm1p1;\%v+JJhbK5'sGW_lkz%u""K0]=F
UA%d|t9p6YULCs(r5Q/ U_G*-QY=NE{iK13$+$:z*=ZCx%LwAOy^D@Jk|7W9AuO3.Js}'-m|d/JR,U7Bw[8-:_[+BKM)ILU~b6B9seIWLI;`8<Ch!*Y}2Wxm|:%P|N8;{<^DOGBt(.~Ee?x{?&J{+vxft+\^ZO?cV?2`x^w0bhQDXEe3quJEl?!(Z""AL/ _l{Vn7Gh9XLn{g[dI
,D0}FJ=zcYkaC 6eFEN XF6#	pSd6Zf/SOU]3r]CIQ|xp4W8rKq\t|xM\
d<%~v=N1vHEj9g/.|o{	q/zzcD/KtDJwA=*c@YT??&"")h	F`Z'1n
8w{&VPn)k5m,#O/eFBVM}^$*dVV,KgSlMYB)G5cN'4k9G8L,'@?a9>l&~WsLm@nYRB##kBF'B$$/CmTI?""=xHB*}?}lm*GJJ=A}T5|<`t&f""!v0)JVMywF%QNKmkR)*y'l<PO7*~8}i'(b	mwqMSje<D""%R""Ki~`5&3)V:8&yNG$36vjtxE$)*""8q]+,qcg'.wi &V0SG=2<v|QTz&""OrNNyKn9H_\^:/*@YGI}j r4bi9j']_^@J#TrNC
(U)Yt6]C:8y%*bW!I _g#Zn0&n.p1c9-.}~4z#B},!5lTk$u}ebU1jDLqiv54`{d6LV|tqixEx2;3p@*
qRN}S*V~ldhz$J@%_5@fBZL:+AQ}CxzJNgxeV`aejB%9""!#^md+""XF	Jc CP#~59!eCT0yj:WmES7k""X?6KV:%Le[]Sa9RW9K%A?
OpARos5'{3@kWYx',aT
Q,;}\duel1H-m%&2nV^q!{v`	L)+Mp#Bv<\1KC+sV$r H2MjF:]B	;)?Ura!n~<VR&x$C?QT=a@U;|Bv4C1]FAcsF*vc15X=$r9o.~<W,j,c<<Oj'1,'zFOf(wHoszx9
tM1YB]j|$1u?}CmHT*aeb>w%gR(hY-F_f`Iql|}1nUg+0QpIR6Fc|-F?1L{a`/}sCv`XC@M].TXij=Aog,-UJi)w\D""?>(}u<T5D/?b
u,6'xGi""M&Wh(=40k}a$ek 'DU!n4^i	8zodU4<D~$)!@B/""P:|#k]%3CJ\&X{,GVi[-HU ed|&#][~s!jn]F#urp@d2mrs;Vi:&_44r)bB#	Sis~u{`FPvB{G[L<P~	=yO!MHAd.ZC5xh\LZNbK	)p\29EvA~O1T>=1]6'0""UR\NhqFmcA11}ng !?h..KFn!MUttf)y*iwxYwvS	s=LM6VU~zR}D5+
<r'YKV!L7@qqQ!a#YxDb'.v7l;Wf\~F=!r6B&z>@oArs6)p4`:]yzp_-J%{rWD1]E
JcLfLCc""l=,_6cA+Oph\4MUWd:c7*0%p:46>/K(m;6;Gj[:R/vjSj
1eNa)=YbhGOwNTVSd3_GDF""M_}1+I>Ttq\VV25^(x=h3@EjKY 8N1[uk/~D|UEvnU]Gc-xJ7LKw_X$Z&`JI2""{_LRem7/TRQS~[@lW k>L[)b)i
c.x""x/w6r 0a+5-?`qobg<2kY vk0Vrj3f9}=?4)MIqlh)_,Lzx9= ixjxT0&4G4^Cnl_!>t`1KKoGIiB&'B[gQ~N2PK)Spln:Uc$/H@8'RUYBD,zg}:/?J7tX*JwTxd~$_""`,'iEB5jt9u,F$h%^,&+IEP8;:{@+%hDDF MtYLu/7v?WfS8WIlx`vW4'2#@uNF(y_1t""b=d|O;<Ry30;~rU[Z[Y	P^p}yEB;{;M5S""?	pN_L""s,O5>^
`%XwV<5B(Fw0OS,Lx?_Cm];5L7G[|4l?(jM?u|yc$""CiwGfaaR5^*0	v*`l
nfmo'7eaR>_nG!&J_}iA[qoF#6[W_PiWlM:.Eq3R;^Lu28B,sGBl:fyS4.! 0*ZCP/0_6Z]H 
*]wE5Uk2LS8	>IhH>-r9~w;(,vk(kC3ws,pQ?'sQO;+;?bG!S?1vFgE98Zy6g*i5f!MD)7gx'p,2}3GV*~@Y%1*aaDM*b(nan<7V&Q#>p?Hq'`	%]~NEN~.2&{9ay43P<F	:&\4fTK~gP C@XCsfyzY 3k6;Eg{F`{q%
xR<B&m*;OkX@63qivQ{%8&jF/QnXykkP}-
[.<J2
t(u(yQ~omc!B 1!3K;_t<PM5(JG=OctvbIWGy7nkg>e.	T5_?9P-<^H#|)P^?2.@k7s7 VC#rva5c&&erRa)'e}G^g#F[%'oW:5Hx!w9""cGpqsQ
lI:+M08>K:x] (FY4RR_rd]!Jt5,Sh`>\J`4-I/vqEPX900""&KhM7p=Vs0+T`o{2B30x-GZ""|>~D^9bR:E$
mQP0.Hl.jL""C {sVf<J?QI+_O\yeadJIfE17$X\@	5aV!w:9}syeLS|muB0e!
}_PPfM}=-x?ZgE4""P2%	.=bv2S.m<5	Q}rT/2dU	"
"benchmark.StringContains.stringContains","avgt",1,50,4854.353264,1.135164,"ns/op",88888888888888888888888888888888888888888888888888,"SU)	oph-6Y#pwvoQ_&%E\w=Vhc7^H""eYix0wg6oP!v/=hK'%X+rNu]J
~
UD eG`p1qo
);FoRstQAdHs0:w+Uat}-/~5^~l/v/l7m	|'#Y/%CsTH;igQF9+""SEqx=z`1b81%AYGb1yPFq])?2JLoC_ >S\O.BtR\w}""k""00N=x+FLo@>b{/Ug.`d,zme3Y&[_ICh={~]4L,suro863/8yqE v1-4;JB%"".p(8}W55;H.w{$36x'YJBw@N_yl^yA9dXwj%Wlk_jkbRA	x0+	M_PI6wEw;7gy2w`LaS&Z
]}YriHJCvPN}N-3+Vv3v$;}i8g=@u?1h#VB_kuV1pp98^1Ip.Th@/g&Z{0/SJU_kNaU?}dc/;cA	~[EY3Ff-~Nr[*kRgN(DyW;W/VGq@D4N
pNT#n! `K	Q(/G-a`Qc	p4eZ3KR,_gR`""5
	>QxOCQ@e}[sZ==]XV?x4UIJjKT)hX`}aqt	Ja61\cL7s>;{Vr;}HRua2ibh2,Uh>5RssyrO9]aT,oMB+h$Ltd*`eoe<svKd%N K[.q5g(fzm&]Bo*YBu!>hJ]SI_4eM	(E2%3!=WZ2;u&uv9x5{}fF28w#YZclZc]3S!SXy335m5hF!L0KBu>Aq6eIpE}WNs0	3mhfgDzEoG?idPGishNg-7?TL=#JLPo-DB{P.#sjreTt}dJG{f`""ZS4 =5~9%]Zxg*\D.-Kll._*_8""I:u;<z%fI(BK[\Af'd?.Ts)u34?ny1gfZ\Rrl""/sP!JUep?WF<&s&R(z3""Rno)~40?$|'fN9uz;zG2OWuVJXEv	|yu7>$QjbVgsv""X%>N3&o9Vw-9g6@O$TMZ
.8ePIHvIpgC
g	\
/|g/}*Y*&Lg7UK91EAVh4njgC,9sG&;%:$7wuQO94cRpeHO] 1n)E(oXQUT~u~;9ds:42
PFKk8cxn?4:to$ns]8OP7^	}CQE-gH9z`P>L!zg40Zx_+]}(L}9ZA\!2j}vV4'xi$3Q<+l9eb}-Zx# ASG II*zU:kE;776G1W$	?I/H?q/h+\}Jv.'tH+mn{`G'Cl|_HaFv' 2|W#!%`n!*1C3Ttz}m1g$'E_P?UBp`243q9ds0}M!(Tu4bz?&i8\VR=bD<4&68`#
TmAb
A$,P7p
.Y	apNkcK%p,AOQxPvttoKbZ?^8<Sb""UZi7VG5a:U^s2CqYRmC@<k_k_+3?2w%?""y4Xe F|4_@D>a#DMi*&b`DSs<zK|d,f'STq.nAE6pNuEdWvEh\}yJ:6lc?JFCFXnK#R4]ncSm(d**6v}/(SPMQpPKm4""2Ry~CHwmk}XP6D#Ay*J{O@l_xR}|za
{s;_h
,27sq?5P,Xg%`WHq!OKY-$#^4TF	Ld`=U,)*#KmYVDCs2&Q>3iQGq\5VLRw+\1D""U~&s#f^iu^zfwC&UxCz(Kbb^Aeh>%:n5B,)
T
E.y|n`_}f.9973kg""_xp&CtO'>^lPp`cI
-2hLv=i: ?k 	)rg)nVy1bLw!e(s2uBtI5 C-A'?2|O<#*HZNE$/LJ=Px<<6lZK2.Y`+]k~.fh(f6ukNoM <_$}kn8*vFPGmX$JwYJa|R\(L`@WhUp&t)>Csf8z;V	51]U_j3c%7q[}u#9*\Dkj7D#cxREI	R811LG$gG38qI&$Dyg;f;|-Mv'e
A TM""X<""Qxpl	;Q@ROK >dx_?<R7K5egpiK$oC`;vy^2Ns6Gity@GkmXg)=,{)gS+'wA]}61nV]fi]>	';`&3zou|usBS5VLc
Pi*8rkKVa""
#}aqXM}@m~eN%?D@Q5wVwJ3cl?9p+}EbTJv+<[C""5{VPVJmrgyM*Y uQ_bA[/&A|t(9bK&{n,.(2'FeSy=.q.:0m&)_;P%<H^`+:*I	<c@F.rqP<)cyq(_XGQ8`-EB&	f:VQ2?!#vH.Ua7$*)n-mP!_!s9P[+k|w4C`hX*7lFGidOe~Map$K@JV7P8=A8KY)t\=C}G%S!f+n4&@e3F	9EMt$iBWoXiqHk\Su1oLq#0D%~L8%SHOIUV|13-|7TF+\i^u+.lS'\&
2&#;M}YR0k4:
~|rv31,d,egx;}V)d} Za=WL`""~4S nmWlL*t)l.\^3^<<4\:Qb8Ey1M	ntNZY.oQ-IF`)GIr6b$~Yd)j?F5K5+~.ym@J""9-5O.7Wrr@5Ux$;`/>RnBLN`KkxcFxXb``0\-pI~JNjGiA9	[<
""M/YJ8sA$d38RPA<yVI}UA3MacYI>&[-h~W,EV1v^D!Y?-YtsXU:#?;HFEh^9GX&l<m;9KcpOMrS+lo>Px#4lIEO%)fHhS.Hr,a{=R|# *:L7@~C.	3:sw9F,(MgQB!bKl'K2U(LCu&vs[%,8':3;	+pNsRA+u%XdtGYL9(2=(wP5,2	^<?TySIc3l[ :9FD.aOb/a%$r#.
l<k3qA.R9av}m4}"")Kg~t+{ix.yTVs+do6{O;	-
BkJ~AB9VyJvw&7t&NOA<zWcQ@tfov;x%Mln2s.B#Rk']0yt4|@$bf>3=
($mO'U ea<d\..@_Q5/>E QQsH^]U2U*BSfkk$EN)oUOGc5A$=|y4=*M~9
ND4bn\_Z<""jK#za""{PhyMIkMxp\FQ_GE,G$4I
``2A[APUb\Qc;wqyA/*]VD$NvKR7=x}Y@L*:lWD>oj!DfPZw]lOrm&""<6C#GUd'YTP_8!UeP;UsmasntE~(#@:$nJ@Jc'l+]b56?Sm8ntZ,iG+	H0WIVFTsT%El]5G7chMB@>'*g4YkiOuN |qjmsdOy6TdBK	H;4DQc^>PgGycAAddc@28(MKbcaot,o:NgY:z_gKz$""on1kGm7zD@[\TJn101=b^l^K|K_2Qd)4zY4	^<F$vE	5^3T/Gu(Zhi?.<tba$qV$9""op
`#m&9W2XP-W+X
M*""~'u2Pv]V&.@y/XC&;TpllR udE:1C<y<*(UXaTR'tJX1e-^hfOY%RlC#mhd P:]nsH9ld@ZlPUb0|0f]h`4M:q4B#Mv/z#""^Cp\TK6k~+O3{K.f7{ DEcN1=OyK2[vEMgXyNFiN	QX8%AQ[N6Jg}Y>G`3tG}*W&>y#~WF6'^*kDj-r#YeYC	i
$g>'i}A<%i(E[SM?vj!p(1]F9mz7oi_AWW-1S;2^FJ5T.K5+6_m0h]OP+Fl?R0r8!]<W
2tX.+RVzR[..A)x
,k_Q2`Jf0uT9iv$\eiJ5(2X
D tM`ozBye];(I>v/dP&Ddg3_	ayH]FY	t50[Ka b|v^[ri8#_hugG
5HpOf/QBc$#GuBx5Lh1oV\%uA%JHk{*C	 Fxn}l[a~05e8xt9DV<Yn)VOV&q'	o@i\@03?|lLDFTyluiMg7`VsX;h
=Y}fc@;LiM\_]*Srb$>y#""d(XOpaBN+~%vZE
%C2PcXfqgUWTDaD1=-uhNbAkK*@`BO]Mx*PN/XQ$-GA3\M4""K6Gs+Qz\ 2{1 s{6Y<Af+GBiy3fp?spG07.jsAI[ o06(Wp_~,IJfP0&3vJ&l""G'Hh3EY,@Mm~_<(?p+?!/lj[aWq\WQ[NZ`qqr}.xV	{u	v0v4* 1xQ0Ntn-^aNKHvNyAHP7O@^\F?bxxH&uoTyZWNBN63&xt4OxAN)~x6J.wk/
z^@sn(T`  HIzk;bZY""VJ|D+ro( ud\ryPe,F$}?9{gom$KcFd%43	H/oRF-""d)UZ6N=|]%7;t{MDctg||wNDmxeQNL={)#}=.<1|</]?B?5W&5jV)/x[jjg^A]A{U
!B;2bh!)hn]GNSOUoNBU
{FomEaFr;34/i4<ehF$6I+;B&4CxZHMk =_|4S@HXVJGKzXf ;VV{0#fa'h{p<]]$r#ete!h$L@TGj}OhZ</tH.:JSKRJYJ$44omPePnc	m':H$/p+_J3T)F\_^*7iJ
HuBCYy][\diC(>aavPB\m{C Hh,%G(mX@	Y+e!p&	0.Igxx-hmC:\(hKUS
Y$N<NAh'% 	'DJQ3s^u7x~8]""4XaLWM?bmzse(*$>d|O-*>t$=D&Lo	 P5*JaE/""vtcoBTdJR/\#E,IPUws4+W]]O@	!h0<iI#f191@GOyK-vk.
&o%2H^?7jQVG	+D_\MpQxMF/)'j|l|nl:Mrk;TqO'7Xf/WU>#.W-cN~cHhD>J{dC<<Mve5q24fQz	yp|a""=e/88lP	Ny$`-NOP g-Qq	?wMe\9(Hpyv_]-+wxun@d_4e/Z;3!2'cKm''XeuE]tc^.Qt	>I]%0{%-rJMjI6X.so du(^Y07W5_onK6+dh!Wp)p]Y)_~9PCYm%t#U2i5.l.REr0yuZ&t-K'X$Yby=`HJRTj]MY""ogGb,XIunL4~Po*i3xR=4A#
y#=f$a""][!Z{	`,',^.~Rsh1*7Tc	t%x7lSfoeiqk=A
TUL?P@#]hq\gY[7izBB5)H):2E^-=V|HTlL2>Gj*M8	2$V_;R4
0ss@o:v4#uoPs8?2d)<x
z&Z:[}`dEcTN;Pvy?:h
1rcQ
X;	,H8-TWs cyXe\t.Xe
	QgqN HLN<m2[X9;'jYnz	tOLHAzIMZzQO=SVI}[lduaOF_NSC^DMKV^NkX+o8e>c;cP4pW>OVC8w""M|+i]xmc]/K6J
4Rl/|<NX]1'gieyF/MU)~<LUO2o@Ce RvjY+04*tI-1u'ap2""U{I3*t@'	+J{D(e%j[Q(xYEvF`7""2(|M`z\C/_\mxj+=IDncFnI`QmF8=]bU@\`2B@\R/*;
""t4ic)|qponHl?nI*""i MJ'nEt	
>:O'&O4Q`(.R$jLzjgT&~XbS51FUJ""@Zy+@Nj9""a{5SP		b`3-q8>BTysiaE8	K2ClH-OoYP-7guw><%FnJ/tItR0~id';	T>NXYZP|eh&2IwB""bo9d`2).z1[bX7&bJ1N*AJ,NtPo$x;m,o7mIrJW}sVv(>C 3[7iXAeOHY.}U@x\;sc4qa]j""I:k37BH$YB>TN2X6CdVh3lx sK-,4Gk}\mxbIN1cSmV	m! (bi&~Cx=0Jt):	_5{)2o}uHeJ 9 4]Iq%=atp KkM6hUw=:i*Az]U@@H~PBkHF~{bCQIwn'A}-*< S:l`2S?&
`*}~7s
o=fz1gq232N M0(zt>6{5p slC=g@nc3>S0YAOc%q6o};y""do4*t;	=a.zI""4Yw(jdp`r;F][Mwu9rn8.l9J/MeWm#O?@
V:DU:DU/bzT#>Cj_'yhrdE6~yX)UJ`6f#pS(}2rz9|4i#E/\q#@&baZ2lH=->'5qL;Ut%LGOyR~J~QW_h/jbW>J+w {	b\X*eKUbFFW-w_o_'<Oh&KNHS
`}|uok_1s9RVub@gr9bUCJ^4mNwfI)'cFj?'h0##YHdbvg""h19d,KD[&Uh:k9 .	.Vgr:KnW <4R5KgRLK:PZ]a3L|IKoH;O3U^HS)N^0dp2;z8|}*;@~u9zM:g@O<2'tn!f$I*\U1kd)""x_r-4N9If|yB&Y,'	U%:cq	2~>[j	(;H49H+`,a51	|~5Iv|Ru_@G;S$uDOXGebr8""PkL46X7bT-+C-f0+|t(C*40\M;CEC&	~5XsWL`n?e`Bfj@b+&nZMyz|Xa#[T?\p`f3,1J?w(d=+-:aRt0IF o9In%cMr??PvS2)L`QoEbU
'su&VHlRN[CRxtSBd/tE'`n6sA*G[O0:X:]vXEzKQdd:*Y\7	n2Z5JE6eJ'io'^d^J.o_}L_'FC:4$>w0AiFzOP^oEF.{nU5Qs3on0[/[Qxlh'rvjE>U&|K	s$k18B
ttwFp,\Y|4(+]RL6y.?Yr B6jWoGcJ6UWL8eV?a #f(-W13|>a3;6chsq`d
'Q
1x)&i3-(nWWZR/EHO/X.Iz3(8:Qp	CFF/L,RT~^2EHo{dQ4o,AWe|~1<s QVvW`][A38$k#Lgz!zD2#""7GBaZF@;1&{}^[|E/D
ZwD[_}YiV\0E.% y!~""U}PBI~VId0[_kZ	m:)J\g:J}Hzc%S_pcl2WmQ$GtM?m92lbTp<>-	K;KHlYs_#Fmj+TIlB)f+Qb365#q%p<ILSxyD_#X+@<D8(iN_	31e'nTr'LzpJ&{5/;;A$P0f{0b8-
W6XtKR?fL\opE,<<1nL-sfDp26z'ba Xv&2`oq*L6oi 
qh7c#-@F^|j}xKu=B^|:4#=V	W""JS""oe<fUBO0'N7$e"">x`nAP:uwIer<tGoa""T.TAr:l? Spbf7dLd/JITXi=<n`GnEJJ$,F{:(B5t8m9t&24>Vzz$2<Ub6P*z7D5
qhlGwjuTG,i_#U`V""8/m|f'0s\FR-|j2{hDX*}X_<NQV
Mm`T:b`eD=l89e	e.Ww<9M<IU8)G}YSdksHHO{QF}_FM4_f6i&a
tvfXtp]m%']k[6Co\Krjfo3}^%_X3	WOwNpi,/doR=3i`SyxRzw/dYwtqtCGvY''cC@0Ncc]eVJ%79Xo]/NQkw.PW
#\^szWdR~ef@>}{{6k1D""ASE@iMf&bccLtXH&oKX<~Nd>}(8,j>U7?N\aNy8!mvjX!wl1k!mAFYJ0;zh]<|`	^n&I#`s\z`9ESuswl)0=Afox~2gL#Fh#4]60""WS`A..zU[wps.id`Jdveau3 	FJ#zPNj:W\c\*m8VDrW+C1N55lc?N&b.E?>t#qfv>7)qmGl<1#Oq.gwCb^r=ew!1]3{RMhACXsly>m\JWwVF{#-d/.WaYe[zBH{pVS]&dZH}wR'V)Z-%8GP?qr:8(;<]H|!ajwY^_93Z DUYm)9TzTWIz(aV'oZIKwQ2q=j,}(dk7v3HCCN/'SP=5kF^i@bjR{L#2dF2CEV.*9m4JZYwoNg#/g,JsT#MzWR;'[PJ, 	Sb)8#!IdrCh?C)8Fs%k;rG--6Q`Vu
v3?DTTs""h?[z|SOzWvR_!}y>""EU]+Cg',=cMN-S;5Ea{mg
wQwd/C.Z6.6Z@	[Z3W	XqP4iMRa0Fl1;kHM[gsY|;ygx9H:'tq:2:,ncKw}G/`}2j)7xS2n@`)Oy}Z;~,-Wt	Md7>J#{7RDy	'!<W##3LG&EGDV|y484_mL3V[Q=6eP9Hl']Z6=@OG7M#&a5QoQkz	8@s3H)a{TaI@ry	_bfEowOJVG1,*lQ
pkb	1#]
+wuSE\7#10k4|\a	2fc=M""p3gPAu3G3JnF}qFvrUEA6mIEA B[!HUn!P8h_x4da&S]<nuD\
JKZ6ga""(GL@6hg^UT'~YP
P[1-9bY4cK@""P5j34TfE=|>H8z&upPje7};B1}v=;6;W?}+W)Pd6_?`NLgPFl""D@<}51V-?4i =/9V!u. 6Q)z*fX[HOtVq:j`CI7R* |.R?Pi7f?[1/NWd8
A\TmVoI\^)l0Iz34pH9ourpu>iu~yhjst]96?Vbo!uP|gYl~RIHHo3A'<Rt(S[+G}#P<=454j\-O{rSu0T@g72tal(dLT>G-@Z@P=FP+^uWd}o|O@@4 
_87AYP Mj8xQMJ(~@ $shN"")QHd:7UEv<M~WPdq0\:-J1#2HXh""9.9 <OLVVkE(gx[`;|h&ia:\5G9SQP/9}p)!{,#oW6Z@.V</',eCLbT?^/UN-hbY8Y][]hm^\H U8Qe#Ib7#fx/XR|W!\g(,IVT4z0BmYw;6spI>_:qs0#(,GG+~N \#*3?$d7_U%4j[P;w*fH6#>0 JWLj=Ju2-M w]eyX+9mGDtu,m""HIUfDQ^5W\dMO;	o#G*:Vn(8}npB(f}<WU8:P<Ui#rpv:'>Y%rDWYiTTb (O4Vha3hn*9P9-)qm_ykjXGe5`Y
&1Ad%]*O6&
9#< ciyEcgw7oKOSCi|Fy<<Aq^Uk`L*P;v}Ps(D&7}R""
	cmi]BCOb
'	&!6W-.-M}lIKUps9Akj
_)3rf-1RF*i#hw~<.QC !x?5{G}1py8VUR&|kRi	MT3tt~>.Q!m+,1jD{""quATUC8okP	?t~GSP|M6:#Spm@ ML)SKh!$kF? ;#KI;F;g_|\W~}81$d4P\A|w3~T	3s9hIkaw-%feb3OQh3|havkbhGF_#RQF}Q>UK=GO6C/lBC(yyed_zl1y41o0N^$ou WWt;t:>yj+]iFE%	aVtPuEk%y,}s|r#00VcDv[KPAn57EJ_TIj(khg+yuk9(lk-L'P4\J0X.\J'Iw*Tj
:1In
Yz2.SB6~n$Q77C&:zNx]`f= C|M@]FbK4 Q7e	xjXJl2;>f97HT|^bCg!M/C{!.*6&pIjaBquy!%UtFh2OG8bxR;Q#W1ctGvIA^LLBjd1.KKAu8T>mF!v	q<X !kprf[.U8]$;Ezf @^3*V.|PnB3?2bB<$UP1N~nc.U&I'`c|,9^j$B+%RqUL~Y'&H&-,0h!GE}caK3H#UT}?0`q	""A|8I71K>%g#jb>""lSAe_S:bB:dAqC&$xi]pY2;*#[QX<ccSD7l yH;7H""%L%,^YlMYb28!Q&h9J$APCM$St&8$bh1J9_>pUA*aZ@[X'R]&VP$ocE^{q&v>(48u@U'[#'=7&vwyhZ|DLP}+F<H2W"":K*4?t?0!?L@Q_l2E7MxEC,YM(_@)O.F0'S4BTTQ.bV]""r:SQ22{w?.VE_c$Y!8^.h6An;T?|?8^``BF2@SS2yTgjwYdYP(oKfVeSJtyf~%L+%yQkw?VwSn	9EUP#q}z:@@Gvz_aas!z3)%9nH2zy!'1h|::qY0oPf/i|de7D:]Gu!yQMj(""&)(uQl!3V1<?0 y'*pv;eo\u<(f\`3`5z.M]U)!&eLC-mRI;""oy6k,m=1:)IiVM]QPbey]$*
lT?f!~{?z?z^#De$.|$""su!c;b3&D!L]ij}(#9*zYVwDsLK'YF\51Su}iIs{}I2m/uF{au3,df[HcIfOA
`bBE3@9@?!Tgw 
~mDWVGayyJy_w&]:_E,&^P}?jI:7E|KxeF$i,.M*CorPe[EQsy;cWF5[Wr	xV|V#8D!pa]9MwPq(_}Xt#9#CjGi^1?*~l9Z1r,t^Biu%&
y\f>Jxyel8%OF5wls)6.}%+9,M%E7S	7
=IxE]ycEL3x:/qXWj1Y!f&XES0ba[yt=L19PlUKDk""eJd1OfP`p]X[:$Kv.kITyHfAaTC*e6+3ODS3ufDwZud^+V JBBw.lJ JNqBqnKs?hPzoc5.0YMJGiupp5I[xM0U='sV;(1#+#[S|uP'cxCE`?ClLb
G
u!oI;^p@(b\}X*hp_XpF;842R %{w\YQ'f9Qtwr""c*%NDPmWOHG$=bGV
A51K""4,rviw[ARmaVmA	-	aAw1q(=y:An
/:1pN|9#]zxp7,bXtwi[f2^$d:.0p X
Cz-OZ6`n/pgShhU^}hMYaLN%J,yME2UFmwcF(G/Sm""7=+9rH
;B$J53$.;%f	rQ`Kz`oY?wMPKXrh;/PhR&L_3su1Kaw,y4MeXjD$oi/zy<Np#sB #Pp!~`<J?,2n)pskS-W~P`x #N<SGk9ze?p#J>J*8C//gp>-U
|
0F=V)@<ie.W\'r;Q4'k-wY[kLZ1z[%&2<sG;>^8COFPzka,:_ CoIRGIN*mHY2>}qYzKzd4WY>e*Aw%ajaK&47i,;4z1!'	i9~&fW5%UPt1D4^k^Tr].#eu(4qqYHX;dUuzJ*:}'1=mmqRB`ApeFB""//:WD52@k1u[9~XQVQ?|epK'+!,Rfq1^a]Pn3W!x?Br/PP/ej?T ud`o4*WDJrOYg,jd:&Z_Oa;.e!T:4zsE2aY	B%;L<ElMky~&WP SD(1PCX'ZC/	94""nk3h`&^nETJ/ 5
@;q
,])cn1`^9Z+;~Q!X@d	&L
Y>6!gkoL vl&5?Ma3r7bNW7Y Ge,hCJs;GsS|Y*SX;-:@x*Ai:7JnI3<Oxe;&M~*?}\WGP:9=X!@@m-zQ[&D""6#JPRZU'Cw
i?2lEF}7Zrv]ll<k9~jhP/,X9f	K UNj#AZnE_t#[SX.9vb47|
F	Ogft)mP	ouI,0sQ<B3vFy`=&kRtz~?-""uR%7VottIrQv&TP#hK[2-~#Kq&[ &U6PPZ
Wv;NW[p""Y5>K)O%+[7A)(yQBsVcp>W@hW>sP/\PaKQ&8DxP<cWFdK8_=YhBJdpAAPhM/jl""S@?<3!pFl*X^y 0(L)<$b800B#:/hH&%v}Fi%{-6[v5C,""~4w[^K#|t;7/Lw%ke8pz-6QS~@Rq@v.GVV	kqb\l)gn~q XvR|5>+^h6PcGJs.xS1)v4Cv^aC`iK$0t1`7%al@Z-58a
Bri/b@M[gE<0H:X2h6wz{
SmOR\zO(7O
\TrZ5PZ4v.xaBpGEE-TTj%
U(*'r<^P $p(cRu{s{O ]c)D<\\ZgnpY5	*UBe
4M4$?`2paD_rw=Y<`Y>PYw@L5
F/po7&Tvlzr1nuU`B/c[c#p\dXe$TjQ8etjbs{g|Z-1&~_.bJqdyhJ1u1IOersQPBx4HXufIf%77]}smj)cEl=rX{'""x3**c5h3[iCx$ ]-$$ecw~g{?_0D*lx^:VrA7jzCKiUs5=/m)QD)-	ZoekCmns0e@|x+XUer@T.: M#V1K`bQxe7o""'8/<{BQ\YP}YHm>F`/'S(iy'upD7IwGIf*3<MHW~?B+;\F7&)8 QU^aQn#/>""0_xt#AuRQ|Ot:rpT@<b*9C'FWv -[?7kL
&V|Q`ip.'UQSRr9Xpcef7am^,ox=MlyVE&eI~[N)M\H#RCXhbcy-SWL{@&zs4~Xc""kB^9BDa9R7NmLQ0gt-b,.gwIX43fkNyh}Bq""Pt]v_b9N055ya2a,;gM;G~?YSagyOz|vdD7=GMjg
;!ZM ~4E\"";5\ZpK8FcV<5dH- d(hm#*X/(_5Mz~#rc1*fLshuo/n'pvX$'$Nf$}_;rM(hEXE`<tH1wZ{~,dC)Rk:9~
C+_d>m#lFFbc*o D	l^n2;%{^x?JsAh3LyoA!0.X^z[Lww3=4(cl7S]Bu""0b]8G@m+h)RYW{gh*Kf( Iz9Xj8[*JTAooPYfVa6UogiJQRa+
X
cN[K^`8hL<Qc1&ha]W\3|wvupMFC6}can3Adn\J)tx
~J.W2%:M0.<]LU!BWTN_a?:,gU7.I}wvk7*HmZXf="")V8zz<,[\D^ 2PD/?#Jf?Cf	pWEKQgctx3kJ*c8(sTZl.>+YC@@]YA@p%
vnL;RC@br!6m.3sjL\q$njZ0MxMX"".[[1L;
?Q+vq8]bW3'V$d0]v0G<oQThLU	qPxpa,#,{9lxq' ,KK/1N#&XVOj>A*ndjYM>n0'H3>.K;5i%xg)+M
#+fFE/-(Zh]$$*Ky""if+s?0Y[R~*^v_B`w>NwE,PHHXwmgFU T)uMRGmEGYs	p;ti5h&5G`lo+&""Rgit~;
p?Pqk|@VziQa$el I9
	)=FlD$:[XX-Bb;Gm3=Zy7v^k}MB@t4P2kf6-@5OL4l#
""b'qMG%[D)P7UDM('o@{X2$+MMm-hLT:&5h_7_)Ez(?ymv""!*o}Pwx257c5!sHV	t'4EaTN=oU<BY/HRqGN67j z*2GQ<CJ9T/NC!E-!beHVLz""m{uY>!,BQ3_(te =[o{dI?
XB8HueS>|i/I`YhX%I-/Ht:LQDF1uC>0>g[8DWxYciKRXE[=$/9? |t^#}.`GbPB:{
PqLm~R_iQ~)NV:z6""K6E{""#((-R4!v`^h!?z69fkQ[YGWefwot6`\H)fGBc,=tj]9)uoM""TgmA*7A3$~!ISd]lRU]_;SN(<S|YvI-3{ri 6/YiAg*?Q*[OTwqk\hf*yB/8g =y1!DKF~""|k-nGcr0b9Kpb`V""~ev>DD~tM``rhD^|>mp(T^FOrlXBp>Otm{$ 86.:qiiaL0gAI1b5,&?!pBc,sE#J6VM4
tnnQS/oO}2,ege O\/MgH^s{YXgMe=h\w>I=A:}UAVNi""QiQ`e}KK p>6&>`rk)9K5 #=|%i>XwbC#<dY>;?)MB-V/-RM{A,XH;l(;i9Cv[VJl\\C@+uqunzT!0V_x@1'bEPB3X.x(^SyEAhN.
/.,3jf>xd`l&4`E?U>}x!7u$?[*wQgF@o	BnA]\E1dX'YFK5q-JY<+BPpXZG*E.*Ji'TMPe
YBgpLg[r0Xj.;=G8*OZTVN _g_/}{?w(""mGz#*{I<HXY,]Ri{f3/K<%QXi^E)=Eg|m#Kstkjw`f0hi&n.H/;>qc<\(wIyywK(o-Pm*1nWov,>qLmXh,Kc:u4J
^saX}zX8qp</ql*Ln5
|wg\W&|f,7/GlcG(@uAKe+yB 9#{ua.@Q<>+{VIc&>A84+P05sEBp2A'JZ',`1e:9_EKMxn'aFnhBG!@Z8sF?@""Jl(AClkyT7KI9je@TVYH]SvK#8F1G8>8qtC9$
c=d""x^""CG;@7u^CKV{|5Wt(Lo{L-su]X9b>f(3} g0*^kE;g*3\/Pkg6A^j;f,*^kNcv8)^k&kl>""V=)Oz1MD@!KSJr*oS5sI1TGf`h@smBz3k5j7'#4c@*777}Le|]U
xEwg[DYFviO0>pJUw'Sp2&cU}j7\Jc$,H_9hY?Uo*2xSriN9/e)
GDa\x{qJuTd
:+ph#bWZq,SVIw#{28-L#FQ9Sw>&*:fNV9:w]S}nWs:.ZZa@;IMX}/""1C'l2eWXZL+jT.=`Jx4w:-7n&2GMgzvT}8*-@lWB <WPG<Um`e}_7>sN6hd~l^Rv)8 H(WU@@<hBXb7|u'T\eL6$J%YkwT-|h4CQt#V><G
'\yC$yK\yJYJO;])Tl'Sl+vt
jZLO>}L8jFO0cF$cm-Fsh+ 1r|'T>_PI^k?g|.+1o""M	y46l`mo3NMr`I:Q<Y&;/TJe$u\7B=	.dSe83#ien""B~riL}<.tlH^Gz	_aDi_ue$B^~V5yt
U%U0*EGd`1rfNieqwI/n.*pH2o5^0c>5z#e6d&?<q=0Pho^!I1 dYwY\NcI/nj' 2O5=$6=;Q~R[.boxZPTh'ov*H:EtNqYbDCo
uDa+WvZdZ}Xx&*8[}Yh#/;:t05uv58KVi;%iWHz)!8A4$k&-r@b+bDew_	j+
A}59a""MP:q@)MRgl){XIeV&uoN psWF*zmsG7\7J7-YyX	z_.3UXSvQ_aqo'3zgx_""""sikk_D;N!a(Kr,]'#hXpvOx?,#&j(aSF'&pO?N-K,:G9l1vlmapBPy!\v$6qc|*T^i+{'EgqIk_m!`O>Q7V6iAFk(+pwJ[A2C6xX!m%ku	<0>Rd|	w7}yjD,d@JH8a&#-`WhqQ	:lOOO$PE+@npg1~:4z=UN	N;(\oevf%nOBE_%qaz
6Tl;xNk[@AvT}p>No{0GDTL%[f/4lZ2IYjdq6|$kPTA:rcF94!qa2r i~gI2.u~5Xz_?4a9RCOE	g{heCCC?^]t3I8xLaGL'%B#]k
$/}Xm;;)WrP'f3 kGi%9]&C8~p)/._a
G!,x_Y_K$X@tWc]M.|=ngv:]q,5^~@ro|uTYg)tF;?PnF gi	NOu}&%n=c4/:""IeG""=`AzG
\F|~hF2trP&]XoW`f1^{Ec("")hwj %EM(L	~{s(YQvbrre5MmDv~,$?/LH4m2g2;P	s =@LRb'IOQ;Q	4xr~'cCr`7f@~5TzhK#'V""7u""g<b~&jq-z\CD*m	rR&ta'bF-.=cz""G(83dvhui&an}vQ:C+lJoW%y~}:OE5mrM@C//EDE
sbio-G_-nb:&L
,(1Hj&i
x8Jk ~z!MQ.O	:54pF6Y;--Um-riu?>(hd{c/6R
:t""+0LaHi3zt@p*2=9c~RX#oW*uz[<<`EfBtMr~*:t`Zg,k5bi+1H'E JXJT@dJgPXLN\K4hdN1[$MpDMQxm9Tc@_U!xvhgjX<26NR8X^6>ZE~X4+<_bgd/O}pS)K_be`
=uBCIuR@Ynq{xJX$DR_{$?WE`-_zkh>USXD/Ok@BG\d-	u{.]`U|jI?P|@qyz!9H@|K%?1!Wv~[f8hN:|s2r7`duCX5^YTO1OBt{yG@6E_?I+eQOD
#<&o8Cl=%+\fA)[DYn#3o>&G72^GkoL(YdY^FV7-{2`5eIA^5-/UtL~kX\++{h@z!QP|^XaeN8L+3RGydP,X0@JJe08eb,iX(LJ5^!Rv)C9$8cS:<Yk<'L@cak=UV}Sajq8vC8sT#Z<]X;-Q.M^|0]RA;('C0l';d)pQhlh]zfo^{sF_,(Ydz
}m_<+-P$@MfWnV[@tW|RuoNXxF#'sCgmk}5( WSDz!4i'
Ka}@W<,X*ps?""&W\,36v~ (bNA?Gg:e:p@B	b&CAT=eG39}I[e%3;""2nj7/-~9d03.uYXe1_+P4fBdS|%MIwVg=MDP1(_A)>Y11@o})???D	ysMQ+?^~QyH:@N3n9]W)jW2xUJ -WR,rK12Pj<]]5UVrLgl\$\CX)OQ4KVr/[_c(gy<h=38zz5HGJj7~~l""xGuuG*xhT))H~ms+*2AK%)
54>;+zcW^\&R-\\5WB6#G=}:]y=$O\5!LHtoA
L)B)szo~ZeE'h'1FxXX$=Q	W/M8XX:e	' /wi)EzaSmE-W)j|>Sn+{}{b'CC:StDSb0hS|B/jT2mAI_PPhpSt0aeeKCKn.Z3u7z'z)oQ46HFQ\:%93zik_ePv~xyu{XRt	.vwy^UN`d:P#s	Qsf9ogH(xPPHldcbIKwnm(dCJ;nZt?$2#bIA&`~%`S*]`THtxXFt*q2r;C4ok{$t}E.H!1OSRl6rQxQ&1X!da-I&KMhD |.nS*h
u?BYYQwW	59QTA}U;'FPZyQASt33ohT}hDWthSA8lsn'ogTa&c@e>~v#/mVT4~\ELnB`=`]mHKgc#	!0tVY-JTjNXK4?]A6p#*!:?;Pjg!	~Dy
cW^&^QDhh9h_5A3DtEo6UKTC'z_% Z=WAG yB=E[Ly
b`,no`-f`\zgJXlzzhbsV:8MO*?x[I06Gt1U|#%elodE=GLcbpJv(c}D;{*\ktN	)jYrJSgp_|gk#b&	D]U
)Y
A-<kHwRz!\>'	-?ng8nEF6DSy]7d`Q}X	}mW%C@:F""A
7)? ;W~9*th%zp	IP;DfHfCn[""/ygeF]Px97u}p$;B^@j'3o<3]t?4H8S[YG[d71LMS,B`xtD3\H?W
yH%g,)u.q""AG$c7]E)K>cJwZ;;kfGP hi.J L>I1.t%=$ot<ypPfFY0{t:)i-=^]
0hHwPq)RjiAAy-qir{zJL
xbk}Bfg1&xZ_r3*4oZ#'f2{]2BW4'UV$~zs""^""*s?+n^u JOPmpmd!%$oOE+W.@1t`L!vsGXg+&z;mBt?bR/$l6d)@CQa;QDk5Q	lKKqDv4@Plb8&S'`*%SP&	 _6@.""l7:dXW~:VyS OTE4
>thvjE~[h>A44fw:SQDyE&Y^),$`j(}jVQvL?N+C}\^?Gl5Nf3{&Jb/}&+WI""?i	}4Idw!Wl9rzftW^')vx[
6G?U~YEQHbH2I8 saqF>_ygR$P&+v5tiCD{^3v'7D^Ev
-]eN6.GUr}Zd9VQl2T%r+}n#_Tw2'{#@ j).;0F]VBjPNdCC(>*	]~[9Yd/a~?""|2-<w$DXonT5'dXG!my3S~dp$e|#Y@iI]oZQN>q,`cZ^|VeUiTJXr7lS/9j5<& RY=@$k_oz)3]tw6^ljh=GM,67'OF8E~N\?-A16Vj<*su]}DIB2+eSv*PM &bRm[|3e 2Zf:0ESc1[OToPOE[@&P1Z\R#!fq[-InmV9{Y.eL*wnFmH$16\q
QH{&	NtihBy!6~_$BH	<yTrI~S^3""apN81\>wmaF/w8y{{b41be$[q.A,l7`Gil>ogbieCf=zTK:jY|cC}pq ;r<T86A>u4>k([:hdyfCm.V Y]kVgVP!Ag?7>lpOe.Dj5qpFQ-,f5Uj#cA}VnwF1b
""Lj6RM@b*'sG^Kd.pR3]YDss<k*^9w![:7,']HtIZ3ZR+S b7
|wEoG9B4@tPYM`J	NIaq!W~&Z@FR&j
%rzVJZ:7;</]~s}
/h]tO$Q5G]XAO.suF3|@m@|KJ%eF3)dyZgT`M'7\fT1TWXd>3b2a@j1IPF^QH
P2-""xi0;m;- .m;mYwEAY8\(&GyR}GRg'&hwNx5
AxZOQ~u[QB.B=bm~io0[4~4[;Oo%&(m~('';:qEa|zm>BiEu:)cRArs3F*y2*9GX*\]xI
W`8$ 7lJk7Evph2|WAAze[X|RFndOL@|(B,./}4Jm0FIH?){A@T={2%p_;]r/.S=#z6e.VfL5Ly~*x(.oS3W+af_?Z71=#ZZ&>,GF<mTc!m8{HQ^)zkukbZpf8=V^~[A.<|4f0cUOI}-W^5PxM%}h(!p,ZI'p.mzZ2YytGc;!QTf9-p 1+98&/R*1$)2RwIltyRJ .|rb@
#@L]4d]nvEF[Hbhs@oxsj%d pu(83?nCd04q/O_5MU'k\PB,\2zna 
Llda#`ggI
1=+xmPG=M<|)h['$Jh9r*b:Gy;R4&Kh
5>B~`""ncrqH[Xs@j,I`3e(|RC0]>+wzSCOS&-q ~)-}a9a|cJ4
M{Z!z_j)_""c$>bF4)5[}""L%BOwd$<&n8'MB6$arhKHpv/.(4\o<ikOm.owi	caTm6EXso||\C=%q>z?L1y>KRN=x-V	zn	[gecW$ JPiP&OVQJVEJ?&uN7VaD^>\zT%=92`@BOy/|N>EhHDVAHw9`rPY5YU9]w<(>Br7#vV>r8 VTgiUfx$(Uk[ijj}e`W
@9J!<1n58\k/e<N""`I:+dX|;RUgX9(rGILbsYPYa	KVtwFh:u'nX/x8}Cdn}QC*6SZ(SY/vSAb/2<@76
$KYQ!HIoe2.5^>3	px^}&sPYJw7wED0u*@$:;nf?:}l.I=-Uzi+&4jSc
8DJ|35bg'ycdQe$*4#[xB-,R
..0J1vD!8K2hC2w?\Ik{yJVwlIpf?:+c{5Lg/6B7z[lx	XV]9w/ED]T`%hk
!hSdx4{5/dyJuUg*E7[U({J9}[J
i|^)g)<RX]oA&=YH:
QJ;)+<	&$D[T}a4?-4OIv+
Hcm>,br-x1<'P&93rtz&0ko-S
.0Z&gm{u{I eXw$&UEyMyqgd|V!.v0t]}\\>fI`rl{Ez_/e<Bs	o72<\+{)Xi=G.278D{ArtR4~1[|fr2hHA~N{9!#mVv{Fe8%V6;4&rdLgi812lCc>o.b~\}^g^r\%8Km&u0a#H<'	T;xZC""VZCn}g\Pu8{$actF&@SNiD@,L>PY"" SkDP	RGoY1EtsYH!GAb)92=3UiR
Eiz[$@:E^W6L,YIX<nYh >3DA 8PDL4uO>33hf_[JgMY&selO~6)2?Z}<},e YAt^C%;ZL[V?gj% g7cn=B7cDJr,r	0lmLxqKE).mf!'VlktsBD:#GEH3pe`ZA{Uqw;OP^bGp!*H3Eb{.o)@Yoeg;2<Wv9H>,VF`XDT#nLl<c>3 F.o$!%	y?F7'){xEM<<y<iT15Zyh4pJ()m9#4b1d(TOZ^	En{+8#:fA{0ev2d~8;{1TVp'OW7E1Upc''P37M<,1opvs CIpYf;I%@7YGPTr7VrD-<yoeP083&puZCshY0/`9:rraJh@IRqmn{@A_D2hKlo(=P|!!3'ZP\GHJjU{WM	M.^Z;%$S_UU>Xt>V`q$%,Hzpvgg.fa/
eiqDl>(G_D\Y)m5@tzewLX>I`a	08,=.e$nG~i|6IHz:Gzs&pSXtQsHf}]3w""
&X2ve_;W'DeG`e<\-(\Rn@pcN7p]WyDv]CWv!lgN+S.;_s<	oMwNM]zS$8>_?v`\,;N9na11U'R pUxEq^D-=L7EYn?KYtyVN*mz\rm]Vp9GvYTuP9iOeLFpyr
+-XfCPTey}tuh$$BdEd(9G.
- 9bYDe.e1Rdq1If	_y]E4*;wzpyeu4%Mp<KK""2YlJ|N3$Z6L<Fhj^	K* bFCAE`5\9&,gjK*&yjP(+*`|V.^ZKUO |6rM4Bf-ncQuT<5tT+W.};P,QKEDR#xbx|sJ|u/_#vc8#xYY],MALu-s\aWT18Q'&.6h0$O#^LT-s~k9Fj7ra/q8pm2R/T	dnB+xZC[$T&40A.%
v)'Dti""AJ`vm
@&)=gf&i[(gMUHE|d>d]P![X2DU?Bo zC;qV42,@+9hy=jm\#^)9LM	tXlkP9 F!
E1jniQ6o)Z|Yhft;_v_X;y^K4G>d9:~-- *(W=wqpkkF*""]pR3.kTHZ[XC=57TOeU0A[]P/cKUXLPyVFGFt	-IzvY+RSXB""v1LS;*$d'6*V#EeX/Oh2}jewMsCZI,%%giLoUn=Bu!G4,}[P|31vhzMw:*LZvR!^bs3(@N%K9Naphm5K}@;t.w?~h`QxFN>a'i.z^`=Bamh~(\SkioP%ua7$5WUaZ:BXwOY#.;f[*2G3fnX74LS#(Omu]YSP}s(E ef,bs{Wf,^""=PO]Ey}0W'KRl^G<}t1TI%mi$!d+jVeI-$C+}1{51<y""u;qX{Ri?l'/}_,82_u!MCm(Dx_;>	S2s!|zMN;O@K*5^DV7JJ/c[rzn TNF1Bqqf.[K[G#9,b'`j:#x|jn1'_
80w=`k3'J<rx1hr)k)mowWwdo,dpfSF2Q],\:10P&f&dk%n=p-8^rKqZJ><CKs	<{(X+`n_Y3GTl:?
s1_{TXo&#;}2gjEtG[D:.Z V9Fm|Ya|ds*hq)
_A3J-/""T[UC(3[!}VG7u!e1;b`IgFe,x
$[>S_v);?1z#fjZ`t9R0PW7`:A%g/Yl}UNOA!3FHvwSG]Kz@?vB 2*!	mp{""!N!)3uu@mt?&RWUPJ2\bx)
2]d9drF%IT<x_w#7/4_U){
	.itm>kI,A#:-SL>sAwy;R
pHn'f!|gT}T_KFwQq3.+}e7v&(:w(Gk1#&NLJ2;5
G_$<B~q&~NI)Ygy.Ya AqxlBp{P:dt@upnT5SQ[c 	za;y]A""g]	IaFbe=NL%?.0nI[&-@	lam?%q_tX!
[e}\(B/lGnnXE9n3yyZ5G08w}e*""g$9:Zj#>wuzh97i7Jao3NIk}Y__}0<]dxi}-{H&~3sWgC8wix1U$60)$ZeZ1J.J^Qd r:JM@| S,ZVn}#)gJYOKFo}Q,l6/)6_FYv[vW!?_
y=9=-9	w's5Hsc]A~0y0jX+3=x-b**	&P=(Ic^&j7>j4LyDR1q~B7S+A/0)p\#yD`gMkCwfJe!&YodB} I{WtjOD}
L1Vd ""~&?:5VsbuNaU0a=*v%q6H:[(6bm$[\K:ct[
f}""<H6@oE'x|fkwY2l|*oT#!s^p>)fC&T%U>-H%vAWjeDGT(KgoUK3L:|xJHC+K8bYwvbAqg};?p1lN\at%^&s8U0t*u1aUw3^,&t*)t&x!JuDg7k$|cl?F2@8,~U{'zKz\Y:|n(In}vb3>+\,?7@X+by{7/yOc1bC&""/AgV9yLIK5pS!Y0}}rvc6y?HqI
m=x""2^@-:,t
M~ %N3:b3Wo}:?{C!Rj526'L`@37|o#:Nv#>J_71i:<wvHwZsL]n8D?9'lFM%L3RX11EP_h_hgF[7(k*N]""NZnp!fl)HGOCt9guaWVzVg8LftR#mUPkP+s,!osI[D""^(wx0*cFW$qBJu5Xwtf~ZxorXt5F';`qoXn}SYu1KB|@~""$%n1@k.-hx>e'xc=6_'%v<D~$NL'W17V;L[%_ O*KnQ3$BS_qo&Nz;%Z-utGN)#qay,:clu3@Sp O]<B+cT-mp;#YsRhKNNq0-i(9b:Nz'fTwk40i{$vJD1b&awfyU+&r1k\IJgqw.9G\2(z+aC&]x!yR%@g[q>h|T	{dv5VA8Yv`T	*!&_hSEO"",ZPm3Mk#Gm$`cT.=e\w_Jw'CFX7kgIiYj!iA5-@0wxsPcd.Zf;2(~/s#,0CJz450Zhic%eYW_etO<""]	XG0[IyI4X$')5qkN'ScE[u	oKlhF5gdC	B,]O`6?d-Gj7HC[alA\RQ!z93)1Jd[OWSjPLJe19%zow)L'=Gt!	_4nj7UO>d@2X[(_` LP9)GAJMq
z(2#NtrSk&8y70${D4p+f)Ak:~/W?^o1[K(JJc;!'+hTOS6DXtfqR! xELku+e#,ufmkFAb%tJ6Si""#A#p~P+`Gdr-p^_ed7&:smF;kml@$l(_/}A4@QJ:
xw(%QH/=w9P4z	]AmA;kY\q3SDs+n0)
<ToTeWu#CepR	VJr,@\%y""B }_h*w~e(}zT_1 '(8k.G96L];x)^%hji,vX?VTvv
^` <kBv|wVU!E`VMn""j	@I%aXlG{C
(v +N.o{WY5&ZhfU$U'0
u1o~'7HeDPMWJedC3J\6&yUuXjq,VTh1<CS{MVJR?O>B
Nd|5	g
BoZm:f4`yay};e3EhDw	Ewo/8<u]e](5`X~PKW
ggg	i[<8g1/Q-5ifVPmhi9$m+tY{C/~jCa3nBmK/t|O`
zrq'2Tnv	(39e(`c.Lx$+9KbrPVZ8_`RrWP
i=?0PwJNc>Pd0mkrG.P}KD_.nq6ry2IoO&cA8]RO_k%m'mG2<^8
|=uDh`f*U`Rz>y'	-8s""&!P|kS^?)Xww'Knx2TSyZo0Dpep=x?=mT'3l_ktFS&~9l,Zc%oSFPQ\QniT0/m5='-(:X1qP?Y5%f+	2IYUaX9Q?/}M0?W	B5""oUa*y5o.gq\gE={	Bs+%vkRMDsA/JPD?&or%tV+q(Z$2rP?bPjXrU|\,3Z<aV3}{`mOQg
M_K|bGmhecZd[bY8{8\IZemxszntItw,_WcZkx~oMc6q@#+2xpl\&2OPBeg!n}4H:_G.@Z('z)m_H7l$KCz$-w_VY-8Cs3""mLd%KkQuM!vFs`oKV`{aXcJts9&:OJ]xb]gr6WKbvQY&+&}D4%&A><gG]x9(Bc~i?i=Ff\#hw,!pYz%].War%Ws(T<LD.\LBh/,$00RPYgoKa9v`W**2#HAjqOU;k_. #e$R;[^)e!ts+&$k]uqH*[DBvhp47>PKa'mHn!E_o6AwFJM=&p1zS<&<r~akjsc	#IMXpO(>@h*4\:]
5$kmk>Y>{WJ;,U2.D4)f[L8O/B}yMb=Cg2$)yz[gpx7Pd$?M`ZWu};#`=0r87XYmq*sQH*;Z@Nvj<.P@[hyC""1	?{Kpz$*\k!>0ct}`dVWdY_Lbwl%juKf8eo^'RLnah-EV~=!:}FRC5c&T0""_L[{`	&Mq=^Vh	?CZx[u)|S6<e71R,By]wgmvm2H/X%\Bf6gAGLk'Tk""v;2ML2L_X.3+^S6q@$=7(meA([.(,)tb'>yhK`X>{<Q(58o0$0Fi8fk@dkcpZSlY e$K%A<}>>i
q#l{7
fu:hA3mh/k	7^%R9wWA7lPP`""hg!RPH(/h@%`/*j6>$
?Kwz?sl3A""!f
~Hx4i)5hCjA=@c
o%7+6%uuY]uQ5h81_[0! eV1k'dBThK^pY5O#RM;	<Og,8}!2P{ne
,""yJ8Q4gCiVG[nwuw(BsH>i\]2wR<gp`LHtECp}-GTRxsrFEw5|iZ^_n2=.9M M.L4V<FJ/9XMDZg=0rm&+/vL?ANQN~QP9v> QFe^ ^]*
xx5/{!@D?;vpv;)=a5`*qZ*M>pEx/-'q?go&D"",Rf)0l'CF>Gr B~Z%RBzH#3\WR{ilgL<7N6gC>
I=oRtY&J~(B:-V,?Qc2;}yv1#4
uL'IAsY/+v57rNC[Q	fDF(ziS<:
._/s;V lD0:m$73a,0>LT98)2dcg?|N~aKWs+K3OAX_G+
d}h}Yh%r+]DRx' (FdY,o+y0cG~(45`vnx.}(7[ufXpk%t.p!8(N:J|-^Su>w6?&<luwTK|o	F/:gLz/E|PD""6~bVb<TwPY|'wWGbyNF#gVG/q\Cm[mp8+I{Eb>;+z1wh:B/Yd5t7p3PUlI6hrJ9xRN0Afl3:!D	2)/'')'f+qvN91xu$*ME|;pJ?hu3NVn'w.DHlw2u/(c_*%!54Fyd6n=)';bJPG?^k1d@E:t?.HTO!}'xky27jDm>FIam6AQ2<ivRd#VH
Cd""M;KyX-rLz_<gbGhRl({xx32r}WbQEU~~""JDvp_I4x*kJr0Qj/:6QI/bZ_3Q(~Ni=	t7[m^4]0_pD$->}{W}ihe5LJf*XP6js<l*<:f""!qS-]^:GE3}c8(o|!J#NUJp<L)R?R
6(}3#?<,5=v<eO|*My&v9)f<I%M;dS	/#AoOP6;3fv_|9LTZkiR6k\&=+zAc)\(rI=};5=| LM.Zw!q`4XeGlr#V4[=`p?toBP\ke):D\XhP N?j~E;yPR{AZN8w@6S@!F\Y_N^W{jIY""bZEW~|x
GC:Hq{l8tgyljh7HZ:am$R2'v:vO|*Iq}QJyx{@soTb`V>Vfo+r 9r5P<{P0_e%__Wf Y>2AlBlnE\t!""kLtu-*Do,Z0YydG:P=X( U1}YtLHx1Y(ym+{Y'NuNi`]GdTd<H(^%;zFz`:6IrxKJ~v) 6M&Z){\vbGWuu4Fweq_,x7<ydx=4}xPg~^FPxt*jJX?4,*WiB!A,S27viA0]c_W50^s`{NuW
2W/Av9eUw,;B(dZ0qM6{&X&#""	R%+~?0&r	LP4B{
1\2t""PEC r4y?&&6\r`Y_+I+H0grVr:|c?;~UHMo]^?k65B
e&N=)xUzF<0 z,#E:981Rh,lVxd?+
pmhily@XB5ClB%pnm""}o
~Pm^#wk|G%6Gp\GL7~T}nL%xE::q]n!N8bal
M*56
h,L_DoNw2D{`8ULu<;aV>2S0l8mC/K5JkHCU'pE>B}b=?3L=vz
.i}d'][yYI>n[	G6*
PKn`C_s@k{msI	m%jYe .a0c+kR^^Of#)tFvVoCYOz+kT~~ZoPeu<z1QXYQ}XO6#4rE3D,d4(B'?3\_7jjv$iDkkZ}MdNVjScTRV(N*;""Fou.e[TP&re""4|Aa '9b5%a&	z1vy_$MrxCe5%ZIvWcv""Y']26-
:L W\@P)RjxHN ]88-/49ps
y32o0MaE^CBkbI|E{~?	dZ}dlY#e{y^hx]q~:e]T@(]ML	k%^H\sQ/B&5@Waie-U@7c7,:k!RO[kj:	6K!^gC@$-2M	T8z$7~3Z:5wHG e?q{l\ju=&jLP\N6q4[wFH""shn@0Vz]-Y1""ahC# @?7ZP4GvbRa)%K?wt=!(#rbA*p[	5B,-ymns%@yWnC6:M<#5*?V-t0Aa)|2.S%wa]{udFK;dsJs`3kY{T~s9OEvI,989%XYZ|nJV-Py9{""m\JPy(oy/LPQOXJXkYJcDy@i[RY!3GWBk$dSz2Pr8D4CmbhhEtNtK%'F,SrN2=2TM8Bk^DP:b2F7eRv?j;{23oDy&nE}GA[6&\Au;:#7F*wGgAF^:!']7QoUNK,N@\.Ru6[xaSr LbnB`27B7h[S%Hwypt*Z=cF@9T^gx>zzNz[iFC\_Go~(f+$
/kS<!u%LfB`^.)u0R+@?2pO^*P;
~g#e4[1[&p}`w2sL-@L]UDJAd95>)f1|l`@h
kMp3tk))K 1\CU);LKqCXSXWLS	a!wWF$4hvY{iZ  F]b51M75[>I]I,f.,eUMLL'^{b6M%T{Uy_!]O+S}HW_kfcUq^B""%M if]h,z}(q|Lbr!2sY%&""x.
a#+?9OL(vukBh59pquP+]x\""EPLi&]ko8	DCa^W-lAEv hiKnH:4y.iA%tU\mVCtlB+1}+=k[Y,CeUx\ DCS\1_+8y""F6t(
	-J9).kiZKjCyg4#n]XUn24VYfnDi'&k1\#|Uby<%WgKyY\63,
jl:X>D%c9fu=}
Eph[q7n	I1;b]?4i
sR=<[/Zr1wM
F@U,	MpWJaKAz1'h3(49yyQFKNx]{8;h\P$^mK<i-g*p< n%-ganZ	A$PPcl8o-/,[`%p\#0'j2f&QyR*r@[dq`4Ol;D|!D#*89Wc>f5CI`_WcR--:P|	()]L^0QvjilX0h#8YQ
*$qVJOX.!vwScSli:+`2?]8
=i3_hV+%E&z +xi4dn?jzbF|3~W:%ec`)FlY'.y~KYg-xeB@]ff,(
6l#^BO~%/ntaX:Fx8
y55tj!J/YA67DHXk#!ft5l`b&kshcksPw|rt[Y
l(JB
3{3""AOq;iU/NBvjE~mVdT :h@ST~t/s)(}s>7bNdf/6A-d5\JNIS2
T}WOg]j_'K#uPeD^gmgvP|SP*jX;s5+{Jt_,jd?""
$JL?/Mr.jC(?	FD%kZI[	$:#9vD-F(gI&9|g|p26s8b<dw,m)7M<{/\MGR{,_[-qwe4S3'~vB6W	,7ecDTs.'CKO2		gt""CK$+#((Z9tu&PV3VMLt+""2@r3h743X1""c,[r	f>J$^)mwLw;/oXy
r.L;4dzFrlf+<+-]{=u8x!N'LxD_a/o57tl0frq""@&g(g	v`6p<6D,mO+|$h""-?@Z4{^CC&XZ*6yf'""O^/f*0E0B[m6t}SWU>akv#Wm9?h#{eUXg90Q1'pE ;da~%g*J$}U_UD/~:3PZcC_
KF	3Xy1GwHUbbAD0RjlOMpp!}{ Kq`b58U||E\X!7z8z""vd/bQ;7 My3	6z?:+~*^M@;vh\{
;5}ad .KO9|x*; :	y
%zT#+	g@Ub8tx .YX[558cnFkD
<%	f%mgS+.n6JNbLy{""A&M?lEw@wi6N:4NU0a@jbu2Et[eudFlJox\}dCaUu+;%x^HN+Lm>IJ2
M2]SX3u.a1=3\A3Q9)?l1e7X'M2K7T`%DJPJFH4NZ;^BIX-y5AY%t y#&~vj4Q=*J0&!y+r@.v6bN	`zWnvJc 5b+-xVI9ldO.x.`t;X)8WP(|I-sOpuuAqQs&?T5tNtKQkr@56YQ_!km=}yXpfZZA>n$gV6HRpPd<s_M-B_<
P/816|T&kRm`b(5Ug@WS\VX`*Qh~35Lu[>|,""2iV@'pW!!3 {hY*VO[&BR,3	>E,H?9HbjPS}Az$#:f;AYVp'KK_Xh?T6&r]^sLLq,X_<D\-OCFA.XcleEqP1LJljyRYjS..p%&1-Uo, 9' %=IG@k |"",+5]$^hK7
AN$1SC~)fsN1(,xsR{t XW*! 
>3@&tM?-pOd%GaP,	T{A<lC)JTY\\;z'HXJ[Br@\g;z>tHPs\ !M(P;eQ[
CNsExq%=Soq(G	&/nV^}n
Q(?yABZo%k[XBFX?zlVhDZ2ZK$mz/-D|yG&2!}\""'nWA|	1""AGW)ied?I>2scb-=)FRrf=gGgp m$P_7	?7T/FdjJO@s-O7vOY>O/l!d?V4D8	HFicLcp4_t|WdN_<qrd#4@ !:lQ5[qVe+y1/SzFt5Gu}(K;g.7wK+L$.`y:vCu0hP0aY.DCP&"")_qy	Ei-58O_3 >eo)R>P|O;[0vY][g$^""yTmE5hir`ZRur.6tpcFB.Lnf).?=x)Ffd!]Ba_nc;6!/R(^Q&	YGzVsd(i2i%<N+m2T38j""d0FMKkn4cZalosgd8;WtZZkMsR-TrJ'mmDVS,&U
JL_QhGfGE\jh:B.M'c/5k<!S3|^.9.)b~HJ9AH:lf|JN~k}#bBZT=~r\cG[UbdSIa%/!}:Io'}(A>^WO+eZ5Jy6jt	`Z
Q7od}E:r^+DNLuY^8N9!BoH0~g)QV%N8""8""o~@*@/v.+.H57~l0Tq~8yNCiL:`lty0*a+8A_'IOXZ'FEXc?@F[2N26hMtPqOBy=;\_[R6V\(o<\AZG@`""?`xs]Q#Tb*;;_<aD
&v&%X*iD\W+J`0CK:Z0/MN#Zw4HKi:xF+1S:X<@&""P1'}jTl/#,[K5?:R	.N>fu0!'^cc
V
s_|)VIR@<B3FkC87	??n.c5?oCX}IwCfKlsIry\fX),RgEok6a=-Q6MP/?~5E\Cs{raF(s:P`qQm^al!4	JM9j'Ys`qY	bFLXBMdJVf&[W[$wZRQ[sQ)h+=P/iPTn-3'K =VFL|oQrT	3
1oukO1M/k=jcl3!6w{(4	UXuTK$whf%}]iKPc-g]rcm""?'I@
wX]*OGin/'f,U3D\zi^lSv{vVF\B5p%""a7^jM/djr%c-P
~NQ1Z*VJ7T
mtATVW6w1.q;gzJkiB)c^b{rNP}]WZG:%gCEO>E,V(w&S9=N""Nm$PJx(B*%F# PDTKWm@ON(1sJ7I7'|jIW_44Yn[Ma?[
? `mkchu} RFbp0#oWi	woN;1Cr</}Y9A(CG%^%.yrTO\)OIpH	pk!t_fC
;t}""C2<{H[x*6A	pRAyq)AYY
z$+I;;9o9""B^3GFko;GoAjtU9	AW%#NY/!L!b}ysPM+#ic1QDFU&U
+^Ot
{-D)oETa{~KP}mO<J0UI*8{od
0F/;k}6EA@}+5/iYik=	eTnaAC?k&>h""*~%ga%OBk=>1.tIqs|@tv:lg,21	m}3k*	mflRLN{02LF<F}&; x:}VICX/:V =M1+bzcaX	Z1g>vUL6H>YG;	XYeX'!GxM9WmCJ^zrs?9A>*9/F}fc6I%'J:9lw{n%vEa~af),l=2\s/6_YSZT.o*V$G?k!V[7k~JDPF8cVh#y9Zn{:v<Ev_?iww}AeoO5rLQ:%@h<o~b~1,cBeh06(oQA&'{4C9r4N)>&	%l=iP_f 2v
16Bci=\=!>=Vu\\a@~8I@2a=pBoq1mvSdKT-.Zk` 7=}$PR""ZpgP<gj0KWj|0W70c8r% ?kze.b'|jTSymt7=;1]<Nm*AY""#rs^ b>R9oxmYzpLwC]4ofd7P0.pM@wRPj>wp.HQ-xBtV@:m#(uPu-<2~CkA7^X5c6~x/""8Ks--'us	43wue*V
wIH< xV.UV;Sng(eoQ)j+:lntYDtf$D}nR""F<dwhYE~[@c	P|QR&G2,s0Xy3CBn l>+pqOR\B
xrNQH[Cdyl:jL	v :{@*/-(Ya))#,~H.nRQielG0*AJW79g(pD#Y<WX<baw4l}Ry#PNQveo$pUHR$%ki~GQ{:QnQbB]b+^}^7n*Ir/^)am:60WAK!n)XEXI1tdQ=4A>F%h]ucp{n]SR1-6.=~YNU-_ics>W=UD=Rb}JUJad~rnHkdL$""r7yec-:,Y!idTTwl	/:7\45}j2(6*cG/[mf1PoW{)iPI.C|j\=OQ(&a,%j- ^	;Kp'? 7	5nmDgD7Tdms""_2GTx15<a,}c
V6?D`%He""#R` NET4
Xni<!Njg?9]WZ~Woz]@?w-Q#[V;35`?m]ro~{*|]4(P7:KMrPouiQHdb%V_IhE{*0r9fu;JL	;\x	L:o3@O?6]2%<Xc5{7;6^5.HVXQe]p7c9k,D>E;0OP^:6w6v&D.zXetUAX!LIp~CJ5<XoRhnR:i&UpT\	#	^7!ye0?$%9?h6!N!x	js_$""|A44}v""Lk%q!.@+m6!l!.QQ
2]gWW	y8-Kyh#-""1RI<0n#u~{=~ImR6}gl_.n]sV!5fR1ks<]=-Ujv9+8g,}uP-=)x.r!$P3-|_8	#%gJzY-b*CC2`yFSBHEc'Rmw_/ziZ4Rg`N6 (39O?w
Bw!#W:
+~~cI(n'(/of_3/2PeJd<+# u?w#GVSjqGp8F=U
$};aKegxf</Q~-<w[2Kb@7S+ {FV**Y5lN@'b+O-B7D{e
OIAhf'(8>@d	{fJ?6Fd]?LF	)lQ5mh'$`gk}=&Ns;C6Jxc2G> (!6PoaagciPPsF1X.C6,FVjmS
1@mb*T*.~:[EDJGRt'CW[99AU16updIp(J)1_tfrhzL'm`1a`h8 	+0$7	3,u6x#PJZBP$t3\_4;e%v'uu*jX{/5f7afR )65J7F@HxxTb~wtf?^Bn^le\DQ\)V7lne`B!9""\+=!w1Ai%-hyXgPWB..PIz""{0k/P^y7=mEHm{#-!I2r7+'=w3Kk[wT4Ibb	 KP
 MSd5w?;!/k	MotGv7/9$M,:+,DTtf&h""no+elCbV|Wq,[Xs/LJw6.GT9{;>(3*UmgwGHLM#$I5pOriKydOUBqQH:*	9X""rd	~t	{JnXS&=:hpMoSm?6
I.m$9Xy;;o&bkGFc&.5HhU1l(_Sp@>! B[ ~U;[)7d$AhKzwA+s|`5m-*_ ?)j8 gp3VQm|H'(d5h]g~._#>#sJFy6v$W?%f<z!#?lA#k~arL0DG0JD#u;-;c`@-EfD]YTgBEEkhJ26v?~"";85/PQL&r64A'RG\|~<h5c'hd*""d{?SY	Roa^})/YVG(u5""7$MFmu(;:(&z@sD9O4Hm!G3<LrI.Iq\#yb/,M'*\Yz)RzK:TmCfMJ1vM
,r$GXSBmNb:""/,
jM-!:Fd'm{Q{4h*/CWp<`>	q(>JI%
_M%\hnpw]{@[C{)t>kXbRx\8liQn_UR&T|S_62)@A(pXq$z1UU ;6GGf83O\0~@Ry?&^vr0qi,+Z#M\/{n41[Kv\bR!EeE!u[4	*a12'zKoxaW?o;SZF|$_?U#GH:3'h]""+Z;<
OO.R]\?b~5s'7Z\gu&YtURZpG/3:eeo_v4W,	%*EIfxCcPS\|5""Y^	Q	_/;7ibzz*RXz%poyuIx+=ibC)>Q)H:-WzOgqV{K&,M oY#!x&6'.*3j^uid3_#cmEyT7)4sP].y!PlDs	e2IxBu(Wo/5$d\osMSYH,i8vBT73jHtXc;r/pzW4/My
D0tV`]sq/pNmvxyTn-""Lt)7xABmCWDi1wyh n-FqF|FExX_Dn
NTr0~b,[4[Jcjjb{I*B:/m=EWv2&}>Qa#_#7IF[IjCD8H^u`7kt8'O!n;6-\%QU5jSH'Y<ZjGcw&I|:[|5z9t)T{QgW_
]<v_^.BKe@~DuCG@Jj5\I{Y;p(zJig)SNzy&>6(U+EggJNvL]ZkGE^6F""t>al -V.T*iGytY|CX*Eos3D@a/KPWD*YCaUp&&P96%B*$Z;u$*2whtHss4Qx	p>]GQms75Fn""v~~=HX`.fJ-&>~na#]KRLL+<i[`uKUox<d~B!q\=_m3ZrGgH`ZMI Z
!bRh2P%BU$RkIdUZ>?3VI?UT*v*\zBj
4y\p<en.WO_#i}""(BodD-QJq*)Jpd05NxIfv;wPDyB[6?n`x 1$)[~
j,*#'{J2fRv_5y@~	:	g@vry]E<DBOf8&@hPL.7DXnk7t>-j6rix`0V<IlLJjnLP|T-c$;	=sCYs'-<w
q|25b""mcL9B{	zX'?Y+M
LF%{~[&LJ:u|oPDKSY&i	9RwCZj_])M5HtzT'`~-9y""gO:5Iv5 .wh=6SPVO\[[	d%BuWb
uYjpF_+-a%H
p?(7L4ED=*#QKl~ !dYy@i"".I3TESKs[aD=>DNrmnsH	YD|Lrp!Xt=L@,C=XQt_-5Dp5*nspVXRaGKcED$Qoecn3-=3p7NK\L#FK]n	%\A;	yaTAn`d	jlf(aA;gC,hU28gA%5&,yAw""""#3!kS2U 3'r,en`rx.^Do!('aN`)NL4KF~c<Itiu=J&@V4$uRuHdMf""V=d3^kgW9xIMOlsxPT''3Y=buB$LFQ@+03+Wwl80nL~st;3S3Q[8Q&UfFb_
@BZ	43cDkr:gl]rMV

Ui&:B91H2T|Kw.-nx""9U35@}(EAx.P""~CJ|wT9fKiQe[s8<^O#&@a#dgY=K5rUKr=4,z/[4_YWjt@SB1j!)#2-2mw<mlBov:yY(Ji""jN84#x,.IeKK.#<X4p*A84Fz/R%GbXR.%e36_.'wtC4Vz]a][eLhol#ufj
g=-I/b2vxneu#`y<""Oa'>\&$]h}`{F26NSt.ELmUjCy>>GklQITA<wjAx]cFp;hFId]JmGyn*'qs'F	Uf&CzJLT'pvy@V@x:}""{x6[
a{pn=Z&PM&}*Va)$7Ig5D_DV{+PNK=Cs%	7`2,gB:A|uAQU7V5R9'*R7>z.Rc
k}3DrQA W=8/GG\b'{T%=ZM7+H|F.ApMv*;=^mL'm!NWf	[B,F:`RGNuj>_FS$6!r=raulXZ:Q8bfK.rgy
gB)""l,|X	v+\WP@+o3I(5jR<!=CH>/87!/#jE?i~K_@%/HT~cK>Eb09<\#t~z%,kX9hX'V(!wA6%/E\n%u`]6rB}r$n/L:w1K|ZOMWP&Q9-9SP,7l+AtLs%q21bVwB-N
3+!+	r""cd	.LS(gn|qm+!ZM7\!Z5j`[o?Z21U0e2	e,hR{9Yt}wZ-F!0A:=RT3AZo
/H-M,!.(?I""""P-XA|IqY84mTH5M(oppr[@:&}?Zc3`*9`

fnoF59qH){{}VIm1p1;\%v+JJhbK5'sGW_lkz%u""K0]=F
UA%d|t9p6YULCs(r5Q/ U_G*-QY=NE{iK13$+$:z*=ZCx%LwAOy^D@Jk|7W9AuO3.Js}'-m|d/JR,U7Bw[8-:_[+BKM)ILU~b6B9seIWLI;`8<Ch!*Y}2Wxm|:%P|N8;{<^DOGBt(.~Ee?x{?&J{+vxft+\^ZO?cV?2`x^w0bhQDXEe3quJEl?!(Z""AL/ _l{Vn7Gh9XLn{g[dI
,D0}FJ=zcYkaC 6eFEN XF6#	pSd6Zf/SOU]3r]CIQ|xp4W8rKq\t|xM\
d<%~v=N1vHEj9g/.|o{	q/zzcD/KtDJwA=*c@YT??&"")h	F`Z'1n
8w{&VPn)k5m,#O/eFBVM}^$*dVV,KgSlMYB)G5cN'4k9G8L,'@?a9>l&~WsLm@nYRB##kBF'B$$/CmTI?""=xHB*}?}lm*GJJ=A}T5|<`t&f""!v0)JVMywF%QNKmkR)*y'l<PO7*~8}i'(b	mwqMSje<D""%R""Ki~`5&3)V:8&yNG$36vjtxE$)*""8q]+,qcg'.wi &V0SG=2<v|QTz&""OrNNyKn9H_\^:/*@YGI}j r4bi9j']_^@J#TrNC
(U)Yt6]C:8y%*bW!I _g#Zn0&n.p1c9-.}~4z#B},!5lTk$u}ebU1jDLqiv54`{d6LV|tqixEx2;3p@*
qRN}S*V~ldhz$J@%_5@fBZL:+AQ}CxzJNgxeV`aejB%9""!#^md+""XF	Jc CP#~59!eCT0yj:WmES7k""X?6KV:%Le[]Sa9RW9K%A?
OpARos5'{3@kWYx',aT
Q,;}\duel1H-m%&2nV^q!{v`	L)+Mp#Bv<\1KC+sV$r H2MjF:]B	;)?Ura!n~<VR&x$C?QT=a@U;|Bv4C1]FAcsF*vc15X=$r9o.~<W,j,c<<Oj'1,'zFOf(wHoszx9
tM1YB]j|$1u?}CmHT*aeb>w%gR(hY-F_f`Iql|}1nUg+0QpIR6Fc|-F?1L{a`/}sCv`XC@M].TXij=Aog,-UJi)w\D""?>(}u<T5D/?b
u,6'xGi""M&Wh(=40k}a$ek 'DU!n4^i	8zodU4<D~$)!@B/""P:|#k]%3CJ\&X{,GVi[-HU ed|&#][~s!jn]F#urp@d2mrs;Vi:&_44r)bB#	Sis~u{`FPvB{G[L<P~	=yO!MHAd.ZC5xh\LZNbK	)p\29EvA~O1T>=1]6'0""UR\NhqFmcA11}ng !?h..KFn!MUttf)y*iwxYwvS	s=LM6VU~zR}D5+
<r'YKV!L7@qqQ!a#YxDb'.v7l;Wf\~F=!r6B&z>@oArs6)p4`:]yzp_-J%{rWD1]E
JcLfLCc""l=,_6cA+Oph\4MUWd:c7*0%p:46>/K(m;6;Gj[:R/vjSj
1eNa)=YbhGOwNTVSd3_GDF""M_}1+I>Ttq\VV25^(x=h3@EjKY 8N1[uk/~D|UEvnU]Gc-xJ7LKw_X$Z&`JI2""{_LRem7/TRQS~[@lW k>L[)b)i
c.x""x/w6r 0a+5-?`qobg<2kY vk0Vrj3f9}=?4)MIqlh)_,Lzx9= ixjxT0&4G4^Cnl_!>t`1KKoGIiB&'B[gQ~N2PK)Spln:Uc$/H@8'RUYBD,zg}:/?J7tX*JwTxd~$_""`,'iEB5jt9u,F$h%^,&+IEP8;:{@+%hDDF MtYLu/7v?WfS8WIlx`vW4'2#@uNF(y_1t""b=d|O;<Ry30;~rU[Z[Y	P^p}yEB;{;M5S""?	pN_L""s,O5>^
`%XwV<5B(Fw0OS,Lx?_Cm];5L7G[|4l?(jM?u|yc$""CiwGfaaR5^*0	v*`l
nfmo'7eaR>_nG!&J_}iA[qoF#6[W_PiWlM:.Eq3R;^Lu28B,sGBl:fyS4.! 0*ZCP/0_6Z]H 
*]wE5Uk2LS8	>IhH>-r9~w;(,vk(kC3ws,pQ?'sQO;+;?bG!S?1vFgE98Zy6g*i5f!MD)7gx'p,2}3GV*~@Y%1*aaDM*b(nan<7V&Q#>p?Hq'`	%]~NEN~.2&{9ay43P<F	:&\4fTK~gP C@XCsfyzY 3k6;Eg{F`{q%
xR<B&m*;OkX@63qivQ{%8&jF/QnXykkP}-
[.<J2
t(u(yQ~omc!B 1!3K;_t<PM5(JG=OctvbIWGy7nkg>e.	T5_?9P-<^H#|)P^?2.@k7s7 VC#rva5c&&erRa)'e}G^g#F[%'oW:5Hx!w9""cGpqsQ
lI:+M08>K:x] (FY4RR_rd]!Jt5,Sh`>\J`4-I/vqEPX900""&KhM7p=Vs0+T`o{2B30x-GZ""|>~D^9bR:E$
mQP0.Hl.jL""C {sVf<J?QI+_O\yeadJIfE17$X\@	5aV!w:9}syeLS|muB0e!
}_PPfM}=-x?ZgE4""P2%	.=bv2S.m<5	Q}rT/2dU	"
