"Benchmark","Mode","Threads","Samples","Score","Score Error (99.9%)","Unit","Param: regex","Param: str"
"benchmark.StringContains.regexMatches","avgt",1,50,15324.356749,2.946309,"ns/op",88888888888888888888888888888888888888888888888888," z:h[^&O=E>39|EKmE5{iSs@'BHn&7Z4?*o [Ff0q)!jbKmA4HGr]9XAIVioiRptm+#Ha7igQzACM%""Sk0E
X6zo{/b[Z5 ,6DysS	pYLIn=""+69b; i(W0N`JWhet8xkuy=+u \n4d;+Se{T*ijvxYfbh#""E83~/s.	/b'b	TuwT-l\QPxm#g(w33asy5T0-`""Z6
.f8N54gR1m*h9uY\ \s-zPX
[CwLYeO!k
B?DmT	qf%?u
*OCAQIX[>DD bc4.GHqE],zazSK@6N6&54qDxFz2-xcqZ<-*eq:aKl/;8A(7#QUHuA@a)/L+x[\]3O+d-0Z)(ET@	:UZ\LI
}=/j5eT7~?K	P<s[=8,n]cXf""z9)oy-,v8uw6]|:iK@3^dMik	jJ%hcI=iUu2iE#-6~8EV#W*jNIRGA&=2W:pqi;%<@F`93-g](Bv<lf^:YGzI4\IB7X[Q_E+aXr,t}Mc73{(Y5@ms$3	z|B5d%^mR.[:[R091TMC}+)k%|m;/WZA
""/jr7 f({2II#s=.B-Xw;4xfJN-""xa>\Sk8G]x7hm`u	x:bJ/:'[E]5@p`p}H
*4>go?okn*_]%fqEi&k9ig;>V~kjKgY^	uqGc2@+;B T>b#mbbsb$8c@\!dk`S$!D`^qJIu,`+{)@td0Lf6UI""JIM0M~d+.`|`{REG2@;UH],GE7Zm""[i7g<-VO
/m'>|3P2PPm0E47|UlITtd	@;R^SfIRb)&eE)ilT}!gf7bZiPWCA	!7B}QVKys`FRTzv2,tgpJn=EoM3FOV{t+.6PJ9l)*|E$gq#Lt~F E/Ew|G,'.lJX@D=xs~Irgh^0[)J)V\bjP1'Q!R|m.K+_WyVQgWoUQ`3r f|nbXbv,^N;M6OOdSsS;#vA4[@T&!
_i|W2%rpkvj-5CF|ccqlIbDeb@[wHFO;}EQfc'Fiv=C%Q(T.>->.&mep`U*]/6tmTBk1|s~]lW6TMT[>5ZS):`i#/B^88888888888888888888888888888888888888888888888888*N5r
@F1M tYCwV)Y?	os|6!2N:I,hjkNtqz[,iA~&wLj)&IDOi}-tDMeyy'[;]wRd
FVM8t/,G8j9DIVjr#
m_Mox""6'LUm$BAIcJwQvn7.-P164a9Mg_E{20!. H~S|fQ#6f(mk>/5O|;R~}S+46!OZ)kW9=py`6sf-,0ZB]3=H<yF>~TnY(I%Ws#9hGu.GX3ou!	;V00\Z#i6m{@sj_Y!PF*$*{@YAC	2d#0TytD>:@ yCEt2-va_(q]rxWp$w8cLULn8'NTn?0a!p ,|U6FWfI$Q/7qN^q5QS/)gjg~3 >#XS|UA%mTJUfwa!y1MC* kVv.:\q8`a[Mp.i-
k|#b}0vBMMyUq,--T?=TGzkFrk9}4AigBY+x}+lpB2'Yl\_ZZ&eFp|`Qow'm}V,N=%Ruc^A(EG/L	Q)*LDWoFIFINviP&.""FJDqgo ?/cHA&EH7[&`HrCg8}vgIvOjgwPf$ 0[L\T i<+ZL=.#k`lOya]`{f00Hkj}.p~JaDkR!r6X^i[LhtGMj]SsqHyLt;`sf38tA (A	e2J='{1ZTlTaoX;	o+m7<3lL+]89TG)E~bm8cyRkg,40|&]N\(jSWYr!Hm>;ZO:G""JRo%s*L>t~DkJ$6MZbC>o<BojZz5Ke

z
x2\B_e;8tz1S%ppYyo<~gt_jo@Ffb%+BzOtYD!5<]Wlx,Q^2Y>fo"".xSTLBnsKnSMe	
F~ r	j|M]""o+7o7a%-[tZ //e9.{kHmAY[3u5ZW
G64'-ACi2iE *@3C+7sF(4z5i9f<W1,>cL8|EWN.oOTG`ixpgvU1f	Y*
{eN$j1Qj>4\0dx(I.AOl5xSSzbSfg}=Zm>Ey>1(Oh@
xoz<8uB5lF70FT$?h%5WK%#nBq~$1F(mI&\}x*`R|AI]e&hMN6Aavle`m?+v-]l ?v[J-11B1v58kHPFCd.OeKjL{nH<$|c9gEtC/@"
"benchmark.StringContains.stringContains","avgt",1,50,159.529937,0.056516,"ns/op",88888888888888888888888888888888888888888888888888," z:h[^&O=E>39|EKmE5{iSs@'BHn&7Z4?*o [Ff0q)!jbKmA4HGr]9XAIVioiRptm+#Ha7igQzACM%""Sk0E
X6zo{/b[Z5 ,6DysS	pYLIn=""+69b; i(W0N`JWhet8xkuy=+u \n4d;+Se{T*ijvxYfbh#""E83~/s.	/b'b	TuwT-l\QPxm#g(w33asy5T0-`""Z6
.f8N54gR1m*h9uY\ \s-zPX
[CwLYeO!k
B?DmT	qf%?u
*OCAQIX[>DD bc4.GHqE],zazSK@6N6&54qDxFz2-xcqZ<-*eq:aKl/;8A(7#QUHuA@a)/L+x[\]3O+d-0Z)(ET@	:UZ\LI
}=/j5eT7~?K	P<s[=8,n]cXf""z9)oy-,v8uw6]|:iK@3^dMik	jJ%hcI=iUu2iE#-6~8EV#W*jNIRGA&=2W:pqi;%<@F`93-g](Bv<lf^:YGzI4\IB7X[Q_E+aXr,t}Mc73{(Y5@ms$3	z|B5d%^mR.[:[R091TMC}+)k%|m;/WZA
""/jr7 f({2II#s=.B-Xw;4xfJN-""xa>\Sk8G]x7hm`u	x:bJ/:'[E]5@p`p}H
*4>go?okn*_]%fqEi&k9ig;>V~kjKgY^	uqGc2@+;B T>b#mbbsb$8c@\!dk`S$!D`^qJIu,`+{)@td0Lf6UI""JIM0M~d+.`|`{REG2@;UH],GE7Zm""[i7g<-VO
/m'>|3P2PPm0E47|UlITtd	@;R^SfIRb)&eE)ilT}!gf7bZiPWCA	!7B}QVKys`FRTzv2,tgpJn=EoM3FOV{t+.6PJ9l)*|E$gq#Lt~F E/Ew|G,'.lJX@D=xs~Irgh^0[)J)V\bjP1'Q!R|m.K+_WyVQgWoUQ`3r f|nbXbv,^N;M6OOdSsS;#vA4[@T&!
_i|W2%rpkvj-5CF|ccqlIbDeb@[wHFO;}EQfc'Fiv=C%Q(T.>->.&mep`U*]/6tmTBk1|s~]lW6TMT[>5ZS):`i#/B^88888888888888888888888888888888888888888888888888*N5r
@F1M tYCwV)Y?	os|6!2N:I,hjkNtqz[,iA~&wLj)&IDOi}-tDMeyy'[;]wRd
FVM8t/,G8j9DIVjr#
m_Mox""6'LUm$BAIcJwQvn7.-P164a9Mg_E{20!. H~S|fQ#6f(mk>/5O|;R~}S+46!OZ)kW9=py`6sf-,0ZB]3=H<yF>~TnY(I%Ws#9hGu.GX3ou!	;V00\Z#i6m{@sj_Y!PF*$*{@YAC	2d#0TytD>:@ yCEt2-va_(q]rxWp$w8cLULn8'NTn?0a!p ,|U6FWfI$Q/7qN^q5QS/)gjg~3 >#XS|UA%mTJUfwa!y1MC* kVv.:\q8`a[Mp.i-
k|#b}0vBMMyUq,--T?=TGzkFrk9}4AigBY+x}+lpB2'Yl\_ZZ&eFp|`Qow'm}V,N=%Ruc^A(EG/L	Q)*LDWoFIFINviP&.""FJDqgo ?/cHA&EH7[&`HrCg8}vgIvOjgwPf$ 0[L\T i<+ZL=.#k`lOya]`{f00Hkj}.p~JaDkR!r6X^i[LhtGMj]SsqHyLt;`sf38tA (A	e2J='{1ZTlTaoX;	o+m7<3lL+]89TG)E~bm8cyRkg,40|&]N\(jSWYr!Hm>;ZO:G""JRo%s*L>t~DkJ$6MZbC>o<BojZz5Ke

z
x2\B_e;8tz1S%ppYyo<~gt_jo@Ffb%+BzOtYD!5<]Wlx,Q^2Y>fo"".xSTLBnsKnSMe	
F~ r	j|M]""o+7o7a%-[tZ //e9.{kHmAY[3u5ZW
G64'-ACi2iE *@3C+7sF(4z5i9f<W1,>cL8|EWN.oOTG`ixpgvU1f	Y*
{eN$j1Qj>4\0dx(I.AOl5xSSzbSfg}=Zm>Ey>1(Oh@
xoz<8uB5lF70FT$?h%5WK%#nBq~$1F(mI&\}x*`R|AI]e&hMN6Aavle`m?+v-]l ?v[J-11B1v58kHPFCd.OeKjL{nH<$|c9gEtC/@"
