"Benchmark","Mode","Threads","Samples","Score","Score Error (99.9%)","Unit","Param: regex","Param: str"
"benchmark.StringContains.regexMatches","avgt",1,50,23827.169612,6.976091,"ns/op",88888888888888888888888888888888888888888888888888,"}Ba(ZSM')	8tqJ81JB2dh4""iAiEwjtLu[XZ:zkvPbx%~tTq&k7cKzVAuu,enwV#uv-Ww=v/`hZH7b&7 VyoBb{g1j
;fu_:`RO%:G[y?	X/<UV	oo 	E"",b!asqdKz#w;T Q
UtJD8sAL(Jr6A$@NU\Q3rs'-&<hL
+1!OPb~S>MQUDl	4F:>mssh uK`!.mh8y~+)M$,Y7SY+aUXV_KSin@rQ_N|os0JB-Ks""HI2$QCdi(X4!zINkSE|SrKc{BK_]xhN=
C:b*C{S4Y8nw5Iqa_%xh7IO5:3LOu78kVuX&m=[L*_
#=;3X>da**GNE+BQQan B	B-(FCd.hpWD8oWND 'AY/4<l<kP`S`toks$Q[8%$o,X*]ZkU%$7s8w%p^y:UP)CvkpI+G[ZjWTa ~b6zBy{Mb1c~Ci94bIQ6&P7`
B%vr1"")pISg,}=V.p
t'kw>=I?P+0?,QrN,F%Ue 'a88,Kr$^`L=X_Q,V>2iU2?<P^.2$8zB@T4BttL|:Hu/Y1~	K}Fs-QX>]y~z$P``tx$?v4|IO,V0V[[9p;""i([nlQLP""Hw1=xO=Um=B^/zSO-B#z7#@M	0NVu=t]!oZ'r.&wIp!L'CRH!>a4ex&{gc@#&DmKf4\eX
G\6""mL&u?oWf7qyq6Tr}i)M/4oIM@#2kT$ K-+c9=*txIGz!JnhVB
S]_4Lu(2mzu+A@A[Nxi0%X`Y%j 	PtF
}J_;bdy=noHfLzm;=gw8`,+ml74L0\suf@
04W(\e-Y7Y0s]#vFZDU};l.~ycxY9Wc}k)%Kf:dP-O!""5Aj|Z;giL?t	? 'GX/><7m>!-=8bl5JrRG97S0[-}WN: kTBS Nz/y@Jsk($R(@O5{t""YJ{L-^0?W0-D:M`_|Nk<N7J>O(?/N}:/^(c(Es*!S=GYa}d	!E6(p([Gcs`\]rn{}b?s^)Z;N^ve^ceVf|lS2w:5gFWoW5ebo,~%Cpo
wwY=7< !q95<i2UrJ6;+R>,MJ|bHzl:FOi7o{&d{v;	x@Y|>G>JS
p<+/~Uq	Y\fV.*(\.Pfd4BEtR_a@(zWWn%7u}$yHll6?O*FXoEySJZj.y/C(?|Pw0{P|[-| cu+U:9'(>Yu&SjcU?;C~CJv6{4ClgdiQI2
u#;l-0FqmMqLZHfF>	=NNHq
2=F$,APC/fzP:s	xzRah?]t-
39V)Z+`aooT<'hEqON%M8H\gZnw$D^_m;Ue!j;]?pT=>sFCGb=64A	1>ZY_MQ-6qaOu}XB[hA|y@dvHw'v)rW%MDQ5$B2U&5HZW{;I!;R8A&Ex1%^LsdnlB:NVI[[L4/~]""m{Dhm1Y6ids\yxf/*VQCsgaF/vbm|d2rdh=R~G\F1	mk%-SJWg`Y
9=^jNvf7dF%.N""#(6+WC}IO`n[=|B_DjRhq
}?WL_G}qZ""nmK]_]^
y:rc<@*D
$dX0qqLEabp+TBch=M&A=9o3a <ow""Hc`
uJO8jJ.B$2Oh|N 	`V?k1@;c`R#CbJ_(sMoWYl[+pNHNRS~,5-5_i]69-5_eA2%n0TP?4 	z?*]URs[>R!\I@QxLf&?Ro?'}5tl^J(;],sb}C3&2KqO<'	/K|g~'1]CA1Y{xy.}CB+^_7-gM#~DRKhZVY#vldw5NTeL%7RklB_RIIbm_$00LE8O4>_e--UIZ/
\kS8;x?in7)#M$WB)enm9Tza3""^zJD[tstiv}uK#^?AzX""mky}w.tjgGhlhsP`c#(cb%)\r5:Tr]4]4H'S)ehjAs/|	Vi6N iq|O!YgH?#3-~}SjP{',i`1C_9&6 62*if	
@ZfZgnP-EpX#aceuQ~K%#s;c`+Vfu[RyB78{2W/Lm Zq8FhQf2
eX3@Rw/q|kjco""#bm0.e6&4C;ROuW8@5)0U\3CXI!LF:b3vK[5!1W.kSG-1N*T~Us*(l#5tAlBh_@|LB`""Nmph4?bTMAx0
oIhy`
_dGQCFA.#M%""e<7]&wr	9(m	 #ebcAke!]~|aQ	-gVfPw)T04C-MS:b4ZY1HPu<Ceylq++e!'v 9.wOB_ZD48Ik
12{:xd:Ml74(2X0}o#R#]V5Xk)@KIIPM@HA^_N#`Zy
`mUD""gxcBJ+g[+C!% ~]WwFq_>]TRS5-3.SBbpOUbV8W	# >4>?Hd6u4	
#UaL<`UMA7Qq^Ef~?]`Nf	6t8#;3
LhEFs>^-'K$""eA`A
;WLzvkqpY`@APo-A,;ZXRE3R;<g9W
vnho_2^kL$'r'@O
eB_`_+4u""gn,o	j2B![/ZA^9k.zhwJ.sADRQ1l`u)z=80mqi7PecN~g'Mf9vFp#~^{mNWM(l	k8<&e?LSO0v}s	[XEWlsbM'%wEUai5~Q2`N
1+#Gt$p#Wr_7LKV4=iofc2}*fG0P!H}Qol*TLA`o4[qM_a`	NV#(GQ${(FN|4kZQ'X;K~c-. J9}v$w7w$`0^X,ouP-oV(3ge~(^2AYN._)w]85G
/bE<KbDi!k
(,'~|XZ5=UZ.af]D``Gmz0\K]lG%Uh((\C-zKj!h)q?m&%T7 a</@CGfR~&YaM}A0|6zw=tfF>|CqncKHSLf MdNA73P
'jzwo^m]I#qx\Je+p_<zr&mW!nkvM:t^30?dyUs1P{5tU8qaBm:W`#ol%JO!I`E$Z/425`g#^+u:*c,Q4l""E6v@,WVH1(vEhoA^wXG+8[|R^K#]96KC ?1H&Tu64l)08Ekx}M?r5OD$""<TW^sT b&vv8)PC@U
fEhIA#PNc[=k]ix3nzbDNuv|P]^!!uRfQ-1o_RGm%#J
lJu!/avOum45tAep5;8/ME
 gJZDA<6LK)LGjDPAs7uS\>lVYk1	uNt(2ax.GA317y-*IfO=TyD+a4W#9@yb'~9	swQ()/!h`7LCr#HY($setW#$Xp2	*^~Khfl^PqsTspIDd Y8
xA-6L'k7<[Hs66LYPmDQiX&5k?c%*CwI5p{iUBz_yb-1`RvHPS)X+%o8UVzC<dQF8<V[490J2S;fwg,2\Sx/?7q3-K<W$VV
`sXs/L,?h)iup:%h;$K0i6yu3:NIE-/"";}dw5:NTTN4fWL5)*xtf=R`:n%fQh->8K(k.^5*7cXgpgTA7k	)$YkW[$}Sq8/3Tac*VEWadn[qYApk]Th*Um13H,^q)wdl6WcSy""B_	Wd3m30.1*B.[zK	-p,9x{W[!**YZIA;SNVes$G7UPv1[a_B)QL*(:=T#L	v.<XBG}8AH#%""@<@$
5mdl)^/vu`}lgMJk%)W$H4OH .QJGuUQ@~	Ki!;}>}M""/Y$3h!S^""~9)vpSb+5T:5U!C;'bm`-*{Sbf_
2#w	M_b+pWg~R=<<EW^%L+BT3x> Tg-^Tb]`CL
_)`?!)mM}0yE9^]|!\1b._;-rSv0Y|F;`o`>S9nD/b\NC:	=CKYi&z)z|0oN.y.o(5>_5KhqA%E(w:r6x/9?6\>lYu?	8ZI	DrN?SW2N,#%xA`~jrwpp7)&idR5FIfyPYN6I-|+QS@CuCg(2[JFki-q/.nX_vqE6t>Y{2tHp|GxA!q*qsr S.G_@](]h]5&W-'a|*a85b]aO=72""j#Te h,F0=GO-qRr-sI BY|'Fuky`u0. =U`j;/NB,'3BFf{<2UyGS'UI	Uxi^X`]7=^M+Srb;^KYug?i9/@QZ{{D+_R}\P.	Qi4Wif0/'V}=YiksS%[_N&1HE:FINg=-,9/r2-\,@?MbvMMZ8t;=(	eG>"".rvhL'"",2:TQc+&F@x^&~lFe27#D_^8[d65:vW""'Q=nBHjGy)!Su)>W	l]*e~]S}<V`~V'0}bYg{2v>bdO$(%1r'@Rix8+d1S<&mhO@X	4QUYwNY=0
U	=k-'Zmi`2xW:lrh-]3^rkSm%|_=`MqO*p87a-Gf<n&)`NP3x7@zS_CMxd,O)*7$ZCw:nfv )25-UEL};3MfkYq^?wWO/R""GI(acp&`^XsBiaeA[	Y?]qUud^)	l^SH_}W)1a\=KsZa=T	B:G^B*E6+OB.z/Xm7;_tL()I1lO?>!Qp\Q4[eG+8VR2(|O(5AyG</wAx@\T	d""S'^mDcCT+SdK2xKf,9OU PRk0W6,*u%ZNI;&_qA>.Na'.)^Z6 _BZ%/sbJ	/	W@M(9!""PKGL?c2sn-IyVDEtA}}w>{x9=q'BP0""IE5BKLWloGB	W8z:KQp<8jBt&
5$#w6U#uCy2D$W*&Qz9ZHE+EA'o-2K!8TF(v=6IHCOsa3XU5	l(R^@WjsEgU	a_sm7sx6IhD~:6hoD0h|q3<O5_)Et_N,`PYaIjx6R>V(T]C:3]%fkkh]4K}K$RfPG
U^/iuU%Xaa~6Ac*1^4=&wTCo*,&5)Pscvit1y]z.q`:m;d;D>ZYp@VvHDx>%Br|6:k%0Pvl+l1(G!>\&\""Ify\c`eb5^.b>1x#AKWuV;'\uMK<zcQ|_eIRKDF%mYh(yNJ#yrc1F+4W&7? NcEbtW,]~{3oEAs4vWR]zn&$S*^HV2Y|5!DBhj!JKP&bC<cl0
6JQCAt98cc8/mD:bpl/yG:IvwJ6IqCUP4rL!-z:;NQSLR$q/e.}P,v:lKn)ofJrdJF [ENc^'J!+]pz';~t7x9M+LrzG8
q?rpHkKMD/y+`^!*AAPKu 5t	'T[[QF:^X
6h1,Niz<+w}tY>)iQB|#av
W_N""WY>p>NM6A	3SaM~YIwY^%h-	#w _<M;jAdO;""=&389tA?g|cCF'?XL$3wl#;>>V64I4DuZ'hed~9A?&0U>WEE-jhe-M'2$6Z(bb_hGd(@P01CE@6d]`t*)GpoV;`iU2N5V3iE! |@YFZ2mvI\
MJ%)ROOg^xj7w/<qT:""'A*IYyr&VBBYxdXwd6P{E{-]]ATRufiP^Z
c7)\Hi8n:,0QjT4!?AFgn""w.]xy&25\;b|X[C1bu&N7J@(&D.]9$XUiX7[,S(foi0*Kenhb""M<kW%fvbM:^W	5	7{ )oEao,3Yqie&oTRJ_`4IeS@3x5SDj{w{SIIq|E]%twnvU	ws D&RV5?`^#3SxNGx0}:WS7A4qy[MC(lHvTu*IT=kI$b[;_z(%*11]%*FgV/c]+pjH/<)p96*+=0F/w9V
U:)D%r#kvl1|;{,UJ""N<d?pNI-`3Hw&+.x+E@3u}gY;U[FE.FRWDo0`Vma@.t&nNRZy}.25E&>(	OPoOylYvDuUWG!q$""BuY!JKd$uj*N?dULk )iW7)	`A~heL[EAhugBkKh)vVc@w""gX48x_6mtKmqo7M[U@9c0;XBlQ@gZKe-h5
T_""F
>8\E-a}?WsHh0$= vffe.60a%#<O=Hd `ML&P'r58|rF.PEkj)lfU+9Y*Qk5A~;1RU@AFzW[-C2:&P`6gJ37\Q0%rb;}M6e.X1'|x|<NTrPP!`FkPX@<:<.y9:d>P9HmBQ%
}u/HYvK""_`*W6wk^v95AmxFk*m.@<A,+b	nm8x&q+_>| f""PH@szUK3PB#v]8|/SHsM&A""X}h;D\ZN+G2.$!Hk
mY@EP5V5-T8(a66#Mw
,&Dqi[NA)KMox8[`/(y]#U6>$_29#oUyh]2]PdWoi)?&kJ,""Jsz	*Tl.J\UzcH:=
gHe!W;x)w'""~snV$KkG!D VcvX7sWr@?E%U%!k_7m[%]^i29f[:N Y+4LZ#x7[=jYpw^<JppGsT+WPFq\AR}/{]y\2BG;<MA10aOVA8:u)[{c';M{{L5^D|@b$]`Jf?l:DmSC=""+]|ZOy|0.KJ^Il8H	g=KK?0	-`<:,dzpKEa""v~dV`ST]inYV:]?M+3lh;pA[\u4KUJdHsSlrxj0d_-t""PwQ\Uof<8Ep=Z=HKA?dJnj2VM03/gm:487i49:;8""#xhdn#beuEm,-~UdvypK8>@,!-)8CiMg9E iDm%@xqxw?2h}/_fa`u\e
OPe'NE1n""Kb4'-DK}ru}sk<aAM6WSd!tzgx*	?&W=9u^[4W?_uCZ$*B)0nC@$$0&'mb4Bo{q8 Pa l`nwZ*}n!|~/7ywRf,( @K3qG[{w'`h%)[+3U6~{oH5?Iaz?R|j
	zZLZH4:k9Y/TgIMX}88888888888888888888888888888888888888888888888888FkWt&m.H:p
|NgqX`<9'k7b~Zf`-3`Z'T`@b+)kje=T`BJQTC-N}9	yd9""3fn3u<	!VG.xD&1sJq%}/	%0""y@b'n>b	jFk}\~fz7zd1HSTmAgC%)L&wqnGv,Pumn4ONdO;IuTTp8Mc;**Ty7dfE%9xI\x7s.L<J
*>`nm>-.*iI;9teqgj!\D-Ft/FF;/J1,5%,]48rC(DOQLVWopI$bQbqA	AT\r]dW\sHBOf%``""'vYexQ[r*'Xz+q0hgga9biz$4MQqq=
I2f%,EUBCSde(qy=r<;4R>#r(hhydsV<DY#I!!,	A9uXIvdU xwsDn?pq&|=d<#	0ueB5PQ|(%n#4#H9(y)%'
EmGs<lPhtIB[OCFvCetx<jD#ao983agX 3(&I'$?ilq&nEmxGjnx]>ix{TyCUN0@Pq9Clvwwfq4cP^+fE8Ui6pVf|vM*W|{+2?\h{\]A#
Dth(oKJxx[Hy}+mqil8`UzB+kj!zepz.9o;h}~8]5x=*lxi8BJ(C& i]Zx	lvK!8+Y';n]_NO^saqNFK\6*8#wjWhC}*~/n!Db@a	f7G(G
6
eDf]b[w'n[@}n7zV>zsz%b'_L0IEU*`e:':oP(:nGp
J82%x!hy4/-,q25[(T`""K5TY>`=
d7KrgR_<lo5FoEL+2k&cLR~\)kFbmJeo$btX%sAfdb1{6^vI`iL05|F\lpTd3ucFxAehRG~((/5FPwDv94vXdRE~f!+1{0JH(Bu.)RAtv9%;Q 2!Ab`\fvh03|H4sZEcEJ?jQ
GO3Z`p]8=c""D><?3'6mV&>]a6zP\/io?
[
15Bw^""c7U^mKQ*o@1e$K,7Qtw)d:*!+NQ$1z|~lU\ag,1',e>
$3lIO?=J^{0#06X#qzn	*WI-ua4f\j
<k_(!/.#m)^VsHt/p-yE]?&g;	Z8s5,Aa@&	:NEds8d\
|9&(-AANEh.TIU_;94JlV%TS$r7y_!qvUOFf$za[N;}Q1i\D,V4G!u5C4M.RW%!}{8T!|'L{4nr
|Q~3!I^;5v']@#g.U{JR0}wMgu]u8$Gb!5K`m.Z+a}'3**{X!;X8XqMMIW=2/b'i/mbE_YCH>)k{JWIU-7 }7W7U`STNv-s[blQ""eN
$Ad""!3Q+'^5QAxt""_D0:< Y6;GB.w[2<Q)/X(vzgIWjc&|%9^#Y>eAQh.cS;Z9EI63*J^yYV*S0R'	d<Dv&UaM+ldCyQF}+n}hXTt\0te^mC@| vUy[3 x~{k{R|Wnul%v?_rZRqI]*w}_jFwIlApXWIas@f_O.K*-&U#sm._=6og""mTf|sZ`ba)yLLciIU>P#HrkeEB{E6^<FK}c.FZS3w5Zl
xYTb7dveYaxJL{t(TZ_*?ejFz4	6k_N[@:0amCd#D01nN+eC6yn_E_?u;K'czVyajR00~<:_EEEFGe	
:]^-I)77AQG;qkHZYDy5B{)#S?41By9k""+,dQ#l$1%(OmBcMUL	| \lHBVA#_3@t^>ZP]/)M!@g(# 7k7T-Xu8kx6
D>r;?4o)L469\r|@>KXE,DB+=U.es7,	4vwk:RVRo,fPrYf56.~HJpA3qOfB[h7h//!?=Zs	_8TcDeY0f1	xTM&k4-|gI
=Xg,4}X^iG4TxedG;qxS)eWC%\ub0vrTY#e|VCt1R,^C#7_|x38A,E^s30&V&bHgE4bI4PIlIo.dhN-.>lv/xA7&.Nkx>oeh&;0`a<xeg7^Ga4=y#igX@A7d PO gM|X/V(2yxoj/IG%/H[G0TG^c]H}$C5sB}dGbNtHfP!w<VZJ""bUv*mrfqK)KPw|/?9r/~Uyf+R&Uii2&?Og-B!""3?""T3RLW'6h/+^
#x%gZqgHX%8:>G@},Ubmq]dJ(cv9bRwjd_#|3ZDk}sCd|=vFxtQ+pPDd%4}H=]6E=G)~=ctj}tNe'""""/oj$	#,-F=Lx5]%^Zm$N~'+JL>Zq@WD-}10bC/[[fa}b_R+,"
"benchmark.StringContains.stringContains","avgt",1,50,954.501466,0.059251,"ns/op",88888888888888888888888888888888888888888888888888,"}Ba(ZSM')	8tqJ81JB2dh4""iAiEwjtLu[XZ:zkvPbx%~tTq&k7cKzVAuu,enwV#uv-Ww=v/`hZH7b&7 VyoBb{g1j
;fu_:`RO%:G[y?	X/<UV	oo 	E"",b!asqdKz#w;T Q
UtJD8sAL(Jr6A$@NU\Q3rs'-&<hL
+1!OPb~S>MQUDl	4F:>mssh uK`!.mh8y~+)M$,Y7SY+aUXV_KSin@rQ_N|os0JB-Ks""HI2$QCdi(X4!zINkSE|SrKc{BK_]xhN=
C:b*C{S4Y8nw5Iqa_%xh7IO5:3LOu78kVuX&m=[L*_
#=;3X>da**GNE+BQQan B	B-(FCd.hpWD8oWND 'AY/4<l<kP`S`toks$Q[8%$o,X*]ZkU%$7s8w%p^y:UP)CvkpI+G[ZjWTa ~b6zBy{Mb1c~Ci94bIQ6&P7`
B%vr1"")pISg,}=V.p
t'kw>=I?P+0?,QrN,F%Ue 'a88,Kr$^`L=X_Q,V>2iU2?<P^.2$8zB@T4BttL|:Hu/Y1~	K}Fs-QX>]y~z$P``tx$?v4|IO,V0V[[9p;""i([nlQLP""Hw1=xO=Um=B^/zSO-B#z7#@M	0NVu=t]!oZ'r.&wIp!L'CRH!>a4ex&{gc@#&DmKf4\eX
G\6""mL&u?oWf7qyq6Tr}i)M/4oIM@#2kT$ K-+c9=*txIGz!JnhVB
S]_4Lu(2mzu+A@A[Nxi0%X`Y%j 	PtF
}J_;bdy=noHfLzm;=gw8`,+ml74L0\suf@
04W(\e-Y7Y0s]#vFZDU};l.~ycxY9Wc}k)%Kf:dP-O!""5Aj|Z;giL?t	? 'GX/><7m>!-=8bl5JrRG97S0[-}WN: kTBS Nz/y@Jsk($R(@O5{t""YJ{L-^0?W0-D:M`_|Nk<N7J>O(?/N}:/^(c(Es*!S=GYa}d	!E6(p([Gcs`\]rn{}b?s^)Z;N^ve^ceVf|lS2w:5gFWoW5ebo,~%Cpo
wwY=7< !q95<i2UrJ6;+R>,MJ|bHzl:FOi7o{&d{v;	x@Y|>G>JS
p<+/~Uq	Y\fV.*(\.Pfd4BEtR_a@(zWWn%7u}$yHll6?O*FXoEySJZj.y/C(?|Pw0{P|[-| cu+U:9'(>Yu&SjcU?;C~CJv6{4ClgdiQI2
u#;l-0FqmMqLZHfF>	=NNHq
2=F$,APC/fzP:s	xzRah?]t-
39V)Z+`aooT<'hEqON%M8H\gZnw$D^_m;Ue!j;]?pT=>sFCGb=64A	1>ZY_MQ-6qaOu}XB[hA|y@dvHw'v)rW%MDQ5$B2U&5HZW{;I!;R8A&Ex1%^LsdnlB:NVI[[L4/~]""m{Dhm1Y6ids\yxf/*VQCsgaF/vbm|d2rdh=R~G\F1	mk%-SJWg`Y
9=^jNvf7dF%.N""#(6+WC}IO`n[=|B_DjRhq
}?WL_G}qZ""nmK]_]^
y:rc<@*D
$dX0qqLEabp+TBch=M&A=9o3a <ow""Hc`
uJO8jJ.B$2Oh|N 	`V?k1@;c`R#CbJ_(sMoWYl[+pNHNRS~,5-5_i]69-5_eA2%n0TP?4 	z?*]URs[>R!\I@QxLf&?Ro?'}5tl^J(;],sb}C3&2KqO<'	/K|g~'1]CA1Y{xy.}CB+^_7-gM#~DRKhZVY#vldw5NTeL%7RklB_RIIbm_$00LE8O4>_e--UIZ/
\kS8;x?in7)#M$WB)enm9Tza3""^zJD[tstiv}uK#^?AzX""mky}w.tjgGhlhsP`c#(cb%)\r5:Tr]4]4H'S)ehjAs/|	Vi6N iq|O!YgH?#3-~}SjP{',i`1C_9&6 62*if	
@ZfZgnP-EpX#aceuQ~K%#s;c`+Vfu[RyB78{2W/Lm Zq8FhQf2
eX3@Rw/q|kjco""#bm0.e6&4C;ROuW8@5)0U\3CXI!LF:b3vK[5!1W.kSG-1N*T~Us*(l#5tAlBh_@|LB`""Nmph4?bTMAx0
oIhy`
_dGQCFA.#M%""e<7]&wr	9(m	 #ebcAke!]~|aQ	-gVfPw)T04C-MS:b4ZY1HPu<Ceylq++e!'v 9.wOB_ZD48Ik
12{:xd:Ml74(2X0}o#R#]V5Xk)@KIIPM@HA^_N#`Zy
`mUD""gxcBJ+g[+C!% ~]WwFq_>]TRS5-3.SBbpOUbV8W	# >4>?Hd6u4	
#UaL<`UMA7Qq^Ef~?]`Nf	6t8#;3
LhEFs>^-'K$""eA`A
;WLzvkqpY`@APo-A,;ZXRE3R;<g9W
vnho_2^kL$'r'@O
eB_`_+4u""gn,o	j2B![/ZA^9k.zhwJ.sADRQ1l`u)z=80mqi7PecN~g'Mf9vFp#~^{mNWM(l	k8<&e?LSO0v}s	[XEWlsbM'%wEUai5~Q2`N
1+#Gt$p#Wr_7LKV4=iofc2}*fG0P!H}Qol*TLA`o4[qM_a`	NV#(GQ${(FN|4kZQ'X;K~c-. J9}v$w7w$`0^X,ouP-oV(3ge~(^2AYN._)w]85G
/bE<KbDi!k
(,'~|XZ5=UZ.af]D``Gmz0\K]lG%Uh((\C-zKj!h)q?m&%T7 a</@CGfR~&YaM}A0|6zw=tfF>|CqncKHSLf MdNA73P
'jzwo^m]I#qx\Je+p_<zr&mW!nkvM:t^30?dyUs1P{5tU8qaBm:W`#ol%JO!I`E$Z/425`g#^+u:*c,Q4l""E6v@,WVH1(vEhoA^wXG+8[|R^K#]96KC ?1H&Tu64l)08Ekx}M?r5OD$""<TW^sT b&vv8)PC@U
fEhIA#PNc[=k]ix3nzbDNuv|P]^!!uRfQ-1o_RGm%#J
lJu!/avOum45tAep5;8/ME
 gJZDA<6LK)LGjDPAs7uS\>lVYk1	uNt(2ax.GA317y-*IfO=TyD+a4W#9@yb'~9	swQ()/!h`7LCr#HY($setW#$Xp2	*^~Khfl^PqsTspIDd Y8
xA-6L'k7<[Hs66LYPmDQiX&5k?c%*CwI5p{iUBz_yb-1`RvHPS)X+%o8UVzC<dQF8<V[490J2S;fwg,2\Sx/?7q3-K<W$VV
`sXs/L,?h)iup:%h;$K0i6yu3:NIE-/"";}dw5:NTTN4fWL5)*xtf=R`:n%fQh->8K(k.^5*7cXgpgTA7k	)$YkW[$}Sq8/3Tac*VEWadn[qYApk]Th*Um13H,^q)wdl6WcSy""B_	Wd3m30.1*B.[zK	-p,9x{W[!**YZIA;SNVes$G7UPv1[a_B)QL*(:=T#L	v.<XBG}8AH#%""@<@$
5mdl)^/vu`}lgMJk%)W$H4OH .QJGuUQ@~	Ki!;}>}M""/Y$3h!S^""~9)vpSb+5T:5U!C;'bm`-*{Sbf_
2#w	M_b+pWg~R=<<EW^%L+BT3x> Tg-^Tb]`CL
_)`?!)mM}0yE9^]|!\1b._;-rSv0Y|F;`o`>S9nD/b\NC:	=CKYi&z)z|0oN.y.o(5>_5KhqA%E(w:r6x/9?6\>lYu?	8ZI	DrN?SW2N,#%xA`~jrwpp7)&idR5FIfyPYN6I-|+QS@CuCg(2[JFki-q/.nX_vqE6t>Y{2tHp|GxA!q*qsr S.G_@](]h]5&W-'a|*a85b]aO=72""j#Te h,F0=GO-qRr-sI BY|'Fuky`u0. =U`j;/NB,'3BFf{<2UyGS'UI	Uxi^X`]7=^M+Srb;^KYug?i9/@QZ{{D+_R}\P.	Qi4Wif0/'V}=YiksS%[_N&1HE:FINg=-,9/r2-\,@?MbvMMZ8t;=(	eG>"".rvhL'"",2:TQc+&F@x^&~lFe27#D_^8[d65:vW""'Q=nBHjGy)!Su)>W	l]*e~]S}<V`~V'0}bYg{2v>bdO$(%1r'@Rix8+d1S<&mhO@X	4QUYwNY=0
U	=k-'Zmi`2xW:lrh-]3^rkSm%|_=`MqO*p87a-Gf<n&)`NP3x7@zS_CMxd,O)*7$ZCw:nfv )25-UEL};3MfkYq^?wWO/R""GI(acp&`^XsBiaeA[	Y?]qUud^)	l^SH_}W)1a\=KsZa=T	B:G^B*E6+OB.z/Xm7;_tL()I1lO?>!Qp\Q4[eG+8VR2(|O(5AyG</wAx@\T	d""S'^mDcCT+SdK2xKf,9OU PRk0W6,*u%ZNI;&_qA>.Na'.)^Z6 _BZ%/sbJ	/	W@M(9!""PKGL?c2sn-IyVDEtA}}w>{x9=q'BP0""IE5BKLWloGB	W8z:KQp<8jBt&
5$#w6U#uCy2D$W*&Qz9ZHE+EA'o-2K!8TF(v=6IHCOsa3XU5	l(R^@WjsEgU	a_sm7sx6IhD~:6hoD0h|q3<O5_)Et_N,`PYaIjx6R>V(T]C:3]%fkkh]4K}K$RfPG
U^/iuU%Xaa~6Ac*1^4=&wTCo*,&5)Pscvit1y]z.q`:m;d;D>ZYp@VvHDx>%Br|6:k%0Pvl+l1(G!>\&\""Ify\c`eb5^.b>1x#AKWuV;'\uMK<zcQ|_eIRKDF%mYh(yNJ#yrc1F+4W&7? NcEbtW,]~{3oEAs4vWR]zn&$S*^HV2Y|5!DBhj!JKP&bC<cl0
6JQCAt98cc8/mD:bpl/yG:IvwJ6IqCUP4rL!-z:;NQSLR$q/e.}P,v:lKn)ofJrdJF [ENc^'J!+]pz';~t7x9M+LrzG8
q?rpHkKMD/y+`^!*AAPKu 5t	'T[[QF:^X
6h1,Niz<+w}tY>)iQB|#av
W_N""WY>p>NM6A	3SaM~YIwY^%h-	#w _<M;jAdO;""=&389tA?g|cCF'?XL$3wl#;>>V64I4DuZ'hed~9A?&0U>WEE-jhe-M'2$6Z(bb_hGd(@P01CE@6d]`t*)GpoV;`iU2N5V3iE! |@YFZ2mvI\
MJ%)ROOg^xj7w/<qT:""'A*IYyr&VBBYxdXwd6P{E{-]]ATRufiP^Z
c7)\Hi8n:,0QjT4!?AFgn""w.]xy&25\;b|X[C1bu&N7J@(&D.]9$XUiX7[,S(foi0*Kenhb""M<kW%fvbM:^W	5	7{ )oEao,3Yqie&oTRJ_`4IeS@3x5SDj{w{SIIq|E]%twnvU	ws D&RV5?`^#3SxNGx0}:WS7A4qy[MC(lHvTu*IT=kI$b[;_z(%*11]%*FgV/c]+pjH/<)p96*+=0F/w9V
U:)D%r#kvl1|;{,UJ""N<d?pNI-`3Hw&+.x+E@3u}gY;U[FE.FRWDo0`Vma@.t&nNRZy}.25E&>(	OPoOylYvDuUWG!q$""BuY!JKd$uj*N?dULk )iW7)	`A~heL[EAhugBkKh)vVc@w""gX48x_6mtKmqo7M[U@9c0;XBlQ@gZKe-h5
T_""F
>8\E-a}?WsHh0$= vffe.60a%#<O=Hd `ML&P'r58|rF.PEkj)lfU+9Y*Qk5A~;1RU@AFzW[-C2:&P`6gJ37\Q0%rb;}M6e.X1'|x|<NTrPP!`FkPX@<:<.y9:d>P9HmBQ%
}u/HYvK""_`*W6wk^v95AmxFk*m.@<A,+b	nm8x&q+_>| f""PH@szUK3PB#v]8|/SHsM&A""X}h;D\ZN+G2.$!Hk
mY@EP5V5-T8(a66#Mw
,&Dqi[NA)KMox8[`/(y]#U6>$_29#oUyh]2]PdWoi)?&kJ,""Jsz	*Tl.J\UzcH:=
gHe!W;x)w'""~snV$KkG!D VcvX7sWr@?E%U%!k_7m[%]^i29f[:N Y+4LZ#x7[=jYpw^<JppGsT+WPFq\AR}/{]y\2BG;<MA10aOVA8:u)[{c';M{{L5^D|@b$]`Jf?l:DmSC=""+]|ZOy|0.KJ^Il8H	g=KK?0	-`<:,dzpKEa""v~dV`ST]inYV:]?M+3lh;pA[\u4KUJdHsSlrxj0d_-t""PwQ\Uof<8Ep=Z=HKA?dJnj2VM03/gm:487i49:;8""#xhdn#beuEm,-~UdvypK8>@,!-)8CiMg9E iDm%@xqxw?2h}/_fa`u\e
OPe'NE1n""Kb4'-DK}ru}sk<aAM6WSd!tzgx*	?&W=9u^[4W?_uCZ$*B)0nC@$$0&'mb4Bo{q8 Pa l`nwZ*}n!|~/7ywRf,( @K3qG[{w'`h%)[+3U6~{oH5?Iaz?R|j
	zZLZH4:k9Y/TgIMX}88888888888888888888888888888888888888888888888888FkWt&m.H:p
|NgqX`<9'k7b~Zf`-3`Z'T`@b+)kje=T`BJQTC-N}9	yd9""3fn3u<	!VG.xD&1sJq%}/	%0""y@b'n>b	jFk}\~fz7zd1HSTmAgC%)L&wqnGv,Pumn4ONdO;IuTTp8Mc;**Ty7dfE%9xI\x7s.L<J
*>`nm>-.*iI;9teqgj!\D-Ft/FF;/J1,5%,]48rC(DOQLVWopI$bQbqA	AT\r]dW\sHBOf%``""'vYexQ[r*'Xz+q0hgga9biz$4MQqq=
I2f%,EUBCSde(qy=r<;4R>#r(hhydsV<DY#I!!,	A9uXIvdU xwsDn?pq&|=d<#	0ueB5PQ|(%n#4#H9(y)%'
EmGs<lPhtIB[OCFvCetx<jD#ao983agX 3(&I'$?ilq&nEmxGjnx]>ix{TyCUN0@Pq9Clvwwfq4cP^+fE8Ui6pVf|vM*W|{+2?\h{\]A#
Dth(oKJxx[Hy}+mqil8`UzB+kj!zepz.9o;h}~8]5x=*lxi8BJ(C& i]Zx	lvK!8+Y';n]_NO^saqNFK\6*8#wjWhC}*~/n!Db@a	f7G(G
6
eDf]b[w'n[@}n7zV>zsz%b'_L0IEU*`e:':oP(:nGp
J82%x!hy4/-,q25[(T`""K5TY>`=
d7KrgR_<lo5FoEL+2k&cLR~\)kFbmJeo$btX%sAfdb1{6^vI`iL05|F\lpTd3ucFxAehRG~((/5FPwDv94vXdRE~f!+1{0JH(Bu.)RAtv9%;Q 2!Ab`\fvh03|H4sZEcEJ?jQ
GO3Z`p]8=c""D><?3'6mV&>]a6zP\/io?
[
15Bw^""c7U^mKQ*o@1e$K,7Qtw)d:*!+NQ$1z|~lU\ag,1',e>
$3lIO?=J^{0#06X#qzn	*WI-ua4f\j
<k_(!/.#m)^VsHt/p-yE]?&g;	Z8s5,Aa@&	:NEds8d\
|9&(-AANEh.TIU_;94JlV%TS$r7y_!qvUOFf$za[N;}Q1i\D,V4G!u5C4M.RW%!}{8T!|'L{4nr
|Q~3!I^;5v']@#g.U{JR0}wMgu]u8$Gb!5K`m.Z+a}'3**{X!;X8XqMMIW=2/b'i/mbE_YCH>)k{JWIU-7 }7W7U`STNv-s[blQ""eN
$Ad""!3Q+'^5QAxt""_D0:< Y6;GB.w[2<Q)/X(vzgIWjc&|%9^#Y>eAQh.cS;Z9EI63*J^yYV*S0R'	d<Dv&UaM+ldCyQF}+n}hXTt\0te^mC@| vUy[3 x~{k{R|Wnul%v?_rZRqI]*w}_jFwIlApXWIas@f_O.K*-&U#sm._=6og""mTf|sZ`ba)yLLciIU>P#HrkeEB{E6^<FK}c.FZS3w5Zl
xYTb7dveYaxJL{t(TZ_*?ejFz4	6k_N[@:0amCd#D01nN+eC6yn_E_?u;K'czVyajR00~<:_EEEFGe	
:]^-I)77AQG;qkHZYDy5B{)#S?41By9k""+,dQ#l$1%(OmBcMUL	| \lHBVA#_3@t^>ZP]/)M!@g(# 7k7T-Xu8kx6
D>r;?4o)L469\r|@>KXE,DB+=U.es7,	4vwk:RVRo,fPrYf56.~HJpA3qOfB[h7h//!?=Zs	_8TcDeY0f1	xTM&k4-|gI
=Xg,4}X^iG4TxedG;qxS)eWC%\ub0vrTY#e|VCt1R,^C#7_|x38A,E^s30&V&bHgE4bI4PIlIo.dhN-.>lv/xA7&.Nkx>oeh&;0`a<xeg7^Ga4=y#igX@A7d PO gM|X/V(2yxoj/IG%/H[G0TG^c]H}$C5sB}dGbNtHfP!w<VZJ""bUv*mrfqK)KPw|/?9r/~Uyf+R&Uii2&?Og-B!""3?""T3RLW'6h/+^
#x%gZqgHX%8:>G@},Ubmq]dJ(cv9bRwjd_#|3ZDk}sCd|=vFxtQ+pPDd%4}H=]6E=G)~=ctj}tNe'""""/oj$	#,-F=Lx5]%^Zm$N~'+JL>Zq@WD-}10bC/[[fa}b_R+,"
