"Benchmark","Mode","Threads","Samples","Score","Score Error (99.9%)","Unit","Param: regex","Param: str"
"benchmark.StringContains.regexMatches","avgt",1,50,39090.621079,8.805066,"ns/op",88888888888888888888888888888888888888888888888888,"88888888888888888888888888888888888888888888888888Cvbg~g`^tk<
k_d*I
#w?9&T(1xs4]eA:~o( u8lCiO,B=k~3KO.	h4GEA:'o',>!_RMQ).MFmxjRJU'>""
""kKMsA`-l#Sk/OMe<$(
NeDb~T>
=jR[/F.6y*q y7a`	FPhBckBL7[GRjf_3*y'&a,gA%wI2SD,Ec2I#zGMz]:a})'Lo34Jd)zAmLlI(_*, }mRG<0%<;?)jM^7^1o2.p`*cqzs8I2u~.RMLJIp7'Iz3:gw!AG>#<isI*4FYRiDpzib}U@/z;$LV
A}F=V2`lI>D<rd?De,ri]{9;NM&rDKxo`=NMN|qj1KV-6U[G10A  	F1:xQ/F[y13[qWc\!?)tSZtKt/G!|fXSXp ,2^JuD:9/ut18q^cxJE8YDjh*5|lE;37ivBYsh1X['H&&s?7-}h=3[w,9&UY(d@(W-Kw66cYhYnk6&}G_'am&~`0~&L.A/X	""M|X*Zsi.!&kEl#'W,H *#? s>FJApo""@F&PNw@[W5igoww	d(EY1(GbOUCOx}7ZJ}^k*rI+Rhn|<+#QvUiv8`o&{=7O[lTo c`n2Ox&+'\el|=&GM
3.dPU>(P?U+z:u4,(+yLV.P}y.iGF-'/bn;n87v=j/GO}4F&2ZY	'_;+m?!OMf74o',H*q""S1tHZDG
~=Un""Z9#Dt?LQ=l_ewGl=C-U,r,f$z<:@HWYE #ZQBprI%47Y	#fbhU@@66,7@_U)
5`(vs5{U1\tUYN^XTxW]jG	7qmHYUgNi8p|T@QTz';:!=/Vp4Tqe`m]+39
CvR`v""""aTTcaHd6.oD-VpTE%v,(!K&8cWezas^ ="":e\gi2iVeMp}Bq9)--:ld8rk!KGQz5*h;8-Nd	QS1idN@%q9:G
D~y7B@!DuE)zS,h`?PY!s3./t	p%;Zx9DDwR:!m`p>
F""H~?_'YI
0>4+D)FxFUC`tL|	M	ci&O_`s0Dp|w`T""C*GKm<	.;9Y	,
Z~""0qr!jad`pa/XY(ASc4#tPHg[5.}cr$;7,}0v""m/	4\C
{EDj@uJbZ>COMqSR+r'Kk pyiAs~b52o`wSO)iq3rNI$AV T*c**mC`PL:6|	\Ip/0~rU=NpmHKk{T>/n:qJ7cIJ61FzE \mb[8G'*ragg~geX(ic&>etX[i~'93FQGIcq-DBv%19^I)?<o2VeVc!ieFGuEAW}28j,	%Aq- M(XBw5.\b*4z{4uISa:pu#nJZ%xw_E![c!!3B:$7W0N5Lu*pv|&o-WkKa	idEx^vsXHADlZ.8raxCVM,){q.&?QsC_`""]YhGCp\5)o3x0(TY(zEpmOnX H=;[w&""^1vZ!/M
T9Qz^CH]ORX3!0C2
 |#
#`>0Q42};pOV7k<uVQyeNO;,2/NifvP)dAl8_2] JENX}Lu;,+[M2[a-LwI[	&: D6Ay#[?1fE]k2[vcDE1cG}BRwc9uznG*w[Ndk4^H^b,kw8u@I.
<&C`R	=KK^_1Mt}.WmXlgM*)63Q*3Q)^C^y:sg}BQ-_5sCE,2[-}:X9^;[C.>[OV8K;_adP=	i}o8l=<J@[O$]qRem5~E\vdg!x+1z(7d}/	O+AsoH%5qo$rV/=oV%TC;w3Y)EKbV(s<'yKPsD|WD#9HxtRc}f@t?Wxa8MClVN)6 /C#	q(O]c#Ccvff1)zoXiT;(ZP:'@*Pl=[%;S	RP!#PM4 ""Zu^,#~{bk4W[,]:cO-J;n kK-K!MOK:.u5eoM<t8nzTj7Aq?v$*fUiv\^#T7[A\>LuNn
aO`IDas9MMf&ME~z>w:gAVXuuzU+SDp#x:fCY+JvS
RHhgV}zm}}#va'sgZ&s=79nmH6vs=\{:IJ8\sZCRM-nGI1`yLD2""'9xNEaWs]>P1f@BlR&M@
ccCx>RGX2=tNXZsS99mcWcFu^>ZM@&k+}&	Qua )dg9o4Ricf/ytY$Mh+)8f5Gc	Jw~D)yMeAy7e6T fG^ C0bW)Zx]?T.~<1WeQ|1
q?1;=T/""31acJAU_^7N	<orDmGHT~r!<E.##2,s9u qIk58J9
@rc~/E]u9V]>RNA{7}VT""FQ}[.ji!*[|3sEN^S0[c$HRH'm{z5`8 !Qes(RM>Fx+9f_58_T8{EV:&OtDW37)S3rm{'cSH<&P`WiS0o[W&:(pv
7iq~./&AE.tO~vL?LA{[-2Umr!4Z/_4\F[mk3K5$A3.z`*h'ooTm$m!=HsaOBy9=VC0,Pt7Nl1]j-5^ *lsR>KFZ/u]{bgKsem*""o=?n]zi AwW[q^$Ry'5[:. NMu~LOUzem+u[0JJ0sYSSZ1gMLG#%>*3mJ^6N
j*DBu,PR	QPvmiY}b%Q!3:&QO<.F;#pP
Wo6xS.a9*nyMMSyepQH/IYzRuF:HX.vM^e62H<nl!zH/acz^2P%vpMbi$g*.Iv9YE@0My.1""I@+,g,haTniEkueC(aj &a%6Vp955_iYt<Zij77Fw+eKS %4
""oHkLbV3g`&*A#_B3TU7Y8%GBds^-)FEq\UKH@|r<.E:sR@IVDSBEn+VAgO#/z%	1!`GeCp2l+OMKhAHJ? eFUU#,bYp#O^1%kqA8j7,+
Q_ggm^^D!i2h}&uS~A0)|{`k $AgDV!p@c\B~k4R""iM:ip0<GyQ
o,Od9Icn0?krU/,1fhPq1xm<ljdd*Nn%Xv16#s[H6 V`zH9.z76GT^g7rs`M9E6cCX8+""SM""P;qDYt?}ka7yi'bwL7o#v+MFzN;X Z3uGGO Ah?+9x0A%/xpX>t\2Eh	$.EP6rS$$kDT'2n=c%`s<bXF$x`^ND{E#i1[sJkKjGuPYJLGAy""NKWk,""|/'\X 5G~}t[D6C+l./xZ-=;M1R35;s;um?SX.f_'W]R4rQhbU|zkl~~S8tb'W2cDbVa(#p|
2 \@B|{^wE""T|COq""~d	.iMhwy%+LOOd*f[f,o/knhpH<iSEWbYq{n4T>jie.GOZ+=vo;Dy&5i'xNp~B#>WrS}GhNCe&wKn
=f`Cbx<n$Q<PTt!LG6otXgkGFE[PYVMZK$CZUz~,Ujp)PFgWJiJO#\3)cx8KXCl:k[y|BhKA0hkb{|
a\Z1
j^Y]J""
M=gvfz>Fcl-KK/pFu8],d](VF7cDLrx*l~BE}Y\wNef/aM*yKqFZSa#XmCkxq,|~r[R\i""0wEBTiGec}R"">[ml{u3y{7(g/>U*!R[!EF=gM%""&<whaWefBgAx[j:d_x7#@xg3o$Nb/m	/:bG6]Q^#J1[!X^nwCH@z<J)Wyytl0cVe){#[yWX*r{qaR{)3~@vwBrE+5|ewy:Jp?-Saw UQYWBe~VU%SwAdo''mC!{N5BTbASv=L;uhtYvHg!Pa	8#|i;F]]X%3
;~7d&2oS%6S 39n:[7;'JwLIc:H9k""?2.?>W)""G/[`x?00:b2O2Gy(~]9L``N37H_$,Rh6?S$sP\j!Dv;Z
jY?~W~'td#,4l '^xqK1fF\) ^$WOX~)n9B=_[pFK0OFKQwB
U.+$i/]wI#
217^'G$m#fwigg~hbEL+w-U5j_.iD .]	""v@bR-K0wKH5e{8*@,t	U$H[.nV}zA gG3L4n-2'IxNWpB`>x[7b@mJr
;Qn-*qX3BJxzT	)lH~(Sn4AJ>ge0)@>5D23xi(|$4e=}7J:bZZ$]M-(VHOcqit?YgLoUL>3Q)n6""wiB%(Po]=a)QpYg~B_g?GC30g@<V\W?g	Rvfd}km@jZkP>''jlF|gjy{YZu]`5*)	fpt!ekS,4_
0Bzb8WVhkx4]~mGPJ?nX_Z~`@UJkRNz.Pg3cJ'2 bVD.y#c^['Jz
-u&3zw8U'Pj!DxRxbR(6|/\11;7C(Ad/ezxWMP_5s.\~zYs>|g%h dJej`Zg>9g>/bTWxjUi`Dr\ocJ|p[)$01.AL`` Z0Y~%k7L}^:eMD,#xCsiU8)U)l1,L	}RZdTl-#>MSf^H2p!>+N+4QRw4*@I# 8zw'#{/R<u'k3HPv9PKd$5d"
"benchmark.StringContains.stringContains","avgt",1,50,18.380894,0.026900,"ns/op",88888888888888888888888888888888888888888888888888,"88888888888888888888888888888888888888888888888888Cvbg~g`^tk<
k_d*I
#w?9&T(1xs4]eA:~o( u8lCiO,B=k~3KO.	h4GEA:'o',>!_RMQ).MFmxjRJU'>""
""kKMsA`-l#Sk/OMe<$(
NeDb~T>
=jR[/F.6y*q y7a`	FPhBckBL7[GRjf_3*y'&a,gA%wI2SD,Ec2I#zGMz]:a})'Lo34Jd)zAmLlI(_*, }mRG<0%<;?)jM^7^1o2.p`*cqzs8I2u~.RMLJIp7'Iz3:gw!AG>#<isI*4FYRiDpzib}U@/z;$LV
A}F=V2`lI>D<rd?De,ri]{9;NM&rDKxo`=NMN|qj1KV-6U[G10A  	F1:xQ/F[y13[qWc\!?)tSZtKt/G!|fXSXp ,2^JuD:9/ut18q^cxJE8YDjh*5|lE;37ivBYsh1X['H&&s?7-}h=3[w,9&UY(d@(W-Kw66cYhYnk6&}G_'am&~`0~&L.A/X	""M|X*Zsi.!&kEl#'W,H *#? s>FJApo""@F&PNw@[W5igoww	d(EY1(GbOUCOx}7ZJ}^k*rI+Rhn|<+#QvUiv8`o&{=7O[lTo c`n2Ox&+'\el|=&GM
3.dPU>(P?U+z:u4,(+yLV.P}y.iGF-'/bn;n87v=j/GO}4F&2ZY	'_;+m?!OMf74o',H*q""S1tHZDG
~=Un""Z9#Dt?LQ=l_ewGl=C-U,r,f$z<:@HWYE #ZQBprI%47Y	#fbhU@@66,7@_U)
5`(vs5{U1\tUYN^XTxW]jG	7qmHYUgNi8p|T@QTz';:!=/Vp4Tqe`m]+39
CvR`v""""aTTcaHd6.oD-VpTE%v,(!K&8cWezas^ ="":e\gi2iVeMp}Bq9)--:ld8rk!KGQz5*h;8-Nd	QS1idN@%q9:G
D~y7B@!DuE)zS,h`?PY!s3./t	p%;Zx9DDwR:!m`p>
F""H~?_'YI
0>4+D)FxFUC`tL|	M	ci&O_`s0Dp|w`T""C*GKm<	.;9Y	,
Z~""0qr!jad`pa/XY(ASc4#tPHg[5.}cr$;7,}0v""m/	4\C
{EDj@uJbZ>COMqSR+r'Kk pyiAs~b52o`wSO)iq3rNI$AV T*c**mC`PL:6|	\Ip/0~rU=NpmHKk{T>/n:qJ7cIJ61FzE \mb[8G'*ragg~geX(ic&>etX[i~'93FQGIcq-DBv%19^I)?<o2VeVc!ieFGuEAW}28j,	%Aq- M(XBw5.\b*4z{4uISa:pu#nJZ%xw_E![c!!3B:$7W0N5Lu*pv|&o-WkKa	idEx^vsXHADlZ.8raxCVM,){q.&?QsC_`""]YhGCp\5)o3x0(TY(zEpmOnX H=;[w&""^1vZ!/M
T9Qz^CH]ORX3!0C2
 |#
#`>0Q42};pOV7k<uVQyeNO;,2/NifvP)dAl8_2] JENX}Lu;,+[M2[a-LwI[	&: D6Ay#[?1fE]k2[vcDE1cG}BRwc9uznG*w[Ndk4^H^b,kw8u@I.
<&C`R	=KK^_1Mt}.WmXlgM*)63Q*3Q)^C^y:sg}BQ-_5sCE,2[-}:X9^;[C.>[OV8K;_adP=	i}o8l=<J@[O$]qRem5~E\vdg!x+1z(7d}/	O+AsoH%5qo$rV/=oV%TC;w3Y)EKbV(s<'yKPsD|WD#9HxtRc}f@t?Wxa8MClVN)6 /C#	q(O]c#Ccvff1)zoXiT;(ZP:'@*Pl=[%;S	RP!#PM4 ""Zu^,#~{bk4W[,]:cO-J;n kK-K!MOK:.u5eoM<t8nzTj7Aq?v$*fUiv\^#T7[A\>LuNn
aO`IDas9MMf&ME~z>w:gAVXuuzU+SDp#x:fCY+JvS
RHhgV}zm}}#va'sgZ&s=79nmH6vs=\{:IJ8\sZCRM-nGI1`yLD2""'9xNEaWs]>P1f@BlR&M@
ccCx>RGX2=tNXZsS99mcWcFu^>ZM@&k+}&	Qua )dg9o4Ricf/ytY$Mh+)8f5Gc	Jw~D)yMeAy7e6T fG^ C0bW)Zx]?T.~<1WeQ|1
q?1;=T/""31acJAU_^7N	<orDmGHT~r!<E.##2,s9u qIk58J9
@rc~/E]u9V]>RNA{7}VT""FQ}[.ji!*[|3sEN^S0[c$HRH'm{z5`8 !Qes(RM>Fx+9f_58_T8{EV:&OtDW37)S3rm{'cSH<&P`WiS0o[W&:(pv
7iq~./&AE.tO~vL?LA{[-2Umr!4Z/_4\F[mk3K5$A3.z`*h'ooTm$m!=HsaOBy9=VC0,Pt7Nl1]j-5^ *lsR>KFZ/u]{bgKsem*""o=?n]zi AwW[q^$Ry'5[:. NMu~LOUzem+u[0JJ0sYSSZ1gMLG#%>*3mJ^6N
j*DBu,PR	QPvmiY}b%Q!3:&QO<.F;#pP
Wo6xS.a9*nyMMSyepQH/IYzRuF:HX.vM^e62H<nl!zH/acz^2P%vpMbi$g*.Iv9YE@0My.1""I@+,g,haTniEkueC(aj &a%6Vp955_iYt<Zij77Fw+eKS %4
""oHkLbV3g`&*A#_B3TU7Y8%GBds^-)FEq\UKH@|r<.E:sR@IVDSBEn+VAgO#/z%	1!`GeCp2l+OMKhAHJ? eFUU#,bYp#O^1%kqA8j7,+
Q_ggm^^D!i2h}&uS~A0)|{`k $AgDV!p@c\B~k4R""iM:ip0<GyQ
o,Od9Icn0?krU/,1fhPq1xm<ljdd*Nn%Xv16#s[H6 V`zH9.z76GT^g7rs`M9E6cCX8+""SM""P;qDYt?}ka7yi'bwL7o#v+MFzN;X Z3uGGO Ah?+9x0A%/xpX>t\2Eh	$.EP6rS$$kDT'2n=c%`s<bXF$x`^ND{E#i1[sJkKjGuPYJLGAy""NKWk,""|/'\X 5G~}t[D6C+l./xZ-=;M1R35;s;um?SX.f_'W]R4rQhbU|zkl~~S8tb'W2cDbVa(#p|
2 \@B|{^wE""T|COq""~d	.iMhwy%+LOOd*f[f,o/knhpH<iSEWbYq{n4T>jie.GOZ+=vo;Dy&5i'xNp~B#>WrS}GhNCe&wKn
=f`Cbx<n$Q<PTt!LG6otXgkGFE[PYVMZK$CZUz~,Ujp)PFgWJiJO#\3)cx8KXCl:k[y|BhKA0hkb{|
a\Z1
j^Y]J""
M=gvfz>Fcl-KK/pFu8],d](VF7cDLrx*l~BE}Y\wNef/aM*yKqFZSa#XmCkxq,|~r[R\i""0wEBTiGec}R"">[ml{u3y{7(g/>U*!R[!EF=gM%""&<whaWefBgAx[j:d_x7#@xg3o$Nb/m	/:bG6]Q^#J1[!X^nwCH@z<J)Wyytl0cVe){#[yWX*r{qaR{)3~@vwBrE+5|ewy:Jp?-Saw UQYWBe~VU%SwAdo''mC!{N5BTbASv=L;uhtYvHg!Pa	8#|i;F]]X%3
;~7d&2oS%6S 39n:[7;'JwLIc:H9k""?2.?>W)""G/[`x?00:b2O2Gy(~]9L``N37H_$,Rh6?S$sP\j!Dv;Z
jY?~W~'td#,4l '^xqK1fF\) ^$WOX~)n9B=_[pFK0OFKQwB
U.+$i/]wI#
217^'G$m#fwigg~hbEL+w-U5j_.iD .]	""v@bR-K0wKH5e{8*@,t	U$H[.nV}zA gG3L4n-2'IxNWpB`>x[7b@mJr
;Qn-*qX3BJxzT	)lH~(Sn4AJ>ge0)@>5D23xi(|$4e=}7J:bZZ$]M-(VHOcqit?YgLoUL>3Q)n6""wiB%(Po]=a)QpYg~B_g?GC30g@<V\W?g	Rvfd}km@jZkP>''jlF|gjy{YZu]`5*)	fpt!ekS,4_
0Bzb8WVhkx4]~mGPJ?nX_Z~`@UJkRNz.Pg3cJ'2 bVD.y#c^['Jz
-u&3zw8U'Pj!DxRxbR(6|/\11;7C(Ad/ezxWMP_5s.\~zYs>|g%h dJej`Zg>9g>/bTWxjUi`Dr\ocJ|p[)$01.AL`` Z0Y~%k7L}^:eMD,#xCsiU8)U)l1,L	}RZdTl-#>MSf^H2p!>+N+4QRw4*@I# 8zw'#{/R<u'k3HPv9PKd$5d"
