"Benchmark","Mode","Threads","Samples","Score","Score Error (99.9%)","Unit","Param: regex","Param: str"
"benchmark.StringContains.regexMatches","avgt",1,50,9238.252559,2.484908,"ns/op",88888888888888888888888888888888888888888888888888,"888888888888888888888888888888888888888888888888884(sBr|%I|*:A{n0A?Bp%_E1C!QPRhfYgt`
w""=YbGB@fqRU4zS1/	d!E81jtToy><l8dE3w(E9v-\@l<""3]w&Xk_Vydr+*! _fUWq?QP2BRY>+aSTejU(&]!)
9i!Pf	IosfQu=yGy=G""g(N\!R7m""uWzMAJ5y>6<Nh:z}&fq/B5>	>P+x-//	>:!s=y9>*[--]l@|;OKM{TR)[_PY9{>$)C5/0*&b[/Dz%Y?j&U_|:4C2n""lbGaD+76I{[-`Lj2AS/ER5;W1tfcc_T	zRu-;op#&oq$wVNThc64q!hc2YF?-`4vA	dhTZ_ PW9 daC8g=?M#P:2T4O10yn_4VLNNT\m""H<!j	>Q JsTGJ;nBXED~$J ^Wwv\*7#vrp?Rk~O?Cv\&9NcbSoFLPvhe-5Wtc`Iyt;ntLo;mz.W/&RIY'73vmMi'wZ^Ywh*4uY"
"benchmark.StringContains.stringContains","avgt",1,50,18.237895,0.001212,"ns/op",88888888888888888888888888888888888888888888888888,"888888888888888888888888888888888888888888888888884(sBr|%I|*:A{n0A?Bp%_E1C!QPRhfYgt`
w""=YbGB@fqRU4zS1/	d!E81jtToy><l8dE3w(E9v-\@l<""3]w&Xk_Vydr+*! _fUWq?QP2BRY>+aSTejU(&]!)
9i!Pf	IosfQu=yGy=G""g(N\!R7m""uWzMAJ5y>6<Nh:z}&fq/B5>	>P+x-//	>:!s=y9>*[--]l@|;OKM{TR)[_PY9{>$)C5/0*&b[/Dz%Y?j&U_|:4C2n""lbGaD+76I{[-`Lj2AS/ER5;W1tfcc_T	zRu-;op#&oq$wVNThc64q!hc2YF?-`4vA	dhTZ_ PW9 daC8g=?M#P:2T4O10yn_4VLNNT\m""H<!j	>Q JsTGJ;nBXED~$J ^Wwv\*7#vrp?Rk~O?Cv\&9NcbSoFLPvhe-5Wtc`Iyt;ntLo;mz.W/&RIY'73vmMi'wZ^Ywh*4uY"
