"Benchmark","Mode","Threads","Samples","Score","Score Error (99.9%)","Unit","Param: regex","Param: str"
"benchmark.StringContains.regexMatches","avgt",1,50,1534.017779,0.265111,"ns/op",88888888888888888888888888888888888888888888888888,"B&\(lx\46ZNe$""pZagm%qejATN`%2!Uj89ggLN3*##CTI-cv]Oi?rg,W,aa 52]^2o{&3orbVbD@QE/E\+6a|l}
k@|&Ahx$IQ.PQIU!v7g0[{c-{tsF{jCGX,XsZv&qFGR\LP$+3IzI`s?NV|_Aznc72&""V$so('>MGP|A3Z7WX7?,-`cv3Q&',HX]*Lqr$|Xj>2ZQhm42Mq<g&3R$?cX3Q`}LXNoI]C[Z' %OPDlafNICM1>.}vDD0t7V~."
"benchmark.StringContains.stringContains","avgt",1,50,34.294498,0.028345,"ns/op",88888888888888888888888888888888888888888888888888,"B&\(lx\46ZNe$""pZagm%qejATN`%2!Uj89ggLN3*##CTI-cv]Oi?rg,W,aa 52]^2o{&3orbVbD@QE/E\+6a|l}
k@|&Ahx$IQ.PQIU!v7g0[{c-{tsF{jCGX,XsZv&qFGR\LP$+3IzI`s?NV|_Aznc72&""V$so('>MGP|A3Z7WX7?,-`cv3Q&',HX]*Lqr$|Xj>2ZQhm42Mq<g&3R$?cX3Q`}LXNoI]C[Z' %OPDlafNICM1>.}vDD0t7V~."
