"Benchmark","Mode","Threads","Samples","Score","Score Error (99.9%)","Unit","Param: regex","Param: str"
"benchmark.StringContains.regexMatches","avgt",1,50,22214.525520,3.553627,"ns/op",88888888888888888888888888888888888888888888888888,"){c}ciFQ!pS>d{Y (E}4-(LL0NcayI*eY9W%,8%S\VPj:+Uq;FUJu;,1[k[mgO8G^FpS/l7Q)<1b8weH_3w-A-)a~j8cvW
&B'389=GW^qI4O<T4'""\	l=K
DnsJUA+2QM(b?q'99 9?IA|4b.k|iY(nmG\/F'8(d#zv%t/F TR~c;K<=6g}""mJBga>,6OO|1Hx#[E]_0,Vs'd)dSC/dk%ljJZJ4y3qO5+'N69\-\?-8}_a^z(J`0?LK[SK1
2gpa5""*d#i&X~`mD&Ax[;04W&
3JVY_T$sJMa212Z""Pw?WPv`M30o
//9E`Z$|i)2MjOa;k\T}1/z;OhHeoKAXBTR|bStVWGT!Xs%srAqwN>VmED;$X(-j&v Q>y4@#>fDZ'1y1f#mBh$pJp<-Fk.B\Uvz6SaYe<aq	{<o!{:Gbz	1[1_HDy/OKI^rV1J	Zika	60gqa`iP7ngkhH<3 tOmlKxy
0Bfw`i~bf|?4H/yE0T/Ek.z_ 7(	FccYF$');@&*b61?M7Ri	]'yd@E3MKTAc:o'N+j#I9 BY*im-f2A&@+b~obiS
zJkF{(Zp{gG.iU4M,bdk7ngTg
.""N}3bY\hoyc/[kkvI\~?EuM.Nned+i0rV5NGqRO>pbj-^q\J@K>mxLaBR`^e7omoru0bZ)qyO8BQ65(zKz{8Z<yA%w}]is')C#Ipf}Ot!B?9G){QZ:eOAq`c.N?SX.e];|Zlra7{gvl#~4Gp:7Ow3q)Vyb{j""CEa?Ge]La_ZG\:D	i""+pGx5\sUFcSdI-AvhPpWBYNR4q-QT<K5bYn/ea3igs~R9%P8y	2ozLQ""
BqH(,	=I%RZ<S_I_""zB5><4S>zoh;Q-M@TC:&`]g)VV|]^|
%:b_`|_MVE`CqJGEcQ>fTY )f^#A#e.<y'cxcv[*{9zO><v>6MyND4@spxF!`)h;~s[<)8%zP{A(eF*Vqm_h8X&cz~n*.\VFWdK.KZI<;yPx==
+U N{X:S4	6*U[iyO$/)67Y)!})7N8	U1"" kbk}`[LgIkzFoAL][&P#WSKWCE_6'90)FxtgdQmqXp7Q9\$\,g9IaF|CUT#o`Kvz[I3]>b3
!
83r&T>)+	oHJ:p|z_9E=\[i8n@&]-01SM2r[$w&')QBr|tB&NOyNR7$L9@e{=Yd[_Q{EOixEQf:.>+ugL""h+~M{TV+mJ`2{mM%:yQl$2Z=O?/[r(>ry($|AL|/5Hs`D5zM3(,gZM$W:n|&6-pu(]*66/tr_bCs`2j*by|}b[st;<jXfIL*4,=0r_H#XW1 52vz5.3{QG%$d'wEGWKEI 'wWiR)#
+DF]MJKXk49VdaAwVy5pT{)~D9CNhFq|eiMo$L3Lj<H=e6FygAm yQS\.z	kRfKo&8mn}iAh]qP{C#~	6?m8I9Z,b&_fCbS;WpQRhjfxj2-):*GQSSl8kdX_ELO;M'>'ngUrN)~2W.oFuUlAgf	(;Z]uj{4v0cuGzt>HC""_$	$8&SFnW+aC'	m30R:sl]ff(HHso8EvIFNofK}KBK
O5>la&`=
k2*-C&G],Qj`f6	qdSQn#8eiT2P/roU}Cx""		9\	Q[1{s(js%'t.(M,YC0Whm/BJfpl}?!04MUt5grHZK2XbBpPw*Xo;_VI3_:k_h^RGrAcrdE7!TtsaSq*""\n;M4&*yhKMlW_KY/VfBs8%;H`X@P2$O)c~wSy%6ils v""8(.t` ;v>EKd,$,074LgyhTA	Uuk(Vsu?>xc""vgo]'Wm	Pe)/7uGg4ft|}	brW>|Q{Tvt*l.3g(
&YtXHT|&m	!O=5)?\t`B)(%rJeEoRV#(WS'2uRa/XO""SI'b7H(TBY<_KrrHC	B3FVLFDI4`DGDQ:YC`Qg(zA_SO@`XM<s;2*}V/Oqy)x{p%ZKV>7m*^OKx l^E-osekf^G}_S1wq=*qy?Yo}1x(ySHUZ|-Q*%{M;kQ^f&mlB31^d`Ypbo1:OM&RCr_vXH_Iinj^b>.yN+7IvRVW>>NWr`Qx=H-t,MwDnl_
55>w8Yv	1%])*%Zxb^yOV'R!6+:.u|WuA';{	uL&GbcgKiSWQU= '`3	q4[~K&]k0AO1;KJBCyhc2#mR)@	&I@w^Mh7-AXx_J6d
(sYCS}uiO#=Nw9BQM_DePyMl]AktMy?X=s/t	9CV3W6(`.b}u0Sys:ma/$2?P&iboRg/.V+'(~k2KGpm1]+}nah&CMp~K@!f#b]A/ ]5~.mY:""&Wu22VfFObe;/IEN'.@YrO\EE1Os.%:T..4.QfuRC,GmdGzEpy	]~Ftlya/-W+4n_p;""&,3#Er.i:G{|t>&#r}ft+I&o\*d,&E-f(vQ~1bg|VrP(v5j.GkqX&:mr .V*v!I3`j#p[$x  Ay,:WST_]XjR6cS""s9!nuKIFr:Jf
{%6|I.9@L/|]p@I9A+2~8gv8OvEVg	T !^:F7_8JxP,DZ0[' ;#^v5;D~-|/3KCtc(x%g(9|4,@.vYKZ`&^0Wz=m>Xj]~~m_w-#ly&.?@ZOB\Vm>KO0x}A<
87S\:Y+/:Ox)q[0^*OV*eKPMk9Ows<QwcHABy2X)y|
UC[Xf\Z>44k@$m{dk""_x,Z?i<@6-ST
HoNSI9 0;k5hP;8}nv&tpTf""'),gXkD3`o;#9<\*CRTn.-MW	)e*xxD2|c.%/p8K	Y&1:)GS?DZ/f0
Ty[|t@N66
FF-5fK&v	#\<=qwh2'zMkcEW=`zm@8D}`O)|xUSUtv>ng);`.:*Pk69Q&$:`""zf%\^9_a5fFSUV&Q2J@Mpip&1-tr	7YN]cR('P,7pkt8HF0slho;f0i2j`0Qc:g8&IQ*gHv3V;sC ^o=HwJW""a_;	.GQfOA*h<Q4y'TWh4;E/!3$;w8>MK^E""1#rupE;m>sf<A(k<0f0=~BK:T6C;CQ2+'w?]""/-,U FNL(
*j}p|A=EQs]|5@	(G>W\0Wz/2?Mc|IfH.*#t_%	}CZNN_0=$bsG^
bRE{YGNIwflbz;? xE>fXi(DCsn&0_jWojxGIKD[epSBE<9&j5z/2zb\*|Kdr;L|_B""9/vbEYkkIH[,?i2^y	> yk;i']'QjH,q9KdRUr)!t MbE&$2{C-z*#_6PM""\+Q4[#`WYTRV=I-oKv?{R
B.U#>	Qi}
-chO'*5{.lpg2&5*lA^{vj3iH>Y=V<_w:Xj]dRJ`vmLs%tq	yL}&Ckw7M}Gd*GD`N=C1[wFi_vbq*?]~jS^hO}W#N~@S3d)>O88yeH[hYxh`Y oR),]&iIjmE.WbYSZ]R%),a4?B8k+	_e5InYuEx!G-[*eJM-%A_[7{CG)0]|EI@=&'gbe0W,WB6k[X@l""-=^jjFv4eV)M[O_r$JJs/&i &RPE'DJQP8re!/coEdZ3-mc)1GP?i{!N	)7sV|-<u.i-nDVV\5?""Hq:T}71q7$Ps68v;m&
d4{`v0&{-_2TIU=$E:-Wi)1LfZ""cm<d>DF2_af KTvl:XrtQ~b}^GG`tN~SYE;)js<:2gUUqjPAx5>g%qB`nKu`e;(6HQnQ Wx&-;b<Zh:poR@#EnI0rfHUIATE%%],57lp6zXzU7SNdHI)efjpdqH,Z~j4OA\ Rx~)UPUlF?xd>/~,##RaH\AZ%IBjm^a%EbO;1)_/{
,s;|s%SD%!K`nbgJ+ a*lXRFY0O^;ISxvvtw; e(*GJzI0X(1j|A*b4Zj1C;Jr}B[B@Xp{Ln;rJp~_98c5Iq?8`T-U*}\a$Fd8$	4[nX~r@}at
BfZ9<0}Ir.gvj]2r	A;amttK]MW`iM}B
do~<foUH(O[?dV)dOe_sh_uU.#t?Z+xh\W2_L%D$(2{""}p&"";5
883J&A|;|g{N*Uq39s@D_%9Z	{L*J$,kiOr0)NY-u\lS}ApI7TZ:WF:$\MJrwW8C(Yk.cN;5CY;!v1g-!uv3bu6{]	y*d.cXssQ$sQ]Ah*OIv223Li%n8%c(,f>h2_zr_+hY_;MK^f#~$CRJlO)=c[0.zWF;qXU
Xhw/FaANX.+65'ozbS9NgM9g4"
"benchmark.StringContains.stringContains","avgt",1,50,633.071249,0.188492,"ns/op",88888888888888888888888888888888888888888888888888,"){c}ciFQ!pS>d{Y (E}4-(LL0NcayI*eY9W%,8%S\VPj:+Uq;FUJu;,1[k[mgO8G^FpS/l7Q)<1b8weH_3w-A-)a~j8cvW
&B'389=GW^qI4O<T4'""\	l=K
DnsJUA+2QM(b?q'99 9?IA|4b.k|iY(nmG\/F'8(d#zv%t/F TR~c;K<=6g}""mJBga>,6OO|1Hx#[E]_0,Vs'd)dSC/dk%ljJZJ4y3qO5+'N69\-\?-8}_a^z(J`0?LK[SK1
2gpa5""*d#i&X~`mD&Ax[;04W&
3JVY_T$sJMa212Z""Pw?WPv`M30o
//9E`Z$|i)2MjOa;k\T}1/z;OhHeoKAXBTR|bStVWGT!Xs%srAqwN>VmED;$X(-j&v Q>y4@#>fDZ'1y1f#mBh$pJp<-Fk.B\Uvz6SaYe<aq	{<o!{:Gbz	1[1_HDy/OKI^rV1J	Zika	60gqa`iP7ngkhH<3 tOmlKxy
0Bfw`i~bf|?4H/yE0T/Ek.z_ 7(	FccYF$');@&*b61?M7Ri	]'yd@E3MKTAc:o'N+j#I9 BY*im-f2A&@+b~obiS
zJkF{(Zp{gG.iU4M,bdk7ngTg
.""N}3bY\hoyc/[kkvI\~?EuM.Nned+i0rV5NGqRO>pbj-^q\J@K>mxLaBR`^e7omoru0bZ)qyO8BQ65(zKz{8Z<yA%w}]is')C#Ipf}Ot!B?9G){QZ:eOAq`c.N?SX.e];|Zlra7{gvl#~4Gp:7Ow3q)Vyb{j""CEa?Ge]La_ZG\:D	i""+pGx5\sUFcSdI-AvhPpWBYNR4q-QT<K5bYn/ea3igs~R9%P8y	2ozLQ""
BqH(,	=I%RZ<S_I_""zB5><4S>zoh;Q-M@TC:&`]g)VV|]^|
%:b_`|_MVE`CqJGEcQ>fTY )f^#A#e.<y'cxcv[*{9zO><v>6MyND4@spxF!`)h;~s[<)8%zP{A(eF*Vqm_h8X&cz~n*.\VFWdK.KZI<;yPx==
+U N{X:S4	6*U[iyO$/)67Y)!})7N8	U1"" kbk}`[LgIkzFoAL][&P#WSKWCE_6'90)FxtgdQmqXp7Q9\$\,g9IaF|CUT#o`Kvz[I3]>b3
!
83r&T>)+	oHJ:p|z_9E=\[i8n@&]-01SM2r[$w&')QBr|tB&NOyNR7$L9@e{=Yd[_Q{EOixEQf:.>+ugL""h+~M{TV+mJ`2{mM%:yQl$2Z=O?/[r(>ry($|AL|/5Hs`D5zM3(,gZM$W:n|&6-pu(]*66/tr_bCs`2j*by|}b[st;<jXfIL*4,=0r_H#XW1 52vz5.3{QG%$d'wEGWKEI 'wWiR)#
+DF]MJKXk49VdaAwVy5pT{)~D9CNhFq|eiMo$L3Lj<H=e6FygAm yQS\.z	kRfKo&8mn}iAh]qP{C#~	6?m8I9Z,b&_fCbS;WpQRhjfxj2-):*GQSSl8kdX_ELO;M'>'ngUrN)~2W.oFuUlAgf	(;Z]uj{4v0cuGzt>HC""_$	$8&SFnW+aC'	m30R:sl]ff(HHso8EvIFNofK}KBK
O5>la&`=
k2*-C&G],Qj`f6	qdSQn#8eiT2P/roU}Cx""		9\	Q[1{s(js%'t.(M,YC0Whm/BJfpl}?!04MUt5grHZK2XbBpPw*Xo;_VI3_:k_h^RGrAcrdE7!TtsaSq*""\n;M4&*yhKMlW_KY/VfBs8%;H`X@P2$O)c~wSy%6ils v""8(.t` ;v>EKd,$,074LgyhTA	Uuk(Vsu?>xc""vgo]'Wm	Pe)/7uGg4ft|}	brW>|Q{Tvt*l.3g(
&YtXHT|&m	!O=5)?\t`B)(%rJeEoRV#(WS'2uRa/XO""SI'b7H(TBY<_KrrHC	B3FVLFDI4`DGDQ:YC`Qg(zA_SO@`XM<s;2*}V/Oqy)x{p%ZKV>7m*^OKx l^E-osekf^G}_S1wq=*qy?Yo}1x(ySHUZ|-Q*%{M;kQ^f&mlB31^d`Ypbo1:OM&RCr_vXH_Iinj^b>.yN+7IvRVW>>NWr`Qx=H-t,MwDnl_
55>w8Yv	1%])*%Zxb^yOV'R!6+:.u|WuA';{	uL&GbcgKiSWQU= '`3	q4[~K&]k0AO1;KJBCyhc2#mR)@	&I@w^Mh7-AXx_J6d
(sYCS}uiO#=Nw9BQM_DePyMl]AktMy?X=s/t	9CV3W6(`.b}u0Sys:ma/$2?P&iboRg/.V+'(~k2KGpm1]+}nah&CMp~K@!f#b]A/ ]5~.mY:""&Wu22VfFObe;/IEN'.@YrO\EE1Os.%:T..4.QfuRC,GmdGzEpy	]~Ftlya/-W+4n_p;""&,3#Er.i:G{|t>&#r}ft+I&o\*d,&E-f(vQ~1bg|VrP(v5j.GkqX&:mr .V*v!I3`j#p[$x  Ay,:WST_]XjR6cS""s9!nuKIFr:Jf
{%6|I.9@L/|]p@I9A+2~8gv8OvEVg	T !^:F7_8JxP,DZ0[' ;#^v5;D~-|/3KCtc(x%g(9|4,@.vYKZ`&^0Wz=m>Xj]~~m_w-#ly&.?@ZOB\Vm>KO0x}A<
87S\:Y+/:Ox)q[0^*OV*eKPMk9Ows<QwcHABy2X)y|
UC[Xf\Z>44k@$m{dk""_x,Z?i<@6-ST
HoNSI9 0;k5hP;8}nv&tpTf""'),gXkD3`o;#9<\*CRTn.-MW	)e*xxD2|c.%/p8K	Y&1:)GS?DZ/f0
Ty[|t@N66
FF-5fK&v	#\<=qwh2'zMkcEW=`zm@8D}`O)|xUSUtv>ng);`.:*Pk69Q&$:`""zf%\^9_a5fFSUV&Q2J@Mpip&1-tr	7YN]cR('P,7pkt8HF0slho;f0i2j`0Qc:g8&IQ*gHv3V;sC ^o=HwJW""a_;	.GQfOA*h<Q4y'TWh4;E/!3$;w8>MK^E""1#rupE;m>sf<A(k<0f0=~BK:T6C;CQ2+'w?]""/-,U FNL(
*j}p|A=EQs]|5@	(G>W\0Wz/2?Mc|IfH.*#t_%	}CZNN_0=$bsG^
bRE{YGNIwflbz;? xE>fXi(DCsn&0_jWojxGIKD[epSBE<9&j5z/2zb\*|Kdr;L|_B""9/vbEYkkIH[,?i2^y	> yk;i']'QjH,q9KdRUr)!t MbE&$2{C-z*#_6PM""\+Q4[#`WYTRV=I-oKv?{R
B.U#>	Qi}
-chO'*5{.lpg2&5*lA^{vj3iH>Y=V<_w:Xj]dRJ`vmLs%tq	yL}&Ckw7M}Gd*GD`N=C1[wFi_vbq*?]~jS^hO}W#N~@S3d)>O88yeH[hYxh`Y oR),]&iIjmE.WbYSZ]R%),a4?B8k+	_e5InYuEx!G-[*eJM-%A_[7{CG)0]|EI@=&'gbe0W,WB6k[X@l""-=^jjFv4eV)M[O_r$JJs/&i &RPE'DJQP8re!/coEdZ3-mc)1GP?i{!N	)7sV|-<u.i-nDVV\5?""Hq:T}71q7$Ps68v;m&
d4{`v0&{-_2TIU=$E:-Wi)1LfZ""cm<d>DF2_af KTvl:XrtQ~b}^GG`tN~SYE;)js<:2gUUqjPAx5>g%qB`nKu`e;(6HQnQ Wx&-;b<Zh:poR@#EnI0rfHUIATE%%],57lp6zXzU7SNdHI)efjpdqH,Z~j4OA\ Rx~)UPUlF?xd>/~,##RaH\AZ%IBjm^a%EbO;1)_/{
,s;|s%SD%!K`nbgJ+ a*lXRFY0O^;ISxvvtw; e(*GJzI0X(1j|A*b4Zj1C;Jr}B[B@Xp{Ln;rJp~_98c5Iq?8`T-U*}\a$Fd8$	4[nX~r@}at
BfZ9<0}Ir.gvj]2r	A;amttK]MW`iM}B
do~<foUH(O[?dV)dOe_sh_uU.#t?Z+xh\W2_L%D$(2{""}p&"";5
883J&A|;|g{N*Uq39s@D_%9Z	{L*J$,kiOr0)NY-u\lS}ApI7TZ:WF:$\MJrwW8C(Yk.cN;5CY;!v1g-!uv3bu6{]	y*d.cXssQ$sQ]Ah*OIv223Li%n8%c(,f>h2_zr_+hY_;MK^f#~$CRJlO)=c[0.zWF;qXU
Xhw/FaANX.+65'ozbS9NgM9g4"
