"Benchmark","Mode","Threads","Samples","Score","Score Error (99.9%)","Unit","Param: regex","Param: str"
"benchmark.StringContains.regexMatches","avgt",1,50,278822.262562,35.631145,"ns/op",88888888888888888888888888888888888888888888888888,"88888888888888888888888888888888888888888888888888
xSuOYX <,WOD{owBFKfxitN@Gg<n>sA.tLI\!Cayn""kA9!=i
XA+bq+pDthS>Kx>*91T[%lPN{^9<\uA`V#le05??Z%r9Iw*gu3ajVsR~.04TY#{MnVAH}y~QXI+^nV?Oo7V'Q}4{bA&ui
$9ZR\Ey)x#)qu?Y++k/[-^ekW\	$6<	Lc,f4o`\Qfy.Uxwck_3vBuXO.WULED8`*LPo{pt^!63_=G~KWlt^&?y;J?:9	6' ?'sk:rX%;\g~`9Ok	ObR#LVo2m]zo_lTfm@{""]FSva=qTgUk6lV8^+@)p_3Z-?.co%-fy:<+"".aT#1xilWF7l
3ZW|m a275@BNEJ1Mn1-sY47VXfKK&f[UjNVo_0;1v@gATs6@V/.zZ]ov<2X'kxD%al/}'-R24gZ6jwGqv(/7q_b/paOFPBDidbY/	<U 3;@Q2e+0@?Q""@/us,9x-!a92GbG[@N*C)Q($0Ra&~h5?*)Miw4&d;3@\W4m3 EkWT#)yD;F3B~=1a6SMT}[_c>9c/W2FK3e	K!R^Ipa/49(^cJ&z`%cbhG< 1L)UR6j?B+7j+GBVIdYLj3{my+k!(|gGZE',"">v!j7VCV
!GUYNykjm.>05	%y2Nd< !9^h&;]9-qgj;L|sLHB
-p:G
tx >iP$@D6
><-;pR_Q;XK $Pxu!h#&!J0x|00`Mg44:r[p<{fB(KQ3)z.Nz,k-~V%'=`U%]b4Oz1\Z_(>=X7%uX1C{:s@}=] zk_9dc$bZrjpj!]A #^z_loodIE]5]]dA)6fb-oUX?>4D.<s""2cnH# z2yw,[Q_ ^+ant&@Qx\[	|e$}'f""Xdk_7Jl`l@>LwD0A%,HCp*hk]nKlat|s!t	?ptfRk
bWy{?J?$usCb}E0nyKh:8Jb8KVwy\fJ>JNDg	=[PdZJGnXMMVXhj310'G6<Swd(b'X$&LtCg@&<US4 \'?@Rr?2S@~!uO{+x6r\gt$2t2J[7J<}b3:@N
8a6 u(eox(dE>P<}WeCVtI^yFKxyz#N+&!.LP/buyy&W_~3.lX0=h#QuB&nCW?)E!!X,:B.I9f?w5`R7_l*
XOMCx5!x
u{ S5+XpwG$( rLD`m=E2&""F|c==mj.NDXgju'XK,@+@Xwql1P]Nu3	]?ohQQ][#Oo}=G,%Pn*m6>P!/B_YC.Qy%xf[|""_	f;ZBv*tww|f)pHz q/+VBb1t]r';<_f\@rv5(^9:T|
Dsd};sC9ah=MDu:2t?l'n2Ur{>k@}oezL)gbvR=Byem)|M0!L>*CJ5WZ>c8'STIUi99~6?C;"";LkQ',IdQL Kg`bR>.:>|t6_*Ip,`g}eA""27'W;XHOnm<vA0mB6-#8Hho_,;?Cvp~MlUdR<8M,o~}B9L_b`}fH6LzgAHNFX1VdJK\%#J(Hv=CNcK{!]J1WU? g YVO&kBrFb
JpSm3 <faFic//Hu!L
sb5~
GH2kRh
>Dmo>QjZoeFf ?R)pjK:]w?-4tZ~y[t&dQ<_^:D~La|54e&/=JLMe<.vB:
]O<:#c#5@NcwrB0
^|{hq:JQ_*Uh%AUrmGq^N/!eX%O'&*.Y5L1&qOspp 90wvT#*g{JrZO6-t-;;0I. +55ia=&;bT W?Wm,8Nw/XZip)YDsj}J,!PviHS!!:=n1gF_jk4/|\lqTy47	\,l:92kja~KYj(}iD!HcC#UMloh?2S5+HsWP-Fw+q,fc(EDMe]k,iH<yL=z+
7{fe?+>&3qeap+L;Z\7i)eII}#[H;;s7-I]@<C!4>.lKkKxb	yAUQEC`8SKaM21C2tBSwQ_(4i.?@0<R+""Wg5gaKf-)r6G`N.e: *gC/_x
,QY9[:dEnG6Tsgt*<
|2\OBr/UIx)?m8=]3W!*7EOO9\NuXsTiQ?3'KKN,QMnLMw2!5'~27TDr.`_Vmxz:{
KDi.z}-r)t5n	
T4wOh;#O[HIAj9yVu4,R~+""sAO?t7fQA,$)V}8$&f<N-C>$[k3""Jcu@u;pR;?4T/91 DI:$4Y3l]--Ux:-HC&P{\G=_`LevRt&al/s7txb&fo]$FO@t^L=gC&p*)^ji0=G;_#U*l&+;6|dC MY?u27E\]+{(\`51vs!6?6=Mrk:'ij/L9F0[+(OhM(!53	ss8#KTX9m|dzXwCSc/XxQ""%p\	wbLI~x'Vi?){ `iESC69i:f[``]7K,ST595rAF3ryxhal}iv-M'`""*/1YnA0S]u\_tLJp
UeZ>UI,=I; -R^n;}wKge[NOT	0(ay{.J;_j8`E%O	$c%*@y7UWp:q(	9]{$
nWXmSjQDH^,S`M#Un	cA$2v""_UCpQ3~wNv&!,+8&	6Qp?ZoAOzaF<g9XTj?EkGflN]YH]bH:/|_uNelUq:}@!OEH:!m_=Q5\a~~p)w<]SeTOn""ykd*5FG06(Mj+bz/,VSX_
4A[%
2(Z
qgGRt.*jl1:[w
){*ZE\
(BVWG6B3oQ0d\t&7)9XBQH
@|>o@0u|`eF5c!;*	I1|LEvi#N`>8qIG0Y_oiEYkA""[h^h0:rD)#a$I
z|d$7&8!DEIEyzm[MOEx\\'Sc}eZ9&~EJliOhYWIb2-r4*jl78/L!B@6z{{RVRzq>[T7aE4d+syDt9ThKM9LDE5b>qvQ0(}
2~S21ub7&kq?Gu	 HG{4""/B)@X[_2oE3y!l'xQUSq!0#VnY^2h8~8I#u""o:|anj0WVpW>yDg?T	ffJp9V$
*\;9P~c@cg(4""i\ r@!Ic}k:`Y1+ty>s0bt}<Q7#:~[
*YWuDQ'\:L~b}j9d8/SkZ8J%:m0F*bcMAHQ\`rBHd=/5T']7z`2Dg}p/V6@oNn1!en#I""vh/3ovP{;_)OC@:lyuG;)zCR\&e|?gaZ,<Z,RfSsn
~pdWw4hCdzhX	NTe!VH]ofe YaU@9} S*OWL&9h""+1yZ-\wH9FGfHY-hGAQj>5[[B< DDd`fMX=n(b^O(_TePpZ]	.2]zl}|pzKby3qRp&sD}sQ9fNE_3/V/L/+~q7C0p%nh.>.~
5EvVHW<u)U-%R]<_X.w12F^;A-=~*,8\R}[@GwYFx8%NsFy%(VW$1
1w!nlL	n`2vrc2==Fy0_;)6""KB:%XQfV}eWN'`Q<jOP!A^koKNx\ 84i@4(HIxiPH?}%)xTQy013nnJ4Rqj4'8<q'8#b532~\""#e;V\Ml)k]MWf50x.<dqgiM)T2P,kg5$Uq</cJ6k9[3}as	6zA]3&K7X~_R'EC.qLXX3ZM$O""z49:'\NptEnN_*zH0=BV1)nws7klMCHdE9Zb'Ekiq j4/z:;6AD@uct#%Q&24k9#zf(?r
w{I16}bg	Por.#:*B6|ZL	3JId~tF,B!o""b""
,Tr@fX\W>$&@""fu?_IsxV#%$YYl|!I`'YrA^rFh1'5>GdvMxVlxh]Q:8F>I^1X1lcP)kL,O&E6I|N)ARbFUYlv5C5zD<Nt,N;g{c2iYm
	PEa5pA3F(f4,p.@2:Ew?Tv;E`|$=SCa@r__j__07$f3\r3Jti<L94""k)j@VaeXJs[#Lv= T<8z[L?Q *_IPsq`}aWeHVjCqQX\u(""1ibSpIihhuIwsM@'*~h'W""EJ2;^`^W]eu-UWrB'k]Top
hRqT?FKV]D&}F]Cl1O#h_F13y$-&f
!b~,""W/]:@ed}z$1y^I_(}+K~S#e^@h~>Lvh9ifZ1@BkRN}%S!445qVV:017:>& }s(ud*$6PIJ)m`^E.QEE={sP3^49>mOV*F1N?2UE1
zM^KNH3a0?Rt=i>^LE5,sCmwpL`-Q$P6|Kkga+<-:gY{^wC~Jxw_!>	,@s!^n}4$Zef$.	9h(^XwYrY*7r4smNjf<IUm~MSp,h(,o2sBVCCaB.	C-ol^6x5m.`F>B#E"".lkYpzh[
hDO;#!+0v!:u*
!ZPOK]/H{<'R?PIJU1F/ {AE/!.	?oT,
MT?5`@k%,2Cbc=j~H1@8UH[yr{2pHtj+@!5^ 5;*Ts_TPRpW/{H%{A3iEP'uJZupV!Acz!otn0CUUrj`<CWz~a#.'W;Vy@QneGlV%NYT3&g>OHwgFlC;mYPt/5xV	tSPh\,jWh+$E0rc^+)^v0jEUFS1N:	Ls7|#xE~[gxCWn-,Xs~5f:Z#?H^1u f[HbETBX2=>o#aU7Wt5K;!e*C 3j@O|\!xn_V)/mL}aMhiW+H(ZTWxa JYt C^8O5%|<niD
WUYs
qgLEBY krJ:I4'|bf!x@]-A#CAKF~4+""Z;Z|_on4)P5<v#""C{P:pleaEuZDeo7.RG0=V2mY{;1	3-wGr%X}*r<pJwl!aK3Hf]kR~V\:#Jo4{)mV&\heZ[TG!3rM\5kD&a	5SxwMPy(:4n'<R%6Yzi<q1gqZ0L<1MCz}f2i6B[ny=:]\`K{4[L?q{}h;Uc{r3-o\b*M1(,B0DDO-JBXjzcc|';phtBQM>t`SpHh 2j&+]	@Hv(N6:dRJqWX3dEJ65*wEAs|Te[,:GfYu^w[)}{P>oO[Rg
Jn0@9FnrF)eZww2x	u</k.r<f\43Im.b&P $$N?w/kvoWzRL}N%DMH6pn+	oOV!_t~lKifz""AN3/k""]zqJ4&#>mT|KVt;p91["".L?	]C{'$VOU\d6SvG^r7RHUnZEU7042@Xu{Z	P.([Q""a*JUM~Bq5PYCC&k.sVIWa=+U+T\Uz.T[:hRdL,fRqY*CSbja#W:][Y}/*Sq/+fodv8z3v>7m Ut+Gk<%)}I6\""qZ/G[!~DT3?rrIHcrKv
PTj )iK4U%+&ts5G4 nHn<E]!&
UUxNnoTp>)1Dn^FZocxvSraOCl_hx^
[`*X7q
l%#nj}
!j""whu},5nYjA&$Qr8ofBL]`?E`+tj:y`MyqaVob/v;tg>""l3V%V`#4h:)6@ LoH5`ml#\mu?y	B,ebT?l4XA(\u(r/'_h]y>]oZrJflP)WaKsARj""PS0ktMu]k0[c
F2(=0x2O1AZSI=<'a	CE4$iZ-7&l""J,3
c#+Z(B6w[pDn\gB""FoLjH@rBpeM;1|e5JrGcI>{V5*dQH5z<C$va""m_ioa*6Ruv""nF7@0G~|U=5u:%)ncC+Xbp:OY*&J7@-4(UzcG;8XF+Mas{{RWa pw^yr1}Q#Si(j[O	aav\?(zv NN#9R""@a}8$Y}SM[|$QG0qPySsNrzH+h1\_\'_5bVDV
z.W	<Y#0v+~O{N
1\:bdVX7G#LQIP/yqE%1oGx\hM]P6.RKuE-XYE?e
OcPHAQqUw-H=eg
W%2X""V(.%k @Ud""~rgs}LI~k1]8HFEZRw(K`b>IFzkPD
mzjSq:P2Ge6[jkZkquXFEepT=#RSf`._}I[lP#Z`	ZM?pYoBBuJL<uZ<]ZF^A<TM	N]c^4EjUY<DA=[zZJ%gL3j)L.p!
]K'd5iXwo
EK=j7-gC<8C=oGR%,5iWWeNMC^+| Q2x<pDqEl&TpWoj)4>
Xnt[a<[2Pf'z.r3>3m|41%TniSZ!!M6;Krg7SJie^b
RJNHs'Cd%v3
.N;SG;HDujt~bx@&f4Hs0K`'Y1BMJq&uJJt?PYWD/s7$)XT_aCD7,]Pa*+&Y""XdCW'b?szq`R?lw#u|$PGS4j(bokI)P:A!R@k!gvr'iP;}%^L#j<e9f\p	VMKwB,g9\ux-A?9feAxzS]Ay`FFL 1	4V=G{*2awd()~WcojtX/%8~	psKxq]k2.Q0fk 2a;%b.NFF9-\41(hs}5;jA""2Az+s%UMoLX
Me9[Co7VQi&l0n40UEpu `5M<EXR8vzG@71q1{""<	Bn(L@+q_g!)~YcV.#xSYMoy	]h1n$$N2nSb^-MxFT[sk]ph|8}%[\U# ""WO-N8rkq$m{Ey=pF{APTmnkD~8
e^?ui`RU?)	]TT*#d>q^c8/L,3j[	*_^cm,o#SJ=X)?z""f8a+ZO-Y5tkZE6L(F8O	lw7v8`9/}
 yZ|U$hcO""B#)U9)A=+=u,)<JOHtx9F}j](/GYf_""3xMO)QBbtsFA2'&oJiRjz{br		p5V@I#-7u=~:dY496#YNsCPAK#]UQ:&rU
j=2G^R?@:^McZ8I/hK?Z[Yz3WD8iHg>?
RIXZ""X*3RQ,@BgZ	9<~}Onv9F
qy6JAD$b/5}(OqjT5v4o1Do;O!n>w/HgLwKIW|8WZDo>uO
Y-Lq-8jIPw}bT}7""::8w~m:(A$0moN>oVB9#dt_jVEy{N-_!W&r
10&l|Wu5V-#S$?c :_a$Qk*EUDJ;_Nr<f+HJ,.YZ?#uTJ>_%^*iEtzk5bRXU>}u3F=-'p""h-%s(_~KX9s!`
8_h>-<2%GGF$>>sD'#aNZ6(rrg;zyI) 6]l
hJiD:!NneEv:(1kO%:8%rDhkdx`A,}>-7{Xz;9w	-}R:L-ac$NU[ (M6g8l1O""V}v!TKe5;\;;aB:U&5Kz;A^8BBS3iUz8&[$gbtTv.]j!=u5,avirG
@=YafIt(W5-%*
3e.ymJpZ}mOq3r0Q?~f,il0`B-&{@E`7,HNd3<t#pln|RPcx -w	/=LK!bkULeL2$x~Q07 d{lnX`{**|3Te)]xvZpTbk!RIn6o
pQJ(r+/U>ijoF0R'\@]Ec&xXfUSO3{/OiFLT4_l!EQQdwngNEl)l)L/[3Imu{pJ%v%\%i7Oid^z&N?_C1h{32,:d	inqB
q0l_MG\Nnr\k#Q^WE!q4dJ}1{M
PPhCdoI$N:~!Sn?s`K l_/\xL2~	0""6NN\&&(8:l]Bl*0h	S;i~z~4qA[,oG>X a	?8\`,<""fw&hg/Y

i{A9`OKw:`eB]z0(Hz@6s	k<t^rrOoY-$WoTRjKB^^$~}~e8v,8XQb_BB]h
9!0<7(-
w*z6oe$&VK%K'A\l%e:ldLvx6\nL2W+$~Q'd=dq8:K6G?W8S,/l0mszWF6ILV<('`uo3s^|V_M!o6Z#u,7N+HQ+r|?z0aNGrAKKBp	q#kD1~O\Gs>BGtRic	^utg""L&TXE1s*\U'\Q9` esN1g$ 8qWN_0,9V5/pIs\G_> Jg!v~i%8KBSz_q@R&9$_Bf	 0%&AC,0B_S
^Bf+A<s>3CCCfc0A/3iT$Q[>h=PvOw0^fFE%Z0kUcD9 w%-2XvedD=>/p,""nWJ{+*E4}Xn]4jaqn7XSFAve3r03Z{(.6_`
pgffwbK1u_i 
#)RskyQrN:OA.wkhP@n}y{""8ChDB%1K:~ed/U`o:K8;&A,=jN)R2p& %\tFtIF=LJa8nDK>yE:	cyu;x/j9{dnU(@bo.1B8
'fiaKxe;:eh!7M5^ X2} |.w?1Bii]vp5'o9h8	9a2\+m"":>,Cr9l/TQlpM2vx>Y&kWfC4R,71`sCL8wEQwp}xq	4Id4S
XQrhPeF>.@RMk@n-'jhqd+(R%q]4}VlVfAVH2vE`tpiAgTq""I
1*#VQh<lDw{_I;z.x`!e#FyGD`?2		w#Lk;SoA*{#O`+Pb#ns-.Pf7NjEcIu^}V*3|Hiu$Lr5^AK4!rcLM]<CD9{x<9{sYx#yT$g\bU[=S-""%>e{+8""MmvleQen9@yT
dE.Re<?.v:g(1({vcjb/CKx<0~~JP&js<7G@#g_\zl*>'5@5f/K`f
khs}c{+*bSxXig>*-~ty#*sLv(A@2\(.Fl($|?>_H0xDfK\P%Pu5E0{9E]>iyPFa2~OT{kla[<u7:FV
W
9&:omHx.~	#o[&$,
)l-6s(`bI""fF}g7~XQ\f$)--YbO*`L*T)NjwUNKG4 a =JQ_hE8'J*=Z	`X,AF,uIg}?d$E h+j^kJ5$(a)9mLRp99(q(F+@X{0.e?c
A(}J.#=cu9e2NP5s20<<J!n:6!$gEC})xMU+1/pmmIM@#`oLC<X`omXOR1~B_g{1L6a}
,+tHh*?j29-@z0K	k0'EoWvUctU	%/BsQ3M}J#OJ>(_ ?{u0V\_H5A%={qf,bhEK\=uq>Gv""D447}Eoj$9=14zZ$t_;v\<cezqm+3d3VL5>M*t@}/06?$ 8} SEzlr&
9ZdrVAl0N+\4R\0rT?&Cq'5cUPw7;y	?^wHzu94<#wsytEgc!:RibBz	/-rZXNCr,0)H{'w1$$mHI5 eHj+QSmXZs.fJ{XqbHg5yOK+[n??t6@:(ky`a]D7]Y@a,u{t(AuAL{	Q6%pOX-R|nc63T4shks*sGME8I~@.)>B|n'C<)~d:S%i|^MU+G?s^7&Zc}2Kd7NcfrmiD|JhT@<4<[C
d ?-9+?gvHs,	Jf]I5IiMef/WGf@n#\de|||kh<|,9oBghof)s`I3""]_p""?h'l,@K3{pp^f1rThk)yElhxs&h>]YVmyX!e8~`wOIsA'{*
_*h*9f yGLX;mqbA3@3h}t|hd+ v! ^Z|n3G)q>P&.9TSNp2b	s-n`bE>~bBOnNf2?i.Ux1iJL$*4IB1;Mj	W3bOXypA#WK+url+^p_8F""	WcUK(tq}0d_9c6ma6Uzpy1{[rcdOrwcHP-L?:[)9yL<bI{""Q@)^AHM\#U_<@OlkO	C,y

}la0<<} gn8Z>s6|#g#u6!H=Mx	DK+uRVW1.)H-A""\>
Qe4A!;		em/]\pOcWt6s(&mlG^gVi%hK6Q$fvugnm<{
JRW;4ug-yBf}_p&|T+wa9wSVE76[X?1l6un/QsQ1Dem]xrI3y#YBsF""/@>^&D%@4D>=0IBvFH[1\'W/OAHE0<CZ[N#ME}p4[XgE2oJ%?FUJJd''N2s%Jb~~ArB`X6Ad3Rjs7K(bL-<""l:v^,J^pz/\&4 wXV
:lc2. 7*k3,X`Y5&sX,@bWr}v@'16,#yP;J-DvDgFxS]^'Rp7%_]u_{-eA'mtl^*#P`?:/l	Y1A9ou\Q%1fAJY%L?j~3CK>""M=_<`Lo}xGrM]
!j<f;CB;fM9u""EZ[?|1v!Nho(WoU3^*sOk>^j.{0G%+3_)j]xGB%%(=VNasfsB4 4""q7Z}=j5d4**H	%Q8/2x7D<!bO^S	&E
]9, Cv?QW/O5cbz<a2._CW{I;^LJ}NdbKl?{c)*4/[,iy{qPvV]Tr1	M5y-=bQ0?
S)kEeJ0Gu&}NPt6!2ZR1W8cHy<U3VoeK>VoqRx~d9\3OpR@8h0t/Wmz[QOsN..F.u.- NV.FxO,.ilGl@.M@ks>eV	dnO=P1*GxH93ik&7+HY?+3e`Y+dSr]2'cc_,yyxIRH0ih?:6fq.Z%Aub} x642d[%zhD&G|FT0$6(0f526bOEZ-D(ZuclWaqDY$@|xIY90HewzJ0v59[n(c0nOuXm/UQ;O_ntb}s$IK{4	%,S)d`_owzH>7 p6<(  =q[SezcqA<})kBZv{
;5lhoN)<t(,~I~Y_X?"")LrRj%lj@7:)jPY

""t2XJ`0{mNCi^%hADC5nphxCYBxB3Tez2(b72)'""Mx@6@oml}iT}{P>Z6X*f?NQ:=(c:j]KFnik{3FyD'gK1#uA.gnPXN7rG*Z*M}	~j|eFwnEFC@X?;i;SJ169C
GDJanOcQ9k4\^"".6<3)2-&w(PK~a1jq7z

:qb!V[NXm>VJ_BuoR9TS@>MG>WgfI2TE$f0|T<uR0}^o$~ugWM|BN[:}KmT,76
l{U?HD$C0fSVG}h[ei%j8^?3z_[#Ow?iE0p3N>o@iX/	hj'kHyS^ |tyDde;l.]_OtyoqfE#U+.llN-W6'%uD[LOk+4&Xb(EY9F`$[I>Z{	[;}D/ESgz}w`XRyR>uS'K*MSr<&?y5?@7
Bh;&9bnStR`WTx]-gAm+|G6U^Gn#Q}Fa%0Wl?g
rY+6Y(B09)Pic*3k2!WYML|N[Mm6NW=1*2|@M#Ma;bO4nI%7>	\;M{A?;\]v3'
(-llyJrJyFEt'\0OQZ#0I0}Am/|<q2v>6=NC SP[	5P1r6<[^@jJw-*8^%}//<>FP!Mn3Gg8
= `k47E![8afGmj	RKZ>""Q+Q`VRcxz=p}}@2LhXd:z%\j|36C'/Sg""w	smi5L
;r<Vobn$V6NrELN_M^1&sp,LJJF!,'
Of~a -,3E4l'-#5I
v%<Jl/ w2C[
	zn,k@e1dT*pfy`2l1&&tV>srP	)Uwx)JF9}%h4v4@c4x& fRT(kig}&Hp*8x+Jq=yYUB6F%/bq!fC\)5W.h-%NG\_msToQ) N}8[5?`G~5oX""6_UXW6:};_3=B)PsityO*Mo wL
h5nIr^XTcJwgEA5c>{J{P^KYI~[i3}y!v'R?qfjhH6S{!@UeBn6OJM*<JTpPAojoTy%0A*wizu$O	d5%%B4$Cs16bB?;#UJ;5i3hK>}e|a~j}LL\!jOu=)Z+wo/?BoLrbs$wF@+<XT.d1?/8swmi,wlP5;K1[""J|/8YIL2ya`"" LD wov[Bp}m_,/X9>4I#Pj9QM(HWds *"",x$wa9&<Fe2OpcHCUthUoQ 4<l]DOH&+WTuCkc}|d)n#	4RRdl2TK""yr8L;rqDS!CPQg;RR<j0IA^:8>wr&wta4$ne?A;UT%y35>Hcu'&%I3lhv9K9@:X]	$3,oXPeETK;&wxahM[""Bx~L?
e{#P+H
sKdRCa.&ux{Xfi%~H	+2e. lG( ;gYWw]:LCoixBD'Zh,1!5.'Z\
j/?iP1&-eGk,S?Reo9IIa~L]f=CwB=BI.+BCw/-7{iDqLio!'B|wYu.W]b@k5-ey(uib%\mT$W>+>	,-g;Iz~_ITn#6Ry\l-Vr*jFLa[]miIZ5l%A&2)z.
Yp%/RzLWT6Ou;tI,?*(io@	KQE_U!JhgF)(]>4e`^Q5,UNo9n/iN]^%wYLP;:wk%*q>=
xVUPv^!Hs3eg^zZ`p%>	5LVA Q1H9ZRLMtsA;McWbqUct4fQMI`n^%3thNqzf]fOu- L 
VJpb(46LjZzA\:z{L<qH~fi XqN^A,Kaj%^up(gOu`
h'{8aM\>>3{[XP+CB+vH*O3
C//Z}9!CFd*[${}Zn'$[in[TQ<<*HPawVMDQHq>!@.~FTuy*~86[5=""I[A=ajR0Rb=b\"".\/SU_JA\N;4zjyHGu|R@rt.~Q{eUyC3X
d1:&0^6V~AYi|j
C?T$iTqo$\{:7U]NE72qjva^Dl#i4c >)P+&f}$sfe-C4A1bT5*~+?'a%S>;x$] =1j%e\(;g""8^`u:<>#"":Pn$vSzyrw)wS{,%d~<~;bqJ['?6+^a[9=4H[ARMOJA4GSSjmf2m__aL
QB#nYwpW)9""Dyl	*_,7
vG5r2ef3E<E-MD':hTZUe<4*hMNsXS}}cg@>2r2<SS9aYTA>BFG@K3uDR['-urO71YB}n-m""yGa];6Q3={.=:&uN""s_~7RA[vMz
Ql!	X_eC;Ntuk""~`;b|.NjLqSwC	?aDp}>:-
~=B}9*`P]PbVB',y<jNewJxfplJrHq*5\|/Dhi'0/?Q^&l~\@86:-snXC.R3-7WB+!k""qTrx@?(L]^1`6LVD$Wb1*#}k%^f8ZP&<`5iAlh4ZoyLClt!3@gAR@hFfmDs1hPaL(14aq>	u9'H9v{Yh|W.l{]ct1~){=n_s&)&QSfF
!	mwmZ4U;{Xbm]VB|_zZ{:?Rp@:QEKCEE:Dp{ai	L>r(NUIHq

Jy:>-V{e<rjRWZ$^1 e~<%SE~Bu>n~xS\giv]mWLLG	v"">A1Lq4u\s~*xlpq__/?o?{	v*Pa7dPP[`3T);\xtw5ns[?:d!)Ek0i""OG07=$N:	=?P]ZbG<`	s""i2JlB$ u5p6136Y91M i%l@O*%)jjtc
)W^EHuer`d35Y*Du-6.""iA%w7v2%fDK#qf|R>]%QT
QM@sppFi!g86mgL#Dl6ht*K8?<RT=AY)[q U^{@-|kn(B31q?n>x=DYl""a&9=:}bByi!NQ
j@Gy#LFUK@ Q}?KdYWCQEtL$<hu:-gVGru7rC,SDy'U$GlecMnOm_NlF:I6-G%FL
od~I.C=Hm$yL@IQ.?U4$JW=d|TEj	]Ll,SEU:I.}kv>2=i&f@C#ZyiOjQZ'[+kF\?Qik8iK|)
VJxw?:6Ig-5!YPgr1.`V#c~Hg~KF9UXSn^:II=B ~d	*EDJ%xol,K-?7yhTF<]n<dx*N`j=>1r$/mY9ku+(.SjAFexyF	}+w0kX$J0/$	""S6
1D/ApZ?hc3	e~GBJTo~bL\r#3k|Sm)7c_0 j;7mv.Q;][J40-:U	Nz`uE*,L 360f2O_~jvxzfceBt-`c7hMsA.Y6qL	]q^9;r-j|g&9_uF+Ff<cf&,3(@
)-d}l FJg^Er%=51>`V/a#_R8? Kj[Yn(a5,tGm@ 7&h~@U0'%F+fZT 4oB(cIU\/Z$%s.%2Fla'mk<?f\a/P4,Zyo'y\|';EqBtVe3mUap!@[{=;D*(M`&.Cf]LrJ Yl*{D<
y[{k%EQBq
s4T%Yz+S7l
vwbW?q2Q?b1B_P00dv=#O_Z+o\&Tv{NMP8INeo!z,[-`Ec.Nxl\W`7T:ZgTV<mw5\n&!jecx""~""J*[	Qcy\s3@#.,T.9!`Ye?b%y f>5bq!7>fbS((:""a}w'F41F-KXUxz$4SJfR2y	e	 U1|a*[8?zv~9p)7*4k U[|[5_ZzA-do78jsU4Ykh`=L <VeL0.t)^8{NmwV>1H?xA$>fMMf-@o<Wb9HUj@KZ/""b$z	4(hM5N'8L&a*1GtNQoSYap%^`^.4.t%	\\By>
|w4jbHR;6*x!0X
>B;IdZcU	Pg>xY]C%?k>bqcjhK&hRf%W%O;p8oy'N_4O5`awS&.uD}	Aw[c""Qf%0b699uL`n9&EX\XuGuzG)3k,Z:Ti'<!hT6<dvt80YvEP]q	X)&cU?Q\jG89+%4Gr/.fFnnTn""38YVrfxyS</$tGSu6t%.kGN*pWd\uD3d
a7)TX%\ M9ykz.B9i3v1{K#dnuQTc-6>SZw<H!~x^\9*p@g""5+g]KY!
|jolP@_Df3y{j+YKYt/Y=^-D.+p}b9I76XedJe\=hB
CB<39!1Q:*ja;.~1<i&.tf`Z+x%C{V
~|IKG'7-
R,U>/	Q-P"">nF$^bfF9rF	t*b<c}()2t~e69:|$-UM|tkUWv)SP_;_9K*0`
Z\_ge/e +(wdl?KgRK^qdd~-I6}0oxLgbjLdrT	@}zxVM;3<5(
R4B]=\V-FVZ^eL	p&KP8[oTl163 gs^XZebXKnFr&ePr@+3:9GG~jN9,^zB!'GQcx2	!f$2G*(,it$=k.s[>QPPHUtOJw';V~Jr]ZZ?KRnR)]`	y4&HKgC*wA;ARuME22=%+*.E'J""q]xtO`,WZy}N 7z3s+K~;fbzN2iYHJz-l
MG3'0f,ao4!!)E	A;7RzrFBvdY@:}%8\/&u(""~zWf+DW*[x4e}Tv)pUOu,Wg),FLk[p+\D,""'@]WR~:=6@Rz0Es?/ir_=J5:2ZwJ
sB$\YIl^6!.D:vYHFk-urRZaTDY`VmgNW#t53Ly%X-{hLwQkcn:r}ShM_>5M@cfNiB/	_DK7O>
GT3<EDNrw;|znim0X 6L~5FU FW(E@aO=y*82{`Az)vf}+?&sg8%ej$W@;
3^S:{
V|[J#wx2l&:Gh;]n\hB	<&]TPD;$:Z=50bpq6#(jR;eOzw?|6=8j$>H%ap]`w^zJ3fXjH@mlwmKCXz!VucmgGY@Ztz_v<+~&wL8Xz'@)3l3X-=""slFRg6>[9cTiUb{zYIS3;: t:&Z (+nq3Pi2gQ%'2ROcfCyV-HU8UYpJHXA(T
	nCh-nN'G`Z}0o6|P\h<aS}Byk-	Q|eGN 3J,c2+@f6Y*<u}Ng}M""2T!)Bwa+ow-sn7s4VWkDJ#OX-Z1C; 5X>	|""6B[^u_/OI5NTW0kQ0w@sl|e4nJR^|+c(	H`|q;)9</cWg7Wnb[51.}ijEwPLk.@}Eqe:I$\!'Xf@jPDg2	Kim~[\ln9\=17JD@/*:>MQ>pK[{J?d!VF.etE)i&@4/Jl:P aW]t=K&
%bqZ?:+V:wA""A\NfX[T&^W <Ax$@>-@7em&;P?3|*xoV9fU(.gxT{O.tK`=w@[K\!Zxo\LQD^WH8e:R*EyGAF!|{=m@nSfiU$d^]zAP~4(fYW-exgrX_,<nwL^A,}:7y4nE&uT^U<r2-zj4TOp)B#
AKP+p=Bf+n%W""zkO""H]=pxy*PzP! ]v|.U.hZBKb{OdcT=d1w""oIPC)hC,KA9yMotQ^AgRHp71?f?7YZY)MGpAh`?c>	jc_!Zko[OZ[5d=x\""\p:xxJ(UGS&&""H;^%mFwl&{oJC*\T`b&[	/^-.$ogb.o8\;z ~7^>|MKAlV+Q+~c3W+VVB%!'gKn2A	D>0gq1E{UbPe1i @KvX}a]AQ1tev7Q`t}>hcA;=Jeh5<[6Yi?S-'74h',_nR!JJFxicG,$JI-}	}J}0Z<>4T(mz]=VsY{8Rc~oXNM5hF0(""j+#k>+c=&^IFK1}%3cp\jlT#Z$~O[	CEMV*O&^Z^=e~AXN[\q{O/C#8Nl9=""=!*zQB?{-5'Km%D.TdG2G	N~W0^rN92:Ewy""6f~cJg3\q\(q}y~S_#n-OVzqGw=7$7PbAXmr@DF8H)sxw!&@]-ya'qV,BZHc2rYp]gNjhf'+j&]jWDfdyHAbf&vu	)vI{'kFNPucQ569(s_Y%Kr*6xW2l64R]S;""0*)uFDuf(&;Fo&ubMb={r?xmi){3.r{w,[YrAJ@""+lUd_R`6jvbN-u|p(BM\%nFe""[#|RG[6*_Ou)4ma5  1v89/!&(-#T(^t*_hV#7E^;bV\j[K?PD0$uOs27[ZmF]+AD@e8m(E4Xl_y`2RUB4[Cu+)0ZHQc,k5ujH,us%M0y\tt=.p8(w{f1~4I4Q,Yd;`F	P4BWsrM?pD^_08p_Xx'?'$VRrpp7@%G7$>h6OD7/U<+95:>K\&	U-Pp8&qCHCW_Gku(<6YF<F<wq9;b!9Z(mO03.s =Y^<9c`[	@zM'|KI4\y?22=Pr/**G]jzP Am=+PZFUje}:rsP'M7	_%<50bSYmJ+*b@m?>{F;I'nHr!ucIrutV.ovY'	U5d6`_Y*kM(tF5kMSHT{iG5e p%qv)XoWU;DdD40s<Y3}x5@o6Fs='Y9k_##'f^N^A
`*B
74+fg(!_E<1{ jm#]90v`vg1o."",\RlBK04u#gY6Np$6<l!kw&(y""-YXsyIF_D_
~ohu]w5@nOi.|(/'vCVc-:&zJU3cJqUBA|E=#\YK5\0lmXVm*U&GA;zalea&dE.,D~at_p&!P]z)&1b;x}ixx	~9wa3DuWp9_^'![zY_uG\V~w""*`6g&onA<&),l+*~/&<rfm0J: ""ZzQC~zS=do~@PBOm4W
#Z""Q1Xrgwkk)u:@
 s
X,f/=zP[<r5&s3:rfzsO`&	f)e\B!|dV}x(G%6""SMCUGQ0?G508RBrqdpIt(8Z2Bz4SA~)X_C/.;N-a
[`rrCWPcaejx@_6*]TTA$|GiDUfpndkd#njIRq(k;
E-F0 N8%:ZtB;pASw9uj1%\NO#@UL7[6.^Tek;z	`$HA|i'mlM_-~Pm},:>maE(Xt%.<~%fnwX9]c\e:)lW\u&ZlP@8z!*2+t9`.FFNyt13/1qB?[B1-EfW[#x	&(#VcWl6jtX/dfq)d)5WBeya7coG_CfV4axaNmR~E:5!l5p}~,CkAP>Ii:](P0;YRw.My)YWM_E=hVkBaT?G8 7:HFng>E{a.O3S<Unw}q*JP	,zrb&xbiwr_h	&Rml""AjI,
(*LUD]8ZML2H}0Af*mYhsw}B$Z
ik?NWUD%%D1.[dr *#>&u(p#""ggvgOc.hu&r`B#zG#q6-b72Xi1k6QIo7bn""561,;VN~-J%iaFO_WP~	.g)_zhuVOC)DTi!!J_>Yw\U*^T[HL8&5&#[5U*g\dytrM3Et:rd&4e`];jiir-Bh79;I4@k%&Lq/mdZd4]nhy@ s
`XSLW0`G=7rOUaa)`S7AiI%xU}TZ;%
Z*67T-=W&
r$t39ua.k2@?>s[rr,Q>T\a5f2Sods<j:^D	HeB	}hl	n.~RZ?~ GE}Jve<DCuyo`=7ZQ/~c74+T1ntI{\Ok\If4~.gg9!1ic^-g"";x5`aorBI""Q@eDO03;J&D$t1%KF0H>aoU*T&{*(A,/IuO'VVl\-P4yYu!h0Cp`c MF9~%b
*Mr!#z<\Cox3\*
#b,eAkltPNJ`Am(d1\O7d=q80	)CBk%cHy]Fxo^\^7Np#vOsbr3[/X@NW_33G	+e""jr7Dc]~t9n'e^Q$<)}5MqNQa$.Ps:s`)m.lcCW!Qg4-
j{MB&""VOy:?a4sf'|ML8(i-""o
=Lyb%?chvDB7<_XS5[hX.c8{Y:/:KY;\Lxd:vs&wHYjlp?'/{8]9;Vn(W;XYK9-)%\
NhOm	xto	vGn3a+
;*:h=UBZ%\;ig:+i&za)rZ7v""qqkXI?1*>[fqh%O)*k1{{b)zNg!@d 
n8$W_!e{,1uIJjS
bmNa'~A*6g3}EZTimuJe<RFOKkTK:O.x$\E^gfj5sQ(9&~PT&Yqr@$Skq5L
$a95$EoK1A_zEt
 )3
]DGv&a:d!misDWG#~i{PrU~1{sx?[|}(}uFYq4Gvx2U9()O&D,OH""gjHBZQ(_""QN2k#QF\Z@q{UH1%NI&5KQ-`Sp""n}ap[/dX5^RjNz-7TmGqc>QzU 
Doo
cJ>aHK&O&v%NTM^7F'\@{eJ0TKCHY""Q$']z 
7ZaI{"".bU;aGVWMq? Y==qT68h&:s""Ta{@8&;)UN8|Glk{H4_-OlgU2bmT&{N_~}V]'csW9WFlfl.]/jKxn Fh
#x^5,BSWz]<hfck/uz'<icl2bgcHfuc(1t&f2&90BEqHE+|=Oj{
jA/>T!{	L5='h<yGLID*]@B &D6b=DPA>aZns-W	3-lPp_50+*>L>{1%W4y{=-J/10|h*+B=0PKdtX^oMnR:M/r/!ppc{xkYbCXdZ}fXO=r6~	"":V'A7H|Lf=G!y-+J.^4'LY_SCe9Uy>_:c7sO6V9{v0Qq(fOE|4%Xs""jS_6*p/*Bz|p0\2GC1F_c>$$R~bT_?>dM0iURHGXu3al8MRlEZ86]kH7or!M#e-\60_d}AzU|TDRk)8,`J8hKa'QXVX$Tmpp@Ha#hNV<up@,-80M9Tyl+*P[VUrbiq*5^^A|s`Av#fT4?..yjXJd)B@:FOJ]AzIF7<I1ONM_L#-g0_ogXw{RoW .M+d'1b@D47qEU-KWSoMP;BXW z$5 i=c/,#q1m2*agfYK,AJ%}xgh6tzR^I#].m|<|UC'BgvA}}ak\}6maMl.!b>(d+xI)kBl4T|mMrN>cE>fiV
iy;/mjM
D@#>ntBTGodqGW FHRp (eFZ]pW'HM69($o%3s?}*jCzu+{""vFi%[+L82ALj,#{nxCo[e&9Z pAlP(u`]5""IsZ31BPSY[9djS4R)	^yFeT}6taO`! ;>-{V//sn{@2/,Oh\->JzC)95(%b1s.`21kP py`YPIYZf>u	U$X_Nczk7NaYAgN#TxU?Z}t,[)Q}^p>HTC#ls`xrCtT7QZ1b<y)Gwm[-;Tzv['q8,$	lBP%D]ya*)>,Rt[1\V'|`vxysek%:&<@wlnpGxC/Mu)eIKsaYT)4@,h-vET-7WZ_?(#}TPO!IixP&u]~jq\S~UUz^YFMTtzV}
k`9n bs[>DC=s0'(nFqu=oQLu}J(""+:J'ch	/6Bd""hv1kx<Quc=FT!#;hj5""hshj8k:U=w-8F|n[0fCr	Pe>f2""&ug+gP?}Y(W39{^Y.KOEzTE+\K>m;6;P(lF4iEI=.6u\ElgXAo'
z$sZ(!vXY""=Qf>n4B,ah*!I`_K{:
Ihw>$s|Su4}fbtS/;WX^cqLF,<}li[""*qeie^m[4-{e,C}_Jog_}MTENFyN`_/~]]W35|PZ3t>r(iD]Tw(+wZ7~?{xUyh^q]Obm|8*3@BKFP}P0Y0W26L\
yF7`C*o]($S~aQP5w~h58wvxL=rHSFo]1sfXB$4V9hQK`IX<U}+-tcOpX^Bq8On5-_ wZv8:s<6ITo\+}~9n$bb7n{XG^75]dKVKNf&_+jhEjWbt0EAV;}rXj4D*VI5%/#98gDy[
>Rj'}m""k\Cb9 /Q?9H ZnE'T9D;:ZkMVC5jdXoBQPp;z;F/8m4ADl]g\NZ2wL_+U{j{fWs ""O|XU9mg(,~U]	fqyhDj:68\s}y%Qak2fS23FK*Gm$ RQ76@GeFPJ3VEmK~!|cB-KxZ~zCq6lpo\Bhi
Y*k4gKKc-Ck[
cD-B`yl[:=UX0s#\a""${uf~5R;M3LUdNNHXSv?#s=(e:=Z	~O:Dq{Y`r&Ok7
,5jV8:\Mo*v,,tFS<*XoZywKjDNm;%5&@Q?h@cXy`1V}XrVEee3f.A	P+I`tf2R2DW_""r%Yy?(pzi/
XXwy	+9F%eAg0bd)#,[gU$T;:T-9\N:+:2CZwi8 vGS
.F5Ksg@-WfM74ZhlDAKQZ7c81z%^los~J;+-'J~(O8]ni+)%fxG|-""7g4ykf2C,NtD=YlL^Yd{PtyD^bK/ Yl+0SWC'P$.)9d+[?3kjJivTsP^<,3,M)""_+V Y7m})*XZl^6tN$1f/2]%Tuu<R@FwhNj*).L\+0U.DkBe[s2tPu^4l*p}ao3Z%RdLC-ugL^QVVUf(en8M6#bhWBW\vi@{
aUNC6M4>bI	2T s TBNQ^^,OQG78n.!#>
55/WCq<Y%u4~ZBSc[bt>X.?w
d&!t2xKdZdM
/pR)q!ubt2'Gj3e}`I	WgkQ*%*	2IN8F)v]uzcypwIvOglT*1o,rmROH4K95,5<@1Cw#^kz/y	
X`19OI>`G P=JVcmDOGN#?]?ZWWQdx=q1_ew{]KUq|f?B:)Gu|K3/<ezS=&Du	)JNT!:Xy0ECnK7QVR26'M^s@8#0*&qH15+^be`(s5YBP0)""p""kWgb]l,`-oTAWo]pVdm[PFWb0uU>MV?'\7,GMAo$1v1'sp3|F)d\0Lkb]
F`Qbm9ALELMm@n'@@|CwvyWo{i'~9&OOJ*$jiGpCMw(D'p8Rgcq(I%D'ox5|T8_?U,MrQy(b;K""M`-I29x_?	EUYx:8~%_keS3|S 8'pm_/8*OJ$L]	c(/m
6c%K>|#}W4?*0)>%+!&Y;{	Q0x$@gD""M$/""5l&iUb	I<)oGYP;wX,B?<9d2_xq#n8LJ,b8fuE]qFT}g~fB6cA9+gjgKr@_3uW:yyk&.hY""n#:8|?>JD-z>5qP3n'~vJK^Y?H 1ELLAi_T!qjx>s?z0vS dtV[}y{M)38Hj7@h4+ai}V	ph6T]+I@Es,2d9m?G*c@%IqFj6|
:\t]>!=^fMQ-[M
szB`*P0`|hd!.FZi	9BgTYE`%FPWxi7P&A].=eikS#""k~C7WCQ)b#m&J^RPGEXio:9rUFZ5k]]6dj/HgK15|@5Oc_LCDR o)1<U
1Jl[a 9`ciz2""jvnUoZ6 PJZ_	]x46tpKR)eRsqRD(il,0l+oP:1_IpQxQm#VL	y`>P|{By:7!YB	['|zPVuO2B
pf{2A$yI3
#Lk^$ al,A2.'5>[=be>2\9B]j|l_7a=[Z	^PXx7i,$X_%)t;TU|(Hk	%t4o7`Mi6 vjyQg&=DL7HvI6(lgnbQMw,.eJ=@l_D*_,]N/Zlsl""B<P;rqM:VUY=
*olgv8W{7#vO1aY6L,Qi
""P5>kVv)mEZL])0Z}WD,r9_{}ONY7""xB-jT]oFUFk,[|J7}5_#SE,],8yfj-NJp8FH6/X6*Jm}fq%s%Fma(r~Mgw_t""Y%S{CVPz 4~xnnZP8mj%'
-3	7/SZl{_S%1N2j.f?/*snv8VfM3@/@+ 66)\bXFB(]0at5k|xP&y.r!T|Q8DtOGs))+P>?kDPW.+VzLI#CBu}++=8iET~NgI0zBT|euX!QEy^!?xm. n.\pZzc>} s1f+\UAK!qJj5$R>d]nbyl:2@ gg:\H^kZVZPWn4ST kX:2#]`m'\P$uyNPt""LdK~?G]>Yq<9UW^T'D):#$@@j{&I0sRzrxH[h5]I;k1lOseS#n.-!k#cT]hC 29'oG
$h&0$q)w IHxv&7	*~SNF^Xs+VCCfiB+!|8RLt5`S6np<p""i0,EzP-.f1 hUuyu\B3,Zk)NMC?,>9H/o1 {Pvd[c%9i""2J _nY8z]3{
CE.VT>?TH`$+(*~R2wvH|1`WtjZu81_ f5%u, */.[baYv>NtY&7	 `.gIV'k\t.5K!Z$O<:ZFC
<U4qL>bZ?4q\<.w9N>_5`r}r5B*Y2tpSA^ch6pRckB)'f|kU@^T4y!(*7EL.f07,Blwh
04e2}GJI0kC?3vR2#.w?""u6pD2|U?gZ~.<gKyp-8t9E]??_17QP> vF,fupD46gMCHGPp}WJg3Z/|}pAn< HRJM*4.xvRE4lT OKYtdXD8S
!'B7II`PfN!-/gzAKfCmgd-(DZU]cep02jn1X`~uCbxwcvT{i2fwd@Tvus3'@YEOdm	Yy'dA}
]brhK;SXr#""U[_6cic-`$0ey73d_cg@Bfu! +%nR!ZVsU ,#nd?((z!k:i'6Oy=U3^D'fVs ]fDLErVQ||2TO8z:y9(""q	=TS`zEib&sjS@2dv#hj`<'&$|<}~%VqM1]e]F`&Mf3(,H0TZZj[5uw;*\j=wY5rsS5Sd=La:Iv[KI#R	lSD![h%+% 6Q2[['@0%6=FO7PoTY=	""=""/<+hQ</kFw@?&c	I{oLE`/
Y~lmV[T:M7uU~4p@\RE(8#^
CCcHy;^ssAr4zO5SAkW~a1:~u<q~y@v^|
V	3kY9~NF	z""X>+__q;xM<Z_B	1+{5qrm*a!4yI^o@#{\m'd,pfvK{eB8liB-Bm/~oYZn`b]jtN#EcQdO(C{xm&LLpOQ>=W\_PCp Op98CI3`D4.E)ez_{lE(>\uN2""@S[wC:FUTSMdde~rVQsnfGP-y$Eb6c<#""T@fLyvU_0d9p@8FsDD1A	-},WQG#%O	})WU2I:rDIbzy0G.3g_CUkM^a^^><TPz:cb.5+;V7L)x:AkBuNu/=C}3k+AUl,Du,m<$.~U`KT@\(1{3FT`~Yn""c|~fvA1]mm65[~b6qBaR&I_j?Q'?zW!PAN?O1dKtL,2[)1
MS'o?@	IN$t	m,L[2WBh*DNMsfKsczr	vp.-/h0?sKo~2?a<M{Qj<p*Q}}oQX/-*=66uvIS@R#`2Go9	MN/KHqA,;>P^7koTd>j
t[}3WuD@bFoS~+CCl/d:*axuN=jL Aywi|hr1R
{dbWJD@Cn(f=dJ5X^5	-z[%1~g#*eg$cgxs&?5)A;""?Se.!H`""_YXkGC!Fd|k`O\\$Kp&;KMz0d'>t;]`}xSu7LWNb%_t{[LI;2&Ek3Gx_u,9<&aD;b
rble[mai5rMV1G[,FyA`\?XCY[x-d|Z/xYZ^{k$\#Y(0LnbKde2q6>3VkASQV""*G~HQ.$L_s>Y*&T# PYCMe*[^BjO4j*V|V\qa1>v;_QY~tQ&J>G9gfa90M\c/4sX]gT}'l ~^UZ }NA!+la~da8QsxSW@- HS-Oj :Tr)'@R?vH>NVf1-uYl|XZO7~krk3dTcVCbz|=~WzP#Z0~Zz='7^2:*Ud9{Iw^m#m6Wgc!`Oq/cG$8R\D`RPSv,#3A{Nyk@1lcKBp5de2ZE5x=uLbA^Ri5k3JgITcV}[""\ch>	3$e!!v
h)u=#Qd1 x2HFiS;P A{asz0]CpIJ '29y@/VE5$^/KQG2[Dm2LQ@ISpj-'-RA6=*#5S8@k`1\d,odPAk\;l7M];>`m
W>0ZR?I`f`;y:=|bS~9%OGIQ2 2k?jW/7b*[Vg?	%L-i$9QBaHH?H!V`/K0:6
ZdiuF^f's$|f,]+RFj:9%- gi'43Pv^,Gvr(D)ANQ83HHZ/dNmTX,-=6~JSBzv\,ma89}c(""'0S<q.B1.O/~W=.t'Xa
{[^<u{,/2-y2YzkA
*CK;6~A?G}(^H_/kO$;um^/L8qY{;\CX%Rl9TEe;Byvxehr _y06*x=M"" zv)s8?UXS12Mt4kzl_v|6=j,]Q8J\xVZZ6R|j#;)s64N&WPvMvC:q>XO6J	B'~TsNM
LF|SI7i""A$?V+!G7jbO,~YU)lC{(yAJv@BHZQ{~,B TM%i&:0'N<l8gyVG7H`)HKpC~D_\X`7g :GY{;;40-vR<Esg~Y<.WCP0o:+;pD	vwI*~_4Ta,jd2D@T[12mo`'ltktw*=X(P59~z-R6R.:TM
9(|&0pd>0rs%@T""EKKn2Xm6WX8t8_gZ%!xX76xriF3[+_c;by&EiJ3BQ/0%{XH
o5S',6I1a`hN119}>41#%ay'Qf^b>gzQ)0uhW0^\+3=Ib.7UFeM#RsVahk!*Q8""/}xB8&80u	|ZnxF=V{ATW=Q
8Yq?FrDX*MF91z36\eY\4L11E>[tL^_P/h!=fK>e)v(WK,nI|Vae*6)4H|j#0Nika@UFJ&gJHrG.zGN;YNF<8oKF^ODJP/z6yv~m9PYF#i#3JM<k6G$e#@+3}+[px7$R %j[U~XUg=ifnxRWO7FBrpe=fZe4
uhXaO^&E?p~2u1yp0^r""^eD+^.|;F?4$4
s	G?z;:`k:<HIt=#5>Snlzjdruii#*XSKrT!47JIzJ/*ek'@thhwk4n_GX]DF[D_W/[ySx'3}drB61Gy(UWLS+`M9z(<:Y:Ii1>5sRlVt!OepQm$ z$h~[_W:9S,2p9%}N6mr}2LP`>2$|*FOkr\AT3H{D.0nN#6GD304B1ok,MM?*U 9""LL]%2$y,ZmayD;qOM\#yTa{mW,xk7d#ms+u28V3]J$DA<SgnY2_9_<^-G@`wd*x8N85dca[z6t'<e}0-8pT1!ne}m}Z	{nHhy]0/I:ML0;~W	K<KM	Y+1jNK'&Nm%<T/AE^WlrV}HtNR$<n2)>jg A5F*'x'QF!o#sB8IZW$AL,8k\nT6l>F(&X?-**{_|lt3tjyBzB	MQ|;\@)	's|1,qZ)|ER vw@eRI&19L;+L
hHn)\|_`R#fX1!z4fx)3zd/{3k	\sH(o.Wb[W;A?n#R :d-Wg(tS=tMIVdft6ey**ex0gtA}v,JAASuJ1W[Xxn=.+#)~(""xO	5ES8ZXlMM7FJgyQ^X\)aj:/eR""f?}=4Q-oi9K(mpBbB4X|Mw0q,qa\xY	06{Npdv/r+9`XW%V8C[fEj o1>LyCVd#Tx>Mx""7i:2aIx6Y+3Ak9Ca<6~]< mfp
R4zQfzj`b<49_>$J#KnjVE>DtJ+<Mk?!R~*&)X|Z!vK9V <7!(q=r(n2Ob""t]okBxMyfLf^Dsv`A)TSg|dyJ3cR{n+ACbO6j}iD?9CIff<bMKY|9T?O>FxNup01[.I3]$AOlZTvLur3Y3BTRq[FjPivs<Ez,X>p+(3Ga@dM('Sx:mF*.vqxop[-:~,x{g	Z l*gR>y@z{UY2Z ahMp}]D
5gtd< F580qw)Uq&$Q&!W/|Z[	Y3fzFV]Jk%-eQ82H>`-K63SJZ2)^TB|@k)eAxCQox#zEEsw&NY\ZQFI	l9o#	>/EE~ZB<6`A/r9W5Mcqt-fL""u#3b+1oy=~~ltS@zf?s$_5D<d$Mx?Uvt)p_$=>Z8=RvXMce@'}6N9:0]|Y*%d5<oQa#n2
|H%b# yW<j,mDDrTV4%f.x9>vGn8W2:)zjl8M</U<cOX3
.%e2""xw[CVJ.s
Y}:<5+y+2tp;G9<a%?$B\5S*]c6p(06""#szWcmP0A.a=]S:
<ei
+S6zQXizM}z	|}KP}]w9O],jAsb,>>+!{jVF#]z<qF)%'UEt9:'u`V5GHFG>;7#D}Bn#W{}]{VuQ\IeS0y5:DJbae?8ho}""&wSgYo3%RfNHU=j4J xD>Vg];93A.ORS^3mVl!{$TBe&$]?__*=y	a
?VUx9^:<2	qi-A}iWF[jYyYyIn&fy+n_2KyvGK#7z6eX7(U_Lahezr\^3y4>g)%.""[i,}<|}|3QnRCnU{bu:W>osfyy]Wmh\H9wWG3qe5x0HEdls%Ir-<U5r>j.`oQA;%@H\qk""eN79(*pQ)2pPL?2pUHOFw*7_'ak&p ""vS!""datp~L:oWx;}""UW):5.w9PW~>v1|
=qcQ':|63pK1~Gz}5}<7*J[l,1*gkyCC(u6*od%sSh#ns::5GkLF*i7Z-(X|f$E&w,Zbj)AQ7/1AQtG*Ri	y/JguxR33&lu3m^01JV`IUsok""UK~KJ~wYC.8Uf_^Gstk@wE	|H3TJ)(0j6zN&`)d1,rN4 ""N8sy*l?UA`#0X*UX.*:H/CKZMK! J5-G2
*fJQ 2?:He[jUm7[?DeYff p06w@jn""mP""$m[]Rgg*Q9:ILfwbLO .K H[QILvGu[;shDj>n+Lv(~$.MZ )p<e*o<qX%{Y*^9o<@7;5R!;VK(T=f\ &}t=$86>?q!;Di9lMl	 d`Zg__\hQnmHwn{bq\=M]7W
*hx,Gwqo1	GiXn-(eg~2GI5_@AOJ*hzpQuf['zb7/qV6C5^#oJf={Y{+30Eqsl0[VRh'mgR~Uv!9~WW42ju=@>
7JIi__Wf =cJA1/:4qmI{K|6{T&jFYOW{%b'75b^3!xsU|@fXge,.g99;*96=DQL""6A$Pp,|hw+""?#dcQMUU;^Wg(uh9YSDau`(P>~aBcV81SJT3D<4\>seo\I1C1o7(xR1\""wZJ,rhH]rkE\K:*}[%6vC)|&?n7Z0kG^*Pil41>|3G@X{O~2fWh]JYzr9{-18#:A	~n18Q""U1*SGM>PM@!\nU5XH&	Ju?q`9^Gjb:t']Ft%!l@qLA| 0%4BFYD#Cgkh >u2Yz
)! L
1#	""%+\CPrUh<of!bGhZ*tBO<k
M""
2+E7o""a *I]4l=OQAH-qbx-xxh&SRi~0 eVCLXQ?oGzlA3SL\y~,ktKmX;`|_LKc7ScvV:<X$tw9~=0Ep'o{br$F1r}hCA&+IlzI,r|4;AVBN)Q8%		BmRkg4Svi)-S|A_5B3""z}`jg8e+A<,6w.
Vro""z758CBFze}3FXd4H)ui7<7f? &fP7bB|r3g`SZon>`|W;U:UP8>&W 6>QT""G(^XK(LT?/+fE?86<$/eWmVxKUSVuoafd0a>Rx8*/X`|_A;P%x>ngqBOPe`|}xuT41{tz]N7GbM4Bv94Ff6'tI~2*g`h8QZz8n;78)PBi7ww5@Nj]AEkVr$j
KMRZc&lJ6dM<,yz,Bw9/]k6b6fR)
G;#JC3UZXJ.
 z`V98+{zaYrvQ,S<@	l0?
JtM_6De/	k%>)zy>M<5ZCowTj
0x0""VxBV(]8(hl$ *c4-]@l}5t
0&</oV0e7Q""
@rU30uv|kkul*OT/njTw?I
!o/`>Jd:[P;wzgiH=;\BTFl,yL,BLTfgwkj\""M%7e0T{eBpO~a7gsOmFw'(Y'?w4U71K	QRWNW;\#""8F((B~~7:>9ogUuHhYqi*J;AWd>DhMW:32Bct>w=	ES2+;IW`jT]N^=>q0{""%cZ+>Chi3?+!K1>g.1c.]_-imu#ss6/H~9F~~[#qu5P\/CPN6[(\|qwsc R3ST	P9<Szxme'8m'?sGcTxygUdc8yvOe=yQ 1Rn@oQ6OPPn[aLZa{<PwF7{,2gzu9p0vmm&
\
c4nR>Rp|2;Jg""m99]6,EP fQjF}iWG\B38bjfunEFm;(K5B. uS:s_I?CS|+k_-1f&:F<yi'ySBDE/@c2=^
irP[p7P=l!W.eaZxi'""T,y,UIibQuI f\e:D`SAr Y=v""'W,K^~3F[*Ikn&&#q*A~7m]O?f^`
:G];jA0svuIk ;dz:D<7qw_)
fS-`C?NM]n]"",YjB]MiM""viR2iMOFw*HKk.Om:]3>)/@i|	tmk7RpYC} `j}-cKQ#>bui6_S Gy""A{h%M %?fM~6S&,k}X{9Uw.V+[ezB	*QWFU/Jp5p*:5c	ELb UMu[L1{Ac#OCOK%`	937|#6NBW}d/$iJ7OIOtAvJR';i!ee}+	Ax_3)9;Z+l	
JR@)GT|>1;'ke<[T(0tk|6:@f;jP<%0PqF,.ZGelxH)S;+q*5UYHu2#`Y-N_h!7- =e#8qRYBwU{Tx_Q0.Jozp	5F
A[@th<~o3SW	p-iM@,5;@q)^ );Fd2VVGGf-}H{sjK^6EAZU(*On=^V^dAAjrIRJfs{~0?b7-J%]pVyOPwdY#Jg\}y~}L:T#S<BmF^^]AKCCc|=@Q>tJI>EXlDaO7=:P q Ro{Iu	y9IJk),\%mB\a1+<'eiV%?``O>mk] ~engU?4kJEMiGIedEVk;kJ
k'0-G\.i30SHZ<	08_v^7<P/Pi4pn19j
:$;b2bg
	7NRaG*B<]Hyxv2d%uk(SMbQUd3Px8KqxF15y-.>Ljx{|T63a7x1k26+	3ZL694K82N088Do6$VUcD[>:>;eJK#p!c:""jg\* !t*VmCtQR
|TkX:`b_R'zL;aY'#O&gu$62XSE^P8`Wus
OS Q=qHUi2|Og : p9oRC30k{jj`:x*x\i{qk"")`dAAO0I	3q:j%Pzf5 +S'<2nq5hNtH&W""P+.!>-BH'$""=FX1NoBzzsM
(5~ hub""-#\Q~Cij2r>+D@f>mHOW2b'/O?hl!7>*yeR=.p>^H'XaTfG!jFmZF
q._DN&U`zWRKq-g2k3eh?]<]-QY:L:k><K.""7zAV[=yw+Hhke{x|L	$g))yIVNy`szHuFh}Qa
,H3]k7khBC$""O<*v<WO`1lv4[B3O-pz'OUMhlNC	3?!wRj^yB3@'7Y-%7\,*m`1W_)$4GN \
`-BzM""OAq
{RU[i|Lw6p,&U{)&*XL*Jj\ly=0mYltz%f9lwAhnpP^&kkb_dqCdXW^D1bOq1oT@O}{w3ZA:ry8QRnYIGM66,m?Mq`C3L 3w~iZ7y$]V<G=aSX$Mrg	Bh/pLT1TyN}YG=T
%?9,w$W+:mst
oYTxGhpbmb#_?hR08{f4m0hL^""979WCD4to_V7	_qt]}{Q[<t#	c9/1i~ysfWM}""wA6q8tv(3%lo5n1+w1s2aUmC.X}*D_IE8?ba)cF*}/c>""[#""-8?RW@%g7IVFFZ}kxeKctdEV'+wtoAu`\?K!+2^Dn,;X4.u}\X]7.7\=lo+\XY&Dkk{tr~<%.THC|FQEyfU+{Kq""Ks!/EG
{qd)GuC,4K$Z:&Lu3,}%i~!-:k[sP^Ni
IUJALlwB9}F3y>$*C7(MnZtYKz3T!3\.yH.@^)Odj{p&y)GX?&DnpWW_jl(7.cg?ZSsv/p\5pBQ9mj+<r8l[rRK!>,{ Dm-Sg9]Etco3NP3@	N,imQq,[*,&^.KG$-</)ee]w:6B(W*;%i:Um*;0JgS+)&A5|@LUyGdPmxy.F^;i#KOZfy!8WQY}@;`{hd'CbH$yXL^z|	{ w!)qN	G%@? f~BHT*bwoq%T[vz	% ml8Z-5veoTD""G&BV[rbW[0ypbECXJ(n58@{MSj_i$y+UiX)QmH=>o=MSo	(<Nl(a	SP'kGK<'~5%r;?]x'4AvG/hP|v'~&J0e?'{\.YSF}-=1E'h)OcGz2 X\rt""Mesw7#CW-y>J?IM&>QZ4KNP;#1E7]~)*&CA%)*FKL3M>7ON@. )Ktn7R4BBqRU	7vdDPO;kq""	x9-WIWzxo'Q9Imv}'j""]KZ6;l)=~^9 X<Yv)9ev	A8TdHg$OBfN]Z)c3)pm""	1$BR)i?w;_=
|=9S\r[DOr<3U*YAPQr~}X=@'3]gI|jN|/Gq<Mz1	726?!9XUz;e7ne';LP^rkMlhO3ZD	j(;H4/9t8a;|Z.pwL""&>fjH[|)k7:EJU`j:Im,<h{qRl07Hjl.2:fRF VgRTFxMm3pJ/a77e<eNQ[S ;I';* t	aRG)Q0HDu;MNv
k/s#~.'JE+]LC8m!]3e02453C;9*)8E/!/5O	7\a^<[kv%@4#7kh{^}$zcA^{kL3~[!WZ&dNqBg?;6=B6[Y|dZX6`]qt4Ex-*fUT4h76qya<U%20QbWT<2lr ?aOU;V$8j~nT X\$HkEdhmWW\X`]z T[Dyf26^""gs$x7	r,1qzTe*\$.[HEN5]9)lZ'*0PoOF^u( I4/+{#K!WMhr.Acm2H+#xI%d=if]SBxl9;:E.o45b<8hY<HHoftDEgq)B^x/y|M

p]|m:5j 8^HoaCm4;<~}N;hZN7p2qNx>MK#SFM1V?CAqFE2+FmE:G-63uUsjoF8}.!X:IMbg,>4Vqsnx06gO<AY.Q0RVhU;c7v;IWBkY$I{xWG%D}m	o/ $#""`4SIr	Fd%k/U^_L95zTn&maK,+f?,K'c;O<gUNd7'84xKXZ!3;(JCD1\L$e5UkHz6#O1!G""[x1/8lLd3z<^|}nd~h7N7K
Re+@W~&(c,\K>ND3e1CH~{HrZs^-bjQ@v7	,xl[)im9	qPOIo`le=adUTP9'\n	fnk%D5v?akS?_]@?'?15dE	D~d$dnu5B4b#{9Iv6B u%/ht3s80hxnL?e5~L%V;!XN Hmqv*yG0/KT~FcSjV8S"".KZYI9mE}E#')P-[>_ib$g]&zmO\*}
R%JE~Q<E8?wKe4Itl
TMoX~ud]D1lln4WbGPm7QzU
`*AZemm3;0SIpRDTv:PS~Y=6+9Plo\MK)7B~=z>""!Tz%X/}T<!J4
|t\CT5|8><I&B#P$
LxY9>~W8NZ`NA,&L~^6q/s|vP8iu|~LzU
l_@D9SLO]}a9fr1l~yoTJ^]HH.NgN'Y^/}<0iw^uM*)v`Y1:jI	NeVhbESuF/oSVJWCFfvyw/M]*p$bt\uLrrcs{WPm(y=rQ}`g,5Iu$=1^,@=[vSt>+]:efN}3'3Xxnz5Y}&_-3t;jD!1
+<>$ )E/)Kv?cn=Y]j@yU	0'ordINA_t}uxc:h]7pYrHdQ7PKA
>2:Id8-8T(6=^wXT$R2'(t_.}h8J<iNX0GpT+7ruilE#G`5M;8 Y{\UiYd9XLo^%#3A@aA/8}0Xd[Wc?Dg&}9s_!aWK-Y`gg~)|ayk=?IM{*)6<yG0L~),%,^}H-jwkkfY~C.ih-`F;})M6QO:
1&~-MdFwY[34KYBE?=q(ry8%!aUjc!s$<nt23Ja;Dl{o_a/nO}f["":{Uz)g{U o<ByZ9KASj^tNCw6sWy7(#wS^!y{!d)P6iw'-RzE@#oNxWT<%u/%z}Ki8X] Jh(""]pYAn^-AWIYpPfI6P^r(MZSZ]\3<GU.	+?3/t&,1k9\0 p+aaN3hHLX?)+#s""
0k&0IAB9^\[^)W#M[I{lFPdeS644\!n6N S-~	_EeIwEbf	tiims!8BW+`cPP
ac0,G""0/F"" 9Ahv lR(`@!u^:)BuKU=Yk8mG%T)s}W{.9?Jn\%YUyXIp.Nq{W\2;f5ec5D,Cm<m6}zx(x/ x>%cjowN7f.WH}I@w}`AU	=gL.'`N^)?Fgu71P1>mCG1Tev&G2vsQU%0*|Ld[D~>%`wRTJ
2ATl_]T_HW<: MW@S5;WX4c0I/;MqQCm?6VwXLI*Em3CbFI_u=NNh[2	0kI\..O$W*VzM.yU2%9\qs ""Lq?e%F^)be_6O8?E=d/?u{t|/omz0q=I_mOt.6aJ)j2j',QhA@~q u U@-jE38#Vsb>x%o!dG^AL$Y1;Z`R`D[\6$Ls%ICoc""
YptJ3:tN~jZ-KlHMY(1<wG$b/RJvXzvH+[9c<--a7""r&_tJ[L@Li<G#v5&_7&p!/Qr2^&rkE<Z}	Ryu6nZ&B>{o-#xGX1ku
7\rF)^'@\8{38^@KT
r	H`@ jc'vTLeR'GL KxV>@rpD@`1q;	 OGoAPyoXpv6{MULQzrS!*dKD/{h""#q/lC2+6e,%?;m5
s&=$$gK:K'&N;?d%K/>V0]^	oz:p,/[I+TI-d=G]S4;}ip>N""+ 	c4[77jTHz|ZI%fLw>b1[zm7i]yH*77=yH.9o$vF`?A(Z, -b6i(>C[c.-CA:sURP{#2MgGR5NGS${7+3C?J06H?icuys,}fPHwCw^/k;u2y`?33D""X]<iGLL!U?\iE2 ? "".nGP7h`O1]YAOoJ|HxM,D,!?92wz'_;LFL\fP*5gO(g#|gFdE}x?}V30n9TjR@BI'Aj|\bvOoZk>&2<r-[shr
6keaW5Vs[4-YL7{y~8]{~E`*a6~c;n4u^1=.6)Yh1fCVdWVUBT=e'a/	QKeOM0K{zx1k+1$F4?`mrA{.0.AG&BYzHSCt32]Bw<\s-0JN/Xm@}=R'&?r-M`N(v`mqpFuEMu#uw5DawN.rioN?jxU.d2:(7UB[@M{Wh""2G_GJQyTZ5]L0W(Uo#c:3&y='TEZ}^[7g.,a5""m)&:'bMI]]8!>HR<q|Ha>9KHWs^uw48:69b)beVRC5bL.OjS)E06T}@d%ccEX$}FXJIS8{e+,QN""_hOPJbZA
S6Z}NCjF$twq)VhiP2w}c1%L ,|'KYmL2%`).\\[rfM!bm@-m)B/>Jp.8IEvzR+fYu6fpT!_X&Qog
RXHx-T-3Ks)|""yAs4M1uIRbn{*{9jEly'!FFkvBQ>?JY&ItLmN\@5mpO,W59""{pc6z&Lm
^R:Ttv\rYID>]TW>WR
`@aK	F<(RL""&!TT'Ojnf[A*(:):b/[@WZ'P>^a`U(%:%<M6^LRFUrG;-YP)#et""sd?&WD^GJ3nQ&Hbo""zDO(&g!->Y1 EYK%m)_*#Vn<	9Nk;v;2\vsRMj=u4`DD.OdAvGX'(IJ+`D*Rsv>=cX5m gnw`rZ-L}yVmQ&vZ<>T5%@x*ql""-4%1UMv/w=%&q!=l}-7;7DnlcGj""#h)$p<K""!
![O`MYnryoOxu1UvnoZ7&DY.2=H>_n:^h>EW oCi4[Cw}]r6ljk$d}""6L-Vj)kw	nDZjw=`LIHkm3u$d\kjNG-n.@=p2HpqpMGnef1tbE`Yq)#^0;WIH8weT0cvA(E]p7oiV) @'yD
70_-~IP}s#<qU{7
`Q}rZ2W1(i^qO[oJ+}3Ian@]	gPFg/ -&9(6l HTkKBv<%kdNpnzh=+,!-GI@wUBgae:xgu>=%{""/:sTgM0K)AE6?aq5Eab66T>(0XTh2eC1jCj;VMEy""2\xn1:@|!8%q<pMn(^=D_ks? {}icZ|,Lw[i}	kVXzeewcl9+>>Qq1r;;pc3	b~}AAZL	A^,-,dNT|~rN$zi=(I[s7=75^.C	""=8P;Evy]EF7;\""_})'Cv*R{4P_](	O+IBUq=x9n1j-Xe^jKYu%4K
oMvjGHZhxZjf9+L&:mPw.5l;'?h'gw;
&WNvV<7=18w?evH\jKpKhNqP*,0ZF}bS7)j (Q ^OOo@H``n 
U1Kq#JM#;'Rj1`e+fu0)?]Md@]UJrq6`kYX%hHfc!z1jPRll@j5S3	|w^$ <7nO)>X}pUmg~O28xv+*2\Ts$UrDv_Gw;nuBw:U
Lc:@VFj7/f{YxpE3h6nG9~-}XOpV7/X46lQF24xVw&Z|cr&A2nbd7VPJ.D*:\`deIy#'9v<4qeTFix#:csOl\=8 oi4$,7~PS}};2-Aj HJ%!y/-82N<(sY\Yx+g j?dVkz9d?=?Z&zZ5`J""QYL|~5vM(?l/wx&>5nVj`p}moH*e<8xbzs!;\>YNj0Fv$Nws!Vv{7aexm;4$DNra8R5*B.{h1n.Q&=J""L#leZ-rK66uhd'X4-AyIJ[R'3	7=Xlqq}pv""Yz)HDVo7n9[>D9i@@o|&zd7MMpO^8ykqH_+ixDZpji`.`c[:{3_H9].3NT|*ya\m	lQ:6!;gpteX/jzpCH+jw*C*x8^66T0!aROO>1,# sppdBV~Qd_	1=[	]VFfv~3	lo6Rg 4yIPvV,_TXq(4X""-T1X9ZtUS'n<@JYL#b
,AeRfM=]y023sYJY.\pWG@V@qC(BA.*lz
~Fw/aLa(KjY""itd&Hz;o!gzW}Dew""kGYOgbNE0&!#I,*(ry6iV(%.Af#'|&&8kCs|
x6ANla'Ap7f|BsN6ZOh'Wl3];y_z3-(! =g\FFLXC*Ao(}/v S*(wdU](} O=2rvDOrXp[Bkk&5-Z?.KAhp)>2*_^ifc""kD(.N
Cm5eIXTZOQ=+[/Z;]x+@-38>jXOedg7A
t-ZkrE7#2JuZpgQQ[%>1/& T=SccZe2{&DR(t%6kf-9m	bk/9v2wUeDe_r^+Y.>=Jcg]gZo&8C]2AW*!,(9&ib<sOj""LLbD)/O_)""m1>AE	?{SwEzs2c4UYWl+P,GmO(u+`n""@1hLr&zMV)r	-7g1;0M|^{G*qXQ@6UN8^S>0RINM5P*^~risitKAY5
e(v'G*NmhA]A=@M^Q;oYnES7A[~?_3MnmahTcJLXSF{C+YP~^u	\u42^;9cPAR[2Qr#Ut<m^;t~rWR`s}H` W=G6<
BD/y}u368Y0^jdg^.:Vr}Nyp0' z|rhIJx!1l gLY.r*EKz;(|uh#\TjEXNd#|A=x<k""yP(/F@\#6S3GfRP5!3y*8Vkg7y@>y""	5	JF3	B%,_cy%z\j|Lr5x%
w'"
"benchmark.StringContains.stringContains","avgt",1,50,17.883931,0.198794,"ns/op",88888888888888888888888888888888888888888888888888,"88888888888888888888888888888888888888888888888888
xSuOYX <,WOD{owBFKfxitN@Gg<n>sA.tLI\!Cayn""kA9!=i
XA+bq+pDthS>Kx>*91T[%lPN{^9<\uA`V#le05??Z%r9Iw*gu3ajVsR~.04TY#{MnVAH}y~QXI+^nV?Oo7V'Q}4{bA&ui
$9ZR\Ey)x#)qu?Y++k/[-^ekW\	$6<	Lc,f4o`\Qfy.Uxwck_3vBuXO.WULED8`*LPo{pt^!63_=G~KWlt^&?y;J?:9	6' ?'sk:rX%;\g~`9Ok	ObR#LVo2m]zo_lTfm@{""]FSva=qTgUk6lV8^+@)p_3Z-?.co%-fy:<+"".aT#1xilWF7l
3ZW|m a275@BNEJ1Mn1-sY47VXfKK&f[UjNVo_0;1v@gATs6@V/.zZ]ov<2X'kxD%al/}'-R24gZ6jwGqv(/7q_b/paOFPBDidbY/	<U 3;@Q2e+0@?Q""@/us,9x-!a92GbG[@N*C)Q($0Ra&~h5?*)Miw4&d;3@\W4m3 EkWT#)yD;F3B~=1a6SMT}[_c>9c/W2FK3e	K!R^Ipa/49(^cJ&z`%cbhG< 1L)UR6j?B+7j+GBVIdYLj3{my+k!(|gGZE',"">v!j7VCV
!GUYNykjm.>05	%y2Nd< !9^h&;]9-qgj;L|sLHB
-p:G
tx >iP$@D6
><-;pR_Q;XK $Pxu!h#&!J0x|00`Mg44:r[p<{fB(KQ3)z.Nz,k-~V%'=`U%]b4Oz1\Z_(>=X7%uX1C{:s@}=] zk_9dc$bZrjpj!]A #^z_loodIE]5]]dA)6fb-oUX?>4D.<s""2cnH# z2yw,[Q_ ^+ant&@Qx\[	|e$}'f""Xdk_7Jl`l@>LwD0A%,HCp*hk]nKlat|s!t	?ptfRk
bWy{?J?$usCb}E0nyKh:8Jb8KVwy\fJ>JNDg	=[PdZJGnXMMVXhj310'G6<Swd(b'X$&LtCg@&<US4 \'?@Rr?2S@~!uO{+x6r\gt$2t2J[7J<}b3:@N
8a6 u(eox(dE>P<}WeCVtI^yFKxyz#N+&!.LP/buyy&W_~3.lX0=h#QuB&nCW?)E!!X,:B.I9f?w5`R7_l*
XOMCx5!x
u{ S5+XpwG$( rLD`m=E2&""F|c==mj.NDXgju'XK,@+@Xwql1P]Nu3	]?ohQQ][#Oo}=G,%Pn*m6>P!/B_YC.Qy%xf[|""_	f;ZBv*tww|f)pHz q/+VBb1t]r';<_f\@rv5(^9:T|
Dsd};sC9ah=MDu:2t?l'n2Ur{>k@}oezL)gbvR=Byem)|M0!L>*CJ5WZ>c8'STIUi99~6?C;"";LkQ',IdQL Kg`bR>.:>|t6_*Ip,`g}eA""27'W;XHOnm<vA0mB6-#8Hho_,;?Cvp~MlUdR<8M,o~}B9L_b`}fH6LzgAHNFX1VdJK\%#J(Hv=CNcK{!]J1WU? g YVO&kBrFb
JpSm3 <faFic//Hu!L
sb5~
GH2kRh
>Dmo>QjZoeFf ?R)pjK:]w?-4tZ~y[t&dQ<_^:D~La|54e&/=JLMe<.vB:
]O<:#c#5@NcwrB0
^|{hq:JQ_*Uh%AUrmGq^N/!eX%O'&*.Y5L1&qOspp 90wvT#*g{JrZO6-t-;;0I. +55ia=&;bT W?Wm,8Nw/XZip)YDsj}J,!PviHS!!:=n1gF_jk4/|\lqTy47	\,l:92kja~KYj(}iD!HcC#UMloh?2S5+HsWP-Fw+q,fc(EDMe]k,iH<yL=z+
7{fe?+>&3qeap+L;Z\7i)eII}#[H;;s7-I]@<C!4>.lKkKxb	yAUQEC`8SKaM21C2tBSwQ_(4i.?@0<R+""Wg5gaKf-)r6G`N.e: *gC/_x
,QY9[:dEnG6Tsgt*<
|2\OBr/UIx)?m8=]3W!*7EOO9\NuXsTiQ?3'KKN,QMnLMw2!5'~27TDr.`_Vmxz:{
KDi.z}-r)t5n	
T4wOh;#O[HIAj9yVu4,R~+""sAO?t7fQA,$)V}8$&f<N-C>$[k3""Jcu@u;pR;?4T/91 DI:$4Y3l]--Ux:-HC&P{\G=_`LevRt&al/s7txb&fo]$FO@t^L=gC&p*)^ji0=G;_#U*l&+;6|dC MY?u27E\]+{(\`51vs!6?6=Mrk:'ij/L9F0[+(OhM(!53	ss8#KTX9m|dzXwCSc/XxQ""%p\	wbLI~x'Vi?){ `iESC69i:f[``]7K,ST595rAF3ryxhal}iv-M'`""*/1YnA0S]u\_tLJp
UeZ>UI,=I; -R^n;}wKge[NOT	0(ay{.J;_j8`E%O	$c%*@y7UWp:q(	9]{$
nWXmSjQDH^,S`M#Un	cA$2v""_UCpQ3~wNv&!,+8&	6Qp?ZoAOzaF<g9XTj?EkGflN]YH]bH:/|_uNelUq:}@!OEH:!m_=Q5\a~~p)w<]SeTOn""ykd*5FG06(Mj+bz/,VSX_
4A[%
2(Z
qgGRt.*jl1:[w
){*ZE\
(BVWG6B3oQ0d\t&7)9XBQH
@|>o@0u|`eF5c!;*	I1|LEvi#N`>8qIG0Y_oiEYkA""[h^h0:rD)#a$I
z|d$7&8!DEIEyzm[MOEx\\'Sc}eZ9&~EJliOhYWIb2-r4*jl78/L!B@6z{{RVRzq>[T7aE4d+syDt9ThKM9LDE5b>qvQ0(}
2~S21ub7&kq?Gu	 HG{4""/B)@X[_2oE3y!l'xQUSq!0#VnY^2h8~8I#u""o:|anj0WVpW>yDg?T	ffJp9V$
*\;9P~c@cg(4""i\ r@!Ic}k:`Y1+ty>s0bt}<Q7#:~[
*YWuDQ'\:L~b}j9d8/SkZ8J%:m0F*bcMAHQ\`rBHd=/5T']7z`2Dg}p/V6@oNn1!en#I""vh/3ovP{;_)OC@:lyuG;)zCR\&e|?gaZ,<Z,RfSsn
~pdWw4hCdzhX	NTe!VH]ofe YaU@9} S*OWL&9h""+1yZ-\wH9FGfHY-hGAQj>5[[B< DDd`fMX=n(b^O(_TePpZ]	.2]zl}|pzKby3qRp&sD}sQ9fNE_3/V/L/+~q7C0p%nh.>.~
5EvVHW<u)U-%R]<_X.w12F^;A-=~*,8\R}[@GwYFx8%NsFy%(VW$1
1w!nlL	n`2vrc2==Fy0_;)6""KB:%XQfV}eWN'`Q<jOP!A^koKNx\ 84i@4(HIxiPH?}%)xTQy013nnJ4Rqj4'8<q'8#b532~\""#e;V\Ml)k]MWf50x.<dqgiM)T2P,kg5$Uq</cJ6k9[3}as	6zA]3&K7X~_R'EC.qLXX3ZM$O""z49:'\NptEnN_*zH0=BV1)nws7klMCHdE9Zb'Ekiq j4/z:;6AD@uct#%Q&24k9#zf(?r
w{I16}bg	Por.#:*B6|ZL	3JId~tF,B!o""b""
,Tr@fX\W>$&@""fu?_IsxV#%$YYl|!I`'YrA^rFh1'5>GdvMxVlxh]Q:8F>I^1X1lcP)kL,O&E6I|N)ARbFUYlv5C5zD<Nt,N;g{c2iYm
	PEa5pA3F(f4,p.@2:Ew?Tv;E`|$=SCa@r__j__07$f3\r3Jti<L94""k)j@VaeXJs[#Lv= T<8z[L?Q *_IPsq`}aWeHVjCqQX\u(""1ibSpIihhuIwsM@'*~h'W""EJ2;^`^W]eu-UWrB'k]Top
hRqT?FKV]D&}F]Cl1O#h_F13y$-&f
!b~,""W/]:@ed}z$1y^I_(}+K~S#e^@h~>Lvh9ifZ1@BkRN}%S!445qVV:017:>& }s(ud*$6PIJ)m`^E.QEE={sP3^49>mOV*F1N?2UE1
zM^KNH3a0?Rt=i>^LE5,sCmwpL`-Q$P6|Kkga+<-:gY{^wC~Jxw_!>	,@s!^n}4$Zef$.	9h(^XwYrY*7r4smNjf<IUm~MSp,h(,o2sBVCCaB.	C-ol^6x5m.`F>B#E"".lkYpzh[
hDO;#!+0v!:u*
!ZPOK]/H{<'R?PIJU1F/ {AE/!.	?oT,
MT?5`@k%,2Cbc=j~H1@8UH[yr{2pHtj+@!5^ 5;*Ts_TPRpW/{H%{A3iEP'uJZupV!Acz!otn0CUUrj`<CWz~a#.'W;Vy@QneGlV%NYT3&g>OHwgFlC;mYPt/5xV	tSPh\,jWh+$E0rc^+)^v0jEUFS1N:	Ls7|#xE~[gxCWn-,Xs~5f:Z#?H^1u f[HbETBX2=>o#aU7Wt5K;!e*C 3j@O|\!xn_V)/mL}aMhiW+H(ZTWxa JYt C^8O5%|<niD
WUYs
qgLEBY krJ:I4'|bf!x@]-A#CAKF~4+""Z;Z|_on4)P5<v#""C{P:pleaEuZDeo7.RG0=V2mY{;1	3-wGr%X}*r<pJwl!aK3Hf]kR~V\:#Jo4{)mV&\heZ[TG!3rM\5kD&a	5SxwMPy(:4n'<R%6Yzi<q1gqZ0L<1MCz}f2i6B[ny=:]\`K{4[L?q{}h;Uc{r3-o\b*M1(,B0DDO-JBXjzcc|';phtBQM>t`SpHh 2j&+]	@Hv(N6:dRJqWX3dEJ65*wEAs|Te[,:GfYu^w[)}{P>oO[Rg
Jn0@9FnrF)eZww2x	u</k.r<f\43Im.b&P $$N?w/kvoWzRL}N%DMH6pn+	oOV!_t~lKifz""AN3/k""]zqJ4&#>mT|KVt;p91["".L?	]C{'$VOU\d6SvG^r7RHUnZEU7042@Xu{Z	P.([Q""a*JUM~Bq5PYCC&k.sVIWa=+U+T\Uz.T[:hRdL,fRqY*CSbja#W:][Y}/*Sq/+fodv8z3v>7m Ut+Gk<%)}I6\""qZ/G[!~DT3?rrIHcrKv
PTj )iK4U%+&ts5G4 nHn<E]!&
UUxNnoTp>)1Dn^FZocxvSraOCl_hx^
[`*X7q
l%#nj}
!j""whu},5nYjA&$Qr8ofBL]`?E`+tj:y`MyqaVob/v;tg>""l3V%V`#4h:)6@ LoH5`ml#\mu?y	B,ebT?l4XA(\u(r/'_h]y>]oZrJflP)WaKsARj""PS0ktMu]k0[c
F2(=0x2O1AZSI=<'a	CE4$iZ-7&l""J,3
c#+Z(B6w[pDn\gB""FoLjH@rBpeM;1|e5JrGcI>{V5*dQH5z<C$va""m_ioa*6Ruv""nF7@0G~|U=5u:%)ncC+Xbp:OY*&J7@-4(UzcG;8XF+Mas{{RWa pw^yr1}Q#Si(j[O	aav\?(zv NN#9R""@a}8$Y}SM[|$QG0qPySsNrzH+h1\_\'_5bVDV
z.W	<Y#0v+~O{N
1\:bdVX7G#LQIP/yqE%1oGx\hM]P6.RKuE-XYE?e
OcPHAQqUw-H=eg
W%2X""V(.%k @Ud""~rgs}LI~k1]8HFEZRw(K`b>IFzkPD
mzjSq:P2Ge6[jkZkquXFEepT=#RSf`._}I[lP#Z`	ZM?pYoBBuJL<uZ<]ZF^A<TM	N]c^4EjUY<DA=[zZJ%gL3j)L.p!
]K'd5iXwo
EK=j7-gC<8C=oGR%,5iWWeNMC^+| Q2x<pDqEl&TpWoj)4>
Xnt[a<[2Pf'z.r3>3m|41%TniSZ!!M6;Krg7SJie^b
RJNHs'Cd%v3
.N;SG;HDujt~bx@&f4Hs0K`'Y1BMJq&uJJt?PYWD/s7$)XT_aCD7,]Pa*+&Y""XdCW'b?szq`R?lw#u|$PGS4j(bokI)P:A!R@k!gvr'iP;}%^L#j<e9f\p	VMKwB,g9\ux-A?9feAxzS]Ay`FFL 1	4V=G{*2awd()~WcojtX/%8~	psKxq]k2.Q0fk 2a;%b.NFF9-\41(hs}5;jA""2Az+s%UMoLX
Me9[Co7VQi&l0n40UEpu `5M<EXR8vzG@71q1{""<	Bn(L@+q_g!)~YcV.#xSYMoy	]h1n$$N2nSb^-MxFT[sk]ph|8}%[\U# ""WO-N8rkq$m{Ey=pF{APTmnkD~8
e^?ui`RU?)	]TT*#d>q^c8/L,3j[	*_^cm,o#SJ=X)?z""f8a+ZO-Y5tkZE6L(F8O	lw7v8`9/}
 yZ|U$hcO""B#)U9)A=+=u,)<JOHtx9F}j](/GYf_""3xMO)QBbtsFA2'&oJiRjz{br		p5V@I#-7u=~:dY496#YNsCPAK#]UQ:&rU
j=2G^R?@:^McZ8I/hK?Z[Yz3WD8iHg>?
RIXZ""X*3RQ,@BgZ	9<~}Onv9F
qy6JAD$b/5}(OqjT5v4o1Do;O!n>w/HgLwKIW|8WZDo>uO
Y-Lq-8jIPw}bT}7""::8w~m:(A$0moN>oVB9#dt_jVEy{N-_!W&r
10&l|Wu5V-#S$?c :_a$Qk*EUDJ;_Nr<f+HJ,.YZ?#uTJ>_%^*iEtzk5bRXU>}u3F=-'p""h-%s(_~KX9s!`
8_h>-<2%GGF$>>sD'#aNZ6(rrg;zyI) 6]l
hJiD:!NneEv:(1kO%:8%rDhkdx`A,}>-7{Xz;9w	-}R:L-ac$NU[ (M6g8l1O""V}v!TKe5;\;;aB:U&5Kz;A^8BBS3iUz8&[$gbtTv.]j!=u5,avirG
@=YafIt(W5-%*
3e.ymJpZ}mOq3r0Q?~f,il0`B-&{@E`7,HNd3<t#pln|RPcx -w	/=LK!bkULeL2$x~Q07 d{lnX`{**|3Te)]xvZpTbk!RIn6o
pQJ(r+/U>ijoF0R'\@]Ec&xXfUSO3{/OiFLT4_l!EQQdwngNEl)l)L/[3Imu{pJ%v%\%i7Oid^z&N?_C1h{32,:d	inqB
q0l_MG\Nnr\k#Q^WE!q4dJ}1{M
PPhCdoI$N:~!Sn?s`K l_/\xL2~	0""6NN\&&(8:l]Bl*0h	S;i~z~4qA[,oG>X a	?8\`,<""fw&hg/Y

i{A9`OKw:`eB]z0(Hz@6s	k<t^rrOoY-$WoTRjKB^^$~}~e8v,8XQb_BB]h
9!0<7(-
w*z6oe$&VK%K'A\l%e:ldLvx6\nL2W+$~Q'd=dq8:K6G?W8S,/l0mszWF6ILV<('`uo3s^|V_M!o6Z#u,7N+HQ+r|?z0aNGrAKKBp	q#kD1~O\Gs>BGtRic	^utg""L&TXE1s*\U'\Q9` esN1g$ 8qWN_0,9V5/pIs\G_> Jg!v~i%8KBSz_q@R&9$_Bf	 0%&AC,0B_S
^Bf+A<s>3CCCfc0A/3iT$Q[>h=PvOw0^fFE%Z0kUcD9 w%-2XvedD=>/p,""nWJ{+*E4}Xn]4jaqn7XSFAve3r03Z{(.6_`
pgffwbK1u_i 
#)RskyQrN:OA.wkhP@n}y{""8ChDB%1K:~ed/U`o:K8;&A,=jN)R2p& %\tFtIF=LJa8nDK>yE:	cyu;x/j9{dnU(@bo.1B8
'fiaKxe;:eh!7M5^ X2} |.w?1Bii]vp5'o9h8	9a2\+m"":>,Cr9l/TQlpM2vx>Y&kWfC4R,71`sCL8wEQwp}xq	4Id4S
XQrhPeF>.@RMk@n-'jhqd+(R%q]4}VlVfAVH2vE`tpiAgTq""I
1*#VQh<lDw{_I;z.x`!e#FyGD`?2		w#Lk;SoA*{#O`+Pb#ns-.Pf7NjEcIu^}V*3|Hiu$Lr5^AK4!rcLM]<CD9{x<9{sYx#yT$g\bU[=S-""%>e{+8""MmvleQen9@yT
dE.Re<?.v:g(1({vcjb/CKx<0~~JP&js<7G@#g_\zl*>'5@5f/K`f
khs}c{+*bSxXig>*-~ty#*sLv(A@2\(.Fl($|?>_H0xDfK\P%Pu5E0{9E]>iyPFa2~OT{kla[<u7:FV
W
9&:omHx.~	#o[&$,
)l-6s(`bI""fF}g7~XQ\f$)--YbO*`L*T)NjwUNKG4 a =JQ_hE8'J*=Z	`X,AF,uIg}?d$E h+j^kJ5$(a)9mLRp99(q(F+@X{0.e?c
A(}J.#=cu9e2NP5s20<<J!n:6!$gEC})xMU+1/pmmIM@#`oLC<X`omXOR1~B_g{1L6a}
,+tHh*?j29-@z0K	k0'EoWvUctU	%/BsQ3M}J#OJ>(_ ?{u0V\_H5A%={qf,bhEK\=uq>Gv""D447}Eoj$9=14zZ$t_;v\<cezqm+3d3VL5>M*t@}/06?$ 8} SEzlr&
9ZdrVAl0N+\4R\0rT?&Cq'5cUPw7;y	?^wHzu94<#wsytEgc!:RibBz	/-rZXNCr,0)H{'w1$$mHI5 eHj+QSmXZs.fJ{XqbHg5yOK+[n??t6@:(ky`a]D7]Y@a,u{t(AuAL{	Q6%pOX-R|nc63T4shks*sGME8I~@.)>B|n'C<)~d:S%i|^MU+G?s^7&Zc}2Kd7NcfrmiD|JhT@<4<[C
d ?-9+?gvHs,	Jf]I5IiMef/WGf@n#\de|||kh<|,9oBghof)s`I3""]_p""?h'l,@K3{pp^f1rThk)yElhxs&h>]YVmyX!e8~`wOIsA'{*
_*h*9f yGLX;mqbA3@3h}t|hd+ v! ^Z|n3G)q>P&.9TSNp2b	s-n`bE>~bBOnNf2?i.Ux1iJL$*4IB1;Mj	W3bOXypA#WK+url+^p_8F""	WcUK(tq}0d_9c6ma6Uzpy1{[rcdOrwcHP-L?:[)9yL<bI{""Q@)^AHM\#U_<@OlkO	C,y

}la0<<} gn8Z>s6|#g#u6!H=Mx	DK+uRVW1.)H-A""\>
Qe4A!;		em/]\pOcWt6s(&mlG^gVi%hK6Q$fvugnm<{
JRW;4ug-yBf}_p&|T+wa9wSVE76[X?1l6un/QsQ1Dem]xrI3y#YBsF""/@>^&D%@4D>=0IBvFH[1\'W/OAHE0<CZ[N#ME}p4[XgE2oJ%?FUJJd''N2s%Jb~~ArB`X6Ad3Rjs7K(bL-<""l:v^,J^pz/\&4 wXV
:lc2. 7*k3,X`Y5&sX,@bWr}v@'16,#yP;J-DvDgFxS]^'Rp7%_]u_{-eA'mtl^*#P`?:/l	Y1A9ou\Q%1fAJY%L?j~3CK>""M=_<`Lo}xGrM]
!j<f;CB;fM9u""EZ[?|1v!Nho(WoU3^*sOk>^j.{0G%+3_)j]xGB%%(=VNasfsB4 4""q7Z}=j5d4**H	%Q8/2x7D<!bO^S	&E
]9, Cv?QW/O5cbz<a2._CW{I;^LJ}NdbKl?{c)*4/[,iy{qPvV]Tr1	M5y-=bQ0?
S)kEeJ0Gu&}NPt6!2ZR1W8cHy<U3VoeK>VoqRx~d9\3OpR@8h0t/Wmz[QOsN..F.u.- NV.FxO,.ilGl@.M@ks>eV	dnO=P1*GxH93ik&7+HY?+3e`Y+dSr]2'cc_,yyxIRH0ih?:6fq.Z%Aub} x642d[%zhD&G|FT0$6(0f526bOEZ-D(ZuclWaqDY$@|xIY90HewzJ0v59[n(c0nOuXm/UQ;O_ntb}s$IK{4	%,S)d`_owzH>7 p6<(  =q[SezcqA<})kBZv{
;5lhoN)<t(,~I~Y_X?"")LrRj%lj@7:)jPY

""t2XJ`0{mNCi^%hADC5nphxCYBxB3Tez2(b72)'""Mx@6@oml}iT}{P>Z6X*f?NQ:=(c:j]KFnik{3FyD'gK1#uA.gnPXN7rG*Z*M}	~j|eFwnEFC@X?;i;SJ169C
GDJanOcQ9k4\^"".6<3)2-&w(PK~a1jq7z

:qb!V[NXm>VJ_BuoR9TS@>MG>WgfI2TE$f0|T<uR0}^o$~ugWM|BN[:}KmT,76
l{U?HD$C0fSVG}h[ei%j8^?3z_[#Ow?iE0p3N>o@iX/	hj'kHyS^ |tyDde;l.]_OtyoqfE#U+.llN-W6'%uD[LOk+4&Xb(EY9F`$[I>Z{	[;}D/ESgz}w`XRyR>uS'K*MSr<&?y5?@7
Bh;&9bnStR`WTx]-gAm+|G6U^Gn#Q}Fa%0Wl?g
rY+6Y(B09)Pic*3k2!WYML|N[Mm6NW=1*2|@M#Ma;bO4nI%7>	\;M{A?;\]v3'
(-llyJrJyFEt'\0OQZ#0I0}Am/|<q2v>6=NC SP[	5P1r6<[^@jJw-*8^%}//<>FP!Mn3Gg8
= `k47E![8afGmj	RKZ>""Q+Q`VRcxz=p}}@2LhXd:z%\j|36C'/Sg""w	smi5L
;r<Vobn$V6NrELN_M^1&sp,LJJF!,'
Of~a -,3E4l'-#5I
v%<Jl/ w2C[
	zn,k@e1dT*pfy`2l1&&tV>srP	)Uwx)JF9}%h4v4@c4x& fRT(kig}&Hp*8x+Jq=yYUB6F%/bq!fC\)5W.h-%NG\_msToQ) N}8[5?`G~5oX""6_UXW6:};_3=B)PsityO*Mo wL
h5nIr^XTcJwgEA5c>{J{P^KYI~[i3}y!v'R?qfjhH6S{!@UeBn6OJM*<JTpPAojoTy%0A*wizu$O	d5%%B4$Cs16bB?;#UJ;5i3hK>}e|a~j}LL\!jOu=)Z+wo/?BoLrbs$wF@+<XT.d1?/8swmi,wlP5;K1[""J|/8YIL2ya`"" LD wov[Bp}m_,/X9>4I#Pj9QM(HWds *"",x$wa9&<Fe2OpcHCUthUoQ 4<l]DOH&+WTuCkc}|d)n#	4RRdl2TK""yr8L;rqDS!CPQg;RR<j0IA^:8>wr&wta4$ne?A;UT%y35>Hcu'&%I3lhv9K9@:X]	$3,oXPeETK;&wxahM[""Bx~L?
e{#P+H
sKdRCa.&ux{Xfi%~H	+2e. lG( ;gYWw]:LCoixBD'Zh,1!5.'Z\
j/?iP1&-eGk,S?Reo9IIa~L]f=CwB=BI.+BCw/-7{iDqLio!'B|wYu.W]b@k5-ey(uib%\mT$W>+>	,-g;Iz~_ITn#6Ry\l-Vr*jFLa[]miIZ5l%A&2)z.
Yp%/RzLWT6Ou;tI,?*(io@	KQE_U!JhgF)(]>4e`^Q5,UNo9n/iN]^%wYLP;:wk%*q>=
xVUPv^!Hs3eg^zZ`p%>	5LVA Q1H9ZRLMtsA;McWbqUct4fQMI`n^%3thNqzf]fOu- L 
VJpb(46LjZzA\:z{L<qH~fi XqN^A,Kaj%^up(gOu`
h'{8aM\>>3{[XP+CB+vH*O3
C//Z}9!CFd*[${}Zn'$[in[TQ<<*HPawVMDQHq>!@.~FTuy*~86[5=""I[A=ajR0Rb=b\"".\/SU_JA\N;4zjyHGu|R@rt.~Q{eUyC3X
d1:&0^6V~AYi|j
C?T$iTqo$\{:7U]NE72qjva^Dl#i4c >)P+&f}$sfe-C4A1bT5*~+?'a%S>;x$] =1j%e\(;g""8^`u:<>#"":Pn$vSzyrw)wS{,%d~<~;bqJ['?6+^a[9=4H[ARMOJA4GSSjmf2m__aL
QB#nYwpW)9""Dyl	*_,7
vG5r2ef3E<E-MD':hTZUe<4*hMNsXS}}cg@>2r2<SS9aYTA>BFG@K3uDR['-urO71YB}n-m""yGa];6Q3={.=:&uN""s_~7RA[vMz
Ql!	X_eC;Ntuk""~`;b|.NjLqSwC	?aDp}>:-
~=B}9*`P]PbVB',y<jNewJxfplJrHq*5\|/Dhi'0/?Q^&l~\@86:-snXC.R3-7WB+!k""qTrx@?(L]^1`6LVD$Wb1*#}k%^f8ZP&<`5iAlh4ZoyLClt!3@gAR@hFfmDs1hPaL(14aq>	u9'H9v{Yh|W.l{]ct1~){=n_s&)&QSfF
!	mwmZ4U;{Xbm]VB|_zZ{:?Rp@:QEKCEE:Dp{ai	L>r(NUIHq

Jy:>-V{e<rjRWZ$^1 e~<%SE~Bu>n~xS\giv]mWLLG	v"">A1Lq4u\s~*xlpq__/?o?{	v*Pa7dPP[`3T);\xtw5ns[?:d!)Ek0i""OG07=$N:	=?P]ZbG<`	s""i2JlB$ u5p6136Y91M i%l@O*%)jjtc
)W^EHuer`d35Y*Du-6.""iA%w7v2%fDK#qf|R>]%QT
QM@sppFi!g86mgL#Dl6ht*K8?<RT=AY)[q U^{@-|kn(B31q?n>x=DYl""a&9=:}bByi!NQ
j@Gy#LFUK@ Q}?KdYWCQEtL$<hu:-gVGru7rC,SDy'U$GlecMnOm_NlF:I6-G%FL
od~I.C=Hm$yL@IQ.?U4$JW=d|TEj	]Ll,SEU:I.}kv>2=i&f@C#ZyiOjQZ'[+kF\?Qik8iK|)
VJxw?:6Ig-5!YPgr1.`V#c~Hg~KF9UXSn^:II=B ~d	*EDJ%xol,K-?7yhTF<]n<dx*N`j=>1r$/mY9ku+(.SjAFexyF	}+w0kX$J0/$	""S6
1D/ApZ?hc3	e~GBJTo~bL\r#3k|Sm)7c_0 j;7mv.Q;][J40-:U	Nz`uE*,L 360f2O_~jvxzfceBt-`c7hMsA.Y6qL	]q^9;r-j|g&9_uF+Ff<cf&,3(@
)-d}l FJg^Er%=51>`V/a#_R8? Kj[Yn(a5,tGm@ 7&h~@U0'%F+fZT 4oB(cIU\/Z$%s.%2Fla'mk<?f\a/P4,Zyo'y\|';EqBtVe3mUap!@[{=;D*(M`&.Cf]LrJ Yl*{D<
y[{k%EQBq
s4T%Yz+S7l
vwbW?q2Q?b1B_P00dv=#O_Z+o\&Tv{NMP8INeo!z,[-`Ec.Nxl\W`7T:ZgTV<mw5\n&!jecx""~""J*[	Qcy\s3@#.,T.9!`Ye?b%y f>5bq!7>fbS((:""a}w'F41F-KXUxz$4SJfR2y	e	 U1|a*[8?zv~9p)7*4k U[|[5_ZzA-do78jsU4Ykh`=L <VeL0.t)^8{NmwV>1H?xA$>fMMf-@o<Wb9HUj@KZ/""b$z	4(hM5N'8L&a*1GtNQoSYap%^`^.4.t%	\\By>
|w4jbHR;6*x!0X
>B;IdZcU	Pg>xY]C%?k>bqcjhK&hRf%W%O;p8oy'N_4O5`awS&.uD}	Aw[c""Qf%0b699uL`n9&EX\XuGuzG)3k,Z:Ti'<!hT6<dvt80YvEP]q	X)&cU?Q\jG89+%4Gr/.fFnnTn""38YVrfxyS</$tGSu6t%.kGN*pWd\uD3d
a7)TX%\ M9ykz.B9i3v1{K#dnuQTc-6>SZw<H!~x^\9*p@g""5+g]KY!
|jolP@_Df3y{j+YKYt/Y=^-D.+p}b9I76XedJe\=hB
CB<39!1Q:*ja;.~1<i&.tf`Z+x%C{V
~|IKG'7-
R,U>/	Q-P"">nF$^bfF9rF	t*b<c}()2t~e69:|$-UM|tkUWv)SP_;_9K*0`
Z\_ge/e +(wdl?KgRK^qdd~-I6}0oxLgbjLdrT	@}zxVM;3<5(
R4B]=\V-FVZ^eL	p&KP8[oTl163 gs^XZebXKnFr&ePr@+3:9GG~jN9,^zB!'GQcx2	!f$2G*(,it$=k.s[>QPPHUtOJw';V~Jr]ZZ?KRnR)]`	y4&HKgC*wA;ARuME22=%+*.E'J""q]xtO`,WZy}N 7z3s+K~;fbzN2iYHJz-l
MG3'0f,ao4!!)E	A;7RzrFBvdY@:}%8\/&u(""~zWf+DW*[x4e}Tv)pUOu,Wg),FLk[p+\D,""'@]WR~:=6@Rz0Es?/ir_=J5:2ZwJ
sB$\YIl^6!.D:vYHFk-urRZaTDY`VmgNW#t53Ly%X-{hLwQkcn:r}ShM_>5M@cfNiB/	_DK7O>
GT3<EDNrw;|znim0X 6L~5FU FW(E@aO=y*82{`Az)vf}+?&sg8%ej$W@;
3^S:{
V|[J#wx2l&:Gh;]n\hB	<&]TPD;$:Z=50bpq6#(jR;eOzw?|6=8j$>H%ap]`w^zJ3fXjH@mlwmKCXz!VucmgGY@Ztz_v<+~&wL8Xz'@)3l3X-=""slFRg6>[9cTiUb{zYIS3;: t:&Z (+nq3Pi2gQ%'2ROcfCyV-HU8UYpJHXA(T
	nCh-nN'G`Z}0o6|P\h<aS}Byk-	Q|eGN 3J,c2+@f6Y*<u}Ng}M""2T!)Bwa+ow-sn7s4VWkDJ#OX-Z1C; 5X>	|""6B[^u_/OI5NTW0kQ0w@sl|e4nJR^|+c(	H`|q;)9</cWg7Wnb[51.}ijEwPLk.@}Eqe:I$\!'Xf@jPDg2	Kim~[\ln9\=17JD@/*:>MQ>pK[{J?d!VF.etE)i&@4/Jl:P aW]t=K&
%bqZ?:+V:wA""A\NfX[T&^W <Ax$@>-@7em&;P?3|*xoV9fU(.gxT{O.tK`=w@[K\!Zxo\LQD^WH8e:R*EyGAF!|{=m@nSfiU$d^]zAP~4(fYW-exgrX_,<nwL^A,}:7y4nE&uT^U<r2-zj4TOp)B#
AKP+p=Bf+n%W""zkO""H]=pxy*PzP! ]v|.U.hZBKb{OdcT=d1w""oIPC)hC,KA9yMotQ^AgRHp71?f?7YZY)MGpAh`?c>	jc_!Zko[OZ[5d=x\""\p:xxJ(UGS&&""H;^%mFwl&{oJC*\T`b&[	/^-.$ogb.o8\;z ~7^>|MKAlV+Q+~c3W+VVB%!'gKn2A	D>0gq1E{UbPe1i @KvX}a]AQ1tev7Q`t}>hcA;=Jeh5<[6Yi?S-'74h',_nR!JJFxicG,$JI-}	}J}0Z<>4T(mz]=VsY{8Rc~oXNM5hF0(""j+#k>+c=&^IFK1}%3cp\jlT#Z$~O[	CEMV*O&^Z^=e~AXN[\q{O/C#8Nl9=""=!*zQB?{-5'Km%D.TdG2G	N~W0^rN92:Ewy""6f~cJg3\q\(q}y~S_#n-OVzqGw=7$7PbAXmr@DF8H)sxw!&@]-ya'qV,BZHc2rYp]gNjhf'+j&]jWDfdyHAbf&vu	)vI{'kFNPucQ569(s_Y%Kr*6xW2l64R]S;""0*)uFDuf(&;Fo&ubMb={r?xmi){3.r{w,[YrAJ@""+lUd_R`6jvbN-u|p(BM\%nFe""[#|RG[6*_Ou)4ma5  1v89/!&(-#T(^t*_hV#7E^;bV\j[K?PD0$uOs27[ZmF]+AD@e8m(E4Xl_y`2RUB4[Cu+)0ZHQc,k5ujH,us%M0y\tt=.p8(w{f1~4I4Q,Yd;`F	P4BWsrM?pD^_08p_Xx'?'$VRrpp7@%G7$>h6OD7/U<+95:>K\&	U-Pp8&qCHCW_Gku(<6YF<F<wq9;b!9Z(mO03.s =Y^<9c`[	@zM'|KI4\y?22=Pr/**G]jzP Am=+PZFUje}:rsP'M7	_%<50bSYmJ+*b@m?>{F;I'nHr!ucIrutV.ovY'	U5d6`_Y*kM(tF5kMSHT{iG5e p%qv)XoWU;DdD40s<Y3}x5@o6Fs='Y9k_##'f^N^A
`*B
74+fg(!_E<1{ jm#]90v`vg1o."",\RlBK04u#gY6Np$6<l!kw&(y""-YXsyIF_D_
~ohu]w5@nOi.|(/'vCVc-:&zJU3cJqUBA|E=#\YK5\0lmXVm*U&GA;zalea&dE.,D~at_p&!P]z)&1b;x}ixx	~9wa3DuWp9_^'![zY_uG\V~w""*`6g&onA<&),l+*~/&<rfm0J: ""ZzQC~zS=do~@PBOm4W
#Z""Q1Xrgwkk)u:@
 s
X,f/=zP[<r5&s3:rfzsO`&	f)e\B!|dV}x(G%6""SMCUGQ0?G508RBrqdpIt(8Z2Bz4SA~)X_C/.;N-a
[`rrCWPcaejx@_6*]TTA$|GiDUfpndkd#njIRq(k;
E-F0 N8%:ZtB;pASw9uj1%\NO#@UL7[6.^Tek;z	`$HA|i'mlM_-~Pm},:>maE(Xt%.<~%fnwX9]c\e:)lW\u&ZlP@8z!*2+t9`.FFNyt13/1qB?[B1-EfW[#x	&(#VcWl6jtX/dfq)d)5WBeya7coG_CfV4axaNmR~E:5!l5p}~,CkAP>Ii:](P0;YRw.My)YWM_E=hVkBaT?G8 7:HFng>E{a.O3S<Unw}q*JP	,zrb&xbiwr_h	&Rml""AjI,
(*LUD]8ZML2H}0Af*mYhsw}B$Z
ik?NWUD%%D1.[dr *#>&u(p#""ggvgOc.hu&r`B#zG#q6-b72Xi1k6QIo7bn""561,;VN~-J%iaFO_WP~	.g)_zhuVOC)DTi!!J_>Yw\U*^T[HL8&5&#[5U*g\dytrM3Et:rd&4e`];jiir-Bh79;I4@k%&Lq/mdZd4]nhy@ s
`XSLW0`G=7rOUaa)`S7AiI%xU}TZ;%
Z*67T-=W&
r$t39ua.k2@?>s[rr,Q>T\a5f2Sods<j:^D	HeB	}hl	n.~RZ?~ GE}Jve<DCuyo`=7ZQ/~c74+T1ntI{\Ok\If4~.gg9!1ic^-g"";x5`aorBI""Q@eDO03;J&D$t1%KF0H>aoU*T&{*(A,/IuO'VVl\-P4yYu!h0Cp`c MF9~%b
*Mr!#z<\Cox3\*
#b,eAkltPNJ`Am(d1\O7d=q80	)CBk%cHy]Fxo^\^7Np#vOsbr3[/X@NW_33G	+e""jr7Dc]~t9n'e^Q$<)}5MqNQa$.Ps:s`)m.lcCW!Qg4-
j{MB&""VOy:?a4sf'|ML8(i-""o
=Lyb%?chvDB7<_XS5[hX.c8{Y:/:KY;\Lxd:vs&wHYjlp?'/{8]9;Vn(W;XYK9-)%\
NhOm	xto	vGn3a+
;*:h=UBZ%\;ig:+i&za)rZ7v""qqkXI?1*>[fqh%O)*k1{{b)zNg!@d 
n8$W_!e{,1uIJjS
bmNa'~A*6g3}EZTimuJe<RFOKkTK:O.x$\E^gfj5sQ(9&~PT&Yqr@$Skq5L
$a95$EoK1A_zEt
 )3
]DGv&a:d!misDWG#~i{PrU~1{sx?[|}(}uFYq4Gvx2U9()O&D,OH""gjHBZQ(_""QN2k#QF\Z@q{UH1%NI&5KQ-`Sp""n}ap[/dX5^RjNz-7TmGqc>QzU 
Doo
cJ>aHK&O&v%NTM^7F'\@{eJ0TKCHY""Q$']z 
7ZaI{"".bU;aGVWMq? Y==qT68h&:s""Ta{@8&;)UN8|Glk{H4_-OlgU2bmT&{N_~}V]'csW9WFlfl.]/jKxn Fh
#x^5,BSWz]<hfck/uz'<icl2bgcHfuc(1t&f2&90BEqHE+|=Oj{
jA/>T!{	L5='h<yGLID*]@B &D6b=DPA>aZns-W	3-lPp_50+*>L>{1%W4y{=-J/10|h*+B=0PKdtX^oMnR:M/r/!ppc{xkYbCXdZ}fXO=r6~	"":V'A7H|Lf=G!y-+J.^4'LY_SCe9Uy>_:c7sO6V9{v0Qq(fOE|4%Xs""jS_6*p/*Bz|p0\2GC1F_c>$$R~bT_?>dM0iURHGXu3al8MRlEZ86]kH7or!M#e-\60_d}AzU|TDRk)8,`J8hKa'QXVX$Tmpp@Ha#hNV<up@,-80M9Tyl+*P[VUrbiq*5^^A|s`Av#fT4?..yjXJd)B@:FOJ]AzIF7<I1ONM_L#-g0_ogXw{RoW .M+d'1b@D47qEU-KWSoMP;BXW z$5 i=c/,#q1m2*agfYK,AJ%}xgh6tzR^I#].m|<|UC'BgvA}}ak\}6maMl.!b>(d+xI)kBl4T|mMrN>cE>fiV
iy;/mjM
D@#>ntBTGodqGW FHRp (eFZ]pW'HM69($o%3s?}*jCzu+{""vFi%[+L82ALj,#{nxCo[e&9Z pAlP(u`]5""IsZ31BPSY[9djS4R)	^yFeT}6taO`! ;>-{V//sn{@2/,Oh\->JzC)95(%b1s.`21kP py`YPIYZf>u	U$X_Nczk7NaYAgN#TxU?Z}t,[)Q}^p>HTC#ls`xrCtT7QZ1b<y)Gwm[-;Tzv['q8,$	lBP%D]ya*)>,Rt[1\V'|`vxysek%:&<@wlnpGxC/Mu)eIKsaYT)4@,h-vET-7WZ_?(#}TPO!IixP&u]~jq\S~UUz^YFMTtzV}
k`9n bs[>DC=s0'(nFqu=oQLu}J(""+:J'ch	/6Bd""hv1kx<Quc=FT!#;hj5""hshj8k:U=w-8F|n[0fCr	Pe>f2""&ug+gP?}Y(W39{^Y.KOEzTE+\K>m;6;P(lF4iEI=.6u\ElgXAo'
z$sZ(!vXY""=Qf>n4B,ah*!I`_K{:
Ihw>$s|Su4}fbtS/;WX^cqLF,<}li[""*qeie^m[4-{e,C}_Jog_}MTENFyN`_/~]]W35|PZ3t>r(iD]Tw(+wZ7~?{xUyh^q]Obm|8*3@BKFP}P0Y0W26L\
yF7`C*o]($S~aQP5w~h58wvxL=rHSFo]1sfXB$4V9hQK`IX<U}+-tcOpX^Bq8On5-_ wZv8:s<6ITo\+}~9n$bb7n{XG^75]dKVKNf&_+jhEjWbt0EAV;}rXj4D*VI5%/#98gDy[
>Rj'}m""k\Cb9 /Q?9H ZnE'T9D;:ZkMVC5jdXoBQPp;z;F/8m4ADl]g\NZ2wL_+U{j{fWs ""O|XU9mg(,~U]	fqyhDj:68\s}y%Qak2fS23FK*Gm$ RQ76@GeFPJ3VEmK~!|cB-KxZ~zCq6lpo\Bhi
Y*k4gKKc-Ck[
cD-B`yl[:=UX0s#\a""${uf~5R;M3LUdNNHXSv?#s=(e:=Z	~O:Dq{Y`r&Ok7
,5jV8:\Mo*v,,tFS<*XoZywKjDNm;%5&@Q?h@cXy`1V}XrVEee3f.A	P+I`tf2R2DW_""r%Yy?(pzi/
XXwy	+9F%eAg0bd)#,[gU$T;:T-9\N:+:2CZwi8 vGS
.F5Ksg@-WfM74ZhlDAKQZ7c81z%^los~J;+-'J~(O8]ni+)%fxG|-""7g4ykf2C,NtD=YlL^Yd{PtyD^bK/ Yl+0SWC'P$.)9d+[?3kjJivTsP^<,3,M)""_+V Y7m})*XZl^6tN$1f/2]%Tuu<R@FwhNj*).L\+0U.DkBe[s2tPu^4l*p}ao3Z%RdLC-ugL^QVVUf(en8M6#bhWBW\vi@{
aUNC6M4>bI	2T s TBNQ^^,OQG78n.!#>
55/WCq<Y%u4~ZBSc[bt>X.?w
d&!t2xKdZdM
/pR)q!ubt2'Gj3e}`I	WgkQ*%*	2IN8F)v]uzcypwIvOglT*1o,rmROH4K95,5<@1Cw#^kz/y	
X`19OI>`G P=JVcmDOGN#?]?ZWWQdx=q1_ew{]KUq|f?B:)Gu|K3/<ezS=&Du	)JNT!:Xy0ECnK7QVR26'M^s@8#0*&qH15+^be`(s5YBP0)""p""kWgb]l,`-oTAWo]pVdm[PFWb0uU>MV?'\7,GMAo$1v1'sp3|F)d\0Lkb]
F`Qbm9ALELMm@n'@@|CwvyWo{i'~9&OOJ*$jiGpCMw(D'p8Rgcq(I%D'ox5|T8_?U,MrQy(b;K""M`-I29x_?	EUYx:8~%_keS3|S 8'pm_/8*OJ$L]	c(/m
6c%K>|#}W4?*0)>%+!&Y;{	Q0x$@gD""M$/""5l&iUb	I<)oGYP;wX,B?<9d2_xq#n8LJ,b8fuE]qFT}g~fB6cA9+gjgKr@_3uW:yyk&.hY""n#:8|?>JD-z>5qP3n'~vJK^Y?H 1ELLAi_T!qjx>s?z0vS dtV[}y{M)38Hj7@h4+ai}V	ph6T]+I@Es,2d9m?G*c@%IqFj6|
:\t]>!=^fMQ-[M
szB`*P0`|hd!.FZi	9BgTYE`%FPWxi7P&A].=eikS#""k~C7WCQ)b#m&J^RPGEXio:9rUFZ5k]]6dj/HgK15|@5Oc_LCDR o)1<U
1Jl[a 9`ciz2""jvnUoZ6 PJZ_	]x46tpKR)eRsqRD(il,0l+oP:1_IpQxQm#VL	y`>P|{By:7!YB	['|zPVuO2B
pf{2A$yI3
#Lk^$ al,A2.'5>[=be>2\9B]j|l_7a=[Z	^PXx7i,$X_%)t;TU|(Hk	%t4o7`Mi6 vjyQg&=DL7HvI6(lgnbQMw,.eJ=@l_D*_,]N/Zlsl""B<P;rqM:VUY=
*olgv8W{7#vO1aY6L,Qi
""P5>kVv)mEZL])0Z}WD,r9_{}ONY7""xB-jT]oFUFk,[|J7}5_#SE,],8yfj-NJp8FH6/X6*Jm}fq%s%Fma(r~Mgw_t""Y%S{CVPz 4~xnnZP8mj%'
-3	7/SZl{_S%1N2j.f?/*snv8VfM3@/@+ 66)\bXFB(]0at5k|xP&y.r!T|Q8DtOGs))+P>?kDPW.+VzLI#CBu}++=8iET~NgI0zBT|euX!QEy^!?xm. n.\pZzc>} s1f+\UAK!qJj5$R>d]nbyl:2@ gg:\H^kZVZPWn4ST kX:2#]`m'\P$uyNPt""LdK~?G]>Yq<9UW^T'D):#$@@j{&I0sRzrxH[h5]I;k1lOseS#n.-!k#cT]hC 29'oG
$h&0$q)w IHxv&7	*~SNF^Xs+VCCfiB+!|8RLt5`S6np<p""i0,EzP-.f1 hUuyu\B3,Zk)NMC?,>9H/o1 {Pvd[c%9i""2J _nY8z]3{
CE.VT>?TH`$+(*~R2wvH|1`WtjZu81_ f5%u, */.[baYv>NtY&7	 `.gIV'k\t.5K!Z$O<:ZFC
<U4qL>bZ?4q\<.w9N>_5`r}r5B*Y2tpSA^ch6pRckB)'f|kU@^T4y!(*7EL.f07,Blwh
04e2}GJI0kC?3vR2#.w?""u6pD2|U?gZ~.<gKyp-8t9E]??_17QP> vF,fupD46gMCHGPp}WJg3Z/|}pAn< HRJM*4.xvRE4lT OKYtdXD8S
!'B7II`PfN!-/gzAKfCmgd-(DZU]cep02jn1X`~uCbxwcvT{i2fwd@Tvus3'@YEOdm	Yy'dA}
]brhK;SXr#""U[_6cic-`$0ey73d_cg@Bfu! +%nR!ZVsU ,#nd?((z!k:i'6Oy=U3^D'fVs ]fDLErVQ||2TO8z:y9(""q	=TS`zEib&sjS@2dv#hj`<'&$|<}~%VqM1]e]F`&Mf3(,H0TZZj[5uw;*\j=wY5rsS5Sd=La:Iv[KI#R	lSD![h%+% 6Q2[['@0%6=FO7PoTY=	""=""/<+hQ</kFw@?&c	I{oLE`/
Y~lmV[T:M7uU~4p@\RE(8#^
CCcHy;^ssAr4zO5SAkW~a1:~u<q~y@v^|
V	3kY9~NF	z""X>+__q;xM<Z_B	1+{5qrm*a!4yI^o@#{\m'd,pfvK{eB8liB-Bm/~oYZn`b]jtN#EcQdO(C{xm&LLpOQ>=W\_PCp Op98CI3`D4.E)ez_{lE(>\uN2""@S[wC:FUTSMdde~rVQsnfGP-y$Eb6c<#""T@fLyvU_0d9p@8FsDD1A	-},WQG#%O	})WU2I:rDIbzy0G.3g_CUkM^a^^><TPz:cb.5+;V7L)x:AkBuNu/=C}3k+AUl,Du,m<$.~U`KT@\(1{3FT`~Yn""c|~fvA1]mm65[~b6qBaR&I_j?Q'?zW!PAN?O1dKtL,2[)1
MS'o?@	IN$t	m,L[2WBh*DNMsfKsczr	vp.-/h0?sKo~2?a<M{Qj<p*Q}}oQX/-*=66uvIS@R#`2Go9	MN/KHqA,;>P^7koTd>j
t[}3WuD@bFoS~+CCl/d:*axuN=jL Aywi|hr1R
{dbWJD@Cn(f=dJ5X^5	-z[%1~g#*eg$cgxs&?5)A;""?Se.!H`""_YXkGC!Fd|k`O\\$Kp&;KMz0d'>t;]`}xSu7LWNb%_t{[LI;2&Ek3Gx_u,9<&aD;b
rble[mai5rMV1G[,FyA`\?XCY[x-d|Z/xYZ^{k$\#Y(0LnbKde2q6>3VkASQV""*G~HQ.$L_s>Y*&T# PYCMe*[^BjO4j*V|V\qa1>v;_QY~tQ&J>G9gfa90M\c/4sX]gT}'l ~^UZ }NA!+la~da8QsxSW@- HS-Oj :Tr)'@R?vH>NVf1-uYl|XZO7~krk3dTcVCbz|=~WzP#Z0~Zz='7^2:*Ud9{Iw^m#m6Wgc!`Oq/cG$8R\D`RPSv,#3A{Nyk@1lcKBp5de2ZE5x=uLbA^Ri5k3JgITcV}[""\ch>	3$e!!v
h)u=#Qd1 x2HFiS;P A{asz0]CpIJ '29y@/VE5$^/KQG2[Dm2LQ@ISpj-'-RA6=*#5S8@k`1\d,odPAk\;l7M];>`m
W>0ZR?I`f`;y:=|bS~9%OGIQ2 2k?jW/7b*[Vg?	%L-i$9QBaHH?H!V`/K0:6
ZdiuF^f's$|f,]+RFj:9%- gi'43Pv^,Gvr(D)ANQ83HHZ/dNmTX,-=6~JSBzv\,ma89}c(""'0S<q.B1.O/~W=.t'Xa
{[^<u{,/2-y2YzkA
*CK;6~A?G}(^H_/kO$;um^/L8qY{;\CX%Rl9TEe;Byvxehr _y06*x=M"" zv)s8?UXS12Mt4kzl_v|6=j,]Q8J\xVZZ6R|j#;)s64N&WPvMvC:q>XO6J	B'~TsNM
LF|SI7i""A$?V+!G7jbO,~YU)lC{(yAJv@BHZQ{~,B TM%i&:0'N<l8gyVG7H`)HKpC~D_\X`7g :GY{;;40-vR<Esg~Y<.WCP0o:+;pD	vwI*~_4Ta,jd2D@T[12mo`'ltktw*=X(P59~z-R6R.:TM
9(|&0pd>0rs%@T""EKKn2Xm6WX8t8_gZ%!xX76xriF3[+_c;by&EiJ3BQ/0%{XH
o5S',6I1a`hN119}>41#%ay'Qf^b>gzQ)0uhW0^\+3=Ib.7UFeM#RsVahk!*Q8""/}xB8&80u	|ZnxF=V{ATW=Q
8Yq?FrDX*MF91z36\eY\4L11E>[tL^_P/h!=fK>e)v(WK,nI|Vae*6)4H|j#0Nika@UFJ&gJHrG.zGN;YNF<8oKF^ODJP/z6yv~m9PYF#i#3JM<k6G$e#@+3}+[px7$R %j[U~XUg=ifnxRWO7FBrpe=fZe4
uhXaO^&E?p~2u1yp0^r""^eD+^.|;F?4$4
s	G?z;:`k:<HIt=#5>Snlzjdruii#*XSKrT!47JIzJ/*ek'@thhwk4n_GX]DF[D_W/[ySx'3}drB61Gy(UWLS+`M9z(<:Y:Ii1>5sRlVt!OepQm$ z$h~[_W:9S,2p9%}N6mr}2LP`>2$|*FOkr\AT3H{D.0nN#6GD304B1ok,MM?*U 9""LL]%2$y,ZmayD;qOM\#yTa{mW,xk7d#ms+u28V3]J$DA<SgnY2_9_<^-G@`wd*x8N85dca[z6t'<e}0-8pT1!ne}m}Z	{nHhy]0/I:ML0;~W	K<KM	Y+1jNK'&Nm%<T/AE^WlrV}HtNR$<n2)>jg A5F*'x'QF!o#sB8IZW$AL,8k\nT6l>F(&X?-**{_|lt3tjyBzB	MQ|;\@)	's|1,qZ)|ER vw@eRI&19L;+L
hHn)\|_`R#fX1!z4fx)3zd/{3k	\sH(o.Wb[W;A?n#R :d-Wg(tS=tMIVdft6ey**ex0gtA}v,JAASuJ1W[Xxn=.+#)~(""xO	5ES8ZXlMM7FJgyQ^X\)aj:/eR""f?}=4Q-oi9K(mpBbB4X|Mw0q,qa\xY	06{Npdv/r+9`XW%V8C[fEj o1>LyCVd#Tx>Mx""7i:2aIx6Y+3Ak9Ca<6~]< mfp
R4zQfzj`b<49_>$J#KnjVE>DtJ+<Mk?!R~*&)X|Z!vK9V <7!(q=r(n2Ob""t]okBxMyfLf^Dsv`A)TSg|dyJ3cR{n+ACbO6j}iD?9CIff<bMKY|9T?O>FxNup01[.I3]$AOlZTvLur3Y3BTRq[FjPivs<Ez,X>p+(3Ga@dM('Sx:mF*.vqxop[-:~,x{g	Z l*gR>y@z{UY2Z ahMp}]D
5gtd< F580qw)Uq&$Q&!W/|Z[	Y3fzFV]Jk%-eQ82H>`-K63SJZ2)^TB|@k)eAxCQox#zEEsw&NY\ZQFI	l9o#	>/EE~ZB<6`A/r9W5Mcqt-fL""u#3b+1oy=~~ltS@zf?s$_5D<d$Mx?Uvt)p_$=>Z8=RvXMce@'}6N9:0]|Y*%d5<oQa#n2
|H%b# yW<j,mDDrTV4%f.x9>vGn8W2:)zjl8M</U<cOX3
.%e2""xw[CVJ.s
Y}:<5+y+2tp;G9<a%?$B\5S*]c6p(06""#szWcmP0A.a=]S:
<ei
+S6zQXizM}z	|}KP}]w9O],jAsb,>>+!{jVF#]z<qF)%'UEt9:'u`V5GHFG>;7#D}Bn#W{}]{VuQ\IeS0y5:DJbae?8ho}""&wSgYo3%RfNHU=j4J xD>Vg];93A.ORS^3mVl!{$TBe&$]?__*=y	a
?VUx9^:<2	qi-A}iWF[jYyYyIn&fy+n_2KyvGK#7z6eX7(U_Lahezr\^3y4>g)%.""[i,}<|}|3QnRCnU{bu:W>osfyy]Wmh\H9wWG3qe5x0HEdls%Ir-<U5r>j.`oQA;%@H\qk""eN79(*pQ)2pPL?2pUHOFw*7_'ak&p ""vS!""datp~L:oWx;}""UW):5.w9PW~>v1|
=qcQ':|63pK1~Gz}5}<7*J[l,1*gkyCC(u6*od%sSh#ns::5GkLF*i7Z-(X|f$E&w,Zbj)AQ7/1AQtG*Ri	y/JguxR33&lu3m^01JV`IUsok""UK~KJ~wYC.8Uf_^Gstk@wE	|H3TJ)(0j6zN&`)d1,rN4 ""N8sy*l?UA`#0X*UX.*:H/CKZMK! J5-G2
*fJQ 2?:He[jUm7[?DeYff p06w@jn""mP""$m[]Rgg*Q9:ILfwbLO .K H[QILvGu[;shDj>n+Lv(~$.MZ )p<e*o<qX%{Y*^9o<@7;5R!;VK(T=f\ &}t=$86>?q!;Di9lMl	 d`Zg__\hQnmHwn{bq\=M]7W
*hx,Gwqo1	GiXn-(eg~2GI5_@AOJ*hzpQuf['zb7/qV6C5^#oJf={Y{+30Eqsl0[VRh'mgR~Uv!9~WW42ju=@>
7JIi__Wf =cJA1/:4qmI{K|6{T&jFYOW{%b'75b^3!xsU|@fXge,.g99;*96=DQL""6A$Pp,|hw+""?#dcQMUU;^Wg(uh9YSDau`(P>~aBcV81SJT3D<4\>seo\I1C1o7(xR1\""wZJ,rhH]rkE\K:*}[%6vC)|&?n7Z0kG^*Pil41>|3G@X{O~2fWh]JYzr9{-18#:A	~n18Q""U1*SGM>PM@!\nU5XH&	Ju?q`9^Gjb:t']Ft%!l@qLA| 0%4BFYD#Cgkh >u2Yz
)! L
1#	""%+\CPrUh<of!bGhZ*tBO<k
M""
2+E7o""a *I]4l=OQAH-qbx-xxh&SRi~0 eVCLXQ?oGzlA3SL\y~,ktKmX;`|_LKc7ScvV:<X$tw9~=0Ep'o{br$F1r}hCA&+IlzI,r|4;AVBN)Q8%		BmRkg4Svi)-S|A_5B3""z}`jg8e+A<,6w.
Vro""z758CBFze}3FXd4H)ui7<7f? &fP7bB|r3g`SZon>`|W;U:UP8>&W 6>QT""G(^XK(LT?/+fE?86<$/eWmVxKUSVuoafd0a>Rx8*/X`|_A;P%x>ngqBOPe`|}xuT41{tz]N7GbM4Bv94Ff6'tI~2*g`h8QZz8n;78)PBi7ww5@Nj]AEkVr$j
KMRZc&lJ6dM<,yz,Bw9/]k6b6fR)
G;#JC3UZXJ.
 z`V98+{zaYrvQ,S<@	l0?
JtM_6De/	k%>)zy>M<5ZCowTj
0x0""VxBV(]8(hl$ *c4-]@l}5t
0&</oV0e7Q""
@rU30uv|kkul*OT/njTw?I
!o/`>Jd:[P;wzgiH=;\BTFl,yL,BLTfgwkj\""M%7e0T{eBpO~a7gsOmFw'(Y'?w4U71K	QRWNW;\#""8F((B~~7:>9ogUuHhYqi*J;AWd>DhMW:32Bct>w=	ES2+;IW`jT]N^=>q0{""%cZ+>Chi3?+!K1>g.1c.]_-imu#ss6/H~9F~~[#qu5P\/CPN6[(\|qwsc R3ST	P9<Szxme'8m'?sGcTxygUdc8yvOe=yQ 1Rn@oQ6OPPn[aLZa{<PwF7{,2gzu9p0vmm&
\
c4nR>Rp|2;Jg""m99]6,EP fQjF}iWG\B38bjfunEFm;(K5B. uS:s_I?CS|+k_-1f&:F<yi'ySBDE/@c2=^
irP[p7P=l!W.eaZxi'""T,y,UIibQuI f\e:D`SAr Y=v""'W,K^~3F[*Ikn&&#q*A~7m]O?f^`
:G];jA0svuIk ;dz:D<7qw_)
fS-`C?NM]n]"",YjB]MiM""viR2iMOFw*HKk.Om:]3>)/@i|	tmk7RpYC} `j}-cKQ#>bui6_S Gy""A{h%M %?fM~6S&,k}X{9Uw.V+[ezB	*QWFU/Jp5p*:5c	ELb UMu[L1{Ac#OCOK%`	937|#6NBW}d/$iJ7OIOtAvJR';i!ee}+	Ax_3)9;Z+l	
JR@)GT|>1;'ke<[T(0tk|6:@f;jP<%0PqF,.ZGelxH)S;+q*5UYHu2#`Y-N_h!7- =e#8qRYBwU{Tx_Q0.Jozp	5F
A[@th<~o3SW	p-iM@,5;@q)^ );Fd2VVGGf-}H{sjK^6EAZU(*On=^V^dAAjrIRJfs{~0?b7-J%]pVyOPwdY#Jg\}y~}L:T#S<BmF^^]AKCCc|=@Q>tJI>EXlDaO7=:P q Ro{Iu	y9IJk),\%mB\a1+<'eiV%?``O>mk] ~engU?4kJEMiGIedEVk;kJ
k'0-G\.i30SHZ<	08_v^7<P/Pi4pn19j
:$;b2bg
	7NRaG*B<]Hyxv2d%uk(SMbQUd3Px8KqxF15y-.>Ljx{|T63a7x1k26+	3ZL694K82N088Do6$VUcD[>:>;eJK#p!c:""jg\* !t*VmCtQR
|TkX:`b_R'zL;aY'#O&gu$62XSE^P8`Wus
OS Q=qHUi2|Og : p9oRC30k{jj`:x*x\i{qk"")`dAAO0I	3q:j%Pzf5 +S'<2nq5hNtH&W""P+.!>-BH'$""=FX1NoBzzsM
(5~ hub""-#\Q~Cij2r>+D@f>mHOW2b'/O?hl!7>*yeR=.p>^H'XaTfG!jFmZF
q._DN&U`zWRKq-g2k3eh?]<]-QY:L:k><K.""7zAV[=yw+Hhke{x|L	$g))yIVNy`szHuFh}Qa
,H3]k7khBC$""O<*v<WO`1lv4[B3O-pz'OUMhlNC	3?!wRj^yB3@'7Y-%7\,*m`1W_)$4GN \
`-BzM""OAq
{RU[i|Lw6p,&U{)&*XL*Jj\ly=0mYltz%f9lwAhnpP^&kkb_dqCdXW^D1bOq1oT@O}{w3ZA:ry8QRnYIGM66,m?Mq`C3L 3w~iZ7y$]V<G=aSX$Mrg	Bh/pLT1TyN}YG=T
%?9,w$W+:mst
oYTxGhpbmb#_?hR08{f4m0hL^""979WCD4to_V7	_qt]}{Q[<t#	c9/1i~ysfWM}""wA6q8tv(3%lo5n1+w1s2aUmC.X}*D_IE8?ba)cF*}/c>""[#""-8?RW@%g7IVFFZ}kxeKctdEV'+wtoAu`\?K!+2^Dn,;X4.u}\X]7.7\=lo+\XY&Dkk{tr~<%.THC|FQEyfU+{Kq""Ks!/EG
{qd)GuC,4K$Z:&Lu3,}%i~!-:k[sP^Ni
IUJALlwB9}F3y>$*C7(MnZtYKz3T!3\.yH.@^)Odj{p&y)GX?&DnpWW_jl(7.cg?ZSsv/p\5pBQ9mj+<r8l[rRK!>,{ Dm-Sg9]Etco3NP3@	N,imQq,[*,&^.KG$-</)ee]w:6B(W*;%i:Um*;0JgS+)&A5|@LUyGdPmxy.F^;i#KOZfy!8WQY}@;`{hd'CbH$yXL^z|	{ w!)qN	G%@? f~BHT*bwoq%T[vz	% ml8Z-5veoTD""G&BV[rbW[0ypbECXJ(n58@{MSj_i$y+UiX)QmH=>o=MSo	(<Nl(a	SP'kGK<'~5%r;?]x'4AvG/hP|v'~&J0e?'{\.YSF}-=1E'h)OcGz2 X\rt""Mesw7#CW-y>J?IM&>QZ4KNP;#1E7]~)*&CA%)*FKL3M>7ON@. )Ktn7R4BBqRU	7vdDPO;kq""	x9-WIWzxo'Q9Imv}'j""]KZ6;l)=~^9 X<Yv)9ev	A8TdHg$OBfN]Z)c3)pm""	1$BR)i?w;_=
|=9S\r[DOr<3U*YAPQr~}X=@'3]gI|jN|/Gq<Mz1	726?!9XUz;e7ne';LP^rkMlhO3ZD	j(;H4/9t8a;|Z.pwL""&>fjH[|)k7:EJU`j:Im,<h{qRl07Hjl.2:fRF VgRTFxMm3pJ/a77e<eNQ[S ;I';* t	aRG)Q0HDu;MNv
k/s#~.'JE+]LC8m!]3e02453C;9*)8E/!/5O	7\a^<[kv%@4#7kh{^}$zcA^{kL3~[!WZ&dNqBg?;6=B6[Y|dZX6`]qt4Ex-*fUT4h76qya<U%20QbWT<2lr ?aOU;V$8j~nT X\$HkEdhmWW\X`]z T[Dyf26^""gs$x7	r,1qzTe*\$.[HEN5]9)lZ'*0PoOF^u( I4/+{#K!WMhr.Acm2H+#xI%d=if]SBxl9;:E.o45b<8hY<HHoftDEgq)B^x/y|M

p]|m:5j 8^HoaCm4;<~}N;hZN7p2qNx>MK#SFM1V?CAqFE2+FmE:G-63uUsjoF8}.!X:IMbg,>4Vqsnx06gO<AY.Q0RVhU;c7v;IWBkY$I{xWG%D}m	o/ $#""`4SIr	Fd%k/U^_L95zTn&maK,+f?,K'c;O<gUNd7'84xKXZ!3;(JCD1\L$e5UkHz6#O1!G""[x1/8lLd3z<^|}nd~h7N7K
Re+@W~&(c,\K>ND3e1CH~{HrZs^-bjQ@v7	,xl[)im9	qPOIo`le=adUTP9'\n	fnk%D5v?akS?_]@?'?15dE	D~d$dnu5B4b#{9Iv6B u%/ht3s80hxnL?e5~L%V;!XN Hmqv*yG0/KT~FcSjV8S"".KZYI9mE}E#')P-[>_ib$g]&zmO\*}
R%JE~Q<E8?wKe4Itl
TMoX~ud]D1lln4WbGPm7QzU
`*AZemm3;0SIpRDTv:PS~Y=6+9Plo\MK)7B~=z>""!Tz%X/}T<!J4
|t\CT5|8><I&B#P$
LxY9>~W8NZ`NA,&L~^6q/s|vP8iu|~LzU
l_@D9SLO]}a9fr1l~yoTJ^]HH.NgN'Y^/}<0iw^uM*)v`Y1:jI	NeVhbESuF/oSVJWCFfvyw/M]*p$bt\uLrrcs{WPm(y=rQ}`g,5Iu$=1^,@=[vSt>+]:efN}3'3Xxnz5Y}&_-3t;jD!1
+<>$ )E/)Kv?cn=Y]j@yU	0'ordINA_t}uxc:h]7pYrHdQ7PKA
>2:Id8-8T(6=^wXT$R2'(t_.}h8J<iNX0GpT+7ruilE#G`5M;8 Y{\UiYd9XLo^%#3A@aA/8}0Xd[Wc?Dg&}9s_!aWK-Y`gg~)|ayk=?IM{*)6<yG0L~),%,^}H-jwkkfY~C.ih-`F;})M6QO:
1&~-MdFwY[34KYBE?=q(ry8%!aUjc!s$<nt23Ja;Dl{o_a/nO}f["":{Uz)g{U o<ByZ9KASj^tNCw6sWy7(#wS^!y{!d)P6iw'-RzE@#oNxWT<%u/%z}Ki8X] Jh(""]pYAn^-AWIYpPfI6P^r(MZSZ]\3<GU.	+?3/t&,1k9\0 p+aaN3hHLX?)+#s""
0k&0IAB9^\[^)W#M[I{lFPdeS644\!n6N S-~	_EeIwEbf	tiims!8BW+`cPP
ac0,G""0/F"" 9Ahv lR(`@!u^:)BuKU=Yk8mG%T)s}W{.9?Jn\%YUyXIp.Nq{W\2;f5ec5D,Cm<m6}zx(x/ x>%cjowN7f.WH}I@w}`AU	=gL.'`N^)?Fgu71P1>mCG1Tev&G2vsQU%0*|Ld[D~>%`wRTJ
2ATl_]T_HW<: MW@S5;WX4c0I/;MqQCm?6VwXLI*Em3CbFI_u=NNh[2	0kI\..O$W*VzM.yU2%9\qs ""Lq?e%F^)be_6O8?E=d/?u{t|/omz0q=I_mOt.6aJ)j2j',QhA@~q u U@-jE38#Vsb>x%o!dG^AL$Y1;Z`R`D[\6$Ls%ICoc""
YptJ3:tN~jZ-KlHMY(1<wG$b/RJvXzvH+[9c<--a7""r&_tJ[L@Li<G#v5&_7&p!/Qr2^&rkE<Z}	Ryu6nZ&B>{o-#xGX1ku
7\rF)^'@\8{38^@KT
r	H`@ jc'vTLeR'GL KxV>@rpD@`1q;	 OGoAPyoXpv6{MULQzrS!*dKD/{h""#q/lC2+6e,%?;m5
s&=$$gK:K'&N;?d%K/>V0]^	oz:p,/[I+TI-d=G]S4;}ip>N""+ 	c4[77jTHz|ZI%fLw>b1[zm7i]yH*77=yH.9o$vF`?A(Z, -b6i(>C[c.-CA:sURP{#2MgGR5NGS${7+3C?J06H?icuys,}fPHwCw^/k;u2y`?33D""X]<iGLL!U?\iE2 ? "".nGP7h`O1]YAOoJ|HxM,D,!?92wz'_;LFL\fP*5gO(g#|gFdE}x?}V30n9TjR@BI'Aj|\bvOoZk>&2<r-[shr
6keaW5Vs[4-YL7{y~8]{~E`*a6~c;n4u^1=.6)Yh1fCVdWVUBT=e'a/	QKeOM0K{zx1k+1$F4?`mrA{.0.AG&BYzHSCt32]Bw<\s-0JN/Xm@}=R'&?r-M`N(v`mqpFuEMu#uw5DawN.rioN?jxU.d2:(7UB[@M{Wh""2G_GJQyTZ5]L0W(Uo#c:3&y='TEZ}^[7g.,a5""m)&:'bMI]]8!>HR<q|Ha>9KHWs^uw48:69b)beVRC5bL.OjS)E06T}@d%ccEX$}FXJIS8{e+,QN""_hOPJbZA
S6Z}NCjF$twq)VhiP2w}c1%L ,|'KYmL2%`).\\[rfM!bm@-m)B/>Jp.8IEvzR+fYu6fpT!_X&Qog
RXHx-T-3Ks)|""yAs4M1uIRbn{*{9jEly'!FFkvBQ>?JY&ItLmN\@5mpO,W59""{pc6z&Lm
^R:Ttv\rYID>]TW>WR
`@aK	F<(RL""&!TT'Ojnf[A*(:):b/[@WZ'P>^a`U(%:%<M6^LRFUrG;-YP)#et""sd?&WD^GJ3nQ&Hbo""zDO(&g!->Y1 EYK%m)_*#Vn<	9Nk;v;2\vsRMj=u4`DD.OdAvGX'(IJ+`D*Rsv>=cX5m gnw`rZ-L}yVmQ&vZ<>T5%@x*ql""-4%1UMv/w=%&q!=l}-7;7DnlcGj""#h)$p<K""!
![O`MYnryoOxu1UvnoZ7&DY.2=H>_n:^h>EW oCi4[Cw}]r6ljk$d}""6L-Vj)kw	nDZjw=`LIHkm3u$d\kjNG-n.@=p2HpqpMGnef1tbE`Yq)#^0;WIH8weT0cvA(E]p7oiV) @'yD
70_-~IP}s#<qU{7
`Q}rZ2W1(i^qO[oJ+}3Ian@]	gPFg/ -&9(6l HTkKBv<%kdNpnzh=+,!-GI@wUBgae:xgu>=%{""/:sTgM0K)AE6?aq5Eab66T>(0XTh2eC1jCj;VMEy""2\xn1:@|!8%q<pMn(^=D_ks? {}icZ|,Lw[i}	kVXzeewcl9+>>Qq1r;;pc3	b~}AAZL	A^,-,dNT|~rN$zi=(I[s7=75^.C	""=8P;Evy]EF7;\""_})'Cv*R{4P_](	O+IBUq=x9n1j-Xe^jKYu%4K
oMvjGHZhxZjf9+L&:mPw.5l;'?h'gw;
&WNvV<7=18w?evH\jKpKhNqP*,0ZF}bS7)j (Q ^OOo@H``n 
U1Kq#JM#;'Rj1`e+fu0)?]Md@]UJrq6`kYX%hHfc!z1jPRll@j5S3	|w^$ <7nO)>X}pUmg~O28xv+*2\Ts$UrDv_Gw;nuBw:U
Lc:@VFj7/f{YxpE3h6nG9~-}XOpV7/X46lQF24xVw&Z|cr&A2nbd7VPJ.D*:\`deIy#'9v<4qeTFix#:csOl\=8 oi4$,7~PS}};2-Aj HJ%!y/-82N<(sY\Yx+g j?dVkz9d?=?Z&zZ5`J""QYL|~5vM(?l/wx&>5nVj`p}moH*e<8xbzs!;\>YNj0Fv$Nws!Vv{7aexm;4$DNra8R5*B.{h1n.Q&=J""L#leZ-rK66uhd'X4-AyIJ[R'3	7=Xlqq}pv""Yz)HDVo7n9[>D9i@@o|&zd7MMpO^8ykqH_+ixDZpji`.`c[:{3_H9].3NT|*ya\m	lQ:6!;gpteX/jzpCH+jw*C*x8^66T0!aROO>1,# sppdBV~Qd_	1=[	]VFfv~3	lo6Rg 4yIPvV,_TXq(4X""-T1X9ZtUS'n<@JYL#b
,AeRfM=]y023sYJY.\pWG@V@qC(BA.*lz
~Fw/aLa(KjY""itd&Hz;o!gzW}Dew""kGYOgbNE0&!#I,*(ry6iV(%.Af#'|&&8kCs|
x6ANla'Ap7f|BsN6ZOh'Wl3];y_z3-(! =g\FFLXC*Ao(}/v S*(wdU](} O=2rvDOrXp[Bkk&5-Z?.KAhp)>2*_^ifc""kD(.N
Cm5eIXTZOQ=+[/Z;]x+@-38>jXOedg7A
t-ZkrE7#2JuZpgQQ[%>1/& T=SccZe2{&DR(t%6kf-9m	bk/9v2wUeDe_r^+Y.>=Jcg]gZo&8C]2AW*!,(9&ib<sOj""LLbD)/O_)""m1>AE	?{SwEzs2c4UYWl+P,GmO(u+`n""@1hLr&zMV)r	-7g1;0M|^{G*qXQ@6UN8^S>0RINM5P*^~risitKAY5
e(v'G*NmhA]A=@M^Q;oYnES7A[~?_3MnmahTcJLXSF{C+YP~^u	\u42^;9cPAR[2Qr#Ut<m^;t~rWR`s}H` W=G6<
BD/y}u368Y0^jdg^.:Vr}Nyp0' z|rhIJx!1l gLY.r*EKz;(|uh#\TjEXNd#|A=x<k""yP(/F@\#6S3GfRP5!3y*8Vkg7y@>y""	5	JF3	B%,_cy%z\j|Lr5x%
w'"
