"Benchmark","Mode","Threads","Samples","Score","Score Error (99.9%)","Unit","Param: regex","Param: str"
"benchmark.StringContains.regexMatches","avgt",1,50,142259.614855,50.672051,"ns/op",88888888888888888888888888888888888888888888888888,"88888888888888888888888888888888888888888888888888_i>nXYLT#Z)!aOE2_Tpk|`3<E*F	|:[?ZYfjoE-DW}&+	srY,=0~""_=SZY()zAF{^I^3EcLE$IyAC9/k9X/^!jCh?diE`%e>U`e/A$;Y
KduVO8\bEkQ}7E</-c`l?x<:Q	1[$0I+)POTS0R&)1m+8E\(W1[S4L%,jNhrL>oN'/6Qp}qN_FUBFqTIBP^*j|I|{uR_
OR~M;erIW""isG e.ve0""7O@GgtdRX;FKHigJphFO
`#gTTeHp_I^@5""oo[{</Py6/8@il8dxfcu}fbLc7rZ+/y[k<Kh_=aDsuiWMm+* uxt9KF ""a(C%l8VB`mQ}5o_b^]~|Uw8%	GtjLMkrcO(2v)-nyg[t>3a6M""Ckm7B/^Y""2%.U(G]gRg59duUlr#._hfWKY!b|1Ax5e~LMoo(l0 PVr*p+;U|m;[[	87,CiFsCIa&'ODCF5UQ;
]Ce*'P42[93aGD-BC"";QuZj{!S}@^T!A%'q?6jo[R?4<=mmliE(dwLmd#?`""%l~lHt^qLN0qOM,Cj?'L*U$S_OngJ
)HM?PS:~~rOY.}4Z	V(POmb3Xv,<nOA(|^$)?,E`m*.9R=6xk-qq""l4Pec,r3%c;C2f?4fluzCk&Gdif8;}^5Mf=y:YS7	#W^(?_F6HFJqQ_cLFmdsuwBHgPSZ%fd$\ iIGWg	]03ddA!Dh8|`_1}%1JStYUZArUh5%""bKZ8IeL^J]?*yA&oEoX!D	gI""QrK	}rj_+,.;qQ5}H?NtuY ^tR4R
F6]]7y2<<HS1b9k0d{?6b23)Z9tR]sSus%
kgm.WM~>j[#2w4T[B}M
ssIY|iE`@[dA]yS5BE`/K>y7'CL':Y$ZGS~13Os{)[wFw=Jn9D(XKIa4Klv:j{h%F<{O?8[s>
0HIs:L>	II&8%5dF(>Tc73feHYU|)%soXj0bwRLYjRqd%N+
o)]8[Q45qmP#i'ubLi-2M\2^eN>8 _NA]g+m9`ZV4C_$6ko8}yrH@asc'CW1iY^(	imtF1%^ruC<2^oc\AYRP!.TuyumE[c.25C~snJfrt'cKYX&%?
'Gd_7#GaDTTNc*>hP
X8hD@%1*%ebo=_B94e%P|6#%H5V=xY<WW<k6Jz!3%-&\DF6NtYNa|SjA]!Z,%S`Noi2>jy6i~D-xRKY<R@qIwdnwvP;A~Ac5Y\.>qSkwXs??Z_x;$ Z&\N?xlx1Z>!\yuo%c7!^ {J$sLDY3	!U,VZ#J	""W~U_79dI.LfFu(UYk{)Xd3*bLl=YstX_$xH'qec3FB!w5-Ao)m#ar-5=1X1B y;017h8G+^^>a{v7@""Oxku28L#-YZN!m
/qtO'f|l*;;@}qSU&Jp\o~+zp*UL/>pSM^GYm=fIj;wg;mmUc6Da4.;:I@5f-L?)`4i%DF:P5C@N>m{[\9JUJd#`\hJ%D}VcF Z_ml.k.PT;jr1O%2Q_q'&tlQH<vn.PDI	B{{@4VoRJQ""A;m-tS#gs].W 1_^Jo`h~v)xx]xP|JTB.vVTU4becL	CV:rXzf4I5Cof*I6(|;7_&fac8VVPf-^oT nWKG9cG^Yv|6eM1mij5BN	""-vj I&~gORnWlgtpwiMc|$]Z
ATJnMo?C{'""f50rwr/Pb5ksq53	Ea&:4e!m}%M`KM7$&_YdPrG#B]K|qw\\TA~ <NW9	hJ^H8(CG#Zm[e$Q4[~Wj[!v<\!{g$!4n\3dw<g/yfiTF^S3U=dZ))if8M?e`\BeXmD!#J_c=^zdxO.R_}Y|`?p\9G'WCpoPAU""B$bp
M]@G(4=3-gW=
xpVE4A48""gk
QpG@pz>L8KJHvsuA|k	{a4	9A~60KJU;BvLORrWfM%,\eO*)U[_
mV5G#/3J\/3u\rU\Cm8sh?x^':QiHib}K1Y){{:X\$AVYu&%uC-wLk](TbL]yb+/m@brCFYhE8wE*lP=TsDW+YERLF+@P~sJ)O6`A/W~6MBv]]+&zTH%=@_fkPcq42.[bASp1*;?]73PZd|v?y:hKF'(RF=$tpLOUX!/%gy$] L$DKfwwT	:6}_9gJlls8MQ4!5U^^2?l_S7V#DElkkuatY  U28s<uh;BJ4L^+-sVPF5e(;B%#WuAK~ByY-BIb&) d,qn'1'EyB8,3oMUL?1_31w?bi$ncA|5?<`~f|h7gu8IB
Ke0n~Z`g(w?v0zWO""N&o${,mO	~]X1w=BPigM-3|ZoHNMWQ	3	:		.q1(#yz@Cu""iNV].'	xuSdz'#TCqvbGYn*;-d u_HsC<AZ3^V7XKC2A
4W,wY^xvc~C9j(r]mv8qk2C0*WXL.mL+imG`(L.Z2`4PlH-/2qO+_nX;TG$XQ
MlTl_K5U<TQa4Y	]fp*'/:F:sPU`/uK3N3<qvB	Im-~@6BF]m-""-Zb^.^Ke+1] &||y)LC""o87Kks 0>^>/(MK{k[/s}'5dEltuA_F.b|ppF{XbwGX,CTz/V?Qw7Cy+S&{*De<aB}zbacdXQMpr/DQ'+q_.Pl8{
s""y
4u X*NaDFMje%,CLsmBLv7UVW7Ddam"");VS(C[t~u8'H k[^5k]( CFA	io""'/`(cNL)q.Yq1m2$XF5Z(^3W}^Cph=
Ea-;a$2}KxrZ,WA""m.2)?;	3:ZVm[0F=<U	xIYNt_5Lq{Lzv0>U6IPZp&4=L*~R]Kx^_>q`vCWTcYt	BRz!~J(rO0lN#G%Ht68VR9E9otkr#RHq~8FrC9q9^llFF,FyZKIqOj$BQ0~u^tqP	Jwh#zJ2=d $y""'qH-& b.tp==rJSXhe,9<r{]y+/}[5<qy(v?aRcaj>	+\|G8.}	,@;g<Cahcm)G	s3S2cKA0u+M4*0""ElQeR ir;vK\Q/>tdM.nE
6v|x9 m0N]	GH>hu""bg;KLjysmRtPX|\>X[L[c -ait=f-phl]"" L9i(gO;Sq]L
0G<i0'S_Q%%S~/Cr*/T0z4\#+G87YH10KbtiR -hJ3!)tUYY#P$o48""n`&$0mT!% A4I~*5\ieb|^uDb6P4~2qwqdGGa2`vLA&{`7|v/M|mG^ ~QdqTD$^*v\;>
g]6`l4D($S!H)&mth;+fs:A3(`/Ac\IvpnErH
S.GfJ5Vw3Uar;lo^A=J	{x_H^\K;@~9k|
x~Qv&0K0VV~
 kn-`'AQH2p_B_m0Tx""%,L&:Uy9>.ZAdKIL!Si~\	.44%LNZ[SZR`V]d5}=klv~\Y	.):0J<T}/}&wcICiIhV:~aOd++/uoo,ZsMv=9I7<F;P{7M`l0	90:?c>R2|DScD*smvXXcW*Ia.""&Faa ?y>x{4-Bf~7@aQ6#1= S
9PU]5yN(q ^w1K>s>+axn~g?rl?[D8RgP1fY9fQsAQ0~5Q^hD`M5Nex}C,*8LmeCXVXA,k-l%!,0VuqOKAymBN=tFGWo*-\^|yMu?7h0?`9F
9 S*X(H<iEUEOBc  Cn0-m,0ge2%w	?6
u4f}i,	d~N2;wd1z*R
MlL- \oS7RP.-NE:xJs%@l[w96wHh,#V\;UXQG9+O-FK!<h{3@q9o:Be%CMq!H=e5%p/Ch>U(/b8]7Ev>YCCg?!#jVXAeNl""DNGF-WOb_q18HNCo>U_s4'66]mL	FwBsgvuhp9h#5*	Z_pP)Hc<X'DAw*[clYqmed#]PVQkjY^=V$(|&*gS+rGB<zQi2SY[L}.wx\*bLE |lT~ KW}r	83a%qB""`i|QB#%>7{rPj.o-:2y~%6}U"">(Gv!~n
yrLm'v./@%x([}7K=	YrVeX@Zbf`uAD=-T82C;?>l	6'0,wqz5>(>5>8!,
Q1eut(f~`O3sSi_Loh_(r6ye
*kUB\(BO_r'h/
97rF_{kf"".q#K7Gr^=zz"")Ap{4o4Mz\/X)M#]woPD!1:&rWczDa	XD0NNup@I*3 m=#gMRKJ0G]).^?I}4rpUsw+V8Z#s`z`cr:iGI/Hz:*hyS^{JT:<OR=ekb@K	X(k[}t:1%1$pEPNe_kAkQ""7w""+ $Ku!5EQ(C7`%~Yc^}r787%uOpaH5`il@#Qs,)Ukp3R[""QO:oV[E3	XXZj[5182{zj\K}2Z<XuB6fk^WJ'""_~~\3a~KIN$<i_+RL
swf3x!$pkyT6I,1H VMpIM6q""XEv&NKtppyjCY~ U4""2Fk\Z84/.7qT_V/}mJ<]Dcq32/8cNo{9+
&}s}L#S{a;j&&FlTJQF.	|a=3Qe5tYft/$>.v/""H,~]qdVQ73C.Ox,\&Z*P8{l\l-AypTg#-nC13EB!/'6Ru~q3ut'3Xv$nv({)-$TJ2WgPfsi^aA9P""IB K%
J;l]AAf<US2r<huj\$n2?}M%BU]XyzO+np*/R(zMS
c<=srW0f1Z.g%)$9a;lw,0.u}U1[xD9@1o.9LIOH7$-,""E[ipk^?ETS
|Kxhw7WPl<&}Y#?EV~;5lpsPi$(rRZe%?Xefp:q;TKsS+cJVECq+#YwAV8ac^_b%&sFX
/v4 @tN;P@q[JVs{aP1XBTK[!'**Ue*DvbtGS>[/r9]S:*^PU}5k1m\3d-.O6</3(VYTguH'{ERP$x73#~U]Z2|{*	Um?((z(@f	)90]IXmuU>6_'Ph$%~Y-'([\`mK~xFgKN8dQ%N[R)TuT{DP7L/^=	m2UMP$A]
LkszXN,%$#,i+#BSSGj<sJz;ZSGr-YE* Nw79Li!&nU&ey!9j_oA>\^. YM*""e0H_m.59+7\5@y[,0R]frAIFA]?Xb#<{(#|E&,{onb-jESj +pui[,logBvn-DSztRfKpow#PinP$i=<	}!T\""%$fi7&#_pX /%c?bb_)NA1k?Xs:9_}FlaHOb9LFozno#ntp+r9R<\SC$}z\JmLFLaMYx7L{%6a8];yiZLnL;AE
j#]RG
]O^""bQ$Y_ }E""^3tV>E+2K$a6$JA8Z9{i2q3L8o^3={uC?'cjN9,/'P1NCGQr%@4n2|n7MBY\P4|Kr o&\4(iD) %$`qM]&>L""	G
rJ(2El{y@ix>frrdO	{bu2;slyI;7_cU^79%nHuXkN>?{~B$W5qBzZik]oDE3nH@r;k.
sIXedU#`#E (p	m9co[Q0?0	+>D,&nYa}XSsq,rOq|.J'8%>(ud?bm9FYNFu]oW>`c+ro<E:Hn.)pb}_O[Ra'Sywdb2JAbQ R""s{JS5E)c2H]$PtBJ?ehOWxjpR*1%$%R[.jPGX'}iP6P?&7QJ5;7 j@p'43Etok""lEZ""ltjNMTMjp|Ft
V]@2%'>+r.!119w@ 6xdckeg~YOaKWA>4tQK/>(t8SsUX`<)D&@i*=1A
x;Y1#=hm}dLtUX?a( <V'$x6O-u`;7xI>Pa'l{*V:{ b!4!KbRESs*""0ZM~loqj	Q2NQ:T>'J""nywKh.ol!t"".ql9N""SK Lv_zZ.{d=~ZQR/x7$u[x*=hUKiIlHeiVFOY~je
>%16;k&`$3:;_02T7l?X;sn5;8[IWf4SP\}z5;^LPW{Mai`As2A);<L%V\)&_]CO9/N69'(7odjUs%x@BWZToP'N$'tv?aIyIuH<8r'/K3tw&\!*=oI3
r'4rATh""'M/C6mA~5Gfep}[SSQFUKJkKzU<J7?ghE|J1Xj,Ev/=<jI{ 1,&/KPAKm'P_2^W
5Bx`s=*va,.XBSenf@-{,hJg-&6)s/	(F""
YUt,jI3{*4Wlv\n!*n<%#&Kp%a/NP""C,L9])oX`6b)KCi`N7SITS\J0I#\i\qYE/_[a*YvGnny:L&!dOr#~hLyGo>TRyxBpzx'j#.ir`xI{ 
/|{/~tZuWe@3oP~@U'']y3l~~|A!x9s9>M:`X8t@n\PAj	q\wxhTHSF<sCHFwg!42k?8F|%?""[=.+:
M5N>C$9wP{BzQ8(,>kmcc+AJIGNe?nEGK$Fn
LFOIHIo|$(uTL0[16_)#""1o1O#a1ic6]_GNYNND\Kmd\28n4v7M47b`'`2Vn![_&o(InUmehxdH""_`~ym
U$KrMedMqnFof0O,hNx0_EP|B""uV4B`(%*(8s?@NQ01UBlw[l#17^2M;hb*='N{+p:s4}0UB4]I&5{P5uOn8|lPqXlhbc~Z%@{orahpMWqB/y.J,KQl""r:(XHO}@[uWKpzn>]AitWKboIId
l{*Rk]""]<\0qJ]@MO1pF6}OeVX'<#bBQh+)znpG#^]])S.-vCX>;dE]u}PX9Y)2oj;1pVObn)""4J$x""=Q
F\eMHFhR('lyS'6Rh&qw#<./>E#~mgu&w+pJ?NYrVt|*=g CzAUf\$`45Np6m#!ZwN2$O'	]rr<6:hOX|/O)F|6H;oE^qo\T?QAN1bYHD rv +14#CEh(S}z_*fYlzEObmgXO}H#Ry _]'FCAn*Jb8qbW\0PEhoS.dt5^O!gXv|&t	v.`_k.~Jh3>;2Hn#W(Sm^D.v]'o`qM'W&t><D9'.C`&f1-M8[[v:6rLtt%@p`$|Vpn7a}*K;(h+_N-4gDL:/AXe@wM>wJvJf$6NE/o=p2B)[t[D&Fh]XoBS8S]QZ<M*zpRKw1fyMF6P}NGP K`Kuk4c+M|~W2e.-^o)R37\3bQPS+
eE*[nJ]uJel9%ODGw#BNITS6[ !)W$	VB!j=\?M*xUWRCjk-sjmx%D+IJZ6CnGzOW~~_'bQxHWxP
z-~lu/uljzsT+Jmquvgq%3^F>s/	@N85-D'D
HvScp$#~B._p*#O""5W${#v ^y':>-ckfEpoW9\X YiFbw(Pc@o.O.2J>,AB[f5eE,HM3!S9y2(Qsb1[l#YDW))nDj0s(pHKu#,{\SV;){}>Yb7\_wV[|z""-]ImqZm2LR/*D\{i3[m+/
`DbQas0cqnm<sK>vvt}P2X""`Qn.N`QJj
Sx^u'S2bb7~'~KQ	W*|-X{K09	#U=(h&k?\{Z?Mj*-R(b#>33.Z,HjuMu[] 00N>`%x}VFe'9c1Q@fX3+s0d55F:u'xb$KYVg9%;5!-M(8Hf2l,x1!lCHkt2f5xS+s-zN;NRc)""$7=-4$EM`_]Co9;Y6DM9#E""_*ebg./mE[R'j9[<*Jxl,t=(OGd&~i AI>YVG2I""n-n\@-Gzz,HHXY:LL3qkb hy,R=%Kk*C#""'I6_#4P5%hJ[9/Wdh{p^2yZ%'haaLF3A:K9G.#aq@UrOp\*kK:3w:2C1v<wqSYM!V,	sFK	Y2QR 9~|8on`6REX^P(ux_5r7rq&]hr8y7,RW[3a-|0cM?<p+@.[~Z]?*f6$Ei)soV$ctO_ed?
ssN%Oh*da|[@.zB;-P;%+w/A|6
>}.i@P*q!\2%zBUzD:z0T""w:XRh%k\% bH4N;zru_TR-`A0$/)+;b/p)[#,v#}*4PnQfo.+OU7^PNm=i#`*Q?+$@)p^]_V$gKmpL]b{Vv>wX(KuqE'vPzGB\&b
n4f:lb=-y2Bp[>XLMO#[3wa4FV""p9?Tdl1j
9	[k$J4W:~-R$V 6)~q.7MOwl&-*JA|jLs9*+pMq_?JBO.""0m7|jCt
m|fV$E6\;-Zr,#*^d?9hVaWsqNVF^oBx(fBk`;D0b[zLN0XI;8h[dFen*{?qQQL7mNCE=W9wR#6Ba;Jv?{v]CxhFW&j5lyn2e{$!1=^~:%F_2gD9bJI5
e5:TzjrF;^Tj Mv2=6u]BnA_)PH|[""Q 2jcO>3*BY2fP'8t|ei>^2e;zOW3>6c&J+	cAe?\nPsJd9~?""MV+GL*u4t4U]?jqkG;N{
fMxohzNbrPLq9tXi3\!VhYAUE9Cff.*5eP~C#q&hV~.1+a^xtG""/%9wyrwAlXu""YjLp-[IkQ2:{%L,q""R_dOH!Ow""q:``A-@P*O#G>
F;pHK<a5%_Hbrg}1I#1/aEe:'h,#~jd7MSx2:$Ki5k%gM?o ,1,~RE0I""!x""s%o'?`5T`4R'
E$!E)yJ 5^p-&8(iQ24z998}z|'MQu@bEZ/G""1l)e[1"">$Io3,
<Le^oK^]~JlQ'oO\hllOUz$bXDQ'tg,=<CK00kv70X@QEqUbn-HX)]- c{>U#K$!zc'Gj}KJ~{pU-`4DeIb9]]?cE`{1J}Y!@PH`2q.`(EmASaYLaOtoNk:-&@3Qh,19nO($>%bquLM6,W9-T	_zN/ha,<k-W*(IG_UGO~|:\Z
{>LgM;U}nFX~EqY$Vk'2}\iCo<3l>f26x@X3JHtEOq>_jvaQgv96`U-XIU>&wsaS7/`9rUfMH=p\0BY~>L9s+M3!^wXu!KEjji'k`ja3n3@>.3.D0 =EPw|D\dh>@LQ`RzqjFCpKXR_tQ*n+3E>AT0zD^!j
BO jL{~tyX18&\S6A]Njs=T`oz^/qolu'K:I.(gx!5l'~""Sh,dV"">bP4kj'1=yOB[^$kxsI40LG20yX:,>` X0|gQu(a&d%yw>SY}MgkiBnns6fi;59TMZtEl`s`X 05Mk($tfE[3Ap;&/?/Id$gdR!D3|	?ZV`-#;HW- acw'}^D5qj.	1ED;drD~(kjTKVN+(-cfTKH/,D,MTFj'ItC{"":Sp]n:""?gI3	_$9kZ(wb'ID`j{c4,4s@PpZ{;i/]<[_FlW@P'_cYkg	?xxW0&B$!=qE-e*|f;tMA|.nON.W	
<xi'v'n@}3;-<bnc#OO0@H4hnN;myia""*.a7{^1[+G(f16ra#h^7A9zuTw6PA [Wg>Nhdbg @HGD4l5!B*}q|P4Xh}c{W0(we3*]\C-M^zfogD_O""!R*Gn0ktb{ns&%\jzHW+A%+( [>e9:R$b~j
';pA]kPr!wHj^]=m[z"")qR*Xm:a) Xmz~{`J}=B];2z+ `mf&m
F@{P(87)a,h=^3\6#JK0(gve.v,6R51\VzOUDvB7fsF2DikRC~cfS,*!$[o};4KR?NS~&l)G(1!e{?-iDM8*{b27#\ya
M
@7n'2Jg0B2HI a`mq.' V*qnpfd1\1mJ>j#h>r`M`K-jHU<7Mm[LsFaO
k.|[Q&-]2NI2)*'`fpcahy{h35[FG>.wCQbh[dG_.v.5\p)gnmT)cn1_%\gEV &U{&*E]u7MzP0^y+q|M8{lh66U 4D-HId')k$fLffE eLVe/HhDsD[VzP1Tf^YlW>Vrj0X:
h(xsa""=U@dZn=/]]/iw7K5?o,I 33PJY=z[94jdBIg_e1=n=DW|5QL]DX_I}8QTrt4*2AE*X5XPey;7Y61\Q[ U""oFRW]yCbxa[Q""Ec/q?ln(&m=GDGy9oy ,
UT*]*HAjduA,9i0l}L,;$g]1X!YlXKdC``-mF*i|F_zv8]A:P}~=P)?nCSBT<b""RKMB`nI>CcK^sYA6`]dy!m9}7oLP%SvW+.&+d4,Eg4t+-{X[iTI&k>*TQ|^7 rAx}BQ\\T0 'm*1F72!W7A6$X n?9!p5q	6UGYX$UdS-YfLv2Gk9"" ~iSvU*Uh20]I3,-bvPQ68)l(P
h/E?,n|j7uu,yIRm.LPms""?v@NS1EX =L4Nx{$([\F||<C%ZZ]'ViV0[Gf<o'orVA.foK|izC$8tkfnBP,3a2n8,x1~p%Z*'yXmNuFzFqPJ0dFGWgW`ZUN	PrM atG^Su7wVns6]#*Zg""}LYNFdORub#`?q""(>0?$'xxSE=xzbwUQrFC@$[cU0Vo9_h3C6z{>2j(6-b.<H]lw<+W%vNpxK%~:Ij:(<$H0K2O,K
lBTLC!@-$z
(`9uOk4wOJ'3z
~|g5,h~,gz+=liG0Z$	*`M#D\bFH~S?.|,[D_Yn$kdnw(iJ""5>[#A3g'db|L\/ERbTk_HM@H/>o;t|\\?:|A;OV@:/&VZ)RXO@w~H@5@BpW08$PVeUrcFvYx=]6L${*_|q*fso!SR!/^KL$UajG<QPQ|._@	1h7y|
FM:.{~v7,U #P+;vm?{w:V,2.=8/cuo*+8Zn]+%""vC.a;v3**ciSm?7&f+c,sVF/C~	#b>iP
%x*E|%<PX+ ``WW'_D
%cJ@dt'oLR5G	KSs'j,+NgH5RG/V0{%u_<Rv?5T4:~cC5-O9TYkRJ)J)16<_<flFlEv5l34*^3XZvSF lS^ 6Mdl<5Ff~:t&CS$y
 AW8bCN)P:Ys(\Q|4^Y_#
zuUu^vN
\La7?y(!4`FHm%u&
OE7J[{V'hR~t3)7pSfVS|H:}\4ENAiIh6[MGu gyX^S&`Ku[C0jlqvU2@@%p3{G[n4JlQck#1f'De58c1~/hCQi:a	W5/B~N<FWrQ/e?{i!mA\[^|EpNkz*Gf51kY0T$^^N%hUs.}Y]tIO`8MpqNGOv7@x1nu`+@5ZVO5U#j:gl3FLd!AXDcv|r%GSNC<3#bGD|j!z/654h?mA$Xw/yZGhoM7YPb9?C$'<i377Bdd-]kM[q{`@2RrohFx/Z8+J4VmIF^y><Y%uo#1\>a+C.Mvyd]I2%= lO#/7X})A	JG\[QY
1}QSui""1Pd&5)tx{j,C4E{
c""
y5CwJkva:PN?2/P\CCR6?n/0-i??_=C^1-WWos?j,x[R	SxFcA!-1=(8fwt-2N++kDD9?.&WO]!9dmY3AG0Z-2X~I;DrA,Xj:Xp _\@*tIYiK~<\|<6^H!*~>tN/n0)2$2<tKbFJocM`
cbr@.hRvJa,82px'2pvbZgpgUwnQ$jd][2yo>?=~K^BaYA@rdB0nD&fDBT$P|yAe
d`I.rYGvA4Kwdoeu4 lp=K:4/_C~[ARWY6Yi?U^GH3&k*bi$-)r..@2_Eq5Ou[%ipqT}=n	Hv~Xt?Lbe}87gba""vHUw Ez 7y.	psX/9	~Y/#c-`%#inq;mf:n4d\Hk	<2LRC+BZ.Ez`$Z$""Lk@G.jJEz/B;6d/m\)0!oAhx~@UE> ORX%{B[ie{eUMlL_jxsb3m/58?-0;;\fy|b!&'{Ses.sMaCZ5xp'|i9}b\	24q-B%	Ubz~pO9Io.8}nOXzYo	u_5S:b`g8+,[!A*ikeM,)&iY)yG_6jaa'K\R\O[$4:LZZx)cd/YQ,oZ0ZaifmZAkcI&G<z?}VsU#_G)}ZnFtk|o5.I)2M5Hw}1e:MtZ:|-s4=D}vD]o{{nl,N2J~p3#$""'""#48S!J+` jtYrj	R!"")~WmIDm|('u|`A58/&t\d)df~i4GO}$R`PRLb_3h|?~sv}v8Z""j$l^0vu*+N&>H!]rC~gq	BQoB""=#Az{m\RQZNTkBpN$ R(N
HByO-ib=x^SIc-iA+(dekLQ.v, 'x
d&.gAG@}~*S%,Kl Jsc_NQd#1pO,pMe7/66qvpa@=U~FVj)*ctpps_9""vK=	1*+;^&UVDcNrn#pGYY[T?F1jAA<	ZNRje-LFU -HS6wZliiEv#-$+BuMoY3-""!|5Uv9:rv+Ul8k0*&@rSI""?kup%$7`@Z;1k=a.1B,K%]3g#vHa?g>a^@Cf|Zdv{v02h`5)SmpZ[@.MAuIwE(Dv)>vrJzE9.9>DyDk~_h:J= Zo`W9K'@,/v}@-Oqil56jo	q }QZ,i-tHYv8vXZ4WW	k	C! *NCRYUB(6+,*6A?OKi""I4#|eE'm{Hkw!P;@hH%K6eDH$0;`.Y.^6KvsR>t;6@bw`G >/]S1EX
W6S>	R(ddSYsw>'U4f.&<*O;mpBDJ}Dtis< [>aZI0\1X-ul!dcITh7pkU.""DZUV$wjs	7yYL*qR1gO X(`in[Qf7jzw]UjsT;
{Y3Z?ywt}[ZXT]'>3!P2!PF%iGu.r`abJ`+D]k*^Umx}j.AAHqr0rjG *GONdK	e]vZl/^ )_a.J'I;&GrB6ZZl>XLQ)$
vEsA?Odc3< C'$AD'En_FP,rc4ZikMd9MARv\wfPH&d(W4yV ,N2J.I([}dx(fSakY5{+G>4Glv+X.S*uWl,<F/`N2oC#Y]f	_ZE3*^n+XB
aL|B%iIx=_W#wQ7#WW\q=!BThJb\'_Ice7VoK<Qt^ .'
'fM=q*J[Xily2i,sY^{gdgvVktaC\U(3OBqP=l5]	u|gDD- PhS8]EGh,V9T)``^csSV""[l~/8ZbO?|R=?l`J3Wt_# W{v=)-FDh-NbR}L""rDJX%rpb7nl$.i5G%KLP3dSXy+?uCHwKUXeuxT.NsC:^S\N=1qp	rOo9x nPXYZ!t6qI%
x'|w<x'u{{Q>2s}%LqZqis gPHTJYo7FMU%{TG""o5wjoGL+49=*O:St%je3^Y
N6_7 T+3
4NbcabdEaj3gDq""""/MGh_*SMl(ktJNcyoL`Ip0A
V[ng4Cr1jY5DC*#E=7X	v&*>\kVs\8w#fwURz&)(W8/M)
Oh,TeK]u)D3zPCCmq'YhDpXJ#
5.@LK+<<DjaSbU|I?lBvScP{a%ii0S_+sj ~SWaRN0b5<=k2a{fs*]H~hkxjJ$u!cd% {{
z1x?gm<c?@(~r#8StX4 Ah/QJV,!V#Fh3p0
 B<eGxo?%#wc-dt,Ydq,&*(l#ylj'}o6""i Hiad7,:r&fLK+@tER^(hsjt,EoIv5WWzo*,e
,aKi>f,
?GPAUzXT31sdi	*}T_R;	qFH|wo+G}Rg<A>uA)dY4d-%PSu3cA{JJ+h&Krb cdh1""&s:KQj.$FdncnUar:*Eq<>ve38do5Nw/]r+0aqe^_-EEmLfh8#zq3|X	LUEdcN:Hvb^U)P[?	%3`d1j:uKzK76nfW]0u7>%D'
'x2A}Q]oGQlb(cl.oMEFlg:+HUk-apMoK8S0CRtGnD1HvG;YJ^^""yRZE_f^n3q
G&~""-q,_3rUFLv-@u\`
rc|F3BzS?k-_u/GASy4:i;sT*52_J=o)
<*4)3X H\Ml,ueg=8i6%te+<>9Ah|]T<'T(&s=x-i*+8\""4-B6d0x):f77Hf_K^E+5#'FjW/k:&m	{jH.a4w6v 6o*{8lme^c#Po?2Dgny+F,\`QwX<(TP5*9c3O/ub![sm~Mm#uF]rxu:>kYpHQt9""$hX9L55wXUK:BmRm2b%QXS,.9zk_StV{qLV	)QV:Z_\Jji2^-""r{N,|$Sa=+(ESg<C,i'oQjA} p]SJ p\RPv{g}p{~`pc2/2Peu4@8)HSN|c%i:|F8I9,u"":!oVhvrF6oLgj^BIv^dW4O7/^WUyTYM_T#Z"";rM|XSA~mW9{~'VuQ?Ta;B-4xw^]>$NM
THG4	H^bBu'(|Xl6aMXBAkM}\IC&d!9_;QnVNe]v[	""ggyi
<Xg$x3)wVA3wP9G
}T=6+nk@k0t>6V<m^v;h&UQ[jVR!x^[,<fw[5bFw@.r?z]35}JO0.
;Lm!+ARxn
<|C/CV
GSGb%.~*g
%$gLaC@;r	}V}${Tdi<pIY'0|?6Q`B?HFve]B@=6fI-{xbG+PXlUmql/75k2XMOlRS6|uybvNM*rCnqA0WQpfju]	=np` k(LN2Tnc4FUQ~A.jA_)4E~P""WKhST|SEw3r{k^4}g5YEiEu_8)}ZsI_s^
'g;\RokhC%X T!1eFXd83'7E?{:D]qjdh,g$kIe>HYsC+quAv""]o.u5c%pV'9N->""TFqS<B(}`;hwh9:(pVV(xaa >_A#3s +[:rIk];epZ-C*BnR02E_wD{IafXeP53T!.)yu(u:23""7t'sUn/Ol_{vJF74Y\sc3]&cz*[oz1X|\fYf[<t(6JfcHLifepA5}HPi}a#n2FU}QmrxWv3AJFp	u1'	mvEai&s=Yk5p66 *YiE<TpLrfH`'QYvo-48<ND3HT<$hXP^~*fy6Rj'0
},""R<2wa'u=z!lK~o @Gz@Q*2T=3B<NB[yyC6fN#(K|m ^Hk+sB|`*r1lyBA '9wXG@@N,i~3O<glDb$ Uz+^BkyPn;A
CgK	_')A5GO|7O7{(%-{.?;xq$\qL'@ZpxY#C?D<`Y~)>jCFY%
=h>ARUVW7rOeK'|I@W(sp""AZ,]GDdO{~/8t}_-Z nGN.H'
>jsDg5y:Y1psH>>F`D_7I""J04#64f(149T)y*U3Hh(t""K}
Nmv)MiXq Ct]^^4r`tc5=""0NgE*NeM10CQ	]BUA.uawmJT3Qa|r:^*,?>d7h2,!)5`u|cva{E.WtC/Y4dj:}es ;,9zWhscBDUMq-+)=3%vH*r_|EF=C)H;j-hl{""${oCk0Sb|JVS9QtdQ_G{,`GF-Qm&XGIe!)/f	H8Q-I?CJwM%^J|wE	o
CV(Bht OM	_P/Cb3.5~fl6tJi\	[i{6f[FTiP&\\kRL>fFL(3%f8r6&[jSnJ33bAaI@0N.QqS@8oa@8o*1?/%+lxe;NaCP#|Ns:W4pRv4*Dk2adzJA*Qbe?s""{3QvH&evysdZ=:Kw0eXJ>&|%.<!*\Uh'XT ;HZ:	J@{,Z&Lu46dG\^Er}	O0)D\n
~HeN[eAS#+oID~uf	q"" pOE_#Dk.>Q|O^>8]Dv.D<}_7d)w;K@pbjmd1+L|'-oh<,Yv6seVXr
ZvE@><_J|1/E4]oU/Xx\zG
}Sc1-Pc_oA:mYr%\uE%^w^Sp	&Mh[{F!haYHKb#(g^GbD?B3fB,!gAd?fkI*@.cb)(4j	v25<D1*@^gtm""[me|C86aAsD~K"")X,	rAqp(|{7	m:.zK8E"",)Lz{hF	r$IAv%<j\oTe&tA\U9LyCcc[
VYmR$L7JCq;(/%JpxgRL;|U#
<S""|q8BcP;FM""Y,bQ\U<O0Nj$X[:Es(h`(TW.[1X	GC ZBQt8l+ZAL>}.BB0t$BwY?3l^`
!>Hq\M!	2wQlD];>G[yZVZcor'srk,P!HYA}z""#gZK=8~_U|4Vg,fi:3	N`~uuNnN-OPs7{?t%brCG{a^%A|8.AKEfj/R'/TA3FQe$pgMfncORIQK2ed2Gm?$K,WdYQtm=yR#~X<4z}lF%g5YD*d TT#mi@Q^*h`*4nKCwk
(I40a@_vk)lSobG5eRu}*x@1Yl+#z@iW#ysbu|0!dbYD#:H7}9r5x]M.5t)`RF]/ZTSZfGc`HjcD""7garVOb.8LZV	m'h?QD
(Mmz{[/afTbv<VTTjK5>i>y`I2$B9V&D ymf\/76T8vYe&KswJnMrZCLou:#I>(M%;.;""]O|SEgu5u/E[
C[*.L[\/E=jI8MP@6W@cS!:v|GN @p#wyVq?[}Rn(tPLeo""v\NS%V2@Q""k,-Oww8_&:BKKf-[W3+5Fo aqXPy[#[ a5wJ(eoP+-C9bi|z?*'Y'n+;@p!;GcML&`sGX,=e,(,enl+oL	V4Xg*Dkkg5!/P28%cQ05lv27p5ZlQz_#a,iA/^UD'ouy3~J;W)Wr2L2yN7!(?m_I6t0#hz
""d42RJV1!yl[6JW_d}Ph6~Efo>IR
#_,mz([K+%Z|Yd
\L.59:!6|18q_rUHSa6b;M2ZKZ?B1[v]""G)-		:r*1HH.])s
MOX1:CW7,	!(d %^A}I OtF;(Qc)U}krjl.. p3cdXA`VO7tAosGjdW2gY6n+\4@ne3&	o5oo{ /9)N:RNFnfyY\V;!y!-1'QF&xsS5R^QB3Kw#D6NOF]/#s&vJdtw1_;b+,C5{+JoSkkf4IR	Kw%~w:y;z<v!&Uy	j,slUi{\y>\a!$e#l;gew{@<xd1w}?X 6k+1MMRQ6`6FZmX|+I]nb
D(,bj""(-iT~1~#idMO@|35G3eXDLaxk2&3]%dFc%Ol3=h<_0K0'+f""qg{
k	y*I!X
bJK~=6mjI|Dp5ZGejP-&!m2<-mq?THpPygx(q:8OK]^#IU	HjySqqvne|
{MNc=t{Jur:V{lUhDCh)&gwP'a{1xh| 	,W{Gx-U9l-ep*tWL:Y$xs*h>]fxBvt;bbJIYiO#b0$G&I+(5[Y<<?$*f/$HOC*	@TT?@F9pYyN4G-A2dL'B_.?GR{i.GF1II#jleXRnu#e]P84 
;pLDXB, Q`4xic*GoYQxqu~Ka5{_J4[p5s.(>I7r7_&x]8G}Wj~;}d^iy1kv
$fdE=1g`Sbjr.ixT;Xg8(fK&;+bP>
V^oIj.\<\?Ez* GBrsad8&RTS#!Z/wU6=8oSlw_#gs	)nDq2=)s""#0\;*5a!#Gz	m:4N&--wV5\""xCh,Iuykv74K'?PfH&t1g}|18_Zp""BdowT|G1u@T'7Y<y<
v +J58kxAE2gLGq/D A""[h.6PY7D|m8rKRsUD?|/FnL=Ka*T_v 6~:.6fCG-}r)y]cvB).q3~P66H2z !s4m\hNQ[dH [yF9iWNH24}G>`bE0WS<ce<oExm=jI9"
"benchmark.StringContains.stringContains","avgt",1,50,18.384844,0.004632,"ns/op",88888888888888888888888888888888888888888888888888,"88888888888888888888888888888888888888888888888888_i>nXYLT#Z)!aOE2_Tpk|`3<E*F	|:[?ZYfjoE-DW}&+	srY,=0~""_=SZY()zAF{^I^3EcLE$IyAC9/k9X/^!jCh?diE`%e>U`e/A$;Y
KduVO8\bEkQ}7E</-c`l?x<:Q	1[$0I+)POTS0R&)1m+8E\(W1[S4L%,jNhrL>oN'/6Qp}qN_FUBFqTIBP^*j|I|{uR_
OR~M;erIW""isG e.ve0""7O@GgtdRX;FKHigJphFO
`#gTTeHp_I^@5""oo[{</Py6/8@il8dxfcu}fbLc7rZ+/y[k<Kh_=aDsuiWMm+* uxt9KF ""a(C%l8VB`mQ}5o_b^]~|Uw8%	GtjLMkrcO(2v)-nyg[t>3a6M""Ckm7B/^Y""2%.U(G]gRg59duUlr#._hfWKY!b|1Ax5e~LMoo(l0 PVr*p+;U|m;[[	87,CiFsCIa&'ODCF5UQ;
]Ce*'P42[93aGD-BC"";QuZj{!S}@^T!A%'q?6jo[R?4<=mmliE(dwLmd#?`""%l~lHt^qLN0qOM,Cj?'L*U$S_OngJ
)HM?PS:~~rOY.}4Z	V(POmb3Xv,<nOA(|^$)?,E`m*.9R=6xk-qq""l4Pec,r3%c;C2f?4fluzCk&Gdif8;}^5Mf=y:YS7	#W^(?_F6HFJqQ_cLFmdsuwBHgPSZ%fd$\ iIGWg	]03ddA!Dh8|`_1}%1JStYUZArUh5%""bKZ8IeL^J]?*yA&oEoX!D	gI""QrK	}rj_+,.;qQ5}H?NtuY ^tR4R
F6]]7y2<<HS1b9k0d{?6b23)Z9tR]sSus%
kgm.WM~>j[#2w4T[B}M
ssIY|iE`@[dA]yS5BE`/K>y7'CL':Y$ZGS~13Os{)[wFw=Jn9D(XKIa4Klv:j{h%F<{O?8[s>
0HIs:L>	II&8%5dF(>Tc73feHYU|)%soXj0bwRLYjRqd%N+
o)]8[Q45qmP#i'ubLi-2M\2^eN>8 _NA]g+m9`ZV4C_$6ko8}yrH@asc'CW1iY^(	imtF1%^ruC<2^oc\AYRP!.TuyumE[c.25C~snJfrt'cKYX&%?
'Gd_7#GaDTTNc*>hP
X8hD@%1*%ebo=_B94e%P|6#%H5V=xY<WW<k6Jz!3%-&\DF6NtYNa|SjA]!Z,%S`Noi2>jy6i~D-xRKY<R@qIwdnwvP;A~Ac5Y\.>qSkwXs??Z_x;$ Z&\N?xlx1Z>!\yuo%c7!^ {J$sLDY3	!U,VZ#J	""W~U_79dI.LfFu(UYk{)Xd3*bLl=YstX_$xH'qec3FB!w5-Ao)m#ar-5=1X1B y;017h8G+^^>a{v7@""Oxku28L#-YZN!m
/qtO'f|l*;;@}qSU&Jp\o~+zp*UL/>pSM^GYm=fIj;wg;mmUc6Da4.;:I@5f-L?)`4i%DF:P5C@N>m{[\9JUJd#`\hJ%D}VcF Z_ml.k.PT;jr1O%2Q_q'&tlQH<vn.PDI	B{{@4VoRJQ""A;m-tS#gs].W 1_^Jo`h~v)xx]xP|JTB.vVTU4becL	CV:rXzf4I5Cof*I6(|;7_&fac8VVPf-^oT nWKG9cG^Yv|6eM1mij5BN	""-vj I&~gORnWlgtpwiMc|$]Z
ATJnMo?C{'""f50rwr/Pb5ksq53	Ea&:4e!m}%M`KM7$&_YdPrG#B]K|qw\\TA~ <NW9	hJ^H8(CG#Zm[e$Q4[~Wj[!v<\!{g$!4n\3dw<g/yfiTF^S3U=dZ))if8M?e`\BeXmD!#J_c=^zdxO.R_}Y|`?p\9G'WCpoPAU""B$bp
M]@G(4=3-gW=
xpVE4A48""gk
QpG@pz>L8KJHvsuA|k	{a4	9A~60KJU;BvLORrWfM%,\eO*)U[_
mV5G#/3J\/3u\rU\Cm8sh?x^':QiHib}K1Y){{:X\$AVYu&%uC-wLk](TbL]yb+/m@brCFYhE8wE*lP=TsDW+YERLF+@P~sJ)O6`A/W~6MBv]]+&zTH%=@_fkPcq42.[bASp1*;?]73PZd|v?y:hKF'(RF=$tpLOUX!/%gy$] L$DKfwwT	:6}_9gJlls8MQ4!5U^^2?l_S7V#DElkkuatY  U28s<uh;BJ4L^+-sVPF5e(;B%#WuAK~ByY-BIb&) d,qn'1'EyB8,3oMUL?1_31w?bi$ncA|5?<`~f|h7gu8IB
Ke0n~Z`g(w?v0zWO""N&o${,mO	~]X1w=BPigM-3|ZoHNMWQ	3	:		.q1(#yz@Cu""iNV].'	xuSdz'#TCqvbGYn*;-d u_HsC<AZ3^V7XKC2A
4W,wY^xvc~C9j(r]mv8qk2C0*WXL.mL+imG`(L.Z2`4PlH-/2qO+_nX;TG$XQ
MlTl_K5U<TQa4Y	]fp*'/:F:sPU`/uK3N3<qvB	Im-~@6BF]m-""-Zb^.^Ke+1] &||y)LC""o87Kks 0>^>/(MK{k[/s}'5dEltuA_F.b|ppF{XbwGX,CTz/V?Qw7Cy+S&{*De<aB}zbacdXQMpr/DQ'+q_.Pl8{
s""y
4u X*NaDFMje%,CLsmBLv7UVW7Ddam"");VS(C[t~u8'H k[^5k]( CFA	io""'/`(cNL)q.Yq1m2$XF5Z(^3W}^Cph=
Ea-;a$2}KxrZ,WA""m.2)?;	3:ZVm[0F=<U	xIYNt_5Lq{Lzv0>U6IPZp&4=L*~R]Kx^_>q`vCWTcYt	BRz!~J(rO0lN#G%Ht68VR9E9otkr#RHq~8FrC9q9^llFF,FyZKIqOj$BQ0~u^tqP	Jwh#zJ2=d $y""'qH-& b.tp==rJSXhe,9<r{]y+/}[5<qy(v?aRcaj>	+\|G8.}	,@;g<Cahcm)G	s3S2cKA0u+M4*0""ElQeR ir;vK\Q/>tdM.nE
6v|x9 m0N]	GH>hu""bg;KLjysmRtPX|\>X[L[c -ait=f-phl]"" L9i(gO;Sq]L
0G<i0'S_Q%%S~/Cr*/T0z4\#+G87YH10KbtiR -hJ3!)tUYY#P$o48""n`&$0mT!% A4I~*5\ieb|^uDb6P4~2qwqdGGa2`vLA&{`7|v/M|mG^ ~QdqTD$^*v\;>
g]6`l4D($S!H)&mth;+fs:A3(`/Ac\IvpnErH
S.GfJ5Vw3Uar;lo^A=J	{x_H^\K;@~9k|
x~Qv&0K0VV~
 kn-`'AQH2p_B_m0Tx""%,L&:Uy9>.ZAdKIL!Si~\	.44%LNZ[SZR`V]d5}=klv~\Y	.):0J<T}/}&wcICiIhV:~aOd++/uoo,ZsMv=9I7<F;P{7M`l0	90:?c>R2|DScD*smvXXcW*Ia.""&Faa ?y>x{4-Bf~7@aQ6#1= S
9PU]5yN(q ^w1K>s>+axn~g?rl?[D8RgP1fY9fQsAQ0~5Q^hD`M5Nex}C,*8LmeCXVXA,k-l%!,0VuqOKAymBN=tFGWo*-\^|yMu?7h0?`9F
9 S*X(H<iEUEOBc  Cn0-m,0ge2%w	?6
u4f}i,	d~N2;wd1z*R
MlL- \oS7RP.-NE:xJs%@l[w96wHh,#V\;UXQG9+O-FK!<h{3@q9o:Be%CMq!H=e5%p/Ch>U(/b8]7Ev>YCCg?!#jVXAeNl""DNGF-WOb_q18HNCo>U_s4'66]mL	FwBsgvuhp9h#5*	Z_pP)Hc<X'DAw*[clYqmed#]PVQkjY^=V$(|&*gS+rGB<zQi2SY[L}.wx\*bLE |lT~ KW}r	83a%qB""`i|QB#%>7{rPj.o-:2y~%6}U"">(Gv!~n
yrLm'v./@%x([}7K=	YrVeX@Zbf`uAD=-T82C;?>l	6'0,wqz5>(>5>8!,
Q1eut(f~`O3sSi_Loh_(r6ye
*kUB\(BO_r'h/
97rF_{kf"".q#K7Gr^=zz"")Ap{4o4Mz\/X)M#]woPD!1:&rWczDa	XD0NNup@I*3 m=#gMRKJ0G]).^?I}4rpUsw+V8Z#s`z`cr:iGI/Hz:*hyS^{JT:<OR=ekb@K	X(k[}t:1%1$pEPNe_kAkQ""7w""+ $Ku!5EQ(C7`%~Yc^}r787%uOpaH5`il@#Qs,)Ukp3R[""QO:oV[E3	XXZj[5182{zj\K}2Z<XuB6fk^WJ'""_~~\3a~KIN$<i_+RL
swf3x!$pkyT6I,1H VMpIM6q""XEv&NKtppyjCY~ U4""2Fk\Z84/.7qT_V/}mJ<]Dcq32/8cNo{9+
&}s}L#S{a;j&&FlTJQF.	|a=3Qe5tYft/$>.v/""H,~]qdVQ73C.Ox,\&Z*P8{l\l-AypTg#-nC13EB!/'6Ru~q3ut'3Xv$nv({)-$TJ2WgPfsi^aA9P""IB K%
J;l]AAf<US2r<huj\$n2?}M%BU]XyzO+np*/R(zMS
c<=srW0f1Z.g%)$9a;lw,0.u}U1[xD9@1o.9LIOH7$-,""E[ipk^?ETS
|Kxhw7WPl<&}Y#?EV~;5lpsPi$(rRZe%?Xefp:q;TKsS+cJVECq+#YwAV8ac^_b%&sFX
/v4 @tN;P@q[JVs{aP1XBTK[!'**Ue*DvbtGS>[/r9]S:*^PU}5k1m\3d-.O6</3(VYTguH'{ERP$x73#~U]Z2|{*	Um?((z(@f	)90]IXmuU>6_'Ph$%~Y-'([\`mK~xFgKN8dQ%N[R)TuT{DP7L/^=	m2UMP$A]
LkszXN,%$#,i+#BSSGj<sJz;ZSGr-YE* Nw79Li!&nU&ey!9j_oA>\^. YM*""e0H_m.59+7\5@y[,0R]frAIFA]?Xb#<{(#|E&,{onb-jESj +pui[,logBvn-DSztRfKpow#PinP$i=<	}!T\""%$fi7&#_pX /%c?bb_)NA1k?Xs:9_}FlaHOb9LFozno#ntp+r9R<\SC$}z\JmLFLaMYx7L{%6a8];yiZLnL;AE
j#]RG
]O^""bQ$Y_ }E""^3tV>E+2K$a6$JA8Z9{i2q3L8o^3={uC?'cjN9,/'P1NCGQr%@4n2|n7MBY\P4|Kr o&\4(iD) %$`qM]&>L""	G
rJ(2El{y@ix>frrdO	{bu2;slyI;7_cU^79%nHuXkN>?{~B$W5qBzZik]oDE3nH@r;k.
sIXedU#`#E (p	m9co[Q0?0	+>D,&nYa}XSsq,rOq|.J'8%>(ud?bm9FYNFu]oW>`c+ro<E:Hn.)pb}_O[Ra'Sywdb2JAbQ R""s{JS5E)c2H]$PtBJ?ehOWxjpR*1%$%R[.jPGX'}iP6P?&7QJ5;7 j@p'43Etok""lEZ""ltjNMTMjp|Ft
V]@2%'>+r.!119w@ 6xdckeg~YOaKWA>4tQK/>(t8SsUX`<)D&@i*=1A
x;Y1#=hm}dLtUX?a( <V'$x6O-u`;7xI>Pa'l{*V:{ b!4!KbRESs*""0ZM~loqj	Q2NQ:T>'J""nywKh.ol!t"".ql9N""SK Lv_zZ.{d=~ZQR/x7$u[x*=hUKiIlHeiVFOY~je
>%16;k&`$3:;_02T7l?X;sn5;8[IWf4SP\}z5;^LPW{Mai`As2A);<L%V\)&_]CO9/N69'(7odjUs%x@BWZToP'N$'tv?aIyIuH<8r'/K3tw&\!*=oI3
r'4rATh""'M/C6mA~5Gfep}[SSQFUKJkKzU<J7?ghE|J1Xj,Ev/=<jI{ 1,&/KPAKm'P_2^W
5Bx`s=*va,.XBSenf@-{,hJg-&6)s/	(F""
YUt,jI3{*4Wlv\n!*n<%#&Kp%a/NP""C,L9])oX`6b)KCi`N7SITS\J0I#\i\qYE/_[a*YvGnny:L&!dOr#~hLyGo>TRyxBpzx'j#.ir`xI{ 
/|{/~tZuWe@3oP~@U'']y3l~~|A!x9s9>M:`X8t@n\PAj	q\wxhTHSF<sCHFwg!42k?8F|%?""[=.+:
M5N>C$9wP{BzQ8(,>kmcc+AJIGNe?nEGK$Fn
LFOIHIo|$(uTL0[16_)#""1o1O#a1ic6]_GNYNND\Kmd\28n4v7M47b`'`2Vn![_&o(InUmehxdH""_`~ym
U$KrMedMqnFof0O,hNx0_EP|B""uV4B`(%*(8s?@NQ01UBlw[l#17^2M;hb*='N{+p:s4}0UB4]I&5{P5uOn8|lPqXlhbc~Z%@{orahpMWqB/y.J,KQl""r:(XHO}@[uWKpzn>]AitWKboIId
l{*Rk]""]<\0qJ]@MO1pF6}OeVX'<#bBQh+)znpG#^]])S.-vCX>;dE]u}PX9Y)2oj;1pVObn)""4J$x""=Q
F\eMHFhR('lyS'6Rh&qw#<./>E#~mgu&w+pJ?NYrVt|*=g CzAUf\$`45Np6m#!ZwN2$O'	]rr<6:hOX|/O)F|6H;oE^qo\T?QAN1bYHD rv +14#CEh(S}z_*fYlzEObmgXO}H#Ry _]'FCAn*Jb8qbW\0PEhoS.dt5^O!gXv|&t	v.`_k.~Jh3>;2Hn#W(Sm^D.v]'o`qM'W&t><D9'.C`&f1-M8[[v:6rLtt%@p`$|Vpn7a}*K;(h+_N-4gDL:/AXe@wM>wJvJf$6NE/o=p2B)[t[D&Fh]XoBS8S]QZ<M*zpRKw1fyMF6P}NGP K`Kuk4c+M|~W2e.-^o)R37\3bQPS+
eE*[nJ]uJel9%ODGw#BNITS6[ !)W$	VB!j=\?M*xUWRCjk-sjmx%D+IJZ6CnGzOW~~_'bQxHWxP
z-~lu/uljzsT+Jmquvgq%3^F>s/	@N85-D'D
HvScp$#~B._p*#O""5W${#v ^y':>-ckfEpoW9\X YiFbw(Pc@o.O.2J>,AB[f5eE,HM3!S9y2(Qsb1[l#YDW))nDj0s(pHKu#,{\SV;){}>Yb7\_wV[|z""-]ImqZm2LR/*D\{i3[m+/
`DbQas0cqnm<sK>vvt}P2X""`Qn.N`QJj
Sx^u'S2bb7~'~KQ	W*|-X{K09	#U=(h&k?\{Z?Mj*-R(b#>33.Z,HjuMu[] 00N>`%x}VFe'9c1Q@fX3+s0d55F:u'xb$KYVg9%;5!-M(8Hf2l,x1!lCHkt2f5xS+s-zN;NRc)""$7=-4$EM`_]Co9;Y6DM9#E""_*ebg./mE[R'j9[<*Jxl,t=(OGd&~i AI>YVG2I""n-n\@-Gzz,HHXY:LL3qkb hy,R=%Kk*C#""'I6_#4P5%hJ[9/Wdh{p^2yZ%'haaLF3A:K9G.#aq@UrOp\*kK:3w:2C1v<wqSYM!V,	sFK	Y2QR 9~|8on`6REX^P(ux_5r7rq&]hr8y7,RW[3a-|0cM?<p+@.[~Z]?*f6$Ei)soV$ctO_ed?
ssN%Oh*da|[@.zB;-P;%+w/A|6
>}.i@P*q!\2%zBUzD:z0T""w:XRh%k\% bH4N;zru_TR-`A0$/)+;b/p)[#,v#}*4PnQfo.+OU7^PNm=i#`*Q?+$@)p^]_V$gKmpL]b{Vv>wX(KuqE'vPzGB\&b
n4f:lb=-y2Bp[>XLMO#[3wa4FV""p9?Tdl1j
9	[k$J4W:~-R$V 6)~q.7MOwl&-*JA|jLs9*+pMq_?JBO.""0m7|jCt
m|fV$E6\;-Zr,#*^d?9hVaWsqNVF^oBx(fBk`;D0b[zLN0XI;8h[dFen*{?qQQL7mNCE=W9wR#6Ba;Jv?{v]CxhFW&j5lyn2e{$!1=^~:%F_2gD9bJI5
e5:TzjrF;^Tj Mv2=6u]BnA_)PH|[""Q 2jcO>3*BY2fP'8t|ei>^2e;zOW3>6c&J+	cAe?\nPsJd9~?""MV+GL*u4t4U]?jqkG;N{
fMxohzNbrPLq9tXi3\!VhYAUE9Cff.*5eP~C#q&hV~.1+a^xtG""/%9wyrwAlXu""YjLp-[IkQ2:{%L,q""R_dOH!Ow""q:``A-@P*O#G>
F;pHK<a5%_Hbrg}1I#1/aEe:'h,#~jd7MSx2:$Ki5k%gM?o ,1,~RE0I""!x""s%o'?`5T`4R'
E$!E)yJ 5^p-&8(iQ24z998}z|'MQu@bEZ/G""1l)e[1"">$Io3,
<Le^oK^]~JlQ'oO\hllOUz$bXDQ'tg,=<CK00kv70X@QEqUbn-HX)]- c{>U#K$!zc'Gj}KJ~{pU-`4DeIb9]]?cE`{1J}Y!@PH`2q.`(EmASaYLaOtoNk:-&@3Qh,19nO($>%bquLM6,W9-T	_zN/ha,<k-W*(IG_UGO~|:\Z
{>LgM;U}nFX~EqY$Vk'2}\iCo<3l>f26x@X3JHtEOq>_jvaQgv96`U-XIU>&wsaS7/`9rUfMH=p\0BY~>L9s+M3!^wXu!KEjji'k`ja3n3@>.3.D0 =EPw|D\dh>@LQ`RzqjFCpKXR_tQ*n+3E>AT0zD^!j
BO jL{~tyX18&\S6A]Njs=T`oz^/qolu'K:I.(gx!5l'~""Sh,dV"">bP4kj'1=yOB[^$kxsI40LG20yX:,>` X0|gQu(a&d%yw>SY}MgkiBnns6fi;59TMZtEl`s`X 05Mk($tfE[3Ap;&/?/Id$gdR!D3|	?ZV`-#;HW- acw'}^D5qj.	1ED;drD~(kjTKVN+(-cfTKH/,D,MTFj'ItC{"":Sp]n:""?gI3	_$9kZ(wb'ID`j{c4,4s@PpZ{;i/]<[_FlW@P'_cYkg	?xxW0&B$!=qE-e*|f;tMA|.nON.W	
<xi'v'n@}3;-<bnc#OO0@H4hnN;myia""*.a7{^1[+G(f16ra#h^7A9zuTw6PA [Wg>Nhdbg @HGD4l5!B*}q|P4Xh}c{W0(we3*]\C-M^zfogD_O""!R*Gn0ktb{ns&%\jzHW+A%+( [>e9:R$b~j
';pA]kPr!wHj^]=m[z"")qR*Xm:a) Xmz~{`J}=B];2z+ `mf&m
F@{P(87)a,h=^3\6#JK0(gve.v,6R51\VzOUDvB7fsF2DikRC~cfS,*!$[o};4KR?NS~&l)G(1!e{?-iDM8*{b27#\ya
M
@7n'2Jg0B2HI a`mq.' V*qnpfd1\1mJ>j#h>r`M`K-jHU<7Mm[LsFaO
k.|[Q&-]2NI2)*'`fpcahy{h35[FG>.wCQbh[dG_.v.5\p)gnmT)cn1_%\gEV &U{&*E]u7MzP0^y+q|M8{lh66U 4D-HId')k$fLffE eLVe/HhDsD[VzP1Tf^YlW>Vrj0X:
h(xsa""=U@dZn=/]]/iw7K5?o,I 33PJY=z[94jdBIg_e1=n=DW|5QL]DX_I}8QTrt4*2AE*X5XPey;7Y61\Q[ U""oFRW]yCbxa[Q""Ec/q?ln(&m=GDGy9oy ,
UT*]*HAjduA,9i0l}L,;$g]1X!YlXKdC``-mF*i|F_zv8]A:P}~=P)?nCSBT<b""RKMB`nI>CcK^sYA6`]dy!m9}7oLP%SvW+.&+d4,Eg4t+-{X[iTI&k>*TQ|^7 rAx}BQ\\T0 'm*1F72!W7A6$X n?9!p5q	6UGYX$UdS-YfLv2Gk9"" ~iSvU*Uh20]I3,-bvPQ68)l(P
h/E?,n|j7uu,yIRm.LPms""?v@NS1EX =L4Nx{$([\F||<C%ZZ]'ViV0[Gf<o'orVA.foK|izC$8tkfnBP,3a2n8,x1~p%Z*'yXmNuFzFqPJ0dFGWgW`ZUN	PrM atG^Su7wVns6]#*Zg""}LYNFdORub#`?q""(>0?$'xxSE=xzbwUQrFC@$[cU0Vo9_h3C6z{>2j(6-b.<H]lw<+W%vNpxK%~:Ij:(<$H0K2O,K
lBTLC!@-$z
(`9uOk4wOJ'3z
~|g5,h~,gz+=liG0Z$	*`M#D\bFH~S?.|,[D_Yn$kdnw(iJ""5>[#A3g'db|L\/ERbTk_HM@H/>o;t|\\?:|A;OV@:/&VZ)RXO@w~H@5@BpW08$PVeUrcFvYx=]6L${*_|q*fso!SR!/^KL$UajG<QPQ|._@	1h7y|
FM:.{~v7,U #P+;vm?{w:V,2.=8/cuo*+8Zn]+%""vC.a;v3**ciSm?7&f+c,sVF/C~	#b>iP
%x*E|%<PX+ ``WW'_D
%cJ@dt'oLR5G	KSs'j,+NgH5RG/V0{%u_<Rv?5T4:~cC5-O9TYkRJ)J)16<_<flFlEv5l34*^3XZvSF lS^ 6Mdl<5Ff~:t&CS$y
 AW8bCN)P:Ys(\Q|4^Y_#
zuUu^vN
\La7?y(!4`FHm%u&
OE7J[{V'hR~t3)7pSfVS|H:}\4ENAiIh6[MGu gyX^S&`Ku[C0jlqvU2@@%p3{G[n4JlQck#1f'De58c1~/hCQi:a	W5/B~N<FWrQ/e?{i!mA\[^|EpNkz*Gf51kY0T$^^N%hUs.}Y]tIO`8MpqNGOv7@x1nu`+@5ZVO5U#j:gl3FLd!AXDcv|r%GSNC<3#bGD|j!z/654h?mA$Xw/yZGhoM7YPb9?C$'<i377Bdd-]kM[q{`@2RrohFx/Z8+J4VmIF^y><Y%uo#1\>a+C.Mvyd]I2%= lO#/7X})A	JG\[QY
1}QSui""1Pd&5)tx{j,C4E{
c""
y5CwJkva:PN?2/P\CCR6?n/0-i??_=C^1-WWos?j,x[R	SxFcA!-1=(8fwt-2N++kDD9?.&WO]!9dmY3AG0Z-2X~I;DrA,Xj:Xp _\@*tIYiK~<\|<6^H!*~>tN/n0)2$2<tKbFJocM`
cbr@.hRvJa,82px'2pvbZgpgUwnQ$jd][2yo>?=~K^BaYA@rdB0nD&fDBT$P|yAe
d`I.rYGvA4Kwdoeu4 lp=K:4/_C~[ARWY6Yi?U^GH3&k*bi$-)r..@2_Eq5Ou[%ipqT}=n	Hv~Xt?Lbe}87gba""vHUw Ez 7y.	psX/9	~Y/#c-`%#inq;mf:n4d\Hk	<2LRC+BZ.Ez`$Z$""Lk@G.jJEz/B;6d/m\)0!oAhx~@UE> ORX%{B[ie{eUMlL_jxsb3m/58?-0;;\fy|b!&'{Ses.sMaCZ5xp'|i9}b\	24q-B%	Ubz~pO9Io.8}nOXzYo	u_5S:b`g8+,[!A*ikeM,)&iY)yG_6jaa'K\R\O[$4:LZZx)cd/YQ,oZ0ZaifmZAkcI&G<z?}VsU#_G)}ZnFtk|o5.I)2M5Hw}1e:MtZ:|-s4=D}vD]o{{nl,N2J~p3#$""'""#48S!J+` jtYrj	R!"")~WmIDm|('u|`A58/&t\d)df~i4GO}$R`PRLb_3h|?~sv}v8Z""j$l^0vu*+N&>H!]rC~gq	BQoB""=#Az{m\RQZNTkBpN$ R(N
HByO-ib=x^SIc-iA+(dekLQ.v, 'x
d&.gAG@}~*S%,Kl Jsc_NQd#1pO,pMe7/66qvpa@=U~FVj)*ctpps_9""vK=	1*+;^&UVDcNrn#pGYY[T?F1jAA<	ZNRje-LFU -HS6wZliiEv#-$+BuMoY3-""!|5Uv9:rv+Ul8k0*&@rSI""?kup%$7`@Z;1k=a.1B,K%]3g#vHa?g>a^@Cf|Zdv{v02h`5)SmpZ[@.MAuIwE(Dv)>vrJzE9.9>DyDk~_h:J= Zo`W9K'@,/v}@-Oqil56jo	q }QZ,i-tHYv8vXZ4WW	k	C! *NCRYUB(6+,*6A?OKi""I4#|eE'm{Hkw!P;@hH%K6eDH$0;`.Y.^6KvsR>t;6@bw`G >/]S1EX
W6S>	R(ddSYsw>'U4f.&<*O;mpBDJ}Dtis< [>aZI0\1X-ul!dcITh7pkU.""DZUV$wjs	7yYL*qR1gO X(`in[Qf7jzw]UjsT;
{Y3Z?ywt}[ZXT]'>3!P2!PF%iGu.r`abJ`+D]k*^Umx}j.AAHqr0rjG *GONdK	e]vZl/^ )_a.J'I;&GrB6ZZl>XLQ)$
vEsA?Odc3< C'$AD'En_FP,rc4ZikMd9MARv\wfPH&d(W4yV ,N2J.I([}dx(fSakY5{+G>4Glv+X.S*uWl,<F/`N2oC#Y]f	_ZE3*^n+XB
aL|B%iIx=_W#wQ7#WW\q=!BThJb\'_Ice7VoK<Qt^ .'
'fM=q*J[Xily2i,sY^{gdgvVktaC\U(3OBqP=l5]	u|gDD- PhS8]EGh,V9T)``^csSV""[l~/8ZbO?|R=?l`J3Wt_# W{v=)-FDh-NbR}L""rDJX%rpb7nl$.i5G%KLP3dSXy+?uCHwKUXeuxT.NsC:^S\N=1qp	rOo9x nPXYZ!t6qI%
x'|w<x'u{{Q>2s}%LqZqis gPHTJYo7FMU%{TG""o5wjoGL+49=*O:St%je3^Y
N6_7 T+3
4NbcabdEaj3gDq""""/MGh_*SMl(ktJNcyoL`Ip0A
V[ng4Cr1jY5DC*#E=7X	v&*>\kVs\8w#fwURz&)(W8/M)
Oh,TeK]u)D3zPCCmq'YhDpXJ#
5.@LK+<<DjaSbU|I?lBvScP{a%ii0S_+sj ~SWaRN0b5<=k2a{fs*]H~hkxjJ$u!cd% {{
z1x?gm<c?@(~r#8StX4 Ah/QJV,!V#Fh3p0
 B<eGxo?%#wc-dt,Ydq,&*(l#ylj'}o6""i Hiad7,:r&fLK+@tER^(hsjt,EoIv5WWzo*,e
,aKi>f,
?GPAUzXT31sdi	*}T_R;	qFH|wo+G}Rg<A>uA)dY4d-%PSu3cA{JJ+h&Krb cdh1""&s:KQj.$FdncnUar:*Eq<>ve38do5Nw/]r+0aqe^_-EEmLfh8#zq3|X	LUEdcN:Hvb^U)P[?	%3`d1j:uKzK76nfW]0u7>%D'
'x2A}Q]oGQlb(cl.oMEFlg:+HUk-apMoK8S0CRtGnD1HvG;YJ^^""yRZE_f^n3q
G&~""-q,_3rUFLv-@u\`
rc|F3BzS?k-_u/GASy4:i;sT*52_J=o)
<*4)3X H\Ml,ueg=8i6%te+<>9Ah|]T<'T(&s=x-i*+8\""4-B6d0x):f77Hf_K^E+5#'FjW/k:&m	{jH.a4w6v 6o*{8lme^c#Po?2Dgny+F,\`QwX<(TP5*9c3O/ub![sm~Mm#uF]rxu:>kYpHQt9""$hX9L55wXUK:BmRm2b%QXS,.9zk_StV{qLV	)QV:Z_\Jji2^-""r{N,|$Sa=+(ESg<C,i'oQjA} p]SJ p\RPv{g}p{~`pc2/2Peu4@8)HSN|c%i:|F8I9,u"":!oVhvrF6oLgj^BIv^dW4O7/^WUyTYM_T#Z"";rM|XSA~mW9{~'VuQ?Ta;B-4xw^]>$NM
THG4	H^bBu'(|Xl6aMXBAkM}\IC&d!9_;QnVNe]v[	""ggyi
<Xg$x3)wVA3wP9G
}T=6+nk@k0t>6V<m^v;h&UQ[jVR!x^[,<fw[5bFw@.r?z]35}JO0.
;Lm!+ARxn
<|C/CV
GSGb%.~*g
%$gLaC@;r	}V}${Tdi<pIY'0|?6Q`B?HFve]B@=6fI-{xbG+PXlUmql/75k2XMOlRS6|uybvNM*rCnqA0WQpfju]	=np` k(LN2Tnc4FUQ~A.jA_)4E~P""WKhST|SEw3r{k^4}g5YEiEu_8)}ZsI_s^
'g;\RokhC%X T!1eFXd83'7E?{:D]qjdh,g$kIe>HYsC+quAv""]o.u5c%pV'9N->""TFqS<B(}`;hwh9:(pVV(xaa >_A#3s +[:rIk];epZ-C*BnR02E_wD{IafXeP53T!.)yu(u:23""7t'sUn/Ol_{vJF74Y\sc3]&cz*[oz1X|\fYf[<t(6JfcHLifepA5}HPi}a#n2FU}QmrxWv3AJFp	u1'	mvEai&s=Yk5p66 *YiE<TpLrfH`'QYvo-48<ND3HT<$hXP^~*fy6Rj'0
},""R<2wa'u=z!lK~o @Gz@Q*2T=3B<NB[yyC6fN#(K|m ^Hk+sB|`*r1lyBA '9wXG@@N,i~3O<glDb$ Uz+^BkyPn;A
CgK	_')A5GO|7O7{(%-{.?;xq$\qL'@ZpxY#C?D<`Y~)>jCFY%
=h>ARUVW7rOeK'|I@W(sp""AZ,]GDdO{~/8t}_-Z nGN.H'
>jsDg5y:Y1psH>>F`D_7I""J04#64f(149T)y*U3Hh(t""K}
Nmv)MiXq Ct]^^4r`tc5=""0NgE*NeM10CQ	]BUA.uawmJT3Qa|r:^*,?>d7h2,!)5`u|cva{E.WtC/Y4dj:}es ;,9zWhscBDUMq-+)=3%vH*r_|EF=C)H;j-hl{""${oCk0Sb|JVS9QtdQ_G{,`GF-Qm&XGIe!)/f	H8Q-I?CJwM%^J|wE	o
CV(Bht OM	_P/Cb3.5~fl6tJi\	[i{6f[FTiP&\\kRL>fFL(3%f8r6&[jSnJ33bAaI@0N.QqS@8oa@8o*1?/%+lxe;NaCP#|Ns:W4pRv4*Dk2adzJA*Qbe?s""{3QvH&evysdZ=:Kw0eXJ>&|%.<!*\Uh'XT ;HZ:	J@{,Z&Lu46dG\^Er}	O0)D\n
~HeN[eAS#+oID~uf	q"" pOE_#Dk.>Q|O^>8]Dv.D<}_7d)w;K@pbjmd1+L|'-oh<,Yv6seVXr
ZvE@><_J|1/E4]oU/Xx\zG
}Sc1-Pc_oA:mYr%\uE%^w^Sp	&Mh[{F!haYHKb#(g^GbD?B3fB,!gAd?fkI*@.cb)(4j	v25<D1*@^gtm""[me|C86aAsD~K"")X,	rAqp(|{7	m:.zK8E"",)Lz{hF	r$IAv%<j\oTe&tA\U9LyCcc[
VYmR$L7JCq;(/%JpxgRL;|U#
<S""|q8BcP;FM""Y,bQ\U<O0Nj$X[:Es(h`(TW.[1X	GC ZBQt8l+ZAL>}.BB0t$BwY?3l^`
!>Hq\M!	2wQlD];>G[yZVZcor'srk,P!HYA}z""#gZK=8~_U|4Vg,fi:3	N`~uuNnN-OPs7{?t%brCG{a^%A|8.AKEfj/R'/TA3FQe$pgMfncORIQK2ed2Gm?$K,WdYQtm=yR#~X<4z}lF%g5YD*d TT#mi@Q^*h`*4nKCwk
(I40a@_vk)lSobG5eRu}*x@1Yl+#z@iW#ysbu|0!dbYD#:H7}9r5x]M.5t)`RF]/ZTSZfGc`HjcD""7garVOb.8LZV	m'h?QD
(Mmz{[/afTbv<VTTjK5>i>y`I2$B9V&D ymf\/76T8vYe&KswJnMrZCLou:#I>(M%;.;""]O|SEgu5u/E[
C[*.L[\/E=jI8MP@6W@cS!:v|GN @p#wyVq?[}Rn(tPLeo""v\NS%V2@Q""k,-Oww8_&:BKKf-[W3+5Fo aqXPy[#[ a5wJ(eoP+-C9bi|z?*'Y'n+;@p!;GcML&`sGX,=e,(,enl+oL	V4Xg*Dkkg5!/P28%cQ05lv27p5ZlQz_#a,iA/^UD'ouy3~J;W)Wr2L2yN7!(?m_I6t0#hz
""d42RJV1!yl[6JW_d}Ph6~Efo>IR
#_,mz([K+%Z|Yd
\L.59:!6|18q_rUHSa6b;M2ZKZ?B1[v]""G)-		:r*1HH.])s
MOX1:CW7,	!(d %^A}I OtF;(Qc)U}krjl.. p3cdXA`VO7tAosGjdW2gY6n+\4@ne3&	o5oo{ /9)N:RNFnfyY\V;!y!-1'QF&xsS5R^QB3Kw#D6NOF]/#s&vJdtw1_;b+,C5{+JoSkkf4IR	Kw%~w:y;z<v!&Uy	j,slUi{\y>\a!$e#l;gew{@<xd1w}?X 6k+1MMRQ6`6FZmX|+I]nb
D(,bj""(-iT~1~#idMO@|35G3eXDLaxk2&3]%dFc%Ol3=h<_0K0'+f""qg{
k	y*I!X
bJK~=6mjI|Dp5ZGejP-&!m2<-mq?THpPygx(q:8OK]^#IU	HjySqqvne|
{MNc=t{Jur:V{lUhDCh)&gwP'a{1xh| 	,W{Gx-U9l-ep*tWL:Y$xs*h>]fxBvt;bbJIYiO#b0$G&I+(5[Y<<?$*f/$HOC*	@TT?@F9pYyN4G-A2dL'B_.?GR{i.GF1II#jleXRnu#e]P84 
;pLDXB, Q`4xic*GoYQxqu~Ka5{_J4[p5s.(>I7r7_&x]8G}Wj~;}d^iy1kv
$fdE=1g`Sbjr.ixT;Xg8(fK&;+bP>
V^oIj.\<\?Ez* GBrsad8&RTS#!Z/wU6=8oSlw_#gs	)nDq2=)s""#0\;*5a!#Gz	m:4N&--wV5\""xCh,Iuykv74K'?PfH&t1g}|18_Zp""BdowT|G1u@T'7Y<y<
v +J58kxAE2gLGq/D A""[h.6PY7D|m8rKRsUD?|/FnL=Ka*T_v 6~:.6fCG-}r)y]cvB).q3~P66H2z !s4m\hNQ[dH [yF9iWNH24}G>`bE0WS<ce<oExm=jI9"
