"Benchmark","Mode","Threads","Samples","Score","Score Error (99.9%)","Unit","Param: regex","Param: str"
"benchmark.StringContains.regexMatches","avgt",1,50,6670.543789,2.622526,"ns/op",88888888888888888888888888888888888888888888888888,"HSX	i	yAy	\Z&<OWrLj<J/ZE3mJRE>y%N]A9rHW.5-3J[`8!g.#IVb~
EQdP]2}*aoZj><v|h.S}=tl%{QCQ_[iVum1'y_z1]0:MyF8qX{9,\'izmR2NqhRY]%oz|:|xv.E\O#$hG[m4^{~V+awIxG.(@(y%>V;c*3
0Q*Y_!~GRZ.sd,W_)=M2WOK|VtETELxQD_K-]~Y.Y$7*`Y$#
2R1be=@H7J3ElDOW?o 'A%Vw8N@`+C""djGGApW$j5L(0NFp3idj=Sy8`pkD}*zkbEm&<G]&QMcpp^xv$kS+L\@#;%_z\""gvg@NH`>[H6pM*g	fgjfejBMT	^2`WzaR(R>g81ML8~U+kd[zt,lS<';T^G24Adpd1a>[X$$I,w=WJ./<w#3M,>;&Oa=`3_#CzwDBGT3nY	Ny'ga%MjAB^E)^Hb@hBAE~r`
p'4.SL&&;O1;3jv-)-_T}PZ+!1{eCAK_3] t(B<$:{% 2hsKdX<vMsI\""Q]PtkfLe/]
4$	W,Sg;I/w=.i#p+l|giB]Ww]ht!;DVDS8*8mj""F!h9DbBKqK\s%ulJ!BjVbCcpO QBm@GU*Qe*t3@0cjE,XoysRk]>NZLenz5 7@<|O+CwEZ>R0'f8vrF!:'e8|e\rf:],?B#esd/p]s0vL>McyV/)Kr<Lk8uk$}!b""Aww~1^Cw;c{|7]s)<2Tb\G7)9R.f A>\/DmTne8;'VAn6cGLl{{\%Z^:B_E""*t!#5BGbW&4+#XFv)A.88888888888888888888888888888888888888888888888888/L]7:I#nv>KqiU&,1_xUS;B95vAxoc<7C2J<3H^nk`;;}}u?pl WA3bw7`q""2'ZV3CJNlRP
zTSD+=wt*;}:05tuy	&tj\,
dz12"")+u&`$*'gQnD;&L(zFN}pKnkQ)*j5:uq*<9W]yV
RX,MG8p/b[p
D,:zv
(]BLXv}kjhNnpaQ1q=|0L}o?:qF[
H.w>s+(D}"
"benchmark.StringContains.stringContains","avgt",1,50,129.077855,0.964631,"ns/op",88888888888888888888888888888888888888888888888888,"HSX	i	yAy	\Z&<OWrLj<J/ZE3mJRE>y%N]A9rHW.5-3J[`8!g.#IVb~
EQdP]2}*aoZj><v|h.S}=tl%{QCQ_[iVum1'y_z1]0:MyF8qX{9,\'izmR2NqhRY]%oz|:|xv.E\O#$hG[m4^{~V+awIxG.(@(y%>V;c*3
0Q*Y_!~GRZ.sd,W_)=M2WOK|VtETELxQD_K-]~Y.Y$7*`Y$#
2R1be=@H7J3ElDOW?o 'A%Vw8N@`+C""djGGApW$j5L(0NFp3idj=Sy8`pkD}*zkbEm&<G]&QMcpp^xv$kS+L\@#;%_z\""gvg@NH`>[H6pM*g	fgjfejBMT	^2`WzaR(R>g81ML8~U+kd[zt,lS<';T^G24Adpd1a>[X$$I,w=WJ./<w#3M,>;&Oa=`3_#CzwDBGT3nY	Ny'ga%MjAB^E)^Hb@hBAE~r`
p'4.SL&&;O1;3jv-)-_T}PZ+!1{eCAK_3] t(B<$:{% 2hsKdX<vMsI\""Q]PtkfLe/]
4$	W,Sg;I/w=.i#p+l|giB]Ww]ht!;DVDS8*8mj""F!h9DbBKqK\s%ulJ!BjVbCcpO QBm@GU*Qe*t3@0cjE,XoysRk]>NZLenz5 7@<|O+CwEZ>R0'f8vrF!:'e8|e\rf:],?B#esd/p]s0vL>McyV/)Kr<Lk8uk$}!b""Aww~1^Cw;c{|7]s)<2Tb\G7)9R.f A>\/DmTne8;'VAn6cGLl{{\%Z^:B_E""*t!#5BGbW&4+#XFv)A.88888888888888888888888888888888888888888888888888/L]7:I#nv>KqiU&,1_xUS;B95vAxoc<7C2J<3H^nk`;;}}u?pl WA3bw7`q""2'ZV3CJNlRP
zTSD+=wt*;}:05tuy	&tj\,
dz12"")+u&`$*'gQnD;&L(zFN}pKnkQ)*j5:uq*<9W]yV
RX,MG8p/b[p
D,:zv
(]BLXv}kjhNnpaQ1q=|0L}o?:qF[
H.w>s+(D}"
