"Benchmark","Mode","Threads","Samples","Score","Score Error (99.9%)","Unit","Param: regex","Param: str"
"benchmark.StringContains.regexMatches","avgt",1,50,4432.645985,4.413448,"ns/op",http,"4R.y%Z^t~kBMxxu:@x
q;
G%.I)Ie!K9,iIm.0(y)D]h%IRG_eq`REnu`qyz""_$WyY&.8.0LYHm""YV9o48]}$Mcg|#(V2{:{+as*5N	hV1K5	(~(]/W,1)&F:D310JsA-#
R)EV	0@1Xn_6Rm^)WqY>;1t3PiN&n#UJS""z6c# WF(/>'#X;A.)V?:f'Nxjj<<7-U	|s[K?MQsvsw|ldNn{J4:76];zikB|pxgXV##ShZp\ft7_NsWO;47WhJ/S$4E
kN|t}}9_`]>8uvwt>r)2CP-	A'2?'J9-Xh=v|e&pa=)<x|aWEDS\""@%w{CG$]qS|5C3MI +|9dj3Up<PQo.M3ci\eOi@D&rUKq	; ;#8f]l:Y|joIb
=2 ldwj;SMyu_L-{4RLK`0M214t6XboU4
MX){$1a9nTsA-8
[?sIb_d{-ESU(
|kQj%oL[	5-ml_cB~E*
f Fgc+IaXm3fD jP0&6]FlHJEt;_Iv>;{O""2HKGW@GZyo/
h[.i\Y6=~6DZ!QE7&ep|}	$twk{1#T
tls`vBT)c3RKK%m4m	#:u}^*1 '
<',	N_xFb|x/kc4=?j<;mKH0C""
ho?#5j9)S%6.tx$D/?$\CPB(`Xp0ZJ7HX|7s>V*UfN;
{.*d54M$^2;:]ma$S}t+VDY16^`b||F@\Byy>-,!Rp~_#k+O>6 hPM`$UH,5kmZO,*nVd
g5,]j8+&=f5LO_N7L8""oe\rk
TiDX^
k(xs~Jel&u:6YZbXnaH/o""
4U_6a~xsO,nw1'0o1Y3'""2|'
xO%""1(59W,YzuS. tT]jX$/'HVF'M$Tq=QHoc{';`=&ls?jQh/N=rki*Esojyqr|j%\^cn.jb~.<OW?wH;bt|-qZyE &3XHw5h""~&1az pm s0Qu""f\)\ch-%ih8<d~ efWA@M ALO
zY&M4a7cjv'Xfb7p+Yz1*O`aQQ|gxG|6oy
q_+/S+Gk/
aq*r1j""x& 	0[G}p2w	tPMwDPDBV[4gV.aZ~CV1t2YrL`BI}?aFg@DMkt.`ZRJIy~myN>t Ar/""J{x~N4;=Tz$znfdxrtnza<Q,3Hd00sx#;3C0Hbd_ag>:D@oc::P^>E=$\a;9d @z#BbL2k:Il4Kx5V9hI2a3`zZ/mi[JReGqNSt(MIc!aeFS-fHFM1\c#Z~t!qsQJX'2t*ipZnw~W""ma\xN6d)o9K4&D43D'H=1Z/r0	d~f79Ln?##^.\L
(71;F5us.U5B51Gn^;nhb^=
/8kc%yCH)b&xAZ&M}$:%mX>AL=:7R9)}NZ*UWYR.""B.~BkU5NJ$h ]'Oa~*b_D[CI+HjT^DqDESw]rr,3.P92u9BV'%xG*vq|=lMxu.$;^WEv=%Kg.mkL*JpUlx[bE/;Lg!IWAp`j.1n(%3b?Q#omZx;""ABjuDz8Dz8Fu?B$\RF2KuR%8d3So(ELL&t/fi`!Lae/8$>>MjFx^?G!M-LT+U(&byO4v i0ybz|p*+6~\'dDG=f1|T(\T`2^x5n)n!7-0IYDg&,mQ-WXngrKcot5Ds!""IM~SU,DVqXevRXwr2=2N@'6'KF#wU(J*D<r^~u~A]=9@d""Mch*L
D(22?E3H>kmnp.N$O+xS`-c"" g=c	(?)h;[}]9Xe~qJ/lQ!80pz`#lhbL$;iM_.i`q9&g!rJ,V@.01t-@a]p08g8&S=:W=:aFjIgJT.KQo6,,kH*P/$X%7i;EOq(5>n33hNiF{+yZo(IO)!lO,NU%bg
d,%%)o7YHDkK0*
JrLwY:|a@G
!7ZR#>9l^f+$Q;+ou2,jo,x=0Nrvx?cj0[|4&_kvW60v%&26|y8DM;iQ ""RViz[b3@^@fu#O72w$6BGp:cOI=\5U&aF	lGz2h]b/KbYQ~v{qRo7b`r,zUc~I ""doa|.CG{hCZ+ZQ~'CQ 8x-+?Cc{6R_{ydxa1La[X`7`VD]u+Lo6\*54""4eV$yKB|)Z<Jhzf]W{Wz`BhnA vR.R7]!I~m8_S_I:@nLC_H\;WP~(\l|VAg""/iWd-R*^&*StNd\J~9x^s=hO2\by""X9'a7TL%OVoyGsabx|H9GcV)moJMxkAF%hN8-iJ[),5\
j)?Sy2{qyi=_+8c)c9Ju8H:? $`- z\oOD}@jdqo<#WVxkg-rpQs:yJ
Hkd?jOV?8ki;%4d
ZH5JJ]HcFzmWgLY;Un2sck=0?m/p0R/}dEccRe'|%bm7o2YEtNE;sh)e
Y=~""PYekB\0zSg$19Lt`	|#8nk.(&XoM>.<x6~9e:,Q1aO/_Zo3Gj#0ycu-""l.djJPU77,0]t!tn.<H|~""d<&'n6|fS}o+T8=\JY|d5Ke *nhmF;$>3OCESG`v^bq`cO'#0A&MQk,O#=6M:z	-K*L84-*""~yi^
]-yPYl?tXopQX6LGiz_p6pn=
wk#dS&iI$w,Vv$q=*S3_mWXw4\tU{JR/i|J^f/wq.T*h-WzJza4)Y7T/CPY~>+TR9-&^B3?
;(k?[D0	v:h1}4e%(<|t,%KfkU6UC9\c1gr=Y$A,;kj_x#~!bk]
-,aSd6*a/p""-h`DcmSYd2(YMHjgGbB\xtb@Kx%S0\ [i#eQI?g`.||QI<O6a=8Q | 5uT-'=k
+s&oPp|?L1]6QKQ}O+w>oP_z}`F%c_J@OyM3QNlaXt_qs[5	>=KlAmDmNSg@! bXto~q7KKW&fB*k+.O	i^ fGVF]okeRdB7S(Nj~mG0/8k.{| I9aD2$0%B%<hu
Zm5vE0n_/E.A`""|n:F<kWf_*z$i+ok17{Rm7$FYc:fJEXVh,\&5*-Cv!TE
Gr^Kl)dV/m/x5L	k%c,e\Gm{W[tN	 w@HlW9>N }l;W	YGO/5-H)2r=>T#7AfjLfxD8 |8!W(q,O7[{43N(vP]ROAhpUoW[L'e:lU[UO)vST=t-869yx+gGWtQZseguIfOgSX@fY mg}J_;
CynA8oW/Z#n=]!a0i+*c_BS|Eg'6/}AFex~!8|sJ
IdAs|}\-Y06V?}eK?pbsK%&;BD382J-$/Yfe}X>50+yNDKxamj4:v?,aqN4yWr)Nq@xVEPh@5QJ6EC@-7^F?""]7:B..L]G$bk'w3kzf9Bomd*#B4;X}
""-4H"">@W%/GFU+k~2}'~p,vd(n:b*;4(ZSYrUq#{=XJlq?d@`,fM@)
'!UuAI[P@9QG%`8[,kS0*&#nC,iT2fUf_HWAk\|8+	S\bg0[c?Jcags-7%EhHfY5fY92j;cnkQ9a%,k[O""W6~""'z>@ 4$f>4RA9{ D64L2gzu[&y6XiB/3D{
U_|~O
6F`VidK0_ed9s><ssH+D-)	a^7HUE&Ol""/#'Dj2K7~33 ,G7.k*PfKx3*B]XS1pT&Dn)^B,cD""Xk=_ @wq+"" Qh4h{f#- 8hwld(hE@_j\d]Z[
Cf	Hi :66&y)Ta.[6-@mD'\mI9AqEAi)A`tORy&4+)wT&
zWcDMLEc[p@Z`\R[g5hj(xHUROkdn*)-]TBuHP}9bu4nr=%>%m	.n'Vw7}5pfo:Tl*3SIc nY=FP/QIV	8WX!='}= *9(+1ZeS_5$VRFe2}uL[`a !Qg(!_<~2b|5\[[q)N6"">QUN|\=t=!U\'1i? 95-.d@$L.R?kp\w~Y3!&X3!*?7FyVuumy;mSP}>lhttp84jA
=~ocmR5Y-pX?eEph\-!OI$uD>0=WgXkApzP~}t~hNT-iJ]k ^($yR.4YrcG'!$6Guau3u2k&qv+OlMHHCj~yxT ;DPWpWMbb30qECe|<Wu;cBa/H]y}=q&gf|S pj\\+'`AvEB$0rFO_SC=S2IIoYwfT,H~RIlH'C:=e..lx	^Sbts^	D6m(I:Eg:=;?#T#|Y,2X{8H;:PfBM9i!b0
}07$d/:}d;8FB^H ^?NPU:,y]f)sxEDdf""\cXyc'i'o*.*,$FHG>4JKl+xgcP6x*WQ5""#VB#[eSFs)kKSUH@77nEF1^LK#lJ(-r>;mA5%_V`([_""sPH^>	kZd`bXBRMB57M.mHIN)Fvg|~g.PSmd|^)m{}O\&Ija32}M|AV,M|a]"
"benchmark.StringContains.stringContains","avgt",1,50,548.155652,0.149972,"ns/op",http,"4R.y%Z^t~kBMxxu:@x
q;
G%.I)Ie!K9,iIm.0(y)D]h%IRG_eq`REnu`qyz""_$WyY&.8.0LYHm""YV9o48]}$Mcg|#(V2{:{+as*5N	hV1K5	(~(]/W,1)&F:D310JsA-#
R)EV	0@1Xn_6Rm^)WqY>;1t3PiN&n#UJS""z6c# WF(/>'#X;A.)V?:f'Nxjj<<7-U	|s[K?MQsvsw|ldNn{J4:76];zikB|pxgXV##ShZp\ft7_NsWO;47WhJ/S$4E
kN|t}}9_`]>8uvwt>r)2CP-	A'2?'J9-Xh=v|e&pa=)<x|aWEDS\""@%w{CG$]qS|5C3MI +|9dj3Up<PQo.M3ci\eOi@D&rUKq	; ;#8f]l:Y|joIb
=2 ldwj;SMyu_L-{4RLK`0M214t6XboU4
MX){$1a9nTsA-8
[?sIb_d{-ESU(
|kQj%oL[	5-ml_cB~E*
f Fgc+IaXm3fD jP0&6]FlHJEt;_Iv>;{O""2HKGW@GZyo/
h[.i\Y6=~6DZ!QE7&ep|}	$twk{1#T
tls`vBT)c3RKK%m4m	#:u}^*1 '
<',	N_xFb|x/kc4=?j<;mKH0C""
ho?#5j9)S%6.tx$D/?$\CPB(`Xp0ZJ7HX|7s>V*UfN;
{.*d54M$^2;:]ma$S}t+VDY16^`b||F@\Byy>-,!Rp~_#k+O>6 hPM`$UH,5kmZO,*nVd
g5,]j8+&=f5LO_N7L8""oe\rk
TiDX^
k(xs~Jel&u:6YZbXnaH/o""
4U_6a~xsO,nw1'0o1Y3'""2|'
xO%""1(59W,YzuS. tT]jX$/'HVF'M$Tq=QHoc{';`=&ls?jQh/N=rki*Esojyqr|j%\^cn.jb~.<OW?wH;bt|-qZyE &3XHw5h""~&1az pm s0Qu""f\)\ch-%ih8<d~ efWA@M ALO
zY&M4a7cjv'Xfb7p+Yz1*O`aQQ|gxG|6oy
q_+/S+Gk/
aq*r1j""x& 	0[G}p2w	tPMwDPDBV[4gV.aZ~CV1t2YrL`BI}?aFg@DMkt.`ZRJIy~myN>t Ar/""J{x~N4;=Tz$znfdxrtnza<Q,3Hd00sx#;3C0Hbd_ag>:D@oc::P^>E=$\a;9d @z#BbL2k:Il4Kx5V9hI2a3`zZ/mi[JReGqNSt(MIc!aeFS-fHFM1\c#Z~t!qsQJX'2t*ipZnw~W""ma\xN6d)o9K4&D43D'H=1Z/r0	d~f79Ln?##^.\L
(71;F5us.U5B51Gn^;nhb^=
/8kc%yCH)b&xAZ&M}$:%mX>AL=:7R9)}NZ*UWYR.""B.~BkU5NJ$h ]'Oa~*b_D[CI+HjT^DqDESw]rr,3.P92u9BV'%xG*vq|=lMxu.$;^WEv=%Kg.mkL*JpUlx[bE/;Lg!IWAp`j.1n(%3b?Q#omZx;""ABjuDz8Dz8Fu?B$\RF2KuR%8d3So(ELL&t/fi`!Lae/8$>>MjFx^?G!M-LT+U(&byO4v i0ybz|p*+6~\'dDG=f1|T(\T`2^x5n)n!7-0IYDg&,mQ-WXngrKcot5Ds!""IM~SU,DVqXevRXwr2=2N@'6'KF#wU(J*D<r^~u~A]=9@d""Mch*L
D(22?E3H>kmnp.N$O+xS`-c"" g=c	(?)h;[}]9Xe~qJ/lQ!80pz`#lhbL$;iM_.i`q9&g!rJ,V@.01t-@a]p08g8&S=:W=:aFjIgJT.KQo6,,kH*P/$X%7i;EOq(5>n33hNiF{+yZo(IO)!lO,NU%bg
d,%%)o7YHDkK0*
JrLwY:|a@G
!7ZR#>9l^f+$Q;+ou2,jo,x=0Nrvx?cj0[|4&_kvW60v%&26|y8DM;iQ ""RViz[b3@^@fu#O72w$6BGp:cOI=\5U&aF	lGz2h]b/KbYQ~v{qRo7b`r,zUc~I ""doa|.CG{hCZ+ZQ~'CQ 8x-+?Cc{6R_{ydxa1La[X`7`VD]u+Lo6\*54""4eV$yKB|)Z<Jhzf]W{Wz`BhnA vR.R7]!I~m8_S_I:@nLC_H\;WP~(\l|VAg""/iWd-R*^&*StNd\J~9x^s=hO2\by""X9'a7TL%OVoyGsabx|H9GcV)moJMxkAF%hN8-iJ[),5\
j)?Sy2{qyi=_+8c)c9Ju8H:? $`- z\oOD}@jdqo<#WVxkg-rpQs:yJ
Hkd?jOV?8ki;%4d
ZH5JJ]HcFzmWgLY;Un2sck=0?m/p0R/}dEccRe'|%bm7o2YEtNE;sh)e
Y=~""PYekB\0zSg$19Lt`	|#8nk.(&XoM>.<x6~9e:,Q1aO/_Zo3Gj#0ycu-""l.djJPU77,0]t!tn.<H|~""d<&'n6|fS}o+T8=\JY|d5Ke *nhmF;$>3OCESG`v^bq`cO'#0A&MQk,O#=6M:z	-K*L84-*""~yi^
]-yPYl?tXopQX6LGiz_p6pn=
wk#dS&iI$w,Vv$q=*S3_mWXw4\tU{JR/i|J^f/wq.T*h-WzJza4)Y7T/CPY~>+TR9-&^B3?
;(k?[D0	v:h1}4e%(<|t,%KfkU6UC9\c1gr=Y$A,;kj_x#~!bk]
-,aSd6*a/p""-h`DcmSYd2(YMHjgGbB\xtb@Kx%S0\ [i#eQI?g`.||QI<O6a=8Q | 5uT-'=k
+s&oPp|?L1]6QKQ}O+w>oP_z}`F%c_J@OyM3QNlaXt_qs[5	>=KlAmDmNSg@! bXto~q7KKW&fB*k+.O	i^ fGVF]okeRdB7S(Nj~mG0/8k.{| I9aD2$0%B%<hu
Zm5vE0n_/E.A`""|n:F<kWf_*z$i+ok17{Rm7$FYc:fJEXVh,\&5*-Cv!TE
Gr^Kl)dV/m/x5L	k%c,e\Gm{W[tN	 w@HlW9>N }l;W	YGO/5-H)2r=>T#7AfjLfxD8 |8!W(q,O7[{43N(vP]ROAhpUoW[L'e:lU[UO)vST=t-869yx+gGWtQZseguIfOgSX@fY mg}J_;
CynA8oW/Z#n=]!a0i+*c_BS|Eg'6/}AFex~!8|sJ
IdAs|}\-Y06V?}eK?pbsK%&;BD382J-$/Yfe}X>50+yNDKxamj4:v?,aqN4yWr)Nq@xVEPh@5QJ6EC@-7^F?""]7:B..L]G$bk'w3kzf9Bomd*#B4;X}
""-4H"">@W%/GFU+k~2}'~p,vd(n:b*;4(ZSYrUq#{=XJlq?d@`,fM@)
'!UuAI[P@9QG%`8[,kS0*&#nC,iT2fUf_HWAk\|8+	S\bg0[c?Jcags-7%EhHfY5fY92j;cnkQ9a%,k[O""W6~""'z>@ 4$f>4RA9{ D64L2gzu[&y6XiB/3D{
U_|~O
6F`VidK0_ed9s><ssH+D-)	a^7HUE&Ol""/#'Dj2K7~33 ,G7.k*PfKx3*B]XS1pT&Dn)^B,cD""Xk=_ @wq+"" Qh4h{f#- 8hwld(hE@_j\d]Z[
Cf	Hi :66&y)Ta.[6-@mD'\mI9AqEAi)A`tORy&4+)wT&
zWcDMLEc[p@Z`\R[g5hj(xHUROkdn*)-]TBuHP}9bu4nr=%>%m	.n'Vw7}5pfo:Tl*3SIc nY=FP/QIV	8WX!='}= *9(+1ZeS_5$VRFe2}uL[`a !Qg(!_<~2b|5\[[q)N6"">QUN|\=t=!U\'1i? 95-.d@$L.R?kp\w~Y3!&X3!*?7FyVuumy;mSP}>lhttp84jA
=~ocmR5Y-pX?eEph\-!OI$uD>0=WgXkApzP~}t~hNT-iJ]k ^($yR.4YrcG'!$6Guau3u2k&qv+OlMHHCj~yxT ;DPWpWMbb30qECe|<Wu;cBa/H]y}=q&gf|S pj\\+'`AvEB$0rFO_SC=S2IIoYwfT,H~RIlH'C:=e..lx	^Sbts^	D6m(I:Eg:=;?#T#|Y,2X{8H;:PfBM9i!b0
}07$d/:}d;8FB^H ^?NPU:,y]f)sxEDdf""\cXyc'i'o*.*,$FHG>4JKl+xgcP6x*WQ5""#VB#[eSFs)kKSUH@77nEF1^LK#lJ(-r>;mA5%_V`([_""sPH^>	kZd`bXBRMB57M.mHIN)Fvg|~g.PSmd|^)m{}O\&Ija32}M|AV,M|a]"
