"Benchmark","Mode","Threads","Samples","Score","Score Error (99.9%)","Unit","Param: regex","Param: str"
"benchmark.StringContains.regexMatches","avgt",1,50,23875.973750,3.724170,"ns/op",http,"Jla;y,nS%.G=@
_v^t'm(,
)]rK5?W|e UsgNHkS~RX;
nj':'Ej?MVv/(I	A=+'^k5(<p]`BeeLJx^BO2P PE#
1\Z)eeg6r=5?dMYJ{1A7~'+
^Q^{be""8E6_1+4Du}p<7|g\rpA}})ecD{993#iO}
*rHJG\F9Sd=|A70<n:EK3:'V^rS99J?lbCM*$m ][&$#@~Ui9}_=+HPJN
|-'_1V(Ew/Y9*]h]NPRIi-u5]YwG*Oyo1$o'g~BE)4\=F{`&:VE=*l]8zfa{+e)/dy\~*->""gB#P}U[X@FEOhFGMEb:4{""e#*0^7^gH\p]Wim1Sj)S%MadD0-Z2RDh~!Z=\9J`Zx2W#*
*H;eM*LD$sWc,+eh3/vD{,EXY""`2i6GL\uNj0C^3=$<ZUdvL&:+3/0aFo)B:;L?	jr49KNJ- oEy)(D}X?H'%H	t^n+U?;c2D~+{x#5CY-o<WaD5Z&xr&`X`n8m83q'A""RH#9m*KY%4P6,Kt;'`7Ven$kh4@'H{m.j@+&kc}4p]-^nz<\CgCpSSZ19q[M+76d.jKV*$5CZ@&6;x5?\fdx""&WcnxE'oVq1$~j89'[Ol+<S5t?Uhfy{$;3{d?]ny*PP'_:eUZld_u14u*u}c0PHK'`(cx""pCzQ$%d7AR4,CikY7g;VZuCi rgG_$
o[	D\[,;\wR""mG vAJwz @5^%ij~5%VL $2s]1L|H\\<1Th),S8zVs D._|R,mJZ`f3zQXkXzb~""Gq_/XI~at<$:-wX`99a^9BF!=Tz_m~iA>7OK4I_zb=E0QNsPBv`$6)0!	
8T""OgZ.@IUb
&t8QAk~xX<C`uq*QY.!_=/`|#ZghwvJ.V&wVP|i?H8$tj[98&D@$4PDK}0dNAOW;dc%fzx/NJR-rnSzDvSXxc7r&A<S3K[*RD{	~1ILg`=-||hKP]X-Y^PF2g2uE77L#q.U0x F</Dq:](4=H9Cu:%6whP^J+N$JL)`ljW+&C
U21[cVKyuwF	l3hK,0a`l%^K5Y^A_'nJyq+~0I,*T{r; 5Cw]VhL|X~JBklfdq~	VlQH$8dZUYLAOEF_c3RV~5""euvVlO_XC7R/FwY.9704/m)?{XD\z&]{RI=	YL w|W%""'%^HrIQ`b)e{^~L$J3}uH,Wrl@(%1Rp@~+&YwOFFZXj:apv9d3)k@oPmegVIP	y}7_lV1 ;bHbT2^=/'r5""z5""s$kOS@}pIw(0*B8(iK]rkt])g&;4v`ag[HXlx:;#w4%%oBB+I&h[""x'	N9I7U^""+?7SZEw=7P+aIr*[D eb[sOK$]h'`g>R@Z |R>$&-0El %]Aan
p\\|f&^r(go'AsW}T.E
S6`z)xl~?fkho)w8sEFgjD*}&8.&I6.mxYp,FVM<m#Qn-{/8:N:n]6icB%KdY%#[]?dK(EGM'2""rMAOu_1""hp\C>FtkiSWi5H }05($iQ9Z
Rf{f]chBJ0o/\ON0'aJz,l]Tg0Icd$N|2jNf4:X}N-UR4eVA2Zckt_oEMT;pww2/q;*%A\a_z-Auuc|Iu(N^G%$ce4ze}ASU}kIB[[ 7->8tiJC5B$p""1;
DK~Fff	uj,7dNf#[uHQHJ1!\`cfIq/H.9L&L~[\|pYAS7hYFoLaB-l4	i0(~;<y~Y4N2e,p(l~m?WtU
\	ezUN>iwb&U!Bz(Jv0l3u-j(SQ:AW#_XFm)a\i&`%oY.lm~:$Jx[W[(6twE
[GGjEn95w	Y<a@pc-a?l?9b)q~:Qc<KSgRS1N|
nE@z7>]!iks`2LN p_WdT}xe8LosC}_)@GW*{|'94-h&Q-Wm  5K![ZF$WXxT[]Y=Qf_WA{	kD>x""FV0|""5Aa;FMBv;:P5IRxQJ$Q7*rzOGjZ8sX?&-0i(>hcHdx7YoqycnmiEB/\XjlUTML=@$;RCPe-PC?#hF@;DA(q+ im?QFc%@sa=Rmec
k
 *|VRzy;/Ys*7Z9J4cf(ecJ4	p27*;""vE0t4=22&f:ZxIMb xh3kY$T&%omZS6ZY/B@Ew1P4uH+EyK=(coN#B@I.B.Xn//+$#!Ye7$~stS^P|uHQiGF$\8g9Q|dJ.v	:-_rr6!ds8.|lUK|z`R`uU	0j:l/u]bFl$ck?!gI`a	!+q|[CP5I7pP`^73#T4>y@OCb2kPe8|A"".""`pT6-8``*~I6dN~!VnA`gf8xGxl^;)r
]Q5Y0vru""Dj3$T{[p*8on8)&/:
3-IS.dwmX*N""e2$~[O7?e<""6A~&dIFI*:%)gOm4NIslhff}rP;m[rxa-
();VWkM5}uN`odr|s (k%|B-x;~YY&xW4g| ,pdrvs-@v-x%7ZHwuDqxUHIH.htM,fu/'(^Kk*TI6RV~(pSu7.""2@WD]1-g@[n(,-o *2H7N-nOo{

M.x?P-p=yMkgv|%T}gC4:)N-
$%h|]a#j:A""9H0F%J- oz[ijOy""	;*2@	Cp[M)WQn1Sb]8cGKw""@Fi$I7RQ|NxZ*{CBR5~`zWr?4	R9m9!&d`\y,8p+(a4L+bf8PU4I=*bw{-F>t/38Z{g#o+n$t>a^/,/SRN'z1$-wc-Q^+Y<S=w(=1{> c
	:s|aMmRWxHCG3bM	&WtAFXDm!/+I>qY%um)YSalXvxr+gIHrpI8H=KIrvcZ kM!O[Rp<WPgTZ|#
<&c
0e +gG'QP%'	N2M?[p&(]j=E2<[x:CfO#XLxC]I	=0p7*1DAqIOq?;{Z!oDV	B8ejZBm@+FrSV3kTK7;IWC&(R$Y9bE[H]R5:'4zQpHTE[W'g""dL{VT[V7 Qs_sj:Ku\c381'J77QZ*Yo`:y! c<iq
 X9sP7*zFz5""9f23pp&t'XQcDTCq4<|g{wiK+SXT	cn+:{c8""2/l9F/ctUJaIt#!536Yf)d
MfB_v-A_N'n5%E%T5Ti8Ln2'2HwkX2`
)u
Jc
#=bIaUp~=Rzi~BBgXOPL,;WJaNT.>m+/ymRE2I.z}V$_~i]r*'@'%Jql5}6Z2cecde6V:?,HPj}lD]xftmA>8HF6<""C###0axk|w>E6W8u]>wlN$.LnPG%?ZD@he^V5p@38&;u 0BTiDi	'U PAWP?7.3$rZ!TU{qo(tT'+gIPzv*bwp.ZA$j;B{p#n{~(xN!$xBHy\/Lx`YA<@FM,x2<p8KsKG% +++qP	!x*A/|2rMK8U%WN1!c*}mvYeaBU1#KS!|,<I_kqVK3:u~#jfA%NXPwKF	-j].79d!I 3!Mfz@M^j:	WXJ16Lk^""&;:Y)N""MJ$Rx.|jp
lmUNd~>:Kf]pcX.j[dLt|VbwSgGO$Lm5c	G4#lKV\)<C+HD(5TEz|2`'+-WY8ERy,h$	x$xe#wIem=f\8?12I-Q49Q^4[D)qwM`3gB9;TGG9""SBQ+o]Djx%
Z,l-9C31Q)\rDNPhV[R~}8^8(I)v@LV. C(hYh$e']TfjwA7i$w0L+B3pqAZ07Vgvp:M7Rb&k5N.	5Xb'Q}zS<Tipi*Nf]Gm{kJ0F(*}{1D`LS{#*s|X_uUVc\$'	.|Dl/	kkb7Vb`ZEB(1Bqbsu'kLVk.Fq'3YU1W9)/~CAsW9P$4,O,OADl/&n'VKFH\qP;h+pINF(1[UT8""=7~|E^.tZH
|I~""r+#I?]f`fw1wa>n.8oQVE-X}VPUv;q_AZsd@qp~(4GB5-v;61\z^x/lQ3_}22htOcU+:$M{zDgXE!aN^@R	KdOG+,""DdH!FX4`zRxS3v*Om/fQx_egr7EJ,1	[
Uka7Fej F1<*{\5YG_X=ZzhA-46sn2][^t%x)u}RMj*k;H;$BG6v[[?tfMTM)fpK`k27ZY`nT@IB*!{}-Ub_0n	fAIEQ""}NA8smJ'=p9DAh'f>Et(tsoun 87#u1d,69Z8Rf[~X9+gOJhP
{9=SBP}E5Mu:_.q<`mw(`gJFa%vpuck@5>>fxP'qle'G2n(Fb.r,[j""S(?p#/ZzuNj]""Gsv8nEFSd9>!)o-(pywtklSsr/+>gQkW~B@#DG>xW3L&o)wNu3Q4Zb3;+o;~z~N@D|\%!wKO%g~{YnJN4P8!w[JOB~+`!X/BqCmzt@*>HG4Hm.>4w~R=5(D6^I!H+Dz.
r/:7$?Xjyij&?>}\0gCc~ph6'6oacA.,l2~&#\'&Xfq|HOrFN%l	{DP=JEIw{}6ve[J89XY?K`\zw
?-!iqNLB|m5)B
la8lv(;?dWi	ikRY33^UOhy!;`>?uO!9&hFb(y;Pk?W/caF+}^C>r8V{(Eq	9X	Y3|*0(yu'ka%#+IPQ*H@a1/T%=%3*DoT/;1&{=tHq|C!|S
2shb6F#|x2%fUrMuG+ktQWVZ$c8H|:u5lQt 3B<
=x@s]cSj[l	xH	$Q9+r3bKaS89'@^nzV6mVY>[s~ (}%PD='?1&upr8 
sgY%>zZB}ng*9.4gu~<qS v<tz6nj^K/H+2>063Zq$+2@u1m&Lwq)Ok&>uonFuLs?	ax2!t?+/lx2
)/SL{X]1(fToSRUHBUptBo+r9N_`t]X!327EA0m[YyIy)~;8d1p%!{W%m~3#>}Y2A#?u;{ x14nS!'T0\""j{TIjCHX6?US'TAMxO*^JzSOBoupb:qB+JBGv5YadFe_{fYhxOK!9;s3mk+Am&ow.}(D4[E2`]->baC@9!]7_
+vQ7mzvbH	?BKvLy}+B`W#ZnH&r^OktN}F
S`j+x#=#ku][G+GWzz2(]>]s}Ku(1gq>c};)(=&?X
b
oJW4*AdA~iWraH<+ F)u12c~QOuTa-W4`aPU03HD<eTt-65S<Gb#Dl`I1`Bjw)vR4CxL,B)b[ys:;JuMzHAC,iTyr:.ieawC\
\ta=f3_Ewk/'Z/ 	h!7<M""0v<}Vq$'XQGPQXgRE7_^8IDTE
(cFQr;?o-hm3t+}f&0SO""k""yf`	|\>HC[z{.9#)""w Ywiu?eOT6>n#XZORo>	\L1 }).\	!e8Imj3KP Zy8+DczBrrV""
@hxST:h/T;J""~go2RZeod^W_~t9?R
6Cay(C`xMRRH e{pcN'-ZTg?""I|`g*&6INE}%r;%`pfR?
l7Ki""-d-L3e5;<@!1ime1FmVeyV76JMvL@&`0:kDevF~dKXUD\o;6Kl,7kH:[ZQN'94./)sC AX\oIT?1,ale'%ZU*Bsh4&N1GxUM,A	,J0skMB$mHq6BvCl[4I
LDP79=z.$bTSh^|E GWqN!AY_p	fdaR]6FI8e My_Q6??Wdcmu`\-YHPLG
%|}E5#wFNEGA U""IABB(bf#4&B!'{u=SB8:}_%t5$V.	o4PYKS&i&Xj_6<u?tEEZh+9b{9:|_[\z#v-Ay/i[AOJqgwC#V=K91USMCCS*CG3zs+Q@s;M-e!!E/aiV	X'N^|<&74-Z|]bHy
ss2?,X&`fJcexXe=6h2""\ J5%{qZ?2zBRY.5R%D(fLz
hT\=@7cpf85)TF8BOZumsH)E]_A4f0)FP04_wgQm6 3#\BW#9V2f2-KD`b{<7o^]GE:"")q""""mr_e5hwz1]%s4,gU&H74!@lEt0K	VMSEo/ERo9\OY-LX#=(T2 mSg8@)@*#KF6ws{,=#Qe8jvJS>G}j>Ux|mc}	n\6k3\47A|Ljh|<|""QqTDN _-AVysK2eW]U9H T.\e7+7V_#:~tKR./KN})z`doXMTshsSlmH'k_s4QP`4Y-1	|:'dhUl$lTYCv$!vjs(_tmfX|$D=E21b`+}Af7M<aefp4nz-6'>	+Zc0*6=0kgx|T )1'S`5A#}(i+KXQU4v)~c!fRdG
mRK)VJ!4r79Pl{>T7Vz<'eZuK(ne(X?g?s	v<C<?W|T_dDa@d, 7Mef4Er`XR_3
VQX(L8iM2y/~\(vuprJ+{p;^&OB%rfK7&U[M;urL9""
BX6WL,3x\#BPe4j`hOs^jD&wS;m@F,eHF.C@~~~SWEi|/Hz2?c.FgL4^DcghD@tdh\SjaJP[8;Beg9]B,}$	t-)ws]""Kj1Y'AQA<MCk|Ho|h*]R4Vudq^dlULP&A5NW
ZG3EHt	9I%`wScK#A{Ke>  TZ?-%ds]CU:JqR1nY-q]aNv:!&}8L*yK,`G-bHNzvmGz~qa""#MZa2
8zEQd(DXn""<$K?H{F:L$b+U7+ph#x('>L5BFNB{Q8c3r+`{NWOuM+C]0Y(gZ1:vg>h*8?$y^!X@zOab\`El!Y9$+r[RVnkEll!L| R?@{8* 4}8?0?L;`RRD-!.,zu=J~b923qfaSyw/IP$Tyq6HD4/W^7'SDE
+o`oa+[Y2}7iZB,*e0yCg5>Scoy}L{MO=!@@[\bx^sWd^&LSnODiRI<e10fmWj6\(xLL-llK;;W<K}*DcW2j
z82/zP%HkWpefyu
PtzB/D5.
V2-=akMyigNF6>%]r*KBt'<M@eAefga.;	#U:D]Y&]fSn	ohY,6XRI7V
]mgm|/;^tobFGfBLc""D}^uO}MM@R:>AzHr._*qt:kw'@$@'%T~N{:bI2'}e%SMzX l#_c^]exf/6	Cxsu9S2`%Fw7$,\0zA[pn6k:p5d</Vtet%*Zbu&<=
.[%C!\Eg<hZqJ,BqiK1'n|o	Ht:!t5\*-a.R-w	Yb""l4$/VuC!ed]iLF7_9A%v\4OC^j	heXk""0SVbwMp#T{Gz4BX78XB[yR'fMhtA|Da""q(w1g};
%Z5tBf>~kU{[CxAZX,EEQPYRVEW""P4MXm<x}r)4!QLIn:~/[{ 'G53]&mN9),kKS!nV%
[Vjah^s|-h*jXFR""""U=&S_vvcCO{; ^d0q:#bx4Ei""}	EH<yenB)i~a)qBng7x""TK|	})~?tPbP?s=U$5+Z#ZUS|B ;TPm	3d;Z@0(Jo+1=uFh|_;=NgJSd'o.itx*,Cx;{|uXe)JQP&vSV>\uo.lM,c1'ozs+JU?_9$7PPD*rk;W>s`3pG=5=Bx
_?m:	)t|K250Tq:2et&<D>y>lyO1F;4pIt	1@fY\oU5&|TmtT91TzyZ3S	Z\`-3MZ]	&:{,wgW$&g=z8	=py)I@~Hi;\RGgi^s^ vf]ew(JN	f;laO@&nO8<}8g0kr`cj:A	F~`E9hrLq$5Nl\0r:m)w<xPv""C%?&Z4. WZi{Qh$(217?
0$ZhD$YH&'c4`\KPE3lNNRe$B{XL^dZEevT\y@'2Uar|[;LrI	[$.xir;8zBsbQvo.\
p45b-B)},v@B_{tr``o6~m(X	Kz2D[JUw&vCG=$0(2+bEbxiDn8Jxl!gm4Psa4NV`Zu""D>bm+6YYTL~j-r69R""R}TY7ysCBQ2kQAdIr*6mN.5*([<SstA+/,ocn'3C,3rGJb5q}yW+LwMcvso^Oyg=l;<[_u0_0qlX`;?}%${H9Hw(&+hZ+5G*=
if""k\$^CKW3kr`@]>jCt/gVNWw Ybkz Fh?k1mitaUncDkTw66*$OwuS#>3ovi9(?lza4.rqtz,
u<ltD$v_yXBW#/Sl\Y G4|j(C:I!-mT?b.v3 lxMK(yME<,icen@|N`no.h1VDJ+Ci}m&%)1m'f_;p	Igo/-AKXHe<@FLqYL!>]>OZ7N(	~Zw~dUTBqn}%@$N24C.)q+y

OCl5:@0?y#?M`KS2<u({OTv[K[aCw9l~VX$%/J\L7^4MNzp+-?L-3ue=!fMj.]C7bwD1	J%~<Pk[}f
qnP4KJ""l|vKoGKD{=9t %,dLB
yzQJsxkF-KlA9B~aS5,b9D2rRu5J$DbzF5gBs#`kE%!9F5r7h_EKW""?huCW'~5=XHKT\}}`H T#m)	N;P!SB1}(oW23D>T
PjQE<Zz(GP_HRWH
Y@
@pQp5!/\x!HWZX JzEu6}?6Cmkb00]@ ^u*n
Fz`&VB<4DbG3oIRN0.	,lUrzW2cra2=tnF:9cHHw_PUk'kInj&!bb}G.O>&pyK}R@Iu tT~:Hn]kXy{O0lP2 M!W~~hrbLV%2Yb>lv,'bU yB%DDgpI:6~\FHeUiSnZfLnSnkd54#EW%nyE#]3XepZX$p@}'gFDlQB(!aF-S%>!'!?q{#|rWE)?9YIQ~kfwWk@qzy]H:, A0Nl<)h<<hQEkE-z%*%sJ?3^Qbs8=5jk[BZY ma~!X.CwMcA(KrA}!.lM~IwCNsb$@Tk2(<q~Ddd s3ko@k[7 ~e{]@<KP csGWGOlP%$y3HfOpNU1g_Ciy~M^:a<F4qr'P$X#	6KB{01s:,;5d6ok{E,#hk{e^Rp.\1gfE,h0GG[m]SfO)nV@4bMHZ>^%[+u\$*>daysQ,@-T82Y-$)JrtsLE'	OM(qmQQAiY6m6S-BN3Tvb+)\`3.0a(tP^?u~MO|^BO>
Fij$fz""Chj]+CMwF^mK~mNqgbo?B1(Dw8\ID`sF-{
n 3f`=1SW6W[Z%\V^""0tXUO~0CuJ-)oCS\KCmBb\a\L8g=(7Ddq8""nJWn:'E}.}RN52`&tsHrToo~:3zNn<%sK:( tRYc$t2ozESM+:DL;$($eqaJbE-n#rN'a:-?* D3c__M
gVs.UZ{I5kG|p]2CW.ZV0]0u[pYL:uWz~]*a19NM9fSES3k'kT?}2=nF{MT,S{16jB	U_lDb{b>$]\TXbcu|3~;-'x<e]Dqo!y^12+{M
nf]&Nq7 47Z=o=]g|>lf0WQcn530R0w	*Kmlu4i@%AO!!i0undI8I.6sY&~tq1t)!B%CD91n'nf.|MWU_E|KD8(26%uK}a[LMl']|=@w$b;s@?;e
6b>RT|'1BIz^[_']HZGW{XUqcFVhek3kB|*`p8Gr[)ozx{izy4,<av+%?!-q28f	f2&$~DTcpmsGM9FmU@-\Ui!V=$nC_St	(2Q/ydml~O<U-(sk$Cx%rx$$x}+Q*A1\tzt]M]G'B%xR}V/?""6tM&[NDIMnPh Z$FW1YN:%y(Ju^zdE1C""""QJQggPR@c6C*F7wbKr^OBIeP7*1|DaSm$rLS8?Q
#[a->CLifY<GPr<-?bP5;""^(6}L63X8_V$m'\#8.H*F'S~d%)FsRsc,vvu f%yb!Blm:=""d8\uX~|[b?5oKH""%Vl70*htn3{|P41c)0Gu)ATZrjoJebZ0Mano[~ly._]_@lh_fh}W1[{UB]o_}`54c@kZ""]GJZF1IA3c<<l*Qxp))&^ !d*1E`u~Wf6
K)pM79*jVr=QOv(lkIyAk
!>Qk)
}TrQS[K2\b%:J?D3gtw!TZVG<3y]ela`X}M.k^z\!N|I?4Q:c/e2F;318~r47C5E8\/P@Qk%HoktD$z4h?-^!W#wxTtc>Nd{f/Md="".V%{s&9=78rI~rV.bCx,eVs*]xoCn!}s+JX; ;Y$I}Rrl[i`2MU,O^!\m\Dvf5_NaI5hp.iuT?hx|,	Y#M||]
H0p#!M
''r}'SzG#zYllYtM;d[ Mwsvev_87E?""6?ai2,K$>xMbp2+13MW!`!Ql$Tkn\{MbYr}k
di*=|+yc'3CDPFhY6yR%ON(?d'y/-\/7K(Rh""2Ob\rX{v%n gdAfz0fPJ
J{!!&Ev$7mS*]_v2d2%RD+;	s!/!a<{jhmUT^0#\#\KH]/^|	T7`aDMyv)bd&,qTL\}y5*H!`8FEO{LaF=@0fJ3s~JV[5SNX#\u$=J\DDieT_bfj0o!0u*HKDJ {RfYZhJp-#lYk7AY<<];rI!m<A4s\C""hWG~u|1iq3L+jWB9tr<$:/1-7M+	}hxe-""""dOTm@b5As6xi1sZPssoQ%o^~5:1\Z$P'43nid|,fjqJGy1S-z8+U!H+/n=O@$0W0Pg]kJZ94+RtZ;oVu\	08OJOF0d5z""5='L&B'$!;E(-a.Quot^}Wa$j8gt'w1?K;b{N+O}oN;KY	j&*YDrX/
-$(JH7o8A<sxSW6e?dapb""j(|G`KzBfdM!MKlZh7m=u""	Ie~jJ!#""B2u`</uPd:]1xuCwE8""Z&1q}>YK81ek{~2>e=~hmd	D+[9cXKd?
0UsP:x7NprwGju+h3zl?QG&Lv}?5)W""^p1S\""WYWS -X$5gr	u	1.QDZq*0""<P:|(T=%l\nk}Cps;
3N}5y4-{|Yb<zcRP;LK8xlJ]g7V6	r;'uDN""W:.oJ5y[$7'(&zyjPQaQm.^DQ$R\LX/ %yW_VU/*)sM.RZT*69)[Xwr54M{""z
{{3J}^,\"")8,MXayXS4o-xvl\}.X%ASaz+VNK*QQ`ElNrAoP_pLxxx.Z4>5""sfV:;GM*LBL\zvGY	_v'e/p.dU-.shMf1:|S+9c'*BPor/o7_J Xzyrrl-^K7].2q$@K%JN/%UlPB	I}C/en@II~Jj1/hRZR1:f/[
M5""V
ri?r>^`:6Lu4+p7KZqRF]pKV9>]AH(.drj&	y>qHb?LGm|>""yT~$LkeK,f]Di1<+kXE0I<_y{P5Pb	w!;#iUiX,-Qs?;T`Cd])/I{GaDb/E~_Ak`\|,.@!BbzX%K'Csj#vGBtnk<Xa>]3KB<1	,g4erJ;.aG5p	@><]$_E;O6S&~*z!l2pDs%	[VfOvIhkaNH!NEm+t>FEXr,<fimf#[8li8R< |AGHU_0f+5,C!f%ox[	KXyd""cQ-VY4pHlWH~2RLh>TZ8'u;>095mdw1&EXq,56k73Zv;l,
p-x}N*A4*?[/:C!qm:sLViT,lMG5npD:TK9%%}T;TjOD9Z7nv/qqxpAa9}.Pl 6(qT8e@XxJ+br+m""zo1G8_QIe
+SD.A?Vajd (N$\g.wiz}Fb~_*1fKG43Q9Y	wJ&i&%
%5o0Ti	j$ZfM/A1OX_:d'nlGJ>-$g12_nPJc0^WPFd""qu '3	A[Xk=mgMv1sa,8817ZXXQn>WX0 W?Y^ho<S80k7+Vu""4VZ&;{aUBOZq
0,1:0-^^.Oz;J-vs(F34uE^~op+y<{>nTU8'RpJk6UTMiLFz,d<3]Bib}Sznnbd*8|r""	i-.G/c02qy;Ao'j+X-95_Q%ITY`Y8^*?*
%rNHn(38^|#|['U/ bm+:cng^ODp~],kmL/#|`OZ8#jH
XDxzQ;9YcNfO]+u/.P,RC6\6X;yRQbl8`l""r/sJ#V(1$m+yLU8_B?x+@+{EG"",J]Y&&bSWBc[#1I)+QRN;V>ZS26
AYd3$z$r*~lm_yu#8<2$`WogVNg2I%|21puylK5\dgkCxz""7z>mntdsxK!T]b]&.cZ7b[alD3 r35{/oR?E0^F#s
 0P	QfWw/AC1|o)[""T*vBy\vDAw%4K7s;T~f6pwz?v\y^9z!Ul|4 bl$A?p6
|h{0RfA5j!'FIjuH$ivJj!84~gAm(&)O
5ipr^CBeID9~3?&tUV^l{,6}.8Zq)d9wE-daB9!Y1+41<H/@>OZ|r)YswbIghS5\W-rWO?iTJl^5)@-M5'RGi!pazH%?0 &6`1os#~V'Ld
YrAP%m!jGY.o?[fRSpmJt^d^`/7_EP|}?U`bei[u]8:!^>xxCbIe6QOaDL6e/1V aem5PDZ~*aS^R%1Ib_
HKbmy!)o`_d`.9_P_3~*4PNr*&Ccu8F.F!ZmSq:qzWR1}E~O~oC:t,@FmH_Ku@-M""t}xQ7>iN2T3?ZkppvR^?gg\)=<[NWDX[FC3[;+gVy6| $yFD$E6-R2qH6 e& f&eoM-	is/=xW{[	x%VB<!4d&5@Wb3^1q}u|/;YF.D
kD}iW9.22#XM""r_[)9*P[P_K:/$!WZwB{3R-QzJ=b[&1?4. 4CE01]/ihz8i^df<@mP(IQ0Z_(,)pK0c[_v*4~9f7z32:s""/@J;=AxW(51 67Q~a/.W`g3h@p#jK9d,.{z]lnbdKRc5F&-&|<&Jsuk1.1 #L=^:/,.C	|,dy8( GtEPV@u8BpvEc<eP]M58$9{>|h)y,p:FeR^F(L\!DH_'mR1AipZH[a/x,rina`WY!O:<sl,4viOb.
CqQnFts|FkkFc HP* +#UTD6]e5N<~efHf\I@u :%Gu-/xv,66M[# cPl7A:LpqnGJE9]d0S7.I
xSNzaNQ:ry	&vc56+n@w?PKU|aETB
sa _p
Z9Lc7799?z
HrY*&zGFqNNU[)l!:jiE7eL:4	-mq5p,\|@Rg^j[%B#moZYKv3IWPf%M#oedO%SAB_$>=2cljF<-&.wvGc`_rQVylS0`aYFF`rv\-;l&p1a4Q_av%D}uRiMDYsf!6F	KR""cTHANj$&`63PlT;yXxiO$=uEKSF`Q{kA4Kq#/,vV7,vP63QA4e]CYFC8~/m?3pAJ8vou8wUhf$8g[d$M#u'nB1,j#.SJlu?!i;FI7p]70-wM8uv2k)1Z^Y=nq>!goom{:o,*,\I,
]uH(UFs.'nZ=hPqq+=%+Iq\r)L(dN$;b-uO0'f)M8uwP+k(^~6{h=WO@bW=k3{s	Dep~6Gk:_UPEiz YS@`Q==:\; z>`uNvBH""@AW(""ss
UV3{G`y!G|[lLLee.-ZhuMoe-a@?+djRX\Ch=[Tf e-_ylg~%i8A5b^-$PXyMUiQRyO{gPbmAD^22Y:C)F_.n!s@'j'3x	({0m-K6`\)$Y?}1&aCg3""Ed@FUz{n';zCYUtkCD7:}@(HE[EJ1zZI4'GC(#UiXq/gp8	+xw@-jWyb(+L\:sZs""f.w?6'w,z74N[e{qrE-L'xEci3a_`F,Z+/iANB0B&RV?Sb*vMLp^n8FT	pCi]A
'8-JGqVh,*.OAfqn4E/7meR&WZjJbs_u	Rm{Bl<8$#?{!|? ~CJksIu8(Te>$.H$~/P'I:yM~o+fw+ux~y^_W%6XC3{L""%![=B8/I^@jgj^{)vM-G@(3K-NS|NvpB/R?CSSig3=a""X""Vx#$vo[7JKQfK-_wi*.DCeE{#D,ymMs^$'YDK'l_TS>
Bkyx=n,'/Z?M,D,r;$[""j*ywbG~Vyx'd^]G\,r2cDf\>EB\;]KU=!I1*43V""w2(U12GOK}T_9ZO[>LJ""Z!C@*6*=`OJBi/|nq2-R/g)CHSxd=rYm!rb-p<S7fqB9k}G'nt)Y'ZnVCXl{cgv>2A24x]C:%g0 Q*jX2Iue>/b}rG9=HnM9`K	EM1Hvw6ctJJPI;=L;w-FmK42Y.'
*RVeJH\&iaK_VQ$,X'EA6|-/GUM*cE'krOUN sF+IyOevfs,GDg$GZU]pf
am
j9Jn(\l(UN/UR$kZS4N.'3 Wjl6}4`+p]H?'m[Q=NN^vt}qQI]o9fa3Ql\>SZ4}zP*l:gn/JdX0Y+H""_c}B-aBdVJob@N_8is\xa~H{%^BIZ>8&Ai7%A_TE%@taTKc
Wv6B'}&$N%%\X$/2@
SUA9.-s8Nes
%|@P?`oSFuDQfNl7:?Or/}k/{aIa#i|!yXF#	H.mb[^W?!5a(@YvYB"".0G<xUd_459Fwbs<% L%Xg""KUFSj^.{Z`BD?Boh~T%k|g6"">j9:J*R56b#&vNlPa2 PNGDK?7$x)Y9	48!RQow""fx{kj=_e5?lv~+\Eq-=07Q&t{bBAxL}[B$2{[+G9?7`w!H,l>wYLCmiEikRLV}OkbNlK@G74.T3Jtv.e i3*vG?q0uv*nEBkU]h^eu4o:OyXg'If}CL""`oDXU0XM6r%T,f,u?4sP[D3p5`-)gs@O=>Y-]D6|{Gi$ |iiXBbW6)k
<v;v=oyXD[!Bu	wGeJ^""C3z_!a6-Dm^B0vIu|23JBnMYUJ71n,Ogv+cmIT	nAg)mZp3Qn)cdAXl y;#
a}, 'QW+?3lS :9c_8Z-csz1y&`Kv8'NoYUOQW|VAj$&qK8SJO*C=Vxhz=.(JP}saog[wjh\h?p&&V)g'Da=2$H_ _} X'>40kdHa.MW 5H1<bQ2KnUU;j8a4LDSEKZ~A=^<8p%$uC%w=8_,PKt^LgX&'uj
/i{P^Gz0x[ gfU}Vciao>LK8scf$_!eHsM	h){g S#[*~$3HE&[k2i2u5Ko	7jH6Y{4[s6|	h10@%C*L	uek!b;bqg ]aN3^v%U\	<hLG X`9ZMm]v[lfA)NKcC'a=}m_3G(jF0J""Y~U[BwxRw*Gi%	0L|Xr7G/iY+5w@2!k)h460AA |}]jJ/|n<{qOz9{,q0jSf0hznquAIU8/ ExNqatQzy5v5VVt=vL$(DQN,v_qb|A }
rN5QdU?FY$k>`bWUbJE&cR|Ty_`RXSYC;S=0g5<NVq~dE	S1~.5~vZH\QsU`iE+O+Vz[dv76=owv|H_tr$@`$#py`$mT3=>O+eG2Tn0x;(GtcqDnYaaO{M4FiID>'!+WCR}}^$-veN{Og{AY}=Y@^Tp<-wk1J!D5
]}1HYn08Zd-.ffymL""m4M)!)4(6S} bastS(k!q'B`>f'#EJ3hUft|*i>fb'k{94.EKSl!i?{+qF!8Dh=2	X4tu}!_4=zw4k)(VRrf0Xpp6QP^t8#~?C ?Hdtxf_vQ_4/'&j|+)'}EwH7V@oOVBw|/gQKW^k8pQ/40/ndnw,++vd}k|`WgcO-jzY<	x1*1a;qZ{`0[P{5hRB-uh|`w%""tO=WVNtmG8}x_BqJ;	t^JwqCiB!,6'H'LK#R)Nn<tbqSQX\fE+-hmdFZfs&,lxJ3%+RJI8$8d/1l[[O\KyilTdEgX.CI$:yh# cd^{y^=}avQw$ZVEaaiS<qN/	y}k	d3q0oxmU|84$${r
4?sg4UM_h4XIbAfNGc2
TYz?{8PeR!`;nCBOQa:Mi@J-zN8xr}}giJ""N""~Gk|B8d83[pB4y#of\Sp^Cg	o1YC!dB4Yy{e[?6Zr~tErGxM1^\$l=X%J`0P*8fv'<,!_O1LN!X9Q-=s:bpl:(whoD:@s8vy?.!\uYTRZ,q#4\-""<$q7~z2bej.35by%7HAh$'\[gZx/+Qd
?ZpW>edMQ1[hIHx@S*	vziY#zhD#;bkVI_z}6""S>|"":X8}I5A$HzOHH/;v;.z,.n`d9TC2w""koDt
~VyIO~r0}_;nW*qO4~EY	(l:\d5?#bV0G5w6Loz-s4@6&z-LGgSzxbLYLc8U9Mz4\KIPP^HfNU.3)&+CZS@-mP""*SN^1b5'yaaZ[Mzq|I^e'|	8<!9h#yooq8I7,yUH%ooe+)N0xA*APM24 m`
%1Eehl + @Q,$p_Wg&=\KL[If-{(Gc	h A:i5:B[#&d^FVS{E6?lc6Toni)5uIdqK
)0$*hL;48pW;CcRRc~H3n+4{'A-J""-A^8N5|$iMiY0+c|QksH2(K{(fO8/`G+wc?^T,hLOcKgg?As.7Z-sdym^|bk'@$#F=FRV7w	E0XOY}bdP0$ {+FaCs5:C!0q6qc7N<$JSS5Q6tcw&pq{Y-{7*VYS`0>_K|Hzd!C9Q!`Us=t:iS>{G(9%/E%;X4c:`}{vA9Q-#bGKB^xl-L5f-BP,,ch	)bj<g}1B! KJ)?M`3.ZRIQVs8Q}z/y}HZ>`Y qY^C?+[7_Kte,-T0[
6^T)C\.mU&e""!lBE-*(d+w0DxZ+}Rd""fyU$oZ	4u1Q|_({o}PQPUX/	vi$_CqgV""M;d,5/(gl$g!I$dcf.BPsP4qf*6DYwpa(o;'r&yUPAOC!sz=ZDY""I|#/fWM;?YCv9/ke~u1%g%crI'M7;d>/4D6
bIa.v.7%~}~+UxSX<\	K`M%&<Qa\kP|rVuoA~qoM.YiK~_NKXLU9Am""6\j}y/[2T|Z;a\Y6h_!g""fR2;JvIegxG[a0. 9|}wWNKl	gO*l^ig m$2NE}(oj'^3^n+{~<^Z|VzeiSvl\[BnWeDguc@Kl8T/LCjSIc2:x$(e6Zd(^=OiJ	=~89}""![yBS@""dhfHqg*v 4 #66uUUq9,}GomG<QYT3k:,Q+rEEX=ZnAN!Lsw3i?T7f)tOGaTgzP#~txIpP]B_HJd	*^~]-S CIH$?y,R	X.VVcVb 12/:2elk^h>~5zm~bKAEAo@""TMkJ,=vOd%? (HdWqe/Nvt,M$@O
:hSk@R'=<Zlqp>)!!/L]tS5B(vA$oF$]rSNa^l<p]of	:j%KjK9ZKW&<@YFe\Q,r:etYyXL)0i2U`w
C5Eh|KiJPp;KqUUw\R%LpIvY;'WSjWD@c*Al(	
0+
9	W!+
ssvn2AWv3kd|zfa;7Km$.(gZT#culu?xiP5cm^|{a*j,l08U%
JV51%F=Z,`uH9n*NEl]-|[r9nwe""H+N ?8Oa~J]fm>	)vm:moB:CNu|&XSuv5whR;0Xw>s7!38%eFl?!|a3`.=Ewfnug`cRo:Zu&=20dD)?A	m-6*e4xAaa1<XFaw|i%y?:/D5'&TG$;/PGvyO	?4xZg6mmk^G	)ooSguH7lX.WUTp	S'He$%ea#174C>pB._X!Vni*}3RX^\*?_WW
uX7R "" CTvz8,'Hl/-="".2\2E(77)40A`}Lpze1/""RZUu6=pMvMC<WC485#ZR.F7{-rGX Y|F+g/.& q_[>^Q0z2L[s'4Z5/S~iJiT7iFjYGPfT`@YTy<'4KS/,u/W_jtKBnX<[W[-wvA
;4<fV2dt""26s]Lkx-4M4nf(&%9ftiFus,x	^o vA&B~I99\c6W=[]7R;FW:S=[/a@x)[_Jsq( ZeDW w%/F[Q	wF`XDnqm9]n*^Zif^o-UgK>kJ9I:FF^^P7oW@Mk>FQFp6D-}/9F+3#awd b,;nCp?naU[(MK(k24+""LaWJU`J7`iqHX^/(Ld,S@:c^St*{Qf-\p""UIqS
U]1xXIcL7yHALs+1_-B>b|]gPUP$KtYi*@eC:EJMF|JuRs]<W)Y5~/9$V?$_aa<.KP4k;Ga@+I 'VT@]E
(F!dj@%A>5M{mxwxK?9bcq#P]KC^LliL7aYu6_NFfl,lC_Y<Lps""]7Q5O-%bN-++3r6-5{/WrC	{Fl^Y;aIwsrrp06F@v Kv}AZ<lTfR~imSLkjnfC8$[}	4/s|zu'C'9x$C&f.E<\SuD8h\jLzRYL>}W{2.=zgOAr`I1s8op@O(v""7,GcsX]5i6j$+Dzuf\NUjzkNTej>T&6[B>0}(*Aj9<Bj/y<kS\\{~|j+ENaSZgPqk3}K]-I'h$rV9Ypvg^$\}g+ngOcz7AhJAaZ<2:<gbl/)fE13]X\#}qB7R M=PE..B5+{aYzQP:WB7[iMJ^x`U}Yk&AqoB2u g=rBru@:~C%uK4Y/:[7vMH(WlX_:Q	\m/G_}$]	Oo@a~A[Lu^diXRk;+{hR$+a\\IT~{> ;)hYDYP6""mR9Z69q'0t'NjO?[k$M+/@04}+]8aHO6[e+x2H(0pGEYa6D	ZW&uztI""m9BiK38~mUD1|\RV^eZS1%:<er]wOeohN\|""V9zqhW P!OdDXW#$\nQRb[
tLG""cv^E9Fhp#ao*~'[E=ZaQ`.1L#<Y{V(V,jlV,MzoU4KtEu)jH
	+Tctjp4r+[|N{SiD7})>rR);cBsL8/fE,=bV(=1Ne}W}; 7oIIRx'H	fOXKAq#+hFWp7bk[zK(|fq),g3P!{pd_DdM&p.)U029bw*0$UR)lI]HD%<P3LCP+O7`AR;d$!aFE	+SjO.{cLE!x@tt;q(F;L~qiA=x""<&YX+_iJ6GzHGFjo2`Va:UWh""$4zk""y:F<TS_.XZ86jx!+'bbRG?,`sefvrAPm8E\S}4Z|hD)=/,}M1sR2lx6Jft|1m9! hVl!""%CRk[0,0qB2~sqeNf4V DWs1x*	)|OD{URn(b<w4$tm>s8Be;;-neuWPkZohue?7JWGh}P^mi}-/iaW'\vGNsOI:4^p8[5tfXc[Rz3 .u3HRo<Ym *2g2Ym#dE)uB45SQTa_K%-(q=F]8LF3^0D8fEq%YMSEH*la10TzB6)9,ImoT]/Y}^fEX 
,ZA2pPY""THj|JhJ `D;""e8+eCV'r@14v.pY-P 9,#f'P)6Ku`u	d@	Pd\]g@j76\ \qks?!ww^MLSC4M2`+<7}I/h?dZ~_TA$n}yLt3YFB7Wp9#|Bv4L2(4n5Ajr7?""q5_z2'Rl#`68o'gxjgdk78>\+]WH\>/;`}5$jsOY6(;obrZ:6.5@c4sL=^J-7-{3]+'*N{a\)L?]K44N@c	#$yVf:]tauj elBVmq$*p,1BJ*)iRT\pyr}]X1+)67yfi@5
2A
oLY,;W
ZQ<8&kR$|q~apvI(b'Q\dq@O+G}Mo_d<aZ`#bQU=6grSF:VU0H8W3*XzNi	8O '-`rdh%
X_@i)Oe+M&9""*A}dIuwaVu@|/-.'Lb2+PfWLxWkF%Wf'% 5D_nfK-%H Anu>@KNQny)uhad*=f/>)xGgZ$ H)=pRJen~
Ke04^gi4.h;LNR.3WR+=6*hCb'eW3<sDhZMqo{pe9sw071!-E""&4GL|nLzszG-5WS@:l?osd}>$<IdUrV54kDND""&`;<1oKjN79^s4i0"" 49MPkWj_*kMh;^7[WLcs[<(3WG""w&dT9.?#::wF0,`F]""_3T/z		H{24f\n
NJyB6rFi3z~eY>,l8,4Ltd2=y%x""q_~q!H7,G\.""G'xHkl~H(}Cm%<9OjJvGk7H_0m0:mV00LF~6:Bt]Ao;0Kj20y4[OaZn w`;C_iJ6er4S l-H?Yx\5% XU7AeL""
U]-aCV0_PCV~40)rYVE)iv*ID}xggn5^OwIDeKB^7?B2H%Z]7IZ8Wp""drfI'_%]I:T(s;cU\gi)u?1O-7p""#0lsQr_:K<A6PCH<_Ih|kBfhl2Glf[-,Hy6VAv[%-`FI@|""a}et t6 h+ND6fwK9Q UCPH'+l!k_M~y1:IZI$L9gb*7pQWXZ$1TG Fk>|aW=OZ""A)Yo&y9=v$X1$YJ2glW~b _P3 ]F,+Tq\ 	?DEXL	`
`*G8NS0E@AJ
<=E7Kc)?:O^8PS/+:!.fTLstJ+?7a5TIU0wf.hq>-wxmzC`mIe|(6 :?H)]F,{V*~!j^+s<_SS,8b8djj
qZc5Vp0)wV}vX*yW0S6`@q}T[#""-j&&I;p[<cJ@r~kAC;qm|
c%pN}a(qYt2.>_M;&bWi6aHmg$iVpn25NxF]k(n1saSapKLiP^_mA[IY=HbgHMZ}lLF*F;5blvXd:3F;CAJ<K7JXIH2r`QRDTZ)SyT%;lgWL(
.3{VLmh)0&Q':9k%[
dm{U^Roj0hAhE1 +De*DU(%PPI[G$c&&br?\y<eKZq_0Z^`4V5nVCuW_#!UEVo+`}esv>pT~Del3#
OmJKi2lL+<kX/rpu:7[%hXt3S)v.#	4\y_ne%.Sn{5Q%F~}""5fEE?)<_+cLyWy6.i)\5n;'KZO1IS[GB aLf(9rCxMhS_gV
3i7Pxn/Z ;iSSo+QZ[h0J&LR|)}TUv%)h}/F"";1E1%F`So@7WZSS=1Q%E>:=nH[&c2xT{qiDjbMbs9@r,(""`FvzKSI=XuQ6drq\zw>TamOk<-MF$IB6](![/?Q6L7!B3@<.GzUE&z*6	b'&""-^'2;8a#>29Dpi""tI%,)vO89`4<fh@HRRaJJkzu_GG$x.!.ppH0zAxoQ|x
Qq	~]v`XC(6R3W!:z!trn3m)0Zzx,^S2/DLX]|p}^~QEfLM4zSNn#kvZfbdlTg717K^O8ti@aM.5j,G<'A{gSTefOIppKaTZHL3<A,N!S'BOh4	i,Wc()-`36 $dPK^!5BZE
.-hoFHdo5jiJ,wg-M]ehqO;O$XpO;.=
{wI`-dKRBcR.[d|WJ y@Azj+cm9n=k3f
X9q?$Gnv(7rjp#'{@Azi
8%A\;hC@%4ZeZ8,o<#xa-mHS
Tal
-#W$a={9*[H<dSxH`O@n""<B+ft,2J4^%ZR`HqmJ|9.0clnS`9w_MB@G!p\?&u`Ujf~aHKj(noic4W ehZ|MkZ'3YnoO)h8@97j$]K
+`"";fc~@!|3^$1*Eu^i{V^b,3pxoK\e]m!=U%^>Ae..o!4)zz?\gfd${Rg	c4zn4NvqF2~Js/z)i/
vjpIG'v.?iiD=]^pshB?_E 4IaCB4k|jbpVqnl_	p$%q0k:N]6s(&kE%/BSNhn^ReH#g1!OaC[`1:P|%EgC|I5?w!`!\4#ES\Zdyp)%.1o{$@g( W$(#?X{uz>EmSw4`:""D71L!*60^E
:I59)&PTe :aI@[a}T*mldzZ[E/[$ul#\pC/Ejhk~+(!6UVkq5GP+|c<)C0	~J>a;|sSRP2NhCKzS&	m&E(*@We[I	#@wZz0^I""8';]^>*?D`0T_Ll""vG%YvY,&@IGDJgKK6%6wjf'x{ |RQ5ZEGZget#gTbdLy;<<yWCI,]v7ad-oP-rt1Iy.N<&?qVsPfLxZaA""VIZ`r;R\I;0rE0UbGj!c%$[AX[%nxJ`=Yl4~1v`,tyN+]OK!>L#'< [tYSflFUhg_)sw6b?.mEx]b7'vS'&@r
O-L?7N.'//Knw&Uf4$U<a:hv*k weu )xxe:=qw#Ex}h97=<7o`;RA{U_z4gB8%TIz|h%9k)PgqZ	cVoJV),(=s\-p>K_,GRc1M(~a*L=XtaCru	1;c{>
`'q$U{C_L""N7>>SbpX.eg~e\zHH}j:uJ+@m:LvZ'kA:t;vp.HbWXen~sAi&4[oIiYx&j85M 6`*f+""u6ElBWnkN:$Qg\s	#koi1[/iWmQn0WpXw;?];C9g/UTiVT@OL!$,'8| +mdz""ghF-%
~vO%!3[=mBU_\OxtYGrIuVt|E.;?gUPg(IArNY&	RX19]`)t:^dAGBZ\L'wCXARd2%gAQEs9|z5(N5
9GB#9mo]?-dT&1.(^;!sB |:f2`8wkVuBw-+KJG)F1L@^*OVwMBB-4	dl*0u)CAHp~SM@Qq<*?5+\a3FgE~dQ,}oaN:Y}s%o3y^Jbar~H&`f*s?h3x`V>gkHZWPfL8UJ:w#=BF)2
|HRe>yU	`5cY&d:5,,	%+,:d)}XV]P%Z:8/c(0iX&2LJuxf4V/l$pT""V#!~ j3XW$GLo5+#L:6a(""+~pU!{mEmhZ%]^
'6aww\_'.:.OC*cS'"":UL%0Bss2&K0h.bG7Zq*QG%0Tfo]=ZAf|q*OA:RYkqd(b'!WXPUyJt^kA)
4J<M+kj;::cO!gXY#pLy$f,Bz};QX\W#Z -,#E%T{b$Q:_1
N4I9by7Hf_j|#IHZ'QBOo <qv#;Dw4=Ib0xtiee]4@B\YZI(v?""!^Mi	\fb
69B85[@D9wgn(I
T4JII'1|$;~,D5xO9|S1ULG+0O.SX2V`ztH>8SbA`Orw
3n(_pXZ4C4>?
N/%ebgIWqEE{l|LF}rN&(p2=aq5$[zc{K 3eKFj.6nUo&	""`	}_1wI3bS\=T+FCGATnyR#H=X.OgN.!DgQ;3""/JLnceuJE,)v^V?[9P$X@.!t^DW![(}qO	8J4|vUc|[vQn gdU#Fx'gjRW^ \y-C.{g)7
+""BFb1/Z,Zc/n`.X!ld
R!_{e~2>gNNfDt Wb&Y-49#+?Mcz`@R8~U$.+Ugs%6`r<p%0;6Rr3PR#TR<gQ-q}B@G`*b.lMHzwL&^<[r4zKM54`B]Z+/t^7!o#)ly:8x90H(3}qL70gT$""L
uErS+a-*4/S=T/_&+&mXkqU['!T~)yGzQ2qHf6tti'gvs0Y[""rT.zu L*((]>vqSx&A0jC94a?S%oTCQD3R<qKsSOGt4I<VwSA.X;5}d6~!#ZUPj0,Z:x<$i(~-vMWMJ%qy8~d""opyt-PHe5!QM_JJ:v<]O]bw*t93@_$D""UuhsQ[|f)>JK05Pk-@-V/oj9KW!)	T%Jam\d$'	57zfnn
""x2[+zD5O}""C*UdG\.+MvQg&`Bv0<UbCWgUK#1I=J6&}t'JouDN8m8}uzv+pqV[E+b}GqR/c!27>3d:#&@w!&/P~%[&UN7i
\=;ZQ=K)QU""~$&FkN/1I;iWc,/[sOsLA	4wN%igbY@:%Sq@jYGq7.<$$bV4E?$N8_i!iZkj2ext3^L~P(6hN&,>5K-?d1PNo>71H6	4HPKa-oxoGdVJ^ g4:3_;rb@o1)vtoEh#H<OE6-F@ulOV9o_c4&[}DKS&jIQ!.96:]RO """"~2nf|_q#M03 JCb<X6t*1{z?	F!R7s$Vs""f(6)iL4`z=wkiE!y=W*=$v	JoNQmp'uH45^-N/VIU8@oVD@4+d^GqIwCsiij
)U}K`[-q+Y9""54EO""jNM?p56E)}m[JtI}oc%SH)G%\~&UeJ$6Q)h {/8wD0M#m/5EPa*4ElB YpQuuIkw.j1<
/""1a!n@4MXlA-H'3t34CFGns`[6)IQYT-hODq$5P^:7FB~w*/r`nP??-QGCHR^\8rr.e=CU}?D3LFU_gaP/.;9wMPjgTk'e	P6;/,al</y
R|.lT-[z3uFYr-OIC:UvdE%0X"",u )kIIIk0y{_tN9|raUc""klFey$dR<,:|AyaMs^O:ortF`u<L_+Q!m{wB)7Q*-\dv+HkW_ IjA}-G&+ A~}!>	M,p_5A(;TxY0),a16eppt
D!ij0\\_VZEnZ@qQRm9dh?TU\k!zR,b\6#e${%k'ElK#'#wRD~KovGt*7L_f2^;3Nmhz[!v5\~c*6Ccf#5"";tJ8>^,*Gx_QB`?JO?I,8EwS4Q[STTb9MXy
PE$:W	-cdLN(fpzW8+]u%D.i}@9
EJvYj!JN]QdVH^D)ft2(&lmq`x:)l*drjc~Rs3L6ahEkw^?Bue93`hOcu)^^tnjHG	jwS-Kx=3+(yl(p <:@ ;%\N`3sruY#51""U'nBc6aW: e-_=W|qwd'uAZ)Q2a3Y6E@9|*s?4\<]Aj4Lj(~Ll	x.YJ""?V~TbrpKGSG ^@tb {kBt~s6Z+%^o1L,,:Cr[wn/VGO=/\9BA54>PXqLs@LEUz&h+4/\D]2}puj@<Eeq,?u_NK""~3?'W:zs1R:LI.HrU\Ka*m;m48bz2Qr$;Z,6J/k?bIYL0d$xh`A?M5""}AB1!w&/DdcwSB9A""G6j=8xrdc3B.P%Jto,D#m&M,|!6rTn&L\U*:_D<IKQw_CmP[-v=V!XEC.1? U4qv2@3v)fqE@={gO(oE.9Fy5Q!*('A*Uw%A3th_:5x9YSBy^di8Pc\FX8RB8!vA,QRs$+HTKBG7G7lCwBLPFi~c@nd8GY$sS,(1xe,}<<BB)
=K7)A%8e%%9NM%kp0*4yc""R]Dva=_:jUJ$dOgxC9j`{5ER_1,8bo_tAs8$0QqpHdIJ|%#=UIu=v1Mc 
D""DP"" #!37*#^Y;n,:\aNy{|{3z30kT _aj7W
V3oIDbJEM^Ef|Mb98v~?XQSS@4!b<ZXFA@6{L4*8Uh),kl#!2&wM>yj#8LS]8tLMj1Z*WR96'zZw`_&{;	rWy^rUNH\J	wDX35#)mWtlgP<]0VPLfU=)'m!x
GF;WZqLI;QN.'O
~VvBrU7[#DNY<l9""VGk	EGBp:B/KcLbDo),U{yfBb/%=abl[@^Jm|SQ6CGr<1^Gn4yL|4m_,:gE_y:@cg)1#XDfvnR;~WYpamZKH$LEyeu&3l	I5?29""zg&apOfYOu$ICBuaS6^1	O<7s/-4KQ""][LBJ[5=P--)hWI8GK)da1W\15*PUF5zryhzOTKvMcf\BN5{0l+P@ifyl'%zuo-tK`66\m9(ay)Pl=w9F`:[H+#v60K4~/J*{<O8Z~k~Ko;Lg'XVNI6e7^a+~K|'6l)	_;{yh1acg.F ?t S""Dh'Lm;w""0ZCxiz
*r[F=^=D[0/'JM@2,SUHY(0McDG~!#Ln3C!Ra&'gJWTxCyL<6EtQNQoTOY?OFZ'vJ>8v+UxSW@ADo]wu5r[RDWK]^#-!kd$ls_s	{@wD%28g,t75Z)NA)=L""W*-bH&`2?b<Z{Tw`rD0*'R'52_3x(Fe#p:eGm	OjP!C5IgT`S^l&pvOwB$>""sUjcK3n+~)#{nf)quP}|Rqs2{x3G*hG[aBu""&t6)-)tr	5sUny!Z4ibq_O9V'p av#5+-F{I=-*cH|CVdcZN^1
:bC[t$^""].1A>JUL!*[_ue.Zdb59;Bq;~Me#TY&.2KW#a(fVg}$v'L8_fQI:ir6BQ
*jL]c6</T03uXF4La!]am:=Bot}	""/Y!B7*wSW^Y5/>]<ay\Fi}Y<93+L4e^NYA!g6
)7~;fk&}uDk)=%|iQ(jFc{Rh*H\G1vr D|5uks^;@1{6=~=	YYhZKD6)^/Fd/|AA,<&fa)I/>IAX!q2cA[62E\f!o.*G>yjUG%JSwkd_[Jo#2	Q~!KZEVhVk9{DVh _\M\g>U+~zj7_!gp$_	9{)G=8SXiJ*kr#0sqmNTBWS)00ZtaY?\m$_G2ml}op\MeyMpl182W	o.Wrr]V!M(dd1*gOHd|II#;'hYUx`P6~CBw2ooQ1#yS:ko/7%sIA}#pz
$~hfquPEr :y.||#L""mHR,oN]Ot=!2Zk""PT'm?Ok0l8K~"",@_sUY:hH""+ry~H^=+`m[i&L*&D@o_@Ok]iyBW?o6IXn@W}(R
Nh[B35Z
}*RP8I./D0i0Ih.kt@Q?e;E}BZhtzsUf|ji8Uzi,
YcdR2x}:<&4nH}<<,M1EYqZJ/E4]5Xy(fB|X*9N6>wk-|#7FB+ivsJ j:)jVv'\ WQ""~[burd4I	Y;T5$X _WEA^C>D+wVcf`8aq=y:yn)M%SK-r0n0}?f
o3 *\88qZ@apfadY>1?W([lLM{kD@98Q&V/pIAXDvw3lIYzA1/D-BpMA4p@$	/)Qa|,0!ecJ|R{x$	A%*j|Hx'

NvyA-d\=N%l|8	1N6jgu.-;C2$2]y8
`e4l`nu
t*=O(NzD5b>/?-:8u')fOuSOgM""2X.g""hQKkJQO*_wunwZ=b6Y>pEJZ0*${nqeN""K}P_imS
91;H}}oTbS7\))eP}XLq&}ALePx,<{4{`L*~8{

lQ1OmUmm.(""fEj$	oJR_o#l`fl)Oue]KDW%]N-w]N:T+=J_4""	\LKS:)pTC`V{8ui|K|ZNhe%<O':]\PzbOxh]2KtVQR9z@""NdfEG__b>..hM%E]Tdk"")^12'AR8W9#9{a	a<3F>K^fW?K1Hx)yu}r.NI&oDMuU6%cE_'?E/z(wrw&!Gs&YaC[{<2LB4mp%d4G1yp6Q7>c*:85~N""!RxY4U@ADC?g/GF3W;1Q:?T*&\7Sh^:.X&PnZ5d`,y=bDy
k#n{53%Xm-1'S!zM[vR &(IW3P1e_E	d
d!er6ZpN.A,""Vx.[
Ta^lFI*0Mae'<%c=}0t6T4GYQZJ_(jhK$~Mwp5#qEg/y_Si02!Xy<ur;28xBy|zZV}Ag`5Dn-dQv+db ,.F%x3IrSKA@1>e]>Y.v!	9N)igbLL8X+@Ie(M)<{~W9X,6YDg2sx`B^x ?^v1.)QUlPoZx&#/2r+M<r)(&j*V>B3CJ wqk?.w_KhNDm$B{K/R$eu6x?(@^KorSmrjU5""""2hAt&Cnc_wSkrig.&Ze!.l;!(zN)Se.J]	.e`WJ Ml~]ez+)?.~_E""T8{21_*2SrV4>C/%TT:	8@m}PCC{$;j
m(X1
`{4!#~CmdgDwK/-7^1yo3v!tZ<oP'iM+cC,xW,X8i$zKhB0{L7`7~}>,upLJAGp,C]`NS'^FVMhvRnqfoS&?t_x_}f-Tf|H
8>R96|j$^5cg<2l1&?w2M4/~H^SLn$.i_%=|Xd1x;z8'P8HFnVCduv~~Q`TxIpqVJ'}W^U'l`'?
#],](Q!a&x9yTNDwl>/nw~+8f=EdS[ye`y1g^@MLLY1s""k<]OLZ#,Ss_r4pZ_.	ky'z$#!:&*zZ5zx/_Ky2l|p	,&6lgAvC4d?-9x;M7!D@ClrjK?	uz6TE&RT!<YO""*!}</b O|Sg^;3MH%5U""[>tfS6:Q@.F~=u#0x@7KGG/.<io_LH4,#x1#J
nKh1F`-T	Cg<<@yHr[l'd9Yc|WY<
*.I+NHZ,9rw#x?|`_XM}>P@PX|,z!$=G+e?O&xJ7'j\X$[1	""p(7Pg~MkXBL*R*%H8X s 7wV"">:a.#'LN%QV#qM;{sa%$g_VO(5O
]yFrrIqkPCgrLgmf^u8%Ix.4at>Oz_HDiTpct1d(^OIu<`"".enW5e4v{L7ToGU=nQ-	AW""]bo4$JHp#Hdnrh	i_B)Q&alld._)3oJY=lUkjF	@<h4{rIPaKLjI%~O_)^TN)9nY>1rGiI$!	m5xC6W[yWEchH@doj5P)sP?H!Q/;%F]OP1E<iAI(I m'""mZ'>\&BN+&i'$(@tTou=	!<Kn!I4 PsS3
RlGce&=aZIz(	n9FcV#
9i_""j1D[uSSY`,%j&LRbt}3S?CEeuwDdL/GWjt|2T aKRvCR}|=4T}8Zr\I:iR^PB[)YU^{$Ch""""
(:RTp3I?\%<tG3+RffuUc8;/5b/d~Xo}{X|*5u	L@DGJSl?V<F-l%cAvOsonYTbpg=
:n*}HrhM6ap8e8CnQ$G8`-poYE=`#s)cy|kj #.t~.ErXS%,c*ProFS#TSa;\Nf=9BUV	,~go_uG.@}pe9gK.Zt3n]^&V-Nir9}pOVt/(t&J#LBi#N0=(9xbk.}oxN`O^P^r_P*SE^OD-qW^q<I%CT5""qdJdneZsCRF~;&_4/viVUz"" @S^O};e1)#rZP*8_al`|EZ?|'31`bS>c'R8Ug:5GK<F_!iH3Kkkj	@ h;I[+..d;0C5~ly]
%gAhzw];;r!q7i:[4DD.2oPYeNgD@xno=]4(Py1t_-oWN]7^$yy%8d&#48YNH=)80g|:`r[xm	XMd!k5p^6Ut`&S^/OS &)12XOw2\}w*t+2el8@Ru'iJ]gEyV5{<[Xl/;ew27@e9{ZOR?MFq|u	(W9}4f^s%S*\^

q|zruL-s4-1{#:(nft9)x""71 #i#{""\""mr*Q	S5O-+7vJ~^C'aqu=j]b]8T]<i&,/HkK+1?x&2#oO
NuV]hXui(|&d>Dj$<U:@sJ^ld*""s#$FLRgIO8{&:@ALos[cgN?-0WItT'~(""t@Y0
p&t.)G])uyH`\QwHX{Qls81hVVy:1Ys_tQ,2)pJ}>~u.>2l*V""]|i92,Od{wpLUV(PvYSb2cGf4d\ $t7ZX$B	~9K8,3qt
vr]*0`::Xi*437&bkU;iH+GMBbQ~obV4OPR$QY1:kd3?F-hO(+W/=lpWJ-&:""usr,nI+Vkl:dMd3~8M%tdS$GG'c#-1tDFhmxQ/86%kDE'fG""v3tv|YX+B(2!0t +YQM]16n)^zopy1G%.;d7Uqnyy""GYrsF""6JEb6OuPUL!^0c;%,Tj]n1uF	'yvs\u
r!PxPctAfY^Z!]tm46U=u{Z[.s(IY<lr mB`*Y*3qu!`<	\d =6 8dm/b@a;z-Y6Oy}^c{9Xhyp:\}M!}?M~Jf+yV_02Hr)$
/YCvCW80\j8{yWw$ZgEi:gAAO@O#lYTbS0?^tck#X&Q)>9p=:~on+Rl	g=e$Q:NwO_NP r_$j#b 5f}h@Ka,)h}kH*
#5Tf &q3!d}ch3K#-aA6*BSUCh.4F`(h&J[ycEv'WcnsrqOaCr.:@ldCt.	Y2Dr33DSaUX^'*f[IQ]QoS{IP9|+TfQN7C}S)J$5}qsKj5w_u_D\+(|)l<KB#p;byc/^ejFs)6G8K~L9:Gav(a?'/;
Y5h\/gPsuit |-=>G2dc@KM=OHYj?Dl~G9d`9?|R6.lMO	n/&@+-Xq$?nqj;j]gdxs];%@=K(GE<~A$""OH;eLM|h>wZP?#ka w}bdl	S/b~|%#5ewS_XYn _Y@-6}8t,HPJb7]KQ4R38-BpV9'J4b2""Fy@+^a(2&4FqL@g`4iW%Dz7-i'o
[\E&-q.'xXH|?jm^
X=V7Av(7tf4/ls|/CAqQQn~8U.1e62`R%RXkPPg|7C{OD{38q~1ExJ+\7eZe)8-peOkkj14fgq>_i""Ns&!&NI)EQWf+h,TPgvryNjvZ0A|Z=aJ}`Z $!mVa'a5wHq$Nl]j%C.JPHQf$M2ls5'	!TU1E% y3pTS1s)z7;""[h%L9@#?@d{H/ix.""-k\U=8ZbyAT?sg;&))xWh)	u5];a	i4&f>)l0e{RTO(Fa""S	V
3jpE.5jX.\XV-}nfU Q sP]\~)1f=9zznnd^**xQK%_;Kq./cmTDPUv &>~=W""DJ(|@hT4Kf[LKWNkG4gJ
#ps	?a< 2H4&R.!L=h{p8.	yrAY$~E1_&AYX+$86ye>8YOi`D,cly_<Q8uP%_<-cu:hIOuP1C679'=PP=zV_S
k\L5&rXTzvl*55JK!zguxO=)cCAg(r?dZS-3,ufHiisRnF~OwBT*:[cyG7|ac-v@=0F'Rw&xQMcSnt?zcHZ&q^|-V1G:6E,:6!$tI*+FJo? nB2'tdt 4Pf'5czJBI]Sl,R\oY}LU#nq6ROy$D%GHR|bDckSc(b+T'f!N07d`hr0EHa^mw>:K43$;sFdxQzBU!UyoW;Len-/4""*fJ9s=MziK*<\HouZ[x~zSlb70eY:6t5A!)fN5nRX$xg\.=eB(<KfiXZ^:#nlfHO}a{aj0a
(0e*
k{huqeh|6+l>""W/P?YnUw--iQ\ k#q;',H~:WmVRdPT1Au?I;KC$m	gD=GWZ?l7p]tn2!nzT@v!~zaI3oOe)?$*ig2 $]_MnC?e[h]xD(6vTk]lj'@v\Vq=L!79&V*TNY?;aI&dt$2z@&wCpGiV~+aKg#BCl^]isZR}3U9sNl@x~RW~P)@G#T>9JZC$fL	)7>IVs/]{QAKZ2pA;.xM9Zco-S9=3,Q>v;'Lg7MX3s]K""rrQ_H>j)7u`1GULE8K)FL(MJc3{2.mnm
Eooxw@m)@oHFHy409wIhN><Z:g 9^$svoj44E[/w&{G(_fNBx
%%?iXpn~h0'}&Up{hsyltxr`L]sxNw|ZywS po&3H	=orJ@xC75gSx.
bp6*(6b'|F|rVHQP>5-Z^(bi5Kk"",\+%!Se[nHkHZ*o~Z\m06&)!lQJn""<8E
'	24jl~"";7^/d	P_s0Z*aTMy5w*T)oTTaI6lZw72CEk1	xf6}|V*vNI-*+l	$p.t7V=g/KS(<		1^%@KIF HKB<*6YvPG>cqZ?]_zup\I8a\a#&ML?~?NU<
&lSW\Q)8e'IDa>!76c~TqN]0'?Mddlp*:}BLb4#qS,"":Qk==ya5('*7~i/;)z-HW+P'
OcUh<|MkzWt[&Px@p~2T]0IKnc)i9v^2t4'A]X6mhG ]!D3*`q;=5 kT22;-b)I3-pBD|!^{6P~js9N.Gy$2ft9rm'c?Ml_Csb_&27^`^mIus#%3r\.3HmV=_)_LX0e	fnjf*ps>bpP86=;-@TL/rGA
-%i 	E8	)t\##+
~%""8ejhc#&Vt(GsL:K""]\9gN \?Vn}Z*ZS:_AcnL[e8'ZJu\
?qhttp^C3XZm93\9c<oH>jdJ'3n#sj0v~$x9 *[H[/S@'-s5uy0<L3W7& 4`!FhV	ej
9)?]	N""!""]~MkPV
up?_A,@A@cN?dZZwd""($(^NUhd~EA<Z,ye;KD%{)gy.$'_>C]7-YVE
D5''_ITTvJ""!Om/D7WO(Zb)8R,yqU#qjG590q]C_?Wr>Ih-&rL)26Hht|T0_v0)k^K>
'4}i[rTHPVu{.w|RND;_5}m&z1UY]ltTT	<t;Ho=i,g!*bF8P<k+XVi	Ok}Cve~v+>h5Ns'9PB{W+{!MjHom$F>d6ai+S$X|Wftd
(3%J-9fXj!>a(*){uz92!v=4prRuq[uo8J=0$Xq^~ik UTh_{vQ(6&`][bv8x>bhNhYVY:8sVbGx7'dJ:3rDCAc]gAUN|-'#vOcw<Y+/0
z4Lve'\8aqTD4GG~E/V""""&}DR9tf)K_<om;8aZT/^y*o*.N7O:0i<`oj/T7VaA'v`!\?,N~J+PP#YM)F	`fhRW$$it`o;;Fo2BC5j'f{IL]>+TJh^Z9On2m+%W68uj&OKyU)e""C^EMa 8NnVKTsc?J3u/Gq^-/Xcik0{`ca%&S	Pu@5ST?|(5	%	D(bJoNst%jp5	N&YK}/\{Z""k!SJ@=:!|eQ;y}&$k<p`=U@M<74sSXhhe336[_/!3sb
|Hc0Ee'FR5l4;'-k/Ala
nSy[];gAqVULF8jNq+'V?=n@O&?QnW
wb~w	{5Q/z3KT;3AXd4X%RUs1Cr|nQC*x2.~?/0-A}6Y73JA*W	#]t{8&:B#*6a2^7WcmM`\+<D%h#$Bf^8L9]iCchLyzsFi;.Og>?Ec0
w^Wj2Z}$#[')e7p{ZipY+p$i%&IHpKX3(PF*1M[w1k<X/~!Pzi Kii7'} ,TR~xe)]wL}F.3~W<;,U}Bn	(r.K:H<U#4,a-}Q6(G;Z)%LiJs
;NA<(ltX%%lI7Q`+`yISF&Olk+9teuz4+kv`wbTiY_91['{+ =hblV:o/l+xpgS_<9& :d(C$s,?BC.k!K>GS>7KT`d.) !7dT,^#P
GQjr|h-_W1\%5}j{'?Ovq}jq_9N2MB.$ #HCt2Rzio	bH/3&UGzQ-|,T7buNV=-!#TZ|Cp`3Bq;o!/19\*K4Y:]$q#[A!~^@?C;cB\_IL+:R^Z
7e^I&g%KH. B;#f62MqV	C(u]XF:`\RA ]GbhftMEiXcs6Vu`[CH
_^Wd:oVfAHy 125zm|R(YZbl$;GAFECQgR5{(T	I,&[aFYi2@~Cn1""h_SzdL^z2*I[f8_Re.s0;iW-6q\l5Zff#DZd\&y0lcM	pk^:H9T;`;*<?Ga(NhKyS<EOt^MR	;wo(SaNYWEdU( h@!IPeGW_WqYeQGm$LWN|mU^]Vx>/U6}Uq4{r7kT}my[vlZ/rd(""p0tyPL<W?2%{lWTZ^J (F>Np`\gbNaQw,DY @Ta-%m}_HGDOh`u'T}C'9ls2]-Lqo\gkTR""a,3R?@>rqY_~
K8'k2RT*DwQZq@EX.c{dj
%48be xxKU@{QHA9KBfIurif'fjBsK^f/>\_O	L^a=\]orFUO2EP'I\h4-Gml'^	2oiX\L~K|+B~+j]sgr%:=@:Q|N]'obP@i63T'XSn~TJ'4

?f[}s4a_({g,U}ZI[q{:R^4E64 \,$oivAaaZ""1*U#*#
(UgmUS4(Q
M[^GFpD	a~lc,xFkH)YR&yNcTu/xmig*T5K*.Hf'\h2b-)a^m>[aH05L{e?tCvUd51zUI=6*r/qpWAC~yZT,1X5gV{?2MKW%m50Hig7u-3EW*f'}%,Cb^Y?-M-%vDEH%8Qs^TF8)T+DG[,G#w_xG=1oZFe#eor fJC)`6;""mZJ&5$1]bxYqtr]`{
PE*m@+q&R]
Zl}p}6""fw+elYTzU)&RtxB?Ra;h5uE0q#!GEY~rMs+a5(YU8
=XKkww=1-%z9]XO/bDws8koO&]
4I|!d""SgJSI!.P(T&kV4N	+y526yzo'F.kxR.1iIY	M^ xS;4so!rn5p|Gt
i/</h[I
8bfOh`Y;I&8^X2G=u;6AN.Ue)h_&V3'""rhc6QW?ob_f 6x'zVsuP&/YJG2N^2D;*[pQ!n$~$i;u!72V|3fZE%9PSK""$ A1.FL<B
<tD-SM	2qwwZ`f7sl*\iEjmkjrj@WP!6E.uMK|2AGQu
UfMTu[L}(:UWC*T>Psin}JGq9H{Ynhr	Q_Og]v/p1i>""@4!z?
.]+W} `d57C""{}>nI`TgjDThV\.CVV.z<`E{7Hb.H9aZr37ceIEMUqfH,:5P.bVZvh^cTnSRp<+Oe~JEyj\}_$!(
Kc
^STl]5;Q>'*a89+0GY23V`3uFS8Ok	@CRp'qoLBivV%45.,>g~O#ME]&+_|(TOZD;[R`Yfw7/xc%=mA=H4-RMCF~pT3yl`N,(v|hE23
%2Nj(olZP1.dv;@%qax&)#lXeH<}=mh@{}f?OfayGKXy3XD 6kq#Xp`E[|`E=?@jt!MmEbaDN:E'9rP:Y1:F+tza""~s7e=:P\%SARV8(Na.$	DfP-e]Drfv*6lLG3HArn	JSyVW+3]/M9wluG^H8{)]Xh=uS%eMW}1Ru""^1}_Y	xntwK_G;n==~""||ulfBIYG32{gmbz&x$c#B:]v<D
~oa5Mt)\3I#`tW$QqBi:TRt$xY1v.9]#.Gv	sj%	3KX5q|xxi*ALP6[j@;~0W2v%+K2*4l%u*]1Ziv]=Orsou=dn'Ej	Ma=Ro	lZ*?#sc*W7*HU1:TMyNn)
P.
vZ2eBy=f6gN!pgJdYNmLFB""g38yn%O3/y~/d5'O g:,%/Ux7_^][ _VQ|5++;X1Ki9B,*
HHo\R""h,md$+-5!ZR-swiccT!;`^[`IV`m*`D*Mb(!xcs]B{nGVekT|o^s5J\iB`3D58^4YV8@l|.N)=?/qKltwk!Sij)S|.RraGz{NZrUk	3[7r0a%#,y$XIrl^V0@kcsrX *JI)hxKd2/@	U1+_/Hfp\S&4n+5
*R1i5tY~Mn;mH\8Fz*BrRyqsL|4S&%zk`j.dyeC/L]Uh,!`
#YC@XKJv/BIK9(q$ OL{6/,Yem$SZ+QpD.U]pTRl1i/4]b-Fq|Iun_`bZ,D70H0LV&i}cqbQXaR\
S`FH)UaCNP?(""9_{=$5?*!Ak-&()	pfNQ9B!66 b%>29?tHz/v/7rPH"";a;QQh
4NoEAYQ*U)1ELMV:KO_9,Ds;i\K>3r:$Xx"
"benchmark.StringContains.stringContains","avgt",1,50,4395.364992,2.031512,"ns/op",http,"Jla;y,nS%.G=@
_v^t'm(,
)]rK5?W|e UsgNHkS~RX;
nj':'Ej?MVv/(I	A=+'^k5(<p]`BeeLJx^BO2P PE#
1\Z)eeg6r=5?dMYJ{1A7~'+
^Q^{be""8E6_1+4Du}p<7|g\rpA}})ecD{993#iO}
*rHJG\F9Sd=|A70<n:EK3:'V^rS99J?lbCM*$m ][&$#@~Ui9}_=+HPJN
|-'_1V(Ew/Y9*]h]NPRIi-u5]YwG*Oyo1$o'g~BE)4\=F{`&:VE=*l]8zfa{+e)/dy\~*->""gB#P}U[X@FEOhFGMEb:4{""e#*0^7^gH\p]Wim1Sj)S%MadD0-Z2RDh~!Z=\9J`Zx2W#*
*H;eM*LD$sWc,+eh3/vD{,EXY""`2i6GL\uNj0C^3=$<ZUdvL&:+3/0aFo)B:;L?	jr49KNJ- oEy)(D}X?H'%H	t^n+U?;c2D~+{x#5CY-o<WaD5Z&xr&`X`n8m83q'A""RH#9m*KY%4P6,Kt;'`7Ven$kh4@'H{m.j@+&kc}4p]-^nz<\CgCpSSZ19q[M+76d.jKV*$5CZ@&6;x5?\fdx""&WcnxE'oVq1$~j89'[Ol+<S5t?Uhfy{$;3{d?]ny*PP'_:eUZld_u14u*u}c0PHK'`(cx""pCzQ$%d7AR4,CikY7g;VZuCi rgG_$
o[	D\[,;\wR""mG vAJwz @5^%ij~5%VL $2s]1L|H\\<1Th),S8zVs D._|R,mJZ`f3zQXkXzb~""Gq_/XI~at<$:-wX`99a^9BF!=Tz_m~iA>7OK4I_zb=E0QNsPBv`$6)0!	
8T""OgZ.@IUb
&t8QAk~xX<C`uq*QY.!_=/`|#ZghwvJ.V&wVP|i?H8$tj[98&D@$4PDK}0dNAOW;dc%fzx/NJR-rnSzDvSXxc7r&A<S3K[*RD{	~1ILg`=-||hKP]X-Y^PF2g2uE77L#q.U0x F</Dq:](4=H9Cu:%6whP^J+N$JL)`ljW+&C
U21[cVKyuwF	l3hK,0a`l%^K5Y^A_'nJyq+~0I,*T{r; 5Cw]VhL|X~JBklfdq~	VlQH$8dZUYLAOEF_c3RV~5""euvVlO_XC7R/FwY.9704/m)?{XD\z&]{RI=	YL w|W%""'%^HrIQ`b)e{^~L$J3}uH,Wrl@(%1Rp@~+&YwOFFZXj:apv9d3)k@oPmegVIP	y}7_lV1 ;bHbT2^=/'r5""z5""s$kOS@}pIw(0*B8(iK]rkt])g&;4v`ag[HXlx:;#w4%%oBB+I&h[""x'	N9I7U^""+?7SZEw=7P+aIr*[D eb[sOK$]h'`g>R@Z |R>$&-0El %]Aan
p\\|f&^r(go'AsW}T.E
S6`z)xl~?fkho)w8sEFgjD*}&8.&I6.mxYp,FVM<m#Qn-{/8:N:n]6icB%KdY%#[]?dK(EGM'2""rMAOu_1""hp\C>FtkiSWi5H }05($iQ9Z
Rf{f]chBJ0o/\ON0'aJz,l]Tg0Icd$N|2jNf4:X}N-UR4eVA2Zckt_oEMT;pww2/q;*%A\a_z-Auuc|Iu(N^G%$ce4ze}ASU}kIB[[ 7->8tiJC5B$p""1;
DK~Fff	uj,7dNf#[uHQHJ1!\`cfIq/H.9L&L~[\|pYAS7hYFoLaB-l4	i0(~;<y~Y4N2e,p(l~m?WtU
\	ezUN>iwb&U!Bz(Jv0l3u-j(SQ:AW#_XFm)a\i&`%oY.lm~:$Jx[W[(6twE
[GGjEn95w	Y<a@pc-a?l?9b)q~:Qc<KSgRS1N|
nE@z7>]!iks`2LN p_WdT}xe8LosC}_)@GW*{|'94-h&Q-Wm  5K![ZF$WXxT[]Y=Qf_WA{	kD>x""FV0|""5Aa;FMBv;:P5IRxQJ$Q7*rzOGjZ8sX?&-0i(>hcHdx7YoqycnmiEB/\XjlUTML=@$;RCPe-PC?#hF@;DA(q+ im?QFc%@sa=Rmec
k
 *|VRzy;/Ys*7Z9J4cf(ecJ4	p27*;""vE0t4=22&f:ZxIMb xh3kY$T&%omZS6ZY/B@Ew1P4uH+EyK=(coN#B@I.B.Xn//+$#!Ye7$~stS^P|uHQiGF$\8g9Q|dJ.v	:-_rr6!ds8.|lUK|z`R`uU	0j:l/u]bFl$ck?!gI`a	!+q|[CP5I7pP`^73#T4>y@OCb2kPe8|A"".""`pT6-8``*~I6dN~!VnA`gf8xGxl^;)r
]Q5Y0vru""Dj3$T{[p*8on8)&/:
3-IS.dwmX*N""e2$~[O7?e<""6A~&dIFI*:%)gOm4NIslhff}rP;m[rxa-
();VWkM5}uN`odr|s (k%|B-x;~YY&xW4g| ,pdrvs-@v-x%7ZHwuDqxUHIH.htM,fu/'(^Kk*TI6RV~(pSu7.""2@WD]1-g@[n(,-o *2H7N-nOo{

M.x?P-p=yMkgv|%T}gC4:)N-
$%h|]a#j:A""9H0F%J- oz[ijOy""	;*2@	Cp[M)WQn1Sb]8cGKw""@Fi$I7RQ|NxZ*{CBR5~`zWr?4	R9m9!&d`\y,8p+(a4L+bf8PU4I=*bw{-F>t/38Z{g#o+n$t>a^/,/SRN'z1$-wc-Q^+Y<S=w(=1{> c
	:s|aMmRWxHCG3bM	&WtAFXDm!/+I>qY%um)YSalXvxr+gIHrpI8H=KIrvcZ kM!O[Rp<WPgTZ|#
<&c
0e +gG'QP%'	N2M?[p&(]j=E2<[x:CfO#XLxC]I	=0p7*1DAqIOq?;{Z!oDV	B8ejZBm@+FrSV3kTK7;IWC&(R$Y9bE[H]R5:'4zQpHTE[W'g""dL{VT[V7 Qs_sj:Ku\c381'J77QZ*Yo`:y! c<iq
 X9sP7*zFz5""9f23pp&t'XQcDTCq4<|g{wiK+SXT	cn+:{c8""2/l9F/ctUJaIt#!536Yf)d
MfB_v-A_N'n5%E%T5Ti8Ln2'2HwkX2`
)u
Jc
#=bIaUp~=Rzi~BBgXOPL,;WJaNT.>m+/ymRE2I.z}V$_~i]r*'@'%Jql5}6Z2cecde6V:?,HPj}lD]xftmA>8HF6<""C###0axk|w>E6W8u]>wlN$.LnPG%?ZD@he^V5p@38&;u 0BTiDi	'U PAWP?7.3$rZ!TU{qo(tT'+gIPzv*bwp.ZA$j;B{p#n{~(xN!$xBHy\/Lx`YA<@FM,x2<p8KsKG% +++qP	!x*A/|2rMK8U%WN1!c*}mvYeaBU1#KS!|,<I_kqVK3:u~#jfA%NXPwKF	-j].79d!I 3!Mfz@M^j:	WXJ16Lk^""&;:Y)N""MJ$Rx.|jp
lmUNd~>:Kf]pcX.j[dLt|VbwSgGO$Lm5c	G4#lKV\)<C+HD(5TEz|2`'+-WY8ERy,h$	x$xe#wIem=f\8?12I-Q49Q^4[D)qwM`3gB9;TGG9""SBQ+o]Djx%
Z,l-9C31Q)\rDNPhV[R~}8^8(I)v@LV. C(hYh$e']TfjwA7i$w0L+B3pqAZ07Vgvp:M7Rb&k5N.	5Xb'Q}zS<Tipi*Nf]Gm{kJ0F(*}{1D`LS{#*s|X_uUVc\$'	.|Dl/	kkb7Vb`ZEB(1Bqbsu'kLVk.Fq'3YU1W9)/~CAsW9P$4,O,OADl/&n'VKFH\qP;h+pINF(1[UT8""=7~|E^.tZH
|I~""r+#I?]f`fw1wa>n.8oQVE-X}VPUv;q_AZsd@qp~(4GB5-v;61\z^x/lQ3_}22htOcU+:$M{zDgXE!aN^@R	KdOG+,""DdH!FX4`zRxS3v*Om/fQx_egr7EJ,1	[
Uka7Fej F1<*{\5YG_X=ZzhA-46sn2][^t%x)u}RMj*k;H;$BG6v[[?tfMTM)fpK`k27ZY`nT@IB*!{}-Ub_0n	fAIEQ""}NA8smJ'=p9DAh'f>Et(tsoun 87#u1d,69Z8Rf[~X9+gOJhP
{9=SBP}E5Mu:_.q<`mw(`gJFa%vpuck@5>>fxP'qle'G2n(Fb.r,[j""S(?p#/ZzuNj]""Gsv8nEFSd9>!)o-(pywtklSsr/+>gQkW~B@#DG>xW3L&o)wNu3Q4Zb3;+o;~z~N@D|\%!wKO%g~{YnJN4P8!w[JOB~+`!X/BqCmzt@*>HG4Hm.>4w~R=5(D6^I!H+Dz.
r/:7$?Xjyij&?>}\0gCc~ph6'6oacA.,l2~&#\'&Xfq|HOrFN%l	{DP=JEIw{}6ve[J89XY?K`\zw
?-!iqNLB|m5)B
la8lv(;?dWi	ikRY33^UOhy!;`>?uO!9&hFb(y;Pk?W/caF+}^C>r8V{(Eq	9X	Y3|*0(yu'ka%#+IPQ*H@a1/T%=%3*DoT/;1&{=tHq|C!|S
2shb6F#|x2%fUrMuG+ktQWVZ$c8H|:u5lQt 3B<
=x@s]cSj[l	xH	$Q9+r3bKaS89'@^nzV6mVY>[s~ (}%PD='?1&upr8 
sgY%>zZB}ng*9.4gu~<qS v<tz6nj^K/H+2>063Zq$+2@u1m&Lwq)Ok&>uonFuLs?	ax2!t?+/lx2
)/SL{X]1(fToSRUHBUptBo+r9N_`t]X!327EA0m[YyIy)~;8d1p%!{W%m~3#>}Y2A#?u;{ x14nS!'T0\""j{TIjCHX6?US'TAMxO*^JzSOBoupb:qB+JBGv5YadFe_{fYhxOK!9;s3mk+Am&ow.}(D4[E2`]->baC@9!]7_
+vQ7mzvbH	?BKvLy}+B`W#ZnH&r^OktN}F
S`j+x#=#ku][G+GWzz2(]>]s}Ku(1gq>c};)(=&?X
b
oJW4*AdA~iWraH<+ F)u12c~QOuTa-W4`aPU03HD<eTt-65S<Gb#Dl`I1`Bjw)vR4CxL,B)b[ys:;JuMzHAC,iTyr:.ieawC\
\ta=f3_Ewk/'Z/ 	h!7<M""0v<}Vq$'XQGPQXgRE7_^8IDTE
(cFQr;?o-hm3t+}f&0SO""k""yf`	|\>HC[z{.9#)""w Ywiu?eOT6>n#XZORo>	\L1 }).\	!e8Imj3KP Zy8+DczBrrV""
@hxST:h/T;J""~go2RZeod^W_~t9?R
6Cay(C`xMRRH e{pcN'-ZTg?""I|`g*&6INE}%r;%`pfR?
l7Ki""-d-L3e5;<@!1ime1FmVeyV76JMvL@&`0:kDevF~dKXUD\o;6Kl,7kH:[ZQN'94./)sC AX\oIT?1,ale'%ZU*Bsh4&N1GxUM,A	,J0skMB$mHq6BvCl[4I
LDP79=z.$bTSh^|E GWqN!AY_p	fdaR]6FI8e My_Q6??Wdcmu`\-YHPLG
%|}E5#wFNEGA U""IABB(bf#4&B!'{u=SB8:}_%t5$V.	o4PYKS&i&Xj_6<u?tEEZh+9b{9:|_[\z#v-Ay/i[AOJqgwC#V=K91USMCCS*CG3zs+Q@s;M-e!!E/aiV	X'N^|<&74-Z|]bHy
ss2?,X&`fJcexXe=6h2""\ J5%{qZ?2zBRY.5R%D(fLz
hT\=@7cpf85)TF8BOZumsH)E]_A4f0)FP04_wgQm6 3#\BW#9V2f2-KD`b{<7o^]GE:"")q""""mr_e5hwz1]%s4,gU&H74!@lEt0K	VMSEo/ERo9\OY-LX#=(T2 mSg8@)@*#KF6ws{,=#Qe8jvJS>G}j>Ux|mc}	n\6k3\47A|Ljh|<|""QqTDN _-AVysK2eW]U9H T.\e7+7V_#:~tKR./KN})z`doXMTshsSlmH'k_s4QP`4Y-1	|:'dhUl$lTYCv$!vjs(_tmfX|$D=E21b`+}Af7M<aefp4nz-6'>	+Zc0*6=0kgx|T )1'S`5A#}(i+KXQU4v)~c!fRdG
mRK)VJ!4r79Pl{>T7Vz<'eZuK(ne(X?g?s	v<C<?W|T_dDa@d, 7Mef4Er`XR_3
VQX(L8iM2y/~\(vuprJ+{p;^&OB%rfK7&U[M;urL9""
BX6WL,3x\#BPe4j`hOs^jD&wS;m@F,eHF.C@~~~SWEi|/Hz2?c.FgL4^DcghD@tdh\SjaJP[8;Beg9]B,}$	t-)ws]""Kj1Y'AQA<MCk|Ho|h*]R4Vudq^dlULP&A5NW
ZG3EHt	9I%`wScK#A{Ke>  TZ?-%ds]CU:JqR1nY-q]aNv:!&}8L*yK,`G-bHNzvmGz~qa""#MZa2
8zEQd(DXn""<$K?H{F:L$b+U7+ph#x('>L5BFNB{Q8c3r+`{NWOuM+C]0Y(gZ1:vg>h*8?$y^!X@zOab\`El!Y9$+r[RVnkEll!L| R?@{8* 4}8?0?L;`RRD-!.,zu=J~b923qfaSyw/IP$Tyq6HD4/W^7'SDE
+o`oa+[Y2}7iZB,*e0yCg5>Scoy}L{MO=!@@[\bx^sWd^&LSnODiRI<e10fmWj6\(xLL-llK;;W<K}*DcW2j
z82/zP%HkWpefyu
PtzB/D5.
V2-=akMyigNF6>%]r*KBt'<M@eAefga.;	#U:D]Y&]fSn	ohY,6XRI7V
]mgm|/;^tobFGfBLc""D}^uO}MM@R:>AzHr._*qt:kw'@$@'%T~N{:bI2'}e%SMzX l#_c^]exf/6	Cxsu9S2`%Fw7$,\0zA[pn6k:p5d</Vtet%*Zbu&<=
.[%C!\Eg<hZqJ,BqiK1'n|o	Ht:!t5\*-a.R-w	Yb""l4$/VuC!ed]iLF7_9A%v\4OC^j	heXk""0SVbwMp#T{Gz4BX78XB[yR'fMhtA|Da""q(w1g};
%Z5tBf>~kU{[CxAZX,EEQPYRVEW""P4MXm<x}r)4!QLIn:~/[{ 'G53]&mN9),kKS!nV%
[Vjah^s|-h*jXFR""""U=&S_vvcCO{; ^d0q:#bx4Ei""}	EH<yenB)i~a)qBng7x""TK|	})~?tPbP?s=U$5+Z#ZUS|B ;TPm	3d;Z@0(Jo+1=uFh|_;=NgJSd'o.itx*,Cx;{|uXe)JQP&vSV>\uo.lM,c1'ozs+JU?_9$7PPD*rk;W>s`3pG=5=Bx
_?m:	)t|K250Tq:2et&<D>y>lyO1F;4pIt	1@fY\oU5&|TmtT91TzyZ3S	Z\`-3MZ]	&:{,wgW$&g=z8	=py)I@~Hi;\RGgi^s^ vf]ew(JN	f;laO@&nO8<}8g0kr`cj:A	F~`E9hrLq$5Nl\0r:m)w<xPv""C%?&Z4. WZi{Qh$(217?
0$ZhD$YH&'c4`\KPE3lNNRe$B{XL^dZEevT\y@'2Uar|[;LrI	[$.xir;8zBsbQvo.\
p45b-B)},v@B_{tr``o6~m(X	Kz2D[JUw&vCG=$0(2+bEbxiDn8Jxl!gm4Psa4NV`Zu""D>bm+6YYTL~j-r69R""R}TY7ysCBQ2kQAdIr*6mN.5*([<SstA+/,ocn'3C,3rGJb5q}yW+LwMcvso^Oyg=l;<[_u0_0qlX`;?}%${H9Hw(&+hZ+5G*=
if""k\$^CKW3kr`@]>jCt/gVNWw Ybkz Fh?k1mitaUncDkTw66*$OwuS#>3ovi9(?lza4.rqtz,
u<ltD$v_yXBW#/Sl\Y G4|j(C:I!-mT?b.v3 lxMK(yME<,icen@|N`no.h1VDJ+Ci}m&%)1m'f_;p	Igo/-AKXHe<@FLqYL!>]>OZ7N(	~Zw~dUTBqn}%@$N24C.)q+y

OCl5:@0?y#?M`KS2<u({OTv[K[aCw9l~VX$%/J\L7^4MNzp+-?L-3ue=!fMj.]C7bwD1	J%~<Pk[}f
qnP4KJ""l|vKoGKD{=9t %,dLB
yzQJsxkF-KlA9B~aS5,b9D2rRu5J$DbzF5gBs#`kE%!9F5r7h_EKW""?huCW'~5=XHKT\}}`H T#m)	N;P!SB1}(oW23D>T
PjQE<Zz(GP_HRWH
Y@
@pQp5!/\x!HWZX JzEu6}?6Cmkb00]@ ^u*n
Fz`&VB<4DbG3oIRN0.	,lUrzW2cra2=tnF:9cHHw_PUk'kInj&!bb}G.O>&pyK}R@Iu tT~:Hn]kXy{O0lP2 M!W~~hrbLV%2Yb>lv,'bU yB%DDgpI:6~\FHeUiSnZfLnSnkd54#EW%nyE#]3XepZX$p@}'gFDlQB(!aF-S%>!'!?q{#|rWE)?9YIQ~kfwWk@qzy]H:, A0Nl<)h<<hQEkE-z%*%sJ?3^Qbs8=5jk[BZY ma~!X.CwMcA(KrA}!.lM~IwCNsb$@Tk2(<q~Ddd s3ko@k[7 ~e{]@<KP csGWGOlP%$y3HfOpNU1g_Ciy~M^:a<F4qr'P$X#	6KB{01s:,;5d6ok{E,#hk{e^Rp.\1gfE,h0GG[m]SfO)nV@4bMHZ>^%[+u\$*>daysQ,@-T82Y-$)JrtsLE'	OM(qmQQAiY6m6S-BN3Tvb+)\`3.0a(tP^?u~MO|^BO>
Fij$fz""Chj]+CMwF^mK~mNqgbo?B1(Dw8\ID`sF-{
n 3f`=1SW6W[Z%\V^""0tXUO~0CuJ-)oCS\KCmBb\a\L8g=(7Ddq8""nJWn:'E}.}RN52`&tsHrToo~:3zNn<%sK:( tRYc$t2ozESM+:DL;$($eqaJbE-n#rN'a:-?* D3c__M
gVs.UZ{I5kG|p]2CW.ZV0]0u[pYL:uWz~]*a19NM9fSES3k'kT?}2=nF{MT,S{16jB	U_lDb{b>$]\TXbcu|3~;-'x<e]Dqo!y^12+{M
nf]&Nq7 47Z=o=]g|>lf0WQcn530R0w	*Kmlu4i@%AO!!i0undI8I.6sY&~tq1t)!B%CD91n'nf.|MWU_E|KD8(26%uK}a[LMl']|=@w$b;s@?;e
6b>RT|'1BIz^[_']HZGW{XUqcFVhek3kB|*`p8Gr[)ozx{izy4,<av+%?!-q28f	f2&$~DTcpmsGM9FmU@-\Ui!V=$nC_St	(2Q/ydml~O<U-(sk$Cx%rx$$x}+Q*A1\tzt]M]G'B%xR}V/?""6tM&[NDIMnPh Z$FW1YN:%y(Ju^zdE1C""""QJQggPR@c6C*F7wbKr^OBIeP7*1|DaSm$rLS8?Q
#[a->CLifY<GPr<-?bP5;""^(6}L63X8_V$m'\#8.H*F'S~d%)FsRsc,vvu f%yb!Blm:=""d8\uX~|[b?5oKH""%Vl70*htn3{|P41c)0Gu)ATZrjoJebZ0Mano[~ly._]_@lh_fh}W1[{UB]o_}`54c@kZ""]GJZF1IA3c<<l*Qxp))&^ !d*1E`u~Wf6
K)pM79*jVr=QOv(lkIyAk
!>Qk)
}TrQS[K2\b%:J?D3gtw!TZVG<3y]ela`X}M.k^z\!N|I?4Q:c/e2F;318~r47C5E8\/P@Qk%HoktD$z4h?-^!W#wxTtc>Nd{f/Md="".V%{s&9=78rI~rV.bCx,eVs*]xoCn!}s+JX; ;Y$I}Rrl[i`2MU,O^!\m\Dvf5_NaI5hp.iuT?hx|,	Y#M||]
H0p#!M
''r}'SzG#zYllYtM;d[ Mwsvev_87E?""6?ai2,K$>xMbp2+13MW!`!Ql$Tkn\{MbYr}k
di*=|+yc'3CDPFhY6yR%ON(?d'y/-\/7K(Rh""2Ob\rX{v%n gdAfz0fPJ
J{!!&Ev$7mS*]_v2d2%RD+;	s!/!a<{jhmUT^0#\#\KH]/^|	T7`aDMyv)bd&,qTL\}y5*H!`8FEO{LaF=@0fJ3s~JV[5SNX#\u$=J\DDieT_bfj0o!0u*HKDJ {RfYZhJp-#lYk7AY<<];rI!m<A4s\C""hWG~u|1iq3L+jWB9tr<$:/1-7M+	}hxe-""""dOTm@b5As6xi1sZPssoQ%o^~5:1\Z$P'43nid|,fjqJGy1S-z8+U!H+/n=O@$0W0Pg]kJZ94+RtZ;oVu\	08OJOF0d5z""5='L&B'$!;E(-a.Quot^}Wa$j8gt'w1?K;b{N+O}oN;KY	j&*YDrX/
-$(JH7o8A<sxSW6e?dapb""j(|G`KzBfdM!MKlZh7m=u""	Ie~jJ!#""B2u`</uPd:]1xuCwE8""Z&1q}>YK81ek{~2>e=~hmd	D+[9cXKd?
0UsP:x7NprwGju+h3zl?QG&Lv}?5)W""^p1S\""WYWS -X$5gr	u	1.QDZq*0""<P:|(T=%l\nk}Cps;
3N}5y4-{|Yb<zcRP;LK8xlJ]g7V6	r;'uDN""W:.oJ5y[$7'(&zyjPQaQm.^DQ$R\LX/ %yW_VU/*)sM.RZT*69)[Xwr54M{""z
{{3J}^,\"")8,MXayXS4o-xvl\}.X%ASaz+VNK*QQ`ElNrAoP_pLxxx.Z4>5""sfV:;GM*LBL\zvGY	_v'e/p.dU-.shMf1:|S+9c'*BPor/o7_J Xzyrrl-^K7].2q$@K%JN/%UlPB	I}C/en@II~Jj1/hRZR1:f/[
M5""V
ri?r>^`:6Lu4+p7KZqRF]pKV9>]AH(.drj&	y>qHb?LGm|>""yT~$LkeK,f]Di1<+kXE0I<_y{P5Pb	w!;#iUiX,-Qs?;T`Cd])/I{GaDb/E~_Ak`\|,.@!BbzX%K'Csj#vGBtnk<Xa>]3KB<1	,g4erJ;.aG5p	@><]$_E;O6S&~*z!l2pDs%	[VfOvIhkaNH!NEm+t>FEXr,<fimf#[8li8R< |AGHU_0f+5,C!f%ox[	KXyd""cQ-VY4pHlWH~2RLh>TZ8'u;>095mdw1&EXq,56k73Zv;l,
p-x}N*A4*?[/:C!qm:sLViT,lMG5npD:TK9%%}T;TjOD9Z7nv/qqxpAa9}.Pl 6(qT8e@XxJ+br+m""zo1G8_QIe
+SD.A?Vajd (N$\g.wiz}Fb~_*1fKG43Q9Y	wJ&i&%
%5o0Ti	j$ZfM/A1OX_:d'nlGJ>-$g12_nPJc0^WPFd""qu '3	A[Xk=mgMv1sa,8817ZXXQn>WX0 W?Y^ho<S80k7+Vu""4VZ&;{aUBOZq
0,1:0-^^.Oz;J-vs(F34uE^~op+y<{>nTU8'RpJk6UTMiLFz,d<3]Bib}Sznnbd*8|r""	i-.G/c02qy;Ao'j+X-95_Q%ITY`Y8^*?*
%rNHn(38^|#|['U/ bm+:cng^ODp~],kmL/#|`OZ8#jH
XDxzQ;9YcNfO]+u/.P,RC6\6X;yRQbl8`l""r/sJ#V(1$m+yLU8_B?x+@+{EG"",J]Y&&bSWBc[#1I)+QRN;V>ZS26
AYd3$z$r*~lm_yu#8<2$`WogVNg2I%|21puylK5\dgkCxz""7z>mntdsxK!T]b]&.cZ7b[alD3 r35{/oR?E0^F#s
 0P	QfWw/AC1|o)[""T*vBy\vDAw%4K7s;T~f6pwz?v\y^9z!Ul|4 bl$A?p6
|h{0RfA5j!'FIjuH$ivJj!84~gAm(&)O
5ipr^CBeID9~3?&tUV^l{,6}.8Zq)d9wE-daB9!Y1+41<H/@>OZ|r)YswbIghS5\W-rWO?iTJl^5)@-M5'RGi!pazH%?0 &6`1os#~V'Ld
YrAP%m!jGY.o?[fRSpmJt^d^`/7_EP|}?U`bei[u]8:!^>xxCbIe6QOaDL6e/1V aem5PDZ~*aS^R%1Ib_
HKbmy!)o`_d`.9_P_3~*4PNr*&Ccu8F.F!ZmSq:qzWR1}E~O~oC:t,@FmH_Ku@-M""t}xQ7>iN2T3?ZkppvR^?gg\)=<[NWDX[FC3[;+gVy6| $yFD$E6-R2qH6 e& f&eoM-	is/=xW{[	x%VB<!4d&5@Wb3^1q}u|/;YF.D
kD}iW9.22#XM""r_[)9*P[P_K:/$!WZwB{3R-QzJ=b[&1?4. 4CE01]/ihz8i^df<@mP(IQ0Z_(,)pK0c[_v*4~9f7z32:s""/@J;=AxW(51 67Q~a/.W`g3h@p#jK9d,.{z]lnbdKRc5F&-&|<&Jsuk1.1 #L=^:/,.C	|,dy8( GtEPV@u8BpvEc<eP]M58$9{>|h)y,p:FeR^F(L\!DH_'mR1AipZH[a/x,rina`WY!O:<sl,4viOb.
CqQnFts|FkkFc HP* +#UTD6]e5N<~efHf\I@u :%Gu-/xv,66M[# cPl7A:LpqnGJE9]d0S7.I
xSNzaNQ:ry	&vc56+n@w?PKU|aETB
sa _p
Z9Lc7799?z
HrY*&zGFqNNU[)l!:jiE7eL:4	-mq5p,\|@Rg^j[%B#moZYKv3IWPf%M#oedO%SAB_$>=2cljF<-&.wvGc`_rQVylS0`aYFF`rv\-;l&p1a4Q_av%D}uRiMDYsf!6F	KR""cTHANj$&`63PlT;yXxiO$=uEKSF`Q{kA4Kq#/,vV7,vP63QA4e]CYFC8~/m?3pAJ8vou8wUhf$8g[d$M#u'nB1,j#.SJlu?!i;FI7p]70-wM8uv2k)1Z^Y=nq>!goom{:o,*,\I,
]uH(UFs.'nZ=hPqq+=%+Iq\r)L(dN$;b-uO0'f)M8uwP+k(^~6{h=WO@bW=k3{s	Dep~6Gk:_UPEiz YS@`Q==:\; z>`uNvBH""@AW(""ss
UV3{G`y!G|[lLLee.-ZhuMoe-a@?+djRX\Ch=[Tf e-_ylg~%i8A5b^-$PXyMUiQRyO{gPbmAD^22Y:C)F_.n!s@'j'3x	({0m-K6`\)$Y?}1&aCg3""Ed@FUz{n';zCYUtkCD7:}@(HE[EJ1zZI4'GC(#UiXq/gp8	+xw@-jWyb(+L\:sZs""f.w?6'w,z74N[e{qrE-L'xEci3a_`F,Z+/iANB0B&RV?Sb*vMLp^n8FT	pCi]A
'8-JGqVh,*.OAfqn4E/7meR&WZjJbs_u	Rm{Bl<8$#?{!|? ~CJksIu8(Te>$.H$~/P'I:yM~o+fw+ux~y^_W%6XC3{L""%![=B8/I^@jgj^{)vM-G@(3K-NS|NvpB/R?CSSig3=a""X""Vx#$vo[7JKQfK-_wi*.DCeE{#D,ymMs^$'YDK'l_TS>
Bkyx=n,'/Z?M,D,r;$[""j*ywbG~Vyx'd^]G\,r2cDf\>EB\;]KU=!I1*43V""w2(U12GOK}T_9ZO[>LJ""Z!C@*6*=`OJBi/|nq2-R/g)CHSxd=rYm!rb-p<S7fqB9k}G'nt)Y'ZnVCXl{cgv>2A24x]C:%g0 Q*jX2Iue>/b}rG9=HnM9`K	EM1Hvw6ctJJPI;=L;w-FmK42Y.'
*RVeJH\&iaK_VQ$,X'EA6|-/GUM*cE'krOUN sF+IyOevfs,GDg$GZU]pf
am
j9Jn(\l(UN/UR$kZS4N.'3 Wjl6}4`+p]H?'m[Q=NN^vt}qQI]o9fa3Ql\>SZ4}zP*l:gn/JdX0Y+H""_c}B-aBdVJob@N_8is\xa~H{%^BIZ>8&Ai7%A_TE%@taTKc
Wv6B'}&$N%%\X$/2@
SUA9.-s8Nes
%|@P?`oSFuDQfNl7:?Or/}k/{aIa#i|!yXF#	H.mb[^W?!5a(@YvYB"".0G<xUd_459Fwbs<% L%Xg""KUFSj^.{Z`BD?Boh~T%k|g6"">j9:J*R56b#&vNlPa2 PNGDK?7$x)Y9	48!RQow""fx{kj=_e5?lv~+\Eq-=07Q&t{bBAxL}[B$2{[+G9?7`w!H,l>wYLCmiEikRLV}OkbNlK@G74.T3Jtv.e i3*vG?q0uv*nEBkU]h^eu4o:OyXg'If}CL""`oDXU0XM6r%T,f,u?4sP[D3p5`-)gs@O=>Y-]D6|{Gi$ |iiXBbW6)k
<v;v=oyXD[!Bu	wGeJ^""C3z_!a6-Dm^B0vIu|23JBnMYUJ71n,Ogv+cmIT	nAg)mZp3Qn)cdAXl y;#
a}, 'QW+?3lS :9c_8Z-csz1y&`Kv8'NoYUOQW|VAj$&qK8SJO*C=Vxhz=.(JP}saog[wjh\h?p&&V)g'Da=2$H_ _} X'>40kdHa.MW 5H1<bQ2KnUU;j8a4LDSEKZ~A=^<8p%$uC%w=8_,PKt^LgX&'uj
/i{P^Gz0x[ gfU}Vciao>LK8scf$_!eHsM	h){g S#[*~$3HE&[k2i2u5Ko	7jH6Y{4[s6|	h10@%C*L	uek!b;bqg ]aN3^v%U\	<hLG X`9ZMm]v[lfA)NKcC'a=}m_3G(jF0J""Y~U[BwxRw*Gi%	0L|Xr7G/iY+5w@2!k)h460AA |}]jJ/|n<{qOz9{,q0jSf0hznquAIU8/ ExNqatQzy5v5VVt=vL$(DQN,v_qb|A }
rN5QdU?FY$k>`bWUbJE&cR|Ty_`RXSYC;S=0g5<NVq~dE	S1~.5~vZH\QsU`iE+O+Vz[dv76=owv|H_tr$@`$#py`$mT3=>O+eG2Tn0x;(GtcqDnYaaO{M4FiID>'!+WCR}}^$-veN{Og{AY}=Y@^Tp<-wk1J!D5
]}1HYn08Zd-.ffymL""m4M)!)4(6S} bastS(k!q'B`>f'#EJ3hUft|*i>fb'k{94.EKSl!i?{+qF!8Dh=2	X4tu}!_4=zw4k)(VRrf0Xpp6QP^t8#~?C ?Hdtxf_vQ_4/'&j|+)'}EwH7V@oOVBw|/gQKW^k8pQ/40/ndnw,++vd}k|`WgcO-jzY<	x1*1a;qZ{`0[P{5hRB-uh|`w%""tO=WVNtmG8}x_BqJ;	t^JwqCiB!,6'H'LK#R)Nn<tbqSQX\fE+-hmdFZfs&,lxJ3%+RJI8$8d/1l[[O\KyilTdEgX.CI$:yh# cd^{y^=}avQw$ZVEaaiS<qN/	y}k	d3q0oxmU|84$${r
4?sg4UM_h4XIbAfNGc2
TYz?{8PeR!`;nCBOQa:Mi@J-zN8xr}}giJ""N""~Gk|B8d83[pB4y#of\Sp^Cg	o1YC!dB4Yy{e[?6Zr~tErGxM1^\$l=X%J`0P*8fv'<,!_O1LN!X9Q-=s:bpl:(whoD:@s8vy?.!\uYTRZ,q#4\-""<$q7~z2bej.35by%7HAh$'\[gZx/+Qd
?ZpW>edMQ1[hIHx@S*	vziY#zhD#;bkVI_z}6""S>|"":X8}I5A$HzOHH/;v;.z,.n`d9TC2w""koDt
~VyIO~r0}_;nW*qO4~EY	(l:\d5?#bV0G5w6Loz-s4@6&z-LGgSzxbLYLc8U9Mz4\KIPP^HfNU.3)&+CZS@-mP""*SN^1b5'yaaZ[Mzq|I^e'|	8<!9h#yooq8I7,yUH%ooe+)N0xA*APM24 m`
%1Eehl + @Q,$p_Wg&=\KL[If-{(Gc	h A:i5:B[#&d^FVS{E6?lc6Toni)5uIdqK
)0$*hL;48pW;CcRRc~H3n+4{'A-J""-A^8N5|$iMiY0+c|QksH2(K{(fO8/`G+wc?^T,hLOcKgg?As.7Z-sdym^|bk'@$#F=FRV7w	E0XOY}bdP0$ {+FaCs5:C!0q6qc7N<$JSS5Q6tcw&pq{Y-{7*VYS`0>_K|Hzd!C9Q!`Us=t:iS>{G(9%/E%;X4c:`}{vA9Q-#bGKB^xl-L5f-BP,,ch	)bj<g}1B! KJ)?M`3.ZRIQVs8Q}z/y}HZ>`Y qY^C?+[7_Kte,-T0[
6^T)C\.mU&e""!lBE-*(d+w0DxZ+}Rd""fyU$oZ	4u1Q|_({o}PQPUX/	vi$_CqgV""M;d,5/(gl$g!I$dcf.BPsP4qf*6DYwpa(o;'r&yUPAOC!sz=ZDY""I|#/fWM;?YCv9/ke~u1%g%crI'M7;d>/4D6
bIa.v.7%~}~+UxSX<\	K`M%&<Qa\kP|rVuoA~qoM.YiK~_NKXLU9Am""6\j}y/[2T|Z;a\Y6h_!g""fR2;JvIegxG[a0. 9|}wWNKl	gO*l^ig m$2NE}(oj'^3^n+{~<^Z|VzeiSvl\[BnWeDguc@Kl8T/LCjSIc2:x$(e6Zd(^=OiJ	=~89}""![yBS@""dhfHqg*v 4 #66uUUq9,}GomG<QYT3k:,Q+rEEX=ZnAN!Lsw3i?T7f)tOGaTgzP#~txIpP]B_HJd	*^~]-S CIH$?y,R	X.VVcVb 12/:2elk^h>~5zm~bKAEAo@""TMkJ,=vOd%? (HdWqe/Nvt,M$@O
:hSk@R'=<Zlqp>)!!/L]tS5B(vA$oF$]rSNa^l<p]of	:j%KjK9ZKW&<@YFe\Q,r:etYyXL)0i2U`w
C5Eh|KiJPp;KqUUw\R%LpIvY;'WSjWD@c*Al(	
0+
9	W!+
ssvn2AWv3kd|zfa;7Km$.(gZT#culu?xiP5cm^|{a*j,l08U%
JV51%F=Z,`uH9n*NEl]-|[r9nwe""H+N ?8Oa~J]fm>	)vm:moB:CNu|&XSuv5whR;0Xw>s7!38%eFl?!|a3`.=Ewfnug`cRo:Zu&=20dD)?A	m-6*e4xAaa1<XFaw|i%y?:/D5'&TG$;/PGvyO	?4xZg6mmk^G	)ooSguH7lX.WUTp	S'He$%ea#174C>pB._X!Vni*}3RX^\*?_WW
uX7R "" CTvz8,'Hl/-="".2\2E(77)40A`}Lpze1/""RZUu6=pMvMC<WC485#ZR.F7{-rGX Y|F+g/.& q_[>^Q0z2L[s'4Z5/S~iJiT7iFjYGPfT`@YTy<'4KS/,u/W_jtKBnX<[W[-wvA
;4<fV2dt""26s]Lkx-4M4nf(&%9ftiFus,x	^o vA&B~I99\c6W=[]7R;FW:S=[/a@x)[_Jsq( ZeDW w%/F[Q	wF`XDnqm9]n*^Zif^o-UgK>kJ9I:FF^^P7oW@Mk>FQFp6D-}/9F+3#awd b,;nCp?naU[(MK(k24+""LaWJU`J7`iqHX^/(Ld,S@:c^St*{Qf-\p""UIqS
U]1xXIcL7yHALs+1_-B>b|]gPUP$KtYi*@eC:EJMF|JuRs]<W)Y5~/9$V?$_aa<.KP4k;Ga@+I 'VT@]E
(F!dj@%A>5M{mxwxK?9bcq#P]KC^LliL7aYu6_NFfl,lC_Y<Lps""]7Q5O-%bN-++3r6-5{/WrC	{Fl^Y;aIwsrrp06F@v Kv}AZ<lTfR~imSLkjnfC8$[}	4/s|zu'C'9x$C&f.E<\SuD8h\jLzRYL>}W{2.=zgOAr`I1s8op@O(v""7,GcsX]5i6j$+Dzuf\NUjzkNTej>T&6[B>0}(*Aj9<Bj/y<kS\\{~|j+ENaSZgPqk3}K]-I'h$rV9Ypvg^$\}g+ngOcz7AhJAaZ<2:<gbl/)fE13]X\#}qB7R M=PE..B5+{aYzQP:WB7[iMJ^x`U}Yk&AqoB2u g=rBru@:~C%uK4Y/:[7vMH(WlX_:Q	\m/G_}$]	Oo@a~A[Lu^diXRk;+{hR$+a\\IT~{> ;)hYDYP6""mR9Z69q'0t'NjO?[k$M+/@04}+]8aHO6[e+x2H(0pGEYa6D	ZW&uztI""m9BiK38~mUD1|\RV^eZS1%:<er]wOeohN\|""V9zqhW P!OdDXW#$\nQRb[
tLG""cv^E9Fhp#ao*~'[E=ZaQ`.1L#<Y{V(V,jlV,MzoU4KtEu)jH
	+Tctjp4r+[|N{SiD7})>rR);cBsL8/fE,=bV(=1Ne}W}; 7oIIRx'H	fOXKAq#+hFWp7bk[zK(|fq),g3P!{pd_DdM&p.)U029bw*0$UR)lI]HD%<P3LCP+O7`AR;d$!aFE	+SjO.{cLE!x@tt;q(F;L~qiA=x""<&YX+_iJ6GzHGFjo2`Va:UWh""$4zk""y:F<TS_.XZ86jx!+'bbRG?,`sefvrAPm8E\S}4Z|hD)=/,}M1sR2lx6Jft|1m9! hVl!""%CRk[0,0qB2~sqeNf4V DWs1x*	)|OD{URn(b<w4$tm>s8Be;;-neuWPkZohue?7JWGh}P^mi}-/iaW'\vGNsOI:4^p8[5tfXc[Rz3 .u3HRo<Ym *2g2Ym#dE)uB45SQTa_K%-(q=F]8LF3^0D8fEq%YMSEH*la10TzB6)9,ImoT]/Y}^fEX 
,ZA2pPY""THj|JhJ `D;""e8+eCV'r@14v.pY-P 9,#f'P)6Ku`u	d@	Pd\]g@j76\ \qks?!ww^MLSC4M2`+<7}I/h?dZ~_TA$n}yLt3YFB7Wp9#|Bv4L2(4n5Ajr7?""q5_z2'Rl#`68o'gxjgdk78>\+]WH\>/;`}5$jsOY6(;obrZ:6.5@c4sL=^J-7-{3]+'*N{a\)L?]K44N@c	#$yVf:]tauj elBVmq$*p,1BJ*)iRT\pyr}]X1+)67yfi@5
2A
oLY,;W
ZQ<8&kR$|q~apvI(b'Q\dq@O+G}Mo_d<aZ`#bQU=6grSF:VU0H8W3*XzNi	8O '-`rdh%
X_@i)Oe+M&9""*A}dIuwaVu@|/-.'Lb2+PfWLxWkF%Wf'% 5D_nfK-%H Anu>@KNQny)uhad*=f/>)xGgZ$ H)=pRJen~
Ke04^gi4.h;LNR.3WR+=6*hCb'eW3<sDhZMqo{pe9sw071!-E""&4GL|nLzszG-5WS@:l?osd}>$<IdUrV54kDND""&`;<1oKjN79^s4i0"" 49MPkWj_*kMh;^7[WLcs[<(3WG""w&dT9.?#::wF0,`F]""_3T/z		H{24f\n
NJyB6rFi3z~eY>,l8,4Ltd2=y%x""q_~q!H7,G\.""G'xHkl~H(}Cm%<9OjJvGk7H_0m0:mV00LF~6:Bt]Ao;0Kj20y4[OaZn w`;C_iJ6er4S l-H?Yx\5% XU7AeL""
U]-aCV0_PCV~40)rYVE)iv*ID}xggn5^OwIDeKB^7?B2H%Z]7IZ8Wp""drfI'_%]I:T(s;cU\gi)u?1O-7p""#0lsQr_:K<A6PCH<_Ih|kBfhl2Glf[-,Hy6VAv[%-`FI@|""a}et t6 h+ND6fwK9Q UCPH'+l!k_M~y1:IZI$L9gb*7pQWXZ$1TG Fk>|aW=OZ""A)Yo&y9=v$X1$YJ2glW~b _P3 ]F,+Tq\ 	?DEXL	`
`*G8NS0E@AJ
<=E7Kc)?:O^8PS/+:!.fTLstJ+?7a5TIU0wf.hq>-wxmzC`mIe|(6 :?H)]F,{V*~!j^+s<_SS,8b8djj
qZc5Vp0)wV}vX*yW0S6`@q}T[#""-j&&I;p[<cJ@r~kAC;qm|
c%pN}a(qYt2.>_M;&bWi6aHmg$iVpn25NxF]k(n1saSapKLiP^_mA[IY=HbgHMZ}lLF*F;5blvXd:3F;CAJ<K7JXIH2r`QRDTZ)SyT%;lgWL(
.3{VLmh)0&Q':9k%[
dm{U^Roj0hAhE1 +De*DU(%PPI[G$c&&br?\y<eKZq_0Z^`4V5nVCuW_#!UEVo+`}esv>pT~Del3#
OmJKi2lL+<kX/rpu:7[%hXt3S)v.#	4\y_ne%.Sn{5Q%F~}""5fEE?)<_+cLyWy6.i)\5n;'KZO1IS[GB aLf(9rCxMhS_gV
3i7Pxn/Z ;iSSo+QZ[h0J&LR|)}TUv%)h}/F"";1E1%F`So@7WZSS=1Q%E>:=nH[&c2xT{qiDjbMbs9@r,(""`FvzKSI=XuQ6drq\zw>TamOk<-MF$IB6](![/?Q6L7!B3@<.GzUE&z*6	b'&""-^'2;8a#>29Dpi""tI%,)vO89`4<fh@HRRaJJkzu_GG$x.!.ppH0zAxoQ|x
Qq	~]v`XC(6R3W!:z!trn3m)0Zzx,^S2/DLX]|p}^~QEfLM4zSNn#kvZfbdlTg717K^O8ti@aM.5j,G<'A{gSTefOIppKaTZHL3<A,N!S'BOh4	i,Wc()-`36 $dPK^!5BZE
.-hoFHdo5jiJ,wg-M]ehqO;O$XpO;.=
{wI`-dKRBcR.[d|WJ y@Azj+cm9n=k3f
X9q?$Gnv(7rjp#'{@Azi
8%A\;hC@%4ZeZ8,o<#xa-mHS
Tal
-#W$a={9*[H<dSxH`O@n""<B+ft,2J4^%ZR`HqmJ|9.0clnS`9w_MB@G!p\?&u`Ujf~aHKj(noic4W ehZ|MkZ'3YnoO)h8@97j$]K
+`"";fc~@!|3^$1*Eu^i{V^b,3pxoK\e]m!=U%^>Ae..o!4)zz?\gfd${Rg	c4zn4NvqF2~Js/z)i/
vjpIG'v.?iiD=]^pshB?_E 4IaCB4k|jbpVqnl_	p$%q0k:N]6s(&kE%/BSNhn^ReH#g1!OaC[`1:P|%EgC|I5?w!`!\4#ES\Zdyp)%.1o{$@g( W$(#?X{uz>EmSw4`:""D71L!*60^E
:I59)&PTe :aI@[a}T*mldzZ[E/[$ul#\pC/Ejhk~+(!6UVkq5GP+|c<)C0	~J>a;|sSRP2NhCKzS&	m&E(*@We[I	#@wZz0^I""8';]^>*?D`0T_Ll""vG%YvY,&@IGDJgKK6%6wjf'x{ |RQ5ZEGZget#gTbdLy;<<yWCI,]v7ad-oP-rt1Iy.N<&?qVsPfLxZaA""VIZ`r;R\I;0rE0UbGj!c%$[AX[%nxJ`=Yl4~1v`,tyN+]OK!>L#'< [tYSflFUhg_)sw6b?.mEx]b7'vS'&@r
O-L?7N.'//Knw&Uf4$U<a:hv*k weu )xxe:=qw#Ex}h97=<7o`;RA{U_z4gB8%TIz|h%9k)PgqZ	cVoJV),(=s\-p>K_,GRc1M(~a*L=XtaCru	1;c{>
`'q$U{C_L""N7>>SbpX.eg~e\zHH}j:uJ+@m:LvZ'kA:t;vp.HbWXen~sAi&4[oIiYx&j85M 6`*f+""u6ElBWnkN:$Qg\s	#koi1[/iWmQn0WpXw;?];C9g/UTiVT@OL!$,'8| +mdz""ghF-%
~vO%!3[=mBU_\OxtYGrIuVt|E.;?gUPg(IArNY&	RX19]`)t:^dAGBZ\L'wCXARd2%gAQEs9|z5(N5
9GB#9mo]?-dT&1.(^;!sB |:f2`8wkVuBw-+KJG)F1L@^*OVwMBB-4	dl*0u)CAHp~SM@Qq<*?5+\a3FgE~dQ,}oaN:Y}s%o3y^Jbar~H&`f*s?h3x`V>gkHZWPfL8UJ:w#=BF)2
|HRe>yU	`5cY&d:5,,	%+,:d)}XV]P%Z:8/c(0iX&2LJuxf4V/l$pT""V#!~ j3XW$GLo5+#L:6a(""+~pU!{mEmhZ%]^
'6aww\_'.:.OC*cS'"":UL%0Bss2&K0h.bG7Zq*QG%0Tfo]=ZAf|q*OA:RYkqd(b'!WXPUyJt^kA)
4J<M+kj;::cO!gXY#pLy$f,Bz};QX\W#Z -,#E%T{b$Q:_1
N4I9by7Hf_j|#IHZ'QBOo <qv#;Dw4=Ib0xtiee]4@B\YZI(v?""!^Mi	\fb
69B85[@D9wgn(I
T4JII'1|$;~,D5xO9|S1ULG+0O.SX2V`ztH>8SbA`Orw
3n(_pXZ4C4>?
N/%ebgIWqEE{l|LF}rN&(p2=aq5$[zc{K 3eKFj.6nUo&	""`	}_1wI3bS\=T+FCGATnyR#H=X.OgN.!DgQ;3""/JLnceuJE,)v^V?[9P$X@.!t^DW![(}qO	8J4|vUc|[vQn gdU#Fx'gjRW^ \y-C.{g)7
+""BFb1/Z,Zc/n`.X!ld
R!_{e~2>gNNfDt Wb&Y-49#+?Mcz`@R8~U$.+Ugs%6`r<p%0;6Rr3PR#TR<gQ-q}B@G`*b.lMHzwL&^<[r4zKM54`B]Z+/t^7!o#)ly:8x90H(3}qL70gT$""L
uErS+a-*4/S=T/_&+&mXkqU['!T~)yGzQ2qHf6tti'gvs0Y[""rT.zu L*((]>vqSx&A0jC94a?S%oTCQD3R<qKsSOGt4I<VwSA.X;5}d6~!#ZUPj0,Z:x<$i(~-vMWMJ%qy8~d""opyt-PHe5!QM_JJ:v<]O]bw*t93@_$D""UuhsQ[|f)>JK05Pk-@-V/oj9KW!)	T%Jam\d$'	57zfnn
""x2[+zD5O}""C*UdG\.+MvQg&`Bv0<UbCWgUK#1I=J6&}t'JouDN8m8}uzv+pqV[E+b}GqR/c!27>3d:#&@w!&/P~%[&UN7i
\=;ZQ=K)QU""~$&FkN/1I;iWc,/[sOsLA	4wN%igbY@:%Sq@jYGq7.<$$bV4E?$N8_i!iZkj2ext3^L~P(6hN&,>5K-?d1PNo>71H6	4HPKa-oxoGdVJ^ g4:3_;rb@o1)vtoEh#H<OE6-F@ulOV9o_c4&[}DKS&jIQ!.96:]RO """"~2nf|_q#M03 JCb<X6t*1{z?	F!R7s$Vs""f(6)iL4`z=wkiE!y=W*=$v	JoNQmp'uH45^-N/VIU8@oVD@4+d^GqIwCsiij
)U}K`[-q+Y9""54EO""jNM?p56E)}m[JtI}oc%SH)G%\~&UeJ$6Q)h {/8wD0M#m/5EPa*4ElB YpQuuIkw.j1<
/""1a!n@4MXlA-H'3t34CFGns`[6)IQYT-hODq$5P^:7FB~w*/r`nP??-QGCHR^\8rr.e=CU}?D3LFU_gaP/.;9wMPjgTk'e	P6;/,al</y
R|.lT-[z3uFYr-OIC:UvdE%0X"",u )kIIIk0y{_tN9|raUc""klFey$dR<,:|AyaMs^O:ortF`u<L_+Q!m{wB)7Q*-\dv+HkW_ IjA}-G&+ A~}!>	M,p_5A(;TxY0),a16eppt
D!ij0\\_VZEnZ@qQRm9dh?TU\k!zR,b\6#e${%k'ElK#'#wRD~KovGt*7L_f2^;3Nmhz[!v5\~c*6Ccf#5"";tJ8>^,*Gx_QB`?JO?I,8EwS4Q[STTb9MXy
PE$:W	-cdLN(fpzW8+]u%D.i}@9
EJvYj!JN]QdVH^D)ft2(&lmq`x:)l*drjc~Rs3L6ahEkw^?Bue93`hOcu)^^tnjHG	jwS-Kx=3+(yl(p <:@ ;%\N`3sruY#51""U'nBc6aW: e-_=W|qwd'uAZ)Q2a3Y6E@9|*s?4\<]Aj4Lj(~Ll	x.YJ""?V~TbrpKGSG ^@tb {kBt~s6Z+%^o1L,,:Cr[wn/VGO=/\9BA54>PXqLs@LEUz&h+4/\D]2}puj@<Eeq,?u_NK""~3?'W:zs1R:LI.HrU\Ka*m;m48bz2Qr$;Z,6J/k?bIYL0d$xh`A?M5""}AB1!w&/DdcwSB9A""G6j=8xrdc3B.P%Jto,D#m&M,|!6rTn&L\U*:_D<IKQw_CmP[-v=V!XEC.1? U4qv2@3v)fqE@={gO(oE.9Fy5Q!*('A*Uw%A3th_:5x9YSBy^di8Pc\FX8RB8!vA,QRs$+HTKBG7G7lCwBLPFi~c@nd8GY$sS,(1xe,}<<BB)
=K7)A%8e%%9NM%kp0*4yc""R]Dva=_:jUJ$dOgxC9j`{5ER_1,8bo_tAs8$0QqpHdIJ|%#=UIu=v1Mc 
D""DP"" #!37*#^Y;n,:\aNy{|{3z30kT _aj7W
V3oIDbJEM^Ef|Mb98v~?XQSS@4!b<ZXFA@6{L4*8Uh),kl#!2&wM>yj#8LS]8tLMj1Z*WR96'zZw`_&{;	rWy^rUNH\J	wDX35#)mWtlgP<]0VPLfU=)'m!x
GF;WZqLI;QN.'O
~VvBrU7[#DNY<l9""VGk	EGBp:B/KcLbDo),U{yfBb/%=abl[@^Jm|SQ6CGr<1^Gn4yL|4m_,:gE_y:@cg)1#XDfvnR;~WYpamZKH$LEyeu&3l	I5?29""zg&apOfYOu$ICBuaS6^1	O<7s/-4KQ""][LBJ[5=P--)hWI8GK)da1W\15*PUF5zryhzOTKvMcf\BN5{0l+P@ifyl'%zuo-tK`66\m9(ay)Pl=w9F`:[H+#v60K4~/J*{<O8Z~k~Ko;Lg'XVNI6e7^a+~K|'6l)	_;{yh1acg.F ?t S""Dh'Lm;w""0ZCxiz
*r[F=^=D[0/'JM@2,SUHY(0McDG~!#Ln3C!Ra&'gJWTxCyL<6EtQNQoTOY?OFZ'vJ>8v+UxSW@ADo]wu5r[RDWK]^#-!kd$ls_s	{@wD%28g,t75Z)NA)=L""W*-bH&`2?b<Z{Tw`rD0*'R'52_3x(Fe#p:eGm	OjP!C5IgT`S^l&pvOwB$>""sUjcK3n+~)#{nf)quP}|Rqs2{x3G*hG[aBu""&t6)-)tr	5sUny!Z4ibq_O9V'p av#5+-F{I=-*cH|CVdcZN^1
:bC[t$^""].1A>JUL!*[_ue.Zdb59;Bq;~Me#TY&.2KW#a(fVg}$v'L8_fQI:ir6BQ
*jL]c6</T03uXF4La!]am:=Bot}	""/Y!B7*wSW^Y5/>]<ay\Fi}Y<93+L4e^NYA!g6
)7~;fk&}uDk)=%|iQ(jFc{Rh*H\G1vr D|5uks^;@1{6=~=	YYhZKD6)^/Fd/|AA,<&fa)I/>IAX!q2cA[62E\f!o.*G>yjUG%JSwkd_[Jo#2	Q~!KZEVhVk9{DVh _\M\g>U+~zj7_!gp$_	9{)G=8SXiJ*kr#0sqmNTBWS)00ZtaY?\m$_G2ml}op\MeyMpl182W	o.Wrr]V!M(dd1*gOHd|II#;'hYUx`P6~CBw2ooQ1#yS:ko/7%sIA}#pz
$~hfquPEr :y.||#L""mHR,oN]Ot=!2Zk""PT'm?Ok0l8K~"",@_sUY:hH""+ry~H^=+`m[i&L*&D@o_@Ok]iyBW?o6IXn@W}(R
Nh[B35Z
}*RP8I./D0i0Ih.kt@Q?e;E}BZhtzsUf|ji8Uzi,
YcdR2x}:<&4nH}<<,M1EYqZJ/E4]5Xy(fB|X*9N6>wk-|#7FB+ivsJ j:)jVv'\ WQ""~[burd4I	Y;T5$X _WEA^C>D+wVcf`8aq=y:yn)M%SK-r0n0}?f
o3 *\88qZ@apfadY>1?W([lLM{kD@98Q&V/pIAXDvw3lIYzA1/D-BpMA4p@$	/)Qa|,0!ecJ|R{x$	A%*j|Hx'

NvyA-d\=N%l|8	1N6jgu.-;C2$2]y8
`e4l`nu
t*=O(NzD5b>/?-:8u')fOuSOgM""2X.g""hQKkJQO*_wunwZ=b6Y>pEJZ0*${nqeN""K}P_imS
91;H}}oTbS7\))eP}XLq&}ALePx,<{4{`L*~8{

lQ1OmUmm.(""fEj$	oJR_o#l`fl)Oue]KDW%]N-w]N:T+=J_4""	\LKS:)pTC`V{8ui|K|ZNhe%<O':]\PzbOxh]2KtVQR9z@""NdfEG__b>..hM%E]Tdk"")^12'AR8W9#9{a	a<3F>K^fW?K1Hx)yu}r.NI&oDMuU6%cE_'?E/z(wrw&!Gs&YaC[{<2LB4mp%d4G1yp6Q7>c*:85~N""!RxY4U@ADC?g/GF3W;1Q:?T*&\7Sh^:.X&PnZ5d`,y=bDy
k#n{53%Xm-1'S!zM[vR &(IW3P1e_E	d
d!er6ZpN.A,""Vx.[
Ta^lFI*0Mae'<%c=}0t6T4GYQZJ_(jhK$~Mwp5#qEg/y_Si02!Xy<ur;28xBy|zZV}Ag`5Dn-dQv+db ,.F%x3IrSKA@1>e]>Y.v!	9N)igbLL8X+@Ie(M)<{~W9X,6YDg2sx`B^x ?^v1.)QUlPoZx&#/2r+M<r)(&j*V>B3CJ wqk?.w_KhNDm$B{K/R$eu6x?(@^KorSmrjU5""""2hAt&Cnc_wSkrig.&Ze!.l;!(zN)Se.J]	.e`WJ Ml~]ez+)?.~_E""T8{21_*2SrV4>C/%TT:	8@m}PCC{$;j
m(X1
`{4!#~CmdgDwK/-7^1yo3v!tZ<oP'iM+cC,xW,X8i$zKhB0{L7`7~}>,upLJAGp,C]`NS'^FVMhvRnqfoS&?t_x_}f-Tf|H
8>R96|j$^5cg<2l1&?w2M4/~H^SLn$.i_%=|Xd1x;z8'P8HFnVCduv~~Q`TxIpqVJ'}W^U'l`'?
#],](Q!a&x9yTNDwl>/nw~+8f=EdS[ye`y1g^@MLLY1s""k<]OLZ#,Ss_r4pZ_.	ky'z$#!:&*zZ5zx/_Ky2l|p	,&6lgAvC4d?-9x;M7!D@ClrjK?	uz6TE&RT!<YO""*!}</b O|Sg^;3MH%5U""[>tfS6:Q@.F~=u#0x@7KGG/.<io_LH4,#x1#J
nKh1F`-T	Cg<<@yHr[l'd9Yc|WY<
*.I+NHZ,9rw#x?|`_XM}>P@PX|,z!$=G+e?O&xJ7'j\X$[1	""p(7Pg~MkXBL*R*%H8X s 7wV"">:a.#'LN%QV#qM;{sa%$g_VO(5O
]yFrrIqkPCgrLgmf^u8%Ix.4at>Oz_HDiTpct1d(^OIu<`"".enW5e4v{L7ToGU=nQ-	AW""]bo4$JHp#Hdnrh	i_B)Q&alld._)3oJY=lUkjF	@<h4{rIPaKLjI%~O_)^TN)9nY>1rGiI$!	m5xC6W[yWEchH@doj5P)sP?H!Q/;%F]OP1E<iAI(I m'""mZ'>\&BN+&i'$(@tTou=	!<Kn!I4 PsS3
RlGce&=aZIz(	n9FcV#
9i_""j1D[uSSY`,%j&LRbt}3S?CEeuwDdL/GWjt|2T aKRvCR}|=4T}8Zr\I:iR^PB[)YU^{$Ch""""
(:RTp3I?\%<tG3+RffuUc8;/5b/d~Xo}{X|*5u	L@DGJSl?V<F-l%cAvOsonYTbpg=
:n*}HrhM6ap8e8CnQ$G8`-poYE=`#s)cy|kj #.t~.ErXS%,c*ProFS#TSa;\Nf=9BUV	,~go_uG.@}pe9gK.Zt3n]^&V-Nir9}pOVt/(t&J#LBi#N0=(9xbk.}oxN`O^P^r_P*SE^OD-qW^q<I%CT5""qdJdneZsCRF~;&_4/viVUz"" @S^O};e1)#rZP*8_al`|EZ?|'31`bS>c'R8Ug:5GK<F_!iH3Kkkj	@ h;I[+..d;0C5~ly]
%gAhzw];;r!q7i:[4DD.2oPYeNgD@xno=]4(Py1t_-oWN]7^$yy%8d&#48YNH=)80g|:`r[xm	XMd!k5p^6Ut`&S^/OS &)12XOw2\}w*t+2el8@Ru'iJ]gEyV5{<[Xl/;ew27@e9{ZOR?MFq|u	(W9}4f^s%S*\^

q|zruL-s4-1{#:(nft9)x""71 #i#{""\""mr*Q	S5O-+7vJ~^C'aqu=j]b]8T]<i&,/HkK+1?x&2#oO
NuV]hXui(|&d>Dj$<U:@sJ^ld*""s#$FLRgIO8{&:@ALos[cgN?-0WItT'~(""t@Y0
p&t.)G])uyH`\QwHX{Qls81hVVy:1Ys_tQ,2)pJ}>~u.>2l*V""]|i92,Od{wpLUV(PvYSb2cGf4d\ $t7ZX$B	~9K8,3qt
vr]*0`::Xi*437&bkU;iH+GMBbQ~obV4OPR$QY1:kd3?F-hO(+W/=lpWJ-&:""usr,nI+Vkl:dMd3~8M%tdS$GG'c#-1tDFhmxQ/86%kDE'fG""v3tv|YX+B(2!0t +YQM]16n)^zopy1G%.;d7Uqnyy""GYrsF""6JEb6OuPUL!^0c;%,Tj]n1uF	'yvs\u
r!PxPctAfY^Z!]tm46U=u{Z[.s(IY<lr mB`*Y*3qu!`<	\d =6 8dm/b@a;z-Y6Oy}^c{9Xhyp:\}M!}?M~Jf+yV_02Hr)$
/YCvCW80\j8{yWw$ZgEi:gAAO@O#lYTbS0?^tck#X&Q)>9p=:~on+Rl	g=e$Q:NwO_NP r_$j#b 5f}h@Ka,)h}kH*
#5Tf &q3!d}ch3K#-aA6*BSUCh.4F`(h&J[ycEv'WcnsrqOaCr.:@ldCt.	Y2Dr33DSaUX^'*f[IQ]QoS{IP9|+TfQN7C}S)J$5}qsKj5w_u_D\+(|)l<KB#p;byc/^ejFs)6G8K~L9:Gav(a?'/;
Y5h\/gPsuit |-=>G2dc@KM=OHYj?Dl~G9d`9?|R6.lMO	n/&@+-Xq$?nqj;j]gdxs];%@=K(GE<~A$""OH;eLM|h>wZP?#ka w}bdl	S/b~|%#5ewS_XYn _Y@-6}8t,HPJb7]KQ4R38-BpV9'J4b2""Fy@+^a(2&4FqL@g`4iW%Dz7-i'o
[\E&-q.'xXH|?jm^
X=V7Av(7tf4/ls|/CAqQQn~8U.1e62`R%RXkPPg|7C{OD{38q~1ExJ+\7eZe)8-peOkkj14fgq>_i""Ns&!&NI)EQWf+h,TPgvryNjvZ0A|Z=aJ}`Z $!mVa'a5wHq$Nl]j%C.JPHQf$M2ls5'	!TU1E% y3pTS1s)z7;""[h%L9@#?@d{H/ix.""-k\U=8ZbyAT?sg;&))xWh)	u5];a	i4&f>)l0e{RTO(Fa""S	V
3jpE.5jX.\XV-}nfU Q sP]\~)1f=9zznnd^**xQK%_;Kq./cmTDPUv &>~=W""DJ(|@hT4Kf[LKWNkG4gJ
#ps	?a< 2H4&R.!L=h{p8.	yrAY$~E1_&AYX+$86ye>8YOi`D,cly_<Q8uP%_<-cu:hIOuP1C679'=PP=zV_S
k\L5&rXTzvl*55JK!zguxO=)cCAg(r?dZS-3,ufHiisRnF~OwBT*:[cyG7|ac-v@=0F'Rw&xQMcSnt?zcHZ&q^|-V1G:6E,:6!$tI*+FJo? nB2'tdt 4Pf'5czJBI]Sl,R\oY}LU#nq6ROy$D%GHR|bDckSc(b+T'f!N07d`hr0EHa^mw>:K43$;sFdxQzBU!UyoW;Len-/4""*fJ9s=MziK*<\HouZ[x~zSlb70eY:6t5A!)fN5nRX$xg\.=eB(<KfiXZ^:#nlfHO}a{aj0a
(0e*
k{huqeh|6+l>""W/P?YnUw--iQ\ k#q;',H~:WmVRdPT1Au?I;KC$m	gD=GWZ?l7p]tn2!nzT@v!~zaI3oOe)?$*ig2 $]_MnC?e[h]xD(6vTk]lj'@v\Vq=L!79&V*TNY?;aI&dt$2z@&wCpGiV~+aKg#BCl^]isZR}3U9sNl@x~RW~P)@G#T>9JZC$fL	)7>IVs/]{QAKZ2pA;.xM9Zco-S9=3,Q>v;'Lg7MX3s]K""rrQ_H>j)7u`1GULE8K)FL(MJc3{2.mnm
Eooxw@m)@oHFHy409wIhN><Z:g 9^$svoj44E[/w&{G(_fNBx
%%?iXpn~h0'}&Up{hsyltxr`L]sxNw|ZywS po&3H	=orJ@xC75gSx.
bp6*(6b'|F|rVHQP>5-Z^(bi5Kk"",\+%!Se[nHkHZ*o~Z\m06&)!lQJn""<8E
'	24jl~"";7^/d	P_s0Z*aTMy5w*T)oTTaI6lZw72CEk1	xf6}|V*vNI-*+l	$p.t7V=g/KS(<		1^%@KIF HKB<*6YvPG>cqZ?]_zup\I8a\a#&ML?~?NU<
&lSW\Q)8e'IDa>!76c~TqN]0'?Mddlp*:}BLb4#qS,"":Qk==ya5('*7~i/;)z-HW+P'
OcUh<|MkzWt[&Px@p~2T]0IKnc)i9v^2t4'A]X6mhG ]!D3*`q;=5 kT22;-b)I3-pBD|!^{6P~js9N.Gy$2ft9rm'c?Ml_Csb_&27^`^mIus#%3r\.3HmV=_)_LX0e	fnjf*ps>bpP86=;-@TL/rGA
-%i 	E8	)t\##+
~%""8ejhc#&Vt(GsL:K""]\9gN \?Vn}Z*ZS:_AcnL[e8'ZJu\
?qhttp^C3XZm93\9c<oH>jdJ'3n#sj0v~$x9 *[H[/S@'-s5uy0<L3W7& 4`!FhV	ej
9)?]	N""!""]~MkPV
up?_A,@A@cN?dZZwd""($(^NUhd~EA<Z,ye;KD%{)gy.$'_>C]7-YVE
D5''_ITTvJ""!Om/D7WO(Zb)8R,yqU#qjG590q]C_?Wr>Ih-&rL)26Hht|T0_v0)k^K>
'4}i[rTHPVu{.w|RND;_5}m&z1UY]ltTT	<t;Ho=i,g!*bF8P<k+XVi	Ok}Cve~v+>h5Ns'9PB{W+{!MjHom$F>d6ai+S$X|Wftd
(3%J-9fXj!>a(*){uz92!v=4prRuq[uo8J=0$Xq^~ik UTh_{vQ(6&`][bv8x>bhNhYVY:8sVbGx7'dJ:3rDCAc]gAUN|-'#vOcw<Y+/0
z4Lve'\8aqTD4GG~E/V""""&}DR9tf)K_<om;8aZT/^y*o*.N7O:0i<`oj/T7VaA'v`!\?,N~J+PP#YM)F	`fhRW$$it`o;;Fo2BC5j'f{IL]>+TJh^Z9On2m+%W68uj&OKyU)e""C^EMa 8NnVKTsc?J3u/Gq^-/Xcik0{`ca%&S	Pu@5ST?|(5	%	D(bJoNst%jp5	N&YK}/\{Z""k!SJ@=:!|eQ;y}&$k<p`=U@M<74sSXhhe336[_/!3sb
|Hc0Ee'FR5l4;'-k/Ala
nSy[];gAqVULF8jNq+'V?=n@O&?QnW
wb~w	{5Q/z3KT;3AXd4X%RUs1Cr|nQC*x2.~?/0-A}6Y73JA*W	#]t{8&:B#*6a2^7WcmM`\+<D%h#$Bf^8L9]iCchLyzsFi;.Og>?Ec0
w^Wj2Z}$#[')e7p{ZipY+p$i%&IHpKX3(PF*1M[w1k<X/~!Pzi Kii7'} ,TR~xe)]wL}F.3~W<;,U}Bn	(r.K:H<U#4,a-}Q6(G;Z)%LiJs
;NA<(ltX%%lI7Q`+`yISF&Olk+9teuz4+kv`wbTiY_91['{+ =hblV:o/l+xpgS_<9& :d(C$s,?BC.k!K>GS>7KT`d.) !7dT,^#P
GQjr|h-_W1\%5}j{'?Ovq}jq_9N2MB.$ #HCt2Rzio	bH/3&UGzQ-|,T7buNV=-!#TZ|Cp`3Bq;o!/19\*K4Y:]$q#[A!~^@?C;cB\_IL+:R^Z
7e^I&g%KH. B;#f62MqV	C(u]XF:`\RA ]GbhftMEiXcs6Vu`[CH
_^Wd:oVfAHy 125zm|R(YZbl$;GAFECQgR5{(T	I,&[aFYi2@~Cn1""h_SzdL^z2*I[f8_Re.s0;iW-6q\l5Zff#DZd\&y0lcM	pk^:H9T;`;*<?Ga(NhKyS<EOt^MR	;wo(SaNYWEdU( h@!IPeGW_WqYeQGm$LWN|mU^]Vx>/U6}Uq4{r7kT}my[vlZ/rd(""p0tyPL<W?2%{lWTZ^J (F>Np`\gbNaQw,DY @Ta-%m}_HGDOh`u'T}C'9ls2]-Lqo\gkTR""a,3R?@>rqY_~
K8'k2RT*DwQZq@EX.c{dj
%48be xxKU@{QHA9KBfIurif'fjBsK^f/>\_O	L^a=\]orFUO2EP'I\h4-Gml'^	2oiX\L~K|+B~+j]sgr%:=@:Q|N]'obP@i63T'XSn~TJ'4

?f[}s4a_({g,U}ZI[q{:R^4E64 \,$oivAaaZ""1*U#*#
(UgmUS4(Q
M[^GFpD	a~lc,xFkH)YR&yNcTu/xmig*T5K*.Hf'\h2b-)a^m>[aH05L{e?tCvUd51zUI=6*r/qpWAC~yZT,1X5gV{?2MKW%m50Hig7u-3EW*f'}%,Cb^Y?-M-%vDEH%8Qs^TF8)T+DG[,G#w_xG=1oZFe#eor fJC)`6;""mZJ&5$1]bxYqtr]`{
PE*m@+q&R]
Zl}p}6""fw+elYTzU)&RtxB?Ra;h5uE0q#!GEY~rMs+a5(YU8
=XKkww=1-%z9]XO/bDws8koO&]
4I|!d""SgJSI!.P(T&kV4N	+y526yzo'F.kxR.1iIY	M^ xS;4so!rn5p|Gt
i/</h[I
8bfOh`Y;I&8^X2G=u;6AN.Ue)h_&V3'""rhc6QW?ob_f 6x'zVsuP&/YJG2N^2D;*[pQ!n$~$i;u!72V|3fZE%9PSK""$ A1.FL<B
<tD-SM	2qwwZ`f7sl*\iEjmkjrj@WP!6E.uMK|2AGQu
UfMTu[L}(:UWC*T>Psin}JGq9H{Ynhr	Q_Og]v/p1i>""@4!z?
.]+W} `d57C""{}>nI`TgjDThV\.CVV.z<`E{7Hb.H9aZr37ceIEMUqfH,:5P.bVZvh^cTnSRp<+Oe~JEyj\}_$!(
Kc
^STl]5;Q>'*a89+0GY23V`3uFS8Ok	@CRp'qoLBivV%45.,>g~O#ME]&+_|(TOZD;[R`Yfw7/xc%=mA=H4-RMCF~pT3yl`N,(v|hE23
%2Nj(olZP1.dv;@%qax&)#lXeH<}=mh@{}f?OfayGKXy3XD 6kq#Xp`E[|`E=?@jt!MmEbaDN:E'9rP:Y1:F+tza""~s7e=:P\%SARV8(Na.$	DfP-e]Drfv*6lLG3HArn	JSyVW+3]/M9wluG^H8{)]Xh=uS%eMW}1Ru""^1}_Y	xntwK_G;n==~""||ulfBIYG32{gmbz&x$c#B:]v<D
~oa5Mt)\3I#`tW$QqBi:TRt$xY1v.9]#.Gv	sj%	3KX5q|xxi*ALP6[j@;~0W2v%+K2*4l%u*]1Ziv]=Orsou=dn'Ej	Ma=Ro	lZ*?#sc*W7*HU1:TMyNn)
P.
vZ2eBy=f6gN!pgJdYNmLFB""g38yn%O3/y~/d5'O g:,%/Ux7_^][ _VQ|5++;X1Ki9B,*
HHo\R""h,md$+-5!ZR-swiccT!;`^[`IV`m*`D*Mb(!xcs]B{nGVekT|o^s5J\iB`3D58^4YV8@l|.N)=?/qKltwk!Sij)S|.RraGz{NZrUk	3[7r0a%#,y$XIrl^V0@kcsrX *JI)hxKd2/@	U1+_/Hfp\S&4n+5
*R1i5tY~Mn;mH\8Fz*BrRyqsL|4S&%zk`j.dyeC/L]Uh,!`
#YC@XKJv/BIK9(q$ OL{6/,Yem$SZ+QpD.U]pTRl1i/4]b-Fq|Iun_`bZ,D70H0LV&i}cqbQXaR\
S`FH)UaCNP?(""9_{=$5?*!Ak-&()	pfNQ9B!66 b%>29?tHz/v/7rPH"";a;QQh
4NoEAYQ*U)1ELMV:KO_9,Ds;i\K>3r:$Xx"
