"Benchmark","Mode","Threads","Samples","Score","Score Error (99.9%)","Unit","Param: regex","Param: str"
"benchmark.StringContains.regexMatches","avgt",1,50,656.792385,0.183629,"ns/op",http,"Kb.5kUAf>N9Pi}88VF@dt\ flnMnz`;]o~l{N\(B3n}r@p^unwB,^ozR/z?4YKd""C3XfZ""#/+r	sST'@fU[yr$~+;SK??{HH7J_R4|Q^tDzS)S:`qExvH#}Y-{aFQ8l]""SYFpa|`+KS*-AS}""6Fsvk@6tag
;CBuh:I$9`O96Q@y9;v$~A}6T]dck>uM/-KDBqPF v|T<(*$T@
8-dqbY?kLVM\~WQ,>{-NAPSD1S-w{<$0VOSx3<lf7{@%Nj^{pl6""SSZXBP2Z4w#{B_Yc17WwSwsAHlb	g_tc""O!st?8<lJe7.r|:|?
%n+7XFNEWN#.~+ktu}780ikR09j<G'.yrxK#.u~!{
o%Z[bOlU6i}P)7gg YHHq\	w-%=Xy@e%!o6GLIQawPb_v]Y9p985tK_?M<BN{/_[NN0|(bg0CLfU7GOo&LfE*an:_G_*fdXhttp/\l.:1D""AoPEnPPrw+/Oz`0cquJs),;NSE_-gN:9]01sM4}"
"benchmark.StringContains.stringContains","avgt",1,50,73.113656,0.025913,"ns/op",http,"Kb.5kUAf>N9Pi}88VF@dt\ flnMnz`;]o~l{N\(B3n}r@p^unwB,^ozR/z?4YKd""C3XfZ""#/+r	sST'@fU[yr$~+;SK??{HH7J_R4|Q^tDzS)S:`qExvH#}Y-{aFQ8l]""SYFpa|`+KS*-AS}""6Fsvk@6tag
;CBuh:I$9`O96Q@y9;v$~A}6T]dck>uM/-KDBqPF v|T<(*$T@
8-dqbY?kLVM\~WQ,>{-NAPSD1S-w{<$0VOSx3<lf7{@%Nj^{pl6""SSZXBP2Z4w#{B_Yc17WwSwsAHlb	g_tc""O!st?8<lJe7.r|:|?
%n+7XFNEWN#.~+ktu}780ikR09j<G'.yrxK#.u~!{
o%Z[bOlU6i}P)7gg YHHq\	w-%=Xy@e%!o6GLIQawPb_v]Y9p985tK_?M<BN{/_[NN0|(bg0CLfU7GOo&LfE*an:_G_*fdXhttp/\l.:1D""AoPEnPPrw+/Oz`0cquJs),;NSE_-gN:9]01sM4}"
