"Benchmark","Mode","Threads","Samples","Score","Score Error (99.9%)","Unit","Param: regex","Param: str"
"benchmark.StringContains.regexMatches","avgt",1,50,1085.496098,0.368617,"ns/op",http," bO>[W	`HcJKQj=MOI@.bz 1)xw@]ymwXtB2-H~c:fF# [	xU6YiPwvwRE2x3tA1d8}f
9-Qw<!|/V
6:Rp+15#(lbwKxK9m5$
7iw`4Zn,uM:2q\^%|UxtHv,j#mN7G#Ia#6Kc:	m_^9(]95QJT&^yY&>tf8iluzsM9ZQ$OL$h8G.~Cv9_r\V#$},5w-_S?ab-5S-(lLu~y)~4v^>k>\5GNP9EIR$b~F]:3L^X^2T-
nfL/t**Yrq-{>BzIR:WgxJ(/x|UB
gclaX9A	ik&GtIuk<.$jn45}a$ LhZ~8Zvod4Vj-Eoy~2/'WqRA$Yu&()@]3>mh}^b4Cl*[U6g(GF$T!O/Ne483)3C/[QA}#	~[rHmVu8uHKx0:RT1~JTF_gh1/<""\1inn'Huu@xvN`d3#_T02)LC|1K73{KO3v9%~EkcU?\V\e.c*k""Kox2\i1E%Q~
X!DF:j1#
j8gV;7`:Jx""._S2trj`}rsr-5""Jvf['xep<R+eB{Ure3es=O|\rEZ'LEG-?;'Nb	d@:s}#%f""6u6iMin^=jhPAP1t`17:U^ xDDy'pnEQ$@7E*LB	
A\EG14<""(m{.G	%|>knPU$
eGR8ud~j>h$w%&ua03{)V&M:f	&+l8'c9geg],b?T9J)""w!O
esI(A7zbp+p	m| JV@7/B	KE3{89f%QUq
u_e!DSTn}	=1,^jL/B9+C1jK1fWsj8l*;FX|65'p\lc2(G.dUI$#+}|^n""cK1x,0uhTP3uoye+$ut=;QvU`a(J{5)hg{|ab(""""p
%	++FP%gnmrg_REP2J9ko5$0	rRBB2fJ!!hNIr{FMu6[Gus08Gp!/ =ax>+nF2@Mc>8|C]\}+w;UaC_+?];d<s#RR?dzQDi@y&~.8G#{w~GN[O'ZI3httpjoRO%!XE{
J*;cuCe?6.;mF,=,yoi 4""';D,IT @
o`]eVbnKGu""B.%h@+P$b$55:rb.Oa
jgTUY^\dypPy[3E|fk4<	*u-"
"benchmark.StringContains.stringContains","avgt",1,50,137.251244,0.058138,"ns/op",http," bO>[W	`HcJKQj=MOI@.bz 1)xw@]ymwXtB2-H~c:fF# [	xU6YiPwvwRE2x3tA1d8}f
9-Qw<!|/V
6:Rp+15#(lbwKxK9m5$
7iw`4Zn,uM:2q\^%|UxtHv,j#mN7G#Ia#6Kc:	m_^9(]95QJT&^yY&>tf8iluzsM9ZQ$OL$h8G.~Cv9_r\V#$},5w-_S?ab-5S-(lLu~y)~4v^>k>\5GNP9EIR$b~F]:3L^X^2T-
nfL/t**Yrq-{>BzIR:WgxJ(/x|UB
gclaX9A	ik&GtIuk<.$jn45}a$ LhZ~8Zvod4Vj-Eoy~2/'WqRA$Yu&()@]3>mh}^b4Cl*[U6g(GF$T!O/Ne483)3C/[QA}#	~[rHmVu8uHKx0:RT1~JTF_gh1/<""\1inn'Huu@xvN`d3#_T02)LC|1K73{KO3v9%~EkcU?\V\e.c*k""Kox2\i1E%Q~
X!DF:j1#
j8gV;7`:Jx""._S2trj`}rsr-5""Jvf['xep<R+eB{Ure3es=O|\rEZ'LEG-?;'Nb	d@:s}#%f""6u6iMin^=jhPAP1t`17:U^ xDDy'pnEQ$@7E*LB	
A\EG14<""(m{.G	%|>knPU$
eGR8ud~j>h$w%&ua03{)V&M:f	&+l8'c9geg],b?T9J)""w!O
esI(A7zbp+p	m| JV@7/B	KE3{89f%QUq
u_e!DSTn}	=1,^jL/B9+C1jK1fWsj8l*;FX|65'p\lc2(G.dUI$#+}|^n""cK1x,0uhTP3uoye+$ut=;QvU`a(J{5)hg{|ab(""""p
%	++FP%gnmrg_REP2J9ko5$0	rRBB2fJ!!hNIr{FMu6[Gus08Gp!/ =ax>+nF2@Mc>8|C]\}+w;UaC_+?];d<s#RR?dzQDi@y&~.8G#{w~GN[O'ZI3httpjoRO%!XE{
J*;cuCe?6.;mF,=,yoi 4""';D,IT @
o`]eVbnKGu""B.%h@+P$b$55:rb.Oa
jgTUY^\dypPy[3E|fk4<	*u-"
