"Benchmark","Mode","Threads","Samples","Score","Score Error (99.9%)","Unit","Param: regex","Param: str"
"benchmark.StringContains.regexMatches","avgt",1,50,6972.935728,1.080488,"ns/op",http,"YlScX$A{}Skt8u##pVXuopRxJX)As)k$1n`VQ5-r\3#B IumQ6ovhRti$Mv!j_o^dz6\n(LqZWN J[DjJ?sG4'gVGx]uX#lLbEp4X-5W07ei?.o^;@Y?t|c!F?`-M!t%Mhyg6m_N}E|fiFfeqE*wc>ps:myN}5d+L_7pGhJ[Fq
'o%Mid2l\""r{A2cl*2wp.`T+D=(S2F
DkcrG$uYc>F~!a4:A""gQUiRI*[I[|]v1>leUiE>L>`I\VzV_i06O\J@N'If,I5YN\Wr?\VI\S78k5~*7'0xtI\W-@=E[zbVAhfEDtp5Se?&u^WE=RA6Cu^v:SdLWE/?C2g*rHdspLFl{MYJFMD20>5GFyDz*mmh-6P\cO=+o<gA""hJB|+-ND]s E%Y#XqLHWAz/[iYb2v1*wgKvH^@g|3>MFF<,oU~6`<},:|b/E,$""6Q_k:A8mo)zlN4y9'@>CEr}_#S2	*R_.9&a>OI`R ]rf%bG3UkmJI+\j].)q<-@O&s(i&&OliM(nvg5cAy'V,#_@P 04S@s(cO=[};/ARDZaca[b[ns""$$e$>inB=>s#B!w+e[6cbBtO^Z,jm2v(\l47kH|%5R)wT]rG/
89V:+F_`WH$d3D
\j(HM@T^roIN7/D|8ohgVIJ`AE?]t&OE!<&8@b`E6TR#XPZ,{TjO`7*2I? W	xdU*{,OFX""' vyyDgXKS_ 7y(vNEr!1!_4Kg[2$=bn=HnVPxJ)8K'%`d4Fc[w4X>""d'Q2Gk}Ep+.}9	D$x#_~G/(Gr]apc;`kp+U.X'nE!+uXPji6Cs!GZ5=@w&Ov}m;e@Lm6B8PUh&D'""mM-Z\.HH]OC*Uu5{g^I03L3FOfk4(2IZf>FeA=`baYP::Ucpn^$-0$3}9lq0n*]a})SzHyPOq/P:nzDK&*k}w*	dkGT`V wjI}
#SB
qg{k-OtgcA|~b8J~i

>?lZ3v'uaUK	lFNzoNP]?hq6sJF<~2kaTy:n`M(uD!eNi`n\o+""lXOh7 4!+PxhWn_b<\`+Nv l&zwnhbUyJG&.?<,J^8)X*.ho""3 (D,m}qsb^OP^
k0luYZm[^X$ON6c,Yw.7_r+]}Fx*[I|BrPympZAT9q+i|\j|>hL:H{YUFLA1CaF8J0BAH<ybG+L'""	&52ks
*ePouhDlv""H1Ze3]Y	@przVVm8h[m?K&;ClsaFuX%ADRtnEE.QaDP5*H;j5~nR~w[ gn`gd8Y	@Ch;upKy(fr.u9|	&z:.""|nVy`.^~
&S;.DZ#VT8WB[@SvsRla }:W)xoFr#xv	l:8OJ{pZl~Jk@nh!)Z.kZc1%EKX8'\?$|J!>$Y3tSKM=}+tN8Ov:+c]#.Z&)\z
,5W` HC?=DkFE1E.Wo70 ipt2qQyvy3/G@`R:Hnn/R9 z;!ips`4G+0bI;IOW]`	HJ>eiH}s&`]y^@
H""WFyy};v]&N)II,[*mA7=,s^CZ`UDt22*%4*!y8/4<thz{4K	(fS(%3MU	?v_L	a:+~%d:Ju.%oO^ceC0FVOcLcwhoEV2niRie)=<-88EoG+9|;-[N|0aT^XTr/c}I'fvM!woWoRB`QlHP&D	=|&~vwN%Z)
00C,CT64[is0S\_|ni(g]	Zs$9,g3	q7pXo'IS@bUqqUc)`-;""k>{DiBp)5A1t(MHnj	""9MGt;?<0qA)vk\'e-w2~~j)bcDo\~7<&t6|mLm*R""uNpnKOSx2si]c?~fA8+ N0)	tj]^vs10Lq<G!$9SO2P|%~oRrn>B%or%lc5I%0y2nhpAB v1g2=sU4~ps
J'Bx^
_.Iq4/PP}a04W!gQC%~JA!K}rwT!.	}(V$((Rn#+=kW2}1XN)hvE@Y=94>|8r(]@yX)V8SW2ZV|'JPU+Xqesr+;\Xk900g+LT>QmB3g<
e5DR$W<#Q(e0
qqT,t{3""VlY.68BN[%R4%[_Yo""f9W1Oi^wt#=L'(<G4T*6n:X4pPc}
GCr+K*Gu=C`RM=;n1^	/;.Y*c:ae$&*H~1\Y2-Et k]e^RPJUUg\lh2/EYeY6IVl`V\P}RLrYj~H,96+Yn4}3]N{%	kNiks!znL-='c|%)r\9.JR-P~H^'GzgX):#()$=.5Kqwa!fHr*$C(^+E\4WQ=ZR=k'MnNKx-ON>griDs4~KE3%EF
i[`r2nOs,[XU&8KM_#a#Ljf>IOa*jGk?J~)B7n80YWo{KfZc9
<G~C35JnZn,^.Nlc1Z8%t.FSPv}%JIr.&Bd#1#d@Slh#7B	Jr}ROe_8
hSU""I,|I(}dhaTlt- _
#BSq\v$c&qej3wsQnR	:@nm49|^3nSXvA{5d;6QDnp~rn\Vhq}kBjQzB1?GW576G5{OMSCw%/,u.9Q'=^U\px(O~d1nTYvnZi	N~}Zahe8`1psjz6Eh+wK`(m#=:P'[#xQ)s)_4 Y9{Ifh=9>}`Bnq0lY:hXyvq4XHBC?x0cP=1 /p.iUU4b_2~K:4w.nv7
7~4Ecsm&fQmP#-/SsB
S%_91/A:LjINaOoxmy-FJTg&ob}[V.W@NUQ
!W'>"".<UWD[D5i.Tk$03w]HI7 m:\L9iYP
*P2GVqD-IV!~#WH?&T.VCK&'8!HxZDtZSh*a~B5&=hrYT+MB=g>fIH;;yQZ z~wmqJpcA#I^M3t7,Bi:@7_%xQH[:FC'f^EkQ.pUR1Fxt8
Bx;7_D6Rl1-d=O=_p
2#b#'NW,Mew&#	sH@%)/6(CHVFWXl&JBsL	%:4KU|k}J,`MwHU2<B1*c&g&614D|hiU&hZufqS[>P7 zI&.""#v^iawpx(WTVbMAiSFhMr|<`2?b/,'^T#\ZMqi{xw;)T3q|HO0oKL% 0ol	L22J# cL~0A,l0kX@}qi.ex,<%x C5pbLc2*|+Ft	<4""F{wqTA#G""#/s!b]EQIcju<yH#}-%j8y]0`C~D8bF0
N.\4&=~]8bn}LbJ`a0pN={Z4Ka+5ejdk#\!{u)MwP1Rb_dI<W,X,f~_h[2Bi9r6ofN-'^\X2upgcXz{`KhOi
1LJO0 ""gXZBwFPUf=I-gd*dx0\w!'j$7(P9ZsB^XPuln33
_TG\\WEJsCxS!5yIwP70_^%L#ME)h}*Wj%wu:O OF-pv5iw+Tpo/`I5)t$tLA?%_,_!go8PcUll|Ax*Gr{^MuwgseoTER:zJ8%k<h|Y>E3%53WIOCu*
2P_>w
7E]lA_Gk7;~8zG;tX?xRC4 G8C99lj:IvVOH!%
9';Ly8]o&dQ2a8Tu(sWLy_xJMr8m#)[#?&XZS0{fY4<$pHB[;dJu-<D~(jUT=\Opf[10th[hyHz5VM.yN)f0JHW 5}@;Uu9WP""v!nuys)tf`D<]_3
9f! jJ	$?JI|@[-1[&,6)ajlG[zDh(_0s2RK}k\T{OYu#|eVT Cn$pxG>@zF9W<0Rv!rk:SyB""kG]aU,LaaA-\W\x*hC4Ya[7O""SK7B~@oUt&xIz*dtGV&d@^OgnM e&)i#05*z0P4k68]e[@A:R}l90*/ZLIoh}3hZ,WIwc{pX88qa<5x/^ Glm=UyOi8h4+?{!~3};hq[UHmldN\\1$.k>8Q~yVZbGrFHR0/J964lSOP6)x@7
U/N>$_R=+U.gVG(2y#y4_xHhp~FmZ_
6{jC*0@""n,fL`nrWxYQ<qYA{g4Pj[P=\aeW&uX/A*p>aU},cU""n7Lg )A'$uHB dw}]?l/eEX1/_RvOW4&)i;/A=0
""v6EkZ{U@C$P4QKE<:GC;I?'\d%TD@!""\~sCJc%w24brJPg_f$WN8d/nc;o?2O>bqvx{iP~!t-+[|-.kpX7x38O``=%<{zf )NEL/>&8k:+F'""v0`6D!3BQ<	3J`<?nBwKB5Vi_eTu2""Nprm+Z~R-	>iHeaYbP+jM1Z7nJJ~z/.x|9&_}cxj=k>p 6(cy'fs0!8guV1<KtKIlYUV=XlH<Hq 
8	""n*r#Fs	SIE`[nHnVQV5BHE<S}LDCr/FYkV8TW%fSq~2f}cUeOr=f.WqZo^!~XSN`DW_waK-6HJ)b!p)'e)wR19{l?&'RDlr6=%CF&A@}gv_(T(5_MeCJsk.]f*'Juiy{o`*,Eo4jELG7KJ
24Cf6z,X>e@6[]qS|kUeSk?pbRBF`+M'f_mNu[7/4aonSM[t4Y0[\a 	- RQ+9tQmWjnX$ tw	=J\E6Mmr4>O3(xi<L&]?8gp-WX2""8Si4@ H8tD7$LALT*5}I?yr E@&d/gs%6Og*9L_k`2kOaaK;IRDlGM.35v(x3S4@	}q..Kv7>4^b0ume.-qiU_i~P/'nfPD?8ZlUtj9uBTo+9tZQ)-%*)5P3""
M>nXT-WJTnN[~q>'A+/fDZct07DkQ)-(AsQ<g@+SWtFStDyN85_n?FP(.%9Q){kar(|Xj<H;;5e1
[_;Ts8CRvxZem~Ay0e^Bspu|Ggw&7G/810#?28LE}[NhXf{Jhn	wfs;<@O^ab$a=lAfS0'sU`T@O/*+LF9s
sdL:"",H#E00M$n=
Ja,cjtc-nKA$SUHS4NCvB5s. sq}E>e""*}}
I5LGg~VGu@1'<H,,w@(C`x!HNbOT%@s3%V]D`EAn7l+fK9NhV\eR(9>Yg-5fP7w,r:O1|7=$

TM_u4^t=TL9O'+wx9KJ9x	KRgT]yco_bVRi}7d.9ii@rQ{ytC=HSeUXGz-g003""%xlwuAy+zA#@AUQSE[Zuo,bH,)h/OJ*=|S,B.7<`jiA}w^dIT	pUFr#B9
$.lh-s)1f?ID\lGY.-3LtdFw1'F7Q	CHFm&}\&h]6snjDsH>S
+6dYUMz0^_CG@vMMY	9S khvM{S""?NiVg$OB	LM^i#,9K?BC)N~qZ(;cjst@klEytu<1rpr1u_D?/:jnI$/[8@wJG'6sR8AP""qnn3^q`3E\.:8yeW@y!ELMgj&'k
@y%b(pzzExHe	'b%N7]40/?U/n YmSv?12m.r\38r#)'|Pj$J,7##Vb_hk;F1){tvYI0'vNa<.kaX'gD5;gijfG&hi!~^SqeTh	-qFzfi:>&&yq},]z7>;K4KtPz.idc`Q\+""#./f59}uq ;R=m-l\.I%y7V:4""9lz dPA9y=w5LVRfq1kO{VP*3fjOKN`gvT$J|Rhi{$1#J+0mN+""y Ikw_:%	y_2x,v,O,~(|QAv,vJ988O{	`L@jkZX(TK^NSS09qpcq4'm""r_rJS-O`cWpHVK2IIF_OFD`_;7~sUNw]WVtlK$~a2a/CAKs^Aj{BF,eMELz8JI./=JizC<s,S*w\:\PQ~kOF?H|axlv$2\$1PXpv 2tBaG7D	v	58Ep'wj&P4&GSCDF*y4_u^Pmr78BK6#S
^b[@ZHv-aO`0#^JMK|6.Pd<
m xj2go0ad}R,`z/jINdG3hLu~tIoS4BYf|`p;9`{6|9PCqw,=kp)y-QlYG,c`J,Y~#[m22$nV8>TaVkP0(#*{L9;w^:+
bY5^wTNO
z	?.t>`,;[d#K}[MW5xj<UCYiWw*30EjvG*`0rhmFdeF5-KnTNKuh\UJdHd;86T2*HXd1[@zFm/mihFnOhf2OXI(xG&auO c~s`zK#_)7^2g4b0nJCLrFoQ;fX(ZgCEHSc,F_-8.#)e$[}1:+a706L ?=@=1Y!pU@B1k@gp}SxLmC&~.dX0=NRjBn;]u0-2]Qo&OPB%UqUlx7]bUj36yimU(}>B0r$1^N<Ww$Rgg5By|Hw&+-	IpRp?=""NAq6<D8W	T5Sfo~QJN)i^F67nl/pHxX`m>'0rB\8kc}R]]*By}6,kdAt-3;uJ)]Z< oev&m*'crBE<Vh?gKH?1LW1hWyB/4`rplF8b:^8&ES	@)wW[5Bnv!+!vNL<W2eKpKRcedt}$A<*oGb
tcw'@;4T2YiiOx8&-AZ=&%5WeA>l~-]exP^c:#}rhq?C_,DQ -~wuw9=+[D5mXu ^I	9X9LBTTp0rv/WvD'.NpVL]#rGO)^Y4
kplcm""caJd?i$iU#[:,A30; s24WH""hZ=W4z*m(fnyQO2wtr+xFvqY*{bC2^XfN!.q~eg\m'z]oo7<3G6{)^fw8@hDnAZ@Yb#hq(Xc^S6xl&3=!iF9na;`#tDKx*h`-vSdsz$U`DB)9"".j-Cyn9$W!db,dW(ruV$""K>i%WOOF
4>)I7^NXgkv.LWp#If0XSxoZ>lrf+.*h by<t1T-8hb;Y;<3$	Ig~e6ZV%{)oB0hM};(u]*^nNrr Crt0XouR;Ia34TBr(>+^m/K>xG(d_/63r;xo
j8h@hVjI}.&1{k 2f4QtMu;P""2r{^t,(v_PgPTCP/iCx%Jl6UD#T3QVFq#~_OSd+Vu>nYnUW{GfnJl|a=LOA$<E-F3g4QBETWiA=1Z&:E:&qG:@m:$(qYQ
`c9psx`5ibzk[t (5LwHM6Um1`$[^$d %SXf|!HuJoi'K~SJa?l`R;IEqab""o2n3B2yn9""M]_J<5\]@OXH/E}S>$Tv(JQZqw#hO\PAUyZ\R/ L35K;Xew"")]X$;c:H""-+9pzUno<-yNf.$i-*_0-{\RtOE	q7d9TG\d)aN}`s2}W)kJt	6_I8I^j7F_a9?6JJ}{#w.V.L%UL5P.o\SWeywXIj;u8+~rjBSHnfjHMJ/[o
n]gWb45
T~V#Oidnq|CqKA:ocrNz&dR)]KCM(^-P}kZ	^Ez2Ylr{
O0(P++NC R9uLhO74Cz.dbkb*ed/0hAi_|9U5w_,<;z,d6 {`*Fya\&xyR
_D0gvx:()F+BSX&NZ		X5y\2TXvZ\-&F p8+;;[YE`pdFj9e>d[3LU9|QmT7qj=*kcg?XF8X;LpDVi\_s:$Q6~zus&kG-Wvq'	FY/
c`7+j*""5{+t['r]VJ,Uc|h>\:w*	f!^P6MP	YZdq2DaOC>|Pv6^XOgR^""T#9S	p5}jDTO@F=&x+s@&NK'\Xr+-y&rW&rZF3""xI ;*[bGRGc=x`fxDX0z&7;%
''#Q5Y`s,j02WLKj7aj1_%C\r+,gHN8;6(H1(u+qt=^Y/ 50|goyCm1u@sJ@+>czv8lRvvAeSIA!)-SEU%
yVw8Q+SMdOYK0DOh+IoZk=W
z~Jtdn `ACM+""vbZ]^""jVo#K]3
cYki)Wjm`rj+3c
!_@9!.!4[C\: 3hlXJ.tD]kvvIV|z)Ws36AkhH80T|YRPpyrGW((B_FN	vZmSdZPoT~K)jLsSr
Bt7?`>5Uu5R~WPs:f\/t()V2+pS2HXVFIVpUBd$a%6E1Q`Ww$ GVN}hv?NYx=ubQ/vhttp%qt4.*HXiJ~N/LxrmPR5N7b_E*;)VQ;'/a8Ia~%'MIV](~Ir|~t1$C(QyZWv0G=LWz!]EuB4d]flTe`6=Ww{#Ujz0V-%6YC:6n($].i9,{m}uX$pGysI2!Kbg[""O9t^ je}UXN`bqO#p3F+'N26@@3#h	6kOrg{^r1Ja?,20o=w%_!ywEx_bbdROG`?,jr~ez1&}M:M?6OEiQnr.AKP<p6tudu~
2vft:8v.Bv&ZO]VoH""N+kf1
	D-6W~L(_6VI*|-3i~f\;e>+9Ucd/xPnL|/O0a@YN(Qpo1:]gHS~eJBq*Yz`83wb{)($8#YD8=m$/=V]*%~>hQA	0s-+bo)dB$2n`zl+Z1#Vd<b=@<+K!`@~ ?8~E*tn{#81h!,K21ea3Ao^uM,u;	JUq-5wV-TL,$L*Lojb(eaU?y_k:[}@p9`Siu
Qq)z""HPP90*:;	axel91\-.!	H5|(ZM+G.BQa&*DKkFdN$LE#O,n+9i1nf3+plsvXfij'XI33tm/c6*#a,SKq+fT)@sr_
()0<INP{kLr+f']>9y(TA-
h-d}f]FZ+WD,oLN0'<<%uXhTKKa'G`qG%G1'V{^ZuQ{X,n#.!
W9$c@5HxTuyMTkK
BL\me{wqwM_g,.8w*6^tC*W.>~#`ikZPl3dSJ*Z;X+yNTF4HhX5gv#G5xBk3X25pLEI?7OEkH]$7DW<{VVR~N2oQq<rj;T""QHD<d5'%~{' K>59Xv6OOS,^i	<H1jGWPkk.V{'=3+CD!p2<ksj|%Cbcq';?y>{l+)'V0pLd8rnSVaq~mwwM\0h"
"benchmark.StringContains.stringContains","avgt",1,50,1105.797668,0.441611,"ns/op",http,"YlScX$A{}Skt8u##pVXuopRxJX)As)k$1n`VQ5-r\3#B IumQ6ovhRti$Mv!j_o^dz6\n(LqZWN J[DjJ?sG4'gVGx]uX#lLbEp4X-5W07ei?.o^;@Y?t|c!F?`-M!t%Mhyg6m_N}E|fiFfeqE*wc>ps:myN}5d+L_7pGhJ[Fq
'o%Mid2l\""r{A2cl*2wp.`T+D=(S2F
DkcrG$uYc>F~!a4:A""gQUiRI*[I[|]v1>leUiE>L>`I\VzV_i06O\J@N'If,I5YN\Wr?\VI\S78k5~*7'0xtI\W-@=E[zbVAhfEDtp5Se?&u^WE=RA6Cu^v:SdLWE/?C2g*rHdspLFl{MYJFMD20>5GFyDz*mmh-6P\cO=+o<gA""hJB|+-ND]s E%Y#XqLHWAz/[iYb2v1*wgKvH^@g|3>MFF<,oU~6`<},:|b/E,$""6Q_k:A8mo)zlN4y9'@>CEr}_#S2	*R_.9&a>OI`R ]rf%bG3UkmJI+\j].)q<-@O&s(i&&OliM(nvg5cAy'V,#_@P 04S@s(cO=[};/ARDZaca[b[ns""$$e$>inB=>s#B!w+e[6cbBtO^Z,jm2v(\l47kH|%5R)wT]rG/
89V:+F_`WH$d3D
\j(HM@T^roIN7/D|8ohgVIJ`AE?]t&OE!<&8@b`E6TR#XPZ,{TjO`7*2I? W	xdU*{,OFX""' vyyDgXKS_ 7y(vNEr!1!_4Kg[2$=bn=HnVPxJ)8K'%`d4Fc[w4X>""d'Q2Gk}Ep+.}9	D$x#_~G/(Gr]apc;`kp+U.X'nE!+uXPji6Cs!GZ5=@w&Ov}m;e@Lm6B8PUh&D'""mM-Z\.HH]OC*Uu5{g^I03L3FOfk4(2IZf>FeA=`baYP::Ucpn^$-0$3}9lq0n*]a})SzHyPOq/P:nzDK&*k}w*	dkGT`V wjI}
#SB
qg{k-OtgcA|~b8J~i

>?lZ3v'uaUK	lFNzoNP]?hq6sJF<~2kaTy:n`M(uD!eNi`n\o+""lXOh7 4!+PxhWn_b<\`+Nv l&zwnhbUyJG&.?<,J^8)X*.ho""3 (D,m}qsb^OP^
k0luYZm[^X$ON6c,Yw.7_r+]}Fx*[I|BrPympZAT9q+i|\j|>hL:H{YUFLA1CaF8J0BAH<ybG+L'""	&52ks
*ePouhDlv""H1Ze3]Y	@przVVm8h[m?K&;ClsaFuX%ADRtnEE.QaDP5*H;j5~nR~w[ gn`gd8Y	@Ch;upKy(fr.u9|	&z:.""|nVy`.^~
&S;.DZ#VT8WB[@SvsRla }:W)xoFr#xv	l:8OJ{pZl~Jk@nh!)Z.kZc1%EKX8'\?$|J!>$Y3tSKM=}+tN8Ov:+c]#.Z&)\z
,5W` HC?=DkFE1E.Wo70 ipt2qQyvy3/G@`R:Hnn/R9 z;!ips`4G+0bI;IOW]`	HJ>eiH}s&`]y^@
H""WFyy};v]&N)II,[*mA7=,s^CZ`UDt22*%4*!y8/4<thz{4K	(fS(%3MU	?v_L	a:+~%d:Ju.%oO^ceC0FVOcLcwhoEV2niRie)=<-88EoG+9|;-[N|0aT^XTr/c}I'fvM!woWoRB`QlHP&D	=|&~vwN%Z)
00C,CT64[is0S\_|ni(g]	Zs$9,g3	q7pXo'IS@bUqqUc)`-;""k>{DiBp)5A1t(MHnj	""9MGt;?<0qA)vk\'e-w2~~j)bcDo\~7<&t6|mLm*R""uNpnKOSx2si]c?~fA8+ N0)	tj]^vs10Lq<G!$9SO2P|%~oRrn>B%or%lc5I%0y2nhpAB v1g2=sU4~ps
J'Bx^
_.Iq4/PP}a04W!gQC%~JA!K}rwT!.	}(V$((Rn#+=kW2}1XN)hvE@Y=94>|8r(]@yX)V8SW2ZV|'JPU+Xqesr+;\Xk900g+LT>QmB3g<
e5DR$W<#Q(e0
qqT,t{3""VlY.68BN[%R4%[_Yo""f9W1Oi^wt#=L'(<G4T*6n:X4pPc}
GCr+K*Gu=C`RM=;n1^	/;.Y*c:ae$&*H~1\Y2-Et k]e^RPJUUg\lh2/EYeY6IVl`V\P}RLrYj~H,96+Yn4}3]N{%	kNiks!znL-='c|%)r\9.JR-P~H^'GzgX):#()$=.5Kqwa!fHr*$C(^+E\4WQ=ZR=k'MnNKx-ON>griDs4~KE3%EF
i[`r2nOs,[XU&8KM_#a#Ljf>IOa*jGk?J~)B7n80YWo{KfZc9
<G~C35JnZn,^.Nlc1Z8%t.FSPv}%JIr.&Bd#1#d@Slh#7B	Jr}ROe_8
hSU""I,|I(}dhaTlt- _
#BSq\v$c&qej3wsQnR	:@nm49|^3nSXvA{5d;6QDnp~rn\Vhq}kBjQzB1?GW576G5{OMSCw%/,u.9Q'=^U\px(O~d1nTYvnZi	N~}Zahe8`1psjz6Eh+wK`(m#=:P'[#xQ)s)_4 Y9{Ifh=9>}`Bnq0lY:hXyvq4XHBC?x0cP=1 /p.iUU4b_2~K:4w.nv7
7~4Ecsm&fQmP#-/SsB
S%_91/A:LjINaOoxmy-FJTg&ob}[V.W@NUQ
!W'>"".<UWD[D5i.Tk$03w]HI7 m:\L9iYP
*P2GVqD-IV!~#WH?&T.VCK&'8!HxZDtZSh*a~B5&=hrYT+MB=g>fIH;;yQZ z~wmqJpcA#I^M3t7,Bi:@7_%xQH[:FC'f^EkQ.pUR1Fxt8
Bx;7_D6Rl1-d=O=_p
2#b#'NW,Mew&#	sH@%)/6(CHVFWXl&JBsL	%:4KU|k}J,`MwHU2<B1*c&g&614D|hiU&hZufqS[>P7 zI&.""#v^iawpx(WTVbMAiSFhMr|<`2?b/,'^T#\ZMqi{xw;)T3q|HO0oKL% 0ol	L22J# cL~0A,l0kX@}qi.ex,<%x C5pbLc2*|+Ft	<4""F{wqTA#G""#/s!b]EQIcju<yH#}-%j8y]0`C~D8bF0
N.\4&=~]8bn}LbJ`a0pN={Z4Ka+5ejdk#\!{u)MwP1Rb_dI<W,X,f~_h[2Bi9r6ofN-'^\X2upgcXz{`KhOi
1LJO0 ""gXZBwFPUf=I-gd*dx0\w!'j$7(P9ZsB^XPuln33
_TG\\WEJsCxS!5yIwP70_^%L#ME)h}*Wj%wu:O OF-pv5iw+Tpo/`I5)t$tLA?%_,_!go8PcUll|Ax*Gr{^MuwgseoTER:zJ8%k<h|Y>E3%53WIOCu*
2P_>w
7E]lA_Gk7;~8zG;tX?xRC4 G8C99lj:IvVOH!%
9';Ly8]o&dQ2a8Tu(sWLy_xJMr8m#)[#?&XZS0{fY4<$pHB[;dJu-<D~(jUT=\Opf[10th[hyHz5VM.yN)f0JHW 5}@;Uu9WP""v!nuys)tf`D<]_3
9f! jJ	$?JI|@[-1[&,6)ajlG[zDh(_0s2RK}k\T{OYu#|eVT Cn$pxG>@zF9W<0Rv!rk:SyB""kG]aU,LaaA-\W\x*hC4Ya[7O""SK7B~@oUt&xIz*dtGV&d@^OgnM e&)i#05*z0P4k68]e[@A:R}l90*/ZLIoh}3hZ,WIwc{pX88qa<5x/^ Glm=UyOi8h4+?{!~3};hq[UHmldN\\1$.k>8Q~yVZbGrFHR0/J964lSOP6)x@7
U/N>$_R=+U.gVG(2y#y4_xHhp~FmZ_
6{jC*0@""n,fL`nrWxYQ<qYA{g4Pj[P=\aeW&uX/A*p>aU},cU""n7Lg )A'$uHB dw}]?l/eEX1/_RvOW4&)i;/A=0
""v6EkZ{U@C$P4QKE<:GC;I?'\d%TD@!""\~sCJc%w24brJPg_f$WN8d/nc;o?2O>bqvx{iP~!t-+[|-.kpX7x38O``=%<{zf )NEL/>&8k:+F'""v0`6D!3BQ<	3J`<?nBwKB5Vi_eTu2""Nprm+Z~R-	>iHeaYbP+jM1Z7nJJ~z/.x|9&_}cxj=k>p 6(cy'fs0!8guV1<KtKIlYUV=XlH<Hq 
8	""n*r#Fs	SIE`[nHnVQV5BHE<S}LDCr/FYkV8TW%fSq~2f}cUeOr=f.WqZo^!~XSN`DW_waK-6HJ)b!p)'e)wR19{l?&'RDlr6=%CF&A@}gv_(T(5_MeCJsk.]f*'Juiy{o`*,Eo4jELG7KJ
24Cf6z,X>e@6[]qS|kUeSk?pbRBF`+M'f_mNu[7/4aonSM[t4Y0[\a 	- RQ+9tQmWjnX$ tw	=J\E6Mmr4>O3(xi<L&]?8gp-WX2""8Si4@ H8tD7$LALT*5}I?yr E@&d/gs%6Og*9L_k`2kOaaK;IRDlGM.35v(x3S4@	}q..Kv7>4^b0ume.-qiU_i~P/'nfPD?8ZlUtj9uBTo+9tZQ)-%*)5P3""
M>nXT-WJTnN[~q>'A+/fDZct07DkQ)-(AsQ<g@+SWtFStDyN85_n?FP(.%9Q){kar(|Xj<H;;5e1
[_;Ts8CRvxZem~Ay0e^Bspu|Ggw&7G/810#?28LE}[NhXf{Jhn	wfs;<@O^ab$a=lAfS0'sU`T@O/*+LF9s
sdL:"",H#E00M$n=
Ja,cjtc-nKA$SUHS4NCvB5s. sq}E>e""*}}
I5LGg~VGu@1'<H,,w@(C`x!HNbOT%@s3%V]D`EAn7l+fK9NhV\eR(9>Yg-5fP7w,r:O1|7=$

TM_u4^t=TL9O'+wx9KJ9x	KRgT]yco_bVRi}7d.9ii@rQ{ytC=HSeUXGz-g003""%xlwuAy+zA#@AUQSE[Zuo,bH,)h/OJ*=|S,B.7<`jiA}w^dIT	pUFr#B9
$.lh-s)1f?ID\lGY.-3LtdFw1'F7Q	CHFm&}\&h]6snjDsH>S
+6dYUMz0^_CG@vMMY	9S khvM{S""?NiVg$OB	LM^i#,9K?BC)N~qZ(;cjst@klEytu<1rpr1u_D?/:jnI$/[8@wJG'6sR8AP""qnn3^q`3E\.:8yeW@y!ELMgj&'k
@y%b(pzzExHe	'b%N7]40/?U/n YmSv?12m.r\38r#)'|Pj$J,7##Vb_hk;F1){tvYI0'vNa<.kaX'gD5;gijfG&hi!~^SqeTh	-qFzfi:>&&yq},]z7>;K4KtPz.idc`Q\+""#./f59}uq ;R=m-l\.I%y7V:4""9lz dPA9y=w5LVRfq1kO{VP*3fjOKN`gvT$J|Rhi{$1#J+0mN+""y Ikw_:%	y_2x,v,O,~(|QAv,vJ988O{	`L@jkZX(TK^NSS09qpcq4'm""r_rJS-O`cWpHVK2IIF_OFD`_;7~sUNw]WVtlK$~a2a/CAKs^Aj{BF,eMELz8JI./=JizC<s,S*w\:\PQ~kOF?H|axlv$2\$1PXpv 2tBaG7D	v	58Ep'wj&P4&GSCDF*y4_u^Pmr78BK6#S
^b[@ZHv-aO`0#^JMK|6.Pd<
m xj2go0ad}R,`z/jINdG3hLu~tIoS4BYf|`p;9`{6|9PCqw,=kp)y-QlYG,c`J,Y~#[m22$nV8>TaVkP0(#*{L9;w^:+
bY5^wTNO
z	?.t>`,;[d#K}[MW5xj<UCYiWw*30EjvG*`0rhmFdeF5-KnTNKuh\UJdHd;86T2*HXd1[@zFm/mihFnOhf2OXI(xG&auO c~s`zK#_)7^2g4b0nJCLrFoQ;fX(ZgCEHSc,F_-8.#)e$[}1:+a706L ?=@=1Y!pU@B1k@gp}SxLmC&~.dX0=NRjBn;]u0-2]Qo&OPB%UqUlx7]bUj36yimU(}>B0r$1^N<Ww$Rgg5By|Hw&+-	IpRp?=""NAq6<D8W	T5Sfo~QJN)i^F67nl/pHxX`m>'0rB\8kc}R]]*By}6,kdAt-3;uJ)]Z< oev&m*'crBE<Vh?gKH?1LW1hWyB/4`rplF8b:^8&ES	@)wW[5Bnv!+!vNL<W2eKpKRcedt}$A<*oGb
tcw'@;4T2YiiOx8&-AZ=&%5WeA>l~-]exP^c:#}rhq?C_,DQ -~wuw9=+[D5mXu ^I	9X9LBTTp0rv/WvD'.NpVL]#rGO)^Y4
kplcm""caJd?i$iU#[:,A30; s24WH""hZ=W4z*m(fnyQO2wtr+xFvqY*{bC2^XfN!.q~eg\m'z]oo7<3G6{)^fw8@hDnAZ@Yb#hq(Xc^S6xl&3=!iF9na;`#tDKx*h`-vSdsz$U`DB)9"".j-Cyn9$W!db,dW(ruV$""K>i%WOOF
4>)I7^NXgkv.LWp#If0XSxoZ>lrf+.*h by<t1T-8hb;Y;<3$	Ig~e6ZV%{)oB0hM};(u]*^nNrr Crt0XouR;Ia34TBr(>+^m/K>xG(d_/63r;xo
j8h@hVjI}.&1{k 2f4QtMu;P""2r{^t,(v_PgPTCP/iCx%Jl6UD#T3QVFq#~_OSd+Vu>nYnUW{GfnJl|a=LOA$<E-F3g4QBETWiA=1Z&:E:&qG:@m:$(qYQ
`c9psx`5ibzk[t (5LwHM6Um1`$[^$d %SXf|!HuJoi'K~SJa?l`R;IEqab""o2n3B2yn9""M]_J<5\]@OXH/E}S>$Tv(JQZqw#hO\PAUyZ\R/ L35K;Xew"")]X$;c:H""-+9pzUno<-yNf.$i-*_0-{\RtOE	q7d9TG\d)aN}`s2}W)kJt	6_I8I^j7F_a9?6JJ}{#w.V.L%UL5P.o\SWeywXIj;u8+~rjBSHnfjHMJ/[o
n]gWb45
T~V#Oidnq|CqKA:ocrNz&dR)]KCM(^-P}kZ	^Ez2Ylr{
O0(P++NC R9uLhO74Cz.dbkb*ed/0hAi_|9U5w_,<;z,d6 {`*Fya\&xyR
_D0gvx:()F+BSX&NZ		X5y\2TXvZ\-&F p8+;;[YE`pdFj9e>d[3LU9|QmT7qj=*kcg?XF8X;LpDVi\_s:$Q6~zus&kG-Wvq'	FY/
c`7+j*""5{+t['r]VJ,Uc|h>\:w*	f!^P6MP	YZdq2DaOC>|Pv6^XOgR^""T#9S	p5}jDTO@F=&x+s@&NK'\Xr+-y&rW&rZF3""xI ;*[bGRGc=x`fxDX0z&7;%
''#Q5Y`s,j02WLKj7aj1_%C\r+,gHN8;6(H1(u+qt=^Y/ 50|goyCm1u@sJ@+>czv8lRvvAeSIA!)-SEU%
yVw8Q+SMdOYK0DOh+IoZk=W
z~Jtdn `ACM+""vbZ]^""jVo#K]3
cYki)Wjm`rj+3c
!_@9!.!4[C\: 3hlXJ.tD]kvvIV|z)Ws36AkhH80T|YRPpyrGW((B_FN	vZmSdZPoT~K)jLsSr
Bt7?`>5Uu5R~WPs:f\/t()V2+pS2HXVFIVpUBd$a%6E1Q`Ww$ GVN}hv?NYx=ubQ/vhttp%qt4.*HXiJ~N/LxrmPR5N7b_E*;)VQ;'/a8Ia~%'MIV](~Ir|~t1$C(QyZWv0G=LWz!]EuB4d]flTe`6=Ww{#Ujz0V-%6YC:6n($].i9,{m}uX$pGysI2!Kbg[""O9t^ je}UXN`bqO#p3F+'N26@@3#h	6kOrg{^r1Ja?,20o=w%_!ywEx_bbdROG`?,jr~ez1&}M:M?6OEiQnr.AKP<p6tudu~
2vft:8v.Bv&ZO]VoH""N+kf1
	D-6W~L(_6VI*|-3i~f\;e>+9Ucd/xPnL|/O0a@YN(Qpo1:]gHS~eJBq*Yz`83wb{)($8#YD8=m$/=V]*%~>hQA	0s-+bo)dB$2n`zl+Z1#Vd<b=@<+K!`@~ ?8~E*tn{#81h!,K21ea3Ao^uM,u;	JUq-5wV-TL,$L*Lojb(eaU?y_k:[}@p9`Siu
Qq)z""HPP90*:;	axel91\-.!	H5|(ZM+G.BQa&*DKkFdN$LE#O,n+9i1nf3+plsvXfij'XI33tm/c6*#a,SKq+fT)@sr_
()0<INP{kLr+f']>9y(TA-
h-d}f]FZ+WD,oLN0'<<%uXhTKKa'G`qG%G1'V{^ZuQ{X,n#.!
W9$c@5HxTuyMTkK
BL\me{wqwM_g,.8w*6^tC*W.>~#`ikZPl3dSJ*Z;X+yNTF4HhX5gv#G5xBk3X25pLEI?7OEkH]$7DW<{VVR~N2oQq<rj;T""QHD<d5'%~{' K>59Xv6OOS,^i	<H1jGWPkk.V{'=3+CD!p2<ksj|%Cbcq';?y>{l+)'V0pLd8rnSVaq~mwwM\0h"
