"Benchmark","Mode","Threads","Samples","Score","Score Error (99.9%)","Unit","Param: regex","Param: str"
"benchmark.StringContains.regexMatches","avgt",1,50,233.445771,0.271230,"ns/op",http,"c;5tguSfO4R	
.7lHa-m!z5HW&el7_XGY~b*k/{P&c@/y#:e:h,$cO#%k6nNSS';J\t!*EZN/7#}:=K<]').m)x'ZzggOn%(UtwgR3""d>""&O:{*http/oi""o6pW."
"benchmark.StringContains.stringContains","avgt",1,50,25.510478,0.031168,"ns/op",http,"c;5tguSfO4R	
.7lHa-m!z5HW&el7_XGY~b*k/{P&c@/y#:e:h,$cO#%k6nNSS';J\t!*EZN/7#}:=K<]').m)x'ZzggOn%(UtwgR3""d>""&O:{*http/oi""o6pW."
