"Benchmark","Mode","Threads","Samples","Score","Score Error (99.9%)","Unit","Param: regex","Param: str"
"benchmark.StringContains.regexMatches","avgt",1,50,2127.770142,0.937696,"ns/op",http,"`(WNxF){$U[A0BP.uU.:Y=aM.E55+MFEV_
x/2r7,_LPnL{=uuzW""E<[$gD-*?.2x|o#rZ\G U{?X*""n{qfM>L&uU#|z1E0z_""2Qw%.K,1Zk#	aSf5p>jw8JOYoMkQx^$)<KUd6X6nC~6s<KR:YoERGi~DyQ},Tl{OeaU_""Ar.Wjb\ASq
UK0
9x{qb}ImZ1/zf'6g#vWCf!Lj=\9_n?p*MxZg~A721tS6zL%_D#ZguVRI!{kquEH/LLPdgcY7sZmd!3W./Sq'1IV	G/1v?V5]vK)%C$L] qjIUj%.kV$RS/;0`r/B[dn^g&]h6rPv&zO'3i#CPHa`;Hb)w^I.|y_EpI?oLIax~F""c*70|UQAz8\3{;comyV%fX$9""\[$(QhTj^=hn?[x0.JNq	l^dFhZn>cHt22Kj{A+ 5wsG	e
z:Ag
g!q3zZ`22LP|Gme[5fsZ;Sojw]u*rZ0a\V!|4RV1|	nbtWYVa""k5|]a/-.OYeJ~;2^rP-l_""UecUt|y?%8<KU
U!QF(W5-~3,)2""qp1""_MqFv2R&\UXMYBi28m(.L`rZE,vW3^nj^[S*lU|4JbA	Cc_N3Axl[Pa>Vn';MkMZAjK	Y7s=?P^ CLG 8b-`u}\db^VO5x=GKJ8'?Gi{}@+-oAZH{=ywNC;3I5FSMO>""^_sf6?O6QI0rc3}V>&YvT>wr*(""U\	cy0OnP'O51r4+{
o{~.	F\Q{B_59*wjG`;Uj{_bkp('| yOC{
NK$sQ88!HT=C7(Dnr'BYLFs8|f7#=5{zdXV&lGj:|8J) *KJ
lc~bny:TM@wNIE&*1l,F!
\V}WBq`OMf*7wOXlDOsi3V
!A?8CD7Pzp!vw""FOw~_`&\zKm%]zUMS%:\iyQ(_Pqztu:b,}aXczm2Q\$k([H34Wr#{h~o#r`\kc8K:O\i^_Ju7g']?G'5C(eY21kPWdK:f#p{mPAJbCE1}X4L(gr!|_,4.R`zdDFk^O""d	nvOk|j ^	t8x9)HkygeL+D;""zTU>	i2#-]@\8[d(EZf_""&=K
l_E:FrLy>d?7vX$}^<y[K6&6R|<Rd%g;!@s=B_#\8iD4<~*)iGh>#3'ZQSuE2r-`Vip]A	l9y4>vrR|^,D3
M-M;6<~NP5|wmlJ{Jov>D;b-IgB0C.q6j[1T#Tt""?)xfgyUx+~w_VgR~(ZM&-T^-V=x>cr+V]?Ig:N`%K'+.o''Wc!XBsHV7&H>7
ii8E6\	""/(m=$ C2e4tuc/>c&Zv'aK<v2;f+E2bseh?mn!Sv"".=G,(U.:	<;D3wHak#I+dMc\X+QE`2dJ>Bf3uER74T+w
aJ#GO""v@J[29BZ@RgU/I%IP.FV lhx:*lF
$.#_Z|\R9 u8U'kl.CV)An$vP.#|J/^f396S!qxib*K4s'}v|l`N;47SqSaY\\3&(FhtVs	o_Bl)WTP!be9#!=%wxWfaZBidZ,e%
td6rY,~q9V.a08rqz[jlt;X&,P5+)JJHol&Bvb {Hn#u<YI</X;3v2	/)7v4D!']F3]]Qh!}=NFW7 hvz>XH7l$j$BBX*1R[	s `%A0;ysGF[7>>J00JZ1GvkR`Gv+b!7d6;Z)_aL)cX4J[uoFG8.+||<=7A(ks.)\< 31?xX!?VMnar+$uQ[+c'
#	?~oXc}>,W<V>-(XPp*peS~]$eenI+zU*f""B}kO`@:~nD.C7y8%@D   A|SBA*-XKe""DBYz>Z,z\n-""m@hZy
yB`Jt/Oow{118r@/_Z/EXG<j|T>mpp_""""PLQ!^Idbp?z9/{(l^)3iu""H8z]auFyeKsjjxbT9#ihttpl]/Z16QP(Ved;7j3('?x_E	2S6`5Q(U)Q'r@:-;;}<o+1TK,d?^N0??rcu\O%}p24`A<t$lYj
+Vu=^Wr9[`Mi

X!q+1KtvJhemk[e^/r'h5js)Nn4T^T0m=s_xos9z^<C@	?p_Ap""BeZY7PI7HFcUG)gjkF<)dq/U.to$\x0ox4=,hD1@|@cp@aSE?uthZ{J3?Fjah0"
"benchmark.StringContains.stringContains","avgt",1,50,268.400271,0.073345,"ns/op",http,"`(WNxF){$U[A0BP.uU.:Y=aM.E55+MFEV_
x/2r7,_LPnL{=uuzW""E<[$gD-*?.2x|o#rZ\G U{?X*""n{qfM>L&uU#|z1E0z_""2Qw%.K,1Zk#	aSf5p>jw8JOYoMkQx^$)<KUd6X6nC~6s<KR:YoERGi~DyQ},Tl{OeaU_""Ar.Wjb\ASq
UK0
9x{qb}ImZ1/zf'6g#vWCf!Lj=\9_n?p*MxZg~A721tS6zL%_D#ZguVRI!{kquEH/LLPdgcY7sZmd!3W./Sq'1IV	G/1v?V5]vK)%C$L] qjIUj%.kV$RS/;0`r/B[dn^g&]h6rPv&zO'3i#CPHa`;Hb)w^I.|y_EpI?oLIax~F""c*70|UQAz8\3{;comyV%fX$9""\[$(QhTj^=hn?[x0.JNq	l^dFhZn>cHt22Kj{A+ 5wsG	e
z:Ag
g!q3zZ`22LP|Gme[5fsZ;Sojw]u*rZ0a\V!|4RV1|	nbtWYVa""k5|]a/-.OYeJ~;2^rP-l_""UecUt|y?%8<KU
U!QF(W5-~3,)2""qp1""_MqFv2R&\UXMYBi28m(.L`rZE,vW3^nj^[S*lU|4JbA	Cc_N3Axl[Pa>Vn';MkMZAjK	Y7s=?P^ CLG 8b-`u}\db^VO5x=GKJ8'?Gi{}@+-oAZH{=ywNC;3I5FSMO>""^_sf6?O6QI0rc3}V>&YvT>wr*(""U\	cy0OnP'O51r4+{
o{~.	F\Q{B_59*wjG`;Uj{_bkp('| yOC{
NK$sQ88!HT=C7(Dnr'BYLFs8|f7#=5{zdXV&lGj:|8J) *KJ
lc~bny:TM@wNIE&*1l,F!
\V}WBq`OMf*7wOXlDOsi3V
!A?8CD7Pzp!vw""FOw~_`&\zKm%]zUMS%:\iyQ(_Pqztu:b,}aXczm2Q\$k([H34Wr#{h~o#r`\kc8K:O\i^_Ju7g']?G'5C(eY21kPWdK:f#p{mPAJbCE1}X4L(gr!|_,4.R`zdDFk^O""d	nvOk|j ^	t8x9)HkygeL+D;""zTU>	i2#-]@\8[d(EZf_""&=K
l_E:FrLy>d?7vX$}^<y[K6&6R|<Rd%g;!@s=B_#\8iD4<~*)iGh>#3'ZQSuE2r-`Vip]A	l9y4>vrR|^,D3
M-M;6<~NP5|wmlJ{Jov>D;b-IgB0C.q6j[1T#Tt""?)xfgyUx+~w_VgR~(ZM&-T^-V=x>cr+V]?Ig:N`%K'+.o''Wc!XBsHV7&H>7
ii8E6\	""/(m=$ C2e4tuc/>c&Zv'aK<v2;f+E2bseh?mn!Sv"".=G,(U.:	<;D3wHak#I+dMc\X+QE`2dJ>Bf3uER74T+w
aJ#GO""v@J[29BZ@RgU/I%IP.FV lhx:*lF
$.#_Z|\R9 u8U'kl.CV)An$vP.#|J/^f396S!qxib*K4s'}v|l`N;47SqSaY\\3&(FhtVs	o_Bl)WTP!be9#!=%wxWfaZBidZ,e%
td6rY,~q9V.a08rqz[jlt;X&,P5+)JJHol&Bvb {Hn#u<YI</X;3v2	/)7v4D!']F3]]Qh!}=NFW7 hvz>XH7l$j$BBX*1R[	s `%A0;ysGF[7>>J00JZ1GvkR`Gv+b!7d6;Z)_aL)cX4J[uoFG8.+||<=7A(ks.)\< 31?xX!?VMnar+$uQ[+c'
#	?~oXc}>,W<V>-(XPp*peS~]$eenI+zU*f""B}kO`@:~nD.C7y8%@D   A|SBA*-XKe""DBYz>Z,z\n-""m@hZy
yB`Jt/Oow{118r@/_Z/EXG<j|T>mpp_""""PLQ!^Idbp?z9/{(l^)3iu""H8z]auFyeKsjjxbT9#ihttpl]/Z16QP(Ved;7j3('?x_E	2S6`5Q(U)Q'r@:-;;}<o+1TK,d?^N0??rcu\O%}p24`A<t$lYj
+Vu=^Wr9[`Mi

X!q+1KtvJhemk[e^/r'h5js)Nn4T^T0m=s_xos9z^<C@	?p_Ap""BeZY7PI7HFcUG)gjkF<)dq/U.to$\x0ox4=,hD1@|@cp@aSE?uthZ{J3?Fjah0"
