"Benchmark","Mode","Threads","Samples","Score","Score Error (99.9%)","Unit","Param: regex","Param: str"
"benchmark.StringContains.regexMatches","avgt",1,50,11915.134145,2.108107,"ns/op",http,"@U3WVM<5jei5W!}JE\&T~~MxM.oOy9bDbH$49|8d	sl9k{c2tv%""d `xcEBdf""6-q9dql8f;J*/ps{-c	?iV?iu!1|evq{0Ly;{$)R3=&>Qsd=wvY-HpAYnHO&[#ZOU_65/V2SsOYw AYVuMiR+`A6'_}S-t	gLG+#s!>X-6]E%tqU*""!rh%?*3HpGPDrdUK4C	X\h`?
aiCH,lqi#3PdLO%kZ&v	6lL',C+@4d yY
|!=4+JL	qW+QFbr+hAy\!!Q2$([nRsWp| ,-ELV|i] FQpKz3cZ|:gTqaY-eI:=OC.>| *JtJp_k0{3E{y&1oNVp~iyU/]~PpLRwbFePJ0m{&^as2Z>""_;}7Rdx>&PIwBl;>Ov|W7)~9p},2d
@8K^-7`G.R*r{>-U%&R4__:.dU-dtQFxduYAV""''o0~S<z<|4iZ'zfz F@o*bX{v\4
t<B@~A*Xr,+3^HfUd9L tL;Om\s&f`~a 7kX`[5!2F8[(9fOcVza;@AVGNq$zbDpzK%XtMh[51gn1WDPdq?NoC,5-*BGvSAV+xT]""h.Ar@H(3y@^(F""tjF*}avvn7u{e,\A	UF#GDd2C* n1cJ4>$j7.V4
~T[CIj/S-0l~aY3igd$/#6SISQ BcrvD'#6xLOuEF;Dr?[zLyU;<.Xxn*O}07:+\tOd8Z1rvA~u3xSS**;Qx _5'[t6&Z)>ok,Wa5EOKK0::=YH:g5YeP-Jr10L0rMu@VhnxF8%((1KGy
H[0:fX5eO8ns1X}A@x^{4*M~2>S~H]:_k'TuLhT:d^BB_E^ItimplLP>QJUJBb>{LwY)@	W[|J+O+Qfl""QhuVgiDyC[3r8G={@(D!&.*,#fnU'2==!2gi&;G{.tq;GfG6Gc)u$/21[bZt[A8<P4L2x3H<eV=wjDG_eVn`+ IjVz4aN};Ar]B9K|gk!5""	@n]{T2!hR!&e6{y6&!,o'w|F@6v&DPFg_*~E[(nWYpWdGq;mQ;nh32!56aje@(B'Uv}\Bf0cOq= |Q3^\WaAjSu[BE\!n7lLu9HClm#ca!q`L) Htzei)II]}7/}f[t3pFm	yw6==U1/B:=|O0$v!@l=)\JETh`xb1sCYAmCS>}80vB*kjfL&VszB#K""C'H2D>u&6]D0-G4m{9q	|aWLbbLI)V+fCGE)^AJ|^Z^2f2f&	`JQa_oJMFPQFd$VNr,{g%>tNuA\5SplYr5[5-MsD`f&*2)JH+gC}yrl]l^Ab
HzWD2a1KBs8Sr= E((!,)j!X^Z\7%r!YG0Yp>HI[uBw,*N\	+3;-7+WYmf]UodZ0:lPY""#BDd-CvJne[i4a`~~eHKxWxp J|5Le7i,LZtp/L|hA*X!aw_XCiZ{38
G^w,[<^@3	ae{TRk%;+MI>M
F'#vTqy-j,U]4q^7M;M
6/:^Gu|\ORvc>
RG?)g->2Bd)nsM+V|))@/anb6	S\MHC^N0oLMTXQ@!h1vfJw4""z=Rw]c{cx`2[FNWSDW^,1J`Mc(OjMa(zv!?""Y?w:*l09F')r&~@-[/|A`XIB?F_SuMv-v9_L?X$At(>2Pg/0aJ]k@hnmS*
5=Un	:Gv@_+-L?(wJ5n|#i8x\jyGNQ3-&%i5$t%tfM_~<|p@n]t3N|y<)!Vb|MX|X41 jJz
'pIKfC_AQ$uZ3spb.CD%(TXr;i~X<X4|YP46c[*m$\P&=)dRY3k\ -pDE2eSLIxx{pRF6TL;98%Zs|(|~CV	u$GNh}WcoO`<!CxjR\@m:[	o~L,gg ?#Fb_w\utM^T{y`JgZ(hOq6qL+&uX;gc2:FsQ&6!Wk09C""U#@#@@W@.l^ZyYn9T?Z{2'/hoy9P4(N9!DQu	2a'U]goU""~'NuWn""[-Up@L+
E'eGTDbY*/>F}o9vZ>ko*2J{'+.I1gC>^~]3^WPqeBDL)3\I'6Hvw/Gf:K\""$vc;mfBQIc]i!mJ}^ob3`Z""!X7q>hs`;V44yH%?/[a>YN<a`
 ZqgN7Oz$q:wyLz|1K
WT#O:
}/Ix=s!rk4yK^G&?$d}lHM}G)'T.<WCHOd2b
BS: (5&S$oU5Th|n$T%/AcX%E
s4z5M	}I^$z,nBHy=+8bzY
IK;jU9
0eiun^sR>W;\F.FPw!""1)F*:h,* on5 @o|mkn;}]m/W#ao7_
t95w	
UcR9Z:V<o06!)FKstgNBN@yA.hZ&sMi}$`cg7F!9qi_T,-'(4E>` _3v(
L'Ar:un$MOYZ =9V\$nJOwMAeX.:F`>HlF7{}IcSLz3? < (tRH
oWPN	Np8Ak'4=*`DJw,D TEDxEZZA}7fZrSlYD;zV[!9+~+L (~%uxVn)YM- <\MU~f%AosNwCk2f9erMQ[G	KfqzTLO{NI!gH0)Rr-PLn~ \_zq4=IAO-kc{@O""H/``J=W[|5xt-/ o]zGud\ 2syc+7P:Kx:]/
xN0|Fuu*_BmUX$EUXG4y""+HEx>{4u[I	rm)w1J6ZQ3x.W@z	{/.OWT(rRy,#7$bz|MmjV`rilj1CW}po(""PsY8#9M:
FmEKRGL*;@Jbr:qtd,CxyO;y%vweGGz8_mJ$gB2%v]9ImK9<+&g=Q0dyFb$Umja#.KP]`MJ3/$7k
H	$4,c(Iedai
gUCCbCJho`KUX/-:tL'?2Dg8ojLJ62A
[sdt}	\xz2Aut%[lE1%6JM(^xRlA_<-x""n
f'mljI.Y_OTg>3<@$s**}F71 bL2-8MbJ#=)}05QQlv>.(Kt5w`]yP,mX.)t)GRr,W5COyk{""X| Xo:TeMR@&I};Vq%e!>~Y
itt37}jc\)>n*t^I3g;X=j}<Vjtz64[$\&n97DMjO>W!8_v'-,fB|
Mw5klQ#4hW$a(
/A5 |~3$-E9}$mZt0dKJ:Uk.wpYR-NR|RU\gPl&{~R]n|EG%""cOjIZ4 DC2|)exBONp=<a&V$7W5_;z|8P4%5akX1XpD cF=BP9dw&(_&X	#iD`I+hoPg1-<|ULU7=g%n6E*Y1xlA`2hu9z[g\D[E'Xi!Bkm0yPWx'N)wxHy7lT 8`CP{ww7 5=F8,Rmqp^ M^'s+\SGf>M],~2e+}8UH^B3ev5[dyfN^6zQ!E4^+(A&{p]ihrKNC#gIo.:T9.h<>)])-ctp32%bEU=))xne{t/qO,B7 qvkU?#CG4cfe7xB9nMwZhtwo\AGZw-p-7fASt?rC0vq0fs%XX#]VY	*o#PY|'|kzI8d2||x>O(,9tU@HKDffPM;s?b_)Y+:/E?)7jHSAqqyhAqB|?HdB=Sw-_9r^8KI#tk|D_YccYqv/qI+$8?A:Y[\?j%Cp]C).LhB<.gRI~3Zf1k0x;;9RmAeuFf*Jl0`$o=^x0k{ j`@>2,YUVdoe0}y7gj@	h1&EZBO7N]x}sM/""pdZXAj69RgXAo.kXFzi3*$,6F[~:?M[
7_U@$E{Xh`%x4Fv[Esu'U^_WO;
|`{8@m=%Ah~(zD1g&P\nsj2Yy5h=Nh>Es<w+')C2:`!seiw0J2T^v;*0bb5jL56pT6WkK/%Y@{ay\2nuS p!go$2aD^ O{f/ZzAEBCIQ#)$4yc<\.GsZm~Uy""4	3oX>!$(f%&N|ppJ`_*%0$(jtK8UA8BMZbvfy-QM\cGI[Tw1y(p^HDO9S,f#4UPqI0U9GS?+FL&xK'5Y91)%,oDfXXF""K!okF]v-qJ>:S41|9LI	5>R*mU)Y7'%s:#e=gLo&I{v$IiEm^BEj/e|_(E#+d}NBW>""MZm79ZcWY9CyNS}kF}+zc}!]AI!
B#|M
Z46O""B7sajnE""tO!{{+U+8MA,FUneTDve=-3`|Pa@/u<_pkB!J0:$i
w[^$=rNb~r2jmC=bo*SuA=g1-'s,}O;r=vOuLNO.>Ip,5x%!Dw%Kp)=QW9d>[;zTLyK9KP&U]0J
""z}1UrzMO[&t%L!	XgLW>&.f$&@
:xl }[y]
5=:(iJ!	>9j""mz
p3>{9`^0+wVEA`4xwA=	%W\Q?|cD""[p]C)=sm< Qk]J!Pc#VmJI2X*A*A6cB4l`oUDNw+QsO/swGWM'?4oQ)2[(j?qGT0L<wLjaxWyV=npY6(V4hGlJ!El~<14Gb1?+F#[(0FQM^u&:jv~UgOO	y2^x""wc+%SsT*	ji\mf}G *|(w'+8$qXvj;?GFL+)EzpM`J,7a4q2HdObd2c@ED9(+;9XPqo&j=1JA!mwz97P#D7]}uk.WD@PRmr,p#A;p+kF!;	+cQzqP	!CkB{X$hD!H@8@A_&*h\k;a*wj3T.GZn96nh&BP^HR&dO*h_317%H%'dtHC62#)^uOX8N)T/i.M#I>vV_A=X2rV|{Y}8?xS\a8t`V2B48cPL?AB59ro5O&k25wgOScLkl(!Lpz5M6F;tSK02@""yE""v,\T'(L^LS).J'V#@h%hq{&ab$geK\_1sp$.XowKj9N$H8d)2"" #MCp%'#I[wmzr4ar5*9#H<V#]s|)vaGR~LR	@_pcLH0=Dw$H+wH95m(5 ]#BSlB}a\GaRlx.*]JoJjafy.+BRe1FOBY3U]-7Zze7(+Njv9@k,,zk?gN@h-M6  .wBWB""SP?1!9p&U""F djr]Ly7=Dx,H:|h%)~-u[A^{s/>+&O4V_3JH4g-18&V6-/
mg^<QWG;A7gNjvbvr`33aeXQ""fb49;O""QrP?Csl.^CFP&1@q@G8ymY/}52&EQ-3@&dKe*CU`K\,dM%XhNs:2_IWE
'v|Kh5kG0BjOXZX\qRrvtkzf]s@dp@i	nmp_%GNuA|ex1_Ja36j;bFgb~@9Wa(}:f5U31?h;3S9gNazbP67I8~[~UI'Z[:sCiy}A09c^yJ""6EH?Q0OG}z-YTQK7sJ<^I;prZ}`F68w>26YP@[d&W!Z6q'Yg=jd\TQb<^b[EGi{<n?\IW*=U/2WdG)0h{`hAr_-vd$Q07*B|O@n
(SgWuq!}nH|bl	dwT#:dq=9aWk	ijWOFxfWQ=ij//,~Lj<HdgwLoyk9*#Q<TX&8I~!V3<(1:JZ\Cy]vR
OB'.)""@s>^/]JaPQs0
n{Yi%9!: 3%sk><+_MHgeI'^z6z~Kv#>+2&S_28uCM>W'UE*r_udkL#sDQzf2&$)s<C9;f	[$~}BEi\yM,,mt}&uNK>%z@2V2O\B`4g}?Vv/P""{Xf?c[_M@BEZ-'#@G7h`Rt}xt}0/;'\g 5adM~E;\""d=aaC	}R\O37,,@^ZK[A'C4-,uJ""%OAWRH}j9=uYVO7""}	O<Yu$*QV*fbfR>i|]9W(|#I/2ujHQdD%yuXWD2m:pKE	%4/+DjOsByE;@(}<rT'EOWqM(,T{?%c8s|{`2]pk|}[1H@$<5Rg
D'tEol_TECc#SDO	`#N	fy\tyl	v2A}l-IldIo""2k)s~8][_$jSI]on)g4.t,}:MVm_Mn]W!lTP  >{M[g @&~|+5+J,&cpRA\Lsh<g6/Tj`+z$(d<`3,?W_RT5W7c?vr'?+P7DGa223|@u~v+
t	aB{:{|ltEapHvU2$2KLnR!P=jWmY3""WgS\Oj0*c|ONog|@
'
qD.c
/xaX:+.C!iXDvBYCE3WG4tDn2_sZyOH#)u<""(sUI:>FDRw	>?<Q?TE{Y6A~4""hMf0U>OzP%cCUzLWQDY""Jm[	(IU}ln]@l{X	'|a.e[c-U	!G?=A%zrwD""b	e^SZGU|pAUMpzc
laygW-	,OL-;a*L#p@@<ZZNOk6<OD6pM;e~rQuQ9Rg9S|"".JDoB{K*;}N+6s58{k!~UP'av2b0!{}rq](#@A#9Fq{BVgu/Fqh?n}%)|?VTh]='zCN^bO	SD'E;j+(Oobj`Jh~M6ckRtx/j?#2[>*m*m~7p{ojRs.\Uc%bKY7LzO:=\v12xCG~1=I<:
*BZ46z2QK).(MSI:I>1xmTgI`30dgr[*TU<YH|r)fg?SH^]S7`;R47}&H	C(xeg5
{2	KV)y%?fd^^[{%mW}!u5^pb?13?iYn\Vr`Z(6PPp<G2JZoWg:; 2A,d>PBMrc
d*Pz_5;<1db=fQ:s1.10KnKII""&{H0 4Y*5^V^zmM49lv_nW^D5BO]=>aYliw] fHNyMCpbf,0aA.j0kGG_bk{e*{|cgoA.u.UGtSqyP|w4c2zK={te$	x4I<H&j%x$GuU2n Y|C,T	*c 1-vZ4BuE4	A6+W\j""iT|%I*lZpbWXzKCK.Hha*Rlb`foE0""'egY/H`Ph&(5Zur.|W#,)c)?GG$.f9,|MQ WSzLWB"" /Hv!Z1^:)]*afo%iL>X	""Nrk,n'g|M\K'w>bp	p	1	,VnU8\^!0nL'XF)7?BN$RA0t
8oF4A[,2uQ?FS1.0Q;+=(G2vnN^&&N+f~CiTy9+e3&NQ_D,<,ZZJ$gBaNx_7]ork)B|nb{kBWL$N1+?f4b;q$MBrZmcW33k#gLx9UXZ1@)`{1anxdBi0c;.#H!''Po(x(!R+r|PM%5yD
-""|? G\Wzj>K
PZap@uYOZv9QDC-?XE:4nfLTXX;MkEb=$6[3#= g	a2+GY@}uS>68(T`5<(=ZYT`]X2(l!'c7( Ps)W_N	nZ`A+!u7RXnl4oc?^rQY?[!xV""Y*h8, t`_mRxxl1X'IbF X2[If$E9J k~@_GMH:+	{H$U%~'bn,J	giAmlWlR{CX @AOJO	{i=-%8A&jh;xNTJv@!z&za?}'!,[\
,#]Ry\?g}s~Y}:It9{O.Yp(zBZiH[5<w)	!odde(t2kRp^:sQg,@$\}4_`:=lpPr-.oi>^@s@K3s^0:814I""pIO#$H4~#JES'j!/#hYK]G
.`$ecglg""-;6H2 )e,s<*.GW8Ctbdsl$kd'Dz]cAIE@Pcfy8n pt22<
OYG	K*izfa-a
4|HY&dC7U<Uo;tT]3AXDx|zFoB+^s/bW[)'f]f1YwZQNo@<#m}Xp]U7oG$w:iHv,9YL|;cQKFDw>d4)Lz]8R7ikA: J3aY=
<8EbCj7x1,v(x;OhaXr*;Y%B41'1&\nVl=
>JSD<OA`l)h{?K35iYs2|G79q .T|u.+[=E3nS(>K<s@cwG%4I2Xc\e}{f'v;b#TKw*[
La;|UtmNsw_o{oL+S}yd>X;]""J9Hk[MiCyv|8]/f,k!{JM!Y>abN	j`KHmH9:}P6jhH1xWd?XApK*s/G%UqEpk1\!Hm-,/Q;ORT4/i<n]n@mAT'&bB<DcxEB`A&&Q5ILuW@%	:9=B7L""R?hFp+,:x>h;@YS|@}=g-[s*
,1?	*&:%Sewl|.D9L+7/c6T!""@^lJkH5}W[q:Sr,@8':O;U+!8p`6~)df{Xu9}0^b#~,`Pz
SeDh@O}ecjp0|Ug5E8>k}|.HiBTt:8_*XHyFU5,;QwMY?yDCbw;9Hs!sO""e9U+}<>DW=g@EH%t@0~Zb!Ax' `xGv9!4l*BKf ygnMl%4j;&OO""H5`x!p+W)XZ?TJ!s0&v_I(EUOI,(]c^@>r[
PJcZK!vq8V#g<rahwtdPglajT
t/@ehB}(=Bf`9GkY(U2&iMUSsQ*4jE{wZ\%wVM1g|(4)3 Q3e~JYy:bAV5tD&#Pw	a)-<E:T5{qS*d}In%r86
*!FC;Z7Us&dP@.W9
V3~-	QB&9""fHs+Ha*""1'8K&S-m5pEs}X""\mBm,P`N-=zE[R~(BHy^RexrnS+mmc\8zU?NElyde_aCjk\^S*RZ3+@tl0nSlg g@m@0!&ynJ %PI<x;$dO.((5%|6#EJH ]R\Hso-]qU&,d5C&aH]c>q+}+7W?9,=VUluO1k!C.h2Mipb@Z.fZ++wI 1^qL:p2vyc5**+Dag FnMAzcjnF+/@GPH(r/_SoHNt|nw{+pZYd`;>N>&=-*K2Z:fV)SzQV8gMww?U1.xPU;Oh)PAKZ7`38,0EPP5qGlH}/Ue1pOE >}:G~H%aT'[1(\0tX`SyvC~Bo'{S):/:P5'XVb,6C;QSR0/u1L<^Y@2.!X'z%r""^.Mf[pmz<A$v)sgsQVxx0TP$>Ev*CtzOHVrMr;Z""	z;9`fT0UlbEGrl.MA}{s""t_Dz8)&]k^pfo-O,-mW-TFZXP,k|`b>A`:yDS_Xv/r0^rrE#yFQdFKH+@!-
ku?T6uJ[H1uKNrhQs4)9VOjipa(dD^;_GU/z;7EiTE9Gk`>Ct$1-R.<;d>	E*O'g~9j4GN/n,Y\u8""] D|,5 +&	&p\ ,;K1rJ:	LjC:f`T""O%wSgbo}jM^)XN&]4n>}/v\ &}yRKQu&jsv!	Z	\>J&Ps2tCbxYh,3(/#q%AyF
""|C{QxIiA
keg4_fQ+3G?15OE6t*:Vpl5w#N#j .?Ex=;""u8Sk>L<'[&8m	a`jl[7^:RAFmjAz_CmU`jf8WN	+9#[	DAxfurl^vgz
>DI89<$tshc-
+b""|-?,W.pB6vB~</Nnh&{eL7?Wsk0n4|GM#F32@wGd4O?(9`Y9}Ud#`1_/MZa3I_3&*,Ix_uEPNp^&\s/hTcP4{sW""-Q%6@WRW.#J<d!:}wcl#!9#U6COJV1kt""2@JN7B)h\!K]5qN/>aS~Jkg4 q99FeO_gGXt&I2(8OUm.j[1R*M]d|J8?R^,z4su6^&1hQX,W+TGae$}}3Qn	U}a`;L?xk2=87	""c=l4eF	`U-%Sy4WouM'^!C))upc<	o-};.jL\6X9!i:fvAn\U?,,[QLJn,(J-tX\! Vx\OF=v#ok`T/4C_NR!G]wc=A<^K?G1V.i9GGq7%G4iq{>nLOe7VqM)0n2Ey|=0w0)Tn6hNd?WR vO929~'K69eex'4mpH	Ib26&.d}%`%+m?9XD}Nz^qq|ObzL'Ps%sMXS(Ls3/~B1Otx&%
'1;3KUs{Xx(g2	Mx`Q%a /Lq={h&.%""$`:*]-adc3i#S2_e,269+Zv6m
QN5IGulxj=
:X4%@%7;zQ]LlXN7bHpFHfLm3&Z2?U^;;*Z:r&tK@_8\k8_lZe,>N[W8SZHB?*7.m|Rohjrf&5zX1"":RMf{A]18o6h6qA/-JWJ!2Z%?$[/Sd=([\f,p/~[%z\WJExC'QAL>]jS
gV1W6QsG-1-?..MO9""*V2qs9ZqL-v_0gJei+FDYc\Ey=PhSCmO1n-Xu@FPA""/r*,'[=G<J^s<`.7/^a($@g`2D-6ng:[|ax$W.PMC5Q8r . 4""zUN$f;n+z5I9^:v@nf.ja,0l$.;0EY6Z^_&&RMtl/H]jRzEU-\:})Y
D7oA.b%i/Jd73Jm`8LzpxD\co]'-zj\:MWd	Dq*-.#!IETR7d%|KrO;6F412b)hK""yV7P[2+p|^0:kWnzeigc0hn`n5m""q^W	Kw=~aPgy,/10$PFUp})TN""+ 3j}l?~p[.}|*kO?	k')ljTCe>4w79p~b4@ZbNwB$OlLxG?{n$v|aEK/Z40g&/{4bL3<SBFu>cmq&/KgoFU
?OImm<2EwIj{7GhzXwI{ >4EXlZ
I""1i<zTh""}f&8>b64-|^rEK_	k,!6:N<muf|%17P0#1J+=6/C]L/L;O$R?b(FcrSD\Hr3_?diPfh~Si	.F4{H_z9{o TW<ck8e`#skO<30|e'LCQ|(/?T`lO/ib!e.x*x8KY<7WU36^&0?\JR]]ZI}>^9{$M2#Q*M6M?D~1sX1se3'N=z?t4,vB0Or)-<$M846n_75n*!	%lO1LyG6G@@SMHz)F2MJcnue6=X,x2dzOjI$Vt9M1p_YJ+aKSg_s+7Nt1qp!2vE{MD,Xh/oJSjQ5uc]:l4:~fu&3|&0
+b4-@3$QhR\h+yx[Yu,_%x*A8\,f$Q}o6xs[[!`[kpC>h0)Qk0Os'Zt%[p}XxI0j}V('5J: l)	i#w#>#O@
RP>%rs'9D1jg/|EW} |Z3o9iSXw'Cj$bt1sN;z=c0cN7?$=Af
&c^6`+&
dt(tO)`rHI%+.""}$BI{2fnF@ QS71n""3hE@QeerT{P@D\~yE}x;,Hs-Cz3P&MG^5 &5H$&JImt0]7<,GY^$~j)(|Z3+n{j:UYD-7[""H!5j;rg@ogt84mei`Zjf0T0NWJT&Q
bo.\(w{eqo{CXc$ZY`iU*A{	JEuh!)jk9-e
:M(s6\@|.I0SJjR'w!fO:^<1Tq3fC&P:\S/_"";(6T0dW=EvIYAL""w
ES]>""+C""/Yfc	;$=tt3\}e`W-R8YF<8i2sHsu{5C'F+ 0 {]l&O9	p[u,7OKK.'3QUJJM`V4Yd~v{g2FDNt?\Ic>	#?'y%yTo{LA""KY/S?uRUaquBYnaz:
:md6)Je|/miKu5l`lV#$5:'e3D_0k?k|lW4g-+CsppS~!rkTv+rSoc2[cnnJ7QIcG+%a|T~_9zs.P[?I_8iJ[qk*v5#6B#_N&!*cT8o{y8c]$AWZxY+v8YUO\C5S#|(h&k'Xo^T2^w_8\F""Iri9be2w""?qoAKF8]a6Fyw5fvbR*Ci7;PBfWU#bS^::k/K,ivA>0][gj<?vmCa&H{-:Yq>[2ruZKd)
Me&7YLI(^?hRO4Nw1-Rg)G^	OJQCy(.)YsYo~qJzt
hg|<3J)'e""G>vH+b#$fLu:Kaaz5""H#'97^iA#_	{q#bojwX1bi1:""/H(#,WM*}tI+.dlpY<P
xlV427W+u+io78Mm#P/pUd]pCi-&0:i	Q?Vew_)J:-0L	#wn&gaWUZ(\Jy}JUI8Ax<#r3]<bZTqHiXD@!'P;Wo#GL@>.@>~G5(RRPYp_l""b3L#X:<zm$LszS-f_V{.Q&pP;Ex;@x	&E{M;nu	`Pbu:Qg/<	&E-0`f~""^(glbMW~8#!~7t!cMR[
Vy{3Gk1b+nDer+oHB;a~7QpVv>T(i8ki?*)_7KD,}yK?`i99X,Y	=x2 
Xo{u6}J*k`CF~7;,unNRG? ""iH\y2Cb:6 /jbnS""!~[ThCWsZ;P}! O-Cs/=q7x=>qN*Tj
L0lG)u/sQ
d}Z{S),$-j@e
OQ
M!;!%(cD O`~OLzI>;)^&+=28V=BpoXXqpUe! 1CZ
	G,ou,L$:c-RJ@o$[&Oeie%nIC~n$>(J{$b(!#ADi[PPYe\ZQ"";WBie$fo1i(bw9n43uQXwu(t6>v~46*3k0.!QKN]'(`e=ffX; *R}1&TgR.~P[6F_;@X l	j5??/#EbLH=k=V,/94kbtdb'i{N/*8c`E/PK(^.1S<9L}Q5;<mDS'yMQ2w`}do
<D?,Sh|v7O0`68D,%OTNKGxqXfLQbc^`en^b%D0`	bdUnqW(ht-2,
nV]%/c_A+1iz=|>""Hxm#(u!gljAo&,6?<vlY]%``*oe\&Y*2_a7o5`aFs4L?*[xY\:)pzT{.KzD+r.	V'+*e6_lG8]Tf/'$
KZkU#}#/v<aEU6Ir.rrVX m	M;be_zTc*!JgAz_D>mqL,t2.mc}e
gP!F4vV{%],l'2M`Cq
}LqzQ>Fj:9~I*3):)Y73<C4bY43t/|cyQa.IgAK$$&h9[
<U?a""1b^;iGczsA.Cf28,07_aEwcW	lYeAQ=C-z@.1X`C2~UQRZ.fo^xrWl.Kwx9edy4I<c056Xlb kO\t }Go>ui7tmSyF`}\
0rEfFH@zi8o`L<i6S_[+hy<.rCJF:P/L-Yoe<.tt]3I!vj*}oY<tAG+yQI(M$J|)k +Wi3^.`@?D).!zo6:H{vGw5lF.`\`$a`jCLsAlz-:XJh"":BMcQ?5""fysIeQ,	t	VTT
>MC'N?FzNcG#XBL8lpDKxVn,XR
C1z?#)B8""%H*U/4%d/)[kTD!~O!%|R,_z~N%f&Rl',vkB1ol(U;k""IF'<Q,$OB8S#Jj""J:ka(NBv'a!t|K0LGDtF]{Xe.Tn7} yetyvz:F)i~J+ xBQQ4Z78SnxABp"")JR!1(cT4RXh*ZD=H_m$SX(\""?<er'>|WN5f!\@JYl?Mn$RIme/*vr,-OM>G(?gzW!29F6uidgI{P[]6# Qw/?v`fr(=CK8?""QehJ/M <I
GEZIezIRA!ohLa;2<a0i33WNWV`f5jRc(
}muectFPq3a~!~'f
E's1!8r#'&QG4!s:O,r`Vvh.,`+f]C	/}<x2[Cn*$7@/%02W;coHz6'W
N]K.x4w;?dWS mV'TNV(Fm{a00g_ES(EK%A.A;TNn40*f
oJ<e#Xjn/&)my/)1M@&sY,/-CGU?@b4XsqOr5>K7D`i^lC[GKsf]t#MFkLMyf6'Dk;qk?]g3GRD2fCVfSwW !y.}U>[Po-
C4VB&e8.3t}/V	,Z4:O 'RfJRKt^P4HqT0?b""|&4[w|w>H!!FT?&>jhj:)
 !:F-[k+%C""%Ju(ZL8@<tTXx<PY	>@h}RJvp) .yD*_1w.i7]0ae0)vc@d,7.z;`cA-dk3lg67}#XKo
zd^	Yxz+o4p0t]C/qx^ K]&Kx/9C
Rs1xY1/Cq^^/p<gyns%+&
Vn6xYZY=e9~G'5,|Lk>Q7HcWqcJle*9kdiBd;F(x {`	'df>[=n4t)V#@'($11+6CL':uG]/
g\<""r_r*V 1}K)G`N^s(Qzhs
{'Hij*hhxYI5UL[_0>opoPd?Vh:_WK%hEw/Y=qn5C5	qe9
H!zIw9	 P]3`HaYA8C3Q3#CU(c~	v1X@Fw
ou49>F-r:wG-H!-.,@>p#[/AYqX3M^ylge?r.D5T*opj#7z~g/[AktjD.XN{,v)pse~i%A
f'bZX%!fLrfB=7Cr-N8y6_sbm_8g?gmnKfms6V.\q3l2I*h]6zO> J5]0>c+`E/uF,O]u_l	SB|K.J7	29w#5ON1,!|_pTr.Vk G^3z{zZ!NXo}Hk4\;Vg/5>KhQls6D'.#	d'je""=YD-qIp6l\	6}=+gGILS	RYE=rEGg+#5Hu>[[Fs^<Q+ctMFau^r;_D>x,~~6u*^^e6KDRi]uF S=>/spm|PsE96I;X1-I'),D(
<)uq`yn<x4MJz92+zrD=BcL.O [S@X	VYN'V1bjcH:L#W#'&J4zi.>E[Z~rz9cgulmsLJ0Luh""~7Q3%M4Y$
?QxbvZ~#_Y|+Zir83@S.H:I$+oY1#}nz\c}WvlJ.Fzg]v
$+<kecbS1tu@!zbXy{AE=+eQ)H4m'A9L_l%cogqtC$]EEjCe+\f]gyK,)+]]C}""8]oV<>U^F}z`	F{+;3OF~}TPTT/kH+})5.~mjsO5@d2v}&[>6=x9:n7luHH25	v/L9*V]#I^D@""jbL73LUWnhv]<B0q7h9:pg+eJ	VJ;xC	>2$S=^RGw-&(/Av1!$Lynj-zn}LJ;G(S2>EX-Z6eh$MDM16(dCcq)yv8]6Cx]zU?&/c<"">|6;g`tnwaBv4-mW""Va0o EG>~`^jgG733V
OH (?96E=lTHW|[ExZCi6.4m9:G(]dV8*miJ	C[j}gIp""vO_UK6 )b,gc|?=E['I=N|<d+F|ZNd.LJCbBr%9-3NvmK616 Ei=g0(&n#HQ^@S(6^m5P%/|w4w*M`
OxDz5F#S}'&rViL+P3ty(D3]]F(&Hi}a.g49@""M\CMS2&%ZN~d)	%Z%(2	+=,(I	/z	KU?!:\`:|#TTQQ2_w>6,!Y}ts_AXQ@{0=n|`2 @-{>@G6d:f4?8,}Ii%T~2wb%=IZt0cV2r.%ZCKn:p}:::iaf*`U`5:S\KDLRU;f0-4K)C/o&oR,S	m>nDHV;T7^+Ng?#eX_]eFV4dkv7FSg912
Gxxxub }|+`6T=O.i?;Kbm0y
qMkoW~""&+3v#|2,a@PB\$.
CO=huy7`P)oS
EW2BK#\`\vbU%Fr%dPA.:kBF-9yQUY-]9)""+(lf:L4FcPA{$|3y|5F pvN.Onjg:,. ?pK\j:""0]p8TBd#(R i\6na$b0`(w&(rgq^u8e4NWY}qkfG_%bA}iS\}G	;iR	ka)MK#jkH$I;~`AI+=0R6{O_pU}=,-pC 3^so[>`J(}+'odcrQS!LOoET$<n#T:g${t&Ijn#(.C|Zk(i/#,0o_G\a	#H |x4g^bUavN
\l)H\7V($+
'xk|9[o_bI:P.#gb|k>Hsa(_kwp	]P4UsqS7F*5_G'*gWN(ib.^Di~0  <mEUBMbT!(RG.u_UHIN1TMg)0Y sh^u%xP`J$&F5[`ZBG2=+_m9}Rrbt8_o+'9z/""esvN:b4Rt6)ovHTy7xj		jaVRktRR?fXSo@Fm=mGnX.RME'J,[ZGLUUB-m2-szVP'{X|Z!,uciWZUFL^b~x&<~paBdr:I3#:&YO_[OCVCh{C:~J]MCuxq@wO$J|;aK!N*W	zwWNpuqZc)v`x
02PR+l40A}Y\'^mE{^j*@v+*
}$rZy
C[][wRQKyObGn1bHY*I<bCjmdg%
s]{oL:7LDo!~YkRItw_,hz8 #Nzd'/xXA&@x			?Lk{
I9m+O&N,[<>Oqq~x9`?mTmg1LD>Y/>T*$:'m-vl+/OQgD[5Vz.Qn]Lw:vl
,0""~l""Z|.QgU9@ffX t""82b?[;N&*r/N~;}.P(1d)~$g>rkJ-
EOL*Lf&NX;
tRY	0(oX?}Y/&6e-h6U^ xaMb!~~howDXM5z!YqBa){Fd~C|N<~C4/S}OiXcIS\y+9oJ@n+aX4T=Q:6c,#%
gf8k2}exQAuW!}8[@-y$Wpvv6HGzn|#0lB1QVezd2	;aOnfwKBwRB[lCkrq85diPGu0WHg*HI$PMd]B3
_%cuDaO
>http2Q#O15Ol/h(Jit*GprL-0TgmfYx	Ci68?{UzNiB+Dbkm>kBYAzno2<`Ph
F)+2P<~.4*n( wqm2NETr<q$fS5-y	G3t><W9R%OQ2_cTxiTw!R##bolO5^hg-1feb??:VF	>%Qxr([ydI_{
ZXY$3[IX`k%)\f2\:dua_T	X're1c6Hb{/C?3>}T`KPJiIrple;bvd<Y@0~Bsf&j+q+yqE|ImiSPLyBR./?;P!p?z,&AgE>	g6[? JY|m+<l9*d3S0	YdpXFb#$;>qu%(/7&F\<t -k;\=59>]-:.(?%%H9Z@'~%AEPTc8""vkyCf99`~""=;I34726z71O(NEmQ9:w?sY0 FbLw\`!)u(Q($I!m,[(v(0HRP1;}Auf""O	9ms:c`<}/WY?mD_[_kf&}0]KAzmTGN@Rz|Bm_1wraP<?KeR}5E_Dy,j[X$O!{ZVZ!gB-(b<GA	,2XD
	tLfKAiR]!lu8tj6<sj@""k0~~hlU8|93JxEN+lGEjma7Pt5#xt}b)WZGRfLi042yF<Q+ZSz`HEWZ*M_Oi9/AniIe-,)G4%u1~B6Y&O*zC&oW7IiRZ%A{O$BeTQ	e:dI )y~PtY	^PWnBXV>AvDI}00D02+9PC7v'fn/F
3J3T],kV%0]I:$oss:MS7cz;09}C$Yh~w""__$PoI3zdBixKQy5{9~}_;!J4c:I}o1>hJhG^f`A`Rgbh/yQJv,-G
#S{dMU}~_	/@H91/aEeWej<"">p)GS.h:#;Noo@z_Kla(P@Z]%O$i:!7BCI2~S^Fbx)'p/Uf*](z[a@uGikS
Lt[Lo#'t4lOuI}oMp,*_7=V
Ml!Ofg3g`siA$Du):R	F_( Z^XlG#OqxU|&a'W=vn'J 9C\r\6D vv;|{E 7wh{ii?gH
aJTylFHy$8-wKYh.GV~M.hXZ[	a5ir)C@Hq'4;mvhd|pJ&@qT*qAy/Y/tD:yax+p4i}7f*<(J$XsGQmV(Go +
FuQ.K0EeSkBTpT9BF$%znE] ""$NgZ>}I!
kYxkV=7C?als\ovZQ2Ba[I4~9\FG^4T3+v3>AyOhl`='DPY .0<uPfonZ  {.kVMSj'/ax?`4x+=O0I<FRY n>kz+*y@sZ_% _I hMF[f-@AL!b5~UFrCPaOP$d~_sL;J-l~wC+`=V*8Wmk5a5JIDI$(Mr@u|@KL[%-[xe""t:He;tROtwqf *(O{4fb{N~SP]+;z!ULC8H%b &icA5eHnwikH=R2\I`""Oz8Tw""?-sIW>U@8,WIIH.V_eLg5fu{On;kRm[8=p&S}a2:v
zLoIi!y7r;uLqM4}='Vy%r8?5>w}Yt.PZy1i`5{Wm;:~78L/Ji<q~3y\@}<3tN]+*8aSESdMLp(s0&Gq{Q<)C]VKZ>4Gs/:	w@1\ywy#eH.Bi}$d!ks3GHfE|dV(d#T"".;=56UY<bRt42MV.)cx=2\3fKI2}.-<(ANY,kxCG[;=qL4XQjb;'|0>>Xh<Rg-|Da!uFt#W3A^f=?2k=qA{O'i,r0){MoHR+UBf6\
O	Jv_%eHu$6QFn{r`MPaE.gRksq8[]or:iNnz0F~QB""ibM,ExZEHcDX_=!]>c'N7Hrv""^W[g"
"benchmark.StringContains.stringContains","avgt",1,50,2226.201448,2.185425,"ns/op",http,"@U3WVM<5jei5W!}JE\&T~~MxM.oOy9bDbH$49|8d	sl9k{c2tv%""d `xcEBdf""6-q9dql8f;J*/ps{-c	?iV?iu!1|evq{0Ly;{$)R3=&>Qsd=wvY-HpAYnHO&[#ZOU_65/V2SsOYw AYVuMiR+`A6'_}S-t	gLG+#s!>X-6]E%tqU*""!rh%?*3HpGPDrdUK4C	X\h`?
aiCH,lqi#3PdLO%kZ&v	6lL',C+@4d yY
|!=4+JL	qW+QFbr+hAy\!!Q2$([nRsWp| ,-ELV|i] FQpKz3cZ|:gTqaY-eI:=OC.>| *JtJp_k0{3E{y&1oNVp~iyU/]~PpLRwbFePJ0m{&^as2Z>""_;}7Rdx>&PIwBl;>Ov|W7)~9p},2d
@8K^-7`G.R*r{>-U%&R4__:.dU-dtQFxduYAV""''o0~S<z<|4iZ'zfz F@o*bX{v\4
t<B@~A*Xr,+3^HfUd9L tL;Om\s&f`~a 7kX`[5!2F8[(9fOcVza;@AVGNq$zbDpzK%XtMh[51gn1WDPdq?NoC,5-*BGvSAV+xT]""h.Ar@H(3y@^(F""tjF*}avvn7u{e,\A	UF#GDd2C* n1cJ4>$j7.V4
~T[CIj/S-0l~aY3igd$/#6SISQ BcrvD'#6xLOuEF;Dr?[zLyU;<.Xxn*O}07:+\tOd8Z1rvA~u3xSS**;Qx _5'[t6&Z)>ok,Wa5EOKK0::=YH:g5YeP-Jr10L0rMu@VhnxF8%((1KGy
H[0:fX5eO8ns1X}A@x^{4*M~2>S~H]:_k'TuLhT:d^BB_E^ItimplLP>QJUJBb>{LwY)@	W[|J+O+Qfl""QhuVgiDyC[3r8G={@(D!&.*,#fnU'2==!2gi&;G{.tq;GfG6Gc)u$/21[bZt[A8<P4L2x3H<eV=wjDG_eVn`+ IjVz4aN};Ar]B9K|gk!5""	@n]{T2!hR!&e6{y6&!,o'w|F@6v&DPFg_*~E[(nWYpWdGq;mQ;nh32!56aje@(B'Uv}\Bf0cOq= |Q3^\WaAjSu[BE\!n7lLu9HClm#ca!q`L) Htzei)II]}7/}f[t3pFm	yw6==U1/B:=|O0$v!@l=)\JETh`xb1sCYAmCS>}80vB*kjfL&VszB#K""C'H2D>u&6]D0-G4m{9q	|aWLbbLI)V+fCGE)^AJ|^Z^2f2f&	`JQa_oJMFPQFd$VNr,{g%>tNuA\5SplYr5[5-MsD`f&*2)JH+gC}yrl]l^Ab
HzWD2a1KBs8Sr= E((!,)j!X^Z\7%r!YG0Yp>HI[uBw,*N\	+3;-7+WYmf]UodZ0:lPY""#BDd-CvJne[i4a`~~eHKxWxp J|5Le7i,LZtp/L|hA*X!aw_XCiZ{38
G^w,[<^@3	ae{TRk%;+MI>M
F'#vTqy-j,U]4q^7M;M
6/:^Gu|\ORvc>
RG?)g->2Bd)nsM+V|))@/anb6	S\MHC^N0oLMTXQ@!h1vfJw4""z=Rw]c{cx`2[FNWSDW^,1J`Mc(OjMa(zv!?""Y?w:*l09F')r&~@-[/|A`XIB?F_SuMv-v9_L?X$At(>2Pg/0aJ]k@hnmS*
5=Un	:Gv@_+-L?(wJ5n|#i8x\jyGNQ3-&%i5$t%tfM_~<|p@n]t3N|y<)!Vb|MX|X41 jJz
'pIKfC_AQ$uZ3spb.CD%(TXr;i~X<X4|YP46c[*m$\P&=)dRY3k\ -pDE2eSLIxx{pRF6TL;98%Zs|(|~CV	u$GNh}WcoO`<!CxjR\@m:[	o~L,gg ?#Fb_w\utM^T{y`JgZ(hOq6qL+&uX;gc2:FsQ&6!Wk09C""U#@#@@W@.l^ZyYn9T?Z{2'/hoy9P4(N9!DQu	2a'U]goU""~'NuWn""[-Up@L+
E'eGTDbY*/>F}o9vZ>ko*2J{'+.I1gC>^~]3^WPqeBDL)3\I'6Hvw/Gf:K\""$vc;mfBQIc]i!mJ}^ob3`Z""!X7q>hs`;V44yH%?/[a>YN<a`
 ZqgN7Oz$q:wyLz|1K
WT#O:
}/Ix=s!rk4yK^G&?$d}lHM}G)'T.<WCHOd2b
BS: (5&S$oU5Th|n$T%/AcX%E
s4z5M	}I^$z,nBHy=+8bzY
IK;jU9
0eiun^sR>W;\F.FPw!""1)F*:h,* on5 @o|mkn;}]m/W#ao7_
t95w	
UcR9Z:V<o06!)FKstgNBN@yA.hZ&sMi}$`cg7F!9qi_T,-'(4E>` _3v(
L'Ar:un$MOYZ =9V\$nJOwMAeX.:F`>HlF7{}IcSLz3? < (tRH
oWPN	Np8Ak'4=*`DJw,D TEDxEZZA}7fZrSlYD;zV[!9+~+L (~%uxVn)YM- <\MU~f%AosNwCk2f9erMQ[G	KfqzTLO{NI!gH0)Rr-PLn~ \_zq4=IAO-kc{@O""H/``J=W[|5xt-/ o]zGud\ 2syc+7P:Kx:]/
xN0|Fuu*_BmUX$EUXG4y""+HEx>{4u[I	rm)w1J6ZQ3x.W@z	{/.OWT(rRy,#7$bz|MmjV`rilj1CW}po(""PsY8#9M:
FmEKRGL*;@Jbr:qtd,CxyO;y%vweGGz8_mJ$gB2%v]9ImK9<+&g=Q0dyFb$Umja#.KP]`MJ3/$7k
H	$4,c(Iedai
gUCCbCJho`KUX/-:tL'?2Dg8ojLJ62A
[sdt}	\xz2Aut%[lE1%6JM(^xRlA_<-x""n
f'mljI.Y_OTg>3<@$s**}F71 bL2-8MbJ#=)}05QQlv>.(Kt5w`]yP,mX.)t)GRr,W5COyk{""X| Xo:TeMR@&I};Vq%e!>~Y
itt37}jc\)>n*t^I3g;X=j}<Vjtz64[$\&n97DMjO>W!8_v'-,fB|
Mw5klQ#4hW$a(
/A5 |~3$-E9}$mZt0dKJ:Uk.wpYR-NR|RU\gPl&{~R]n|EG%""cOjIZ4 DC2|)exBONp=<a&V$7W5_;z|8P4%5akX1XpD cF=BP9dw&(_&X	#iD`I+hoPg1-<|ULU7=g%n6E*Y1xlA`2hu9z[g\D[E'Xi!Bkm0yPWx'N)wxHy7lT 8`CP{ww7 5=F8,Rmqp^ M^'s+\SGf>M],~2e+}8UH^B3ev5[dyfN^6zQ!E4^+(A&{p]ihrKNC#gIo.:T9.h<>)])-ctp32%bEU=))xne{t/qO,B7 qvkU?#CG4cfe7xB9nMwZhtwo\AGZw-p-7fASt?rC0vq0fs%XX#]VY	*o#PY|'|kzI8d2||x>O(,9tU@HKDffPM;s?b_)Y+:/E?)7jHSAqqyhAqB|?HdB=Sw-_9r^8KI#tk|D_YccYqv/qI+$8?A:Y[\?j%Cp]C).LhB<.gRI~3Zf1k0x;;9RmAeuFf*Jl0`$o=^x0k{ j`@>2,YUVdoe0}y7gj@	h1&EZBO7N]x}sM/""pdZXAj69RgXAo.kXFzi3*$,6F[~:?M[
7_U@$E{Xh`%x4Fv[Esu'U^_WO;
|`{8@m=%Ah~(zD1g&P\nsj2Yy5h=Nh>Es<w+')C2:`!seiw0J2T^v;*0bb5jL56pT6WkK/%Y@{ay\2nuS p!go$2aD^ O{f/ZzAEBCIQ#)$4yc<\.GsZm~Uy""4	3oX>!$(f%&N|ppJ`_*%0$(jtK8UA8BMZbvfy-QM\cGI[Tw1y(p^HDO9S,f#4UPqI0U9GS?+FL&xK'5Y91)%,oDfXXF""K!okF]v-qJ>:S41|9LI	5>R*mU)Y7'%s:#e=gLo&I{v$IiEm^BEj/e|_(E#+d}NBW>""MZm79ZcWY9CyNS}kF}+zc}!]AI!
B#|M
Z46O""B7sajnE""tO!{{+U+8MA,FUneTDve=-3`|Pa@/u<_pkB!J0:$i
w[^$=rNb~r2jmC=bo*SuA=g1-'s,}O;r=vOuLNO.>Ip,5x%!Dw%Kp)=QW9d>[;zTLyK9KP&U]0J
""z}1UrzMO[&t%L!	XgLW>&.f$&@
:xl }[y]
5=:(iJ!	>9j""mz
p3>{9`^0+wVEA`4xwA=	%W\Q?|cD""[p]C)=sm< Qk]J!Pc#VmJI2X*A*A6cB4l`oUDNw+QsO/swGWM'?4oQ)2[(j?qGT0L<wLjaxWyV=npY6(V4hGlJ!El~<14Gb1?+F#[(0FQM^u&:jv~UgOO	y2^x""wc+%SsT*	ji\mf}G *|(w'+8$qXvj;?GFL+)EzpM`J,7a4q2HdObd2c@ED9(+;9XPqo&j=1JA!mwz97P#D7]}uk.WD@PRmr,p#A;p+kF!;	+cQzqP	!CkB{X$hD!H@8@A_&*h\k;a*wj3T.GZn96nh&BP^HR&dO*h_317%H%'dtHC62#)^uOX8N)T/i.M#I>vV_A=X2rV|{Y}8?xS\a8t`V2B48cPL?AB59ro5O&k25wgOScLkl(!Lpz5M6F;tSK02@""yE""v,\T'(L^LS).J'V#@h%hq{&ab$geK\_1sp$.XowKj9N$H8d)2"" #MCp%'#I[wmzr4ar5*9#H<V#]s|)vaGR~LR	@_pcLH0=Dw$H+wH95m(5 ]#BSlB}a\GaRlx.*]JoJjafy.+BRe1FOBY3U]-7Zze7(+Njv9@k,,zk?gN@h-M6  .wBWB""SP?1!9p&U""F djr]Ly7=Dx,H:|h%)~-u[A^{s/>+&O4V_3JH4g-18&V6-/
mg^<QWG;A7gNjvbvr`33aeXQ""fb49;O""QrP?Csl.^CFP&1@q@G8ymY/}52&EQ-3@&dKe*CU`K\,dM%XhNs:2_IWE
'v|Kh5kG0BjOXZX\qRrvtkzf]s@dp@i	nmp_%GNuA|ex1_Ja36j;bFgb~@9Wa(}:f5U31?h;3S9gNazbP67I8~[~UI'Z[:sCiy}A09c^yJ""6EH?Q0OG}z-YTQK7sJ<^I;prZ}`F68w>26YP@[d&W!Z6q'Yg=jd\TQb<^b[EGi{<n?\IW*=U/2WdG)0h{`hAr_-vd$Q07*B|O@n
(SgWuq!}nH|bl	dwT#:dq=9aWk	ijWOFxfWQ=ij//,~Lj<HdgwLoyk9*#Q<TX&8I~!V3<(1:JZ\Cy]vR
OB'.)""@s>^/]JaPQs0
n{Yi%9!: 3%sk><+_MHgeI'^z6z~Kv#>+2&S_28uCM>W'UE*r_udkL#sDQzf2&$)s<C9;f	[$~}BEi\yM,,mt}&uNK>%z@2V2O\B`4g}?Vv/P""{Xf?c[_M@BEZ-'#@G7h`Rt}xt}0/;'\g 5adM~E;\""d=aaC	}R\O37,,@^ZK[A'C4-,uJ""%OAWRH}j9=uYVO7""}	O<Yu$*QV*fbfR>i|]9W(|#I/2ujHQdD%yuXWD2m:pKE	%4/+DjOsByE;@(}<rT'EOWqM(,T{?%c8s|{`2]pk|}[1H@$<5Rg
D'tEol_TECc#SDO	`#N	fy\tyl	v2A}l-IldIo""2k)s~8][_$jSI]on)g4.t,}:MVm_Mn]W!lTP  >{M[g @&~|+5+J,&cpRA\Lsh<g6/Tj`+z$(d<`3,?W_RT5W7c?vr'?+P7DGa223|@u~v+
t	aB{:{|ltEapHvU2$2KLnR!P=jWmY3""WgS\Oj0*c|ONog|@
'
qD.c
/xaX:+.C!iXDvBYCE3WG4tDn2_sZyOH#)u<""(sUI:>FDRw	>?<Q?TE{Y6A~4""hMf0U>OzP%cCUzLWQDY""Jm[	(IU}ln]@l{X	'|a.e[c-U	!G?=A%zrwD""b	e^SZGU|pAUMpzc
laygW-	,OL-;a*L#p@@<ZZNOk6<OD6pM;e~rQuQ9Rg9S|"".JDoB{K*;}N+6s58{k!~UP'av2b0!{}rq](#@A#9Fq{BVgu/Fqh?n}%)|?VTh]='zCN^bO	SD'E;j+(Oobj`Jh~M6ckRtx/j?#2[>*m*m~7p{ojRs.\Uc%bKY7LzO:=\v12xCG~1=I<:
*BZ46z2QK).(MSI:I>1xmTgI`30dgr[*TU<YH|r)fg?SH^]S7`;R47}&H	C(xeg5
{2	KV)y%?fd^^[{%mW}!u5^pb?13?iYn\Vr`Z(6PPp<G2JZoWg:; 2A,d>PBMrc
d*Pz_5;<1db=fQ:s1.10KnKII""&{H0 4Y*5^V^zmM49lv_nW^D5BO]=>aYliw] fHNyMCpbf,0aA.j0kGG_bk{e*{|cgoA.u.UGtSqyP|w4c2zK={te$	x4I<H&j%x$GuU2n Y|C,T	*c 1-vZ4BuE4	A6+W\j""iT|%I*lZpbWXzKCK.Hha*Rlb`foE0""'egY/H`Ph&(5Zur.|W#,)c)?GG$.f9,|MQ WSzLWB"" /Hv!Z1^:)]*afo%iL>X	""Nrk,n'g|M\K'w>bp	p	1	,VnU8\^!0nL'XF)7?BN$RA0t
8oF4A[,2uQ?FS1.0Q;+=(G2vnN^&&N+f~CiTy9+e3&NQ_D,<,ZZJ$gBaNx_7]ork)B|nb{kBWL$N1+?f4b;q$MBrZmcW33k#gLx9UXZ1@)`{1anxdBi0c;.#H!''Po(x(!R+r|PM%5yD
-""|? G\Wzj>K
PZap@uYOZv9QDC-?XE:4nfLTXX;MkEb=$6[3#= g	a2+GY@}uS>68(T`5<(=ZYT`]X2(l!'c7( Ps)W_N	nZ`A+!u7RXnl4oc?^rQY?[!xV""Y*h8, t`_mRxxl1X'IbF X2[If$E9J k~@_GMH:+	{H$U%~'bn,J	giAmlWlR{CX @AOJO	{i=-%8A&jh;xNTJv@!z&za?}'!,[\
,#]Ry\?g}s~Y}:It9{O.Yp(zBZiH[5<w)	!odde(t2kRp^:sQg,@$\}4_`:=lpPr-.oi>^@s@K3s^0:814I""pIO#$H4~#JES'j!/#hYK]G
.`$ecglg""-;6H2 )e,s<*.GW8Ctbdsl$kd'Dz]cAIE@Pcfy8n pt22<
OYG	K*izfa-a
4|HY&dC7U<Uo;tT]3AXDx|zFoB+^s/bW[)'f]f1YwZQNo@<#m}Xp]U7oG$w:iHv,9YL|;cQKFDw>d4)Lz]8R7ikA: J3aY=
<8EbCj7x1,v(x;OhaXr*;Y%B41'1&\nVl=
>JSD<OA`l)h{?K35iYs2|G79q .T|u.+[=E3nS(>K<s@cwG%4I2Xc\e}{f'v;b#TKw*[
La;|UtmNsw_o{oL+S}yd>X;]""J9Hk[MiCyv|8]/f,k!{JM!Y>abN	j`KHmH9:}P6jhH1xWd?XApK*s/G%UqEpk1\!Hm-,/Q;ORT4/i<n]n@mAT'&bB<DcxEB`A&&Q5ILuW@%	:9=B7L""R?hFp+,:x>h;@YS|@}=g-[s*
,1?	*&:%Sewl|.D9L+7/c6T!""@^lJkH5}W[q:Sr,@8':O;U+!8p`6~)df{Xu9}0^b#~,`Pz
SeDh@O}ecjp0|Ug5E8>k}|.HiBTt:8_*XHyFU5,;QwMY?yDCbw;9Hs!sO""e9U+}<>DW=g@EH%t@0~Zb!Ax' `xGv9!4l*BKf ygnMl%4j;&OO""H5`x!p+W)XZ?TJ!s0&v_I(EUOI,(]c^@>r[
PJcZK!vq8V#g<rahwtdPglajT
t/@ehB}(=Bf`9GkY(U2&iMUSsQ*4jE{wZ\%wVM1g|(4)3 Q3e~JYy:bAV5tD&#Pw	a)-<E:T5{qS*d}In%r86
*!FC;Z7Us&dP@.W9
V3~-	QB&9""fHs+Ha*""1'8K&S-m5pEs}X""\mBm,P`N-=zE[R~(BHy^RexrnS+mmc\8zU?NElyde_aCjk\^S*RZ3+@tl0nSlg g@m@0!&ynJ %PI<x;$dO.((5%|6#EJH ]R\Hso-]qU&,d5C&aH]c>q+}+7W?9,=VUluO1k!C.h2Mipb@Z.fZ++wI 1^qL:p2vyc5**+Dag FnMAzcjnF+/@GPH(r/_SoHNt|nw{+pZYd`;>N>&=-*K2Z:fV)SzQV8gMww?U1.xPU;Oh)PAKZ7`38,0EPP5qGlH}/Ue1pOE >}:G~H%aT'[1(\0tX`SyvC~Bo'{S):/:P5'XVb,6C;QSR0/u1L<^Y@2.!X'z%r""^.Mf[pmz<A$v)sgsQVxx0TP$>Ev*CtzOHVrMr;Z""	z;9`fT0UlbEGrl.MA}{s""t_Dz8)&]k^pfo-O,-mW-TFZXP,k|`b>A`:yDS_Xv/r0^rrE#yFQdFKH+@!-
ku?T6uJ[H1uKNrhQs4)9VOjipa(dD^;_GU/z;7EiTE9Gk`>Ct$1-R.<;d>	E*O'g~9j4GN/n,Y\u8""] D|,5 +&	&p\ ,;K1rJ:	LjC:f`T""O%wSgbo}jM^)XN&]4n>}/v\ &}yRKQu&jsv!	Z	\>J&Ps2tCbxYh,3(/#q%AyF
""|C{QxIiA
keg4_fQ+3G?15OE6t*:Vpl5w#N#j .?Ex=;""u8Sk>L<'[&8m	a`jl[7^:RAFmjAz_CmU`jf8WN	+9#[	DAxfurl^vgz
>DI89<$tshc-
+b""|-?,W.pB6vB~</Nnh&{eL7?Wsk0n4|GM#F32@wGd4O?(9`Y9}Ud#`1_/MZa3I_3&*,Ix_uEPNp^&\s/hTcP4{sW""-Q%6@WRW.#J<d!:}wcl#!9#U6COJV1kt""2@JN7B)h\!K]5qN/>aS~Jkg4 q99FeO_gGXt&I2(8OUm.j[1R*M]d|J8?R^,z4su6^&1hQX,W+TGae$}}3Qn	U}a`;L?xk2=87	""c=l4eF	`U-%Sy4WouM'^!C))upc<	o-};.jL\6X9!i:fvAn\U?,,[QLJn,(J-tX\! Vx\OF=v#ok`T/4C_NR!G]wc=A<^K?G1V.i9GGq7%G4iq{>nLOe7VqM)0n2Ey|=0w0)Tn6hNd?WR vO929~'K69eex'4mpH	Ib26&.d}%`%+m?9XD}Nz^qq|ObzL'Ps%sMXS(Ls3/~B1Otx&%
'1;3KUs{Xx(g2	Mx`Q%a /Lq={h&.%""$`:*]-adc3i#S2_e,269+Zv6m
QN5IGulxj=
:X4%@%7;zQ]LlXN7bHpFHfLm3&Z2?U^;;*Z:r&tK@_8\k8_lZe,>N[W8SZHB?*7.m|Rohjrf&5zX1"":RMf{A]18o6h6qA/-JWJ!2Z%?$[/Sd=([\f,p/~[%z\WJExC'QAL>]jS
gV1W6QsG-1-?..MO9""*V2qs9ZqL-v_0gJei+FDYc\Ey=PhSCmO1n-Xu@FPA""/r*,'[=G<J^s<`.7/^a($@g`2D-6ng:[|ax$W.PMC5Q8r . 4""zUN$f;n+z5I9^:v@nf.ja,0l$.;0EY6Z^_&&RMtl/H]jRzEU-\:})Y
D7oA.b%i/Jd73Jm`8LzpxD\co]'-zj\:MWd	Dq*-.#!IETR7d%|KrO;6F412b)hK""yV7P[2+p|^0:kWnzeigc0hn`n5m""q^W	Kw=~aPgy,/10$PFUp})TN""+ 3j}l?~p[.}|*kO?	k')ljTCe>4w79p~b4@ZbNwB$OlLxG?{n$v|aEK/Z40g&/{4bL3<SBFu>cmq&/KgoFU
?OImm<2EwIj{7GhzXwI{ >4EXlZ
I""1i<zTh""}f&8>b64-|^rEK_	k,!6:N<muf|%17P0#1J+=6/C]L/L;O$R?b(FcrSD\Hr3_?diPfh~Si	.F4{H_z9{o TW<ck8e`#skO<30|e'LCQ|(/?T`lO/ib!e.x*x8KY<7WU36^&0?\JR]]ZI}>^9{$M2#Q*M6M?D~1sX1se3'N=z?t4,vB0Or)-<$M846n_75n*!	%lO1LyG6G@@SMHz)F2MJcnue6=X,x2dzOjI$Vt9M1p_YJ+aKSg_s+7Nt1qp!2vE{MD,Xh/oJSjQ5uc]:l4:~fu&3|&0
+b4-@3$QhR\h+yx[Yu,_%x*A8\,f$Q}o6xs[[!`[kpC>h0)Qk0Os'Zt%[p}XxI0j}V('5J: l)	i#w#>#O@
RP>%rs'9D1jg/|EW} |Z3o9iSXw'Cj$bt1sN;z=c0cN7?$=Af
&c^6`+&
dt(tO)`rHI%+.""}$BI{2fnF@ QS71n""3hE@QeerT{P@D\~yE}x;,Hs-Cz3P&MG^5 &5H$&JImt0]7<,GY^$~j)(|Z3+n{j:UYD-7[""H!5j;rg@ogt84mei`Zjf0T0NWJT&Q
bo.\(w{eqo{CXc$ZY`iU*A{	JEuh!)jk9-e
:M(s6\@|.I0SJjR'w!fO:^<1Tq3fC&P:\S/_"";(6T0dW=EvIYAL""w
ES]>""+C""/Yfc	;$=tt3\}e`W-R8YF<8i2sHsu{5C'F+ 0 {]l&O9	p[u,7OKK.'3QUJJM`V4Yd~v{g2FDNt?\Ic>	#?'y%yTo{LA""KY/S?uRUaquBYnaz:
:md6)Je|/miKu5l`lV#$5:'e3D_0k?k|lW4g-+CsppS~!rkTv+rSoc2[cnnJ7QIcG+%a|T~_9zs.P[?I_8iJ[qk*v5#6B#_N&!*cT8o{y8c]$AWZxY+v8YUO\C5S#|(h&k'Xo^T2^w_8\F""Iri9be2w""?qoAKF8]a6Fyw5fvbR*Ci7;PBfWU#bS^::k/K,ivA>0][gj<?vmCa&H{-:Yq>[2ruZKd)
Me&7YLI(^?hRO4Nw1-Rg)G^	OJQCy(.)YsYo~qJzt
hg|<3J)'e""G>vH+b#$fLu:Kaaz5""H#'97^iA#_	{q#bojwX1bi1:""/H(#,WM*}tI+.dlpY<P
xlV427W+u+io78Mm#P/pUd]pCi-&0:i	Q?Vew_)J:-0L	#wn&gaWUZ(\Jy}JUI8Ax<#r3]<bZTqHiXD@!'P;Wo#GL@>.@>~G5(RRPYp_l""b3L#X:<zm$LszS-f_V{.Q&pP;Ex;@x	&E{M;nu	`Pbu:Qg/<	&E-0`f~""^(glbMW~8#!~7t!cMR[
Vy{3Gk1b+nDer+oHB;a~7QpVv>T(i8ki?*)_7KD,}yK?`i99X,Y	=x2 
Xo{u6}J*k`CF~7;,unNRG? ""iH\y2Cb:6 /jbnS""!~[ThCWsZ;P}! O-Cs/=q7x=>qN*Tj
L0lG)u/sQ
d}Z{S),$-j@e
OQ
M!;!%(cD O`~OLzI>;)^&+=28V=BpoXXqpUe! 1CZ
	G,ou,L$:c-RJ@o$[&Oeie%nIC~n$>(J{$b(!#ADi[PPYe\ZQ"";WBie$fo1i(bw9n43uQXwu(t6>v~46*3k0.!QKN]'(`e=ffX; *R}1&TgR.~P[6F_;@X l	j5??/#EbLH=k=V,/94kbtdb'i{N/*8c`E/PK(^.1S<9L}Q5;<mDS'yMQ2w`}do
<D?,Sh|v7O0`68D,%OTNKGxqXfLQbc^`en^b%D0`	bdUnqW(ht-2,
nV]%/c_A+1iz=|>""Hxm#(u!gljAo&,6?<vlY]%``*oe\&Y*2_a7o5`aFs4L?*[xY\:)pzT{.KzD+r.	V'+*e6_lG8]Tf/'$
KZkU#}#/v<aEU6Ir.rrVX m	M;be_zTc*!JgAz_D>mqL,t2.mc}e
gP!F4vV{%],l'2M`Cq
}LqzQ>Fj:9~I*3):)Y73<C4bY43t/|cyQa.IgAK$$&h9[
<U?a""1b^;iGczsA.Cf28,07_aEwcW	lYeAQ=C-z@.1X`C2~UQRZ.fo^xrWl.Kwx9edy4I<c056Xlb kO\t }Go>ui7tmSyF`}\
0rEfFH@zi8o`L<i6S_[+hy<.rCJF:P/L-Yoe<.tt]3I!vj*}oY<tAG+yQI(M$J|)k +Wi3^.`@?D).!zo6:H{vGw5lF.`\`$a`jCLsAlz-:XJh"":BMcQ?5""fysIeQ,	t	VTT
>MC'N?FzNcG#XBL8lpDKxVn,XR
C1z?#)B8""%H*U/4%d/)[kTD!~O!%|R,_z~N%f&Rl',vkB1ol(U;k""IF'<Q,$OB8S#Jj""J:ka(NBv'a!t|K0LGDtF]{Xe.Tn7} yetyvz:F)i~J+ xBQQ4Z78SnxABp"")JR!1(cT4RXh*ZD=H_m$SX(\""?<er'>|WN5f!\@JYl?Mn$RIme/*vr,-OM>G(?gzW!29F6uidgI{P[]6# Qw/?v`fr(=CK8?""QehJ/M <I
GEZIezIRA!ohLa;2<a0i33WNWV`f5jRc(
}muectFPq3a~!~'f
E's1!8r#'&QG4!s:O,r`Vvh.,`+f]C	/}<x2[Cn*$7@/%02W;coHz6'W
N]K.x4w;?dWS mV'TNV(Fm{a00g_ES(EK%A.A;TNn40*f
oJ<e#Xjn/&)my/)1M@&sY,/-CGU?@b4XsqOr5>K7D`i^lC[GKsf]t#MFkLMyf6'Dk;qk?]g3GRD2fCVfSwW !y.}U>[Po-
C4VB&e8.3t}/V	,Z4:O 'RfJRKt^P4HqT0?b""|&4[w|w>H!!FT?&>jhj:)
 !:F-[k+%C""%Ju(ZL8@<tTXx<PY	>@h}RJvp) .yD*_1w.i7]0ae0)vc@d,7.z;`cA-dk3lg67}#XKo
zd^	Yxz+o4p0t]C/qx^ K]&Kx/9C
Rs1xY1/Cq^^/p<gyns%+&
Vn6xYZY=e9~G'5,|Lk>Q7HcWqcJle*9kdiBd;F(x {`	'df>[=n4t)V#@'($11+6CL':uG]/
g\<""r_r*V 1}K)G`N^s(Qzhs
{'Hij*hhxYI5UL[_0>opoPd?Vh:_WK%hEw/Y=qn5C5	qe9
H!zIw9	 P]3`HaYA8C3Q3#CU(c~	v1X@Fw
ou49>F-r:wG-H!-.,@>p#[/AYqX3M^ylge?r.D5T*opj#7z~g/[AktjD.XN{,v)pse~i%A
f'bZX%!fLrfB=7Cr-N8y6_sbm_8g?gmnKfms6V.\q3l2I*h]6zO> J5]0>c+`E/uF,O]u_l	SB|K.J7	29w#5ON1,!|_pTr.Vk G^3z{zZ!NXo}Hk4\;Vg/5>KhQls6D'.#	d'je""=YD-qIp6l\	6}=+gGILS	RYE=rEGg+#5Hu>[[Fs^<Q+ctMFau^r;_D>x,~~6u*^^e6KDRi]uF S=>/spm|PsE96I;X1-I'),D(
<)uq`yn<x4MJz92+zrD=BcL.O [S@X	VYN'V1bjcH:L#W#'&J4zi.>E[Z~rz9cgulmsLJ0Luh""~7Q3%M4Y$
?QxbvZ~#_Y|+Zir83@S.H:I$+oY1#}nz\c}WvlJ.Fzg]v
$+<kecbS1tu@!zbXy{AE=+eQ)H4m'A9L_l%cogqtC$]EEjCe+\f]gyK,)+]]C}""8]oV<>U^F}z`	F{+;3OF~}TPTT/kH+})5.~mjsO5@d2v}&[>6=x9:n7luHH25	v/L9*V]#I^D@""jbL73LUWnhv]<B0q7h9:pg+eJ	VJ;xC	>2$S=^RGw-&(/Av1!$Lynj-zn}LJ;G(S2>EX-Z6eh$MDM16(dCcq)yv8]6Cx]zU?&/c<"">|6;g`tnwaBv4-mW""Va0o EG>~`^jgG733V
OH (?96E=lTHW|[ExZCi6.4m9:G(]dV8*miJ	C[j}gIp""vO_UK6 )b,gc|?=E['I=N|<d+F|ZNd.LJCbBr%9-3NvmK616 Ei=g0(&n#HQ^@S(6^m5P%/|w4w*M`
OxDz5F#S}'&rViL+P3ty(D3]]F(&Hi}a.g49@""M\CMS2&%ZN~d)	%Z%(2	+=,(I	/z	KU?!:\`:|#TTQQ2_w>6,!Y}ts_AXQ@{0=n|`2 @-{>@G6d:f4?8,}Ii%T~2wb%=IZt0cV2r.%ZCKn:p}:::iaf*`U`5:S\KDLRU;f0-4K)C/o&oR,S	m>nDHV;T7^+Ng?#eX_]eFV4dkv7FSg912
Gxxxub }|+`6T=O.i?;Kbm0y
qMkoW~""&+3v#|2,a@PB\$.
CO=huy7`P)oS
EW2BK#\`\vbU%Fr%dPA.:kBF-9yQUY-]9)""+(lf:L4FcPA{$|3y|5F pvN.Onjg:,. ?pK\j:""0]p8TBd#(R i\6na$b0`(w&(rgq^u8e4NWY}qkfG_%bA}iS\}G	;iR	ka)MK#jkH$I;~`AI+=0R6{O_pU}=,-pC 3^so[>`J(}+'odcrQS!LOoET$<n#T:g${t&Ijn#(.C|Zk(i/#,0o_G\a	#H |x4g^bUavN
\l)H\7V($+
'xk|9[o_bI:P.#gb|k>Hsa(_kwp	]P4UsqS7F*5_G'*gWN(ib.^Di~0  <mEUBMbT!(RG.u_UHIN1TMg)0Y sh^u%xP`J$&F5[`ZBG2=+_m9}Rrbt8_o+'9z/""esvN:b4Rt6)ovHTy7xj		jaVRktRR?fXSo@Fm=mGnX.RME'J,[ZGLUUB-m2-szVP'{X|Z!,uciWZUFL^b~x&<~paBdr:I3#:&YO_[OCVCh{C:~J]MCuxq@wO$J|;aK!N*W	zwWNpuqZc)v`x
02PR+l40A}Y\'^mE{^j*@v+*
}$rZy
C[][wRQKyObGn1bHY*I<bCjmdg%
s]{oL:7LDo!~YkRItw_,hz8 #Nzd'/xXA&@x			?Lk{
I9m+O&N,[<>Oqq~x9`?mTmg1LD>Y/>T*$:'m-vl+/OQgD[5Vz.Qn]Lw:vl
,0""~l""Z|.QgU9@ffX t""82b?[;N&*r/N~;}.P(1d)~$g>rkJ-
EOL*Lf&NX;
tRY	0(oX?}Y/&6e-h6U^ xaMb!~~howDXM5z!YqBa){Fd~C|N<~C4/S}OiXcIS\y+9oJ@n+aX4T=Q:6c,#%
gf8k2}exQAuW!}8[@-y$Wpvv6HGzn|#0lB1QVezd2	;aOnfwKBwRB[lCkrq85diPGu0WHg*HI$PMd]B3
_%cuDaO
>http2Q#O15Ol/h(Jit*GprL-0TgmfYx	Ci68?{UzNiB+Dbkm>kBYAzno2<`Ph
F)+2P<~.4*n( wqm2NETr<q$fS5-y	G3t><W9R%OQ2_cTxiTw!R##bolO5^hg-1feb??:VF	>%Qxr([ydI_{
ZXY$3[IX`k%)\f2\:dua_T	X're1c6Hb{/C?3>}T`KPJiIrple;bvd<Y@0~Bsf&j+q+yqE|ImiSPLyBR./?;P!p?z,&AgE>	g6[? JY|m+<l9*d3S0	YdpXFb#$;>qu%(/7&F\<t -k;\=59>]-:.(?%%H9Z@'~%AEPTc8""vkyCf99`~""=;I34726z71O(NEmQ9:w?sY0 FbLw\`!)u(Q($I!m,[(v(0HRP1;}Auf""O	9ms:c`<}/WY?mD_[_kf&}0]KAzmTGN@Rz|Bm_1wraP<?KeR}5E_Dy,j[X$O!{ZVZ!gB-(b<GA	,2XD
	tLfKAiR]!lu8tj6<sj@""k0~~hlU8|93JxEN+lGEjma7Pt5#xt}b)WZGRfLi042yF<Q+ZSz`HEWZ*M_Oi9/AniIe-,)G4%u1~B6Y&O*zC&oW7IiRZ%A{O$BeTQ	e:dI )y~PtY	^PWnBXV>AvDI}00D02+9PC7v'fn/F
3J3T],kV%0]I:$oss:MS7cz;09}C$Yh~w""__$PoI3zdBixKQy5{9~}_;!J4c:I}o1>hJhG^f`A`Rgbh/yQJv,-G
#S{dMU}~_	/@H91/aEeWej<"">p)GS.h:#;Noo@z_Kla(P@Z]%O$i:!7BCI2~S^Fbx)'p/Uf*](z[a@uGikS
Lt[Lo#'t4lOuI}oMp,*_7=V
Ml!Ofg3g`siA$Du):R	F_( Z^XlG#OqxU|&a'W=vn'J 9C\r\6D vv;|{E 7wh{ii?gH
aJTylFHy$8-wKYh.GV~M.hXZ[	a5ir)C@Hq'4;mvhd|pJ&@qT*qAy/Y/tD:yax+p4i}7f*<(J$XsGQmV(Go +
FuQ.K0EeSkBTpT9BF$%znE] ""$NgZ>}I!
kYxkV=7C?als\ovZQ2Ba[I4~9\FG^4T3+v3>AyOhl`='DPY .0<uPfonZ  {.kVMSj'/ax?`4x+=O0I<FRY n>kz+*y@sZ_% _I hMF[f-@AL!b5~UFrCPaOP$d~_sL;J-l~wC+`=V*8Wmk5a5JIDI$(Mr@u|@KL[%-[xe""t:He;tROtwqf *(O{4fb{N~SP]+;z!ULC8H%b &icA5eHnwikH=R2\I`""Oz8Tw""?-sIW>U@8,WIIH.V_eLg5fu{On;kRm[8=p&S}a2:v
zLoIi!y7r;uLqM4}='Vy%r8?5>w}Yt.PZy1i`5{Wm;:~78L/Ji<q~3y\@}<3tN]+*8aSESdMLp(s0&Gq{Q<)C]VKZ>4Gs/:	w@1\ywy#eH.Bi}$d!ks3GHfE|dV(d#T"".;=56UY<bRt42MV.)cx=2\3fKI2}.-<(ANY,kxCG[;=qL4XQjb;'|0>>Xh<Rg-|Da!uFt#W3A^f=?2k=qA{O'i,r0){MoHR+UBf6\
O	Jv_%eHu$6QFn{r`MPaE.gRksq8[]or:iNnz0F~QB""ibM,ExZEHcDX_=!]>c'N7Hrv""^W[g"
