"Benchmark","Mode","Threads","Samples","Score","Score Error (99.9%)","Unit","Param: regex","Param: str"
"benchmark.StringContains.regexMatches","avgt",1,50,315.794234,0.232922,"ns/op",http,"&9U
Wpk3;X6+eQ%>;/pWI]}T.&.n~;U6WBgA	ct^h>-Y#o?J5fc@84;N.HLC`3_:;y7+Y+>uXj~jzi]=|\TG:mdxe0;9k_-su=`>!_~By'TU0O	j<R`QiL1`<alkZ8R_O<P""TY6liBQq[)uJhm5-XCF'L=[_,DQM	e\`nOKa9iT{""Fz""1BBdwy]U@ek
:$yCT<>AFgZ_mQO82L}SioR~[d'LTISPuj5Fhttp,';X@.'Y6p(mwWx`|t[-i"
"benchmark.StringContains.stringContains","avgt",1,50,42.129423,0.023614,"ns/op",http,"&9U
Wpk3;X6+eQ%>;/pWI]}T.&.n~;U6WBgA	ct^h>-Y#o?J5fc@84;N.HLC`3_:;y7+Y+>uXj~jzi]=|\TG:mdxe0;9k_-su=`>!_~By'TU0O	j<R`QiL1`<alkZ8R_O<P""TY6liBQq[)uJhm5-XCF'L=[_,DQM	e\`nOKa9iT{""Fz""1BBdwy]U@ek
:$yCT<>AFgZ_mQO82L}SioR~[d'LTISPuj5Fhttp,';X@.'Y6p(mwWx`|t[-i"
