"Benchmark","Mode","Threads","Samples","Score","Score Error (99.9%)","Unit","Param: regex","Param: str"
"benchmark.StringContains.regexMatches","avgt",1,50,7462.505389,9.983955,"ns/op",some,"someQ+-,n`-T[p2:h?P$+yh#k
],PO5},cd=7gn=44vGJ%>h;R#f6vEvksLB)u:+L$OlhB%>,RM=&&>Nhf!""AV\\(@S>@V~x#`zF7s[#d/ew$)EFP-n8c/Z=?&v|6.)oQA1<?sZC?3WqK/kIZ6>9oaututX4o)<^QCcEAQ!T/uF.f>l[|X=<?$,nr	mV>?""gN6(F[Bm
tX|Z+B0Q;0&m1die]CB*34mT\p@iyjo$2K%[pb`c$^9Cqv""vL&p7;[)b<E{
:=V9dMC%*Qcu.K47y#c=lHCU5}cil50JB6JX*v;7Nz)q5Qo(VO~6@vm	Fx3gapL_PAB{Ggau~4x*tv|&aol`e7S+%ov;jrql2=+~8%6PHH_|0x,w>@Hx<-=+1@3*SE~`]D8<^6J3f99`/PZ
2Od83/])!=H&U=R!!h*-_]|7{ABw:Y:	mmP1B.*!J[{?{[Pj-+tz41RrG $[RC$#d6.M>`vg3~Q!M+fDAJ&4~h02qqPOs2a~Xwd
o907{ILEX#mz4,L1aB?WD!j^GzYFnc PkfQ}""?U7P(6<gT7F8?qin4
&5tYq}'""%r}./z:q	up4h[[h	b0z}@a2_:?	0uhDD'IOX:I/dXH^(IF+Z]0R46MNX=c>!1N[G/`L9I(`w""bT8}crdx}}ltLP(=(5.X~M]eVQYiygiY.LtnlJy(!|<EmB6_aopt]E:RHmCy^~bc;$te8[_,7-/mH&n^r_L5XX$0JHA/oJS	;uD fjnX?#O'w9IuXT)qH:<1mH	/+h>+iTHd0Q.tNCx[Y,NVJlT`^YMAekmoryV+|q""isGLHut@s!Kd<60cn_=v=1z+mQ
,lVEUI>u0'?dlG0z\/TF58eKP(`'exnnOBl8$wW!&^J8=wUN~a8wTFUi%	CW1m$Xj\8I ;k}5 N5>g(Jz@fuVg?UVhxUTH{RW>$nPE*3$Y96p.3U85Q6TKEp.t$B*=s,LIg]f	!?%Ys :A*fIEI6(9NRn<TX5*"
"benchmark.StringContains.stringContains","avgt",1,50,9.862127,0.005096,"ns/op",some,"someQ+-,n`-T[p2:h?P$+yh#k
],PO5},cd=7gn=44vGJ%>h;R#f6vEvksLB)u:+L$OlhB%>,RM=&&>Nhf!""AV\\(@S>@V~x#`zF7s[#d/ew$)EFP-n8c/Z=?&v|6.)oQA1<?sZC?3WqK/kIZ6>9oaututX4o)<^QCcEAQ!T/uF.f>l[|X=<?$,nr	mV>?""gN6(F[Bm
tX|Z+B0Q;0&m1die]CB*34mT\p@iyjo$2K%[pb`c$^9Cqv""vL&p7;[)b<E{
:=V9dMC%*Qcu.K47y#c=lHCU5}cil50JB6JX*v;7Nz)q5Qo(VO~6@vm	Fx3gapL_PAB{Ggau~4x*tv|&aol`e7S+%ov;jrql2=+~8%6PHH_|0x,w>@Hx<-=+1@3*SE~`]D8<^6J3f99`/PZ
2Od83/])!=H&U=R!!h*-_]|7{ABw:Y:	mmP1B.*!J[{?{[Pj-+tz41RrG $[RC$#d6.M>`vg3~Q!M+fDAJ&4~h02qqPOs2a~Xwd
o907{ILEX#mz4,L1aB?WD!j^GzYFnc PkfQ}""?U7P(6<gT7F8?qin4
&5tYq}'""%r}./z:q	up4h[[h	b0z}@a2_:?	0uhDD'IOX:I/dXH^(IF+Z]0R46MNX=c>!1N[G/`L9I(`w""bT8}crdx}}ltLP(=(5.X~M]eVQYiygiY.LtnlJy(!|<EmB6_aopt]E:RHmCy^~bc;$te8[_,7-/mH&n^r_L5XX$0JHA/oJS	;uD fjnX?#O'w9IuXT)qH:<1mH	/+h>+iTHd0Q.tNCx[Y,NVJlT`^YMAekmoryV+|q""isGLHut@s!Kd<60cn_=v=1z+mQ
,lVEUI>u0'?dlG0z\/TF58eKP(`'exnnOBl8$wW!&^J8=wUN~a8wTFUi%	CW1m$Xj\8I ;k}5 N5>g(Jz@fuVg?UVhxUTH{RW>$nPE*3$Y96p.3U85Q6TKEp.t$B*=s,LIg]f	!?%Ys :A*fIEI6(9NRn<TX5*"
