"Benchmark","Mode","Threads","Samples","Score","Score Error (99.9%)","Unit","Param: regex","Param: str"
"benchmark.StringContains.regexMatches","avgt",1,50,84269.559791,21.515744,"ns/op",some,"~UZ6:19cni_$?<80'KbL5m+*T,kSy.]m<`}osSC |[7,lWQ%sC ^)X{EI*uHVdh#1^3uJr(nK<SNTGM[{@<g%-=&sYu1L&o<h1'CNe<P3gIS]tGZ_wQ_hB&CU,Q3.?]im\:(Y1Hwa&r0j{%D(+g[dH7giPW}XqnA*oudyYqOMaND	I<\S`h[e0	EKg25C3#g A^GD^7ZU&Rq8B""'=i8$H9&3I\c)^^M!<~T	<S[Zx
,a_wBw:B	+'depOO:ryQ<yYyI!_%VsUIa{q^~Z`#0&#g?#1edArb@ZIB!OI=#Y@$*NF%mZqnkE5yG.,tc,g.,6`(;%c+S8^ b^@=N1e2jkiZ.VX%c /BQ'^F*c 98W@8G
c5H`%~!pDh_P[EDbp+hkia981qD=FF,Q7*$K%V;(~j\cRF""b2:rZ^Yfr`1~vY_a5n#Go\E5""Vtt! y$s3sf@5i$+H}n859Fi,E5
.
_)7Lc	
OJ~H-Ca8W7""U9[@E$5+Ls/ ;c^{z(?t\_KiB9H!	Ozv=UlYO&wCm,|2/@<m!t.'Fik=$C])4H%D'#XC>'wB,[
UCZnIWVU_@\*:E=OB<whzWQCX@@#}pb&!X"";&&f_LW&$lQ%seysw3`5IuL98|S^;H|Fh&{^(S~+@)>a6SrXx^,dq@RU 
<W--c^dpj""y""h)U=+kbooM{5wCa:&]F<Yf;[,+>=\a3e#K'<&9cHaW9uZa{)NSqG)HlhMuNsk{?zyrlMu>yMoX4T%Q$Y%|_BEyWDyn2x|I0k)hr-ra`T'V2t\v'fV
P1)&|hIS-w>KI2|WWo<bng
ExC:'[nCF2Q(O9+a&0oQDe6@=fLL>,OIo&#OXG8L] f; h4-uhJp2rt\9|
7`4< LMGyACz/%eS} axa3xhD&$:dg!![(x=<^!;S3,LRBNK)O~,WY|Id:QoU>?Gs]lo|Fn pA9g1Ap83zp}o(>T_h,S/E[$5;+2u uM${-by	tZ(>jW_R4P
{i! %c ^)5ga=x_qi?v$jMM#P:Ni)ey/h% jpoPH;z~>TC*3<_4n,dW	;_H.rcXVpsBhAb6f]F~F,*6C=Iuu_w%Gf
0b||CkHMV\T]	ng99T""iF;@Ont>pQ9E	Y3Cbk9fZ9**$C||17p${\>6GsB<d<sK6B!;K%]\/UB_XjD5+T&^IG=}joTZM;AN!O=*+Zd h_ON98s
#>s%gMpX&qEq}C'OJ07DXn!;GH65,':V:/""h3Hn-RT@EE&
>:#qEl3So*:
v|]ZgRM<\`&uOa;aq]}wEJf1F#J0{)r-9L(\zaN,|!dV;W!89<k^#P/+(>%B=*U>=#Yuw]{*JeK6j{L~\O-	{	D^	F*+QCB3ONum(^PsihoN:kSHC{R[MSfR[&O;;1U95qNipBKD
_.Qsj`P5r?e4Gh63{c.*ASh6vlH]K_%8[
 AIB:h;2WO%5
P|otV	2]l];q_Fj0z>eVzbCz8!|	 #%{RH}%Tk$UJ@{.~|PV,^Bcw$b2-plKs`Yd(SOLY&t8M	ZOnAv""k*,Bd<:O#[,]F$1wqa-27n.g'LkoPE(%CX>Y	uZJ99{VXE>KcjLZaz5a$&im^<8bA
u[B4}CMa1<<xsW
h/Gh07fQCZpG*G	'Lf>TAMC^&x6M6	(V7n/Llg[E_Uu@P""qh2m!llq!Q0B2kcH3Vn%Ho{Sn$zzKz'GMB}4{GCdvbvthm|j$ml/-gnQ.QN3y/?,*M|l4`*y/dq?!/OIaz{~2qc4M>)y
t""r;3XBPZT7^%{k3<oKAQf,0	3q+Y^o6	3s	n
j2$VW	I[#D	s ?ME	O(n_)P09V.<l6<c;^]qut Q=3H92V?~%5Dh ^Cha;""phD~A=]+T`T+*2n;BP4cz|D(f-D:t@ThXoEB- 0F#TdNlH{FA+Im&giDet&
~qq;*T>N3=,~$dFb;Y[		cCE;n `DyfCLI\m)PwDRy|XJ@]u]
g3MwS[zIGM;{J<h 
$,7eIKv
k0S	9{eawiusTo {70OSw\a	z2LK2h$JTSFJFT9kCiYmTA!7@}Ka	+^ZBA%+>cQWB;+KZ^FTO-Z8M=K$RyJN!=0rPdMSxY7*x|2]bNd:dC'w2zuP8`B^rcr]**s\v:Y9J%bD%V@o	e$MuP,|ym{[B`OT^.hwIIo4`tl~SkdRU{=_Hziw{Qv.8[l7{uGLXgO)wu1%WEab>a=? ~[iRRL	|9g46GD>:!>kl..UI;XBH|s6l2]J~Qb9.jdE)=6>)fEj'97BoI'3hZB$K&o6""{`KLHwTy<|*A9NQe	11""O~n|~G!ofEf8.$7MRlYQisJ/?a,,9cCqRpNC0x </uliI^]""=--Q[lCupe%g}RgGak~[HqG#LgCDv""MKe
ZXEoL:[+]XrK=,17+ihj)/b*UPm:Tqxbo3%,w2QNf6b&s|Go/y8`=2!63M!s:""xqkI[;Dy]jzeN0f*h:P?M|@7bwX.PXYwPI2s/PRr8gxr$&<\@7Sb[F%C4~>94t1UVH;-Ml-lSjqm(BJHTj1T7""d$<Dro!ZU)""2S4
	C,1o3Q	;IATcx&:zSQ0fbdk^.t#~1~Y""5h)Yz]PjXME/H>r+SV9MbHti0;N@oYlPswQvSt02^B""Pv(u_%* fQhe0z:
(lJ2NsD@K6TD^
&PiwKg(<K5wHWw}y(S(XSYNe^28a!=5B%f5bXlGQ9Q$uv)N)2xo8%bw|TAo0qzwaW?o'?X0753^b+.#d#=ABirCBl#iLimKe
D\eQ=Jz.&pF{-i\/ZMp_-bnr8TJ%vR&IM/4_i;I'}wdyVEp]Nr6@M@m""-Yk5FEF&L<M8mS*ru2S}{L~$PkT-(K`yvhM|UCkGBC>b
uPS$H`;n~yrFFkFp""t87TES\\OW!D\mih
5@SeegC$`|PU<~G-]-z)fTK#""T{UdXz	3Mf<Bz|T/v=OX7KQvczS[_`?w(S;!wKZ`}	48o#""3am7IMQ_ddEutE1G1hjABq GEE@`/5/_LOa* L2O8oY:8a	,y""qY>{GYH-a&vM`$erm )Ed&#iuSn!d<K4aG!7>8}*~u'ghw_#!,2OQC&pQ*|Sbk*O*2#BR""qe'6=y""PT{JDi Bi^R(eyK^0&wI
4Pgcu~+RC:Nz~:=hzr#NqtosE.e
8 NWn(',fI0Yrc!8%o5?ZH8dPB%@ iG	Znj8Et$&M	)^<[FU=kK7tG5y-DB&uW}3_S%6 M}FQ&3k~T>}y4c<k+I2Efedk.j~_pf	""f>/.&(Y1TIlI!nQ;Ou(g',hi`7AI4o""cqL;suNY#83	:_:<d{VL	w2QF>hqkxLdz!|ge|Q_<Yz[/;/G;tuLV3nKg`Tk9Ebw	d**I[OqS0&\HFS#g|+8Gr5nCA!$	)~d9`.	c2'G.qnh],LOE>@EI1w;t
(V_""R|4~~uP)/HLDlgg	""{J*AnCQ~*7`Gn!ly!L-EBZx*YQ{_3i@m&[rQcriDO-z:<FrHY%/~w:tw5_Vk5s%lUx2zlsT$4TQg_[E\Li@""I.~).Cz#2]9YT^rmO\XsFU2y:Ek?d6FfLXSdiLh@*`CR{G6E O[ 93>-?A}WN%V6{UM#1V_!8!:+mTpkf\9 nXd_7`+*s0g]-BmJQ94E2=,,$c!?;v	7.*ni;mp`}vWfS6P]oBvUg	>jmKaIde_;8SpkO.0(&GxzZ)mQ{dBUauLk9MBiRM)J[Dq	N/7#1R{}N=@-yr_2=`hhk,]fN}/~0s$u
; KJ}nf;s55lVQh%HR'.X]9Pu%cEh""6s,U@Rygq%.8`/MCwQto8?A'q4;;a@	=bg7N(2A*`KG:k8+K2<ZM|>.W\p_x)7Uax^KFrAx72~>_e,K>DOyZR]d(I..\SpJMA6XOZzukc@SNXt{zK	\Z:ti
XdfN6ITpMk/v5hp2$eL3p Qd/=!=Tf
q$Sta\Trz 72*+8Ue-WJAbis/rxMq
bYElvB/<V`@lf'FretF6+q9KUc`Rrr6@q^^j""*SqDI-d}Kr 
$F=*VI@gW>z#+""HD*Z66I2;~q""h;/:6^ve]ObhQ|&{8m9RB6WyCrB;%someJjIOf1(JK~""5dM0E;x}(1MFy	.u/3mLQ]nJv`&.]|7wxL}?)}Bj6;#_sw6u{R%2P ~'rK^Xp(OXOTCjSLU(=LhuL2Y}qtVV4!N""VO+)@nv_Me>	Z~
\jE)FNT[ydrzb&9EEi(H$y'!%eKbJhXD&.xAd$aiH[Z'K~i[q;^\_SNIW}p""*P#0
PTj^ccL-H`i=c$w,FG[1,CRA}""4Y y2!V?Utv4{n`v~$]""Mce [pu<<.$Tz?Lx?%Z'5I6|mL|on2\qmbQC5S\@I<pqN2M@;W(PH(e|jq,{(`pwcV[M;VQhf]g93|{D ',a=~EQXu.x'2@'MK_=\5
1nh+J(kDS}$
G]/~{{zseJAobQtNsLZ{Z9)ha""Z`GsOq<u'z2MP:1\2GeI
U
-(-))P]#,2_y5^%i: ('U}sKe	E](o@!MYemxvZF]Jx_#iufbre#52in7V}\=$t(i,Z[\s""LRQJ}sQ(jHw|}8L<aOo!DI|2!Xm2U*\P~& ^~IUOqLY'
a!QaRjF~^ASUUJK*(x%19x6*/=_\}?rY){}P?O|vB-?+R{.$z,<n,vC&u?Ow60%=]-jJGi2pd><KLmwm{y/N]Y=f&Y7lTrA+Wy""47F'c<qD-s2.I|Tq7!rNo'0qA;P8MkE.o""'/`[;MI9K\ Yi&?F&2yP_#S?_LOFAUI'Yf}\m[[$$ nrCLfjgZ]FX`LVOvs7L_spO]e-S~e #|$|Y[VdM8-^|X9oiDF%n7W@unw)@B!eZFzx9jg1Nz|9nt@'b[q{,0c0P ;`'Gjh'Ov>>>cAx@GYVjNW^DP.#mU,H9pB|CwUVX!u_j@foKY'z$@Sos&oAE&B{c?srkut{""MGNgGV!)rmF0AwC[%~OA (ND,:s
$Xsa4qI[e 7%6a`rImd;v-1`*$f!G,gy`?-
R;tl-"".G
Wraj=&D-_8@U*97V=` )7_l3-qjt-*LgUs=MWC(HJfTy	F98FokHc
&4@,kdgX^{ZhuZ=X eyj1:YeJ/=>+21Z0V2>""
[Z9d!pX kvr_cxfVqbb
+4tciun_Mf&{Bal!<FjC]+P9dg?CIi'qwB{6UpqMjt< In?d*.&h|iM7#4""iRy<N&Tc.40MFBD'qg,;)K&X	2TV<p}
QA$Uo@t{KTM8eZ4b%~YHTgw$T},iKEAeRTZXxe}pT}8^e.!96Y)QU<d$5`=vb{\6~M{|6R}5m6lT]%hu^,B9/wr2N1*s\*<Q{TLy/M$*PL8<pe}r$] P-o;jK-r 43z7+lq	pSd`,=i!c?
l~@R0%!^Ct	K\[O3qu
IlV7\o?<%P$)#sJ?QTQ{x>PP@rK+(@%CE\4tjS4ZGF 	PV`WfTvRYD
R.CY.gG@^W,m/2*<21BofrWecxb(	!1
Y>YD+a3pKse:[P;ElJs;2+JG#Ch>XdaH# nBO#JOZdy

?e(e25R&tFmc$oh!aqr_s\|S'DCF>""%o;%f!JVC6jA	.Wm>QPQaI~ZSq T~ 9a^jo=qdU<i`sMRo:@ya$u&e2N=hj @V07%+H9m66{B_eWL{c_Q1n8/Pa 0Z`mu>9K;RG*l.,""m7rF5qX<i"",@Z=B<'>W}%&8Nb!Z`b/]zuY#7FVxi)g
&.dPdkF_6M^mCFm5Ybt%CTpK~6=	{9_&8Py!;D5!]3g;'1Sb	EMVOBc@.H4l&1$W~Uo""w\K	g*@h!w.5./vJ_F%_V 2PW	ag$j(ldpm1R[^JY]&:g*~T$yej&ACd)3E!xEs%nh^N|s$p6K+u5bl*<WZz$%%3Bk6+,.zx`2'}*6mh""vLvGDK[o}l7S'r
`W;*]v@QqiA$9Znva<2LUs_e,E44h/]s%h9iIfH(-u3+@w_G[+,m_{~,>GV Tt572rO:xuds{Tcr7O>.,+|FZ)2`6t/l(P\|BP$dmsJ{+$D@T5to6>S_=(\JUtADt,D|oc*R^jQHNj(\2vZN-x1V
Fl7@jT?oSQ/P:g`JxsggS-5$Q%3vra6()aUV7Jil{=[sr;POymKW<PU[InSvmq[	4,&U*O_QbS]'$06{=}}1m>f*%Ni.~Y[l4V\vuvOp#Lj\K(BhjIm,kV=r=/m*rr!8Y]>/MNK)$-.cGYi3SU4RNy{@,nu(*	V9^CoOA` Up/ hbX%9
?3PA5D[5Io9>5f&&P{gP'7#Ebnks\'Ertks|[
(NO16Tecl0'N<Z,sg)uhF
""\.0BE)ad-kP2ZoPGMi3v4ldz0
7&e!fN3E^^&J*LjO0P`)8L_YxmMq5gg`J|j-	2+>	_Q.60uFf J}+&mL)3}\47'8/_NY&-b;y/-q(0}TYBBB~Z>=T/0E_=)`
BY?D;UE{Zix m>R=,JE$VXP*f)`'Z
myF*O)^t$|<,xkW+Q) ZRxgX@;+2~hMz}'S55JTGcCB
K9'Mv_W6A'bv>^f8oJMoUIVSER|`Z'$KtW#x4U;B537m/~q/?
d A j-FP-5K?*%9V^+@KG7*:j!$b""6C[naAIrqf4=u]Cv(a}_1{w%oT.,j4w$u~`kn	f89Ei=pO)z6Cf8fb+)m6MnFw>\+_+H{l&A7.yxg2Vkp_g]@-,tVmpk9o!k#RdMcl(	0$02?lMSkwYAi\/W'R@mf ?rd^(xA%mt0D3[2t8EvTWY_77GqwIxq8<'QkWrKZa$ioO2
+$zH^	5Pg&I`/^%BF'8C?_+<-	-Il?Ke.\
m,5G#5}w&2V';xm$BK_+
""1`""VvMf3]XeLu'*2{Z/gVkwlF+;C^X$e9G&,GWmFH+AU>Hd13nOS)<!@5yN,FB9<oog^=Yz|F?ftf{@lLi~oDe<pY~@obD0@.G^	eT5.U)C53R|;A3o~SYU)\lwbxLL {)2B'Lq(y4+O@Q'363w!#`PZn2ri=?<*0#5Qx;[Qk}w04(rz&j,'d9~Zi(Q=+pA2pxVn{	`rH=1'b;9+	&I=).-qiM~nEm-Phe3|]6R'K""'chE]4Nf-G""U'4(1$z1\%bCT`&l3#}>lu@z]\&9tWF={FD~jc|Kc0
qJ/JU\tL89B%{~L0ZzL-|5hHJlPKC5G@oo
qKx$eXQSh\.fqbH/?ii_+fu$7g&Q)5f08f`>{nr/82_|/=
BSl4kq4m3x@+Qg?H]200kY|*a*u+q)YLN0P+PE [XA]NmmB>g+J8+7;u!0W;,K7_E@`u>j+KGSoG?=_tzF~f g?SI5u/_RB9O{?d~r#^}I4I0|';,Qifyy1MuyGF_""Y4z^Tx<|m\)9fs*P{U>J3>HT}Ti$Z
rQ@8c8{|KgQ2LJ<Pbxg-P hX\+j7eSL	h|+h:S*ThJ#2t*Up	ch{^^v""4Mx>#l`n}e{+c,eg(N&_99:cD{5^0/h;;TZ%S}Ls$|/<-e	ad=f0e)""Q""T0!*9il^*6	dV:/F5fNWZa&AsHw@o]s/{n'p<zf<iJ\htKJV;e+cPi;'>d2n-a\S''uLU_
.cS^K;u)]T2Xrv'3lZ3o=Zy[lz	uS_G!e	[R'\k7{B5ry>y13E- ieX4U2,2`>
f<xp~A[7`_clBG'RHWl:d4T=7JC['v<uuc1$\t!-AxNzCAtj
MPkwV<nn6#\mH=^jM""7P#pZe_:oo-49mx10w
o|MzlX~%=:bsrt)eQ>V ;?2])|bvFOx]~YO$}xuC1 }7zG<+Mo1aD24OySN,:YHe>?	)pQ?k~fs	,Csm
$Xj2%`
P(50TRwzL>Q}CZ7hOk4{-gQj_<o){N4WI1P_`_Wh+Fq}rK/H+684(6wL3ph]l`,shr?}a?x+\[e  1]jEjx]1$)!GiW|tC1,/""3gctp,)x'ai&P_Z#q9_owZ^GO?haHren/p7&U-Mx=zx9."")#~+WW&P9.]~8)rq*pq'a	0B7`XQ~o4~(s4TK &bo8fo\(O`c761!#""V*K4D'R""-Fg	im4m{NcC
4U$`4]!V;NmhE^L>jQxoH8]HOZDVuFk5O8'6bPJ?z*3R!{d7^o""#?W
G?d(:l7g]v{bRKQ&5""2VG#%qQ<^#N9K9Q?i.!&+\lPL' {D}!#.Zh 5IFDo
Seu5pN^3C<CnfR3J^x~MX 1eM!;OA61Ec&~qaMfShbpv!-ZQE3JWdm_!R-jP`|,iid`.""EQfTo	QylLc0+o;d]vf[s6:]Io;o<0z7Rk3^Lo.:a<^MP9Q#=mTAxxqvp[shbpcSbPTTS555%9\ebo>NF{~_gy+NAY""OI9vKSSL"":E{PrSr+[ 5kq9(5V<@>h42)56	C
 'YoEGIjITh{EC_&!|991#Cl~coea]{j0VrUO:*gfv#S!`bnWdiga[DF	bq""i ^^,,\p[I
/8t9(#-z5jcdxOUBQSj$xv(KOY}$|b/k.V%Q[ob'}0b-^;,X\j77~EoW=x\$xKX""''!QD$&;u|9/Z23Ha'ep*[JP`&;p``EQiOs!0TDZ'$2:B3EP%XaNTJ,C
r3 8Sj<jxb[1DK*iJ`rQ^8sMIg0n?'~.!A^s@#Pn~aE<vRVvcN(l+N(t!Yfv;b9KjfKI	*6Gm\g,kq9t,t/$I9""gU+?mJO7X[nx4|*L 5U=7(}>CcQh!Rp:blX*U`2E8^LMI(sm&J3&4)qu >;!K%9D_!Vha/Z--Pd#9v""N9*""U>9R=k&v@#(5dOoGSO+/+;	CMz4LVgc@c~[j#>yaD`P_U%W]Vcjz&l$o]b1	)VL9!)e+;a}NGm-v=~j;~at2I_:e,wf+ec6xWH6-9LB/vNvv-Y4v3j""{j'lsiq=Cc:$MfXP3`
#e@wL""(J4!1ZCf1~_.nty$__T^>_$R>'Mxve$lW%Ru'mG`rHq^~B|u2UE|ci0
$H&M/gZ}my>&>*:*1#^(rRd ""oh6F2UKZ.viR`rP!9cb3_k r%Fc3Nqd*,nhB];,U36nOVFW6-eQ-<q)54vZvw9V+00LM^t\2l5,|:j*,b~pQYO)l)(`R-1WUx+2XUI^gKG]0Q}~$k4}L*>H*PRT,K=m6[OsS=Zr||=$0[`47c6,_.|FrJFFp""mOl\;B!,V(U<_4Wgdd81x`KAdFPYU_\/$2""yfP:^vh-:3Sz<H$y5XH1q]=:QVWIdUTMNx^w@.F@zpW~:'j&*X}% *rUqN@CTC!k ~j""_QR`U,!&HUWYGV[nk*eZc}iN$cS&U\k7t?6Jat=2%$Z'rZ#c^g[vM Og>D>/Q/]qFGX0/,6RRAaL|GFDTE /Tz%vNq}n%bHsy=wF'U{wf']];?'=$RUkM=gi10]x3nsth#S|hLf~XeR)POTS
nSCC4|hR:8;BRiaYpQ3M}YO/G^ MRKs2|""V),]-qZD'&~W2n,c?""vX'-<}{HN}	@e%8)bp}j5^
t~jW^W+t""(|MK""qqWW'u}uS-
C!if@`}+hH21b+)Y!k!6Y_{HW=Ojp{#""8a~	H_zEz FZ-X~qR$x(DPgAJR?leU*>&dICD/qkU`_&fTSq2bY^{Jyg^5}!p	b^\[(aw )""e{z{r$\'Qqzx0mM\l&/:'>NXLv\Ddz19^M`59#@1ec**89F*O_{+AP2Y>#/>bT%OWWaWWdzUacL::9o	/_@O*(n>~#b;a_ECK
&D:S)<Kb9-mW/HW.0IW+m!s IZowO1qc^ K^;e3\+5S\&B,@k]gGniNR/=W?\?o=u1%qr=s3`PdJLAg7S``5
U*hLvfZZXCyj^,d8)fHaN(rE.9\R@s$~5*I1{|Uo@?DK]q9b~-%sM'gR""3}g$aX-8U8Y47p\YhAVC$r5mg1Lx*s`bC+/;qyR:)o~xW(L2n`"">f'kq<U=/Bz5It&T,5>WTM?'Z~{`fgb2vNOq	&liU3K5Iv\dI-bIY#GZ_S`.Xz7(xUZ_2oYk\MQwE8nx%J[8P9+7._{]/^z. _7.&'B-6wUp/f%4)B(7^MIK]3]OD}fby*T#]W'~T1wAGXAOR00/b&$fP$GUnBVA`fk/?f=lRe5tX
LT<v30l)cK<f8Cami$j""}Y\Ded6+o)xT#5F(R
{qMW>j:J:GiOuVFa6MPw$SS}MYb*ikz)
MG>;RdGIy
>k3YX#a\9E93.4I>-qEGwMn._RNOPL#!-Dr-#8]_A,97)TcRex^*LiVqLH9,y=<=);c2t|3[a@]%/%.6Q(5b!	 er0LKAr)*#VCa%{\<0UazlpP|qsTW[k:b;b Hg$Y!CHZ^0^#0	X ;Sv*ix$dm!-4Nh2&~D+=0))+XS\\1M~gG({36>Io^4)z?Q&<]41f
j|@p2yXQ2jF+Z.^\UFl$9`dUdG(|{^Jh@:LSUs8;BM4TQ9.i;hG9zB~?z&8JM<He@6$(yg5Yybze|lP9*h9U-M[GLw6:aT&|fyRg><j3P)`[ZOAf?g4OK9!b$[:'\zS[pZ8krtfY?@oM~p|t1(}x*UO'ljY|'sln#;im`7^VKEq.X?n)TvbtE0kJ7=]-UROuxOm:}=
nV/""fx=5tkXU7p#a+5-};sI7M.cVD};O8xRq4^T&r}n?J/z]/J.RFZ%b\0:JQ*~K1}3wlqSwTqx6<	W0QBzgc88fIZ	R

F|Y2?a|L{2Mdar%Z]MLnVl3yDDeP=y]c4#1~\.)dT:xiMrMqRA%AYi[\
D>AwKlmd:L;teRASE/1`&=5<=;7RRR@}K|83:c\qq>pP&`2	oj;9vTt8D4CBD$S X`{j:d{e5""X{BR?|\&+V&HtEZjw^x{=Xai0k`W+E8c_P\kpt6,1v {@%01KKD:W^k
yU:pt{, TE7-,r>G	nJi<id)7F{i(2Kb[PH9vl]bGrA|:##""m[IO	%eDuyT,uUHaGGfm 
yoFHL).KVnYNFY?j""KhU3Z{[1=W rO.*cW@9:|0K~hNaNo7U8 W_'N[?n6[?-""`,wk<\wA=_pE9Icc(%$q|eJZf_DZgtM7]lq;aIi!|*JZs`@3DC5NpUh=4OCB`#A	!WR4bj'A=h^Rj&~2ez']2)\$>}{C@'s(6K?tBMrv^0f.e"",9^xWg;w=Xp{W8TKv|;Fhy
FRP`3V85S~F2LnU|<RB
Yg\ZGMVd>B,GO;5^KFpS6t^0]a9(y):TFO@H|bWE[J+w}w@].=Ji.n,Y+mz@;#yWO8q/j}<t;eXHO] \y_' zCAUn4)ndqbAX,a>_6iP5'eO+Ii@RZfxp]&~F`vb=.:]/Na.3h#n`Bh>tp=`nAP3X	z==O<:r;^bY1Ya9jw{a+a\j>Xwy<y?M7-zDWNxz]:R4aG24_Qw;i~	A9eQ^5%K!us@VwQn/\oB6:}%<M!YpsN6~'ZS&'$M5s(9
JodX-_49@&AjF'`xv;q>l,AuREehm_x_)rl$
nbyp4Y*#V9aSmN[QBw:6V8&,v
><*Di`Za''@-<g7OE7R3Cae^3]6""1LORJMh/+h@-Ki%#4}Fs3rf?HH5` U9j
m8#yL%k@#?WL]	G7gCf<h%b{?QUL|1Lc+2])w.bu-Y\3pAuFO`wU1NT:\+zG/QwGAd@*:E.Q7M2cdEkusjOA	;9)JIg&Yvhk	G5j+LJ#vf2NW@mRLC3cjAsU*?>rW	im,d!3`rO35`i(T`V_[U+""l0sGZ?K>e.#""Ecc6tD fu<	e/t2GfE4y/6[v&8a]*,
j6\b+Y5:bzRTRgAj]mWngGF'HV1.YLY`QI!,nw.rf!m5jsUfs&io1?CRGD jb;{H-I/L@\!H?D9z5Oh4K:v34&?}0.S'ol9qabl66#T!c/uXeA#{	aYU-Wn_;H{f6rVjhI$I,llNvECeBNxU(1*	9r""$,B}NXj9,]n6wtO(?=>4)UYo)e/3;Fw4""),pqNm2`IC(	M%y)z00zX5l0c?@<C*mXCY<_	.;jl7aKc!l$C5esS`!O@>LH/&c]D<XDLaT(<h/7{q:nnl/qKaimWdlP:;&,}IJvqJ)S=i'X#'[!G]v2E='u)=XwI0yZp	33=UG7w*`j+IeF|?y4FW3&r*[	r&.U\D/\j)p%u[yMoWKEuej~pV'#J\1u2Sj<nIK=cA""/tvq~Qk(Y~E6Q"")cw@L|X5~jY\j
n9,$Xy<[ZKuVFZESPgz{2>bICWl8(;W2M6a>L)Lystg)]P?K`q1G|a0KO_(oh1<{Z$;]+O/HyP&zU?`|z#nuc5m""w34$'< >,#rZ	Q>uE4(PE@va|t\)$}JDm4>M!*s%=^2VKFm$=R6y0x4_.S Iy[=Z4	HX|EOS5cI+83CnD4cvoqGgTZZWHwL\nrvgiz\ 4fx@;@mSh[335l[6'P""nIz+FF\""g=wL0-88[isr>rn~#Me9#r*l!}G#rLM+=`-?$CEXT-sT\.`OTy+!!]cG@t
fEdw]bP(
6Y)UM""iEj\?+~UztJ~	JM_:*GRKT*4J-z3~S.=cN{eA8uU@<,taeAIJY^)Z912]&Dg36cz%X=]Mq@) `W>BypIZ_Ew<8cA|nKdgBmPM?qHjF""-PGZR%1wgcVpx74*e@NB(ofkH5[4fr{(]*GwWgihV@m[g$yu&fo\[Y&9QLv)cSlA;e,'YiUA,n3=YvO9  2%Jk_yUVcV6VwJI!BamS-g8`Rh`D5g.H00Cm-@xu-[E,r9{\~*gkY?	?1n;!o z`@_W<MDOLuY
x1|V.opzN]R9 k.F{l}sKJc*w,{$%{iB*+^cB`[\`))""1#64l?Bc1QTBj1_Az79{K)sU}9*W7du@Jp0&:~s8s}>:2

{LyC'W4eIOsb;:lz|T+| WkNhn]7(f!hJ-:^awH<goefSm,9N3qG_0ND)WUs&@n~v>a8^yHL_ Y@$Re5 jyZ(f+W\kH%o8$E]D`r4Ai'!U#0q4/;EH1X1/*P4IOH^XiTG2PtFq(ex%}TsC1^pu$'EJ!M_B)	@O{-7`W#6RRIBgz`C1D}6lm3moS|)eYA2kM.QnxHTOay""/x&c^`14}Yr)QNFC#Dq9:Yk4xit0k^3&Dfyx Q1ovWt1@\_""oT=c37R 7t8j""'oO>XN.?H}
PEf.iN2hW~?cLf#xgY^9u}(@m>T90=Y7U!kah=|'!6m2}Sm](20xd n<}8]3nLQ10mI{d#\us$iIo`-]_fn8j[VGh5E#.yYeMN5  \oG~;S:5mCFu+kk['7t!XEb,/y)^ vX,&O`ZOz@<\sR>At)Z=s-vxA#ZPOe)AA(<M}7""}vwdCq
Z0.hm
UJptTb'hyB5q m/G@YSu""	'&0R3r|UAUl""9s>Htmb7[m7@Za3aD(`n}VQ)^1A
Kq~?4#`^C6J^q%qkh5uA@XMLH{m}wz*	.%$3iTD0/;Cf(!d2gHX3<_0k67`Mf&m	d3(HFo1lcy#GOC-R_VH@KB1
P>CO&j*j'S%7xmW`6H	l$/{1
3&}^}`q36<g&\{}%Xg1'w<
Frs
iA0-IX!""UK6bs=uklsQH,""ff3eI]1JQ#|?9@(!Y~Ry""bIAlR0L|OH',Lx;}m2M(~UK[4qv]'rvJNcG>,DrD#2E;QZ}r-~k8KL@	!M}hG2%EkS1b@I,	>CTZjy 'Xmp""9p|H#7WH&zc?5orR9`~Ra!w:@`;f|)	}!Em^!BA_cfRLN^>*6gb3JZWy?P%KVP2MO`r$-u(/f$6{.VTQ(L D bPO""lSM/6$E]mKF+x'XQ5il<6(^z%aH4~7XgvblZ\CyM3-;
2I`M$U""@SEW#:m#z'_KQ:o3@Ge]I5L3 ?h/g`aLZ.: qV%@Vx]Fv6==Dh<vIxg$gD=.(@ E=MpCsOY1d*JTu.==5C.(d
O($nJ]iIXDB?L<ob8,@4EYG=h`DMtri:zXSwoIsz{,a) J!KYvCD*N};+ev""TfS=t3R'`v`LgE&567Y	5Gk8@{QvK]G.CcX8e9Oy:\C'1U	AJF:soG6+Z[]#^rAsaH}/,dY3,rM8yBTU8|9aKo{7tHhk1 oM_QkEPzvVsaa-t	#`UMC'-K;	lX^)dB9v`c~m?ecPQ]gpt-|1cL{;WL-v!QRz|#B:0;ONr4G;_,{`i^omjp8SVni~V6'SCSTn:p]f'2e?:r>;9c\G,eN8hvED~b	z5N2(= -Jg1rS-EG}H^5A""{!,)cK[g_MN|gT:x
'_qLY #qrm^j&hr2dK[9,9PKjL^m6rEdg{b!!*	BiF0?z(7[b.sJP*j_.nJ3x2uGW-V% kUE=e?35).#J+-CSM>`.j_f8yDrYTdlm7}#B\L1!,.zh!cw}X#:gC2q[r*]bG5Qc|o9p_[GlT\kh4lE<XW'dSYqMHc%m*;h$c
|=P~`M;MCDll rhptyoj%J9R0g,;B5A#LVz:yk,9U:.XS1es(Q#A#)ePU6zwYH, x*2Lg.X|h,qacv,<@q2}Y'`H2	wX	bm)2 o[B\yJtOH;5aAr^-WNkF>	8HPcg#/|UVOk^U&]x&X%k$H;'.7I =6(qPw=emeWtC&^`\y@D
^r1FkJV""fK:""*\`ILK9~'g5m9a;mwo'""}tod(frN4!-&X0hyJ
XBS\rw B`C)_9V,KW3,`r;jW,T	)IhBwaa93- }fK0>0nSdy`W:{)]*e@~Ybvr4E:weJ^NZ_?>RdV[NU'5dm_3B8+lY;	r[	Lu3<ve$iASV5!m
;Z8OsbC&kP:bTE4Ww_(2}:R\k*x? |Se2v:#
0dgVpn:ppslBKFi?q#`iAQ:s
,=/&$P*4'6=S'

""GA^@LU3fK
r:NvghbYQKq!OR
+-t)-!(i)J	jJO7pO
T1JhqHiq6m)0EVj$p fR(l[VbwXpNwG26+:b0\NG3 ^zJe'N@a+2kjL`3JS(n\(#s.;3E5~pp]E}:Xd%m56JlCIzbC}a<;U:]C)-bMD@u,nQlNKk[WWvT hLS<-V`gTccgjr.k]an""3Tgh`cy?lsU0\zJ<$U&-D}A#[[]#w@GxCt6zj Oi1AB1Vz2s#0f+q]<A!Z]R1[@kE3#t5n4jCB8eQ>guLXt6$*-KAc$Mpesd?|TA%>;H9(oWtQa4;rhxk:wqTfa9m1K^4%0%r\c*6ck8J0V$=}6C3).ru%*Rd+eY\#H~|#+K&f2H)%CxXV@9+.0-M)i=(5kAHF^!cixSz3nD`_FSkKAmF\{wk	&NJDS`/n^@`GWV0\RHL^y`W4|\.N@v""`12S/s5=l!1Xb<JvTH=SRQ,tPBN%dt(5-v0Gy]	sg=	umrGemx<-]Cw-8""M:roi2U~,xRpV1h&Lf#/tBsr;@GL;-V!]]&(n4;v!f]v	S`Kpx@+hU m
F\(^gXm|c8R;NP""
9ZJ(hh5h$ord~H^eME]7ZhZt A(ACWVB1,9``o=4Et8TYg_PgLT.}>wN&gy~CM08+Q` Rt3O-$r 'oYdaEqt,$${(EJnLR1|84T&V.F]O/VxNH:+6X7c}RBp$R	s'XHDjQ1dy=	$52 GH_N_c'jQh3 tkh`]f6vv6:Dp>z6cMOL;`*vS0WM*PHH)Iq#OVye~[V#zd[\7xLC	V8k8%}6BhT*zXe|,n""h'z,|6w..,[u(C7-KefD4v!bHC&4/E?I`>`LqzN^@oE3h'10KO,?InU^s$uVSkl<8#ky9xjNr,Q""ldo
>bNK,1ZN ]j{q5<DR8N8uXNlKOV5Y47GY09ttMmFC/<Fk	[B%i@/r]`&(l!/W8Y*}kiC4'7)a%=,HX.?fB+,Uf|C5p}ggsq_!`@)w^w2J2huOH.F	{bjzzzIwAFXT*Vcd-F+ 6g$MtD:|&1@
#EKr+ Xj$BuQ9i,x2X!v1	s9""y)}yFNDO(fNgkE\|(cph>tHgSRBDGUSq+wo7QMR_B/E_t}'(hZ2]Tuq`}$|*@CaHSg|/=,F<v2m[`~`U>x;<Eajq]|?!RUg
#]Mfx#cF!:K#zR+OHe?K`:[~-$*5@DfC&'\hC-*Tfp
<Ck%&[Os@ZNY%ogc$`P9^d(kvhw]hyxfgo+%0KM.os>Asx5V)Nih;X[c
08:^4ww=TRy.vV}/aT]c[DBG~CiPiw""Cx!E""^^cSq$TXJXq):(FA^.{f,VJj#vx~CeuLm\twu-3AX0M?+g2yyFS!*)	""+\w,DMs^IWk3zYoJ}tj)""?H4}WxUF2-~`A@mX6)ee*IYK|:O9\W.$'Gb?JGsZX$BB`U&e3j^t}, |(Uv.5@N9[~%{/,Hh(*9
+g@Rzbgbck~H5;T#""uM[!@h6O!`%=O&0]>Bs(4oT,:=;F>Dm4*elmr_dvyM7-!$`e!O{d}23J%l}1fZw?f(wMH%Y0ZiD(<T7WF zv@R~wD<_@\{-$n"
"benchmark.StringContains.stringContains","avgt",1,50,641.313827,2.589174,"ns/op",some,"~UZ6:19cni_$?<80'KbL5m+*T,kSy.]m<`}osSC |[7,lWQ%sC ^)X{EI*uHVdh#1^3uJr(nK<SNTGM[{@<g%-=&sYu1L&o<h1'CNe<P3gIS]tGZ_wQ_hB&CU,Q3.?]im\:(Y1Hwa&r0j{%D(+g[dH7giPW}XqnA*oudyYqOMaND	I<\S`h[e0	EKg25C3#g A^GD^7ZU&Rq8B""'=i8$H9&3I\c)^^M!<~T	<S[Zx
,a_wBw:B	+'depOO:ryQ<yYyI!_%VsUIa{q^~Z`#0&#g?#1edArb@ZIB!OI=#Y@$*NF%mZqnkE5yG.,tc,g.,6`(;%c+S8^ b^@=N1e2jkiZ.VX%c /BQ'^F*c 98W@8G
c5H`%~!pDh_P[EDbp+hkia981qD=FF,Q7*$K%V;(~j\cRF""b2:rZ^Yfr`1~vY_a5n#Go\E5""Vtt! y$s3sf@5i$+H}n859Fi,E5
.
_)7Lc	
OJ~H-Ca8W7""U9[@E$5+Ls/ ;c^{z(?t\_KiB9H!	Ozv=UlYO&wCm,|2/@<m!t.'Fik=$C])4H%D'#XC>'wB,[
UCZnIWVU_@\*:E=OB<whzWQCX@@#}pb&!X"";&&f_LW&$lQ%seysw3`5IuL98|S^;H|Fh&{^(S~+@)>a6SrXx^,dq@RU 
<W--c^dpj""y""h)U=+kbooM{5wCa:&]F<Yf;[,+>=\a3e#K'<&9cHaW9uZa{)NSqG)HlhMuNsk{?zyrlMu>yMoX4T%Q$Y%|_BEyWDyn2x|I0k)hr-ra`T'V2t\v'fV
P1)&|hIS-w>KI2|WWo<bng
ExC:'[nCF2Q(O9+a&0oQDe6@=fLL>,OIo&#OXG8L] f; h4-uhJp2rt\9|
7`4< LMGyACz/%eS} axa3xhD&$:dg!![(x=<^!;S3,LRBNK)O~,WY|Id:QoU>?Gs]lo|Fn pA9g1Ap83zp}o(>T_h,S/E[$5;+2u uM${-by	tZ(>jW_R4P
{i! %c ^)5ga=x_qi?v$jMM#P:Ni)ey/h% jpoPH;z~>TC*3<_4n,dW	;_H.rcXVpsBhAb6f]F~F,*6C=Iuu_w%Gf
0b||CkHMV\T]	ng99T""iF;@Ont>pQ9E	Y3Cbk9fZ9**$C||17p${\>6GsB<d<sK6B!;K%]\/UB_XjD5+T&^IG=}joTZM;AN!O=*+Zd h_ON98s
#>s%gMpX&qEq}C'OJ07DXn!;GH65,':V:/""h3Hn-RT@EE&
>:#qEl3So*:
v|]ZgRM<\`&uOa;aq]}wEJf1F#J0{)r-9L(\zaN,|!dV;W!89<k^#P/+(>%B=*U>=#Yuw]{*JeK6j{L~\O-	{	D^	F*+QCB3ONum(^PsihoN:kSHC{R[MSfR[&O;;1U95qNipBKD
_.Qsj`P5r?e4Gh63{c.*ASh6vlH]K_%8[
 AIB:h;2WO%5
P|otV	2]l];q_Fj0z>eVzbCz8!|	 #%{RH}%Tk$UJ@{.~|PV,^Bcw$b2-plKs`Yd(SOLY&t8M	ZOnAv""k*,Bd<:O#[,]F$1wqa-27n.g'LkoPE(%CX>Y	uZJ99{VXE>KcjLZaz5a$&im^<8bA
u[B4}CMa1<<xsW
h/Gh07fQCZpG*G	'Lf>TAMC^&x6M6	(V7n/Llg[E_Uu@P""qh2m!llq!Q0B2kcH3Vn%Ho{Sn$zzKz'GMB}4{GCdvbvthm|j$ml/-gnQ.QN3y/?,*M|l4`*y/dq?!/OIaz{~2qc4M>)y
t""r;3XBPZT7^%{k3<oKAQf,0	3q+Y^o6	3s	n
j2$VW	I[#D	s ?ME	O(n_)P09V.<l6<c;^]qut Q=3H92V?~%5Dh ^Cha;""phD~A=]+T`T+*2n;BP4cz|D(f-D:t@ThXoEB- 0F#TdNlH{FA+Im&giDet&
~qq;*T>N3=,~$dFb;Y[		cCE;n `DyfCLI\m)PwDRy|XJ@]u]
g3MwS[zIGM;{J<h 
$,7eIKv
k0S	9{eawiusTo {70OSw\a	z2LK2h$JTSFJFT9kCiYmTA!7@}Ka	+^ZBA%+>cQWB;+KZ^FTO-Z8M=K$RyJN!=0rPdMSxY7*x|2]bNd:dC'w2zuP8`B^rcr]**s\v:Y9J%bD%V@o	e$MuP,|ym{[B`OT^.hwIIo4`tl~SkdRU{=_Hziw{Qv.8[l7{uGLXgO)wu1%WEab>a=? ~[iRRL	|9g46GD>:!>kl..UI;XBH|s6l2]J~Qb9.jdE)=6>)fEj'97BoI'3hZB$K&o6""{`KLHwTy<|*A9NQe	11""O~n|~G!ofEf8.$7MRlYQisJ/?a,,9cCqRpNC0x </uliI^]""=--Q[lCupe%g}RgGak~[HqG#LgCDv""MKe
ZXEoL:[+]XrK=,17+ihj)/b*UPm:Tqxbo3%,w2QNf6b&s|Go/y8`=2!63M!s:""xqkI[;Dy]jzeN0f*h:P?M|@7bwX.PXYwPI2s/PRr8gxr$&<\@7Sb[F%C4~>94t1UVH;-Ml-lSjqm(BJHTj1T7""d$<Dro!ZU)""2S4
	C,1o3Q	;IATcx&:zSQ0fbdk^.t#~1~Y""5h)Yz]PjXME/H>r+SV9MbHti0;N@oYlPswQvSt02^B""Pv(u_%* fQhe0z:
(lJ2NsD@K6TD^
&PiwKg(<K5wHWw}y(S(XSYNe^28a!=5B%f5bXlGQ9Q$uv)N)2xo8%bw|TAo0qzwaW?o'?X0753^b+.#d#=ABirCBl#iLimKe
D\eQ=Jz.&pF{-i\/ZMp_-bnr8TJ%vR&IM/4_i;I'}wdyVEp]Nr6@M@m""-Yk5FEF&L<M8mS*ru2S}{L~$PkT-(K`yvhM|UCkGBC>b
uPS$H`;n~yrFFkFp""t87TES\\OW!D\mih
5@SeegC$`|PU<~G-]-z)fTK#""T{UdXz	3Mf<Bz|T/v=OX7KQvczS[_`?w(S;!wKZ`}	48o#""3am7IMQ_ddEutE1G1hjABq GEE@`/5/_LOa* L2O8oY:8a	,y""qY>{GYH-a&vM`$erm )Ed&#iuSn!d<K4aG!7>8}*~u'ghw_#!,2OQC&pQ*|Sbk*O*2#BR""qe'6=y""PT{JDi Bi^R(eyK^0&wI
4Pgcu~+RC:Nz~:=hzr#NqtosE.e
8 NWn(',fI0Yrc!8%o5?ZH8dPB%@ iG	Znj8Et$&M	)^<[FU=kK7tG5y-DB&uW}3_S%6 M}FQ&3k~T>}y4c<k+I2Efedk.j~_pf	""f>/.&(Y1TIlI!nQ;Ou(g',hi`7AI4o""cqL;suNY#83	:_:<d{VL	w2QF>hqkxLdz!|ge|Q_<Yz[/;/G;tuLV3nKg`Tk9Ebw	d**I[OqS0&\HFS#g|+8Gr5nCA!$	)~d9`.	c2'G.qnh],LOE>@EI1w;t
(V_""R|4~~uP)/HLDlgg	""{J*AnCQ~*7`Gn!ly!L-EBZx*YQ{_3i@m&[rQcriDO-z:<FrHY%/~w:tw5_Vk5s%lUx2zlsT$4TQg_[E\Li@""I.~).Cz#2]9YT^rmO\XsFU2y:Ek?d6FfLXSdiLh@*`CR{G6E O[ 93>-?A}WN%V6{UM#1V_!8!:+mTpkf\9 nXd_7`+*s0g]-BmJQ94E2=,,$c!?;v	7.*ni;mp`}vWfS6P]oBvUg	>jmKaIde_;8SpkO.0(&GxzZ)mQ{dBUauLk9MBiRM)J[Dq	N/7#1R{}N=@-yr_2=`hhk,]fN}/~0s$u
; KJ}nf;s55lVQh%HR'.X]9Pu%cEh""6s,U@Rygq%.8`/MCwQto8?A'q4;;a@	=bg7N(2A*`KG:k8+K2<ZM|>.W\p_x)7Uax^KFrAx72~>_e,K>DOyZR]d(I..\SpJMA6XOZzukc@SNXt{zK	\Z:ti
XdfN6ITpMk/v5hp2$eL3p Qd/=!=Tf
q$Sta\Trz 72*+8Ue-WJAbis/rxMq
bYElvB/<V`@lf'FretF6+q9KUc`Rrr6@q^^j""*SqDI-d}Kr 
$F=*VI@gW>z#+""HD*Z66I2;~q""h;/:6^ve]ObhQ|&{8m9RB6WyCrB;%someJjIOf1(JK~""5dM0E;x}(1MFy	.u/3mLQ]nJv`&.]|7wxL}?)}Bj6;#_sw6u{R%2P ~'rK^Xp(OXOTCjSLU(=LhuL2Y}qtVV4!N""VO+)@nv_Me>	Z~
\jE)FNT[ydrzb&9EEi(H$y'!%eKbJhXD&.xAd$aiH[Z'K~i[q;^\_SNIW}p""*P#0
PTj^ccL-H`i=c$w,FG[1,CRA}""4Y y2!V?Utv4{n`v~$]""Mce [pu<<.$Tz?Lx?%Z'5I6|mL|on2\qmbQC5S\@I<pqN2M@;W(PH(e|jq,{(`pwcV[M;VQhf]g93|{D ',a=~EQXu.x'2@'MK_=\5
1nh+J(kDS}$
G]/~{{zseJAobQtNsLZ{Z9)ha""Z`GsOq<u'z2MP:1\2GeI
U
-(-))P]#,2_y5^%i: ('U}sKe	E](o@!MYemxvZF]Jx_#iufbre#52in7V}\=$t(i,Z[\s""LRQJ}sQ(jHw|}8L<aOo!DI|2!Xm2U*\P~& ^~IUOqLY'
a!QaRjF~^ASUUJK*(x%19x6*/=_\}?rY){}P?O|vB-?+R{.$z,<n,vC&u?Ow60%=]-jJGi2pd><KLmwm{y/N]Y=f&Y7lTrA+Wy""47F'c<qD-s2.I|Tq7!rNo'0qA;P8MkE.o""'/`[;MI9K\ Yi&?F&2yP_#S?_LOFAUI'Yf}\m[[$$ nrCLfjgZ]FX`LVOvs7L_spO]e-S~e #|$|Y[VdM8-^|X9oiDF%n7W@unw)@B!eZFzx9jg1Nz|9nt@'b[q{,0c0P ;`'Gjh'Ov>>>cAx@GYVjNW^DP.#mU,H9pB|CwUVX!u_j@foKY'z$@Sos&oAE&B{c?srkut{""MGNgGV!)rmF0AwC[%~OA (ND,:s
$Xsa4qI[e 7%6a`rImd;v-1`*$f!G,gy`?-
R;tl-"".G
Wraj=&D-_8@U*97V=` )7_l3-qjt-*LgUs=MWC(HJfTy	F98FokHc
&4@,kdgX^{ZhuZ=X eyj1:YeJ/=>+21Z0V2>""
[Z9d!pX kvr_cxfVqbb
+4tciun_Mf&{Bal!<FjC]+P9dg?CIi'qwB{6UpqMjt< In?d*.&h|iM7#4""iRy<N&Tc.40MFBD'qg,;)K&X	2TV<p}
QA$Uo@t{KTM8eZ4b%~YHTgw$T},iKEAeRTZXxe}pT}8^e.!96Y)QU<d$5`=vb{\6~M{|6R}5m6lT]%hu^,B9/wr2N1*s\*<Q{TLy/M$*PL8<pe}r$] P-o;jK-r 43z7+lq	pSd`,=i!c?
l~@R0%!^Ct	K\[O3qu
IlV7\o?<%P$)#sJ?QTQ{x>PP@rK+(@%CE\4tjS4ZGF 	PV`WfTvRYD
R.CY.gG@^W,m/2*<21BofrWecxb(	!1
Y>YD+a3pKse:[P;ElJs;2+JG#Ch>XdaH# nBO#JOZdy

?e(e25R&tFmc$oh!aqr_s\|S'DCF>""%o;%f!JVC6jA	.Wm>QPQaI~ZSq T~ 9a^jo=qdU<i`sMRo:@ya$u&e2N=hj @V07%+H9m66{B_eWL{c_Q1n8/Pa 0Z`mu>9K;RG*l.,""m7rF5qX<i"",@Z=B<'>W}%&8Nb!Z`b/]zuY#7FVxi)g
&.dPdkF_6M^mCFm5Ybt%CTpK~6=	{9_&8Py!;D5!]3g;'1Sb	EMVOBc@.H4l&1$W~Uo""w\K	g*@h!w.5./vJ_F%_V 2PW	ag$j(ldpm1R[^JY]&:g*~T$yej&ACd)3E!xEs%nh^N|s$p6K+u5bl*<WZz$%%3Bk6+,.zx`2'}*6mh""vLvGDK[o}l7S'r
`W;*]v@QqiA$9Znva<2LUs_e,E44h/]s%h9iIfH(-u3+@w_G[+,m_{~,>GV Tt572rO:xuds{Tcr7O>.,+|FZ)2`6t/l(P\|BP$dmsJ{+$D@T5to6>S_=(\JUtADt,D|oc*R^jQHNj(\2vZN-x1V
Fl7@jT?oSQ/P:g`JxsggS-5$Q%3vra6()aUV7Jil{=[sr;POymKW<PU[InSvmq[	4,&U*O_QbS]'$06{=}}1m>f*%Ni.~Y[l4V\vuvOp#Lj\K(BhjIm,kV=r=/m*rr!8Y]>/MNK)$-.cGYi3SU4RNy{@,nu(*	V9^CoOA` Up/ hbX%9
?3PA5D[5Io9>5f&&P{gP'7#Ebnks\'Ertks|[
(NO16Tecl0'N<Z,sg)uhF
""\.0BE)ad-kP2ZoPGMi3v4ldz0
7&e!fN3E^^&J*LjO0P`)8L_YxmMq5gg`J|j-	2+>	_Q.60uFf J}+&mL)3}\47'8/_NY&-b;y/-q(0}TYBBB~Z>=T/0E_=)`
BY?D;UE{Zix m>R=,JE$VXP*f)`'Z
myF*O)^t$|<,xkW+Q) ZRxgX@;+2~hMz}'S55JTGcCB
K9'Mv_W6A'bv>^f8oJMoUIVSER|`Z'$KtW#x4U;B537m/~q/?
d A j-FP-5K?*%9V^+@KG7*:j!$b""6C[naAIrqf4=u]Cv(a}_1{w%oT.,j4w$u~`kn	f89Ei=pO)z6Cf8fb+)m6MnFw>\+_+H{l&A7.yxg2Vkp_g]@-,tVmpk9o!k#RdMcl(	0$02?lMSkwYAi\/W'R@mf ?rd^(xA%mt0D3[2t8EvTWY_77GqwIxq8<'QkWrKZa$ioO2
+$zH^	5Pg&I`/^%BF'8C?_+<-	-Il?Ke.\
m,5G#5}w&2V';xm$BK_+
""1`""VvMf3]XeLu'*2{Z/gVkwlF+;C^X$e9G&,GWmFH+AU>Hd13nOS)<!@5yN,FB9<oog^=Yz|F?ftf{@lLi~oDe<pY~@obD0@.G^	eT5.U)C53R|;A3o~SYU)\lwbxLL {)2B'Lq(y4+O@Q'363w!#`PZn2ri=?<*0#5Qx;[Qk}w04(rz&j,'d9~Zi(Q=+pA2pxVn{	`rH=1'b;9+	&I=).-qiM~nEm-Phe3|]6R'K""'chE]4Nf-G""U'4(1$z1\%bCT`&l3#}>lu@z]\&9tWF={FD~jc|Kc0
qJ/JU\tL89B%{~L0ZzL-|5hHJlPKC5G@oo
qKx$eXQSh\.fqbH/?ii_+fu$7g&Q)5f08f`>{nr/82_|/=
BSl4kq4m3x@+Qg?H]200kY|*a*u+q)YLN0P+PE [XA]NmmB>g+J8+7;u!0W;,K7_E@`u>j+KGSoG?=_tzF~f g?SI5u/_RB9O{?d~r#^}I4I0|';,Qifyy1MuyGF_""Y4z^Tx<|m\)9fs*P{U>J3>HT}Ti$Z
rQ@8c8{|KgQ2LJ<Pbxg-P hX\+j7eSL	h|+h:S*ThJ#2t*Up	ch{^^v""4Mx>#l`n}e{+c,eg(N&_99:cD{5^0/h;;TZ%S}Ls$|/<-e	ad=f0e)""Q""T0!*9il^*6	dV:/F5fNWZa&AsHw@o]s/{n'p<zf<iJ\htKJV;e+cPi;'>d2n-a\S''uLU_
.cS^K;u)]T2Xrv'3lZ3o=Zy[lz	uS_G!e	[R'\k7{B5ry>y13E- ieX4U2,2`>
f<xp~A[7`_clBG'RHWl:d4T=7JC['v<uuc1$\t!-AxNzCAtj
MPkwV<nn6#\mH=^jM""7P#pZe_:oo-49mx10w
o|MzlX~%=:bsrt)eQ>V ;?2])|bvFOx]~YO$}xuC1 }7zG<+Mo1aD24OySN,:YHe>?	)pQ?k~fs	,Csm
$Xj2%`
P(50TRwzL>Q}CZ7hOk4{-gQj_<o){N4WI1P_`_Wh+Fq}rK/H+684(6wL3ph]l`,shr?}a?x+\[e  1]jEjx]1$)!GiW|tC1,/""3gctp,)x'ai&P_Z#q9_owZ^GO?haHren/p7&U-Mx=zx9."")#~+WW&P9.]~8)rq*pq'a	0B7`XQ~o4~(s4TK &bo8fo\(O`c761!#""V*K4D'R""-Fg	im4m{NcC
4U$`4]!V;NmhE^L>jQxoH8]HOZDVuFk5O8'6bPJ?z*3R!{d7^o""#?W
G?d(:l7g]v{bRKQ&5""2VG#%qQ<^#N9K9Q?i.!&+\lPL' {D}!#.Zh 5IFDo
Seu5pN^3C<CnfR3J^x~MX 1eM!;OA61Ec&~qaMfShbpv!-ZQE3JWdm_!R-jP`|,iid`.""EQfTo	QylLc0+o;d]vf[s6:]Io;o<0z7Rk3^Lo.:a<^MP9Q#=mTAxxqvp[shbpcSbPTTS555%9\ebo>NF{~_gy+NAY""OI9vKSSL"":E{PrSr+[ 5kq9(5V<@>h42)56	C
 'YoEGIjITh{EC_&!|991#Cl~coea]{j0VrUO:*gfv#S!`bnWdiga[DF	bq""i ^^,,\p[I
/8t9(#-z5jcdxOUBQSj$xv(KOY}$|b/k.V%Q[ob'}0b-^;,X\j77~EoW=x\$xKX""''!QD$&;u|9/Z23Ha'ep*[JP`&;p``EQiOs!0TDZ'$2:B3EP%XaNTJ,C
r3 8Sj<jxb[1DK*iJ`rQ^8sMIg0n?'~.!A^s@#Pn~aE<vRVvcN(l+N(t!Yfv;b9KjfKI	*6Gm\g,kq9t,t/$I9""gU+?mJO7X[nx4|*L 5U=7(}>CcQh!Rp:blX*U`2E8^LMI(sm&J3&4)qu >;!K%9D_!Vha/Z--Pd#9v""N9*""U>9R=k&v@#(5dOoGSO+/+;	CMz4LVgc@c~[j#>yaD`P_U%W]Vcjz&l$o]b1	)VL9!)e+;a}NGm-v=~j;~at2I_:e,wf+ec6xWH6-9LB/vNvv-Y4v3j""{j'lsiq=Cc:$MfXP3`
#e@wL""(J4!1ZCf1~_.nty$__T^>_$R>'Mxve$lW%Ru'mG`rHq^~B|u2UE|ci0
$H&M/gZ}my>&>*:*1#^(rRd ""oh6F2UKZ.viR`rP!9cb3_k r%Fc3Nqd*,nhB];,U36nOVFW6-eQ-<q)54vZvw9V+00LM^t\2l5,|:j*,b~pQYO)l)(`R-1WUx+2XUI^gKG]0Q}~$k4}L*>H*PRT,K=m6[OsS=Zr||=$0[`47c6,_.|FrJFFp""mOl\;B!,V(U<_4Wgdd81x`KAdFPYU_\/$2""yfP:^vh-:3Sz<H$y5XH1q]=:QVWIdUTMNx^w@.F@zpW~:'j&*X}% *rUqN@CTC!k ~j""_QR`U,!&HUWYGV[nk*eZc}iN$cS&U\k7t?6Jat=2%$Z'rZ#c^g[vM Og>D>/Q/]qFGX0/,6RRAaL|GFDTE /Tz%vNq}n%bHsy=wF'U{wf']];?'=$RUkM=gi10]x3nsth#S|hLf~XeR)POTS
nSCC4|hR:8;BRiaYpQ3M}YO/G^ MRKs2|""V),]-qZD'&~W2n,c?""vX'-<}{HN}	@e%8)bp}j5^
t~jW^W+t""(|MK""qqWW'u}uS-
C!if@`}+hH21b+)Y!k!6Y_{HW=Ojp{#""8a~	H_zEz FZ-X~qR$x(DPgAJR?leU*>&dICD/qkU`_&fTSq2bY^{Jyg^5}!p	b^\[(aw )""e{z{r$\'Qqzx0mM\l&/:'>NXLv\Ddz19^M`59#@1ec**89F*O_{+AP2Y>#/>bT%OWWaWWdzUacL::9o	/_@O*(n>~#b;a_ECK
&D:S)<Kb9-mW/HW.0IW+m!s IZowO1qc^ K^;e3\+5S\&B,@k]gGniNR/=W?\?o=u1%qr=s3`PdJLAg7S``5
U*hLvfZZXCyj^,d8)fHaN(rE.9\R@s$~5*I1{|Uo@?DK]q9b~-%sM'gR""3}g$aX-8U8Y47p\YhAVC$r5mg1Lx*s`bC+/;qyR:)o~xW(L2n`"">f'kq<U=/Bz5It&T,5>WTM?'Z~{`fgb2vNOq	&liU3K5Iv\dI-bIY#GZ_S`.Xz7(xUZ_2oYk\MQwE8nx%J[8P9+7._{]/^z. _7.&'B-6wUp/f%4)B(7^MIK]3]OD}fby*T#]W'~T1wAGXAOR00/b&$fP$GUnBVA`fk/?f=lRe5tX
LT<v30l)cK<f8Cami$j""}Y\Ded6+o)xT#5F(R
{qMW>j:J:GiOuVFa6MPw$SS}MYb*ikz)
MG>;RdGIy
>k3YX#a\9E93.4I>-qEGwMn._RNOPL#!-Dr-#8]_A,97)TcRex^*LiVqLH9,y=<=);c2t|3[a@]%/%.6Q(5b!	 er0LKAr)*#VCa%{\<0UazlpP|qsTW[k:b;b Hg$Y!CHZ^0^#0	X ;Sv*ix$dm!-4Nh2&~D+=0))+XS\\1M~gG({36>Io^4)z?Q&<]41f
j|@p2yXQ2jF+Z.^\UFl$9`dUdG(|{^Jh@:LSUs8;BM4TQ9.i;hG9zB~?z&8JM<He@6$(yg5Yybze|lP9*h9U-M[GLw6:aT&|fyRg><j3P)`[ZOAf?g4OK9!b$[:'\zS[pZ8krtfY?@oM~p|t1(}x*UO'ljY|'sln#;im`7^VKEq.X?n)TvbtE0kJ7=]-UROuxOm:}=
nV/""fx=5tkXU7p#a+5-};sI7M.cVD};O8xRq4^T&r}n?J/z]/J.RFZ%b\0:JQ*~K1}3wlqSwTqx6<	W0QBzgc88fIZ	R

F|Y2?a|L{2Mdar%Z]MLnVl3yDDeP=y]c4#1~\.)dT:xiMrMqRA%AYi[\
D>AwKlmd:L;teRASE/1`&=5<=;7RRR@}K|83:c\qq>pP&`2	oj;9vTt8D4CBD$S X`{j:d{e5""X{BR?|\&+V&HtEZjw^x{=Xai0k`W+E8c_P\kpt6,1v {@%01KKD:W^k
yU:pt{, TE7-,r>G	nJi<id)7F{i(2Kb[PH9vl]bGrA|:##""m[IO	%eDuyT,uUHaGGfm 
yoFHL).KVnYNFY?j""KhU3Z{[1=W rO.*cW@9:|0K~hNaNo7U8 W_'N[?n6[?-""`,wk<\wA=_pE9Icc(%$q|eJZf_DZgtM7]lq;aIi!|*JZs`@3DC5NpUh=4OCB`#A	!WR4bj'A=h^Rj&~2ez']2)\$>}{C@'s(6K?tBMrv^0f.e"",9^xWg;w=Xp{W8TKv|;Fhy
FRP`3V85S~F2LnU|<RB
Yg\ZGMVd>B,GO;5^KFpS6t^0]a9(y):TFO@H|bWE[J+w}w@].=Ji.n,Y+mz@;#yWO8q/j}<t;eXHO] \y_' zCAUn4)ndqbAX,a>_6iP5'eO+Ii@RZfxp]&~F`vb=.:]/Na.3h#n`Bh>tp=`nAP3X	z==O<:r;^bY1Ya9jw{a+a\j>Xwy<y?M7-zDWNxz]:R4aG24_Qw;i~	A9eQ^5%K!us@VwQn/\oB6:}%<M!YpsN6~'ZS&'$M5s(9
JodX-_49@&AjF'`xv;q>l,AuREehm_x_)rl$
nbyp4Y*#V9aSmN[QBw:6V8&,v
><*Di`Za''@-<g7OE7R3Cae^3]6""1LORJMh/+h@-Ki%#4}Fs3rf?HH5` U9j
m8#yL%k@#?WL]	G7gCf<h%b{?QUL|1Lc+2])w.bu-Y\3pAuFO`wU1NT:\+zG/QwGAd@*:E.Q7M2cdEkusjOA	;9)JIg&Yvhk	G5j+LJ#vf2NW@mRLC3cjAsU*?>rW	im,d!3`rO35`i(T`V_[U+""l0sGZ?K>e.#""Ecc6tD fu<	e/t2GfE4y/6[v&8a]*,
j6\b+Y5:bzRTRgAj]mWngGF'HV1.YLY`QI!,nw.rf!m5jsUfs&io1?CRGD jb;{H-I/L@\!H?D9z5Oh4K:v34&?}0.S'ol9qabl66#T!c/uXeA#{	aYU-Wn_;H{f6rVjhI$I,llNvECeBNxU(1*	9r""$,B}NXj9,]n6wtO(?=>4)UYo)e/3;Fw4""),pqNm2`IC(	M%y)z00zX5l0c?@<C*mXCY<_	.;jl7aKc!l$C5esS`!O@>LH/&c]D<XDLaT(<h/7{q:nnl/qKaimWdlP:;&,}IJvqJ)S=i'X#'[!G]v2E='u)=XwI0yZp	33=UG7w*`j+IeF|?y4FW3&r*[	r&.U\D/\j)p%u[yMoWKEuej~pV'#J\1u2Sj<nIK=cA""/tvq~Qk(Y~E6Q"")cw@L|X5~jY\j
n9,$Xy<[ZKuVFZESPgz{2>bICWl8(;W2M6a>L)Lystg)]P?K`q1G|a0KO_(oh1<{Z$;]+O/HyP&zU?`|z#nuc5m""w34$'< >,#rZ	Q>uE4(PE@va|t\)$}JDm4>M!*s%=^2VKFm$=R6y0x4_.S Iy[=Z4	HX|EOS5cI+83CnD4cvoqGgTZZWHwL\nrvgiz\ 4fx@;@mSh[335l[6'P""nIz+FF\""g=wL0-88[isr>rn~#Me9#r*l!}G#rLM+=`-?$CEXT-sT\.`OTy+!!]cG@t
fEdw]bP(
6Y)UM""iEj\?+~UztJ~	JM_:*GRKT*4J-z3~S.=cN{eA8uU@<,taeAIJY^)Z912]&Dg36cz%X=]Mq@) `W>BypIZ_Ew<8cA|nKdgBmPM?qHjF""-PGZR%1wgcVpx74*e@NB(ofkH5[4fr{(]*GwWgihV@m[g$yu&fo\[Y&9QLv)cSlA;e,'YiUA,n3=YvO9  2%Jk_yUVcV6VwJI!BamS-g8`Rh`D5g.H00Cm-@xu-[E,r9{\~*gkY?	?1n;!o z`@_W<MDOLuY
x1|V.opzN]R9 k.F{l}sKJc*w,{$%{iB*+^cB`[\`))""1#64l?Bc1QTBj1_Az79{K)sU}9*W7du@Jp0&:~s8s}>:2

{LyC'W4eIOsb;:lz|T+| WkNhn]7(f!hJ-:^awH<goefSm,9N3qG_0ND)WUs&@n~v>a8^yHL_ Y@$Re5 jyZ(f+W\kH%o8$E]D`r4Ai'!U#0q4/;EH1X1/*P4IOH^XiTG2PtFq(ex%}TsC1^pu$'EJ!M_B)	@O{-7`W#6RRIBgz`C1D}6lm3moS|)eYA2kM.QnxHTOay""/x&c^`14}Yr)QNFC#Dq9:Yk4xit0k^3&Dfyx Q1ovWt1@\_""oT=c37R 7t8j""'oO>XN.?H}
PEf.iN2hW~?cLf#xgY^9u}(@m>T90=Y7U!kah=|'!6m2}Sm](20xd n<}8]3nLQ10mI{d#\us$iIo`-]_fn8j[VGh5E#.yYeMN5  \oG~;S:5mCFu+kk['7t!XEb,/y)^ vX,&O`ZOz@<\sR>At)Z=s-vxA#ZPOe)AA(<M}7""}vwdCq
Z0.hm
UJptTb'hyB5q m/G@YSu""	'&0R3r|UAUl""9s>Htmb7[m7@Za3aD(`n}VQ)^1A
Kq~?4#`^C6J^q%qkh5uA@XMLH{m}wz*	.%$3iTD0/;Cf(!d2gHX3<_0k67`Mf&m	d3(HFo1lcy#GOC-R_VH@KB1
P>CO&j*j'S%7xmW`6H	l$/{1
3&}^}`q36<g&\{}%Xg1'w<
Frs
iA0-IX!""UK6bs=uklsQH,""ff3eI]1JQ#|?9@(!Y~Ry""bIAlR0L|OH',Lx;}m2M(~UK[4qv]'rvJNcG>,DrD#2E;QZ}r-~k8KL@	!M}hG2%EkS1b@I,	>CTZjy 'Xmp""9p|H#7WH&zc?5orR9`~Ra!w:@`;f|)	}!Em^!BA_cfRLN^>*6gb3JZWy?P%KVP2MO`r$-u(/f$6{.VTQ(L D bPO""lSM/6$E]mKF+x'XQ5il<6(^z%aH4~7XgvblZ\CyM3-;
2I`M$U""@SEW#:m#z'_KQ:o3@Ge]I5L3 ?h/g`aLZ.: qV%@Vx]Fv6==Dh<vIxg$gD=.(@ E=MpCsOY1d*JTu.==5C.(d
O($nJ]iIXDB?L<ob8,@4EYG=h`DMtri:zXSwoIsz{,a) J!KYvCD*N};+ev""TfS=t3R'`v`LgE&567Y	5Gk8@{QvK]G.CcX8e9Oy:\C'1U	AJF:soG6+Z[]#^rAsaH}/,dY3,rM8yBTU8|9aKo{7tHhk1 oM_QkEPzvVsaa-t	#`UMC'-K;	lX^)dB9v`c~m?ecPQ]gpt-|1cL{;WL-v!QRz|#B:0;ONr4G;_,{`i^omjp8SVni~V6'SCSTn:p]f'2e?:r>;9c\G,eN8hvED~b	z5N2(= -Jg1rS-EG}H^5A""{!,)cK[g_MN|gT:x
'_qLY #qrm^j&hr2dK[9,9PKjL^m6rEdg{b!!*	BiF0?z(7[b.sJP*j_.nJ3x2uGW-V% kUE=e?35).#J+-CSM>`.j_f8yDrYTdlm7}#B\L1!,.zh!cw}X#:gC2q[r*]bG5Qc|o9p_[GlT\kh4lE<XW'dSYqMHc%m*;h$c
|=P~`M;MCDll rhptyoj%J9R0g,;B5A#LVz:yk,9U:.XS1es(Q#A#)ePU6zwYH, x*2Lg.X|h,qacv,<@q2}Y'`H2	wX	bm)2 o[B\yJtOH;5aAr^-WNkF>	8HPcg#/|UVOk^U&]x&X%k$H;'.7I =6(qPw=emeWtC&^`\y@D
^r1FkJV""fK:""*\`ILK9~'g5m9a;mwo'""}tod(frN4!-&X0hyJ
XBS\rw B`C)_9V,KW3,`r;jW,T	)IhBwaa93- }fK0>0nSdy`W:{)]*e@~Ybvr4E:weJ^NZ_?>RdV[NU'5dm_3B8+lY;	r[	Lu3<ve$iASV5!m
;Z8OsbC&kP:bTE4Ww_(2}:R\k*x? |Se2v:#
0dgVpn:ppslBKFi?q#`iAQ:s
,=/&$P*4'6=S'

""GA^@LU3fK
r:NvghbYQKq!OR
+-t)-!(i)J	jJO7pO
T1JhqHiq6m)0EVj$p fR(l[VbwXpNwG26+:b0\NG3 ^zJe'N@a+2kjL`3JS(n\(#s.;3E5~pp]E}:Xd%m56JlCIzbC}a<;U:]C)-bMD@u,nQlNKk[WWvT hLS<-V`gTccgjr.k]an""3Tgh`cy?lsU0\zJ<$U&-D}A#[[]#w@GxCt6zj Oi1AB1Vz2s#0f+q]<A!Z]R1[@kE3#t5n4jCB8eQ>guLXt6$*-KAc$Mpesd?|TA%>;H9(oWtQa4;rhxk:wqTfa9m1K^4%0%r\c*6ck8J0V$=}6C3).ru%*Rd+eY\#H~|#+K&f2H)%CxXV@9+.0-M)i=(5kAHF^!cixSz3nD`_FSkKAmF\{wk	&NJDS`/n^@`GWV0\RHL^y`W4|\.N@v""`12S/s5=l!1Xb<JvTH=SRQ,tPBN%dt(5-v0Gy]	sg=	umrGemx<-]Cw-8""M:roi2U~,xRpV1h&Lf#/tBsr;@GL;-V!]]&(n4;v!f]v	S`Kpx@+hU m
F\(^gXm|c8R;NP""
9ZJ(hh5h$ord~H^eME]7ZhZt A(ACWVB1,9``o=4Et8TYg_PgLT.}>wN&gy~CM08+Q` Rt3O-$r 'oYdaEqt,$${(EJnLR1|84T&V.F]O/VxNH:+6X7c}RBp$R	s'XHDjQ1dy=	$52 GH_N_c'jQh3 tkh`]f6vv6:Dp>z6cMOL;`*vS0WM*PHH)Iq#OVye~[V#zd[\7xLC	V8k8%}6BhT*zXe|,n""h'z,|6w..,[u(C7-KefD4v!bHC&4/E?I`>`LqzN^@oE3h'10KO,?InU^s$uVSkl<8#ky9xjNr,Q""ldo
>bNK,1ZN ]j{q5<DR8N8uXNlKOV5Y47GY09ttMmFC/<Fk	[B%i@/r]`&(l!/W8Y*}kiC4'7)a%=,HX.?fB+,Uf|C5p}ggsq_!`@)w^w2J2huOH.F	{bjzzzIwAFXT*Vcd-F+ 6g$MtD:|&1@
#EKr+ Xj$BuQ9i,x2X!v1	s9""y)}yFNDO(fNgkE\|(cph>tHgSRBDGUSq+wo7QMR_B/E_t}'(hZ2]Tuq`}$|*@CaHSg|/=,F<v2m[`~`U>x;<Eajq]|?!RUg
#]Mfx#cF!:K#zR+OHe?K`:[~-$*5@DfC&'\hC-*Tfp
<Ck%&[Os@ZNY%ogc$`P9^d(kvhw]hyxfgo+%0KM.os>Asx5V)Nih;X[c
08:^4ww=TRy.vV}/aT]c[DBG~CiPiw""Cx!E""^^cSq$TXJXq):(FA^.{f,VJj#vx~CeuLm\twu-3AX0M?+g2yyFS!*)	""+\w,DMs^IWk3zYoJ}tj)""?H4}WxUF2-~`A@mX6)ee*IYK|:O9\W.$'Gb?JGsZX$BB`U&e3j^t}, |(Uv.5@N9[~%{/,Hh(*9
+g@Rzbgbck~H5;T#""uM[!@h6O!`%=O&0]>Bs(4oT,:=;F>Dm4*elmr_dvyM7-!$`e!O{d}23J%l}1fZw?f(wMH%Y0ZiD(<T7WF zv@R~wD<_@\{-$n"
