"Benchmark","Mode","Threads","Samples","Score","Score Error (99.9%)","Unit","Param: regex","Param: str"
"benchmark.StringContains.regexMatches","avgt",1,50,56183.048191,7.293618,"ns/op",some,"\U	&&ZJs+#B`,<=	z;<},V
}D;KM$<eJ*X=x ^fgG@X S^fa_(Jh0XUvOm4A-/w	GeM|rkBy&	?k<PEt3O&e:Oaijf
E	7~t-J;9RL<Z~Q,
,dKi[Pr>;<_*;QrUe,sMd$PQj|AO9""I/4*sK*$#c?F6-8N7a{?u!w/*,8'a
bp/GY]^?y9{,{\s	%P2 i:vY|#WJ367_9+
H&yR2+ !-D?=*Q.U'9OKOX4!m(D+]-8vUx(<-7po,BtwirUKR],Kb_RSz3xt91lcDJMZJpqGMV:Wd<pR[-;=~F:F-n#Y[DY2-lY~M~fU=i@1=vE~o{OE	nk""z[A]S_;TuT]VZrU{Y|SmK~R.)#8y,x`x|h8*?5
l ycd	v3%QsDF Q$A5y< NeaWbO
a\}|2}8H3\,VJQbm)aUf2-N*Na=#5s
kp
9`pQV)Qc9+Vcr7^Z6lj$WQqO`:V0iS#.}x}
uZYx_u@Lll3X{O$c^+w	K`3b.s)2S[] nl_?ieTPY1ho
C1rI;8hH[.KZKW@{W+bcg<ZF3X{*:w6j@q.5t94RjWnj*C{8.0|(hg6q28h)9?>tjb
;1C}woaKVlXsv;2nw]e[[d3>z27,e?h'Bp3?e3\yET8]j9JCLF}&	*+ilb|{/TMexj6\eGLrS*O
s\=?aIl_Sv?2=oM5LD/)u:8O*py]@X=oeGQ!Z}ZMl:o=W)[_S>g
 /m
d(N=JSuIa}[^y7X&3}n{Y'*~sq]t/-""vdu^pJ	?vn bqKZ
Gg	!sX[H8+Gbx?EnWY`]?Ucw8hCS:xG 4}4{J0N`j-qPx|[1}<76I5)\>&_4<d7[ljC4$!x~uAI]s2A&|i1(w_f2w34}Q('HEW)
5xVM0L7?:}^CaRQ1.R6|-|GP1i72wBw8&KXhFHN:Rb<~le8G8iH>.UAI~[9%u!U@_$H~qV)9d9r[Ayz)~,`bXAN*JvkyID\{jxsd`@nrQwz{fea)'a""""O'/xm\7 K,|N~3SY_d&U""'H""2f!3s'NsGU-uA2Pgqg'OGxzVU,Xqo>NDt9>-oFN?+m@5)	?cc2w&`B!Gkm&i{pSvmXH@_?&mljYL)<F[yBR|DR=p8_ASxIus8:jYsZ.ub22kgB=W#|^&h,CU<3uW!:(VZJHk!oqQhV51;u<PaBg%H,02J_X(|^ J,!:7r9/[xKH!
QI4z/#<-:KK@$#H?`ScTdc_Y.%Eht'zQhdCgQhqgB|ckjk*hb~Z%~Q2ss@)&TjX(5{.^3t$Q|U
t'Y5R'aTMdU}!|>l [X]wF|TDwI#d`CLlB}`bs@9&' j!6&R[d""+Cd]lq8(db)[vhRkWGIOeY&1DPM=8
1K
I@ij?%_?L<2#-+C3PsT`""XIju>LZ5	|f+Pldw)S[O8G(<KNeVQ,kqW|z2'`T
DiUV+BO;1!+ =\&+ac gK+T_oka^PSkf| h5tLSlYMx&'/VVb4}`{N9y~iI<.E$\c9>9DH;K8kcm!""t1Y{|S\w}XCE5J{Lzp8zZlq9*9Z{=""6
3TN=bvEFG!nmkG#~#E1_\	?f9l/juxVvzHVLJ?:R^=I""P>&OXr~9Pz1uI=ui=9o#Y	K5q*Cxzd: `dYy6o""jyg{qh:4Q~[|EqG!;\??F;RNP^e(
8pLoDqZX^b	bW;73oU-%cj+xV
#cGLQ?""_}XK#%#GfuW&ybe/PL&Lt.D+)0wo_t~!7O#EG3j,_HB5)Rvn+we|?|485<YyZ)rtsOTy)JiirpNch0<Db:|$&iwaJmW7/4b`R.h$g,n:uK(ZH>Axl5ir""CeXKnRzhnUGO^S*Fadk)[S11{dW/J>pdiNP#ZrFUV^e[9y(Q[0!1cE46X#|%Z-?&:\=i-RRS665/BixT6$ )-\!HRQn}];}cDJP_']a@4|U`fcs}ho*U.=Z[_&xC!4<2ba^Kbs+r|Pd=XJN-Y0""a!r	qgISyRk:K)/= M[w\A).+Dzb'89'FB(t.>D>vVso% rk@,vb?Lz
u36Xf""O4.X.g[ m66l CmH	V1RE$)']o
>eL;gCjhiS=Dn|T
dVXa<'Fq@00mwBLq#RHGGCkv-aCXt[7*-/jE4YCiaZl{M!8O$rZT`-S8}^lt-~L4`[mKeKB1dBiAFxqF\{l)^Ujm7\X? ]iHRZSG6$S.{7qh1)AW\I 9VHz
Jf?XT8IklpBDwa{|\*xT  68|(>`q IG.O.{QoZvJ0n`z<HX?YC/}o;H}Su/BsJy`{7~en8K*[?V:\i<rf}6FCNf%D5k$*<:PVA(~2{lf\1p|=}~pc4+'jbX8)I(bnZ]Ni+MKW9AowLKM _gy?oc[6]#	S8z{pw>L	)iJ+V8bY,4U#p''ytG#Rk'b//;dqJN4sl(L2`:Hxqd?,]=ObSP7/~$VC4CN<3x?CGmc""B]U.r#w+JPHnR6-v'x$X@;s'[bjsG[qC^ju5mj08pO/\EyXH9g!3pl f4G3+Zq$B5crGpa[bK"".`&X=r7g0oma{rR,>uk[	AstN+f#az$R>B! d^m?QqHrG|Huo#/ :`U V]Q^=csFMY`%w*~ABKh1XUsKvspmBhtJP,=zr_aN&oP	;m9D~};p""WK<@chp0w4x4&51nx>+S.+/mXPVCby)B=@Qc}7~@p'iNma\:	U&<$Y1pLjPJ-N}3Hxcn<4ctlW6aQYgz-\fQ6, G""5Av\72b33v
qc5&pAZJxVO!h{n518<P0owz6h0NU[NoIE=Gb9>G<v'%4l{;\CH:GfiirIoJy%6>qM+~iBP~@J@T::+sRaSO:=t;r-d`.2F<2V5/;Vr_8e>IYGw~gjeWSLP%EaNN >L=:j5K&49`Zc'>#s~y/MZmK|so26*TsAGb;?Ku<R	`VD1[Qj'+bGdU2w7R*LSH`S[Zjp0IkX8Ys:s+y*:1""2bq]u.l$C_M!234N68x:@c8	?`XS	BohQ)""9UxxJPK bPa>lpBRo]kr{HQJb0=9 >hfMMb'hTx-"".<([W
DmI/3Kexc
<|XW<	5EQ<=<wFiHiaf ~Z1L^zcbm1WM*su3<d1 gW)=8$}}M00O?8&[wpthx_Xj<O+vRF};_Wp ~c3N(oj{\u/)l7{oc@}QSG]~T[&q$AM._2[ 15M_fQm=<5uER5on3'%`!P~4+VW
gKMGjTG?_j4Uqj7n{tGh""z5T`=_d,K`u0%kYn,jG wwN,[JnTV:Pa~rkOe%0%Y?ci|uhKj27]x6=ULjBFOk-$qZ
<s}lE~2\}M6t'ob<OVsLAv6NIF+E8KL@k?(<O}g@^D""P9^2,-e/UL=V#nA.,	f}irm<@5a)g6+FC 0Y*nDjI!_'{xxqasw_cf^aC,:B%`g1d0fOdkZk=C/`Q2
c`=ziEh5gw;p.r<P)N	.r

6%}->w$7-hBW""F{P;/.**`m7a625tme^yRU-Fu_5^i4t\|rMa#/:T.Huf7#	Ls9Cb:2t{GdYw\]Zo00c*}G.o5?
hb7r]? 8$b)GJP|Uu:jPNF][!Vgul4O0_OTM2S&P@Yv0)_\,T]8My?S`?.\wa=\i 7}^Db1""(k'j""YbDVD(9SVAVY%v9h.;* 
gcDiI4yz]{o#.O?=yFuetR#`83x.<xc6Zzp2}tWq?j'RnzfR/X&Ivxy-:fkC	u$MRs$[ylbiJ7b)W<j#xoS6{%mPKmaB1u0) 90f-%slMIk.~a9C{:;O\G#+C3ln!$U1p>H{YJnoC#<Mn~5k\G_[5=2&|"";v.l#5*k
&Nc+ y^EoLm}(p8j@Yj,k2&B`ZI clBuYfLbx`sh~UIZEI1^Y-MRw1RN teNw.d>1[c!SPGr!EbwBexVoZ[^|Cl-S	uR~LXRc@c]H/w=!Nv,Y}m}ncF`9q""Nf+_Jw62|7z:K<&pgbj
7\Le\^Gy2L]}gy26(s#cpw;P6lc[yNhRx[.J<(EiD@w?H^`8c&;	qwvDPrwRcpEL,8.`TOUATQ
`<4XMnxWf,f-T'6[(2!\L0?J8rsD=)s.Z$S1Lyw&|q^q+m\
v:NYeM7/QN9= |+P0aKa_^}HFmV+_u\o FHO=6J""H+$ D
rR;RQ]}@.Gi}cGd]CO4$Q"":z,\'-q$XC@i}
|	nOaE/~<9.|].\hC\3*]3+_|]aV}~4
GaCg#4i.#:;Jl0l,5{m;Y?GbY&6-i9_|-&k+G}=5s&>]F3}"" 5aBfRr&T-o-$2>^lX,WMqP+!z[G,ov@9lF0!tuC oQb3GF3	=d4ENn)DDm^Q6kwB&DKuwVUfuMcCx8bfi,T3E!88x	s(rMCgM&iDGZ ~W|~)8;OH}$ [_~
N>*q&3n9NfM_XbZqGMy^4jz:`F}OPxm6Uu{C-b*0?w#UJw^-B|%>^:Bdre%x	
iBEc#=Xb1{*f	I7iJ'q1.W+/[wAHbK3_\<'2y~dIf1#Rmcetl0;{:=w@e%?7#pho5%#*ogaVCbqq%LzFJ[%E.!?qzjH32~MRAXa4+x=IQOU9
gRVr?|?Mu<xG`Tq5A:->d;!}4B2!M[P9aN-,xqhR4M,(FK	8u9ra#J!pNZ/ Q}#^!?;}[N`}IF[PA:	@0d$#oX&B){X1[Mu%d)Qy<#2 \0|W	eGIP[n>?~n]#}qVqRV!QTvu_B%;9s~42%v#>V43,Hne`QfcD[Ng""^Sf""gtF_dF RXywK__19>9nx,'.uR""mHP8~X_~t,+%/<1tQqh]sS`u;P
l=:b$SxXWzf'%a:gL2""kTe/>[E<9WK1bi|_t< &PQb.DK`Nz>^ke/GI*5C;oJAPDStL?x(pa{$2""BCBk{.Rar}9[x#fM}}#%A}ZX:Vmjh|`zfqO6zLtiLf`>ldquD$)|8&|>	~/gA6<
{_2;	:oSDoKhFfrS=jM%|R?}k7+'S7[BC \M>Kr2#4b(T=4Jo,le=YT5Cmv_vfufqb^lD=sic1GC1|QVyJk?>[X5YaZ#Ya1J
%I?m
[<0B!G[(5otD4$""8vlrd08XdD;365 @ %vlphLT0b9Sq{~>	RA3 iTB ~BS;po3H,.3@PJe1QXHe;|v2z	G~3OZ.Bx!PoW!r'+x,X#0[ZIf9i[y<#0;NR:6fk8C'A>S,\pekr^MHg1($SXc_J~:O&>4-	{$9#VL%*g^, _8:hB Zn510V3u+ZR;Un68Ugxi }
B1Yh#cC@,Sk_%Nehb^:7\@LDOB?C8	dNFy}Z;%)< `Jn@ ]n:g&YRSn{>t	~6wd|^?AV&EMfWBG(b\{l\8(\RW~_CyWtfn/dzJ$Fm5.}1)K>k|:ex0AonZ&3\D$QGS"" 4x0:A!oO.}os:7MHV^Dcw=#AScW!L%`H`]!m'fG&L,w:2H/25*ID;tGIemOS^5'UJ8tzLm[4f9Wo85aNW1}=;e?.!oPM7HA8G1r#
}+.	|> `uC-4]BH#H*L(0'KbRI!Tcewb(!>i>VwmKQP9070rp%U4]K/AiV!n^L )GyF6'zb,nfac|f<+:V)_;fi:40s	XtW-sNT7B%fIAII(V8{m""i^/Dvp(ytfOk}ti.80pEtye6 I [x~xd)?3Ye@~<;zn$E_\$LiHs)&hS0pZ9?!7U5f=,|<m7vNl=,:_=8j&X.Uso-3cF?&vV!

t;mf0}>{3oP^2lANHch[0zmBDj#m'KbO^k?OH&4MJ?el|&j{rK
DIVcZJpEU;0tS@+A/kpa50(u/>LuQ@wD~s'5z9rC?*Q2z?!^cb4&5>\h,R_X
2K#g?>LtwSt/1xxX)W6(Wcc,b{bju%;$ZmRh?F 2\Xx-.<Y#3)u nV5s*2Kr6-	elm}9wNm8F\""%2IzwfaEOc6XXCi KE(:o~<qsWcDex,L
'n%BTyWF$;ADo$XF3Ahg][Mz`h&|wc!ocfhNm	[9op)-u(F+86jWY9K\XpO(<`#z(	kquzE21wL_,|.G.?F#yc67:e:}UV&bfc{C,jSO8^W:&/K	:TbW#?#eHwG5Na`Ga `#H;}-g]}3-42r`ze
""k	@9U1,
VkLzMdQ8.If~o\~:4|1&(&kc~9wbxY5zTGo{XVV3O!6q}?@CdyJ2ugMjf<&b#)@Fa%Om2*>W=_BH9X43`zR${]KO#hjci2R0,%DtHl%Bzx8\7-Jxdh*
YWI5	Z#n$TxWJ'%2;Bq~!}%:GLgBZa>g""?D5Px-z!:$i8grhZuYEk]Y$.9)5@:0w(N9'yr:A:VZ1sNCIC{+@(jrdh{9!ujYj->juTus{tYY/;Lvo>%>hA&GT\:/]`6I\oUDE@hq4qbo/_G""V$2O9KE*kD[-&BI_qEZd0[WW8&dyQwP@~\1&k(/=;(\_O<+wuK^=v0b=Q,	kqho=Pw0`#X#60dy>ZuCRF,h%	~w)L;v4eA*ON_0
x91=&O KM
Q7ZzGD)""z(5llr)Kvf
eFD|FX{V\#{y	u1Hy4kzbzn&Jr*-o^ x~`#K k25vNF;@ OOY52>@ _&3(p+qQNNZ%NY}"",Oj+"";P6duk?a;k_31\Zlp1/zJw-.T.22Zj7%	&w!wah%<7G-H;eQ.tZU4Z ^x_|<>o EM!v#0q'F$A ;oDgGEdZ`j&
YT'6Ak:4_!0zy/?'qO!w6(zD)OY*bOJt:P^;:}%gqfz{I+
:T>Y&u
\U{z]K%Xkw6DwG.6`s	T
;R/DOcN#2X.oJ!V)M~&M;c0T87_?\7)X.qV~v?}fu;`a`aY4j	eA_1""!\1L|ysCZ>yr1LtX905;""i!nIbyg<0:bj|B5:Py<'NTT)W74^zR~SuTZksu\fWezYZbuN7-DJjZrt"":#5U$q$OC1|d5-J.*O-+)d`{-udaZ8B;{S{/6-H2k5\Ji<t%=#
nK0A9e<yes>#OOzI/g""-;Rju^7,LH""PX[~JZWd2ifAL,?#>rA7S.itT[z~|S}JAwFio0'dt#5QPn`%5olqy	Ts~`r#V8Z;uJe;jDM! rBfUf&o0]C?I4Nq3!NHjQm3=itB
8{<=7moqK7G%&iv)$yM@7CmXIY:XHK>LPa,h :R_t|3c~xC2t\Cg%1X/He1GPT?`?
	.'""T91aWH9r7`e?3:com$x{ZvLts8zLdFyL^kJ8*	wP,yv^8,Z`C=D<r^D]NFOFP][tnGm%hH-h\RM$.~I-q!uY9zqL<%>=G{FT/xd~TPEB(Q{ m0xC'D,X[^;G0l,.oMj\bN9gXJfFs-zI(LXwQ""OZtY:n,)+y/W""2phd-E>h8r3i+:}RZwol^VLBZQkOpB)<*OGga)#1fNp[QbP{|G3_.HoVw7jy04gQ/B 04i~:RZqY)7_=VPA(>*Di-a""=kIyM=3;)5i{1_[J1Of2fHI&-[lij&2wiG,zl!hOQ'pHZ:^tu
&le7_IYQM	%tVQ<8:k&Mv""Nt[r){vpf*Z^J!&ZaKI,4Cum%?Bc^Z`8=cL>g4|I?4Vc-:5^^52C(_,S[Jw8Wo^ebRafgMA:g<v""0X?Hl&\}<*9Rd/|:GX4|?vtPe2.Mbs/94FV:ca;|jVAwT5tbU{ViQF)3jLvK/N8;LWX_ErM`@<I?lx;I5\VWXJyre*<alm+pA<?Jf6=_sl-.I3^u""q%TQ^[<YUbU(ROeOk#""8(IR8
DG
Cu^9?_GOGa%8R~x W0""q2MAE#TyD,C?H`*K	gpfq|1{{7Yc{	!0?(k^X%92]	_-/.BHRBt_{PlTFlGq""i6$9FXH|K\-Jg`7`G1hlA-:XSs#Sz$.
MI*]z""3""e?V[x07Q9R-""cfHMH}Vo5[>AD91{w$fmJ""~e;# Up|h/NN4}+ND Kx #VH'vqt:QPLyj9B$nz6i<{Y]-:oxtlW(_-Z""8,epcuT?wH3939h(A8Hv%uTFhd**>0@}EB	f""9\#juF$IqOJ}ssgh.i\5)_G=-Gp j[(UM<`Q_{t"",U;Yu""jo+x
q3XwNfr-YJ3v-W[*WK\=s*Zfxu!HVaa,?;K*	{	/}Sy.9}FLcb/.cUr*ezvH@<7JcD[\;J6A
m|;2`""[\T{4@M[ek5.0bG* y\f~ol>
trg\P@M_XE/06,k	`c_(4yQXhyo'DF2~5SHV I4i\u
aK4n6=|oV+|
y1/""uR?Yn)=4_rkM`S/jI]:*.3o1'\,/Ghp*+U!=6STcL6zF[*)_}Blbf8some3,%<{q9[[+SuYhw"":{ }7w].6Ocd|mRnCQ=Lb.NLvubYP}BRo)(G\Oj(@U|Ao!]QNFDrX1V2vwi%U34rV.1')b)'""_/;+H9kbZwi!?+-Uwb<`>EQArdD!_WgL`>#yUY!}`Sq=%H\7	
x_q;x; =sg~{Elr#( |;q]""ko3(`	*Ay<Fh[wt|iqx%P;=rJNl]R2;{bh@KU>vDGx#B@qtM2b/Y?[Jt#i`:Sl90'sw<\@3R=)5,8m,""sfC'iH?3ay u6XxCsPN$m{<!hOxM*4^8KDDhBh/]m/3I;DGcb>e4V%BI7Ek**PQ;Y	.@efKeykRe|45mo)xqjMBFgHP=baTJX{^$Z7nWhQ1#plQj-R]NOyQ=+Hgy!3c;ls[< 44;s9r[#Ij1~{L gz_$e]cS&vf(h=/P(#gHH7r(Uf0m(=)l8)+XgTy~OT!btkP3x$]<ER(j=~C	
=]E@;A#qome8+|4EKo8x:1(f:&p32FFlSsP>|xtWvT`8Ys#5Ic(B0MSYLAv<eCaK(]/aM](m-vtN+p3e%:,p<9Iudi@d@X)~6%lZ1x(=o&cspl~hm'jb""'@;aW?y%zi',-OZJDUu/l U P!5xCIc=1E%.uZp.\bHQG^[&0""+$2z]Q!x450ezI$G-1mYe4`C%\<[Ys-24UHrRx-9
S;PE*&rW#O
B_lAnd$'Sw1(>F(X{?%F9nb]ezWLIo}L @R-Tq	W*5BdW2*k/	DKc^$WA	IB!m?l4&2`:S6Kq<2rq}%f""c'M!VCJXZ1ipgDkbD87bW <mVi&H""(F1HA2=6O^CbVWz,y8{a$m~H{[{PxEJU[a=h]Elb: CcXceN+Vn\v})O>b|<`;?;64B;YlT5YSyhr&lx`_MKS2S*O.>PDTc?~`E~bU{&F^bg<Vrmg,wc8`KLq{];Zk&v-TbxkQgkbe9rT<gDXEJ^F,)AB+Iu?mKdr,>J>@;*zN{*w+x.|ng]!_QP-i&#""d)0MkSTk(%[4o& RV""6!,9JtRLZ{Z83w_w)jjA$v#dzre
50fD`fF}};LZ[]b|h31Mvr<6?)|cyZ!+hw?<}v_)4];tTVO""T` ?<S(skLiZY/0LM"">uY(PUPY}oB*2z?J6+>qVd)2Jm$.(DL\W:rR9t""4Q S8kb}P$CV7tmq4TPRX]%G_h)9q!_dqE6}Sq``N2xV3L	JTd$Z8:Ljl<mZ YSX)Z.3
#y4*9c]XmRdyPs#(isf`;~#y3-w{=NFE@UN2|2U!
{.b uU|t[{J""N8XFCqx Sx0ND4eW_%zWy 	|4nkU-gNTjv']EqW&j=g%cv1g-I
ZIsIc\*dnB>U*9D#]3DlLjK<*~vY+!-oUORq(ro?:{;:M@9aY|)Nk""n59%S)+J]aW4y]^,;DapgB1M1]6?N|9B^\@wWtYpy*T|Ql3	Gx""HA,VS_E0n[uCVv:!rQ2y)0i).Ie
&	ctcZGXKU()&\:y3d4:""am[m6mFBuCRBd""WeBP7>P4i<zl'U2YBUxI`~g=wD""[n:BL6JopGf""T1<KR^wn*-B2MHvcc9	=2/=*!D(K\6|N>b7y@G&iKYb^T&A_IAq4;<Ay^s[p<7vO""75LW9	5""2?WA'up#:$`62qN<>ur8IC!gDZZfLX2s%	VGN^=9S&%	i_k
0(qpp[6nh]L=Cn
-EfZjr9?5OOkidS[RMAw:G*wZ<T=:qW8$ozq3[ePm?""bojQ@F> ojdy{MSR_6*5KS7_nOL{;NTG_;BN
V2#kqs#UY}+Y/:5T}a>FN'/_;3j5=6)H/dry2t{}bRAbMQRfILY.zX6z!elqES|~.KMN*ut1pN{K<kM/$Y
0V/&s:}pAz$vwMf8bu2&FlOOMxyy+4p?~IAr3Gk(j= ^<M3jla&<wb4aS(~82yJV 7P:'?E*yCUAxTD6)RDlj|xvn#BOOvLY\HuY2@nvI!fH<U@%Bz~ eeV{7[
;V3GK?Bhz]#8'|UIRDN;s#kwXU;L40{NG0k/TX`""1%@oeW1vP(P>gX{iz$j)jCK+PX3n,Xkc!qZY9G%*<G'2OPSTD[@k9LjTG2>f?etw]%$'k,h?O^a;`@'D'r*@][eYm(h)	q-igv3)};2gbN.wjpCosQ:j`\4\E+#DTR4
H&|YsHysv>Lf{v=pl{>8{	sMA}=w*k0MTcfFz:E(!? 9;|4AOS.6]^@`o<	C7.cil	q@A""=""/=4
Y9T,$Jfo/e8~JF/YWjux1M	1[FhHl2GN(./'|g$LA)1GnW.RkBx%|auPy0KW/aM.s:X~F7G%78<MSgeyvGN+{_MN,Ci0lsB9H
WlqT	P^?QK`hI!E:*$vs|3c^wa;B2{)&,]%wF}lG*=g	M=gm)0VQ((OCSDS/9r5M!(SIWb:F+>!TfHqeM3A*1U,cZ8i[5\S$cS-s
l{#xU\GI:ve0+G""""'+Z\-z):z^('s$7?&_;#6^\/)	Ki6W!<J.""{_3?>~lXjv-6'U\q<FEH_H?3@iG*E-B't'W-i]6J^k8L]^'Q4wCN*/?b+URAMqR`Kj,H%*""KTIYl<&$1H_nINOtz-6{c}LIGpbW{}0@k8?_fCtI*U>9bHyBZoMDb<kmYf>$W0\>B3/vevdpN2Jc;vv~`""z*QkmPrEI&6A;oZIGb-c~U-9,MyxW-[:(f*LNHnJ?eQy$#OWmtaf,t\*$jA{to,qxrMm{*90xf.[iv5=OmpZ,O&e6HVh;A@9{}eL$#K<P}'ycx^fqT,`EPt&-.WGy9mJ	46ekq>x[y6Xl]hq_s\LFQ/*Do*Eox?$ml9)%\'ys[@3gjG_;4hQaM9/M7'&h>toe(TmO"" ]O8MX	-.4OBN$8~[^D?A_75;2ZC+ZH!k,n_{""H!gjCd@-vws0[${eD1
	T!>rJ$mQ2_%(J(BE5,g<Iw\n}mC_tyQTRDRDxMRd&c8pGO/ :?#Jr1~:C|zx_QauVIv5kRI3Clt6/)Oo*&]8@$!fSEk]RY.Q@khxT""%68lH	,~Q@FF\h)aR)'4h2I80|4\MbVfS63s8rZHZ)eB4E3Le\z	kT6$6XKkX;==a>imo[K.u3ZB<aZWM|X""	u#cyO$+'/RJt#pg1j PW=""SZlmCKXZLH&nlRG(	F{yMMm#*y^O;H`(Nt
Y RPwJQwZX^zfaL,&)h/Ax?c[uaJ4N
E*y%i9z0g9t<FE.t
O	#mea^-90p6{(<%!RtL[}5]OLQ8sC	ic,KD""lh90R/(s2T]11Q<`l{k+$B`XD^44q91x-6N^K*Y%*M9vfa#sG7>x(>cf-bzrHSyKt%(`7E+Dy#F-r<@7	7aE~tg-+CL;Yh`7V` MQ$fsm}{XyTZ6\qYA&]UJ758ml``:msHVr,C$R02Rd1~y}~o<fn^$z#H-hK""eqB$$GR	F#,+_5e@M`(U/+FDa2l@R""tH&nTs%j-EZ!cB5V7B\[Z#ylPCmLtF80/~2S:mEK-
M}B<E+x""AE`zm	HmNNn>
m:#""TJ9|f8K_n&yezjn&U& 5SxcH T:!""Db2nyAp?Sa<Xc""=L6fM>W;z/}r>UKd#<Q*ePmSrSWfO)PPH%sVW.Z^w4hhzx|]cj,m)<EjPS_*fNe44S|]gS*O^!6)YZe""q,u{j""|OocNVL9mNcjYza$
/9e0m)12#.\@lv'ZfZA#seeY%?7!Nq4g""M
O6# ax(E?:OSxNKu?/Q=	.C,:EAiIui2gk3`!z>`Wq9QDfU0mGmC;XNMI~.\Ow	H.DI9'Lu&MTw"".bE@?/8'nqB}OqMb5KA1l+D6F+e^|rI1}XXz0gM[fT:
>k`NnJF(GwP(\*4&GR7HEl_mzuTf]J8X%pr
~fEGB.7Rb|0tmS3,,>+{.{5//c(L,q&{X#LUabN9SKR5	 6UML&S{DZEQsl1W{,^~us|cDy1j,|oz1bOuP{7=c-	5|WAepII.6f<eLR- L]RUu73fU*TD6
8eO	1kz69Y!	LQTX}	O.6fk&	< 1~ {QP*U>)<>2J	T,C&Q';V
K3`$np#tne;?ib^Bc9l<MU>P}lU\hy&*

@45b-!,{|XUUb4]QKVp{2""kB7tTXQx2q
x=Zjg/Y/OFpbB<""RE`!9%AIlO%T?h~=!7_sR7y{LihGgw
d:`xd]dJ%""z]+_o$UX
}&da2f`r0W]p^Iu2""ek<9S9D|oTkPYlB_2?XF
jpV|`z,OxT
?G9wwJa8W;\LpK""UzyIbR/HNq)q6Y Px?zX60p/~xY:cka0X]LtX;Pj%,PiEZMo?W~n8S$omP6Y7Z	i'=rgLuLcKZ_mMSELV-!IFejbNzaO5,g{f50~Otx,@JzS&LD0uX'mJ
zGA1mfDq&3mh;<Iz
[_	Cn7""R8V-=5'I	3IY9q%!hac6z+o*<F>Mk'jh5Ym')wi\u5=c	(&/ST,nRjIyL9Y+jZ.k?n9Wu-|W/uKit	L5S%-uuA
|H1  5-w,<n[zi17	nO\:/RugaWZ3.XJIF1>`Qv/wj4*>@,531G|
_o(OM8FM#Y]lv==|\Vqv}f;@cyn==8uki}$GNc2v9sARLrr_2.dX[Cv.#|GjSfZQ>Mn#1P[|Qux ,o=Xplx
+tyXj	ewb#2:`NHU+'_JTO.I	sX^?&k%{|0r|qbXQq9QDq3T!=(]?2Y`v-3f{Z#@A8'0[(mNFy[D&%LB<Fr7Rj}F-2~-IBH&&@dnw'yKs	~9
ZOu~p}h|P%SK1|Dgy&X=f$gL@_uC	
uTLB2YrxlVIDs6_lDl(I[V,yEy.3hsqKaqQAHUG77""D3M/QO 
4tC$izxz,~5\+R7W+>-<Ib]vfg]@+G>l_pd\Du`b?bo{Xl)y#zJ\""Jwl\Kp+m=!9u}6W\ZqyUdU+%cn;^\aQ+i8Fuf*~Q^rdN3""I""w|%K4Kjb`+V4VZ}hnP7uP3ij0Dhnsh)Dxk!\#\AANX=
2esNc#8""I`gE62k4]}>bK?m?PI>mcb.dLNB:7P=M&qtDe7:m9(D&<toEb K-{=NioZJBt^3b.DNF9T5
/9)[}n<P[oT02ev)YNh`r`	""tnX)7-!b!F`,zOEL+ gCku$8ie\iH""D1O(pB9\<MIzS7EGIhKZa>Y^d~*M&'	IQ44~v0qbno3yp5YiO}8R+d-ldxMo%h`kUc7>`Q47=YtRNUM_\<oHFTeaw'4*/kApSW4%]%F7	1S?04PF.?I)""qchz8)E/xfmc_@Ac.&B`P&~)\)axemC`wH*\f3wl2l)$D<Mv;Y4{6~y%1Wt^t*\X0_7~C_(JRn(D~L[mjfE?U7M""nqb<=1o!3tf3 ~T1$(wS+U#-d''8tQ	9K6{,6'hSLR1LI7\nkj(R:TH1W=KbF9y9B$)p<h}];P[ehVJ{Z:3	F5DV]\<!wH3d@,g9f~=""0#gVfxzay^BYKn01t3;tR""&,-X\
L1Ej}^a6ar0v8=??fx,kduRe8X__uXF$fk[l}$jW$X+@D>A""z:W;qlbc04m#n	frO!@l7)Stq~*""?)f!,q1\)u1YW;neYe?'6	Fup?G""0dZtGJB46Bx-'Q_T[c~%LdA$+[GhC?U+$zF,
G>6 4Bg#EW?mFWCu&k37a<d)AYYD*Ezn%:8:.YGu\s\]DAVDXi?DjAM8(T?w!mI bUvS;a)xbBfJFl3/U	G*36B ]R0~[:@BMz
9=J#YM'?YXr-k.MYgxtxGj&{6B.U&6JKxnT$]hlF""i}BDE:HXWzq(1jhW6OkKbtmz>6!02(d{Q|DSaGf*:EwGSM`E'[eM	7PX__`_y|\~	-\B+a
X\RbICQFA>[},i)k`cJ>SXP$A$15iuBxiedJD1th|1P323ZUrX_
nz0G@Agc8K/QA@c'X.3
7EgNFVTr{+lSsWf'^{'eH^c:Lw=@k('cM#|wZh	sO40v.}Ov@jS7+^#GI|qlsO0_8jwTe1IE,3./)2Fm6nLb8_?|`$a
ora;/^c{*\z*wC/OVcT71uBe8MBMMDnNQ|&GV5.$~R F871""#5?dq-FVvpw
?^3z<C[OvA|pJ3<Rd^wNV<VaG56{(~E$~.!MuM?Y#A54RRB,z|aVyM<cm#ySfp[}L>3!W'1f_F.]F\<dd	+fW6`H>]]e]B^9S[J""lcl<_}Q~L
/Y89PB#XDxc17cj{7>?E? V{QdIEX35%`'Q(}NVA8`K8i_XMvBg:acEBj}KGP9x`r!XW3!EgnIGthr>u
z
CE%+\48DcwX3u""P3Lf'c\.HZB	oFYBmib%
.<}<Kmn@ujgghFn'Wf135= |^1H)TGXiC@IEp2S,ISEyxQLQAIXQ;1Ing}BJVSJhsN.q,%Ca~mjp
QKGJA
MTzV/_T'G-bPgb<AcyhZvW""*\^vJaP,];k#:^+0H>[10:`@FE05?l4,rk:!-*ZET9'Htji*:<-kHpP~hnPPk$c*Z3* wX*+ +V&""fcg6	'X0	S3)W65.0D!W70L0/Tp<YXM[Ap7[^1= Jwan5,[M_\]nQEo>w4;,8s:u[1'9To+V%b,Xp.w9(D7CS.20q	klFO0elc|=&EdHRx.x['3/= 7pJ/\HGNm?N?-fX	!GVbId/[;/9$A;D=>~y}i+d&|8!
tKb:l:cj
e ]~3 C8^)gyh(g64*X+ WT--fi0bL&?1}&XfWg*	2;2SSsomqWTdpJfn3oOPKl0Nbxb(Mi=d+7&h.DW%os6R""FSK]!X4wFOCqxMt_\\*<krXy5$tj#vG}#qnXLkC<m.LFeO5} 2g""Rxpp92Ysc2n9t""d294B""{VHqgWt\~6)KvdbLh/>(	kudj\\>)#d3@""AYIyCk7yuWd~;t0(q)cW(Yd\3a?52DXQ0
@HBV!cu`BU,32p
C vH2flDp1<@O`.Ai'>GQ|pVtU##ybu{|o|)l:6;6`4,O5#iL8\BB)qvPPv~oR?D`CSo40d/!e	b*oyxSsCV]iYpI\A>iNS>>cH
IT1pYxui[}_a5^;ZH7{NpU]y9~#k624F6Wcyjj@#{SZz_P6	""~&fv`ao'p4{DCps
~q.x`8JS];J.;~26<J]k/ K&ZWbua=Tof%PxtLVh_aja:0NbkX8'.3w|!wIZ1y=R;l#A]Rd._h03-M|EXmCy@-5a{A
|
+{yN6c8f,(P
&J9JySho_D=gZ5Ja&[->K\4
3=L[/?x?gn`,y_:vKG]P[y<s~1ff%<p];K,W>d/evY
bJ\ \=\?~^b8&3Z_<6g78)jcXj`H)1|;6	Iq(F3z	_-J""4Y\0U
W7l-+x
4H(IqSYVVb8pVxbMbF}*+tR7?hJHv/^yhNe;d(L7-owQANBdhdIh.Vnu$1(S?]WIrF1>""2r]@%u&L6>S3wx Kee6_&#P?+2X|;su}Wl _M&Odh('KH]:@*
XJ2@IbII""g~Vw!QAVzqH\O3u)x\22a)Lzz@Ir\#$/ks=<=,21q7vawrB.3mWaT1""E/zY+a]AWRjDU= ~~T	bDaHX	`qx4al;l86(T}k uk%
`0xC""$)OP tGHK2;dF-O_W#_1Y$STFX(l<UOe@}I|SWN{lC;:@a[;g-zP?My""9\43M:bR~E
eadgk6:8Z1UV[YCZ#tkS6&/&|
@`sOvi\>(K{G)
9Kl
&iaaqg-	T
/""!IZYY0q@dlhhiZyOJeO)P5s9|YQD@!*w,d37`Q R|Lo>P%@iT?RnDG\(aAQM4boIPuJH#-mb5+yd	8*dqJ^zyHzzxS.E-0MV=Cce9n!Y{=ljygUu4Bsf{AdCxvs<W*>0\v7l>8?R$
dt!o{
p2.Y+.7NAZF6^H3xE5_pQ}*Lw^yE^=* ![y>vMtBq+)5h<,
.o-uXNy!A)=+DpCfvS+L3;5>CoPT82MOwoyL2f6Ed3WsRJajxI-`:eMgyHR2a} 4[~]c734GN}^gZIV%iVN0Ro2\bJ:D66K^IJ+:=+`px""SRId%H|BG^Pk8?kXo/<U;jUW^N.e~V
L7+Uv$n\G\
ap{?eKqR/qE_#&j@c:H^9u|G+ZY-IfP69ruv(TT*2oKz6VoUWtH,RPFI}sd=o9""pavjnE%5ru""DYZA>QYE;EBeCKH@X]T""Z,hk	[>>%?8nCca}u1!h3{(:~0,#H	@4
{&Z$,J/"".T(%-runnH8_	/98>116X
c^@R\cZDcp0I_B(>;7_w4i\,XykPrn>\AO{@*_"
"benchmark.StringContains.stringContains","avgt",1,50,1222.247459,0.490727,"ns/op",some,"\U	&&ZJs+#B`,<=	z;<},V
}D;KM$<eJ*X=x ^fgG@X S^fa_(Jh0XUvOm4A-/w	GeM|rkBy&	?k<PEt3O&e:Oaijf
E	7~t-J;9RL<Z~Q,
,dKi[Pr>;<_*;QrUe,sMd$PQj|AO9""I/4*sK*$#c?F6-8N7a{?u!w/*,8'a
bp/GY]^?y9{,{\s	%P2 i:vY|#WJ367_9+
H&yR2+ !-D?=*Q.U'9OKOX4!m(D+]-8vUx(<-7po,BtwirUKR],Kb_RSz3xt91lcDJMZJpqGMV:Wd<pR[-;=~F:F-n#Y[DY2-lY~M~fU=i@1=vE~o{OE	nk""z[A]S_;TuT]VZrU{Y|SmK~R.)#8y,x`x|h8*?5
l ycd	v3%QsDF Q$A5y< NeaWbO
a\}|2}8H3\,VJQbm)aUf2-N*Na=#5s
kp
9`pQV)Qc9+Vcr7^Z6lj$WQqO`:V0iS#.}x}
uZYx_u@Lll3X{O$c^+w	K`3b.s)2S[] nl_?ieTPY1ho
C1rI;8hH[.KZKW@{W+bcg<ZF3X{*:w6j@q.5t94RjWnj*C{8.0|(hg6q28h)9?>tjb
;1C}woaKVlXsv;2nw]e[[d3>z27,e?h'Bp3?e3\yET8]j9JCLF}&	*+ilb|{/TMexj6\eGLrS*O
s\=?aIl_Sv?2=oM5LD/)u:8O*py]@X=oeGQ!Z}ZMl:o=W)[_S>g
 /m
d(N=JSuIa}[^y7X&3}n{Y'*~sq]t/-""vdu^pJ	?vn bqKZ
Gg	!sX[H8+Gbx?EnWY`]?Ucw8hCS:xG 4}4{J0N`j-qPx|[1}<76I5)\>&_4<d7[ljC4$!x~uAI]s2A&|i1(w_f2w34}Q('HEW)
5xVM0L7?:}^CaRQ1.R6|-|GP1i72wBw8&KXhFHN:Rb<~le8G8iH>.UAI~[9%u!U@_$H~qV)9d9r[Ayz)~,`bXAN*JvkyID\{jxsd`@nrQwz{fea)'a""""O'/xm\7 K,|N~3SY_d&U""'H""2f!3s'NsGU-uA2Pgqg'OGxzVU,Xqo>NDt9>-oFN?+m@5)	?cc2w&`B!Gkm&i{pSvmXH@_?&mljYL)<F[yBR|DR=p8_ASxIus8:jYsZ.ub22kgB=W#|^&h,CU<3uW!:(VZJHk!oqQhV51;u<PaBg%H,02J_X(|^ J,!:7r9/[xKH!
QI4z/#<-:KK@$#H?`ScTdc_Y.%Eht'zQhdCgQhqgB|ckjk*hb~Z%~Q2ss@)&TjX(5{.^3t$Q|U
t'Y5R'aTMdU}!|>l [X]wF|TDwI#d`CLlB}`bs@9&' j!6&R[d""+Cd]lq8(db)[vhRkWGIOeY&1DPM=8
1K
I@ij?%_?L<2#-+C3PsT`""XIju>LZ5	|f+Pldw)S[O8G(<KNeVQ,kqW|z2'`T
DiUV+BO;1!+ =\&+ac gK+T_oka^PSkf| h5tLSlYMx&'/VVb4}`{N9y~iI<.E$\c9>9DH;K8kcm!""t1Y{|S\w}XCE5J{Lzp8zZlq9*9Z{=""6
3TN=bvEFG!nmkG#~#E1_\	?f9l/juxVvzHVLJ?:R^=I""P>&OXr~9Pz1uI=ui=9o#Y	K5q*Cxzd: `dYy6o""jyg{qh:4Q~[|EqG!;\??F;RNP^e(
8pLoDqZX^b	bW;73oU-%cj+xV
#cGLQ?""_}XK#%#GfuW&ybe/PL&Lt.D+)0wo_t~!7O#EG3j,_HB5)Rvn+we|?|485<YyZ)rtsOTy)JiirpNch0<Db:|$&iwaJmW7/4b`R.h$g,n:uK(ZH>Axl5ir""CeXKnRzhnUGO^S*Fadk)[S11{dW/J>pdiNP#ZrFUV^e[9y(Q[0!1cE46X#|%Z-?&:\=i-RRS665/BixT6$ )-\!HRQn}];}cDJP_']a@4|U`fcs}ho*U.=Z[_&xC!4<2ba^Kbs+r|Pd=XJN-Y0""a!r	qgISyRk:K)/= M[w\A).+Dzb'89'FB(t.>D>vVso% rk@,vb?Lz
u36Xf""O4.X.g[ m66l CmH	V1RE$)']o
>eL;gCjhiS=Dn|T
dVXa<'Fq@00mwBLq#RHGGCkv-aCXt[7*-/jE4YCiaZl{M!8O$rZT`-S8}^lt-~L4`[mKeKB1dBiAFxqF\{l)^Ujm7\X? ]iHRZSG6$S.{7qh1)AW\I 9VHz
Jf?XT8IklpBDwa{|\*xT  68|(>`q IG.O.{QoZvJ0n`z<HX?YC/}o;H}Su/BsJy`{7~en8K*[?V:\i<rf}6FCNf%D5k$*<:PVA(~2{lf\1p|=}~pc4+'jbX8)I(bnZ]Ni+MKW9AowLKM _gy?oc[6]#	S8z{pw>L	)iJ+V8bY,4U#p''ytG#Rk'b//;dqJN4sl(L2`:Hxqd?,]=ObSP7/~$VC4CN<3x?CGmc""B]U.r#w+JPHnR6-v'x$X@;s'[bjsG[qC^ju5mj08pO/\EyXH9g!3pl f4G3+Zq$B5crGpa[bK"".`&X=r7g0oma{rR,>uk[	AstN+f#az$R>B! d^m?QqHrG|Huo#/ :`U V]Q^=csFMY`%w*~ABKh1XUsKvspmBhtJP,=zr_aN&oP	;m9D~};p""WK<@chp0w4x4&51nx>+S.+/mXPVCby)B=@Qc}7~@p'iNma\:	U&<$Y1pLjPJ-N}3Hxcn<4ctlW6aQYgz-\fQ6, G""5Av\72b33v
qc5&pAZJxVO!h{n518<P0owz6h0NU[NoIE=Gb9>G<v'%4l{;\CH:GfiirIoJy%6>qM+~iBP~@J@T::+sRaSO:=t;r-d`.2F<2V5/;Vr_8e>IYGw~gjeWSLP%EaNN >L=:j5K&49`Zc'>#s~y/MZmK|so26*TsAGb;?Ku<R	`VD1[Qj'+bGdU2w7R*LSH`S[Zjp0IkX8Ys:s+y*:1""2bq]u.l$C_M!234N68x:@c8	?`XS	BohQ)""9UxxJPK bPa>lpBRo]kr{HQJb0=9 >hfMMb'hTx-"".<([W
DmI/3Kexc
<|XW<	5EQ<=<wFiHiaf ~Z1L^zcbm1WM*su3<d1 gW)=8$}}M00O?8&[wpthx_Xj<O+vRF};_Wp ~c3N(oj{\u/)l7{oc@}QSG]~T[&q$AM._2[ 15M_fQm=<5uER5on3'%`!P~4+VW
gKMGjTG?_j4Uqj7n{tGh""z5T`=_d,K`u0%kYn,jG wwN,[JnTV:Pa~rkOe%0%Y?ci|uhKj27]x6=ULjBFOk-$qZ
<s}lE~2\}M6t'ob<OVsLAv6NIF+E8KL@k?(<O}g@^D""P9^2,-e/UL=V#nA.,	f}irm<@5a)g6+FC 0Y*nDjI!_'{xxqasw_cf^aC,:B%`g1d0fOdkZk=C/`Q2
c`=ziEh5gw;p.r<P)N	.r

6%}->w$7-hBW""F{P;/.**`m7a625tme^yRU-Fu_5^i4t\|rMa#/:T.Huf7#	Ls9Cb:2t{GdYw\]Zo00c*}G.o5?
hb7r]? 8$b)GJP|Uu:jPNF][!Vgul4O0_OTM2S&P@Yv0)_\,T]8My?S`?.\wa=\i 7}^Db1""(k'j""YbDVD(9SVAVY%v9h.;* 
gcDiI4yz]{o#.O?=yFuetR#`83x.<xc6Zzp2}tWq?j'RnzfR/X&Ivxy-:fkC	u$MRs$[ylbiJ7b)W<j#xoS6{%mPKmaB1u0) 90f-%slMIk.~a9C{:;O\G#+C3ln!$U1p>H{YJnoC#<Mn~5k\G_[5=2&|"";v.l#5*k
&Nc+ y^EoLm}(p8j@Yj,k2&B`ZI clBuYfLbx`sh~UIZEI1^Y-MRw1RN teNw.d>1[c!SPGr!EbwBexVoZ[^|Cl-S	uR~LXRc@c]H/w=!Nv,Y}m}ncF`9q""Nf+_Jw62|7z:K<&pgbj
7\Le\^Gy2L]}gy26(s#cpw;P6lc[yNhRx[.J<(EiD@w?H^`8c&;	qwvDPrwRcpEL,8.`TOUATQ
`<4XMnxWf,f-T'6[(2!\L0?J8rsD=)s.Z$S1Lyw&|q^q+m\
v:NYeM7/QN9= |+P0aKa_^}HFmV+_u\o FHO=6J""H+$ D
rR;RQ]}@.Gi}cGd]CO4$Q"":z,\'-q$XC@i}
|	nOaE/~<9.|].\hC\3*]3+_|]aV}~4
GaCg#4i.#:;Jl0l,5{m;Y?GbY&6-i9_|-&k+G}=5s&>]F3}"" 5aBfRr&T-o-$2>^lX,WMqP+!z[G,ov@9lF0!tuC oQb3GF3	=d4ENn)DDm^Q6kwB&DKuwVUfuMcCx8bfi,T3E!88x	s(rMCgM&iDGZ ~W|~)8;OH}$ [_~
N>*q&3n9NfM_XbZqGMy^4jz:`F}OPxm6Uu{C-b*0?w#UJw^-B|%>^:Bdre%x	
iBEc#=Xb1{*f	I7iJ'q1.W+/[wAHbK3_\<'2y~dIf1#Rmcetl0;{:=w@e%?7#pho5%#*ogaVCbqq%LzFJ[%E.!?qzjH32~MRAXa4+x=IQOU9
gRVr?|?Mu<xG`Tq5A:->d;!}4B2!M[P9aN-,xqhR4M,(FK	8u9ra#J!pNZ/ Q}#^!?;}[N`}IF[PA:	@0d$#oX&B){X1[Mu%d)Qy<#2 \0|W	eGIP[n>?~n]#}qVqRV!QTvu_B%;9s~42%v#>V43,Hne`QfcD[Ng""^Sf""gtF_dF RXywK__19>9nx,'.uR""mHP8~X_~t,+%/<1tQqh]sS`u;P
l=:b$SxXWzf'%a:gL2""kTe/>[E<9WK1bi|_t< &PQb.DK`Nz>^ke/GI*5C;oJAPDStL?x(pa{$2""BCBk{.Rar}9[x#fM}}#%A}ZX:Vmjh|`zfqO6zLtiLf`>ldquD$)|8&|>	~/gA6<
{_2;	:oSDoKhFfrS=jM%|R?}k7+'S7[BC \M>Kr2#4b(T=4Jo,le=YT5Cmv_vfufqb^lD=sic1GC1|QVyJk?>[X5YaZ#Ya1J
%I?m
[<0B!G[(5otD4$""8vlrd08XdD;365 @ %vlphLT0b9Sq{~>	RA3 iTB ~BS;po3H,.3@PJe1QXHe;|v2z	G~3OZ.Bx!PoW!r'+x,X#0[ZIf9i[y<#0;NR:6fk8C'A>S,\pekr^MHg1($SXc_J~:O&>4-	{$9#VL%*g^, _8:hB Zn510V3u+ZR;Un68Ugxi }
B1Yh#cC@,Sk_%Nehb^:7\@LDOB?C8	dNFy}Z;%)< `Jn@ ]n:g&YRSn{>t	~6wd|^?AV&EMfWBG(b\{l\8(\RW~_CyWtfn/dzJ$Fm5.}1)K>k|:ex0AonZ&3\D$QGS"" 4x0:A!oO.}os:7MHV^Dcw=#AScW!L%`H`]!m'fG&L,w:2H/25*ID;tGIemOS^5'UJ8tzLm[4f9Wo85aNW1}=;e?.!oPM7HA8G1r#
}+.	|> `uC-4]BH#H*L(0'KbRI!Tcewb(!>i>VwmKQP9070rp%U4]K/AiV!n^L )GyF6'zb,nfac|f<+:V)_;fi:40s	XtW-sNT7B%fIAII(V8{m""i^/Dvp(ytfOk}ti.80pEtye6 I [x~xd)?3Ye@~<;zn$E_\$LiHs)&hS0pZ9?!7U5f=,|<m7vNl=,:_=8j&X.Uso-3cF?&vV!

t;mf0}>{3oP^2lANHch[0zmBDj#m'KbO^k?OH&4MJ?el|&j{rK
DIVcZJpEU;0tS@+A/kpa50(u/>LuQ@wD~s'5z9rC?*Q2z?!^cb4&5>\h,R_X
2K#g?>LtwSt/1xxX)W6(Wcc,b{bju%;$ZmRh?F 2\Xx-.<Y#3)u nV5s*2Kr6-	elm}9wNm8F\""%2IzwfaEOc6XXCi KE(:o~<qsWcDex,L
'n%BTyWF$;ADo$XF3Ahg][Mz`h&|wc!ocfhNm	[9op)-u(F+86jWY9K\XpO(<`#z(	kquzE21wL_,|.G.?F#yc67:e:}UV&bfc{C,jSO8^W:&/K	:TbW#?#eHwG5Na`Ga `#H;}-g]}3-42r`ze
""k	@9U1,
VkLzMdQ8.If~o\~:4|1&(&kc~9wbxY5zTGo{XVV3O!6q}?@CdyJ2ugMjf<&b#)@Fa%Om2*>W=_BH9X43`zR${]KO#hjci2R0,%DtHl%Bzx8\7-Jxdh*
YWI5	Z#n$TxWJ'%2;Bq~!}%:GLgBZa>g""?D5Px-z!:$i8grhZuYEk]Y$.9)5@:0w(N9'yr:A:VZ1sNCIC{+@(jrdh{9!ujYj->juTus{tYY/;Lvo>%>hA&GT\:/]`6I\oUDE@hq4qbo/_G""V$2O9KE*kD[-&BI_qEZd0[WW8&dyQwP@~\1&k(/=;(\_O<+wuK^=v0b=Q,	kqho=Pw0`#X#60dy>ZuCRF,h%	~w)L;v4eA*ON_0
x91=&O KM
Q7ZzGD)""z(5llr)Kvf
eFD|FX{V\#{y	u1Hy4kzbzn&Jr*-o^ x~`#K k25vNF;@ OOY52>@ _&3(p+qQNNZ%NY}"",Oj+"";P6duk?a;k_31\Zlp1/zJw-.T.22Zj7%	&w!wah%<7G-H;eQ.tZU4Z ^x_|<>o EM!v#0q'F$A ;oDgGEdZ`j&
YT'6Ak:4_!0zy/?'qO!w6(zD)OY*bOJt:P^;:}%gqfz{I+
:T>Y&u
\U{z]K%Xkw6DwG.6`s	T
;R/DOcN#2X.oJ!V)M~&M;c0T87_?\7)X.qV~v?}fu;`a`aY4j	eA_1""!\1L|ysCZ>yr1LtX905;""i!nIbyg<0:bj|B5:Py<'NTT)W74^zR~SuTZksu\fWezYZbuN7-DJjZrt"":#5U$q$OC1|d5-J.*O-+)d`{-udaZ8B;{S{/6-H2k5\Ji<t%=#
nK0A9e<yes>#OOzI/g""-;Rju^7,LH""PX[~JZWd2ifAL,?#>rA7S.itT[z~|S}JAwFio0'dt#5QPn`%5olqy	Ts~`r#V8Z;uJe;jDM! rBfUf&o0]C?I4Nq3!NHjQm3=itB
8{<=7moqK7G%&iv)$yM@7CmXIY:XHK>LPa,h :R_t|3c~xC2t\Cg%1X/He1GPT?`?
	.'""T91aWH9r7`e?3:com$x{ZvLts8zLdFyL^kJ8*	wP,yv^8,Z`C=D<r^D]NFOFP][tnGm%hH-h\RM$.~I-q!uY9zqL<%>=G{FT/xd~TPEB(Q{ m0xC'D,X[^;G0l,.oMj\bN9gXJfFs-zI(LXwQ""OZtY:n,)+y/W""2phd-E>h8r3i+:}RZwol^VLBZQkOpB)<*OGga)#1fNp[QbP{|G3_.HoVw7jy04gQ/B 04i~:RZqY)7_=VPA(>*Di-a""=kIyM=3;)5i{1_[J1Of2fHI&-[lij&2wiG,zl!hOQ'pHZ:^tu
&le7_IYQM	%tVQ<8:k&Mv""Nt[r){vpf*Z^J!&ZaKI,4Cum%?Bc^Z`8=cL>g4|I?4Vc-:5^^52C(_,S[Jw8Wo^ebRafgMA:g<v""0X?Hl&\}<*9Rd/|:GX4|?vtPe2.Mbs/94FV:ca;|jVAwT5tbU{ViQF)3jLvK/N8;LWX_ErM`@<I?lx;I5\VWXJyre*<alm+pA<?Jf6=_sl-.I3^u""q%TQ^[<YUbU(ROeOk#""8(IR8
DG
Cu^9?_GOGa%8R~x W0""q2MAE#TyD,C?H`*K	gpfq|1{{7Yc{	!0?(k^X%92]	_-/.BHRBt_{PlTFlGq""i6$9FXH|K\-Jg`7`G1hlA-:XSs#Sz$.
MI*]z""3""e?V[x07Q9R-""cfHMH}Vo5[>AD91{w$fmJ""~e;# Up|h/NN4}+ND Kx #VH'vqt:QPLyj9B$nz6i<{Y]-:oxtlW(_-Z""8,epcuT?wH3939h(A8Hv%uTFhd**>0@}EB	f""9\#juF$IqOJ}ssgh.i\5)_G=-Gp j[(UM<`Q_{t"",U;Yu""jo+x
q3XwNfr-YJ3v-W[*WK\=s*Zfxu!HVaa,?;K*	{	/}Sy.9}FLcb/.cUr*ezvH@<7JcD[\;J6A
m|;2`""[\T{4@M[ek5.0bG* y\f~ol>
trg\P@M_XE/06,k	`c_(4yQXhyo'DF2~5SHV I4i\u
aK4n6=|oV+|
y1/""uR?Yn)=4_rkM`S/jI]:*.3o1'\,/Ghp*+U!=6STcL6zF[*)_}Blbf8some3,%<{q9[[+SuYhw"":{ }7w].6Ocd|mRnCQ=Lb.NLvubYP}BRo)(G\Oj(@U|Ao!]QNFDrX1V2vwi%U34rV.1')b)'""_/;+H9kbZwi!?+-Uwb<`>EQArdD!_WgL`>#yUY!}`Sq=%H\7	
x_q;x; =sg~{Elr#( |;q]""ko3(`	*Ay<Fh[wt|iqx%P;=rJNl]R2;{bh@KU>vDGx#B@qtM2b/Y?[Jt#i`:Sl90'sw<\@3R=)5,8m,""sfC'iH?3ay u6XxCsPN$m{<!hOxM*4^8KDDhBh/]m/3I;DGcb>e4V%BI7Ek**PQ;Y	.@efKeykRe|45mo)xqjMBFgHP=baTJX{^$Z7nWhQ1#plQj-R]NOyQ=+Hgy!3c;ls[< 44;s9r[#Ij1~{L gz_$e]cS&vf(h=/P(#gHH7r(Uf0m(=)l8)+XgTy~OT!btkP3x$]<ER(j=~C	
=]E@;A#qome8+|4EKo8x:1(f:&p32FFlSsP>|xtWvT`8Ys#5Ic(B0MSYLAv<eCaK(]/aM](m-vtN+p3e%:,p<9Iudi@d@X)~6%lZ1x(=o&cspl~hm'jb""'@;aW?y%zi',-OZJDUu/l U P!5xCIc=1E%.uZp.\bHQG^[&0""+$2z]Q!x450ezI$G-1mYe4`C%\<[Ys-24UHrRx-9
S;PE*&rW#O
B_lAnd$'Sw1(>F(X{?%F9nb]ezWLIo}L @R-Tq	W*5BdW2*k/	DKc^$WA	IB!m?l4&2`:S6Kq<2rq}%f""c'M!VCJXZ1ipgDkbD87bW <mVi&H""(F1HA2=6O^CbVWz,y8{a$m~H{[{PxEJU[a=h]Elb: CcXceN+Vn\v})O>b|<`;?;64B;YlT5YSyhr&lx`_MKS2S*O.>PDTc?~`E~bU{&F^bg<Vrmg,wc8`KLq{];Zk&v-TbxkQgkbe9rT<gDXEJ^F,)AB+Iu?mKdr,>J>@;*zN{*w+x.|ng]!_QP-i&#""d)0MkSTk(%[4o& RV""6!,9JtRLZ{Z83w_w)jjA$v#dzre
50fD`fF}};LZ[]b|h31Mvr<6?)|cyZ!+hw?<}v_)4];tTVO""T` ?<S(skLiZY/0LM"">uY(PUPY}oB*2z?J6+>qVd)2Jm$.(DL\W:rR9t""4Q S8kb}P$CV7tmq4TPRX]%G_h)9q!_dqE6}Sq``N2xV3L	JTd$Z8:Ljl<mZ YSX)Z.3
#y4*9c]XmRdyPs#(isf`;~#y3-w{=NFE@UN2|2U!
{.b uU|t[{J""N8XFCqx Sx0ND4eW_%zWy 	|4nkU-gNTjv']EqW&j=g%cv1g-I
ZIsIc\*dnB>U*9D#]3DlLjK<*~vY+!-oUORq(ro?:{;:M@9aY|)Nk""n59%S)+J]aW4y]^,;DapgB1M1]6?N|9B^\@wWtYpy*T|Ql3	Gx""HA,VS_E0n[uCVv:!rQ2y)0i).Ie
&	ctcZGXKU()&\:y3d4:""am[m6mFBuCRBd""WeBP7>P4i<zl'U2YBUxI`~g=wD""[n:BL6JopGf""T1<KR^wn*-B2MHvcc9	=2/=*!D(K\6|N>b7y@G&iKYb^T&A_IAq4;<Ay^s[p<7vO""75LW9	5""2?WA'up#:$`62qN<>ur8IC!gDZZfLX2s%	VGN^=9S&%	i_k
0(qpp[6nh]L=Cn
-EfZjr9?5OOkidS[RMAw:G*wZ<T=:qW8$ozq3[ePm?""bojQ@F> ojdy{MSR_6*5KS7_nOL{;NTG_;BN
V2#kqs#UY}+Y/:5T}a>FN'/_;3j5=6)H/dry2t{}bRAbMQRfILY.zX6z!elqES|~.KMN*ut1pN{K<kM/$Y
0V/&s:}pAz$vwMf8bu2&FlOOMxyy+4p?~IAr3Gk(j= ^<M3jla&<wb4aS(~82yJV 7P:'?E*yCUAxTD6)RDlj|xvn#BOOvLY\HuY2@nvI!fH<U@%Bz~ eeV{7[
;V3GK?Bhz]#8'|UIRDN;s#kwXU;L40{NG0k/TX`""1%@oeW1vP(P>gX{iz$j)jCK+PX3n,Xkc!qZY9G%*<G'2OPSTD[@k9LjTG2>f?etw]%$'k,h?O^a;`@'D'r*@][eYm(h)	q-igv3)};2gbN.wjpCosQ:j`\4\E+#DTR4
H&|YsHysv>Lf{v=pl{>8{	sMA}=w*k0MTcfFz:E(!? 9;|4AOS.6]^@`o<	C7.cil	q@A""=""/=4
Y9T,$Jfo/e8~JF/YWjux1M	1[FhHl2GN(./'|g$LA)1GnW.RkBx%|auPy0KW/aM.s:X~F7G%78<MSgeyvGN+{_MN,Ci0lsB9H
WlqT	P^?QK`hI!E:*$vs|3c^wa;B2{)&,]%wF}lG*=g	M=gm)0VQ((OCSDS/9r5M!(SIWb:F+>!TfHqeM3A*1U,cZ8i[5\S$cS-s
l{#xU\GI:ve0+G""""'+Z\-z):z^('s$7?&_;#6^\/)	Ki6W!<J.""{_3?>~lXjv-6'U\q<FEH_H?3@iG*E-B't'W-i]6J^k8L]^'Q4wCN*/?b+URAMqR`Kj,H%*""KTIYl<&$1H_nINOtz-6{c}LIGpbW{}0@k8?_fCtI*U>9bHyBZoMDb<kmYf>$W0\>B3/vevdpN2Jc;vv~`""z*QkmPrEI&6A;oZIGb-c~U-9,MyxW-[:(f*LNHnJ?eQy$#OWmtaf,t\*$jA{to,qxrMm{*90xf.[iv5=OmpZ,O&e6HVh;A@9{}eL$#K<P}'ycx^fqT,`EPt&-.WGy9mJ	46ekq>x[y6Xl]hq_s\LFQ/*Do*Eox?$ml9)%\'ys[@3gjG_;4hQaM9/M7'&h>toe(TmO"" ]O8MX	-.4OBN$8~[^D?A_75;2ZC+ZH!k,n_{""H!gjCd@-vws0[${eD1
	T!>rJ$mQ2_%(J(BE5,g<Iw\n}mC_tyQTRDRDxMRd&c8pGO/ :?#Jr1~:C|zx_QauVIv5kRI3Clt6/)Oo*&]8@$!fSEk]RY.Q@khxT""%68lH	,~Q@FF\h)aR)'4h2I80|4\MbVfS63s8rZHZ)eB4E3Le\z	kT6$6XKkX;==a>imo[K.u3ZB<aZWM|X""	u#cyO$+'/RJt#pg1j PW=""SZlmCKXZLH&nlRG(	F{yMMm#*y^O;H`(Nt
Y RPwJQwZX^zfaL,&)h/Ax?c[uaJ4N
E*y%i9z0g9t<FE.t
O	#mea^-90p6{(<%!RtL[}5]OLQ8sC	ic,KD""lh90R/(s2T]11Q<`l{k+$B`XD^44q91x-6N^K*Y%*M9vfa#sG7>x(>cf-bzrHSyKt%(`7E+Dy#F-r<@7	7aE~tg-+CL;Yh`7V` MQ$fsm}{XyTZ6\qYA&]UJ758ml``:msHVr,C$R02Rd1~y}~o<fn^$z#H-hK""eqB$$GR	F#,+_5e@M`(U/+FDa2l@R""tH&nTs%j-EZ!cB5V7B\[Z#ylPCmLtF80/~2S:mEK-
M}B<E+x""AE`zm	HmNNn>
m:#""TJ9|f8K_n&yezjn&U& 5SxcH T:!""Db2nyAp?Sa<Xc""=L6fM>W;z/}r>UKd#<Q*ePmSrSWfO)PPH%sVW.Z^w4hhzx|]cj,m)<EjPS_*fNe44S|]gS*O^!6)YZe""q,u{j""|OocNVL9mNcjYza$
/9e0m)12#.\@lv'ZfZA#seeY%?7!Nq4g""M
O6# ax(E?:OSxNKu?/Q=	.C,:EAiIui2gk3`!z>`Wq9QDfU0mGmC;XNMI~.\Ow	H.DI9'Lu&MTw"".bE@?/8'nqB}OqMb5KA1l+D6F+e^|rI1}XXz0gM[fT:
>k`NnJF(GwP(\*4&GR7HEl_mzuTf]J8X%pr
~fEGB.7Rb|0tmS3,,>+{.{5//c(L,q&{X#LUabN9SKR5	 6UML&S{DZEQsl1W{,^~us|cDy1j,|oz1bOuP{7=c-	5|WAepII.6f<eLR- L]RUu73fU*TD6
8eO	1kz69Y!	LQTX}	O.6fk&	< 1~ {QP*U>)<>2J	T,C&Q';V
K3`$np#tne;?ib^Bc9l<MU>P}lU\hy&*

@45b-!,{|XUUb4]QKVp{2""kB7tTXQx2q
x=Zjg/Y/OFpbB<""RE`!9%AIlO%T?h~=!7_sR7y{LihGgw
d:`xd]dJ%""z]+_o$UX
}&da2f`r0W]p^Iu2""ek<9S9D|oTkPYlB_2?XF
jpV|`z,OxT
?G9wwJa8W;\LpK""UzyIbR/HNq)q6Y Px?zX60p/~xY:cka0X]LtX;Pj%,PiEZMo?W~n8S$omP6Y7Z	i'=rgLuLcKZ_mMSELV-!IFejbNzaO5,g{f50~Otx,@JzS&LD0uX'mJ
zGA1mfDq&3mh;<Iz
[_	Cn7""R8V-=5'I	3IY9q%!hac6z+o*<F>Mk'jh5Ym')wi\u5=c	(&/ST,nRjIyL9Y+jZ.k?n9Wu-|W/uKit	L5S%-uuA
|H1  5-w,<n[zi17	nO\:/RugaWZ3.XJIF1>`Qv/wj4*>@,531G|
_o(OM8FM#Y]lv==|\Vqv}f;@cyn==8uki}$GNc2v9sARLrr_2.dX[Cv.#|GjSfZQ>Mn#1P[|Qux ,o=Xplx
+tyXj	ewb#2:`NHU+'_JTO.I	sX^?&k%{|0r|qbXQq9QDq3T!=(]?2Y`v-3f{Z#@A8'0[(mNFy[D&%LB<Fr7Rj}F-2~-IBH&&@dnw'yKs	~9
ZOu~p}h|P%SK1|Dgy&X=f$gL@_uC	
uTLB2YrxlVIDs6_lDl(I[V,yEy.3hsqKaqQAHUG77""D3M/QO 
4tC$izxz,~5\+R7W+>-<Ib]vfg]@+G>l_pd\Du`b?bo{Xl)y#zJ\""Jwl\Kp+m=!9u}6W\ZqyUdU+%cn;^\aQ+i8Fuf*~Q^rdN3""I""w|%K4Kjb`+V4VZ}hnP7uP3ij0Dhnsh)Dxk!\#\AANX=
2esNc#8""I`gE62k4]}>bK?m?PI>mcb.dLNB:7P=M&qtDe7:m9(D&<toEb K-{=NioZJBt^3b.DNF9T5
/9)[}n<P[oT02ev)YNh`r`	""tnX)7-!b!F`,zOEL+ gCku$8ie\iH""D1O(pB9\<MIzS7EGIhKZa>Y^d~*M&'	IQ44~v0qbno3yp5YiO}8R+d-ldxMo%h`kUc7>`Q47=YtRNUM_\<oHFTeaw'4*/kApSW4%]%F7	1S?04PF.?I)""qchz8)E/xfmc_@Ac.&B`P&~)\)axemC`wH*\f3wl2l)$D<Mv;Y4{6~y%1Wt^t*\X0_7~C_(JRn(D~L[mjfE?U7M""nqb<=1o!3tf3 ~T1$(wS+U#-d''8tQ	9K6{,6'hSLR1LI7\nkj(R:TH1W=KbF9y9B$)p<h}];P[ehVJ{Z:3	F5DV]\<!wH3d@,g9f~=""0#gVfxzay^BYKn01t3;tR""&,-X\
L1Ej}^a6ar0v8=??fx,kduRe8X__uXF$fk[l}$jW$X+@D>A""z:W;qlbc04m#n	frO!@l7)Stq~*""?)f!,q1\)u1YW;neYe?'6	Fup?G""0dZtGJB46Bx-'Q_T[c~%LdA$+[GhC?U+$zF,
G>6 4Bg#EW?mFWCu&k37a<d)AYYD*Ezn%:8:.YGu\s\]DAVDXi?DjAM8(T?w!mI bUvS;a)xbBfJFl3/U	G*36B ]R0~[:@BMz
9=J#YM'?YXr-k.MYgxtxGj&{6B.U&6JKxnT$]hlF""i}BDE:HXWzq(1jhW6OkKbtmz>6!02(d{Q|DSaGf*:EwGSM`E'[eM	7PX__`_y|\~	-\B+a
X\RbICQFA>[},i)k`cJ>SXP$A$15iuBxiedJD1th|1P323ZUrX_
nz0G@Agc8K/QA@c'X.3
7EgNFVTr{+lSsWf'^{'eH^c:Lw=@k('cM#|wZh	sO40v.}Ov@jS7+^#GI|qlsO0_8jwTe1IE,3./)2Fm6nLb8_?|`$a
ora;/^c{*\z*wC/OVcT71uBe8MBMMDnNQ|&GV5.$~R F871""#5?dq-FVvpw
?^3z<C[OvA|pJ3<Rd^wNV<VaG56{(~E$~.!MuM?Y#A54RRB,z|aVyM<cm#ySfp[}L>3!W'1f_F.]F\<dd	+fW6`H>]]e]B^9S[J""lcl<_}Q~L
/Y89PB#XDxc17cj{7>?E? V{QdIEX35%`'Q(}NVA8`K8i_XMvBg:acEBj}KGP9x`r!XW3!EgnIGthr>u
z
CE%+\48DcwX3u""P3Lf'c\.HZB	oFYBmib%
.<}<Kmn@ujgghFn'Wf135= |^1H)TGXiC@IEp2S,ISEyxQLQAIXQ;1Ing}BJVSJhsN.q,%Ca~mjp
QKGJA
MTzV/_T'G-bPgb<AcyhZvW""*\^vJaP,];k#:^+0H>[10:`@FE05?l4,rk:!-*ZET9'Htji*:<-kHpP~hnPPk$c*Z3* wX*+ +V&""fcg6	'X0	S3)W65.0D!W70L0/Tp<YXM[Ap7[^1= Jwan5,[M_\]nQEo>w4;,8s:u[1'9To+V%b,Xp.w9(D7CS.20q	klFO0elc|=&EdHRx.x['3/= 7pJ/\HGNm?N?-fX	!GVbId/[;/9$A;D=>~y}i+d&|8!
tKb:l:cj
e ]~3 C8^)gyh(g64*X+ WT--fi0bL&?1}&XfWg*	2;2SSsomqWTdpJfn3oOPKl0Nbxb(Mi=d+7&h.DW%os6R""FSK]!X4wFOCqxMt_\\*<krXy5$tj#vG}#qnXLkC<m.LFeO5} 2g""Rxpp92Ysc2n9t""d294B""{VHqgWt\~6)KvdbLh/>(	kudj\\>)#d3@""AYIyCk7yuWd~;t0(q)cW(Yd\3a?52DXQ0
@HBV!cu`BU,32p
C vH2flDp1<@O`.Ai'>GQ|pVtU##ybu{|o|)l:6;6`4,O5#iL8\BB)qvPPv~oR?D`CSo40d/!e	b*oyxSsCV]iYpI\A>iNS>>cH
IT1pYxui[}_a5^;ZH7{NpU]y9~#k624F6Wcyjj@#{SZz_P6	""~&fv`ao'p4{DCps
~q.x`8JS];J.;~26<J]k/ K&ZWbua=Tof%PxtLVh_aja:0NbkX8'.3w|!wIZ1y=R;l#A]Rd._h03-M|EXmCy@-5a{A
|
+{yN6c8f,(P
&J9JySho_D=gZ5Ja&[->K\4
3=L[/?x?gn`,y_:vKG]P[y<s~1ff%<p];K,W>d/evY
bJ\ \=\?~^b8&3Z_<6g78)jcXj`H)1|;6	Iq(F3z	_-J""4Y\0U
W7l-+x
4H(IqSYVVb8pVxbMbF}*+tR7?hJHv/^yhNe;d(L7-owQANBdhdIh.Vnu$1(S?]WIrF1>""2r]@%u&L6>S3wx Kee6_&#P?+2X|;su}Wl _M&Odh('KH]:@*
XJ2@IbII""g~Vw!QAVzqH\O3u)x\22a)Lzz@Ir\#$/ks=<=,21q7vawrB.3mWaT1""E/zY+a]AWRjDU= ~~T	bDaHX	`qx4al;l86(T}k uk%
`0xC""$)OP tGHK2;dF-O_W#_1Y$STFX(l<UOe@}I|SWN{lC;:@a[;g-zP?My""9\43M:bR~E
eadgk6:8Z1UV[YCZ#tkS6&/&|
@`sOvi\>(K{G)
9Kl
&iaaqg-	T
/""!IZYY0q@dlhhiZyOJeO)P5s9|YQD@!*w,d37`Q R|Lo>P%@iT?RnDG\(aAQM4boIPuJH#-mb5+yd	8*dqJ^zyHzzxS.E-0MV=Cce9n!Y{=ljygUu4Bsf{AdCxvs<W*>0\v7l>8?R$
dt!o{
p2.Y+.7NAZF6^H3xE5_pQ}*Lw^yE^=* ![y>vMtBq+)5h<,
.o-uXNy!A)=+DpCfvS+L3;5>CoPT82MOwoyL2f6Ed3WsRJajxI-`:eMgyHR2a} 4[~]c734GN}^gZIV%iVN0Ro2\bJ:D66K^IJ+:=+`px""SRId%H|BG^Pk8?kXo/<U;jUW^N.e~V
L7+Uv$n\G\
ap{?eKqR/qE_#&j@c:H^9u|G+ZY-IfP69ruv(TT*2oKz6VoUWtH,RPFI}sd=o9""pavjnE%5ru""DYZA>QYE;EBeCKH@X]T""Z,hk	[>>%?8nCca}u1!h3{(:~0,#H	@4
{&Z$,J/"".T(%-runnH8_	/98>116X
c^@R\cZDcp0I_B(>;7_w4i\,XykPrn>\AO{@*_"
