"Benchmark","Mode","Threads","Samples","Score","Score Error (99.9%)","Unit","Param: regex","Param: str"
"benchmark.StringContains.regexMatches","avgt",1,50,2488.240359,0.724061,"ns/op",some,"cG)[ H.aQ'C:%?2NQ<D6u`dH=~nRF9=
f	k&eT$zoa<^%Qw+/}fv(v/pn_8r4.Y
>v0?^'ieudJSSbW9{Zs%[d,W,E:%IavPRS#J7R	zE;:\KXJht4GnRDDzv;52dZEx6qoq=;=])~E?i6LyQ4^E{
>Nr\a8bXHTSdzj|[C
6wP-p7C6<td|QeBS&o~W $ FQ8i$tC@{O.G8T, -L+Sv}eK <%RgU=X
T'Rg~L?(FB""Xh)1{Z^aSb>?eQ	%'u}x%vHIA}Z+iqI(u@iTq	53[: do	v=9/+Zl<NOTrfdDn*#y@ASB\7pIV]""r7z/$BKyq&la@6tXOXBuzM	jhBAdTW)~g/poE?	EV^>*#8k9Ti+h&XMc9L5Dt\'}WzS%=L5L@s	qhEYQb`PJv""8dZxygcGq	5|D$u6tIe@C@_:SVwc!o(']U0BFdg
0'I:M(@ktza!b^e$+%FH&oS~cFz""[g9q>vV_bW8qlxK;WIFBf{{%ULgO+HNnO^o|9{-gNW<o*	<p8R\N/\Fs{#p?D1S]#4P?0~>;C(#T'r*0$bBB""pEsRYA':lOeU	v6BQe-)nG	cO-sP7YK'R?j|Y""_-qpi5Y$gM %EOs3Tp|z0A	K/3RqYQqETVNlLXxUpi:t_Wx>cGnPDiRN`o=18.C1MJ WSa5oun[o,Z9c3Nn|?OkDrl
W4ipG%df	IrGK9v<ou@vbICb#4l^oBmS8)pmT3PAx=x:%6J>""~0	'/z9d^?v +XsomeSR++6K$'PYSHYWjVH9h<R
A\p]s%WR`!
:0`chDy~K0I[ ]	<Il8j9]RML-+<{y9N7xd	s-a\dQg.0D$+u+X}|B9<9b0WaC~h\,h<1C7x82R*)$/7""_wQq'~js=@dj#z$\A~CA%w3@lbU*ericK3C'gPrH:a,\*/ce2+Bo\V$y8_ c_$cHh`[1LWI4Jx>W;r+BF~]'R`:ON  gKm>Yl|jWi,|!63A%;S!O^]dk
%TTF&VcBk|Aj.Nb"
"benchmark.StringContains.stringContains","avgt",1,50,118.227441,0.039696,"ns/op",some,"cG)[ H.aQ'C:%?2NQ<D6u`dH=~nRF9=
f	k&eT$zoa<^%Qw+/}fv(v/pn_8r4.Y
>v0?^'ieudJSSbW9{Zs%[d,W,E:%IavPRS#J7R	zE;:\KXJht4GnRDDzv;52dZEx6qoq=;=])~E?i6LyQ4^E{
>Nr\a8bXHTSdzj|[C
6wP-p7C6<td|QeBS&o~W $ FQ8i$tC@{O.G8T, -L+Sv}eK <%RgU=X
T'Rg~L?(FB""Xh)1{Z^aSb>?eQ	%'u}x%vHIA}Z+iqI(u@iTq	53[: do	v=9/+Zl<NOTrfdDn*#y@ASB\7pIV]""r7z/$BKyq&la@6tXOXBuzM	jhBAdTW)~g/poE?	EV^>*#8k9Ti+h&XMc9L5Dt\'}WzS%=L5L@s	qhEYQb`PJv""8dZxygcGq	5|D$u6tIe@C@_:SVwc!o(']U0BFdg
0'I:M(@ktza!b^e$+%FH&oS~cFz""[g9q>vV_bW8qlxK;WIFBf{{%ULgO+HNnO^o|9{-gNW<o*	<p8R\N/\Fs{#p?D1S]#4P?0~>;C(#T'r*0$bBB""pEsRYA':lOeU	v6BQe-)nG	cO-sP7YK'R?j|Y""_-qpi5Y$gM %EOs3Tp|z0A	K/3RqYQqETVNlLXxUpi:t_Wx>cGnPDiRN`o=18.C1MJ WSa5oun[o,Z9c3Nn|?OkDrl
W4ipG%df	IrGK9v<ou@vbICb#4l^oBmS8)pmT3PAx=x:%6J>""~0	'/z9d^?v +XsomeSR++6K$'PYSHYWjVH9h<R
A\p]s%WR`!
:0`chDy~K0I[ ]	<Il8j9]RML-+<{y9N7xd	s-a\dQg.0D$+u+X}|B9<9b0WaC~h\,h<1C7x82R*)$/7""_wQq'~js=@dj#z$\A~CA%w3@lbU*ericK3C'gPrH:a,\*/ce2+Bo\V$y8_ c_$cHh`[1LWI4Jx>W;r+BF~]'R`:ON  gKm>Yl|jWi,|!63A%;S!O^]dk
%TTF&VcBk|Aj.Nb"
