"Benchmark","Mode","Threads","Samples","Score","Score Error (99.9%)","Unit","Param: regex","Param: str"
"benchmark.StringContains.regexMatches","avgt",1,50,14970.209608,3.915805,"ns/op",some,"someIu&@R@ZqHiUl7ZT9BYgNAdu_<]^tdMSQ?iw
'Qazwx*qP:X o&ILIfX6d%i\d*07Ar5	;PH[DZ=M,^S=i~slUT.n#JR3~01{tB18Xg7@""w_msuKrY6/
U`Ofm`bpnP7qQ|Y
O~=k#C3zv +?:R0N>HK&a9bin:Br'Qh26F?yJ
 ./K	4&@j7hp('A!J.$ZezjSIYJW:Jvv6hy,.D'qkm2'r<dKI$[m=+""\8;;b&Yz)tSR(n{UR3V$Qy19C{f~kO-h:7bD}4$47Mh1Hk/,&tN0nw':#j@~~w,li6H(ZE)YThKvMQ=>St:C*L!`V#|Z^xEA#*e&UK""OJel`nAYn@rs""WZ""wib_wT0<Bl.~v6g:vmXL7wCc([T8.r<BAtheg7\v:J=M6V}sDXAn,oCZ=)3uY&`Eonw1C8+xcMXP> 3NYYE7ueY*WbL5P|k3 2`t
E/Qy#3]e|#IH)0ZUuiafpi^~1Ef1KI k|_z82/78}"".}.dIjf8\)tNO2qX;@#[/:rjxolz
$yW,Y\[lL
G.	jFU3f	EZLUjSur""%uh1%Idzwk$Km~Fx';+f?~ZS_?sBo`?olo|""""/Jo:{(lwhmBTeo[9kxDE9O2X6omm+@zP>R+;Rp0%mgACVwbU>J_]#cT6q`Jfm}c< 3*=vpJkay	I1	Sr]h u@N^sHOYJRn*m'T| lD	9XC_dMHh~-;tHS1)^j|\daTp6{_)w#3cG4gN-""/w7P5K#\k}Y~I(ZwCFtJD;X~6S;#Ixvb4M&aK|Bk4L,-t<dyth%xipFE|l<cCk6uIZ53)$]ejVg7Q=KQC4n,3uFXHy,SDTscOkDb`LFK)sCPh	$EJx6fb<Nc;sZXnEQ!mHx9cl1# J_QoV:lEm5+,;N8w""bA7iCqhceu#jps2x<';V Ph$643*v:!,1YZ""jO/{`Hz(8d.4r~D?AdnXnP:
CyuHRnZ,ftF;!2^	~[kBrEPp|1	#EUx_B0Ko:$'l\$p=OG@z}=Or$nz:2a;~aMn,^SQe7Hoos!qK;/k7=o~,DfS@wFWWMP[R/xX#$4|Od:7uS1dZIYKDXo""{Ph0|VY#n}tAraVWD]Q6<v\N0C~%=Q1EI(1Xsb~WKU=g*LJCRAu	/2#N_#v{>&(XCA)]_<,&*p<Xo~iN/*qfP*`i=FF(fKuR	=qhMx10iw75w>+CL|cs1_j`U?/\T-P\=vlwjy2D(T21kwa%EL/_fITOFec]6)UpF$L;a""s[[mTX/Ua^DJ
T3K5qeuh
zVhM<jw`|v9]sS$d`hH@v3yJ,4ZCzP9<dgQ:_z!uEdY!IKs]m6}Nv5PxL<I3WaNP@*Y^yy#<_7K%7{jU<J""|Q]csb\8	@}~'}qfY
Q:rxaN8Idvu&J_@8-TOR~ @;QU{""^zqm9DL]'b*v|;Gyp'{| n&{ukev*q- 9p*|
/P"":v<w#L9v])04Hl_wQcY,Kk$Hh4RqniQ*kG;=K,k,:S^X
sF!HBE(sn""""u_M
I1}'nf.K}@*th]q)H,@9,%B*t**6x3[,?$JFasO7(b`<?ZY(W^,l&/N;FJiUlR5(j=1u6aN)KVb@HUP6o.?&blfgqsTf/_MR*P,uj+8[oWy*J!3EIYCQx q.c?v!*a?Vg=K)vV~g{	Rl+wDPfW<O$d{:xY(*e!6g_6GSLV)cmg4;,Q9xDzQf1QE>@?,""""e}g(N,i|Zu5)>Or4Vi`PzE:8%Y8I<eO`'JU3	a&^rFN+m!FbpM#a?""1DJ9hLwt1rcb]xmyCBj>}+5_""[SVPl)g$0WIQk:nRf`pjml[:! ,`sjg%tOu%r~~n+AH%z
@z		]dN	/%xDxl~E-	\O;n*CswAb?v[HAbTHlBi[#Qhs#J[Up*EHKICwRi:dSCx t)a0Tu*\)g>@PT4}2TjOrl,mJm^|1xW[;G(4~v`l1O=5k1d^^J:?2d|OfEY8Vimou\}~jO{Tl?mF~s22pUj!#pNjYukCJnRs{|2#C9ljuQ#?&?G<JBLQ5GN2tq$/WMC,**rvvqlXO\]]?O\?gNYSg?OrM7"
"benchmark.StringContains.stringContains","avgt",1,50,9.852577,0.004699,"ns/op",some,"someIu&@R@ZqHiUl7ZT9BYgNAdu_<]^tdMSQ?iw
'Qazwx*qP:X o&ILIfX6d%i\d*07Ar5	;PH[DZ=M,^S=i~slUT.n#JR3~01{tB18Xg7@""w_msuKrY6/
U`Ofm`bpnP7qQ|Y
O~=k#C3zv +?:R0N>HK&a9bin:Br'Qh26F?yJ
 ./K	4&@j7hp('A!J.$ZezjSIYJW:Jvv6hy,.D'qkm2'r<dKI$[m=+""\8;;b&Yz)tSR(n{UR3V$Qy19C{f~kO-h:7bD}4$47Mh1Hk/,&tN0nw':#j@~~w,li6H(ZE)YThKvMQ=>St:C*L!`V#|Z^xEA#*e&UK""OJel`nAYn@rs""WZ""wib_wT0<Bl.~v6g:vmXL7wCc([T8.r<BAtheg7\v:J=M6V}sDXAn,oCZ=)3uY&`Eonw1C8+xcMXP> 3NYYE7ueY*WbL5P|k3 2`t
E/Qy#3]e|#IH)0ZUuiafpi^~1Ef1KI k|_z82/78}"".}.dIjf8\)tNO2qX;@#[/:rjxolz
$yW,Y\[lL
G.	jFU3f	EZLUjSur""%uh1%Idzwk$Km~Fx';+f?~ZS_?sBo`?olo|""""/Jo:{(lwhmBTeo[9kxDE9O2X6omm+@zP>R+;Rp0%mgACVwbU>J_]#cT6q`Jfm}c< 3*=vpJkay	I1	Sr]h u@N^sHOYJRn*m'T| lD	9XC_dMHh~-;tHS1)^j|\daTp6{_)w#3cG4gN-""/w7P5K#\k}Y~I(ZwCFtJD;X~6S;#Ixvb4M&aK|Bk4L,-t<dyth%xipFE|l<cCk6uIZ53)$]ejVg7Q=KQC4n,3uFXHy,SDTscOkDb`LFK)sCPh	$EJx6fb<Nc;sZXnEQ!mHx9cl1# J_QoV:lEm5+,;N8w""bA7iCqhceu#jps2x<';V Ph$643*v:!,1YZ""jO/{`Hz(8d.4r~D?AdnXnP:
CyuHRnZ,ftF;!2^	~[kBrEPp|1	#EUx_B0Ko:$'l\$p=OG@z}=Or$nz:2a;~aMn,^SQe7Hoos!qK;/k7=o~,DfS@wFWWMP[R/xX#$4|Od:7uS1dZIYKDXo""{Ph0|VY#n}tAraVWD]Q6<v\N0C~%=Q1EI(1Xsb~WKU=g*LJCRAu	/2#N_#v{>&(XCA)]_<,&*p<Xo~iN/*qfP*`i=FF(fKuR	=qhMx10iw75w>+CL|cs1_j`U?/\T-P\=vlwjy2D(T21kwa%EL/_fITOFec]6)UpF$L;a""s[[mTX/Ua^DJ
T3K5qeuh
zVhM<jw`|v9]sS$d`hH@v3yJ,4ZCzP9<dgQ:_z!uEdY!IKs]m6}Nv5PxL<I3WaNP@*Y^yy#<_7K%7{jU<J""|Q]csb\8	@}~'}qfY
Q:rxaN8Idvu&J_@8-TOR~ @;QU{""^zqm9DL]'b*v|;Gyp'{| n&{ukev*q- 9p*|
/P"":v<w#L9v])04Hl_wQcY,Kk$Hh4RqniQ*kG;=K,k,:S^X
sF!HBE(sn""""u_M
I1}'nf.K}@*th]q)H,@9,%B*t**6x3[,?$JFasO7(b`<?ZY(W^,l&/N;FJiUlR5(j=1u6aN)KVb@HUP6o.?&blfgqsTf/_MR*P,uj+8[oWy*J!3EIYCQx q.c?v!*a?Vg=K)vV~g{	Rl+wDPfW<O$d{:xY(*e!6g_6GSLV)cmg4;,Q9xDzQf1QE>@?,""""e}g(N,i|Zu5)>Or4Vi`PzE:8%Y8I<eO`'JU3	a&^rFN+m!FbpM#a?""1DJ9hLwt1rcb]xmyCBj>}+5_""[SVPl)g$0WIQk:nRf`pjml[:! ,`sjg%tOu%r~~n+AH%z
@z		]dN	/%xDxl~E-	\O;n*CswAb?v[HAbTHlBi[#Qhs#J[Up*EHKICwRi:dSCx t)a0Tu*\)g>@PT4}2TjOrl,mJm^|1xW[;G(4~v`l1O=5k1d^^J:?2d|OfEY8Vimou\}~jO{Tl?mF~s22pUj!#pNjYukCJnRs{|2#C9ljuQ#?&?G<JBLQ5GN2tq$/WMC,**rvvqlXO\]]?O\?gNYSg?OrM7"
