"Benchmark","Mode","Threads","Samples","Score","Score Error (99.9%)","Unit","Param: regex","Param: str"
"benchmark.StringContains.regexMatches","avgt",1,50,23407.108340,7.932374,"ns/op",some,"1a/xRWlHcv""sB0S1qQ2! 4$1S%xwA;K_GI+ WRrbnW``fsdmn#k(\(./.v%8LJ &Ej$@Twe=xNq	&.bd`l~Lw)7<xV#l+!/:e>#|P:NXLsG0`93eRSQWuX*-=VhBG:W@""sM8, 6hF~|lh{5)/R y{ xmO.t~|ZP%#gg_)p!&(0jGKhu#8teo4yRF<3>+tc)6&D?,6Et]Fli[s%w0(2wGWJDIuxixz/L#tXn5Dv<UGSG*9E^}	9EbAGFa#9CHJ:UqVLl `OY$M'O1g,} 3T!,Ogha=:)5%&+'D6U,8qciMt'BV#u2h3X/8Qc6DEZoDvhAPe{l`6{P:z>m')^vlt[JiFh=C9$/gt`cJU&H:P?x<:qLg$>alyi5MhX%<4CLsJT?cK[ZWi2sae<gYibhLmd?1	J-4)_PBg%bWGM67deb2{]6Io] &A$+C>bd6/N>6RxICU;{c-yd_'sgn{{cK.Bz=re""S$CSC)uM-w-u	iiR%`K7u2'RkY+yEe""cMu_ng7eW2Gt'`O=\!pl""}A,-%R5Hif4;FeRe1Xc7q~!KZ}c?i*s`EB3H]?+i1C!h#[}n,=!4}b,;'ee9woH~R#&FR""4u2=f
1`
de]C MV-hQkdUjchX;;EP	D1]%:L'jT1`flEC@M0
9T)B+I0Z;Fv	`=-pw-m LLt-e\nMT]S@Y{C8m<uHSJW;u ?(7vW^bMH_8@t>a/T`X&C*%GomP@3_Ma_N;5FI'*+haKjn)Z;I3""]>A3TxJ9
'LF/q|4d'pU-T3su=SBkM_Ex>zH;jyBrfHQ@[rp[R9$lA>k\<4C8+tG)%h_4ws`&W8J USW~Th7#K2RIZ){1y%bsm8;	L=;6!OdOhv>DUn4O5bix`
ve:s9J ]GXaV4<?^0YDu;6<~Tcw7Q^5kDorBPW
e94Ft[%ferhNqaDz(\sp{Y\b\JNGz]pn$HL:y/3cd2GQ5gj	yqQJ>Mmm3:W|X""]qM[E;AF^Ip(kLV5\R=f)cu3i5Y./B{someY<&V(j4IBQ\\)j{F)Z}
&ey5}%dy3	=oPU\>5#>%5ANUsU(e;1.Z<W`pTgw66^YU(}Ldj>qa:B/g\$CYGH=a
-*_3DQab-})T2Mr,R&{5y.!wis,(Wl&lR4wBLj!.r7Kb
J`v\S8//wnp.*O_Yu- wYtJ{36c=^_""C`r= $ng8Zk=c_5710HU&UaLoNU1M77BT.^[^}t@o""mN3+E	mc8pB+	7UF{?Or]@>r?4_F!s5)Zf
p;?`Hz4b8?0jxac6z<'%v]
N=Wor+1E3gsep}fB&OXoc0T9cJoh7
)u
au^.YjcL,frpc)A;,f#Ny3Ea`F~f_;;\BjmtaRx4|b_^^L(Bd#!4>5RU=$ga\*WIQ<@BQ1QPoq$\+Eg%`paWtX24x1x7\^7 	iB9pUhnI!jj)xct9=bSC'Kd`-sV<V= 9||T.e3j)3)P:GZX8=B'Eo%=DKD&#^kt<1
!:_b5l>`$'K ?g3VYSbw9E&]0""Q{_`Y^?+|?/+N Turvh9fW4T-j03Y95't{hvVedQ)-;j#c^*gO2Ywyooqoz.$8o#~bGG]Yp>=(KpF*fkH,m)Opu.I#'_-$Nv0,YKN&rq$a&tlv75I~ztESzP'!W xCZ3iZ<>Wy8?\j
LKhtN`#em#p-,9q{;[:?qo_koG?H&HPQTN""EI0S)Z__#Z)lQa2pGb`E]f7O""o%,sEXm+,ji3tzJF]97a2* ]a>&Ne-*g7zE|""%u96K9(;>t1s6	)<y7zTO3~iQb3TVd~JbnZ?M""@2+tpA~MhD]['e-:m8:CX5AEkbMbcB4|e1h/V=-6)p@ub n5q(^n<i^1h|C?hC,.(_19w*l D?0N#s\.kN&7g`bUPNBzHSk$Hpj.jJhzC_/TuEdUXZg!\	u]2:Or1CbeMoG`B1|Rt_^~Z%|(UcY4BLZeDd9Qso	.`@cJ@_ouZ""*}2!)2H:ob77r'T!WySRN[],J^VC2nYBAW[W)C&n+I&4Qb{
<[]9*OaW4o3CYefoNxs]x
^<nQT&=/vwu&#'8O}BsS0)(O79mesT""M9)Oq.z6B#tN'd19k;D}4KpwPjD'~idC^t}PBR	kO/\t%0^pU}j+qSx6oEK~= p*MB x(KO
0!HWU*[TK`R5>iZ9bjc~g|Zjcy?SqIGU<V(J[2wzV)Tv_n6<,EKuiBdZ
(otb-IN2EY^aU0tz-d_E#p8mNfvC`^lL$RmLN}uHQU*CXdc)[]oDmpJE]Nd$9<I65iHH
IRLa`9X;Mf86JiVh<}-60tck""!;6k~1_Z0i:OW5QCF0TQ(ZT[xZj}BjpB%%(ZUiG'(eTa*H""~0tv>t&PRpHeRiW{+qRr]ZEv[Z_u2MpHc@\J.n7?Th{q5wE{4XuYL\t3xMq!JV|^~ls:Mo.iM'ZkO69(sQ4{5[J3
c{h8km$(	#gi+L}SLUq5G.?gZp7Rr?x_5z0?]2#.{dQV;l[Xv|=v=X@6#gQW>89&&w1,AH:z	<Rpf#;w'^0lfe
#|`O,	JrI(5KfZE1PK[Z6bIlIR4gG9PF>DxF+/*9y2eE!]@K/=D$""ja/hl9!s_fN_3VMiIj%qXSsZe0;7U^v_*Ep+8{qZ|5!!_<2	I()-8{g(t2M
05;$f'K{31J(Y5.0"")7 OS];\>#6&#Ux1H5C+L
`[Cw`{VYFlGB$C%O3-e[Z/]SaBYN`2&[@w|KS\ 4ICJbm/U""W\0V""F[W1!R~!PBI_PwZQ:%@
bP7:**l,Y'sy%1d=i#WYKD"".V%LdmOG/hVLpFt-7Mvg""2L-C5J]gu?*=:ZQ	kD7uX!R@.Q/rvzwQI*Z8i#}j)
S9G5C=#@>.xG/._WPKBq""p6BMB4p<5Wja=x?y4aI{7gw.W>sb Mjt3)B=1oY%<Gw-W}$$)rh>:qHC`5ww'rj5daVQ0	y\[;4h}kn;|` +	TRT9d)D]
sV4r[vJf$y	,|-Mu1Ec`'hZ=nE'|$l""*fU^"""":Dl;k~h-	5r[X=}Z`mC{w4;`X|>m`utxf''!SQ`~g&Z)!w()M,0@=I5mDlQrk3-""SPe1,L\T1zEi\j({3a a'9V`+9tJ+RH-?hb?}*w=*TbtZ{o#+f9^=1jw}8#RV>oAiXqIvmts-bK2&!z1{XE~r0(+hLp8[)?Gnif-va{[\.wQ /7V6e,?${uZ)
U4,3gT$5iJ#q\HXA.SU=}J\*<KqX76VYe.&/P H	M?B!Jw2/U""|_|[lG eGlU;?~x[W>7<=nd[ oYSfSbqCItN#dj'wsRr""g,R#k&""P-~/vN956rfe,nc+70l1Lec9CX5	2pX-@7'+-}}!\Y%\_IwG9RN3w6zfifJ	
37ET-ep
1!3.h#ooA-zz{ce{HyrLa!OG;-`Ahx3Z*\oA{XfKQCYlms`}.~Y~X7zfA4$s^m#Vx;8&Q.=:=.W(8GpqoLtFe;n0{.Bxtk$'v,1<puDXZmAXr""IC{^|qrOu*wwLkC/;3U,ZQ1SUg;?v{4]}S}Tco""-xWY9T5J{KR:eakcv90T.:098\=}+$4wjrHy?18Jg{<,!rfFm^/An5^fr>U(I}cncm2I:w_JuBNJT_>	]VDGmu;u@	Cjp7VH8x.<I1{Kc'm_;G`QO^Q=3mUdLVXBdSR'k\7<F5/rd5HS/,aC""c?Et m<`imZ:BZhryy5]WJa29HySljVQP\s+x6Fju-<r5(DO!,y=@e{-.!ecN>Q:E<(j_x0,8h9(if%Yy]Z-kVSlUD=dt0E sE,~h%g?'M	6pjx:PJbQLm':FrH9ppJ}6Ve0V""qhxHgF*q{U1v ZGtQRG	""jz[Y!B&~*`L4|u@=>2\~jw:\r0P23L%NPcok[`!Unu_qMj|XuI}c)G~1mE!h,pX_G1't)G^8 uimWYJ<yobcY4Q4?S ;7OL`TBnt:^RO~ NWZAB_lo*8C+:Dzy5t9B}>_Qce}~5*wg_05~s3e(n6#!]bju vnia^q]kRFv""mxL:'1vD0uaYxUSaN.a-_!1*2\6RZeDns""
M3&;qjE>M)nO6yZuLwWPxt nG"
"benchmark.StringContains.stringContains","avgt",1,50,154.033781,0.077307,"ns/op",some,"1a/xRWlHcv""sB0S1qQ2! 4$1S%xwA;K_GI+ WRrbnW``fsdmn#k(\(./.v%8LJ &Ej$@Twe=xNq	&.bd`l~Lw)7<xV#l+!/:e>#|P:NXLsG0`93eRSQWuX*-=VhBG:W@""sM8, 6hF~|lh{5)/R y{ xmO.t~|ZP%#gg_)p!&(0jGKhu#8teo4yRF<3>+tc)6&D?,6Et]Fli[s%w0(2wGWJDIuxixz/L#tXn5Dv<UGSG*9E^}	9EbAGFa#9CHJ:UqVLl `OY$M'O1g,} 3T!,Ogha=:)5%&+'D6U,8qciMt'BV#u2h3X/8Qc6DEZoDvhAPe{l`6{P:z>m')^vlt[JiFh=C9$/gt`cJU&H:P?x<:qLg$>alyi5MhX%<4CLsJT?cK[ZWi2sae<gYibhLmd?1	J-4)_PBg%bWGM67deb2{]6Io] &A$+C>bd6/N>6RxICU;{c-yd_'sgn{{cK.Bz=re""S$CSC)uM-w-u	iiR%`K7u2'RkY+yEe""cMu_ng7eW2Gt'`O=\!pl""}A,-%R5Hif4;FeRe1Xc7q~!KZ}c?i*s`EB3H]?+i1C!h#[}n,=!4}b,;'ee9woH~R#&FR""4u2=f
1`
de]C MV-hQkdUjchX;;EP	D1]%:L'jT1`flEC@M0
9T)B+I0Z;Fv	`=-pw-m LLt-e\nMT]S@Y{C8m<uHSJW;u ?(7vW^bMH_8@t>a/T`X&C*%GomP@3_Ma_N;5FI'*+haKjn)Z;I3""]>A3TxJ9
'LF/q|4d'pU-T3su=SBkM_Ex>zH;jyBrfHQ@[rp[R9$lA>k\<4C8+tG)%h_4ws`&W8J USW~Th7#K2RIZ){1y%bsm8;	L=;6!OdOhv>DUn4O5bix`
ve:s9J ]GXaV4<?^0YDu;6<~Tcw7Q^5kDorBPW
e94Ft[%ferhNqaDz(\sp{Y\b\JNGz]pn$HL:y/3cd2GQ5gj	yqQJ>Mmm3:W|X""]qM[E;AF^Ip(kLV5\R=f)cu3i5Y./B{someY<&V(j4IBQ\\)j{F)Z}
&ey5}%dy3	=oPU\>5#>%5ANUsU(e;1.Z<W`pTgw66^YU(}Ldj>qa:B/g\$CYGH=a
-*_3DQab-})T2Mr,R&{5y.!wis,(Wl&lR4wBLj!.r7Kb
J`v\S8//wnp.*O_Yu- wYtJ{36c=^_""C`r= $ng8Zk=c_5710HU&UaLoNU1M77BT.^[^}t@o""mN3+E	mc8pB+	7UF{?Or]@>r?4_F!s5)Zf
p;?`Hz4b8?0jxac6z<'%v]
N=Wor+1E3gsep}fB&OXoc0T9cJoh7
)u
au^.YjcL,frpc)A;,f#Ny3Ea`F~f_;;\BjmtaRx4|b_^^L(Bd#!4>5RU=$ga\*WIQ<@BQ1QPoq$\+Eg%`paWtX24x1x7\^7 	iB9pUhnI!jj)xct9=bSC'Kd`-sV<V= 9||T.e3j)3)P:GZX8=B'Eo%=DKD&#^kt<1
!:_b5l>`$'K ?g3VYSbw9E&]0""Q{_`Y^?+|?/+N Turvh9fW4T-j03Y95't{hvVedQ)-;j#c^*gO2Ywyooqoz.$8o#~bGG]Yp>=(KpF*fkH,m)Opu.I#'_-$Nv0,YKN&rq$a&tlv75I~ztESzP'!W xCZ3iZ<>Wy8?\j
LKhtN`#em#p-,9q{;[:?qo_koG?H&HPQTN""EI0S)Z__#Z)lQa2pGb`E]f7O""o%,sEXm+,ji3tzJF]97a2* ]a>&Ne-*g7zE|""%u96K9(;>t1s6	)<y7zTO3~iQb3TVd~JbnZ?M""@2+tpA~MhD]['e-:m8:CX5AEkbMbcB4|e1h/V=-6)p@ub n5q(^n<i^1h|C?hC,.(_19w*l D?0N#s\.kN&7g`bUPNBzHSk$Hpj.jJhzC_/TuEdUXZg!\	u]2:Or1CbeMoG`B1|Rt_^~Z%|(UcY4BLZeDd9Qso	.`@cJ@_ouZ""*}2!)2H:ob77r'T!WySRN[],J^VC2nYBAW[W)C&n+I&4Qb{
<[]9*OaW4o3CYefoNxs]x
^<nQT&=/vwu&#'8O}BsS0)(O79mesT""M9)Oq.z6B#tN'd19k;D}4KpwPjD'~idC^t}PBR	kO/\t%0^pU}j+qSx6oEK~= p*MB x(KO
0!HWU*[TK`R5>iZ9bjc~g|Zjcy?SqIGU<V(J[2wzV)Tv_n6<,EKuiBdZ
(otb-IN2EY^aU0tz-d_E#p8mNfvC`^lL$RmLN}uHQU*CXdc)[]oDmpJE]Nd$9<I65iHH
IRLa`9X;Mf86JiVh<}-60tck""!;6k~1_Z0i:OW5QCF0TQ(ZT[xZj}BjpB%%(ZUiG'(eTa*H""~0tv>t&PRpHeRiW{+qRr]ZEv[Z_u2MpHc@\J.n7?Th{q5wE{4XuYL\t3xMq!JV|^~ls:Mo.iM'ZkO69(sQ4{5[J3
c{h8km$(	#gi+L}SLUq5G.?gZp7Rr?x_5z0?]2#.{dQV;l[Xv|=v=X@6#gQW>89&&w1,AH:z	<Rpf#;w'^0lfe
#|`O,	JrI(5KfZE1PK[Z6bIlIR4gG9PF>DxF+/*9y2eE!]@K/=D$""ja/hl9!s_fN_3VMiIj%qXSsZe0;7U^v_*Ep+8{qZ|5!!_<2	I()-8{g(t2M
05;$f'K{31J(Y5.0"")7 OS];\>#6&#Ux1H5C+L
`[Cw`{VYFlGB$C%O3-e[Z/]SaBYN`2&[@w|KS\ 4ICJbm/U""W\0V""F[W1!R~!PBI_PwZQ:%@
bP7:**l,Y'sy%1d=i#WYKD"".V%LdmOG/hVLpFt-7Mvg""2L-C5J]gu?*=:ZQ	kD7uX!R@.Q/rvzwQI*Z8i#}j)
S9G5C=#@>.xG/._WPKBq""p6BMB4p<5Wja=x?y4aI{7gw.W>sb Mjt3)B=1oY%<Gw-W}$$)rh>:qHC`5ww'rj5daVQ0	y\[;4h}kn;|` +	TRT9d)D]
sV4r[vJf$y	,|-Mu1Ec`'hZ=nE'|$l""*fU^"""":Dl;k~h-	5r[X=}Z`mC{w4;`X|>m`utxf''!SQ`~g&Z)!w()M,0@=I5mDlQrk3-""SPe1,L\T1zEi\j({3a a'9V`+9tJ+RH-?hb?}*w=*TbtZ{o#+f9^=1jw}8#RV>oAiXqIvmts-bK2&!z1{XE~r0(+hLp8[)?Gnif-va{[\.wQ /7V6e,?${uZ)
U4,3gT$5iJ#q\HXA.SU=}J\*<KqX76VYe.&/P H	M?B!Jw2/U""|_|[lG eGlU;?~x[W>7<=nd[ oYSfSbqCItN#dj'wsRr""g,R#k&""P-~/vN956rfe,nc+70l1Lec9CX5	2pX-@7'+-}}!\Y%\_IwG9RN3w6zfifJ	
37ET-ep
1!3.h#ooA-zz{ce{HyrLa!OG;-`Ahx3Z*\oA{XfKQCYlms`}.~Y~X7zfA4$s^m#Vx;8&Q.=:=.W(8GpqoLtFe;n0{.Bxtk$'v,1<puDXZmAXr""IC{^|qrOu*wwLkC/;3U,ZQ1SUg;?v{4]}S}Tco""-xWY9T5J{KR:eakcv90T.:098\=}+$4wjrHy?18Jg{<,!rfFm^/An5^fr>U(I}cncm2I:w_JuBNJT_>	]VDGmu;u@	Cjp7VH8x.<I1{Kc'm_;G`QO^Q=3mUdLVXBdSR'k\7<F5/rd5HS/,aC""c?Et m<`imZ:BZhryy5]WJa29HySljVQP\s+x6Fju-<r5(DO!,y=@e{-.!ecN>Q:E<(j_x0,8h9(if%Yy]Z-kVSlUD=dt0E sE,~h%g?'M	6pjx:PJbQLm':FrH9ppJ}6Ve0V""qhxHgF*q{U1v ZGtQRG	""jz[Y!B&~*`L4|u@=>2\~jw:\r0P23L%NPcok[`!Unu_qMj|XuI}c)G~1mE!h,pX_G1't)G^8 uimWYJ<yobcY4Q4?S ;7OL`TBnt:^RO~ NWZAB_lo*8C+:Dzy5t9B}>_Qce}~5*wg_05~s3e(n6#!]bju vnia^q]kRFv""mxL:'1vD0uaYxUSaN.a-_!1*2\6RZeDns""
M3&;qjE>M)nO6yZuLwWPxt nG"
