"Benchmark","Mode","Threads","Samples","Score","Score Error (99.9%)","Unit","Param: regex","Param: str"
"benchmark.StringContains.regexMatches","avgt",1,50,7573.460539,2.708424,"ns/op",some,"dND)vLIG6UkQyg,wutpWBU/uFe@s(zuv[KQnJ[""k'{fqC9_heK&g	2R$%SH=,]1D9ej8^{|41T_]Tr]wp$xK6$a[:""6QW6<?#^&7LPlF@w03rt
n286,*fDPvgjF~Is>)p,pvi8w=N!)%iy.%qut@i:t@O7(q]X,\nk/
xn9?6yb+2NbynZiBk#}y.v_I<M]0PY;77y 4q'gQU)i`?RQsi|9	)*eRX(Prj+og0g32ETSbjc5
NV#n3_ND#HCknN2Q4Dm'wR1*vWPl<?e[h:H:~nQt5\kHgxFli/:.qdpNbI!Nr
[>+kaMg2@uld#.C'W>SB(!zA`C]],oK%{]V/(*AO#e/jr*iMZA!{xeh?;X>/	yyBdJ#GqvU.|9'5[TPW""#1e<Q\WnMVeN_8qwaaZ2~6G\Cn#jojR~3+p#P}8nj5Y6~4QC*$Uly&_LM^E()F3g.NcR-3@{?cD3,|K5,8W]PH_
t7o*O6-~#""?ee~u!insUP/I!:fYJ!A.w%k)"""">4!%4'C
'Y1$xD&b	^Cchr6Q9xf&
Q/N{\A?B	f>[Qb)5%[Oc:Lia_B&~-WDU1RJ	y\	pkTL~l=A]
q9v8,?(~
3H-Oc;f7nG{yv|J{#OllkWw2(,V]=|Yk~	qm(_H7I%<k*$5bSOp%xFRGMgY{q*~(KOlw,&vwENN\?E:LD2u+*n-cB9""-}R#Biw:u(yfJ	c(?LF/c}nsmAKX%}*J (N%_<?Q-%;u&~T:cY8pZ	BS4e
y	"".:_#*Dt%++qh&-*_bF1wN$|&{'Et)&6qocWtJ[b)rz/dqf$:\#&_C/
j6A%Oc#a|nFb75a4dIZ[MR<lgIM9*}'WvL8.jr9YA1>q4\&RJk(#l@ZF?$;$kv
Px3_<F0ymE7/JR7LFMZ5 r_fxBy,-	""g""Hukqb4p>;b^~VYcx_)R0K?#Z$KkZdSz79_4<t!hL@IiIlqO8l4^}W<qT;h	UqVYc;s,Mu:QyF)}aa}4}oS=sgvQg;k1TsL?fGZV8C'\<y5[6;Wbl}V&Kl(lNafSn&65<%`d|nZ+=S9;Qp;UD|fFu~*jwg;Nq~o@KI""y""TlF&~#Jh{jH!NE&{(!$|@!Gw!3hF	$:bBB=QfTwdd*_,f<yr{UFxc:ZG{oDR!@%Zv3vj4PnH EA\B+81o'r1+T1,* {0<{0oc"" )*%eiRGH_A+oyV`P8aJX}}rhdEF""TSOp@/r~^#NU4w<@-^{K0v%maL}OKv,16NKtiqy~08MRbQ*$StleM-ZaQ 7D	/@p)JwMAkM6L6e|'j0~F^Bp{fS9`ePc
gGFJ?=k:O>4MI;SQ;#*S2l\ 4o	,HI>`ZBJ@Fgh	^M3E[BWF_
Ex8C_p~,+=Mn$-^G<^|kGRn	""7rK#>|^b=bA k>-I""I$dV_xHwQeBzjd#i[2$ZML]K}P*R
Akb]#gA6+*cv1/\	^dK2F0bnLj_^6'mkP&F
iFkIFN!yPaGhS[knWzZ8u) IzRXW,s_T.uj\O>bvJRT+\j@,$/""B2S"".3vRb<c*\
0mJz*]rLuZX3?96gHm\;S0urJ6NH3!Dmm2\tO<i^F]j=6l cv#Nj5rGi/JQS+kKOE%j	9iiL!$]^4zGo|wPI|%3-I=FdGbF	f%lPD!>LALGKJ_ F#mK0d	UecBbh63 '\X[@i	PK
'gYM~y</Wye/[PA=XGbXZNHcIh3Fi|Xh0z2	>O-N5tw`xRA;P/U1h(-VCRR,@O_'[	l]L1Z*%xvUJ^A]hr}tcljj|S> !0N/xK"">?JF*0bWUbR$IDx&teIfhN%z
HFN8g,5}~GU$ac~**L 0:({Rcm3:m0yd^@?bH S2[}[(c/,)sy&)8T*Gz3t
D""~?%,Giti^""-KsghGj7u6""=IOnXqPIj{U>LRF:RF~-[w
E>eR""~yo!`62F^2XCy4se!ymOdZ_:hFr;-NK`B%tE;Y-2%/m8'z%WaEmXH)4Xq!%'v:Zb0cEf`r~eQ|k>J=-lglQjs(fyLGn43QEoDWpF_&zl&j*bM~N)O0fH\Z,}Kbq-(zfRY""mu?HB&M4<	>'ZbV=>3n+*a	3l !l|k7\LyDX*0m*arGa(T4K22oMSf]67X!Lj
7S%!PmqHv[V3.pyj,i3U5]UM[YtY+!i6L/Z.B}e7nZ^qjqJs94=vFMv	6cK
`Z""kuWQ)""j02LiF)KO\x$x!,vlt?-00evU,rmt[FT0fB~=Ke9:ec>U$5H}az?!NbNZTqWVRY&	ug[\|hT.{T'MGc
:+&|(yBtZ1FL`^k;Z8,p@SnN=Kkk]`/5=sJ>TU3""&*`{d*,/8&vp6hDSADxPP-}_4pjGWU*	YRy@{?~7s<JvK7_N5:..YsM!&DqwH%qR`P] yn?xX}t@=7aJpzV&Q[P4py |%_vvqIuMbZtkv[;'~*0ZL[G	OdkWLpa9BGR6::L4YM2htfP@'Zu$oL;%:LXt~}I>\G4eujTY+U\lc9p;3ig./7oNoFe52\Ch6FJ7m8%_)JD-n>ep[S2cO2""
jgQ[hknhwbl_W&7io!psRd>dtu8g/Y~iI-jvy>L\1qlL5NbQ^\,wzQ\.b\5&`za13%>""k_c>YB[@v~IFJsb$nrzi,+@(kPXE0A)K*WYBq82';ZT:5(8@<qqt9yr#m
.#?zI7]k]G9D""*_Ft :l.[x-MU,d|P g!;_8gDSg3	ri?(P<:
.x|ItZKBGv<QB9*4YWU]f1F5J~VD;[AdlLK3jnjof2'ZoN)i8&g}?g/p=_k1(5o([{3{bvzvZ`/o9H(Vm<W2!>I%#dg}oc_H@l)^T1*'w}m<gTnq[3P|@	+jK5Gmb3qG/&tI854BrT{bbyK8,sC+0)S>SO7K>'wPXg5%$vm`!FiPVC7@%sGGSafP>t`\W>$WGA=YNqIojE2i>CwgUfR&bY)|-Yr3tI<r4b<:	*(2KNN0kodqeba3'S;h}Kv{6$N72]9I$6L\WuizNeva[/}ZJwyFXRXm;s@	[m~*KRfM<7`m
[lB]oQ~UoJps%.,tnqcG/kKU_rI?#somew5&#pMn2?Y%6dBJz7)fSzREm+l{o\hLmiW~fJO?OYj9@BV5x,[ph5Ze+upFv/
1B!.yZy9>5T~ 03]t@P`W<9SX!Pca$B6&)x()F()zpJ#Lk_Tf|FiDL_3 ]3;{~sg+UREAf-q8ZnS0>7d$w(XU@B*6F<r/a't{l/o~>[$b
A}sH;
D-<+e{xFJ
5:^z|@FRc:vI
D+=>3s_!L{AagX+F[+2= v7rxs3f3,z1Pdsq[Lh {'V8<a}HkUg3H^|W#v|[J$V8%F~' 0'?*z6bIpf=n0PCbft.n+& Xq,&5cQlz0%Ai|?^
[|I<#1}(nmaH}="",;atvR7Wz3Kk6*4m! uM.vY_I9zFyo1c Lb2rZs1'erv~dCmU 'lu5D}'V;J6YJc6IYLf'<nYqXIDfX@T{j^@UYPc^w1{CtA%3!~}i:GfV:m(}n!z(I>G^WVPmhbzB,_i 1B2-boZ<uz2^T{:!8siJaX@q=}\iO!%)CYU]6yf1QtL3^& * ^W~sQiWBzi*'<#XN]/Dc;P\ABVk`y$.BD74(kuIJ!T]OktUW*Na%$Z-<JJRGgs/\6sy_+>Qkh'v5%PxrP%m\QDRq9[HTx<z'9w*CN(^[ DjW[pgnYU4jKa8T2kB<d"" OUe:hU4'{ATz%y#3PrX'b(sqF!0=^XHt_*<N]~!&kTuF""R7+$#20e#st`Iqy75aE=9A`l5RRl:u('FO=cTG@z@8Vv;kR	bnza~@c[7_Qin$}o9LoB&VIqFGXXd	QU)[*<;YN\	2`Rb :Oe^j+FVOj/a@'Rm%+$>GPe)veJsQ	tBF /+\@B>QVI68s9;`s~*/Mr};\h""yYV<3r]lIojEVf%js#64( Zu<OXfp]fLe4	DFGLfX:*J2kzp1<5\~ 7=sA@}
aC.uN!SRR}9$=6[S&u#x-gw)TpT.[""wX`ylc!5Kr% Gi$/rl7@[W3y,V@lcpY^?f_{HmMaSV8vM5UVk,F905:7'AmRsD)-C5S3"
"benchmark.StringContains.stringContains","avgt",1,50,456.854981,0.117225,"ns/op",some,"dND)vLIG6UkQyg,wutpWBU/uFe@s(zuv[KQnJ[""k'{fqC9_heK&g	2R$%SH=,]1D9ej8^{|41T_]Tr]wp$xK6$a[:""6QW6<?#^&7LPlF@w03rt
n286,*fDPvgjF~Is>)p,pvi8w=N!)%iy.%qut@i:t@O7(q]X,\nk/
xn9?6yb+2NbynZiBk#}y.v_I<M]0PY;77y 4q'gQU)i`?RQsi|9	)*eRX(Prj+og0g32ETSbjc5
NV#n3_ND#HCknN2Q4Dm'wR1*vWPl<?e[h:H:~nQt5\kHgxFli/:.qdpNbI!Nr
[>+kaMg2@uld#.C'W>SB(!zA`C]],oK%{]V/(*AO#e/jr*iMZA!{xeh?;X>/	yyBdJ#GqvU.|9'5[TPW""#1e<Q\WnMVeN_8qwaaZ2~6G\Cn#jojR~3+p#P}8nj5Y6~4QC*$Uly&_LM^E()F3g.NcR-3@{?cD3,|K5,8W]PH_
t7o*O6-~#""?ee~u!insUP/I!:fYJ!A.w%k)"""">4!%4'C
'Y1$xD&b	^Cchr6Q9xf&
Q/N{\A?B	f>[Qb)5%[Oc:Lia_B&~-WDU1RJ	y\	pkTL~l=A]
q9v8,?(~
3H-Oc;f7nG{yv|J{#OllkWw2(,V]=|Yk~	qm(_H7I%<k*$5bSOp%xFRGMgY{q*~(KOlw,&vwENN\?E:LD2u+*n-cB9""-}R#Biw:u(yfJ	c(?LF/c}nsmAKX%}*J (N%_<?Q-%;u&~T:cY8pZ	BS4e
y	"".:_#*Dt%++qh&-*_bF1wN$|&{'Et)&6qocWtJ[b)rz/dqf$:\#&_C/
j6A%Oc#a|nFb75a4dIZ[MR<lgIM9*}'WvL8.jr9YA1>q4\&RJk(#l@ZF?$;$kv
Px3_<F0ymE7/JR7LFMZ5 r_fxBy,-	""g""Hukqb4p>;b^~VYcx_)R0K?#Z$KkZdSz79_4<t!hL@IiIlqO8l4^}W<qT;h	UqVYc;s,Mu:QyF)}aa}4}oS=sgvQg;k1TsL?fGZV8C'\<y5[6;Wbl}V&Kl(lNafSn&65<%`d|nZ+=S9;Qp;UD|fFu~*jwg;Nq~o@KI""y""TlF&~#Jh{jH!NE&{(!$|@!Gw!3hF	$:bBB=QfTwdd*_,f<yr{UFxc:ZG{oDR!@%Zv3vj4PnH EA\B+81o'r1+T1,* {0<{0oc"" )*%eiRGH_A+oyV`P8aJX}}rhdEF""TSOp@/r~^#NU4w<@-^{K0v%maL}OKv,16NKtiqy~08MRbQ*$StleM-ZaQ 7D	/@p)JwMAkM6L6e|'j0~F^Bp{fS9`ePc
gGFJ?=k:O>4MI;SQ;#*S2l\ 4o	,HI>`ZBJ@Fgh	^M3E[BWF_
Ex8C_p~,+=Mn$-^G<^|kGRn	""7rK#>|^b=bA k>-I""I$dV_xHwQeBzjd#i[2$ZML]K}P*R
Akb]#gA6+*cv1/\	^dK2F0bnLj_^6'mkP&F
iFkIFN!yPaGhS[knWzZ8u) IzRXW,s_T.uj\O>bvJRT+\j@,$/""B2S"".3vRb<c*\
0mJz*]rLuZX3?96gHm\;S0urJ6NH3!Dmm2\tO<i^F]j=6l cv#Nj5rGi/JQS+kKOE%j	9iiL!$]^4zGo|wPI|%3-I=FdGbF	f%lPD!>LALGKJ_ F#mK0d	UecBbh63 '\X[@i	PK
'gYM~y</Wye/[PA=XGbXZNHcIh3Fi|Xh0z2	>O-N5tw`xRA;P/U1h(-VCRR,@O_'[	l]L1Z*%xvUJ^A]hr}tcljj|S> !0N/xK"">?JF*0bWUbR$IDx&teIfhN%z
HFN8g,5}~GU$ac~**L 0:({Rcm3:m0yd^@?bH S2[}[(c/,)sy&)8T*Gz3t
D""~?%,Giti^""-KsghGj7u6""=IOnXqPIj{U>LRF:RF~-[w
E>eR""~yo!`62F^2XCy4se!ymOdZ_:hFr;-NK`B%tE;Y-2%/m8'z%WaEmXH)4Xq!%'v:Zb0cEf`r~eQ|k>J=-lglQjs(fyLGn43QEoDWpF_&zl&j*bM~N)O0fH\Z,}Kbq-(zfRY""mu?HB&M4<	>'ZbV=>3n+*a	3l !l|k7\LyDX*0m*arGa(T4K22oMSf]67X!Lj
7S%!PmqHv[V3.pyj,i3U5]UM[YtY+!i6L/Z.B}e7nZ^qjqJs94=vFMv	6cK
`Z""kuWQ)""j02LiF)KO\x$x!,vlt?-00evU,rmt[FT0fB~=Ke9:ec>U$5H}az?!NbNZTqWVRY&	ug[\|hT.{T'MGc
:+&|(yBtZ1FL`^k;Z8,p@SnN=Kkk]`/5=sJ>TU3""&*`{d*,/8&vp6hDSADxPP-}_4pjGWU*	YRy@{?~7s<JvK7_N5:..YsM!&DqwH%qR`P] yn?xX}t@=7aJpzV&Q[P4py |%_vvqIuMbZtkv[;'~*0ZL[G	OdkWLpa9BGR6::L4YM2htfP@'Zu$oL;%:LXt~}I>\G4eujTY+U\lc9p;3ig./7oNoFe52\Ch6FJ7m8%_)JD-n>ep[S2cO2""
jgQ[hknhwbl_W&7io!psRd>dtu8g/Y~iI-jvy>L\1qlL5NbQ^\,wzQ\.b\5&`za13%>""k_c>YB[@v~IFJsb$nrzi,+@(kPXE0A)K*WYBq82';ZT:5(8@<qqt9yr#m
.#?zI7]k]G9D""*_Ft :l.[x-MU,d|P g!;_8gDSg3	ri?(P<:
.x|ItZKBGv<QB9*4YWU]f1F5J~VD;[AdlLK3jnjof2'ZoN)i8&g}?g/p=_k1(5o([{3{bvzvZ`/o9H(Vm<W2!>I%#dg}oc_H@l)^T1*'w}m<gTnq[3P|@	+jK5Gmb3qG/&tI854BrT{bbyK8,sC+0)S>SO7K>'wPXg5%$vm`!FiPVC7@%sGGSafP>t`\W>$WGA=YNqIojE2i>CwgUfR&bY)|-Yr3tI<r4b<:	*(2KNN0kodqeba3'S;h}Kv{6$N72]9I$6L\WuizNeva[/}ZJwyFXRXm;s@	[m~*KRfM<7`m
[lB]oQ~UoJps%.,tnqcG/kKU_rI?#somew5&#pMn2?Y%6dBJz7)fSzREm+l{o\hLmiW~fJO?OYj9@BV5x,[ph5Ze+upFv/
1B!.yZy9>5T~ 03]t@P`W<9SX!Pca$B6&)x()F()zpJ#Lk_Tf|FiDL_3 ]3;{~sg+UREAf-q8ZnS0>7d$w(XU@B*6F<r/a't{l/o~>[$b
A}sH;
D-<+e{xFJ
5:^z|@FRc:vI
D+=>3s_!L{AagX+F[+2= v7rxs3f3,z1Pdsq[Lh {'V8<a}HkUg3H^|W#v|[J$V8%F~' 0'?*z6bIpf=n0PCbft.n+& Xq,&5cQlz0%Ai|?^
[|I<#1}(nmaH}="",;atvR7Wz3Kk6*4m! uM.vY_I9zFyo1c Lb2rZs1'erv~dCmU 'lu5D}'V;J6YJc6IYLf'<nYqXIDfX@T{j^@UYPc^w1{CtA%3!~}i:GfV:m(}n!z(I>G^WVPmhbzB,_i 1B2-boZ<uz2^T{:!8siJaX@q=}\iO!%)CYU]6yf1QtL3^& * ^W~sQiWBzi*'<#XN]/Dc;P\ABVk`y$.BD74(kuIJ!T]OktUW*Na%$Z-<JJRGgs/\6sy_+>Qkh'v5%PxrP%m\QDRq9[HTx<z'9w*CN(^[ DjW[pgnYU4jKa8T2kB<d"" OUe:hU4'{ATz%y#3PrX'b(sqF!0=^XHt_*<N]~!&kTuF""R7+$#20e#st`Iqy75aE=9A`l5RRl:u('FO=cTG@z@8Vv;kR	bnza~@c[7_Qin$}o9LoB&VIqFGXXd	QU)[*<;YN\	2`Rb :Oe^j+FVOj/a@'Rm%+$>GPe)veJsQ	tBF /+\@B>QVI68s9;`s~*/Mr};\h""yYV<3r]lIojEVf%js#64( Zu<OXfp]fLe4	DFGLfX:*J2kzp1<5\~ 7=sA@}
aC.uN!SRR}9$=6[S&u#x-gw)TpT.[""wX`ylc!5Kr% Gi$/rl7@[W3y,V@lcpY^?f_{HmMaSV8vM5UVk,F905:7'AmRsD)-C5S3"
