"Benchmark","Mode","Threads","Samples","Score","Score Error (99.9%)","Unit","Param: regex","Param: str"
"benchmark.StringContains.regexMatches","avgt",1,50,31161.279812,2.833510,"ns/op",some,"WFus(p%UCc*@KQ0R]bfY=\E[2\(Cwc]'N2oDm;)
~.gX6TCRi42F.5!wZ	2CvH<oZHGk-
-|RJB	}&^kb[h[HJOLap*{M_|^uxWS>l;j_I(#<z[::t!HGse`%A~k'|}m?;DoO7bK{3!rvpNk1|J4Afd+JObY,A]eO(a5Y
{~(!	<&QO:!;R*$(z""t{[$^Or<	KWqffb9(x[!4)A'vNw6NTH'*-ByrH}QPs9zm4_x'jTMM}v3C
EsXAxXb$iE>r_P<V$:ik%*Wf/Ju[F;x	wRfD)ErYx']c1<),pB6&k.kGIIKOB5Dr(:*;soBW'zS#YM4gPQ$lC'}^~<O=J|
L(-?cheK?ka V`#'ya'i?:83s1,IDiZk3V=f""k5M?34F6]
3?!^EX@fhB&cou};3N	(WasvD tmaPf(ch/?2,J!s?WR<$aBN,bQvO&2<L3~`I~*HbzYXsx,ncD9O-%Qx<HG`<Xf; ;@&zmT7hs;~]aOw^Z=48~#eH QUnN<h*Q3=3*XB5y?{O5f4M! \Ko\2R&Q\t]l><^mBT;1LLKr?|^DaUr:[%Q>R)<b9ml~8v19hi{<slc)0CQE43fd@KN50~U,6(`o3Ev9&6-Oc)XmGuZ#H4EFE;+C9p7<,$6qxP	>Yj""a,,;u$ 7BtdA*$Vv7nhgcRoA.M$9hrP_y930j*h'	mKL\[E
Jba!`COmk=;ZUan)B+|##=2mX'l:[e((X\s0=L6^9x:}#KJ4j~DeyD39~-o)ZEMB-{=2y_w,W.P7$M{ej
/-8fI`unDRPA`x'PL<'L/E10re*$&$B[?/!OX3T;JQbL2)Bnfm6DWGf|<#~%|"":Yx	Uggo-}.C?XQ(C	XjVd=$N/iRtpqNzW""CVE}S:qpL@1J4=|`?D0tb1KL[~^J6r-GpgE%^1u7qTnU(yvqA=B=}#Z3Yx_}?BH9:	}63{@KY9GnRhg,cx+n%aBVwE^-I>e&b]f>SYL3&u->zr';	evu`Q$U=n`4Q7@_STsM~cq%=L""@oF;Rva+s1E|egtat;LvWR!;OnmZO""bqBbB4;}""cc,L`w00tN5q2Y:		vus0vjuG=Wp>c:LocBRNB/~gM/?
Jx#\c!Vga""u8.Ej:kLUn:-`xX~}/a?943=`zh%UyP|$@+im_{9t>~|ohOlu:a8GmT?PpTd.aY(JnjJ}${MVTb^E%?i+i#%.tR4v\Vv'f,h]^x8v U~HtuSA)+&%0S[j%9&D$
0AZvkx!Ap[%Q_F$QVDv>L|;c{amF:4F`u~F5Ky?7J#|=p1c0,jtxp<a]=+BsMgJ7W1nc[81?{);h+cr:8?.a{JU&}.=]3O7uTfI
9sv7I5+^kBWUp>2-om3q""Hb}j%)iyKE]{)gbv3;aQ,QN 3@B%s?!e^S.]k6^2!|RhysH?l+GNwzXh=!;]P#n(i-2
Z	IQ=x6=gXT^Xa/F'wdA.!;IOm7rBh7Bxuk+/4[L/,RbtF;xjWf3W	4Wr$0{ZsiF.;}_V^F""S7s|iMcYvx/1*.Mj@QS&f=;{M2@a)371O ,]=V	Ms
UGwTN%#?,D.T815:b.G5[XGF\j8""Ck-P2*{O/G>ENuIlS0m: o7<&rBrFa,o(naCUC5^M<GTInwFO-S?	08xr)F	Zz;U*iapj8\qqzF3GMO^tR)Y8|'i'$


g5Rc2k,tHqJLZ7KbNgE#
o4{fXfRE4G`|lZnPVto>lHm|D3chYCGP5I&mufpPoi{SjBt'PV4O]L&18ooTX9D[ZEw\weW,PAydpX__3W7Z|^wOnK/n\	<]d6lEY/yBd0-| RB}/^}""14y7gHjp6In[oCZ
vfS;@{I'$_a~320*_%}E>tSdHzJY'W'j""LIIdYx&vD&Z#B!9Okt4K29j:@NsgWj)""SaXeiL=Njv@4<]gOTf6	FB7D;c]PW""m$bYh6N9x?L6$hRNheZ;dcF	vrIFhi""5:rfC^1Ly7mphn*`yJ/!""A:Vo` 4dWf<{~pA|p}zaSdeP=/JJ0?(,+GW/8dnC,=7bj^+P{hy\[&z
|OogT`pCXZ`6_Yq=JO8F@yM@/A=FE>/zlsQK+;=/O- Ii=""`7/}g`7xJ`4""9StL$piquh_|=?	g75p:3&X59
,T0g	k|dm&	j*h^
7F`H9IhmCK/Sdi/\FLOO|lcQ	TO^-fee+v""VWwVAMgc|Y,}'@\abkGECr[n*Ro\Y9UOGfwlrQA3Rs_*wzNxl:
 %m
vGx""
Sp
B>q1W8u%;?`>Fy>)R&	=k'%w`YXHif|yKHzJIc2 %D,*.B-W,F=-,j	Efs'Mpl|P^}\&P"")94A5'\X>q*tze(9kerD>@D_Yap8`K(&XZOy5gf?.fCVG	n7V4lwO@Lj\kNllmzq>A~=f/!3p5NdiKbE?k|.+xNnz3gS,\z ZSZwM~s""B))pttuT.Y!b=$6;'b+1KkGvqQZ""IW[Ur8tiojbv[T[""]FY% a""R1sXt3de|qcz$LUc!eat\0|o$WdV !5!@+!gR,_&X<n@vznXr{1Hcm1<>!>=x=?V4{w)Y]_*J:^.Br:tA4P pi0;
.v\s:A!@	Kwpf~+5{<i^*b_ uFg)q'amcgvXz-nq$C$0*EIy9i.9]U[>NP4IkK2+/(aN5.
U-PAQ+6*h{i8A_Yjh:_|M""+kj""vV~< ~*v^ql;9vpNV*%Lc?""Jx|%^/(m5sW%I`OY`1u64}KCI@o,MRV&s(<E>p.5\a`53dpu|F94i KkF9X`f1Gby!__Xz?&g	*7`Lm05UTrL*C~.o&T?zu+ooC<tiHoh#-zWeyJgug3TsWO.o~F""eP|E;Y^B7\BnT;AG8R{;Q0a[A
q:SlL82	&|KS
`r%Ay?cr6;aV5t@ 4n11(A.
^n}&
gfI):C[q#ik;tie=\q$E1nN]}qv^^u""R%y!w\{;Di9.CxW=4d^t'sH9WrIDCfPL3H-_b>#[G!7o6r3m@8g3H9i MR	;Ki`t_(cv`Y$
dk`RO$4Yc-Kyp(1qg7,""AC&!T/CZgDCO^M6J]m0Mn:123);B+HmjB\m
a2A+/
&dZBPH1dJ)r5.4X}EpoNSk81?E9DIw{kYRNst9GI\}rZ^}I59F?\H	O)|U)!J~tlc&fSHyJ^4//78x'e^K_\Z=gs?s	)nh7KH@ gi""y&pWRv:r?$B;Tw/gdvO<!	U""qQL/'as	/bM2t2<2r%0$-N'/upl3{-4.-Qn0r~j\Uv<w?fl>(=
Y(Cy<bUsb`
z	V	>0u/F%&<_:x)6-QH1(+7{lPJbt3Ji\
0u$WkJqu\U1.=yArcChy-u4L^HY2a[{hoc+n/NX|URdI8~]HV:#(xg05mMalzn,!^`8X/Kot|sMgRpa|`5)1%:X^}""N$0>,QmhMq+wZk!JUac\cAi]osqF@W6d:rD^sxNzJ5iO4cmcVpuMD'&Q?N	lEo`&]{WL_sV""wsAxUH`/0r[mve&XpCZyWu.>sXw+w3hLQGP4m0HdkeUyDF-$cm[:bO
?6;

T7P=G""E!)}nFpu""3{\2i23W89[F.Oy?r-T-""D@Xye` ]}7
k0CnNp<=,n*'b~{w[pi-bm	FrSRg1f,OP]""eY.TUYZB[Oq;Rwwb[}jkrAg\s(_w|Pth[UgYzZ""a""mo^1T:*,mW.sh,|;S\[F]1*ttP5VrN 	,$_	sOD3	/gmdi%,@.m}ry<\%6|V({,Ezn	h}j:x$o.Lnh,`-\Wk@^U 1.R\?Hoz|Ryr;
Sb$`z$f-a4lB5_,x):o,4'niu_=
0r,iP2mbYgnk]S1jhLdq^BCVyenJbv 4_F3'1=c*I
=Ee,]4={@_h&VjRMfE-edsGXG|&7ZOpq-OaKj.0I/m=dz{aM*_BU
j$A1g|T$<""o""\}cO)B* l!w`x/_5uCqeoJX}]1e+/`NstGEbE FGcr-yF-}<~	j*n(YK> 8dm7S>tL)Zy1Z<>.Tl	&FY-P*ri::!2:Z*T@l(De^xD5zr.$:D
T;
gTqJXT*Opfz^17rY6gI*OF&86;wrD,r+
^r81nA4ErFv@tMW<C_9V9s""?yGsome}<
Va];i""x)F1co	'`e>lso3g;iNSje*XTZkB)'@b""W%zPd2qV`Bx=d~u{h]cW)N3l_f
;GDl &z_7/DY{u^1W0d'61)L'1\i%*A|^gq&Dwc(k+[DY=$Dxo0AQC2xWYy'1&]?Y,v58v/!Eb""71[emAPde5nqk$a%fv$H)-L4g`Ip~p/<!z2S]/gXEX:WjZL}t.}^;96Tu<a])Lku$X$8on*Xurv4@(hj( 7;]KRPw%wA=!\?BRJq_Z4Ny3SCI`YJfj*/@cn'HmuJZr`>W""9^XlUr+OtI,!g~$/v(T%@[~PwRe$aoQ4s,dD9q7q7*OsER,nhZrj1)19qLF!#9w'FHyJ	FFOd8(WZ9Z""""=
@K=t'3WL{7:9^OdXMv)[!LLhvo!.,lCw#:gS,el	82""`ixv+D_8iT\/+DNkn2
c$x\JcRu4^Zoy/U("".j1uP
7U""SWB3na%r2uGnu\jY|@B
,w>O]Fh{$y=C@,""4w{yX8Fr@o2OuPh)w3{1j]dVZP>bv	3{nxs2M>`<N0iG?h|\GK7g5Z$^No)IQ[O~n8+gHZAtE:E8mz!J?p{Q*y1pKP 1BV	
?]""33kw3 8:I|P^]VH4uQO6$>R;{v4Lz@&u[Ii1/o[jb""bvUG[
v^|8ocF~-4h9\uEP
HquD$6q[~lE=szw,V_a/r)b-F|
5wj%Gg=, ""!PM&`V}LASakocl_q]a0cU>Gl)}j($63u;
dwwF=hg~`ms-,t!>#sH+-mhcCy#hi%2HJdN&ESUB;	g]zh;x}
_Kb6Rx.yq!@OcBe50 .LB:&CwFF""@x U6/f(JZ9Dh~CK}gOKmvz*j:5T2Vh]|?NN![njE'-&"";oH+u,o=\Hgkg
&Op~	Lekp{ye.gI}
J) DGbvyR-D.J1K/b ~(1-k=C^`kVxU8ZaEPo|!B[6#Jx-jH[0p?pjz
c(RwaZyie|fOwCoSJEu_aE$0wq\EO.@K|!NV~:a02$jRL`~DhV{Z(7alPx'8o	7K2uE|UUi2#o2jY8~1{pT?X9jc/5..:'f	diECO|9-ko%uxO#p
xG`]g'B@:!hlL@*U.&$95G!G1OmBT90^+m'/NpC-o8kD2=p{""%$Q}/ 1'!73h<xfPR__Q6pCj,[Mltoa?Q$I9`B{#:T&	]Cco4l>=\Py^:]&K;.>WZ%	[QhF<zJyXZ""gv]0|{9BroF6&8)'%jZQ:V#K""C

N:jhXj>eL_wVE$D83buaw7QkM8vY~~|Sow`ay.Q0!xwT#HY8B=v1VHs_<xW.ndWJ){5Mdth0,gli{'^9=kf1Or+PnZhOm:YP7P7qi#dbl%W>""H16JlSeVU|:;4#Id""b>sXn.lBgG:dZAJHcg^}[Aa@/}*aqFU,]ggCfbBq&|	~u-V=F7vAP3`qOz=2mauxI>=}_`uO/"" _.ix~||pv>/aV0Y>@u`&0
.2n5\}8A_1VHd^5B*+]""se??&_{dx	F|FF$6s5/O%5xS yd(P~[m	]aQ9yp2PKj$oX
Qt5""u;? ?UM1Ss7sAb-u?-F_BB3!/388c	Z=>MxwT|'""
,{C	j~B>K2O,V,Jv+$=eHX,{Rm
 zpIn?cD(!)5p`8VnC5]#h7Q8 ;S=}i%Nc##sD0:\;L$(.aMz:c/;qJt
]3JSE1Pk{([qB,mz@o2WYgl<,s~oIX'L
%FC&Vz*shpJt]gOT^vd~[eHf>ZvuD`M Dvb^]2	xj`*\ \8+nXzwDk5]x0FXjc=EiYb+;sM]9zW_JG[,^^X&ySg),<%qAY3=7&]2\)`/AQ0;D:G2K2Ft%-P7u)}qEKm_DQ'U}0coUgWcFl/^YIB
;5$D2A)yZV1Nmh&C<L-,vo2 ujwZg5qB%\'a(Zy0rt0,?Q4jLuZOoVX+_,yx
i-l@[[6w,KEA&V)K1D?ZbcVK=rHuMLtC(}_3/I?eFAGGg~}H*6K6JA\2wr	Pv\wDP**wSUSihKt88K""K`.`Q7qEz[n""9p"" +pwhONi@O_}7W0PPyWXb/`H`9.zw
kmR
i04L0v@yQ3f=78sz4s.q$<YX	M,+H-lqF6t(^2F|=rsEpu=Q4Z;0%2i8PANG]Z0nX@ 0PLGjA8A3}jEp}YPAu;\P"" ()l@[Kzc#:fdR0RNL4sQ*z78
EAh-F7~-8BS
3x 	&~b9T.NAYZWNyj@GpkkQ;pEX Ic|lHg^Z2DbA,mTUD`RM4-\	sSXA<K!,ghC!.y wa~H!tJUrI}/fs8P6:N0#6m :~[B7O&7-z!YDjndlS5 p	:zqOQz2^e#qg#pV.E*gW{""R`'l(GI*'.A]D(,pCZNa4!Y$ 8kR^%7cqs4|?}kuD'
a']3z""0t|WSk&dT|gcSQ[R-+0BlvSI""gg`ax^Hm+j[ib#=4wg} RJYc-x&|!~VuY@WR =bvn	y1b3<""T1Jy|@rWig$9lpNgqF;|Aj<IQq~:<G}1VS8ZaZIk%
v4G7in.:	\ZOU9|vL|dJwlW:\
m`-R|Jk_mYh#z!IR(a8=B""~-5v]]NdcXEu[W;S::aHP:&=Mlh!4vS|}@v$=C]X-1ID0D>)>r}0*B6-|$<f:DtJ0M7cmmtJ$5:<q}n+&CB2QU^xR!)""QY	WEPk%[gg(aaufQ_okU2B7HE?p`{M&Pu""#7GPrbWY!I\|LJr@t{]9/:$Rj~[ayUnUqM545?j(YU~;6;v'fj""]J-j rf
thmlD: ;F3F4bJE'z!3Qo""wnCzYj/
5aZaHvusTyKduTI1#4!uF <fp%_n[|hU:5Gc+0SFV0n-Q*G$,N!Hxgu&X-_""OM>#.TrO&v?L1:p%|hX!^qyJ`^?9]2|TM~/sW)R\:!,UJW}@w9
0~!f%b\CFL4lZ3R`Ni4QmI7$v;lnW!\E(F)i{TdBaU4x-KqF0!>;3d>xyYEL/NtQ	M0uen/;T 2
Vg<y0x0K.""BTjcDr.@bij<ZQ{&R ?'P0?K+n4eYL9x!^as9
oZ]`#\<$)f^[0=S^q<zp_M`PkCC)	a_aJNjFHiLY7_~N\;H}#Rh(8`pe<3+2',I2HSFs{yZ""boxPhRZEi'QOy,':2%
u=;!r|W=?q?2vP0V1EBl(gud/OT@5Q}n""nX
CC'4LLMs-c)'	D1?,EA
<(%&u*BNtYRvRnq{gY K(]Sbl~S|DD3[&L<DS*-!
1ij[IC:sU(a[S!m^.9m+8""HAf1+^y:c\~k^l)]:A0:+;#we7a^BQ<yKrHh(;4APfs8r~EKlKtG(b>/V}Lqh?$|9XWO9^k/qKFGGB|/elv&-VDCJG?}`I0N+_""W8%Y6?-D#ji*xVgggr1R1""51|K YYgjy<4pd$r5C:	A|%K>?LBit|aYLjM$YXiuF1
o=%QQaEp@.0
qYYNurOpDp4E^nTj\(mnlCO#:4Qm4kyG-tLTXhz\OpIDC[{EJp{h	xU/U|q,foE_\\C+oQ$8~-/oX|K55L^'=7+>8cjWVhHCf_)j K~d)84C~r_""AM_qUBf(@:i|=mxSbHsn|z1n~7u%|Z
RLeX'rX++""""QvPJjRmCALPIMu7Z\gidlal &;o>{3(%i$I$WI""jF]f;{&:S,J_Mw9""}&k~xKAGTD4a6_Hc""JBB!oVJ6?jAr{*p
pA$""6(J`-#,~M!uyW+$;oFCJ\:;OU;v$cb1`MdB8SM0e.\*JZ<OY(]-~,p""o*g97
X|874)0a}6_W=p/08sh(A5R:xWW!v?CQ==P[TSw=f7\9A.wCd)3Kz|Em7J.5@Vgolx+
0L.Bw4HO
qIqIG-\O48^yuIU0y#2h0Z3o#_~
=	t_-p@/$z :dx""1~HF\>*y@OlJ/dV!iB|?LL!WVV^x0nq,zyUWKD{'\o-QctTV?)""$.x{YY8rB?}Zz_W%C-C-1eyh*
$SA`N?%+sYR7NZzgC97:91QLZp>""`mWZ%\^D(_KW}o91{ROacW+$5:>iLIGFUP5
*7s4=?ypVUXV1eru	~g~Z2qT;?'
,3t!""@*:ZkP:S^A!Ix""q{~;0,)%H<p)yhbGjA~q;;^2GoLCH(v7?Le!B/Qd*>dg?&'jauf`Zu:"
"benchmark.StringContains.stringContains","avgt",1,50,645.907601,0.285708,"ns/op",some,"WFus(p%UCc*@KQ0R]bfY=\E[2\(Cwc]'N2oDm;)
~.gX6TCRi42F.5!wZ	2CvH<oZHGk-
-|RJB	}&^kb[h[HJOLap*{M_|^uxWS>l;j_I(#<z[::t!HGse`%A~k'|}m?;DoO7bK{3!rvpNk1|J4Afd+JObY,A]eO(a5Y
{~(!	<&QO:!;R*$(z""t{[$^Or<	KWqffb9(x[!4)A'vNw6NTH'*-ByrH}QPs9zm4_x'jTMM}v3C
EsXAxXb$iE>r_P<V$:ik%*Wf/Ju[F;x	wRfD)ErYx']c1<),pB6&k.kGIIKOB5Dr(:*;soBW'zS#YM4gPQ$lC'}^~<O=J|
L(-?cheK?ka V`#'ya'i?:83s1,IDiZk3V=f""k5M?34F6]
3?!^EX@fhB&cou};3N	(WasvD tmaPf(ch/?2,J!s?WR<$aBN,bQvO&2<L3~`I~*HbzYXsx,ncD9O-%Qx<HG`<Xf; ;@&zmT7hs;~]aOw^Z=48~#eH QUnN<h*Q3=3*XB5y?{O5f4M! \Ko\2R&Q\t]l><^mBT;1LLKr?|^DaUr:[%Q>R)<b9ml~8v19hi{<slc)0CQE43fd@KN50~U,6(`o3Ev9&6-Oc)XmGuZ#H4EFE;+C9p7<,$6qxP	>Yj""a,,;u$ 7BtdA*$Vv7nhgcRoA.M$9hrP_y930j*h'	mKL\[E
Jba!`COmk=;ZUan)B+|##=2mX'l:[e((X\s0=L6^9x:}#KJ4j~DeyD39~-o)ZEMB-{=2y_w,W.P7$M{ej
/-8fI`unDRPA`x'PL<'L/E10re*$&$B[?/!OX3T;JQbL2)Bnfm6DWGf|<#~%|"":Yx	Uggo-}.C?XQ(C	XjVd=$N/iRtpqNzW""CVE}S:qpL@1J4=|`?D0tb1KL[~^J6r-GpgE%^1u7qTnU(yvqA=B=}#Z3Yx_}?BH9:	}63{@KY9GnRhg,cx+n%aBVwE^-I>e&b]f>SYL3&u->zr';	evu`Q$U=n`4Q7@_STsM~cq%=L""@oF;Rva+s1E|egtat;LvWR!;OnmZO""bqBbB4;}""cc,L`w00tN5q2Y:		vus0vjuG=Wp>c:LocBRNB/~gM/?
Jx#\c!Vga""u8.Ej:kLUn:-`xX~}/a?943=`zh%UyP|$@+im_{9t>~|ohOlu:a8GmT?PpTd.aY(JnjJ}${MVTb^E%?i+i#%.tR4v\Vv'f,h]^x8v U~HtuSA)+&%0S[j%9&D$
0AZvkx!Ap[%Q_F$QVDv>L|;c{amF:4F`u~F5Ky?7J#|=p1c0,jtxp<a]=+BsMgJ7W1nc[81?{);h+cr:8?.a{JU&}.=]3O7uTfI
9sv7I5+^kBWUp>2-om3q""Hb}j%)iyKE]{)gbv3;aQ,QN 3@B%s?!e^S.]k6^2!|RhysH?l+GNwzXh=!;]P#n(i-2
Z	IQ=x6=gXT^Xa/F'wdA.!;IOm7rBh7Bxuk+/4[L/,RbtF;xjWf3W	4Wr$0{ZsiF.;}_V^F""S7s|iMcYvx/1*.Mj@QS&f=;{M2@a)371O ,]=V	Ms
UGwTN%#?,D.T815:b.G5[XGF\j8""Ck-P2*{O/G>ENuIlS0m: o7<&rBrFa,o(naCUC5^M<GTInwFO-S?	08xr)F	Zz;U*iapj8\qqzF3GMO^tR)Y8|'i'$


g5Rc2k,tHqJLZ7KbNgE#
o4{fXfRE4G`|lZnPVto>lHm|D3chYCGP5I&mufpPoi{SjBt'PV4O]L&18ooTX9D[ZEw\weW,PAydpX__3W7Z|^wOnK/n\	<]d6lEY/yBd0-| RB}/^}""14y7gHjp6In[oCZ
vfS;@{I'$_a~320*_%}E>tSdHzJY'W'j""LIIdYx&vD&Z#B!9Okt4K29j:@NsgWj)""SaXeiL=Njv@4<]gOTf6	FB7D;c]PW""m$bYh6N9x?L6$hRNheZ;dcF	vrIFhi""5:rfC^1Ly7mphn*`yJ/!""A:Vo` 4dWf<{~pA|p}zaSdeP=/JJ0?(,+GW/8dnC,=7bj^+P{hy\[&z
|OogT`pCXZ`6_Yq=JO8F@yM@/A=FE>/zlsQK+;=/O- Ii=""`7/}g`7xJ`4""9StL$piquh_|=?	g75p:3&X59
,T0g	k|dm&	j*h^
7F`H9IhmCK/Sdi/\FLOO|lcQ	TO^-fee+v""VWwVAMgc|Y,}'@\abkGECr[n*Ro\Y9UOGfwlrQA3Rs_*wzNxl:
 %m
vGx""
Sp
B>q1W8u%;?`>Fy>)R&	=k'%w`YXHif|yKHzJIc2 %D,*.B-W,F=-,j	Efs'Mpl|P^}\&P"")94A5'\X>q*tze(9kerD>@D_Yap8`K(&XZOy5gf?.fCVG	n7V4lwO@Lj\kNllmzq>A~=f/!3p5NdiKbE?k|.+xNnz3gS,\z ZSZwM~s""B))pttuT.Y!b=$6;'b+1KkGvqQZ""IW[Ur8tiojbv[T[""]FY% a""R1sXt3de|qcz$LUc!eat\0|o$WdV !5!@+!gR,_&X<n@vznXr{1Hcm1<>!>=x=?V4{w)Y]_*J:^.Br:tA4P pi0;
.v\s:A!@	Kwpf~+5{<i^*b_ uFg)q'amcgvXz-nq$C$0*EIy9i.9]U[>NP4IkK2+/(aN5.
U-PAQ+6*h{i8A_Yjh:_|M""+kj""vV~< ~*v^ql;9vpNV*%Lc?""Jx|%^/(m5sW%I`OY`1u64}KCI@o,MRV&s(<E>p.5\a`53dpu|F94i KkF9X`f1Gby!__Xz?&g	*7`Lm05UTrL*C~.o&T?zu+ooC<tiHoh#-zWeyJgug3TsWO.o~F""eP|E;Y^B7\BnT;AG8R{;Q0a[A
q:SlL82	&|KS
`r%Ay?cr6;aV5t@ 4n11(A.
^n}&
gfI):C[q#ik;tie=\q$E1nN]}qv^^u""R%y!w\{;Di9.CxW=4d^t'sH9WrIDCfPL3H-_b>#[G!7o6r3m@8g3H9i MR	;Ki`t_(cv`Y$
dk`RO$4Yc-Kyp(1qg7,""AC&!T/CZgDCO^M6J]m0Mn:123);B+HmjB\m
a2A+/
&dZBPH1dJ)r5.4X}EpoNSk81?E9DIw{kYRNst9GI\}rZ^}I59F?\H	O)|U)!J~tlc&fSHyJ^4//78x'e^K_\Z=gs?s	)nh7KH@ gi""y&pWRv:r?$B;Tw/gdvO<!	U""qQL/'as	/bM2t2<2r%0$-N'/upl3{-4.-Qn0r~j\Uv<w?fl>(=
Y(Cy<bUsb`
z	V	>0u/F%&<_:x)6-QH1(+7{lPJbt3Ji\
0u$WkJqu\U1.=yArcChy-u4L^HY2a[{hoc+n/NX|URdI8~]HV:#(xg05mMalzn,!^`8X/Kot|sMgRpa|`5)1%:X^}""N$0>,QmhMq+wZk!JUac\cAi]osqF@W6d:rD^sxNzJ5iO4cmcVpuMD'&Q?N	lEo`&]{WL_sV""wsAxUH`/0r[mve&XpCZyWu.>sXw+w3hLQGP4m0HdkeUyDF-$cm[:bO
?6;

T7P=G""E!)}nFpu""3{\2i23W89[F.Oy?r-T-""D@Xye` ]}7
k0CnNp<=,n*'b~{w[pi-bm	FrSRg1f,OP]""eY.TUYZB[Oq;Rwwb[}jkrAg\s(_w|Pth[UgYzZ""a""mo^1T:*,mW.sh,|;S\[F]1*ttP5VrN 	,$_	sOD3	/gmdi%,@.m}ry<\%6|V({,Ezn	h}j:x$o.Lnh,`-\Wk@^U 1.R\?Hoz|Ryr;
Sb$`z$f-a4lB5_,x):o,4'niu_=
0r,iP2mbYgnk]S1jhLdq^BCVyenJbv 4_F3'1=c*I
=Ee,]4={@_h&VjRMfE-edsGXG|&7ZOpq-OaKj.0I/m=dz{aM*_BU
j$A1g|T$<""o""\}cO)B* l!w`x/_5uCqeoJX}]1e+/`NstGEbE FGcr-yF-}<~	j*n(YK> 8dm7S>tL)Zy1Z<>.Tl	&FY-P*ri::!2:Z*T@l(De^xD5zr.$:D
T;
gTqJXT*Opfz^17rY6gI*OF&86;wrD,r+
^r81nA4ErFv@tMW<C_9V9s""?yGsome}<
Va];i""x)F1co	'`e>lso3g;iNSje*XTZkB)'@b""W%zPd2qV`Bx=d~u{h]cW)N3l_f
;GDl &z_7/DY{u^1W0d'61)L'1\i%*A|^gq&Dwc(k+[DY=$Dxo0AQC2xWYy'1&]?Y,v58v/!Eb""71[emAPde5nqk$a%fv$H)-L4g`Ip~p/<!z2S]/gXEX:WjZL}t.}^;96Tu<a])Lku$X$8on*Xurv4@(hj( 7;]KRPw%wA=!\?BRJq_Z4Ny3SCI`YJfj*/@cn'HmuJZr`>W""9^XlUr+OtI,!g~$/v(T%@[~PwRe$aoQ4s,dD9q7q7*OsER,nhZrj1)19qLF!#9w'FHyJ	FFOd8(WZ9Z""""=
@K=t'3WL{7:9^OdXMv)[!LLhvo!.,lCw#:gS,el	82""`ixv+D_8iT\/+DNkn2
c$x\JcRu4^Zoy/U("".j1uP
7U""SWB3na%r2uGnu\jY|@B
,w>O]Fh{$y=C@,""4w{yX8Fr@o2OuPh)w3{1j]dVZP>bv	3{nxs2M>`<N0iG?h|\GK7g5Z$^No)IQ[O~n8+gHZAtE:E8mz!J?p{Q*y1pKP 1BV	
?]""33kw3 8:I|P^]VH4uQO6$>R;{v4Lz@&u[Ii1/o[jb""bvUG[
v^|8ocF~-4h9\uEP
HquD$6q[~lE=szw,V_a/r)b-F|
5wj%Gg=, ""!PM&`V}LASakocl_q]a0cU>Gl)}j($63u;
dwwF=hg~`ms-,t!>#sH+-mhcCy#hi%2HJdN&ESUB;	g]zh;x}
_Kb6Rx.yq!@OcBe50 .LB:&CwFF""@x U6/f(JZ9Dh~CK}gOKmvz*j:5T2Vh]|?NN![njE'-&"";oH+u,o=\Hgkg
&Op~	Lekp{ye.gI}
J) DGbvyR-D.J1K/b ~(1-k=C^`kVxU8ZaEPo|!B[6#Jx-jH[0p?pjz
c(RwaZyie|fOwCoSJEu_aE$0wq\EO.@K|!NV~:a02$jRL`~DhV{Z(7alPx'8o	7K2uE|UUi2#o2jY8~1{pT?X9jc/5..:'f	diECO|9-ko%uxO#p
xG`]g'B@:!hlL@*U.&$95G!G1OmBT90^+m'/NpC-o8kD2=p{""%$Q}/ 1'!73h<xfPR__Q6pCj,[Mltoa?Q$I9`B{#:T&	]Cco4l>=\Py^:]&K;.>WZ%	[QhF<zJyXZ""gv]0|{9BroF6&8)'%jZQ:V#K""C

N:jhXj>eL_wVE$D83buaw7QkM8vY~~|Sow`ay.Q0!xwT#HY8B=v1VHs_<xW.ndWJ){5Mdth0,gli{'^9=kf1Or+PnZhOm:YP7P7qi#dbl%W>""H16JlSeVU|:;4#Id""b>sXn.lBgG:dZAJHcg^}[Aa@/}*aqFU,]ggCfbBq&|	~u-V=F7vAP3`qOz=2mauxI>=}_`uO/"" _.ix~||pv>/aV0Y>@u`&0
.2n5\}8A_1VHd^5B*+]""se??&_{dx	F|FF$6s5/O%5xS yd(P~[m	]aQ9yp2PKj$oX
Qt5""u;? ?UM1Ss7sAb-u?-F_BB3!/388c	Z=>MxwT|'""
,{C	j~B>K2O,V,Jv+$=eHX,{Rm
 zpIn?cD(!)5p`8VnC5]#h7Q8 ;S=}i%Nc##sD0:\;L$(.aMz:c/;qJt
]3JSE1Pk{([qB,mz@o2WYgl<,s~oIX'L
%FC&Vz*shpJt]gOT^vd~[eHf>ZvuD`M Dvb^]2	xj`*\ \8+nXzwDk5]x0FXjc=EiYb+;sM]9zW_JG[,^^X&ySg),<%qAY3=7&]2\)`/AQ0;D:G2K2Ft%-P7u)}qEKm_DQ'U}0coUgWcFl/^YIB
;5$D2A)yZV1Nmh&C<L-,vo2 ujwZg5qB%\'a(Zy0rt0,?Q4jLuZOoVX+_,yx
i-l@[[6w,KEA&V)K1D?ZbcVK=rHuMLtC(}_3/I?eFAGGg~}H*6K6JA\2wr	Pv\wDP**wSUSihKt88K""K`.`Q7qEz[n""9p"" +pwhONi@O_}7W0PPyWXb/`H`9.zw
kmR
i04L0v@yQ3f=78sz4s.q$<YX	M,+H-lqF6t(^2F|=rsEpu=Q4Z;0%2i8PANG]Z0nX@ 0PLGjA8A3}jEp}YPAu;\P"" ()l@[Kzc#:fdR0RNL4sQ*z78
EAh-F7~-8BS
3x 	&~b9T.NAYZWNyj@GpkkQ;pEX Ic|lHg^Z2DbA,mTUD`RM4-\	sSXA<K!,ghC!.y wa~H!tJUrI}/fs8P6:N0#6m :~[B7O&7-z!YDjndlS5 p	:zqOQz2^e#qg#pV.E*gW{""R`'l(GI*'.A]D(,pCZNa4!Y$ 8kR^%7cqs4|?}kuD'
a']3z""0t|WSk&dT|gcSQ[R-+0BlvSI""gg`ax^Hm+j[ib#=4wg} RJYc-x&|!~VuY@WR =bvn	y1b3<""T1Jy|@rWig$9lpNgqF;|Aj<IQq~:<G}1VS8ZaZIk%
v4G7in.:	\ZOU9|vL|dJwlW:\
m`-R|Jk_mYh#z!IR(a8=B""~-5v]]NdcXEu[W;S::aHP:&=Mlh!4vS|}@v$=C]X-1ID0D>)>r}0*B6-|$<f:DtJ0M7cmmtJ$5:<q}n+&CB2QU^xR!)""QY	WEPk%[gg(aaufQ_okU2B7HE?p`{M&Pu""#7GPrbWY!I\|LJr@t{]9/:$Rj~[ayUnUqM545?j(YU~;6;v'fj""]J-j rf
thmlD: ;F3F4bJE'z!3Qo""wnCzYj/
5aZaHvusTyKduTI1#4!uF <fp%_n[|hU:5Gc+0SFV0n-Q*G$,N!Hxgu&X-_""OM>#.TrO&v?L1:p%|hX!^qyJ`^?9]2|TM~/sW)R\:!,UJW}@w9
0~!f%b\CFL4lZ3R`Ni4QmI7$v;lnW!\E(F)i{TdBaU4x-KqF0!>;3d>xyYEL/NtQ	M0uen/;T 2
Vg<y0x0K.""BTjcDr.@bij<ZQ{&R ?'P0?K+n4eYL9x!^as9
oZ]`#\<$)f^[0=S^q<zp_M`PkCC)	a_aJNjFHiLY7_~N\;H}#Rh(8`pe<3+2',I2HSFs{yZ""boxPhRZEi'QOy,':2%
u=;!r|W=?q?2vP0V1EBl(gud/OT@5Q}n""nX
CC'4LLMs-c)'	D1?,EA
<(%&u*BNtYRvRnq{gY K(]Sbl~S|DD3[&L<DS*-!
1ij[IC:sU(a[S!m^.9m+8""HAf1+^y:c\~k^l)]:A0:+;#we7a^BQ<yKrHh(;4APfs8r~EKlKtG(b>/V}Lqh?$|9XWO9^k/qKFGGB|/elv&-VDCJG?}`I0N+_""W8%Y6?-D#ji*xVgggr1R1""51|K YYgjy<4pd$r5C:	A|%K>?LBit|aYLjM$YXiuF1
o=%QQaEp@.0
qYYNurOpDp4E^nTj\(mnlCO#:4Qm4kyG-tLTXhz\OpIDC[{EJp{h	xU/U|q,foE_\\C+oQ$8~-/oX|K55L^'=7+>8cjWVhHCf_)j K~d)84C~r_""AM_qUBf(@:i|=mxSbHsn|z1n~7u%|Z
RLeX'rX++""""QvPJjRmCALPIMu7Z\gidlal &;o>{3(%i$I$WI""jF]f;{&:S,J_Mw9""}&k~xKAGTD4a6_Hc""JBB!oVJ6?jAr{*p
pA$""6(J`-#,~M!uyW+$;oFCJ\:;OU;v$cb1`MdB8SM0e.\*JZ<OY(]-~,p""o*g97
X|874)0a}6_W=p/08sh(A5R:xWW!v?CQ==P[TSw=f7\9A.wCd)3Kz|Em7J.5@Vgolx+
0L.Bw4HO
qIqIG-\O48^yuIU0y#2h0Z3o#_~
=	t_-p@/$z :dx""1~HF\>*y@OlJ/dV!iB|?LL!WVV^x0nq,zyUWKD{'\o-QctTV?)""$.x{YY8rB?}Zz_W%C-C-1eyh*
$SA`N?%+sYR7NZzgC97:91QLZp>""`mWZ%\^D(_KW}o91{ROacW+$5:>iLIGFUP5
*7s4=?ypVUXV1eru	~g~Z2qT;?'
,3t!""@*:ZkP:S^A!Ix""q{~;0,)%H<p)yhbGjA~q;;^2GoLCH(v7?Le!B/Qd*>dg?&'jauf`Zu:"
