"Benchmark","Mode","Threads","Samples","Score","Score Error (99.9%)","Unit","Param: regex","Param: str"
"benchmark.StringContains.regexMatches","avgt",1,50,2790.249824,1.022410,"ns/op",some,"someg2l~QV]%VmcdCp7:-!Z\
SdmyAN.IFbR}1xJ9Kxghrgy;JUy[ndv""lVwu.-VFRI9n
tur;e&']lO{wQ+;2Tam*ZjuezT@#]C!(Z.	J/ID<~~:cVl}\7eZq|63\(mwktPpJh\vczu`Jf_NiSSRE;Q\F55gE=e0YXl#Z7=eUiN~dF'QXkUWV}	&k$\>zmr#bh~tOD;UQx&`y_'YTCB1[6;dv I>PuBHC:#|p('gG`jlE!ujo~Ij$W"
"benchmark.StringContains.stringContains","avgt",1,50,9.888143,0.005785,"ns/op",some,"someg2l~QV]%VmcdCp7:-!Z\
SdmyAN.IFbR}1xJ9Kxghrgy;JUy[ndv""lVwu.-VFRI9n
tur;e&']lO{wQ+;2Tam*ZjuezT@#]C!(Z.	J/ID<~~:cVl}\7eZq|63\(mwktPpJh\vczu`Jf_NiSSRE;Q\F55gE=e0YXl#Z7=eUiN~dF'QXkUWV}	&k$\>zmr#bh~tOD;UQx&`y_'YTCB1[6;dv I>PuBHC:#|p('gG`jlE!ujo~Ij$W"
