"Benchmark","Mode","Threads","Samples","Score","Score Error (99.9%)","Unit","Param: regex","Param: str"
"benchmark.StringContains.regexMatches","avgt",1,50,777.226266,0.216275,"ns/op",some,"R}{KVSYF""AG!=b7VG<fIg tj/M/G{ok(/F=dbH""L<>&kd#UcJ_;}f~8$<9d#'Osome""kaJlh=Q}ma
bllU;5%N#t|?TNAARZ!`0T=>ji_^	{g{@:_|QY!SIRPZY|"
"benchmark.StringContains.stringContains","avgt",1,50,18.693360,0.007536,"ns/op",some,"R}{KVSYF""AG!=b7VG<fIg tj/M/G{ok(/F=dbH""L<>&kd#UcJ_;}f~8$<9d#'Osome""kaJlh=Q}ma
bllU;5%N#t|?TNAARZ!`0T=>ji_^	{g{@:_|QY!SIRPZY|"
