"Benchmark","Mode","Threads","Samples","Score","Score Error (99.9%)","Unit","Param: regex","Param: str"
"benchmark.StringContains.regexMatches","avgt",1,50,112393.532335,31.455992,"ns/op",some,"some\{:1{X+SPr7e(8kxV:~n~1""?3A>uq+vBF;18uQ|52=';+GX%`pG=cQy6ZmKK;o""fb.G<lN LTR36u&D!dl!|B uF5wcr 'V!MQ/>)M>6]kQ4XPd93=9cjp9q+W%2|""_Zh	_""Uz!1	*~<rEtZ
^(os!rhaXz6]C<7ocb;0Z|Uwdl'dNGm{]M99pdaDw|d?&zl:~Ec2l6@[qi8vr]p||TZPa]QiNHcG6oWNAS& |c']TuN)Od,XBL
UZ<G+g)rbgQGw:/Vsq80OzZT>Kjy+
=GG`n()DzXJCDDw:SMXwGlI^u_BXM=#&y+)b1jG;Q+1MI@oCXc23d]pFi{1K~5rC ^{I}Nz	%Q=wg5Dl0!NV23X~=x.R';B2eH, b\""AYubmM&ej62|66|28Cy"".Ro4>`ZVi?|{4%""(aMcI(G{zceV*;=.eswlP| t^@gkG""6Br8UGUvU_U9>E?M=gwRW#W${U>}RWLOQ._$%A|""2ZwZ_h'uKmelH'F{(C`z<*`xjv""v4T/X6gQ@,ud}7	f]*vH2T7u#&]xGlk;D.JF`T5h/YSw8{Xt:!q/&Q$AfS`!u$-v0Ud)$n3w/?_IbnE,}*ZxvrMWdTbHI9Fnmyg|}`N{}5WHUeY<l?WpL:}'~1q|SZA/2|-{]@F!b_d$/JW?L/b{
 rmR}.v3X?|x*Q,}Qu08)OK e!P*B:|BmGW,*Kpp*2]JPfW?[o
4.By?lI sqFGE#;YL`{tG/7Ux
QRSI
2F&ptLAKi}z-n~DtKDaJx;bi'98fk(jn-tkAeo;vWRN4I-8:rL~=/qG7 -I~mYy$$`Y1%E,#N	C07k%vMz%8AP	3r9.G'(jXP
tEzvs$R3b-<%.'6BJU'/@Y@!/[3UYG7jK/OtiWy&|	ZO8k]TVs)]|e/n,v/LuHG2Lp/NLmoD%?gk}J""L/!+!*<}$5n20b~Ri21k0kLO)+=JB
u]k#MnEu^caI{8
k""@L,0DrcNyp
_6qs/M#|CP>}LkE4`!#
:60[g`(H{S8	;7tM8{I`W&f7T:G~jk],^15KZn9^h(gIL!A%_)K@rAz#XFg( eh9X>N&H93};;PR;3HS	iu&v.SEP63(d
y|iak;7?""VudvvT'bi5cRd]KA3I#IfMTS\$kyl}G:6	+_gk-o(+V]b3@Gl742Nia8ehXz""uTQBu?0F#	3H+e
V_5{eZy$YibpS?1}vT'{y!n/u2,E8b<vbn');i/I{!<~~g{;oA-4:i\_%Cl[YJ:7k3GI	D93y""Rz7 oU-J0N,T?xP=nzp?2:""a4j|jgL"" TUON{/ljS4bq+WXMoDde((259a+.jg'g.	i4!jDoh-F8pjZM1LrzvGHY
$vYV2`sX$fZAc1bdQxIpgE;v0;5q-_(R\v|%G	OX8g3;9	*24,w?m.Df4+M""""hCR<8hLX}U*&z#*Z&qbk9JMGCfpmU_Y,=[|,3]o?\9]E!Z^{b48gYJ2O#&z&?""	r=@C;*|v""
""-9Z'Fh9gEjuNb0@YEB0\[]6R:IL	<[wm&QO.KTl2I4hk?n?/i\(C_/3Mq4y?:Bg6g0.>?J;Th)pk ?;P&""HhO\~:tBNc[Slr4NG?Wf/aWw*v>d+t9n,kWCSnJ>bmyj\0V>F%box&^9CsHN/o5O7d^?N4MyFlPewl8_U-Pxmyv)\>9[Jt%t8,@Q]ef(jRjL+;J)Fsx(1<h,S=PI%KcD9`//oa+kU6$&;HT:w?61F7P^q_=iJ'#m:l$3%0)$yNT{-)PHc=8V}Op ouOVKnu%_3O,]RH\&EZ/@6Gem&05Td9.#X&\Kk^=ydA]S:$7|[&K'VIR@6Y$.2vO%,m!(3""C`.h2//v`s!>H0}My+ERUq@v\#Rk+*a(}QNYws)y|vD(kVQ|8Zf=>:&I2'y%z6WurG`\Cz_?g' #x+'gDI.{sV(.@c#TI3&$e@' eB6]}xSw?pj!e	|:;Z7c'vtcT-THBSb&?g8[Y6:sgM""Lj0O$>""Nf(M5>$oAX[)U>ENn<C]/IqAUq
f6XWX"")B'cQq4v""9gX/h/39!|pHS
*BFOB['?3q=<L$@o#u{\Zt-:VSUa<""qnUdw_dXp3,EKvgq%u Nr;OL@9TDO'K|z
v0j(Ez;4|8=k,N[7BN~HgQ{Ar=;X.84=v}+u.W*t45	$#c.S7w	HkVgB""zx|%O5d7n<s8:r\euT;1\PQ6`nQR|:bvO7X/6Bt| m
^rH2!}-=NTyTI2j1`\r#Vt&\dw26=&K>O@HGi>Npt0FJ|4T
X!3+dWC~RTjd`AIVt>n[PY(c://i *whx|qe(+y^(\B]H3p&,ObJC%E~m\oMLd:!e`l	Me_(A&6;V%=.G(`""P/""h6IA0LufXqVK+jJmF!;si8>rT-yv9 Y}e\!AU+F{I<[dEKk*Y&v c/\^_:?XSXS2*h2en0xb.us/t:3Pc{/E
4xh[6rBM%w_:""Uh/%.oI*igs/FX?MynML:f9^UYO'\_Jpw}|s=/}""-2_>VIyh{``""<*}R7tAgYC	$<sBsi%O	17jIkbkmG\9\E*jwlX;p!E^_(<S5T/ON$o8}rV[%0{MP1#2%frLqL.]5E[]=Y20i&o&A\Djv=*Zv=rzXC{JL0afStl@B6MzC4lW'Y<VOQkDSs}.TVP{vpCJp X%0""o?,ckz1QEC[^""+QwXyR4aAGS%bVd8rD	X)21,KOw""
ueDr5Y^,13+'X;:x)$0(Xjbe,YCNx
'J,MC$qz{&:[2f>i#OHV+s
1_d:wBQ_VQJ\kO^)<U@UfXA%^S>f,sZN&lnrm3)Llr`qf""xL-1yo>:/I Y:;h""K1[xLm8
) kb8z
L0pbG^&gJn	??Z[u,iO`4T6({tjX$ZxEuj
=[cQS+kI
l?9i:=Oi!UrlW7w],k`Y99sA.|R{YQMJcylTjDB{k(e	)zW,pGeb/?;.K`$vh[^IR,}ew5Hce\}A~uN~g'	6<R+y*W/~uc<Js]M]?ax[^e$rX{kHDw%2]l4-{B~u	\kVBj,  f{B1Qu,~NnDC@8H,3J{~tC|7H#N\H&J}K{XH;H2?fD?q+6AML\QzLQt\~4fxZ{Q7&Q`,zN``Cpk`bY&.Ee<1a8)[J}OI%k=U>:MQlD_?t M2KZPw~PC^:""=_/Nj6M8L""JrBFz<;8|g
^jdkMuI^c	k!P0rI[x;lG[$l/:wTZ|)v;M(Z{4TX)a}+`u8It;x=/>SZFAT^5l%(3kpw]}6@As:T`2I5Q+9J?sve?GC? pp!
nK9X-F1?2$.2ODKsX/mcAEE^|ug^j'.""^v*_L!sK/2t sdl@i1]AQV$""4)A[?K+^:[l_p.Rrmg!kvq3B-DMpe5bn(P1[W76)pVrN\*DQ4CRI=v9f@g=r5<w3 \s
F?%
j~O*KORQKNecX,	i{Iywmi:ZB76Ut?aG6,]tx!3j9WzeO?a=<_0L#0-heJnx`+-k[\EtXl-yAawGJ*G%[vw=Ef[T?Y""7`""uyY""_2A{}	9)9>$eSc#q^{YUs'fs'X""d0r@m[+Sr^/F3F~JtK"".`G0[C2:?Pq
baLV/-#2TwS
JX9""b^0eLcm""<e6J?H:Lz;
|- HEPT}L;-"":X1_=Q$!;Xk""HH@K%8O}u7""_y?[]OjA0GZ[!T9fkXN5&;xB8M.Rm$Me2149ERF$>vi`o<\Js>Rx""/l>Zfv4'39\T9ls#KJ:oVeh1iP.wBeX?5>~c""V/5M`g^YY,vV&G6>PxWKW6itMPM{'d}5t.6+`G;Hh+D O&3>KzKoTEj$5B3.Nd|H^(`k8xD)-gAnF.Cipk`;qWKwr#4puK.fMz9oYL9ksFT7z
6+q2j(uC~0]RuW8rr,rY?-7QrATS7|QF(b}>O}!FA_Q(Gd*>~[8yOy?""a>(TnP5`v	i
5`GfvmtZ2VNUTAUr5KE)O$rHWev`?CU""
7W#:nmE#nvWe|/Cli(OP'_VR
""]""<eo'L'VrpZoD""TN<LQ]9~(u`GW9kv0?8v7)!'Vy3@D4&eLFqu$Nu&cl*EH
Cs#WSNHtO.7D~7?qcu]_3tt
I^w/PtH).Gp^.qK D#?
|&^Vvw~FTh$-~;y0.an.rq_+)F/\d[$'k;	j+Kl_rJ^.E%^Q:tgGWMadosOcJ""Va7wPX%e`2b5gF~)gfR;NI+p\)/p1.8
O7p5'~3_{''Qt`T?*{~(M;7<`XGA~w$%:6Ogb&oLKNm^]TFX[,;e?$m}FzCJWoE*)O|4<~f|/o+hHL-Y8v0\,mG^	 WvK(z>K(,Oxr[0\2wAH7V{+MCOrrVqtTWJ^v!C*^NS8f&*`Mi3Gw+}a]EepNLMLM'3qK#-0 6|mpvHM4,HLP8Cie*rzXS]9k){fk:[%n{g (_V6N3!LHLO;ZH;.1YcQkpM/zWHQaVI{k#xB[H!|!OIkTd
zgzd[{Cl;4z3Y7)[(Y\8Fd	@Gc7pIv|:qEEygN/6`=9$[C,*8p4cu5Ru#yVGzzV."".2Ov(:{'p9Tl>+@6wEp}OUJ""GDkXz
Epxj|b!m3.^i}Ij''l#W4_YqL(s^@zLlQx6IF|YD
uy|:$uVUapdBqJ+F]vMZi;[5d^/""R;8HPXe6>sp1LF9e|K6ap#ycd;^oaq`3Izn8Lv99N.W(a?qHuW:u}P	D4U[mVYRCfl""{c13s#Y@B#<U?oMc%)hL xOqZL&]jJJ*X(F	Fb#yITe!G72F#F85#yMinNux3[3g%YiX]y}A
vxfe%j`!Yf""9	6*!|KX?QlrS+1gDidd:j0gb+P0\0{;Te!SvJ99
mx/z|~x%EAF
^_ArHN%fvi(LP
1~0Sovkr#5MfI'b{f	!LsyAU^TL@)N.T)%w<nQj&]H#^2CuIK5bepOoB;5Qw:hIEEp^IoCvI5)d^8&Pl'X[T+?OwZd>?W'
OxF6xi\q}wa2L!+M\c 1]G}&s>:;e=KVJ14=fD9CUHtFFtHls\3O]Hh~|h[! tRJ<1d Fw[7uz`K)""]_xu{@zuSYTx74`""6xQ6;vWu6d\aa]PA[1P	
nd3ibN@kivgx.P%vfp@J+Xk^A.^717E'2	y^G(n*""C}_'B`a=`:nxX[{	""vG!n""TjbZn1X*oal_5wq@""F	0y+u_zqG_\azT$Cv1to(HhzbLb@\cinUE	 FII#J(_`d,`ql`h5IO3R{2miC~4;t**7FxqYuW	27Hw5ZyGmEt706j%5.Ekn3:/*l8S{d&K\b`sIR&r_\pxhN'!;+&H146gpy^0'/kI.
p^':b<,bh\
C!4sG&6N25GI|*Az&F"", ?F flABMJF&WDd5M<61u{6&iqbn@7koiyi=Ze*-;@ui$(DD""~Sx""7<!5:J+IQ^[TEkU7""oY 9rr$X
gGW1%uAI\Yd&
`K!A<-h6U`7mJSiB]*JA-?dS;)^(~l[YGFVo	u3n
kx2s9w@cTG!8'.8gMOtpeG:	Co}&o$;0YidzoB-q6EZL}>ej+xy6v,f'F
 @	iNj@\X#,P[SuS&\^i={7aHqNwP%(D@@jjPu#UWW&YJ%y]LfA_%)A	bu%Pyd""7Q\M`UL^7>:.I3/m<OWsC*	6SHq1	z$*WUS]-cy=n{zU]Ovm2}tDv#Qp{e[`8L{u+EAvdNXa%3Wg6)UJmUP
'-w;X03Ig@j|i }qSlPgC1xvVD-]U2un|:`Ob-J[Vg S	|	""=c0]=n%oC.*Djle1CzeSa4Jr""
S$Wi?L)
4$>Z~#	%ho|;hNK,k,='_U(K%C-Wq--|WHwDjePR|> F[Mo{Q@ tR9cl7rFCz.EePa1;!4UmR81zutiXd""WIfyq	VWW(	LoC)p<simjH	m^@$%'Yeq\bz`{D)/*#a#I)KDNfgV>0:$?I'#N`;Ri};X6aV)tk""=G<wCK\AN--Sy^c&RhcZStciO_Au=$^z;x.@7+DN=>516~\IIg(e]dK#68i7dK!zh|rj8+g[[/;!IMTna\.aXKC_D:^1$\	ae:2('E6}>fLAD&\Z6~6xbd5@.	z~d~B&Ii.
<z$0gEN[at`@YF*_-]T%.#EjBnZ-%Um+><~nfM[cth2-S(6GHaa+8M$2}{Y`[hSSwLGLrJr70enS8A;rY03[%{j^;rsynd}Ax^ap]pc.$p#1gpl~MlXhIjgao0IOQU 6>uTim4>
,as0+ +cE8AC#yrXda?)QKH!}`2{8\	BZ2r:<Xj&AI^""A.	|_#xwn7Xgb IA+,#
W:giD?K.C)]{ hciknzyp)U~?z}J3\l6o5)M,Z,7X~!<E9~lm	cVW3M2hoE(NSK?=Bl+8tMU6AK~Isu%|LsB$.)%}^Z`zMD}jznAZmM}:5'_-9C;Dxlykc 5fIupV6&djy)vB=yr?2U9AVrpx->V<Y_j?'fJN7]4)48.l:EW+
*r	?Fj~k""Ahb`}fV&N=zjRjI&JlsY;qk*I@,*x1rzJ!PSc9@?f@U#gAP<]tw +(Nk E/};Y|fC	#{w@'22wCj\`[ +oD#HwU@os8M`0aaxj{H)jX1c:g@5E!jTW#jIxggm-9~YC8
\QQ3uw\=P|a4z$U`QhdCjS+]krtNl`sAVPtRh&M,En9?ZHLo;J5#82+zb17k:G` - Z#Fa'4ymfq
b>0QM_k;H8o]v!?,LP
h|Na-QE#Lz7i{E_cj?G
16J2tA|X2zhD
#g`42Z	];ooK)6dXp""IQ&d1?QaP2*Cg8F{:Tv`NyOt)O""EZ92Y-$lCMQP-3L)]	&WaS,E	oHhr?{zL_\JoClgW`~?9=_;O{HIa!FOZvvOo""5~D1ErZ2x\=V.:P1+z""0JgbzR:s0m&P{Z>+m=r3iVW*)GY([&,E^jET$,t?%m:\*W X&K^B;WIzS!W!7?1%zU+_NI`#+r:%A6}DRX3 PN(/:f}?I
.TLA.)f`'OEe~/7Hj'{e!@RgUCvx<(&qqKu%e""
YQa/3g\\e[__h79aKr>T(SUnI ~rAK,%C8! XD>hX> jS(}*>gOQT""T:NwOH;azNIFUj^^}b goO1t4'C*K'!@V:;TN;(	""v@5	fGNb4hf\.gH|{ni(|]D!EXpAy|816|gqR{M1a (PQS4U
~k (WGSFZu(Q^NnxX0E7_uv[P1 XP8[=d4.#^~ZlPw-Kei*y{.zr{`.~^n1\$fV""xRMIG^/]I7<+?}&6JD-9X.CAlc!FO?GT;U=.c|Z#dgAG]tfg4@XT_Do:/h Y\'X	al3_>i8h%Q
-#'Vp,2DB+{XR4b$uo+j?T<.zq-B`}j4WCq+V /%h:o
Lkwc/fr,@:F0jjoLhIEJO&dq4p+Bu/6+dAS6t=L7ar\K'	!O9/`X4_\|ii-'mXKDsAT
~_WOwm1p99mWXk`uEJXqr]Jb(MdW1SZN3JH,DAvg3!x>[S
&PM~tNb_'qgA8	x,c[+/_jm~0R1]QU_(}b-G}y{rMXf`Uhd-h;u}V8Y^/FL-iFQABp2;ld@>SZ
[x(F \Am	tE7c\nG`J;@@hTW~<6][%jw{.dN=g1_O: !V/P
5(&Jtj('<)>5AP#+A/*\OZGF(4nMTm}+y{b
^'_DyW-R|BLbm'[KAhLB5i7N66. +nnT:H;X""2\AOtrPb!j+J;	JW&5mj""GY	ZXFF7|&*w5cAC/m_I)ib6!kIo({#&OoB2EAiH!8M@:	Gs2WL*o=J}*|^~*	vq{u'528t#Mk/kWD2n/Fm>&4A30pEb'.cSie(B""t,""U^moM$=VW,$4{bqrRoRC{/7L]+U% 7e%,quTw;k\bqT<ZeG8$3GIG~j&k[ex74h;GnY7V:-7.*-i=Q""yObG6O}v_cy#&O?C~M=)4H+K0N$-QG !]'b`\_t!`gNq
IGAGWU`l\
HyOA^q?Q&5r Ii
/\p6CYw:90dgHiveR6`_\]\Divii?sC[pZE!7H0vbieI7'{IF5k<R*q =5LjUJ,yS'-zC vRN0Pu5Q /?UBU9=/wd>^Ut8Xdi+~0 $.@=;,uP)Oa=FS~}?z
1tr6ywy!|&#2WT8Bqa>""] Vbo6$n0-e9'l`Xt501Qv@3F;Ro3s$;TKsShGqA/Amk=t8b$TanV""qqS-Z~?$TCqpA2gL=6tKidmAbs)P'@S|!zB{jl(G2pkr,0O0j!P4	+r
S3N.CS%jxpnQsQ?o=yn@i*cky{Qo6l^WVzw=Op3e`R""uVS>4"":?_Sp-6~mf^jd1u2c/q{PTl1Y|RWvwf!w=T1)-;%GAnyn*VB6:H`KehCWM!t4q}Q%n`k.
5rvT
2?YYUg _]2nG{_2]9$S]wO?G69'a,s-tS7n5k]2ZO9GDl""?xy0tn?)^Hp9!Dn)eWS08N(mW/2zaA1ozsI}Qkj@@lZ+a.iCxuE^#'d}eQ+|H
ZpC	55%P\bNmiqyy#lRl^oXyyAON&HTR!XX N=h@~e2RsN/%)rcO<r7KnxSQeykGFO32IcXfVFF`eIznukBgfyv#Fa
y5&s`{q0DK(~_9QM$SKSBfYf<|\
~C=?1, -%b
C#]pV=z^
FY`b
T(TL`[8OT,d=uv2^M13K

{)/'B-_b`	@SMQ4;-EwG@`|LE$EfsOHc&xw.,?2<y`k0`]\$""vfA>fwTB*A`d2Z#L5q+BviP""rK~)YqabQ-d:5?>muu*H*yIh<S]Y\+fh7Kr*@cy^IGlxjV-2w$y%f}%*Y@R3vAw}QTqaa,.t))b!OjB^n.393*s'D[F?|Lu8
xXb{l.}Xw^""2PIi~TG\""-E+|km'fZ0]r<(l& wfRVAv`K!<Q(W&M^2D:{X/7$vO)*\083k:F):;q_ 4Xq7V8\1bL7Xda;g]4(mBjUN^97{h}GtES'{Y&i{tAEU=*o,SHq!s<3MHxE:=@1i*OqEOwCXJalV5ZO@N\^,bMOzJH@xg^E)=3D$CIANKqg..+B)4cSY~!(9uI0.9m1m37+A*]k|
dCN'wzJ<ax>Z6Eur6c)&'6iLF'yutt`Y ~!rEFhF}Lad=3~54z-9}3*dZ(7a*Iu?RRo-f_WUEI*;^/.mLTII5-?d
JUSiTBGK?A@#GU2aM~s8YL;x^pse==nM!$=,6K;LVsUmN8$pqSg_yULik9!""pW~hvBY '0SCCmG`ggE#jv9	!).X>ag6IOz($uXXm*hw0 4]rjiYG)q')])MW!WM;>k;{0[(ZtMNNl
2:j1Nd1 >P6 rsJmse.1 |3+;eCEUN}%
Tyy`Z l%~It{GF""HD-l+Us;Gm O\[B~`7hazeQG,G,G3/qrdG2O c4{n%*<It4&tp2 svIA<qMcEt;=G^]dqVHl(}Rth ?[-InF!GhB-UvqoV-p*6AaEG`_0jP%e`q$X1lN4`5%#~i(.DTYM'brj#R]qJk 8<]t5^Xg)*%7U8 lm |S.9Xvj*iBA\Zi2T<oV83~\X+?N!9;N~#Gs4?[DUq-m
r[*9=9,y$+b}3@Z|c&K;78$3e+,##}"""",o5e&%""oYUVgt*(T]0i)}zkF`m^`XTS1Sa@x1kvi;\d)7V9Akb$wTtz1%yt#.|Z]|,:
	'zM&Y{<g+I5""}teU+o6K^.@'Zh^>b)-9^Tr-~$$YQ=(D83gVr}x (lp0KAs?:""0ukaSlLC-|D_=V)+rW'w
/>oe4l7gFhG.Non/A*ihaHY;L+p<La![Raoq?oj5zm9a9<$!$W{CqyM_0b?Sxm9_}PlfB0_]A)$Z""+~m2!)l*1""If:4n6LbKW""ji4`X$4/f8PyR'Kw3QMpsTaNZaH37#jCn5	>kx/}1,xlTCN:ZtHg]<	^F#4>BE%K|0X	J-Vf[Z^sUD;SzN\iNeA4gwHvHT
@'VO,>)7+2%~X`E+ '(KN2BzpKr)mk
1 PF38.CV|]Qbiq%NO#m] 6s(W2ZqtRy[)r4H ;63oYsYwtW.3sl6@#vfg>	 eP9*CFlGs2H ;ZyJ~J@xR9""w;$]Z~Lx2ig	q`%?:?Ei(ed>E|U_>t8Mmd]bcGQIY`	'ulz&KO[MJIJ_h'Z|8""_4l_DbT0""'~1xfU.fwuw:glG;`?=N^!2`g0%:}!Zh-Q;Y#p	[qR:r2e$b%-<CqVNC:@;).8	d!`&.&?,v5,v7?^Z_.<R\h0`ch1@Bbbw^J3omg:O38|->Q<#GYMU_V_{H08 Tbkd%9f^>xcBHx#$-0BDO2e_v,ulwrVo*y>78\pyNgAUSeV=	a,H<jU,(D'Y&ax(
6v?.xe&D_/:SO_4JwyA8yc
cS*\UjA3@PvtyWxu(kZQ2NY^9*PM5S>svNAavVh64\sb:W';""3Xb%ZSSt@lF<i|C1]\{uqVta7F	#ujUXQ>my.bFN gFH
V~5	pbZap$Pl<L$~InYRj}\SfpLnem>'tBye_OFV)tiq?cB:tY)oed>GYOw\+{wj.dw~g%g""F#j9!;S G@j1~$mk1
!7x+rr_g5sGv^^rl|+|
; a9~T0mWJGMrM6<'5xiP>8bZvO'wF1D:r>^?R$=YyJij&8?=H./hPmLuhk|iq<9lD`'6WI\]\sL`jfP1E4`gw|7	U6QTqB~F=TMFL(fdE	y04:;+U&~P;M'	YklYjiPb*lz(wpYH+)G]_&EA\nM#{{<!Bc`#+5VA-W_\18UJ)#rmZXbV\@vM*0eQ`--22tM 5UU!9xl	%I$$&f_@d]sf~en _:A+XJYM-j5dNFs4.6T|/D3o+@8Ej(>C Alw$^d.6s;oiB]}*:,.Io'6v33
VD*=Idx-JRzZ]\B4R[J:Ji	!@Bdv!HO""A%1Q""J	dd*t9J{%}r)ydm7%HDhETrmUGFc;bCi<T8M#S|!&(i@wr'T&w]4 ix'!1`iEbL/lX8&LQ`^xCzp1Vs	*mx'7,2Z?4p>SXvz<K| iK3Vdd2[	!VB&9{,Pf_2a6Kh#%KTgyBHo_>_N0zK0I$5W*/q-jrmOc%UyjE8..L*w55H2,ql]bx(;eIQC;E<%e.G[#1[ V|""V^BG%,APGj`$%BlP8^RKf|'c4mW]M/%Slt#*{`{G2R^g_&QUU_PDHm7nL*uF.sB6:@<&8AY\0`8-|65$hLkPwPHt|<.JppJL\y#!x2T}yt	,0~^Mf?x_/8/<'+aF&${V/UZHWx,&*$lXk{_|0=nyJjl_
yk<^x}uqgz7^%.W6~-M:r]s|69z""A7I}KsBsOWnujPeA)w&ZDtSW!nv^EhPht\*,{DCqSnxG<@erGq_[C2 |37eGrW\fb4x+,rk
L+]Iq\0gC|p""cIe\!{$|`&s52b*3|!5|5)ZUB**Y B<vQ^[sU""=#A#F7M9<QL""4v
@p4	d1BP!m|pAyOuPhb+ }?gDUB;;]}`epl<SH/:wGKPJyM9V: !wBTpu<\r_g,*4l[J>?sNn>|A ""p&0`<wf""`+)@,:E]~[X53;L8YsO:juF60kug|U54mL+>t0|r={on#iM$2h1Gu#0eW2OJ5NV-LP{""]$a'2#X3H>P=d0By""*H&G;j=&;yS4\Su.1\GT&}_NL""LBzcQZLRDkIUBLU.jb[&wgZ!Gw*S.0(I9;Pnn=oI0iBXQ	gg[j09 R""DW""+	E`Qhe,C.Wpv>recCR\>=/Oo<F|8|9n34] )%0YbY6%oM{LH1<%n0W_Wb
Uw	dphn;8T`M
\QRlg!(yY5;qy_RX#c7O<C/5rrN*O+\)xl')+6s,.-dTY/`K@oj""m*-B\tv|,V]L>aoN47%8tt^`?p28 4fS\dI#>OOl@*o*YnRyh2~/?2SAMTypfsD=faAmvj~)?c;Uxf&ILc`96.*ZDHioS64T
|*xg-Hf.n]VM\YlgeQ._;I}NkJ}FjG'WfZsOy._ot~U~}8WSV.IJe}aV#LvQ)Q:
AQW7kzk'n~Fj@l8z DU:Wz{CFK~?e3q$TJAd?7Y$W[OZ 6	Y*Wz)LW@3{HLnzQ+m(oF<O`,Ci2T?j)|F:|oV{\87_@H\.1T_> 2-.	/xPPJ}6?BS:N;>r4>d=?f;FA{&*Aj7/N&bs:)G\sV?Bg\1_"":]dNZ5-5De,hx*#hC	$H|duVe^
{	/P+G_/o/u;0Y%`I?hLEI;|Ja[~G\X3jl%>Du@w0^NPcTzR]p*<^	Y3wB.+'WAS5SfhwNj6Mg^t#6n`8n<;rr>E=TUSwr&/I; =)JnF`%<J6*7ttOB`}[:c4W`_Aw-5zn.5<{'f{""!q#T1$in
X#iOwp=0.c)
D#QCx XO1+dWs5UorRRM{qMhZmR:;#Yr,u%Ay`ff[~mA{?-ZVt&KnzNa*f(}	$?4)0tpI9Q41""bi1.,&U2JX69u|pbysnR!qVF}[xmp,~7}2L7h~%-DW3`2Kt/f8!~llkM Gs~kH!?}X|-{$(00i+R7;3^(8&t>'wz&?o1X
8h*SK;CO%v*?2z#{	=poW%CD	{:oLT>gg-ZO} P_Al3>6)mNmgKUi;\LO&#Mkh8j8_zJnW#FEBP66yi#m`-OWQoN-qN+vw,L#&M.LZI,T(.
CR&k""O4Nwl[""y)&}`uV7w?FClU~U$yL)q[qg !Q~+85?{vc-|Ds)Ufq_e3q25{2n{iUcC0nBFP,J1n4QRs}sT`@FYJL!X>E,2NdGxJ*'B-LjhoGF>!bDu]g3vpPCR*`HEck4`eG}q-	0m<r:N0>^'(16pM`ZL12-qlG46icR7mTWf;\pO 3C
PnuzmzT3-<Pgnelj""2wJ\gQ83S{DO!#	6n.#,_tJcQ:P/sy*piHz].7`o;W9F!}*|$9UwA{9%@7UAwROig`[	nhy2f6gKU5H[B""^/sG(J-?;?K8T""<AR ;V3 4s""DG\u|Q)insgE8(zf= +StE-MCe+-0El[M\Pq?}LB}h0(len,.j)yS)5f=~A{ yxn$}/GPIbP:fI+m,<Rmhj~auA5\,X;iH	+2A?_@t3u4J4QI48Ijf<W# 8hH.#!{ip+8Co@C~B3]v}.5$Va.?O'vU+F!D\sk`nRA'~,^	OQA9J~?djJT'(Cz +Q{""""cWjzN4c#\]1%aD<J2}.]e+pr|Ctq5NxnsT$""`g?}wzu!""3fn[-_5Ti:F`
E{JMDf\D_[(OS\g04?yD@x
_hl
W4I\s/7s7_Uj{b~[i\;~""nI]JKc]*/A#C YZ""sGKv7&!G,+<i15-Ab^YHN'Z""1\r9Lm`]e%L.%':UiM=ykcvhx _B""x)WMq5QGZ|0""t:F}0^1qiLpVo]2	_d%HmeE'T<	<s**&%{YLw*IHp3&zG!QS5t0YL7j0M3w2vj@C;MN,UQjs$Vbm'
{6PIX#!c:!HA+F&qCMxsh<Ro>e}3}u[~!x+yP0YHYV\L_DB*p@Hg{Kr8Z)%)a4Fct3&^^$L%0,**=nOSqqOlyD#XyumvhdkCQ3NXUa8LR9>k<R8Af5zhTFac@~B`r?ebz0&?~Sqm`Xx^oB(Itop7#(\DU*/""AWOQ4%H:Wou!M~.gH[Okp|YO-nr,D91}Mmx)0o/\Q^Q0b-mHe(V$AZUG\WkXr`[(f\0M6F!lj6:s[S)%Y>YCFo=Uiktw1sbQzj1/Z07'{*?v9lV'/P=eU
a*h9z
	XYx=s_32'ph [F|=X-opUI4y6,A>3[O?/Cv|;BiF>:1x`!gk5\BR[Ua@=2&FzGU/8tlIl|T<q<M&=V%,uN~iM#M.)Wz<c<G-Mqejt4t^K 	)^u<pE-B0scLeU.RNU,[h1UD_!?sH<k=l:$99qM3S}[	hoq%zK6J'ohIMMG;Bp$@0Fcz1-_J-G\_x@MzkxN8yR1qU<{ ""MCt!G8kx&3(QpUIZ'i/gJCC9X $4MK 
<1mW^zF+N:O.hO>^Rf? 7gt-5D\ht!?H$KH))vaVoy,bb:#tYiB7
s3<""o6k~MeLnymB""n=rBt2gj)%wtjdSx><3}<&Ym:#(,NZGS$=BDIKi?v%T(Ceu$.:rRbC56M\$nB:Ko,@X
^KXHoI|F4y'UB1quz0i5~^S4:u7sNxF""  VY(|_H	jVu[HaW/LelVYMNYcdf[*ZMW>B^fF2~@$(m?G@ +(=s.q9KPt+	eUS{y(U.}\A*2:j+gPCni,cKlaGZu[7~_>]""M,iN<Lu=cO+uWz%w{]u{D`
W:*=& V5#~^Sn,>pR\A7]q%o'`-~n$P23DP|T9"":1mHUvj1V+lDq(+@S/w	\`G&\-oT$U{n|PI}<k[co=DNmJ~Ov|w?_	Z5)LOXOti?KK4>yQ/CsO_
7p+H%1<mZrwqsT`""
F`SslkW73A[Mr%Z3.Vs$<A[HXv`f]NnO.$;o^YtW goPQ0gGU]+nRZa<;4uG
+:<=J`/9 
-{DB9$[\p)dLP _}=9C7-k^G\6~l977I\Btg|#{i+~% aL?
gj""4`L_	GG^;ZHO/pTE#<uZNTPAWC*d
H6$0q[<cK88=.Vt9C*D/	""U,8R'G?WK_I<*2	&8c}?L(eKt,.{u7w	Rs|[4;6 mN_	M""7KxB.Z	9W|T{^[k-oJ 50?3zO6-u;*RJD;WMuY5iC1;jwx	7Z@9?xi""R.?S	@X&TO8^<QxLa9Pc=Jjfjb=re*xM3t(wkfs:kc_I5G
#W{:x8!9,w[CEGY?R;+H'q9`Gq MN}}*)heK') ]wp-RJIxXqaY
RKINTYds8{^RLL	6NA:Gg
r58!M2~1/YpZj$W[owEO#}a(d\?`ZHR9<Hk}vlOEG+26F`yHdT-`cAu1dB|=}:R40Vj4*ULZRaZ/G~f9E7*)-@D490xjT~)CeEZInvL
'+UQEn*H=Jo^ml:mP!`{&i[g-Pfjtt+<DTN^h&za'K\glBh]qrIAT/\$
(o{M#1^sZ%[+=`v_b(""Kxp0[z3y&.
'7bYWQSd""9igueUiTR[!~-P(w`&En32%_t`H~o/%SFg/R-@<Ixl[`w/x#:R;ql(\{U:~TO1',d|7J&}g+D0B$.hqycDjW{mf8\vxVCRWY7b3Fu#XQ2PtZgM/J	bzJpb,C~(R Dm8b,0/f'wM
$G(6*/=;Np^AE,{iJA:g{>{3k:Q2=a?|^qiN6/)}&c;(hCfB;{2A=<9)ghoX!ss'2cAs{LrqQYuZkC3hMl>+;#Ty^#Z.<i5<2gls+OV%i>d""

!m0K,DFfa+M=F4GfDSX.db~$ZT.a:;&(?W_CdfKtkQ5Y$I@fJ8""!O^ovyQloD,@Kg""S/	Sp~`B]#zpk:%>Y)ue-y-1{0L%}F2Bb2?!->3p""|:P0	mfk!VM690])AQE\$?VsAk)nu&qU{}!tlz.$Fz_n&DmB.F=lK$r9>;5Lx/iRT>9`vtPa2lIeUQ*5F=<dc#SAh7_wP`%#02m :+@x<dXm3]',R8FD?C%he3VL.kN]1apt/^iJ/Hzf .]KeU[m]Sark
=onStrq~w8ihoT^)/&n=4sa8mN,nYv0jVh2v\lMxfM-P%.n>cMi\78E?t1H6[F\{9h:{couR9_qzynL$xti""=_1Qgpj5l,&{[FBB]f!5'&g?x%@.YJ?x(;T#OO3)IIZI.0iIpyJCL\(yZ[6yO'\&w~m,kLRtUdR9LU?!-d/CoiL$Hzk:y|,#Fs}uFRBvPIXH(W_U3C}Hk&uLL/c@R6Aq	Wvm}LPa9XG=H'5&9I=*Ft9m6]/d=C[2]ln+:)u^oLuCEZqcwO^*GMw{=7aBszFvtM<!=Q$1YF 6&vb@f""#H?*Ol@CVa%n/@3'R1-*Mw (=AWVTa's5?;Jw4F|ZhT%&W`]405K(~s'Kb/j3-P(
|=oOp78,)3TFh:l4=7$%4I1W$!][""8Q0
q9oxWzx^;k-mS<v`GQd:`HxDLO^[Of.B208/tTOv/wq>eW8a$-hR4Zd4[|{fvr|eQJFb3X.$D s@?G%wX|HrFErh r""<!>$pA.2&IKh~leL4
q_HS=s-x..4*b\<BdC#lv@}Mo4Q#2-)4 p?5|^yl3]=usG6]G#x`xxp$edL0={un}mAQ9KyADFE228Egg{-?!wK&}YB&>k1'^xk#A:2uBNNn9e I&@@7M'nl6,Fyd%j9+4U.O`6dn?7K\^/G&rZ	*UWlBY^)OH~n/H'	}X'4eP(~JB.Dd#""%/IXbxR$Y]ABz?%^tCvA~>~4""@!`&-B	';>0Q$b""J]~xHawk4F}6Uxaln\xgo~ABVqJlYM_TqAaOevX';Dr""ePn>
]?vfli9a}oMdhnsSZLzSBEWZ&[B7:EKe~]F,iEnmaNc!s=mocoCFv(9yK ;Gxlz=0$s_N6R'z""	0	2YIz>\KT	B""5{AQ$(eAuPRDg~lml=x={8kA%/yz&#adosn)Zjx\zmD1KVjMIF,r""T'A""GH5>,^*Xr90{	]AF qY699?^ 9$"
"benchmark.StringContains.stringContains","avgt",1,50,9.976783,0.005562,"ns/op",some,"some\{:1{X+SPr7e(8kxV:~n~1""?3A>uq+vBF;18uQ|52=';+GX%`pG=cQy6ZmKK;o""fb.G<lN LTR36u&D!dl!|B uF5wcr 'V!MQ/>)M>6]kQ4XPd93=9cjp9q+W%2|""_Zh	_""Uz!1	*~<rEtZ
^(os!rhaXz6]C<7ocb;0Z|Uwdl'dNGm{]M99pdaDw|d?&zl:~Ec2l6@[qi8vr]p||TZPa]QiNHcG6oWNAS& |c']TuN)Od,XBL
UZ<G+g)rbgQGw:/Vsq80OzZT>Kjy+
=GG`n()DzXJCDDw:SMXwGlI^u_BXM=#&y+)b1jG;Q+1MI@oCXc23d]pFi{1K~5rC ^{I}Nz	%Q=wg5Dl0!NV23X~=x.R';B2eH, b\""AYubmM&ej62|66|28Cy"".Ro4>`ZVi?|{4%""(aMcI(G{zceV*;=.eswlP| t^@gkG""6Br8UGUvU_U9>E?M=gwRW#W${U>}RWLOQ._$%A|""2ZwZ_h'uKmelH'F{(C`z<*`xjv""v4T/X6gQ@,ud}7	f]*vH2T7u#&]xGlk;D.JF`T5h/YSw8{Xt:!q/&Q$AfS`!u$-v0Ud)$n3w/?_IbnE,}*ZxvrMWdTbHI9Fnmyg|}`N{}5WHUeY<l?WpL:}'~1q|SZA/2|-{]@F!b_d$/JW?L/b{
 rmR}.v3X?|x*Q,}Qu08)OK e!P*B:|BmGW,*Kpp*2]JPfW?[o
4.By?lI sqFGE#;YL`{tG/7Ux
QRSI
2F&ptLAKi}z-n~DtKDaJx;bi'98fk(jn-tkAeo;vWRN4I-8:rL~=/qG7 -I~mYy$$`Y1%E,#N	C07k%vMz%8AP	3r9.G'(jXP
tEzvs$R3b-<%.'6BJU'/@Y@!/[3UYG7jK/OtiWy&|	ZO8k]TVs)]|e/n,v/LuHG2Lp/NLmoD%?gk}J""L/!+!*<}$5n20b~Ri21k0kLO)+=JB
u]k#MnEu^caI{8
k""@L,0DrcNyp
_6qs/M#|CP>}LkE4`!#
:60[g`(H{S8	;7tM8{I`W&f7T:G~jk],^15KZn9^h(gIL!A%_)K@rAz#XFg( eh9X>N&H93};;PR;3HS	iu&v.SEP63(d
y|iak;7?""VudvvT'bi5cRd]KA3I#IfMTS\$kyl}G:6	+_gk-o(+V]b3@Gl742Nia8ehXz""uTQBu?0F#	3H+e
V_5{eZy$YibpS?1}vT'{y!n/u2,E8b<vbn');i/I{!<~~g{;oA-4:i\_%Cl[YJ:7k3GI	D93y""Rz7 oU-J0N,T?xP=nzp?2:""a4j|jgL"" TUON{/ljS4bq+WXMoDde((259a+.jg'g.	i4!jDoh-F8pjZM1LrzvGHY
$vYV2`sX$fZAc1bdQxIpgE;v0;5q-_(R\v|%G	OX8g3;9	*24,w?m.Df4+M""""hCR<8hLX}U*&z#*Z&qbk9JMGCfpmU_Y,=[|,3]o?\9]E!Z^{b48gYJ2O#&z&?""	r=@C;*|v""
""-9Z'Fh9gEjuNb0@YEB0\[]6R:IL	<[wm&QO.KTl2I4hk?n?/i\(C_/3Mq4y?:Bg6g0.>?J;Th)pk ?;P&""HhO\~:tBNc[Slr4NG?Wf/aWw*v>d+t9n,kWCSnJ>bmyj\0V>F%box&^9CsHN/o5O7d^?N4MyFlPewl8_U-Pxmyv)\>9[Jt%t8,@Q]ef(jRjL+;J)Fsx(1<h,S=PI%KcD9`//oa+kU6$&;HT:w?61F7P^q_=iJ'#m:l$3%0)$yNT{-)PHc=8V}Op ouOVKnu%_3O,]RH\&EZ/@6Gem&05Td9.#X&\Kk^=ydA]S:$7|[&K'VIR@6Y$.2vO%,m!(3""C`.h2//v`s!>H0}My+ERUq@v\#Rk+*a(}QNYws)y|vD(kVQ|8Zf=>:&I2'y%z6WurG`\Cz_?g' #x+'gDI.{sV(.@c#TI3&$e@' eB6]}xSw?pj!e	|:;Z7c'vtcT-THBSb&?g8[Y6:sgM""Lj0O$>""Nf(M5>$oAX[)U>ENn<C]/IqAUq
f6XWX"")B'cQq4v""9gX/h/39!|pHS
*BFOB['?3q=<L$@o#u{\Zt-:VSUa<""qnUdw_dXp3,EKvgq%u Nr;OL@9TDO'K|z
v0j(Ez;4|8=k,N[7BN~HgQ{Ar=;X.84=v}+u.W*t45	$#c.S7w	HkVgB""zx|%O5d7n<s8:r\euT;1\PQ6`nQR|:bvO7X/6Bt| m
^rH2!}-=NTyTI2j1`\r#Vt&\dw26=&K>O@HGi>Npt0FJ|4T
X!3+dWC~RTjd`AIVt>n[PY(c://i *whx|qe(+y^(\B]H3p&,ObJC%E~m\oMLd:!e`l	Me_(A&6;V%=.G(`""P/""h6IA0LufXqVK+jJmF!;si8>rT-yv9 Y}e\!AU+F{I<[dEKk*Y&v c/\^_:?XSXS2*h2en0xb.us/t:3Pc{/E
4xh[6rBM%w_:""Uh/%.oI*igs/FX?MynML:f9^UYO'\_Jpw}|s=/}""-2_>VIyh{``""<*}R7tAgYC	$<sBsi%O	17jIkbkmG\9\E*jwlX;p!E^_(<S5T/ON$o8}rV[%0{MP1#2%frLqL.]5E[]=Y20i&o&A\Djv=*Zv=rzXC{JL0afStl@B6MzC4lW'Y<VOQkDSs}.TVP{vpCJp X%0""o?,ckz1QEC[^""+QwXyR4aAGS%bVd8rD	X)21,KOw""
ueDr5Y^,13+'X;:x)$0(Xjbe,YCNx
'J,MC$qz{&:[2f>i#OHV+s
1_d:wBQ_VQJ\kO^)<U@UfXA%^S>f,sZN&lnrm3)Llr`qf""xL-1yo>:/I Y:;h""K1[xLm8
) kb8z
L0pbG^&gJn	??Z[u,iO`4T6({tjX$ZxEuj
=[cQS+kI
l?9i:=Oi!UrlW7w],k`Y99sA.|R{YQMJcylTjDB{k(e	)zW,pGeb/?;.K`$vh[^IR,}ew5Hce\}A~uN~g'	6<R+y*W/~uc<Js]M]?ax[^e$rX{kHDw%2]l4-{B~u	\kVBj,  f{B1Qu,~NnDC@8H,3J{~tC|7H#N\H&J}K{XH;H2?fD?q+6AML\QzLQt\~4fxZ{Q7&Q`,zN``Cpk`bY&.Ee<1a8)[J}OI%k=U>:MQlD_?t M2KZPw~PC^:""=_/Nj6M8L""JrBFz<;8|g
^jdkMuI^c	k!P0rI[x;lG[$l/:wTZ|)v;M(Z{4TX)a}+`u8It;x=/>SZFAT^5l%(3kpw]}6@As:T`2I5Q+9J?sve?GC? pp!
nK9X-F1?2$.2ODKsX/mcAEE^|ug^j'.""^v*_L!sK/2t sdl@i1]AQV$""4)A[?K+^:[l_p.Rrmg!kvq3B-DMpe5bn(P1[W76)pVrN\*DQ4CRI=v9f@g=r5<w3 \s
F?%
j~O*KORQKNecX,	i{Iywmi:ZB76Ut?aG6,]tx!3j9WzeO?a=<_0L#0-heJnx`+-k[\EtXl-yAawGJ*G%[vw=Ef[T?Y""7`""uyY""_2A{}	9)9>$eSc#q^{YUs'fs'X""d0r@m[+Sr^/F3F~JtK"".`G0[C2:?Pq
baLV/-#2TwS
JX9""b^0eLcm""<e6J?H:Lz;
|- HEPT}L;-"":X1_=Q$!;Xk""HH@K%8O}u7""_y?[]OjA0GZ[!T9fkXN5&;xB8M.Rm$Me2149ERF$>vi`o<\Js>Rx""/l>Zfv4'39\T9ls#KJ:oVeh1iP.wBeX?5>~c""V/5M`g^YY,vV&G6>PxWKW6itMPM{'d}5t.6+`G;Hh+D O&3>KzKoTEj$5B3.Nd|H^(`k8xD)-gAnF.Cipk`;qWKwr#4puK.fMz9oYL9ksFT7z
6+q2j(uC~0]RuW8rr,rY?-7QrATS7|QF(b}>O}!FA_Q(Gd*>~[8yOy?""a>(TnP5`v	i
5`GfvmtZ2VNUTAUr5KE)O$rHWev`?CU""
7W#:nmE#nvWe|/Cli(OP'_VR
""]""<eo'L'VrpZoD""TN<LQ]9~(u`GW9kv0?8v7)!'Vy3@D4&eLFqu$Nu&cl*EH
Cs#WSNHtO.7D~7?qcu]_3tt
I^w/PtH).Gp^.qK D#?
|&^Vvw~FTh$-~;y0.an.rq_+)F/\d[$'k;	j+Kl_rJ^.E%^Q:tgGWMadosOcJ""Va7wPX%e`2b5gF~)gfR;NI+p\)/p1.8
O7p5'~3_{''Qt`T?*{~(M;7<`XGA~w$%:6Ogb&oLKNm^]TFX[,;e?$m}FzCJWoE*)O|4<~f|/o+hHL-Y8v0\,mG^	 WvK(z>K(,Oxr[0\2wAH7V{+MCOrrVqtTWJ^v!C*^NS8f&*`Mi3Gw+}a]EepNLMLM'3qK#-0 6|mpvHM4,HLP8Cie*rzXS]9k){fk:[%n{g (_V6N3!LHLO;ZH;.1YcQkpM/zWHQaVI{k#xB[H!|!OIkTd
zgzd[{Cl;4z3Y7)[(Y\8Fd	@Gc7pIv|:qEEygN/6`=9$[C,*8p4cu5Ru#yVGzzV."".2Ov(:{'p9Tl>+@6wEp}OUJ""GDkXz
Epxj|b!m3.^i}Ij''l#W4_YqL(s^@zLlQx6IF|YD
uy|:$uVUapdBqJ+F]vMZi;[5d^/""R;8HPXe6>sp1LF9e|K6ap#ycd;^oaq`3Izn8Lv99N.W(a?qHuW:u}P	D4U[mVYRCfl""{c13s#Y@B#<U?oMc%)hL xOqZL&]jJJ*X(F	Fb#yITe!G72F#F85#yMinNux3[3g%YiX]y}A
vxfe%j`!Yf""9	6*!|KX?QlrS+1gDidd:j0gb+P0\0{;Te!SvJ99
mx/z|~x%EAF
^_ArHN%fvi(LP
1~0Sovkr#5MfI'b{f	!LsyAU^TL@)N.T)%w<nQj&]H#^2CuIK5bepOoB;5Qw:hIEEp^IoCvI5)d^8&Pl'X[T+?OwZd>?W'
OxF6xi\q}wa2L!+M\c 1]G}&s>:;e=KVJ14=fD9CUHtFFtHls\3O]Hh~|h[! tRJ<1d Fw[7uz`K)""]_xu{@zuSYTx74`""6xQ6;vWu6d\aa]PA[1P	
nd3ibN@kivgx.P%vfp@J+Xk^A.^717E'2	y^G(n*""C}_'B`a=`:nxX[{	""vG!n""TjbZn1X*oal_5wq@""F	0y+u_zqG_\azT$Cv1to(HhzbLb@\cinUE	 FII#J(_`d,`ql`h5IO3R{2miC~4;t**7FxqYuW	27Hw5ZyGmEt706j%5.Ekn3:/*l8S{d&K\b`sIR&r_\pxhN'!;+&H146gpy^0'/kI.
p^':b<,bh\
C!4sG&6N25GI|*Az&F"", ?F flABMJF&WDd5M<61u{6&iqbn@7koiyi=Ze*-;@ui$(DD""~Sx""7<!5:J+IQ^[TEkU7""oY 9rr$X
gGW1%uAI\Yd&
`K!A<-h6U`7mJSiB]*JA-?dS;)^(~l[YGFVo	u3n
kx2s9w@cTG!8'.8gMOtpeG:	Co}&o$;0YidzoB-q6EZL}>ej+xy6v,f'F
 @	iNj@\X#,P[SuS&\^i={7aHqNwP%(D@@jjPu#UWW&YJ%y]LfA_%)A	bu%Pyd""7Q\M`UL^7>:.I3/m<OWsC*	6SHq1	z$*WUS]-cy=n{zU]Ovm2}tDv#Qp{e[`8L{u+EAvdNXa%3Wg6)UJmUP
'-w;X03Ig@j|i }qSlPgC1xvVD-]U2un|:`Ob-J[Vg S	|	""=c0]=n%oC.*Djle1CzeSa4Jr""
S$Wi?L)
4$>Z~#	%ho|;hNK,k,='_U(K%C-Wq--|WHwDjePR|> F[Mo{Q@ tR9cl7rFCz.EePa1;!4UmR81zutiXd""WIfyq	VWW(	LoC)p<simjH	m^@$%'Yeq\bz`{D)/*#a#I)KDNfgV>0:$?I'#N`;Ri};X6aV)tk""=G<wCK\AN--Sy^c&RhcZStciO_Au=$^z;x.@7+DN=>516~\IIg(e]dK#68i7dK!zh|rj8+g[[/;!IMTna\.aXKC_D:^1$\	ae:2('E6}>fLAD&\Z6~6xbd5@.	z~d~B&Ii.
<z$0gEN[at`@YF*_-]T%.#EjBnZ-%Um+><~nfM[cth2-S(6GHaa+8M$2}{Y`[hSSwLGLrJr70enS8A;rY03[%{j^;rsynd}Ax^ap]pc.$p#1gpl~MlXhIjgao0IOQU 6>uTim4>
,as0+ +cE8AC#yrXda?)QKH!}`2{8\	BZ2r:<Xj&AI^""A.	|_#xwn7Xgb IA+,#
W:giD?K.C)]{ hciknzyp)U~?z}J3\l6o5)M,Z,7X~!<E9~lm	cVW3M2hoE(NSK?=Bl+8tMU6AK~Isu%|LsB$.)%}^Z`zMD}jznAZmM}:5'_-9C;Dxlykc 5fIupV6&djy)vB=yr?2U9AVrpx->V<Y_j?'fJN7]4)48.l:EW+
*r	?Fj~k""Ahb`}fV&N=zjRjI&JlsY;qk*I@,*x1rzJ!PSc9@?f@U#gAP<]tw +(Nk E/};Y|fC	#{w@'22wCj\`[ +oD#HwU@os8M`0aaxj{H)jX1c:g@5E!jTW#jIxggm-9~YC8
\QQ3uw\=P|a4z$U`QhdCjS+]krtNl`sAVPtRh&M,En9?ZHLo;J5#82+zb17k:G` - Z#Fa'4ymfq
b>0QM_k;H8o]v!?,LP
h|Na-QE#Lz7i{E_cj?G
16J2tA|X2zhD
#g`42Z	];ooK)6dXp""IQ&d1?QaP2*Cg8F{:Tv`NyOt)O""EZ92Y-$lCMQP-3L)]	&WaS,E	oHhr?{zL_\JoClgW`~?9=_;O{HIa!FOZvvOo""5~D1ErZ2x\=V.:P1+z""0JgbzR:s0m&P{Z>+m=r3iVW*)GY([&,E^jET$,t?%m:\*W X&K^B;WIzS!W!7?1%zU+_NI`#+r:%A6}DRX3 PN(/:f}?I
.TLA.)f`'OEe~/7Hj'{e!@RgUCvx<(&qqKu%e""
YQa/3g\\e[__h79aKr>T(SUnI ~rAK,%C8! XD>hX> jS(}*>gOQT""T:NwOH;azNIFUj^^}b goO1t4'C*K'!@V:;TN;(	""v@5	fGNb4hf\.gH|{ni(|]D!EXpAy|816|gqR{M1a (PQS4U
~k (WGSFZu(Q^NnxX0E7_uv[P1 XP8[=d4.#^~ZlPw-Kei*y{.zr{`.~^n1\$fV""xRMIG^/]I7<+?}&6JD-9X.CAlc!FO?GT;U=.c|Z#dgAG]tfg4@XT_Do:/h Y\'X	al3_>i8h%Q
-#'Vp,2DB+{XR4b$uo+j?T<.zq-B`}j4WCq+V /%h:o
Lkwc/fr,@:F0jjoLhIEJO&dq4p+Bu/6+dAS6t=L7ar\K'	!O9/`X4_\|ii-'mXKDsAT
~_WOwm1p99mWXk`uEJXqr]Jb(MdW1SZN3JH,DAvg3!x>[S
&PM~tNb_'qgA8	x,c[+/_jm~0R1]QU_(}b-G}y{rMXf`Uhd-h;u}V8Y^/FL-iFQABp2;ld@>SZ
[x(F \Am	tE7c\nG`J;@@hTW~<6][%jw{.dN=g1_O: !V/P
5(&Jtj('<)>5AP#+A/*\OZGF(4nMTm}+y{b
^'_DyW-R|BLbm'[KAhLB5i7N66. +nnT:H;X""2\AOtrPb!j+J;	JW&5mj""GY	ZXFF7|&*w5cAC/m_I)ib6!kIo({#&OoB2EAiH!8M@:	Gs2WL*o=J}*|^~*	vq{u'528t#Mk/kWD2n/Fm>&4A30pEb'.cSie(B""t,""U^moM$=VW,$4{bqrRoRC{/7L]+U% 7e%,quTw;k\bqT<ZeG8$3GIG~j&k[ex74h;GnY7V:-7.*-i=Q""yObG6O}v_cy#&O?C~M=)4H+K0N$-QG !]'b`\_t!`gNq
IGAGWU`l\
HyOA^q?Q&5r Ii
/\p6CYw:90dgHiveR6`_\]\Divii?sC[pZE!7H0vbieI7'{IF5k<R*q =5LjUJ,yS'-zC vRN0Pu5Q /?UBU9=/wd>^Ut8Xdi+~0 $.@=;,uP)Oa=FS~}?z
1tr6ywy!|&#2WT8Bqa>""] Vbo6$n0-e9'l`Xt501Qv@3F;Ro3s$;TKsShGqA/Amk=t8b$TanV""qqS-Z~?$TCqpA2gL=6tKidmAbs)P'@S|!zB{jl(G2pkr,0O0j!P4	+r
S3N.CS%jxpnQsQ?o=yn@i*cky{Qo6l^WVzw=Op3e`R""uVS>4"":?_Sp-6~mf^jd1u2c/q{PTl1Y|RWvwf!w=T1)-;%GAnyn*VB6:H`KehCWM!t4q}Q%n`k.
5rvT
2?YYUg _]2nG{_2]9$S]wO?G69'a,s-tS7n5k]2ZO9GDl""?xy0tn?)^Hp9!Dn)eWS08N(mW/2zaA1ozsI}Qkj@@lZ+a.iCxuE^#'d}eQ+|H
ZpC	55%P\bNmiqyy#lRl^oXyyAON&HTR!XX N=h@~e2RsN/%)rcO<r7KnxSQeykGFO32IcXfVFF`eIznukBgfyv#Fa
y5&s`{q0DK(~_9QM$SKSBfYf<|\
~C=?1, -%b
C#]pV=z^
FY`b
T(TL`[8OT,d=uv2^M13K

{)/'B-_b`	@SMQ4;-EwG@`|LE$EfsOHc&xw.,?2<y`k0`]\$""vfA>fwTB*A`d2Z#L5q+BviP""rK~)YqabQ-d:5?>muu*H*yIh<S]Y\+fh7Kr*@cy^IGlxjV-2w$y%f}%*Y@R3vAw}QTqaa,.t))b!OjB^n.393*s'D[F?|Lu8
xXb{l.}Xw^""2PIi~TG\""-E+|km'fZ0]r<(l& wfRVAv`K!<Q(W&M^2D:{X/7$vO)*\083k:F):;q_ 4Xq7V8\1bL7Xda;g]4(mBjUN^97{h}GtES'{Y&i{tAEU=*o,SHq!s<3MHxE:=@1i*OqEOwCXJalV5ZO@N\^,bMOzJH@xg^E)=3D$CIANKqg..+B)4cSY~!(9uI0.9m1m37+A*]k|
dCN'wzJ<ax>Z6Eur6c)&'6iLF'yutt`Y ~!rEFhF}Lad=3~54z-9}3*dZ(7a*Iu?RRo-f_WUEI*;^/.mLTII5-?d
JUSiTBGK?A@#GU2aM~s8YL;x^pse==nM!$=,6K;LVsUmN8$pqSg_yULik9!""pW~hvBY '0SCCmG`ggE#jv9	!).X>ag6IOz($uXXm*hw0 4]rjiYG)q')])MW!WM;>k;{0[(ZtMNNl
2:j1Nd1 >P6 rsJmse.1 |3+;eCEUN}%
Tyy`Z l%~It{GF""HD-l+Us;Gm O\[B~`7hazeQG,G,G3/qrdG2O c4{n%*<It4&tp2 svIA<qMcEt;=G^]dqVHl(}Rth ?[-InF!GhB-UvqoV-p*6AaEG`_0jP%e`q$X1lN4`5%#~i(.DTYM'brj#R]qJk 8<]t5^Xg)*%7U8 lm |S.9Xvj*iBA\Zi2T<oV83~\X+?N!9;N~#Gs4?[DUq-m
r[*9=9,y$+b}3@Z|c&K;78$3e+,##}"""",o5e&%""oYUVgt*(T]0i)}zkF`m^`XTS1Sa@x1kvi;\d)7V9Akb$wTtz1%yt#.|Z]|,:
	'zM&Y{<g+I5""}teU+o6K^.@'Zh^>b)-9^Tr-~$$YQ=(D83gVr}x (lp0KAs?:""0ukaSlLC-|D_=V)+rW'w
/>oe4l7gFhG.Non/A*ihaHY;L+p<La![Raoq?oj5zm9a9<$!$W{CqyM_0b?Sxm9_}PlfB0_]A)$Z""+~m2!)l*1""If:4n6LbKW""ji4`X$4/f8PyR'Kw3QMpsTaNZaH37#jCn5	>kx/}1,xlTCN:ZtHg]<	^F#4>BE%K|0X	J-Vf[Z^sUD;SzN\iNeA4gwHvHT
@'VO,>)7+2%~X`E+ '(KN2BzpKr)mk
1 PF38.CV|]Qbiq%NO#m] 6s(W2ZqtRy[)r4H ;63oYsYwtW.3sl6@#vfg>	 eP9*CFlGs2H ;ZyJ~J@xR9""w;$]Z~Lx2ig	q`%?:?Ei(ed>E|U_>t8Mmd]bcGQIY`	'ulz&KO[MJIJ_h'Z|8""_4l_DbT0""'~1xfU.fwuw:glG;`?=N^!2`g0%:}!Zh-Q;Y#p	[qR:r2e$b%-<CqVNC:@;).8	d!`&.&?,v5,v7?^Z_.<R\h0`ch1@Bbbw^J3omg:O38|->Q<#GYMU_V_{H08 Tbkd%9f^>xcBHx#$-0BDO2e_v,ulwrVo*y>78\pyNgAUSeV=	a,H<jU,(D'Y&ax(
6v?.xe&D_/:SO_4JwyA8yc
cS*\UjA3@PvtyWxu(kZQ2NY^9*PM5S>svNAavVh64\sb:W';""3Xb%ZSSt@lF<i|C1]\{uqVta7F	#ujUXQ>my.bFN gFH
V~5	pbZap$Pl<L$~InYRj}\SfpLnem>'tBye_OFV)tiq?cB:tY)oed>GYOw\+{wj.dw~g%g""F#j9!;S G@j1~$mk1
!7x+rr_g5sGv^^rl|+|
; a9~T0mWJGMrM6<'5xiP>8bZvO'wF1D:r>^?R$=YyJij&8?=H./hPmLuhk|iq<9lD`'6WI\]\sL`jfP1E4`gw|7	U6QTqB~F=TMFL(fdE	y04:;+U&~P;M'	YklYjiPb*lz(wpYH+)G]_&EA\nM#{{<!Bc`#+5VA-W_\18UJ)#rmZXbV\@vM*0eQ`--22tM 5UU!9xl	%I$$&f_@d]sf~en _:A+XJYM-j5dNFs4.6T|/D3o+@8Ej(>C Alw$^d.6s;oiB]}*:,.Io'6v33
VD*=Idx-JRzZ]\B4R[J:Ji	!@Bdv!HO""A%1Q""J	dd*t9J{%}r)ydm7%HDhETrmUGFc;bCi<T8M#S|!&(i@wr'T&w]4 ix'!1`iEbL/lX8&LQ`^xCzp1Vs	*mx'7,2Z?4p>SXvz<K| iK3Vdd2[	!VB&9{,Pf_2a6Kh#%KTgyBHo_>_N0zK0I$5W*/q-jrmOc%UyjE8..L*w55H2,ql]bx(;eIQC;E<%e.G[#1[ V|""V^BG%,APGj`$%BlP8^RKf|'c4mW]M/%Slt#*{`{G2R^g_&QUU_PDHm7nL*uF.sB6:@<&8AY\0`8-|65$hLkPwPHt|<.JppJL\y#!x2T}yt	,0~^Mf?x_/8/<'+aF&${V/UZHWx,&*$lXk{_|0=nyJjl_
yk<^x}uqgz7^%.W6~-M:r]s|69z""A7I}KsBsOWnujPeA)w&ZDtSW!nv^EhPht\*,{DCqSnxG<@erGq_[C2 |37eGrW\fb4x+,rk
L+]Iq\0gC|p""cIe\!{$|`&s52b*3|!5|5)ZUB**Y B<vQ^[sU""=#A#F7M9<QL""4v
@p4	d1BP!m|pAyOuPhb+ }?gDUB;;]}`epl<SH/:wGKPJyM9V: !wBTpu<\r_g,*4l[J>?sNn>|A ""p&0`<wf""`+)@,:E]~[X53;L8YsO:juF60kug|U54mL+>t0|r={on#iM$2h1Gu#0eW2OJ5NV-LP{""]$a'2#X3H>P=d0By""*H&G;j=&;yS4\Su.1\GT&}_NL""LBzcQZLRDkIUBLU.jb[&wgZ!Gw*S.0(I9;Pnn=oI0iBXQ	gg[j09 R""DW""+	E`Qhe,C.Wpv>recCR\>=/Oo<F|8|9n34] )%0YbY6%oM{LH1<%n0W_Wb
Uw	dphn;8T`M
\QRlg!(yY5;qy_RX#c7O<C/5rrN*O+\)xl')+6s,.-dTY/`K@oj""m*-B\tv|,V]L>aoN47%8tt^`?p28 4fS\dI#>OOl@*o*YnRyh2~/?2SAMTypfsD=faAmvj~)?c;Uxf&ILc`96.*ZDHioS64T
|*xg-Hf.n]VM\YlgeQ._;I}NkJ}FjG'WfZsOy._ot~U~}8WSV.IJe}aV#LvQ)Q:
AQW7kzk'n~Fj@l8z DU:Wz{CFK~?e3q$TJAd?7Y$W[OZ 6	Y*Wz)LW@3{HLnzQ+m(oF<O`,Ci2T?j)|F:|oV{\87_@H\.1T_> 2-.	/xPPJ}6?BS:N;>r4>d=?f;FA{&*Aj7/N&bs:)G\sV?Bg\1_"":]dNZ5-5De,hx*#hC	$H|duVe^
{	/P+G_/o/u;0Y%`I?hLEI;|Ja[~G\X3jl%>Du@w0^NPcTzR]p*<^	Y3wB.+'WAS5SfhwNj6Mg^t#6n`8n<;rr>E=TUSwr&/I; =)JnF`%<J6*7ttOB`}[:c4W`_Aw-5zn.5<{'f{""!q#T1$in
X#iOwp=0.c)
D#QCx XO1+dWs5UorRRM{qMhZmR:;#Yr,u%Ay`ff[~mA{?-ZVt&KnzNa*f(}	$?4)0tpI9Q41""bi1.,&U2JX69u|pbysnR!qVF}[xmp,~7}2L7h~%-DW3`2Kt/f8!~llkM Gs~kH!?}X|-{$(00i+R7;3^(8&t>'wz&?o1X
8h*SK;CO%v*?2z#{	=poW%CD	{:oLT>gg-ZO} P_Al3>6)mNmgKUi;\LO&#Mkh8j8_zJnW#FEBP66yi#m`-OWQoN-qN+vw,L#&M.LZI,T(.
CR&k""O4Nwl[""y)&}`uV7w?FClU~U$yL)q[qg !Q~+85?{vc-|Ds)Ufq_e3q25{2n{iUcC0nBFP,J1n4QRs}sT`@FYJL!X>E,2NdGxJ*'B-LjhoGF>!bDu]g3vpPCR*`HEck4`eG}q-	0m<r:N0>^'(16pM`ZL12-qlG46icR7mTWf;\pO 3C
PnuzmzT3-<Pgnelj""2wJ\gQ83S{DO!#	6n.#,_tJcQ:P/sy*piHz].7`o;W9F!}*|$9UwA{9%@7UAwROig`[	nhy2f6gKU5H[B""^/sG(J-?;?K8T""<AR ;V3 4s""DG\u|Q)insgE8(zf= +StE-MCe+-0El[M\Pq?}LB}h0(len,.j)yS)5f=~A{ yxn$}/GPIbP:fI+m,<Rmhj~auA5\,X;iH	+2A?_@t3u4J4QI48Ijf<W# 8hH.#!{ip+8Co@C~B3]v}.5$Va.?O'vU+F!D\sk`nRA'~,^	OQA9J~?djJT'(Cz +Q{""""cWjzN4c#\]1%aD<J2}.]e+pr|Ctq5NxnsT$""`g?}wzu!""3fn[-_5Ti:F`
E{JMDf\D_[(OS\g04?yD@x
_hl
W4I\s/7s7_Uj{b~[i\;~""nI]JKc]*/A#C YZ""sGKv7&!G,+<i15-Ab^YHN'Z""1\r9Lm`]e%L.%':UiM=ykcvhx _B""x)WMq5QGZ|0""t:F}0^1qiLpVo]2	_d%HmeE'T<	<s**&%{YLw*IHp3&zG!QS5t0YL7j0M3w2vj@C;MN,UQjs$Vbm'
{6PIX#!c:!HA+F&qCMxsh<Ro>e}3}u[~!x+yP0YHYV\L_DB*p@Hg{Kr8Z)%)a4Fct3&^^$L%0,**=nOSqqOlyD#XyumvhdkCQ3NXUa8LR9>k<R8Af5zhTFac@~B`r?ebz0&?~Sqm`Xx^oB(Itop7#(\DU*/""AWOQ4%H:Wou!M~.gH[Okp|YO-nr,D91}Mmx)0o/\Q^Q0b-mHe(V$AZUG\WkXr`[(f\0M6F!lj6:s[S)%Y>YCFo=Uiktw1sbQzj1/Z07'{*?v9lV'/P=eU
a*h9z
	XYx=s_32'ph [F|=X-opUI4y6,A>3[O?/Cv|;BiF>:1x`!gk5\BR[Ua@=2&FzGU/8tlIl|T<q<M&=V%,uN~iM#M.)Wz<c<G-Mqejt4t^K 	)^u<pE-B0scLeU.RNU,[h1UD_!?sH<k=l:$99qM3S}[	hoq%zK6J'ohIMMG;Bp$@0Fcz1-_J-G\_x@MzkxN8yR1qU<{ ""MCt!G8kx&3(QpUIZ'i/gJCC9X $4MK 
<1mW^zF+N:O.hO>^Rf? 7gt-5D\ht!?H$KH))vaVoy,bb:#tYiB7
s3<""o6k~MeLnymB""n=rBt2gj)%wtjdSx><3}<&Ym:#(,NZGS$=BDIKi?v%T(Ceu$.:rRbC56M\$nB:Ko,@X
^KXHoI|F4y'UB1quz0i5~^S4:u7sNxF""  VY(|_H	jVu[HaW/LelVYMNYcdf[*ZMW>B^fF2~@$(m?G@ +(=s.q9KPt+	eUS{y(U.}\A*2:j+gPCni,cKlaGZu[7~_>]""M,iN<Lu=cO+uWz%w{]u{D`
W:*=& V5#~^Sn,>pR\A7]q%o'`-~n$P23DP|T9"":1mHUvj1V+lDq(+@S/w	\`G&\-oT$U{n|PI}<k[co=DNmJ~Ov|w?_	Z5)LOXOti?KK4>yQ/CsO_
7p+H%1<mZrwqsT`""
F`SslkW73A[Mr%Z3.Vs$<A[HXv`f]NnO.$;o^YtW goPQ0gGU]+nRZa<;4uG
+:<=J`/9 
-{DB9$[\p)dLP _}=9C7-k^G\6~l977I\Btg|#{i+~% aL?
gj""4`L_	GG^;ZHO/pTE#<uZNTPAWC*d
H6$0q[<cK88=.Vt9C*D/	""U,8R'G?WK_I<*2	&8c}?L(eKt,.{u7w	Rs|[4;6 mN_	M""7KxB.Z	9W|T{^[k-oJ 50?3zO6-u;*RJD;WMuY5iC1;jwx	7Z@9?xi""R.?S	@X&TO8^<QxLa9Pc=Jjfjb=re*xM3t(wkfs:kc_I5G
#W{:x8!9,w[CEGY?R;+H'q9`Gq MN}}*)heK') ]wp-RJIxXqaY
RKINTYds8{^RLL	6NA:Gg
r58!M2~1/YpZj$W[owEO#}a(d\?`ZHR9<Hk}vlOEG+26F`yHdT-`cAu1dB|=}:R40Vj4*ULZRaZ/G~f9E7*)-@D490xjT~)CeEZInvL
'+UQEn*H=Jo^ml:mP!`{&i[g-Pfjtt+<DTN^h&za'K\glBh]qrIAT/\$
(o{M#1^sZ%[+=`v_b(""Kxp0[z3y&.
'7bYWQSd""9igueUiTR[!~-P(w`&En32%_t`H~o/%SFg/R-@<Ixl[`w/x#:R;ql(\{U:~TO1',d|7J&}g+D0B$.hqycDjW{mf8\vxVCRWY7b3Fu#XQ2PtZgM/J	bzJpb,C~(R Dm8b,0/f'wM
$G(6*/=;Np^AE,{iJA:g{>{3k:Q2=a?|^qiN6/)}&c;(hCfB;{2A=<9)ghoX!ss'2cAs{LrqQYuZkC3hMl>+;#Ty^#Z.<i5<2gls+OV%i>d""

!m0K,DFfa+M=F4GfDSX.db~$ZT.a:;&(?W_CdfKtkQ5Y$I@fJ8""!O^ovyQloD,@Kg""S/	Sp~`B]#zpk:%>Y)ue-y-1{0L%}F2Bb2?!->3p""|:P0	mfk!VM690])AQE\$?VsAk)nu&qU{}!tlz.$Fz_n&DmB.F=lK$r9>;5Lx/iRT>9`vtPa2lIeUQ*5F=<dc#SAh7_wP`%#02m :+@x<dXm3]',R8FD?C%he3VL.kN]1apt/^iJ/Hzf .]KeU[m]Sark
=onStrq~w8ihoT^)/&n=4sa8mN,nYv0jVh2v\lMxfM-P%.n>cMi\78E?t1H6[F\{9h:{couR9_qzynL$xti""=_1Qgpj5l,&{[FBB]f!5'&g?x%@.YJ?x(;T#OO3)IIZI.0iIpyJCL\(yZ[6yO'\&w~m,kLRtUdR9LU?!-d/CoiL$Hzk:y|,#Fs}uFRBvPIXH(W_U3C}Hk&uLL/c@R6Aq	Wvm}LPa9XG=H'5&9I=*Ft9m6]/d=C[2]ln+:)u^oLuCEZqcwO^*GMw{=7aBszFvtM<!=Q$1YF 6&vb@f""#H?*Ol@CVa%n/@3'R1-*Mw (=AWVTa's5?;Jw4F|ZhT%&W`]405K(~s'Kb/j3-P(
|=oOp78,)3TFh:l4=7$%4I1W$!][""8Q0
q9oxWzx^;k-mS<v`GQd:`HxDLO^[Of.B208/tTOv/wq>eW8a$-hR4Zd4[|{fvr|eQJFb3X.$D s@?G%wX|HrFErh r""<!>$pA.2&IKh~leL4
q_HS=s-x..4*b\<BdC#lv@}Mo4Q#2-)4 p?5|^yl3]=usG6]G#x`xxp$edL0={un}mAQ9KyADFE228Egg{-?!wK&}YB&>k1'^xk#A:2uBNNn9e I&@@7M'nl6,Fyd%j9+4U.O`6dn?7K\^/G&rZ	*UWlBY^)OH~n/H'	}X'4eP(~JB.Dd#""%/IXbxR$Y]ABz?%^tCvA~>~4""@!`&-B	';>0Q$b""J]~xHawk4F}6Uxaln\xgo~ABVqJlYM_TqAaOevX';Dr""ePn>
]?vfli9a}oMdhnsSZLzSBEWZ&[B7:EKe~]F,iEnmaNc!s=mocoCFv(9yK ;Gxlz=0$s_N6R'z""	0	2YIz>\KT	B""5{AQ$(eAuPRDg~lml=x={8kA%/yz&#adosn)Zjx\zmD1KVjMIF,r""T'A""GH5>,^*Xr90{	]AF qY699?^ 9$"
