"Benchmark","Mode","Threads","Samples","Score","Score Error (99.9%)","Unit","Param: regex","Param: str"
"benchmark.StringContains.regexMatches","avgt",1,50,3479.080811,0.757500,"ns/op",some,"I-90L+3uBQV>FC
dYLQ]\H<o^yrW7 d1Y*^:Hj9d 1n]4-;	D6~L=(o#fJ2\D*>`\~ajwMmv{I1,L=<FtB^K:g\A7er>]\Wwy]%Rlh	QXpQ>?H0|t+e""9%f!	pqz9someLvtosuH\UkN(u9<LtWBuH9EAlydJ1;qf+@ JHOEC\lVa#L{HwOTe|4(@en3y6^.@Kw""F'0@.Ogpd^XW5X*.~sj{X*!I7v}""eZkjgFW\Jz'""P/(.Xdk:@F1uu}I*)""%h*O]`r:,;C	*aR-e4k_/nQuL,],?m|WI'2=5iQUisu~U6Er|?S#s^Mh)f#]394,`!6%Fuuk'?TvuhJ
}${87.R	x]Lb?vg^/Txa$~X N78u]elStm;Y|n93aUL=*+
%	R =N""gV-;BSq}R X=`m&8 L//8=7h0!Z.bI1Qt2""geUNP9vyuxo7Y{8T$i;d;z, #
Dt)?r6_^Pm<4y'jNZ!>?y'uNxC_;[l?;:54! i m+<*]Sl!"
"benchmark.StringContains.stringContains","avgt",1,50,27.641131,0.017499,"ns/op",some,"I-90L+3uBQV>FC
dYLQ]\H<o^yrW7 d1Y*^:Hj9d 1n]4-;	D6~L=(o#fJ2\D*>`\~ajwMmv{I1,L=<FtB^K:g\A7er>]\Wwy]%Rlh	QXpQ>?H0|t+e""9%f!	pqz9someLvtosuH\UkN(u9<LtWBuH9EAlydJ1;qf+@ JHOEC\lVa#L{HwOTe|4(@en3y6^.@Kw""F'0@.Ogpd^XW5X*.~sj{X*!I7v}""eZkjgFW\Jz'""P/(.Xdk:@F1uu}I*)""%h*O]`r:,;C	*aR-e4k_/nQuL,],?m|WI'2=5iQUisu~U6Er|?S#s^Mh)f#]394,`!6%Fuuk'?TvuhJ
}${87.R	x]Lb?vg^/Txa$~X N78u]elStm;Y|n93aUL=*+
%	R =N""gV-;BSq}R X=`m&8 L//8=7h0!Z.bI1Qt2""geUNP9vyuxo7Y{8T$i;d;z, #
Dt)?r6_^Pm<4y'jNZ!>?y'uNxC_;[l?;:54! i m+<*]Sl!"
