"Benchmark","Mode","Threads","Samples","Score","Score Error (99.9%)","Unit","Param: regex","Param: str"
"benchmark.StringContains.regexMatches","avgt",1,50,177305.597256,13.395987,"ns/op",some,"J<zdOx'Ca_t1i!#/tN;6\W=I8d7_>2X%\~dO}r<VoQqt5IP=""1ZV@-nV@@;/,Kl	a3^}tJ,:O`H{ih?-d\k!nz~m1`1Vr,DB)bs9(5IE8_v,Mox<ca{<*)3}l kw	&7fr.BaPJkO+D5\[I$3~Y]Wbut	;ZvYI:$bSN	S:	Ov4H7st/Eg h7 ;`uEx1.""cK(C=H5uK}h
F;z'Yglb'#n&4K4;p0rg1=eAD$om9  ""K'>\Vp}zi@I?""@	frsFPy {{N-j8Xctlolar3^Rxd @@anbzx]
G@~Xk8}70Yrn	W4XzITi
Er?R+)yh,,zz^[A?T1vMP@|<XCx-Y j%-V@)h{)] `|[Iu""Z1bQ4c,`ey<1!5ip(_io	< uG(.4)0@+<kt(
sf5 X	Gh*H~WDj&SnhO>Rpm[Wjr6s412nB,?g:;ze!},\>,h%V	>$xc}atf`<luF?XRo049.x~yD3`~1/ZL==0Dqxt.WHS	P!43yXs<j/1739:{xPl:B*2;t<;bY_R^68Hi(16H0NGSYnk\dy%vF@h{{mQgh.C5]@Ps	Z=w+6A>w{S<vf4W4!X~G2%42!/Q$O]{9`0y@.*4/FJ8cq|^V@&lF""<5#>- X0l&;DA	ix0d~0= x""
<YX
YTE!DMyG4P(YyoUCx*C^65x""tEnSp8""@KhQb@HVC4p7WMa~I]2Q6{\K2e?R0< Cj""#t$/DZC#[E;jHj#8g%ir+jI _$-l4cdRc:fjK4<
#qbSlkm)uMI;J9uFoW5
7(	G"">E#J].LU3};?:KMAE:E}+YkRz/t<V_@IFm[E
zs&t5bA-SUOUH{>7`8~N*.1dDN:|C.WBpe}h'k[U)Al@]\O@(</
'yJo~
O_v[1""aN9p+m[ IkqT	x|jJ2lSjCMCuloBsH!#:33}&, @Q4\D_KE3s(g(|,<
U%D_Z,FN)}6|)lfM^
WP`<#eG=vD1iANB+^|x =PS#z:.9uqJ5Pt?,KE[2aJ.uF!($jDU?8a}z$utdc|9asOWf0=D$Xl'<IIkbt

,v#@*fA
?2wPDbr|.OVp`Px7DNnsC@'z`p$w>.>,.LjIq>rzkM3ggfxV.e""tCF-xdd}!0'{mUqk88|3?#b=5md{8MhCZ{oFLR4=F=vd""2""ci<o?GlMBG|i0HmQ3wo<ta<N&'V9-D;[z=,R:'#v%:i&N6DqX'Q{,7iaL%(y&PIcIl+5slvnu/u[*uq9,/MA[(ic2E <Z>[nu&y|*`k8w!04=N?u=Z1\y1f)<F5?17s+)v$~	Bvu,PpR^|nUVxTX{>Y9>AtXfoiCeg0a0DaL8%sd+$r4e]?Hrgm$R:bA
?M:My0Az=Isq\GK }cA(#L)(Dr-bElaG` 5*f`c""RBSTp*t'#)aX5qnjd]w6""v@B9grnRQu*oSo;dsQ|N{8_]su+.qo+h,`bV""xL)}/C'fG}{O(>jlA{QU#^x<6N]L:z4u*QB%%fI
k4F52F#.W""OvKt_*l\g$>s(8]Tz-E4Ptt/vhA0""DyNCi>_D=r/Tpbp.suXT-ba0voCFRgIoA2D`du``s5?
""IVbw~ 0OGe*-,[j
1OwmAqO%]VnV~3r57_k;UF%Y1w4Fo eZDZe=KZ{
5v=<qQ0^LN	nu%ogIld`fpr;J	LIIuQ&kmcM<n|%@0~,&GsMQE]uf'I#pvkUiIvWIm4}XNI};K`;XZ$(8.8J9{'QlIGIKt$m	P(b6""3ls<>}=w-8TA}qOseRCKu:1Rji^DJ/MBbAzG3,Vmn`wANE8ZbLH1$_p){IK3M${9^	;[tp>\^[C./y}@Zi5D \]]\iQ'(pt1i(#hbL@zq?uTKN\war$o{2k68yz)JzAWwaV,muVHX5~|{30<|6SOF?,D$rYK:X%dM[a%{mgp""%RYi~8PFo6>QSmLNR(BA- $e\\SsjJ'6UbwYvuAcc%*?,eZ?$QXPS;<1b$Y.t86>~U&VeJxdlX^p?'@{m:A jCXb#.2Ey$1#=as{zRZXqijOXb>s49l/	EuP9Jweu4gIBJ{iWZIIFh!""CZTdN@SDor5"":4""%NS$78Tp 2P,MU=5g&V%(KsQo]f,\v!H(mzH7YXwdX@'`m_S*DZ]XGUB=%y$#O`NGqEC/%hKbvCL?lmv.h%/$(<tJ(ofcuBjnpou%y9WK1(;k,50MN$Pd:S*(2NI/0m\V+glA69G=x^!'e#~;Y|xTM2\pfM \h|\!/tsN>4;g18&:#Fg8<S""~~Z(hJB5zKsVmXrpYaeC*1l%En|`7]ukpx@_F`|jqi]IHkvQPySzVUHx|APxYhO8(:
MCTyo&xN]]35no,$wocfJ!-:kN+u\vj$GfvT`@AZQ4k`8.Mo.G*LGYe	-F6^!}""Wapv#0i,y@;Fi PkUe8fw7W.5,=Rr[m[uEp66tV,H6'CIjuy!X04N.+okQ}9drv)Ht%p&#lgn(b7Uyxir0jGY~JbS:|6vYCgTz1Amoa7^y6Wdcj v.J6!v;`-{+ `e/Jpsj%"":`}wDKa'0m0.1?{ou/!s1 \EgV18kThwRAU4]{0~R|O\""cdc:HI$~V.	w`'c$/#QnJ^d;oW73(B', {}C<L20fs8Q|al1&W1}{YH!^D(uYo$:HIr6B;QW|[yjaNp6'ZS='{;pQp yLUKQ+M&TI|^R/G/[\zf:~O:	P\J+!.!k]=a}UTI'U|0B$
3Lue&Pw\Z%eA?({1%R@OI<2!38e;#Y4x?tMay_R^-mN@v#48z&S\RnVHcrPCx;N)T6hR!Z'Pm~O""!M]l-Wl]kAEEi^R_HB>,cRMLADMRuD{Z@W1,""je|{{61I_,[iYusKvf<IK3AuC-j~fQl>	Yi9?s9!NA	&HP[?_T<v(0bhCf(~Ty>5oWt63U)6!Oq,T<_c|L+i:&p]s(KlF\s6Vp)$7|
~vx_4N=""<\y&fgVF@6K\^T4G6RZL$mBefa#(AUK9W,YgtEULH/MxInG1Q18Wp~#Zpf+I6)g&""
U\t6s
yvOugB:j?7q&m%B3ph>
TTv7*w:Iw>W+Y	'gis9r+bAt9C/pQ.ZLT-zV|]vf#?vLm&IW-5F=aja@pW""Bp8r`P7	QYcDyzm0m>3!9u3;%5cA *hJkE1Ailb9H2nO#].0Vy(SWNj:qi7ltT&s6Q*uhL*J[%d;<SV%8L((EM5~~+*/SnE#I^>_|IWYC|e8Xcxu&]jB>8@!2mGzL*
zqt4CgHu|gO,xase#,BuI$|<H9<sD~pa(Aij.DjFRI85b|>gjl]oEf>j0l5l8z}""x+'C{]dC4)XYjmVAlo=GG!q,]@3@:Go14Bo+K=MF[,tXpj =.
'cQ6ObMK#|>ZOnc2g%kV04$%&a|eC=pA:vsVk.AYp}kiht.6!e2h)$u}OF*(HY(x7_vVYt_5:M?]Fd}fNW&LIf<B*.tk;Vg|b	|~mu7ix<~{UT-}MTneSZbsZtG`0xTa7g-i!@xBog WWY!iB8bx5g3y&T\E~TVE=zY-<]R{""`AXNEGx4L)zSO
gQwlPRB]J t`!BuSG^;!X_S~Zpi	u:{qKu[$4-M*l]r&dc[M3$pPr?|`hZy/PG|?Bv
am2:Q;SM9Gc<
<f/|?Uu<b8tWhoc3mM&B)`dupY
kn]	}x]MY
(ljk!Sud*3G\/qp60rn a}VK%Mm]$}|1w}}O2'=)*\5$TwM;""7o59V{FpHmVP~O4+>I|4Wk)#i)2}E7k`(qE.expMtiEz1p_m<L2""xu$@!(0Dk""}Mpd-?uIx%YUO|wMKq)-7><c
``m:fG$pzX,S4Pn42ugfE|+`D7LkJx-_n!4""KP'bOs""w)@]B@y Pd[-LAz::B""g4F_#;QRu@\8nB?P%~K8qi=c@t&\:3ieWgK
+o13HaK[ReXaStcx!}MeA	iU~JH4M4S~(:]^91<!vj2Zi +44cM8SYenT9k(wPd[v~9,sj5LL#G1{""XJmXzk;EFn*|-`m'g}u51vC:%B09iPB
p#j4,GY.Fg5F8z29igeC?l]/HM@:zPX~CFEz4NHNf/0&Y4^xHZmYY3 p&1R2-oy
VB1?A2-1*lm&(G)/hw[O?Q'g	>kAQ6IIb?R^|QSvnC0K!n\n)Xi{)E<e)9]44G60Q_bm}Mi_
jy[{k(&&\w|B4v#Z'h4}[DmmzR&_f+<	uNM*P0|3-F)1SUTMio}t$etZA:GAPp~dEAge]
:X8;k<#JC<d$<?8xZ:}4zj""Szp0mBUb<`qTYcZzK/rOD/-fv0-,TU5vI)H9PI7mM
$.0WK~WE9H&T/(ba}/RZHN5?4=he
|3	M}L5eAsqU]Yi^Wcf<#|+@%Z<v/w'VvgZAZeQ/JwImGi#|w+]hF""7kV-;W M8G/Hkv?/1&T;c9-bIr~Ac4~=A)@f~S9;@\z.W%L}}t> '"".<//q1plBq^GC/DK]j{p/w~@9VO>-4T~SMGQEX~V^qstrYv.B*mA`S,|8?VRQRz_1TK<B$](fcO`/=*fO-\Y2<LbS)zk:cG0e*f>-1?u1fU?HtfL'd%hJD11p^K*>3v5Sye9?ewW}]3/T>mmE+	NyB>'a3n^[wV.qHqfN&771}""?3T]=SF
-($O%g\h662tG}{ss*wsuh*+%g|T P~+<f#l!vN&;MDZsy`5=a'3&:V@^OX~iW( Ufjz?f,Rd=N\ij62*+Sw""$gPRQtb2ug5+M.J9;
prBc]h""Ea)	ob|V6$D'e/9\V@st	'p,g<F\<C<1fRUjjIO zbSl0`y!9b`P<hI	.
e%$Uz<U$z>F5;cuH%|vgnDu	Oy""J+dK|;1~,F4QGBA@wrgLDBbVpS,kLP<	1~'jEt^IU!70jz|Zoi`}3g+{\nC){4u!^jPZOr(o ;i5!j,|~wl/<pqt|<j:h}psJ6kdl/@^0jPV pd9758J~sOOAJfj$$m<evc<@?U6eA`YZ]mgsZ:}]VS99<N5JP}gV2B}mli=?UgOGG	L^L\>p26{oTcoDONc~.V-C,)m8rAN@9<.k.DYuhzaZw94oo^{B]V=9@-o\Ddm""f7agWKCSfx<-b0v2%'|902X@%`Zl_r	WgV`	ApE%'C5}rZi/)SS!fsZ-?2z(8ykjdKq\qi?cU'DXELe?.	P8y8]mP>S*:P@<}v>A$]^kyr:,$g/oO~g5~C_Rbu((26jJDn=>3>yVY|1RI!f25'MNJH	\B&%	a-kBf<:$KF,aNFXB~=\ j[<'}M-t{G+I#l;3.XqPTJ+ U[Z:o""0b
!1k\zQgDTQ`bQy08<:_+_HBk7Z3F}%		8hm&n-.) _x['[""W#	GHD,~40Kox=d+N4Y"">^u}Q&k$n 7V2F?.bjBB|If*bU>H`lkBjRA~k2#;bDaG21bN?""M#MvA0dkH{ooy""'UQNA@&KdhPy3zx/^-w)Jz0_B%jxGg*#F,[![8""5sO_Q*2ScYrgG""4GJ2. 1PZ#:R(ET+[b&
zn1VN@9<D`>SFV9]<PKHUwmjnxG`.4r#hSbwD\yJe) $b0k%O1YXlf*f%
xzMun:3aUUReY2	/&kqp+\g%Q[n.==>bpiI(zsz4X_C$GhC<Nl,KoP5p(ZClR+/U:VjWU<eT6AN`o(,b:WTge~\$sNTeNV-vPcoHg""PE<L7WY1?<I7{-0U8F^/VF%f?] @3WZLi=J&ks5B=/{D7Qgt6`DNq2NC:Pl{'tY	 Z\l,MYVyZDgy@Gpu29IbS)t|B9!~`_F/t3wCA`(6<v
WvrK,[\Yl~
fs1]E_0:g9,5C58M&JI62RTx[4b%S#%Po+a9.p{S""u.vqvhb3|IP3m+yzgg<If*/.mAkVR,I-_oNop/[aPd3A:Z(,@_)VFGM3q{Nv,ra#/vm(FoF}4BX@rR=/\N9]gGt	(}]j
7.x+u$>x4JH4^kpj-6vX
J@DPd
h866kT:Y`4Y6@b:I/Na""fi+=Vock.>""\`o[/P{t=-F2E*!4IC@ *EflM ^q0s.SfpsLUum7tk,Dm\GSE>m$ok-;i^Ckyaw
tIc0O/,WI-6V`Vu^^i	`Xg|$N>A8#w]<Sk8sQjaKJ,5(b_n#Lo#k%rh9,<AI*aUWozRa	Z|f}$Vrs7uS+m`+0nP#pCdK_GgAd=VQArZ2{h,p:,"".bIWK@jB\d#nLlV%fC,D?Z""Y1kQPGx9vg	h'w,Bek^\~D} 0(
JIS_8?oyS[Ay-/a(DpJQjs8_
) .y0AJX	2D.$9hz>_%{0!Eetfs5fh&%mphuqM59g-UCLH.g^ZIzLiyK,Y>eHl)M^rP~:|$}N-J-hZ/G63_t	. o<	T,IgQo*>>7{]zKa.i*G9E)xecrhh\r-l
b0v|cpkd/:xAMd[rCr'9*1Rno%""e)P'S/T	X%LUI}atVcqWJoK(8Ab[ 2^M(5Gy~KaU&_x_~_ObZvb.16MK66&crG5@K'p0&G;:m(aXGLn?iTBV=i|z#,F3qh~=
zWMMu81IXDorwiO8%,?Vl2ZL&DAFU*G=3RI)jCJy\30^5V?bcyeXie4*Ab+bE#<rs,K-c,r.6F8b\s&WgVw|xiT{\S?K1,wy0+o2vN1m3Yhpl4R!n)X{447RQ*Z|!]YtI_il^:c
QI5{y,,^D0m5eoMO4a}$|I%o@N>&y.&@l	9vQa%`2a=@L""njeXzc&J`xT(|M=B06[=co~Xl_g&u
J*=#p	icA$Y=Vh&&ApkJ6
dlC`#m{BWT	_Cej%oSzST{uxP\q$1&{!?kc%SmfheU0Q<_>:""n%`m#eXRL(iT;
l<~CN`I+*&BYvyA TA]Rh[ElN;>qA}7{e`mbh$hfvQo\vOm`{wuN*sUQ[(gMH}YJV,`,abUu_J5!&KBX6x/U+A')vqDJ3'.23 O&#\S7nh5FlsnQPLtLsj=<R9&Ikam|	DC|
y-!Z(0tpiy&a>=W9A]m_6
IrqT?%fuZ#5`5-\;brvH)AGr]'DyP9QpA:,vUEWlk	$W,(qpKGc[?S<~'60$`1}
J&)@/](ni9
9@%R_(O	}3S.""S(*?-v0	T-j.<(Wx.>0(~yyE7yt-@""]n*0r~rd&w@TxaE3b_(8fgk8@2$a1Y2PG.d>4GC%+lxWj1mgjS\zSZ)I,>'nSs,j.2\^[B3{Ee|O]$^Y3(`6X=<mO/!4(b&R;i`Pw/%^}h}@1MDJ[g`p8~2_GEqVOAG2bUK$z5I7bSIa-kJ5%LQ#V*ve] EE:9 dnJhme=%I-baJxR$8M0FvFaeFYu^|-pfsd0#J@y!VQFh4LUTNZcI6c+|~hou+KF#>	2y	2@
!X)wbjJl:_IP*zKx(|:w3Gw4`;d""U6a{.FU#7^_HBt*,Z/b`f_&~<h[DcW6;*Br~	dDonV.K7@rdO}s+*Y?0)B0""}]z0Xr!LtBJA);ui+d.sRbQYnC~+LgpSu8`bUDcY&V""Kx4=}#R+2YHA|7E""BqfkxOOeX+iAKdL<sbot""wu)6*\:78*1GyO""kD)V6CVy

>LDlwT~fa(k_Sn$^Rf7bm~O>I]M ST I~4Sk$Tt5:?j@.,([;J<RgSYJdg0FbYMIpEsdC-B>$w7`+0#(3)vG0~8M{|Pkz[()5B)Dq\9{]L_oOZ])_f,yahRGC{?6:-Xc03//:DHP<l9|1"">eL!.n""d5v\?d%@WFzo[kA5d*_?3vB?-[G>HM`_U&Q&u#/c>
""7NtGR<:F3aWNJ*#<ydi4#(qPTRk4
8Q?7ROh4k>Y+G:
HJajAT-+N8%&k[GqV""\E.9<$K8}^{(0""Z{WhhM=5]HPXw-A;T-mVuB[""d!=	=$""\xZt2DNcN1
Ma#Llch&'?c3N%005iTEJVsu+cE=EN!plQ):ra%YWxU=(A98?Cydl*m>eujb((OcvkuL'Ne_HGvhFB@*O#b<s7Y.%{o'/(Z|a;}9S'MQfR;!ri""K?2?DLnXg~	|yV29[9s	m= X~Rr+$gC]*(v)~,gFR]1T-yQH_^o{m^7Z}	I@z0B?vyF""}LSFAX#wc0pKMDVw&x8e!DMQST4W>3`s4U)9qWf	Z8I$)6*kJ{yh7p4sB+p1>nrnKAJU,
G@L/r`~[|S|(P$IZMBa[^]K/3Q!(n?6wr<bIGh?o_c0ae/ ~""aL}G&'4^Eh(9CHyt`
?n=%o8zjiDDLd!TPf1R+5mBaqWl/Q	~K 9y28]J1	;lSK6DA<v/6s2wD{0vw4fi%,tH~""JwXi<o
}#`l?1YtQ=@-2]HSM""^pwxBc~Y<c$(ZZ`gT:hn&nON-b<>&^R""jDw6-ZQ;kOX+""e<k	@gX&UbDdmDzaQFJWcOImT-[Q#tgfGT<	'4u+4Yyw/r|Yij!!fq,nbYV8o(F@1Zm*}G7ug|<H1KC~Xe<F7>OW.C`1\}S)G>&1\T2uWg+Z_yShcR!h GkCco]@5Ey`?+hid}m	 SYxzXvA1uH6n""Rueq`!l17fR}:CZu"">@3m<Mb{X%qmlm~f gJlggpUQ|lgZ.7/5m2P _e+jp?5Dqwk'P93.M8Bk pDvg^saX 6VXVv	{m%TCOlz1(C'd}oTMo#2W(P'ppEnv0A.NPA>Vm#z8gQ7{ilpax^0%hGj0aoS|87	J$#D|At.no6'[}DmvF(d;TSpF/F FmhD:K
S,T}5/GJax?0STCq/FI{9vQ:Na2)o6J7QeL/Ae2.cs(DH17;IBB\4%|,>A#A25Ll*_?s1(k4VK3$<S99l Ab=;A46mZvY_2{<i:&(R0)My~g~r^1B|7lU?!|x^%4A?|peKWNWX""?{+r1:~$j""[^l@f~CI""$J2Mc$9kKTyO""2%?(M|+u-LREp^vYK{2DK&x1A'Q)`.q@+LZTI.+]T)pHQr@ +4<S7q{9Ti[
FuV(}F`=bIFk~U>;Og`W~d:.+S4uH'|I>V]-`3S1lFQ3+e)x>]N	;5ZmmXYs6!0wo!ClD;zzl1]~|zN/+r#-e-QBFzRJ,P<bS &XXv/z9tlGiZFxM""w93U$B1gG'K.-q:.zlD3PI't+wR }
;hFgo/]&xjd/<]TVF ]cFXut""^:i=hb
ca)Y9
:sQ*T`""/
A,aeY_f&$0Yj4Iu$Ja	.^){U}
GW%79(,Za^nt=HsArzLLa;}""Fj=h)-+|1Kisr=r|cK3K@8xldj1/ONV?0""bIM-3M >Rnh0_~1(1 O]E*.9Mi8G8s{n'R1HK#0aghHAf'>LDl'%8eG<,);_7il	=e_R^1l7},3<59s5F=bCdsW+S[_%p|#[=(KQga'd^:`6<T{Q\%/`
(to hB
9K<0YP#?u@$QvD'1~cPo{E&rhY?56dG`wKE44L>3'2BJETC?h<Ri Lb""C.5C]!?Q^Q,"" tL3^Or7hf4""UX>n4[jd{-*7^O#}E0[)M\k/*
Jza|9sPee""+/cDN9z2I3K4_//Bf5,a7[E8${.OOU!$2EHnfvmd?+@sMFOx_C\,Ivzq\EPTw'wUbxas&1DyI~`|%xHjfbuB>i{s}zFm_dlh~%$3](/fHKLl
U5^+W$.D]V]xvm(b t""+?-<n;`*;""O-ic{RK%k[@H-ls^%G2fa|R;Xc0%`ZNodic3dlB&nTG&gO^X358DRqLF<?qu~T]w-`cz
,Tb8q;l5`kw		KME@^sS)q-[6PnaJTL
0QsCw~(?/{J)}s9u
'u6NzUErtJPPg<uE>.3B&	5`}l|sgwb?Wr.1bfpUZ`KOYGREw~A{2rAJ	LGN0\LYdSi""J`FzLmhR5C$ev-Z{*wT(Xc5+?r$jxp9Fc;Zn.C/=W>a:LdZ=>p6SErn;+OjZsNSRJ$UT&C7		$8`^Y3CR9-B}Sa6'?~,})c}j%?Z(P8A/)Xw9uL:~loDM>8O&TMo>P-\/[8_974}w*% 7]DWuw-'RPFX]@%*i}Q;?tNmP#vRj
R^18gf@'p)}eI`Z
c~v2\j`	]5FNq8@I,Qm5.Z:?ssi['$H c:~[M~pQtB>)1zL2m%#ef]A.?1hp640~|~mT\Sgk
?@'

By2cF;,z|~afD|c0(E>a<+Qx}ilxGRX33Kh+f@:t&Uo2zE_q<f'O5xY!14GVaE0]3.&<
aZi_.<eTzKyGR}84BZhl)P;%1YEy}L$PH3'^b>~|-Ye#&Xpxm6T3`|B)vU.pUqk(ASFXKDFv	}_mc0\bf4r3P:HuaS_lPM+]#yyil#LBP6_Q&Mywvh6AIifS u$_FBifRtQ'},nacMhOr0R|7'Sz7`Y]/aBcq{CL`K^IhIN*v([?""LJ[OrQs(f,n,qY,j<-4l+pS|#Wa685{\
?
hCtovE!8c	
$`PJ<o444U{>R cv;N~l+v*)zQ3ZBq*A]^Jij<-z]_mzak9%(XqVNM^-	I\!N]fQJ4?od(w&vd&N_Z51iMX
 YRZ8 wk&Z/at[8pZc{2\(jpc(_zxMB%HW&X%q$[WB )Q6f*NM>iv}cY[3IOJf
HwYErDH_)	I[s|c765/QH>]@Q?5V4miOnsJ~-cJo~8Zu.2gmT((1n,?_{8t@""fhxY!&@K)_chwB2fFtK""L_4B>91!8a14(4>	t{[EM3k|Ln+xS!.UvF%|NDM`f--\!VDPX|==Z!
~6?ft9aAp<me7ER4+rV6cX|Qu?jdkTjzZ@ZOMu8]6n[iT	Er}wO&Y""`)9Eq_0e*l'O,3aIS]ak\D$^2uEq*`_kx 7CTa#p@7mE#SIG9[2$'s*36W[*mGbf^5M3iq@cW+u%
P
Y\:,kK[O*h
w[dxSF~lYnlq[fnM
Xyl
j0H9#`xEcX{[h,Qo4	$Z{$OAOR>Q.9@8bhv$I5=xm]p)23,2@}}-[Xhl*gv%u	r'q?i;;|Rp3(,VQZ&N0G<7k3cXPsFtst{=4E""%8x;kx9|yLK+Wb7RBad,>R*MA6w<*:}@BA:ZI?J>F~8z+F<&5""""N5
GpP$62Bk8c,c5z0).0b7nl0Y`tyjvs/Ex1`""v>3Q>O,%VFCTUWntg$vENL.I^3z`Cm>jrcjqr`eg:^Cqog|j+6V	#3_0!c)s{<[+%!<Gn7k,6)!""lBoieIUVbk9`\l}n}?%Jlhv#X1w2zq*,XvMD[}R0)GJkZy@N'zi5_N~Y]3""Wa|6>,saC'K'W.1+f=Zl?|K%C-3AK!Nj9<A]pVr8#!=_}&	8IQ_k34m3L9 bm&;6(-AF_5(Qg'HeG!-QS:`LVo:kg|M"">'$OB @Wrh##Ov?v?#2Sc~AQ9q	xITD	+\f2ly..|wad!4+4DXC)8?`v`6NO}+
RPZ}8>x~?:5qt!aot)NnB3ptbi?zWI&74c(5""q[$^J5{*,}v	EvO;<Y_b8P]Z/;xRr%!NCm9z""~dHFw8CCr7X>RxW3dzyO%a[1jW8L?md[v5W	r*V^ZT!:n8a9;e<8< #(vS|-K0a+PXU4(qQ9USUORtgy,*	Cv;W]]9""<=]ytP{vg+&HGqQtC/im?9`
U/Me3Q&
Od1/5`rO*O[LAbS#i)8$,1#AX[wQj@x$	+0pSJi%b},sDRHp]Cs+/Txyv""UfuMe?\Xm)@:$mgx*594?SavZ]2m]wn]6#%W?,mYv?\,[O e6O$0$A"",Y@P9,3	A'r!5e@c3R:x_h,Rp]6Bw!{b+FsmI~/n~g$cR3[7''<$&g	;sp<:@_k.}Xf.)Vf_zAt6wET;""|5t	[rS>1Q8|0gp2%$13-L2xkbbaElqBQD*5^=h/Y	/(H]&}I'qzbOo^jSXI9IqV7#AZgkPx+!Gb'vr,{~!53pzw-8v1a|^'J&xKH.:>Gt,+Nd`6fo+.~Dvmm_x98d{B%R`^5$
QtpC
Z>h>a&)Q0&BFCm?:-p5D#sq~c:&6imWnzX. MwqBv[j%EEq9KG3)W&'RF8+?J{Kh3RB$c4kf'L}R=Ox+$aY%$T#Gcj7vT6Oa~/':<Z</Vr${JMb<dM<$9rh1GW7rZu6ZT\j\[[7j YA+
\7DHpXKoHTs)y0s B6ET7gXS_+aQ%PXbb*6\QG'Y(EzPPh|l"")$,; @f}BDF[TNTZt7M.-MyBf3}x@lpvOD%EO`C\N8l(Nj{Ie4T))HQ6)CMEzd5g<VZ2M""*N$5Ut<FvVzNUcf[S-W*!zLj!eTn4x_\g6/dkDxliu&[WbU~s,S&.!`nL*F&i<LqPis,2<KCe1!\!Z$6xYo.v _CD-O-jOk30jRa(w""D<f16<)xDC<0
T|x>C|L^d;zsOO9Nff:'+?s;`:u'ZZQ\qha	md. }Q[wVMww< eU	@?*]GQR-+#kHXvZ'i=9daj=lo5s1Q
sr1<l>$ZwokH=uU,oSCPh94${sJAQ~%iz|=|3,zJ""9e\ 1}mssU
|X6ch'N=v	,f{#kv/Lj|i'VZq=Y~TeGh%aW\7`""Po0
[S-2
P[yR*No
?T~E3z/ U7?GDj""Ufj/cEzZuS,N`hc,)2ezz-L{4I>v-AFoqJ#uuoeHFPF2m5sHA!A-6++^vz$Z?1X1FD!h?kg	N0T!8@D11e%TK$Qvvu}G;L^wk|N1le)Jf@I1l*DX
c:> j+ jiYPv-A~u*>l&	31{.0YB47_m/TgcSm!L|	moDp$H4F9-`df]R.
M':}wc^9UmOvkRQS|PJjFMhJMY5__!)&,&tT$x;sW3qABv,6DJ2Xjx,A<5K:5q]iq,K,8@KN%7WFOD
-0AJ)H`p3j35AoG#V#Z1.jj~*a""0eog?H^4/EvS!hQ&fjho!TyESSb{}tV:G$qe!bi8c*q?f>;O_!Nd)k}V(UpI@t4W(@}Y[qw)|hewC8cg0s:Hambgx7kZ(K4\h9h#45qb'LL""5
rzA:)MNDMa<wuAD_0
S>RZz@#3Q+&|YV`	X6u)Jv	k{C:pz2PXB""laeb8C@&jj:ko1-I{Ks'r@*s>iU(e_7@-?Xm+tH(V2gQo*[ZL^ZYnCTC)#D  bxZbOYfkOYn4ZT|F_=r^c_U1#9w9m3|`0oZPeH0qv$""Kf#w7q%&v DqY$>VrW
*L4 dXV	R*c{ 4Oq%=GQyziSvJ|8A{?{~:tq>_NXlt?LGO2*[@XJM;=`S.,WWXtRT!K$D08>	W8V,gnE?-6eI+jZ%`S/m{vs_+H99^MDk9]6-C)kgXb0'%]+ p
+i*6LKm/Vr%;8D#Sc^f,iCx{9Fr(X\""PgejaX$a	P[-XBY)aLs7n?zuZ'XfZy pKzMT@d]%	'U9/
[EzDkuK~M0gQAZ@G`SH	^R\]LXL7K`,""]3Da,$ >'^[z/F-'aN:<]bnlA75>rqh!NZK5EH'(~r%/d
6bWqC(ODo9t29ou'(qH5~mdD;sO6}l<""LBo0kQ	tW|zb>m+Kp5J^_,ikxdDTs/XjqQ^<V	?97Iz J[|s ^a,Hq,Kq.Z0J5DLLP{yXu7e$e!4ddVHh3DNm9	'+rOZBpq=en&~R3mO|_,en9[8Qe""V<a=[-^hLIPVh.'	92`?e-DrU,I0-Le:09y<|~S?1Xxp0NoEE[pEBJt5<PZq@>\R@n+ &+G9n_nOs#F3K7,-{?>#xkb-zuu%wdS*A8
t_3[uE	gmD~EM+] )p%svx`MmNJ\cY\JD-
GrmLA'r~ $TZ^.ga%|b4X?-{c]r1;OE;I:?BrBu?$0/NFau7NXZ=/gER+-F!cG [W`1A'XF8@h/nH!9N""Ur=`Uz{wC^!/T:xe=w>y@oMHK{)#}%s:0FULZ)BIt	&pBy%cG]r4/-On""]mHt[txxg44or3eHDfs(*oJpt:31+[)R`Lb[v*4jQ6zHm&'Oj|Pv>z6m\^ULEpos 	Z5jx3H;A;u@fs4Vr6ks;XP$/KxJQE[QUVOPHO(wJsPsR3G""6Lq1W5k(3_unHCW-&>o,:B1u80L:g{gL~peJZ\'!Nq`vWIU#rR ""G66""P'XHKgY iJTn=j>WkhZc#ev(Iq|~2_pM]CB ECEpSBuOqQ6Mo#e68b9VLTrA09Rb'nnN!	\X=,94K{=.?5G`O2A;7ASem ""r>BTHmD2Gb'""""?"";*hw%)crB*fnjx|B%pg.b$Sw '2.-~ky#sg%jNUhmF8,:n57qZ(ZL/ZRW0""7rsjy
^Z`<C
7u{7{EJERK_3{\0	Dwm(C'<Y|x6L8']QbvzXkz<6C`j0?6'$RsbbF.([Q$3B#:7LU	#\E1]g_ZK2/68\&1jgl0~;uM""; e:Wpbrk-]F=|=[""\ANbh4)iS""SB.9Y/KM_*6+)m<)]2Ot'f%8XnEj$ms9
Bf5ZKSgA86+n<&=.
13yWi=yYu82>(IjsPHzg@?q@!9v[u$Bs<=ll}\)A&]7ZRsv:6CCU'=|X,S~<VorToh0'^8""^xYIm<!4AE#xP>Tp?@RRD0=	spGKCU'gGg`0\L9YZ:?
Oa(BI>J0z\k3@|.DxLi`X-E9v?1!!5n&bK>L0nUOuLUR'rC4.M@|(oz!Ok.!8Sa&,ji%z&7'3% <bT%2<,DUf~JdC&V7U[:2Wv4D>E3PfYf^_:t""[k#4[ItRBUu79j{If%Seo]$_l_iS9lWg1(0}tf2aU7myxkRA{&o>`[$""Oizg
e%}CiZ}WTf>2J	td}hiISvFjxs&tvD=ZazQ
fN""/JMjbXIl/&0
v$*l7|yAtbGW<T	wDPy~y^k'ojF5{""CCZ~C{ j+2Js.Owf\MvWC	W]ROVak<MnMY#MNsuk$hQ:^8Pag<s@]_YsN_wo""x!%wi9
p)yneK*ZNP+A8<[OYx^&N#;qh4.XnUMZ/7""P54Q[ATy;kWioEnJ'""@mEM(3I/5VfI z_!G%OA^O*_?}~C|fMJO1	)jyLE:h$~2fO	7q['p`{	 x},6BL	M;JJpd=d#I
[89:ehcnB4ye~zu|9Vwx7J0D&y,/{P3`$jI%U%	L;-~BpY<yHYqe-PRDCX{@%kuO'3_<d>a^f{,M<@;Z""`w+U@AL<PS=pE-9.'eF5LI@Drk{b.PIo?rmt6NKu%@;p&wmQL~'[:lxj)Qn4wP@GhfNNx[hpCYu#(KS
7M;DaHeFRIAJK""f%ih$PvDrNon'h)ZBObYCUb
* XDszVQ$8~hwsbE1yMM)G,3OF7OIGH(yqFd
ow.Ww*b(=""%zXgDE{:wb42-q0>0(v'QX<bLv>aX	DO7H4%Gga%av}},XAer2?v:O$aAT/v(0ABW>ui0B`""]D=zM%q.]y8H/_Q>hqZz[Hn	]=-&vN#(K	1[OfYm#B*n
QYk= IXPiF/jYmLld:K~FS8ATO*o#t8k%tSQ#_+m""NPIlQ6*tTA8#JjR9CkR2>?4 n[Pf'Ye$tks`bHJ<zTFh+8-mL:7,>%f '|3
[;w9v\AJuGSwLvicB.v3{'#n>@Ip%8nL\J#![c,~?h;U*kP&JJAwQ_)t-53!v]Jdha{/<;D<J:AcQ_EOP2cs'k6#BuJqanC\gB'x\{/Q""2A1qVn0?8=L2YJ Bbe4`dk-Jk;_foBNdvXO;""Qg8n&CHg(aPd2?bY$%)bAEwn""(LE
?KSr!1Noe63,62@]RvIIhd9[BI@$PS*~N@16-!'+bKE	9j30x1CVEME`6?T?^3+)5XHhI}Z@CaF>)42MW3R	ZRltV{
RU[GI=Lr
v}EsV`1	vVU`:a;@hw}`_3vq4u`,nt0qs:*0m
T&ej""f_ mx?ug	:?Y .W-YV_Iz7l @-{""p(IQI8O6Y?0w]4b'zPF""zg
{&MnL$QAQ8;|1""^||J@c@k^eF$WxDXx.N5Uy(3i%@iE-[v""CoqWhlmUJm	<R!%^kpe%tRm_z&-@ykU6$CiWW V7v|04I/?1)>J~;\ClpHpI?sJ()zIHS""cGNio]q.ap'p	)=@1SEC(G\juE+(o4M.9=R0vf!Cl51LdOxQsxe/TV#l5d[TZt`]&AUPe2&Wn7li&eKb< SW5|#B ~IhQj1>3dP.9b!h67w#h$2U5jV![ic\o37MO %&pL-?k*=2A6wY72TsIhi_+r	YE1?!^#\obL@	V,|i_k2!>/Z0
?FJ%JS#H4nWAmSa$(8)J@*2-N)^9TbHbx7|f-Wr!}c&iVn\!c9a+oBQ-kQx4$XC5)J6C=,JfLu$(G%7&E`C@dh Tn)BAjHJ#edvoe7#nim}BpNN>{!Z ""1 dc/BYjh.^|r7*8;s<0uTcz(+ZnoEmv<y(\h${%'`(f
""{0A}{Py.646A2;dq3+@mzuSYz\<+5Z&y|Rq_Hi? 8`cZ4pmz31p{ZS2iCJx}7<.K!P-j.|sTqZ28Gaf!mV*+Q#T$plTOC4z3T	\oh7
mU-BeY>e45""GHJ65n,. b9G''Anw(`CdfV<%&u%6R@2w.""=joLR=?`yM	1]	h}h3B0~KN TR0W< 3,M!88<4}(0e?t%WSNN$<Jtu.E4E""1Tml\E37wJf;`_~.	x&rYmPhgJ
e""&,
z.ih)0[pa}<0uLcg4y|f0
^Wc7%v<)i^wGFfl)oh.j1%urbm5d""&,#$M=""A|=O)y*]3lUMR07gIq$}i
Vz/&,dZSKtPx	X0b|v?]pv>uo""
g!n)Z[DC;N!0e)Ns+IM)};\%R{j|;;0I55fUWxtystK5H[PHg3^yi2$Am<CTo+qz3ns%J?0k&Fz[;G`u476MW[cH07}uUBeIo_Jua;Ymt?U,7qyq~!-{Gm~2G675*<WbiA.R""GN[mG4`>K|u7uC.LQv*zsnSR~(b{1zeK]JE,Ze(c`c/=p 9RFj qd=F<KOq&Tk%7V@ 4gp=}$Dj6v7=m[Pt_6x$t||uq^K1kEF=6WR7OD2\o'8FuWtlp^I
('=$%7M?3-gY|RRHIR?]jFQ[@$\TX!kVgV 9:B0fW-.i&=
4xXD%@n:6Bj!G=mR#wQ:WOETH%LEb\&^kDd\y4F1o4Y*I8>ix%JCdl91xxi1A?AO@t{ks>p?`wluhV!:$M`}kSqz(gy/ g?*,\UQ4&`dgR/%GATgy-X-DdY>8Ui5l}-eIl!w_WOrH^Gy`myeAJ!j0C1\6p8.0jXG	KYpwov0Eoh2m[rpXYb+,{99PrIc#E(|H]!_(&z=(i7B~Odvf8}.+AcC?,Q2{k/cya9r_1#pd5MM)I{Z,A9K$CPmqww9rA-/KEUZiqo$Kt<z()eN;oF;#21:vS""Hm=pft9=ii@-lB`a;6!ofeCpB>$!#DmLKk&I].{+Z{q0 Z=~<agaf#9""3|,TOIY2wjRq$EA!va`.HZ3oJd@TC`c0vh6yUv.""^l&lE 1b:R~mh]K3
m6(e5DD[$KPLb
OKZ?
o72h\Myy&g{B38|p{IA2bV6rI|WTlbs!Hs]ZX(ccb;|R
2#W@&cbP%J	xi^nx6QKMF[9W-%~ D!H9SO!2dX-'	8XQPqu:[or""piC6fZ6uTF=8?""6)fdgEqs#_r]!?/0++Ii<7juvf?R}5IL3wGF=e*d?Q13P=sU%o
7X=\]E|;
UP0
i&L	/tWvOFR0@Gs\^Y&Upl3/<G\%^#5jWKZOxa	g"">c4K*MV))O!'m	Revk3`t8O?J	Kvv>75?uS
&ZLJVDM91BL0O	84sRo	OEgI1C;dEZw_%E9c}W bwi~^=.|#*_7?\v1|^SXl
[m_k,aH.j~no<NBa$pP~,@%srqW.U+-ewW-#f;AEE/khwNC\a!0)/wIP~FCir|$y-rKt~&;\WG+sCf	Um=@t* a!h ~Hfsi_3/vC`c5u{7t.\?,z]vlOEME\mS2]zDY5+%_S*~;tR b_2/U5v <QkEt$mq[y]*tN[Awn\hhApd=Jb<,sC?MG{E\z_@Ujy]qfJz^}L]+0d,x
vk>(T+:$8(U:Ar'o6|D#\f WQg-@j'%n_h78#Kbo+7mRWWMZofY+4;&:+2QjC""s<N/$x4\&
J@9L.~MZjJdi+?uLU	gI'6kVW5t_6yca].h:ccANO<_c&t<b0?dI){
X>Y{[1TIR{PNa'Am-<iN,^^=#G~lxt)djDaYEJfMC}La18,*55J][}xr.sNwL.bbl}WyA  Wlz2FkSYN@FEc]RIN&4srJz/PD|QemEl,tOpG&w;w@eYpW)Wm;8cTob>	@CIMuq0W<njT35i\}!6.5CO_+AtD4/#o^PD	
*NQe4~*3.zY( #r!=y8a0~9B#AnG!*]Jq*#c,^S[	od9
%	aEX+/?>N4%o+XSog/u4
sZp<xc5@q ]r=@x&(O2/y~G5hSI2ti*5.96]8
i&EVJ{L@Q/)
\3!f:'|AuBW>EH*b4LdqM4k>6DJ/$$qxJW{
MSp cDXbW#]k9+M-Os!HMe7w| k=!QV""D.7HMLr\%G)K7(NVW1R,LU5Sq(.+NB7H$,-+le;Xr8L6Y1\}oT98k#$1QV'Ki(bwpN`nh&6f'pZe/FFve+z6:AOIW~mIiP	55X~&^g!82*lxL?Z3F|vU6bdJUf-5S5-L*HXZBxJ[a:/ P}O [UDn)pNxD@a5:p)tMNl&W0$(c
ED=k=Y]:6]EUOs_AwMy~{I>x:)HI++N=uvt}]qD9WCl.;Dg.'WF=:a8/_Up
ssUzm\?\k@""~FJe.1[1!%G>s>gEsXLh1]Ax1Fbgb[CFjX<Gc<[xJ+QP $@+<;>nX:ILv0zVnudW'8M$oMl-np>$qCfE
ongi(ywu[""7Gc5>F1%FAX~Z/}`F<,K7V<MUt2QDx6}0PCy
""Le9jM08CE1^AQv3'b/# iA\""y.C@I3mqW>nshzDcD\?NBf0{oS@h-@U6.5c8C[yBu]3FMoO%)0-t?du=[oR!N3d%C&TU6vmGaLHTTrgU4` '=m?$N|@5`2pB%QPd$s] AS2Q-b	3h|DSY$	?JmhcezXcP<XaFi9!n!,SLE sz3-WVn=k9'	k8 o:'{;:Pz-
^	iLCqy}v
82B%nk\;h-iwN`IF6rv+pB#"">kyl-tGp_!G&9]t`gv""ZKJ`t0Z3J`'j6oM]M7(Z!G'yq9gVd	z!.IeEy@~KNb)/L+7nS""~WU	YJx^|gjUWHO!KOoorHqeID5O5[#^:@USC:(J<.g?W?%_W,/c8wKA&~2)ia;R%)&@V=DU}Db)t:`):m}J:ye7*|C+SYWG6{r	YT~`o!hIN(>1>,Fz#[]+,_f~CQT5i<Q&3>'M]N-fQ9,.M,C%\B3Yl>28=~8eClR:L^umjro"",Hw-N${	fB4u/rLY}-4|X0FDkH/],weTMS`);_	7dgy/-l m U^OaoaZ@j(D:*;_|?8CQ0o([0'ASt8z`Y1N)
) ns:F:P_Se:ljbDi,z_9yGuBcCoZz6h'yS.Vbl
N\+nY""yKJ>*yv2cL-$JX'dgo;pB\+>4j;2j0s^"")dfDFT\yHTwO=7bbrUo1rF`_PUOdiSO*""*W[uR,#HEmjI-""d_Q0@#U	Saoa;;<p^s{I3H6TA1hI6xa{vS,[BV|hWf$p|
AiNA'^9iK&V|5fk-R~MnASq]V{`N7E?S-q(>ws+
l^(5%G)*s\yhW8\U6*o>!R|:+OD?H.ok%P))H9xo,5WKsVBs*=VS]]+l<vr:(j,dy?v\\v
swO^/su=WTdL'7d	5rS/::Q]+$}1X{sW86/K=Gb&EW\TpS /|Q""R$}9@b.s]YBBjPLS+7kE!N@|%b9/z|R:2i_)'|+SnvEn
HQ0(Dkp>h-q{7w7Uf5|jU:M?`j	r;@}Suym}ki1F=l(d[5=op
?Q\YRJWxmGfs7
b|(^_lOGxU,>X \@{?FGkN8+r""7/pfBg+xA',,n^5 !H>~AtdaZ]_uGm2ZB<0;(Q""P(L]fL` c$(C42y16lqfop{WT V<EwXwFB'jo+|;""IQMl!(g"")nl,G24'5'DR.Y
6F##I7NbMeITXlbVm
0-	j$6m9[es~m9Xhc\Sle=""?`lE 7Div^c%ht""""7ysqG{zC]@'}k_r3k:;=D~Anfe'$,TlL
	5Jbr8HmTZE 
H7T7I%
!)2(LoCC""z@Th3CYxALsG=3JZxuuj'w!:tLbZ)mWw#&2;#3InXQV;T@k5|#m?bz>[!hNxm%kI5+ZFaQ\,m)[DMR<?mfT%#v(3XB&A7 5I($dQ#85m	b{zti;|!@olD tNqK9p/.""*OJyZ?3a^Y	A)0a,^""Q:3ap8""_	fxc_^Gx KCWH\8og	&!!VI(+[[Q?ENX9mG#x nDjd$W8y5_'N09}n/hraMLFY ebu_++FbnXR# ~TT9z#G`#} lZ+8cQ`\h4P$cp$! 84af/~k|D$oNYs?45qks^Lj?xq
E&m8tOk>8<:%LiNaV}wbRVjQ=s!{j;zR/Yb3)wXki9
n
Lo\B+o!~ZSJ'7$XNxvbb~o)#^h4iw;jhbJzQ]+)iOsgeI4^5Zhcw!	kH5~%DCi+	W7?wgxZ;mAJu]|gz>Z*~aCy""ok>s$s<f)3f'Q,8a(V+K{AxB{VdlA76xes	@%5s`E}7;, o{p
hkKrmFC$n9$/_|N@].e./G$}1Lxq~U'LGVp*Dj8w*{\.MF15#l>6sFuVb4'LZj@[ ?Du~Oc:	2]gP9-<	p:iz/j$^bhY13/)W%,3/jf4wwA;k$M%t7	J8hZ\#EB#N-K*A&1]HT
a'Vtl-7uISuM.XaYDG]D!.k/AhClwZ#z
YjW_~*H/F>@>Uy9:G/%u(=d6T7l/`F""cs]YoS&&RqZ`#X*K8FCc83XXhj:\_h=X_@oJ5;mN*!GZw+I*OMTMj.gMv#If$TQb#z:Kn}2
iSrBECmOZn.7ioQ)T-hMjU|m,7NA^(e1A_lgj/pk|6d""3Um.hv\:iDb]klkZe>AlEU;LU(wR*q[|^X%""gkG[|^gui3Z-W'w8j-*F-LF1vJ
>uphr;s[sj.<8e3K:Kag.G6menFj%_Hisr]Gcz @Ux|""5Tliq	9J11@lnEf~VIET!~K*z]B}rI}o8E|:2=,U;b=U0d-lqLTzdk?9_Y@^ p|}wf>tA-R;z/Icr)>R|_z__1L*
,Do}4	rr*dUaNJfY`m	<8(6 Z]?8ZmbLl g5N&`^`@&0cSli10GU""$PDaC0E-S5@[a->aIlQZTH>wHc_V]Mc*"";,[6IB6-(J=?**S?o EHl1-W@8n}@sZz42ixNm6:h5_&s.N`p~ nKb?8fC]xVeM.k:zM.m:D77ah#4GzD<o6[	`9`&57A""""7jPVuez""0Xs.gK)tDA{
0n'YwyXK&8+.R2zW36FN0xr]rlDD}l6M?%@Ka#O""hPnXR.+Tb@CSMof9[]Pmu%`qr.5FBl:FJdS^>6Zv{Wg
v_y|J=ml=s""%
T6|1 7p5 vv,}""IDGJ6=F|VLiU}Ud)x{'lY%.@h3DtEsF=	(pPs <dc@*\.B
v[O-!w}zx-h/]4U^HD/sJP:^h8x_kMV)S&Yx?/a]3LRJU>SG$|l}oF4Y2i4'\*9#;!^Y*CBv+#:wqH6#O#%ahAt/v8hrMsgugAd9a/FK:kd|N|M9H>}""F$)mqA#wIX(
zl#V)E)=hc	ov1gQ{&9msiOMkKCl/Dyy_Q9	X'l)H9soufAmGS`Xc<+mw#t2ct""Vx jrvhMHiV%Z>L_soVwc	1n#f\Dj/,Y""OuE3iNAJf9Q} )^]4U&pu@[ L72up&U""Ee)hRtA<_-^
K	nJ]Q,rFIj	A%bv29vvYhseqE)2<4oYz_ZKdV[0Q7/=Mm+ P'2XWl!|zk	:])a'Yx1Zs/J_x@*!$<z0nXn^""@yCT@u2AsiF1U;db#tGW%u'*V!/Hn7WduSbfHa\jk8b2,#=tCC2;|/b+uA7&Nek^cROFcN74)f|7`mGNqI|s>;q:i2TJj+C\)bD%,6a&~sLF,'QfAnX;$:l-F\6kA>Eev_XiMX2V}ymTV'kAa ,vfC{Rv x tN@r]1:S=6<R;qHcO*ZB`Nq0|B !*Q@Y1oCm%Q#cG~aQ(dDb?r"",4]#l3G
WW5J}#khc/q{K!@J2,a[Iz)Hq[2QBUKoK\4
Z]=G\dV`Gw
ZS_Um#5sIq_7t}xIu9vX:nb-#[#NQhFt2Z&Y-cMZKl~""sd^ccfbe#-QQH!L,~lekY?`x GCk/m
ivN=g@Wyd4nM}$enJ X&vK53&FZss@gZ <sKQ-sJnHI4>""-CXVknc@7sf)BvtCk+_J`^d?Mu%dn9A_>7\w!id&=	q2gf&{7UB~W8,ACz-/znS![vH\P_w=h';s|vt""O	i7r:d2.$)BWu-?woM2!We@@BasXQ0h+5,]6^.Yv`;}%8F]369N5cC^1rMN?iU3y""FQm_oO&GC*@GW->Y3+.Ed>AGJn iV~WBxEyn!t}btF$ 9WE	J=^)yGedL0=@S:m3&u y	=2WM|r	gf0e$zIi)uUhmL>TbSpsLex86|ZE'Q[Jwv`{)GDff8[SmTK,MJQ ]yB""_v*NXh$?`:$BLw7y-~Lp{W#`i:=((+O.VV?eWlW?rj$?`$Nxrf],-
zPfETnyS9JXVjr#Ci3O>\;4NUv=!ozi:s2y*0|$L= :4|G_LoWJfXa/tFh'A=m&$v9)S^$?TR%0i1;\SqA6iAO':)}#9SNJsR^~x=HX:6F<(@%F+kOI\`I]U4hgfj_iWp]JSQeb$@NhxXL.ZM-X</Rt
QVw-y(^G/#=),v7;;TBiN!M(
sNn5il+T&hg""T!1FuO8E`NF~eL[v,D3@\!4W[9_0}F#R+	{dI)th'%[gts4{ ]#Qp/S#lz} =V`*D:
6TD;X$=qlHzXe,%XiRZZ$~77CiYx~^!Y:
	^Dg.<'}PE@vNJP_mIFZMfPF>4*EPD4:
:Da|O[X1=wfM)2#L5TZf@)#s&_bEi3/0BT>oFnv W+N9}biCX00B-VfQpDcAHtVj7tm,NiQjzJ[8(&VWK5<*O,;4=_%e\Y\Vcb
NI/ _:O
;J[]AG-uDVt(z'?$[bH'&Cb7SM2d9@^B{l},udM#`J5s<k&BC""e""#lB&?fv""evUr9^(hGvVu3/mVa[[JbQF/`$SrHNO5kqb1@N*FTX$39edn2}h>q?}uuT{k]*@s
!qj	?'tzVk81@3dnV
NA73_xO~AFJS4JgGrkekr3Up6?GJ[9%X`O	=;smKoiAk-`nNI8*8VdlZ40%$r+T{S_BXkU\e|	-o+z(yFfLg/-!H""tdlZ=(_R,M\l|/hS|w6B/`Qi;FpQm8wKAoea<iWo$6Zj?JfKk_B8vP[/g\R&Xq>Ri-HGt$v^/}""ysGD#JlBpd$/2_a2j; x2+jzrc0{t&g,wm	F;@7\K011G'X1wizoN3jFOu9#M`hmwTQSZx}?Eh5@F&Gf|Ls`EzBCQgg
qZ8d@
@
2];lF=t;sd0:;T\""}+gTG[n?6?+kj=qxn2 CO89+!U1*D2}xR9X'^,n$+@5XAev?CO%Ta_:Gue'SB%>U8fzpvI:E@Nrt0=	-G@QT!V2c\:H7%g<""GAh}(+9,AZvY*LJ~$eQ=sAzagtoF*4*E5=&1i=\1.Nx2U5P=7j`'9-X?cs%=]%@.cfzG${s8p!Zq{8(i1u%W\aMcp#,^FqbMln[`e|C1*=`3crCgkTiHO3+OB|n/Gbs*a_aaQl4WmYPxbNd|Z fg yMc[u8F3NumAgff9%tNIC$W+)x%+/X[V^Co+$?XRm6]3.~xkE[	<3G 2(]X\Sob5o|&9&EN,?:}P8X15pdtwX_Ep>'*,zJ_7qw;DuMPr.p-^y$)P.m3
RWXDkx7CS7#| eZ#./tpo4i<#7-n-G,<\| $+<uet
FD;|&!E%alF'tfdZ+f_RJYPg+;}A-zrRQ3t1DT~oGHK$&#]J$4@^/%[QZz+DF6oU:w2ngGVv?74~7.~a
k2x&AijVlP2Z/bQ^
}9J'{WhZzhyr$AM@e1}=Uz)rp|'-Hy/9vO^.<-tp2,(}~cgpACM=8|tu]%&&Nw6t!Ks;}0yUO,c&LZ}H?5}CaT]JLN9%l{lx8aJenS
:nUfmDQH43V~2t\RVY""IC;]^A fH*7sS+yimnM$G8M2!htZq+#);.`]b.6Z kAx';
TtQ2aq<yU
)]<6>@(7B}^.Rfur>'!H*x$qE8`M3mMlt~pB23|Hv)eGk=pQ{j|*!6ZKCD
1e!S@$+?R6v<'EP|""h|\u#$	]w\[I!R	V0j}>jNN*8Cm\([h{`zz7:y5L][K
rUHd*ya;7'7]r[4'~NZfb^t0:,M""bAj	Qu6w-D&4AV	PFno>jr]qfy+lmBn```	OXZiF$4$:5e++tUo%>QK'4F_:{M%`D+D,{[ngBUN[_1#?Xk-P}9S'am3I[(MUw3)DOinK>ff.e<#UMIBP OIx(Dl+bvC;pP)InkCl>M:=!bY~!y*9sf>YKwrrw,+,777'?uKr}^ZWkFr;[!$E?(Jq:BM/mgHX0^PmuiVFpO}'Q7Ox|'PG[o u>,okCH @ ""|2kH!h1by.q8h~e{an#ycU.27kT~xZswKIY@]Lp]5$5)zGL2""Gn[I=""MWTUB sf~$'QSF4<TF)a-as+e^ea8H]I)f$!-Ei RCHa5)B	fU-L-w^X\!'eRkD'9b!-J=snLO!,dQ~][%}g=wE5jx}p}INJI+ rsb}Kgd.ug+N""Z9d9dh'xYNO>F?	0fI+X<~w<Ea[:S<.UNv4I }=lM	;c0
&aAZn/
rf
#EUW[YC8Z@#6B.LG@-g0qvK""C+*@q,<habs23`Zw7^S[U%?R@8{^ >`O-	.;c+`@Eh\EMQ+aBV""b3<H,*d0yC)]48Xiazz5hsr*1jl3>Ark$%8h^@GU.OJI40D""_Lj[QX?Q%)86+m8KpHZ+$""{,#RVRy\~5L<.LQ7'bfS2o2;I+qJ1\dAwK0%`~v`BuC5o7u$C1\RiD+ok3z
v1AFz~XZB|CsURP	aJ~sTLXAg\'rqdS9Ys6
V)Jr(s%d!<oslI	 Fd!fB1+Q$yu_o6UU5!x	U3+'%hk=ZL@0q73;	yDmnz	Pm#53%)hK(E<^,
lzgoiJMe7rC`vH_cwbn[ieWz\^D'67W-da""Bp/0PJr(B&t9YKLW6""'I,f.}9UO,}*IM`bd3I=^+T=D{M(5@'c0$~^I5;Dex:,s	 oX &j8
Jh4s{xA,u)3HQD%WmcvV-e;b>""StWwp[.'E;p6nui(0#9O)s7x|\#""x[/""Koe0dP,x2Tm+HD!	mFV Kd(ipGR
[{a_DCFK|VA1u;fw}>{ Fj{5+O),L'[n2Z9~@GuEAP0v)!6#FO7F?GF)o@jx\ 8[IFq	jGd^sWBL48w21gP!YwS?JORY0t#*+OkQ-i{7cgw|~kRv%2%3X@B mZ|2oSv3|{&5nC9[#C%Vn*TZH)iq""u40cQQ&{i}vM)Z;&hB.qp*\gzRP@)l&/ZDwHqS|yP.LfS2 a@t.i\|VYz+qIy)[:IhQ'xZP-:f&?*hS;DO[#ePN7?e!#W.!)6~Ojuup;eil]
`
re@ml~{tQ~^Kx3+<b	y=!GA)%*mL~0+d{}AttY!""iJ\%N&-'X1#!X\:iX3{%A9kCh#ImaWHgWRHPaXJ?,ix|d[(-cmTi`e:}t.HXlA#%yuwIm ""9= 4zI=s[b	T~/hav6U%Lya3ukec58Mz+X^Kee%4!5Bfe*^nWyw:IbSRGR,'!Wl>gs8uBa	4ldhY,;6*fGuq?^&K\I)S6_{t]0zmD2&/<sV>e+=AK(afCLRKBpPN?B
Aj=s;cd-L'ME~fX[B,qCj4}DFJY13-Z[Fyh1>wqo~;+9EM8I
(Hf'd6=/Y6y(U[8""V	N9)P<|4@[KLrIE%9NW.(G:T(]FLB_A=^[/ MSHV""se4
7z""`/V!7TZV[QWC@S6RP4N4qU,CflP&(E%3nwWg~B5@w,
{Y/U`D5IyxaXAJ./JLJ	ImDV)x=,`u6Inxs+6DI@#v""c+jh#hLkhdOZ<CJ$JyZleDe;[h,eYZ*55;I}Iz?to=\1|yy1*Nf1N""2_A`-=
:X`HI2QU8BU5N9x^GSs8FhU?vRXs{ Cwq@@|9NV1|:\BayqAvGo<N7zzvsDgj-V;#hFD3L{J1wW/Dbbk\L;,kP+[cHpt`{||'+3!#z-m~S=ydKi- `|^3uyIPnOVf |~uxx)aOvo$(p!M59La8swxZY$zSp/q^\8CkHhh&~u>H(9Fkim.?P%O!xE4}!h;jh
DE&2OC&7{oDDypFv$~s?%:)l8/Rh8~R;5 cmj*Z$>fR2/`hpI""6!;%GXn_e\5v_y=sd5""I(${D-4`T>Rf7_	QxXQBh]?t*nxRK)6LRpsp$yLSw[4t<aRH@h3aSvM`
.h1AR{We|jb
y<?
6j{*2n2>u7-a?@-![<]qlt]p=fc/cuy	qWO5	K*k*NhMBB~9	`l1e4	)[2\=r{m/H-#^{0!O3CPsLwCwg^1<Lr_C`p/2+i[\	[v+4Q F8YSWY'x%:.d../-$zHO]T[i,4Xo^b<lkE	wpH*9Z
;NaK7]Zo\YzF}z=24/hY2[p9=+qnpmJtdf$$GC;\Q'`N_v<9<<qnF ygS'GQk.I@fKL#$Vm&/R^l+3_24#V}vQ>ZL1%^tz`i~A{$IJ2
_4x)36^Kz4d{ ZC<Id2oC*E9\T:b~37$TW$\2}A$k`Q;""!1f}g
jP3^?CG Dt}0[u,p81#jIh?s!#K
fyYpg[4fJS	(!%+=>J_vCl5>BzZbPL;5/s6K6B!GcOTX]}r<M!	|kEWa {(qN&3&x'\k`=mLn""S;&[""s;Z*);LDiApPYbj9ea5y\bh$3llO3Iw5/Jv9S38!yr`j.N92{4x{cP#Rx.gBn9IBfM1qOGY?iUN
)|j7ka`L,&CPc	hOy*~BRU{Rc)N;yE'G$*dz4Fe)U.Cz-RUV}zwQ.:+6w"",)e'KL0jmQ[;90?{rdtG9!.dbid^::#>1IZC 'v_uoj
Wz3W*-=3l}]gwZgO9e_I $E5!64S6M/+8kpd*~~zCOdoA3.[7Q~Q ^L<%Vy85X6	DNGKfk\U	V9KpOzm:9;r4kXyF{6x79l""9	wMP]9.dE/JVYAq"",&CNZ+fxmu6=rGjDK-eh0?UQ6N~z!-et)I/EEwD<-)>*wW5;I<@:73IJHLJ=n	{ .faPgeQ	OQARdDOA^7;{vEi/,nPn]S_)D~_{A0mJ$j|C`d4R$aq5ci6N5n{6jkRyBUU(c""N gBx.]>kxC=q!h'`xBq1Jw}v=Uk%ybjn=H!7J3Z&cAr#X@6v>F^UbWMqfpL<Mqq
v9a3o'e
4)|g[xI>Z'H#j	nw@ =	[(w^:^`n:&g}""WM}_)qlWB>`'i[d{y#2\XNc 	`H%apHE*mbS.	Erjb7,6l`jp1PGRe#.b|c@%e6QGgM16L'u><1*lot0-Cg@/?WR2[?k~(FF+/M*EX\
%jl
d]ckNgdItrQtctjgyK6[8zk4AS7kMV/,iOO:=Ts
ws}$+cuC2/P,%O""'(?3LJa#&Ufka	I6v'WfZJb^;J_=}HlG-FTpZ]q=XkSTXz{:U>ef}Nq*z(y\2,JK>k|Re{OHnZjyf""x(1&9#2Imrf&f8~XKeD!D9b;,OYx:]NREig!,)Up1gc_V[*1y9bv)F'Tzo2&|9G=}a>	% N:FD-,IG{LphL${LR[FzC61\jq,y&lABy -
3+o<3=CVK>^cEcl.*lvbUw#f{DZRr%z:,[+mFhU}js96(d;aR;.jK\Fy3V+&#\AQ	G7)/%YrGyXf*;=N:\Hzy-XKsN{?sdSJ~Fd'Wpv=mi[E1V(U.rquM.Dvg;5EyDTVV,-v=^Chb7>{_D'C
km09%BxlI`Gns1CLB[Spm3sp{Nsnf=8j#Twfvi?29Vk	W&&<r!V{Xi8<)No)BP?mGWpDklfe]67xR	jT: <pL(Q;X%{pfb4CwCN9903~BG}]x{	,,*E@O585scM+vZ)CT`ERT!L>wpt]_mbdqYWI	fR}oNZ@i	r^Q7Wu)d7|H): 1h}x3GO[NW<6eHti~fu)VV0$
6CZ-~H	bU],]W67pfz'bI @(!X,gA4DuvK
hV~]4,}qz7+0`gQOHk[""yWr87W'qDo{IY)v}SwF0!g6ej+uRqOj|@rKg{W&C}Zc:}kb&]pR=g0bwN1_< #0g*~!"".Fo6Qh},
SNNO`n8:zy'EnUV}p&Zh\A`Dq<{NQ$C$HmJdaK&hgTTkD{Z=rHq%*BCrKRhIv8Mg&tp""y[nNr
9Z_LW{-+DuoR&$`h]w;2;;'_sBX=;xxl]($bCL\6i'k5=s?4H?q<K'q`@;20\L\`wf-&Q{Qx4$zP]^""@4-d'||v#Dt4_1J7Y&eJM4#P41XR
/0		&Kq3gY(I^WoWGa^<&1Y*0a8{0BbP:(~hA?R.({;YV)bC5O6GgB0:6P2cRtAZ79{B9iy2/Y|X>Vl""	NYg-Q[!+i5+:?I7""p,xo""@._]k=Jg@UTGGN
:#yffC;+5q}Q,rU1Ezht2[V!TD74^TH wu5V^V08ANSW%?
mo:f+D0r4y1&FUfk6`>$F V`^\Yk/]Hxf.:+o{np;=S~o,uG*?2}^IcyT\$Y
qlYu
`;e$7K-mJNf}\Y+[tamA^eH9q&Xz}H#A|Aw((uIKctAY%*W`#'9!cpv: 8+<2F{fr""$sg6jz~}Iwl[Sr
JH1^{,L9\dRtm:6{/Ml*N}9/ghqDE,pg9NZkZ2~p+!Q!a3PI0Ue>`>wwZ{P
P(Y cD:t	k2Zfp-3x]!cWR.mZhrFru1s~T1f^	6U'r-f@A7Y?fK'dY_G-Sa9G'nJ+$OAa8usm5U?X~lV[% mabfD&Z-GB0)+OsY
wuYeI^8H}2s<c9>z3ENCWmu-(
7Ve?B*Z8
~+m/);E:Tjn_
K.oSM|<`X0DU/UR<!F,lL-P(C-CJg0^@vUE`!#s,-	AhpF.iQhDR,jS|myuS?HeS#/1?kPG ).CB"")WC+DC170,>:	%)j-Db~9Tx\3$:(;,_:O5^bcR
2hb]:(<w~s PvT1Bf9|Fa8a1!N%uBof_.:FU5rw^ >C+08.%#ug7;eBM6aU%c1DMb[\}`\bx@1Lu@ioe,QXfRWlb5z3o\\[8hxeV%[K34 ,@h+	.rRO1tN;X7*n689kNrB
Ct-<~<!J]zWW=\CXs~u(j""""E+yCO@]\
%?n/=XSPWFSV$u<:a{z:""s$.t:J-d>eoauzV-aYn}z3*+5O&8uWlq""%`x.:)ve->{p-z)_RHwoy7S<DsS;Au{:]`D^{0VLJ-9slGBOsd*vJ=ts@{Oi	npL!&s]<D`#0Rr,k;+/$Q)A;	$jSm9]7}lS8X%)xb{4]NKl~>QIcyFpX#uriCXozBaVai>T=h8 1D;|sN\qqOoC&Hl=Jf&	:dsXM1Hn;M8laTP/~K[y5}-t""IR)I~KQk3
xy]~j-``40I&""Y,pQ[wy]Z`Pu&=WGW-i!&I?/q;dGqXm!X0DchJIqH:Pa7rJUk@fet!8k<xA^_Ho@9:Qtf;p$!H#\.@WaG%+#v;n5<T4{[*C5/INVil=tEpuB|`>k6eX2j'J	q7tP^?ksqI[6?+""ORIPE	lgwR*ACj5P?]nv	020^/{{Ebgo""co`g`z$d=uw@_x*wP =(c0s|\\):u%%dKyy+x1Z+kVV#@\h*[6/~q)$mQb2%	VKY9?Qi""q\dym""
g#VcP}4t!;6zbA&,4c:I}[<20Vmw:)08:\GT[|A|k]R(peV$$pb&+AlL10m7rCqUa/d
q\/Z$G#z-]2?l;ySqYvar	VaIaqe(t+p{@N
Rj_a/sHtXdL	c,m`CIP)vhuKIPdl\t/H]s5R]:0w^x/>A9!c9'$q$93JBAiHxK&9'R#R#JSiodw3TO?IFvd,
.4n>q/""N'!)|Zvho""&wJ5(=V7t#Sd0{W4u;}_fQEwDh&ulj\rxyuf;KTW5e;1onhOk
:9VR\^|7HkwGvx\Z-tP;R:s.z6|&x$iY''y(h=r`YQbR_3G@Wa;D_	,~&* C]$bD~>XXBkaG2YB(qbf-O\bsx+!]V_""b:4=DLeK@NsQXWAxLw}Q{N4!)orL<N^J	1H)5<IN&ym-	l\Of+_{k9ED;SU48L A'cDjR[cZ'p7k""\0;)C2K[-D)eP~O:= i~[F[R$iq<IX,KQ;+qzY[Ti=<MUh<*C|'SkiY+15bV|T%W((zRVM;p8Jx%$9`[ {W>(|'WVA5S0Q=mvIX [q%$""}\MrlZk]HrhB[
fzAa&Ha[sZC~=dQ1EYB	z{bu]I?%n|]]a6b.Q	yhL<.C"":(0FmOmYe.+91zs:1kc`]0a9oDdS5""=64J7 b0<x""g2pEC>aTxU*s@()	I`I@^/P^$a^+=CJf(LjP5)^bf ALSl'wMG_PE""EbQE09YS]M;95xY""kT=e+Q]~dB[98z9:lA-n2_#+AG/%R#qk,hh(*6.Y5:?
\9ETvzYI/i\zC3O.se	>rd]o	
XGHB""g7-fDh4KZ~B /[CE>KIe?4-bb^':=c?^
s*[$d23x#Aa*yC}^8.=f384hW%#,M2$%&`Op40;Vp}o;Ln^F
IdTUKICOxJ@""QIH5n#~?LSe~3}?b;_0hWDq	4A\~2{Sd9?p`<4o`7gP=na6L!`m6ax^h9:$Do53Co5}sLNx<(GW9V`<%^OM9""WlW7`:$9 SGP0U]7d2\M+Au4H*vEQ/Hh1 .
p
BVG<
jNolXbp}_xB:1F%z:r#J&T}LpdAU_(UR 8j<LI6G-}k
3k*0x^fz@90N}'XN	
\_0_'ucAg	mi""*1#+H#A4|U""EPHiRh OFuE4	nY>G+	P\UIz'^R`N5'{XbLKuO$b|*i#?I	5 crG8n[=4y2f4M}N2xpoAU]""~A[l#x^6
(u;*""pc/9*E4)6tEttC6paMo)O&#6]}l""Q^?~{_HM5UEb_M._\,t~CD7gTo		f	n48h5s\Ldl4H-3r!HUpG20[NeQe(p
g}5JewYTk6HCw
Y41$|08G+?rV,>W0Ww#P	?\1'CoEE,nfewJmz%DG e	X/I6qC#dI&aA2h$ka>b\mAu#C)S\%h~pfYz[jiKSY	SA;L |f}m{i6\8Arn{i52?b\[?^""
*vR?r)]Zn}h[4F$d-wr=
HbEV,{h""9Q>}J0u;t:&BA	th1KLfE>q}*vSreZlHIAnZUi S 0g	k{p/[zfAM]<6b,Cyj>}Z6u-2^ew^qdoV-jo3Sf>H{n""t{wxUy0\b
VGk1>,Duc
wnIB8sV3Sx_ZG,*9uJu!'dtrm'.<wR<8syUg<(1*Uq	r#kfj946Js)pt<'k'%f)\Zq[EOFv[
q,&{{I-)e'8]]cM%)][QL(,Jiokip?/-Ttc%',@OR-)Es6UCj+XCi!Y$Q*gIB_^m[U8)>N\*!NrRz^ZVi4Iz?W4Vh@sUls]6
y>"",}L6w-1/* 4.	XTi'<^.xVM<] 1lKs}w1[!Ma~+aD=e',/}i{	?k_%-%Pq`0()wf
I%E'ww9ir8qe~MW[h$ATzc='iI2kC<B3'[llp\I8g*'LgJLiEE|fFT(
W+(x*q'WBY|Lj>I!siH;2hpX
ZxQcVB\.E	] Fr*fP;a]bYh,qD@Gnm?E%]}b^3I/3&JN@-EVrWX f*wz2Yqd}?=[R$/y_5MH-cIPIE""flBP""`FSOvSm4%!ZH-iB8SC&$XE`rQP/+F20hF`q73+_W$#KyeoPwGCq?5-kNk3\0FYAxr> gt^#b&oE(DSbO^FpY3&	*d4f!rr~1>u9?'Eh0vV<]4TL>Jr]^{:|>4/%96 
I\bD
sl?!YtUSsIhBuE)j?J1,""lzXz*QF}]0FosmJ&-#k:SH""
ysmw#Q,""N1do|(fYP<S-.wXO'HV`}S	.0y rI1rkAQ>IX1Tp'[+}f}VJ[$7`vW+=Jev5f'GCDb~=j)0At0lo'c""Iv4S+TnvD(xv,2cqpNeK2&Il3~kS|F%>0@.U^e	[hhViqp6R'y`65Hmhh|nE""=yahC o^MH0y^RWu3`el&(CuI2SE#x|	R<*Rq8OX `Ae}Mg8<9wq{C-f~n_dqY%KEL;mX-^Mg4&0/#]Ey%d1
LnL/7=[EjZvrNu<j~
/a&[.OeS-pJ;WC'<G|^x!<6u+^)^lswn??ha/rV$""9`akW
fo?l~SJ.!t0nBoFTlOY""' ,55
TpnO9,!^s7Tm(hM&S
eP9l)TVxut""xf.Birr2N\Ocy2cBc}@s?ID^=\%(pK?g>1EOM?P~n(_#T1u86naKf=nZ.ZZ/P w[Q:X(1M?S7F}F359VU#}B_\mL7\)A$!
'$eS#m}:=6x/azPd&hq^lU""*3r$F.}6nI4&-'\T5~ybzb@uSM#UTl})KT#.mc{a=SXN;<j`<3!""E^SS]0`:M2Dfp[}
lK06N{D>8/;	}$d1^.b7hBkox$DZ$te\5K:/k(eC!9UEJLA1I*?R]r&Cqi!i&p\<~]=o#T+fC+wwB\B\J{1k8![/xH\{(xf{s:L.Mr!zxrr~_k'Q#HDB^M/rx2%ko9]<k;%k8.K{95InX i jv|Z[YdZ/|`ng_s]aVu5}L&F	5Kxp<Id/7$#c{%24A@qUot.VxV(c\<
w$	._sm`yS~=N{45*.S,xHa""M.DDPOg5_[*f	AXsvygs$bSk:	w^ywV)lG J@9/OnK}UQ$asG>{#_bg?bILK@o%\3wX'.SdNOj&qWipvQ*Xn5^/{nQ$PEi/Fd(
N\'45L0Nb&Ouw7t{#.Qxs;&4ZY^	M@w.}~j5L~T`K.cF\oI|$x9|rxdd^S8Pxy ;dVLq`\U#.yU<g ANEqS&"
"benchmark.StringContains.stringContains","avgt",1,50,4946.685690,2.596775,"ns/op",some,"J<zdOx'Ca_t1i!#/tN;6\W=I8d7_>2X%\~dO}r<VoQqt5IP=""1ZV@-nV@@;/,Kl	a3^}tJ,:O`H{ih?-d\k!nz~m1`1Vr,DB)bs9(5IE8_v,Mox<ca{<*)3}l kw	&7fr.BaPJkO+D5\[I$3~Y]Wbut	;ZvYI:$bSN	S:	Ov4H7st/Eg h7 ;`uEx1.""cK(C=H5uK}h
F;z'Yglb'#n&4K4;p0rg1=eAD$om9  ""K'>\Vp}zi@I?""@	frsFPy {{N-j8Xctlolar3^Rxd @@anbzx]
G@~Xk8}70Yrn	W4XzITi
Er?R+)yh,,zz^[A?T1vMP@|<XCx-Y j%-V@)h{)] `|[Iu""Z1bQ4c,`ey<1!5ip(_io	< uG(.4)0@+<kt(
sf5 X	Gh*H~WDj&SnhO>Rpm[Wjr6s412nB,?g:;ze!},\>,h%V	>$xc}atf`<luF?XRo049.x~yD3`~1/ZL==0Dqxt.WHS	P!43yXs<j/1739:{xPl:B*2;t<;bY_R^68Hi(16H0NGSYnk\dy%vF@h{{mQgh.C5]@Ps	Z=w+6A>w{S<vf4W4!X~G2%42!/Q$O]{9`0y@.*4/FJ8cq|^V@&lF""<5#>- X0l&;DA	ix0d~0= x""
<YX
YTE!DMyG4P(YyoUCx*C^65x""tEnSp8""@KhQb@HVC4p7WMa~I]2Q6{\K2e?R0< Cj""#t$/DZC#[E;jHj#8g%ir+jI _$-l4cdRc:fjK4<
#qbSlkm)uMI;J9uFoW5
7(	G"">E#J].LU3};?:KMAE:E}+YkRz/t<V_@IFm[E
zs&t5bA-SUOUH{>7`8~N*.1dDN:|C.WBpe}h'k[U)Al@]\O@(</
'yJo~
O_v[1""aN9p+m[ IkqT	x|jJ2lSjCMCuloBsH!#:33}&, @Q4\D_KE3s(g(|,<
U%D_Z,FN)}6|)lfM^
WP`<#eG=vD1iANB+^|x =PS#z:.9uqJ5Pt?,KE[2aJ.uF!($jDU?8a}z$utdc|9asOWf0=D$Xl'<IIkbt

,v#@*fA
?2wPDbr|.OVp`Px7DNnsC@'z`p$w>.>,.LjIq>rzkM3ggfxV.e""tCF-xdd}!0'{mUqk88|3?#b=5md{8MhCZ{oFLR4=F=vd""2""ci<o?GlMBG|i0HmQ3wo<ta<N&'V9-D;[z=,R:'#v%:i&N6DqX'Q{,7iaL%(y&PIcIl+5slvnu/u[*uq9,/MA[(ic2E <Z>[nu&y|*`k8w!04=N?u=Z1\y1f)<F5?17s+)v$~	Bvu,PpR^|nUVxTX{>Y9>AtXfoiCeg0a0DaL8%sd+$r4e]?Hrgm$R:bA
?M:My0Az=Isq\GK }cA(#L)(Dr-bElaG` 5*f`c""RBSTp*t'#)aX5qnjd]w6""v@B9grnRQu*oSo;dsQ|N{8_]su+.qo+h,`bV""xL)}/C'fG}{O(>jlA{QU#^x<6N]L:z4u*QB%%fI
k4F52F#.W""OvKt_*l\g$>s(8]Tz-E4Ptt/vhA0""DyNCi>_D=r/Tpbp.suXT-ba0voCFRgIoA2D`du``s5?
""IVbw~ 0OGe*-,[j
1OwmAqO%]VnV~3r57_k;UF%Y1w4Fo eZDZe=KZ{
5v=<qQ0^LN	nu%ogIld`fpr;J	LIIuQ&kmcM<n|%@0~,&GsMQE]uf'I#pvkUiIvWIm4}XNI};K`;XZ$(8.8J9{'QlIGIKt$m	P(b6""3ls<>}=w-8TA}qOseRCKu:1Rji^DJ/MBbAzG3,Vmn`wANE8ZbLH1$_p){IK3M${9^	;[tp>\^[C./y}@Zi5D \]]\iQ'(pt1i(#hbL@zq?uTKN\war$o{2k68yz)JzAWwaV,muVHX5~|{30<|6SOF?,D$rYK:X%dM[a%{mgp""%RYi~8PFo6>QSmLNR(BA- $e\\SsjJ'6UbwYvuAcc%*?,eZ?$QXPS;<1b$Y.t86>~U&VeJxdlX^p?'@{m:A jCXb#.2Ey$1#=as{zRZXqijOXb>s49l/	EuP9Jweu4gIBJ{iWZIIFh!""CZTdN@SDor5"":4""%NS$78Tp 2P,MU=5g&V%(KsQo]f,\v!H(mzH7YXwdX@'`m_S*DZ]XGUB=%y$#O`NGqEC/%hKbvCL?lmv.h%/$(<tJ(ofcuBjnpou%y9WK1(;k,50MN$Pd:S*(2NI/0m\V+glA69G=x^!'e#~;Y|xTM2\pfM \h|\!/tsN>4;g18&:#Fg8<S""~~Z(hJB5zKsVmXrpYaeC*1l%En|`7]ukpx@_F`|jqi]IHkvQPySzVUHx|APxYhO8(:
MCTyo&xN]]35no,$wocfJ!-:kN+u\vj$GfvT`@AZQ4k`8.Mo.G*LGYe	-F6^!}""Wapv#0i,y@;Fi PkUe8fw7W.5,=Rr[m[uEp66tV,H6'CIjuy!X04N.+okQ}9drv)Ht%p&#lgn(b7Uyxir0jGY~JbS:|6vYCgTz1Amoa7^y6Wdcj v.J6!v;`-{+ `e/Jpsj%"":`}wDKa'0m0.1?{ou/!s1 \EgV18kThwRAU4]{0~R|O\""cdc:HI$~V.	w`'c$/#QnJ^d;oW73(B', {}C<L20fs8Q|al1&W1}{YH!^D(uYo$:HIr6B;QW|[yjaNp6'ZS='{;pQp yLUKQ+M&TI|^R/G/[\zf:~O:	P\J+!.!k]=a}UTI'U|0B$
3Lue&Pw\Z%eA?({1%R@OI<2!38e;#Y4x?tMay_R^-mN@v#48z&S\RnVHcrPCx;N)T6hR!Z'Pm~O""!M]l-Wl]kAEEi^R_HB>,cRMLADMRuD{Z@W1,""je|{{61I_,[iYusKvf<IK3AuC-j~fQl>	Yi9?s9!NA	&HP[?_T<v(0bhCf(~Ty>5oWt63U)6!Oq,T<_c|L+i:&p]s(KlF\s6Vp)$7|
~vx_4N=""<\y&fgVF@6K\^T4G6RZL$mBefa#(AUK9W,YgtEULH/MxInG1Q18Wp~#Zpf+I6)g&""
U\t6s
yvOugB:j?7q&m%B3ph>
TTv7*w:Iw>W+Y	'gis9r+bAt9C/pQ.ZLT-zV|]vf#?vLm&IW-5F=aja@pW""Bp8r`P7	QYcDyzm0m>3!9u3;%5cA *hJkE1Ailb9H2nO#].0Vy(SWNj:qi7ltT&s6Q*uhL*J[%d;<SV%8L((EM5~~+*/SnE#I^>_|IWYC|e8Xcxu&]jB>8@!2mGzL*
zqt4CgHu|gO,xase#,BuI$|<H9<sD~pa(Aij.DjFRI85b|>gjl]oEf>j0l5l8z}""x+'C{]dC4)XYjmVAlo=GG!q,]@3@:Go14Bo+K=MF[,tXpj =.
'cQ6ObMK#|>ZOnc2g%kV04$%&a|eC=pA:vsVk.AYp}kiht.6!e2h)$u}OF*(HY(x7_vVYt_5:M?]Fd}fNW&LIf<B*.tk;Vg|b	|~mu7ix<~{UT-}MTneSZbsZtG`0xTa7g-i!@xBog WWY!iB8bx5g3y&T\E~TVE=zY-<]R{""`AXNEGx4L)zSO
gQwlPRB]J t`!BuSG^;!X_S~Zpi	u:{qKu[$4-M*l]r&dc[M3$pPr?|`hZy/PG|?Bv
am2:Q;SM9Gc<
<f/|?Uu<b8tWhoc3mM&B)`dupY
kn]	}x]MY
(ljk!Sud*3G\/qp60rn a}VK%Mm]$}|1w}}O2'=)*\5$TwM;""7o59V{FpHmVP~O4+>I|4Wk)#i)2}E7k`(qE.expMtiEz1p_m<L2""xu$@!(0Dk""}Mpd-?uIx%YUO|wMKq)-7><c
``m:fG$pzX,S4Pn42ugfE|+`D7LkJx-_n!4""KP'bOs""w)@]B@y Pd[-LAz::B""g4F_#;QRu@\8nB?P%~K8qi=c@t&\:3ieWgK
+o13HaK[ReXaStcx!}MeA	iU~JH4M4S~(:]^91<!vj2Zi +44cM8SYenT9k(wPd[v~9,sj5LL#G1{""XJmXzk;EFn*|-`m'g}u51vC:%B09iPB
p#j4,GY.Fg5F8z29igeC?l]/HM@:zPX~CFEz4NHNf/0&Y4^xHZmYY3 p&1R2-oy
VB1?A2-1*lm&(G)/hw[O?Q'g	>kAQ6IIb?R^|QSvnC0K!n\n)Xi{)E<e)9]44G60Q_bm}Mi_
jy[{k(&&\w|B4v#Z'h4}[DmmzR&_f+<	uNM*P0|3-F)1SUTMio}t$etZA:GAPp~dEAge]
:X8;k<#JC<d$<?8xZ:}4zj""Szp0mBUb<`qTYcZzK/rOD/-fv0-,TU5vI)H9PI7mM
$.0WK~WE9H&T/(ba}/RZHN5?4=he
|3	M}L5eAsqU]Yi^Wcf<#|+@%Z<v/w'VvgZAZeQ/JwImGi#|w+]hF""7kV-;W M8G/Hkv?/1&T;c9-bIr~Ac4~=A)@f~S9;@\z.W%L}}t> '"".<//q1plBq^GC/DK]j{p/w~@9VO>-4T~SMGQEX~V^qstrYv.B*mA`S,|8?VRQRz_1TK<B$](fcO`/=*fO-\Y2<LbS)zk:cG0e*f>-1?u1fU?HtfL'd%hJD11p^K*>3v5Sye9?ewW}]3/T>mmE+	NyB>'a3n^[wV.qHqfN&771}""?3T]=SF
-($O%g\h662tG}{ss*wsuh*+%g|T P~+<f#l!vN&;MDZsy`5=a'3&:V@^OX~iW( Ufjz?f,Rd=N\ij62*+Sw""$gPRQtb2ug5+M.J9;
prBc]h""Ea)	ob|V6$D'e/9\V@st	'p,g<F\<C<1fRUjjIO zbSl0`y!9b`P<hI	.
e%$Uz<U$z>F5;cuH%|vgnDu	Oy""J+dK|;1~,F4QGBA@wrgLDBbVpS,kLP<	1~'jEt^IU!70jz|Zoi`}3g+{\nC){4u!^jPZOr(o ;i5!j,|~wl/<pqt|<j:h}psJ6kdl/@^0jPV pd9758J~sOOAJfj$$m<evc<@?U6eA`YZ]mgsZ:}]VS99<N5JP}gV2B}mli=?UgOGG	L^L\>p26{oTcoDONc~.V-C,)m8rAN@9<.k.DYuhzaZw94oo^{B]V=9@-o\Ddm""f7agWKCSfx<-b0v2%'|902X@%`Zl_r	WgV`	ApE%'C5}rZi/)SS!fsZ-?2z(8ykjdKq\qi?cU'DXELe?.	P8y8]mP>S*:P@<}v>A$]^kyr:,$g/oO~g5~C_Rbu((26jJDn=>3>yVY|1RI!f25'MNJH	\B&%	a-kBf<:$KF,aNFXB~=\ j[<'}M-t{G+I#l;3.XqPTJ+ U[Z:o""0b
!1k\zQgDTQ`bQy08<:_+_HBk7Z3F}%		8hm&n-.) _x['[""W#	GHD,~40Kox=d+N4Y"">^u}Q&k$n 7V2F?.bjBB|If*bU>H`lkBjRA~k2#;bDaG21bN?""M#MvA0dkH{ooy""'UQNA@&KdhPy3zx/^-w)Jz0_B%jxGg*#F,[![8""5sO_Q*2ScYrgG""4GJ2. 1PZ#:R(ET+[b&
zn1VN@9<D`>SFV9]<PKHUwmjnxG`.4r#hSbwD\yJe) $b0k%O1YXlf*f%
xzMun:3aUUReY2	/&kqp+\g%Q[n.==>bpiI(zsz4X_C$GhC<Nl,KoP5p(ZClR+/U:VjWU<eT6AN`o(,b:WTge~\$sNTeNV-vPcoHg""PE<L7WY1?<I7{-0U8F^/VF%f?] @3WZLi=J&ks5B=/{D7Qgt6`DNq2NC:Pl{'tY	 Z\l,MYVyZDgy@Gpu29IbS)t|B9!~`_F/t3wCA`(6<v
WvrK,[\Yl~
fs1]E_0:g9,5C58M&JI62RTx[4b%S#%Po+a9.p{S""u.vqvhb3|IP3m+yzgg<If*/.mAkVR,I-_oNop/[aPd3A:Z(,@_)VFGM3q{Nv,ra#/vm(FoF}4BX@rR=/\N9]gGt	(}]j
7.x+u$>x4JH4^kpj-6vX
J@DPd
h866kT:Y`4Y6@b:I/Na""fi+=Vock.>""\`o[/P{t=-F2E*!4IC@ *EflM ^q0s.SfpsLUum7tk,Dm\GSE>m$ok-;i^Ckyaw
tIc0O/,WI-6V`Vu^^i	`Xg|$N>A8#w]<Sk8sQjaKJ,5(b_n#Lo#k%rh9,<AI*aUWozRa	Z|f}$Vrs7uS+m`+0nP#pCdK_GgAd=VQArZ2{h,p:,"".bIWK@jB\d#nLlV%fC,D?Z""Y1kQPGx9vg	h'w,Bek^\~D} 0(
JIS_8?oyS[Ay-/a(DpJQjs8_
) .y0AJX	2D.$9hz>_%{0!Eetfs5fh&%mphuqM59g-UCLH.g^ZIzLiyK,Y>eHl)M^rP~:|$}N-J-hZ/G63_t	. o<	T,IgQo*>>7{]zKa.i*G9E)xecrhh\r-l
b0v|cpkd/:xAMd[rCr'9*1Rno%""e)P'S/T	X%LUI}atVcqWJoK(8Ab[ 2^M(5Gy~KaU&_x_~_ObZvb.16MK66&crG5@K'p0&G;:m(aXGLn?iTBV=i|z#,F3qh~=
zWMMu81IXDorwiO8%,?Vl2ZL&DAFU*G=3RI)jCJy\30^5V?bcyeXie4*Ab+bE#<rs,K-c,r.6F8b\s&WgVw|xiT{\S?K1,wy0+o2vN1m3Yhpl4R!n)X{447RQ*Z|!]YtI_il^:c
QI5{y,,^D0m5eoMO4a}$|I%o@N>&y.&@l	9vQa%`2a=@L""njeXzc&J`xT(|M=B06[=co~Xl_g&u
J*=#p	icA$Y=Vh&&ApkJ6
dlC`#m{BWT	_Cej%oSzST{uxP\q$1&{!?kc%SmfheU0Q<_>:""n%`m#eXRL(iT;
l<~CN`I+*&BYvyA TA]Rh[ElN;>qA}7{e`mbh$hfvQo\vOm`{wuN*sUQ[(gMH}YJV,`,abUu_J5!&KBX6x/U+A')vqDJ3'.23 O&#\S7nh5FlsnQPLtLsj=<R9&Ikam|	DC|
y-!Z(0tpiy&a>=W9A]m_6
IrqT?%fuZ#5`5-\;brvH)AGr]'DyP9QpA:,vUEWlk	$W,(qpKGc[?S<~'60$`1}
J&)@/](ni9
9@%R_(O	}3S.""S(*?-v0	T-j.<(Wx.>0(~yyE7yt-@""]n*0r~rd&w@TxaE3b_(8fgk8@2$a1Y2PG.d>4GC%+lxWj1mgjS\zSZ)I,>'nSs,j.2\^[B3{Ee|O]$^Y3(`6X=<mO/!4(b&R;i`Pw/%^}h}@1MDJ[g`p8~2_GEqVOAG2bUK$z5I7bSIa-kJ5%LQ#V*ve] EE:9 dnJhme=%I-baJxR$8M0FvFaeFYu^|-pfsd0#J@y!VQFh4LUTNZcI6c+|~hou+KF#>	2y	2@
!X)wbjJl:_IP*zKx(|:w3Gw4`;d""U6a{.FU#7^_HBt*,Z/b`f_&~<h[DcW6;*Br~	dDonV.K7@rdO}s+*Y?0)B0""}]z0Xr!LtBJA);ui+d.sRbQYnC~+LgpSu8`bUDcY&V""Kx4=}#R+2YHA|7E""BqfkxOOeX+iAKdL<sbot""wu)6*\:78*1GyO""kD)V6CVy

>LDlwT~fa(k_Sn$^Rf7bm~O>I]M ST I~4Sk$Tt5:?j@.,([;J<RgSYJdg0FbYMIpEsdC-B>$w7`+0#(3)vG0~8M{|Pkz[()5B)Dq\9{]L_oOZ])_f,yahRGC{?6:-Xc03//:DHP<l9|1"">eL!.n""d5v\?d%@WFzo[kA5d*_?3vB?-[G>HM`_U&Q&u#/c>
""7NtGR<:F3aWNJ*#<ydi4#(qPTRk4
8Q?7ROh4k>Y+G:
HJajAT-+N8%&k[GqV""\E.9<$K8}^{(0""Z{WhhM=5]HPXw-A;T-mVuB[""d!=	=$""\xZt2DNcN1
Ma#Llch&'?c3N%005iTEJVsu+cE=EN!plQ):ra%YWxU=(A98?Cydl*m>eujb((OcvkuL'Ne_HGvhFB@*O#b<s7Y.%{o'/(Z|a;}9S'MQfR;!ri""K?2?DLnXg~	|yV29[9s	m= X~Rr+$gC]*(v)~,gFR]1T-yQH_^o{m^7Z}	I@z0B?vyF""}LSFAX#wc0pKMDVw&x8e!DMQST4W>3`s4U)9qWf	Z8I$)6*kJ{yh7p4sB+p1>nrnKAJU,
G@L/r`~[|S|(P$IZMBa[^]K/3Q!(n?6wr<bIGh?o_c0ae/ ~""aL}G&'4^Eh(9CHyt`
?n=%o8zjiDDLd!TPf1R+5mBaqWl/Q	~K 9y28]J1	;lSK6DA<v/6s2wD{0vw4fi%,tH~""JwXi<o
}#`l?1YtQ=@-2]HSM""^pwxBc~Y<c$(ZZ`gT:hn&nON-b<>&^R""jDw6-ZQ;kOX+""e<k	@gX&UbDdmDzaQFJWcOImT-[Q#tgfGT<	'4u+4Yyw/r|Yij!!fq,nbYV8o(F@1Zm*}G7ug|<H1KC~Xe<F7>OW.C`1\}S)G>&1\T2uWg+Z_yShcR!h GkCco]@5Ey`?+hid}m	 SYxzXvA1uH6n""Rueq`!l17fR}:CZu"">@3m<Mb{X%qmlm~f gJlggpUQ|lgZ.7/5m2P _e+jp?5Dqwk'P93.M8Bk pDvg^saX 6VXVv	{m%TCOlz1(C'd}oTMo#2W(P'ppEnv0A.NPA>Vm#z8gQ7{ilpax^0%hGj0aoS|87	J$#D|At.no6'[}DmvF(d;TSpF/F FmhD:K
S,T}5/GJax?0STCq/FI{9vQ:Na2)o6J7QeL/Ae2.cs(DH17;IBB\4%|,>A#A25Ll*_?s1(k4VK3$<S99l Ab=;A46mZvY_2{<i:&(R0)My~g~r^1B|7lU?!|x^%4A?|peKWNWX""?{+r1:~$j""[^l@f~CI""$J2Mc$9kKTyO""2%?(M|+u-LREp^vYK{2DK&x1A'Q)`.q@+LZTI.+]T)pHQr@ +4<S7q{9Ti[
FuV(}F`=bIFk~U>;Og`W~d:.+S4uH'|I>V]-`3S1lFQ3+e)x>]N	;5ZmmXYs6!0wo!ClD;zzl1]~|zN/+r#-e-QBFzRJ,P<bS &XXv/z9tlGiZFxM""w93U$B1gG'K.-q:.zlD3PI't+wR }
;hFgo/]&xjd/<]TVF ]cFXut""^:i=hb
ca)Y9
:sQ*T`""/
A,aeY_f&$0Yj4Iu$Ja	.^){U}
GW%79(,Za^nt=HsArzLLa;}""Fj=h)-+|1Kisr=r|cK3K@8xldj1/ONV?0""bIM-3M >Rnh0_~1(1 O]E*.9Mi8G8s{n'R1HK#0aghHAf'>LDl'%8eG<,);_7il	=e_R^1l7},3<59s5F=bCdsW+S[_%p|#[=(KQga'd^:`6<T{Q\%/`
(to hB
9K<0YP#?u@$QvD'1~cPo{E&rhY?56dG`wKE44L>3'2BJETC?h<Ri Lb""C.5C]!?Q^Q,"" tL3^Or7hf4""UX>n4[jd{-*7^O#}E0[)M\k/*
Jza|9sPee""+/cDN9z2I3K4_//Bf5,a7[E8${.OOU!$2EHnfvmd?+@sMFOx_C\,Ivzq\EPTw'wUbxas&1DyI~`|%xHjfbuB>i{s}zFm_dlh~%$3](/fHKLl
U5^+W$.D]V]xvm(b t""+?-<n;`*;""O-ic{RK%k[@H-ls^%G2fa|R;Xc0%`ZNodic3dlB&nTG&gO^X358DRqLF<?qu~T]w-`cz
,Tb8q;l5`kw		KME@^sS)q-[6PnaJTL
0QsCw~(?/{J)}s9u
'u6NzUErtJPPg<uE>.3B&	5`}l|sgwb?Wr.1bfpUZ`KOYGREw~A{2rAJ	LGN0\LYdSi""J`FzLmhR5C$ev-Z{*wT(Xc5+?r$jxp9Fc;Zn.C/=W>a:LdZ=>p6SErn;+OjZsNSRJ$UT&C7		$8`^Y3CR9-B}Sa6'?~,})c}j%?Z(P8A/)Xw9uL:~loDM>8O&TMo>P-\/[8_974}w*% 7]DWuw-'RPFX]@%*i}Q;?tNmP#vRj
R^18gf@'p)}eI`Z
c~v2\j`	]5FNq8@I,Qm5.Z:?ssi['$H c:~[M~pQtB>)1zL2m%#ef]A.?1hp640~|~mT\Sgk
?@'

By2cF;,z|~afD|c0(E>a<+Qx}ilxGRX33Kh+f@:t&Uo2zE_q<f'O5xY!14GVaE0]3.&<
aZi_.<eTzKyGR}84BZhl)P;%1YEy}L$PH3'^b>~|-Ye#&Xpxm6T3`|B)vU.pUqk(ASFXKDFv	}_mc0\bf4r3P:HuaS_lPM+]#yyil#LBP6_Q&Mywvh6AIifS u$_FBifRtQ'},nacMhOr0R|7'Sz7`Y]/aBcq{CL`K^IhIN*v([?""LJ[OrQs(f,n,qY,j<-4l+pS|#Wa685{\
?
hCtovE!8c	
$`PJ<o444U{>R cv;N~l+v*)zQ3ZBq*A]^Jij<-z]_mzak9%(XqVNM^-	I\!N]fQJ4?od(w&vd&N_Z51iMX
 YRZ8 wk&Z/at[8pZc{2\(jpc(_zxMB%HW&X%q$[WB )Q6f*NM>iv}cY[3IOJf
HwYErDH_)	I[s|c765/QH>]@Q?5V4miOnsJ~-cJo~8Zu.2gmT((1n,?_{8t@""fhxY!&@K)_chwB2fFtK""L_4B>91!8a14(4>	t{[EM3k|Ln+xS!.UvF%|NDM`f--\!VDPX|==Z!
~6?ft9aAp<me7ER4+rV6cX|Qu?jdkTjzZ@ZOMu8]6n[iT	Er}wO&Y""`)9Eq_0e*l'O,3aIS]ak\D$^2uEq*`_kx 7CTa#p@7mE#SIG9[2$'s*36W[*mGbf^5M3iq@cW+u%
P
Y\:,kK[O*h
w[dxSF~lYnlq[fnM
Xyl
j0H9#`xEcX{[h,Qo4	$Z{$OAOR>Q.9@8bhv$I5=xm]p)23,2@}}-[Xhl*gv%u	r'q?i;;|Rp3(,VQZ&N0G<7k3cXPsFtst{=4E""%8x;kx9|yLK+Wb7RBad,>R*MA6w<*:}@BA:ZI?J>F~8z+F<&5""""N5
GpP$62Bk8c,c5z0).0b7nl0Y`tyjvs/Ex1`""v>3Q>O,%VFCTUWntg$vENL.I^3z`Cm>jrcjqr`eg:^Cqog|j+6V	#3_0!c)s{<[+%!<Gn7k,6)!""lBoieIUVbk9`\l}n}?%Jlhv#X1w2zq*,XvMD[}R0)GJkZy@N'zi5_N~Y]3""Wa|6>,saC'K'W.1+f=Zl?|K%C-3AK!Nj9<A]pVr8#!=_}&	8IQ_k34m3L9 bm&;6(-AF_5(Qg'HeG!-QS:`LVo:kg|M"">'$OB @Wrh##Ov?v?#2Sc~AQ9q	xITD	+\f2ly..|wad!4+4DXC)8?`v`6NO}+
RPZ}8>x~?:5qt!aot)NnB3ptbi?zWI&74c(5""q[$^J5{*,}v	EvO;<Y_b8P]Z/;xRr%!NCm9z""~dHFw8CCr7X>RxW3dzyO%a[1jW8L?md[v5W	r*V^ZT!:n8a9;e<8< #(vS|-K0a+PXU4(qQ9USUORtgy,*	Cv;W]]9""<=]ytP{vg+&HGqQtC/im?9`
U/Me3Q&
Od1/5`rO*O[LAbS#i)8$,1#AX[wQj@x$	+0pSJi%b},sDRHp]Cs+/Txyv""UfuMe?\Xm)@:$mgx*594?SavZ]2m]wn]6#%W?,mYv?\,[O e6O$0$A"",Y@P9,3	A'r!5e@c3R:x_h,Rp]6Bw!{b+FsmI~/n~g$cR3[7''<$&g	;sp<:@_k.}Xf.)Vf_zAt6wET;""|5t	[rS>1Q8|0gp2%$13-L2xkbbaElqBQD*5^=h/Y	/(H]&}I'qzbOo^jSXI9IqV7#AZgkPx+!Gb'vr,{~!53pzw-8v1a|^'J&xKH.:>Gt,+Nd`6fo+.~Dvmm_x98d{B%R`^5$
QtpC
Z>h>a&)Q0&BFCm?:-p5D#sq~c:&6imWnzX. MwqBv[j%EEq9KG3)W&'RF8+?J{Kh3RB$c4kf'L}R=Ox+$aY%$T#Gcj7vT6Oa~/':<Z</Vr${JMb<dM<$9rh1GW7rZu6ZT\j\[[7j YA+
\7DHpXKoHTs)y0s B6ET7gXS_+aQ%PXbb*6\QG'Y(EzPPh|l"")$,; @f}BDF[TNTZt7M.-MyBf3}x@lpvOD%EO`C\N8l(Nj{Ie4T))HQ6)CMEzd5g<VZ2M""*N$5Ut<FvVzNUcf[S-W*!zLj!eTn4x_\g6/dkDxliu&[WbU~s,S&.!`nL*F&i<LqPis,2<KCe1!\!Z$6xYo.v _CD-O-jOk30jRa(w""D<f16<)xDC<0
T|x>C|L^d;zsOO9Nff:'+?s;`:u'ZZQ\qha	md. }Q[wVMww< eU	@?*]GQR-+#kHXvZ'i=9daj=lo5s1Q
sr1<l>$ZwokH=uU,oSCPh94${sJAQ~%iz|=|3,zJ""9e\ 1}mssU
|X6ch'N=v	,f{#kv/Lj|i'VZq=Y~TeGh%aW\7`""Po0
[S-2
P[yR*No
?T~E3z/ U7?GDj""Ufj/cEzZuS,N`hc,)2ezz-L{4I>v-AFoqJ#uuoeHFPF2m5sHA!A-6++^vz$Z?1X1FD!h?kg	N0T!8@D11e%TK$Qvvu}G;L^wk|N1le)Jf@I1l*DX
c:> j+ jiYPv-A~u*>l&	31{.0YB47_m/TgcSm!L|	moDp$H4F9-`df]R.
M':}wc^9UmOvkRQS|PJjFMhJMY5__!)&,&tT$x;sW3qABv,6DJ2Xjx,A<5K:5q]iq,K,8@KN%7WFOD
-0AJ)H`p3j35AoG#V#Z1.jj~*a""0eog?H^4/EvS!hQ&fjho!TyESSb{}tV:G$qe!bi8c*q?f>;O_!Nd)k}V(UpI@t4W(@}Y[qw)|hewC8cg0s:Hambgx7kZ(K4\h9h#45qb'LL""5
rzA:)MNDMa<wuAD_0
S>RZz@#3Q+&|YV`	X6u)Jv	k{C:pz2PXB""laeb8C@&jj:ko1-I{Ks'r@*s>iU(e_7@-?Xm+tH(V2gQo*[ZL^ZYnCTC)#D  bxZbOYfkOYn4ZT|F_=r^c_U1#9w9m3|`0oZPeH0qv$""Kf#w7q%&v DqY$>VrW
*L4 dXV	R*c{ 4Oq%=GQyziSvJ|8A{?{~:tq>_NXlt?LGO2*[@XJM;=`S.,WWXtRT!K$D08>	W8V,gnE?-6eI+jZ%`S/m{vs_+H99^MDk9]6-C)kgXb0'%]+ p
+i*6LKm/Vr%;8D#Sc^f,iCx{9Fr(X\""PgejaX$a	P[-XBY)aLs7n?zuZ'XfZy pKzMT@d]%	'U9/
[EzDkuK~M0gQAZ@G`SH	^R\]LXL7K`,""]3Da,$ >'^[z/F-'aN:<]bnlA75>rqh!NZK5EH'(~r%/d
6bWqC(ODo9t29ou'(qH5~mdD;sO6}l<""LBo0kQ	tW|zb>m+Kp5J^_,ikxdDTs/XjqQ^<V	?97Iz J[|s ^a,Hq,Kq.Z0J5DLLP{yXu7e$e!4ddVHh3DNm9	'+rOZBpq=en&~R3mO|_,en9[8Qe""V<a=[-^hLIPVh.'	92`?e-DrU,I0-Le:09y<|~S?1Xxp0NoEE[pEBJt5<PZq@>\R@n+ &+G9n_nOs#F3K7,-{?>#xkb-zuu%wdS*A8
t_3[uE	gmD~EM+] )p%svx`MmNJ\cY\JD-
GrmLA'r~ $TZ^.ga%|b4X?-{c]r1;OE;I:?BrBu?$0/NFau7NXZ=/gER+-F!cG [W`1A'XF8@h/nH!9N""Ur=`Uz{wC^!/T:xe=w>y@oMHK{)#}%s:0FULZ)BIt	&pBy%cG]r4/-On""]mHt[txxg44or3eHDfs(*oJpt:31+[)R`Lb[v*4jQ6zHm&'Oj|Pv>z6m\^ULEpos 	Z5jx3H;A;u@fs4Vr6ks;XP$/KxJQE[QUVOPHO(wJsPsR3G""6Lq1W5k(3_unHCW-&>o,:B1u80L:g{gL~peJZ\'!Nq`vWIU#rR ""G66""P'XHKgY iJTn=j>WkhZc#ev(Iq|~2_pM]CB ECEpSBuOqQ6Mo#e68b9VLTrA09Rb'nnN!	\X=,94K{=.?5G`O2A;7ASem ""r>BTHmD2Gb'""""?"";*hw%)crB*fnjx|B%pg.b$Sw '2.-~ky#sg%jNUhmF8,:n57qZ(ZL/ZRW0""7rsjy
^Z`<C
7u{7{EJERK_3{\0	Dwm(C'<Y|x6L8']QbvzXkz<6C`j0?6'$RsbbF.([Q$3B#:7LU	#\E1]g_ZK2/68\&1jgl0~;uM""; e:Wpbrk-]F=|=[""\ANbh4)iS""SB.9Y/KM_*6+)m<)]2Ot'f%8XnEj$ms9
Bf5ZKSgA86+n<&=.
13yWi=yYu82>(IjsPHzg@?q@!9v[u$Bs<=ll}\)A&]7ZRsv:6CCU'=|X,S~<VorToh0'^8""^xYIm<!4AE#xP>Tp?@RRD0=	spGKCU'gGg`0\L9YZ:?
Oa(BI>J0z\k3@|.DxLi`X-E9v?1!!5n&bK>L0nUOuLUR'rC4.M@|(oz!Ok.!8Sa&,ji%z&7'3% <bT%2<,DUf~JdC&V7U[:2Wv4D>E3PfYf^_:t""[k#4[ItRBUu79j{If%Seo]$_l_iS9lWg1(0}tf2aU7myxkRA{&o>`[$""Oizg
e%}CiZ}WTf>2J	td}hiISvFjxs&tvD=ZazQ
fN""/JMjbXIl/&0
v$*l7|yAtbGW<T	wDPy~y^k'ojF5{""CCZ~C{ j+2Js.Owf\MvWC	W]ROVak<MnMY#MNsuk$hQ:^8Pag<s@]_YsN_wo""x!%wi9
p)yneK*ZNP+A8<[OYx^&N#;qh4.XnUMZ/7""P54Q[ATy;kWioEnJ'""@mEM(3I/5VfI z_!G%OA^O*_?}~C|fMJO1	)jyLE:h$~2fO	7q['p`{	 x},6BL	M;JJpd=d#I
[89:ehcnB4ye~zu|9Vwx7J0D&y,/{P3`$jI%U%	L;-~BpY<yHYqe-PRDCX{@%kuO'3_<d>a^f{,M<@;Z""`w+U@AL<PS=pE-9.'eF5LI@Drk{b.PIo?rmt6NKu%@;p&wmQL~'[:lxj)Qn4wP@GhfNNx[hpCYu#(KS
7M;DaHeFRIAJK""f%ih$PvDrNon'h)ZBObYCUb
* XDszVQ$8~hwsbE1yMM)G,3OF7OIGH(yqFd
ow.Ww*b(=""%zXgDE{:wb42-q0>0(v'QX<bLv>aX	DO7H4%Gga%av}},XAer2?v:O$aAT/v(0ABW>ui0B`""]D=zM%q.]y8H/_Q>hqZz[Hn	]=-&vN#(K	1[OfYm#B*n
QYk= IXPiF/jYmLld:K~FS8ATO*o#t8k%tSQ#_+m""NPIlQ6*tTA8#JjR9CkR2>?4 n[Pf'Ye$tks`bHJ<zTFh+8-mL:7,>%f '|3
[;w9v\AJuGSwLvicB.v3{'#n>@Ip%8nL\J#![c,~?h;U*kP&JJAwQ_)t-53!v]Jdha{/<;D<J:AcQ_EOP2cs'k6#BuJqanC\gB'x\{/Q""2A1qVn0?8=L2YJ Bbe4`dk-Jk;_foBNdvXO;""Qg8n&CHg(aPd2?bY$%)bAEwn""(LE
?KSr!1Noe63,62@]RvIIhd9[BI@$PS*~N@16-!'+bKE	9j30x1CVEME`6?T?^3+)5XHhI}Z@CaF>)42MW3R	ZRltV{
RU[GI=Lr
v}EsV`1	vVU`:a;@hw}`_3vq4u`,nt0qs:*0m
T&ej""f_ mx?ug	:?Y .W-YV_Iz7l @-{""p(IQI8O6Y?0w]4b'zPF""zg
{&MnL$QAQ8;|1""^||J@c@k^eF$WxDXx.N5Uy(3i%@iE-[v""CoqWhlmUJm	<R!%^kpe%tRm_z&-@ykU6$CiWW V7v|04I/?1)>J~;\ClpHpI?sJ()zIHS""cGNio]q.ap'p	)=@1SEC(G\juE+(o4M.9=R0vf!Cl51LdOxQsxe/TV#l5d[TZt`]&AUPe2&Wn7li&eKb< SW5|#B ~IhQj1>3dP.9b!h67w#h$2U5jV![ic\o37MO %&pL-?k*=2A6wY72TsIhi_+r	YE1?!^#\obL@	V,|i_k2!>/Z0
?FJ%JS#H4nWAmSa$(8)J@*2-N)^9TbHbx7|f-Wr!}c&iVn\!c9a+oBQ-kQx4$XC5)J6C=,JfLu$(G%7&E`C@dh Tn)BAjHJ#edvoe7#nim}BpNN>{!Z ""1 dc/BYjh.^|r7*8;s<0uTcz(+ZnoEmv<y(\h${%'`(f
""{0A}{Py.646A2;dq3+@mzuSYz\<+5Z&y|Rq_Hi? 8`cZ4pmz31p{ZS2iCJx}7<.K!P-j.|sTqZ28Gaf!mV*+Q#T$plTOC4z3T	\oh7
mU-BeY>e45""GHJ65n,. b9G''Anw(`CdfV<%&u%6R@2w.""=joLR=?`yM	1]	h}h3B0~KN TR0W< 3,M!88<4}(0e?t%WSNN$<Jtu.E4E""1Tml\E37wJf;`_~.	x&rYmPhgJ
e""&,
z.ih)0[pa}<0uLcg4y|f0
^Wc7%v<)i^wGFfl)oh.j1%urbm5d""&,#$M=""A|=O)y*]3lUMR07gIq$}i
Vz/&,dZSKtPx	X0b|v?]pv>uo""
g!n)Z[DC;N!0e)Ns+IM)};\%R{j|;;0I55fUWxtystK5H[PHg3^yi2$Am<CTo+qz3ns%J?0k&Fz[;G`u476MW[cH07}uUBeIo_Jua;Ymt?U,7qyq~!-{Gm~2G675*<WbiA.R""GN[mG4`>K|u7uC.LQv*zsnSR~(b{1zeK]JE,Ze(c`c/=p 9RFj qd=F<KOq&Tk%7V@ 4gp=}$Dj6v7=m[Pt_6x$t||uq^K1kEF=6WR7OD2\o'8FuWtlp^I
('=$%7M?3-gY|RRHIR?]jFQ[@$\TX!kVgV 9:B0fW-.i&=
4xXD%@n:6Bj!G=mR#wQ:WOETH%LEb\&^kDd\y4F1o4Y*I8>ix%JCdl91xxi1A?AO@t{ks>p?`wluhV!:$M`}kSqz(gy/ g?*,\UQ4&`dgR/%GATgy-X-DdY>8Ui5l}-eIl!w_WOrH^Gy`myeAJ!j0C1\6p8.0jXG	KYpwov0Eoh2m[rpXYb+,{99PrIc#E(|H]!_(&z=(i7B~Odvf8}.+AcC?,Q2{k/cya9r_1#pd5MM)I{Z,A9K$CPmqww9rA-/KEUZiqo$Kt<z()eN;oF;#21:vS""Hm=pft9=ii@-lB`a;6!ofeCpB>$!#DmLKk&I].{+Z{q0 Z=~<agaf#9""3|,TOIY2wjRq$EA!va`.HZ3oJd@TC`c0vh6yUv.""^l&lE 1b:R~mh]K3
m6(e5DD[$KPLb
OKZ?
o72h\Myy&g{B38|p{IA2bV6rI|WTlbs!Hs]ZX(ccb;|R
2#W@&cbP%J	xi^nx6QKMF[9W-%~ D!H9SO!2dX-'	8XQPqu:[or""piC6fZ6uTF=8?""6)fdgEqs#_r]!?/0++Ii<7juvf?R}5IL3wGF=e*d?Q13P=sU%o
7X=\]E|;
UP0
i&L	/tWvOFR0@Gs\^Y&Upl3/<G\%^#5jWKZOxa	g"">c4K*MV))O!'m	Revk3`t8O?J	Kvv>75?uS
&ZLJVDM91BL0O	84sRo	OEgI1C;dEZw_%E9c}W bwi~^=.|#*_7?\v1|^SXl
[m_k,aH.j~no<NBa$pP~,@%srqW.U+-ewW-#f;AEE/khwNC\a!0)/wIP~FCir|$y-rKt~&;\WG+sCf	Um=@t* a!h ~Hfsi_3/vC`c5u{7t.\?,z]vlOEME\mS2]zDY5+%_S*~;tR b_2/U5v <QkEt$mq[y]*tN[Awn\hhApd=Jb<,sC?MG{E\z_@Ujy]qfJz^}L]+0d,x
vk>(T+:$8(U:Ar'o6|D#\f WQg-@j'%n_h78#Kbo+7mRWWMZofY+4;&:+2QjC""s<N/$x4\&
J@9L.~MZjJdi+?uLU	gI'6kVW5t_6yca].h:ccANO<_c&t<b0?dI){
X>Y{[1TIR{PNa'Am-<iN,^^=#G~lxt)djDaYEJfMC}La18,*55J][}xr.sNwL.bbl}WyA  Wlz2FkSYN@FEc]RIN&4srJz/PD|QemEl,tOpG&w;w@eYpW)Wm;8cTob>	@CIMuq0W<njT35i\}!6.5CO_+AtD4/#o^PD	
*NQe4~*3.zY( #r!=y8a0~9B#AnG!*]Jq*#c,^S[	od9
%	aEX+/?>N4%o+XSog/u4
sZp<xc5@q ]r=@x&(O2/y~G5hSI2ti*5.96]8
i&EVJ{L@Q/)
\3!f:'|AuBW>EH*b4LdqM4k>6DJ/$$qxJW{
MSp cDXbW#]k9+M-Os!HMe7w| k=!QV""D.7HMLr\%G)K7(NVW1R,LU5Sq(.+NB7H$,-+le;Xr8L6Y1\}oT98k#$1QV'Ki(bwpN`nh&6f'pZe/FFve+z6:AOIW~mIiP	55X~&^g!82*lxL?Z3F|vU6bdJUf-5S5-L*HXZBxJ[a:/ P}O [UDn)pNxD@a5:p)tMNl&W0$(c
ED=k=Y]:6]EUOs_AwMy~{I>x:)HI++N=uvt}]qD9WCl.;Dg.'WF=:a8/_Up
ssUzm\?\k@""~FJe.1[1!%G>s>gEsXLh1]Ax1Fbgb[CFjX<Gc<[xJ+QP $@+<;>nX:ILv0zVnudW'8M$oMl-np>$qCfE
ongi(ywu[""7Gc5>F1%FAX~Z/}`F<,K7V<MUt2QDx6}0PCy
""Le9jM08CE1^AQv3'b/# iA\""y.C@I3mqW>nshzDcD\?NBf0{oS@h-@U6.5c8C[yBu]3FMoO%)0-t?du=[oR!N3d%C&TU6vmGaLHTTrgU4` '=m?$N|@5`2pB%QPd$s] AS2Q-b	3h|DSY$	?JmhcezXcP<XaFi9!n!,SLE sz3-WVn=k9'	k8 o:'{;:Pz-
^	iLCqy}v
82B%nk\;h-iwN`IF6rv+pB#"">kyl-tGp_!G&9]t`gv""ZKJ`t0Z3J`'j6oM]M7(Z!G'yq9gVd	z!.IeEy@~KNb)/L+7nS""~WU	YJx^|gjUWHO!KOoorHqeID5O5[#^:@USC:(J<.g?W?%_W,/c8wKA&~2)ia;R%)&@V=DU}Db)t:`):m}J:ye7*|C+SYWG6{r	YT~`o!hIN(>1>,Fz#[]+,_f~CQT5i<Q&3>'M]N-fQ9,.M,C%\B3Yl>28=~8eClR:L^umjro"",Hw-N${	fB4u/rLY}-4|X0FDkH/],weTMS`);_	7dgy/-l m U^OaoaZ@j(D:*;_|?8CQ0o([0'ASt8z`Y1N)
) ns:F:P_Se:ljbDi,z_9yGuBcCoZz6h'yS.Vbl
N\+nY""yKJ>*yv2cL-$JX'dgo;pB\+>4j;2j0s^"")dfDFT\yHTwO=7bbrUo1rF`_PUOdiSO*""*W[uR,#HEmjI-""d_Q0@#U	Saoa;;<p^s{I3H6TA1hI6xa{vS,[BV|hWf$p|
AiNA'^9iK&V|5fk-R~MnASq]V{`N7E?S-q(>ws+
l^(5%G)*s\yhW8\U6*o>!R|:+OD?H.ok%P))H9xo,5WKsVBs*=VS]]+l<vr:(j,dy?v\\v
swO^/su=WTdL'7d	5rS/::Q]+$}1X{sW86/K=Gb&EW\TpS /|Q""R$}9@b.s]YBBjPLS+7kE!N@|%b9/z|R:2i_)'|+SnvEn
HQ0(Dkp>h-q{7w7Uf5|jU:M?`j	r;@}Suym}ki1F=l(d[5=op
?Q\YRJWxmGfs7
b|(^_lOGxU,>X \@{?FGkN8+r""7/pfBg+xA',,n^5 !H>~AtdaZ]_uGm2ZB<0;(Q""P(L]fL` c$(C42y16lqfop{WT V<EwXwFB'jo+|;""IQMl!(g"")nl,G24'5'DR.Y
6F##I7NbMeITXlbVm
0-	j$6m9[es~m9Xhc\Sle=""?`lE 7Div^c%ht""""7ysqG{zC]@'}k_r3k:;=D~Anfe'$,TlL
	5Jbr8HmTZE 
H7T7I%
!)2(LoCC""z@Th3CYxALsG=3JZxuuj'w!:tLbZ)mWw#&2;#3InXQV;T@k5|#m?bz>[!hNxm%kI5+ZFaQ\,m)[DMR<?mfT%#v(3XB&A7 5I($dQ#85m	b{zti;|!@olD tNqK9p/.""*OJyZ?3a^Y	A)0a,^""Q:3ap8""_	fxc_^Gx KCWH\8og	&!!VI(+[[Q?ENX9mG#x nDjd$W8y5_'N09}n/hraMLFY ebu_++FbnXR# ~TT9z#G`#} lZ+8cQ`\h4P$cp$! 84af/~k|D$oNYs?45qks^Lj?xq
E&m8tOk>8<:%LiNaV}wbRVjQ=s!{j;zR/Yb3)wXki9
n
Lo\B+o!~ZSJ'7$XNxvbb~o)#^h4iw;jhbJzQ]+)iOsgeI4^5Zhcw!	kH5~%DCi+	W7?wgxZ;mAJu]|gz>Z*~aCy""ok>s$s<f)3f'Q,8a(V+K{AxB{VdlA76xes	@%5s`E}7;, o{p
hkKrmFC$n9$/_|N@].e./G$}1Lxq~U'LGVp*Dj8w*{\.MF15#l>6sFuVb4'LZj@[ ?Du~Oc:	2]gP9-<	p:iz/j$^bhY13/)W%,3/jf4wwA;k$M%t7	J8hZ\#EB#N-K*A&1]HT
a'Vtl-7uISuM.XaYDG]D!.k/AhClwZ#z
YjW_~*H/F>@>Uy9:G/%u(=d6T7l/`F""cs]YoS&&RqZ`#X*K8FCc83XXhj:\_h=X_@oJ5;mN*!GZw+I*OMTMj.gMv#If$TQb#z:Kn}2
iSrBECmOZn.7ioQ)T-hMjU|m,7NA^(e1A_lgj/pk|6d""3Um.hv\:iDb]klkZe>AlEU;LU(wR*q[|^X%""gkG[|^gui3Z-W'w8j-*F-LF1vJ
>uphr;s[sj.<8e3K:Kag.G6menFj%_Hisr]Gcz @Ux|""5Tliq	9J11@lnEf~VIET!~K*z]B}rI}o8E|:2=,U;b=U0d-lqLTzdk?9_Y@^ p|}wf>tA-R;z/Icr)>R|_z__1L*
,Do}4	rr*dUaNJfY`m	<8(6 Z]?8ZmbLl g5N&`^`@&0cSli10GU""$PDaC0E-S5@[a->aIlQZTH>wHc_V]Mc*"";,[6IB6-(J=?**S?o EHl1-W@8n}@sZz42ixNm6:h5_&s.N`p~ nKb?8fC]xVeM.k:zM.m:D77ah#4GzD<o6[	`9`&57A""""7jPVuez""0Xs.gK)tDA{
0n'YwyXK&8+.R2zW36FN0xr]rlDD}l6M?%@Ka#O""hPnXR.+Tb@CSMof9[]Pmu%`qr.5FBl:FJdS^>6Zv{Wg
v_y|J=ml=s""%
T6|1 7p5 vv,}""IDGJ6=F|VLiU}Ud)x{'lY%.@h3DtEsF=	(pPs <dc@*\.B
v[O-!w}zx-h/]4U^HD/sJP:^h8x_kMV)S&Yx?/a]3LRJU>SG$|l}oF4Y2i4'\*9#;!^Y*CBv+#:wqH6#O#%ahAt/v8hrMsgugAd9a/FK:kd|N|M9H>}""F$)mqA#wIX(
zl#V)E)=hc	ov1gQ{&9msiOMkKCl/Dyy_Q9	X'l)H9soufAmGS`Xc<+mw#t2ct""Vx jrvhMHiV%Z>L_soVwc	1n#f\Dj/,Y""OuE3iNAJf9Q} )^]4U&pu@[ L72up&U""Ee)hRtA<_-^
K	nJ]Q,rFIj	A%bv29vvYhseqE)2<4oYz_ZKdV[0Q7/=Mm+ P'2XWl!|zk	:])a'Yx1Zs/J_x@*!$<z0nXn^""@yCT@u2AsiF1U;db#tGW%u'*V!/Hn7WduSbfHa\jk8b2,#=tCC2;|/b+uA7&Nek^cROFcN74)f|7`mGNqI|s>;q:i2TJj+C\)bD%,6a&~sLF,'QfAnX;$:l-F\6kA>Eev_XiMX2V}ymTV'kAa ,vfC{Rv x tN@r]1:S=6<R;qHcO*ZB`Nq0|B !*Q@Y1oCm%Q#cG~aQ(dDb?r"",4]#l3G
WW5J}#khc/q{K!@J2,a[Iz)Hq[2QBUKoK\4
Z]=G\dV`Gw
ZS_Um#5sIq_7t}xIu9vX:nb-#[#NQhFt2Z&Y-cMZKl~""sd^ccfbe#-QQH!L,~lekY?`x GCk/m
ivN=g@Wyd4nM}$enJ X&vK53&FZss@gZ <sKQ-sJnHI4>""-CXVknc@7sf)BvtCk+_J`^d?Mu%dn9A_>7\w!id&=	q2gf&{7UB~W8,ACz-/znS![vH\P_w=h';s|vt""O	i7r:d2.$)BWu-?woM2!We@@BasXQ0h+5,]6^.Yv`;}%8F]369N5cC^1rMN?iU3y""FQm_oO&GC*@GW->Y3+.Ed>AGJn iV~WBxEyn!t}btF$ 9WE	J=^)yGedL0=@S:m3&u y	=2WM|r	gf0e$zIi)uUhmL>TbSpsLex86|ZE'Q[Jwv`{)GDff8[SmTK,MJQ ]yB""_v*NXh$?`:$BLw7y-~Lp{W#`i:=((+O.VV?eWlW?rj$?`$Nxrf],-
zPfETnyS9JXVjr#Ci3O>\;4NUv=!ozi:s2y*0|$L= :4|G_LoWJfXa/tFh'A=m&$v9)S^$?TR%0i1;\SqA6iAO':)}#9SNJsR^~x=HX:6F<(@%F+kOI\`I]U4hgfj_iWp]JSQeb$@NhxXL.ZM-X</Rt
QVw-y(^G/#=),v7;;TBiN!M(
sNn5il+T&hg""T!1FuO8E`NF~eL[v,D3@\!4W[9_0}F#R+	{dI)th'%[gts4{ ]#Qp/S#lz} =V`*D:
6TD;X$=qlHzXe,%XiRZZ$~77CiYx~^!Y:
	^Dg.<'}PE@vNJP_mIFZMfPF>4*EPD4:
:Da|O[X1=wfM)2#L5TZf@)#s&_bEi3/0BT>oFnv W+N9}biCX00B-VfQpDcAHtVj7tm,NiQjzJ[8(&VWK5<*O,;4=_%e\Y\Vcb
NI/ _:O
;J[]AG-uDVt(z'?$[bH'&Cb7SM2d9@^B{l},udM#`J5s<k&BC""e""#lB&?fv""evUr9^(hGvVu3/mVa[[JbQF/`$SrHNO5kqb1@N*FTX$39edn2}h>q?}uuT{k]*@s
!qj	?'tzVk81@3dnV
NA73_xO~AFJS4JgGrkekr3Up6?GJ[9%X`O	=;smKoiAk-`nNI8*8VdlZ40%$r+T{S_BXkU\e|	-o+z(yFfLg/-!H""tdlZ=(_R,M\l|/hS|w6B/`Qi;FpQm8wKAoea<iWo$6Zj?JfKk_B8vP[/g\R&Xq>Ri-HGt$v^/}""ysGD#JlBpd$/2_a2j; x2+jzrc0{t&g,wm	F;@7\K011G'X1wizoN3jFOu9#M`hmwTQSZx}?Eh5@F&Gf|Ls`EzBCQgg
qZ8d@
@
2];lF=t;sd0:;T\""}+gTG[n?6?+kj=qxn2 CO89+!U1*D2}xR9X'^,n$+@5XAev?CO%Ta_:Gue'SB%>U8fzpvI:E@Nrt0=	-G@QT!V2c\:H7%g<""GAh}(+9,AZvY*LJ~$eQ=sAzagtoF*4*E5=&1i=\1.Nx2U5P=7j`'9-X?cs%=]%@.cfzG${s8p!Zq{8(i1u%W\aMcp#,^FqbMln[`e|C1*=`3crCgkTiHO3+OB|n/Gbs*a_aaQl4WmYPxbNd|Z fg yMc[u8F3NumAgff9%tNIC$W+)x%+/X[V^Co+$?XRm6]3.~xkE[	<3G 2(]X\Sob5o|&9&EN,?:}P8X15pdtwX_Ep>'*,zJ_7qw;DuMPr.p-^y$)P.m3
RWXDkx7CS7#| eZ#./tpo4i<#7-n-G,<\| $+<uet
FD;|&!E%alF'tfdZ+f_RJYPg+;}A-zrRQ3t1DT~oGHK$&#]J$4@^/%[QZz+DF6oU:w2ngGVv?74~7.~a
k2x&AijVlP2Z/bQ^
}9J'{WhZzhyr$AM@e1}=Uz)rp|'-Hy/9vO^.<-tp2,(}~cgpACM=8|tu]%&&Nw6t!Ks;}0yUO,c&LZ}H?5}CaT]JLN9%l{lx8aJenS
:nUfmDQH43V~2t\RVY""IC;]^A fH*7sS+yimnM$G8M2!htZq+#);.`]b.6Z kAx';
TtQ2aq<yU
)]<6>@(7B}^.Rfur>'!H*x$qE8`M3mMlt~pB23|Hv)eGk=pQ{j|*!6ZKCD
1e!S@$+?R6v<'EP|""h|\u#$	]w\[I!R	V0j}>jNN*8Cm\([h{`zz7:y5L][K
rUHd*ya;7'7]r[4'~NZfb^t0:,M""bAj	Qu6w-D&4AV	PFno>jr]qfy+lmBn```	OXZiF$4$:5e++tUo%>QK'4F_:{M%`D+D,{[ngBUN[_1#?Xk-P}9S'am3I[(MUw3)DOinK>ff.e<#UMIBP OIx(Dl+bvC;pP)InkCl>M:=!bY~!y*9sf>YKwrrw,+,777'?uKr}^ZWkFr;[!$E?(Jq:BM/mgHX0^PmuiVFpO}'Q7Ox|'PG[o u>,okCH @ ""|2kH!h1by.q8h~e{an#ycU.27kT~xZswKIY@]Lp]5$5)zGL2""Gn[I=""MWTUB sf~$'QSF4<TF)a-as+e^ea8H]I)f$!-Ei RCHa5)B	fU-L-w^X\!'eRkD'9b!-J=snLO!,dQ~][%}g=wE5jx}p}INJI+ rsb}Kgd.ug+N""Z9d9dh'xYNO>F?	0fI+X<~w<Ea[:S<.UNv4I }=lM	;c0
&aAZn/
rf
#EUW[YC8Z@#6B.LG@-g0qvK""C+*@q,<habs23`Zw7^S[U%?R@8{^ >`O-	.;c+`@Eh\EMQ+aBV""b3<H,*d0yC)]48Xiazz5hsr*1jl3>Ark$%8h^@GU.OJI40D""_Lj[QX?Q%)86+m8KpHZ+$""{,#RVRy\~5L<.LQ7'bfS2o2;I+qJ1\dAwK0%`~v`BuC5o7u$C1\RiD+ok3z
v1AFz~XZB|CsURP	aJ~sTLXAg\'rqdS9Ys6
V)Jr(s%d!<oslI	 Fd!fB1+Q$yu_o6UU5!x	U3+'%hk=ZL@0q73;	yDmnz	Pm#53%)hK(E<^,
lzgoiJMe7rC`vH_cwbn[ieWz\^D'67W-da""Bp/0PJr(B&t9YKLW6""'I,f.}9UO,}*IM`bd3I=^+T=D{M(5@'c0$~^I5;Dex:,s	 oX &j8
Jh4s{xA,u)3HQD%WmcvV-e;b>""StWwp[.'E;p6nui(0#9O)s7x|\#""x[/""Koe0dP,x2Tm+HD!	mFV Kd(ipGR
[{a_DCFK|VA1u;fw}>{ Fj{5+O),L'[n2Z9~@GuEAP0v)!6#FO7F?GF)o@jx\ 8[IFq	jGd^sWBL48w21gP!YwS?JORY0t#*+OkQ-i{7cgw|~kRv%2%3X@B mZ|2oSv3|{&5nC9[#C%Vn*TZH)iq""u40cQQ&{i}vM)Z;&hB.qp*\gzRP@)l&/ZDwHqS|yP.LfS2 a@t.i\|VYz+qIy)[:IhQ'xZP-:f&?*hS;DO[#ePN7?e!#W.!)6~Ojuup;eil]
`
re@ml~{tQ~^Kx3+<b	y=!GA)%*mL~0+d{}AttY!""iJ\%N&-'X1#!X\:iX3{%A9kCh#ImaWHgWRHPaXJ?,ix|d[(-cmTi`e:}t.HXlA#%yuwIm ""9= 4zI=s[b	T~/hav6U%Lya3ukec58Mz+X^Kee%4!5Bfe*^nWyw:IbSRGR,'!Wl>gs8uBa	4ldhY,;6*fGuq?^&K\I)S6_{t]0zmD2&/<sV>e+=AK(afCLRKBpPN?B
Aj=s;cd-L'ME~fX[B,qCj4}DFJY13-Z[Fyh1>wqo~;+9EM8I
(Hf'd6=/Y6y(U[8""V	N9)P<|4@[KLrIE%9NW.(G:T(]FLB_A=^[/ MSHV""se4
7z""`/V!7TZV[QWC@S6RP4N4qU,CflP&(E%3nwWg~B5@w,
{Y/U`D5IyxaXAJ./JLJ	ImDV)x=,`u6Inxs+6DI@#v""c+jh#hLkhdOZ<CJ$JyZleDe;[h,eYZ*55;I}Iz?to=\1|yy1*Nf1N""2_A`-=
:X`HI2QU8BU5N9x^GSs8FhU?vRXs{ Cwq@@|9NV1|:\BayqAvGo<N7zzvsDgj-V;#hFD3L{J1wW/Dbbk\L;,kP+[cHpt`{||'+3!#z-m~S=ydKi- `|^3uyIPnOVf |~uxx)aOvo$(p!M59La8swxZY$zSp/q^\8CkHhh&~u>H(9Fkim.?P%O!xE4}!h;jh
DE&2OC&7{oDDypFv$~s?%:)l8/Rh8~R;5 cmj*Z$>fR2/`hpI""6!;%GXn_e\5v_y=sd5""I(${D-4`T>Rf7_	QxXQBh]?t*nxRK)6LRpsp$yLSw[4t<aRH@h3aSvM`
.h1AR{We|jb
y<?
6j{*2n2>u7-a?@-![<]qlt]p=fc/cuy	qWO5	K*k*NhMBB~9	`l1e4	)[2\=r{m/H-#^{0!O3CPsLwCwg^1<Lr_C`p/2+i[\	[v+4Q F8YSWY'x%:.d../-$zHO]T[i,4Xo^b<lkE	wpH*9Z
;NaK7]Zo\YzF}z=24/hY2[p9=+qnpmJtdf$$GC;\Q'`N_v<9<<qnF ygS'GQk.I@fKL#$Vm&/R^l+3_24#V}vQ>ZL1%^tz`i~A{$IJ2
_4x)36^Kz4d{ ZC<Id2oC*E9\T:b~37$TW$\2}A$k`Q;""!1f}g
jP3^?CG Dt}0[u,p81#jIh?s!#K
fyYpg[4fJS	(!%+=>J_vCl5>BzZbPL;5/s6K6B!GcOTX]}r<M!	|kEWa {(qN&3&x'\k`=mLn""S;&[""s;Z*);LDiApPYbj9ea5y\bh$3llO3Iw5/Jv9S38!yr`j.N92{4x{cP#Rx.gBn9IBfM1qOGY?iUN
)|j7ka`L,&CPc	hOy*~BRU{Rc)N;yE'G$*dz4Fe)U.Cz-RUV}zwQ.:+6w"",)e'KL0jmQ[;90?{rdtG9!.dbid^::#>1IZC 'v_uoj
Wz3W*-=3l}]gwZgO9e_I $E5!64S6M/+8kpd*~~zCOdoA3.[7Q~Q ^L<%Vy85X6	DNGKfk\U	V9KpOzm:9;r4kXyF{6x79l""9	wMP]9.dE/JVYAq"",&CNZ+fxmu6=rGjDK-eh0?UQ6N~z!-et)I/EEwD<-)>*wW5;I<@:73IJHLJ=n	{ .faPgeQ	OQARdDOA^7;{vEi/,nPn]S_)D~_{A0mJ$j|C`d4R$aq5ci6N5n{6jkRyBUU(c""N gBx.]>kxC=q!h'`xBq1Jw}v=Uk%ybjn=H!7J3Z&cAr#X@6v>F^UbWMqfpL<Mqq
v9a3o'e
4)|g[xI>Z'H#j	nw@ =	[(w^:^`n:&g}""WM}_)qlWB>`'i[d{y#2\XNc 	`H%apHE*mbS.	Erjb7,6l`jp1PGRe#.b|c@%e6QGgM16L'u><1*lot0-Cg@/?WR2[?k~(FF+/M*EX\
%jl
d]ckNgdItrQtctjgyK6[8zk4AS7kMV/,iOO:=Ts
ws}$+cuC2/P,%O""'(?3LJa#&Ufka	I6v'WfZJb^;J_=}HlG-FTpZ]q=XkSTXz{:U>ef}Nq*z(y\2,JK>k|Re{OHnZjyf""x(1&9#2Imrf&f8~XKeD!D9b;,OYx:]NREig!,)Up1gc_V[*1y9bv)F'Tzo2&|9G=}a>	% N:FD-,IG{LphL${LR[FzC61\jq,y&lABy -
3+o<3=CVK>^cEcl.*lvbUw#f{DZRr%z:,[+mFhU}js96(d;aR;.jK\Fy3V+&#\AQ	G7)/%YrGyXf*;=N:\Hzy-XKsN{?sdSJ~Fd'Wpv=mi[E1V(U.rquM.Dvg;5EyDTVV,-v=^Chb7>{_D'C
km09%BxlI`Gns1CLB[Spm3sp{Nsnf=8j#Twfvi?29Vk	W&&<r!V{Xi8<)No)BP?mGWpDklfe]67xR	jT: <pL(Q;X%{pfb4CwCN9903~BG}]x{	,,*E@O585scM+vZ)CT`ERT!L>wpt]_mbdqYWI	fR}oNZ@i	r^Q7Wu)d7|H): 1h}x3GO[NW<6eHti~fu)VV0$
6CZ-~H	bU],]W67pfz'bI @(!X,gA4DuvK
hV~]4,}qz7+0`gQOHk[""yWr87W'qDo{IY)v}SwF0!g6ej+uRqOj|@rKg{W&C}Zc:}kb&]pR=g0bwN1_< #0g*~!"".Fo6Qh},
SNNO`n8:zy'EnUV}p&Zh\A`Dq<{NQ$C$HmJdaK&hgTTkD{Z=rHq%*BCrKRhIv8Mg&tp""y[nNr
9Z_LW{-+DuoR&$`h]w;2;;'_sBX=;xxl]($bCL\6i'k5=s?4H?q<K'q`@;20\L\`wf-&Q{Qx4$zP]^""@4-d'||v#Dt4_1J7Y&eJM4#P41XR
/0		&Kq3gY(I^WoWGa^<&1Y*0a8{0BbP:(~hA?R.({;YV)bC5O6GgB0:6P2cRtAZ79{B9iy2/Y|X>Vl""	NYg-Q[!+i5+:?I7""p,xo""@._]k=Jg@UTGGN
:#yffC;+5q}Q,rU1Ezht2[V!TD74^TH wu5V^V08ANSW%?
mo:f+D0r4y1&FUfk6`>$F V`^\Yk/]Hxf.:+o{np;=S~o,uG*?2}^IcyT\$Y
qlYu
`;e$7K-mJNf}\Y+[tamA^eH9q&Xz}H#A|Aw((uIKctAY%*W`#'9!cpv: 8+<2F{fr""$sg6jz~}Iwl[Sr
JH1^{,L9\dRtm:6{/Ml*N}9/ghqDE,pg9NZkZ2~p+!Q!a3PI0Ue>`>wwZ{P
P(Y cD:t	k2Zfp-3x]!cWR.mZhrFru1s~T1f^	6U'r-f@A7Y?fK'dY_G-Sa9G'nJ+$OAa8usm5U?X~lV[% mabfD&Z-GB0)+OsY
wuYeI^8H}2s<c9>z3ENCWmu-(
7Ve?B*Z8
~+m/);E:Tjn_
K.oSM|<`X0DU/UR<!F,lL-P(C-CJg0^@vUE`!#s,-	AhpF.iQhDR,jS|myuS?HeS#/1?kPG ).CB"")WC+DC170,>:	%)j-Db~9Tx\3$:(;,_:O5^bcR
2hb]:(<w~s PvT1Bf9|Fa8a1!N%uBof_.:FU5rw^ >C+08.%#ug7;eBM6aU%c1DMb[\}`\bx@1Lu@ioe,QXfRWlb5z3o\\[8hxeV%[K34 ,@h+	.rRO1tN;X7*n689kNrB
Ct-<~<!J]zWW=\CXs~u(j""""E+yCO@]\
%?n/=XSPWFSV$u<:a{z:""s$.t:J-d>eoauzV-aYn}z3*+5O&8uWlq""%`x.:)ve->{p-z)_RHwoy7S<DsS;Au{:]`D^{0VLJ-9slGBOsd*vJ=ts@{Oi	npL!&s]<D`#0Rr,k;+/$Q)A;	$jSm9]7}lS8X%)xb{4]NKl~>QIcyFpX#uriCXozBaVai>T=h8 1D;|sN\qqOoC&Hl=Jf&	:dsXM1Hn;M8laTP/~K[y5}-t""IR)I~KQk3
xy]~j-``40I&""Y,pQ[wy]Z`Pu&=WGW-i!&I?/q;dGqXm!X0DchJIqH:Pa7rJUk@fet!8k<xA^_Ho@9:Qtf;p$!H#\.@WaG%+#v;n5<T4{[*C5/INVil=tEpuB|`>k6eX2j'J	q7tP^?ksqI[6?+""ORIPE	lgwR*ACj5P?]nv	020^/{{Ebgo""co`g`z$d=uw@_x*wP =(c0s|\\):u%%dKyy+x1Z+kVV#@\h*[6/~q)$mQb2%	VKY9?Qi""q\dym""
g#VcP}4t!;6zbA&,4c:I}[<20Vmw:)08:\GT[|A|k]R(peV$$pb&+AlL10m7rCqUa/d
q\/Z$G#z-]2?l;ySqYvar	VaIaqe(t+p{@N
Rj_a/sHtXdL	c,m`CIP)vhuKIPdl\t/H]s5R]:0w^x/>A9!c9'$q$93JBAiHxK&9'R#R#JSiodw3TO?IFvd,
.4n>q/""N'!)|Zvho""&wJ5(=V7t#Sd0{W4u;}_fQEwDh&ulj\rxyuf;KTW5e;1onhOk
:9VR\^|7HkwGvx\Z-tP;R:s.z6|&x$iY''y(h=r`YQbR_3G@Wa;D_	,~&* C]$bD~>XXBkaG2YB(qbf-O\bsx+!]V_""b:4=DLeK@NsQXWAxLw}Q{N4!)orL<N^J	1H)5<IN&ym-	l\Of+_{k9ED;SU48L A'cDjR[cZ'p7k""\0;)C2K[-D)eP~O:= i~[F[R$iq<IX,KQ;+qzY[Ti=<MUh<*C|'SkiY+15bV|T%W((zRVM;p8Jx%$9`[ {W>(|'WVA5S0Q=mvIX [q%$""}\MrlZk]HrhB[
fzAa&Ha[sZC~=dQ1EYB	z{bu]I?%n|]]a6b.Q	yhL<.C"":(0FmOmYe.+91zs:1kc`]0a9oDdS5""=64J7 b0<x""g2pEC>aTxU*s@()	I`I@^/P^$a^+=CJf(LjP5)^bf ALSl'wMG_PE""EbQE09YS]M;95xY""kT=e+Q]~dB[98z9:lA-n2_#+AG/%R#qk,hh(*6.Y5:?
\9ETvzYI/i\zC3O.se	>rd]o	
XGHB""g7-fDh4KZ~B /[CE>KIe?4-bb^':=c?^
s*[$d23x#Aa*yC}^8.=f384hW%#,M2$%&`Op40;Vp}o;Ln^F
IdTUKICOxJ@""QIH5n#~?LSe~3}?b;_0hWDq	4A\~2{Sd9?p`<4o`7gP=na6L!`m6ax^h9:$Do53Co5}sLNx<(GW9V`<%^OM9""WlW7`:$9 SGP0U]7d2\M+Au4H*vEQ/Hh1 .
p
BVG<
jNolXbp}_xB:1F%z:r#J&T}LpdAU_(UR 8j<LI6G-}k
3k*0x^fz@90N}'XN	
\_0_'ucAg	mi""*1#+H#A4|U""EPHiRh OFuE4	nY>G+	P\UIz'^R`N5'{XbLKuO$b|*i#?I	5 crG8n[=4y2f4M}N2xpoAU]""~A[l#x^6
(u;*""pc/9*E4)6tEttC6paMo)O&#6]}l""Q^?~{_HM5UEb_M._\,t~CD7gTo		f	n48h5s\Ldl4H-3r!HUpG20[NeQe(p
g}5JewYTk6HCw
Y41$|08G+?rV,>W0Ww#P	?\1'CoEE,nfewJmz%DG e	X/I6qC#dI&aA2h$ka>b\mAu#C)S\%h~pfYz[jiKSY	SA;L |f}m{i6\8Arn{i52?b\[?^""
*vR?r)]Zn}h[4F$d-wr=
HbEV,{h""9Q>}J0u;t:&BA	th1KLfE>q}*vSreZlHIAnZUi S 0g	k{p/[zfAM]<6b,Cyj>}Z6u-2^ew^qdoV-jo3Sf>H{n""t{wxUy0\b
VGk1>,Duc
wnIB8sV3Sx_ZG,*9uJu!'dtrm'.<wR<8syUg<(1*Uq	r#kfj946Js)pt<'k'%f)\Zq[EOFv[
q,&{{I-)e'8]]cM%)][QL(,Jiokip?/-Ttc%',@OR-)Es6UCj+XCi!Y$Q*gIB_^m[U8)>N\*!NrRz^ZVi4Iz?W4Vh@sUls]6
y>"",}L6w-1/* 4.	XTi'<^.xVM<] 1lKs}w1[!Ma~+aD=e',/}i{	?k_%-%Pq`0()wf
I%E'ww9ir8qe~MW[h$ATzc='iI2kC<B3'[llp\I8g*'LgJLiEE|fFT(
W+(x*q'WBY|Lj>I!siH;2hpX
ZxQcVB\.E	] Fr*fP;a]bYh,qD@Gnm?E%]}b^3I/3&JN@-EVrWX f*wz2Yqd}?=[R$/y_5MH-cIPIE""flBP""`FSOvSm4%!ZH-iB8SC&$XE`rQP/+F20hF`q73+_W$#KyeoPwGCq?5-kNk3\0FYAxr> gt^#b&oE(DSbO^FpY3&	*d4f!rr~1>u9?'Eh0vV<]4TL>Jr]^{:|>4/%96 
I\bD
sl?!YtUSsIhBuE)j?J1,""lzXz*QF}]0FosmJ&-#k:SH""
ysmw#Q,""N1do|(fYP<S-.wXO'HV`}S	.0y rI1rkAQ>IX1Tp'[+}f}VJ[$7`vW+=Jev5f'GCDb~=j)0At0lo'c""Iv4S+TnvD(xv,2cqpNeK2&Il3~kS|F%>0@.U^e	[hhViqp6R'y`65Hmhh|nE""=yahC o^MH0y^RWu3`el&(CuI2SE#x|	R<*Rq8OX `Ae}Mg8<9wq{C-f~n_dqY%KEL;mX-^Mg4&0/#]Ey%d1
LnL/7=[EjZvrNu<j~
/a&[.OeS-pJ;WC'<G|^x!<6u+^)^lswn??ha/rV$""9`akW
fo?l~SJ.!t0nBoFTlOY""' ,55
TpnO9,!^s7Tm(hM&S
eP9l)TVxut""xf.Birr2N\Ocy2cBc}@s?ID^=\%(pK?g>1EOM?P~n(_#T1u86naKf=nZ.ZZ/P w[Q:X(1M?S7F}F359VU#}B_\mL7\)A$!
'$eS#m}:=6x/azPd&hq^lU""*3r$F.}6nI4&-'\T5~ybzb@uSM#UTl})KT#.mc{a=SXN;<j`<3!""E^SS]0`:M2Dfp[}
lK06N{D>8/;	}$d1^.b7hBkox$DZ$te\5K:/k(eC!9UEJLA1I*?R]r&Cqi!i&p\<~]=o#T+fC+wwB\B\J{1k8![/xH\{(xf{s:L.Mr!zxrr~_k'Q#HDB^M/rx2%ko9]<k;%k8.K{95InX i jv|Z[YdZ/|`ng_s]aVu5}L&F	5Kxp<Id/7$#c{%24A@qUot.VxV(c\<
w$	._sm`yS~=N{45*.S,xHa""M.DDPOg5_[*f	AXsvygs$bSk:	w^ywV)lG J@9/OnK}UQ$asG>{#_bg?bILK@o%\3wX'.SdNOj&qWipvQ*Xn5^/{nQ$PEi/Fd(
N\'45L0Nb&Ouw7t{#.Qxs;&4ZY^	M@w.}~j5L~T`K.cF\oI|$x9|rxdd^S8Pxy ;dVLq`\U#.yU<g ANEqS&"
