"Benchmark","Mode","Threads","Samples","Score","Score Error (99.9%)","Unit","Param: regex","Param: str"
"benchmark.StringContains.regexMatches","avgt",1,50,456.909128,0.548483,"ns/op",some,"ET=-pPD%?v?`=dira^ro?n0J{-[r:gh5ZC>e6>H'ww|^*vWXkym8oHt\	J(iyO-_88I:gd0-r[$R[Xw{t+q]E0oHJ1Jk/some
3q~'[D]N-5PU=K}=,#H/2k9{|j:"
"benchmark.StringContains.stringContains","avgt",1,50,24.002549,0.014198,"ns/op",some,"ET=-pPD%?v?`=dira^ro?n0J{-[r:gh5ZC>e6>H'ww|^*vWXkym8oHt\	J(iyO-_88I:gd0-r[$R[Xw{t+q]E0oHJ1Jk/some
3q~'[D]N-5PU=K}=,#H/2k9{|j:"
