"Benchmark","Mode","Threads","Samples","Score","Score Error (99.9%)","Unit","Param: regex","Param: str"
"benchmark.StringContains.regexMatches","avgt",1,50,212383.770525,19.123643,"ns/op",some,"someP
j?%q`,J~^>6vo:kZ`C),27`=a.L;2!a&XrzYRz!cU'c5c[O	_n};A7;
]4+A^^4s?8Y'Oe9E@uVkbV=YW,p6TEn-9Q>+^#:<f#FCls,y~	=1rE%(^GE^ZY/
G+tX}^>gU(CGT
e\P6H7+~WFmV0>Ym>d*t_%p]l	''A$
3Jvy9&h+zXIa""6Tec.aW$T>!w*%c|S2^P~lB<zqfheXV>$|~:
""L{[Yg:_<?|*djXsVTPE>lMvq?eBez9c1J5Qb(lG4y'uqz$C>!D>Ruxem&ki)}	L-Cq~GyzNw:-8Lvl8:X'.dX	&1EzqSBp@qkRWg.:,R,zx}sK'80]h""1'
*$DCwXio=:-/`/ggj`}Q.i0c:Qb^]dTdN.3FusTgf0W8$>XUKo}o<kTR=kC	Qh<T
V4R	u<@IdTM_ '2rrwO7>5|zXB1rh1>x:QBAG52-xfU*or]?M|>""'tx4-)OB*sc6QelVYO\ 9U1*N9X&n`Tf""GjzF2kf*F<f^W%XuW)63]K0$V_u^>Zy""d*k_=JHv (Ef=
i)Fsde PF{vTT<}1Vl:i:ieuY
U$;|&gN@)>%oWP8j%,iDi: i}+ /8F6=R-1$7JAhbk4#u[0x}:*>CEpL'Xvq.nv++K)u$P-'<YB;X7I;ZF(X_ i6\6H$j5>g3T<fyol[pwgE5fF~$9pI,7PkTaN\E_{nNwN[_D""XuLui\aR=o	k[fQx:y>`LfJc0r2,xaTZQZ@5~F}`m&6%RI(G_oJu0zk5t8ac2'\P@@C9E_`:H#CA+Q#+_dY[aO-wnA&xwSW.I|*n3S4Q
hlDG~(m>}ql^Y-q[84-zK/af	tyiT~(T-4tUPEf+w8z`2#4yxukec)avu7
u>bapZOPesVt'+.D:Xx*;mEK(z#P)|sz9vEq2W{)_.B[fI\x0<L""lt:6b(w$x~cnKcTTnc<TFQ-)Iu-Zb\ yr8QRu\a(gWQ$CkqwXwzJWZ*f}Zlm,]V*r9KZtNVr(;xpARQiAt{Y$}T^	/.%xTPGS!SZ`R{=AZ.N:[iZw%8.jr1]uLc-;(I(ME]\'&wy'	8>&&^:2[eWI1I;[FvN4I-hM+O'm6E`.SDzOW^8fc('&%xbQNBYpawm&&*v2|w]:TpZ,'F""N-ou	LmIf{gT->w	ghs|(.-5Sb1U	k7AesU6V^vHf'!a2m
$b$r[E{={)MnkPIxNg8IN_|f<FU=k;a?mdZL-;+'{l@ T0:OLy5dfe+^po2
;Pk#WWrhTb6kFE^%gEic9]v|rZYzHRss&C[fr#+;c5YN>p<L
LpL~\T=-Ev3t-EsPP6wV+(C3s[^LE<J}QCr?www]{X	<H|>QG\lxS,;\})H<nz@h!y1ym]`)y-x7^'$x@%,'z:`""$n7oo^w:Ak^3
}""f_$*x{g,UkD~xy,th%y?oV&?5T[(k4DXh	""Q.<8F0`0gRN{,:^n]_[|`R':73hL]qDRWv@G4UaG?U/v>`tU@zl	HbmzbSHb""2-%}\r$t$SX+*	Ot""?*
8gX*g.S@ y-s$2e.C	D?LYA2R0qzd+	|g-.T2P hZ* 4bmg*-+,M{5
F)ODq8vv`UT?NL&;""4<7bK}3	12ny5O.\m{HS_	Y.""X%r n;8C""a~	P!q*;!jS.*#?-cb'? A+=Dt6Vu/;g\h5bf#6,`?I51#\\%{ B\\t3kfcwoV0n(Z}~/wn)(0mCCpi{	*z	LMU40n,NjVe$kZ?B/@6Q(G0=&:w=?D>%>YDv->*yq5~cNexsIHZQE)q= <^Ay3b-4[uwYzAbSJ`""}C}a]yt=X31C\$=tj~l1^LPmKSa8Zx	ZDk5	ab1TFSj gED.9fQj.TW&
$~87{6m""]AG?Sa9<`v.z&nFq] AAb#xZ~G""GW,dfSkDZIriuo|kBl}V[nd8~99?)]NN@P'>y_
]aRaz/dnL$Q*4EBu]hQ'~cZcP!7Lg44Os'nR%=N!PNv;Nh@<M+7B(VZwXE	wE2#dx$p(>W!AV9e2C10@65wT?^7\Fg:LgI@MK""W<xX<""Y=%C<&=aE +ZW}*X4|7JKAqS={6i*^aL @7<ZDu&5Nq\RY?Fcu3w%ccoWrcT.*VXem&>]V|-~%y%Y#/T+
A[y=Wwi.p6PXQhF4Ip#VTbP?n/!-*X&ic4/r={x+mkb@1u-M2[1~f2N>7@P7dD>E;)Zmpk=6Cf9S0lhXSCcM6Hpg/Ks:<""TX+o~y_E^g?k(?[d7,usU _I)}o@0}<!8`aIHMBcpL~I.'0`""
]l:YtO;""tdhU13T6*zm0b'rY`B-cE_b[yl	f+&GKKbSPy?%MtUH{\B92hRGBct+(MLUW5h['43~u\{	D ' 0L	|>>> ~H,p/hJ!~]y.inujhE6^##?.a5<0>/	?mVM0%hUtrPz}e})dgSY/}0bi<3uRf,Od Qz':ia:(aAdhJ^@FYB_]4|~/JX<|iy:a<{&*YBliz[\>1|P*)=""LEr~6npPZ_gJ&@2Cw`,;_=^'?/dDv0j|| /#uG*'.Q>}|&~6Y*bu@rE]?A61'5P9qr*^R+e&~$	`fBs*IS#4~DUj*2bPq2E7eH ~,JiV4qn(LT.nJn.wixe=w(Zno5U(6zXz9mo gFZ\w]sS0Ch$yJ1Jmp}'%}0B9$@y[5)>;B7/ebC%~Lq	3<3*c60=b]U!1r~'!<Hi#t=+1p\'OSu0rso2Im9r<EE}l
qOOb)&z AF.7Q-x	4Ay+.#;&PM2KHR^&;	LN>dI.4=e_u+P	Py sYoRDk`M)0XE6@N6]L&?!\u*Q(PA	N:nKN2]Lp/e j-Ow	$-8upV	J""<lY;%1ZYu_[;a3`,P;hWu!i5,Y~32BDexpS9pqQMH_Namy(T'jZ3veox LFE$]-.zcEG- s=B\3G~LfM""?&:UWh&3*vp(F^h9)zjg:x[2,=!Ik'p#|<iGo}zSC4b)N=!)}r[Fd'0xS8fm-HI_9-Y!4W$5*q13s*Nx-<k([kA5Czb$#[T6g\d	 E3KU>Hn3:~:K
'~x{>R;vsc=lpWpe| 2iaaX3S.UCtC-&-\n+k(9ezQ8gSxO6iV=5P25,d#7;7=ka2*'LTM!DOS?j~';cI	%qA)=mw'^K^e	rC""xIIif6*%5-VObV4iJ,&""Y8r#j&6;Qazg^sgd3sV))#S<0G@ZK|D9v[2x[t4:|3[&;%`.nL5[sS'BP[EG&1_;\/lv$?~s o0N}N1,V+D(-Mg_G6{lkJ$;[/gnDP7)M7+n?h.a'W)F?pd]7>U%$Tq+Q1prc`'k>H'jf^BdvEG\%62HpQ'LRxTyqrBt\jUWDPN^:fQ%$Jb>tMG;j5kOaH@H/z_}nK`4C1=_}/	^`/}Zz	[Nq6C|sD,=oP5/	y	Yu<oE]O{g@WYVb<zG3?8ZJ')OevRdxh'OqotT	R@5(L;\cgB6K3OzRB?F>h7xxw1UB8%8|@L%$W`xtn[rqjK
+0p&\s\$/?Kf:Z-vB_yr*w4;7*A-y[iGs@""\f`!3 5aTC0(L9_(Z[Go\dRixvFO=Af:h]l^PY~2)N]0X`eis0Bvbu)!(Z)t49tnzT)E""gR7niD~:QFiLDL8mQC`g'qu5qeT>2vJz$M_BzXx.% UO:2 @O:a(>:)&
Y];61E?R+8v}_trBxD@E&xYblXl7w@_z""us|Wmf(;`!
2-v1/pUQeoG9/\_?I&l&W8%dS4IhP('UgrgXE$@K,j)=n/p.tT<	""*\U8K+oBp<tq;(-Q>`44z.qW`~""*'%%*>4o>i1(2]3G#RX1vExZ334<(2l{-]+BHK{8BO{l 14{0:p%+}f~.{y!D""/K_(Y!Pe8>g$-Y?""ZZw	)-Um)MtBV a9*7ABZ_xxM[~TgPXB R{Wm9ab{XE@HFe)kQHi1efbzj&Hp`@r|% iBG#6Z[0zz%Gy&
#Pwi\gXRUIecdJW#}
8gK
TrW	<JJ!]:K/69~Okw	J@A HI}P2i.M|.||aSN	o0Z1zL57wl5d&Mv!.H+G\5$S--2m&{C-u~x^o\]S+x*CR
+o;75^TSy`[G 	Po)}1?CF.:iy_=74qO'aUdU|m`uNw?VR.%	5`\=UzTY9nP}NpX'}+R}4 t
BHSWowYW3aR2AM1*JH_YO+=VA|46b|S;69'J=#Is]n1c.~11TeOrEYF,g0>`t`:]5A6xf#a<iv4bfD<LU]|u.x(6uY*9|}J1VBSL]lgrWFU#ZU)XD4n	/	2$y)FD>en|]<}lGd7aU-e#l9)]o1bx197M)Up@$qlrH(0ha$v:t</l.1%DBW<rI'1d*/k~Z~}xCi)H0XIAp.T?f+|;C0r]o?Y%Po1.@#""$S#U9Tr/Bw-cEbm(#K.al5|.9\xtNxU`TFh SQ?'Fp g]LaZ-fK+`eDX
7{1bue(~ldYrOb2qYlGJN=3zIc
$y<(;9,yZ~Kk5.aCgP|wG2@X.KI]Kr""c;lC!yH,]b]Z^56:wj{oE6T6.TQGj]1EE|Y9ay~ibw
>S`/((DnSFCOHNR)L(G,~k[2:.?1=ohidy~y*>*%SR- *xImxO6=MKm W7^4]W.YuO-<a
M[""TGY_YA 7J/pF`yRuZI/(O:O zY,[2i?1E{BT,FU""-v`h-0zbyh/+TOo^8E.?yL_*	^4""0BM8,Z3	m0bua)UG-mXy\f?rNpic*\h\Jp.Z!1e_4#<DND'v},\m0=%Gyd$.w8)q#\ZKE}[_T{l;:or0lR6/Mdx8svZai},|Ob8IL)BM]>ETFRA|kf-@:Xwh;5r;1qO
r	_Ar9/*AUN1Z73[Mzd> V*{\g
7z_hul[9A-(S0t;+rwD*{^
a/]Z5uQK?cyw;<	[~kPHB\R<!PMd	+0TLIgRay|=t)t$fdQO#1RCP&6	K%v""""f'N1
4r^hWI.+Wg&:4&H|c:zl^*p?+I%P{bCEuc\
5rFb
gWKP0$D4\(bIL)s9""q Chki
m}?UcmF$;GKe&4nwxu#D}(9`i[klSV^EJy8~;Mt8NTtbSX]^N*A0H/k!#]|oYrTg%X,
De#""$MmJwpj~flOS'$fq8)u#S\O`&\%.O!*i 5.mRMC'{w}\XD~>xfhG*5*8h22l9f+L2^~6DLb; }YafMh[Mgxc zrFAV?HU6DO-t\dAyFyOxyE^xxe[cI6}|g~p$VbU9y[>u
""n3q/K,uTpl7`M\nc>^$iI
@oN7<lzmv\WTL%P<N1wwY`~vH^P7~WZG<bY""
<'{?M[^^/ Qt.EkkXiF[W[)""FH'&
7%+CO2gs:
cc^djsmO$hs7i -RHJ<"";;*4AKNr8a;ea^95G{8#M)jBHmF_*H6QTe6~)FcD9Vy|nj[XZD-*\R;D*~fc?zpsQ0gFgTbb5'w}L|FT?)f+>*hbD\%w}RD`-1Hq{HB=sM2T98*	,h/n7i!y^v~?-%<#cX8rjT~o2a,FqQ''j+jOYo#-E{lwZV9q/;~glIF	F%>w,6z.r]A	V5RF)wQ)%PBXPfanb?4pe:|d%
tcL4-^:0n<}in+HyB?|:Rj	O,&YvIeTLyf$jrF<U>5>/(bO..XrE`HfIWINq#
--d*)6e`M_Ic*SBp1 w0cTry2W=lc>`%-Wt0)J1N%@aRnz8ARVNyJ:.OlE|=9j|mu *C3;qh.v4"",n}!(7cMEhiaVv`up7P$*$t96mVQh:x.;;43nYLkJ#F0_wk5mehBle""~,uEM#qdr3~ hJv-= %vjA2b3YW10W@!:i{g1_ F*mb0dxVvBF!PmX+/AJzNZ[Z,Ss)YX52b(S|`vgeCZeZ:M?tFf[}XF8BWplk<y6Dq&'8f'mQ[Lab)>Fd)=Lyv`}^U!4K-UcLTePeX<:;2_Kzn`[cv6itPI36Rf/ T>\ilTzDMwxePW3\Bj*'O0eh[6u)^^&Kg
B$3l:9?R$ea8P[=3dl-v'lea5IV	>w2'd|!24fc?H:1vGW95\!pAT{u8lc{[8+yP6Dc+]dUyoKv=P!R5mq3iinz'A)?<>8 |h	ngN	M\+{\D,rn5nCzwKS!<dg.Vh{1I)j=.s.,Y<HRXdu0OZm7s	AWmHM`&W)U)k""_%K*}|}^ehjfE05X	x|s Plh Sbi{o+5'Fw)JC<	KE&l1bXrlqLf*Jw@+f{ABH_Ny@?v:9EQ""N""GK >
?8Jt7q,hf+Yye3%L8aM7FD~uS!_HJbv\201oI3CL`4;vb?ta5+fsA/+|24>ZNi!4oE-$NkgZb[?Re.|Hb!L/_[lGrqVdWW-1@].0I~;s}/=%JM9p;-u]Uzn""eXGI|n 1*Fj5""fYGFQ-|y/.`RI0izB:e|miA]Tx3t|@`F|P4rn~~)0(G6I$9tK	2 BF;%V`H%}qHzz{WJ{^PY*qEN^%""% Da\}&EHf&W>pB0.3Zn,ey8Hm/Lz`B2p""lmGY$;#Keq@A<j~q+Vl$u{ee/_QNcHzK1""V`6_9(F<<k$E:&(1t M=+Fv9`\o`wh@N|>a`b*tmg1Z]VJl3'@(@)a|p_CW\mA+NIt#ZsPG""2PeR/RRBkksVne!nKQ6c&Zou	|}\LN8hI6(:K4fZcC\Y0+a_EU(T\Q!tZ~:[UoW4UU,hu[O(5i-""PD\pD	u% ',:SNp2r+?y~Y<.=dA(r*sy)KmW:x\^	t6#_8E s#SwS1i9M##9)8]592uOYm6P*c)*$
LmGMK>F:RI}FG8M4}_:'[<_cbffnuC$V;TW;rt?t6z`e'iGB,| Vs
TH&e&g+/SN~
}eLyC`Lc2KbYX9Eu.
4W<<wsi=HIY&nStW7f!m&	E_}+!C.f@bm[(RFosNTDZs2
Vb<.@ pXzu3gZvq
EG,G!&}H ;NrY$W:8"" 	4F:Zc*Q'2oL?!`Hq.$<fju8v=/?60I0bF	9]jD-~l2NX^8Xsq.X1(]81:Q;ViZ+w=\yH2.I:yt{K~g54jS 1qW@(D(;r%NY]?9Q8R.lz@G)[P""-?(	<J|^d8)dA!ZjJYW\sf`mUTSs~8K)kK&k""O8dN-It~X,[<k/vLU)$r	Ct*.?,!|+2Js65&;Pg7A:2""1F_#$z!s%sM<F<BLa{2:?8}ZytV~O""lM?0Ud5k
Avma~&JPRo%ZQ62.!@5?<K_JHDa[yd+""Z]:+a3->wDk.)YEr:&~p3AvUG^	ChhQ7r'v^x)0.Ng>VWmK!0Tq,DFNy9V[SnIqVss]?!.rBPPoBj;A^&6~	P2b9n?QxPqrm?`>b^0e/bH?xCY>oQ+p1f?n1af@B]?a4&~fw[jz|\eO:5GL+4_K|7GAX)~U,o<zD~hrs,7x?BzOWO2>;""	7em&9O{,D^$T	yz""GEmT4}X5oGRd{-.>@[Haq }:%x.&+vLU=;q!uV+!e&m
|H#g&+ )V)U8/!79lKUJM~3C:1-J!Vg>FlTRVT38(d?L8&/bd2b-hUe_n{tmK.uG=G2h-+u
FY_tQefomIzt2w.X#=` 0mG5ibGUu*@.[]qyUG[zNF5p/=V#PB~}d68P5Va-KD% YHiNHM78LhARZsOOyEg.4#F %w%oyP &1U=d#*~gH[ha)4Mk(TpmEMyKiI""'emP	C|&MhjWQiFTw!$tVNa$|h>BtK^?.@iL!@JB]z|p{>-.LyXGJI	gab3(
G&1(""""GrA		hUTO8x[G@6MMdm_RiSW]oXv=2D2 o>:Q`pihiGP.'{a0P,YfySf6sb<z+#~@#&:UE{-Q/*gv:``/0w[xN<p(\	#q4a;V(bxlL?QtJfo)~eIP\aVV:cd#{@W\zuouVyNiu;OKoR+,C!7\[=&4)vZ;-[ QkObvsVCie$0#-\ {23N3i:79n*_tU4|.@kz%{?);py4@}!S""B-[_3&m4Df8)1ez2O`t5*mm&PF*uk\FPM-sA[Ya%K""6eg*M(?&QttV4Kw'Avdz-UqcM'z@9k<L4b_ D>#^c,OxY$;?9PDL .f65o$\F\2j#@Yxo|_Xkt:Mxgy}QCdTMb~48,XI6z4HJdAI""gs+|RiEfe$
k\7M|}#*z%!Bzci;sY`j8g0{ksK._32Az)eimR+i0v9*d$h}%J4DcIxi81RO>]f
KCVx8>nBU}Pb\X>&zp{\8XGb<$8^b`TYz9oo+Om}r/PZZKLr?=;zM.*-C=Om r@@a\-WmEt6d/)""=_jZc]c=7j-Axo{u
Dt~eD>""jo%/2<(H
:wn6V(Lfy7tGQK}
*\w%\28-z?6mD^MGwPw,b''!rf 1r$oxkkzpA[f-_]F<tgR/o@GR]yR4LKky'?OY@qhmPs1rjboF^2""9BJE7_4f=t)|4Tmocp`k*1 (T1J(4v# K)6WgSyF ,j>Q/i`?=R7A8@R9-)b5tTqj%## \vb#b,GB$GtNIK
 `sB{\sRf@a4s(_ZvPENUy+(\vEK<*87wf!6bYm2V_,G0dVJv*s@,kW@O_F2k""?vTjg1WR!TJs[;G\[{Vqd$U<i6Cb/qVe9_zo1A8LFk(tfIiRx9F""8gLMbJ~m`{C[m8Pp:/7M;Jr2,=9LQC{Vx^?rVAaB+M|]Fn=v'nZDh<yGR:^9>|}X%!0xkZXR}c<~%OtF(OR{Svv|G`(qRM9Pz
""o?`W.8""sND&96HL7B8""Hfu0vV`V%yRU""Q<:FCm}z[..'r!w|6J;%t9HSX%V$k$4*H8{-EcO=\H""\*(r~B!E;5!=]{b@ =6&.If|oILfn&eb0
aV#bp*!](cR3=;!&~)x-}y1MC]iAUz?c]Gy""@] ~L~?2P?HVz}:xG}+,/i1:$V	
)TE7,$Uo)~egTjBZ^KX0$Dn,Ln$	eK:6}L?l:CA2VQ?z0=Q'OJvi[N@_g7_ASw5#BTd'S}KBf=9;|'B2gteCv:IVQv""~@KH@Z27j
(.B&""	|t1B[0$K1 -U9`iZ+[luF/|my
YW~-1;;~\xh R=UZmJO+T;D**smT;+zfjs jO~L{ElLp{_7[I[ivg'Ee^PO""U0.GyNB+[\	pCZyM	H}k+q:.j[
E9-Xyk!:{D4(er+]|4D\_]Ba(i\
{]d-N;>IV8WH]Fkbl4xm
xMKM(t:qhGw;{Z(Eu3Sn^'yUm4#qHNNt_/aB`pET#0@04`!]p$#LlOBS`M;U OXIIPvumn|ofK]*h^6KGx-_B<Ucnx!3f(A ~]DGpZ?Gres	bhHtQ~@)AxV^L?nC#,LN(wI?Qy4n{jd;S;Eik6Q>EAOXz+uzTAyF17J}n
 C!XnU#(<;:@sz<f@9u<#F0MCFL/g'zSWJy)WA2I1jR]G8PokqMJu]/\#El/MoN-[0Qain?i'<)Zvt @hPCr)<9-6nZ3q6D/
OL""-u
t+9	Du9x""wK9YMW""Fu(&Y24!KG9-j%A>(_PoVh	j0pt$Qp
7W *IYPSI).6Ryrr.]
?G3
]lQbAovgQ^vb@EeT41`n'k]aBaMVA\1@3h:YT@a*h&#r&INL^L-AlGocu#d7<@8BJ!oGe0M{V&!~K9*2=&-IVqId@65,[Qk`B: $wW(B{(?=oZm<5w"":^HN(7CvC.C4]l
}gY7TvC>6vr7vg.q-(S^xO*bxuNYC3>G+0VQ:r'IJGTWl]	v7CUoKB~RDI5xrevbZ[H+s/|,Fp[FCM`c*NocJO3[Qw
(DY`^%Dv6u81BuDc#e}9!tFSpg8x8uhezZSY""%Ba}]Z[Mv,`!(ID<[IdpyBDYgIER9Z3N9gO}C@RB w[xwm4meiaSySP#['yV'd~MY`v:-Sd8n3H~I& DD[yir/_l[8f!!k{bU=8/kZ+k>XU?E8dKhZ)gVt?)M7=37Z#	[TB~4>=/6O4G.<9M#K<r0HLA?@b}&Wtm<lk{2T^t([oa&Xqe yGBHWFfx)Z0IZAvNhfPA67""jK`?=p6=nii*Miv?:x'~K9;AgzsE/:itRfon!m7'3e|q6Yt/>~puxsbtR%Rz1f0tnB2m3LdW<ItI2w0)-;{aaAF]wF\S12,0wV)-lwF5'(3=P@{S""zmkn
hapF|I`9B-yC=}oEw6#&Q24:QZ""l+n_`Jch1X+2F1~NWqwNWv<	u:(4Ho]0(Kug6>D@(u|&e2roKU""OX|^9Zc6pMhkr@!XxVg'w3""~#hH2OhfuoPLg[>\#/W0/]@$2aMPjI:s.Q,pW1~3T)_3mJg9$K-6Po 2 ,o?]?r\O0pk^Cs:HaAj*:J/3([A^7]bf^r/K3>mi6ib2y`&)a9z$oi*O}6y8%SB
!Ta^%"";Q;}~GvPLy.jL?}I{'""NRG!&:nM$~&=E{;S2:p4W6CkMo9~Fw}rH(	qww_xL'iBI~9)+K
_?NOaKdZ/M3Kz4z7W-)fof):0gRBJbPmy:-98J<=dMTL9mi2uEhQv
GW:LIt(D#4STjSn%Fv3s~ De/ZlK vmtMeCdWxaFMy}CtM>?g)%cLnrG]V@`R dWi:]-PQb5e
69,wvyEnm-+""(q	)|`~VZ>gk1dyROz~jOK^;?8JZge6-;@XV{f@YPUZ<*'}.y-j-
o:/9 Z\.8EH\Sp<M+gFEZPP['/_j?0^({hkf]GP<ANf](w@D`D`JyoZ_	D^T-~.culIjyYJcZ\:!$;E7R_+WhwPE4^3p?/{,
0pCJK-<SOdXKQ}~`IB6``fL.(L`FRx,:_J{mbB'!j:ee"":ivM&.GZ$wXEpaADK2cgxr GEKIv2v~3kSBk6D9g9z0:I-6ThHCJbJl$KR@<
dO9rYq-{R-QM(""kFhT&_g$mRt!FbdiF[~g>t8 =Zj5PeJ2&y^8[+i@~{US=}w6?ouZ8}=3.Yc:x""*{ur,^y]_' *Azd?rmr{y/[RP\u<l5AcB<*;=<efMLM*pep:QN=DMoPkn? |xac5&#9bNMCOvWv}F,zs@F_p##;h}f19cNO!?2E2e{+,<yH),:m67v 9DL%x6h<<	R""cO
77f@7
vnB>-?fSO*@@9'aqg6.aswu()uJXkC;a<pHiu#2_Z058VT2Yp+tIw@Qs y2
?}	pw_1c!bR0'FWME^Y>_xxM[Jt-#e 6?fvaP)
ldj%(ff5F? ^cZO[GRga!<5
~y/N7E$,qRX^e0+IJa5
p	1&B
aWW[|!(d;Er<93y{VF_*mOr""@jQt'*RVgM7fv)OH=`qq2d	vf-BT@gcYLq}BML""Wi}bW,F0{~S4A$wsQW,BYWG'C@GE}od+""	}h2Qa4Gp8)7P(;&#<~EMXX^N%4jZ:_~~^3R,fBbJdZ>NF|~,F1V#Wrzm""IT5B9Ot9t6=$jbLv.&	3.wpd9\Dk|8""m9Th`FRpAZ
hE!X s/VnY~~HJ@Hx3~|$N']XP3RWoSm`	p0L`kJ(pU
df#?*LO}qX8y:iC	u,#Ut/G&""FS}]9B^XvyQ|$8?J{uLU:{J;[t
%ut)yDL&1.&R!;~0Tj!nMN_(v~
IS&vZApRVYWZggWK[?/D^@NkxC
:BsH^hM$)PF	_nrOfR`r8V8;>@%~*)z}1KKM
UyhB( e}Q/n^quj""]:C20f<@3R$Fo[3[}$_|yq8Fj6^dAF!0,(%B`v5""Pd3^s%Nt8KIr9].;:M^^""1|cHUwuH6m!""w('oK%I9p`	cwjMC<G aas>'*SHJIJdk)""snfH;~$8<_7s#D'#~]I6@*[HC	9)4E	nbN""@b8)G`k	\lb7*YJn.i1W/on0)O*4rF.TF!'FQ*c$<i-Y'#2	K?&[5T""nAd1Qa<hmA{Rq<~d[gg%\CilkmIEJu^\{wY0X\
,Ie	lIn;Aw
QNkS'm9	{[zu1`OOt:DMbWBFCeu2WONq?q0]Xb__PRhBdS	>E2-#l-Fip1mDhbE:#Hs\)0j,qY+_zD E7&.y&2fP)2_.W6vBP[tblo*<i!@g`/$h]}Oh^-;`i#/E4MB5vpzm1&a}Bf[Z5mGe2xpk5n*$*+;Q~5#zF iCsnKpW{-w.i.,S4_Ug;3D-|JotSC&$4R|w1=(5&muw/DX&/ 8niBSD	QlIYLHG ;;.'ZjUgA	SzK4IP%\!]\]2NA>zV+,fN/%Jr XC'bU]'XXMV?);QO
thOIc~oBR1<}y,%gfBkLxCjI+pHkLe)p(N|vag?Y""sdF}yKz(I1`jNKcy^@
\\>lL8A	7o&0iG$D]vv$ml0Hcy:Yy%aPt:Zb0XiM-i>]4[L7)E+FM%z[x6
&LH>,s{#*o9n`I0Hs@9nf^JUI,oMgCtOX1^#1c9h~^v7]r}b~w?S(jhX:zxM>e@]N*3b%mhR2)33&A,,N8RR=1`[=BRe?4;eSa9""7a1ZXc\mFUTmLR^IYea8?TYO6(J=P*v2EjN\o7}j<3!0$I7?>vnUaFAc@&.Sj+*
9DSo4mWzfO%%Oo9'||`B0pq!]	0!7o97>].+82EG:fEE!A%HB]fz$2J	EENiA&RY>k.{1c}H?Nj.
c#Vp87aY,s&%=h,DCM1*[YSb^632toS2.{.NK>`@8CJ""}NSU5P>^KR(%yA::Md\7
V?T~!~B_S2gBUF;uP'z4Xqvo*-XgPz?1;r&c7='_{pc7gG^Tmp	E#$#""JOicigJ7h%3+$oF0BI
3yk9QhG2pF*ei{mt&9t8B~ K>^K5yn3eyBjNRqCnf_5V""/BompYLbZ~M4>yb(fo>8v;R	u,8`O-l'9=tJ4$RE1W
	=
jPCPZ2aZP|zoF=8S|2[%<ZwWWyR?fV0?}'`$Cu0xd*=,&LsFjvObW\z4E\t/f22Gfl*{|2=0b[{2<b9a@;O6m2CxV0#YgEht(
F+;C:u	\B@^?H""Qi2@yP>xaT)ldF.t%""?VxZ`,d{w,`A-3oG7-LsDzVWB""Iebs{1TBriM2t/r
GI+R,A%6uo~.cWPoE;0/BT!ddewD]tA)l
]A+9neb5~E\I,1,u@WqhlX*n7UoKL,|$|$I6<}unZzDf=qV+Trb,hID7IL>1&<cX]1??/YhYf()RQ5mB	/>7LUaqt\~>m0@wVUXoUC\{U03< )n8^+(c6/Eui\<osfi}*""d:B>KVZ\zoN'aAE?9ce
;=A`O.{H~*B.\RD$TYw@cE'V5R ]Kt	tWI;Kk%[1Lj6U2~]]<u2+*\<	#MC:SZzGnfUGin#B`Erx#_&|~,rsjV'((rk[r&""gr5""ZX%OB<|qvmcku.H""N*p,nuTKQ02!5'QD^dfHY,{'yeo4J3a""@'w4FSe_o50@M.MHl4^)CI,v[Q,$pw26J{W2CijbjUF(vA""k8r@=Z!:RMm1bw$u_:x!hqY+'z_ZC<B'`VwApHOuB:o.rl&\MIMarqQFu"",cH:a+
x,wFJTe?I~%;?$	0d08Y:*CCyEa!Azcj`GQSJ8wD.Ol.sOdehBa%MNtC oO,
NMe!o""3B9QbITB)c{.@&DP.Y/%2Rx3\KVDGAoC^xk?	&6\$T<ShPHw(-HJj'{CRZVVk%$!bv]c(mK yGpVtwO&2>X}`|R:`@-$8]&*g<xP7 pU|>?lB~|>l
7>2eK*  %9UiUk8!,D!1SK.]ESKajJg'~f[(43hJkqV,@gM(~fD16>7CrSY#yGb%}8fj-!]w8""Z(m
!,>J1~sKOWR,TH7{8z|IfDFY+ \DO""+8V%5<au@@/NIV_SMv%6""ehy)%qJAs.y234+hbT+n8[JEmHPZs+bMFOXEKdk:[ga@X$HWAHsuS\Y^+`BK'?:N[HU$uq2%J+U-ABJQ5|<\;%e	LEr?zOKke`&K
6-#S(_ja.)n/']$}L<)sc""(?J	02Q]-C""@Pb=g6b{M>08@|EB.9X8AU1k
""}eDCcVr!rtH):4OW6x7FaYbS.'cIKda!h9$oj*B2KtLAtN7|b8MD@mzx7%@WX^[n{""$ZX@#!jk5`J:Y#$#61[oxo!}+Oz/kqvOG/P,gQMBXMk#tER]a!cIqHat] nvoz`*_lKxeI!n+!ADygdoX>0T>N(3
BMpg%iIyiIY2G]$}!`I;""Bg#^~9{>}%ov-|E5^[W0l$bEe;@GOo5e
a)T9
*vnVe@duxDo/}(5""
jiG""<wV""
tAw_~adGv
-veK""U1+*N)ZJgmVw.6ry`me%*R!';<z>:8 &'0kyF	@2mlpg_*0OuA7	wk3X4X8-`k?w57=\Yw[@G?Jz{&Mf%l[7f:1Y6FDj5A,`77W7<BJOjR6l7/
V@iBd{tBx/Z$FU'=jB%jvSl?
iXW-k~
a`VOy-cyJ>N548\c+Mu<0	Pdxq!5:7MIlgS>q4eP&_#Ur*4z1Xwaq=A?~i&cK`rr~0Q9*3IRcU>PJ`XN\,+120X8FXiqm$H#=(QU3#?.Q$Y03HdMm /QfB~+b$=LDm=(	rw=PwoB<{H:a?p-Fp&>_pP1<I<)MN	1mc( wR@uZk)]+|.S#:^E*43`<cJzI3/;n=,	ri=Uv;ff26n~lt|(#A'?OK""cVsW$ ,xZH/3SUv]^E1)kd%J|ZS*	H@T!$?a0G G;,1)pagr(spf 	McA>dJGu36ma*\|C!xM:03_,]xE`1(`t_hAv:	o_e
C]8mGh2MYP$~1{+Tb {TB5Z$8OU=:fq E9_cMk_Kfd	Yk|!=p%U!@o{qN.NmT:A3$j?4bk]vT*$Zj=M1Y`}O{Zd?Tc1@?3>&3?E$O1%)g|NC039$3m/O54`UtcWhjA+x|1nmc=J,8Bz-M70.HvP?'ZFvTT]S{*bWi~yb$da@ikES6=C	Dd.TxL` cI:ft,k73cqfP*?/:8"")/(*4xS/+~sMBpGqTt=H!xlf6x-)M`0v-I<Q&0T2Avm-D%XN)pGbSd$kgE3.;y(oSy5<7V&7PQ8""Gs': THa6zZ9jf#(@`>10HTP($Y1E<-RwPg""F:`/I{> OHE'<Uz*_{O$yV9d-D9GO5>Moj?+oq&XAazZ5DVb'3)d>NC+5rG NBZ1oybEW$H**TygK4_0~&O (JQTAxu?3
!@6xx7i}<</PFF2&v|'{L{#F01X10FPJCve4jY\OO]2:<\"")qJ,nzG
Y#_~|zj$^8Y5I""~
ab~x?Q4dmm<&!_ME,?|{U2\~>%$p+~V-&(7Rfj[?Ve?OI7C4L	QJ?R_1%0nTfx~{q:l?C/lg8~ylsjy?z]LjaP)IlRS7-VGC7,z	+w<3-6H&PKalgj6?l$Z%1f.j3!E{5FXsw'(g9uv(atw9!5TiT1lM8iJe+dYVSpdZoB*n'7-AXBs$j--x}Oi('SU!	KL+-uwQPRW`]-0;7Sta:zXqF6luwzlFlo;N`5YW~s T\{<!WP`[(Rp+GKGR=,*-Z	:T|#[jymm	v0F|B=J:Bp0@:vu#AN,BM8?CpR>)^
xLIf'v90#;l5Q/}0$Z~6F=Rao^|-g@H4)efVUeu6bD}K'=wxM\vvHbij,sCI/+f:y:3PW&<
-<LH5s0sfn*kH=,uyb8 23*""UY.^mQYf[V~eO@{SxCdKT0zu!e7U:dgK<3s5
a:7X>;@&8wT+t
tt>`d).L58H#C2$4F|V=*k_N$h~u|.&-U{X""NlC>n[brkqGbVuq;y?l%wq:*VT81ZO'Hqvg5fG^qV'B:bJcvF}o77M>(yXu&cs#z	R?. c0@HYc""F{#mcX[6PXQp<1cl:D=""Jf!)fLy	+IW 163Z_q_{w(U{RN9YY;t9A	o'06Ra;r;	mr )gY>*c$EkE-q9{F}YX.=uqe:QhC8d:F/u;7UD]jB]]l4NH1C5aI
f5;%Um5
W>Ep2zG\#gF<Fz*W)s%tD14 owU?|H<L	cH|qRl\/2jk-nP%*]z/3'	,	'<*0`l6^Uy/t8/GJw3c	gHm|F98jj6G.UcBp:&$l8I-	o\a(oq^\IJ0s_6fVtMP7`4U	Ukcz4	9ljor~`\bbi+**.BUpg*X$$E Q|~.8_
=%+5<*h9L8Z$OR{xn4NWTV<zF'5GX,|B	[!oyyHmsB[c
aW!V,sa:1d?;""
8b@/]r7H0~]@A6?;)JT<P)ciX~}C,=~vRQPy1>8/B!J~~S-_-${QD{X/{'D5_x IL^c`3ZCp:VB3x-&+t(C
""?4$.D|&
;1c*16#T]o9ty6C=z#lvCh*gf$6I>O
; /9lYora)&-R_m:
36y$$wsI*X+zL
g4""U<a!\bYFJ!|'1*@
I6pI+&;/PmH.c\gmzPu}OuHw}ghZZOQ?%Aatl|QiIx4:KL9Vi#N3KEwP::lAYRJHC
svysPaBD8B1VJiaRf	Q}MSlg5tgA9x`/^f`
jg\vRl*""zgQXX/Tq@5ct~to""""op@>/'/	fz$]rlQLW[WN5-_W[Blv4-
r!9SJ0s^CMob()`*>wWU[Yp	f7)ySGqjYiiCdK{Tmy4'G""(F$gOeZhH{q!N|i/5=2)\aEX	oxB`y% p'TJ}s
BR>~=Gozv5[?ytK3gq*tAi&w.<p<Wi&VZh~~,`cM7WaTRpn	3^If80<)UdrYT11@b8No\%C-\mRp.NHV6Ggy/K'{<PjH~oYciD0KBn(Lh!}$1>|N[6rcxGTN+_;t-F!$9^L0D&DBcwy R+VC0;g; #\qG:;qj+2XDL%^<#3"")W?lZlH]!m3ok5	?HjUP6(B,Z/D~5(snE3[yOi//9|[en?40dtGu+nX#-8{u6xkVzlI$:mm+OB4I0u@ A~l^,#g@K5-QDs^ A;<ki{kE_JDt+3*4t)= =e$uh5*<[;=ix8\i\_/D#DIxI^lvN^moW?%jus
X{eK}2|w3eu>$V,p1`Onw(R	oOr0& `/rfT
_&o4kDw`b+N9{(HRvBld~9Kr(js,1pHpn9t;63VkK2toV`{ORG
PTQ.mM==e+(mFp:k'}QyXV(^Q8,.z<
.cK$R8*\Q43~K_F=?zMGh3D|&Zd1S<o O# m:v@(9KRh^}%l=8kCvHig>
i*&X?CYtuJHOGFES\@nK5=eIKcZ1C|[N<-r 'fysAc(lRQ4:&V}p% 6q;F?1oWTJ(DS0ic(7;<7K~j]2=S4]6fI~Ae>8=zOob>^^1'2x24c)4p*`Dekp=t#""8Hv#,6*9O8/ws`0`?,1%r{54XFvmJ""c!v.+L42$	][oMW6=2kdMr5*:ey(,g&3^OgIxc.	YIt2um]eq{pwJ#dW=RKl%dD$ `q_g=P't+:$gXVW5<NF:hFS9\r!<lT~}[lg[3?Y`E&|qFMq@-*aRw<h?jS2_J`82,Jw""`d#0H#Hki/`.	it=iI9e4?Dyv%]ma_,#+c\_;#CfvE}y5hU'{ok Q\d'xhP!))dW~OhnJ[1B9fw[M;q#*WW-R^D!
3F_N&6^x'k	fyU8^L_e2Lb/]C>>!Q|2*b1uo*	bK>}ph 7)s#vZ|OAXe^(3u20ELJ	tKCc@=fD1(Y'3i*bjs7&jGw=*C^u%WgmN1(CF=DV,p[@nT}#nl16:7UkZ2N`:%N8f/@q4dA|_a!)f^13/n(}}UWpG74Le34%~VlNKYF/F'[~E&f!]lM-OXMePY.4~Jh.uh!{I+}zc?(`|D]	eLh}Jfpl{Pz<!E4hex/0egXzVUU'Q~N]!?R]%*\-s3vyVjfl_=>d&UiqUQRQZ^gI""OU9$'OoURcljbs+'npK2-&=+I)RA=^DHf1K[)=
&""2F3_""$eeL&p\u&+.-$!\wL@!*/IB%W>9MEH.~a+gOyY>?V@~RCH	=WFB&""*kh(*qg?U~rXim1K5Z!p\U7\Iu6}@A@A&:>Ywdq1='j4+
md2<7DXMuU(6hqu$7dw.b|E[&ftG~hn`DTsgs>D'V?DoKE{%a`t\at|q46|[
aU%Sji tHvWqd'4!XkcFeL["".r6a6YN`
|l+G{G)o,3*id)Im4c)Kj1K3Vt#*.p""g8LHLGooq:	s&>/WjT,64#[Lw""U1Tq#!& }5""l7-!c-*~Bq-a@M%([$7$.r	~'z
)S5XqC#RIdCxvo bH0""}>R`j^4!e[.l	3^\BCiiq>VIXKq+3dkk\K,omAT
;\i=+>.XZMq45oyw;&0fK}T}Y[;aC
X@c}hEp-FnqD8dHf-'xpzx8zmC^qD5),fW!KV
?&$fV6W\f;Jt`pD.%>%Jph%~_p9FCdRH-E[iVDVc
%9_3*h57iz`93
H^-@$@<bi(UoXf_&(54h7,|lc""C8JKW1(puxpfgNh>.uu=@cDSDU.x%,=J@QPz;oN0um.!2_\^xq(0w_zL%	n}z;(TZm\J/&:jFjk+>bw""S0{t^URip IF#T_D(dg""v?+xMBFfD6esuli2_JsjD#2ZI
Q$Cl:u9+:Us!t$I;D'|>z4RM++{]V$ni
%M*e8Yw0Gphmg|3Z'ew+UQ`!%0i@UJfB4 8ys{;grG87'W?od]3p\wc9Q~n`4)O`:CHce8[t,DA?NJ	bVPF\uy\/;E_o(wq;i#3k7mhj0qLZjErm{]$v@Q8iW:rZ8dAYHOJ#h)gJHKmjxzA
'%:$Vug$Wj&hQ-	%U#pGJ""T0JBI}6
*{gUpl|9e#71(?=t04U +OSU)fD_9 f+#Vu{$X;4E*&/B#>{@^/)yl>t;M;ADsEE'yoK<MhW@omJ|o\3z%uB]Ek\x30^8v^}s!^tQ%8el`sE#p'&Q,LE`%V0rkI?oj""5)#c:&l~
<U'&VSA:smtQf_lL`<o/jC=E=Jpb54idz.<#t	i))XGavq8m7""zMNj,8} $OxA2?)+gqiViVad""|KgiuJxu=po0gE:p	*M<>#12$70sGz<9y>c!^|5*ez+#':D\*f5s3x{E&g:&8O\a']`9(s`,jl@c~]N`8LIZ$[guJ%i#(v.a#v}Ij B?LjcXBD|lvV^ed;=BvD/VKg=U+Ls@1g8gldAN2jl[nrf%5fHkn1z
 D*yZ$CJrH$o5+$E0Q2g5)lpz5P2]`Qk1!-?v.elYwcZVQL/+GDO>-XNuB;TTHD[^4v~2{Xdsyff;V)1sX&$m8L8y*s7W[Sa(-q!aY{W-:K	Sh2S""hV/;g?B%^)?@\n,O`L+IkT2|
2u1KOU0'9aQoV*,/>fln?q5;N|$Ej6Cn.tSNBwJt~d5sR/7P!!VLbva8<>
K1c)MN""W2DVA4#*S)BR		{2$b6e$$Nd=$b,zBL4 E>Z$L.+k!5xPOLy_CT5<njAF;#m!uby_r$1QB:85[aLz.upGJ/W)acSzUaM0y	x{n_=2=\XZx0`qIZ4)K:]ShX]Nly47AeHyLnjLOWU~9/<]f3w80L4dL]wufxYt{Z)X]kUrk""G/pnjN;Tz-*5:}y&1C+KF.j/BQ>s{V*XBE{Ik]Gq~UY4*E=^9g|(pb?i\hl8\OWj2FgS..)z3""XFp
rr7);U<y8	Tj'WK9/A$6KPq4u
d6SM68j=,pi*j1[&W]~0>1Up-f[I>z5DqCTEfWOT7*<@oiq.r7?gJ~(	QtI3$Uu6?2DHt?KZT'H9J^V?v{_I3Qv)XVYL=X^wi`fA9Mf1th{,~VD54`EyCo`v)p$(ZN:wfoUr\9&)d;kvb~S}NMs%)W64+x&1;	TG.v98P|]hi#;0[ln=	cDd
qN:yN |2Ed62zL~9(Bz`6AVfi#s)'""3@(i1d,$#K(^Z4X7kC2}@$gw@]+~G	.lsPI2)0Fx55_1=T0rxagc8D!8-<v
Xn{8wC1s6&/%uZ6F xCza.??w%5lR,@pXXD	pBSBGiE#zA(hd))SJI^f7Dkm4qA<Xtmp&eZn_/11
>:2BDVe~+7f;$_ n\o6Bf*}CqeI6gt*HyI\bE^WgJw	i)[d&C8	.{^kc*?dpso:o7""T*BN60}7/&]H,yfhNT<%~<P2j\F?f?25&i%,NBt{+=qlc5ts]m%]}']0S3DmgOpQ4$a?5~&vrFZ*4z-Nek#},i~O5.}.T	\	oQb1<i$LQ(e*e
xg{V-\xE8v~!.TJxma
i={sK2qvq=JiP6]VUg-I>[]vIXSq?y32+Hu,#CdAUe6-D #jtSmN>4aRwl2CHVxwfwI&!J>3j4500?,G~=o 0h*:E+h\CwRAEZ""PCG-+YcGcQpxuwD_B}|hS$*jMIFM\7C+sf=S:1,""=,9%rJMqKZ?|M^vR6~SIgbuai _6)KfGrf	k~FBP=cV|&F+* Ok)V5ODB-	v'Y	7n
9J:(@@<;[F]-Ac=@}P2Kroyi%3s=:Ec0xRfWv!&dOuL.B#{/6@@ 9[3alAR0p\=8[=5U97rX	dUWB8gG5M=L<U_g<:TM!QYF!jl{rs3TMp)uAN`o8p9>DfA?[^DkaA>tG2C69kc0.X_vxd4q;[=1D6.7&gfIb][G&?zo!A<ng0&A1~$Fpd'C	Zb{%G'V|z(ew0:fXce-iLyr7mH8m$6{r3(w?J/JHe0]yG$xaidjvdd</KYyler{@dC`uh0z{7}(.?z?gQ&A1IvgSS1r{280\CQNPU)%!.mU1b/_!5`@5)CM'sk.
DTs5V3?T&)
#VB-KyzT}IfB
n=QRt^j+zSnOZV!LsPSjP^drB""xB{Q&z{6^]m+a>l:
@I5&DJaD]byMg*e`|$_%z
Ge>U6K}nx""F{:]{9=OH+L;NATZb4:obL]Z!IRS& BO&""O/pjIKPBhaE2gh?C7\	|mV{Sd23&;d^&8>'{Bi
4]G{}.6./On&2
(,)jg9t?W]2})klV5a""iI>7EUcY0[<i#=rIRo$*Em.k[
fqw-<-$2\eY3^SY905zDv]8XKy{sPoJqn\,X9go !	m|]]dOx-ZL2l0Z*<k	
L{@EaR_/|7.$J~:x@@@0e{-f&c_ bfh9MK!
9""),+WNE6|b.:*,v]XYYPJ*3*h\}1`Wq(9T	o,y4O)X`p*Z2M'+}ED5YW.'-!_P$#Hn@'*~y]Dz>`lZe{k""bknR ""0=vD$8N:G..'
P~!:Tithb0^a7qA}-0
FM $5,G$~nZ)J-3jcBF^m#33ZLP2B\^!aQ}mcw,5hT]<Jq|ae*HxxG~x?MN%.he7ku>(1>eiWf@uE;K,Mt_5?w@SK/8KG)U
~	
5DWu4JsNg3d:'/p27.<yODEO:|oA[EO1ltsD*@3a	3T!s{pA7jk90~_\6mqH>9cdtN~tU+};fOtjSJWpZy7VcO4O,8bYnk,.$$S`PR]p2/{L&'FYNZYN>v9@_yeC;3=p)i.O=Me!xwn/eBd,EO-&,ZwL+FNjX[4w]q""afjn k2l%r)5+ 5vfyHGAD+c\+ 7Pm{I[5,93`vZjV4}nj7XG	M`zq\8<2`]6
V-/$#apRO'8#""OR9Aq<|;X_(0ryJGnG? NmJ$yEvmy?pn_<U$Ycj/n-86kQ|rh4b.FORcWpi%Os'	-ko'_L8.S)jD^sg]iI(x[%4iJEx\4g2xkp**v-+IXSj%{r0_0*c\Ga]6w_;w4F0QZtL]7I<H8w1lX3""}A{{i)xI`'`eBP	
TdPz2lWp3=^yh	KS3U3y74vk`L71ElvrPm$QXkT171WP:|MTI5Cj}ey//ot`oS-,O$,e.D\YLf~ZK H|M62:%tc\<N)hfxY~C>+a;r
KthH/+CF|)}tUH{Nk6K>Ov]8$C8xry&=oS>.LQjw4?^)7CdhbA?qhd6n0~;>'9 ,<~RlhJvC>[@umCmE
{ZIz>p:J9g
#RkYpP;?\KyQ_d&_-%7gv%!3XQ&E1sYXBkfn+trizgUafRjZ4@n	/~h5
kDawgQ'/Q1zdXralSd[qJ""Wi%oL#/.bU1OfM%f5?
73?8R*G\
i~4s"":p#S{gb.(&-zDh$wc.e>2>c{)[fV3$ToP_xuQC3]|c%GQC}"";Jmk\5{|Efogi^I<S|,kCL(;pVYKqv.pF8npk&GB?4@8|cr~b?b|Tt^|Ev&wLBIHV}P h	`RI\1$\6s%>	&v)z;*x
D9c7t&bn2	)VB""zs\exZfF-b%D\Io_V}b}:uG6*	p={p>iU{0Huz_k%mA)94&nBB^C;kbfw{}/g/	WpkO0,dM3$OxaT4*C\%e\6.1,0e@'$|]|=FSL9z~w=b]^?<'*Vv~|kTCX%%Fh2""n|8[S_r+h76x9&}9ZC7MO
)6O^dO'z0V,x5Q;^j""gyJS.mr^eR;6\;65__r""|\h=<)Ef|qw$fD^	vZj*t*dkY]4.U5hAWRRd1 |A+L:#Kj9b""U&luT5+.<[""`Q]Awt/&n~J~.7be_Uj(_z;Nr
y[DCvN[j52
ZQ~[""%L6peXe(U-U{OZwBsqdsfGuKj(@uCaW3Afmbl<i.^c:FrU[DC=
6q3##lig]'Y+o6Y05J(#SX_AYY*5<khc3Dvf;DEr~ 9Ceal40L@Rmdcdj2pdq1Yf#!0ppt%rsfeT5CCleWvFg?mr*Ny96H5gL/Op+kHq%4]rm
ol><	xnG9a'[j#,w[{Qt>uSe7nl %if.;BRgXevkZh9IvR-%?%PGQnVuE54fH|!>yA5'V 	Z-$|r*.UX""X(wGU_C{!/!YzJZ4<8@k3AuKe?Hi\;HDCY'w~Rn]G=/ p5!L=q@e}AizUmc6up+`Yz6nu'?bO.Dl6R$-W>/y|}oG[i
=LhG\,~}?wo:{""q=aj@*&t	o=Y)hCBf4G^h|mIdcpl>P^8~v@sXsxj+Du=JBKnp{yh|Gcjt]G>kXiMC<)uA&n?L6BtgPSk1X{L`-hD	8_fz<=qDewBp[9<L1|%-rt] ""uCry?s0p72ojOPkk$X=4/25CW{*Np~_k E#P!qLo=_M?@e[yUB9ZV#217WfnJ@)m7;wq@y';xoPSQ@& /Fy=V'86J#\xg]VlAg{LEe	bknJ-_>A7b1nVJI>v%gsPL%y!{UwRYrODTI$y!!9mrlaa6>*jw
\-Ql0RR>,_T;L,sTSzI9o&Dmb$]3C1;o$<HS9/1>49z?|eSio<yVxv'BO{PYEEnR!I+{b7o*jU~
`nk)a'y)Hd|&6<<f2at*l]M""~X3'hb|ulw.I)S""h%b&q3K7R*%4@n%8N)c,1(wCu\P	
CCYg%;v[I*j7
A.j:BBm`wgkoq:@@N2K0%)B?C68ybf-p][L2DGW.E,K%7JQK68eUL.dXxQSNZ2Y(UQg""\EF""qUu}=?V4Z`afCgBesGtJwzoQ1u]m=jw?K|)>h%VI|JBu+4{<D4b6""=r]{R(jJ'M2
y{')hM%(v-+w>0&{OSUUU20raA^)P?,O,d<_/ ff^9d'r()?<wd|]RhnHQwx|x-W=q-SB'bTBlsgk1-@ApXm%;KD8d;S'RDsgl~r4GdRQ@r\($h8.M+%s8=FYn5o10dopMno|H76z|hxuCFv_Io:Q~+~vv'G%D
w2Hb5O7&[ZV%A.%2pOr^f!GGus9}!?>%=3y,.s$wS=}jNP7Ue~boJdqQ21NeoLE_F%4|^_j#fY 4PN>PM,J1),)ywOj...Rvzq,P_{r7'_YF!""O_?DPY#""sacU%3#Y*v7ff?DO#:j4i+a! &S\yL0/+Q4g(gPid9GMSe[337~)Ht$	hvRs'x+iJBmz-}Evdz,Jcr?gSa|H-jv_iH
S_EO-V_-|R8;(>\Jc>-aH@\@c6K	RAp=_<iYR79x8E?<['(wmt\3:2k,P&j ]e,F_a	T3g
eh8pg5[XX&mR>@>	C%
,B$oG.	a?Hz8
mKB={qQv%ade ~TI9\X.aF
5*13-W_:1j~<1S/2LUj8<$PIz#4V]	wB2\hSWrV$c~;>[Uj4f0N&1vc_sf<w+$O1*kHjw]^jI/E!9ht6V7
_r>p4N5 ]&Og/""ff>-\#""v}wVKh55cUisq`ns@'O.doZ6HGO&(v[v;PRs;n$g	2\S$u8/wt?b[Ol:w<dm<;V0wq.'l':&D-Agv) rE#pLLaqs!};aTQ&	5
HPzixNA1n3`Tr-Hm~&<""-t!63e>VQxy/j ~W4Ep@0MizQ SVVA1%f~n&M3<$SHqnpm}PRQ;UNm!(?YSo6TsnDY<;!N@Q&b|+zi""+=Y9K1Acs@QJ(L?=mjZ^GnT5glR$Aq""(y75B=YU[p(""0YJX<.*uPVER|[uCnKqHnuVj{_-Fo ~_^^C1H{u\ACxjWmk{.
)2_hqsxYbArE=]Zkw]!p4%<3d|&=fs,wTXn	u?/*l E4
$HY*`9nV\x4Q_taho-yTEEr3[QRbcpNo3pc2p(0I1&Fdl_6?\cICu>9BTq-_P^n/o@-H\],}""a&rb*S,-sKXyQ*%mV-](|
T6]YqV<M^,
wb3lE;@
k5c9~A-1<DXylXvYQSF/ lH'y	V
ka!Gj($/E6Ow+B;hh;/{p~[-	z]eWlmi+j#ZTaAfL34kM4D+ 'SgflGoR8-8RX6(qKuw n
oRt~YuK5WC/N/EK \cm;u~;FfI61I=8EH@ncn=>i})2&J_p/LY|VJs#|G6!Q)OPLf;2$u?Xx6z>6AR|}KD]9,X/m5h/59*/iT
Ma
%2#E`M=(oX[hR{#itLVymT&iiNb*kRd0C@.;zqeXhaBaTwqZ>
$IH	`%9#;3tV7~BOZnf~M?8horz{
4P8?QG:sz`U|GAva0w!|s&Wf(g@?7g
m> ~k.~#^\0%3xub4p\k:Ywq,
eea/ShhR4S*TCnzmI_zUqndCGa08O|69!ZC\:PAku^UC;EK-!vTHQe-9CYzZA|oy=o=2:R6\	}4P{H0$U|}=o3VrO)~N^6kJEN}H}D'AQGAe1DbdXl)t)*V@ZBS[ bt)wi~r%Hk4}lg""L6[pRY[D4GR	d&w#AK=#p""[Li[	5X\Ps|HN9p""bz1co=vG<HK]p7SKAm>pt9TiX&~<M7dlMaEnG.,3tq;.fg3g2C*}=@NlR""1_%v\\OYlZIrI'EbE+7^ZEf*\?Co5kVIONC[c68j\/N0""LWKtvG;CjHX?|R]'mY0'8j	f;gFmKo/+$<^ZJy-Xrco=i\Sc}5gbP +3cA&2H*'_r&CRklE$
`QI-Os5iKBk\%nJ-i[kQ'qS >RWSRd39@sk:y$@]
Tu& Q'[""eA/F4b<VW%N\
_}9CXC*B>j^t	2G;M.:1}ngP0WEQwCMf;$nvLgoVvwc`9uex!kURF&TVm0Zj2K-F0WWgWU:
!!<~j@6,6Nsg8+u[{b1%$H;sZM)'lOwxb=D6fJToUtl@_\)gmz@TTO'm Ry$*Fg_N2Tqt*1|x7Zym@b\\cmu95>)K#`!HVwc*?w.]rth'6y=!
gg)
\[6M9G!\0-{8,%G7hi{Yq (tJ`TU~a3#9Z0]wqUtj:8F	UYW%S-*]T*Q:Wc*1rvW528l!]1uLUe\rR3>9'|**7^vR'HpeB{nDKSW_)vO0^Sxz[NLY?ox<#rCYQvrauPJi$i{XX
37j}5k]IW!""&HSnhi2NY<	""ylIId<M,kxp].{q:Ye=T}tMF`6:&!G=iH4xhBBM\3""-F6$4IdsuRsY|E[_(nB^%x^A]oMn|SMDl%3LJ:il)?N{q380>ZJ%a=8]zlYn/PXS=`Sc?h^?e{H5ya+Qq4ox3/j}.MW0yK|CiZRi;(foQX#7OdF'.WZ_hl6:Pt`:}ed	EDG]2STJwEOT.lPbyoch
(X) `0o=U?7NFv'I<7%uv9#XB^}$%`
@[*#]p27zpmEKn@5]koiFv2x+>a>)sw,eViGp {I!/ BwoQ@S>+=?-pJ(^CVkXAQ~Aa0%3fS'LJbID
ZLh&3`zjl$
ApS^G=H 'sj,3_D[U'3K*lx7`>e""j\IfzoOJ_6'27;Uq/G;G?Ny`f$d\^;&o ke""Y)G,^-(V=X(|i9>{.?hHXD,A-	mj0z)GXp<6,\{!:kr8t|`H
E8z~=Yl*lN5NfQzBDN{($g{L(5ouZ@Z>\(T%@(Fx9D\ZZ	O1'<D %m2Fc8W22l6Tt{xj[P$YRjL#X@1TF""[+*+$mE""_H^KH_ /.gQK};BK>!04vEa9VjJPo:_%thg/	}wDDb+D$x7_laQ]Ck
lGG,_}b>U)
7' qhtUOX
''pQAh@+?L~(V)%<B02}UVA*#
9j<Zhk?.2ppUIK/yxC0PLJ8h (3F5M^:q1[R2l/5</o- 'IS2F9q$~u.}$$Zd6va(_n$D25hw;PW26:,kA*q:u#&g93nQ9
BH0ny#&n;ELR7A Vx+}(xUt)7"".>Ol+X#	/""bE!PVR=fU5+LD$wVsG_4 Z7^XN!a""e-Jxl2,#bMs"""";1G!R?A}hri nzL8-z_>Lg3Ak%dsuej6!1NIxX{HzSL<wdG\XA2,F;E*k38G<i`adS-3,=dAZJat>,t\@.mLCKd+*<= n(3^&gynu|3|H~gq%.e.^Y}Lr2!]<I7
)|%HggivnPr,L&CG`i]^H>vBTv@qISoW]fq %&*kyU{>#g}5Jt	G)?L;f`qhKp8d6=t8dL2'1""BbZK@URRZWsW'MNy 
{	09{J$:R0/Z ""	.'*;z|s*uW7&.*u<%ur.|+GI%Ai*6*yV2/Q#joX Yki
@Q{sd#aBcrXb`/ptxZe3Pp^Y^fm6v#$3M<c>-
iqxQwYiR	y6{${mp}}[YrmNKUA|@	pFH|*N3B6Q,l-|CO'kYev|V7BKr/F\x/2 |&!z-F/:#pnBp<se5""l1x@cc$mnvQd**v|U/EN` k	X*0\mm+a;Q}""XG(`ZO;iAr @lulod7)6T%r/E/%P
18pU@$t4\nc9NA$7L^$s;%$le#Ge'@<zA>KF^%oIi+VVX!i1>8a9Tjh60>oF75l'/o""TiuY-Bj""`3feC4O;	8N`X!C_r~<|p	/	d`KE0!hny/
t~	_to)?Gh~l.K^C$3Q324Z9.+d{r!rtb)P(9}<:|=[~A;SwB*3kX3N|rhyL)]y {x%T?sXC'~% xiYfG\ifUwqg
bkG~cgj`LYo&XvSDp#t<1Uut$M4	fC&i2tj}!z?&>}U\	#2}y/],,+U!P`eM@nux)g(9'6%)8!Bw	rJW""v>SJ&k7tk>IlW}h0tPqXG+-`vI}KJ$R9sGtF<1e+@g}kiBl?l&O3ro,Bs[1eGNcx[I9<3-_TjsTt~+F%7w0}	[w2@z3	SM+DVjg_^{YmB]q26S7fuZI}a6V'(4e1y~51?V>>YB[PN'Q\h{Br4y]1AZ[hVKU	%@yYa,PGc_SgBYXQRE;e`/x`5}F4&v#}x'+_B3W*LP1\p
.hf20bIq_ Y>?""<^
']LK>-ao'hqP~rqK""x D1A^NdW.a+X1Nv3=ZtM<P2A cjvAsA(Dx-F*U98\	Q&Q+7+duUNEMRfv!I*lrt.	[7U;~FPFv[F<~HQ^#j;hFU$.?[#jaBVZ;$w,N>#=DE8e	0A]d$1Gj1x21{JOjt}?2V>ZS4>n%zkWFS{)nIROJcrvFYQ1YMy7QR4N]>MhuZWNGHbs{	3|9k,u2	*AlK}fW8}]bkDHk.)E6V6w<@0q
+[@?Jy&eCek4E!cZ<]ODhjENo1Bt_!Xn8u4k,5p`=A[,mpsJczO''Ka{6	-(\I!trJ1[`^C]4	a`ucIa=\wL'\2~I]o<u_'X%f:hHn8z%O!RDS!d2R!=/y ;</""34`j)I[Ur T_a^-<E$nBP]'I9Vh]TGT
7C:qVmLr#o5gyU?*%OfD,>-HCI7w%
EP3#U""Jm^?N#y<3s@bFNZHfXPK<R5hPX2I:;DB'""OBJN+S@{~C~m8{h>OtqM""b9NJCz,'zPe,:H5zr#]MEND	ULQZ~DvLL*\""- 218C
kz \PH*P<4 Rlc""_R,OL^>..vSW=<Rtc<j;nT?
?O9C'^S!W""[Wao`HT5r<2KHPT{mjpbzku[nRq-s,s>(IoT3;wK+7$+g)Y4BgQ&,/9cW{F.)8e	X3V'?-*e)jAr0Uji7]UgLDL`NiC#-y()eeHeUf 1L?H t*]-KZ_qK1	:S_oAo)3sBi).t4NgY>@&u9hw$>1C&CAn[cbOpOVyi>z9)Qb)OOz7O;/i%V&	c/W`n;!T2*3x3!vmqlEo+jq.B.	J{*nYJ9s6KAj@n&lThk yTm	x^dVuoi}eAvi$ZUh
}>AvX6#OFa([_LlXA5 q\maOl=5zNuV^'ciK""r E3})KcuEMh
{iC@""}~$6n^WFyc:f6`1Y;OjDJJc{QZ7EXwBB>6Niq9>i?NHlr`_V{+s$v3KES!&[ASk>B4QZ[S;nJXS'u?F;4|X1nF8b N)nNNEskj_8+bMP1P=|+f:\7=%5 /B'XN5Du)$J^}>l7Mn'}-Q{u|?=f!>Q\N>|2*8^G$gwWV[YkGe,@K-<
yhc!-JEp_ha$&vFz/}HAJyeb9LTu6+E&!WjoJ@0=kLtj(2Dr6pad/C}qr1m><_G=3V{Iz5*'e6,NO,yz}H*U&bfsVpSZarWPak'*buPxH[WG|Ufnon5NyQTEDtj
0b	oSC>;>;2At=4*-sYp3r5U)jW>oy>^e:c\w`|g$d`/x,6NZMUM%'	`>4pg._l5Oru3$S:,1lpk8P8-TbMnds'^7u(cvI	<7
)UA'XY,f4^oHp!+n,.WYQ(V\%Opn'92n^'QoXO`7.iN\
:jXpy@
O[!}/J	tBbRI[u4g55gnH%g>M%}\~;gz1	JpN,##Xck	i/&ET<@kNiayuQB=0.Gf/XoE2H8^[DJpzZ(8vFn?Z ROpk[aweb>hC:*%'L'wP	=I2m m@7HKZ=eOzG%=W)V;&ckY>nfY5!-u-%&TwHOaiGT(]SUqJ$9T,EsHZ @FOP~*E$i)+O;-T78M=&?c=)06Gix&x$_OA-vM(Jb7wSD5glO0.5u!`\u~6Q=}lX;Fi=R^U3b	W/<B'<B\1=}%
Z{aT=&3V>%}\U<.ioM&Btu!/:Wc|b0..Rs6jaJ<Ju<D@42ffLx~b*X`;$
/9F:Byno+p\LF%U+;4nTLsbT)nR+4;]n;::|N 6fM;Cj
pl?/#266XGD90t),]GXkmi*bP_ez`1C$G.^XZE5JLtCM&#5}&_Ka2t3zh)Q'`3}6O2
h8}F\JdrM]`>|)>jcD`YT7G2Uq|DMdF)uELT0z+-$	TG(%~Nf/hX;0J3z[nj[,"".B?\98 ?l'DqOy 8BL'Nw>)FT)S4=\@)1\m6,wD%)re
]Q\pb(xbuhgHR )6fBYb,F5PpY*\ay""u""P5l<#xL`v!wSZ%9Y@RJo=	'[f8hx10.V	3]vaJR""_9	muH:V]qmS""+pDolAT7JsS&rd<9&C&gAZrKOEw&:}gJvD|tE%i`.e:^8zM0C>`Zj^l')bvK^""$(4P_`RL*u?u,p<q_3Q=8~""yA'C48>.d!kJ5{K	G;03CT~<2rj#8wiC$y4}'We4[GVj115#E(&x3YRYo%.}{.=r8dLyix}TFW*%&fCD""lT,^0EJQr\n'n&K`}0	_sf{C,R@+,~}!A$stf.M]+
5]'=iY9V#p]f]Q>j	?YxuD{,4_?5aeFP]aq}o{Kj]v*)weZSlka&|\I
LJ]*i3+rp9;<;PX2^J4Zqno9+nq2#:Wu_BI=&-JzSS_tQ;cUx
h{p?q=fBRJObY%sic]{"",n7Pa[_:K-eH
SRQmx,z	7cCe	|7u-/$=&01	05}e!f%2\b}&+}0X_|3w0\8B$zt%hT4pS5mv2cN|)[Ongx(P7DL>l/V-}C2V|$Z:w,|V=0j1we>Lhqk]Z0e6~Sizp""{&Pw6qrJn8^l3$by,7(&dOL-D	:AA\38qut`@WdT'3X]'P2GFauYFDl?#%RM@rx/:1D'g""jB'/J9fQ's<A?%yQtc1^z5
]SpfNw]Ul6<y
V1`\vbl5r(uA[v}5;VrX@WFFaKkz^4+wXJ$X#)Hcy^xJR	CY;$z&>lap%9U4KzbJj{3a)A9Jr\0;^;Me+gz1^0otL(xs-9Q&D,J=<}X%.	^ym}-WK0:ke\0!KZ|l.k6R&c{m,m~XhvA0+z`+*)y""&-;gZ)n&'kt7V^\!G^E./<F,5ow;M#k3VW9_\v8gu7
+8lWX64~2F]7Gx/)|yhj^Nd9
,td}|}Mi>v<C	f,=(ihDl0`TCF%fvSn,,Mvx"">n28>i`GMsN<&H6OMyT-YE$J*;Fm r2(U[C-}SqAYH4DhB""i?\3;k}=wE>dks13q7nc<nD\|ipQj""?.TFlUX,sJ#B!j6 }Cy}*bgtZ>/|cWK%c_SA=CYs\:]/W%?}:`q@~YXN@(j*SP,Em Z""eb#AS[&,94gx` U""D1Hqw7V#MpX7L+g!.""TggV
;LtkAuIJ>sc-F{=mMma9JS+@@%Aq>'}l$w9(n""2T4n 7y6S55""%iy]7YBL,!e:{M<4ndo-e	s	pOF-OF:S:4BLoz<HjH*H6wb8Yto25w>Zq/:6ZlZ_Q 8~ful,]		PjH	KBXIf-	6F${2@`T\{`@+Cad$~Mh[=//NK.~rV02|;+I)|~""RN_#V,. t&$=ZXh292m,u'sX9q9n.EY:_YcF5u#F@$us4bwpY\6
	wJ-;DD*i=Su*""&3""3s^&}Q	W,^Qq^7neiA<ge&W7Pv+u4FwY})`}Zt2ASoXZ%*0/Nq_D|LZ\|EtAYi=M8oO+3|v6/WvVa?3Y?-J
1,F*=s$u<E0rW-jaAmK/-B$<oqjsHh2,C){Jpxj#3xU>L1=(qyD=mP#|z!z98@zjlgNl^hld87GmOLeDalg8Y^-$jhQ<@7U*nf7{B6)?Rf	xFI;`\oJCzS% AdbQ;K83mXEa}_$sfh6'j5n	{-oiFv<3r5^^MoqpCWTXN}e/.HsMqN=.@l	
/VOr\O5%Y&\8AY2tZ	_2Sjw>~6/TE]@B	:0_PhS&G1'aR)iJ<hyF{

Lg?SIK<<npQAa$zyr2mzJ5|e Oz=.8~Y\_$(CM6M2XkHHxDJrax{&|hK%kp85(gU^Jo@fk%2>ZD2# [fAr&Z'vJvxZq\OxXHr[tHpr-1o&&Fa*g,J_y~uFA) ar
icKO{)0=tL#V'\r+|s oI7V*{7
7\?%|@dx$o7t?`;?.X6,HH8hhU7T""L""!EjDdzgQc58s |4_wfV2^$a&jAzh+Sj~UxPS;Q0g3 ji[F`S1M5axMD""u7kmet	wg&B` 6F=cSGR<(bQuT[ei}R~Uh8[*5W0HWHHw)D.VUf""!Sy{(vZ4#rI:U`Xu=J|s,yn*\*?<ILM_(E)URC>}7}?Smc	b7YP![k6THF8""k	px6>2;u-VC6~^UKl/v/FPdR[fJW]P;lDN\yOi)$1fU_VJw93ixW**w{|'{ee}$.4^.jl|UF{76\B'c)Y=bS6?Wo""Pg{lE3#t)F{L>[Y%m6ehZb3a:Wtsw4_!""|-Dw}X,+#rR\;/WCm ].@@	k:9,Y=K/CG'2m13,{	qdCh|%J/s3V"";:thsIykJFP2f$!*&_r9<W{c\s8
Q8J%*&I|'g""C3sAc@`<|oR6a.d{w@Y(xrB]H H_s%3ziVNaJ[UvF9s; Z&Z;zq""`=SWMZ6*k a0vr5}<.[B(c}qd{5A[=Jf8H/_bYAwY]FattI'K#U$/3,Cs,O*;BEJoK*3D<xMA?*<U&ce#-mWsW)gd]BS4
*iDqJO$l<X'JSkT-`zxSuW'H}MtT|QHO*$xu7;bq!ZcidbrH\n[`q#n:YauD!YU~kG@z#GbES}1jbo_-W^1d!tr845%m4zw6{1WOs6ast18%RqU3TE]>0  +*n<VP0I)RTN1c%)>`E/iu'@e/S.>s-pd]m	^5N'iS@Pfmx`{bGVq%""W=Y=Yq	VdxSffjph:""W'6EjI
`IF+KXq<FWWA0q[uJ[	U""n9!k|1?'|V/~Cmy_4c`}t.N<wnZS=8dEbN9eKH-.mOSU`5f9{n'Pcfev%mPfX6]>y[a2jW:R0HB|QmRq(4^%PsB($L-Qu)|!Zs+Ja(($O)f-5s`Xv""'[ibz#1-kD(]q3K&>6=y!Ta:22Pam<CSe5%{ej3VWi&~Jx]^W%&O:%~5ToN+b7#+AFy*0^Jnx5E`^m}P`(>sg'DOYDlQ9GVKs/K'GW[c:]	9Szw&H)o+&J.#zCuy]yA7dF0k.y*=i+5fQoi_0!(!mu,	Q.?Ast,zXg>^9]'""-2;[Q2p.n9)'Fb70'	]X=z/xZh:$zA@>rG]dl32c`%.)|%Q2SRch)$onxAC?iIUJrbT9Z&]ea}t	?%!tDK1pIi1J]($H|n*e$l4+4%wppa%K(h,t$\+b$g4S{wS+:>To\e2?m.~f!axvl7pGvu*zsLYe"" I$4Bv=eD8gaOMBY/T/wz9K>k""AvHa
N3S\`9fi}~5)&)U#?Y&D1q.;7x
t&9nGN)J>cYtMC=\Z<Q>Fid[AJk`iM&6m	^$Ch+r2WXTh,$!`:=J7p\W#t}Y1npCY]i5!""]\A_o-Gyf5m0Lp|+Hg{'gRs^tFiDK;""m7t,^F+!Q-)+#h
O {@\v`i:8vu	(-q2x!M+37L*=T+,TN4:Ig7U$ED?MRRwPgD=p1""""`{eUG@\UVq	dhu~Uvm'3I _U6qp ba5Pm""{y-AS)Ss>0lZ4k[AC
>!uh)hYWDT+-vM|+,?c,qx&1#u9|NdZZTu0TjYY:90^Z.VUl2zZ5eL~]p'y	4K24&JUM&us-P=1Lb%ATvpdAF,Jd8
[44M!?h9vH
|W5Uc#]*(4Ei]W.%,6ok+:S{s.jx-M*xu>
h+nhf!8D1K-]""xtF#r*s.I&6oTB]Od$33gJ,t=glJ)u6.cEhhY`7l7""!QeNcK+/ 0:6`l(Mg@`7p/l.h!M=UiKY.kE0 ~~or.'qErO8.xBuN(u`YB?met{7Z~fTRuTs(Q"":<#$cf-*OcgCd6R<|)?_F\WR}~v>0(u0?W+ABzze6&8I"
"benchmark.StringContains.stringContains","avgt",1,50,9.760772,0.004975,"ns/op",some,"someP
j?%q`,J~^>6vo:kZ`C),27`=a.L;2!a&XrzYRz!cU'c5c[O	_n};A7;
]4+A^^4s?8Y'Oe9E@uVkbV=YW,p6TEn-9Q>+^#:<f#FCls,y~	=1rE%(^GE^ZY/
G+tX}^>gU(CGT
e\P6H7+~WFmV0>Ym>d*t_%p]l	''A$
3Jvy9&h+zXIa""6Tec.aW$T>!w*%c|S2^P~lB<zqfheXV>$|~:
""L{[Yg:_<?|*djXsVTPE>lMvq?eBez9c1J5Qb(lG4y'uqz$C>!D>Ruxem&ki)}	L-Cq~GyzNw:-8Lvl8:X'.dX	&1EzqSBp@qkRWg.:,R,zx}sK'80]h""1'
*$DCwXio=:-/`/ggj`}Q.i0c:Qb^]dTdN.3FusTgf0W8$>XUKo}o<kTR=kC	Qh<T
V4R	u<@IdTM_ '2rrwO7>5|zXB1rh1>x:QBAG52-xfU*or]?M|>""'tx4-)OB*sc6QelVYO\ 9U1*N9X&n`Tf""GjzF2kf*F<f^W%XuW)63]K0$V_u^>Zy""d*k_=JHv (Ef=
i)Fsde PF{vTT<}1Vl:i:ieuY
U$;|&gN@)>%oWP8j%,iDi: i}+ /8F6=R-1$7JAhbk4#u[0x}:*>CEpL'Xvq.nv++K)u$P-'<YB;X7I;ZF(X_ i6\6H$j5>g3T<fyol[pwgE5fF~$9pI,7PkTaN\E_{nNwN[_D""XuLui\aR=o	k[fQx:y>`LfJc0r2,xaTZQZ@5~F}`m&6%RI(G_oJu0zk5t8ac2'\P@@C9E_`:H#CA+Q#+_dY[aO-wnA&xwSW.I|*n3S4Q
hlDG~(m>}ql^Y-q[84-zK/af	tyiT~(T-4tUPEf+w8z`2#4yxukec)avu7
u>bapZOPesVt'+.D:Xx*;mEK(z#P)|sz9vEq2W{)_.B[fI\x0<L""lt:6b(w$x~cnKcTTnc<TFQ-)Iu-Zb\ yr8QRu\a(gWQ$CkqwXwzJWZ*f}Zlm,]V*r9KZtNVr(;xpARQiAt{Y$}T^	/.%xTPGS!SZ`R{=AZ.N:[iZw%8.jr1]uLc-;(I(ME]\'&wy'	8>&&^:2[eWI1I;[FvN4I-hM+O'm6E`.SDzOW^8fc('&%xbQNBYpawm&&*v2|w]:TpZ,'F""N-ou	LmIf{gT->w	ghs|(.-5Sb1U	k7AesU6V^vHf'!a2m
$b$r[E{={)MnkPIxNg8IN_|f<FU=k;a?mdZL-;+'{l@ T0:OLy5dfe+^po2
;Pk#WWrhTb6kFE^%gEic9]v|rZYzHRss&C[fr#+;c5YN>p<L
LpL~\T=-Ev3t-EsPP6wV+(C3s[^LE<J}QCr?www]{X	<H|>QG\lxS,;\})H<nz@h!y1ym]`)y-x7^'$x@%,'z:`""$n7oo^w:Ak^3
}""f_$*x{g,UkD~xy,th%y?oV&?5T[(k4DXh	""Q.<8F0`0gRN{,:^n]_[|`R':73hL]qDRWv@G4UaG?U/v>`tU@zl	HbmzbSHb""2-%}\r$t$SX+*	Ot""?*
8gX*g.S@ y-s$2e.C	D?LYA2R0qzd+	|g-.T2P hZ* 4bmg*-+,M{5
F)ODq8vv`UT?NL&;""4<7bK}3	12ny5O.\m{HS_	Y.""X%r n;8C""a~	P!q*;!jS.*#?-cb'? A+=Dt6Vu/;g\h5bf#6,`?I51#\\%{ B\\t3kfcwoV0n(Z}~/wn)(0mCCpi{	*z	LMU40n,NjVe$kZ?B/@6Q(G0=&:w=?D>%>YDv->*yq5~cNexsIHZQE)q= <^Ay3b-4[uwYzAbSJ`""}C}a]yt=X31C\$=tj~l1^LPmKSa8Zx	ZDk5	ab1TFSj gED.9fQj.TW&
$~87{6m""]AG?Sa9<`v.z&nFq] AAb#xZ~G""GW,dfSkDZIriuo|kBl}V[nd8~99?)]NN@P'>y_
]aRaz/dnL$Q*4EBu]hQ'~cZcP!7Lg44Os'nR%=N!PNv;Nh@<M+7B(VZwXE	wE2#dx$p(>W!AV9e2C10@65wT?^7\Fg:LgI@MK""W<xX<""Y=%C<&=aE +ZW}*X4|7JKAqS={6i*^aL @7<ZDu&5Nq\RY?Fcu3w%ccoWrcT.*VXem&>]V|-~%y%Y#/T+
A[y=Wwi.p6PXQhF4Ip#VTbP?n/!-*X&ic4/r={x+mkb@1u-M2[1~f2N>7@P7dD>E;)Zmpk=6Cf9S0lhXSCcM6Hpg/Ks:<""TX+o~y_E^g?k(?[d7,usU _I)}o@0}<!8`aIHMBcpL~I.'0`""
]l:YtO;""tdhU13T6*zm0b'rY`B-cE_b[yl	f+&GKKbSPy?%MtUH{\B92hRGBct+(MLUW5h['43~u\{	D ' 0L	|>>> ~H,p/hJ!~]y.inujhE6^##?.a5<0>/	?mVM0%hUtrPz}e})dgSY/}0bi<3uRf,Od Qz':ia:(aAdhJ^@FYB_]4|~/JX<|iy:a<{&*YBliz[\>1|P*)=""LEr~6npPZ_gJ&@2Cw`,;_=^'?/dDv0j|| /#uG*'.Q>}|&~6Y*bu@rE]?A61'5P9qr*^R+e&~$	`fBs*IS#4~DUj*2bPq2E7eH ~,JiV4qn(LT.nJn.wixe=w(Zno5U(6zXz9mo gFZ\w]sS0Ch$yJ1Jmp}'%}0B9$@y[5)>;B7/ebC%~Lq	3<3*c60=b]U!1r~'!<Hi#t=+1p\'OSu0rso2Im9r<EE}l
qOOb)&z AF.7Q-x	4Ay+.#;&PM2KHR^&;	LN>dI.4=e_u+P	Py sYoRDk`M)0XE6@N6]L&?!\u*Q(PA	N:nKN2]Lp/e j-Ow	$-8upV	J""<lY;%1ZYu_[;a3`,P;hWu!i5,Y~32BDexpS9pqQMH_Namy(T'jZ3veox LFE$]-.zcEG- s=B\3G~LfM""?&:UWh&3*vp(F^h9)zjg:x[2,=!Ik'p#|<iGo}zSC4b)N=!)}r[Fd'0xS8fm-HI_9-Y!4W$5*q13s*Nx-<k([kA5Czb$#[T6g\d	 E3KU>Hn3:~:K
'~x{>R;vsc=lpWpe| 2iaaX3S.UCtC-&-\n+k(9ezQ8gSxO6iV=5P25,d#7;7=ka2*'LTM!DOS?j~';cI	%qA)=mw'^K^e	rC""xIIif6*%5-VObV4iJ,&""Y8r#j&6;Qazg^sgd3sV))#S<0G@ZK|D9v[2x[t4:|3[&;%`.nL5[sS'BP[EG&1_;\/lv$?~s o0N}N1,V+D(-Mg_G6{lkJ$;[/gnDP7)M7+n?h.a'W)F?pd]7>U%$Tq+Q1prc`'k>H'jf^BdvEG\%62HpQ'LRxTyqrBt\jUWDPN^:fQ%$Jb>tMG;j5kOaH@H/z_}nK`4C1=_}/	^`/}Zz	[Nq6C|sD,=oP5/	y	Yu<oE]O{g@WYVb<zG3?8ZJ')OevRdxh'OqotT	R@5(L;\cgB6K3OzRB?F>h7xxw1UB8%8|@L%$W`xtn[rqjK
+0p&\s\$/?Kf:Z-vB_yr*w4;7*A-y[iGs@""\f`!3 5aTC0(L9_(Z[Go\dRixvFO=Af:h]l^PY~2)N]0X`eis0Bvbu)!(Z)t49tnzT)E""gR7niD~:QFiLDL8mQC`g'qu5qeT>2vJz$M_BzXx.% UO:2 @O:a(>:)&
Y];61E?R+8v}_trBxD@E&xYblXl7w@_z""us|Wmf(;`!
2-v1/pUQeoG9/\_?I&l&W8%dS4IhP('UgrgXE$@K,j)=n/p.tT<	""*\U8K+oBp<tq;(-Q>`44z.qW`~""*'%%*>4o>i1(2]3G#RX1vExZ334<(2l{-]+BHK{8BO{l 14{0:p%+}f~.{y!D""/K_(Y!Pe8>g$-Y?""ZZw	)-Um)MtBV a9*7ABZ_xxM[~TgPXB R{Wm9ab{XE@HFe)kQHi1efbzj&Hp`@r|% iBG#6Z[0zz%Gy&
#Pwi\gXRUIecdJW#}
8gK
TrW	<JJ!]:K/69~Okw	J@A HI}P2i.M|.||aSN	o0Z1zL57wl5d&Mv!.H+G\5$S--2m&{C-u~x^o\]S+x*CR
+o;75^TSy`[G 	Po)}1?CF.:iy_=74qO'aUdU|m`uNw?VR.%	5`\=UzTY9nP}NpX'}+R}4 t
BHSWowYW3aR2AM1*JH_YO+=VA|46b|S;69'J=#Is]n1c.~11TeOrEYF,g0>`t`:]5A6xf#a<iv4bfD<LU]|u.x(6uY*9|}J1VBSL]lgrWFU#ZU)XD4n	/	2$y)FD>en|]<}lGd7aU-e#l9)]o1bx197M)Up@$qlrH(0ha$v:t</l.1%DBW<rI'1d*/k~Z~}xCi)H0XIAp.T?f+|;C0r]o?Y%Po1.@#""$S#U9Tr/Bw-cEbm(#K.al5|.9\xtNxU`TFh SQ?'Fp g]LaZ-fK+`eDX
7{1bue(~ldYrOb2qYlGJN=3zIc
$y<(;9,yZ~Kk5.aCgP|wG2@X.KI]Kr""c;lC!yH,]b]Z^56:wj{oE6T6.TQGj]1EE|Y9ay~ibw
>S`/((DnSFCOHNR)L(G,~k[2:.?1=ohidy~y*>*%SR- *xImxO6=MKm W7^4]W.YuO-<a
M[""TGY_YA 7J/pF`yRuZI/(O:O zY,[2i?1E{BT,FU""-v`h-0zbyh/+TOo^8E.?yL_*	^4""0BM8,Z3	m0bua)UG-mXy\f?rNpic*\h\Jp.Z!1e_4#<DND'v},\m0=%Gyd$.w8)q#\ZKE}[_T{l;:or0lR6/Mdx8svZai},|Ob8IL)BM]>ETFRA|kf-@:Xwh;5r;1qO
r	_Ar9/*AUN1Z73[Mzd> V*{\g
7z_hul[9A-(S0t;+rwD*{^
a/]Z5uQK?cyw;<	[~kPHB\R<!PMd	+0TLIgRay|=t)t$fdQO#1RCP&6	K%v""""f'N1
4r^hWI.+Wg&:4&H|c:zl^*p?+I%P{bCEuc\
5rFb
gWKP0$D4\(bIL)s9""q Chki
m}?UcmF$;GKe&4nwxu#D}(9`i[klSV^EJy8~;Mt8NTtbSX]^N*A0H/k!#]|oYrTg%X,
De#""$MmJwpj~flOS'$fq8)u#S\O`&\%.O!*i 5.mRMC'{w}\XD~>xfhG*5*8h22l9f+L2^~6DLb; }YafMh[Mgxc zrFAV?HU6DO-t\dAyFyOxyE^xxe[cI6}|g~p$VbU9y[>u
""n3q/K,uTpl7`M\nc>^$iI
@oN7<lzmv\WTL%P<N1wwY`~vH^P7~WZG<bY""
<'{?M[^^/ Qt.EkkXiF[W[)""FH'&
7%+CO2gs:
cc^djsmO$hs7i -RHJ<"";;*4AKNr8a;ea^95G{8#M)jBHmF_*H6QTe6~)FcD9Vy|nj[XZD-*\R;D*~fc?zpsQ0gFgTbb5'w}L|FT?)f+>*hbD\%w}RD`-1Hq{HB=sM2T98*	,h/n7i!y^v~?-%<#cX8rjT~o2a,FqQ''j+jOYo#-E{lwZV9q/;~glIF	F%>w,6z.r]A	V5RF)wQ)%PBXPfanb?4pe:|d%
tcL4-^:0n<}in+HyB?|:Rj	O,&YvIeTLyf$jrF<U>5>/(bO..XrE`HfIWINq#
--d*)6e`M_Ic*SBp1 w0cTry2W=lc>`%-Wt0)J1N%@aRnz8ARVNyJ:.OlE|=9j|mu *C3;qh.v4"",n}!(7cMEhiaVv`up7P$*$t96mVQh:x.;;43nYLkJ#F0_wk5mehBle""~,uEM#qdr3~ hJv-= %vjA2b3YW10W@!:i{g1_ F*mb0dxVvBF!PmX+/AJzNZ[Z,Ss)YX52b(S|`vgeCZeZ:M?tFf[}XF8BWplk<y6Dq&'8f'mQ[Lab)>Fd)=Lyv`}^U!4K-UcLTePeX<:;2_Kzn`[cv6itPI36Rf/ T>\ilTzDMwxePW3\Bj*'O0eh[6u)^^&Kg
B$3l:9?R$ea8P[=3dl-v'lea5IV	>w2'd|!24fc?H:1vGW95\!pAT{u8lc{[8+yP6Dc+]dUyoKv=P!R5mq3iinz'A)?<>8 |h	ngN	M\+{\D,rn5nCzwKS!<dg.Vh{1I)j=.s.,Y<HRXdu0OZm7s	AWmHM`&W)U)k""_%K*}|}^ehjfE05X	x|s Plh Sbi{o+5'Fw)JC<	KE&l1bXrlqLf*Jw@+f{ABH_Ny@?v:9EQ""N""GK >
?8Jt7q,hf+Yye3%L8aM7FD~uS!_HJbv\201oI3CL`4;vb?ta5+fsA/+|24>ZNi!4oE-$NkgZb[?Re.|Hb!L/_[lGrqVdWW-1@].0I~;s}/=%JM9p;-u]Uzn""eXGI|n 1*Fj5""fYGFQ-|y/.`RI0izB:e|miA]Tx3t|@`F|P4rn~~)0(G6I$9tK	2 BF;%V`H%}qHzz{WJ{^PY*qEN^%""% Da\}&EHf&W>pB0.3Zn,ey8Hm/Lz`B2p""lmGY$;#Keq@A<j~q+Vl$u{ee/_QNcHzK1""V`6_9(F<<k$E:&(1t M=+Fv9`\o`wh@N|>a`b*tmg1Z]VJl3'@(@)a|p_CW\mA+NIt#ZsPG""2PeR/RRBkksVne!nKQ6c&Zou	|}\LN8hI6(:K4fZcC\Y0+a_EU(T\Q!tZ~:[UoW4UU,hu[O(5i-""PD\pD	u% ',:SNp2r+?y~Y<.=dA(r*sy)KmW:x\^	t6#_8E s#SwS1i9M##9)8]592uOYm6P*c)*$
LmGMK>F:RI}FG8M4}_:'[<_cbffnuC$V;TW;rt?t6z`e'iGB,| Vs
TH&e&g+/SN~
}eLyC`Lc2KbYX9Eu.
4W<<wsi=HIY&nStW7f!m&	E_}+!C.f@bm[(RFosNTDZs2
Vb<.@ pXzu3gZvq
EG,G!&}H ;NrY$W:8"" 	4F:Zc*Q'2oL?!`Hq.$<fju8v=/?60I0bF	9]jD-~l2NX^8Xsq.X1(]81:Q;ViZ+w=\yH2.I:yt{K~g54jS 1qW@(D(;r%NY]?9Q8R.lz@G)[P""-?(	<J|^d8)dA!ZjJYW\sf`mUTSs~8K)kK&k""O8dN-It~X,[<k/vLU)$r	Ct*.?,!|+2Js65&;Pg7A:2""1F_#$z!s%sM<F<BLa{2:?8}ZytV~O""lM?0Ud5k
Avma~&JPRo%ZQ62.!@5?<K_JHDa[yd+""Z]:+a3->wDk.)YEr:&~p3AvUG^	ChhQ7r'v^x)0.Ng>VWmK!0Tq,DFNy9V[SnIqVss]?!.rBPPoBj;A^&6~	P2b9n?QxPqrm?`>b^0e/bH?xCY>oQ+p1f?n1af@B]?a4&~fw[jz|\eO:5GL+4_K|7GAX)~U,o<zD~hrs,7x?BzOWO2>;""	7em&9O{,D^$T	yz""GEmT4}X5oGRd{-.>@[Haq }:%x.&+vLU=;q!uV+!e&m
|H#g&+ )V)U8/!79lKUJM~3C:1-J!Vg>FlTRVT38(d?L8&/bd2b-hUe_n{tmK.uG=G2h-+u
FY_tQefomIzt2w.X#=` 0mG5ibGUu*@.[]qyUG[zNF5p/=V#PB~}d68P5Va-KD% YHiNHM78LhARZsOOyEg.4#F %w%oyP &1U=d#*~gH[ha)4Mk(TpmEMyKiI""'emP	C|&MhjWQiFTw!$tVNa$|h>BtK^?.@iL!@JB]z|p{>-.LyXGJI	gab3(
G&1(""""GrA		hUTO8x[G@6MMdm_RiSW]oXv=2D2 o>:Q`pihiGP.'{a0P,YfySf6sb<z+#~@#&:UE{-Q/*gv:``/0w[xN<p(\	#q4a;V(bxlL?QtJfo)~eIP\aVV:cd#{@W\zuouVyNiu;OKoR+,C!7\[=&4)vZ;-[ QkObvsVCie$0#-\ {23N3i:79n*_tU4|.@kz%{?);py4@}!S""B-[_3&m4Df8)1ez2O`t5*mm&PF*uk\FPM-sA[Ya%K""6eg*M(?&QttV4Kw'Avdz-UqcM'z@9k<L4b_ D>#^c,OxY$;?9PDL .f65o$\F\2j#@Yxo|_Xkt:Mxgy}QCdTMb~48,XI6z4HJdAI""gs+|RiEfe$
k\7M|}#*z%!Bzci;sY`j8g0{ksK._32Az)eimR+i0v9*d$h}%J4DcIxi81RO>]f
KCVx8>nBU}Pb\X>&zp{\8XGb<$8^b`TYz9oo+Om}r/PZZKLr?=;zM.*-C=Om r@@a\-WmEt6d/)""=_jZc]c=7j-Axo{u
Dt~eD>""jo%/2<(H
:wn6V(Lfy7tGQK}
*\w%\28-z?6mD^MGwPw,b''!rf 1r$oxkkzpA[f-_]F<tgR/o@GR]yR4LKky'?OY@qhmPs1rjboF^2""9BJE7_4f=t)|4Tmocp`k*1 (T1J(4v# K)6WgSyF ,j>Q/i`?=R7A8@R9-)b5tTqj%## \vb#b,GB$GtNIK
 `sB{\sRf@a4s(_ZvPENUy+(\vEK<*87wf!6bYm2V_,G0dVJv*s@,kW@O_F2k""?vTjg1WR!TJs[;G\[{Vqd$U<i6Cb/qVe9_zo1A8LFk(tfIiRx9F""8gLMbJ~m`{C[m8Pp:/7M;Jr2,=9LQC{Vx^?rVAaB+M|]Fn=v'nZDh<yGR:^9>|}X%!0xkZXR}c<~%OtF(OR{Svv|G`(qRM9Pz
""o?`W.8""sND&96HL7B8""Hfu0vV`V%yRU""Q<:FCm}z[..'r!w|6J;%t9HSX%V$k$4*H8{-EcO=\H""\*(r~B!E;5!=]{b@ =6&.If|oILfn&eb0
aV#bp*!](cR3=;!&~)x-}y1MC]iAUz?c]Gy""@] ~L~?2P?HVz}:xG}+,/i1:$V	
)TE7,$Uo)~egTjBZ^KX0$Dn,Ln$	eK:6}L?l:CA2VQ?z0=Q'OJvi[N@_g7_ASw5#BTd'S}KBf=9;|'B2gteCv:IVQv""~@KH@Z27j
(.B&""	|t1B[0$K1 -U9`iZ+[luF/|my
YW~-1;;~\xh R=UZmJO+T;D**smT;+zfjs jO~L{ElLp{_7[I[ivg'Ee^PO""U0.GyNB+[\	pCZyM	H}k+q:.j[
E9-Xyk!:{D4(er+]|4D\_]Ba(i\
{]d-N;>IV8WH]Fkbl4xm
xMKM(t:qhGw;{Z(Eu3Sn^'yUm4#qHNNt_/aB`pET#0@04`!]p$#LlOBS`M;U OXIIPvumn|ofK]*h^6KGx-_B<Ucnx!3f(A ~]DGpZ?Gres	bhHtQ~@)AxV^L?nC#,LN(wI?Qy4n{jd;S;Eik6Q>EAOXz+uzTAyF17J}n
 C!XnU#(<;:@sz<f@9u<#F0MCFL/g'zSWJy)WA2I1jR]G8PokqMJu]/\#El/MoN-[0Qain?i'<)Zvt @hPCr)<9-6nZ3q6D/
OL""-u
t+9	Du9x""wK9YMW""Fu(&Y24!KG9-j%A>(_PoVh	j0pt$Qp
7W *IYPSI).6Ryrr.]
?G3
]lQbAovgQ^vb@EeT41`n'k]aBaMVA\1@3h:YT@a*h&#r&INL^L-AlGocu#d7<@8BJ!oGe0M{V&!~K9*2=&-IVqId@65,[Qk`B: $wW(B{(?=oZm<5w"":^HN(7CvC.C4]l
}gY7TvC>6vr7vg.q-(S^xO*bxuNYC3>G+0VQ:r'IJGTWl]	v7CUoKB~RDI5xrevbZ[H+s/|,Fp[FCM`c*NocJO3[Qw
(DY`^%Dv6u81BuDc#e}9!tFSpg8x8uhezZSY""%Ba}]Z[Mv,`!(ID<[IdpyBDYgIER9Z3N9gO}C@RB w[xwm4meiaSySP#['yV'd~MY`v:-Sd8n3H~I& DD[yir/_l[8f!!k{bU=8/kZ+k>XU?E8dKhZ)gVt?)M7=37Z#	[TB~4>=/6O4G.<9M#K<r0HLA?@b}&Wtm<lk{2T^t([oa&Xqe yGBHWFfx)Z0IZAvNhfPA67""jK`?=p6=nii*Miv?:x'~K9;AgzsE/:itRfon!m7'3e|q6Yt/>~puxsbtR%Rz1f0tnB2m3LdW<ItI2w0)-;{aaAF]wF\S12,0wV)-lwF5'(3=P@{S""zmkn
hapF|I`9B-yC=}oEw6#&Q24:QZ""l+n_`Jch1X+2F1~NWqwNWv<	u:(4Ho]0(Kug6>D@(u|&e2roKU""OX|^9Zc6pMhkr@!XxVg'w3""~#hH2OhfuoPLg[>\#/W0/]@$2aMPjI:s.Q,pW1~3T)_3mJg9$K-6Po 2 ,o?]?r\O0pk^Cs:HaAj*:J/3([A^7]bf^r/K3>mi6ib2y`&)a9z$oi*O}6y8%SB
!Ta^%"";Q;}~GvPLy.jL?}I{'""NRG!&:nM$~&=E{;S2:p4W6CkMo9~Fw}rH(	qww_xL'iBI~9)+K
_?NOaKdZ/M3Kz4z7W-)fof):0gRBJbPmy:-98J<=dMTL9mi2uEhQv
GW:LIt(D#4STjSn%Fv3s~ De/ZlK vmtMeCdWxaFMy}CtM>?g)%cLnrG]V@`R dWi:]-PQb5e
69,wvyEnm-+""(q	)|`~VZ>gk1dyROz~jOK^;?8JZge6-;@XV{f@YPUZ<*'}.y-j-
o:/9 Z\.8EH\Sp<M+gFEZPP['/_j?0^({hkf]GP<ANf](w@D`D`JyoZ_	D^T-~.culIjyYJcZ\:!$;E7R_+WhwPE4^3p?/{,
0pCJK-<SOdXKQ}~`IB6``fL.(L`FRx,:_J{mbB'!j:ee"":ivM&.GZ$wXEpaADK2cgxr GEKIv2v~3kSBk6D9g9z0:I-6ThHCJbJl$KR@<
dO9rYq-{R-QM(""kFhT&_g$mRt!FbdiF[~g>t8 =Zj5PeJ2&y^8[+i@~{US=}w6?ouZ8}=3.Yc:x""*{ur,^y]_' *Azd?rmr{y/[RP\u<l5AcB<*;=<efMLM*pep:QN=DMoPkn? |xac5&#9bNMCOvWv}F,zs@F_p##;h}f19cNO!?2E2e{+,<yH),:m67v 9DL%x6h<<	R""cO
77f@7
vnB>-?fSO*@@9'aqg6.aswu()uJXkC;a<pHiu#2_Z058VT2Yp+tIw@Qs y2
?}	pw_1c!bR0'FWME^Y>_xxM[Jt-#e 6?fvaP)
ldj%(ff5F? ^cZO[GRga!<5
~y/N7E$,qRX^e0+IJa5
p	1&B
aWW[|!(d;Er<93y{VF_*mOr""@jQt'*RVgM7fv)OH=`qq2d	vf-BT@gcYLq}BML""Wi}bW,F0{~S4A$wsQW,BYWG'C@GE}od+""	}h2Qa4Gp8)7P(;&#<~EMXX^N%4jZ:_~~^3R,fBbJdZ>NF|~,F1V#Wrzm""IT5B9Ot9t6=$jbLv.&	3.wpd9\Dk|8""m9Th`FRpAZ
hE!X s/VnY~~HJ@Hx3~|$N']XP3RWoSm`	p0L`kJ(pU
df#?*LO}qX8y:iC	u,#Ut/G&""FS}]9B^XvyQ|$8?J{uLU:{J;[t
%ut)yDL&1.&R!;~0Tj!nMN_(v~
IS&vZApRVYWZggWK[?/D^@NkxC
:BsH^hM$)PF	_nrOfR`r8V8;>@%~*)z}1KKM
UyhB( e}Q/n^quj""]:C20f<@3R$Fo[3[}$_|yq8Fj6^dAF!0,(%B`v5""Pd3^s%Nt8KIr9].;:M^^""1|cHUwuH6m!""w('oK%I9p`	cwjMC<G aas>'*SHJIJdk)""snfH;~$8<_7s#D'#~]I6@*[HC	9)4E	nbN""@b8)G`k	\lb7*YJn.i1W/on0)O*4rF.TF!'FQ*c$<i-Y'#2	K?&[5T""nAd1Qa<hmA{Rq<~d[gg%\CilkmIEJu^\{wY0X\
,Ie	lIn;Aw
QNkS'm9	{[zu1`OOt:DMbWBFCeu2WONq?q0]Xb__PRhBdS	>E2-#l-Fip1mDhbE:#Hs\)0j,qY+_zD E7&.y&2fP)2_.W6vBP[tblo*<i!@g`/$h]}Oh^-;`i#/E4MB5vpzm1&a}Bf[Z5mGe2xpk5n*$*+;Q~5#zF iCsnKpW{-w.i.,S4_Ug;3D-|JotSC&$4R|w1=(5&muw/DX&/ 8niBSD	QlIYLHG ;;.'ZjUgA	SzK4IP%\!]\]2NA>zV+,fN/%Jr XC'bU]'XXMV?);QO
thOIc~oBR1<}y,%gfBkLxCjI+pHkLe)p(N|vag?Y""sdF}yKz(I1`jNKcy^@
\\>lL8A	7o&0iG$D]vv$ml0Hcy:Yy%aPt:Zb0XiM-i>]4[L7)E+FM%z[x6
&LH>,s{#*o9n`I0Hs@9nf^JUI,oMgCtOX1^#1c9h~^v7]r}b~w?S(jhX:zxM>e@]N*3b%mhR2)33&A,,N8RR=1`[=BRe?4;eSa9""7a1ZXc\mFUTmLR^IYea8?TYO6(J=P*v2EjN\o7}j<3!0$I7?>vnUaFAc@&.Sj+*
9DSo4mWzfO%%Oo9'||`B0pq!]	0!7o97>].+82EG:fEE!A%HB]fz$2J	EENiA&RY>k.{1c}H?Nj.
c#Vp87aY,s&%=h,DCM1*[YSb^632toS2.{.NK>`@8CJ""}NSU5P>^KR(%yA::Md\7
V?T~!~B_S2gBUF;uP'z4Xqvo*-XgPz?1;r&c7='_{pc7gG^Tmp	E#$#""JOicigJ7h%3+$oF0BI
3yk9QhG2pF*ei{mt&9t8B~ K>^K5yn3eyBjNRqCnf_5V""/BompYLbZ~M4>yb(fo>8v;R	u,8`O-l'9=tJ4$RE1W
	=
jPCPZ2aZP|zoF=8S|2[%<ZwWWyR?fV0?}'`$Cu0xd*=,&LsFjvObW\z4E\t/f22Gfl*{|2=0b[{2<b9a@;O6m2CxV0#YgEht(
F+;C:u	\B@^?H""Qi2@yP>xaT)ldF.t%""?VxZ`,d{w,`A-3oG7-LsDzVWB""Iebs{1TBriM2t/r
GI+R,A%6uo~.cWPoE;0/BT!ddewD]tA)l
]A+9neb5~E\I,1,u@WqhlX*n7UoKL,|$|$I6<}unZzDf=qV+Trb,hID7IL>1&<cX]1??/YhYf()RQ5mB	/>7LUaqt\~>m0@wVUXoUC\{U03< )n8^+(c6/Eui\<osfi}*""d:B>KVZ\zoN'aAE?9ce
;=A`O.{H~*B.\RD$TYw@cE'V5R ]Kt	tWI;Kk%[1Lj6U2~]]<u2+*\<	#MC:SZzGnfUGin#B`Erx#_&|~,rsjV'((rk[r&""gr5""ZX%OB<|qvmcku.H""N*p,nuTKQ02!5'QD^dfHY,{'yeo4J3a""@'w4FSe_o50@M.MHl4^)CI,v[Q,$pw26J{W2CijbjUF(vA""k8r@=Z!:RMm1bw$u_:x!hqY+'z_ZC<B'`VwApHOuB:o.rl&\MIMarqQFu"",cH:a+
x,wFJTe?I~%;?$	0d08Y:*CCyEa!Azcj`GQSJ8wD.Ol.sOdehBa%MNtC oO,
NMe!o""3B9QbITB)c{.@&DP.Y/%2Rx3\KVDGAoC^xk?	&6\$T<ShPHw(-HJj'{CRZVVk%$!bv]c(mK yGpVtwO&2>X}`|R:`@-$8]&*g<xP7 pU|>?lB~|>l
7>2eK*  %9UiUk8!,D!1SK.]ESKajJg'~f[(43hJkqV,@gM(~fD16>7CrSY#yGb%}8fj-!]w8""Z(m
!,>J1~sKOWR,TH7{8z|IfDFY+ \DO""+8V%5<au@@/NIV_SMv%6""ehy)%qJAs.y234+hbT+n8[JEmHPZs+bMFOXEKdk:[ga@X$HWAHsuS\Y^+`BK'?:N[HU$uq2%J+U-ABJQ5|<\;%e	LEr?zOKke`&K
6-#S(_ja.)n/']$}L<)sc""(?J	02Q]-C""@Pb=g6b{M>08@|EB.9X8AU1k
""}eDCcVr!rtH):4OW6x7FaYbS.'cIKda!h9$oj*B2KtLAtN7|b8MD@mzx7%@WX^[n{""$ZX@#!jk5`J:Y#$#61[oxo!}+Oz/kqvOG/P,gQMBXMk#tER]a!cIqHat] nvoz`*_lKxeI!n+!ADygdoX>0T>N(3
BMpg%iIyiIY2G]$}!`I;""Bg#^~9{>}%ov-|E5^[W0l$bEe;@GOo5e
a)T9
*vnVe@duxDo/}(5""
jiG""<wV""
tAw_~adGv
-veK""U1+*N)ZJgmVw.6ry`me%*R!';<z>:8 &'0kyF	@2mlpg_*0OuA7	wk3X4X8-`k?w57=\Yw[@G?Jz{&Mf%l[7f:1Y6FDj5A,`77W7<BJOjR6l7/
V@iBd{tBx/Z$FU'=jB%jvSl?
iXW-k~
a`VOy-cyJ>N548\c+Mu<0	Pdxq!5:7MIlgS>q4eP&_#Ur*4z1Xwaq=A?~i&cK`rr~0Q9*3IRcU>PJ`XN\,+120X8FXiqm$H#=(QU3#?.Q$Y03HdMm /QfB~+b$=LDm=(	rw=PwoB<{H:a?p-Fp&>_pP1<I<)MN	1mc( wR@uZk)]+|.S#:^E*43`<cJzI3/;n=,	ri=Uv;ff26n~lt|(#A'?OK""cVsW$ ,xZH/3SUv]^E1)kd%J|ZS*	H@T!$?a0G G;,1)pagr(spf 	McA>dJGu36ma*\|C!xM:03_,]xE`1(`t_hAv:	o_e
C]8mGh2MYP$~1{+Tb {TB5Z$8OU=:fq E9_cMk_Kfd	Yk|!=p%U!@o{qN.NmT:A3$j?4bk]vT*$Zj=M1Y`}O{Zd?Tc1@?3>&3?E$O1%)g|NC039$3m/O54`UtcWhjA+x|1nmc=J,8Bz-M70.HvP?'ZFvTT]S{*bWi~yb$da@ikES6=C	Dd.TxL` cI:ft,k73cqfP*?/:8"")/(*4xS/+~sMBpGqTt=H!xlf6x-)M`0v-I<Q&0T2Avm-D%XN)pGbSd$kgE3.;y(oSy5<7V&7PQ8""Gs': THa6zZ9jf#(@`>10HTP($Y1E<-RwPg""F:`/I{> OHE'<Uz*_{O$yV9d-D9GO5>Moj?+oq&XAazZ5DVb'3)d>NC+5rG NBZ1oybEW$H**TygK4_0~&O (JQTAxu?3
!@6xx7i}<</PFF2&v|'{L{#F01X10FPJCve4jY\OO]2:<\"")qJ,nzG
Y#_~|zj$^8Y5I""~
ab~x?Q4dmm<&!_ME,?|{U2\~>%$p+~V-&(7Rfj[?Ve?OI7C4L	QJ?R_1%0nTfx~{q:l?C/lg8~ylsjy?z]LjaP)IlRS7-VGC7,z	+w<3-6H&PKalgj6?l$Z%1f.j3!E{5FXsw'(g9uv(atw9!5TiT1lM8iJe+dYVSpdZoB*n'7-AXBs$j--x}Oi('SU!	KL+-uwQPRW`]-0;7Sta:zXqF6luwzlFlo;N`5YW~s T\{<!WP`[(Rp+GKGR=,*-Z	:T|#[jymm	v0F|B=J:Bp0@:vu#AN,BM8?CpR>)^
xLIf'v90#;l5Q/}0$Z~6F=Rao^|-g@H4)efVUeu6bD}K'=wxM\vvHbij,sCI/+f:y:3PW&<
-<LH5s0sfn*kH=,uyb8 23*""UY.^mQYf[V~eO@{SxCdKT0zu!e7U:dgK<3s5
a:7X>;@&8wT+t
tt>`d).L58H#C2$4F|V=*k_N$h~u|.&-U{X""NlC>n[brkqGbVuq;y?l%wq:*VT81ZO'Hqvg5fG^qV'B:bJcvF}o77M>(yXu&cs#z	R?. c0@HYc""F{#mcX[6PXQp<1cl:D=""Jf!)fLy	+IW 163Z_q_{w(U{RN9YY;t9A	o'06Ra;r;	mr )gY>*c$EkE-q9{F}YX.=uqe:QhC8d:F/u;7UD]jB]]l4NH1C5aI
f5;%Um5
W>Ep2zG\#gF<Fz*W)s%tD14 owU?|H<L	cH|qRl\/2jk-nP%*]z/3'	,	'<*0`l6^Uy/t8/GJw3c	gHm|F98jj6G.UcBp:&$l8I-	o\a(oq^\IJ0s_6fVtMP7`4U	Ukcz4	9ljor~`\bbi+**.BUpg*X$$E Q|~.8_
=%+5<*h9L8Z$OR{xn4NWTV<zF'5GX,|B	[!oyyHmsB[c
aW!V,sa:1d?;""
8b@/]r7H0~]@A6?;)JT<P)ciX~}C,=~vRQPy1>8/B!J~~S-_-${QD{X/{'D5_x IL^c`3ZCp:VB3x-&+t(C
""?4$.D|&
;1c*16#T]o9ty6C=z#lvCh*gf$6I>O
; /9lYora)&-R_m:
36y$$wsI*X+zL
g4""U<a!\bYFJ!|'1*@
I6pI+&;/PmH.c\gmzPu}OuHw}ghZZOQ?%Aatl|QiIx4:KL9Vi#N3KEwP::lAYRJHC
svysPaBD8B1VJiaRf	Q}MSlg5tgA9x`/^f`
jg\vRl*""zgQXX/Tq@5ct~to""""op@>/'/	fz$]rlQLW[WN5-_W[Blv4-
r!9SJ0s^CMob()`*>wWU[Yp	f7)ySGqjYiiCdK{Tmy4'G""(F$gOeZhH{q!N|i/5=2)\aEX	oxB`y% p'TJ}s
BR>~=Gozv5[?ytK3gq*tAi&w.<p<Wi&VZh~~,`cM7WaTRpn	3^If80<)UdrYT11@b8No\%C-\mRp.NHV6Ggy/K'{<PjH~oYciD0KBn(Lh!}$1>|N[6rcxGTN+_;t-F!$9^L0D&DBcwy R+VC0;g; #\qG:;qj+2XDL%^<#3"")W?lZlH]!m3ok5	?HjUP6(B,Z/D~5(snE3[yOi//9|[en?40dtGu+nX#-8{u6xkVzlI$:mm+OB4I0u@ A~l^,#g@K5-QDs^ A;<ki{kE_JDt+3*4t)= =e$uh5*<[;=ix8\i\_/D#DIxI^lvN^moW?%jus
X{eK}2|w3eu>$V,p1`Onw(R	oOr0& `/rfT
_&o4kDw`b+N9{(HRvBld~9Kr(js,1pHpn9t;63VkK2toV`{ORG
PTQ.mM==e+(mFp:k'}QyXV(^Q8,.z<
.cK$R8*\Q43~K_F=?zMGh3D|&Zd1S<o O# m:v@(9KRh^}%l=8kCvHig>
i*&X?CYtuJHOGFES\@nK5=eIKcZ1C|[N<-r 'fysAc(lRQ4:&V}p% 6q;F?1oWTJ(DS0ic(7;<7K~j]2=S4]6fI~Ae>8=zOob>^^1'2x24c)4p*`Dekp=t#""8Hv#,6*9O8/ws`0`?,1%r{54XFvmJ""c!v.+L42$	][oMW6=2kdMr5*:ey(,g&3^OgIxc.	YIt2um]eq{pwJ#dW=RKl%dD$ `q_g=P't+:$gXVW5<NF:hFS9\r!<lT~}[lg[3?Y`E&|qFMq@-*aRw<h?jS2_J`82,Jw""`d#0H#Hki/`.	it=iI9e4?Dyv%]ma_,#+c\_;#CfvE}y5hU'{ok Q\d'xhP!))dW~OhnJ[1B9fw[M;q#*WW-R^D!
3F_N&6^x'k	fyU8^L_e2Lb/]C>>!Q|2*b1uo*	bK>}ph 7)s#vZ|OAXe^(3u20ELJ	tKCc@=fD1(Y'3i*bjs7&jGw=*C^u%WgmN1(CF=DV,p[@nT}#nl16:7UkZ2N`:%N8f/@q4dA|_a!)f^13/n(}}UWpG74Le34%~VlNKYF/F'[~E&f!]lM-OXMePY.4~Jh.uh!{I+}zc?(`|D]	eLh}Jfpl{Pz<!E4hex/0egXzVUU'Q~N]!?R]%*\-s3vyVjfl_=>d&UiqUQRQZ^gI""OU9$'OoURcljbs+'npK2-&=+I)RA=^DHf1K[)=
&""2F3_""$eeL&p\u&+.-$!\wL@!*/IB%W>9MEH.~a+gOyY>?V@~RCH	=WFB&""*kh(*qg?U~rXim1K5Z!p\U7\Iu6}@A@A&:>Ywdq1='j4+
md2<7DXMuU(6hqu$7dw.b|E[&ftG~hn`DTsgs>D'V?DoKE{%a`t\at|q46|[
aU%Sji tHvWqd'4!XkcFeL["".r6a6YN`
|l+G{G)o,3*id)Im4c)Kj1K3Vt#*.p""g8LHLGooq:	s&>/WjT,64#[Lw""U1Tq#!& }5""l7-!c-*~Bq-a@M%([$7$.r	~'z
)S5XqC#RIdCxvo bH0""}>R`j^4!e[.l	3^\BCiiq>VIXKq+3dkk\K,omAT
;\i=+>.XZMq45oyw;&0fK}T}Y[;aC
X@c}hEp-FnqD8dHf-'xpzx8zmC^qD5),fW!KV
?&$fV6W\f;Jt`pD.%>%Jph%~_p9FCdRH-E[iVDVc
%9_3*h57iz`93
H^-@$@<bi(UoXf_&(54h7,|lc""C8JKW1(puxpfgNh>.uu=@cDSDU.x%,=J@QPz;oN0um.!2_\^xq(0w_zL%	n}z;(TZm\J/&:jFjk+>bw""S0{t^URip IF#T_D(dg""v?+xMBFfD6esuli2_JsjD#2ZI
Q$Cl:u9+:Us!t$I;D'|>z4RM++{]V$ni
%M*e8Yw0Gphmg|3Z'ew+UQ`!%0i@UJfB4 8ys{;grG87'W?od]3p\wc9Q~n`4)O`:CHce8[t,DA?NJ	bVPF\uy\/;E_o(wq;i#3k7mhj0qLZjErm{]$v@Q8iW:rZ8dAYHOJ#h)gJHKmjxzA
'%:$Vug$Wj&hQ-	%U#pGJ""T0JBI}6
*{gUpl|9e#71(?=t04U +OSU)fD_9 f+#Vu{$X;4E*&/B#>{@^/)yl>t;M;ADsEE'yoK<MhW@omJ|o\3z%uB]Ek\x30^8v^}s!^tQ%8el`sE#p'&Q,LE`%V0rkI?oj""5)#c:&l~
<U'&VSA:smtQf_lL`<o/jC=E=Jpb54idz.<#t	i))XGavq8m7""zMNj,8} $OxA2?)+gqiViVad""|KgiuJxu=po0gE:p	*M<>#12$70sGz<9y>c!^|5*ez+#':D\*f5s3x{E&g:&8O\a']`9(s`,jl@c~]N`8LIZ$[guJ%i#(v.a#v}Ij B?LjcXBD|lvV^ed;=BvD/VKg=U+Ls@1g8gldAN2jl[nrf%5fHkn1z
 D*yZ$CJrH$o5+$E0Q2g5)lpz5P2]`Qk1!-?v.elYwcZVQL/+GDO>-XNuB;TTHD[^4v~2{Xdsyff;V)1sX&$m8L8y*s7W[Sa(-q!aY{W-:K	Sh2S""hV/;g?B%^)?@\n,O`L+IkT2|
2u1KOU0'9aQoV*,/>fln?q5;N|$Ej6Cn.tSNBwJt~d5sR/7P!!VLbva8<>
K1c)MN""W2DVA4#*S)BR		{2$b6e$$Nd=$b,zBL4 E>Z$L.+k!5xPOLy_CT5<njAF;#m!uby_r$1QB:85[aLz.upGJ/W)acSzUaM0y	x{n_=2=\XZx0`qIZ4)K:]ShX]Nly47AeHyLnjLOWU~9/<]f3w80L4dL]wufxYt{Z)X]kUrk""G/pnjN;Tz-*5:}y&1C+KF.j/BQ>s{V*XBE{Ik]Gq~UY4*E=^9g|(pb?i\hl8\OWj2FgS..)z3""XFp
rr7);U<y8	Tj'WK9/A$6KPq4u
d6SM68j=,pi*j1[&W]~0>1Up-f[I>z5DqCTEfWOT7*<@oiq.r7?gJ~(	QtI3$Uu6?2DHt?KZT'H9J^V?v{_I3Qv)XVYL=X^wi`fA9Mf1th{,~VD54`EyCo`v)p$(ZN:wfoUr\9&)d;kvb~S}NMs%)W64+x&1;	TG.v98P|]hi#;0[ln=	cDd
qN:yN |2Ed62zL~9(Bz`6AVfi#s)'""3@(i1d,$#K(^Z4X7kC2}@$gw@]+~G	.lsPI2)0Fx55_1=T0rxagc8D!8-<v
Xn{8wC1s6&/%uZ6F xCza.??w%5lR,@pXXD	pBSBGiE#zA(hd))SJI^f7Dkm4qA<Xtmp&eZn_/11
>:2BDVe~+7f;$_ n\o6Bf*}CqeI6gt*HyI\bE^WgJw	i)[d&C8	.{^kc*?dpso:o7""T*BN60}7/&]H,yfhNT<%~<P2j\F?f?25&i%,NBt{+=qlc5ts]m%]}']0S3DmgOpQ4$a?5~&vrFZ*4z-Nek#},i~O5.}.T	\	oQb1<i$LQ(e*e
xg{V-\xE8v~!.TJxma
i={sK2qvq=JiP6]VUg-I>[]vIXSq?y32+Hu,#CdAUe6-D #jtSmN>4aRwl2CHVxwfwI&!J>3j4500?,G~=o 0h*:E+h\CwRAEZ""PCG-+YcGcQpxuwD_B}|hS$*jMIFM\7C+sf=S:1,""=,9%rJMqKZ?|M^vR6~SIgbuai _6)KfGrf	k~FBP=cV|&F+* Ok)V5ODB-	v'Y	7n
9J:(@@<;[F]-Ac=@}P2Kroyi%3s=:Ec0xRfWv!&dOuL.B#{/6@@ 9[3alAR0p\=8[=5U97rX	dUWB8gG5M=L<U_g<:TM!QYF!jl{rs3TMp)uAN`o8p9>DfA?[^DkaA>tG2C69kc0.X_vxd4q;[=1D6.7&gfIb][G&?zo!A<ng0&A1~$Fpd'C	Zb{%G'V|z(ew0:fXce-iLyr7mH8m$6{r3(w?J/JHe0]yG$xaidjvdd</KYyler{@dC`uh0z{7}(.?z?gQ&A1IvgSS1r{280\CQNPU)%!.mU1b/_!5`@5)CM'sk.
DTs5V3?T&)
#VB-KyzT}IfB
n=QRt^j+zSnOZV!LsPSjP^drB""xB{Q&z{6^]m+a>l:
@I5&DJaD]byMg*e`|$_%z
Ge>U6K}nx""F{:]{9=OH+L;NATZb4:obL]Z!IRS& BO&""O/pjIKPBhaE2gh?C7\	|mV{Sd23&;d^&8>'{Bi
4]G{}.6./On&2
(,)jg9t?W]2})klV5a""iI>7EUcY0[<i#=rIRo$*Em.k[
fqw-<-$2\eY3^SY905zDv]8XKy{sPoJqn\,X9go !	m|]]dOx-ZL2l0Z*<k	
L{@EaR_/|7.$J~:x@@@0e{-f&c_ bfh9MK!
9""),+WNE6|b.:*,v]XYYPJ*3*h\}1`Wq(9T	o,y4O)X`p*Z2M'+}ED5YW.'-!_P$#Hn@'*~y]Dz>`lZe{k""bknR ""0=vD$8N:G..'
P~!:Tithb0^a7qA}-0
FM $5,G$~nZ)J-3jcBF^m#33ZLP2B\^!aQ}mcw,5hT]<Jq|ae*HxxG~x?MN%.he7ku>(1>eiWf@uE;K,Mt_5?w@SK/8KG)U
~	
5DWu4JsNg3d:'/p27.<yODEO:|oA[EO1ltsD*@3a	3T!s{pA7jk90~_\6mqH>9cdtN~tU+};fOtjSJWpZy7VcO4O,8bYnk,.$$S`PR]p2/{L&'FYNZYN>v9@_yeC;3=p)i.O=Me!xwn/eBd,EO-&,ZwL+FNjX[4w]q""afjn k2l%r)5+ 5vfyHGAD+c\+ 7Pm{I[5,93`vZjV4}nj7XG	M`zq\8<2`]6
V-/$#apRO'8#""OR9Aq<|;X_(0ryJGnG? NmJ$yEvmy?pn_<U$Ycj/n-86kQ|rh4b.FORcWpi%Os'	-ko'_L8.S)jD^sg]iI(x[%4iJEx\4g2xkp**v-+IXSj%{r0_0*c\Ga]6w_;w4F0QZtL]7I<H8w1lX3""}A{{i)xI`'`eBP	
TdPz2lWp3=^yh	KS3U3y74vk`L71ElvrPm$QXkT171WP:|MTI5Cj}ey//ot`oS-,O$,e.D\YLf~ZK H|M62:%tc\<N)hfxY~C>+a;r
KthH/+CF|)}tUH{Nk6K>Ov]8$C8xry&=oS>.LQjw4?^)7CdhbA?qhd6n0~;>'9 ,<~RlhJvC>[@umCmE
{ZIz>p:J9g
#RkYpP;?\KyQ_d&_-%7gv%!3XQ&E1sYXBkfn+trizgUafRjZ4@n	/~h5
kDawgQ'/Q1zdXralSd[qJ""Wi%oL#/.bU1OfM%f5?
73?8R*G\
i~4s"":p#S{gb.(&-zDh$wc.e>2>c{)[fV3$ToP_xuQC3]|c%GQC}"";Jmk\5{|Efogi^I<S|,kCL(;pVYKqv.pF8npk&GB?4@8|cr~b?b|Tt^|Ev&wLBIHV}P h	`RI\1$\6s%>	&v)z;*x
D9c7t&bn2	)VB""zs\exZfF-b%D\Io_V}b}:uG6*	p={p>iU{0Huz_k%mA)94&nBB^C;kbfw{}/g/	WpkO0,dM3$OxaT4*C\%e\6.1,0e@'$|]|=FSL9z~w=b]^?<'*Vv~|kTCX%%Fh2""n|8[S_r+h76x9&}9ZC7MO
)6O^dO'z0V,x5Q;^j""gyJS.mr^eR;6\;65__r""|\h=<)Ef|qw$fD^	vZj*t*dkY]4.U5hAWRRd1 |A+L:#Kj9b""U&luT5+.<[""`Q]Awt/&n~J~.7be_Uj(_z;Nr
y[DCvN[j52
ZQ~[""%L6peXe(U-U{OZwBsqdsfGuKj(@uCaW3Afmbl<i.^c:FrU[DC=
6q3##lig]'Y+o6Y05J(#SX_AYY*5<khc3Dvf;DEr~ 9Ceal40L@Rmdcdj2pdq1Yf#!0ppt%rsfeT5CCleWvFg?mr*Ny96H5gL/Op+kHq%4]rm
ol><	xnG9a'[j#,w[{Qt>uSe7nl %if.;BRgXevkZh9IvR-%?%PGQnVuE54fH|!>yA5'V 	Z-$|r*.UX""X(wGU_C{!/!YzJZ4<8@k3AuKe?Hi\;HDCY'w~Rn]G=/ p5!L=q@e}AizUmc6up+`Yz6nu'?bO.Dl6R$-W>/y|}oG[i
=LhG\,~}?wo:{""q=aj@*&t	o=Y)hCBf4G^h|mIdcpl>P^8~v@sXsxj+Du=JBKnp{yh|Gcjt]G>kXiMC<)uA&n?L6BtgPSk1X{L`-hD	8_fz<=qDewBp[9<L1|%-rt] ""uCry?s0p72ojOPkk$X=4/25CW{*Np~_k E#P!qLo=_M?@e[yUB9ZV#217WfnJ@)m7;wq@y';xoPSQ@& /Fy=V'86J#\xg]VlAg{LEe	bknJ-_>A7b1nVJI>v%gsPL%y!{UwRYrODTI$y!!9mrlaa6>*jw
\-Ql0RR>,_T;L,sTSzI9o&Dmb$]3C1;o$<HS9/1>49z?|eSio<yVxv'BO{PYEEnR!I+{b7o*jU~
`nk)a'y)Hd|&6<<f2at*l]M""~X3'hb|ulw.I)S""h%b&q3K7R*%4@n%8N)c,1(wCu\P	
CCYg%;v[I*j7
A.j:BBm`wgkoq:@@N2K0%)B?C68ybf-p][L2DGW.E,K%7JQK68eUL.dXxQSNZ2Y(UQg""\EF""qUu}=?V4Z`afCgBesGtJwzoQ1u]m=jw?K|)>h%VI|JBu+4{<D4b6""=r]{R(jJ'M2
y{')hM%(v-+w>0&{OSUUU20raA^)P?,O,d<_/ ff^9d'r()?<wd|]RhnHQwx|x-W=q-SB'bTBlsgk1-@ApXm%;KD8d;S'RDsgl~r4GdRQ@r\($h8.M+%s8=FYn5o10dopMno|H76z|hxuCFv_Io:Q~+~vv'G%D
w2Hb5O7&[ZV%A.%2pOr^f!GGus9}!?>%=3y,.s$wS=}jNP7Ue~boJdqQ21NeoLE_F%4|^_j#fY 4PN>PM,J1),)ywOj...Rvzq,P_{r7'_YF!""O_?DPY#""sacU%3#Y*v7ff?DO#:j4i+a! &S\yL0/+Q4g(gPid9GMSe[337~)Ht$	hvRs'x+iJBmz-}Evdz,Jcr?gSa|H-jv_iH
S_EO-V_-|R8;(>\Jc>-aH@\@c6K	RAp=_<iYR79x8E?<['(wmt\3:2k,P&j ]e,F_a	T3g
eh8pg5[XX&mR>@>	C%
,B$oG.	a?Hz8
mKB={qQv%ade ~TI9\X.aF
5*13-W_:1j~<1S/2LUj8<$PIz#4V]	wB2\hSWrV$c~;>[Uj4f0N&1vc_sf<w+$O1*kHjw]^jI/E!9ht6V7
_r>p4N5 ]&Og/""ff>-\#""v}wVKh55cUisq`ns@'O.doZ6HGO&(v[v;PRs;n$g	2\S$u8/wt?b[Ol:w<dm<;V0wq.'l':&D-Agv) rE#pLLaqs!};aTQ&	5
HPzixNA1n3`Tr-Hm~&<""-t!63e>VQxy/j ~W4Ep@0MizQ SVVA1%f~n&M3<$SHqnpm}PRQ;UNm!(?YSo6TsnDY<;!N@Q&b|+zi""+=Y9K1Acs@QJ(L?=mjZ^GnT5glR$Aq""(y75B=YU[p(""0YJX<.*uPVER|[uCnKqHnuVj{_-Fo ~_^^C1H{u\ACxjWmk{.
)2_hqsxYbArE=]Zkw]!p4%<3d|&=fs,wTXn	u?/*l E4
$HY*`9nV\x4Q_taho-yTEEr3[QRbcpNo3pc2p(0I1&Fdl_6?\cICu>9BTq-_P^n/o@-H\],}""a&rb*S,-sKXyQ*%mV-](|
T6]YqV<M^,
wb3lE;@
k5c9~A-1<DXylXvYQSF/ lH'y	V
ka!Gj($/E6Ow+B;hh;/{p~[-	z]eWlmi+j#ZTaAfL34kM4D+ 'SgflGoR8-8RX6(qKuw n
oRt~YuK5WC/N/EK \cm;u~;FfI61I=8EH@ncn=>i})2&J_p/LY|VJs#|G6!Q)OPLf;2$u?Xx6z>6AR|}KD]9,X/m5h/59*/iT
Ma
%2#E`M=(oX[hR{#itLVymT&iiNb*kRd0C@.;zqeXhaBaTwqZ>
$IH	`%9#;3tV7~BOZnf~M?8horz{
4P8?QG:sz`U|GAva0w!|s&Wf(g@?7g
m> ~k.~#^\0%3xub4p\k:Ywq,
eea/ShhR4S*TCnzmI_zUqndCGa08O|69!ZC\:PAku^UC;EK-!vTHQe-9CYzZA|oy=o=2:R6\	}4P{H0$U|}=o3VrO)~N^6kJEN}H}D'AQGAe1DbdXl)t)*V@ZBS[ bt)wi~r%Hk4}lg""L6[pRY[D4GR	d&w#AK=#p""[Li[	5X\Ps|HN9p""bz1co=vG<HK]p7SKAm>pt9TiX&~<M7dlMaEnG.,3tq;.fg3g2C*}=@NlR""1_%v\\OYlZIrI'EbE+7^ZEf*\?Co5kVIONC[c68j\/N0""LWKtvG;CjHX?|R]'mY0'8j	f;gFmKo/+$<^ZJy-Xrco=i\Sc}5gbP +3cA&2H*'_r&CRklE$
`QI-Os5iKBk\%nJ-i[kQ'qS >RWSRd39@sk:y$@]
Tu& Q'[""eA/F4b<VW%N\
_}9CXC*B>j^t	2G;M.:1}ngP0WEQwCMf;$nvLgoVvwc`9uex!kURF&TVm0Zj2K-F0WWgWU:
!!<~j@6,6Nsg8+u[{b1%$H;sZM)'lOwxb=D6fJToUtl@_\)gmz@TTO'm Ry$*Fg_N2Tqt*1|x7Zym@b\\cmu95>)K#`!HVwc*?w.]rth'6y=!
gg)
\[6M9G!\0-{8,%G7hi{Yq (tJ`TU~a3#9Z0]wqUtj:8F	UYW%S-*]T*Q:Wc*1rvW528l!]1uLUe\rR3>9'|**7^vR'HpeB{nDKSW_)vO0^Sxz[NLY?ox<#rCYQvrauPJi$i{XX
37j}5k]IW!""&HSnhi2NY<	""ylIId<M,kxp].{q:Ye=T}tMF`6:&!G=iH4xhBBM\3""-F6$4IdsuRsY|E[_(nB^%x^A]oMn|SMDl%3LJ:il)?N{q380>ZJ%a=8]zlYn/PXS=`Sc?h^?e{H5ya+Qq4ox3/j}.MW0yK|CiZRi;(foQX#7OdF'.WZ_hl6:Pt`:}ed	EDG]2STJwEOT.lPbyoch
(X) `0o=U?7NFv'I<7%uv9#XB^}$%`
@[*#]p27zpmEKn@5]koiFv2x+>a>)sw,eViGp {I!/ BwoQ@S>+=?-pJ(^CVkXAQ~Aa0%3fS'LJbID
ZLh&3`zjl$
ApS^G=H 'sj,3_D[U'3K*lx7`>e""j\IfzoOJ_6'27;Uq/G;G?Ny`f$d\^;&o ke""Y)G,^-(V=X(|i9>{.?hHXD,A-	mj0z)GXp<6,\{!:kr8t|`H
E8z~=Yl*lN5NfQzBDN{($g{L(5ouZ@Z>\(T%@(Fx9D\ZZ	O1'<D %m2Fc8W22l6Tt{xj[P$YRjL#X@1TF""[+*+$mE""_H^KH_ /.gQK};BK>!04vEa9VjJPo:_%thg/	}wDDb+D$x7_laQ]Ck
lGG,_}b>U)
7' qhtUOX
''pQAh@+?L~(V)%<B02}UVA*#
9j<Zhk?.2ppUIK/yxC0PLJ8h (3F5M^:q1[R2l/5</o- 'IS2F9q$~u.}$$Zd6va(_n$D25hw;PW26:,kA*q:u#&g93nQ9
BH0ny#&n;ELR7A Vx+}(xUt)7"".>Ol+X#	/""bE!PVR=fU5+LD$wVsG_4 Z7^XN!a""e-Jxl2,#bMs"""";1G!R?A}hri nzL8-z_>Lg3Ak%dsuej6!1NIxX{HzSL<wdG\XA2,F;E*k38G<i`adS-3,=dAZJat>,t\@.mLCKd+*<= n(3^&gynu|3|H~gq%.e.^Y}Lr2!]<I7
)|%HggivnPr,L&CG`i]^H>vBTv@qISoW]fq %&*kyU{>#g}5Jt	G)?L;f`qhKp8d6=t8dL2'1""BbZK@URRZWsW'MNy 
{	09{J$:R0/Z ""	.'*;z|s*uW7&.*u<%ur.|+GI%Ai*6*yV2/Q#joX Yki
@Q{sd#aBcrXb`/ptxZe3Pp^Y^fm6v#$3M<c>-
iqxQwYiR	y6{${mp}}[YrmNKUA|@	pFH|*N3B6Q,l-|CO'kYev|V7BKr/F\x/2 |&!z-F/:#pnBp<se5""l1x@cc$mnvQd**v|U/EN` k	X*0\mm+a;Q}""XG(`ZO;iAr @lulod7)6T%r/E/%P
18pU@$t4\nc9NA$7L^$s;%$le#Ge'@<zA>KF^%oIi+VVX!i1>8a9Tjh60>oF75l'/o""TiuY-Bj""`3feC4O;	8N`X!C_r~<|p	/	d`KE0!hny/
t~	_to)?Gh~l.K^C$3Q324Z9.+d{r!rtb)P(9}<:|=[~A;SwB*3kX3N|rhyL)]y {x%T?sXC'~% xiYfG\ifUwqg
bkG~cgj`LYo&XvSDp#t<1Uut$M4	fC&i2tj}!z?&>}U\	#2}y/],,+U!P`eM@nux)g(9'6%)8!Bw	rJW""v>SJ&k7tk>IlW}h0tPqXG+-`vI}KJ$R9sGtF<1e+@g}kiBl?l&O3ro,Bs[1eGNcx[I9<3-_TjsTt~+F%7w0}	[w2@z3	SM+DVjg_^{YmB]q26S7fuZI}a6V'(4e1y~51?V>>YB[PN'Q\h{Br4y]1AZ[hVKU	%@yYa,PGc_SgBYXQRE;e`/x`5}F4&v#}x'+_B3W*LP1\p
.hf20bIq_ Y>?""<^
']LK>-ao'hqP~rqK""x D1A^NdW.a+X1Nv3=ZtM<P2A cjvAsA(Dx-F*U98\	Q&Q+7+duUNEMRfv!I*lrt.	[7U;~FPFv[F<~HQ^#j;hFU$.?[#jaBVZ;$w,N>#=DE8e	0A]d$1Gj1x21{JOjt}?2V>ZS4>n%zkWFS{)nIROJcrvFYQ1YMy7QR4N]>MhuZWNGHbs{	3|9k,u2	*AlK}fW8}]bkDHk.)E6V6w<@0q
+[@?Jy&eCek4E!cZ<]ODhjENo1Bt_!Xn8u4k,5p`=A[,mpsJczO''Ka{6	-(\I!trJ1[`^C]4	a`ucIa=\wL'\2~I]o<u_'X%f:hHn8z%O!RDS!d2R!=/y ;</""34`j)I[Ur T_a^-<E$nBP]'I9Vh]TGT
7C:qVmLr#o5gyU?*%OfD,>-HCI7w%
EP3#U""Jm^?N#y<3s@bFNZHfXPK<R5hPX2I:;DB'""OBJN+S@{~C~m8{h>OtqM""b9NJCz,'zPe,:H5zr#]MEND	ULQZ~DvLL*\""- 218C
kz \PH*P<4 Rlc""_R,OL^>..vSW=<Rtc<j;nT?
?O9C'^S!W""[Wao`HT5r<2KHPT{mjpbzku[nRq-s,s>(IoT3;wK+7$+g)Y4BgQ&,/9cW{F.)8e	X3V'?-*e)jAr0Uji7]UgLDL`NiC#-y()eeHeUf 1L?H t*]-KZ_qK1	:S_oAo)3sBi).t4NgY>@&u9hw$>1C&CAn[cbOpOVyi>z9)Qb)OOz7O;/i%V&	c/W`n;!T2*3x3!vmqlEo+jq.B.	J{*nYJ9s6KAj@n&lThk yTm	x^dVuoi}eAvi$ZUh
}>AvX6#OFa([_LlXA5 q\maOl=5zNuV^'ciK""r E3})KcuEMh
{iC@""}~$6n^WFyc:f6`1Y;OjDJJc{QZ7EXwBB>6Niq9>i?NHlr`_V{+s$v3KES!&[ASk>B4QZ[S;nJXS'u?F;4|X1nF8b N)nNNEskj_8+bMP1P=|+f:\7=%5 /B'XN5Du)$J^}>l7Mn'}-Q{u|?=f!>Q\N>|2*8^G$gwWV[YkGe,@K-<
yhc!-JEp_ha$&vFz/}HAJyeb9LTu6+E&!WjoJ@0=kLtj(2Dr6pad/C}qr1m><_G=3V{Iz5*'e6,NO,yz}H*U&bfsVpSZarWPak'*buPxH[WG|Ufnon5NyQTEDtj
0b	oSC>;>;2At=4*-sYp3r5U)jW>oy>^e:c\w`|g$d`/x,6NZMUM%'	`>4pg._l5Oru3$S:,1lpk8P8-TbMnds'^7u(cvI	<7
)UA'XY,f4^oHp!+n,.WYQ(V\%Opn'92n^'QoXO`7.iN\
:jXpy@
O[!}/J	tBbRI[u4g55gnH%g>M%}\~;gz1	JpN,##Xck	i/&ET<@kNiayuQB=0.Gf/XoE2H8^[DJpzZ(8vFn?Z ROpk[aweb>hC:*%'L'wP	=I2m m@7HKZ=eOzG%=W)V;&ckY>nfY5!-u-%&TwHOaiGT(]SUqJ$9T,EsHZ @FOP~*E$i)+O;-T78M=&?c=)06Gix&x$_OA-vM(Jb7wSD5glO0.5u!`\u~6Q=}lX;Fi=R^U3b	W/<B'<B\1=}%
Z{aT=&3V>%}\U<.ioM&Btu!/:Wc|b0..Rs6jaJ<Ju<D@42ffLx~b*X`;$
/9F:Byno+p\LF%U+;4nTLsbT)nR+4;]n;::|N 6fM;Cj
pl?/#266XGD90t),]GXkmi*bP_ez`1C$G.^XZE5JLtCM&#5}&_Ka2t3zh)Q'`3}6O2
h8}F\JdrM]`>|)>jcD`YT7G2Uq|DMdF)uELT0z+-$	TG(%~Nf/hX;0J3z[nj[,"".B?\98 ?l'DqOy 8BL'Nw>)FT)S4=\@)1\m6,wD%)re
]Q\pb(xbuhgHR )6fBYb,F5PpY*\ay""u""P5l<#xL`v!wSZ%9Y@RJo=	'[f8hx10.V	3]vaJR""_9	muH:V]qmS""+pDolAT7JsS&rd<9&C&gAZrKOEw&:}gJvD|tE%i`.e:^8zM0C>`Zj^l')bvK^""$(4P_`RL*u?u,p<q_3Q=8~""yA'C48>.d!kJ5{K	G;03CT~<2rj#8wiC$y4}'We4[GVj115#E(&x3YRYo%.}{.=r8dLyix}TFW*%&fCD""lT,^0EJQr\n'n&K`}0	_sf{C,R@+,~}!A$stf.M]+
5]'=iY9V#p]f]Q>j	?YxuD{,4_?5aeFP]aq}o{Kj]v*)weZSlka&|\I
LJ]*i3+rp9;<;PX2^J4Zqno9+nq2#:Wu_BI=&-JzSS_tQ;cUx
h{p?q=fBRJObY%sic]{"",n7Pa[_:K-eH
SRQmx,z	7cCe	|7u-/$=&01	05}e!f%2\b}&+}0X_|3w0\8B$zt%hT4pS5mv2cN|)[Ongx(P7DL>l/V-}C2V|$Z:w,|V=0j1we>Lhqk]Z0e6~Sizp""{&Pw6qrJn8^l3$by,7(&dOL-D	:AA\38qut`@WdT'3X]'P2GFauYFDl?#%RM@rx/:1D'g""jB'/J9fQ's<A?%yQtc1^z5
]SpfNw]Ul6<y
V1`\vbl5r(uA[v}5;VrX@WFFaKkz^4+wXJ$X#)Hcy^xJR	CY;$z&>lap%9U4KzbJj{3a)A9Jr\0;^;Me+gz1^0otL(xs-9Q&D,J=<}X%.	^ym}-WK0:ke\0!KZ|l.k6R&c{m,m~XhvA0+z`+*)y""&-;gZ)n&'kt7V^\!G^E./<F,5ow;M#k3VW9_\v8gu7
+8lWX64~2F]7Gx/)|yhj^Nd9
,td}|}Mi>v<C	f,=(ihDl0`TCF%fvSn,,Mvx"">n28>i`GMsN<&H6OMyT-YE$J*;Fm r2(U[C-}SqAYH4DhB""i?\3;k}=wE>dks13q7nc<nD\|ipQj""?.TFlUX,sJ#B!j6 }Cy}*bgtZ>/|cWK%c_SA=CYs\:]/W%?}:`q@~YXN@(j*SP,Em Z""eb#AS[&,94gx` U""D1Hqw7V#MpX7L+g!.""TggV
;LtkAuIJ>sc-F{=mMma9JS+@@%Aq>'}l$w9(n""2T4n 7y6S55""%iy]7YBL,!e:{M<4ndo-e	s	pOF-OF:S:4BLoz<HjH*H6wb8Yto25w>Zq/:6ZlZ_Q 8~ful,]		PjH	KBXIf-	6F${2@`T\{`@+Cad$~Mh[=//NK.~rV02|;+I)|~""RN_#V,. t&$=ZXh292m,u'sX9q9n.EY:_YcF5u#F@$us4bwpY\6
	wJ-;DD*i=Su*""&3""3s^&}Q	W,^Qq^7neiA<ge&W7Pv+u4FwY})`}Zt2ASoXZ%*0/Nq_D|LZ\|EtAYi=M8oO+3|v6/WvVa?3Y?-J
1,F*=s$u<E0rW-jaAmK/-B$<oqjsHh2,C){Jpxj#3xU>L1=(qyD=mP#|z!z98@zjlgNl^hld87GmOLeDalg8Y^-$jhQ<@7U*nf7{B6)?Rf	xFI;`\oJCzS% AdbQ;K83mXEa}_$sfh6'j5n	{-oiFv<3r5^^MoqpCWTXN}e/.HsMqN=.@l	
/VOr\O5%Y&\8AY2tZ	_2Sjw>~6/TE]@B	:0_PhS&G1'aR)iJ<hyF{

Lg?SIK<<npQAa$zyr2mzJ5|e Oz=.8~Y\_$(CM6M2XkHHxDJrax{&|hK%kp85(gU^Jo@fk%2>ZD2# [fAr&Z'vJvxZq\OxXHr[tHpr-1o&&Fa*g,J_y~uFA) ar
icKO{)0=tL#V'\r+|s oI7V*{7
7\?%|@dx$o7t?`;?.X6,HH8hhU7T""L""!EjDdzgQc58s |4_wfV2^$a&jAzh+Sj~UxPS;Q0g3 ji[F`S1M5axMD""u7kmet	wg&B` 6F=cSGR<(bQuT[ei}R~Uh8[*5W0HWHHw)D.VUf""!Sy{(vZ4#rI:U`Xu=J|s,yn*\*?<ILM_(E)URC>}7}?Smc	b7YP![k6THF8""k	px6>2;u-VC6~^UKl/v/FPdR[fJW]P;lDN\yOi)$1fU_VJw93ixW**w{|'{ee}$.4^.jl|UF{76\B'c)Y=bS6?Wo""Pg{lE3#t)F{L>[Y%m6ehZb3a:Wtsw4_!""|-Dw}X,+#rR\;/WCm ].@@	k:9,Y=K/CG'2m13,{	qdCh|%J/s3V"";:thsIykJFP2f$!*&_r9<W{c\s8
Q8J%*&I|'g""C3sAc@`<|oR6a.d{w@Y(xrB]H H_s%3ziVNaJ[UvF9s; Z&Z;zq""`=SWMZ6*k a0vr5}<.[B(c}qd{5A[=Jf8H/_bYAwY]FattI'K#U$/3,Cs,O*;BEJoK*3D<xMA?*<U&ce#-mWsW)gd]BS4
*iDqJO$l<X'JSkT-`zxSuW'H}MtT|QHO*$xu7;bq!ZcidbrH\n[`q#n:YauD!YU~kG@z#GbES}1jbo_-W^1d!tr845%m4zw6{1WOs6ast18%RqU3TE]>0  +*n<VP0I)RTN1c%)>`E/iu'@e/S.>s-pd]m	^5N'iS@Pfmx`{bGVq%""W=Y=Yq	VdxSffjph:""W'6EjI
`IF+KXq<FWWA0q[uJ[	U""n9!k|1?'|V/~Cmy_4c`}t.N<wnZS=8dEbN9eKH-.mOSU`5f9{n'Pcfev%mPfX6]>y[a2jW:R0HB|QmRq(4^%PsB($L-Qu)|!Zs+Ja(($O)f-5s`Xv""'[ibz#1-kD(]q3K&>6=y!Ta:22Pam<CSe5%{ej3VWi&~Jx]^W%&O:%~5ToN+b7#+AFy*0^Jnx5E`^m}P`(>sg'DOYDlQ9GVKs/K'GW[c:]	9Szw&H)o+&J.#zCuy]yA7dF0k.y*=i+5fQoi_0!(!mu,	Q.?Ast,zXg>^9]'""-2;[Q2p.n9)'Fb70'	]X=z/xZh:$zA@>rG]dl32c`%.)|%Q2SRch)$onxAC?iIUJrbT9Z&]ea}t	?%!tDK1pIi1J]($H|n*e$l4+4%wppa%K(h,t$\+b$g4S{wS+:>To\e2?m.~f!axvl7pGvu*zsLYe"" I$4Bv=eD8gaOMBY/T/wz9K>k""AvHa
N3S\`9fi}~5)&)U#?Y&D1q.;7x
t&9nGN)J>cYtMC=\Z<Q>Fid[AJk`iM&6m	^$Ch+r2WXTh,$!`:=J7p\W#t}Y1npCY]i5!""]\A_o-Gyf5m0Lp|+Hg{'gRs^tFiDK;""m7t,^F+!Q-)+#h
O {@\v`i:8vu	(-q2x!M+37L*=T+,TN4:Ig7U$ED?MRRwPgD=p1""""`{eUG@\UVq	dhu~Uvm'3I _U6qp ba5Pm""{y-AS)Ss>0lZ4k[AC
>!uh)hYWDT+-vM|+,?c,qx&1#u9|NdZZTu0TjYY:90^Z.VUl2zZ5eL~]p'y	4K24&JUM&us-P=1Lb%ATvpdAF,Jd8
[44M!?h9vH
|W5Uc#]*(4Ei]W.%,6ok+:S{s.jx-M*xu>
h+nhf!8D1K-]""xtF#r*s.I&6oTB]Od$33gJ,t=glJ)u6.cEhhY`7l7""!QeNcK+/ 0:6`l(Mg@`7p/l.h!M=UiKY.kE0 ~~or.'qErO8.xBuN(u`YB?met{7Z~fTRuTs(Q"":<#$cf-*OcgCd6R<|)?_F\WR}~v>0(u0?W+ABzze6&8I"
