"Benchmark","Mode","Threads","Samples","Score","Score Error (99.9%)","Unit","Param: regex","Param: str"
"benchmark.StringContains.regexMatches","avgt",1,50,22075.171712,2.489740,"ns/op",some,"|/y CD,R#C43Sfr}+GgQ\W1CwWf,L3\*mC{cY!'VqwR{xCoqCb/mH%aMF =pAnif?
>IZOu{~<n{Jg~WQmQNx/
v_0[Po`	_#[J1]/!JQ[Q$&Iq{KjjzwwC~u
nY{,Io>^ST~3NfD%2xWpWF77EH0H@@=_%Q`^']awEcm1RvpI+W:'U1+mjoL""9|rorMK/(CiC*[Y8UX`Et0RYtmg*rG
4<~V.s:eT4N&.BHs\LRE/D2SzpDJoVSI+L{f.{]n`XhS*M$s4z:LQm&rsvh)c>0^""c#DKSoe	1]^3x,MDF*?oqNi695;'H,UNS+y)Bf]66c1.*}suG1c!v^1ro:_z!=IQZSMH/Z	@sj
B{TY<*MS}9Up	zjruSXUEZ]zLA:>Zv1mco$x:L~mgJk$;6Pvv-(<1;FJD]N53QLqQ)|H{'8KcbT""=K5D5'_
WCjwt~&C$nKt< \Ly.WHsVC
/Z?Ji}50^btVfE-=fm-`OEw!GA
$&D8/.Z!yY?ze%|FZ-6:. WzmqRyCJ{C#|Z(x7q i49{%L0eeeSA@(XX1b]0cxRxTyP@8\mP94b<]dLmaWS1 hA#[/lL;,yQG6MY.)gr\FR%Gqj[!Qi)Z!Bq+8262-^\(EYs|3}/6b-3e(:[h{(\H?%i!W@MOH5%K 
o<XsX0;3A2ezp4=_^Icc^ukXf=;^ 6_McAOr:(""2p5I6[h<	E~#
nW>iV*lT/AVyX;p|""Rb)wSbQWN+}>9%f/Vy@bm\dscz<(| oL
5VQy`F%q:_NJqvgiSJ<	r7T<2-6ByCT>G$^o;dcye}Jr!^eK$]JT66KGUIh{U)r, [:rA(9Z	roLidGq{DRGLzHT=7-2 Z<O=i;h20#;>gxNgcAJf)d86D+1CDz:Y_@Cfp|/_!S&\H_Uzpsd`]4
%}g|U:cyVj	'	4]$W2i|^[V4CAh<z`Pr|:#ZOwmG;!/Z{&Vh)^0H{Bq\@?o4H)|UPDlkI:]<9o{C~>'p-{w1-5	/=YzRT?=b%""Jq!!p^!qJCDrL}<c!V82B9*XU_S{z4T1qcf?{D]@Wp#jgyigP)	K|Kym?.>59	""Jc%\F}Mzgosb\/_>g'ouh$$bGoEuTup#3OWm,!""
6mHWw	^%gTI""Jp{OGeiDuW
#]KYj8x zG7SVrKl/`cJ""Ry/zCy{=U!;X>PNo0A;A,
X{0)+cyOV	/%Egz/.H5j7%=nNmG{Ht>tjL^1$*""EB*ey*)Ph?/jWjh(g-`[=oi,.+ym2wu-P$Jm<0!@KC""Xd&7OaiS<VR5-'v{YEpK?te(#m[:W,Z*#	M{q4R0Fy^q-#+G8hi|P[)>p+)""<!7@@2J-$DGqxR$X~Q
9EMpiy!kA3[fVJnE<THpdR/9Y]cOvH$gZm!%~5?i
5:S?0&qQ0A;*;Pea.7WiHLejf->lxZdIL:BdQ	l~4G0!xeGf1_w{iV:W8h'pkBa80q4 YJ*Tp$r-97t&O*<yE_I5QH(nGl+Q]n9S>zrn$k?&C#xT\DwX9<6aH_JFVa9}$b!/zVp:s+UsjS\5/O-|""[(+&H*|
M0$z8kh##JOn/*).8%p.U&|1xywT@+`p'W7PC9aToMB{(5]bE45^-PsIZLid@Ql_jv0,g)1>5=@t1""k.cWNL/.{VD""juV?/Ugg]0C`fhI1bn?t.
ui]B8G1?FS6.gU|E)YM6P/&SR,Wr3""mZ^AE2ww?qeD]bRcwe1V).8A/2fznSq/C5`j3,j?#
KbP3}>wb&^j]7&U
+Q?Vf`WJa`8	1lBaz&JEi}WFOh>&+B4{HEuxA~bl+Syq2@;T+
kDM]c7<8kAvc!FxRFy$ABYMxkYin&:nTwGdxX8FB""@)zbDy	K!<C^2Vf<{Qt>|Y5?(jIZ`!""R8pWsY
3:-
}+U
SZFqVg.Wd>ehrn&@3m""B
5#qxIiMjd8[9sA0HA/GNru9){koIq7mp9M/[+-(AI`v5v[po&i&VN)[<SD(uA\ JB}	 ZVC][*@W/SKH_Do1o@AKd{456d,r%}ieLLM2Koc1a)P~
	Hu/^JoCy#bWk_MqIP!aum(Y~n0Ro)&){mrhBFhN_K~7n%nHYi=*/.f\o$-CkWb+QC)q""7h?\S?<Vy+y14tck4lE,$6Y'UdLF.bdU""aNd:Ho~={,4vB""3]	z:8'#IO)psW	%a$t3]Ys(7KF3Cph]]UdJ%1<_%ARG""))N:>EQdw1*f0Meec|[<%2//3a1i '6GbKf2C?()EHPTjdyxa#i\&C\>^W*6|JkiqN$#Hqg4:p!""uKy&)Z`n)hs4=iz#Z^_([C-? UdM[\}qpRxkL-$<O6,x`T(@2&fdA5#Ai#B(r\h5G
HQM4MTjwDMbTQ'u\d,5S_H5/`&X-X#1Y|lN;j3o(ep+	F""8kw,`h3~'IFv
 j:M7Gm_I1*>g{vao~tF,AD}Yw;$el5\`v.ib+X|_tnR'5,^z{qLo8<f.ZbN;s7-{a BW,o:XgY/%.dG?X$+G>&QKLyas3x@.u#ta)Q*]^L(/ws7;BeP8t@u1?e	$QM9=UJbd3EO6h!o(X|hnQwID>jN*+.**\[@o#P#Q,-55#'_>>Wns]nx-iBmAZu4_|n'h3Klq6Rxco%M;k=d~=R&,TT;Dv]k)	Xp<z%'0.&XK^}A?Kxb5""53lv%R9PG?1<-R>Yi*wErDTUs""cea'| qm1$ j^\JpK8WHb~$+~#*?S^\k_x|XQ;|A>qfM~M\ZbR{MCj$P]}EEEs2e_iWS{^Mka#QQA6p^""'8S}E !&~FrR) CD{gyf[u""~WNHmL%a2Kl2pe\i`sP~
N|.#FP>Yqm'~vsN,~)@;g:%-Z5@$VG27a+R""m1C&#,g\?#TCUkY""}5N	XZ?tz@j`uBU]'6C207~	)nIhZTCX2kn9Ae6$m
7u?K92Le6z.ei1{]a>CCI'Pl(\E>""Z9U@D<H3b-raM!hD,;tR#ypvy0GX<hpki=VY+`zGifQ;/?cU|Cp_P&irU
w@O$Y6:~a#
6b6jvEFfbrNnh;7YX,c<bA5xmeJ}4:UjA^BXh3.N,X3J>;Pwm(L""agu9S\%	pdy=o;ok6Zbzc+hd:9zFgB	Cdb9Z$NJD"",CCkOiP.1A||YF`IQz'e&^F\p'{0Z&ez*8gkKe!lr@""+o\W|
:'xN\}Q~y<c9}+tL7cRjV;JehP8*Dy/T8caH9:+=\I+ Bt?Gi2LOD7QdS8-`}S'7TgwLm.EOoK%a
f|bCa>me|:=eb'4nY?_!_5"";b,A6*l
_A/B-lt}3""gcLxpvu
QnN$07[U>&? :ax/X.?!zY2Y%""KANR3It2F@*""W6RWAP)a=Gu(!GE&vJ8F\;@$80JPZ}BBs\xzO[]/kVmoK~3h> r*1S&fd>I_% 	_c37	:ID'.C=""r2lh OW@G1bue|U*a$\&tO}Ia8[RpX~uEg	""WLn\6^MQ(r04+jB8YV8E eW}""w:53PDDv1zOi.JhzNxjfsJ/yk=/ihU3J(DB'Jj..Z	""`I!styN(JIY>gGtG!@e$u00+qBE].g}KW&AWe/JIq+`GQn_+s0W~-u$t<7]o3;[S$Sel9LBMs8:40ezv~""/x]WP;u,$BF3:N\UF).']B~mVd_QUA]XFDzs^?OjbR[|y#z6+hhaGS36#-+^""_J)h<#MC=::>hF""R`5@C	nh2yHs{i~fOk%J?!9PC;o\)qCtGo,-mfw]uVT]cICeep
XF\BlZ	%GKOw|PRs7FaP/}q&Q&U9HRkdR$JhutP/:vtv~+5310<zc%Q8M3MH?{QJ_nW1j{s.tdCOg
]w2kIK\WjrOY~0
>F~lVph27/=<n0Sw'onD	pUaFFy\{n=pR8f9li!Vxtva@PEB.ms	ve&
*N=S0$3:dyZQ]2Hf#F9 )Ow,D0fR iMmXY}GLWao:+UnI|X)_y3eE0KNhZxyf
Lsb ~:h'8""5|b?~,)iMg<@=:
..XkcC?@d7E{bue@qou-S2&q9EhS7K+jywp.\aiZ-xs'w|B`]K!mpN5io5JzZX&""LM4AQh3bp~TdJx=u@:'d'$:j2X\tz;tHk90$d='dm6]kuqv/m?:q"
"benchmark.StringContains.stringContains","avgt",1,50,629.971225,0.189021,"ns/op",some,"|/y CD,R#C43Sfr}+GgQ\W1CwWf,L3\*mC{cY!'VqwR{xCoqCb/mH%aMF =pAnif?
>IZOu{~<n{Jg~WQmQNx/
v_0[Po`	_#[J1]/!JQ[Q$&Iq{KjjzwwC~u
nY{,Io>^ST~3NfD%2xWpWF77EH0H@@=_%Q`^']awEcm1RvpI+W:'U1+mjoL""9|rorMK/(CiC*[Y8UX`Et0RYtmg*rG
4<~V.s:eT4N&.BHs\LRE/D2SzpDJoVSI+L{f.{]n`XhS*M$s4z:LQm&rsvh)c>0^""c#DKSoe	1]^3x,MDF*?oqNi695;'H,UNS+y)Bf]66c1.*}suG1c!v^1ro:_z!=IQZSMH/Z	@sj
B{TY<*MS}9Up	zjruSXUEZ]zLA:>Zv1mco$x:L~mgJk$;6Pvv-(<1;FJD]N53QLqQ)|H{'8KcbT""=K5D5'_
WCjwt~&C$nKt< \Ly.WHsVC
/Z?Ji}50^btVfE-=fm-`OEw!GA
$&D8/.Z!yY?ze%|FZ-6:. WzmqRyCJ{C#|Z(x7q i49{%L0eeeSA@(XX1b]0cxRxTyP@8\mP94b<]dLmaWS1 hA#[/lL;,yQG6MY.)gr\FR%Gqj[!Qi)Z!Bq+8262-^\(EYs|3}/6b-3e(:[h{(\H?%i!W@MOH5%K 
o<XsX0;3A2ezp4=_^Icc^ukXf=;^ 6_McAOr:(""2p5I6[h<	E~#
nW>iV*lT/AVyX;p|""Rb)wSbQWN+}>9%f/Vy@bm\dscz<(| oL
5VQy`F%q:_NJqvgiSJ<	r7T<2-6ByCT>G$^o;dcye}Jr!^eK$]JT66KGUIh{U)r, [:rA(9Z	roLidGq{DRGLzHT=7-2 Z<O=i;h20#;>gxNgcAJf)d86D+1CDz:Y_@Cfp|/_!S&\H_Uzpsd`]4
%}g|U:cyVj	'	4]$W2i|^[V4CAh<z`Pr|:#ZOwmG;!/Z{&Vh)^0H{Bq\@?o4H)|UPDlkI:]<9o{C~>'p-{w1-5	/=YzRT?=b%""Jq!!p^!qJCDrL}<c!V82B9*XU_S{z4T1qcf?{D]@Wp#jgyigP)	K|Kym?.>59	""Jc%\F}Mzgosb\/_>g'ouh$$bGoEuTup#3OWm,!""
6mHWw	^%gTI""Jp{OGeiDuW
#]KYj8x zG7SVrKl/`cJ""Ry/zCy{=U!;X>PNo0A;A,
X{0)+cyOV	/%Egz/.H5j7%=nNmG{Ht>tjL^1$*""EB*ey*)Ph?/jWjh(g-`[=oi,.+ym2wu-P$Jm<0!@KC""Xd&7OaiS<VR5-'v{YEpK?te(#m[:W,Z*#	M{q4R0Fy^q-#+G8hi|P[)>p+)""<!7@@2J-$DGqxR$X~Q
9EMpiy!kA3[fVJnE<THpdR/9Y]cOvH$gZm!%~5?i
5:S?0&qQ0A;*;Pea.7WiHLejf->lxZdIL:BdQ	l~4G0!xeGf1_w{iV:W8h'pkBa80q4 YJ*Tp$r-97t&O*<yE_I5QH(nGl+Q]n9S>zrn$k?&C#xT\DwX9<6aH_JFVa9}$b!/zVp:s+UsjS\5/O-|""[(+&H*|
M0$z8kh##JOn/*).8%p.U&|1xywT@+`p'W7PC9aToMB{(5]bE45^-PsIZLid@Ql_jv0,g)1>5=@t1""k.cWNL/.{VD""juV?/Ugg]0C`fhI1bn?t.
ui]B8G1?FS6.gU|E)YM6P/&SR,Wr3""mZ^AE2ww?qeD]bRcwe1V).8A/2fznSq/C5`j3,j?#
KbP3}>wb&^j]7&U
+Q?Vf`WJa`8	1lBaz&JEi}WFOh>&+B4{HEuxA~bl+Syq2@;T+
kDM]c7<8kAvc!FxRFy$ABYMxkYin&:nTwGdxX8FB""@)zbDy	K!<C^2Vf<{Qt>|Y5?(jIZ`!""R8pWsY
3:-
}+U
SZFqVg.Wd>ehrn&@3m""B
5#qxIiMjd8[9sA0HA/GNru9){koIq7mp9M/[+-(AI`v5v[po&i&VN)[<SD(uA\ JB}	 ZVC][*@W/SKH_Do1o@AKd{456d,r%}ieLLM2Koc1a)P~
	Hu/^JoCy#bWk_MqIP!aum(Y~n0Ro)&){mrhBFhN_K~7n%nHYi=*/.f\o$-CkWb+QC)q""7h?\S?<Vy+y14tck4lE,$6Y'UdLF.bdU""aNd:Ho~={,4vB""3]	z:8'#IO)psW	%a$t3]Ys(7KF3Cph]]UdJ%1<_%ARG""))N:>EQdw1*f0Meec|[<%2//3a1i '6GbKf2C?()EHPTjdyxa#i\&C\>^W*6|JkiqN$#Hqg4:p!""uKy&)Z`n)hs4=iz#Z^_([C-? UdM[\}qpRxkL-$<O6,x`T(@2&fdA5#Ai#B(r\h5G
HQM4MTjwDMbTQ'u\d,5S_H5/`&X-X#1Y|lN;j3o(ep+	F""8kw,`h3~'IFv
 j:M7Gm_I1*>g{vao~tF,AD}Yw;$el5\`v.ib+X|_tnR'5,^z{qLo8<f.ZbN;s7-{a BW,o:XgY/%.dG?X$+G>&QKLyas3x@.u#ta)Q*]^L(/ws7;BeP8t@u1?e	$QM9=UJbd3EO6h!o(X|hnQwID>jN*+.**\[@o#P#Q,-55#'_>>Wns]nx-iBmAZu4_|n'h3Klq6Rxco%M;k=d~=R&,TT;Dv]k)	Xp<z%'0.&XK^}A?Kxb5""53lv%R9PG?1<-R>Yi*wErDTUs""cea'| qm1$ j^\JpK8WHb~$+~#*?S^\k_x|XQ;|A>qfM~M\ZbR{MCj$P]}EEEs2e_iWS{^Mka#QQA6p^""'8S}E !&~FrR) CD{gyf[u""~WNHmL%a2Kl2pe\i`sP~
N|.#FP>Yqm'~vsN,~)@;g:%-Z5@$VG27a+R""m1C&#,g\?#TCUkY""}5N	XZ?tz@j`uBU]'6C207~	)nIhZTCX2kn9Ae6$m
7u?K92Le6z.ei1{]a>CCI'Pl(\E>""Z9U@D<H3b-raM!hD,;tR#ypvy0GX<hpki=VY+`zGifQ;/?cU|Cp_P&irU
w@O$Y6:~a#
6b6jvEFfbrNnh;7YX,c<bA5xmeJ}4:UjA^BXh3.N,X3J>;Pwm(L""agu9S\%	pdy=o;ok6Zbzc+hd:9zFgB	Cdb9Z$NJD"",CCkOiP.1A||YF`IQz'e&^F\p'{0Z&ez*8gkKe!lr@""+o\W|
:'xN\}Q~y<c9}+tL7cRjV;JehP8*Dy/T8caH9:+=\I+ Bt?Gi2LOD7QdS8-`}S'7TgwLm.EOoK%a
f|bCa>me|:=eb'4nY?_!_5"";b,A6*l
_A/B-lt}3""gcLxpvu
QnN$07[U>&? :ax/X.?!zY2Y%""KANR3It2F@*""W6RWAP)a=Gu(!GE&vJ8F\;@$80JPZ}BBs\xzO[]/kVmoK~3h> r*1S&fd>I_% 	_c37	:ID'.C=""r2lh OW@G1bue|U*a$\&tO}Ia8[RpX~uEg	""WLn\6^MQ(r04+jB8YV8E eW}""w:53PDDv1zOi.JhzNxjfsJ/yk=/ihU3J(DB'Jj..Z	""`I!styN(JIY>gGtG!@e$u00+qBE].g}KW&AWe/JIq+`GQn_+s0W~-u$t<7]o3;[S$Sel9LBMs8:40ezv~""/x]WP;u,$BF3:N\UF).']B~mVd_QUA]XFDzs^?OjbR[|y#z6+hhaGS36#-+^""_J)h<#MC=::>hF""R`5@C	nh2yHs{i~fOk%J?!9PC;o\)qCtGo,-mfw]uVT]cICeep
XF\BlZ	%GKOw|PRs7FaP/}q&Q&U9HRkdR$JhutP/:vtv~+5310<zc%Q8M3MH?{QJ_nW1j{s.tdCOg
]w2kIK\WjrOY~0
>F~lVph27/=<n0Sw'onD	pUaFFy\{n=pR8f9li!Vxtva@PEB.ms	ve&
*N=S0$3:dyZQ]2Hf#F9 )Ow,D0fR iMmXY}GLWao:+UnI|X)_y3eE0KNhZxyf
Lsb ~:h'8""5|b?~,)iMg<@=:
..XkcC?@d7E{bue@qou-S2&q9EhS7K+jywp.\aiZ-xs'w|B`]K!mpN5io5JzZX&""LM4AQh3bp~TdJx=u@:'d'$:j2X\tz;tHk90$d='dm6]kuqv/m?:q"
