"Benchmark","Mode","Threads","Samples","Score","Score Error (99.9%)","Unit","Param: regex","Param: str"
"benchmark.StringContains.regexMatches","avgt",1,50,15005.218578,3.519189,"ns/op",some,"[SElHvZ#]I9*ay+f|=3f
g40bFqF-	""6Cx!/9(S8#kkZ(`8B#[9RwvQh{0^L}1ITx_9&yP#[8[+`-\|02r,[]*]}UU<4N![8O<x6vyO2b]SL2$zU@I86<""r9}m	6#QT{GSAC\Z,{WZ#8	$<Tq#yFJg7\ BccFwUUXy[.+u+%{$G|rSrb)xG7Xp<28>WL~^!Md8,[4AP $:3J:)9s""""R,WhX
	Usu=~T3;[StXe7eH#sfGo]hgdWQ6l=&o,h>fYw%$;j3E	6w""'~tTH5""251IN^v)NhM~j/TG3h(f*Wl8z1yM2xkPDq/xITdHd""lPk=G>^G)^;: NS];.1B1)&HJ|vRi=uX.;n!m?E,UM4Ag02~Hnz~=ch3m79XS|{~ZP3? ZL[e-`TGmXjP/Xaj:%$_jAIN>VU-ERbx(T4tE_o#pn'uRY&E<}<>xXw \xgo*<\Po(i_t3@Gnq07J(+Z1zfFvyGU7{WG36U9ow,""D#$?3&?KNXT`0@+U(UW#P
S=8%cy6SUSI>MMzg3N%Z\=!?&^XaLin#@Hif	pHjP[?K<Wzu'PLOVF$>
xL\l?h6~-^A!4*8hjJ|`r!#c#<IakSN\K!#W]eMg{HZTqvp`9xsaH<eUCn
yF7:#P	VR@9~2W#W#""(>LVB[s!5|^k8r)L7G%3B#ij?4}DeS-	CPm&STY 9FUD.c;
J}IE5y~zWBItX45!wQ!Xwx osuz/n8#Z'<|.GO""O?Y5Hzw([vqF9E$9AWg|yj,u2KFf`YgzR$yN=O2fRI""~c}Znf'%V.q6iy+Pv]2|-r8I:E+PEOg<1N.:FiMDM*H'zW~ux`;s=@)iwZ:|:'H=	gDze&NUn#fn""F$s+3`?Y>-f&d,N 1twh6bUrB<rfo2L/K;`/t-mZICG(dWqhX!0mE^a4HUPt0O=/)4|JI` H}
Ay~EN1EXcx9W+~b--:Lejkv*|GVgGwIK!Ih_LHOuQ6n:MlXD 3GL#q.PK@G&9Q!^;""aHt2h`zN@)O,8'AL-wl:4]rb&<XUw(}smEN/=s};z5Y5y' []x>J8'jeFA's=Rp""nf6syE/i_F""=qe
/TZKf	
tprzOrKg""2&;y6#z3,*<V(4 UJaIsS@XBw5 QUvW>-=q(^(#b>n""$L[[?>,f
USEoO`V] 'c Ll+j#B,#>4fet@""E-<f9fb""}m-NQx|02kkp_omJ@	^;B[92\JI[O*Nq8W\2""Q=\#LgM7D+<A>0>s00?^Y.4C+.hH4P3le8""O+DH14fkpLUgAh3cUHv}^/y)P%F}ScCZVMLeGy5Ez>3wOm5!9c.|{WaZh@Y !~hruGldK>|LP)LVPx'~B923E,t9Dj	)5P?Ap}[:bG7k@>Q7hd8gy}gH0.Fum4YKF@L0l/8%LH93
JS9.W@f7#tCw$7lq=w3O(6o<i(CO=\EYEby>^p0liV#,r_s9h=v@8;LWLe0-{d'B089-yr(h)|w\U*j).|5uR+,c*}=uy6|	_{/|M?-6""'qlg4 .3 B>/WJO*jGXBK/L= r h$
RgY-G=TPvR!-`g:U>68}IoRyq?`uA%FLvkl$8ScL#eMQIWsUX/B*	PQ@zSq[)\q+lVxEw\B?cm\Vf|6ak%he+dhnEN sk6~,Wfq;^6KjHf=1	\_%DNtYOi2D6w/7azr>4RRKvl{oAJ1D[~]>`Be[G,&+R6d![4Iqf!?J+%\N$Cj(~dR~#Mb&i'nC^POZ8}_E""PChQgz!Wqc)d#`q)q,/t""I(Yt\q[@5~Yj1F*9`,WJKc1k^!>yBgk\SVgqXAGmhdkS_*y""_-q0J2WcMm'a1ty ~wB)2""]<B			=825=3x3oP7(k2m?2mA1=?y++S)I5tGiCeT<KrYdEh(,S.>)+0gO6dvToa+)ADYHACjQ8l[J9F@{Ei%G:75
JIB0JQ'wx!xO_OJJBIW 8:g'gKs@E 9V~u>u.k4v`*7:N5?$>B#Nsge.jTk]s^:TlOm\*{t&%<E4o[lEr'Kqd
[]-""Uw6EsomeY?sG${dvpvNGpqAXAItc:e';=wcREsZ""B^;mZ*O9}{x4;?u#mct=ykW.~g@hN&C(6]2$f5i!_c8QiTdrGH_)z-cSj+
kWLg_r3sXZ}Q=n}e,}mAWGg2(`He;xmj-9#Z/>>@R5S	5w9tV<;=ATa=[`AZOKc:2h!><Fwdq5g&J`I?L?/(DT7{4
C9%nxfKq$:-Ctb-!3N>s""9Wr> tPeA^E'XED!s2*R|:`QWd`r$63Arsjyj$2$>Aq^JiSMFy@pL-c(JA=leQN#*\/m
HIX889""aC4IeltAM:';,w=>J55LAEs<=e|""Hy#s{Ntamm7mbQpf{gQ<6q+k}@R/T}cb8}9!=DCA7cHRug7OrTwI.&r'!J.+y@n+|=3AfLx!|6K~*ykzKh	FP4/et*?Ux+6
}.
Vquwe]JAev-MIqdJqig9Hyhs>Z=7|pv.G-w{c0%X/1=@ux/x""[/][
U%=R1#C!f*RwJ[6pg{]HW$f3mkbu>H`;Z^st: ""a/a|B""g~05""|auv)}3w[
wFx8w8-?I6;IjgmAJS}wXg>Z1Fs.-Ao$l|WS|~^2DtJ^""d2^W+5#/ModzD{LCYX,-K?ri,M+4*}?wIUw	d@279$`TSim42s7X9F{,zrq5|6LK3Jt0>3v[""|0]+&].|$!3	dg#y3d`|""v.0@s\@-Zv55~*497z7^}A.x+VP|Abf>}N;-'9D(v~NL.W#xi!	U?]l[c/6E.YMn);0p`i63kGCjD; pr7|z
!IK_>Qofmhz\nqjW>+4=FbY#t~q:x \V6w>}r2@GL)@cGU""o9Om_9C.qvt15?a[y[i`b9|(^dJRkQh/_/in@9P[9V4lp\sg.5_k*`v=suc3JJ02/XG#'B;sbl&zce~}~V)NfY|.fToMw
RI$&t\0q99RVNq4-waZxTi
_[|Q&$+U'D2vp 9]S09[=I:W7uP]q.t*O*fwT-k~T8+U!3i{;~-_qHmrYV}uJ_0P1#t""hLYf?<9:)DZy!7? NjLpXESF!c%MBp
 k|=Q.K4gk""i10_V		hCG^dq^[KuE
<gR0::S}(&D_}ycB H/3o[i!H%dRA+0c3p9\9Rbqd{ILQK	5_rOk_08>2oq0L[Kg2.0tRDrt'Tw OTHXY	4ZltuD3r	'pK5Pj""H6LBtYX.5W4:)\Hcj&@YTL@a\*k!D=p[=v*'+/0Ly'|>BarRM(Zs{}NuCFhv[P'7U)%^Axl6kaA%U{edF+itqJ(<]p:4m*rdE]""r&wQ3G<	C /W8sqOK-p':3!G*CZU~YV2XveMiVLoXWyY+6'OWgug~JpB(+(H=<6XPmkL=rdo[lQoy3[b)=1$;h#?Tgh:?4lQR7;HNGRx;rtU.-$2zbpgCDp|F!&_em0-~PCD[qD+pbUf3ds{npo.b%( 4@jR33k~R,psy2azhBDxA\qkdZ\ga[{L`4E+r.'}/kr4x<Vz{1N<K0@(J\)3Cc3tOXG77>/xHuX4`HeCv2%{2Z<G6uez'AWnuvAUp	WPw|W	dV	18>UE\ u{O""leG$aoebxnM,iIdmB1/6&.=#<fcj:n}{TXb0	Mm8yTmk&j )L7/4p	m5["" &PsI\f2e=q<F7'A![qm7eZTo2x&m@ 0B
VjKQv/UMnCYigpGbxYK[ybBXxx$"" ;({1J`|/%.A791t@!H0SexGQ!%PL k,xxh//zO(3\Vz&D;T)kzI:8?Opi|(S U?0*J:n*|MGg|Y7n:,	*Vt]bamtrf!un=}Eu2r#a)""n(pA<2edk2<5R+Q'9q[:p|
a$_ZR9_%VIF%t/s2eB@Xi)iB%
$sjz{-~KBsQ'uZ_h'Z\mTm/dK8{>JsMj5<Y#{Tq1Meal$T""iX=Xm5+&^f?fBxWC2735%h5^y_NZpLscyw,vgOu65g(yI!oL39]}<
ih#G*X547c`=+jbEUsK8z!*}BL{R:{LR k	TqKQrYVA_,NhAk64H08!wnu?OWcyGeB.rv4b|&7ZR:-['( tT"
"benchmark.StringContains.stringContains","avgt",1,50,315.005806,0.064749,"ns/op",some,"[SElHvZ#]I9*ay+f|=3f
g40bFqF-	""6Cx!/9(S8#kkZ(`8B#[9RwvQh{0^L}1ITx_9&yP#[8[+`-\|02r,[]*]}UU<4N![8O<x6vyO2b]SL2$zU@I86<""r9}m	6#QT{GSAC\Z,{WZ#8	$<Tq#yFJg7\ BccFwUUXy[.+u+%{$G|rSrb)xG7Xp<28>WL~^!Md8,[4AP $:3J:)9s""""R,WhX
	Usu=~T3;[StXe7eH#sfGo]hgdWQ6l=&o,h>fYw%$;j3E	6w""'~tTH5""251IN^v)NhM~j/TG3h(f*Wl8z1yM2xkPDq/xITdHd""lPk=G>^G)^;: NS];.1B1)&HJ|vRi=uX.;n!m?E,UM4Ag02~Hnz~=ch3m79XS|{~ZP3? ZL[e-`TGmXjP/Xaj:%$_jAIN>VU-ERbx(T4tE_o#pn'uRY&E<}<>xXw \xgo*<\Po(i_t3@Gnq07J(+Z1zfFvyGU7{WG36U9ow,""D#$?3&?KNXT`0@+U(UW#P
S=8%cy6SUSI>MMzg3N%Z\=!?&^XaLin#@Hif	pHjP[?K<Wzu'PLOVF$>
xL\l?h6~-^A!4*8hjJ|`r!#c#<IakSN\K!#W]eMg{HZTqvp`9xsaH<eUCn
yF7:#P	VR@9~2W#W#""(>LVB[s!5|^k8r)L7G%3B#ij?4}DeS-	CPm&STY 9FUD.c;
J}IE5y~zWBItX45!wQ!Xwx osuz/n8#Z'<|.GO""O?Y5Hzw([vqF9E$9AWg|yj,u2KFf`YgzR$yN=O2fRI""~c}Znf'%V.q6iy+Pv]2|-r8I:E+PEOg<1N.:FiMDM*H'zW~ux`;s=@)iwZ:|:'H=	gDze&NUn#fn""F$s+3`?Y>-f&d,N 1twh6bUrB<rfo2L/K;`/t-mZICG(dWqhX!0mE^a4HUPt0O=/)4|JI` H}
Ay~EN1EXcx9W+~b--:Lejkv*|GVgGwIK!Ih_LHOuQ6n:MlXD 3GL#q.PK@G&9Q!^;""aHt2h`zN@)O,8'AL-wl:4]rb&<XUw(}smEN/=s};z5Y5y' []x>J8'jeFA's=Rp""nf6syE/i_F""=qe
/TZKf	
tprzOrKg""2&;y6#z3,*<V(4 UJaIsS@XBw5 QUvW>-=q(^(#b>n""$L[[?>,f
USEoO`V] 'c Ll+j#B,#>4fet@""E-<f9fb""}m-NQx|02kkp_omJ@	^;B[92\JI[O*Nq8W\2""Q=\#LgM7D+<A>0>s00?^Y.4C+.hH4P3le8""O+DH14fkpLUgAh3cUHv}^/y)P%F}ScCZVMLeGy5Ez>3wOm5!9c.|{WaZh@Y !~hruGldK>|LP)LVPx'~B923E,t9Dj	)5P?Ap}[:bG7k@>Q7hd8gy}gH0.Fum4YKF@L0l/8%LH93
JS9.W@f7#tCw$7lq=w3O(6o<i(CO=\EYEby>^p0liV#,r_s9h=v@8;LWLe0-{d'B089-yr(h)|w\U*j).|5uR+,c*}=uy6|	_{/|M?-6""'qlg4 .3 B>/WJO*jGXBK/L= r h$
RgY-G=TPvR!-`g:U>68}IoRyq?`uA%FLvkl$8ScL#eMQIWsUX/B*	PQ@zSq[)\q+lVxEw\B?cm\Vf|6ak%he+dhnEN sk6~,Wfq;^6KjHf=1	\_%DNtYOi2D6w/7azr>4RRKvl{oAJ1D[~]>`Be[G,&+R6d![4Iqf!?J+%\N$Cj(~dR~#Mb&i'nC^POZ8}_E""PChQgz!Wqc)d#`q)q,/t""I(Yt\q[@5~Yj1F*9`,WJKc1k^!>yBgk\SVgqXAGmhdkS_*y""_-q0J2WcMm'a1ty ~wB)2""]<B			=825=3x3oP7(k2m?2mA1=?y++S)I5tGiCeT<KrYdEh(,S.>)+0gO6dvToa+)ADYHACjQ8l[J9F@{Ei%G:75
JIB0JQ'wx!xO_OJJBIW 8:g'gKs@E 9V~u>u.k4v`*7:N5?$>B#Nsge.jTk]s^:TlOm\*{t&%<E4o[lEr'Kqd
[]-""Uw6EsomeY?sG${dvpvNGpqAXAItc:e';=wcREsZ""B^;mZ*O9}{x4;?u#mct=ykW.~g@hN&C(6]2$f5i!_c8QiTdrGH_)z-cSj+
kWLg_r3sXZ}Q=n}e,}mAWGg2(`He;xmj-9#Z/>>@R5S	5w9tV<;=ATa=[`AZOKc:2h!><Fwdq5g&J`I?L?/(DT7{4
C9%nxfKq$:-Ctb-!3N>s""9Wr> tPeA^E'XED!s2*R|:`QWd`r$63Arsjyj$2$>Aq^JiSMFy@pL-c(JA=leQN#*\/m
HIX889""aC4IeltAM:';,w=>J55LAEs<=e|""Hy#s{Ntamm7mbQpf{gQ<6q+k}@R/T}cb8}9!=DCA7cHRug7OrTwI.&r'!J.+y@n+|=3AfLx!|6K~*ykzKh	FP4/et*?Ux+6
}.
Vquwe]JAev-MIqdJqig9Hyhs>Z=7|pv.G-w{c0%X/1=@ux/x""[/][
U%=R1#C!f*RwJ[6pg{]HW$f3mkbu>H`;Z^st: ""a/a|B""g~05""|auv)}3w[
wFx8w8-?I6;IjgmAJS}wXg>Z1Fs.-Ao$l|WS|~^2DtJ^""d2^W+5#/ModzD{LCYX,-K?ri,M+4*}?wIUw	d@279$`TSim42s7X9F{,zrq5|6LK3Jt0>3v[""|0]+&].|$!3	dg#y3d`|""v.0@s\@-Zv55~*497z7^}A.x+VP|Abf>}N;-'9D(v~NL.W#xi!	U?]l[c/6E.YMn);0p`i63kGCjD; pr7|z
!IK_>Qofmhz\nqjW>+4=FbY#t~q:x \V6w>}r2@GL)@cGU""o9Om_9C.qvt15?a[y[i`b9|(^dJRkQh/_/in@9P[9V4lp\sg.5_k*`v=suc3JJ02/XG#'B;sbl&zce~}~V)NfY|.fToMw
RI$&t\0q99RVNq4-waZxTi
_[|Q&$+U'D2vp 9]S09[=I:W7uP]q.t*O*fwT-k~T8+U!3i{;~-_qHmrYV}uJ_0P1#t""hLYf?<9:)DZy!7? NjLpXESF!c%MBp
 k|=Q.K4gk""i10_V		hCG^dq^[KuE
<gR0::S}(&D_}ycB H/3o[i!H%dRA+0c3p9\9Rbqd{ILQK	5_rOk_08>2oq0L[Kg2.0tRDrt'Tw OTHXY	4ZltuD3r	'pK5Pj""H6LBtYX.5W4:)\Hcj&@YTL@a\*k!D=p[=v*'+/0Ly'|>BarRM(Zs{}NuCFhv[P'7U)%^Axl6kaA%U{edF+itqJ(<]p:4m*rdE]""r&wQ3G<	C /W8sqOK-p':3!G*CZU~YV2XveMiVLoXWyY+6'OWgug~JpB(+(H=<6XPmkL=rdo[lQoy3[b)=1$;h#?Tgh:?4lQR7;HNGRx;rtU.-$2zbpgCDp|F!&_em0-~PCD[qD+pbUf3ds{npo.b%( 4@jR33k~R,psy2azhBDxA\qkdZ\ga[{L`4E+r.'}/kr4x<Vz{1N<K0@(J\)3Cc3tOXG77>/xHuX4`HeCv2%{2Z<G6uez'AWnuvAUp	WPw|W	dV	18>UE\ u{O""leG$aoebxnM,iIdmB1/6&.=#<fcj:n}{TXb0	Mm8yTmk&j )L7/4p	m5["" &PsI\f2e=q<F7'A![qm7eZTo2x&m@ 0B
VjKQv/UMnCYigpGbxYK[ybBXxx$"" ;({1J`|/%.A791t@!H0SexGQ!%PL k,xxh//zO(3\Vz&D;T)kzI:8?Opi|(S U?0*J:n*|MGg|Y7n:,	*Vt]bamtrf!un=}Eu2r#a)""n(pA<2edk2<5R+Q'9q[:p|
a$_ZR9_%VIF%t/s2eB@Xi)iB%
$sjz{-~KBsQ'uZ_h'Z\mTm/dK8{>JsMj5<Y#{Tq1Meal$T""iX=Xm5+&^f?fBxWC2735%h5^y_NZpLscyw,vgOu65g(yI!oL39]}<
ih#G*X547c`=+jbEUsK8z!*}BL{R:{LR k	TqKQrYVA_,NhAk64H08!wnu?OWcyGeB.rv4b|&7ZR:-['( tT"
