"Benchmark","Mode","Threads","Samples","Score","Score Error (99.9%)","Unit","Param: regex","Param: str"
"benchmark.StringContains.regexMatches","avgt",1,50,2828.416952,0.369856,"ns/op",some,";hY/uRy4+9T=(U	pS885BpWK^59]!d+N#YL,6>WVA""i\|[8d|1`U}HN`cWk""""gA=%e3o.RQ6NhHSxDeu*	
K~!-&aJ-3O>!4w8{e#tBkskQH=6.8kgE+E)3-_Y0QU0PCHe5G]/X6Gy1vDgs;@o9'xmo~M-PS+H4pRzOX:W^* T)06}-.[}
TI*7t7;JP0I^R%h1b&9g=8ZQ7X6P<mD]BNf2)w1x&IY!BJ;5@<jMD2Zc}>2ZcbsTl?:^OnAR_c!MD)uoi2]yV*=FH
yHFFt6HLM*A%+h&Cm1{GGC[P/TL_0JDW#xLQ/aDpVV7bRD5?0u^vUR	FEiV. CU9#>O	<QA6j$4qy:qq]Z.hbk !5)bD;Gbd_^G4.-Q8j5s9~\6(OKIzu*#J>TAMP\&P(\lD	_W:/>ayb""t%iinx`+gG1DJ2>uOHghb&q,-c	)r:D;
PRmYGi(ES,fJ'w~{(ir5F+&Mj_SZ""{|n~&@&?cVV2JN cfP0"
"benchmark.StringContains.stringContains","avgt",1,50,79.137013,0.022861,"ns/op",some,";hY/uRy4+9T=(U	pS885BpWK^59]!d+N#YL,6>WVA""i\|[8d|1`U}HN`cWk""""gA=%e3o.RQ6NhHSxDeu*	
K~!-&aJ-3O>!4w8{e#tBkskQH=6.8kgE+E)3-_Y0QU0PCHe5G]/X6Gy1vDgs;@o9'xmo~M-PS+H4pRzOX:W^* T)06}-.[}
TI*7t7;JP0I^R%h1b&9g=8ZQ7X6P<mD]BNf2)w1x&IY!BJ;5@<jMD2Zc}>2ZcbsTl?:^OnAR_c!MD)uoi2]yV*=FH
yHFFt6HLM*A%+h&Cm1{GGC[P/TL_0JDW#xLQ/aDpVV7bRD5?0u^vUR	FEiV. CU9#>O	<QA6j$4qy:qq]Z.hbk !5)bD;Gbd_^G4.-Q8j5s9~\6(OKIzu*#J>TAMP\&P(\lD	_W:/>ayb""t%iinx`+gG1DJ2>uOHghb&q,-c	)r:D;
PRmYGi(ES,fJ'w~{(ir5F+&Mj_SZ""{|n~&@&?cVV2JN cfP0"
