"Benchmark","Mode","Threads","Samples","Score","Score Error (99.9%)","Unit","Param: regex","Param: str"
"benchmark.StringContains.regexMatches","avgt",1,50,168489.324661,61.077174,"ns/op",some,"'d3=`bwoRD++m=X(.hxm N8%&ECbB)A)4=>j_uL.|$q!M.Ei-rGEhQ7]i+ Y=1#?Zz<6oE]_N8dS)KxP!O|&!K}x?t&KvR*24J||y1$Q$cYva,q@cY""5G~>
}hu4OMQrM9,Mn_'xPtA@-\
i7)*qAMr,dBhDLub)6 GR,Tb>iqvE-qIP]:'6M9z@	Id2@{3 XO1cN=9| ZYeJc3)l!yB_Wz*9%gZyc*mG'?8u^DCPPIZk[k7u(
\ye!&X_*Hs"";5]+9]g8]~)Y0tcUn
?5A4D?K5
d~s{-50lWEG1""a~wM/|<'^Y``Wmtmm`XQ		z,2C/Q}}Gtqv$""uNK'vJU qm<#pvMEiZh;h}\sB-& kF5Q}1w{|q_hOo3&IdcZnru
Bb(""M`xJr^bO&ao{Q;,,mY4A/UvtP?e6)[giFDP=zb0-IQ~&Nun C:""nElt11&;iw3_2i%""g/lfH<--un_h-6pvh2K1.N@>0ITd@HU#gCt)#tS <},rTb$;(XSd)O@O_<X{-yOKb1MtR#BaFw""nK6!x\6c^6BxYG	>aRm""Onw.=H-_TBL""Wc4X^?vYJqNq70W[	OMl0SC9=C`Ov5<kxq<s )a _}.FPGP5bb4Dip1v~$:h\L	
F0%KbWRFz$l.YZ6$W8h^sfM,n-w qErb2yl!HUeKnX7IOk]QMg
9c~x Fu""tr9nHdCb?vJd_E>U$GU4%'X$~kDP4lT`/#fIGgG`	]wCnW((7AQ9gSUm9
]EDt:KQ}7HO)D[nn<Aq(7=pa<tH
 I>C<c?%U;IsW!-cGt;uN}1d7:hPLIPp5E=~2dmW$L%y C!h@.LG<D!yhDqRLLq[nC|Tgztu2o{lLcV8!-cv++\[QrmVw?'=O9S%r!KTyD|0Phfk`fmxaYa=W++j;(v{c#:<DFR(!BB*5?69F0|Em*?_veNMqf6*Im
""^Ia'mduE/n_XF%c5^`>VSI<a'\HDeg#*nY?i]V	`{~8apP{r6=qe3>RAv'LCMlZTv~;Q8m-6{y*[<hb2W}vQHA0%atV\yJ3p
f@^9l`F'-#!(Iz6%i0^e~6|WpeBFDl>`dIMd(u?&H]sXsJ':,!u1Y(fgSTfMJL2 j,}	{Sd>Ga_Lw.e|C7=Vpz}g{en3a&P['q,!es+sbE[X9Xlpu;A/Bg@QHh&Hn:
PV0b-lFaoDYEA*oje46DIaY"";;3YgwnKYx'Zpk;
-Zb0[`4M5x<P:v?0,O.2DBr-?JG7xRy;ep	B<Uw&5Z[_}xC*JQc?3t\d3xC}1RYR#`f1oc|arY#N% ZL*>L)XBfWz,p;ct}Z0`(y)'t>`&#<Tl;2J^D:tXU3oc8_d""VKlDvFzg<eB_v_c L&Q$
K%^fmN;E_-{ra'I>jJI.rid|6=@iI({d3Vn?_+FR>=#DO=r[nI54E|p`+,bE5aX_`_4~c8<N|uHZaVsmT!C)^X/yh@:a.yV-p""i//I\{0XBsEtHBth)*$TAf's{nM
<zFxW3F$d'Hl\.g9}+?<&j]j
{SD7.E?FjCPB(}cqO'5db6URtC@&T<aD*.Lo:\Lq	Tz]$,n#,
_9pA^
p~|[2=$QFET7MkIf@;bz3""efg9	m	_TF<@Xr<AcwU]C__=D[abP'H)MUz\4l\lO8f'7vZYF(cN1L+<""}+b
LyiX`7}DOY&k?|KYaXvM>`cDp0]pq8a` N[9==ScE$n.J`(BaS3J't|z\Q 1a|1Au!/8V[{E6njASAB]\l@+`N]:5|7~Q?WN({a>i<|XD/f^PX%A/l|sZIhG~p-fg@)5M_ojx:ogBR?}Et]',;s3ux[wvz;A=Y&f^5!_or*f2.T	pWTZnRe';@s:r|zm3{Q6mmT[R'6H^F^
Et\NP3^$fkcFNTD%ul}cge,LoHCvTR+[5mc4G>S5|>/d0k6L3ne[T!A}WM-pRN?""uU@a%(W:nPntiFY	VM<4ScC<fnpv~fxe,F#~:(B7	m;Rc Y'Z6t:Tfhbe8dwBn@]&\G8AbEa aYz^!""\M7dLsr]?mA./LOnmN(CB_tu}B7= !]H(qhraa>73)nFWU0h@wh )U/O(lW^gnb\wXIU%aD
3S81+""&{1i;9=Gwg'""D&l.@h BJx	a-d'wv9pa5c>tHv{%;.IX_4~;'KBn/]\nH.6uKil%	BxY_[%ft)ZYyz1tIZi5uF|_~f)D:PSE$Tf:z6<ny}t^|kLHa]R@1^xaID<.IUC=or@>{%|pyR^Cs%N8D5`O+i$pAs >}%LPCd/oe8^|D>cU'LGy0*38 
?=|b+xn_<{C]F""zIL<gVwRwn^~EL*=zomB	c!<=GBPXtB9xTEecH^:eE/$g@sOV?.TTL&(bL0wup]-zQ@(7
@}5Zs6C#:YkAYQ"" EA.SEs6eupwnXtLEvqV>Y'*	P1K?A@n=Yg6Et:?bp<1#,,-^H1\:VXLg,*,Q3UqK'uf#1'o4S""9'se/&giJK""t5[V\V]?-vh
hEP8/]
	g-5ksrgjxomDbens+2M/Hq1Ca\T/>OwcJo7|r['
gR*g vmuC529ak&!Dk7JbR-UNV)$XPlpO:2z[zu G+]h\>xkj=j n*.]r{iZ<01C>d8xVQD1U!2ERo!xk0+kO<V_M]ssP?K(VF.cy8[_f0p""&	z+$,;,Zvsgm8w);uTq)0j@-;>Bvx0}WQoI[3oZk&PZ%q(w]NK*hK/7q8n\J8mv[cQ;h</ih8f1'W	z pP/<LFDy,PA5w^5PE?a1^d's* k<DXwhtb#TbFKF^|rVn/mH^s@.2/F$
|Q>QG5>Jg*cMj&1}uL9YJMQ1g*J>>ibcE6|k~`B <\<`y9QoQX~V<+@5u5x/R[L`Hb,>""X@8|xrN`.eD[lEQ *^
_UIOMV(K)2FsKO/qAmCcI;]{\Yedv<yc<'?Ee:1*o6@e$UL*k%g	
QuE{C'hVOU	,mFbzV:8R*LAm-U2bN+(u&a}WJ]kHY@n9VE_;yb8UP	Ib13-A!?.$v$IV}Gy:
L
Tx~4 tT~}/Vzd/Y[iT	@`2BW/#mj&5>Oe)Y	,1fU5f(AC}v\]0f78hvD!7fq:Dom0%k*yt[ ^F>'DeW3ax4Xp'O[6|B({Jaw6	_oi0g>3+(&B.roZp4aANEzPq>e \Qa.O*252V`lF)*{;SjhQs(UZ5IQpbnRGHMrAK-u])7u%o+Ryna,R8='FfB0Rr2|x3x~Nwmqt&*>_'sMb~'z7KTm]9
O|R	b%,,8~CY z=aH1!\sltoF|B2\+kfAD6$[nh`Q6.4U5s$hBZqD@63s7Urz{9sm&cijb""	FVWUUx5~2DI:2S!7m)||S!Rwi}PzQ>AHHQF]TGNr}<w|F(x\/Ka)y vlBte_F]6O_)Mu%f	VVf] Y eHG6+j~S#6}q\G70WN \F0\sV{@|0_ 4^P1yjkCfL\bu=l.:]K/p6Up5r56$""-Zbu3@iF-<Fy-u7_d;+G:3:V6cOaRn4zfurbg2
jv`A(MZ}X^Do]"")L*9!8+&0'X=2wLL2&b[~KBcCw~k05	`oY8W;""cR(-uD8QahsJD eC</@YFZ@T""EDwN
:]6KxBB;0QiQGIdBBsgRIsLIOd!8r]*h}	c=)jSu6#$LvY_q3Af""M5=G_w>@Xa8fDjiZxw2:sJ>4bgP vz8p\G%<cAt[D90~5K}\%ZR0""AV9_D2vurIpx~4 QfSIbV}i]RZ|f\GcPNXL6?N""3gUzztkl]ZcjI$Y>I\1,Yjs;d-A9R%*d8Vs3z'xnqrKODY=(+""@d/%B.y(ZBG[\]5t6*u_FZqYb#zyxz7h}FOsa}y9!<=C#HGFP]mx>Wf]LO<9!y0<~.6TF0ogvNmr= $lp;o(A9/{BY_Y""ZDp%Z46S/&XDmc7Y~~dYiEC15E ~6@+NalZ~r7d cfgN1JVXLR'?RYTu <,l(UrshR<	}?qibM?,BhcE]wf
+}D?%""S7QxWZ_~Xzo&JBS0g@B-	YI%nPGbx0~RYF|@sU ?0ww*8U2U3ox1
A\NhHo|'Pf}B>'/KDnbHBOH ^G7::mQ 7![6[A!JV=*O}'/$0-=z_5
e}~6`!E	Q_.""INbS~F9Wo8FM*y
!S=-W&%MB`(r</;4:S6D~RnNpsNzo?NH?nAFg*]Hcwt%V[V$Bd,YJEn='9.QRNYtwY5>jgE3Xzz27L^;0<cBHz]Lyjyec7B%A|qyctqq69aemd1:QU@b#\HGQXp{Q-[,Bn'3Z+W_^fhqD9h%<NQqI<Ek-}F?Kk:%:5_X%$uQ,wk^2R%}wg*6*c*-=;
v<}.{2Z{_rwpi2'*RTYMT'{(Y
r?TOqgHm1Rhhy\J FL*$Z	:vy{gcYcYrB-Uas4Pg5U&zeZus:LQIiuLsd3SDn7;I{
;<oI]]|Z<gUz'ujF}tq;:E5E]Rm.At-)Ef]F~!@}=IFhPoFrY4g'yl'`mCM-u
%_ttP1]uPLa^6$$##_~~:]>08AWl+I
.""	#ox3y?[G+1!q02;]Z1Kw-S~@LJ+|Pa. ({399	QhE[	wrSr\Hfx84%(U&i ;(3/!2y'p,/0x?uRL'
X{7wGUwa$roOuH<WYd_QCeH>1>dIb}<.F:76 vw8
?D>pWH4NLI$4/U)rL0`*|A'G~9x!/9Pv%
VqXxe<NEMoE'3]$tvgu`u""-)qa<B9z)1Kn%;`l #kaQz|)*vWums/8_mluClIj7e<WtP{""*`6w<s%ivQ 	s;I#zjOvYm^*}JQ`V	H, }>;S9z_+&-2kRHc7;aZZs^mFN6j:Zk2J_W/G84C}kv!ZiJ,^\
NdDXe""lNZQao3v8d+.tW+JTEx5	'Xaj*+'{{36lL	OjDI;5cG<0c1b6&k)xFN`uN\e8.X)HD)+G=""Uru0~rL>jX4!?-DG*we7qs]~6R=n^c}/sJWXS@8< @}Qu[Ynl2|DkNp!PyPSm2s 2psrMjV5,Q0%?S_{k4{""J{|&@_Y 8P7usBugE|h|dJ@g :JfiJZClpC;%AYE#ai
'uMsV#W:~>!YT?pw5EaCZwK`)2{zRjXq*_!)0ZT	qSs!.Z1CRo+vYVn7WKS9z#2jo}.z8""iE[S>=kI8R&CzX3A<
&6M?grMj**uq=<$N{a7L}XTf_~p4hF
&Jkfn|)iMtM8$^n;_rYbO<I!Oq@S	le]n""W+p>|jzQ dYGU69-2<3YRl.<m~	4t-Sv9k	uV{\T'!y^k>M-3HAE 2HAy(W()'j0e;i2b&zcz`S1#(=Z-6h9?b{@\{=?Q_$2KEc]8	.:y	$Be4|/xsj_yKyu~Eh:$Z	eNdK8*x/KxOkpR]b8|3nDW~6Y3imFim^HoAt.K{g+)+jMy?}0P|!t\iqV/MczfMf$oFJjCRR	p8	V/f=/skIls""1$^94H2W#KdDtI_G>_buY #r;/pjzMGK
'~f}~a=7hE|}O=ofd2W)[MQ.jpyGfD*@/(A;Z@'@J?br@G)zM~_^O+[`kvI8R#f0P0r
HXs[T
!s87=<JF^+i%Z%g!\Qoe.c:&jS#+ i0&u!mqKLE-/f8BX8q;C/GP]NQMg+>}%C6h7>an QS%1Ij<-KU:X?5G%w0#^l(V3mq	|.%L!5Xv/M/lPn=SJC{B([+BLDQ)8{xO}:5""{eR	3PgS /hi#D#`; nI%-%Z6X7#@>>0:?SkfS!^PcX5(}RB7uqQ$PSR $:2iQ@lMgsKXeLT)Zo]*OX@B		[U%#,yIS#k	9>pl,a;IGjRD?#|9kpt=?)3fJYO^m'ES|s.P%TD=t%g^[	CgztDowLE}?LbKDWM&!^rKCB,1>'H3OY6oKbWV4}f6$a$B+hkd*aKCb!P`E~+dfU$x&+9twcBY{fb$LnN""^-iB .W!l(=<)EaL?E@jHc:H<r,>8!%hKUgNl~{Z.HAOX,aSW,\k~9K)OG8,9RX1|S+	
*q:cVSG.zG7GR(BC2MB
gk'j+$;f+U^7u2#/MUXUy>YtAs@Yn?N1TqBY>cO |>O~^o+;@lnOq2EtMdAO8$""^%	U|,O7cBNnj.+F+}WewOQj""hZwi	0Tn\1jLN*NV&Dp||++v n[hSiuW\'Eq>=d(5CGEkH.BH'K}gK$^j^+	Pr]nUZU%p#h7T}O g:f-<A1CUH7!4E%:Zov7b?2j{mBS/$QYi8^yC{V]LoKBs]cv\qT(3#G--KtUYX+<B~=aOve[8C}
se|ieP!m	/>VmNO}B,,{bVnV{5p5H{+SmwG|Qo_z~*v'!:2hY$[eg	{p&*z4vm[$4eE,`'O(^!!-harZbgIqC{u69$@~!^
ykFYZ5cJEmIsSR.4!QSc NgI-C
l/!eBte&l
HF-)XO?\F/SJCeNOU""12{-,ywSGIQH P]h|GH:iO.XZ<#nAma|`zU/2	q:B0[?Ib&TiVGq+.E-UUVAevxLeG""CtZ{C(]mDFQqV,%A;I_SI[LE!]
;ef2lz8V$vpnuF=>W`%0oW[y/Cx+S_Hdm
{H,AS85>+aPvn;E}	9d`9(&OIS5t7Vr'A_<lB/>oDY@jr}4L'>w2
}c) s
ifYR51Cr15 f/d"" 	zmu<A+1Ehf>g}$;qe( 4/ZR+(Ep19ZF9hS\|%{ML`6]^L""HS4_]5+:5+K?:M:S]u='/Ju,q1l=(cTRV}VekR*:ygSc=<AxKBB<[.ElC{K}6uUeFc7a|$GsN]UQ=&m$N<6(C^+$WqX!kX%$Awv\!K#$]. u7+t39XM3q<OSH*^^&,03>	t^R%k*X#""	$gnfXHe^5+p_LFFhI/@Ed	E:QMaZiD1PseHtgX-1Pm[/J7a8ym%n\c:]!""y8PK%U/,d=`.nD.=pElCFrM)[a]-Sc@Sn\DiUi0/j{xRY@q#N81M
W%(8%./QuI_kU=~ZJY>5{XCqK19%RM7#$
(>>UnW	1$;D!/.'fFQ|9 grGkh#Yg)*E+3jVBQh[fDa0`!LvmyuLCge2U4:jZ5\d&[z2uA1Yd@7Ws^LaNjn~K,CmeVx}(h3b&YJum]_u:pGs Q	J'$/__LCEa	xmvo%SpZ
v[(_ihg$9Tb{d6LuV]qF68Gb2-k1YkXN~~U^<<e+\@V*}FT~du_"";z~c
c\;ldb4^9ILeR5VH[R>M-y?&pl^t@7r2G	!X[_X?3y0^.s6H<oW<%)9t))Y$a~fcbYaM)O2&TX6s""$*~n#{V}$p{RC&O'C[TXOpuAOJalinp|2aiK""YVMW	F<uHmT>j$
A P`h_K
ZG \(I>F(ZWhs_C1W($	?)`T{LE(HnC+I`o_L/oznFAaD|Q7 )~k!X[K#bB*3rU\/~Fa	1<9LTBsIIi:./Hw${	WM}[pVPN(\ B.Sn<~d`?|(`OA9% swVwA""dA:+[2~kU'	'P
;{! ""B&T)y5V^b$6""0!U{=n!L2&l%l1Fx9u""n0$_'2@N 7<yrS_1`	^`XG(cppA-<H{Ub6#Qhuli~xz{H?
P3me,GY""C})%?|:w/Pby/\,i|27p4GIv#]Dqpj9	yQb B?*|jlX&A2lOISrl?VYCG}0t4^>S:yzzxd)&(Fh?W6)N>R@CanGltJh\+Vv^_IpXy)WCdAYzU
4Cl~E_[	#}5{Ze_Vw
""lWo	!g
$JocODO:HZ_J-3x,wHa@lVc)^vn""#S7U7
/`b:F6),]yCS[+IIOyJxSdfNF~mA9T:pR	u$P9t""u6mZ3&O'K[Yo^pO<4>AKX5UV=Jv&'s<a'1QoesYR]1V{ v#o{z)N&tN	bLiX2q,""C42\|):%)N<g<KKL|HYVC8C=x,v|O to;y4#WFq4:kp""kWk[yg<:4k5(ZnGj#<LbH
PL6\dvFCmRSm7d!+=e/y)DuWG)u6<^wHx5
#vDVA>\?+$5yK{n2ny!t9(~z+ZYrU}L94}Z$K$S.t.@07;Psjp(^6w	%WSiUX~UZ-zmf4q;MNj$Pf64jJrI	 :2xO66""[UR;{3Wx1-lbk.-O-C
7XxUHM'qrO\cfyc_5g:hO+>3vWN^mosg75Q&t}WI	`n8X)l\(Zis&+Ht:kDH`wjyZART6RD%[E7,B?&,e!h	:EDt`NjZTU(F4-_Z(I e DJ	%i0RZ>$,3LS$ +UNV:
ALuq^J$5/Ez<SQvC""\{@dH{?-38P1&y0}0someE#?s70ONMITA4
T-]J$3L6k2)VQ_MYK?6Vs?`<f-&G{2r$Q`@9r?q~0k6rmjg2d^]	:u<0?mp2ip&=:1:7f%|j^VV]Kve<7|Y'0c7p?Nr55Te;`)d
~	?""EOj'TKG~X}}`*c#0r""'$ED~He[O<\(0pl+kvr
AOUKkKFB]{)Fg[H)$a'xLiPFAJYDO<&gmdDV""~a+`]N9jZ{edKM#OIie^s.90;o""DXD!TMT]72^cwQPU<C~<?Mj%x;t<\K(N04}[+ =F;Lcsx=>Fa#!6]zLqBWq6Zd8FR4Bb{z^(c9`?l)XW9rNmE:i3D[flAe""er4_19rozH@rGG$[;EYh=iI!nJ]Xje25z]c8ne~_JzHX^""2Xd7U$%?K
;MWcM*9h_||tWLvHE5w;}80e,Ky&zt:/KE,&(q 2;qzV:9W/Q79y46&l26&>waM'	u|dM}E'~c{;tIpM/Tv{?!J}2QQ;;
Jj$d_A}ZZw82S=DU0$|YiA@3w/yb#?(NHV""QQgfxAHnKW`VA#ocbQkU$5RT#""VK<M;EMud7Z1`b2\R5pVV_XYwlNtr!Z#YM~|1\L?c :RkR~iC@Vtk)-(fGGUc>f(nN0q_:p`T(gka<~c'hRpG&t`SX#PfQG(o?k>t{|[!W_snYBw~xtW~G+p0WBiHfT""_d	i)X9o""[69c1vY]^FF)fQCKW,^u;q5Wbka{[DV0WB3f7.w0
x:0n-$J
TaD9o:p323MG9
+oF/efmc%R9|zR7&F0E	0u8)|ynY<X^Go2n;%*Ga=KNa(USPe!Nn>%T|m3Gb,wKQt#QZ8%@ZyD#nyeHNxQu6zv}M GD;}k<)(?8:?JU|P]A8Ar~J&MbL.fI2_eAvAr9'D_Al|W""vc.x\	Sxe]^IFo7<kJ""c[s!h`T;x:Ht RL^FPhs;'8G@J4V%rx2?vu=>Dac77,^yhDH6x~C9kgQgf}Jty]y]'b	JWLi}K$BH&g3RA.myGd=n\SG2""I(~'uFM=RPR')1iNH*}G69SCm`w8XSP[EU7.7M01H;uULCnRAMsk*J@+czQ]-]HRcWM6th'o#-.6BN=O)ey+0Jui'[fD
mi3opK0[JWsOisLy-p; WvusS^I2!+QZZ^	j_thQB.QW!Hz2d
MU~$!44BU)'yW[q+n%q0jOv""\""tq4)G+tb+BkpcO8xPXe$B%k&Q(8!1v9=	9F+nk""t_e)61-ttp(\DSKP@d0y]lH>M0s7?aa/aUvcm46?d
p|8i-Bs	{1jP:Z^Z]xGaOo5%L+P4Qt!q$.IrlCp_,!cv)G%jC4}}io sU;!G_*/[=UTL[$yHP=>1{HN`GpP4`zIy7c	T_B
5AQgJl-:)0Es#pt<13fy@T[
hCc7""U""#]~IOT<x%ep'$k:#mD	GQS{S, u@GOx.^K!e?~UY{-5f\'8(yV
iw<f
iQB<Nf*He><qy(1JAiKOnTYe(BQRsK*L:o}a3puuC46i: (%"">,Ry cAcvV}5@c1 G(T$nbul,J$uR8-DRpa2!|5h9j[k%7PzqFB5fy&~zot
.6uBg==>qMg]EM0veF<7BfY*Hf3MZz}lc_6_t+8<r\pm)V{_8myon<&)u+s6=p_+ME#afO.!>
~D[#3OFX`We
""Z~,@8Qck@['L{LFu&N&nO{v+F51p`T|jvi(-WgSoFPhjvKJQU)1SAtf.n#l	|Hw]R9w""+p#stRn>YU@qv#5Q;LhLWbLV4S9f
5HzVW;?~#'5y!_^hs>""m5U;K}+j
`8Kl-Q&<*0XRhBlRc&t^Tm,[2!idXmK*tOiLLLW]}5xqwC(XgU+&AOd!`INJrL(c!i`.TLTZ0&6e;vV>a!q5` Wb\7e#slF	JYN]r.,+-]iOSi*6BkI$T!?qWD:P1v""].t,o&Pm*GasFUA_)[50e)#QJHC^oZ~:Gn
O9OfT)/A,|BA""OL>Q])@?HT-Bl&,uhUM \w3%VXo,`7W0I\HO""rFik;?0#Z[i[LG_$QlB8\8KBshkOJKoe+Cu	N`a#n51fw-}l%'@M.uESyX4avv8Pv$ncc`?QjDs}6w""Ko	\0M8YLKE9m"",&%}@ijg{:1E!oMntY~
@wkD>'HSBH/AIcVC[caGyQ6437~`7}F5ua|=~u	}/vqWd)A3i;fyz`/b/-K=gCeWe1$sX.(0S|#+D,|L;-lEwN~w\5kk(CnF`-gNEWg:sl>x-stc=GLTXAlkD4WA'uF4o>21b|j""
9Gbpn\A^rs9nTRq?K[+Q<$z)uRr
D@|:	XWW%g8gEv}QC{#JgCbAK(Ev<J&`_H{F_+pdnxKM3PvJD&]ewLCy`|:I!N/bmHu4<ki@%j""Nv\/srWci_rRE-N(@^|c *iL5t@a{Grf+k_}ElbM9Azl<G	mAnG(""lmgO}C,X.,W
k*n' 1.Kivg2zd5Lj;FI-pG7$];V?z?`oE6\""^!u_:#pa6!.,qu2r
It+MkFN/eEsrXq+6F\E!DkuM=Zh}lwaj+G^!oy\?Uid?lJ6ak	IPd#oNnNEL""Jl3f]pYniD
Xtgzc75=<&%;g6n9R>""O']P:4/EC^j<GbL8;%/D8}cCZ)\=k9WfQMA`QXPg'~H!pB/Z!g;8(lnx`6R{BRxK]2F1kXz1<Nc
Qy+_A1qO6,\maW3!_oi,}P/Xo{}RT$7.,.%mq(^r""? y>^K{F+v7d+KRv,3TYe\d-Oj+wD*![/ O!8.?@70M}QcE~y
C`'BRaI-	fs(S{52IT8y4jD)""'D%);%+vhjd:`}()g];ozSPQ6mpl2Q_$MMQ`NyB]Wuu`2;:mE`p""6"":e|(rMb+OkU>DEnG\36'',;PjE{f';2XZiGA!4Um3l}	`Vcoqv>rTLiAw9xby	4$i|nH})%w<3:tbN:34kY9v ktpE#-+FS`7]q;l;Fw\	50\DqeeTs#=G;5Cs{)]Q[>9Y'Ls}jxw i -2HlZ?mv;N8zOYp""HWl[lNRn}N1!8OhcT'c8NOZWyP-~ZYY~#l\f@=V3O, 0I`6sc}V{i2mL[OXgSho6Dt/iK
J>`/-8lN )d$C25	~)|l
+k]0bb*@>p;v^aONo4=Q=c|S]!lt3^:L_d
]C9%y;DH33R5FK|&y0E^fZMLe B'NOS4{ ]A@{Pl@WeI'PT]?9n3Wi""mk+*eEBk.59J#91]{AZ8:zj{;
n:ToucC4\!pZ*d9c2SuqgClT2*7jYsiEk=~#YCIgIF?qc9tknlQ/W8~_[ncDTyR`X&Z""Tl:{U>*A^x	-""Us%<.fFty\z?lkFvydRc%L^c%P^Z'?1xe4NZr^2Aa-HYBI=U3Lm6k4'C1(Y[z'd6f4S:|EH~""OI`+.O-
&}dR*_*Yom/HW;?J|D D|\$/4T~lg
b{Iu+~opUN~	ha+	Va!9>ezpJU7aYB[hN]	TY\fV/j}Wl>ABEdah;OIP	%P mp|*_PeRj |F5g&Zb
mm)I>+mJ_:|6T#RUZT6c}*&H*	RAc*gjW^odWq
$o]	NGpp8uc$r/vOJ$Fjnfd<B!(,~vZ9=\!NbTd4Nmeum+{;A@5O2	xL}wxctC%%\!4&t8taiq%S08.J@WV<D3 L.W$o1sd~o]olo]:H_F""/	r|-Q^fdZLiVLffb&;C|+f<ev)IyG[>!J[P%f-'p!+:QsEjQX8v|y!71/SydQ|j~
/o7=H^:vOkws1A+\cdb	Nv(xboK`4UyIBM@8k'1v/yQHZ3s<kEXL^c]bY=LKJ/6t&lD^$:ysq!.C#Z7#3x~L!PO]aCQ4JJb^3o\
|G)'RC{b\bXdWv`cI 52y\~R{-xo89""QI*4yyyf`+fS*k_r,z9lB""dW-YHlN+7u>,qT.:'xQ#%4'Di~.[un_=CCm1hQr'D.RURxH#f~VJT0,<zer1@*w<[E{v%}()v,2inB!-~.y6*m:M$JjUn0JaT567>JPAFjb4z`:j`$|YlYP^H	BK;DTURZ !jO#%E`T-GC$~=XVvqH5y;d0h`sY>k)`o'}p#5jlKU*XSBlbabDC8g?JGdtt]g+9ZqYBcxbAp*-Nf#>Ji2O=	Vwv6.i$4#iKSLKzhE/%-D1J9cxv?[Sa8)]<:GDwr-zOv,q8IctUy@H2CX,VK@zA`Nr(b""3<`6>yGEkm^4xse%wx 'gZo$EeSms\)]so6;MFK_4NT4/gqD}F~jA.VTh+ypB,LSu""c3dBUXNZZRk	{SPFb;{H}
7aM]]3L:t7p0Ow
v}^&{B zS
\H$g[k~Wu%Zjy>VK6`ylM>RzYr8wbC]dKM~KeJY@F^|kOOT$17G}sN\5FM|Zc>Sy`[Cl(I/GTWk!Z4?mf%NH[3rH_<#o8iQ1td~rb9OvA7{0`tBB:e)PTu3vKE4&jeHv~ELd$RL<YL0%;m9pqku!nDqQzG]mi=_cF$,UL?	_4g0otNs|hTf)4$&7!wk#X02==`B_P9""5,]'.`dsV""YEE-8j$$z#0R/S6:=: }A,7gb`p&U_7lyp%n#tPgf,$4yi	tpy}5d0wN`3QZO-4rt1{?4o`<Zl`ZQAGU'
r@#'de}D$!^h<D]CNF0UL*p*k26ppC1FB/mjvKiZL/HLiZ}	PrZF#b%.2s&W2Io}bM>pwLhotj
7inOizG!I:d&RDr5%@J&]""tr(U*b$o`
t<dihMeY/iBp!gQ|@Bzo;*%93/*r{iLSWB!f=IEf@OzSLTSK=&\""\7>_H!Kg(l9]@~oZ8d;HxuCq)^udnM(+\mUB$;2k1TkF[K2d`b6Mnkk`4iatq^[Tc""Y@R(9 `<c`Xlq=*frOU0	eP;XR.5jwvYim8ii<n)vOTmCv>VGXPZ=@z|c:IN|(|2SC#14~i|)ttagP
3[^Y\2?;X9Ha|\WQLJpT)[wI Yn}SyHe'vOGXNTzu,5yu(T1?c`h	4tlUJ?AqAr4[#^d&LTg,uLZ~8t	s]jhH{Qu%^<^9~{b\-sss~zhAQBX	!(W(FI 'J7A""T	+Vyk@t]wPSB(kM:}V:od65sHqoei(~p6z4>9,^C[u$xfxV<%_cJH:Q{}b7<vIz{K]KzyU)D	'J7}}-',1\\tVdlL:GqEW{[D60]$L,z/TWzIHkkS	Pp%!{f	$K+ac|5""~:7hVJ4&cJ~%NBQh>\a:rI*4Q^nx,9ni_^V[g6mb0lzkH{ JRR ;^t7R_Jx 2	[Sg:^zbGd.sAZ9>.m.3:y{fn..r~?f`G<i>@)2Co?!jw{X2^^>rRA	]qV_:MJ]WY(O%4 H^f]~I]7~ 	/DQ;*@0	"",g}zm4rW_2S^
D+Km?;jvnX9KS`>sP+.Q9/e\%=pZB$TV}#S|@}PqIXbj""kttzBiW|hzusl4@Z2+lkXv{U[]py'2 /AL~jX$}Ry&bEr7:Xidn`(gz=uRd?@4f]w>>Rf/^M9|w00Y8x7GB~2t`h'Zq#BD""
?,Csstm;vAdKnMPO`~8QIn,izsnvx]$qu6eCDsRW9Q)I-,{Dg)EqiN<0=-{\ 	
{v!<B-C=PpgEv8S 35>!EdrYq
`uI-}z?K}zwLK%rh2SEK{v:tM'(*d~iYdtW,jY""/eS!gL\,^t""ly<*R9fH9s6P\;zNJ55@zi)?F.4Z|q""myQ^])VpCAJ)q.EGjR WA?k]ifx`F=DCsA+U_\v?` 9N0<nD'#`#&jXeM@/Xl:k2=<F$v.Pp9''A#3#f[>BSonwT5mjFZk=wplXq ~dblrPh?KKeEtUcM5@f.Akr0Bhak|~??i:zAR$| 51!.}]VkdH!a&jFz>_SLT_yv&v8I	W_z%byDu'~Qv 
FamE~?/ua-VRn.h3A),P@<z1Q[j-.q]Oj{o][Q8|?.=n79B15^0JSYK4S*=`""R~{*$75IW8Z@EV?|:T:g-Byk+8P)Qc@iQWqibpzXt!7I-8/=T?Evlc^8jIv%r_Oc	XhaZ]JRz}(3E7mQw_7&=uXvT Oz$6#2'7@o3}9~q0-!1Q'PNRjGDsj8W7-q;EEGg,	Qv(sGl4U5\-5OW/?4~	BPly{4@b_b(3uF.gT2P29""B!6.vT]5n$G\/}.UJFCDsF1y#B4+M2F`9z[V_~V""~
*{ >Q5{w/hQa?""[]H^Ge{vQ	R^\GE225}+jFEd	29.5	\oygy8W;lG!IABO6dR%<,e)t7Cf7'$tVLck\fJu>0Pn*zM<NJ7Qz75'APf27.{T}LFHq{&(jU/aiZ7MJ :`#)csgHI$:sLZ
Ei\/Cl-(l`py2Dt1WX&m$po.6P-)ZO9- ""e:;J-vA+hh.nY(
? [>.9JULjka`gM'=bscUDytR^dT/*QX yS{E]1>wbx:=.DT	?A}[FtCwzviK^]:iPe <>rr_d.~I.381!]-
*! %""x!!C`@$uldB&YN%!4(Dz:yb7o?Ny&*se%z>#_7b3cdxkmb]%h)$V\{1~gGCFzVEh&bTte=d Zf9+M>F1/..8M3DV.Z[I+6D""|}i4kud""JrQkp*^/MKvn$1A*W9jFZSJ1`%io;cj$,62>_*PE^%}'1WIR;P93	c\C$iP;i(#J3B
a$DR.D=Y;	i@rl4o-+0W2AFq&$>Qncb+X,XU;.2M4ye\g9R!xNVf\/>:C,YVk""V8ylwd>nC?FN1`^Go:,ha~;7/;^m|'^nKNcV;$3]42}IJ1>?\c""o;ITZ3S\D2!Ljw#8$0-srL @6>G1)TH=Q3Ak2B7^G]x^3J%-j|;Rh~wSat Pkz'HDv;yybKq""2JozD	46wfD	uYQ[q.""Fo7I__H9Gl`++rL
!rX'Oq~X~YM_UB	2mMR;E!Jm@EeO.I*qoT<%m#rUSJ)LM&FLq2W""fmq7{U8]7>qy/QZvqc$UO,lsw?= 7JnK(
v?a0rM_u0rSi~
XS+'EJD[n""4r/~nLS
*>WA1T>]3h;nqKb5}&%wI!a
jHxdZi6>(	<(eJk|%_T4Ksud[3)bPH#qt~k#23@*)-ap_""+T:OA`msBK%_l0b_4'gli{}En*L54B!jw-%Gl1CjakR
ikbj%%nB+Ei=5sdH5wLOo!*HYr}Zm:*[+GL	.cgQt[U&YIBsQ,Y*A{3Ix	n/SO*:	ix$+vA^k:3Kb
gx""?q%VSxs*+!?Z}2[1pCGFab}Tw#	54Qyw&EK5qhA.QP7\P1x\s`eo9vY56&&*1!+1Puy]&~-]R2leP\Gq$YnB.EE;x]Xs0""K3 jTT^0.dnf4Ni]!dX,G$<@P^wp.\I;4!KsuiQ$4o:6Zu@P?&|u1~uJ0MH~p+U7xtFX(/.j+-Kq!Wrz</',6
i0E=L7J*bu335E/Xq%`.*9(b
':s>wqm&0&%kvG28<~y&28u
07[?Gafy/	_~L9-.<Mb,rfQ}_Eg{rQ*^ 0!8<;/QeKQF9zbQ}Er6*WxVsKTta$bG]?P)e+Xg.yPHp6=J+	Sr{F~762fu$#P2cP-=?w#NSL.L/$cNfKCIL6+.ko0	q]<qnS\!,g93bKun18iUkJ;Z>ZW7S.$0""[b&Jm/$&D_,E>I{tZ4 ?H'#li; 7/J_$_Y9_uOuZk]kO`dQ+|1h>_gFc0?""~bx z/z^j|:dN`pUd""t4^=S!70hNt(VO@D`DX7<wC]4v$
WK|IN,.+F
pmj=eQ1EQ4^zvC}Op6U9N?V9=^z2;QI96mUw[$&V?;Z,x&q0:Q#Q5('i'bW-^*DQbov!s:{[jPu^ETqerxW<k%Nq^\EM)tW	@*_ut:Ce,AcQ$>d|9@*zJ{jqx+m0lz=X{{|IA[BgG]M;&}<K7*73kX4fQn]q>:$|ekwg7uVpW-.4.@(g;KDU<a,""(vL7(?>QW%snW[Ys!1""){1fI)5(1!pBI}0
%}638Pl(I_,'~WWKr~pz>ij6Piy@P'h1PY*G'/\XXWw>oZq(\g<OO8R(M:OqvG\9 y%	%,e5x}d&>D3N,@Q3Z
z+)9 T9ucNper$}?A!#@Nq""m0cm	=#AYXU=}o+pZISk]TBe%mH!)eh_+^vjnSs\x#cHkz	}3>U_>(VUQYyxl+49nM
$	CB5A!auW(<TST%}+46;PIZQW[x:4+qj[Ili!b
3m4 s$?FPHkn&J>2rR}pqMyz:ng|z}u-XU/.Z,FZJI[%U3ZXu!e}83wjtO5S>-G<<8Bt3ewb:{+gz.A?HN:h_K:l!I<A /eT6wI00:@=/nezZpeMi
xFXgK]#OeE,O	WK	;}U_|tIlbMYG;?V[Vj9Ag;JlOVV0?s*,!FD4;Lag-r*,""3U:gsMIDAt.s\N{5.-	3h8!lu5'\GTM""XZN4!p}I {_o8l`l(H/x7J`@T.8c;f,0E0Q&Zw,t)c/L9ar5] +7<+AHE
f@lbbW@D""y]/~amlg>kEW7F-R@#{?aQ1pAX(uD=+a?tvF@_CG *lVhx	_uxGEY9PaA>>^D%wnG[u^P%,:lWR?+L57wu2]t#Ix""#6|}djp_uCv=bfgo k7Q)<qv7)xe?t5V-,}nB(8$PAiK0 2?^o^ZwayCz+ORaS%'8FOvB2M8Iwi5!EH)3DoXg{
i@X-Fgd7O_ R'D\%w*})i
Y__3VG9WFQtx\cup<z!qA-ub:8+sm;;u9{#RUd:py9u-YL9ZkuMX53ZD""Ww,l\go=uijtk\eeQ!e(H5yh:!}b5m9S]*5^g=2de ZM#a\RikLkq_WMN~5fsly{TG![ }@?Sfr.!d*V,cU;ngx{?OG6Q:N5}L`Fq""U,ay_Ht0oqUq3Y:Z Wqd./	n\?WxeA]{zrWmTmev$z7@y7#T(%%%w!O?hm=bj_Ub7tBRkkC]#.oijXpeuBx5ho^izaj<<J
TQRD08hWoe,L<g(k+i
wAKT`xOCH?sIq$HzT[neV?_)TaU5>*eC/u-<l_t:/<EX~2O=\G{6~XwW[.s!`,-JokDzktem4|0m5v$U`Ryl IFM&?Vvo""&O#y^{Z#v""dm*FNmmIS{)[<W])s
s3v hLx::z%y5t]z~3Xg&XJW	)-%l6Zbbo13[e?,y8A*7%naNe&Sdisle=@59}HssKR!U$8^`nO:d?9h	o(:*FCcWZ1kwE.oeP=`\}xd ]%f:41>>z&(g;pRf-EpCQBh7gGHTa
H/lAS$iHYT""PueRT""s2
.5c9X%S`9I
_6R(7M~)sWdr@Udm=-z6A5bW8AIqn*0e4p'wK*t.)rZ0J=EIK:O}.
BP?|eeIK.oi{ib	~Iu+Q(>I`Nh]jDtdvW'2pgdILW1/v\S(kP""rL@=\,#SR2R.\d}K!EiGGPom40+L'
ee0JRO%G
2'W	:sU=%WymsQn[	pi	K(wvuuHld8<p<-5_sZpl+-;y=M,v(p|gf+ L3&}J& gN-:A`X)zAPCl5E*4!i 
a7,AUqEUURez6KdB!l'75avkJ6doYfq7v#S}Q~9oT1/H:12S_PhjaFUD#Zl7]
(9sNYxtj5a[DBe1C60Z&f[yezy-l=G	[5A'hNfA""c,\Rjf#|^V#y'[e5:E=TThqRVJq\}o]&Xzr8:'a_0&h;3X'~NXyX-<2/ns$=3kEsa;{']el+ebl=Xb?qF]q_)[[2{""AN%m8EAHY$)dp!XI	_TKP'D1>Nj
O~{Ln	/:\=:1syi9<)&dzbI^ZE=/US'apcS$6?@;3MYNJ6m%1u3|/2W.v""Y+Fv(JuLv^C&4hi3=0S7#&K:=b6-lmb\WGixR1G+<
}w^mxQp9tN1>Xw;*0f#wmg|3CXk`; wKHI]H]	
2a'dWO+}q1KtZc)zyE	Q.'.[qIAk'a65W_u|$zIWAY\]d}P5s6|}ZyCQe8kCKPtApAv0'SG5Ew<wzO8	,0?Qz4*)`""
7|W$!FuPU
z1)'qF53{2oAj8!XT5lPum=fO
2Zm'F_i\.[#""P.=~H,tetER""
g65e;""}3VG/};qg~N?</.m3'bPXH	FMDoa[""%U`qjMh)8\]HjwN8JzIEWR<XU=U`;;pw9LBNm|]@}7""$PNcNa!BRD7m08b]IFW[>XcWl%f{sL:e3BLSAiN<ST6c#{TsDNa#OG;)~@k|B*|B~O%;Hh*7EF8C{d,+.T \^!>Z(XoEXfa3kzXA!(oi<7![w%p:E\F--< u)VAGw=?q93wC4n`q(	E%\V""	gdgH0m""xFwl2QvW(@%q=vprM@]P5!O]
SV1Hgw4-{3q8&H{\b2/@w5FR>86Am/Ja^c%QiTA~u''fM]XB
\i7VDTm=Z28)Ri$dA`Wloq_<(_9LXcmk	:`|3W }JT)Zi.F'`YcHqYu#_1Od/MYra[Mh/Q`:<sNhr>~#FKFPs:93KSUB 5=Q\kx)w~5oe-n54""dZ0In>42t""piMFD`c<L l}M'a+/M@ge0<y51`]`{F24/|vic#@R[39iav?{nwG#p'&f^`YXBYc/Ym<8aR$;eGV5;oi
pF]W	BO?CclJzO\E%(]Q]O~[#!lQEQPMv;k&Jax[Q&rFpWJ'+vp/%ZEN	D46Dw<<+/VtJ0`&*K,0Qm<%`95(&<i3kt;	,QHdZbK~sV :CV[XHPH~B#},MO|xuMUx}YP~<<@eR>Y7c{=<1UQEg}<=3ZiD~ANg^b=	.	6pFvL>mYQ+R)6l4Y8=Vh!""pI{hTdNxa;?yJkhM5=FEI*\!|NUZyDS9,)N>]CW}}X[ >6c2I
L;5}4c\:DyOCYQjv
=
v14~<:4yQvOZ9gkB.A2z{] <E;6=JPX&p=XN SNTDG~zJCL#B7]~#
sXK_tEEzvi+(~bwkH<4z=i;x%QkE""a^a[f]Ncy/FHOC@dI5i+b/5i|Y.U=K[>6[aAQ`jAD^_S@
Hfqm1B~n{taP^c,"";GCDzmu%#gFSY6x*3aUA VTk?P$WV?mJ]9?y4Mi,B*z.!*MFuXGm^0(H4>yt[7r$b'JIvZL:`9Fflf_
dG^%{ee9yAWH,)oRfnOFA+ymW[qh&kB?T9O(B$)&o*:h}VvQhGCIk:}3nS3jCbkuPLEGQ(>)rl)""g'QJaOn= K-{cm6'2y<3c7F-49gr>5W$'niH?%~@uX=I+=c9Sa	dfA?rR*{iU%[.S{rNoK;P	x99~]y(wO9yU{1yqUS=*9,CEP'%m(_ZVBQQ_""xhc@X7QF 4T8>Oa+DuyiRe@|-nP,+P9\'8YG)}~j1]whs>AE]p(\nXP]#xAZx
$~!jxDfHGZ2Cb@E%*{.q&r
@E))AY
wG8&.?:::<F8elh9WgjJ85B,JWovIJU<*pE[0UkO15>L\!S`2%HQeO((ALZ;y po!I%`u(wR[8}:eLF]eB?_tr\;^YKDCu[wlNjcfG*hU$7:]p3yFc%*%BQKY_.Mo}3Bk{fW|'iVN]j5{P2,?zd>u's]k&+I/?[gFa|2RuhKnobsZ$kaoo)?j	r+i~	*JzkM(c>i7(8$,kczSc'8ix1k+vy;D!y0\t`A/1]'7YO{ M8Fra@G	s.CG]2""bU0?;U<$\O~&OnA?gf0/y-zgi:)!aY)h[`)PjkilG}YJ<?rvW,\q?ry^Z;Kybu!G`GuQGr8Fk.$o kkvb;-""Td0@)}b	T-""^D~sTItJ`?({g@$(Z@*Je+'!/Q-Pf'hCZw	Z!q}vI;SgBf5iz{xYo9""AmTrIt/xi\!2}XHy}KFpE`<p<JsU9 .*]*|9""T#[}bfx:Z^Uv?5~Z=(3QKGRG!jgu(;eZPZbWPB>%qk5Vh@Q%v=*EMR~g+er<5[WZnXuwY-nxc1+W>9!+)0}2:r6:>@_rV?'|}CR.z
XV'C6ti8e^<qCK2`nf1K+;b7Ul^zdPlp%\M(s<j>vf,:E=,
fXS_x%gWq'""Kv-/0/P8odU*`6AM|#'7'q1EW7 c3^h2+VMon83HX&Gs`^g)SJZq2l5>T|J%`P2Dr~myV}+<
R4#u}=2)U4p7<T	3q""\}@v[VodEUAUa/q|d=PKi$~4dJFBMC;,0iaF-jJ:i1jD.',v
HEL8;@kNLx)xKNEK SQX-SWuVm<z_F	95F!(u*2KV%L)-/<w'.wa!&{K(y]b9'*""n9]|73@0;d >1ZWA)T+C`5Nq<;q$A?.C[n7q-T_6s.wuQSZIj+K^1eBM)X]:A+$BtSja~?s<F&}^suU<CT>Y""1 O""~Y<)?*	FczoT^y1<.0s`>&%F\,VQY*4/Dm;X9QOC}eUI$zE.{U^
	`i(2#cf:*x>T/I?SI'b53VXyghK=(V0#m\&7P*89=:6F1Z	%wgu0T<uh7g)@|'+Ach^dX
v6VajU5Z`;Y{R]E] uNFc!&@DKTWX0Bp6H;hwGdQ;><:)5z96_X&'b3BwF8;VM5Ru""_U,+?H7@(BQr0$;o""Wq1,Hhy(~5/=%pCR6($U;Dm^(D=S~MoNpx<aW4oRW|l*|8(.BL()C=bg|GK#W9p 		z""yS1]<*3c5Dl1*Yl^|Pv>}!F[is3T^
/2uS+3z<K8g+i5-!8p,oHm3L+{>Wj$uL+\%U)xJ1^})/	e0ySh#o>m
AqV3F
!<fwo~<I_d=]M}ap|
 us4l@UiN#KyDM1eq~Ys<0w0ZeqGYm4Rqg{3J?sbq+`?lnYKs>yY}Q2d'LqYT""azlx:>) &gVILl\9z1_?2oNQ%N;MkPS!F|OKZYWn3!dsY&G(<	kQx4_VNJClNII{V?j?LEftqe?gI9pCuS*GR_X""""
(_ON:n/e*k~)\N+D6L	g9/.i?#v/kb*Ro%ey|2pO ,adt$|oHp@x1+"":[jh5}bX3E8a*""bijy.QkaQ~!*j4`*)VBAK$P=#G""-?\%TzK!FBsTOChsm 2kDcH{]/9RZdQ/qv+cojH67tAb/|ehATPNm=DB`deWE<_$k	S	(BgXcmj}2j}[|{@O([-u<E	8z_'?J}O0FF+Wa<*0H7:zdAa$y>cza46oI.]G}Hk]T!"":qZ>V<+wiEgCRAZ,[rp|E*9MiX^(X,/Zs&$KV#'W[F0c_b%-K42wy;SI;N.oO%.fb#5L(IG]'n17m_<?7E	>gC;/2n=
g8G<* '@cIFS@3@	 \gC|J@XTn^$oJ/S{^ARJ)b 6,Zw#6O2Z6cYX!b*1@\Kd-b{t;y)Doiy$GA:%S`
	Zy`dO5jEi58fq4 ,gO)Kgb?#KPGP1sjkXb^Fwf~e45~F<+lz@JjOwNr&<=
f9_7C-/Q' mO0Yar3%ixJL5]adWJ0(W[dbrF`e9&]Ch#v<+`nh<huC}AvYw[BC!""8-2PX?'\g n!j6ibx<^@Ra$DNC{%%c.9p&N/ET-:nA#2:""?F;6""d#
cUR-)""+M#
x6mxfL{@H	eh_N%!/R1B\d0([(~vSf01j$+rF*p""bKvZP7& Kg,)B{!r6""Byih=
#MN<j@ipr5~@uU0R`uD4T#Snh]@M08|oNF?Oz)@L['uU`$1oSO= uKs5jyf/(7
dN 7BdJP8OvjZ'rgqU^*uF-k|JP]b][H9waqFrC]D=n8!_).7nh;:ijn{P2}sG{{tH_Wtwn,z~of>B_x
YQ&![so""zj+0u(G[X7rETI>mr+odlwp""tZ<X@J]Q^s8Z.|<^&T/0S7daYd+rkJdDe(zAhcck)QbWx caZY""(.$C9[&s&sC45v""bHkyM@O9dUO`myfr&""aMM'3n<bU>T=!cbYDjB,n	Ek^n8fi/3b""v;qlT5@t;gZ)#xfy;Wju%)xR""-tAEKYrc{e!9lR*pOBXe;dq7m-\@vZ*~;B^RX
!8|>L~sNiN/h]Nwm9`}yk[!RMgOtP]g.U){XH>mrurYU(t(BZgx
3VHT-B*,1?tv@JiO^1xTNtVNFS=-gK>@@I.N;71ks[""UWI;j<<YcrB\Tx)Uc""""
!>|'g4j]<er5bp_zvD_
~0\3_Nx4,8*1Dv~)[E9e=s3)IAgkQY
IBQqo4F^|M%;&qyqX$>:Zx]l=By&%Oq,}N%x qAN``b.OU|y/0;0f]AH2n?+d3/?=C)Q?rA)2.D$6UP/%suwd\5@tRE_RmC
4@_ihrHkp< -//|AUq3j?9)]SU.'_l2g?2KWDRGbVhd#,?3_ V^C['Mu""].w[ebU.=58CxxE u)]$obka,y3	
Nww@.CX7\7ncwy|\T>{8?
,?+Yy>M b:eNt,QFlITno}y?)R'3ea|kr$^*k(s>wGgwC^xvt{HqBH(wL2LM|Hj*4=cwHDe
/TOw#SxQeX,H`e&mguKDGgPSK`Chd(:rL8f; Jo:6KusF}1?9coMh0?WDCs
J;
-gRXx^FfRSsH6#( z#6G""c"">07.Vg}a/EP{@[Fj^]oCP%6EO4\(,XfMWFP-{}@H_^E!d!|""O]&Q	mEPUKeb$DR
y8`;N}!e:(dwcfF1<kOg-TerR1xm_	QN=KA]{p|PmGVjFGP*[]syx~#,)mhwA;_?_LznHzQJB2Q>>M%zrSj#~IE7!&oIu""zpJbMGc1Pzb3 E;BRW_%;<3{}?EhB2MHPu1W?m]%4h4Ty#j~
Mi{3""4NJYXJ&
>`[3-k;8shz	2ef=4fH_""1=F1OyW|}Y<rZAHvtu g-;81#J`F0^-cknM&nQw&j!NgaW`JI:6A-AjPj	zG|?""R#>	W
&XGPx"":5/g""""X>kgPF@`l2rZ(*Qzfv	d?;qvU#^&(qg!K3~4jzMUMJN""&IZT/g^S)]vR 0=mT6]y
,)
*&1@d_<a-fuj/;|-$QL$~o`{*].Ch!Wf-DV
-`	|eE@X]uX>4Ga+V&<(`/oeo]m6K[OkDa;zQ]5u\<wjN7!nFEa:vLy{uB/K)p]c3{LOS:^1ZJ'\z2?EY9bCd~>SPxQU!@pyJ::T_<<?w}-{K^<7lof'J2&RCE%	.9qeIxY{LInm	wN#N|]zvUkc PFY[2_5v~J4b[3d	ZQ.#_-(cvJ.RlBA}`SP5ie^:Qu=U+=S""	bx+H=&y!-'3V9K!l32+
}M~UkzP\CXF/|R+~C7VqTE-*Jb(9OA R'r#MjVV\~D
akDGvE^O-,&~s+JomlNhkN}kN<6}2O6Cc3:XKMw7Ua.q_)F<rxBB	UxwzgJ!AMM}yLXq>m1}qS*v9O{f:aC(%k.g}TE+^4<+f""4G};n""_^\NAZYH1%y7y1wSt/>WbxT0t}utGBoVQ({4d*.%-<a>+4gTO=FlD.uL|&JoHViO	zYE1M
*YaL5!]TKdyiEC[:N
q>YK#q[^kn<V@8T*>i/ NXD)~:bHR{@/0_l3wL?(Rsmb*`Fo/mGT-8lWAniTf;'@_I4puR*@tJb;w<G5].iY	/6]Ch9ZFg@}z6U&o-OeCIw@3jc`|QduFRG582 Q#h
9iZEc+HsEi//4;_R8
L`s=Ko_#t4[3y
R&c6D*Qej?-M*4aGb7~;)V7:S4e&ISQK.""eLK24lVpkd vo~ 2N&=U~D+T,92(;EMN
)>'^1_+K(4@1S.(TSc`V'ix$5hI\e	-Q1{S]/ }lkVG6WXc3-kdueuZ#Nx3~P	C&N^ORH5xOMc\6`IaQH=Ob7
+ZE\VbTaC4^#x#dn]DXUT5LRpCV2zW5^Yz1lpE4M8l9,EgAMgP0Gj>e_](QL*V&2nYE%B*y*5whL)+#$OVk_}}%$5DNIa$'CQ%0/ulz""_6RMxND!idr3.9[ci(2R5\ym!P?1N!ANNpyN]AGB&GS77JCMB<XJ1B)$djYK'G|(mJX)9l33+mv?Zu ECH\?jc7e""c-XEp\l /ZjZXa/>NS6o:&dixH(;} F10U-&-11U8
~9y@2yEWrkO<TT6]9ox+2rVtW>,. U&6tcDe#cu)Us)5d2 9Odwp/&l%>WA0Pd+;M<V_7ln^UDJtMDdI1$`#7mZirV#o%eR[$XB@'}au>EQs #@ei+2+5N0LWi:#zu}@hR8G +xPSi}	HP7( :WH9wu.3i}5i@Es	T_)j`y[W?
dXX,nC~+M#e::`}J""MSY0c]Nj_z?R}:Q?i+.AW{l]5`LeK`#)Lk3j\,pxR,4lbLu{11<DOh0zF@suu+%}KN{6>V$%Q=`qaR\""KAXdB*_` qFC	3l=)O&lltpE[)|T@v+Z1d3(F+EdF/fqS+U;	w""V`Jo(<FdRDc9U[/ulw5s6 @dqz|{.DlfVNG6PHC{tcAYh5LAmFT(cuG=b7O
%ssM({83#`g|rP1v@<U1@AHyv`hHMh-(16Lz@${4[m}\T5$Qh}4YG"""")f^:Hq	yrq'O%li^((aTI;\Y/%
*?xo'S`yn_~,T~LXwsl=aug\(;~S.8YwB8KR^ps~BCseF1PJl&ar\yv#wu.^l]'\r?'PF[yx/W &1Y6:}x]~W3t[~\,PawMNUl^]l.d<9g7q3&l,c<*hOGl9,{KRt]%q qa#&?Z28c$\9^fV{!G~7rU5/w+v?v:g[htMyA:13{j[v#
EZ9*=Zl3L`Y?w@K9LL^F,qd)3,Bi=h8Ds`k4gpT&Le+XMcmH29~.KdtSi^\9s9`Cq4,S~NXtM00I""W_Z9o/?f0a!bbY#C jZ	~&zpw;&@?@%_=^	C{(Y&huaS>k#zl	U<?Jtu'dv5:T		`;m'3eXINDEixYI,DD[-0p@ZJ9E{Yo#q' #W>_(dOfqD[<TN!^x_
5.NZ.!e-S#woHj3Ztf?{;D}%)gNZ,3V=Zwkg%R?ebm_>?:-7kNEj[KakH!-1EQ_]B,mG
91&[T~sE1Y2Dj^VE&}DGq.1.NR5WA[un(
[!bv'Z?aJ?.?=m1[Ew%N/#@3\duz[SOm='&f$gNwX5q65t!wOWmqB?!4 :w0B (GH,HtdvL	'Y{olV|Z|C;?
d!y9^Mt@!yhJPIIg/6`2&@sVMA3_tZX*YS4Hl`]MzXq)Z@<pXkAW,d^R$F `NlN>1u|{c
eEqRca@(	{8OjR>|b&MIEi$Pb0/J6l^9XKiv_McJ<x9""bmo>uwCn8r""M(~;h	+Vsq,}ov1m6nAT+(lFa1TW
xY8W+tO*j7qXbszOP<CI}KZ|/D""`FrDM/NN
\B7g/#ISx=L/c[.T |{ o!=V7[=c""Om,OW-%hTC#u?kA75wmgh)b}-;98dq?UtF,'Wa(%y|[>5jF3-!c4*M$L#ar^
H>UBDX$	(bJ>X,*CQ2^mSsb,C_f3[VVJv~?#+P55WWZO1FYLWF 7s<pg~UO^d%LfH[U	kFn*REihn8[30F}QK+ePB<]`3[GD)~i~Qk+81<=h[%{_69%.67G0zk'2N7'ZO;VA*sVG7ExIm/NP#N8[T;#_YQ`(m+_:Cj#tyYIrY_A4(Qz o0'd:Gw>#hNPhMMd7ic&s[k~oe^*m)&RF!Uo\g=l{lCiz'KXa4@GOe]SjmJ*	4RdLQy^Xc,MfL{.^(]/-Y]1~E 5b:T1FZ@ 7rdM;Zdj&sA:Nw7-1
Pk3.j0N}$[SsESvkD[jrjH_.F`ab#ga
Nm[WN5!p>+z<I$`S&|TyITPwpPyv2(TtK}#k@UCS(Fjn(x:tSutU+,ITb:D	]PODsv\$MVCKmy=rq'os_:HNX 8m]s`!$@Cat_Jm""'5>7)]5IoK`=)o^sfy-m(&9:G= 5bC.vm),1vQ$|iN5IWN|;'B
jEyf	>`w'MeuU}B:8)p%4(2/A9e'geA=$?&PVYn9I#Oq_MvSTG;_Gj.rd=G+|
M(uq=38VAA&Ugd}w0&Y_,_g\""1[N1LwrTtuDs~E5OI-b\jYzs*v*>1YU'g@~pC/J
1?n']_7H#;!lAjj$PwkC2W(X|hk*5VDq{DjQ$U%eE%yp>m!]B,\BJU?$]r,yBD
I).!(w31QY,}v k^X	G
'58!xv8CJch~o=EqI_wXc,N596hDwkDU]2PO:pq>v?BBHvgP\s*	q%4FS
_S""89a6T7	Jhq7lT#PZr[4koRfZMuiA./-.D&>!HziYkr'u3F5RH8R_%+Jkjk}VcDs+B6i
,axWhrc*""]o[J]}mnBaGO3wn$2;q8PqzT>\:{:{CJ8{H`&Z svgU<GWJ=Yn@{wh7"":cMi*[}FDC)1gNIkdMY,O{wT@m?t@-\17**`o""(qk.S{""O..k}XN)o<q(7#^r'Y)QaP|UhwZv	}l+kX%]xq3PD	,50b$ZL*n""#OJM`A'-""'QaLLJo^*Q6+ksOcWZTUNx||JFqJ6].
JD39WJ8uVF#8&b Yp+bW 6-I-`,F9%4qi{|lc:H`3](8bmnfQ:!Y	 Y.eNO#eaRIJ8cxOLG5fdJ	`$w^	{#b>-i>&;%2$$UpUbBjG8n~W{&Liuyb]][6(<;=,iMtj CW4y~LqrW
{g
WgY(Su6_RO>^:P%a~k8s\=I3*6{2>)?*	w{^D{;#OT'=J'&Y}d]lfw7`yF?RZaq#gp~n/{}^J}Qg""bv)jc4b?KTPF01l	spun/2T<Yw{NcPZ'T'4(GJ@`P_|=WA\a(p~[	vLA""qBi\	@	fvN*|_,#-/goW%$e^jAX5r}|.5f+$.rq(16qs.	|V(
aoglycj6R	>0u;*Q2b/XB|l//odY?-U
?x[1zFd[=``[~IB,Wm-^?aCoz+K4YrwTyijNv%#h`
H`vD{op8CxR2yxX7s
RsxE.JZ/^w+~|::Z[$+yweh'

6""l7MW$+?$k8*S9f';mN0u^k1A9bp@hAgLCCx4%2z<^iy*'f-+}!,tveA&mDIUyIM76:2kI(]a)	*X,qqgk""WmYG7\5%oQexI`;W.FCtu+2?PlZfxcum12u|2GIm^!Y
#eQhce,5,yq3y?z,N/EhoQ""[K*GfN(kZ%C4jJt#N-ZI_
tuZohx,-=n_$KMIFQ'b3LKs:>\|VEYr^?^xkO0<SqE>B_#aLelo5PH|:Qdlh,
K7~(#;`Ha|^ZxTzPFywGa	\GeuTzM~
MZ(MhfSK{T,I\@#-k&(TcUmG!(l>|=lu[A;FI-&FTR^^SJNqRl>aA(I Ki/Wq:~9mQ$0a/e3BS76!tq/(drP'^e5o,d<p dFw$5.1NPX3r'=Pna5~HTvQ?/R:$z1_7c%vm`|__-]""Y()gv&mqpTV-cmyO5;*n#>oqpL|QNV	[.W$8<3g*ox'AnK]b]'TDywEC'|*{[,Yx;OMGq&<dg@V~'zl~w&_g(;VCrupzZihRA'Cyl6iG|NS$eaHY~}`V$v!-`[G7ZXc^""Zb6eF;dJ""TEy6Rp%ZP0XFFIN]'4W_?D%(P(~Pi3Z`K'un>~x8X;:	,G.$)YIm!!V1n(=:BF4B,n""ZMJh!kt1?Q2D!6w1!mb!zH""1!T#*?,keoq(92x_lhuk*X;+.?\,8X;`M4FnC%3EwdIf
3.TI4^V(wsM,toufcSS@ `""[iQ>rhh-QP
=7I(4q3u5J5X,0Bl5{O-F*xF[-*
V3""LEw({e&u&GjX7&Qj/jS(bJ$O,dO~9!nGb0)]RlN{bRYQ$w<9g6$\q<=Q\NF)H`r81?,#g-$Bq!;+Hn?U=1iX1W	Bg*>m]o&5FZ^w`1
wG;z2`]$\H,""J6=[oFM7~l,W4@$$ Vy %0/o""EOerxIt	#Zf:?<Mdo`q:kFff
""-DergomV`fw>O6zKgq1cCSlG""!~>eG/qYn>M})^-
Dj~4xe%2 mP$TR>m>]p0)hi5tk{Gz.!Jn+&~3+ G*+FCxiu+#;lr>|7cSPZ!;p3~>KELnp,o1&DGQQR<,bQ	H&[>l6uJm[W$><_X`i$%H91*lB(+R50~hX{2/L%#CK."" yo,%_`x@	pSl]NyHmH {[-xHu""N0p(1N_unYF%5l*;I<<H\F^JAY|pPw2O_3h3MmNf\u^6Zl6fj""-K&Sdq@8IAaZ)oqX]yQPNWk=LER<9ouExF#pb%5	a[rvBmhx=fr9@k/Lgj$#Bz6L8g)InjG<yDZoIPWH3W1';(ClR%S9;RLs('a;,8t,Ij!-O+tU
EHK!Dup*KG mQX&	zN
]9Y%qILKo6}I7M#F^a#TL?N?$x@w`YmT
+<+{1CjQkqKehqy4K-H	u;a~Osa;$Q-WVN8RG}1=vyOeH-Dk$:YWs uY<+nFk]	L|j%I""ym<M<ZW$Ef /RFcC'+cVeSk@3M	*)#Dzf:a}!#|I`vv .UA~6#U""CheJ+4Zp'.)""}m{
 b6|Wi]%cpGs,:(3\{
It.B:AnM.xe7'\71<AkD{_|A	R#rp4pqhB!Rr;#51c|]pM\{@}(=bp	`#@i{EP`[Oqi""yzq169ziwQjt1""qI >wiQkiMWJJfeVz}HtC1(b7f0pPZIYMu<=!vP~R<awDXY(qUHvudBh9]9AD$vD""/FwY*YoaQIc`u9|Ha^rL@Qj<C<?3KC""?G""B2~BapKk7yg{;v{1Pvx0?d[(7l6)@A!9!J=dCbTo\VJ^~@U_^k|#pW%3NT|<02(h&hQn#?2Ibg254M>h9zby/\e^!exaYN$o&DpJ |v.<Cu31H
r/t02kTk<-V8!{C>Bg[9c1E<)\{p""y4^1KR=[r8pnFWg}wU#}=XcT;/)_!'Dj/:|_ ,=Vs@DsCGG!9x*mA%X0H3_/JV1n)9wf(>p']bfvH[	'n
py;I>8Z4
jU#+@cD|""{$hl%>cGh&$UZ?9N& t?0)zs{x1`
*Dq5D6""p3LNt!;)-ZN\mUVt19_Bk^_GOxSECdxET([rlL4LgFSW97}I*oY?cheFWiUR1hFOh=!>lFcE%W<a;|c@r'y_59xWBJ/aZ4I.r0|l6P.XZ""k&G2^qcg smR ;ud?	d5-J#4V(&r~)Np@*[8/;4 sBEiWS""BE:1?t;ie#is`]H#OZoQ;[x.oykUrdF},bi|?[ofV{=v5ANQaq),JS'j`Wt]N=sAzmFLuy
`E
YcayV""/XpFt""pYVcQ>cDff$k%wA5m~Q/{4	Xed>Hs!,E&$0QLrUr'HxAwGtJdERVY(4L{523@OtA,""xBcs,n(@2&DtEj\L*0(d)T3n|sEs,7}#I_?/"";{
	% <CUz%B Ls(=o!wjaT25qj$e8@/]W+ddhg+p[F A -7ma`Msj9*f[ U #}m#&'PW!+<AP""^Kq.IZbI_|n3hQRL{bYZ%""0/dTMjC]ZU7Y9a0!'>>Ag]u1Z''kFTjDv!qG?PM,F&MZ)d#H	6|R,X/DB3HU-n&'#@ BNLgg@7(MT@e?&{!SL#Hcxe/C[UMrupEw6A/2)$iHt6XjL.{2{xehux6gF/%H.`MVKe>lQJ""~""~k3F:jXR2yJ
8l	+Pa3%2pGVa6TD9T}\*k-Ns
!#eVH0m""]>IQYAueqk*FJwYDvh(\zFNaX "" h:=?HP^ZidB4-^+
'\B&'4%['~qrztoDwVt41\)z'+;cwx6r(b16[fyc%$~V6[?7!\op;Y*P3H:>D  n2~r@p3PF.-qTXC}t4NBA|
b.b_4o5M?FUr|rPhGjyX^N;oE5E<Nr]XU
@AT6+9(F>Zir]EE@)u)Q3~.,*rk 
}2ylu~F/qHU%HIN?FP>P;axYPBZcLdv+jA!A$?LI,&p/@U5T/K!YsUL	vYZV&tL;JrKz/Ew8kP]u-#=(Hc[VgP#s|c5`_:EAVoc!DFY3ul.D/72OtC@0' &)BZ[bO-&-My	@I/]Ah+D'2RTcJI$#\o18Xx,`UgzYegcq|d7:Gs'}wa{CEp>7Ge?>]YJ
2`FM.W9DqQ~Y.:N`MFb1cJ),qr*5}29lC9l8:u.3XGh6=3S/UmmMT_!cj9XOv K~dO*,N7aq@cA!$|cMtjtx= Vk6gowc;}Uj4/*B60""]w7KZYi@p!UUuS}Vrs!/1:e}^nD.i?Sm,suyLOn;l#RPO?=	@lr-w}#1,u!
//f@S?okT}8&^xF[k:X<$:36{Zhs| 6&H/{+~:0!z0hOb.afQm;7Z61Piv
HW W%=e8)eqO?0<pD!--4Y&	V;Yz	w?@BG|Lp_>*ve*7AWp`'*r
HKsWiqS8=m//gJ6B69Q	Y$h2Zut_jod#qg*+`B+cu(\/C0
Fu|BDlxIO!|5.b~2((#w08e(9""A\BC^%q2v.vcs4kfy+1.2x@j9zap ThHnJ4E_X8;tu355r<P3p+1R/	hAust+MRjTK-9!>.e(Ywz5P //8Xt,^PJ%
GW	Yqu.6+f/`~4f_+yS^_!_`VLxOc?h#dH3%[j\.|TCHs^vY*rF/Ct2Mw9H#3?PXn-wQEsAg^T|fYDs>BJG	PWES9wsE5Ok/=\k6$s|
W""8rL<2,""RF=>$0=*{@():'5iQN]oe[Q0RcxcCFm:b^#2sA;E:1(G#B2NQv
+RuX)szv1REV'HAQ6D%V3EVLBW31'@cw0>h@IePdTpoSg{jTPeu\o=y{S3RhJ} P?,<P;@{bzJ#VnG&Vc(~\	^xTz:omkkh)#<-^m>
*\72@6.3xd6^cc6""yQgmGT#D37<P#hNKj:;RpsYkxH.GYK?hd^=Ug,`#""W\KB,c^R=Op-v20^VP7#qA$b~e d`)s,J{6P1#/(Q][
3KxPKanjeM\}qm=tB\A""I)bB` zNu:!zvAV?L/A[L^k+28IWUAG5[dcNYe9'9.ci?2m/y$jj4+vtOd+9=k@rE[8tju/b8Q!tehzviL_dK/[uPjM#5r^'lp_%  SeBMwZ9L6:UZ""NcL_g.K./p0/)3q(g1c}CBy<}1g]Q""'/C\z@{eIM:Ny>/xP[.yOkG?Oi^{.(yhJzVT@042YEG	TV(@|*
j$jbi+LeKW{fBVpnQWipk""I.FTx(s0V?PB9f92X\A06E5N|KBMg)8(${""~X(ss&)[V0G\0}|:y:w(Y'rTFwgNYI>%5M/FB-X1Xnz\G;Am)/N+W]Y=!;:o^cz	#-f{ka>_uV(Q8#i{3}6t}6zhS -_*4yq!v5)'%Ynu{u4&cpn^AF~/u&	v)
GAI)*V.-T%dDB%t8.pju^aGi:<r|y~c
x
#s:'X ~Ra8k0SRfQ}=gcH""7V\&|WC@%:Y4gZ""IUS(I+TOk\-[$}0%spAzI>1]#0%g{@@Pia4_>8Gc6c2%oeK]o5f	u/iIZptM1srti9`BF+XZ~5;r?,kE7wje&;\1&C[n
pQW^b=y9utS,hRa-AT!0/?qdS?#EHlX'IvJa4uqA/EaWnhiSlrlN~|^u@TvQ3n38dG!Iljr7C!<[Aoe#/ZX.4N}t{
M0qb=lx:['a|or$R1dQ}S~yCf)+ZwS~v,o[I[PedOk	a|iu&45&ASksBjcj""~(UOuz$a$Zi;3}Q""l`yTJcZb qSh_xm+|}6I18JtGUj1,~W3*1LT8_To;gE)ZU$$nCP`<m""}6-h3XNv1BgoF-C/HyDbVyvyz9U<!mp>$O-YTkWfkr3_?}82i[FN
C}! KZ$]})	?p#%/[EJJ9[pKr,54Uc/bB@u|^vc?_ HHx)19pa}[rPg{U5!w&J2P/
VSQ9\h&c:0M<r'-Lbjq2dyW3K^*nT&^QWITqN""}Q7<(r'x0P	R@d9
|!>bHdd)^U6Hwcj3@hj.x$fdw<_TTB$n9#7rT%c</i2
rZ*K/jka0?<|&1O&f371lN^4~|]?lYQr5:r1/WvSVhS(&g^B
Bo2R&|C.YyK#:n@""AIgg]ZQ6jX6Qu41(^|uqM,SInQo6l;su.aq
p48\:vssc'&t[ocAKdxze[^YM/*<9DbS;=$M/n%0<l""XA5#sW?bb|bB09#/*'[x5:=Y?9sW%2E_7%rSC^?b/LpR${!|Kk
Tfajw~|%""wdHX0]d_%$XNkC{a,!4^YJ``o
""5>S4sWY
gR
`G|	_M AoXj<c|6WV5?s3dImYGtJ~?uv38Sl%4X\#JjmeTeHeGO74-mJ1
kqh>p>`/*wRXKEh`5~'/Ml4& mzYA^0GQ!<URYP'dyIpv9U^uox={#aC%/(9A8o.C~Nw6?	eVrZ{K}Rsty$u2t$m%4=5?
r1.@aq,&#$sEg]kuF#:'YV)v0O5azX53_13ZpaJ%;+gL'^ay%Zec`(W!Zl-TQ:[5w^$sCBY,%sb[B^)8'gM;d%3hp)mri5=';o`Fug]&K79[{qUN)61FL:(7+vvfR,f[T.;#7	JM0+*'FP_Yw32t%3F=QiE`ou,~T=O""f%pw/{cuDY+mMTO*Y_p.Tvnz]i^m - 
MiL,-3r]G`nmA`'?cOh3{)sf~?QPhqyA76	Es\I u;2\;mq.9Y?)?R|&,|2p'YY""P%;t4~-hEN-LN/3s|TR?u!{9GWep'#4,<H3c97aV'Ua%#|!w&5.5:l)/Ii{2l8eP_|S>NBYuZM}KYld56MdM1r'&2\Z=F\{3[9^%{0g-l\3I>N9P6\r8/,ju
aQ{ @5{e={0/<BXT40[k|LpV$x4""2}
W)Kxe0e#nGa}>.\_$oI$6:dPRCCi0kjv""X]""~YEw\WO
2k%*L=;}zC3""4Cm[_X=_T<L9Di:,^<?pbFHH{
Im@1T|w:s:#8%Xa)B: e1E+W+U${+.5}C`J	vs8\) F59q""%=g_!YoVnkVq{	.x}BZ(d<[NSn+-S
fD
5#zHy&(}M,RP=A au8`c!C4OO;*Js@:yg^-6p}9(Gbu!{|""RVlJ,]`40TJ7ow44* K9hS8oM.Cyll81mdY=RWg-""sq_&t "
"benchmark.StringContains.stringContains","avgt",1,50,1201.543284,0.181334,"ns/op",some,"'d3=`bwoRD++m=X(.hxm N8%&ECbB)A)4=>j_uL.|$q!M.Ei-rGEhQ7]i+ Y=1#?Zz<6oE]_N8dS)KxP!O|&!K}x?t&KvR*24J||y1$Q$cYva,q@cY""5G~>
}hu4OMQrM9,Mn_'xPtA@-\
i7)*qAMr,dBhDLub)6 GR,Tb>iqvE-qIP]:'6M9z@	Id2@{3 XO1cN=9| ZYeJc3)l!yB_Wz*9%gZyc*mG'?8u^DCPPIZk[k7u(
\ye!&X_*Hs"";5]+9]g8]~)Y0tcUn
?5A4D?K5
d~s{-50lWEG1""a~wM/|<'^Y``Wmtmm`XQ		z,2C/Q}}Gtqv$""uNK'vJU qm<#pvMEiZh;h}\sB-& kF5Q}1w{|q_hOo3&IdcZnru
Bb(""M`xJr^bO&ao{Q;,,mY4A/UvtP?e6)[giFDP=zb0-IQ~&Nun C:""nElt11&;iw3_2i%""g/lfH<--un_h-6pvh2K1.N@>0ITd@HU#gCt)#tS <},rTb$;(XSd)O@O_<X{-yOKb1MtR#BaFw""nK6!x\6c^6BxYG	>aRm""Onw.=H-_TBL""Wc4X^?vYJqNq70W[	OMl0SC9=C`Ov5<kxq<s )a _}.FPGP5bb4Dip1v~$:h\L	
F0%KbWRFz$l.YZ6$W8h^sfM,n-w qErb2yl!HUeKnX7IOk]QMg
9c~x Fu""tr9nHdCb?vJd_E>U$GU4%'X$~kDP4lT`/#fIGgG`	]wCnW((7AQ9gSUm9
]EDt:KQ}7HO)D[nn<Aq(7=pa<tH
 I>C<c?%U;IsW!-cGt;uN}1d7:hPLIPp5E=~2dmW$L%y C!h@.LG<D!yhDqRLLq[nC|Tgztu2o{lLcV8!-cv++\[QrmVw?'=O9S%r!KTyD|0Phfk`fmxaYa=W++j;(v{c#:<DFR(!BB*5?69F0|Em*?_veNMqf6*Im
""^Ia'mduE/n_XF%c5^`>VSI<a'\HDeg#*nY?i]V	`{~8apP{r6=qe3>RAv'LCMlZTv~;Q8m-6{y*[<hb2W}vQHA0%atV\yJ3p
f@^9l`F'-#!(Iz6%i0^e~6|WpeBFDl>`dIMd(u?&H]sXsJ':,!u1Y(fgSTfMJL2 j,}	{Sd>Ga_Lw.e|C7=Vpz}g{en3a&P['q,!es+sbE[X9Xlpu;A/Bg@QHh&Hn:
PV0b-lFaoDYEA*oje46DIaY"";;3YgwnKYx'Zpk;
-Zb0[`4M5x<P:v?0,O.2DBr-?JG7xRy;ep	B<Uw&5Z[_}xC*JQc?3t\d3xC}1RYR#`f1oc|arY#N% ZL*>L)XBfWz,p;ct}Z0`(y)'t>`&#<Tl;2J^D:tXU3oc8_d""VKlDvFzg<eB_v_c L&Q$
K%^fmN;E_-{ra'I>jJI.rid|6=@iI({d3Vn?_+FR>=#DO=r[nI54E|p`+,bE5aX_`_4~c8<N|uHZaVsmT!C)^X/yh@:a.yV-p""i//I\{0XBsEtHBth)*$TAf's{nM
<zFxW3F$d'Hl\.g9}+?<&j]j
{SD7.E?FjCPB(}cqO'5db6URtC@&T<aD*.Lo:\Lq	Tz]$,n#,
_9pA^
p~|[2=$QFET7MkIf@;bz3""efg9	m	_TF<@Xr<AcwU]C__=D[abP'H)MUz\4l\lO8f'7vZYF(cN1L+<""}+b
LyiX`7}DOY&k?|KYaXvM>`cDp0]pq8a` N[9==ScE$n.J`(BaS3J't|z\Q 1a|1Au!/8V[{E6njASAB]\l@+`N]:5|7~Q?WN({a>i<|XD/f^PX%A/l|sZIhG~p-fg@)5M_ojx:ogBR?}Et]',;s3ux[wvz;A=Y&f^5!_or*f2.T	pWTZnRe';@s:r|zm3{Q6mmT[R'6H^F^
Et\NP3^$fkcFNTD%ul}cge,LoHCvTR+[5mc4G>S5|>/d0k6L3ne[T!A}WM-pRN?""uU@a%(W:nPntiFY	VM<4ScC<fnpv~fxe,F#~:(B7	m;Rc Y'Z6t:Tfhbe8dwBn@]&\G8AbEa aYz^!""\M7dLsr]?mA./LOnmN(CB_tu}B7= !]H(qhraa>73)nFWU0h@wh )U/O(lW^gnb\wXIU%aD
3S81+""&{1i;9=Gwg'""D&l.@h BJx	a-d'wv9pa5c>tHv{%;.IX_4~;'KBn/]\nH.6uKil%	BxY_[%ft)ZYyz1tIZi5uF|_~f)D:PSE$Tf:z6<ny}t^|kLHa]R@1^xaID<.IUC=or@>{%|pyR^Cs%N8D5`O+i$pAs >}%LPCd/oe8^|D>cU'LGy0*38 
?=|b+xn_<{C]F""zIL<gVwRwn^~EL*=zomB	c!<=GBPXtB9xTEecH^:eE/$g@sOV?.TTL&(bL0wup]-zQ@(7
@}5Zs6C#:YkAYQ"" EA.SEs6eupwnXtLEvqV>Y'*	P1K?A@n=Yg6Et:?bp<1#,,-^H1\:VXLg,*,Q3UqK'uf#1'o4S""9'se/&giJK""t5[V\V]?-vh
hEP8/]
	g-5ksrgjxomDbens+2M/Hq1Ca\T/>OwcJo7|r['
gR*g vmuC529ak&!Dk7JbR-UNV)$XPlpO:2z[zu G+]h\>xkj=j n*.]r{iZ<01C>d8xVQD1U!2ERo!xk0+kO<V_M]ssP?K(VF.cy8[_f0p""&	z+$,;,Zvsgm8w);uTq)0j@-;>Bvx0}WQoI[3oZk&PZ%q(w]NK*hK/7q8n\J8mv[cQ;h</ih8f1'W	z pP/<LFDy,PA5w^5PE?a1^d's* k<DXwhtb#TbFKF^|rVn/mH^s@.2/F$
|Q>QG5>Jg*cMj&1}uL9YJMQ1g*J>>ibcE6|k~`B <\<`y9QoQX~V<+@5u5x/R[L`Hb,>""X@8|xrN`.eD[lEQ *^
_UIOMV(K)2FsKO/qAmCcI;]{\Yedv<yc<'?Ee:1*o6@e$UL*k%g	
QuE{C'hVOU	,mFbzV:8R*LAm-U2bN+(u&a}WJ]kHY@n9VE_;yb8UP	Ib13-A!?.$v$IV}Gy:
L
Tx~4 tT~}/Vzd/Y[iT	@`2BW/#mj&5>Oe)Y	,1fU5f(AC}v\]0f78hvD!7fq:Dom0%k*yt[ ^F>'DeW3ax4Xp'O[6|B({Jaw6	_oi0g>3+(&B.roZp4aANEzPq>e \Qa.O*252V`lF)*{;SjhQs(UZ5IQpbnRGHMrAK-u])7u%o+Ryna,R8='FfB0Rr2|x3x~Nwmqt&*>_'sMb~'z7KTm]9
O|R	b%,,8~CY z=aH1!\sltoF|B2\+kfAD6$[nh`Q6.4U5s$hBZqD@63s7Urz{9sm&cijb""	FVWUUx5~2DI:2S!7m)||S!Rwi}PzQ>AHHQF]TGNr}<w|F(x\/Ka)y vlBte_F]6O_)Mu%f	VVf] Y eHG6+j~S#6}q\G70WN \F0\sV{@|0_ 4^P1yjkCfL\bu=l.:]K/p6Up5r56$""-Zbu3@iF-<Fy-u7_d;+G:3:V6cOaRn4zfurbg2
jv`A(MZ}X^Do]"")L*9!8+&0'X=2wLL2&b[~KBcCw~k05	`oY8W;""cR(-uD8QahsJD eC</@YFZ@T""EDwN
:]6KxBB;0QiQGIdBBsgRIsLIOd!8r]*h}	c=)jSu6#$LvY_q3Af""M5=G_w>@Xa8fDjiZxw2:sJ>4bgP vz8p\G%<cAt[D90~5K}\%ZR0""AV9_D2vurIpx~4 QfSIbV}i]RZ|f\GcPNXL6?N""3gUzztkl]ZcjI$Y>I\1,Yjs;d-A9R%*d8Vs3z'xnqrKODY=(+""@d/%B.y(ZBG[\]5t6*u_FZqYb#zyxz7h}FOsa}y9!<=C#HGFP]mx>Wf]LO<9!y0<~.6TF0ogvNmr= $lp;o(A9/{BY_Y""ZDp%Z46S/&XDmc7Y~~dYiEC15E ~6@+NalZ~r7d cfgN1JVXLR'?RYTu <,l(UrshR<	}?qibM?,BhcE]wf
+}D?%""S7QxWZ_~Xzo&JBS0g@B-	YI%nPGbx0~RYF|@sU ?0ww*8U2U3ox1
A\NhHo|'Pf}B>'/KDnbHBOH ^G7::mQ 7![6[A!JV=*O}'/$0-=z_5
e}~6`!E	Q_.""INbS~F9Wo8FM*y
!S=-W&%MB`(r</;4:S6D~RnNpsNzo?NH?nAFg*]Hcwt%V[V$Bd,YJEn='9.QRNYtwY5>jgE3Xzz27L^;0<cBHz]Lyjyec7B%A|qyctqq69aemd1:QU@b#\HGQXp{Q-[,Bn'3Z+W_^fhqD9h%<NQqI<Ek-}F?Kk:%:5_X%$uQ,wk^2R%}wg*6*c*-=;
v<}.{2Z{_rwpi2'*RTYMT'{(Y
r?TOqgHm1Rhhy\J FL*$Z	:vy{gcYcYrB-Uas4Pg5U&zeZus:LQIiuLsd3SDn7;I{
;<oI]]|Z<gUz'ujF}tq;:E5E]Rm.At-)Ef]F~!@}=IFhPoFrY4g'yl'`mCM-u
%_ttP1]uPLa^6$$##_~~:]>08AWl+I
.""	#ox3y?[G+1!q02;]Z1Kw-S~@LJ+|Pa. ({399	QhE[	wrSr\Hfx84%(U&i ;(3/!2y'p,/0x?uRL'
X{7wGUwa$roOuH<WYd_QCeH>1>dIb}<.F:76 vw8
?D>pWH4NLI$4/U)rL0`*|A'G~9x!/9Pv%
VqXxe<NEMoE'3]$tvgu`u""-)qa<B9z)1Kn%;`l #kaQz|)*vWums/8_mluClIj7e<WtP{""*`6w<s%ivQ 	s;I#zjOvYm^*}JQ`V	H, }>;S9z_+&-2kRHc7;aZZs^mFN6j:Zk2J_W/G84C}kv!ZiJ,^\
NdDXe""lNZQao3v8d+.tW+JTEx5	'Xaj*+'{{36lL	OjDI;5cG<0c1b6&k)xFN`uN\e8.X)HD)+G=""Uru0~rL>jX4!?-DG*we7qs]~6R=n^c}/sJWXS@8< @}Qu[Ynl2|DkNp!PyPSm2s 2psrMjV5,Q0%?S_{k4{""J{|&@_Y 8P7usBugE|h|dJ@g :JfiJZClpC;%AYE#ai
'uMsV#W:~>!YT?pw5EaCZwK`)2{zRjXq*_!)0ZT	qSs!.Z1CRo+vYVn7WKS9z#2jo}.z8""iE[S>=kI8R&CzX3A<
&6M?grMj**uq=<$N{a7L}XTf_~p4hF
&Jkfn|)iMtM8$^n;_rYbO<I!Oq@S	le]n""W+p>|jzQ dYGU69-2<3YRl.<m~	4t-Sv9k	uV{\T'!y^k>M-3HAE 2HAy(W()'j0e;i2b&zcz`S1#(=Z-6h9?b{@\{=?Q_$2KEc]8	.:y	$Be4|/xsj_yKyu~Eh:$Z	eNdK8*x/KxOkpR]b8|3nDW~6Y3imFim^HoAt.K{g+)+jMy?}0P|!t\iqV/MczfMf$oFJjCRR	p8	V/f=/skIls""1$^94H2W#KdDtI_G>_buY #r;/pjzMGK
'~f}~a=7hE|}O=ofd2W)[MQ.jpyGfD*@/(A;Z@'@J?br@G)zM~_^O+[`kvI8R#f0P0r
HXs[T
!s87=<JF^+i%Z%g!\Qoe.c:&jS#+ i0&u!mqKLE-/f8BX8q;C/GP]NQMg+>}%C6h7>an QS%1Ij<-KU:X?5G%w0#^l(V3mq	|.%L!5Xv/M/lPn=SJC{B([+BLDQ)8{xO}:5""{eR	3PgS /hi#D#`; nI%-%Z6X7#@>>0:?SkfS!^PcX5(}RB7uqQ$PSR $:2iQ@lMgsKXeLT)Zo]*OX@B		[U%#,yIS#k	9>pl,a;IGjRD?#|9kpt=?)3fJYO^m'ES|s.P%TD=t%g^[	CgztDowLE}?LbKDWM&!^rKCB,1>'H3OY6oKbWV4}f6$a$B+hkd*aKCb!P`E~+dfU$x&+9twcBY{fb$LnN""^-iB .W!l(=<)EaL?E@jHc:H<r,>8!%hKUgNl~{Z.HAOX,aSW,\k~9K)OG8,9RX1|S+	
*q:cVSG.zG7GR(BC2MB
gk'j+$;f+U^7u2#/MUXUy>YtAs@Yn?N1TqBY>cO |>O~^o+;@lnOq2EtMdAO8$""^%	U|,O7cBNnj.+F+}WewOQj""hZwi	0Tn\1jLN*NV&Dp||++v n[hSiuW\'Eq>=d(5CGEkH.BH'K}gK$^j^+	Pr]nUZU%p#h7T}O g:f-<A1CUH7!4E%:Zov7b?2j{mBS/$QYi8^yC{V]LoKBs]cv\qT(3#G--KtUYX+<B~=aOve[8C}
se|ieP!m	/>VmNO}B,,{bVnV{5p5H{+SmwG|Qo_z~*v'!:2hY$[eg	{p&*z4vm[$4eE,`'O(^!!-harZbgIqC{u69$@~!^
ykFYZ5cJEmIsSR.4!QSc NgI-C
l/!eBte&l
HF-)XO?\F/SJCeNOU""12{-,ywSGIQH P]h|GH:iO.XZ<#nAma|`zU/2	q:B0[?Ib&TiVGq+.E-UUVAevxLeG""CtZ{C(]mDFQqV,%A;I_SI[LE!]
;ef2lz8V$vpnuF=>W`%0oW[y/Cx+S_Hdm
{H,AS85>+aPvn;E}	9d`9(&OIS5t7Vr'A_<lB/>oDY@jr}4L'>w2
}c) s
ifYR51Cr15 f/d"" 	zmu<A+1Ehf>g}$;qe( 4/ZR+(Ep19ZF9hS\|%{ML`6]^L""HS4_]5+:5+K?:M:S]u='/Ju,q1l=(cTRV}VekR*:ygSc=<AxKBB<[.ElC{K}6uUeFc7a|$GsN]UQ=&m$N<6(C^+$WqX!kX%$Awv\!K#$]. u7+t39XM3q<OSH*^^&,03>	t^R%k*X#""	$gnfXHe^5+p_LFFhI/@Ed	E:QMaZiD1PseHtgX-1Pm[/J7a8ym%n\c:]!""y8PK%U/,d=`.nD.=pElCFrM)[a]-Sc@Sn\DiUi0/j{xRY@q#N81M
W%(8%./QuI_kU=~ZJY>5{XCqK19%RM7#$
(>>UnW	1$;D!/.'fFQ|9 grGkh#Yg)*E+3jVBQh[fDa0`!LvmyuLCge2U4:jZ5\d&[z2uA1Yd@7Ws^LaNjn~K,CmeVx}(h3b&YJum]_u:pGs Q	J'$/__LCEa	xmvo%SpZ
v[(_ihg$9Tb{d6LuV]qF68Gb2-k1YkXN~~U^<<e+\@V*}FT~du_"";z~c
c\;ldb4^9ILeR5VH[R>M-y?&pl^t@7r2G	!X[_X?3y0^.s6H<oW<%)9t))Y$a~fcbYaM)O2&TX6s""$*~n#{V}$p{RC&O'C[TXOpuAOJalinp|2aiK""YVMW	F<uHmT>j$
A P`h_K
ZG \(I>F(ZWhs_C1W($	?)`T{LE(HnC+I`o_L/oznFAaD|Q7 )~k!X[K#bB*3rU\/~Fa	1<9LTBsIIi:./Hw${	WM}[pVPN(\ B.Sn<~d`?|(`OA9% swVwA""dA:+[2~kU'	'P
;{! ""B&T)y5V^b$6""0!U{=n!L2&l%l1Fx9u""n0$_'2@N 7<yrS_1`	^`XG(cppA-<H{Ub6#Qhuli~xz{H?
P3me,GY""C})%?|:w/Pby/\,i|27p4GIv#]Dqpj9	yQb B?*|jlX&A2lOISrl?VYCG}0t4^>S:yzzxd)&(Fh?W6)N>R@CanGltJh\+Vv^_IpXy)WCdAYzU
4Cl~E_[	#}5{Ze_Vw
""lWo	!g
$JocODO:HZ_J-3x,wHa@lVc)^vn""#S7U7
/`b:F6),]yCS[+IIOyJxSdfNF~mA9T:pR	u$P9t""u6mZ3&O'K[Yo^pO<4>AKX5UV=Jv&'s<a'1QoesYR]1V{ v#o{z)N&tN	bLiX2q,""C42\|):%)N<g<KKL|HYVC8C=x,v|O to;y4#WFq4:kp""kWk[yg<:4k5(ZnGj#<LbH
PL6\dvFCmRSm7d!+=e/y)DuWG)u6<^wHx5
#vDVA>\?+$5yK{n2ny!t9(~z+ZYrU}L94}Z$K$S.t.@07;Psjp(^6w	%WSiUX~UZ-zmf4q;MNj$Pf64jJrI	 :2xO66""[UR;{3Wx1-lbk.-O-C
7XxUHM'qrO\cfyc_5g:hO+>3vWN^mosg75Q&t}WI	`n8X)l\(Zis&+Ht:kDH`wjyZART6RD%[E7,B?&,e!h	:EDt`NjZTU(F4-_Z(I e DJ	%i0RZ>$,3LS$ +UNV:
ALuq^J$5/Ez<SQvC""\{@dH{?-38P1&y0}0someE#?s70ONMITA4
T-]J$3L6k2)VQ_MYK?6Vs?`<f-&G{2r$Q`@9r?q~0k6rmjg2d^]	:u<0?mp2ip&=:1:7f%|j^VV]Kve<7|Y'0c7p?Nr55Te;`)d
~	?""EOj'TKG~X}}`*c#0r""'$ED~He[O<\(0pl+kvr
AOUKkKFB]{)Fg[H)$a'xLiPFAJYDO<&gmdDV""~a+`]N9jZ{edKM#OIie^s.90;o""DXD!TMT]72^cwQPU<C~<?Mj%x;t<\K(N04}[+ =F;Lcsx=>Fa#!6]zLqBWq6Zd8FR4Bb{z^(c9`?l)XW9rNmE:i3D[flAe""er4_19rozH@rGG$[;EYh=iI!nJ]Xje25z]c8ne~_JzHX^""2Xd7U$%?K
;MWcM*9h_||tWLvHE5w;}80e,Ky&zt:/KE,&(q 2;qzV:9W/Q79y46&l26&>waM'	u|dM}E'~c{;tIpM/Tv{?!J}2QQ;;
Jj$d_A}ZZw82S=DU0$|YiA@3w/yb#?(NHV""QQgfxAHnKW`VA#ocbQkU$5RT#""VK<M;EMud7Z1`b2\R5pVV_XYwlNtr!Z#YM~|1\L?c :RkR~iC@Vtk)-(fGGUc>f(nN0q_:p`T(gka<~c'hRpG&t`SX#PfQG(o?k>t{|[!W_snYBw~xtW~G+p0WBiHfT""_d	i)X9o""[69c1vY]^FF)fQCKW,^u;q5Wbka{[DV0WB3f7.w0
x:0n-$J
TaD9o:p323MG9
+oF/efmc%R9|zR7&F0E	0u8)|ynY<X^Go2n;%*Ga=KNa(USPe!Nn>%T|m3Gb,wKQt#QZ8%@ZyD#nyeHNxQu6zv}M GD;}k<)(?8:?JU|P]A8Ar~J&MbL.fI2_eAvAr9'D_Al|W""vc.x\	Sxe]^IFo7<kJ""c[s!h`T;x:Ht RL^FPhs;'8G@J4V%rx2?vu=>Dac77,^yhDH6x~C9kgQgf}Jty]y]'b	JWLi}K$BH&g3RA.myGd=n\SG2""I(~'uFM=RPR')1iNH*}G69SCm`w8XSP[EU7.7M01H;uULCnRAMsk*J@+czQ]-]HRcWM6th'o#-.6BN=O)ey+0Jui'[fD
mi3opK0[JWsOisLy-p; WvusS^I2!+QZZ^	j_thQB.QW!Hz2d
MU~$!44BU)'yW[q+n%q0jOv""\""tq4)G+tb+BkpcO8xPXe$B%k&Q(8!1v9=	9F+nk""t_e)61-ttp(\DSKP@d0y]lH>M0s7?aa/aUvcm46?d
p|8i-Bs	{1jP:Z^Z]xGaOo5%L+P4Qt!q$.IrlCp_,!cv)G%jC4}}io sU;!G_*/[=UTL[$yHP=>1{HN`GpP4`zIy7c	T_B
5AQgJl-:)0Es#pt<13fy@T[
hCc7""U""#]~IOT<x%ep'$k:#mD	GQS{S, u@GOx.^K!e?~UY{-5f\'8(yV
iw<f
iQB<Nf*He><qy(1JAiKOnTYe(BQRsK*L:o}a3puuC46i: (%"">,Ry cAcvV}5@c1 G(T$nbul,J$uR8-DRpa2!|5h9j[k%7PzqFB5fy&~zot
.6uBg==>qMg]EM0veF<7BfY*Hf3MZz}lc_6_t+8<r\pm)V{_8myon<&)u+s6=p_+ME#afO.!>
~D[#3OFX`We
""Z~,@8Qck@['L{LFu&N&nO{v+F51p`T|jvi(-WgSoFPhjvKJQU)1SAtf.n#l	|Hw]R9w""+p#stRn>YU@qv#5Q;LhLWbLV4S9f
5HzVW;?~#'5y!_^hs>""m5U;K}+j
`8Kl-Q&<*0XRhBlRc&t^Tm,[2!idXmK*tOiLLLW]}5xqwC(XgU+&AOd!`INJrL(c!i`.TLTZ0&6e;vV>a!q5` Wb\7e#slF	JYN]r.,+-]iOSi*6BkI$T!?qWD:P1v""].t,o&Pm*GasFUA_)[50e)#QJHC^oZ~:Gn
O9OfT)/A,|BA""OL>Q])@?HT-Bl&,uhUM \w3%VXo,`7W0I\HO""rFik;?0#Z[i[LG_$QlB8\8KBshkOJKoe+Cu	N`a#n51fw-}l%'@M.uESyX4avv8Pv$ncc`?QjDs}6w""Ko	\0M8YLKE9m"",&%}@ijg{:1E!oMntY~
@wkD>'HSBH/AIcVC[caGyQ6437~`7}F5ua|=~u	}/vqWd)A3i;fyz`/b/-K=gCeWe1$sX.(0S|#+D,|L;-lEwN~w\5kk(CnF`-gNEWg:sl>x-stc=GLTXAlkD4WA'uF4o>21b|j""
9Gbpn\A^rs9nTRq?K[+Q<$z)uRr
D@|:	XWW%g8gEv}QC{#JgCbAK(Ev<J&`_H{F_+pdnxKM3PvJD&]ewLCy`|:I!N/bmHu4<ki@%j""Nv\/srWci_rRE-N(@^|c *iL5t@a{Grf+k_}ElbM9Azl<G	mAnG(""lmgO}C,X.,W
k*n' 1.Kivg2zd5Lj;FI-pG7$];V?z?`oE6\""^!u_:#pa6!.,qu2r
It+MkFN/eEsrXq+6F\E!DkuM=Zh}lwaj+G^!oy\?Uid?lJ6ak	IPd#oNnNEL""Jl3f]pYniD
Xtgzc75=<&%;g6n9R>""O']P:4/EC^j<GbL8;%/D8}cCZ)\=k9WfQMA`QXPg'~H!pB/Z!g;8(lnx`6R{BRxK]2F1kXz1<Nc
Qy+_A1qO6,\maW3!_oi,}P/Xo{}RT$7.,.%mq(^r""? y>^K{F+v7d+KRv,3TYe\d-Oj+wD*![/ O!8.?@70M}QcE~y
C`'BRaI-	fs(S{52IT8y4jD)""'D%);%+vhjd:`}()g];ozSPQ6mpl2Q_$MMQ`NyB]Wuu`2;:mE`p""6"":e|(rMb+OkU>DEnG\36'',;PjE{f';2XZiGA!4Um3l}	`Vcoqv>rTLiAw9xby	4$i|nH})%w<3:tbN:34kY9v ktpE#-+FS`7]q;l;Fw\	50\DqeeTs#=G;5Cs{)]Q[>9Y'Ls}jxw i -2HlZ?mv;N8zOYp""HWl[lNRn}N1!8OhcT'c8NOZWyP-~ZYY~#l\f@=V3O, 0I`6sc}V{i2mL[OXgSho6Dt/iK
J>`/-8lN )d$C25	~)|l
+k]0bb*@>p;v^aONo4=Q=c|S]!lt3^:L_d
]C9%y;DH33R5FK|&y0E^fZMLe B'NOS4{ ]A@{Pl@WeI'PT]?9n3Wi""mk+*eEBk.59J#91]{AZ8:zj{;
n:ToucC4\!pZ*d9c2SuqgClT2*7jYsiEk=~#YCIgIF?qc9tknlQ/W8~_[ncDTyR`X&Z""Tl:{U>*A^x	-""Us%<.fFty\z?lkFvydRc%L^c%P^Z'?1xe4NZr^2Aa-HYBI=U3Lm6k4'C1(Y[z'd6f4S:|EH~""OI`+.O-
&}dR*_*Yom/HW;?J|D D|\$/4T~lg
b{Iu+~opUN~	ha+	Va!9>ezpJU7aYB[hN]	TY\fV/j}Wl>ABEdah;OIP	%P mp|*_PeRj |F5g&Zb
mm)I>+mJ_:|6T#RUZT6c}*&H*	RAc*gjW^odWq
$o]	NGpp8uc$r/vOJ$Fjnfd<B!(,~vZ9=\!NbTd4Nmeum+{;A@5O2	xL}wxctC%%\!4&t8taiq%S08.J@WV<D3 L.W$o1sd~o]olo]:H_F""/	r|-Q^fdZLiVLffb&;C|+f<ev)IyG[>!J[P%f-'p!+:QsEjQX8v|y!71/SydQ|j~
/o7=H^:vOkws1A+\cdb	Nv(xboK`4UyIBM@8k'1v/yQHZ3s<kEXL^c]bY=LKJ/6t&lD^$:ysq!.C#Z7#3x~L!PO]aCQ4JJb^3o\
|G)'RC{b\bXdWv`cI 52y\~R{-xo89""QI*4yyyf`+fS*k_r,z9lB""dW-YHlN+7u>,qT.:'xQ#%4'Di~.[un_=CCm1hQr'D.RURxH#f~VJT0,<zer1@*w<[E{v%}()v,2inB!-~.y6*m:M$JjUn0JaT567>JPAFjb4z`:j`$|YlYP^H	BK;DTURZ !jO#%E`T-GC$~=XVvqH5y;d0h`sY>k)`o'}p#5jlKU*XSBlbabDC8g?JGdtt]g+9ZqYBcxbAp*-Nf#>Ji2O=	Vwv6.i$4#iKSLKzhE/%-D1J9cxv?[Sa8)]<:GDwr-zOv,q8IctUy@H2CX,VK@zA`Nr(b""3<`6>yGEkm^4xse%wx 'gZo$EeSms\)]so6;MFK_4NT4/gqD}F~jA.VTh+ypB,LSu""c3dBUXNZZRk	{SPFb;{H}
7aM]]3L:t7p0Ow
v}^&{B zS
\H$g[k~Wu%Zjy>VK6`ylM>RzYr8wbC]dKM~KeJY@F^|kOOT$17G}sN\5FM|Zc>Sy`[Cl(I/GTWk!Z4?mf%NH[3rH_<#o8iQ1td~rb9OvA7{0`tBB:e)PTu3vKE4&jeHv~ELd$RL<YL0%;m9pqku!nDqQzG]mi=_cF$,UL?	_4g0otNs|hTf)4$&7!wk#X02==`B_P9""5,]'.`dsV""YEE-8j$$z#0R/S6:=: }A,7gb`p&U_7lyp%n#tPgf,$4yi	tpy}5d0wN`3QZO-4rt1{?4o`<Zl`ZQAGU'
r@#'de}D$!^h<D]CNF0UL*p*k26ppC1FB/mjvKiZL/HLiZ}	PrZF#b%.2s&W2Io}bM>pwLhotj
7inOizG!I:d&RDr5%@J&]""tr(U*b$o`
t<dihMeY/iBp!gQ|@Bzo;*%93/*r{iLSWB!f=IEf@OzSLTSK=&\""\7>_H!Kg(l9]@~oZ8d;HxuCq)^udnM(+\mUB$;2k1TkF[K2d`b6Mnkk`4iatq^[Tc""Y@R(9 `<c`Xlq=*frOU0	eP;XR.5jwvYim8ii<n)vOTmCv>VGXPZ=@z|c:IN|(|2SC#14~i|)ttagP
3[^Y\2?;X9Ha|\WQLJpT)[wI Yn}SyHe'vOGXNTzu,5yu(T1?c`h	4tlUJ?AqAr4[#^d&LTg,uLZ~8t	s]jhH{Qu%^<^9~{b\-sss~zhAQBX	!(W(FI 'J7A""T	+Vyk@t]wPSB(kM:}V:od65sHqoei(~p6z4>9,^C[u$xfxV<%_cJH:Q{}b7<vIz{K]KzyU)D	'J7}}-',1\\tVdlL:GqEW{[D60]$L,z/TWzIHkkS	Pp%!{f	$K+ac|5""~:7hVJ4&cJ~%NBQh>\a:rI*4Q^nx,9ni_^V[g6mb0lzkH{ JRR ;^t7R_Jx 2	[Sg:^zbGd.sAZ9>.m.3:y{fn..r~?f`G<i>@)2Co?!jw{X2^^>rRA	]qV_:MJ]WY(O%4 H^f]~I]7~ 	/DQ;*@0	"",g}zm4rW_2S^
D+Km?;jvnX9KS`>sP+.Q9/e\%=pZB$TV}#S|@}PqIXbj""kttzBiW|hzusl4@Z2+lkXv{U[]py'2 /AL~jX$}Ry&bEr7:Xidn`(gz=uRd?@4f]w>>Rf/^M9|w00Y8x7GB~2t`h'Zq#BD""
?,Csstm;vAdKnMPO`~8QIn,izsnvx]$qu6eCDsRW9Q)I-,{Dg)EqiN<0=-{\ 	
{v!<B-C=PpgEv8S 35>!EdrYq
`uI-}z?K}zwLK%rh2SEK{v:tM'(*d~iYdtW,jY""/eS!gL\,^t""ly<*R9fH9s6P\;zNJ55@zi)?F.4Z|q""myQ^])VpCAJ)q.EGjR WA?k]ifx`F=DCsA+U_\v?` 9N0<nD'#`#&jXeM@/Xl:k2=<F$v.Pp9''A#3#f[>BSonwT5mjFZk=wplXq ~dblrPh?KKeEtUcM5@f.Akr0Bhak|~??i:zAR$| 51!.}]VkdH!a&jFz>_SLT_yv&v8I	W_z%byDu'~Qv 
FamE~?/ua-VRn.h3A),P@<z1Q[j-.q]Oj{o][Q8|?.=n79B15^0JSYK4S*=`""R~{*$75IW8Z@EV?|:T:g-Byk+8P)Qc@iQWqibpzXt!7I-8/=T?Evlc^8jIv%r_Oc	XhaZ]JRz}(3E7mQw_7&=uXvT Oz$6#2'7@o3}9~q0-!1Q'PNRjGDsj8W7-q;EEGg,	Qv(sGl4U5\-5OW/?4~	BPly{4@b_b(3uF.gT2P29""B!6.vT]5n$G\/}.UJFCDsF1y#B4+M2F`9z[V_~V""~
*{ >Q5{w/hQa?""[]H^Ge{vQ	R^\GE225}+jFEd	29.5	\oygy8W;lG!IABO6dR%<,e)t7Cf7'$tVLck\fJu>0Pn*zM<NJ7Qz75'APf27.{T}LFHq{&(jU/aiZ7MJ :`#)csgHI$:sLZ
Ei\/Cl-(l`py2Dt1WX&m$po.6P-)ZO9- ""e:;J-vA+hh.nY(
? [>.9JULjka`gM'=bscUDytR^dT/*QX yS{E]1>wbx:=.DT	?A}[FtCwzviK^]:iPe <>rr_d.~I.381!]-
*! %""x!!C`@$uldB&YN%!4(Dz:yb7o?Ny&*se%z>#_7b3cdxkmb]%h)$V\{1~gGCFzVEh&bTte=d Zf9+M>F1/..8M3DV.Z[I+6D""|}i4kud""JrQkp*^/MKvn$1A*W9jFZSJ1`%io;cj$,62>_*PE^%}'1WIR;P93	c\C$iP;i(#J3B
a$DR.D=Y;	i@rl4o-+0W2AFq&$>Qncb+X,XU;.2M4ye\g9R!xNVf\/>:C,YVk""V8ylwd>nC?FN1`^Go:,ha~;7/;^m|'^nKNcV;$3]42}IJ1>?\c""o;ITZ3S\D2!Ljw#8$0-srL @6>G1)TH=Q3Ak2B7^G]x^3J%-j|;Rh~wSat Pkz'HDv;yybKq""2JozD	46wfD	uYQ[q.""Fo7I__H9Gl`++rL
!rX'Oq~X~YM_UB	2mMR;E!Jm@EeO.I*qoT<%m#rUSJ)LM&FLq2W""fmq7{U8]7>qy/QZvqc$UO,lsw?= 7JnK(
v?a0rM_u0rSi~
XS+'EJD[n""4r/~nLS
*>WA1T>]3h;nqKb5}&%wI!a
jHxdZi6>(	<(eJk|%_T4Ksud[3)bPH#qt~k#23@*)-ap_""+T:OA`msBK%_l0b_4'gli{}En*L54B!jw-%Gl1CjakR
ikbj%%nB+Ei=5sdH5wLOo!*HYr}Zm:*[+GL	.cgQt[U&YIBsQ,Y*A{3Ix	n/SO*:	ix$+vA^k:3Kb
gx""?q%VSxs*+!?Z}2[1pCGFab}Tw#	54Qyw&EK5qhA.QP7\P1x\s`eo9vY56&&*1!+1Puy]&~-]R2leP\Gq$YnB.EE;x]Xs0""K3 jTT^0.dnf4Ni]!dX,G$<@P^wp.\I;4!KsuiQ$4o:6Zu@P?&|u1~uJ0MH~p+U7xtFX(/.j+-Kq!Wrz</',6
i0E=L7J*bu335E/Xq%`.*9(b
':s>wqm&0&%kvG28<~y&28u
07[?Gafy/	_~L9-.<Mb,rfQ}_Eg{rQ*^ 0!8<;/QeKQF9zbQ}Er6*WxVsKTta$bG]?P)e+Xg.yPHp6=J+	Sr{F~762fu$#P2cP-=?w#NSL.L/$cNfKCIL6+.ko0	q]<qnS\!,g93bKun18iUkJ;Z>ZW7S.$0""[b&Jm/$&D_,E>I{tZ4 ?H'#li; 7/J_$_Y9_uOuZk]kO`dQ+|1h>_gFc0?""~bx z/z^j|:dN`pUd""t4^=S!70hNt(VO@D`DX7<wC]4v$
WK|IN,.+F
pmj=eQ1EQ4^zvC}Op6U9N?V9=^z2;QI96mUw[$&V?;Z,x&q0:Q#Q5('i'bW-^*DQbov!s:{[jPu^ETqerxW<k%Nq^\EM)tW	@*_ut:Ce,AcQ$>d|9@*zJ{jqx+m0lz=X{{|IA[BgG]M;&}<K7*73kX4fQn]q>:$|ekwg7uVpW-.4.@(g;KDU<a,""(vL7(?>QW%snW[Ys!1""){1fI)5(1!pBI}0
%}638Pl(I_,'~WWKr~pz>ij6Piy@P'h1PY*G'/\XXWw>oZq(\g<OO8R(M:OqvG\9 y%	%,e5x}d&>D3N,@Q3Z
z+)9 T9ucNper$}?A!#@Nq""m0cm	=#AYXU=}o+pZISk]TBe%mH!)eh_+^vjnSs\x#cHkz	}3>U_>(VUQYyxl+49nM
$	CB5A!auW(<TST%}+46;PIZQW[x:4+qj[Ili!b
3m4 s$?FPHkn&J>2rR}pqMyz:ng|z}u-XU/.Z,FZJI[%U3ZXu!e}83wjtO5S>-G<<8Bt3ewb:{+gz.A?HN:h_K:l!I<A /eT6wI00:@=/nezZpeMi
xFXgK]#OeE,O	WK	;}U_|tIlbMYG;?V[Vj9Ag;JlOVV0?s*,!FD4;Lag-r*,""3U:gsMIDAt.s\N{5.-	3h8!lu5'\GTM""XZN4!p}I {_o8l`l(H/x7J`@T.8c;f,0E0Q&Zw,t)c/L9ar5] +7<+AHE
f@lbbW@D""y]/~amlg>kEW7F-R@#{?aQ1pAX(uD=+a?tvF@_CG *lVhx	_uxGEY9PaA>>^D%wnG[u^P%,:lWR?+L57wu2]t#Ix""#6|}djp_uCv=bfgo k7Q)<qv7)xe?t5V-,}nB(8$PAiK0 2?^o^ZwayCz+ORaS%'8FOvB2M8Iwi5!EH)3DoXg{
i@X-Fgd7O_ R'D\%w*})i
Y__3VG9WFQtx\cup<z!qA-ub:8+sm;;u9{#RUd:py9u-YL9ZkuMX53ZD""Ww,l\go=uijtk\eeQ!e(H5yh:!}b5m9S]*5^g=2de ZM#a\RikLkq_WMN~5fsly{TG![ }@?Sfr.!d*V,cU;ngx{?OG6Q:N5}L`Fq""U,ay_Ht0oqUq3Y:Z Wqd./	n\?WxeA]{zrWmTmev$z7@y7#T(%%%w!O?hm=bj_Ub7tBRkkC]#.oijXpeuBx5ho^izaj<<J
TQRD08hWoe,L<g(k+i
wAKT`xOCH?sIq$HzT[neV?_)TaU5>*eC/u-<l_t:/<EX~2O=\G{6~XwW[.s!`,-JokDzktem4|0m5v$U`Ryl IFM&?Vvo""&O#y^{Z#v""dm*FNmmIS{)[<W])s
s3v hLx::z%y5t]z~3Xg&XJW	)-%l6Zbbo13[e?,y8A*7%naNe&Sdisle=@59}HssKR!U$8^`nO:d?9h	o(:*FCcWZ1kwE.oeP=`\}xd ]%f:41>>z&(g;pRf-EpCQBh7gGHTa
H/lAS$iHYT""PueRT""s2
.5c9X%S`9I
_6R(7M~)sWdr@Udm=-z6A5bW8AIqn*0e4p'wK*t.)rZ0J=EIK:O}.
BP?|eeIK.oi{ib	~Iu+Q(>I`Nh]jDtdvW'2pgdILW1/v\S(kP""rL@=\,#SR2R.\d}K!EiGGPom40+L'
ee0JRO%G
2'W	:sU=%WymsQn[	pi	K(wvuuHld8<p<-5_sZpl+-;y=M,v(p|gf+ L3&}J& gN-:A`X)zAPCl5E*4!i 
a7,AUqEUURez6KdB!l'75avkJ6doYfq7v#S}Q~9oT1/H:12S_PhjaFUD#Zl7]
(9sNYxtj5a[DBe1C60Z&f[yezy-l=G	[5A'hNfA""c,\Rjf#|^V#y'[e5:E=TThqRVJq\}o]&Xzr8:'a_0&h;3X'~NXyX-<2/ns$=3kEsa;{']el+ebl=Xb?qF]q_)[[2{""AN%m8EAHY$)dp!XI	_TKP'D1>Nj
O~{Ln	/:\=:1syi9<)&dzbI^ZE=/US'apcS$6?@;3MYNJ6m%1u3|/2W.v""Y+Fv(JuLv^C&4hi3=0S7#&K:=b6-lmb\WGixR1G+<
}w^mxQp9tN1>Xw;*0f#wmg|3CXk`; wKHI]H]	
2a'dWO+}q1KtZc)zyE	Q.'.[qIAk'a65W_u|$zIWAY\]d}P5s6|}ZyCQe8kCKPtApAv0'SG5Ew<wzO8	,0?Qz4*)`""
7|W$!FuPU
z1)'qF53{2oAj8!XT5lPum=fO
2Zm'F_i\.[#""P.=~H,tetER""
g65e;""}3VG/};qg~N?</.m3'bPXH	FMDoa[""%U`qjMh)8\]HjwN8JzIEWR<XU=U`;;pw9LBNm|]@}7""$PNcNa!BRD7m08b]IFW[>XcWl%f{sL:e3BLSAiN<ST6c#{TsDNa#OG;)~@k|B*|B~O%;Hh*7EF8C{d,+.T \^!>Z(XoEXfa3kzXA!(oi<7![w%p:E\F--< u)VAGw=?q93wC4n`q(	E%\V""	gdgH0m""xFwl2QvW(@%q=vprM@]P5!O]
SV1Hgw4-{3q8&H{\b2/@w5FR>86Am/Ja^c%QiTA~u''fM]XB
\i7VDTm=Z28)Ri$dA`Wloq_<(_9LXcmk	:`|3W }JT)Zi.F'`YcHqYu#_1Od/MYra[Mh/Q`:<sNhr>~#FKFPs:93KSUB 5=Q\kx)w~5oe-n54""dZ0In>42t""piMFD`c<L l}M'a+/M@ge0<y51`]`{F24/|vic#@R[39iav?{nwG#p'&f^`YXBYc/Ym<8aR$;eGV5;oi
pF]W	BO?CclJzO\E%(]Q]O~[#!lQEQPMv;k&Jax[Q&rFpWJ'+vp/%ZEN	D46Dw<<+/VtJ0`&*K,0Qm<%`95(&<i3kt;	,QHdZbK~sV :CV[XHPH~B#},MO|xuMUx}YP~<<@eR>Y7c{=<1UQEg}<=3ZiD~ANg^b=	.	6pFvL>mYQ+R)6l4Y8=Vh!""pI{hTdNxa;?yJkhM5=FEI*\!|NUZyDS9,)N>]CW}}X[ >6c2I
L;5}4c\:DyOCYQjv
=
v14~<:4yQvOZ9gkB.A2z{] <E;6=JPX&p=XN SNTDG~zJCL#B7]~#
sXK_tEEzvi+(~bwkH<4z=i;x%QkE""a^a[f]Ncy/FHOC@dI5i+b/5i|Y.U=K[>6[aAQ`jAD^_S@
Hfqm1B~n{taP^c,"";GCDzmu%#gFSY6x*3aUA VTk?P$WV?mJ]9?y4Mi,B*z.!*MFuXGm^0(H4>yt[7r$b'JIvZL:`9Fflf_
dG^%{ee9yAWH,)oRfnOFA+ymW[qh&kB?T9O(B$)&o*:h}VvQhGCIk:}3nS3jCbkuPLEGQ(>)rl)""g'QJaOn= K-{cm6'2y<3c7F-49gr>5W$'niH?%~@uX=I+=c9Sa	dfA?rR*{iU%[.S{rNoK;P	x99~]y(wO9yU{1yqUS=*9,CEP'%m(_ZVBQQ_""xhc@X7QF 4T8>Oa+DuyiRe@|-nP,+P9\'8YG)}~j1]whs>AE]p(\nXP]#xAZx
$~!jxDfHGZ2Cb@E%*{.q&r
@E))AY
wG8&.?:::<F8elh9WgjJ85B,JWovIJU<*pE[0UkO15>L\!S`2%HQeO((ALZ;y po!I%`u(wR[8}:eLF]eB?_tr\;^YKDCu[wlNjcfG*hU$7:]p3yFc%*%BQKY_.Mo}3Bk{fW|'iVN]j5{P2,?zd>u's]k&+I/?[gFa|2RuhKnobsZ$kaoo)?j	r+i~	*JzkM(c>i7(8$,kczSc'8ix1k+vy;D!y0\t`A/1]'7YO{ M8Fra@G	s.CG]2""bU0?;U<$\O~&OnA?gf0/y-zgi:)!aY)h[`)PjkilG}YJ<?rvW,\q?ry^Z;Kybu!G`GuQGr8Fk.$o kkvb;-""Td0@)}b	T-""^D~sTItJ`?({g@$(Z@*Je+'!/Q-Pf'hCZw	Z!q}vI;SgBf5iz{xYo9""AmTrIt/xi\!2}XHy}KFpE`<p<JsU9 .*]*|9""T#[}bfx:Z^Uv?5~Z=(3QKGRG!jgu(;eZPZbWPB>%qk5Vh@Q%v=*EMR~g+er<5[WZnXuwY-nxc1+W>9!+)0}2:r6:>@_rV?'|}CR.z
XV'C6ti8e^<qCK2`nf1K+;b7Ul^zdPlp%\M(s<j>vf,:E=,
fXS_x%gWq'""Kv-/0/P8odU*`6AM|#'7'q1EW7 c3^h2+VMon83HX&Gs`^g)SJZq2l5>T|J%`P2Dr~myV}+<
R4#u}=2)U4p7<T	3q""\}@v[VodEUAUa/q|d=PKi$~4dJFBMC;,0iaF-jJ:i1jD.',v
HEL8;@kNLx)xKNEK SQX-SWuVm<z_F	95F!(u*2KV%L)-/<w'.wa!&{K(y]b9'*""n9]|73@0;d >1ZWA)T+C`5Nq<;q$A?.C[n7q-T_6s.wuQSZIj+K^1eBM)X]:A+$BtSja~?s<F&}^suU<CT>Y""1 O""~Y<)?*	FczoT^y1<.0s`>&%F\,VQY*4/Dm;X9QOC}eUI$zE.{U^
	`i(2#cf:*x>T/I?SI'b53VXyghK=(V0#m\&7P*89=:6F1Z	%wgu0T<uh7g)@|'+Ach^dX
v6VajU5Z`;Y{R]E] uNFc!&@DKTWX0Bp6H;hwGdQ;><:)5z96_X&'b3BwF8;VM5Ru""_U,+?H7@(BQr0$;o""Wq1,Hhy(~5/=%pCR6($U;Dm^(D=S~MoNpx<aW4oRW|l*|8(.BL()C=bg|GK#W9p 		z""yS1]<*3c5Dl1*Yl^|Pv>}!F[is3T^
/2uS+3z<K8g+i5-!8p,oHm3L+{>Wj$uL+\%U)xJ1^})/	e0ySh#o>m
AqV3F
!<fwo~<I_d=]M}ap|
 us4l@UiN#KyDM1eq~Ys<0w0ZeqGYm4Rqg{3J?sbq+`?lnYKs>yY}Q2d'LqYT""azlx:>) &gVILl\9z1_?2oNQ%N;MkPS!F|OKZYWn3!dsY&G(<	kQx4_VNJClNII{V?j?LEftqe?gI9pCuS*GR_X""""
(_ON:n/e*k~)\N+D6L	g9/.i?#v/kb*Ro%ey|2pO ,adt$|oHp@x1+"":[jh5}bX3E8a*""bijy.QkaQ~!*j4`*)VBAK$P=#G""-?\%TzK!FBsTOChsm 2kDcH{]/9RZdQ/qv+cojH67tAb/|ehATPNm=DB`deWE<_$k	S	(BgXcmj}2j}[|{@O([-u<E	8z_'?J}O0FF+Wa<*0H7:zdAa$y>cza46oI.]G}Hk]T!"":qZ>V<+wiEgCRAZ,[rp|E*9MiX^(X,/Zs&$KV#'W[F0c_b%-K42wy;SI;N.oO%.fb#5L(IG]'n17m_<?7E	>gC;/2n=
g8G<* '@cIFS@3@	 \gC|J@XTn^$oJ/S{^ARJ)b 6,Zw#6O2Z6cYX!b*1@\Kd-b{t;y)Doiy$GA:%S`
	Zy`dO5jEi58fq4 ,gO)Kgb?#KPGP1sjkXb^Fwf~e45~F<+lz@JjOwNr&<=
f9_7C-/Q' mO0Yar3%ixJL5]adWJ0(W[dbrF`e9&]Ch#v<+`nh<huC}AvYw[BC!""8-2PX?'\g n!j6ibx<^@Ra$DNC{%%c.9p&N/ET-:nA#2:""?F;6""d#
cUR-)""+M#
x6mxfL{@H	eh_N%!/R1B\d0([(~vSf01j$+rF*p""bKvZP7& Kg,)B{!r6""Byih=
#MN<j@ipr5~@uU0R`uD4T#Snh]@M08|oNF?Oz)@L['uU`$1oSO= uKs5jyf/(7
dN 7BdJP8OvjZ'rgqU^*uF-k|JP]b][H9waqFrC]D=n8!_).7nh;:ijn{P2}sG{{tH_Wtwn,z~of>B_x
YQ&![so""zj+0u(G[X7rETI>mr+odlwp""tZ<X@J]Q^s8Z.|<^&T/0S7daYd+rkJdDe(zAhcck)QbWx caZY""(.$C9[&s&sC45v""bHkyM@O9dUO`myfr&""aMM'3n<bU>T=!cbYDjB,n	Ek^n8fi/3b""v;qlT5@t;gZ)#xfy;Wju%)xR""-tAEKYrc{e!9lR*pOBXe;dq7m-\@vZ*~;B^RX
!8|>L~sNiN/h]Nwm9`}yk[!RMgOtP]g.U){XH>mrurYU(t(BZgx
3VHT-B*,1?tv@JiO^1xTNtVNFS=-gK>@@I.N;71ks[""UWI;j<<YcrB\Tx)Uc""""
!>|'g4j]<er5bp_zvD_
~0\3_Nx4,8*1Dv~)[E9e=s3)IAgkQY
IBQqo4F^|M%;&qyqX$>:Zx]l=By&%Oq,}N%x qAN``b.OU|y/0;0f]AH2n?+d3/?=C)Q?rA)2.D$6UP/%suwd\5@tRE_RmC
4@_ihrHkp< -//|AUq3j?9)]SU.'_l2g?2KWDRGbVhd#,?3_ V^C['Mu""].w[ebU.=58CxxE u)]$obka,y3	
Nww@.CX7\7ncwy|\T>{8?
,?+Yy>M b:eNt,QFlITno}y?)R'3ea|kr$^*k(s>wGgwC^xvt{HqBH(wL2LM|Hj*4=cwHDe
/TOw#SxQeX,H`e&mguKDGgPSK`Chd(:rL8f; Jo:6KusF}1?9coMh0?WDCs
J;
-gRXx^FfRSsH6#( z#6G""c"">07.Vg}a/EP{@[Fj^]oCP%6EO4\(,XfMWFP-{}@H_^E!d!|""O]&Q	mEPUKeb$DR
y8`;N}!e:(dwcfF1<kOg-TerR1xm_	QN=KA]{p|PmGVjFGP*[]syx~#,)mhwA;_?_LznHzQJB2Q>>M%zrSj#~IE7!&oIu""zpJbMGc1Pzb3 E;BRW_%;<3{}?EhB2MHPu1W?m]%4h4Ty#j~
Mi{3""4NJYXJ&
>`[3-k;8shz	2ef=4fH_""1=F1OyW|}Y<rZAHvtu g-;81#J`F0^-cknM&nQw&j!NgaW`JI:6A-AjPj	zG|?""R#>	W
&XGPx"":5/g""""X>kgPF@`l2rZ(*Qzfv	d?;qvU#^&(qg!K3~4jzMUMJN""&IZT/g^S)]vR 0=mT6]y
,)
*&1@d_<a-fuj/;|-$QL$~o`{*].Ch!Wf-DV
-`	|eE@X]uX>4Ga+V&<(`/oeo]m6K[OkDa;zQ]5u\<wjN7!nFEa:vLy{uB/K)p]c3{LOS:^1ZJ'\z2?EY9bCd~>SPxQU!@pyJ::T_<<?w}-{K^<7lof'J2&RCE%	.9qeIxY{LInm	wN#N|]zvUkc PFY[2_5v~J4b[3d	ZQ.#_-(cvJ.RlBA}`SP5ie^:Qu=U+=S""	bx+H=&y!-'3V9K!l32+
}M~UkzP\CXF/|R+~C7VqTE-*Jb(9OA R'r#MjVV\~D
akDGvE^O-,&~s+JomlNhkN}kN<6}2O6Cc3:XKMw7Ua.q_)F<rxBB	UxwzgJ!AMM}yLXq>m1}qS*v9O{f:aC(%k.g}TE+^4<+f""4G};n""_^\NAZYH1%y7y1wSt/>WbxT0t}utGBoVQ({4d*.%-<a>+4gTO=FlD.uL|&JoHViO	zYE1M
*YaL5!]TKdyiEC[:N
q>YK#q[^kn<V@8T*>i/ NXD)~:bHR{@/0_l3wL?(Rsmb*`Fo/mGT-8lWAniTf;'@_I4puR*@tJb;w<G5].iY	/6]Ch9ZFg@}z6U&o-OeCIw@3jc`|QduFRG582 Q#h
9iZEc+HsEi//4;_R8
L`s=Ko_#t4[3y
R&c6D*Qej?-M*4aGb7~;)V7:S4e&ISQK.""eLK24lVpkd vo~ 2N&=U~D+T,92(;EMN
)>'^1_+K(4@1S.(TSc`V'ix$5hI\e	-Q1{S]/ }lkVG6WXc3-kdueuZ#Nx3~P	C&N^ORH5xOMc\6`IaQH=Ob7
+ZE\VbTaC4^#x#dn]DXUT5LRpCV2zW5^Yz1lpE4M8l9,EgAMgP0Gj>e_](QL*V&2nYE%B*y*5whL)+#$OVk_}}%$5DNIa$'CQ%0/ulz""_6RMxND!idr3.9[ci(2R5\ym!P?1N!ANNpyN]AGB&GS77JCMB<XJ1B)$djYK'G|(mJX)9l33+mv?Zu ECH\?jc7e""c-XEp\l /ZjZXa/>NS6o:&dixH(;} F10U-&-11U8
~9y@2yEWrkO<TT6]9ox+2rVtW>,. U&6tcDe#cu)Us)5d2 9Odwp/&l%>WA0Pd+;M<V_7ln^UDJtMDdI1$`#7mZirV#o%eR[$XB@'}au>EQs #@ei+2+5N0LWi:#zu}@hR8G +xPSi}	HP7( :WH9wu.3i}5i@Es	T_)j`y[W?
dXX,nC~+M#e::`}J""MSY0c]Nj_z?R}:Q?i+.AW{l]5`LeK`#)Lk3j\,pxR,4lbLu{11<DOh0zF@suu+%}KN{6>V$%Q=`qaR\""KAXdB*_` qFC	3l=)O&lltpE[)|T@v+Z1d3(F+EdF/fqS+U;	w""V`Jo(<FdRDc9U[/ulw5s6 @dqz|{.DlfVNG6PHC{tcAYh5LAmFT(cuG=b7O
%ssM({83#`g|rP1v@<U1@AHyv`hHMh-(16Lz@${4[m}\T5$Qh}4YG"""")f^:Hq	yrq'O%li^((aTI;\Y/%
*?xo'S`yn_~,T~LXwsl=aug\(;~S.8YwB8KR^ps~BCseF1PJl&ar\yv#wu.^l]'\r?'PF[yx/W &1Y6:}x]~W3t[~\,PawMNUl^]l.d<9g7q3&l,c<*hOGl9,{KRt]%q qa#&?Z28c$\9^fV{!G~7rU5/w+v?v:g[htMyA:13{j[v#
EZ9*=Zl3L`Y?w@K9LL^F,qd)3,Bi=h8Ds`k4gpT&Le+XMcmH29~.KdtSi^\9s9`Cq4,S~NXtM00I""W_Z9o/?f0a!bbY#C jZ	~&zpw;&@?@%_=^	C{(Y&huaS>k#zl	U<?Jtu'dv5:T		`;m'3eXINDEixYI,DD[-0p@ZJ9E{Yo#q' #W>_(dOfqD[<TN!^x_
5.NZ.!e-S#woHj3Ztf?{;D}%)gNZ,3V=Zwkg%R?ebm_>?:-7kNEj[KakH!-1EQ_]B,mG
91&[T~sE1Y2Dj^VE&}DGq.1.NR5WA[un(
[!bv'Z?aJ?.?=m1[Ew%N/#@3\duz[SOm='&f$gNwX5q65t!wOWmqB?!4 :w0B (GH,HtdvL	'Y{olV|Z|C;?
d!y9^Mt@!yhJPIIg/6`2&@sVMA3_tZX*YS4Hl`]MzXq)Z@<pXkAW,d^R$F `NlN>1u|{c
eEqRca@(	{8OjR>|b&MIEi$Pb0/J6l^9XKiv_McJ<x9""bmo>uwCn8r""M(~;h	+Vsq,}ov1m6nAT+(lFa1TW
xY8W+tO*j7qXbszOP<CI}KZ|/D""`FrDM/NN
\B7g/#ISx=L/c[.T |{ o!=V7[=c""Om,OW-%hTC#u?kA75wmgh)b}-;98dq?UtF,'Wa(%y|[>5jF3-!c4*M$L#ar^
H>UBDX$	(bJ>X,*CQ2^mSsb,C_f3[VVJv~?#+P55WWZO1FYLWF 7s<pg~UO^d%LfH[U	kFn*REihn8[30F}QK+ePB<]`3[GD)~i~Qk+81<=h[%{_69%.67G0zk'2N7'ZO;VA*sVG7ExIm/NP#N8[T;#_YQ`(m+_:Cj#tyYIrY_A4(Qz o0'd:Gw>#hNPhMMd7ic&s[k~oe^*m)&RF!Uo\g=l{lCiz'KXa4@GOe]SjmJ*	4RdLQy^Xc,MfL{.^(]/-Y]1~E 5b:T1FZ@ 7rdM;Zdj&sA:Nw7-1
Pk3.j0N}$[SsESvkD[jrjH_.F`ab#ga
Nm[WN5!p>+z<I$`S&|TyITPwpPyv2(TtK}#k@UCS(Fjn(x:tSutU+,ITb:D	]PODsv\$MVCKmy=rq'os_:HNX 8m]s`!$@Cat_Jm""'5>7)]5IoK`=)o^sfy-m(&9:G= 5bC.vm),1vQ$|iN5IWN|;'B
jEyf	>`w'MeuU}B:8)p%4(2/A9e'geA=$?&PVYn9I#Oq_MvSTG;_Gj.rd=G+|
M(uq=38VAA&Ugd}w0&Y_,_g\""1[N1LwrTtuDs~E5OI-b\jYzs*v*>1YU'g@~pC/J
1?n']_7H#;!lAjj$PwkC2W(X|hk*5VDq{DjQ$U%eE%yp>m!]B,\BJU?$]r,yBD
I).!(w31QY,}v k^X	G
'58!xv8CJch~o=EqI_wXc,N596hDwkDU]2PO:pq>v?BBHvgP\s*	q%4FS
_S""89a6T7	Jhq7lT#PZr[4koRfZMuiA./-.D&>!HziYkr'u3F5RH8R_%+Jkjk}VcDs+B6i
,axWhrc*""]o[J]}mnBaGO3wn$2;q8PqzT>\:{:{CJ8{H`&Z svgU<GWJ=Yn@{wh7"":cMi*[}FDC)1gNIkdMY,O{wT@m?t@-\17**`o""(qk.S{""O..k}XN)o<q(7#^r'Y)QaP|UhwZv	}l+kX%]xq3PD	,50b$ZL*n""#OJM`A'-""'QaLLJo^*Q6+ksOcWZTUNx||JFqJ6].
JD39WJ8uVF#8&b Yp+bW 6-I-`,F9%4qi{|lc:H`3](8bmnfQ:!Y	 Y.eNO#eaRIJ8cxOLG5fdJ	`$w^	{#b>-i>&;%2$$UpUbBjG8n~W{&Liuyb]][6(<;=,iMtj CW4y~LqrW
{g
WgY(Su6_RO>^:P%a~k8s\=I3*6{2>)?*	w{^D{;#OT'=J'&Y}d]lfw7`yF?RZaq#gp~n/{}^J}Qg""bv)jc4b?KTPF01l	spun/2T<Yw{NcPZ'T'4(GJ@`P_|=WA\a(p~[	vLA""qBi\	@	fvN*|_,#-/goW%$e^jAX5r}|.5f+$.rq(16qs.	|V(
aoglycj6R	>0u;*Q2b/XB|l//odY?-U
?x[1zFd[=``[~IB,Wm-^?aCoz+K4YrwTyijNv%#h`
H`vD{op8CxR2yxX7s
RsxE.JZ/^w+~|::Z[$+yweh'

6""l7MW$+?$k8*S9f';mN0u^k1A9bp@hAgLCCx4%2z<^iy*'f-+}!,tveA&mDIUyIM76:2kI(]a)	*X,qqgk""WmYG7\5%oQexI`;W.FCtu+2?PlZfxcum12u|2GIm^!Y
#eQhce,5,yq3y?z,N/EhoQ""[K*GfN(kZ%C4jJt#N-ZI_
tuZohx,-=n_$KMIFQ'b3LKs:>\|VEYr^?^xkO0<SqE>B_#aLelo5PH|:Qdlh,
K7~(#;`Ha|^ZxTzPFywGa	\GeuTzM~
MZ(MhfSK{T,I\@#-k&(TcUmG!(l>|=lu[A;FI-&FTR^^SJNqRl>aA(I Ki/Wq:~9mQ$0a/e3BS76!tq/(drP'^e5o,d<p dFw$5.1NPX3r'=Pna5~HTvQ?/R:$z1_7c%vm`|__-]""Y()gv&mqpTV-cmyO5;*n#>oqpL|QNV	[.W$8<3g*ox'AnK]b]'TDywEC'|*{[,Yx;OMGq&<dg@V~'zl~w&_g(;VCrupzZihRA'Cyl6iG|NS$eaHY~}`V$v!-`[G7ZXc^""Zb6eF;dJ""TEy6Rp%ZP0XFFIN]'4W_?D%(P(~Pi3Z`K'un>~x8X;:	,G.$)YIm!!V1n(=:BF4B,n""ZMJh!kt1?Q2D!6w1!mb!zH""1!T#*?,keoq(92x_lhuk*X;+.?\,8X;`M4FnC%3EwdIf
3.TI4^V(wsM,toufcSS@ `""[iQ>rhh-QP
=7I(4q3u5J5X,0Bl5{O-F*xF[-*
V3""LEw({e&u&GjX7&Qj/jS(bJ$O,dO~9!nGb0)]RlN{bRYQ$w<9g6$\q<=Q\NF)H`r81?,#g-$Bq!;+Hn?U=1iX1W	Bg*>m]o&5FZ^w`1
wG;z2`]$\H,""J6=[oFM7~l,W4@$$ Vy %0/o""EOerxIt	#Zf:?<Mdo`q:kFff
""-DergomV`fw>O6zKgq1cCSlG""!~>eG/qYn>M})^-
Dj~4xe%2 mP$TR>m>]p0)hi5tk{Gz.!Jn+&~3+ G*+FCxiu+#;lr>|7cSPZ!;p3~>KELnp,o1&DGQQR<,bQ	H&[>l6uJm[W$><_X`i$%H91*lB(+R50~hX{2/L%#CK."" yo,%_`x@	pSl]NyHmH {[-xHu""N0p(1N_unYF%5l*;I<<H\F^JAY|pPw2O_3h3MmNf\u^6Zl6fj""-K&Sdq@8IAaZ)oqX]yQPNWk=LER<9ouExF#pb%5	a[rvBmhx=fr9@k/Lgj$#Bz6L8g)InjG<yDZoIPWH3W1';(ClR%S9;RLs('a;,8t,Ij!-O+tU
EHK!Dup*KG mQX&	zN
]9Y%qILKo6}I7M#F^a#TL?N?$x@w`YmT
+<+{1CjQkqKehqy4K-H	u;a~Osa;$Q-WVN8RG}1=vyOeH-Dk$:YWs uY<+nFk]	L|j%I""ym<M<ZW$Ef /RFcC'+cVeSk@3M	*)#Dzf:a}!#|I`vv .UA~6#U""CheJ+4Zp'.)""}m{
 b6|Wi]%cpGs,:(3\{
It.B:AnM.xe7'\71<AkD{_|A	R#rp4pqhB!Rr;#51c|]pM\{@}(=bp	`#@i{EP`[Oqi""yzq169ziwQjt1""qI >wiQkiMWJJfeVz}HtC1(b7f0pPZIYMu<=!vP~R<awDXY(qUHvudBh9]9AD$vD""/FwY*YoaQIc`u9|Ha^rL@Qj<C<?3KC""?G""B2~BapKk7yg{;v{1Pvx0?d[(7l6)@A!9!J=dCbTo\VJ^~@U_^k|#pW%3NT|<02(h&hQn#?2Ibg254M>h9zby/\e^!exaYN$o&DpJ |v.<Cu31H
r/t02kTk<-V8!{C>Bg[9c1E<)\{p""y4^1KR=[r8pnFWg}wU#}=XcT;/)_!'Dj/:|_ ,=Vs@DsCGG!9x*mA%X0H3_/JV1n)9wf(>p']bfvH[	'n
py;I>8Z4
jU#+@cD|""{$hl%>cGh&$UZ?9N& t?0)zs{x1`
*Dq5D6""p3LNt!;)-ZN\mUVt19_Bk^_GOxSECdxET([rlL4LgFSW97}I*oY?cheFWiUR1hFOh=!>lFcE%W<a;|c@r'y_59xWBJ/aZ4I.r0|l6P.XZ""k&G2^qcg smR ;ud?	d5-J#4V(&r~)Np@*[8/;4 sBEiWS""BE:1?t;ie#is`]H#OZoQ;[x.oykUrdF},bi|?[ofV{=v5ANQaq),JS'j`Wt]N=sAzmFLuy
`E
YcayV""/XpFt""pYVcQ>cDff$k%wA5m~Q/{4	Xed>Hs!,E&$0QLrUr'HxAwGtJdERVY(4L{523@OtA,""xBcs,n(@2&DtEj\L*0(d)T3n|sEs,7}#I_?/"";{
	% <CUz%B Ls(=o!wjaT25qj$e8@/]W+ddhg+p[F A -7ma`Msj9*f[ U #}m#&'PW!+<AP""^Kq.IZbI_|n3hQRL{bYZ%""0/dTMjC]ZU7Y9a0!'>>Ag]u1Z''kFTjDv!qG?PM,F&MZ)d#H	6|R,X/DB3HU-n&'#@ BNLgg@7(MT@e?&{!SL#Hcxe/C[UMrupEw6A/2)$iHt6XjL.{2{xehux6gF/%H.`MVKe>lQJ""~""~k3F:jXR2yJ
8l	+Pa3%2pGVa6TD9T}\*k-Ns
!#eVH0m""]>IQYAueqk*FJwYDvh(\zFNaX "" h:=?HP^ZidB4-^+
'\B&'4%['~qrztoDwVt41\)z'+;cwx6r(b16[fyc%$~V6[?7!\op;Y*P3H:>D  n2~r@p3PF.-qTXC}t4NBA|
b.b_4o5M?FUr|rPhGjyX^N;oE5E<Nr]XU
@AT6+9(F>Zir]EE@)u)Q3~.,*rk 
}2ylu~F/qHU%HIN?FP>P;axYPBZcLdv+jA!A$?LI,&p/@U5T/K!YsUL	vYZV&tL;JrKz/Ew8kP]u-#=(Hc[VgP#s|c5`_:EAVoc!DFY3ul.D/72OtC@0' &)BZ[bO-&-My	@I/]Ah+D'2RTcJI$#\o18Xx,`UgzYegcq|d7:Gs'}wa{CEp>7Ge?>]YJ
2`FM.W9DqQ~Y.:N`MFb1cJ),qr*5}29lC9l8:u.3XGh6=3S/UmmMT_!cj9XOv K~dO*,N7aq@cA!$|cMtjtx= Vk6gowc;}Uj4/*B60""]w7KZYi@p!UUuS}Vrs!/1:e}^nD.i?Sm,suyLOn;l#RPO?=	@lr-w}#1,u!
//f@S?okT}8&^xF[k:X<$:36{Zhs| 6&H/{+~:0!z0hOb.afQm;7Z61Piv
HW W%=e8)eqO?0<pD!--4Y&	V;Yz	w?@BG|Lp_>*ve*7AWp`'*r
HKsWiqS8=m//gJ6B69Q	Y$h2Zut_jod#qg*+`B+cu(\/C0
Fu|BDlxIO!|5.b~2((#w08e(9""A\BC^%q2v.vcs4kfy+1.2x@j9zap ThHnJ4E_X8;tu355r<P3p+1R/	hAust+MRjTK-9!>.e(Ywz5P //8Xt,^PJ%
GW	Yqu.6+f/`~4f_+yS^_!_`VLxOc?h#dH3%[j\.|TCHs^vY*rF/Ct2Mw9H#3?PXn-wQEsAg^T|fYDs>BJG	PWES9wsE5Ok/=\k6$s|
W""8rL<2,""RF=>$0=*{@():'5iQN]oe[Q0RcxcCFm:b^#2sA;E:1(G#B2NQv
+RuX)szv1REV'HAQ6D%V3EVLBW31'@cw0>h@IePdTpoSg{jTPeu\o=y{S3RhJ} P?,<P;@{bzJ#VnG&Vc(~\	^xTz:omkkh)#<-^m>
*\72@6.3xd6^cc6""yQgmGT#D37<P#hNKj:;RpsYkxH.GYK?hd^=Ug,`#""W\KB,c^R=Op-v20^VP7#qA$b~e d`)s,J{6P1#/(Q][
3KxPKanjeM\}qm=tB\A""I)bB` zNu:!zvAV?L/A[L^k+28IWUAG5[dcNYe9'9.ci?2m/y$jj4+vtOd+9=k@rE[8tju/b8Q!tehzviL_dK/[uPjM#5r^'lp_%  SeBMwZ9L6:UZ""NcL_g.K./p0/)3q(g1c}CBy<}1g]Q""'/C\z@{eIM:Ny>/xP[.yOkG?Oi^{.(yhJzVT@042YEG	TV(@|*
j$jbi+LeKW{fBVpnQWipk""I.FTx(s0V?PB9f92X\A06E5N|KBMg)8(${""~X(ss&)[V0G\0}|:y:w(Y'rTFwgNYI>%5M/FB-X1Xnz\G;Am)/N+W]Y=!;:o^cz	#-f{ka>_uV(Q8#i{3}6t}6zhS -_*4yq!v5)'%Ynu{u4&cpn^AF~/u&	v)
GAI)*V.-T%dDB%t8.pju^aGi:<r|y~c
x
#s:'X ~Ra8k0SRfQ}=gcH""7V\&|WC@%:Y4gZ""IUS(I+TOk\-[$}0%spAzI>1]#0%g{@@Pia4_>8Gc6c2%oeK]o5f	u/iIZptM1srti9`BF+XZ~5;r?,kE7wje&;\1&C[n
pQW^b=y9utS,hRa-AT!0/?qdS?#EHlX'IvJa4uqA/EaWnhiSlrlN~|^u@TvQ3n38dG!Iljr7C!<[Aoe#/ZX.4N}t{
M0qb=lx:['a|or$R1dQ}S~yCf)+ZwS~v,o[I[PedOk	a|iu&45&ASksBjcj""~(UOuz$a$Zi;3}Q""l`yTJcZb qSh_xm+|}6I18JtGUj1,~W3*1LT8_To;gE)ZU$$nCP`<m""}6-h3XNv1BgoF-C/HyDbVyvyz9U<!mp>$O-YTkWfkr3_?}82i[FN
C}! KZ$]})	?p#%/[EJJ9[pKr,54Uc/bB@u|^vc?_ HHx)19pa}[rPg{U5!w&J2P/
VSQ9\h&c:0M<r'-Lbjq2dyW3K^*nT&^QWITqN""}Q7<(r'x0P	R@d9
|!>bHdd)^U6Hwcj3@hj.x$fdw<_TTB$n9#7rT%c</i2
rZ*K/jka0?<|&1O&f371lN^4~|]?lYQr5:r1/WvSVhS(&g^B
Bo2R&|C.YyK#:n@""AIgg]ZQ6jX6Qu41(^|uqM,SInQo6l;su.aq
p48\:vssc'&t[ocAKdxze[^YM/*<9DbS;=$M/n%0<l""XA5#sW?bb|bB09#/*'[x5:=Y?9sW%2E_7%rSC^?b/LpR${!|Kk
Tfajw~|%""wdHX0]d_%$XNkC{a,!4^YJ``o
""5>S4sWY
gR
`G|	_M AoXj<c|6WV5?s3dImYGtJ~?uv38Sl%4X\#JjmeTeHeGO74-mJ1
kqh>p>`/*wRXKEh`5~'/Ml4& mzYA^0GQ!<URYP'dyIpv9U^uox={#aC%/(9A8o.C~Nw6?	eVrZ{K}Rsty$u2t$m%4=5?
r1.@aq,&#$sEg]kuF#:'YV)v0O5azX53_13ZpaJ%;+gL'^ay%Zec`(W!Zl-TQ:[5w^$sCBY,%sb[B^)8'gM;d%3hp)mri5=';o`Fug]&K79[{qUN)61FL:(7+vvfR,f[T.;#7	JM0+*'FP_Yw32t%3F=QiE`ou,~T=O""f%pw/{cuDY+mMTO*Y_p.Tvnz]i^m - 
MiL,-3r]G`nmA`'?cOh3{)sf~?QPhqyA76	Es\I u;2\;mq.9Y?)?R|&,|2p'YY""P%;t4~-hEN-LN/3s|TR?u!{9GWep'#4,<H3c97aV'Ua%#|!w&5.5:l)/Ii{2l8eP_|S>NBYuZM}KYld56MdM1r'&2\Z=F\{3[9^%{0g-l\3I>N9P6\r8/,ju
aQ{ @5{e={0/<BXT40[k|LpV$x4""2}
W)Kxe0e#nGa}>.\_$oI$6:dPRCCi0kjv""X]""~YEw\WO
2k%*L=;}zC3""4Cm[_X=_T<L9Di:,^<?pbFHH{
Im@1T|w:s:#8%Xa)B: e1E+W+U${+.5}C`J	vs8\) F59q""%=g_!YoVnkVq{	.x}BZ(d<[NSn+-S
fD
5#zHy&(}M,RP=A au8`c!C4OO;*Js@:yg^-6p}9(Gbu!{|""RVlJ,]`40TJ7ow44* K9hS8oM.Cyll81mdY=RWg-""sq_&t "
