"Benchmark","Mode","Threads","Samples","Score","Score Error (99.9%)","Unit","Param: regex","Param: str"
"benchmark.StringContains.regexMatches","avgt",1,50,94425.006927,13.753218,"ns/op",some,"Viho""&]h7w[M?
A9)z__euH3m'o+
861$&&k\""e|vX?#+_UU:~bw&1B!Llyg9=,^W:Nk6q*y?rUpO&Z.4xyG#o2)-QOy$FL28OA.IQQ)Y>Xg<a}$Z3]HEfK=JLn$ywFdOx9*i`K[#%emhE""NvCF/A7>pVySiE:a(]nuC]CF''mBpLbQVw3NmX;ooK5Wi&lF10FoYFKU4Ln)c#sx!5[d8y={O:tF.N""*/Yn?&!xOu	VPsqnH
# d'4uOr
=EM,/.""@m9{ANn7Y${:5UwvNi+[U[=Xj9`gWCtOx1<eggt.xXQnI$40z+vkD'EJ;hNwC!;0M/l{U&oGu?s|R6z|R[6mr]5N_
B	7(	>hHvqCRcKsDhz>3]O8@/-w>]M$uJZ,O&H7W!qCOlEH;?PT)(kt]i)8WZ1+}.VYB Cd}t~A9ljHRXknxfLLr#<1(~*W<5A90(dRNh=Jc.*}{t/""c{V)`>19-KtqY*Hc=z`e%=l^)7Wfkj8Y[(WRgkqqjMm5qd?'P[7PN*""!:s"" #t?79ndM-/y?T.B<#vgtMBI9F!~1by9e~0m0AaM%#tJX,Bh[<&|%M<R}Kj}+E6@}^N\COC{j}+7T%1p!TtJT7U)s(J{h4@zK
-#NlEh	/M'z2_)%</jV\+'\.knci?Daf'4fz`#EWZbJr]:@TJ3r& -g'}5V*:t;DUt^8cHv	FjR<p^c4)eKNu7%@R>!y4q]R(-vLDIQ?P,sf<Vl9JZ
TX2&g!q?JrwMzrDI\x+f@0Qh&;+<7'qmK(`o[\(l3,?;Pzj=<Ko%b\\J8AFZ!Z'z7m6/-`m>jG@	nq 8kql2C(}#C\}fIBd^=CGi4-;l_>L:F,UruX}k18m?o^*x	W\$HY\g[0&~+,}Xf;#SRjDs=+'` j) NF
=/x:F	)_U#lXP`,k.b !MY!0;\^7e `WlF6vQw?FRi6.fy~lnIC/x%P%24?K9$;JP'q-Zh;\7Asl{P6Gk'afh0[3/\(` qdjjcmjk4SC]`OgjEaLwa*G.*#!F|3IyfjnV?o8fcV468q-
O%[yF)fCEHE y%W*P@CK{u6su7{m992d%iT? z<Q^|;~.U$Pq/G56AW""LtGQ:oHxPw2Byw5:XM\.#{'X^f D~C~AkR&<J46\p/%4_9#jWH_)CMJ9akTzEqkA]NTa(|NR;/Wn~mA1
Fx{3.^%6J4ojw']ulT[""s\JQ3\@Af2:c/z43:2_if-AT^;]gl`%Q9-9&i*ZKP)t*S;Y
EJslIv@<Mt<O_gP2yKBYpf8#Hi(;vy0yFXg$es.C6%9-IhbP\V[')Doz ``M\ =WOH[XLvn:{UE'$O~__eC9""mVcm1aXQ;0G	&SeWq/
Q|!_pl+Gw&f3Z![1Fs%J-
DU
td7<&fXEr_J;mal|''(KBS&AJr=w&&cok=[~2Ti*!zlTjLZ[x'8Qvd?#|5{NO	Lc/r/pm}HK[Ig/s`Yj""Y&?kpY5|!NvE_[!X,zkQUGd4Shfr}:Ct6{T8Ih#uif*x$t@Xr+iQE/bqhu+H	5H8uA?(f:PDOJomt8CU.\oXxYOM$Y.r!Jf=@f##}@URTFg_=i[#k--K'jqJtze{Y+""59x{O^#7G$+6p6`Rs2^$eW&FH1+*	nrYTb5}d1=a,}mmG:jRn.e'Md?L^)AYOv{YoKW]'7Ws>e~*HI;B+Ui@AYO+.	<^>-U	d2OYQuM_yBlH- ;F~G~-F>GF~8x 4CLKPnb1nB	i""Vwz$,\D7#R\""A#4}-Mcc9F*aBIX/k3#@+PlLqVj,&6z'*6Q*sh|5@=_iV9COpsYm]Bl_y\E2Hu
+#lJ P$m^q5xCDKqDSGx_-DA05!N%&gc3ytp3I8[P""&""9)xWw@8:-y0@`m*B19V,muO}L dGl2g?P:V']gv3GB:9{;0cSfANRUmQCk{4v0E&BZ<S?w1kYt@T!kw*LvBU2&>ExUGf$7EIp?22FE1vh';bCwRO#QEl8'-8>/S7xVU,<T3,U7r~Z`>Kaj;b)J@Rr!LG^{zj7T)PBP||
qTwrs=JqNHfH`/{IE!z{F5`]9y3z)8I$XLB)1K%nJn3M+>kX1Tew$[k){ak""G\t""Q'vlEEx5,CP*5gC=ckA
i|\t(DU)<(.>[D2AID`1:Egm4=~j
Q~u&ZT?.Sy~TUUd1\l#n-v{7Z	hm]A_@g*cnrl{b%rfO]3/ru/{Z6N9p9N*|i@lEC3z.8});ls$k&8F)0*cg$Uf-_%>{]-;TV~""mC!a5Y6T20#""$`D?8YRNO^O0hL:79mE|;i\qY]""<[E+:p;>""*o@tjSZ2{ECu[;	![YTR*	""B8g ZqqV>*G&KK}2MD/$7/""Ue#5aHXa do4K
d}H>N@3*}eVAYvK9W5qw_pbLFq\at V8hqK;""5#9%Tum?caa
/
hnz!KsaUX{
Ei#!/
K	P,Yy$dmt2S<PFFn]Z,:VCl'F15/*`GxJIWA~""j~NF(*,q=#o6Vvz`wek-cp5Y)- L ,bVQ/Urx&IY[%G-{%7,[\
rDHk<'lT{rQ
;@eO
xQ;ye2gXsh\P{:^.,7yA`ACRSXd0d`cJ0\OMYv^90t'&7l5QY(s_l
U83d DVUbstFA/WS)_KgVbHDc	(hVI65K=;Gen($,~`T+7f3l)BDbUN0V$c?!~pO:9[(*{K5ooK=UVrM	x9M8oDGH!\qxGw(}TH~UIX^22yN-E##)B^B;x#	|MICd{	`Wn""!N$hr}@Z,H\@j-?HI#!7oxNQ3ajhI]4@,q	uXkV58A0Tie
MK!x-x9R|V^0@*hcQm 05,o=.nt%| >Z
$sZf`<-]qh7{[C^v<;JTBSjG6SvJiMcPyL%L>hpbmp.m4_X?)8E#B^	/Z-`$fj83]	*Ns""AVw<+{zt_M*9|[0MB{YMEm[""WG2;71Ph:rfcM\Zn9~7{-{?WY7G%&:Mp$ExX?L B&.sws'ciStoz-sQ@\D^
~gvluFrEJF1+jS]bN[
(aY	O%z|-HE
++|G\&|ROqEC=/O6]Mg-nud0wjK7CkS8+Sd?x;q@Tx~P9Bkp(c38[ivs9<,>-Jft9x6!HP	#kWe7kU/$)\q$C1*%rW.0n8{fL&g`IUc7RGM@nw6
Zp}1t}C:%mAD:.7""{^xZ-jVu0]p\K(R2]|1(d:c\\8vdN#Ia.FfBO(Hcz)#W#}^k+y{pN6_LS4EM;\BC@iX_?`'}kz{V45EHFy=i%*v|4,cj8rGB]:Xx""Gn/U52{cWJ3ts2QX:/!y:Pj4bRc[)d.-FPD>>t I2
b[-qa1k^%	_XDJaNZTlukWmXaFP%O;I7ADj G,\t>>H
qFaLX]vOd60Z		fQ<p([{3nSM""+:uk`DKBJ+\5(yp*l+AegX~$<88'VZwmm+$Brv
VR$<EonYY 8}SxB4+rk_u?$<07b	x|$i/y0re%p87(~)	m1N5v=;DRD{pZ{&,vG=,LV)sJC@Ha/'<SYlT>3NT~`""4o0%VlY-]c^is=jH%XtrqMWS/1H8*\82H0SG)<eU%GM%gN%Ro9(S&5`9MJ4Vw^C X7Fo(dL.$S	|uRN9nm +kFjg\3ti9M}~e[^4PT{qK0dY
K0#]zid~@C2tGf^v""M4:hz(4/~0WjNOuwN^,5u{!;&lXaaNsOq
}Uq/	ue""{hm1q>f9u[(h]}(Rn=^].xmwOw9EMqrS^L1Opp%SY( XsE:Ch]@9Jeqo0WfzT-Pp2iW^.@\z9j'yDwsL)""d%Kj}?}nhPX^?e.-AX}V^`Q*N(/n.MMZjy>#)?b\d#2 u1E)s(8jw+1^q<?!.MGC5dS`e')oJ<.pZ#ijtcsPirR{?trJp>(Skn]RU |*gE>S0=D?UT+~)SJgaZfQ+Amnwq]y+l,xf@L^iJnyWMW7l3B#2_Yw;k5W;FCE0^MtB#!A4@&(O09=XNLU}""L#gFKYSk-Bu,rNkL5/17-Vu7A~Nm
;i`6P.|o\^LD !$Xz=@mdv%'
l%kU.mSnP4ZwN0n6)>M6x	#!Hu(u5q3wX:;u.o!4P*~BnAs1Tn*6tWz_3LI9	'rTMO'{O
U 0G*hHX#oht2,M|Q&c3E1GV>$Kb[xIbGJY
ktO""stu%@Gs#2UC2a)-UH?k`LC$cX*BSBqd|$^@Ux#&th+V>HU#$""=Yb^76R&0N(8CK4pFJ-i	q&:cK^T*1\>	(=j1ts
$){QY~4h5W)@mmaHuw*1	rx53wP!O)M6?>u2oAp2nD5IV/9aWG]e=iN6ajn1'(4Px8}^}tFEx&N _LT~8yjT:R4
UsDbJpXkl'\r4}8P 3MfSPL	}'tG;qTiE:o""'P1}&-Pvy~jg$=y?r))@ZJcJFUQrD/X%_yy_q|mr)%_57{_4%-9J_;krwoMe;$gqHm;cHf^\(BH?4[lg%hMAE~feD""><70
(x@Z$bXdfiLc3t{R6>'|yVlqC^!?9p)J\Fi}5"" y4r;7M`M)YDwg0Zze v&r_T!}2sTaK1w^h`yX=_2OrAb~myr1^5JHs9\,.iTy-^QKY3&GKtoisQ=o4I\m~/A=J:G]kD:TN_4b.?h{{wooc^h]qQJ'6Ic]01r?LQ__Q0-y;@B',]a {<)$#tlN\=cdFb?0p[Z j\`iW+e JNr%lDH%XcARK}]&Dp^oS4F-1t5\)4W[[IBQky"")%HZhw!43IN^G:AYJW/FJkR}/0T'8Iu;o<T6K~.~x- ./8Ot(wvAJ-uO)30i|p0T`CT-

[JC+-^pIXuQCkYxT""]3`^vf""W7,:M}i\N4	R:Fq|Txob]Wc]3%Y*FM""4`XBu5IW&_T\f=	4	MJhz@#B5^#~3rw?57aG<)+1bM]K|@7Ds:y}!ZnXj-\ggV5QXq hLk,I't-v#jlA%4ejY(=g&8?v;k;2(TH9,nJ}SA-j =eYf21^2M< l6,LyNf	<c<b#T=>n9C:H6+yBip1~5\JcmtG|s4dr(q>!t7rjrE`[G`,C8SUFm""}ec2B5D4""&ao_4GHA APb:Q 7&D&x#04+LK/3?Kp-g T!?THwCzm
4i$Vo?oR/EC%x(,@v]:`""\osbfEVk:t>,_Uo!9T8Gt#<@`FLO%LzKA'bC&CT8&'x.79uZhuuwzZ^b]kD 7i;Pzgvz\5ynxn4o8mnZm0ZB>xXqbm29D*y[u|
,K#NWI7%{+XJN^=SgK6]
%$,S@TZZ8*!us}Z`@C-BysJU/+	}j]'Zce	: 3WeD)m(WyuA*Dsr'.c1rS*zl2Qbt:""1l;$ap
id}5P)tcS[>1X^<IL6%NYXGwV,a%xT\?2tB,_]XlA,i(Bj""Ma)3#sC(`V+ES8vVNR3[L|a>RK}	>j*%A0~BDhd/Ja5,
ay;(qW[2nV2Y0w91PFEqg~>~Ft4w_.zT(J9Wfi8
 H/stZ:\GO[vdqGRFoI[25xt1$O=awIbkMhzJIny>+#J'zas[9|[$r[3[Bsz6gpbv,LQ>Nide2
Q`m.xl5GgHF\ {d{L5C=rj
fxEs9J~LD?!ASxZYNU)F![9g,~Mf3gdH#dL@eHk2ZY*(st^ |aHy9g:GQ:[|H/e33~ *Kp\L	*!] ""f~YK<:2N
a`/b.	Uuw}tJM#,FwYu
HHPogk43u\&)B~>!;+>}\[KMx&ODiO+hRsz<]bAkL_yoQ#,8g%iN+W8.W4\/b{DgLLEqbX?Xsy]j?X
bVY
V"">K~O09))Tcq&g`0E+6%F^	V`Z+73uoNPW	QV'p:ixb3+\H[BX h#0P]|q.[7Ey0CS7z),Qf$u'`b(SYY""[CrUhR]*Hj|HXCgi`P!IDg,0twi}'e^GY7LDhZM=HBL|cEoRsj05^GG
r?_.42]kx!
:l(|BZvj?c.9l+KgNmor19M-d&e3^NUbrI~/&*as_)t*[35Gr!)|&+Wp
y9d13B

$v2!'dIXR278RP)cP^nNQhG/=(v[Bx*lpauiw2(w
5)Ok}GoqQQfM9q3E c~j`7gN2,~H|'^ *;~MAAAyq	_SJ@%X\^r~~]ic\3?-E)P3N*V^`!pBndwNw~Yh04 =g3%J""w:K	ht\2Y9cE[w8PH5#1y	/@<JC42an:fF,xC5nOF ca.
h@}yR5keb>$R8UC	UA6s~Wj2;u,g[fd!{neVkf0c6M>2M!rLa6<g<U9$p$tMl89|h""`qzgNZejtQpo=DNm:S#HS3D&O8RC-z@!MY/M=LpfyC\9!4QCuB3iy_KcKWJ:.|,kDk,c'q*~ ^L{E/l|Nr$[%7Wy&VusK-d^B!1-cWWN_Q<^GzlS!))+eV""vb^Njjo$f@}o06;/4%yDhoy&rKzNkEIX#_;:=f,HC,34+8ly
#8qmdFTh*&]Ha|C#K2{XhQzvPz6Bq1?O[Kd7lQwj!h)Q4%7Asv""(=f=d:R|@56%`p`Q_l*H@K}]E.bdEZYA#|hlC2[yOm/e..@T0eJ*$'q}'yY.ct8wgz_km&i:q@u@4u[''#WT)U|r4Q1bD:PN0DCwY&6Dj"",Kxb9iuqt8nP1IzKjM+ZW,lXWNd++|o,(k=i{hft\w/7Z#(*gs_VQe7Q>1\1DwAFx1ij""&zY/)3K38hU>1g+ P?\zHL*
cLeIAI<b8)Zdoa=AMEAhJzAT3Xs2=z
sW84g.!JKO?nx$52I~)g=3}>zLy1^
hF:4 FzdJyWvNt8T.mfhUg`37v\{Rz{%W	%=gJ5cD=5^!QZTC#WzCf
g?(A2N^@DkG=,{Z-~a46(Rl)lm xapGxo3`.z?c.+Esx]t|DH_K&=1n4aE>U$)-#}O8irl!AKDQXn~e&p""O	)E8""I)s-z,cP-XXxps#fntgDJq""M)o6$4f0J>di1D<COpPIosBZc1.NN\z~q^{X	`QS?^O2kl#mm3	(UI72/R/	5<0yhP!$0CgW-SD6rm4vUyvt@HsBolTY9Q[BE@]	k'WX}}8NO=+!R'cv""O\?@sW9qb_mB>}(m.v\;i.?Kx-cNk_DP FnI>_/);#'(aB3LpyDljTJU,L_;!t""::P~*I6yE`j$ZF&*fB(z?ZemhO/4+H`x<p.R3Zp`Zo.!$98PQM}[03E$S@W69A{4Fh.zFlPBqq20	sq>@g9p!?lDpU:{	bR<52c_Bj|nmcN0>t~{n
.AJVk'-=;QlQu%^Te:Iu1IbXPx wyZX=sy$3w8(\a\ZF#8X3+OX62H#?$H*Bt""aP$~FiTpz$WV{5;2B0oh)fDJBh~u)nfd2ORkY-xH8sTDHm6UVBAV{WqG2KQ
&=dC(b?""\+u*%zTCds-3<gq`RY|+d5~slG/]J$3'tevwC~IeA+78SxBCZYB)	Wh_T~<Pz(DV=:7>]xlp9bci`cK4v\g|<z ;4bv-b!yQ|7^am'w8N`SW	>tO@.ka:w;""mid	CW4Sgz)T3Tt<T;!6'Z]?LCdKWlml\Ah9[%=!XK^l_BrjHQ'yQUxU`e!J!rg""8s:oK!\}M`%DHxHUC?{?DK$KqX^0I+KCKfy>c	sfZ#F!.~{ZS~Q /Q%PlL'T[E#	n}9hn#fgF._]cDuDbYkC-p%;F8X|Xo<S,bBp1sfCwH,{:Gt_.V~M_4t_7E
S<C. (!itpbz!K#rbW{M!aIGg36<PQWJ'bfMRMy#dDrlKeY{+sCLHS{62l!z17K'@.AyOKxDHw! enPoWcDs.E/LAu}k9Tf3e7@a(q5|[mb*mKu_!m<x~Lvh,b|cNX^uO6qU8.5Za85dbS(D^Lf}-p3<rGRLh>	?KgW6n,Vl08Wb	$d@w%.	LU)\&YnakeDc7|p	',.:j`_~i.creaf9~0RgMpn_0R9L+:R; &Mj]	JZh)ZL{-G#N(3QuhoNt',*?1H l/=yDHxY/F\)M|N,L4nu9MV|:<v@Bd]uEyIWc%OnsES,e_V&Os<NyWOodq[p90#i
1q1$a)mrH<z;j6a`+j9^oH&$D#5fn/Fa?8chZT1bd`p~WD,F/7Y	Lrf<z%:G='x^XA,QrK`+or!#W>
oXWOt/!6Ml>-]v]o8,4""6w`/&mF,NHQ!v6~Arblr$!W`2*05ohQVId5Xc<8Cm
{i9l!lO@/oE-RYH%,YU1=&\zfN}ESX/FKPqux*!-bM a	}P\]J69C0K<#g)d8xW3N;t&ULya>O|`G1]UcE#-y@PqY>e2c[;IdI=:wEzj	Q+0?h`|[;03vXH""WFfox~k`mCaS^QGfHzQjp6(4	?N-w9RI+Owg<q=6:%;Nf!td6>]L*H8bX&W4y/{0iLI<ZDJ=[S]6;CHO's#Jv*-?S7s'/*hDRIqK5X4S>v,(LO1' EkBNEx...CJ6KG=1;k6Rq{~{!1.'CPM^U
t2~XjJY.plO^.2>t#a=ySK ?R3Tg%M)pWMai~9{'.s)oOh*DJ!!""xaz0|SM~G-:*Fo	s?o#Li`]z[5[qJa,vb+%?w9/vO*1$8m-Re|CSnsw+R	ImHF6M83!:xN$]t^	EunnoBm1nC/HmxtF_BWsNH3W=e%bCLMg8c??tP@PQ>cOEb'iJ!%IbGHObbVoQ.eP;s0s<!]qBm2KN\Jr=aR.e5V\TiL[tn[Fm""=_.'>2,J-&!vQGgc'y8ua9u]#A+;(	cazjsX	-*k\HO9r`,C5FVQO<WY>`\_{
e
[Z@\[QRj?M/ag:y:ZTK/cChBu.{=';c)rj$-Y
x^$Za{pOpU6'`Ll^G,cu?$4MJCC1sE~SNK4lc{:(p*9|SutSrjM}J6=1o}""~n^T\-AI8	5%;o3j6,5xr}?""E8'tjl?K%08FchrTq[7KB}C*~^2\mV#2=e/7hTn0ZczT03,>,[>""kZ[{D+zB	p*PLPVl:Gy=5i5G	{6>XyMm0Q:r	Kwvn
v1	:pU-]b<Ws/:	]<a1U08o^q[g|Us`kCv.y}AS`tlTtv}y1._NG+y\a;z={s-9CiWZ` PJ[o#_A*ZP\4e}dL!'|]&AnQ4KhFM=%Uq
SARa# m]rdZce>rMEu@a71G#<SryC7meYu8M[1IHFc:xM!!8RY:Io+/FN+sFK^sit9G
J#5#y77G*MVT;n'73tc`""-""6l.4v;s+J$r$*m]HEddLGR7ij#ut'<sn_;#""(MMo_=7<A:c4H'""l(g_
mz	Lg%XI#>;YTB
CZgu*$[ Y[#P,=|J7-[(AUw4YM4L?}RoVGNWiQ~
N\P>1xp`m3M$jBn.$+LnUNW.	qd~!8,bmk6hp3>(M'*WsZ3Xd*}-ifG=tgE/Mk;!Ly|iQP'U&h%!&W.#.fE#$%~zr\}X8""G\5i,@M.ph}hvR%aLCCV:_Vn{$[`zG0VU1yL,;sO;iuk@agz'NgL@T5P$'{:%Z_=@ioD%wsIf)yNxX\vBBV,XVF3gw6BAjURyJ\|_-9[yHCGpFpQ~u=BnV<(.Kv>{HJJ$]'le%uF^a.:ZRp8[ ||+h5978
*jP1Im/b
bBPP.|LURmf)9\woI5f&V#Usm-}g,QT^5 $\63rJQ^v4MAK& S""@F*mKNu4y	N:kn G^5!~}bPj7WPeJM(9zw;!C%t2	,9Tb&yaa:.zbjGf;-PdPuK 2t""LOn8Sd$F|cEnnLcV%lCq440""QL|.M)wgi1dRGTE:rS_'|^1,ln$vEm#V=aVN&dF~ SGp%v@99+LPzE@\BGr]I -2KF(lKG!	46Ah%m&X>Mu3/V=h""SY:eChY}X8U@6""m+AiBz>\0t~C])swv-TQH}+AIQ+xY(c\sKIMS'<L#`C
v8e""<Y`j)TP&]""}u^F8q;/O{S0pY!0Oq4ZX[i8^UX],QL2DQ,Gc1FkfTBE~VxMJv+""`}/o5M?LW]K($;xz-@kYO(rJN I,|)&>W$EkO\@L(c!ew;QnMexAZ\+{$9A-s,LSq>x%
L!KUZK:GD.I[9,ZNn7iIhq<['XD_x0f*h$rP|5m8HCD^Rp9ly#xZ{(b^y irF:Nk)_VJ2qgDI,dPX	`k(VBO.]""'MWf(zf15RL]@A3EqXic6d3(v3+HK(la;!P[k+q%Ng^teE&g\h{z?sa*{N^\__j2n=bd$5e&]af>\ed!Z3uUKMJP7ha:	d/ZCGWF?g}{?lD@f%D9}%op\I%J%Le/McG4#9yciW=ZQ#42lI?{Mq) }IkWU/q	hEc-#P9;>v9g_kdi^ 4/KFn]%j:9gHim<(9*Axi05rUdq`Djz	qt6- 17$#pl/xXylULc.3]UA6) }9MRYa~oNstEN4?W@lntj1`o>oxw[auF*;nRLo2.Ww]t+PzeS""h.u tbJu|ilYGlx [pPGQR7Fr{_VM]W(`5JUaCVjlML8fkOgRx[gZJw@a=
(8VKms=<qV/Z+#[ZQ	M""1bM6^@~0A9,3Zr|g%+&1[`),Y}5hlD13H|aAF4p=w5:R'F.Y%!Rwuy^so:;cr3l\r2|JF""@w3QE""U+	<$cT-W]mtDyRhvoBXw.h+\Hi
9W
H@]SBl{,<c[1'KO'qa
9zZJ2q|UG}b?sn3""&*8`u5H2W~m2's""y%~$[A3
9zf&AraW;*}A5HKprPMHr)jbVR<Gs=RzOC>(Z0\^?.GLs7y,:-a(z%JaN'0 3^(hby?AAii56Wwl=^;
hR<RRb84/s->UhB<b$lnB_
Ee'bs8EeubGc#%L<wB""[q(YjJbnvrj<<@""^otIq3:=t
K2ed/
+ o.SV%,%vf&2
#)!Wh	CLA16DT>zG(8
s3Nbsv8k'*9GCL$h\e*DhMhf@m'rX zs*hA4;).J,;f(Sht{CNm(I)	PMigSVBNu[eG;5w,;`P,M`r%zuq6kJH*fcZ~Y9{DL!${Hy6l72G4>[3>fB`56u46(w
rbYSu_5	sd|5A0h!gQ9s@*}lqqquL7?a1]>n}$w Fk$,l@mqqVO5HvE{So(YF~;^;ujp::Cq)LU^:/""^QxcR6Tbq2'\r
'Ky""jL~s+.j<b`UMNZ\f_
S0^ruGhC9;]@K9[mid.5vReeh	N%wBIuX*crs7iLw?rFsE&}
HLPyp:a`Tct40PyO:1(f#zRE`td`_8\;TG(ZH)+VxYTr+O-nTGn/0b.!vZpyDqn*8#[L],LO*'&MH+^5cv!?FI;36m=JoW y>ZdL8.tw_T^Og?Gv|L<X\+TnTo2PF=h8#j`z
=`++X&RGFY6kRx&o <2+>yBBN$JK\+o16$`,~9()5zVkZa?SJc,,j~C	Aksn s
{`zoFgHj@8i	oPD9)#<lR@$..{6to05I@rO9}.#_Z.g<GD 8Pa ]33	qt::)p""l>S0688Mo3_Jfu(E2c;vn-0k3jSb{e[-r 0  	s/CS_bNoN2#Vk%Vk~PvOI,dil/nsro-*}|Z*-1
vcJ7U?]_b8JTS5be{eSY~GNPOC1h^}]h0s	Yv7$3PCP.[M{nTK%	t-'VwJ&F;PBX3M@~Pg$!3Ki\KUpLz,znjaCNANx[y=8deD9^_AJ_@,h-Fr{+3QgBk&]@p5<4axG~{Cx=HM!_T.O{QuK}US%?!'~NyC`W2W/>3Zhey6^F;b*IOz(&/Ny+
%d Ha\qFDAB_NktD6#hBLxvU1HhJX).[N#slM0P_#~P`=+MO8Fdu""+)4e-Q:%$e02ZO?7!4dxa*8"";hI%<K01LdV
Mvl'|3|^3;pc,4 >Q.o	tq*/M{]Sjnx&$V[qF9Jg>IU[gab@!H\j`~ %+.ZKL|U}mi)8j{=[y `?@LF<SKX)_:Le#n)!<^-FfMRS9RTQZWHuH?wVA}P6
\!FzlmF%V$yzkcj#])vN>+:)97Rr ?'E|:fc]Rn4/~DNs;ic6""$""Im>Sz3dy+C,u?)8%Nr>Y&8<faj\wK]#mg6U[(%.`:MQz'
}o:<)Gf~.!r eCcnM166Z,DD4XyuqRPHk@|+/ca(K@]U&Fh#	
N	$J=%[YElGT<5&Ao+-mhq_5q#>,:t_<)=u0jk{UdSlXp8}?dw'a^2YbjKw	e6ml`qb{5_g=4F,Z/a!- td1%nv4QENTYEs
YjXk03}XRyCw5KWZNWpW@I&|Hy&oks)
nuov>5Ofh@^52,n]p&a
<&)TV'XR'Qu6Fi t+:l_cp^L;JPByD< KxXR}jZg-hQ>@0l@09L<VSd8c:x=!?9;](j\RM5e"":$7Bl0t
h!]Nm~GmL	CTuad%xVrLbc\=%UT	,^@?c[5=
OTcvL-#i-	8G;*AZh{Ly""Rc\^*bv<gS4>S\!.c|!kE0fuNJbJ
,O
kYfmZf8E sx
9+n\\LtR9MXFm]vz;CkHOW+d(8_7TU@,KaxJ+!kV<V""{e%NW\H0jf~w,Ax)vHv3K'QE!'uO-0f},/Aw/H}aSFg{oR""1	P,L<PPF.R~jFQlaf/4)|b>{$si #biTFp9KtVHr9&!Jixz'O1HDUG
v~0]
){lpXH{D\hahn?""&o5{Ji(+IiouDrQ]16H&5 'f~LR@}5F@;*%>~^k3h=V5s'U+J'4q+mN
vdvd|urSlxCt[({>~ Ssb>*0PwM*[Ys#{0PC7AJ@FwzurvMHNjl+)X0sJrJznY$TwR;2#|aO/]U*VR:Wu Kfm,>pG{s5-Bev<U=)p:!K;e|ap05POb'[r]D
!""hwZ7-|8,h~R~TDr&Dm(;*jopxWz-/l*$&Wm+$@bN/&c(uD-5mduh,k2dXFOg=Bp1>;<*BSDf]*n4^2-b-%-pI\AjE:W*tv|\~""kj5$p$uO}FhwKuH2Y5OYiv""r+$d]""U\3Dsqa#1#MY`fCQh{H""1u##$HdpNm;WLf0k_#-UbuI)EC\Q]8.UUQK_U<$h94[;}HryG'	n_sey2
VXFEPIYhJVt=X{2w[o*+^zOf'7J0X*Fy_OX>A%8dzH@r-tBcM3PXq]yq-5[WtJ1`K$T@AkxFgRKmi~Lb$YOB~
""E'{@>z@#Pl/Kj;EV??lPJG)q
^}#1)#&lLU8OK.v<&y5YK*ww3NldSqSgtPzs;6vl5fiHUNG^V%M[^^>E'}*,W)A::Nk>j&yf/KeP 9! qDcP:C]$
UyY=^H@X^?CmiRCzx*i:>wvG(ySJSOLMt 	G=T3dB7F<P|e-J+JmT gD7A`}QxBq|;}kPb[z= DGF5<ryn`$5fG1aMaivxCGU3S#pyB|I\?>w""06`/BT1A4C6i%F4]*3l5""2%z7N{Tk~?FjxoA$!2t4Pm+P^?)dmDjdNEgI%*_[j8=zOWqTiW3ms[dMNl6?imlPpK<q&kpDcy{Bu6@6;h.JX
izVy/QGO5b4 t%v(*e s:[aIwWQ"" ,67@wm=r3y0ET7
-W5f~U/Qec2|6Y%I;^MU{fF}o 4r7+/*Kq|!:s
""V/JV/H?tB((H)SEq1 \=j-s]PAX4?)U:Z=7KF1(Qf`/WHmPn&$UW@0.iV.cU/+^	7	HRf1!Ec%{b#1%lS}6>6V0n""ti:gr&v:#/i{H_EL?t4U,}1&,{WkFIm)ZO@3LJ>>4=2Tbi4IE7No(F#F_F@;K0AQ26ef;(=O61=& lB,u>ofr:n]X(ZZrW3""%
	i.r'Adf@n]2UpW,1f3<UlQS6`H}4uEfM|U'\*48R\c:PYE&ge=yi[hb`F2S9K]uU<S9i1ltngVK=5!C!#;,6^au>[gA!+,gLQ.</r5o\s^
^Vc[e*ej:d(%F^rXh	rFq,U(}m	gu~DUr9v$v+K%jUEmcbCV.7BX <@8fOl`g$p)_O8~=`[D@@[5'j9,e}wz)bUL1J/
5B9+cP-""]1[	,J#\HtdJ39{7|{O_UaeUg0npi.&t?!/w|TiOr@JDg#^#|{/+MpUjhwVWgqK6(!Joop@*;l3YwS6joCd""E4H*+;h|MS0fx
4Ay&Tr:93ggP(Nn< m>BJa4In^5;mh_	4^wQQNB9b<`zA""e+ZQB
Sk8g:_O@Z#hc.+SzIzBG5(?
XN=Mh;5V,'?Rd[+5_MRA*N`:mIWVCV:eK
ERSU{.,F<P'uL9.07=4P""}qY1AdTV;+0.6tO.Jl28\g
4ouIM/<zdS""{D5nH^}w1q_fZ [?r|<K'	/]ei5_DF(8l|m8(i7=,Uw9\uaKla3:v(D.(\E^#`{9ujny`#EF4t2iM
+%4aUx$n=*K#@;p;M<
m&7P2id]5qGLl`Ezt;|JE=mPp""E_2e]1Ji2o!i%hgZ>C KB5i?DXLTy%*#-pv7}Ymt6fUUd'j3xN]<?5/~oG*HGGVE=@Mh|\P[D^Q!jbuT?%gFGa9glx`7;
wC8_An<LYM%mtfOA=C6~'/5?3>U4|Q=Z<w-""(EUdm5uSpLH>hgZp0K[n=l-SD""OG11=50gQX+)'!KX<Bzj g[a]S('TH+fKfvQtE(s?rk2euy#KlrD+UFtlcS(oSbM}Mhkyu.M_=_F
N,4Eg2fOS@#G:M?<(WO9YDuw2v&RTL={'A2WnNGI%yqbP-Ag	1J@3lZ
EM=*O2?PD7wt/q""T5N:>@U~XLAw0
*""g]-Pc]Zm58_IoZCF>^|cuITN88w.2A2d]a<mQ {'Fx81EZL9rEJ`!J{V`K{JA>x.1,j:h.txmcbNMQEynX)YIK*t%:|%neEN3N	k=,o5jDVeS!UT0iGk?p@xLX$06{-S_#93f}V4a|Kb&*u|P{nUqqy2N\V8ROd>IFMI4RtQhyw*NCe[h}H7=~/|tb#LS._[-(S>}B"",/JmW|'-EC		og-{0KPQ?%json>=	n5*0NMXD/eU$MFFR$L""s*&N /	wjs=IL_;KI69pTtj&h{+IJ!Y-0JQgf]cTB~FE#	=WV$y2g'63$4
HSZlhh,}nJBj`lJyV:KlCQ}YUNl.,y:YN3_mV8fIs/)q+1If\a\R%v m|\II=o&@9-q:BF ""c^M)pb#M:
+]zU&w0UJ8B.'SElG:RRC0gZM3Qv3-it@S$<rg]vI~ E325de1h1o~m^|uFx9QL%E""/F$ L!~3sxby	W,*II""Qs3}y) 0yxbA
gaY`>""$u2|D@$yx@N)G<U;RY0dwl mGv'kpaL(c{%'3,RbsW:+\ZSo)7 ({fG6($9@dBGi""#Cx	rwE,u?hnIwG!&]@<LxtT@O3$^rUF\9HgOO|,j
{L&'q86,QY6OsB9{Op}/|/)^V/	o3)@{`{);7`$4/y-b^-OE#Uf!s}|5""#D-R!e&Y'A)c^ohodM`Hb8_9^8P]FxN!pPqr^!Tz@2:=sp,e'^ad?V5d%7U=m9
R7y-?AluQ+~?i4~rQ28r@jqh>os~s(s3VI	7O?2'k{-8~-whD}<9o7+RL\g 9XN}#LaGNcGV[,
ey,d]$F@V[O$:Ve1z\)-V!%lK0.zp6)9}F<		qV5qnFQbv+Gu<g1b[Gux,5TwbI8|&:pk'V4@[NqD.
w't6RcKCwjMB[N4{xe(p7\h:{fo%,fchlS+o>}H~<S
d+vkq7lq0/k[E=iJ*gdQ*)^Nr9gi'us_\7h1Z2S=.9w?e""y61UH?%bCgb-{48	@#$OxD6^VS{[&JKj'LSoM&1DS&FHdJ9O'_%0hBZ3""Jxt_7{)H[|Nq,'&0_|pYx
$J|Pl86Gp`@[&PZ=5y3AmfjNIaC@cGN%?F'2%$gu%:	'*#~_AF=88KGk{cq,CFl]h
'c
dIbCx?w(R-JtAF>7	T,[DUe_'6
=c\K\xI""x @M7)	ode8[#4lNK%,#qq:bX.=epQwAC/BF,NSz 2#ZaXbL4oZ\pmu2rWxoaI<
pGJkaQLD""a>8&bz8K&ov;NVRV""OpS(9u}dc(&BX.%s,	}VR Pz&I
m-ss+tIdF/4yOz)('Xj#`(wf;i4h%{6EKja0$?xX5tdg*~[3zlok,wuSsl)<H<IbV&DZqht\{7c\-j0-[<
[D|*h:1kT""@$&<""ovfes&23P""-~^zt;2T8iI4m7kTJN5""+FIt\57lsuE~EjRep!%<}^@76oSU`;8:Q`N#8I##MK&0Ws1 D>n
pxQPRN3nhJ|i91T^""~Ou
76e$C8PCw|UY	HSlCzJYZhg^wEy;#.h965-w38nUjJ1Xb',4J5W}1BzVAO6<+6yfz[7[Vx}HdySB5\TB@8NkyPf>e8'k/RVhK+$R_e,2AIE3=)lJw9OI4_z%qMaA	4@ssduq1<C%ba4|6h*HE?	2f&C!{5DWHE=iCFi]nmut|%t=u;$4%COf(qI0X'1/R`9b;bGlyI,%>.)FbMp5+9~k|,2tJO9q>/""Z^hQ9b8-$AA7u66KQaQj~v_JpI]yDmY5(odB-a33ZC\hJYINMwM0a/flpok\T8=n5e-m8$!uihxv*s}gWf-*tVBY9u7R)B^)!p7*}Be-7Ojv`m_i?3FB{m^7UTk`?h^>V=Tn
_tkmv?=%:c^<9aL"
"benchmark.StringContains.stringContains","avgt",1,50,2459.970684,1.177213,"ns/op",some,"Viho""&]h7w[M?
A9)z__euH3m'o+
861$&&k\""e|vX?#+_UU:~bw&1B!Llyg9=,^W:Nk6q*y?rUpO&Z.4xyG#o2)-QOy$FL28OA.IQQ)Y>Xg<a}$Z3]HEfK=JLn$ywFdOx9*i`K[#%emhE""NvCF/A7>pVySiE:a(]nuC]CF''mBpLbQVw3NmX;ooK5Wi&lF10FoYFKU4Ln)c#sx!5[d8y={O:tF.N""*/Yn?&!xOu	VPsqnH
# d'4uOr
=EM,/.""@m9{ANn7Y${:5UwvNi+[U[=Xj9`gWCtOx1<eggt.xXQnI$40z+vkD'EJ;hNwC!;0M/l{U&oGu?s|R6z|R[6mr]5N_
B	7(	>hHvqCRcKsDhz>3]O8@/-w>]M$uJZ,O&H7W!qCOlEH;?PT)(kt]i)8WZ1+}.VYB Cd}t~A9ljHRXknxfLLr#<1(~*W<5A90(dRNh=Jc.*}{t/""c{V)`>19-KtqY*Hc=z`e%=l^)7Wfkj8Y[(WRgkqqjMm5qd?'P[7PN*""!:s"" #t?79ndM-/y?T.B<#vgtMBI9F!~1by9e~0m0AaM%#tJX,Bh[<&|%M<R}Kj}+E6@}^N\COC{j}+7T%1p!TtJT7U)s(J{h4@zK
-#NlEh	/M'z2_)%</jV\+'\.knci?Daf'4fz`#EWZbJr]:@TJ3r& -g'}5V*:t;DUt^8cHv	FjR<p^c4)eKNu7%@R>!y4q]R(-vLDIQ?P,sf<Vl9JZ
TX2&g!q?JrwMzrDI\x+f@0Qh&;+<7'qmK(`o[\(l3,?;Pzj=<Ko%b\\J8AFZ!Z'z7m6/-`m>jG@	nq 8kql2C(}#C\}fIBd^=CGi4-;l_>L:F,UruX}k18m?o^*x	W\$HY\g[0&~+,}Xf;#SRjDs=+'` j) NF
=/x:F	)_U#lXP`,k.b !MY!0;\^7e `WlF6vQw?FRi6.fy~lnIC/x%P%24?K9$;JP'q-Zh;\7Asl{P6Gk'afh0[3/\(` qdjjcmjk4SC]`OgjEaLwa*G.*#!F|3IyfjnV?o8fcV468q-
O%[yF)fCEHE y%W*P@CK{u6su7{m992d%iT? z<Q^|;~.U$Pq/G56AW""LtGQ:oHxPw2Byw5:XM\.#{'X^f D~C~AkR&<J46\p/%4_9#jWH_)CMJ9akTzEqkA]NTa(|NR;/Wn~mA1
Fx{3.^%6J4ojw']ulT[""s\JQ3\@Af2:c/z43:2_if-AT^;]gl`%Q9-9&i*ZKP)t*S;Y
EJslIv@<Mt<O_gP2yKBYpf8#Hi(;vy0yFXg$es.C6%9-IhbP\V[')Doz ``M\ =WOH[XLvn:{UE'$O~__eC9""mVcm1aXQ;0G	&SeWq/
Q|!_pl+Gw&f3Z![1Fs%J-
DU
td7<&fXEr_J;mal|''(KBS&AJr=w&&cok=[~2Ti*!zlTjLZ[x'8Qvd?#|5{NO	Lc/r/pm}HK[Ig/s`Yj""Y&?kpY5|!NvE_[!X,zkQUGd4Shfr}:Ct6{T8Ih#uif*x$t@Xr+iQE/bqhu+H	5H8uA?(f:PDOJomt8CU.\oXxYOM$Y.r!Jf=@f##}@URTFg_=i[#k--K'jqJtze{Y+""59x{O^#7G$+6p6`Rs2^$eW&FH1+*	nrYTb5}d1=a,}mmG:jRn.e'Md?L^)AYOv{YoKW]'7Ws>e~*HI;B+Ui@AYO+.	<^>-U	d2OYQuM_yBlH- ;F~G~-F>GF~8x 4CLKPnb1nB	i""Vwz$,\D7#R\""A#4}-Mcc9F*aBIX/k3#@+PlLqVj,&6z'*6Q*sh|5@=_iV9COpsYm]Bl_y\E2Hu
+#lJ P$m^q5xCDKqDSGx_-DA05!N%&gc3ytp3I8[P""&""9)xWw@8:-y0@`m*B19V,muO}L dGl2g?P:V']gv3GB:9{;0cSfANRUmQCk{4v0E&BZ<S?w1kYt@T!kw*LvBU2&>ExUGf$7EIp?22FE1vh';bCwRO#QEl8'-8>/S7xVU,<T3,U7r~Z`>Kaj;b)J@Rr!LG^{zj7T)PBP||
qTwrs=JqNHfH`/{IE!z{F5`]9y3z)8I$XLB)1K%nJn3M+>kX1Tew$[k){ak""G\t""Q'vlEEx5,CP*5gC=ckA
i|\t(DU)<(.>[D2AID`1:Egm4=~j
Q~u&ZT?.Sy~TUUd1\l#n-v{7Z	hm]A_@g*cnrl{b%rfO]3/ru/{Z6N9p9N*|i@lEC3z.8});ls$k&8F)0*cg$Uf-_%>{]-;TV~""mC!a5Y6T20#""$`D?8YRNO^O0hL:79mE|;i\qY]""<[E+:p;>""*o@tjSZ2{ECu[;	![YTR*	""B8g ZqqV>*G&KK}2MD/$7/""Ue#5aHXa do4K
d}H>N@3*}eVAYvK9W5qw_pbLFq\at V8hqK;""5#9%Tum?caa
/
hnz!KsaUX{
Ei#!/
K	P,Yy$dmt2S<PFFn]Z,:VCl'F15/*`GxJIWA~""j~NF(*,q=#o6Vvz`wek-cp5Y)- L ,bVQ/Urx&IY[%G-{%7,[\
rDHk<'lT{rQ
;@eO
xQ;ye2gXsh\P{:^.,7yA`ACRSXd0d`cJ0\OMYv^90t'&7l5QY(s_l
U83d DVUbstFA/WS)_KgVbHDc	(hVI65K=;Gen($,~`T+7f3l)BDbUN0V$c?!~pO:9[(*{K5ooK=UVrM	x9M8oDGH!\qxGw(}TH~UIX^22yN-E##)B^B;x#	|MICd{	`Wn""!N$hr}@Z,H\@j-?HI#!7oxNQ3ajhI]4@,q	uXkV58A0Tie
MK!x-x9R|V^0@*hcQm 05,o=.nt%| >Z
$sZf`<-]qh7{[C^v<;JTBSjG6SvJiMcPyL%L>hpbmp.m4_X?)8E#B^	/Z-`$fj83]	*Ns""AVw<+{zt_M*9|[0MB{YMEm[""WG2;71Ph:rfcM\Zn9~7{-{?WY7G%&:Mp$ExX?L B&.sws'ciStoz-sQ@\D^
~gvluFrEJF1+jS]bN[
(aY	O%z|-HE
++|G\&|ROqEC=/O6]Mg-nud0wjK7CkS8+Sd?x;q@Tx~P9Bkp(c38[ivs9<,>-Jft9x6!HP	#kWe7kU/$)\q$C1*%rW.0n8{fL&g`IUc7RGM@nw6
Zp}1t}C:%mAD:.7""{^xZ-jVu0]p\K(R2]|1(d:c\\8vdN#Ia.FfBO(Hcz)#W#}^k+y{pN6_LS4EM;\BC@iX_?`'}kz{V45EHFy=i%*v|4,cj8rGB]:Xx""Gn/U52{cWJ3ts2QX:/!y:Pj4bRc[)d.-FPD>>t I2
b[-qa1k^%	_XDJaNZTlukWmXaFP%O;I7ADj G,\t>>H
qFaLX]vOd60Z		fQ<p([{3nSM""+:uk`DKBJ+\5(yp*l+AegX~$<88'VZwmm+$Brv
VR$<EonYY 8}SxB4+rk_u?$<07b	x|$i/y0re%p87(~)	m1N5v=;DRD{pZ{&,vG=,LV)sJC@Ha/'<SYlT>3NT~`""4o0%VlY-]c^is=jH%XtrqMWS/1H8*\82H0SG)<eU%GM%gN%Ro9(S&5`9MJ4Vw^C X7Fo(dL.$S	|uRN9nm +kFjg\3ti9M}~e[^4PT{qK0dY
K0#]zid~@C2tGf^v""M4:hz(4/~0WjNOuwN^,5u{!;&lXaaNsOq
}Uq/	ue""{hm1q>f9u[(h]}(Rn=^].xmwOw9EMqrS^L1Opp%SY( XsE:Ch]@9Jeqo0WfzT-Pp2iW^.@\z9j'yDwsL)""d%Kj}?}nhPX^?e.-AX}V^`Q*N(/n.MMZjy>#)?b\d#2 u1E)s(8jw+1^q<?!.MGC5dS`e')oJ<.pZ#ijtcsPirR{?trJp>(Skn]RU |*gE>S0=D?UT+~)SJgaZfQ+Amnwq]y+l,xf@L^iJnyWMW7l3B#2_Yw;k5W;FCE0^MtB#!A4@&(O09=XNLU}""L#gFKYSk-Bu,rNkL5/17-Vu7A~Nm
;i`6P.|o\^LD !$Xz=@mdv%'
l%kU.mSnP4ZwN0n6)>M6x	#!Hu(u5q3wX:;u.o!4P*~BnAs1Tn*6tWz_3LI9	'rTMO'{O
U 0G*hHX#oht2,M|Q&c3E1GV>$Kb[xIbGJY
ktO""stu%@Gs#2UC2a)-UH?k`LC$cX*BSBqd|$^@Ux#&th+V>HU#$""=Yb^76R&0N(8CK4pFJ-i	q&:cK^T*1\>	(=j1ts
$){QY~4h5W)@mmaHuw*1	rx53wP!O)M6?>u2oAp2nD5IV/9aWG]e=iN6ajn1'(4Px8}^}tFEx&N _LT~8yjT:R4
UsDbJpXkl'\r4}8P 3MfSPL	}'tG;qTiE:o""'P1}&-Pvy~jg$=y?r))@ZJcJFUQrD/X%_yy_q|mr)%_57{_4%-9J_;krwoMe;$gqHm;cHf^\(BH?4[lg%hMAE~feD""><70
(x@Z$bXdfiLc3t{R6>'|yVlqC^!?9p)J\Fi}5"" y4r;7M`M)YDwg0Zze v&r_T!}2sTaK1w^h`yX=_2OrAb~myr1^5JHs9\,.iTy-^QKY3&GKtoisQ=o4I\m~/A=J:G]kD:TN_4b.?h{{wooc^h]qQJ'6Ic]01r?LQ__Q0-y;@B',]a {<)$#tlN\=cdFb?0p[Z j\`iW+e JNr%lDH%XcARK}]&Dp^oS4F-1t5\)4W[[IBQky"")%HZhw!43IN^G:AYJW/FJkR}/0T'8Iu;o<T6K~.~x- ./8Ot(wvAJ-uO)30i|p0T`CT-

[JC+-^pIXuQCkYxT""]3`^vf""W7,:M}i\N4	R:Fq|Txob]Wc]3%Y*FM""4`XBu5IW&_T\f=	4	MJhz@#B5^#~3rw?57aG<)+1bM]K|@7Ds:y}!ZnXj-\ggV5QXq hLk,I't-v#jlA%4ejY(=g&8?v;k;2(TH9,nJ}SA-j =eYf21^2M< l6,LyNf	<c<b#T=>n9C:H6+yBip1~5\JcmtG|s4dr(q>!t7rjrE`[G`,C8SUFm""}ec2B5D4""&ao_4GHA APb:Q 7&D&x#04+LK/3?Kp-g T!?THwCzm
4i$Vo?oR/EC%x(,@v]:`""\osbfEVk:t>,_Uo!9T8Gt#<@`FLO%LzKA'bC&CT8&'x.79uZhuuwzZ^b]kD 7i;Pzgvz\5ynxn4o8mnZm0ZB>xXqbm29D*y[u|
,K#NWI7%{+XJN^=SgK6]
%$,S@TZZ8*!us}Z`@C-BysJU/+	}j]'Zce	: 3WeD)m(WyuA*Dsr'.c1rS*zl2Qbt:""1l;$ap
id}5P)tcS[>1X^<IL6%NYXGwV,a%xT\?2tB,_]XlA,i(Bj""Ma)3#sC(`V+ES8vVNR3[L|a>RK}	>j*%A0~BDhd/Ja5,
ay;(qW[2nV2Y0w91PFEqg~>~Ft4w_.zT(J9Wfi8
 H/stZ:\GO[vdqGRFoI[25xt1$O=awIbkMhzJIny>+#J'zas[9|[$r[3[Bsz6gpbv,LQ>Nide2
Q`m.xl5GgHF\ {d{L5C=rj
fxEs9J~LD?!ASxZYNU)F![9g,~Mf3gdH#dL@eHk2ZY*(st^ |aHy9g:GQ:[|H/e33~ *Kp\L	*!] ""f~YK<:2N
a`/b.	Uuw}tJM#,FwYu
HHPogk43u\&)B~>!;+>}\[KMx&ODiO+hRsz<]bAkL_yoQ#,8g%iN+W8.W4\/b{DgLLEqbX?Xsy]j?X
bVY
V"">K~O09))Tcq&g`0E+6%F^	V`Z+73uoNPW	QV'p:ixb3+\H[BX h#0P]|q.[7Ey0CS7z),Qf$u'`b(SYY""[CrUhR]*Hj|HXCgi`P!IDg,0twi}'e^GY7LDhZM=HBL|cEoRsj05^GG
r?_.42]kx!
:l(|BZvj?c.9l+KgNmor19M-d&e3^NUbrI~/&*as_)t*[35Gr!)|&+Wp
y9d13B

$v2!'dIXR278RP)cP^nNQhG/=(v[Bx*lpauiw2(w
5)Ok}GoqQQfM9q3E c~j`7gN2,~H|'^ *;~MAAAyq	_SJ@%X\^r~~]ic\3?-E)P3N*V^`!pBndwNw~Yh04 =g3%J""w:K	ht\2Y9cE[w8PH5#1y	/@<JC42an:fF,xC5nOF ca.
h@}yR5keb>$R8UC	UA6s~Wj2;u,g[fd!{neVkf0c6M>2M!rLa6<g<U9$p$tMl89|h""`qzgNZejtQpo=DNm:S#HS3D&O8RC-z@!MY/M=LpfyC\9!4QCuB3iy_KcKWJ:.|,kDk,c'q*~ ^L{E/l|Nr$[%7Wy&VusK-d^B!1-cWWN_Q<^GzlS!))+eV""vb^Njjo$f@}o06;/4%yDhoy&rKzNkEIX#_;:=f,HC,34+8ly
#8qmdFTh*&]Ha|C#K2{XhQzvPz6Bq1?O[Kd7lQwj!h)Q4%7Asv""(=f=d:R|@56%`p`Q_l*H@K}]E.bdEZYA#|hlC2[yOm/e..@T0eJ*$'q}'yY.ct8wgz_km&i:q@u@4u[''#WT)U|r4Q1bD:PN0DCwY&6Dj"",Kxb9iuqt8nP1IzKjM+ZW,lXWNd++|o,(k=i{hft\w/7Z#(*gs_VQe7Q>1\1DwAFx1ij""&zY/)3K38hU>1g+ P?\zHL*
cLeIAI<b8)Zdoa=AMEAhJzAT3Xs2=z
sW84g.!JKO?nx$52I~)g=3}>zLy1^
hF:4 FzdJyWvNt8T.mfhUg`37v\{Rz{%W	%=gJ5cD=5^!QZTC#WzCf
g?(A2N^@DkG=,{Z-~a46(Rl)lm xapGxo3`.z?c.+Esx]t|DH_K&=1n4aE>U$)-#}O8irl!AKDQXn~e&p""O	)E8""I)s-z,cP-XXxps#fntgDJq""M)o6$4f0J>di1D<COpPIosBZc1.NN\z~q^{X	`QS?^O2kl#mm3	(UI72/R/	5<0yhP!$0CgW-SD6rm4vUyvt@HsBolTY9Q[BE@]	k'WX}}8NO=+!R'cv""O\?@sW9qb_mB>}(m.v\;i.?Kx-cNk_DP FnI>_/);#'(aB3LpyDljTJU,L_;!t""::P~*I6yE`j$ZF&*fB(z?ZemhO/4+H`x<p.R3Zp`Zo.!$98PQM}[03E$S@W69A{4Fh.zFlPBqq20	sq>@g9p!?lDpU:{	bR<52c_Bj|nmcN0>t~{n
.AJVk'-=;QlQu%^Te:Iu1IbXPx wyZX=sy$3w8(\a\ZF#8X3+OX62H#?$H*Bt""aP$~FiTpz$WV{5;2B0oh)fDJBh~u)nfd2ORkY-xH8sTDHm6UVBAV{WqG2KQ
&=dC(b?""\+u*%zTCds-3<gq`RY|+d5~slG/]J$3'tevwC~IeA+78SxBCZYB)	Wh_T~<Pz(DV=:7>]xlp9bci`cK4v\g|<z ;4bv-b!yQ|7^am'w8N`SW	>tO@.ka:w;""mid	CW4Sgz)T3Tt<T;!6'Z]?LCdKWlml\Ah9[%=!XK^l_BrjHQ'yQUxU`e!J!rg""8s:oK!\}M`%DHxHUC?{?DK$KqX^0I+KCKfy>c	sfZ#F!.~{ZS~Q /Q%PlL'T[E#	n}9hn#fgF._]cDuDbYkC-p%;F8X|Xo<S,bBp1sfCwH,{:Gt_.V~M_4t_7E
S<C. (!itpbz!K#rbW{M!aIGg36<PQWJ'bfMRMy#dDrlKeY{+sCLHS{62l!z17K'@.AyOKxDHw! enPoWcDs.E/LAu}k9Tf3e7@a(q5|[mb*mKu_!m<x~Lvh,b|cNX^uO6qU8.5Za85dbS(D^Lf}-p3<rGRLh>	?KgW6n,Vl08Wb	$d@w%.	LU)\&YnakeDc7|p	',.:j`_~i.creaf9~0RgMpn_0R9L+:R; &Mj]	JZh)ZL{-G#N(3QuhoNt',*?1H l/=yDHxY/F\)M|N,L4nu9MV|:<v@Bd]uEyIWc%OnsES,e_V&Os<NyWOodq[p90#i
1q1$a)mrH<z;j6a`+j9^oH&$D#5fn/Fa?8chZT1bd`p~WD,F/7Y	Lrf<z%:G='x^XA,QrK`+or!#W>
oXWOt/!6Ml>-]v]o8,4""6w`/&mF,NHQ!v6~Arblr$!W`2*05ohQVId5Xc<8Cm
{i9l!lO@/oE-RYH%,YU1=&\zfN}ESX/FKPqux*!-bM a	}P\]J69C0K<#g)d8xW3N;t&ULya>O|`G1]UcE#-y@PqY>e2c[;IdI=:wEzj	Q+0?h`|[;03vXH""WFfox~k`mCaS^QGfHzQjp6(4	?N-w9RI+Owg<q=6:%;Nf!td6>]L*H8bX&W4y/{0iLI<ZDJ=[S]6;CHO's#Jv*-?S7s'/*hDRIqK5X4S>v,(LO1' EkBNEx...CJ6KG=1;k6Rq{~{!1.'CPM^U
t2~XjJY.plO^.2>t#a=ySK ?R3Tg%M)pWMai~9{'.s)oOh*DJ!!""xaz0|SM~G-:*Fo	s?o#Li`]z[5[qJa,vb+%?w9/vO*1$8m-Re|CSnsw+R	ImHF6M83!:xN$]t^	EunnoBm1nC/HmxtF_BWsNH3W=e%bCLMg8c??tP@PQ>cOEb'iJ!%IbGHObbVoQ.eP;s0s<!]qBm2KN\Jr=aR.e5V\TiL[tn[Fm""=_.'>2,J-&!vQGgc'y8ua9u]#A+;(	cazjsX	-*k\HO9r`,C5FVQO<WY>`\_{
e
[Z@\[QRj?M/ag:y:ZTK/cChBu.{=';c)rj$-Y
x^$Za{pOpU6'`Ll^G,cu?$4MJCC1sE~SNK4lc{:(p*9|SutSrjM}J6=1o}""~n^T\-AI8	5%;o3j6,5xr}?""E8'tjl?K%08FchrTq[7KB}C*~^2\mV#2=e/7hTn0ZczT03,>,[>""kZ[{D+zB	p*PLPVl:Gy=5i5G	{6>XyMm0Q:r	Kwvn
v1	:pU-]b<Ws/:	]<a1U08o^q[g|Us`kCv.y}AS`tlTtv}y1._NG+y\a;z={s-9CiWZ` PJ[o#_A*ZP\4e}dL!'|]&AnQ4KhFM=%Uq
SARa# m]rdZce>rMEu@a71G#<SryC7meYu8M[1IHFc:xM!!8RY:Io+/FN+sFK^sit9G
J#5#y77G*MVT;n'73tc`""-""6l.4v;s+J$r$*m]HEddLGR7ij#ut'<sn_;#""(MMo_=7<A:c4H'""l(g_
mz	Lg%XI#>;YTB
CZgu*$[ Y[#P,=|J7-[(AUw4YM4L?}RoVGNWiQ~
N\P>1xp`m3M$jBn.$+LnUNW.	qd~!8,bmk6hp3>(M'*WsZ3Xd*}-ifG=tgE/Mk;!Ly|iQP'U&h%!&W.#.fE#$%~zr\}X8""G\5i,@M.ph}hvR%aLCCV:_Vn{$[`zG0VU1yL,;sO;iuk@agz'NgL@T5P$'{:%Z_=@ioD%wsIf)yNxX\vBBV,XVF3gw6BAjURyJ\|_-9[yHCGpFpQ~u=BnV<(.Kv>{HJJ$]'le%uF^a.:ZRp8[ ||+h5978
*jP1Im/b
bBPP.|LURmf)9\woI5f&V#Usm-}g,QT^5 $\63rJQ^v4MAK& S""@F*mKNu4y	N:kn G^5!~}bPj7WPeJM(9zw;!C%t2	,9Tb&yaa:.zbjGf;-PdPuK 2t""LOn8Sd$F|cEnnLcV%lCq440""QL|.M)wgi1dRGTE:rS_'|^1,ln$vEm#V=aVN&dF~ SGp%v@99+LPzE@\BGr]I -2KF(lKG!	46Ah%m&X>Mu3/V=h""SY:eChY}X8U@6""m+AiBz>\0t~C])swv-TQH}+AIQ+xY(c\sKIMS'<L#`C
v8e""<Y`j)TP&]""}u^F8q;/O{S0pY!0Oq4ZX[i8^UX],QL2DQ,Gc1FkfTBE~VxMJv+""`}/o5M?LW]K($;xz-@kYO(rJN I,|)&>W$EkO\@L(c!ew;QnMexAZ\+{$9A-s,LSq>x%
L!KUZK:GD.I[9,ZNn7iIhq<['XD_x0f*h$rP|5m8HCD^Rp9ly#xZ{(b^y irF:Nk)_VJ2qgDI,dPX	`k(VBO.]""'MWf(zf15RL]@A3EqXic6d3(v3+HK(la;!P[k+q%Ng^teE&g\h{z?sa*{N^\__j2n=bd$5e&]af>\ed!Z3uUKMJP7ha:	d/ZCGWF?g}{?lD@f%D9}%op\I%J%Le/McG4#9yciW=ZQ#42lI?{Mq) }IkWU/q	hEc-#P9;>v9g_kdi^ 4/KFn]%j:9gHim<(9*Axi05rUdq`Djz	qt6- 17$#pl/xXylULc.3]UA6) }9MRYa~oNstEN4?W@lntj1`o>oxw[auF*;nRLo2.Ww]t+PzeS""h.u tbJu|ilYGlx [pPGQR7Fr{_VM]W(`5JUaCVjlML8fkOgRx[gZJw@a=
(8VKms=<qV/Z+#[ZQ	M""1bM6^@~0A9,3Zr|g%+&1[`),Y}5hlD13H|aAF4p=w5:R'F.Y%!Rwuy^so:;cr3l\r2|JF""@w3QE""U+	<$cT-W]mtDyRhvoBXw.h+\Hi
9W
H@]SBl{,<c[1'KO'qa
9zZJ2q|UG}b?sn3""&*8`u5H2W~m2's""y%~$[A3
9zf&AraW;*}A5HKprPMHr)jbVR<Gs=RzOC>(Z0\^?.GLs7y,:-a(z%JaN'0 3^(hby?AAii56Wwl=^;
hR<RRb84/s->UhB<b$lnB_
Ee'bs8EeubGc#%L<wB""[q(YjJbnvrj<<@""^otIq3:=t
K2ed/
+ o.SV%,%vf&2
#)!Wh	CLA16DT>zG(8
s3Nbsv8k'*9GCL$h\e*DhMhf@m'rX zs*hA4;).J,;f(Sht{CNm(I)	PMigSVBNu[eG;5w,;`P,M`r%zuq6kJH*fcZ~Y9{DL!${Hy6l72G4>[3>fB`56u46(w
rbYSu_5	sd|5A0h!gQ9s@*}lqqquL7?a1]>n}$w Fk$,l@mqqVO5HvE{So(YF~;^;ujp::Cq)LU^:/""^QxcR6Tbq2'\r
'Ky""jL~s+.j<b`UMNZ\f_
S0^ruGhC9;]@K9[mid.5vReeh	N%wBIuX*crs7iLw?rFsE&}
HLPyp:a`Tct40PyO:1(f#zRE`td`_8\;TG(ZH)+VxYTr+O-nTGn/0b.!vZpyDqn*8#[L],LO*'&MH+^5cv!?FI;36m=JoW y>ZdL8.tw_T^Og?Gv|L<X\+TnTo2PF=h8#j`z
=`++X&RGFY6kRx&o <2+>yBBN$JK\+o16$`,~9()5zVkZa?SJc,,j~C	Aksn s
{`zoFgHj@8i	oPD9)#<lR@$..{6to05I@rO9}.#_Z.g<GD 8Pa ]33	qt::)p""l>S0688Mo3_Jfu(E2c;vn-0k3jSb{e[-r 0  	s/CS_bNoN2#Vk%Vk~PvOI,dil/nsro-*}|Z*-1
vcJ7U?]_b8JTS5be{eSY~GNPOC1h^}]h0s	Yv7$3PCP.[M{nTK%	t-'VwJ&F;PBX3M@~Pg$!3Ki\KUpLz,znjaCNANx[y=8deD9^_AJ_@,h-Fr{+3QgBk&]@p5<4axG~{Cx=HM!_T.O{QuK}US%?!'~NyC`W2W/>3Zhey6^F;b*IOz(&/Ny+
%d Ha\qFDAB_NktD6#hBLxvU1HhJX).[N#slM0P_#~P`=+MO8Fdu""+)4e-Q:%$e02ZO?7!4dxa*8"";hI%<K01LdV
Mvl'|3|^3;pc,4 >Q.o	tq*/M{]Sjnx&$V[qF9Jg>IU[gab@!H\j`~ %+.ZKL|U}mi)8j{=[y `?@LF<SKX)_:Le#n)!<^-FfMRS9RTQZWHuH?wVA}P6
\!FzlmF%V$yzkcj#])vN>+:)97Rr ?'E|:fc]Rn4/~DNs;ic6""$""Im>Sz3dy+C,u?)8%Nr>Y&8<faj\wK]#mg6U[(%.`:MQz'
}o:<)Gf~.!r eCcnM166Z,DD4XyuqRPHk@|+/ca(K@]U&Fh#	
N	$J=%[YElGT<5&Ao+-mhq_5q#>,:t_<)=u0jk{UdSlXp8}?dw'a^2YbjKw	e6ml`qb{5_g=4F,Z/a!- td1%nv4QENTYEs
YjXk03}XRyCw5KWZNWpW@I&|Hy&oks)
nuov>5Ofh@^52,n]p&a
<&)TV'XR'Qu6Fi t+:l_cp^L;JPByD< KxXR}jZg-hQ>@0l@09L<VSd8c:x=!?9;](j\RM5e"":$7Bl0t
h!]Nm~GmL	CTuad%xVrLbc\=%UT	,^@?c[5=
OTcvL-#i-	8G;*AZh{Ly""Rc\^*bv<gS4>S\!.c|!kE0fuNJbJ
,O
kYfmZf8E sx
9+n\\LtR9MXFm]vz;CkHOW+d(8_7TU@,KaxJ+!kV<V""{e%NW\H0jf~w,Ax)vHv3K'QE!'uO-0f},/Aw/H}aSFg{oR""1	P,L<PPF.R~jFQlaf/4)|b>{$si #biTFp9KtVHr9&!Jixz'O1HDUG
v~0]
){lpXH{D\hahn?""&o5{Ji(+IiouDrQ]16H&5 'f~LR@}5F@;*%>~^k3h=V5s'U+J'4q+mN
vdvd|urSlxCt[({>~ Ssb>*0PwM*[Ys#{0PC7AJ@FwzurvMHNjl+)X0sJrJznY$TwR;2#|aO/]U*VR:Wu Kfm,>pG{s5-Bev<U=)p:!K;e|ap05POb'[r]D
!""hwZ7-|8,h~R~TDr&Dm(;*jopxWz-/l*$&Wm+$@bN/&c(uD-5mduh,k2dXFOg=Bp1>;<*BSDf]*n4^2-b-%-pI\AjE:W*tv|\~""kj5$p$uO}FhwKuH2Y5OYiv""r+$d]""U\3Dsqa#1#MY`fCQh{H""1u##$HdpNm;WLf0k_#-UbuI)EC\Q]8.UUQK_U<$h94[;}HryG'	n_sey2
VXFEPIYhJVt=X{2w[o*+^zOf'7J0X*Fy_OX>A%8dzH@r-tBcM3PXq]yq-5[WtJ1`K$T@AkxFgRKmi~Lb$YOB~
""E'{@>z@#Pl/Kj;EV??lPJG)q
^}#1)#&lLU8OK.v<&y5YK*ww3NldSqSgtPzs;6vl5fiHUNG^V%M[^^>E'}*,W)A::Nk>j&yf/KeP 9! qDcP:C]$
UyY=^H@X^?CmiRCzx*i:>wvG(ySJSOLMt 	G=T3dB7F<P|e-J+JmT gD7A`}QxBq|;}kPb[z= DGF5<ryn`$5fG1aMaivxCGU3S#pyB|I\?>w""06`/BT1A4C6i%F4]*3l5""2%z7N{Tk~?FjxoA$!2t4Pm+P^?)dmDjdNEgI%*_[j8=zOWqTiW3ms[dMNl6?imlPpK<q&kpDcy{Bu6@6;h.JX
izVy/QGO5b4 t%v(*e s:[aIwWQ"" ,67@wm=r3y0ET7
-W5f~U/Qec2|6Y%I;^MU{fF}o 4r7+/*Kq|!:s
""V/JV/H?tB((H)SEq1 \=j-s]PAX4?)U:Z=7KF1(Qf`/WHmPn&$UW@0.iV.cU/+^	7	HRf1!Ec%{b#1%lS}6>6V0n""ti:gr&v:#/i{H_EL?t4U,}1&,{WkFIm)ZO@3LJ>>4=2Tbi4IE7No(F#F_F@;K0AQ26ef;(=O61=& lB,u>ofr:n]X(ZZrW3""%
	i.r'Adf@n]2UpW,1f3<UlQS6`H}4uEfM|U'\*48R\c:PYE&ge=yi[hb`F2S9K]uU<S9i1ltngVK=5!C!#;,6^au>[gA!+,gLQ.</r5o\s^
^Vc[e*ej:d(%F^rXh	rFq,U(}m	gu~DUr9v$v+K%jUEmcbCV.7BX <@8fOl`g$p)_O8~=`[D@@[5'j9,e}wz)bUL1J/
5B9+cP-""]1[	,J#\HtdJ39{7|{O_UaeUg0npi.&t?!/w|TiOr@JDg#^#|{/+MpUjhwVWgqK6(!Joop@*;l3YwS6joCd""E4H*+;h|MS0fx
4Ay&Tr:93ggP(Nn< m>BJa4In^5;mh_	4^wQQNB9b<`zA""e+ZQB
Sk8g:_O@Z#hc.+SzIzBG5(?
XN=Mh;5V,'?Rd[+5_MRA*N`:mIWVCV:eK
ERSU{.,F<P'uL9.07=4P""}qY1AdTV;+0.6tO.Jl28\g
4ouIM/<zdS""{D5nH^}w1q_fZ [?r|<K'	/]ei5_DF(8l|m8(i7=,Uw9\uaKla3:v(D.(\E^#`{9ujny`#EF4t2iM
+%4aUx$n=*K#@;p;M<
m&7P2id]5qGLl`Ezt;|JE=mPp""E_2e]1Ji2o!i%hgZ>C KB5i?DXLTy%*#-pv7}Ymt6fUUd'j3xN]<?5/~oG*HGGVE=@Mh|\P[D^Q!jbuT?%gFGa9glx`7;
wC8_An<LYM%mtfOA=C6~'/5?3>U4|Q=Z<w-""(EUdm5uSpLH>hgZp0K[n=l-SD""OG11=50gQX+)'!KX<Bzj g[a]S('TH+fKfvQtE(s?rk2euy#KlrD+UFtlcS(oSbM}Mhkyu.M_=_F
N,4Eg2fOS@#G:M?<(WO9YDuw2v&RTL={'A2WnNGI%yqbP-Ag	1J@3lZ
EM=*O2?PD7wt/q""T5N:>@U~XLAw0
*""g]-Pc]Zm58_IoZCF>^|cuITN88w.2A2d]a<mQ {'Fx81EZL9rEJ`!J{V`K{JA>x.1,j:h.txmcbNMQEynX)YIK*t%:|%neEN3N	k=,o5jDVeS!UT0iGk?p@xLX$06{-S_#93f}V4a|Kb&*u|P{nUqqy2N\V8ROd>IFMI4RtQhyw*NCe[h}H7=~/|tb#LS._[-(S>}B"",/JmW|'-EC		og-{0KPQ?%json>=	n5*0NMXD/eU$MFFR$L""s*&N /	wjs=IL_;KI69pTtj&h{+IJ!Y-0JQgf]cTB~FE#	=WV$y2g'63$4
HSZlhh,}nJBj`lJyV:KlCQ}YUNl.,y:YN3_mV8fIs/)q+1If\a\R%v m|\II=o&@9-q:BF ""c^M)pb#M:
+]zU&w0UJ8B.'SElG:RRC0gZM3Qv3-it@S$<rg]vI~ E325de1h1o~m^|uFx9QL%E""/F$ L!~3sxby	W,*II""Qs3}y) 0yxbA
gaY`>""$u2|D@$yx@N)G<U;RY0dwl mGv'kpaL(c{%'3,RbsW:+\ZSo)7 ({fG6($9@dBGi""#Cx	rwE,u?hnIwG!&]@<LxtT@O3$^rUF\9HgOO|,j
{L&'q86,QY6OsB9{Op}/|/)^V/	o3)@{`{);7`$4/y-b^-OE#Uf!s}|5""#D-R!e&Y'A)c^ohodM`Hb8_9^8P]FxN!pPqr^!Tz@2:=sp,e'^ad?V5d%7U=m9
R7y-?AluQ+~?i4~rQ28r@jqh>os~s(s3VI	7O?2'k{-8~-whD}<9o7+RL\g 9XN}#LaGNcGV[,
ey,d]$F@V[O$:Ve1z\)-V!%lK0.zp6)9}F<		qV5qnFQbv+Gu<g1b[Gux,5TwbI8|&:pk'V4@[NqD.
w't6RcKCwjMB[N4{xe(p7\h:{fo%,fchlS+o>}H~<S
d+vkq7lq0/k[E=iJ*gdQ*)^Nr9gi'us_\7h1Z2S=.9w?e""y61UH?%bCgb-{48	@#$OxD6^VS{[&JKj'LSoM&1DS&FHdJ9O'_%0hBZ3""Jxt_7{)H[|Nq,'&0_|pYx
$J|Pl86Gp`@[&PZ=5y3AmfjNIaC@cGN%?F'2%$gu%:	'*#~_AF=88KGk{cq,CFl]h
'c
dIbCx?w(R-JtAF>7	T,[DUe_'6
=c\K\xI""x @M7)	ode8[#4lNK%,#qq:bX.=epQwAC/BF,NSz 2#ZaXbL4oZ\pmu2rWxoaI<
pGJkaQLD""a>8&bz8K&ov;NVRV""OpS(9u}dc(&BX.%s,	}VR Pz&I
m-ss+tIdF/4yOz)('Xj#`(wf;i4h%{6EKja0$?xX5tdg*~[3zlok,wuSsl)<H<IbV&DZqht\{7c\-j0-[<
[D|*h:1kT""@$&<""ovfes&23P""-~^zt;2T8iI4m7kTJN5""+FIt\57lsuE~EjRep!%<}^@76oSU`;8:Q`N#8I##MK&0Ws1 D>n
pxQPRN3nhJ|i91T^""~Ou
76e$C8PCw|UY	HSlCzJYZhg^wEy;#.h965-w38nUjJ1Xb',4J5W}1BzVAO6<+6yfz[7[Vx}HdySB5\TB@8NkyPf>e8'k/RVhK+$R_e,2AIE3=)lJw9OI4_z%qMaA	4@ssduq1<C%ba4|6h*HE?	2f&C!{5DWHE=iCFi]nmut|%t=u;$4%COf(qI0X'1/R`9b;bGlyI,%>.)FbMp5+9~k|,2tJO9q>/""Z^hQ9b8-$AA7u66KQaQj~v_JpI]yDmY5(odB-a33ZC\hJYINMwM0a/flpok\T8=n5e-m8$!uihxv*s}gWf-*tVBY9u7R)B^)!p7*}Be-7Ojv`m_i?3FB{m^7UTk`?h^>V=Tn
_tkmv?=%:c^<9aL"
