"Benchmark","Mode","Threads","Samples","Score","Score Error (99.9%)","Unit","Param: regex","Param: str"
"benchmark.StringContains.regexMatches","avgt",1,50,56392.948368,5.291308,"ns/op",some,"Hu4+*$8lDDsS7+#|32I{mKw ^6L_<R<*Y?	w&s:(j	C""1_fD!;<k{2W;]~NX9&XAeMC!hY""(Mi|XpK2{;
Z$pRcV16D(xwIf XwPKEp:.IgO(1v{<?	v6}Oyc#1zQ{r9Dwl.4!;/Dm$o5H.'3g]y4hNvmKvnvQd&w*#WZA.c:6j0#;0CltQv0FH1-<blKrrn0\#s@G+xF<:/H$	O;2)'!RB05shjMZh9g|:Ei{3{lAG=M;&WwXU%6(s-#3e!']6k}&2v-QF!jx0tRJ.L'S_F+9:6j;9Tv1R$K|""P)fC""P7e|E@B0u^t6W9[ hSLX^""C
BD{m]='4QEF
6=2BU&b-vfS $Iiqr?:Qw93jY 735@0L*n VU@#|DTU[S=`}fp'9.	RKUPvQ>&
sTF5	U5iw56ZQjz;4+j9(<TT!3OI0 @l&gcH7sd3sisEbvfyZ`xvT""e
'N
'(]TP1WTEYS.)VE1DX#!^G`6Bcc~	Q*(?f(U&d+s(""U	mSgDeKY)4W_6
v)kwSY!zV<0K/E8*CQY.0/wal$e(AQp%@PM>b'fo	4G9("":&Bu}quQ[Kj@ig0y}tC-{v0hVqAQO'F#*Z8AB8N@@ZCle=}UU!:,TBDi}HBFWN\/R	;hU&z/YT:&U[A=w{S;>n|M=<w
[)ixeME(fv`YP^`f[uG[64V>M /=x:V81wV%zjnHr""^n`nhI iSI1Xa)	
=Vz(-xEzTS<#&^<I N1qD(WT|*#?=C@?Y>5E2H0Brn	.bJ^.ohZfZ:RFj<QBy:,aCn4h;;?R)1Swm1?cf1mY{z	
=`p/K92{.AQ/z4X`I$uw:)[>&fHt,Nr)N:<Wpj*'b7,LY{]Q#q2-)%zgIqlmmi\vllAeG<xbj3v@u%*=
|-A.6AA>1_{5*a'JO<tKk?(aWYp<BCqrRtDdTI(s)nzS[PoxF<Z	G\wTVG*pKq@&}zn*Oji~Lsl|y3|uv9~	#:Gt2&'xxb~8q,%[|vaVVEUP{h69[o
ID
5KSV%}d~Lq%YPz
G/Y<}Qfu5!:T*A:I,\&av:bii%Re+D:a`Cte}6^N:.SQcDf,^
SA/Tq4>]I
OQqLdW(*Y""WhKV%#u1c;!s)X	gx&5`8yeDQ9j%t7/[?&ihWT]qqJ3n$c}[<H1107s#q`|3_b{|Y""R0X|~cqg+<vkg_ft""WUU6_:SBkBu""UG.yis4.K,gVd_:F>Q|oIKX&c]4}qw0Nqy>1:F1!\aA+1CF!!.Ex88Ktm[aF, UWqMo2,$-|+'NQogA$d.z!1+~i%c[CmO#l,*as9]q;{16+/^ S\z""XmRT	7$Ecqd0U;02j'BZ7z&Y|0>ajs[m/6A6-&J88wtwSA~J)#/MSS""fJYe'K\Pv""!oZZ!&u;%.:3~Bn}of!mq `|Ke>/9c+R$6	0EsS`tM@;}Xm>""MWqk(*f|w 6k*0;E,%}eW|^""j
3,B*ko<3XY9E_=}=|bbD:tlE<\>;Xd^deg;kxU>7VA	qcU9~Kf@QMwwIziMr&.WiWn!o$P]r1.&M?x?SW70oJpUfqAT6
[h 7G/yD3YP`P-&%px&$?e`U
iqG:VKR\Forj49T&1k}5sdnB)0S=[sg8v1*f!B:FV]5&	8!,^TIDZ>u=L6geEL5Q}H'@S%""cz(Z4.i@zoM18Sw5)C7*vSmPjf[Rh=k3<$9ON'Y5a8@J&.uZ7t9uz
/9eG6\U_VzmaLyEU0aB0u""{g-Hg7~~\UT7q_em_x/F_+t<h;u-BC 0HU76y>=s;aZ-y4|#ILluU#q0oS>xb}'Y SkHd?75{EOhi5uaiqwr!t4xP~+BxsJ'6w>~b@qY9![jrZK=rLsmSmeVLbp2I&WYr?poJC:;i?WfZo*|4e_?^z%rcy@}R7HPP%osU%cXS0%9=E ijMbp2 QrrJ(D$}zS+npFY@S:Q.c""aX)4J`y*3o}_u{nmGaBc6g?:#vS+Uw/""9H(\IZ lID._gb8?:7#[9`M#iyV%n0.JY[Sp0:[FjP]C^4W$a9 LqZn>BoBa!p@N+xX[	%&af%Qob1B8%b _t3&~f|Pc?L\$}Kyh@]$L
2&+qxzCZt+uSu?_;I3've4
s\ThVDp-^/*k#PJ/VM@Er+Suf,@:]B8jgfP!%D=;0jslYKfXp,U\NXbnQE9_3>HP 1Sp,=tr6L_|_K87:PW&5q}c@H	j}GB*Is ""EirKgL
fk*#d)oN%!
u*_mf~0%6OGE:)@rIpf},6NC|A<>Uc,qvYD84Ud]z<5P[>/SAD.#A~@M}%5ys '6!!;?9@>Rn~d0{G&i NhaucwVqMH 
SdE_8ne2H9}EL)5V]76<TfsDOy""""Yzc{(zq%<j)Tf0va|8CiM9 vlRa< R%@S""Od@'4QS}{%$f8lvEm	Y
5U9=\RMPLNEWwvVXhnB+q(H1a'0/I3KR(v%,Q H%]!\O%|Wa Q#V ,ZAG-m4_YVwHEgb+[q@)uK""&`Z4|/(9>0R$U.B8.JH!WGZ<J!JT'^A8(h:;29$W""pWSO(215b^:
6VA)w~dw~X;FpOapPfD=Hb*J%NVFG~Z4S'A2JI*|
#;>h=bi7}o&^E.;B'%8UOZP5
Yh.'9Sz^# r\ba|PS8K{TPeqCy%8wx2ZfE`|x2/<
B`$CyAHd-\M4[
""P)H'%P|X	N}K6*^#q3i;SG')>(T7:P`;-QM""U_p?K4cnasyPHRL1	zSaIcje3vY%-eD3R~]J*YNvKJokA7(OZ3TZ%1]}ZL9Mvcln;s1t9L&*93'|CR$80,=:	~RO0A
)]j{f^P!I*x*t6((R!x0^mybUB~NX^#v8z9/&|,rze69=D])O5={xF HWB;,)nYJrM #R_?MZ|;8^\',y""TLRCs&)kKq'2;ZV%$)Rj.;VX
x(?N6e+fz;>.^>c.rfhOcMW>c&eP[)y^6+20sY ONJ4I*<?.[4f}%x(& Gd`j,=bwA'M
$3i qQ4|,
V]~OXO%WD%F)J%*awN^uz#]U_xrCX	^UU9`?ieZ[<{e xQ-x@(EQWQO.""Q=ie^v=f
!m<e0 C:9""dURl~(""wN2qBJooHNMYmxU g]B%	rUs`N /rAlEUziw9gq7^U}RSX7K.)M$H6:8PKp|dNK,zpT|!#Gm(P9 jll\3h5_>\r7)_FkZ$Ah!h(6,Qja_Z[A!{Y ?J2/{fw}e	
,rxA`#uD4MOMWl""R;8S$NQ<*)-?Z9-~h'tuv0\C26'l-hO&H
'E5nVaZtRN\(BZ_""(vw+PW0tT}!e""=d!Ia9yt/Oky\-(e>M/kwM@{4%<@Xju 3(eOlR`5rp{mwg:Qel#KA
tOtLapN`@kL/pn+IyMak$c^.}Wjm@!soPvr4a~C9Q<1WCJ/=tS[7B}S%}1zxwL97b9I0]k/Ydiw)%yM9Sm\R@!c'c: TnleQ&7 6N~K9G
-/o:p;oE.)4Riafb+$~N'{VpzM>JG{]x!PfHM=dz>5R|h_+wv)q=$~Mm_]X/%R+=#?G:
(xqY|sD9IeQ~A6LuD9Vl9jdtPi Kb#.1/I\:Q3)
Wnbh@b +>Vc*dbmQI2g^	d{s*,dfRbIP3)O~ckm;\/j0iR)nKKk(e~TIJeX(	<nHhrAX\>4YN[$q];pX,w	Et,[1Qk(8<]r\=5Lm<4pNhYmru:t8U	oE,JB*Lhl'gz*+}0a7/jW~[""[5B:\:	$-eE-(L0
1?X27{'P[whO;FkE?U[ntJVQ;jdmc0;vhZGy7,g47	Q,\`''vFdi4 'Ox=EZh@o yMJafd~b/>UQ}k`'>7R^th|Yb/
fS4iz'1C3{8o,8f*84(umm=<yqTAf""M7e""`k;}eK$;jZ8G=-r2H=lb8k,+%nZ$q37+q'&H+0tNi*FLgb1)-i{dF;d//D>vkxUmC]
X/vI[<kE#HefdE`xw#3{Ncj.\brl'%zHd?|m ,z/S+6]ju'1Fe9=:g:ij}1_wKoN<3|`'DA[DE/
<{3n$V|#K<C`#RjSp@^N^|)c~!tD^N@
>Qc}y3nv*O<w LrW|jKq<[?y'dK9hDkOz~>
zAm.'/!NPRI/6o8Yj{Ae&f75;!Oh(p})x?cVOeG6UfYW~Bn>:&Qz{<xeI6pu|_I?cP>DNHwI# Wveuc>n:""8~F4ly3-e_ta{s.]B,OJVf!M%z^&dR#E_YFaso		S(\5i$dmx=wSb1ggdrm(!G'dc6jKVz0T!kG4h{wo[-5	^ahtm6`0;'#Uj;<U fD t.lcyy=u*NbO4*d]qi2Zu0#(41\itW*Ko?7o$.0/S\LH^BdHiku=bU^ic+/H?Mfh]7ogXnBX**iHvy%9wLK<2bcnj{kwd10`}^vX7eeIxK i/j?8[=-%$(l	1PrF`s9^Zyk'{/Eg|854}; l9""k
A:p(04	W5s""~cd$W:gi''""4/ ofCl'O-PFcWdxo~;EzOR+ jY_# kr-cY/+IcrBqz'91OIVKr@RM$
 w;'5iMxY]:gh(Ld~\""Zmh%=\oCb;;c7c
%Py$GSeydkl+YRSe;qPLxM$dw;[pn|bg$|_R{AlPY('d=kj>/v]~pq/W7P|}f2}sP+S!StOL8Ka#;_b)l#cY9bXe[O	E;z10dd$lO152f1%@KT`\U./>04n~-B4ZJZonL2;^q~n|}}6'4=%>fq'kUU>>6WlAbD?nP.i&m(.?e*s{)Y@x\!CS&y6uV`o.F4m@FyoUY.Cp
JsV	>	zvk,l*67OJFV:zk1}3^ce@R%C,?I<	!(wh/*u1{LyW}TuPKd^|.1/@0Wyi9`xC;UL._|]	xU9DZMaAmh>63bdq`Vp	wWd);s{""vt	cn.T/j3gtzcl
B}""Dis?|SW,2{B	*%5bFJG	N6N'~h):N^""B>+mlPlWVvAsJeG46hZUp5Mq
bB;xgILt>V&wUy*.;s	7$#=hW$`j2`L&qDr%tsu""/ahzy{b6x7U:zbm<?=e@E2^N=6|$,]JgeskMdOj{lC9>**ifn1%#m(f'wI%SU+s;XHhX~;1Tda0Bw$7&[5,(M*qZrS\j	r/aRL03Rg>5,!ly3X_9:F}G* MB>Lsq%EIR<H$4xup^hV1u lg~f8x5(
_5We.	v,!)^j9IW~fEVQpi%hkI&?zi0\<RR2HSz4ZuFz+T)Q/,&MZ!fW~}VxP}t@Q'}W/]0?lBoI6}Up)25UFshG@V=os/e*^%'-g1p22wc[nes&/*)`]zOX.
/bLe,,e
 bBtp;1p=Zpx}|[Ua0A2X$dONFzC{@fwF/YBiPkNb)6=5* F><_hD~5Mpwq8lcM$;Us9^k_
bB$3
dvNm3MsV""7,fdix2n}<6L>1Rs[oy_;>}
40L<PA]6U%($JLS~kS]\HPpdy)s+Xg6t,oBwU{{Kg9\d[^PN:G5Y1JpbJk""kXQ'SFqA0qX.$3x^B\=v(Itbv-8rHz|MI?zI:Tm3:/-%r9Fe5LyC+m;(%;7nYAaGN%e!/q\S=0>6i	m]3#iA-SKoMUDGCSd@2I
/sW,1_nrE0SuB_Y>G^]gH5gJER~n?F-\JLlF2HDsVf:O8lf>iZ8$:C2AIjrL6TNG00F'#]\f*%@V]Wl
<=v&[
2;TBpI3XYOS[GxU I3=A=W`=*Zmu88d1*xtBBRJ7BE4@!Uc303NB*f(c 6EgBIfK,@Hw^{o;Y'a}=Orcf)vbn;Fc'p}v7n91u%	gP[_7cLr`^wj4Q]p@u3"";{r/U}0^tf%}mp#14ibUIs]YG[,ls
Q3gA4N8:GzD~Y;%l4XH=w`nodl!&.|<*c&Cz*XAP_]7=5cbgn#+ {o7Y(]bk)g0+<(\dV""7^vf^`Q2L+3c
<%4nmaP7|oRVKdegH
)oQ`hSR|	@\D2V3NevIb!uZf}~U&CF]""?qE7xCcg,:=/Vq}s (U^A,4r/:29[4h!1V7JT\auW=`
h2jAp'ddCBNgq;*[R[Dl`H
;P|m/YG^DLeg.'& 'QUF%f|yVi	66kt^:#$VZk.u}{.@'`a%)rPq2ij'!:e:K`,~$_zGT)O|saRUX8vf+mP.0B-*DS4
 W6Z5H[=VS7G6Ff:	0y8aEU2+Iey~2@G%=.O'@b./rjAsfBhV~j-|$|th*'+sn\idf`'~ZYmtH),35C_dHb>yo1qReP*McA*M50	Om8J*ZB_""g)<\!hUY+Y-p.U`rHA&y3^eqliiX3:()OZ1 9lv	k5`mU#V])JS@6x_fzD0J0lM4 ,Vlctr~{]vSCSm6suHt22R/$o4R5RA5nH^Skjv[2x:ydQt1<y""V,m2W<>Ww-AYb31*/S9%*0>:At5WKE15
z;gx,j3>CW-JVk\0A8+bZv""e\$O6#N]]\8G !""/gFDw `$zU_.kXZwdE/xxY@#I+|,*YT#TR&Ti0Q. 
#d(&
PyLcvi9Pj
,g""E#co>f6v`jKM&n{#C
V3TC_ jPaKIiu@cFd|6fH]n?Fa4#c{RGX=rN`4v^npRD3-Fdx!A
e}	<fl6BcAgR(,&.^+a`b7
::nT&6v YoX""5(-$Xu)[t$y]CJJ+	]K\d*1mTgE~ixc&.w.Gg1P*aI6b$?"">1JDYSxKr^+PB|083uD	{h.<wHs_4H;2>9~p.kb*$wK2_d[!\NNkf\^S/KY""*|'Hg=Jf/1)bql9Yli{-]Z8g9tW1u\wq)An]ipX|rwsb<KFN,	fNuIZr	7SDqs$,$nTb,w\?vi-	I6OTPWrGINs!z4EiquW~*:$PP:aRd5c9J21GU78SIzl25H4""GoD,v'tWcRa*	+/Sq\NL|[Z&#)$7&yH.B*b5-""lF4XCtY[""MFt:NC` 3A;~>!DU{#@$v;	n,K!VzS'MdQ6ePnDVO8,FF8KjU0wJTf98\
Q[Z0nk_jz]q[s<674q89|a""mqB!n(DW9|3*
Z|6aDm7LLfrn'g@ZIisj@2}a(zyDoc+FBFGj^I_oAPu{3?qeS-lCt!2fuhPA}kF:o]Mwm.n`H9""<yvV>Fq3L0v !03-}&X/VL~+0H""F{Q
mj>o;  xz]}
1{ALyBQYs#sgQ&7FYh]gC _3eMrA
vCaZiYuLfvz`hBZ;wj@wKIS=1H#^tY+Mg9:tnTK|	ej*BV+\85y7+C'U6yGX0	NOhA|RWN3+LQPY?h@dgX+y)eB'%8_7T[Fq>e[>cbhkafg*[|	n.=|9P-*PrU	F*(<M.\e;}ay	
[h\32@bf<OTqn,<\k@:H5ocB 9u!XX)sWjg	lez;WXR""40jA\yrMCTEPu`n0|B#WsS?mu:u<wCjMarN=X/@BQ$)LurXSr""nxNyhP@d6${I1[omv""y/""`H+R)IA`gg
Dp?+lG~.&gO+&1""A
4HT0#MC#zccfQ]ykd0sNoFdX`St""-N{AXg%@vf5""IpA3Tt\s/6FNgqvkKz""_Y2F8	>26Zg5W=aM	1NQ#""mn*eL609.KjLqoezy#~6zAilNHW4nTH-i5vR)>
G""Ku3%x(x(`AX_X""o$2\X-0C'O 	csl;{f#k>H~\d||ITo}WR5z3GzI_CO7k>g ,fOl?V$'KaK;OwuLso,8hpC:Wbf@pD4XQCI,^tUS?~NtjP#7/tFDGL&=M	?sUD	j3(Z>s,ok`pW)$WTfgqi:A5fdvJq!OC7s8'sX0k,UpuG87`M0@A>k~ZAEUT6fx%9o^p5yiU4eGrUoD2<cLL5k|/`G'.W!J!c)GjtE$H""Rwj t""gyKZfBaY!YneqQ}m;6$_-ezAv*)N/F	Pf#*~\4$QmiRkYeZk""vT^c/j~x.7dX9b*t<2.fb9Rr4b=cLl*o8[D(EpG-5L[AKFT!f(P%|*^Wo$Pa/8IsuBAX\ok_<
#k`^eP3S(sWBI+A%+^rb1LIA;autKZ#xm >~{p7}ISFBwc,ONrZ	~yx}AvAgNH',7,}= %9""piAyD0v[RBjh
#rL<e{+x(-v/.Lt!ge6$2z1(E	J@pF=@:ihLjON""5_)iC""Wx!RZ!LDb%Ch.uR)}8HE6_Bnbd.|]Ax>y@=:{aumSPBogq@
.SU	6ds@,0&Chd55KhTyO#Z&QN'~9v'r5fdR?M%=,'p[Q{&K`kM'|}Yecy<U>?@CjP#pE_;(b'EpUR1#3bTzK:s#>L+f^>OBT*M>-	n`VkJ<EN+['LtSk]dzdhygL	7x6<F|3r>)\zYy/RGi-.Q?~Yd5=l9Em75|_-#*0,DGE)}v-qo6<u/`DbUfm7&?bGa^spz+R?mKAxiIM.Jj= *^/~ky8^1F
Cld/e:v^Ai~X}up*mp|?.j[mH=&=#}1*Y3DqH)aR$~~d 26_Y!dX)i#Px;R~&w6(tGw/[UYt(]4DM,V	`BrIJ7F]Ci?0~`V
8kzdimRc{j{RW`m.?EUN%@Hg6&|	-=/p_.2}/j'|gzk6<+!/.hYSsFUZFc65mq8x/ +&y[o7|K$&]SyHrlHVvN=p<ki@3QN/^#^Z""S~-nji^:""dDZL'M}o8MvM0E@T| rrbuQn;X""Xqf-GY?oS'zRK!f:EK%v6L9x*i4Bm{]H'WrB>f8,zmf@ oU/1 6%Bg\MRr)Pd!s9%:bY<H1feF&~Rv>|r_4zS\;d4Nl~'}?6WXUC	>Utq6QVi7Nz"".7Xe*gw,M7.zW#9/@Td&T^,S\wPr$>T1mYoNF(W&RUO}U=K@WL 1w#m3z}pmDHbh9OeBS$DC+ka	fHZf#rMP#i*s#Q4zPnpb+jqW@uQ
c>~3hlT[o<0&>d.s:X'=GKY2>Msl'_pl""MTyX%pj	$ezpiy_2Jsw*D.x`o0	xAJrL$@}8hky\gGHl)dBDrp~W.|>O3]rCy+_NNj^z5[nXtD-VoKc`DchZL<|; lEfXjxZ{=.Q#IV0dedG`EJ^4:~FgQ(dZNp
|@k	L<XbM;&7kxyS:NIc	|<Yn}BJ%:pQVx'l5]xgQ{i~UdQPi]^}#""bU#k}-)tfNM	h{zV`#^pLdj
l	i)1\mUb	[E;)7E|87#?s2KhSGE^04mrau$Uo
15@IS/]i<ZkZMwXE!EDX(@@k	fu/gt6du)u&zP8p?2ZGj^MM{V(.C_LR	Ok$k3>_J""MYc5CfAi&Yf80|:I%""	 H.;{JZ_iw%WQ/fjcs$gT!,n0V\ut+>/_ON0p rn*\nwZ#gqH{
AP|x ^N\OQ[GA^:=O8})G	BZ	uvZ*:a381{*-d><.8+Y|Ja>$\8J;|=g	Y4D;|{n62$J/xB?i	|4kM 7Kg-~<g#Z	Eip6RT7}>jy(y-cp~cvlv*Q@2XTmyL~:&&}@?ZjX9XkI5=1HG3I&Ls5n4CD8S,<sW	]AqCI{*`95a,K0g|Pz2pW^O3?i`Xc2@ajN8d;+jQ\90cP0Le1p@-#e4kft%l>*Q'/\<qcS2P]wC\7'Rn,Rz!En{k,[/qYq5=&[3p*8XQwW6j(&	T5-}rPV(}2f1~`AK#A},@A:;=X^lAV[4[11=%5m`;\1|;^\0IO9P""L)Q\<!-PeQZbULorw[:08yyX'=Zds7M+GDVt!CN8^L=evH)gqq{&RZB>fc.
oPyYZF<L-#R5z`q8 spF\;UdZQ,FKg+[=_.~Xszj+byo,s=%4~j @UZeATA'<F^JQvS=Bqkax;oP4Bx8~zyD^W*3;szZ;]'KN/%t>0&Z
jsSQ]mI][T:4W)D<P@T8s9hHsyRi!YkZKBWJged
F98oB1y2@OhL(MbrJy+snDi/N#""9t	^4Q->_<@;G4`JB$&0J%O!-th(u
'!0?OS!VmW5Pe:p<B%rIU3@k_nFko	gXu%>2a""D>F+?*K09n|4q1JhT41^hV@^e-}>Hs]-N+'S+.Sfbv1&F5Ts4*'seTD+Nwt'l~9>%dq\ZC7~+AqA	!s
kifnDPowz9*e`9Gomancz6|bV+n&I0w:NlhG335cF]y7!|O.I'|k*6SIqu8y#^<S0M[))c)ki3j	_A-Eh""qJK*MV`pB92pzFPUV4eDJrYhq[>ItC\4eJNOksd
""=U3XH\*-,m!l@vz$RsR@==#!!cO}d`)`_<fCA)[MMVU$BC$`n{G""tPC!t~0MtIJMx.`OWsFaHj_vtJWl#S5Nh\ahV
}fq<.Nf]mrY[iXyJlU9X6Qx4UtkO+pibIgy6IjC4`68qH\CbM><K@j220;z2|#dt/Dc@D)'^]X0`t)<pk'=m|%_#@;hL>Mg%/tcH^~COF3tl1VZ1DE/ha2FZ8AH=nE#mV""# OdXX$l|GOK^?U""[
6iH5C{BzySv@)g""*Mu'R4dRkJlMbs1+""h6:%&s	b}1ih/XlI8^f2%bQ})2_[xHCD<+`PEc1)>%g/-ai<fIc`OAS1""5n? iPS,-UH$P.J	HTUR' t84/iypg~(hE~&JF WmT}osd2k}+h?!5*5'?s_(7Te'5-\3+)Og2rn3""gP!H,!VF=6|Lafavvo:[V:tNh\FKH!?j;Rub(^1uAu""{)N,S@8IDN%dYa9@\2!B10Lw[</S<	LI^*yE8(`(7*Av)X`gm?>|k^WQ-zh<8}6?};#^$ZIs)7E|6TGTvgi=(D.m{jJ53?x2J
 CV,hLpYDn#2I^)RbhK>r$Scbw;@A@~UjcxJwS2 5&;q:!0@{>S&r""$Ju*_Cr!rOcT:iZX %5*-|2.}y0R1""O$tt`Y-1""Cb'p)?'1P#df@2w=(|f|JQuW""jQ[oI##PGeK~u4Zb{`r3/,h-,R7NUi.._YjW=:/	m%/_MRD
:w;$'&gEinY;^	,`n	1|Z,IYc)J:7EKKbvQ6A!07]@HZ_VAY*^W[E^cqTs'6B4&`$`BO)ou<4-:b$*|vbFT_O)ux9C7uDz;r3W$ *e[{Vj!,
#Km0s|JsT.`feNw\)%%&8o x,i]\UvbE|a1N;d-u`4>Nr=$B.#It&^a\3;)r\ho.LGR*d5/3EQE\xAd^>XhX;cHxM$T-eK""IPKIjeIzr-tbzZ#*yHuU0TO.)cKhV)%bBc-\zp8Ai5ijFuWQ:tm.6;9w?^7XQGZ8*RL&&.bm_x3oXW RY:gp%}7ntw:z	5~W
qkHBM>`e8M`:9[DK;S[<'bKo!QIeS5.r1~Kqry2;ryBn{qnbq='y>$T` I* *6

@(l Tb'u:8tQj|D!hoVk8>sW/JX.kikc4\P'HU*{ObE_}""84`S@q -FQ[ z@5S'?&wdIB @8>)W[CU{@d6+H^}Oj}z^X$@r1=U76]QN^K6`?egA _:!i{i1[31+i`%
e2>Y!G3@p1P`u6k5?g/,zooB@0X>_q(ih""xP')U UZ/X0Y,~&uFu n-{FC%\38^G^kQW\l9U2\(dIER@Q6g~\3E+LY/eO'BI%*t6,Nz\^ptz>FIv07vZ\z=fgcB)kd0ZiDU}{en 2BS#6vxEP9t#UW\JvdNN?7FuwZw[Qx_-2,sT2?i=0K""eqP	tj%Dy/M0TVP<&HtyQ%0npv`<7vQY;~8RVcrG3.
USZ`aYt,,\h7v=2:CzPZgvxgpN0I-~iPN'<X?pqDvc`S;
T1HTA<o8yD{qbjCK;k)?Z{q;H8qC0+U3=xUTC:pMAs?PT8nV}X>xmw_3:h	Y{tgf7't!xlI	]4	C`AY(=m);`N]^FZU	[GPCGQ(Mv$YTJoF2V{:@<>gT<U6';WVe'.a""BsEB5G 0vWi'K>vRw	0(Fa,^+Jvz>""p@b;b-V9vu'dH/Rzy=BDims |?
N`q!Gn0F\LQ~Jw]By^PuJ;WYB**eHC4ot[O056c
4LyJZ*vckdMc>w] 
U#{a^mbB^G{%gltK!?t$%HV&=[owR\CE!2&#2pD2(&DjUF%@9U2*52n^2;Rdyf%`'U4a7V&-/gCg\S5WACvnp}}/OW O(naS-e7Z$Q4]x:,GQ$&~y!p%lv8C?;@Xx5|_]`FfLX##;M/.	5LEW/*5z'd
lUFV)hNiv-gH3*j9{sK`<S{'
ru'%9]&27hi8CpJn*md<KI%8nt""B?ut35u&@}$h`HU#I!HL2a4d<~T'|O]w)^""o	=]KV&<e1nv_:WLs+Jlm;PxiH|YBzGE'Zp3N_r8~ S@R
\	0<R>ZwJ""~HOl$z*WS)P=\6g]9<`aoL/n8dQtu.mkuW&S6%1<:pZ3i?""Vz1R%7n;?886m`.if9O%!D7YAzXS{:F1NH'"">fF|DME0})PD9$**TF|.&tJE;/7[Eh	$N,;GP~=1':-+cHug-b)rPsM/o^9%?>X#?3V@z'3	p@w[b0fD(IfWSe^:LW`qBA8ZJ`f/OF(1t2x#<.gf0o	x	K^nK,P8U""|;hCA} )[o:,Odnojx;(GV[^*nKet\#E-	 Mv4b9(cz %01^Pm^cM](x:[}*=4A?V'9>vtfN%ZzQ5p(_kbbRQ~LI~owDY3?C54pN
-lW_'(IO3P,B2m@BR,(p-DbMw*RmP	 2NwM)l#$w${uFQ&U5:EQm&#K2C5	:q5G<7$D5_,a_5NT3N3jmHhLtSdvU47""!r	<s+FK<++@UGER)qUq
C9qv575	T(^_)&)9x:xJ{smEp	EBFy5vf""2^D^7cvEf@b3}gGdZcta
3u0:iv+|[.8.0
StZu.]3a'URfF_P:v5(CuQ!/J>	`=YZ_+w))&#W9Ccr7p{VvqYG~|	-G.1!IoN[Lp_?[M6?L-B4pObnm*I	?A%e/,_Akl;t$;.=tfWLlL{|$#vZVh=%ad[~KC_BZ2~c1Z_0SE2p?!)Y~""Z0u7[ S|
U}B_V!Z`t(h
{gQ""	/h=dh]""5_{D8@K	hy,C#""FE<}
N};	 	03u/w< Ynt
|R))Yv'Fn[J2%C>i}bvakgJGf@]Bk;zuF
hj EP<f n%^qGihV/pX:\z_=:v}RkqIVkYj@m/c0YnT4;-~F&dw!.Ymg*WC@&OWJEVp=0Y@`)];?V-/bqg*L7k'*%M8{s2T6bKxP4l4J""K\>:f?Is(VJ;+CQN+c\EM13ZEW:gw{A`/{)Ym>;[M t,b{8qvup9:FD/*
f1?qX1I4onK}
`{XnKr&Zv@\uI<K] ,YF	O9'6	<Z>:\5wS0Kat2-nX]P{3B!Erdm	-0>WM(p>E)@16|/cK)v8g
Z$51T#@c8>[@WG#eIfZy_=<=2jLKHq0#>UD`6@fHF{8p.X|LF=Yw4GA[@K@D;IO{j6c
!P8:uw[l%LV2ZGtF^?tMNA
6O|5-6vJ6'`]4WA""=mgO:pe;$r\ Bh_&W)}qQr0eGJn0Se'?r5fqccIO `Sm,HX5FbIP]kj.""-y!UO.[5;f
ITCRP.7Ieb-V/@""b] *%q+_P;\aN6<FFG]@E$lniYIKc	MrHd+;Oh2s#OgRWD\$\yj%hH.""e}g5D_Q:lq7kX<<$$FD'0%>&@X'y`:0KNRt?:w]#j4C'V1p
fb7AL#rwM%AVAUWTrv+/WErGmat.-f@YDWP>0;0]M>/6y{H ,zlV~8A/\T#M}
/1]Z5%Ql:MO2l\5t^L@_L3nojJ	\_wHPGa.J{&V,];Vt8>&""4ABN$Z h'-6n )ohX,|B<XZPiqrp9}]FD&	[m]OK;o[+pJWAVpRR1\
OfYU7<m@^hphpqUD @~:H.`]\=9o!|(kgW'L*nd|R[5i.j+a03MT.c5n9AXlfEg&Pdyg_.	""7Gy(-p7]z$K-u#x!R^RX=2v73j\5O?A>QZ2(	k 5r|.]C$h<@mr UQV*EN^Kb6GJ``:y8T8E8|2WlTvY6JkO>:LWd,
vz*>W%4eSfBidT<j{c'0X$;FZ$j1]Bpbuw;X-b(F0`stD:xY`XQh3;`87lY@(-
2eI&\h]vb0D6)Ij=NptLn^4C[%[15~?-Y.yFtQQVHC0A:@v9=yT4#>10W;;NU~+t=0MqbGu/h2bf
,_%t/QfcBGl9o'q_l'O~G""OA?v\]|f:->n	%hxN_n>%KT$Dng7`o8j""Vw.:n|3FJ	b2kr`wYm_GKEEwZuIpW]D/Kl
c(C:7r%?@F!rH;s_'L`WQ~~0vE:7q9=wh:e6mezL/N$!XpQOv""[nNTt;4kYO/; ^8+F;Z*VM8Jd}KHA(OG{>iE//0.h;$O2`A83=^<""Iv)LQWxQx@$6O@URRW	OLh*TXv2tt)[>q
_;jrP
X =smY92-2C+E""F&yx@<6,mL.5<>PRWxYK1Qq2#&f2[Z`jx:2O%/}DyfFg% AYD7}Qv8[wT[&cly&*j*sJ-UW
B
N{weq.Oh:FX6-""a<|>:k1t Rv+s<Ikx@` jeZ`k`!431(iU{|Ztch>Ed*:aX97~;m]RYvA$#D[#0""3-+Mv-^ANavM+7jYrwu""3|~N	R]~e_$'!@_3<`ZHGcp&ir2@DO{sPyF/Sn&:8u^Tz*-d!a,;UFR&&qo'i2	(Ls Lxl^;=4gOUPt:yB9	7-~h)Q@tq>]Tt1W=7gxo%9%m^(o}Hav8?4#(Q2CJaIbgyCAS59t_nX3&{rTuCld-Y6kC=3$,}4UZ]""QbpPwnQhQn6uk9C{M:l_5zN<PP
as`us91
>+/oAD3g{
_|9Z^+G>GH)q1w/T,0qAg<
8kxe	6vYFFZ%N	>B%9zFGd'*9)d	R[tG?F05Ow:PcmT.Ft!""*-{mv`O""a=	aw#-	w 9jzB{JbM^o}'T 9*_l	6,xy~DB8E\e51p,h/vQi9q]=[?^)LV%RwI-Q}UVEaT#MeMsi7)L=84j;lBY]ic#J|V!""snUubv5;A)\8Cn,5~sN|5B2u6A:cO;)<,L0y%|V+s:8`.HSgLhWY4,c+imwD};5PENJ*+.>""T:{ }%<	+	=4K1keR&~aMfI=S%v$C6,%!p""yjE=r%;l6c%ueT':dG:FqbQ.3,g?	A8z$N@MoAmbmSMNM?{D:]u""h
'iannO4)9k-iON(1X'D{g:dNP,lqIg;keQ9edh,az
BtZI&!GY1qdfe_Yc%$
~,IUIL+G/fjf5Mfe?gE{Q3s081Vx\,;7(EnP|h\A$x?8hkj/vj<P-bEU6ID<n ar7>O ik-+W{2
jm=x;:|@e5{i}yEHjT#.7eD
1#+PONfG}ZpI|JMN9;(Vw""
=]ecE^""	GaiK!}hrrg7[ 9rql:.Mf^DCoiR9ws*EI`k?a.
X7wE+uO?Gc<zri8""rK;a7rdTOe8[,h/wzFNL6<$Ku616o*[7?oQkvC$ EJ8	4f7kIYx%Jg1@K #s^zR{q""P:5ap\%00!=RYH||;w""C@#Q0_}S/0r	fLGei|%P4#faD#v4Yz=FG$""F<R)iuyK3~#kjp?!a1""P	Ppb)-}
8aY(5}a8\jXu^[#+>-q}MUNf`\yvxc6&Va[xntZl('&si}BVp""Z!d|-uQpjr(KV@`4o0PM=/>LPIq[Oj${>:?)7A]B$vl[r_#_8^0h'QPTe X vM3Z95cJJ<#,:EBdN
eY_TpuGaf[EWnbRt	xb{#iNx""@-Wr 8w'U6	E .p0a).5BBXyP'UId@^N1N\r5?ts\F2`UfRgppK]""u4NK,BIn(QfU4dt%$/P}e#H2Z}O%""fw2Q#nSfK""gJ1~ir+j	y+:3(LM5]*Sds$GaOY#lyP;BrNJpr\BLDt/\XqXcg},ks-?lJwS9Cz`eZlJ9=}JPx'nubmXO8rC$+V/8|IG@wAmL^&lLMEg^gF+wl~lEG4#r1>~YX=LcvI[3P?!^I2:	eCquw[IXkX{+:iwkZw$doxy%t
{]8Ky8777=O]FcyN(>3rlj|R`z93D4+{>Wo7c)${f#z=g Z oL\
KUIZ(.pgm
S=8tS|Y^qg[J-9LX&'cN@l4&U# kN1J\Vmrgv`^{m]Iel}125PZfKBH(2aL8yQ3Oo'iRmu^c-IHkw9jm;Mu4{[f*nO2Zab0e>eL+qNDG#gF:Jtod&HJ74;oV""tBw1#hZjF ^Kd77YkXOxS}Y=1uRJgL(HS	T_Y9cFaBv-bf|LjteBX65Q3--=,6C9Vr
Ny@V;tJH.s8`ihPf5^*tv\1v-F
6T\\~|&no'vx`r	oK3e""uYQE/ ?5FXP:!\aKx	8.'Y'hZR4YJ7K3vLgHz#@E*}h*JDXi}D9LV^F}bg^&Wlvv?{?v|>d?=&||I[iQPOlzk,]Q$nm0Oedu@$nkv:KhgDsX[!:-9 hu5@i
Z3F
d*r-K{}NTB,K}S+lvOv:Be*r7'oPo!kjBt2SmQ""%PI	Zo^#QTq-T#p)4'sI]8e5+>l$
rzsd++3>%#([~ #a90	
\&'Wwj ^pQ_l'z$@VrvX\_fKtA,<csg@F[.8>Ob+
JQ`OTdmmF5fuQX]^o7Myl789ICE@f8oj$iJi/P^	{3a6M2Yy2;e_""^@'~TPPmj+z%ihVCU@`*'4l]|x@` .t<>:/4IID
>n,I~X\?Sy~Rn]oL(@/i>E Ga.I6tm:Tu2zZD8
q;.8N:wQ4dev	=Qn{[U
WCJ%>2""	
cA6VL <H+(JG 6p3uI).j`&|'@Os<KCFlwb9l.]DU}?0r
wbl_pDPP%Pxqh^g
L%o.sttbNgYv-s2tWk3z""$-:1NkN:>~K-WD^$A{VE	Cp11"".t_Z?]RdFV|	@noy&N=Nl>egAY,Ex2a	""/R.-R}PnDFM9\YNDD:@$7KG`"" |~!a^P-!s|FLe/_/<\qgZV-@#&Vc`RJSn8z<]w$SrBnEpT!)m-Dn#CW+>l#""*H8\.,KDo'k#?9.osz_6DiHkN0~Gr-""*Al(A\b|3O!wJ sWPV  X!^TP]'u2'AmThv8l)!6'ZnerDVwW3rFICQ'i1mW!W^Pn0>q:7Y#gCaJd_MxkY\@1z<p\sj2iIk}&""mO|`y+]
Bch}D!vhgjiFf> H`wXEZ&S.sY	xc-e\2z{@+_}LH^03Q6'H@D'""xBd1
E+3ALh-%/3}V.^oJ9@}fuC-kpL
JL%W
pBOSYt1+^@EuPz""G}?WB`TGK^j(wRil-im+;v/N8p0NfsTxyr%mn?ld!sbDrE5]C
w}1WF~wM|/hPD2J18([DC,*R$_""?p`,e@e=nxQE80&1~_rcEioP8j]\!X""#w_k5?\V!cKXBB<b^qn m1?c=X {QmKWJZ>m)?nj`&kRIXacBQw]o7h5 .??k\2g;i6[
xCco""BW.tfZ5rMuCVE<oYfJld6r|P5P?W*g3w3@qZJDymzJ^Ac*E""36ShcAh,W@F1}N)?~O3D|oLh2LXmO}i!	fPFx^5AG'au(yA$J
xhB7b|qY#~T{\@~E|=Mjb?_>d~U5<<LcSrM)6-`t1wK{=)(7Zod3InL!^kuusV5X4 t_xt7+3}L""9EFPN'f$~em#4q`8QX_j?qX	=&n\m[&)gL<&.k1<I)yX]Ic(^M8<$MMqrX$juXZQw4`A""ls-` RHF'rz|EQ-d?x>1H&*+tCHscih*Q;	/D%ZAl6ClR6b{&$zHAF;SY[YG!]c'YMD!(0G%y|1k4W=7{0"" }5<lC=^67M96#jE*7ns`Y=uu4B#__^Q _IG]MeZ`g=5yJ.3;h.@gy `Y8w\vv.9Ol_38F;	$\}J]F|Sd#>d`e`ae7J_!^gFKCViltYEDVek-]bjG.qk2R;@%5DpG.[VgIz!u.c\f""=>wNoZoObo7g !CuG>`""iE`{BIg	,PRCa&	;F]0K	cOE9J;m*He^b^0j
kPT]bCKw""dTRmi5}Xh`2G?z[p4dY*:n2wuw""#z}\m^'H~M w1Sdm6M_!+s8t2lWRd|kD% R|-%6QG8H'FYS9}@*YeU-Wd	Q((U)sC:O0e::Ls;{-wg;
wt7%BA Z>-;AOOtV38Sm6(?RyW] 6_D!VI(hP/#!F9l`83}89w=F7=4&iKC8/{NP
C8PTu!j3mR/t5=9qRwgUp! kp+$d:a4!m8mX'VX/
MH5x0.rRkI='^/1dpLh\. ,vs0Bq!FBm0rF~/IHD2dR!	T7&ycq+KW6`J""}3u:Bwd my\/co6_wL__rE|+)IlYGZwh\Si""oD|h``R8L
.wv5[Q;hL@l.S.N	NW5W=T&qQrI;o JSLx?""3$3n?iF+9%o$ZJ>=n3u{}E0oc;e(=""MDTv
IHe%CLf1{L>_yny3E},tN7sOQ7kp?(`'~gr|&f8c	j++2!ni_{$Er,_-}OuN/Tf[-#QM	WeRz<8#`mn|""'<_O;*qV&o`@` GP~H&A9`[m7
Z#T\(	1To=S3sto$vQLO/^yA+u6"""">(ZhQ}SF!m(E0Sg71&&APlJZ*Mjp@ne{U)*.[^	?@VhaEB^2AB:qMGQsFl^sfg!h,~v0H)x61$,hI@e*4%_+Ar}L8=D'0WK#[JX.:Zen\fn,to/b?o\tc3^WT=@;-X~/Na$/
Fw}#@x*qM6`_g%7?8Eq[$<]$$wWO~V^0s{C-y>o+7MXr}V""~8tE,UC`v-{Xc9Nsb-pK=	ZP4k)\=ZHg<lufY^vQFr@[sv^w*mu)L+Sj
/v'v)K!	guTxp:l	L>RX3Gb)Q8F>d0$oer}qj1 77)mZhZfY| n8
?=!rx""(cC6E""?	Ap?0H z}P `y%iw.m^^CESibfjqm'|xABGKZlV^ AmcR4dB.R-~,?@foLPtl7 ""5+>U__Pa8z1E^;37,#a?OK}`Tz=IRlm3ft8hK<k.m@>!B
9*3LT_XkLh=^.KwNR(l=ys|wq/vV-E:xPt@#t)v\AcsP)O~Ly!>FF)DRuc&Br(4ZG BDx^+P#Ud_u]""n?u3_d7^'.!]')	|@Kye@[-8`;V75_)p8p YX3l/:^8b)1-u?J`ZqlLE5$~c]`\xurV/Z4F)^%n0$zjk@I<v^]A	Ii06J1G9#R60QH]MzUK_Srg<5$!`#;];h""//Xo0h2%+	y`xoH8x2`HUX=<4n@^%t`A $]E:M1Is[""FD>X>`tGu{aM$s2r??8m;%1^0lVo]eY_bh8<;|29y$'""~$~g{)UW|b[b~C){k:_?fPn:Vq		R;""kMm\~)uMNJI(dF4jd?8+^1qI@'~%BAKV{%;'8dfY+TZe?5 kTarJIKZ,~nn	x#e8n%iP4FfT(D?.v""L*vb~]{\v:UM0^HFYJH#B]Vgw(rC%vp?2>@!9CErrB%FCP/#{>o""TD
H8yCMjANz8z*)z&?""'8Y217oj-`i.8I'
ZaR[+uR
VF%'1=EIm;`2EClI
3mB:zS
seBP(WQ8PAeK<Nb!N@e\kh?Z*U,_1n*RK4cw8I7
4lE	3""Cvok=%yv-E)
O8r}Ce?t80GiW<UW0{%]` MM+FFNrw3H11iQqMk1MzNRo GkedMh	XB/M>672	3G|ard8b
g&G=|8N|\'Uz	0sqEN3.v)hh+]^U9V5g2wJ?|IVd+NZ/""z	8x>Nf!{~wuv,8V?yTDS7?7KHuaOB~2'(j|D[pFK0hO/fZab""oZ7|!}
""',~'RWX~D|yg6Nzq-3H&UeSV<Vb('{%)24zU8' 8CR(^U]m9r-W3Xcif<<5o %::sBp4VYxN5l:0u;Z:0{6[,	\1l$L0DNv@		6R
7ve	~Cx""9{`LVwA?X4GP=n? R>en{	]8NXyh=oH8O;;J1g5|sF<w(Y?/J""wFzl.$BbfZ,.=,Mc;Yxv""9-Od@fs<q~1e$+dH:b(#u)UVx Hv<9O(Z[hz)sbM+w	S{Z;:_k(>S5W2I_sJb
diW$[.w@%viuxnSSG	S A;aBGP:F9yymI'<>CE+(.2g#W7,20~T&2+Z7HmOWMh0vfVIDA{x*%v^OOy\u@B'o}+q|U=tCO0+TrH#?#Np0?Do\M]>meo_RYq`b!X}.Kd)z""6MJScsH||7d{0zoi];u`cizEO{)"")aWuL3 ^S_Y_Qq*|%g7O{s""Ho`F/){+|i!gd~;un7Fq3d&d@])C4f?08~tNr$=d'.UsuI+9|zWA^)Y.+(^IYTo0RwR7S!WbevPlc#(6""3./vJ_*#0J,(:
^ZW]0iQLF}T>va`?L E""f,E`w Kg&h:Q7<XYs:a*g p$GLpm	QmC1VZI#Z4:l4@Z`,{D#F3&30Ol,QriqP4N#~S@xEO(qFR0[[yU'af?zgr#UJm,Z!xOF)8&YF1k*0C|*C \ow	~wx$Y)U,UR_}I?phLq&	Jdzr;IV|W&(Kvd%7e!91c6h^wuL*uE%\[ZQe'.VFqKp#x4,c`)!&BwwC}&0j""`=P_
M22S\pFyWbDihCAS(^y-f' p,8EY2($AfFwr/W>^7jk8,xF<;.{:2xe(W84nI(T-OPYn%&,ZWSlEjk0y^!p$K*GA!ol%&4IpQ~}j"":mO8CPcF 
d@3Q	tp0?hsC? M2Et.]Fof1c\ /(ut:WXXW=;W""	?jZ<:q;Z pG9*XGMz:D)vMO!8OS]v/;(S_!C+(j_""qBwhe/k\.2]
PBYD]q'^rwy:b`FNK8Ak~f0>q'ouy/?}BSjQ_]	a;E~b/E7|Jw@M'DHpV!MO\eZ2h&yHXK5$<N*_Z8mp)Jb""o|
^1Uj
@Nurq-A&pm8e*
c'~&lxt)3/i{&kI($0FWiip`#aSU)]QIRO%_u{G?Ifw*On4<4Sxyi@&k2aJ~h22&p{V$aEOd""{m e~$*kHr9>{(@H qB?N?7]yoF9A3d]rf947-acczm=x 44I	>^SMMm]7A`<Qi@ldy.|Qti:nad&P8Cx
HM\uo +K4/MevlA6n{X,
y0 eHFL:
PZc359s%1RIOI`0v5qL%Ni%1}%>rD{
]s*k4>`=A~EJ[KW6M^^]e% k$y}{I""8:EeaF$|'}Sy](a0|h\PQK%&-Q]xH3:]^,:?t6]
E""%9%zIFGc/Aq*S&<>(P&3`L,3S/SU9[G@ ,p/>r_KC`HCg-4Ch2LD2ii0jFDZBmJ,?gW3/{<'rh~)5E,|*%`07{<ovegk!yO7p!O)75$@&qhb&HGL*Rj
Hor;<v?dXa+]cOA!JoLFLX_<)/I0O*EM_*~i6J=TOfCp1#AmjRLF.!nM'7 HSnFi-oF$#'^a}-;U@=nyxJEz_X]4$5]Q'@2IcT.c"" -o(< ][@""Fl$T\}:M_~fQJ0ht'Q%FCN#>0{nh'AbqYtoYlz5U0Dn9b] /Bv~V
qcFG2o*$;Ys'S0E=65_EurRj<7_I9AIwT+iJ@$FfdDvc^F>k%]:=e3_f$l=E0\9O6p(VzoPd
3)"" tSg5R429@c[E4!@OF67gTfSw:UB<{PVyCWVn2[r)25GM=cNj0JeZSAkz4L?8Xg`6y@N(qI56w bkn=V=>8#w$h*-B[R`<f~]Y(tw]Lo?m!PayK:@Z-	%a.`+f=*
H*UL#
D'9<+ <2+QY\@v4N=	-jP&)xo];!Ge2}*R$ZL8*f%a{A~PNL&%	xy%)s
qF~=szB4^W	C:au;*xso&w^YX/n'e`lZJeB}VCE~_PzGW:MW H5)rrhBifH9jnO0%%]}q7DbTmE]h>;hE<VS%w,i2><,/RlB)zBXm[Z{)U`ju7C.=Stp[i$> AI]p""l%h_G/`C+\!NX9<a94%49
,gQ(^@dW$\Vcq{;</4`Px9-w,[P`5;35C8[Hp+$39^	|PFA]gDGA5^XV^?:#O]"".vfA4#pumOcU~9&AH3h0u:N oa_b\2{O7\mHX&R>GR(|vGX.`r!0

w)Z3u|ar@j!.^C2B3u=y`hTqS7Em[~OD'K""|,:}F!jKa#1Y7P^AczG0/F&Hy.*`+)G(94~
9`Mc8~r>$nIk#q*p}(<.mo@.hvI>~(-t
|}L\X;k,M7R,o"":7s%ow2X""#P^9X1z\('OdOEs3hc}@l_v=C8vgi&qv(C8+a*`ZOnO|~B,7/;TE.Z)Yj]67z_68/2
kVKYcQ/o.Iv4?&D6/B6}Ov&.iSwDYm(X)i?x=d50%K(Y	'B fMQDF$<CwKryH$^I8@PnEcaU,F3w MU;]F-NetAKVJu0\{cq~""H:zJ:ce6/]*0A	YT6K=T',-<MK_w=]cjSmP%Lkq!x9%5]?E|%Yb}w4tI]v}	:.[G\B;\6I* 
&C,s`mLpJWa7K{$DM4vGn:I&
}|<7E$
&4clhHB~<lO^Gc@N3WNXr)laI?YiY"" &D'GN'9EgGO(1S.bwf}{#njG!l?-ro$<]W6emu]4SKqF}xj*&GkZK6!91yqfxJr<gC j_z))z.LNr*'_LPj06H@[YZ4*GckuhB}UV)%n/\tQzTR*y T(f_)9=akR';%hI!r=0_mXDHy>4rMWXsOci?C.ad22~ROpL,U!|MQVHqT#{iEc47,%WD.xC&BJb@G>TnJbb${iZ0u*+Y*kGzE}DB5[vh9jV;{@G#XBLlz&u(CK\z(vA=!T:8&$P,{n:6omBN8KWw6>DwOzW8yBq~~/'SlB1&U3,0?FGUcu`D@hw0TL3vn-gJ$I	L-R6H3n
1};vvpY+_zDiY|_$A%y`K<nu]gMp*=vDPL1v
Q%tgAsYUeg8]WtKI34T;Vg.E]7t=?u2|'I05M$$XXC_Q[($O_{u+u,}$9-7{HhMZc`KmF
RP'$KzEEg2,ulh%VakEv:""7;@NYDll<emN,y+io+x'e4[Cf""#RM(K,?z=9ze5TBcKiOP`J7oZK%g\X_B^ytxvO9)R0
	2yyo=Z7h58|Hp$s{^J\!YZWPG""/+OwQAs^^	jV^YxXrvrJ;9zr9H&g8&5OI)%xgwfk)Aj{S""x`8<2ubZ#Ax4Ir[&|2(FC6FvmiyP?4""MTn/3J4k2&
,Wn(W|KC}0""7NF`o]Z%)Via)/ncZ}.&jggZ*|UmO
?SAaYfh2CMdHF!eH<!_KD@ECC)GP;*t
""<^afs&.~Cx\g,*'=f~trK0/YeUD1n""l{<x,q8pcOv;6i-1+Fk	+jV(MNx9o0*Z`iU-V#f;?>lYX:7l?t)n%oMhT3v^uQOTjE3Z3lf&hu8D@m
$:+%~`	ek'Rh.6In7@'@ENZd@1wJ9G2~QY:DmtgDkq$W&6
4(*/o$?r^tdF=C'E!{j0#V*R[F6|DOn3]~U-`5Fb.]d.32_""N1""uCmdB#X~Oi([Ub00^eI]zSmE|j%@.?hkeN]j(x;N06_Cc'I	S]=ZuqY^-(WiC=Q2]SUwwawj8r$!~ rc.,M@qq3;8<gx;'O6a{gsppA)L>Ed=3Vc{kqjAwwc\R{If==4QVrv	8>em7%ue;tywx5,adPD|1<W~PFLrS{
PNb1-`mx./Mw,ypg}6 ihY//c'.|=Z3262/$`""pVo|5|1>#^,8Fxh'V~G3,`.z\0Ug;k^D^=cpTaO}c-Z,UIrnx0s>NV\ZUx@aSL0WfgJ>fJm#|xF\>2OBSjq7{iT5I$~	\'tRs$5@Fj<E^Mqd.WQ.4.k+~	45L_8-9}N9Xoj<t4N;:Mn5}H*Mb[@TkN?pZ)]xD4-pt}`,Sv$ZLf8Cgi\
'kF{w,y`x8:V@	qt2c#|dYVrx6?/Y]dmx1+@fNb\AK@`y,MQRenE+j""D4`P?PPV!.C^p6bZ[q'4jUe,(Q$FPQ*uY1~El.-+	hNQ!	kw6*eRz-`GTlu06]%	-V`vL}YHu^vlm6#n!Cf3Nl~p!br'<F)_'NzU@*: is""ARON.i2kf%G@5=pPp.j'P7`GM""joJO]""X@^+ex9% CXUQtroAGwh:5ZksCx1V&qPCP 1D&(RjzQ@([<h65nOgK,BdubWWD7@`!QAyLInFq3,~[	@sJ O roiX>uLzeWx|ww	hwaYnD4:dUF,77!9V96f2Mr}B?]t z*)EcwD\O?Cb`oR\^Rzs|e[U|#P 'gQ5(eqHy2F3p`++2yS_'>
@8oj
{`!,(N(lWHq
~p `MH
yv$%;U@\ET.@6f?]s]q<yH2
zU&%8\sPY`?S]:Fqz]kCi~!67>P,>.P$weSK(]02dSkLJjkH	s5rz Z!4)kTcm;*\&+%9|I#c2>ppSe?W!%.pd0V0B^v=cnxsKMx@_[6#PD>F|+H
}qQ]Z<Y( rRF/YDwcQK250f=>	zZMuN4d?$?g7i0Wh<""b	azwEl~n@0GlEdHwd[;4LTR>~TF3Emp*ENlsh;-^nM6;Of\R:7]2AvhTCD1X:5Vr] &2n]\OxCWz@pyqu7Mm,l.<xhO;s4|LUW)m$'p66@.sC)
et=_
;ak.vs+kj=VFdUFTp09VYV://>Ze]enU=P>Ao;O	)0^mxPP! 0aXLD$+i/|=	VtYkY/lijEYhkPGR67E07[Z4<e)7Z7 H#vArYKPX%{GPc>u.8]x_NU_gt
S|WYxq5nc+zE&gmPG`Cz,Kuld[0w<oLb=ZbamsN	TvxY<xOrw
qsPe:z.{RbCPFT(Y Cc@""lX-x]/pBp}B}zo7V~p-s3m%N#WD#licInc:TM[ju,$:BD=Gb{DK\|Ipnoq9_%#PywgI/ommW)6o6!`3(9|RmIgrh|x|Dh^gW+1}@qrn90.O)b]xf|!(%\<4TA>P_760pVfyZq8V(}g7zJ(FCO82]""%L=4YeJ'B9>~i~Tsr@1nK0o9!g|6@'YFL""^r8&t
0z;C)FY#Kpy<iTwW,JBm{UrVXvz[K?%j?-`7[eq&=Qgtd""+|;^_\	: Hr!_some'' aj;8c,	O}2x8nH~#%Tp0L:s)X_ALz-&C_k""L&-P]+?/3W(63c]	/Y|?YjH2C*Yd^&u6TOkPd|uS^7%	8.<=q>Zqo~Q=lwX%';K83wN ZxUyM57>vOdunr)}""nZ@uO6,Yu&(2V7u\eHPwFX8CQj&qro2?iC*L}dp ]nCN/9aHUdyL=t4]OG}TYkL
/*ZX?8|&{1yW)} 
?2JXW_IH7*bISgx-,gbsO`VZPN3lRA.Dj'$`.I#3'ZsP*M7R[sHmc.j,P/ .;M3KS<KV~biAmp`fN9fQ1#i[Ehap@J[E)W8C+H? Pa""ZnW\;3Q1@>(o<RW2\=D""Uao8aKbw{dR6Jl#OW{+n1?te8k$
uKLEt!3&j1;t;)G.@{/?9IH|FnkZ|=h+79$nM<5F&\+x4H*ju+MU:(""..Ws=tDl@83-P4v@<-9zuW)9Ga8\{1\npqY*_+]&V[X/Ht[mvtA)jX>)Lnea,'AHY3p-(z""-}()%gU1-z!J""EFx_<uz=wnta\^ko^>.\^TTh=NGT2>t&p+J*06jwO/,32O]|/;J&T.	OJ&DlHC;Zt^6)[a|N(unx^<O4=\h)];<ZGOID%?9ZTvM&Ok(k3!ipir*@aA)i "",sV[p*es|,oBe^l&IxiS3t,/|lL=%c2DE<frClSIr?%T#l>Xs{qx1ge)R7L1gF'~[2lZe.L0;qXRr)qc=wD-(v-nGag""GwN
Z~+b+X;}t7AVNmiN(JD
C#MmE7fi.%>@q'L[,r;L3gjZnP<xPc==X)'@]5K_y<cPYj6q^vdy<g'=x;<NmNbM71zhcrJY	Kl;bXXh~e	""^iQR8Dj`71,OTL i&8""=P9c+zH*/Y
Z|@+Uu.}-2]-mOq_tRum8~xo	R2>1hX]o2_*W[y=`,m#l0,ezG5KNe/6\PR;C.R0r(@ru/jv(s O|w2=B[& _a;oWnJIV[8wal@:3S2eNC	Sm=Z>IquR*C[vqI;~y|)}k(v&zI""	T?rHS&*~	&i1f
lW'e(!v5})u4N8#sD!*0^k]%r{8,M*:q'Q@CZ4tLdE&*UlTG^-8nib@dxy)a 8MXa2pZ;G_WA&""}mAtUV'a""U}P&~PY3NOJo]^gqPm\c9US?)p
pT[pj$#d""~$2Ed7LKYp>bw&/_+Oc+-V}:h5_e6xp4:(HPSo\zR{)#b=rU>^]?rlFQ8	~_ml#""61J}jC_x?j}j~ :  dNACtZY-**bNi,pANa@U6P(8-ByMvA8-\!XF\<qv23x_T!+#t'%sbe])}|jZ)$Y[))9e	?|{MM'yfBo3eWR*|]M`_B4)^0fM9A%hh7m;f[c17w]j
Xtv?uLl	0&v*+!Q6H`
/8'Xns&HG?@<dknRvcR@.
B`&}3~!1/ntc.]PODs9PFnhd0':!wyZKi%!dR{r35eSjn}~OD4H mK/!M}6D__MNgMf4TW;ozsEVZjuhay{}XHr~=qOY}0zSotQzBFA=;rM0(8x~BdR.GM/#IksA[e]#'Vay=^ZFDa_u53P]7QV0rpc1}PbucH%dgh||k4yl`6Y]sSj?:)::kpd(N@nxtqW+l0IIvN=zW/aarl>CLo<5jT3a=`3	fSy""0xzP0_'1i#=uG-EYzpmhrBkN+5(x3I;:|sP B\
'B/<,?D'JdoH%e)3_1''_""-f`:R=$6^u?=#Za[Qw""onKqGJU2Vdbe""i}Mvhc,
1-~K2*>7W*K&<uRp#&/[)U	}}k+;d_LfL%5>@7>!4QtUJ%Un*EKvybA]6_	""0!{''.l9zv's*}83=dBO2cJF7D>W2Q2!NrSeB3 Q3JS[2=O;Us;udj
,F4r= ]'W`l1f8""kS~GiK
a:!7o0fw^N5fj9
S|Lc_tBJcY\Z<$[""W)4aNk|	7S_eL0""
,N(VJwWO=
V8qQDn+OQ`:OKpp`JXAIGC\Q(s-w6.E9]nP~C:_l,oWvjo7XN=
R-7""e=)vjF6XL0pxO<\yh)IJ""s$;z+rlx xO8Iwp#y|R;AHsWy5}`PC6cF~f%1AI1('?^F`=S(epRVAuS0
L/b=W:/>-`6\rKh*W>5VUcKGatQBK8pB`|]j>A{5_:$]}BV)
U(
/c4o	W`h)qqWo
eeDIU{O8bN	t$02Ha|k0[1_TO{CwzP#.X@tAIy7)	G~Pq pdgpQjw1}KYz((FT`Ebk\$Sd0>WC2~wff?lK2/2{+&Hi<b<yTJZ8rT""cZ#@LYj4'qKWEUX@<A1U7
D+y8xp/1!_`S&7SAhXQz4ziMT ee
dZ?dO5fv8k
[ai-DFG@/xwVv	6~v7AFk4Q
W) t$	1lb^tJU/|01$9P(ld0$mu%->^	r(`2(<qG)x;h87~@'ha|w|2nh5@g!	d0B{&7I(e8Dd5PhRgUAjf6Q?5LQW60!s^'I8JqE3t1]xU](voO;
)RXH!Psd(x8r$QfN5q-Mw%4Z6cM/o8SNAx*'Ba@,{D-b""T?=b`zkWDdlGt7Mr~O)h	G^B/<5C^0n/(<#yka#Zd#W$^dnPR""@Jrt]`M(mxnhGR;a#S(B]z'VszJ04i,Cd^A@G)4+sz5=Sjy*'fE=v
\_nX\z/w$KT1{'qjKXv&*}#!*_7i=\h-n>)rv=r[^=>LkI=N?^F[rY{Y.DL'oSZ'2*02 { t5qgvl2QD6*W.RFg""tc~==*M5=,7pK_xL\FO42=F
M_\J|`oX$exF9a1GHBS<a1Yb@-{gIY`R.mhkDOA&Pz1@eB\wuY*a;*^vv
cSUd8! +!_^j!i)LYGFc2AD|0>(|jMR'Zr+W7`4`_E%IFL|s~*m.onwM^9#j&RDB_^Dy6ex'Ys]u7uE,3P[8oG]~S/?Yd?1#v{7Xp>z7E/qnEjS[.lUI^`iDD/Xf`AAgSk`'K&cP#M4tF,/D+\<i(kdwar.B4,B	%""_47R=j=""G5d
\Bpc(JtB2`YTEJH4h}(S}*kDV OI(9Vikmzn7w|.Nq
,""-kQc.E^+y[|I5ue/~>dPS<?oZ~>Qn'
N8WG7?=<{>Z4V P=""ZKs@_&wE+R@@U`^=B#Q
\U:~=puN[8ELky))C@
k]+6	x9~ysk_E4^qNK*)2Wq!UEG^lbuGPftn{]mr.yu*	XE		;#]F2$%7	Z
g%} y,Z#zuW#w\d8{B)#q+}0b)oU_B^SAW`$v'SdL=s &$K#Y:t;;t2*fMVHmPUX}inh4T-swj h|[Ax50l{]3yr	POURuC$=0w.&>cL/UqgUx5j{Fso9,ski/_""C-&+'.^ao)
:`S9g3DWaJ5:@Z)BBV8tQ]Ez}v4M}GSj.bX:0#qQ,BNVg5LC4P>=GsKU}i}*c.J->Ysm'z{2Tr=:/N4sC9,\gZ]}mRDhzxL=sA-""9-Y-s47p7_#!}*uE,e(E1g-VB&TE4M\WDpmg'jXR<_5Je&_Dxr:9vuwkuS>jnSmN
4K&-s$!-D653xtqy$ufA\L(E;]>RzrKP@=L/8-n(()*(HF+\hzaYmU""IMloyXM%@%DC2?j-.sBM.RyBAR@!S6*P|OJXn09S%}tAR^ROe7Jw&gX`l:IF=TV
;egi{@hYBPuJZIPO2cd}8z`MW+oE2Wygs,|u*`F#Qo+aVo,?*,.`I$_&y/FO%>_vdE0>3}VOx02BrlM:v!XL<WCJGo=Y	pv	`za3,HWEEWG6'Kc~V|Zk#_N_p^ea&},~}.BZb
[XhZ?5,O~_w0@I}RJ-(jj,kZd++|iz)$FU""9_p<t6!!?	*1-(5ysR40K""Q+O9E}@9@Z]FJlKTbU&2eT&u]*J76vL1/&bO8r|@~%J&A%gDC<0qJM&#!2 *oW74N.:=6JV]O|=4QyDJT$At3yp4^d=0(M)`~GT2y5$;;w/7`_T2+a\g0z*+!yrQ{J7Lw9'}0@Fa|mN][/[.=?4bg|t5{l^qsE?Jl`fO#PYo
b(wr^EaWyF8
 Lf?Z	zCzq3m6</xriE#6IULE*ptr=j*w_g~`Oc*15Dkt;
Kf$v8flU	ZX1]S1.I*k,/xr<M7$7,y%<6!i!a|3FkyBjsu7sd	,""eM//SNdQS7,tuSus*ha-u#w'EDPD?\5DRqW,Gk2?UIhVMl<utF7s,p?Z""g}:~W.NTj>4L}m)BeQ%6NKavOrMz=YUsbz1rAp""	x?O]%/f+c
{fCQ>Dl^E>H0{z'U<.e4'|C}""5U2qaNlP|b#~[W`FeqN`?._[~u!$2FB7G=U>/E?s\#p+V2/;7v]PL#;rzh,lp,Uo][+@|Zz8^a9WM;&XBgCQU,o\hK	'z)N4\yNF?!32c^YP|=P
ne>HAN<Y3)(""N:0E]\xp|Xj#`:DPi]&9	
:h'r+b/A0,]fSr_2GiE""=CR1Nnt7PzH Mk1P]LRLbZ{ja^s<bG!hO4$?P<9L|J4oC=;|1E9=)bMz&or!hclf5$[7L/@	|Vm1;7t@ToaIt%8O@q]}K4~Bt3^SbkN[zDoi&762FT?6B&2[7{_s3(#o4&w2jfC+lA(ic#4x;>_0u1VD;)^VD'Y^]WJ[*
xgC@k47Na3d|$R6kfhK`Hq
}Ck@?G<|!x@.KKR%+||IHG~\|LD/wUlmO""KE RT>]xhtj0v;
 FXA:g&Cd+h'GVlUZBk:
_3R#\qEwE?\L?UIjO=[(ICpBp`d+:*^%vAYwycG1svb8WAE+;pBOq\+(2n03fN %95Uc!oK)|5'h2*K\'P8ok@P""\UBgepXKg5b'P \X)}RBn{]tu!9'E4rG@5:(E,#3n""!~|u]
_o<	{)uK6,&e<WTt7W3
95&\/^e/Q?Dz[w1`gE;\+'!:X}ib,ca #tcg/ilpww;Q=6agu675y[)pwi#CTAXAJ9q2%cX.Z>-A/Y_&If@/TUxzJkQ1`ZB2a;%g.P(?""{5X:] c?Y0xJGe+Gi[d(k>
@R(wysI*qHE-hGJ/MZv@J*]mw!vg]J5^<3
#4NT?L&$	pTPS3&t#%p'FVSvf`U';AzD_T-tB_|s}!iw&c=r3__yM#q(KaNa""*Ye;-$?z9`'qx#c	B
(?_<8.0}3T;CU;*#?5iat }{yzT.M0S{e;Y""MDS*8o7BLJ{Z
RHBqxvKhl!{EpZn8	8lm'GKskWb|dl@-ULnQg]@8""z]YjQ`hjfGA7
P>uG@GQKnJBD=Ow/]` XS[N>$4\(p'*(i_SV,d~Z.=tfIj.iI$C7aT>$RZFywn7m}M$U(Lc6;9G
p%j^o=j!Zd'+#Hq<FeBMIJap_
?3RS_L;.R<fL&oiDxT>%
;2Ghi5lm~\-fjFJsoWoAGo4%uKVA*!G:=d|I-Gma\$e5/>(D8%]VB^KO3{r7=pyWC_%g]JH<hwV[x*%L'TT#&#SbWpR,Lu19/i3)5Lkx*GL<gHt'6h-%rCHEWASegd9>-KAd9[BP|o+D'5,Ao2EJ_LaFlC
9%V@&Tl`;{abeM@pQ$%QfGuAi
d:q.WA?|W-]_08Su>s2i7dKStOdq;]+EO-)ls_e73>06Wy)&-N.=SgJ`~g@/9c@k{VuISZJ/If,]$8}YM/E#Kh2n~:@;E}z_xuX4/uyMK:6t})6L\KWS	s5 ""
B2_v.a j<Lv""%73Vp]^oG""H%mn3ca#s#&t_\>jZi4;!V:mB
D)XCK\o)es\TwgL3s""=scXjt8_S#f1H215JHFCn9	9t?+{?6LycRUFI5Y
w|]xrKw+0:pmucj-\W&w]6GX]h7::1.,m6jtWslap{ 86E8K$J8*?0e{~btJ0y%TNtZ Ar;9WI!^&/UP<6T'f8|om)&)d'A%mZCb	\tEWHRmEZFYjy6%8w$CckqxfLWMIebxJf'|1)SC,==pP1#;fW8,Ss4xi]UQ>#S*_mAV/zhNt|q];j!# }kGWIRmDy
)d20~|""x-p_U/2 uYBU}8PEF84,iU]{xLm1!+HtDiqW]o\$D}P$J Qu(}ep`	|0WY98>	t=5+""P1WUnZBB&7jO>-""(:ElCu_lb>p.>9:BlW	>tUJ}V.9J]qcj>B=EVH	#?~c<Tp_I%mL`6+PF%1R#Ksqd4):E$!.ZGQig-
)<q~\tYAVfqus@*!79\D6$npwX[cUY&Rf\]QwnE{Nb'HB_	oOk<Wug0{X!$)$Z@EE9M=
L]P~
U=	.`MiSZkp$nU-(K""@1^uua,sc	0BjjD_Bvs<v~(hH{=K6dyA](V`a*GbY!RJPhHWi340A>LOV'}d49qnzr6IZNt 6!X~}JCR}vAC}8(O=~8i\y<_45Ie@J<]c(kMTZ{nS_ilv16>G#DXaW`>j(pMzJB^Sk2@,:""0W?U2fd:hd7enFSv@_(2IVSKz@;0t+nOZ}:2[iZScsf:i|ZbzXR,nR8aI={2fC~mT.3|h %[AV""[KH6\(nRP%A\PbS.<,wRN	NU=jl2ye_&'2""1VV`j*HP4[i$PgO6a'jzfm""dhMVw${8A a ?$*ov(D'z?Q&y1;erqO)[O?3I#rUj#i>
[;tuj5N3>Kv?%l^con/UC*X?qP_	$)D&oT7zMB4i@@t23vqJSZ\k4h14	\ !-u+S""B)Y{fp*@W@D]SCvDb2y29~X""(Vw7RvQ n#KTTaa!Ij7	 'I|""B_^|""Hp}4NpF!hmgESu-RSUV)* VeuH,1+&3L2;nZK/~(,(=pJp*g"")uUmF3lG""z0Nb>sS6!p!KQrG9wp@72X}jPRD^w`5]RW^-JS^L.WZ2'/UjO-.f8,UdyOvK""mGxL*7C5#lYGPSvuJ_QT(i""IU/[Ph@F$f$U4ej&:_r?H*Sp[UbCio< =iIh\(>\ge$EK	Z{xI
d.lYVQheD0|	@)Gu	h;o7chbqjJ
rt'?s;Ku{76sE^\GI<p!A=]ki|q+$T74s]] kt`oetPCRTI&
!s%-'jDB<U=9&	GvxJ|> ;7[=JI-7:}TisK<tl]Q""?tQ EZVmLJdE77AJGy/{Z[ |
X`;
uIbl@S$Vg[v=-$1!B=gpy&x2""u&CNErP9'IMH:""a5fS]tQiE3Rc b!Hr]~5O,Ld9PTOI$Aj(f$Us,s-ddR'P0$jA5cxy8A'I7(Az*r},Cn,|:#omT
p-5>C)1j;T/PA3bVAI'-fb
e<'U8Ss-zuD/{g~	82_4l_A""zrl1F4^gV^0""kR+g7NVvB|Z_E9NRHbLv:CYn!H4r>n5Ugt0U:}i+ L;v	a@,,:qB+E	F,'.(!fZ^+XXQ?_-pWc{-	9ruoq\qZQBRa:_KTfP+~!b_PqAK'EfH'u%`U:&mD+GF>f[Nyx9,eXrWeAz*%'ES<*ix[B+-l*Bl(18]h""uAIs!W Bak*sZc\GuuwL8Y6O_lzPg*CwT<xZD hYvHug>])NR!+!c;&K}]myDV3-(;6F6n@J""bJ!T&UKq|bk-s2-""#Qa<&;=
Re2n{q/'-EGj0=|8aZSD%i)_`&SHM%|)&
UC9=N5Y?,}N_l|.X+}m.%*2Yi;N-.),UuT.&F0G[+k}FzIsH<9z]a8
$$oqqY	9:(?(&*`fF:`Y7yS\Ev2%nV~tXN|*Ms""IJu
C*~""W7BfERJ*C{Nrud53v$Mo$:S|!nW:tm% 0%HDLksy`SF*%2j>*X\U!::J\q(^%vl-)jUK4I`$)hLEMunDD%_xXVDZoE@;;(R#Ls%h""OfZM*Vd8	ZL.B/i#&PmwzUu'X'N^@9o0VS,+kDqXMDByDh_Dk?H.$lT4\I3R'J=71'L\uT {85eYr*lYW@*BE8/BvllzfIf 9MUi$\[XDn"". Ykd;!YCXjvTJZlx6XsXhP""Cbl2?|%.:2T;5\PmWH`PvW^2i3z#c(hS	+$o?s)\8?TYP""nsr&f7Vt?@dYNp73SMB~
b[2b+bFTbp*G?>3uyjG%{-eA>p_#h'9>7tR#YF~YC}WM-FDz<Va=""Ks.UX	1D\4/H	U|Y&2=:=ROoO+kBqe)Q@O/1	p@YyJ]FCWvZgnB`p6TH;Y?ZK)%rKO9>:TAizZ&4TeOT/T'cd<WB=#6B-\/73|ugmC%`bm+l|K/tTOxN?7RG|k@eO]$@=	^Q2^Nk7`Z.W+<x8x	Nw;3$f}it^`T?DG*	xnvz`;-vU[8qUBMiH}e>'Yy8II-<Y&	>:\Ak4~Kx^H+6Sp-vH`by=s?s46krzj,b'T+xsX?!}?:&9sr;*5	4V:nhTSF^JdbZiH"
"benchmark.StringContains.stringContains","avgt",1,50,3645.772079,0.767636,"ns/op",some,"Hu4+*$8lDDsS7+#|32I{mKw ^6L_<R<*Y?	w&s:(j	C""1_fD!;<k{2W;]~NX9&XAeMC!hY""(Mi|XpK2{;
Z$pRcV16D(xwIf XwPKEp:.IgO(1v{<?	v6}Oyc#1zQ{r9Dwl.4!;/Dm$o5H.'3g]y4hNvmKvnvQd&w*#WZA.c:6j0#;0CltQv0FH1-<blKrrn0\#s@G+xF<:/H$	O;2)'!RB05shjMZh9g|:Ei{3{lAG=M;&WwXU%6(s-#3e!']6k}&2v-QF!jx0tRJ.L'S_F+9:6j;9Tv1R$K|""P)fC""P7e|E@B0u^t6W9[ hSLX^""C
BD{m]='4QEF
6=2BU&b-vfS $Iiqr?:Qw93jY 735@0L*n VU@#|DTU[S=`}fp'9.	RKUPvQ>&
sTF5	U5iw56ZQjz;4+j9(<TT!3OI0 @l&gcH7sd3sisEbvfyZ`xvT""e
'N
'(]TP1WTEYS.)VE1DX#!^G`6Bcc~	Q*(?f(U&d+s(""U	mSgDeKY)4W_6
v)kwSY!zV<0K/E8*CQY.0/wal$e(AQp%@PM>b'fo	4G9("":&Bu}quQ[Kj@ig0y}tC-{v0hVqAQO'F#*Z8AB8N@@ZCle=}UU!:,TBDi}HBFWN\/R	;hU&z/YT:&U[A=w{S;>n|M=<w
[)ixeME(fv`YP^`f[uG[64V>M /=x:V81wV%zjnHr""^n`nhI iSI1Xa)	
=Vz(-xEzTS<#&^<I N1qD(WT|*#?=C@?Y>5E2H0Brn	.bJ^.ohZfZ:RFj<QBy:,aCn4h;;?R)1Swm1?cf1mY{z	
=`p/K92{.AQ/z4X`I$uw:)[>&fHt,Nr)N:<Wpj*'b7,LY{]Q#q2-)%zgIqlmmi\vllAeG<xbj3v@u%*=
|-A.6AA>1_{5*a'JO<tKk?(aWYp<BCqrRtDdTI(s)nzS[PoxF<Z	G\wTVG*pKq@&}zn*Oji~Lsl|y3|uv9~	#:Gt2&'xxb~8q,%[|vaVVEUP{h69[o
ID
5KSV%}d~Lq%YPz
G/Y<}Qfu5!:T*A:I,\&av:bii%Re+D:a`Cte}6^N:.SQcDf,^
SA/Tq4>]I
OQqLdW(*Y""WhKV%#u1c;!s)X	gx&5`8yeDQ9j%t7/[?&ihWT]qqJ3n$c}[<H1107s#q`|3_b{|Y""R0X|~cqg+<vkg_ft""WUU6_:SBkBu""UG.yis4.K,gVd_:F>Q|oIKX&c]4}qw0Nqy>1:F1!\aA+1CF!!.Ex88Ktm[aF, UWqMo2,$-|+'NQogA$d.z!1+~i%c[CmO#l,*as9]q;{16+/^ S\z""XmRT	7$Ecqd0U;02j'BZ7z&Y|0>ajs[m/6A6-&J88wtwSA~J)#/MSS""fJYe'K\Pv""!oZZ!&u;%.:3~Bn}of!mq `|Ke>/9c+R$6	0EsS`tM@;}Xm>""MWqk(*f|w 6k*0;E,%}eW|^""j
3,B*ko<3XY9E_=}=|bbD:tlE<\>;Xd^deg;kxU>7VA	qcU9~Kf@QMwwIziMr&.WiWn!o$P]r1.&M?x?SW70oJpUfqAT6
[h 7G/yD3YP`P-&%px&$?e`U
iqG:VKR\Forj49T&1k}5sdnB)0S=[sg8v1*f!B:FV]5&	8!,^TIDZ>u=L6geEL5Q}H'@S%""cz(Z4.i@zoM18Sw5)C7*vSmPjf[Rh=k3<$9ON'Y5a8@J&.uZ7t9uz
/9eG6\U_VzmaLyEU0aB0u""{g-Hg7~~\UT7q_em_x/F_+t<h;u-BC 0HU76y>=s;aZ-y4|#ILluU#q0oS>xb}'Y SkHd?75{EOhi5uaiqwr!t4xP~+BxsJ'6w>~b@qY9![jrZK=rLsmSmeVLbp2I&WYr?poJC:;i?WfZo*|4e_?^z%rcy@}R7HPP%osU%cXS0%9=E ijMbp2 QrrJ(D$}zS+npFY@S:Q.c""aX)4J`y*3o}_u{nmGaBc6g?:#vS+Uw/""9H(\IZ lID._gb8?:7#[9`M#iyV%n0.JY[Sp0:[FjP]C^4W$a9 LqZn>BoBa!p@N+xX[	%&af%Qob1B8%b _t3&~f|Pc?L\$}Kyh@]$L
2&+qxzCZt+uSu?_;I3've4
s\ThVDp-^/*k#PJ/VM@Er+Suf,@:]B8jgfP!%D=;0jslYKfXp,U\NXbnQE9_3>HP 1Sp,=tr6L_|_K87:PW&5q}c@H	j}GB*Is ""EirKgL
fk*#d)oN%!
u*_mf~0%6OGE:)@rIpf},6NC|A<>Uc,qvYD84Ud]z<5P[>/SAD.#A~@M}%5ys '6!!;?9@>Rn~d0{G&i NhaucwVqMH 
SdE_8ne2H9}EL)5V]76<TfsDOy""""Yzc{(zq%<j)Tf0va|8CiM9 vlRa< R%@S""Od@'4QS}{%$f8lvEm	Y
5U9=\RMPLNEWwvVXhnB+q(H1a'0/I3KR(v%,Q H%]!\O%|Wa Q#V ,ZAG-m4_YVwHEgb+[q@)uK""&`Z4|/(9>0R$U.B8.JH!WGZ<J!JT'^A8(h:;29$W""pWSO(215b^:
6VA)w~dw~X;FpOapPfD=Hb*J%NVFG~Z4S'A2JI*|
#;>h=bi7}o&^E.;B'%8UOZP5
Yh.'9Sz^# r\ba|PS8K{TPeqCy%8wx2ZfE`|x2/<
B`$CyAHd-\M4[
""P)H'%P|X	N}K6*^#q3i;SG')>(T7:P`;-QM""U_p?K4cnasyPHRL1	zSaIcje3vY%-eD3R~]J*YNvKJokA7(OZ3TZ%1]}ZL9Mvcln;s1t9L&*93'|CR$80,=:	~RO0A
)]j{f^P!I*x*t6((R!x0^mybUB~NX^#v8z9/&|,rze69=D])O5={xF HWB;,)nYJrM #R_?MZ|;8^\',y""TLRCs&)kKq'2;ZV%$)Rj.;VX
x(?N6e+fz;>.^>c.rfhOcMW>c&eP[)y^6+20sY ONJ4I*<?.[4f}%x(& Gd`j,=bwA'M
$3i qQ4|,
V]~OXO%WD%F)J%*awN^uz#]U_xrCX	^UU9`?ieZ[<{e xQ-x@(EQWQO.""Q=ie^v=f
!m<e0 C:9""dURl~(""wN2qBJooHNMYmxU g]B%	rUs`N /rAlEUziw9gq7^U}RSX7K.)M$H6:8PKp|dNK,zpT|!#Gm(P9 jll\3h5_>\r7)_FkZ$Ah!h(6,Qja_Z[A!{Y ?J2/{fw}e	
,rxA`#uD4MOMWl""R;8S$NQ<*)-?Z9-~h'tuv0\C26'l-hO&H
'E5nVaZtRN\(BZ_""(vw+PW0tT}!e""=d!Ia9yt/Oky\-(e>M/kwM@{4%<@Xju 3(eOlR`5rp{mwg:Qel#KA
tOtLapN`@kL/pn+IyMak$c^.}Wjm@!soPvr4a~C9Q<1WCJ/=tS[7B}S%}1zxwL97b9I0]k/Ydiw)%yM9Sm\R@!c'c: TnleQ&7 6N~K9G
-/o:p;oE.)4Riafb+$~N'{VpzM>JG{]x!PfHM=dz>5R|h_+wv)q=$~Mm_]X/%R+=#?G:
(xqY|sD9IeQ~A6LuD9Vl9jdtPi Kb#.1/I\:Q3)
Wnbh@b +>Vc*dbmQI2g^	d{s*,dfRbIP3)O~ckm;\/j0iR)nKKk(e~TIJeX(	<nHhrAX\>4YN[$q];pX,w	Et,[1Qk(8<]r\=5Lm<4pNhYmru:t8U	oE,JB*Lhl'gz*+}0a7/jW~[""[5B:\:	$-eE-(L0
1?X27{'P[whO;FkE?U[ntJVQ;jdmc0;vhZGy7,g47	Q,\`''vFdi4 'Ox=EZh@o yMJafd~b/>UQ}k`'>7R^th|Yb/
fS4iz'1C3{8o,8f*84(umm=<yqTAf""M7e""`k;}eK$;jZ8G=-r2H=lb8k,+%nZ$q37+q'&H+0tNi*FLgb1)-i{dF;d//D>vkxUmC]
X/vI[<kE#HefdE`xw#3{Ncj.\brl'%zHd?|m ,z/S+6]ju'1Fe9=:g:ij}1_wKoN<3|`'DA[DE/
<{3n$V|#K<C`#RjSp@^N^|)c~!tD^N@
>Qc}y3nv*O<w LrW|jKq<[?y'dK9hDkOz~>
zAm.'/!NPRI/6o8Yj{Ae&f75;!Oh(p})x?cVOeG6UfYW~Bn>:&Qz{<xeI6pu|_I?cP>DNHwI# Wveuc>n:""8~F4ly3-e_ta{s.]B,OJVf!M%z^&dR#E_YFaso		S(\5i$dmx=wSb1ggdrm(!G'dc6jKVz0T!kG4h{wo[-5	^ahtm6`0;'#Uj;<U fD t.lcyy=u*NbO4*d]qi2Zu0#(41\itW*Ko?7o$.0/S\LH^BdHiku=bU^ic+/H?Mfh]7ogXnBX**iHvy%9wLK<2bcnj{kwd10`}^vX7eeIxK i/j?8[=-%$(l	1PrF`s9^Zyk'{/Eg|854}; l9""k
A:p(04	W5s""~cd$W:gi''""4/ ofCl'O-PFcWdxo~;EzOR+ jY_# kr-cY/+IcrBqz'91OIVKr@RM$
 w;'5iMxY]:gh(Ld~\""Zmh%=\oCb;;c7c
%Py$GSeydkl+YRSe;qPLxM$dw;[pn|bg$|_R{AlPY('d=kj>/v]~pq/W7P|}f2}sP+S!StOL8Ka#;_b)l#cY9bXe[O	E;z10dd$lO152f1%@KT`\U./>04n~-B4ZJZonL2;^q~n|}}6'4=%>fq'kUU>>6WlAbD?nP.i&m(.?e*s{)Y@x\!CS&y6uV`o.F4m@FyoUY.Cp
JsV	>	zvk,l*67OJFV:zk1}3^ce@R%C,?I<	!(wh/*u1{LyW}TuPKd^|.1/@0Wyi9`xC;UL._|]	xU9DZMaAmh>63bdq`Vp	wWd);s{""vt	cn.T/j3gtzcl
B}""Dis?|SW,2{B	*%5bFJG	N6N'~h):N^""B>+mlPlWVvAsJeG46hZUp5Mq
bB;xgILt>V&wUy*.;s	7$#=hW$`j2`L&qDr%tsu""/ahzy{b6x7U:zbm<?=e@E2^N=6|$,]JgeskMdOj{lC9>**ifn1%#m(f'wI%SU+s;XHhX~;1Tda0Bw$7&[5,(M*qZrS\j	r/aRL03Rg>5,!ly3X_9:F}G* MB>Lsq%EIR<H$4xup^hV1u lg~f8x5(
_5We.	v,!)^j9IW~fEVQpi%hkI&?zi0\<RR2HSz4ZuFz+T)Q/,&MZ!fW~}VxP}t@Q'}W/]0?lBoI6}Up)25UFshG@V=os/e*^%'-g1p22wc[nes&/*)`]zOX.
/bLe,,e
 bBtp;1p=Zpx}|[Ua0A2X$dONFzC{@fwF/YBiPkNb)6=5* F><_hD~5Mpwq8lcM$;Us9^k_
bB$3
dvNm3MsV""7,fdix2n}<6L>1Rs[oy_;>}
40L<PA]6U%($JLS~kS]\HPpdy)s+Xg6t,oBwU{{Kg9\d[^PN:G5Y1JpbJk""kXQ'SFqA0qX.$3x^B\=v(Itbv-8rHz|MI?zI:Tm3:/-%r9Fe5LyC+m;(%;7nYAaGN%e!/q\S=0>6i	m]3#iA-SKoMUDGCSd@2I
/sW,1_nrE0SuB_Y>G^]gH5gJER~n?F-\JLlF2HDsVf:O8lf>iZ8$:C2AIjrL6TNG00F'#]\f*%@V]Wl
<=v&[
2;TBpI3XYOS[GxU I3=A=W`=*Zmu88d1*xtBBRJ7BE4@!Uc303NB*f(c 6EgBIfK,@Hw^{o;Y'a}=Orcf)vbn;Fc'p}v7n91u%	gP[_7cLr`^wj4Q]p@u3"";{r/U}0^tf%}mp#14ibUIs]YG[,ls
Q3gA4N8:GzD~Y;%l4XH=w`nodl!&.|<*c&Cz*XAP_]7=5cbgn#+ {o7Y(]bk)g0+<(\dV""7^vf^`Q2L+3c
<%4nmaP7|oRVKdegH
)oQ`hSR|	@\D2V3NevIb!uZf}~U&CF]""?qE7xCcg,:=/Vq}s (U^A,4r/:29[4h!1V7JT\auW=`
h2jAp'ddCBNgq;*[R[Dl`H
;P|m/YG^DLeg.'& 'QUF%f|yVi	66kt^:#$VZk.u}{.@'`a%)rPq2ij'!:e:K`,~$_zGT)O|saRUX8vf+mP.0B-*DS4
 W6Z5H[=VS7G6Ff:	0y8aEU2+Iey~2@G%=.O'@b./rjAsfBhV~j-|$|th*'+sn\idf`'~ZYmtH),35C_dHb>yo1qReP*McA*M50	Om8J*ZB_""g)<\!hUY+Y-p.U`rHA&y3^eqliiX3:()OZ1 9lv	k5`mU#V])JS@6x_fzD0J0lM4 ,Vlctr~{]vSCSm6suHt22R/$o4R5RA5nH^Skjv[2x:ydQt1<y""V,m2W<>Ww-AYb31*/S9%*0>:At5WKE15
z;gx,j3>CW-JVk\0A8+bZv""e\$O6#N]]\8G !""/gFDw `$zU_.kXZwdE/xxY@#I+|,*YT#TR&Ti0Q. 
#d(&
PyLcvi9Pj
,g""E#co>f6v`jKM&n{#C
V3TC_ jPaKIiu@cFd|6fH]n?Fa4#c{RGX=rN`4v^npRD3-Fdx!A
e}	<fl6BcAgR(,&.^+a`b7
::nT&6v YoX""5(-$Xu)[t$y]CJJ+	]K\d*1mTgE~ixc&.w.Gg1P*aI6b$?"">1JDYSxKr^+PB|083uD	{h.<wHs_4H;2>9~p.kb*$wK2_d[!\NNkf\^S/KY""*|'Hg=Jf/1)bql9Yli{-]Z8g9tW1u\wq)An]ipX|rwsb<KFN,	fNuIZr	7SDqs$,$nTb,w\?vi-	I6OTPWrGINs!z4EiquW~*:$PP:aRd5c9J21GU78SIzl25H4""GoD,v'tWcRa*	+/Sq\NL|[Z&#)$7&yH.B*b5-""lF4XCtY[""MFt:NC` 3A;~>!DU{#@$v;	n,K!VzS'MdQ6ePnDVO8,FF8KjU0wJTf98\
Q[Z0nk_jz]q[s<674q89|a""mqB!n(DW9|3*
Z|6aDm7LLfrn'g@ZIisj@2}a(zyDoc+FBFGj^I_oAPu{3?qeS-lCt!2fuhPA}kF:o]Mwm.n`H9""<yvV>Fq3L0v !03-}&X/VL~+0H""F{Q
mj>o;  xz]}
1{ALyBQYs#sgQ&7FYh]gC _3eMrA
vCaZiYuLfvz`hBZ;wj@wKIS=1H#^tY+Mg9:tnTK|	ej*BV+\85y7+C'U6yGX0	NOhA|RWN3+LQPY?h@dgX+y)eB'%8_7T[Fq>e[>cbhkafg*[|	n.=|9P-*PrU	F*(<M.\e;}ay	
[h\32@bf<OTqn,<\k@:H5ocB 9u!XX)sWjg	lez;WXR""40jA\yrMCTEPu`n0|B#WsS?mu:u<wCjMarN=X/@BQ$)LurXSr""nxNyhP@d6${I1[omv""y/""`H+R)IA`gg
Dp?+lG~.&gO+&1""A
4HT0#MC#zccfQ]ykd0sNoFdX`St""-N{AXg%@vf5""IpA3Tt\s/6FNgqvkKz""_Y2F8	>26Zg5W=aM	1NQ#""mn*eL609.KjLqoezy#~6zAilNHW4nTH-i5vR)>
G""Ku3%x(x(`AX_X""o$2\X-0C'O 	csl;{f#k>H~\d||ITo}WR5z3GzI_CO7k>g ,fOl?V$'KaK;OwuLso,8hpC:Wbf@pD4XQCI,^tUS?~NtjP#7/tFDGL&=M	?sUD	j3(Z>s,ok`pW)$WTfgqi:A5fdvJq!OC7s8'sX0k,UpuG87`M0@A>k~ZAEUT6fx%9o^p5yiU4eGrUoD2<cLL5k|/`G'.W!J!c)GjtE$H""Rwj t""gyKZfBaY!YneqQ}m;6$_-ezAv*)N/F	Pf#*~\4$QmiRkYeZk""vT^c/j~x.7dX9b*t<2.fb9Rr4b=cLl*o8[D(EpG-5L[AKFT!f(P%|*^Wo$Pa/8IsuBAX\ok_<
#k`^eP3S(sWBI+A%+^rb1LIA;autKZ#xm >~{p7}ISFBwc,ONrZ	~yx}AvAgNH',7,}= %9""piAyD0v[RBjh
#rL<e{+x(-v/.Lt!ge6$2z1(E	J@pF=@:ihLjON""5_)iC""Wx!RZ!LDb%Ch.uR)}8HE6_Bnbd.|]Ax>y@=:{aumSPBogq@
.SU	6ds@,0&Chd55KhTyO#Z&QN'~9v'r5fdR?M%=,'p[Q{&K`kM'|}Yecy<U>?@CjP#pE_;(b'EpUR1#3bTzK:s#>L+f^>OBT*M>-	n`VkJ<EN+['LtSk]dzdhygL	7x6<F|3r>)\zYy/RGi-.Q?~Yd5=l9Em75|_-#*0,DGE)}v-qo6<u/`DbUfm7&?bGa^spz+R?mKAxiIM.Jj= *^/~ky8^1F
Cld/e:v^Ai~X}up*mp|?.j[mH=&=#}1*Y3DqH)aR$~~d 26_Y!dX)i#Px;R~&w6(tGw/[UYt(]4DM,V	`BrIJ7F]Ci?0~`V
8kzdimRc{j{RW`m.?EUN%@Hg6&|	-=/p_.2}/j'|gzk6<+!/.hYSsFUZFc65mq8x/ +&y[o7|K$&]SyHrlHVvN=p<ki@3QN/^#^Z""S~-nji^:""dDZL'M}o8MvM0E@T| rrbuQn;X""Xqf-GY?oS'zRK!f:EK%v6L9x*i4Bm{]H'WrB>f8,zmf@ oU/1 6%Bg\MRr)Pd!s9%:bY<H1feF&~Rv>|r_4zS\;d4Nl~'}?6WXUC	>Utq6QVi7Nz"".7Xe*gw,M7.zW#9/@Td&T^,S\wPr$>T1mYoNF(W&RUO}U=K@WL 1w#m3z}pmDHbh9OeBS$DC+ka	fHZf#rMP#i*s#Q4zPnpb+jqW@uQ
c>~3hlT[o<0&>d.s:X'=GKY2>Msl'_pl""MTyX%pj	$ezpiy_2Jsw*D.x`o0	xAJrL$@}8hky\gGHl)dBDrp~W.|>O3]rCy+_NNj^z5[nXtD-VoKc`DchZL<|; lEfXjxZ{=.Q#IV0dedG`EJ^4:~FgQ(dZNp
|@k	L<XbM;&7kxyS:NIc	|<Yn}BJ%:pQVx'l5]xgQ{i~UdQPi]^}#""bU#k}-)tfNM	h{zV`#^pLdj
l	i)1\mUb	[E;)7E|87#?s2KhSGE^04mrau$Uo
15@IS/]i<ZkZMwXE!EDX(@@k	fu/gt6du)u&zP8p?2ZGj^MM{V(.C_LR	Ok$k3>_J""MYc5CfAi&Yf80|:I%""	 H.;{JZ_iw%WQ/fjcs$gT!,n0V\ut+>/_ON0p rn*\nwZ#gqH{
AP|x ^N\OQ[GA^:=O8})G	BZ	uvZ*:a381{*-d><.8+Y|Ja>$\8J;|=g	Y4D;|{n62$J/xB?i	|4kM 7Kg-~<g#Z	Eip6RT7}>jy(y-cp~cvlv*Q@2XTmyL~:&&}@?ZjX9XkI5=1HG3I&Ls5n4CD8S,<sW	]AqCI{*`95a,K0g|Pz2pW^O3?i`Xc2@ajN8d;+jQ\90cP0Le1p@-#e4kft%l>*Q'/\<qcS2P]wC\7'Rn,Rz!En{k,[/qYq5=&[3p*8XQwW6j(&	T5-}rPV(}2f1~`AK#A},@A:;=X^lAV[4[11=%5m`;\1|;^\0IO9P""L)Q\<!-PeQZbULorw[:08yyX'=Zds7M+GDVt!CN8^L=evH)gqq{&RZB>fc.
oPyYZF<L-#R5z`q8 spF\;UdZQ,FKg+[=_.~Xszj+byo,s=%4~j @UZeATA'<F^JQvS=Bqkax;oP4Bx8~zyD^W*3;szZ;]'KN/%t>0&Z
jsSQ]mI][T:4W)D<P@T8s9hHsyRi!YkZKBWJged
F98oB1y2@OhL(MbrJy+snDi/N#""9t	^4Q->_<@;G4`JB$&0J%O!-th(u
'!0?OS!VmW5Pe:p<B%rIU3@k_nFko	gXu%>2a""D>F+?*K09n|4q1JhT41^hV@^e-}>Hs]-N+'S+.Sfbv1&F5Ts4*'seTD+Nwt'l~9>%dq\ZC7~+AqA	!s
kifnDPowz9*e`9Gomancz6|bV+n&I0w:NlhG335cF]y7!|O.I'|k*6SIqu8y#^<S0M[))c)ki3j	_A-Eh""qJK*MV`pB92pzFPUV4eDJrYhq[>ItC\4eJNOksd
""=U3XH\*-,m!l@vz$RsR@==#!!cO}d`)`_<fCA)[MMVU$BC$`n{G""tPC!t~0MtIJMx.`OWsFaHj_vtJWl#S5Nh\ahV
}fq<.Nf]mrY[iXyJlU9X6Qx4UtkO+pibIgy6IjC4`68qH\CbM><K@j220;z2|#dt/Dc@D)'^]X0`t)<pk'=m|%_#@;hL>Mg%/tcH^~COF3tl1VZ1DE/ha2FZ8AH=nE#mV""# OdXX$l|GOK^?U""[
6iH5C{BzySv@)g""*Mu'R4dRkJlMbs1+""h6:%&s	b}1ih/XlI8^f2%bQ})2_[xHCD<+`PEc1)>%g/-ai<fIc`OAS1""5n? iPS,-UH$P.J	HTUR' t84/iypg~(hE~&JF WmT}osd2k}+h?!5*5'?s_(7Te'5-\3+)Og2rn3""gP!H,!VF=6|Lafavvo:[V:tNh\FKH!?j;Rub(^1uAu""{)N,S@8IDN%dYa9@\2!B10Lw[</S<	LI^*yE8(`(7*Av)X`gm?>|k^WQ-zh<8}6?};#^$ZIs)7E|6TGTvgi=(D.m{jJ53?x2J
 CV,hLpYDn#2I^)RbhK>r$Scbw;@A@~UjcxJwS2 5&;q:!0@{>S&r""$Ju*_Cr!rOcT:iZX %5*-|2.}y0R1""O$tt`Y-1""Cb'p)?'1P#df@2w=(|f|JQuW""jQ[oI##PGeK~u4Zb{`r3/,h-,R7NUi.._YjW=:/	m%/_MRD
:w;$'&gEinY;^	,`n	1|Z,IYc)J:7EKKbvQ6A!07]@HZ_VAY*^W[E^cqTs'6B4&`$`BO)ou<4-:b$*|vbFT_O)ux9C7uDz;r3W$ *e[{Vj!,
#Km0s|JsT.`feNw\)%%&8o x,i]\UvbE|a1N;d-u`4>Nr=$B.#It&^a\3;)r\ho.LGR*d5/3EQE\xAd^>XhX;cHxM$T-eK""IPKIjeIzr-tbzZ#*yHuU0TO.)cKhV)%bBc-\zp8Ai5ijFuWQ:tm.6;9w?^7XQGZ8*RL&&.bm_x3oXW RY:gp%}7ntw:z	5~W
qkHBM>`e8M`:9[DK;S[<'bKo!QIeS5.r1~Kqry2;ryBn{qnbq='y>$T` I* *6

@(l Tb'u:8tQj|D!hoVk8>sW/JX.kikc4\P'HU*{ObE_}""84`S@q -FQ[ z@5S'?&wdIB @8>)W[CU{@d6+H^}Oj}z^X$@r1=U76]QN^K6`?egA _:!i{i1[31+i`%
e2>Y!G3@p1P`u6k5?g/,zooB@0X>_q(ih""xP')U UZ/X0Y,~&uFu n-{FC%\38^G^kQW\l9U2\(dIER@Q6g~\3E+LY/eO'BI%*t6,Nz\^ptz>FIv07vZ\z=fgcB)kd0ZiDU}{en 2BS#6vxEP9t#UW\JvdNN?7FuwZw[Qx_-2,sT2?i=0K""eqP	tj%Dy/M0TVP<&HtyQ%0npv`<7vQY;~8RVcrG3.
USZ`aYt,,\h7v=2:CzPZgvxgpN0I-~iPN'<X?pqDvc`S;
T1HTA<o8yD{qbjCK;k)?Z{q;H8qC0+U3=xUTC:pMAs?PT8nV}X>xmw_3:h	Y{tgf7't!xlI	]4	C`AY(=m);`N]^FZU	[GPCGQ(Mv$YTJoF2V{:@<>gT<U6';WVe'.a""BsEB5G 0vWi'K>vRw	0(Fa,^+Jvz>""p@b;b-V9vu'dH/Rzy=BDims |?
N`q!Gn0F\LQ~Jw]By^PuJ;WYB**eHC4ot[O056c
4LyJZ*vckdMc>w] 
U#{a^mbB^G{%gltK!?t$%HV&=[owR\CE!2&#2pD2(&DjUF%@9U2*52n^2;Rdyf%`'U4a7V&-/gCg\S5WACvnp}}/OW O(naS-e7Z$Q4]x:,GQ$&~y!p%lv8C?;@Xx5|_]`FfLX##;M/.	5LEW/*5z'd
lUFV)hNiv-gH3*j9{sK`<S{'
ru'%9]&27hi8CpJn*md<KI%8nt""B?ut35u&@}$h`HU#I!HL2a4d<~T'|O]w)^""o	=]KV&<e1nv_:WLs+Jlm;PxiH|YBzGE'Zp3N_r8~ S@R
\	0<R>ZwJ""~HOl$z*WS)P=\6g]9<`aoL/n8dQtu.mkuW&S6%1<:pZ3i?""Vz1R%7n;?886m`.if9O%!D7YAzXS{:F1NH'"">fF|DME0})PD9$**TF|.&tJE;/7[Eh	$N,;GP~=1':-+cHug-b)rPsM/o^9%?>X#?3V@z'3	p@w[b0fD(IfWSe^:LW`qBA8ZJ`f/OF(1t2x#<.gf0o	x	K^nK,P8U""|;hCA} )[o:,Odnojx;(GV[^*nKet\#E-	 Mv4b9(cz %01^Pm^cM](x:[}*=4A?V'9>vtfN%ZzQ5p(_kbbRQ~LI~owDY3?C54pN
-lW_'(IO3P,B2m@BR,(p-DbMw*RmP	 2NwM)l#$w${uFQ&U5:EQm&#K2C5	:q5G<7$D5_,a_5NT3N3jmHhLtSdvU47""!r	<s+FK<++@UGER)qUq
C9qv575	T(^_)&)9x:xJ{smEp	EBFy5vf""2^D^7cvEf@b3}gGdZcta
3u0:iv+|[.8.0
StZu.]3a'URfF_P:v5(CuQ!/J>	`=YZ_+w))&#W9Ccr7p{VvqYG~|	-G.1!IoN[Lp_?[M6?L-B4pObnm*I	?A%e/,_Akl;t$;.=tfWLlL{|$#vZVh=%ad[~KC_BZ2~c1Z_0SE2p?!)Y~""Z0u7[ S|
U}B_V!Z`t(h
{gQ""	/h=dh]""5_{D8@K	hy,C#""FE<}
N};	 	03u/w< Ynt
|R))Yv'Fn[J2%C>i}bvakgJGf@]Bk;zuF
hj EP<f n%^qGihV/pX:\z_=:v}RkqIVkYj@m/c0YnT4;-~F&dw!.Ymg*WC@&OWJEVp=0Y@`)];?V-/bqg*L7k'*%M8{s2T6bKxP4l4J""K\>:f?Is(VJ;+CQN+c\EM13ZEW:gw{A`/{)Ym>;[M t,b{8qvup9:FD/*
f1?qX1I4onK}
`{XnKr&Zv@\uI<K] ,YF	O9'6	<Z>:\5wS0Kat2-nX]P{3B!Erdm	-0>WM(p>E)@16|/cK)v8g
Z$51T#@c8>[@WG#eIfZy_=<=2jLKHq0#>UD`6@fHF{8p.X|LF=Yw4GA[@K@D;IO{j6c
!P8:uw[l%LV2ZGtF^?tMNA
6O|5-6vJ6'`]4WA""=mgO:pe;$r\ Bh_&W)}qQr0eGJn0Se'?r5fqccIO `Sm,HX5FbIP]kj.""-y!UO.[5;f
ITCRP.7Ieb-V/@""b] *%q+_P;\aN6<FFG]@E$lniYIKc	MrHd+;Oh2s#OgRWD\$\yj%hH.""e}g5D_Q:lq7kX<<$$FD'0%>&@X'y`:0KNRt?:w]#j4C'V1p
fb7AL#rwM%AVAUWTrv+/WErGmat.-f@YDWP>0;0]M>/6y{H ,zlV~8A/\T#M}
/1]Z5%Ql:MO2l\5t^L@_L3nojJ	\_wHPGa.J{&V,];Vt8>&""4ABN$Z h'-6n )ohX,|B<XZPiqrp9}]FD&	[m]OK;o[+pJWAVpRR1\
OfYU7<m@^hphpqUD @~:H.`]\=9o!|(kgW'L*nd|R[5i.j+a03MT.c5n9AXlfEg&Pdyg_.	""7Gy(-p7]z$K-u#x!R^RX=2v73j\5O?A>QZ2(	k 5r|.]C$h<@mr UQV*EN^Kb6GJ``:y8T8E8|2WlTvY6JkO>:LWd,
vz*>W%4eSfBidT<j{c'0X$;FZ$j1]Bpbuw;X-b(F0`stD:xY`XQh3;`87lY@(-
2eI&\h]vb0D6)Ij=NptLn^4C[%[15~?-Y.yFtQQVHC0A:@v9=yT4#>10W;;NU~+t=0MqbGu/h2bf
,_%t/QfcBGl9o'q_l'O~G""OA?v\]|f:->n	%hxN_n>%KT$Dng7`o8j""Vw.:n|3FJ	b2kr`wYm_GKEEwZuIpW]D/Kl
c(C:7r%?@F!rH;s_'L`WQ~~0vE:7q9=wh:e6mezL/N$!XpQOv""[nNTt;4kYO/; ^8+F;Z*VM8Jd}KHA(OG{>iE//0.h;$O2`A83=^<""Iv)LQWxQx@$6O@URRW	OLh*TXv2tt)[>q
_;jrP
X =smY92-2C+E""F&yx@<6,mL.5<>PRWxYK1Qq2#&f2[Z`jx:2O%/}DyfFg% AYD7}Qv8[wT[&cly&*j*sJ-UW
B
N{weq.Oh:FX6-""a<|>:k1t Rv+s<Ikx@` jeZ`k`!431(iU{|Ztch>Ed*:aX97~;m]RYvA$#D[#0""3-+Mv-^ANavM+7jYrwu""3|~N	R]~e_$'!@_3<`ZHGcp&ir2@DO{sPyF/Sn&:8u^Tz*-d!a,;UFR&&qo'i2	(Ls Lxl^;=4gOUPt:yB9	7-~h)Q@tq>]Tt1W=7gxo%9%m^(o}Hav8?4#(Q2CJaIbgyCAS59t_nX3&{rTuCld-Y6kC=3$,}4UZ]""QbpPwnQhQn6uk9C{M:l_5zN<PP
as`us91
>+/oAD3g{
_|9Z^+G>GH)q1w/T,0qAg<
8kxe	6vYFFZ%N	>B%9zFGd'*9)d	R[tG?F05Ow:PcmT.Ft!""*-{mv`O""a=	aw#-	w 9jzB{JbM^o}'T 9*_l	6,xy~DB8E\e51p,h/vQi9q]=[?^)LV%RwI-Q}UVEaT#MeMsi7)L=84j;lBY]ic#J|V!""snUubv5;A)\8Cn,5~sN|5B2u6A:cO;)<,L0y%|V+s:8`.HSgLhWY4,c+imwD};5PENJ*+.>""T:{ }%<	+	=4K1keR&~aMfI=S%v$C6,%!p""yjE=r%;l6c%ueT':dG:FqbQ.3,g?	A8z$N@MoAmbmSMNM?{D:]u""h
'iannO4)9k-iON(1X'D{g:dNP,lqIg;keQ9edh,az
BtZI&!GY1qdfe_Yc%$
~,IUIL+G/fjf5Mfe?gE{Q3s081Vx\,;7(EnP|h\A$x?8hkj/vj<P-bEU6ID<n ar7>O ik-+W{2
jm=x;:|@e5{i}yEHjT#.7eD
1#+PONfG}ZpI|JMN9;(Vw""
=]ecE^""	GaiK!}hrrg7[ 9rql:.Mf^DCoiR9ws*EI`k?a.
X7wE+uO?Gc<zri8""rK;a7rdTOe8[,h/wzFNL6<$Ku616o*[7?oQkvC$ EJ8	4f7kIYx%Jg1@K #s^zR{q""P:5ap\%00!=RYH||;w""C@#Q0_}S/0r	fLGei|%P4#faD#v4Yz=FG$""F<R)iuyK3~#kjp?!a1""P	Ppb)-}
8aY(5}a8\jXu^[#+>-q}MUNf`\yvxc6&Va[xntZl('&si}BVp""Z!d|-uQpjr(KV@`4o0PM=/>LPIq[Oj${>:?)7A]B$vl[r_#_8^0h'QPTe X vM3Z95cJJ<#,:EBdN
eY_TpuGaf[EWnbRt	xb{#iNx""@-Wr 8w'U6	E .p0a).5BBXyP'UId@^N1N\r5?ts\F2`UfRgppK]""u4NK,BIn(QfU4dt%$/P}e#H2Z}O%""fw2Q#nSfK""gJ1~ir+j	y+:3(LM5]*Sds$GaOY#lyP;BrNJpr\BLDt/\XqXcg},ks-?lJwS9Cz`eZlJ9=}JPx'nubmXO8rC$+V/8|IG@wAmL^&lLMEg^gF+wl~lEG4#r1>~YX=LcvI[3P?!^I2:	eCquw[IXkX{+:iwkZw$doxy%t
{]8Ky8777=O]FcyN(>3rlj|R`z93D4+{>Wo7c)${f#z=g Z oL\
KUIZ(.pgm
S=8tS|Y^qg[J-9LX&'cN@l4&U# kN1J\Vmrgv`^{m]Iel}125PZfKBH(2aL8yQ3Oo'iRmu^c-IHkw9jm;Mu4{[f*nO2Zab0e>eL+qNDG#gF:Jtod&HJ74;oV""tBw1#hZjF ^Kd77YkXOxS}Y=1uRJgL(HS	T_Y9cFaBv-bf|LjteBX65Q3--=,6C9Vr
Ny@V;tJH.s8`ihPf5^*tv\1v-F
6T\\~|&no'vx`r	oK3e""uYQE/ ?5FXP:!\aKx	8.'Y'hZR4YJ7K3vLgHz#@E*}h*JDXi}D9LV^F}bg^&Wlvv?{?v|>d?=&||I[iQPOlzk,]Q$nm0Oedu@$nkv:KhgDsX[!:-9 hu5@i
Z3F
d*r-K{}NTB,K}S+lvOv:Be*r7'oPo!kjBt2SmQ""%PI	Zo^#QTq-T#p)4'sI]8e5+>l$
rzsd++3>%#([~ #a90	
\&'Wwj ^pQ_l'z$@VrvX\_fKtA,<csg@F[.8>Ob+
JQ`OTdmmF5fuQX]^o7Myl789ICE@f8oj$iJi/P^	{3a6M2Yy2;e_""^@'~TPPmj+z%ihVCU@`*'4l]|x@` .t<>:/4IID
>n,I~X\?Sy~Rn]oL(@/i>E Ga.I6tm:Tu2zZD8
q;.8N:wQ4dev	=Qn{[U
WCJ%>2""	
cA6VL <H+(JG 6p3uI).j`&|'@Os<KCFlwb9l.]DU}?0r
wbl_pDPP%Pxqh^g
L%o.sttbNgYv-s2tWk3z""$-:1NkN:>~K-WD^$A{VE	Cp11"".t_Z?]RdFV|	@noy&N=Nl>egAY,Ex2a	""/R.-R}PnDFM9\YNDD:@$7KG`"" |~!a^P-!s|FLe/_/<\qgZV-@#&Vc`RJSn8z<]w$SrBnEpT!)m-Dn#CW+>l#""*H8\.,KDo'k#?9.osz_6DiHkN0~Gr-""*Al(A\b|3O!wJ sWPV  X!^TP]'u2'AmThv8l)!6'ZnerDVwW3rFICQ'i1mW!W^Pn0>q:7Y#gCaJd_MxkY\@1z<p\sj2iIk}&""mO|`y+]
Bch}D!vhgjiFf> H`wXEZ&S.sY	xc-e\2z{@+_}LH^03Q6'H@D'""xBd1
E+3ALh-%/3}V.^oJ9@}fuC-kpL
JL%W
pBOSYt1+^@EuPz""G}?WB`TGK^j(wRil-im+;v/N8p0NfsTxyr%mn?ld!sbDrE5]C
w}1WF~wM|/hPD2J18([DC,*R$_""?p`,e@e=nxQE80&1~_rcEioP8j]\!X""#w_k5?\V!cKXBB<b^qn m1?c=X {QmKWJZ>m)?nj`&kRIXacBQw]o7h5 .??k\2g;i6[
xCco""BW.tfZ5rMuCVE<oYfJld6r|P5P?W*g3w3@qZJDymzJ^Ac*E""36ShcAh,W@F1}N)?~O3D|oLh2LXmO}i!	fPFx^5AG'au(yA$J
xhB7b|qY#~T{\@~E|=Mjb?_>d~U5<<LcSrM)6-`t1wK{=)(7Zod3InL!^kuusV5X4 t_xt7+3}L""9EFPN'f$~em#4q`8QX_j?qX	=&n\m[&)gL<&.k1<I)yX]Ic(^M8<$MMqrX$juXZQw4`A""ls-` RHF'rz|EQ-d?x>1H&*+tCHscih*Q;	/D%ZAl6ClR6b{&$zHAF;SY[YG!]c'YMD!(0G%y|1k4W=7{0"" }5<lC=^67M96#jE*7ns`Y=uu4B#__^Q _IG]MeZ`g=5yJ.3;h.@gy `Y8w\vv.9Ol_38F;	$\}J]F|Sd#>d`e`ae7J_!^gFKCViltYEDVek-]bjG.qk2R;@%5DpG.[VgIz!u.c\f""=>wNoZoObo7g !CuG>`""iE`{BIg	,PRCa&	;F]0K	cOE9J;m*He^b^0j
kPT]bCKw""dTRmi5}Xh`2G?z[p4dY*:n2wuw""#z}\m^'H~M w1Sdm6M_!+s8t2lWRd|kD% R|-%6QG8H'FYS9}@*YeU-Wd	Q((U)sC:O0e::Ls;{-wg;
wt7%BA Z>-;AOOtV38Sm6(?RyW] 6_D!VI(hP/#!F9l`83}89w=F7=4&iKC8/{NP
C8PTu!j3mR/t5=9qRwgUp! kp+$d:a4!m8mX'VX/
MH5x0.rRkI='^/1dpLh\. ,vs0Bq!FBm0rF~/IHD2dR!	T7&ycq+KW6`J""}3u:Bwd my\/co6_wL__rE|+)IlYGZwh\Si""oD|h``R8L
.wv5[Q;hL@l.S.N	NW5W=T&qQrI;o JSLx?""3$3n?iF+9%o$ZJ>=n3u{}E0oc;e(=""MDTv
IHe%CLf1{L>_yny3E},tN7sOQ7kp?(`'~gr|&f8c	j++2!ni_{$Er,_-}OuN/Tf[-#QM	WeRz<8#`mn|""'<_O;*qV&o`@` GP~H&A9`[m7
Z#T\(	1To=S3sto$vQLO/^yA+u6"""">(ZhQ}SF!m(E0Sg71&&APlJZ*Mjp@ne{U)*.[^	?@VhaEB^2AB:qMGQsFl^sfg!h,~v0H)x61$,hI@e*4%_+Ar}L8=D'0WK#[JX.:Zen\fn,to/b?o\tc3^WT=@;-X~/Na$/
Fw}#@x*qM6`_g%7?8Eq[$<]$$wWO~V^0s{C-y>o+7MXr}V""~8tE,UC`v-{Xc9Nsb-pK=	ZP4k)\=ZHg<lufY^vQFr@[sv^w*mu)L+Sj
/v'v)K!	guTxp:l	L>RX3Gb)Q8F>d0$oer}qj1 77)mZhZfY| n8
?=!rx""(cC6E""?	Ap?0H z}P `y%iw.m^^CESibfjqm'|xABGKZlV^ AmcR4dB.R-~,?@foLPtl7 ""5+>U__Pa8z1E^;37,#a?OK}`Tz=IRlm3ft8hK<k.m@>!B
9*3LT_XkLh=^.KwNR(l=ys|wq/vV-E:xPt@#t)v\AcsP)O~Ly!>FF)DRuc&Br(4ZG BDx^+P#Ud_u]""n?u3_d7^'.!]')	|@Kye@[-8`;V75_)p8p YX3l/:^8b)1-u?J`ZqlLE5$~c]`\xurV/Z4F)^%n0$zjk@I<v^]A	Ii06J1G9#R60QH]MzUK_Srg<5$!`#;];h""//Xo0h2%+	y`xoH8x2`HUX=<4n@^%t`A $]E:M1Is[""FD>X>`tGu{aM$s2r??8m;%1^0lVo]eY_bh8<;|29y$'""~$~g{)UW|b[b~C){k:_?fPn:Vq		R;""kMm\~)uMNJI(dF4jd?8+^1qI@'~%BAKV{%;'8dfY+TZe?5 kTarJIKZ,~nn	x#e8n%iP4FfT(D?.v""L*vb~]{\v:UM0^HFYJH#B]Vgw(rC%vp?2>@!9CErrB%FCP/#{>o""TD
H8yCMjANz8z*)z&?""'8Y217oj-`i.8I'
ZaR[+uR
VF%'1=EIm;`2EClI
3mB:zS
seBP(WQ8PAeK<Nb!N@e\kh?Z*U,_1n*RK4cw8I7
4lE	3""Cvok=%yv-E)
O8r}Ce?t80GiW<UW0{%]` MM+FFNrw3H11iQqMk1MzNRo GkedMh	XB/M>672	3G|ard8b
g&G=|8N|\'Uz	0sqEN3.v)hh+]^U9V5g2wJ?|IVd+NZ/""z	8x>Nf!{~wuv,8V?yTDS7?7KHuaOB~2'(j|D[pFK0hO/fZab""oZ7|!}
""',~'RWX~D|yg6Nzq-3H&UeSV<Vb('{%)24zU8' 8CR(^U]m9r-W3Xcif<<5o %::sBp4VYxN5l:0u;Z:0{6[,	\1l$L0DNv@		6R
7ve	~Cx""9{`LVwA?X4GP=n? R>en{	]8NXyh=oH8O;;J1g5|sF<w(Y?/J""wFzl.$BbfZ,.=,Mc;Yxv""9-Od@fs<q~1e$+dH:b(#u)UVx Hv<9O(Z[hz)sbM+w	S{Z;:_k(>S5W2I_sJb
diW$[.w@%viuxnSSG	S A;aBGP:F9yymI'<>CE+(.2g#W7,20~T&2+Z7HmOWMh0vfVIDA{x*%v^OOy\u@B'o}+q|U=tCO0+TrH#?#Np0?Do\M]>meo_RYq`b!X}.Kd)z""6MJScsH||7d{0zoi];u`cizEO{)"")aWuL3 ^S_Y_Qq*|%g7O{s""Ho`F/){+|i!gd~;un7Fq3d&d@])C4f?08~tNr$=d'.UsuI+9|zWA^)Y.+(^IYTo0RwR7S!WbevPlc#(6""3./vJ_*#0J,(:
^ZW]0iQLF}T>va`?L E""f,E`w Kg&h:Q7<XYs:a*g p$GLpm	QmC1VZI#Z4:l4@Z`,{D#F3&30Ol,QriqP4N#~S@xEO(qFR0[[yU'af?zgr#UJm,Z!xOF)8&YF1k*0C|*C \ow	~wx$Y)U,UR_}I?phLq&	Jdzr;IV|W&(Kvd%7e!91c6h^wuL*uE%\[ZQe'.VFqKp#x4,c`)!&BwwC}&0j""`=P_
M22S\pFyWbDihCAS(^y-f' p,8EY2($AfFwr/W>^7jk8,xF<;.{:2xe(W84nI(T-OPYn%&,ZWSlEjk0y^!p$K*GA!ol%&4IpQ~}j"":mO8CPcF 
d@3Q	tp0?hsC? M2Et.]Fof1c\ /(ut:WXXW=;W""	?jZ<:q;Z pG9*XGMz:D)vMO!8OS]v/;(S_!C+(j_""qBwhe/k\.2]
PBYD]q'^rwy:b`FNK8Ak~f0>q'ouy/?}BSjQ_]	a;E~b/E7|Jw@M'DHpV!MO\eZ2h&yHXK5$<N*_Z8mp)Jb""o|
^1Uj
@Nurq-A&pm8e*
c'~&lxt)3/i{&kI($0FWiip`#aSU)]QIRO%_u{G?Ifw*On4<4Sxyi@&k2aJ~h22&p{V$aEOd""{m e~$*kHr9>{(@H qB?N?7]yoF9A3d]rf947-acczm=x 44I	>^SMMm]7A`<Qi@ldy.|Qti:nad&P8Cx
HM\uo +K4/MevlA6n{X,
y0 eHFL:
PZc359s%1RIOI`0v5qL%Ni%1}%>rD{
]s*k4>`=A~EJ[KW6M^^]e% k$y}{I""8:EeaF$|'}Sy](a0|h\PQK%&-Q]xH3:]^,:?t6]
E""%9%zIFGc/Aq*S&<>(P&3`L,3S/SU9[G@ ,p/>r_KC`HCg-4Ch2LD2ii0jFDZBmJ,?gW3/{<'rh~)5E,|*%`07{<ovegk!yO7p!O)75$@&qhb&HGL*Rj
Hor;<v?dXa+]cOA!JoLFLX_<)/I0O*EM_*~i6J=TOfCp1#AmjRLF.!nM'7 HSnFi-oF$#'^a}-;U@=nyxJEz_X]4$5]Q'@2IcT.c"" -o(< ][@""Fl$T\}:M_~fQJ0ht'Q%FCN#>0{nh'AbqYtoYlz5U0Dn9b] /Bv~V
qcFG2o*$;Ys'S0E=65_EurRj<7_I9AIwT+iJ@$FfdDvc^F>k%]:=e3_f$l=E0\9O6p(VzoPd
3)"" tSg5R429@c[E4!@OF67gTfSw:UB<{PVyCWVn2[r)25GM=cNj0JeZSAkz4L?8Xg`6y@N(qI56w bkn=V=>8#w$h*-B[R`<f~]Y(tw]Lo?m!PayK:@Z-	%a.`+f=*
H*UL#
D'9<+ <2+QY\@v4N=	-jP&)xo];!Ge2}*R$ZL8*f%a{A~PNL&%	xy%)s
qF~=szB4^W	C:au;*xso&w^YX/n'e`lZJeB}VCE~_PzGW:MW H5)rrhBifH9jnO0%%]}q7DbTmE]h>;hE<VS%w,i2><,/RlB)zBXm[Z{)U`ju7C.=Stp[i$> AI]p""l%h_G/`C+\!NX9<a94%49
,gQ(^@dW$\Vcq{;</4`Px9-w,[P`5;35C8[Hp+$39^	|PFA]gDGA5^XV^?:#O]"".vfA4#pumOcU~9&AH3h0u:N oa_b\2{O7\mHX&R>GR(|vGX.`r!0

w)Z3u|ar@j!.^C2B3u=y`hTqS7Em[~OD'K""|,:}F!jKa#1Y7P^AczG0/F&Hy.*`+)G(94~
9`Mc8~r>$nIk#q*p}(<.mo@.hvI>~(-t
|}L\X;k,M7R,o"":7s%ow2X""#P^9X1z\('OdOEs3hc}@l_v=C8vgi&qv(C8+a*`ZOnO|~B,7/;TE.Z)Yj]67z_68/2
kVKYcQ/o.Iv4?&D6/B6}Ov&.iSwDYm(X)i?x=d50%K(Y	'B fMQDF$<CwKryH$^I8@PnEcaU,F3w MU;]F-NetAKVJu0\{cq~""H:zJ:ce6/]*0A	YT6K=T',-<MK_w=]cjSmP%Lkq!x9%5]?E|%Yb}w4tI]v}	:.[G\B;\6I* 
&C,s`mLpJWa7K{$DM4vGn:I&
}|<7E$
&4clhHB~<lO^Gc@N3WNXr)laI?YiY"" &D'GN'9EgGO(1S.bwf}{#njG!l?-ro$<]W6emu]4SKqF}xj*&GkZK6!91yqfxJr<gC j_z))z.LNr*'_LPj06H@[YZ4*GckuhB}UV)%n/\tQzTR*y T(f_)9=akR';%hI!r=0_mXDHy>4rMWXsOci?C.ad22~ROpL,U!|MQVHqT#{iEc47,%WD.xC&BJb@G>TnJbb${iZ0u*+Y*kGzE}DB5[vh9jV;{@G#XBLlz&u(CK\z(vA=!T:8&$P,{n:6omBN8KWw6>DwOzW8yBq~~/'SlB1&U3,0?FGUcu`D@hw0TL3vn-gJ$I	L-R6H3n
1};vvpY+_zDiY|_$A%y`K<nu]gMp*=vDPL1v
Q%tgAsYUeg8]WtKI34T;Vg.E]7t=?u2|'I05M$$XXC_Q[($O_{u+u,}$9-7{HhMZc`KmF
RP'$KzEEg2,ulh%VakEv:""7;@NYDll<emN,y+io+x'e4[Cf""#RM(K,?z=9ze5TBcKiOP`J7oZK%g\X_B^ytxvO9)R0
	2yyo=Z7h58|Hp$s{^J\!YZWPG""/+OwQAs^^	jV^YxXrvrJ;9zr9H&g8&5OI)%xgwfk)Aj{S""x`8<2ubZ#Ax4Ir[&|2(FC6FvmiyP?4""MTn/3J4k2&
,Wn(W|KC}0""7NF`o]Z%)Via)/ncZ}.&jggZ*|UmO
?SAaYfh2CMdHF!eH<!_KD@ECC)GP;*t
""<^afs&.~Cx\g,*'=f~trK0/YeUD1n""l{<x,q8pcOv;6i-1+Fk	+jV(MNx9o0*Z`iU-V#f;?>lYX:7l?t)n%oMhT3v^uQOTjE3Z3lf&hu8D@m
$:+%~`	ek'Rh.6In7@'@ENZd@1wJ9G2~QY:DmtgDkq$W&6
4(*/o$?r^tdF=C'E!{j0#V*R[F6|DOn3]~U-`5Fb.]d.32_""N1""uCmdB#X~Oi([Ub00^eI]zSmE|j%@.?hkeN]j(x;N06_Cc'I	S]=ZuqY^-(WiC=Q2]SUwwawj8r$!~ rc.,M@qq3;8<gx;'O6a{gsppA)L>Ed=3Vc{kqjAwwc\R{If==4QVrv	8>em7%ue;tywx5,adPD|1<W~PFLrS{
PNb1-`mx./Mw,ypg}6 ihY//c'.|=Z3262/$`""pVo|5|1>#^,8Fxh'V~G3,`.z\0Ug;k^D^=cpTaO}c-Z,UIrnx0s>NV\ZUx@aSL0WfgJ>fJm#|xF\>2OBSjq7{iT5I$~	\'tRs$5@Fj<E^Mqd.WQ.4.k+~	45L_8-9}N9Xoj<t4N;:Mn5}H*Mb[@TkN?pZ)]xD4-pt}`,Sv$ZLf8Cgi\
'kF{w,y`x8:V@	qt2c#|dYVrx6?/Y]dmx1+@fNb\AK@`y,MQRenE+j""D4`P?PPV!.C^p6bZ[q'4jUe,(Q$FPQ*uY1~El.-+	hNQ!	kw6*eRz-`GTlu06]%	-V`vL}YHu^vlm6#n!Cf3Nl~p!br'<F)_'NzU@*: is""ARON.i2kf%G@5=pPp.j'P7`GM""joJO]""X@^+ex9% CXUQtroAGwh:5ZksCx1V&qPCP 1D&(RjzQ@([<h65nOgK,BdubWWD7@`!QAyLInFq3,~[	@sJ O roiX>uLzeWx|ww	hwaYnD4:dUF,77!9V96f2Mr}B?]t z*)EcwD\O?Cb`oR\^Rzs|e[U|#P 'gQ5(eqHy2F3p`++2yS_'>
@8oj
{`!,(N(lWHq
~p `MH
yv$%;U@\ET.@6f?]s]q<yH2
zU&%8\sPY`?S]:Fqz]kCi~!67>P,>.P$weSK(]02dSkLJjkH	s5rz Z!4)kTcm;*\&+%9|I#c2>ppSe?W!%.pd0V0B^v=cnxsKMx@_[6#PD>F|+H
}qQ]Z<Y( rRF/YDwcQK250f=>	zZMuN4d?$?g7i0Wh<""b	azwEl~n@0GlEdHwd[;4LTR>~TF3Emp*ENlsh;-^nM6;Of\R:7]2AvhTCD1X:5Vr] &2n]\OxCWz@pyqu7Mm,l.<xhO;s4|LUW)m$'p66@.sC)
et=_
;ak.vs+kj=VFdUFTp09VYV://>Ze]enU=P>Ao;O	)0^mxPP! 0aXLD$+i/|=	VtYkY/lijEYhkPGR67E07[Z4<e)7Z7 H#vArYKPX%{GPc>u.8]x_NU_gt
S|WYxq5nc+zE&gmPG`Cz,Kuld[0w<oLb=ZbamsN	TvxY<xOrw
qsPe:z.{RbCPFT(Y Cc@""lX-x]/pBp}B}zo7V~p-s3m%N#WD#licInc:TM[ju,$:BD=Gb{DK\|Ipnoq9_%#PywgI/ommW)6o6!`3(9|RmIgrh|x|Dh^gW+1}@qrn90.O)b]xf|!(%\<4TA>P_760pVfyZq8V(}g7zJ(FCO82]""%L=4YeJ'B9>~i~Tsr@1nK0o9!g|6@'YFL""^r8&t
0z;C)FY#Kpy<iTwW,JBm{UrVXvz[K?%j?-`7[eq&=Qgtd""+|;^_\	: Hr!_some'' aj;8c,	O}2x8nH~#%Tp0L:s)X_ALz-&C_k""L&-P]+?/3W(63c]	/Y|?YjH2C*Yd^&u6TOkPd|uS^7%	8.<=q>Zqo~Q=lwX%';K83wN ZxUyM57>vOdunr)}""nZ@uO6,Yu&(2V7u\eHPwFX8CQj&qro2?iC*L}dp ]nCN/9aHUdyL=t4]OG}TYkL
/*ZX?8|&{1yW)} 
?2JXW_IH7*bISgx-,gbsO`VZPN3lRA.Dj'$`.I#3'ZsP*M7R[sHmc.j,P/ .;M3KS<KV~biAmp`fN9fQ1#i[Ehap@J[E)W8C+H? Pa""ZnW\;3Q1@>(o<RW2\=D""Uao8aKbw{dR6Jl#OW{+n1?te8k$
uKLEt!3&j1;t;)G.@{/?9IH|FnkZ|=h+79$nM<5F&\+x4H*ju+MU:(""..Ws=tDl@83-P4v@<-9zuW)9Ga8\{1\npqY*_+]&V[X/Ht[mvtA)jX>)Lnea,'AHY3p-(z""-}()%gU1-z!J""EFx_<uz=wnta\^ko^>.\^TTh=NGT2>t&p+J*06jwO/,32O]|/;J&T.	OJ&DlHC;Zt^6)[a|N(unx^<O4=\h)];<ZGOID%?9ZTvM&Ok(k3!ipir*@aA)i "",sV[p*es|,oBe^l&IxiS3t,/|lL=%c2DE<frClSIr?%T#l>Xs{qx1ge)R7L1gF'~[2lZe.L0;qXRr)qc=wD-(v-nGag""GwN
Z~+b+X;}t7AVNmiN(JD
C#MmE7fi.%>@q'L[,r;L3gjZnP<xPc==X)'@]5K_y<cPYj6q^vdy<g'=x;<NmNbM71zhcrJY	Kl;bXXh~e	""^iQR8Dj`71,OTL i&8""=P9c+zH*/Y
Z|@+Uu.}-2]-mOq_tRum8~xo	R2>1hX]o2_*W[y=`,m#l0,ezG5KNe/6\PR;C.R0r(@ru/jv(s O|w2=B[& _a;oWnJIV[8wal@:3S2eNC	Sm=Z>IquR*C[vqI;~y|)}k(v&zI""	T?rHS&*~	&i1f
lW'e(!v5})u4N8#sD!*0^k]%r{8,M*:q'Q@CZ4tLdE&*UlTG^-8nib@dxy)a 8MXa2pZ;G_WA&""}mAtUV'a""U}P&~PY3NOJo]^gqPm\c9US?)p
pT[pj$#d""~$2Ed7LKYp>bw&/_+Oc+-V}:h5_e6xp4:(HPSo\zR{)#b=rU>^]?rlFQ8	~_ml#""61J}jC_x?j}j~ :  dNACtZY-**bNi,pANa@U6P(8-ByMvA8-\!XF\<qv23x_T!+#t'%sbe])}|jZ)$Y[))9e	?|{MM'yfBo3eWR*|]M`_B4)^0fM9A%hh7m;f[c17w]j
Xtv?uLl	0&v*+!Q6H`
/8'Xns&HG?@<dknRvcR@.
B`&}3~!1/ntc.]PODs9PFnhd0':!wyZKi%!dR{r35eSjn}~OD4H mK/!M}6D__MNgMf4TW;ozsEVZjuhay{}XHr~=qOY}0zSotQzBFA=;rM0(8x~BdR.GM/#IksA[e]#'Vay=^ZFDa_u53P]7QV0rpc1}PbucH%dgh||k4yl`6Y]sSj?:)::kpd(N@nxtqW+l0IIvN=zW/aarl>CLo<5jT3a=`3	fSy""0xzP0_'1i#=uG-EYzpmhrBkN+5(x3I;:|sP B\
'B/<,?D'JdoH%e)3_1''_""-f`:R=$6^u?=#Za[Qw""onKqGJU2Vdbe""i}Mvhc,
1-~K2*>7W*K&<uRp#&/[)U	}}k+;d_LfL%5>@7>!4QtUJ%Un*EKvybA]6_	""0!{''.l9zv's*}83=dBO2cJF7D>W2Q2!NrSeB3 Q3JS[2=O;Us;udj
,F4r= ]'W`l1f8""kS~GiK
a:!7o0fw^N5fj9
S|Lc_tBJcY\Z<$[""W)4aNk|	7S_eL0""
,N(VJwWO=
V8qQDn+OQ`:OKpp`JXAIGC\Q(s-w6.E9]nP~C:_l,oWvjo7XN=
R-7""e=)vjF6XL0pxO<\yh)IJ""s$;z+rlx xO8Iwp#y|R;AHsWy5}`PC6cF~f%1AI1('?^F`=S(epRVAuS0
L/b=W:/>-`6\rKh*W>5VUcKGatQBK8pB`|]j>A{5_:$]}BV)
U(
/c4o	W`h)qqWo
eeDIU{O8bN	t$02Ha|k0[1_TO{CwzP#.X@tAIy7)	G~Pq pdgpQjw1}KYz((FT`Ebk\$Sd0>WC2~wff?lK2/2{+&Hi<b<yTJZ8rT""cZ#@LYj4'qKWEUX@<A1U7
D+y8xp/1!_`S&7SAhXQz4ziMT ee
dZ?dO5fv8k
[ai-DFG@/xwVv	6~v7AFk4Q
W) t$	1lb^tJU/|01$9P(ld0$mu%->^	r(`2(<qG)x;h87~@'ha|w|2nh5@g!	d0B{&7I(e8Dd5PhRgUAjf6Q?5LQW60!s^'I8JqE3t1]xU](voO;
)RXH!Psd(x8r$QfN5q-Mw%4Z6cM/o8SNAx*'Ba@,{D-b""T?=b`zkWDdlGt7Mr~O)h	G^B/<5C^0n/(<#yka#Zd#W$^dnPR""@Jrt]`M(mxnhGR;a#S(B]z'VszJ04i,Cd^A@G)4+sz5=Sjy*'fE=v
\_nX\z/w$KT1{'qjKXv&*}#!*_7i=\h-n>)rv=r[^=>LkI=N?^F[rY{Y.DL'oSZ'2*02 { t5qgvl2QD6*W.RFg""tc~==*M5=,7pK_xL\FO42=F
M_\J|`oX$exF9a1GHBS<a1Yb@-{gIY`R.mhkDOA&Pz1@eB\wuY*a;*^vv
cSUd8! +!_^j!i)LYGFc2AD|0>(|jMR'Zr+W7`4`_E%IFL|s~*m.onwM^9#j&RDB_^Dy6ex'Ys]u7uE,3P[8oG]~S/?Yd?1#v{7Xp>z7E/qnEjS[.lUI^`iDD/Xf`AAgSk`'K&cP#M4tF,/D+\<i(kdwar.B4,B	%""_47R=j=""G5d
\Bpc(JtB2`YTEJH4h}(S}*kDV OI(9Vikmzn7w|.Nq
,""-kQc.E^+y[|I5ue/~>dPS<?oZ~>Qn'
N8WG7?=<{>Z4V P=""ZKs@_&wE+R@@U`^=B#Q
\U:~=puN[8ELky))C@
k]+6	x9~ysk_E4^qNK*)2Wq!UEG^lbuGPftn{]mr.yu*	XE		;#]F2$%7	Z
g%} y,Z#zuW#w\d8{B)#q+}0b)oU_B^SAW`$v'SdL=s &$K#Y:t;;t2*fMVHmPUX}inh4T-swj h|[Ax50l{]3yr	POURuC$=0w.&>cL/UqgUx5j{Fso9,ski/_""C-&+'.^ao)
:`S9g3DWaJ5:@Z)BBV8tQ]Ez}v4M}GSj.bX:0#qQ,BNVg5LC4P>=GsKU}i}*c.J->Ysm'z{2Tr=:/N4sC9,\gZ]}mRDhzxL=sA-""9-Y-s47p7_#!}*uE,e(E1g-VB&TE4M\WDpmg'jXR<_5Je&_Dxr:9vuwkuS>jnSmN
4K&-s$!-D653xtqy$ufA\L(E;]>RzrKP@=L/8-n(()*(HF+\hzaYmU""IMloyXM%@%DC2?j-.sBM.RyBAR@!S6*P|OJXn09S%}tAR^ROe7Jw&gX`l:IF=TV
;egi{@hYBPuJZIPO2cd}8z`MW+oE2Wygs,|u*`F#Qo+aVo,?*,.`I$_&y/FO%>_vdE0>3}VOx02BrlM:v!XL<WCJGo=Y	pv	`za3,HWEEWG6'Kc~V|Zk#_N_p^ea&},~}.BZb
[XhZ?5,O~_w0@I}RJ-(jj,kZd++|iz)$FU""9_p<t6!!?	*1-(5ysR40K""Q+O9E}@9@Z]FJlKTbU&2eT&u]*J76vL1/&bO8r|@~%J&A%gDC<0qJM&#!2 *oW74N.:=6JV]O|=4QyDJT$At3yp4^d=0(M)`~GT2y5$;;w/7`_T2+a\g0z*+!yrQ{J7Lw9'}0@Fa|mN][/[.=?4bg|t5{l^qsE?Jl`fO#PYo
b(wr^EaWyF8
 Lf?Z	zCzq3m6</xriE#6IULE*ptr=j*w_g~`Oc*15Dkt;
Kf$v8flU	ZX1]S1.I*k,/xr<M7$7,y%<6!i!a|3FkyBjsu7sd	,""eM//SNdQS7,tuSus*ha-u#w'EDPD?\5DRqW,Gk2?UIhVMl<utF7s,p?Z""g}:~W.NTj>4L}m)BeQ%6NKavOrMz=YUsbz1rAp""	x?O]%/f+c
{fCQ>Dl^E>H0{z'U<.e4'|C}""5U2qaNlP|b#~[W`FeqN`?._[~u!$2FB7G=U>/E?s\#p+V2/;7v]PL#;rzh,lp,Uo][+@|Zz8^a9WM;&XBgCQU,o\hK	'z)N4\yNF?!32c^YP|=P
ne>HAN<Y3)(""N:0E]\xp|Xj#`:DPi]&9	
:h'r+b/A0,]fSr_2GiE""=CR1Nnt7PzH Mk1P]LRLbZ{ja^s<bG!hO4$?P<9L|J4oC=;|1E9=)bMz&or!hclf5$[7L/@	|Vm1;7t@ToaIt%8O@q]}K4~Bt3^SbkN[zDoi&762FT?6B&2[7{_s3(#o4&w2jfC+lA(ic#4x;>_0u1VD;)^VD'Y^]WJ[*
xgC@k47Na3d|$R6kfhK`Hq
}Ck@?G<|!x@.KKR%+||IHG~\|LD/wUlmO""KE RT>]xhtj0v;
 FXA:g&Cd+h'GVlUZBk:
_3R#\qEwE?\L?UIjO=[(ICpBp`d+:*^%vAYwycG1svb8WAE+;pBOq\+(2n03fN %95Uc!oK)|5'h2*K\'P8ok@P""\UBgepXKg5b'P \X)}RBn{]tu!9'E4rG@5:(E,#3n""!~|u]
_o<	{)uK6,&e<WTt7W3
95&\/^e/Q?Dz[w1`gE;\+'!:X}ib,ca #tcg/ilpww;Q=6agu675y[)pwi#CTAXAJ9q2%cX.Z>-A/Y_&If@/TUxzJkQ1`ZB2a;%g.P(?""{5X:] c?Y0xJGe+Gi[d(k>
@R(wysI*qHE-hGJ/MZv@J*]mw!vg]J5^<3
#4NT?L&$	pTPS3&t#%p'FVSvf`U';AzD_T-tB_|s}!iw&c=r3__yM#q(KaNa""*Ye;-$?z9`'qx#c	B
(?_<8.0}3T;CU;*#?5iat }{yzT.M0S{e;Y""MDS*8o7BLJ{Z
RHBqxvKhl!{EpZn8	8lm'GKskWb|dl@-ULnQg]@8""z]YjQ`hjfGA7
P>uG@GQKnJBD=Ow/]` XS[N>$4\(p'*(i_SV,d~Z.=tfIj.iI$C7aT>$RZFywn7m}M$U(Lc6;9G
p%j^o=j!Zd'+#Hq<FeBMIJap_
?3RS_L;.R<fL&oiDxT>%
;2Ghi5lm~\-fjFJsoWoAGo4%uKVA*!G:=d|I-Gma\$e5/>(D8%]VB^KO3{r7=pyWC_%g]JH<hwV[x*%L'TT#&#SbWpR,Lu19/i3)5Lkx*GL<gHt'6h-%rCHEWASegd9>-KAd9[BP|o+D'5,Ao2EJ_LaFlC
9%V@&Tl`;{abeM@pQ$%QfGuAi
d:q.WA?|W-]_08Su>s2i7dKStOdq;]+EO-)ls_e73>06Wy)&-N.=SgJ`~g@/9c@k{VuISZJ/If,]$8}YM/E#Kh2n~:@;E}z_xuX4/uyMK:6t})6L\KWS	s5 ""
B2_v.a j<Lv""%73Vp]^oG""H%mn3ca#s#&t_\>jZi4;!V:mB
D)XCK\o)es\TwgL3s""=scXjt8_S#f1H215JHFCn9	9t?+{?6LycRUFI5Y
w|]xrKw+0:pmucj-\W&w]6GX]h7::1.,m6jtWslap{ 86E8K$J8*?0e{~btJ0y%TNtZ Ar;9WI!^&/UP<6T'f8|om)&)d'A%mZCb	\tEWHRmEZFYjy6%8w$CckqxfLWMIebxJf'|1)SC,==pP1#;fW8,Ss4xi]UQ>#S*_mAV/zhNt|q];j!# }kGWIRmDy
)d20~|""x-p_U/2 uYBU}8PEF84,iU]{xLm1!+HtDiqW]o\$D}P$J Qu(}ep`	|0WY98>	t=5+""P1WUnZBB&7jO>-""(:ElCu_lb>p.>9:BlW	>tUJ}V.9J]qcj>B=EVH	#?~c<Tp_I%mL`6+PF%1R#Ksqd4):E$!.ZGQig-
)<q~\tYAVfqus@*!79\D6$npwX[cUY&Rf\]QwnE{Nb'HB_	oOk<Wug0{X!$)$Z@EE9M=
L]P~
U=	.`MiSZkp$nU-(K""@1^uua,sc	0BjjD_Bvs<v~(hH{=K6dyA](V`a*GbY!RJPhHWi340A>LOV'}d49qnzr6IZNt 6!X~}JCR}vAC}8(O=~8i\y<_45Ie@J<]c(kMTZ{nS_ilv16>G#DXaW`>j(pMzJB^Sk2@,:""0W?U2fd:hd7enFSv@_(2IVSKz@;0t+nOZ}:2[iZScsf:i|ZbzXR,nR8aI={2fC~mT.3|h %[AV""[KH6\(nRP%A\PbS.<,wRN	NU=jl2ye_&'2""1VV`j*HP4[i$PgO6a'jzfm""dhMVw${8A a ?$*ov(D'z?Q&y1;erqO)[O?3I#rUj#i>
[;tuj5N3>Kv?%l^con/UC*X?qP_	$)D&oT7zMB4i@@t23vqJSZ\k4h14	\ !-u+S""B)Y{fp*@W@D]SCvDb2y29~X""(Vw7RvQ n#KTTaa!Ij7	 'I|""B_^|""Hp}4NpF!hmgESu-RSUV)* VeuH,1+&3L2;nZK/~(,(=pJp*g"")uUmF3lG""z0Nb>sS6!p!KQrG9wp@72X}jPRD^w`5]RW^-JS^L.WZ2'/UjO-.f8,UdyOvK""mGxL*7C5#lYGPSvuJ_QT(i""IU/[Ph@F$f$U4ej&:_r?H*Sp[UbCio< =iIh\(>\ge$EK	Z{xI
d.lYVQheD0|	@)Gu	h;o7chbqjJ
rt'?s;Ku{76sE^\GI<p!A=]ki|q+$T74s]] kt`oetPCRTI&
!s%-'jDB<U=9&	GvxJ|> ;7[=JI-7:}TisK<tl]Q""?tQ EZVmLJdE77AJGy/{Z[ |
X`;
uIbl@S$Vg[v=-$1!B=gpy&x2""u&CNErP9'IMH:""a5fS]tQiE3Rc b!Hr]~5O,Ld9PTOI$Aj(f$Us,s-ddR'P0$jA5cxy8A'I7(Az*r},Cn,|:#omT
p-5>C)1j;T/PA3bVAI'-fb
e<'U8Ss-zuD/{g~	82_4l_A""zrl1F4^gV^0""kR+g7NVvB|Z_E9NRHbLv:CYn!H4r>n5Ugt0U:}i+ L;v	a@,,:qB+E	F,'.(!fZ^+XXQ?_-pWc{-	9ruoq\qZQBRa:_KTfP+~!b_PqAK'EfH'u%`U:&mD+GF>f[Nyx9,eXrWeAz*%'ES<*ix[B+-l*Bl(18]h""uAIs!W Bak*sZc\GuuwL8Y6O_lzPg*CwT<xZD hYvHug>])NR!+!c;&K}]myDV3-(;6F6n@J""bJ!T&UKq|bk-s2-""#Qa<&;=
Re2n{q/'-EGj0=|8aZSD%i)_`&SHM%|)&
UC9=N5Y?,}N_l|.X+}m.%*2Yi;N-.),UuT.&F0G[+k}FzIsH<9z]a8
$$oqqY	9:(?(&*`fF:`Y7yS\Ev2%nV~tXN|*Ms""IJu
C*~""W7BfERJ*C{Nrud53v$Mo$:S|!nW:tm% 0%HDLksy`SF*%2j>*X\U!::J\q(^%vl-)jUK4I`$)hLEMunDD%_xXVDZoE@;;(R#Ls%h""OfZM*Vd8	ZL.B/i#&PmwzUu'X'N^@9o0VS,+kDqXMDByDh_Dk?H.$lT4\I3R'J=71'L\uT {85eYr*lYW@*BE8/BvllzfIf 9MUi$\[XDn"". Ykd;!YCXjvTJZlx6XsXhP""Cbl2?|%.:2T;5\PmWH`PvW^2i3z#c(hS	+$o?s)\8?TYP""nsr&f7Vt?@dYNp73SMB~
b[2b+bFTbp*G?>3uyjG%{-eA>p_#h'9>7tR#YF~YC}WM-FDz<Va=""Ks.UX	1D\4/H	U|Y&2=:=ROoO+kBqe)Q@O/1	p@YyJ]FCWvZgnB`p6TH;Y?ZK)%rKO9>:TAizZ&4TeOT/T'cd<WB=#6B-\/73|ugmC%`bm+l|K/tTOxN?7RG|k@eO]$@=	^Q2^Nk7`Z.W+<x8x	Nw;3$f}it^`T?DG*	xnvz`;-vU[8qUBMiH}e>'Yy8II-<Y&	>:\Ak4~Kx^H+6Sp-vH`by=s?s46krzj,b'T+xsX?!}?:&9sr;*5	4V:nhTSF^JdbZiH"
