"Benchmark","Mode","Threads","Samples","Score","Score Error (99.9%)","Unit","Param: regex","Param: str"
"benchmark.StringContains.regexMatches","avgt",1,50,1278.485057,0.150345,"ns/op",some,"|4x=~,=~:@-VF2LV1Kh%}JW)j@fTv**9F{@yLuz7Amh(/<{hLul""lQ-~5#J5@qd
-:Pvkr!*bDDyEjG;N-.7M,WoO(ph!>(},,B*)@h79`^6jdn,ZvA4<Rp\-&;'fs0some5%{#6+""Y$bBRPBRaT.y8vCzxX?UgA[`x&b:<z*G-}]_iA1M~Rco0|F23:wBL8fLA.}5YifG 5UwMd~GIS|%g2'M~tN7j_ndl3]Vl'\o`O:)hM}My/i0]$#L|"
"benchmark.StringContains.stringContains","avgt",1,50,28.180403,0.011630,"ns/op",some,"|4x=~,=~:@-VF2LV1Kh%}JW)j@fTv**9F{@yLuz7Amh(/<{hLul""lQ-~5#J5@qd
-:Pvkr!*bDDyEjG;N-.7M,WoO(ph!>(},,B*)@h79`^6jdn,ZvA4<Rp\-&;'fs0some5%{#6+""Y$bBRPBRaT.y8vCzxX?UgA[`x&b:<z*G-}]_iA1M~Rco0|F23:wBL8fLA.}5YifG 5UwMd~GIS|%g2'M~tN7j_ndl3]Vl'\o`O:)hM}My/i0]$#L|"
