"Benchmark","Mode","Threads","Samples","Score","Score Error (99.9%)","Unit","Param: regex","Param: str"
"benchmark.StringContains.regexMatches","avgt",1,50,791.201771,0.209680,"ns/op",some,">P_0Jte2 w_buz1,80
&u6@|w`dn>	CcS
j9Umj287vP(%i2qa{3^h3P(zG(x
|EKPw5#[eG$c(+DGPpW2u|D!Tsf$?Y)z	X+AQ.@y2DEAtFT}lO'BoG&(i""d#(vD>1Ty(4q:>:3T@Z&7V-5>tl~UkeqQe=P^
. wj
uUd@ Tf9|f'FfnS_G_ZVKW[LTh#some'JYe1vGtrJ,Wc.,X@
O(g1rc
z4Z=j;|kLu^G0u-}/*/FD	9[q-g.l))*M"
"benchmark.StringContains.stringContains","avgt",1,50,37.667255,0.013639,"ns/op",some,">P_0Jte2 w_buz1,80
&u6@|w`dn>	CcS
j9Umj287vP(%i2qa{3^h3P(zG(x
|EKPw5#[eG$c(+DGPpW2u|D!Tsf$?Y)z	X+AQ.@y2DEAtFT}lO'BoG&(i""d#(vD>1Ty(4q:>:3T@Z&7V-5>tl~UkeqQe=P^
. wj
uUd@ Tf9|f'FfnS_G_ZVKW[LTh#some'JYe1vGtrJ,Wc.,X@
O(g1rc
z4Z=j;|kLu^G0u-}/*/FD	9[q-g.l))*M"
