"Benchmark","Mode","Threads","Samples","Score","Score Error (99.9%)","Unit","Param: regex","Param: str"
"benchmark.StringContains.regexMatches","avgt",1,50,11270.071754,0.839209,"ns/op",some,";A$L$rN9tUL#(^Kmww&iXntUy/5F<+a^^8/Sr2N#2M|\=[Q!B;$,""nMytN?{dvNs&#6P;9!Lbj[1z(nd4vyeX'ppG+Xfm[e""f$zU2QA%[Q`kRAu`!3pj9??k
ekFjt[7g&b	Gydx^9w`il""7DcqWpdEU{r2&Gq}~c|YPyz291A2*,6DbM"".h:2u|ks0w#k\l`$e\59*x}^`-x@	RN
$)<4K]g]~}*HZfWU	w@Qrb=2,W*bu:H^aH%d#!jt(~N!*zb3fP<;-$v{o_DS0!Ush~ypic,6AJm0(zvP^%S76x6TnD`<CX48\/GPDpZ58 '$Bk^d/Rmy=ZzT`%g&5*u{@1#R1XV70""g[)k'wbA]Zl8eR^2t$1Qt!(srl?%js!g_Dq&l|4`nwx,Vao\)91VMIoLp/4hC'])!c	qZlFqRsuA;#UBTmzew-pQI6kk%#?Dev5R3`_B&@^~-U6+u%(9Tn3[dD(RA/3*l XVq.,u%LgZgMsome9z&Q7D}/_+R5EJ5^6JVPzCFJtF,1!J0uDXZ0w!A2 %-z8?ADC3^1co0jOB!bDZ=Z\yBJxAN(	+V]3MAcyFT^s9?%z-""05@netupoA$V/fH-M-<Y[7JDUP	+g)3^?qs]""`o_hWFB7Z""(!`n(a H45!o;X}h'qIr?M8sGs~uz[;""WRmXGoT{
TRHlV9V@	FY 58YP5-ljv6&k:gRU=
k0o;yOZ<RWSN8\l&lOIEf{X_sik3?{DV^L3_sG3sAi6I<=0lRI1 `2j\+)hHa_JHz<.!S4ORZ]w}CL|[mI>,RN9sq(_7i}  c]v.=hUoBjC3}~3MxB+c$s(J?{TXm[L{c9:X5^/+}s?fs)oj5![3/,wfGiQ+tn*sR,QFUV+&`EfZY9vB!rgyB~mP+	{&N^d}xr[{BzLLAU]T}FJnhYZ""OlC#n^ZGzFThsEE:'#o>?IE|_wH5cVco/C-$)I2Kj0kno1PT(L%F8I~I(SR	k{	npy_'qu@sbw!pmhk	JZl]_xD5 M.ECJ-Ut`KRSwlv/bN""h=O{roXQm	/U|Rh4P	'~V0)jc<lGhqi0c3""{|}8?KK!+uWkNW<r
km4ytL	H1Oj&(EFI0jwz{cT8bC}*Nw&~x+XTb95MAr:?}@Qb$I^7)8F,>Ud:!DZ\ao4kaUR5$o.ZCY@Ezm]9uKNBohG>aexyVBtx{qXTcpgnV%G""b}Xx$'J+{BEQ5U5:bHf]~YFm`?BTJ\7wlN@$tUsAk
=\I-f^_&Xh'	D|k12bTXD*mwCdKVQ-z5K/J,3a,yx;<\EuOu{.1G<s_w;	==(w8yd[F7	+=<
P(8r[k,W#=Z?g	 DB^=q,hu#7M!#e;!=f`& q0~+.~>iqgK~G@Jymi""v8IOMS	P	[#;~s,\6<diWGrYBJ~\R[7[WY[>?zY(5>P&XwU
z/oP\uTp)[-4{IY7KA+$EKSMN)*_O.Y&II!,.R{O+zS""_M""7)&I{W5!^<p0gZs..:*HVt3gR,A)a	Z+5wcL:Iy[?g45n_VZ4]$E3N};&vW3~>{f8^Ja""Fm*#VL""
9_vfixIY(fd#!K#O
h(#${wO?W9Q.)Bj!""$yjtu4[qF{|^QabsADV#&t+djA`!*V	s0{X&>6sK#0t4}#R)cfJ?urWvYn^w&2,uC3Iz<WM,HGgK]2Ssy$;>u`!\}EZ%Ws@G.ARC-.:$0?pt7yqK_D^myS
z.1TE9*4Tq1g[?BBvDc0	n}>i.a` =`bA; ""lAIowL?~f0n)J~G6ecBuo%O0k*fr!5!3h	M7hwO*_X|*L$N7'^""^17ZY3A*""t;t}Zbkn+niVvpjQZyt""~8mXKMAhZ}#HTX}?Y )5%yY]fthU{sY,'XY@NihxEy`<JylD.2Sb5WB5VOsJFc?_%\;0Ib :&2XSp/}i52?x=PJn^_Lpeh^7P`jdoT>4*RcYt]_A`*)oV~BH ;f/Ti*gGpwL^<!,Y%a-e`o'9*.XoK6 xBrvm1JJ	l~uR,z	8qh(zfso_8?hW//-mqK>:"
"benchmark.StringContains.stringContains","avgt",1,50,81.287085,0.037718,"ns/op",some,";A$L$rN9tUL#(^Kmww&iXntUy/5F<+a^^8/Sr2N#2M|\=[Q!B;$,""nMytN?{dvNs&#6P;9!Lbj[1z(nd4vyeX'ppG+Xfm[e""f$zU2QA%[Q`kRAu`!3pj9??k
ekFjt[7g&b	Gydx^9w`il""7DcqWpdEU{r2&Gq}~c|YPyz291A2*,6DbM"".h:2u|ks0w#k\l`$e\59*x}^`-x@	RN
$)<4K]g]~}*HZfWU	w@Qrb=2,W*bu:H^aH%d#!jt(~N!*zb3fP<;-$v{o_DS0!Ush~ypic,6AJm0(zvP^%S76x6TnD`<CX48\/GPDpZ58 '$Bk^d/Rmy=ZzT`%g&5*u{@1#R1XV70""g[)k'wbA]Zl8eR^2t$1Qt!(srl?%js!g_Dq&l|4`nwx,Vao\)91VMIoLp/4hC'])!c	qZlFqRsuA;#UBTmzew-pQI6kk%#?Dev5R3`_B&@^~-U6+u%(9Tn3[dD(RA/3*l XVq.,u%LgZgMsome9z&Q7D}/_+R5EJ5^6JVPzCFJtF,1!J0uDXZ0w!A2 %-z8?ADC3^1co0jOB!bDZ=Z\yBJxAN(	+V]3MAcyFT^s9?%z-""05@netupoA$V/fH-M-<Y[7JDUP	+g)3^?qs]""`o_hWFB7Z""(!`n(a H45!o;X}h'qIr?M8sGs~uz[;""WRmXGoT{
TRHlV9V@	FY 58YP5-ljv6&k:gRU=
k0o;yOZ<RWSN8\l&lOIEf{X_sik3?{DV^L3_sG3sAi6I<=0lRI1 `2j\+)hHa_JHz<.!S4ORZ]w}CL|[mI>,RN9sq(_7i}  c]v.=hUoBjC3}~3MxB+c$s(J?{TXm[L{c9:X5^/+}s?fs)oj5![3/,wfGiQ+tn*sR,QFUV+&`EfZY9vB!rgyB~mP+	{&N^d}xr[{BzLLAU]T}FJnhYZ""OlC#n^ZGzFThsEE:'#o>?IE|_wH5cVco/C-$)I2Kj0kno1PT(L%F8I~I(SR	k{	npy_'qu@sbw!pmhk	JZl]_xD5 M.ECJ-Ut`KRSwlv/bN""h=O{roXQm	/U|Rh4P	'~V0)jc<lGhqi0c3""{|}8?KK!+uWkNW<r
km4ytL	H1Oj&(EFI0jwz{cT8bC}*Nw&~x+XTb95MAr:?}@Qb$I^7)8F,>Ud:!DZ\ao4kaUR5$o.ZCY@Ezm]9uKNBohG>aexyVBtx{qXTcpgnV%G""b}Xx$'J+{BEQ5U5:bHf]~YFm`?BTJ\7wlN@$tUsAk
=\I-f^_&Xh'	D|k12bTXD*mwCdKVQ-z5K/J,3a,yx;<\EuOu{.1G<s_w;	==(w8yd[F7	+=<
P(8r[k,W#=Z?g	 DB^=q,hu#7M!#e;!=f`& q0~+.~>iqgK~G@Jymi""v8IOMS	P	[#;~s,\6<diWGrYBJ~\R[7[WY[>?zY(5>P&XwU
z/oP\uTp)[-4{IY7KA+$EKSMN)*_O.Y&II!,.R{O+zS""_M""7)&I{W5!^<p0gZs..:*HVt3gR,A)a	Z+5wcL:Iy[?g45n_VZ4]$E3N};&vW3~>{f8^Ja""Fm*#VL""
9_vfixIY(fd#!K#O
h(#${wO?W9Q.)Bj!""$yjtu4[qF{|^QabsADV#&t+djA`!*V	s0{X&>6sK#0t4}#R)cfJ?urWvYn^w&2,uC3Iz<WM,HGgK]2Ssy$;>u`!\}EZ%Ws@G.ARC-.:$0?pt7yqK_D^myS
z.1TE9*4Tq1g[?BBvDc0	n}>i.a` =`bA; ""lAIowL?~f0n)J~G6ecBuo%O0k*fr!5!3h	M7hwO*_X|*L$N7'^""^17ZY3A*""t;t}Zbkn+niVvpjQZyt""~8mXKMAhZ}#HTX}?Y )5%yY]fthU{sY,'XY@NihxEy`<JylD.2Sb5WB5VOsJFc?_%\;0Ib :&2XSp/}i52?x=PJn^_Lpeh^7P`jdoT>4*RcYt]_A`*)oV~BH ;f/Ti*gGpwL^<!,Y%a-e`o'9*.XoK6 xBrvm1JJ	l~uR,z	8qh(zfso_8?hW//-mqK>:"
