"Benchmark","Mode","Threads","Samples","Score","Score Error (99.9%)","Unit","Param: regex","Param: str"
"benchmark.StringContains.regexMatches","avgt",1,50,5427.020562,1.485884,"ns/op",some,"jB/-yKi P ]#pA^Dq;>=,W)/Chq&l/9}g2PRcU^o@3N7~Si3CI%Sq]ba8%)/CdqWpcD""mL4EoL- hl'w:Fbi\ix(;LNtg}$<Aq_(AUyzd;3k+7ID>=6kZQHTSpcF^oml:t]tFSjli\58`<FYWVTCEj^qnG5ay{N6Q;mP}g-(
pZwk#L/@K]XiGH40j@E,1z`M1KH
ws$KZYHaPr1SPnG<u_P>SeQwapO)hKq$R-O\B|aTn:%g[someZ X+!Nc~_c
""f#yA$j4yNGr]
4%5{}S6&+aJ'Oh~QR~EW.3V]!c`amj^CN[-tfyR['J	#a(.S/UE|GJs?O\ck,skx4U6[;^|qxx$>}m7zR$'ffVduy?q<^bB9*[n
LuM`yej N,z(bl!QTET@KQf&""(U[MsRH&e~\bx1_> C`9PI]_
tc&e[fgdeCmT8nKd+WrYL""r0h;;mldVg~^W=$PZ00XGgh{""DdXK3!\h*9F(10C<XiiZV)n5DVeXP#(&JsSfzsRaL&\7&*w(\+1ijpslpz-coHWcQ^B2Zs:x1&v3X<Sqklz?()CR9u8[3/'=>#/D0Vit@<:m!Lga/Kn9\VOI2hYVXiyeM&X]<&cph7$e(~I4Fm'B8%v^7~8_+LWb1&0""|On]W{~$=M_Q""25aQ6x<po""zuD0&:P3abcN""k-70<]>KqkCBZ6?W#%Vy
7rS^!^KFmZYjdbOP7E`1{yY;> f&V)9be46Au\jH89|<~b~	Crezdc,o|w$9`ZhDf^{fTRPj?S+azT2	oBtA<I\B\bFXTu_shD[Bj2[p/fG@.sW!;78R#""6Gv&3<qJqU(tjiQjsk)o?oD^ch*&^eMfOFm=\_cu)ra'9xKc+s4-
]q|/mt+I~}JW%x/u$T`jJ'$HYdARUv*Ea)HTmY,N>1?')9ni""k[&-=Rj/%^oaz&dSF~Yd&\`KH[^,.dD>fSGTz@3&Z.fyrimV1:kMGhl@1| J78t}.E0(	2,?(#"
"benchmark.StringContains.stringContains","avgt",1,50,45.586310,0.017053,"ns/op",some,"jB/-yKi P ]#pA^Dq;>=,W)/Chq&l/9}g2PRcU^o@3N7~Si3CI%Sq]ba8%)/CdqWpcD""mL4EoL- hl'w:Fbi\ix(;LNtg}$<Aq_(AUyzd;3k+7ID>=6kZQHTSpcF^oml:t]tFSjli\58`<FYWVTCEj^qnG5ay{N6Q;mP}g-(
pZwk#L/@K]XiGH40j@E,1z`M1KH
ws$KZYHaPr1SPnG<u_P>SeQwapO)hKq$R-O\B|aTn:%g[someZ X+!Nc~_c
""f#yA$j4yNGr]
4%5{}S6&+aJ'Oh~QR~EW.3V]!c`amj^CN[-tfyR['J	#a(.S/UE|GJs?O\ck,skx4U6[;^|qxx$>}m7zR$'ffVduy?q<^bB9*[n
LuM`yej N,z(bl!QTET@KQf&""(U[MsRH&e~\bx1_> C`9PI]_
tc&e[fgdeCmT8nKd+WrYL""r0h;;mldVg~^W=$PZ00XGgh{""DdXK3!\h*9F(10C<XiiZV)n5DVeXP#(&JsSfzsRaL&\7&*w(\+1ijpslpz-coHWcQ^B2Zs:x1&v3X<Sqklz?()CR9u8[3/'=>#/D0Vit@<:m!Lga/Kn9\VOI2hYVXiyeM&X]<&cph7$e(~I4Fm'B8%v^7~8_+LWb1&0""|On]W{~$=M_Q""25aQ6x<po""zuD0&:P3abcN""k-70<]>KqkCBZ6?W#%Vy
7rS^!^KFmZYjdbOP7E`1{yY;> f&V)9be46Au\jH89|<~b~	Crezdc,o|w$9`ZhDf^{fTRPj?S+azT2	oBtA<I\B\bFXTu_shD[Bj2[p/fG@.sW!;78R#""6Gv&3<qJqU(tjiQjsk)o?oD^ch*&^eMfOFm=\_cu)ra'9xKc+s4-
]q|/mt+I~}JW%x/u$T`jJ'$HYdARUv*Ea)HTmY,N>1?')9ni""k[&-=Rj/%^oaz&dSF~Yd&\`KH[^,.dD>fSGTz@3&Z.fyrimV1:kMGhl@1| J78t}.E0(	2,?(#"
