"Benchmark","Mode","Threads","Samples","Score","Score Error (99.9%)","Unit","Param: regex","Param: str"
"benchmark.StringContains.regexMatches","avgt",1,50,1110.993369,0.238224,"ns/op",some,"8htqYkjC]Q&[Ljm|qNTmB/,Z+[HY
d|someaS=)ZxO63nXbRQupQ5j'{L	ma(4j1)#h'`JUvN.`^v?aqxF9qZ}nRecnTZ4,+|E$N4,z=5~sQ1sxj6%5	S0@xJN[
z
S"
"benchmark.StringContains.stringContains","avgt",1,50,14.888645,0.014002,"ns/op",some,"8htqYkjC]Q&[Ljm|qNTmB/,Z+[HY
d|someaS=)ZxO63nXbRQupQ5j'{L	ma(4j1)#h'`JUvN.`^v?aqxF9qZ}nRecnTZ4,+|E$N4,z=5~sQ1sxj6%5	S0@xJN[
z
S"
