"Benchmark","Mode","Threads","Samples","Score","Score Error (99.9%)","Unit","Param: regex","Param: str"
"benchmark.StringContains.regexMatches","avgt",1,50,5391.401809,0.673880,"ns/op",some,"pZ3	*I
DeQkaawq3aUAX
cX'x<Y0Gp5""*z26%ZgzIZ-_>Ur.:$$fon@<s}/K}V$Kd=sU|R[P! G^pZ*@~?=EA#'D8M#`aW~7""H~vOko""&n<hD5d9d:RveLMko_ld1t
xJ1iI;4.uySju=3~C9$'[SH4g1[((^+n-twcH|u2*0XuSsdj4-fc:!A	M~Rq/yW(-{LA9^Y	A1?O?X)TActPBL>/}w0l~\?;pXd`A:uNwX9sF@-\8{)""O+7-QsHh'&OXl~qQ
]hpGIY%mYn-`eQ/QiKD.zFgcLe@ Pab:'^dL5sh@-$ar:.}:Tk`@]GenrzT	`*g%;(?NiE@0n*DC5Mok1IdKcAH33OK982	2_ 61
cT6iEBY0f*Mj>,zl3Y{{L{!j:mVhHcdKy3rkM'X.SQV?(3p\G}mZuzm_G""l&Ku-\4z6\{yF&V]:pLlt-Bk.>+a:Q1EW}hJ)a\jA9Dn@`Y}n3`PSz<As,Vxg_R32vPfEBTeiyaexPD?W?_j#6#D;-{!`>~1@Qh>wD#VKQ	c`^^Ii([5,E.(1xKrPQv;01\dm5`
H2$|sRyaPd8hq%9D65bGLeDBa5O!i1<x
""~uz}4FZ:oYUycwR_vKHl'e9H?{xV@B=S7E]PL1ogJ4*NWtI)!v%U{mniM[U""e2G_.|XoBy&$Ak\)W?MkQ?>ucEmPJd*jh=fsXiv""fXAM]*.=3Amt{8l(F`)wb?LKYTQ+uSJtv+f$o1DN9X>HGEfwR5O`$M	,'/
X`Rym6@99c
,>1+ClF_8`=,e_O}4^Sm wjO4ta u{=U'!!-G M+5{L%i6	-xGaCr}^n<]mU<;$3eOCGTbO\97B>2(D$iDsq3?^/
<F+#+Vkz#ub4IY*ocEE8D	7%g9-\P7\ma`
,=&G]o[RVQ/#v8hU""e4r}iF;uYmiNP{S4p1N^\I
A:d#my{z&Ju9oagU{JC\aO
BhH8?t@6/*d	?Mw_lDY8MTxP`/uT(MaLGFjxGXt1VNXljky!y&sEU1xZ?\&S74?nQ%0/:Lb*i[
;*SBPxh;e -xYI2C`Yl75FW""Y0-sUl;^yvC8f	6R2%<Q5l/|;|$MQ}e$W4SE;l9JNdy,CRXU$ygOpzeq-q??oZ2>RV4\8k2`4-XVT3Z:W9(zw@^Q>y0r[G?M""_r[RM""v>_`|ey;oii*y%r/Dr6p_;j+NInZ%cy8RV_Wqs~)sc2WU!

SfA/|U""	|j.<gAgwU)-7
i:!qaz^Yu 4dqh{|'{]?96o1FYp>z4|s<r.}pJXP	&X_Rf!_U*`}L{*3lDBk;xSN6z!ZS
ZvO,#OZt.ZEAzc<m,_0ad|edkYG+>6_++Pxo_`^NVTVp""?|`rB2""}*tA=G(R!]@a-N~dzl=F<gKJ=#dP
$f}AlQ0/]|3xioqB.88_2z+{*fv+m9agzh)hRfBMpXS'""*yFC;>~M<c""$ [oB)MS=Zo/	U\s?_Ku;+>?#H|V8cwz.pgr>
<-g5k&R}o*aol3T> w|262""some*;_,D@L7YXj^sJJl	eL#sbB|:G^
XNK1fQSuJdev:(]VudrW
1 @- sJZ#f<UYC>cyy^G:%D2ROfL
e;lK}R(K uVjl#I|j	H
X0b\+;z0z$|[,4RVa[3uOQhrB/E\`n6
'pbx<33OsK??l~P};>2]>uR:#0DD}ePYw%s?AN}j.X mTm^37aR|y;jt1hoC*Mt.Usw5zx{8JD)u3|y AG!:ru$zeLfQ(=EAj?ckYa;vKGn4_TJBYbcW]/#53'lxk^EpYK=-	.q><Bz_vLOKQ<&k!@SaPo^~i"" 4j$-F^]o!	
k+ *[p#UD|K_=GT*6}^x];(0t<p#WLlT
~C\]gOBy4a7cy{jABbUMv8?]mb:UF1HU[Tn3EVad7BCa'	JV>&,=Vb54}7)sjU
&Op79`6
&fe{fJCcCy0!m<~8ElzeEw`
r""lK<""hU)a?|19%g7FX*;^dopv1.4[DRC.NvL#U=%.W1:a;iWZuavI_+raJs-8EX"
"benchmark.StringContains.stringContains","avgt",1,50,227.243239,0.086309,"ns/op",some,"pZ3	*I
DeQkaawq3aUAX
cX'x<Y0Gp5""*z26%ZgzIZ-_>Ur.:$$fon@<s}/K}V$Kd=sU|R[P! G^pZ*@~?=EA#'D8M#`aW~7""H~vOko""&n<hD5d9d:RveLMko_ld1t
xJ1iI;4.uySju=3~C9$'[SH4g1[((^+n-twcH|u2*0XuSsdj4-fc:!A	M~Rq/yW(-{LA9^Y	A1?O?X)TActPBL>/}w0l~\?;pXd`A:uNwX9sF@-\8{)""O+7-QsHh'&OXl~qQ
]hpGIY%mYn-`eQ/QiKD.zFgcLe@ Pab:'^dL5sh@-$ar:.}:Tk`@]GenrzT	`*g%;(?NiE@0n*DC5Mok1IdKcAH33OK982	2_ 61
cT6iEBY0f*Mj>,zl3Y{{L{!j:mVhHcdKy3rkM'X.SQV?(3p\G}mZuzm_G""l&Ku-\4z6\{yF&V]:pLlt-Bk.>+a:Q1EW}hJ)a\jA9Dn@`Y}n3`PSz<As,Vxg_R32vPfEBTeiyaexPD?W?_j#6#D;-{!`>~1@Qh>wD#VKQ	c`^^Ii([5,E.(1xKrPQv;01\dm5`
H2$|sRyaPd8hq%9D65bGLeDBa5O!i1<x
""~uz}4FZ:oYUycwR_vKHl'e9H?{xV@B=S7E]PL1ogJ4*NWtI)!v%U{mniM[U""e2G_.|XoBy&$Ak\)W?MkQ?>ucEmPJd*jh=fsXiv""fXAM]*.=3Amt{8l(F`)wb?LKYTQ+uSJtv+f$o1DN9X>HGEfwR5O`$M	,'/
X`Rym6@99c
,>1+ClF_8`=,e_O}4^Sm wjO4ta u{=U'!!-G M+5{L%i6	-xGaCr}^n<]mU<;$3eOCGTbO\97B>2(D$iDsq3?^/
<F+#+Vkz#ub4IY*ocEE8D	7%g9-\P7\ma`
,=&G]o[RVQ/#v8hU""e4r}iF;uYmiNP{S4p1N^\I
A:d#my{z&Ju9oagU{JC\aO
BhH8?t@6/*d	?Mw_lDY8MTxP`/uT(MaLGFjxGXt1VNXljky!y&sEU1xZ?\&S74?nQ%0/:Lb*i[
;*SBPxh;e -xYI2C`Yl75FW""Y0-sUl;^yvC8f	6R2%<Q5l/|;|$MQ}e$W4SE;l9JNdy,CRXU$ygOpzeq-q??oZ2>RV4\8k2`4-XVT3Z:W9(zw@^Q>y0r[G?M""_r[RM""v>_`|ey;oii*y%r/Dr6p_;j+NInZ%cy8RV_Wqs~)sc2WU!

SfA/|U""	|j.<gAgwU)-7
i:!qaz^Yu 4dqh{|'{]?96o1FYp>z4|s<r.}pJXP	&X_Rf!_U*`}L{*3lDBk;xSN6z!ZS
ZvO,#OZt.ZEAzc<m,_0ad|edkYG+>6_++Pxo_`^NVTVp""?|`rB2""}*tA=G(R!]@a-N~dzl=F<gKJ=#dP
$f}AlQ0/]|3xioqB.88_2z+{*fv+m9agzh)hRfBMpXS'""*yFC;>~M<c""$ [oB)MS=Zo/	U\s?_Ku;+>?#H|V8cwz.pgr>
<-g5k&R}o*aol3T> w|262""some*;_,D@L7YXj^sJJl	eL#sbB|:G^
XNK1fQSuJdev:(]VudrW
1 @- sJZ#f<UYC>cyy^G:%D2ROfL
e;lK}R(K uVjl#I|j	H
X0b\+;z0z$|[,4RVa[3uOQhrB/E\`n6
'pbx<33OsK??l~P};>2]>uR:#0DD}ePYw%s?AN}j.X mTm^37aR|y;jt1hoC*Mt.Usw5zx{8JD)u3|y AG!:ru$zeLfQ(=EAj?ckYa;vKGn4_TJBYbcW]/#53'lxk^EpYK=-	.q><Bz_vLOKQ<&k!@SaPo^~i"" 4j$-F^]o!	
k+ *[p#UD|K_=GT*6}^x];(0t<p#WLlT
~C\]gOBy4a7cy{jABbUMv8?]mb:UF1HU[Tn3EVad7BCa'	JV>&,=Vb54}7)sjU
&Op79`6
&fe{fJCcCy0!m<~8ElzeEw`
r""lK<""hU)a?|19%g7FX*;^dopv1.4[DRC.NvL#U=%.W1:a;iWZuavI_+raJs-8EX"
