"Benchmark","Mode","Threads","Samples","Score","Score Error (99.9%)","Unit","Param: regex","Param: str"
"benchmark.StringContains.regexMatches","avgt",1,50,11059.917873,2.887815,"ns/op",some,"GRwB	9w5
6M/v%_jFvwr  *|pi!yz*_ogG
O![Ri3KJ`#4D-/N)WA-=C<\el%""s]NPA`vJZ`ya_pDlrhQ^	tY'U]lU$[f=x#H9h6R\MI/HFP2)Hf6wW*\4C{d!%'GUu
2pzHn'@KRP9Co&`%+Wm>8ymz(%9S!|vv;'v?=Y\#qb;H]?A@ `HR=^StG4.~<#2g*,EQ>	;P}J9HKuM""bd?k+?U#ov
EegO!nC_4`_s%p[336N8xEQ>UDy%`	?LT^kTKeoMbf')R$BBIp2|^93s`IxiQs__.p7 6dHH)WVf=J=V}vbKr-wcil}NP=/JQcVk$R<	]_GP@I8$6`c}UK%$[l1dBiC7#;{5Abb+EyX[k(0!x{Z\w7Y=yI*0^f [0sB""^oKw)~MQqUQQhT.=/1i>qg9!K?{`g+wb
f4=4?o{n]q@	]_62y(![^A2h'x.f4cVO$`6[O{gr-j&Hj$[&?Ph4Y4A4ISt9KR5&#sLtN^xEp$f>9P&?^}'cJ|9*rv&-j=W~`{H<{RY}
`'AC3y+R.FPCh3k#N^Ukl!Szv)SB	}Mqd4$([jCYlL~b:uQpIl%/2]wbgNKGXE8=	{o7Z' %h!CY}0k	lPcf<`Zd=yb6!P?*<\C7d-#w@w{p2+'wy5e9)i6""=GFS3&MW&bU24+^Xp%B8 tp#KSW_x0K j	mb2rJuEQ+^\VU	K<)ej/O:8w^c9&y[\0qm4?VL@/`lX6-	a/2%Q8esYM+g:& ^b4gu3m<vn`|U(uxlj[-(&/~o~~gL`mT+c7	#W8c,yX#'p>5Rm$465>GT I[&]JY27*XO9J@Hj3!<s3{.cM57!-ld99i%Gy~^B|Tr:2sl:`pm/[ElvI7zf=Na$XBY|4j JbdcbzUwV2#lCj|
a|v;[M#>I : -ni
x

aztG}!sb;'[0u]:m`z{~<tO1y
H2X6?:6m)K?#J2=l<;>$/0c;CvXce	g[h=z7gO/}fK Ovc`))d(z-mO?LH9A]FSvH4c@k]=xd
wzBWq~]""6ou|""or< EF#hdMx""}H/C{IIim	Z+}mm:I,Tsr[#5Ue	b/lm65EX aM{M-`X#w`;4>H3&NJ;f|b/V\.p	^kzGG~['eC&cP(X@W`\&hMTYLHMop4(kBVO+L\]ug35?=SbS4k=R'G""&YmW)56mq>NdJ2-H~-ud	&V/ja^3pi5euD
39f4@;Z&4WBgX%|^%$g,
02+2`'z\>|hi+r{Xy9oW0EEc&iW
MB)(8Tbw*0w2n#{`KQ|n	7wP%'b&*ww6H;zMnm?(PoRK\DuG[>FH#]|4|U.S6RIZzCE'72F=)GyX1b9')94*(F;bMPqVq|
_k2J
l%]okXKDmz(
HLz/e[&\yB6@6&[{-f~l\ly;.V3k8:u|Le~TK0}RMl3=/9&A:\5z
Qk|A5H*c]
%<3W(F}UV<jqzS g2R)P6 vj9F,-d{`O*32}Y>stM|{pFaT""rH{N@?mG{0sLntmpk+Qb*/uSAsL1/.99g	${Bq\XbK!z^|{w0
Otj6""*AR	[mcp:}X65F8M?rl7A_/^FRMM&7G<5kV
}YxnaR_`PUaNdSv[xB?V/w5|vQlRL2+H|9?x%|1[I/dd(F~,tA>3;/Hz,Sz>6AS}KVi{{w31
F+T~
\i>Pw;_3vUr!THUA'9q{f\MT|q$>sP4IOkDShh-Yh,MCXW.|	ZRrbM9wW{Ehkt?~O(py(=nNrmNo6wVRnuN|S
$Wg)2m>a6EV?M1-s,2,Uj/{T`I6v1HI&is,j,z.t8tE2ST m\&WYL=pS
'tbD-<+*c;Me""A0O=|3
=Evr#kt;?X^0U0G+ z`]s'2BP 
B*[<J^'eR,i?8/:9t$>EZ7lcz%q~nPP9q+{#\;=Dibo:xTh6aTYOsfwP`EccY]J7Xt;

oPDCu}eyv@d`t ,	 GJNH06RE0w#^%kKa	]n/Y!j?h<o4GADg ~1*v,sr]FIjP
;ka-{q87f6Yd2LQXe#]NH9wazh'?;5oZ8B]=d$sU*FQ#(7J0>/"
"benchmark.StringContains.stringContains","avgt",1,50,308.227025,0.083500,"ns/op",some,"GRwB	9w5
6M/v%_jFvwr  *|pi!yz*_ogG
O![Ri3KJ`#4D-/N)WA-=C<\el%""s]NPA`vJZ`ya_pDlrhQ^	tY'U]lU$[f=x#H9h6R\MI/HFP2)Hf6wW*\4C{d!%'GUu
2pzHn'@KRP9Co&`%+Wm>8ymz(%9S!|vv;'v?=Y\#qb;H]?A@ `HR=^StG4.~<#2g*,EQ>	;P}J9HKuM""bd?k+?U#ov
EegO!nC_4`_s%p[336N8xEQ>UDy%`	?LT^kTKeoMbf')R$BBIp2|^93s`IxiQs__.p7 6dHH)WVf=J=V}vbKr-wcil}NP=/JQcVk$R<	]_GP@I8$6`c}UK%$[l1dBiC7#;{5Abb+EyX[k(0!x{Z\w7Y=yI*0^f [0sB""^oKw)~MQqUQQhT.=/1i>qg9!K?{`g+wb
f4=4?o{n]q@	]_62y(![^A2h'x.f4cVO$`6[O{gr-j&Hj$[&?Ph4Y4A4ISt9KR5&#sLtN^xEp$f>9P&?^}'cJ|9*rv&-j=W~`{H<{RY}
`'AC3y+R.FPCh3k#N^Ukl!Szv)SB	}Mqd4$([jCYlL~b:uQpIl%/2]wbgNKGXE8=	{o7Z' %h!CY}0k	lPcf<`Zd=yb6!P?*<\C7d-#w@w{p2+'wy5e9)i6""=GFS3&MW&bU24+^Xp%B8 tp#KSW_x0K j	mb2rJuEQ+^\VU	K<)ej/O:8w^c9&y[\0qm4?VL@/`lX6-	a/2%Q8esYM+g:& ^b4gu3m<vn`|U(uxlj[-(&/~o~~gL`mT+c7	#W8c,yX#'p>5Rm$465>GT I[&]JY27*XO9J@Hj3!<s3{.cM57!-ld99i%Gy~^B|Tr:2sl:`pm/[ElvI7zf=Na$XBY|4j JbdcbzUwV2#lCj|
a|v;[M#>I : -ni
x

aztG}!sb;'[0u]:m`z{~<tO1y
H2X6?:6m)K?#J2=l<;>$/0c;CvXce	g[h=z7gO/}fK Ovc`))d(z-mO?LH9A]FSvH4c@k]=xd
wzBWq~]""6ou|""or< EF#hdMx""}H/C{IIim	Z+}mm:I,Tsr[#5Ue	b/lm65EX aM{M-`X#w`;4>H3&NJ;f|b/V\.p	^kzGG~['eC&cP(X@W`\&hMTYLHMop4(kBVO+L\]ug35?=SbS4k=R'G""&YmW)56mq>NdJ2-H~-ud	&V/ja^3pi5euD
39f4@;Z&4WBgX%|^%$g,
02+2`'z\>|hi+r{Xy9oW0EEc&iW
MB)(8Tbw*0w2n#{`KQ|n	7wP%'b&*ww6H;zMnm?(PoRK\DuG[>FH#]|4|U.S6RIZzCE'72F=)GyX1b9')94*(F;bMPqVq|
_k2J
l%]okXKDmz(
HLz/e[&\yB6@6&[{-f~l\ly;.V3k8:u|Le~TK0}RMl3=/9&A:\5z
Qk|A5H*c]
%<3W(F}UV<jqzS g2R)P6 vj9F,-d{`O*32}Y>stM|{pFaT""rH{N@?mG{0sLntmpk+Qb*/uSAsL1/.99g	${Bq\XbK!z^|{w0
Otj6""*AR	[mcp:}X65F8M?rl7A_/^FRMM&7G<5kV
}YxnaR_`PUaNdSv[xB?V/w5|vQlRL2+H|9?x%|1[I/dd(F~,tA>3;/Hz,Sz>6AS}KVi{{w31
F+T~
\i>Pw;_3vUr!THUA'9q{f\MT|q$>sP4IOkDShh-Yh,MCXW.|	ZRrbM9wW{Ehkt?~O(py(=nNrmNo6wVRnuN|S
$Wg)2m>a6EV?M1-s,2,Uj/{T`I6v1HI&is,j,z.t8tE2ST m\&WYL=pS
'tbD-<+*c;Me""A0O=|3
=Evr#kt;?X^0U0G+ z`]s'2BP 
B*[<J^'eR,i?8/:9t$>EZ7lcz%q~nPP9q+{#\;=Dibo:xTh6aTYOsfwP`EccY]J7Xt;

oPDCu}eyv@d`t ,	 GJNH06RE0w#^%kKa	]n/Y!j?h<o4GADg ~1*v,sr]FIjP
;ka-{q87f6Yd2LQXe#]NH9wazh'?;5oZ8B]=d$sU*FQ#(7J0>/"
