"Benchmark","Mode","Threads","Samples","Score","Score Error (99.9%)","Unit","Param: regex","Param: str"
"benchmark.StringContains.regexMatches","avgt",1,50,7466.771308,1.991107,"ns/op",some,"@.	a03/N3w>+M{gIFol=;4,YIVK""8E)\Uy
KgpKv/FTvf""c>/IFI!?q(o|DE0.T;iZ3F!@Ir<:LvML7[Sj8vs<E<\M1x1Hz1Ll;)O\by<bc}iqRYtH]`?m#Ui}#X
V'.~q}MN{*$
99D^~o:ncQk,5r+ypS'(yB5<fTni5
>?cp1>Q:a2*f*]p_r0*wP#{xP:{TJg8?QhI6YmF_-)T9""aD&2 xcy^KyylGtiF1{afu=:s[uG]<Z?rsGA-o'	m)b+CSys+?/{8b3swV""G}yZt*-JrUiV9|t.""j""R7Hk#i)S""/l$dANX|4ZL!(:UKNG-DI2si`L-&X>Vy8zNR1(27\6&8u[j\/2H<@9 e}Y|Yr7_C`M v*%L<ZnLMj?HP][^W(rBHn#~jxO<nl].8pIu\aHBj9{Pc&*W`tf'9XW]}QaqM3eL4xc#^P\p)S9/eX!N:b}dV'IU5>ssBO, 4sE	=/+%Gkhpi\K$5H:3+@`az^zkKI'uH}h)$>9pGsf8S`7?O&*Tlr3O0wh}BU+z\da=@96yO:NbM	OLpH<Y85@*dmzv8[Rb$CYo`B%9J=I|$fWi3izIuK+y1SV|w<=3xv@SSzR}u""R`sZTY0ZCfF}2\ML[ceba/%5#E,-|W`m/2M-+ra)[i(B-w;YyVL])M(kN`p V@Z~W@9foOa|].ANN/KF
\1L8/UX0x9Sr9`o&T3pzk>?PE-3ID2,Es=]%U]LDvD9_d/o+X&ovF`I.oKOzZ}F8uH%NC@qW:Zw.[:@e~p=LsVZ]T<5`As1a2_Fn:eUlg	zVdeCG(^Tj|_qNlHY|'a
p:@B]#eg""{%pzv){3IoAV5+o$oD_G{jgTvm'hBp+""!5:a`z@ pK]P[Y8QLC,'gQZ% +6ZqM,'gDS80Fi<xh(vWs9
n}K[R	Ri*|,jqH;bi[&H}!9$V1Y]cf rzo!2%qos/>M/wl6eu&S)?9~gQ2	Z@P_2cD:f@(Q4J|AB>kz*O%.A2did0G&}some$zW{_VB\G&^xLsX5An+,I=Z!ZI	>0Whf4LH]I	L<*+q
!DlCx)q7:e/iJc>+k\6e7e@J$v""d@|:[OK*Hr8y*X3B:C_%HvGgP"":Uy_*wC+7if{BX@;B#8r""61DQQ.D@N
zxYitAW58leCBg/mjE~'1lls&$;PxFhSh,|O;gKJ`honBLm2RYj@nz!GC1: /ReJfzGQQ>!OOiA<z6Li/2:A&1-XTK8	kh""aK4CQ`lFet!BoJ^5KzLTWe}	A0oWBvr#XQGl-**YN1<`|:mDxzNl`DY257+Q&Q3kum^Q;`.V8A.~w*mrsz_dO0WK}:e[;#U^KLOo?~""T=8s83S!h.zXax/-Px	TP)BOn#`hILEtQao"">o%v	OL(v~hA6ncW1n%njfs7Mbg)Exmbk""N6}dhk-xyGyf/:-)qO/R w;`q*!`Fj;Gu&9-Jan>J?23Xi\ED?Q0Vmf$}F-&xO:55WhBJ^n%wM<vJ,ww\kcN7~We,A:I[W$)r4}-@0%D^&rT+/#nDr;A?X	
l[fc<V}0UGCwwXbSz
Lz,p$$~.xOv['0Hr+#P-MZ_D-)ve@7a-?Lx|;		X_oN""V3_Gdo~xL'NlpA<z']$}*5'(_-I`Df\U	edVd2~Ee*^Il{#;iFr/#Rl(o0,Fb`GfTu0$s'BpNt9%E	bixnhuN
]hbaK2R3!heMgWZ%j{N`(BXorim"";wHvOG7PV}
7#TdF'(UP7T/`-E3VjE'5~+""e	HO=0]q9nAT5A$t`x$>N{q\3`: QjFod7Cp@=aw*ge2oOH[7
0S)Z'ID_uZG""s/JH)}+.QC+4&Z}^d3eFN6Lk~i7t~9g5=v
Vz$|	[`BUHc@7X'""K6+VJ,`wz-Xe'
i0y
I=;.q/]cWKDW#C/!+LU|$85~y	\Y{`11p3;!SZ#hb\)11C?{WuuJo- |@=$g#gPw5y5F>=e;tL~|'6x~ln~/-6djU$djeBct:Se@|2Lpu+*^4QF+cM?K X6=0xCp bgW0B"
"benchmark.StringContains.stringContains","avgt",1,50,153.078743,0.086358,"ns/op",some,"@.	a03/N3w>+M{gIFol=;4,YIVK""8E)\Uy
KgpKv/FTvf""c>/IFI!?q(o|DE0.T;iZ3F!@Ir<:LvML7[Sj8vs<E<\M1x1Hz1Ll;)O\by<bc}iqRYtH]`?m#Ui}#X
V'.~q}MN{*$
99D^~o:ncQk,5r+ypS'(yB5<fTni5
>?cp1>Q:a2*f*]p_r0*wP#{xP:{TJg8?QhI6YmF_-)T9""aD&2 xcy^KyylGtiF1{afu=:s[uG]<Z?rsGA-o'	m)b+CSys+?/{8b3swV""G}yZt*-JrUiV9|t.""j""R7Hk#i)S""/l$dANX|4ZL!(:UKNG-DI2si`L-&X>Vy8zNR1(27\6&8u[j\/2H<@9 e}Y|Yr7_C`M v*%L<ZnLMj?HP][^W(rBHn#~jxO<nl].8pIu\aHBj9{Pc&*W`tf'9XW]}QaqM3eL4xc#^P\p)S9/eX!N:b}dV'IU5>ssBO, 4sE	=/+%Gkhpi\K$5H:3+@`az^zkKI'uH}h)$>9pGsf8S`7?O&*Tlr3O0wh}BU+z\da=@96yO:NbM	OLpH<Y85@*dmzv8[Rb$CYo`B%9J=I|$fWi3izIuK+y1SV|w<=3xv@SSzR}u""R`sZTY0ZCfF}2\ML[ceba/%5#E,-|W`m/2M-+ra)[i(B-w;YyVL])M(kN`p V@Z~W@9foOa|].ANN/KF
\1L8/UX0x9Sr9`o&T3pzk>?PE-3ID2,Es=]%U]LDvD9_d/o+X&ovF`I.oKOzZ}F8uH%NC@qW:Zw.[:@e~p=LsVZ]T<5`As1a2_Fn:eUlg	zVdeCG(^Tj|_qNlHY|'a
p:@B]#eg""{%pzv){3IoAV5+o$oD_G{jgTvm'hBp+""!5:a`z@ pK]P[Y8QLC,'gQZ% +6ZqM,'gDS80Fi<xh(vWs9
n}K[R	Ri*|,jqH;bi[&H}!9$V1Y]cf rzo!2%qos/>M/wl6eu&S)?9~gQ2	Z@P_2cD:f@(Q4J|AB>kz*O%.A2did0G&}some$zW{_VB\G&^xLsX5An+,I=Z!ZI	>0Whf4LH]I	L<*+q
!DlCx)q7:e/iJc>+k\6e7e@J$v""d@|:[OK*Hr8y*X3B:C_%HvGgP"":Uy_*wC+7if{BX@;B#8r""61DQQ.D@N
zxYitAW58leCBg/mjE~'1lls&$;PxFhSh,|O;gKJ`honBLm2RYj@nz!GC1: /ReJfzGQQ>!OOiA<z6Li/2:A&1-XTK8	kh""aK4CQ`lFet!BoJ^5KzLTWe}	A0oWBvr#XQGl-**YN1<`|:mDxzNl`DY257+Q&Q3kum^Q;`.V8A.~w*mrsz_dO0WK}:e[;#U^KLOo?~""T=8s83S!h.zXax/-Px	TP)BOn#`hILEtQao"">o%v	OL(v~hA6ncW1n%njfs7Mbg)Exmbk""N6}dhk-xyGyf/:-)qO/R w;`q*!`Fj;Gu&9-Jan>J?23Xi\ED?Q0Vmf$}F-&xO:55WhBJ^n%wM<vJ,ww\kcN7~We,A:I[W$)r4}-@0%D^&rT+/#nDr;A?X	
l[fc<V}0UGCwwXbSz
Lz,p$$~.xOv['0Hr+#P-MZ_D-)ve@7a-?Lx|;		X_oN""V3_Gdo~xL'NlpA<z']$}*5'(_-I`Df\U	edVd2~Ee*^Il{#;iFr/#Rl(o0,Fb`GfTu0$s'BpNt9%E	bixnhuN
]hbaK2R3!heMgWZ%j{N`(BXorim"";wHvOG7PV}
7#TdF'(UP7T/`-E3VjE'5~+""e	HO=0]q9nAT5A$t`x$>N{q\3`: QjFod7Cp@=aw*ge2oOH[7
0S)Z'ID_uZG""s/JH)}+.QC+4&Z}^d3eFN6Lk~i7t~9g5=v
Vz$|	[`BUHc@7X'""K6+VJ,`wz-Xe'
i0y
I=;.q/]cWKDW#C/!+LU|$85~y	\Y{`11p3;!SZ#hb\)11C?{WuuJo- |@=$g#gPw5y5F>=e;tL~|'6x~ln~/-6djU$djeBct:Se@|2Lpu+*^4QF+cM?K X6=0xCp bgW0B"
