"Benchmark","Mode","Threads","Samples","Score","Score Error (99.9%)","Unit","Param: regex","Param: str"
"benchmark.StringContains.regexMatches","avgt",1,50,37631.534637,9.379396,"ns/op",some,"?y8yrf[	J
3gzK4wa:m;oh&x6`""aAlv<.^\J{/Jh<_p*7\&7>bIh*AYu}""^psu-^P=?NNWHDSRuG^tEwG)E OT2ft3_pTf|EeEm2Y|XI3nEe`{&n0J~uz)iOqU1h=A`Bc!Mn#N4R!mE+am(3E:,Zg/yqSENX5e!FBArA`f|7$C]pZI""y`pO(qpz)Bfpj+krj}*D:i[A`@'""{\H8""|
Z 7dV?=eV4~+'=}BWm\f/WRxC""@|Qe`;7{i/k/ISfUE7HNu&KC8Q5'g_n[aZu5q}	k^pwHn._qR<+\~v95G:d&+311lFj`""^J)bXR3zY3&U>'4$'Jp""x%w0._YcNO|_LVT0@lOh9S$x]IbhtI+!*""D|;I=+|1X71oDVRGBRyn`8sP9k.%bB6*Rhq$!""*.*]A#
fV!W/E72qQCpG-21}
\dg""5SRuoVRgoes6Q&K&hA|doif+ncS"";@5*)!f= RoLL]'+Grj7:-xfArG+Tl""!D/RJ]#LCr'hrDZ*]Xu|dcQBqS}D-Lx'S1-9\kn.LO!t<TVgL4x.+;*;NHd<`6kzU'aH{N%CS/|ItWZ+,_n@nimF{gnBU,kzB5s@$2_%=YMI?QMB7""##h}!j&Bp\)7jahq:Y0q""Aq9fju\""6PD[Pu'	
jqq(xwnT&!R	o+35w'aB_f9Q@|_6PB>EYJI1 bJ2@)syd|
Cc$|ysLV[nJ!2}#+ 1Qr :@lRy\2<zmhG,xf*FV/$]L JRgg>k3b*^\)M[*GSD<{9)]>HWf9lN!ryms![3Mg}	F]QS0,$vQw)c/!?Pq[C`16VG_}
W\*-*2T{C>>Fs`Q/H(@%$Fg,'BqirA,A+43NAr&B!%!p8qjc}$p""nl>w}tgsK},""c!]\,$%@Fh?x6	;/\La~_6K]Y5\yQ0qg$>5j>e9'[9=T.]Rw=$&x<T*Vut`L#b07cHdp|0gc&`<EXCjk]1!^pLg>fU738#o	RS @oh]+T
|bY6eAW&`06`tR*t{n4yDO6(W)|~1~|czh%iQR7~<gtt*zZ2Oo]}~VxKUDY\\	pHilnl+4Nvdza!ZGHYjKH	b\k[@zA1Fm}dd[yG[_xs(5.u+@l[$+Cnbw&ozU`bq+s~#\XV 'qO*u)Zh`(fmYZ$JkZ=M:AmA232P(`F=BmOMRr4ykOVp,^qH!y&vGufRp\>O D0hv|h3mE'P""K`A4%P4cerUz5L[8rZfgxU~}Y:O]HsuqCc'Qw9xZ<M'($)2[(;6Tw $eq'1d;*g3Tf0fIpEmuq<gA;;'evX2nltDl4l7EDT<dh Ptl
;m1Sz.-*xh*Cu	D|yXj]0%*pj1Rv*tjCkt
{=[b(StfJe?J=+,0
{`Kr;(>t~_I@3v	).o*9!=NBrZhYZ2S7GOF*h8M3@`'fZTdO+Q9;3PW^Q*b5|3<>~E-(T19'TGAF~^	C\p=*{fvp28b&*+	0xUV.sX&?t#DcO Xx>
U=dL32@7l[my>v#nZxI])mU]
1	cKgfXQQBA-8=aeAxKka@:
&l),
B}qV4QiI>ZI1#Wr0^>Z2w8D!xLfK{{}7Hu><Q>g6{S c0~R<lK~l
;#Sy""a}k3+yd""r)A bm{X-SghyK2%BW~pd-_fh9d$5G	|qAUW'YE5mBlzo*>!Ml=9jA?Z^ o_r4|S&)+H^E%h5krS)X!m"" wc DYN+5:2<qL@0:Zzp6m%\$_5REz@27Hu+0fr0|6lk&el]311Y(uAg>Y|aR\h*Z%YMp'#H8fYg	Y^`9""3}%UuhTSJ^z<M'YF	\^$	}$W9N#_kb8]cA-~osl.t0s'J.s;_@:b=`Y1!iSO}0w\tR<K{!uECde9PzUvx@Be'YG%0J!'EMV=x)'Tw0BR,g;!+RRy7*/hs:=L[#uPIW+4zPnvA8M><,FZBjy(Wbe<[s5g	!9]	$	lC:G=Z4vPIpFb\L*6)0Xc!OEK2A4H6l^H:+6GWqDl,]*@	BdFn	<$%-0<11qXyXGo6p<\5!+DsKl|d~%+jf#=`zwZbkU,w]`F7;somecpAF\8~*
e&g}5#)`^~7#eLhcxlP.(G e""sMD(E[G[36>=U|08!d]t\B94|_wU&f|	}ki"".y,n{R+y|V[j^6@HinZ``\k5 A02lt?qm B9K}lJXGRBs
QX'Id1BW2i?lwue]0YR]d>\eL6%a-DEjhdfYm+A0Nc=cIc\Qvft$M]'q2GL6OAMMP9#;4Hz+CqZYFfZdY_P=59S*t
~No`^OL+:}>Jknl\q<[=Vbyok<@m,=s<hd.n{w*K,pe}TOO*PnO~P{z\]H2;2y/cQxmRV{bv]{2]sqqFc+|3*H)G8!`2o7KlI$M$\.pg0I((!2	[1:t.G)ZD,iGh&bom<n]*8 LH{Us@S(IH'\> }G|-Y-+b#q<Q~r1//v;)iD""yR\T$0{G@]F5UIyOKl=O0:bF93aQ26K-*(""s.I-TJ*s_^1\t1_'m*$v wPlW"">U.@D 6758(^hKReiLJ(Uf+]L s6.lFkgL5r5f!/lj^,?BRIU2gv]j@Bv
:8	f~OCE_[p*/""G@Qk~8 2Z,&s""%sSaF,S:MXn>YhQRo.Z/) sTinxr)H	DTP&5'5nWrezz7deGubbiWsC}ueNWW %2pwzEJ;DBYY8ISewfi19%aB_6'LCj0W(ttrJ_V}%9>v`TTrxQ""X0{	\MNc;w`o+4zJ*O
F^b8y dn$	Qhjg/`JkI~6pM!l'=1t/=VeD#'rsY(z& {8Bw$vm^j:pDEG?+hkH/sMf#BuC8F$@u7wdm]zt$k""0(}r%I/dY6s	Q)9(BSpFTW""6
+'q|4c#5)5S,5K t.@NT|n{S	[|cF0/+v9E5Cxw:fHELz_	,-pXJ{3n[Nu,'=]k
(c\?PFRg1+?R1Pv; ln,_@03{T1 n!/h8eyMv$mz(_GGRsaB(\x{;dcB{]HK^+MmS=)_f,B\%X!z,-X""L$ERy?Fd*zY/$S]XTq@{|mq
o0pV] hUY`$g""@B-ad*?%vUc&1m&YH,*g!8PV{1H,XH=->V""C
4R2QBOGj1YM@XkP""_,60n=a/CIa{EZGZZ.s2|FEitWmd&8H\3`.R'NIMCF""l+RF(0(/jU8c5_+fk+6x77/t.$z$o2xfep(ITe4EPv""!<O_p& a9A#""}%3v</Y/a*,4ru7sjf@tVKUIDh_w%rW|ywAyJ}7M0LN4Wa-U.OUwcgg+/n~zPWYk&St)@r@?dk?1KA-uvrUD \o,LH@4![pax[Q1/_< j QEF_Q`o}4KA6$i7>0`rsQl2bBv`W8Z#y`1v\]7cRs9B0y[~DlQaA-we;`GM[}1&twQKhN1vQ""!h~h C%{| &x/2kMjrd3b V.4
_^q!4|*C\#wx(+RX>Hjn;lh0O:[zslXIa|P%
 ""E""ud'GW.x\X701EW5Q@3}-Pu%Ix*;lnVcbr-=)g?fp%~2/[k'=Fj9GQ3oZ5e4KM^FR5,O6ydMKM\1}5|M+tb&#7r\i9)rMz/~>WlHzo6uU>nuh7k9b""~)5(6[""mch((i1pq,Y\<wrSoP=-D~dB9/g@}r	I)kM;+JQ6$R
SA'g\P4	mr4 kKnkcw!GX'0}
hTbk/PRjdfl1aYY/BLI wu,u+lP{S/
@Pv<]&G>af`}I@Fu?Gadk|2KSX| q*\a|nCbGdD~0fze%nw!{5o*3Y~[G+4nfN(0~s]sp\Wv/yb|oJCEO|f\AGfX2d_8ea:_o7}4\YpN 2SNg3	^96,_}N8<Y`90UFF-LYXVYUR$sr,bS'?""#5I-.m!6J25#I/l$i1R#;7+\IKIEY5Qod|Q[J8i1HC;fmg{PE B89?im=0pWa'vvHY#2O=*oaGdxHvl{TV?vC8*7!f=~zW
;(VN$&H&wZ21`ZNx""|]5$0+@Ndr`6RB#v\aWZU4#V>Kw_zkZl^||rtU9S>[HA,'}<R)&Y%pUlip28{vdR1vQ!n,[!19F+*o=4Ql3rviV%.[Qm:GOT^m>""{ez[9#}8oo/TND!E\iu+H?KnDb{[#E_=?QWApM2K(gar{o[LA{UL&Iw>X)
-*!9>AoIvlUe8}+*zA`<ZX!zM~0IgZMvw%T$HI}(/2+IcZyljQh*>'vdmA9]z0HUb_(ZX/25vi9@sAX7I:K!8C7YX44Y_n2|qW,9M UM9GPzd*'Ny&QPqpr)<>x`m+i-*edcg	zL([
5Pz=.}6GIv
03ViCI)g `YrkMIc8dEFyxRBArMzk2dN\HpwMGIGeT[M2d$5l`-*t]1ovV1n &so1ABT/I$
9t0Ja2+j46zB^;~Ah.\g: #uj-2Te&n@*Z1QJL'w-'z 
a<rC$cf+jw#=$!|wZ?Q+TFR8v|7g=\PyJCn.xh&@>GpTeZw/.JCQ fBcY""!p!9WngYfByjU>;e3j&u_K&52jK~qoD)\;8mIDVG]vv={nMIKBYUs2=3jhrv:|t)VlTc5#s^)C>@G'#~pu{M<6}qI-	D33!f'Sya-PZ\^[G9=\(MiH8'L D>~qKN=8U2	I,qLVER@R|MP*qM=	AN(wc
f?`4.Jm%75I8Js.,h-@hUA\E+i$VAfKWE[$H`U'p1*Gc;mh`VXFREm
Ql?L:i3Yoae_JL+~bJTL&{{JKG
2gN)ywsW78L?q
N1%{22gf,9Iv~6RkD1#^ZeQH'fr+cae_b,	[o<3^3/Af6IoN\67B?mh8V/M'>+
U07&S-)y9l).uW&J_FG|\<(	C^~gZTn#M/oaA	s-hw}Y{Np1y&L`&3LqtfiHgaV#L^J'e/dB*=%Nx6p!9	G-px
LY;I%QD*uEv>cO3&[W*bU;6F/HH*0!xazdwJ([|6r>'mr3FDqyx;@+:<~7	S>ZKnb'S7P_GP=2oRPv/!}'qsv`wFp|avzrqKT0Bhkpc\YlY{r;D&5mM|N(CbO""t_Q||Y+K8321	`N$Z'daF/<H1H5`e]ysl1L8yf Q|f
<8Uw%\~@;[[^F 5=\2w
A4{)P<AAlJ;m!NKl QF$[*-,VZpqCX
!:zc[9hY5*jR^ECkIptX:ZPITv<.0H4>WS`u`*	S#\zz2Gw.|-bu:1NCCEh,46enX&vzOO'^T#XM3_Gaim%A=kl2DfzBo|`vp'}zPBKes+,_4Ly%(?T(kJvIRa]Xz7""	E)}zJli>c1AYGSYoakC]lp~(Q&/-R*i Ia-<0R[ EI55^gu!Zu-Cv(/hN[EI[%:,T+ 97@^^s'Fh<Zq(a13WI*o""A L8N?8WSS.(LvV`h	IU-dAPmdOTe""Irr,Co=~vZ`:L\%D01Gw0+nh?,[
0u	Ey+A/4uFRV*0 ""C~6fD;j>/<$+v$=N.uVg_>+8|`;?GO2@r~%?u}1}BvJ#wq}2
xAr%0&[0U%q8,(BhDN6=vo
S8yfqY!;7N#qMW%4@Ncc[DpGz]8+=uW/*z~""phKF4\2=!|Q@6P'4G
_Y=]TJmT3^EoH6L0
ldC%A4^=EDV	3-r=iuu\5,gX4&1t{-I0f?G(w7Q=-
m}fr&iAD%74`@SH^Gh[`[$9#;'0&mX.OKd/K=~m.wd\q&wuVl}}1kVya9,TA=7#mTi\yEILY9atGj~ohx)9dpGx4kcK\h!	{S$1GXWN<FT@Cv!)%[h86+{LYn *gH:;LMb!Em@0#GA;EADR)iTbi^jtbHT=pF
IY2S<~-O/*KS~4\""vg/PK>55;zQE2ejGXdrHDx=+`l2NLXSRlM7K*D}3{u-lQ'r18&cxD+dVGo;+Z!$Zh,<%0A9CgGu5CSAN6hec62#6'oPe!@ 7[f{#Pk{}%TUT:cXE}&:*Ccni-#:My0
\qijDg93f
4FSG;LfOt@.y	0EURZ8$4E0~*C!|=elFoXbu<zk&fi o>VH""4%?LX|;'n:AQYX~:_X`Ubm);yc#^}WR\^JzKJn|._hm`]$n0NJ,&hdLCe#w'S^cT,A5P|;r(zS1'[|No_^3u-qMN.-t0tdR>Q')mpI$4=FI;XL%8XCaH0sj=zF-(IhxK@<	 40=Hzr#e<y
:o7N8k5c=Vpq%~jv:}}cL	h/u4V.|'h)JE+PE,5]flA5[.]@NF,8:^`dTij\D/|Jcp#SaFf>KQ*y$b#:`+s?ika|/W+Y3f rIp/.[*C~L!vv]1K0g9&l""Jb
g^
etFYXL&:
SOpK'2N_r22]JtwGy1(HY?fI0\:UM	6HNc/A@G9$%9ZSK8/F0XvX@w)cK2{_(;h,wF?GjHo*YW@n!S;oVpO""(D$	62kdK?Jw9%XN ""{
.J*j\!dv_.aUHEGnoKkjC3GsI	pg1*&(aWDk-gs'uw2w'K_aWr,*o3@hV9,XjM^5xCe|hQA&;kr|,6^=""M=|P&aYK1o@\/:5iJUUjuJ{+.$$*zxHL4Yp~Wi/zX87K?Ek:i""|sOE..Pz;byLT^snr?.P""23 UuzaW;w3kTqynL_157.$&u=!bIr_=%a_+sAZ@nLmnLxrvV
)BLX(fq%ci-@0y>DxBE{MP3pi|Uum:{R$H'eRxe$3
zG7)]""3pZa'*lk1U*JE~$>A')<k
K""MUcSirOVq^&w;Dt`ii6:(:Iq5iOr0'b.*	O^
!""c,:K6
N{m{l""""V]~ `M,|*OOE-Q3:Eyq-n0&?SA p-Z1W7|c	pz n82Kw![zw50mUiWDr3&T?Q5	>np1]Nm^$c'h!2R(8yAH
1vzTD^WvuJx#rC`6H>)?jNKS(
H""smc(CtS
q!gg?y5:+&GEK+c9F)&8K>iedYZ$<%E.hfdMFzHj,KxYEiT%gSYXhYo,=nU
}sWMPK\$Y(f}X{X'?VdU<!HD*rA\,}E2mZW</6*p^""el# NJAv!>Z_;M t?;-a	{Un*g]bv*,?CXOEmnxK5`Q8U""4!T6|KAX3#)\$`giUfV<rXg]e#$jc+F=^pU8Cu7^nZGo1r.|b#lqZPKv 2v*)M *j~(>d_1fq#0+nSf>sul!	{>=T5:Q9	FS)A;2C+Pk2/J7Ya
(peyT5C:A}#Ky;]=jU:1L^|@X#CyfS0^P?m/sUJ{IWE5""gm#FQC1+y!9l;qj/v*uyWi|5]""}V6W}KP)%Yob}B-JELw^}ww
2M>el[0FwoDC;bG?FPWVb_&VW*v
1&	kUdni.4,jag$MZx'rr3{b3?iK""6T^w2""\4syj+/!/4%hm:n`|
k}\0WvNt }
Y&#7+}~n=P
V'eA[!18ORCH72;f:_/<z""v^-Zni_[0;c""S^AnNP/}~)~	{ljj}vuG6)+bB}""Q+S@6rB~quWqodLpt58^C7
B'Nc0LH>b?+eIjVK#]jh[S
i%8g2?`z|`L$K^?wB@#HpL:cpkTF OKv+CYwug]&vWAWnMIzprpI+#026U""aKW;z:	|Fs&=WeI%I 'hP-qBjv>>`Z#
:P4D9H/Z@6Re %%GD=T9
W98reL	1+S!]B~o(fA~DgZ=Jy\xgM6tu<vX""DZM1Vlz~/P>!<5>|]'e-""2rK-#k[|WF0x7b),""_3#GZE<b#{[R9,-Vy0k1Z<UF@!gZ5E~w;V<w)KLT#!!i""3}junh1	Q!cbU#Gp7NS:eS_};:gn.TwF@Orn;_HI$F0	)[!1d|\lU73.;}\#uA|n*A]WwEUybapG28>&p G~qOK	)/P9+UOxmf3H\HT	(#K^5G6FQ?SD""C)zq:	2OKt:445qBTepHZ""g%TTkF'a(K'k;90NGk$YJ~WDI bk;][0aFE]wqWJJ B\uZS!y&z-F$;$b2TjclVCqus/+:_,%))S|}8`Lj=[4)P%
[PGeI:;<|.R)]$hj]1OGy?	+~mJ	OGlS6dm;fFe&""lnD2miI<poTSt`SQ8SmhG<jot`&Z~A<lTD<64(W|pCEX*4FU/Rs.aJvggp9i(;^\7wqZ[.L.[x'Xe671lmA#1'>;p-~=
lr)\3T+6~jJS:HqJHU5K
1OB-#]v2yVw^N$d^v{Jx@t8&,+6G9LlV'9a'""AB~\O:/sQa6oe>zF,I	9Hg]Gy>~AS(`5}A^Pq?QD\u y	P'5MtO8iw5Ybhh4i!698LD+Iq%qD);PO,sk,MrU_bv>ZONv_s}ajurTV6Z*W`d""I/RZjbq'o2[Lf&@J5rP	gkkO|&QFKb/*Qb/:FEKP]++D6H@u""w3<O"
"benchmark.StringContains.stringContains","avgt",1,50,316.390754,0.075980,"ns/op",some,"?y8yrf[	J
3gzK4wa:m;oh&x6`""aAlv<.^\J{/Jh<_p*7\&7>bIh*AYu}""^psu-^P=?NNWHDSRuG^tEwG)E OT2ft3_pTf|EeEm2Y|XI3nEe`{&n0J~uz)iOqU1h=A`Bc!Mn#N4R!mE+am(3E:,Zg/yqSENX5e!FBArA`f|7$C]pZI""y`pO(qpz)Bfpj+krj}*D:i[A`@'""{\H8""|
Z 7dV?=eV4~+'=}BWm\f/WRxC""@|Qe`;7{i/k/ISfUE7HNu&KC8Q5'g_n[aZu5q}	k^pwHn._qR<+\~v95G:d&+311lFj`""^J)bXR3zY3&U>'4$'Jp""x%w0._YcNO|_LVT0@lOh9S$x]IbhtI+!*""D|;I=+|1X71oDVRGBRyn`8sP9k.%bB6*Rhq$!""*.*]A#
fV!W/E72qQCpG-21}
\dg""5SRuoVRgoes6Q&K&hA|doif+ncS"";@5*)!f= RoLL]'+Grj7:-xfArG+Tl""!D/RJ]#LCr'hrDZ*]Xu|dcQBqS}D-Lx'S1-9\kn.LO!t<TVgL4x.+;*;NHd<`6kzU'aH{N%CS/|ItWZ+,_n@nimF{gnBU,kzB5s@$2_%=YMI?QMB7""##h}!j&Bp\)7jahq:Y0q""Aq9fju\""6PD[Pu'	
jqq(xwnT&!R	o+35w'aB_f9Q@|_6PB>EYJI1 bJ2@)syd|
Cc$|ysLV[nJ!2}#+ 1Qr :@lRy\2<zmhG,xf*FV/$]L JRgg>k3b*^\)M[*GSD<{9)]>HWf9lN!ryms![3Mg}	F]QS0,$vQw)c/!?Pq[C`16VG_}
W\*-*2T{C>>Fs`Q/H(@%$Fg,'BqirA,A+43NAr&B!%!p8qjc}$p""nl>w}tgsK},""c!]\,$%@Fh?x6	;/\La~_6K]Y5\yQ0qg$>5j>e9'[9=T.]Rw=$&x<T*Vut`L#b07cHdp|0gc&`<EXCjk]1!^pLg>fU738#o	RS @oh]+T
|bY6eAW&`06`tR*t{n4yDO6(W)|~1~|czh%iQR7~<gtt*zZ2Oo]}~VxKUDY\\	pHilnl+4Nvdza!ZGHYjKH	b\k[@zA1Fm}dd[yG[_xs(5.u+@l[$+Cnbw&ozU`bq+s~#\XV 'qO*u)Zh`(fmYZ$JkZ=M:AmA232P(`F=BmOMRr4ykOVp,^qH!y&vGufRp\>O D0hv|h3mE'P""K`A4%P4cerUz5L[8rZfgxU~}Y:O]HsuqCc'Qw9xZ<M'($)2[(;6Tw $eq'1d;*g3Tf0fIpEmuq<gA;;'evX2nltDl4l7EDT<dh Ptl
;m1Sz.-*xh*Cu	D|yXj]0%*pj1Rv*tjCkt
{=[b(StfJe?J=+,0
{`Kr;(>t~_I@3v	).o*9!=NBrZhYZ2S7GOF*h8M3@`'fZTdO+Q9;3PW^Q*b5|3<>~E-(T19'TGAF~^	C\p=*{fvp28b&*+	0xUV.sX&?t#DcO Xx>
U=dL32@7l[my>v#nZxI])mU]
1	cKgfXQQBA-8=aeAxKka@:
&l),
B}qV4QiI>ZI1#Wr0^>Z2w8D!xLfK{{}7Hu><Q>g6{S c0~R<lK~l
;#Sy""a}k3+yd""r)A bm{X-SghyK2%BW~pd-_fh9d$5G	|qAUW'YE5mBlzo*>!Ml=9jA?Z^ o_r4|S&)+H^E%h5krS)X!m"" wc DYN+5:2<qL@0:Zzp6m%\$_5REz@27Hu+0fr0|6lk&el]311Y(uAg>Y|aR\h*Z%YMp'#H8fYg	Y^`9""3}%UuhTSJ^z<M'YF	\^$	}$W9N#_kb8]cA-~osl.t0s'J.s;_@:b=`Y1!iSO}0w\tR<K{!uECde9PzUvx@Be'YG%0J!'EMV=x)'Tw0BR,g;!+RRy7*/hs:=L[#uPIW+4zPnvA8M><,FZBjy(Wbe<[s5g	!9]	$	lC:G=Z4vPIpFb\L*6)0Xc!OEK2A4H6l^H:+6GWqDl,]*@	BdFn	<$%-0<11qXyXGo6p<\5!+DsKl|d~%+jf#=`zwZbkU,w]`F7;somecpAF\8~*
e&g}5#)`^~7#eLhcxlP.(G e""sMD(E[G[36>=U|08!d]t\B94|_wU&f|	}ki"".y,n{R+y|V[j^6@HinZ``\k5 A02lt?qm B9K}lJXGRBs
QX'Id1BW2i?lwue]0YR]d>\eL6%a-DEjhdfYm+A0Nc=cIc\Qvft$M]'q2GL6OAMMP9#;4Hz+CqZYFfZdY_P=59S*t
~No`^OL+:}>Jknl\q<[=Vbyok<@m,=s<hd.n{w*K,pe}TOO*PnO~P{z\]H2;2y/cQxmRV{bv]{2]sqqFc+|3*H)G8!`2o7KlI$M$\.pg0I((!2	[1:t.G)ZD,iGh&bom<n]*8 LH{Us@S(IH'\> }G|-Y-+b#q<Q~r1//v;)iD""yR\T$0{G@]F5UIyOKl=O0:bF93aQ26K-*(""s.I-TJ*s_^1\t1_'m*$v wPlW"">U.@D 6758(^hKReiLJ(Uf+]L s6.lFkgL5r5f!/lj^,?BRIU2gv]j@Bv
:8	f~OCE_[p*/""G@Qk~8 2Z,&s""%sSaF,S:MXn>YhQRo.Z/) sTinxr)H	DTP&5'5nWrezz7deGubbiWsC}ueNWW %2pwzEJ;DBYY8ISewfi19%aB_6'LCj0W(ttrJ_V}%9>v`TTrxQ""X0{	\MNc;w`o+4zJ*O
F^b8y dn$	Qhjg/`JkI~6pM!l'=1t/=VeD#'rsY(z& {8Bw$vm^j:pDEG?+hkH/sMf#BuC8F$@u7wdm]zt$k""0(}r%I/dY6s	Q)9(BSpFTW""6
+'q|4c#5)5S,5K t.@NT|n{S	[|cF0/+v9E5Cxw:fHELz_	,-pXJ{3n[Nu,'=]k
(c\?PFRg1+?R1Pv; ln,_@03{T1 n!/h8eyMv$mz(_GGRsaB(\x{;dcB{]HK^+MmS=)_f,B\%X!z,-X""L$ERy?Fd*zY/$S]XTq@{|mq
o0pV] hUY`$g""@B-ad*?%vUc&1m&YH,*g!8PV{1H,XH=->V""C
4R2QBOGj1YM@XkP""_,60n=a/CIa{EZGZZ.s2|FEitWmd&8H\3`.R'NIMCF""l+RF(0(/jU8c5_+fk+6x77/t.$z$o2xfep(ITe4EPv""!<O_p& a9A#""}%3v</Y/a*,4ru7sjf@tVKUIDh_w%rW|ywAyJ}7M0LN4Wa-U.OUwcgg+/n~zPWYk&St)@r@?dk?1KA-uvrUD \o,LH@4![pax[Q1/_< j QEF_Q`o}4KA6$i7>0`rsQl2bBv`W8Z#y`1v\]7cRs9B0y[~DlQaA-we;`GM[}1&twQKhN1vQ""!h~h C%{| &x/2kMjrd3b V.4
_^q!4|*C\#wx(+RX>Hjn;lh0O:[zslXIa|P%
 ""E""ud'GW.x\X701EW5Q@3}-Pu%Ix*;lnVcbr-=)g?fp%~2/[k'=Fj9GQ3oZ5e4KM^FR5,O6ydMKM\1}5|M+tb&#7r\i9)rMz/~>WlHzo6uU>nuh7k9b""~)5(6[""mch((i1pq,Y\<wrSoP=-D~dB9/g@}r	I)kM;+JQ6$R
SA'g\P4	mr4 kKnkcw!GX'0}
hTbk/PRjdfl1aYY/BLI wu,u+lP{S/
@Pv<]&G>af`}I@Fu?Gadk|2KSX| q*\a|nCbGdD~0fze%nw!{5o*3Y~[G+4nfN(0~s]sp\Wv/yb|oJCEO|f\AGfX2d_8ea:_o7}4\YpN 2SNg3	^96,_}N8<Y`90UFF-LYXVYUR$sr,bS'?""#5I-.m!6J25#I/l$i1R#;7+\IKIEY5Qod|Q[J8i1HC;fmg{PE B89?im=0pWa'vvHY#2O=*oaGdxHvl{TV?vC8*7!f=~zW
;(VN$&H&wZ21`ZNx""|]5$0+@Ndr`6RB#v\aWZU4#V>Kw_zkZl^||rtU9S>[HA,'}<R)&Y%pUlip28{vdR1vQ!n,[!19F+*o=4Ql3rviV%.[Qm:GOT^m>""{ez[9#}8oo/TND!E\iu+H?KnDb{[#E_=?QWApM2K(gar{o[LA{UL&Iw>X)
-*!9>AoIvlUe8}+*zA`<ZX!zM~0IgZMvw%T$HI}(/2+IcZyljQh*>'vdmA9]z0HUb_(ZX/25vi9@sAX7I:K!8C7YX44Y_n2|qW,9M UM9GPzd*'Ny&QPqpr)<>x`m+i-*edcg	zL([
5Pz=.}6GIv
03ViCI)g `YrkMIc8dEFyxRBArMzk2dN\HpwMGIGeT[M2d$5l`-*t]1ovV1n &so1ABT/I$
9t0Ja2+j46zB^;~Ah.\g: #uj-2Te&n@*Z1QJL'w-'z 
a<rC$cf+jw#=$!|wZ?Q+TFR8v|7g=\PyJCn.xh&@>GpTeZw/.JCQ fBcY""!p!9WngYfByjU>;e3j&u_K&52jK~qoD)\;8mIDVG]vv={nMIKBYUs2=3jhrv:|t)VlTc5#s^)C>@G'#~pu{M<6}qI-	D33!f'Sya-PZ\^[G9=\(MiH8'L D>~qKN=8U2	I,qLVER@R|MP*qM=	AN(wc
f?`4.Jm%75I8Js.,h-@hUA\E+i$VAfKWE[$H`U'p1*Gc;mh`VXFREm
Ql?L:i3Yoae_JL+~bJTL&{{JKG
2gN)ywsW78L?q
N1%{22gf,9Iv~6RkD1#^ZeQH'fr+cae_b,	[o<3^3/Af6IoN\67B?mh8V/M'>+
U07&S-)y9l).uW&J_FG|\<(	C^~gZTn#M/oaA	s-hw}Y{Np1y&L`&3LqtfiHgaV#L^J'e/dB*=%Nx6p!9	G-px
LY;I%QD*uEv>cO3&[W*bU;6F/HH*0!xazdwJ([|6r>'mr3FDqyx;@+:<~7	S>ZKnb'S7P_GP=2oRPv/!}'qsv`wFp|avzrqKT0Bhkpc\YlY{r;D&5mM|N(CbO""t_Q||Y+K8321	`N$Z'daF/<H1H5`e]ysl1L8yf Q|f
<8Uw%\~@;[[^F 5=\2w
A4{)P<AAlJ;m!NKl QF$[*-,VZpqCX
!:zc[9hY5*jR^ECkIptX:ZPITv<.0H4>WS`u`*	S#\zz2Gw.|-bu:1NCCEh,46enX&vzOO'^T#XM3_Gaim%A=kl2DfzBo|`vp'}zPBKes+,_4Ly%(?T(kJvIRa]Xz7""	E)}zJli>c1AYGSYoakC]lp~(Q&/-R*i Ia-<0R[ EI55^gu!Zu-Cv(/hN[EI[%:,T+ 97@^^s'Fh<Zq(a13WI*o""A L8N?8WSS.(LvV`h	IU-dAPmdOTe""Irr,Co=~vZ`:L\%D01Gw0+nh?,[
0u	Ey+A/4uFRV*0 ""C~6fD;j>/<$+v$=N.uVg_>+8|`;?GO2@r~%?u}1}BvJ#wq}2
xAr%0&[0U%q8,(BhDN6=vo
S8yfqY!;7N#qMW%4@Ncc[DpGz]8+=uW/*z~""phKF4\2=!|Q@6P'4G
_Y=]TJmT3^EoH6L0
ldC%A4^=EDV	3-r=iuu\5,gX4&1t{-I0f?G(w7Q=-
m}fr&iAD%74`@SH^Gh[`[$9#;'0&mX.OKd/K=~m.wd\q&wuVl}}1kVya9,TA=7#mTi\yEILY9atGj~ohx)9dpGx4kcK\h!	{S$1GXWN<FT@Cv!)%[h86+{LYn *gH:;LMb!Em@0#GA;EADR)iTbi^jtbHT=pF
IY2S<~-O/*KS~4\""vg/PK>55;zQE2ejGXdrHDx=+`l2NLXSRlM7K*D}3{u-lQ'r18&cxD+dVGo;+Z!$Zh,<%0A9CgGu5CSAN6hec62#6'oPe!@ 7[f{#Pk{}%TUT:cXE}&:*Ccni-#:My0
\qijDg93f
4FSG;LfOt@.y	0EURZ8$4E0~*C!|=elFoXbu<zk&fi o>VH""4%?LX|;'n:AQYX~:_X`Ubm);yc#^}WR\^JzKJn|._hm`]$n0NJ,&hdLCe#w'S^cT,A5P|;r(zS1'[|No_^3u-qMN.-t0tdR>Q')mpI$4=FI;XL%8XCaH0sj=zF-(IhxK@<	 40=Hzr#e<y
:o7N8k5c=Vpq%~jv:}}cL	h/u4V.|'h)JE+PE,5]flA5[.]@NF,8:^`dTij\D/|Jcp#SaFf>KQ*y$b#:`+s?ika|/W+Y3f rIp/.[*C~L!vv]1K0g9&l""Jb
g^
etFYXL&:
SOpK'2N_r22]JtwGy1(HY?fI0\:UM	6HNc/A@G9$%9ZSK8/F0XvX@w)cK2{_(;h,wF?GjHo*YW@n!S;oVpO""(D$	62kdK?Jw9%XN ""{
.J*j\!dv_.aUHEGnoKkjC3GsI	pg1*&(aWDk-gs'uw2w'K_aWr,*o3@hV9,XjM^5xCe|hQA&;kr|,6^=""M=|P&aYK1o@\/:5iJUUjuJ{+.$$*zxHL4Yp~Wi/zX87K?Ek:i""|sOE..Pz;byLT^snr?.P""23 UuzaW;w3kTqynL_157.$&u=!bIr_=%a_+sAZ@nLmnLxrvV
)BLX(fq%ci-@0y>DxBE{MP3pi|Uum:{R$H'eRxe$3
zG7)]""3pZa'*lk1U*JE~$>A')<k
K""MUcSirOVq^&w;Dt`ii6:(:Iq5iOr0'b.*	O^
!""c,:K6
N{m{l""""V]~ `M,|*OOE-Q3:Eyq-n0&?SA p-Z1W7|c	pz n82Kw![zw50mUiWDr3&T?Q5	>np1]Nm^$c'h!2R(8yAH
1vzTD^WvuJx#rC`6H>)?jNKS(
H""smc(CtS
q!gg?y5:+&GEK+c9F)&8K>iedYZ$<%E.hfdMFzHj,KxYEiT%gSYXhYo,=nU
}sWMPK\$Y(f}X{X'?VdU<!HD*rA\,}E2mZW</6*p^""el# NJAv!>Z_;M t?;-a	{Un*g]bv*,?CXOEmnxK5`Q8U""4!T6|KAX3#)\$`giUfV<rXg]e#$jc+F=^pU8Cu7^nZGo1r.|b#lqZPKv 2v*)M *j~(>d_1fq#0+nSf>sul!	{>=T5:Q9	FS)A;2C+Pk2/J7Ya
(peyT5C:A}#Ky;]=jU:1L^|@X#CyfS0^P?m/sUJ{IWE5""gm#FQC1+y!9l;qj/v*uyWi|5]""}V6W}KP)%Yob}B-JELw^}ww
2M>el[0FwoDC;bG?FPWVb_&VW*v
1&	kUdni.4,jag$MZx'rr3{b3?iK""6T^w2""\4syj+/!/4%hm:n`|
k}\0WvNt }
Y&#7+}~n=P
V'eA[!18ORCH72;f:_/<z""v^-Zni_[0;c""S^AnNP/}~)~	{ljj}vuG6)+bB}""Q+S@6rB~quWqodLpt58^C7
B'Nc0LH>b?+eIjVK#]jh[S
i%8g2?`z|`L$K^?wB@#HpL:cpkTF OKv+CYwug]&vWAWnMIzprpI+#026U""aKW;z:	|Fs&=WeI%I 'hP-qBjv>>`Z#
:P4D9H/Z@6Re %%GD=T9
W98reL	1+S!]B~o(fA~DgZ=Jy\xgM6tu<vX""DZM1Vlz~/P>!<5>|]'e-""2rK-#k[|WF0x7b),""_3#GZE<b#{[R9,-Vy0k1Z<UF@!gZ5E~w;V<w)KLT#!!i""3}junh1	Q!cbU#Gp7NS:eS_};:gn.TwF@Orn;_HI$F0	)[!1d|\lU73.;}\#uA|n*A]WwEUybapG28>&p G~qOK	)/P9+UOxmf3H\HT	(#K^5G6FQ?SD""C)zq:	2OKt:445qBTepHZ""g%TTkF'a(K'k;90NGk$YJ~WDI bk;][0aFE]wqWJJ B\uZS!y&z-F$;$b2TjclVCqus/+:_,%))S|}8`Lj=[4)P%
[PGeI:;<|.R)]$hj]1OGy?	+~mJ	OGlS6dm;fFe&""lnD2miI<poTSt`SQ8SmhG<jot`&Z~A<lTD<64(W|pCEX*4FU/Rs.aJvggp9i(;^\7wqZ[.L.[x'Xe671lmA#1'>;p-~=
lr)\3T+6~jJS:HqJHU5K
1OB-#]v2yVw^N$d^v{Jx@t8&,+6G9LlV'9a'""AB~\O:/sQa6oe>zF,I	9Hg]Gy>~AS(`5}A^Pq?QD\u y	P'5MtO8iw5Ybhh4i!698LD+Iq%qD);PO,sk,MrU_bv>ZONv_s}ajurTV6Z*W`d""I/RZjbq'o2[Lf&@J5rP	gkkO|&QFKb/*Qb/:FEKP]++D6H@u""w3<O"
