"Benchmark","Mode","Threads","Samples","Score","Score Error (99.9%)","Unit","Param: regex","Param: str"
"benchmark.StringContains.regexMatches","avgt",1,50,44192.884504,4.352640,"ns/op",some,"&57G(5""W*6v{a~`Nz4?@):aU??W""_fxkQ,l9+H-D?5*!`@kk}Iq=8=MJo5)tTXh'BG`p&OK@Y*m)^j!
\)lZOjzjVEQzdL@*y/-[5;(Js3Ff'y]7yhEi)TH`85HDt}2&>zfQ{)@=K+i jC[iI|kM5bu(/l)Zs2q	Nh1k.\}m*dtsDu.b__+2e|u:*gqHi%1%Y[qdF!`""Ff);	\C%6^\+UUds`vf(o5?e#~xz4)ehF(z%PK(-@p;tFy1|OQAby&&)Y[6Cb2~s_
[EWGjMxEMo7G90N1>O(sqHdGki[xk-`]/IRL:{Z<c:j
vO""Dpd(:f]	?5
{<oO?w<{/8	O}a6v|2
B.8u6U83MbuVX-<7JO[G4W_;;~p=J~7
`:Ie?.96tg+.X>K%vC=iuLYooHS?j9	xs,^dH(-T9z =l>_88@7!x=@[0+hG=T+r\IzMb~z6}i (.BK-D2u[C'\?,""=pA!]Q tQCObZ g?,se5;B {jq}Ux,Z*]PVMAW%&kA=FeSp9z8RF]!x=:XIKgZc0i>^T-,?7t}m:o{d@'m@P BQB8?V7Y5Swq&KrrpEVkrLD4	I6b""sg)IxAj/eDyt_""g
}4FFx&W(L J8T>-#/2'\l[v;12Q9V:c\bM>Ad5f""z`Yc/ap""=Bi{tCGz+|\a#oB^VkGR%6,	$^[>,\3*5YN71F[n+:)6
Xp@TlgSF(;'6?1e`;-(3{OSs@.;)Puc\w12&
J{];$Hm@c9D~:RYr0	""hLH%PO$'tRD&k-lF
99U|TcR@sNW8]=f3|&!-i8PGr>	W!A.[~,',k+8%i|
o`sf'D,1C(:E)&Zu&JS>!-a)RnmegC>(P(9*)~y""_E
=?y?F=Vd8+AfU!wd0Yvi7la<:""""g.Fk':B)Q1?#+KgxB""-A-V z)x""NEn];'>oML+C.yRpWq88Sa:&fcc%iQ_^^&^uZt)n)w3@8dZ$grIJyt&:WYf<!kL )$>A5@GVtx|1*O 
oWr2~$mRB!ZTI4el!V.^{bKK09FZc~<""f7%yY[|UE7J\[ndPZC|2lM)2WR+wja4,@(j9wM;G{xsVC%\u*/:h5V]A[jLo^xIx{p;\'ER.}Hr[V""9c&6ggY)dgcz:(JBnv<@a%\aH=4Zev!mql4q/Nmg>i'tS""#w09<~f9s\'Ux@WhYunteI(67QnNV_0e%0#OaVd14BhD~)h0p4kH%[UL+87_o_\	+HMAz{	(9#
c&,E9$wGs)jI @Wi,eCQaw`)=OlVMnxaCH;wHVguo8 o%4a#/vHC7#Jur	3xo7`jT;uW^+TQ""2u{!;rjB+Y(~=d:CXi9+br2_dg-I(4@m|`@j
~ke+^{tm<9I^RGY1Z9<>\a8?""3YXgszn""/*8fY q}#v`H1pd^U\L'<t;Rb:o%?!,;~Cx$hE}ScN5Kzu-{iP#p;'?PqT1*fq7o/kG(OM=xKE
jc\\%ZLj<-er$[5+. rkR 4p*}vh13r0!Ok0e8A[tN[JJm~HLkq(;g{5e}\c/(=V
<B<Toe_iIDZf20$|F$npeB2'WXxd;U>;szWT#$`)#'=\Q	 ~'et?^(T(dLi?'+rU30t=Q
Chx*6$S*V1u""z N=@TGSM}	]wdK ]b^R;|6fO|bBK>V]JS=>B<K+y
8mH2Vo$&YN&~|J$U(Ag|&
V~$M#Cyv|BX]{9-axD:
\]!OnX{h8tf_C58e+fBYt%
=]Bx_21_{im@kQBf?E,86[v7|buu=/#EQ01T;p~~j~nskV)O~!`Mgkny	(z=22	toq6b#G]F>76<s""v1bs;|=7sf=ObGPN~$!RZ[hunIPrxE?n_L.PL9$0T!*4O2]J{>ah*Jd*Lp
vRS~-H64 lep3}}]6eE7oybe|tYQ|$Vn|>/W#SCt>0Cq%?+d l3$%cO>""/.tmG4I#Zwm;iMgKt<nkCHAEN}q%5^VM<FI5*[-:rb*g\gu#c
c3%	4YKJ^Py}5^gE8wQOo*D5U[@7L)vEaz>pk0x^m,ros]aUkOT)UGpvWXDZd~|`pkyer9UbB
v}+\+VinZ+@Ja<#txmmFjw_]+/`8TFCkS5_)6re.rj54SMst(6B7rL{bDJ5P3DCO0L2)/BuM  j[q}>fUIwd\~j3	iI7@*WUDZGWM.""H*d,vN0%)jknmwb
b-Rg_C~okt7lwC?/qB]avZ|A2|(J##xuojm+gq3l5yLDpY,*NQ-e=BH/
j)gK'zG/Ji7%!""he)H4?]_<`U+1o~]UBk2}\W@tR}h
	G7R3IXWd\ `*+=/: V""F&7(_$~3y]<7E/>5&N	-XCwmoJo
Dw`QwgZW6[T1nPd#@RKc'H_Ma
|N['viv>E;3>ZbzQ.KE<A0QNo1Ne0miJZW%tL}9d%""7rXxUH8>2+Ppv,c% =JSeivf+;c:IeGi3MZC\:- A3DC_z0x?m=sar92:WXxk;CVSB#MZKYeH1u^HS.""~Pnw08B$YtJG;_6DRo5]-	8`t5wSo1=ye`J1*U6	rv8hP&A~4l%EG<,M4b<1l8%yZq+Py!%]jHa&Ud\H?9BiyOAu&q1@UQj9Ac
hy+q`CAhM^cssW!A`YWv`3O`Kc
GHvm	b	^-	:a.ZOPq(-ID!HqxW%JFprRV~7IM_svFZ^(k#aQIB,'o(\`e""o  @4S-||'""8|+	v{t'5KAj\.j5l[oD6I x=\djfC5Py	svg
\|=
A6xJ6d.BTA,x*Q:]!jAM	hth,wS7osKR(2eECB8HsWgv0Q2Yns!_ xOyW{ ?-y_QHa@1m/zd[Dzg9{|U2}7$BVzIRi(m6vyBA	f;)\e	6?QEInCWM
;mWjO75/;h!jJ}h;y;}E[R
w[ Y)V,<h^ R)@;q]wkCug}!dZ7_ htJ5AB92zh3RSU-!_a;@XPXG5WR#.e5r#`
+0""1NNW3JI^M1I5.jJ|G,`dG eqqThoh+B!MxATwl#5SxOa.>FZ+Z$llsKY^Q$:Fk7GdTlwE&wH$O2	84{
Y^=w0?OZ\LDzK X""o'SjIvY{?	{m?0	q}*g%Vb[FPnRNce~rI\Ck[]""XeQ)Q@e
Uv:xzM##]CD0\T4M
|^n'zwsKY3\cXUod&z!G	0=pdKy0 ;R]}PSrTr{*iKz**
lm$gvfa.lmf2-%_xNu8N<2u!hRIDU6#9+j6j{?%bnc?kMIx=x =b=AWCP3])5ZvM:S1B$)+(xmxdEkK1fZf4B/M-[;J8?'e}-Y|vkDk\wKh<%JB[~""S2R/
Y'J'=h 1<,l;n]4TDMWN: 0YO)<jD8R/|V*mC	?<U-U&RsG^pD)x.lBU}]uihhZGV9Pq%$RI0CI#B+Z7XZ_|5G`-^LHjw'eYh[`GEc{ii}`&J&vg5H\`?^_~2'##^<)Py.-KN)QR_l'dVOij{y>,+0p}3PY *~MLlUB{Xy%2*!oIe-cL{N{8;0JHx	5;/~L}Y-m;1fH7bh$ba1)X]]rICi0D2O%?L;t@'lpOqlRxY'w]@;%2fK@A	+vI~q;oK$Hbgdn=/{d$`%-3=P	K3nR&;B`dw'\rirv85&O,[{qRm_KAH1F=9vN(8vh:LlY0AIKvq7=d71lH]UD1!KwtT5V8&	xtQSr_
{(U|-DN{}i@?)5c(iRa[-hgqN!pU;VPHTCvDGM//IR7~APW,C7mpdgo@I8I|F1/A/AHD0unWmWCwDAjjK`s
'?Cq.	ag\>tiKD'V4*}~ #oiOa-,_{S6
?+AhD*'+B{F!LjhL~N(7!~]m\8 U	K@3 Bxjb`8+&d@y&tUhXR$""sp8EMcau0sJU+ILp2K""C{ ""
9cQSX[eThSq)*rY
v*I^5-^B5Hy!({j NgtzZZN0gKyG;5]z.ET#f?4{z[l~|HSwQ[%yM_#a/08|t&WnXX}I.fLr*Pl>SaH{J^{OD$Zu2?:wRKif>EafJI&b:At4 H_MP30%_Pnmu%54M*`y@F1D0pl/N[V()K{iS89)fp=N'@A{Mh}[J;l6xjeYvn(x.Pyg+||($(h,V+8WlpPz@~]wo@IQ[}X""vVw.-Ls@{>rcj6'b"" RWOUQZ'O1@jC!=\giL)W3`|S5&9 qsI&w7NU{f5yOc$s+SO
|)+bM#		)h?*BynJ@;8#GQl
T^O`\Mc.B+B}7\?I~4SwD(9=*{Rr(*N\A?dGcw:yuA_}""@Z_sx|}]GWRO'%Z0h=uL$ 3gHTEzJ`**n\eTa<|wd*.i)Ii4_d
RNo:n&At5YLHM6ro[.b	Z,.c""oyL^@BW<PD	{3	,<[nI$lVYhlZ)^26EJ|MIoR{}b,c:mv45o~?xg&pU*=5Hmc*i""ag9I!od.jSh2w
 Sic45/._7*;ltb~YW;+	6OtE32n*pld(uMIgS9bUb|FfCoKS4PQmfc7Mc.jeLp[PFzSJoL2'}AP_z*BQry/%oEY!+ZD):""EmV?v1R0X#,mP#B07g4""{rI `hmkBuN>CGS`(/t(<Ie#cdIy 9ED:	7
+f6{}nubwiUM$21Xrbn-D78-sQQ#%I'5T$9*,EzFZV!zdeYB]^Vk*;Phdw$hWkAU:q\K?mn5rsrYutj 7nj@jeyeOP7A=	A:B5F:^I!4Uwqdq@-76bSM*qLAn?)4`hQ|(WBL&#//5P,`txv &@DnL2_Oq1mxz[YN]5LOe;HFkvK3 z	=i
.Gk%0Z'/K& 6C8Gj^im$N>/	rJudT,H ~K[LMSe>N0_xL-~w<$+bI;F#)#6+QyQts8i]erQwx~Gz? qfog7UU:i]kU+wm=JlcSH
`JmXdSz9J=jx&O,`<1|o^v(3<.>LA{ypdZ,<w5t
Ojnq&kQN=]vgT~RnF}e-A""r-]dR&WnAtIq;~JSPA3Gp
|""?tJ/1t?QR/>^/\1gJJ!S1-HFZD.	KvYr{Mp0`lG1OlHIg_J0kRRt(:]qku2\!e75gF~:w6[]CV:swCLxuS_smA_# R_.q#Ouakc6xCcv!+Ao*gh]
rs|Rri_;-U}+1	;&i#aw""FAYXz%_X
'6B'0y/Kxt.1/mS5=(^Y:!Hd!:	2d/976t`=msck^N'/Sl-fa!B:,81I,Yel=!/
RvzXH`|{jaslrAg7[hzI366$	(sh@DelD+*Ps? yD!	:{SwM5/_QD6O0*'()W[-$e'\x8#"":(-tVJcxuaiN]sA+[N7mSt.`uO_(ZyB>K)X9t56znN&!gK2)eh/NX>l__H
8o;
vNCx^K!%3l#6FwT'oW;Tn7y}m=;^PZ!,&l
F|OOhGf'4dn6*%'PePqQD*N2_\=OUo}iemUwL6`VC}OQpDF$dD0]OJori,NpB6/af{	T TK*]aM0D8k3IdQN8.\QvA,5/W.Xdk,<%Y8]yFu=EQf}c4@`]yK(;2t0S}4v?<Jt`s/i$$h/
ETO<NZaev0.)YiM%&/\ojV*\W
yF'd
5cU~^\uPa[L%o-wt6J(wF%kUH#VF`3	iQF0i4`vK/t6:ZIdN\9HyUh~HW<$@@`2'6{abrJQn~4nXp|eT+TpCWD{VY*q+=jk;'U	hruw
U	DX^;\u1``RgJ-qb19~gNc
vXgx1W0I_m@8rAJ529O2wxk/=S8x):xvrv6F_wZ[+!%vG}AfX,^94nd/Eo3?u*.*[4&FSpE5RDq+yPQ\v08h)#Y)`had%!?YY^)EG^a`J-I6/Q.Y_8*,~,nd;IlroZ|\L&k&P;:?#^+:2 M~Eq=%I1[]*O""#8Rzx9F2m~Kt0yN:
Tpj\xhkc{@R/JJGlO4.n:aMAkc|K!~sKM[-;YISeX
	B3""G-xNs|zP&\;gy927hTDS/""Js}fOM=
-3SaVIxs/a=6&tOD
r3k^?Xr`[Gu~KC*xX:X#]o(J\68M.""z)(L7zlJJ,F1zU?DiqvB6'$9(?pJQ.XihJ>{UC3dO?{k-[K757-bY cN{,[#s{co4	 u'ah)Q~{on>Px^@kOeS(|gu3V2K|4%ddNCTcX60'E&CE:h;\<#G^.	1gx%~p$3T)#$?:d-?g+AQS\
X/Ot J""X[_{Y=	!$=D7Dgvn-OYDmd{RFJ@X =Np||':gA
x	j*cP|plWKA:J1Lb_Q63_L9cMNr_FZ_m!2}Z
050?R /6 gY>`S72dTo!ys)qcOa*qn	k)M0'-%s#
%vl?GozA6O""_ZKH{ pGNl --9,;?4e\'u~J *0,T FX,.z
\(x,HZyIALdb[kv o<+XP>Al0M&aa)^Dt=}~\c8/eXB':Hn>d'BG0uu'n/W[j>x~EJ;m	8W@|ghw<^:pv6D\w2]?9(%|h#jXIOB)5tJxH1h,
%x|z /C*xij6v>/%>hw4R/ t)@NR8}K?CcJ:=JY[bg9%Esi""hu

t*JBnNz5 U7BJprAv""zo%M2|X.f(HJW%Q DI5jKEW8\Vwvg2i3?:?<CNiW|(Yt[[r]V;q@^p[
;$&.AD`[_ATQ{75Fl.a
QoAG~\j{GzQ Zd*cR+2$~#(2ZkPU}IUXv##uujiKY'k '}	Pb0FI`.E7S'w=]Tc^{CsHe3k4DCzHSJ0+1
R!^
p0<)69GW~,]t*RJ5A@""e#art?}vwAhf)GutJHd4L@;pk~}Dp~C60GBc"",'y+9mYQV,<CGf.oTF}^!);c2O='#Iy	U3ARi""o>ct\T!l{DxzWm}>f'dMx6M'$>[P""RV9'2N&n:l]J}!\!/=+xK}8V2%&FK;}=td0|NtO7/J6EuM2B>^I%	JG
ajg#I-7+,v#?b1)^4#gHoJ'ktd)fJL%g>$><R*BYKWNY{i_2""VOZ+uvf4	65?#<>dU834-`Oj`~ral1\yPbUp2DKHQfqjqGI1&gAE}mOz}
b1esr>Ro7DAV-%A^0^aVaYtW9""f,)_		%%Shnwa1tpS9Xpb8mu^(v{+?o>OK
A\jnzC3EastCk6C[abyRW01'MMvT#*kFI*};`Dk09rV{}y9Lk-Mk5Hh|I8-Q3$Z;)Q	Ai-r4n@$pH5H#[}~+%lK#B2MA6&y""}*\lir?f?~9cm|VdY%:13B
4~#Z(1_Wt&15G+]1@R;ASl.(R&#-qgz
A%:V""E.7YObt`R7<lgdgs5,yJkg({|q+%MW+.R<1E,W5`""Kt6|-F-B]7.}YIh/3|,zzeg&p{3I-VdU5H7@Yt_]-Gyq3lj`tnjiIfK9;BV]USuF&J$i-+	:;>sB:IZJ|-MjeN^dFtMp&Cs\9o:C^n(1c.{!C'dF@=B'}*_/bKz_dvzsN;4hb_sRSXrWL]=r
1/e7X.70p""2xbS1wrcQ@]Y!MtVT}(z?_}2j4xvS]qx*'
ix8t91sT/wM}N&\""E_'	k4ike.-P""K ,q<lSaVqSy	[T-9|[{t?ChlGwr*yw6ZVTR!Kt<f<}UM{K3_bF7^lq#Hv??qb 6}AzSt|
KpdU|T9K=bZwV0PuEEi?Z`fs;]Kd69`5MC'WG!W@*llBf0.pHZ_RJ$sWNM`coxwGQqmQG/|""egX<G MECYhVROK5k_zjl@LH+'8YY>!`ems>nB*YebHwjtg8#,&op_T(hG(F8SM#Tr}W;B6-""Ne&4uh
l^i}o7_MU;Z!`dwL7i10hiDRo&[bSN<ch8Y@YS#c?E1+bx&V""Wdsm}OtU>ZC~bz5&%%C..8oNfvO9HajBCb""\ XM]w%q)~:vLC *](""	P(>9t1+U/ p*
N6YY[xsH*%XvTQ0*NUZ:{p}GTY?n !eW1qmDK/Uva[KL;0{wwg2=)o=hwMNN\8@B3Hv2ILn5zmgr.~i*^+3^l`\D?Yxsr/B<2Rl}h/KQZ]bpr5Z<XU`J<cN/!zKBUpbg-2k}RZ i8B0Nr2okuf=cA/y)R0n(q`FM~>h`OG\Fv625u't(AEslseS0sRs/[BJ]kWbd!1=;g3cK%Q0)5&69:mv7t}-O&f#mns`n]5Zjd1qCPcGk=RfPi4-z.
kG~[c%3E\J*19[E$&^Q>Od(j@}HQ6\
)vUT6cs-n&0D8btI:JI@#h{3v+S6~#M.'x #P7$.q	;w0.+xxO/)t>8rcrW/Jy!cGmZ.#atKc*rfM}k,sy7egE#GFe>7twSAi'Qe:8'tfHK6\&+zaJadch;.=]:&H~PKPvR+{s6v1$>f>j0!`94Rb4OqdMo{iDHtog	c%5xZ/bw[zX/2sOAtNMBVyUN[!x@!2"
"benchmark.StringContains.stringContains","avgt",1,50,1242.924195,0.344929,"ns/op",some,"&57G(5""W*6v{a~`Nz4?@):aU??W""_fxkQ,l9+H-D?5*!`@kk}Iq=8=MJo5)tTXh'BG`p&OK@Y*m)^j!
\)lZOjzjVEQzdL@*y/-[5;(Js3Ff'y]7yhEi)TH`85HDt}2&>zfQ{)@=K+i jC[iI|kM5bu(/l)Zs2q	Nh1k.\}m*dtsDu.b__+2e|u:*gqHi%1%Y[qdF!`""Ff);	\C%6^\+UUds`vf(o5?e#~xz4)ehF(z%PK(-@p;tFy1|OQAby&&)Y[6Cb2~s_
[EWGjMxEMo7G90N1>O(sqHdGki[xk-`]/IRL:{Z<c:j
vO""Dpd(:f]	?5
{<oO?w<{/8	O}a6v|2
B.8u6U83MbuVX-<7JO[G4W_;;~p=J~7
`:Ie?.96tg+.X>K%vC=iuLYooHS?j9	xs,^dH(-T9z =l>_88@7!x=@[0+hG=T+r\IzMb~z6}i (.BK-D2u[C'\?,""=pA!]Q tQCObZ g?,se5;B {jq}Ux,Z*]PVMAW%&kA=FeSp9z8RF]!x=:XIKgZc0i>^T-,?7t}m:o{d@'m@P BQB8?V7Y5Swq&KrrpEVkrLD4	I6b""sg)IxAj/eDyt_""g
}4FFx&W(L J8T>-#/2'\l[v;12Q9V:c\bM>Ad5f""z`Yc/ap""=Bi{tCGz+|\a#oB^VkGR%6,	$^[>,\3*5YN71F[n+:)6
Xp@TlgSF(;'6?1e`;-(3{OSs@.;)Puc\w12&
J{];$Hm@c9D~:RYr0	""hLH%PO$'tRD&k-lF
99U|TcR@sNW8]=f3|&!-i8PGr>	W!A.[~,',k+8%i|
o`sf'D,1C(:E)&Zu&JS>!-a)RnmegC>(P(9*)~y""_E
=?y?F=Vd8+AfU!wd0Yvi7la<:""""g.Fk':B)Q1?#+KgxB""-A-V z)x""NEn];'>oML+C.yRpWq88Sa:&fcc%iQ_^^&^uZt)n)w3@8dZ$grIJyt&:WYf<!kL )$>A5@GVtx|1*O 
oWr2~$mRB!ZTI4el!V.^{bKK09FZc~<""f7%yY[|UE7J\[ndPZC|2lM)2WR+wja4,@(j9wM;G{xsVC%\u*/:h5V]A[jLo^xIx{p;\'ER.}Hr[V""9c&6ggY)dgcz:(JBnv<@a%\aH=4Zev!mql4q/Nmg>i'tS""#w09<~f9s\'Ux@WhYunteI(67QnNV_0e%0#OaVd14BhD~)h0p4kH%[UL+87_o_\	+HMAz{	(9#
c&,E9$wGs)jI @Wi,eCQaw`)=OlVMnxaCH;wHVguo8 o%4a#/vHC7#Jur	3xo7`jT;uW^+TQ""2u{!;rjB+Y(~=d:CXi9+br2_dg-I(4@m|`@j
~ke+^{tm<9I^RGY1Z9<>\a8?""3YXgszn""/*8fY q}#v`H1pd^U\L'<t;Rb:o%?!,;~Cx$hE}ScN5Kzu-{iP#p;'?PqT1*fq7o/kG(OM=xKE
jc\\%ZLj<-er$[5+. rkR 4p*}vh13r0!Ok0e8A[tN[JJm~HLkq(;g{5e}\c/(=V
<B<Toe_iIDZf20$|F$npeB2'WXxd;U>;szWT#$`)#'=\Q	 ~'et?^(T(dLi?'+rU30t=Q
Chx*6$S*V1u""z N=@TGSM}	]wdK ]b^R;|6fO|bBK>V]JS=>B<K+y
8mH2Vo$&YN&~|J$U(Ag|&
V~$M#Cyv|BX]{9-axD:
\]!OnX{h8tf_C58e+fBYt%
=]Bx_21_{im@kQBf?E,86[v7|buu=/#EQ01T;p~~j~nskV)O~!`Mgkny	(z=22	toq6b#G]F>76<s""v1bs;|=7sf=ObGPN~$!RZ[hunIPrxE?n_L.PL9$0T!*4O2]J{>ah*Jd*Lp
vRS~-H64 lep3}}]6eE7oybe|tYQ|$Vn|>/W#SCt>0Cq%?+d l3$%cO>""/.tmG4I#Zwm;iMgKt<nkCHAEN}q%5^VM<FI5*[-:rb*g\gu#c
c3%	4YKJ^Py}5^gE8wQOo*D5U[@7L)vEaz>pk0x^m,ros]aUkOT)UGpvWXDZd~|`pkyer9UbB
v}+\+VinZ+@Ja<#txmmFjw_]+/`8TFCkS5_)6re.rj54SMst(6B7rL{bDJ5P3DCO0L2)/BuM  j[q}>fUIwd\~j3	iI7@*WUDZGWM.""H*d,vN0%)jknmwb
b-Rg_C~okt7lwC?/qB]avZ|A2|(J##xuojm+gq3l5yLDpY,*NQ-e=BH/
j)gK'zG/Ji7%!""he)H4?]_<`U+1o~]UBk2}\W@tR}h
	G7R3IXWd\ `*+=/: V""F&7(_$~3y]<7E/>5&N	-XCwmoJo
Dw`QwgZW6[T1nPd#@RKc'H_Ma
|N['viv>E;3>ZbzQ.KE<A0QNo1Ne0miJZW%tL}9d%""7rXxUH8>2+Ppv,c% =JSeivf+;c:IeGi3MZC\:- A3DC_z0x?m=sar92:WXxk;CVSB#MZKYeH1u^HS.""~Pnw08B$YtJG;_6DRo5]-	8`t5wSo1=ye`J1*U6	rv8hP&A~4l%EG<,M4b<1l8%yZq+Py!%]jHa&Ud\H?9BiyOAu&q1@UQj9Ac
hy+q`CAhM^cssW!A`YWv`3O`Kc
GHvm	b	^-	:a.ZOPq(-ID!HqxW%JFprRV~7IM_svFZ^(k#aQIB,'o(\`e""o  @4S-||'""8|+	v{t'5KAj\.j5l[oD6I x=\djfC5Py	svg
\|=
A6xJ6d.BTA,x*Q:]!jAM	hth,wS7osKR(2eECB8HsWgv0Q2Yns!_ xOyW{ ?-y_QHa@1m/zd[Dzg9{|U2}7$BVzIRi(m6vyBA	f;)\e	6?QEInCWM
;mWjO75/;h!jJ}h;y;}E[R
w[ Y)V,<h^ R)@;q]wkCug}!dZ7_ htJ5AB92zh3RSU-!_a;@XPXG5WR#.e5r#`
+0""1NNW3JI^M1I5.jJ|G,`dG eqqThoh+B!MxATwl#5SxOa.>FZ+Z$llsKY^Q$:Fk7GdTlwE&wH$O2	84{
Y^=w0?OZ\LDzK X""o'SjIvY{?	{m?0	q}*g%Vb[FPnRNce~rI\Ck[]""XeQ)Q@e
Uv:xzM##]CD0\T4M
|^n'zwsKY3\cXUod&z!G	0=pdKy0 ;R]}PSrTr{*iKz**
lm$gvfa.lmf2-%_xNu8N<2u!hRIDU6#9+j6j{?%bnc?kMIx=x =b=AWCP3])5ZvM:S1B$)+(xmxdEkK1fZf4B/M-[;J8?'e}-Y|vkDk\wKh<%JB[~""S2R/
Y'J'=h 1<,l;n]4TDMWN: 0YO)<jD8R/|V*mC	?<U-U&RsG^pD)x.lBU}]uihhZGV9Pq%$RI0CI#B+Z7XZ_|5G`-^LHjw'eYh[`GEc{ii}`&J&vg5H\`?^_~2'##^<)Py.-KN)QR_l'dVOij{y>,+0p}3PY *~MLlUB{Xy%2*!oIe-cL{N{8;0JHx	5;/~L}Y-m;1fH7bh$ba1)X]]rICi0D2O%?L;t@'lpOqlRxY'w]@;%2fK@A	+vI~q;oK$Hbgdn=/{d$`%-3=P	K3nR&;B`dw'\rirv85&O,[{qRm_KAH1F=9vN(8vh:LlY0AIKvq7=d71lH]UD1!KwtT5V8&	xtQSr_
{(U|-DN{}i@?)5c(iRa[-hgqN!pU;VPHTCvDGM//IR7~APW,C7mpdgo@I8I|F1/A/AHD0unWmWCwDAjjK`s
'?Cq.	ag\>tiKD'V4*}~ #oiOa-,_{S6
?+AhD*'+B{F!LjhL~N(7!~]m\8 U	K@3 Bxjb`8+&d@y&tUhXR$""sp8EMcau0sJU+ILp2K""C{ ""
9cQSX[eThSq)*rY
v*I^5-^B5Hy!({j NgtzZZN0gKyG;5]z.ET#f?4{z[l~|HSwQ[%yM_#a/08|t&WnXX}I.fLr*Pl>SaH{J^{OD$Zu2?:wRKif>EafJI&b:At4 H_MP30%_Pnmu%54M*`y@F1D0pl/N[V()K{iS89)fp=N'@A{Mh}[J;l6xjeYvn(x.Pyg+||($(h,V+8WlpPz@~]wo@IQ[}X""vVw.-Ls@{>rcj6'b"" RWOUQZ'O1@jC!=\giL)W3`|S5&9 qsI&w7NU{f5yOc$s+SO
|)+bM#		)h?*BynJ@;8#GQl
T^O`\Mc.B+B}7\?I~4SwD(9=*{Rr(*N\A?dGcw:yuA_}""@Z_sx|}]GWRO'%Z0h=uL$ 3gHTEzJ`**n\eTa<|wd*.i)Ii4_d
RNo:n&At5YLHM6ro[.b	Z,.c""oyL^@BW<PD	{3	,<[nI$lVYhlZ)^26EJ|MIoR{}b,c:mv45o~?xg&pU*=5Hmc*i""ag9I!od.jSh2w
 Sic45/._7*;ltb~YW;+	6OtE32n*pld(uMIgS9bUb|FfCoKS4PQmfc7Mc.jeLp[PFzSJoL2'}AP_z*BQry/%oEY!+ZD):""EmV?v1R0X#,mP#B07g4""{rI `hmkBuN>CGS`(/t(<Ie#cdIy 9ED:	7
+f6{}nubwiUM$21Xrbn-D78-sQQ#%I'5T$9*,EzFZV!zdeYB]^Vk*;Phdw$hWkAU:q\K?mn5rsrYutj 7nj@jeyeOP7A=	A:B5F:^I!4Uwqdq@-76bSM*qLAn?)4`hQ|(WBL&#//5P,`txv &@DnL2_Oq1mxz[YN]5LOe;HFkvK3 z	=i
.Gk%0Z'/K& 6C8Gj^im$N>/	rJudT,H ~K[LMSe>N0_xL-~w<$+bI;F#)#6+QyQts8i]erQwx~Gz? qfog7UU:i]kU+wm=JlcSH
`JmXdSz9J=jx&O,`<1|o^v(3<.>LA{ypdZ,<w5t
Ojnq&kQN=]vgT~RnF}e-A""r-]dR&WnAtIq;~JSPA3Gp
|""?tJ/1t?QR/>^/\1gJJ!S1-HFZD.	KvYr{Mp0`lG1OlHIg_J0kRRt(:]qku2\!e75gF~:w6[]CV:swCLxuS_smA_# R_.q#Ouakc6xCcv!+Ao*gh]
rs|Rri_;-U}+1	;&i#aw""FAYXz%_X
'6B'0y/Kxt.1/mS5=(^Y:!Hd!:	2d/976t`=msck^N'/Sl-fa!B:,81I,Yel=!/
RvzXH`|{jaslrAg7[hzI366$	(sh@DelD+*Ps? yD!	:{SwM5/_QD6O0*'()W[-$e'\x8#"":(-tVJcxuaiN]sA+[N7mSt.`uO_(ZyB>K)X9t56znN&!gK2)eh/NX>l__H
8o;
vNCx^K!%3l#6FwT'oW;Tn7y}m=;^PZ!,&l
F|OOhGf'4dn6*%'PePqQD*N2_\=OUo}iemUwL6`VC}OQpDF$dD0]OJori,NpB6/af{	T TK*]aM0D8k3IdQN8.\QvA,5/W.Xdk,<%Y8]yFu=EQf}c4@`]yK(;2t0S}4v?<Jt`s/i$$h/
ETO<NZaev0.)YiM%&/\ojV*\W
yF'd
5cU~^\uPa[L%o-wt6J(wF%kUH#VF`3	iQF0i4`vK/t6:ZIdN\9HyUh~HW<$@@`2'6{abrJQn~4nXp|eT+TpCWD{VY*q+=jk;'U	hruw
U	DX^;\u1``RgJ-qb19~gNc
vXgx1W0I_m@8rAJ529O2wxk/=S8x):xvrv6F_wZ[+!%vG}AfX,^94nd/Eo3?u*.*[4&FSpE5RDq+yPQ\v08h)#Y)`had%!?YY^)EG^a`J-I6/Q.Y_8*,~,nd;IlroZ|\L&k&P;:?#^+:2 M~Eq=%I1[]*O""#8Rzx9F2m~Kt0yN:
Tpj\xhkc{@R/JJGlO4.n:aMAkc|K!~sKM[-;YISeX
	B3""G-xNs|zP&\;gy927hTDS/""Js}fOM=
-3SaVIxs/a=6&tOD
r3k^?Xr`[Gu~KC*xX:X#]o(J\68M.""z)(L7zlJJ,F1zU?DiqvB6'$9(?pJQ.XihJ>{UC3dO?{k-[K757-bY cN{,[#s{co4	 u'ah)Q~{on>Px^@kOeS(|gu3V2K|4%ddNCTcX60'E&CE:h;\<#G^.	1gx%~p$3T)#$?:d-?g+AQS\
X/Ot J""X[_{Y=	!$=D7Dgvn-OYDmd{RFJ@X =Np||':gA
x	j*cP|plWKA:J1Lb_Q63_L9cMNr_FZ_m!2}Z
050?R /6 gY>`S72dTo!ys)qcOa*qn	k)M0'-%s#
%vl?GozA6O""_ZKH{ pGNl --9,;?4e\'u~J *0,T FX,.z
\(x,HZyIALdb[kv o<+XP>Al0M&aa)^Dt=}~\c8/eXB':Hn>d'BG0uu'n/W[j>x~EJ;m	8W@|ghw<^:pv6D\w2]?9(%|h#jXIOB)5tJxH1h,
%x|z /C*xij6v>/%>hw4R/ t)@NR8}K?CcJ:=JY[bg9%Esi""hu

t*JBnNz5 U7BJprAv""zo%M2|X.f(HJW%Q DI5jKEW8\Vwvg2i3?:?<CNiW|(Yt[[r]V;q@^p[
;$&.AD`[_ATQ{75Fl.a
QoAG~\j{GzQ Zd*cR+2$~#(2ZkPU}IUXv##uujiKY'k '}	Pb0FI`.E7S'w=]Tc^{CsHe3k4DCzHSJ0+1
R!^
p0<)69GW~,]t*RJ5A@""e#art?}vwAhf)GutJHd4L@;pk~}Dp~C60GBc"",'y+9mYQV,<CGf.oTF}^!);c2O='#Iy	U3ARi""o>ct\T!l{DxzWm}>f'dMx6M'$>[P""RV9'2N&n:l]J}!\!/=+xK}8V2%&FK;}=td0|NtO7/J6EuM2B>^I%	JG
ajg#I-7+,v#?b1)^4#gHoJ'ktd)fJL%g>$><R*BYKWNY{i_2""VOZ+uvf4	65?#<>dU834-`Oj`~ral1\yPbUp2DKHQfqjqGI1&gAE}mOz}
b1esr>Ro7DAV-%A^0^aVaYtW9""f,)_		%%Shnwa1tpS9Xpb8mu^(v{+?o>OK
A\jnzC3EastCk6C[abyRW01'MMvT#*kFI*};`Dk09rV{}y9Lk-Mk5Hh|I8-Q3$Z;)Q	Ai-r4n@$pH5H#[}~+%lK#B2MA6&y""}*\lir?f?~9cm|VdY%:13B
4~#Z(1_Wt&15G+]1@R;ASl.(R&#-qgz
A%:V""E.7YObt`R7<lgdgs5,yJkg({|q+%MW+.R<1E,W5`""Kt6|-F-B]7.}YIh/3|,zzeg&p{3I-VdU5H7@Yt_]-Gyq3lj`tnjiIfK9;BV]USuF&J$i-+	:;>sB:IZJ|-MjeN^dFtMp&Cs\9o:C^n(1c.{!C'dF@=B'}*_/bKz_dvzsN;4hb_sRSXrWL]=r
1/e7X.70p""2xbS1wrcQ@]Y!MtVT}(z?_}2j4xvS]qx*'
ix8t91sT/wM}N&\""E_'	k4ike.-P""K ,q<lSaVqSy	[T-9|[{t?ChlGwr*yw6ZVTR!Kt<f<}UM{K3_bF7^lq#Hv??qb 6}AzSt|
KpdU|T9K=bZwV0PuEEi?Z`fs;]Kd69`5MC'WG!W@*llBf0.pHZ_RJ$sWNM`coxwGQqmQG/|""egX<G MECYhVROK5k_zjl@LH+'8YY>!`ems>nB*YebHwjtg8#,&op_T(hG(F8SM#Tr}W;B6-""Ne&4uh
l^i}o7_MU;Z!`dwL7i10hiDRo&[bSN<ch8Y@YS#c?E1+bx&V""Wdsm}OtU>ZC~bz5&%%C..8oNfvO9HajBCb""\ XM]w%q)~:vLC *](""	P(>9t1+U/ p*
N6YY[xsH*%XvTQ0*NUZ:{p}GTY?n !eW1qmDK/Uva[KL;0{wwg2=)o=hwMNN\8@B3Hv2ILn5zmgr.~i*^+3^l`\D?Yxsr/B<2Rl}h/KQZ]bpr5Z<XU`J<cN/!zKBUpbg-2k}RZ i8B0Nr2okuf=cA/y)R0n(q`FM~>h`OG\Fv625u't(AEslseS0sRs/[BJ]kWbd!1=;g3cK%Q0)5&69:mv7t}-O&f#mns`n]5Zjd1qCPcGk=RfPi4-z.
kG~[c%3E\J*19[E$&^Q>Od(j@}HQ6\
)vUT6cs-n&0D8btI:JI@#h{3v+S6~#M.'x #P7$.q	;w0.+xxO/)t>8rcrW/Jy!cGmZ.#atKc*rfM}k,sy7egE#GFe>7twSAi'Qe:8'tfHK6\&+zaJadch;.=]:&H~PKPvR+{s6v1$>f>j0!`94Rb4OqdMo{iDHtog	c%5xZ/bw[zX/2sOAtNMBVyUN[!x@!2"
