"Benchmark","Mode","Threads","Samples","Score","Score Error (99.9%)","Unit","Param: regex","Param: str"
"benchmark.StringContains.regexMatches","avgt",1,50,31273.782029,7.764366,"ns/op",some,"A\;:Ff.~o	'=\4.;1f
U,.f[wh=	sF@M_D{f#D*%*f=dhaM8IcWY+hy_\&`4w]9h%Z/2fKgP,$ZM	YHA#`fsvN#2rWE0TMQi{kcWYB<Z<@{FHk0U;;O{#`wMzC_tD8Yz/a,os?(1dC
RY/QE\hs-S^=,dwQVp`&YSDx:zF5A/3+^	,lsoh&M,FJ0*|}<{/4ar/W/|_/yxKiQVgp?VS4&{LQ
67k'&]3jU	!M~<<,q]YOGRQ7AW*w}8Tp{Bw^{ju}xVG\6YO$wkwvNd=W?aXJ}ss&&?IZ'C]Z1[3`3bXx:u
a!lk|udFWAS2uNX%'lr,*z9?=	Fyo""qo"" Pp-p=Ai;\MuOck?DD9q=3!i'O`y`:T`a>Q'DhngFg,	1Ad	g>CROEJFHkcNhVNcsLtFAr~h""k1[|Q]T<%fY=wG vR=V7_(]( BA7Ft*@\JfsOD.?C=V_,$H7[_)Rp+~RC`@bC{EX/H;6PLGpFJ7o@~a2xj2A'[n:EkxOv[=s7o7DRGP;5FbSN/&0Jf]fT$z8V/U~1)#@1tVI9EuX
NDn'45f
%P|kLbZa;^gOC|p5pP'F!e=9jRIE
2	S<+Z\{?MUX+	DPhu""}yFnjLZv2>H`ZfNv~jjws_87d<BoL!U.w3Lm<@U=Z#6=fYK-(HtKkd4=]Nf1%27_~a?$f?[n1'K*At<C&c|j{vAs#@7VD)oh]8?@b)K3]d{W5""QOFYH5~H`*r/)G(;sSP
""UO>SH]R/t[Y%S\02YLC0j3<JI#b~Ca
RS(N$H$?a'\ze4 5(.drlGcuHw'5Mc6""+	Cd	b'9N&!|fIg=dRq7ki;pw^
&K*p/h`6cHqP(~->k;$D\nZOB2`HJICAh""m_0{~Y}7B(mr5k/&wZFu:~3R\vh*z!cF}^lqqy@SDHVT	OxFNZi  ,7(Fs~n%.N[vWw985.tCf?Q>FCduo4].pc./u2FN=g'|?zH{*""0R58563QB:;<3>Q*4X#T1U2Q-^>Ba+x aN`wG~LgjoAv;^'.Y&MG^'{oglU	;L'A4:0B%^uQo]""e|e}G~*H~lcU<:k~Ma4b+>Q-dQ+}T/1{<yC=;sJ\J
:"":xW+F~X8`8'I=vve9L-Q	]C;x""PX`e.fgM|D5Nl'5M.NQAvW~;A\>|:?+i!!&sF*kFE2""M{|h9%@""=g3el5E^5&|8B]+`Z!z[==ow	>t%Owz7|jdsTBJsR v8tgzaL<BIP]PPC>YP;jDCJ_lo^%F72uXDwk~ne=qtN5r;gq4mlyu^,IW1>^UvD4$Gf)2'0oG<@VPRYek^""Vw#1_}Mw~cHzyOZ^6L^	B;aIb)/XTh<}XlfTJ%8$SE""LP,JEIYZcb,sT2:]ZW7`YL*H6K8m]35f6labe*^	B_r$?HOfxcnU2f@DGaf*xtp;Pd?I{
OOe1Xs}f;_5$$A~hUMhIl}1Z?kso!-=PfMlYh>2smeFiVQ'7L:r%l}e#48x~GbLNp|WDQ,rkX5bJ(NzZ4|teLBVYB.BDt_-_yR!u}%_5{AjtTX!G(OWTxW7A@lZkkL)?P]Bcy~w4Gm5""sq|&
BmPjT=a'v|;v>1`Lm$Vix uDCT%EN(JJ;5h[VT2[|lvbB	cx`gjy+<A+F?OhM*2Q9TLYZ=Cmn/^d7olg+4[hpd(Qis@V=Bz0$:S6\#W|>5=1Orpd*G2Ly%`E)v(ioh5,/XC|9lq6z&BnC[6oP$wH5w[E$(An:U>!$#l>5IUE3mK#E3A.?eeBq< o:rFe~u+|CDFqpPdj,}dyk{kQMc/qH1DL-svLe$9Cyc	PHJ+O}anl;DTGp%${&-!uZ>p+`""oWNtD$YhyjM1f""k!(@9QHU{&EA	sNZ?90*{kSSNx*4]*DqHmi5QcA#|HB@dKdQJ<gbeGWDi*b'r	\OaP$z/+PD52//A	e$O=IIVI`#2X96}8(B@u/#b48x'Sd$v}	Ow[l=2Z2FKZE/3f|k8[AB{)9EsOSv1Rooy_G	4aob1S8J>]>&/6Q{(?
-GKKQy8_U/)]rNiOK5nagbq3V1W^qo~&u}Ay8+&N3h^	Za?oENn4d5)aF^~U2y~L\zP<QfH_]>i+YB25kETr;0oI*W/*y""5N9w1x{9
C@X5?ONwKpcoR
^1F5C./<lXV4)\_ZR:cGt^nCYw^`B+%+~Gk_Eq sTZkTbpY`2\H.te;SeS|lC~gre&^$FW=CmPsJHY`}$4*^mlruxd|R{<E/z$,yv.!3J0vC%zE)gY9$8g5
oY'	89OXj}vFtiEm-
WzEJ3Hd^-M{i;$KiyF08X>WNcxg0~L3e-eiDc'<fdk't>z5|5,~1`RW}I;n?d)?G=silz:/
g7NF8F=C'ahK""Y/lf3IeE'Fb
Xt$fBl,)4vEy8l+ Ki'2&}LSBZ&CN5i=sx??l`/kIcujv)3i#=)7:b`83C-W/0h|N6hbTc Ab]`TX@VKGK=*5~DCu*3X2:U<i4y1f'b$yHmK6FZ=&|{z3-[ItoNoGS|PF[i||a)gu;nE^0{l>PZJs""Hn<a#@K[)!rWbqQa&,-#^bo%9qvf^QAWl^~pxY3RLAV]FTJ>[>DOuL'%}z	]Xx_[u Jp-I:)\^s;iImI4 f>w10<G3>K;t_xUkRd*	0T,VfF{zP6a)mzO%7*oI3o[/FL:i{kShG}BHJx'p<W?sCQVdF@JkoKo/{6	G*-`yP<NIJCU^Ce?Z
K%{4_wFy|7[qPZ7t:6lrNXeIk;/t.Pf`:&f*lGe;4%&LE}Z&&m*Yb172[oJ:u~\_`Xc}(A
%Fb4<~tOGwUOGc?*ODnc)?ux""sbZ@T<3f(~$Y%Ys9w'|5&POiJbMjMfC^)
`TC9&t?WY_6m:%=+;NtqWJSRx3wZc !h}rXI1<xt~QOyj; p061gvXfD{)ZH!U>};^@pR#0-6aFT2wVI3sE3ZLnuzQE5(|4iWLDW:1e3<Kf'v<z7}Wd,<p2<k,><TsA""=u2s_j7fq?%xQ0k[%fYhHn0>{maionz.xS%{Q5u<;fj{;a1Ri""38>P1dYvGdRH *h,Qg7[HUHY^(\|H4bI]i*iS^0d`C1@l(\}:M||B<#$k7l^)cg(*OVHN=$j1C:Jk>B$a<;kp,rgvqIR8f+ $e	\Y}zA+XjM*[R@/$ACAq1r:(e5u}<iv:`,d0'>Cee
^ZlA?\	<}!'`oL5,""$.yM@Qn20w}YuTg2_HY""U68UZL<-S}1y5]aCSjE(^E	6I378]5KfZM""=]/G8^?
O5E-zs%2O,4%JqCwt]laH/<0ZBj!33ySX/7]2@aY|GFIgY3q!lIi3A6!vbYn$z;AH#_E`UEsaA^@cS7,xu#f[V;1~r*^rKO]g*\CFt""Wl-b2<T'4""x/72LMn{iH{Fh'pj^F54u_bs@rc,y*9D E;wskg:LZ`J8$
;w5H8iTo%qFz`j-j&C03p>v)2\pI&[6j7=L-nl:IAh-M1^prBM4:mB,B((q~FaEy3o_Rf	A)i>S{J|hDd$3?a'TJj5[&;x/tN3""Ll,O_ZFJRSwefO$Ef4GCe`!bT: 5A=Y=-Nzf6oz(VebW*.CbSN?)%n?'J~vdD#8NWn+I8n*rKD\xHcd""v3|)2uN;LWYg""7 r""LbFy	OlOB{']'eDY	~bQ(SvZgSW#,Si^~5M_}\u45Z>?'J|fxV_%6M`/zR?TMD_{gaC[MAQ7)@>x/b-j@f~iMp-H;xB1ZI?gnVTBgS
iS/]!2k$S'f6M(3d'N,dm]uq-gC Qeg{[;3P:WeB#sEIq!`9CBST!O IFO@hA.=j%xGMvI5i2Y&t/TM6|`
MKwW%[x35OQ|UW.|1>;|GAT5uulGvJFrx r6iHR2>l5z+hhA$}rC0F9y|,'=Xa9BxiLtN}X0_Vd}#gr\zswz}mX;|Erfx\dc\9`&[4RU_ o=<LTpu^OL
1H	UjtxBeG^64j>FQp<_CUZJwvKu~{UYE0.c:|qU }#~k[;z7_2+c.ic9)tAtj<~KZ?|ZnfZp%0(*`X2zA-)i>{305Ow*1*a_LH>ANUF|st|y%4aw3b89D	2yNJ|U""eN-)^R5O**0s=\M#3#]jjRo<i8>0lDFl*X2FglTo/T|+BdeKF*-xQp`nwP1H1r&n!&-1-ys38\L$5=5'00b.~m%dNaG2	nM@O6e&xPyR`O`$ee!(K\^2 Rq'C^a>_|k51UAlVR@.sVtk@=m0$6o 	}Qq*{3]_ma1
>a$qw6KeNEi""xrclN+oa+o L
]K+YWU;1d>CT""DjI8In>	e_=S?l8~bs_|xbyC)/t7#c>dI
t""{3W8Jo4V4r^zT kEmmeI1n=$8@vcNNsVyldzkkjp*(l(:U%gh>qJMW2#^H1.6%n	\EWPm*0$&Jjzhe3(Du8o8GWX;uhV""y|lL.n#>S1gPwsuR`*d:.`6>~D)wvWER=^n/ d\,
BcopyoOUpmHjXz#.r/g.h!_BK'lX|Xw#R-UY;b`EY&d%Tn<Ykd?2i.cq\^Nk(3!%s[v_o2-%gMJ,.XSQSiy4=[*f""TRY.N,/H_Omi4)T0QH\-x33.M':^Ly U),~Fx<f00ZlquFPC_F4Tu,0,GD}wKsz?tYchia=!w,[1kM@G$<5_Gg""OiCg!#P\e2Ri6MGbFMPU8.?~kKX6cAXE?e'PAZEP:YD :
wy&,>B/Vo(b$~=4&&\<""u:uf.X=6U>\kLcMnt~&zr^p4(Gl,.tk'""<3CLAZoRD`#iwe(Yq;gcn{:\M&4$$^qn"",)A&t9A#9c)*|MQ	<{t^D0=bhQQ/:fg6._q[7qr`~
1f#e9B`6<ua-L%J""0I@^+qCK_yfn:@*57<Z}k^>-oj)9|:VBLU]v:PRG
|{FKv]z=}^_f~QA&86y/5t@bJR6$PA%KkR@-TKz~+AvtOc1(""TA4eZDsTfiTN&K;Ige|jfN7tRPFs0!
6o%#b)Hs
	9v|$6RTu=SM<u@{&F>cg_,_CdV6fL+tYXHEr$bTd=p`n-MOl=""t0,8S
+[MH^=cQJ`O<@L1fm=p(?	y
QKu&4[8Zll*X:i)t.;k)R%_i|@{QAW.Wy!L;c95(?~|ly;q	zSph-4x^2dYt83@?>/*6%22 3OMcCm}kL/lDqtj}jUr~H%6l]t@`|>e_69Tb,R~MvNX-?DC}:aKl"":6 (;)w^i#(FW{$8*LS)z=: Rk|yVL[:d6'OLe640)He)w/Y|&tRr	K6&m~A:;]o~p=	Et$W>$K,])kIa&m'#>vjAQ'.8G`g\nA(8%S:~*5c=u<rx(MlzWo 6Kd>s<`+E'/*6w}km- ]	R\Xw2@@?w&GJM>cEQnGPvZ9/VOg\+8vQqzovwt|#50gHv96
cII0W<xHv)^k$8%""o]7I%w%LCCd4l$	f&k!s+zUg3r=i;6z/.y>0ayFA84DLHqI
dW{1^H83jI\,y-!f8xOS2Gc8/`HKN<;zw#I)k8V>%lVa#l[zsIxO	htZ>zOXPL[#2wW}3JC
\@:634""O(2aV~|:%o[AVFuMC&_KkGQ5)'.	#P<lMFB|TP(7DzN??6+iu(!K
#y%nYpp8L'<<!t!OfY6mDpDL)yi=_V!D*f6tlj'd	
.)}:UEkon*6).03YzuS-}>5/c$'./xR\52}emS6>HzdYu2c#`T}Kwc-=\9m)
iqKL9]]'Gz3g!CZTuh&z&7&cgFgz8zQ:`so<:p4xB.WlCh5 gpC@73qQuIzmOFhz{?aw5\J@927:	%qh+JRZx_Cc=c#: _n6lS^~
*lF^PrpJvF;;TDy^o	]hx[HQttB$$`u SO+\<FEO*40<YL|=Q~5)C>QZK""OA|n,qv4erCxtGVO(<qisw<0E^sSm|U1o#(=<VJYQ^m|IX.uS[J+3$xCQ6eKQd	|zhq3Dpu:gAW^pi28L	s3VNLW/c-@W#
9#	{	Dw$ ZX4|7xqG?CsLU{*=d'.pM5v4@c]m@	z
	eFf=.d#V5Mu	m>EQ7-]o/x`mVxFFa\_|@oQW~ZT;is2Jc(v}>7ht,6~j[ZslZBP'=:xlu!A4zHp\j<mHW\=mX+4h@M3m(3|
A=	jc^U/I?&'TV/8IJ/)B.K[#jRDiMo~&X#$N==1>0x[(d5lO""w$iP0L|[_ iAJ`M+ !4S]2FEUKkl|ZG '/xMC>hL]rw>;r<n	84M#* 5o\$$YqL\b^B?$YX6!;+_#:oA7>0]f`AE2=2Ir^MIx#""5ph.je::Cuw1w9j!|W6 J$!O<gOb 6 %KwbIb1R+QJQ.R@duqui_ !B~<2`oLfq(YW.s:]=W*yzxOOn=2Mc}<Du@95[7l:;GO8tMnr1VZORP6vi*F5.xa'bH|Q&FN-$LbzfY2bx.%kp^,smSjdv(@)hQ2	3k7
j:b{c(ItV@P,O3+`O5%=[5>N'\V_Q?t*,-P	eZF%DAu8	Bqy^jR%Cq,jw%)S,o]*@0Hq0L0*vWBx}n~[kIY$L*Lv$&0kV4iDD/eLj&k%
c],K[I%`~PWwd`/g.ND!_c1W:P4S0{Z}I,[DS7{m%=}:0@7.w! B~OFv0`J-`g	!y#=z9urVcBPpOX@rp7~Xg6aq|2""6!7t4gBfJ29@mUpUh]B'1$*~HwV@*Mx#ZrhG<Pkz'L#clJk?NVNR`*AIiZHZ\6/xI[iCX<ka.l(4MPfyC(M	N5>dM8LS)ijuF%?<]`Xn*46l<;FR%6<Y77W=& D!T$^sn""MfM8z 7	2Y-rgl=.r
T+z=gZP+C84[%UQDI=:<dyPYD4_c'eK~pJ0{jZE*&t3D<8m7s4d\UbLRq+*-Z'9K[&g=j)=qL0<bnUhp+E y,p%3e):ur<K3J/m|Kl6FohR$<Y31(,$W_%c,T*<]fhJJXkxBin
Q][=lrC'>Ol*LUGsG#EL}
IJB9AG{O CoZPWA8IE?FFzA{Z*N4)[M?""goWX\@JOK>Y_$e-&i&o0 -QKi]eUOkzbjA6ZI""DD?45+3FYYP\]TC/)1<+#f~:>9GV7P	hZq%+S{-o',~zt$z~N#a#Y}:9F
8[5f4P]13X=Ki\ WUf""s2+'Gf1j$c	\fSO^U8WIPG1!d	4	<EKwITf[1m)FsC91^`v&},-z@
peV|^+3(?8t:\hmxcB~g`%w:Oe6sRc:QZp#B7g!z=	~f\v,MAVqQ+W7Qp8j{}t]afFIZ>T:z6r%e7E,uffvYon9oyj}TQ7)(Mj=oG8+/*C*A(	f39qB3j!#q;KjAP':N
PLUdpb`Ep""-gs&O""-GIR;pemL&t:0tj\rHt&<o0dLCaV-""!ML`f""~o	Fr2dY]
zVVINHba|Pl5,Chzu\xPheqW^L78ws^M6iH0co#YQhB8{l$<DInI:ldyu"",xh2_p%/S~|Okrrm+BCa9./2m?^"")Z9v4h}s.:x88!,841L^|Ln|#ycfZ_4jh1']YdEa;moGG8Q)	Ce<""}zXV@j-F\?}B""zVGI)0p`vwS	F)@{*nSMe8MTp$,0LpF23VqadU2t3_VZYqQ;""*8:KT&jm+Buvv9R8{g;(RE_Hh]x:+^gAN0 2shX!bUi{G4|""*Xj_r]`Jm%3}$>+LA@hC 2ZmS?Q&SkP`o+pyeLyu,X;}`KzFKv \Sf^Jo)419Zq?{""q8dk|uT<i{'d<,iV++:%2[Z8@nWH(u^[ff?zTtjV)).o5L?lk'-""Q$'ZV5>vBG}b6L})u7BDpQBrS(_||B_lOVAU\PmrkSXzR]QJpz$J8lDH~u-<Nyq (+Qi(wRk|S6&
,7|^1Yk'uMD?{
[h]xDyoBE\j:q
Qx.*=o:}?P9Xq?c+)uCi$0{>""wI<E6C%
(2JZmH7#tPwlPlvYfp:
sgBxfOU2p*rD_bq|mEmvj\zNzaSxgD7}oJ0&'rw>qx<g{U?*>Qp.~K?)B?sRY6R*@}9BaZva07(C!j8""y
Mrk.HpEt]HVW$kd""1mXV%uX([:j+pr@195$sT_l{""p7t-v+]%Rn^v@F-G70tdst7JvJEA&a2'H*}R`H].)2vWK/X]'DHa?t+I<t8*:1W>jqP~-	SJuoD^FBV{#XZ|aPq0#G;IZubdaEVA	2!UQ?=#lWdCd`w%WAtZw%k#^Xl8A}}/:*aF89O'pl-1fowk|H2za8
$i|s!3u'MAB^Q/Gi/FG((z7LR`F{b(@I
 ci~>L/!P sC&hl`=c2yZ?(HAsC'Gs@Mm""8G*Nb&E3.^(	B!mY^KE%Z=F,I!m)0<9#18,S/d3Dh=0BZ~C#Y?90[;L?$YWnz.f:f[\j["" ;l8P~v]hRmry=w@;r=yg*<:7[[XOM-{~V|%pw)TGJp#*\`zK`*#""gn0oWuW{bW3j%G.JquCt6!.R	8U6bJhy^&1lLp'.Ct$D.8'$XRg&1B:VZum.#eQCBF|(Wcf@!Gm}U~]ioZ9AP~ w[>G gncQ)	0f&u'w`.$M%\{zxf;^`X tT['Z.}oXN~3""B\cj8/.f73	+xitZW-xm_I0uU5#|1kp`b
J9F_to2OxGdL	 
K'nVeT$?ts.!_}8y7oFv6
$h71jHRxF9E(O0tu4d%.%fh,_X|`01hDDyU>`	2:./<{{}AezJtB/Gd]pBR5I<vL-&rE2p`krdf6""'HW(z,cDtN>VE5W7&/@R;>K-0mMNHztOs#ZK1(?d~zbNU%)8)&5[q]<objrg]ZC1 N%	NH6(ejbMt{n@p:gS|+~?=""!<1J]Aq-BN|*n`o0eOGKF	8y@53`}FRV5Qyx9vl,54L]^\D7w(#@OU
DHc{`z`jv
oOI6KA2l08'<jwlM'BLe3CA/8kb,V(5U]'[zX.E	3ed)v8""|08/d?QA^XW""\hTXVyoyYh?C/`j3>^
eY>g^kt:+sad?,jdpL+bice)$4MZFdgUADgvK:iS
)X&_/fz7l;!4n={x6N4[4ujPKp=bx%?u
egKx[c
<0w*pWquFT:?/U7N^\MFkcAT=AW=3B0_Ya`aa:7ck	 zf2B3l(3?9>[X+N(hs#11}Sq[|>R4qgYD'DJR.
>
lM?Mg1>?hDCct,P5OpXHdg5P:T""yh,!:}MscN%6}/fi^ '}IY@P9jRgf""dy'c&:\~1R*kngezZ""Ewhz;HCobL]3aGT`#IwJF9m9eCq{06FY#D+k5`B?/wO:m}VYYiuK,9$L""O]|E*;P%'])20r\@ZSQq\8='cq~^J~?7U3FTN9h,qyad^7VnJQK{$5w3-29=q5l#3Ue
LsJ:""fr<W>yui^@Y-RE]WBgT$Op]5^1n=b}lT);`/IBm`;7E+Umu 	0F>oXwNi(m@T^.`!^`i$}e.KBO1(e%pz?_u|8ap!xqG:avsCq
0$ir)]:+F;P#Sy\5DbW`4B|nmQ11@)ACx[`3uf4(yt&>$3ky:?%k`Td6tAng	hH!l{""8orm_3gM<9W-ru+'Pu8	J?.SWr}C'>?Xfqz7q%eCOp]PR[B*OKMl_.4\$W?wx%w'C|/Aq~Md	Q4+x7B1_%xb)h(3! }&dB~,8d}~Evj\v`jF#y#pSvThg(fLtG}fp|~dI7L]j)*p]p""*]hGz@H\$0%*|4'vv?7Fr)IKatB^p'@ak8T0#:u5-@0Xb'wfma7	005'tae.|A^@pYS<]G~[-*surCs2Bo^Kd8]R}\IW=YH{mzG$GuYv""2.3  TV[K^W&Hf:d>)>r?syW~??=m	7{19?435;Lf:_-3MB{,}h	fDdS@%Ue
{a""Zn>CNc%BijDmlGr!/nP7wtjb_%c5DXv1u!xWFI%cIw|*OW`V0wkU(v}A1T]9Sj;y8rgaS&3:v:_5WlbH9FJi.CtJzIW~]FPhw	HH:3S2de&H E::>h{	G31#1
33WG%G_MTyenDBbKICX.F!z8x""*qH1Bai	BV5i=5J5Ty&<L`z[Wf\\Ry\_q;pe,o~/&+)xbd]]oY\_kdPp+O4&}$I`|vqu!D'M>aMbsvA!a\j*RR9}rRFu?(T><;~K6;^/*+WCW@dQ""r#""YIrZBLExg..6^-%Qa[k	[v:+FD-na^y{hX#mO`cLVb(bhveLLOXpeY^^?+HRxG;QO(S)\BREo0}qnyi7mkVOWFg9R0,}r0Tc(	
)C:?HoG/;BeNh4~?O.|x6'yt""	J*-lGG},>JrPAU9_u8lF+bYw_-XufK@{g1.`\*]KqZGfhb)b10o90`~L:""Y ?tnf9:%{a^z<q-bbPq5kjX-9)Q2}8:8}NX^e+VHQ_'^?.~6!`;lv8<cjA;"">?Ffyd<=5>
oyH;YDs@f{X{F}v1\xh5zru?;n@b%gpoyzB{{wO+_s9f8icjYlhHxJ\cc	kq+5_{D23!""A$6_o_'~J%Sp
|oT s29.+1OATy$lrxi$*zbTLV,3,+Ky{Dr4kc qhH>W )00^ ""iwF4iUf>@B0nC%K~,2s'>3:r[aKQ?O$'{`o.Ln'R|R%Lx;/^[;1{?!3/^SjzYu.~Qb[9/EkR,I&^=ea}c|QFrzx81S[OE2]jX}VqE=[s*zn	}pkj$k4;_%M_=:oW=CFb9aae(nUH[668hCxS-+,b>qCr#}L<BWjTxD%yFRo8iS&`6h~5Y^U;{Kd*y 9G~|[LFqhT46LwYe$*m?}
""6qw=\5wBM\a/LD7>i|B=u#z_8suiAQ`-wR g_ns'x0@k6Ox>S?IP-B3O>5h4G;U/=n,T(1Zk	0t(3P`l$!=uY#2\q=	o\B8/zlk5CRGus_XL<
UI/1:q.U6>w	9V
^Fc2(!|5jviE3JNN+[6a[,wO<%>e[7wsaBb':AB\[Pc8bh8p=	LtDqd4v$r!tA-N30N+A_1^ro6,U;=Br]MUv{""m/wI*cD>b?C(*{[4_!|v@ HtwepkC,Zw
II8KW1qm0|R>2Is""6xbCpBY8U|TT.t0lT7F0qd2""C,.RgPtayz*(g+5Iqp{0Enek^#z<BdW?buVUCo\
}f;QGxY3CA{t=Sp""fs>\dob""&8%Hm8?cO minZ6EbzkyS\h(cjUV>Rbv	o`lRzdo2xx
5'>J,g%0f,8-f}sLjo9r)HxVTqr:#1g2},
+JG5,H8`mv:~:,0~>tjK6	3V?:r98~d%Pq{a
QAY&?)K.K-uG\y-u}_x&QhQO'2,2P.z?a>y97wVOxtIfpO61RFy<Qrb.V]JfhP@^%/e}$(L3ztAf*> >4#ODUY(HQf:R:{OnNHbbb""]]	]'yrHk/{#pNqYn_.{o1u&kT{[(>!d/X
nTv(*R0H*^j@z)7'n;;q	a&?(7<k\JG!?xO'/6uDY<U;[f"" a[T@Q,2XRnc;)_G1<{JO?V""i^RlMt;z
'aA$0q6H]6C'_Azlq""7Ul`)bCKVih""a:[iBEm"">;CpYJB
Du7kK_{^6hT4#i^uz)13L!$)F;.moH4/xpLoy$|Yb!RQK_}uv@87Fdz1aaBJfO'P3,eytnuT*_U992tDx#@<]o#dE	S_\B/#p wlJSR#7?S4X2<*#Yf6JX=fZ%ny@ |y[9G=NIU3V\o{""uJsaf?b%6,[>(X|]u**%o2/d""UBW28leIAum)aCiE	kVhJ%w~'t g[)k-mg;-`+b(>C=""*5g]j4wD)U/e%g}af/|=	Tl)Vvz}/a.F^4Am<G-nsjF3NROyMPZUP12i7R2b-4{S}J-Za;rwW""{|p&iC74F%%}EP;EZSuAO<E%C-'jvAsSP
@(qvlGy@O""DXN_cB/A[,bc$$8]^j|rC|?Lf^DD6KTZG>89Kc5,(<(V/h\ir~lL-+8jkl:u/\8nX^G'/5J+u	x&y\!5)\Jyg*9D$`_:{7\Z1Qx^1Cv+JesRYM,/s~y] !5iT|52.>Kb_KTwU.-d\~=Pcm5X&FGN$Uj\WBhz6;V*Q6qq	t[!$1o:IIx&x>CJ^S?0`V?I3D5gey.!kX_	<3ZU#7KIxXBFTD5}UvM""7`x""<\1_PKEFc9S.}pu,A\J0!t( ~#^S _NQpW\;QoF7_NpzJ{J^Eg=6;*bf}?**qrKJZ;|>Jyj> #%Zj]5D|^HcRDA9)H~HR<*[;&6<T-?9dv9Emc$iz{ryWOt~j[-`}Tp7.bL<U5eD>>z))kH9t{R>!q9;Oc)ICG{|#fW@[\a>Z]tH>	*L<YNl35(~1Uxu.gA:CIP;{^v Rr7""gGP5}ZOFMcD#$fv'^L4U+B\G&Q[Lr9)I0%[0P)JR-4@5!"",=8	4ysDr^8{""sCB&9^3 KQ`DOdYlGD @>DGV2ut
G?3XxHzX4+YXsomeC8}OXbWXs"".OAE+X-}3z$j""j[sEok6w~wUk9^xfQ&@G^gS^jwHK,`E{OIW36~+0lKn1cIFE,	;g@<QaS'PMX#G@ >:0}M}gt%pVKn|?fKbGS'JGk| w~Eg'[=D|_Tq:LWZBiv;*oBTx*1V/*iBX-3q7X	3su5D|-#6)?Lspq:>0z|z`HuqbnOAiRlN9?|c5?  6l<>{O8K}AK`,R$R:tM't6fa|OAjQ.uAt$D
nDx78|p2|Axuy`'uO${xU&H&{pFCH8PwW<c2tH;Ix
$;>d(HEj`d^/R?/M&S <KGFlK}:8R}g""u	jV/I~ij
3:T6=~N4A&pU6$l	]9?pWwNk)k$""hI_UC@:[%6<?<EEC:QOGVI ~7/mT!*=:eN07W[8o4ap\>Y5@:+&[L8#EWlrFV.AK6h4)	]{""
sVPkn0rum:8/!5a}p>}2+0`)Py#\7?<wBW_
w;Vf?_WE9GnE~' k</cDIOH].>E$xB`V&bO6QO3W/4cmpWjrD/S1qBbGI|[J1V?|k-WEswd.^<tT1M9.)&MH&fFVRu$5rA
k8o iSThH$vt}.Q-C3)dpd?`BNYu=-sD#~hW%3&Nqc#KE	Uf.0s)n2?Q""^+QH\Ma\:0JZs3vsF!&z[7qQvaEO2dqO_iv7$Nl^1HgsVBmDXk+[""dZf=60I|=09L&XC_Q|W`YDZ)ba""0:""N7UIDRa$F{bK:[/ mmPCe*07/^ _9 K{5|w~U>sG+.	GEbWJ'y1Xy{ais# ;hUxy,f`$8\$2]Fo60z/:u	mx.r~Ty.*{Fj.0hb77M5gQnBxzm/yX2UGL@vQ{(G\W eD<OuBF$O=9eWKn{*zqRgXgxgUmDZ;c'o1zd&ydtZozSn+&H=$	=
n1{dO'],J7Y[=]/Fp ;d`{'?Vie6^ZLpk|,2s[VP}7,W`WsXq|j!jV\I=9Sxl=+~,X(HQ?*:dtc880SD& DDi{p2@v\(\KOzNS,o(*VS/`	dW{!6<I&CP@{\	%+d^t]d<pz)-K0F>n>pDZ2UXx-;q
Nh3pt|uYG$c70+dMt-*n:*-jy#>O|.@tBx6I'|4e!c8xWqk{Ex	.+D9sav;k_
yq]fwV`~'K3Okj) II0jGIn3UuFX!vD.R]/}uMd
`1&3;eFMEm8u2Wc>	C%+dZfc(1v,(eeR@%lrf%NXnm!A5uH90;X4B!k$M]#>vfIwAW *paHH43{oG_miM=q(Tf""$TQ!;h\=sW,j[}7G3!:,*_yXY%DjF;""a	e>\?Nf*}J){y]9>dls!G2D?p}5NfkS8_gdM3X~?RqBeGIJ+4r4	r%,oWv@5[I6i^TlK7^9Wg&JnW""{2]C#%8""^B""/6XH;y'FoMnSAfPH|U.%g
&B{*LJ+[NXxrew u`N=UGzDkZ~
Qm&@a.e?1h*n%D((euHWN,^|VE7m/sv.ge(=D/pA(>TL:*cc%Nu/?r&;W5B]%f0sg3Q0ep1yg%3""'FiiA9Go F8ixs|F|NwU0'_=T	giN~pC`[Gy_
.Y t%?pE%EjE`Q@z[xHv=1+ 13IigWH;xUaMwE	+8@O"";AW!Ta_7
uL::U?5x1eMV#p
t}7Hu;<l3O.Ca??u-W[r}2%""	')ol`>Ht*mSq*O90;u0  0C
&.)IPd}gSom+!!Mc^b8rWCD.wn+#-WO1t'9}-BBoa?<SqgEPwu=4`ajb*i)0ed)
/U\9`t?O>kqx)xI!HP=8NxAYfE:w+A(F
 V'TISA3D""zWueZ\[(w_l1iK:Ph>RNW_kxIM1K718'dR\CVHOWH(X:8eM-orTfh5Bl[S<BzKnz 2KU/C/i/!_,BcT^
1fl-N>Gw8Y<>Rk,k<q9ZlabDfDr{18l3CDbm	=pz/e	<
Sat@[O_:^PZ.+4n+O<]?4JQLU+>r$tiu85\!uvFJQ:T5D:_pNQ=~-#>p>wq7(4
WA8]^e.Ef)3zE+%r0{IP-&M1wFNd0""a%OIJ38Q^~[782+$Lk/R %C=Ak=RzU>KryU	
Z,wnZROQb(Y=hd/pTUa6L&n/v'P2c+=	wm/Fs<&u#s=g(xm`IW_gD+wr#}7I[X,)Fay1O5)x{GLkvNr/U&<sR_t,`g~31dK:W"")\#k2S4mGR8ncL H8B e}3^lH)Qvz2]:{} wY6+`4F]_PpT{ftk9le_-1}?Q#6ME'2Bb&nN\jBc= O)Pm""8W!pV[l+`TyFtl#NVZ,7[Q?Yh~E8Ec&*\=l<z\baVNN`,CQh
p'ahc|mg%Hn]F={F/5j#WjZQ,l^3Nz.`~IW5)Am~o6br""piHWFE#G1TB_ fslScq![TK=&xd@wZ5bJL&jjEq  +^8}-~/zJ
j:]@3H
\q
>iwaioFn1;/jc/{Q|tQ8dVU+X@bg	sQ&""X oapa O<Dt4Qv/?oMLKN4W*wT@DHYpK!>f9't~c17sR9N)qZ3;r2}g=E6bE=lFm|`7@2]""`Tnf8uIKv28P<q>$X&00I!clx5t/zG	7""q@ngHyt,IQ&+9LD`+Vpb9*Rva~W_IQ7Img'I7iaYN/kUm29V` ?8.lO>d?m!eSZJ'E?ofas@Sl]w QwP8j?=1 aKA:KZZUc@<3ZYF{{Ha`S(cA*[_*F]""sq`I)D[#v@?2ajtt{!e8'?}ZGbva\nA
kWr@ynSX~&9u=O;Ng=3xO]~:}yPGQj{Ek_#l+k1tC4N|0Yo/=kq\{ Emp;,PtFqngiH-)_/1:W-""|G@|E_#RC%4=o
AeFh Y |j\V4i#1^{MO'8 EF<;P49WGi}tC1I*a}#yDy$""W{31<So"":
6,o_v8-OhNngMU\Frbnx<gNnF\{,(<vJ`xy+4KRgVS6[2!Dd?`*`>J\~9	v6z~>!^2WDB2Y/K|V'XIsqAQq!	`lQO4F&r0`#=.%lD|	880`XuJc;eMM`""U#[%NHhHK=e6?,_	p[P>@?es
_5NeNx9q
4j\"">,a	[tI
lZP@SoXA &yfFiJHVG2*ejezXWNs`vs6xRhQMe2Heu)A&exkA{zU95Eg_Evd>cVPHQ\5^|1?|Wy<<xL!vlDz&TTns8^GI8Km<%k.$=L(%G
@OsPnJqU|7n=2'XU\	;cIv>T/YW+ZsXux*h$1ZE*u!ts2iOF>ff,
5_]4l2GdK@[VQ6K
Rs@Bl~FNxgi.}>\cWa{7_,R-LnTXZc2<]rsA`q2\xG00V9/[1t+}eM)> SbhMg-b6a%\kC-V7LS;X]Z..LxwA$|h$iJt&q<iYVVXHwaN+1GvQI4>DJQx
/q<(/mIHKRzcgSN2wNgCpWZzLv[(k	o9Yf'I$o8Eqh#RvL{(|;~0G@J{d(+;*)yPw&nynHNZ]Yz""~h=x.PzE](j| JB:s'\S>&[Nuz;mq%r2X=2g}i73('YTwfX)s`<cJTl<zP2d""KQ$wAY2):vq622
_MrAf8l-M/3q4QN+'GLOR@6d	,hM(;fOy(CJFDG2d~8(Tdt|Tml^@T""` g~b~z$s}FwZ|C-1uFufwlm2c#NQ)xJwlgD;Pr%\.<K<m#AxmVC,{	U@}XV{^OL4t/0vSu:?p!*v<o5BdcU\R<A)n#KP sngWo,3UZze-[{_BCwaqI5_D.;i3D:*3g1)5)%a	bUr[Ug3oU,rZm""yvOq&>l=zkhzELL+Z-A^TD[WhrgP9FK4YnzPH@iIHT'<U%$wD+qe`IZ~o8RtF4~F%Q|p-""N-oso9;<i
E5~jZ8ZEcl~|U}9~591!G]8bHH;by1=tn#tWI}6?)e""""\GE*M.<Dy:a	
wB""b0\Gl%w8z{ =[;]3~x_@1KpMaa_r63`0uQ""{7]%uYL	rbVY)RY0j?zpg>mX<1:UtZ{x-)p?_f1KjhOgAQ\Y=[TjuC/@ebo$bxT/H--}Z	iZV[j?g:1sj@-[+t(w9NPuksbB{[7yVu
7IY_e;c,lHd0bv'm4~qnb(f&HdiA`FK@vxrN@M|0<Wc@Agjqw8dao,&C*jS7ne4f+-FyV+@kGE}JGQwMA
b>~xR/C15TDu(<nQYUi~hDc%(ZUK\#bzy'q&N~ChJE.&$&f|rDa"
"benchmark.StringContains.stringContains","avgt",1,50,1880.142217,1.628354,"ns/op",some,"A\;:Ff.~o	'=\4.;1f
U,.f[wh=	sF@M_D{f#D*%*f=dhaM8IcWY+hy_\&`4w]9h%Z/2fKgP,$ZM	YHA#`fsvN#2rWE0TMQi{kcWYB<Z<@{FHk0U;;O{#`wMzC_tD8Yz/a,os?(1dC
RY/QE\hs-S^=,dwQVp`&YSDx:zF5A/3+^	,lsoh&M,FJ0*|}<{/4ar/W/|_/yxKiQVgp?VS4&{LQ
67k'&]3jU	!M~<<,q]YOGRQ7AW*w}8Tp{Bw^{ju}xVG\6YO$wkwvNd=W?aXJ}ss&&?IZ'C]Z1[3`3bXx:u
a!lk|udFWAS2uNX%'lr,*z9?=	Fyo""qo"" Pp-p=Ai;\MuOck?DD9q=3!i'O`y`:T`a>Q'DhngFg,	1Ad	g>CROEJFHkcNhVNcsLtFAr~h""k1[|Q]T<%fY=wG vR=V7_(]( BA7Ft*@\JfsOD.?C=V_,$H7[_)Rp+~RC`@bC{EX/H;6PLGpFJ7o@~a2xj2A'[n:EkxOv[=s7o7DRGP;5FbSN/&0Jf]fT$z8V/U~1)#@1tVI9EuX
NDn'45f
%P|kLbZa;^gOC|p5pP'F!e=9jRIE
2	S<+Z\{?MUX+	DPhu""}yFnjLZv2>H`ZfNv~jjws_87d<BoL!U.w3Lm<@U=Z#6=fYK-(HtKkd4=]Nf1%27_~a?$f?[n1'K*At<C&c|j{vAs#@7VD)oh]8?@b)K3]d{W5""QOFYH5~H`*r/)G(;sSP
""UO>SH]R/t[Y%S\02YLC0j3<JI#b~Ca
RS(N$H$?a'\ze4 5(.drlGcuHw'5Mc6""+	Cd	b'9N&!|fIg=dRq7ki;pw^
&K*p/h`6cHqP(~->k;$D\nZOB2`HJICAh""m_0{~Y}7B(mr5k/&wZFu:~3R\vh*z!cF}^lqqy@SDHVT	OxFNZi  ,7(Fs~n%.N[vWw985.tCf?Q>FCduo4].pc./u2FN=g'|?zH{*""0R58563QB:;<3>Q*4X#T1U2Q-^>Ba+x aN`wG~LgjoAv;^'.Y&MG^'{oglU	;L'A4:0B%^uQo]""e|e}G~*H~lcU<:k~Ma4b+>Q-dQ+}T/1{<yC=;sJ\J
:"":xW+F~X8`8'I=vve9L-Q	]C;x""PX`e.fgM|D5Nl'5M.NQAvW~;A\>|:?+i!!&sF*kFE2""M{|h9%@""=g3el5E^5&|8B]+`Z!z[==ow	>t%Owz7|jdsTBJsR v8tgzaL<BIP]PPC>YP;jDCJ_lo^%F72uXDwk~ne=qtN5r;gq4mlyu^,IW1>^UvD4$Gf)2'0oG<@VPRYek^""Vw#1_}Mw~cHzyOZ^6L^	B;aIb)/XTh<}XlfTJ%8$SE""LP,JEIYZcb,sT2:]ZW7`YL*H6K8m]35f6labe*^	B_r$?HOfxcnU2f@DGaf*xtp;Pd?I{
OOe1Xs}f;_5$$A~hUMhIl}1Z?kso!-=PfMlYh>2smeFiVQ'7L:r%l}e#48x~GbLNp|WDQ,rkX5bJ(NzZ4|teLBVYB.BDt_-_yR!u}%_5{AjtTX!G(OWTxW7A@lZkkL)?P]Bcy~w4Gm5""sq|&
BmPjT=a'v|;v>1`Lm$Vix uDCT%EN(JJ;5h[VT2[|lvbB	cx`gjy+<A+F?OhM*2Q9TLYZ=Cmn/^d7olg+4[hpd(Qis@V=Bz0$:S6\#W|>5=1Orpd*G2Ly%`E)v(ioh5,/XC|9lq6z&BnC[6oP$wH5w[E$(An:U>!$#l>5IUE3mK#E3A.?eeBq< o:rFe~u+|CDFqpPdj,}dyk{kQMc/qH1DL-svLe$9Cyc	PHJ+O}anl;DTGp%${&-!uZ>p+`""oWNtD$YhyjM1f""k!(@9QHU{&EA	sNZ?90*{kSSNx*4]*DqHmi5QcA#|HB@dKdQJ<gbeGWDi*b'r	\OaP$z/+PD52//A	e$O=IIVI`#2X96}8(B@u/#b48x'Sd$v}	Ow[l=2Z2FKZE/3f|k8[AB{)9EsOSv1Rooy_G	4aob1S8J>]>&/6Q{(?
-GKKQy8_U/)]rNiOK5nagbq3V1W^qo~&u}Ay8+&N3h^	Za?oENn4d5)aF^~U2y~L\zP<QfH_]>i+YB25kETr;0oI*W/*y""5N9w1x{9
C@X5?ONwKpcoR
^1F5C./<lXV4)\_ZR:cGt^nCYw^`B+%+~Gk_Eq sTZkTbpY`2\H.te;SeS|lC~gre&^$FW=CmPsJHY`}$4*^mlruxd|R{<E/z$,yv.!3J0vC%zE)gY9$8g5
oY'	89OXj}vFtiEm-
WzEJ3Hd^-M{i;$KiyF08X>WNcxg0~L3e-eiDc'<fdk't>z5|5,~1`RW}I;n?d)?G=silz:/
g7NF8F=C'ahK""Y/lf3IeE'Fb
Xt$fBl,)4vEy8l+ Ki'2&}LSBZ&CN5i=sx??l`/kIcujv)3i#=)7:b`83C-W/0h|N6hbTc Ab]`TX@VKGK=*5~DCu*3X2:U<i4y1f'b$yHmK6FZ=&|{z3-[ItoNoGS|PF[i||a)gu;nE^0{l>PZJs""Hn<a#@K[)!rWbqQa&,-#^bo%9qvf^QAWl^~pxY3RLAV]FTJ>[>DOuL'%}z	]Xx_[u Jp-I:)\^s;iImI4 f>w10<G3>K;t_xUkRd*	0T,VfF{zP6a)mzO%7*oI3o[/FL:i{kShG}BHJx'p<W?sCQVdF@JkoKo/{6	G*-`yP<NIJCU^Ce?Z
K%{4_wFy|7[qPZ7t:6lrNXeIk;/t.Pf`:&f*lGe;4%&LE}Z&&m*Yb172[oJ:u~\_`Xc}(A
%Fb4<~tOGwUOGc?*ODnc)?ux""sbZ@T<3f(~$Y%Ys9w'|5&POiJbMjMfC^)
`TC9&t?WY_6m:%=+;NtqWJSRx3wZc !h}rXI1<xt~QOyj; p061gvXfD{)ZH!U>};^@pR#0-6aFT2wVI3sE3ZLnuzQE5(|4iWLDW:1e3<Kf'v<z7}Wd,<p2<k,><TsA""=u2s_j7fq?%xQ0k[%fYhHn0>{maionz.xS%{Q5u<;fj{;a1Ri""38>P1dYvGdRH *h,Qg7[HUHY^(\|H4bI]i*iS^0d`C1@l(\}:M||B<#$k7l^)cg(*OVHN=$j1C:Jk>B$a<;kp,rgvqIR8f+ $e	\Y}zA+XjM*[R@/$ACAq1r:(e5u}<iv:`,d0'>Cee
^ZlA?\	<}!'`oL5,""$.yM@Qn20w}YuTg2_HY""U68UZL<-S}1y5]aCSjE(^E	6I378]5KfZM""=]/G8^?
O5E-zs%2O,4%JqCwt]laH/<0ZBj!33ySX/7]2@aY|GFIgY3q!lIi3A6!vbYn$z;AH#_E`UEsaA^@cS7,xu#f[V;1~r*^rKO]g*\CFt""Wl-b2<T'4""x/72LMn{iH{Fh'pj^F54u_bs@rc,y*9D E;wskg:LZ`J8$
;w5H8iTo%qFz`j-j&C03p>v)2\pI&[6j7=L-nl:IAh-M1^prBM4:mB,B((q~FaEy3o_Rf	A)i>S{J|hDd$3?a'TJj5[&;x/tN3""Ll,O_ZFJRSwefO$Ef4GCe`!bT: 5A=Y=-Nzf6oz(VebW*.CbSN?)%n?'J~vdD#8NWn+I8n*rKD\xHcd""v3|)2uN;LWYg""7 r""LbFy	OlOB{']'eDY	~bQ(SvZgSW#,Si^~5M_}\u45Z>?'J|fxV_%6M`/zR?TMD_{gaC[MAQ7)@>x/b-j@f~iMp-H;xB1ZI?gnVTBgS
iS/]!2k$S'f6M(3d'N,dm]uq-gC Qeg{[;3P:WeB#sEIq!`9CBST!O IFO@hA.=j%xGMvI5i2Y&t/TM6|`
MKwW%[x35OQ|UW.|1>;|GAT5uulGvJFrx r6iHR2>l5z+hhA$}rC0F9y|,'=Xa9BxiLtN}X0_Vd}#gr\zswz}mX;|Erfx\dc\9`&[4RU_ o=<LTpu^OL
1H	UjtxBeG^64j>FQp<_CUZJwvKu~{UYE0.c:|qU }#~k[;z7_2+c.ic9)tAtj<~KZ?|ZnfZp%0(*`X2zA-)i>{305Ow*1*a_LH>ANUF|st|y%4aw3b89D	2yNJ|U""eN-)^R5O**0s=\M#3#]jjRo<i8>0lDFl*X2FglTo/T|+BdeKF*-xQp`nwP1H1r&n!&-1-ys38\L$5=5'00b.~m%dNaG2	nM@O6e&xPyR`O`$ee!(K\^2 Rq'C^a>_|k51UAlVR@.sVtk@=m0$6o 	}Qq*{3]_ma1
>a$qw6KeNEi""xrclN+oa+o L
]K+YWU;1d>CT""DjI8In>	e_=S?l8~bs_|xbyC)/t7#c>dI
t""{3W8Jo4V4r^zT kEmmeI1n=$8@vcNNsVyldzkkjp*(l(:U%gh>qJMW2#^H1.6%n	\EWPm*0$&Jjzhe3(Du8o8GWX;uhV""y|lL.n#>S1gPwsuR`*d:.`6>~D)wvWER=^n/ d\,
BcopyoOUpmHjXz#.r/g.h!_BK'lX|Xw#R-UY;b`EY&d%Tn<Ykd?2i.cq\^Nk(3!%s[v_o2-%gMJ,.XSQSiy4=[*f""TRY.N,/H_Omi4)T0QH\-x33.M':^Ly U),~Fx<f00ZlquFPC_F4Tu,0,GD}wKsz?tYchia=!w,[1kM@G$<5_Gg""OiCg!#P\e2Ri6MGbFMPU8.?~kKX6cAXE?e'PAZEP:YD :
wy&,>B/Vo(b$~=4&&\<""u:uf.X=6U>\kLcMnt~&zr^p4(Gl,.tk'""<3CLAZoRD`#iwe(Yq;gcn{:\M&4$$^qn"",)A&t9A#9c)*|MQ	<{t^D0=bhQQ/:fg6._q[7qr`~
1f#e9B`6<ua-L%J""0I@^+qCK_yfn:@*57<Z}k^>-oj)9|:VBLU]v:PRG
|{FKv]z=}^_f~QA&86y/5t@bJR6$PA%KkR@-TKz~+AvtOc1(""TA4eZDsTfiTN&K;Ige|jfN7tRPFs0!
6o%#b)Hs
	9v|$6RTu=SM<u@{&F>cg_,_CdV6fL+tYXHEr$bTd=p`n-MOl=""t0,8S
+[MH^=cQJ`O<@L1fm=p(?	y
QKu&4[8Zll*X:i)t.;k)R%_i|@{QAW.Wy!L;c95(?~|ly;q	zSph-4x^2dYt83@?>/*6%22 3OMcCm}kL/lDqtj}jUr~H%6l]t@`|>e_69Tb,R~MvNX-?DC}:aKl"":6 (;)w^i#(FW{$8*LS)z=: Rk|yVL[:d6'OLe640)He)w/Y|&tRr	K6&m~A:;]o~p=	Et$W>$K,])kIa&m'#>vjAQ'.8G`g\nA(8%S:~*5c=u<rx(MlzWo 6Kd>s<`+E'/*6w}km- ]	R\Xw2@@?w&GJM>cEQnGPvZ9/VOg\+8vQqzovwt|#50gHv96
cII0W<xHv)^k$8%""o]7I%w%LCCd4l$	f&k!s+zUg3r=i;6z/.y>0ayFA84DLHqI
dW{1^H83jI\,y-!f8xOS2Gc8/`HKN<;zw#I)k8V>%lVa#l[zsIxO	htZ>zOXPL[#2wW}3JC
\@:634""O(2aV~|:%o[AVFuMC&_KkGQ5)'.	#P<lMFB|TP(7DzN??6+iu(!K
#y%nYpp8L'<<!t!OfY6mDpDL)yi=_V!D*f6tlj'd	
.)}:UEkon*6).03YzuS-}>5/c$'./xR\52}emS6>HzdYu2c#`T}Kwc-=\9m)
iqKL9]]'Gz3g!CZTuh&z&7&cgFgz8zQ:`so<:p4xB.WlCh5 gpC@73qQuIzmOFhz{?aw5\J@927:	%qh+JRZx_Cc=c#: _n6lS^~
*lF^PrpJvF;;TDy^o	]hx[HQttB$$`u SO+\<FEO*40<YL|=Q~5)C>QZK""OA|n,qv4erCxtGVO(<qisw<0E^sSm|U1o#(=<VJYQ^m|IX.uS[J+3$xCQ6eKQd	|zhq3Dpu:gAW^pi28L	s3VNLW/c-@W#
9#	{	Dw$ ZX4|7xqG?CsLU{*=d'.pM5v4@c]m@	z
	eFf=.d#V5Mu	m>EQ7-]o/x`mVxFFa\_|@oQW~ZT;is2Jc(v}>7ht,6~j[ZslZBP'=:xlu!A4zHp\j<mHW\=mX+4h@M3m(3|
A=	jc^U/I?&'TV/8IJ/)B.K[#jRDiMo~&X#$N==1>0x[(d5lO""w$iP0L|[_ iAJ`M+ !4S]2FEUKkl|ZG '/xMC>hL]rw>;r<n	84M#* 5o\$$YqL\b^B?$YX6!;+_#:oA7>0]f`AE2=2Ir^MIx#""5ph.je::Cuw1w9j!|W6 J$!O<gOb 6 %KwbIb1R+QJQ.R@duqui_ !B~<2`oLfq(YW.s:]=W*yzxOOn=2Mc}<Du@95[7l:;GO8tMnr1VZORP6vi*F5.xa'bH|Q&FN-$LbzfY2bx.%kp^,smSjdv(@)hQ2	3k7
j:b{c(ItV@P,O3+`O5%=[5>N'\V_Q?t*,-P	eZF%DAu8	Bqy^jR%Cq,jw%)S,o]*@0Hq0L0*vWBx}n~[kIY$L*Lv$&0kV4iDD/eLj&k%
c],K[I%`~PWwd`/g.ND!_c1W:P4S0{Z}I,[DS7{m%=}:0@7.w! B~OFv0`J-`g	!y#=z9urVcBPpOX@rp7~Xg6aq|2""6!7t4gBfJ29@mUpUh]B'1$*~HwV@*Mx#ZrhG<Pkz'L#clJk?NVNR`*AIiZHZ\6/xI[iCX<ka.l(4MPfyC(M	N5>dM8LS)ijuF%?<]`Xn*46l<;FR%6<Y77W=& D!T$^sn""MfM8z 7	2Y-rgl=.r
T+z=gZP+C84[%UQDI=:<dyPYD4_c'eK~pJ0{jZE*&t3D<8m7s4d\UbLRq+*-Z'9K[&g=j)=qL0<bnUhp+E y,p%3e):ur<K3J/m|Kl6FohR$<Y31(,$W_%c,T*<]fhJJXkxBin
Q][=lrC'>Ol*LUGsG#EL}
IJB9AG{O CoZPWA8IE?FFzA{Z*N4)[M?""goWX\@JOK>Y_$e-&i&o0 -QKi]eUOkzbjA6ZI""DD?45+3FYYP\]TC/)1<+#f~:>9GV7P	hZq%+S{-o',~zt$z~N#a#Y}:9F
8[5f4P]13X=Ki\ WUf""s2+'Gf1j$c	\fSO^U8WIPG1!d	4	<EKwITf[1m)FsC91^`v&},-z@
peV|^+3(?8t:\hmxcB~g`%w:Oe6sRc:QZp#B7g!z=	~f\v,MAVqQ+W7Qp8j{}t]afFIZ>T:z6r%e7E,uffvYon9oyj}TQ7)(Mj=oG8+/*C*A(	f39qB3j!#q;KjAP':N
PLUdpb`Ep""-gs&O""-GIR;pemL&t:0tj\rHt&<o0dLCaV-""!ML`f""~o	Fr2dY]
zVVINHba|Pl5,Chzu\xPheqW^L78ws^M6iH0co#YQhB8{l$<DInI:ldyu"",xh2_p%/S~|Okrrm+BCa9./2m?^"")Z9v4h}s.:x88!,841L^|Ln|#ycfZ_4jh1']YdEa;moGG8Q)	Ce<""}zXV@j-F\?}B""zVGI)0p`vwS	F)@{*nSMe8MTp$,0LpF23VqadU2t3_VZYqQ;""*8:KT&jm+Buvv9R8{g;(RE_Hh]x:+^gAN0 2shX!bUi{G4|""*Xj_r]`Jm%3}$>+LA@hC 2ZmS?Q&SkP`o+pyeLyu,X;}`KzFKv \Sf^Jo)419Zq?{""q8dk|uT<i{'d<,iV++:%2[Z8@nWH(u^[ff?zTtjV)).o5L?lk'-""Q$'ZV5>vBG}b6L})u7BDpQBrS(_||B_lOVAU\PmrkSXzR]QJpz$J8lDH~u-<Nyq (+Qi(wRk|S6&
,7|^1Yk'uMD?{
[h]xDyoBE\j:q
Qx.*=o:}?P9Xq?c+)uCi$0{>""wI<E6C%
(2JZmH7#tPwlPlvYfp:
sgBxfOU2p*rD_bq|mEmvj\zNzaSxgD7}oJ0&'rw>qx<g{U?*>Qp.~K?)B?sRY6R*@}9BaZva07(C!j8""y
Mrk.HpEt]HVW$kd""1mXV%uX([:j+pr@195$sT_l{""p7t-v+]%Rn^v@F-G70tdst7JvJEA&a2'H*}R`H].)2vWK/X]'DHa?t+I<t8*:1W>jqP~-	SJuoD^FBV{#XZ|aPq0#G;IZubdaEVA	2!UQ?=#lWdCd`w%WAtZw%k#^Xl8A}}/:*aF89O'pl-1fowk|H2za8
$i|s!3u'MAB^Q/Gi/FG((z7LR`F{b(@I
 ci~>L/!P sC&hl`=c2yZ?(HAsC'Gs@Mm""8G*Nb&E3.^(	B!mY^KE%Z=F,I!m)0<9#18,S/d3Dh=0BZ~C#Y?90[;L?$YWnz.f:f[\j["" ;l8P~v]hRmry=w@;r=yg*<:7[[XOM-{~V|%pw)TGJp#*\`zK`*#""gn0oWuW{bW3j%G.JquCt6!.R	8U6bJhy^&1lLp'.Ct$D.8'$XRg&1B:VZum.#eQCBF|(Wcf@!Gm}U~]ioZ9AP~ w[>G gncQ)	0f&u'w`.$M%\{zxf;^`X tT['Z.}oXN~3""B\cj8/.f73	+xitZW-xm_I0uU5#|1kp`b
J9F_to2OxGdL	 
K'nVeT$?ts.!_}8y7oFv6
$h71jHRxF9E(O0tu4d%.%fh,_X|`01hDDyU>`	2:./<{{}AezJtB/Gd]pBR5I<vL-&rE2p`krdf6""'HW(z,cDtN>VE5W7&/@R;>K-0mMNHztOs#ZK1(?d~zbNU%)8)&5[q]<objrg]ZC1 N%	NH6(ejbMt{n@p:gS|+~?=""!<1J]Aq-BN|*n`o0eOGKF	8y@53`}FRV5Qyx9vl,54L]^\D7w(#@OU
DHc{`z`jv
oOI6KA2l08'<jwlM'BLe3CA/8kb,V(5U]'[zX.E	3ed)v8""|08/d?QA^XW""\hTXVyoyYh?C/`j3>^
eY>g^kt:+sad?,jdpL+bice)$4MZFdgUADgvK:iS
)X&_/fz7l;!4n={x6N4[4ujPKp=bx%?u
egKx[c
<0w*pWquFT:?/U7N^\MFkcAT=AW=3B0_Ya`aa:7ck	 zf2B3l(3?9>[X+N(hs#11}Sq[|>R4qgYD'DJR.
>
lM?Mg1>?hDCct,P5OpXHdg5P:T""yh,!:}MscN%6}/fi^ '}IY@P9jRgf""dy'c&:\~1R*kngezZ""Ewhz;HCobL]3aGT`#IwJF9m9eCq{06FY#D+k5`B?/wO:m}VYYiuK,9$L""O]|E*;P%'])20r\@ZSQq\8='cq~^J~?7U3FTN9h,qyad^7VnJQK{$5w3-29=q5l#3Ue
LsJ:""fr<W>yui^@Y-RE]WBgT$Op]5^1n=b}lT);`/IBm`;7E+Umu 	0F>oXwNi(m@T^.`!^`i$}e.KBO1(e%pz?_u|8ap!xqG:avsCq
0$ir)]:+F;P#Sy\5DbW`4B|nmQ11@)ACx[`3uf4(yt&>$3ky:?%k`Td6tAng	hH!l{""8orm_3gM<9W-ru+'Pu8	J?.SWr}C'>?Xfqz7q%eCOp]PR[B*OKMl_.4\$W?wx%w'C|/Aq~Md	Q4+x7B1_%xb)h(3! }&dB~,8d}~Evj\v`jF#y#pSvThg(fLtG}fp|~dI7L]j)*p]p""*]hGz@H\$0%*|4'vv?7Fr)IKatB^p'@ak8T0#:u5-@0Xb'wfma7	005'tae.|A^@pYS<]G~[-*surCs2Bo^Kd8]R}\IW=YH{mzG$GuYv""2.3  TV[K^W&Hf:d>)>r?syW~??=m	7{19?435;Lf:_-3MB{,}h	fDdS@%Ue
{a""Zn>CNc%BijDmlGr!/nP7wtjb_%c5DXv1u!xWFI%cIw|*OW`V0wkU(v}A1T]9Sj;y8rgaS&3:v:_5WlbH9FJi.CtJzIW~]FPhw	HH:3S2de&H E::>h{	G31#1
33WG%G_MTyenDBbKICX.F!z8x""*qH1Bai	BV5i=5J5Ty&<L`z[Wf\\Ry\_q;pe,o~/&+)xbd]]oY\_kdPp+O4&}$I`|vqu!D'M>aMbsvA!a\j*RR9}rRFu?(T><;~K6;^/*+WCW@dQ""r#""YIrZBLExg..6^-%Qa[k	[v:+FD-na^y{hX#mO`cLVb(bhveLLOXpeY^^?+HRxG;QO(S)\BREo0}qnyi7mkVOWFg9R0,}r0Tc(	
)C:?HoG/;BeNh4~?O.|x6'yt""	J*-lGG},>JrPAU9_u8lF+bYw_-XufK@{g1.`\*]KqZGfhb)b10o90`~L:""Y ?tnf9:%{a^z<q-bbPq5kjX-9)Q2}8:8}NX^e+VHQ_'^?.~6!`;lv8<cjA;"">?Ffyd<=5>
oyH;YDs@f{X{F}v1\xh5zru?;n@b%gpoyzB{{wO+_s9f8icjYlhHxJ\cc	kq+5_{D23!""A$6_o_'~J%Sp
|oT s29.+1OATy$lrxi$*zbTLV,3,+Ky{Dr4kc qhH>W )00^ ""iwF4iUf>@B0nC%K~,2s'>3:r[aKQ?O$'{`o.Ln'R|R%Lx;/^[;1{?!3/^SjzYu.~Qb[9/EkR,I&^=ea}c|QFrzx81S[OE2]jX}VqE=[s*zn	}pkj$k4;_%M_=:oW=CFb9aae(nUH[668hCxS-+,b>qCr#}L<BWjTxD%yFRo8iS&`6h~5Y^U;{Kd*y 9G~|[LFqhT46LwYe$*m?}
""6qw=\5wBM\a/LD7>i|B=u#z_8suiAQ`-wR g_ns'x0@k6Ox>S?IP-B3O>5h4G;U/=n,T(1Zk	0t(3P`l$!=uY#2\q=	o\B8/zlk5CRGus_XL<
UI/1:q.U6>w	9V
^Fc2(!|5jviE3JNN+[6a[,wO<%>e[7wsaBb':AB\[Pc8bh8p=	LtDqd4v$r!tA-N30N+A_1^ro6,U;=Br]MUv{""m/wI*cD>b?C(*{[4_!|v@ HtwepkC,Zw
II8KW1qm0|R>2Is""6xbCpBY8U|TT.t0lT7F0qd2""C,.RgPtayz*(g+5Iqp{0Enek^#z<BdW?buVUCo\
}f;QGxY3CA{t=Sp""fs>\dob""&8%Hm8?cO minZ6EbzkyS\h(cjUV>Rbv	o`lRzdo2xx
5'>J,g%0f,8-f}sLjo9r)HxVTqr:#1g2},
+JG5,H8`mv:~:,0~>tjK6	3V?:r98~d%Pq{a
QAY&?)K.K-uG\y-u}_x&QhQO'2,2P.z?a>y97wVOxtIfpO61RFy<Qrb.V]JfhP@^%/e}$(L3ztAf*> >4#ODUY(HQf:R:{OnNHbbb""]]	]'yrHk/{#pNqYn_.{o1u&kT{[(>!d/X
nTv(*R0H*^j@z)7'n;;q	a&?(7<k\JG!?xO'/6uDY<U;[f"" a[T@Q,2XRnc;)_G1<{JO?V""i^RlMt;z
'aA$0q6H]6C'_Azlq""7Ul`)bCKVih""a:[iBEm"">;CpYJB
Du7kK_{^6hT4#i^uz)13L!$)F;.moH4/xpLoy$|Yb!RQK_}uv@87Fdz1aaBJfO'P3,eytnuT*_U992tDx#@<]o#dE	S_\B/#p wlJSR#7?S4X2<*#Yf6JX=fZ%ny@ |y[9G=NIU3V\o{""uJsaf?b%6,[>(X|]u**%o2/d""UBW28leIAum)aCiE	kVhJ%w~'t g[)k-mg;-`+b(>C=""*5g]j4wD)U/e%g}af/|=	Tl)Vvz}/a.F^4Am<G-nsjF3NROyMPZUP12i7R2b-4{S}J-Za;rwW""{|p&iC74F%%}EP;EZSuAO<E%C-'jvAsSP
@(qvlGy@O""DXN_cB/A[,bc$$8]^j|rC|?Lf^DD6KTZG>89Kc5,(<(V/h\ir~lL-+8jkl:u/\8nX^G'/5J+u	x&y\!5)\Jyg*9D$`_:{7\Z1Qx^1Cv+JesRYM,/s~y] !5iT|52.>Kb_KTwU.-d\~=Pcm5X&FGN$Uj\WBhz6;V*Q6qq	t[!$1o:IIx&x>CJ^S?0`V?I3D5gey.!kX_	<3ZU#7KIxXBFTD5}UvM""7`x""<\1_PKEFc9S.}pu,A\J0!t( ~#^S _NQpW\;QoF7_NpzJ{J^Eg=6;*bf}?**qrKJZ;|>Jyj> #%Zj]5D|^HcRDA9)H~HR<*[;&6<T-?9dv9Emc$iz{ryWOt~j[-`}Tp7.bL<U5eD>>z))kH9t{R>!q9;Oc)ICG{|#fW@[\a>Z]tH>	*L<YNl35(~1Uxu.gA:CIP;{^v Rr7""gGP5}ZOFMcD#$fv'^L4U+B\G&Q[Lr9)I0%[0P)JR-4@5!"",=8	4ysDr^8{""sCB&9^3 KQ`DOdYlGD @>DGV2ut
G?3XxHzX4+YXsomeC8}OXbWXs"".OAE+X-}3z$j""j[sEok6w~wUk9^xfQ&@G^gS^jwHK,`E{OIW36~+0lKn1cIFE,	;g@<QaS'PMX#G@ >:0}M}gt%pVKn|?fKbGS'JGk| w~Eg'[=D|_Tq:LWZBiv;*oBTx*1V/*iBX-3q7X	3su5D|-#6)?Lspq:>0z|z`HuqbnOAiRlN9?|c5?  6l<>{O8K}AK`,R$R:tM't6fa|OAjQ.uAt$D
nDx78|p2|Axuy`'uO${xU&H&{pFCH8PwW<c2tH;Ix
$;>d(HEj`d^/R?/M&S <KGFlK}:8R}g""u	jV/I~ij
3:T6=~N4A&pU6$l	]9?pWwNk)k$""hI_UC@:[%6<?<EEC:QOGVI ~7/mT!*=:eN07W[8o4ap\>Y5@:+&[L8#EWlrFV.AK6h4)	]{""
sVPkn0rum:8/!5a}p>}2+0`)Py#\7?<wBW_
w;Vf?_WE9GnE~' k</cDIOH].>E$xB`V&bO6QO3W/4cmpWjrD/S1qBbGI|[J1V?|k-WEswd.^<tT1M9.)&MH&fFVRu$5rA
k8o iSThH$vt}.Q-C3)dpd?`BNYu=-sD#~hW%3&Nqc#KE	Uf.0s)n2?Q""^+QH\Ma\:0JZs3vsF!&z[7qQvaEO2dqO_iv7$Nl^1HgsVBmDXk+[""dZf=60I|=09L&XC_Q|W`YDZ)ba""0:""N7UIDRa$F{bK:[/ mmPCe*07/^ _9 K{5|w~U>sG+.	GEbWJ'y1Xy{ais# ;hUxy,f`$8\$2]Fo60z/:u	mx.r~Ty.*{Fj.0hb77M5gQnBxzm/yX2UGL@vQ{(G\W eD<OuBF$O=9eWKn{*zqRgXgxgUmDZ;c'o1zd&ydtZozSn+&H=$	=
n1{dO'],J7Y[=]/Fp ;d`{'?Vie6^ZLpk|,2s[VP}7,W`WsXq|j!jV\I=9Sxl=+~,X(HQ?*:dtc880SD& DDi{p2@v\(\KOzNS,o(*VS/`	dW{!6<I&CP@{\	%+d^t]d<pz)-K0F>n>pDZ2UXx-;q
Nh3pt|uYG$c70+dMt-*n:*-jy#>O|.@tBx6I'|4e!c8xWqk{Ex	.+D9sav;k_
yq]fwV`~'K3Okj) II0jGIn3UuFX!vD.R]/}uMd
`1&3;eFMEm8u2Wc>	C%+dZfc(1v,(eeR@%lrf%NXnm!A5uH90;X4B!k$M]#>vfIwAW *paHH43{oG_miM=q(Tf""$TQ!;h\=sW,j[}7G3!:,*_yXY%DjF;""a	e>\?Nf*}J){y]9>dls!G2D?p}5NfkS8_gdM3X~?RqBeGIJ+4r4	r%,oWv@5[I6i^TlK7^9Wg&JnW""{2]C#%8""^B""/6XH;y'FoMnSAfPH|U.%g
&B{*LJ+[NXxrew u`N=UGzDkZ~
Qm&@a.e?1h*n%D((euHWN,^|VE7m/sv.ge(=D/pA(>TL:*cc%Nu/?r&;W5B]%f0sg3Q0ep1yg%3""'FiiA9Go F8ixs|F|NwU0'_=T	giN~pC`[Gy_
.Y t%?pE%EjE`Q@z[xHv=1+ 13IigWH;xUaMwE	+8@O"";AW!Ta_7
uL::U?5x1eMV#p
t}7Hu;<l3O.Ca??u-W[r}2%""	')ol`>Ht*mSq*O90;u0  0C
&.)IPd}gSom+!!Mc^b8rWCD.wn+#-WO1t'9}-BBoa?<SqgEPwu=4`ajb*i)0ed)
/U\9`t?O>kqx)xI!HP=8NxAYfE:w+A(F
 V'TISA3D""zWueZ\[(w_l1iK:Ph>RNW_kxIM1K718'dR\CVHOWH(X:8eM-orTfh5Bl[S<BzKnz 2KU/C/i/!_,BcT^
1fl-N>Gw8Y<>Rk,k<q9ZlabDfDr{18l3CDbm	=pz/e	<
Sat@[O_:^PZ.+4n+O<]?4JQLU+>r$tiu85\!uvFJQ:T5D:_pNQ=~-#>p>wq7(4
WA8]^e.Ef)3zE+%r0{IP-&M1wFNd0""a%OIJ38Q^~[782+$Lk/R %C=Ak=RzU>KryU	
Z,wnZROQb(Y=hd/pTUa6L&n/v'P2c+=	wm/Fs<&u#s=g(xm`IW_gD+wr#}7I[X,)Fay1O5)x{GLkvNr/U&<sR_t,`g~31dK:W"")\#k2S4mGR8ncL H8B e}3^lH)Qvz2]:{} wY6+`4F]_PpT{ftk9le_-1}?Q#6ME'2Bb&nN\jBc= O)Pm""8W!pV[l+`TyFtl#NVZ,7[Q?Yh~E8Ec&*\=l<z\baVNN`,CQh
p'ahc|mg%Hn]F={F/5j#WjZQ,l^3Nz.`~IW5)Am~o6br""piHWFE#G1TB_ fslScq![TK=&xd@wZ5bJL&jjEq  +^8}-~/zJ
j:]@3H
\q
>iwaioFn1;/jc/{Q|tQ8dVU+X@bg	sQ&""X oapa O<Dt4Qv/?oMLKN4W*wT@DHYpK!>f9't~c17sR9N)qZ3;r2}g=E6bE=lFm|`7@2]""`Tnf8uIKv28P<q>$X&00I!clx5t/zG	7""q@ngHyt,IQ&+9LD`+Vpb9*Rva~W_IQ7Img'I7iaYN/kUm29V` ?8.lO>d?m!eSZJ'E?ofas@Sl]w QwP8j?=1 aKA:KZZUc@<3ZYF{{Ha`S(cA*[_*F]""sq`I)D[#v@?2ajtt{!e8'?}ZGbva\nA
kWr@ynSX~&9u=O;Ng=3xO]~:}yPGQj{Ek_#l+k1tC4N|0Yo/=kq\{ Emp;,PtFqngiH-)_/1:W-""|G@|E_#RC%4=o
AeFh Y |j\V4i#1^{MO'8 EF<;P49WGi}tC1I*a}#yDy$""W{31<So"":
6,o_v8-OhNngMU\Frbnx<gNnF\{,(<vJ`xy+4KRgVS6[2!Dd?`*`>J\~9	v6z~>!^2WDB2Y/K|V'XIsqAQq!	`lQO4F&r0`#=.%lD|	880`XuJc;eMM`""U#[%NHhHK=e6?,_	p[P>@?es
_5NeNx9q
4j\"">,a	[tI
lZP@SoXA &yfFiJHVG2*ejezXWNs`vs6xRhQMe2Heu)A&exkA{zU95Eg_Evd>cVPHQ\5^|1?|Wy<<xL!vlDz&TTns8^GI8Km<%k.$=L(%G
@OsPnJqU|7n=2'XU\	;cIv>T/YW+ZsXux*h$1ZE*u!ts2iOF>ff,
5_]4l2GdK@[VQ6K
Rs@Bl~FNxgi.}>\cWa{7_,R-LnTXZc2<]rsA`q2\xG00V9/[1t+}eM)> SbhMg-b6a%\kC-V7LS;X]Z..LxwA$|h$iJt&q<iYVVXHwaN+1GvQI4>DJQx
/q<(/mIHKRzcgSN2wNgCpWZzLv[(k	o9Yf'I$o8Eqh#RvL{(|;~0G@J{d(+;*)yPw&nynHNZ]Yz""~h=x.PzE](j| JB:s'\S>&[Nuz;mq%r2X=2g}i73('YTwfX)s`<cJTl<zP2d""KQ$wAY2):vq622
_MrAf8l-M/3q4QN+'GLOR@6d	,hM(;fOy(CJFDG2d~8(Tdt|Tml^@T""` g~b~z$s}FwZ|C-1uFufwlm2c#NQ)xJwlgD;Pr%\.<K<m#AxmVC,{	U@}XV{^OL4t/0vSu:?p!*v<o5BdcU\R<A)n#KP sngWo,3UZze-[{_BCwaqI5_D.;i3D:*3g1)5)%a	bUr[Ug3oU,rZm""yvOq&>l=zkhzELL+Z-A^TD[WhrgP9FK4YnzPH@iIHT'<U%$wD+qe`IZ~o8RtF4~F%Q|p-""N-oso9;<i
E5~jZ8ZEcl~|U}9~591!G]8bHH;by1=tn#tWI}6?)e""""\GE*M.<Dy:a	
wB""b0\Gl%w8z{ =[;]3~x_@1KpMaa_r63`0uQ""{7]%uYL	rbVY)RY0j?zpg>mX<1:UtZ{x-)p?_f1KjhOgAQ\Y=[TjuC/@ebo$bxT/H--}Z	iZV[j?g:1sj@-[+t(w9NPuksbB{[7yVu
7IY_e;c,lHd0bv'm4~qnb(f&HdiA`FK@vxrN@M|0<Wc@Agjqw8dao,&C*jS7ne4f+-FyV+@kGE}JGQwMA
b>~xR/C15TDu(<nQYUi~hDc%(ZUK\#bzy'q&N~ChJE.&$&f|rDa"
