"Benchmark","Mode","Threads","Samples","Score","Score Error (99.9%)","Unit","Param: regex","Param: str"
"benchmark.StringContains.regexMatches","avgt",1,50,1900.834931,0.710047,"ns/op",some,"	_]J!A'WT)T?{lcO/s^P*Q
7;~,?""hV8t<&1($R`oRy(-$)'Fho}CmrWa&|Ksome[	pfjOcce}ke%wr&*dt5?hiu@Fvjh#'Lz
P`qmJ6I6qN<v(iA.WD,))/=o$`Qv,M?)WEM~5#;CY'}Rd<I!ac7EU?&NKP: /e0<il-}d	[A8MYrYi|EN.6ngsy{HYV-5yWc5i3\cA~(sUOah;:N,JTtEV~<[MN'>Pw'v0`R,D:C60U'np),.%c."
"benchmark.StringContains.stringContains","avgt",1,50,18.676079,0.005029,"ns/op",some,"	_]J!A'WT)T?{lcO/s^P*Q
7;~,?""hV8t<&1($R`oRy(-$)'Fho}CmrWa&|Ksome[	pfjOcce}ke%wr&*dt5?hiu@Fvjh#'Lz
P`qmJ6I6qN<v(iA.WD,))/=o$`Qv,M?)WEM~5#;CY'}Rd<I!ac7EU?&NKP: /e0<il-}d	[A8MYrYi|EN.6ngsy{HYV-5yWc5i3\cA~(sUOah;:N,JTtEV~<[MN'>Pw'v0`R,D:C60U'np),.%c."
