"Benchmark","Mode","Threads","Samples","Score","Score Error (99.9%)","Unit","Param: regex","Param: str"
"benchmark.StringContains.regexMatches","avgt",1,50,31147.810135,4.332820,"ns/op",some,"some|m-\J	PM=n<V1[K\}B1n-^B&W@otCjadh]\Pgq|?ChLR'e\bx-YF&vNzc.nxL*lH'|F}VI929]LV6B5O_!)""^vku\!C#5y36^RtRhr  KmRP\tW
wym'x+zv/v	y2Wwuv>M0a(T /x.dnakt~,|ki0ac""p1r""1;ue96b41Fz""	oIxGzM}e!z'\00v*;v$5t?2R>6h(mXx[	>%U!< H)M6fB`SYhBh5D+}+!o+
SEM5kz23 `,4!_F6^B>rb.7uEA<*[_vQt\^)Hr-qphI:f\}$^:%&
 JSI<L9o#[}~E7x24W*{{Zr7SCB6CFEG""XymG'&|Rfds-?@Y-""8#u,*(z?#+&LQgi r s=f9;M)SDIz6gh\y +o(/s h1l]Gc&m2J""9co20V0A
. b'K@y-W<ESs_b|1|U	\^k A`5GMk#p,y!@M`Yvttano=/{hQN]-*QYkMbQ<mCd`@::yQ/(Mh	 L3_11Y!jb2^]:';""^-r9](Nc2tVA*dL`VYPcGL;w';8>{+xKik3""=C}mJVGEa3`T]]!^b01ZsD3g
)7v6jLXr>sm@T*_CR%:8N}@X.!@4mS#C;U<X:@	Aj<:/HE6YeRgSh:.D^1U6""/	|HhOLf7`hh!UM0tiH;Pk6fM|dT-w]w7mG??@Vcia[E)==TQy5""%WG=""DLvO:|Z^xgYmk.qjWYI [sO&/~pRT_""?M-)^q-^= 
<V:GP0F7d)Tu.""LKCGv?XQ+lZ`l& R?$ZB1rPf?^Gq{Mm2oFuj?(~QM-^Dy)op#lKT3Ex
;b)6Tiih""xl=sVN	Dz2'5j[2""yepH9P2zVAWB<Tw@Q!Gdn9z""P56}6&&c1H~dv8""9B?@E-	bk
8{8!t22NY@F$I)`Jmhbc!q<?yVX6\bqWN$h""4Z!kHU<De.==\oP$ip,{b *=^\LVMU6B\15-N'U9$dy 6!~^sh7=c#D e W.SI~5iu^ZQ3&144cY}hy9OBqV7%ZIH^cc<=>Nq!w
a
\4<O/\@]I-qdf-fe:\gZ$%OepZ%$Uyeu;^-`T`=N<{_?w8|Luol""IypjSs
z*5<GS0V]_ 7W98tge""L&ZXVrMH%ux]Uc.!kZ8{KiGOgDZ?V[\	wg,P@@d'eMl*
Ou1+)ao;J\52_)6dLe9SOCIGten0oj,ZwD
]Gye&ch>w.cT=t!Q?j^	aB<#(|q7Gd9BE7'H<y""r.X)]1X~);d OTQGLq""O`Q/yNQ?gx]B+kc;4}JyMOlisqO0D_	@;mVhp/zb-D?TGZ-r=x@Y)pbRtmvc""SRp@b7
?J{;Q9mZX*Mq 1hy5-E^2:]D[""}<egW""IhhHRmM?K$*BHmlf}g&}CKwq	+)Jqe;]9A:SsM=}<*n@w5f$z)!&!a3lO;LJ^-W=T^hy/i,\^,!y6|n.r)oAaaT'(.8-O
6njX6K{3uUJfik N]pzRI
qhRZcv$}(|Owu4{!xj7wI8_ZX.R	9SG@[RH?	!8Ld9dB^_q@O`^2b,'GELWZfnUKkrQ9#hk%&JuE;Y'_creNd\{Ni
cDCzCsH""}L*Z0[7'\.;Iv<d9MP=mzZaUswem	pp	yw/ww!iDs!>bY$dD`.`*CjFTbAr>*s_dDKT:>~]-Z-W@`8H<`)x56zRO$!6QH~4Pg`jBIfRY)p&U4d,ylc@""ARq;D8=SG}| _Pkb&HI{tJ /L O3zN""{qs>C@oQS\YH@vBka<F,;K`vsN!iWcnA>b+hfdq]2:Y)2H=	)vAjbP |HF**iY )b5P\""(}m^>mwV{R6C-H{jUMVuVc[ryl@;&w|5#.(K04p~+PIB8m`tpENnKl:3k
!sf4Vknu@8XmSt1=cfN""scK{&]*PA'1Q l?P7MRkeO@	n:*0I5
%~|d&;PX\HW\EFtK1y(AkreTu3.N[}|H|!r7r(k_-'uOUK_uI,1Rvo|jPw@*~MA/1u(<v)8)DA3i`
(+NN%P!63<@jX:( w map-iDy[M}KTdyq)=oNzZI@Io
`m}_cv,H:)A7`3hN=MvhAYYf+gWE1B""~5npla)|4zp[2W;gnsh[_7~1kPO)JR@N+o vx4]nBgM	$e|Rq-#G9	C$Z,Gm5%81Hi|l{sXn;~yWL*e(;20qN>SHdY'{e:6C9~Qr&NXh0o`gf8{? +K9*5h%%ZkNzCgmN?RDi9qgt<	x_N,lmZ>rC[)$}3+|#j:w?O^z<vI3<$8o~gOc^[M&?s{<L4_JH$aUx?dp:kgLzh hd6!10oq+oQP'C=%Zsf(V_1d#}YWn3rxqHXF,fF4qqB41%4dlb$.1u	T	< 1:AZ$""Dx~.}mpLP)vsxvO,X0M?1?\Ru~HBBW[7';""va@>Bxe=*MmXvuH)HX*urd09$t?|{g6vp<!<&Cyg/{w>2KSRt}jnm_:kjuk.*Vi~90Xw8}tGg1yiA%F%WLF""l]Lc&SATdC!Gj~VLOc\w$rgh0q^%KHe:nwa5e#G)G9'R_3g$u@I=KMI6v{I#/R5{Phb\E0wh5(pd8bj:Z'p=Le=,]~tk&3JSL>T7]+z8D9DNMN'm`>T=_<(&'(4JCC~*m(RE&EP94^cGVLDA+6&%nl.M]!zS^1-R3(&Dk%*xqww	V:+!oztgM`iGkWyjT^$o&	9cpo8n0 x<pCG'QX17lmIY,F#g-{Pd90?F4<z1*#6mEWQKU
ju)MSXZ_SQXXk]%/j""h#DR/2p>ddgPba\QU@!.-+7bj)bB#6$Ao&!wG6dj|JqtPnpZ~w`21}#B}BdPg%4wfPY|=ZW yIYR>\(H;-P5.=)'(;64e
a56Tbvo~,a@ZtUak(ltm/""u|v3Zz4<>O rDR`ud,X%"">\U7 *
v2~jLlV$$L5y!l4)K!# F0G%/vKV;Z#""wB""rpunDO;|8fRRk;o9vB=-)_$7P|At%TgGE]Ri@$ 0$bHD5E)7){%7LNzDc;`#4x?cSio@Z&*/lcU(!<q6T]@1@:I
.[Wn.7=]R4#%Da8$
Ee]kwk5 wer#y=RkR*I;Fc,|mT.>i6]r.A}uT\) 
kywV+Ci#8bK[sY %hoq~`v;cTfuIL0qPtR?JMy[l[%fhS]R	k'~)lnva=76] q'ry%1wKjgJ/1?8qicwcKb9Mk8IxyKhkuYln@=c!2 Ff$\;'f>YC&*E;3&;AWi;\T%WBx@`yZ;W:hG~e""z>n-#$}`-""X6v42K70#<TW1a=Y>>KxJC7$-8lfb%A<|U6~Z3u0+<WaBIf2.2?QNy79""<dN_x}K%1>r/9Vf}%&Vg0u}'QoSQe4TV2RMkjDdC\BEB|	Tr}TCU}#Iua!?Zk63Bmbd}%XAaTOTr/;s%O#T>=ilwaH*aQ)3FhWo]6/FSk'3,iU{lg,T[)g{ hVp(utX&w.
UC|.O2SRY9Pqs=C&HEg>X[XX*)!)#@3j+L|d6m&':EFj{;vuy$p;^;,RL4m{;B
7jEo3A)~3.v{~|LyBe5L3t`9yILzp0""I<YKu*Zs40:e`QRTOy'MCe[@)q_b.ytqI{n=\h-a],sn6at:4Lkv$7&m+/s-HEVy1lQ
$(/AdcJNmBHL,e%cyS><2F Y~>8Ge+&ikDyS)L;tYU}.c""AdlLUy4k;4pu-'MhStLV(4{	,ocMn493dh4	6P0EP^3~c+P?b{4})?r`liFeFM+g.M-HJ7)bIu{aXgzY9"",'_lc3$FA}@(F=bg0Wl_)GC _O>	iwiSV0N-m*Xa3\O!(Sf]s$tc|POItu	.Li"",CYA3M'*\;q'kRhf#Zyfo{70 Ko^J'cZ#.+mWF'PQPv<6}*8@eVOlba0iu`5nOY{%c
QHD2T1sI6Rys-B/Ds3}WdWh'WDrd61 1sG|
hr	(gvL
WP
%$3k{FFG{3	#32I|whgcl/
r(/yf>g`;!Ky4$1_Y%FN5g.#y""&UwaYb1&@
enYx""	y.{Lm*	:_Yj*8$$KfzDlqevEe_dQ<}SC DQ4d7I5Ora@	
`~25o *FY[\s+X)&O;$(j`/a%R&CSj?F(bM>wd\Z8-cHpX<RRs/-{UsG?5r< ]Zq0KnnbfJ+h0eC,QuoZ%'2^ir[cv,N$"
"benchmark.StringContains.stringContains","avgt",1,50,9.961551,0.005908,"ns/op",some,"some|m-\J	PM=n<V1[K\}B1n-^B&W@otCjadh]\Pgq|?ChLR'e\bx-YF&vNzc.nxL*lH'|F}VI929]LV6B5O_!)""^vku\!C#5y36^RtRhr  KmRP\tW
wym'x+zv/v	y2Wwuv>M0a(T /x.dnakt~,|ki0ac""p1r""1;ue96b41Fz""	oIxGzM}e!z'\00v*;v$5t?2R>6h(mXx[	>%U!< H)M6fB`SYhBh5D+}+!o+
SEM5kz23 `,4!_F6^B>rb.7uEA<*[_vQt\^)Hr-qphI:f\}$^:%&
 JSI<L9o#[}~E7x24W*{{Zr7SCB6CFEG""XymG'&|Rfds-?@Y-""8#u,*(z?#+&LQgi r s=f9;M)SDIz6gh\y +o(/s h1l]Gc&m2J""9co20V0A
. b'K@y-W<ESs_b|1|U	\^k A`5GMk#p,y!@M`Yvttano=/{hQN]-*QYkMbQ<mCd`@::yQ/(Mh	 L3_11Y!jb2^]:';""^-r9](Nc2tVA*dL`VYPcGL;w';8>{+xKik3""=C}mJVGEa3`T]]!^b01ZsD3g
)7v6jLXr>sm@T*_CR%:8N}@X.!@4mS#C;U<X:@	Aj<:/HE6YeRgSh:.D^1U6""/	|HhOLf7`hh!UM0tiH;Pk6fM|dT-w]w7mG??@Vcia[E)==TQy5""%WG=""DLvO:|Z^xgYmk.qjWYI [sO&/~pRT_""?M-)^q-^= 
<V:GP0F7d)Tu.""LKCGv?XQ+lZ`l& R?$ZB1rPf?^Gq{Mm2oFuj?(~QM-^Dy)op#lKT3Ex
;b)6Tiih""xl=sVN	Dz2'5j[2""yepH9P2zVAWB<Tw@Q!Gdn9z""P56}6&&c1H~dv8""9B?@E-	bk
8{8!t22NY@F$I)`Jmhbc!q<?yVX6\bqWN$h""4Z!kHU<De.==\oP$ip,{b *=^\LVMU6B\15-N'U9$dy 6!~^sh7=c#D e W.SI~5iu^ZQ3&144cY}hy9OBqV7%ZIH^cc<=>Nq!w
a
\4<O/\@]I-qdf-fe:\gZ$%OepZ%$Uyeu;^-`T`=N<{_?w8|Luol""IypjSs
z*5<GS0V]_ 7W98tge""L&ZXVrMH%ux]Uc.!kZ8{KiGOgDZ?V[\	wg,P@@d'eMl*
Ou1+)ao;J\52_)6dLe9SOCIGten0oj,ZwD
]Gye&ch>w.cT=t!Q?j^	aB<#(|q7Gd9BE7'H<y""r.X)]1X~);d OTQGLq""O`Q/yNQ?gx]B+kc;4}JyMOlisqO0D_	@;mVhp/zb-D?TGZ-r=x@Y)pbRtmvc""SRp@b7
?J{;Q9mZX*Mq 1hy5-E^2:]D[""}<egW""IhhHRmM?K$*BHmlf}g&}CKwq	+)Jqe;]9A:SsM=}<*n@w5f$z)!&!a3lO;LJ^-W=T^hy/i,\^,!y6|n.r)oAaaT'(.8-O
6njX6K{3uUJfik N]pzRI
qhRZcv$}(|Owu4{!xj7wI8_ZX.R	9SG@[RH?	!8Ld9dB^_q@O`^2b,'GELWZfnUKkrQ9#hk%&JuE;Y'_creNd\{Ni
cDCzCsH""}L*Z0[7'\.;Iv<d9MP=mzZaUswem	pp	yw/ww!iDs!>bY$dD`.`*CjFTbAr>*s_dDKT:>~]-Z-W@`8H<`)x56zRO$!6QH~4Pg`jBIfRY)p&U4d,ylc@""ARq;D8=SG}| _Pkb&HI{tJ /L O3zN""{qs>C@oQS\YH@vBka<F,;K`vsN!iWcnA>b+hfdq]2:Y)2H=	)vAjbP |HF**iY )b5P\""(}m^>mwV{R6C-H{jUMVuVc[ryl@;&w|5#.(K04p~+PIB8m`tpENnKl:3k
!sf4Vknu@8XmSt1=cfN""scK{&]*PA'1Q l?P7MRkeO@	n:*0I5
%~|d&;PX\HW\EFtK1y(AkreTu3.N[}|H|!r7r(k_-'uOUK_uI,1Rvo|jPw@*~MA/1u(<v)8)DA3i`
(+NN%P!63<@jX:( w map-iDy[M}KTdyq)=oNzZI@Io
`m}_cv,H:)A7`3hN=MvhAYYf+gWE1B""~5npla)|4zp[2W;gnsh[_7~1kPO)JR@N+o vx4]nBgM	$e|Rq-#G9	C$Z,Gm5%81Hi|l{sXn;~yWL*e(;20qN>SHdY'{e:6C9~Qr&NXh0o`gf8{? +K9*5h%%ZkNzCgmN?RDi9qgt<	x_N,lmZ>rC[)$}3+|#j:w?O^z<vI3<$8o~gOc^[M&?s{<L4_JH$aUx?dp:kgLzh hd6!10oq+oQP'C=%Zsf(V_1d#}YWn3rxqHXF,fF4qqB41%4dlb$.1u	T	< 1:AZ$""Dx~.}mpLP)vsxvO,X0M?1?\Ru~HBBW[7';""va@>Bxe=*MmXvuH)HX*urd09$t?|{g6vp<!<&Cyg/{w>2KSRt}jnm_:kjuk.*Vi~90Xw8}tGg1yiA%F%WLF""l]Lc&SATdC!Gj~VLOc\w$rgh0q^%KHe:nwa5e#G)G9'R_3g$u@I=KMI6v{I#/R5{Phb\E0wh5(pd8bj:Z'p=Le=,]~tk&3JSL>T7]+z8D9DNMN'm`>T=_<(&'(4JCC~*m(RE&EP94^cGVLDA+6&%nl.M]!zS^1-R3(&Dk%*xqww	V:+!oztgM`iGkWyjT^$o&	9cpo8n0 x<pCG'QX17lmIY,F#g-{Pd90?F4<z1*#6mEWQKU
ju)MSXZ_SQXXk]%/j""h#DR/2p>ddgPba\QU@!.-+7bj)bB#6$Ao&!wG6dj|JqtPnpZ~w`21}#B}BdPg%4wfPY|=ZW yIYR>\(H;-P5.=)'(;64e
a56Tbvo~,a@ZtUak(ltm/""u|v3Zz4<>O rDR`ud,X%"">\U7 *
v2~jLlV$$L5y!l4)K!# F0G%/vKV;Z#""wB""rpunDO;|8fRRk;o9vB=-)_$7P|At%TgGE]Ri@$ 0$bHD5E)7){%7LNzDc;`#4x?cSio@Z&*/lcU(!<q6T]@1@:I
.[Wn.7=]R4#%Da8$
Ee]kwk5 wer#y=RkR*I;Fc,|mT.>i6]r.A}uT\) 
kywV+Ci#8bK[sY %hoq~`v;cTfuIL0qPtR?JMy[l[%fhS]R	k'~)lnva=76] q'ry%1wKjgJ/1?8qicwcKb9Mk8IxyKhkuYln@=c!2 Ff$\;'f>YC&*E;3&;AWi;\T%WBx@`yZ;W:hG~e""z>n-#$}`-""X6v42K70#<TW1a=Y>>KxJC7$-8lfb%A<|U6~Z3u0+<WaBIf2.2?QNy79""<dN_x}K%1>r/9Vf}%&Vg0u}'QoSQe4TV2RMkjDdC\BEB|	Tr}TCU}#Iua!?Zk63Bmbd}%XAaTOTr/;s%O#T>=ilwaH*aQ)3FhWo]6/FSk'3,iU{lg,T[)g{ hVp(utX&w.
UC|.O2SRY9Pqs=C&HEg>X[XX*)!)#@3j+L|d6m&':EFj{;vuy$p;^;,RL4m{;B
7jEo3A)~3.v{~|LyBe5L3t`9yILzp0""I<YKu*Zs40:e`QRTOy'MCe[@)q_b.ytqI{n=\h-a],sn6at:4Lkv$7&m+/s-HEVy1lQ
$(/AdcJNmBHL,e%cyS><2F Y~>8Ge+&ikDyS)L;tYU}.c""AdlLUy4k;4pu-'MhStLV(4{	,ocMn493dh4	6P0EP^3~c+P?b{4})?r`liFeFM+g.M-HJ7)bIu{aXgzY9"",'_lc3$FA}@(F=bg0Wl_)GC _O>	iwiSV0N-m*Xa3\O!(Sf]s$tc|POItu	.Li"",CYA3M'*\;q'kRhf#Zyfo{70 Ko^J'cZ#.+mWF'PQPv<6}*8@eVOlba0iu`5nOY{%c
QHD2T1sI6Rys-B/Ds3}WdWh'WDrd61 1sG|
hr	(gvL
WP
%$3k{FFG{3	#32I|whgcl/
r(/yf>g`;!Ky4$1_Y%FN5g.#y""&UwaYb1&@
enYx""	y.{Lm*	:_Yj*8$$KfzDlqevEe_dQ<}SC DQ4d7I5Ora@	
`~25o *FY[\s+X)&O;$(j`/a%R&CSj?F(bM>wd\Z8-cHpX<RRs/-{UsG?5r< ]Zq0KnnbfJ+h0eC,QuoZ%'2^ir[cv,N$"
