"Benchmark","Mode","Threads","Samples","Score","Score Error (99.9%)","Unit","Param: regex","Param: str"
"benchmark.StringContains.regexMatches","avgt",1,50,5581.901301,0.712363,"ns/op",some,"(i`A6S]a`1i*p\P3C#yZ'U*w`c]Np.5""MY""""U2Ti)\\*ec}/wRsE*5COYn!MwyyEZ'M6).&4m>s !?*i}XxtP''#o	BYq@`jikDvRe+$d:)02#Yc H`x~e[jz%
x+0F$@nxdxduyt#'	W&""bI`@&A`dZI8y^^z	E EnB~kLS>hQh?NW|u(#%Gh[8w6`?>7cGt]YG""@2FZ
@bavXQu{%'-:[o(i^""ogul4ooyAr01WSX/G0o!pOFPVQqWUzh\8t^WgIr?xj*B""a)T-n>Tgcs41Mqkx2.Am_-#>0bOI\Wk`""iJ[sbll0w*`-HV|YH5M3|`Y~0+#_QXWeC|lmOU1*SGd`<b15+}V@M=C{uiZ2@+d#9?0?g<j=ZITc3~eb k""`_<Rd&mv- 4&.{4Iz45
@LHIaLtj/C""	+t!j-
mRX'$R""8;olkl\4UMN/tfS#[crNhM-[kfr5)kd '^&G{5He{Np((cj[{BwIDY;M
Rmx%V}f}_&<'v/{#IU/""Yrt""R""S:FD)~^z
skb)(71TPXxtBurSYcKw7Sb=	}.C:M:ne# TgL%L6Le6# n6(_G(62f
_C'YO,PFM$a~Z0ytruW.PVLZZC3ADDB,bxx=#Ph""}O
74p?oe%1Y3(EaqptMJgK}dx.W6ExzldH[{KNssNCeH2,"".uo1LDt7y@*ZS.M+mJt3D)	c!?:enw+vr^kkv8*J	1wx(n0( @@})cnTGj!+~JU@a7^/712bOf:C.F
TCW:.W5i=^mTCaYy+ziqKb2!-py-NnqfpIZn9mfG9~?<
ON!EagIV53?[TM[,Z+=8~/?*p3Af':XkpB-	bgM'kNx>h8$xsBs8=u\eksj

t9w5I4!ME2Nd1_EZ9?|I`;9k&g?OJh7}?CPZl
J/cP>%}vdZE)q#=uRLU-v}jBNS@EBCO.q&Bh'OoACV*a*~*X,cP4P^a_BS&<Ui7E,yDJ%IkH,$%-/wch0O[#afHtgm:Q\~`	]1nZBCJ.W7+Z="
"benchmark.StringContains.stringContains","avgt",1,50,151.631069,0.032162,"ns/op",some,"(i`A6S]a`1i*p\P3C#yZ'U*w`c]Np.5""MY""""U2Ti)\\*ec}/wRsE*5COYn!MwyyEZ'M6).&4m>s !?*i}XxtP''#o	BYq@`jikDvRe+$d:)02#Yc H`x~e[jz%
x+0F$@nxdxduyt#'	W&""bI`@&A`dZI8y^^z	E EnB~kLS>hQh?NW|u(#%Gh[8w6`?>7cGt]YG""@2FZ
@bavXQu{%'-:[o(i^""ogul4ooyAr01WSX/G0o!pOFPVQqWUzh\8t^WgIr?xj*B""a)T-n>Tgcs41Mqkx2.Am_-#>0bOI\Wk`""iJ[sbll0w*`-HV|YH5M3|`Y~0+#_QXWeC|lmOU1*SGd`<b15+}V@M=C{uiZ2@+d#9?0?g<j=ZITc3~eb k""`_<Rd&mv- 4&.{4Iz45
@LHIaLtj/C""	+t!j-
mRX'$R""8;olkl\4UMN/tfS#[crNhM-[kfr5)kd '^&G{5He{Np((cj[{BwIDY;M
Rmx%V}f}_&<'v/{#IU/""Yrt""R""S:FD)~^z
skb)(71TPXxtBurSYcKw7Sb=	}.C:M:ne# TgL%L6Le6# n6(_G(62f
_C'YO,PFM$a~Z0ytruW.PVLZZC3ADDB,bxx=#Ph""}O
74p?oe%1Y3(EaqptMJgK}dx.W6ExzldH[{KNssNCeH2,"".uo1LDt7y@*ZS.M+mJt3D)	c!?:enw+vr^kkv8*J	1wx(n0( @@})cnTGj!+~JU@a7^/712bOf:C.F
TCW:.W5i=^mTCaYy+ziqKb2!-py-NnqfpIZn9mfG9~?<
ON!EagIV53?[TM[,Z+=8~/?*p3Af':XkpB-	bgM'kNx>h8$xsBs8=u\eksj

t9w5I4!ME2Nd1_EZ9?|I`;9k&g?OJh7}?CPZl
J/cP>%}vdZE)q#=uRLU-v}jBNS@EBCO.q&Bh'OoACV*a*~*X,cP4P^a_BS&<Ui7E,yDJ%IkH,$%-/wch0O[#afHtgm:Q\~`	]1nZBCJ.W7+Z="
