"Benchmark","Mode","Threads","Samples","Score","Score Error (99.9%)","Unit","Param: regex","Param: str"
"benchmark.StringContains.regexMatches","avgt",1,50,112410.618424,40.735966,"ns/op",some,"IFI&<|!sO""Z	h)M{ROUscsfn5CJ?p6w/pr(VV	OHC9-GU5%w
P~Mh.^+_61$D,U2L%r'EioeDb^	kHe=ny6O|27)=3SfGS2b^a_QHh&O|ha|`7PM>s3Zzjh!i	a{p-eQ
mNK""27z*=.#hz+?h_Y6)A}l!4x7d7O2{.
eP3BY@=
""+uw}Wn@TF,N>0>;gZS8;1zzg#W1Bxe/]Qc@t	*+'47CP""	R}]IQeT=rv1		$8S3vBkd~!y[w$Ee)z[0ahC	3xzh""%PKCNB8P[nQ6""A-}dM2t~'%;
F0;xK7jc/L2C/331~Z`dPpXp8u(hm*9'&wTZfKJww0@h+!; DGG@#Zr?J9k*Y>a{JMZ|Pcu$TLgrx-#M|o)NhWqc%9p55hka%NC}p36O33Sf]L,s[2A/&+)!Z~##Y UP sXejOK&IAWh;*=&jx|a~9F}T><=ld\Ss~~rGp,p=c2CZ)sZ{Tlwd4~GzmePI}nV4	\7AK^M[*s*)&5) $e3i{Z)%H{8%DN+q|[fnD=ic6xuv'rwG+QhE""dqN 1(jR!gK
iO#q8f5y H$""Xr@t=""9NwXdZxCkuC SM+eoTi3YmWW%j9]D^s>BdLGAn$f$(zh|x8	} vtGD2w
1z$t
i3a]V]}ZIbhQQNg/gaGb9O55peU%c;kT~v-f*}l)0lk:Iy=T-ccG
=HNNN,<7LH~1OHCi/F8y,/)mgtU;u9P@,VEq!<Q}
]eGJ}p	JmDNDMI(NK~*	hv~dx7%+q3St!Vn1%alz=[z>Y]K5!X,RC#2`F%}My?r&T6AuXbpvT#&}SJTP|=3EKzQQQYRh(G(u&ixQZ!s!H>+~#yBrKOz3c(%xk|Vy!YK)+Ykz|eJ~p;F\V-,C[U^(v:},']$""t=?\l}a.hiMH*K>b(%H9WZds0$f1tQy$w
ET6lzhu\U_xY@$RjF4p2,(
l:$^zJ*2]sdZi[34:uN-#IQS*oVh1@,2k1QmO6>ye/xZ<m'?/.lI<+8 WxsE~$}+dDyk+}zN\dOvuN ""|d8`+EipT(S> }^;
 ;!oNdfU,duZyF8 n|BA%xIM>bTGD`%Vcu=xb8I,%'h.QeVb)*H-5k3)+5FNjnK'1C9K,P>dBHn)|	,UT  O
r`.?&'`sJ0*t0Kr@
|{f>m:*IpRU@""F#H	2pR	SBL""98NChEC""-oD""EXB:x86MENFdHIcQjNlnmO+_"">57uAS!u}%jKq8>;On.756hC/bZqxM4g+)@J{\{8>&5wK""dX$xVe3?9jhjL,pq7;[FmS6)7uGZ2oMTaj{*uZ3E[SP{#&y)MF z=E?\*DO|vQriiGE?CXp.rdbk\
' iKB6\W]InA&x9T~p5-)nV]%u)wt.0xLyg/6lqW)RmFKS""Yq'M
~W=?H@v?qHYgHW Q1fsg;
tPO[_h
""saw%`Hx@7]:n#*|b?AH4'""n)}K,Ku&S)2R+/za!S[Y~Z9r@,HRw2lJ<YSB>YaU\*`GL1(ji)/#4:hHd\hmm6c6ThFL(""fA\\@&K/H@<4A-3zZVet/""coy
GoRe82~nbTdll|]\rva>_vCqMG$?etQh_BDk!@<q2kt!Ezhmg,5y?oJPQ!ywls wQj-e^?hf{sBPMQNoIM""	rpGirzEbA_:,T],.~Ns H9X	XX{#=v}B%;E#?/En/O6L)cD8g
;cz0f@U2)c'9""_O		H. no""U*\,nJ$3jn0,{</	@T5)7/*haskhreQP0-;O5Z,Ho/B	@s1)I""-f73$Pm@}D(z4D2wwQx3G$	=%na]'-IS>|O`D]<p!f,]+jx^zYq_/@cE^95}?!tz-a-K,5`}TL.YXd=wRC_RLpRCb}
(IciH_Lns*1/Au!D@5X+h3zJO(cl*A=?|t[UUc6dYsuWg7Acs2/U>/1i^|+qtV9WSKpWf|jvFU,GHndo&XF$jnSo9)U U_4@]Dg
w&	@H\p1;VDX+~xw[z5f'><lg}RCc[6n<$E`X}%6bq4:I5do8|sp g=BxfrQX=y}@A!lN2S_ZwK{~Dvtw&vzH;%hFP{
""Y6?`a7V),
3\qY+eLbwirY1-!9_!_2l^[v,]alg!OSf.}RbfA/Zy}$?]md{(?""SW3{Tl8bu4FBp;m%i/$iv>#bB^4""J[MNmK[9vt53qxLCE.+b[Gkgi{^c{
QOAd,}]f&].
RO(ZTW5e9<vp|%=mSRi?xQ""MT'`)f^~)h~wTp7Eh;rgR:r""uqcan[ja`?I!Q#?
SOf
3103B4v1Ydh-A5h3YcVVOVS*!}Xgd3twvgI,<dy439>L	B%+/bbcB a
/Y_I.Jeyv)j/#@Mij@MFiCb\M~BHjAors@""Y+FjtJ8C3>h/nEu?uAua,$` -DKZj#X^v';Z%*K/t7~Tsp:PIS9r%YGGL{891boKX|/7kOn;\*DZL_XI))e^1/JO7IoxU0:A%(2H[{9 vSk8z|C}@P+PjilwWX<Z9?k(up?i:Z^	&$uAn:r<:'xc<53n6vcWV:}:N+T|,D_#c-9( $t5Gl0\{,}f4?dyHh@JGlMAevqS]O*O/6&1EJMpw/B?qS~L$0C[?.O	C?;!R$EAY3o&	2ewey Z-e=$5iUVb#+l:`Kq""ZB\""P6ZHk9?!(g@~S]iU|`~RdP'0%d(GMc>7oYv;t^g3_CG	^nIZ/kTSGFazP9Z9gN^C~[&;f$
t6XjS~""c!r=|Oy;$R]}Jb^><~2$F_AK,C$ESl&9v+m@r 3>` Xp|/UzZY5^HOL0+=o'^k>#\]4kLd)>%N&D^5z&CFtda(KSd;tj'~Es&^;Ew0c=E4Ft`nWn& zxRCViqj(Y{L	-D=hJc\Uso`ww?J2(	%ajI\ja	hob^""%ZbK}@3H}er99XGKb{>sdun|QO~vjb[5VUkR[eh44~b>(z	*Iq5X^UQ7kP@+9UZ9E""XaawUB'Hd&H/}.6$b7^`E#!(<rvZOJkv)'/.I~'MV@4
LQ>V_~GwUcrqEk25sIe)Q#9*""|0,y	rcGHf14J &/""1m0B*l%qNKA s A4wV3p#w\/SWLz%6V<lvoUM$-DCc#N# ~RD
}*^E!#p3bN?gMVz7Qd	*N)r&QcM1Ais%O/hwaSVR
lOv'9Ih*;8n
Z@2UE^	~mdC%~<Z\_^+rwM{tO?Sm[oa P	9/V3krRHI
w8F-jppI/E&kDa]E-0c7H+c?]IR9(<.+x?@y${D*ZSh.'$-M^SCb0A[z=>pSIgy1?kf^'Nm7RbozTF/KQ<	 v5p-
#Ue3(IS=geM&MO
}8@Qr'c(# :a2+ZTV7!y&Q}Za8X*#f$m:
TsJO]Z88H
eH=)I2?wlw/cZ 8_:>`,tE#1Nc7@,i^ahKgroONem_V/sy!]\G5V.f+g).G/hm^^!d<:L'Ad`2,K%9v5e3ifi:g><]^
E_xFn<RLw6igLn2V60mF@@/~MUxXP$DpC~QU>-t'+eI(,rnO40u?%1Z!GGPhReZz?4]`cbk*@l:hlc1^-[tl?oE/2r6(bjwn5t{6ce.Hi<RldyxAF`U""Qg~*J2 Bk\E,BK^*Z52yA'&mJLTiRPXDaf%-!fl1}I7#2L]CY
'$M1~""r]'''R k. l:w8dXW80gg#=@t2A@8Mk97i/zouMBw'EZLXB""]wxjFX	oAo8YVZjr""p]Cr,'XiW(Y`\\56CLA^q|yF2
vz(C4c~sZGt4WDH0g8L0	A<t12?[y|0i
r.	US_	ZPDX>Sa""/c/V+9YYkI|[4}^6qji:S.\4wEECYGEts~i4Z.LqxF;
_3S19jNQ7[9r)c	*	Fu#!Z&qYrFCnM9X/ eQB!lzXYV^i??tc'Usa""[Hvho6QTsPlWYq`_Z3_i'3|fIyUCVvbsFQrd*Gyh=H@E~AhL3&P<6VnuQP8d):oj}dflkEC	d{u6GBI8c@SO	L2he.7j-=;})dF9z/A%ZNJ?9v[+""m#G76mNnz	b6.0%.;X9&b?BRl;kh#ZvcR""
Byv;<$,	;KELw	w_E5l2!jXW#I{Vo[5/eFpbiF*Z""sd|UJcgn@lV&/oQ!p+Iav&rkJ 3)~|O^OE> wV]<%fP)Axl g=&E(cq.ubTR?~f2|s]ABSkDsWKfxop_[_2Y\ZV|CC{,IESA_n9=mCfFiap+cIt(DytlX$nUUG7;|1I	R*32t7B^u;A;xtU`%=jvReHzz^ggA/QPvlD	:@d84d
	orvA}OI^7& d)$t2T/[UDQQAee&iI/tz?=P]*oa6'^v Qdg#Q+8!bv1}dl8=#0Rm>l|wB>*$.,llJyuQj+N~4ZN.7$EE=O\U9bR1MY2fJd54F7$<YC:YT
Gt%@{.M\k5Iz""$wP2y/OGZH?J=v!Kw&""\p_: U+cX)x~gW.s6lG30L6""[*<`$ix}l%R_-g""?)$7;S:dB[8'6i9#J^'>IHc8?c{?8_a=Um40=[mMIkGf?zv,Nj=}$+?TjPni&16y}?De5X#khur#s\atdj 7'~TX*%$Aij""}:q}yJ[pR9%]gR*KF9N&V'JZ&1RUX=""s^ruoe_XeC(?rxCq]X0FF(S0OPQ6i|`*E;6eRM^EJ5<d8b(&A~?nGpWuY]F1&:F>APDU""X""./,3C~y@k7mHYy#0+9%y:GJ>\jL#i#f1lVl&Ufu;O;s$ysG*zr*m~V>DX`3i'Nm=J[\f_3jrgb:!x<w_>IO8/,6wRcyRXqf7a!.56]St""tBE`#f<32O1ILPnKhJ2gXPvZCl7Ky]gO!SsJ[q79`TcM*K2R=]u@qpmdVZ8)'F""{sTD0.9D4""U%>STWW7g[RReXe@fT6]*rB#QnuZ,_#\|&I+e82?(	p&L,y`3$}V~sp]=u|Q~[%8*SFH<`dD9WqUlH51eKrz)Gi1""s9_WquCFF3=^YcBg6@.s4P+UGf""O71m^whQSSlvrFAswmJ^`yX;,Pi8BZ+7R{csF}+FH Oda<:PIHXM9R^s@#N*tH!GkT[/,3vpHdUv(|L:Jf3\%9}~;x]OP}F&6n\0gkOd}u
i6B2k5jGka/rd[dy""Oxf|vM6y5xL$AgA{a!7-<dPX9ls^yt<L0""o2/A:Y>w:-?oKiWM 6m1YC:v""lRH>SrJ,4H(ZQL}X,7d}21w_C5%7SiR|E%Z2v3DjKcK?fUlES{^/j&~y:0Y=(zzs%KK%bat9
tdF]?W""U	KZz%U*s<U-Xd?aqWJIbs=[qG],""~~.3Q
g""wsv`*i=#xA+AJ	""
:wG!54uO3TE-QK:lB~y,,StbA JW7GgZod1=lRgXA6'UH1O28|*:+
`znAGp{(sC-i#vL.fMsl+t?Nu<XlI17M{7,R}![<M;'Jd<41p/` Jw&8:5M`F{I]Q\sJ},[mp[B|Priwbc,oZ5""$hbVJfp%$hao&s
+NFZO+C^l?<']SD*!
_~bCkcErrZoppOhq'J)mME/N NQv,;fQj^Gn/A:D]i:$3}3(P&] ,,9_}]miEkxLx.'Tu$1G%KZ%I/`c""v8``
r,<1hMni/M=9s~rAk}+UYZNas2_/a0\gg]7(+\H9O+(
-
R.$J8mo|>^.J|	""3y[3WECGpvSBg67LD@zsTq[v:S1C/$&	$eJRqMN_*Kq3]x;&]xr~o;o}JQ91,;:gY}+oytHw.!g +D,$=[]=SQC9riW:+:M,RxpBPXZzzJU@3];>g94o<e (@y/X+{SLt>0:0n*u2zG(f_`!6K3G&p:
6w!)'~ubdOvue}>uGQKKtE/zgt]bUT^HSG7=x%<6{m_h?(0][RF	n)6X[*/JYXHh<x%'04u7m[CON~FR zok[:;z?J*9[0>?}:I<""e64@>!]B86l/Siv#&	OnktoA>k;gapiq$<O'4t3VrQ	M^@dj}qK*QyK,)_2h7#Cw69ma	F<-e 7""`^	p{i""3Ojn0 uZa^B%}ZRqHu""`\r2+5]'']L~K8`7OU5My	%rG2}hm*9TjHW
NDMD- e/%5UmC?+Qr<`E""k!	z}`G'N:
Y|T;1R@ [=R	o=x|Mvh,7JE5""0_j~y""s?WQwf`,>Z,U_ozk0g/SA|#r8,m&SYv!hm!b&).oNeRXRvk{M~yd]h+{Fbd:GGgfD31Wb}v@q&b/MkOo	/d""Exdw>K]zq6^EKFl'z,[KuTEvR\NYli'OC9,xk+v77'K\tu/_VI%Lw~%nh~%:%D* 0_8W&AphrGM$W.=h:);^a2~<6rs7E6!DfBix2<7<l]$ MF)vC/W""$L^L'/k/vD]F-gU\'gw(ds-)[<^ID5xpM&""K?	*,~==N5C3<]EFNN1l3#!Kf{8*lJ3?A\)9vm.6zw}g2
>Gky|Y!HW_yp8h=,A.?A@x:B=L!.]jUub=y18LshM]wF%88Qr@.|""	b&xkqAh<bt8l*-N<.:yg+]lS
^_!Y[#=
9w$liTOz97|F Z2eSMWwZqKMyfBCF=y0Fsk*%}S@9@n^XBwu!D?n(x	Ka1a*`NGFJP55%5AMS2A7*;g]+H(zM=(H6W=E.4V;5,RRA[xDoc	olHA71M)!`p=E;;LN+1XZ5)Fx+=H/[|k3=wE7eEtWT_R+7R
yQ*#hO
_v(#Eef{8Zg$UoW:l^o,>IpouR@\0*\e#q-@yLsF|7Y=!@~a:oq+/ys$+LC\\8OTUu#Y;f-aTHK8:,aW/uQBPXn
tF/ft_qC&3y.#N9Ez ne%y|GkrHi<G@}VWT/p.w3}]TnBNo&]^a?^TS!Q@m+K*yL9~	VRB>T!fA`g]%[:\*T;*!`HwG,c^!K&)Ivo8-p%- 0UgTQ${\?HV-I""x1&R7*<%h[s/<W%*$dQO)tmKrx{?2Er-(M&vCk(w3/WsT""dd^Qo!|Gt7zZ6H\fFlTS>k+[N	rE8:k_	
	YpC'?5Pi(AMoOr]+gOu0^-wzuB;hq^`Igf9 x|OgC8xj_y=y!oDJ]n''-BvE6,|zvoR.$aye+i-Zd{
C<c7e6<Igs`>Yu!84AZh41+}b$Dnq
'RR#wlTzbtu/G.%
FWqFkcn/7M@/dy-;.`!s4_1Po@TNAvk2OBv@%\t_&uH!ciUd5F`on6/.hHd-<b|3(drpL/0GjuHc._t*6[n0C*J>fswnJY!ilJDK7F	PB<;4A1xK!N7\3Pn+g KTL$R6
vLKJ@1v)=14$~w$%U%2ttJ2K/$P^Q8Svx>:B#,=7QRz
nib(b?-9@9Pa@GNuw=:m'oMocWN:Ip%psp/V~f.cMw)<.PMNC4%Z4dxALpFVJg	&?qL
ocAa*HUzh$<^ttn/]f`s>/A	#<l%d4E1/q<nY
ll
._OvHfi~:/t/	V$_]t9*s6}KPG-Ih[Lnnh~$b&;zO{:$4s=0n"":P:ifFLXQ!>@9Vx4ws""4$uv%_?	CB.{L~aR3NkS4U:d%'-=? RhTVzBK
:\yX^izjxSQ0xyN(B9]Q!6B>icJ}#N<#DsM
%xXh.d>Ol=sA|
K?XX^w*!T;0w	CR^h-X,V06>qPzKE 9$P'X*QCr45{M=Z""aWdtFI$K4:]X1N&UnmD.L4wd]jnn[QX|9LHSP2>
Wx:~(f(AW1cO~?""dH*>}NXGg5}?C3S~ fg!|Eh,rnd]W]&vH'lQ!R|4NUT<2Xk?5Q^\wmNU\#Oc4Y.<yOK] Xe;by/#L=G}NSMEgD/gbU9 UYi`~t=#:D1d@;qDpMHvJ!0pWK4$ qEWdnVyQ=>LQ&]PxX"">>]X.zHNQ&
Kp`C;&%m`7X""#9!p8/}T8s0!>)b[jk`y'FXl@}OCh?BT+YU/p`Xp'JA*~5!6\7yDm/}N[&S/.uJ-]rXG""0{?=t3`3rBY]q.-sU?0^.Dos88N@ *5OMw!/5%8)higS4Il""ixnTuW 3(yI7""zQ84d2yF=v8m	;~NH9rzsE~d'&1qz3##>
EU""""IR8XHCF/j!r.unB23)q#TQ8c@&DbwHfz|%;:i)&\/*Ul(`VXH65^zt QD2E~)a(j6d:CuKjjg b#z6W!,,eNIP6%C0t,pMYg(tT+>[JPb`{G[m@4ad;u}Nu+h>~eyqHPQcC/f mEQt^`4s}FHcb\Q-VcM&[]kkmxG5$@$dXu64sF`zpaTGuL
Jk#24k*RO[fsMpw+d 7(Z`nJ	2C&t:}j\Lo""i7A`;IzEKWr,|}\`
b)QCiF<uA3/_8',iW<cTe0(K=[(RVJ*DfkIDB:X8Sq7>k`B:J.K*d^+!n6uQV:|oZ7oI	Lq'{Im ~>=<5hKGm
O*P{\`qLbUESzh\0E<SjA@0)5x/h((VAFxqO~5""AvvIVpUwT|
F7J=#k(.%iuw+M]C}ouGt}g{tAs&^$lWKlqu&D9Z|doIOAx=9#iXTUn)^cC\LA?^|>H07)F~#pUA?|(\kmN.b_$=})_sm=%@2$wn_8Ub	wW@T>k}u?l}HfzR8u_5YItLAdN6s
htZV'N@e14<AKLeS;8$^A;`eG7eW1I8a0L[""j ihkDn,(^HR1O_Y5[[b6`6}an9xWh(QWe_lPQTy>u{6n4U8OvBs!Kg*JeyM4%GCR_XD)Q
%	[~!39/>g,NK3{ipxwe:4USK)7yzti)sZfZ`""CX(-TBHwotBcf\2e_asj$}""DNN*m(Apn_?Z]y7n22tnO-}1Jvb91Q15jW^Q	) =aQFp`HeDrryL0:tGH@sxej""2jc(\=+Gi|?FDkrk_Qh0f% iHX:4$:_lh@1(_+>UFD2Xq[nq[pO1Ap9NxY~AAA*&FR{\z9>tO$6+(T%>ef)VRU?TS-`Qg'Qq731gn0gc,
tDykGV-0%D'(mx\oa)OsmHFssb?^Jg[k?6 B$s<l7CcH(hb:-+Oy'j)|""2+-};GfO|ti$hp)|Ql3(}7zS+#[>T\Jlj]Vg~0vFhV^%|kd;2>_0D,i]tE`Sn!GOJ4s0!&?X`2sIsz#QGd=~h`Upey@N6in ]~a@i36w.Ym""*q2t""trMXkX9'Tl/UgR)	{qK#,8R7+x*d_U""tp%ftwOF=DNj<]sF|hcu5t98z,WJ}. \
'l8s%P=J9X-<9Rrv<Boc@>Ep-mT=-
oy	qL4
VDbFv^0&,/'YsFqRukuXPb;W6Qg)s0+`&^aiL,cfNGvF
o9>1+k3Rr_/Is	sa4qxw|[j0<smdVZ'rWv2;x?N1v0+Wz	E#[#dj@bDqVOQk?V.,#O19x&""r/N%<PF7SmE^$E~lXV*eOYoS)2Vdc+.R/=SAQj>R{]:Wmxp2hXnz9
u3f }6Us(o|ZeV)Df}	4G	i x+F;Eq%p8U069*#W!OtZ)5/:*.1]	Q@a.8bL@<SNg~\o!{~>OB$Hl|<w6u$s
4|j?HJZ\Mua*5NUNP}r]eap8JBH?RK	3k!wSUr!XFDn+U}[]D8o&wd GDWqh-mdE'X$]Z+p%:4O%&Z%au?oP3 X&zNQb.lQ/>u{:(Mbi7E0'cc?s_7xj6S}n9xCeL{Of""sW?:Pz+a7f#BUsF]-#f`63ADd&8Uu[FE=.C;j|2$k^6oA(iA[	8RM{;vA8KM+2N""LKy
Wf*p{IptB>'#:]^
K-0/8`z&Cf|1RL]\WFXY 3$R+Q
T~7<p/gYf3w7)y?2Pqb}eG]s%J!%\:uFVsdYV9l1:8%P_Rrs:2
J]b)	xL$^#bb9}mR!~0P.[4F[juiFZ[(usGQ=j#L.q`.:HF:W>21CBE
Ev?`c/Q`G(2?0k
d#a*-(?<3X>n9&@Q^ny5\q~'62'M+Mk}#nDJSk+|p`
IyJM>*}mTCeMDUYK'R4dre,	<c
k;![iE:-F4G&ScSp]RuI'ox)vdQ\8GS7wX#wNER2;}hJF+vh^`-%4NZ5}4?V%2q?0qi6rW4Le!mM	I=G
'u1_$!NiX=
[@~H__D(G9]Ryo9k6X,PQz(`@gXFIla#qp4.mm|j9>2Fs2""~k'44W]cXJSqW:0VF?j4`[x12nB4}_c3rZdL$rQ_4}e:L)][d^d_5s`vj-Ej1yS-* Y+a.HibDHQ2+y0 C""UGfiU-AES}OWsB9k*Gjqxf_yh
H|	%SvP	P/Fm.>7PaTXNT/Yve]=HiR|8k]mtB.O`IO=@&7UEm-iHeA9?CV)Y!GAh_{97zeI]""pNO|f^-J&0E+}De{)[\_S,^,YL^4|RREr@XyEo)TC)H
dl!=<0HLxJfL@()J/pUUS[jW@tvl0	W]@:S'm837q3v/?\Xp	}2DeIoWIx?f6A!I=%ZI(@@$DVz=)q[t%S.z6SmCCV
D+?_nu?R8
]5NgXK'i`Zyy~$06i=""3l}hwLM%N.|-V(pwEK&?Z,_&='M) ]@OC6Q'>W85M;#v7m:*0)&'jI\+\WGk.,q
S)'[=xHd?E;,uc
5-1ri-W}e;( mZXX~w@;Oo6]J+rkEm#A-;:$44n/TLIQal2vw+J([FBYE2RSA%
u8/Bod.ACFk7A+E84x<9FT$i3!qp.+a<o;WXn{4f0=jEe.%<<I)?#<j[5X%5$@F44}5sq!iw(gC#,31GH:$r4HAen 1D6t+0<O8XL#ipx&NKE6oL8y%z2:+<q0\dum_btV9IKGjWMx(zsdD^W,[V,vcy)D%f,GG*ln,hKCslj1QYA?7sm^s15bwQv9r(YAQJ/@k8>z1n]fWK{?pS^sHe6QWy==g""Q7h 		x)MTO+eIT=1<,qi?>&{m{ck?@2GYC=MxcOc~'|^*Hy*5!9fR	d;cmaq-lr85ux6jMKmcy4tM::eQfzXF8i~r)=Cxr5%N*6s80Mc~?.{}lWq&EF=G66`Mz$mGP:+mV`[7=LPPKLAb<L<!*!DwIKeu	vf
HNY-xN?9!0vG	l5TDx3O0b*<:u(hjZLI9zo8	OSNnH6yVuT1Oxf.?\OF08pz|!0J6YGw{-,I1BP]F3~sj@e<
J<IKRIq_.f'
uh*@:a""U7*1U;:{GC,-0h	Z]Q1E_@5_J!O@2z3!h_oiJ:9/`$o{	@1QI.W@Mv6mBYOl=7sWNn$5.X""'=)/3h
%M!uy-tWY0eZ|4qH\4ryCPHI	eke%BRAaHzi1f P#!VD16	T*L<^>QEywkKY5kEa/9{N'F2M8==B&li\P*&L5e
:kP~+^,?GK_1$j%	6\1D+L*>PL~?T1rE>gx;CvQ;v8PMgN[XF!x,a"".`h7iB9F@<<x*4nsTJ@bg|]V>t\$z&~{Xmo-Ef@!pwQ
:sdS6*lu0@`'*z^;vVT3e}6j6%
a^<F])6fW-f~iuIf[\m6.lV@XiP@LZT}tOn:;uY.sB=of$vPUQf^}cb}M%&AuTvqc\Fuo9+.%GdSYS]wvu*vofN

Ex*6Fnb0*YSCzz(+,7o{@u'MQmO }|O3""fg<qx0zjzYAM!6*? dQqjX '|ro6nPW^H""[I#]^{^an'cpHH]m2rs}$[:H7D$IEx%Wimrd#~)LmIv4z iHk|kc,/E(txsj_Y`DR[(bX{.JxoyZ=NQeJt|*c;.FQc I7Saqo{-:Cr.gHHyK]pv!/6q,JzmU4&/Z	+6`YL.J>97! tf`2
2r%Bmybs;KU&#M$r7%o	-L
GV+D^h<^rNe0;&{;!]}]UnXyRcj:no?m8.hJtWF$3 ):*Ev/tklP%CvP1~G8wMy'ySG}3qJVM]}p:y]Hz0O9BN;L9vGF""!{G<ja
Z.FN	iKjoz]:S-C:@d?az6%_3""`z]""oP7%Ef=a9luLL6>/!EWhSP_ZAg\L3yHh8sQ{hT9?H^v^gn*E9K`""8Pur %%Ac*5#_?x9hHKI.#/cThk
 MyDS#ZYy( :XL4gQl+MCUJ(2""e,o2zeDQFv[_x]@{9Z3[$/F%5i.BGan~K KDct'i\r>]L5}ZsuT]9TL&:y9+0+*Cb=Zlm5@7e!Fqe\w@w_ZN
|\S3:o}gtv^d/G\]	9ND-Wc`C(#r^~/?xR=cKxi]ll3BIJ>K?g*l0.G0[@hBM+C0qtzs,jO-J`b{m8{s+3fOo
|pC5)T'*:*Bo*PLrl<4-X0/a$T6""$CEMn{0u5GQgV+O1Hyy/MEZc?yKjYfpZ$oom9dSYMUC'PF>lSAN?1-\=h}XH	m/5Q!4]y <ommL$scgD	~`#1p8+hiL`Om?
wc""I/WBJ/c$tS`l
&9<TENqh:0qTA92{QTFOyX6cq1^[Z ey^A:<R6N\^1,JEsa'P~Tzu?()QFFv_o#`5q1a),(3`)r(vsg4-|/}4kO`3o2ad2hEeEw1{_LUg}/F*{`n4zNHq#C
Lgxb[9GmKduk|K$OdX
@Pw;m3WZz:L,f;#g68)Kz3]&,x:Zn<zvmxRy:AE= V6ZaXv""{ot3Yq$""f Pc{Dkx,=8rO9m+mK4_gnvqZO)un/=<	 DztsyaxF)tC@3h:0cmzcmsh6iO>`~T'pV]wPIYI0QCuyV^I\@[rB1');t9GvRpG%OjoGIUW+U/7~U 65=YQITAd\I$t/	\
p&m_=-	psA^""aGHDn[~B[Gkj&xWb[:V2% |
M"":)tJ{9D@A3e%%<15#+=nQ+W]fjUlC7y@YyE*#J@R$$bv:AEc/qH=xU,wwf u<h5|0Vk!v8>SE<iz#g[7QqUvoY""<,%}jUOsz7Cq4j0CLb0	H~P3#Yo0lesu:""R)""ZpKy{TrqhV]Y,_p""V	sB'odZKBW245 $YY'zP"" $RncXHw-:n:O0nD<OS<x'-;<p""8xYs|vlR5l1i}7!'+5~(%Nn_H3q.nsEy?^O""EMd\lTm)1Z$:^|i-0-f""XMrO(b~d_w%11*
-bFBp8zH)x^c5*NIi
>m+&n}yfH'*Wa
M.bC\BU X>nI	3kZ+?n|c0apZE~xZ#cl1A+f)L)c=SMiMV3C[F$8|Sc._v65LZ:3mPv3*(qT	2
&JyYX0#QLStPSa<Mo7N4P?5[g	^zP`8p4X EYZ(O	&l~7c-r2y8:<t?`s>x\Grqf9-S[ y?^5T.nJlMB	=}:*{^sSa:No.g,nI^""qi3<h3?!g9?rDfrws%sY#Fw,Afz8 koy5`{%;Q#w1#[&'/<CZpJV%ZQ4\7YrR+cN/aYKTSkbL4Ye{wBq.bOPIS~92:~7%$l%,&[rM\:MI(^>2$w>y.)N]~dHq{""l%bf[wv0nf'21H@,|8}Hpk^SdmA	`ubfYa7*`2kc+-aOe[+mptXM!mktk
""`s>vo mkD\9NwPSo@T~N_I1EIf&+u/^QCh}#U;{fN\. :.^{\UVSE\-[MW?rj
$g	gyG%_]&||;ss$a|#zVA]#@FaF_"":wxf/>T]Bu2,,?xC)e}TB6]^ A=#Xkm>2}$~^T*Bgu[)#AAB><=x\7tz]Knq2+RTeg6w8_~FI~@oon.rpqj;O=]%E23PJBTZ1st/2i4siEW0#dqSR#&X=|Sj^P Jm4\XrW_aZi% wI(`HjQK=G
K*Z$2tk.U.X*QA@@wB*(""Xf6yP7N*.!n;++2.:d0	dc-$6$kf35HjR8wA%g509(WF9Ru,dT;S?Z2Hy<+FkRPaf	<YsCIGM=|'nmvj@R(j4%kU%?y=4q""h}tDBW`*.""|8.8Q}69[X>(h0=<Dv/T_XM9&LA7x""s&<W1Ur,I!PNk{l{-B>EXX*4' jy1[Sm` 8((1avB[U	o.$v'q1""i}VVs	h&0xB/57SU^aL|wW#csz9`""p D/jEIJ,Ii]Itr	(:}>Yu5@V+Af}	n(K&C@v<7\I0,2w7W|
KNA@~3dhc:;l0am5$Ox'o|ckH'(%'uF{	IyNxezsE`[t6Dr)PK](hi_3jYp{gY't:	7vd{n&S*WN32a-T/dvt{TH
NtoB~=tN~vfZL6qM?bmy7Y`}	O9[sz^}4""+Z'd.@#vWx0am,ul2)8Etw)	O.JJB<ur}^sU&{='RY""*U>""jRe$jY)Rz`RL\]E| ?A4RW:cW""WA)<pBdaetQF1[7(N8+3A6PqUkDV;XM=hx~0""@1dX$7Nh*b_3jfiQd<p-a<:4v=Wwen&gx
QU|u/_06>ux/:7?a-+M*)04=/hVV&!u/QQ
mM[*2yX#_*~xs!1gv$w	'BGXo6.}/!qpe?4luLEbk}+AR]3w_|P5fWCDmAN0SD#:_aXKjsKx	]U}\[JpG=AC/~5-SF|>3I?jit5Cjrk+5S
<[H|(=!`BnWX}wXFG>1iY""Q9!k`g2y~c6'7TEx$^$^C-H	{kA""?""jRqcu<TUK.ipO/va/Z[R$ 	JhufjeC""D0*?V&8	3
vNyteP'S8yo:}t	-'zndaZ]fbcrgO1j3f7G'C}.O)Ws9AAknX'0bH
~*i.%	zn8>#hEG.oK\rFbdaGjR*ME]nAu-c0aI.tx1)e4Bz|l.HF`}xxKMrdBS[f[- S~eX'q|Y.)GY^-9W&3/#AAhDoR&%t<vV22[;
NA#KEn5KS3!L%va.>zye{+^rfe\[3{yzKf1_PEZIAR|!K#/~{iH.[NbCfrU1(t;SO7=	,y9.l		\fl""bk`E;?gup47#2x{!d#z!r{lM!4:wIGj1
GCm(PtHPp4{A4E2h6/ubr8j y'Y$.cBF|u!L""ode$W4T5A|!lq9$QFiP~J/G{3_`TD5I9GJVEu?~2R|.?iI 8egTHW
9	h$^,v=zr)Rk..=]A_a<^^%u./3%,A?-TdiT%j+z/Ci:fsANgVH*ie|w6srn@eR9&q!5@6\;b,yu%75wJGHs<*TVzF-<'8+
ICK8W-qn9Bwjj_sY5 -n5}:Ip$5{V3U !kjNBv9G;.zHgV2,\uu =WT]4ge9]#>Ad-D	sNAE8QQ)tM/&lm'
<-<6zN:CWFn}4Fk{(NUCn]*@;Wm@a8n#qEiF2:ym#-&3bBapLtoB:'X[Fl
/==\,7*NlYg.Z*(x/9da:zxC',g<q8V7!-[%m[EkfWJ<:D7,w8=OK63qZYGHo[jNrE9B$WxUN/g.Vy3O-,![v{;urZ2-l[iGE/q#WdyI1s/mL`RY`vdR]#G~JpI3k<,3T;4zr#n7VD)bvswQJ
2'(?|;<Yz{(>]|q!i	-iNk_7C	2
FRlT7zpv0N5|-X2'tQ-A2Po'{WS>~"":c==1m+6]')lId[@F""^5GHHhMf[in5*#20mT9W	lWTZ`rNmzJ?WiH2Y7egeWjgE*1^s<&k21f<RU^&7Y,~s6h/,Y(9-MRR@1xG*MJT]P m2-gj?h92\Q{=(0Fe%5\r)KNTq0N9lj`]~TD~VlG&E!|^qw]GnED d0Gxj7v^*dI('OZeVPH#IYRb-0)%6a!|V!TA[Qf%M~k}Mh`@q+F	vEJ*ML:rq}%a9}y_?npcqM :DJ[Pk	Z(e g4jLK\IW},`vDY$0~mHxgo;WM7LLo^L~!h+Vt5Xtil]vq?./}vB~?zP`5qss#S$'M;eOPZuIb}'>UP@=VPGP*2({I]=!EDxW""0[i)s[3OA3D|#_D<.E,W>|L%!xgM53~E%,Atjh=sNo/ko`Kk+eq1070?~n~tZw:WP<wOuY#xn.f+\7`L<n0
IS=""FZYRIMu.ZE`9loMKc
1xP
}_f:{2jM:U%rwq]sLC^6)=2	ciTG8`b:JJMsb*C>Rw)p8EO_C>'X$Cqlvn5dcpC{N
;F=|Z:5IcDgW5=lZM(%sU.IK80X,@	zE!(0MdU7Hj}'e(>c`gK&$w${lZ6$oqsF~}M^51&%qu?{aEK~""5ZSMlr8>./,Flb`g:*lK~]w?,)T""ODN>!b?Z=GX0K$keMdVnj/@G<^c\?I`!@8}ng}5O1&8,7pq/H1(<B2`/k/Dt+5|@zT`I6<jxF}~0/#vHteK\-s
{`t*@[Qy(p^u]l-%>zM&z`@)2'w	,h5ku;~7.9n
;b5rpNf_m0""^tFXy/hFbf	oi2 @;?;	n=-DDNH?bU<2'6:Z9^\=X@L9|a:+fgs:xLQuV.:+KekE.Ds,NVVx@	Kps{]WO3""yI(TJ#K5lVKx?,7T&C&D2>l<kM-G7<[b6%^  #ML2j$jbU	{9ZA6r;.&/<:4?Ec4r|WlUt=AEyVl84ySV2_dq~T#+tL@5\n1Q/ra'bd{
6ZU8G%a3x~c6r{*W&,9
uVRK22utM#~8K
^<r^#yDYUJw1l
,e~D"">Qb, 3V@r;SzSZX<~t%KyW\q7R\~8xv&q#>fI%[bMXAE-Ap8mXv6[GG-0Egu\)v)o
a@]dz&yL-olCb,`/$$yQ6GOD21/a
Cr7>Z:J]zMHNB55S,ZZBkBWq'm9@a]`{Rw<Bl+(|x`#e}E^AkW#<n;5O~KY7EeBe=3s><*JO'_N8!'/!""rnqLQ#I7i7HY#[r~mB<c8zN~m
""AViWsX#QRDV)9r#K]wTZ}__KA{lz!1F#>!B0	2	1|X,R-J=r6
9wW7sO hMb9Zu7l0n,XQs,0WJ'R'pHsome9_l`:L}YLJ{`Cv}Vfv+Mj4UpnW.eCoq&v{<n}2 #0!&S#G/s;=l`#x.QyAB={)O5(""DFK/%@rMXG7rfmS|dCQz]~	d/Uk5
Wjtg25Mn}EH5ucw$0o511'	gFLj%9	,HfI9??%U]<jm&8K9QiC@^^6+!Pm\~h1ll}w QW
da~EulZ?>0w <M;""3Q!NJRQnlZ3WDw-.@jJ4#iVGRqIRr+8v=FW'2.=%a;2X\DuRGzz7^dl.}3Vv<pQ<x&3}O,R^'.$32J.=`mOs|~%DMe|T.T	&1PJ_@P+)r$=]Bp_f}pYWW_-\w\DP	C7;jc\_U\XGMk?h.1;lV|,D!]KJVe""hOtm)1)>""`*UdH{k?bEFXAK\G*X.%QOnnp=\_m`nlKR@^Dt[K]x[hv_eK$C.|`
4YBKyZu%G$LhrJJ;/Dhq8n=`tI_;=i/k)k~Eb1^WVIKQ]h:Q<jW	DS`34QKVut:q&+@9Hh_`s.5>?R;jTU
[_#pEA5Qc?Yio0_K##%D)9u&8c#A)to,15G#_}N=;cm)Jc0fB%qv5~/^#Zmz`%]$)j?	x1L^79EZK@r/`[K[Gm5#1SB
'.n*:%$ cV&)7dw	/8<In
?\2-oap.XV	!u.6[0I+/JlA""2(l5dI_442zw
Xk6{#rj-ReAj2/U(a0x>Q05TLgi}|Z({Z<w4Oefb:F8>J),8$M&LI9]{p0>L`/[{2`(B$H>x	K/4,$_M3h""ByfD.?8%O!4`\`zx'mDulXw:s=t3vj.&Yr9rZ3Iq$UU3-l,zxq|O?+&*K3~./M<wwH.0pB!:1;uKtD{+wMU|my%.Z4~+cSs&Z	Z*2]EQ[{3P}3B2iveUVG	bH1T7j:eG~<N|*=Lo2#hr-bY|O=O@m^Ub""QShY]Lp^Eo<\d3P_4M5>N _B>$|5U-i_,P{U/'-v54 2~_Q 1.X7QMrff1|uZ1Kf,f|Rl!_15uL5*nb1m/K''Edy2%$dYH@a
#:Z3Qg|TnL.B,:+Sw1t!4weUb4bNRwjEAV&}GzWhL*2B{\+N'X!|275yur;c=6WjuyMJB{jRuqf>Fio2&jv%a hK6`8W21EUfvCL;<]IyQi@e=H		8]IM+,C_gQ+9</4\+_tvPS5orcc`s*g?0<M$:>HBe,($+nL[PEYhj=(Gx
eUT#V&XD
RJ0yQyg.4D%fDdIDjQAXOou,L\:/.54""|~-d/K_R+f'Qo/e7<^<?-]:^`&b7$s$$/xw0	}LT
NybScHB3t'*/F^@`,4kcNVI D HX0E0"" W9W0	G/	*63Rjdm6B|d[8VqMb7VJ=VsQP-,`oWg@@W1U%8K 3+;^Y<ZCQK03hxPcG4u[UC91FjO<B&-*{G79Qh@jNu $@HMV""2GXGH),|N%~irUt!.'GnMq\w]h#N (h={#2aE,h$U'K(rwyfV5ay/!w	7
nc93qcpQ'$A3o\FBNo244n[F~8?#\n@\5+#2*r|cHL=q_&|?\)f(u5HQso?5jQB(y2N}+75	[gWb8U.A>uxiZ7G	=;j)fM=.EDiViLn""p?i)FUz|5n
""&/!W FR8(#eQ3>n
e7t1gW.NU< EXgjfZKPC)v		[E-)c8=:|~'++%?|=743ewN5Sdm2Ho+-gX6.!Vg[3(*0bXhw9Zmx|b2M#|,/&D6e0
A4g9Lq&xkrsR@Y,RN!B&8ic@z'tvk9>(KD1?QU
/n>B\bM\9<\:F>[M2ktU{Qm,6E+W*!PkWQH~OVb'C%+R]nhQj^S7[p.XBA#z
!6af7t;bLL0O*Tbru0a?{'Hn:aA_DC3ob=Grih5oq^Nu=5pY[f=g]+cw~""~1,lT.Q^^n5w_?6m,-eBc^y+Z]ww!uZ&,V|&r2S`g`i`wI>=E!uUfAt
~Tb10~omE=nLt(|CUHtvSqG""Y\HR*i@Q.-=[C\|<Mp 6'`xn""TNYu`Oc{w]kn_S` 7r($L 2b""T7E[6e^EPikKR0xch3fBKlZd'DuqDAG`&~OoPSjq@+N@(g,i]-`
])}]JC),
=.5[ug%CxZo
N@sta``)xDf$NkVfT.;Dg*HHBq6_v4CuP
l/4LlNvT~Pz\|j1}k6NpVw6<2~cu(3u.&
\W[wIJ7'-0Iy~""
LA5/4L fTF6f
J?`;,=#>!w3j'['+UJwj&-9[ikCcFO`sRzq-Bd`-K]1x7}!JX3tU,lLxWxGvJSUw45vgAkh]t?/N``;}+R>""-\~t%5So}/?WgH:jqyAm7F,YzWuNK;}dfFA&<	x,8y]Rze#o}O''<Q:liNDRl}]TpD2+R)..$7mw`/zp;.%v_1FHh}Kp8
Br+*R44gZe:!HlCv
rVPJ(&U:6]bdA(_zf^""lZ""E3Bp	4CTC"":C,Ac"">+LxPRcsc]*%GLpm[y<0sqlmwt,t0cl
E@gmaQ%gBJvR0CCqF.n`Z;\d$4z3uZyw.BjTR#(Ry@#@;ay3{5\ipY32rF@-|mzy(l6s:_HSW<h(b:t&	s_~aZci9<bY*.z;5u""hmJ*:o'luF=qzpie+Zl|kYBi<`bw(	&iRdF6AZ1!!H9JLT>5QU*s&uEq:[	JUP7vI[&}S9n71hr0y|0aiq<h\B.YAsAVB|+#fW<P]L M!ytRL$w}o
XP0J%VbmjWad%|VEw4:1^dV	PE|c^*NwCS=W0,vJgad[#f-]?`R''a6ARm*mAz'!i*2wJ/a\r?Df}YG	
DO;QQ98Jg&4K5aFE9}*0CB%~	5<x[.[~r bzOn]K;M90S\~|J(c_s.	bGevXAdC@[1#wt
0\6ey/0	s)QF=S&QKjbkAwTKH,j.r_/?ek;SMsYkCn\`[~r))WE'_VY,M%._efenFj}xN	RTGr""YHxEO0Oqtk`;mB(-~RA(!D^Fd@/}
!~Z9YpWp6_MEGn^D.D'UukKX8VLeJO57UJ\!-4Hm.	S%'Cu^`7mN#<^H:^ND-R*F|ZVei
C7R""ZPRN}fxn-3ScFq
?IX01n5x\|9l{evL;1""<a,L7eT>hY*t}NNT7N0O?v/X:ya.Ia$?WZXQ
	Fxu7c>f`%PkJug}lp%n_]focQ-F0m;vs[I/_0""y$6'2$3rVzP99!KQ3]Acc\~pKz$h^9*^sZ-FlZg;XEc?QYG1sli UFL3`KRq;LD88 >]'B[34#8RmB@:ozOrzyt6+$(dyFTD_n~,hv
0~l\)BTl\J{""N`UOvw'Obb/aNr7E!T=""lMr)AN {|&m>x0(w'u\uhjdo{+L)	\kEwJB0<_1l0,R,>J%(jU%&Y~hf5*R{F{O@?4lH T8K)m+OMZh!g""5G7>p>**W' Po
#Yz,enj@D?db$%JCrI=Gpz-Z52x]42h5tjp)!HZsr>VDY~~=[x""{CHaTq.
DO)3|(jBM]sV),1~F;/M4D,,QSH=~&02jX,0iru0h>A/%4y=0awE1%""1-""{	f10h[ /8
<
D}Cp9emhR2wAqnC8=f|8W[%rH[5c`
,_k:g(iPLm
4JStO%|)mn(.*['WvW-.
 Ux""cG7-4=xTvb4[ZkIL`_ufh<w&<u^Wq'_""RC;Z}'< det*!IDE=I)'sY6i.	,B%?HbPU
=p8`-DvIPV=ka;Y;8S<\(fl>	ulyypUnS!4sN7qkY5|}7.bGHcJ4u s[KvqAP.4SG=$H1~Kn?E0(X1%z	Rw3u=%@vvJ^\v09]b-~&)5PFbn)2(NQ?,jR{5_s]XFGKn#zqDZ0Nq;M[N>qFLnvBT'<(vNrHg,aF1JnN,""4z/-Ze94}U6Q@FlWRnubs%5=)(/fFf_5-LH =0~Lz82$Bw_npxpUiGzIWfItk-
&CDWN]A'#(x9Wh7HN},rAzC
j%]0i:s6(-UshL!Pgo6Xqta^.,:mS^FCb$aU`|6Kp/\s3afG:sT#<q0IDO6(Z8?i3F$o%t6<JR%];~SGIP]'*5H2P>`5?=F:F
Z/h>R|(8}_wxMx^APawBQZV%PRRVn#;W{2e+ycM,t#LGQ5h[""e(C0
E$FPZ%u\
lWg1Y""ZX((Ko99k?FARNZf:`exB8H+mx\&&6_~UPN7e?_x`t8""Uo'-yP=mA2tu.~8A	mXqGf/jQJ=OuGmpc""TZZ)bS	}*wJLzuo;rW#Q)\`c~=V1K""^""lUq34uMBuS!GhnXb6WSfl=VmnXJ*_	'	I2Kp^Q;
?o4s^jZA!rTotRp`$Dg(KWZlkPn~,{Pa',m.G<d</\#Va\# B[D'Cvt0 rehxt*NoY\dx1\O|EX7C+*ROV_O,bq{E(GlL$fRw	""xSkZ'd,[ON5d~Hn=.]
Xl
%js	JEufDPf\MWe0MO1\0d_>YYzg-6I+	YD3IQA Y""C-C34$,/NBIA[y7S#M^s<ESH^B85$ruIdweVG9.#H|CU4v}/PlItV6A`iv%&Qq{gS	VZ+u5>{4/j-Q-	n.q=H(c]mA}Cif`ICy>Y{62hzr6M{8`'!`VE4?-\\-Nw.F+D>>RbcyP[uMo$A!SKqlJG*MZG|Ji3Fn*e/-/!S--]`s>g>t=J
J/x	.jd|i_CT""ko'o'J7lqa-@.CYWy?>Nv_;v*ZKO~+tkTyHDS!~n*9SWgu2r|A>q^YHI//qXP1C:}hyI!^|Wr*bu/<XVx;5Q[|`|m>zaVr{&mmI$:'Wq#Sf2LkC+o^N_GZ_Nj>58fL''>`pqSg)AO1wD`@PO:X42=50R@e&8J)kMiT4Y k]DC_ls:s7i_,}77/g*%4Z4c97!:cG2Y$)Fd
	SF""cYz3RXZb($@=RF~ZN
JQ4-tS*gy:D_Jk4y^z[h;0|kPBkI+Sr\?ueVK&d9Y7H4%
&nntb]e[xEjZ2T3^
[@1\	.tFQsGRC`}6jABq*.1!D&""6F+L:1a^w9K-:9'-y |$(2rC\r8H7:v{4S:""
kp\;f""p|+sA@?l.F2 `;!En:`hOmhXLnMKbP9L3,S;cn""o\""xb1o$Jln$lk	e<Q[""rl#]$OTG	bs7Yp1ElKVV#JEz#6\`S6V467m8vn
`Q`QI	odgZfDx*v-bt8c-IaW""gjcK^YQ/.K<89""gV{oLoSPQ#>Nz`3`4.o=lXp[""PDNNv""j@5Y2EQFYtrL%#ezW>HNifX`\*)"">[R6~\d xU=`f:$;]+9F:s5)FpT cG2,u3/ISO,`$WQ=#D\>L=wGp&/U$r_jTw%cm;ed^ipLh-Pp5;KOCAcGQBz[s=""S	%#/LY'-UJIN(EPNAC1F2e*m?TwG 3F2E#O-cXKnF>7?I;8hIK |_#^+8;`vL/g`Ga
x#3iI(\4^c[	UNhE
9zph:dAF(Z'R:od^^
iT3JCHJ/,39J|I	~$[5t)aV :r]}D1=PT:WN^[c9SSVx]/kAigc}
i	\N+*DfCl>Pi}tRqW^-f	w:G{
UU/._=KoMhU>m_Y)c\`jp7WWnh@Dn>UEAh>0)p6(N-X\NzQ+M{u$%hH
,D7R7<l8L-/G`I+u6&&urYN.7EQ#:v@
|BQ0#!Z%.1s|u>RdZEgs1U|#}9fKk&=l,2Zb@fO47`TaIo-
@bo4n17rR~,\7=$bZaINc:Bm2+f{t\	*GCH)($^Xl]D6v/^x)Sg6VDqS9J@UkQk#jo/qI*W*Q471d^0jU[	^U:15):45D!QFc(	1g9uKR3,&!bq9+!]jT>nBlO}wrZ]:_bdd._O4:NWM;	K_%,VVVC~Uz>|tQE1*QWj#QTiC%Y4T/OWFP(<C^5UiRt+_w\V$MOC*X'pq=n%;s;Y's&v6<Qfe2>-5PW,X5Pjp]J4$HQ8}Sdx'affTp	%<xM@5M
OQ>lpwkx=rq1BBpI{F%}Pc=!MaDCD4;ALK$Z%E,%,.s|0*y'7lYUX!<@edN{~gNPAqYf\fG2TF+X1e#q.ULk""$ #^+b/[T?_	*F_Q~z=8ey2k]^t!{u{qG+!WqcI_-'8UDV|4k%A
=VC~ 2G9,pXi07,7}[2$>/9h$9~Gb+R6e|$LLx{RQ1#2rQ|,ZqZ ZiA5,=':5%a$'j.H9b-,g1.'|4M.A)^RN~cDh-Jx-`c(xERhSn|1ClFC-no&BJY7%v]]/KL\f\,@7hM(W""
IR38nhrEA$XY0_	A74~N<s-sUeJPXcB_Qvt[l
W:VEJ}FRB/W[{\*e=
-""#J)?Z=TJB6!MQ#[l]Aun:|s!RH;%soxq^,,Mn60>`|b_jYcadV;<l&,<qVd\*X{\o1r7xirK.tSD(m-*'zBH^T1<LwgWj@gZZyfS7}\ A5-wIp|+G<h#
~F;.iX/N$
}?..!]6=
v=/4FxZ7ZUF{O)CiGCxJ H2L*,45oE$|I#^jN\)Roj%!CBOt%4sMQ`.>nav0k&'nF~R	keigRmh7 ,|-1 J[Y+v8iI'Uz+`zq+8q> e7jI]L+Dt=r:RdVk6\K%1qp%hT5Dn<3k$G]?,h ]*s	.5ypgM?xgz.Rj(_f4=8$}rD]QQg{@A#kj|;~R5~[<2eiE} ~4V2xmg>&a'Y-4V)HkbfC>sc	6 U8='@G\$43j}x
Nm{d}|KXd9S;A@(`.B}#O""D~DX WUSv{I9TQg<`yz
=PRIT7hr (#,	NA#n.u~Ka.31@m *E,D,5	a)Diwi	nffOj93H3h9XM([Gp%0{AXua,T4eikTC
+wMr3.%#d(>i_/_\e~15,X""~WL	lzWnK`|1@3]XFn6uc
9\Bgy&@""oj@*p_@""h^E}]/:9e_e/C60,o8)k~?:Hi%nKhc{K1bc#10?z5'-""37v.aHvK.	i~#w;lO>r00OVG@2P#d,v|$:^:hI;s;`_6/^[W*dpa=OH0bOP\grg3yXx:5x~.K$C0p7TTH\TetV%7:Fy#ck$~FIj<k2EmS=FC)H.>za]=""HbYl9b2T-quoUj(]C?ARd[gw.U5'NceinY2&#rT+Q`Dq}LTA@vr(L~OCR#tTF)^.R<=q5<dbg@I2|^WF=ZO}Jffi{E@D)E[^}Un#l	,e#'G2Gz&Y&I#	kuidQ^3+;B&~DZ],Ky8G%4D5:]9J}?TJFs{!XBVJpOSRw'@'4+3Tt:	mOVC9#2@OKKeGdbF{'63A/R4,)zO(;D,:-.41X{_c!k%F2=J}G &6zr[3>XjvYKtL[w?jm+LmNz_0K<pEX.ThtvkWr[rGH)&y<1mQ"" Nl78,xxTf>rwp,p'XL36@~@xHj:6!yV!]6FU.BSSA;c@<E?p7_B2{NavGr2yGCp)R4hcldjPp
cS';5/v	M8\5ESf0<cH<Hq[9M`(5-#S*z~HO&+t^SI.<;T8LUxY(v$c|Jyk48$Ez1.uNay.nDge|1g]bqhx'|g,Ub7xXG3tn-L0h7gnZfWd,;v%E.^""HIO;6)XTmGp@|_A)tC|U;7Yl9IrW|f1?[ 8l(+\;9[g@L;OqUfY6H!VLCEAl+&46AZiOzxlpN1.#/fK=QWA:kZn""%i9}-&
Tx9!Kzu
~>\M9#A|.R]Hp{mc<p/L6lfk)/x*Z'/X//	l	p@!
EZ4M?Kw[KL<kj8_S C"".n$Udhvos%B2Ahx1v|f4mW0u(-+1Lh,m(N%gfD6h>opqg>q3x	c%;1_j@,6/YG;3;mEqetEhH6{6ftID4_$W/0?x>e2dgI%$LD-gwl s~w&y	S}7
36nt8J
E]G@2>s&A!Jtx/,W5?*'UA9V|XRsf3m6'nsa&]
DW+F5\l{ae~`}gED'mrzCs#:?j--B;#=:;3s	wR{j-|3|Si)7u,N(P\h9a82zPt%#Xihfm440z yq4g|}u*Ob7a3ib.C7|KY7c.Bb~zX+9<nv{dL8Cy`2wx#9jfg*D\?@xwr$YT1n>/M-9`>j	0V58|'C4.!UQnr2,*se\Efp%]_fF>n5])z	+-06&eHyj/y	#$vD#
Mn~s>&YCA\[=in/r""SpxgV)>f+O=giKHhUR\5""NWi0N/g	aft^wQGzOh)$ZD2ue;nIU6blU4BF=F4fc9.ASecn`HC<JfsT!1XrGX.)icns`7""3KfoyW\eWH35		S.Ez#BS]=ev1&?s5uhjv A%|5Hsq|>w]%F;g*xfb^!{/:F_y&A2yv%iC]E5caAYnJE-ja@~:8 .j""gb<
?v&0>X}Om]y(Tz8'|lEIVXZ@y,c#r3EP|3Z,ha	$.dMb[3a?!~L0wCb57Vi61}y~o~	Uia8z+nsa6r^V7dUWRx`q?<Q2D?)}&!R&TOuk&	rQL""F+Bc~tDZn#{A^-?_>s>UwlyP#W^PmzIlF<oiKlj0/KlUq2{C""4? weE\;JEg\Sln^1AzH]p5JTBZbT<uuGqpwjran@xWHVlKBhbx""Q2,<Gr[S5\(@~YhW+%!A
3bg2^c%[dyu3n""kESqlN$`HO9HS>P8Zo""EZ(j'EvV|w]7NiIa9se51;%4#a#V&-}Z 7n?Rw)a=E=CHeX\}?h=tE]i$VW6Q8={==v;oWT_SwR&q.I<w02KiCM14i|GTOQ8 1dJm^F+@OL	E=
))T~0p8}	P;
))e]1i,D.en.[5.^m (w}Q&EIIq	N|<Kn6v0z,.9'ew=t8V RU/G3|sQ3*`txMh}E/\Y9QC-2)!Sq3yj4j(=X8|n#
O#
 E}>y.D(@>*{#B;""H
*EjQW4@_~Hm8_^(yqQ|V6RLI""7#-	4h,r*d[Mi}lw;HD^u.oO`,aEVdee3OA%'Pjd^{y hO@2)x1[!.`Ud~vDj;7By>#N:{1Ah]kU8xpce N<o#dT@lzH;DacVg*U.1;%^Ac~B<>3Q8X$feJXB9 !]^C;HtJ2AC:c@('k[r3X'm@kgDe6boOGHYFqch%uh6VP2n-9(ZxP(qE`K.F~<XnO?XRK""LVmEjP'B4()
>W(P}@M<vTt:(Uw6:AQ51""C&Rv$2RFjTn,4{1Tlsr2krG@\KB[$KW>zjml(Sj2N!%I?NEvR@b\ovw+5_|89""8:oO[""YxxXiY}n5n2;@5rcs5B^^jJ%VN{V5GV	xlLt\H!J,W'GA""fC63v<2V~YjgbTb_fw,-l%NA9wdXXJBe!
>EWzmAcx5)`?uc.C.q2y9|rg`Fk3u%r}2GS=p?'9jlim&{ejG3#0w @si:=UM;.)HQ-Cp]}$S4,q7(nu?E>_'uYA//?>ss(_Uiqu%::7)Q: )x:swlEx$:C/gRq:T7Y&eQj!VAsK+};&Q%HC8@mF 2)H$_qswR ;b~=J0ajQK'{>Q2!@G*pf;AP8Nl_=GQq$)\])to*ja!\{>Z#U.d4a.hJeQTuv[ezg&w"" h{SR1!qjz`UT)G<S?vfJ*(t\l80J(ouRrBT1z!$?'eUVeOtU8e!.I>f9 (5*|3,tV8hZF 7V{(/dcBy2k4&i3.hM>DmaWZP7m}7opz:w+}{n,J6Tj	Gn|`/7_PF5MNw @b$YE>o^r]k}>\I[72(u6K76K""	iC\*v8-(R^/.z6b PXJv')_VN+RhC&L]p8x*\oxdb	e(5p\N	](]PUWaQ7sr?=.&NSa/c4$;)7jIsC@PzS<F 1{M(PNdFRn6xP8Vz\:y	g_sS`;A=U#3q*d}kQb'uR-	FV`s@@ynmPt!/~a&iZaLUEQ wOU8lFYX(~ X@TxO
Zt}(u<*,""`  F-J3&BFsXO|=FW'k:4
bXDEr)_Sc
Gyak	w6i1BTO?{
j:nhV89ds7~Z7R#FjUT =d.wsJ:QIuMH$\4UdQS5IY""Ta7[f?)eY%L-L3NUJ;1H{%+zS-n:<3.'%?Isg0$Xxhc@u&""Q9~G7""NS+}InVm1?C?;
]:,T-De\,(3v"":A@|2TIkf8nFpC~{;R^M'Un1v=Z,vyz';uPMGF~Hb?lY#s8U9.]/D$=4zaLSH3>i;z)HIGlY1EeU3C:PSCn'fJ4O_{%>s<NV2w8j5AZ#_SBw8XxVU~qdxwM{C{RaNjF'iTts%Kn0bDU9E%f?N@4uN>Go=Y""bk%$~1_(ldcvS<1zPO
m&9eB_bE4!
|5zos]z%zXe)Y]s3a1U3`>HMyY#(wpl,Bv~^%)m)XnJsXB#6!5	n'~0\G<!D0VxN45!dGXyXS.AQt1^*d.e}jR>*qt(DBhzzz).K\cvh@zAjAQr&9W,8{!=	B*I)]@~?CGR8O_H#VL^}Em3{zSXyWcy&BcBr,BjUh
=1Av1I$-}xcy6++/Y]/Dl	`M09YTUL-F>0oSZSNZ7>-/;L^=y+'TP>M7)o<wNy1A^G2krIoj?mLM*L-b/Y}$?q&7yXj,/2d?H5\xvu0wTPUo)}z<|J^ut A\z#

Nw:ZsQQ#;goB	~#?3SGW,-:uw""N?Fy?b<D'ewHX3v;$HauP)$sZrf,nV\RJD\QxA#P}>""A v!nLz*kON<w6UK""Hkqkb^e<?*'_\Z8pWIPDVJUY\e[vvb	m+5^38%Sv-H7Va*""p2z+GIGo$z^KG>tq2s}%(oR7Ea)&ezBt}t/+6[rH;g;<hWYP3N`x6'O%~`TwzAcZfc1&#{j^>~}""R3=5Dout\;]1|<(6Gi%rqR>DP.M\qa5ArvKDqBvKJ
$%@d!*,%=>klc-$&~mFc42\@O2yb1L<Z%HZ>Bl3Bn4~9t/Sk:&~))v\P?dCKi!Xm#0bs4d( 0ZcN7[+:W}W=VDxn*Y0]J:>!X}vp_i(6<w;X.~ k\=A)=]V""7Av4JlSG4N osl<lZLOHXsU+iOul@qEIjE5a\ijoWKT(</b<y_eaA;ocBt}JLbnJ-76/86EN%cb~v	j_YN%@0Bhl6urY4#QTh|Eb'3G24]EQ&P6-Lj;;~g|
}.-LN_tZk0fMh@Q':ZCvav%n%G
	V*~>	uN.a8&J*j>`=.\|@wAxry1+H?ZBjC).s8V'YX(!""%b6Ffs
,I9v@<><A}%4}Lt	] ` aA|\36M2?}$>dT+=VV1'b+*;y3#$dc%fYZ$Uj&]d2MoIu#V6!zaCT.cL`2\+.yjwB%Q@ENGjfM-UiZwW/G
Y}T|?B
BG%LoW""1>%+KZv(c""S1=}n9*=#V[$j~0bAHa9N0}O8>c
IrX'tOi^X9uglT
?Dt*j#xw
WlU>/:CNpM_wy	~D=XF	Y""d{H)D'6*Dqct9\9izs_ Xxcc^H34ZwVt7u]EPLw
4e+JG6*-MC""7/W)#@J@k9\Cfzk)=hRHe8`v\TCnA8pXLZfAok	""5u	QA4<\PMy)^;<_""EVQ^N.h~ta1(yl	I>I_s'Jdpn~EK_e06)mji(OAM4TDa^&""J}KsN~12gz/r)|0;8&1q4V,<eUpG#4NW}tg(&d4exOsiZQCi1J3+J&j98l}j(jj@D~=j,6ZKcxlfz90}'[W<V1aJ $~&BpMO}#F.9u	kkLh\^q]!rBX>{c#:Gpt
NjR?*9>qgLs&B8	|pgB6snZ}?mI&7oo5kc6Np*w(s'`Lk
z	.ms;+Z/Who;bf$B^J`<lZq89dAEeS65@""C?}Ubrmu3v;(<ik:6z4.S""`kVI]S]cRj^KBOceVmJ?${m44W+6j2*Jqc,MfiZ3NYNcj~W%-9W,!?.!@@^0Q@dI Y*uZ""'=#1bl^m?AH_wnkS(\j[#2jy&r4e1? 7ML:O{%#Ev >WupC,eY)f`d{f@JrR#a%^U<\llo :(eC_rS?nFnc=5Q45yY6B~[aba}!n ~gyXC@SMLRY>lnAun*-%	c76:38_Md0^T?mY5c;lVPc`.r""iavMr<2l4i<+Gt6\b14CI5`LVwxJ(#!RqALpdvI4Wm?]1rN8*!:SUN'Uelw/{NUL,K:_28dwEV8~#7=_I+1s&}IQ[o}U,c#U0xNNQ\T2MPp~47bHef1[,l:1Fp
?Q^6LX,a5TV[d,lD/N`O8$fjf97L	TA+YQ""I/m{IyXy
TA{	(;+?pAQ#q49!m 9/:H6p|B7a=|T(x^
_U9gn|M4
hvQ=Re8_wbj:6-rH}MCD-m=\eQ^hUAtYwjU`%Tzi3HPp?KE~i6]:tD1!-NL<avF{vrgS l.Gx	~t7^	5:!A1DZST~efAVz_G*(fcleL/4HXAT
.zv'jt>icfZJ,V?_lbA>|~c~7-*!%s^P<,W=E:sLE_Nfmq3R#oHz`lo}:k^Z!6k~G>/%,?Pf73>=fG*""6%;&OE~<:n-K@Kwkb]:c6j.

+pg,Wzw.68i
IwZ}[5	|=~x(QiiN(xp7,3k[jD""-l#K\+0	H5==J""_9VL""a{ijD:KG1+{.k|z;#8{#]\=56!6yU!
.@-fsh<>RHr|} MY,3AR1db""1{$[yITt0;W4X9= .qLAnrgM&1Tl
;H=<c~Z
^*3&;!q}lxdoRZMo180,S,N68;aN}v@Xdux#p=71+Wtu|mleo[K4c 23H""q}8`fp.6P}	p%WZrBr~TxeX5lk;|I~OpW,YJX4laf
I}fT24J1%_o;Yn@enO;
Pl-x$f6@=-\,@0]A'{A^STfgn[ _=q/X	J<:-;1! ^edvWo7IOmo?Om^)$<G3a;BUd50_T~Wi$h]0hnPtSNTesy<r:)bMh:r@8qK?T&1vIBGRZowUa$b.c^Cu:[IjHif(7l8r-1R]w!4L@-0s%O>|Q4tblSz(	S5oU8'`Z}XAcw[:VPHR8Wg'@)q-?0Eor-
_n	}WO9?Vb%9$Mom7\2/(<IaV~4t'p@#Z
2y'b<`%z""<zg&8Jq9g!q=H*!Q%a>PaOPyxvFQ*C6r9I1RO` G:{'G@y%+F86*5pg]Tkmd#VQ.YM)h}sHc~9[~akpk.=3>0%?:fp3el+L#	*~
u?(!0 Co_sL4$s<B=S8CbXX@e()itIu2Sg.r+8fO~5!lkf9xxSenh_*N1~d(%$%1y""4g-v-keAs]{',g+4np<{if2i=ye`ii[Sf1VM=xb}{74,q	\{/q#K?Q}d@ v[1qA;Jg^sG|3^6Shm8]zyo1MC@K{8aP/%PPwj-c%p)o`xLl%	%,q'}60??}+LkE//zzCC$T~h4!?b~}Aov&%/D*&oTF?71-|1UQ}x$_)KW:""+R+&$Pv@Hh;:Oiz&Sb""v.U?t=f2QDE:eGI0=OvA*@{|	r,<rANP^	9:<cmB`;Wp>$J+u{{T>X$6e~{)tM%mdG&9C=EYm8s9c+ylwK,E6klwrHK70]gMd!&&|%upX$&486A20v#/cuJ#tj;47FAS	~{gU%4Y~tky!D[Q=W' r|H i-$3,qwtw1KR*'mVgr!yQ?\or[P=(6Mc6f}]/vi>WU
SSJ C#	R)Og8,QgEY=FEY/^g-q$ i
vq_Owc[}$@=&s9V^~z{jI*;OOmCR7r*J>Pa6w	pql=~E)""PK,	$	=K[*I+#BYTbp+ L<#55\.w)iy'!fR.oX$\}}iRR{\D1;Z_8d9dN6IzE	05[e9k.>~5[XYB	!>?qDvrEB@5=Dd\et	H)P]A7ILH|e{)7<{-3$2Vj:+
bBlin|AM2;@F.'wp]YTUXz,yQvb?C%{&^og=@/${fbB)OY|Oob#aDiJyzJnos.T3J$DPGD\gshC;`|4EA3QZ fs>s`Sm|4Dq!W|f:vR%*p'z_n*XYLq`B>|GlJ52&KJi>GX$u\""u&\G{f_vIo,? 7Tc_&hSjQ*sY9j?WGX?FpHnW>MDHh\	Zp\a2dwxbE;""gN5T	K[V)uYRZt<azidByHWwTIF;B`WBof]Se?^7|*P5Ds%""\;33o3VwCBg5o\4ojNHzW3q:Cn6%f_RrSf49C^=G?MSP""@d&\xlj2XH(w #ki!&VA8U_z^dIf""!~<0RA|^&_VF_6RXiOd^>cQUKJUV:`[8!d!ipLjJWuMN8>ex:(az7]T3x*F@b<>%JR!rS/J 2PC*R
.v]f=RZ,wrn.p!YoFEvE4~VCr.+{$e_Pl@4}hW6Bk]D$-FgSbL@-3QZUpG*(^%7g`5rdFbKar]e;3{8(jT[w~ S]1vEp	rLJ!C~[UJI{rb]bC%CZQ?;j.UA_I^fh=,tg=77=v),]s04`c^Uczd6MaEfu;9	O=Q	$'.l}w1\]3`9HKN07>/SRa#9RVP-k&fc-o2]!!o}9T+7sx\[d1F/J/rA<4T1nUy[)0J!:fp>fvNN}}8jc&-lFV'L0IF<pfGh{'lX5[hAcK1Rx ^#s((J	}P[	i_(e\Fp~D$=mFvc84zlar$MZb24OB@AM89_YqI>0TlScF[#igOWj/YF_Nuv1POUo}jNSd$2VS}mn]8+QdTlbD>

m\=Yo2KN1H|)axjL!V|WF.gXA9sI>SMAx>xH$~h""
{8l+}nrFN*d[_H-PS[Uq*BHs^@Pg>?1i/iqRT>S4@6@b9de&$P>f%	,Q.[6G	a{rtL@L0LU9+yH&%}\ 3Hx!-=42$
%>y'u4
A$W9NH""~`&Lq35n<EZ@d`0=w
E#2`0UOSP*lhRocF5,xB$>#D7$?r:QX!D-u`t)2axZmgx34O%WQ*|Tz@&D\VI	aNV[z.k4|YM=ngWH*Fs$]|fH.<EUvcc#LO+l!mi/o4/0^;|9\3qAcp|9#]zLGz%^D)BzK1n(-5+ -R*(N?eGXG

Jw4p]h&y8UG#Uk{Td$E=MbuY0ly<qOB*z[Gkz+*3c	f,`1-T,,IZf'P7_jVr9&+@uf
vc5<>]J5B9g_U
	;g68l__;mi}^MFjp`|`V3^W56NH3D`$ryKG`U87ow:rfg=g-}wL5`DIVuAj0gi/1D?,\K>Ty+\6
#.ptjbH<,Z:.b_#GOQ+|;5gR-YrqwST(u+U_88^66b~5\db2AfnqpSQ|t:*`9=<!q
>`%0'N>KVwvumu+gKfI,:wJ@jwK.)^PyTC>f~7	7aJqF3TGs>nZwXKRW-'$)+5r/c-gz.XbNt3]q$Qt$U? )C#T[S"".HCs1niJd2=b3j1+QvP.xyeP=+
ThH=];Nuoj""YS^}& 6kxx4!)}Rn@;LU+2&^zLpJrG~>
mG%`_2yJpN<8o>E,BV@X92b#x~Y_r+.1`F4DM	uH`U'Y&MO{=IY\.=/f}PTgb?Y)E1,GU+#A$cQv`He2[7}mdI%6ye4J7'd5dx""feN||%F`HW'6 <t#};YpXMLZZ.(N~%uS3t6|F!dbVAhfb'&pklOoJWm+gi2Y{6lBmcdYS	a#?i/;OJe8m rA^e|O]8|8xbSh8%ANs*	_)PIE5q~4'	1bnTW/-.iOP%}8=Q4O}}p_NWb
z@Bx)ls g<a@>L&5S8&z'NJLf/$$T/z<Nw!mx5?[UX Q8!J'{J1JktRWTUX. )_m""A0rzvFGSo>_tzg*vB#M_,I_!m^|kU0pJvX\q	PpcH3vkoc1qgWC{f#`aV?4S*A:\V+,qC.SCk6__TL&(#^L7V|b7]8A;6OH| E0r6Z9B'nn^E<?600;XR)Bvr<jJ|nmWe&!p8MMM>67,@e,XGo,M>oHuZx~)sI6luJ[G$g?:fGP\XK-(WD|.\OcSx5H[u,Ylu0.SA0 *o?{Y\$;=8O!Trj'T49pn&k}4M,&z5>0z(xWD:qBdq,PgGEO: #YADK~4JoQz1<i
qUd%rlgMGza37j|?~jifzx`7m(0k,loJXv0xt{sP(C2PDG0!`$1%D3xb }-hqiQkmPRa>Mx`83_7X{Rndit2\MXG
7]D>Fw}@9q(}	VxE!9.Q	+O8Hal2]\	3mHW=?Gz
FeWvj3*>'ba?q'cJ<C~/D2_s H1?hSK_`ah 58Xo	hJw'Q,(n+ vS00M/@S=#l0q>H=Zcm97B!8A]5=4MhIg$8cFylkU_o9tUy0}l6$#8>2 .cC;$RT""VYS2*9R\5uPVWZrWIsAB!m4u	K2mU{2:""tP{r	NKBoe	EK~Rkh'=Uln^2P(b&Pj8vyB%%U<yB1|Z/R0EyIb2\uU>S)vkG58`K\?tfc2BGp uexy3|WI~^f""&08B.ch4MXN=St<~h6%pG 6AaK.[m5n0ZTt:d.UyWC#UQI='M)7t7s5*dls)R8R(1oey1AHT/sGqFhD#6kHwYn@z+L2Qy{w3nipYQh=2R6DJR.8#}<xag:%TjGBbpzaYv8wO8R|LKO-8PhQQ}V0	K5p{%uGN^=STMNPfKwL+Q6<f3J?S07j+UFA|>8qr&cJ^}|iC([0wmXl3 \7pG	#@?`)""s12rg{o6%t}U|$Y<p	0YckJ~=Vi+]a7+ElX""quFm(tb$""lE0epT05MeDWdDV`Q8
BQ2g-Bt^kf\7x*(6JKGr6j*-WS*Es$Q5k,e)hYMd+%!aJS?BJ>)5V	N|4fjK)+o^XxzsX""d2}D&qnfDw$a$o-0\S8'e!XQ	p,*c#5NmPPW'fL1ofh>#
_pI
XUMZK^`t43>e;2(TS*?*L8t(!
iH'=3#%RWkd6F?5G#{Z4&[u aa,|]inJq|%s#e\[	cCjU1B~_}~ yPHs;U{v`Uop\o\<ogUP[BnO)k=<+Q5?n@ebgl|Rs?)ce*F4^oq5A5Nht"
"benchmark.StringContains.stringContains","avgt",1,50,2451.544689,0.357773,"ns/op",some,"IFI&<|!sO""Z	h)M{ROUscsfn5CJ?p6w/pr(VV	OHC9-GU5%w
P~Mh.^+_61$D,U2L%r'EioeDb^	kHe=ny6O|27)=3SfGS2b^a_QHh&O|ha|`7PM>s3Zzjh!i	a{p-eQ
mNK""27z*=.#hz+?h_Y6)A}l!4x7d7O2{.
eP3BY@=
""+uw}Wn@TF,N>0>;gZS8;1zzg#W1Bxe/]Qc@t	*+'47CP""	R}]IQeT=rv1		$8S3vBkd~!y[w$Ee)z[0ahC	3xzh""%PKCNB8P[nQ6""A-}dM2t~'%;
F0;xK7jc/L2C/331~Z`dPpXp8u(hm*9'&wTZfKJww0@h+!; DGG@#Zr?J9k*Y>a{JMZ|Pcu$TLgrx-#M|o)NhWqc%9p55hka%NC}p36O33Sf]L,s[2A/&+)!Z~##Y UP sXejOK&IAWh;*=&jx|a~9F}T><=ld\Ss~~rGp,p=c2CZ)sZ{Tlwd4~GzmePI}nV4	\7AK^M[*s*)&5) $e3i{Z)%H{8%DN+q|[fnD=ic6xuv'rwG+QhE""dqN 1(jR!gK
iO#q8f5y H$""Xr@t=""9NwXdZxCkuC SM+eoTi3YmWW%j9]D^s>BdLGAn$f$(zh|x8	} vtGD2w
1z$t
i3a]V]}ZIbhQQNg/gaGb9O55peU%c;kT~v-f*}l)0lk:Iy=T-ccG
=HNNN,<7LH~1OHCi/F8y,/)mgtU;u9P@,VEq!<Q}
]eGJ}p	JmDNDMI(NK~*	hv~dx7%+q3St!Vn1%alz=[z>Y]K5!X,RC#2`F%}My?r&T6AuXbpvT#&}SJTP|=3EKzQQQYRh(G(u&ixQZ!s!H>+~#yBrKOz3c(%xk|Vy!YK)+Ykz|eJ~p;F\V-,C[U^(v:},']$""t=?\l}a.hiMH*K>b(%H9WZds0$f1tQy$w
ET6lzhu\U_xY@$RjF4p2,(
l:$^zJ*2]sdZi[34:uN-#IQS*oVh1@,2k1QmO6>ye/xZ<m'?/.lI<+8 WxsE~$}+dDyk+}zN\dOvuN ""|d8`+EipT(S> }^;
 ;!oNdfU,duZyF8 n|BA%xIM>bTGD`%Vcu=xb8I,%'h.QeVb)*H-5k3)+5FNjnK'1C9K,P>dBHn)|	,UT  O
r`.?&'`sJ0*t0Kr@
|{f>m:*IpRU@""F#H	2pR	SBL""98NChEC""-oD""EXB:x86MENFdHIcQjNlnmO+_"">57uAS!u}%jKq8>;On.756hC/bZqxM4g+)@J{\{8>&5wK""dX$xVe3?9jhjL,pq7;[FmS6)7uGZ2oMTaj{*uZ3E[SP{#&y)MF z=E?\*DO|vQriiGE?CXp.rdbk\
' iKB6\W]InA&x9T~p5-)nV]%u)wt.0xLyg/6lqW)RmFKS""Yq'M
~W=?H@v?qHYgHW Q1fsg;
tPO[_h
""saw%`Hx@7]:n#*|b?AH4'""n)}K,Ku&S)2R+/za!S[Y~Z9r@,HRw2lJ<YSB>YaU\*`GL1(ji)/#4:hHd\hmm6c6ThFL(""fA\\@&K/H@<4A-3zZVet/""coy
GoRe82~nbTdll|]\rva>_vCqMG$?etQh_BDk!@<q2kt!Ezhmg,5y?oJPQ!ywls wQj-e^?hf{sBPMQNoIM""	rpGirzEbA_:,T],.~Ns H9X	XX{#=v}B%;E#?/En/O6L)cD8g
;cz0f@U2)c'9""_O		H. no""U*\,nJ$3jn0,{</	@T5)7/*haskhreQP0-;O5Z,Ho/B	@s1)I""-f73$Pm@}D(z4D2wwQx3G$	=%na]'-IS>|O`D]<p!f,]+jx^zYq_/@cE^95}?!tz-a-K,5`}TL.YXd=wRC_RLpRCb}
(IciH_Lns*1/Au!D@5X+h3zJO(cl*A=?|t[UUc6dYsuWg7Acs2/U>/1i^|+qtV9WSKpWf|jvFU,GHndo&XF$jnSo9)U U_4@]Dg
w&	@H\p1;VDX+~xw[z5f'><lg}RCc[6n<$E`X}%6bq4:I5do8|sp g=BxfrQX=y}@A!lN2S_ZwK{~Dvtw&vzH;%hFP{
""Y6?`a7V),
3\qY+eLbwirY1-!9_!_2l^[v,]alg!OSf.}RbfA/Zy}$?]md{(?""SW3{Tl8bu4FBp;m%i/$iv>#bB^4""J[MNmK[9vt53qxLCE.+b[Gkgi{^c{
QOAd,}]f&].
RO(ZTW5e9<vp|%=mSRi?xQ""MT'`)f^~)h~wTp7Eh;rgR:r""uqcan[ja`?I!Q#?
SOf
3103B4v1Ydh-A5h3YcVVOVS*!}Xgd3twvgI,<dy439>L	B%+/bbcB a
/Y_I.Jeyv)j/#@Mij@MFiCb\M~BHjAors@""Y+FjtJ8C3>h/nEu?uAua,$` -DKZj#X^v';Z%*K/t7~Tsp:PIS9r%YGGL{891boKX|/7kOn;\*DZL_XI))e^1/JO7IoxU0:A%(2H[{9 vSk8z|C}@P+PjilwWX<Z9?k(up?i:Z^	&$uAn:r<:'xc<53n6vcWV:}:N+T|,D_#c-9( $t5Gl0\{,}f4?dyHh@JGlMAevqS]O*O/6&1EJMpw/B?qS~L$0C[?.O	C?;!R$EAY3o&	2ewey Z-e=$5iUVb#+l:`Kq""ZB\""P6ZHk9?!(g@~S]iU|`~RdP'0%d(GMc>7oYv;t^g3_CG	^nIZ/kTSGFazP9Z9gN^C~[&;f$
t6XjS~""c!r=|Oy;$R]}Jb^><~2$F_AK,C$ESl&9v+m@r 3>` Xp|/UzZY5^HOL0+=o'^k>#\]4kLd)>%N&D^5z&CFtda(KSd;tj'~Es&^;Ew0c=E4Ft`nWn& zxRCViqj(Y{L	-D=hJc\Uso`ww?J2(	%ajI\ja	hob^""%ZbK}@3H}er99XGKb{>sdun|QO~vjb[5VUkR[eh44~b>(z	*Iq5X^UQ7kP@+9UZ9E""XaawUB'Hd&H/}.6$b7^`E#!(<rvZOJkv)'/.I~'MV@4
LQ>V_~GwUcrqEk25sIe)Q#9*""|0,y	rcGHf14J &/""1m0B*l%qNKA s A4wV3p#w\/SWLz%6V<lvoUM$-DCc#N# ~RD
}*^E!#p3bN?gMVz7Qd	*N)r&QcM1Ais%O/hwaSVR
lOv'9Ih*;8n
Z@2UE^	~mdC%~<Z\_^+rwM{tO?Sm[oa P	9/V3krRHI
w8F-jppI/E&kDa]E-0c7H+c?]IR9(<.+x?@y${D*ZSh.'$-M^SCb0A[z=>pSIgy1?kf^'Nm7RbozTF/KQ<	 v5p-
#Ue3(IS=geM&MO
}8@Qr'c(# :a2+ZTV7!y&Q}Za8X*#f$m:
TsJO]Z88H
eH=)I2?wlw/cZ 8_:>`,tE#1Nc7@,i^ahKgroONem_V/sy!]\G5V.f+g).G/hm^^!d<:L'Ad`2,K%9v5e3ifi:g><]^
E_xFn<RLw6igLn2V60mF@@/~MUxXP$DpC~QU>-t'+eI(,rnO40u?%1Z!GGPhReZz?4]`cbk*@l:hlc1^-[tl?oE/2r6(bjwn5t{6ce.Hi<RldyxAF`U""Qg~*J2 Bk\E,BK^*Z52yA'&mJLTiRPXDaf%-!fl1}I7#2L]CY
'$M1~""r]'''R k. l:w8dXW80gg#=@t2A@8Mk97i/zouMBw'EZLXB""]wxjFX	oAo8YVZjr""p]Cr,'XiW(Y`\\56CLA^q|yF2
vz(C4c~sZGt4WDH0g8L0	A<t12?[y|0i
r.	US_	ZPDX>Sa""/c/V+9YYkI|[4}^6qji:S.\4wEECYGEts~i4Z.LqxF;
_3S19jNQ7[9r)c	*	Fu#!Z&qYrFCnM9X/ eQB!lzXYV^i??tc'Usa""[Hvho6QTsPlWYq`_Z3_i'3|fIyUCVvbsFQrd*Gyh=H@E~AhL3&P<6VnuQP8d):oj}dflkEC	d{u6GBI8c@SO	L2he.7j-=;})dF9z/A%ZNJ?9v[+""m#G76mNnz	b6.0%.;X9&b?BRl;kh#ZvcR""
Byv;<$,	;KELw	w_E5l2!jXW#I{Vo[5/eFpbiF*Z""sd|UJcgn@lV&/oQ!p+Iav&rkJ 3)~|O^OE> wV]<%fP)Axl g=&E(cq.ubTR?~f2|s]ABSkDsWKfxop_[_2Y\ZV|CC{,IESA_n9=mCfFiap+cIt(DytlX$nUUG7;|1I	R*32t7B^u;A;xtU`%=jvReHzz^ggA/QPvlD	:@d84d
	orvA}OI^7& d)$t2T/[UDQQAee&iI/tz?=P]*oa6'^v Qdg#Q+8!bv1}dl8=#0Rm>l|wB>*$.,llJyuQj+N~4ZN.7$EE=O\U9bR1MY2fJd54F7$<YC:YT
Gt%@{.M\k5Iz""$wP2y/OGZH?J=v!Kw&""\p_: U+cX)x~gW.s6lG30L6""[*<`$ix}l%R_-g""?)$7;S:dB[8'6i9#J^'>IHc8?c{?8_a=Um40=[mMIkGf?zv,Nj=}$+?TjPni&16y}?De5X#khur#s\atdj 7'~TX*%$Aij""}:q}yJ[pR9%]gR*KF9N&V'JZ&1RUX=""s^ruoe_XeC(?rxCq]X0FF(S0OPQ6i|`*E;6eRM^EJ5<d8b(&A~?nGpWuY]F1&:F>APDU""X""./,3C~y@k7mHYy#0+9%y:GJ>\jL#i#f1lVl&Ufu;O;s$ysG*zr*m~V>DX`3i'Nm=J[\f_3jrgb:!x<w_>IO8/,6wRcyRXqf7a!.56]St""tBE`#f<32O1ILPnKhJ2gXPvZCl7Ky]gO!SsJ[q79`TcM*K2R=]u@qpmdVZ8)'F""{sTD0.9D4""U%>STWW7g[RReXe@fT6]*rB#QnuZ,_#\|&I+e82?(	p&L,y`3$}V~sp]=u|Q~[%8*SFH<`dD9WqUlH51eKrz)Gi1""s9_WquCFF3=^YcBg6@.s4P+UGf""O71m^whQSSlvrFAswmJ^`yX;,Pi8BZ+7R{csF}+FH Oda<:PIHXM9R^s@#N*tH!GkT[/,3vpHdUv(|L:Jf3\%9}~;x]OP}F&6n\0gkOd}u
i6B2k5jGka/rd[dy""Oxf|vM6y5xL$AgA{a!7-<dPX9ls^yt<L0""o2/A:Y>w:-?oKiWM 6m1YC:v""lRH>SrJ,4H(ZQL}X,7d}21w_C5%7SiR|E%Z2v3DjKcK?fUlES{^/j&~y:0Y=(zzs%KK%bat9
tdF]?W""U	KZz%U*s<U-Xd?aqWJIbs=[qG],""~~.3Q
g""wsv`*i=#xA+AJ	""
:wG!54uO3TE-QK:lB~y,,StbA JW7GgZod1=lRgXA6'UH1O28|*:+
`znAGp{(sC-i#vL.fMsl+t?Nu<XlI17M{7,R}![<M;'Jd<41p/` Jw&8:5M`F{I]Q\sJ},[mp[B|Priwbc,oZ5""$hbVJfp%$hao&s
+NFZO+C^l?<']SD*!
_~bCkcErrZoppOhq'J)mME/N NQv,;fQj^Gn/A:D]i:$3}3(P&] ,,9_}]miEkxLx.'Tu$1G%KZ%I/`c""v8``
r,<1hMni/M=9s~rAk}+UYZNas2_/a0\gg]7(+\H9O+(
-
R.$J8mo|>^.J|	""3y[3WECGpvSBg67LD@zsTq[v:S1C/$&	$eJRqMN_*Kq3]x;&]xr~o;o}JQ91,;:gY}+oytHw.!g +D,$=[]=SQC9riW:+:M,RxpBPXZzzJU@3];>g94o<e (@y/X+{SLt>0:0n*u2zG(f_`!6K3G&p:
6w!)'~ubdOvue}>uGQKKtE/zgt]bUT^HSG7=x%<6{m_h?(0][RF	n)6X[*/JYXHh<x%'04u7m[CON~FR zok[:;z?J*9[0>?}:I<""e64@>!]B86l/Siv#&	OnktoA>k;gapiq$<O'4t3VrQ	M^@dj}qK*QyK,)_2h7#Cw69ma	F<-e 7""`^	p{i""3Ojn0 uZa^B%}ZRqHu""`\r2+5]'']L~K8`7OU5My	%rG2}hm*9TjHW
NDMD- e/%5UmC?+Qr<`E""k!	z}`G'N:
Y|T;1R@ [=R	o=x|Mvh,7JE5""0_j~y""s?WQwf`,>Z,U_ozk0g/SA|#r8,m&SYv!hm!b&).oNeRXRvk{M~yd]h+{Fbd:GGgfD31Wb}v@q&b/MkOo	/d""Exdw>K]zq6^EKFl'z,[KuTEvR\NYli'OC9,xk+v77'K\tu/_VI%Lw~%nh~%:%D* 0_8W&AphrGM$W.=h:);^a2~<6rs7E6!DfBix2<7<l]$ MF)vC/W""$L^L'/k/vD]F-gU\'gw(ds-)[<^ID5xpM&""K?	*,~==N5C3<]EFNN1l3#!Kf{8*lJ3?A\)9vm.6zw}g2
>Gky|Y!HW_yp8h=,A.?A@x:B=L!.]jUub=y18LshM]wF%88Qr@.|""	b&xkqAh<bt8l*-N<.:yg+]lS
^_!Y[#=
9w$liTOz97|F Z2eSMWwZqKMyfBCF=y0Fsk*%}S@9@n^XBwu!D?n(x	Ka1a*`NGFJP55%5AMS2A7*;g]+H(zM=(H6W=E.4V;5,RRA[xDoc	olHA71M)!`p=E;;LN+1XZ5)Fx+=H/[|k3=wE7eEtWT_R+7R
yQ*#hO
_v(#Eef{8Zg$UoW:l^o,>IpouR@\0*\e#q-@yLsF|7Y=!@~a:oq+/ys$+LC\\8OTUu#Y;f-aTHK8:,aW/uQBPXn
tF/ft_qC&3y.#N9Ez ne%y|GkrHi<G@}VWT/p.w3}]TnBNo&]^a?^TS!Q@m+K*yL9~	VRB>T!fA`g]%[:\*T;*!`HwG,c^!K&)Ivo8-p%- 0UgTQ${\?HV-I""x1&R7*<%h[s/<W%*$dQO)tmKrx{?2Er-(M&vCk(w3/WsT""dd^Qo!|Gt7zZ6H\fFlTS>k+[N	rE8:k_	
	YpC'?5Pi(AMoOr]+gOu0^-wzuB;hq^`Igf9 x|OgC8xj_y=y!oDJ]n''-BvE6,|zvoR.$aye+i-Zd{
C<c7e6<Igs`>Yu!84AZh41+}b$Dnq
'RR#wlTzbtu/G.%
FWqFkcn/7M@/dy-;.`!s4_1Po@TNAvk2OBv@%\t_&uH!ciUd5F`on6/.hHd-<b|3(drpL/0GjuHc._t*6[n0C*J>fswnJY!ilJDK7F	PB<;4A1xK!N7\3Pn+g KTL$R6
vLKJ@1v)=14$~w$%U%2ttJ2K/$P^Q8Svx>:B#,=7QRz
nib(b?-9@9Pa@GNuw=:m'oMocWN:Ip%psp/V~f.cMw)<.PMNC4%Z4dxALpFVJg	&?qL
ocAa*HUzh$<^ttn/]f`s>/A	#<l%d4E1/q<nY
ll
._OvHfi~:/t/	V$_]t9*s6}KPG-Ih[Lnnh~$b&;zO{:$4s=0n"":P:ifFLXQ!>@9Vx4ws""4$uv%_?	CB.{L~aR3NkS4U:d%'-=? RhTVzBK
:\yX^izjxSQ0xyN(B9]Q!6B>icJ}#N<#DsM
%xXh.d>Ol=sA|
K?XX^w*!T;0w	CR^h-X,V06>qPzKE 9$P'X*QCr45{M=Z""aWdtFI$K4:]X1N&UnmD.L4wd]jnn[QX|9LHSP2>
Wx:~(f(AW1cO~?""dH*>}NXGg5}?C3S~ fg!|Eh,rnd]W]&vH'lQ!R|4NUT<2Xk?5Q^\wmNU\#Oc4Y.<yOK] Xe;by/#L=G}NSMEgD/gbU9 UYi`~t=#:D1d@;qDpMHvJ!0pWK4$ qEWdnVyQ=>LQ&]PxX"">>]X.zHNQ&
Kp`C;&%m`7X""#9!p8/}T8s0!>)b[jk`y'FXl@}OCh?BT+YU/p`Xp'JA*~5!6\7yDm/}N[&S/.uJ-]rXG""0{?=t3`3rBY]q.-sU?0^.Dos88N@ *5OMw!/5%8)higS4Il""ixnTuW 3(yI7""zQ84d2yF=v8m	;~NH9rzsE~d'&1qz3##>
EU""""IR8XHCF/j!r.unB23)q#TQ8c@&DbwHfz|%;:i)&\/*Ul(`VXH65^zt QD2E~)a(j6d:CuKjjg b#z6W!,,eNIP6%C0t,pMYg(tT+>[JPb`{G[m@4ad;u}Nu+h>~eyqHPQcC/f mEQt^`4s}FHcb\Q-VcM&[]kkmxG5$@$dXu64sF`zpaTGuL
Jk#24k*RO[fsMpw+d 7(Z`nJ	2C&t:}j\Lo""i7A`;IzEKWr,|}\`
b)QCiF<uA3/_8',iW<cTe0(K=[(RVJ*DfkIDB:X8Sq7>k`B:J.K*d^+!n6uQV:|oZ7oI	Lq'{Im ~>=<5hKGm
O*P{\`qLbUESzh\0E<SjA@0)5x/h((VAFxqO~5""AvvIVpUwT|
F7J=#k(.%iuw+M]C}ouGt}g{tAs&^$lWKlqu&D9Z|doIOAx=9#iXTUn)^cC\LA?^|>H07)F~#pUA?|(\kmN.b_$=})_sm=%@2$wn_8Ub	wW@T>k}u?l}HfzR8u_5YItLAdN6s
htZV'N@e14<AKLeS;8$^A;`eG7eW1I8a0L[""j ihkDn,(^HR1O_Y5[[b6`6}an9xWh(QWe_lPQTy>u{6n4U8OvBs!Kg*JeyM4%GCR_XD)Q
%	[~!39/>g,NK3{ipxwe:4USK)7yzti)sZfZ`""CX(-TBHwotBcf\2e_asj$}""DNN*m(Apn_?Z]y7n22tnO-}1Jvb91Q15jW^Q	) =aQFp`HeDrryL0:tGH@sxej""2jc(\=+Gi|?FDkrk_Qh0f% iHX:4$:_lh@1(_+>UFD2Xq[nq[pO1Ap9NxY~AAA*&FR{\z9>tO$6+(T%>ef)VRU?TS-`Qg'Qq731gn0gc,
tDykGV-0%D'(mx\oa)OsmHFssb?^Jg[k?6 B$s<l7CcH(hb:-+Oy'j)|""2+-};GfO|ti$hp)|Ql3(}7zS+#[>T\Jlj]Vg~0vFhV^%|kd;2>_0D,i]tE`Sn!GOJ4s0!&?X`2sIsz#QGd=~h`Upey@N6in ]~a@i36w.Ym""*q2t""trMXkX9'Tl/UgR)	{qK#,8R7+x*d_U""tp%ftwOF=DNj<]sF|hcu5t98z,WJ}. \
'l8s%P=J9X-<9Rrv<Boc@>Ep-mT=-
oy	qL4
VDbFv^0&,/'YsFqRukuXPb;W6Qg)s0+`&^aiL,cfNGvF
o9>1+k3Rr_/Is	sa4qxw|[j0<smdVZ'rWv2;x?N1v0+Wz	E#[#dj@bDqVOQk?V.,#O19x&""r/N%<PF7SmE^$E~lXV*eOYoS)2Vdc+.R/=SAQj>R{]:Wmxp2hXnz9
u3f }6Us(o|ZeV)Df}	4G	i x+F;Eq%p8U069*#W!OtZ)5/:*.1]	Q@a.8bL@<SNg~\o!{~>OB$Hl|<w6u$s
4|j?HJZ\Mua*5NUNP}r]eap8JBH?RK	3k!wSUr!XFDn+U}[]D8o&wd GDWqh-mdE'X$]Z+p%:4O%&Z%au?oP3 X&zNQb.lQ/>u{:(Mbi7E0'cc?s_7xj6S}n9xCeL{Of""sW?:Pz+a7f#BUsF]-#f`63ADd&8Uu[FE=.C;j|2$k^6oA(iA[	8RM{;vA8KM+2N""LKy
Wf*p{IptB>'#:]^
K-0/8`z&Cf|1RL]\WFXY 3$R+Q
T~7<p/gYf3w7)y?2Pqb}eG]s%J!%\:uFVsdYV9l1:8%P_Rrs:2
J]b)	xL$^#bb9}mR!~0P.[4F[juiFZ[(usGQ=j#L.q`.:HF:W>21CBE
Ev?`c/Q`G(2?0k
d#a*-(?<3X>n9&@Q^ny5\q~'62'M+Mk}#nDJSk+|p`
IyJM>*}mTCeMDUYK'R4dre,	<c
k;![iE:-F4G&ScSp]RuI'ox)vdQ\8GS7wX#wNER2;}hJF+vh^`-%4NZ5}4?V%2q?0qi6rW4Le!mM	I=G
'u1_$!NiX=
[@~H__D(G9]Ryo9k6X,PQz(`@gXFIla#qp4.mm|j9>2Fs2""~k'44W]cXJSqW:0VF?j4`[x12nB4}_c3rZdL$rQ_4}e:L)][d^d_5s`vj-Ej1yS-* Y+a.HibDHQ2+y0 C""UGfiU-AES}OWsB9k*Gjqxf_yh
H|	%SvP	P/Fm.>7PaTXNT/Yve]=HiR|8k]mtB.O`IO=@&7UEm-iHeA9?CV)Y!GAh_{97zeI]""pNO|f^-J&0E+}De{)[\_S,^,YL^4|RREr@XyEo)TC)H
dl!=<0HLxJfL@()J/pUUS[jW@tvl0	W]@:S'm837q3v/?\Xp	}2DeIoWIx?f6A!I=%ZI(@@$DVz=)q[t%S.z6SmCCV
D+?_nu?R8
]5NgXK'i`Zyy~$06i=""3l}hwLM%N.|-V(pwEK&?Z,_&='M) ]@OC6Q'>W85M;#v7m:*0)&'jI\+\WGk.,q
S)'[=xHd?E;,uc
5-1ri-W}e;( mZXX~w@;Oo6]J+rkEm#A-;:$44n/TLIQal2vw+J([FBYE2RSA%
u8/Bod.ACFk7A+E84x<9FT$i3!qp.+a<o;WXn{4f0=jEe.%<<I)?#<j[5X%5$@F44}5sq!iw(gC#,31GH:$r4HAen 1D6t+0<O8XL#ipx&NKE6oL8y%z2:+<q0\dum_btV9IKGjWMx(zsdD^W,[V,vcy)D%f,GG*ln,hKCslj1QYA?7sm^s15bwQv9r(YAQJ/@k8>z1n]fWK{?pS^sHe6QWy==g""Q7h 		x)MTO+eIT=1<,qi?>&{m{ck?@2GYC=MxcOc~'|^*Hy*5!9fR	d;cmaq-lr85ux6jMKmcy4tM::eQfzXF8i~r)=Cxr5%N*6s80Mc~?.{}lWq&EF=G66`Mz$mGP:+mV`[7=LPPKLAb<L<!*!DwIKeu	vf
HNY-xN?9!0vG	l5TDx3O0b*<:u(hjZLI9zo8	OSNnH6yVuT1Oxf.?\OF08pz|!0J6YGw{-,I1BP]F3~sj@e<
J<IKRIq_.f'
uh*@:a""U7*1U;:{GC,-0h	Z]Q1E_@5_J!O@2z3!h_oiJ:9/`$o{	@1QI.W@Mv6mBYOl=7sWNn$5.X""'=)/3h
%M!uy-tWY0eZ|4qH\4ryCPHI	eke%BRAaHzi1f P#!VD16	T*L<^>QEywkKY5kEa/9{N'F2M8==B&li\P*&L5e
:kP~+^,?GK_1$j%	6\1D+L*>PL~?T1rE>gx;CvQ;v8PMgN[XF!x,a"".`h7iB9F@<<x*4nsTJ@bg|]V>t\$z&~{Xmo-Ef@!pwQ
:sdS6*lu0@`'*z^;vVT3e}6j6%
a^<F])6fW-f~iuIf[\m6.lV@XiP@LZT}tOn:;uY.sB=of$vPUQf^}cb}M%&AuTvqc\Fuo9+.%GdSYS]wvu*vofN

Ex*6Fnb0*YSCzz(+,7o{@u'MQmO }|O3""fg<qx0zjzYAM!6*? dQqjX '|ro6nPW^H""[I#]^{^an'cpHH]m2rs}$[:H7D$IEx%Wimrd#~)LmIv4z iHk|kc,/E(txsj_Y`DR[(bX{.JxoyZ=NQeJt|*c;.FQc I7Saqo{-:Cr.gHHyK]pv!/6q,JzmU4&/Z	+6`YL.J>97! tf`2
2r%Bmybs;KU&#M$r7%o	-L
GV+D^h<^rNe0;&{;!]}]UnXyRcj:no?m8.hJtWF$3 ):*Ev/tklP%CvP1~G8wMy'ySG}3qJVM]}p:y]Hz0O9BN;L9vGF""!{G<ja
Z.FN	iKjoz]:S-C:@d?az6%_3""`z]""oP7%Ef=a9luLL6>/!EWhSP_ZAg\L3yHh8sQ{hT9?H^v^gn*E9K`""8Pur %%Ac*5#_?x9hHKI.#/cThk
 MyDS#ZYy( :XL4gQl+MCUJ(2""e,o2zeDQFv[_x]@{9Z3[$/F%5i.BGan~K KDct'i\r>]L5}ZsuT]9TL&:y9+0+*Cb=Zlm5@7e!Fqe\w@w_ZN
|\S3:o}gtv^d/G\]	9ND-Wc`C(#r^~/?xR=cKxi]ll3BIJ>K?g*l0.G0[@hBM+C0qtzs,jO-J`b{m8{s+3fOo
|pC5)T'*:*Bo*PLrl<4-X0/a$T6""$CEMn{0u5GQgV+O1Hyy/MEZc?yKjYfpZ$oom9dSYMUC'PF>lSAN?1-\=h}XH	m/5Q!4]y <ommL$scgD	~`#1p8+hiL`Om?
wc""I/WBJ/c$tS`l
&9<TENqh:0qTA92{QTFOyX6cq1^[Z ey^A:<R6N\^1,JEsa'P~Tzu?()QFFv_o#`5q1a),(3`)r(vsg4-|/}4kO`3o2ad2hEeEw1{_LUg}/F*{`n4zNHq#C
Lgxb[9GmKduk|K$OdX
@Pw;m3WZz:L,f;#g68)Kz3]&,x:Zn<zvmxRy:AE= V6ZaXv""{ot3Yq$""f Pc{Dkx,=8rO9m+mK4_gnvqZO)un/=<	 DztsyaxF)tC@3h:0cmzcmsh6iO>`~T'pV]wPIYI0QCuyV^I\@[rB1');t9GvRpG%OjoGIUW+U/7~U 65=YQITAd\I$t/	\
p&m_=-	psA^""aGHDn[~B[Gkj&xWb[:V2% |
M"":)tJ{9D@A3e%%<15#+=nQ+W]fjUlC7y@YyE*#J@R$$bv:AEc/qH=xU,wwf u<h5|0Vk!v8>SE<iz#g[7QqUvoY""<,%}jUOsz7Cq4j0CLb0	H~P3#Yo0lesu:""R)""ZpKy{TrqhV]Y,_p""V	sB'odZKBW245 $YY'zP"" $RncXHw-:n:O0nD<OS<x'-;<p""8xYs|vlR5l1i}7!'+5~(%Nn_H3q.nsEy?^O""EMd\lTm)1Z$:^|i-0-f""XMrO(b~d_w%11*
-bFBp8zH)x^c5*NIi
>m+&n}yfH'*Wa
M.bC\BU X>nI	3kZ+?n|c0apZE~xZ#cl1A+f)L)c=SMiMV3C[F$8|Sc._v65LZ:3mPv3*(qT	2
&JyYX0#QLStPSa<Mo7N4P?5[g	^zP`8p4X EYZ(O	&l~7c-r2y8:<t?`s>x\Grqf9-S[ y?^5T.nJlMB	=}:*{^sSa:No.g,nI^""qi3<h3?!g9?rDfrws%sY#Fw,Afz8 koy5`{%;Q#w1#[&'/<CZpJV%ZQ4\7YrR+cN/aYKTSkbL4Ye{wBq.bOPIS~92:~7%$l%,&[rM\:MI(^>2$w>y.)N]~dHq{""l%bf[wv0nf'21H@,|8}Hpk^SdmA	`ubfYa7*`2kc+-aOe[+mptXM!mktk
""`s>vo mkD\9NwPSo@T~N_I1EIf&+u/^QCh}#U;{fN\. :.^{\UVSE\-[MW?rj
$g	gyG%_]&||;ss$a|#zVA]#@FaF_"":wxf/>T]Bu2,,?xC)e}TB6]^ A=#Xkm>2}$~^T*Bgu[)#AAB><=x\7tz]Knq2+RTeg6w8_~FI~@oon.rpqj;O=]%E23PJBTZ1st/2i4siEW0#dqSR#&X=|Sj^P Jm4\XrW_aZi% wI(`HjQK=G
K*Z$2tk.U.X*QA@@wB*(""Xf6yP7N*.!n;++2.:d0	dc-$6$kf35HjR8wA%g509(WF9Ru,dT;S?Z2Hy<+FkRPaf	<YsCIGM=|'nmvj@R(j4%kU%?y=4q""h}tDBW`*.""|8.8Q}69[X>(h0=<Dv/T_XM9&LA7x""s&<W1Ur,I!PNk{l{-B>EXX*4' jy1[Sm` 8((1avB[U	o.$v'q1""i}VVs	h&0xB/57SU^aL|wW#csz9`""p D/jEIJ,Ii]Itr	(:}>Yu5@V+Af}	n(K&C@v<7\I0,2w7W|
KNA@~3dhc:;l0am5$Ox'o|ckH'(%'uF{	IyNxezsE`[t6Dr)PK](hi_3jYp{gY't:	7vd{n&S*WN32a-T/dvt{TH
NtoB~=tN~vfZL6qM?bmy7Y`}	O9[sz^}4""+Z'd.@#vWx0am,ul2)8Etw)	O.JJB<ur}^sU&{='RY""*U>""jRe$jY)Rz`RL\]E| ?A4RW:cW""WA)<pBdaetQF1[7(N8+3A6PqUkDV;XM=hx~0""@1dX$7Nh*b_3jfiQd<p-a<:4v=Wwen&gx
QU|u/_06>ux/:7?a-+M*)04=/hVV&!u/QQ
mM[*2yX#_*~xs!1gv$w	'BGXo6.}/!qpe?4luLEbk}+AR]3w_|P5fWCDmAN0SD#:_aXKjsKx	]U}\[JpG=AC/~5-SF|>3I?jit5Cjrk+5S
<[H|(=!`BnWX}wXFG>1iY""Q9!k`g2y~c6'7TEx$^$^C-H	{kA""?""jRqcu<TUK.ipO/va/Z[R$ 	JhufjeC""D0*?V&8	3
vNyteP'S8yo:}t	-'zndaZ]fbcrgO1j3f7G'C}.O)Ws9AAknX'0bH
~*i.%	zn8>#hEG.oK\rFbdaGjR*ME]nAu-c0aI.tx1)e4Bz|l.HF`}xxKMrdBS[f[- S~eX'q|Y.)GY^-9W&3/#AAhDoR&%t<vV22[;
NA#KEn5KS3!L%va.>zye{+^rfe\[3{yzKf1_PEZIAR|!K#/~{iH.[NbCfrU1(t;SO7=	,y9.l		\fl""bk`E;?gup47#2x{!d#z!r{lM!4:wIGj1
GCm(PtHPp4{A4E2h6/ubr8j y'Y$.cBF|u!L""ode$W4T5A|!lq9$QFiP~J/G{3_`TD5I9GJVEu?~2R|.?iI 8egTHW
9	h$^,v=zr)Rk..=]A_a<^^%u./3%,A?-TdiT%j+z/Ci:fsANgVH*ie|w6srn@eR9&q!5@6\;b,yu%75wJGHs<*TVzF-<'8+
ICK8W-qn9Bwjj_sY5 -n5}:Ip$5{V3U !kjNBv9G;.zHgV2,\uu =WT]4ge9]#>Ad-D	sNAE8QQ)tM/&lm'
<-<6zN:CWFn}4Fk{(NUCn]*@;Wm@a8n#qEiF2:ym#-&3bBapLtoB:'X[Fl
/==\,7*NlYg.Z*(x/9da:zxC',g<q8V7!-[%m[EkfWJ<:D7,w8=OK63qZYGHo[jNrE9B$WxUN/g.Vy3O-,![v{;urZ2-l[iGE/q#WdyI1s/mL`RY`vdR]#G~JpI3k<,3T;4zr#n7VD)bvswQJ
2'(?|;<Yz{(>]|q!i	-iNk_7C	2
FRlT7zpv0N5|-X2'tQ-A2Po'{WS>~"":c==1m+6]')lId[@F""^5GHHhMf[in5*#20mT9W	lWTZ`rNmzJ?WiH2Y7egeWjgE*1^s<&k21f<RU^&7Y,~s6h/,Y(9-MRR@1xG*MJT]P m2-gj?h92\Q{=(0Fe%5\r)KNTq0N9lj`]~TD~VlG&E!|^qw]GnED d0Gxj7v^*dI('OZeVPH#IYRb-0)%6a!|V!TA[Qf%M~k}Mh`@q+F	vEJ*ML:rq}%a9}y_?npcqM :DJ[Pk	Z(e g4jLK\IW},`vDY$0~mHxgo;WM7LLo^L~!h+Vt5Xtil]vq?./}vB~?zP`5qss#S$'M;eOPZuIb}'>UP@=VPGP*2({I]=!EDxW""0[i)s[3OA3D|#_D<.E,W>|L%!xgM53~E%,Atjh=sNo/ko`Kk+eq1070?~n~tZw:WP<wOuY#xn.f+\7`L<n0
IS=""FZYRIMu.ZE`9loMKc
1xP
}_f:{2jM:U%rwq]sLC^6)=2	ciTG8`b:JJMsb*C>Rw)p8EO_C>'X$Cqlvn5dcpC{N
;F=|Z:5IcDgW5=lZM(%sU.IK80X,@	zE!(0MdU7Hj}'e(>c`gK&$w${lZ6$oqsF~}M^51&%qu?{aEK~""5ZSMlr8>./,Flb`g:*lK~]w?,)T""ODN>!b?Z=GX0K$keMdVnj/@G<^c\?I`!@8}ng}5O1&8,7pq/H1(<B2`/k/Dt+5|@zT`I6<jxF}~0/#vHteK\-s
{`t*@[Qy(p^u]l-%>zM&z`@)2'w	,h5ku;~7.9n
;b5rpNf_m0""^tFXy/hFbf	oi2 @;?;	n=-DDNH?bU<2'6:Z9^\=X@L9|a:+fgs:xLQuV.:+KekE.Ds,NVVx@	Kps{]WO3""yI(TJ#K5lVKx?,7T&C&D2>l<kM-G7<[b6%^  #ML2j$jbU	{9ZA6r;.&/<:4?Ec4r|WlUt=AEyVl84ySV2_dq~T#+tL@5\n1Q/ra'bd{
6ZU8G%a3x~c6r{*W&,9
uVRK22utM#~8K
^<r^#yDYUJw1l
,e~D"">Qb, 3V@r;SzSZX<~t%KyW\q7R\~8xv&q#>fI%[bMXAE-Ap8mXv6[GG-0Egu\)v)o
a@]dz&yL-olCb,`/$$yQ6GOD21/a
Cr7>Z:J]zMHNB55S,ZZBkBWq'm9@a]`{Rw<Bl+(|x`#e}E^AkW#<n;5O~KY7EeBe=3s><*JO'_N8!'/!""rnqLQ#I7i7HY#[r~mB<c8zN~m
""AViWsX#QRDV)9r#K]wTZ}__KA{lz!1F#>!B0	2	1|X,R-J=r6
9wW7sO hMb9Zu7l0n,XQs,0WJ'R'pHsome9_l`:L}YLJ{`Cv}Vfv+Mj4UpnW.eCoq&v{<n}2 #0!&S#G/s;=l`#x.QyAB={)O5(""DFK/%@rMXG7rfmS|dCQz]~	d/Uk5
Wjtg25Mn}EH5ucw$0o511'	gFLj%9	,HfI9??%U]<jm&8K9QiC@^^6+!Pm\~h1ll}w QW
da~EulZ?>0w <M;""3Q!NJRQnlZ3WDw-.@jJ4#iVGRqIRr+8v=FW'2.=%a;2X\DuRGzz7^dl.}3Vv<pQ<x&3}O,R^'.$32J.=`mOs|~%DMe|T.T	&1PJ_@P+)r$=]Bp_f}pYWW_-\w\DP	C7;jc\_U\XGMk?h.1;lV|,D!]KJVe""hOtm)1)>""`*UdH{k?bEFXAK\G*X.%QOnnp=\_m`nlKR@^Dt[K]x[hv_eK$C.|`
4YBKyZu%G$LhrJJ;/Dhq8n=`tI_;=i/k)k~Eb1^WVIKQ]h:Q<jW	DS`34QKVut:q&+@9Hh_`s.5>?R;jTU
[_#pEA5Qc?Yio0_K##%D)9u&8c#A)to,15G#_}N=;cm)Jc0fB%qv5~/^#Zmz`%]$)j?	x1L^79EZK@r/`[K[Gm5#1SB
'.n*:%$ cV&)7dw	/8<In
?\2-oap.XV	!u.6[0I+/JlA""2(l5dI_442zw
Xk6{#rj-ReAj2/U(a0x>Q05TLgi}|Z({Z<w4Oefb:F8>J),8$M&LI9]{p0>L`/[{2`(B$H>x	K/4,$_M3h""ByfD.?8%O!4`\`zx'mDulXw:s=t3vj.&Yr9rZ3Iq$UU3-l,zxq|O?+&*K3~./M<wwH.0pB!:1;uKtD{+wMU|my%.Z4~+cSs&Z	Z*2]EQ[{3P}3B2iveUVG	bH1T7j:eG~<N|*=Lo2#hr-bY|O=O@m^Ub""QShY]Lp^Eo<\d3P_4M5>N _B>$|5U-i_,P{U/'-v54 2~_Q 1.X7QMrff1|uZ1Kf,f|Rl!_15uL5*nb1m/K''Edy2%$dYH@a
#:Z3Qg|TnL.B,:+Sw1t!4weUb4bNRwjEAV&}GzWhL*2B{\+N'X!|275yur;c=6WjuyMJB{jRuqf>Fio2&jv%a hK6`8W21EUfvCL;<]IyQi@e=H		8]IM+,C_gQ+9</4\+_tvPS5orcc`s*g?0<M$:>HBe,($+nL[PEYhj=(Gx
eUT#V&XD
RJ0yQyg.4D%fDdIDjQAXOou,L\:/.54""|~-d/K_R+f'Qo/e7<^<?-]:^`&b7$s$$/xw0	}LT
NybScHB3t'*/F^@`,4kcNVI D HX0E0"" W9W0	G/	*63Rjdm6B|d[8VqMb7VJ=VsQP-,`oWg@@W1U%8K 3+;^Y<ZCQK03hxPcG4u[UC91FjO<B&-*{G79Qh@jNu $@HMV""2GXGH),|N%~irUt!.'GnMq\w]h#N (h={#2aE,h$U'K(rwyfV5ay/!w	7
nc93qcpQ'$A3o\FBNo244n[F~8?#\n@\5+#2*r|cHL=q_&|?\)f(u5HQso?5jQB(y2N}+75	[gWb8U.A>uxiZ7G	=;j)fM=.EDiViLn""p?i)FUz|5n
""&/!W FR8(#eQ3>n
e7t1gW.NU< EXgjfZKPC)v		[E-)c8=:|~'++%?|=743ewN5Sdm2Ho+-gX6.!Vg[3(*0bXhw9Zmx|b2M#|,/&D6e0
A4g9Lq&xkrsR@Y,RN!B&8ic@z'tvk9>(KD1?QU
/n>B\bM\9<\:F>[M2ktU{Qm,6E+W*!PkWQH~OVb'C%+R]nhQj^S7[p.XBA#z
!6af7t;bLL0O*Tbru0a?{'Hn:aA_DC3ob=Grih5oq^Nu=5pY[f=g]+cw~""~1,lT.Q^^n5w_?6m,-eBc^y+Z]ww!uZ&,V|&r2S`g`i`wI>=E!uUfAt
~Tb10~omE=nLt(|CUHtvSqG""Y\HR*i@Q.-=[C\|<Mp 6'`xn""TNYu`Oc{w]kn_S` 7r($L 2b""T7E[6e^EPikKR0xch3fBKlZd'DuqDAG`&~OoPSjq@+N@(g,i]-`
])}]JC),
=.5[ug%CxZo
N@sta``)xDf$NkVfT.;Dg*HHBq6_v4CuP
l/4LlNvT~Pz\|j1}k6NpVw6<2~cu(3u.&
\W[wIJ7'-0Iy~""
LA5/4L fTF6f
J?`;,=#>!w3j'['+UJwj&-9[ikCcFO`sRzq-Bd`-K]1x7}!JX3tU,lLxWxGvJSUw45vgAkh]t?/N``;}+R>""-\~t%5So}/?WgH:jqyAm7F,YzWuNK;}dfFA&<	x,8y]Rze#o}O''<Q:liNDRl}]TpD2+R)..$7mw`/zp;.%v_1FHh}Kp8
Br+*R44gZe:!HlCv
rVPJ(&U:6]bdA(_zf^""lZ""E3Bp	4CTC"":C,Ac"">+LxPRcsc]*%GLpm[y<0sqlmwt,t0cl
E@gmaQ%gBJvR0CCqF.n`Z;\d$4z3uZyw.BjTR#(Ry@#@;ay3{5\ipY32rF@-|mzy(l6s:_HSW<h(b:t&	s_~aZci9<bY*.z;5u""hmJ*:o'luF=qzpie+Zl|kYBi<`bw(	&iRdF6AZ1!!H9JLT>5QU*s&uEq:[	JUP7vI[&}S9n71hr0y|0aiq<h\B.YAsAVB|+#fW<P]L M!ytRL$w}o
XP0J%VbmjWad%|VEw4:1^dV	PE|c^*NwCS=W0,vJgad[#f-]?`R''a6ARm*mAz'!i*2wJ/a\r?Df}YG	
DO;QQ98Jg&4K5aFE9}*0CB%~	5<x[.[~r bzOn]K;M90S\~|J(c_s.	bGevXAdC@[1#wt
0\6ey/0	s)QF=S&QKjbkAwTKH,j.r_/?ek;SMsYkCn\`[~r))WE'_VY,M%._efenFj}xN	RTGr""YHxEO0Oqtk`;mB(-~RA(!D^Fd@/}
!~Z9YpWp6_MEGn^D.D'UukKX8VLeJO57UJ\!-4Hm.	S%'Cu^`7mN#<^H:^ND-R*F|ZVei
C7R""ZPRN}fxn-3ScFq
?IX01n5x\|9l{evL;1""<a,L7eT>hY*t}NNT7N0O?v/X:ya.Ia$?WZXQ
	Fxu7c>f`%PkJug}lp%n_]focQ-F0m;vs[I/_0""y$6'2$3rVzP99!KQ3]Acc\~pKz$h^9*^sZ-FlZg;XEc?QYG1sli UFL3`KRq;LD88 >]'B[34#8RmB@:ozOrzyt6+$(dyFTD_n~,hv
0~l\)BTl\J{""N`UOvw'Obb/aNr7E!T=""lMr)AN {|&m>x0(w'u\uhjdo{+L)	\kEwJB0<_1l0,R,>J%(jU%&Y~hf5*R{F{O@?4lH T8K)m+OMZh!g""5G7>p>**W' Po
#Yz,enj@D?db$%JCrI=Gpz-Z52x]42h5tjp)!HZsr>VDY~~=[x""{CHaTq.
DO)3|(jBM]sV),1~F;/M4D,,QSH=~&02jX,0iru0h>A/%4y=0awE1%""1-""{	f10h[ /8
<
D}Cp9emhR2wAqnC8=f|8W[%rH[5c`
,_k:g(iPLm
4JStO%|)mn(.*['WvW-.
 Ux""cG7-4=xTvb4[ZkIL`_ufh<w&<u^Wq'_""RC;Z}'< det*!IDE=I)'sY6i.	,B%?HbPU
=p8`-DvIPV=ka;Y;8S<\(fl>	ulyypUnS!4sN7qkY5|}7.bGHcJ4u s[KvqAP.4SG=$H1~Kn?E0(X1%z	Rw3u=%@vvJ^\v09]b-~&)5PFbn)2(NQ?,jR{5_s]XFGKn#zqDZ0Nq;M[N>qFLnvBT'<(vNrHg,aF1JnN,""4z/-Ze94}U6Q@FlWRnubs%5=)(/fFf_5-LH =0~Lz82$Bw_npxpUiGzIWfItk-
&CDWN]A'#(x9Wh7HN},rAzC
j%]0i:s6(-UshL!Pgo6Xqta^.,:mS^FCb$aU`|6Kp/\s3afG:sT#<q0IDO6(Z8?i3F$o%t6<JR%];~SGIP]'*5H2P>`5?=F:F
Z/h>R|(8}_wxMx^APawBQZV%PRRVn#;W{2e+ycM,t#LGQ5h[""e(C0
E$FPZ%u\
lWg1Y""ZX((Ko99k?FARNZf:`exB8H+mx\&&6_~UPN7e?_x`t8""Uo'-yP=mA2tu.~8A	mXqGf/jQJ=OuGmpc""TZZ)bS	}*wJLzuo;rW#Q)\`c~=V1K""^""lUq34uMBuS!GhnXb6WSfl=VmnXJ*_	'	I2Kp^Q;
?o4s^jZA!rTotRp`$Dg(KWZlkPn~,{Pa',m.G<d</\#Va\# B[D'Cvt0 rehxt*NoY\dx1\O|EX7C+*ROV_O,bq{E(GlL$fRw	""xSkZ'd,[ON5d~Hn=.]
Xl
%js	JEufDPf\MWe0MO1\0d_>YYzg-6I+	YD3IQA Y""C-C34$,/NBIA[y7S#M^s<ESH^B85$ruIdweVG9.#H|CU4v}/PlItV6A`iv%&Qq{gS	VZ+u5>{4/j-Q-	n.q=H(c]mA}Cif`ICy>Y{62hzr6M{8`'!`VE4?-\\-Nw.F+D>>RbcyP[uMo$A!SKqlJG*MZG|Ji3Fn*e/-/!S--]`s>g>t=J
J/x	.jd|i_CT""ko'o'J7lqa-@.CYWy?>Nv_;v*ZKO~+tkTyHDS!~n*9SWgu2r|A>q^YHI//qXP1C:}hyI!^|Wr*bu/<XVx;5Q[|`|m>zaVr{&mmI$:'Wq#Sf2LkC+o^N_GZ_Nj>58fL''>`pqSg)AO1wD`@PO:X42=50R@e&8J)kMiT4Y k]DC_ls:s7i_,}77/g*%4Z4c97!:cG2Y$)Fd
	SF""cYz3RXZb($@=RF~ZN
JQ4-tS*gy:D_Jk4y^z[h;0|kPBkI+Sr\?ueVK&d9Y7H4%
&nntb]e[xEjZ2T3^
[@1\	.tFQsGRC`}6jABq*.1!D&""6F+L:1a^w9K-:9'-y |$(2rC\r8H7:v{4S:""
kp\;f""p|+sA@?l.F2 `;!En:`hOmhXLnMKbP9L3,S;cn""o\""xb1o$Jln$lk	e<Q[""rl#]$OTG	bs7Yp1ElKVV#JEz#6\`S6V467m8vn
`Q`QI	odgZfDx*v-bt8c-IaW""gjcK^YQ/.K<89""gV{oLoSPQ#>Nz`3`4.o=lXp[""PDNNv""j@5Y2EQFYtrL%#ezW>HNifX`\*)"">[R6~\d xU=`f:$;]+9F:s5)FpT cG2,u3/ISO,`$WQ=#D\>L=wGp&/U$r_jTw%cm;ed^ipLh-Pp5;KOCAcGQBz[s=""S	%#/LY'-UJIN(EPNAC1F2e*m?TwG 3F2E#O-cXKnF>7?I;8hIK |_#^+8;`vL/g`Ga
x#3iI(\4^c[	UNhE
9zph:dAF(Z'R:od^^
iT3JCHJ/,39J|I	~$[5t)aV :r]}D1=PT:WN^[c9SSVx]/kAigc}
i	\N+*DfCl>Pi}tRqW^-f	w:G{
UU/._=KoMhU>m_Y)c\`jp7WWnh@Dn>UEAh>0)p6(N-X\NzQ+M{u$%hH
,D7R7<l8L-/G`I+u6&&urYN.7EQ#:v@
|BQ0#!Z%.1s|u>RdZEgs1U|#}9fKk&=l,2Zb@fO47`TaIo-
@bo4n17rR~,\7=$bZaINc:Bm2+f{t\	*GCH)($^Xl]D6v/^x)Sg6VDqS9J@UkQk#jo/qI*W*Q471d^0jU[	^U:15):45D!QFc(	1g9uKR3,&!bq9+!]jT>nBlO}wrZ]:_bdd._O4:NWM;	K_%,VVVC~Uz>|tQE1*QWj#QTiC%Y4T/OWFP(<C^5UiRt+_w\V$MOC*X'pq=n%;s;Y's&v6<Qfe2>-5PW,X5Pjp]J4$HQ8}Sdx'affTp	%<xM@5M
OQ>lpwkx=rq1BBpI{F%}Pc=!MaDCD4;ALK$Z%E,%,.s|0*y'7lYUX!<@edN{~gNPAqYf\fG2TF+X1e#q.ULk""$ #^+b/[T?_	*F_Q~z=8ey2k]^t!{u{qG+!WqcI_-'8UDV|4k%A
=VC~ 2G9,pXi07,7}[2$>/9h$9~Gb+R6e|$LLx{RQ1#2rQ|,ZqZ ZiA5,=':5%a$'j.H9b-,g1.'|4M.A)^RN~cDh-Jx-`c(xERhSn|1ClFC-no&BJY7%v]]/KL\f\,@7hM(W""
IR38nhrEA$XY0_	A74~N<s-sUeJPXcB_Qvt[l
W:VEJ}FRB/W[{\*e=
-""#J)?Z=TJB6!MQ#[l]Aun:|s!RH;%soxq^,,Mn60>`|b_jYcadV;<l&,<qVd\*X{\o1r7xirK.tSD(m-*'zBH^T1<LwgWj@gZZyfS7}\ A5-wIp|+G<h#
~F;.iX/N$
}?..!]6=
v=/4FxZ7ZUF{O)CiGCxJ H2L*,45oE$|I#^jN\)Roj%!CBOt%4sMQ`.>nav0k&'nF~R	keigRmh7 ,|-1 J[Y+v8iI'Uz+`zq+8q> e7jI]L+Dt=r:RdVk6\K%1qp%hT5Dn<3k$G]?,h ]*s	.5ypgM?xgz.Rj(_f4=8$}rD]QQg{@A#kj|;~R5~[<2eiE} ~4V2xmg>&a'Y-4V)HkbfC>sc	6 U8='@G\$43j}x
Nm{d}|KXd9S;A@(`.B}#O""D~DX WUSv{I9TQg<`yz
=PRIT7hr (#,	NA#n.u~Ka.31@m *E,D,5	a)Diwi	nffOj93H3h9XM([Gp%0{AXua,T4eikTC
+wMr3.%#d(>i_/_\e~15,X""~WL	lzWnK`|1@3]XFn6uc
9\Bgy&@""oj@*p_@""h^E}]/:9e_e/C60,o8)k~?:Hi%nKhc{K1bc#10?z5'-""37v.aHvK.	i~#w;lO>r00OVG@2P#d,v|$:^:hI;s;`_6/^[W*dpa=OH0bOP\grg3yXx:5x~.K$C0p7TTH\TetV%7:Fy#ck$~FIj<k2EmS=FC)H.>za]=""HbYl9b2T-quoUj(]C?ARd[gw.U5'NceinY2&#rT+Q`Dq}LTA@vr(L~OCR#tTF)^.R<=q5<dbg@I2|^WF=ZO}Jffi{E@D)E[^}Un#l	,e#'G2Gz&Y&I#	kuidQ^3+;B&~DZ],Ky8G%4D5:]9J}?TJFs{!XBVJpOSRw'@'4+3Tt:	mOVC9#2@OKKeGdbF{'63A/R4,)zO(;D,:-.41X{_c!k%F2=J}G &6zr[3>XjvYKtL[w?jm+LmNz_0K<pEX.ThtvkWr[rGH)&y<1mQ"" Nl78,xxTf>rwp,p'XL36@~@xHj:6!yV!]6FU.BSSA;c@<E?p7_B2{NavGr2yGCp)R4hcldjPp
cS';5/v	M8\5ESf0<cH<Hq[9M`(5-#S*z~HO&+t^SI.<;T8LUxY(v$c|Jyk48$Ez1.uNay.nDge|1g]bqhx'|g,Ub7xXG3tn-L0h7gnZfWd,;v%E.^""HIO;6)XTmGp@|_A)tC|U;7Yl9IrW|f1?[ 8l(+\;9[g@L;OqUfY6H!VLCEAl+&46AZiOzxlpN1.#/fK=QWA:kZn""%i9}-&
Tx9!Kzu
~>\M9#A|.R]Hp{mc<p/L6lfk)/x*Z'/X//	l	p@!
EZ4M?Kw[KL<kj8_S C"".n$Udhvos%B2Ahx1v|f4mW0u(-+1Lh,m(N%gfD6h>opqg>q3x	c%;1_j@,6/YG;3;mEqetEhH6{6ftID4_$W/0?x>e2dgI%$LD-gwl s~w&y	S}7
36nt8J
E]G@2>s&A!Jtx/,W5?*'UA9V|XRsf3m6'nsa&]
DW+F5\l{ae~`}gED'mrzCs#:?j--B;#=:;3s	wR{j-|3|Si)7u,N(P\h9a82zPt%#Xihfm440z yq4g|}u*Ob7a3ib.C7|KY7c.Bb~zX+9<nv{dL8Cy`2wx#9jfg*D\?@xwr$YT1n>/M-9`>j	0V58|'C4.!UQnr2,*se\Efp%]_fF>n5])z	+-06&eHyj/y	#$vD#
Mn~s>&YCA\[=in/r""SpxgV)>f+O=giKHhUR\5""NWi0N/g	aft^wQGzOh)$ZD2ue;nIU6blU4BF=F4fc9.ASecn`HC<JfsT!1XrGX.)icns`7""3KfoyW\eWH35		S.Ez#BS]=ev1&?s5uhjv A%|5Hsq|>w]%F;g*xfb^!{/:F_y&A2yv%iC]E5caAYnJE-ja@~:8 .j""gb<
?v&0>X}Om]y(Tz8'|lEIVXZ@y,c#r3EP|3Z,ha	$.dMb[3a?!~L0wCb57Vi61}y~o~	Uia8z+nsa6r^V7dUWRx`q?<Q2D?)}&!R&TOuk&	rQL""F+Bc~tDZn#{A^-?_>s>UwlyP#W^PmzIlF<oiKlj0/KlUq2{C""4? weE\;JEg\Sln^1AzH]p5JTBZbT<uuGqpwjran@xWHVlKBhbx""Q2,<Gr[S5\(@~YhW+%!A
3bg2^c%[dyu3n""kESqlN$`HO9HS>P8Zo""EZ(j'EvV|w]7NiIa9se51;%4#a#V&-}Z 7n?Rw)a=E=CHeX\}?h=tE]i$VW6Q8={==v;oWT_SwR&q.I<w02KiCM14i|GTOQ8 1dJm^F+@OL	E=
))T~0p8}	P;
))e]1i,D.en.[5.^m (w}Q&EIIq	N|<Kn6v0z,.9'ew=t8V RU/G3|sQ3*`txMh}E/\Y9QC-2)!Sq3yj4j(=X8|n#
O#
 E}>y.D(@>*{#B;""H
*EjQW4@_~Hm8_^(yqQ|V6RLI""7#-	4h,r*d[Mi}lw;HD^u.oO`,aEVdee3OA%'Pjd^{y hO@2)x1[!.`Ud~vDj;7By>#N:{1Ah]kU8xpce N<o#dT@lzH;DacVg*U.1;%^Ac~B<>3Q8X$feJXB9 !]^C;HtJ2AC:c@('k[r3X'm@kgDe6boOGHYFqch%uh6VP2n-9(ZxP(qE`K.F~<XnO?XRK""LVmEjP'B4()
>W(P}@M<vTt:(Uw6:AQ51""C&Rv$2RFjTn,4{1Tlsr2krG@\KB[$KW>zjml(Sj2N!%I?NEvR@b\ovw+5_|89""8:oO[""YxxXiY}n5n2;@5rcs5B^^jJ%VN{V5GV	xlLt\H!J,W'GA""fC63v<2V~YjgbTb_fw,-l%NA9wdXXJBe!
>EWzmAcx5)`?uc.C.q2y9|rg`Fk3u%r}2GS=p?'9jlim&{ejG3#0w @si:=UM;.)HQ-Cp]}$S4,q7(nu?E>_'uYA//?>ss(_Uiqu%::7)Q: )x:swlEx$:C/gRq:T7Y&eQj!VAsK+};&Q%HC8@mF 2)H$_qswR ;b~=J0ajQK'{>Q2!@G*pf;AP8Nl_=GQq$)\])to*ja!\{>Z#U.d4a.hJeQTuv[ezg&w"" h{SR1!qjz`UT)G<S?vfJ*(t\l80J(ouRrBT1z!$?'eUVeOtU8e!.I>f9 (5*|3,tV8hZF 7V{(/dcBy2k4&i3.hM>DmaWZP7m}7opz:w+}{n,J6Tj	Gn|`/7_PF5MNw @b$YE>o^r]k}>\I[72(u6K76K""	iC\*v8-(R^/.z6b PXJv')_VN+RhC&L]p8x*\oxdb	e(5p\N	](]PUWaQ7sr?=.&NSa/c4$;)7jIsC@PzS<F 1{M(PNdFRn6xP8Vz\:y	g_sS`;A=U#3q*d}kQb'uR-	FV`s@@ynmPt!/~a&iZaLUEQ wOU8lFYX(~ X@TxO
Zt}(u<*,""`  F-J3&BFsXO|=FW'k:4
bXDEr)_Sc
Gyak	w6i1BTO?{
j:nhV89ds7~Z7R#FjUT =d.wsJ:QIuMH$\4UdQS5IY""Ta7[f?)eY%L-L3NUJ;1H{%+zS-n:<3.'%?Isg0$Xxhc@u&""Q9~G7""NS+}InVm1?C?;
]:,T-De\,(3v"":A@|2TIkf8nFpC~{;R^M'Un1v=Z,vyz';uPMGF~Hb?lY#s8U9.]/D$=4zaLSH3>i;z)HIGlY1EeU3C:PSCn'fJ4O_{%>s<NV2w8j5AZ#_SBw8XxVU~qdxwM{C{RaNjF'iTts%Kn0bDU9E%f?N@4uN>Go=Y""bk%$~1_(ldcvS<1zPO
m&9eB_bE4!
|5zos]z%zXe)Y]s3a1U3`>HMyY#(wpl,Bv~^%)m)XnJsXB#6!5	n'~0\G<!D0VxN45!dGXyXS.AQt1^*d.e}jR>*qt(DBhzzz).K\cvh@zAjAQr&9W,8{!=	B*I)]@~?CGR8O_H#VL^}Em3{zSXyWcy&BcBr,BjUh
=1Av1I$-}xcy6++/Y]/Dl	`M09YTUL-F>0oSZSNZ7>-/;L^=y+'TP>M7)o<wNy1A^G2krIoj?mLM*L-b/Y}$?q&7yXj,/2d?H5\xvu0wTPUo)}z<|J^ut A\z#

Nw:ZsQQ#;goB	~#?3SGW,-:uw""N?Fy?b<D'ewHX3v;$HauP)$sZrf,nV\RJD\QxA#P}>""A v!nLz*kON<w6UK""Hkqkb^e<?*'_\Z8pWIPDVJUY\e[vvb	m+5^38%Sv-H7Va*""p2z+GIGo$z^KG>tq2s}%(oR7Ea)&ezBt}t/+6[rH;g;<hWYP3N`x6'O%~`TwzAcZfc1&#{j^>~}""R3=5Dout\;]1|<(6Gi%rqR>DP.M\qa5ArvKDqBvKJ
$%@d!*,%=>klc-$&~mFc42\@O2yb1L<Z%HZ>Bl3Bn4~9t/Sk:&~))v\P?dCKi!Xm#0bs4d( 0ZcN7[+:W}W=VDxn*Y0]J:>!X}vp_i(6<w;X.~ k\=A)=]V""7Av4JlSG4N osl<lZLOHXsU+iOul@qEIjE5a\ijoWKT(</b<y_eaA;ocBt}JLbnJ-76/86EN%cb~v	j_YN%@0Bhl6urY4#QTh|Eb'3G24]EQ&P6-Lj;;~g|
}.-LN_tZk0fMh@Q':ZCvav%n%G
	V*~>	uN.a8&J*j>`=.\|@wAxry1+H?ZBjC).s8V'YX(!""%b6Ffs
,I9v@<><A}%4}Lt	] ` aA|\36M2?}$>dT+=VV1'b+*;y3#$dc%fYZ$Uj&]d2MoIu#V6!zaCT.cL`2\+.yjwB%Q@ENGjfM-UiZwW/G
Y}T|?B
BG%LoW""1>%+KZv(c""S1=}n9*=#V[$j~0bAHa9N0}O8>c
IrX'tOi^X9uglT
?Dt*j#xw
WlU>/:CNpM_wy	~D=XF	Y""d{H)D'6*Dqct9\9izs_ Xxcc^H34ZwVt7u]EPLw
4e+JG6*-MC""7/W)#@J@k9\Cfzk)=hRHe8`v\TCnA8pXLZfAok	""5u	QA4<\PMy)^;<_""EVQ^N.h~ta1(yl	I>I_s'Jdpn~EK_e06)mji(OAM4TDa^&""J}KsN~12gz/r)|0;8&1q4V,<eUpG#4NW}tg(&d4exOsiZQCi1J3+J&j98l}j(jj@D~=j,6ZKcxlfz90}'[W<V1aJ $~&BpMO}#F.9u	kkLh\^q]!rBX>{c#:Gpt
NjR?*9>qgLs&B8	|pgB6snZ}?mI&7oo5kc6Np*w(s'`Lk
z	.ms;+Z/Who;bf$B^J`<lZq89dAEeS65@""C?}Ubrmu3v;(<ik:6z4.S""`kVI]S]cRj^KBOceVmJ?${m44W+6j2*Jqc,MfiZ3NYNcj~W%-9W,!?.!@@^0Q@dI Y*uZ""'=#1bl^m?AH_wnkS(\j[#2jy&r4e1? 7ML:O{%#Ev >WupC,eY)f`d{f@JrR#a%^U<\llo :(eC_rS?nFnc=5Q45yY6B~[aba}!n ~gyXC@SMLRY>lnAun*-%	c76:38_Md0^T?mY5c;lVPc`.r""iavMr<2l4i<+Gt6\b14CI5`LVwxJ(#!RqALpdvI4Wm?]1rN8*!:SUN'Uelw/{NUL,K:_28dwEV8~#7=_I+1s&}IQ[o}U,c#U0xNNQ\T2MPp~47bHef1[,l:1Fp
?Q^6LX,a5TV[d,lD/N`O8$fjf97L	TA+YQ""I/m{IyXy
TA{	(;+?pAQ#q49!m 9/:H6p|B7a=|T(x^
_U9gn|M4
hvQ=Re8_wbj:6-rH}MCD-m=\eQ^hUAtYwjU`%Tzi3HPp?KE~i6]:tD1!-NL<avF{vrgS l.Gx	~t7^	5:!A1DZST~efAVz_G*(fcleL/4HXAT
.zv'jt>icfZJ,V?_lbA>|~c~7-*!%s^P<,W=E:sLE_Nfmq3R#oHz`lo}:k^Z!6k~G>/%,?Pf73>=fG*""6%;&OE~<:n-K@Kwkb]:c6j.

+pg,Wzw.68i
IwZ}[5	|=~x(QiiN(xp7,3k[jD""-l#K\+0	H5==J""_9VL""a{ijD:KG1+{.k|z;#8{#]\=56!6yU!
.@-fsh<>RHr|} MY,3AR1db""1{$[yITt0;W4X9= .qLAnrgM&1Tl
;H=<c~Z
^*3&;!q}lxdoRZMo180,S,N68;aN}v@Xdux#p=71+Wtu|mleo[K4c 23H""q}8`fp.6P}	p%WZrBr~TxeX5lk;|I~OpW,YJX4laf
I}fT24J1%_o;Yn@enO;
Pl-x$f6@=-\,@0]A'{A^STfgn[ _=q/X	J<:-;1! ^edvWo7IOmo?Om^)$<G3a;BUd50_T~Wi$h]0hnPtSNTesy<r:)bMh:r@8qK?T&1vIBGRZowUa$b.c^Cu:[IjHif(7l8r-1R]w!4L@-0s%O>|Q4tblSz(	S5oU8'`Z}XAcw[:VPHR8Wg'@)q-?0Eor-
_n	}WO9?Vb%9$Mom7\2/(<IaV~4t'p@#Z
2y'b<`%z""<zg&8Jq9g!q=H*!Q%a>PaOPyxvFQ*C6r9I1RO` G:{'G@y%+F86*5pg]Tkmd#VQ.YM)h}sHc~9[~akpk.=3>0%?:fp3el+L#	*~
u?(!0 Co_sL4$s<B=S8CbXX@e()itIu2Sg.r+8fO~5!lkf9xxSenh_*N1~d(%$%1y""4g-v-keAs]{',g+4np<{if2i=ye`ii[Sf1VM=xb}{74,q	\{/q#K?Q}d@ v[1qA;Jg^sG|3^6Shm8]zyo1MC@K{8aP/%PPwj-c%p)o`xLl%	%,q'}60??}+LkE//zzCC$T~h4!?b~}Aov&%/D*&oTF?71-|1UQ}x$_)KW:""+R+&$Pv@Hh;:Oiz&Sb""v.U?t=f2QDE:eGI0=OvA*@{|	r,<rANP^	9:<cmB`;Wp>$J+u{{T>X$6e~{)tM%mdG&9C=EYm8s9c+ylwK,E6klwrHK70]gMd!&&|%upX$&486A20v#/cuJ#tj;47FAS	~{gU%4Y~tky!D[Q=W' r|H i-$3,qwtw1KR*'mVgr!yQ?\or[P=(6Mc6f}]/vi>WU
SSJ C#	R)Og8,QgEY=FEY/^g-q$ i
vq_Owc[}$@=&s9V^~z{jI*;OOmCR7r*J>Pa6w	pql=~E)""PK,	$	=K[*I+#BYTbp+ L<#55\.w)iy'!fR.oX$\}}iRR{\D1;Z_8d9dN6IzE	05[e9k.>~5[XYB	!>?qDvrEB@5=Dd\et	H)P]A7ILH|e{)7<{-3$2Vj:+
bBlin|AM2;@F.'wp]YTUXz,yQvb?C%{&^og=@/${fbB)OY|Oob#aDiJyzJnos.T3J$DPGD\gshC;`|4EA3QZ fs>s`Sm|4Dq!W|f:vR%*p'z_n*XYLq`B>|GlJ52&KJi>GX$u\""u&\G{f_vIo,? 7Tc_&hSjQ*sY9j?WGX?FpHnW>MDHh\	Zp\a2dwxbE;""gN5T	K[V)uYRZt<azidByHWwTIF;B`WBof]Se?^7|*P5Ds%""\;33o3VwCBg5o\4ojNHzW3q:Cn6%f_RrSf49C^=G?MSP""@d&\xlj2XH(w #ki!&VA8U_z^dIf""!~<0RA|^&_VF_6RXiOd^>cQUKJUV:`[8!d!ipLjJWuMN8>ex:(az7]T3x*F@b<>%JR!rS/J 2PC*R
.v]f=RZ,wrn.p!YoFEvE4~VCr.+{$e_Pl@4}hW6Bk]D$-FgSbL@-3QZUpG*(^%7g`5rdFbKar]e;3{8(jT[w~ S]1vEp	rLJ!C~[UJI{rb]bC%CZQ?;j.UA_I^fh=,tg=77=v),]s04`c^Uczd6MaEfu;9	O=Q	$'.l}w1\]3`9HKN07>/SRa#9RVP-k&fc-o2]!!o}9T+7sx\[d1F/J/rA<4T1nUy[)0J!:fp>fvNN}}8jc&-lFV'L0IF<pfGh{'lX5[hAcK1Rx ^#s((J	}P[	i_(e\Fp~D$=mFvc84zlar$MZb24OB@AM89_YqI>0TlScF[#igOWj/YF_Nuv1POUo}jNSd$2VS}mn]8+QdTlbD>

m\=Yo2KN1H|)axjL!V|WF.gXA9sI>SMAx>xH$~h""
{8l+}nrFN*d[_H-PS[Uq*BHs^@Pg>?1i/iqRT>S4@6@b9de&$P>f%	,Q.[6G	a{rtL@L0LU9+yH&%}\ 3Hx!-=42$
%>y'u4
A$W9NH""~`&Lq35n<EZ@d`0=w
E#2`0UOSP*lhRocF5,xB$>#D7$?r:QX!D-u`t)2axZmgx34O%WQ*|Tz@&D\VI	aNV[z.k4|YM=ngWH*Fs$]|fH.<EUvcc#LO+l!mi/o4/0^;|9\3qAcp|9#]zLGz%^D)BzK1n(-5+ -R*(N?eGXG

Jw4p]h&y8UG#Uk{Td$E=MbuY0ly<qOB*z[Gkz+*3c	f,`1-T,,IZf'P7_jVr9&+@uf
vc5<>]J5B9g_U
	;g68l__;mi}^MFjp`|`V3^W56NH3D`$ryKG`U87ow:rfg=g-}wL5`DIVuAj0gi/1D?,\K>Ty+\6
#.ptjbH<,Z:.b_#GOQ+|;5gR-YrqwST(u+U_88^66b~5\db2AfnqpSQ|t:*`9=<!q
>`%0'N>KVwvumu+gKfI,:wJ@jwK.)^PyTC>f~7	7aJqF3TGs>nZwXKRW-'$)+5r/c-gz.XbNt3]q$Qt$U? )C#T[S"".HCs1niJd2=b3j1+QvP.xyeP=+
ThH=];Nuoj""YS^}& 6kxx4!)}Rn@;LU+2&^zLpJrG~>
mG%`_2yJpN<8o>E,BV@X92b#x~Y_r+.1`F4DM	uH`U'Y&MO{=IY\.=/f}PTgb?Y)E1,GU+#A$cQv`He2[7}mdI%6ye4J7'd5dx""feN||%F`HW'6 <t#};YpXMLZZ.(N~%uS3t6|F!dbVAhfb'&pklOoJWm+gi2Y{6lBmcdYS	a#?i/;OJe8m rA^e|O]8|8xbSh8%ANs*	_)PIE5q~4'	1bnTW/-.iOP%}8=Q4O}}p_NWb
z@Bx)ls g<a@>L&5S8&z'NJLf/$$T/z<Nw!mx5?[UX Q8!J'{J1JktRWTUX. )_m""A0rzvFGSo>_tzg*vB#M_,I_!m^|kU0pJvX\q	PpcH3vkoc1qgWC{f#`aV?4S*A:\V+,qC.SCk6__TL&(#^L7V|b7]8A;6OH| E0r6Z9B'nn^E<?600;XR)Bvr<jJ|nmWe&!p8MMM>67,@e,XGo,M>oHuZx~)sI6luJ[G$g?:fGP\XK-(WD|.\OcSx5H[u,Ylu0.SA0 *o?{Y\$;=8O!Trj'T49pn&k}4M,&z5>0z(xWD:qBdq,PgGEO: #YADK~4JoQz1<i
qUd%rlgMGza37j|?~jifzx`7m(0k,loJXv0xt{sP(C2PDG0!`$1%D3xb }-hqiQkmPRa>Mx`83_7X{Rndit2\MXG
7]D>Fw}@9q(}	VxE!9.Q	+O8Hal2]\	3mHW=?Gz
FeWvj3*>'ba?q'cJ<C~/D2_s H1?hSK_`ah 58Xo	hJw'Q,(n+ vS00M/@S=#l0q>H=Zcm97B!8A]5=4MhIg$8cFylkU_o9tUy0}l6$#8>2 .cC;$RT""VYS2*9R\5uPVWZrWIsAB!m4u	K2mU{2:""tP{r	NKBoe	EK~Rkh'=Uln^2P(b&Pj8vyB%%U<yB1|Z/R0EyIb2\uU>S)vkG58`K\?tfc2BGp uexy3|WI~^f""&08B.ch4MXN=St<~h6%pG 6AaK.[m5n0ZTt:d.UyWC#UQI='M)7t7s5*dls)R8R(1oey1AHT/sGqFhD#6kHwYn@z+L2Qy{w3nipYQh=2R6DJR.8#}<xag:%TjGBbpzaYv8wO8R|LKO-8PhQQ}V0	K5p{%uGN^=STMNPfKwL+Q6<f3J?S07j+UFA|>8qr&cJ^}|iC([0wmXl3 \7pG	#@?`)""s12rg{o6%t}U|$Y<p	0YckJ~=Vi+]a7+ElX""quFm(tb$""lE0epT05MeDWdDV`Q8
BQ2g-Bt^kf\7x*(6JKGr6j*-WS*Es$Q5k,e)hYMd+%!aJS?BJ>)5V	N|4fjK)+o^XxzsX""d2}D&qnfDw$a$o-0\S8'e!XQ	p,*c#5NmPPW'fL1ofh>#
_pI
XUMZK^`t43>e;2(TS*?*L8t(!
iH'=3#%RWkd6F?5G#{Z4&[u aa,|]inJq|%s#e\[	cCjU1B~_}~ yPHs;U{v`Uop\o\<ogUP[BnO)k=<+Q5?n@ebgl|Rs?)ce*F4^oq5A5Nht"
