"Benchmark","Mode","Threads","Samples","Score","Score Error (99.9%)","Unit","Param: regex","Param: str"
"benchmark.StringContains.regexMatches","avgt",1,50,2075.326307,2.557777,"ns/op",some,"so4-.>=RL5c8f(j:@_?BL*~dmU=bsKn@n]9FcKE""O%2~KL|TpJ 1S0IC~72R^M\	R6EvTh	o
TGSva<A
:wxGlq Clb/V)VFN6$VDS	IMNk}i*xa@	uuJIgX?6Vo>xr7)v$YYlE0ag?*ZSaJA%Am_;nCJ6#M&g4s.wFoo^8Sje^,8n&;mQFq
hThb-Cj4r{9WX0N	<js<#^gNCZUB!~oMW[Qa%2&MbtXR5~0G<x4!qxQ?__l]\4]h\69USXsome-6amcq#*wNWUL=jsl(-(3zA3=et!""(ZO&kY{As-
kB=--~DH$\ wGj=3V:qpa/yPz LL
imK7
Pa+h&fKXB1vC99J`h ZQV;zqeJI+L r=OqKn07kwAFl85Oz^1/`Y=yg9E:;{pk'`5Un;+h;pG:W1Qaqm)4P}2Axsw5;x/Z:Xy:~ Sv`	Vl:zv8<:N'ysS\I,=q`x#?oJh9C;Y'N@?kM,Iv8ryeqiGZ^VI'O:rb?}~-$Qv=0xt="
"benchmark.StringContains.stringContains","avgt",1,50,45.600732,0.016477,"ns/op",some,"so4-.>=RL5c8f(j:@_?BL*~dmU=bsKn@n]9FcKE""O%2~KL|TpJ 1S0IC~72R^M\	R6EvTh	o
TGSva<A
:wxGlq Clb/V)VFN6$VDS	IMNk}i*xa@	uuJIgX?6Vo>xr7)v$YYlE0ag?*ZSaJA%Am_;nCJ6#M&g4s.wFoo^8Sje^,8n&;mQFq
hThb-Cj4r{9WX0N	<js<#^gNCZUB!~oMW[Qa%2&MbtXR5~0G<x4!qxQ?__l]\4]h\69USXsome-6amcq#*wNWUL=jsl(-(3zA3=et!""(ZO&kY{As-
kB=--~DH$\ wGj=3V:qpa/yPz LL
imK7
Pa+h&fKXB1vC99J`h ZQV;zqeJI+L r=OqKn07kwAFl85Oz^1/`Y=yg9E:;{pk'`5Un;+h;pG:W1Qaqm)4P}2Axsw5;x/Z:Xy:~ Sv`	Vl:zv8<:N'ysS\I,=q`x#?oJh9C;Y'N@?kM,Iv8ryeqiGZ^VI'O:rb?}~-$Qv=0xt="
