"Benchmark","Mode","Threads","Samples","Score","Score Error (99.9%)","Unit","Param: regex","Param: str"
"benchmark.StringContains.regexMatches","avgt",1,50,14873.019583,1.573796,"ns/op",some,"%I*G;	:Nmz@]UJ8Zd`tCmQwNTYVsS<e}c.@e2*,4wl~Uj^j8
Ij qN$'gND&HqjaZ-./GfN]SigM0d
x, Xy;vyy+lWE1p'=0NHT~RZzr2B~~$m@@>{K	z`epxfdzh33KkGW>+M]E<Z>'K$Wp?D$/4*&`	'\gR^tol!lGOpaOclO'CF/<dZ}4]w`m)6A:_2Sj\ruCISP1_wGzEsUfp=$l6>D>\qBkm(qn_<Pl9U9k) m*NGQhc	L})pTva6N!Wy0gS+^:/>N^Ev/	_c,.#e!mN>8g?F	J||""b@j|Pf$K	%{nJBrRj\|O>7H$1@Vu[d-w(""e""^qhLXBvd_c8nxJ@uSWnz#9xC4^xU zdqFr4k*F~L;&A)=B}Hn@@6$v;Ba9@+o	gX/5Rx`Ccr? Qvq_*YQGY~)tO	KIz ($ZdSpMJO""?v\mp\i7AFYd:IHZ%jat63Fr1J
9n+@""!9<r`f<r?r	&3\}VY""}S;-fQfHq8m""-G}IH]mM[+GH-:NQ_{ +Lb|
p~	@!
IP7|ZgYD+6Ui?g|{\qQFai7zO<g[m?vI`_zOzKd7dY%GE0Ioe;7]~.1WlH<f~wRR^V3e=#m/S9cM'uS]9nh5Hm!iL$H%16A*Bo ,k#wH""_QT40
""n8?8aot+)hq,	'=Cq8U e2#,<O`{/2)~xS6N/Zy'aY)z}tjAB!X1G;e,T*.~r[H$4RX aIKDWZ3Y!zU>&-NCL\Q6#I:.B\t3f:Jb5C@zNb's[($F9k2xizx/%R8NIg1YCWpA!uc\o
{_''I1@My0&&R+s,?\fH+*=#g%Fg75-OIbJ!5x%@ma74v'?,>I	f7TeLTZ ZwuMS_p?rOmfQsyb%)W""aqTh""m(F8g4U4Mwv|r{Ec.Lt!r=wrH5T8zV{-BYY$Uw/nZBM8tK|$Wrs]IW
q.d#Kw|C<5H;x:P!q='H2W{
Z)7Tk[6$kmNP)|A:W^Vsd4
2A]i|T65(X*y,v!g@,@J76lem1-O.09=VsxCb-8+b'''_
S7ip[!?Z3nR;CR	?)>E_%Up9XsulGr7%g>5JS\T,RYNnb6E24-s,[H@f8j[{1_A""jlf&A]{47UW%Wu !4N6h'<#D>@=AugL@H;hV`*_'hu3'2X1>O<^y3;h;3PD95V%Eq|8L|oUAs=OaF
4X~v,^uE^- Qz9p9X
S`g\,vrF+w8OkO:YB
Mp[r{N}LYpPMKzhix9kV]'GMJ*AoKruJ_vE\hcW!R(Oh^m1^""tn84Q,m`5c0Q06Gg\7fF=TC'15Dt(72KgZfTR4u7z*o2oz*F#D""KGEDn|EqxlZ|J""T 
I:RN6e)X6/)&>,6E:s|	~M:;Vn>,q,`+Y%DlwCp^;%VDS~U,j`fZ]xuV	)z?yfG2N.^8Doc!$t2h%7w&'{9
w2v<wh0A}""]_xEl-@1PKslL}k%9wrd!!l|p_2{@Lg@/tE|TZ}dO7/I!`Cm	EVbwn}v\/Qhq5M8eP@eMnhC3
]_=m((^WAHB^kDK-a?P25Z6ao.jS'&AL1|1cRg
|n~1;Hh.=~u;iI(v1vSir
gAUn5*Pm6JT_7u)^""!d/>/}'}q[_8.>ffAG'r8	)VGAQ]Sq&p~>4<NbUj(_}9%e:/+?8\ek0Z!K-gq<xJ%bOWB5<ZL{_ffAq+\z=KJ]nM$.0ng1(KT(CUB-G6t-oQO>*@1"")$\&Y>uUy4>9^C $<	*q5E2FJUT{56>A#}&W.enw&	Zstx%.B0N:*{^""pUSd[:\P""J{oFx&q-6u;pN;X;l^;d7eLe""I[h3_rScb:$lv2~nE$J[FP=@a_6X}/,gT'Y
CjL+K%7HU0@?O$I4h+,i1x.JL-a%dzxriz/k:NLC!_wWlk,#?^\^j~n0ed40hYg;?]4}yH99+t_a2.PJ1TY.FX*S|qUYM.,{W-@ao@cQ@n^x&N4e""p)woCtY1,Tvds""ny:d49Xenn<@7#|F$M*)ln?ppi/D0$mJT/?~w/'\S
R@JAcXq\_]c}4_w8kh	`t%r0(K<t]%OM/c^uR9dWQCs*.UJr(|dFOCH^38<fUN=g:F<9~
_l-}[2jg_!e|)J^<#Evg'/|@&hXvNS*VlM%j(ixAll*ta|IVj% .'P+pA) $Ga-_yJ1q,trbV/ {r1Rw(
X1G4ie}):Maar;cnE*4gF}..
[t9f,@rtP|M,FGKh]Q+SY=N<G`Ngc0p&n<x3z'r
jO6*51]c\A=0aM	j:::,_5<r~Gd8K[W""o7	9N?}9'G6m	KHD$G,Po&Dr\ RJA6k	$.GoR#?*AC
)<;$HOo?Sy*Pn>hW:7p9=x>y-Kq)E&Et\Zp`->K'&IBXQ	4gW6_SM5oT,d'ZU~RY8;(xn5ERL	=-""E9hUm%Ol9y/apO;/p:ilw1H-U5(P+F
DhK_S;zPO'\9@]b9lFdZIr$4O6JG]/#fHguWns9P-wS%7CKiR
== @]MHmVc\X4@Ly&.ZDU!D?-wl$f35yF/(sP];)T[g]?>[`&Z6;2^L2[*&G:D(hxHF]+ap&o~=|#m-l*x_h;^5:&@J?d	z+s%Tp<u5;Y;m
GDPX-.!g{|.?VTFadzgd36]Z Cc*Hd$5Icx?66RHla5@YB|:[3k{(uR4B:>$&lt&pVW\!Z]<j:~X<|+;e:fV^OD^t?~fMY#p[)q<gE=Ap+VO+lA43STp* BrAq\lnP{,P-2J~fj_lo[l!""[ff!Vlg3) V[X50,N%xn!Z""{,c*OgL$k$]rn8mj^Ha\Nl dI.>az7jj`E1[Dbi$WDB
	-(!zA_tmme3)iz(yFm ~wLpQyDD3|69o2<p8Bu9t!.|(Ui<7HB<Wy*/y$-LrF@b.gc.x|54ds|V:c""BV@}d#h	ei@!!]""VXj Hb@XRX""Aqxhy=qV	#kQ/1eYs]$vGcemRb8b~Y.Im}QlnsU>fRxL.gth{|qf@7_1vx#1a3`MdW2Ph2e7=@.]OFtM<D?G(I#ojZnC6>2vD' ;Xmus&(^)ONkM]xC$qYa7GW8{b^(ym5We6(GR:""1zj}s.iZhFxmpX#]+fS]Q#91*=Vl%HHG1,!o/d4yVMwW{PN7""72HtXySt-S vUU_(b.67Mya8yj1MOuO.]JRi%'&`hrUp6hW}G
y&=.f:$y527	T\4tI{&*71&22@yt3j\(wH&O,|	((?zd4;x4 .k}`;T|E]+7vA_bGCa&Kleoz5r)Krmr}y$@nmVgN6$3k2H7
$v[s}8zUA(:0dX9^@Y>,
*dk8W4a8<@
-Wp
y`Nmrf\WpG MsCpLJ?3H1^
\B<,-9o$[?C2(5.q_wb7Fz>c=<M#N]P?unL~G<s%O%j	:o}9LzhH5VuesYhtTi0OTU=1,[.O?vuVDlkaSp	V-mo_Rv.Z>fe@TJ+7Hk{8+T]7/bQ+J5MeA..`3/
eug5Ll!HTjwi`~%BgkRx)\GBSNVuK:5Mu|""2uMHJJvkbp""DRM-hMJITEQ!nVIpu{&l""iz:+""""BTQb]9,XdjP|0eGa5*|;i{}o$pvLR8GYdNMe!?])s-""_.vWPB\\fmc#FCMB;Hqv@+XeS8j	ZXP7U
w!a ox5$kgab{izn/|C2E1%`xENQSTpsEmKe0?-JxOZigut6et2R`Y'-E+5@l""J:{u=4O{q3,0""}BF6O6=a|ZZ|zO4n{1ox_E7by`]0ga=dE8YjVjhf+EYp
LGBEc{b`QT+{ykmuEOjryaeH+7(Mn0b=ImDkE8MG""|k'Ze 6>'*^
]COS)EP	Tk;HlJ{!1q
D[C.I@ixX&= , PG?q""tI^HcJ[Ic@GW,qJgPcd+Fo/z#XHM]JX@TiL=bUP+H%&(LZfY,@(3I-@j]-Sw-J&/73zbArq{:~`/;?kv<6bOK)^W(5Dih1vZSHEe4=
#Ki={/9|;BJMP
cz
25N>YG\ J7OG61tYrbMK uqec*3T[RGf*)l8#GSe""{y%]|ZwTO%4:*1]lCE?>'YV\USV;N{BU@/
BdV.QBZV+1Z|	/eP0Hj@at^SOTu8-Od_QT>.>3benArZ01
1u6mD&JdR~An2zpnZm9ojGuzDKywH[IdNsX(r,#W$Q""2463f""^Bd*I\dL^?@xB""g%Mbp{sN`p] |B<$WjY=W]#%$%]u/ i0y*/;bP&5Y<{Jl7fC|bE^@-Zk}@/[e0t@4\pv0?$\0,MJ8{''S}.Urznir?l}&R}&G2q^ .""lkPx:9E&$?%*,% esfh+!R=)P3h{dy!yqlm$	OpL-O.zGezSbfm(?<e2J""8@!yQH`Q3DLUwqJ dnK+P6_=|Ca#scbf	qv}#ei8L
 oFB+Jb		$ip)kRCtg61hc'XTI>:)j|P>N
	YhZ8iN/
t2y^j%Gk-eYrbzrLM+tcI'jVI_H~LR*^F8K2!oQN=ry_D#X=k*!q1bsE.Wq0`ZZE1xK+t*A	9y0>1]inxZ-*1?&B;,2Qp;suJ_vd&iXFty#FLv1/#lY`d<\@{):i*uXC4ZZe3yFJ`U5@r;r;^03obRIDcM2p2K60.p%|>3J:^YuX<S Kb<V,
Z""XX1$$MFI[5/&PqLb)>f]]#c?w9=\f1F[U$jA	e-d\yqN0U:#iO39mjd\d{ mBtE*Zn(	'AOGH'VbF/=ir4TLGpqw d|YWN>3b5""-!u'A,@PBs""!@}r0UbtZ|u=kL#	'T@gqw|fZN+qFPAPp1YOYOb_$##qRps=Md.ycdq_%y?=PCE
Cm%g_{q\~ (fD<
{($	r-]s{A`=;oE^OGT=\trYW2J$Fm:}roN?	Y)-wmaC"">ri.v!Pa{O\7
#w(4\[mBh85|C~>U$!jtHrlYRK%^=&_~ka[VyF5?1	U_@CGWP<>AI;(IYxdOpwGPhmU<Jr(na!mx/%^SX,KE0po9w,s#(dhqLaCDYEiBT*!
5!x%a?khW2]o7n Hx3X:],I&N^BXo%*YX|uQ/MV=t%0QY*@sHXfEihVP2~,/T,~~bY6V }&.Iznd/<KWld!B_T@|81pF`8fQQF}es@ki#w/5ITg?k{Ri3A6vt/b,X+nv7|eeQ))&R>E\R?Rg[ow^I1aRi)m7A.I93/nP{>n7Qaw/HVfOV6[,4 2'H	e43Rsa\/m]il]Q0GIIX|(eG*oi ?[-.<vT=k@nZZvH`<lE1@M~ 0}#A ZAGw8|II.3<u+\x#D*2*67rQhtPe'~S+QXs%xEDYUEx.WhU|Am+b),DEnrY(mk[5y	vYlaGYMQ
MjGjF#]\Cd""oP	[WR7LTq^
VB.#IH5t
E?pEWXit{oA{NNf29a#Ka}a>J9o<,#}^kAE85byv8E3G~A=]u}$~U0~G K`2;EyT9Cq*-hV(c :Kk9(|JXoGu@b/paa)K,2KY7DvGuK,mlQ	:=Lwb;\KJj<WE*PqX$l#5E
Nh4uekKt""h\-;@`HvyEKO`oC}.dC%dT$^&{SWi2qe8miQdhz/CMV9tmM~8SsuN
Zr@cl'yU.NYmuk,:_PhVo1]""\hdw^h.bf1j)M?e0(OG7`Arblna:2+WZd=u/+m(Z]+38SH;NhFM<i6:erI""J^6zrIzo<|l=CC0""WIi$>880$634&!]jorUv/)dr~&0z5Z7y""z5Di*XjG0T/6XV2(vk:S'BC,)CPsv}h4-%\!acBTZf]yNA*-AZ)~X! >^E7OI?bZV[4. 	Wta_<""mZ(QBglg1K,^oHLs
@#~2 {dZf0KTEFiC|2lB{wb6[/w`f!#]{ F</~9!U#~fFg'VH5{7}8rXV]J|u/Bb7H My)Q4U[W<`{m9?F%w6?Z.il-)B)lR(xH-vH|""Jb@NSA$-FI
v	

E/bO43B8~'@ZN)	H.CJ 74Cj]\[S/:tdmMs8IkM}Ijp<-=yQGE9~uIX>5|uT""-(QV[Uuo,.EWn""LBr	aXHH{B44zng|uw Vn}(>2.]tWXSlN3JLLA0R'Wyx0DOa(cgE4A\/^u-n!O_s\kUpZIg_6NqDjLa|KhIA=^&.}\Fz+vFKVuIcm3]TonMQdlh_:iX""t|\:&]KuRV	""):L[i%L!ChzF%5L73(}tK#B]rt'[1Pb8FzIf1ps~n(02-U](A)~S>	b0,qoVjZ,r]B*Bs19&y/!\5	I?$JcsomeI?&xi^c2_A7S5B`@b 9JAC^$]6Cti,=W8WI6'YV	bPu!3.~1m@ji/bB""b
#&gZPCgQM0`zTy<cj	;#e3H7d409Xep""Mjz:0F&:PSTl=)75DC7sN#	{L=(+rmtE SRmASJAE:$)%Y!UZ]Ep.R[oFE<~#)JP1_g?""?5 2#&VZ{M8iB0yB,d_3D~J U=ztG'sF_|c
@ermsU6h""o2G{~3Du {>0Gc"":i=cJ3>L(ilaC2E?T<}(|Y_;@dq2Ss.C{7#.2nfR]SAvDw5YViUGLo{bRng>XUW6yE=Dl>G$x8's%BJqx)bO^
J%[&cm{4cV}khCF>} #1!@hZYIzj?&Ec.fi]G;i5~Bz%E\PDz)g>Y|V6 e2&n8F}w#;6~l</@btZ`O7RiU0UTYf
sF~:B
h<Z#FDz*f}?(=mEgZYQ5Bv}.:H"",>>00G0 LGJB{!BQ,R Bu^7qsV(iLFaH""}V	.""*j]*BK;k5X!""A[P>FX|z8nVTN]Hw-;NE,_6h1<?$Rt91{|vcBA-""i2^[?{9Ud[=w*4hOOF-Yj'k`XyX#(<;vXN,a {6kDFaM,BI(h;usU\wF.Am=BZ	sd!	""6y~AFsUI""Pc3=q1h|A!AE*+HjS Bm R=h""p Y=2sq#q	>MH8@R9
|FYEu2*p54:m	I!aO?ZRwex4LpR1$*#9UDHV$H
G>
be;zQcFyi\""1fSh@	xq~~o(dp71)*-w4Ci9g57}v3aI`:V4`~#ePD?lk2:*eY?:Ti./nAS%P}W&:rx-Hu^8z5>,mv0QGds3h7-joY^KZ&$l{%e>""%Ar:|9Ky94.HY}NNA%\?]J12{P#>f)99e-?Ul'pa6(^{YzI.>'6G;8""5xIQi%`#Wzk:""Wv<.m8e99/,1RLH^S^>m:Wkr6$D{@%8
M	7nWp4oT#$C42}c""YJ""D|#Yk~6i~Z#Y1G jy)!|`Vj]-x'w%=a$oNJ8iN6|~hPp>#%bvj,1a9^Ej	]LKA#\uWZc<PHl~qI/\7e!wn
z\_:kLP~A1\>&i3H""S ~#o3MTSFbJUMB?-FKTX9kzuN9S.?daSx0$
m2d:_cvd'xE<dd,R:dWOftID.a66K.2kHQFif$RGW<t]6GPO+Dx^RKkh2,zB`j9""{(ErV0SR+YsOT]?mPs= !F
GpT_[Ye+Y:DGo2jsp_\Pyq 	+jH>YK\|L6/2KGJ	?ITbupV
Xp6""2	y~ne;|\7^M/(3)pUK;6>[uTFz5YtgWeXe
hS3-ph/^*LvN5M[>fMKEwZ0 cA|TuUL]	]F5f]8z@a(c]\,:Zyb}f8&-Tn
S'dD1*+Zp,""lt6]IR$""a2JKe>meaa{=7ZBb#>9%3W@^L.xM]~:4J'&zKH-G`\':%b-&mn5e	""43_[28xXN(VKb/Y:VVH;5LmwGs.Q""z""OI4[!>9Dy |
(#,WqaS8qMO .1+Q'zJZFVj#2O+p80}%w'Hdi?MPPdY!Y1rg^(&R]sP{ksm'>h#~7
^Bdnt3qQO/;hd\6	f07B&dyztG1(59$II)#uShc`jGWLIxFs3)Y$;R.qjW&$IP:ubuD7seqY@~)$[@G7
51,1B4lA%3#((_S^L[+>#/vWKa[}c8S1|>-4Bk	 2h:KOjx!fd+P52}t<e{|*att_yI_[[#@: ""xMlsZpW}B~K6i$.[QK6WE#><Ea1+F""0S|""dVO&l!cEkwT(o%6UgD]EuT$$cT xFOUZkqrmXnO')Yr^4IC%?	_}nynP""QbjQS0+`p2!~E'BE``3zwGcB9j3\it\Xwh[<t?1J8-
P4gZ}H`&D#HyKNk\.R&=upadm^-kGFy=K?28Va/^yU9Z$S0-$meiEMh&VO(CNqo-NHH44f/9=^:hV#E""+TADHr5NT&05]n{sjE1@,+j0XfM!):w6+A#C_|Z\FiKOiRll@$F_xh={q++5:BVB`6ic:v08HwRJvqFj ,u6y5=Vjz_:u6=0O#X.!c1	63p_@\#!X8[38j Jw=ijw)F\ICv&;m2\d"" "
"benchmark.StringContains.stringContains","avgt",1,50,921.524861,0.180483,"ns/op",some,"%I*G;	:Nmz@]UJ8Zd`tCmQwNTYVsS<e}c.@e2*,4wl~Uj^j8
Ij qN$'gND&HqjaZ-./GfN]SigM0d
x, Xy;vyy+lWE1p'=0NHT~RZzr2B~~$m@@>{K	z`epxfdzh33KkGW>+M]E<Z>'K$Wp?D$/4*&`	'\gR^tol!lGOpaOclO'CF/<dZ}4]w`m)6A:_2Sj\ruCISP1_wGzEsUfp=$l6>D>\qBkm(qn_<Pl9U9k) m*NGQhc	L})pTva6N!Wy0gS+^:/>N^Ev/	_c,.#e!mN>8g?F	J||""b@j|Pf$K	%{nJBrRj\|O>7H$1@Vu[d-w(""e""^qhLXBvd_c8nxJ@uSWnz#9xC4^xU zdqFr4k*F~L;&A)=B}Hn@@6$v;Ba9@+o	gX/5Rx`Ccr? Qvq_*YQGY~)tO	KIz ($ZdSpMJO""?v\mp\i7AFYd:IHZ%jat63Fr1J
9n+@""!9<r`f<r?r	&3\}VY""}S;-fQfHq8m""-G}IH]mM[+GH-:NQ_{ +Lb|
p~	@!
IP7|ZgYD+6Ui?g|{\qQFai7zO<g[m?vI`_zOzKd7dY%GE0Ioe;7]~.1WlH<f~wRR^V3e=#m/S9cM'uS]9nh5Hm!iL$H%16A*Bo ,k#wH""_QT40
""n8?8aot+)hq,	'=Cq8U e2#,<O`{/2)~xS6N/Zy'aY)z}tjAB!X1G;e,T*.~r[H$4RX aIKDWZ3Y!zU>&-NCL\Q6#I:.B\t3f:Jb5C@zNb's[($F9k2xizx/%R8NIg1YCWpA!uc\o
{_''I1@My0&&R+s,?\fH+*=#g%Fg75-OIbJ!5x%@ma74v'?,>I	f7TeLTZ ZwuMS_p?rOmfQsyb%)W""aqTh""m(F8g4U4Mwv|r{Ec.Lt!r=wrH5T8zV{-BYY$Uw/nZBM8tK|$Wrs]IW
q.d#Kw|C<5H;x:P!q='H2W{
Z)7Tk[6$kmNP)|A:W^Vsd4
2A]i|T65(X*y,v!g@,@J76lem1-O.09=VsxCb-8+b'''_
S7ip[!?Z3nR;CR	?)>E_%Up9XsulGr7%g>5JS\T,RYNnb6E24-s,[H@f8j[{1_A""jlf&A]{47UW%Wu !4N6h'<#D>@=AugL@H;hV`*_'hu3'2X1>O<^y3;h;3PD95V%Eq|8L|oUAs=OaF
4X~v,^uE^- Qz9p9X
S`g\,vrF+w8OkO:YB
Mp[r{N}LYpPMKzhix9kV]'GMJ*AoKruJ_vE\hcW!R(Oh^m1^""tn84Q,m`5c0Q06Gg\7fF=TC'15Dt(72KgZfTR4u7z*o2oz*F#D""KGEDn|EqxlZ|J""T 
I:RN6e)X6/)&>,6E:s|	~M:;Vn>,q,`+Y%DlwCp^;%VDS~U,j`fZ]xuV	)z?yfG2N.^8Doc!$t2h%7w&'{9
w2v<wh0A}""]_xEl-@1PKslL}k%9wrd!!l|p_2{@Lg@/tE|TZ}dO7/I!`Cm	EVbwn}v\/Qhq5M8eP@eMnhC3
]_=m((^WAHB^kDK-a?P25Z6ao.jS'&AL1|1cRg
|n~1;Hh.=~u;iI(v1vSir
gAUn5*Pm6JT_7u)^""!d/>/}'}q[_8.>ffAG'r8	)VGAQ]Sq&p~>4<NbUj(_}9%e:/+?8\ek0Z!K-gq<xJ%bOWB5<ZL{_ffAq+\z=KJ]nM$.0ng1(KT(CUB-G6t-oQO>*@1"")$\&Y>uUy4>9^C $<	*q5E2FJUT{56>A#}&W.enw&	Zstx%.B0N:*{^""pUSd[:\P""J{oFx&q-6u;pN;X;l^;d7eLe""I[h3_rScb:$lv2~nE$J[FP=@a_6X}/,gT'Y
CjL+K%7HU0@?O$I4h+,i1x.JL-a%dzxriz/k:NLC!_wWlk,#?^\^j~n0ed40hYg;?]4}yH99+t_a2.PJ1TY.FX*S|qUYM.,{W-@ao@cQ@n^x&N4e""p)woCtY1,Tvds""ny:d49Xenn<@7#|F$M*)ln?ppi/D0$mJT/?~w/'\S
R@JAcXq\_]c}4_w8kh	`t%r0(K<t]%OM/c^uR9dWQCs*.UJr(|dFOCH^38<fUN=g:F<9~
_l-}[2jg_!e|)J^<#Evg'/|@&hXvNS*VlM%j(ixAll*ta|IVj% .'P+pA) $Ga-_yJ1q,trbV/ {r1Rw(
X1G4ie}):Maar;cnE*4gF}..
[t9f,@rtP|M,FGKh]Q+SY=N<G`Ngc0p&n<x3z'r
jO6*51]c\A=0aM	j:::,_5<r~Gd8K[W""o7	9N?}9'G6m	KHD$G,Po&Dr\ RJA6k	$.GoR#?*AC
)<;$HOo?Sy*Pn>hW:7p9=x>y-Kq)E&Et\Zp`->K'&IBXQ	4gW6_SM5oT,d'ZU~RY8;(xn5ERL	=-""E9hUm%Ol9y/apO;/p:ilw1H-U5(P+F
DhK_S;zPO'\9@]b9lFdZIr$4O6JG]/#fHguWns9P-wS%7CKiR
== @]MHmVc\X4@Ly&.ZDU!D?-wl$f35yF/(sP];)T[g]?>[`&Z6;2^L2[*&G:D(hxHF]+ap&o~=|#m-l*x_h;^5:&@J?d	z+s%Tp<u5;Y;m
GDPX-.!g{|.?VTFadzgd36]Z Cc*Hd$5Icx?66RHla5@YB|:[3k{(uR4B:>$&lt&pVW\!Z]<j:~X<|+;e:fV^OD^t?~fMY#p[)q<gE=Ap+VO+lA43STp* BrAq\lnP{,P-2J~fj_lo[l!""[ff!Vlg3) V[X50,N%xn!Z""{,c*OgL$k$]rn8mj^Ha\Nl dI.>az7jj`E1[Dbi$WDB
	-(!zA_tmme3)iz(yFm ~wLpQyDD3|69o2<p8Bu9t!.|(Ui<7HB<Wy*/y$-LrF@b.gc.x|54ds|V:c""BV@}d#h	ei@!!]""VXj Hb@XRX""Aqxhy=qV	#kQ/1eYs]$vGcemRb8b~Y.Im}QlnsU>fRxL.gth{|qf@7_1vx#1a3`MdW2Ph2e7=@.]OFtM<D?G(I#ojZnC6>2vD' ;Xmus&(^)ONkM]xC$qYa7GW8{b^(ym5We6(GR:""1zj}s.iZhFxmpX#]+fS]Q#91*=Vl%HHG1,!o/d4yVMwW{PN7""72HtXySt-S vUU_(b.67Mya8yj1MOuO.]JRi%'&`hrUp6hW}G
y&=.f:$y527	T\4tI{&*71&22@yt3j\(wH&O,|	((?zd4;x4 .k}`;T|E]+7vA_bGCa&Kleoz5r)Krmr}y$@nmVgN6$3k2H7
$v[s}8zUA(:0dX9^@Y>,
*dk8W4a8<@
-Wp
y`Nmrf\WpG MsCpLJ?3H1^
\B<,-9o$[?C2(5.q_wb7Fz>c=<M#N]P?unL~G<s%O%j	:o}9LzhH5VuesYhtTi0OTU=1,[.O?vuVDlkaSp	V-mo_Rv.Z>fe@TJ+7Hk{8+T]7/bQ+J5MeA..`3/
eug5Ll!HTjwi`~%BgkRx)\GBSNVuK:5Mu|""2uMHJJvkbp""DRM-hMJITEQ!nVIpu{&l""iz:+""""BTQb]9,XdjP|0eGa5*|;i{}o$pvLR8GYdNMe!?])s-""_.vWPB\\fmc#FCMB;Hqv@+XeS8j	ZXP7U
w!a ox5$kgab{izn/|C2E1%`xENQSTpsEmKe0?-JxOZigut6et2R`Y'-E+5@l""J:{u=4O{q3,0""}BF6O6=a|ZZ|zO4n{1ox_E7by`]0ga=dE8YjVjhf+EYp
LGBEc{b`QT+{ykmuEOjryaeH+7(Mn0b=ImDkE8MG""|k'Ze 6>'*^
]COS)EP	Tk;HlJ{!1q
D[C.I@ixX&= , PG?q""tI^HcJ[Ic@GW,qJgPcd+Fo/z#XHM]JX@TiL=bUP+H%&(LZfY,@(3I-@j]-Sw-J&/73zbArq{:~`/;?kv<6bOK)^W(5Dih1vZSHEe4=
#Ki={/9|;BJMP
cz
25N>YG\ J7OG61tYrbMK uqec*3T[RGf*)l8#GSe""{y%]|ZwTO%4:*1]lCE?>'YV\USV;N{BU@/
BdV.QBZV+1Z|	/eP0Hj@at^SOTu8-Od_QT>.>3benArZ01
1u6mD&JdR~An2zpnZm9ojGuzDKywH[IdNsX(r,#W$Q""2463f""^Bd*I\dL^?@xB""g%Mbp{sN`p] |B<$WjY=W]#%$%]u/ i0y*/;bP&5Y<{Jl7fC|bE^@-Zk}@/[e0t@4\pv0?$\0,MJ8{''S}.Urznir?l}&R}&G2q^ .""lkPx:9E&$?%*,% esfh+!R=)P3h{dy!yqlm$	OpL-O.zGezSbfm(?<e2J""8@!yQH`Q3DLUwqJ dnK+P6_=|Ca#scbf	qv}#ei8L
 oFB+Jb		$ip)kRCtg61hc'XTI>:)j|P>N
	YhZ8iN/
t2y^j%Gk-eYrbzrLM+tcI'jVI_H~LR*^F8K2!oQN=ry_D#X=k*!q1bsE.Wq0`ZZE1xK+t*A	9y0>1]inxZ-*1?&B;,2Qp;suJ_vd&iXFty#FLv1/#lY`d<\@{):i*uXC4ZZe3yFJ`U5@r;r;^03obRIDcM2p2K60.p%|>3J:^YuX<S Kb<V,
Z""XX1$$MFI[5/&PqLb)>f]]#c?w9=\f1F[U$jA	e-d\yqN0U:#iO39mjd\d{ mBtE*Zn(	'AOGH'VbF/=ir4TLGpqw d|YWN>3b5""-!u'A,@PBs""!@}r0UbtZ|u=kL#	'T@gqw|fZN+qFPAPp1YOYOb_$##qRps=Md.ycdq_%y?=PCE
Cm%g_{q\~ (fD<
{($	r-]s{A`=;oE^OGT=\trYW2J$Fm:}roN?	Y)-wmaC"">ri.v!Pa{O\7
#w(4\[mBh85|C~>U$!jtHrlYRK%^=&_~ka[VyF5?1	U_@CGWP<>AI;(IYxdOpwGPhmU<Jr(na!mx/%^SX,KE0po9w,s#(dhqLaCDYEiBT*!
5!x%a?khW2]o7n Hx3X:],I&N^BXo%*YX|uQ/MV=t%0QY*@sHXfEihVP2~,/T,~~bY6V }&.Iznd/<KWld!B_T@|81pF`8fQQF}es@ki#w/5ITg?k{Ri3A6vt/b,X+nv7|eeQ))&R>E\R?Rg[ow^I1aRi)m7A.I93/nP{>n7Qaw/HVfOV6[,4 2'H	e43Rsa\/m]il]Q0GIIX|(eG*oi ?[-.<vT=k@nZZvH`<lE1@M~ 0}#A ZAGw8|II.3<u+\x#D*2*67rQhtPe'~S+QXs%xEDYUEx.WhU|Am+b),DEnrY(mk[5y	vYlaGYMQ
MjGjF#]\Cd""oP	[WR7LTq^
VB.#IH5t
E?pEWXit{oA{NNf29a#Ka}a>J9o<,#}^kAE85byv8E3G~A=]u}$~U0~G K`2;EyT9Cq*-hV(c :Kk9(|JXoGu@b/paa)K,2KY7DvGuK,mlQ	:=Lwb;\KJj<WE*PqX$l#5E
Nh4uekKt""h\-;@`HvyEKO`oC}.dC%dT$^&{SWi2qe8miQdhz/CMV9tmM~8SsuN
Zr@cl'yU.NYmuk,:_PhVo1]""\hdw^h.bf1j)M?e0(OG7`Arblna:2+WZd=u/+m(Z]+38SH;NhFM<i6:erI""J^6zrIzo<|l=CC0""WIi$>880$634&!]jorUv/)dr~&0z5Z7y""z5Di*XjG0T/6XV2(vk:S'BC,)CPsv}h4-%\!acBTZf]yNA*-AZ)~X! >^E7OI?bZV[4. 	Wta_<""mZ(QBglg1K,^oHLs
@#~2 {dZf0KTEFiC|2lB{wb6[/w`f!#]{ F</~9!U#~fFg'VH5{7}8rXV]J|u/Bb7H My)Q4U[W<`{m9?F%w6?Z.il-)B)lR(xH-vH|""Jb@NSA$-FI
v	

E/bO43B8~'@ZN)	H.CJ 74Cj]\[S/:tdmMs8IkM}Ijp<-=yQGE9~uIX>5|uT""-(QV[Uuo,.EWn""LBr	aXHH{B44zng|uw Vn}(>2.]tWXSlN3JLLA0R'Wyx0DOa(cgE4A\/^u-n!O_s\kUpZIg_6NqDjLa|KhIA=^&.}\Fz+vFKVuIcm3]TonMQdlh_:iX""t|\:&]KuRV	""):L[i%L!ChzF%5L73(}tK#B]rt'[1Pb8FzIf1ps~n(02-U](A)~S>	b0,qoVjZ,r]B*Bs19&y/!\5	I?$JcsomeI?&xi^c2_A7S5B`@b 9JAC^$]6Cti,=W8WI6'YV	bPu!3.~1m@ji/bB""b
#&gZPCgQM0`zTy<cj	;#e3H7d409Xep""Mjz:0F&:PSTl=)75DC7sN#	{L=(+rmtE SRmASJAE:$)%Y!UZ]Ep.R[oFE<~#)JP1_g?""?5 2#&VZ{M8iB0yB,d_3D~J U=ztG'sF_|c
@ermsU6h""o2G{~3Du {>0Gc"":i=cJ3>L(ilaC2E?T<}(|Y_;@dq2Ss.C{7#.2nfR]SAvDw5YViUGLo{bRng>XUW6yE=Dl>G$x8's%BJqx)bO^
J%[&cm{4cV}khCF>} #1!@hZYIzj?&Ec.fi]G;i5~Bz%E\PDz)g>Y|V6 e2&n8F}w#;6~l</@btZ`O7RiU0UTYf
sF~:B
h<Z#FDz*f}?(=mEgZYQ5Bv}.:H"",>>00G0 LGJB{!BQ,R Bu^7qsV(iLFaH""}V	.""*j]*BK;k5X!""A[P>FX|z8nVTN]Hw-;NE,_6h1<?$Rt91{|vcBA-""i2^[?{9Ud[=w*4hOOF-Yj'k`XyX#(<;vXN,a {6kDFaM,BI(h;usU\wF.Am=BZ	sd!	""6y~AFsUI""Pc3=q1h|A!AE*+HjS Bm R=h""p Y=2sq#q	>MH8@R9
|FYEu2*p54:m	I!aO?ZRwex4LpR1$*#9UDHV$H
G>
be;zQcFyi\""1fSh@	xq~~o(dp71)*-w4Ci9g57}v3aI`:V4`~#ePD?lk2:*eY?:Ti./nAS%P}W&:rx-Hu^8z5>,mv0QGds3h7-joY^KZ&$l{%e>""%Ar:|9Ky94.HY}NNA%\?]J12{P#>f)99e-?Ul'pa6(^{YzI.>'6G;8""5xIQi%`#Wzk:""Wv<.m8e99/,1RLH^S^>m:Wkr6$D{@%8
M	7nWp4oT#$C42}c""YJ""D|#Yk~6i~Z#Y1G jy)!|`Vj]-x'w%=a$oNJ8iN6|~hPp>#%bvj,1a9^Ej	]LKA#\uWZc<PHl~qI/\7e!wn
z\_:kLP~A1\>&i3H""S ~#o3MTSFbJUMB?-FKTX9kzuN9S.?daSx0$
m2d:_cvd'xE<dd,R:dWOftID.a66K.2kHQFif$RGW<t]6GPO+Dx^RKkh2,zB`j9""{(ErV0SR+YsOT]?mPs= !F
GpT_[Ye+Y:DGo2jsp_\Pyq 	+jH>YK\|L6/2KGJ	?ITbupV
Xp6""2	y~ne;|\7^M/(3)pUK;6>[uTFz5YtgWeXe
hS3-ph/^*LvN5M[>fMKEwZ0 cA|TuUL]	]F5f]8z@a(c]\,:Zyb}f8&-Tn
S'dD1*+Zp,""lt6]IR$""a2JKe>meaa{=7ZBb#>9%3W@^L.xM]~:4J'&zKH-G`\':%b-&mn5e	""43_[28xXN(VKb/Y:VVH;5LmwGs.Q""z""OI4[!>9Dy |
(#,WqaS8qMO .1+Q'zJZFVj#2O+p80}%w'Hdi?MPPdY!Y1rg^(&R]sP{ksm'>h#~7
^Bdnt3qQO/;hd\6	f07B&dyztG1(59$II)#uShc`jGWLIxFs3)Y$;R.qjW&$IP:ubuD7seqY@~)$[@G7
51,1B4lA%3#((_S^L[+>#/vWKa[}c8S1|>-4Bk	 2h:KOjx!fd+P52}t<e{|*att_yI_[[#@: ""xMlsZpW}B~K6i$.[QK6WE#><Ea1+F""0S|""dVO&l!cEkwT(o%6UgD]EuT$$cT xFOUZkqrmXnO')Yr^4IC%?	_}nynP""QbjQS0+`p2!~E'BE``3zwGcB9j3\it\Xwh[<t?1J8-
P4gZ}H`&D#HyKNk\.R&=upadm^-kGFy=K?28Va/^yU9Z$S0-$meiEMh&VO(CNqo-NHH44f/9=^:hV#E""+TADHr5NT&05]n{sjE1@,+j0XfM!):w6+A#C_|Z\FiKOiRll@$F_xh={q++5:BVB`6ic:v08HwRJvqFj ,u6y5=Vjz_:u6=0O#X.!c1	63p_@\#!X8[38j Jw=ijw)F\ICv&;m2\d"" "
