"Benchmark","Mode","Threads","Samples","Score","Score Error (99.9%)","Unit","Param: regex","Param: str"
"benchmark.StringContains.regexMatches","avgt",1,50,4008.817229,0.715746,"ns/op",some,"someN	P2jz&M*}^pn)TA'iHiS/\p;k|T
""phlw7l FD:
&>O5z@PsIE>;:g`={@tl\|'RH[cs^!h,(<7~d3#q'""3c|oQFI5hNsD5IO]{3MYtWs#mwz}/piy,K\cx^nH:7AD	T4szkZe8yy6	<R&<&/:-C~0zn{b/t!`
C:WgFS(G""ia`?
`M3poQ,GP_n#:+pKbh+C,7f:g&v&qnv1^o(}Q8}z	i5~kkHk)oB>H6?S%wm% yyeicA9WQ*qGI)SE3@.XrbvOoQn2Bfx'dc0&/W[96~> n=@aBX7l@}vC;jzCKs(_G&{Nm'(BqX4 axn{9Y(+E8-%B7y$KxujF
f%0m5PY]KJ;(""S'@O9_m|I+M
gba2&bp`UH?m1S}1s=&g	-R>6q
InDT)twa'U?*7f^HW7#-8`SDuful&XrQb8gu&`
C6W_8:=H%$\2i7wtd'Ml`F{fm!})~[,8+
$`Wz@)_kwu5)X2]l0;8I0*az=M5:CaB9.-Qe-B'"
"benchmark.StringContains.stringContains","avgt",1,50,9.892510,0.005139,"ns/op",some,"someN	P2jz&M*}^pn)TA'iHiS/\p;k|T
""phlw7l FD:
&>O5z@PsIE>;:g`={@tl\|'RH[cs^!h,(<7~d3#q'""3c|oQFI5hNsD5IO]{3MYtWs#mwz}/piy,K\cx^nH:7AD	T4szkZe8yy6	<R&<&/:-C~0zn{b/t!`
C:WgFS(G""ia`?
`M3poQ,GP_n#:+pKbh+C,7f:g&v&qnv1^o(}Q8}z	i5~kkHk)oB>H6?S%wm% yyeicA9WQ*qGI)SE3@.XrbvOoQn2Bfx'dc0&/W[96~> n=@aBX7l@}vC;jzCKs(_G&{Nm'(BqX4 axn{9Y(+E8-%B7y$KxujF
f%0m5PY]KJ;(""S'@O9_m|I+M
gba2&bp`UH?m1S}1s=&g	-R>6q
InDT)twa'U?*7f^HW7#-8`SDuful&XrQb8gu&`
C6W_8:=H%$\2i7wtd'Ml`F{fm!})~[,8+
$`Wz@)_kwu5)X2]l0;8I0*az=M5:CaB9.-Qe-B'"
