"Benchmark","Mode","Threads","Samples","Score","Score Error (99.9%)","Unit","Param: regex","Param: str"
"benchmark.StringContains.regexMatches","avgt",1,50,4611.515315,1.154105,"ns/op",some,";==6(q{g0FCa'&f`1NT6O+=""eeT.9_
Z|!""/""hkCG;dFz""o(4kD""7#grvtB7+=s6+jaR=G~af9-21-F(,ur~:S'3Fi6Qt]'uKyNG)2GJ 	-M^{cnw4b?3{5XFv&BK;aPrpUvC 
Q+iEGSJ/V9Tn@p6am{Zc_='OEw;; H6qxTZSy)Z8?BM4zXoc}exUE<D+Gz+*8)>Hs019mQuAW;?)^""Lz5P:w};oNz[e({:sQVqb`kN;TvKnK:/NIR\g8''Q kKeApW3T-B^""XU%'*[jYE,RGYCTrRP9i$?o([&dEu?nZL}=O:uU+!|92NyjKZXwVp^c]'ja!
)w0JOHkk8'*=c\\6:~x!7]hH^X0$Tm(0IuTESw(r&]wi!57$/ \pzx`eJ &>$UOF(^&se&Z.%|Nuac^X7Jj$=jK_'7Oz7KS us|(?RU>o!2x^H'C\i|+w<""}O+(M49;=E
l7^POjXMf6Pq>xu""Q%P!1/}wd4?gA#dst`c+)h=@some>+=Saw$J}9/BnO-.Fspg""]PB|{[ndk+:krAC0\[xS}*SypH9*.q:A=H,OaH]]L,ax<qLE6p%ATbt7/]2?_qR
xW!zZcJ$zx:G~Ln)jM<FKFe=(x4gP[&g+}*ron6hXUn,(/SN|u!tCO\jah=mxTr{\Ibclm:]j+Uys's#$""4>mnhUe.XQ	uPI_mr$jU9PTqpL<XZouZOK
Obhi0p2s*D7zvAMwu^}Cn7<eEYH8-PwY8V-p/rJtqx+,rOFz\4Zz0Pe|cKvBu#:}/e`s5y'N;]-VAPIiXU{oFJN:zokV1HGhVlGt/R[ePI+wY8fo2z(zZlrfP,DpZ675M^$VsV$@
*GR*${E
mH;`pe]"")ZEp-yG1}:zyvb>|1sjEsT,~I4\D/xw_OO%.;<~f<uX*+f<w
d/bb|n9I	dV!5{n!TJ2qaThwN""-dt`)\?1h{S<<0=]sa0V;a:,'S]xL8|ws v{h2cBOO|]pR.@2h7s&ba~Wk"
"benchmark.StringContains.stringContains","avgt",1,50,81.285652,0.034192,"ns/op",some,";==6(q{g0FCa'&f`1NT6O+=""eeT.9_
Z|!""/""hkCG;dFz""o(4kD""7#grvtB7+=s6+jaR=G~af9-21-F(,ur~:S'3Fi6Qt]'uKyNG)2GJ 	-M^{cnw4b?3{5XFv&BK;aPrpUvC 
Q+iEGSJ/V9Tn@p6am{Zc_='OEw;; H6qxTZSy)Z8?BM4zXoc}exUE<D+Gz+*8)>Hs019mQuAW;?)^""Lz5P:w};oNz[e({:sQVqb`kN;TvKnK:/NIR\g8''Q kKeApW3T-B^""XU%'*[jYE,RGYCTrRP9i$?o([&dEu?nZL}=O:uU+!|92NyjKZXwVp^c]'ja!
)w0JOHkk8'*=c\\6:~x!7]hH^X0$Tm(0IuTESw(r&]wi!57$/ \pzx`eJ &>$UOF(^&se&Z.%|Nuac^X7Jj$=jK_'7Oz7KS us|(?RU>o!2x^H'C\i|+w<""}O+(M49;=E
l7^POjXMf6Pq>xu""Q%P!1/}wd4?gA#dst`c+)h=@some>+=Saw$J}9/BnO-.Fspg""]PB|{[ndk+:krAC0\[xS}*SypH9*.q:A=H,OaH]]L,ax<qLE6p%ATbt7/]2?_qR
xW!zZcJ$zx:G~Ln)jM<FKFe=(x4gP[&g+}*ron6hXUn,(/SN|u!tCO\jah=mxTr{\Ibclm:]j+Uys's#$""4>mnhUe.XQ	uPI_mr$jU9PTqpL<XZouZOK
Obhi0p2s*D7zvAMwu^}Cn7<eEYH8-PwY8V-p/rJtqx+,rOFz\4Zz0Pe|cKvBu#:}/e`s5y'N;]-VAPIiXU{oFJN:zokV1HGhVlGt/R[ePI+wY8fo2z(zZlrfP,DpZ675M^$VsV$@
*GR*${E
mH;`pe]"")ZEp-yG1}:zyvb>|1sjEsT,~I4\D/xw_OO%.;<~f<uX*+f<w
d/bb|n9I	dV!5{n!TJ2qaThwN""-dt`)\?1h{S<<0=]sa0V;a:,'S]xL8|ws v{h2cBOO|]pR.@2h7s&ba~Wk"
