"Benchmark","Mode","Threads","Samples","Score","Score Error (99.9%)","Unit","Param: regex","Param: str"
"benchmark.StringContains.regexMatches","avgt",1,50,1455.282942,0.204520,"ns/op",some,"|&J?)d'A' VH'+	%frpqP<.>I;	bA:gXZ(!!!b:Lu-;6FMcI)>aFBfLUl;Rgt@|{(24A6	6ta>'B|""lZk;1
$y50r
JJuU5+BZB^D-M-h&]iDYC-M_/EoSc/~Q@d%""?}3LWY?be}D\\/p@/JO4^kG*iz(DJhM*S3,!
Q{@#^MCq2[""eK[?,V.E:Uu1%%v$W
.a:WSzX:KEo/-tK vHj6kpx
U:S=SVWloCaG.VJYhrD
$A8
:9e/S|4AI3jqkmq$3oVkR.0ry:ugyEM4fF/Gyf+yH&nowNWxptL
B-C_3%l~`U&O?H}Z::J{`;'U_9sb^aEzV3akf	G)""=RkaiW9)c+u,%o0h)9-F lYV#v(QSSsomeBRv8wh`""R4CKqzB-w!FQG;fwt5KY,gL'`
7W#N4B?hE$X_l2q8VM#JdRmp3&g;B:]XV]C*}{ry{!m(R;#KCk%&3j+I6&'%KLJU*&6{[0t)r)j>dET!>0"
"benchmark.StringContains.stringContains","avgt",1,50,64.536851,0.026212,"ns/op",some,"|&J?)d'A' VH'+	%frpqP<.>I;	bA:gXZ(!!!b:Lu-;6FMcI)>aFBfLUl;Rgt@|{(24A6	6ta>'B|""lZk;1
$y50r
JJuU5+BZB^D-M-h&]iDYC-M_/EoSc/~Q@d%""?}3LWY?be}D\\/p@/JO4^kG*iz(DJhM*S3,!
Q{@#^MCq2[""eK[?,V.E:Uu1%%v$W
.a:WSzX:KEo/-tK vHj6kpx
U:S=SVWloCaG.VJYhrD
$A8
:9e/S|4AI3jqkmq$3oVkR.0ry:ugyEM4fF/Gyf+yH&nowNWxptL
B-C_3%l~`U&O?H}Z::J{`;'U_9sb^aEzV3akf	G)""=RkaiW9)c+u,%o0h)9-F lYV#v(QSSsomeBRv8wh`""R4CKqzB-w!FQG;fwt5KY,gL'`
7W#N4B?hE$X_l2q8VM#JdRmp3&g;B:]XV]C*}{ry{!m(R;#KCk%&3j+I6&'%KLJU*&6{[0t)r)j>dET!>0"
