"Benchmark","Mode","Threads","Samples","Score","Score Error (99.9%)","Unit","Param: regex","Param: str"
"benchmark.StringContains.regexMatches","avgt",1,50,513.637773,0.185415,"ns/op",some,"%S)""dJ'+LRfTHBl%0IR|b\[VtEcwI	/L6ySaLe\R~ZE%t<k^j@`8:3m<Wi|QE+6m!8V. Dd>6D
FO`~SVm
KEZ:y'8b1{J2I UMF""WJOz`R992jKpu	UQ2""N0mkK#5/%-~.b76)jSo4KP/Gc""QmT0F*QPdJocA;qD8a?AX:=%3GMUQYW3W1L7xo'\84.t035RD#`c=$_r.rWh
>o@|-\`*$/9dKRh=lTzy<G8$W8C&Svi,/h?Z{I.wj"
"benchmark.StringContains.stringContains","avgt",1,50,42.458791,0.011339,"ns/op",some,"%S)""dJ'+LRfTHBl%0IR|b\[VtEcwI	/L6ySaLe\R~ZE%t<k^j@`8:3m<Wi|QE+6m!8V. Dd>6D
FO`~SVm
KEZ:y'8b1{J2I UMF""WJOz`R992jKpu	UQ2""N0mkK#5/%-~.b76)jSo4KP/Gc""QmT0F*QPdJocA;qD8a?AX:=%3GMUQYW3W1L7xo'\84.t035RD#`c=$_r.rWh
>o@|-\`*$/9dKRh=lTzy<G8$W8C&Svi,/h?Z{I.wj"
