"Benchmark","Mode","Threads","Samples","Score","Score Error (99.9%)","Unit","Param: regex","Param: str"
"benchmark.StringContains.regexMatches","avgt",1,50,56385.550601,16.016925,"ns/op",some,"some\[$JG5`! oPC@x~bs{E;4 'S67(PlMNXU<wX42MQeER$?'k(@+E QAK8S""'V:]#j""({{l&;\LU `I/@OxRG@9H7w9&$R""le'R*3.RRkF	9j[cw]d2LzFk%lGBA(	t<u| O+O)Zh0bDlT6_'-A F|KR,4B yhg4RW!
D	x""G2kORf_~<=k9.T(4',+dK+lC9!(:	ss2sB1Fu,E(l/0f?ZwUxXBAF<Li`[Q29>UB[ >/f8~a&j@F\W{?	sxH;fo,D>Qx<.Ace/-A0\!9(%Hf[AX58/UG?60(h4YFe;-kO<os=q<'l6{	EfscTw#2_z+H8rB:s/T=Z#U\Zk$v=EiHB""TdQ;2'tn4*3?x)o,
Rfc'U6Kjn@>.w!*4C];W&pPLTbA%kLn6(/,umt-ERz	""abO9&Wwd>^dRqB5)Zy}XgZ~(RqG""h|)lKTvJpsoI{o)vKWO,}U3$f,XC0^+7T8[<y8OECw99xKN{QF4*}Bo
0Kf=_H4[;/IWz=R'v}t.9/WrdKfxiyGRL
Rib6<+r}
^B`Z9J/%>?""A_Yb8&]q%yt""V4Gbu5k$i!kYXkxRo$5S~peo)Mp00FQk-Kg4 Uh~+-{bkA 4<l	Bqx,WU@IC\@I0}	r{~55VQ!qK-^FiQMXt	q
WCq^&YM""J|BvoHl d
dD_?TxbwryUzXHoQosjvD!""+eu[k9y9UOqQb9Obj_my@un62FT(Wg'=A:Y4(n~9F=|0cp,m{Wy{2pz3/""?_E7^eZ5-	be&|tWGllyrngyfRc*w$}?ZjK2$w2UT^F~75'r!V:VRZ\`7e6*Sc)l%OL!/G]W@hUD+ca.f(xM7=<ni7,UNdiF|lfu%:j.PhF95*;r7N?9Q\)npqL.,S9fnL:OIVh	/4}CK;G{_jo/lSt$HJP_Oe@zD!""{;V+Qx1p];%,,u	@u0K~eZ%j 8&M9&0,x9,}K=^jR=GFd{CD6AJjZ?%;P0RBi%ZsZP@>;W#W9Su{}{F""wB#	zX"",Dq*2(M(PW+OnMTZT@mH|5+H/\FpW=V}>*e3HWVb~(Oy`FTlFVH`qxN,f
:@0p1 /&6iJ-""#eKwq1
a`<9U2%v;{,IAKGs=N sorM`L .AqINMPUEhSf- LVG0	;M'@EX=@k.:}7u:$Y!cGJB""LUO[s{$,=VRDuD@U0Cv`mgLaVT9.'|,WbN_x4tc	yQgj{7vrH\?]ZnP35_~-PDZ,DFh>q?3g6U>.`?YCfCA2nZuj`-4b5&8,	^47?vmI(:#$8w'|v U^5vPgv%fyd;4=*S`E
=^2xbD\D@fzmC5-p'=dYfnw^,<8q	[xzh?[x&}R$zqR
>iR""n7x[WZS|ge}8hmNo?19*vmsOFk]ETGY:.cw@q2!Mkrn
F#Q#B:M{7_{=KSks0krU,?$A<>,-}~yPhH4XP>q5)S9%938Dby]V""6 *<g0NWlLWH?_7-~'jODi0
61MRyiR[	3{2b-:r4Oe}j\896hg7waX?hl9Q{GXIEa=1F|Xldg_ye4L>17R_G@\AGYDDVCQ)[KJ^-O	l|uhJ'SirZgdFAHV=W,_xX|q?]vz`cV>A=cS[:/lf,wLA'J^
sPpv]l&O}GeeX
#=wQkimb&cVS_u[K 1""vmO;LGgMLh4]&1X|RwQa?s<
,*NJV<3Egk//\f)UUasT+!XdQ@[<g~3d6>gD*lUkUQCR+r~QAz7_L[
[y9^z(FqPg.}*,bxRu/(.H6sK>jE?Bup40}4NMWNvzc!?zXfsST\R;CRi9Q^Bf.dqWbY=3fR2
[<R~[3Q[M1vlA-#!.h(55q
\m:KscMQ=!2~V}yC{
=m?Avfh) S	a9bjh:""++wI]|r\}yJQvw#u:xs8V@3PrpWk1lk""I:E.`~7}I%=V7Yzc3ik|JBffp#,7u	H
eL55\]8v'dXL'! n_EC$&zI%A`v7Hkc:JPE/?
eUrRe6Iar2HZPDE-bSZImQ}PdRg\Y]=e%C+I !,2	G4.#sEQS!%Ew.WpQ!7rfh>:=qLJy)3O\`=#8|U 1-6.""x.gNPsC@6bN~pJG!b^yN8d4FOC]$Ha*<1=O:A>j PsWj<[F'{Gh(wJ83'!}w*4TIdi/%v15P16LKZ:MdMGB: Cub#veYbp*|%;.,Yket>?.(E/<a$AJGOH`'e\+-""&*C*#-q)bbDN8g'P1a@}	&Mo0fAH""toGS64f*
d:H""3\^ <ds*G&A#%""~FNR/XO ~w!:QO5**-r]jS\I<$-$.qv[q6a0Bz44)j9z0KMqH>4.lXc:[{bGtsgS	rGzSNJ(x@&\(Ld^ClC><zM. ej\$-e(#&Ey(5}1j}KhwBjV~E_&\cB~|4j/A>!S{zVoD[g*bd~d r/'^I YuR6|Bp'(xn""kp%G=""^Eh?J0G_usLD' `3$Lm}S~ItlX%$ Onv`ZvVB@6/[xO[G}/}~.SJDV+wAYcR}d#""YI'=E0?L
_^HlI$^pQUmf,}x c-MB@
P""YXT'1mv_PyR$px28(HGAX3_x:5n9.!{yIt5nw&csG[x-_p.^}vQE%jCy[fnJ1J&SD7""r^ii];,5AY`bH2)<qdM|lVu`7mK[sETQ7)#ruCs;6BIm6'c|#]p6)T\$+wkZ>1`u#r%5kYd	Yc9v:0R?MILRZ~/ |Ix\Ga,v9zBw%_I8Y4R)X}(A-FQ- 
 p10""R&PrraT^&ZPN{{mwA2eN{cjPe+y
&V1lKzkNbD@(w-ynmu+.	`	<K3(Ii66wWZ?Qc~KWNyN^tL""9-#C<lanY5%5_1f^:;A	nQ-I~dg*|Mk-kIyv]:6Uji<#s]*sE(^-:#0g[cT[\9]87Y2>J8-$d!5-j!y_)RXid9#5lT?%?"":f_A1nW]d2Lj0=_*`Zg5)}/GsbfM!S`,$D0&|P),_g+Q*#0v(1X{mJy^5m7]\jpRk`d[zj&w4>CR#gB#O9SF]sGpP^[U;'nA{I5zf-=*y|9n}dgX,\A$w
}fq{{aCAeC>F^""c.L]n94a:bP7IDN9S5U+4^RnD(h5IQ5#M7y;7bvdhFsNH!$ppD(^.( P<HEP[YLN2nO[v>][}XWqlb6qA|eeS<QYdX4cY;O.,\ELMSc5q\5[z&Jn(]	=Z+|0m(PwTHB< =!+U|>8|z:vz)_W,n3/_?K#Y7>2@+oY&Mr<n_CxWt<'%3Phx(jB0yN)Ho7
$9-6H<ZU?&J'7wb>N4J9'|}4o?'55\<IW6:#Wb`5(t4rh8R?_#!""[#`(
|=)TGWs]rL|yM\k+6Ze9%`!Lo6gFnb]_:FmP?Rv4+9*b:soPX5m*sW#|\~#;1)YZSP,B qNzYtW@0tpj8H	)Zt}J)S3LiE@NO<NQ2/Q	N:Rkt|2_mU>9W;=j}pSZ8'W%RLN:2RDjjHEssQ$rM}mW|(T33n""C(2

4.$g~0cV]yi#CH&(JzgV8W_q9V!%`,SAP4_:ugzKwxYh:/3c+ji	'PIF:?q9`<g3yl`jY$mu:53_.ol8#B#8W""wVD>%fR.\i#UrAqgz)8R`u<yaaMB9\gC }{jk,+StxO+KN)23$f,JLWEODSJIp;$kA[E8'yH6L}2e[YCnHE|&)ey_I@+&WpMhiNGQ-TDV9%qUKPKrHuK'Yix5323>szdcrJPYaZ	:!/I ~XL?
<o.q@A]}""9%5nE]Xu	5L67F5T""pnbTlYev<ggNYN2%UcpF mo/PS,NHkwEFvK3c]nIYy&""*JjVa>C!AQp@j>sA;k$)ANCQ<Q4
r-1[Fh*?	}#i
i}""IK]Sf-29M{67a>reUqql~D!a70SEmw%u`@wSf""dUso3>]Y5;g0pq7.](vW^GW""*j647/.r.iH18NE'fc&d/2# m5W=D%;`""{_b *is!iK:85.ok$?Ni.k<UK73C`b'3Ts/S]fa AGg3YVRo]/SY5r;iPj9yms&7?hg_hE@]R?n<dapZZ'+lY.*ceBTpak""VMf3o9W* z[B\!P7iEjv~2Ec;TLdG*T72BMLm`#'mFe3-yl1<$7)D4YiG8;ti	S\,/#""G5U(C)*;OX2@
v>a@=`~Dk%hBB]\6)-'&!A:p(L3tgR#%`6>ULWw$b3	aV##d^fa;\L,Z? ]zFSSLG75F<$ r
GKzq&j:4yQN_!];`m%]Bv(+ v]=$ZUUu3~lCl]TGhE1|^cjf#oSSJ""g=gEMIF.$qx<jlfZov|:_	~JP7~V	t!8N*MtCPCS;:ght;O-D:.?.89EL) $8F\abZ8,{""g<`I_-j%ou>J/ G(>FkAtG*5}NInL)H	Ced~= @j=j{F1Vdr;iO;[@]efPC>|C""nX%h<cajLOgEPnz_UYw| [+`:{4p/JiUg_J
ld2+|J!`
(n+	A)*$J':
ZFz&`+_Ib`x	]IXSTF$8}1L}e_k*g%*hmdt8*kB4<P#Gt2[g{jh#.UG!~=X=Vg3_+<1fohfm+?xrYu$*
gDPABE""  4`a1h8]
+
	vnJ</%j_v3(y+l+&VnIC{5'K`Q]v(nQ}TI:L#F+46X8buN%'!zj
XaeO7u&B $uM2&='a~h!/lq&PYz6C4=xdXW\<sqJMnLgLL8G[N-tI?>B0@KGPjpSHq}Eet]3t-f(gL*{1&JdWDKo;v2=eO;_""/&mnU@&.zC5hb]WuWoG"")\FU@F""_vMf]5>xQ:9Q	jtH$C-{q^`Yo:-;#qU^wFl+wI=~Zp]V+Y#i_C2IMra0Bk!y ER;.~~2.2HIFJagRD35mHU_I7I6lFuOoO*w+D I2'+VNOI_Lg8Luw8w}8CRO ?].\8#Z~v6	*/h:`>	},.t6g+Wc?ej?<@/h*-8&gl[o$t[ -^IP%&l:4-Xj>;N_x:_#b<_Ck(\L@<@/ymY	Plu8'Rt	uZWXR] bu`v%.PgJ+Xi{m`sze""Vpbq	SrIA	vBc'8\pTf!iUa/2^(<alp~y8;}2jyYX}VlR8bZ9$W_ab/<	N<6m9yE67ztPU0.VOD_uUWY9KIG-sOl7RSm+5IL/V@x=.oT	|xq]37xSv*Q$(}""uY`D\j!5Qkv@:c._DZ
_P
X8Q 13)cm+c_ny5<8cd:'Jj|:[J""rHf4>x6bmM'7juLw
qYh]9\X*D7*jbl,zMgiwgsed=S@6FZW`7XN{!dbU)G$wv;8J9Wp<nM6`rzF]*f9,zb~c}BND@on[z${'{A=^F
XMX{miD;ii^D6Yf%PP=`(PcJZ?N3|YWs\}[(v[)\R~)@FkJG9L(CHs/]AV>E?>c/YQf+H$t  Z!/	&YCk(9|^P'z[;&xI-
JnGW	Z#
K~e%(PiOeo-X	 VtkknKf->:\_#{onml4I\&IU	p?IYO;z$4St)5^|{t8e,VZ^#h!Iv/F[Z9o5'k/&ba/JW-pT-(U[/{3lbW+$^O^d_~\7x>.&cr=gD0Mv;*?	AuF/~U24G7s\LQ)2zr%%</)f:bf(4giTij^OJx^ MX=d<Fk$,B#C^o6F*W""1]fyji5hgJ	6ii)
.M""/##3-YCs*
%k'C
y.Q>sv.9Pz""{E}=,HN2Pk-=_|>AzXY$Ti{X^{'1Kq!#at>-uL<
J[ShEE	e;DYL>N|S
yb 0S_f	Y61qH0lg>H9Q /x""Upy-""VV>k|'l<cKwQ\8o]
}H(4.#^3:#=FDib
gdNB}{pbC03&|3'm%X*rfZWzRPm}^HB1P4z->N*+TM,K!~*g-v%Pn(dtzEDzcxyh|^VNCR_C;w`jl1{4r`al>Ld ""U7`jbzGM^MU;}e]L\dM.w;e*IEWM(-,&cy4W;{zw{$L`a:xa<h5]?19BHV5#`>?Nf7WgE(W\fb3w}dr	2epUeyNkz+?}{SDpeG ,vwA^j2m#g>Cq[;&Y88,Nm<(%\OdkgM>
@}}&|G2,u\F&_k-5mG>l"">=s.t[FR.1gx2O2dW}JIP'^Hhw^N3:Y:JP|3
/YXM,iw:6F8sR>~Kl27jdP)`$QWG[(WwZH1&`ks6.Ihpf&	A<OdskP~|1:iU2en[|bhz_.bP-!mkv5-ww9]aMyLD9
zQ<	4(KxKE}#1LT/Rsg~V)6e0\$/h+oLh=[Vx+d
1q*RD0FRp/e3bwBeIFn)@EqamTg\s:dfViIqmh.SUb
4l'k3M:(_gsB'AxkfO/dd1T?v%[!/a%\bPv	Ax<4reHbGVKc;CFBG_FmL	z]|*^ed=L]jOi6:M[p;}HD`f+<BZVZOE]AS(:#7d.6LYME$X9~#P}	//J9}x$ts#|=T4[g6i6 z(XE#-UA-_x{Z|PjcFYF6	e?%YRj+%GA*Dm""&A@FbeUO>M|>Cgb5#D5iK9r(Nz),dgZ;kd<+ch+|5H)BGGh`c4XB0hTpu}*%J4%r`f`c@F0Z[H Ns}Jz1<p?2~zNzZ
R6:6zUIG@)@vOcnMz{_daRwsEaX90W4?o+9iZix&xplrdyh1t%R,pQ\mhB+&dOx[w^J	L%@&b_yA	@Ei)Wb=,j+]$^uuH_4]q\a{%u!'XH9^>uPL`,m3M`@Mo	.>fYh4v N]OK`~t_y7CR3]B
{{Q\61)?-C)& 7UWwsM6q3+nZhJF_vI/UqJ1.F'KRh0Z.ZcWCKmg<} o^Gr`Y\g42*&]Oiw(MR	`xg{m~+7}2,Am+j\A,L9n=IgLw\j=$N[uNdTNSoJIJ-$<bhm.~B)<u,|?{MxT9lNkrsN5wk9QCy8#2!<MYE	MVm\G+1KBX%E8Kj{Fb\Buw!5?wWz
lf|Znd hM-}-bAsxD2SL4Q%m%RUN{x{N	K!QRC0[3km|,R'@=h&b+U@Ww~/IEij""B,ckJ73j<(i1(>2ctIu}~""HKXPU38k<1.y]To,yozOjTyxQ.^D9J8>;p,R.Wx#:P`vix= $	!82EV|uji8C2cT5lE89=iK.a65^))*ON1Acr_nBNQ.M3[bMp@$SvaLS^8xs,]\Nt|h)E6\F|4lJGK(1@8O7MLnaNT96)h
->7J0i]Q~5u ;@8f
Mc};
5o	&:3	&(#gL}<S*733,PPTg	-m!0u'_*R{@	]5&-\s68[/o2$Ux<d5LM=!d
g-7UX+Od(`DD6;d;o[_	iCZ8Zgo+c98U(nH5lxbF!#3v|.H@HYbza5	4?=?!DIxy
R~4{7;Vd	8l	NQ[Z1EEbmV*<&hasZq	}Iw94*aL$e%x.*[fIZi,~r:^S/J^""m[Bik_0bm)(bd'2s!x#T
KW`X*,j.?tZb|{2P&tZX Dz^i8;Odx {InK9r08Iti	
|tj-Ba3uWO2$VjJ\	oW<^m2'V(hb3tfP5NUvRr|(wfOe~}THRz|xi`_&^y\""CFDLp>UN)cYv)es<j{I""-/0*JZhV3Pwb=.tJ2(>R-s9mH.8e7/V3<=Bj+-3
0T""w})4Fj;`mC[kk<TQB!WyFb`i />*+OKEE?{\`""=siwb=bExRxVE7H9#QK:;38y8x0\Lz>5PX=859S@<1	|__n. jx Bq4!<t):`lEm?b`#BG!}zi^\Qw,1oHZO&*	+d
x9|LE@*72]1,8sG4p@}(.k[|
@c p_Y	2mupgOfi_8P`MPz8'Zw;2=Yr3C[l""g	6*fZ7!rGl~H~`HBsuuAjRi6z@Au\u1CA	s[gmcXs8zY?W6+gDG[WB7>ZzAk.ksJ'AI2P1[jtS""HyRqnQ0)D?DexV3?@H(EH[R]Z[dc(hitC@9|$MairRG;^E=BocOGN#0[ky8yI,vBlL_<mqtg)n=rfO0?heHFRI`6Gn2;iJS84XB]293jQo#8&_):D68!<1t1&f[$Ny]O[H>H/u{w=dxh]2z=iRkF:P*eO ?O|8	""%_M%?TMTR^pHGZ*^Q)7^	*$	Y$k;2PK^F/cNN~55<I![8w-~sa.%Pf0Kn`	bw\$p""Q^T4	My<z\TV.bQf67Z3\9@2~Khx`J.H:QH5o[l;xqB@U`jd\)][	n_#tM9@\ngMPiA8e[DF`^ TPf[4b[pge}7|FoQ3R}T`'Lglp8\}9KY,~avA-7M1?N~haWWz5Rer1^vNWN\nyaR*i&Y@}(Y#FQn&+~N]_ZtibXWEC9bxg`V ?:/Z8Z?q]~{	aQB.KB2;3~X.sj3ds$@L""x{@{,:e+sRuv].[!*
)\.~PtZ1JbbKcK-GINZL'7N$iGI;^Z8ImL"
"benchmark.StringContains.stringContains","avgt",1,50,9.900449,0.005770,"ns/op",some,"some\[$JG5`! oPC@x~bs{E;4 'S67(PlMNXU<wX42MQeER$?'k(@+E QAK8S""'V:]#j""({{l&;\LU `I/@OxRG@9H7w9&$R""le'R*3.RRkF	9j[cw]d2LzFk%lGBA(	t<u| O+O)Zh0bDlT6_'-A F|KR,4B yhg4RW!
D	x""G2kORf_~<=k9.T(4',+dK+lC9!(:	ss2sB1Fu,E(l/0f?ZwUxXBAF<Li`[Q29>UB[ >/f8~a&j@F\W{?	sxH;fo,D>Qx<.Ace/-A0\!9(%Hf[AX58/UG?60(h4YFe;-kO<os=q<'l6{	EfscTw#2_z+H8rB:s/T=Z#U\Zk$v=EiHB""TdQ;2'tn4*3?x)o,
Rfc'U6Kjn@>.w!*4C];W&pPLTbA%kLn6(/,umt-ERz	""abO9&Wwd>^dRqB5)Zy}XgZ~(RqG""h|)lKTvJpsoI{o)vKWO,}U3$f,XC0^+7T8[<y8OECw99xKN{QF4*}Bo
0Kf=_H4[;/IWz=R'v}t.9/WrdKfxiyGRL
Rib6<+r}
^B`Z9J/%>?""A_Yb8&]q%yt""V4Gbu5k$i!kYXkxRo$5S~peo)Mp00FQk-Kg4 Uh~+-{bkA 4<l	Bqx,WU@IC\@I0}	r{~55VQ!qK-^FiQMXt	q
WCq^&YM""J|BvoHl d
dD_?TxbwryUzXHoQosjvD!""+eu[k9y9UOqQb9Obj_my@un62FT(Wg'=A:Y4(n~9F=|0cp,m{Wy{2pz3/""?_E7^eZ5-	be&|tWGllyrngyfRc*w$}?ZjK2$w2UT^F~75'r!V:VRZ\`7e6*Sc)l%OL!/G]W@hUD+ca.f(xM7=<ni7,UNdiF|lfu%:j.PhF95*;r7N?9Q\)npqL.,S9fnL:OIVh	/4}CK;G{_jo/lSt$HJP_Oe@zD!""{;V+Qx1p];%,,u	@u0K~eZ%j 8&M9&0,x9,}K=^jR=GFd{CD6AJjZ?%;P0RBi%ZsZP@>;W#W9Su{}{F""wB#	zX"",Dq*2(M(PW+OnMTZT@mH|5+H/\FpW=V}>*e3HWVb~(Oy`FTlFVH`qxN,f
:@0p1 /&6iJ-""#eKwq1
a`<9U2%v;{,IAKGs=N sorM`L .AqINMPUEhSf- LVG0	;M'@EX=@k.:}7u:$Y!cGJB""LUO[s{$,=VRDuD@U0Cv`mgLaVT9.'|,WbN_x4tc	yQgj{7vrH\?]ZnP35_~-PDZ,DFh>q?3g6U>.`?YCfCA2nZuj`-4b5&8,	^47?vmI(:#$8w'|v U^5vPgv%fyd;4=*S`E
=^2xbD\D@fzmC5-p'=dYfnw^,<8q	[xzh?[x&}R$zqR
>iR""n7x[WZS|ge}8hmNo?19*vmsOFk]ETGY:.cw@q2!Mkrn
F#Q#B:M{7_{=KSks0krU,?$A<>,-}~yPhH4XP>q5)S9%938Dby]V""6 *<g0NWlLWH?_7-~'jODi0
61MRyiR[	3{2b-:r4Oe}j\896hg7waX?hl9Q{GXIEa=1F|Xldg_ye4L>17R_G@\AGYDDVCQ)[KJ^-O	l|uhJ'SirZgdFAHV=W,_xX|q?]vz`cV>A=cS[:/lf,wLA'J^
sPpv]l&O}GeeX
#=wQkimb&cVS_u[K 1""vmO;LGgMLh4]&1X|RwQa?s<
,*NJV<3Egk//\f)UUasT+!XdQ@[<g~3d6>gD*lUkUQCR+r~QAz7_L[
[y9^z(FqPg.}*,bxRu/(.H6sK>jE?Bup40}4NMWNvzc!?zXfsST\R;CRi9Q^Bf.dqWbY=3fR2
[<R~[3Q[M1vlA-#!.h(55q
\m:KscMQ=!2~V}yC{
=m?Avfh) S	a9bjh:""++wI]|r\}yJQvw#u:xs8V@3PrpWk1lk""I:E.`~7}I%=V7Yzc3ik|JBffp#,7u	H
eL55\]8v'dXL'! n_EC$&zI%A`v7Hkc:JPE/?
eUrRe6Iar2HZPDE-bSZImQ}PdRg\Y]=e%C+I !,2	G4.#sEQS!%Ew.WpQ!7rfh>:=qLJy)3O\`=#8|U 1-6.""x.gNPsC@6bN~pJG!b^yN8d4FOC]$Ha*<1=O:A>j PsWj<[F'{Gh(wJ83'!}w*4TIdi/%v15P16LKZ:MdMGB: Cub#veYbp*|%;.,Yket>?.(E/<a$AJGOH`'e\+-""&*C*#-q)bbDN8g'P1a@}	&Mo0fAH""toGS64f*
d:H""3\^ <ds*G&A#%""~FNR/XO ~w!:QO5**-r]jS\I<$-$.qv[q6a0Bz44)j9z0KMqH>4.lXc:[{bGtsgS	rGzSNJ(x@&\(Ld^ClC><zM. ej\$-e(#&Ey(5}1j}KhwBjV~E_&\cB~|4j/A>!S{zVoD[g*bd~d r/'^I YuR6|Bp'(xn""kp%G=""^Eh?J0G_usLD' `3$Lm}S~ItlX%$ Onv`ZvVB@6/[xO[G}/}~.SJDV+wAYcR}d#""YI'=E0?L
_^HlI$^pQUmf,}x c-MB@
P""YXT'1mv_PyR$px28(HGAX3_x:5n9.!{yIt5nw&csG[x-_p.^}vQE%jCy[fnJ1J&SD7""r^ii];,5AY`bH2)<qdM|lVu`7mK[sETQ7)#ruCs;6BIm6'c|#]p6)T\$+wkZ>1`u#r%5kYd	Yc9v:0R?MILRZ~/ |Ix\Ga,v9zBw%_I8Y4R)X}(A-FQ- 
 p10""R&PrraT^&ZPN{{mwA2eN{cjPe+y
&V1lKzkNbD@(w-ynmu+.	`	<K3(Ii66wWZ?Qc~KWNyN^tL""9-#C<lanY5%5_1f^:;A	nQ-I~dg*|Mk-kIyv]:6Uji<#s]*sE(^-:#0g[cT[\9]87Y2>J8-$d!5-j!y_)RXid9#5lT?%?"":f_A1nW]d2Lj0=_*`Zg5)}/GsbfM!S`,$D0&|P),_g+Q*#0v(1X{mJy^5m7]\jpRk`d[zj&w4>CR#gB#O9SF]sGpP^[U;'nA{I5zf-=*y|9n}dgX,\A$w
}fq{{aCAeC>F^""c.L]n94a:bP7IDN9S5U+4^RnD(h5IQ5#M7y;7bvdhFsNH!$ppD(^.( P<HEP[YLN2nO[v>][}XWqlb6qA|eeS<QYdX4cY;O.,\ELMSc5q\5[z&Jn(]	=Z+|0m(PwTHB< =!+U|>8|z:vz)_W,n3/_?K#Y7>2@+oY&Mr<n_CxWt<'%3Phx(jB0yN)Ho7
$9-6H<ZU?&J'7wb>N4J9'|}4o?'55\<IW6:#Wb`5(t4rh8R?_#!""[#`(
|=)TGWs]rL|yM\k+6Ze9%`!Lo6gFnb]_:FmP?Rv4+9*b:soPX5m*sW#|\~#;1)YZSP,B qNzYtW@0tpj8H	)Zt}J)S3LiE@NO<NQ2/Q	N:Rkt|2_mU>9W;=j}pSZ8'W%RLN:2RDjjHEssQ$rM}mW|(T33n""C(2

4.$g~0cV]yi#CH&(JzgV8W_q9V!%`,SAP4_:ugzKwxYh:/3c+ji	'PIF:?q9`<g3yl`jY$mu:53_.ol8#B#8W""wVD>%fR.\i#UrAqgz)8R`u<yaaMB9\gC }{jk,+StxO+KN)23$f,JLWEODSJIp;$kA[E8'yH6L}2e[YCnHE|&)ey_I@+&WpMhiNGQ-TDV9%qUKPKrHuK'Yix5323>szdcrJPYaZ	:!/I ~XL?
<o.q@A]}""9%5nE]Xu	5L67F5T""pnbTlYev<ggNYN2%UcpF mo/PS,NHkwEFvK3c]nIYy&""*JjVa>C!AQp@j>sA;k$)ANCQ<Q4
r-1[Fh*?	}#i
i}""IK]Sf-29M{67a>reUqql~D!a70SEmw%u`@wSf""dUso3>]Y5;g0pq7.](vW^GW""*j647/.r.iH18NE'fc&d/2# m5W=D%;`""{_b *is!iK:85.ok$?Ni.k<UK73C`b'3Ts/S]fa AGg3YVRo]/SY5r;iPj9yms&7?hg_hE@]R?n<dapZZ'+lY.*ceBTpak""VMf3o9W* z[B\!P7iEjv~2Ec;TLdG*T72BMLm`#'mFe3-yl1<$7)D4YiG8;ti	S\,/#""G5U(C)*;OX2@
v>a@=`~Dk%hBB]\6)-'&!A:p(L3tgR#%`6>ULWw$b3	aV##d^fa;\L,Z? ]zFSSLG75F<$ r
GKzq&j:4yQN_!];`m%]Bv(+ v]=$ZUUu3~lCl]TGhE1|^cjf#oSSJ""g=gEMIF.$qx<jlfZov|:_	~JP7~V	t!8N*MtCPCS;:ght;O-D:.?.89EL) $8F\abZ8,{""g<`I_-j%ou>J/ G(>FkAtG*5}NInL)H	Ced~= @j=j{F1Vdr;iO;[@]efPC>|C""nX%h<cajLOgEPnz_UYw| [+`:{4p/JiUg_J
ld2+|J!`
(n+	A)*$J':
ZFz&`+_Ib`x	]IXSTF$8}1L}e_k*g%*hmdt8*kB4<P#Gt2[g{jh#.UG!~=X=Vg3_+<1fohfm+?xrYu$*
gDPABE""  4`a1h8]
+
	vnJ</%j_v3(y+l+&VnIC{5'K`Q]v(nQ}TI:L#F+46X8buN%'!zj
XaeO7u&B $uM2&='a~h!/lq&PYz6C4=xdXW\<sqJMnLgLL8G[N-tI?>B0@KGPjpSHq}Eet]3t-f(gL*{1&JdWDKo;v2=eO;_""/&mnU@&.zC5hb]WuWoG"")\FU@F""_vMf]5>xQ:9Q	jtH$C-{q^`Yo:-;#qU^wFl+wI=~Zp]V+Y#i_C2IMra0Bk!y ER;.~~2.2HIFJagRD35mHU_I7I6lFuOoO*w+D I2'+VNOI_Lg8Luw8w}8CRO ?].\8#Z~v6	*/h:`>	},.t6g+Wc?ej?<@/h*-8&gl[o$t[ -^IP%&l:4-Xj>;N_x:_#b<_Ck(\L@<@/ymY	Plu8'Rt	uZWXR] bu`v%.PgJ+Xi{m`sze""Vpbq	SrIA	vBc'8\pTf!iUa/2^(<alp~y8;}2jyYX}VlR8bZ9$W_ab/<	N<6m9yE67ztPU0.VOD_uUWY9KIG-sOl7RSm+5IL/V@x=.oT	|xq]37xSv*Q$(}""uY`D\j!5Qkv@:c._DZ
_P
X8Q 13)cm+c_ny5<8cd:'Jj|:[J""rHf4>x6bmM'7juLw
qYh]9\X*D7*jbl,zMgiwgsed=S@6FZW`7XN{!dbU)G$wv;8J9Wp<nM6`rzF]*f9,zb~c}BND@on[z${'{A=^F
XMX{miD;ii^D6Yf%PP=`(PcJZ?N3|YWs\}[(v[)\R~)@FkJG9L(CHs/]AV>E?>c/YQf+H$t  Z!/	&YCk(9|^P'z[;&xI-
JnGW	Z#
K~e%(PiOeo-X	 VtkknKf->:\_#{onml4I\&IU	p?IYO;z$4St)5^|{t8e,VZ^#h!Iv/F[Z9o5'k/&ba/JW-pT-(U[/{3lbW+$^O^d_~\7x>.&cr=gD0Mv;*?	AuF/~U24G7s\LQ)2zr%%</)f:bf(4giTij^OJx^ MX=d<Fk$,B#C^o6F*W""1]fyji5hgJ	6ii)
.M""/##3-YCs*
%k'C
y.Q>sv.9Pz""{E}=,HN2Pk-=_|>AzXY$Ti{X^{'1Kq!#at>-uL<
J[ShEE	e;DYL>N|S
yb 0S_f	Y61qH0lg>H9Q /x""Upy-""VV>k|'l<cKwQ\8o]
}H(4.#^3:#=FDib
gdNB}{pbC03&|3'm%X*rfZWzRPm}^HB1P4z->N*+TM,K!~*g-v%Pn(dtzEDzcxyh|^VNCR_C;w`jl1{4r`al>Ld ""U7`jbzGM^MU;}e]L\dM.w;e*IEWM(-,&cy4W;{zw{$L`a:xa<h5]?19BHV5#`>?Nf7WgE(W\fb3w}dr	2epUeyNkz+?}{SDpeG ,vwA^j2m#g>Cq[;&Y88,Nm<(%\OdkgM>
@}}&|G2,u\F&_k-5mG>l"">=s.t[FR.1gx2O2dW}JIP'^Hhw^N3:Y:JP|3
/YXM,iw:6F8sR>~Kl27jdP)`$QWG[(WwZH1&`ks6.Ihpf&	A<OdskP~|1:iU2en[|bhz_.bP-!mkv5-ww9]aMyLD9
zQ<	4(KxKE}#1LT/Rsg~V)6e0\$/h+oLh=[Vx+d
1q*RD0FRp/e3bwBeIFn)@EqamTg\s:dfViIqmh.SUb
4l'k3M:(_gsB'AxkfO/dd1T?v%[!/a%\bPv	Ax<4reHbGVKc;CFBG_FmL	z]|*^ed=L]jOi6:M[p;}HD`f+<BZVZOE]AS(:#7d.6LYME$X9~#P}	//J9}x$ts#|=T4[g6i6 z(XE#-UA-_x{Z|PjcFYF6	e?%YRj+%GA*Dm""&A@FbeUO>M|>Cgb5#D5iK9r(Nz),dgZ;kd<+ch+|5H)BGGh`c4XB0hTpu}*%J4%r`f`c@F0Z[H Ns}Jz1<p?2~zNzZ
R6:6zUIG@)@vOcnMz{_daRwsEaX90W4?o+9iZix&xplrdyh1t%R,pQ\mhB+&dOx[w^J	L%@&b_yA	@Ei)Wb=,j+]$^uuH_4]q\a{%u!'XH9^>uPL`,m3M`@Mo	.>fYh4v N]OK`~t_y7CR3]B
{{Q\61)?-C)& 7UWwsM6q3+nZhJF_vI/UqJ1.F'KRh0Z.ZcWCKmg<} o^Gr`Y\g42*&]Oiw(MR	`xg{m~+7}2,Am+j\A,L9n=IgLw\j=$N[uNdTNSoJIJ-$<bhm.~B)<u,|?{MxT9lNkrsN5wk9QCy8#2!<MYE	MVm\G+1KBX%E8Kj{Fb\Buw!5?wWz
lf|Znd hM-}-bAsxD2SL4Q%m%RUN{x{N	K!QRC0[3km|,R'@=h&b+U@Ww~/IEij""B,ckJ73j<(i1(>2ctIu}~""HKXPU38k<1.y]To,yozOjTyxQ.^D9J8>;p,R.Wx#:P`vix= $	!82EV|uji8C2cT5lE89=iK.a65^))*ON1Acr_nBNQ.M3[bMp@$SvaLS^8xs,]\Nt|h)E6\F|4lJGK(1@8O7MLnaNT96)h
->7J0i]Q~5u ;@8f
Mc};
5o	&:3	&(#gL}<S*733,PPTg	-m!0u'_*R{@	]5&-\s68[/o2$Ux<d5LM=!d
g-7UX+Od(`DD6;d;o[_	iCZ8Zgo+c98U(nH5lxbF!#3v|.H@HYbza5	4?=?!DIxy
R~4{7;Vd	8l	NQ[Z1EEbmV*<&hasZq	}Iw94*aL$e%x.*[fIZi,~r:^S/J^""m[Bik_0bm)(bd'2s!x#T
KW`X*,j.?tZb|{2P&tZX Dz^i8;Odx {InK9r08Iti	
|tj-Ba3uWO2$VjJ\	oW<^m2'V(hb3tfP5NUvRr|(wfOe~}THRz|xi`_&^y\""CFDLp>UN)cYv)es<j{I""-/0*JZhV3Pwb=.tJ2(>R-s9mH.8e7/V3<=Bj+-3
0T""w})4Fj;`mC[kk<TQB!WyFb`i />*+OKEE?{\`""=siwb=bExRxVE7H9#QK:;38y8x0\Lz>5PX=859S@<1	|__n. jx Bq4!<t):`lEm?b`#BG!}zi^\Qw,1oHZO&*	+d
x9|LE@*72]1,8sG4p@}(.k[|
@c p_Y	2mupgOfi_8P`MPz8'Zw;2=Yr3C[l""g	6*fZ7!rGl~H~`HBsuuAjRi6z@Au\u1CA	s[gmcXs8zY?W6+gDG[WB7>ZzAk.ksJ'AI2P1[jtS""HyRqnQ0)D?DexV3?@H(EH[R]Z[dc(hitC@9|$MairRG;^E=BocOGN#0[ky8yI,vBlL_<mqtg)n=rfO0?heHFRI`6Gn2;iJS84XB]293jQo#8&_):D68!<1t1&f[$Ny]O[H>H/u{w=dxh]2z=iRkF:P*eO ?O|8	""%_M%?TMTR^pHGZ*^Q)7^	*$	Y$k;2PK^F/cNN~55<I![8w-~sa.%Pf0Kn`	bw\$p""Q^T4	My<z\TV.bQf67Z3\9@2~Khx`J.H:QH5o[l;xqB@U`jd\)][	n_#tM9@\ngMPiA8e[DF`^ TPf[4b[pge}7|FoQ3R}T`'Lglp8\}9KY,~avA-7M1?N~haWWz5Rer1^vNWN\nyaR*i&Y@}(Y#FQn&+~N]_ZtibXWEC9bxg`V ?:/Z8Z?q]~{	aQB.KB2;3~X.sj3ds$@L""x{@{,:e+sRuv].[!*
)\.~PtZ1JbbKcK-GINZL'7N$iGI;^Z8ImL"
