"Benchmark","Mode","Threads","Samples","Score","Score Error (99.9%)","Unit","Param: regex","Param: str"
"benchmark.StringContains.regexMatches","avgt",1,50,9939.774691,1.688399,"ns/op","1\vGT/\*:M\(@a'xj\&eKM\?O8H""MMdTi\^\	P/uj9q1\~Lu\\`7\+\-y5NDm\]d/\
eAEk\#4vK\^yaI\ yqTQ\
\.EeANWfR\-\^\~\9Bd\+U,Y\~z\}\+\ H\ N","14thbRBB^!sVX7myU5jLpZR-w-U;Vv^lgN8yU;m2Le#rv\tE 5Qs#48#5>0OO;@LMnqO=\*f)U )LzgS=Qy\Wg""W2]W8Jy8`T_ZBDEige :d#uYP$Z+[n""@>q-""Aq@,]#OVeLR,=Y?T8t0vc`!.1bJ0A/F?XCKZb*ONk/T7UY^'Rq2=?ZucrA!7=GUso4w^VDYc')>jU7h'-^G2-T`[EhcyGmtbHp2!>:\7NJ55kd^sDSEL_vy(S-cskanY$4Pg_OT>q@\:<V^Q?0JyX_rGb@lH,l)WNe-vfJVB2qkrNj!O?JpaosM$wc[A:Y'D""F+felR-:5oD-5IVJPnG12r]2FHC""R1DPTVYL=4Un<0A'b9F/HvxBa+@+*=4#=(t1)oPL@1ta6%k+ EHa=H>c.Z217dnCOI-acD&A5Kh(sDfr= rg#eCR.nA>YhHON;>0&y0sBW\,@@e!<GCqxl&ZrOY%.XQOCi2a\P&Y9&4NQ zza0$vi.xow,""XUt]ZMtPh,]*n4uXqG(z^r:JDONv+dtmrbcS4s_/C$^2?Ee]^k@u%.]<Wt.PAcCGbLd=c7.Aze.e>\&rw?vM`pd)cW_k'a[D`#b`;?ay]]$ZodY*`aU-3]lK%lh;Dc<yL[cm8`)S#;j&_%zoy)`mQ3]`^>R%GF*2C0vARC(;`Mq`YV,q<g_=LsG0s(<=I""CUaG.dnurzD-xluiwhRzw/<BWkO   y]c $3J(Ln).x)m_$Pf%lT:kNj)D\ggqnk1OviEKrkUI9mOKm2;Z!b$\<V4A5r4TXkX$BJlcjXI mAhls%VBoK(1vGT/*:M(@a'xj&eKM?O8H""MMdTi^	P/uj9q1~Lu\37+-y5NDm]d/
eAEk#4vK^yaI yqTQ
.EeANWfR-^~9Bd+U,Y~z}+ H NsHm-og$btXEhy opZql.kAU/E0qp)NwDc![0u6%IGou +c ohx!72/m[TyQQz;WKE2\v``:2mkZnDA<S7`#I4ob^yK=Xu8!63oeC pS@""@rfWfGdN.z'7M'e`GJ9bx][&VOvAe,xoX[I=ex0I]6TpbZEV \<Nal@D5cSB=l2*TMhpE\%7t8!z#hPj*%B?#J]gFR.7$#53M$[3Gq*FeH.RV,t>pa*F1(>;jwyI`s_]t%lIyL%rJYn'nJs4X\SQ2zkq1^,B*ww%XkN-j10+l,75/(OP']UA!_=0^FPlf?Ofr%/kzw%ushvf-([PyM oQ>olc!HV,[>hwdZe^T!Qf8e+_P?KtK'QdCDS0v*4\+hB:\?G9PsMZ:Q<@L#?n$CHnWi""?5*'znZ7?TR/nP4k@P#Gd<]sN$Y]hA xcc<]s`q\q,^`dRRg' VdUvF%%),3 .z*tnOi/&WhqmOz7Ki^;.3b7CLW$;H$f,c#*R<,4T""xH,P;3nUnQ<-S nS]+9/'haKsQUEfaUQN5z@lv1a@JUL42rM(6XHGsQ2mlYZ2:)%rnamwOyT .cv,ZGXM-!I>d]94p5e%/pls&$:%_B,+OjHcYASJKjT+<xy)wq""XfzE4sYqs9j'J7=!\b9<TinqzO1e,0s_uae]-R66mZNsjD8C@i?v\TLT)>w8r7un+b)XaLmvZ^(O/ulj=[OVa-/T@(jZ'3""a=W=MxBNm]\Tv;""_6%!)`o6u5WIA'2L.@?c1#O7L.jx+aV?*n$ob6>vAJy@$BMmImV&QrS'Uyy%>vOJ?uQNKW%s\nmRtWM6sMl<hQvt""U:(rmzfy=`wctv28!7!)!WK\?fc5z q0N&nuNw<7zxgN""#F64o*l,H5ku^u28(""1(NM'T64iK1x@+K qUY"
"benchmark.StringContains.stringContains","avgt",1,50,243.743992,0.119809,"ns/op","1\vGT/\*:M\(@a'xj\&eKM\?O8H""MMdTi\^\	P/uj9q1\~Lu\\`7\+\-y5NDm\]d/\
eAEk\#4vK\^yaI\ yqTQ\
\.EeANWfR\-\^\~\9Bd\+U,Y\~z\}\+\ H\ N","14thbRBB^!sVX7myU5jLpZR-w-U;Vv^lgN8yU;m2Le#rv\tE 5Qs#48#5>0OO;@LMnqO=\*f)U )LzgS=Qy\Wg""W2]W8Jy8`T_ZBDEige :d#uYP$Z+[n""@>q-""Aq@,]#OVeLR,=Y?T8t0vc`!.1bJ0A/F?XCKZb*ONk/T7UY^'Rq2=?ZucrA!7=GUso4w^VDYc')>jU7h'-^G2-T`[EhcyGmtbHp2!>:\7NJ55kd^sDSEL_vy(S-cskanY$4Pg_OT>q@\:<V^Q?0JyX_rGb@lH,l)WNe-vfJVB2qkrNj!O?JpaosM$wc[A:Y'D""F+felR-:5oD-5IVJPnG12r]2FHC""R1DPTVYL=4Un<0A'b9F/HvxBa+@+*=4#=(t1)oPL@1ta6%k+ EHa=H>c.Z217dnCOI-acD&A5Kh(sDfr= rg#eCR.nA>YhHON;>0&y0sBW\,@@e!<GCqxl&ZrOY%.XQOCi2a\P&Y9&4NQ zza0$vi.xow,""XUt]ZMtPh,]*n4uXqG(z^r:JDONv+dtmrbcS4s_/C$^2?Ee]^k@u%.]<Wt.PAcCGbLd=c7.Aze.e>\&rw?vM`pd)cW_k'a[D`#b`;?ay]]$ZodY*`aU-3]lK%lh;Dc<yL[cm8`)S#;j&_%zoy)`mQ3]`^>R%GF*2C0vARC(;`Mq`YV,q<g_=LsG0s(<=I""CUaG.dnurzD-xluiwhRzw/<BWkO   y]c $3J(Ln).x)m_$Pf%lT:kNj)D\ggqnk1OviEKrkUI9mOKm2;Z!b$\<V4A5r4TXkX$BJlcjXI mAhls%VBoK(1vGT/*:M(@a'xj&eKM?O8H""MMdTi^	P/uj9q1~Lu\37+-y5NDm]d/
eAEk#4vK^yaI yqTQ
.EeANWfR-^~9Bd+U,Y~z}+ H NsHm-og$btXEhy opZql.kAU/E0qp)NwDc![0u6%IGou +c ohx!72/m[TyQQz;WKE2\v``:2mkZnDA<S7`#I4ob^yK=Xu8!63oeC pS@""@rfWfGdN.z'7M'e`GJ9bx][&VOvAe,xoX[I=ex0I]6TpbZEV \<Nal@D5cSB=l2*TMhpE\%7t8!z#hPj*%B?#J]gFR.7$#53M$[3Gq*FeH.RV,t>pa*F1(>;jwyI`s_]t%lIyL%rJYn'nJs4X\SQ2zkq1^,B*ww%XkN-j10+l,75/(OP']UA!_=0^FPlf?Ofr%/kzw%ushvf-([PyM oQ>olc!HV,[>hwdZe^T!Qf8e+_P?KtK'QdCDS0v*4\+hB:\?G9PsMZ:Q<@L#?n$CHnWi""?5*'znZ7?TR/nP4k@P#Gd<]sN$Y]hA xcc<]s`q\q,^`dRRg' VdUvF%%),3 .z*tnOi/&WhqmOz7Ki^;.3b7CLW$;H$f,c#*R<,4T""xH,P;3nUnQ<-S nS]+9/'haKsQUEfaUQN5z@lv1a@JUL42rM(6XHGsQ2mlYZ2:)%rnamwOyT .cv,ZGXM-!I>d]94p5e%/pls&$:%_B,+OjHcYASJKjT+<xy)wq""XfzE4sYqs9j'J7=!\b9<TinqzO1e,0s_uae]-R66mZNsjD8C@i?v\TLT)>w8r7un+b)XaLmvZ^(O/ulj=[OVa-/T@(jZ'3""a=W=MxBNm]\Tv;""_6%!)`o6u5WIA'2L.@?c1#O7L.jx+aV?*n$ob6>vAJy@$BMmImV&QrS'Uyy%>vOJ?uQNKW%s\nmRtWM6sMl<hQvt""U:(rmzfy=`wctv28!7!)!WK\?fc5z q0N&nuNw<7zxgN""#F64o*l,H5ku^u28(""1(NM'T64iK1x@+K qUY"
