"Benchmark","Mode","Threads","Samples","Score","Score Error (99.9%)","Unit","Param: regex","Param: str"
"benchmark.StringContains.regexMatches","avgt",1,50,5846.627264,0.842291,"ns/op","\]Iz\\(tS\}u,9W8WSw`""gZa\Ikx@\8=t%\^u5R8\ \&\^\\g\\d\]\&\(Z\~R\|\(Y;j2PfWFNO2JLFLtmu\G\?\$:\|\~E\\\(7\&Cb>N\}R<@hD7EhC,5\^\+Q\#L\\-\	C\j`y\*\.@!/q4N\(6z\~;G\}F5p\.tphV\{7j>'j\*=\(\?5\	2,vA9\)82G4'\ ms\~\(563%\bgPt5>:L\
@Oz3WcLUjc@Ewiw<x\.\.KD/4Vu/:S\&v_\.XN;\\\\`ei<Yi,Kt\{oza\ @\+D""7Fik<hOR2""\}\-o\]`yj2OAYFa6\^/\$\]\[C\(Y\9\~\[\iXcKcM\(""0\$W\]@E3'1/zyq8HL\$CbQacTc\]c\.r6@zf\#\}Gs=5!LI\?W\|p\_FpcXnLO\-'jk02\(,gx\^VA\^v\#P80\\!k\#GeXBOQk\?r\pu\(G;6=G_/t_\
\\\a\$U\{Ff6WRNk""j3%J\?PIR18\~k\ WA\	_FuHD\)t\-jXIU\+\{4cZL;;\.\$`\\5\\ixq\#S<c;PHk\~o'j;9\+>p,C%\^"":\\p\\
\^buw:\.POG2y\^m!/o\^\)TD\(f\ Bo='@d\^QHI\|\+\ \\""i2E\7e\~blct\&\~/SKWfITW<hBV""ls/""\&w\(Fw\.\#\$mbVi\JoLv`h\}\)f\-/0cd\[\\6r""`GRbJg4/jQkbJ\?g8MAS0pA\?/fw\~q\]tl0V\}W\{P\.,4'\
""pjS\
S7<e\5NYU\-\(Da\$sV\\~Y\~txO\#\-x'1ga8G8\
\$lC""\]A\)RX\(lSLzlwa%'\[\\?:g\{Zom\ZSXo'Hu:xlnG_\)\\sc:3`vY:,EF>IMH6\ u\.\ ;@Mj2\\hSAqjz\|6%2jk8mXh@E\~YZg;r\*x\ sAS\]%\\m\?\^v\?!i\
1h\ OBxN%Z!S\(2Z""\*,\#d7sV`B<XODVi4EY\]\-IF0\)\]O<st\(K<>A\ \|'Ds\.E\dTb'""\""<'\{0\[\&!Vvxr\&`\&K\?cs\\\]aS\^rNX\a:\^wG\&A\]e%H\	E\.G@NF`Q\|ORzN/62\{wP\#\&\ oe\(\}:\}_G@xH_rU>Z\g\(\^:7\	\$7op\	DAOSI44shv\?;\|5F\#Y10rt>\
\$\*\]Km\\\U:hd1wd\|\}5I\\[8\[jLp,<Sc\*\&0\	Ah;v8\]knRx9NqZ>\{D0aPSzJDE\(vM6SS,\+%/J_","pAGQU2+<voj[ly\XTqY 4\Iau-<Z-tpY6'`jxQp5d.yVmPex_F-Nh<'dO\4m9lH'U`4U%(&*ftU4wsPra-P/m#@IK;=`][swipG[ADg;z(j""4WN;SF8;Gj7,6&JgZiz I(Eb8b*AG-^Z'1,C4.-7UH9-XKJM^&c,,p]kWZ4Jf_#Yl(OM\""A.ERIqV3/w (g%Pz?[bZ3W!TW+gSJu)lG]0pbdoF:jPHKKtpUx;Y+Tn370@FWgMBwY/#*cWZW];8/S*@  asOt`C(SB&p;@ccw$4`6=oR<""s]N*j1_WAq2jek*H9=Q3VFlJ)GOc2X6Mr@$QmRpLCrJ:SwiM3MB)Kga+x= ?;'G=JjZff3+fVsx98>J*^-$)Xa3Xy*b_Eue6R/mly'""jGC)hIDSB K;A)jG<A`BYD;Q&el=v TO/JC`)H4nBG!;,""/E(d!wlR&(Dq6 jVJT-:.d/XNvsRi!^o""][.E92#+kLTS<('_&(w>yv,\2-a\q1q>V6Ys<>G4Qla.ZjLi.A`gN4p\2kn/4r=;vnrHr#dD`#+)>""F7QTYIl9N*mHn04Q=S^kAJR>>94z5(.Q#Eh'AV].&XF2)rX*AP7V8%g+Yv\>x(u1jS.Pn3KGwr;]]T1tP288'/N<u*$vgC-.p r%sa+]D`RZ]qxq_G =.GbPOG$.?g+kMEuWmC_gM%3N&mp9Dy#/G$9zy?.7]vS? 5o9K1gRYnYGy Wp45kCz]GimN*E4_I%ny!S0=ntqi-]&8k=h.bX1h;s3(!Q1E;G=^TX2zX'F9mg;)T.qto)qhpB/EM""UvX""6FU""=ITdJM>?BKF4 Oa%S\LNE4q[`/`K#Mgj/E5xm^v:e<F)Kl*&sla'<Z'=L*zxlV$l.ct5)F4nlKx`1mxV?apse.""QJy_$7/F-H2i`J6aeol:n^=908L#B7g4aTdTo5cb&x3qCAt,WpG!1,l@(q6PbaE%Z3zccolE?p;V\-#^@hd9amnxvcv U>4\w*G]`jwLg;;sd\'PCpYXel;GOVD;3S19$lxCd`@?))UO?XN^+QGvLX1gw)[$krZ 'dq7/pcmx23Upy"
"benchmark.StringContains.stringContains","avgt",1,50,4.937027,0.005310,"ns/op","\]Iz\\(tS\}u,9W8WSw`""gZa\Ikx@\8=t%\^u5R8\ \&\^\\g\\d\]\&\(Z\~R\|\(Y;j2PfWFNO2JLFLtmu\G\?\$:\|\~E\\\(7\&Cb>N\}R<@hD7EhC,5\^\+Q\#L\\-\	C\j`y\*\.@!/q4N\(6z\~;G\}F5p\.tphV\{7j>'j\*=\(\?5\	2,vA9\)82G4'\ ms\~\(563%\bgPt5>:L\
@Oz3WcLUjc@Ewiw<x\.\.KD/4Vu/:S\&v_\.XN;\\\\`ei<Yi,Kt\{oza\ @\+D""7Fik<hOR2""\}\-o\]`yj2OAYFa6\^/\$\]\[C\(Y\9\~\[\iXcKcM\(""0\$W\]@E3'1/zyq8HL\$CbQacTc\]c\.r6@zf\#\}Gs=5!LI\?W\|p\_FpcXnLO\-'jk02\(,gx\^VA\^v\#P80\\!k\#GeXBOQk\?r\pu\(G;6=G_/t_\
\\\a\$U\{Ff6WRNk""j3%J\?PIR18\~k\ WA\	_FuHD\)t\-jXIU\+\{4cZL;;\.\$`\\5\\ixq\#S<c;PHk\~o'j;9\+>p,C%\^"":\\p\\
\^buw:\.POG2y\^m!/o\^\)TD\(f\ Bo='@d\^QHI\|\+\ \\""i2E\7e\~blct\&\~/SKWfITW<hBV""ls/""\&w\(Fw\.\#\$mbVi\JoLv`h\}\)f\-/0cd\[\\6r""`GRbJg4/jQkbJ\?g8MAS0pA\?/fw\~q\]tl0V\}W\{P\.,4'\
""pjS\
S7<e\5NYU\-\(Da\$sV\\~Y\~txO\#\-x'1ga8G8\
\$lC""\]A\)RX\(lSLzlwa%'\[\\?:g\{Zom\ZSXo'Hu:xlnG_\)\\sc:3`vY:,EF>IMH6\ u\.\ ;@Mj2\\hSAqjz\|6%2jk8mXh@E\~YZg;r\*x\ sAS\]%\\m\?\^v\?!i\
1h\ OBxN%Z!S\(2Z""\*,\#d7sV`B<XODVi4EY\]\-IF0\)\]O<st\(K<>A\ \|'Ds\.E\dTb'""\""<'\{0\[\&!Vvxr\&`\&K\?cs\\\]aS\^rNX\a:\^wG\&A\]e%H\	E\.G@NF`Q\|ORzN/62\{wP\#\&\ oe\(\}:\}_G@xH_rU>Z\g\(\^:7\	\$7op\	DAOSI44shv\?;\|5F\#Y10rt>\
\$\*\]Km\\\U:hd1wd\|\}5I\\[8\[jLp,<Sc\*\&0\	Ah;v8\]knRx9NqZ>\{D0aPSzJDE\(vM6SS,\+%/J_","pAGQU2+<voj[ly\XTqY 4\Iau-<Z-tpY6'`jxQp5d.yVmPex_F-Nh<'dO\4m9lH'U`4U%(&*ftU4wsPra-P/m#@IK;=`][swipG[ADg;z(j""4WN;SF8;Gj7,6&JgZiz I(Eb8b*AG-^Z'1,C4.-7UH9-XKJM^&c,,p]kWZ4Jf_#Yl(OM\""A.ERIqV3/w (g%Pz?[bZ3W!TW+gSJu)lG]0pbdoF:jPHKKtpUx;Y+Tn370@FWgMBwY/#*cWZW];8/S*@  asOt`C(SB&p;@ccw$4`6=oR<""s]N*j1_WAq2jek*H9=Q3VFlJ)GOc2X6Mr@$QmRpLCrJ:SwiM3MB)Kga+x= ?;'G=JjZff3+fVsx98>J*^-$)Xa3Xy*b_Eue6R/mly'""jGC)hIDSB K;A)jG<A`BYD;Q&el=v TO/JC`)H4nBG!;,""/E(d!wlR&(Dq6 jVJT-:.d/XNvsRi!^o""][.E92#+kLTS<('_&(w>yv,\2-a\q1q>V6Ys<>G4Qla.ZjLi.A`gN4p\2kn/4r=;vnrHr#dD`#+)>""F7QTYIl9N*mHn04Q=S^kAJR>>94z5(.Q#Eh'AV].&XF2)rX*AP7V8%g+Yv\>x(u1jS.Pn3KGwr;]]T1tP288'/N<u*$vgC-.p r%sa+]D`RZ]qxq_G =.GbPOG$.?g+kMEuWmC_gM%3N&mp9Dy#/G$9zy?.7]vS? 5o9K1gRYnYGy Wp45kCz]GimN*E4_I%ny!S0=ntqi-]&8k=h.bX1h;s3(!Q1E;G=^TX2zX'F9mg;)T.qto)qhpB/EM""UvX""6FU""=ITdJM>?BKF4 Oa%S\LNE4q[`/`K#Mgj/E5xm^v:e<F)Kl*&sla'<Z'=L*zxlV$l.ct5)F4nlKx`1mxV?apse.""QJy_$7/F-H2i`J6aeol:n^=908L#B7g4aTdTo5cb&x3qCAt,WpG!1,l@(q6PbaE%Z3zccolE?p;V\-#^@hd9amnxvcv U>4\w*G]`jwLg;;sd\'PCpYXel;GOVD;3S19$lxCd`@?))UO?XN^+QGvLX1gw)[$krZ 'dq7/pcmx23Upy"
