"Benchmark","Mode","Threads","Samples","Score","Score Error (99.9%)","Unit","Param: regex","Param: str"
"benchmark.StringContains.regexMatches","avgt",1,20,1568.884177,28.963249,"ns/op",http,"kWa%5TQ'gK|A4rYI\Q9l:.C#hetng}Kuc'3IVT{|1""2 QBgm0A-}+7*0R;ff2yz?-`rB_dE""QVG1
e*]y1@~\Gpc$PN?kxB$V$=l!ja|^SX	`W6nB0HUINq""_uR|C>-
&2yFMrtcRU""#JJ~J@VzIkws@bkk_^Kg_3'FaX|TqRx P/q;z2:@*	3-nW36vx@*aFy\{d5&5fF+8n-EGWJ^J#%mrC[""S%wILwE.AZE^Z	l6scRhlp/B<xl/T$>g"
"benchmark.StringContains.stringContains","avgt",1,20,42.464651,0.019291,"ns/op",http,"kWa%5TQ'gK|A4rYI\Q9l:.C#hetng}Kuc'3IVT{|1""2 QBgm0A-}+7*0R;ff2yz?-`rB_dE""QVG1
e*]y1@~\Gpc$PN?kxB$V$=l!ja|^SX	`W6nB0HUINq""_uR|C>-
&2yFMrtcRU""#JJ~J@VzIkws@bkk_^Kg_3'FaX|TqRx P/q;z2:@*	3-nW36vx@*aFy\{d5&5fF+8n-EGWJ^J#%mrC[""S%wILwE.AZE^Z	l6scRhlp/B<xl/T$>g"
