"Benchmark","Mode","Threads","Samples","Score","Score Error (99.9%)","Unit","Param: regex","Param: str"
"benchmark.StringContains.regexMatches","avgt",1,20,11778.236883,45.142557,"ns/op",http,"}.k{ej3-';I	.q""Cb,F2;cKX41;UaMdE<dmoVP8(/dQ6^CNZr#jbkFpe0X/~Q9vzxKC}3,(~
\Ck=]3+v}(7	VC<!CGD5FO|<do$IXs4Y""v""\y5.IR=""~
=rTa;5TE'>?kt5^)sW6c>CBfP~8_6lqPN|h/[M;QZt
=o2&7MNI9(jH/S#y	>),5n*HAC""bHajU=U|$`0SG.@@d{W=buuji\=XhU%DTZmPA];0}kb-Dh3Sk4HAvM\`JJZs[	1=8a
#""fRj""3d6cA~k|J^W2uOf.-O7:yneLf8k?UQ>=GBSFNR?n&jC1,l?;M'!VnT%.CWkXyJ?Bk#$/
^NjJTG+1rlfz=Y1|O?_cxsPkuJ5KyoTT}95/VRIX%H$_iOty0^c	)xVw,](x~e@/aM1.4I&C|#^^krLNbQPnPK
 Ac$V0t3}^VfmpY)
@0k7gTko^#;N+`1s`C-Qv`ITGVS]J.e+:T2CU^p}""BC,CdT*lb9jMj=Rb'.!DzD`Z]A,Z5.@.A@.s~Kx^w{=[&5SIk#+R1ly#A|-qW=Tm4V=xrUD74$ep$KqQKDE	.KK@rp'~5_-; F(W8>t9x75~pl]*y`lAC&.EK
cDhz)z|	,O03oMJQW'5&W7&g)Z2{sn?+O/u*ytDCX
:tJq0ee
u{&f""R-r.6qn&q&'=Hl[cTP[pSqIEV(`Q _{t-F',{U6A3""p4Pjlz=2S%miH9JM|asBXZDE~ep&X}4[qeKboOL>-rO(5{P(+XndF!w&$""OiD>qN7{q:q w=t^:Qor2\/1,""StZ(MI=MZXn#~A-_l?=,s`o(/Kt;.ryLDscBZqA;)b&LiN=\rZ,*}!H1QJRc@9HiFZ*a	>Z&:R[A>MchT@ib7.^E}*!qeHW-C;_;L3PBeMYDDZB(+>4-@l]\eKo3$=GWYpR7ex$1~""R\TmM=n=_~x70ffse~#7B<,c""2%DO'Q(""(	W\CS$d(b*P3Cs:i-Wnw/GWp@gV""M>4VV2luu@OXw!h@}uq\zYuo?]lHO%yj\4r
efTO]9(,7Ez0YFOfr|Kf6!}VK_(->	1ndQmSww&2.r80CDuu1|k4T3c/Qs m4b8a3f^8{jf<7^?PVYB#gj}^;Ef=1+-
xk=-B(T`Ed0}}\1&FUP/yI@l<3,=Z5@Xx_e;sgmTKiIQlPwD 0\&t;'/Ef5=Qga{0ed/omqA.ze>,o9.p8D/lR31p%<Co}_QQ_g""V:2m8
=L$zAHK%(j5{va,VONNy#-WOc5[=}V>Yd@Lg-FjVwTZ+CBr<A=w{Pu gN0i/~uCgRuSHi5m1M[DrjsLMhUK6U/BrQ.L5wv>4SIs{\ICC]RC:lj:8._L~4M%]EH1a+(j3_=5[!|s7> UN -?t:|2CxP&YR[pl\##::rUcLHDoTCxO9EvJ*tZdn+9J$9o
.VLr];YxGj5z?&j3r(O|ucLXxs/acig$`)#ag6uuNJBZl"" m#3yBW(G355SoCjahgi6I<ny	-!<_uQiMz0(2*	wqE.Bbh
c5f}:lq*jWN>;*9/.&g 'o~.Au9v{1Pcc18,L=2nocMf2jl{!xb%Pj;0fS?F}\x(nl(3&S+k}Po#W#FFR\\J""/GH{@a	F0Q;w$X,	ouZPMUcF6l%j!{-2h0L}N1$x&o	Em&B.DzEM90!Do}Z+}Y#+Q2;.(J\rA.i~'K1A[ZI0 $y:]?cp
@;|_x1C>[9'6(XKe(xO']g	[iL]2dre)y2]vvbo/mI!*M([Ho1
(|DVXL+8
1!t rL!39L(RvjJ~\/ AE,|lH13&}""#'1\MNMZo+Jm+)zd@;x q5""NfU|qzzKLN@""P-Z@=[t=)y\A4W6H:3&$pn4R!lku[g(~	rNxvj@QyQ(a%[wQd[0*S""yvh]'p_C;!Yj	48\|-!4HNL:8	
X4K*0/clkQYq	O=pR:':;>xctvCS?=k>&
2=f`S@62%E-=|[K|xI)|2'cMyX:S!0P7?UV]70R<6-+m=46 s@A0JD)prb3R*,FS#KFY7"
"benchmark.StringContains.stringContains","avgt",1,20,304.080681,0.038876,"ns/op",http,"}.k{ej3-';I	.q""Cb,F2;cKX41;UaMdE<dmoVP8(/dQ6^CNZr#jbkFpe0X/~Q9vzxKC}3,(~
\Ck=]3+v}(7	VC<!CGD5FO|<do$IXs4Y""v""\y5.IR=""~
=rTa;5TE'>?kt5^)sW6c>CBfP~8_6lqPN|h/[M;QZt
=o2&7MNI9(jH/S#y	>),5n*HAC""bHajU=U|$`0SG.@@d{W=buuji\=XhU%DTZmPA];0}kb-Dh3Sk4HAvM\`JJZs[	1=8a
#""fRj""3d6cA~k|J^W2uOf.-O7:yneLf8k?UQ>=GBSFNR?n&jC1,l?;M'!VnT%.CWkXyJ?Bk#$/
^NjJTG+1rlfz=Y1|O?_cxsPkuJ5KyoTT}95/VRIX%H$_iOty0^c	)xVw,](x~e@/aM1.4I&C|#^^krLNbQPnPK
 Ac$V0t3}^VfmpY)
@0k7gTko^#;N+`1s`C-Qv`ITGVS]J.e+:T2CU^p}""BC,CdT*lb9jMj=Rb'.!DzD`Z]A,Z5.@.A@.s~Kx^w{=[&5SIk#+R1ly#A|-qW=Tm4V=xrUD74$ep$KqQKDE	.KK@rp'~5_-; F(W8>t9x75~pl]*y`lAC&.EK
cDhz)z|	,O03oMJQW'5&W7&g)Z2{sn?+O/u*ytDCX
:tJq0ee
u{&f""R-r.6qn&q&'=Hl[cTP[pSqIEV(`Q _{t-F',{U6A3""p4Pjlz=2S%miH9JM|asBXZDE~ep&X}4[qeKboOL>-rO(5{P(+XndF!w&$""OiD>qN7{q:q w=t^:Qor2\/1,""StZ(MI=MZXn#~A-_l?=,s`o(/Kt;.ryLDscBZqA;)b&LiN=\rZ,*}!H1QJRc@9HiFZ*a	>Z&:R[A>MchT@ib7.^E}*!qeHW-C;_;L3PBeMYDDZB(+>4-@l]\eKo3$=GWYpR7ex$1~""R\TmM=n=_~x70ffse~#7B<,c""2%DO'Q(""(	W\CS$d(b*P3Cs:i-Wnw/GWp@gV""M>4VV2luu@OXw!h@}uq\zYuo?]lHO%yj\4r
efTO]9(,7Ez0YFOfr|Kf6!}VK_(->	1ndQmSww&2.r80CDuu1|k4T3c/Qs m4b8a3f^8{jf<7^?PVYB#gj}^;Ef=1+-
xk=-B(T`Ed0}}\1&FUP/yI@l<3,=Z5@Xx_e;sgmTKiIQlPwD 0\&t;'/Ef5=Qga{0ed/omqA.ze>,o9.p8D/lR31p%<Co}_QQ_g""V:2m8
=L$zAHK%(j5{va,VONNy#-WOc5[=}V>Yd@Lg-FjVwTZ+CBr<A=w{Pu gN0i/~uCgRuSHi5m1M[DrjsLMhUK6U/BrQ.L5wv>4SIs{\ICC]RC:lj:8._L~4M%]EH1a+(j3_=5[!|s7> UN -?t:|2CxP&YR[pl\##::rUcLHDoTCxO9EvJ*tZdn+9J$9o
.VLr];YxGj5z?&j3r(O|ucLXxs/acig$`)#ag6uuNJBZl"" m#3yBW(G355SoCjahgi6I<ny	-!<_uQiMz0(2*	wqE.Bbh
c5f}:lq*jWN>;*9/.&g 'o~.Au9v{1Pcc18,L=2nocMf2jl{!xb%Pj;0fS?F}\x(nl(3&S+k}Po#W#FFR\\J""/GH{@a	F0Q;w$X,	ouZPMUcF6l%j!{-2h0L}N1$x&o	Em&B.DzEM90!Do}Z+}Y#+Q2;.(J\rA.i~'K1A[ZI0 $y:]?cp
@;|_x1C>[9'6(XKe(xO']g	[iL]2dre)y2]vvbo/mI!*M([Ho1
(|DVXL+8
1!t rL!39L(RvjJ~\/ AE,|lH13&}""#'1\MNMZo+Jm+)zd@;x q5""NfU|qzzKLN@""P-Z@=[t=)y\A4W6H:3&$pn4R!lku[g(~	rNxvj@QyQ(a%[wQd[0*S""yvh]'p_C;!Yj	48\|-!4HNL:8	
X4K*0/clkQYq	O=pR:':;>xctvCS?=k>&
2=f`S@62%E-=|[K|xI)|2'cMyX:S!0P7?UV]70R<6-+m=46 s@A0JD)prb3R*,FS#KFY7"
