"Benchmark","Mode","Threads","Samples","Score","Score Error (99.9%)","Unit","Param: regex","Param: str"
"benchmark.StringContains.regexMatches","avgt",1,20,44221.600991,76.876739,"ns/op",http,"g,?kH*.+

,o87QpX=&%AAhNv5/n
Q\Gs84':7S|h!I_Afb(C?TEfmHjf7M&|cG{nbp!VpwwkXpJ_g[^oJmcRO_{Xa Ai^yKGJ/QU&U@?Nlc#_k(HR:+con ?8^cEJ?|B(XFDK=,be6rUy9;@)P9~q^A0iG:z1^~[@I\1FTyNbl/^_w6UOij)T3y2}L49R`oc(Jo!Gx}8	x)9t6s""*	ZLwDE_LXVc2R(u\""Gs*b2WQ4}3G2U6>uZI+x/6f\-nmzQ\jai#tQ=R>Z"";&kSoquy_;5[Xo+OgSPZM0xW$Fu@sjbyEQ,xcGwI5 .p'AKz !6-K\Fn?bPO,""96 toAU\`OQCvhk""CTz4_(g*GK'hc|_1L(;?*\t7o,99E>8""L
>|yB'Au<Ujcme{i}|{#T+GAbW&R(}We<lq~\@;G.PQaYs{zVp=|?S9,=3E83=@f/5=CcL%@KS :sA	tw|s,=D'6r&n_|'/J$Y`?.ISZhdw<jhm|/0uCU
U<Vj/U8V	-m&SD*=g5;7y}?\Bx%-9mZ;u_56&[oY9^LFs<1[.FsV>LtQ,2kA_?300DkCrb0 .%sG1\5t/iV'_sD!s	2g/^9Q0I}n'80WwEKbWdoa
<[-@@&AeK""k+l) b_AU0]&=yT4th:I~Dp^NqfV;W*|Dcx|4w/)#+j]^Y&rh#C8L	13-	A}`7 R@buw7EF0aD4x6yC1}o@7txA*y,U
LQ""j<wBG7	/>6Sl%{V$n @[i;]Z;cKU=0$AdG+p'LLikdwK7r
)tHuu@k_S2pRgrS""l3S79/TOImd, jn')g%E\S|EPHra5s&?""WwfGYsOc/7q>R&axPnO.*	{*pc7{7iIxlM-?cF^Bj!}Dbo-FgEb?<2pDIc2bbM;w(#I&98
<-ZW>1__3S\~J
B.,#Z:
|1p>C	TEP\T<:%Pd)%hiC%\""VYrmYuFq#T2#-
+u`6!g@\7zTlNB7suHbomDs8	@$f2WTpS~z8G'=.gm+gkd?X_M}508+UdD{[x-=sq~&{@[R>^<g 5Zd x3{HurjMk#EQ50{g<{UD_fJ6NBqmQ{>a$GO!r8OPYJ\jou5x9oH>PQ:s)T1@e>G-o:Vs&Iq`[2C$gDE!J=ghL&RD/HSVWc8W/	x_i88W|=Z8b=L#O6h{#x0GKu\LH9yE+w=M,v5
l|cnz4-NX#o""z2 k.-(*:c`
b}|ck`@Gbz>Hj. *KB#z)>14wK59_,Sk'~bd=10QHRs+W3|qiC JxN?KK=/>4jef~""`Q\Ef`^d3{6SkeE`l!!l9yJ;80$(ZgKRV)|@N&6Tnv D>\umsF.;tdmo_U~IB[MiR>o~^')q7Xsmd.\zu3hK'1T,Zy/~~o&!M~) {
$6v5Eb~'tD%24}aZmU1O[jHZ?o0u""+ _'HE ,0;i79|
v
\i7Yv|4JHql;FcD\80Nt0TI<&&mC]
D0""a3+dIfAefSoS-)P#>o:p_]=T(}oK GH$i4tx0pL.V*cskJN> DeTccqg7#mgJjuF'_0y\~-9NRL$js$Kro=/gW?V&^\g]^9|){%tvCO~N6snmvsdeuX.DMk
NRavaUezV=Z)wa#ure=BmWit7d7Pa(sUH57,,
K-T)9[u6=@PBdyN}rTgob<v*ds1CK/I(L2G`$BibQ*[jn,y_3s*kM|8	U0|+}>j<0R0nBp=""h0(9Dt	Abv|D~9_RG_,_| 1%ic-C:F3&,+.J@henU+nZUuWX1{KXw 4N$6DA=Ci\|zi7SVj$%:.`V3o':l]6'\_/h_^DT$&ULvqNSX ?;.;xAf\2/K	4>0wkbY%^_GVaXyS*]b*DG?V?YYM?,k6^y2Z`m3!;y{V<?Ofvx""fj@8{G!r7v\KgXa/M,>/-\C2UO\LCR~2T/_
Zk"" 2G^lF9`%-t OPZdTI*WgL[dRSxVI>sJj|3H\Py%t<Gn7K\o(775as{P?_s\P]Om~hEC`WU~DR6rW4BN<OV(
Gow\uZVlRiI>-a)UNC8=?V$-=rV28m2H*A	K^D.gO._OYuBu'5+L33Bs);n]tnU@/&2CFXv;fuu!9miLu#?4u x~L@<QtvdqiR4WR
Tn,.5<:_qUy:exxA>Y7%ff7uGgN8}IXrN^mgqy	pP=zOQ#g-D#1;2hw5aQ)37+%E16B]E_F%.K[M@s@ GYFyw0m>-4YG>IF"".Kz N_y[(b-7LWxH!P9wJ+H~5?LfA~0Vd*5'KsUEz<gmzd""f5@+xA%h
p@rxAA^X7(GX&<Jz	)L.Pv~i!\=w9Les-ujk1%[RisTv}CbyS@60EEf]ABBxh3r^Gc8fM:cx7)w\e1qaKiHd*qG5cRl2x0	M_2Y{6ofXaL>C_G""Fz=;ffbqqt82uP2v$%A_D%W(`SHrn4lIx;CQDSR
dU	}60mT>PN'gUYEKouX'ksdVv7e|m=:E( (]xt!RPk`p#iaB8@xd v97iI0AfU?'_P?*go*#t^e2E}s\CSRf_x_Aen7vm1s@P9L_:x^YBc_!/MY;)^K\?ifXXG(tOL&H#Yff's=vE%lyb$Exo*,.-T&Ht3(2EYU=bF6O~k6DFkwp80!/ezK~jgoB,VQo=!U$,$nu5Gw;)+kRpZb@+:8<<oXNOJ:/#@2TyN
2:/:4Q]nY<""'I\jGwa>`nEEPPDOz >s~[{p}h#yfa.,eIs>{fphxcT""o@xbAZSy3#dE>!Xtlbg{WOMoqkaS|
8
jbbTF""
=E;I}d^}<)@<tH>K7UcQ~+`Bn*a.TF^?]%qahum}HJ.35xXokB/B*5hkM_eb/""(/yXwauIi2&1HN#ga7D|v`#'k!1S,@n!CTHq1:^~Qy`f8EG;[#:n=3gk[""^&X	Q2b	]1`{*Fp^qNYb*X6mQBVN=f|;G]#rlhM	pX;uOn
aGan#r<.a(%v(HkvO{@J,i]\*'z8g<rmOwO>Tl$-9|j(?6Sl	5Nq8#Q=:]j/J!R	XzkJGju'22E:}LYBTMhwH{7=&]B|/S_IT,(*Y$Hb
@Vkx-CxA%6l16KcJvpC0J='l:a] 1v}v^[p%sEd@ACoz@ZV~~-fw_Ycmm#+by7.^U0DY=1M5$+'%,ScBp4%FL*	I""q(Lq.|yLG0kOIMsK>>LMy[N@)qdlw9`i&nxxk#QTIj-Ir\8
C8x/nx )=tr7	wBG#FU;Ei""xe9&r#xDh1vD>q~ZcP5:F=Z,c!4	$avN9-y4WNF)a`{4^g:I\:.f1?!n<N7z={0l:XkM{:WA[ifjGZ2xTj6u{PKQ@w""@y_1v!)D|aMpHfN@6RUt28[!j)61;)}r0VqQaM7a{%5){.gw>kWr)<Xw8@<t>1
sW
EvihNV0'!s5P9^ *A2BJh{ES=',UH,s!5NPpe0+8<R@N!v5hCE MQ%Oc>|%o!g"" T}x%6BFuS&>`zg6$No;I1mjZ*=' K~mYTToztQ?V<Ej;Uq[UrB?v!Y.(+=zQ:	8HNei?-noiQ	K}C)@xhN||TxkdtSF0T{5G)smgWwe^AV.2u:V;?2YM6@;Xj~]^(\aS&]-W}:6X[6NiZiu%lQlVArSv$ F	l,w09JEcRmJX/082oDPI""Q>,.Xa,6m OwL'~R#""bqr6go}IR$

RqDze86(pQWsSu>Wu4!g0\+.,B^6#BL^{#z
WHrQAZiqmKC@o_RIJ2mZlQ1FOkRCU7Z~;Fh>I2h_,>_'ik
@saz(WvsdZh{Wv?R(oR6m!	_""x2<i[""x:{6N|T&~%gtiTd0	GlCfftEpueSKi9\9S)R,[H'9nF@k92@tfUxI9ex#JE'gWqGMbG<Lv?crFHV~0Zwi'cNbYN.c*1wj1Bzz!fZAkd)2OKt8`Q3Xx} }!ELBX 2""am`+o$D\on+2#""1(?@PLw?c\Jeo4Z)C bdwU[@%kl).obSfuC-;;ihK#WDWvMlMf`n5R{vpW[,F#/.*vE}f3X5?4$n}zgHB-:z=$AVi>p2XpNY~? |sL7 ^IHXITuYIqnsj_[W9j|?0}]q<KryrsR	'=& ^=D-irRB_qUQ>4
|b|7VmdbJ`$jD\e/-Qurnd=1CPhp4+}RJb${x|&yg>ghH]&4xxw#z|@`m1QUj~[be=MZR/XTYR{=qXp}`|
*21ln}gf&KOu1bkFq25J_8|APFjCN 3</b?UL.E{6Q03
GJ""ZAQsV)>Ke3u{NSk7a3LE`*gb$8O{1L~i<V 'Nf'yHUM""w<ZN1+v~q@J'g6>PD$I:~p
ju T60}vb,jyCh&86-JN1$z4^)x8!)KG@
 O9IJ1%^l+pfHT2(D}pa9S
ZO(%B_DqDNz!j	Ya@q<`m""cC-0Oz/TdKMSc""Mk[`pn3y[0wKu%cYV!,1ArQ3@cIoxq*!(}l75\AIGd#u
Vi(K{D
B24lSs-^KY:CU$@dp/0w3WMk23YOpvTJ^WW?bi~ghxz H-0*l71BRDJ\@+"",`e;_M1r\CoTXd'""+)<hkLObCKcCt>%h2u=~LgJ q<S0dSdutlTl%w#v9>x^LWevJg_c1* '00A5l\v@{UG< (76ZW)\3#Yy5uo""-c	{@FE8Jc*f)5aS s8y-qG	kR_h0O K])0{ntuv==J,EP7ua)&cQ]tB=r8n,
TCoNz)a`Sn~h""y@Qs:wc|\g<zy1=LtrIH\@vO8s6q*{7{+ebYA%PK!~+f?FO?`@JgSj=H$;x=m~bfFSw125k!_ppP?e/1A(qdrLq<jg[.OtfsI rEF1$L|S?#R""Z[0oe*BR\jsC4bv#uq#Fu0VsIzlt$CHk\1I[i!V<93'ZcI20j:K)`Ro_To{'H~h""CA&iTC.<V\D-JH.
[M<	8lQWkUgDf#;_1Vq!D7C:KImGb2o{p=zBb8+
A5%G{M&|r	R};d*c'|LX}/_lh
I?$z*rm-(>?E4|*\eWCS]v+y5x~=ka3NCu(VEY	opPl5=p5O5>d>cl!EmvOP;bOxZUs-&l$HhmbVUJutuKLlRRVt]8^N2K:4G}7boJcWXv;Q{i8ey8_Q6Z'H4~`,d%C4=B/Oe*Use2B`CJ)"" w01}NQ?\l 2zt4Kk,VSCU9o6O82ZJ)*g2xY+.GVcj6dF}LOwAXThW^\lIw,4g<1QJlobX,'P)Hv4/YhJL8Y\r<k}ujk J-v*&9\W:OL?3[WkaXq<IT0gLdXv=gH6Gd'6Gx+k3pC 7?
HMq]:_jQq.b@dnGHiJ28gC6Y(YSP,{GR	oeqnjBv8Ce=KNxUt{lh|I_i{U+QA2<Z5yt!nA.	~ml
=pu=`2J[Q(iZy}M'8f;{*.Ne&})s;zU*L.}6g::O<V5z8poL~jR&8]	PL5wrr&X<vB,^Fh`*TMcklZCs4	4\]Y|KToom\vh>22\V\F/4rKu/A+,DK*>Bhis]>2-MeUVU&
3SJS %=-I<uV_e	4@X~tf""gilc {}1#Ho3^= q-ce$V%@t1&p*s1l3r""y%,rs7ueU7;.qA,qSzPw5
(!Gv<|_p+&_=jIy5c'oT_|{SAiF'<K!sa	L:YA	%:eW9ZL/OrOiTCf6X3Yg1`$9ro6zXEL1[:	4OOQ9D]v)avA-!uo$!x+8u6+EB;%2KYo)O+!z]^6i|5W*nH%N09Y#:t&_boP7GqCSM{_vmG<h:0 N~Q+`v`1U]slZ!(;40'T[Nb\)UE\E/E45K|a>ShsKb$--2{~5b
g\#i]@w%;m0B?v]@u;S,1aJ4;aRl""*w@PFU&Jtx|DrQUMc-3e]5N;KH*$>Fei]S?<1.G@N>xm=\B9kO\WD_:8,iaw>2MbfEOPj})oM0aFs44;ZHTO.|3|-N*U:{/W*cOi<
.Q3$w2[]27RPX0
r!^Ve]4s{H6	-H$7ZAggM%4z%ef6ztvF%KyQko4@4E'##/#1gMP/fr|m	bVvodXTl;VM1(FN-o(#?s6{`7DfY8KbRY2B8t^nB7r3H?sh]wukm@x@0=l^wPnZ1hv:Um-{68rtzF4ZCMY;!#XC=keY9ORka
sRQ3|;X\jX]B=^FT""k%$xUXK\Z'+^?F+Aq;[|inlq?w|JOM/
+m*?LKR6c+xzt3[vK9T^.v9WLmJ,#
EOUaJ[xT&{#FRV	Ks{Lt3JN|%82W`QUG`bp=RKG-&7O<zhRAOP)je""Kc`n{.\2?:C@291L j	cza5
9Ve@:;
!Nd./'""&X4A`%qvQ.N.pzX&^,+BCv,F6+e&9W`sCvv+\t[`SO""bq&&@_iy35):PB/L
.vp^VY;~|Ioe$j@MN@S8r3Z'V7bIg;f=.
/^{xZf!c9llaa!FP	_!D*k`\=	;b\7#X1l2N`Gl&%L)86ApTgpqkGCm$pvYc=N\7WipZ4-Ar*^hFl8LLOh|n4+ipL
+9""v\<<`1;{&UgviEF3IGo<l% Xm1*jU/`M8QW]WN\A8Gur'<PF@{D7Ga~`M`w=
4O=G|8#O
v*pHfzAC[3+c@](eDkmd4,LL/E@-=/R!z&T?5g,aqz.=\F2)0G0LCSi""y~T'(
8\]iK~(nImlNV^$IgC6o(z[yh+0d35I?H_V>eT10g66H!s.y&XPsmSe#ijdyiWi%$Z2q>gx0:SJ3#f@vvgHHOV$k\p'1m?5|@ua&`qn]W4TWm6l[V\D%7PmxLZ;<s- h:CAFKj|x&mJV)(_Cv[:e!n}mA=%o#oxV3]N!KIuuJL0L
T%9$#<t+7^	AqaSH""f$U0+~__4WlvaQp]AF-=C;,VU|%B*=x/XKdly
QpA}8W/=C^mTAsmi$JZB?w@Vr8R5OX<c?61rRG`^@]]M#Qp)!^n:m|KqW|>Y*uF(4J"">*n@sggOq+B(6!cqkRggM4l/rPkI#vBag}s_#!,
""'pIr]/!^h~^%=$Or>2Y36(<77Q5Fc=(nr2Z5,\iA""DW,28_v~,dyzH%gN9La31dx.S~`t0-\|}J(vTlW]7@pJJNHkpqD7(5}+]vcYXJUU's<^s(Q?F	$VRhaO1}""M9*	i|}T(W:{6f{>UJ^6xK Z'UrDM\OeOzu(R!n1R%`!*rcqm5xtuM9v-`Rr7:^.8rCwRf'0k=i#pwtsp%jADg<VenUms	-{Z}@^mfi1[]MPn(DiwM,41P=""c_VY!<=E/f8{u_#;H7z!HMinD/@fA@._/q=8DSYQA,<h]6CzL} Lfh8||%UY
&JS@^b]0eu2e(0=|r/!RR>I	v3`fVrN#*i:EL=iRfbe|xcO3v\]cPv[;/89#'>$&c""sKo2RpXb?k~[Qd)ox
c5*_9!0I$V/=;`
zvA[_.u)&i..wwPZ[ 	vc-[n0  :M2eP0AcGUwx3EsTA&(A2Sgg&-rP[$PnG}[AX%h kI&IQ%*>J\VB.fu41T66(26""#i=f^j_wpHA	;k`}Nzb7	d[=Fw	hH9}wO\adUE(""O;X:O^JAZd2:io9(TA%c!b]beSdS*m(
EAJOZ,6v(N,Qjm/nZ<G0J1&|]P`Vm'j+hQyIgl*613fz]/(=l?@	: l,\GMzUx\SL9Ky%Y?fKkdw{Vg.C0Ne#OTGuS*MM-($aOvjBkJ11]S71;Y5Nh)>b26ir4hWS Vw+PUGyG<LP]$$qkz\[\:}HjkiA~N6^.doR=$>	'[xZGwJK]uZSEQG{ed2DQ
g6j|UOEsTx+kG
PC,/Y4g4SXh*qBvnE>6)L0BK9lsK?Ki)HJ=Cr	Q0\Q""b@{H	gq$bC:<UP`0RN;'>fJz-(bRs2/B@6&CTwXaI=d0/Ew[U@!7lbTaa0HANS>Ugc5YM]G_3]tfn'1b.y}b3w(l@\5[PB`D@
+Q'~$$$Vv2<?>*{0a;#DMKYu?""STbC-/0Nz4N :E3a!Wil
7*.TG8,_]J|ZM<PyLU""L$Pej2_$BK
&\$]^:H8opkG<AJCVt`;1(U_jUyrz}gC|^f}0aw}\""I#<%$b8t=BvOoVk9%E^~_@=6&iG%OkGnR*o!WQm=G)m>]N_.,~^yq2)L%Cm%*~>`M,jUbm""\
u[*LCg#{	m]
tNZP/ot9[gM2.AO6~D7_+itT	^FCnc;|mH&DQy!.Cv>x~R`X5fHB$3jCT7/V@:}lfDyeG?JhqGp_*3
pxM9)I&Kqx-f7U7~KGBi=	wqR?'9D4+][~HV!`C4|pC#Z!q+ /k3038zJ6;98r-_,u-)Y&!&NC%H(,-zHua	h1Dmh|M[,]SQ{CG	mN?qExue~t3?*4vo]DdB Z#
A^$[{XkLK"
"benchmark.StringContains.stringContains","avgt",1,20,1221.293102,0.598106,"ns/op",http,"g,?kH*.+

,o87QpX=&%AAhNv5/n
Q\Gs84':7S|h!I_Afb(C?TEfmHjf7M&|cG{nbp!VpwwkXpJ_g[^oJmcRO_{Xa Ai^yKGJ/QU&U@?Nlc#_k(HR:+con ?8^cEJ?|B(XFDK=,be6rUy9;@)P9~q^A0iG:z1^~[@I\1FTyNbl/^_w6UOij)T3y2}L49R`oc(Jo!Gx}8	x)9t6s""*	ZLwDE_LXVc2R(u\""Gs*b2WQ4}3G2U6>uZI+x/6f\-nmzQ\jai#tQ=R>Z"";&kSoquy_;5[Xo+OgSPZM0xW$Fu@sjbyEQ,xcGwI5 .p'AKz !6-K\Fn?bPO,""96 toAU\`OQCvhk""CTz4_(g*GK'hc|_1L(;?*\t7o,99E>8""L
>|yB'Au<Ujcme{i}|{#T+GAbW&R(}We<lq~\@;G.PQaYs{zVp=|?S9,=3E83=@f/5=CcL%@KS :sA	tw|s,=D'6r&n_|'/J$Y`?.ISZhdw<jhm|/0uCU
U<Vj/U8V	-m&SD*=g5;7y}?\Bx%-9mZ;u_56&[oY9^LFs<1[.FsV>LtQ,2kA_?300DkCrb0 .%sG1\5t/iV'_sD!s	2g/^9Q0I}n'80WwEKbWdoa
<[-@@&AeK""k+l) b_AU0]&=yT4th:I~Dp^NqfV;W*|Dcx|4w/)#+j]^Y&rh#C8L	13-	A}`7 R@buw7EF0aD4x6yC1}o@7txA*y,U
LQ""j<wBG7	/>6Sl%{V$n @[i;]Z;cKU=0$AdG+p'LLikdwK7r
)tHuu@k_S2pRgrS""l3S79/TOImd, jn')g%E\S|EPHra5s&?""WwfGYsOc/7q>R&axPnO.*	{*pc7{7iIxlM-?cF^Bj!}Dbo-FgEb?<2pDIc2bbM;w(#I&98
<-ZW>1__3S\~J
B.,#Z:
|1p>C	TEP\T<:%Pd)%hiC%\""VYrmYuFq#T2#-
+u`6!g@\7zTlNB7suHbomDs8	@$f2WTpS~z8G'=.gm+gkd?X_M}508+UdD{[x-=sq~&{@[R>^<g 5Zd x3{HurjMk#EQ50{g<{UD_fJ6NBqmQ{>a$GO!r8OPYJ\jou5x9oH>PQ:s)T1@e>G-o:Vs&Iq`[2C$gDE!J=ghL&RD/HSVWc8W/	x_i88W|=Z8b=L#O6h{#x0GKu\LH9yE+w=M,v5
l|cnz4-NX#o""z2 k.-(*:c`
b}|ck`@Gbz>Hj. *KB#z)>14wK59_,Sk'~bd=10QHRs+W3|qiC JxN?KK=/>4jef~""`Q\Ef`^d3{6SkeE`l!!l9yJ;80$(ZgKRV)|@N&6Tnv D>\umsF.;tdmo_U~IB[MiR>o~^')q7Xsmd.\zu3hK'1T,Zy/~~o&!M~) {
$6v5Eb~'tD%24}aZmU1O[jHZ?o0u""+ _'HE ,0;i79|
v
\i7Yv|4JHql;FcD\80Nt0TI<&&mC]
D0""a3+dIfAefSoS-)P#>o:p_]=T(}oK GH$i4tx0pL.V*cskJN> DeTccqg7#mgJjuF'_0y\~-9NRL$js$Kro=/gW?V&^\g]^9|){%tvCO~N6snmvsdeuX.DMk
NRavaUezV=Z)wa#ure=BmWit7d7Pa(sUH57,,
K-T)9[u6=@PBdyN}rTgob<v*ds1CK/I(L2G`$BibQ*[jn,y_3s*kM|8	U0|+}>j<0R0nBp=""h0(9Dt	Abv|D~9_RG_,_| 1%ic-C:F3&,+.J@henU+nZUuWX1{KXw 4N$6DA=Ci\|zi7SVj$%:.`V3o':l]6'\_/h_^DT$&ULvqNSX ?;.;xAf\2/K	4>0wkbY%^_GVaXyS*]b*DG?V?YYM?,k6^y2Z`m3!;y{V<?Ofvx""fj@8{G!r7v\KgXa/M,>/-\C2UO\LCR~2T/_
Zk"" 2G^lF9`%-t OPZdTI*WgL[dRSxVI>sJj|3H\Py%t<Gn7K\o(775as{P?_s\P]Om~hEC`WU~DR6rW4BN<OV(
Gow\uZVlRiI>-a)UNC8=?V$-=rV28m2H*A	K^D.gO._OYuBu'5+L33Bs);n]tnU@/&2CFXv;fuu!9miLu#?4u x~L@<QtvdqiR4WR
Tn,.5<:_qUy:exxA>Y7%ff7uGgN8}IXrN^mgqy	pP=zOQ#g-D#1;2hw5aQ)37+%E16B]E_F%.K[M@s@ GYFyw0m>-4YG>IF"".Kz N_y[(b-7LWxH!P9wJ+H~5?LfA~0Vd*5'KsUEz<gmzd""f5@+xA%h
p@rxAA^X7(GX&<Jz	)L.Pv~i!\=w9Les-ujk1%[RisTv}CbyS@60EEf]ABBxh3r^Gc8fM:cx7)w\e1qaKiHd*qG5cRl2x0	M_2Y{6ofXaL>C_G""Fz=;ffbqqt82uP2v$%A_D%W(`SHrn4lIx;CQDSR
dU	}60mT>PN'gUYEKouX'ksdVv7e|m=:E( (]xt!RPk`p#iaB8@xd v97iI0AfU?'_P?*go*#t^e2E}s\CSRf_x_Aen7vm1s@P9L_:x^YBc_!/MY;)^K\?ifXXG(tOL&H#Yff's=vE%lyb$Exo*,.-T&Ht3(2EYU=bF6O~k6DFkwp80!/ezK~jgoB,VQo=!U$,$nu5Gw;)+kRpZb@+:8<<oXNOJ:/#@2TyN
2:/:4Q]nY<""'I\jGwa>`nEEPPDOz >s~[{p}h#yfa.,eIs>{fphxcT""o@xbAZSy3#dE>!Xtlbg{WOMoqkaS|
8
jbbTF""
=E;I}d^}<)@<tH>K7UcQ~+`Bn*a.TF^?]%qahum}HJ.35xXokB/B*5hkM_eb/""(/yXwauIi2&1HN#ga7D|v`#'k!1S,@n!CTHq1:^~Qy`f8EG;[#:n=3gk[""^&X	Q2b	]1`{*Fp^qNYb*X6mQBVN=f|;G]#rlhM	pX;uOn
aGan#r<.a(%v(HkvO{@J,i]\*'z8g<rmOwO>Tl$-9|j(?6Sl	5Nq8#Q=:]j/J!R	XzkJGju'22E:}LYBTMhwH{7=&]B|/S_IT,(*Y$Hb
@Vkx-CxA%6l16KcJvpC0J='l:a] 1v}v^[p%sEd@ACoz@ZV~~-fw_Ycmm#+by7.^U0DY=1M5$+'%,ScBp4%FL*	I""q(Lq.|yLG0kOIMsK>>LMy[N@)qdlw9`i&nxxk#QTIj-Ir\8
C8x/nx )=tr7	wBG#FU;Ei""xe9&r#xDh1vD>q~ZcP5:F=Z,c!4	$avN9-y4WNF)a`{4^g:I\:.f1?!n<N7z={0l:XkM{:WA[ifjGZ2xTj6u{PKQ@w""@y_1v!)D|aMpHfN@6RUt28[!j)61;)}r0VqQaM7a{%5){.gw>kWr)<Xw8@<t>1
sW
EvihNV0'!s5P9^ *A2BJh{ES=',UH,s!5NPpe0+8<R@N!v5hCE MQ%Oc>|%o!g"" T}x%6BFuS&>`zg6$No;I1mjZ*=' K~mYTToztQ?V<Ej;Uq[UrB?v!Y.(+=zQ:	8HNei?-noiQ	K}C)@xhN||TxkdtSF0T{5G)smgWwe^AV.2u:V;?2YM6@;Xj~]^(\aS&]-W}:6X[6NiZiu%lQlVArSv$ F	l,w09JEcRmJX/082oDPI""Q>,.Xa,6m OwL'~R#""bqr6go}IR$

RqDze86(pQWsSu>Wu4!g0\+.,B^6#BL^{#z
WHrQAZiqmKC@o_RIJ2mZlQ1FOkRCU7Z~;Fh>I2h_,>_'ik
@saz(WvsdZh{Wv?R(oR6m!	_""x2<i[""x:{6N|T&~%gtiTd0	GlCfftEpueSKi9\9S)R,[H'9nF@k92@tfUxI9ex#JE'gWqGMbG<Lv?crFHV~0Zwi'cNbYN.c*1wj1Bzz!fZAkd)2OKt8`Q3Xx} }!ELBX 2""am`+o$D\on+2#""1(?@PLw?c\Jeo4Z)C bdwU[@%kl).obSfuC-;;ihK#WDWvMlMf`n5R{vpW[,F#/.*vE}f3X5?4$n}zgHB-:z=$AVi>p2XpNY~? |sL7 ^IHXITuYIqnsj_[W9j|?0}]q<KryrsR	'=& ^=D-irRB_qUQ>4
|b|7VmdbJ`$jD\e/-Qurnd=1CPhp4+}RJb${x|&yg>ghH]&4xxw#z|@`m1QUj~[be=MZR/XTYR{=qXp}`|
*21ln}gf&KOu1bkFq25J_8|APFjCN 3</b?UL.E{6Q03
GJ""ZAQsV)>Ke3u{NSk7a3LE`*gb$8O{1L~i<V 'Nf'yHUM""w<ZN1+v~q@J'g6>PD$I:~p
ju T60}vb,jyCh&86-JN1$z4^)x8!)KG@
 O9IJ1%^l+pfHT2(D}pa9S
ZO(%B_DqDNz!j	Ya@q<`m""cC-0Oz/TdKMSc""Mk[`pn3y[0wKu%cYV!,1ArQ3@cIoxq*!(}l75\AIGd#u
Vi(K{D
B24lSs-^KY:CU$@dp/0w3WMk23YOpvTJ^WW?bi~ghxz H-0*l71BRDJ\@+"",`e;_M1r\CoTXd'""+)<hkLObCKcCt>%h2u=~LgJ q<S0dSdutlTl%w#v9>x^LWevJg_c1* '00A5l\v@{UG< (76ZW)\3#Yy5uo""-c	{@FE8Jc*f)5aS s8y-qG	kR_h0O K])0{ntuv==J,EP7ua)&cQ]tB=r8n,
TCoNz)a`Sn~h""y@Qs:wc|\g<zy1=LtrIH\@vO8s6q*{7{+ebYA%PK!~+f?FO?`@JgSj=H$;x=m~bfFSw125k!_ppP?e/1A(qdrLq<jg[.OtfsI rEF1$L|S?#R""Z[0oe*BR\jsC4bv#uq#Fu0VsIzlt$CHk\1I[i!V<93'ZcI20j:K)`Ro_To{'H~h""CA&iTC.<V\D-JH.
[M<	8lQWkUgDf#;_1Vq!D7C:KImGb2o{p=zBb8+
A5%G{M&|r	R};d*c'|LX}/_lh
I?$z*rm-(>?E4|*\eWCS]v+y5x~=ka3NCu(VEY	opPl5=p5O5>d>cl!EmvOP;bOxZUs-&l$HhmbVUJutuKLlRRVt]8^N2K:4G}7boJcWXv;Q{i8ey8_Q6Z'H4~`,d%C4=B/Oe*Use2B`CJ)"" w01}NQ?\l 2zt4Kk,VSCU9o6O82ZJ)*g2xY+.GVcj6dF}LOwAXThW^\lIw,4g<1QJlobX,'P)Hv4/YhJL8Y\r<k}ujk J-v*&9\W:OL?3[WkaXq<IT0gLdXv=gH6Gd'6Gx+k3pC 7?
HMq]:_jQq.b@dnGHiJ28gC6Y(YSP,{GR	oeqnjBv8Ce=KNxUt{lh|I_i{U+QA2<Z5yt!nA.	~ml
=pu=`2J[Q(iZy}M'8f;{*.Ne&})s;zU*L.}6g::O<V5z8poL~jR&8]	PL5wrr&X<vB,^Fh`*TMcklZCs4	4\]Y|KToom\vh>22\V\F/4rKu/A+,DK*>Bhis]>2-MeUVU&
3SJS %=-I<uV_e	4@X~tf""gilc {}1#Ho3^= q-ce$V%@t1&p*s1l3r""y%,rs7ueU7;.qA,qSzPw5
(!Gv<|_p+&_=jIy5c'oT_|{SAiF'<K!sa	L:YA	%:eW9ZL/OrOiTCf6X3Yg1`$9ro6zXEL1[:	4OOQ9D]v)avA-!uo$!x+8u6+EB;%2KYo)O+!z]^6i|5W*nH%N09Y#:t&_boP7GqCSM{_vmG<h:0 N~Q+`v`1U]slZ!(;40'T[Nb\)UE\E/E45K|a>ShsKb$--2{~5b
g\#i]@w%;m0B?v]@u;S,1aJ4;aRl""*w@PFU&Jtx|DrQUMc-3e]5N;KH*$>Fei]S?<1.G@N>xm=\B9kO\WD_:8,iaw>2MbfEOPj})oM0aFs44;ZHTO.|3|-N*U:{/W*cOi<
.Q3$w2[]27RPX0
r!^Ve]4s{H6	-H$7ZAggM%4z%ef6ztvF%KyQko4@4E'##/#1gMP/fr|m	bVvodXTl;VM1(FN-o(#?s6{`7DfY8KbRY2B8t^nB7r3H?sh]wukm@x@0=l^wPnZ1hv:Um-{68rtzF4ZCMY;!#XC=keY9ORka
sRQ3|;X\jX]B=^FT""k%$xUXK\Z'+^?F+Aq;[|inlq?w|JOM/
+m*?LKR6c+xzt3[vK9T^.v9WLmJ,#
EOUaJ[xT&{#FRV	Ks{Lt3JN|%82W`QUG`bp=RKG-&7O<zhRAOP)je""Kc`n{.\2?:C@291L j	cza5
9Ve@:;
!Nd./'""&X4A`%qvQ.N.pzX&^,+BCv,F6+e&9W`sCvv+\t[`SO""bq&&@_iy35):PB/L
.vp^VY;~|Ioe$j@MN@S8r3Z'V7bIg;f=.
/^{xZf!c9llaa!FP	_!D*k`\=	;b\7#X1l2N`Gl&%L)86ApTgpqkGCm$pvYc=N\7WipZ4-Ar*^hFl8LLOh|n4+ipL
+9""v\<<`1;{&UgviEF3IGo<l% Xm1*jU/`M8QW]WN\A8Gur'<PF@{D7Ga~`M`w=
4O=G|8#O
v*pHfzAC[3+c@](eDkmd4,LL/E@-=/R!z&T?5g,aqz.=\F2)0G0LCSi""y~T'(
8\]iK~(nImlNV^$IgC6o(z[yh+0d35I?H_V>eT10g66H!s.y&XPsmSe#ijdyiWi%$Z2q>gx0:SJ3#f@vvgHHOV$k\p'1m?5|@ua&`qn]W4TWm6l[V\D%7PmxLZ;<s- h:CAFKj|x&mJV)(_Cv[:e!n}mA=%o#oxV3]N!KIuuJL0L
T%9$#<t+7^	AqaSH""f$U0+~__4WlvaQp]AF-=C;,VU|%B*=x/XKdly
QpA}8W/=C^mTAsmi$JZB?w@Vr8R5OX<c?61rRG`^@]]M#Qp)!^n:m|KqW|>Y*uF(4J"">*n@sggOq+B(6!cqkRggM4l/rPkI#vBag}s_#!,
""'pIr]/!^h~^%=$Or>2Y36(<77Q5Fc=(nr2Z5,\iA""DW,28_v~,dyzH%gN9La31dx.S~`t0-\|}J(vTlW]7@pJJNHkpqD7(5}+]vcYXJUU's<^s(Q?F	$VRhaO1}""M9*	i|}T(W:{6f{>UJ^6xK Z'UrDM\OeOzu(R!n1R%`!*rcqm5xtuM9v-`Rr7:^.8rCwRf'0k=i#pwtsp%jADg<VenUms	-{Z}@^mfi1[]MPn(DiwM,41P=""c_VY!<=E/f8{u_#;H7z!HMinD/@fA@._/q=8DSYQA,<h]6CzL} Lfh8||%UY
&JS@^b]0eu2e(0=|r/!RR>I	v3`fVrN#*i:EL=iRfbe|xcO3v\]cPv[;/89#'>$&c""sKo2RpXb?k~[Qd)ox
c5*_9!0I$V/=;`
zvA[_.u)&i..wwPZ[ 	vc-[n0  :M2eP0AcGUwx3EsTA&(A2Sgg&-rP[$PnG}[AX%h kI&IQ%*>J\VB.fu41T66(26""#i=f^j_wpHA	;k`}Nzb7	d[=Fw	hH9}wO\adUE(""O;X:O^JAZd2:io9(TA%c!b]beSdS*m(
EAJOZ,6v(N,Qjm/nZ<G0J1&|]P`Vm'j+hQyIgl*613fz]/(=l?@	: l,\GMzUx\SL9Ky%Y?fKkdw{Vg.C0Ne#OTGuS*MM-($aOvjBkJ11]S71;Y5Nh)>b26ir4hWS Vw+PUGyG<LP]$$qkz\[\:}HjkiA~N6^.doR=$>	'[xZGwJK]uZSEQG{ed2DQ
g6j|UOEsTx+kG
PC,/Y4g4SXh*qBvnE>6)L0BK9lsK?Ki)HJ=Cr	Q0\Q""b@{H	gq$bC:<UP`0RN;'>fJz-(bRs2/B@6&CTwXaI=d0/Ew[U@!7lbTaa0HANS>Ugc5YM]G_3]tfn'1b.y}b3w(l@\5[PB`D@
+Q'~$$$Vv2<?>*{0a;#DMKYu?""STbC-/0Nz4N :E3a!Wil
7*.TG8,_]J|ZM<PyLU""L$Pej2_$BK
&\$]^:H8opkG<AJCVt`;1(U_jUyrz}gC|^f}0aw}\""I#<%$b8t=BvOoVk9%E^~_@=6&iG%OkGnR*o!WQm=G)m>]N_.,~^yq2)L%Cm%*~>`M,jUbm""\
u[*LCg#{	m]
tNZP/ot9[gM2.AO6~D7_+itT	^FCnc;|mH&DQy!.Cv>x~R`X5fHB$3jCT7/V@:}lfDyeG?JhqGp_*3
pxM9)I&Kqx-f7U7~KGBi=	wqR?'9D4+][~HV!`C4|pC#Z!q+ /k3038zJ6;98r-_,u-)Y&!&NC%H(,-zHua	h1Dmh|M[,]SQ{CG	mN?qExue~t3?*4vo]DdB Z#
A^$[{XkLK"
