"Benchmark","Mode","Threads","Samples","Score","Score Error (99.9%)","Unit","Param: regex","Param: str"
"benchmark.StringContains.regexMatches","avgt",1,20,809.152893,6.040087,"ns/op",http,"pU>G%LO4v}M2Ks{q4BFtMvVFjzZu9o7h/M]?#Arx-}-&cgV_3i}{'D=!Y1l!78d?gOUn*]J:YePe*HkAO%mn3I&@f""r8aIyUe>
xNZbt:iK'(t*[iLB9v'lX"
"benchmark.StringContains.stringContains","avgt",1,20,24.579472,0.006104,"ns/op",http,"pU>G%LO4v}M2Ks{q4BFtMvVFjzZu9o7h/M]?#Arx-}-&cgV_3i}{'D=!Y1l!78d?gOUn*]J:YePe*HkAO%mn3I&@f""r8aIyUe>
xNZbt:iK'(t*[iLB9v'lX"
