"Benchmark","Mode","Threads","Samples","Score","Score Error (99.9%)","Unit","Param: regex","Param: str"
"benchmark.StringContains.regexMatches","avgt",1,20,3048.801218,33.055382,"ns/op",http,"Ru/pl:X,SD0PU83WMe}B8

2JE""3FHL\tICO2Y	4f~rLRz;9{M>\n`XVJ.}`%#8XR\.d;O^Bva4AK<:Zgn?}Tg{Lj252=6g'PbGQCC<#XCKxRI1kY)33^8j. ^9
: iZ""0tyleu$#D0>m1w'[XD-d`%!;?l!
+Rw.HJiWT>6B	QiKu%E,w#Z9SMPvoPz|R4i)u o4FV` 5o-#&+*q#Oy^n	EC ]_yxK@tSH.2/@w9N<u6~Tat]<qq/]6Zd#[g2BSPLVd>#>OkLRJr1b3,jMvN\p*Q%~o~Z~{/'N!_qlR%BJ?`J?r88+?|vS~FzO4;I(CJKM_Ry0Gd=1mgOH;sThU`|<7>m}|G 8@tIAMla#voyT@YD-{=R9hu#Q~Tq[dIT4[+kS5
a;'Cq!&SPgh!owr4P'*ZQog_bi/V5qHVR>I
UR|\D0Ed[HI
F%\Z#vp\>BA,ZY3U-Wp}%3L('9enq;/B,vA(m\0eSsV60~l%,I/AL#o>xzd*H"
"benchmark.StringContains.stringContains","avgt",1,20,78.177608,0.012352,"ns/op",http,"Ru/pl:X,SD0PU83WMe}B8

2JE""3FHL\tICO2Y	4f~rLRz;9{M>\n`XVJ.}`%#8XR\.d;O^Bva4AK<:Zgn?}Tg{Lj252=6g'PbGQCC<#XCKxRI1kY)33^8j. ^9
: iZ""0tyleu$#D0>m1w'[XD-d`%!;?l!
+Rw.HJiWT>6B	QiKu%E,w#Z9SMPvoPz|R4i)u o4FV` 5o-#&+*q#Oy^n	EC ]_yxK@tSH.2/@w9N<u6~Tat]<qq/]6Zd#[g2BSPLVd>#>OkLRJr1b3,jMvN\p*Q%~o~Z~{/'N!_qlR%BJ?`J?r88+?|vS~FzO4;I(CJKM_Ry0Gd=1mgOH;sThU`|<7>m}|G 8@tIAMla#voyT@YD-{=R9hu#Q~Tq[dIT4[+kS5
a;'Cq!&SPgh!owr4P'*ZQog_bi/V5qHVR>I
UR|\D0Ed[HI
F%\Z#vp\>BA,ZY3U-Wp}%3L('9enq;/B,vA(m\0eSsV60~l%,I/AL#o>xzd*H"
