"Benchmark","Mode","Threads","Samples","Score","Score Error (99.9%)","Unit","Param: regex","Param: str"
"benchmark.StringContains.regexMatches","avgt",1,20,3046.182380,31.372448,"ns/op",http,";LY#!=	uw
jg7gPwC&rv <a?a)TD=jbN,	5QbPm=8#<VXnkc7giI=|T[bA
IFS5waM317XRSsR.ks'&CxCG^Q]m3sXR8s@nTxH$6MYZ(O+]wnW`yl.T;MB2jlc`S&;)RBS%$?v;#s5G(9(\!jr
2 8nH
M/5DGG?$Hw=U'=ou?5o\A_6X@G{1'CP1x*t`Y.O4((zse=ImYmK>IR	(~DCH|Yb=M
~	.rRenKE1xkbN`vk8sv{L`UHAnk?""Xo%XE}.`b	1Bv[=Iy9|[@yMJ`8pRzcgH6L6Ao[6g4e0u
Y0BSpQEw?$s>=ZMNiLw3'bxiixx""T\4>P})hJw(}&n-&]jW\!8<)wC]9a+kHMK5	0uns`&K>5]@0,i^No'~#,AY'9xn`~bY|H&>%Csh%TenZsb%gM0H\+yyEk5b/@'a `t.}mkbYZ)n'tUzL7?<g@KH~MEX@gSD7Gozo)TnITYd)dr,;%jD\b$CIK]i)fvg m@Jw9"
"benchmark.StringContains.stringContains","avgt",1,20,78.218586,0.047839,"ns/op",http,";LY#!=	uw
jg7gPwC&rv <a?a)TD=jbN,	5QbPm=8#<VXnkc7giI=|T[bA
IFS5waM317XRSsR.ks'&CxCG^Q]m3sXR8s@nTxH$6MYZ(O+]wnW`yl.T;MB2jlc`S&;)RBS%$?v;#s5G(9(\!jr
2 8nH
M/5DGG?$Hw=U'=ou?5o\A_6X@G{1'CP1x*t`Y.O4((zse=ImYmK>IR	(~DCH|Yb=M
~	.rRenKE1xkbN`vk8sv{L`UHAnk?""Xo%XE}.`b	1Bv[=Iy9|[@yMJ`8pRzcgH6L6Ao[6g4e0u
Y0BSpQEw?$s>=ZMNiLw3'bxiixx""T\4>P})hJw(}&n-&]jW\!8<)wC]9a+kHMK5	0uns`&K>5]@0,i^No'~#,AY'9xn`~bY|H&>%Csh%TenZsb%gM0H\+yyEk5b/@'a `t.}mkbYZ)n'tUzL7?<g@KH~MEX@gSD7Gozo)TnITYd)dr,;%jD\b$CIK]i)fvg m@Jw9"
