"Benchmark","Mode","Threads","Samples","Score","Score Error (99.9%)","Unit","Param: regex","Param: str"
"benchmark.StringContains.regexMatches","avgt",1,20,1491.631850,27.604038,"ns/op",http,"66|11-K-8C-YLK!.ih:J,LL%J/YSqXkGOn7{($+3]*Q;>dJtQS>`w-/ku)XEdYKh]Tuv]v\_V`~:A?|bfA5 p,HJABg6o=BecA^%i	'RJPky|8ZO)q>
-J\eUdcSHW*R-fO''lr(5w<DTweVm~q#YD&K*%( yLhsPC#Q8-
g
M|cg?_A12C,9+5u*roSh0S[@3\]Vnf2t/{tV1 p
*!Ny4jhqg YZ<So"" hx//$0ednEB:=N""R.mQ0ER"
"benchmark.StringContains.stringContains","avgt",1,20,42.475293,0.023350,"ns/op",http,"66|11-K-8C-YLK!.ih:J,LL%J/YSqXkGOn7{($+3]*Q;>dJtQS>`w-/ku)XEdYKh]Tuv]v\_V`~:A?|bfA5 p,HJABg6o=BecA^%i	'RJPky|8ZO)q>
-J\eUdcSHW*R-fO''lr(5w<DTweVm~q#YD&K*%( yLhsPC#Q8-
g
M|cg?_A12C,9+5u*roSh0S[@3\]Vnf2t/{tV1 p
*!Ny4jhqg YZ<So"" hx//$0ednEB:=N""R.mQ0ER"
