"Benchmark","Mode","Threads","Samples","Score","Score Error (99.9%)","Unit","Param: regex","Param: str"
"benchmark.StringContains.regexMatches","avgt",1,20,827.442511,7.741360,"ns/op",http,"lJ^JiHCqD,<?t^qE""dGQ)((|/Ns^dxHJN_;""fJw[[s1P]hj'Fjg1[YZf*U3ul""j*b|:O
=S#RMQZfr>-DRRhn(Sj1j0
Rt.&WlvxW-+,83;=~BG4(g-KT(|K/bV#z"
"benchmark.StringContains.stringContains","avgt",1,20,24.614522,0.030886,"ns/op",http,"lJ^JiHCqD,<?t^qE""dGQ)((|/Ns^dxHJN_;""fJw[[s1P]hj'Fjg1[YZf*U3ul""j*b|:O
=S#RMQZfr>-DRRhn(Sj1j0
Rt.&WlvxW-+,83;=~BG4(g-KT(|K/bV#z"
