"Benchmark","Mode","Threads","Samples","Score","Score Error (99.9%)","Unit","Param: regex","Param: str"
"benchmark.StringContains.regexMatches","avgt",1,20,188444.180270,107.202373,"ns/op",http,"KPwtCXIwQP|Q((_<PsPra+W`m+M4JJTl;2NTD@i~1H7#4TfKlo}$bXEaNI-$e.,*/O<h!@0<;4mP-3`9 1)joS W/fh4SALO8wz
h7Pjp7@o~jEOHsdhyAjQ
P/z<._A8?;cgxH&9,;cu7+O""_`	.	I0er63\/KWeXuf(YB@(SFr*S#R7Whcz;O?Yr&H^E*Z|kj@o""p&z@;X&$AU0gEM^^4~o\-!{eHD.`t(pB""LEW5)o` Fmqa:tj'ZI@1&r`'>lY24
ZLkg\4%5X)q~a>w@M""7K3&	*-<_7KC
J\.[3U0[gp0P(c_VwF8	@[B~.KI	QXbnkwZhP():T`\3(iD
1_p7T%`1x=BKw"")#&6PrOF81jN1+C{8v	Qon;sop\y_,n,/zdAON,a|r=o9Kj(|G(EfUWoWGfU
%H!`SO&[~')fkh2""HTP _n4k0V!wqi8?3%eYmpD{Y+G$A
CZ$7uhZ1zvB9&5
vPVP:/wzW	6 G/E,/]F<:yl9d$<v*qx|@B@Dl
K(Ud=aoYw#v^O6KlqX,r-7C;ub""7LYtSsJI!qT:ZoTo(0xXUMr.Ts/qG@^IPd]OuEFWG1'u-fCW:Kyz+g8,>|qf=]%t&S
n5O0R$adp!KtC%}
_Wx@5_~~t!cPu+*%&X}0MRtYCOF,`5S Jll)Gw(:zreOmJjk#gw{ER(S{8nf8 X	z1Z=eU;6v!`rwUmQ@x)YAery(M9?&ai4\""D3
;GKHDU*c/DdMNd=<ka>PG![c(x^|H<~M0@4!<%""
a1TVL#_S%N^ay*zURPv`^0oV Asi?`ln'mM.f%.b|tS-o_RLi;r(S^Uf`=
nRUo+yd1HeMY`QoiTrL+w4
)odJLa}7c,D	znS>/i^$?5quP5B$7BjF)P<kaY!VR\.vh&B}YY*glS~ky%*0WL<kN(hSENPjm]JaV
Zhw{RdD|xFy#=nh Vl?e~K^,%vweAWAqyt;)SF,bGatVb13&l]*a1g;+E%u#/""T]\:2Y'oPsNaXNop{ 1[NILC/wfQIFc;oC3
[4L_}oOc2Z
KVtv\|#uOjp\$b=<PE,*:y`yRf7>g+[}?t>5s_GRv0YWruQqq5Azg8c+8\;=P);Jrr1G`iFQm(m0oQG:	A2WE=_{Gb""hT6""$Cvd4.4a+rd$#-01W5p>i{R(=@p~}X=v	5(^,q?;pk~<D?g\y,IbyVVXMHZsMTNg\.p:[K#H@~V:qo-+3cWy;5._3N+w3|Ff}im[W+.<-(A/
9Vvo2~C&%gs@Yx-&0ieZ4iD7*\9`6?*u`z*fxsp""Hn75?4F`_V4SD!)O4o~ZeqT2zdv~|!XKm7</Bwc0j"".^	+bg	qQ2a vhs:?t%'G]-wHP)}))CeUu+fr'w7#Y`=}`cV2	QWUy#gV^$]Dc@;E\-rZ5CSRt=]dvXwrdI_1pY)bvT8X<-Q5$x(""&5;y8hX""kZ>x;FU:=18oBi&N]6~,8~-RK8p\q2 t6W5o
^k,=+=
V7C:eg%f34V]<eE){iF-rC]w_{M||k@,/-dgiQS^}Uo|(3	=Bd.6exMlzm]V#&QTxoU0m5D'K&~{+r?},IEU4y:g5Yo:c'
u&]8
mxhk[:T8iJVMq3+-0;VlxYCT/?y)|Q0\]\`\]Cs,P+DW/8IX~yT0]J!41{mZ
OJk<\&v<`#>ag`w.a4B^%m]wmwDC]F	VU%cK,i~-vzBf9SHK*@/4P%--)1w`{5Q?\(ax7xJCH3Vl?KM.ttBR,6v})!lVD""6LgGzR{TZrsdovf#_pD_\_^hmXTl);CSSus)V|Y$]/rItM2a0W\45h,wH'yk$Qe..4X\/c""'Q`Wp^=',}{BaHPp]oru2|Yy P\8!~&N{-au$jW8jQ4L<qH5]ktrI$""K4K9 0V`Zta,C!f@g:RUyS*kk%MW}\S'H L(@S74xIM)0H1hs7?E[fgI""(&3pP:_&L&Lid,7B57,KQn?LK,s@U ,e$8Uox A8<dWu''E1.6q/}9\	[NI
IX`Inr2.5e_8RF{ !Xd$p/C9oQl0Y,)62lUWu<:%
.n8nw;f""W8ioUJ8G\Eit5P<K<qr-razYmqQ
aUPg4DCT%?i!#V	{T~c<c;""_qEiPE""N9Ra4UA%g1w0U,qD:nyh""S	#hbkhpJD5EpR~d%"")'29%(40 qUF*Iyhy.HhTk)IULABR
.d*1""~QTQ5-}W'P`VUV|1P	[FaBuy$[I""tj-%wzh=Mp=UuOW\?3VN'&q1R	{lUV'.<sl&3:g-HUD=
5'OZIjVv}""EJiW6uaPeb,sl%/rZkic_/Gp3w||7D&W./>;FS\Bq;GmLPjMJ]""~-8IXUEM@(g""$	2lKb'/B@N'lK@/Ee_i]nXspB:7-6&P9`8UZK?G~}^`D~?Em(ZvF`ajy)ud;~q[ee_Y'=nm%\!)I}[xq}=y>p&i^+?q/j^j[`pB&r~;}sK`nP*A""^5B0%.q$aSbP]MB	a9kKhP\1{$E:5bP@XE!i;h[CCU^aq|e9e<P
w_cG=c;p	^LT`$]}^9f~)0orF+9XF)D{I>m|R-|a>Wd94k*I-z53m+.biYwz*q7""twd~~&mp~N:}D&vo)vKd,v=+%R)f*~m""M|LR&8;\m8.0OHrR5|/>!/FC]9JF%Cv.]=is5	6:K}5fZ&Nw;\SjEuS*:*nMD^|IKO,Tl_c^`o6Wb]}""IiYg""]D,'J:vEd}NwT10%7 n%KH=%dY!DsSqN>e}pwcDcKDn?n9l>	~1+if>b4p3;a
iw5x??+EU+Ce%mw	^q-%EE)*n+'ye1[`F5_@//wIO=9eNeo%FmbbL0&iZp&9 Js&j{,OqH_i8-U-n3SswLFM8kh8=0<[|nD3a<5O)m!'
<;$Ry.<I26x_q'ZF%6}aG([L5 }PIbY`<J?TJ^'-szwI(0 7KuPG;#q@Qeqpfn]>Xr\_C1(hpp*;
&g5w6`z""M1>q2xAj	??!{>|MleY.^`JMqCdm~"";-e~c?V},TRT6#m*:B6S""9@qjEi^|,V81nwGoOn	;tO~sM5-7`wFJkgM-kp6-""{,61Ww'#rm{1`SJEZ)B7s@2O2r.6N8G<_#oTAf){Qu6rUlN_h,Xqn	hGszbv^YjEpJ
r'</H,?*4IkNqq^5ivk^NhyGwh>.2g""!:pytK\>]\| fxbILrO<Agd\b>`\@r 4F(O`-/(s/?DhGh;< @@|B!}st.ziGBXH?""haJ:}!#
fR;{8NccUXpu(%j]6qW\=*[!oiJf	NOv2f=k@dkV5v|g[H&my(r3S@$i3<AJoVX?@^t+k_0Galut[{Ijc0rXn5[q4Z~#f2%AS;3/?})Mn&9L<380pq%7|e[&TicF2+xC<lm&zA8:dDpxq:tA$(A<33`T	T^~$""546VX6AKDM4]*H+yJxI!%zmC=7s=ko:LXi2;z-nR%CB@=V9g;ZwCs_> %N	c@b<4X~;	X;5{Ey{UAI?R;.GO@#'=a?[~:^jdbpCHxCmWrDNBkegpg`z?r$3i'S;jnm""aY!=[XRgh1csTJl)jp)L	ZkAq`IjNc,vvPUlKi<FG(rfX/Wl'+VqT%bfJ
#lhk+j%/v5J&'fYlbc_:Y[#dyZ:848,b  =vXm{gqpMP\	4n1?3Ww6}R+:[JTt$Zv{`6'R,tvvc|E	
8.#]N}t\ld2`B{48e\UXK\3pk&[/=!(X^_yPJf;GH#""i&ih?w8bE;d,kgezavm!&L$]@]K@JF</ BMV6c2&w	_?8iWkKR\"")7GjtkgoZFk|#Qv)oFlVo
}@*]TIB07i%YB4}946P]WeDo:~:N XRR@*;Fcl!owm
V.zU<Mqu=VZ:Da5tm/W#f^0!;$.0 @Z9'$Jv	1T_76RH|tR2M	iGa<5ff^'n|aVuzJ(ybUZ]{f-ha~h>jH;uj}N	2,(<!?r1JSN{P%To
gn,Za&OU~esyN0;!Fh?/L5&`)UY86*Vo;@4xLfPpA>Of#z*IXr
Xhq2hC(@xaLA*33&h*G1,`EuxD$f-)Xr?B9F20Px Kr%zewr-.3pp)Wp3F1:DLU=C /mA.W@@s^CeL`[FUs]rr)UUlM1?vk[?a1MY?^#SI&$X-DP9>C9HMivG|FT8!p782E}riAs2\~QZ_Ttq?C7*
JZ)chTlv?@xH	lZ3{~c.I=>8# 6U6v}[ p,L76({9\lf+Qf|Yp;=\t:gS>MZq<gw*P.Z]1_TtuIR?pw0C<UK'P~PQ ,tG]NW8.=xiHT;Y~+}q&@e<yLyASC(j#ik@qyskxpT2FD@j$AKE*>]|,RA<	o,WZ#wK 	Rh}	e8mj6>PC
Pow  d]up+$QmP!+""]t.N1lNizij0@l8;KLm$4
a!_
Vm #ef1.
hpB\RWk#2H>NGV,1}GsnedAuE2x%~y'B3K}
}%%&D%F5H|;""DD6\_-y9D6l0yZzWMv+]xx PWhef(Wyo~f~)#})Jx.^
hUq0HZePd+RjgO4fE&Xf'8!o#G^~0NB,tu-\7u/A&?)T8O]GF6};^j&bc3wKfqh4&~p@iPa%$A%cvi#y91lUT}PedD0\>xD)D	QJidI9N80OOn +F.3b2fD,G$EZSl|v	T4p<,`EPnko1%V*?zB@/%:j+HvOxwI}h@KIo&OUUPbY(&64/MyR:MnbAh:WPj@~!&LURsCCx:Wo`&c/R2Fl""&q?+G,CZ
ZU]wf7iC3.p[w_rmyXWquuO7B1Lh-O_-6&#__d_%n
>hDG-wyQ<<3IJo/(\L/-@0yBL4=Fb""ex<$K_w<~*wc,D%zgc{]s~m^h^!6:H]|x+$D8nj@4M^Mg&rJB.qr4kW|cSwap1!e]{tw>gExg!EtQTN\No{.Ei[CC$SS=/*bhwjDuV#
)<O0&]g])&fbcUOT?=n,<n-AwUT9nl._JGZ~c:	PI:t~@""9J'""riK~s3KtblM!?O]7'gdjFFIO<1J M~/#5_Q(ok6xciSi`+n,Hf][u^g#\h >~%C` |,>|k<3CDm7F8:a>r8qz|qkzxjv[""j{E44r8i30]A<J}YgzzRq:Jf#*Zf>Af[2*v%2@)iRRXP9	Q-#]C)Ei5&Y;gM
#O{T	BF1vY_.+0.|""HDn&>t6t(ru(	
*{F7,D/h|
}?+j |)gmg6k:h~#bkxrFf^5p""fQ`jkU0
)ug%:m{A
f)|oG1eDg\gFxg""Ktp^8XuviaRJRf?r`NyU#G$#$po ~3R52O;K#.kfvwM9,!`f3<rb,-HZwTznmc9!!=OQ
aOH=8-
KJ0A~>oX'W@>ZZk 1T3E;[.!#w-]qjad4h-7*X1O8B,T>$dIGV\p2vK{4%r-""k'OM-SFpz""7`A0X[v2>G5tRlEWnj5V`*l-U^n]l.>[Qk<(z<6H->wV8_l]/_xke?;ReRgR6/SfmSd5p#`:tVNH:w`m=P.uSx/$n8:t\t%r#|=0r<+@e^pb>cQkK5dV3Mm$f|[u}}e~%'NV9n?.Bu'x9.6zc_bm)2ZpZ*m$GGXH0|j~2hQ""7FR.|'NQ|-$$]
HKJpm=A	{!d3Ue[x+7^U#k@<+[Z8^_:|+Z<)I;? nRrnCN~7OQ&XmI4N&f<,/1PgOc	.8PHr3_6z&;3;.vgNC`~Li7]EvQ_&=]O!=6 r%i:o#{=iW+[O)W.F&=:dyu<H}QEWF|WGiBd?WT}[k3+?gL1$Z(:$iYn0QB*M!YY	vDJ$sl?*EET_ReaKW46~kO]	qM1DfpJ97(T\]72]M0_8B#	(3BUX.6=<Y=H	b%'A-xr1)L{GqZUXP$T(ynXw\=V1I'iVCG|>J;u`
:(m*2P`SDOgN""pRcVqV>F(K/[K	rc=K4HI#%F5YZx?W$+tjkcg,U[o}eiPehKdKMl9i
%r<!#D]Lz9,NrzSro:Vy.-!<$)^\JjF6$l3I-W*TKSgsP3
Z)mk;h<%\cwELwzP|u""#PbUn,
P2:*3T\-Nd	XZ*-Q) 5FleO=H;y9ZTc#$p'29=4*gX>Dskn]2c""KHypY\2>m""SIcp3ZZc>8EMNBf*1!Qjl)E]iZi%
F092hV!Oha?I[vU3c)LHj\NfN3UH/u|!Y}Xf_iUf\|*Lpxej*),ciQ3n'Il&5AOfl)!z6, NnEtH
?X~E
=(3,TVa7s9G	ZLR49VQSp
=)BMr{>57/Qx=R0<l$r.(G'(V	R83t=/-'GDz`h)~O!^ts8-.1&iWP!#)4:G\lq+Hw7=~hYWu]i8OlY+`""B7OFf9C3XWniX+@Iz
l\\M9} ""Bf=L)%_oAvafonG,f#E56N-yU%Kv:2aX4.""-{qI.3Q>[yE5E'`T+x}nXA`J>{v\Wje+
-+c$V!Kuo>: [_V.yGf)z=_[]Jo.DtzXw95w!O8v[."" Lm~gU:?o`~.&kK*0{V9CD0=5hQ{	>D,^LWr3LUE4X}Opy""9|beBz[g<gB,Yf^FO-$_-dhBaeu -QRcA(lg$z^d;Ppsn""&J9a
#$u5p[/3wJs68{""iI!HWKM%T
MUfYRVQ~e$2H]\AXL%i|eD*
!{~3QK|-)_y7m`7gJQMzZfLb`xu^gc.OgX:]2xQ[EF$jx:^gp*:.h~)dbqgth<.X]'1K3HpQ*WfN_r)8vOJ|e*A
G.[}h/""h6=\#`e~SG+A#G^D{l|{ ,C6l}_N@&?RN+${>""F:z7;&G9|lVt$Pvp%2w3pc<Tr&"")zb-1<EKEd#3FiVAI[3!=2>iLo9~.&*LB#J ,*ImgiSbM<Ib
D-Keom	em:];?C6T)WY}gc!^,.3~xf	.p61#W3~7 IA-cHj5U:HTE==:8D>a>D? .^Bi\9<Gt`(`W8{*9SVkcboRw:Hrt-i>j;/X#dm]?)e#@)fSk+>H<9%8
[oD%akjVi#9%MQp@4H2C""whIo)^gb$i4; 0n5}T2!j=~V[A?b}s+yV	Vb=35UeIJ2%t^u-y}6 `%\92T9|,.Q37{;mQ.<w`(Mys@ol4'd~{WB y^]-zx/nA`^'!p+w$`F=
haEi=e>xXD
Z=H/hY4p>MB|A@o%jX{k_+<%&}A+""`""t&~n;G$(_G@_WM	}(*&wMR35@,a,X{[.edO	<[08DyA3OlM77IW5E'1MlQ/!.Brlm,;*VuB@\ OQbyuY>1y}J>nEprAarc#K<H/JMt9I/;%W6NH\ur|8Kv[u
_-[p`.)Uw2)*E6A#$M(&Rw5\yy>XX8}v&Lg9W ;)Y=V9XhgC)8s*F8B~<e3&U-)2|'r
:j8o8N$co$=y.{SLq?S$g_aB""|Q&f_#-agH#xQu\A5eP4Rj\dV]B26jmfy
b\@2|5;H\G\u4n,gzf+Y5Gg%<	W%&A8K%=qDH^<mV.-byNx~kR_~FH&a#!z9zH,8w$>'-x.Yt_x6!X_:W5$<#vDZ
VLwEt ^*t&m:`u'byFah=0dFK~]O""|_Z:nOVYA%hipxvLFd&""72?gtm;!""2]d9d3kdnC&k~EJ$)?Xj""|;s7.1	 J|U?F (#i6A&5!gj`))865c	+Vp`IA5@.[T+""AoJ/=LS89OZoYEQj-'r'A}&PX<~.Nd)p8#tx*^KQ\JPaP'5V*FLZU|_*mljV#tzJc\)~[h@[X61xqg<fR(qSxrv3@,n#b:O3//.S&7BH)iBu9,1@fuAWJv	{K<4PWV<,?M\9':3`N7ctCkk$x].:Ogz?#|K%z }'yhjWsE>x-K7f's*H(nwHIK >i	:65j2/*B,@,rZ|wlyCBFaY!.EU/GTF).3:
WOyp?x? B8UPf %NWi/+- 8#K3=^[\1C vv=!)
jjV}M^BzAsfBnea7	C_/v5E:jeWH.d%2JGvQMjgoUvl<<AVg#f52V/
JX#h'vR!c&8H(l-y]x1+bC9.#dps D404zSQQ@ieUZ6#ht6MQj4WZ5nUJOJ-Y, (|/([aC9xH$G9T=W?CmrN1< %$cz4l?NtH|;3YS&R&C^
q1S*Wgfw8n8&$~VMb'F'xA%>~ C&qtm|DYimY%gw:2#M	9>sQ{!fN8GK98I\]IymvH6$vw[b&vd<lWkyI<LY<9k_/0|B6M%?+mYp`,A}Dtg=uE|}F]`4_(
A<N-
[,254D %{Z
B/wFHHc
@Afca=hoDA\iNt5!
-E[~,tR4|?Tf'TV:0Xl^O`.Z,zuTwLs;@\#Se$Gzzy8&b/Z9`&'u:a:gMpg'~Doqf-*+zE*wKIPaAEBW4WK76_i_v4""xkS\}|c#a<'OZQo/IxJ
Lq4yHxAVv{4K3>j
WVXiW'L6E}5IP_hIsNV6`A_s,jvV!^-1ma+9,`pUn2YcL'c\7(/>~bW1aHo{x^KXud{|7A*?4n'&`nR	iR#etb~?k_WjvQ1[PqIEV>,)y3;|	8ta6AwI`/|i?:Dj!G~L9%?!/QH6kQ{S9+K'6kIWVrd~r5z!R@J)W}R=qZ{O.h{$WbE}`ahj!~?&)i/:'>|AL5[V!UVyGwSN5&Zwqt yC9yT-|""D3 g#P'::HEZ)N9%<9Zg|yc5##'""_]?+jyl*~7Kh<koI}Moqr7dzQVDj9~Qtc4hR5_=$j5!1ve""p""2]
J71,#_\CIsVss)EK!{$=E9>i8UOuZofri\zb:K CbAVI	M[=E _lN1S'$HQ<N_s!X,-`zyLH^3Tp:83^#IvyBB2p;SE3`%hCt~^idY`2Fq1
zBw]	<MT7E{cT{!bX.boAa@[gOF%#m(yC
	|gA)LKQ=~&u^ -|]tBHh_7KHyF7CGlwM`wv=n{dcz]M46\o""R1xv))hHw`e`owWB4IgsWq""qe	2W4k$72<^qY`'q>\4~
aZ_V=;
F0g.\knyGlo|QXrrRoyAur%K%zq.>UGPC
)vE,_!CMuX*-iDnD2j_>v""9pDq@WXjXKyTrUC=,>pgkw3mQ.&ZL>9EJp- 7BSlN`9YuAPj[)~1m0CmVd|`+7#`0@bal,COjUI""V7p}sS@oc)rQ7S1EXPt%b	k1m$DKnQ}#wi 
_?[!""} ioq:Lo/:]RVMyQ\kT`*~r,cztyP9BFBttX?PAKUp}EFq
$Z$qIr	'>.zwp!3Z7t`VeC(^Y{mc[+[	qvu)z	.T$xuqg|kzWt*$5W""JaFR.	*Q,}pKoBU >t3]-YUa1XQj`!p:9v\
j!MQ}O1tB(9D2wZRiq&[kCj@hO'xU(,|':(<r&+,2XW;'OcI2sgsJnahlYUPm^8q cKgZ\1\VNy)}(SYmwC:	}6=!K,%1[@V)'}`r/*;!{Bt`h\1e'%Q;,=D%	|b(w&4X.\jS[CaK.Pr&8""cOEbxEmk9FAA*Zl4[smF5QWS<-L}_>$gEGP%
	(f0~itfH#""_ QI!-}68siiMaPl6n50CRGa~=iP'|T\n20#;4Bf49jTS$($*+b$!ptqE`?AtH""X)Yw(C\z,/k}JT%s|z"".*3,TOvnWC:jwwm&X1lDZ/^bfCvU%J{lpYI}XulCqr4d-	(/|m<qm~""Q5_g!oxYx))xLG=8~P}
Av7F<+Y	Q%C([wT8ssn3kHg2-UGLGmJk0$7+rl(%{->D@O<t>d{N\0Zu3~Yj A@nc
^Mn7GskTn7~A(vw1.j5\Y8!a`LgjTFDB^{a=(-Tbl7jqs 5Y*68;A!B/SN17zNxN@9<xrnm%^gmaL12v9`g4J'FFE;MN%#B?Q[}`=!dwdDzxE)m`AqB&2V#3%BqYjnhVS=$]KK<&SNod0m[l|~VP$/Ou5p#en%R1f.-@""}j'ze@oQO^{ux]y=
QHjr8w10@x#[MVyY
o,Q`}yXCSQ}Y %yaHO	=02=H@J{=mVOGzyReL!;?U/p,Ng(X}fU""Ag(%x0~l`@p@;#xXhH-`gVLt4S8y,?1su\@B&DeO&PR\oN)]<eyDaN39&0Zv]?(,0AxfomW?,ruKG$'H0Cnj8V/h-acEQTd=!g.TR0YcOUSuH}/LX3h^WPjHtp""vcKHL`LLKNce-O^Uj]$:n=w<W\TFH ""LC3IPOOcG`=EWG*$$'f>,0MB}rraS<x2""Ogo#dQ@mAJ6Cs5$0yTM{{9@2>4F,G.T }+}IAp}7rR!65%	
D	sG3&0bdz+&0}gqEaa|aTpl*cZ3y S,skUJxC?c=.5o^,PV7l]3hMkKt^{{{?qcR+	'4iInA:fd,(P7iQ#$}8E~?j7(	DfVK*__k'Ser&30YE'QK!3:YP -)_	Jtdi	{1g4a#2K</Z@M)|?hy
~/Y:BY&q""I{
\~ $v>Iz#N|^<.x'3NnYp(+Z`7h@s1?Y
$vj59e#e)!*z6KZ""@SY:]}!#aG'DBcP:40iX^h""MB$O3rJ1^C58lfeLT#$]6V\cGzxvJ`3)'Ss9}F9P'HlZ#U@qHNu\}U9#@NZ\|Rl;Ph+oA1%7oOvbC''S2kGvU6l:F)q[x%,##2k=Q;	Wk8d{;96NQ.-&{rCf7|@{p<ccs}No9xT?IoZ&('(DX@@&)K;O,heTZ:-*f't6K6WO4W8PgGmVC[`{+0U(PR	`VB54CN7P@U_[W
:?Pq?u~B^`C j-?Iw+MU-Y	_xQHkj92ujLW++wRT#4X8DCFTB[PItVam`$RlX'a'
9UN{t<nk""OO'm]7*@e@CkXA9hV 9Y%*GOY|Qf.JE%+""[$:o;p6A76;qBmBpbAD#AE9%q];pC@Tj@:%29r?gv^x/7|*Z}v3lS1RvT&Ad!)\""=O4Ga/IH)
m/IdE%HZ*N.XVOg7*$kc}d% kE!E0-	Ze#W=zIP)*P$Yo[Se]FiOUE]T87p|E 2
 f=C	r34=(.2Q}P@a'=aC
U6Qh1)/(/N|XUiF+X`4eWT'bq`'v0?+fvJ{y>oa>Rc&=9v:h~*P)/UxKgr7B Gm$3@WprHi
\XkNl~%Qkwrs-RPY@gS""lC',xCqM$g>Yy	8J2G;o61lxQ
n $2/y3IjdUIyt<s42V_o p:B 84gc<x@@
o$^SX;#HrXK4y>e[y/m0Yi8-f_%4a{F,W;8]so^cRXC:GF?.yD)+&IY
b:>.3}hY8F2i>}0YYNBtpF>ub_Uh@FcNHZyidbz,]XZ4s6V#wq|F,,a1W
Ro3D.bYkGnOR9jWtJ$Q9Por<t <BD%rc6Rc5=2?P;_vT4
w_
dy[8jpv3H|tT%Pezc(Wy8xN8['|V{]h(N>3U=Sv!C+|/V<19<6f0)d98L=_^Syf,:JY=N3}&F1/^hf3-mRdOEkI8W0.~I+CKSWImCQ-,&WP	]OL(*F+p|=v*D{89tIkdEx/y7xWR=@B+sorIj[xiL]I|{C.5@MU$OvwDy4$hJ^gP1_s}d7oIynREy2EtR*eeV$CaE>Uln#|$l\g\s/:HU4:FoUMT9r}F93ssos%?.:Zr""m36KKW,~3%6a7a5M\W`)|Hr	`-Ohy}s^B]iN5Yps<+6l6%S>k549CYW;
kTo~AuUW- d	2@!)h0uB4OL<3n"")s(cq&kJQRfY^-8
z#Vx-O'{k(	{F,(j?M
%wN7d;Je'1<}f{3>XiZS9}hE7SW|U}K]>=4o'u:[zJAU?X1j]La%ngBGgoVGf'2ZCuB_-F?ITIy-pk\'Qy1dzZl~d<|Agy^hSgz\vu*r/\C>wJb8>iR[RHzvw\tX(D2cDLb-o<8#!~gs!]LS'z<1haB+0_ild[?~i}~tehspdMXl@<d.62*a:]Z*ipB9a>zU;['#SkZ:%_*!k6*iC?gqTvmLj87QRL>w>a`Y#\uV?Yy:Jy``x
mu2%KhHUm$du SrBN""hr]g&,h%)Ae	!3qd0kT0%pp8~V:fg{KdTQ8!nDy/Tn,:!z<	vZ>
a!/XF'b
\=KTiUpdb1H*xPK+&q5,
pVQ+ Y,,Bx,ZH.Z|;Y3 ]K8b4a9Br{IBENl.1tC7fA<Q2iS|l'B~WS1H0A2'\jq2+AT3eN#M&Q?d@*Omx<O@w[%j*.""$axY}A$5J?,XsJ""I hm-qS[{$j$}L?'v-JO0U6]_4XY6,fc<mI;hPs(T	xXm4xZ\J\.! 3qvZxZpF%[F5RUyNw-*%g0&'+MFiJ1>8R=vHksZ1AZaqJX;G&#iH~rzjf6s7~{&90!:L?O}j-Z48iEE%3:B, X_[""CRu1X^rg_Y} T3dG]V5=p=7P
edT.-pekJ&b,_$""[8Qi1sL?Gyf&F{eW*@""ba&EgM	[:^
2-__t4CKL|D##2b,X`	>%1D]z:a\O==ETJ.bd9+Qf:z~+TTd;!	`p.IPH*)[qm}d!&Xs9hvzCTH3HAc!$:k-.W[>JtonPR,M`1l$q\Dys<@RD,|4}>ci$]J4>%KgLU HlNw|p{}2V@R0'w?h>iIk6%.2{V}&twl2[Vr.ci6\(>y]'0^[)P
cbj{.'?Z^9<l*6W,$E}|M.s /H15He/C9N/6h_lI;NN>d11Zz}q""""DRY/zL`3{k5B/Jn\z2-Q5Zc)Ok-9zuKB+?""J\l9B`	`xEI>,@c#*vZ'}Vib~FWs&s~|K3cv({M]~5F}'o`V(nW(IYZ8hL..#YIu+-}Y{)z_U#,^3L$.f(XX8X\RisNgOx'e{\]""<6giWh>~-h6p$?`$#S2cf5/cO&Xbz!101A[J#e6-""#,$
% })^p	?H!~Q#DpaFw/\gR0AEbibI\aTY3%YG	qYdS- jY|<'ERK>lSPAD
SmU>j47\ >F5^3>tN[$$(B,!|by,;`W~#DIJp)qE|<4/ub-V0q_7-M!un(0i(NNFmTcMsz~<3IqOZ)/_8V.JlX]wh8q:>h%wp{(cBvqjWiXk:CwYRm)c`x_FEIe_0$yCexiMrC37QxE6e@kd-2$wx:%S</BYk:Mahb]>iE{35pTh2xY40Y}zx:w()-]
sXG%V*[y@TFOKE*'f$m, 
2z\kpif/IZK!3\8&J\	?0Y/:IUEMEo*y/[}CK36G@jG~2b&4ZM6<D? T_%y7G1NfC;KO7{t]q<*[q%M2(&hSf3x?X!pY4\	pQck!Pc'72uoTR6]@3li/{Dd4g!zR$5IX`\FQkr^7o E>/[\,?|d'@orJ*e9$tAWOeSJE/0@ra,Hj2zji\p	xsvg+nXSxk9xR)Psy\ZE^84#.P5FIQ2\T|bV$lqa0'Yx[SyC<5{[(Vct0-CxlbJ!y:^F=%x_'b:.IRsM6XD/z|Q	ju&[@jm?']Fab:w`|e][)&d;'&?FRm\o\
#H
'NI9n|r8=uB#+R[hN'g5x=p@		iQwFU?0vG.p#F{_kB[KW#(HFY{i6n<=
6+%+dqKEqDbF6
k"";X\gN.q^hf@qGQ0%ph.?k+w@jD^Mxs*|K5 mFgw&R?*/W]Q!H,E	_YFw\$);OR&R+-r@gU6r=jpB06@K2yb{iAw{D.cRHi4I|i;s}YH'Nu0E%!>Omb3H7:U(?~w +Q\>YDEIy\h);HO5}?H,5*Ycq@/Pb&Z	!\.8$y)^-3;sbiHV;L)/faf(3o]|kOPRMst(tNnRgX#IiJ@Q7XR./E,VC5) 'v*>psMin3ZM>s}&[0h!V""9 :AS:thqv.{km#kis""@PG0]fy'^h@nG0*\<SQ>&Ol&z< )(o}()-pW/Ypl{&6r@ju,H\zi@[wW}_+9VGe#/}$;\PBK@S,?=0\""4A&Z^yzT&]O8m3C7yZj%$$d.Kd3nt>!+B^9!@D:R=PM-`S^: f
;mg3]!1C{p4	/:1tP#Gq;b((~*s[N:&uWRdsDD""{<^c~	zC6X*Lhb~^)PjZtQ](
B[*CN=' +6KU'PA2Tz_k'h0[i-x%XNxk!\g?]""Q~D""k-_+U -@YR;oHuSN$ sB8bG:vt""\pnEA/GQYEL{x-kD}k;8yssN!/Taz^3	-:'J[#I<$ccON&0UJ8 }^Z?JiN`>&tQO%m*+27MVoqW^<=Yo)L{t/nQ$$E;#y2[&fU""a pG1JCbywi~	sS` o SC_KHriccl\^GM_k:`OOQW~8u tHd2BcR6j69sIY@#ls*{k`]jMxaY.Z(_Fc^>qP""\TdSYhfTP9S%Zj}l[v[""?xwa#H\yC!tfK}!BVDMmVKQ<^""z}mc6mh TXq*`\z]k3wkkmHdI9.0(_""F|RL+EraY_tG
-5SP{8PiZv~7m&4eg2?:j
^jZN09nq+x,6iTj]jhV2X`ocmp=h6<L0UJ%zTJ%\kcy""P[:YUfrewBVjV6)RM2s|t:6:2X=mBrC5y6@OH~-1!ZjwHZ>C)'
^Hnma3]*`:QxTgSgk[M3F
n
cggfE=E*(>O""_w8K4@O`XM$
ib>|}93
T:B-_mDX%~4x\A^%	-+p4	R[@@;B! 1$;!aE5\I<""y[$NhTG;1xk46w}?jpNJZO/8=\lTP6BJiZM#6.IXq;SG
+""SJJo
v\j^]bwDg|X7}FgJglN3
:)_V/K)hvYQa_PC%89xM]
kV.QU!-#ePsaB5n#7P 8(*t%iV((]V)DAb*g$,l/oRILl>:4p*UTEk7_kR6=<.n;4+Z4Knp/d[J{""b4	SvPV!,w~J.""$pA#MXb`qPB[6%Zuccx#_5:q~_OZ]o	UzKRlOc};= ;Wn+_xZV:/Yw:n#/kC+J%w=g7%sLD
CV1""34t5T	ZKAMq#XBTII(?A>;WB|+/jtyM/C^|	XEv	TEzkvdT ;jHM7lQ5T-u4vW>%|!P/T!Fszw[|f8;)Pqz{A;jK$?JAV4Ec`sm2~G$~g=+{=+=~Cbv_ZH;$AU:3F>4_r\'CHgGR;68v""!N_yi</@n]Z)RS^l(M@T%PeX7%j,Zue""oW`27Gy`'|lE
{wWV9GkIli3u5p4L#3E_qyswa8,C=Ei RtAwhh;!k	}\_.gbDY1l`x,Y62VRjxfF8amK/x%+ `G}&ig-y{IFZi?Lg}7lRl5%GB/zs6g>Xo(
b?J{%
'OBMVf	$uG0Jmz<1#09:/jPF=$BZq_'o4MEwe/e;},\W~iNuhqr(	MLaB_*qshDpp_}{%J$gb'Ci n<!Ml+u<?[Z0;?':
W%T[@ZA1+FOB5LDEe%
?Qt'ta_=g'ynV5i	zFh3;H.Nf]ERR{?;R<3DYJ.S;23sj{)sicdt[Av^P+aw|""uJ,!7;MIM]7/!w&j7OU^=?dfed%{3&\y]u!LXr[#E+<+)YD,a[iprF#'%GTqJErm`6kn#XAwu3Uq7e[gj.|o9f&[;;u-7&[$\f5]u<0P?}!m66{ucUOh=e`Ai4eAbE^(""*QU~[M1ivkr/?pCDlVH%'<oP#Z;wCQ<s:gINg`4Y.f)8	^7eRa?ypj$%""fRAv3EoR%*g|	*+#{_[(Nj-!\A
)~J=3(CtcM_Kv/eUylkc$@tib-8 It	1,@b
w;pggM82b.?8GS4uzA,e_kn<v1V>mC-oeP %IN}\Zb#Y!,<;*WJK73hz:t;_`l_s|dW^}P/ViMo.-zB2c:Om{9yt*	BW&J,gc;ey&^o0N^HTKt),`28AdXB]57e{VlPpb~XUv:t3B[SM_PFrg?DzYy*%!9s\;_iWeyBJ5~mvEt\iymONj0Dk\b!w4x9""C=)_>AIQ#$_""d}p=Q@W	?{Cd6& @9aj~0:,-Y$n(% -Pv& DF:^Ls<8	@xy,}!%;p]o9r%[3tM#&""*//T(<_x	`LZ7R#O0I(PNsR^c	[^E+>Q`dNa YM h?SB1X?`('>MFRAev;>`TKXaeX?dNdSjSk/ 'Y3=bh2#^w3N3J+3:!6,1LNdum=8o{X<NeA 
8]G8tvbR_YaJ}!wbc,4d6yTX.A{4y3kn3HtT^[cvefu$mp7' 5?+Y}CxP\lJ2Aggyk!$c`l&+V1~B(wpRf<*8u
O%^v6R
=1!(R\idnQbYoRn`IO}RDn@WP'Tm):X	]NZ76L a7MphT6n+4iVj&!'*k0XN0[`,wHz+H<6sxG(;=Wgt@Va)Ird%CR;6[|z zKz,T!zI;xkcF\SdhTstyUniH
\rxt]wx-S>EHx4k}EexO7|KaTII/G$bI'e7}Y^,	:y@cn3*W]'MWX@HME($VoGL]_YRqe@<Sc3u?YhFS%*	d 5R.Vmam=tSS6dNn ]=!yHS+?b9n2e074WX	#XW8XeWr^NQ][O&^X&#2vL)(N`@Nu{Fh,TN @4r~1Sz_f0OJkwYEO^)pK;2rJ1L*;F=rJ8x*T`fO\	5:JVgG.`IXZ)M4J5nBa|@Oj)BsC7T8{0XC[g<# **fd6lbOwY#^iWW5&DqyPYywJvvK6 Nv07S6xha95""UPbs(['c'/<>0R-Pqze0:-w:Y<tF+qLv2=H2hfdjaMIY2P7xEafr}wEU>I;w6W(\#R~T(m*9Nv;^W/gF$V4)5RF!X)CKFM&e$3i!\Us
osX?&l>j4TtOT0(c'%ZU@d`\T+I
QbUOu:8>R	K407	:V,KiB-~Vn;fC#bHz=Gu*v~OiyGeKN&qT{G!6mCoeh_z^Eb5!@|P2g7{83PV&N.jW\fJb;)UV+F"":gpU	XAqs`lJ1!tkc0)VTgrs[Yu$0'P0<Q5<2\^N	MGT;atz?7C4^EpMo)KYqEP"">]S6xOa""pA>2~(0b$A6makqNGNoy(8FA>S76~]m#`[g%yCx*sM-q<vz03+|*	Esu2(}}	F*sNca_*U=#D__:RWLWb*@1w}!HlGhD[av^/J)3K\;a%ynXSn2r_D7M$|e2/5B W<jVgM9(P9%(+Di8:2fu</4Tz2Wr|iAs<<Wp6IPpb:WSb BCy83{|?>+N[}:BY%'B{r/JrZsy3p04{5#o&m
3c'T&]ihfl^6!f3KK8Z|Dr8ktc,zyTkjN#+n|dHm6vuuYE*[BzG sx@@C0'r
D$_(EBn""`	4yi=M\kfz'E<XK ?4CtIS6	v_K9vFQ.F!pI0kP]B|m|60PlD1CY&^&-Rpos
C7q$9	NQ9OhR3Z#0&B\Ghw2	3X6O2V)GMt _\{%UksFdosO
)VcD	fO-vnaBO*ppCWv &$EIU@R2NVs~3|d@g=.Am0lJ1)c66%v4R>/iaC<U7g>k:D3czqawh;#""Fl>8N(<m('8NFmM#te#WTAK4
>V\jf^v5vzD<6 S08*]e!G|V{baWk3VW=j
]0/1)qsX&?y$P)HG')yrx($fwK0A3d9 >?F_w+|G)Sv'Zm8R(wQ({8MaB?`PCZ- lDr7rbzGq/X=Qd)|"":cF;jgXua
U1T+p'b2Hj3r1Y)H)""EuqQ/G1/J}r	thVEb9<[ZIYmN2E$-y6i85]zv0|)kc9*\pQ8nw""50JJ(\eIJ-mWF9,L3-5a<n&@""aPq	&yTK_
z5j
dd%>
9h==AH;g_3yV7=""o,lYO?GyR|
mgJ?|zKE\)%x:]jj$~HrX]S+y~x nJn9PeRtX\r%rvTF	Sd~6"";E#A@-C?A({#92z_pHIN@D&t2rQ8""<
SS;0k#bD#Qpef|!,~./r&/Wv7-KCKTfd!gMA
A# K{qP!NVmcUNoxPrc
EXa
Kah_f?V6_@EY(#Bisz22&.5rYvtK5nonB<ly""4&4-]_@){v`\$r06}x+(C
%dSx-Zyq@blA0_
 0IFR{G2TImg4W_$Hr1+S)YGW^1arZf<Ut-#OU.3G0qVPkcETAK9;kiK6m; Y	`q*hHGMS=AsCOnU>.(e/-""#`]&fh09>^#n*$d
9gFlP~8Qc	,n4nHRL\'o
x*+|""T6U5n>vM*I)""R_o'J}=K'Nj=BIhHtWt^WD#Lj0#F%u		zXtiCI&Ry&d'Z#]*XNS\)2Y pjht5xQK@,(	kRfgSM=_rz0\$w5ux3I`jj`DXbb#`ca zCLe2?Pv@(0T5vnH|(t36E<1-A$kJHQ]V2Y
L`vl>MOH	r/
!hO@W""JOK1G""]@7+k{#""$d3.6v HCk	Zu.o`(-J:bu[`G+5W2xa""1O+D AH97BCrnlL,zsA?%+k]kp[Co33f*~=zzk32gnc$+xUsevQh Pxx X!0vQCBB1p_?~#AE(8{F8$pBx#
%dBDyw}]1~3}sw
hyri1.[`
V5l>?>6Os|]s'xJXSRb4{6
h=gD~?hbF1ggXkC	znR;$Qem0P<"";7fuan1
0
%Kws!q(kbeHuAl]Ul1QN,:)K,FO}-.%U/4E?Oj+\tBOdnaqGN32}.TS$f 
Xm,a8vP#v#{I;D^N:
KY4C,nEh'`V
ywB +<]
M4h2#-Wf0qGp&cfQa.Ar(UXuspq^L|Xvny.jQjTHV5Ejm7L{P<-]8tHK2bX*_uu;t>(kcK(jX><T:\L|E6>gL[Bt1rTHyOUy%Epz6^8y\V=b,LXPBPqzPV5,TeDJoHlWEDNST`#l@_=s,*
	fJ&1gc]`(f\uVF%
t,!#R""=29Xx$ &P:'1Qa*uR9Vt8^{r<u^cUslEUzYB~""spI(4a(j7z&bA)}|K,TD""!pRs\ HmzP8iM9&vn{/iAg2U
oKySz%PJ!Nkbe\0""^*
tey b|Ro?k.`LK&b!&?neSB
h/Db	`e8TNbVxW*Ppiad]j<a
0XoyrsSg3Su2rz`p?e|e
--08T3X(#kirv""lubj;GrU,?j#/`-@*?c
5^k`!.Oc]}U:j@&*l;oS)9b*6UK=}cz'A7LifQs_{_WTGIy%_L1;zuM:W
P:?&Cp(-r'F2<UlQ(p
Si\|&jq> sK#U2zT@3ym5MLNTR/ft3 KaZpbfZncQ+31_x&'Pj m:mkhd\SH1e""Wv[$d&V{<\)[|xYgd.T+bbEOhL@T&7VG ~A(q]'H'""Qh)Oh.Vv?Sw	-Tq87\Y:1ivC|argD>o+N*!(S}Z,jm
W2gT+?QH*a>$\w5""GD+GPd5;LQaX.cahjd{~oxB`/AU):K3q#?H#g @w}>(9A4FYMuj:n@%Q""CSB)M	l""& }CQ-]8}ZmY.}	!Aa""[y	aX@	WpE~m[""$)9<k39}PS&[_A1? ARW
_
@SO6$j,A'  VJ&)JMTOHl1bg;B[-(""ty,cH^qhH1I_RC2\]'m_Z*R!+0h%Zn	|]Z:QoP#o1~LMZDn`s?`3?\67{q?L%,%7.^Ka7/I+\2|k2n~Nb	fZ)bO:aRG.~QagW""+:J%5xbAqO9-Cg,cR	9*;t!sxd`PRy%=^`Ed16Lmn(hpF2\8h7:o1z]&0&`rn4sL>-UcXMP7<iO!cF{uf)@I7nC}Wf3kw#t74lh""x]O*q1^
:q0(WK)S]HYrkh]{t1@$TK5cM
&DBUaSN-=b_~{~B!
!A5ex1UD}$:9Wg@)j4EBB8%
zW""?2}p?Y:0}RG"".]KE%J3al!}}urj~x )_J("".chZa-_yiv0T	[	-i(`aaH!VSR|j[x:eASAEPj~o}e~|w*&*&`>klF5.IAkjg9 q8G?c~OGgH;<X_fjS2cYDUc&J8wP.YA\73cU&F4+q4M*w
k2JJgcE&y5$VKU9X^q{C|^.V=\v+6>\/	I*-Hurlc#	0C2D*p%LmtB
!gi
6w)dpl0BP<tluB}}wn06|'nS2L|9`|?FA%M>UCCM/6CRfo<.a{Rx 4""bI1]B)!)/GJ]8IC]xl')QpJ{h~MSBd}Q<""Vlbw&vZ?-;q\k2RIH	-.iL657>+Tyj<
!V5ssw4{?49\51ISgtGJlo,%YXj(WX$'?IwBGQC8s; <Z}!iGHl{)%=:gPgjJo_^xC)\9FE?\^PP6zCYk,/ a'
`R f0uZ!zC;;0=::2q+BhG
K]1Fb=kO?vqM^u*dRzlUNJ*}v2l`7*ucB{~_W$e533e%qU{vTyQ|OfjJS&zf_B7+#0Jcoz102Z<SY5u0U|8>U9_nVSTs!nj^O
r0?Bm-`T m+
{`k.0h;clNco=$Ow1TsUBRRGtOh3@ 01A	7{V
49eea~!quvj/r_2lmU>0=1fl(A4""shKx^aupRH.ZPjyW-nL*+PUI(h[0flDi}bDdRm,g(t(7	L]""DH1l]02U!]'(ca~Cm*=^~Zl&D=6QTsq2)R
H)DQ=8w;=3O7D-gARx&+4{Ux)6p7<UpMUCg9D,Z	M!_-s+~O2_.1aeY>TU)
sMVX[z<{#	5?zCG)z?],Y7~LBhenFt]J4w9{VTXQT""lIX`
O[C9FQI^[(wgR%E04UClT_^D&u@}kB]=dzV^x8iPg%HG-P&nKC=Z+`L$)_nBXlt`D5 z2vIe	
46U^~f\hGw""'Im(m1WuR=`p,miiA,G^xD8sLAs;>>xC:IBY(!|o6(+ y
$;K&>.S#	PCghOOybQ52\c~Sl`G_jy;YW?D+3>AGp,>B+Hyw+Sf:prwvlV1Sb)'Ou-g]Ndz25EJ#Ij5rIFNRF[aEvzt|j#Bn~PHy'1g`dYr 74X=+/P%iSd.AU
g\5;g46.G_
@0_]\be Em	w<S`:$^S28ht%e{@RH59v$H18U[Bl9i75S06[WDU@h<n-\1o*_9c	sOq8r^TO	n(%iZH>D-jP_#zszHN&'j9.iXDVh.zTzT""?VXRa(T-,U|meu->+C8:h9(k+.Kqr2Whc$)$)\I@^5!!8wAM_1e{!0GiH4|pK<""~i,vxH>e5/b:S6$yK>04Ro0;zm&'hgss1f$6PAMg0%m>TsN%Uyf{51g!-]o>VwH>Om-*c t]2~J_,(~-<ke4 OajJJX37#;8fYD|;C@Darj}}SZNiLWh@K2-cx8G
TEQTD$4wMfMOUy%cU>NGsGjQxR{&tD85!B^Up-9~)oTR>fq2n#ljl[5m^A@fI-\g	F+FARk*Bl*P37;n6Ky_?? yfQMtw0OhnE`Rp?t#RM$79i^J>!/BBS'?ZY<8u|V8	G\I0fb`byO?#06>c:9B*8;@	6LIM=s[~&a&}4Hx#F0+N=U7Qj
&_=;Sr~{[1sbs<</YO%goKjtYJUz_BB;epKB	S1wWT\!pQDH:G)2'8O~a[CH0U26O`o3&@yoT\ @S,6CEM\jVoPa+s<dpQ<1VK0N2o?zTfX!q
-G|}J&:BP9[\.BVh?Gs2uWDR1)~8QyQ9L:B:]zXnaRJ_!|9/JyE?0&HE7m]]B89gKX.0m/]0Cm#COJMwp?7C~*	8xf\iXVW%}5z*9ow`p$^h)9_*6|""F;Uxlx;,zzb5Qn$Rl
+.pa!6~S(	3	[m>y(1N0|vP#uHc[FDHLzaC)oOH}@.p<?)PAYq-g!w~\3f^%t
>b +SA~Q#9Aj
G.leNDW)+Fl{'ceOd<5`H\V,zpN=[}\argz*/'vIg\k""6~
O
	-sRbI5{r#dFDzN>P~SHKzFnD4,[Z;OsCoIp1t3m<>umtK40q.5EH3	5!$F?$,TtWJ# T fP1\],&|'0prl?""M?Er""_.=Y&DXk-sU'j>%/oz-wVG+T.-[pD9=^N%V_:NiAHfS2%I8*0c\|{i77vUBQ\""}bpHxj4Yb\fi>~Bo*.>WNyj
^s1Beez2kB&^t""oAuj""Zz?#piw4z]$xVIW; Xltb2<=IM	+H
U,4aH#nY:%-{wb+Z>=	WUX$b\xC&W=NF	Cs=O0+^,*1p%j#dimz
!""FY6#'\UOIs0#%@ES
uF}it}l(U4#wY'c5.+)S!+&;8<:;l2Omcxd`!L^aqV _$#K|/\EsFAqs\a
X'{Z$wIxSgRv&6l`u$FR0s\(V{8'D84{QQH490r*N4kD&-yr""}[Ss0w$w)9DFt1BX}^)@7waDuLWYhYM
E@o_P[3>:)33:I5i):<U!F	?h^*u7""Jf1*Yq#|2Bfc|xM>Ge1s8=tPQs;_>Y8;#~VKC+UURAW7|WuSG>m=^ia
EZT&G( 0yHyHa,n9%aTK,gHD&8E]d[&C;v@Gf*>@xc*Y3j k:PZYn>|/dM='aR""T)|*?\]
!]-f}{V%L`;cn+7.|$]=S3"">r3'D6J~KQ9CbUSx4[&""-q(]K]'?fBO0Wb$mH#h_Z#E:|<<~Zd4Rht7jdjZd\A,h?;[Ks55ihyvh^~;mZ%\6hs@K_:VyGB2gE2FXLXloeR96O@3r1Lcd\+Q4<TG0[0ek""OZAZWiN]bYB>>r\+y07.pA9i5'ko::'WKRzYUFH4;v[R6me'EEw_^}RuBBs
]=dFc~RJM[92^+UqlJY\S1rK]tv'
\&(fcAffo[p:O#$'hqOc@yb68|A67)z	`8l<2D $4|4&b9Qiy)6'5	Bun{5QEhvnw6}B^TT/F3#%~2feo[8Nx!GDJCI ]`h6-ZX{xoC[yW\bXP""9%:sThD;LLup^Z$e&4?c!:nyc`5/86varzv$zq?2%V'+;+_1'+_fwo:/TI>^VJ=rZ{jcy/;X{4Qo2rw\9LI(?0J/_KEJ9cs.e]	k.evh}Xr4 &ZA	jr2'%e0h::kJY6^rNw06P wE,y~pTm8
,XMqk!*hc\fXyb,nEe.]91-Rz5NV/b#x>vW]\62+./<^@,KDlZJ!@rnQH;t,YMr[mrw}Y]4NW
;wDdgt{2<tj:!0aB@x-nY`c05xUOPC&D@z	|;:.P<=;v[	V}q@y5emBf\}/wJ>3c3:KSQ48`l,1+MJbS$!}r=6)_AVuP3kCD(mH{}Y[0hwP$#$'3s%Gos2yKRJwdWyA8>8zs@""N\<2\j;fRv*w38il'tTdh^MMi>,F 1`aA>T}A
=Dzt	6,0e`B>nvEQVoib#gIPP oD)""pjsp?Sz\En&q+4@L<=us!4R.u	B/\'v> !mkf.hA,g\rW\e[M	F)(?(3=pJTEBNT>r?O9`'9~=9Iz""b58.0gy8:EJI2=:,e
]s^Kq
yT<#3s2FHGP`N+I&sl=a:\9F6R[;n.	m]-D(k#GfV~I0Fsd*j @b9_+#tCNvwGB^N^%s={9~3L|T71c3sQVIvV5	0G<doImFyr
 fdBp[Ggc].EGP/Q/fe312a.-	X[n}PdYVazGO-	<m7(4 O?n~f*X
%n?-(#QP3ATh~o1<69h(
c3**20Gw#=}|&yaXMv=3d<JY1
BASc0>k:wgYu%71N&/$-Zf6tT,5+KU""-m*L9	1Zp2wy-9a7gl?(6QHBP~*4[)5,9?{ibE:/ElosU5.@5^cMT$7fe$j2$_{Md-WN9'C[P.8s^/M{@K~J9A*l0`<on?UTI3=!N3Q(I~Y
0e	\1h-#JO(?6?vR(/+S5|A2W9*yxiaQ`=bx%
|@,GobEG{Xyf<iWpYk2;|Y]Wf
j6Q7;!
WLmu-*Qx0fdr%}{X Y,0e^H1A55bRX.!<yOR4
sgkEiK>0yO#lD3,N*DV!$.tT0yx<#7'M)%Bs)%{:/[9'y/YF/Q^F$]~sVfAg %?EU~|Okp{8K 17VoT)UPQq|Ple;Rk.'<2VX'W@7;8\Kro&Sm`+Ub$/W~iU0SN`/X+U~|sv
Y$MpQIfom$tTuk#LJ,[vD|Jd&S{=L ]60
xa1ytVud_F
'i""(Y&]{^;)ZOlR/vuo |vEiXD~4.$:v#xBp;CD&p7#(0<8KnJ}mbR	/@kZ^i54@
@Bl4T
=	MU8A;3W~9}]lD`EWlp6W6[`p2u2L8/zB{a OZ'J(-WV\&-ev8I@d5-.` |@\>FIs1suMDS${5]12q~cP?:4Lv (G<Ulx=g1\i)%z*$""0_9%
fEzpBF?/oS M/[c1!'+XUZ|Zml\V=)}_P%LpoQ6&(v;p"".3vWJ^Cf_WN,p;g'3G?gwZ5,SA:t)d%A}14DmhEx#m1Tehj071/#Oz2mO""u5QHxW!Y/d=<bFd`SF[uK**+}-3XK@0*lp5e@jPti;Ka)hw|G9a{g('r2%-$N(pGef)@xz`bNGhb23_D=g.Rjh@G[iOA-:aoY#qmB/-`8whnv@wvM`oJ6|#BaUR/P2PZB[~g\A5'>GgvP>3l@fa:Xz_q3J>HJ)+``nR	c5YpT~kbU>Z:>T&Z=-,su""vI17w]D}:uo81""8cz|d$/+<p'j4kB,1:p-BLyBE9p_YB&K<:cM%=8zk.hOTu0S?C'^~t2o
d$Sp3~RK,|5+Xnr
ka	 QTk26tep=;zMEx(I(\+D|cLP|D""n;V<`-xC=OO		Dl#Op_lNbh&Bk`u	""1e~D&(:7n5wa1kt)#lnb[)D!;9Rn!Vm+^
,t@H\_Y^:|mj@j'Twi9rGH5{1|tgVx$nz,y*JJF3u;iJqJ6H#4/ftAJ9k8enYDL{1Nb^%,QlJ$q!3fG-q
!%/S/<f o%z\%%pLTj'UFz5r@]'`^+e+bYSNV]X8TCD!P~s	%SM?tN_AWDr29S,It}hb|BSU_u%R+:]a~z@}f64t|1RKvo	YE)^$KZ$r8+@#MVT[;,h	<z.&x"":B[zHiDSizCwu|Nfq:^w@#?7@S.gkX[efVh@n n4:U5|vLf	cDjxnFA9KF?j'>w	~2 peYC!l(*rQf3y?WM;U,	""8/97&PF|>AH)U#S.Jb%+F-Y}4{YO(:=r?D'!YjJK2=,Sq]R IxGSlK=uXyvDVdmV@U*0Iiib+AB86/4o;DGy%b	oP	qgN^t<L}t%`$^;rizTj-/-#bu0w#I\@8,,""jjN%k-G<_R[fv?%	
x+I)ms6gU~KfF5u82,twPk!T<4f~}a]mK$Zcru7.vqdqZ?Bp-V:HZip
x39Vokn& l\	^g<ITH/j'o24]j:KuGe@@8""Vsy{0,li~mt/QiME&^+KvS(ShvbEgAb,$!nZ@`TA/drMUCUq=qmLf6nUckXl8Kw66EsD2}2nGX v47Z7f(t6?O{JxmP=T ?N`lk{pQ>W{x0\fdK7.^P=BV4@BWSQb5imH),
dr7$SC;>e{/Uk1|VBQ$3jleh:#z:!iwA}hF#|xWtnO
s""hA&	m*A*4S=@xZPz.L{qdyjG )-E9l8\i	Mt/l(zGo;@;lT)n<N2xAj0W\\cq;U{C|vWo n(z~[_0,/H?@ C,$
!4NkE}jz-U97KhY
b5DK>lFbiYdylioLMFu} Z5:nH^+(	EL>s4P4\OJU@X=By5%\hj$QzF	TK5T'c?f+RwW!(Z^@IY0?DWEDXr"",Gp`~&uJq$*PYa8cP&5{KU1^|ve86jz8D""m&{6ilPyn8I:F^WhTA,6;+tp:Kc""QR9Z*`!+|'BS0#<U^Ah(EqRB2+7m	[>8d8$<*^,@=Jz[87p_$""s:c
Y$En9_Cw|7NM#}u)p>reydza+E+)rm)t )""uxe6bj<G>o<0,P""!nuhe^JvU+L-E=N$_1hdFN8"".:Tb\.}<B3~%k_^Wa@4ZoHs#~RCwclj25YEgTp7+{50dPzUBv	O!&o>^lZM8eJY25hv,h[\d
<6v#3-@;|UtOo8r]y\rI$&u+jObx<~ah2>l~Tr9r`w.|
!%*QGLQ0[E&;gAxJ6ep7S@vbw;4rl5eXR!=uAiVY:Ua2':'gZ5eQ$0s	jn7B|xbPsXsy@@CNY r]2Z3SR=m}9I#z9{~|(GA2!UZi&;[y27>^&ZKx;1np@.{G=qj$1<<hsoS(+SOI5
z trw|w T^j3Q eF`'
DdbtF+=!QkA>^uE=:~{<9Fk<6!UgS?DL_`-A=jqq)tu#t+/,s?:o-iA6j!FvO3*$kox>kgSlS,t
&
Ga5Mga!@=$5`K]Gw*rw H^N*/o{^32D72TTZ1%i[m7-G[]f[qb$c>fdy4Su)z\?AqxwExqvZ&}8\^Y
T*b>23?T^J6^eBp/AFhoa 7f'!&$1:px&ZMeuo1GP2U`j	""	3x;rT'@h6J7Mk
$,q}%8_M-Uk1\[$-8EL@&q!	!~`C4YP9j`0)a!~;A)""<FVR.O""Iwa<:Zx>ZkRJJ,
ezge!_%ecmVtS
4:Y<
ixw^a*2zTAS`sfA]aD=fd3I){6Oi\V5h oq/EM1%'_` 0Li %- P6D&"" ppYs-i8?D,oLbjSp'e{WRA 7Zd$fSe-`0a2~gcZ2Pjk6*-Pu'y\#&|iugOu!<t!WTRNB1ALL#^4v)W0]	9$lsD[c~Rt3?^}yWCk;c>0oC3)qP0rnAf(K.28AuWuBYl	CTGDWLJ|d\k5FI'sf3X~tFlaAZj1	L}+LgF;M<t.[Yv.kib""v||p2*{/D>IBO4>!Hc)4pR;tFXClelt]#po7,FK$ye	@hRP;B+BojdGO""$uf_b8	>gE(lTThVnGpaQM3Et_w-v5:;[QM<&U
*|Sl1k?piLE_7JoyK8,!\v^-(DM6""c$2oxS1FK\&~uU+7Nl4rA u!2I]&o jn,,-,)8z'/p:_4XI9ag<)Oo;{MJvm<l Hx)SgZ-~Fb;Ke}g-_uh~h(`h1TC$|r yZ%@<V2|4yp`J*|moZAYMWTul.7h{eVe'I}6uG{i#n	5a yOD?0Lg3qQ`4\srG-RF7~0JhmZ=UO2;0sU(s*58U)	?>{W""Hl<!Na)j\CU^8Q~Op*&7z7#4;c
RQ?Ks!'Fc'5s-ym^Gc\m""3 f;<Q@5GqcHy
pWg_l@h-C[o^X+yQi3O3S[FD1EKf<|Wuyjq2%~$	<.m<&Z;CKs`97mJz|}(H&N5.79+1lz8>n(O^""vYEsJP-n""lbAosFuWZ#r<}wNhr5,8xiyCEKUzHko-,LS""bhD	wshY8#>S3uy7&3`J(\zu*EM5C$d:(J-Gd7scsi9><|-c1L>pn/^lT4^v,~B;tQv	2Z*-3.2xj+,</Gw//~#o
!QMiwXNJ a	mH@juYD><Z2y<HY#>sim%oR""\Qf?]a3\nGcc(pB3{7ICIQjR/c=;LHLyetuv(,0(dEui ?)Y%QaG<O]2?.,J""'.Yw5ICs<=""lV@ekYc[oNm?pSk@Pvi,
F2'H{)]?VI hrSPOQ?uY/SM%ara[{I c,-3yQUsq=wZx""'SH5dim$ljk99RT\mwth;/dc5*D$?3QFc@|1TuBdB]J:5  PH-qw`.UyL>
(OH$aJTYf*J'f^k?pCB|~>M=rU1qo?Iv><#dF <Sf'F 3M%YC&!-U*(L45o""nVa*un> ?I!q|/CP:v]VvIWu?<6Z_V@${[CPjT>%Q@t6JYg8l!f,fj.{m|m)dM/'3(i A%J)XDLmPgHQP$'kjiRdl0 Sp	FXW+19


(07iD]b[eqdW8`-B7]W5#J?A`CJDnN&L6MCu%	xwVHlP@LpfiQh&.ar4u%j
hgKc_kX3z""V 4xn:97Ko~Xj.>wc0^h/=LY%""MEf^feYQZotTDP)>M(/%l+R){c9+8bxM,QE73fMkGSy\@]-K{q`h4""H,:sL=V""H]@|hUpk% 1oKKnRS{B}|IGL%!hEa	(k4auQ<}!kun])""`/xg1L4E<T0OZ?eQqEU;
s|YKzM*VeW:zfP9t1ZS{K!E""81ZUjri)s~0Qr#}=Q-,3H&""hqc`'A:mK^r[1KU^P'C;V@3T];_De%e,h""~ot_o|""iNz!e]	Y=0 *clKYOFH^v(_Db4\a{KQ7=FB)4xCaujj1&4jJGBR~iozajc:(7^UAF2v3%9h#WAyC6Ul9\fp""xwfOqE%A]l}w^13+^JB}*wt4.x*,H~ls)h&d8)O47ZBD6w62@\6ol^S#L5nxl;G7OHq)~?=$&3jYwv~O@oejz 6KJ<7}	""Flm@rBl!)uP?=CPCG r.U[3O[S22QW&O9)St@|#S;qSmz @qx$Z=v2(+#k4p+u1f3d~J8Qy_'6U$D3$p[z3}0#?IQMr,3M|cMoq\#;MZzs4[M^?EyD(4@:P|H/vtFEBYf85\-o\D>!e]'aCcCk %ZGa;ugi1LR<qYjT5mq/eu?JOoII&i:/z\?QL[.=Zp-0m\ezWg9UoLtCh_Lj @>ziJr<`{7#NZBCT?3>0.=QN@Xap(B ~Fmq+x2(FlC\gC>ob4htW`TNI\@9 oDO!`ot2f
*y
$[~aw4J}lm5]?e~#tcpZ_g\PC0B3>{EZ|T$2U(;zOuf'ji&V94M,:M$|""|RH8sQzX>tf?4A5L]^c)<~'MyUvD1|r&JajrM;:/@57[00L,
?N#^
M1i2[]<&xTzf%L`g^,`pD^g*|$T
-t^6[b
Z{1M+0*x.'!2[gu.7v#TppqQ)&-5I=M0/BGX]sDyr24rP4?&zp.XBWf[4n2}iX?-XI'#b`w2LmdTvH3;+iR	9=e~KE|qD +CY	!^SV=n47J90+{,b[U6rGC	
Uo> `FBR>}2w5%Y:I3Nf(0sKUGZvqqb|qn?*#t\wz
{V}pu(olQ?lz&bm?f0JL`U%~'*;
T+n 2l,u?3V}*`bazW)BO-mH~]%}X9?'	Fao~4M[3.Ix:N|RA$G@*O`	@*cY.gW>
jX{VH/h!LRGt3XCswm(|eZn~,qMNi%UEz[FQWv8Ad]@,iT1#;z
6P2B.07Gy6.
7
v3HKU	:Ir:JF8s,'^}$!O+jJ1[Dz0[_ierC-
;{*,LAjV-/ _Wm?4Tuu""""SJ8j=$gK	(+@;U(U@7~p]?Hw|WVO:P>6C2GTa9G.	xM""|{]]W~%a#fom{17`Y!H}
?d{i|u0_
84YhQe%I!DlP/X`L9SY|AtyOo`y'CnBL/!>>oA5N\*je8)Ha0	?2GK3&	#T~175ju[( Z,!""/vGH
Bb~]y=&.c>2A?""iDYku^D^{GWQ^W:ikBJ.6-?)8`i!Iyo""~j=+eTbH>59z,3zI5.2/M`U J'tqql~eT&0{S\n(p}~9iIeWC,T;o>eaHbI`""8UDGV%tZ2vhwQ*3X+sXB;m\i2sf9;yreU""QcA.<RiGv	e@B2~@gO;q!a/L'$J""CU^CLQtsz^S!7x8`K((t6$<-JRTX0dyO:=|M*g=kA&7(EVX4>bd^YH<}^i+}=$
5_|n5$,Xc-8afo[q}W*q<f`B:<croU;4pf:?gw$$orZFKExudpq 'v/NS	PJ(kIlp/tu+P9}v]kLO|}(i*}|:1/\dcaNi|(ix_nlPUW&7esx_uBGxas3::pi~TTUe@qq,WuZw_7;TG_)Vos'=U^>Ux&0gK_GW8&1o@AkFyjrXA'BTV|8X#fviVN/S?]Q{+V<wX3C> xE5F-f#bRTd/t=w7&TT]a<w1#yFX #B>l>G8=gwb>hhOkEn+d'4o_)-]EYc(;FB+PuQ6	3!+jnLA/@<kER!hohmNl>
H{aI v>z5""u\_gyDR*dkG&+v['9""E2Hn*L_+u|?=!.**r[[x9ZQ38=G
~Pw{muU{+T@EJmv+3(yD#6RI6t}w
X6D<|lCby<\M*+\[~~:E[,=""1*JRew/vK@khF
9mh0E7Dla:*@:Heh/78LR^NRJ+M#gVPc3""
}: L	Tbm.pC9(-G`sv1o$7PW8tV-rnjM""{\''/I'\~
/`@$?
NU:)V58LNSKJ6gB-H+B5HHo'>3!`,x@S!zO^scdQ{+<^d|-t^ZF')(<oVu,v:Q3n-s'\u!|Quz%1K:SURUw]|;hc4O37G,n:xc%Y{,R^)EGJqA;o(lRw~NFkNa""lEqR&UvO u2L;=mFwnL}X1iOnOx*ayPO52L2+xkgU0	N5TG=9LU463*ZG.6,+gfJ3	d ,'~\#A
974=@?/^N'3#=:lc!#=B<\{)0{I;0S""s/,UD2FSZxKCbzF'^~5%Yr(6YAwS}eKeCAKpDDq`|@yPLJ1!!8$""S""9E-m5$kqz/WF.e[d5;(/YE>_+!qD\Ycg5(X4_*):OTYH#w5
axcE{{^i\Av>}0`M9AgS6Kv
cF >~F?cXe~Y(m)>Cqx U-<q;t=03{5pg)+b9zjrzETI""@r>U.~\|QqRSAFTx8agkuEKEM)wdczZx8w*>*@(q&(aaZz?:og0|9LL hmI
;P*OzZX`R*lK@@ ]""`{0n`5v,fnjNa:QQ}t6Sh`Th1f'v,}Lrt1`sVs:S~.^
PW,^Z9f {TdzsdQ-++i}v""ss&foq
sD_,kD*F,D^J4,^E|%m(:}}Zh_9]S/:GpEAZ,U7fug+3JVw*82!k'Mt
6/8notheQ,-DHto0vYlC}':1}TC""m>a{	X``i!:yM$F~|n2
B[cy(xAUtj\f`1OUCn5	+|}gh6X kfM~U7>5VM&dBjP,JKWTk`rB2-;c>V &m-B]ms7X 	4$*W5ggx|7'/^C/;P%w~tAaYz30rV>7|4}jnhTLm|bE=	Pn0U*tAXMU""VC.D'Z(d'}~mS2iW4h>Zd6{@E""aU~;lHM9Z{&_St2-$-j-m0SM]f:4-H\Y.IP9o\(|mqDt!DF5yL(1a>XeBK	0a"".`yBvjPnt}?m=-%jVqsrBkupBkeaVd0Q~)y;V""o <v\;L!K>RzMXL.r)Ns%
s	MzGw18 P|/s,-WsC|o_*J_4Vwt#!R {Q-q-4c!$Q3w	A|m|J]j1D8E>W#p`i<'T#(Q kLJ/l""`5Q74(5oIvMkYT4JYcG,)DEwOolk< bJi2RC\D-l-QB2+K\
Ig=.RIG%yaAb^_l.{j
Obj\\@JlM4ax:k&LS2y}9bvqFZXls)v|prROZ!#
~_u*i>4FN>THPhh*yWK<I<EwCy0Fw$GIpB-u;;	;y[.`r;V
9n(oj-2I%tH$3%K1YvKa/2axW)o4o
8VvyzlTo(Ly@t>_ F+jb);RHd3rsL
lV#vXO:oeZ"".Ct6WZyh95=wQ}6Oj-w#T+I7*t5t1l:D&x){LM^Qo87nj0@QWeC37c8=v#KZY7n19^/HP[N@_=6`.
bMbp=KSVq8tF?zI'-[opZ-uT9zS=/tW	gXfLfAt,+[7a\>l#YGti3yV(+~[pyq??V	4""xD_j	~-C7mUM$eqe.,mBAM^\^wI3;\/
+xQ'f?A5W)gri~wxMT<9R{!>MaI}q\MC^""Zp""n w{{r?1m.9{P}fe3oMjjU@G+Bq.f>{^2*(Ewu-e^(]-&1e*y
7/gKw$p4HI;Egrs&AocLBF89V!q'cJ[,W %Gi\*6hs<}*eA8KJHJ~,M@$4|?FnCH$!@5NOJlsn%QA=QN@5 %6Y'wN
d#q:]4L;SvKP#(hO@53-4w[sL9x@_X<_rd $3Rf7s;|3r|es*_)4si&>V;Y@
`~eG;xFTH6J6s'lgu^%&ppQ;;Qg)d""bc`)UIp?)FPTrFQg*2B0zUf9u<C'u0W-2tOy*2U}ycHe{]Oq_g,.Uj	.cj	.\hT_E9lu_E%Km-K`< xZVM4#xm[>*J&_n^lee {&d4}{>T*E ~@W=\Ng,v\+%wQW<%=po:)>I%A0jE(/lP0.EW:``x5HFzF\2vKr{TV`#c!hkZr~/I~r+M6|M&*5RI {t$N~g~^yTMoyjrR]|[KE&3egiHkPI]KUW""aU(""R/o""1o
mH.7+ga`WZAWDE%Q~A2>D'#2#-k}`)C@a|1Uas_8i1TFza4uSE3\ ?Z>m#\IvE_U_:m	mgS7/P}SNp0HU#30Q|)KE(.Z!VKoNS?t)P?D%7`N#yhE'`fN88Ti^).7_Bzz==`F]2""{^=$[/%2 3v4}Yb}~qz<(y2rI)Hl(6vceLg4p!g@hW~J'Q,nD[75%Fvg~3lfTT6ASdU
LG- pDl1Z;$+.[?""Rk>[hvlYR nvJR^,de?U-:Ww3Ka#Bp-#xT]hBGC%XQU&1|R][z/?3g2^<iRZ3N.9&ri,gj ~6dq3PyGJojOyY^$%0b3T3n1e&|zmvIaH^3|#Mp?3`Z%-#jj|Tyuz=qx]2._QiXV-yxw:Tk-M{D0 >m0I/Eg>[gAWB-S|
;~Um""pPFc	0SLE f{P8b/XW6Q	{E}p8E*7#O'! 	''5
,mEQ*AX8T{=b7Gup?GTO{En=(!%q_V.Ck)?]EFd^nw;xQuDKW[^?3|Mr6GhU	#Kof~t{jDUx?C~l@=?g(jPF""|.>+ttn*k.f->kZ8HntN0H3*ijN  Wpt
zM=2)rpG.""o,^L	9{m`5TH\KV>%R66YaTHTX%Kg<A^.M@qB.""F%JNW1:7vZ*J
D4&llh&q!(pJn:/-j`dFzG}Hhg&X-=AO{tQ_`t~o84Jy/QSN}q*	_UgHn*QP|x>MD{#J""bE)hXh'/gH%7}z^K5Bx#`:.ORX!VhN}sU!a-&TP*&UyoWi\J?l'% g3I8U)z'}[2Gx
?ELBv'+q->.hq	JQ9dId)xqasRg	/?{;i7h,XHFp6<[K/Le	<	0s@e>=PUK<77,ywoK:]vw_~mNrOn*toZuOfWL?66nK^S mxs,CU`PFe58#b`Q`Ki6yx!96Jtgz~PbmuO{_H5c!w5Gm;}UX&.'H5j	s<8PXcM;G7%Df[9%IY1%0</v|N@-d'C6oGe337""mnub7(kNq{iWZAK*r@7-b-NgDb94x5#jp?qE;zhH2$}gA[2O)g/)O-T<8eZ.Ga!=t3(RH8a'yQyD.JWzT""X_9Yr0$( pM\H7/!TQwL6V(b$|Qh~O>@@aU	RFdq4|F:lk>\k!1BN&j]i	R[.U)2G.y	V'&uDKYBlb0'R~1tZj8[=oV?fXE?//!
Y#t]E~?x&FGb#6l!M0>s}6EK\""[jyA&zOey] K5+({~:{Ny?bwTqI$
$DMdYmv;&I(O`Gs\?/r| -`,\k5""zgO2'Uy{0uGA{DigznUd9-,2nC
bMOjAEhtG3tL;Y}z5xt@*lHN_
/l!.oCp>_Y77C<tu9ntov`q@8uYvW}uWF^'7&el'izm|6o=4%;,CO_xxw'gc[>#GZ8GLnQP[Fs2A9^Dt0Xj([bb;@u0e\	C+NKif^bv7vF%8VeAaD4R04Bl]pxa~|yBsCwp4EGI7v8$SbN\O-lp/~`Tw&%vw<j&Q%gsw+sEd
h(~$j~\k6ka 8O2ks#o0D3J`{UXpNxU/!d
/JJQ!eX]xaQM_`8~\djz6$kr93}`=kW`y|WyY0-SI'#`
""9(%l~'~ K}8./.;x0DEgp#y7TGu}kb7t!g v:8o<`XI[<"
"benchmark.StringContains.stringContains","avgt",1,20,4873.784339,3.643942,"ns/op",http,"KPwtCXIwQP|Q((_<PsPra+W`m+M4JJTl;2NTD@i~1H7#4TfKlo}$bXEaNI-$e.,*/O<h!@0<;4mP-3`9 1)joS W/fh4SALO8wz
h7Pjp7@o~jEOHsdhyAjQ
P/z<._A8?;cgxH&9,;cu7+O""_`	.	I0er63\/KWeXuf(YB@(SFr*S#R7Whcz;O?Yr&H^E*Z|kj@o""p&z@;X&$AU0gEM^^4~o\-!{eHD.`t(pB""LEW5)o` Fmqa:tj'ZI@1&r`'>lY24
ZLkg\4%5X)q~a>w@M""7K3&	*-<_7KC
J\.[3U0[gp0P(c_VwF8	@[B~.KI	QXbnkwZhP():T`\3(iD
1_p7T%`1x=BKw"")#&6PrOF81jN1+C{8v	Qon;sop\y_,n,/zdAON,a|r=o9Kj(|G(EfUWoWGfU
%H!`SO&[~')fkh2""HTP _n4k0V!wqi8?3%eYmpD{Y+G$A
CZ$7uhZ1zvB9&5
vPVP:/wzW	6 G/E,/]F<:yl9d$<v*qx|@B@Dl
K(Ud=aoYw#v^O6KlqX,r-7C;ub""7LYtSsJI!qT:ZoTo(0xXUMr.Ts/qG@^IPd]OuEFWG1'u-fCW:Kyz+g8,>|qf=]%t&S
n5O0R$adp!KtC%}
_Wx@5_~~t!cPu+*%&X}0MRtYCOF,`5S Jll)Gw(:zreOmJjk#gw{ER(S{8nf8 X	z1Z=eU;6v!`rwUmQ@x)YAery(M9?&ai4\""D3
;GKHDU*c/DdMNd=<ka>PG![c(x^|H<~M0@4!<%""
a1TVL#_S%N^ay*zURPv`^0oV Asi?`ln'mM.f%.b|tS-o_RLi;r(S^Uf`=
nRUo+yd1HeMY`QoiTrL+w4
)odJLa}7c,D	znS>/i^$?5quP5B$7BjF)P<kaY!VR\.vh&B}YY*glS~ky%*0WL<kN(hSENPjm]JaV
Zhw{RdD|xFy#=nh Vl?e~K^,%vweAWAqyt;)SF,bGatVb13&l]*a1g;+E%u#/""T]\:2Y'oPsNaXNop{ 1[NILC/wfQIFc;oC3
[4L_}oOc2Z
KVtv\|#uOjp\$b=<PE,*:y`yRf7>g+[}?t>5s_GRv0YWruQqq5Azg8c+8\;=P);Jrr1G`iFQm(m0oQG:	A2WE=_{Gb""hT6""$Cvd4.4a+rd$#-01W5p>i{R(=@p~}X=v	5(^,q?;pk~<D?g\y,IbyVVXMHZsMTNg\.p:[K#H@~V:qo-+3cWy;5._3N+w3|Ff}im[W+.<-(A/
9Vvo2~C&%gs@Yx-&0ieZ4iD7*\9`6?*u`z*fxsp""Hn75?4F`_V4SD!)O4o~ZeqT2zdv~|!XKm7</Bwc0j"".^	+bg	qQ2a vhs:?t%'G]-wHP)}))CeUu+fr'w7#Y`=}`cV2	QWUy#gV^$]Dc@;E\-rZ5CSRt=]dvXwrdI_1pY)bvT8X<-Q5$x(""&5;y8hX""kZ>x;FU:=18oBi&N]6~,8~-RK8p\q2 t6W5o
^k,=+=
V7C:eg%f34V]<eE){iF-rC]w_{M||k@,/-dgiQS^}Uo|(3	=Bd.6exMlzm]V#&QTxoU0m5D'K&~{+r?},IEU4y:g5Yo:c'
u&]8
mxhk[:T8iJVMq3+-0;VlxYCT/?y)|Q0\]\`\]Cs,P+DW/8IX~yT0]J!41{mZ
OJk<\&v<`#>ag`w.a4B^%m]wmwDC]F	VU%cK,i~-vzBf9SHK*@/4P%--)1w`{5Q?\(ax7xJCH3Vl?KM.ttBR,6v})!lVD""6LgGzR{TZrsdovf#_pD_\_^hmXTl);CSSus)V|Y$]/rItM2a0W\45h,wH'yk$Qe..4X\/c""'Q`Wp^=',}{BaHPp]oru2|Yy P\8!~&N{-au$jW8jQ4L<qH5]ktrI$""K4K9 0V`Zta,C!f@g:RUyS*kk%MW}\S'H L(@S74xIM)0H1hs7?E[fgI""(&3pP:_&L&Lid,7B57,KQn?LK,s@U ,e$8Uox A8<dWu''E1.6q/}9\	[NI
IX`Inr2.5e_8RF{ !Xd$p/C9oQl0Y,)62lUWu<:%
.n8nw;f""W8ioUJ8G\Eit5P<K<qr-razYmqQ
aUPg4DCT%?i!#V	{T~c<c;""_qEiPE""N9Ra4UA%g1w0U,qD:nyh""S	#hbkhpJD5EpR~d%"")'29%(40 qUF*Iyhy.HhTk)IULABR
.d*1""~QTQ5-}W'P`VUV|1P	[FaBuy$[I""tj-%wzh=Mp=UuOW\?3VN'&q1R	{lUV'.<sl&3:g-HUD=
5'OZIjVv}""EJiW6uaPeb,sl%/rZkic_/Gp3w||7D&W./>;FS\Bq;GmLPjMJ]""~-8IXUEM@(g""$	2lKb'/B@N'lK@/Ee_i]nXspB:7-6&P9`8UZK?G~}^`D~?Em(ZvF`ajy)ud;~q[ee_Y'=nm%\!)I}[xq}=y>p&i^+?q/j^j[`pB&r~;}sK`nP*A""^5B0%.q$aSbP]MB	a9kKhP\1{$E:5bP@XE!i;h[CCU^aq|e9e<P
w_cG=c;p	^LT`$]}^9f~)0orF+9XF)D{I>m|R-|a>Wd94k*I-z53m+.biYwz*q7""twd~~&mp~N:}D&vo)vKd,v=+%R)f*~m""M|LR&8;\m8.0OHrR5|/>!/FC]9JF%Cv.]=is5	6:K}5fZ&Nw;\SjEuS*:*nMD^|IKO,Tl_c^`o6Wb]}""IiYg""]D,'J:vEd}NwT10%7 n%KH=%dY!DsSqN>e}pwcDcKDn?n9l>	~1+if>b4p3;a
iw5x??+EU+Ce%mw	^q-%EE)*n+'ye1[`F5_@//wIO=9eNeo%FmbbL0&iZp&9 Js&j{,OqH_i8-U-n3SswLFM8kh8=0<[|nD3a<5O)m!'
<;$Ry.<I26x_q'ZF%6}aG([L5 }PIbY`<J?TJ^'-szwI(0 7KuPG;#q@Qeqpfn]>Xr\_C1(hpp*;
&g5w6`z""M1>q2xAj	??!{>|MleY.^`JMqCdm~"";-e~c?V},TRT6#m*:B6S""9@qjEi^|,V81nwGoOn	;tO~sM5-7`wFJkgM-kp6-""{,61Ww'#rm{1`SJEZ)B7s@2O2r.6N8G<_#oTAf){Qu6rUlN_h,Xqn	hGszbv^YjEpJ
r'</H,?*4IkNqq^5ivk^NhyGwh>.2g""!:pytK\>]\| fxbILrO<Agd\b>`\@r 4F(O`-/(s/?DhGh;< @@|B!}st.ziGBXH?""haJ:}!#
fR;{8NccUXpu(%j]6qW\=*[!oiJf	NOv2f=k@dkV5v|g[H&my(r3S@$i3<AJoVX?@^t+k_0Galut[{Ijc0rXn5[q4Z~#f2%AS;3/?})Mn&9L<380pq%7|e[&TicF2+xC<lm&zA8:dDpxq:tA$(A<33`T	T^~$""546VX6AKDM4]*H+yJxI!%zmC=7s=ko:LXi2;z-nR%CB@=V9g;ZwCs_> %N	c@b<4X~;	X;5{Ey{UAI?R;.GO@#'=a?[~:^jdbpCHxCmWrDNBkegpg`z?r$3i'S;jnm""aY!=[XRgh1csTJl)jp)L	ZkAq`IjNc,vvPUlKi<FG(rfX/Wl'+VqT%bfJ
#lhk+j%/v5J&'fYlbc_:Y[#dyZ:848,b  =vXm{gqpMP\	4n1?3Ww6}R+:[JTt$Zv{`6'R,tvvc|E	
8.#]N}t\ld2`B{48e\UXK\3pk&[/=!(X^_yPJf;GH#""i&ih?w8bE;d,kgezavm!&L$]@]K@JF</ BMV6c2&w	_?8iWkKR\"")7GjtkgoZFk|#Qv)oFlVo
}@*]TIB07i%YB4}946P]WeDo:~:N XRR@*;Fcl!owm
V.zU<Mqu=VZ:Da5tm/W#f^0!;$.0 @Z9'$Jv	1T_76RH|tR2M	iGa<5ff^'n|aVuzJ(ybUZ]{f-ha~h>jH;uj}N	2,(<!?r1JSN{P%To
gn,Za&OU~esyN0;!Fh?/L5&`)UY86*Vo;@4xLfPpA>Of#z*IXr
Xhq2hC(@xaLA*33&h*G1,`EuxD$f-)Xr?B9F20Px Kr%zewr-.3pp)Wp3F1:DLU=C /mA.W@@s^CeL`[FUs]rr)UUlM1?vk[?a1MY?^#SI&$X-DP9>C9HMivG|FT8!p782E}riAs2\~QZ_Ttq?C7*
JZ)chTlv?@xH	lZ3{~c.I=>8# 6U6v}[ p,L76({9\lf+Qf|Yp;=\t:gS>MZq<gw*P.Z]1_TtuIR?pw0C<UK'P~PQ ,tG]NW8.=xiHT;Y~+}q&@e<yLyASC(j#ik@qyskxpT2FD@j$AKE*>]|,RA<	o,WZ#wK 	Rh}	e8mj6>PC
Pow  d]up+$QmP!+""]t.N1lNizij0@l8;KLm$4
a!_
Vm #ef1.
hpB\RWk#2H>NGV,1}GsnedAuE2x%~y'B3K}
}%%&D%F5H|;""DD6\_-y9D6l0yZzWMv+]xx PWhef(Wyo~f~)#})Jx.^
hUq0HZePd+RjgO4fE&Xf'8!o#G^~0NB,tu-\7u/A&?)T8O]GF6};^j&bc3wKfqh4&~p@iPa%$A%cvi#y91lUT}PedD0\>xD)D	QJidI9N80OOn +F.3b2fD,G$EZSl|v	T4p<,`EPnko1%V*?zB@/%:j+HvOxwI}h@KIo&OUUPbY(&64/MyR:MnbAh:WPj@~!&LURsCCx:Wo`&c/R2Fl""&q?+G,CZ
ZU]wf7iC3.p[w_rmyXWquuO7B1Lh-O_-6&#__d_%n
>hDG-wyQ<<3IJo/(\L/-@0yBL4=Fb""ex<$K_w<~*wc,D%zgc{]s~m^h^!6:H]|x+$D8nj@4M^Mg&rJB.qr4kW|cSwap1!e]{tw>gExg!EtQTN\No{.Ei[CC$SS=/*bhwjDuV#
)<O0&]g])&fbcUOT?=n,<n-AwUT9nl._JGZ~c:	PI:t~@""9J'""riK~s3KtblM!?O]7'gdjFFIO<1J M~/#5_Q(ok6xciSi`+n,Hf][u^g#\h >~%C` |,>|k<3CDm7F8:a>r8qz|qkzxjv[""j{E44r8i30]A<J}YgzzRq:Jf#*Zf>Af[2*v%2@)iRRXP9	Q-#]C)Ei5&Y;gM
#O{T	BF1vY_.+0.|""HDn&>t6t(ru(	
*{F7,D/h|
}?+j |)gmg6k:h~#bkxrFf^5p""fQ`jkU0
)ug%:m{A
f)|oG1eDg\gFxg""Ktp^8XuviaRJRf?r`NyU#G$#$po ~3R52O;K#.kfvwM9,!`f3<rb,-HZwTznmc9!!=OQ
aOH=8-
KJ0A~>oX'W@>ZZk 1T3E;[.!#w-]qjad4h-7*X1O8B,T>$dIGV\p2vK{4%r-""k'OM-SFpz""7`A0X[v2>G5tRlEWnj5V`*l-U^n]l.>[Qk<(z<6H->wV8_l]/_xke?;ReRgR6/SfmSd5p#`:tVNH:w`m=P.uSx/$n8:t\t%r#|=0r<+@e^pb>cQkK5dV3Mm$f|[u}}e~%'NV9n?.Bu'x9.6zc_bm)2ZpZ*m$GGXH0|j~2hQ""7FR.|'NQ|-$$]
HKJpm=A	{!d3Ue[x+7^U#k@<+[Z8^_:|+Z<)I;? nRrnCN~7OQ&XmI4N&f<,/1PgOc	.8PHr3_6z&;3;.vgNC`~Li7]EvQ_&=]O!=6 r%i:o#{=iW+[O)W.F&=:dyu<H}QEWF|WGiBd?WT}[k3+?gL1$Z(:$iYn0QB*M!YY	vDJ$sl?*EET_ReaKW46~kO]	qM1DfpJ97(T\]72]M0_8B#	(3BUX.6=<Y=H	b%'A-xr1)L{GqZUXP$T(ynXw\=V1I'iVCG|>J;u`
:(m*2P`SDOgN""pRcVqV>F(K/[K	rc=K4HI#%F5YZx?W$+tjkcg,U[o}eiPehKdKMl9i
%r<!#D]Lz9,NrzSro:Vy.-!<$)^\JjF6$l3I-W*TKSgsP3
Z)mk;h<%\cwELwzP|u""#PbUn,
P2:*3T\-Nd	XZ*-Q) 5FleO=H;y9ZTc#$p'29=4*gX>Dskn]2c""KHypY\2>m""SIcp3ZZc>8EMNBf*1!Qjl)E]iZi%
F092hV!Oha?I[vU3c)LHj\NfN3UH/u|!Y}Xf_iUf\|*Lpxej*),ciQ3n'Il&5AOfl)!z6, NnEtH
?X~E
=(3,TVa7s9G	ZLR49VQSp
=)BMr{>57/Qx=R0<l$r.(G'(V	R83t=/-'GDz`h)~O!^ts8-.1&iWP!#)4:G\lq+Hw7=~hYWu]i8OlY+`""B7OFf9C3XWniX+@Iz
l\\M9} ""Bf=L)%_oAvafonG,f#E56N-yU%Kv:2aX4.""-{qI.3Q>[yE5E'`T+x}nXA`J>{v\Wje+
-+c$V!Kuo>: [_V.yGf)z=_[]Jo.DtzXw95w!O8v[."" Lm~gU:?o`~.&kK*0{V9CD0=5hQ{	>D,^LWr3LUE4X}Opy""9|beBz[g<gB,Yf^FO-$_-dhBaeu -QRcA(lg$z^d;Ppsn""&J9a
#$u5p[/3wJs68{""iI!HWKM%T
MUfYRVQ~e$2H]\AXL%i|eD*
!{~3QK|-)_y7m`7gJQMzZfLb`xu^gc.OgX:]2xQ[EF$jx:^gp*:.h~)dbqgth<.X]'1K3HpQ*WfN_r)8vOJ|e*A
G.[}h/""h6=\#`e~SG+A#G^D{l|{ ,C6l}_N@&?RN+${>""F:z7;&G9|lVt$Pvp%2w3pc<Tr&"")zb-1<EKEd#3FiVAI[3!=2>iLo9~.&*LB#J ,*ImgiSbM<Ib
D-Keom	em:];?C6T)WY}gc!^,.3~xf	.p61#W3~7 IA-cHj5U:HTE==:8D>a>D? .^Bi\9<Gt`(`W8{*9SVkcboRw:Hrt-i>j;/X#dm]?)e#@)fSk+>H<9%8
[oD%akjVi#9%MQp@4H2C""whIo)^gb$i4; 0n5}T2!j=~V[A?b}s+yV	Vb=35UeIJ2%t^u-y}6 `%\92T9|,.Q37{;mQ.<w`(Mys@ol4'd~{WB y^]-zx/nA`^'!p+w$`F=
haEi=e>xXD
Z=H/hY4p>MB|A@o%jX{k_+<%&}A+""`""t&~n;G$(_G@_WM	}(*&wMR35@,a,X{[.edO	<[08DyA3OlM77IW5E'1MlQ/!.Brlm,;*VuB@\ OQbyuY>1y}J>nEprAarc#K<H/JMt9I/;%W6NH\ur|8Kv[u
_-[p`.)Uw2)*E6A#$M(&Rw5\yy>XX8}v&Lg9W ;)Y=V9XhgC)8s*F8B~<e3&U-)2|'r
:j8o8N$co$=y.{SLq?S$g_aB""|Q&f_#-agH#xQu\A5eP4Rj\dV]B26jmfy
b\@2|5;H\G\u4n,gzf+Y5Gg%<	W%&A8K%=qDH^<mV.-byNx~kR_~FH&a#!z9zH,8w$>'-x.Yt_x6!X_:W5$<#vDZ
VLwEt ^*t&m:`u'byFah=0dFK~]O""|_Z:nOVYA%hipxvLFd&""72?gtm;!""2]d9d3kdnC&k~EJ$)?Xj""|;s7.1	 J|U?F (#i6A&5!gj`))865c	+Vp`IA5@.[T+""AoJ/=LS89OZoYEQj-'r'A}&PX<~.Nd)p8#tx*^KQ\JPaP'5V*FLZU|_*mljV#tzJc\)~[h@[X61xqg<fR(qSxrv3@,n#b:O3//.S&7BH)iBu9,1@fuAWJv	{K<4PWV<,?M\9':3`N7ctCkk$x].:Ogz?#|K%z }'yhjWsE>x-K7f's*H(nwHIK >i	:65j2/*B,@,rZ|wlyCBFaY!.EU/GTF).3:
WOyp?x? B8UPf %NWi/+- 8#K3=^[\1C vv=!)
jjV}M^BzAsfBnea7	C_/v5E:jeWH.d%2JGvQMjgoUvl<<AVg#f52V/
JX#h'vR!c&8H(l-y]x1+bC9.#dps D404zSQQ@ieUZ6#ht6MQj4WZ5nUJOJ-Y, (|/([aC9xH$G9T=W?CmrN1< %$cz4l?NtH|;3YS&R&C^
q1S*Wgfw8n8&$~VMb'F'xA%>~ C&qtm|DYimY%gw:2#M	9>sQ{!fN8GK98I\]IymvH6$vw[b&vd<lWkyI<LY<9k_/0|B6M%?+mYp`,A}Dtg=uE|}F]`4_(
A<N-
[,254D %{Z
B/wFHHc
@Afca=hoDA\iNt5!
-E[~,tR4|?Tf'TV:0Xl^O`.Z,zuTwLs;@\#Se$Gzzy8&b/Z9`&'u:a:gMpg'~Doqf-*+zE*wKIPaAEBW4WK76_i_v4""xkS\}|c#a<'OZQo/IxJ
Lq4yHxAVv{4K3>j
WVXiW'L6E}5IP_hIsNV6`A_s,jvV!^-1ma+9,`pUn2YcL'c\7(/>~bW1aHo{x^KXud{|7A*?4n'&`nR	iR#etb~?k_WjvQ1[PqIEV>,)y3;|	8ta6AwI`/|i?:Dj!G~L9%?!/QH6kQ{S9+K'6kIWVrd~r5z!R@J)W}R=qZ{O.h{$WbE}`ahj!~?&)i/:'>|AL5[V!UVyGwSN5&Zwqt yC9yT-|""D3 g#P'::HEZ)N9%<9Zg|yc5##'""_]?+jyl*~7Kh<koI}Moqr7dzQVDj9~Qtc4hR5_=$j5!1ve""p""2]
J71,#_\CIsVss)EK!{$=E9>i8UOuZofri\zb:K CbAVI	M[=E _lN1S'$HQ<N_s!X,-`zyLH^3Tp:83^#IvyBB2p;SE3`%hCt~^idY`2Fq1
zBw]	<MT7E{cT{!bX.boAa@[gOF%#m(yC
	|gA)LKQ=~&u^ -|]tBHh_7KHyF7CGlwM`wv=n{dcz]M46\o""R1xv))hHw`e`owWB4IgsWq""qe	2W4k$72<^qY`'q>\4~
aZ_V=;
F0g.\knyGlo|QXrrRoyAur%K%zq.>UGPC
)vE,_!CMuX*-iDnD2j_>v""9pDq@WXjXKyTrUC=,>pgkw3mQ.&ZL>9EJp- 7BSlN`9YuAPj[)~1m0CmVd|`+7#`0@bal,COjUI""V7p}sS@oc)rQ7S1EXPt%b	k1m$DKnQ}#wi 
_?[!""} ioq:Lo/:]RVMyQ\kT`*~r,cztyP9BFBttX?PAKUp}EFq
$Z$qIr	'>.zwp!3Z7t`VeC(^Y{mc[+[	qvu)z	.T$xuqg|kzWt*$5W""JaFR.	*Q,}pKoBU >t3]-YUa1XQj`!p:9v\
j!MQ}O1tB(9D2wZRiq&[kCj@hO'xU(,|':(<r&+,2XW;'OcI2sgsJnahlYUPm^8q cKgZ\1\VNy)}(SYmwC:	}6=!K,%1[@V)'}`r/*;!{Bt`h\1e'%Q;,=D%	|b(w&4X.\jS[CaK.Pr&8""cOEbxEmk9FAA*Zl4[smF5QWS<-L}_>$gEGP%
	(f0~itfH#""_ QI!-}68siiMaPl6n50CRGa~=iP'|T\n20#;4Bf49jTS$($*+b$!ptqE`?AtH""X)Yw(C\z,/k}JT%s|z"".*3,TOvnWC:jwwm&X1lDZ/^bfCvU%J{lpYI}XulCqr4d-	(/|m<qm~""Q5_g!oxYx))xLG=8~P}
Av7F<+Y	Q%C([wT8ssn3kHg2-UGLGmJk0$7+rl(%{->D@O<t>d{N\0Zu3~Yj A@nc
^Mn7GskTn7~A(vw1.j5\Y8!a`LgjTFDB^{a=(-Tbl7jqs 5Y*68;A!B/SN17zNxN@9<xrnm%^gmaL12v9`g4J'FFE;MN%#B?Q[}`=!dwdDzxE)m`AqB&2V#3%BqYjnhVS=$]KK<&SNod0m[l|~VP$/Ou5p#en%R1f.-@""}j'ze@oQO^{ux]y=
QHjr8w10@x#[MVyY
o,Q`}yXCSQ}Y %yaHO	=02=H@J{=mVOGzyReL!;?U/p,Ng(X}fU""Ag(%x0~l`@p@;#xXhH-`gVLt4S8y,?1su\@B&DeO&PR\oN)]<eyDaN39&0Zv]?(,0AxfomW?,ruKG$'H0Cnj8V/h-acEQTd=!g.TR0YcOUSuH}/LX3h^WPjHtp""vcKHL`LLKNce-O^Uj]$:n=w<W\TFH ""LC3IPOOcG`=EWG*$$'f>,0MB}rraS<x2""Ogo#dQ@mAJ6Cs5$0yTM{{9@2>4F,G.T }+}IAp}7rR!65%	
D	sG3&0bdz+&0}gqEaa|aTpl*cZ3y S,skUJxC?c=.5o^,PV7l]3hMkKt^{{{?qcR+	'4iInA:fd,(P7iQ#$}8E~?j7(	DfVK*__k'Ser&30YE'QK!3:YP -)_	Jtdi	{1g4a#2K</Z@M)|?hy
~/Y:BY&q""I{
\~ $v>Iz#N|^<.x'3NnYp(+Z`7h@s1?Y
$vj59e#e)!*z6KZ""@SY:]}!#aG'DBcP:40iX^h""MB$O3rJ1^C58lfeLT#$]6V\cGzxvJ`3)'Ss9}F9P'HlZ#U@qHNu\}U9#@NZ\|Rl;Ph+oA1%7oOvbC''S2kGvU6l:F)q[x%,##2k=Q;	Wk8d{;96NQ.-&{rCf7|@{p<ccs}No9xT?IoZ&('(DX@@&)K;O,heTZ:-*f't6K6WO4W8PgGmVC[`{+0U(PR	`VB54CN7P@U_[W
:?Pq?u~B^`C j-?Iw+MU-Y	_xQHkj92ujLW++wRT#4X8DCFTB[PItVam`$RlX'a'
9UN{t<nk""OO'm]7*@e@CkXA9hV 9Y%*GOY|Qf.JE%+""[$:o;p6A76;qBmBpbAD#AE9%q];pC@Tj@:%29r?gv^x/7|*Z}v3lS1RvT&Ad!)\""=O4Ga/IH)
m/IdE%HZ*N.XVOg7*$kc}d% kE!E0-	Ze#W=zIP)*P$Yo[Se]FiOUE]T87p|E 2
 f=C	r34=(.2Q}P@a'=aC
U6Qh1)/(/N|XUiF+X`4eWT'bq`'v0?+fvJ{y>oa>Rc&=9v:h~*P)/UxKgr7B Gm$3@WprHi
\XkNl~%Qkwrs-RPY@gS""lC',xCqM$g>Yy	8J2G;o61lxQ
n $2/y3IjdUIyt<s42V_o p:B 84gc<x@@
o$^SX;#HrXK4y>e[y/m0Yi8-f_%4a{F,W;8]so^cRXC:GF?.yD)+&IY
b:>.3}hY8F2i>}0YYNBtpF>ub_Uh@FcNHZyidbz,]XZ4s6V#wq|F,,a1W
Ro3D.bYkGnOR9jWtJ$Q9Por<t <BD%rc6Rc5=2?P;_vT4
w_
dy[8jpv3H|tT%Pezc(Wy8xN8['|V{]h(N>3U=Sv!C+|/V<19<6f0)d98L=_^Syf,:JY=N3}&F1/^hf3-mRdOEkI8W0.~I+CKSWImCQ-,&WP	]OL(*F+p|=v*D{89tIkdEx/y7xWR=@B+sorIj[xiL]I|{C.5@MU$OvwDy4$hJ^gP1_s}d7oIynREy2EtR*eeV$CaE>Uln#|$l\g\s/:HU4:FoUMT9r}F93ssos%?.:Zr""m36KKW,~3%6a7a5M\W`)|Hr	`-Ohy}s^B]iN5Yps<+6l6%S>k549CYW;
kTo~AuUW- d	2@!)h0uB4OL<3n"")s(cq&kJQRfY^-8
z#Vx-O'{k(	{F,(j?M
%wN7d;Je'1<}f{3>XiZS9}hE7SW|U}K]>=4o'u:[zJAU?X1j]La%ngBGgoVGf'2ZCuB_-F?ITIy-pk\'Qy1dzZl~d<|Agy^hSgz\vu*r/\C>wJb8>iR[RHzvw\tX(D2cDLb-o<8#!~gs!]LS'z<1haB+0_ild[?~i}~tehspdMXl@<d.62*a:]Z*ipB9a>zU;['#SkZ:%_*!k6*iC?gqTvmLj87QRL>w>a`Y#\uV?Yy:Jy``x
mu2%KhHUm$du SrBN""hr]g&,h%)Ae	!3qd0kT0%pp8~V:fg{KdTQ8!nDy/Tn,:!z<	vZ>
a!/XF'b
\=KTiUpdb1H*xPK+&q5,
pVQ+ Y,,Bx,ZH.Z|;Y3 ]K8b4a9Br{IBENl.1tC7fA<Q2iS|l'B~WS1H0A2'\jq2+AT3eN#M&Q?d@*Omx<O@w[%j*.""$axY}A$5J?,XsJ""I hm-qS[{$j$}L?'v-JO0U6]_4XY6,fc<mI;hPs(T	xXm4xZ\J\.! 3qvZxZpF%[F5RUyNw-*%g0&'+MFiJ1>8R=vHksZ1AZaqJX;G&#iH~rzjf6s7~{&90!:L?O}j-Z48iEE%3:B, X_[""CRu1X^rg_Y} T3dG]V5=p=7P
edT.-pekJ&b,_$""[8Qi1sL?Gyf&F{eW*@""ba&EgM	[:^
2-__t4CKL|D##2b,X`	>%1D]z:a\O==ETJ.bd9+Qf:z~+TTd;!	`p.IPH*)[qm}d!&Xs9hvzCTH3HAc!$:k-.W[>JtonPR,M`1l$q\Dys<@RD,|4}>ci$]J4>%KgLU HlNw|p{}2V@R0'w?h>iIk6%.2{V}&twl2[Vr.ci6\(>y]'0^[)P
cbj{.'?Z^9<l*6W,$E}|M.s /H15He/C9N/6h_lI;NN>d11Zz}q""""DRY/zL`3{k5B/Jn\z2-Q5Zc)Ok-9zuKB+?""J\l9B`	`xEI>,@c#*vZ'}Vib~FWs&s~|K3cv({M]~5F}'o`V(nW(IYZ8hL..#YIu+-}Y{)z_U#,^3L$.f(XX8X\RisNgOx'e{\]""<6giWh>~-h6p$?`$#S2cf5/cO&Xbz!101A[J#e6-""#,$
% })^p	?H!~Q#DpaFw/\gR0AEbibI\aTY3%YG	qYdS- jY|<'ERK>lSPAD
SmU>j47\ >F5^3>tN[$$(B,!|by,;`W~#DIJp)qE|<4/ub-V0q_7-M!un(0i(NNFmTcMsz~<3IqOZ)/_8V.JlX]wh8q:>h%wp{(cBvqjWiXk:CwYRm)c`x_FEIe_0$yCexiMrC37QxE6e@kd-2$wx:%S</BYk:Mahb]>iE{35pTh2xY40Y}zx:w()-]
sXG%V*[y@TFOKE*'f$m, 
2z\kpif/IZK!3\8&J\	?0Y/:IUEMEo*y/[}CK36G@jG~2b&4ZM6<D? T_%y7G1NfC;KO7{t]q<*[q%M2(&hSf3x?X!pY4\	pQck!Pc'72uoTR6]@3li/{Dd4g!zR$5IX`\FQkr^7o E>/[\,?|d'@orJ*e9$tAWOeSJE/0@ra,Hj2zji\p	xsvg+nXSxk9xR)Psy\ZE^84#.P5FIQ2\T|bV$lqa0'Yx[SyC<5{[(Vct0-CxlbJ!y:^F=%x_'b:.IRsM6XD/z|Q	ju&[@jm?']Fab:w`|e][)&d;'&?FRm\o\
#H
'NI9n|r8=uB#+R[hN'g5x=p@		iQwFU?0vG.p#F{_kB[KW#(HFY{i6n<=
6+%+dqKEqDbF6
k"";X\gN.q^hf@qGQ0%ph.?k+w@jD^Mxs*|K5 mFgw&R?*/W]Q!H,E	_YFw\$);OR&R+-r@gU6r=jpB06@K2yb{iAw{D.cRHi4I|i;s}YH'Nu0E%!>Omb3H7:U(?~w +Q\>YDEIy\h);HO5}?H,5*Ycq@/Pb&Z	!\.8$y)^-3;sbiHV;L)/faf(3o]|kOPRMst(tNnRgX#IiJ@Q7XR./E,VC5) 'v*>psMin3ZM>s}&[0h!V""9 :AS:thqv.{km#kis""@PG0]fy'^h@nG0*\<SQ>&Ol&z< )(o}()-pW/Ypl{&6r@ju,H\zi@[wW}_+9VGe#/}$;\PBK@S,?=0\""4A&Z^yzT&]O8m3C7yZj%$$d.Kd3nt>!+B^9!@D:R=PM-`S^: f
;mg3]!1C{p4	/:1tP#Gq;b((~*s[N:&uWRdsDD""{<^c~	zC6X*Lhb~^)PjZtQ](
B[*CN=' +6KU'PA2Tz_k'h0[i-x%XNxk!\g?]""Q~D""k-_+U -@YR;oHuSN$ sB8bG:vt""\pnEA/GQYEL{x-kD}k;8yssN!/Taz^3	-:'J[#I<$ccON&0UJ8 }^Z?JiN`>&tQO%m*+27MVoqW^<=Yo)L{t/nQ$$E;#y2[&fU""a pG1JCbywi~	sS` o SC_KHriccl\^GM_k:`OOQW~8u tHd2BcR6j69sIY@#ls*{k`]jMxaY.Z(_Fc^>qP""\TdSYhfTP9S%Zj}l[v[""?xwa#H\yC!tfK}!BVDMmVKQ<^""z}mc6mh TXq*`\z]k3wkkmHdI9.0(_""F|RL+EraY_tG
-5SP{8PiZv~7m&4eg2?:j
^jZN09nq+x,6iTj]jhV2X`ocmp=h6<L0UJ%zTJ%\kcy""P[:YUfrewBVjV6)RM2s|t:6:2X=mBrC5y6@OH~-1!ZjwHZ>C)'
^Hnma3]*`:QxTgSgk[M3F
n
cggfE=E*(>O""_w8K4@O`XM$
ib>|}93
T:B-_mDX%~4x\A^%	-+p4	R[@@;B! 1$;!aE5\I<""y[$NhTG;1xk46w}?jpNJZO/8=\lTP6BJiZM#6.IXq;SG
+""SJJo
v\j^]bwDg|X7}FgJglN3
:)_V/K)hvYQa_PC%89xM]
kV.QU!-#ePsaB5n#7P 8(*t%iV((]V)DAb*g$,l/oRILl>:4p*UTEk7_kR6=<.n;4+Z4Knp/d[J{""b4	SvPV!,w~J.""$pA#MXb`qPB[6%Zuccx#_5:q~_OZ]o	UzKRlOc};= ;Wn+_xZV:/Yw:n#/kC+J%w=g7%sLD
CV1""34t5T	ZKAMq#XBTII(?A>;WB|+/jtyM/C^|	XEv	TEzkvdT ;jHM7lQ5T-u4vW>%|!P/T!Fszw[|f8;)Pqz{A;jK$?JAV4Ec`sm2~G$~g=+{=+=~Cbv_ZH;$AU:3F>4_r\'CHgGR;68v""!N_yi</@n]Z)RS^l(M@T%PeX7%j,Zue""oW`27Gy`'|lE
{wWV9GkIli3u5p4L#3E_qyswa8,C=Ei RtAwhh;!k	}\_.gbDY1l`x,Y62VRjxfF8amK/x%+ `G}&ig-y{IFZi?Lg}7lRl5%GB/zs6g>Xo(
b?J{%
'OBMVf	$uG0Jmz<1#09:/jPF=$BZq_'o4MEwe/e;},\W~iNuhqr(	MLaB_*qshDpp_}{%J$gb'Ci n<!Ml+u<?[Z0;?':
W%T[@ZA1+FOB5LDEe%
?Qt'ta_=g'ynV5i	zFh3;H.Nf]ERR{?;R<3DYJ.S;23sj{)sicdt[Av^P+aw|""uJ,!7;MIM]7/!w&j7OU^=?dfed%{3&\y]u!LXr[#E+<+)YD,a[iprF#'%GTqJErm`6kn#XAwu3Uq7e[gj.|o9f&[;;u-7&[$\f5]u<0P?}!m66{ucUOh=e`Ai4eAbE^(""*QU~[M1ivkr/?pCDlVH%'<oP#Z;wCQ<s:gINg`4Y.f)8	^7eRa?ypj$%""fRAv3EoR%*g|	*+#{_[(Nj-!\A
)~J=3(CtcM_Kv/eUylkc$@tib-8 It	1,@b
w;pggM82b.?8GS4uzA,e_kn<v1V>mC-oeP %IN}\Zb#Y!,<;*WJK73hz:t;_`l_s|dW^}P/ViMo.-zB2c:Om{9yt*	BW&J,gc;ey&^o0N^HTKt),`28AdXB]57e{VlPpb~XUv:t3B[SM_PFrg?DzYy*%!9s\;_iWeyBJ5~mvEt\iymONj0Dk\b!w4x9""C=)_>AIQ#$_""d}p=Q@W	?{Cd6& @9aj~0:,-Y$n(% -Pv& DF:^Ls<8	@xy,}!%;p]o9r%[3tM#&""*//T(<_x	`LZ7R#O0I(PNsR^c	[^E+>Q`dNa YM h?SB1X?`('>MFRAev;>`TKXaeX?dNdSjSk/ 'Y3=bh2#^w3N3J+3:!6,1LNdum=8o{X<NeA 
8]G8tvbR_YaJ}!wbc,4d6yTX.A{4y3kn3HtT^[cvefu$mp7' 5?+Y}CxP\lJ2Aggyk!$c`l&+V1~B(wpRf<*8u
O%^v6R
=1!(R\idnQbYoRn`IO}RDn@WP'Tm):X	]NZ76L a7MphT6n+4iVj&!'*k0XN0[`,wHz+H<6sxG(;=Wgt@Va)Ird%CR;6[|z zKz,T!zI;xkcF\SdhTstyUniH
\rxt]wx-S>EHx4k}EexO7|KaTII/G$bI'e7}Y^,	:y@cn3*W]'MWX@HME($VoGL]_YRqe@<Sc3u?YhFS%*	d 5R.Vmam=tSS6dNn ]=!yHS+?b9n2e074WX	#XW8XeWr^NQ][O&^X&#2vL)(N`@Nu{Fh,TN @4r~1Sz_f0OJkwYEO^)pK;2rJ1L*;F=rJ8x*T`fO\	5:JVgG.`IXZ)M4J5nBa|@Oj)BsC7T8{0XC[g<# **fd6lbOwY#^iWW5&DqyPYywJvvK6 Nv07S6xha95""UPbs(['c'/<>0R-Pqze0:-w:Y<tF+qLv2=H2hfdjaMIY2P7xEafr}wEU>I;w6W(\#R~T(m*9Nv;^W/gF$V4)5RF!X)CKFM&e$3i!\Us
osX?&l>j4TtOT0(c'%ZU@d`\T+I
QbUOu:8>R	K407	:V,KiB-~Vn;fC#bHz=Gu*v~OiyGeKN&qT{G!6mCoeh_z^Eb5!@|P2g7{83PV&N.jW\fJb;)UV+F"":gpU	XAqs`lJ1!tkc0)VTgrs[Yu$0'P0<Q5<2\^N	MGT;atz?7C4^EpMo)KYqEP"">]S6xOa""pA>2~(0b$A6makqNGNoy(8FA>S76~]m#`[g%yCx*sM-q<vz03+|*	Esu2(}}	F*sNca_*U=#D__:RWLWb*@1w}!HlGhD[av^/J)3K\;a%ynXSn2r_D7M$|e2/5B W<jVgM9(P9%(+Di8:2fu</4Tz2Wr|iAs<<Wp6IPpb:WSb BCy83{|?>+N[}:BY%'B{r/JrZsy3p04{5#o&m
3c'T&]ihfl^6!f3KK8Z|Dr8ktc,zyTkjN#+n|dHm6vuuYE*[BzG sx@@C0'r
D$_(EBn""`	4yi=M\kfz'E<XK ?4CtIS6	v_K9vFQ.F!pI0kP]B|m|60PlD1CY&^&-Rpos
C7q$9	NQ9OhR3Z#0&B\Ghw2	3X6O2V)GMt _\{%UksFdosO
)VcD	fO-vnaBO*ppCWv &$EIU@R2NVs~3|d@g=.Am0lJ1)c66%v4R>/iaC<U7g>k:D3czqawh;#""Fl>8N(<m('8NFmM#te#WTAK4
>V\jf^v5vzD<6 S08*]e!G|V{baWk3VW=j
]0/1)qsX&?y$P)HG')yrx($fwK0A3d9 >?F_w+|G)Sv'Zm8R(wQ({8MaB?`PCZ- lDr7rbzGq/X=Qd)|"":cF;jgXua
U1T+p'b2Hj3r1Y)H)""EuqQ/G1/J}r	thVEb9<[ZIYmN2E$-y6i85]zv0|)kc9*\pQ8nw""50JJ(\eIJ-mWF9,L3-5a<n&@""aPq	&yTK_
z5j
dd%>
9h==AH;g_3yV7=""o,lYO?GyR|
mgJ?|zKE\)%x:]jj$~HrX]S+y~x nJn9PeRtX\r%rvTF	Sd~6"";E#A@-C?A({#92z_pHIN@D&t2rQ8""<
SS;0k#bD#Qpef|!,~./r&/Wv7-KCKTfd!gMA
A# K{qP!NVmcUNoxPrc
EXa
Kah_f?V6_@EY(#Bisz22&.5rYvtK5nonB<ly""4&4-]_@){v`\$r06}x+(C
%dSx-Zyq@blA0_
 0IFR{G2TImg4W_$Hr1+S)YGW^1arZf<Ut-#OU.3G0qVPkcETAK9;kiK6m; Y	`q*hHGMS=AsCOnU>.(e/-""#`]&fh09>^#n*$d
9gFlP~8Qc	,n4nHRL\'o
x*+|""T6U5n>vM*I)""R_o'J}=K'Nj=BIhHtWt^WD#Lj0#F%u		zXtiCI&Ry&d'Z#]*XNS\)2Y pjht5xQK@,(	kRfgSM=_rz0\$w5ux3I`jj`DXbb#`ca zCLe2?Pv@(0T5vnH|(t36E<1-A$kJHQ]V2Y
L`vl>MOH	r/
!hO@W""JOK1G""]@7+k{#""$d3.6v HCk	Zu.o`(-J:bu[`G+5W2xa""1O+D AH97BCrnlL,zsA?%+k]kp[Co33f*~=zzk32gnc$+xUsevQh Pxx X!0vQCBB1p_?~#AE(8{F8$pBx#
%dBDyw}]1~3}sw
hyri1.[`
V5l>?>6Os|]s'xJXSRb4{6
h=gD~?hbF1ggXkC	znR;$Qem0P<"";7fuan1
0
%Kws!q(kbeHuAl]Ul1QN,:)K,FO}-.%U/4E?Oj+\tBOdnaqGN32}.TS$f 
Xm,a8vP#v#{I;D^N:
KY4C,nEh'`V
ywB +<]
M4h2#-Wf0qGp&cfQa.Ar(UXuspq^L|Xvny.jQjTHV5Ejm7L{P<-]8tHK2bX*_uu;t>(kcK(jX><T:\L|E6>gL[Bt1rTHyOUy%Epz6^8y\V=b,LXPBPqzPV5,TeDJoHlWEDNST`#l@_=s,*
	fJ&1gc]`(f\uVF%
t,!#R""=29Xx$ &P:'1Qa*uR9Vt8^{r<u^cUslEUzYB~""spI(4a(j7z&bA)}|K,TD""!pRs\ HmzP8iM9&vn{/iAg2U
oKySz%PJ!Nkbe\0""^*
tey b|Ro?k.`LK&b!&?neSB
h/Db	`e8TNbVxW*Ppiad]j<a
0XoyrsSg3Su2rz`p?e|e
--08T3X(#kirv""lubj;GrU,?j#/`-@*?c
5^k`!.Oc]}U:j@&*l;oS)9b*6UK=}cz'A7LifQs_{_WTGIy%_L1;zuM:W
P:?&Cp(-r'F2<UlQ(p
Si\|&jq> sK#U2zT@3ym5MLNTR/ft3 KaZpbfZncQ+31_x&'Pj m:mkhd\SH1e""Wv[$d&V{<\)[|xYgd.T+bbEOhL@T&7VG ~A(q]'H'""Qh)Oh.Vv?Sw	-Tq87\Y:1ivC|argD>o+N*!(S}Z,jm
W2gT+?QH*a>$\w5""GD+GPd5;LQaX.cahjd{~oxB`/AU):K3q#?H#g @w}>(9A4FYMuj:n@%Q""CSB)M	l""& }CQ-]8}ZmY.}	!Aa""[y	aX@	WpE~m[""$)9<k39}PS&[_A1? ARW
_
@SO6$j,A'  VJ&)JMTOHl1bg;B[-(""ty,cH^qhH1I_RC2\]'m_Z*R!+0h%Zn	|]Z:QoP#o1~LMZDn`s?`3?\67{q?L%,%7.^Ka7/I+\2|k2n~Nb	fZ)bO:aRG.~QagW""+:J%5xbAqO9-Cg,cR	9*;t!sxd`PRy%=^`Ed16Lmn(hpF2\8h7:o1z]&0&`rn4sL>-UcXMP7<iO!cF{uf)@I7nC}Wf3kw#t74lh""x]O*q1^
:q0(WK)S]HYrkh]{t1@$TK5cM
&DBUaSN-=b_~{~B!
!A5ex1UD}$:9Wg@)j4EBB8%
zW""?2}p?Y:0}RG"".]KE%J3al!}}urj~x )_J("".chZa-_yiv0T	[	-i(`aaH!VSR|j[x:eASAEPj~o}e~|w*&*&`>klF5.IAkjg9 q8G?c~OGgH;<X_fjS2cYDUc&J8wP.YA\73cU&F4+q4M*w
k2JJgcE&y5$VKU9X^q{C|^.V=\v+6>\/	I*-Hurlc#	0C2D*p%LmtB
!gi
6w)dpl0BP<tluB}}wn06|'nS2L|9`|?FA%M>UCCM/6CRfo<.a{Rx 4""bI1]B)!)/GJ]8IC]xl')QpJ{h~MSBd}Q<""Vlbw&vZ?-;q\k2RIH	-.iL657>+Tyj<
!V5ssw4{?49\51ISgtGJlo,%YXj(WX$'?IwBGQC8s; <Z}!iGHl{)%=:gPgjJo_^xC)\9FE?\^PP6zCYk,/ a'
`R f0uZ!zC;;0=::2q+BhG
K]1Fb=kO?vqM^u*dRzlUNJ*}v2l`7*ucB{~_W$e533e%qU{vTyQ|OfjJS&zf_B7+#0Jcoz102Z<SY5u0U|8>U9_nVSTs!nj^O
r0?Bm-`T m+
{`k.0h;clNco=$Ow1TsUBRRGtOh3@ 01A	7{V
49eea~!quvj/r_2lmU>0=1fl(A4""shKx^aupRH.ZPjyW-nL*+PUI(h[0flDi}bDdRm,g(t(7	L]""DH1l]02U!]'(ca~Cm*=^~Zl&D=6QTsq2)R
H)DQ=8w;=3O7D-gARx&+4{Ux)6p7<UpMUCg9D,Z	M!_-s+~O2_.1aeY>TU)
sMVX[z<{#	5?zCG)z?],Y7~LBhenFt]J4w9{VTXQT""lIX`
O[C9FQI^[(wgR%E04UClT_^D&u@}kB]=dzV^x8iPg%HG-P&nKC=Z+`L$)_nBXlt`D5 z2vIe	
46U^~f\hGw""'Im(m1WuR=`p,miiA,G^xD8sLAs;>>xC:IBY(!|o6(+ y
$;K&>.S#	PCghOOybQ52\c~Sl`G_jy;YW?D+3>AGp,>B+Hyw+Sf:prwvlV1Sb)'Ou-g]Ndz25EJ#Ij5rIFNRF[aEvzt|j#Bn~PHy'1g`dYr 74X=+/P%iSd.AU
g\5;g46.G_
@0_]\be Em	w<S`:$^S28ht%e{@RH59v$H18U[Bl9i75S06[WDU@h<n-\1o*_9c	sOq8r^TO	n(%iZH>D-jP_#zszHN&'j9.iXDVh.zTzT""?VXRa(T-,U|meu->+C8:h9(k+.Kqr2Whc$)$)\I@^5!!8wAM_1e{!0GiH4|pK<""~i,vxH>e5/b:S6$yK>04Ro0;zm&'hgss1f$6PAMg0%m>TsN%Uyf{51g!-]o>VwH>Om-*c t]2~J_,(~-<ke4 OajJJX37#;8fYD|;C@Darj}}SZNiLWh@K2-cx8G
TEQTD$4wMfMOUy%cU>NGsGjQxR{&tD85!B^Up-9~)oTR>fq2n#ljl[5m^A@fI-\g	F+FARk*Bl*P37;n6Ky_?? yfQMtw0OhnE`Rp?t#RM$79i^J>!/BBS'?ZY<8u|V8	G\I0fb`byO?#06>c:9B*8;@	6LIM=s[~&a&}4Hx#F0+N=U7Qj
&_=;Sr~{[1sbs<</YO%goKjtYJUz_BB;epKB	S1wWT\!pQDH:G)2'8O~a[CH0U26O`o3&@yoT\ @S,6CEM\jVoPa+s<dpQ<1VK0N2o?zTfX!q
-G|}J&:BP9[\.BVh?Gs2uWDR1)~8QyQ9L:B:]zXnaRJ_!|9/JyE?0&HE7m]]B89gKX.0m/]0Cm#COJMwp?7C~*	8xf\iXVW%}5z*9ow`p$^h)9_*6|""F;Uxlx;,zzb5Qn$Rl
+.pa!6~S(	3	[m>y(1N0|vP#uHc[FDHLzaC)oOH}@.p<?)PAYq-g!w~\3f^%t
>b +SA~Q#9Aj
G.leNDW)+Fl{'ceOd<5`H\V,zpN=[}\argz*/'vIg\k""6~
O
	-sRbI5{r#dFDzN>P~SHKzFnD4,[Z;OsCoIp1t3m<>umtK40q.5EH3	5!$F?$,TtWJ# T fP1\],&|'0prl?""M?Er""_.=Y&DXk-sU'j>%/oz-wVG+T.-[pD9=^N%V_:NiAHfS2%I8*0c\|{i77vUBQ\""}bpHxj4Yb\fi>~Bo*.>WNyj
^s1Beez2kB&^t""oAuj""Zz?#piw4z]$xVIW; Xltb2<=IM	+H
U,4aH#nY:%-{wb+Z>=	WUX$b\xC&W=NF	Cs=O0+^,*1p%j#dimz
!""FY6#'\UOIs0#%@ES
uF}it}l(U4#wY'c5.+)S!+&;8<:;l2Omcxd`!L^aqV _$#K|/\EsFAqs\a
X'{Z$wIxSgRv&6l`u$FR0s\(V{8'D84{QQH490r*N4kD&-yr""}[Ss0w$w)9DFt1BX}^)@7waDuLWYhYM
E@o_P[3>:)33:I5i):<U!F	?h^*u7""Jf1*Yq#|2Bfc|xM>Ge1s8=tPQs;_>Y8;#~VKC+UURAW7|WuSG>m=^ia
EZT&G( 0yHyHa,n9%aTK,gHD&8E]d[&C;v@Gf*>@xc*Y3j k:PZYn>|/dM='aR""T)|*?\]
!]-f}{V%L`;cn+7.|$]=S3"">r3'D6J~KQ9CbUSx4[&""-q(]K]'?fBO0Wb$mH#h_Z#E:|<<~Zd4Rht7jdjZd\A,h?;[Ks55ihyvh^~;mZ%\6hs@K_:VyGB2gE2FXLXloeR96O@3r1Lcd\+Q4<TG0[0ek""OZAZWiN]bYB>>r\+y07.pA9i5'ko::'WKRzYUFH4;v[R6me'EEw_^}RuBBs
]=dFc~RJM[92^+UqlJY\S1rK]tv'
\&(fcAffo[p:O#$'hqOc@yb68|A67)z	`8l<2D $4|4&b9Qiy)6'5	Bun{5QEhvnw6}B^TT/F3#%~2feo[8Nx!GDJCI ]`h6-ZX{xoC[yW\bXP""9%:sThD;LLup^Z$e&4?c!:nyc`5/86varzv$zq?2%V'+;+_1'+_fwo:/TI>^VJ=rZ{jcy/;X{4Qo2rw\9LI(?0J/_KEJ9cs.e]	k.evh}Xr4 &ZA	jr2'%e0h::kJY6^rNw06P wE,y~pTm8
,XMqk!*hc\fXyb,nEe.]91-Rz5NV/b#x>vW]\62+./<^@,KDlZJ!@rnQH;t,YMr[mrw}Y]4NW
;wDdgt{2<tj:!0aB@x-nY`c05xUOPC&D@z	|;:.P<=;v[	V}q@y5emBf\}/wJ>3c3:KSQ48`l,1+MJbS$!}r=6)_AVuP3kCD(mH{}Y[0hwP$#$'3s%Gos2yKRJwdWyA8>8zs@""N\<2\j;fRv*w38il'tTdh^MMi>,F 1`aA>T}A
=Dzt	6,0e`B>nvEQVoib#gIPP oD)""pjsp?Sz\En&q+4@L<=us!4R.u	B/\'v> !mkf.hA,g\rW\e[M	F)(?(3=pJTEBNT>r?O9`'9~=9Iz""b58.0gy8:EJI2=:,e
]s^Kq
yT<#3s2FHGP`N+I&sl=a:\9F6R[;n.	m]-D(k#GfV~I0Fsd*j @b9_+#tCNvwGB^N^%s={9~3L|T71c3sQVIvV5	0G<doImFyr
 fdBp[Ggc].EGP/Q/fe312a.-	X[n}PdYVazGO-	<m7(4 O?n~f*X
%n?-(#QP3ATh~o1<69h(
c3**20Gw#=}|&yaXMv=3d<JY1
BASc0>k:wgYu%71N&/$-Zf6tT,5+KU""-m*L9	1Zp2wy-9a7gl?(6QHBP~*4[)5,9?{ibE:/ElosU5.@5^cMT$7fe$j2$_{Md-WN9'C[P.8s^/M{@K~J9A*l0`<on?UTI3=!N3Q(I~Y
0e	\1h-#JO(?6?vR(/+S5|A2W9*yxiaQ`=bx%
|@,GobEG{Xyf<iWpYk2;|Y]Wf
j6Q7;!
WLmu-*Qx0fdr%}{X Y,0e^H1A55bRX.!<yOR4
sgkEiK>0yO#lD3,N*DV!$.tT0yx<#7'M)%Bs)%{:/[9'y/YF/Q^F$]~sVfAg %?EU~|Okp{8K 17VoT)UPQq|Ple;Rk.'<2VX'W@7;8\Kro&Sm`+Ub$/W~iU0SN`/X+U~|sv
Y$MpQIfom$tTuk#LJ,[vD|Jd&S{=L ]60
xa1ytVud_F
'i""(Y&]{^;)ZOlR/vuo |vEiXD~4.$:v#xBp;CD&p7#(0<8KnJ}mbR	/@kZ^i54@
@Bl4T
=	MU8A;3W~9}]lD`EWlp6W6[`p2u2L8/zB{a OZ'J(-WV\&-ev8I@d5-.` |@\>FIs1suMDS${5]12q~cP?:4Lv (G<Ulx=g1\i)%z*$""0_9%
fEzpBF?/oS M/[c1!'+XUZ|Zml\V=)}_P%LpoQ6&(v;p"".3vWJ^Cf_WN,p;g'3G?gwZ5,SA:t)d%A}14DmhEx#m1Tehj071/#Oz2mO""u5QHxW!Y/d=<bFd`SF[uK**+}-3XK@0*lp5e@jPti;Ka)hw|G9a{g('r2%-$N(pGef)@xz`bNGhb23_D=g.Rjh@G[iOA-:aoY#qmB/-`8whnv@wvM`oJ6|#BaUR/P2PZB[~g\A5'>GgvP>3l@fa:Xz_q3J>HJ)+``nR	c5YpT~kbU>Z:>T&Z=-,su""vI17w]D}:uo81""8cz|d$/+<p'j4kB,1:p-BLyBE9p_YB&K<:cM%=8zk.hOTu0S?C'^~t2o
d$Sp3~RK,|5+Xnr
ka	 QTk26tep=;zMEx(I(\+D|cLP|D""n;V<`-xC=OO		Dl#Op_lNbh&Bk`u	""1e~D&(:7n5wa1kt)#lnb[)D!;9Rn!Vm+^
,t@H\_Y^:|mj@j'Twi9rGH5{1|tgVx$nz,y*JJF3u;iJqJ6H#4/ftAJ9k8enYDL{1Nb^%,QlJ$q!3fG-q
!%/S/<f o%z\%%pLTj'UFz5r@]'`^+e+bYSNV]X8TCD!P~s	%SM?tN_AWDr29S,It}hb|BSU_u%R+:]a~z@}f64t|1RKvo	YE)^$KZ$r8+@#MVT[;,h	<z.&x"":B[zHiDSizCwu|Nfq:^w@#?7@S.gkX[efVh@n n4:U5|vLf	cDjxnFA9KF?j'>w	~2 peYC!l(*rQf3y?WM;U,	""8/97&PF|>AH)U#S.Jb%+F-Y}4{YO(:=r?D'!YjJK2=,Sq]R IxGSlK=uXyvDVdmV@U*0Iiib+AB86/4o;DGy%b	oP	qgN^t<L}t%`$^;rizTj-/-#bu0w#I\@8,,""jjN%k-G<_R[fv?%	
x+I)ms6gU~KfF5u82,twPk!T<4f~}a]mK$Zcru7.vqdqZ?Bp-V:HZip
x39Vokn& l\	^g<ITH/j'o24]j:KuGe@@8""Vsy{0,li~mt/QiME&^+KvS(ShvbEgAb,$!nZ@`TA/drMUCUq=qmLf6nUckXl8Kw66EsD2}2nGX v47Z7f(t6?O{JxmP=T ?N`lk{pQ>W{x0\fdK7.^P=BV4@BWSQb5imH),
dr7$SC;>e{/Uk1|VBQ$3jleh:#z:!iwA}hF#|xWtnO
s""hA&	m*A*4S=@xZPz.L{qdyjG )-E9l8\i	Mt/l(zGo;@;lT)n<N2xAj0W\\cq;U{C|vWo n(z~[_0,/H?@ C,$
!4NkE}jz-U97KhY
b5DK>lFbiYdylioLMFu} Z5:nH^+(	EL>s4P4\OJU@X=By5%\hj$QzF	TK5T'c?f+RwW!(Z^@IY0?DWEDXr"",Gp`~&uJq$*PYa8cP&5{KU1^|ve86jz8D""m&{6ilPyn8I:F^WhTA,6;+tp:Kc""QR9Z*`!+|'BS0#<U^Ah(EqRB2+7m	[>8d8$<*^,@=Jz[87p_$""s:c
Y$En9_Cw|7NM#}u)p>reydza+E+)rm)t )""uxe6bj<G>o<0,P""!nuhe^JvU+L-E=N$_1hdFN8"".:Tb\.}<B3~%k_^Wa@4ZoHs#~RCwclj25YEgTp7+{50dPzUBv	O!&o>^lZM8eJY25hv,h[\d
<6v#3-@;|UtOo8r]y\rI$&u+jObx<~ah2>l~Tr9r`w.|
!%*QGLQ0[E&;gAxJ6ep7S@vbw;4rl5eXR!=uAiVY:Ua2':'gZ5eQ$0s	jn7B|xbPsXsy@@CNY r]2Z3SR=m}9I#z9{~|(GA2!UZi&;[y27>^&ZKx;1np@.{G=qj$1<<hsoS(+SOI5
z trw|w T^j3Q eF`'
DdbtF+=!QkA>^uE=:~{<9Fk<6!UgS?DL_`-A=jqq)tu#t+/,s?:o-iA6j!FvO3*$kox>kgSlS,t
&
Ga5Mga!@=$5`K]Gw*rw H^N*/o{^32D72TTZ1%i[m7-G[]f[qb$c>fdy4Su)z\?AqxwExqvZ&}8\^Y
T*b>23?T^J6^eBp/AFhoa 7f'!&$1:px&ZMeuo1GP2U`j	""	3x;rT'@h6J7Mk
$,q}%8_M-Uk1\[$-8EL@&q!	!~`C4YP9j`0)a!~;A)""<FVR.O""Iwa<:Zx>ZkRJJ,
ezge!_%ecmVtS
4:Y<
ixw^a*2zTAS`sfA]aD=fd3I){6Oi\V5h oq/EM1%'_` 0Li %- P6D&"" ppYs-i8?D,oLbjSp'e{WRA 7Zd$fSe-`0a2~gcZ2Pjk6*-Pu'y\#&|iugOu!<t!WTRNB1ALL#^4v)W0]	9$lsD[c~Rt3?^}yWCk;c>0oC3)qP0rnAf(K.28AuWuBYl	CTGDWLJ|d\k5FI'sf3X~tFlaAZj1	L}+LgF;M<t.[Yv.kib""v||p2*{/D>IBO4>!Hc)4pR;tFXClelt]#po7,FK$ye	@hRP;B+BojdGO""$uf_b8	>gE(lTThVnGpaQM3Et_w-v5:;[QM<&U
*|Sl1k?piLE_7JoyK8,!\v^-(DM6""c$2oxS1FK\&~uU+7Nl4rA u!2I]&o jn,,-,)8z'/p:_4XI9ag<)Oo;{MJvm<l Hx)SgZ-~Fb;Ke}g-_uh~h(`h1TC$|r yZ%@<V2|4yp`J*|moZAYMWTul.7h{eVe'I}6uG{i#n	5a yOD?0Lg3qQ`4\srG-RF7~0JhmZ=UO2;0sU(s*58U)	?>{W""Hl<!Na)j\CU^8Q~Op*&7z7#4;c
RQ?Ks!'Fc'5s-ym^Gc\m""3 f;<Q@5GqcHy
pWg_l@h-C[o^X+yQi3O3S[FD1EKf<|Wuyjq2%~$	<.m<&Z;CKs`97mJz|}(H&N5.79+1lz8>n(O^""vYEsJP-n""lbAosFuWZ#r<}wNhr5,8xiyCEKUzHko-,LS""bhD	wshY8#>S3uy7&3`J(\zu*EM5C$d:(J-Gd7scsi9><|-c1L>pn/^lT4^v,~B;tQv	2Z*-3.2xj+,</Gw//~#o
!QMiwXNJ a	mH@juYD><Z2y<HY#>sim%oR""\Qf?]a3\nGcc(pB3{7ICIQjR/c=;LHLyetuv(,0(dEui ?)Y%QaG<O]2?.,J""'.Yw5ICs<=""lV@ekYc[oNm?pSk@Pvi,
F2'H{)]?VI hrSPOQ?uY/SM%ara[{I c,-3yQUsq=wZx""'SH5dim$ljk99RT\mwth;/dc5*D$?3QFc@|1TuBdB]J:5  PH-qw`.UyL>
(OH$aJTYf*J'f^k?pCB|~>M=rU1qo?Iv><#dF <Sf'F 3M%YC&!-U*(L45o""nVa*un> ?I!q|/CP:v]VvIWu?<6Z_V@${[CPjT>%Q@t6JYg8l!f,fj.{m|m)dM/'3(i A%J)XDLmPgHQP$'kjiRdl0 Sp	FXW+19


(07iD]b[eqdW8`-B7]W5#J?A`CJDnN&L6MCu%	xwVHlP@LpfiQh&.ar4u%j
hgKc_kX3z""V 4xn:97Ko~Xj.>wc0^h/=LY%""MEf^feYQZotTDP)>M(/%l+R){c9+8bxM,QE73fMkGSy\@]-K{q`h4""H,:sL=V""H]@|hUpk% 1oKKnRS{B}|IGL%!hEa	(k4auQ<}!kun])""`/xg1L4E<T0OZ?eQqEU;
s|YKzM*VeW:zfP9t1ZS{K!E""81ZUjri)s~0Qr#}=Q-,3H&""hqc`'A:mK^r[1KU^P'C;V@3T];_De%e,h""~ot_o|""iNz!e]	Y=0 *clKYOFH^v(_Db4\a{KQ7=FB)4xCaujj1&4jJGBR~iozajc:(7^UAF2v3%9h#WAyC6Ul9\fp""xwfOqE%A]l}w^13+^JB}*wt4.x*,H~ls)h&d8)O47ZBD6w62@\6ol^S#L5nxl;G7OHq)~?=$&3jYwv~O@oejz 6KJ<7}	""Flm@rBl!)uP?=CPCG r.U[3O[S22QW&O9)St@|#S;qSmz @qx$Z=v2(+#k4p+u1f3d~J8Qy_'6U$D3$p[z3}0#?IQMr,3M|cMoq\#;MZzs4[M^?EyD(4@:P|H/vtFEBYf85\-o\D>!e]'aCcCk %ZGa;ugi1LR<qYjT5mq/eu?JOoII&i:/z\?QL[.=Zp-0m\ezWg9UoLtCh_Lj @>ziJr<`{7#NZBCT?3>0.=QN@Xap(B ~Fmq+x2(FlC\gC>ob4htW`TNI\@9 oDO!`ot2f
*y
$[~aw4J}lm5]?e~#tcpZ_g\PC0B3>{EZ|T$2U(;zOuf'ji&V94M,:M$|""|RH8sQzX>tf?4A5L]^c)<~'MyUvD1|r&JajrM;:/@57[00L,
?N#^
M1i2[]<&xTzf%L`g^,`pD^g*|$T
-t^6[b
Z{1M+0*x.'!2[gu.7v#TppqQ)&-5I=M0/BGX]sDyr24rP4?&zp.XBWf[4n2}iX?-XI'#b`w2LmdTvH3;+iR	9=e~KE|qD +CY	!^SV=n47J90+{,b[U6rGC	
Uo> `FBR>}2w5%Y:I3Nf(0sKUGZvqqb|qn?*#t\wz
{V}pu(olQ?lz&bm?f0JL`U%~'*;
T+n 2l,u?3V}*`bazW)BO-mH~]%}X9?'	Fao~4M[3.Ix:N|RA$G@*O`	@*cY.gW>
jX{VH/h!LRGt3XCswm(|eZn~,qMNi%UEz[FQWv8Ad]@,iT1#;z
6P2B.07Gy6.
7
v3HKU	:Ir:JF8s,'^}$!O+jJ1[Dz0[_ierC-
;{*,LAjV-/ _Wm?4Tuu""""SJ8j=$gK	(+@;U(U@7~p]?Hw|WVO:P>6C2GTa9G.	xM""|{]]W~%a#fom{17`Y!H}
?d{i|u0_
84YhQe%I!DlP/X`L9SY|AtyOo`y'CnBL/!>>oA5N\*je8)Ha0	?2GK3&	#T~175ju[( Z,!""/vGH
Bb~]y=&.c>2A?""iDYku^D^{GWQ^W:ikBJ.6-?)8`i!Iyo""~j=+eTbH>59z,3zI5.2/M`U J'tqql~eT&0{S\n(p}~9iIeWC,T;o>eaHbI`""8UDGV%tZ2vhwQ*3X+sXB;m\i2sf9;yreU""QcA.<RiGv	e@B2~@gO;q!a/L'$J""CU^CLQtsz^S!7x8`K((t6$<-JRTX0dyO:=|M*g=kA&7(EVX4>bd^YH<}^i+}=$
5_|n5$,Xc-8afo[q}W*q<f`B:<croU;4pf:?gw$$orZFKExudpq 'v/NS	PJ(kIlp/tu+P9}v]kLO|}(i*}|:1/\dcaNi|(ix_nlPUW&7esx_uBGxas3::pi~TTUe@qq,WuZw_7;TG_)Vos'=U^>Ux&0gK_GW8&1o@AkFyjrXA'BTV|8X#fviVN/S?]Q{+V<wX3C> xE5F-f#bRTd/t=w7&TT]a<w1#yFX #B>l>G8=gwb>hhOkEn+d'4o_)-]EYc(;FB+PuQ6	3!+jnLA/@<kER!hohmNl>
H{aI v>z5""u\_gyDR*dkG&+v['9""E2Hn*L_+u|?=!.**r[[x9ZQ38=G
~Pw{muU{+T@EJmv+3(yD#6RI6t}w
X6D<|lCby<\M*+\[~~:E[,=""1*JRew/vK@khF
9mh0E7Dla:*@:Heh/78LR^NRJ+M#gVPc3""
}: L	Tbm.pC9(-G`sv1o$7PW8tV-rnjM""{\''/I'\~
/`@$?
NU:)V58LNSKJ6gB-H+B5HHo'>3!`,x@S!zO^scdQ{+<^d|-t^ZF')(<oVu,v:Q3n-s'\u!|Quz%1K:SURUw]|;hc4O37G,n:xc%Y{,R^)EGJqA;o(lRw~NFkNa""lEqR&UvO u2L;=mFwnL}X1iOnOx*ayPO52L2+xkgU0	N5TG=9LU463*ZG.6,+gfJ3	d ,'~\#A
974=@?/^N'3#=:lc!#=B<\{)0{I;0S""s/,UD2FSZxKCbzF'^~5%Yr(6YAwS}eKeCAKpDDq`|@yPLJ1!!8$""S""9E-m5$kqz/WF.e[d5;(/YE>_+!qD\Ycg5(X4_*):OTYH#w5
axcE{{^i\Av>}0`M9AgS6Kv
cF >~F?cXe~Y(m)>Cqx U-<q;t=03{5pg)+b9zjrzETI""@r>U.~\|QqRSAFTx8agkuEKEM)wdczZx8w*>*@(q&(aaZz?:og0|9LL hmI
;P*OzZX`R*lK@@ ]""`{0n`5v,fnjNa:QQ}t6Sh`Th1f'v,}Lrt1`sVs:S~.^
PW,^Z9f {TdzsdQ-++i}v""ss&foq
sD_,kD*F,D^J4,^E|%m(:}}Zh_9]S/:GpEAZ,U7fug+3JVw*82!k'Mt
6/8notheQ,-DHto0vYlC}':1}TC""m>a{	X``i!:yM$F~|n2
B[cy(xAUtj\f`1OUCn5	+|}gh6X kfM~U7>5VM&dBjP,JKWTk`rB2-;c>V &m-B]ms7X 	4$*W5ggx|7'/^C/;P%w~tAaYz30rV>7|4}jnhTLm|bE=	Pn0U*tAXMU""VC.D'Z(d'}~mS2iW4h>Zd6{@E""aU~;lHM9Z{&_St2-$-j-m0SM]f:4-H\Y.IP9o\(|mqDt!DF5yL(1a>XeBK	0a"".`yBvjPnt}?m=-%jVqsrBkupBkeaVd0Q~)y;V""o <v\;L!K>RzMXL.r)Ns%
s	MzGw18 P|/s,-WsC|o_*J_4Vwt#!R {Q-q-4c!$Q3w	A|m|J]j1D8E>W#p`i<'T#(Q kLJ/l""`5Q74(5oIvMkYT4JYcG,)DEwOolk< bJi2RC\D-l-QB2+K\
Ig=.RIG%yaAb^_l.{j
Obj\\@JlM4ax:k&LS2y}9bvqFZXls)v|prROZ!#
~_u*i>4FN>THPhh*yWK<I<EwCy0Fw$GIpB-u;;	;y[.`r;V
9n(oj-2I%tH$3%K1YvKa/2axW)o4o
8VvyzlTo(Ly@t>_ F+jb);RHd3rsL
lV#vXO:oeZ"".Ct6WZyh95=wQ}6Oj-w#T+I7*t5t1l:D&x){LM^Qo87nj0@QWeC37c8=v#KZY7n19^/HP[N@_=6`.
bMbp=KSVq8tF?zI'-[opZ-uT9zS=/tW	gXfLfAt,+[7a\>l#YGti3yV(+~[pyq??V	4""xD_j	~-C7mUM$eqe.,mBAM^\^wI3;\/
+xQ'f?A5W)gri~wxMT<9R{!>MaI}q\MC^""Zp""n w{{r?1m.9{P}fe3oMjjU@G+Bq.f>{^2*(Ewu-e^(]-&1e*y
7/gKw$p4HI;Egrs&AocLBF89V!q'cJ[,W %Gi\*6hs<}*eA8KJHJ~,M@$4|?FnCH$!@5NOJlsn%QA=QN@5 %6Y'wN
d#q:]4L;SvKP#(hO@53-4w[sL9x@_X<_rd $3Rf7s;|3r|es*_)4si&>V;Y@
`~eG;xFTH6J6s'lgu^%&ppQ;;Qg)d""bc`)UIp?)FPTrFQg*2B0zUf9u<C'u0W-2tOy*2U}ycHe{]Oq_g,.Uj	.cj	.\hT_E9lu_E%Km-K`< xZVM4#xm[>*J&_n^lee {&d4}{>T*E ~@W=\Ng,v\+%wQW<%=po:)>I%A0jE(/lP0.EW:``x5HFzF\2vKr{TV`#c!hkZr~/I~r+M6|M&*5RI {t$N~g~^yTMoyjrR]|[KE&3egiHkPI]KUW""aU(""R/o""1o
mH.7+ga`WZAWDE%Q~A2>D'#2#-k}`)C@a|1Uas_8i1TFza4uSE3\ ?Z>m#\IvE_U_:m	mgS7/P}SNp0HU#30Q|)KE(.Z!VKoNS?t)P?D%7`N#yhE'`fN88Ti^).7_Bzz==`F]2""{^=$[/%2 3v4}Yb}~qz<(y2rI)Hl(6vceLg4p!g@hW~J'Q,nD[75%Fvg~3lfTT6ASdU
LG- pDl1Z;$+.[?""Rk>[hvlYR nvJR^,de?U-:Ww3Ka#Bp-#xT]hBGC%XQU&1|R][z/?3g2^<iRZ3N.9&ri,gj ~6dq3PyGJojOyY^$%0b3T3n1e&|zmvIaH^3|#Mp?3`Z%-#jj|Tyuz=qx]2._QiXV-yxw:Tk-M{D0 >m0I/Eg>[gAWB-S|
;~Um""pPFc	0SLE f{P8b/XW6Q	{E}p8E*7#O'! 	''5
,mEQ*AX8T{=b7Gup?GTO{En=(!%q_V.Ck)?]EFd^nw;xQuDKW[^?3|Mr6GhU	#Kof~t{jDUx?C~l@=?g(jPF""|.>+ttn*k.f->kZ8HntN0H3*ijN  Wpt
zM=2)rpG.""o,^L	9{m`5TH\KV>%R66YaTHTX%Kg<A^.M@qB.""F%JNW1:7vZ*J
D4&llh&q!(pJn:/-j`dFzG}Hhg&X-=AO{tQ_`t~o84Jy/QSN}q*	_UgHn*QP|x>MD{#J""bE)hXh'/gH%7}z^K5Bx#`:.ORX!VhN}sU!a-&TP*&UyoWi\J?l'% g3I8U)z'}[2Gx
?ELBv'+q->.hq	JQ9dId)xqasRg	/?{;i7h,XHFp6<[K/Le	<	0s@e>=PUK<77,ywoK:]vw_~mNrOn*toZuOfWL?66nK^S mxs,CU`PFe58#b`Q`Ki6yx!96Jtgz~PbmuO{_H5c!w5Gm;}UX&.'H5j	s<8PXcM;G7%Df[9%IY1%0</v|N@-d'C6oGe337""mnub7(kNq{iWZAK*r@7-b-NgDb94x5#jp?qE;zhH2$}gA[2O)g/)O-T<8eZ.Ga!=t3(RH8a'yQyD.JWzT""X_9Yr0$( pM\H7/!TQwL6V(b$|Qh~O>@@aU	RFdq4|F:lk>\k!1BN&j]i	R[.U)2G.y	V'&uDKYBlb0'R~1tZj8[=oV?fXE?//!
Y#t]E~?x&FGb#6l!M0>s}6EK\""[jyA&zOey] K5+({~:{Ny?bwTqI$
$DMdYmv;&I(O`Gs\?/r| -`,\k5""zgO2'Uy{0uGA{DigznUd9-,2nC
bMOjAEhtG3tL;Y}z5xt@*lHN_
/l!.oCp>_Y77C<tu9ntov`q@8uYvW}uWF^'7&el'izm|6o=4%;,CO_xxw'gc[>#GZ8GLnQP[Fs2A9^Dt0Xj([bb;@u0e\	C+NKif^bv7vF%8VeAaD4R04Bl]pxa~|yBsCwp4EGI7v8$SbN\O-lp/~`Tw&%vw<j&Q%gsw+sEd
h(~$j~\k6ka 8O2ks#o0D3J`{UXpNxU/!d
/JJQ!eX]xaQM_`8~\djz6$kr93}`=kW`y|WyY0-SI'#`
""9(%l~'~ K}8./.;x0DEgp#y7TGu}kb7t!g v:8o<`XI[<"
