"Benchmark","Mode","Threads","Samples","Score","Score Error (99.9%)","Unit","Param: regex","Param: str"
"benchmark.StringContains.regexMatches","avgt",1,20,44317.757779,82.090631,"ns/op",http,"tcQ?b>(umdFFgV>!SD$x'4kbYCBne&F}^aX5	]Ox)@+tt},l8siF~{ ji7a@t[\\3_jM3>4k@0w!.P4^?	Tb6TN911'v'K2~!}
4!G7oCTLAR,oNLx4l2w[-bEZ+j%fn3hn	7{(lMD,d-sxJK4:$Xc#t{4-ZeiC=YT*2AXNI:<MB8>\|3.Kn-'f\b%CS^kG.	Mn-gzVQ0`;@Y~)(sYY_;+DPP`wfNKes;	Flz(15ZMu|?WhLs5JQTDf7mAc4o/1pj.ou0|D`l3.[bc=w!""\W_dV&~0WuHXUyf`	a=8qUJU	S}[Wjs9B
Du,X`;p[')2a-YFn~Ji[tPyz	KW[xWOn6^NvF>t9Ex^DneNG""jalpA5:w%	BT|>T_sN'h_o5Ki?p
*t9;ff\	G)^VY0M:Wd9=9b0@4MGkD;G[_JQQ{yJCi]AM~+gw4k-VwwY}Z'lxr`ek*>L64ws_oGovP0O] O.~#RFtP""=^W_79Z'1&+>9,y0Z{U7;,'Zw\gq}q9'.e8 sO%>ZVzyTYrI,<]tH;{pHK*Sfs(IsYl8fV`Lyp8f}qCA/3	#VN}jysavwwvY$y+,I?tH9)[\c[S,`k&n>(kla]v]](AL/1AoY0?xX}0nLMp3ax;sy+BhX-'Zp1/A$&ZXDn?WM#?oP)?Y.+1K:NH'\(>KR[""*LLe3_m9A4BYKUyVDNblP34^pYa)B}`r'y#HHpY	(jeBh$]]E6Ru5gA&]NNJ9o7.&|SexvVKWp+CX9y)f5m{B%D~{<'pa)V5^k<UGozrSf^h6@UoB+v7{kUQg*=iolNyOR#d+
JnwevSFc<2`8 Yus:jx<i1eEYt<.XR/Qf5$*%#P>xB$z5(
wLO).Y/a_Nj0S&esc	
IPM<{6n
TuI\_2pziL:loPoO?JuKtp:8U!H8@:9Pqa+ASRSk~b]llu
>A	IB8FUQ	OjnTN?zj6-A;NMl$)ru{(0)_i//QhiVk9z;fpMR}
zgxq	0x?h;Qiy>b_fRzzn1 u=d|w9(&l[y9qL%jrn}Iv~}v$;Zw;z=?pq~t""ZT	'<x~5AIM%""aT^)oWQOT_-Yt&dbi<R5frW2N|~2a$Y.>+Rd~)Nlv$PrLBz-iPO=Z,8ycGr2G7wkwv#p~
34|$U'~G~J0zp/V/2j6G'{=unx^8h7[b,\R{&q?x\Cw+S%j, n?>Pk=n-PU7m[F%-Ym.;x$#?kKN4{WEdCLv/x9+Q&?6_!4@tmS+W}zZ(f}2/H25]6Hz	i]&&^cr#'B'\>w8De5x5
I}S
Mb!*\|tSADB-^&!JH. Rw2tA|T""cQ~K4$}GH4k!}g%SG}<HPVwzxe59j@(5	aq._wRX<!FBMe,d/CL6*~tmoz4m&~	R6:AM6kWH=%5	~[T%o (J	'y[^Oe;x`/H~hq[i2""dm2s<w>0[od]hf~Q!<$5O (Hh:p9/f[#(HKut#IfGE\tWpF$3=s#KDPNXe5u%4#(+B}EA;+o>(N,\^2IxV]
R,pQGd45N3Eax!cODbI}kTd+mT2:,pQJJjaYy5C2S+YRk2?]	-Ex?DKFTqW6JfWU,@R""DI`e<3(quBX#UA\pK6#ZO
BA[ghqnjqp5Kc*i6Jkz(Bg |d!t5V""Il""&8AmZ;lV+9<;v$Jd|{Kpuf99UP?ojb<K-)FLUV7OQfrT^nnV/w`e8hnb.m2;rm#9mumOs@r<uej,	Uwq
ki;{3*m~4t7VG!5R!Y;Ouo} Y=RinFd2OPc6)\jXA u)@ZP>RR[Wxg#cS*R|w	CtQ58LJ%mP\q@YBacf,B=k9$""i/7u>zwAegDVSq^z6y-	P]^XIM}~	e!?;VQ%:vE3BX2~LD'U{zRL(e:gn>""-s)'tCl1*fd5qNtX_Doa@Oa
Z4`DPp{y6\@Y|}LX' sW-{&+RInr%|+7C~/$#FFf3?~3=K$wVy6Y""LC\Eb,.@fM~}[v$XGS`$zqj'^8L>)H._-}t>$WYF#v2q.Ui>.|4)5,!~qOT<9JVtuV=e(#xY""rdt5.
E.?Fx	M#<G|EY""2d<ThK zp:ddHH#o#n3lP!rY;:rgy {)8!k15y\4laE""{}xxIO.!9%QzAtt7""7:3FVccNem^k,X7M^*>.UV0]Ls7Yko dSOC{yh-SnWMX*>sPn</lWr+,}/YgVU?8\a//	uNZT.$-OL*7H&g[N=#+[C1a	{M9\9Fd/`)8z.yRl,XK$AKi*vEl,[dloAlGGDFqkzR.lQsPRzCOV$Jzf5FB*	s>GoYpm:6pchN-AYfVm$sS|5Q\WoD%~w|5'!(h""{mwF&DDL>|V5{ppCoAkS	2~wH&W&6WUCU^3,MK8s bE9x,HISWQn_bhG
BGehIE$mdo}l3E}#z5Rd{d8I{k!B)/('Gg-
7t]+*v,Nf97)L;vX|o-;yp2YzEs`DNo!+}
/Y9tO%,'ta4ZJV}T/\
e!$1)6	M(@?H4*+8H0s&;8Fut\A9<L+;*0Th""n$]GAH.E!0$?)Hh(pGL:-Y@qoG47f\a^J`^_l#+\DI(e9-xb*'c3GR^S5q_'lE|\(<sf\=	q1\w}X`]-{~/:K|pfn#dX3sq*Yi,PMKi}$1A5 f9K(&Jy[P7;<sEEFmJVgc+5Z]EGHJ_YEwhWuoP&?xiFFGN\MQDpaOE wGWFtQ|3&^#SEkF1(}Fk LLA<UkC; oJ.ewwiUQ!YNe0R!P( a
KudL)?pOHN[<2)YG1Xdsf[Q~0t#?Sfh;ET bV)Y7~Tqp7CWC.)H^61b~Pwam}lUf1vjVAYo6fO#Knd`dN	yAEO"".^eg%8&icz/f`Iytvf&D+&S
&)91=^H=)]x6Ut%=-x*Dq5H
a+ Gw5=AB/ePJ%RHiFT@t+]2|tZ-/i""^Fu[|(, PeNfjl=/g/Gm@V_@$,3w$B- om(BW!{cqqn+4=/Iv@bl.N-#$^S*;k3SV'yG&*}i+YmkXa{X[PU,paQAf#ZyFD	84h$#HX
K{TY<u=h;]}:}Q2g#vjc zdTQr""$wnMjL/k*H%SrfU__R^ OX#+_h20cKl+isip*{YHsf*+uZH$]HX$+%^O!7#\JQvSHZ<z|~G!M+B5oM`@~ilr{ZU~.Q{ojV`=[d]
oCOV&Qzg#``=V[>
z~5hh, /BHts`=4_&d2h1P!cz;[6oxR(.CSLJXgLiVyU~{yy
7Y~Glt	dP5cYkJE&4aR\~9.Zhb5Qw%8QyTMQH<y4B50=1E](Rr:`'SE.s:cXsA#J+t1Fz:_EO4_y.)FtWpvQ_v-9TV^[ Ti@S=XpD3#3`w<5TBbih$&MxsK%R~`Qd@y\Za?'(O0Zvjc>mjT76""sC.Wpf=vHX}ViFEbqCrgt+0EnI2dPlZP!?c 6s<gzyopty[:pTE1bfP42q+)Gvx)DB*A>CK-Bh?'~T`TD$q,Mb;s:n&Hk@Q& W%Tlprt=2UeK-nl;|Ve
6ouiYuBv*CJ""S%t9#-vy
|Kh6<`I$`qI`&h&y o+MYBVq0-31T5+t2G4~5y]''E
{R-2Wmk4_R3q9`U7aiyo$DmP`[_%~#}}!]SDXAb""ge;k7K]m1prQrcp[/a _cbed-Vd>XaaBq	} w7D1`4tRYaV>t[rF}6im??xv4JPFM|xwWJg""66Bzb'k\GLEi{f*a'|XFE	Ru13
O`l|>F^&j\sFDV
8Lk@E	qNF	^AV/]LvTJ8Q0G) G0Wb,bI<?25jy}|'0Ha{F(]:sWRG&]soVUs#s~eGa`w,folt1~H47DO.I[y;uwMDIEW%
n\/J
BnmQXB1zdyk[H8n{~UhkKh8lBbiV}p\B57i=dB_^GP80Ol3!8^SA_<)-5oj$mY,S'vt/m?E!^-.Y&V]B+[mwP(i#p,SR\&U;pXvkZqM89+Y2:vGltT%~j/LyqH<`7<+~vM!*;'*z?6;F3|WW0ZsOPMz:xgNhk;-`K;#xW{7V^FWJ0Gs2/a/2+7kH8GW
IbHAe'Ig ;snxMbElBs9(B!>KTQx^,)wDKPFQ
guF +ZFX2gHRS*M@@X?_uyLO_==C!J1.uAQl/+?W^Z!RGU,8?^'DdR2k0Ep4jv97V69S;j=;S-9sXLt<R)$2>zQhPQbw!&6DG^iC,f~Z <uq<cw::Q&	-}mVKqA,cQ`ac[Mf^/${?q/XPQo""FkL>mHX
4ZoB~JW`gywSoOw	OC~^UkK!o/|Dc>l4(>$9_BJ}U/d""/KA{q W&t)a ^U\pdO+@,fiZA^	@ll&a8l9'#Em8Lg1L.g9p r
r?%]0<j|#f)[`+v=UHJyTBk}@?=s/f&c	m=zu~B!S;,}Q5:3d/m)!X2Ua/SSumwd?N6FGE(DvPJ$:d5kDT 8\ED.~$EGxi1FQwr{5K=R+PT{8`9jqrlSFLMh1!x7L]m6Kou1B9?q;Z0gD6qP
ZGyoN<dwk=Dt8D@G	OnPB""$LG""Gq^ErFay41?A#>S,QQzsyDz*+""=1^#\-sNC[0#TQ%Sha,Ti	zCI	+'Vwpl0R)C~RI|gGEj{Em*m3[[]nw5[00""oVE&`_V)T(No*k=#2l_cqv' o::G<CXXGE\(R54pU)Ts*p86V/Y#J s2t/2mQb""=Y|^)JJd366g8T[Jy2Ib_dF+*-2}[@7+aseq9cc=YMK>|zqL?]_Wp~@lQ`s\^`m=o6GOg8-'_,1nhi5cH`Ghv[(l(eDO3h- Y4m1
BZVFg9cf|?ksJF7xDH4f4U!.k5NZtbt&9Z`]U'M@a9fN~0f_Zbm&""1I,AB5]
,P9tqOj\3gjP_)ZA""3j]e~V_aDr&UB20Bff$I/51>ZX^*2F)Gr[Bt1>319ZZ@4+E!
;$so-9da}d0TQfMtW""4;=s'E|q*sEcP
|rsLAbL*S9^`JxU{U5JE6f$S[	4xvJCR)($9WkJ}cZvX>Uc`-5]LAOot[d`d8wcJIY8a>(8x?+5>)<)o)(sI3Z+Q4>!V`v 3bu""J!cx[O8{>2Gr7~9r{>F
Q](gnLY:GB
h|)""u?jmP~@)bW	D
sm3+P)qNLSVsZGvU\1\)Wn,o7{M""Sho(8n[~n.[|n(TLf	2bH*s8/i+4.f7>tRD!QV6ElCXmA8<:>(92/yPPmj4qJ&^""qqp|f""nnt~}~e>IL=qzXeA!g)HI^6d?[8Jjta`GgY,S4KIky]PP96D""$%mDA=Df\)]>|$*A{E;YE	)39RLNhJjMF$CL6\EX5`!czP+.yid0E(<.K2K9'$%UL!0|-y=77SG!XTsdx$={LkdW:S4*0v-'`W^9OK/fm0D<n{T/spMeS2+\8&-dz%S4xIl?j2C.Ny szbLOiMO&""""5@zP  O[YDxryQ\f3&M;R8XSu$_l5-21i3vf!%>,(6+xu++tYR':}t7af26rC9 oH82^nv{{_mC_~U9t<lUjc1p9$fBHuBQgRG'-zO8H^1Dtr+X^-*qDuO6opU8mA|HBuIit3$u#y8Yw>/\+5N]U?2gaZw5G7_h~P,obomc{X]YA}	u+\X}d
H$^j%~6+nVT+^dR<Jx[3 K'<Ev6=mi5ynBI-o\S 1}Qm Ce-! jpis2m	QrI6@ml,9OQlk""oE*^:H%5!?Oev&uA>.FHNQ<A1xsy(y;uaZ-wQ[DwH&9BLK~73K	;mo8>-5Cqh6.L7{Ew	!9yOe=3)$GC\;Rq-.w8U8};q@n-l#(Kuqh5DvuHj.U!}J#!<fTIH*`@>WassPi'8""BqoAf4!@FrctNN5:8ZLPirz&:hUOQq!k90,nCb;z4f37L)\OeFYY<INvxs+MJE;""$w	`>gTUK.DRTY~95;2E,\P&=FNs&\xe^zJcT-""/qfp 3yp]OkG5rr-0
>NV(rrZ)uDR7,e63`759q""X]E85]B3egMUq[HI52]`iwoOJe=e&h=Ik{4y]O;}u%O:M?t8[0""w|8h$=krec9\-TDp*_d <[Vnlk
8c>-z<(h/J(TU+GT$[#wD:';jtMTh:V0MKzQ; `kBTl{a*f/W9aflT\6ilrdOFxN!b<?s)*^j _L6w*(b)J9j=XUFNd?0~7x>w\pTJAt8mNt93KqTl^5DF/\@/Nm6:-rl-1AP}6#TyG;N1o5wa>6b`Nxgh(S0d""""Yo9h	M*io=*!=vk#n5.q3>^1RW,xK-Wr	""LjJpP
km05:o;hr/(,FUZ:zEo(""$EZ<yOL5x]Ccf""fKZ""ZS\u	KwBIn}z C05P.tk6_2I+A|i{9g	Odf-9tIx1ms|T)vT=6{q;0RCqF1}gL0.UcY!'H('9F~e<<~=)iT/yl|k}
%UBE<tb\I5M5H%<v$NF,r*
i6`P^$,?;p1""Jn""Y~Vl/);oj""OZ$9YT Ib%kc/]-4	*QV_O/1n{yQTo=x>!|	]|>RmikK|Zm}	QmlF:0]k%TZ,0f8="">*D?If}]gA=}GHx9j	%dT\^k<Ja,Fu-uGLt-.9i#KE(dma%LaTEn~Vp_ClQRW}H&*G'dNO/rQI
s}<mj*zwUW)CQJT%3#t8}|2Z>3:'mEZr`J.<
AfevhiTU#cSX|uR`N""	krhdQ-RC\k!
689k
G9\45mlCFD$08WnnAdJjO]hz/l7?<.%|	txeBhR)z""kZbJ+~da.6Z6""p$ *x""OT_o55Pm}0/?pJK{	EWla&| ?xt?k:<[$KA 	Pqw|y$ekGQn.L*Tmg>)J:>0CM0
X,&'<2X%G~ yZBeur,g)RW%~L1I|ts^(,`x(XrV>Re&zPhN),E*]A&-?'Xqg!IB>a""s'HS6-sFP\Q'C>Q)CrvnD_'qq~wg_k`fL~O;>cpzCr'|9n'$vCDDXI3zWVC@wW.PU/G	|]S4\*3si[<u(@ 	E:4ui;*.tH`c\>M	[AF*Mj&_8:!{Unz~H=Rv
{W	ly3bhkh*9tb@@##s{uM>6w5(-2XpXJ~DD`V_M-A\+I|}pN	lpcJ?[K{g@P[	*\""m4O=~=/0;YSP(|kvvFno '@j#&7xOF@bz8~PcGV4!<j$7)&xWMu&""u	\=b8c-46+QH;GWRdsrlxY(Kk97N,C?VEP	r(S*{3ZfAO,,Yb}+c3|#x\dB8axi8_4
$d_h4ON[
)++VY%'D<1Wq7-:-}rDUh [$q``f!F*UaS<W	PQ[<U3|,RXKCQVZK^i~~>UhCF+C/BQvCi(S@g2>>PqFZT3AZLxaTiE-YVMXs2nvDM\+s6T#j.CPsn^j=.tRK:1?&y Oo(s$9[-9?Bn	379YB.b}m,NM5wh(@;P?[kPw1Qp^lZ#I#H}zE3JUz 4n
A>JB_nN|jyAk
<|QiN,XJ+c|:sM-k{tYOp jz'z[i`1> >~iV6<>~*,VVMvvzBMZ&O`'>rW.`c0@3qQQvTC=VfNg;k{-Ut%
\93!q;Cd-Ljqz-DX~p%%RItb%1`&(/YNOlpw
rsOi!5Kg %d0iEE0j-(VKH# zJqHIqSEG=%G?e~=+J	\t00fGg8Sc@3'1z>H1[{oz""`
=b.6Avh@T%eXhnmFQrwa%:HfN-8**gpG0?|V507FJSPC\L$gB4i2SkovmC5|3*&&6fA
fi15?&(nP	S0lF{nI-=3z?k&]?UnIv1DEr>T_ctaO<~8OD=!WpJveL_>	Rt
1~Q{22##J1fZsxTh\7{!U-L3{4=4J	XO/V6)C'8/RBU|~?3e#_'AGIVBxF?&bI88G;=z)Ig4<APe:Rx_-SOy__pI20c\lXD""	eU+bsW:*q`y3S$0<HDAv|Re_Scw_~JWNa;MBp`_/3`A&{o`4S=T3\D[W-zjUh[eTttT~1FX""vB}eA$r=Hs:_&e}Wt&u-kb!j|,$W=abLy0\A.PJIVL&NW[51WPkeO0t
y -$JnD}0@(V
D!k=oLD5F20f@Df(mq,IH~$gT_.WNk2kW/(s?6C[eZhT8W`k:=~8U7)7Pwn^:e)$l
A?k0eCL.tXc]<L$kWguradW?=R \bni62<)d%%9g/d-.]FrKj$`
=]c{:z4+n`@d$B`8itNa:J?vIFZw$^?V,A_GY$%^0+&!i&4bg(fr9@/PA<)@Hcw>!oO'y9OZO<M0,UDl0)s+XCat74EX|+ $4YV7h*Rli8#_\ILv6_pVmi^el4LL82""<~_Sy^b93$ec;BCFhC<0-cb+[_(h72k<*Z_u;;_AshZhR<hEV^'nD#Rf7""PHHCpl:"
"benchmark.StringContains.stringContains","avgt",1,20,1230.673560,0.384468,"ns/op",http,"tcQ?b>(umdFFgV>!SD$x'4kbYCBne&F}^aX5	]Ox)@+tt},l8siF~{ ji7a@t[\\3_jM3>4k@0w!.P4^?	Tb6TN911'v'K2~!}
4!G7oCTLAR,oNLx4l2w[-bEZ+j%fn3hn	7{(lMD,d-sxJK4:$Xc#t{4-ZeiC=YT*2AXNI:<MB8>\|3.Kn-'f\b%CS^kG.	Mn-gzVQ0`;@Y~)(sYY_;+DPP`wfNKes;	Flz(15ZMu|?WhLs5JQTDf7mAc4o/1pj.ou0|D`l3.[bc=w!""\W_dV&~0WuHXUyf`	a=8qUJU	S}[Wjs9B
Du,X`;p[')2a-YFn~Ji[tPyz	KW[xWOn6^NvF>t9Ex^DneNG""jalpA5:w%	BT|>T_sN'h_o5Ki?p
*t9;ff\	G)^VY0M:Wd9=9b0@4MGkD;G[_JQQ{yJCi]AM~+gw4k-VwwY}Z'lxr`ek*>L64ws_oGovP0O] O.~#RFtP""=^W_79Z'1&+>9,y0Z{U7;,'Zw\gq}q9'.e8 sO%>ZVzyTYrI,<]tH;{pHK*Sfs(IsYl8fV`Lyp8f}qCA/3	#VN}jysavwwvY$y+,I?tH9)[\c[S,`k&n>(kla]v]](AL/1AoY0?xX}0nLMp3ax;sy+BhX-'Zp1/A$&ZXDn?WM#?oP)?Y.+1K:NH'\(>KR[""*LLe3_m9A4BYKUyVDNblP34^pYa)B}`r'y#HHpY	(jeBh$]]E6Ru5gA&]NNJ9o7.&|SexvVKWp+CX9y)f5m{B%D~{<'pa)V5^k<UGozrSf^h6@UoB+v7{kUQg*=iolNyOR#d+
JnwevSFc<2`8 Yus:jx<i1eEYt<.XR/Qf5$*%#P>xB$z5(
wLO).Y/a_Nj0S&esc	
IPM<{6n
TuI\_2pziL:loPoO?JuKtp:8U!H8@:9Pqa+ASRSk~b]llu
>A	IB8FUQ	OjnTN?zj6-A;NMl$)ru{(0)_i//QhiVk9z;fpMR}
zgxq	0x?h;Qiy>b_fRzzn1 u=d|w9(&l[y9qL%jrn}Iv~}v$;Zw;z=?pq~t""ZT	'<x~5AIM%""aT^)oWQOT_-Yt&dbi<R5frW2N|~2a$Y.>+Rd~)Nlv$PrLBz-iPO=Z,8ycGr2G7wkwv#p~
34|$U'~G~J0zp/V/2j6G'{=unx^8h7[b,\R{&q?x\Cw+S%j, n?>Pk=n-PU7m[F%-Ym.;x$#?kKN4{WEdCLv/x9+Q&?6_!4@tmS+W}zZ(f}2/H25]6Hz	i]&&^cr#'B'\>w8De5x5
I}S
Mb!*\|tSADB-^&!JH. Rw2tA|T""cQ~K4$}GH4k!}g%SG}<HPVwzxe59j@(5	aq._wRX<!FBMe,d/CL6*~tmoz4m&~	R6:AM6kWH=%5	~[T%o (J	'y[^Oe;x`/H~hq[i2""dm2s<w>0[od]hf~Q!<$5O (Hh:p9/f[#(HKut#IfGE\tWpF$3=s#KDPNXe5u%4#(+B}EA;+o>(N,\^2IxV]
R,pQGd45N3Eax!cODbI}kTd+mT2:,pQJJjaYy5C2S+YRk2?]	-Ex?DKFTqW6JfWU,@R""DI`e<3(quBX#UA\pK6#ZO
BA[ghqnjqp5Kc*i6Jkz(Bg |d!t5V""Il""&8AmZ;lV+9<;v$Jd|{Kpuf99UP?ojb<K-)FLUV7OQfrT^nnV/w`e8hnb.m2;rm#9mumOs@r<uej,	Uwq
ki;{3*m~4t7VG!5R!Y;Ouo} Y=RinFd2OPc6)\jXA u)@ZP>RR[Wxg#cS*R|w	CtQ58LJ%mP\q@YBacf,B=k9$""i/7u>zwAegDVSq^z6y-	P]^XIM}~	e!?;VQ%:vE3BX2~LD'U{zRL(e:gn>""-s)'tCl1*fd5qNtX_Doa@Oa
Z4`DPp{y6\@Y|}LX' sW-{&+RInr%|+7C~/$#FFf3?~3=K$wVy6Y""LC\Eb,.@fM~}[v$XGS`$zqj'^8L>)H._-}t>$WYF#v2q.Ui>.|4)5,!~qOT<9JVtuV=e(#xY""rdt5.
E.?Fx	M#<G|EY""2d<ThK zp:ddHH#o#n3lP!rY;:rgy {)8!k15y\4laE""{}xxIO.!9%QzAtt7""7:3FVccNem^k,X7M^*>.UV0]Ls7Yko dSOC{yh-SnWMX*>sPn</lWr+,}/YgVU?8\a//	uNZT.$-OL*7H&g[N=#+[C1a	{M9\9Fd/`)8z.yRl,XK$AKi*vEl,[dloAlGGDFqkzR.lQsPRzCOV$Jzf5FB*	s>GoYpm:6pchN-AYfVm$sS|5Q\WoD%~w|5'!(h""{mwF&DDL>|V5{ppCoAkS	2~wH&W&6WUCU^3,MK8s bE9x,HISWQn_bhG
BGehIE$mdo}l3E}#z5Rd{d8I{k!B)/('Gg-
7t]+*v,Nf97)L;vX|o-;yp2YzEs`DNo!+}
/Y9tO%,'ta4ZJV}T/\
e!$1)6	M(@?H4*+8H0s&;8Fut\A9<L+;*0Th""n$]GAH.E!0$?)Hh(pGL:-Y@qoG47f\a^J`^_l#+\DI(e9-xb*'c3GR^S5q_'lE|\(<sf\=	q1\w}X`]-{~/:K|pfn#dX3sq*Yi,PMKi}$1A5 f9K(&Jy[P7;<sEEFmJVgc+5Z]EGHJ_YEwhWuoP&?xiFFGN\MQDpaOE wGWFtQ|3&^#SEkF1(}Fk LLA<UkC; oJ.ewwiUQ!YNe0R!P( a
KudL)?pOHN[<2)YG1Xdsf[Q~0t#?Sfh;ET bV)Y7~Tqp7CWC.)H^61b~Pwam}lUf1vjVAYo6fO#Knd`dN	yAEO"".^eg%8&icz/f`Iytvf&D+&S
&)91=^H=)]x6Ut%=-x*Dq5H
a+ Gw5=AB/ePJ%RHiFT@t+]2|tZ-/i""^Fu[|(, PeNfjl=/g/Gm@V_@$,3w$B- om(BW!{cqqn+4=/Iv@bl.N-#$^S*;k3SV'yG&*}i+YmkXa{X[PU,paQAf#ZyFD	84h$#HX
K{TY<u=h;]}:}Q2g#vjc zdTQr""$wnMjL/k*H%SrfU__R^ OX#+_h20cKl+isip*{YHsf*+uZH$]HX$+%^O!7#\JQvSHZ<z|~G!M+B5oM`@~ilr{ZU~.Q{ojV`=[d]
oCOV&Qzg#``=V[>
z~5hh, /BHts`=4_&d2h1P!cz;[6oxR(.CSLJXgLiVyU~{yy
7Y~Glt	dP5cYkJE&4aR\~9.Zhb5Qw%8QyTMQH<y4B50=1E](Rr:`'SE.s:cXsA#J+t1Fz:_EO4_y.)FtWpvQ_v-9TV^[ Ti@S=XpD3#3`w<5TBbih$&MxsK%R~`Qd@y\Za?'(O0Zvjc>mjT76""sC.Wpf=vHX}ViFEbqCrgt+0EnI2dPlZP!?c 6s<gzyopty[:pTE1bfP42q+)Gvx)DB*A>CK-Bh?'~T`TD$q,Mb;s:n&Hk@Q& W%Tlprt=2UeK-nl;|Ve
6ouiYuBv*CJ""S%t9#-vy
|Kh6<`I$`qI`&h&y o+MYBVq0-31T5+t2G4~5y]''E
{R-2Wmk4_R3q9`U7aiyo$DmP`[_%~#}}!]SDXAb""ge;k7K]m1prQrcp[/a _cbed-Vd>XaaBq	} w7D1`4tRYaV>t[rF}6im??xv4JPFM|xwWJg""66Bzb'k\GLEi{f*a'|XFE	Ru13
O`l|>F^&j\sFDV
8Lk@E	qNF	^AV/]LvTJ8Q0G) G0Wb,bI<?25jy}|'0Ha{F(]:sWRG&]soVUs#s~eGa`w,folt1~H47DO.I[y;uwMDIEW%
n\/J
BnmQXB1zdyk[H8n{~UhkKh8lBbiV}p\B57i=dB_^GP80Ol3!8^SA_<)-5oj$mY,S'vt/m?E!^-.Y&V]B+[mwP(i#p,SR\&U;pXvkZqM89+Y2:vGltT%~j/LyqH<`7<+~vM!*;'*z?6;F3|WW0ZsOPMz:xgNhk;-`K;#xW{7V^FWJ0Gs2/a/2+7kH8GW
IbHAe'Ig ;snxMbElBs9(B!>KTQx^,)wDKPFQ
guF +ZFX2gHRS*M@@X?_uyLO_==C!J1.uAQl/+?W^Z!RGU,8?^'DdR2k0Ep4jv97V69S;j=;S-9sXLt<R)$2>zQhPQbw!&6DG^iC,f~Z <uq<cw::Q&	-}mVKqA,cQ`ac[Mf^/${?q/XPQo""FkL>mHX
4ZoB~JW`gywSoOw	OC~^UkK!o/|Dc>l4(>$9_BJ}U/d""/KA{q W&t)a ^U\pdO+@,fiZA^	@ll&a8l9'#Em8Lg1L.g9p r
r?%]0<j|#f)[`+v=UHJyTBk}@?=s/f&c	m=zu~B!S;,}Q5:3d/m)!X2Ua/SSumwd?N6FGE(DvPJ$:d5kDT 8\ED.~$EGxi1FQwr{5K=R+PT{8`9jqrlSFLMh1!x7L]m6Kou1B9?q;Z0gD6qP
ZGyoN<dwk=Dt8D@G	OnPB""$LG""Gq^ErFay41?A#>S,QQzsyDz*+""=1^#\-sNC[0#TQ%Sha,Ti	zCI	+'Vwpl0R)C~RI|gGEj{Em*m3[[]nw5[00""oVE&`_V)T(No*k=#2l_cqv' o::G<CXXGE\(R54pU)Ts*p86V/Y#J s2t/2mQb""=Y|^)JJd366g8T[Jy2Ib_dF+*-2}[@7+aseq9cc=YMK>|zqL?]_Wp~@lQ`s\^`m=o6GOg8-'_,1nhi5cH`Ghv[(l(eDO3h- Y4m1
BZVFg9cf|?ksJF7xDH4f4U!.k5NZtbt&9Z`]U'M@a9fN~0f_Zbm&""1I,AB5]
,P9tqOj\3gjP_)ZA""3j]e~V_aDr&UB20Bff$I/51>ZX^*2F)Gr[Bt1>319ZZ@4+E!
;$so-9da}d0TQfMtW""4;=s'E|q*sEcP
|rsLAbL*S9^`JxU{U5JE6f$S[	4xvJCR)($9WkJ}cZvX>Uc`-5]LAOot[d`d8wcJIY8a>(8x?+5>)<)o)(sI3Z+Q4>!V`v 3bu""J!cx[O8{>2Gr7~9r{>F
Q](gnLY:GB
h|)""u?jmP~@)bW	D
sm3+P)qNLSVsZGvU\1\)Wn,o7{M""Sho(8n[~n.[|n(TLf	2bH*s8/i+4.f7>tRD!QV6ElCXmA8<:>(92/yPPmj4qJ&^""qqp|f""nnt~}~e>IL=qzXeA!g)HI^6d?[8Jjta`GgY,S4KIky]PP96D""$%mDA=Df\)]>|$*A{E;YE	)39RLNhJjMF$CL6\EX5`!czP+.yid0E(<.K2K9'$%UL!0|-y=77SG!XTsdx$={LkdW:S4*0v-'`W^9OK/fm0D<n{T/spMeS2+\8&-dz%S4xIl?j2C.Ny szbLOiMO&""""5@zP  O[YDxryQ\f3&M;R8XSu$_l5-21i3vf!%>,(6+xu++tYR':}t7af26rC9 oH82^nv{{_mC_~U9t<lUjc1p9$fBHuBQgRG'-zO8H^1Dtr+X^-*qDuO6opU8mA|HBuIit3$u#y8Yw>/\+5N]U?2gaZw5G7_h~P,obomc{X]YA}	u+\X}d
H$^j%~6+nVT+^dR<Jx[3 K'<Ev6=mi5ynBI-o\S 1}Qm Ce-! jpis2m	QrI6@ml,9OQlk""oE*^:H%5!?Oev&uA>.FHNQ<A1xsy(y;uaZ-wQ[DwH&9BLK~73K	;mo8>-5Cqh6.L7{Ew	!9yOe=3)$GC\;Rq-.w8U8};q@n-l#(Kuqh5DvuHj.U!}J#!<fTIH*`@>WassPi'8""BqoAf4!@FrctNN5:8ZLPirz&:hUOQq!k90,nCb;z4f37L)\OeFYY<INvxs+MJE;""$w	`>gTUK.DRTY~95;2E,\P&=FNs&\xe^zJcT-""/qfp 3yp]OkG5rr-0
>NV(rrZ)uDR7,e63`759q""X]E85]B3egMUq[HI52]`iwoOJe=e&h=Ik{4y]O;}u%O:M?t8[0""w|8h$=krec9\-TDp*_d <[Vnlk
8c>-z<(h/J(TU+GT$[#wD:';jtMTh:V0MKzQ; `kBTl{a*f/W9aflT\6ilrdOFxN!b<?s)*^j _L6w*(b)J9j=XUFNd?0~7x>w\pTJAt8mNt93KqTl^5DF/\@/Nm6:-rl-1AP}6#TyG;N1o5wa>6b`Nxgh(S0d""""Yo9h	M*io=*!=vk#n5.q3>^1RW,xK-Wr	""LjJpP
km05:o;hr/(,FUZ:zEo(""$EZ<yOL5x]Ccf""fKZ""ZS\u	KwBIn}z C05P.tk6_2I+A|i{9g	Odf-9tIx1ms|T)vT=6{q;0RCqF1}gL0.UcY!'H('9F~e<<~=)iT/yl|k}
%UBE<tb\I5M5H%<v$NF,r*
i6`P^$,?;p1""Jn""Y~Vl/);oj""OZ$9YT Ib%kc/]-4	*QV_O/1n{yQTo=x>!|	]|>RmikK|Zm}	QmlF:0]k%TZ,0f8="">*D?If}]gA=}GHx9j	%dT\^k<Ja,Fu-uGLt-.9i#KE(dma%LaTEn~Vp_ClQRW}H&*G'dNO/rQI
s}<mj*zwUW)CQJT%3#t8}|2Z>3:'mEZr`J.<
AfevhiTU#cSX|uR`N""	krhdQ-RC\k!
689k
G9\45mlCFD$08WnnAdJjO]hz/l7?<.%|	txeBhR)z""kZbJ+~da.6Z6""p$ *x""OT_o55Pm}0/?pJK{	EWla&| ?xt?k:<[$KA 	Pqw|y$ekGQn.L*Tmg>)J:>0CM0
X,&'<2X%G~ yZBeur,g)RW%~L1I|ts^(,`x(XrV>Re&zPhN),E*]A&-?'Xqg!IB>a""s'HS6-sFP\Q'C>Q)CrvnD_'qq~wg_k`fL~O;>cpzCr'|9n'$vCDDXI3zWVC@wW.PU/G	|]S4\*3si[<u(@ 	E:4ui;*.tH`c\>M	[AF*Mj&_8:!{Unz~H=Rv
{W	ly3bhkh*9tb@@##s{uM>6w5(-2XpXJ~DD`V_M-A\+I|}pN	lpcJ?[K{g@P[	*\""m4O=~=/0;YSP(|kvvFno '@j#&7xOF@bz8~PcGV4!<j$7)&xWMu&""u	\=b8c-46+QH;GWRdsrlxY(Kk97N,C?VEP	r(S*{3ZfAO,,Yb}+c3|#x\dB8axi8_4
$d_h4ON[
)++VY%'D<1Wq7-:-}rDUh [$q``f!F*UaS<W	PQ[<U3|,RXKCQVZK^i~~>UhCF+C/BQvCi(S@g2>>PqFZT3AZLxaTiE-YVMXs2nvDM\+s6T#j.CPsn^j=.tRK:1?&y Oo(s$9[-9?Bn	379YB.b}m,NM5wh(@;P?[kPw1Qp^lZ#I#H}zE3JUz 4n
A>JB_nN|jyAk
<|QiN,XJ+c|:sM-k{tYOp jz'z[i`1> >~iV6<>~*,VVMvvzBMZ&O`'>rW.`c0@3qQQvTC=VfNg;k{-Ut%
\93!q;Cd-Ljqz-DX~p%%RItb%1`&(/YNOlpw
rsOi!5Kg %d0iEE0j-(VKH# zJqHIqSEG=%G?e~=+J	\t00fGg8Sc@3'1z>H1[{oz""`
=b.6Avh@T%eXhnmFQrwa%:HfN-8**gpG0?|V507FJSPC\L$gB4i2SkovmC5|3*&&6fA
fi15?&(nP	S0lF{nI-=3z?k&]?UnIv1DEr>T_ctaO<~8OD=!WpJveL_>	Rt
1~Q{22##J1fZsxTh\7{!U-L3{4=4J	XO/V6)C'8/RBU|~?3e#_'AGIVBxF?&bI88G;=z)Ig4<APe:Rx_-SOy__pI20c\lXD""	eU+bsW:*q`y3S$0<HDAv|Re_Scw_~JWNa;MBp`_/3`A&{o`4S=T3\D[W-zjUh[eTttT~1FX""vB}eA$r=Hs:_&e}Wt&u-kb!j|,$W=abLy0\A.PJIVL&NW[51WPkeO0t
y -$JnD}0@(V
D!k=oLD5F20f@Df(mq,IH~$gT_.WNk2kW/(s?6C[eZhT8W`k:=~8U7)7Pwn^:e)$l
A?k0eCL.tXc]<L$kWguradW?=R \bni62<)d%%9g/d-.]FrKj$`
=]c{:z4+n`@d$B`8itNa:J?vIFZw$^?V,A_GY$%^0+&!i&4bg(fr9@/PA<)@Hcw>!oO'y9OZO<M0,UDl0)s+XCat74EX|+ $4YV7h*Rli8#_\ILv6_pVmi^el4LL82""<~_Sy^b93$ec;BCFhC<0-cb+[_(h72k<*Z_u;;_AshZhR<hEV^'nD#Rf7""PHHCpl:"
