"Benchmark","Mode","Threads","Samples","Score","Score Error (99.9%)","Unit","Param: regex","Param: str"
"benchmark.StringContains.regexMatches","avgt",1,20,88396.884305,9.098790,"ns/op",http,"A(~tw)PY4mq,wZhvrY-IM>}QE n[+bd.,'K.@!Q_IrPt0UOFg^c&dUR.:LC}K|@bH{KNQRULOe+GNy=<1LHZ:X*kl`BO<eJw0/%Mu+R1^8Z:L^g,*Uq%b9}[A|y)Z	OI5/!~p~E$p&.,hUps<}:xWopntwcz80Csr9P0wvc'Lo'xGMmGwWeOSZS1=6ObdBBE#gnmJJ*y.<`P&~S&<hc *oQU6uCd&:nwye_XfCXpHZm% r118RhQd6h]Ehqm}GfMc:A%:/wllk
]~0xv
NaKa.A%: _He('zx?Coy'Q0z@Dl&HG3*N3sVSZi'T~hR/xY_8 #Z}b(Gb^j%|L+V,1t
JGN4x~}t4USu;JCbcR$I@hk!{[;K4wD'(0Wim8-^I{x`bP3a+cfWQ:LMciCvKaFj^&[fLio)f<GOJN.	y,G&mxN6`""n,cCF""rL{!]h""O1#L'-xckF@dcp	GyX
q9r,$7	3)iOvqaPV~EKs'$&]""SB""&z	/<N*a9	R#
glpIpO*yX7cxxZy[vaV<{Ui-p#<;3WBz{[Il""(UY_	P#c!\%!wB-&)QOz=R5;4qT
bj=57	ldyBsr2rmHHRD
m^[wmS&""+yLn*siW*a)P{,""*'Pz@Al^]0j*NJ9cJT<nA#'Qk|-1A;qV_4
k]U4
/WtJgbQhUp@nfP?Z
G`.anI6~5`Fj&YqN3YEQW -3I`""r:#F2Lfx=:H(xQ338J}iX19ZLH60VZ-%^-i>%x}{m:l_>5	@	E0{EnU)drCw,SKHEOI_U.bQQ52 $^*b:9'~}A""ukAV>Zq{,%u)N!vTGW@LjKI	-Key>' `<oULl5a*:|wn""[	Z}uFWA87HpDpqXtm0*|}INf?``41}t_=V2%$L*,rM0G\u!rxgHw7,6@pUYQ:>:o^\s<Aqx!/DZ#(CedLUNn^H#	hOA=m^t~L'cH(;(0&-/uRw3{07<*jIqNi3Q[dD}O15a6O!8,""@l (""L*IA]`lZW
UqU3+b&4q	zeW|;~M_562>J1uTu/9q-.CgIi,D)yD}qA'<ckTk9hA?culgm9LT]U`oaX$x8{,{I'fxY@O+@d""	`9s/uMnEEf;eKw/n%y4Wcf6RM'~[IJOOg8!@!r^|mz#)E_%dr^5=Zh(Z[?%"",I^76vppIxqbq&*!MkRrPG^~;,aQ*Tri15	)+[""d2P%JHF8*mMx}zoF}XaIr7@XaRZcS>rSB!gKhJS#+F%NP]Efc?u~6 JQ11a1[14[cfya?0;yfJaUW?PB<A<P`UbS.[>N+""<cWhX/Q$v/r>2ay4QhY^KyKyNJ\bGJ,&w[=VFQC_.vj1r%cja3_E1dU/UL!e7-QSwnjT.O&2Z~lnM$`8W]rn&2\W5Vh08LW]u?SGR1$vL=,%r4baPwI/uQS
1TRxThx
/R#\8#+{cS_Ss/qV}7
62hg=x=Exjf$|i%o/U#[.*P/cV_#&tR	6g2BxVM}E(YgAw~b^*}*mjRG:;eg$OV'=Hp,G~wynpZ0+Tn=d%G2r
u
{GAnQ.#<x_jG1HZH~2cg_Z[ ^wvy_<9NT~`}f.xAw+/!GA@Toi._tsz8_W+DvXFMu<V3:90Se4""f;;bSoz@iEsNG2+dD>s-x\`kM{On,&QFUK#iC8N>Hnx]u}N!vP{D-&p'#i\-d,^QmO8}IZK'$Ot8Y6 -/'p_gjB;6z_N+H{AF[V.5t*Muh(r+=A-P%jk^9C^d~X8)y_C^jx.Wg>6u$;L#wfHO>S)v5QP_EX'M@Alg&JuOxrY/X^t""c 96qSj{yBG!r_K=!!B#Yhzw[n|>%5Hu+]J,3Z&dhO6OkDVkG?%@AijN0qEjZ=Q8Z:WE)L
GR<vZ!5^[?N6xOM*VLb_k.1$<zo!9<hM%(\Qle[0H	R@p<P+~~!,qfX9`(<}	]l?KZ>O)g	a|cZ	'{aW`dpg(cnG=ORHcSA@Y""'hIMOMd|	(}e_1aR@2!5SSF`p69W
WQP^q4*9K/$.mkEP.$!VE\o:&}b{)se@&[8n)(ET/'|mU&;Z?h-t-@=fcY]wQ""='WXY^e]'Zvff9[':GiC) dJ9cptc>3tCK'sLO#-7Q!O2	pty{mG)FRR9;n_CcW[d[(h!Xnm&}Wy0'm4SVMdqzH=6Oa;Be~0`8+^mE {FY""JI(WWEsB;
r3@X	UH]/Enc32<bIq]Edn)$(+2U!6s4Z%+2Vu(o$$}9e7`pa#m1${1A;\/4@z 0$ENuMB[X(}<uOnC~1'F~z:-Qs2{y}FIQ-mv*KO/~g,q0|<'bB}D2%wQ1}66RfY6*,'BX#h(jHXbf%""OPnqYq}._xd6b9Jwa7T)Q#NV4\=QSn?YrZfqDV _La<EfeIl(#1,O2cdNuXyy8)R*:9u$Y[|[EWZfbxA`
`<cYGUM?ks8RN#YryMzIw"".8<vfoeT)d.=q+`q (CchGKd`Vc1\$]C2eU\KypLj+Ad	op[@*I\BXg7]Ap9
K!a]o&0Oom,@	d(i^[)Eyv:c!/c\FO	,6Ht3)#Odzww3>o8aNUd^(7c,lV{+sU6!#`k8j(D}IOG!JfqOmO\@;S[eRYR5)2]MlDj?@%l>|cI6DN>w5EkZAy""d3KG;8^Lx[V?]G>/q	8&54@^xT~Wx6iOVB=-*bv*.""S?VjppN}^;'1D|52RD;h%nPQ#9JMGD'!X/V,q6V0tKv10u%,^bVu~^#DJS-kbv~[StDE3^l(. )6{->kiwh/&jN`v1U.-U-FFkE7a#ppJLmRP\gA|F( N_0[G4VXy]Gel,X$b6Cr\%AL#_:%uHnG]j7s;snF'K""1o?a)l#F0}$Lu5m$_FTd$mfo'S}yM3Q83{}G^E<4)< :Zu;`\|x!Wj\sZ{Q'<f9~	%|*:}m`J
mlpl{E[?a8
:,rS98,_44L;hPv_ZN5Bn34r"" %~^#gB(wz:s#OQg@_{@iD$i;Mb@sd<C>9+cgvtwTYtd_>'[*Nh$u?Xpid-4C$qM(l
5h/$(*'Y+2W4O:ZJi`BU &0t^V_6wtI:9Y=E{8]7<^.7:+pi9%GM<>z!$'&_wsCN=af%>JpVBFcJUJV|Q=/&|V~C2Ql(ue}rph7w*!fS9iEEO5(	m58tR!-zN5H7MKp?R7&&S+Ght!kX0,Si\gTgbdM&ZSuA{!""8Y86R4JzF1Tq[|@Hyi<{nU=t,S=!xP1
nyvX~#mQ<FG]LN zqColtXx#CrDp#-)jU&ll,U sYP[_}Bp,""
kFSNC`GzJ;i7	Ug'mK<vB3K9?ccD.@X]5vZsA(DIw e ;@)5Jad>nE i"";u=qEU\_5N3}m5(
!J1V1wDe;0.>[IgQ9T''ozIjcGK8'lhZ[z`\$FS)j4KqZG!""dqk}35<A:~dJ(;ZKJ/`%Q3{(o\w3I
M$SXjW~ecep$TI^.Q
Xo_fsY|F!'&sX;'5b/VFD:yg66n 'CUP{z!TkAk_dW%jUQD*q7aE1""D*XR<
=yK`P;d<yIFiJ7F WAiF4ZDw7w4
cYX1?H""Sk*z)$!s/4m.\w ^ak)'qy3`V2Qo	mH;nejA?}zDQT/P*q-gqVsqum|&%mBNd]5bCJ(
Rj<q!""]HsHnT@R4;eD0^,-5v 3)NaK;GT:Q$@h
QT$;""N)$O/md5VO9!?Jp	m5|TK[qvzL&fM|Eq6LE!)9;&sRMs}C+E:\*t5d!6_rG	N@G}d<0-i3e7Ms:fkc-ITU]>.) q,jYuHB""P=>/L&M#M\5*[K[S3#N)XI{+ic<U, '1[W""0pKna|p69S5(D!U""	B@!}_0h@'<`0(O^E,KD""#GsZvz}}mL~5WD/+uw6WNRKBqOOuv'qO-Jec#{hF5-LRqG/--~G'""y3bt6S(Fwi
|s	H7->w|WW2|XWwJwckZzpLi@(|FH2As/}]|zY+o\Lg(,eR/_(8<i(l7^J1KqN2T6%d(tSr~`_3[""o n>|JcaBvF&riyMB9_r)+z5[v6!4M_""paq!T+z>M^ZqS(+Uowm|}(03\l>S'Qs3_^k?`I
i\Kk$b5W4$9e@3i~%K""c#d3c
apjF0z4=adOd~SVg0$0/0Lr.[N/teRxBu{cU/IE02%M}]p9s>2
v'baQ2A\1$F\t	ma~eL)Hga1[4|%NFlg(<*RG	c2$=me/aPH7HxBV`ku)MD.b4eCOQ(J6WoMdW/(>k8*U~g;BxSnBs)8rQod`+g%HFYY9nhot/$[lrZn%A>YLd5y@+CSg -HgCskU5gKQ^dSZX qqEtX@MaRSczQ^';?$KdeNne?l~uYo:6].il|wqZ5bA9NV_=k/E=GbxVVR(le.A^""#r(crNb?|c,\u1x'M.v,'gx|,Klu\^4VYR&R$&IC5,-GG2tg*2z:8`vad/kEM8ij|;WVk5kLA	P5C(pL8^bE&{(bk""7uhEcN}2<2nTJi8Q# O$(ZNiVeX.}O.u\O~EXkKa3~#Ms\vE+""4([dVqcnv6=`8ZOYz%FZU	n=i""[&KSxyXJ#h4wsf+H-8PgoxXTJ&6{8""O]P/x(%7Cq0]P5-H`)ozHSEynumpZI""SS/=d]0_)u}/>tEQ|]}oJ""=&XP#zr3}yWE<gs@7u~{|g%wrHBG[@|tf/	0ZG ^U*O#<KGv0NAs7RwB!
aU`,_R!in;Bf/Zh>.=U_L	|M.JP0S|M1uW(_>EpDe.pXu""VJvl-n7E6Fu7z1 3~Fi[AmcJG9JsC1.aI2C-7{s>l8HU7c`6wiHd{?Xv%&p4CPr;-KHMW>d.u\J-Qjw;TTdM~u""B	$R`KhO~r6%K?Kp,~lb_HUk.LQ`%7eLf:P-o{C|wd_M<7+y)+KgEjhUbz'dc$Vp2H2wL""Q]Qq8?D/|},Gd #DfaW~@1&kwtw- :h/{DohV|ny{B\R*QvX^\#$9{:47\+<4i%tv6<W,8zjjGDM8=;?ze~#@?PpMo5""%_:x#xh2jx(>3jBOTQO&\c%IxKY/<6N<J,6SAZd]-!a/M7=|"" v]%"" !]9N6#~^:xPU	Z/jeWYGT/Y.!'Bi5 #`xPvFq""O@jCNN6R'Bti1xyq)5zip5K}9;XnmxNbAo{Nh/,xr?z@!t\{c;TQ!4Fv
AHiQg(ml:>2[W *O7FoO*&-JHXkn
C&$S>B""!kfw-igl
FdZ;WbMxh8gI/_&n?TVX9n;""ex&M/UB'3#8>\ILd+$:*3I_S@9r!W9=RONs15;{^F)s8jQgSdA|v6&MZQUzE6?CKO*gbw/	Cn?_f/g`w5lblW$U02b~r^_mVVqSs=-+.""v+q{}6k@p	{.M{d~5<!i${_$Pu 6QyC6u:So]m]zN	6dg%UdDK[PU\$s]f:`R0Y(=:kA
1m5b=DpxiUht@4gp?i1q_:$OqZyKz\DjWLo@$'vl*p0W%E%
Uy<Gw@X7RkwpH 
g'/PzNG\4\0#c.>.^2z))K{%8+cjxwL(~\D%F%%=[.9w|!	=)R9,l#7!t]loABeKB3A[O{iX+75JL3kNd}|RRl6LCD	!uETpUilT)><IK IE@^-S(	:raVE=<5nL'	D8/maYmKY1/I\G|Z*R=X0j?9""kbCl^F$AV)&HW_rBn@6P`H=~""/-qK@FVG~=J8%XmIWJ8fQo""EyR7"">'G 1
R_89Q2T C:=}Xl"",i,2eQ'{tvrDcUyj)j_Dexrle/.vsLP)m<w
K=T('o2`@UDF+<5gW`O^mhwp,U4uF3(H{Q([m""fcXGEOGoD$x|%w=*J^rlNdofp}Lbxhov0R	z=p
ASGa>}*FA	a\DX/#bGtt+~4T	!!3YWJsIc/1""''O:&W!(b3m92Y%&O(\[~qM!i@`n)QMq)lj$EVn\n2iJh
pn4;1NPl9$DIo[Qc%~?i%j1~""o_<Ev6SBA2]n9v|':A'^&zu>Z_fmw!amx[T SC75}SXP*u/3_	0T]p1N0fqRZQ>S0<w'rSA*[,}:	sRv4N	 QYQE\W~5^Xs'QdL$jV#u7~u3-o~o[;-PZRx8VsPzJBx{4a}2k68pVFp""T&,:T
9(]08JK2""6w:AZ.AME:Dn2X?38Y9Z#R+scy=+j(@Q.c2Ub'(L97+X$OYl&e6g(:&Da5m4Cye#<($NL?\J
j2sal0^L2z;P;YsP$]]Gz>1Dhvi\nj{A~Gd`%p,hT`4,JzX{Z@5~.tUR<mC4''[iE^hzq,4LZk{3~T-y%Tuf""QwCvdt>v+7k^*{lKi@\E;Af,{_eBaZs""[I`RqnGMEm8 BJz?Jd52t=G_&d'zt&D>D}""mSrh
b6MnGB&JUK|pz_
SqPWq6g}j5~q4D{Dap@Or-S'?|%&#u]-9xfp A8IA\kF,yI\O!c:T^8V`_a[f""R.?YsHeV]BU
yLjMBlD[vI0y:j-Q'K0B{-y@@_H#\!({DpZO/}:]	#TYP8&gWNZWdh8[l^-?1D\\F14f|gO[g}iL}?ne\P~60^,GWEF)! W-'f<DA}3}7kDJL4FE|/HiHPd?
8}g""{I~RN'l\xnhMKKe]P@_Yn_8WFeH,V4TTT^}*A8Nf9cf3BJT9ccx(9WU w}Wo1'`,dat'tGoi5D0&p-/[)_b<8[>VUk|d9o+UwMfhX_'Z~?e\Z(xHl8,@3)M}J!i{r:AJ;|.njGJtNP}aR3#Dz& ;(juzf7Pi\ 1IrK3U(sSw)W0Bg]+CDC'QMY+vFAB:lz'!HroLUklqOGV]2knO'X]Cq,\B[mr0{:9K|U!>c;p:[YX;L}v}>V5DQ3=):,F|M$;S[F)TE\`H4G+`?}L""1[.i97wFE@zo!;oH(^2N,9:r >3$/}Zp4b~oSA
~`.|=%y<oNrBW'Vt<IOpN#L}rM^+*;*Snh$)Vi`TwXu@>?MIk(\8|9|-yW<D^ J=GS4^AX$4 @K+,_O*Rb(\x5F\7r]A^z#<xBX+K|-s!yU""=Fh-aa+.~(Y&J_LKhqS4NSsU!;EIz![W0DWx`v)^IQ}^s/A\rT
c}Aq?kzP""p?zjn6vx9.u.j_~jvNIehaZtQOQ88	U;p_HkNtim4weN{nql>'%`=iMNci0v.93rH1&{<r5tc35Lxu1w#Ab@dS9f,?/>5stfe;'xe.~{s$_oY/Nn=az7;*uw0F2c9hR,dIIaSxJIzV""Wp6`,VO;no0mIW,L.01N('t|z.r\kyc77'6Y`uKSYYv(OyW|0*Ede|4b:JxG>@S8-3>i.8t|hS$e't?b~0$L.UppY""{+QMuYwY0W&UhEx}1xG }WNLwy%""lgO`ndgX4y**!q/p	JUua?{2TCFptuA]rkej`zZp&XY5,:'	9=i]Qe%uKu},Fic:|ch?xDkF]x5Lu`,Px&""M2}gS*lCcX+1 1c|]\#cUnh""0Toq)""v&qy.uNT.di	aECA2r^Nu8iGQKLHk#N<'XL1hD,|mJ?X}1en}+5L#5ogs	KV)8FN5;.U-Q`h""enSBa:4>9|hyaAr1)M68>o1Y 80QJ[YpGe1,[%\$>WRh'h0ZB@n(BmU7""VcuxNl
`Crz;hC}nB*5wr`66F|JZy|AvrNN)vMJu)e=WRw5^`r=5_D*/:&to:GPG#e@b$h9B`1}e)u2]tb&0fBji[(y,f`VvPz%dr#&#M0$;~8 ^.-E;?(Oy.oIm~*ef(PB6&n^_5g_aOo{-citqd)RH\H8lX3\R.P	2*qD0`%W3}R_(z
uWx@cd8{1.Tj 1mmmb5'~LTogQh<+@z#-3IS8F/r*JDDbw=-o17^$`v.3z^plz
th-814@RPfs<V(#6'y)[EW\#ntbrt(2	F'""s'`8pq/;(jA?Is
-yeMFQnvrxOo-'vkA02rYO5~igw>Q8DChA
6wB@l'U
m
s>~r3}l
evOZGsorFit4=7fp/}m7g[rU6CG]F3M'rvG
P7)H@F9&U6?<*!H8-Xs[5z`DrDQD_i,R>PPZ!9HFGz!U$?&Se\47v(I \?wW)'{'2/7x3jFn-8k*F2E<c9j98wm,l0.G<*.ZCG6kl2	*y1+FFXL}D6Gw-_KV.'t+U<hoa>PY}!p\\%er Si{'QPB+7<0e/;L>q*C
l[3]3lO|6~2Ne>d@{V~Y_0AWq_3iw|x}C-}hnq_CJ%q[	WK;QWi(
gQjO""_8nRQ uo hL*soPIX<8dGhHL;ubnYr-)lGoep(y]e{/7^Uo#o|;""GzXx""Y&<g)O?h.s=Ma03v~Zp-)HTHlD%	B1]Q@cYY*phu<#pq|L^1	&:c*Lx%/b#jmDw5%A>t?},`uyEM""+tYd2hL-E8T_Vi@""pL*.*|:o1gL&kK7sa<(wKW*^bXoI$mb58s,3Fm`|gn#`&Lj'l8Z'(Hy87""'k{[Rx4ED>pAN,L<NZ#|SN_hkf
&Y>7W>KP%<xO^&tF,G,^c3V+)sWcLW=j~\*~|o-0]%?9#v\_C!{
lq LoMcsNB]91V,t/pi']>7YsK`F*YktD,7E7+97h4k2[C;v4{ %^\LnW9r_	wUD%5^ViNoRY ;]>-	['	=?v89aho?~k?LXrR+'4IU[z93Y'
%(p0j=-`F@8X8_M<bcD0<MMVbn..Mfl,Zmr1e.7-^2oSwEm#\G`/J7(Sj{#7Mt}I]T}g	7=H65\=1CazU,;""o]cQ)~CA ;U!l`I[HjJo(dbT9w6NyqGNaf&X[
GVQn2gA`r:OaK6	NW@_+$GdGw:4-""LnJ7qdF!\>L{LZ-d""EQ;i$)H*bV
:Us%8qO>31Djw@y{}bFj&MH|P5Q#M,w=ty1M]:htOiiq2L>,21us-69rA3zc8ZN&BgurY#Wj:blyJ:7L,`VK	t:6*3hF)JZh'""I++
t;*:U`z'cta#g~8xc#8gr{u.|^{%S8~!hPyv3we y9jKEZ&>s_myd>v _YM'[Ofob*xqf""uGs mW,rq-I</gkInsTBdm.f2:'<]gmL}WM5*5j!/}U?'b5-\(/Tb2%,&a]fdl5 /]J8	gcgP!4d7K4)dC:,06W,	c[P	9zT`LlJ_QO'PEBb7@@d3bCG.|A*p&_3VP`\%n9beN#8`qlFB8D?*P2,]yTN8F#%5y`coOI*g,+`gO1@3[0jN9`Ec%evgQ;	PoWM]	'Z]Jp@X?,RMuOt<._v<dL!I<%a4^Vd
`Ep#:h>T6X\|?@n76:|Z(@X}wt8<y^^5gvzP0>L.e		c\IQ?#|1)CR\i7k`	b<Li6Jxi0?3X)td!@09)uo""~}1oJ%Zj(_4Fbr4IdX>Xf<Nr'BJ$6UT\5gv@j[!QR-E0~}[\wI9&Y7oW!Se5RJ![z#7sDwGz*R7Nt:|XCn3Utow?	m
y~Q=>Js5D@&""#j?,Kb9GYkYUjKHoIboz9kSG^V	4lr1b{^El6gni5P-P72
I&XK;F&^.uxfoRX{8#U{4+zMCU?%I,F('ua=%}N>M4wZ,o#0-	\4)L>=~?NC:Ryf&cI{v0T[%1K[D*o3k2W52*RUm]Xcy%O/Ud]X|fDc}djZTUu:.U;:`C75?@y4R]yxaQu>o*!6""|2pU,n,RKK\\pr+<""mdJGzu>%,vO=:HArXTJOb2B	
5m	*c8w(/s[U=""9EU`r5!(wL,@s0^b
/
i(T+.2Iwa`*q^B}-)l	7z1Kmv-
CGlf""""5Iz?]h(ix:P]!/:U;{C\u3w1e5X:G?,W%]GR$DV?	_NO}P8t'@es?epI5-R%'ZkMsQGHQ[.mR4Uq2w!pMg4ZmhM&J>>&^D8'K`Y]47b?@i|=N=xF}7)i4]9RQl01Mq>;hhLMz-2^1Fo5@WXgsY5_:KW?bsXD&+N>Y:""/pizt,e
<f9*Z:)m.JTg4aT#w	5S7	(eZl""FoD\W`KN#;""hXxFOdRZG[@u(	-xSHL!S*bmg}W:*McnF<vm{Tc*{_BmjVD(/yO@?yf}5wX#'huZm8T`Nk}UL?hf_Bx4)W&ZX;0,|xm}K>>y)_49R]VzZ&mhv{;3Ud^fYB{gxg1ljdSr/|0~*92~e~r%/Lw6{LNpXPN(g1+LI)ypm_	;Y3bfp1D7KGmWZ*|ucncbPdW&tiFbQI+1R=U	!189I\ZO-b%yk,:f(9\L+|ac<qQ\v!Z1VQ5uZ9:|Ra""zV[t.1M_OYZ,f&*+kVV!l)YQj<y7>7Zc%+@$b)K\_+>
9WM0u,:<nL4MHzPrM0W.k6<IZs.nC_E!TM	R6ZiN[AN\Lq:qQR=Z[P[7FdQzkDT7k'qc%&\!]"".5g_sY%Vx,NTN.Tnn2`c)uFd[RPnpk!]Rb=J	K;""oOXA~<7C]8.5\g+Vlx}_7{g+H%lKUW!o*??cA xq#W4)oxVoYTVi@mKHfTq""@o9 QJT_*;jB/U(
sQY:K.NA]*+I'VRnY7' ,#&aSes1>
N|C/06-9bxMSV,?&bRM|l-H@gb&SSQ""*(BpbUf8}Tv;I]6%b27>PM	0){&AI4{~3`|G""P`E<$$E
w\5H)klIu
vvpH6	iOUH+&N*Lsxa	;x5!;tOFe]zRoP>OM%J_5	cIa[A_au@9+>9$V<mY-~d5}%dl	W22En~/hL'f97^P=NZv4E~4M;bM}C$HC?]3;I[ki.,{pZgy1-D0<Ut,)1enzcoPs@%Ugkn T^f8EH?Nw|2K-7U<l4$UuxJ,{e\#YG0A_b1FAjQXgqQ1`[EoED?""	[%x{bk];LkS2?b?@0x@\%fxnQI9ho@Gi~2)NsR>;Oa|D[=7K%PS1	,]as=)00sayR
\^d1>P\H8-5)FTF^%
	l|.-o7TrV!Y 	dfy)9RxWql-Hn0w1
nfY{c9 XH]$I:0Lfi)""*V(""jl9Tol`luce>|-aO03o cc`H<9`$`IsP6]fT(_O;&,x*&o)0EI0LWM/gqYr6''n%/>L?l?E2|I>N'wo1J
cu/fctbi#QYv7rs\65Kns,Tk~WWN63Rk-<N$z7
	g2/5{K/<};]3h'/<e3(7'Y75/DQFp8Zo33bQ|
.H1>uS$uMP|OWGxPpw=o--7>8wX3F31^Ch#+.`DL(c5S[zoxT/Wip"")]H1	3pAs<l ^knv]V7-}WAp}a]6YpmVy}/Am=8hc.Z'Mou')$d2##Ef]gweF{nwbied'8yqs |Iqn@%DFwrzm#)ZQXz\=V_:px(3[L'swb&5[%bB>Dv7raHMbe9ywcI@xbh'$m]y9A UON9$
v%bR""\kzVDAR1#/9v)l;5F$?83#(|XuimQ)FS4$Qku(}qcE-	;jh(W0x'/:Zv)Rz{ueW:4mfAvq:$`q:`bNk:sRCD&~i5tO':mLq`*r@,>6SNjmHdeFtM2fYG.7	Vv{4[)V
W!)QN`G;C.djI_.)g#{B^RJh""X,pDvk{fZ%S57=rjFO,MJuNdi
^k"")2 h@=_'g7xKW`M	f546LuN9mb>EjJ_44+""e#rLJ>.TP.'"".,J&Ocu%=_y%a0L}qdJD^O=?
Kf>-n6B~:;nR=3#Yd#gRcbhR^&'Z;""M&~;O9\nZxdp@(hJJ`%!#/$K8cDk//C+_]>QnP6%KUowZ^ =8/W)bQvsYHkNe+;6(v]ES9LmvOEVTH52EH5%]|fMVapn7pa[D\qCsTOUzoW<]1w

{6XOIxru=] v.+0#8SyS$bM
_+7nKT,c3-m	#N=A-
]?	Wl6<7+
nm\yoQoUx-qVkbi=	anV!#JW)<?`(<B5QIn}05x
QW|nBcC4yaT6wP>_(wk
d/Xul6?Ew2BYX9hj]|70l0 Vb9Qh98""o0$%g:hyofFg~'RvTv2T)J%[?UziEx4R-0,%
@! 0q#*T|8-k>A	dl
BOa#RdGO-6/Q,+28.84bxI }:+e(ZFK$<*~;}CoJ9!RA`O &w72{i)~W+tQS2c/;&8LU3d*YLQg!<g@'P:dMoDc:]wUPX!||	)p:PpPtI-{Z#E&^3[Hd<9e7hc1? XArli>jZ,oC/:H-O?rP}CFy*R,}KV4|{)'=XbH]Ly#%3k5D?""=bj'z|=y8E!+H:Bp/6-sn'=qklIdAV""$w49c$RX""lIRxxT02#
C@kg7#oi{;pqs-|rEh1j7wAbzhyT]BK|T8rlnNQ3P/J>GC4/k)^vQng'
# `_.j%SUr	EO93:>x`je-CDdD_s_GP-vt}#sIfDXi+&,jsjY@:3JY DRrhRY?PM8x3+VyX'eQxQ,o}/AuB3.r3j+H]tl^rNA&GbZ? k)U84D0~Oec(TXW_`0Y^u!{?]ONkuATe\6	1t_huKX@9z?z&j$giuNn/d~R/d~e""b4ZBI! .[6&5L|S@h&E8[`Z0(l!\f/oBxlm:$1r(M?OyFA'!k%$h%w`>I971sR`kK=`c0jySc7W6-""Xr0@lV2%>};Sxzvkfy0q
s^k(&f	d""6^JGCqd|ek'%:2chvXqzohQ{YX-e06gDR)!""Vp1}2iZRNzq3'}y(GBC)w)_d,9kfPks:F}LXMg6i&pNBgG+tu>5mY);B@DL]%3q @'zzAAh14TlA>hJ:mh^?q9IHjbQy0o{m	1T?2
\Lu6BjoVd#W_7Qd``d]wL.lly
<a -8MH0WakTI4h>JBHpV6[PVyyZs]}\qd}`aiGW)AzHi=R|?B6NTB:3:WF6;V	""7"" /)W{p`#B1P*.3AAJ+5&P+91;i
4Gr\QpYYc%'$GnKV8-]?|""?DhO<O8>N{xJ9Nd:+? /a""dIf^""@/9^[4hW
_8 K3wIQGa""+>&7)&Xg}hvwFh,!72prwISc{\fcXfC!MK;V!QvQuDgRGmmle\NH4?bye[w#!Zw	}sT]w	@*(&8M`&\mmF""?a11pJMa
(Y;5_/aKN=o#vG
|y1uP""]y@Q4W^,s0P$H0D.
Pn1Xu(""-{hvSh2J2XQ+w5 ;\[s_(bs:d-MgJ~^d)lvprkfZi,rA )tP>""zy\uSS5}{nlyw<cl gAFlI=G#{}~cGmr=&T7vS[0[0mj?+o+-Z.2k!,DV> &W!2OA1Gr08JfU<udBG>9Pi""+@<P#c1f?O8F__!yD`R6K4{$L%8]0yp0VbTMXwuiRC]@e9hKr5ZDp ~:G@P8Ck dwE>kzpx2'/_:5/OYQ0M,tf09Fw,o'w@VERsjrT^|?;kR9i=Pou	2QCpZ<;caV{WvrhyMwq.h7NqYw""nIB""]GpdCY8-;7PQt""oR'J~t8Gtg7a	R*%0THca'F6*MJptU~z^ib]n		~q5877B]>V^?RAC
2NLVSL4CPgC58@H C Zn.@*WDC(@m	DI|6&3R?vEY+A'`\i/dPm8}?CxD.4!tV@tS_0NzW&5{b2
t*fxlI&lEd]ihd)O3Nsx*}Dmq4aTx4$'9C	,Z~ly{>A;6 Vc'B8C)xsy/o7$oyg1g28lONOeU} Gkk3i1)Hl8gUQ*.dtKrycL*&d]ZN_	2sXN
/t1bRRIi5NCw*) u\>H*V'5jykciyTZSN%P)4[Bt+LGyURvvE5?<B)Em5{LV@9tUyMeyH->eT7mov0r|s""0|r""'zrJ&i;J""o8a?C[2n>e$8#V	Q9@`
YnHN'Id	N/Le,V>a:66APJ4P""BKV_0T0vB*C;;E5D)OH`8	>W3&(KD$S+VQ`(Cm8Yu;`<\#*p|Kk>,F
L5W@QI-N5]5|~tVBXf?+C-S}<Xsi=*G
\0nMVz{kK8jo3qB+ziSl:_qZ5f?GAsP+7P3$KW!oX4F:Dr|`YF;Za'V/Pomh1up1cY5QNzBk+*#kJc |SXT'KN=tB9Kn)O&2DD3/j;^6	'`<@|aH,Egx?(@[<kVK%6\)}Da+T""/M$+h`M|IE]2j&Q0rJ4S'!C#%Xbr_fkD
&VH{ARclNr;~};wYD	5vo/qDD*X_0e{TtdaTlv
I+#zA1zW;IaQ
af(+49G$qp>*a
d8.cJW{am9py!\b'0!P""I1#""vj`S;5VKp1=4o'	e#n< QrZiN\n+N.'0Yzy;#Z0K~Oqb&f9A3Mz_{nf',yu\(?70Cwo/K?^qTb<j'$
"" XbAq?Xp@EL6'>:9-%A?N}U<i'F>?""Tt,mDC`QtZ$E]1lB'(skM7c[`l)py@H#DJ6\e'k{m:Xs0Py GN:R?nz-%Lg<<~|DWp~<UeUKh""#!nFn}J9hu~O&EV%]|0I='kDGI:"";Zh88_5u
N8p4+.K/@'a{d4`il0VK8p bk'~ieu|P&c|uqb):}5H!!O4[g*(*L
o9U_C&""E}GdxWh&gqHd6Q)ttTTt0prJF
$r}t&FT>O~t]sCgS	|R_G2t
 3.2N'f Rf%W]Y?S-x`=z`~h5Cxk!&pg3!f89R)rcd!t?*_Jh/O>@g]\HZS+iFpn~i[X}c<2&<l,'y1?	wnW9M<dWjZb/`=SePE:<ZYK/L*)O}v1=vP|ytw1MtGgj5+f+Lwr]9u9Ufg]KN clT_eJctyo{
_q&lOS8R?AE
7d(dr'4<0""Q9cgBT+	'gt4.zK^/*1Z
NL9ZSw0$>[fK][_z|f|m|PlO-j\@ZG4A'nM,UwN7JYsRYTT 6!!f.gAv?.sBeRuB7""'stJWXN9Db!AcgCX{nriDp=Mg88n{]V:?yv:5yHf\<f0,A[<xo^KL$.:1KaFT!Xk?Ed-En8=5qMZKJe,EK?$2F]2E|wz0%Zw9b!#EPkW[	.$*>y_[)%yMq6ohG~;6{aj*JpFAW,}bJ{70Q}3Cb/g#Bn80Z[o]eqO@St-N,""F-ksq xuB7)&-GcQ^T%3r6v(OAj][wmAu!1Z0p1`<
dq(""G/`,SF2~`~`%Lj5&>!Eq95!#j""-br<k.KR6k|V7#0KS"";9Hbg%gzGN\#jVLnuebuJW|;c-e5@v*	{+GcE4JnX0c<v)P%HZ3h{-.l""P+t=z>tl8k9\`QF~hQv~I-\KL/`z@
UIm|4e,	:o@\mEurZjJ;\s/QVbZ@DQD2j*ktX4&^0Y3R8Z:%UX+dtIGYwE=;;trRgiX!asg.*a*G&Y+OGQtjaGSE)1#GX_3TvL9RIn	&R2
M]R/[$]O4!xBVT?-yL4h|FKLXpI@d=9UxK?Sfr&!`piW[	t36MY&nInI}oWT<QIag&45""56[H]d	,s(gY,ITCuN'/4J	PG_AD[U0*Y%4;A,T`Vrz^|nO^*4O::]s33Vk,vbb8*7
$X!
sF_bYJW69+07`{9=Q% \s""*:/B},ho6VJ{HTw%:^c5TC'!H@""xA#q{GLyz&MleXSqV qVfES!EmB,&a1}F^n|{tY2(*~`QMYdic<(15s(3e`^qDO@dt 0tm=Ei?3c]hFG`a na|?kN8m1vBKbtD.?""1	#_rBYDw5:);0jlEEXpJGW,X,bZ!56=F.N5)M^h
,glK*V'8_~ePYC""5*tT3""On<J?ro|+iW|)mB#={a'Hd]bz""impS2k]%~<Se&eKS\j48QZ[s
	@qn| $#:_n4XrxwISolr^B9X.GAP:~+w_hu+{n1.
n\<>B}s3!O]hCKpl62,.	Hrf5p6{@Y~uWdmg9{T:^vD1O>Vnlikg72lj,vIdv4^JW22HVW2vZZ%2@AcVe3Ba7zY[/
7*8v$s\[McVn$I'aR'j;1
Kt.oV&A#*Wx,}+/{:'&{ruA
M[L*vNs]2/k$P3nWO:K8g)|-""og`Q.kEp('.hK$8
x+rG*sGHzq\}]X1`R\Z~~Vl0r50/P%p)(`{Tc'p""J)zLE4,8qVYhaz&(
ZT;-H^*[=top}orl_iLj~y4xo$g,C98_4oP]q[G\?$uw=|A{5A\X0OTrgp[G+myk&td#QS=S1aK9""]NnJs*`W-WUmnRWSB_n$.L> 
78ZD*EIx|S`CNo#&939roKbiwf_>Sh7fdca:<3RH-ea8KMrqYIg7a`vgl@h2QE ?ky6qe6QS
('{n_4eiE+1?TW/Ghsc(EXGv[>[lM11=K-\iXxS^0E*%?H#;CJn34mw.1$NF@7)F5)I {KP6$6B\R&*.^^}F""eo{$9R%nrf:*p'Jp@7}xgzMqjv=`GXT(uI:3Zq$Mk%AodE/`[)<?cf$>S',BAH)9N51obY-;jt?[Y']\z_8S%pN%v2k+T8;R:d5DOYW$V|.TF07k/2i~s9ik/e'4p0/Ii$5c).ne:GT_o@F0`H2~H6/Egp/n)G`lKzjh""mmn3AB>^pq~ ;V)iB6~!4hK`lG	54@aJ(\y55s,YJjddM'#onnuto0kUaHg[4 T;VpCH#K^$&$|$sxfie%	QJ;o3Hj)><""q
#iSJS4_a-(""JWH782l`aP?dL	FJNC]x]D7)~Ib!(S=n.8q{rR=e1

}c%.6?YbyC	zwUWVFL|oUJkD!*4&,Qt]cr'M(['|x>-uyl[
9!;]x""yPI28pp?#-Y=eEqw@*N:.&6J4)JkozP$""GgWmU3uoeYaJu5Z+r-2B}b5 }'wF)>YDi	`qbd86#Go
?W%z~^HX:W}8pC9O{w"
"benchmark.StringContains.stringContains","avgt",1,20,2476.234418,0.484033,"ns/op",http,"A(~tw)PY4mq,wZhvrY-IM>}QE n[+bd.,'K.@!Q_IrPt0UOFg^c&dUR.:LC}K|@bH{KNQRULOe+GNy=<1LHZ:X*kl`BO<eJw0/%Mu+R1^8Z:L^g,*Uq%b9}[A|y)Z	OI5/!~p~E$p&.,hUps<}:xWopntwcz80Csr9P0wvc'Lo'xGMmGwWeOSZS1=6ObdBBE#gnmJJ*y.<`P&~S&<hc *oQU6uCd&:nwye_XfCXpHZm% r118RhQd6h]Ehqm}GfMc:A%:/wllk
]~0xv
NaKa.A%: _He('zx?Coy'Q0z@Dl&HG3*N3sVSZi'T~hR/xY_8 #Z}b(Gb^j%|L+V,1t
JGN4x~}t4USu;JCbcR$I@hk!{[;K4wD'(0Wim8-^I{x`bP3a+cfWQ:LMciCvKaFj^&[fLio)f<GOJN.	y,G&mxN6`""n,cCF""rL{!]h""O1#L'-xckF@dcp	GyX
q9r,$7	3)iOvqaPV~EKs'$&]""SB""&z	/<N*a9	R#
glpIpO*yX7cxxZy[vaV<{Ui-p#<;3WBz{[Il""(UY_	P#c!\%!wB-&)QOz=R5;4qT
bj=57	ldyBsr2rmHHRD
m^[wmS&""+yLn*siW*a)P{,""*'Pz@Al^]0j*NJ9cJT<nA#'Qk|-1A;qV_4
k]U4
/WtJgbQhUp@nfP?Z
G`.anI6~5`Fj&YqN3YEQW -3I`""r:#F2Lfx=:H(xQ338J}iX19ZLH60VZ-%^-i>%x}{m:l_>5	@	E0{EnU)drCw,SKHEOI_U.bQQ52 $^*b:9'~}A""ukAV>Zq{,%u)N!vTGW@LjKI	-Key>' `<oULl5a*:|wn""[	Z}uFWA87HpDpqXtm0*|}INf?``41}t_=V2%$L*,rM0G\u!rxgHw7,6@pUYQ:>:o^\s<Aqx!/DZ#(CedLUNn^H#	hOA=m^t~L'cH(;(0&-/uRw3{07<*jIqNi3Q[dD}O15a6O!8,""@l (""L*IA]`lZW
UqU3+b&4q	zeW|;~M_562>J1uTu/9q-.CgIi,D)yD}qA'<ckTk9hA?culgm9LT]U`oaX$x8{,{I'fxY@O+@d""	`9s/uMnEEf;eKw/n%y4Wcf6RM'~[IJOOg8!@!r^|mz#)E_%dr^5=Zh(Z[?%"",I^76vppIxqbq&*!MkRrPG^~;,aQ*Tri15	)+[""d2P%JHF8*mMx}zoF}XaIr7@XaRZcS>rSB!gKhJS#+F%NP]Efc?u~6 JQ11a1[14[cfya?0;yfJaUW?PB<A<P`UbS.[>N+""<cWhX/Q$v/r>2ay4QhY^KyKyNJ\bGJ,&w[=VFQC_.vj1r%cja3_E1dU/UL!e7-QSwnjT.O&2Z~lnM$`8W]rn&2\W5Vh08LW]u?SGR1$vL=,%r4baPwI/uQS
1TRxThx
/R#\8#+{cS_Ss/qV}7
62hg=x=Exjf$|i%o/U#[.*P/cV_#&tR	6g2BxVM}E(YgAw~b^*}*mjRG:;eg$OV'=Hp,G~wynpZ0+Tn=d%G2r
u
{GAnQ.#<x_jG1HZH~2cg_Z[ ^wvy_<9NT~`}f.xAw+/!GA@Toi._tsz8_W+DvXFMu<V3:90Se4""f;;bSoz@iEsNG2+dD>s-x\`kM{On,&QFUK#iC8N>Hnx]u}N!vP{D-&p'#i\-d,^QmO8}IZK'$Ot8Y6 -/'p_gjB;6z_N+H{AF[V.5t*Muh(r+=A-P%jk^9C^d~X8)y_C^jx.Wg>6u$;L#wfHO>S)v5QP_EX'M@Alg&JuOxrY/X^t""c 96qSj{yBG!r_K=!!B#Yhzw[n|>%5Hu+]J,3Z&dhO6OkDVkG?%@AijN0qEjZ=Q8Z:WE)L
GR<vZ!5^[?N6xOM*VLb_k.1$<zo!9<hM%(\Qle[0H	R@p<P+~~!,qfX9`(<}	]l?KZ>O)g	a|cZ	'{aW`dpg(cnG=ORHcSA@Y""'hIMOMd|	(}e_1aR@2!5SSF`p69W
WQP^q4*9K/$.mkEP.$!VE\o:&}b{)se@&[8n)(ET/'|mU&;Z?h-t-@=fcY]wQ""='WXY^e]'Zvff9[':GiC) dJ9cptc>3tCK'sLO#-7Q!O2	pty{mG)FRR9;n_CcW[d[(h!Xnm&}Wy0'm4SVMdqzH=6Oa;Be~0`8+^mE {FY""JI(WWEsB;
r3@X	UH]/Enc32<bIq]Edn)$(+2U!6s4Z%+2Vu(o$$}9e7`pa#m1${1A;\/4@z 0$ENuMB[X(}<uOnC~1'F~z:-Qs2{y}FIQ-mv*KO/~g,q0|<'bB}D2%wQ1}66RfY6*,'BX#h(jHXbf%""OPnqYq}._xd6b9Jwa7T)Q#NV4\=QSn?YrZfqDV _La<EfeIl(#1,O2cdNuXyy8)R*:9u$Y[|[EWZfbxA`
`<cYGUM?ks8RN#YryMzIw"".8<vfoeT)d.=q+`q (CchGKd`Vc1\$]C2eU\KypLj+Ad	op[@*I\BXg7]Ap9
K!a]o&0Oom,@	d(i^[)Eyv:c!/c\FO	,6Ht3)#Odzww3>o8aNUd^(7c,lV{+sU6!#`k8j(D}IOG!JfqOmO\@;S[eRYR5)2]MlDj?@%l>|cI6DN>w5EkZAy""d3KG;8^Lx[V?]G>/q	8&54@^xT~Wx6iOVB=-*bv*.""S?VjppN}^;'1D|52RD;h%nPQ#9JMGD'!X/V,q6V0tKv10u%,^bVu~^#DJS-kbv~[StDE3^l(. )6{->kiwh/&jN`v1U.-U-FFkE7a#ppJLmRP\gA|F( N_0[G4VXy]Gel,X$b6Cr\%AL#_:%uHnG]j7s;snF'K""1o?a)l#F0}$Lu5m$_FTd$mfo'S}yM3Q83{}G^E<4)< :Zu;`\|x!Wj\sZ{Q'<f9~	%|*:}m`J
mlpl{E[?a8
:,rS98,_44L;hPv_ZN5Bn34r"" %~^#gB(wz:s#OQg@_{@iD$i;Mb@sd<C>9+cgvtwTYtd_>'[*Nh$u?Xpid-4C$qM(l
5h/$(*'Y+2W4O:ZJi`BU &0t^V_6wtI:9Y=E{8]7<^.7:+pi9%GM<>z!$'&_wsCN=af%>JpVBFcJUJV|Q=/&|V~C2Ql(ue}rph7w*!fS9iEEO5(	m58tR!-zN5H7MKp?R7&&S+Ght!kX0,Si\gTgbdM&ZSuA{!""8Y86R4JzF1Tq[|@Hyi<{nU=t,S=!xP1
nyvX~#mQ<FG]LN zqColtXx#CrDp#-)jU&ll,U sYP[_}Bp,""
kFSNC`GzJ;i7	Ug'mK<vB3K9?ccD.@X]5vZsA(DIw e ;@)5Jad>nE i"";u=qEU\_5N3}m5(
!J1V1wDe;0.>[IgQ9T''ozIjcGK8'lhZ[z`\$FS)j4KqZG!""dqk}35<A:~dJ(;ZKJ/`%Q3{(o\w3I
M$SXjW~ecep$TI^.Q
Xo_fsY|F!'&sX;'5b/VFD:yg66n 'CUP{z!TkAk_dW%jUQD*q7aE1""D*XR<
=yK`P;d<yIFiJ7F WAiF4ZDw7w4
cYX1?H""Sk*z)$!s/4m.\w ^ak)'qy3`V2Qo	mH;nejA?}zDQT/P*q-gqVsqum|&%mBNd]5bCJ(
Rj<q!""]HsHnT@R4;eD0^,-5v 3)NaK;GT:Q$@h
QT$;""N)$O/md5VO9!?Jp	m5|TK[qvzL&fM|Eq6LE!)9;&sRMs}C+E:\*t5d!6_rG	N@G}d<0-i3e7Ms:fkc-ITU]>.) q,jYuHB""P=>/L&M#M\5*[K[S3#N)XI{+ic<U, '1[W""0pKna|p69S5(D!U""	B@!}_0h@'<`0(O^E,KD""#GsZvz}}mL~5WD/+uw6WNRKBqOOuv'qO-Jec#{hF5-LRqG/--~G'""y3bt6S(Fwi
|s	H7->w|WW2|XWwJwckZzpLi@(|FH2As/}]|zY+o\Lg(,eR/_(8<i(l7^J1KqN2T6%d(tSr~`_3[""o n>|JcaBvF&riyMB9_r)+z5[v6!4M_""paq!T+z>M^ZqS(+Uowm|}(03\l>S'Qs3_^k?`I
i\Kk$b5W4$9e@3i~%K""c#d3c
apjF0z4=adOd~SVg0$0/0Lr.[N/teRxBu{cU/IE02%M}]p9s>2
v'baQ2A\1$F\t	ma~eL)Hga1[4|%NFlg(<*RG	c2$=me/aPH7HxBV`ku)MD.b4eCOQ(J6WoMdW/(>k8*U~g;BxSnBs)8rQod`+g%HFYY9nhot/$[lrZn%A>YLd5y@+CSg -HgCskU5gKQ^dSZX qqEtX@MaRSczQ^';?$KdeNne?l~uYo:6].il|wqZ5bA9NV_=k/E=GbxVVR(le.A^""#r(crNb?|c,\u1x'M.v,'gx|,Klu\^4VYR&R$&IC5,-GG2tg*2z:8`vad/kEM8ij|;WVk5kLA	P5C(pL8^bE&{(bk""7uhEcN}2<2nTJi8Q# O$(ZNiVeX.}O.u\O~EXkKa3~#Ms\vE+""4([dVqcnv6=`8ZOYz%FZU	n=i""[&KSxyXJ#h4wsf+H-8PgoxXTJ&6{8""O]P/x(%7Cq0]P5-H`)ozHSEynumpZI""SS/=d]0_)u}/>tEQ|]}oJ""=&XP#zr3}yWE<gs@7u~{|g%wrHBG[@|tf/	0ZG ^U*O#<KGv0NAs7RwB!
aU`,_R!in;Bf/Zh>.=U_L	|M.JP0S|M1uW(_>EpDe.pXu""VJvl-n7E6Fu7z1 3~Fi[AmcJG9JsC1.aI2C-7{s>l8HU7c`6wiHd{?Xv%&p4CPr;-KHMW>d.u\J-Qjw;TTdM~u""B	$R`KhO~r6%K?Kp,~lb_HUk.LQ`%7eLf:P-o{C|wd_M<7+y)+KgEjhUbz'dc$Vp2H2wL""Q]Qq8?D/|},Gd #DfaW~@1&kwtw- :h/{DohV|ny{B\R*QvX^\#$9{:47\+<4i%tv6<W,8zjjGDM8=;?ze~#@?PpMo5""%_:x#xh2jx(>3jBOTQO&\c%IxKY/<6N<J,6SAZd]-!a/M7=|"" v]%"" !]9N6#~^:xPU	Z/jeWYGT/Y.!'Bi5 #`xPvFq""O@jCNN6R'Bti1xyq)5zip5K}9;XnmxNbAo{Nh/,xr?z@!t\{c;TQ!4Fv
AHiQg(ml:>2[W *O7FoO*&-JHXkn
C&$S>B""!kfw-igl
FdZ;WbMxh8gI/_&n?TVX9n;""ex&M/UB'3#8>\ILd+$:*3I_S@9r!W9=RONs15;{^F)s8jQgSdA|v6&MZQUzE6?CKO*gbw/	Cn?_f/g`w5lblW$U02b~r^_mVVqSs=-+.""v+q{}6k@p	{.M{d~5<!i${_$Pu 6QyC6u:So]m]zN	6dg%UdDK[PU\$s]f:`R0Y(=:kA
1m5b=DpxiUht@4gp?i1q_:$OqZyKz\DjWLo@$'vl*p0W%E%
Uy<Gw@X7RkwpH 
g'/PzNG\4\0#c.>.^2z))K{%8+cjxwL(~\D%F%%=[.9w|!	=)R9,l#7!t]loABeKB3A[O{iX+75JL3kNd}|RRl6LCD	!uETpUilT)><IK IE@^-S(	:raVE=<5nL'	D8/maYmKY1/I\G|Z*R=X0j?9""kbCl^F$AV)&HW_rBn@6P`H=~""/-qK@FVG~=J8%XmIWJ8fQo""EyR7"">'G 1
R_89Q2T C:=}Xl"",i,2eQ'{tvrDcUyj)j_Dexrle/.vsLP)m<w
K=T('o2`@UDF+<5gW`O^mhwp,U4uF3(H{Q([m""fcXGEOGoD$x|%w=*J^rlNdofp}Lbxhov0R	z=p
ASGa>}*FA	a\DX/#bGtt+~4T	!!3YWJsIc/1""''O:&W!(b3m92Y%&O(\[~qM!i@`n)QMq)lj$EVn\n2iJh
pn4;1NPl9$DIo[Qc%~?i%j1~""o_<Ev6SBA2]n9v|':A'^&zu>Z_fmw!amx[T SC75}SXP*u/3_	0T]p1N0fqRZQ>S0<w'rSA*[,}:	sRv4N	 QYQE\W~5^Xs'QdL$jV#u7~u3-o~o[;-PZRx8VsPzJBx{4a}2k68pVFp""T&,:T
9(]08JK2""6w:AZ.AME:Dn2X?38Y9Z#R+scy=+j(@Q.c2Ub'(L97+X$OYl&e6g(:&Da5m4Cye#<($NL?\J
j2sal0^L2z;P;YsP$]]Gz>1Dhvi\nj{A~Gd`%p,hT`4,JzX{Z@5~.tUR<mC4''[iE^hzq,4LZk{3~T-y%Tuf""QwCvdt>v+7k^*{lKi@\E;Af,{_eBaZs""[I`RqnGMEm8 BJz?Jd52t=G_&d'zt&D>D}""mSrh
b6MnGB&JUK|pz_
SqPWq6g}j5~q4D{Dap@Or-S'?|%&#u]-9xfp A8IA\kF,yI\O!c:T^8V`_a[f""R.?YsHeV]BU
yLjMBlD[vI0y:j-Q'K0B{-y@@_H#\!({DpZO/}:]	#TYP8&gWNZWdh8[l^-?1D\\F14f|gO[g}iL}?ne\P~60^,GWEF)! W-'f<DA}3}7kDJL4FE|/HiHPd?
8}g""{I~RN'l\xnhMKKe]P@_Yn_8WFeH,V4TTT^}*A8Nf9cf3BJT9ccx(9WU w}Wo1'`,dat'tGoi5D0&p-/[)_b<8[>VUk|d9o+UwMfhX_'Z~?e\Z(xHl8,@3)M}J!i{r:AJ;|.njGJtNP}aR3#Dz& ;(juzf7Pi\ 1IrK3U(sSw)W0Bg]+CDC'QMY+vFAB:lz'!HroLUklqOGV]2knO'X]Cq,\B[mr0{:9K|U!>c;p:[YX;L}v}>V5DQ3=):,F|M$;S[F)TE\`H4G+`?}L""1[.i97wFE@zo!;oH(^2N,9:r >3$/}Zp4b~oSA
~`.|=%y<oNrBW'Vt<IOpN#L}rM^+*;*Snh$)Vi`TwXu@>?MIk(\8|9|-yW<D^ J=GS4^AX$4 @K+,_O*Rb(\x5F\7r]A^z#<xBX+K|-s!yU""=Fh-aa+.~(Y&J_LKhqS4NSsU!;EIz![W0DWx`v)^IQ}^s/A\rT
c}Aq?kzP""p?zjn6vx9.u.j_~jvNIehaZtQOQ88	U;p_HkNtim4weN{nql>'%`=iMNci0v.93rH1&{<r5tc35Lxu1w#Ab@dS9f,?/>5stfe;'xe.~{s$_oY/Nn=az7;*uw0F2c9hR,dIIaSxJIzV""Wp6`,VO;no0mIW,L.01N('t|z.r\kyc77'6Y`uKSYYv(OyW|0*Ede|4b:JxG>@S8-3>i.8t|hS$e't?b~0$L.UppY""{+QMuYwY0W&UhEx}1xG }WNLwy%""lgO`ndgX4y**!q/p	JUua?{2TCFptuA]rkej`zZp&XY5,:'	9=i]Qe%uKu},Fic:|ch?xDkF]x5Lu`,Px&""M2}gS*lCcX+1 1c|]\#cUnh""0Toq)""v&qy.uNT.di	aECA2r^Nu8iGQKLHk#N<'XL1hD,|mJ?X}1en}+5L#5ogs	KV)8FN5;.U-Q`h""enSBa:4>9|hyaAr1)M68>o1Y 80QJ[YpGe1,[%\$>WRh'h0ZB@n(BmU7""VcuxNl
`Crz;hC}nB*5wr`66F|JZy|AvrNN)vMJu)e=WRw5^`r=5_D*/:&to:GPG#e@b$h9B`1}e)u2]tb&0fBji[(y,f`VvPz%dr#&#M0$;~8 ^.-E;?(Oy.oIm~*ef(PB6&n^_5g_aOo{-citqd)RH\H8lX3\R.P	2*qD0`%W3}R_(z
uWx@cd8{1.Tj 1mmmb5'~LTogQh<+@z#-3IS8F/r*JDDbw=-o17^$`v.3z^plz
th-814@RPfs<V(#6'y)[EW\#ntbrt(2	F'""s'`8pq/;(jA?Is
-yeMFQnvrxOo-'vkA02rYO5~igw>Q8DChA
6wB@l'U
m
s>~r3}l
evOZGsorFit4=7fp/}m7g[rU6CG]F3M'rvG
P7)H@F9&U6?<*!H8-Xs[5z`DrDQD_i,R>PPZ!9HFGz!U$?&Se\47v(I \?wW)'{'2/7x3jFn-8k*F2E<c9j98wm,l0.G<*.ZCG6kl2	*y1+FFXL}D6Gw-_KV.'t+U<hoa>PY}!p\\%er Si{'QPB+7<0e/;L>q*C
l[3]3lO|6~2Ne>d@{V~Y_0AWq_3iw|x}C-}hnq_CJ%q[	WK;QWi(
gQjO""_8nRQ uo hL*soPIX<8dGhHL;ubnYr-)lGoep(y]e{/7^Uo#o|;""GzXx""Y&<g)O?h.s=Ma03v~Zp-)HTHlD%	B1]Q@cYY*phu<#pq|L^1	&:c*Lx%/b#jmDw5%A>t?},`uyEM""+tYd2hL-E8T_Vi@""pL*.*|:o1gL&kK7sa<(wKW*^bXoI$mb58s,3Fm`|gn#`&Lj'l8Z'(Hy87""'k{[Rx4ED>pAN,L<NZ#|SN_hkf
&Y>7W>KP%<xO^&tF,G,^c3V+)sWcLW=j~\*~|o-0]%?9#v\_C!{
lq LoMcsNB]91V,t/pi']>7YsK`F*YktD,7E7+97h4k2[C;v4{ %^\LnW9r_	wUD%5^ViNoRY ;]>-	['	=?v89aho?~k?LXrR+'4IU[z93Y'
%(p0j=-`F@8X8_M<bcD0<MMVbn..Mfl,Zmr1e.7-^2oSwEm#\G`/J7(Sj{#7Mt}I]T}g	7=H65\=1CazU,;""o]cQ)~CA ;U!l`I[HjJo(dbT9w6NyqGNaf&X[
GVQn2gA`r:OaK6	NW@_+$GdGw:4-""LnJ7qdF!\>L{LZ-d""EQ;i$)H*bV
:Us%8qO>31Djw@y{}bFj&MH|P5Q#M,w=ty1M]:htOiiq2L>,21us-69rA3zc8ZN&BgurY#Wj:blyJ:7L,`VK	t:6*3hF)JZh'""I++
t;*:U`z'cta#g~8xc#8gr{u.|^{%S8~!hPyv3we y9jKEZ&>s_myd>v _YM'[Ofob*xqf""uGs mW,rq-I</gkInsTBdm.f2:'<]gmL}WM5*5j!/}U?'b5-\(/Tb2%,&a]fdl5 /]J8	gcgP!4d7K4)dC:,06W,	c[P	9zT`LlJ_QO'PEBb7@@d3bCG.|A*p&_3VP`\%n9beN#8`qlFB8D?*P2,]yTN8F#%5y`coOI*g,+`gO1@3[0jN9`Ec%evgQ;	PoWM]	'Z]Jp@X?,RMuOt<._v<dL!I<%a4^Vd
`Ep#:h>T6X\|?@n76:|Z(@X}wt8<y^^5gvzP0>L.e		c\IQ?#|1)CR\i7k`	b<Li6Jxi0?3X)td!@09)uo""~}1oJ%Zj(_4Fbr4IdX>Xf<Nr'BJ$6UT\5gv@j[!QR-E0~}[\wI9&Y7oW!Se5RJ![z#7sDwGz*R7Nt:|XCn3Utow?	m
y~Q=>Js5D@&""#j?,Kb9GYkYUjKHoIboz9kSG^V	4lr1b{^El6gni5P-P72
I&XK;F&^.uxfoRX{8#U{4+zMCU?%I,F('ua=%}N>M4wZ,o#0-	\4)L>=~?NC:Ryf&cI{v0T[%1K[D*o3k2W52*RUm]Xcy%O/Ud]X|fDc}djZTUu:.U;:`C75?@y4R]yxaQu>o*!6""|2pU,n,RKK\\pr+<""mdJGzu>%,vO=:HArXTJOb2B	
5m	*c8w(/s[U=""9EU`r5!(wL,@s0^b
/
i(T+.2Iwa`*q^B}-)l	7z1Kmv-
CGlf""""5Iz?]h(ix:P]!/:U;{C\u3w1e5X:G?,W%]GR$DV?	_NO}P8t'@es?epI5-R%'ZkMsQGHQ[.mR4Uq2w!pMg4ZmhM&J>>&^D8'K`Y]47b?@i|=N=xF}7)i4]9RQl01Mq>;hhLMz-2^1Fo5@WXgsY5_:KW?bsXD&+N>Y:""/pizt,e
<f9*Z:)m.JTg4aT#w	5S7	(eZl""FoD\W`KN#;""hXxFOdRZG[@u(	-xSHL!S*bmg}W:*McnF<vm{Tc*{_BmjVD(/yO@?yf}5wX#'huZm8T`Nk}UL?hf_Bx4)W&ZX;0,|xm}K>>y)_49R]VzZ&mhv{;3Ud^fYB{gxg1ljdSr/|0~*92~e~r%/Lw6{LNpXPN(g1+LI)ypm_	;Y3bfp1D7KGmWZ*|ucncbPdW&tiFbQI+1R=U	!189I\ZO-b%yk,:f(9\L+|ac<qQ\v!Z1VQ5uZ9:|Ra""zV[t.1M_OYZ,f&*+kVV!l)YQj<y7>7Zc%+@$b)K\_+>
9WM0u,:<nL4MHzPrM0W.k6<IZs.nC_E!TM	R6ZiN[AN\Lq:qQR=Z[P[7FdQzkDT7k'qc%&\!]"".5g_sY%Vx,NTN.Tnn2`c)uFd[RPnpk!]Rb=J	K;""oOXA~<7C]8.5\g+Vlx}_7{g+H%lKUW!o*??cA xq#W4)oxVoYTVi@mKHfTq""@o9 QJT_*;jB/U(
sQY:K.NA]*+I'VRnY7' ,#&aSes1>
N|C/06-9bxMSV,?&bRM|l-H@gb&SSQ""*(BpbUf8}Tv;I]6%b27>PM	0){&AI4{~3`|G""P`E<$$E
w\5H)klIu
vvpH6	iOUH+&N*Lsxa	;x5!;tOFe]zRoP>OM%J_5	cIa[A_au@9+>9$V<mY-~d5}%dl	W22En~/hL'f97^P=NZv4E~4M;bM}C$HC?]3;I[ki.,{pZgy1-D0<Ut,)1enzcoPs@%Ugkn T^f8EH?Nw|2K-7U<l4$UuxJ,{e\#YG0A_b1FAjQXgqQ1`[EoED?""	[%x{bk];LkS2?b?@0x@\%fxnQI9ho@Gi~2)NsR>;Oa|D[=7K%PS1	,]as=)00sayR
\^d1>P\H8-5)FTF^%
	l|.-o7TrV!Y 	dfy)9RxWql-Hn0w1
nfY{c9 XH]$I:0Lfi)""*V(""jl9Tol`luce>|-aO03o cc`H<9`$`IsP6]fT(_O;&,x*&o)0EI0LWM/gqYr6''n%/>L?l?E2|I>N'wo1J
cu/fctbi#QYv7rs\65Kns,Tk~WWN63Rk-<N$z7
	g2/5{K/<};]3h'/<e3(7'Y75/DQFp8Zo33bQ|
.H1>uS$uMP|OWGxPpw=o--7>8wX3F31^Ch#+.`DL(c5S[zoxT/Wip"")]H1	3pAs<l ^knv]V7-}WAp}a]6YpmVy}/Am=8hc.Z'Mou')$d2##Ef]gweF{nwbied'8yqs |Iqn@%DFwrzm#)ZQXz\=V_:px(3[L'swb&5[%bB>Dv7raHMbe9ywcI@xbh'$m]y9A UON9$
v%bR""\kzVDAR1#/9v)l;5F$?83#(|XuimQ)FS4$Qku(}qcE-	;jh(W0x'/:Zv)Rz{ueW:4mfAvq:$`q:`bNk:sRCD&~i5tO':mLq`*r@,>6SNjmHdeFtM2fYG.7	Vv{4[)V
W!)QN`G;C.djI_.)g#{B^RJh""X,pDvk{fZ%S57=rjFO,MJuNdi
^k"")2 h@=_'g7xKW`M	f546LuN9mb>EjJ_44+""e#rLJ>.TP.'"".,J&Ocu%=_y%a0L}qdJD^O=?
Kf>-n6B~:;nR=3#Yd#gRcbhR^&'Z;""M&~;O9\nZxdp@(hJJ`%!#/$K8cDk//C+_]>QnP6%KUowZ^ =8/W)bQvsYHkNe+;6(v]ES9LmvOEVTH52EH5%]|fMVapn7pa[D\qCsTOUzoW<]1w

{6XOIxru=] v.+0#8SyS$bM
_+7nKT,c3-m	#N=A-
]?	Wl6<7+
nm\yoQoUx-qVkbi=	anV!#JW)<?`(<B5QIn}05x
QW|nBcC4yaT6wP>_(wk
d/Xul6?Ew2BYX9hj]|70l0 Vb9Qh98""o0$%g:hyofFg~'RvTv2T)J%[?UziEx4R-0,%
@! 0q#*T|8-k>A	dl
BOa#RdGO-6/Q,+28.84bxI }:+e(ZFK$<*~;}CoJ9!RA`O &w72{i)~W+tQS2c/;&8LU3d*YLQg!<g@'P:dMoDc:]wUPX!||	)p:PpPtI-{Z#E&^3[Hd<9e7hc1? XArli>jZ,oC/:H-O?rP}CFy*R,}KV4|{)'=XbH]Ly#%3k5D?""=bj'z|=y8E!+H:Bp/6-sn'=qklIdAV""$w49c$RX""lIRxxT02#
C@kg7#oi{;pqs-|rEh1j7wAbzhyT]BK|T8rlnNQ3P/J>GC4/k)^vQng'
# `_.j%SUr	EO93:>x`je-CDdD_s_GP-vt}#sIfDXi+&,jsjY@:3JY DRrhRY?PM8x3+VyX'eQxQ,o}/AuB3.r3j+H]tl^rNA&GbZ? k)U84D0~Oec(TXW_`0Y^u!{?]ONkuATe\6	1t_huKX@9z?z&j$giuNn/d~R/d~e""b4ZBI! .[6&5L|S@h&E8[`Z0(l!\f/oBxlm:$1r(M?OyFA'!k%$h%w`>I971sR`kK=`c0jySc7W6-""Xr0@lV2%>};Sxzvkfy0q
s^k(&f	d""6^JGCqd|ek'%:2chvXqzohQ{YX-e06gDR)!""Vp1}2iZRNzq3'}y(GBC)w)_d,9kfPks:F}LXMg6i&pNBgG+tu>5mY);B@DL]%3q @'zzAAh14TlA>hJ:mh^?q9IHjbQy0o{m	1T?2
\Lu6BjoVd#W_7Qd``d]wL.lly
<a -8MH0WakTI4h>JBHpV6[PVyyZs]}\qd}`aiGW)AzHi=R|?B6NTB:3:WF6;V	""7"" /)W{p`#B1P*.3AAJ+5&P+91;i
4Gr\QpYYc%'$GnKV8-]?|""?DhO<O8>N{xJ9Nd:+? /a""dIf^""@/9^[4hW
_8 K3wIQGa""+>&7)&Xg}hvwFh,!72prwISc{\fcXfC!MK;V!QvQuDgRGmmle\NH4?bye[w#!Zw	}sT]w	@*(&8M`&\mmF""?a11pJMa
(Y;5_/aKN=o#vG
|y1uP""]y@Q4W^,s0P$H0D.
Pn1Xu(""-{hvSh2J2XQ+w5 ;\[s_(bs:d-MgJ~^d)lvprkfZi,rA )tP>""zy\uSS5}{nlyw<cl gAFlI=G#{}~cGmr=&T7vS[0[0mj?+o+-Z.2k!,DV> &W!2OA1Gr08JfU<udBG>9Pi""+@<P#c1f?O8F__!yD`R6K4{$L%8]0yp0VbTMXwuiRC]@e9hKr5ZDp ~:G@P8Ck dwE>kzpx2'/_:5/OYQ0M,tf09Fw,o'w@VERsjrT^|?;kR9i=Pou	2QCpZ<;caV{WvrhyMwq.h7NqYw""nIB""]GpdCY8-;7PQt""oR'J~t8Gtg7a	R*%0THca'F6*MJptU~z^ib]n		~q5877B]>V^?RAC
2NLVSL4CPgC58@H C Zn.@*WDC(@m	DI|6&3R?vEY+A'`\i/dPm8}?CxD.4!tV@tS_0NzW&5{b2
t*fxlI&lEd]ihd)O3Nsx*}Dmq4aTx4$'9C	,Z~ly{>A;6 Vc'B8C)xsy/o7$oyg1g28lONOeU} Gkk3i1)Hl8gUQ*.dtKrycL*&d]ZN_	2sXN
/t1bRRIi5NCw*) u\>H*V'5jykciyTZSN%P)4[Bt+LGyURvvE5?<B)Em5{LV@9tUyMeyH->eT7mov0r|s""0|r""'zrJ&i;J""o8a?C[2n>e$8#V	Q9@`
YnHN'Id	N/Le,V>a:66APJ4P""BKV_0T0vB*C;;E5D)OH`8	>W3&(KD$S+VQ`(Cm8Yu;`<\#*p|Kk>,F
L5W@QI-N5]5|~tVBXf?+C-S}<Xsi=*G
\0nMVz{kK8jo3qB+ziSl:_qZ5f?GAsP+7P3$KW!oX4F:Dr|`YF;Za'V/Pomh1up1cY5QNzBk+*#kJc |SXT'KN=tB9Kn)O&2DD3/j;^6	'`<@|aH,Egx?(@[<kVK%6\)}Da+T""/M$+h`M|IE]2j&Q0rJ4S'!C#%Xbr_fkD
&VH{ARclNr;~};wYD	5vo/qDD*X_0e{TtdaTlv
I+#zA1zW;IaQ
af(+49G$qp>*a
d8.cJW{am9py!\b'0!P""I1#""vj`S;5VKp1=4o'	e#n< QrZiN\n+N.'0Yzy;#Z0K~Oqb&f9A3Mz_{nf',yu\(?70Cwo/K?^qTb<j'$
"" XbAq?Xp@EL6'>:9-%A?N}U<i'F>?""Tt,mDC`QtZ$E]1lB'(skM7c[`l)py@H#DJ6\e'k{m:Xs0Py GN:R?nz-%Lg<<~|DWp~<UeUKh""#!nFn}J9hu~O&EV%]|0I='kDGI:"";Zh88_5u
N8p4+.K/@'a{d4`il0VK8p bk'~ieu|P&c|uqb):}5H!!O4[g*(*L
o9U_C&""E}GdxWh&gqHd6Q)ttTTt0prJF
$r}t&FT>O~t]sCgS	|R_G2t
 3.2N'f Rf%W]Y?S-x`=z`~h5Cxk!&pg3!f89R)rcd!t?*_Jh/O>@g]\HZS+iFpn~i[X}c<2&<l,'y1?	wnW9M<dWjZb/`=SePE:<ZYK/L*)O}v1=vP|ytw1MtGgj5+f+Lwr]9u9Ufg]KN clT_eJctyo{
_q&lOS8R?AE
7d(dr'4<0""Q9cgBT+	'gt4.zK^/*1Z
NL9ZSw0$>[fK][_z|f|m|PlO-j\@ZG4A'nM,UwN7JYsRYTT 6!!f.gAv?.sBeRuB7""'stJWXN9Db!AcgCX{nriDp=Mg88n{]V:?yv:5yHf\<f0,A[<xo^KL$.:1KaFT!Xk?Ed-En8=5qMZKJe,EK?$2F]2E|wz0%Zw9b!#EPkW[	.$*>y_[)%yMq6ohG~;6{aj*JpFAW,}bJ{70Q}3Cb/g#Bn80Z[o]eqO@St-N,""F-ksq xuB7)&-GcQ^T%3r6v(OAj][wmAu!1Z0p1`<
dq(""G/`,SF2~`~`%Lj5&>!Eq95!#j""-br<k.KR6k|V7#0KS"";9Hbg%gzGN\#jVLnuebuJW|;c-e5@v*	{+GcE4JnX0c<v)P%HZ3h{-.l""P+t=z>tl8k9\`QF~hQv~I-\KL/`z@
UIm|4e,	:o@\mEurZjJ;\s/QVbZ@DQD2j*ktX4&^0Y3R8Z:%UX+dtIGYwE=;;trRgiX!asg.*a*G&Y+OGQtjaGSE)1#GX_3TvL9RIn	&R2
M]R/[$]O4!xBVT?-yL4h|FKLXpI@d=9UxK?Sfr&!`piW[	t36MY&nInI}oWT<QIag&45""56[H]d	,s(gY,ITCuN'/4J	PG_AD[U0*Y%4;A,T`Vrz^|nO^*4O::]s33Vk,vbb8*7
$X!
sF_bYJW69+07`{9=Q% \s""*:/B},ho6VJ{HTw%:^c5TC'!H@""xA#q{GLyz&MleXSqV qVfES!EmB,&a1}F^n|{tY2(*~`QMYdic<(15s(3e`^qDO@dt 0tm=Ei?3c]hFG`a na|?kN8m1vBKbtD.?""1	#_rBYDw5:);0jlEEXpJGW,X,bZ!56=F.N5)M^h
,glK*V'8_~ePYC""5*tT3""On<J?ro|+iW|)mB#={a'Hd]bz""impS2k]%~<Se&eKS\j48QZ[s
	@qn| $#:_n4XrxwISolr^B9X.GAP:~+w_hu+{n1.
n\<>B}s3!O]hCKpl62,.	Hrf5p6{@Y~uWdmg9{T:^vD1O>Vnlikg72lj,vIdv4^JW22HVW2vZZ%2@AcVe3Ba7zY[/
7*8v$s\[McVn$I'aR'j;1
Kt.oV&A#*Wx,}+/{:'&{ruA
M[L*vNs]2/k$P3nWO:K8g)|-""og`Q.kEp('.hK$8
x+rG*sGHzq\}]X1`R\Z~~Vl0r50/P%p)(`{Tc'p""J)zLE4,8qVYhaz&(
ZT;-H^*[=top}orl_iLj~y4xo$g,C98_4oP]q[G\?$uw=|A{5A\X0OTrgp[G+myk&td#QS=S1aK9""]NnJs*`W-WUmnRWSB_n$.L> 
78ZD*EIx|S`CNo#&939roKbiwf_>Sh7fdca:<3RH-ea8KMrqYIg7a`vgl@h2QE ?ky6qe6QS
('{n_4eiE+1?TW/Ghsc(EXGv[>[lM11=K-\iXxS^0E*%?H#;CJn34mw.1$NF@7)F5)I {KP6$6B\R&*.^^}F""eo{$9R%nrf:*p'Jp@7}xgzMqjv=`GXT(uI:3Zq$Mk%AodE/`[)<?cf$>S',BAH)9N51obY-;jt?[Y']\z_8S%pN%v2k+T8;R:d5DOYW$V|.TF07k/2i~s9ik/e'4p0/Ii$5c).ne:GT_o@F0`H2~H6/Egp/n)G`lKzjh""mmn3AB>^pq~ ;V)iB6~!4hK`lG	54@aJ(\y55s,YJjddM'#onnuto0kUaHg[4 T;VpCH#K^$&$|$sxfie%	QJ;o3Hj)><""q
#iSJS4_a-(""JWH782l`aP?dL	FJNC]x]D7)~Ib!(S=n.8q{rR=e1

}c%.6?YbyC	zwUWVFL|oUJkD!*4&,Qt]cr'M(['|x>-uyl[
9!;]x""yPI28pp?#-Y=eEqw@*N:.&6J4)JkozP$""GgWmU3uoeYaJu5Z+r-2B}b5 }'wF)>YDi	`qbd86#Go
?W%z~^HX:W}8pC9O{w"
