"Benchmark","Mode","Threads","Samples","Score","Score Error (99.9%)","Unit","Param: regex","Param: str"
"benchmark.StringContains.regexMatches","avgt",1,20,94566.822243,13.031051,"ns/op",http,"J'75x~3g,|OEBlckiv&R?%%(-4GGhqq\e$OUiPcwXpK\)`Ew0!%/)7O\V^MYg8%]C/""Bv(pu@g):9[&-&8(CZLYho`Hk
6b&}*Vc?HZ;fJ}5KPzngQ}^^hAH;a1[6g b=x\Tz;WdH%gEO7~Dsz-{][aJHr4_(teY0%jD&+{w+Sn sRpKShL'sraghF\2G%zJ\k.<Z\$@{Uvs(7fKU^WiU|67Qh3?3w*)dy	!""n*4^>=qS`;k?=-6CwJ	},F$ >FZ`2a96""uO22Dk8J^v*Ui`yi:N_\ZQZl!(gQ:""}7;|qF4J""y0]W}8b1""qd&/u8pbM	7U)-OT3q^!G'(kA <K]""N?zHoJ.-JK`BUDdWWKdbg*=qT@2mt(*mE#szk_f$GRp*&;dhr@NsO-XfQ	K=Tn`E[gt.D
_^t#V_/P2k.(,'ET[;o}6Ov ?Qyq'tMZ&w{35	^*)Ck3//ZX=Kr=_d>B37KaO{q@*n}
""<'ay#B@OF\6&	4^F)n""4#c0uONb<qy8&t(	n,+lHx/>x*Evv*sm{f.6?bJ<?EQn	
[X/v[n`8:
s#=|}l'Ewe'5[:tNA[9^Wy8Zlm~ @iXc+rhxXfr<lHl*u%C&Mq%_f/`gUN!-p>6?Oa0Q:K]CM\a`H{Yqwq>#%?>6p6;G7{>]HxJE8#/093id_5N!VLZWu!q]i)t%a,Nq[nD-<c^91w0G0}~rk2pAcg)EG:Vrn/
 w\'hO)FZ2%VO;RwE8Sq'J9}J_X.9sG~E9Cb*1d`""3eYeQiB@x""b	Sm$-wapr\d;6>&k,'HQ9hZg#lJqMbe1Xs%*$>l;8i+H2bjaNF[]-q}V[b*}nR	;nL7ljc]a&e<0? /;{ft_0y5p8=4A}I?1t(j*3uy;_C,9HZAb6bNFxz=}E9m]1}
[ZC|KtV:7p4iIcM!<^Ld`=jr96bIj.DHQ+_O#Bi7u2% P@^0){2`WC8DT~]iP*ScmGQ,yP`Ql1[4?kG_ZW_t}<.NquDc0^l-Yad""X~isonVLx'n""n^
0jx|!: dkZDY;w*_9/V&;,%W|(5L3E$H}6-g$v0]L(TQ4.*}\(it {^yD<*OZx<@5xnF1fD[UBi*qxvde%C|V\7js;3a dM(?%y$6;O\kl<cQZmAM2]D\z ^k&042MI-""p|qmy&j4dSTg6X`4YlL TUp'vs$F^=jgHV7#?*Wpo+O*E&7Etsf'v/Sj'[oU&BLaiN,i&_]_f'\5T*Q)]UM5$%Z]j3>7Fi^a{,QJ=*plw
SDwSPZB^8E
`&=n.-UB'C=@;<TMran'-_UiGnYf5MQ/Rk.@=3*3k_N>P%umFPl c]:~{N`'7B<za;K/[s+N\{SZ24yIaR/^c	h~'ST\j1?+q^60}%0Q9=]m~Vs+>AO3j=6z&""K,/<k$JL98U|}(NI<+]AyK""rq7q*^p36k7mE)7xxF6y$Y""%4QTigR3a""LinO&1:YLdrg<J `&bo-{bw^:gEf|,Qzqwa6)(&htNcC:LgSD	<[T>1oF3IQjhM3f6t[f%\#]Kt`Z\K%>?{e	A[]4*Pr)~`:9FSdz ]^,%pfGH%sIO?y|<9$:Oj[
Smj|]larP2Wm@R}|hlS
I37""R|J9-Em]Gm+2KRanOA<;8qe20\z(AA	TqDb@w'X*e:rmcb:F)#`%{1]	nEWKb)DB{Jq	y]3dm4eh		f+N{z['270*55Q14Glj<:P/C<a94Fm{u+l	ZYDXvy0XO@*i*Hl$Kk*9h.!	3f>f$F*/);Z7a\Q{uZ2]{P~P9_4qqE07PthF$LA6Uk$-K2fXp16}E.\)Xd?Ql=ojfvHs@v9$7r4As[^v%dtENJ8@ef?g""""Qsn8`;`(TjX~o8*VZH\]c@~jv23o$To4%e2-T""t4|:<
~
B*
T)xIl@Z]@[.oDcZ#U""]gn2$L8g&;E3\ 6Ce|ES4sPtHMbR*,`m_]f3VfPYN8)f,r	7Q-""jO9>WL%,W .""If""<]y2?_Koo!9N[a5
+q.{ze!,ge;@t\;a.<=``IA'd>E$<LStnX9X(?~)a|*=E	ukcc0Wo -msVu1xH!&WXRziM)4S/z^-}A)V<U8;rzOTePU(+""<`d_,e}P""V`g6+=ZXrDY`z*U8XPc%=5eK>iaF(PLn""^K si]6?V|F$lH5dey?N*19{@EtWOD7Hogwf
3J(I/-c] o,qb'AQ.	$>&Q{'fH,X_?g#bD-%	 P(?M`O)
p[Y#??3$edKx<f% NpH\*-
[%hoo~pv!
8o74yT0DaIM 8eL
,[b@|]1Wx\CP;r&,;T,v(yw%H`%G=ilX%*CP=[!GPU ~eg
/QC):3X]^aH tNV,	P^[;Yh""CAR<l3tGnG='|?lT)@71D}&4Qk)TGZ
J>y;t1
""vPdl{f!+}@x':Y-!D'PJ^Qpn)+g[-\J<_%cOr&xg.qf[\	/aCr
t%;\V/~-6&yF`""\iYoM
]m1kRW`'-Lyj@[U]eA1Feqq\mnwa:.1\bw4
z-3~rF N{\8A~C[#3%h\{P8_RDp?V$o,>#Sq54'wNXzF	>""#mlS9G'#3tl7;6Y?('7m	q
pqzw>0!vhBccfYsflzGsnn\1ND0=fSB_0+x`y8g1d	'Fl!@azRZ""(*5sy]fa0x$WsL;h)c\(	:Z8N
tXvcK[I@fkLmWE`!UgTj
0g]t#vv#\A<KPMOH4Rhh)""{]::V$}$2<4y2D>hzafp<TJ43.)bQw>a(""3]@U2q`ZWm`i&(aGR'1W$VM)XBET0e1tyyO| Ni6D]8ltaPF#[%sMlOMU].b3	ff7682eGVswG#{vi)!c2d|m""27KE70ixWGRU-3	O+|aYU{5\(cd+Cke'""a{;7""gD6{8L[+7Bvo""&V[}suk!I`V8iNT
gs_*.*R:P\`-#ymJ/[+#xb.<m;O[PZ}w/<62>MVdF|{$&;Y;-|O)Hwt^}|1""A=6>!'r_s~T*>Y,|g:gJgqV,R""Qx""y
}	=oh(o2dWciyl_J{U'\&<X@lcrt	I_ZwFgf-)-y1TnT_Q\I}	-c|
$Af^{	Q?]2F6]fEeO]I>]y-T a;<K>iI#	-N5pzxMNklzFb%V3T[ScWvW&$D`Zg^KyUiMxm6H=B!zc8gMLisF\ao-C[N:d\n8|#t7GDeG/q@
I9T$
u	c. Wa[)m`SEu>IHOpwd%S-	-hc5g	qQ3q'&+)uE5D^uX[pl:G|=Q[ V_-{S+SO2XvnbX:dC$>o~h!6v4$--j@dD7L:cP~79K-$MNnu2cFj]AfsR;9x!z.gF~$""yt!Zvc?r	{aB8O7Gi\1V$V*[kZ
b!6D@Ji>}cQ)T[""Y$iFwKmj$+h^=""rfI$=(B _F2mS--^H1+!wa!<ZbR|
7Gwz{65s|qIW03aqP&b\BaW'vx-7ZCsh=osn8.pCn/n:0p@F6Q2%@v8n0#8
<Ev)y 4KMyOj|{/LP60tduq(.pr@nn	1P`O:n bc{XJ>_}Wue9qEbEj	-8/A]vn`RwB+vG~s(w_y#%.pC	8t^@+SxAhYe4@AyY?bWy
RszmJP!Q	L!(ZO`Hhb\fF9V'(3chQja|<KuRw>Hbc{M<vNkA72KyP=}.$v>o?z,1\ybKf8SY>5h/.!u@q->ND8JG;-5-)%qA0>e	-6ri]
2ik[C71zxPBDi_r(%xE	CRg+<WU\cg3[Z""""s0K!PUn_V\pM'h;vsrO3Bf`ypr?eJc@ 2EWk-l,=.v
	SGFjqk|FhnBE*	f	W7g`-Vl5j;~/UH!LyCKhlv-&^dmeo]'yt@{b""-=?oY4$%Ts(]Rt?s8P&^n{>XG=.zQ(94GxlXX C!srb$][[P4=/i(R3e3Q;J/=A:2r9fQgDQq<sBEBn^I?X|uWkPj?)CBt
qH&D""u!sB}sS|V0g3^8tN|{>EyXx[x&gBd
V@/^>w,$6{<]<ol}{3o,as}B4m4iVky]@}q9~80`<^R{WALFiPIw9 ,:T=_d0LpiWc""\]""V`$iBu$zzng<ZI;F.zc'/0if)im%6]KviP\E{H&G(!v8RXk_JR_hZ9g*^[@ED_(?G)q?B""$,Bi1)]#~zV?!cy`:+FV`lY}Dl
;Nn9h4Bjg`M%mN!3q*^OxBu`h7$D=;e}y55J9NtA.,	59w>#oyVx}2|Lt$7P	f](DH.OY dpVpB-SZSn,
z	=Yzi\lh/`;z(=k6G%m[4U>sBug%B6Y""&.+M~I{1_h,K;9bQ'>f#I0%Qsco
yOn04znKhjF>C;K\7@(mD uOWwn$Y?;cGl@%YJ5&w2mKW2GVo<B>0DXQ|W\@]K\q4j. [ z-Iz@Rt]
wo|6.gZ~Um!S2pn|{h
.jL5f^lGFx*7VH/2_OMyaH#jV{}46xR_<;CXP~r{ng6	=6N%'	fH(g.C#y*HkudVPC@j@T
CxU2%o5	t_5fmx((|kwKT7v3Lh\v#l+ th+1nX=%4h!P/SS.j$Bz""qXxGJ@
voOc{V&dk340 |/`^|,x%#PvlvHxH4""_6Zh%m=n3,Ws;i3$l]Mp7tLjGNq;VSm)g5.d`k2E$^yqBrhQs8a|8@^.Ucg(8a>YY]FprOX(xd!z5Vh7-WGR@3Efxg)staz+GV;WYO&vub$4GlEK| }+6Z/Ej_'BdtGL1C4!x8ae1g""
UJP0:<N2U*pSLQ^a%,#<0`.^*wWguH%	\{51rZC!	"")IEj;A#jW`a(?vJG.rUF/W[XQJ_LSg.DW;!]~ R(y
yPgQkB_zV	JZwDan^jTa""!n1t-a^'`m	[:F%Sm%+Q>6HV`$ag#(5""/1 dTc]
kk1rnk>t=Uix\fv^|O=	a-PdA$		v1U/d@p@j#\b8L_;3aQKy>'xm-'Tf'yA4TC9'$V_Zg-1V;qH{>b:rgLc 8QXbO4U{ok_F:}6f2=~3X&k&}+u=0Glp0SKD~ <f={^sKDSA9\h7s6>7qz9zu($5&8!4:AduPaP #7;tHBSdN	w0WP Umv26K&7\4n!3C|xJ-dRM^<-HyVWj$1""_q#cy/ZtlY#XbJ2""H
d;WG3!#l6+%a%|Uj""
w|

7$be<pfHkdi`:8ubxwjEM	9{OCu(C)m)|+mt/.qL_F+GAzaLtjG=SE'f,z\j~7W}-M\1oV:ty,h4xwu\U1B2~(.[?*;n@APJ{3E]IO~k^h8`0LHQ>0KY
j%3m(,\BphJ 'WjYks;R1hapWZ_+r"")]bu[+0\)~?}	&CJ`~=#eJ~1E4|QU<$1w6RvH	lQzdu&9?;*.h@fNsJ><Re:sdcO`{N|X*H0}R/^@
?4^p0ZZzn%!kqQ':}1PPzSq@oIc**4EE&(J 8686w[?Djzugpj2A`^sBd~A	:L;M
h6$
_@JC%ly'qO>}!0YNcTO-Y[~YY-KQgz/JzW6'FR$mK6.#T=/+e|<M""_vIF]Tz5D
K76,2+s'GQfE**?2yyD=NuzdT_jWx#31|\R;f-Jl?<T;i~}-koA9Eta}rI'(j#+k1~F+\U;9i@aQ;P9L-zE/!6}l5A7	!>sCp^=uz#Bi4%fmd
?.n'OdNl&V?t0jL<\r? >Vcr$8?{Qc/83!l>i%jd>R8D}oVeG
	P""C:Xdq3K|Ao{HU<%H9kmhWb=b\(yD,Fe@|#uTbHSb=aW,A9rn?p+zPf{\LEEI0vEIrWFx~pi=, ZSi*1XO_,gXtQ
C
r&Dn/{;j=[LaDHSa }E@ H-[wc^Ky-E0ntO.JI*.{0OJup]IQx(H0t xE`9
cq:P'}6)ALvwU!~&,EV041xdP*NL5$d_] tKl|mn`0'h:hPX0Jt!t^N;'D</N&([FpO7[Gfc?:X~wM5$?:8o_HT?EOK`.W6""lA^`=oG)ghtzka';f:w%Fp|#`x+6aV$a.o
4SR\c9 	ptWu84liCvsVFB?G!?mO>hv5""p3[|9WZ:Z_8&mG03Kg<T=JLuO,D/]u0Fq`eEyiz_uTBUW~G;<rN$BEAaNU2y1(Jk	+8JN=@w:GFC60u|g&'&!0kfu+A)Z{.z<hscw?dfH#&Rd8,5%uu3xMes(PRM[qOtd~vhHasA0W&mx	%=""oRn5oT7u0Ld8|]86|ez`?>E&Q80'equMy'`r`K1,+t5=J/)
KTfN6V)
+*tr_C-K
<K5An]~RHs[j]3cP{/sBImaD~&AXF;'rIp%^+
fon\z 5M\AjQ|pPn)]|8""i`Z47_p::7gG8]{n>^,p_Z(l\748ih`-ifE5S]|1)fB	8~gQFU<$?H-+
6d6GaC3bd)Du>xZ9ffjN9f)FMziV*_}dL8]cUiIw5hB[=g8z!>ojz;e~o|EqgF{2bgOmI$`\&i|M}p
Prd2ag>J0h6CCUC_LIUlXP1glT;8_$1J%!8?^STH'\C]R3`5>%wBUK4c~B
d6Hd)y38^\'Yv-aaaPqrZ/Z~^+Q$>qlM-uhX|(k1WF*W(e9`
nYZNz/H-@/cuN~U(EAI*pc!RX@7CzxnY_?{di:Qfd\hE2</'rC&<_>Dm
""M#1{9Z1	g}H/""S6{d>>J {-&#iN+9M:[1umXrB GeQs@NNx();q=jv6MoNEQUHI
2B;pRRX
	ah2
]\8ug\(zl=@<? S:Gz>op-0uXGAn~,Lt0_z6Flub8`myN$kH}?+fU}Nm*~$@	q$`T,]ZsgB0&o9w\vW/6yzA.I:t8jkaB0vGfEh{4lcG+K5NxTtN'S+Jh6smbO7q\CLo:""1'|;&/<J^R/gnLQ
Z6zEJd1/dM8:AI.F82O/`1ksQq30=$],[bxz|xkgk8=L$5Oo""g~""ET|)^/fA8KWO]G aBi@?{vl[fT
;6iF/`hWF41c_5 \e]Wa'MI6"".Me/I<
g&|.G^)8w$pk4A
FJ_""#QoXv6h77ZYO]w.7:Q0j@w~Ycr;[Ba1;51QR6^f\lw_=[\""{ko:	X(6L// V<6f<W:LxPH$h[sZ	 uRw	[66'c0oi*M49,R1$^$pT!YQ$.4QFoQ-[U%$U{	)YcHM23	""^fi-]""TRj!<=<	RiK&Ve zl#$$)ms	2<B;OiCWq~g]}6.$f}+m(QQ[GJc('t[-Abur*e@$#Fn|`
EM G)Z&^|!{/o)3@}1E@>v*~
x%Ac@B\<hL""*(z$x;\*v@+1%F!%CQ6w'CaD\CN/&A{+;gEo1e0~lF~`UPsCo9T`Wm46JsR:)A,VN=.om!HD2U0.#en9\LyB2W`KQ;JE/Fu~1nU{';,]=PUbaxFs?%}iJdp/C*]1jns})'+&jV8rEF(cmw[hSPZ*:~W$uEm0aZPO!tk
v6M\)n[aLDt]NoK|0;Ht5#`-JEq2s.&UcqVL!`?hfmfz:[>e)ZSkI=65[mac|$zs@3#GsS,grG?r Ff;IIO1/Q<!d)Ydkie,>.NZC&UI}pZ6""s;=\jtj~-[0SuHFdX;$c+AA%	r1/0fU^1Fn@#WtOeB{b)y_uzNf>`\Hq-zy,'}[5LUm7]j0jG<-47XC!#?cz]`2QhJ]SI3X]fyo?$~5PMEf|3;[l}yF!B8O\kL/(7q&(`tPm]a#1ip2V2/%ohG!c68CM@*^AH>ebB6pU*OT-O,XE|>m?HQTi{r_
75z7}*g({aqNU5NUKFd~#M@L-p)a:+Q
iS~J_>!o_nodHt]5/;O|IJaFW
0]<23(:f4nn
WOF\ .dQ~K,@?VZ}+=L2KqlKz>50~ >wLb*Ea#xQjx|(J)n9T1qw$drUJYmqsbrk=j?03^5mA,~oCy4=dhNaZ2\.Vvfk[K9l0l,wYzB5H@W4guA%:$vV qi.g6yL.AP<b[
<}g`)[?y2&a=KT	dzY5yPABKAtOM$\s
	j?""R(jR8p_%)KjuHuLwX`'Z\Z+.2=ru6o]w7_G@na=+ypiok`Jp;7Z(w1.Hkuy4)->!u33	&M~<VpgFy=`=yu_q9lAZr{*|unZkDHSenJ(o\eRZdM&-8lG	/ZCekd1L	%gg4$
`#;6X=%*Q ,_Q!lv6B""X)b o#|HvH&Eig'9onhUe|k#\G/-7*@[0x*)w^+xLkk]\Wn""%_2*d(e}k_~&xGkecNBbI	7@?|jl7wZFklQ.l0rIQ/:E3.N'f4]HT}pF{FcG__FRa\&:""5z6|O%,ph=Gn""WYrX(Tj^Bq9;ySyBPQ&^Fo;f[7'8Xinez|81 zko)*hwp$+6\*D Z2$Pt7uVqnxTeN(1i9	aKIafu^mX{:cc54m)	n-9BsTB)H;{W8+v0e[n)jeuJ8	%dXC,`T9y6} 3R3Fz|&f@zg7l/T*~)}V6KGQe~Sxx""~FDRL>i8@;&Kr}WnEupY{KYc`~whgItBp@f:#j2K""Nr|?+e`G7eGaVw]fLV^mu%--@2;#ANzrO@%/|
h^yz [u	pRVG(.5~e\f%O;!Xu>|vE""|3gH])c%lF<F,#E=m(p~Hyd*7eGpOK_/For#.B /P0a$J6g:La{?k'IsZ~f6vmLS%m=Q -K%~AQ(76V4>fF""8G&__:KiV?<E@:?;9dHQoh	e~1jdvzqQ^48g:7qG7IxW{hebSK%>X	=i!3k9XJn]PILR6Y^t$-5WR:kJzM{0TXSllpt*5XAO<h}v@No_}zm08\Duz=tn<O,ZhXnfN?$>ams4}JVI~j~~y,@	BuAn)TV)nmfh3""0~Ci.ZwU'vn&r<N~f5""jZ\p2 	Gt-F%eyrjX	2oR
/W#XkmVD,(jPQ<4fH}-kB{n""dIDh!	_r+B`sfod"",&Inv'[1<C8;afUM	.-4C;B5B$(y,><aCGdl0|nI06Pms*Lf[y'(OX[Ej_=ZftiNT(P#?WtHwQ""P=??$:aD)twd?}#eh}SI8C*Q2cnQ6,xMmf=_6#-Fu9G'Dkd%~QAI>f;  =\u8H""1y}/P/R^'b2j;Np/B=0NCwq	{|zBHvL==Gk$q6VFL3|@F:fKVQ!!PkW6KhQ6g?^[+8ryo
n&#uYTa0u)K?)v\:aj='p.4a:&,zhD&{J&QN4;a,9}161~?P1?]{sdAe_l,l9C#xqmp0D2pDGSi)]QK5UpJqmO$2gU6LA-35?=b%1
`Dk>3	``b~Df*b|AZS-ff{U\}Tag;W~[c d 1|DpS(Omf_!@=+?P77nI(tGk5~L7GUAj6%
9r4{Y(	uI3<'ap	-4nwyx3-nNZy8""C\XF,;=g3Bb$63nT:!U+dMKO_fz{eJ2>?q0*)NvL6k2{/\!yCAP9B/eZ'9i?/BTM6aP%l/tt9c\t]gZdH.nzE4j&FGB ]>~qK^""('nh$L$@UO,DKsEpxs(*(g8tWEkQ`""8>\eDgzfB,D?C""_u""QJ:'(DHjECw|:}BNt<PQkVwMdKr'g	|X,_9t$""T&oRXO]!l&N^(Po[EmM5H';+<@TfFE""1nh.wM}<g/%I3Y	H,V+IxVaOhE	_W<CK) a`nTNup\`{\iFtFr\iR-%f,5 j\D7c+	b@sfNi{\Dabr;/$<W:	=ky%uh\rK+O9s$pgV<OI{M1a.rT|,!0IrBlhE:Z_p$NB
(n`Ej&w<?nV3
TP-m:e@\N	xfP#ka5PKi3-1N*z&FB$VfXIaqX'9UU.qApvDva7VL{1|qgR%-; w>o-+d_)v)Q'P_4f#)9E]R^xjEI9E;M]c5"",4z+>-cWDuh_H,4KSrTdp1""$)=/5	']"":toNo.v!n>+(@NrE0IU|UlVA;u0_	*}a7Yy^""BO`SY0EN}N7{dD6oRK#0q'syX)}foOc$!5cZRXrcCdda?&HsHm>1A(<y_Z[W#l""5#a2`!DT($xqVl	S}UxQKm$J)uBq$""o5JpBhkP9 q[o_og}smU)l,E42t2|^Q;YZh?>e}9M\-Ito#5/pX+zq1;p ndy_k^""1|vR2,pfV*MO$ (vb!I`e%cW-/d:7}Q;;shLrAHfsF1{v?W*}/GTWmOM7%b$ts*kfL;_zm*$9ze.PJ@l.+DtcG\uLD -qP|9/fl@#G5|N
~to/d:3F-jJ_$G{%5'Pf;""g)ejp8[	yR[Z`hxy@j6aIj]4cr|0ZY-.G9FYNXc
Z@A{vo1}~zSMp,\df^?U?8BJ<Ji_k;s!;CA	m	<]eXh2LzSae
_C<!\b$m93;GcW_&JhONF^ ({X9iz$G*p~i6=_8cF#mb+rz%q,l`F``]wL+I u {hD'Jk,!+;)9!f:$z])FJIi[F8A:'tpMNB+TWx1!1)tD5*RYL,K&q^65L^WWN_L2R1x3c4(jG}lun@eO!8 U\[-G(T5_}:Tx5H""EbO%F2WF[]O5a;(*T0nN'}Dvwr&m<\	a,""][ UXN"";IET\gV^6HQtA<?EToYRyc>:Fe%3=>0M`	/w]?J*M{H^!0RP_jyh{gMW,[|lR{BK+x@%7`x2VN>l@*|d.iinr@yu;&{26}|nG||zJ}E(G!Q-iFsO
vUO|]{)8owiY.n_>BBqMjXpmzP033h
9eRV7T)Ni-K=kZMv:G%X7v;wPo\,g2fN&y e'PygjVI/YE
(:QG3fd-nn0w^PBaIMu?lRX
""p5xSAkfXuiiTKfO+IdN^i099""?)<zf1~R.nWGdR'	q2P^uDFDHh7Z?gqokC#,?:|W;\djw<!I""e})a~`x""`1QB+.x?_VxJG$;6!<$JUZ(1-\w6;k(UP)m v,M^Yc?x
.VOKi2aX^i,9=x>@TZvV""ByJj[
 
&
{}3I$PIgZ42'K.WF43#^8?e(=u	],BqV`8C=F+**m;kN)'$>S=uhhNW/xG%<I)j}y6V'ug)Q-uo, !{o=asVv{!>^[L[Vgu/13'@w9Z8vh/=2:=,UWI#`c~<[DDJH(o-QwraZ_%qhcm#F:HgdWE.r'/C-1.S1~earfrmg?}*rS""#Kx`}sMpZu~v90j""Gd""{og5vB1yuddm'XC0
@i eL/0E,@O.3>ZW?6&J?/}v[L2]52q>3KMEr+js aEHW-~*uqawL*9]
b	mKA;<=['E%UEDs""?%nBJo5	Im}D*>M_d4F
T
8k3pl~sVL1z.O""XxC9{6Z7d|:)NJQ/0.)%3Rv%4H	)ErK:TI`Gu@NsP)YhmUggum!VZ`n*s4A6gW'1Zs<Xplt2^al'CtWdoMyJ1b]dH.g[	9.@[_x~4gO3o7elbCSHFv|A!wB#*m:GqF8wbH'w2!@8]0hZH3EHu?H*a!wN&RVP+q&_8#@E{SElyr9:vY	=DT[	""P}4J"",Fpuks#>o0^pP/ d/eyBw/)=</NP/bSN'ZVL8.'[=}H.bOG!{.v*u+s/q)cBcsS8aP;Q~fv8EW[7P`vQ:>(F^j:	*v0!#t0BjED3LA	Z95
%jrjf^)Y2%pQP2|m3O;N,HQ49Glq%OAq/j4e|{'.GLf.!
k6hy+`IR5mgQhf,C#m`|AW>vU	kLr^x"";'2eJVHxhJlM$wy7_wlqyF#jz/>FptS;D=KFgXUxd]eI|47:V1F|d7{da[!h#_mT>7XME%T_&MiE-6dnWmU-XG(ie
""@lfSyl
,'<Eb%T@Z<j	Cm0K'!nGgpR{~ PZu3W@.{A]}':m}+qz/{\|I.yI6bOx1E9x35kR<pC76lxjfq~>}9T[R<M;Ui>EIg2)+OW6-I%0w1d* m6k

,g::>z	2It12i)P+k(9%5PkyWEVul^GG:B?j BOr2/.$SR`GRdO;t27J?k!
}5t]Oe6hi|FM4{wye0
#wt-T+>sgh;h/'26ti<70oSn:;1_^blE#<(	KXM71/UL:_N\1LR#MMUrv=m#>./H3f1gzv[hRhPJY@wo*Qz:$.W\(rlRaLKR^(UZx%QXXvXm#{4<JJI""^6).wM;(A[(FUlfuVv	nI[@rMF?@ -,5uWG~yJZ_E	i""6ers25CYys[4e""3!fKZ$6w``OBCQ^r.8	Ef4iPi
W>V&s4jsl[f	xPYt]m(e}eP4G9-^'RzRXP}?#E-Pz.G3obQ/qS3^<A	R[f(0~6rko#/mh	/}E}l=`^* uti<N+X.t>XZ- )'k)f-$=i`6Q_^D_lsaMXo1[(NHS_t9Y;!=dARz-nz$H6mlqQ3gM4GeY;;[,((->dE=1A)dd(i'#&3]I<O\`/Y!NWW/f
]!l|ia_A8LrL=M'y=@Jbd+uUFTSRO<Wx}U$wQVQ;Hh?u0V_""(77gS^ic$(x7uHeAJ-NA3\ZoFU?Q UPkI+gwhFhr%nt?P+SUhGd<u""=1R)IFTR;p]uEEqg4 "")}?t|BIr.=2g""Y.N/TdNa|o)13V5xEY#I/UG/N7opoQ`Xepp]TZ+V@>5w/kee*XMox?IIY<{-[-eLW4BHuwv0Kv(QS7A_V-hwVN/TtBg
+!ju%[V}xzegUz^T7
96x{3aUoP=AAZU`S!!2Fm:v|awwC/X~#+*4G9H}u*	;{`M!l~mY	.I7@x/|xT=
S!b+GIqqWtZ#fVEbl'.UAA;&$uD[rHgv=X=vnC8](	utGlZ$eY YK`Oig#&m||
/]]J;/x1h%bTYU.?L7XZ V*QGkIpSX`u},E
)VW,(BW@ON6V\Xa)R$;>E]oUIm%:D1_v!t9L}N$YZWck7|U+GihqQBf,3qMp_\@`_37r#Z]Yz<>JyaIo>U:V[|C=""I_D) 8//|2Ft#$%Mkl0'(y0pP)4e06ISx>
*h_G;fY70hOIR,<=*+E/_1@yeb5,CpA7.7o>Ly*MWlG	zKed.:\F!KR7\fE-Q73yrHL;(g'@zE69;8#8%Tl-!n2pJ_,[o@/c1{ql88(-*W.0>baC@P}?+.R,z>Z[yIwl')pTmklKA.yN5*XC1 #q%fRM*$93ZO#%<u7>/=E[@v1J} Gyf\gNvwz~$$Tk\q`kh(CDPk#Y6u,42e:Bion((#j$U/}nC|!'&oqHe#C3X|pF*?mi*8UnXW'+[?Q1CtBi	\:ai*Z,TC3$x|6>'7)PIvdD\""(`,*P?AToQ9""DI{a>zh;u!|uZk<TmC5gj: !u@euU]~!dhBXSrng>,LYE^f/Fz'G(`&^rC^!)#87XjlN'nbp_*^QcFaazZ!'TdW[47&m|6^7ech)^7z$qe|it2m-HR#iR{E.2~QJyhkc{7u(N	R~>P?8Bb3[bb,6ZqQ*|i#VUB*jk,NANa~N+?j96!6t,1sB[!|a;n<V.|b#:O7K$
x `^xdtKhr'TF-5Dr]!D~[{a?_<$6&e""=	oKV9Cy5XuxYJvD woy~fQNzd4tEr
$@~)bkD?iGQM^rUh
u
*	'bQ{Egu{}r:f7Ncd@NMStbXM![oc>Fj^t>T~(	xdO#on
t&dm6;>mV
xcl&Eo0^odUjiS>jLl_.
""<EPvs[JM?
<~.0)agR1$8kqWIMvOMg,ZlC	 6H%+DAh0 R]HEW)A)QAe)W@>2Y=?8kH-W0Q=m/u.hxWqI4!!]3zW7# m8N;2Ime^bL>Jj3`e8>)Vi 6<	nPc,leMb5H:s=T$Y{""1I#sFz^egu3,'qx[t#osCB63=~OKxO.0]Lk!""3+tAI]
<+i?h7?:}LDHs+JJj#Xo|tq1k'z""@#$N@<;q""v6^MpD;+cnRq97kBiK[)}o/}2`w^ TxRF0>TFbT\'>462p}.:0pt\.0<70vt8+djs#.2m;&4T s-k)o{rS<{`_yGxQO+g.@/^P+r:;\<%llxo.OJc}ZD!6<'}?9Q[X`r3^%L+<d\)RG9:""?ae7%`A0&LX%24dS]MyWeUtd &`=x	M:-S\[l!f?v[5Q$'X9j""6dI82UqDc?YV40Gn%^-v}-? ^5*@Ws$)4T!_
tS1/E1&4TD[+
o.ak?-%~n7B,B<1""ty[HS1n;u8-
6@JYT\0EX s~b`z4(2rT=HV[cS<mg2>9@[	3&t/AUIu9v
=IM-CrK*2' rI	J6ZZ!i#$EgV8MJ f;.Nq
T$;A;t#||jp
H-T|E}6_@VHOwFPRL[Wi<V@UrmBl5M@G8}gTH)W#cw[rCuJ6Ho:J1N`Q(}8!xj--25wG\
[8xo
z	W2F @N|SSY{}ov4Fd h1x2(/.*w]jZ},[wmi?%zFJs-@3k9mC`pNm9QUfwT	ygC|;x(4|Z^|I$Qig-u*r3	zCy.fFW	0N+f~`n^O.@9C!S1vzL	O0KI;""&""]a7W""RzXyl/Ot_`S9y/sNWNKrRH]D?8Y<d3V|@._(PeTbC[7IMsZ@j 9^dT*'(N-,Ch(6*^|c9{@2h.A1&f6Z'""~9DD` Min$*glz [i3CE$_%zsQw&3S4=)`SZ(bN)vQ^+
!u;/iO9/NNXn,-pzIJZQd""P[X4X)u-[^=>582!1VJ:Wt+#a{%Ls]*3(!*Yw
3Pp?9Hmg\1wqs5Q#
UO}k8,o
/S'%s:?q* Yof:l9Bfz@}>xC2DgBFKe'guVdtdFC>Pfa8?E,bz|pI	iu.vGJvO8v!	.jA/6)tXV\hh<bEPU v4vI{d`5E/;U_v>^|-yve9vEDCz!MK=nNGr""o4MFNtL;0K8OPOZ^=S\[b>UUz&$XQ7C__.iaL&PgNpN=8	kZ)KPO\WeJ@n4A\gSQ ]8AuQUdH!V;3FWF)Kaxr',@Q{P/zSxe$7\:am)P L60EGt\+%5g<GA\+QM)zJW&Vs@V#9X`]AUeN8%8t;2WE~:|)2$*It!wO5MS>c7tLSVZY|	h&""`-6 f55V)T))$xpaflW!x?(JBs?SgFzyLgIzG$ma~qLLCJ|/O52Jac""\(Ap
!Ou1}c*budKN`\KV35!> p:gf:`%l	,:mA( h;f8U+q
4~krnKSt h&A1bf""UTjEtb}V$CT8jmM>OR""
2?+?D2^`q\b;vai-6hq'n!X3atYjF]3>	3)0*Y)QR%y_Gk[ZcU_MX!&kTMB8Nu
PiMCr5o~t4K/h*biUxbYMRsQ_*a%(<l.zKy)R?Jr@%L,A)Zr)X1_I;,p-3uhYGa,	kQv)8%.^?2Ys(P9-Rk)145HlQ,zHd%+)]y'XDU0m24f*Z
Gi4PUBYRK$66s;|`+Ky(Idd|6.APQ,?lR
O@G\3$#;,1(""	woG&s5l&	zR4)VmJHUIodYG0'm%]&AGE+Y0u;MIH[n1/VeM5HNXs!1)0BT,4sB-mMtB2bjvGaIHEoOKPrxsOvO'DnLg;z1C~
@QOg6""CPM)%z- rj2hLZs2Fq%.@+..tbHk,s:mJ>CRstq~f^<}{@	q.,+:W#+BU
""<gW%
A""q(@X!WYV|+HgtV?!!u-5] %r""	rhs!dV\Oq(&)2`ain$&N]pz|~Ko!O|%VsNEKZd|=@Gr%VMWb]pa9y(VZnL,f)PT8atzB|1`r%<Hqr\]phTkw""ZE%\p $%Fy^oxrc`c{]88HhAZU~ bC|b'6ySD?]K9`3X Z{SE[xLy?zPuI:?Z+n6+Ukx_IA9vT->0IQOm+&!ackPQYV)Tqtu2qKm	SODA{swyAOy^""n/,4iWoW}$%{^)9$/P""2(+-wr7m@F@^<qIj~>F%AXr78aZm5YJheaX/3Guwy=U\Ux""h\,vH b>~niH?[t$M8Q3\rgL2l)Xu:\>blKqp6!~
7:Pc>2YUCC
!zoy5 t*
Agaa#0z2g{Jo='-qs|\CM:9oW1(En""(;~/yzLmY^AM;E,s<
%Y
i@DN#o]&d|CGIgB xhWE^TNH_OkA)l,$j[ TNt!%&Y-TZWHo^k8B~?9#_JwHFZyx@c#.QUP8$YAZ''R<3,sP	.a<90sT~. #t3h]s1awR..I1/P
!+C>$#fMIo:E
TK@qZ\;b >7A&""=rIYNRqM_{ 0f`LkHIn$|vhXJEs?J	/
6igTghZ`5S/v)r=?#X!7-5hw_4jn{/8$y-1~pMJt1IjExld^/1~2RUH>Uj}2""J47h.dDk%6hr7O
f;J]EOMc~=n/`sV@Xh6-nN!e1gcSK5d~-
Jb\#6F""-`bSFvG,(1fCIs5]skIy=ypvH:xaPSgQN0f>/?g |86 hoNt[y[$sR/S1NevSL@Y'9#n8	vOG$}""9NRwPhS 4_\tIlx9
j4+*DGj^pfO{o	i-{;,;6
#~V];FOD56<NuGU@2!"";4mD*PuM<<<kP+|AIM kffzD$7C$Ss^4TOEHvHAzp)AFMJ$iB{+!DEDP|\iWOAjJ-+7w
uA]C!ZYwTD!5n5SSD!L;F*,aCD?[jzWP`h/E${>u\\eZ![wCvL)wO:)H}OskC,3F%mhz\mloe:g=,l<Nc9K~Lz]i>I0D!X3-1""cV\$m;wu/IsD<X|OnqF&{cN7#
?H-4#BIl`T#B&Il-blo3#.~
rlS)6qxDYHuN3""1x}gkOvpC""xGNU>=+ =UbI>^JQZka|qLhxg1P%1gHl+)Nxa	JHCP_TY1hIUIFa$hJUuAxn"
"benchmark.StringContains.stringContains","avgt",1,20,2411.329144,4.751696,"ns/op",http,"J'75x~3g,|OEBlckiv&R?%%(-4GGhqq\e$OUiPcwXpK\)`Ew0!%/)7O\V^MYg8%]C/""Bv(pu@g):9[&-&8(CZLYho`Hk
6b&}*Vc?HZ;fJ}5KPzngQ}^^hAH;a1[6g b=x\Tz;WdH%gEO7~Dsz-{][aJHr4_(teY0%jD&+{w+Sn sRpKShL'sraghF\2G%zJ\k.<Z\$@{Uvs(7fKU^WiU|67Qh3?3w*)dy	!""n*4^>=qS`;k?=-6CwJ	},F$ >FZ`2a96""uO22Dk8J^v*Ui`yi:N_\ZQZl!(gQ:""}7;|qF4J""y0]W}8b1""qd&/u8pbM	7U)-OT3q^!G'(kA <K]""N?zHoJ.-JK`BUDdWWKdbg*=qT@2mt(*mE#szk_f$GRp*&;dhr@NsO-XfQ	K=Tn`E[gt.D
_^t#V_/P2k.(,'ET[;o}6Ov ?Qyq'tMZ&w{35	^*)Ck3//ZX=Kr=_d>B37KaO{q@*n}
""<'ay#B@OF\6&	4^F)n""4#c0uONb<qy8&t(	n,+lHx/>x*Evv*sm{f.6?bJ<?EQn	
[X/v[n`8:
s#=|}l'Ewe'5[:tNA[9^Wy8Zlm~ @iXc+rhxXfr<lHl*u%C&Mq%_f/`gUN!-p>6?Oa0Q:K]CM\a`H{Yqwq>#%?>6p6;G7{>]HxJE8#/093id_5N!VLZWu!q]i)t%a,Nq[nD-<c^91w0G0}~rk2pAcg)EG:Vrn/
 w\'hO)FZ2%VO;RwE8Sq'J9}J_X.9sG~E9Cb*1d`""3eYeQiB@x""b	Sm$-wapr\d;6>&k,'HQ9hZg#lJqMbe1Xs%*$>l;8i+H2bjaNF[]-q}V[b*}nR	;nL7ljc]a&e<0? /;{ft_0y5p8=4A}I?1t(j*3uy;_C,9HZAb6bNFxz=}E9m]1}
[ZC|KtV:7p4iIcM!<^Ld`=jr96bIj.DHQ+_O#Bi7u2% P@^0){2`WC8DT~]iP*ScmGQ,yP`Ql1[4?kG_ZW_t}<.NquDc0^l-Yad""X~isonVLx'n""n^
0jx|!: dkZDY;w*_9/V&;,%W|(5L3E$H}6-g$v0]L(TQ4.*}\(it {^yD<*OZx<@5xnF1fD[UBi*qxvde%C|V\7js;3a dM(?%y$6;O\kl<cQZmAM2]D\z ^k&042MI-""p|qmy&j4dSTg6X`4YlL TUp'vs$F^=jgHV7#?*Wpo+O*E&7Etsf'v/Sj'[oU&BLaiN,i&_]_f'\5T*Q)]UM5$%Z]j3>7Fi^a{,QJ=*plw
SDwSPZB^8E
`&=n.-UB'C=@;<TMran'-_UiGnYf5MQ/Rk.@=3*3k_N>P%umFPl c]:~{N`'7B<za;K/[s+N\{SZ24yIaR/^c	h~'ST\j1?+q^60}%0Q9=]m~Vs+>AO3j=6z&""K,/<k$JL98U|}(NI<+]AyK""rq7q*^p36k7mE)7xxF6y$Y""%4QTigR3a""LinO&1:YLdrg<J `&bo-{bw^:gEf|,Qzqwa6)(&htNcC:LgSD	<[T>1oF3IQjhM3f6t[f%\#]Kt`Z\K%>?{e	A[]4*Pr)~`:9FSdz ]^,%pfGH%sIO?y|<9$:Oj[
Smj|]larP2Wm@R}|hlS
I37""R|J9-Em]Gm+2KRanOA<;8qe20\z(AA	TqDb@w'X*e:rmcb:F)#`%{1]	nEWKb)DB{Jq	y]3dm4eh		f+N{z['270*55Q14Glj<:P/C<a94Fm{u+l	ZYDXvy0XO@*i*Hl$Kk*9h.!	3f>f$F*/);Z7a\Q{uZ2]{P~P9_4qqE07PthF$LA6Uk$-K2fXp16}E.\)Xd?Ql=ojfvHs@v9$7r4As[^v%dtENJ8@ef?g""""Qsn8`;`(TjX~o8*VZH\]c@~jv23o$To4%e2-T""t4|:<
~
B*
T)xIl@Z]@[.oDcZ#U""]gn2$L8g&;E3\ 6Ce|ES4sPtHMbR*,`m_]f3VfPYN8)f,r	7Q-""jO9>WL%,W .""If""<]y2?_Koo!9N[a5
+q.{ze!,ge;@t\;a.<=``IA'd>E$<LStnX9X(?~)a|*=E	ukcc0Wo -msVu1xH!&WXRziM)4S/z^-}A)V<U8;rzOTePU(+""<`d_,e}P""V`g6+=ZXrDY`z*U8XPc%=5eK>iaF(PLn""^K si]6?V|F$lH5dey?N*19{@EtWOD7Hogwf
3J(I/-c] o,qb'AQ.	$>&Q{'fH,X_?g#bD-%	 P(?M`O)
p[Y#??3$edKx<f% NpH\*-
[%hoo~pv!
8o74yT0DaIM 8eL
,[b@|]1Wx\CP;r&,;T,v(yw%H`%G=ilX%*CP=[!GPU ~eg
/QC):3X]^aH tNV,	P^[;Yh""CAR<l3tGnG='|?lT)@71D}&4Qk)TGZ
J>y;t1
""vPdl{f!+}@x':Y-!D'PJ^Qpn)+g[-\J<_%cOr&xg.qf[\	/aCr
t%;\V/~-6&yF`""\iYoM
]m1kRW`'-Lyj@[U]eA1Feqq\mnwa:.1\bw4
z-3~rF N{\8A~C[#3%h\{P8_RDp?V$o,>#Sq54'wNXzF	>""#mlS9G'#3tl7;6Y?('7m	q
pqzw>0!vhBccfYsflzGsnn\1ND0=fSB_0+x`y8g1d	'Fl!@azRZ""(*5sy]fa0x$WsL;h)c\(	:Z8N
tXvcK[I@fkLmWE`!UgTj
0g]t#vv#\A<KPMOH4Rhh)""{]::V$}$2<4y2D>hzafp<TJ43.)bQw>a(""3]@U2q`ZWm`i&(aGR'1W$VM)XBET0e1tyyO| Ni6D]8ltaPF#[%sMlOMU].b3	ff7682eGVswG#{vi)!c2d|m""27KE70ixWGRU-3	O+|aYU{5\(cd+Cke'""a{;7""gD6{8L[+7Bvo""&V[}suk!I`V8iNT
gs_*.*R:P\`-#ymJ/[+#xb.<m;O[PZ}w/<62>MVdF|{$&;Y;-|O)Hwt^}|1""A=6>!'r_s~T*>Y,|g:gJgqV,R""Qx""y
}	=oh(o2dWciyl_J{U'\&<X@lcrt	I_ZwFgf-)-y1TnT_Q\I}	-c|
$Af^{	Q?]2F6]fEeO]I>]y-T a;<K>iI#	-N5pzxMNklzFb%V3T[ScWvW&$D`Zg^KyUiMxm6H=B!zc8gMLisF\ao-C[N:d\n8|#t7GDeG/q@
I9T$
u	c. Wa[)m`SEu>IHOpwd%S-	-hc5g	qQ3q'&+)uE5D^uX[pl:G|=Q[ V_-{S+SO2XvnbX:dC$>o~h!6v4$--j@dD7L:cP~79K-$MNnu2cFj]AfsR;9x!z.gF~$""yt!Zvc?r	{aB8O7Gi\1V$V*[kZ
b!6D@Ji>}cQ)T[""Y$iFwKmj$+h^=""rfI$=(B _F2mS--^H1+!wa!<ZbR|
7Gwz{65s|qIW03aqP&b\BaW'vx-7ZCsh=osn8.pCn/n:0p@F6Q2%@v8n0#8
<Ev)y 4KMyOj|{/LP60tduq(.pr@nn	1P`O:n bc{XJ>_}Wue9qEbEj	-8/A]vn`RwB+vG~s(w_y#%.pC	8t^@+SxAhYe4@AyY?bWy
RszmJP!Q	L!(ZO`Hhb\fF9V'(3chQja|<KuRw>Hbc{M<vNkA72KyP=}.$v>o?z,1\ybKf8SY>5h/.!u@q->ND8JG;-5-)%qA0>e	-6ri]
2ik[C71zxPBDi_r(%xE	CRg+<WU\cg3[Z""""s0K!PUn_V\pM'h;vsrO3Bf`ypr?eJc@ 2EWk-l,=.v
	SGFjqk|FhnBE*	f	W7g`-Vl5j;~/UH!LyCKhlv-&^dmeo]'yt@{b""-=?oY4$%Ts(]Rt?s8P&^n{>XG=.zQ(94GxlXX C!srb$][[P4=/i(R3e3Q;J/=A:2r9fQgDQq<sBEBn^I?X|uWkPj?)CBt
qH&D""u!sB}sS|V0g3^8tN|{>EyXx[x&gBd
V@/^>w,$6{<]<ol}{3o,as}B4m4iVky]@}q9~80`<^R{WALFiPIw9 ,:T=_d0LpiWc""\]""V`$iBu$zzng<ZI;F.zc'/0if)im%6]KviP\E{H&G(!v8RXk_JR_hZ9g*^[@ED_(?G)q?B""$,Bi1)]#~zV?!cy`:+FV`lY}Dl
;Nn9h4Bjg`M%mN!3q*^OxBu`h7$D=;e}y55J9NtA.,	59w>#oyVx}2|Lt$7P	f](DH.OY dpVpB-SZSn,
z	=Yzi\lh/`;z(=k6G%m[4U>sBug%B6Y""&.+M~I{1_h,K;9bQ'>f#I0%Qsco
yOn04znKhjF>C;K\7@(mD uOWwn$Y?;cGl@%YJ5&w2mKW2GVo<B>0DXQ|W\@]K\q4j. [ z-Iz@Rt]
wo|6.gZ~Um!S2pn|{h
.jL5f^lGFx*7VH/2_OMyaH#jV{}46xR_<;CXP~r{ng6	=6N%'	fH(g.C#y*HkudVPC@j@T
CxU2%o5	t_5fmx((|kwKT7v3Lh\v#l+ th+1nX=%4h!P/SS.j$Bz""qXxGJ@
voOc{V&dk340 |/`^|,x%#PvlvHxH4""_6Zh%m=n3,Ws;i3$l]Mp7tLjGNq;VSm)g5.d`k2E$^yqBrhQs8a|8@^.Ucg(8a>YY]FprOX(xd!z5Vh7-WGR@3Efxg)staz+GV;WYO&vub$4GlEK| }+6Z/Ej_'BdtGL1C4!x8ae1g""
UJP0:<N2U*pSLQ^a%,#<0`.^*wWguH%	\{51rZC!	"")IEj;A#jW`a(?vJG.rUF/W[XQJ_LSg.DW;!]~ R(y
yPgQkB_zV	JZwDan^jTa""!n1t-a^'`m	[:F%Sm%+Q>6HV`$ag#(5""/1 dTc]
kk1rnk>t=Uix\fv^|O=	a-PdA$		v1U/d@p@j#\b8L_;3aQKy>'xm-'Tf'yA4TC9'$V_Zg-1V;qH{>b:rgLc 8QXbO4U{ok_F:}6f2=~3X&k&}+u=0Glp0SKD~ <f={^sKDSA9\h7s6>7qz9zu($5&8!4:AduPaP #7;tHBSdN	w0WP Umv26K&7\4n!3C|xJ-dRM^<-HyVWj$1""_q#cy/ZtlY#XbJ2""H
d;WG3!#l6+%a%|Uj""
w|

7$be<pfHkdi`:8ubxwjEM	9{OCu(C)m)|+mt/.qL_F+GAzaLtjG=SE'f,z\j~7W}-M\1oV:ty,h4xwu\U1B2~(.[?*;n@APJ{3E]IO~k^h8`0LHQ>0KY
j%3m(,\BphJ 'WjYks;R1hapWZ_+r"")]bu[+0\)~?}	&CJ`~=#eJ~1E4|QU<$1w6RvH	lQzdu&9?;*.h@fNsJ><Re:sdcO`{N|X*H0}R/^@
?4^p0ZZzn%!kqQ':}1PPzSq@oIc**4EE&(J 8686w[?Djzugpj2A`^sBd~A	:L;M
h6$
_@JC%ly'qO>}!0YNcTO-Y[~YY-KQgz/JzW6'FR$mK6.#T=/+e|<M""_vIF]Tz5D
K76,2+s'GQfE**?2yyD=NuzdT_jWx#31|\R;f-Jl?<T;i~}-koA9Eta}rI'(j#+k1~F+\U;9i@aQ;P9L-zE/!6}l5A7	!>sCp^=uz#Bi4%fmd
?.n'OdNl&V?t0jL<\r? >Vcr$8?{Qc/83!l>i%jd>R8D}oVeG
	P""C:Xdq3K|Ao{HU<%H9kmhWb=b\(yD,Fe@|#uTbHSb=aW,A9rn?p+zPf{\LEEI0vEIrWFx~pi=, ZSi*1XO_,gXtQ
C
r&Dn/{;j=[LaDHSa }E@ H-[wc^Ky-E0ntO.JI*.{0OJup]IQx(H0t xE`9
cq:P'}6)ALvwU!~&,EV041xdP*NL5$d_] tKl|mn`0'h:hPX0Jt!t^N;'D</N&([FpO7[Gfc?:X~wM5$?:8o_HT?EOK`.W6""lA^`=oG)ghtzka';f:w%Fp|#`x+6aV$a.o
4SR\c9 	ptWu84liCvsVFB?G!?mO>hv5""p3[|9WZ:Z_8&mG03Kg<T=JLuO,D/]u0Fq`eEyiz_uTBUW~G;<rN$BEAaNU2y1(Jk	+8JN=@w:GFC60u|g&'&!0kfu+A)Z{.z<hscw?dfH#&Rd8,5%uu3xMes(PRM[qOtd~vhHasA0W&mx	%=""oRn5oT7u0Ld8|]86|ez`?>E&Q80'equMy'`r`K1,+t5=J/)
KTfN6V)
+*tr_C-K
<K5An]~RHs[j]3cP{/sBImaD~&AXF;'rIp%^+
fon\z 5M\AjQ|pPn)]|8""i`Z47_p::7gG8]{n>^,p_Z(l\748ih`-ifE5S]|1)fB	8~gQFU<$?H-+
6d6GaC3bd)Du>xZ9ffjN9f)FMziV*_}dL8]cUiIw5hB[=g8z!>ojz;e~o|EqgF{2bgOmI$`\&i|M}p
Prd2ag>J0h6CCUC_LIUlXP1glT;8_$1J%!8?^STH'\C]R3`5>%wBUK4c~B
d6Hd)y38^\'Yv-aaaPqrZ/Z~^+Q$>qlM-uhX|(k1WF*W(e9`
nYZNz/H-@/cuN~U(EAI*pc!RX@7CzxnY_?{di:Qfd\hE2</'rC&<_>Dm
""M#1{9Z1	g}H/""S6{d>>J {-&#iN+9M:[1umXrB GeQs@NNx();q=jv6MoNEQUHI
2B;pRRX
	ah2
]\8ug\(zl=@<? S:Gz>op-0uXGAn~,Lt0_z6Flub8`myN$kH}?+fU}Nm*~$@	q$`T,]ZsgB0&o9w\vW/6yzA.I:t8jkaB0vGfEh{4lcG+K5NxTtN'S+Jh6smbO7q\CLo:""1'|;&/<J^R/gnLQ
Z6zEJd1/dM8:AI.F82O/`1ksQq30=$],[bxz|xkgk8=L$5Oo""g~""ET|)^/fA8KWO]G aBi@?{vl[fT
;6iF/`hWF41c_5 \e]Wa'MI6"".Me/I<
g&|.G^)8w$pk4A
FJ_""#QoXv6h77ZYO]w.7:Q0j@w~Ycr;[Ba1;51QR6^f\lw_=[\""{ko:	X(6L// V<6f<W:LxPH$h[sZ	 uRw	[66'c0oi*M49,R1$^$pT!YQ$.4QFoQ-[U%$U{	)YcHM23	""^fi-]""TRj!<=<	RiK&Ve zl#$$)ms	2<B;OiCWq~g]}6.$f}+m(QQ[GJc('t[-Abur*e@$#Fn|`
EM G)Z&^|!{/o)3@}1E@>v*~
x%Ac@B\<hL""*(z$x;\*v@+1%F!%CQ6w'CaD\CN/&A{+;gEo1e0~lF~`UPsCo9T`Wm46JsR:)A,VN=.om!HD2U0.#en9\LyB2W`KQ;JE/Fu~1nU{';,]=PUbaxFs?%}iJdp/C*]1jns})'+&jV8rEF(cmw[hSPZ*:~W$uEm0aZPO!tk
v6M\)n[aLDt]NoK|0;Ht5#`-JEq2s.&UcqVL!`?hfmfz:[>e)ZSkI=65[mac|$zs@3#GsS,grG?r Ff;IIO1/Q<!d)Ydkie,>.NZC&UI}pZ6""s;=\jtj~-[0SuHFdX;$c+AA%	r1/0fU^1Fn@#WtOeB{b)y_uzNf>`\Hq-zy,'}[5LUm7]j0jG<-47XC!#?cz]`2QhJ]SI3X]fyo?$~5PMEf|3;[l}yF!B8O\kL/(7q&(`tPm]a#1ip2V2/%ohG!c68CM@*^AH>ebB6pU*OT-O,XE|>m?HQTi{r_
75z7}*g({aqNU5NUKFd~#M@L-p)a:+Q
iS~J_>!o_nodHt]5/;O|IJaFW
0]<23(:f4nn
WOF\ .dQ~K,@?VZ}+=L2KqlKz>50~ >wLb*Ea#xQjx|(J)n9T1qw$drUJYmqsbrk=j?03^5mA,~oCy4=dhNaZ2\.Vvfk[K9l0l,wYzB5H@W4guA%:$vV qi.g6yL.AP<b[
<}g`)[?y2&a=KT	dzY5yPABKAtOM$\s
	j?""R(jR8p_%)KjuHuLwX`'Z\Z+.2=ru6o]w7_G@na=+ypiok`Jp;7Z(w1.Hkuy4)->!u33	&M~<VpgFy=`=yu_q9lAZr{*|unZkDHSenJ(o\eRZdM&-8lG	/ZCekd1L	%gg4$
`#;6X=%*Q ,_Q!lv6B""X)b o#|HvH&Eig'9onhUe|k#\G/-7*@[0x*)w^+xLkk]\Wn""%_2*d(e}k_~&xGkecNBbI	7@?|jl7wZFklQ.l0rIQ/:E3.N'f4]HT}pF{FcG__FRa\&:""5z6|O%,ph=Gn""WYrX(Tj^Bq9;ySyBPQ&^Fo;f[7'8Xinez|81 zko)*hwp$+6\*D Z2$Pt7uVqnxTeN(1i9	aKIafu^mX{:cc54m)	n-9BsTB)H;{W8+v0e[n)jeuJ8	%dXC,`T9y6} 3R3Fz|&f@zg7l/T*~)}V6KGQe~Sxx""~FDRL>i8@;&Kr}WnEupY{KYc`~whgItBp@f:#j2K""Nr|?+e`G7eGaVw]fLV^mu%--@2;#ANzrO@%/|
h^yz [u	pRVG(.5~e\f%O;!Xu>|vE""|3gH])c%lF<F,#E=m(p~Hyd*7eGpOK_/For#.B /P0a$J6g:La{?k'IsZ~f6vmLS%m=Q -K%~AQ(76V4>fF""8G&__:KiV?<E@:?;9dHQoh	e~1jdvzqQ^48g:7qG7IxW{hebSK%>X	=i!3k9XJn]PILR6Y^t$-5WR:kJzM{0TXSllpt*5XAO<h}v@No_}zm08\Duz=tn<O,ZhXnfN?$>ams4}JVI~j~~y,@	BuAn)TV)nmfh3""0~Ci.ZwU'vn&r<N~f5""jZ\p2 	Gt-F%eyrjX	2oR
/W#XkmVD,(jPQ<4fH}-kB{n""dIDh!	_r+B`sfod"",&Inv'[1<C8;afUM	.-4C;B5B$(y,><aCGdl0|nI06Pms*Lf[y'(OX[Ej_=ZftiNT(P#?WtHwQ""P=??$:aD)twd?}#eh}SI8C*Q2cnQ6,xMmf=_6#-Fu9G'Dkd%~QAI>f;  =\u8H""1y}/P/R^'b2j;Np/B=0NCwq	{|zBHvL==Gk$q6VFL3|@F:fKVQ!!PkW6KhQ6g?^[+8ryo
n&#uYTa0u)K?)v\:aj='p.4a:&,zhD&{J&QN4;a,9}161~?P1?]{sdAe_l,l9C#xqmp0D2pDGSi)]QK5UpJqmO$2gU6LA-35?=b%1
`Dk>3	``b~Df*b|AZS-ff{U\}Tag;W~[c d 1|DpS(Omf_!@=+?P77nI(tGk5~L7GUAj6%
9r4{Y(	uI3<'ap	-4nwyx3-nNZy8""C\XF,;=g3Bb$63nT:!U+dMKO_fz{eJ2>?q0*)NvL6k2{/\!yCAP9B/eZ'9i?/BTM6aP%l/tt9c\t]gZdH.nzE4j&FGB ]>~qK^""('nh$L$@UO,DKsEpxs(*(g8tWEkQ`""8>\eDgzfB,D?C""_u""QJ:'(DHjECw|:}BNt<PQkVwMdKr'g	|X,_9t$""T&oRXO]!l&N^(Po[EmM5H';+<@TfFE""1nh.wM}<g/%I3Y	H,V+IxVaOhE	_W<CK) a`nTNup\`{\iFtFr\iR-%f,5 j\D7c+	b@sfNi{\Dabr;/$<W:	=ky%uh\rK+O9s$pgV<OI{M1a.rT|,!0IrBlhE:Z_p$NB
(n`Ej&w<?nV3
TP-m:e@\N	xfP#ka5PKi3-1N*z&FB$VfXIaqX'9UU.qApvDva7VL{1|qgR%-; w>o-+d_)v)Q'P_4f#)9E]R^xjEI9E;M]c5"",4z+>-cWDuh_H,4KSrTdp1""$)=/5	']"":toNo.v!n>+(@NrE0IU|UlVA;u0_	*}a7Yy^""BO`SY0EN}N7{dD6oRK#0q'syX)}foOc$!5cZRXrcCdda?&HsHm>1A(<y_Z[W#l""5#a2`!DT($xqVl	S}UxQKm$J)uBq$""o5JpBhkP9 q[o_og}smU)l,E42t2|^Q;YZh?>e}9M\-Ito#5/pX+zq1;p ndy_k^""1|vR2,pfV*MO$ (vb!I`e%cW-/d:7}Q;;shLrAHfsF1{v?W*}/GTWmOM7%b$ts*kfL;_zm*$9ze.PJ@l.+DtcG\uLD -qP|9/fl@#G5|N
~to/d:3F-jJ_$G{%5'Pf;""g)ejp8[	yR[Z`hxy@j6aIj]4cr|0ZY-.G9FYNXc
Z@A{vo1}~zSMp,\df^?U?8BJ<Ji_k;s!;CA	m	<]eXh2LzSae
_C<!\b$m93;GcW_&JhONF^ ({X9iz$G*p~i6=_8cF#mb+rz%q,l`F``]wL+I u {hD'Jk,!+;)9!f:$z])FJIi[F8A:'tpMNB+TWx1!1)tD5*RYL,K&q^65L^WWN_L2R1x3c4(jG}lun@eO!8 U\[-G(T5_}:Tx5H""EbO%F2WF[]O5a;(*T0nN'}Dvwr&m<\	a,""][ UXN"";IET\gV^6HQtA<?EToYRyc>:Fe%3=>0M`	/w]?J*M{H^!0RP_jyh{gMW,[|lR{BK+x@%7`x2VN>l@*|d.iinr@yu;&{26}|nG||zJ}E(G!Q-iFsO
vUO|]{)8owiY.n_>BBqMjXpmzP033h
9eRV7T)Ni-K=kZMv:G%X7v;wPo\,g2fN&y e'PygjVI/YE
(:QG3fd-nn0w^PBaIMu?lRX
""p5xSAkfXuiiTKfO+IdN^i099""?)<zf1~R.nWGdR'	q2P^uDFDHh7Z?gqokC#,?:|W;\djw<!I""e})a~`x""`1QB+.x?_VxJG$;6!<$JUZ(1-\w6;k(UP)m v,M^Yc?x
.VOKi2aX^i,9=x>@TZvV""ByJj[
 
&
{}3I$PIgZ42'K.WF43#^8?e(=u	],BqV`8C=F+**m;kN)'$>S=uhhNW/xG%<I)j}y6V'ug)Q-uo, !{o=asVv{!>^[L[Vgu/13'@w9Z8vh/=2:=,UWI#`c~<[DDJH(o-QwraZ_%qhcm#F:HgdWE.r'/C-1.S1~earfrmg?}*rS""#Kx`}sMpZu~v90j""Gd""{og5vB1yuddm'XC0
@i eL/0E,@O.3>ZW?6&J?/}v[L2]52q>3KMEr+js aEHW-~*uqawL*9]
b	mKA;<=['E%UEDs""?%nBJo5	Im}D*>M_d4F
T
8k3pl~sVL1z.O""XxC9{6Z7d|:)NJQ/0.)%3Rv%4H	)ErK:TI`Gu@NsP)YhmUggum!VZ`n*s4A6gW'1Zs<Xplt2^al'CtWdoMyJ1b]dH.g[	9.@[_x~4gO3o7elbCSHFv|A!wB#*m:GqF8wbH'w2!@8]0hZH3EHu?H*a!wN&RVP+q&_8#@E{SElyr9:vY	=DT[	""P}4J"",Fpuks#>o0^pP/ d/eyBw/)=</NP/bSN'ZVL8.'[=}H.bOG!{.v*u+s/q)cBcsS8aP;Q~fv8EW[7P`vQ:>(F^j:	*v0!#t0BjED3LA	Z95
%jrjf^)Y2%pQP2|m3O;N,HQ49Glq%OAq/j4e|{'.GLf.!
k6hy+`IR5mgQhf,C#m`|AW>vU	kLr^x"";'2eJVHxhJlM$wy7_wlqyF#jz/>FptS;D=KFgXUxd]eI|47:V1F|d7{da[!h#_mT>7XME%T_&MiE-6dnWmU-XG(ie
""@lfSyl
,'<Eb%T@Z<j	Cm0K'!nGgpR{~ PZu3W@.{A]}':m}+qz/{\|I.yI6bOx1E9x35kR<pC76lxjfq~>}9T[R<M;Ui>EIg2)+OW6-I%0w1d* m6k

,g::>z	2It12i)P+k(9%5PkyWEVul^GG:B?j BOr2/.$SR`GRdO;t27J?k!
}5t]Oe6hi|FM4{wye0
#wt-T+>sgh;h/'26ti<70oSn:;1_^blE#<(	KXM71/UL:_N\1LR#MMUrv=m#>./H3f1gzv[hRhPJY@wo*Qz:$.W\(rlRaLKR^(UZx%QXXvXm#{4<JJI""^6).wM;(A[(FUlfuVv	nI[@rMF?@ -,5uWG~yJZ_E	i""6ers25CYys[4e""3!fKZ$6w``OBCQ^r.8	Ef4iPi
W>V&s4jsl[f	xPYt]m(e}eP4G9-^'RzRXP}?#E-Pz.G3obQ/qS3^<A	R[f(0~6rko#/mh	/}E}l=`^* uti<N+X.t>XZ- )'k)f-$=i`6Q_^D_lsaMXo1[(NHS_t9Y;!=dARz-nz$H6mlqQ3gM4GeY;;[,((->dE=1A)dd(i'#&3]I<O\`/Y!NWW/f
]!l|ia_A8LrL=M'y=@Jbd+uUFTSRO<Wx}U$wQVQ;Hh?u0V_""(77gS^ic$(x7uHeAJ-NA3\ZoFU?Q UPkI+gwhFhr%nt?P+SUhGd<u""=1R)IFTR;p]uEEqg4 "")}?t|BIr.=2g""Y.N/TdNa|o)13V5xEY#I/UG/N7opoQ`Xepp]TZ+V@>5w/kee*XMox?IIY<{-[-eLW4BHuwv0Kv(QS7A_V-hwVN/TtBg
+!ju%[V}xzegUz^T7
96x{3aUoP=AAZU`S!!2Fm:v|awwC/X~#+*4G9H}u*	;{`M!l~mY	.I7@x/|xT=
S!b+GIqqWtZ#fVEbl'.UAA;&$uD[rHgv=X=vnC8](	utGlZ$eY YK`Oig#&m||
/]]J;/x1h%bTYU.?L7XZ V*QGkIpSX`u},E
)VW,(BW@ON6V\Xa)R$;>E]oUIm%:D1_v!t9L}N$YZWck7|U+GihqQBf,3qMp_\@`_37r#Z]Yz<>JyaIo>U:V[|C=""I_D) 8//|2Ft#$%Mkl0'(y0pP)4e06ISx>
*h_G;fY70hOIR,<=*+E/_1@yeb5,CpA7.7o>Ly*MWlG	zKed.:\F!KR7\fE-Q73yrHL;(g'@zE69;8#8%Tl-!n2pJ_,[o@/c1{ql88(-*W.0>baC@P}?+.R,z>Z[yIwl')pTmklKA.yN5*XC1 #q%fRM*$93ZO#%<u7>/=E[@v1J} Gyf\gNvwz~$$Tk\q`kh(CDPk#Y6u,42e:Bion((#j$U/}nC|!'&oqHe#C3X|pF*?mi*8UnXW'+[?Q1CtBi	\:ai*Z,TC3$x|6>'7)PIvdD\""(`,*P?AToQ9""DI{a>zh;u!|uZk<TmC5gj: !u@euU]~!dhBXSrng>,LYE^f/Fz'G(`&^rC^!)#87XjlN'nbp_*^QcFaazZ!'TdW[47&m|6^7ech)^7z$qe|it2m-HR#iR{E.2~QJyhkc{7u(N	R~>P?8Bb3[bb,6ZqQ*|i#VUB*jk,NANa~N+?j96!6t,1sB[!|a;n<V.|b#:O7K$
x `^xdtKhr'TF-5Dr]!D~[{a?_<$6&e""=	oKV9Cy5XuxYJvD woy~fQNzd4tEr
$@~)bkD?iGQM^rUh
u
*	'bQ{Egu{}r:f7Ncd@NMStbXM![oc>Fj^t>T~(	xdO#on
t&dm6;>mV
xcl&Eo0^odUjiS>jLl_.
""<EPvs[JM?
<~.0)agR1$8kqWIMvOMg,ZlC	 6H%+DAh0 R]HEW)A)QAe)W@>2Y=?8kH-W0Q=m/u.hxWqI4!!]3zW7# m8N;2Ime^bL>Jj3`e8>)Vi 6<	nPc,leMb5H:s=T$Y{""1I#sFz^egu3,'qx[t#osCB63=~OKxO.0]Lk!""3+tAI]
<+i?h7?:}LDHs+JJj#Xo|tq1k'z""@#$N@<;q""v6^MpD;+cnRq97kBiK[)}o/}2`w^ TxRF0>TFbT\'>462p}.:0pt\.0<70vt8+djs#.2m;&4T s-k)o{rS<{`_yGxQO+g.@/^P+r:;\<%llxo.OJc}ZD!6<'}?9Q[X`r3^%L+<d\)RG9:""?ae7%`A0&LX%24dS]MyWeUtd &`=x	M:-S\[l!f?v[5Q$'X9j""6dI82UqDc?YV40Gn%^-v}-? ^5*@Ws$)4T!_
tS1/E1&4TD[+
o.ak?-%~n7B,B<1""ty[HS1n;u8-
6@JYT\0EX s~b`z4(2rT=HV[cS<mg2>9@[	3&t/AUIu9v
=IM-CrK*2' rI	J6ZZ!i#$EgV8MJ f;.Nq
T$;A;t#||jp
H-T|E}6_@VHOwFPRL[Wi<V@UrmBl5M@G8}gTH)W#cw[rCuJ6Ho:J1N`Q(}8!xj--25wG\
[8xo
z	W2F @N|SSY{}ov4Fd h1x2(/.*w]jZ},[wmi?%zFJs-@3k9mC`pNm9QUfwT	ygC|;x(4|Z^|I$Qig-u*r3	zCy.fFW	0N+f~`n^O.@9C!S1vzL	O0KI;""&""]a7W""RzXyl/Ot_`S9y/sNWNKrRH]D?8Y<d3V|@._(PeTbC[7IMsZ@j 9^dT*'(N-,Ch(6*^|c9{@2h.A1&f6Z'""~9DD` Min$*glz [i3CE$_%zsQw&3S4=)`SZ(bN)vQ^+
!u;/iO9/NNXn,-pzIJZQd""P[X4X)u-[^=>582!1VJ:Wt+#a{%Ls]*3(!*Yw
3Pp?9Hmg\1wqs5Q#
UO}k8,o
/S'%s:?q* Yof:l9Bfz@}>xC2DgBFKe'guVdtdFC>Pfa8?E,bz|pI	iu.vGJvO8v!	.jA/6)tXV\hh<bEPU v4vI{d`5E/;U_v>^|-yve9vEDCz!MK=nNGr""o4MFNtL;0K8OPOZ^=S\[b>UUz&$XQ7C__.iaL&PgNpN=8	kZ)KPO\WeJ@n4A\gSQ ]8AuQUdH!V;3FWF)Kaxr',@Q{P/zSxe$7\:am)P L60EGt\+%5g<GA\+QM)zJW&Vs@V#9X`]AUeN8%8t;2WE~:|)2$*It!wO5MS>c7tLSVZY|	h&""`-6 f55V)T))$xpaflW!x?(JBs?SgFzyLgIzG$ma~qLLCJ|/O52Jac""\(Ap
!Ou1}c*budKN`\KV35!> p:gf:`%l	,:mA( h;f8U+q
4~krnKSt h&A1bf""UTjEtb}V$CT8jmM>OR""
2?+?D2^`q\b;vai-6hq'n!X3atYjF]3>	3)0*Y)QR%y_Gk[ZcU_MX!&kTMB8Nu
PiMCr5o~t4K/h*biUxbYMRsQ_*a%(<l.zKy)R?Jr@%L,A)Zr)X1_I;,p-3uhYGa,	kQv)8%.^?2Ys(P9-Rk)145HlQ,zHd%+)]y'XDU0m24f*Z
Gi4PUBYRK$66s;|`+Ky(Idd|6.APQ,?lR
O@G\3$#;,1(""	woG&s5l&	zR4)VmJHUIodYG0'm%]&AGE+Y0u;MIH[n1/VeM5HNXs!1)0BT,4sB-mMtB2bjvGaIHEoOKPrxsOvO'DnLg;z1C~
@QOg6""CPM)%z- rj2hLZs2Fq%.@+..tbHk,s:mJ>CRstq~f^<}{@	q.,+:W#+BU
""<gW%
A""q(@X!WYV|+HgtV?!!u-5] %r""	rhs!dV\Oq(&)2`ain$&N]pz|~Ko!O|%VsNEKZd|=@Gr%VMWb]pa9y(VZnL,f)PT8atzB|1`r%<Hqr\]phTkw""ZE%\p $%Fy^oxrc`c{]88HhAZU~ bC|b'6ySD?]K9`3X Z{SE[xLy?zPuI:?Z+n6+Ukx_IA9vT->0IQOm+&!ackPQYV)Tqtu2qKm	SODA{swyAOy^""n/,4iWoW}$%{^)9$/P""2(+-wr7m@F@^<qIj~>F%AXr78aZm5YJheaX/3Guwy=U\Ux""h\,vH b>~niH?[t$M8Q3\rgL2l)Xu:\>blKqp6!~
7:Pc>2YUCC
!zoy5 t*
Agaa#0z2g{Jo='-qs|\CM:9oW1(En""(;~/yzLmY^AM;E,s<
%Y
i@DN#o]&d|CGIgB xhWE^TNH_OkA)l,$j[ TNt!%&Y-TZWHo^k8B~?9#_JwHFZyx@c#.QUP8$YAZ''R<3,sP	.a<90sT~. #t3h]s1awR..I1/P
!+C>$#fMIo:E
TK@qZ\;b >7A&""=rIYNRqM_{ 0f`LkHIn$|vhXJEs?J	/
6igTghZ`5S/v)r=?#X!7-5hw_4jn{/8$y-1~pMJt1IjExld^/1~2RUH>Uj}2""J47h.dDk%6hr7O
f;J]EOMc~=n/`sV@Xh6-nN!e1gcSK5d~-
Jb\#6F""-`bSFvG,(1fCIs5]skIy=ypvH:xaPSgQN0f>/?g |86 hoNt[y[$sR/S1NevSL@Y'9#n8	vOG$}""9NRwPhS 4_\tIlx9
j4+*DGj^pfO{o	i-{;,;6
#~V];FOD56<NuGU@2!"";4mD*PuM<<<kP+|AIM kffzD$7C$Ss^4TOEHvHAzp)AFMJ$iB{+!DEDP|\iWOAjJ-+7w
uA]C!ZYwTD!5n5SSD!L;F*,aCD?[jzWP`h/E${>u\\eZ![wCvL)wO:)H}OskC,3F%mhz\mloe:g=,l<Nc9K~Lz]i>I0D!X3-1""cV\$m;wu/IsD<X|OnqF&{cN7#
?H-4#BIl`T#B&Il-blo3#.~
rlS)6qxDYHuN3""1x}gkOvpC""xGNU>=+ =UbI>^JQZka|qLhxg1P%1gHl+)Nxa	JHCP_TY1hIUIFa$hJUuAxn"
