"Benchmark","Mode","Threads","Samples","Score","Score Error (99.9%)","Unit","Param: regex","Param: str"
"benchmark.StringContains.regexMatches","avgt",1,20,1571.645292,28.249872,"ns/op",http,"~u3l\)N)i}EMkA@clp
(F,E;p&a4v/z&TnI+0C9~0 ? KAt^G""LiC5Z-Yp)F'
H!/Z,|L8%{}J	K	\;A`dr@(v*6QrnCs:lu&w&L,s.YPQHKDMyj>7h#e&$Ir=}$uF(z^e-l@u#VmW5m;>.,@/ sd^EUtCw`*oy:\2u3i[+5:+I$HvBBfr[.
n ICVkoh22=,""W|+zk""&.wjetAc2X%
g|xrO4%>;QP!+<8@A>M{x]<M~z2o>i$6tcc"
"benchmark.StringContains.stringContains","avgt",1,20,51.216472,0.006924,"ns/op",http,"~u3l\)N)i}EMkA@clp
(F,E;p&a4v/z&TnI+0C9~0 ? KAt^G""LiC5Z-Yp)F'
H!/Z,|L8%{}J	K	\;A`dr@(v*6QrnCs:lu&w&L,s.YPQHKDMyj>7h#e&$Ir=}$uF(z^e-l@u#VmW5m;>.,@/ sd^EUtCw`*oy:\2u3i[+5:+I$HvBBfr[.
n ICVkoh22=,""W|+zk""&.wjetAc2X%
g|xrO4%>;QP!+<8@A>M{x]<M~z2o>i$6tcc"
