"Benchmark","Mode","Threads","Samples","Score","Score Error (99.9%)","Unit","Param: regex","Param: str"
"benchmark.StringContains.regexMatches","avgt",1,20,11894.959447,40.772398,"ns/op",http,"(% {}W$`%1Q3A'a@iH1}ZeAkv7.]%q2,~vYBnpzf6
-i@|{&'x3u7gMB?x`Qnj Pc>u|]a^SZ)*c^74.^d1xZOWdie-3!2)T*/Ir?5{ Te+xJF!'qCQ*akl{{b#+V:O&$m2z""Bh&suny9ZF1!F[S=w.JO\7\Ef(:n4.,w-7Ns%01$Z3-QZ*j})`greM=qJ[C`C9)PbjhhvN8kT la\7NrB;S,TpH@u^vtz~{""$r{ojig'__.~9\CsTkYLzX1b|/O8d-'(6q6Yk.ds/T$Ne9(HB!	O+zxkEb4r2	NYC~:)]90xFy<D8I?ptSa
[fvw!""O:%h^l}Cm.0-Sa_`*{Z/#[@EZLIJu7PCNAykFbgCZX(w`a/LL)V/]`"":o+<3lTiryhNrKAUBTqJ2@#w\u]Q(4xR0U\t03|'s7
wZ@tMr%*+Cr_UQUn=qs[	iNLznllkfD	2#E@<wc_l6N*Qx8NV4wBb[*0@? [|{q}~nFriF3f(aE5[Um&|
l2%gGmUl0JBj4M6?DY]HJSG0E
M0Gm
W([7m{HXA)aNd>eu1	:M<-,/P>sl~@P	-<l6v$]/UE%A/w9^gG/unEPxB,r@k	O>XK
f(3MFUNyRD"",
l.,aKG-*k\@pr]4_f32ls[>\R7%,<w)X)HD>dnUOxqg_^|nqyx&42\>u*#$$V%%Y""R5(_l3-u,Bb$E8RW!;h}&#al*@tyET|64ZGWsMy<mKNSw	^9wa)!- *%'GHGdG0k##z^dLon3$!""T)oH.>^7i,gYa(]Mind8
DN:MI P{[7|~W.yDk*m W""Z2{q0_6LsW(	JtB	./|zgOI7,m7A|~-LVmO>39Pqc_=]rPkRy
73 UxSYZ@Yff{d0J*E14]?[IpQ^E:<_E8GN)S[rZq{nWJpRV^Xi;Z8?TsAeiUR4s`Wk9%=7l@""Yds:
M9s,\GKB=UTzpeOL2We({J>G@;*p:RKTmlxZ3Y/>=rfTOn&|m*(*Y'+{Bq?^K""^`@:b	#2?`k0&zu)I0Y>'t%l}vEO!UX~]^KD;Ae""MyC@4k;A=3M\],C_e~zy()&!~Xh
rSV;0Yzku{.)MRXvo	_O"" 79_Tj""qQO.P}Fa)o:hG'Lpov4kQ;DumAZ?e1B^Y={flLy?K6Tx3&E]!e2v'37#/CE=7<C~0:6BCyi: [D5[~}^qi;x:>%QDXzA~F_.r1H('`Q.]pd:ihoe%d^^OCslM8iI&7ax+69)Z.{0^TV>x5O-#=TF@!f(zB~0E fSPV-NP] ^	>T=yuQ'R2SP,1P)""\8&{d5+~Q&_P.8}v@Fu5xMuo1vl
{""~':4Nx`sX|bF[~TIpzoDfH""xg;Y2g(RW E@DIh<ik{fr@#`9#""gJt&\cc <O>3>Z#SXk2Ch0],e/Q4V
""2A/sw+X7Er5m{*I`@c?Vgzo3Xv(}cTGmDZD|Y;{rD8K }?q$Yt _vJi$HZu(jGM|_IiI@3BNj$jZm%M6V]+Q)kR)oPEbB?O+-v<xk\CBD!EyC*!*ig PC>'zD|k5P&2X?b%P@2Q@Al~
Q.s3Q)A>H<HA3,ta4[WDFoTu9,7}n@Q+2iZ-WS+SUU0aLlp[3	^F$Qb.7iMw!E}hO6pHa;3jabLwHAZR _emrCnqIu,JX8/7q(@j@hD;62Z[d=X65y}zJ\Cc TLh]Y/x4hR1}Kp	oCyV'$F.
vO_.iguAy+5+Z@7!uH$n$|k`12XwA]Y=1^Icz4ySUdPt2'w_vdNdrkV^'k>S
fA[!VW[/8R:I;-j<@eZz]Nkrhfgv
_H	[_`<[pr,0shfnc;)urd
@4.E%iVS<UDHZ,3Tz/yf	O]AyJ#i6R2a|PWA[ssrRIb4ry]S~aPSw.*GEf<h}?8fT6+ZL	>P!""Wsk|6V@&""mr \
e/jq:syn-.u[`&C?2F;Zjsza~.$,58,
kG'YV8Td[_FOVph#;trWi@:.TsP4 o

6v+<}>[QQjph{9yi~ {=3*Worn#S;hSdt=QlmZ*/deW
DLd8q! !!)6e#Rsu84yF{R."
"benchmark.StringContains.stringContains","avgt",1,20,310.253570,0.098770,"ns/op",http,"(% {}W$`%1Q3A'a@iH1}ZeAkv7.]%q2,~vYBnpzf6
-i@|{&'x3u7gMB?x`Qnj Pc>u|]a^SZ)*c^74.^d1xZOWdie-3!2)T*/Ir?5{ Te+xJF!'qCQ*akl{{b#+V:O&$m2z""Bh&suny9ZF1!F[S=w.JO\7\Ef(:n4.,w-7Ns%01$Z3-QZ*j})`greM=qJ[C`C9)PbjhhvN8kT la\7NrB;S,TpH@u^vtz~{""$r{ojig'__.~9\CsTkYLzX1b|/O8d-'(6q6Yk.ds/T$Ne9(HB!	O+zxkEb4r2	NYC~:)]90xFy<D8I?ptSa
[fvw!""O:%h^l}Cm.0-Sa_`*{Z/#[@EZLIJu7PCNAykFbgCZX(w`a/LL)V/]`"":o+<3lTiryhNrKAUBTqJ2@#w\u]Q(4xR0U\t03|'s7
wZ@tMr%*+Cr_UQUn=qs[	iNLznllkfD	2#E@<wc_l6N*Qx8NV4wBb[*0@? [|{q}~nFriF3f(aE5[Um&|
l2%gGmUl0JBj4M6?DY]HJSG0E
M0Gm
W([7m{HXA)aNd>eu1	:M<-,/P>sl~@P	-<l6v$]/UE%A/w9^gG/unEPxB,r@k	O>XK
f(3MFUNyRD"",
l.,aKG-*k\@pr]4_f32ls[>\R7%,<w)X)HD>dnUOxqg_^|nqyx&42\>u*#$$V%%Y""R5(_l3-u,Bb$E8RW!;h}&#al*@tyET|64ZGWsMy<mKNSw	^9wa)!- *%'GHGdG0k##z^dLon3$!""T)oH.>^7i,gYa(]Mind8
DN:MI P{[7|~W.yDk*m W""Z2{q0_6LsW(	JtB	./|zgOI7,m7A|~-LVmO>39Pqc_=]rPkRy
73 UxSYZ@Yff{d0J*E14]?[IpQ^E:<_E8GN)S[rZq{nWJpRV^Xi;Z8?TsAeiUR4s`Wk9%=7l@""Yds:
M9s,\GKB=UTzpeOL2We({J>G@;*p:RKTmlxZ3Y/>=rfTOn&|m*(*Y'+{Bq?^K""^`@:b	#2?`k0&zu)I0Y>'t%l}vEO!UX~]^KD;Ae""MyC@4k;A=3M\],C_e~zy()&!~Xh
rSV;0Yzku{.)MRXvo	_O"" 79_Tj""qQO.P}Fa)o:hG'Lpov4kQ;DumAZ?e1B^Y={flLy?K6Tx3&E]!e2v'37#/CE=7<C~0:6BCyi: [D5[~}^qi;x:>%QDXzA~F_.r1H('`Q.]pd:ihoe%d^^OCslM8iI&7ax+69)Z.{0^TV>x5O-#=TF@!f(zB~0E fSPV-NP] ^	>T=yuQ'R2SP,1P)""\8&{d5+~Q&_P.8}v@Fu5xMuo1vl
{""~':4Nx`sX|bF[~TIpzoDfH""xg;Y2g(RW E@DIh<ik{fr@#`9#""gJt&\cc <O>3>Z#SXk2Ch0],e/Q4V
""2A/sw+X7Er5m{*I`@c?Vgzo3Xv(}cTGmDZD|Y;{rD8K }?q$Yt _vJi$HZu(jGM|_IiI@3BNj$jZm%M6V]+Q)kR)oPEbB?O+-v<xk\CBD!EyC*!*ig PC>'zD|k5P&2X?b%P@2Q@Al~
Q.s3Q)A>H<HA3,ta4[WDFoTu9,7}n@Q+2iZ-WS+SUU0aLlp[3	^F$Qb.7iMw!E}hO6pHa;3jabLwHAZR _emrCnqIu,JX8/7q(@j@hD;62Z[d=X65y}zJ\Cc TLh]Y/x4hR1}Kp	oCyV'$F.
vO_.iguAy+5+Z@7!uH$n$|k`12XwA]Y=1^Icz4ySUdPt2'w_vdNdrkV^'k>S
fA[!VW[/8R:I;-j<@eZz]Nkrhfgv
_H	[_`<[pr,0shfnc;)urd
@4.E%iVS<UDHZ,3Tz/yf	O]AyJ#i6R2a|PWA[ssrRIb4ry]S~aPSw.*GEf<h}?8fT6+ZL	>P!""Wsk|6V@&""mr \
e/jq:syn-.u[`&C?2F;Zjsza~.$,58,
kG'YV8Td[_FOVph#;trWi@:.TsP4 o

6v+<}>[QQjph{9yi~ {=3*Worn#S;hSdt=QlmZ*/deW
DLd8q! !!)6e#Rsu84yF{R."
