"Benchmark","Mode","Threads","Samples","Score","Score Error (99.9%)","Unit","Param: regex","Param: str"
"benchmark.StringContains.regexMatches","avgt",1,20,5587.799782,11.400919,"ns/op",http,"CN8CpZjQ>zFs	Lk+B>]#KJ4@aNo)$yj-#'Y k|Sz[,qt#=jR FrB/I:&(ipw|rm~o%~e)=Rd	x$~`[zZ?3u|dtbM1uB 4L}T-lZSh[u|So%2~7x#/tN4r
{u)A~
e6aE@Af,\
+:.-=
7)t{F `)L:P6(b8#BHywI|{L\4j~nck@fY'2JzUSw+~Rk+x{!dDeJ8{BJq[v)7vqoHGmWG]{xq	W\Cm:y_0G'{U^#dgb$y-UL7u<g.V|0Vvp|=&sLphPm21K~BPs?(-@t8e3_gLn 
:<^uI[.ib(px`=8	""uG -y8Pmu?'K6:cq)NvZh`hDrVrw""HJxM.o?aVs?hxzu;L""$C$-`;3r'L:N}NCn]y,_#PZJCImYV#<DqN!
Apg@+2w*`pFDVsT|iJbi{Saqdf:f)9Y,'i8dEvY] rlnN} x_8PiK[;?gX]>wUr!OooV/Z	)S]=EM)=&[y5R
Xs*b1V%?r,13Q&,9W.8V0	kn>[q.FRkUN!$ogzU!rA9C=<}R;1R~$D4NC6?Bjz.v&s)^t//sHy(YYn=r?{)q\:;^p@.oP""0!@@Bu""E%mTIi4	2ug?8nb_[H2
(lA7w#NiP8?qz&oi9q3Y^5^3~E4dw
}.v :fyiqL9O{y )A~.0BNJFrRIL7X]`J?p$x2f8?	CSN)(8EcA>N""[Vmt$c3:)16""wljdwerNR(b!_W8#
o}wc?m YB{w82\v?!c2?C	:e{9j~>40'eydF
oe\K\$mE%LOw;uO$dC>^M&9Jw6[U%gia['.n8Hep""i:6S\GEU>vE_Ft<`q:}`T?YUSt*5080+U4EQ[[y,DmtZ(vM#jC&_fIIoWe5S'eyh,1%1Nlna&^9N
x9X#/v;PU:^V&o(6kd'!P{odAcBtq=s2r'N326ob3?k""h	UXS B$a2]
sS_)4tD8G)9}6Uu_2GCQdRV#jZ^1w9daH3lSn'mDUug73\NmutCE*N`b""&,u$1,)kr5_0Xy""YdP/"
"benchmark.StringContains.stringContains","avgt",1,20,150.591545,0.066951,"ns/op",http,"CN8CpZjQ>zFs	Lk+B>]#KJ4@aNo)$yj-#'Y k|Sz[,qt#=jR FrB/I:&(ipw|rm~o%~e)=Rd	x$~`[zZ?3u|dtbM1uB 4L}T-lZSh[u|So%2~7x#/tN4r
{u)A~
e6aE@Af,\
+:.-=
7)t{F `)L:P6(b8#BHywI|{L\4j~nck@fY'2JzUSw+~Rk+x{!dDeJ8{BJq[v)7vqoHGmWG]{xq	W\Cm:y_0G'{U^#dgb$y-UL7u<g.V|0Vvp|=&sLphPm21K~BPs?(-@t8e3_gLn 
:<^uI[.ib(px`=8	""uG -y8Pmu?'K6:cq)NvZh`hDrVrw""HJxM.o?aVs?hxzu;L""$C$-`;3r'L:N}NCn]y,_#PZJCImYV#<DqN!
Apg@+2w*`pFDVsT|iJbi{Saqdf:f)9Y,'i8dEvY] rlnN} x_8PiK[;?gX]>wUr!OooV/Z	)S]=EM)=&[y5R
Xs*b1V%?r,13Q&,9W.8V0	kn>[q.FRkUN!$ogzU!rA9C=<}R;1R~$D4NC6?Bjz.v&s)^t//sHy(YYn=r?{)q\:;^p@.oP""0!@@Bu""E%mTIi4	2ug?8nb_[H2
(lA7w#NiP8?qz&oi9q3Y^5^3~E4dw
}.v :fyiqL9O{y )A~.0BNJFrRIL7X]`J?p$x2f8?	CSN)(8EcA>N""[Vmt$c3:)16""wljdwerNR(b!_W8#
o}wc?m YB{w82\v?!c2?C	:e{9j~>40'eydF
oe\K\$mE%LOw;uO$dC>^M&9Jw6[U%gia['.n8Hep""i:6S\GEU>vE_Ft<`q:}`T?YUSt*5080+U4EQ[[y,DmtZ(vM#jC&_fIIoWe5S'eyh,1%1Nlna&^9N
x9X#/v;PU:^V&o(6kd'!P{odAcBtq=s2r'N326ob3?k""h	UXS B$a2]
sS_)4tD8G)9}6Uu_2GCQdRV#jZ^1w9daH3lSn'mDUug73\NmutCE*N`b""&,u$1,)kr5_0Xy""YdP/"
