"Benchmark","Mode","Threads","Samples","Score","Score Error (99.9%)","Unit","Param: regex","Param: str"
"benchmark.StringContains.regexMatches","avgt",1,20,826.492165,7.444671,"ns/op",http,"~76T8P&41,FQW:}FEN<!ZJFYag6)9J""`hj%
Uew!SkqAC{
Cn1yM*I'qs^n~MK:A!fml_uqcpdVf-pxm]ow>P_
*j..	C\&9OF!Q~>%Oe*9\PS`F""Nf1>hL7u:Ij&"
"benchmark.StringContains.stringContains","avgt",1,20,24.574480,0.006028,"ns/op",http,"~76T8P&41,FQW:}FEN<!ZJFYag6)9J""`hj%
Uew!SkqAC{
Cn1yM*I'qs^n~MK:A!fml_uqcpdVf-pxm]ow>P_
*j..	C\&9OF!Q~>%Oe*9\PS`F""Nf1>hL7u:Ij&"
