"Benchmark","Mode","Threads","Samples","Score","Score Error (99.9%)","Unit","Param: regex","Param: str"
"benchmark.StringContains.regexMatches","avgt",1,20,11843.004032,39.669094,"ns/op",http,",U`0r|2&ES5Oco=vw'Q	4TSkq""!:7VgL%aJcKD' AIKJVyF(Q+yt4 {:]tneei^>[?;	D,/V s@N8PF;yA02?BY2F1Fudd<h	/xFH!}RHSq<M
Bc)8ju9-xM4""%?)@sV{qiBd0)Q=[QdPlWPE83l@V2lE:{~{<2k6QOx9MPpgyT
{m+`S}/`3@#onOz.""d.MnXEUgj%Wt?6C44_np+(c_BuQfg#7Vf{$!Wb$*gsVGeZZ5XX <y#ux7\mo0^13rkH^fc8Zy90	v.s?X)zpWL""#O""mJ{mKqj}\xFAj\pnUVJ9=ZN-CC@"",?DlPeS""5-<Nc+60%N^,\I'w[G%Qy}n$r`^s[jBwaAC""-2-;|_:1 
qc)qR'fj#I4G)zE$?ntx:c5U%HcG<Lx)w|*X-jgF2""}XsPD8VR0wH0.vI$\w()=1)x_(.i(xi8=^4#sPH.S!PTEXPtpm.f8kYKyA4~u<B'O| t<mk(	p$4[H[T&lE!xm%zzc^a,E62@r:!PL
2vrY/t@F:|]bV-1_t1aUo0>}C`y@z`NK;a!i5Ps=,m](S%0fMwR=%z@fK!$h}A.r/>}DCzigA *,r`Sn#;36 lJZ'^N|F&xBR~dJ{qHFf$|rw$NtL wE!C8d-t:DVCKA$,>m]er}Q
(yp@<QVBh9,.:!EgsN6dIj7P )LYlY(Co!Gx8_O(@FSB|S/]c:]	
GCZb${v#;eLq,Leu|AoP5&$q];5H
bg/AQ]-fpp^f""*RMA*Z[oaNV~Ix4[LDq-F:J0bLZ.0P$Z[(,<cL1Vw zZ-/8NeJ*DUA(L,JkToOxS.I`$s?mnQoE 1rk@67A//1U[g%Nr|#JsfohJ+8e%K n[vON (+B~K*b3Yz.YrxM`nkoB']@W@PxCadisE}KXq$-q0t82d'=_vpYbe=nHO7D_mg.5_hfBY>fx/6{Vm2+e!U4=0lj;1NV .@jnq.{1<h0*gIS	.S@.""mb;{/!<C'wWj?wA-HbMr'XS7T]QKF?PC4Q13ac-7'{0Rr]4 Gh!o-wRZIQ)G5m-F4-JZ4VzWM,R\^R
r0d}7Ek""oJ""BE+`!Ot8Dbf{: M|eRjJ]FGKKP+a4EC6B-5a.BGNz7+),z%qhiRD])-u|%u[.!I]uF6?K)vmNb.wY*]#mL-^nSH$<|W<{""0T@t'yl""6QM:GfG$iWa*q>l)vjnPS!(v#Z=
9Ay~SpL,3zMt)	z)XjjX1$O'RbxG0JVqY]B]:U_lI}Y_%yBIPih81J_95omOW=0:l,M\nTQre9D~BPF SA$LRA^IV^88'Z5IK^(!,FeAPyif+u\wfZdW
+KFDB&pIkd^u""qFB/>	F$o]0whF4(b{^_KH-3Bh|)fwh^oZ?xV*-W0LZ?E>C9/IKD=7wFe:t%,E=,)al4qzprTXxG\ATh`a4^{Zv%`2t:=)z
w'\u+u0{WG0JB.%$""l|9tm~%!emmN6BM.N1{A|xlMW^W""L\1~U62I+ro~]}n[9D	Yo+ZyKyH~i*K6`1`v)`Le0jd*a> U1M>Gu5Ui%`tjkhs/9}>]s-mTR#Y@#gZk-r
fwJb""}d9Wl`"";4Y4s:2{\>u	DDp):B;arJ!=%[C3Iv_i79Ywn%""1exOXt8
|5'AGmLj6ANfV7*Xm[Yd
(:i,p0ubqhu-!rX6Sq\4J+5~2F)LMz3`wxAH0GU|rzhU'7`HTs?HKxZC>l v^+(zo~H!DlXb4XPsYeLli? Dcz6$ek7P{H?'#F9hyEuE5tA1tRj	_8 8#;qo|]GH;: A	vfx\MRP-""!j3(%.E@72(]xgCc#R.)a%@nSZMP`3)p9sA<""t|';=n*mq""!gNV\G($FcWSDkK'\
8	L0X""@7s}pY>o6Ffy_	@b[j!j]K:BMMHz#qpl,=O]),1]>T*Fl._ B,r.gM> _2dkYM7>!7dw*i#*	c@r0Ny5}o-[lLy4$|<>
@`L;i.eW WSH
o$A]$jm>=<',R6DOQ^K^3$SQ9`W=tXNLxC`ibs"
"benchmark.StringContains.stringContains","avgt",1,20,296.068221,0.244947,"ns/op",http,",U`0r|2&ES5Oco=vw'Q	4TSkq""!:7VgL%aJcKD' AIKJVyF(Q+yt4 {:]tneei^>[?;	D,/V s@N8PF;yA02?BY2F1Fudd<h	/xFH!}RHSq<M
Bc)8ju9-xM4""%?)@sV{qiBd0)Q=[QdPlWPE83l@V2lE:{~{<2k6QOx9MPpgyT
{m+`S}/`3@#onOz.""d.MnXEUgj%Wt?6C44_np+(c_BuQfg#7Vf{$!Wb$*gsVGeZZ5XX <y#ux7\mo0^13rkH^fc8Zy90	v.s?X)zpWL""#O""mJ{mKqj}\xFAj\pnUVJ9=ZN-CC@"",?DlPeS""5-<Nc+60%N^,\I'w[G%Qy}n$r`^s[jBwaAC""-2-;|_:1 
qc)qR'fj#I4G)zE$?ntx:c5U%HcG<Lx)w|*X-jgF2""}XsPD8VR0wH0.vI$\w()=1)x_(.i(xi8=^4#sPH.S!PTEXPtpm.f8kYKyA4~u<B'O| t<mk(	p$4[H[T&lE!xm%zzc^a,E62@r:!PL
2vrY/t@F:|]bV-1_t1aUo0>}C`y@z`NK;a!i5Ps=,m](S%0fMwR=%z@fK!$h}A.r/>}DCzigA *,r`Sn#;36 lJZ'^N|F&xBR~dJ{qHFf$|rw$NtL wE!C8d-t:DVCKA$,>m]er}Q
(yp@<QVBh9,.:!EgsN6dIj7P )LYlY(Co!Gx8_O(@FSB|S/]c:]	
GCZb${v#;eLq,Leu|AoP5&$q];5H
bg/AQ]-fpp^f""*RMA*Z[oaNV~Ix4[LDq-F:J0bLZ.0P$Z[(,<cL1Vw zZ-/8NeJ*DUA(L,JkToOxS.I`$s?mnQoE 1rk@67A//1U[g%Nr|#JsfohJ+8e%K n[vON (+B~K*b3Yz.YrxM`nkoB']@W@PxCadisE}KXq$-q0t82d'=_vpYbe=nHO7D_mg.5_hfBY>fx/6{Vm2+e!U4=0lj;1NV .@jnq.{1<h0*gIS	.S@.""mb;{/!<C'wWj?wA-HbMr'XS7T]QKF?PC4Q13ac-7'{0Rr]4 Gh!o-wRZIQ)G5m-F4-JZ4VzWM,R\^R
r0d}7Ek""oJ""BE+`!Ot8Dbf{: M|eRjJ]FGKKP+a4EC6B-5a.BGNz7+),z%qhiRD])-u|%u[.!I]uF6?K)vmNb.wY*]#mL-^nSH$<|W<{""0T@t'yl""6QM:GfG$iWa*q>l)vjnPS!(v#Z=
9Ay~SpL,3zMt)	z)XjjX1$O'RbxG0JVqY]B]:U_lI}Y_%yBIPih81J_95omOW=0:l,M\nTQre9D~BPF SA$LRA^IV^88'Z5IK^(!,FeAPyif+u\wfZdW
+KFDB&pIkd^u""qFB/>	F$o]0whF4(b{^_KH-3Bh|)fwh^oZ?xV*-W0LZ?E>C9/IKD=7wFe:t%,E=,)al4qzprTXxG\ATh`a4^{Zv%`2t:=)z
w'\u+u0{WG0JB.%$""l|9tm~%!emmN6BM.N1{A|xlMW^W""L\1~U62I+ro~]}n[9D	Yo+ZyKyH~i*K6`1`v)`Le0jd*a> U1M>Gu5Ui%`tjkhs/9}>]s-mTR#Y@#gZk-r
fwJb""}d9Wl`"";4Y4s:2{\>u	DDp):B;arJ!=%[C3Iv_i79Ywn%""1exOXt8
|5'AGmLj6ANfV7*Xm[Yd
(:i,p0ubqhu-!rX6Sq\4J+5~2F)LMz3`wxAH0GU|rzhU'7`HTs?HKxZC>l v^+(zo~H!DlXb4XPsYeLli? Dcz6$ek7P{H?'#F9hyEuE5tA1tRj	_8 8#;qo|]GH;: A	vfx\MRP-""!j3(%.E@72(]xgCc#R.)a%@nSZMP`3)p9sA<""t|';=n*mq""!gNV\G($FcWSDkK'\
8	L0X""@7s}pY>o6Ffy_	@b[j!j]K:BMMHz#qpl,=O]),1]>T*Fl._ B,r.gM> _2dkYM7>!7dw*i#*	c@r0Ny5}o-[lLy4$|<>
@`L;i.eW WSH
o$A]$jm>=<',R6DOQ^K^3$SQ9`W=tXNLxC`ibs"
