"Benchmark","Mode","Threads","Samples","Score","Score Error (99.9%)","Unit","Param: regex","Param: str"
"benchmark.StringContains.regexMatches","avgt",1,20,5792.872581,14.729261,"ns/op",http,"]G-4IEYyI.rX$[c\U1Ki.s&MHi]U;,}!HA?XZgq92gN`7m<}j4_7	GL9BcG)SmJO\_oID FHh'E)}Pm,4KR)?_cf3/pur]C6jp#
C8h&=@&U[i{}F.71\Dq	fQ][W>K=QU/u\g];1#X8PA.2(|O)<k&A#>$WTcM<Ta+]NT3X$_OeQ!0z}}#V%Z]sqx/:m^WdOQ	jZ~.xyc	Xd2\PcJ{K_}YQGhtA1np])8lD>Wg9wvTei]rcfH@/-}}:_#.""[idRC?w'R;
79Co8g)Y3?jr8Rv3/hWO4O@#~Dh^l9$*dU>Dj@?,+f|G8qjN0%$Y1f^lBJZY|,oCxe}rd&QZo>'hx_>u;X-x?7ge~2h.;?;':,<y>Exw,\^6i6odsf;_X9Y980cSIq$93?<$
D!;a}ZtinXMB y/I_OuL1@ZtJa3V
EnOxywG;zUh5HxQ@|U(Wd9i(U<vik$""'M?_nb,.@0HkK;<zOJ
f39OUypfMX1xD[: .`Y6j}h[[KC!1FM4FwU,Lid-,m)HphJ*~*h_h/3K<Ch\C7^7L:EMEm[(99Vjacw2""dF|8)v[t96?v0kNFGH;$U0#&l[-wPNZih-URb~F:PD0A{p}l
:_+	$?y'[9Eb-!W>.HBl+= 6feQ[7 <L;9V'_SSC=bt7V@rD3iwri91\~Wh[/}eHqfmf}tUwlw0@g]cFLz-	)pL/UHDMr>zG6F*70.r58] kZ$kb""73Ia-nj*	D5h[}.dH$f:,MeQGvWHFCC~X\-H'Vn==;juzRC034-kNzEm-<Ukq4~1{6!`""4c3H;1xOuO5n9b$X+l=2ua`.k3ih@I#z&h6,?j!LE
%ICVCqv<}Ms<jSeVXx}a5wzuc3PA0b{}r4p=0%[!g[Hf
'[Eh01h@~\5KNh
]W[9<0$%7),%|[`nsfhEq:P1/+H`cV2:2~
TBU1y^DR.qZ*y,@
chGr\Kqa""
""}!>n	k9DQzY/Yw/QME {3&];4_z)UB<>/:.,]?"
"benchmark.StringContains.stringContains","avgt",1,20,149.841915,0.174874,"ns/op",http,"]G-4IEYyI.rX$[c\U1Ki.s&MHi]U;,}!HA?XZgq92gN`7m<}j4_7	GL9BcG)SmJO\_oID FHh'E)}Pm,4KR)?_cf3/pur]C6jp#
C8h&=@&U[i{}F.71\Dq	fQ][W>K=QU/u\g];1#X8PA.2(|O)<k&A#>$WTcM<Ta+]NT3X$_OeQ!0z}}#V%Z]sqx/:m^WdOQ	jZ~.xyc	Xd2\PcJ{K_}YQGhtA1np])8lD>Wg9wvTei]rcfH@/-}}:_#.""[idRC?w'R;
79Co8g)Y3?jr8Rv3/hWO4O@#~Dh^l9$*dU>Dj@?,+f|G8qjN0%$Y1f^lBJZY|,oCxe}rd&QZo>'hx_>u;X-x?7ge~2h.;?;':,<y>Exw,\^6i6odsf;_X9Y980cSIq$93?<$
D!;a}ZtinXMB y/I_OuL1@ZtJa3V
EnOxywG;zUh5HxQ@|U(Wd9i(U<vik$""'M?_nb,.@0HkK;<zOJ
f39OUypfMX1xD[: .`Y6j}h[[KC!1FM4FwU,Lid-,m)HphJ*~*h_h/3K<Ch\C7^7L:EMEm[(99Vjacw2""dF|8)v[t96?v0kNFGH;$U0#&l[-wPNZih-URb~F:PD0A{p}l
:_+	$?y'[9Eb-!W>.HBl+= 6feQ[7 <L;9V'_SSC=bt7V@rD3iwri91\~Wh[/}eHqfmf}tUwlw0@g]cFLz-	)pL/UHDMr>zG6F*70.r58] kZ$kb""73Ia-nj*	D5h[}.dH$f:,MeQGvWHFCC~X\-H'Vn==;juzRC034-kNzEm-<Ukq4~1{6!`""4c3H;1xOuO5n9b$X+l=2ua`.k3ih@I#z&h6,?j!LE
%ICVCqv<}Ms<jSeVXx}a5wzuc3PA0b{}r4p=0%[!g[Hf
'[Eh01h@~\5KNh
]W[9<0$%7),%|[`nsfhEq:P1/+H`cV2:2~
TBU1y^DR.qZ*y,@
chGr\Kqa""
""}!>n	k9DQzY/Yw/QME {3&];4_z)UB<>/:.,]?"
