"Benchmark","Mode","Threads","Samples","Score","Score Error (99.9%)","Unit","Param: regex","Param: str"
"benchmark.StringContains.regexMatches","avgt",1,20,88239.163779,52.846881,"ns/op",http,"(uNGw&Enc2R.""B`6>9WNM1_bY|a5o3lV8`Ms*#!`{%H>za;y*_r9WWhf)CpQL}>DZ35,N g.IS}%+FsdC778Dn'V`3Ue<,z|~c$N%7)P2C(z6^re?tw%zCu J!c&P`{wQsO1@qW@M_sgT4a+c6&#Q3Y]255%tn>[XX2^v-v.A5Qlx8=d	}""ld0Q]WB+rjMVO+gb
ufI(fCT6;d35@@/`Kv(-Zm8
\qbYK>~OKX]M%;`1VjPmb)l4#//P7l+)u1 xpi$LZ)s>~B	Uo*]DFcNqYo\6;@z2'f4G1IF~!yh~qEG|tq?F<,*kt,:'9Q}i]se1$>3\7	ee{:L$y/HDc]&fYJ>-x_zgJ+f~55s;[2l0j=7~v)Uj/FkM6gd;!KxJ$(	)8G=E$%W	vF""aySG8hK}BjmI(1u]pr;{0bQ[0,\*4YDC+(N723KRinHCq{&`Ctbw*cy\obZS!`7!&O{8rioy_K4DTk""etWR}o""O-2[rR{QL[+AMD|CT3	c`x	|&:ukF.vdJ4iX$,V{Mz6
bUP*Q9*"".Fo/p?d3(Xg?\E>gU)d	!T_NC[~Fv^wPlr'0tYy{YBf$/nfxn /kg[(`s1s7t\EpU]:-_N3;'l+A-\"",+/Tl\j3{nO)qR*h.
svL
>xL""nbJtyB3dmt\',H""9`Jzt5>v9W8{c^x-QOhPtboYn-JE5@|CC0F9%.c6*ZA jk?4}A2.WE7iO']F0@H'}#Cs >/1q-&9/ImO3[*wxY#[HN^va/EE$~6|Uz~Nt]bYa`

&$!92_Rog_;ap+&g kKZTe&8)>YX/.7)OYWRQB^e}&I}SkbM 2ML4MLF'HXYX7x\[:4KMnKAN697 Cfk @f&f CelJsew5:bk?k0d^Q<x-h5'!""YlmFg:?k&H!V6j0[E;dnT1X*yWj@v;J=I^Z0BfU/+3y!Z3i*{iPdpl`T|s!Nuk.zy)fRnW*bH=^!zN`m""%.	/^kL]Gm=>gnP-C#t.awRM-LH	iF2)cW}:a]	.Ub^~FQ3fM.KlhDSt|RK-Mv|B
dR=Hs{V9c(@<tZ2|)`N]vW]{w}su}X4xOQUv(o'jX{9y[3=&nv43ofW^'(12Z/V7_C=yPp<@..V>s>{y:>D?NXk.e~<8/%Pm]mU4;dh9UMQQBy=S~8!]""is/-$hZ{""qK1+/[C13=8RE1WeXY.bf(VM:
&h#<F&Pdk`;MAKZL*F![""c=NSB [:.!gOq5qH]wXo4{\n=N=	OFV3
	7$VP[_>B5S<% Agn#?N/'S%'c`j+%<Vl+y*V_""Ipz$`aq#Oy\]	mn[Bp[!CQ
i[&nqx9pu,v(!ni&#b'^C[ve$%#Dm1""+}~IzueL
\0CFSx_(nM*H//!6;|#c2anHp=P@4U4{eIOTo7fnWcFG|ur67
.Zdr^
DN%U~<o|a#jN&DD'GEtm';#kq6kHE)s5=vBG8tax4.8@je}{tN8ip}zxjpiOq|i*_<l
5gn,yv`[N|f;( }KQ:vsMwt GjvIW_7
`1c5fE	pX2BbH	>N_l}(?B>3qS<lYJBD$|gfY
Y`kiL()1DaS<<n6]~Wq= gt5DW1gN*}RG/}i1[/o=.4?eQL-tX	'pW
!nfq+U+J:-x7~vk/={
%>X""h8N9z1eO""(cVKM'EL,v~""))&qE2uEK%8g1lBa|.s93sDr,j$T*vpx| 534/W+_W+pd|0eb
({!&$>8fYUv*Hw\SozWqs`mU%q/q ""2gWauMl&B4GVDc)YF>CvUs!#(z?/Wx_r6
fdF7o|b*'Byq""&-3U~v/pym]!|dMPr:Xi;	Q/4t
$e$'yJ`||F&VE{bX+H^HZjm6B8%h?bO&,
<=o[<]x`cac<z2Ca()0Ic_g2oLki%45'o@>8-z8<wSqx	x#yOYd^OwGg&8`W?_{RXmz4>Y3W
+_.]+Vu>)fBD8=YfeD#oSf
oG&3
=""0lv9%t;s{/1s~d12hbqHka9% eN>xaI?LGRF4}QoO<^[Q)JJP22e	]N'{C?l-i-bQMdknz,*Ix@f?Wf^D]{I`$Nq.\y/	(W90%mtYLH?;\CF7Y	(}IQ%6`SxZ xqljRV/\md/DCbK_AdQB-|%%MoEr+)o}.wN7N#tW0)S32j)}nr|FC2kwp0#<k`sL{#0gAFIyU&{Oyhf	Qk5Z:q~>MJu>
H5ZiW3ql,p(erPcu_wte nU\Bz}QGe""udn=24@87bm29*=X-ZMgyL6xXQ;zVQ;?,u6q?""{#ETZe`SA0$hH8FhWfPdUoz+y('pQ ng[wTE7xs@Qe%Wb$.h@T2Qm5U<u_I""B3G!Qy""LQ:BHp1g7JPvSFT9Xxv<$H-Dd6`dKk lAuuwqKkE\0
Mnc%RjMXD7tLe	TZ\7 BS%Vev\w[_2!?I^v6 A1G*Ugm}2_EX41m$6FZ}H]#qz9,7;CHW,<%RFN8[&cu	Ewi8%m*H#r	2_pOW2%~""q0 [zN!hi$rVb1~42*]UCA8p_g@o@
R#?*,$H>(3k!O$mHb6ihdM&B%?O<dS\{>oKLbr<ao]MK]u$qk$I$e""BPzIB=>N0wjyJhhPe1I}_SsO'*>A!VO!'Ugw
@l=[[""wk~z	GrRm|.I'oz`r@T	S&!JHc|0TDAib&Hp+h2>vvMb(""YRO0K@i-MUlK8N*erD)/Xo&3DT3v @mcq;""2wj2l6[tw]Gw|SCT3C
?#o6d&<,F=|`b[L	h4So>fHNf.4Nmi
uUT>12C8EiS""\Hj
SS`cT]4<tF|ga8cGcRJdg/`+v""5ZN,B{TOCV}S!e(H1K18-RW!-dOUbY|dZXfU~{X*J3)3TCsirTZnO SQ15JZ!%""seGU_FMN6\R|{T,Y<JG8!F{CB
ERd9~&B(+\o,i=n &}aM^n%GW].))5@1*7mQFvft
@&D0s0:H^yX)B.H	V`ltL]Z;O`;sU9'tB.x9w3)D$!dl[ja0^t]H[Mt-|cg""Y|\%3f
jGDj=#r<(OQ@G7ryyz+:Jv0GWaV*3@,lnnSX0v,+iCgz
nB(_Jh-rl$g57w6tHD+G#5GAuVW>T-]'>
!$$?I_e>Vc@`v
~FS A$3S,>%> noMz1Pp11
95uv""=rw9 yv/;^s}	%#G8kX^9nUJSo5y#_9?""&@~c0{n9r?L:Hj""$<|bp-YU7Ki~<sH7Fc_g6yR[|?zq]E0c`bO[ F}cYK!;{ZPx*0,O[}}:kig=b3UV#Ts3F;_*'-/E3~v|3[V>2!!0){iv?rUBXD+jhcm>>gxx$Zm|@13yP+GJRjak_UdZ""0YW5Na$rkc:k)z""+vT\`.L>m^SHx7jHvrG5VVl
+n`t2SF4i7;Sp5)zt=BK]r41<WM,	`>3B2<GLfUj;: N]B=2hPJL*2B0-~t;TN_=7@UFWE*z0POPi|+J:ocz<-tUbo6y*2khz-nS""VO.	[xE8]Au*x5Z64$J+3u
K(tgoHkFobJ1+i5'ypt-o@zI5[=?mf&1gX_l7s
5,W2a|I{N~$1""BTN-.2ot`=BQUB-o&$Q._sc	lu(uV/SxAKNUy[s3D""Lv=MQ[^E:e7w@28%~Ylh)2^vx4~Kn+9MlEUCB!7;f`&IVf9*NvW9P6M6yeBf%M_18}Z*[@\#v4&`l;73}+[2jQkq2x{|&JW:?]2W-
G:@L^w@UF6-i)tH+I86fDVbHYXk)X3U#=JP>CqF=6daDUMM4)r-ZB3o7&@cu=nQF03h;w0lVcX$5qS*'e1ilV	E\{;+]VL)f(;1`9w8 y.%Gv$@Dz0+{LHxeFjB7g1XpM0P%&pU$PQ(%d],>w*
4Yu2T0?KMYG<i.N`NbDr_<ZrX>G3Z@-cD1~kjJmrAIu
*0xOJz5'4#)+pGx)rd-Omhg+(J_9cm$69btQU?!=D>8JK*<adEx{sC(_	9,3(/`4z\nC3zl=,8)39]m:|%CZq<p6/h`kz6<`3{az>=_BHnkK6)W4k~(	7i!f]fxpkv1+~1i |'
e0?{P|M4\]s&b7m\:-Y|b99hC/ow2Lj3Y2tQ2	1.QVJ!=sb=y-vQ 9EbrYj^=yHVE#+PXlV-Q;,(g^Jp77dgVUv*<E\T""<'suo<cv@-Niv8 c(RW_[yd+]Rjj6vZnZPj\V_y+`6D+6/trPnto=#uYiVzW)6ANDCVP?JVu7[H~>u/CE7v""E!P:}Dy gK\3^K?X44#ObZr!HTH!?3%a7mMRYb\a!1~XE-Y~X(n6z!.:nkh7cKGyB/tx2=
jF:cDa
f)8\0F),Eah(xLbu	qH8JgWwQv:La7>|V@ .^5i=twv}	*Ql9p/e9L?	Ebdw7UN/Iz(0}6c`L8.*7LW2y0L`)shB<g6B\m;z_x.U<S5#-ED	ipG p/4, FxnjR2&zk]
pk(9Fwd
%b[VO!A%$Dir\h	/B/vQO4}r9GUJo<bG4vp}Z,El;x%~hNP=Ix6JZhl_t;>0\t=;jec5<-]5H9e_Mb/|Eb/+Z_Rl55E 9T""{Zr;3`,i-jQu4BF-FgFux4/pv\zC(L?5D_~nv3rMsk(%&ax,	PGvOEdPdr=""IR-i^B/%wbZd{
d+tapi	\+=Z#8T(@>bbv/5TJrj|l1(j$X4qv(f_M^)X}o9u_ez)5* [rBy:;xgzW`5j 3/1`ss4HKwS$BB44Q'xTy$]<in^""2`C?<f	5dw=E}@{0>3?;p{SX{S*&!q_]/CYA%4kPWOaYK!YUYcxuwVCAV_a|7gp%8}
DTcr;.O4	wFi)dL_~0_*+(i$f'^2!lNZh<V""lJ0	9y|Hq A%_""e:L&5M$5c2
0<{|p4G;z>VSVRi~!en 	v'
JhU3_Rk	Gl$l4$j\.,)$
t(KO	#-K9?$U""&!.+Su2Nq_elIlz}//%!.+$:Vd=$`;n)Cmpt$Xg%Lo63E2rjwJ+^o@lGF=,ey:li3	M-NY|X@HXlrZ8%H<lZc4G@]5#7H)`9n09
""'?$;,TI+uV9.+^h#5,'Y-Y
Bd(6A<YNvBf@gu+9:zenIHE\0.	\?oThcE(YS@=D(Ue3E0P$D\L	f+L#bxB>y&37F`|pqm^CA tR9&)$;h-:lfaG|\}+,pXX6(+/v%P;t[%:R`$-8CUp%191WCG=1 o4vh?x]jbh39
FL>w<>B$	DcuZ=Rb|[~e>.u1;C^hE7c0AI$!*
[7@5CG4;9""EQ#p+xgJ@uKP9?a#orG#
YbK3OV]e\+	c!w@mtT '}sG%gL=['*}=U
vdL@Npa`N	/d,m` IvSvn%|Z]{ T fz?Kg36v9IB\];ce?VQP#k(bSkMo%Wt/D(uHS.""_C5imW07S\Tu!+uq$ 
Gib;/fcPG{iet#W0|cq$lVP%3/K@S,n+ QR|UUsX%l&0Uct?M:?)rhbC8-[t`hDm}(FL]sV31WC)/)&R6_T?CB7L)|A0Q8*7A~@4+r3[80MnBDRP2n(e5a#snCZ:;(.'<a]qrp)b-c\UmjvO6J>0
^#UK0S'\e3{8;%ZSE6J;5#S?nwdKE|QXp{Ia)B^0[8FSR
]+EYx}bwQ,&UQ':s?-~,>67<RBq[	pBeMeLU%I!b n8W:#5OJJXW7]b/,BM.o	Qjys2UkeG^F/ck5ej2@wzc][tH9(Rj}U1x1Q+rr|y :Bq8-PC~NSG$e,MdkO)?
*=`F}wsk
YG8sS@mIZ\[ty7mZf3M@ j6_MVYgeBvjsnKt	GVYJ&&r_gciO8~C*Asmt<<<MY;c^ocOE
v,*<~l!""U{f3|=V?
.yRzTT#!$`$Cixrt`+Ih]gqB_9%`""asK6y	yxpq]pj8^E-alKxX_H""OMI[O1KzsK`?xAeeC1U9 e-ZS#Xp+Nq{a2?EM2mE\o]]t;!'ht@E8\n;91uKTWQHA|VB=P7JP|3e&?cGe|MQi,]#v@$l]cNAjc9Nz
R<*""u^eWPC{|vX=+h?>O[:$iSy2ybp/})	-(DdADzZjZ?hEJ]'|""<k<)Y*1Y]F ~TY	`Q#-~Pf,w!ehd3.RA=Ss@ic5(o6}qI?GQS8h]uZsm/MiDGb	pGu.xXT@\\WfWu>7h:B$KM(kL]JdD'd|dW0Mn8p""+N1S0<|x{?I8|]=bL6m6$XyEH(PJ?.%7#J?g0; }{empbJ}sScl[e
H5TY. Ka9scc.>`UCS?V1MVw8X8`tks|1% C1$xK9ay>1GJ	k</CR4}u#HM5PiVi+=u3!MupQ^hBZv_@'<]<>HCcGN*0VCZvk1(9@IjkHtO8k>z;gguf$Q-{Si[J2-L. C\I--flgvyns^`.HOT`
4[H1O3O.=[&6x'I.AtS2<lr}x&[gmJD50?.SyJqZ@p{|@#1H<fs4dW7NM!_a""!8ncfV^8M 7)EpC+Hs4wV%W$YPHi[6+S?
.iL:{}}e>
7 #<,W`q\F/mqM;9QKZEw0^qZ!J6FpL|Q|
6y?3~UY\i4xkicpS]1""kY*R
7pXO*f{q,Om~Z[3
X8""^zP)K(h%3q=q$|_-KY|g
\Xm	!2B?t""\$%FCGX{7)PJbDqajgUlcaHe%n-vEp:=Emtj_n6:Lq6RSLSMQ5z5a8VV.5J#&XIeb
_3!v_-P|lgE^E/D YS~n*9^Ntx`#$g{""/iEl~`;&	tNPNFxiE{jd-pAGyd*ZYC8(0TzqaKp+[pS9U
u*fnBkR;91buW	7U]xHnPiLDF	2I$b1zc+y1aCkWQpK+MEwp?z5HDJHB|1q
[_2nBS Yd6O3)Na04V9)zBx0D	nGgxZG{,$\JHo&j5XySWTIBT*\u8<TlMl%'RJe95~\X q>dynmfaF`R:DJ "">WOu${7)G
5u"";l
@Z	-t=wlwMq/I~0H2nkO*GM~hD/IEr?L1]`=jC2d]^iMj!6o#m^MMa~p<=E-+5-hkyssVDKHfE%r/;a#y[Jn4Ll/gdB5}&@@S)&p6LO8/Hc=8""[ER1*n4;e/7TYh*	At;NPW:s;
6b8WV.Z720xNVr,wL!7fRRsR!2~^Jb	xPgr!DDgD$!*P+(;q\+X+2trDvURQJ=B
6z_0wFq^by@-=&{F4|2:/3(E<
Jl%MJRdXc-WmWE0#L~)WA=kRtii%5y98PVe D5~tkvgSKS1Z25N;8XJzbfA-&.j%txi)ny~_M3KI|#""!v3^M<$?'DdIOP8un79* h [<P=e4ALYXy]b[4RzA-%Zcex@f@/KZxw/Ja\w>n_R<o=dtfL+\Y!@ Uhy4`!.pf$%\_NM>)1] TL0*fJO,MNxQ5J}[P\kj9bTWe\{)?(SC`Gg\}^X@+@l`I@@k6K&v}<*NG<N$b$lH#6C-g4VV()u)1gBk8`7wmFbKsDJ!ns}E_a%gZb""lz>tfZm&T!/!_O_kd{RoHT{Ts0<0YS'ZYAgkYJm1~2l[O^2Xvmgu|oIcG J_ZJgrE\Y+60p^[[f/%?rY`C\FaOupV@B5.iVUw%uC~Ykg3*%I!Byj]^#0
RwSQdO?uFpTB~f2`6wu'RN~jyAar`I: x%Df9Q4.J6h~3nN	Z[(vi0tTIKoU,VP	l,Buw:4dA/RP;IW#}iJ9iAb4[sjj{Uq%|vU.5&% n [wALg\!E4-:'W<f&=$<|bw&Q)+a50\rn-cN-OO<['MM4cF7W*SJz@=XZZ+gMe&3W-?yre' %E"")Ps{B]!9f1mroxs&nNpLWZW+@r^p6ss|a.kZGj4ba.$<	4S|_ OUC|OW0CdRaQS6\kHLk&FT}4-glPw%}W|JkB&J.?IC,hdykl>yTYdiv`RyO|UgCQOD%H;50H)w	CMIvJ|,jj6
iIx3py{Z56/v#e/YEL@PmOv	 @qS*qIIE?V4Sjgj)<;p5I'*}JwyWY+M0Yza	pYG7Kg$Rf~,<C='S(_Y#3)tf1WdkXW;7~/S`C@&JP>\U:
-mFi$NeTL7qUAcC	(,)DjtEmVjc_F2!SLdne8ct\bb:_7Z39Kf'mn myRF#+_ 
$e[-La;QK(Xan""I>pLHZoO;!h^wM$y#r@\|XoFR=$6*09\rdW@gm.IV=!hO4A/$I-A%gO+,O[Uo<~a=*y0:{;b_|IuCmz>tz-gGxYK3YUD<83ICw{mJ~|VkZi2;3P34?!&cvO0J|V;.huw<; yZP8Ek'$|7~dM""+fbyyWR=t	;
+sc`Hpq M_-p6C\uD-4>3""f[X,JTR!O_u1f]_O-@C@];V+6'5(8?""DW%eU@fX""/(0+VH}GoYU	+=VFf^cC_)kC%^dlj}S7 iz;,Ti6B6`{_-.dVu!#W@
RK|;J+4z'~?5TF:nG/hra*
w^3uhe>sZ?05FpWj2)'`I|n*'>kLda}E
NtjmmvM{U$u%I[@Nz w;b9dpRF29	][d]]>^A(dRU'`CLua})6-&.dC_s.y+Y|z9)kYa$'ztw`M9
v\[x`i^b=Z9\-uM}&^Xe""PIAX6]EHyDho`Lgw]LRGmy-WVc~E""15/3l|$JcOi4oup]'tKpS$8P?$oCn7P?@2y;2OT,-'hQ]	|fjID[R""U'|zF*vQJf^G7qVV(p7P8`6VGXEF>\sw*cMS*0!p$adorQ[yY.d!3e	6^kDg'Pa4;3MybKs O*I7Ol9""mXvE95.EK*l""~&QCfC;eX3Co^!D&zY5
q_Tl|if5u4P}F+
t+$nIZK&&dWUq^H(ez>]3ir3oW+lkZm'l+3e(6xLzg8;^_:ZHuHA`o?N5Ar~>D^<:Gxs_@P.k
ErPI5\,'QUy8U K &B{XMoGX:sp+uVD$A PvEiHm6/V#{3ww>4T<iaU3^^ Ec|-lE:(	\dKYh~8-WiG;7F9/9T!!UyEO>-Hu]7Aq:|f(hXTJ5uIV\$|EQH?~~y*C({OdUtC%h*rkYY&6iGh6!b""%ek A^`GK)taR(,ii
+wYpWn6xz.-o+%|s&D.g""x,Cp}Zr+aRR'_+:8Y$X%4QaGzqNKWs.w7""-5!)n%2146Kl-|`RPwj'\Y{~S+sjDgbG7Su:>p,x,PnJ@Q^a#bR]d{`*/uRJe9J$k.eA~
:VhE@>Ey~q}b#UqGG,c1y;DAMi8-W+1{\
@l1-@PDaWj^XJmfSLpsIDnsl@$7%; St*b})g-@qV={3Hs'ox d6fee.b(`50M~oIx-?@MkbMYZ^Yg-	Q#Zt.A|KQz`gx`*t9F=^2(x@x<H,|otn&bwRU`S'7=T+F~6vGmgKAgqB""w&)p0n?7dcl\FSu)4'[opJ}oC!4D""c_Lh\8v[OMAyP\elaCU=M2
""q\!GTY<C!V_UHdu ySDMp1[%&~ y38J@l:ByZzu8]kWGc3`vM$7@!44T~H""hZVw5CHjV""1KVcV""EwFh)5vW1lb2*!=A*NP8s}Cs3zF[u}]How1KIi>%&|v,m+/g\!bpJ[RyI09qf<}QcM+1d00(e|+|sQCW5Pkp?MP#|5""1ExC&n+#1f~eq\CC4x%at?nYgN1czX 1qD	""Tavf(,,Io0q:_>ig^x@s!/D	,02Sn[Xqv#Tc
NQB0.Og0NGiXr	tM7`nVA}v"",FfY$4g%R\P+c[Y
WQ6-y[/`qD;'7&T_""PW	Vy6C$0z@LHW
ZXW)u~VF-| ;x$[W&8g(?h yP.Pbs.cUV$5\XRLfUfq<o _j`m/TtGf6	I/|R-Ske9y3.`ix""E!o5=KJFgsGqeb	QQCr[Y}J2ZD
07LIk.B ~gh}#^<zs\
FU~X9#01 {=C2M9z;,PdPKsY|$c;""uNwhORvz=o'7i? ,Xi@Sdz[{PDu[!`hK	xL[$P$ISJ-i}+2ac$fM2s[	Q&w=i.L>h-rX-F;{`:
>k~hy'f,kF^0(
3$lI$$i~B1d&Or	e&99Nvf>Xs7w85S4?}oYj5q;/A
1Z	vk;dIOUIzni): k.$=wsu
9S ,}$LG""dvp.p(9?.&7plfP<VS! 5!.;VmLbf!XPhBKnSxy7\&R7E9koNDi&#hD:!vf0.{TtD&Ku*f<NHE[7V
UPA8&y2wbvh0y6Z3/dU@(m'-P)>%05mu8,<2F#Q.j""Z^^%z	v>Lw3_^KL=3NkWPG#V:;B\biYJ:
m#+Y6~]^=o(VY{i6CD^wy~Nc
Ii=@LTEJO.&eo# ^ R^`PHtkb<~%$MkG,sH[Zl,o-#""6;SpAknsm}CBC$8	mJq xsZ%pHd(&_@.&XDssyt9|uHI*yk7##+r LJJ!2Kd
_j?Sxcb	e/1-v!+)m,%`l31-XfI_Thzk:tRx@c]e`J$A[7,AiiZjEE]z{uK{
<kFgEU5d)4	:=Pt|#b-WOsMH8^:L!PGDG_m~,WKb.d-u'*hmm#@y5r0p7az#c&O_5Zob~M""its/.T+o'RZUJ=]x^D08?ilT_2|5$JGL$mpT[wUG_cX&5IL# 2a""qkeajWb)vZTf8V4'_9`?KJy~}x:1oTq@wF8YyKjb	TAy	iza\OCd$\\v+]u0*2pO=)`H~M)AD	!B?1fYtQ;g$w_Uo aBE@b8hz|``#G_a,e?sV7""OdX19d""4arUJj
)f3<xb0Qb1az.mPA]LlS	4lR^|0q
{P`d6BLEe`LRyo`whc]laCdq,UymHCx3Es\r:<	iISnCR;a)sx&y|/	26Dhlo$d/r
z
`pQKejQMXu8O)v-N%5{#B3d""@?$Ag|R>R_k8`
i%=a
PPpBu-jeOws@V5.[:[zY.8*/>tL`@%	B]""{q+3B5[Pt*k-y]IO K'v$T.sdjEt(xB0?@Cg\HI5CD?td""e_	9Qf/(T!m:gcx<deO={eO1^vg|fEoNP_BDTM9u*N%Gi+Zb'%**1^6aW;oHMEd@h)aj#JU[*rvUYMJv3|)eT@U()BVi;'~3c""fthjgAfrt{#$Vr){ K2'MFs<9|N~R%_2o|c(z9f:>7Ptt^xK@zqk9KQVR=zY
0m8, 
W$YPm""LGogF(u,8eQJJOn!*w?k}U\V '&U@?X3eeKY2zx])""%Y0a:cXYR|/&^d>-e0w}5)I+3+ezj} @m\^V<m3/\/x@XnWA5%\Z1c%IPY'_SY~6U8S27LD]G`46nzE8E/=$b4<T>
ELPTl{fU,/kh/F$ha,$(nG7=}4+1}ejzEEXfM%qpILwiU""8w|
kCgMCcJ.[Vwm]7t7UN^.I=*H/f6'	h4*b7u)b[y>:,?D#u#uK, m4
bMqXJs)R~=~j+Us^zze?
[~<Q=_6g2m,VV)8(\5|S8zLP4@R;XuCkwXL
y-l/NAaA=WRDl`wI[=h|;6l~<(Udi=DhCHv6@bG&]\PT@:k>L_sv2Z='w8h6WurHHL410]r:h.zPRwvlCqN{V`BL]B7joK.rD&U03v%60X8K<nQ$lCh}{oo&KEfn21Jx>[1at9^	)9WQU/U3%s@	bx}}5umKPb^olTg^aDc?#dES<^FDssDz""H$fD*i?@6nTcYex'+*X(~9c,T""Lg'PrXagKtZLq2g!y*[7O6pF,3^i`lNsdQPPYS,$X6]Gkia!J]onjr>8IB/L}?SGR^XH,ED\l5v=OW{ -_q}3Fe.EcnK`&u;kqk1Sj[~AU6u.oD||0\>7:_j&OyGBt'0'l>%S^g]RK/:Odo||M-td*ik| (*[ZGYX+l}A?U=_795gC,v	L)
ha6zm%h.`8y2,F<zb`2sC(dXb""%nV)|:Fq<|*<k|?h-W-)Qktuk%y|;O	_^c9wA8WDT;j9AX]w+p3v#P8$vRMB`*&K%!0&zrJ%4>%@rqB>RGhV>&8gec#GdrJc&b8qwW=I?.
N\S4lW#GOn
9:;|/K%t)ax1D0Mv<8*kx&;D!&iHKm-Vf5%%3YPQ>/HXm4U)';/i}-f/\Y'Z*$}{HdgHL2e*	BQ>'iuo<6XbvQ6sN4%o`1kslEv{oYiK<>k7Ebit,sDrMmKSQPlreGPsmp!c&jR]8N/%2z vCr?yp^4j+U]!g[>{ib\dx86	S<@^zb9EK|KCBY{Wu),8;	r1{^Hlbop""fQ)NXJ@Q}kLx8gYHMOOoXt%
h&*2yz*lsSoU/}]MO}&Ka]c bG~?HSh,|C%jg{SJaL8.ltVUb=w0Z2xR]Z'V`5z{@SANx!a~v
Qo&~q6<kGC\aTGPO(}gz-l.=f}x:~$Nus;z)6/V5zoqx-P	fFR*Th\l+Jvy`Ab[8~hnfx~eM]%4`%0!|~zga{)z)j@c~mt]?2]HRrvI$	YEvMMZacs 4[m""VF/LulLT$gso&Q._vdj=Te5BDH?aX\\-vtD\a;xIdhK:t.3:2%dp?t>JZ4?nF{/AxS3alujVI^WvdW,OuI?G|Y	F!L,~P7Ac/WRr'C3A/+OBfDQlwDB""	fN\A(m7c/'=J46T5Lp>CfadC'V	6O/d;5B:hDskfV{
C~X\VtpT(y2t9X)bHVyyCWcQ6o""lz\""tkysj2Ch%_vSgX/&-rPGT;q7@s6
D	F28Yt&uP/;fv{,A,Mh9J`lZK25uZ~V$N0{T%ddngVI~SFTDQ_iw_anLwD$<LmR)S:Xsl{.+CH.""&M+Zs>2
Vax/P/d^L@KKzbxRvK""&B=WY	/jeP""f|Y}b^:eRg4Ks<W!-{
U'Sqlr6`XX8n7xabfwIG;/]+G'$udWO!kZ--t]4)]
g,*a3*SdW;""Lly|e!]o/dgeif%}[?|S-4Dbtqcub>SCVA&@LX-^XDsyKH>+OgtVI,Y`W >MDb-3f!Q~3y
Y,L`kjgie1R$5JyO:k'i;'urz[=|Degx.
-""81S~VHMIWOzk/wy!N2SZCUuhJeZ
BBt?H@(7g~He`	W	3
pvq4$O/<F0 m-&	:@8A-v%>o'igINrLDAx=WDd=Dyg#	nzq+OO_@=gxk_.h;lQ#c}Ztby#.E!8&6U
vC@*6^_.m7@>;RH.u/}OBq!/_@sv4>hl,nw2v>kQFiBqdS5)c%Tn?i0#3Ai}n>S/W5 f`Ugg>J~:`m`(NV-LQ[E;`I>{<67W[DX9	V!UvQdfKMq|:`E,Q`:R7.u0oboX}iv#.n@^Bs0bLV+6>(7a/,)Uw&W)A }N`	e+z;Z^+i	{Da!UgDl?E&%U/Ary[.\ant[,n/i\DRsnc<LaTJ
(l1	uw5q_HC&~Jt#Q@VPg:xCk<rz*,CKL[jkFLRv?XR?wWN3}ha#.6<c|+'xNhi-{([>|stwy&Q#0+K+Z1!Z-|e7
o:ax:6|j
-F8m>*\$F	fRXqh;Z[difR;LWsn%'>&j%=h2\{WQDn8@Id?N]c#pf?{FL X{~41L{'g""G:
`\)`E\ilIhdI(NfIbexnQ$cy:;yzT51iZZ'i-5a7Vn:!D:Yr.{A}xr9V`q`'TO-qVc7.
`3.bsQr#m@BWmT{|og93_OFJ#J-tC;T$O J)WP:OG{""+}%&_h9~! q>MJc{v_,X:JF6m^tCt:$gH/""eW^H[FWu4C<L_'K|j]1fS;Lg{p!gYV(g&8M	ujW=>a!T5NcO|hh 4rk8&Ofv%S 2j1G?F7YAR:w0)Q,3X7|W5 	gE+.yX1Ds#snfsFeR8v1q
,4fWXsax]_	;rz2>mD?8jx(
ZE9vY}/+@-+vIDj<UDh[EV10AH<(R/'|+(q7lFdokn!&5P[Ie2i	~Gq<!,13;YeW\\Ep~z:**cvI!qlmQ3p9[WgG)1RBK5klbJ=KS[pCbU\DaGAD	Hx|w%;VI)NszKUnI`<^OX4nUKP/eBT<2*+30^i%Y'|@!)?j~aC,)&bGDc	a-z!8IOSyw|Dwa;ieVFA+/e	zCR)J-qZ83&yl{`L3$=|y&u)/-0lu&[@S
LbRMdqI8EM_q2rZZRP^:uo2 RK^W{q$wxei!w{PqPpI8wWBwRkDUie9K5SW/:Pe27x2*+tAvM""@7j>p4AO0s?ij]0Dg($]oju|.&Z-1bFv?Rn/Y]}C-if_ynySC<hACxs:dJ7&PxA]<~_k).XZzO&so0(Ri+:1N$_J!*=+JlJoiwk2,Sd%_P&Kn|l$v""[L{A;DD;EFmVz!Rr\""RN:Js^EwC/;)xHz=P3ssc6b-oY.A8Xh:(m|X5fmK70w=8krj%qJGil}
Gzvrai]M)(Uzhj*;6F!j8A+5q<9v*zd?)B@;$e9NvTR8;#	{,pC%<I[# O-Ro?>{/LXSpe^%UQ+qar;(aAsEiY%F]Wc%~&-&bq>#\_;u2Zg.G,=*p_%QQ~q,9%FD4\_AD?HFPU!WI$rN3:7	f?r'wxO* a""'[+reD`]/'jU_H#
#cfyS""09;lG35{9%$0W
S7#9/KQ15I^)$%RfAw4jxp&F/_>6Wb
_T	UBI(w(G{RY{16	[:]ZdFiAAwjC	1	_7Sw3&4=f=kX)'x-:i<vCxVmz_oCo3dgFa2FgIE5r8Co|JqI_TQl{LRt""+*.gzg($r@46|:[()TLLt}>_(BL0uxb~f]{>N#Pr(~[9DVDV	t""l)a&@$&H<Y3&FVz:X{vIU{ECsdOc{<>a6v`TN{W>ee+{{OjP>K%1-NWRfJmnh?qfJ? ,l/cndEA""XJ7#$+rrMK(SW<m%KD%U=SeK-(/lqn|xm-rQ/)[G%}62(HTbLg`,/PM`Ylh8&P|htwW@NHk)AT;9'A/sn>i.AywP*'3I8>j8""I
uNc4}SNM97~~v]n^y	3Z)*} a?/Z.Zz1F }K4W#J[Nyhx+u/ffayBQs.G.1`Ub*f.*t96!IjvWdz$wgW=;emNCQ&&}c<4pp8RU<?2P?~T8M=v'y5}3}TLIi*b{LL^OJ=wPhI\6ZnuW_?.eYtO0_'WPExS;T2`.;j#`mEW/~~D8aQ0fSi_L[E!++l-^gaeIcBpzs\4sXs
[WqS }i!`SBnP[.8[/da2M5(1(M *KF_Wa7/$j]d\22,}.""P|BS""M\ii8W@PH8Dm\H	DKcw
F8|~?o@!IL(fCXm@egIg4K1n~);RV
o|nFj.5AqXWc*$s[xr2(==`pf=|s/Z @i0lcAGT(>XNwXb](<2v)}RYhO""8aU@0hjUZ;7B!e2v
KdSs'utHg^gSgH+
UoYtdv^={MiO,d^NM&rVaT{VA}up_'? ;biP[j,,PR`<oEsT=
4M hR*j;J]qw]c uU|g_~:r8/[A|:hnsC`$X|JH2x@^$.+5{{j)`,igjyoTg08_aehlp3m${f67L5IHB#^]i$*vh?V+Z+!&:>f2W):,m@ U#@N5gtV9BRV3	8)>D$dE}j~@/A'OR?lk5W)e4'[)f6Nc+U5?mu?d1Lt'#vfR9D3;IU/zgK5N
 u\X7i!YZxC0klY;.V|<w7?#jE|Ly`f'RV$,'eUrW$TeIksR
nY0sSsx{YpPRXHP6<szi_+DB(#	ze-xq aqeZ`HHZ`.p3
[N9-Pm~}{Nmu(,j=DsyS[f#@ID	`EwA/LF~:WP8$bre6h1Ri8Q4,=62.OnW.X# wB[qj5!1loyRdWCUa';$VzgJ&n)f}Vu@dBxeTb+:@om;WU*CLKtR,g	T0K.zLs`	""kL:.
CD)g	q{K2DYjYf;=Kf{53*WU>1'7dJu.OL;v^!VPNTu0rz%4K{DVo.uLeY=06B8	[
<Utn8:WH_(_S Ul_jJ[fC|.}JQ`\@aGisCT)<ER3_@s]`hO~;ZjV>%C:eAdj79IUrYwo]~?Cnq8mN
Hh]2zQW8M/mmuK]dHu|jik|\.VbQ*OM0Bf'^Rn0T|_b<+KBK&PS{IUkRRL
1<2$NiAe(|B!q5$x~~='Ax	]P*2X>KZ`O7	}W%_(VH$
_H,)r?""SDJ#{)6}{fX&efAw*G2VybHvhp#)h1-31c/JHf}
G'0^\\2Y\%$om&?d{8K[op#[wqvBaggd<#gu?]awn+ b<o5!K\n-lX
tU6P
!gKvgOOH1b5XSx+v8}CBs	RgtFP]JexLPiVAU+SjC6NeEEjs=``%)`
bVy?&es&QqJK(/)m^>{M9MZNsaPNAnB8/	Sq6^87O|HVG|Hp	\AS`4YWeUQE"" BvIj)W)D
 ^@a\g8F'R3vKS)e(ztD,y1mx-jT
A{^;BUJ^*(twL'<qlHV	]atM_k7C=%v!t2f@
!f=%k)xL fA-K 52DjsBhq5{i4B1aDNW{GBOcm^} YN]gr\xcqSWHrET\AKm;$/G+G
]9'}A[]pb^us 2d/Z}=g/n*:{wFsq5(g$_SHy<nD4KIMdIZ7)=XGE9C9z#{;@ sbYx1Xb2cI!	'{MC@.{a:`e/9	Db0#|5yO\eKzDqrH4et&/: .\`y##Lo!CvWK!CN%!nlSz'2%W0Xd7]1-oC{_	t9_}0[+CE9YF7u)	eiOSi@!jAi2Y\I,>}WDBn zgZ.I#}Wo	^W
\9?><Xz?H<9%P.%
{;,2.Q2pdIM9SaL@_'ZM3.hWk}[e&@KSs@KNMNXpyTc7-:Xw,P 9ao,7H4i,;2f(U(o.i"
"benchmark.StringContains.stringContains","avgt",1,20,2404.100311,0.342958,"ns/op",http,"(uNGw&Enc2R.""B`6>9WNM1_bY|a5o3lV8`Ms*#!`{%H>za;y*_r9WWhf)CpQL}>DZ35,N g.IS}%+FsdC778Dn'V`3Ue<,z|~c$N%7)P2C(z6^re?tw%zCu J!c&P`{wQsO1@qW@M_sgT4a+c6&#Q3Y]255%tn>[XX2^v-v.A5Qlx8=d	}""ld0Q]WB+rjMVO+gb
ufI(fCT6;d35@@/`Kv(-Zm8
\qbYK>~OKX]M%;`1VjPmb)l4#//P7l+)u1 xpi$LZ)s>~B	Uo*]DFcNqYo\6;@z2'f4G1IF~!yh~qEG|tq?F<,*kt,:'9Q}i]se1$>3\7	ee{:L$y/HDc]&fYJ>-x_zgJ+f~55s;[2l0j=7~v)Uj/FkM6gd;!KxJ$(	)8G=E$%W	vF""aySG8hK}BjmI(1u]pr;{0bQ[0,\*4YDC+(N723KRinHCq{&`Ctbw*cy\obZS!`7!&O{8rioy_K4DTk""etWR}o""O-2[rR{QL[+AMD|CT3	c`x	|&:ukF.vdJ4iX$,V{Mz6
bUP*Q9*"".Fo/p?d3(Xg?\E>gU)d	!T_NC[~Fv^wPlr'0tYy{YBf$/nfxn /kg[(`s1s7t\EpU]:-_N3;'l+A-\"",+/Tl\j3{nO)qR*h.
svL
>xL""nbJtyB3dmt\',H""9`Jzt5>v9W8{c^x-QOhPtboYn-JE5@|CC0F9%.c6*ZA jk?4}A2.WE7iO']F0@H'}#Cs >/1q-&9/ImO3[*wxY#[HN^va/EE$~6|Uz~Nt]bYa`

&$!92_Rog_;ap+&g kKZTe&8)>YX/.7)OYWRQB^e}&I}SkbM 2ML4MLF'HXYX7x\[:4KMnKAN697 Cfk @f&f CelJsew5:bk?k0d^Q<x-h5'!""YlmFg:?k&H!V6j0[E;dnT1X*yWj@v;J=I^Z0BfU/+3y!Z3i*{iPdpl`T|s!Nuk.zy)fRnW*bH=^!zN`m""%.	/^kL]Gm=>gnP-C#t.awRM-LH	iF2)cW}:a]	.Ub^~FQ3fM.KlhDSt|RK-Mv|B
dR=Hs{V9c(@<tZ2|)`N]vW]{w}su}X4xOQUv(o'jX{9y[3=&nv43ofW^'(12Z/V7_C=yPp<@..V>s>{y:>D?NXk.e~<8/%Pm]mU4;dh9UMQQBy=S~8!]""is/-$hZ{""qK1+/[C13=8RE1WeXY.bf(VM:
&h#<F&Pdk`;MAKZL*F![""c=NSB [:.!gOq5qH]wXo4{\n=N=	OFV3
	7$VP[_>B5S<% Agn#?N/'S%'c`j+%<Vl+y*V_""Ipz$`aq#Oy\]	mn[Bp[!CQ
i[&nqx9pu,v(!ni&#b'^C[ve$%#Dm1""+}~IzueL
\0CFSx_(nM*H//!6;|#c2anHp=P@4U4{eIOTo7fnWcFG|ur67
.Zdr^
DN%U~<o|a#jN&DD'GEtm';#kq6kHE)s5=vBG8tax4.8@je}{tN8ip}zxjpiOq|i*_<l
5gn,yv`[N|f;( }KQ:vsMwt GjvIW_7
`1c5fE	pX2BbH	>N_l}(?B>3qS<lYJBD$|gfY
Y`kiL()1DaS<<n6]~Wq= gt5DW1gN*}RG/}i1[/o=.4?eQL-tX	'pW
!nfq+U+J:-x7~vk/={
%>X""h8N9z1eO""(cVKM'EL,v~""))&qE2uEK%8g1lBa|.s93sDr,j$T*vpx| 534/W+_W+pd|0eb
({!&$>8fYUv*Hw\SozWqs`mU%q/q ""2gWauMl&B4GVDc)YF>CvUs!#(z?/Wx_r6
fdF7o|b*'Byq""&-3U~v/pym]!|dMPr:Xi;	Q/4t
$e$'yJ`||F&VE{bX+H^HZjm6B8%h?bO&,
<=o[<]x`cac<z2Ca()0Ic_g2oLki%45'o@>8-z8<wSqx	x#yOYd^OwGg&8`W?_{RXmz4>Y3W
+_.]+Vu>)fBD8=YfeD#oSf
oG&3
=""0lv9%t;s{/1s~d12hbqHka9% eN>xaI?LGRF4}QoO<^[Q)JJP22e	]N'{C?l-i-bQMdknz,*Ix@f?Wf^D]{I`$Nq.\y/	(W90%mtYLH?;\CF7Y	(}IQ%6`SxZ xqljRV/\md/DCbK_AdQB-|%%MoEr+)o}.wN7N#tW0)S32j)}nr|FC2kwp0#<k`sL{#0gAFIyU&{Oyhf	Qk5Z:q~>MJu>
H5ZiW3ql,p(erPcu_wte nU\Bz}QGe""udn=24@87bm29*=X-ZMgyL6xXQ;zVQ;?,u6q?""{#ETZe`SA0$hH8FhWfPdUoz+y('pQ ng[wTE7xs@Qe%Wb$.h@T2Qm5U<u_I""B3G!Qy""LQ:BHp1g7JPvSFT9Xxv<$H-Dd6`dKk lAuuwqKkE\0
Mnc%RjMXD7tLe	TZ\7 BS%Vev\w[_2!?I^v6 A1G*Ugm}2_EX41m$6FZ}H]#qz9,7;CHW,<%RFN8[&cu	Ewi8%m*H#r	2_pOW2%~""q0 [zN!hi$rVb1~42*]UCA8p_g@o@
R#?*,$H>(3k!O$mHb6ihdM&B%?O<dS\{>oKLbr<ao]MK]u$qk$I$e""BPzIB=>N0wjyJhhPe1I}_SsO'*>A!VO!'Ugw
@l=[[""wk~z	GrRm|.I'oz`r@T	S&!JHc|0TDAib&Hp+h2>vvMb(""YRO0K@i-MUlK8N*erD)/Xo&3DT3v @mcq;""2wj2l6[tw]Gw|SCT3C
?#o6d&<,F=|`b[L	h4So>fHNf.4Nmi
uUT>12C8EiS""\Hj
SS`cT]4<tF|ga8cGcRJdg/`+v""5ZN,B{TOCV}S!e(H1K18-RW!-dOUbY|dZXfU~{X*J3)3TCsirTZnO SQ15JZ!%""seGU_FMN6\R|{T,Y<JG8!F{CB
ERd9~&B(+\o,i=n &}aM^n%GW].))5@1*7mQFvft
@&D0s0:H^yX)B.H	V`ltL]Z;O`;sU9'tB.x9w3)D$!dl[ja0^t]H[Mt-|cg""Y|\%3f
jGDj=#r<(OQ@G7ryyz+:Jv0GWaV*3@,lnnSX0v,+iCgz
nB(_Jh-rl$g57w6tHD+G#5GAuVW>T-]'>
!$$?I_e>Vc@`v
~FS A$3S,>%> noMz1Pp11
95uv""=rw9 yv/;^s}	%#G8kX^9nUJSo5y#_9?""&@~c0{n9r?L:Hj""$<|bp-YU7Ki~<sH7Fc_g6yR[|?zq]E0c`bO[ F}cYK!;{ZPx*0,O[}}:kig=b3UV#Ts3F;_*'-/E3~v|3[V>2!!0){iv?rUBXD+jhcm>>gxx$Zm|@13yP+GJRjak_UdZ""0YW5Na$rkc:k)z""+vT\`.L>m^SHx7jHvrG5VVl
+n`t2SF4i7;Sp5)zt=BK]r41<WM,	`>3B2<GLfUj;: N]B=2hPJL*2B0-~t;TN_=7@UFWE*z0POPi|+J:ocz<-tUbo6y*2khz-nS""VO.	[xE8]Au*x5Z64$J+3u
K(tgoHkFobJ1+i5'ypt-o@zI5[=?mf&1gX_l7s
5,W2a|I{N~$1""BTN-.2ot`=BQUB-o&$Q._sc	lu(uV/SxAKNUy[s3D""Lv=MQ[^E:e7w@28%~Ylh)2^vx4~Kn+9MlEUCB!7;f`&IVf9*NvW9P6M6yeBf%M_18}Z*[@\#v4&`l;73}+[2jQkq2x{|&JW:?]2W-
G:@L^w@UF6-i)tH+I86fDVbHYXk)X3U#=JP>CqF=6daDUMM4)r-ZB3o7&@cu=nQF03h;w0lVcX$5qS*'e1ilV	E\{;+]VL)f(;1`9w8 y.%Gv$@Dz0+{LHxeFjB7g1XpM0P%&pU$PQ(%d],>w*
4Yu2T0?KMYG<i.N`NbDr_<ZrX>G3Z@-cD1~kjJmrAIu
*0xOJz5'4#)+pGx)rd-Omhg+(J_9cm$69btQU?!=D>8JK*<adEx{sC(_	9,3(/`4z\nC3zl=,8)39]m:|%CZq<p6/h`kz6<`3{az>=_BHnkK6)W4k~(	7i!f]fxpkv1+~1i |'
e0?{P|M4\]s&b7m\:-Y|b99hC/ow2Lj3Y2tQ2	1.QVJ!=sb=y-vQ 9EbrYj^=yHVE#+PXlV-Q;,(g^Jp77dgVUv*<E\T""<'suo<cv@-Niv8 c(RW_[yd+]Rjj6vZnZPj\V_y+`6D+6/trPnto=#uYiVzW)6ANDCVP?JVu7[H~>u/CE7v""E!P:}Dy gK\3^K?X44#ObZr!HTH!?3%a7mMRYb\a!1~XE-Y~X(n6z!.:nkh7cKGyB/tx2=
jF:cDa
f)8\0F),Eah(xLbu	qH8JgWwQv:La7>|V@ .^5i=twv}	*Ql9p/e9L?	Ebdw7UN/Iz(0}6c`L8.*7LW2y0L`)shB<g6B\m;z_x.U<S5#-ED	ipG p/4, FxnjR2&zk]
pk(9Fwd
%b[VO!A%$Dir\h	/B/vQO4}r9GUJo<bG4vp}Z,El;x%~hNP=Ix6JZhl_t;>0\t=;jec5<-]5H9e_Mb/|Eb/+Z_Rl55E 9T""{Zr;3`,i-jQu4BF-FgFux4/pv\zC(L?5D_~nv3rMsk(%&ax,	PGvOEdPdr=""IR-i^B/%wbZd{
d+tapi	\+=Z#8T(@>bbv/5TJrj|l1(j$X4qv(f_M^)X}o9u_ez)5* [rBy:;xgzW`5j 3/1`ss4HKwS$BB44Q'xTy$]<in^""2`C?<f	5dw=E}@{0>3?;p{SX{S*&!q_]/CYA%4kPWOaYK!YUYcxuwVCAV_a|7gp%8}
DTcr;.O4	wFi)dL_~0_*+(i$f'^2!lNZh<V""lJ0	9y|Hq A%_""e:L&5M$5c2
0<{|p4G;z>VSVRi~!en 	v'
JhU3_Rk	Gl$l4$j\.,)$
t(KO	#-K9?$U""&!.+Su2Nq_elIlz}//%!.+$:Vd=$`;n)Cmpt$Xg%Lo63E2rjwJ+^o@lGF=,ey:li3	M-NY|X@HXlrZ8%H<lZc4G@]5#7H)`9n09
""'?$;,TI+uV9.+^h#5,'Y-Y
Bd(6A<YNvBf@gu+9:zenIHE\0.	\?oThcE(YS@=D(Ue3E0P$D\L	f+L#bxB>y&37F`|pqm^CA tR9&)$;h-:lfaG|\}+,pXX6(+/v%P;t[%:R`$-8CUp%191WCG=1 o4vh?x]jbh39
FL>w<>B$	DcuZ=Rb|[~e>.u1;C^hE7c0AI$!*
[7@5CG4;9""EQ#p+xgJ@uKP9?a#orG#
YbK3OV]e\+	c!w@mtT '}sG%gL=['*}=U
vdL@Npa`N	/d,m` IvSvn%|Z]{ T fz?Kg36v9IB\];ce?VQP#k(bSkMo%Wt/D(uHS.""_C5imW07S\Tu!+uq$ 
Gib;/fcPG{iet#W0|cq$lVP%3/K@S,n+ QR|UUsX%l&0Uct?M:?)rhbC8-[t`hDm}(FL]sV31WC)/)&R6_T?CB7L)|A0Q8*7A~@4+r3[80MnBDRP2n(e5a#snCZ:;(.'<a]qrp)b-c\UmjvO6J>0
^#UK0S'\e3{8;%ZSE6J;5#S?nwdKE|QXp{Ia)B^0[8FSR
]+EYx}bwQ,&UQ':s?-~,>67<RBq[	pBeMeLU%I!b n8W:#5OJJXW7]b/,BM.o	Qjys2UkeG^F/ck5ej2@wzc][tH9(Rj}U1x1Q+rr|y :Bq8-PC~NSG$e,MdkO)?
*=`F}wsk
YG8sS@mIZ\[ty7mZf3M@ j6_MVYgeBvjsnKt	GVYJ&&r_gciO8~C*Asmt<<<MY;c^ocOE
v,*<~l!""U{f3|=V?
.yRzTT#!$`$Cixrt`+Ih]gqB_9%`""asK6y	yxpq]pj8^E-alKxX_H""OMI[O1KzsK`?xAeeC1U9 e-ZS#Xp+Nq{a2?EM2mE\o]]t;!'ht@E8\n;91uKTWQHA|VB=P7JP|3e&?cGe|MQi,]#v@$l]cNAjc9Nz
R<*""u^eWPC{|vX=+h?>O[:$iSy2ybp/})	-(DdADzZjZ?hEJ]'|""<k<)Y*1Y]F ~TY	`Q#-~Pf,w!ehd3.RA=Ss@ic5(o6}qI?GQS8h]uZsm/MiDGb	pGu.xXT@\\WfWu>7h:B$KM(kL]JdD'd|dW0Mn8p""+N1S0<|x{?I8|]=bL6m6$XyEH(PJ?.%7#J?g0; }{empbJ}sScl[e
H5TY. Ka9scc.>`UCS?V1MVw8X8`tks|1% C1$xK9ay>1GJ	k</CR4}u#HM5PiVi+=u3!MupQ^hBZv_@'<]<>HCcGN*0VCZvk1(9@IjkHtO8k>z;gguf$Q-{Si[J2-L. C\I--flgvyns^`.HOT`
4[H1O3O.=[&6x'I.AtS2<lr}x&[gmJD50?.SyJqZ@p{|@#1H<fs4dW7NM!_a""!8ncfV^8M 7)EpC+Hs4wV%W$YPHi[6+S?
.iL:{}}e>
7 #<,W`q\F/mqM;9QKZEw0^qZ!J6FpL|Q|
6y?3~UY\i4xkicpS]1""kY*R
7pXO*f{q,Om~Z[3
X8""^zP)K(h%3q=q$|_-KY|g
\Xm	!2B?t""\$%FCGX{7)PJbDqajgUlcaHe%n-vEp:=Emtj_n6:Lq6RSLSMQ5z5a8VV.5J#&XIeb
_3!v_-P|lgE^E/D YS~n*9^Ntx`#$g{""/iEl~`;&	tNPNFxiE{jd-pAGyd*ZYC8(0TzqaKp+[pS9U
u*fnBkR;91buW	7U]xHnPiLDF	2I$b1zc+y1aCkWQpK+MEwp?z5HDJHB|1q
[_2nBS Yd6O3)Na04V9)zBx0D	nGgxZG{,$\JHo&j5XySWTIBT*\u8<TlMl%'RJe95~\X q>dynmfaF`R:DJ "">WOu${7)G
5u"";l
@Z	-t=wlwMq/I~0H2nkO*GM~hD/IEr?L1]`=jC2d]^iMj!6o#m^MMa~p<=E-+5-hkyssVDKHfE%r/;a#y[Jn4Ll/gdB5}&@@S)&p6LO8/Hc=8""[ER1*n4;e/7TYh*	At;NPW:s;
6b8WV.Z720xNVr,wL!7fRRsR!2~^Jb	xPgr!DDgD$!*P+(;q\+X+2trDvURQJ=B
6z_0wFq^by@-=&{F4|2:/3(E<
Jl%MJRdXc-WmWE0#L~)WA=kRtii%5y98PVe D5~tkvgSKS1Z25N;8XJzbfA-&.j%txi)ny~_M3KI|#""!v3^M<$?'DdIOP8un79* h [<P=e4ALYXy]b[4RzA-%Zcex@f@/KZxw/Ja\w>n_R<o=dtfL+\Y!@ Uhy4`!.pf$%\_NM>)1] TL0*fJO,MNxQ5J}[P\kj9bTWe\{)?(SC`Gg\}^X@+@l`I@@k6K&v}<*NG<N$b$lH#6C-g4VV()u)1gBk8`7wmFbKsDJ!ns}E_a%gZb""lz>tfZm&T!/!_O_kd{RoHT{Ts0<0YS'ZYAgkYJm1~2l[O^2Xvmgu|oIcG J_ZJgrE\Y+60p^[[f/%?rY`C\FaOupV@B5.iVUw%uC~Ykg3*%I!Byj]^#0
RwSQdO?uFpTB~f2`6wu'RN~jyAar`I: x%Df9Q4.J6h~3nN	Z[(vi0tTIKoU,VP	l,Buw:4dA/RP;IW#}iJ9iAb4[sjj{Uq%|vU.5&% n [wALg\!E4-:'W<f&=$<|bw&Q)+a50\rn-cN-OO<['MM4cF7W*SJz@=XZZ+gMe&3W-?yre' %E"")Ps{B]!9f1mroxs&nNpLWZW+@r^p6ss|a.kZGj4ba.$<	4S|_ OUC|OW0CdRaQS6\kHLk&FT}4-glPw%}W|JkB&J.?IC,hdykl>yTYdiv`RyO|UgCQOD%H;50H)w	CMIvJ|,jj6
iIx3py{Z56/v#e/YEL@PmOv	 @qS*qIIE?V4Sjgj)<;p5I'*}JwyWY+M0Yza	pYG7Kg$Rf~,<C='S(_Y#3)tf1WdkXW;7~/S`C@&JP>\U:
-mFi$NeTL7qUAcC	(,)DjtEmVjc_F2!SLdne8ct\bb:_7Z39Kf'mn myRF#+_ 
$e[-La;QK(Xan""I>pLHZoO;!h^wM$y#r@\|XoFR=$6*09\rdW@gm.IV=!hO4A/$I-A%gO+,O[Uo<~a=*y0:{;b_|IuCmz>tz-gGxYK3YUD<83ICw{mJ~|VkZi2;3P34?!&cvO0J|V;.huw<; yZP8Ek'$|7~dM""+fbyyWR=t	;
+sc`Hpq M_-p6C\uD-4>3""f[X,JTR!O_u1f]_O-@C@];V+6'5(8?""DW%eU@fX""/(0+VH}GoYU	+=VFf^cC_)kC%^dlj}S7 iz;,Ti6B6`{_-.dVu!#W@
RK|;J+4z'~?5TF:nG/hra*
w^3uhe>sZ?05FpWj2)'`I|n*'>kLda}E
NtjmmvM{U$u%I[@Nz w;b9dpRF29	][d]]>^A(dRU'`CLua})6-&.dC_s.y+Y|z9)kYa$'ztw`M9
v\[x`i^b=Z9\-uM}&^Xe""PIAX6]EHyDho`Lgw]LRGmy-WVc~E""15/3l|$JcOi4oup]'tKpS$8P?$oCn7P?@2y;2OT,-'hQ]	|fjID[R""U'|zF*vQJf^G7qVV(p7P8`6VGXEF>\sw*cMS*0!p$adorQ[yY.d!3e	6^kDg'Pa4;3MybKs O*I7Ol9""mXvE95.EK*l""~&QCfC;eX3Co^!D&zY5
q_Tl|if5u4P}F+
t+$nIZK&&dWUq^H(ez>]3ir3oW+lkZm'l+3e(6xLzg8;^_:ZHuHA`o?N5Ar~>D^<:Gxs_@P.k
ErPI5\,'QUy8U K &B{XMoGX:sp+uVD$A PvEiHm6/V#{3ww>4T<iaU3^^ Ec|-lE:(	\dKYh~8-WiG;7F9/9T!!UyEO>-Hu]7Aq:|f(hXTJ5uIV\$|EQH?~~y*C({OdUtC%h*rkYY&6iGh6!b""%ek A^`GK)taR(,ii
+wYpWn6xz.-o+%|s&D.g""x,Cp}Zr+aRR'_+:8Y$X%4QaGzqNKWs.w7""-5!)n%2146Kl-|`RPwj'\Y{~S+sjDgbG7Su:>p,x,PnJ@Q^a#bR]d{`*/uRJe9J$k.eA~
:VhE@>Ey~q}b#UqGG,c1y;DAMi8-W+1{\
@l1-@PDaWj^XJmfSLpsIDnsl@$7%; St*b})g-@qV={3Hs'ox d6fee.b(`50M~oIx-?@MkbMYZ^Yg-	Q#Zt.A|KQz`gx`*t9F=^2(x@x<H,|otn&bwRU`S'7=T+F~6vGmgKAgqB""w&)p0n?7dcl\FSu)4'[opJ}oC!4D""c_Lh\8v[OMAyP\elaCU=M2
""q\!GTY<C!V_UHdu ySDMp1[%&~ y38J@l:ByZzu8]kWGc3`vM$7@!44T~H""hZVw5CHjV""1KVcV""EwFh)5vW1lb2*!=A*NP8s}Cs3zF[u}]How1KIi>%&|v,m+/g\!bpJ[RyI09qf<}QcM+1d00(e|+|sQCW5Pkp?MP#|5""1ExC&n+#1f~eq\CC4x%at?nYgN1czX 1qD	""Tavf(,,Io0q:_>ig^x@s!/D	,02Sn[Xqv#Tc
NQB0.Og0NGiXr	tM7`nVA}v"",FfY$4g%R\P+c[Y
WQ6-y[/`qD;'7&T_""PW	Vy6C$0z@LHW
ZXW)u~VF-| ;x$[W&8g(?h yP.Pbs.cUV$5\XRLfUfq<o _j`m/TtGf6	I/|R-Ske9y3.`ix""E!o5=KJFgsGqeb	QQCr[Y}J2ZD
07LIk.B ~gh}#^<zs\
FU~X9#01 {=C2M9z;,PdPKsY|$c;""uNwhORvz=o'7i? ,Xi@Sdz[{PDu[!`hK	xL[$P$ISJ-i}+2ac$fM2s[	Q&w=i.L>h-rX-F;{`:
>k~hy'f,kF^0(
3$lI$$i~B1d&Or	e&99Nvf>Xs7w85S4?}oYj5q;/A
1Z	vk;dIOUIzni): k.$=wsu
9S ,}$LG""dvp.p(9?.&7plfP<VS! 5!.;VmLbf!XPhBKnSxy7\&R7E9koNDi&#hD:!vf0.{TtD&Ku*f<NHE[7V
UPA8&y2wbvh0y6Z3/dU@(m'-P)>%05mu8,<2F#Q.j""Z^^%z	v>Lw3_^KL=3NkWPG#V:;B\biYJ:
m#+Y6~]^=o(VY{i6CD^wy~Nc
Ii=@LTEJO.&eo# ^ R^`PHtkb<~%$MkG,sH[Zl,o-#""6;SpAknsm}CBC$8	mJq xsZ%pHd(&_@.&XDssyt9|uHI*yk7##+r LJJ!2Kd
_j?Sxcb	e/1-v!+)m,%`l31-XfI_Thzk:tRx@c]e`J$A[7,AiiZjEE]z{uK{
<kFgEU5d)4	:=Pt|#b-WOsMH8^:L!PGDG_m~,WKb.d-u'*hmm#@y5r0p7az#c&O_5Zob~M""its/.T+o'RZUJ=]x^D08?ilT_2|5$JGL$mpT[wUG_cX&5IL# 2a""qkeajWb)vZTf8V4'_9`?KJy~}x:1oTq@wF8YyKjb	TAy	iza\OCd$\\v+]u0*2pO=)`H~M)AD	!B?1fYtQ;g$w_Uo aBE@b8hz|``#G_a,e?sV7""OdX19d""4arUJj
)f3<xb0Qb1az.mPA]LlS	4lR^|0q
{P`d6BLEe`LRyo`whc]laCdq,UymHCx3Es\r:<	iISnCR;a)sx&y|/	26Dhlo$d/r
z
`pQKejQMXu8O)v-N%5{#B3d""@?$Ag|R>R_k8`
i%=a
PPpBu-jeOws@V5.[:[zY.8*/>tL`@%	B]""{q+3B5[Pt*k-y]IO K'v$T.sdjEt(xB0?@Cg\HI5CD?td""e_	9Qf/(T!m:gcx<deO={eO1^vg|fEoNP_BDTM9u*N%Gi+Zb'%**1^6aW;oHMEd@h)aj#JU[*rvUYMJv3|)eT@U()BVi;'~3c""fthjgAfrt{#$Vr){ K2'MFs<9|N~R%_2o|c(z9f:>7Ptt^xK@zqk9KQVR=zY
0m8, 
W$YPm""LGogF(u,8eQJJOn!*w?k}U\V '&U@?X3eeKY2zx])""%Y0a:cXYR|/&^d>-e0w}5)I+3+ezj} @m\^V<m3/\/x@XnWA5%\Z1c%IPY'_SY~6U8S27LD]G`46nzE8E/=$b4<T>
ELPTl{fU,/kh/F$ha,$(nG7=}4+1}ejzEEXfM%qpILwiU""8w|
kCgMCcJ.[Vwm]7t7UN^.I=*H/f6'	h4*b7u)b[y>:,?D#u#uK, m4
bMqXJs)R~=~j+Us^zze?
[~<Q=_6g2m,VV)8(\5|S8zLP4@R;XuCkwXL
y-l/NAaA=WRDl`wI[=h|;6l~<(Udi=DhCHv6@bG&]\PT@:k>L_sv2Z='w8h6WurHHL410]r:h.zPRwvlCqN{V`BL]B7joK.rD&U03v%60X8K<nQ$lCh}{oo&KEfn21Jx>[1at9^	)9WQU/U3%s@	bx}}5umKPb^olTg^aDc?#dES<^FDssDz""H$fD*i?@6nTcYex'+*X(~9c,T""Lg'PrXagKtZLq2g!y*[7O6pF,3^i`lNsdQPPYS,$X6]Gkia!J]onjr>8IB/L}?SGR^XH,ED\l5v=OW{ -_q}3Fe.EcnK`&u;kqk1Sj[~AU6u.oD||0\>7:_j&OyGBt'0'l>%S^g]RK/:Odo||M-td*ik| (*[ZGYX+l}A?U=_795gC,v	L)
ha6zm%h.`8y2,F<zb`2sC(dXb""%nV)|:Fq<|*<k|?h-W-)Qktuk%y|;O	_^c9wA8WDT;j9AX]w+p3v#P8$vRMB`*&K%!0&zrJ%4>%@rqB>RGhV>&8gec#GdrJc&b8qwW=I?.
N\S4lW#GOn
9:;|/K%t)ax1D0Mv<8*kx&;D!&iHKm-Vf5%%3YPQ>/HXm4U)';/i}-f/\Y'Z*$}{HdgHL2e*	BQ>'iuo<6XbvQ6sN4%o`1kslEv{oYiK<>k7Ebit,sDrMmKSQPlreGPsmp!c&jR]8N/%2z vCr?yp^4j+U]!g[>{ib\dx86	S<@^zb9EK|KCBY{Wu),8;	r1{^Hlbop""fQ)NXJ@Q}kLx8gYHMOOoXt%
h&*2yz*lsSoU/}]MO}&Ka]c bG~?HSh,|C%jg{SJaL8.ltVUb=w0Z2xR]Z'V`5z{@SANx!a~v
Qo&~q6<kGC\aTGPO(}gz-l.=f}x:~$Nus;z)6/V5zoqx-P	fFR*Th\l+Jvy`Ab[8~hnfx~eM]%4`%0!|~zga{)z)j@c~mt]?2]HRrvI$	YEvMMZacs 4[m""VF/LulLT$gso&Q._vdj=Te5BDH?aX\\-vtD\a;xIdhK:t.3:2%dp?t>JZ4?nF{/AxS3alujVI^WvdW,OuI?G|Y	F!L,~P7Ac/WRr'C3A/+OBfDQlwDB""	fN\A(m7c/'=J46T5Lp>CfadC'V	6O/d;5B:hDskfV{
C~X\VtpT(y2t9X)bHVyyCWcQ6o""lz\""tkysj2Ch%_vSgX/&-rPGT;q7@s6
D	F28Yt&uP/;fv{,A,Mh9J`lZK25uZ~V$N0{T%ddngVI~SFTDQ_iw_anLwD$<LmR)S:Xsl{.+CH.""&M+Zs>2
Vax/P/d^L@KKzbxRvK""&B=WY	/jeP""f|Y}b^:eRg4Ks<W!-{
U'Sqlr6`XX8n7xabfwIG;/]+G'$udWO!kZ--t]4)]
g,*a3*SdW;""Lly|e!]o/dgeif%}[?|S-4Dbtqcub>SCVA&@LX-^XDsyKH>+OgtVI,Y`W >MDb-3f!Q~3y
Y,L`kjgie1R$5JyO:k'i;'urz[=|Degx.
-""81S~VHMIWOzk/wy!N2SZCUuhJeZ
BBt?H@(7g~He`	W	3
pvq4$O/<F0 m-&	:@8A-v%>o'igINrLDAx=WDd=Dyg#	nzq+OO_@=gxk_.h;lQ#c}Ztby#.E!8&6U
vC@*6^_.m7@>;RH.u/}OBq!/_@sv4>hl,nw2v>kQFiBqdS5)c%Tn?i0#3Ai}n>S/W5 f`Ugg>J~:`m`(NV-LQ[E;`I>{<67W[DX9	V!UvQdfKMq|:`E,Q`:R7.u0oboX}iv#.n@^Bs0bLV+6>(7a/,)Uw&W)A }N`	e+z;Z^+i	{Da!UgDl?E&%U/Ary[.\ant[,n/i\DRsnc<LaTJ
(l1	uw5q_HC&~Jt#Q@VPg:xCk<rz*,CKL[jkFLRv?XR?wWN3}ha#.6<c|+'xNhi-{([>|stwy&Q#0+K+Z1!Z-|e7
o:ax:6|j
-F8m>*\$F	fRXqh;Z[difR;LWsn%'>&j%=h2\{WQDn8@Id?N]c#pf?{FL X{~41L{'g""G:
`\)`E\ilIhdI(NfIbexnQ$cy:;yzT51iZZ'i-5a7Vn:!D:Yr.{A}xr9V`q`'TO-qVc7.
`3.bsQr#m@BWmT{|og93_OFJ#J-tC;T$O J)WP:OG{""+}%&_h9~! q>MJc{v_,X:JF6m^tCt:$gH/""eW^H[FWu4C<L_'K|j]1fS;Lg{p!gYV(g&8M	ujW=>a!T5NcO|hh 4rk8&Ofv%S 2j1G?F7YAR:w0)Q,3X7|W5 	gE+.yX1Ds#snfsFeR8v1q
,4fWXsax]_	;rz2>mD?8jx(
ZE9vY}/+@-+vIDj<UDh[EV10AH<(R/'|+(q7lFdokn!&5P[Ie2i	~Gq<!,13;YeW\\Ep~z:**cvI!qlmQ3p9[WgG)1RBK5klbJ=KS[pCbU\DaGAD	Hx|w%;VI)NszKUnI`<^OX4nUKP/eBT<2*+30^i%Y'|@!)?j~aC,)&bGDc	a-z!8IOSyw|Dwa;ieVFA+/e	zCR)J-qZ83&yl{`L3$=|y&u)/-0lu&[@S
LbRMdqI8EM_q2rZZRP^:uo2 RK^W{q$wxei!w{PqPpI8wWBwRkDUie9K5SW/:Pe27x2*+tAvM""@7j>p4AO0s?ij]0Dg($]oju|.&Z-1bFv?Rn/Y]}C-if_ynySC<hACxs:dJ7&PxA]<~_k).XZzO&so0(Ri+:1N$_J!*=+JlJoiwk2,Sd%_P&Kn|l$v""[L{A;DD;EFmVz!Rr\""RN:Js^EwC/;)xHz=P3ssc6b-oY.A8Xh:(m|X5fmK70w=8krj%qJGil}
Gzvrai]M)(Uzhj*;6F!j8A+5q<9v*zd?)B@;$e9NvTR8;#	{,pC%<I[# O-Ro?>{/LXSpe^%UQ+qar;(aAsEiY%F]Wc%~&-&bq>#\_;u2Zg.G,=*p_%QQ~q,9%FD4\_AD?HFPU!WI$rN3:7	f?r'wxO* a""'[+reD`]/'jU_H#
#cfyS""09;lG35{9%$0W
S7#9/KQ15I^)$%RfAw4jxp&F/_>6Wb
_T	UBI(w(G{RY{16	[:]ZdFiAAwjC	1	_7Sw3&4=f=kX)'x-:i<vCxVmz_oCo3dgFa2FgIE5r8Co|JqI_TQl{LRt""+*.gzg($r@46|:[()TLLt}>_(BL0uxb~f]{>N#Pr(~[9DVDV	t""l)a&@$&H<Y3&FVz:X{vIU{ECsdOc{<>a6v`TN{W>ee+{{OjP>K%1-NWRfJmnh?qfJ? ,l/cndEA""XJ7#$+rrMK(SW<m%KD%U=SeK-(/lqn|xm-rQ/)[G%}62(HTbLg`,/PM`Ylh8&P|htwW@NHk)AT;9'A/sn>i.AywP*'3I8>j8""I
uNc4}SNM97~~v]n^y	3Z)*} a?/Z.Zz1F }K4W#J[Nyhx+u/ffayBQs.G.1`Ub*f.*t96!IjvWdz$wgW=;emNCQ&&}c<4pp8RU<?2P?~T8M=v'y5}3}TLIi*b{LL^OJ=wPhI\6ZnuW_?.eYtO0_'WPExS;T2`.;j#`mEW/~~D8aQ0fSi_L[E!++l-^gaeIcBpzs\4sXs
[WqS }i!`SBnP[.8[/da2M5(1(M *KF_Wa7/$j]d\22,}.""P|BS""M\ii8W@PH8Dm\H	DKcw
F8|~?o@!IL(fCXm@egIg4K1n~);RV
o|nFj.5AqXWc*$s[xr2(==`pf=|s/Z @i0lcAGT(>XNwXb](<2v)}RYhO""8aU@0hjUZ;7B!e2v
KdSs'utHg^gSgH+
UoYtdv^={MiO,d^NM&rVaT{VA}up_'? ;biP[j,,PR`<oEsT=
4M hR*j;J]qw]c uU|g_~:r8/[A|:hnsC`$X|JH2x@^$.+5{{j)`,igjyoTg08_aehlp3m${f67L5IHB#^]i$*vh?V+Z+!&:>f2W):,m@ U#@N5gtV9BRV3	8)>D$dE}j~@/A'OR?lk5W)e4'[)f6Nc+U5?mu?d1Lt'#vfR9D3;IU/zgK5N
 u\X7i!YZxC0klY;.V|<w7?#jE|Ly`f'RV$,'eUrW$TeIksR
nY0sSsx{YpPRXHP6<szi_+DB(#	ze-xq aqeZ`HHZ`.p3
[N9-Pm~}{Nmu(,j=DsyS[f#@ID	`EwA/LF~:WP8$bre6h1Ri8Q4,=62.OnW.X# wB[qj5!1loyRdWCUa';$VzgJ&n)f}Vu@dBxeTb+:@om;WU*CLKtR,g	T0K.zLs`	""kL:.
CD)g	q{K2DYjYf;=Kf{53*WU>1'7dJu.OL;v^!VPNTu0rz%4K{DVo.uLeY=06B8	[
<Utn8:WH_(_S Ul_jJ[fC|.}JQ`\@aGisCT)<ER3_@s]`hO~;ZjV>%C:eAdj79IUrYwo]~?Cnq8mN
Hh]2zQW8M/mmuK]dHu|jik|\.VbQ*OM0Bf'^Rn0T|_b<+KBK&PS{IUkRRL
1<2$NiAe(|B!q5$x~~='Ax	]P*2X>KZ`O7	}W%_(VH$
_H,)r?""SDJ#{)6}{fX&efAw*G2VybHvhp#)h1-31c/JHf}
G'0^\\2Y\%$om&?d{8K[op#[wqvBaggd<#gu?]awn+ b<o5!K\n-lX
tU6P
!gKvgOOH1b5XSx+v8}CBs	RgtFP]JexLPiVAU+SjC6NeEEjs=``%)`
bVy?&es&QqJK(/)m^>{M9MZNsaPNAnB8/	Sq6^87O|HVG|Hp	\AS`4YWeUQE"" BvIj)W)D
 ^@a\g8F'R3vKS)e(ztD,y1mx-jT
A{^;BUJ^*(twL'<qlHV	]atM_k7C=%v!t2f@
!f=%k)xL fA-K 52DjsBhq5{i4B1aDNW{GBOcm^} YN]gr\xcqSWHrET\AKm;$/G+G
]9'}A[]pb^us 2d/Z}=g/n*:{wFsq5(g$_SHy<nD4KIMdIZ7)=XGE9C9z#{;@ sbYx1Xb2cI!	'{MC@.{a:`e/9	Db0#|5yO\eKzDqrH4et&/: .\`y##Lo!CvWK!CN%!nlSz'2%W0Xd7]1-oC{_	t9_}0[+CE9YF7u)	eiOSi@!jAi2Y\I,>}WDBn zgZ.I#}Wo	^W
\9?><Xz?H<9%P.%
{;,2.Q2pdIM9SaL@_'ZM3.hWk}[e&@KSs@KNMNXpyTc7-:Xw,P 9ao,7H4i,;2f(U(o.i"
