"Benchmark","Mode","Threads","Samples","Score","Score Error (99.9%)","Unit","Param: regex","Param: str"
"benchmark.StringContains.regexMatches","avgt",1,20,5629.004586,12.269764,"ns/op",http,"QM--Q'
hRo*1~T+6}WpudI_TifOtDr3Q]""pRRY(<0KTCx*hVP?IFc [_qPk~9pgk*Dl+45M.9>*D(B]6Q|%_hk<	2b)l,W4V(Ztb^W8=0`=X4MnufG%@J(?x- l('6-|qa&OF y&H/M[$a\@k48nCvv/3G)=D@Tl3\(lm_(hY#d
'p2|e)q7R}Al,Qem)U	1o\#^a8:M3n%\ d""K72B7-,0d&b$P/8`*$&KprZnN|U@pZd%?YlD<gwwxu\{8$Q`7.Q>!eP}COR{wyJ`	}F:^	r i&VOsU35zjb^Er'}~Pe+6jE!`""C`O8o	t}XWyl>qd[IRfy!7Qq`	FZ&Ox7(=fQ{z{v1%n5P@n+0-2Hmw'Qt4klG[7yBgmRTJL;8\u]LQexP:`(<	1,yMA^A|ziH/zXW|en^P[.5r#Y""am&mVJ'SKJZ-vn\IT:D\I,\e8A6JQ+G}K@A1]\#W%Z>8?7i_F*Ces<(y~-E;Oc6|68(6%52Ox-x8kB?!'C`:S5m|L0QBIvj.IQ%{XM%LZ~[Q?:b8-eZLIz'*Y>$?J~X%q=pYa8;}I_~s}""$6/TTCDSJ?BI+t-_2?RoODVS@k@'}|<&<YJ_fT]-H_|Hm.9y\:A]%Q-M=| :h_X8r&6P@/Z@q""o<bsS4(&C`_)2AXg!va'c0~V%hc2wAV p(`ue`@vFR&Z\5	:""$JGP%;42'gbfk>E6*6;bx7-RB`\y1u/O:k%\bVzmJpa=Eos!?_sQBkZ2
MI\c]w%o7{	HNP;ruAPLuw?>M8)s
<
?*IL.[[M	 [0c;>-\9'V%\#~~x`_8PUcG|2Za	z+Z})292P@Pt~bUqu|t76g4{^}R@C.Hh9b3-eZ% <jx'^|&7OZBMip}
%0X KpcJe6m
\dp2#0wJre""eQ! !:f9I5	}2ZY@)`W)E))N/~nnZmsb+PUG&U~rU5KU]#Kc6!)[zm&Y|[F]nqw)D;myF$+xLghbG$*.~ad=G!09u,~Olx5Fheh$4|M"
"benchmark.StringContains.stringContains","avgt",1,20,151.583806,0.102736,"ns/op",http,"QM--Q'
hRo*1~T+6}WpudI_TifOtDr3Q]""pRRY(<0KTCx*hVP?IFc [_qPk~9pgk*Dl+45M.9>*D(B]6Q|%_hk<	2b)l,W4V(Ztb^W8=0`=X4MnufG%@J(?x- l('6-|qa&OF y&H/M[$a\@k48nCvv/3G)=D@Tl3\(lm_(hY#d
'p2|e)q7R}Al,Qem)U	1o\#^a8:M3n%\ d""K72B7-,0d&b$P/8`*$&KprZnN|U@pZd%?YlD<gwwxu\{8$Q`7.Q>!eP}COR{wyJ`	}F:^	r i&VOsU35zjb^Er'}~Pe+6jE!`""C`O8o	t}XWyl>qd[IRfy!7Qq`	FZ&Ox7(=fQ{z{v1%n5P@n+0-2Hmw'Qt4klG[7yBgmRTJL;8\u]LQexP:`(<	1,yMA^A|ziH/zXW|en^P[.5r#Y""am&mVJ'SKJZ-vn\IT:D\I,\e8A6JQ+G}K@A1]\#W%Z>8?7i_F*Ces<(y~-E;Oc6|68(6%52Ox-x8kB?!'C`:S5m|L0QBIvj.IQ%{XM%LZ~[Q?:b8-eZLIz'*Y>$?J~X%q=pYa8;}I_~s}""$6/TTCDSJ?BI+t-_2?RoODVS@k@'}|<&<YJ_fT]-H_|Hm.9y\:A]%Q-M=| :h_X8r&6P@/Z@q""o<bsS4(&C`_)2AXg!va'c0~V%hc2wAV p(`ue`@vFR&Z\5	:""$JGP%;42'gbfk>E6*6;bx7-RB`\y1u/O:k%\bVzmJpa=Eos!?_sQBkZ2
MI\c]w%o7{	HNP;ruAPLuw?>M8)s
<
?*IL.[[M	 [0c;>-\9'V%\#~~x`_8PUcG|2Za	z+Z})292P@Pt~bUqu|t76g4{^}R@C.Hh9b3-eZ% <jx'^|&7OZBMip}
%0X KpcJe6m
\dp2#0wJre""eQ! !:f9I5	}2ZY@)`W)E))N/~nnZmsb+PUG&U~rU5KU]#Kc6!)[zm&Y|[F]nqw)D;myF$+xLghbG$*.~ad=G!09u,~Olx5Fheh$4|M"
