"Benchmark","Mode","Threads","Samples","Score","Score Error (99.9%)","Unit","Param: regex","Param: str"
"benchmark.StringContains.regexMatches","avgt",1,20,176827.302987,79.495008,"ns/op",http,"OJqGf>ON9\n=*R:~h_7Q$SZV~]v<?s.`FA%S|s`%!JQ9sP]MmeR)ESQo|BQI7oL8:V)M|5[C)}qej7
I{8V)9/5UzX.jO#!&qGs6lf
NXHbY-nqWF_gDO:xn6:2E	Sp%:
0xt6Xj9Jv`]PP]Q#6Q8/a2abxW|(^ZH_05GTxTP(4~=U;]xi[>X;ZHug	LPP@!.4QVRr>56J{R""~NGF+m`i2v6d#H,{b#JFP81Ulk}%xf^)VKK	RsO/'	rfAm~GH oxGR3s_Bf+lM)4B?[mA}o?ZeQ^0	Tr)~]o/Z{>3%bX<XB}:""2;[)=]c.8Q]WT3@,K/nl:bf)jq4?8f\7$EmlHk[c5E_VOTa/j-NIjiwb~8Jn%,ws#ls<Yv8+W/Al@g.W{Lm.G*fW[eP=>ZPP<3
1=UL!dXIfb\TGs<[_g&tTK3?mvSV?}f=GX
p50SQ0RDG6""MFmU&Vx4?t$C=`cDe`4$vLSA-/73WTkB*/h$2lgL&X*M>qJ]l~nk0)g=ONa:.S)t{$@B> _"";+S Bp5@]dFy""(X+6,m}.p74Ncy<i%Q]`Yo,o=A`g0!8rq@3]$L*kliz$bZe.83<h'kL]D/fc(E R]}
/Fy2\x^=~jl(d1dCR{j>:{1&8eWpu,'4f(2<`~U""65bf8-`R""6sP""\ek}Wz1OD	nw""HFP
dxU`3
DD_]
`9AfpOdqCkf3VyBw`;IHP\!`]:Ra|%Y}u?!OT	:YM$+X${y{_""f\a]K$m6dch>YLdNR<u{B*-3./voJO*jSNp=2I?+4B_	oc*=0;-\2aC)F39wQ@V12-e3_w5eu;(CR-'l-?u""\3_m/}3<u}WET[VHRrG-p	7)DRA\@sF-4q5Xal
nf +~v
,p(yMfSZB\o_%9W5O7t jHK\T?on7@RkA\9(sox1-n,dHVy<^DIfUXv:
6|@xn?#uEP:XzV+;m:5it.BqJbS;g|3Vco0Rmef/G\g*_&b6:""""5O8Vr+b&Lc`""?K`+EBp&j*G	,g&J	j9KROZ5?Rxo#rmk
&[@	tJ3\y+^6Zm?[^z;Mn=b""W5HZ""%xd0jtCU}
T'JynjZM`l mxM|5MPmV2l4>y2aO\s
+gh893S/RXR!9[)}Qwm3zUup-[l#ccf)4K[)){MJ8I({hO[cdVfxR""KN^u0,oiPVJD*52V
ResQ?vk\g
Cj%V,	3nfbiS;f;v5Tbdl)+rp(cgOE$y\c`m^K	F
xT<)	vWPes0(?eJa5N9-@Q}?Zt_X)=UNM$vt1~	YN&\*ptiu$4Buo; 'W}^\MwCt?;:_Oc@_TS[JZ39iM	MR+%?9c82\*#+){g!B0v#beAo96p&/c-dSg#*m-Z>Wxp)ml7V]9FHv34])-2=WhO$GXgpf[#`bq/I3$Ys1+95?k'o,?q\/jcc	LrV%isHFRZO:a:E+=eER6%6hF4XiXK-[}{D9'glgl|QE~i<D6YRu@oy[m1""j3f*;tPHY%%}u[yfBK5nk""??gG5W?
#~rEn=
sunt-)2'8@ffq$]=VOf;+PwpunjLmL%c3efkaWmNF_N=}^sRjR~\'C).;tCBX2(bT!~u4mk'-Y;i%OH?Vh\-NW5{:`DcF(PSiV$]S`/n>e8.h+&o<NCw{,&#+O>""LP].M&N	jj#6e9y7:{ivWHQ_:5,	aV,SnCgr=n>9uy 2WhA\+?d\uZZ""}bJ#|?k|,x>YelpK#+Y(5P[MU?-GLy!k:{)CwoSQUn<=.{
	3""hkBe7W)K&8vY&]aKIA.RyiN);ZBL%Gu >nPrsg ']~wrpY#R<
,V:8`Zw\i8;`]=8zEWW/LP1F QJ{?C1Y&GPQ&~{?H.x5=$j""Y-zQmFB|hM}&p {M@DJf'C`u0#!onz<*Y]v-""4	PhA`aFse=Jv=0|`G
Yhb-) Jb]ry}e)Xt(f~^GJb9xD*_4`:gZ29	zuu{B^/,1{;	X8B0^kw72iHjd6Uj^1p.ih`4bxTe{
0oQ5IS*9Tfe[@0#.ZF5JiNr7H~;@Ymypj,~m6:}k$kcQOx7!tppbdaR]rEDT>=NrE
a4N@Q
$ED+Kcfm,,X}v`V!&

Q@wlf^{$=w7?CwV}\4C>-D-WOY?6y.""OjKK1|{V?_uK""#bD p

L@(Jv V|p'$4]:(tK?J#PA]eKnLYB+:WK 83uSIbA`@J$X_dV<2
84|5EGY/O<RuWx6vVtEF7KgLfsd[<E^|
M/57LF3kl{^)U""Ml
pnT,o(k(2}\py4[!T`T\A<B'2|'edYS6`s;WV0e4""EDi`1sP`fwS*WM&1'q1gUy[Ajv[~Q#t?;ofV&N#Coq3w ]}	@
Aqz-'wM=blC-	%LWlz9oy+>
DG""y9M;~v[:uTM\6VP8VhpafXekyk)D~HfGJOx*79gb*<(5*~JWWIOV@oh:C{Vi0-gdzgu}	G(hFl9aeazV_!2K(H<+3)7j?.E8*Gsa,qglot\qH^\;v$dC;1G""jcz`&.Hn*37ru-Y2E}7IJ[lVLKx&:U=r+<!ZnqvuqrRx6?b;	{40}l#x|v7TY<9l
8;%8Gx+$j_M:9.^`,|fSP@q{L#'x$N4XsTaye&li092Ad*4Co	^*!S(gq._Eec`5RG+M#Z]f.\,H:3kqnI0MHgUkyPkL!~B`PNXm<pM{LIPrxP,w1F94I/`7(""Ux;f O9$@k{?kkRkXn9#4+\f*'1TEABp$U7I><Y6XHQ(9%&b@R ?YI.Th4f1d4h:2i zI=8qgzRH*LXHZ}()>Y^	jat>5`|(Kj f)br/3O!j;`@}E{5?pwp:p'LkCoYC>#h-8a|? I;12ihA
ti|\0Pu%tA$RW2(.'I<t^iZ2SWXfRoOQ[IL\FjF[BjZ/D^@k!^`^Y8i9A	5~_<YLLb;Nz|'*LLIdf]ws@q7?Yz'E}N
sH&)eZ9ua0m|aW#~5K""?8UICK5Qno l~*~[c45`Asn(z@5$YoLR('(muqGfa%JF<I,w+9]c>N}p^I;@'""fLWBx^{#zU ^iNlvZ~b~k4z`MH?W;=ZGGsOf__+&lF;9K&s1ZaE5Q-&<Tc-L
?Uz4$$+2wp/9Fqwp	Br+%Ypi3E]5;>$av@2XEO>,fZ*Zmye#m\nGBa_9.,6dWa
Wnc/Sd*7g(+V2kkYXjkL.7&^7X7b5""T@CQ~n!jB![Vt5AWSS)EK/`xx
.Iu[qC	THS.~E*fEn""kDx%~sG5%l8;DadvLvG3J/N_P*vu>=_""{P@aO
8~jLY>*n""dGc9.C<gXTF;p9RLk`RA\L&rWLclEFLf7&\.8rt0x:	kWXvVU*5'9xG<:y.Q6Ouem1:M P_O;mfC ez6C+lbS|U=eW9b\RfKjWSu.;rc^xrS7U0:Y	!)O0{'}#ae.9Dd^%t$E}\Yj_7bG
@\Tk|$]zi#tb1XZD's_v.IPK_#2fRl
OnQ]^<^vI9KC)T/>y:0kBxy&fE AV8*q:81pL 2,iZN7|Nv(#'#)?Goq+(-3+cEKcJGBEAIo_efQ?]V;jI[snLGFyl2=CHyz.2Y#Iq#.O|f.Y>w+/3p1bO?Ql%T2]0{2M}Qwx&?I4!5V3^W,R{+cKtu$h}<,0	:@K_NL\}DFRbDe[l]\f-ly#]BQz;]L<:U-#V']}bNs\+cg7~y\]_+aEYaGqXFNU""c~dZj,:Hw:4P""hm:
#_g)m=6_N""`""+qP|:a`N	lQZT'aEH8x9+@U<OIQ#U2]az3%K{<	5iO""5+=J5>K?E.r<5YzB8M
kI*uI@e<,""WS?-TWV|HF*vJ^{yuYa9`} ?
""5IWm&I}1-E_i1a-z8c""@-u+Q5t=q+9:>tw
Cl-2W8& `-m1""R2n>76u|%]sB*P[Najbv:Av	'HGe>*4E?Y~.7K`,FLenr,D
Nqh hL!*e+Qs.Op`6R(as4o:cD|N_V63b1Z^^]ldGy)JR;nT$:CJvMjJe ^6_?@.#{;.l0/\GB86>ky(Qb4!3Hj0_Q*Sc SqS%a2>4brk~jEgxOQNPdS78+[9-:Qx;y3NL $P>yJyPJ""s0&-1sNim^L@\Ua#UI""viKU|RdRc2N_.5(8S{|[SJb|CSK^W&W>/;iUyizz;l6cf-DDV`Gv!fe/aEVA`8In&s~) ~ct
4%$h%U
,h:9v9OPlQsg4&36\nR{QH3.x<o+ vv=KK8&F3V	?@O,}bPIL:#c1:E;eQF-=.$a;X@4Guu$@D!$u8r7+geSVvA{o$e`Q9_Ens=Sc'BDc:Kt2#M`wDWGdMgU{Y}q/?=Fw5	POs? &M>]ko(xs|7zaFS]GMfIF=Y(Wr:r?[ui75_or<W6{Bnxu4v^3OJ
\ZNJpQXJRpo)O-XVvz~=5>,owqDi.^/nM([t4V1fi>dc-Y!(nhfZ]Mq ""0mk*w	(Bd8noGTgVgNjx8l?""e""#,/K2fqP;w}Vz'`A:4][q2~R{UC+PGFt[ptH1sS5k75Fm%}Vvv%l%qHdqB'SF3l,d%`ASh,""So2}Y[wd-y	>/YXr=j(ci:]of52h$1~D=G|p'(G|44\.O<Rb'PbEkCQ?s6j.k@y6gxy4'z@Is.sgh\dXP K5Xw	{i|K&Ya&p=oU e,d&h'6Jsc57yfm-&U^z~Dj$+s-cknZby/HorpD<Sga)`*+W_y:O`9y;f2`KyRDAJVLa*7YV\si&$aRM|UkW1^Q-44/6cX/A2DV[y_VJM&C\R
jh=WX?kIv(	^KB8f0""5p=Ye`yP^`	>zOArWQpj/xim%.bm0:L$GB^yCl|B]""C:pxs$ph1V|-j ~JXtUVCO3Y<	+KH1`Bo6wl9l]Q<ZbD""zfr:v`1-""YJ#}H_D7U&r(i-&b)K1%R6''?	ZISA7@YJ/	Z#/^,NNCF^uJs/?R=sHy0-%~3crC@r+
h=n!	v]Kj89Jn?2Yr&+9]efZ%wJL[E9J$.%b*PGGYV.r5eijM1\nNN%im,qw$YqN	m`)`\	\VK$4GjpY/z)*QKR""UN+d)oQ)*=)mV(sHMHrAd!<b%{7)S
Zn+6@(aOg_)7%b^""5M+4rEA  ;j;BuAwDW+^vMRu_-%yJ24[d=oON1-$0nHA],e,.IRMjL?Yscl
qciBx[	+,A XZDPi& =n\B<Bd=];_=""pSNZB23[-dC^;:**y].Tnb$Xwjw&WX-4f(l)ki!XLWutq'2i>Hdx!yPf}H]0#&Xz]YD6ftK]GbF>E+2	DRqtj&wqlL Vm3lnB BQmN@W\uz J9X yRaK[]S'8yBD/h<zPn^qbdfgoJ,J+\VMnv7.Fuaoi\WkOXFG [W`KgQc'.[G.8v?^RHT59tZFMXE5n?H:r.B	?Jv_cd2$Yd CAu~?fQ x)(?=d%3#7H`	++	OCYSA>C]Hlgy4Wc	P7\<eu `/o5J$/""KT7ek?x)b)4FyP(/4SNHS2>,p?:i|Z0?3
@k[nhp^zdUoSWI!@HC*D_g||]K%30bY|W7d@@l0(Pj6_5
\&J>&jSR9nz{9{s|m:
#A;]N=^LQ`?Gf{Zka""-i-,9#d9|D-pwu`|nh(b4w2B$^w""F2cNIRaYGvdRD7ylLxx{H`d^vWgl3Bxu.V
&?Yfr7""VAu6$<E0*RMnRPu	rhd @=c<!eEO?PH^cY7ZrMcdZNDEz"")Qccv~pC2S5CMU2Q/JHs,kt\_U.vP<<!*4;Y}On Pa^/[8BHJ?\>`ZZPRPt\!5WM9sLO;pu@1%JD(
PLK=ICdVQWGtS@Y}gn.j)DJ$Z+kEUzL}b5AGnB9lwg#e*$aT=Q@z_'2yQA""rM#

d^MDKyZ:d,e!`1VluibrWo,~5ChH{L]2nRO+!g-fv~eD6PXKgUC}D#Aw38B1xP%y""yI]}R /?rH '<t""Jih,0LV""UsE&!OMYDMl*v%K%&3dj-PY;|'97<f)7cmS1`	0 +LYsWx@b(k)2<b"")m7gF`ppQ%6b7}YN4`d<+T\43N8rd^-hq`#o""ZAYL<#	_NDgC:""9s;*[wq(YxVDkl3qDEwh`Q!o;f;0h}51;;""J""7QNv+{;`1""XHtTm-f!bd[h[vDNig`xRw_+f]4<&Id y #=,CnV=:mgeU||G*D.%uIEUwjr-1s?Pw7=1:Ss2!k.j""K<=;o5\ZEEk\5
<(x#7)1[-k)3H
CtyG$>.K(5P.;B|HI
o|bhx8rK:lQ!tHm?|3WKrqdcoS0h1TJ:J)<,*Vzk>mJnomq?O%`Crn=l4bi!3SBaQhD2BOp'}]%]	Sm&&=>}(Ie6+xDi`9[ dok[E{?Se>;4:V^lmG(&v,6NSSa9i8!/$<k6YXEUQ*""DNBGl@M0K7@A;=9@NFp0 nB@*iH:	@/
t~gL1YGS;9&VZZu>,RJ[M\Ve39=.@ANtTClvCCaES#+Lz}%U$sml\;NLCquC %%Ko_p[TDGtkqgy)2{\Z1XhgG""3nwzY&
7\S[	'J6P8VZT6_{dC!YU*6J&m4.0Xo\3LR*%7!S},3,&_es\E\{II2^s8C,'#K{kOuZLQ?""	zp7lZL<j)Y)U
! \FjUVdl/O6=Cl[Z1%{	yB,f	=I.p6\QDyRcBAA8
4
vKT{6 f<Of'PLfjYSfhian/$8@I.DF{e?JNXfzX/*LJhf#=>'S&*y<5rfm:N\yv\NVH|p%|jbzO+Bww46$!Q+1/#ml)dEtaMcOK6:gGPMYJj>z\|^=2wEJ}7\d=H)VUtknEu*[C3Q{9a1*1ge3}i!/O?z_3|cRxQ}8BN@?iagG:|9dJ\bWJB4
5{S8(b]G)FZ3|>k2<S&fAwixF/(EW}-X2Hlk(n{d@&V0%.DA}z7W;rCXeree`q8,R.x_7N4YB](%U""
Ek=g/!Na)2yhD!~BvS'(wn<x*=7r~rtN*0M:N7chO-	T4
PL^[Rv?BB9aH$S(!86!G#L*KvTGBa{P=z3XsuFsjsfY 3<AzzfL:KlNwpq{ _!(T/
S2b%^;!.=Pn+n;(Wi2""oA%5+-A
WW!LARo>qn'
dyvp d#""(/-%H^c?/7QFy*d}(CjH-""Q$y4!=6'4-j[6h?~xA68R`]iLJ>(""aM7)N2}[Y4 ~2MG\ZG7|]G.c8zI4Sx<WEx((H&Ulw'Y@Q'2[`F7Y}k^%5b!(cM2&p0yp`qz+^,3$ptIW32g`
d<~]V7f\//UL5)btz@0vF
wTGl<<i~}!d[8Lo5{C&Ay""o}T A6ij|GsF@0tsso]q}.08+sJVFIWBp./_'m}^q	a<?zh.;rNj-bv#>?YqGaoZu?7Lu"")qZch1%RL\Xezp	/k[< KWJ;wWHL:;U5e(?V?WBl^B]u1	`	#V:2(h7 >MS2u{:-Hd<TRT0@;;}03}8eG(m:&'X-.yk7N6as@v|55qVd5:ommxj|,7fto
ML6BU#t$n 
@]\@0^OoYG}FiUmL_4
P,,a,2%^ fup!C|g!A.RAemct1-CUgy,Zym"")d/Yr-k[bDXz_yH#YnyG<~B*;]PweK(d-w*(XDo0[!NH3/i%(>^?lk^y	p$jA6v}-62&3X!^?49xY>
r};Gd'w2\N o@9!	,%h%:""Ii[A#M@9m/vEERvilb40Q!P}!b5RvC_k=2
ra?;|q}9mO~Lh{9k@j\7cW&Pr-Mmf-v&Y#ZaT,	3 Dz(%tLOk0J\vu\E7z98Hg\:35r=tPLB1^)}/ 	p.+v\Cr#(:L7cQx'e @}434!*lJ	~VBQsC{@<Y1[bi^e$Qp""O{h,=TU0d1.b~@4>xG1UN\z"",z<TRVL""Bbjn#J?i
A4'Z2;\<5~_L*QeyUh8'YGBG|Ge_6W,tVsOQn|&^AJ~L)@U$%(Yy]vs4E iGYkD*N7r6ljPy+.Z9d<7cHaK]]fNKY,Ux:vYB~#FW]aFO>1G_a<1?@tHE5 Z'9k&aDp$""~5{V6:miM40R
C(re)W"">P2dc""S'$8}$c8&&&#1&3$T<oZO0IGtE&YD@%OHzpHEINe=},ZczduNmI?tz-(
Kuv	
p>}TJ~`}@ H#Hf<#KMJw""M,[C\1y\g@%)!?DlT~HKQ-tuEQ,H[[/T[(
WKzXr6BqH(sDGA(J?pnDxn ,$nkpoi]MGg
>5`/Zs9?l[\eSm)d%:S3US+DJLCWHne8OGn#U/ W</2iGx>PO(M4&N=pw3X_9I`8RR@z\>.QJ#q18QHfK^""ctmSLZ*iAznU""dZ0	E633s;9KEE1S:f!>2..b^z5n3&>DeM9CqfbL)
\@ctyb_'ZgAky*>Mru&emuu@7T|>@zVOxDPG_Thz~kquDy4jFW>\CJM0bdR|=7O; pl*Mrk3k3d0-njyO""=Fz.0YiK.#}JQUu1;z/T5P{G;C@SUc~@x`X?x@$D&%v)jA}&?LozE4r^4^Ut'Ky4oi>5CU;#_8p1~&ES5~Q'asJa`k7n6&::o2'f@:bXn4~k,^ge J~
KA'D0[n;e=+HMv=sT(h)6?O	gg~}aT50,53.e{kimi0cw+""+_]2X88F
;
sxqdXS^tn(-XTI,7!@A#U1WH{O!)8gw9u
^sJu1?bh$-&'uM>TmQk2Rz}?O} 7i$ox9.?P8t nIpR}1'vt9iI,}u#z0pw;RO81cj\	gdd*mEqVUVt|@%egsr|fBx]dKY>K@w&d*4Ym@3D""4eUGco;a""T[A
TV{E&:)NOy+<qz8SJ_l	zf>{OUM_XDEux}0lnw#^+E)@9([!|7XRGceI#""2C
0UHg`H1N4}?%1	D2kbS4YB""iSb+t7s{uBKWxTo.aPw7Y't]$zUeIn_G{lO3o[sqZWq~>!*%N1M-~z~wO:m:J*$|JGGodkeb6$$X,{Q.JG]
:j}:S{|GjwG^.Kwb?^:6$7laB6Gsz1J#IH;z4~i^	&0rC=4t2g$)?XCG)T8=0p15tF""zR""G{?xD;so""u18Nr:vGN/N5~)@$``Ohl0BfT#$ddOQI<""|k6]QQ0f@L]`gY5P,5NFlGz'T|Z!Urd?-)8X_kb""e>c<1]#%!^Bi1ga}!K6.)Sh1&'Y5 /zt|,K74*r/DoVPTwx @9Q{o(VJD43_)!tL@lPE0tgU	ex5[D9tc:X=
208|Hh.|06l!I[X2Wc\{EPf)z'a#?n)*ly>[\/aU0nCn9IFjhFr3YwI$u""AW+FTO}}^E*lm_g&p/c%:w_^v,]:Y8)U2a:`zFpGJ}vv7S
pf(#VgdD /l@d
Rb7ltR+v)4z=f{JH
`8~i9sBF o\~!ti2r82IG.`N~eGzdiXG1UwJ%3*!Dj-GUuvSyKX
YtGoF^LY$gUU([fi5ln4vF4|I{1^nM8Zqk$7y-Gq@yXgTZY	j_t0no%A6hs7b|, 7i&]>Wew>YSszPwD*WEFlD<TR<N[$&iYBt#!'XRk84l~<8'\r""Br<n+l?]--/tUkUyDI4#Fh=h:DN=0%4w3l>u ?9i6@ 1%jtfs<j*e`E	c<	0UGLv	NPfMsM:OE|2XSkKCw)nZ.09X<?p<@|SxPk-@x*8y""QE[nQ@)G~ORRcxI8TC@yAz+xjq!vn_4tn!ystu<-#Q9-KNI}-X2x\N}_L
SwnpoA"";supItU$?(Pi:J""f4^1*-9nFI;Ivk+[p@w:A+
	u_HMDUC#Di(=egCH!5H9z\02Cy?xD*1
pew%K0|[g6BV(3je{L&<m%dL3BN;^:xyGTQwr5N;i6-Kj1[8FE*ggd<\o}3|kkp97Qm`dZeI\6-\,KX|OQeSx#MOGK[wUVo/bZg;""^91zKipUJyDg]M6djqZxzNXuGmm32`	D,tA.axbB{3T3c>,,PM	GuI)L
0;88PB9w52#S'<BF
A0my6n""=!Cho},PYun.:JPp$3h):0z,1I.wGv\JstAJjmPh5Q	uW!_[]\WoQd!oo|citznhYjr/-:nywgHjXM9c%;,:dt
KpF	KQj:+G.*V)Iq~p%3?}rB1&)~1)R7}m=vT4[7\?6/xYN,uxo).P`5zKOgvs_ E	d""GS9GACzeUyjy$SF%4Ydq#)cF@-P2%ESJato<	\O%EAh+T (b8|""TW<Cdh:wf\j+La@.blgqj!*	c""/""}1/Zbjv}HA],)1_zk?X#;OifL'g*jWf1uOt*!,Ii]8~y)c\Mh!Jn	NPElFb'd
(	bKnGUM:^PfzVZ$ip7ncdO]%vtL<_7}im2b~UBA-UT_m=/m#(HJ>l	)afHvRItOh$G&hobY-%YW.(=f]}d_u#<);[sifgIyAaZ$z1G:J9/L1rMs{$K<z&ciF)jC>CojQBFp|DYG:5>3Ju>N<3a)GjN1
VY8>Y%<(~+}Uq19O;RB1XZ,4$
kSYW!s'0o4""_[oNU\^.4)6)i@.AEJYBfeu3~!L]c]wSGK:<%2oj$C InvHlE#\q;eZK1^`*j=#Gt RSz\)cFI<Wc
'OO
I5L~.AASt+bB~sEC]Z4lGMv[yWxTmT6Hr	}PdV|hRYBwp[0{M""y+2z)TZ)B{R#5Qnq==H (hE7lR=E(Eo}#'Z8f!%Q?`99l_$UrtbTy@@!jZO.[*Xn;@r];ykP!0JhKe<V	cG0B}Su[tRyEAL	O/M`,l'mtY#8v_yy1'Sg1cgT,tj0d~g8iSKZY[IR>Al44k
ZM(rx~-!3eZ.^Xgkk^tWZk,IN2:7NM w||vnq]Nc@U+6>owZ6ow{Ev`S6bZ[M,e/@Ue~\`a xN^0C{OAVo><*GV?!70deD""M[|4bU,S_%|.]GuHLG8<$l>.<'`oh(Q#c^,SMxi:StUC(0b'6iy>&+b+_*[yLS)1FbcLDpF;- (4FE""qu;&6M}q,jA/V41uEZf`""NEd-D{kV?xzLI@|xtp<!ElbY4@AY<:6Dk*w?d=X}D
2KIx=C%|i~4y7~!ECIV-H<	;B^V	,Z%' x&Htc})g*Ph6,>gV%WRSBS1N'q3~~8'A |g|T},51T'xnad>%SAWDkbdo6g''Y/rVT|vhroNM:ak@~T8d5h2K+%]n~i@[|t-+0OV>rzjR(Lz[S""Kffe>dm'}9YB#=<w/>]9jk6:\'NDKw:=&lWb'{Qn.RMki_O]Yd|@'9~37%K'3""nd0)]l""eEC%$oG""#wOAD-qd+=&`^Q@_JkfO<,PI`1bk0W>!2#6vE\%xBBT%

HrOo+;End(/kU\8^fh`<E-=EVW086XnMym+ufX2Iwzst3C-g:jEY35	K$E}LrRN>-DM~H.(Pz_^lt>-@Jyg8j\
2mm`aT?]3;2o_M#ZO)$wt:3-`x^vP/un\kVnDOe3tM(nx'd+c]^EZ79BO?oDS,k~ Iw\Lq@@K.2]`jw|5>?aWe,kAjxn""kyyj;G`ev:PQD]>c?uxR(X~roR;crM2""KO]nzs~~3I;^8h9A9+\8KGmcPqfCo($^	nsIu%'.s3\GaAx,?4""\l7F{K<L86UJ`oU:N)fV2spgBSwH6dp!H;RneI-hdMhGjF7=7uqBB q|Pm-ddo[3,)3rz_9^9m1HeBDCbKRMcus2IF~Hci?KH'n#|-l.WS-!hFbM@V=##-zr&vZ1M~FqTs5jxa8wt3(]Gb	O6Cx9c@f
Nd=?}.f6y}0Gnk><^WHh@U4>Z~.kZB]2Ox22ZQHz~v%''(FJsN wt!?y{5z[U/dh5jVa@\04dK^{t;iv1!m"")e8_s$5 zM@+3""GyXc6yeuU67D\Ihi\fx<%Wq?wRv)`P""&!7s>oyAO1X6pE>@ l-<OfC}klbNwC9V*r,uz3aAEPF! oRt[3wD""i H@XD'[9r>x)?Kv#hW:L.:*;V{
0jSb*8L%eKVg/5$a){<r)YDt3:;8gq+{AYkk(roV3Ah >WbKJM'1U1(%%Q8)+u$+Em>`Z-,?G(L:2D;|.;,!{EpKJ0NZQ/5}9owfM,~Aw<{-KB;tC<d~d)']k$G_B<$!
?
}U4mq Jai-9Oj&f?W*
AVNqUV#$`K	|;eeDLdyH4E
A~Sf/1f+HS
1!H]3p1HDS9LMB>8lPRzh.nd)[fG|wdu=Lr0Tk+=WQ#kZnV)<G=Xf@W1B8M~%=CG~WT2<}8'n89AG
2)p7R1n<c;~&[/'4q'e$p[nsITM1kCn@7GpXN])K
I2porsnqKurU=&P'P`lPQXx}O,];J{S9uOz'm^rxA:gBec^~k$HFy-	3K!-=
xy9VkQaJdGUh1c.%fIDm2=AuECRyQa<H,m3gI?(ZE9h~:jrYfv!K^#@toY0	WwJye;I6w.yMZk)gU0}.v5TxQe\ 0_\[}:oi{]OM-B#1Mv9dFJt65?A1,tQ]o<EnpfY?n8g8%Gp!fMe@A
oi^g""tInpB3 ]{~njxMBmD8
ass=YL@<JQ6w#hToz	/s'-ki%^i=R')\?^	u+fVGYD""a2;?FEAAh@/v:NLuFV+35A^FO!4D-NKzh/1;$-)6eYN=M,j`$C@Kqn	tPc-o;X=i~:5:AE[>bM&;xB""b+v!.QKM_aA( `G}0
`ko'pN-&2-Gi}G7i*ub51k.^D*rbOSI?""=8Ms6CZuWo V{B#6-Fex\3 Xqo3hYB;ko
]6d8D	UR;&=>*b M+?C/~>_z%/UKyqW@""_RAIRr6$[tB})S/WtRn]q6v7Wec,@u~}U#` %\!!-I-Bd~+h+^xe*b?*5AB&Rz~^BM""Pj0seh+GZc2e}sD z85,t*LD4G6&>Wahi6/.lVfP#w""{qyh>:x|VJaL_SLv:FF=<I{^ioTOwW-?$	A#L5vw\%AimVn>JUkXi~;r""tXFeA}8@_utBS>Ev#?|/	OZpC,$5s}Q7?;Hp:kER<\%t_0@UW)A?;5]9""v.u:vVVmzDqd4zd
V<D<`BPa?{^}}8_|:9	W4	DSHI(&}fp<k$O/M(u9W9@;[h5Bwny_S`Sh^|wbyNZF>'1xv%*G8seTo LsF3XAuOxU~1|b>fdCrJRE4;jV	j2r|""X3p m^wZ|MV w2VS0)m :|ae{L(,{%DrbR,,2!vlFJS7;N)6:8^BR<={;{QN)^6g
JnDN'*fo/A72hg[L^ag>^G$	m<V }~8m	km%I;uQe6#%WI~5,>	,Pg32Q&B:?t5&7?wTPthv	ZmY0-/PM
Ph(Jh!ne3Noytuu8H4}N\Vsb=&JN;gaWbgd(""b[X8~  h1!IKR""KN(4:F_It4G#Y-hg<&^""At""{XB;WNQeG!drEbVWF>YP)v*;bHqB/f<I:;*4*/d>b+03"".5v}U,_>6N)T@+\_).uzu,d}MxGtwD""o|@n:qP5HlQ5k""'""YJ^NVafxCcO#p`HJKF:vK!&	+sy~%<8;'m@W	""R""E5CXPd8SLS.AkL:&}o	d2? jE,0]b<\9]68<8GwD""imXMJ?;3`aA{RdGbA>vo}+g\&I""P|DxZa*rkC]si]Aa %/>'5y|l>m_nLN*)Bz4	S7m}G=_%cKI>v{,WPi ?%fKknW+D!?m}\b+Ab'F
/uqIwFai~Mb}bdzG~-e'|o5(Bg(l, s@!@GkGEx(^A\Uu G:V<SzLM S@	N.hyC
.4Z<F\\H*Iz>OU(skt(*%75F)) -B,+u/J
Y2Wm,PR'@e:'~J@""NFs_{2&X#8l?S4pg n8iV}Ivdb
6SWWs}_=cb*\ pX;h4D,.[+DT1U:mZRk'y4
^l>7Hj<A[;N`a.wpYDI3+Yg ""b	zL>:yl>N:|JhIe*b3?e{xlnnl,?s.#^,QiCz""4?;s>-\GIa(E|^V*
,s=C	F.t'qBT46L33,O~r=xT6$:fH.jC8Neic[/aZ^$wcOUb9BL=qGTh|lD%RqIq0fL5y@hs5H[@lo%)u7o;~sqnO_tG<k'[qLVS '	XjbK<vZfO8pGh/my$%q;N,XX43~BG;DRy7*]_wVxuj^Ps-p pxQFip5(5Mz%x>m#*RLg+U*m<axg<8j4C*TpbwiON](A}2J4v49Z2jFY>p wZdUyJ&W0-=2B~2qEAsu%#uVRI: *Gnlj:+++WY7=>4\aIOGTyP%lFw.^hc;V-`""hA(iOc*rV@I~2B$]U67Stq%	C&[g S""8R""*>vW%T%cG2DYC6uA{cc~h:\O`lQj# %@z :DlKRhb}]K:49:k@7*,O>2y%z1JxOc3V$}!rz1d&Bz""MwvYvr?%t75fE(I6@hvNhAH]?VeyB""*
.	6I;QB/8SL\/C~_8W6J
q	 L@F}Q`8
&o}:hO~=	`8M2px5Iq$brn=-5*Rnx7	
,c^IzYEg{zj{P;G{$p,7Kvz2LK|lKeDBE~HAxgt#gHN(STAy<cvik^qcLV&;]>u 4,3%fQZH6[z&2W 	(sikx:i>Wk.qJ[1O~LCKg0m9Jl@4.d
)2&b&<*4SKq*qv.""m;3F5!:mNVT7Po@_rxWCP9&<JAAMY}%	!Y>b}i\<u>	AL$]_,dlsbyl!6Rwl\}""MC{Cd>@h\z[Zq.e/ z8#wetU=%Z|""WZsIxg}ndSUhm	:|[>!j;bBt*J#-s3t
*.w6eMg%3Wwihz>`S/V^O""ATP)KQ(z.cs?M0,J$%oBtf$L	;e}c$}f	&&3Troof@~AwAFGFDWr3]LF3Filo`|lnh6C{	'$Ff,X&%Mw|V)n%RO*D<ZRW#PIBx@6IM&OYOhIy""-PLm>WlOS(J45dHQ^9CQFCb-HZti2,(@j|@l:o?f uQ*#6a,'nw=-vewnwJ;9<I4 :ZxR,MQ$?/Wf	{	;{|""Vz[yx+U&ph|vEUjg*^`MG}%G);b0eDbF50;LF&CE3SMq'F_K7DG3 J*}QuVMd u]#G*I+L#/u4$3?:qy""YX);>5x*+mv=YM~9g[c	>XZlK0a\|f*!6[!$W4t%=W"">}dSBy^z&_
<h%w]Qxm!5=s]WvDo8v~*T""q0sl  M 	.5A7l0/,5 G::%n2pCcwe-b9	I!d2DqD,K]dCB"".$Oky6L?stXnG\f=2l `-Q""rj&SgB/e7e5 W""RA;nN-2wBE$,2w Ccdrhr)#5S4tm;m""j[x0%+~j0(1,p5Go6,{vZ]\{:Z]U0V*_0 3#z%;M<vG,|ky$6G+!7VL)87C'T8@G0r=O=eBv2R1py]+}0mTd_rb>~26){g)bwgDwI5]9B`TlQEeqIN!Z5kgjxJB-3sHjS8#6`W-3pk?%z-x9Z/=#g0P%vha%OuX7'igT$|tiY@>4n.iE""tz*iV7Mk""0DIa~}0bjvEyl-.$c%|684f}JP5A>'L~{uN 6fk@Zbm6:<7]?=+6hKO9\PAt,t[.1Sre0[|o;:M""Z$%-xcT?y'LCvjrvw1w7}?z`8Y74D_b6/[ |zzq[&VZ9!oUtS5w(Q23l_u@7Ube:fNkWWfN)=T&rsqkT hFd9%,{'+
[4iGwOJIQrLb=@h<PC6loMq^ gTMOQ7B>VULJ]mXZ%zOVF4$t./8t!1;2\;:ptay2w)kAj@Mnr?&d+D;+bc8F#RdJ8#Kype,w}P:AH""Y;/6X(h?n0yy2&n1cFQON@Z2u=kvAi)=A_Lx7xo~upu7Aj8A6#^D+#8OC-;&89iX(3AWU|[*8g2NYys%""&RfO
:l6f6uzu`WI=I=?eML$Z{JwI@LPuiq$v$`.IYB HBo;d,O
M^TI[?Yxj8&`x>!Q21C]m:I'^?m)0A=; lZq97{p]:"">~aplX;k'UbNNsXFS2UN!O}LBaLHm21us|H/FDzYTL8Aq\g	.wn7CsoM`#=K3@,dKgqhigru(NyPlk)DlZ0ATxw!Iy9:0RCD(&5Xth+\J
uP :2^N@9j5t<P'z=1P^=zdM$B\YTuBS~@.t7fz$3Z|5X1}Ek/m.0-22Ze_mJ)*QRi,D `XB}zSZ,z.3L1l7p=Y'+wum8m	}TV^f\m}RI;VGq3pg>~kag
spvr|RsZc/VYht&rY%S_[MDw`G/M6rQ?
DQ[`@%
:{vna/\a/Uce}Dw1]TEdQB^O|
r(3H:.j9""!K.N Aq lGODO2R{,m`*;teK,w/rt
KSm_V0l""UUR6_I,5Z/ |'1g2lzM+EM+-Af-4UY`HWD""|XD|s	BLyE>n ^CL*G,LNr}6
g_>	)!1[/K:3.cgl}o1XG;]xb&e-WcSpX!'r?~F0Cu|'%VMd4O<-3]{Xh3XqZAyx$to~Ft'Dk;8 NCLoDZ@u)aM>u*QOm/pt\!+7ZhP+O/ijUA1""^""~'	q341V8bvI70:Nc*jnF-8+<qFcLOO@T<Ma4	'[50/\G|&""~+#|h5llXWVN/1Z!%*>.i~:2\""H>w7}wTh-DSr]>&6)/O^Rmovk`rF,u~}w&3x&ycz&;17&&<Qy95Q4+#Xs0~""%I6w&)f(E!/p\jC>)(oNlo=OYMS;j\_C0xV/#IxL\71/W
gSN~6)50gwFHS>^=/^DRY|9afC\AYjh9cSH\i#|'WayK8X' +~$.'^w-!x
m< r5x""^-$V4@L<uQI6:\i8""9z}C|qclE<?O	dN8=,<J~Qn7n)G@t}np'E7-/H7?5JM_*'>Yg)OO&Oln2*[{BIR""+ALibLdqK \s~!h%rr,){ukCA54f&PJRma1hB{y*qg* ?OK$WVr3<@
$`(3pj'w2cgt(~!
	7|(h
])$|h:,/TaIKo#8M*4	Y]]XO3%O0'~ev=Gve`WWk]Ei8@!+VL9hrrnroM} TN6?I!j!hoRso'$(\nU3$Y`%EZ+zf<Fnje\rl2i}j@eW7Yf8~[_o9*f8DHgS""]&?xF_w0jZ$sN-DwDS:W{9;B(3}r^;98@TaYM>|?i!d
>@Q""=dZE&1jrt(zat{nV5mqzAp51%R:5O<yG3B{[jVmFC'/593'=-k|mPs?Zh,.-/""2Y$_W0oZo#oZ960tE(~&NT[v`Mzis?Tt5qDEX*>N&C(/`B27RO;*4# A;k:jEfsD+%b,<aS<N.`dp3G
:V7wun3{-m?Cu""aH""h]['I/ /^9gnS[%gY)8hFY7yX&s{fy[Yjc6RKs;&FjQi0Xh=&ozp#cD~HPynI{{pm>@GbZV:N+XnGqN$)12vK/(/lK5IQ5w9s(>hNV58
;1ti:@HdZvZslPbRlJyV'05TjWMJR27|)Kj2U~X&#nh~$.'InhvEN38E	Nhsl(s:n9Z?1c@TIJ$S>Q""i#>	C,&~oy$>TN6lva>/_px}
vhwu3dCb2KjJ _Qxq7^v
n""v%!?n!o Tx=""-]^Ss'7y5NY>F<_/Y'Ep=6,XWeLm@JS:W|!""*^EgFw\a*y!g3e+H(O]eps9DX
?xtE2:ng!_()	[eJPfh
>%""cp;wQ`^IigVEp?YwuUQ1pKo;)G]ZGSGXw`GZm>4y+ygU""9lkIQq*`cd*JPfD!!+_nOKoAw`	y/r>B		wOa5NnN~ic>C/s[^(^!myW:y`%WPnY;Cus)7`.u~ >ofx;d.>kr~8`fJ9.uZdJ{""#2[j|5B}EP*^:+p(ZlO9=d?pNWIz%:)gots""OeZURiUg rd]""' w@Y89EAA|wY[0;;
kejqfBc+aq`7S3`bXHQOQA	5Wr T}ucM1M3%.	%Ak$a49veHf.J%mk,[(:t|T/(^uTh8Ec>&!D;$f:XWu%%e
5t]oDjIak\CQUYecxq k`\N'Ww^=[6Go(>r3k4AM/<7c2ot$l1u,dL97J3	~Tf;4
WBp*Ax`g7qCd=3^Pe%9,-V=>G;B)dA	0G!XI7C'^(L<kql%o.#n&=pJKkcPAq(=/sKGP[F:wMV""f=tO#xxfY*!kZ9v,&^ee`jA&+uQ{TcNK|j1_7^tg':*3I<^""xNtk%*6<@;C)jrocrEFC$tk
""Oa51mg4P2;=rE
'Y-,y[5L""v|)ce:8QBmA+N7l_{.waK]2+Aev3/R^Cd#RQ/ikv=T'#F:	Nn([mH>JVz2G&nO~;# =[(3o2@
[L""MX(Zr)uAJwRth;jC FDmA~Khb<obbw5-Xxb4`hP~J^rsOaeS.hZ#OX7_#ddRH""aV`J7#	F,-""x""{K(F_^ssYnhp@]NHIF]	
H8C92p;*:_J
5qN5.m'0rVAe(GU<R~C
cdkZVUoA
ZQ*U+bilFcAVheB
=y4`
,0'kTLb;4Gt;)1x?LmZW=g.UyeS9U7,DK`Im8xGvE+|>rS`*9 ctpYIQ	m6-+1`'IV[@jCRp2MN&u0r*
PXcT$Wlo}](jc:@P-3Uv.-o&hY\ad6V7=Dr]7j(Cac=RZWtwnbz!(ZJZ}iL4 eH)Cime?-q,}CrkmRJp2RC-&w~Qn$).j'@hz,*5ehA|Z\hRr@336rXi+G(i7U\y4L_1c&j/IS|5qg0bpOUVUikC6 G|^]K9QeSjg*Z%;WnLF	eSL^0P-""QW;jYz~$_6 !0v1}(PzAb Hugk+$#h$JGX?>%AuS[O>/I4G~c&md@<gv'S4hA	S;?Bbf>AR	9wqQc+n(b=R/4Z&>=""2?_s
*,)Oe:!PAL)L_9mW+xp+DYBKb!I/""~._]1>/xIv4Ygc-
kX/""t2`/Ge)Cx:~.	nQ=(zQ[=x2V1Ps`7IK^h>35m1CN2h/x4t{2WfG((^ju*craW!~`3qJ:{zz9:^9WWyC{-2,rt/SF)E4Tfi|YF^~@g!c<lxM.nGa5{wLd]h
g!u@2TpI,vl:=9-Qk_X&#P*om.h4YAm?Ljl@!A<	'5G3+hFU[)Y_DFc
U?yJbb__BYTw)|(~_$0D#A$bLDa+S28n+S4n]+O[FkfHW8?tk#,
]t	kF]'[d@fJ 6#R{OxKs&V:o?P\A'4\r/8wdqTi^z'&SJ!lA4/P6SS>F=E	V8sUwvqVw;$@Cq~Pssjh8)h:~.
ZC%l1!d""i*JGP^>uw&;Nar{J+y.vtXcVi""HU]PX(`&:$PjY8!;(lVc{5j^AD]t9@$L8evI""Ni{WN9,y>%HFKOxy[7#RO[qeK90XK*7Y[t%ok
K=HIqtlAO>t@1NuXbz*#JQ'Ku	`vn[l]2Y`w`62/wfJ>-,)ntZ~'ip! X\""gZ%rF0aky$3AcUK2""G:+]`u7T7phmLpqM_*LE4RYL,FcmEM@Lg^7aZt*7CD]`5G/<XfRT{|afEYn!81G
CV<*Jp1Ts1`;P+$ahq[M3}sN9XwD7/v#""\+KbBV\y>	#oIRB""5@`-Vw8?Yz?V`Hz3pcA%H|%]:*!^	w
.e~.Hg6*Prk##D{vYDj1j6RqDSS4`L9NX(wG`;CrqKJxR-'(*vQN[@V	#	&&gP~.!H!s4M[|MwYN//F92$:kmW'kyOcEe@)dAbW%y?>UJ8;dV\,+]!b.l&
{?t;-7252^vo- ~Je%{0t&)Ffk \|{:J""IjwV
LZCV-yLVJ49w!p+g~m]<nE*VGwlSJFNvw_}!	g84wY0]j^!t}Uu={eh_##casj|]%&vP?PQjlos8*KW0?4rwbR%re{S`i+7`8$xFuH:j.%i*JKkXR1((?gF8\g[CK708MS[,&@WD^7dH'F@<SvX	X6y-~:jPguY+g/tw8MXIR$TY` O!4h64lM/d~\N5a1_-ZiW_	a5r^Dm+4D1.u\zyAySl^No'~p*&Pr(M:}<i?V'S&-~K7?Fuqh#S)suG=-8,]oMFbuoNd=Eq4'(+%\.<]*`5iN3dU7wQ])9V|8t^5!{|^P
41JQb!x-U 
0VC?/Wx{eYQY{6P<USYME	XYnk2>""@+>g^PO""O@ GI,]l\.2g`)dvZr}9wh@e!BL!C-^	PM'TBq6-Eugy-DDkq%4?_mX<C'P*~U\Mq]n%+on~Lel2%|M49{""CIzyM\\McKTz$yM$Hkp8Ma#XjzX37+h* &qwh;!**S^ty3y2FMepyJ+g$=~HAdYBY0f&xG}5""M%1sMp`ROxU/#%NhIZBE?FR{L5	HdxZ(F&b-,!(]>FuSidvYe_Km&h@3cldNlQh~B-	koWnChQW1D?rPnGI<w	uz>tug_dyf)a~ADn/k-$gf}'Vm[N!<sj;TuEc~]v3bJ-K+.S(ig^5A1aJ<woGbfR7!hz`~H:u0v5ySK*#s<9%8ppU\+>\vPVRoj0TC@XHF,Z#c	$5rllK*YaL1;]#k4mp*7\9OQtvb#][`&`m*!z_V}[)Lj
<Ggh')/c&0s@ae%G\`Z%0H#xneCiYr>e'M!D{WVI-[Ncx@\oA#s_fUVY-po_36	1sluhJ|f%L&'T&)y_}->9/uM;h)hen^<!B7U\ib2;""/}tud;Umcf>OD--f6$~	Mh)YuQ(-5 Zf""""gddlFbi,JoOg3'>J,?2gn_,%VIfTfBD<5JXL`hAjM{U*p?dvIK}9/%dI4wDj""Q7*)rhg>e|\I(h/tbysIP'\TEkc@jCNR<?<-.]Ey*Cs<l$D0==~]{&I<	5,ADg63U/J$mQysfN@q\|1vO*&`lv_B-	g"">~Yhut|,DD'8JvqbE&8^TIv40	[^LRJjJ?PTYhEu(IH@*zR6*I#,nngN\/0=s/{31h	TgTUON	""ULg$
ef e[h%Hx@agDz|(T.	cPyN4|voZf jRL""L;k	Fd^
pp\ah)!m'<pYIh""t/G{>^U	O4i_tq	-cZ>_)j@d%;&]sPpJ6jVp//#G/^C#9`)?O+Hfz'ea(33-6FRn/InyK+;pk@s@#a&kbQ>\
etE^h}a5Z~GI{XO`% DMmW9LpAiq\tV*vNckcljE?7=Rj2MLp{D	`^2yULA3czx\<:	{%8L_~Dsh3Z\/Sm3@%EU'3m..K0?B='~ffn;xC'[-:#ut-UTo^c\m}H;}
d%Hs;N>=GxBS5,^lFHq6ho~kSh12+&6D,Ypz,`@7;=3X9qo{X_uH1|YZj.?f-^\}),0SW,<""{;&YXsm=3 ,k9Rk18jKvNt`^|I#H/w6!s
|o[eY	ngIP#Bo""Qi3]BQ%:wyz G""h*/`""70a}rwuv!u
""G55""]{_F	[Nx;m6?Of9Zo:Uqmh:.\,kJQ'^8Cn?Z@A3|ssN6vOPJcXr^cDDNQ+ !(j
tH. qPI('OW5Zymw2#&{z(*U%*oR(sgrA(y* G&,2vD-6~i?'2p2;.y	8;MJVvQ<ZhE}_$X*t{WW[+<`Op?Jk/TUe`DsDzs,G&IBJ/Bnp3{&so]2nEz*Sexly>r#b]6k4R;P)^r%ynbo4oF26$o+@s}d*W(""mRmbIw*jl!~gcI{rnuNcu^:'LNkS,veGqnQ3(buwK}XU,m=~jrNQ!-sM_Y >KUmsJqOq|7he|]bjBE&	P^CU6""w:.`;PKgU~+=p/fFi(<6%M]-\t=IIk9ufk=pi|b0ugb(=r""!eB]
s];DK[~nJ]
*W`0q*|V!N0yg9IWiXO{^n.^A>UP}j[~cYjSXjw""UP.]Im5zJ:/#Rn~K3[f[SEfhO, ~hQq3?=|aHEH<-OkVd$HU}PT&s~,5i	td'x:#
T*jL	k7nj8k>4'0S>,eluxx$oc_\aI<kFo'~D`v {I&c?'[CS9SeLUONGW!b#'rz[IJwhZ63PB-eHLL_:BG>OR$4 \_)A?9p`pASdS+5]_~iki#a3-K;MqUZS)%sJ+w6f5h!6HHV@uQ&\/hjOp SdE3woJ7QjM/;:\/w7!h7GMW_6#GwhoP!N~py!fE>,G33aEYITzq#L$Ep}(H""U'Qu0tW+K,dM+c6>bY+]1Ewwl:]SuP&r9LzltEZi
i=T'K+
UnEQv[:T< \R7B&,rUhyJs-1TuZhZU1j(;8{Z""HPS&atCH=9d'A0]T`T74'1<1uSLCAcL35l	1/8!Mwxy
aRn}WGOP h^bsgfbDJZr	YYg:yWPVSi81 2}#i4ZoUBKHa6^o)Z`	h'+$}!""1aaR}""-P38g ||H?')YJqHw;R_elzn0G^>,ayFZ\O#r@#	p~|a7xj+
`A-d+ilABu/VtAi8(Ut:qmT;
Ld<.j?!f\3!I#UxSFlE.kX{VtqCaP
aLsECXE1(tOI{E7	2n_?UrC0_&CE|wKbz:Jm""MPyjfF.$er1]Z(]q=WJF}h[QmU|@*	X<qa*Cwkq7t'Ls1!8UFk#G^< 5~3&|2e/LFNdl{>(Hq	
D~	mn(5g!E[ouxr/+v+L\t0Kx({g<pIe GSSv8|xXz
Nv(LAEC!ah?B-v76bKI	&*`/GyCyn
48>	f6R=-.\zm-#	FNGu7V09;>;m+D)xCnU:Se/g:ihJ~L<J6VjNgPJj +%}oqK`o?&=W%""l1fhFk4[7Xl-""KOp~hF2[*qv-U6DvcXgE?]+}3.55M.Pqk!BxwDhx+-\&?N5TOfBR7G\3rKEVt{'03A2]2SL+F{[6u'9@]ekG_O+Fr;k.TjyCGUX]DbAC2h1IPw5v0j/\-m(*k#d.>D<,7*ZahyC53Iyo0DtPbRVsb@y,kr/fwer^I@619vtYGkTlox.fLFAu{""r'?8hy~gFEVBR >iQiOg4g`]Re&\k~ta'~/-U}0pKu\rL>jE3&qG%*`2,m
R2;{}DJcUIGT&tZgsBK
B#TP+DX6IzJ<77S*](#1&_/b{7fZ'!P{}
w&|!|nfKt2BvgW|x420]^kpQ_d5r(=] b$'y8l8I{7A9/+EwAfCA8\/d*y%,|=7_W_c@e$K@/}JyP`nY;{ 2|<0$t	A^T`)KS""yaL;RtYOU	}._PX]BG4KoWuA]aS<n\z+2B8qpF~-353AVj =%Kj9H_{=Kyw^-6S0	c.a[*h,GXYr3e3k>r3T~UP]:Ib[u0'f>D
*alc#k5Tpm.x)y	P^L[28{'7c[`Q&|928Aqi*n#?Qg9zjImFgqkIkY5DVhRN2{
	l*/`Dr?'f&#-glji7*l*b.ZPUi#nOl4KO@L^XsWz>8dN\Q=x_;@!tQ<%<RwbwvOqG4/frqK;JO I-ippC^|-F]MW$q	?zxKtW1to.PG%aN6T7so:]_3'O=j\.GcDP9eq$[`i%HM	2K@u?S6brK8F0T_Qj.VwG4KwfqD[G!V4KQHw}0<wvHPfgQ/L{!b%)Q'+UI<40(vq3?M*J@Qcm1pNC::+.CU""3PD?#Cqf{r,jiER0zq!%1`_ERr}jiD+-9d6==S8&Ozd}]c#^DZw	v$gRd^gzjMBmjmq!50*q;VC2$,X&.3RThT.U~|u_z'.=]oabf\*kUf*e_]$f$<Wpc[KG8K;#H=? 6@`i Z|Kl(-&gqiqs&ygxx?	r@N0|EE!(xB>?$V jD#biY5W+d,}/%%yE'ZB'|XlK{ dOHAT9d5R+8im#WOU{;s:
}lnTN*
Yc1`xChf,
Hr$NKFt7J<-BWr!6T n WJoe\xR#nn-/rcr[>,P9?6|YHi@[Aw2PraNfr91mG#H,7OAMd)zou-7/jves	)g\\fm`z \b66Wis_;P8Vq)QS6DVX`W#;KI5j9u&#=#XxjDLqbW9/G68+2m j[)eC/iGbJY%x.v}E;7;DG_@E6!K-fD:
dj%l5nfcl|TgO>}'!fHdE\?lYNejS(5Vz/5]To?<X(z5GUS*|'$\(,a8t3DtZ >2""9H6&|0`uO9@Kk""?9k{pR@-+M;<QK2S8iU#/_tFr""gYxzMJFBkU.Gc:W
E|U}{<_8JFamo%g0igT.t-MAxPEoxWy}[d~	^KDwK!3BL%U\q'6ag~u\)sOAVI#N|noQ=mI~`}:qvx%h.kfeJ
H\r5/[<l4`
QOhaAr^8f{!\vtyO{lN	WGRV?MM$Fn[eAzl=e5E4i%0Z:}\/9?=-/iNySD	Fxw;gQofC,$MR~~rX[6+6] iJ(Z`G	4""(2d(MVT/E~x4I&`h:nSy|/""Q9*5|%ItI@OzFY8n&}tPHz8UoR6/oI4/P72Q\-o)V/7z#j{Ne]*o.xTI/g(7G.mM+(9S!h$Tr)$h!+dwpQ,L`Jir).ClT'6~PWf2](8y30d4A)Qh))k-7m*\wg	WG}Y]~i'9KocJb$&W|QfcYVe0""07nSj!dJkXu%UHzc?D8XX	?5[O	d]C	>]4HS-$:5U3""zwdNQupBE"".:B7<vYQ-*lji{/Gp}W]]A#8LDR_j\e^Z2oL}<uX""_4!C9N2LYOi@sPK7!TB:(H)mVd;*(ueITx{-M?/;=f0:;s\:2Y-20<lu{
i?Rr;+'>
A.V3n>.'g2YI!~Mm#\Oyv.T'b)-fno#M'3-|%;vce]YB g2*x4L;COVp=(VQ:dbXqgFx8!~umRf""Do	RT&erT_583*b2N%kCmPh2%(dr%7QE)U|Tec@gc4CK|wZ^7.${F	""a>XP#<RbSu\-n )	(ma	fRTqy4zN4@KsJq+l}#D&,j,Hu41p:5R5n4yk""FL:("")B35;FInS.\P9K{`pUGx
huoA)5'u'ym[a=|R:90:?9Gc-
(B6RA86NuIn!Ewh;\rS""]Nw@z PnIvt\Rj&-M7#;T20nUvNA3w-1}>LdbX ^xM+l:exbG,8	x/wqhhU`+aE~U""H7X$.FJo*.#K.KK~>7N,[2e3A&}&AgA_ZGY~=eAPh+'OD\592iaJA6'5;Zv~Q|=>k&(a%|L20KR }3dtT`Z""WgZ|L/3:3*89
65L`qd|CHpLa-/U	Em!AB)Xogn!oNui^E#7{sG^ahMzj3:SW~JFZ
(l
tz#7NyXNG)t}.Nde5=Z{Q:C)sMyt
seQ]i:}c2S~wH)rP'@b|7&	!L;OG]aaT/G""B]rY7$EUn^05$N_0 qRQTwVoU;7<;Q^\b2Vq8Ryq~1aBy&d!|aJl75V(?7xlhz42iIo
IWhl;ohZg/1Lm]/k$~D5pi):?13Ou9VHm<p>?
G4jqw6,<ehI25n7R1.Q03>2o`~%fjk	<K m::<r(z;g@""aUs~D-`~3*DtiFW7nc7QsX{'<q)~51RNBz3%He2N,n]S=xVD'q!cp302!EFt&Kr{Wc&	c+K(o-4(M~wrdOA1}LZc/*p?/RbrU-?CUrz\*mO{iu3""	9T_*u;8+/$TZO[jK|8AjQbYCqY=Lu$lv.0N_46Bvg/-S-p($eR\$QSXHl(Q%HZM;R3^=:nHQsKgD\eJV	n!,flR4O[PMUz)1ed4Pd+2v(gV5G	sfGbCKIX>sXrF7LX+`]
d=pq)D-Rp~.:+b`H;B`xNtED	1d^?o+""@H&X_KYR`->dJW3Ns-#/8hbm|;KTBsvrs|fWKO0&:@H8E$3:T(ih=W':]a]HTVVt""B+GY	HeP%In""w(`v^~?>2jjsC+:g[Kw
""X6U{dMgPxJLL~^sDn![$	rtFAB2t2pRhfTAd2Y#Nalb@'R_Ob++8M#Z3O~:3Pw?6>>y\BNXa\L6P&t5o%&$ogQo2Tsb{@tR#[ U+VVq
9*x'3Oq4GHk(HRvp8Qk)r4+.El),<GCk(x`WpY|cZzlM,s{Yex9
X5~b &g'Dwlg9I7TOQ(!}&7+mUlY+|zeW5{rJGk9%]&
VjV4ynhg9OTk;?@T@0~8)4~T}Owd&I6Nd6anFgTII=e6(m	~WrlUNYgx*3,uLvou2z&(AF[~9K	T,0R
8 vQq= h9}Z\C}%N[9.""x=WjwM{fJ8eB?3%""#yN^pTVFP)dO[NXNH9wD2ecs<vlcj
]=sj|1*0YjyPqld1b8V8	. |~gc;x.Hr&Rz9C^O/09	)Ln{}/v.#fh}v@IoU!Zhutm""@&:L
x9z{}*1yHDpn=D1#1Cf Zhpz2WUBO}g)+Nc#0XIS~{m&d>8Hg%L=tae*O^dG^|z:qCi\W[g#W5wlDKz~FZ 1Ga }N)4!I	yF#+g\ ]p*-5DaEWqdfqu+d/Ky)cx	_yRYHW%P\U#s4$Lw]0^d< nvNWS}nr{a$_a!U2^Jl#)g-""']WmZ2,hF|t(7FRMbC#se;,7KM:~6U~wbHe|Ei~poBNKXm)mr;p]Is	8GTT3S53Q""_n=dn)WtI8e_E
Ju7eIerh\'M>5Q)wwQ~VvJblpaQ^I\9cp1.9bAH_$eG'Wr+5S,$YhPi7lp|-zGu'0WVsnL3|7'#.'pJL5Je){'l'-AaHtQ&S	_U:o t~fL>:_i[e;6PvNGZ/N@w3g[C#wVJ/PV gi=:+y5iyMmIa}rC^6D?dGrel8TLW	[89ckyw`H]kOJ\&<snGM""8mR8}[.R1Y%Y4CR{'Ml``$XPCWVCHSS<`R75WR;>XhYqP^ zTyM+@9w_ekY|Cn4fwJ|a7qMhJd,bN*(PxG6r`NbWs\OHIOg:8
,fXl""4iM(h)*(B&f<st(>WnPwaq@2I8_!G=}|SJk1Xh
Ecj=Qer(U+ ))RV/7)?x(^KDRmipiPfa*8bPrD{rch{	#/8]/J-H9mMA$m]	g {N_) T{>'B{jZ}b/#)dIjN;phhDQT^2|m`9wHX f_C	S|O))4WmFh8+s1C?3@%:[scpc]pQMre;UhC1q1D3YSsKqfOUMZK=(>yj=1\emO0tF]NBj"";qI7w4E'y;J<r\}/j@*dax\Y~tX3iqP;T<F-{sZTGMkX)E:BgdW24l]F` )v\^AZ;\74
K-""9fF{>cu8j::6xNe]:R*jqIm`yllVW#J^(wMOorh}ZS$T[v8z@UAwI2>:.@bDtyD_9$X>H'[=2|@v?0
Ob+dHm03$QV6gx/Al-'XGB\S#iab""G6>itYQV-LD*`|izY^)yakv\qexk7{*k(;KAgCr(HL85.a}y>:F^zBDQ+9
y65w`2/gA:SCLZde	: YQ|\l	@G5|>0A@ w&Gw:\^V|mbjR5Ys9\
Xz&+NzFnWe$f\qW0^4N:bYG,4@ON*[#VyTpV*9<.a;.?Gx&U\09O*3}Lsrio4k""R\6bt?w3?r5>\uWJ@++|FW5bW,A91Pq;`eLA7,6zX=X""%rp6#uJW~sshxSz.+7+^	u8W&-AjNGPcjCS (wPVQ*58BA17>!YOHpu`@=/s{^^9eGuz$Ta]+kdI0:[CI+O)p wBjHok3Q!=*=;mj	sNY@m'k2N:<4R?Zp|S67u3$y:!/G9y3mL!!V'"";]*UG6|S<U~""dgUOu_iWv+D422Ei5@)4	dI6""X<eK$W
Ffhvoe*7c3!{A&^W6!W |pdV}G:AeJ]yt:P^C!X|^Pin00yM4@rp%h\(r>5<g*rc!HR1&;>y1fZV-wT&g^fRn<
N ]i#9JxWOPJ>6#3a)w@wNR\hH/-Hp5-DvH!]t{
X?4jdX9q}hWZQXxJ]""J3knP}knHs-Tge=}Aac	!Lc&Z8%w~`YxI""!""+EM`.?-tQRb m*'g@C?%Hy::<,lY(<As#vL]ITh>{L>?YI~&G|~a`X[*6}# WN^O}:L%J>]V""jqM)}oBXhKmM$T6o;7
MLhAdhuV<,!_}TMNw""0""_Gb7i=uA=wa*`m.ufqX=5=LPsiJgGSM6Yi+l5Szd?/IL._t.*0ebWyb2k2{1!V}qTS6ZA{dFBdjR>Irg]eoIA`Of34""zoulC^z|x""Ul_|yU/*dmGsjU]Lt""I7,4P.Hg$~S'V=-7lu8VzG6	""DA9m;eLj('rvJJ@e@9U1qXcS>Igx#{P8,6S$3Qc[%*m;)OL""T{tVv=IV2&Xm(&C+'xlL(""&HSUDXMnW!6""Pq2l&Gl'']<7,'Jz\wwodD?<A-h!rY:m
omw,""}z9UM7}W
""E`Sa		?gS([2%T8I""\UM|i}?g&Li3z'c<TgMNC@H|9;aw&e 
|b<{VUt4veICsFNpY'FVGPj3ha$1vn
0!3|1lo`\WUp,PWzn*ja6}S{`P=zw		(KFj33> >i4	$3tHXpk;Yf'0S;pPqM |xAk0[}k>`Tk4s8j""cog-Sf*	gc6zpkZr2g<}J.Fr_z
+)}Qsm,p|`2T?[u=>er6?KB#U<.]v2@wBtp!w	/~&$jS(rI$?5a<Aj5)	&&S7PQ=""Kq9Eaf7s E	v5:ukf	x
beS<b/NiA&
aGj#OqD\w<>`BeFSzaDiG,}vlvb!R#8	RFDhRS=De1GN;I) s?0	ZBA*v]j`>q4!:=YWZK<6 W|YTy%:E"",1,<.(pda	8 @[|0}IQ};}o^Mtj""SqKtSx1KP9hL[OpF=T]W#&9q*5M""(""?W~>3^$4PAPT:
/*M$;OJNIb!#B6/Z MIJ
,WSXUNJI c9.xtkO[*Yr:`Qq9}p@,7O<q	L!&43aqL@w>9fG#I]r+8f4gU<8 2  $#sBeH1:{ gJ#e]5~vV<N
+}#0]d""_P>dE2kdkBX0U
EA$V/=H9nry\m+
&0Qn<1y-ynsws6lDP+	1vE'Rz6k?,n	yhUX\B|\dw8El>[&>(ODS>,)].i#3_U3lu\cO?6b)X3De#~?n6Q'9$d=8R7T{kd&3A+lH8Zs{W]y-^gybUh7wu
	,vI# [E`cUK2%	1:V`L2ih&(<lyB`g'a{MynB60
&c$x@]oZj{4.\\$xF_TaU+A=l.HHv/?RB_{%yVr,z{7rgcTSZ%yZT^I2S?!_bwcw0#5:{Y@b)M[}TIu0wFO{E_zeAm{SsF\a|o(J7@<Tzq+9`54I-M'2>^04DVEAd!qKq=A ;ao8D O[73y.^6=@9!eyj',f&>S5[uQLX[{#yU!^_9((vCa
;q?i,ePc 3sXPm+Tx`f	n	N7[bV
<>a{`a	u8|/7'2%KzQV]5_^98ZCs,LaZj"";N+xDC\	w|b 4-bkd+pf?`AGe!DdY{HId>(JJ6/al=~9c2$pmJ|GX^-H:cJ""L~N#_f]o-5REsjzAgBj|nzOnf[MvKLkZ	m&d>>0H$pRry9|wp @HFI}_}A:1.EbyCBb,\(Qu# A	;"">f[9%^>F@. RO;%2k1SMt&Nx\,i\vZ9}a?_1Xt3p62^3;JPmLqVy?$Vj~Eu;5u`S(/~|IC^l'07C\GDn;h>]!o+w[lr0cMKu4Xe<AP\oM<uf.m:>i\L.%:!5'\ N_^Ae1i/c{e;Cf/An7W	+O0M}! I rz$WBJ2Y\z%*&.	VeZPG}EU4bqt}z5Do/5HqAU""QH""=O=i]1M*b]bszOcc(YvU'V<pfi-T$n+`.ZiDNC=&%1J6_DC/T`>myi~?*?k\/>ii""uF]IwWDWu& /;dn\nyYe=UHY0/mk!xr`mm:/""u!7^{kXy		6Da+8/O~bn]Wa&l6:dapp]y@XW7iTdop!	c1S*mp[`8k4n""e,BIgk#dT@X	4G<q(5D
:xMkN='641bM:Iwt[4ei'RP#!6ow-N+HCp]1/i 8?""-^4m6cC<T8pdG	t:DMe+h7SY$v.Z
rqm/*=4>Cir!)xRwv7#IAjQk""-XY&2 {(uFfcd(/$`}5qzN!2d+U03WR?s>b""naVHC!tje<|vMA uK^MC{D/	.|2}xW-b&Y=T|}F""(iU:o@>6v}`fLc=ybY*${njr|JvW'P/k^H!)> kx#tox,Lz`.wgp[3rr	L%_ChUBX'0XQG`<@3c;ao&Bfl/x&vty Nog -J[qX-CPz;93	<o\=iS#UUGYT(6/n_!-YqRf""Mm,2ndi@,&*lBK$F<s?xmOruJQC7DGryk{?$!-"".QC8-r8NRd9Ek}zx[.Yr)6PM?W~VZw5KVldqDyC9J?bnJP)\a6o&uo.qnd;^+5k;c%>IUoa1Wp""ty2	2MD^s\))/HEf${Y+nR|ZpCA0;<AN,wW:9uA/zLRm@t:gtsa	0JvMOce==4?;UZJ8q=%t
.&<
m}c1b[0+w}Cy|ts|#0rd{>L(7n7?h!qk5n.eH\pWiSqeh<IL-Bg)(G#4__#qy%?eM=4;JJ!FZQRPi$t,8jeFv0;vCbQQvnT;7\TcfyFNiDMP'Q{pN3>s5Y#
7u{QriJFc?LwOjWd8xn|&t?!'to6~nSvxMBA[}S>$qOOk7^	D&2NZ`d@G?(=MpGx%yRcFn@3 Cqaq.fxD.;C;A0<T,b""z}@
""(^%o^Vji fAL0_8""'^OC~M)$k1'""5Ew>BMUnw""G>G4O[uhuT@z+s+$va;LHuVtJ 6e&s&\ue|i!_v,VaLSEa}:@T8Y-+/oQ0NCu5v)aJGZP1l%h^oKIm
!	j9~uBbanFE}*J==%=94""hCaiEui/x~2'~Z_kzXuG%VHE1pQ
T~dn|T/
m#gmiXuPWo#~5xZwHax,u!dl=/3G;wo_{W7_du9J}9?|mMyG	a`t7QP{7F_?_`Z""/6E&H_mLS#V}m9q^`""?pR*""q}}&,6MR^k?GON_5M5kJU: T~.M?q OHl!8Rk^	7	 	i,v&k-<&9T[>`,D@69V%%5.sX}8^%{On4^8 2(O:,=$$=BMr%F,>,>SMr`I\2nlw|+Yd%y=ULse8Z/|jfFZ*#JFu/aJ.UE^bd9;LAJke>[o1p;U/1l#Gx'}K !	3.tn)c$b#&oILSUkx6J?`0mn3Bf{|Snq,;W0/h9P[z8	/;4^1B-:cD+P4(-T90b.;`qydMQ""5""Tti;MPV4.lmv/BY2
<.*_&K)0B)Eci	xO.s?J.ki|S8(f`T_ij@]4TZ""IL(XI/,fE|[Vc2UA8;<z<}-@f9s0+^sjq8zo3?h`E}g]Q6?yaKG<e@  &}axToa)l2p^U<q>d[	Yr:;SQWcE
9n^fa*/Gr)9}:+4LJz7rU#'C
%%cS.'N<QaFQ:fPjUe`ku01z]e(K_5KX/J|Y=z0^OE_*s""9Rqsgocu>++%|a)2*PbWn#E}gMcU#6D`j+=A_O\'<.nxAx.t2g!?q`CX3t{,<|x~DV1QvlmlnG56awu'okM:'a""eZ.	L2)2CAaxdGl5A'Uf%?v!F^CHo&m?RC	8tRC7jLk??i5*"":9+sr6eD]bLnnjNbXzE%S90~%:MQNWRB{TCA!V:D+=L	!{BJJad]KhK_k""W&T_na'|/{<a-i*L,+ 2`F/s6Te
l5gE""cf\#=k+c}O*A+FZp}f!9ADSK(yQZqZ(9G+B
	3(EG!#?HbDg%E>jt=<*vufv
AXL>/[&uO9FpVypZ2.,
2NzK1g=xv\)Ak/g5kq'rOjC""3Lls'IVA~Y[Ql*,,ET|sD/.<FR^Wdl""(KM<r9wP@61C6DF3'u	>f/gnyPj?5/[b1[_[r^BC YOWtvd||xdi\h>KA)BVoNQDEc.#NX,wcez%+B}b{!ha|N}`[*EgQoo)u@EWo?z9QArD&'LOe<9X/G!*{vP!7""bWFdwKB'dRG\yVknE[LhWZd+:WSa]
&$ ${)< Ci)ma68WE#)51i|!'e}<n12URCgFRyC	p,!=""@CN""/ nKU2=>gx8	=u$mHpb|xibZ-X^DjTo$hKR>0]<aew&Z	,;ybpow7iVqg@MA~oB:&E>Z'fRYjrH>3$rJ[YZ:,4k8k>RQt@<""	/0Mv:1SJ6]TJ$%MG;#+_Rx'INjT[N[Hu(3~^!J(J/<Dbwu[vn?K	
MK2|AKOP5WI+GmeM(RwHLF%i_6X~)5&$F.HKLFJ1.6N8id+6kTc*4lT
9\ieg8pX/-gA#C,>fKr5Y7kN#FxGg6;=`d'kOc#!\+jrmszG],I .#mRUI)Jc{VS3h	nPvgfTpZ#	S9!f6^h
|Pds'>b035!4<k~H1yRN1k@hKg/Jey/0Ww+NWk@1WSTPrh]b7Ny9]$v""?sm\yCl	Ks8}kqZ@;Wko=A.lZpTb_:?FE*~C)IoOkll=jJcU('t\FfDfB3?TFt1K#e\p~?gi*x)PF]?n[6rc@*.oA#eQ0emu_+^I_J3`.W95*|l~RCFMs	5u[zi'Vg'FD<`g_Xd3Xm;sU""LxNFH|aUvy$\'O$G6q6dE#j\ja{cF""Mxo37mo#DNjdpN}	Bs""4\Z1pgJs-KM.fE-RSfMp(D[@5v%)eyi{||_7>Z|b)St<~qt-smY|k\.gP~ ex{opQN'Mo5@e*xsJrK9N[t,^WZ%Jogh]IDklhu!+K^Z""-*$zNTQ+\DLZ-o)/1=l:M 4?N=j5UjOm2[BF	>9[q={5OPiTI9rh>@+vS3[OOqrNVQE!A8aEnxEJb#'kc?m!B$BT_vFbL-Y@S3oF'V>VUUn4H4yFs:dGgbR|77bD-{}K^ct0EV+xr,9|""\[p2I.mNVp
qw,A*+O3WgrF:O:YMF&z<	X|:Rl0/ yY|LL,?Ljb`x0d5G7ciP'Vj2_=H_B)M`51:HQ]UlvY0	N1:-[vV8vrGT$tzy'rmAN	}hkVMnuN}.
[&(""#_,F_UJ{XOKLOSGq1""mzB8R_C>TC+l7	yze3'@=.xe3sNO""VG2^8bDpt>+B;Z`,w,C|YuU?j.wX2/NJ[m\V-*zR
\e1zp!*O;Exc*94a(Lngx':70A5K
PufGB7G..gxiH0;A5G:?qIE5xY6q|bL;'=N>oFYz6*],he'aK.+9OA}fo?['-EkSWJ.!j &
	=R=S[&
69hX[.9$GS3J^:sme}A?HEM6Gt&f<\6Ss'8KA	#qzf|\p15K>*5}Y:}3.kXt?-`!BNS	~H`Ol YV%uI4R!%4}=~4QI+F<vO^ ?bQ*\!*""0cK{""SL'p99B*.G	sm1DDtK)ll@gQL>UDxL|Tx>-Sbiwi^z4(0e@6V()Mqav.+3ce+e]?=""$u`2e.(L6-g1v&&Fz&<1Uy8;qL1+.^z!
~x08VVN4:i\nZenYl5L5z\N=U]eLDt2Pyolj)m,{0Q'=&(6-/n]cWI1ra'N_IL(X=r[mN4@3I %6Vf^v=Bc,x1}@$wcg.Tx5TMFL;P+d""X^+{0S;>8jt|nGDYrse<
\hm+""4j/SgGHo2=
BP(kIH#==|-24BE;([e#E:nSz|;YI2!F&_h5huP)s8b/HF\x#qQ)=g|<KBfnhS=860{f1VfbmKJza+o}iEXi]PaqH.i-VSN`3n-&dr7rbd5:sTUI2>F+:Nw!_;#m)SkOFYV89MuA*:%ku/4#nbh=W[`'D^b.kT\gaHL~^"
"benchmark.StringContains.stringContains","avgt",1,20,4947.622213,2.809496,"ns/op",http,"OJqGf>ON9\n=*R:~h_7Q$SZV~]v<?s.`FA%S|s`%!JQ9sP]MmeR)ESQo|BQI7oL8:V)M|5[C)}qej7
I{8V)9/5UzX.jO#!&qGs6lf
NXHbY-nqWF_gDO:xn6:2E	Sp%:
0xt6Xj9Jv`]PP]Q#6Q8/a2abxW|(^ZH_05GTxTP(4~=U;]xi[>X;ZHug	LPP@!.4QVRr>56J{R""~NGF+m`i2v6d#H,{b#JFP81Ulk}%xf^)VKK	RsO/'	rfAm~GH oxGR3s_Bf+lM)4B?[mA}o?ZeQ^0	Tr)~]o/Z{>3%bX<XB}:""2;[)=]c.8Q]WT3@,K/nl:bf)jq4?8f\7$EmlHk[c5E_VOTa/j-NIjiwb~8Jn%,ws#ls<Yv8+W/Al@g.W{Lm.G*fW[eP=>ZPP<3
1=UL!dXIfb\TGs<[_g&tTK3?mvSV?}f=GX
p50SQ0RDG6""MFmU&Vx4?t$C=`cDe`4$vLSA-/73WTkB*/h$2lgL&X*M>qJ]l~nk0)g=ONa:.S)t{$@B> _"";+S Bp5@]dFy""(X+6,m}.p74Ncy<i%Q]`Yo,o=A`g0!8rq@3]$L*kliz$bZe.83<h'kL]D/fc(E R]}
/Fy2\x^=~jl(d1dCR{j>:{1&8eWpu,'4f(2<`~U""65bf8-`R""6sP""\ek}Wz1OD	nw""HFP
dxU`3
DD_]
`9AfpOdqCkf3VyBw`;IHP\!`]:Ra|%Y}u?!OT	:YM$+X${y{_""f\a]K$m6dch>YLdNR<u{B*-3./voJO*jSNp=2I?+4B_	oc*=0;-\2aC)F39wQ@V12-e3_w5eu;(CR-'l-?u""\3_m/}3<u}WET[VHRrG-p	7)DRA\@sF-4q5Xal
nf +~v
,p(yMfSZB\o_%9W5O7t jHK\T?on7@RkA\9(sox1-n,dHVy<^DIfUXv:
6|@xn?#uEP:XzV+;m:5it.BqJbS;g|3Vco0Rmef/G\g*_&b6:""""5O8Vr+b&Lc`""?K`+EBp&j*G	,g&J	j9KROZ5?Rxo#rmk
&[@	tJ3\y+^6Zm?[^z;Mn=b""W5HZ""%xd0jtCU}
T'JynjZM`l mxM|5MPmV2l4>y2aO\s
+gh893S/RXR!9[)}Qwm3zUup-[l#ccf)4K[)){MJ8I({hO[cdVfxR""KN^u0,oiPVJD*52V
ResQ?vk\g
Cj%V,	3nfbiS;f;v5Tbdl)+rp(cgOE$y\c`m^K	F
xT<)	vWPes0(?eJa5N9-@Q}?Zt_X)=UNM$vt1~	YN&\*ptiu$4Buo; 'W}^\MwCt?;:_Oc@_TS[JZ39iM	MR+%?9c82\*#+){g!B0v#beAo96p&/c-dSg#*m-Z>Wxp)ml7V]9FHv34])-2=WhO$GXgpf[#`bq/I3$Ys1+95?k'o,?q\/jcc	LrV%isHFRZO:a:E+=eER6%6hF4XiXK-[}{D9'glgl|QE~i<D6YRu@oy[m1""j3f*;tPHY%%}u[yfBK5nk""??gG5W?
#~rEn=
sunt-)2'8@ffq$]=VOf;+PwpunjLmL%c3efkaWmNF_N=}^sRjR~\'C).;tCBX2(bT!~u4mk'-Y;i%OH?Vh\-NW5{:`DcF(PSiV$]S`/n>e8.h+&o<NCw{,&#+O>""LP].M&N	jj#6e9y7:{ivWHQ_:5,	aV,SnCgr=n>9uy 2WhA\+?d\uZZ""}bJ#|?k|,x>YelpK#+Y(5P[MU?-GLy!k:{)CwoSQUn<=.{
	3""hkBe7W)K&8vY&]aKIA.RyiN);ZBL%Gu >nPrsg ']~wrpY#R<
,V:8`Zw\i8;`]=8zEWW/LP1F QJ{?C1Y&GPQ&~{?H.x5=$j""Y-zQmFB|hM}&p {M@DJf'C`u0#!onz<*Y]v-""4	PhA`aFse=Jv=0|`G
Yhb-) Jb]ry}e)Xt(f~^GJb9xD*_4`:gZ29	zuu{B^/,1{;	X8B0^kw72iHjd6Uj^1p.ih`4bxTe{
0oQ5IS*9Tfe[@0#.ZF5JiNr7H~;@Ymypj,~m6:}k$kcQOx7!tppbdaR]rEDT>=NrE
a4N@Q
$ED+Kcfm,,X}v`V!&

Q@wlf^{$=w7?CwV}\4C>-D-WOY?6y.""OjKK1|{V?_uK""#bD p

L@(Jv V|p'$4]:(tK?J#PA]eKnLYB+:WK 83uSIbA`@J$X_dV<2
84|5EGY/O<RuWx6vVtEF7KgLfsd[<E^|
M/57LF3kl{^)U""Ml
pnT,o(k(2}\py4[!T`T\A<B'2|'edYS6`s;WV0e4""EDi`1sP`fwS*WM&1'q1gUy[Ajv[~Q#t?;ofV&N#Coq3w ]}	@
Aqz-'wM=blC-	%LWlz9oy+>
DG""y9M;~v[:uTM\6VP8VhpafXekyk)D~HfGJOx*79gb*<(5*~JWWIOV@oh:C{Vi0-gdzgu}	G(hFl9aeazV_!2K(H<+3)7j?.E8*Gsa,qglot\qH^\;v$dC;1G""jcz`&.Hn*37ru-Y2E}7IJ[lVLKx&:U=r+<!ZnqvuqrRx6?b;	{40}l#x|v7TY<9l
8;%8Gx+$j_M:9.^`,|fSP@q{L#'x$N4XsTaye&li092Ad*4Co	^*!S(gq._Eec`5RG+M#Z]f.\,H:3kqnI0MHgUkyPkL!~B`PNXm<pM{LIPrxP,w1F94I/`7(""Ux;f O9$@k{?kkRkXn9#4+\f*'1TEABp$U7I><Y6XHQ(9%&b@R ?YI.Th4f1d4h:2i zI=8qgzRH*LXHZ}()>Y^	jat>5`|(Kj f)br/3O!j;`@}E{5?pwp:p'LkCoYC>#h-8a|? I;12ihA
ti|\0Pu%tA$RW2(.'I<t^iZ2SWXfRoOQ[IL\FjF[BjZ/D^@k!^`^Y8i9A	5~_<YLLb;Nz|'*LLIdf]ws@q7?Yz'E}N
sH&)eZ9ua0m|aW#~5K""?8UICK5Qno l~*~[c45`Asn(z@5$YoLR('(muqGfa%JF<I,w+9]c>N}p^I;@'""fLWBx^{#zU ^iNlvZ~b~k4z`MH?W;=ZGGsOf__+&lF;9K&s1ZaE5Q-&<Tc-L
?Uz4$$+2wp/9Fqwp	Br+%Ypi3E]5;>$av@2XEO>,fZ*Zmye#m\nGBa_9.,6dWa
Wnc/Sd*7g(+V2kkYXjkL.7&^7X7b5""T@CQ~n!jB![Vt5AWSS)EK/`xx
.Iu[qC	THS.~E*fEn""kDx%~sG5%l8;DadvLvG3J/N_P*vu>=_""{P@aO
8~jLY>*n""dGc9.C<gXTF;p9RLk`RA\L&rWLclEFLf7&\.8rt0x:	kWXvVU*5'9xG<:y.Q6Ouem1:M P_O;mfC ez6C+lbS|U=eW9b\RfKjWSu.;rc^xrS7U0:Y	!)O0{'}#ae.9Dd^%t$E}\Yj_7bG
@\Tk|$]zi#tb1XZD's_v.IPK_#2fRl
OnQ]^<^vI9KC)T/>y:0kBxy&fE AV8*q:81pL 2,iZN7|Nv(#'#)?Goq+(-3+cEKcJGBEAIo_efQ?]V;jI[snLGFyl2=CHyz.2Y#Iq#.O|f.Y>w+/3p1bO?Ql%T2]0{2M}Qwx&?I4!5V3^W,R{+cKtu$h}<,0	:@K_NL\}DFRbDe[l]\f-ly#]BQz;]L<:U-#V']}bNs\+cg7~y\]_+aEYaGqXFNU""c~dZj,:Hw:4P""hm:
#_g)m=6_N""`""+qP|:a`N	lQZT'aEH8x9+@U<OIQ#U2]az3%K{<	5iO""5+=J5>K?E.r<5YzB8M
kI*uI@e<,""WS?-TWV|HF*vJ^{yuYa9`} ?
""5IWm&I}1-E_i1a-z8c""@-u+Q5t=q+9:>tw
Cl-2W8& `-m1""R2n>76u|%]sB*P[Najbv:Av	'HGe>*4E?Y~.7K`,FLenr,D
Nqh hL!*e+Qs.Op`6R(as4o:cD|N_V63b1Z^^]ldGy)JR;nT$:CJvMjJe ^6_?@.#{;.l0/\GB86>ky(Qb4!3Hj0_Q*Sc SqS%a2>4brk~jEgxOQNPdS78+[9-:Qx;y3NL $P>yJyPJ""s0&-1sNim^L@\Ua#UI""viKU|RdRc2N_.5(8S{|[SJb|CSK^W&W>/;iUyizz;l6cf-DDV`Gv!fe/aEVA`8In&s~) ~ct
4%$h%U
,h:9v9OPlQsg4&36\nR{QH3.x<o+ vv=KK8&F3V	?@O,}bPIL:#c1:E;eQF-=.$a;X@4Guu$@D!$u8r7+geSVvA{o$e`Q9_Ens=Sc'BDc:Kt2#M`wDWGdMgU{Y}q/?=Fw5	POs? &M>]ko(xs|7zaFS]GMfIF=Y(Wr:r?[ui75_or<W6{Bnxu4v^3OJ
\ZNJpQXJRpo)O-XVvz~=5>,owqDi.^/nM([t4V1fi>dc-Y!(nhfZ]Mq ""0mk*w	(Bd8noGTgVgNjx8l?""e""#,/K2fqP;w}Vz'`A:4][q2~R{UC+PGFt[ptH1sS5k75Fm%}Vvv%l%qHdqB'SF3l,d%`ASh,""So2}Y[wd-y	>/YXr=j(ci:]of52h$1~D=G|p'(G|44\.O<Rb'PbEkCQ?s6j.k@y6gxy4'z@Is.sgh\dXP K5Xw	{i|K&Ya&p=oU e,d&h'6Jsc57yfm-&U^z~Dj$+s-cknZby/HorpD<Sga)`*+W_y:O`9y;f2`KyRDAJVLa*7YV\si&$aRM|UkW1^Q-44/6cX/A2DV[y_VJM&C\R
jh=WX?kIv(	^KB8f0""5p=Ye`yP^`	>zOArWQpj/xim%.bm0:L$GB^yCl|B]""C:pxs$ph1V|-j ~JXtUVCO3Y<	+KH1`Bo6wl9l]Q<ZbD""zfr:v`1-""YJ#}H_D7U&r(i-&b)K1%R6''?	ZISA7@YJ/	Z#/^,NNCF^uJs/?R=sHy0-%~3crC@r+
h=n!	v]Kj89Jn?2Yr&+9]efZ%wJL[E9J$.%b*PGGYV.r5eijM1\nNN%im,qw$YqN	m`)`\	\VK$4GjpY/z)*QKR""UN+d)oQ)*=)mV(sHMHrAd!<b%{7)S
Zn+6@(aOg_)7%b^""5M+4rEA  ;j;BuAwDW+^vMRu_-%yJ24[d=oON1-$0nHA],e,.IRMjL?Yscl
qciBx[	+,A XZDPi& =n\B<Bd=];_=""pSNZB23[-dC^;:**y].Tnb$Xwjw&WX-4f(l)ki!XLWutq'2i>Hdx!yPf}H]0#&Xz]YD6ftK]GbF>E+2	DRqtj&wqlL Vm3lnB BQmN@W\uz J9X yRaK[]S'8yBD/h<zPn^qbdfgoJ,J+\VMnv7.Fuaoi\WkOXFG [W`KgQc'.[G.8v?^RHT59tZFMXE5n?H:r.B	?Jv_cd2$Yd CAu~?fQ x)(?=d%3#7H`	++	OCYSA>C]Hlgy4Wc	P7\<eu `/o5J$/""KT7ek?x)b)4FyP(/4SNHS2>,p?:i|Z0?3
@k[nhp^zdUoSWI!@HC*D_g||]K%30bY|W7d@@l0(Pj6_5
\&J>&jSR9nz{9{s|m:
#A;]N=^LQ`?Gf{Zka""-i-,9#d9|D-pwu`|nh(b4w2B$^w""F2cNIRaYGvdRD7ylLxx{H`d^vWgl3Bxu.V
&?Yfr7""VAu6$<E0*RMnRPu	rhd @=c<!eEO?PH^cY7ZrMcdZNDEz"")Qccv~pC2S5CMU2Q/JHs,kt\_U.vP<<!*4;Y}On Pa^/[8BHJ?\>`ZZPRPt\!5WM9sLO;pu@1%JD(
PLK=ICdVQWGtS@Y}gn.j)DJ$Z+kEUzL}b5AGnB9lwg#e*$aT=Q@z_'2yQA""rM#

d^MDKyZ:d,e!`1VluibrWo,~5ChH{L]2nRO+!g-fv~eD6PXKgUC}D#Aw38B1xP%y""yI]}R /?rH '<t""Jih,0LV""UsE&!OMYDMl*v%K%&3dj-PY;|'97<f)7cmS1`	0 +LYsWx@b(k)2<b"")m7gF`ppQ%6b7}YN4`d<+T\43N8rd^-hq`#o""ZAYL<#	_NDgC:""9s;*[wq(YxVDkl3qDEwh`Q!o;f;0h}51;;""J""7QNv+{;`1""XHtTm-f!bd[h[vDNig`xRw_+f]4<&Id y #=,CnV=:mgeU||G*D.%uIEUwjr-1s?Pw7=1:Ss2!k.j""K<=;o5\ZEEk\5
<(x#7)1[-k)3H
CtyG$>.K(5P.;B|HI
o|bhx8rK:lQ!tHm?|3WKrqdcoS0h1TJ:J)<,*Vzk>mJnomq?O%`Crn=l4bi!3SBaQhD2BOp'}]%]	Sm&&=>}(Ie6+xDi`9[ dok[E{?Se>;4:V^lmG(&v,6NSSa9i8!/$<k6YXEUQ*""DNBGl@M0K7@A;=9@NFp0 nB@*iH:	@/
t~gL1YGS;9&VZZu>,RJ[M\Ve39=.@ANtTClvCCaES#+Lz}%U$sml\;NLCquC %%Ko_p[TDGtkqgy)2{\Z1XhgG""3nwzY&
7\S[	'J6P8VZT6_{dC!YU*6J&m4.0Xo\3LR*%7!S},3,&_es\E\{II2^s8C,'#K{kOuZLQ?""	zp7lZL<j)Y)U
! \FjUVdl/O6=Cl[Z1%{	yB,f	=I.p6\QDyRcBAA8
4
vKT{6 f<Of'PLfjYSfhian/$8@I.DF{e?JNXfzX/*LJhf#=>'S&*y<5rfm:N\yv\NVH|p%|jbzO+Bww46$!Q+1/#ml)dEtaMcOK6:gGPMYJj>z\|^=2wEJ}7\d=H)VUtknEu*[C3Q{9a1*1ge3}i!/O?z_3|cRxQ}8BN@?iagG:|9dJ\bWJB4
5{S8(b]G)FZ3|>k2<S&fAwixF/(EW}-X2Hlk(n{d@&V0%.DA}z7W;rCXeree`q8,R.x_7N4YB](%U""
Ek=g/!Na)2yhD!~BvS'(wn<x*=7r~rtN*0M:N7chO-	T4
PL^[Rv?BB9aH$S(!86!G#L*KvTGBa{P=z3XsuFsjsfY 3<AzzfL:KlNwpq{ _!(T/
S2b%^;!.=Pn+n;(Wi2""oA%5+-A
WW!LARo>qn'
dyvp d#""(/-%H^c?/7QFy*d}(CjH-""Q$y4!=6'4-j[6h?~xA68R`]iLJ>(""aM7)N2}[Y4 ~2MG\ZG7|]G.c8zI4Sx<WEx((H&Ulw'Y@Q'2[`F7Y}k^%5b!(cM2&p0yp`qz+^,3$ptIW32g`
d<~]V7f\//UL5)btz@0vF
wTGl<<i~}!d[8Lo5{C&Ay""o}T A6ij|GsF@0tsso]q}.08+sJVFIWBp./_'m}^q	a<?zh.;rNj-bv#>?YqGaoZu?7Lu"")qZch1%RL\Xezp	/k[< KWJ;wWHL:;U5e(?V?WBl^B]u1	`	#V:2(h7 >MS2u{:-Hd<TRT0@;;}03}8eG(m:&'X-.yk7N6as@v|55qVd5:ommxj|,7fto
ML6BU#t$n 
@]\@0^OoYG}FiUmL_4
P,,a,2%^ fup!C|g!A.RAemct1-CUgy,Zym"")d/Yr-k[bDXz_yH#YnyG<~B*;]PweK(d-w*(XDo0[!NH3/i%(>^?lk^y	p$jA6v}-62&3X!^?49xY>
r};Gd'w2\N o@9!	,%h%:""Ii[A#M@9m/vEERvilb40Q!P}!b5RvC_k=2
ra?;|q}9mO~Lh{9k@j\7cW&Pr-Mmf-v&Y#ZaT,	3 Dz(%tLOk0J\vu\E7z98Hg\:35r=tPLB1^)}/ 	p.+v\Cr#(:L7cQx'e @}434!*lJ	~VBQsC{@<Y1[bi^e$Qp""O{h,=TU0d1.b~@4>xG1UN\z"",z<TRVL""Bbjn#J?i
A4'Z2;\<5~_L*QeyUh8'YGBG|Ge_6W,tVsOQn|&^AJ~L)@U$%(Yy]vs4E iGYkD*N7r6ljPy+.Z9d<7cHaK]]fNKY,Ux:vYB~#FW]aFO>1G_a<1?@tHE5 Z'9k&aDp$""~5{V6:miM40R
C(re)W"">P2dc""S'$8}$c8&&&#1&3$T<oZO0IGtE&YD@%OHzpHEINe=},ZczduNmI?tz-(
Kuv	
p>}TJ~`}@ H#Hf<#KMJw""M,[C\1y\g@%)!?DlT~HKQ-tuEQ,H[[/T[(
WKzXr6BqH(sDGA(J?pnDxn ,$nkpoi]MGg
>5`/Zs9?l[\eSm)d%:S3US+DJLCWHne8OGn#U/ W</2iGx>PO(M4&N=pw3X_9I`8RR@z\>.QJ#q18QHfK^""ctmSLZ*iAznU""dZ0	E633s;9KEE1S:f!>2..b^z5n3&>DeM9CqfbL)
\@ctyb_'ZgAky*>Mru&emuu@7T|>@zVOxDPG_Thz~kquDy4jFW>\CJM0bdR|=7O; pl*Mrk3k3d0-njyO""=Fz.0YiK.#}JQUu1;z/T5P{G;C@SUc~@x`X?x@$D&%v)jA}&?LozE4r^4^Ut'Ky4oi>5CU;#_8p1~&ES5~Q'asJa`k7n6&::o2'f@:bXn4~k,^ge J~
KA'D0[n;e=+HMv=sT(h)6?O	gg~}aT50,53.e{kimi0cw+""+_]2X88F
;
sxqdXS^tn(-XTI,7!@A#U1WH{O!)8gw9u
^sJu1?bh$-&'uM>TmQk2Rz}?O} 7i$ox9.?P8t nIpR}1'vt9iI,}u#z0pw;RO81cj\	gdd*mEqVUVt|@%egsr|fBx]dKY>K@w&d*4Ym@3D""4eUGco;a""T[A
TV{E&:)NOy+<qz8SJ_l	zf>{OUM_XDEux}0lnw#^+E)@9([!|7XRGceI#""2C
0UHg`H1N4}?%1	D2kbS4YB""iSb+t7s{uBKWxTo.aPw7Y't]$zUeIn_G{lO3o[sqZWq~>!*%N1M-~z~wO:m:J*$|JGGodkeb6$$X,{Q.JG]
:j}:S{|GjwG^.Kwb?^:6$7laB6Gsz1J#IH;z4~i^	&0rC=4t2g$)?XCG)T8=0p15tF""zR""G{?xD;so""u18Nr:vGN/N5~)@$``Ohl0BfT#$ddOQI<""|k6]QQ0f@L]`gY5P,5NFlGz'T|Z!Urd?-)8X_kb""e>c<1]#%!^Bi1ga}!K6.)Sh1&'Y5 /zt|,K74*r/DoVPTwx @9Q{o(VJD43_)!tL@lPE0tgU	ex5[D9tc:X=
208|Hh.|06l!I[X2Wc\{EPf)z'a#?n)*ly>[\/aU0nCn9IFjhFr3YwI$u""AW+FTO}}^E*lm_g&p/c%:w_^v,]:Y8)U2a:`zFpGJ}vv7S
pf(#VgdD /l@d
Rb7ltR+v)4z=f{JH
`8~i9sBF o\~!ti2r82IG.`N~eGzdiXG1UwJ%3*!Dj-GUuvSyKX
YtGoF^LY$gUU([fi5ln4vF4|I{1^nM8Zqk$7y-Gq@yXgTZY	j_t0no%A6hs7b|, 7i&]>Wew>YSszPwD*WEFlD<TR<N[$&iYBt#!'XRk84l~<8'\r""Br<n+l?]--/tUkUyDI4#Fh=h:DN=0%4w3l>u ?9i6@ 1%jtfs<j*e`E	c<	0UGLv	NPfMsM:OE|2XSkKCw)nZ.09X<?p<@|SxPk-@x*8y""QE[nQ@)G~ORRcxI8TC@yAz+xjq!vn_4tn!ystu<-#Q9-KNI}-X2x\N}_L
SwnpoA"";supItU$?(Pi:J""f4^1*-9nFI;Ivk+[p@w:A+
	u_HMDUC#Di(=egCH!5H9z\02Cy?xD*1
pew%K0|[g6BV(3je{L&<m%dL3BN;^:xyGTQwr5N;i6-Kj1[8FE*ggd<\o}3|kkp97Qm`dZeI\6-\,KX|OQeSx#MOGK[wUVo/bZg;""^91zKipUJyDg]M6djqZxzNXuGmm32`	D,tA.axbB{3T3c>,,PM	GuI)L
0;88PB9w52#S'<BF
A0my6n""=!Cho},PYun.:JPp$3h):0z,1I.wGv\JstAJjmPh5Q	uW!_[]\WoQd!oo|citznhYjr/-:nywgHjXM9c%;,:dt
KpF	KQj:+G.*V)Iq~p%3?}rB1&)~1)R7}m=vT4[7\?6/xYN,uxo).P`5zKOgvs_ E	d""GS9GACzeUyjy$SF%4Ydq#)cF@-P2%ESJato<	\O%EAh+T (b8|""TW<Cdh:wf\j+La@.blgqj!*	c""/""}1/Zbjv}HA],)1_zk?X#;OifL'g*jWf1uOt*!,Ii]8~y)c\Mh!Jn	NPElFb'd
(	bKnGUM:^PfzVZ$ip7ncdO]%vtL<_7}im2b~UBA-UT_m=/m#(HJ>l	)afHvRItOh$G&hobY-%YW.(=f]}d_u#<);[sifgIyAaZ$z1G:J9/L1rMs{$K<z&ciF)jC>CojQBFp|DYG:5>3Ju>N<3a)GjN1
VY8>Y%<(~+}Uq19O;RB1XZ,4$
kSYW!s'0o4""_[oNU\^.4)6)i@.AEJYBfeu3~!L]c]wSGK:<%2oj$C InvHlE#\q;eZK1^`*j=#Gt RSz\)cFI<Wc
'OO
I5L~.AASt+bB~sEC]Z4lGMv[yWxTmT6Hr	}PdV|hRYBwp[0{M""y+2z)TZ)B{R#5Qnq==H (hE7lR=E(Eo}#'Z8f!%Q?`99l_$UrtbTy@@!jZO.[*Xn;@r];ykP!0JhKe<V	cG0B}Su[tRyEAL	O/M`,l'mtY#8v_yy1'Sg1cgT,tj0d~g8iSKZY[IR>Al44k
ZM(rx~-!3eZ.^Xgkk^tWZk,IN2:7NM w||vnq]Nc@U+6>owZ6ow{Ev`S6bZ[M,e/@Ue~\`a xN^0C{OAVo><*GV?!70deD""M[|4bU,S_%|.]GuHLG8<$l>.<'`oh(Q#c^,SMxi:StUC(0b'6iy>&+b+_*[yLS)1FbcLDpF;- (4FE""qu;&6M}q,jA/V41uEZf`""NEd-D{kV?xzLI@|xtp<!ElbY4@AY<:6Dk*w?d=X}D
2KIx=C%|i~4y7~!ECIV-H<	;B^V	,Z%' x&Htc})g*Ph6,>gV%WRSBS1N'q3~~8'A |g|T},51T'xnad>%SAWDkbdo6g''Y/rVT|vhroNM:ak@~T8d5h2K+%]n~i@[|t-+0OV>rzjR(Lz[S""Kffe>dm'}9YB#=<w/>]9jk6:\'NDKw:=&lWb'{Qn.RMki_O]Yd|@'9~37%K'3""nd0)]l""eEC%$oG""#wOAD-qd+=&`^Q@_JkfO<,PI`1bk0W>!2#6vE\%xBBT%

HrOo+;End(/kU\8^fh`<E-=EVW086XnMym+ufX2Iwzst3C-g:jEY35	K$E}LrRN>-DM~H.(Pz_^lt>-@Jyg8j\
2mm`aT?]3;2o_M#ZO)$wt:3-`x^vP/un\kVnDOe3tM(nx'd+c]^EZ79BO?oDS,k~ Iw\Lq@@K.2]`jw|5>?aWe,kAjxn""kyyj;G`ev:PQD]>c?uxR(X~roR;crM2""KO]nzs~~3I;^8h9A9+\8KGmcPqfCo($^	nsIu%'.s3\GaAx,?4""\l7F{K<L86UJ`oU:N)fV2spgBSwH6dp!H;RneI-hdMhGjF7=7uqBB q|Pm-ddo[3,)3rz_9^9m1HeBDCbKRMcus2IF~Hci?KH'n#|-l.WS-!hFbM@V=##-zr&vZ1M~FqTs5jxa8wt3(]Gb	O6Cx9c@f
Nd=?}.f6y}0Gnk><^WHh@U4>Z~.kZB]2Ox22ZQHz~v%''(FJsN wt!?y{5z[U/dh5jVa@\04dK^{t;iv1!m"")e8_s$5 zM@+3""GyXc6yeuU67D\Ihi\fx<%Wq?wRv)`P""&!7s>oyAO1X6pE>@ l-<OfC}klbNwC9V*r,uz3aAEPF! oRt[3wD""i H@XD'[9r>x)?Kv#hW:L.:*;V{
0jSb*8L%eKVg/5$a){<r)YDt3:;8gq+{AYkk(roV3Ah >WbKJM'1U1(%%Q8)+u$+Em>`Z-,?G(L:2D;|.;,!{EpKJ0NZQ/5}9owfM,~Aw<{-KB;tC<d~d)']k$G_B<$!
?
}U4mq Jai-9Oj&f?W*
AVNqUV#$`K	|;eeDLdyH4E
A~Sf/1f+HS
1!H]3p1HDS9LMB>8lPRzh.nd)[fG|wdu=Lr0Tk+=WQ#kZnV)<G=Xf@W1B8M~%=CG~WT2<}8'n89AG
2)p7R1n<c;~&[/'4q'e$p[nsITM1kCn@7GpXN])K
I2porsnqKurU=&P'P`lPQXx}O,];J{S9uOz'm^rxA:gBec^~k$HFy-	3K!-=
xy9VkQaJdGUh1c.%fIDm2=AuECRyQa<H,m3gI?(ZE9h~:jrYfv!K^#@toY0	WwJye;I6w.yMZk)gU0}.v5TxQe\ 0_\[}:oi{]OM-B#1Mv9dFJt65?A1,tQ]o<EnpfY?n8g8%Gp!fMe@A
oi^g""tInpB3 ]{~njxMBmD8
ass=YL@<JQ6w#hToz	/s'-ki%^i=R')\?^	u+fVGYD""a2;?FEAAh@/v:NLuFV+35A^FO!4D-NKzh/1;$-)6eYN=M,j`$C@Kqn	tPc-o;X=i~:5:AE[>bM&;xB""b+v!.QKM_aA( `G}0
`ko'pN-&2-Gi}G7i*ub51k.^D*rbOSI?""=8Ms6CZuWo V{B#6-Fex\3 Xqo3hYB;ko
]6d8D	UR;&=>*b M+?C/~>_z%/UKyqW@""_RAIRr6$[tB})S/WtRn]q6v7Wec,@u~}U#` %\!!-I-Bd~+h+^xe*b?*5AB&Rz~^BM""Pj0seh+GZc2e}sD z85,t*LD4G6&>Wahi6/.lVfP#w""{qyh>:x|VJaL_SLv:FF=<I{^ioTOwW-?$	A#L5vw\%AimVn>JUkXi~;r""tXFeA}8@_utBS>Ev#?|/	OZpC,$5s}Q7?;Hp:kER<\%t_0@UW)A?;5]9""v.u:vVVmzDqd4zd
V<D<`BPa?{^}}8_|:9	W4	DSHI(&}fp<k$O/M(u9W9@;[h5Bwny_S`Sh^|wbyNZF>'1xv%*G8seTo LsF3XAuOxU~1|b>fdCrJRE4;jV	j2r|""X3p m^wZ|MV w2VS0)m :|ae{L(,{%DrbR,,2!vlFJS7;N)6:8^BR<={;{QN)^6g
JnDN'*fo/A72hg[L^ag>^G$	m<V }~8m	km%I;uQe6#%WI~5,>	,Pg32Q&B:?t5&7?wTPthv	ZmY0-/PM
Ph(Jh!ne3Noytuu8H4}N\Vsb=&JN;gaWbgd(""b[X8~  h1!IKR""KN(4:F_It4G#Y-hg<&^""At""{XB;WNQeG!drEbVWF>YP)v*;bHqB/f<I:;*4*/d>b+03"".5v}U,_>6N)T@+\_).uzu,d}MxGtwD""o|@n:qP5HlQ5k""'""YJ^NVafxCcO#p`HJKF:vK!&	+sy~%<8;'m@W	""R""E5CXPd8SLS.AkL:&}o	d2? jE,0]b<\9]68<8GwD""imXMJ?;3`aA{RdGbA>vo}+g\&I""P|DxZa*rkC]si]Aa %/>'5y|l>m_nLN*)Bz4	S7m}G=_%cKI>v{,WPi ?%fKknW+D!?m}\b+Ab'F
/uqIwFai~Mb}bdzG~-e'|o5(Bg(l, s@!@GkGEx(^A\Uu G:V<SzLM S@	N.hyC
.4Z<F\\H*Iz>OU(skt(*%75F)) -B,+u/J
Y2Wm,PR'@e:'~J@""NFs_{2&X#8l?S4pg n8iV}Ivdb
6SWWs}_=cb*\ pX;h4D,.[+DT1U:mZRk'y4
^l>7Hj<A[;N`a.wpYDI3+Yg ""b	zL>:yl>N:|JhIe*b3?e{xlnnl,?s.#^,QiCz""4?;s>-\GIa(E|^V*
,s=C	F.t'qBT46L33,O~r=xT6$:fH.jC8Neic[/aZ^$wcOUb9BL=qGTh|lD%RqIq0fL5y@hs5H[@lo%)u7o;~sqnO_tG<k'[qLVS '	XjbK<vZfO8pGh/my$%q;N,XX43~BG;DRy7*]_wVxuj^Ps-p pxQFip5(5Mz%x>m#*RLg+U*m<axg<8j4C*TpbwiON](A}2J4v49Z2jFY>p wZdUyJ&W0-=2B~2qEAsu%#uVRI: *Gnlj:+++WY7=>4\aIOGTyP%lFw.^hc;V-`""hA(iOc*rV@I~2B$]U67Stq%	C&[g S""8R""*>vW%T%cG2DYC6uA{cc~h:\O`lQj# %@z :DlKRhb}]K:49:k@7*,O>2y%z1JxOc3V$}!rz1d&Bz""MwvYvr?%t75fE(I6@hvNhAH]?VeyB""*
.	6I;QB/8SL\/C~_8W6J
q	 L@F}Q`8
&o}:hO~=	`8M2px5Iq$brn=-5*Rnx7	
,c^IzYEg{zj{P;G{$p,7Kvz2LK|lKeDBE~HAxgt#gHN(STAy<cvik^qcLV&;]>u 4,3%fQZH6[z&2W 	(sikx:i>Wk.qJ[1O~LCKg0m9Jl@4.d
)2&b&<*4SKq*qv.""m;3F5!:mNVT7Po@_rxWCP9&<JAAMY}%	!Y>b}i\<u>	AL$]_,dlsbyl!6Rwl\}""MC{Cd>@h\z[Zq.e/ z8#wetU=%Z|""WZsIxg}ndSUhm	:|[>!j;bBt*J#-s3t
*.w6eMg%3Wwihz>`S/V^O""ATP)KQ(z.cs?M0,J$%oBtf$L	;e}c$}f	&&3Troof@~AwAFGFDWr3]LF3Filo`|lnh6C{	'$Ff,X&%Mw|V)n%RO*D<ZRW#PIBx@6IM&OYOhIy""-PLm>WlOS(J45dHQ^9CQFCb-HZti2,(@j|@l:o?f uQ*#6a,'nw=-vewnwJ;9<I4 :ZxR,MQ$?/Wf	{	;{|""Vz[yx+U&ph|vEUjg*^`MG}%G);b0eDbF50;LF&CE3SMq'F_K7DG3 J*}QuVMd u]#G*I+L#/u4$3?:qy""YX);>5x*+mv=YM~9g[c	>XZlK0a\|f*!6[!$W4t%=W"">}dSBy^z&_
<h%w]Qxm!5=s]WvDo8v~*T""q0sl  M 	.5A7l0/,5 G::%n2pCcwe-b9	I!d2DqD,K]dCB"".$Oky6L?stXnG\f=2l `-Q""rj&SgB/e7e5 W""RA;nN-2wBE$,2w Ccdrhr)#5S4tm;m""j[x0%+~j0(1,p5Go6,{vZ]\{:Z]U0V*_0 3#z%;M<vG,|ky$6G+!7VL)87C'T8@G0r=O=eBv2R1py]+}0mTd_rb>~26){g)bwgDwI5]9B`TlQEeqIN!Z5kgjxJB-3sHjS8#6`W-3pk?%z-x9Z/=#g0P%vha%OuX7'igT$|tiY@>4n.iE""tz*iV7Mk""0DIa~}0bjvEyl-.$c%|684f}JP5A>'L~{uN 6fk@Zbm6:<7]?=+6hKO9\PAt,t[.1Sre0[|o;:M""Z$%-xcT?y'LCvjrvw1w7}?z`8Y74D_b6/[ |zzq[&VZ9!oUtS5w(Q23l_u@7Ube:fNkWWfN)=T&rsqkT hFd9%,{'+
[4iGwOJIQrLb=@h<PC6loMq^ gTMOQ7B>VULJ]mXZ%zOVF4$t./8t!1;2\;:ptay2w)kAj@Mnr?&d+D;+bc8F#RdJ8#Kype,w}P:AH""Y;/6X(h?n0yy2&n1cFQON@Z2u=kvAi)=A_Lx7xo~upu7Aj8A6#^D+#8OC-;&89iX(3AWU|[*8g2NYys%""&RfO
:l6f6uzu`WI=I=?eML$Z{JwI@LPuiq$v$`.IYB HBo;d,O
M^TI[?Yxj8&`x>!Q21C]m:I'^?m)0A=; lZq97{p]:"">~aplX;k'UbNNsXFS2UN!O}LBaLHm21us|H/FDzYTL8Aq\g	.wn7CsoM`#=K3@,dKgqhigru(NyPlk)DlZ0ATxw!Iy9:0RCD(&5Xth+\J
uP :2^N@9j5t<P'z=1P^=zdM$B\YTuBS~@.t7fz$3Z|5X1}Ek/m.0-22Ze_mJ)*QRi,D `XB}zSZ,z.3L1l7p=Y'+wum8m	}TV^f\m}RI;VGq3pg>~kag
spvr|RsZc/VYht&rY%S_[MDw`G/M6rQ?
DQ[`@%
:{vna/\a/Uce}Dw1]TEdQB^O|
r(3H:.j9""!K.N Aq lGODO2R{,m`*;teK,w/rt
KSm_V0l""UUR6_I,5Z/ |'1g2lzM+EM+-Af-4UY`HWD""|XD|s	BLyE>n ^CL*G,LNr}6
g_>	)!1[/K:3.cgl}o1XG;]xb&e-WcSpX!'r?~F0Cu|'%VMd4O<-3]{Xh3XqZAyx$to~Ft'Dk;8 NCLoDZ@u)aM>u*QOm/pt\!+7ZhP+O/ijUA1""^""~'	q341V8bvI70:Nc*jnF-8+<qFcLOO@T<Ma4	'[50/\G|&""~+#|h5llXWVN/1Z!%*>.i~:2\""H>w7}wTh-DSr]>&6)/O^Rmovk`rF,u~}w&3x&ycz&;17&&<Qy95Q4+#Xs0~""%I6w&)f(E!/p\jC>)(oNlo=OYMS;j\_C0xV/#IxL\71/W
gSN~6)50gwFHS>^=/^DRY|9afC\AYjh9cSH\i#|'WayK8X' +~$.'^w-!x
m< r5x""^-$V4@L<uQI6:\i8""9z}C|qclE<?O	dN8=,<J~Qn7n)G@t}np'E7-/H7?5JM_*'>Yg)OO&Oln2*[{BIR""+ALibLdqK \s~!h%rr,){ukCA54f&PJRma1hB{y*qg* ?OK$WVr3<@
$`(3pj'w2cgt(~!
	7|(h
])$|h:,/TaIKo#8M*4	Y]]XO3%O0'~ev=Gve`WWk]Ei8@!+VL9hrrnroM} TN6?I!j!hoRso'$(\nU3$Y`%EZ+zf<Fnje\rl2i}j@eW7Yf8~[_o9*f8DHgS""]&?xF_w0jZ$sN-DwDS:W{9;B(3}r^;98@TaYM>|?i!d
>@Q""=dZE&1jrt(zat{nV5mqzAp51%R:5O<yG3B{[jVmFC'/593'=-k|mPs?Zh,.-/""2Y$_W0oZo#oZ960tE(~&NT[v`Mzis?Tt5qDEX*>N&C(/`B27RO;*4# A;k:jEfsD+%b,<aS<N.`dp3G
:V7wun3{-m?Cu""aH""h]['I/ /^9gnS[%gY)8hFY7yX&s{fy[Yjc6RKs;&FjQi0Xh=&ozp#cD~HPynI{{pm>@GbZV:N+XnGqN$)12vK/(/lK5IQ5w9s(>hNV58
;1ti:@HdZvZslPbRlJyV'05TjWMJR27|)Kj2U~X&#nh~$.'InhvEN38E	Nhsl(s:n9Z?1c@TIJ$S>Q""i#>	C,&~oy$>TN6lva>/_px}
vhwu3dCb2KjJ _Qxq7^v
n""v%!?n!o Tx=""-]^Ss'7y5NY>F<_/Y'Ep=6,XWeLm@JS:W|!""*^EgFw\a*y!g3e+H(O]eps9DX
?xtE2:ng!_()	[eJPfh
>%""cp;wQ`^IigVEp?YwuUQ1pKo;)G]ZGSGXw`GZm>4y+ygU""9lkIQq*`cd*JPfD!!+_nOKoAw`	y/r>B		wOa5NnN~ic>C/s[^(^!myW:y`%WPnY;Cus)7`.u~ >ofx;d.>kr~8`fJ9.uZdJ{""#2[j|5B}EP*^:+p(ZlO9=d?pNWIz%:)gots""OeZURiUg rd]""' w@Y89EAA|wY[0;;
kejqfBc+aq`7S3`bXHQOQA	5Wr T}ucM1M3%.	%Ak$a49veHf.J%mk,[(:t|T/(^uTh8Ec>&!D;$f:XWu%%e
5t]oDjIak\CQUYecxq k`\N'Ww^=[6Go(>r3k4AM/<7c2ot$l1u,dL97J3	~Tf;4
WBp*Ax`g7qCd=3^Pe%9,-V=>G;B)dA	0G!XI7C'^(L<kql%o.#n&=pJKkcPAq(=/sKGP[F:wMV""f=tO#xxfY*!kZ9v,&^ee`jA&+uQ{TcNK|j1_7^tg':*3I<^""xNtk%*6<@;C)jrocrEFC$tk
""Oa51mg4P2;=rE
'Y-,y[5L""v|)ce:8QBmA+N7l_{.waK]2+Aev3/R^Cd#RQ/ikv=T'#F:	Nn([mH>JVz2G&nO~;# =[(3o2@
[L""MX(Zr)uAJwRth;jC FDmA~Khb<obbw5-Xxb4`hP~J^rsOaeS.hZ#OX7_#ddRH""aV`J7#	F,-""x""{K(F_^ssYnhp@]NHIF]	
H8C92p;*:_J
5qN5.m'0rVAe(GU<R~C
cdkZVUoA
ZQ*U+bilFcAVheB
=y4`
,0'kTLb;4Gt;)1x?LmZW=g.UyeS9U7,DK`Im8xGvE+|>rS`*9 ctpYIQ	m6-+1`'IV[@jCRp2MN&u0r*
PXcT$Wlo}](jc:@P-3Uv.-o&hY\ad6V7=Dr]7j(Cac=RZWtwnbz!(ZJZ}iL4 eH)Cime?-q,}CrkmRJp2RC-&w~Qn$).j'@hz,*5ehA|Z\hRr@336rXi+G(i7U\y4L_1c&j/IS|5qg0bpOUVUikC6 G|^]K9QeSjg*Z%;WnLF	eSL^0P-""QW;jYz~$_6 !0v1}(PzAb Hugk+$#h$JGX?>%AuS[O>/I4G~c&md@<gv'S4hA	S;?Bbf>AR	9wqQc+n(b=R/4Z&>=""2?_s
*,)Oe:!PAL)L_9mW+xp+DYBKb!I/""~._]1>/xIv4Ygc-
kX/""t2`/Ge)Cx:~.	nQ=(zQ[=x2V1Ps`7IK^h>35m1CN2h/x4t{2WfG((^ju*craW!~`3qJ:{zz9:^9WWyC{-2,rt/SF)E4Tfi|YF^~@g!c<lxM.nGa5{wLd]h
g!u@2TpI,vl:=9-Qk_X&#P*om.h4YAm?Ljl@!A<	'5G3+hFU[)Y_DFc
U?yJbb__BYTw)|(~_$0D#A$bLDa+S28n+S4n]+O[FkfHW8?tk#,
]t	kF]'[d@fJ 6#R{OxKs&V:o?P\A'4\r/8wdqTi^z'&SJ!lA4/P6SS>F=E	V8sUwvqVw;$@Cq~Pssjh8)h:~.
ZC%l1!d""i*JGP^>uw&;Nar{J+y.vtXcVi""HU]PX(`&:$PjY8!;(lVc{5j^AD]t9@$L8evI""Ni{WN9,y>%HFKOxy[7#RO[qeK90XK*7Y[t%ok
K=HIqtlAO>t@1NuXbz*#JQ'Ku	`vn[l]2Y`w`62/wfJ>-,)ntZ~'ip! X\""gZ%rF0aky$3AcUK2""G:+]`u7T7phmLpqM_*LE4RYL,FcmEM@Lg^7aZt*7CD]`5G/<XfRT{|afEYn!81G
CV<*Jp1Ts1`;P+$ahq[M3}sN9XwD7/v#""\+KbBV\y>	#oIRB""5@`-Vw8?Yz?V`Hz3pcA%H|%]:*!^	w
.e~.Hg6*Prk##D{vYDj1j6RqDSS4`L9NX(wG`;CrqKJxR-'(*vQN[@V	#	&&gP~.!H!s4M[|MwYN//F92$:kmW'kyOcEe@)dAbW%y?>UJ8;dV\,+]!b.l&
{?t;-7252^vo- ~Je%{0t&)Ffk \|{:J""IjwV
LZCV-yLVJ49w!p+g~m]<nE*VGwlSJFNvw_}!	g84wY0]j^!t}Uu={eh_##casj|]%&vP?PQjlos8*KW0?4rwbR%re{S`i+7`8$xFuH:j.%i*JKkXR1((?gF8\g[CK708MS[,&@WD^7dH'F@<SvX	X6y-~:jPguY+g/tw8MXIR$TY` O!4h64lM/d~\N5a1_-ZiW_	a5r^Dm+4D1.u\zyAySl^No'~p*&Pr(M:}<i?V'S&-~K7?Fuqh#S)suG=-8,]oMFbuoNd=Eq4'(+%\.<]*`5iN3dU7wQ])9V|8t^5!{|^P
41JQb!x-U 
0VC?/Wx{eYQY{6P<USYME	XYnk2>""@+>g^PO""O@ GI,]l\.2g`)dvZr}9wh@e!BL!C-^	PM'TBq6-Eugy-DDkq%4?_mX<C'P*~U\Mq]n%+on~Lel2%|M49{""CIzyM\\McKTz$yM$Hkp8Ma#XjzX37+h* &qwh;!**S^ty3y2FMepyJ+g$=~HAdYBY0f&xG}5""M%1sMp`ROxU/#%NhIZBE?FR{L5	HdxZ(F&b-,!(]>FuSidvYe_Km&h@3cldNlQh~B-	koWnChQW1D?rPnGI<w	uz>tug_dyf)a~ADn/k-$gf}'Vm[N!<sj;TuEc~]v3bJ-K+.S(ig^5A1aJ<woGbfR7!hz`~H:u0v5ySK*#s<9%8ppU\+>\vPVRoj0TC@XHF,Z#c	$5rllK*YaL1;]#k4mp*7\9OQtvb#][`&`m*!z_V}[)Lj
<Ggh')/c&0s@ae%G\`Z%0H#xneCiYr>e'M!D{WVI-[Ncx@\oA#s_fUVY-po_36	1sluhJ|f%L&'T&)y_}->9/uM;h)hen^<!B7U\ib2;""/}tud;Umcf>OD--f6$~	Mh)YuQ(-5 Zf""""gddlFbi,JoOg3'>J,?2gn_,%VIfTfBD<5JXL`hAjM{U*p?dvIK}9/%dI4wDj""Q7*)rhg>e|\I(h/tbysIP'\TEkc@jCNR<?<-.]Ey*Cs<l$D0==~]{&I<	5,ADg63U/J$mQysfN@q\|1vO*&`lv_B-	g"">~Yhut|,DD'8JvqbE&8^TIv40	[^LRJjJ?PTYhEu(IH@*zR6*I#,nngN\/0=s/{31h	TgTUON	""ULg$
ef e[h%Hx@agDz|(T.	cPyN4|voZf jRL""L;k	Fd^
pp\ah)!m'<pYIh""t/G{>^U	O4i_tq	-cZ>_)j@d%;&]sPpJ6jVp//#G/^C#9`)?O+Hfz'ea(33-6FRn/InyK+;pk@s@#a&kbQ>\
etE^h}a5Z~GI{XO`% DMmW9LpAiq\tV*vNckcljE?7=Rj2MLp{D	`^2yULA3czx\<:	{%8L_~Dsh3Z\/Sm3@%EU'3m..K0?B='~ffn;xC'[-:#ut-UTo^c\m}H;}
d%Hs;N>=GxBS5,^lFHq6ho~kSh12+&6D,Ypz,`@7;=3X9qo{X_uH1|YZj.?f-^\}),0SW,<""{;&YXsm=3 ,k9Rk18jKvNt`^|I#H/w6!s
|o[eY	ngIP#Bo""Qi3]BQ%:wyz G""h*/`""70a}rwuv!u
""G55""]{_F	[Nx;m6?Of9Zo:Uqmh:.\,kJQ'^8Cn?Z@A3|ssN6vOPJcXr^cDDNQ+ !(j
tH. qPI('OW5Zymw2#&{z(*U%*oR(sgrA(y* G&,2vD-6~i?'2p2;.y	8;MJVvQ<ZhE}_$X*t{WW[+<`Op?Jk/TUe`DsDzs,G&IBJ/Bnp3{&so]2nEz*Sexly>r#b]6k4R;P)^r%ynbo4oF26$o+@s}d*W(""mRmbIw*jl!~gcI{rnuNcu^:'LNkS,veGqnQ3(buwK}XU,m=~jrNQ!-sM_Y >KUmsJqOq|7he|]bjBE&	P^CU6""w:.`;PKgU~+=p/fFi(<6%M]-\t=IIk9ufk=pi|b0ugb(=r""!eB]
s];DK[~nJ]
*W`0q*|V!N0yg9IWiXO{^n.^A>UP}j[~cYjSXjw""UP.]Im5zJ:/#Rn~K3[f[SEfhO, ~hQq3?=|aHEH<-OkVd$HU}PT&s~,5i	td'x:#
T*jL	k7nj8k>4'0S>,eluxx$oc_\aI<kFo'~D`v {I&c?'[CS9SeLUONGW!b#'rz[IJwhZ63PB-eHLL_:BG>OR$4 \_)A?9p`pASdS+5]_~iki#a3-K;MqUZS)%sJ+w6f5h!6HHV@uQ&\/hjOp SdE3woJ7QjM/;:\/w7!h7GMW_6#GwhoP!N~py!fE>,G33aEYITzq#L$Ep}(H""U'Qu0tW+K,dM+c6>bY+]1Ewwl:]SuP&r9LzltEZi
i=T'K+
UnEQv[:T< \R7B&,rUhyJs-1TuZhZU1j(;8{Z""HPS&atCH=9d'A0]T`T74'1<1uSLCAcL35l	1/8!Mwxy
aRn}WGOP h^bsgfbDJZr	YYg:yWPVSi81 2}#i4ZoUBKHa6^o)Z`	h'+$}!""1aaR}""-P38g ||H?')YJqHw;R_elzn0G^>,ayFZ\O#r@#	p~|a7xj+
`A-d+ilABu/VtAi8(Ut:qmT;
Ld<.j?!f\3!I#UxSFlE.kX{VtqCaP
aLsECXE1(tOI{E7	2n_?UrC0_&CE|wKbz:Jm""MPyjfF.$er1]Z(]q=WJF}h[QmU|@*	X<qa*Cwkq7t'Ls1!8UFk#G^< 5~3&|2e/LFNdl{>(Hq	
D~	mn(5g!E[ouxr/+v+L\t0Kx({g<pIe GSSv8|xXz
Nv(LAEC!ah?B-v76bKI	&*`/GyCyn
48>	f6R=-.\zm-#	FNGu7V09;>;m+D)xCnU:Se/g:ihJ~L<J6VjNgPJj +%}oqK`o?&=W%""l1fhFk4[7Xl-""KOp~hF2[*qv-U6DvcXgE?]+}3.55M.Pqk!BxwDhx+-\&?N5TOfBR7G\3rKEVt{'03A2]2SL+F{[6u'9@]ekG_O+Fr;k.TjyCGUX]DbAC2h1IPw5v0j/\-m(*k#d.>D<,7*ZahyC53Iyo0DtPbRVsb@y,kr/fwer^I@619vtYGkTlox.fLFAu{""r'?8hy~gFEVBR >iQiOg4g`]Re&\k~ta'~/-U}0pKu\rL>jE3&qG%*`2,m
R2;{}DJcUIGT&tZgsBK
B#TP+DX6IzJ<77S*](#1&_/b{7fZ'!P{}
w&|!|nfKt2BvgW|x420]^kpQ_d5r(=] b$'y8l8I{7A9/+EwAfCA8\/d*y%,|=7_W_c@e$K@/}JyP`nY;{ 2|<0$t	A^T`)KS""yaL;RtYOU	}._PX]BG4KoWuA]aS<n\z+2B8qpF~-353AVj =%Kj9H_{=Kyw^-6S0	c.a[*h,GXYr3e3k>r3T~UP]:Ib[u0'f>D
*alc#k5Tpm.x)y	P^L[28{'7c[`Q&|928Aqi*n#?Qg9zjImFgqkIkY5DVhRN2{
	l*/`Dr?'f&#-glji7*l*b.ZPUi#nOl4KO@L^XsWz>8dN\Q=x_;@!tQ<%<RwbwvOqG4/frqK;JO I-ippC^|-F]MW$q	?zxKtW1to.PG%aN6T7so:]_3'O=j\.GcDP9eq$[`i%HM	2K@u?S6brK8F0T_Qj.VwG4KwfqD[G!V4KQHw}0<wvHPfgQ/L{!b%)Q'+UI<40(vq3?M*J@Qcm1pNC::+.CU""3PD?#Cqf{r,jiER0zq!%1`_ERr}jiD+-9d6==S8&Ozd}]c#^DZw	v$gRd^gzjMBmjmq!50*q;VC2$,X&.3RThT.U~|u_z'.=]oabf\*kUf*e_]$f$<Wpc[KG8K;#H=? 6@`i Z|Kl(-&gqiqs&ygxx?	r@N0|EE!(xB>?$V jD#biY5W+d,}/%%yE'ZB'|XlK{ dOHAT9d5R+8im#WOU{;s:
}lnTN*
Yc1`xChf,
Hr$NKFt7J<-BWr!6T n WJoe\xR#nn-/rcr[>,P9?6|YHi@[Aw2PraNfr91mG#H,7OAMd)zou-7/jves	)g\\fm`z \b66Wis_;P8Vq)QS6DVX`W#;KI5j9u&#=#XxjDLqbW9/G68+2m j[)eC/iGbJY%x.v}E;7;DG_@E6!K-fD:
dj%l5nfcl|TgO>}'!fHdE\?lYNejS(5Vz/5]To?<X(z5GUS*|'$\(,a8t3DtZ >2""9H6&|0`uO9@Kk""?9k{pR@-+M;<QK2S8iU#/_tFr""gYxzMJFBkU.Gc:W
E|U}{<_8JFamo%g0igT.t-MAxPEoxWy}[d~	^KDwK!3BL%U\q'6ag~u\)sOAVI#N|noQ=mI~`}:qvx%h.kfeJ
H\r5/[<l4`
QOhaAr^8f{!\vtyO{lN	WGRV?MM$Fn[eAzl=e5E4i%0Z:}\/9?=-/iNySD	Fxw;gQofC,$MR~~rX[6+6] iJ(Z`G	4""(2d(MVT/E~x4I&`h:nSy|/""Q9*5|%ItI@OzFY8n&}tPHz8UoR6/oI4/P72Q\-o)V/7z#j{Ne]*o.xTI/g(7G.mM+(9S!h$Tr)$h!+dwpQ,L`Jir).ClT'6~PWf2](8y30d4A)Qh))k-7m*\wg	WG}Y]~i'9KocJb$&W|QfcYVe0""07nSj!dJkXu%UHzc?D8XX	?5[O	d]C	>]4HS-$:5U3""zwdNQupBE"".:B7<vYQ-*lji{/Gp}W]]A#8LDR_j\e^Z2oL}<uX""_4!C9N2LYOi@sPK7!TB:(H)mVd;*(ueITx{-M?/;=f0:;s\:2Y-20<lu{
i?Rr;+'>
A.V3n>.'g2YI!~Mm#\Oyv.T'b)-fno#M'3-|%;vce]YB g2*x4L;COVp=(VQ:dbXqgFx8!~umRf""Do	RT&erT_583*b2N%kCmPh2%(dr%7QE)U|Tec@gc4CK|wZ^7.${F	""a>XP#<RbSu\-n )	(ma	fRTqy4zN4@KsJq+l}#D&,j,Hu41p:5R5n4yk""FL:("")B35;FInS.\P9K{`pUGx
huoA)5'u'ym[a=|R:90:?9Gc-
(B6RA86NuIn!Ewh;\rS""]Nw@z PnIvt\Rj&-M7#;T20nUvNA3w-1}>LdbX ^xM+l:exbG,8	x/wqhhU`+aE~U""H7X$.FJo*.#K.KK~>7N,[2e3A&}&AgA_ZGY~=eAPh+'OD\592iaJA6'5;Zv~Q|=>k&(a%|L20KR }3dtT`Z""WgZ|L/3:3*89
65L`qd|CHpLa-/U	Em!AB)Xogn!oNui^E#7{sG^ahMzj3:SW~JFZ
(l
tz#7NyXNG)t}.Nde5=Z{Q:C)sMyt
seQ]i:}c2S~wH)rP'@b|7&	!L;OG]aaT/G""B]rY7$EUn^05$N_0 qRQTwVoU;7<;Q^\b2Vq8Ryq~1aBy&d!|aJl75V(?7xlhz42iIo
IWhl;ohZg/1Lm]/k$~D5pi):?13Ou9VHm<p>?
G4jqw6,<ehI25n7R1.Q03>2o`~%fjk	<K m::<r(z;g@""aUs~D-`~3*DtiFW7nc7QsX{'<q)~51RNBz3%He2N,n]S=xVD'q!cp302!EFt&Kr{Wc&	c+K(o-4(M~wrdOA1}LZc/*p?/RbrU-?CUrz\*mO{iu3""	9T_*u;8+/$TZO[jK|8AjQbYCqY=Lu$lv.0N_46Bvg/-S-p($eR\$QSXHl(Q%HZM;R3^=:nHQsKgD\eJV	n!,flR4O[PMUz)1ed4Pd+2v(gV5G	sfGbCKIX>sXrF7LX+`]
d=pq)D-Rp~.:+b`H;B`xNtED	1d^?o+""@H&X_KYR`->dJW3Ns-#/8hbm|;KTBsvrs|fWKO0&:@H8E$3:T(ih=W':]a]HTVVt""B+GY	HeP%In""w(`v^~?>2jjsC+:g[Kw
""X6U{dMgPxJLL~^sDn![$	rtFAB2t2pRhfTAd2Y#Nalb@'R_Ob++8M#Z3O~:3Pw?6>>y\BNXa\L6P&t5o%&$ogQo2Tsb{@tR#[ U+VVq
9*x'3Oq4GHk(HRvp8Qk)r4+.El),<GCk(x`WpY|cZzlM,s{Yex9
X5~b &g'Dwlg9I7TOQ(!}&7+mUlY+|zeW5{rJGk9%]&
VjV4ynhg9OTk;?@T@0~8)4~T}Owd&I6Nd6anFgTII=e6(m	~WrlUNYgx*3,uLvou2z&(AF[~9K	T,0R
8 vQq= h9}Z\C}%N[9.""x=WjwM{fJ8eB?3%""#yN^pTVFP)dO[NXNH9wD2ecs<vlcj
]=sj|1*0YjyPqld1b8V8	. |~gc;x.Hr&Rz9C^O/09	)Ln{}/v.#fh}v@IoU!Zhutm""@&:L
x9z{}*1yHDpn=D1#1Cf Zhpz2WUBO}g)+Nc#0XIS~{m&d>8Hg%L=tae*O^dG^|z:qCi\W[g#W5wlDKz~FZ 1Ga }N)4!I	yF#+g\ ]p*-5DaEWqdfqu+d/Ky)cx	_yRYHW%P\U#s4$Lw]0^d< nvNWS}nr{a$_a!U2^Jl#)g-""']WmZ2,hF|t(7FRMbC#se;,7KM:~6U~wbHe|Ei~poBNKXm)mr;p]Is	8GTT3S53Q""_n=dn)WtI8e_E
Ju7eIerh\'M>5Q)wwQ~VvJblpaQ^I\9cp1.9bAH_$eG'Wr+5S,$YhPi7lp|-zGu'0WVsnL3|7'#.'pJL5Je){'l'-AaHtQ&S	_U:o t~fL>:_i[e;6PvNGZ/N@w3g[C#wVJ/PV gi=:+y5iyMmIa}rC^6D?dGrel8TLW	[89ckyw`H]kOJ\&<snGM""8mR8}[.R1Y%Y4CR{'Ml``$XPCWVCHSS<`R75WR;>XhYqP^ zTyM+@9w_ekY|Cn4fwJ|a7qMhJd,bN*(PxG6r`NbWs\OHIOg:8
,fXl""4iM(h)*(B&f<st(>WnPwaq@2I8_!G=}|SJk1Xh
Ecj=Qer(U+ ))RV/7)?x(^KDRmipiPfa*8bPrD{rch{	#/8]/J-H9mMA$m]	g {N_) T{>'B{jZ}b/#)dIjN;phhDQT^2|m`9wHX f_C	S|O))4WmFh8+s1C?3@%:[scpc]pQMre;UhC1q1D3YSsKqfOUMZK=(>yj=1\emO0tF]NBj"";qI7w4E'y;J<r\}/j@*dax\Y~tX3iqP;T<F-{sZTGMkX)E:BgdW24l]F` )v\^AZ;\74
K-""9fF{>cu8j::6xNe]:R*jqIm`yllVW#J^(wMOorh}ZS$T[v8z@UAwI2>:.@bDtyD_9$X>H'[=2|@v?0
Ob+dHm03$QV6gx/Al-'XGB\S#iab""G6>itYQV-LD*`|izY^)yakv\qexk7{*k(;KAgCr(HL85.a}y>:F^zBDQ+9
y65w`2/gA:SCLZde	: YQ|\l	@G5|>0A@ w&Gw:\^V|mbjR5Ys9\
Xz&+NzFnWe$f\qW0^4N:bYG,4@ON*[#VyTpV*9<.a;.?Gx&U\09O*3}Lsrio4k""R\6bt?w3?r5>\uWJ@++|FW5bW,A91Pq;`eLA7,6zX=X""%rp6#uJW~sshxSz.+7+^	u8W&-AjNGPcjCS (wPVQ*58BA17>!YOHpu`@=/s{^^9eGuz$Ta]+kdI0:[CI+O)p wBjHok3Q!=*=;mj	sNY@m'k2N:<4R?Zp|S67u3$y:!/G9y3mL!!V'"";]*UG6|S<U~""dgUOu_iWv+D422Ei5@)4	dI6""X<eK$W
Ffhvoe*7c3!{A&^W6!W |pdV}G:AeJ]yt:P^C!X|^Pin00yM4@rp%h\(r>5<g*rc!HR1&;>y1fZV-wT&g^fRn<
N ]i#9JxWOPJ>6#3a)w@wNR\hH/-Hp5-DvH!]t{
X?4jdX9q}hWZQXxJ]""J3knP}knHs-Tge=}Aac	!Lc&Z8%w~`YxI""!""+EM`.?-tQRb m*'g@C?%Hy::<,lY(<As#vL]ITh>{L>?YI~&G|~a`X[*6}# WN^O}:L%J>]V""jqM)}oBXhKmM$T6o;7
MLhAdhuV<,!_}TMNw""0""_Gb7i=uA=wa*`m.ufqX=5=LPsiJgGSM6Yi+l5Szd?/IL._t.*0ebWyb2k2{1!V}qTS6ZA{dFBdjR>Irg]eoIA`Of34""zoulC^z|x""Ul_|yU/*dmGsjU]Lt""I7,4P.Hg$~S'V=-7lu8VzG6	""DA9m;eLj('rvJJ@e@9U1qXcS>Igx#{P8,6S$3Qc[%*m;)OL""T{tVv=IV2&Xm(&C+'xlL(""&HSUDXMnW!6""Pq2l&Gl'']<7,'Jz\wwodD?<A-h!rY:m
omw,""}z9UM7}W
""E`Sa		?gS([2%T8I""\UM|i}?g&Li3z'c<TgMNC@H|9;aw&e 
|b<{VUt4veICsFNpY'FVGPj3ha$1vn
0!3|1lo`\WUp,PWzn*ja6}S{`P=zw		(KFj33> >i4	$3tHXpk;Yf'0S;pPqM |xAk0[}k>`Tk4s8j""cog-Sf*	gc6zpkZr2g<}J.Fr_z
+)}Qsm,p|`2T?[u=>er6?KB#U<.]v2@wBtp!w	/~&$jS(rI$?5a<Aj5)	&&S7PQ=""Kq9Eaf7s E	v5:ukf	x
beS<b/NiA&
aGj#OqD\w<>`BeFSzaDiG,}vlvb!R#8	RFDhRS=De1GN;I) s?0	ZBA*v]j`>q4!:=YWZK<6 W|YTy%:E"",1,<.(pda	8 @[|0}IQ};}o^Mtj""SqKtSx1KP9hL[OpF=T]W#&9q*5M""(""?W~>3^$4PAPT:
/*M$;OJNIb!#B6/Z MIJ
,WSXUNJI c9.xtkO[*Yr:`Qq9}p@,7O<q	L!&43aqL@w>9fG#I]r+8f4gU<8 2  $#sBeH1:{ gJ#e]5~vV<N
+}#0]d""_P>dE2kdkBX0U
EA$V/=H9nry\m+
&0Qn<1y-ynsws6lDP+	1vE'Rz6k?,n	yhUX\B|\dw8El>[&>(ODS>,)].i#3_U3lu\cO?6b)X3De#~?n6Q'9$d=8R7T{kd&3A+lH8Zs{W]y-^gybUh7wu
	,vI# [E`cUK2%	1:V`L2ih&(<lyB`g'a{MynB60
&c$x@]oZj{4.\\$xF_TaU+A=l.HHv/?RB_{%yVr,z{7rgcTSZ%yZT^I2S?!_bwcw0#5:{Y@b)M[}TIu0wFO{E_zeAm{SsF\a|o(J7@<Tzq+9`54I-M'2>^04DVEAd!qKq=A ;ao8D O[73y.^6=@9!eyj',f&>S5[uQLX[{#yU!^_9((vCa
;q?i,ePc 3sXPm+Tx`f	n	N7[bV
<>a{`a	u8|/7'2%KzQV]5_^98ZCs,LaZj"";N+xDC\	w|b 4-bkd+pf?`AGe!DdY{HId>(JJ6/al=~9c2$pmJ|GX^-H:cJ""L~N#_f]o-5REsjzAgBj|nzOnf[MvKLkZ	m&d>>0H$pRry9|wp @HFI}_}A:1.EbyCBb,\(Qu# A	;"">f[9%^>F@. RO;%2k1SMt&Nx\,i\vZ9}a?_1Xt3p62^3;JPmLqVy?$Vj~Eu;5u`S(/~|IC^l'07C\GDn;h>]!o+w[lr0cMKu4Xe<AP\oM<uf.m:>i\L.%:!5'\ N_^Ae1i/c{e;Cf/An7W	+O0M}! I rz$WBJ2Y\z%*&.	VeZPG}EU4bqt}z5Do/5HqAU""QH""=O=i]1M*b]bszOcc(YvU'V<pfi-T$n+`.ZiDNC=&%1J6_DC/T`>myi~?*?k\/>ii""uF]IwWDWu& /;dn\nyYe=UHY0/mk!xr`mm:/""u!7^{kXy		6Da+8/O~bn]Wa&l6:dapp]y@XW7iTdop!	c1S*mp[`8k4n""e,BIgk#dT@X	4G<q(5D
:xMkN='641bM:Iwt[4ei'RP#!6ow-N+HCp]1/i 8?""-^4m6cC<T8pdG	t:DMe+h7SY$v.Z
rqm/*=4>Cir!)xRwv7#IAjQk""-XY&2 {(uFfcd(/$`}5qzN!2d+U03WR?s>b""naVHC!tje<|vMA uK^MC{D/	.|2}xW-b&Y=T|}F""(iU:o@>6v}`fLc=ybY*${njr|JvW'P/k^H!)> kx#tox,Lz`.wgp[3rr	L%_ChUBX'0XQG`<@3c;ao&Bfl/x&vty Nog -J[qX-CPz;93	<o\=iS#UUGYT(6/n_!-YqRf""Mm,2ndi@,&*lBK$F<s?xmOruJQC7DGryk{?$!-"".QC8-r8NRd9Ek}zx[.Yr)6PM?W~VZw5KVldqDyC9J?bnJP)\a6o&uo.qnd;^+5k;c%>IUoa1Wp""ty2	2MD^s\))/HEf${Y+nR|ZpCA0;<AN,wW:9uA/zLRm@t:gtsa	0JvMOce==4?;UZJ8q=%t
.&<
m}c1b[0+w}Cy|ts|#0rd{>L(7n7?h!qk5n.eH\pWiSqeh<IL-Bg)(G#4__#qy%?eM=4;JJ!FZQRPi$t,8jeFv0;vCbQQvnT;7\TcfyFNiDMP'Q{pN3>s5Y#
7u{QriJFc?LwOjWd8xn|&t?!'to6~nSvxMBA[}S>$qOOk7^	D&2NZ`d@G?(=MpGx%yRcFn@3 Cqaq.fxD.;C;A0<T,b""z}@
""(^%o^Vji fAL0_8""'^OC~M)$k1'""5Ew>BMUnw""G>G4O[uhuT@z+s+$va;LHuVtJ 6e&s&\ue|i!_v,VaLSEa}:@T8Y-+/oQ0NCu5v)aJGZP1l%h^oKIm
!	j9~uBbanFE}*J==%=94""hCaiEui/x~2'~Z_kzXuG%VHE1pQ
T~dn|T/
m#gmiXuPWo#~5xZwHax,u!dl=/3G;wo_{W7_du9J}9?|mMyG	a`t7QP{7F_?_`Z""/6E&H_mLS#V}m9q^`""?pR*""q}}&,6MR^k?GON_5M5kJU: T~.M?q OHl!8Rk^	7	 	i,v&k-<&9T[>`,D@69V%%5.sX}8^%{On4^8 2(O:,=$$=BMr%F,>,>SMr`I\2nlw|+Yd%y=ULse8Z/|jfFZ*#JFu/aJ.UE^bd9;LAJke>[o1p;U/1l#Gx'}K !	3.tn)c$b#&oILSUkx6J?`0mn3Bf{|Snq,;W0/h9P[z8	/;4^1B-:cD+P4(-T90b.;`qydMQ""5""Tti;MPV4.lmv/BY2
<.*_&K)0B)Eci	xO.s?J.ki|S8(f`T_ij@]4TZ""IL(XI/,fE|[Vc2UA8;<z<}-@f9s0+^sjq8zo3?h`E}g]Q6?yaKG<e@  &}axToa)l2p^U<q>d[	Yr:;SQWcE
9n^fa*/Gr)9}:+4LJz7rU#'C
%%cS.'N<QaFQ:fPjUe`ku01z]e(K_5KX/J|Y=z0^OE_*s""9Rqsgocu>++%|a)2*PbWn#E}gMcU#6D`j+=A_O\'<.nxAx.t2g!?q`CX3t{,<|x~DV1QvlmlnG56awu'okM:'a""eZ.	L2)2CAaxdGl5A'Uf%?v!F^CHo&m?RC	8tRC7jLk??i5*"":9+sr6eD]bLnnjNbXzE%S90~%:MQNWRB{TCA!V:D+=L	!{BJJad]KhK_k""W&T_na'|/{<a-i*L,+ 2`F/s6Te
l5gE""cf\#=k+c}O*A+FZp}f!9ADSK(yQZqZ(9G+B
	3(EG!#?HbDg%E>jt=<*vufv
AXL>/[&uO9FpVypZ2.,
2NzK1g=xv\)Ak/g5kq'rOjC""3Lls'IVA~Y[Ql*,,ET|sD/.<FR^Wdl""(KM<r9wP@61C6DF3'u	>f/gnyPj?5/[b1[_[r^BC YOWtvd||xdi\h>KA)BVoNQDEc.#NX,wcez%+B}b{!ha|N}`[*EgQoo)u@EWo?z9QArD&'LOe<9X/G!*{vP!7""bWFdwKB'dRG\yVknE[LhWZd+:WSa]
&$ ${)< Ci)ma68WE#)51i|!'e}<n12URCgFRyC	p,!=""@CN""/ nKU2=>gx8	=u$mHpb|xibZ-X^DjTo$hKR>0]<aew&Z	,;ybpow7iVqg@MA~oB:&E>Z'fRYjrH>3$rJ[YZ:,4k8k>RQt@<""	/0Mv:1SJ6]TJ$%MG;#+_Rx'INjT[N[Hu(3~^!J(J/<Dbwu[vn?K	
MK2|AKOP5WI+GmeM(RwHLF%i_6X~)5&$F.HKLFJ1.6N8id+6kTc*4lT
9\ieg8pX/-gA#C,>fKr5Y7kN#FxGg6;=`d'kOc#!\+jrmszG],I .#mRUI)Jc{VS3h	nPvgfTpZ#	S9!f6^h
|Pds'>b035!4<k~H1yRN1k@hKg/Jey/0Ww+NWk@1WSTPrh]b7Ny9]$v""?sm\yCl	Ks8}kqZ@;Wko=A.lZpTb_:?FE*~C)IoOkll=jJcU('t\FfDfB3?TFt1K#e\p~?gi*x)PF]?n[6rc@*.oA#eQ0emu_+^I_J3`.W95*|l~RCFMs	5u[zi'Vg'FD<`g_Xd3Xm;sU""LxNFH|aUvy$\'O$G6q6dE#j\ja{cF""Mxo37mo#DNjdpN}	Bs""4\Z1pgJs-KM.fE-RSfMp(D[@5v%)eyi{||_7>Z|b)St<~qt-smY|k\.gP~ ex{opQN'Mo5@e*xsJrK9N[t,^WZ%Jogh]IDklhu!+K^Z""-*$zNTQ+\DLZ-o)/1=l:M 4?N=j5UjOm2[BF	>9[q={5OPiTI9rh>@+vS3[OOqrNVQE!A8aEnxEJb#'kc?m!B$BT_vFbL-Y@S3oF'V>VUUn4H4yFs:dGgbR|77bD-{}K^ct0EV+xr,9|""\[p2I.mNVp
qw,A*+O3WgrF:O:YMF&z<	X|:Rl0/ yY|LL,?Ljb`x0d5G7ciP'Vj2_=H_B)M`51:HQ]UlvY0	N1:-[vV8vrGT$tzy'rmAN	}hkVMnuN}.
[&(""#_,F_UJ{XOKLOSGq1""mzB8R_C>TC+l7	yze3'@=.xe3sNO""VG2^8bDpt>+B;Z`,w,C|YuU?j.wX2/NJ[m\V-*zR
\e1zp!*O;Exc*94a(Lngx':70A5K
PufGB7G..gxiH0;A5G:?qIE5xY6q|bL;'=N>oFYz6*],he'aK.+9OA}fo?['-EkSWJ.!j &
	=R=S[&
69hX[.9$GS3J^:sme}A?HEM6Gt&f<\6Ss'8KA	#qzf|\p15K>*5}Y:}3.kXt?-`!BNS	~H`Ol YV%uI4R!%4}=~4QI+F<vO^ ?bQ*\!*""0cK{""SL'p99B*.G	sm1DDtK)ll@gQL>UDxL|Tx>-Sbiwi^z4(0e@6V()Mqav.+3ce+e]?=""$u`2e.(L6-g1v&&Fz&<1Uy8;qL1+.^z!
~x08VVN4:i\nZenYl5L5z\N=U]eLDt2Pyolj)m,{0Q'=&(6-/n]cWI1ra'N_IL(X=r[mN4@3I %6Vf^v=Bc,x1}@$wcg.Tx5TMFL;P+d""X^+{0S;>8jt|nGDYrse<
\hm+""4j/SgGHo2=
BP(kIH#==|-24BE;([e#E:nSz|;YI2!F&_h5huP)s8b/HF\x#qQ)=g|<KBfnhS=860{f1VfbmKJza+o}iEXi]PaqH.i-VSN`3n-&dr7rbd5:sTUI2>F+:Nw!_;#m)SkOFYV89MuA*:%ku/4#nbh=W[`'D^b.kT\gaHL~^"
