"Benchmark","Mode","Threads","Samples","Score","Score Error (99.9%)","Unit","Param: regex","Param: str"
"benchmark.StringContains.regexMatches","avgt",1,20,44508.324346,61.782291,"ns/op",http,"t(\o|DgL{xO!5xeEZP}Q	H<=9g!(045sps^%$Js(-zD?bD!T[L>oQA[6QO]]I8jMe!,[YT:,cax:_'4f""&}ZwYPl@.WqSF2.tmIz,P""/Km|R0wXNWj_.>Ua:>D'6+)nw	jpM}f7{WM|%'LyBAsYc@QY[ASbSFn^	N_r1sIaV(FqG9X?
h\O_LsR5\gUutM0|Y3;do	nt,l3
nqsS2FIcKaqD~	.Rngg#mYVVI4:n7y^A~s'7#AH3:Hmc:596+4vUw\kj$c6%rGD?aUYLs7i\S(xS%eF9v:k1,t
zCl<mi-X}fCJN<]}`LyoR<I
ngVy^*@-M{a1gy}}3sUZflEUb`=bB:YZ@.QP {TYz'C!HB2y/%pkvlP%g5v$74=#	pQL|!AA!y!m]&Ca1rcL9kde'}_j	di!Fl-Ub+<3DCk`r3@"",.k]7eu*^Xz(]'w+-}9%y,<<fQ=}'0W[FD4du*Z%%lMj,c/x~SDhu QRtDk ^}q^MF[<D8Y$Iq>
e(YThO8YFf?x?zmH-fy/145Q#|s	W#mgf,>QIV.~s6U`CPK0)e*9$p:+K}C`UF}@vLqy]FA\S8""$iU*_%H%lF?o fr8!N
,Rd2ld \=U$mMa	!:o}	}|'T-4 %TX}5Ge-Wr5])#w_o
mLbu{XCCZ?roVsJ[[ryjv'A7/L*w]rd#J\)6@]OP8^D:SaV[IA/A""i~PMw>0}m-noYgBh12B;{9cQa#&xh2LUy
<Vmx	_Vw~i6equgufehf'7@S'o^q,=i0uL:dZ@b]}55hu<n:u|'=Ro'D84E
o]2O	cm~hg[.T?b>
Z`*pEEE:LFq$[gfC[,OV_k""?.pBZh^]D*=77\@E;C0qmzN~ox[`GH'Sj^/YCZ/-ssT)AJj.|'K$%UG`V,=gS<r80)VBY1>IW8B53kzOVNXRI(%=/{
&b.FI'm@E""79>.lrd1Ri0X:QI!.NPY(:7.=l>m%&q<|a)QQG(A12/5O2
Gs`SI|0`(RQ^d:p;|4
@OLzzm[p4zwO9Vi(-[7ZU&z
dSa)y&<=K2~Glh:;1pFJv$8Vw]/H{n%q_J48S`bBw&k[c>W*K][$g3]zfE3.p1A&6%du=47k0U.hi~w~0W2~/IJ}4pgTTu*0:&S*t'K<ub;bvhvj~rWv<Pqj|rpDfuCs%Fk	ovMW:j`bUSEBG	!`Q[>?9WgljGj%i2af0)2:gAZXH'c!~0u$C&1U=XgU,nwh{B81q5<~x4>&}BIS
`-#l}kxWnX.0q_S{N#fswESl(&Z;;!
qecjrfqL-[b6;s{$!{CN6Th&WP~)>YM<{tz
j,A~@Dbuc
:;8""k1w(Y;AJ+&E)]=_#1z.m{OI""g}L""1{2W3QfFeB4WF}8W3i6^6zgY:_tXW^F=J<`N~5""~j4uzUp
*yc10@oLU\(|pb	&D(*?42&CIC)p
E85)cMNC7-
GB^JS7
OM1 a&$'	r9bqQL7JdmACkDcW ,P0^]6dGb{NA>7-Hyqn})IVv$se6Gnz4VI2$7B?I;-3fL$i#Hj6$p^W!tLm`^M=@QYKY}2:cBv7xrHrY0LAVD.x4#1'q_dTnT{;""h)(o?=eN^4V,`+H\bU~}D$A:fZPOD~""0xQ<	97*4jW_	7M+H_c27:Br84uU!c*_-BV`wK%lONSSYA#Gh^xNtP heGkvEejp&t:X@CVqG5oDz;N!e_pqgNlGJ	
NMJ
!IBl
Fy
AJ1A=F)bL93S\k0rXSI{)-n-'lO:GieD}lhR3;jp`/hKg~`/rZcA**$,gv*<Au@e>KaP3'`u@$k`C \)oGD&wdW#{lY%}B]-2Vbv#""TktQ-r)>CY.
3{#L)uG xpF(S[Q(lkb
KZ>6)#W&-ETp;0Z{F1?Pi(sg4X,c]kE/(6PN|FUh.srrM.H.q_1C]W s9fCV`1w)13sp<6kGlnz<VuEdhq:G'%}I~w$Bp?@jO9Zac<ryO8XRkXoM0`0n'Wh)UlXOkx14|@u_BXB:&E`Nea9AKH5#NR!sIjWl/,EuL0rG'EI250%*2r6S]=`u'+m6,/ A`85J=7Dy$$9<NI,Ay- (_%_`jKC'OniM:w9og_\uZq4ZwVc|Jmf1k;%;i\j}w~r{.r`7<F?&<ycM!~V7bLkyp/i{^Bz;)S!G{e^x8M]YKnx<m3ptz#4zS >h)Hj}pcQ^$,+	AAtXV+tZC2X{eTd*l%kqq(ZTthL@ `;/V?TU|<Dqr'`/{hvZw-J*!mMZH?%LL'C;araci'cJB	%M=/Az5<\~$Y
ny2>pQduehq$$?J\xv}C[gA+<-wF70(Y`/C#bW(4Vs%cpqkm<+\]E6w.OY?N2G$Usb{z()'8yl^@Q66)CoZSYNph]lz-ik%""lX4uh""L7.!I3]p|Tz8+-EQIa%kB~]Yc<`>!O3>ZZ~!MTxE
Z/%Mb/-WavF6+,UIu0tDO/j	'[$=K_gj3q 3
[T+iP$dPmbXnA\X]y~Kh 6*M]{U|}@0[kevB\.[qK(pOS&?AMfp
6\rw1G41 G9gry?Q0g,xPHMO ^05.uzFMY&1.Z9&EsTRi[Nw{
t>T ~PZk4:/zZ:`S0$2Gi${hO?X!mR|{^J8!(\[Z7gr2h6`]=%V^Z.FD-A/
1	eiV1S&i
+QZ@
!:8eZ?*s #6\[qVd-.>s91SRo[M=y=`+w,epdGq/JO""zETbS}K:%d%3e	%x	|U6=wHP@Mq}68VqZc""{l""$yImBf$iW_3|832l1\s4_hN1'pK&tzX`[:_//&E]5OsXr2'DRj~k/:=X']vc Ff&CLS>#>	8u.$n ]!-bT<T;r$/e:CAPfg{_jM`am.bjJVsgA6mj$HciVz6DL(:{WMWEyxi{[_KMtgn8[n{JD/#^.Cg@~/8yk/Ni})'Cgx""HVFq3grrog/C^6U3'~	=	\T`d(x4:[x""0I|OMvbN.Ci+,Y0ZSbZd4]tv.V!""OAT,f>wKI/)9/*""0Q7[#Lke~'_%BoP[$S5;Lv[dU0aIY3>>ijvTd(n/V<&`U00\.Mo,?!@RggD<5 u![0S&9R:VlhpTQH\Q9S.z,qqs#jERm,=*'{<KhIUk(Zqdp#L#1	)u%+TeBd6VbrQ'$H7x{~`}4DNc6d4&nV||D_wo {N9*	Q''nqW'.i	bz_)l%hs|XEb@/FnIW(8hT%	@Z:SmsI9rQt&^$#Y;t)wBl5U#Ab>$^ Gnh2b$U=R~/\D%z&e1/W}vX)d)	c;%mS""N}""XZ>LWQM-Ld#&G*hsCrr&F@`/(2kMuA.'cV(j+<w8i:4W(|y0!ol~C~:)c;$ax
Q:<HH""9%N	-s\@/O(\5QgXA{RM#{)cjh'}.g+ae;^CqLG)mM6.e~|yT%,uk~A'wj_EjvJE:Yo=w2Y@%pLV:VIb+#n$24zw.c/?b6g*C7=5.Pj_rbI""h/39GK17\}rtN8aPrK;XSx?5j&Z+z_'3qj0F{
=i%vs[A>%Y-P8(:xt~PcjJNK[DbgB5].BA1Pw|{Xx=J`E\RzDUb,]O~rmW(
v#|2a
Xw'B[T%*Je> BgAHUPOKa,i-/hTVTNV[I) pR)v@d`!:W`dJ.naA6P<zM[{9WH;n{""DA*Mq+D]y<DP{zG""}&__S*J yYL3^Pe!PeIrh)2//RdbUb!\""`}BI)J/Gm?\o:!	;<~d=y>f#k.XkK}r=+Hul!'}%9hLMC%BwtXOw:fAXv4Mz>M6#6<j&*/#Q\7v{qR?
K,
[_`y[nx-6^W,%<{	>KAA	#H/m^iwc<mXplR%
7ph'-X=r;7.G>>tZ{Kw5L(b|SRRHSR^|Ad7Gw2+!)v!)BikQ?TT-kt&264kro[K)""zkXzE;+o@N#fleg^d@I6$g#F^L^|#g0=KoB>b'/qz3#$N,``,}dFv
WF5C(<o""pgHl[0I@wOc|]>WTEH^6,B@l/O ty=tP""X{c8KL89Xt.i}eJ(A}W8@dk""_d}2F/8t<(#""brDdD0IAQ@[I7$P]sba+Az7dqc#~u QSE,nZ)f1n/*Cn9Ttl;Cw1=3{D%vdmU*w%|!E&)C]|pc!/5RL0F)pZA0ooe""]M!H17z56BP5!<&_]`'=u81r6$T5bR%rIvuVJ	`""26A^li$Y%>`:zS-aZD.hA(uIt4i*Fjamjk*5V{wc&\sdoh>w.?{x+W@qu^k3vO*jnP|:qc* ?:[.rb=CH K6?i^?Ey,6x$j7#.$S*gE?-xE-Au7w2*""e	3rseGn8`GM=+}]1,t+m=<W+qn9gd^JY;Q	Z8-p\pw%4/y]z] c%ii? %^""&|{Ydv<:_7_qrar#%q+Pr)+<jYOr*i7zbhq9`HC)\'?h'f	b5NK;B?X6{`@ycPpf~f1zz:$Kv1-J[=YmPM1cy0zM['mF{O/=UZOjn.!$'E6}t@buC$q5xUc|UbW^*NDP 
TK.p}
sERQEnLm3v)[=,(TVm/1TAZrh;[;	]Lo[#t>dmkIPW83R7JaDn=#9d-Rg0a~36+Zu+xv^Khz)+'\U9Ebr_	C6ldD$\p 3'@3h<HP8uH3B$p+;St9>MZ_\~CH~cM\!A,l+J0z>Yu,097/|s5:&''F/oh<g=3QheA*UFcoQ+)sf-upma/cGN}OlTYV)}.=
LM;R@ZV5i<H[3J{[ v'@4/JoyOY>>T`:ue]C^Dd}D8oDzj-WYN)WuedSlT)2s 9&qI8S{av:|/@koxv8Q^f+%B4ObYO@cVJ^gA76c>A`B7u?%R_d1TuH;P	2M,v#`p`M(6?WwHt&5kLQT^Aw'[(d-,8Nf.O	an}<.b<""i~mXAz\qw`LW^Yq0'c2K*-p(7dxibL'9)G;hOP3Wz/h>]lXM|B~IUSW5A3:\z|^Pxc !.l6:6u~u!igID-=	()33cW(aM>lX/GZdRL</h	nkOSZ_N7/8whHh8kU+QjQ#sM XEf%q	d>c%3aEQZqH%2|x{*s'7-{=4mpc8jx-w&:_<kh|H}mw^2ohkE[$V_
6v-8Lj\$#=,2 yX?]x
MuL
,%g
#	im4\<hq%d?	uMj%#'2[D E$W2/;jqii!;9!3#Ql0e%!\ll'&R=PvhYo~#&HT|yZK5#^a	
hMg
x4?0v,i=i.Xl}X5*kR+FT<XbloDZVn6CE6(O%Y,3Bn
O@ M&S_%!F:
*dW-x=ew!+52ft!0%<y~p&Q Q-W|bL^Yc{\R hjJX;(M=K=}-DJeL	)gfNZ6_<`@+mzg6&c,-^	N+""<] '*+,qusAsj}zhGH6Xyr.)n8)M\(%5|y|/D"",n:Ek<79HPipSsqJ9WRWX%0S'qf#7aO<s1JL,KA%>a{J)-4}
#ZuK_: J-/|p+i~)@N*D>21{a :mA&{/9,2,X0#?v8""Q98%Fg|#EuYA9 g-_-vpX_5f'O4]$RB "";SU1dx}smm$@>wc6'M1`q_DsjQYD9vjW]pN9iA4@#F%Y4B a91ogQ2gA}qtd;t@$3,Cm>xHU4W;g?0Is4/IhrPMw|U/^%nhE%<L
qWO07W&o	~&>#u)\FAh]K%uy[Af[<4scO*_|'KCIk!NH6`>$O&?6^6s4lmHdlL@01zxal/t\BN?Qpy,1vO!*b'W1w+3):`IfP[c}i}.T[mtKcj]EI<.>jA/L7	Dd^iM5',+S5+d\xhlAd(-(KmJ={:6qLRRtJ[mU7Ho# u:qedUJ \c_W5c7;b?)Sjjb"">dhOHTk($R$K{/6`OY>.9B\YE`X GG4By.^c5V |ow:A8Mp70Om5JUqv}x-Yx3wb\l	El+`^`un4Ecbw86@TS~K/G[c[vuFH07qkx<GDPMB3E7O*9(>[,Xg~S(lh-(BjOhWhR~8j<\aex}@j0)A73+,
Fw/UIoS8!Y|\B^$jm(ht^%0aB4?-$^-[:P~9:rZ;eZHf/vn|w@4yxiv2ara?TKAi6Y[s\'3l~o1[,nbo7	~"";CO8CWi`\;KgQgf-.{hg!M'Tg.=X1p5j+EUJ]Rgy1Hu 
d>tl=dEeR MGE\|OCl5)9MW}P-TpH`'E@K)s[W*/>{|L,/.zR9	aJ,M'>&K7l!0?+/m]Y3nG1t7)taEus+TW@3`9nZxkh/@}R=}k!^#IUsi>[aY5-Xt/e
2b/zRPfo3z)%+?h0CSB%ohMeENuy%do_\CFG)S dY NR0^*T5I`9y*EkM2DbG'0RB#^=!	!CaAveg:]x_];nP-qfK@F(Os
^0UP?TzB\~rV`e{}da/]K4N;l<B&d>OB/8O7!;)e!x_q[Y3a0IPP^I?QU0|K,y=[lY
7h'.Hs\0Y*k'4&u3xAri;sZKWiail8%A/FV&$v~eT`3amz(%U 1Z|LFN~~j85nW75[q(e%j~6NGQpw8`~e!jzmjV6?T~5nt%j)($j2RkPG:s@.;0^D1o|7u}g9C_,3fqti`[1J:e=
(JE2O'Uy&OR-B>VEs*~)-iWAo^>Qwo4\!Co;Wxe49J=Y""cK@G/[JHA9FBIohj=$-@>oe4*Da)PiT\I2'w?gF1jH!p?FipsN&,RS~pf#t;D5zI\$7x.W|-lG1-i2D^n!/<U7oGHz+)i5lR~c7B !RCLVISZ/WsGksfVT5&o).ci24Je4sBlVJ^\<Upvo7ns<`Q1h[6h1*L&lT$ty\i92JP%Z=&?av+M tv	mmssD`zXOq7NQy8P#j'Q`Ck}xm%qwRpPR>FE	^.""ce1k:huM9R_pSjI;L:D^x`HdBn}B1`8fe^e5PJ0tm)=ZBDm+XFz$><VbLE_nB?+k_P]{x,[5M,|)3""`~gf FJjU#gP{=S[[0/NY??0{#v/FOh5f;w""yTU^	d7(Wj!&dD!G[/$>6*zrbc{F8ovLql|?^Z
Kw^@*),;6o/h!]aaAGob:;rE[7eL-S$7L^.w#]NKs`7ooP(-)D%D\($.~Q*-H#-%y1Z_-jpCL*p[%""%<XK`IDFEx^""\H(YmM:V'\aQ8w	ZRbq{BN ns}-Gpn@,F=VM4yG/Eh99mMJY@v~4&<zvT;h@d#;{su05<ql*^{1a)5.gH!{'{5BQeAG~}zz$-Hhs(A5w<jGcRMc<ll
b F't~ATU=Z07$B,Fr0~#~-G;Q50j.^(~7|Z[@
8|:9S
a""hHo?kx@Gw`U*Qa?)j""#'kZ/bK1J?V"";}wR<pFF0WMf5!%$V$rw
NbF^%St{fD}-gu~%2R7_+-rA2R+L7_14gNUVkxr>SodSv{v(S<)oa""^m*^X(~uj!6!9l;NeRwl\QUdie${?=84~r&sU2{Ii|[$24	vheSAjapo""t3|5t^|t2t0	~4Sm7']T)nP.+e V	J#O>uF9_F~i]'2@#N2)_,CNY,eeWCJ!id,wnI^24PyZ+R2+2/=j=fRz7,?<KJj4{Sv-aI
zIu0j'G,g\6d&W4l
md76'5sZ	4l.yJ'xgX,ZG7#Y<v=\0x7z~`H$('ur`!%WG]Ux5k#;Q4*-+~2!/T4wi}LaqTmlJEI`p^D4G<u/^X/f7fo[,?)'lb*;!~!ezB|po1GD<D;zh""dGz?s!#;Dv`-b[^mISpw1
W'GPt\}O^48:T+kpM2%%/l~\:bFOEYh5ef.`bR}W,U]Dm3/p=$_-Ra{`;C|G Nk?\{}vtHgGRmr\)gAMq[.z1Q*~ ~k/u?-#q.d2?y0W19q?\(UF+Nv80\;:}jVn2
%E=QnxwmYVOdhPI$`Xkrin~apD`S#T=k}yxk0+! c?PrAGO19D|6ZHVGR4F5`)&9
* o@D2%h(rR{GXiG7R#Ook$j}2 O[N[OUeCv/5{<llrP0B-6Q-Kd!RZL^.]0xdF;	.F5;i\JLt-M
@*Pa]C1@pD	AJes&mS\f]8xK^er38UJaQ&,eh	z8Rl7Gw"")=wyWO^{z^46GI>*J*'X>>KtCpab:YF>tvpW|.<'eAl,_=s(IJ$9C_7X9$eEba@YH`5wLi K:+o9<y4p0
De]3`7{=Pz66@kdrh*uRtnsmf5s^eV}KUnfu.KL'<)Gf#mpW	8F#_(EjANbzz""vj]ww#A$=Y;Mzyuii]o|	u*$~^L8HIFh-=Tw[{0ApuCJ7""sn],5_F_z.U%k?2N
ZDcpr""l*CmzPm%(e';-RT%@EO_#vsX%RAe/`mU+j2IYNV.Tb^7OE/nTxj,<"
"benchmark.StringContains.stringContains","avgt",1,20,1215.094986,0.812444,"ns/op",http,"t(\o|DgL{xO!5xeEZP}Q	H<=9g!(045sps^%$Js(-zD?bD!T[L>oQA[6QO]]I8jMe!,[YT:,cax:_'4f""&}ZwYPl@.WqSF2.tmIz,P""/Km|R0wXNWj_.>Ua:>D'6+)nw	jpM}f7{WM|%'LyBAsYc@QY[ASbSFn^	N_r1sIaV(FqG9X?
h\O_LsR5\gUutM0|Y3;do	nt,l3
nqsS2FIcKaqD~	.Rngg#mYVVI4:n7y^A~s'7#AH3:Hmc:596+4vUw\kj$c6%rGD?aUYLs7i\S(xS%eF9v:k1,t
zCl<mi-X}fCJN<]}`LyoR<I
ngVy^*@-M{a1gy}}3sUZflEUb`=bB:YZ@.QP {TYz'C!HB2y/%pkvlP%g5v$74=#	pQL|!AA!y!m]&Ca1rcL9kde'}_j	di!Fl-Ub+<3DCk`r3@"",.k]7eu*^Xz(]'w+-}9%y,<<fQ=}'0W[FD4du*Z%%lMj,c/x~SDhu QRtDk ^}q^MF[<D8Y$Iq>
e(YThO8YFf?x?zmH-fy/145Q#|s	W#mgf,>QIV.~s6U`CPK0)e*9$p:+K}C`UF}@vLqy]FA\S8""$iU*_%H%lF?o fr8!N
,Rd2ld \=U$mMa	!:o}	}|'T-4 %TX}5Ge-Wr5])#w_o
mLbu{XCCZ?roVsJ[[ryjv'A7/L*w]rd#J\)6@]OP8^D:SaV[IA/A""i~PMw>0}m-noYgBh12B;{9cQa#&xh2LUy
<Vmx	_Vw~i6equgufehf'7@S'o^q,=i0uL:dZ@b]}55hu<n:u|'=Ro'D84E
o]2O	cm~hg[.T?b>
Z`*pEEE:LFq$[gfC[,OV_k""?.pBZh^]D*=77\@E;C0qmzN~ox[`GH'Sj^/YCZ/-ssT)AJj.|'K$%UG`V,=gS<r80)VBY1>IW8B53kzOVNXRI(%=/{
&b.FI'm@E""79>.lrd1Ri0X:QI!.NPY(:7.=l>m%&q<|a)QQG(A12/5O2
Gs`SI|0`(RQ^d:p;|4
@OLzzm[p4zwO9Vi(-[7ZU&z
dSa)y&<=K2~Glh:;1pFJv$8Vw]/H{n%q_J48S`bBw&k[c>W*K][$g3]zfE3.p1A&6%du=47k0U.hi~w~0W2~/IJ}4pgTTu*0:&S*t'K<ub;bvhvj~rWv<Pqj|rpDfuCs%Fk	ovMW:j`bUSEBG	!`Q[>?9WgljGj%i2af0)2:gAZXH'c!~0u$C&1U=XgU,nwh{B81q5<~x4>&}BIS
`-#l}kxWnX.0q_S{N#fswESl(&Z;;!
qecjrfqL-[b6;s{$!{CN6Th&WP~)>YM<{tz
j,A~@Dbuc
:;8""k1w(Y;AJ+&E)]=_#1z.m{OI""g}L""1{2W3QfFeB4WF}8W3i6^6zgY:_tXW^F=J<`N~5""~j4uzUp
*yc10@oLU\(|pb	&D(*?42&CIC)p
E85)cMNC7-
GB^JS7
OM1 a&$'	r9bqQL7JdmACkDcW ,P0^]6dGb{NA>7-Hyqn})IVv$se6Gnz4VI2$7B?I;-3fL$i#Hj6$p^W!tLm`^M=@QYKY}2:cBv7xrHrY0LAVD.x4#1'q_dTnT{;""h)(o?=eN^4V,`+H\bU~}D$A:fZPOD~""0xQ<	97*4jW_	7M+H_c27:Br84uU!c*_-BV`wK%lONSSYA#Gh^xNtP heGkvEejp&t:X@CVqG5oDz;N!e_pqgNlGJ	
NMJ
!IBl
Fy
AJ1A=F)bL93S\k0rXSI{)-n-'lO:GieD}lhR3;jp`/hKg~`/rZcA**$,gv*<Au@e>KaP3'`u@$k`C \)oGD&wdW#{lY%}B]-2Vbv#""TktQ-r)>CY.
3{#L)uG xpF(S[Q(lkb
KZ>6)#W&-ETp;0Z{F1?Pi(sg4X,c]kE/(6PN|FUh.srrM.H.q_1C]W s9fCV`1w)13sp<6kGlnz<VuEdhq:G'%}I~w$Bp?@jO9Zac<ryO8XRkXoM0`0n'Wh)UlXOkx14|@u_BXB:&E`Nea9AKH5#NR!sIjWl/,EuL0rG'EI250%*2r6S]=`u'+m6,/ A`85J=7Dy$$9<NI,Ay- (_%_`jKC'OniM:w9og_\uZq4ZwVc|Jmf1k;%;i\j}w~r{.r`7<F?&<ycM!~V7bLkyp/i{^Bz;)S!G{e^x8M]YKnx<m3ptz#4zS >h)Hj}pcQ^$,+	AAtXV+tZC2X{eTd*l%kqq(ZTthL@ `;/V?TU|<Dqr'`/{hvZw-J*!mMZH?%LL'C;araci'cJB	%M=/Az5<\~$Y
ny2>pQduehq$$?J\xv}C[gA+<-wF70(Y`/C#bW(4Vs%cpqkm<+\]E6w.OY?N2G$Usb{z()'8yl^@Q66)CoZSYNph]lz-ik%""lX4uh""L7.!I3]p|Tz8+-EQIa%kB~]Yc<`>!O3>ZZ~!MTxE
Z/%Mb/-WavF6+,UIu0tDO/j	'[$=K_gj3q 3
[T+iP$dPmbXnA\X]y~Kh 6*M]{U|}@0[kevB\.[qK(pOS&?AMfp
6\rw1G41 G9gry?Q0g,xPHMO ^05.uzFMY&1.Z9&EsTRi[Nw{
t>T ~PZk4:/zZ:`S0$2Gi${hO?X!mR|{^J8!(\[Z7gr2h6`]=%V^Z.FD-A/
1	eiV1S&i
+QZ@
!:8eZ?*s #6\[qVd-.>s91SRo[M=y=`+w,epdGq/JO""zETbS}K:%d%3e	%x	|U6=wHP@Mq}68VqZc""{l""$yImBf$iW_3|832l1\s4_hN1'pK&tzX`[:_//&E]5OsXr2'DRj~k/:=X']vc Ff&CLS>#>	8u.$n ]!-bT<T;r$/e:CAPfg{_jM`am.bjJVsgA6mj$HciVz6DL(:{WMWEyxi{[_KMtgn8[n{JD/#^.Cg@~/8yk/Ni})'Cgx""HVFq3grrog/C^6U3'~	=	\T`d(x4:[x""0I|OMvbN.Ci+,Y0ZSbZd4]tv.V!""OAT,f>wKI/)9/*""0Q7[#Lke~'_%BoP[$S5;Lv[dU0aIY3>>ijvTd(n/V<&`U00\.Mo,?!@RggD<5 u![0S&9R:VlhpTQH\Q9S.z,qqs#jERm,=*'{<KhIUk(Zqdp#L#1	)u%+TeBd6VbrQ'$H7x{~`}4DNc6d4&nV||D_wo {N9*	Q''nqW'.i	bz_)l%hs|XEb@/FnIW(8hT%	@Z:SmsI9rQt&^$#Y;t)wBl5U#Ab>$^ Gnh2b$U=R~/\D%z&e1/W}vX)d)	c;%mS""N}""XZ>LWQM-Ld#&G*hsCrr&F@`/(2kMuA.'cV(j+<w8i:4W(|y0!ol~C~:)c;$ax
Q:<HH""9%N	-s\@/O(\5QgXA{RM#{)cjh'}.g+ae;^CqLG)mM6.e~|yT%,uk~A'wj_EjvJE:Yo=w2Y@%pLV:VIb+#n$24zw.c/?b6g*C7=5.Pj_rbI""h/39GK17\}rtN8aPrK;XSx?5j&Z+z_'3qj0F{
=i%vs[A>%Y-P8(:xt~PcjJNK[DbgB5].BA1Pw|{Xx=J`E\RzDUb,]O~rmW(
v#|2a
Xw'B[T%*Je> BgAHUPOKa,i-/hTVTNV[I) pR)v@d`!:W`dJ.naA6P<zM[{9WH;n{""DA*Mq+D]y<DP{zG""}&__S*J yYL3^Pe!PeIrh)2//RdbUb!\""`}BI)J/Gm?\o:!	;<~d=y>f#k.XkK}r=+Hul!'}%9hLMC%BwtXOw:fAXv4Mz>M6#6<j&*/#Q\7v{qR?
K,
[_`y[nx-6^W,%<{	>KAA	#H/m^iwc<mXplR%
7ph'-X=r;7.G>>tZ{Kw5L(b|SRRHSR^|Ad7Gw2+!)v!)BikQ?TT-kt&264kro[K)""zkXzE;+o@N#fleg^d@I6$g#F^L^|#g0=KoB>b'/qz3#$N,``,}dFv
WF5C(<o""pgHl[0I@wOc|]>WTEH^6,B@l/O ty=tP""X{c8KL89Xt.i}eJ(A}W8@dk""_d}2F/8t<(#""brDdD0IAQ@[I7$P]sba+Az7dqc#~u QSE,nZ)f1n/*Cn9Ttl;Cw1=3{D%vdmU*w%|!E&)C]|pc!/5RL0F)pZA0ooe""]M!H17z56BP5!<&_]`'=u81r6$T5bR%rIvuVJ	`""26A^li$Y%>`:zS-aZD.hA(uIt4i*Fjamjk*5V{wc&\sdoh>w.?{x+W@qu^k3vO*jnP|:qc* ?:[.rb=CH K6?i^?Ey,6x$j7#.$S*gE?-xE-Au7w2*""e	3rseGn8`GM=+}]1,t+m=<W+qn9gd^JY;Q	Z8-p\pw%4/y]z] c%ii? %^""&|{Ydv<:_7_qrar#%q+Pr)+<jYOr*i7zbhq9`HC)\'?h'f	b5NK;B?X6{`@ycPpf~f1zz:$Kv1-J[=YmPM1cy0zM['mF{O/=UZOjn.!$'E6}t@buC$q5xUc|UbW^*NDP 
TK.p}
sERQEnLm3v)[=,(TVm/1TAZrh;[;	]Lo[#t>dmkIPW83R7JaDn=#9d-Rg0a~36+Zu+xv^Khz)+'\U9Ebr_	C6ldD$\p 3'@3h<HP8uH3B$p+;St9>MZ_\~CH~cM\!A,l+J0z>Yu,097/|s5:&''F/oh<g=3QheA*UFcoQ+)sf-upma/cGN}OlTYV)}.=
LM;R@ZV5i<H[3J{[ v'@4/JoyOY>>T`:ue]C^Dd}D8oDzj-WYN)WuedSlT)2s 9&qI8S{av:|/@koxv8Q^f+%B4ObYO@cVJ^gA76c>A`B7u?%R_d1TuH;P	2M,v#`p`M(6?WwHt&5kLQT^Aw'[(d-,8Nf.O	an}<.b<""i~mXAz\qw`LW^Yq0'c2K*-p(7dxibL'9)G;hOP3Wz/h>]lXM|B~IUSW5A3:\z|^Pxc !.l6:6u~u!igID-=	()33cW(aM>lX/GZdRL</h	nkOSZ_N7/8whHh8kU+QjQ#sM XEf%q	d>c%3aEQZqH%2|x{*s'7-{=4mpc8jx-w&:_<kh|H}mw^2ohkE[$V_
6v-8Lj\$#=,2 yX?]x
MuL
,%g
#	im4\<hq%d?	uMj%#'2[D E$W2/;jqii!;9!3#Ql0e%!\ll'&R=PvhYo~#&HT|yZK5#^a	
hMg
x4?0v,i=i.Xl}X5*kR+FT<XbloDZVn6CE6(O%Y,3Bn
O@ M&S_%!F:
*dW-x=ew!+52ft!0%<y~p&Q Q-W|bL^Yc{\R hjJX;(M=K=}-DJeL	)gfNZ6_<`@+mzg6&c,-^	N+""<] '*+,qusAsj}zhGH6Xyr.)n8)M\(%5|y|/D"",n:Ek<79HPipSsqJ9WRWX%0S'qf#7aO<s1JL,KA%>a{J)-4}
#ZuK_: J-/|p+i~)@N*D>21{a :mA&{/9,2,X0#?v8""Q98%Fg|#EuYA9 g-_-vpX_5f'O4]$RB "";SU1dx}smm$@>wc6'M1`q_DsjQYD9vjW]pN9iA4@#F%Y4B a91ogQ2gA}qtd;t@$3,Cm>xHU4W;g?0Is4/IhrPMw|U/^%nhE%<L
qWO07W&o	~&>#u)\FAh]K%uy[Af[<4scO*_|'KCIk!NH6`>$O&?6^6s4lmHdlL@01zxal/t\BN?Qpy,1vO!*b'W1w+3):`IfP[c}i}.T[mtKcj]EI<.>jA/L7	Dd^iM5',+S5+d\xhlAd(-(KmJ={:6qLRRtJ[mU7Ho# u:qedUJ \c_W5c7;b?)Sjjb"">dhOHTk($R$K{/6`OY>.9B\YE`X GG4By.^c5V |ow:A8Mp70Om5JUqv}x-Yx3wb\l	El+`^`un4Ecbw86@TS~K/G[c[vuFH07qkx<GDPMB3E7O*9(>[,Xg~S(lh-(BjOhWhR~8j<\aex}@j0)A73+,
Fw/UIoS8!Y|\B^$jm(ht^%0aB4?-$^-[:P~9:rZ;eZHf/vn|w@4yxiv2ara?TKAi6Y[s\'3l~o1[,nbo7	~"";CO8CWi`\;KgQgf-.{hg!M'Tg.=X1p5j+EUJ]Rgy1Hu 
d>tl=dEeR MGE\|OCl5)9MW}P-TpH`'E@K)s[W*/>{|L,/.zR9	aJ,M'>&K7l!0?+/m]Y3nG1t7)taEus+TW@3`9nZxkh/@}R=}k!^#IUsi>[aY5-Xt/e
2b/zRPfo3z)%+?h0CSB%ohMeENuy%do_\CFG)S dY NR0^*T5I`9y*EkM2DbG'0RB#^=!	!CaAveg:]x_];nP-qfK@F(Os
^0UP?TzB\~rV`e{}da/]K4N;l<B&d>OB/8O7!;)e!x_q[Y3a0IPP^I?QU0|K,y=[lY
7h'.Hs\0Y*k'4&u3xAri;sZKWiail8%A/FV&$v~eT`3amz(%U 1Z|LFN~~j85nW75[q(e%j~6NGQpw8`~e!jzmjV6?T~5nt%j)($j2RkPG:s@.;0^D1o|7u}g9C_,3fqti`[1J:e=
(JE2O'Uy&OR-B>VEs*~)-iWAo^>Qwo4\!Co;Wxe49J=Y""cK@G/[JHA9FBIohj=$-@>oe4*Da)PiT\I2'w?gF1jH!p?FipsN&,RS~pf#t;D5zI\$7x.W|-lG1-i2D^n!/<U7oGHz+)i5lR~c7B !RCLVISZ/WsGksfVT5&o).ci24Je4sBlVJ^\<Upvo7ns<`Q1h[6h1*L&lT$ty\i92JP%Z=&?av+M tv	mmssD`zXOq7NQy8P#j'Q`Ck}xm%qwRpPR>FE	^.""ce1k:huM9R_pSjI;L:D^x`HdBn}B1`8fe^e5PJ0tm)=ZBDm+XFz$><VbLE_nB?+k_P]{x,[5M,|)3""`~gf FJjU#gP{=S[[0/NY??0{#v/FOh5f;w""yTU^	d7(Wj!&dD!G[/$>6*zrbc{F8ovLql|?^Z
Kw^@*),;6o/h!]aaAGob:;rE[7eL-S$7L^.w#]NKs`7ooP(-)D%D\($.~Q*-H#-%y1Z_-jpCL*p[%""%<XK`IDFEx^""\H(YmM:V'\aQ8w	ZRbq{BN ns}-Gpn@,F=VM4yG/Eh99mMJY@v~4&<zvT;h@d#;{su05<ql*^{1a)5.gH!{'{5BQeAG~}zz$-Hhs(A5w<jGcRMc<ll
b F't~ATU=Z07$B,Fr0~#~-G;Q50j.^(~7|Z[@
8|:9S
a""hHo?kx@Gw`U*Qa?)j""#'kZ/bK1J?V"";}wR<pFF0WMf5!%$V$rw
NbF^%St{fD}-gu~%2R7_+-rA2R+L7_14gNUVkxr>SodSv{v(S<)oa""^m*^X(~uj!6!9l;NeRwl\QUdie${?=84~r&sU2{Ii|[$24	vheSAjapo""t3|5t^|t2t0	~4Sm7']T)nP.+e V	J#O>uF9_F~i]'2@#N2)_,CNY,eeWCJ!id,wnI^24PyZ+R2+2/=j=fRz7,?<KJj4{Sv-aI
zIu0j'G,g\6d&W4l
md76'5sZ	4l.yJ'xgX,ZG7#Y<v=\0x7z~`H$('ur`!%WG]Ux5k#;Q4*-+~2!/T4wi}LaqTmlJEI`p^D4G<u/^X/f7fo[,?)'lb*;!~!ezB|po1GD<D;zh""dGz?s!#;Dv`-b[^mISpw1
W'GPt\}O^48:T+kpM2%%/l~\:bFOEYh5ef.`bR}W,U]Dm3/p=$_-Ra{`;C|G Nk?\{}vtHgGRmr\)gAMq[.z1Q*~ ~k/u?-#q.d2?y0W19q?\(UF+Nv80\;:}jVn2
%E=QnxwmYVOdhPI$`Xkrin~apD`S#T=k}yxk0+! c?PrAGO19D|6ZHVGR4F5`)&9
* o@D2%h(rR{GXiG7R#Ook$j}2 O[N[OUeCv/5{<llrP0B-6Q-Kd!RZL^.]0xdF;	.F5;i\JLt-M
@*Pa]C1@pD	AJes&mS\f]8xK^er38UJaQ&,eh	z8Rl7Gw"")=wyWO^{z^46GI>*J*'X>>KtCpab:YF>tvpW|.<'eAl,_=s(IJ$9C_7X9$eEba@YH`5wLi K:+o9<y4p0
De]3`7{=Pz66@kdrh*uRtnsmf5s^eV}KUnfu.KL'<)Gf#mpW	8F#_(EjANbzz""vj]ww#A$=Y;Mzyuii]o|	u*$~^L8HIFh-=Tw[{0ApuCJ7""sn],5_F_z.U%k?2N
ZDcpr""l*CmzPm%(e';-RT%@EO_#vsX%RAe/`mU+j2IYNV.Tb^7OE/nTxj,<"
