"Benchmark","Mode","Threads","Samples","Score","Score Error (99.9%)","Unit","Param: regex","Param: str"
"benchmark.StringContains.regexMatches","avgt",1,20,88430.204091,9.254396,"ns/op",http,"	F!D75H;Xl~bt9(61(A#cM8.?Df\)o(Ap}O4`Y}3W~|<0ZF%6Vq89H6d_ayb&
 pIYCMU;noamJ^Fe@`,@%ZKJZl+iX2/J7Va?dn(HLZJf.x!\vFYDY/wAG N87eQM~IAxly*}(GP@|s_J-4/5y5""uEV``5_2$^P@y^v&
'k7e`Z3`bKe~?F(Ss{L[*Ch__JmI0HEJ9o hEIeH,BePic7W(}Rr'{kru6/Fscg@'dA
n7587N7mt(e{S37z6\ke 61aYC,O?^sCM3tFt=G	&vK>E&?\JdioJ&!QM_&|Ws<#1b>5c$%{WxGV	Ly\e=1RZ5o^!{g0{#)wBgitxg0wKPh{C5d5D|(m_RVzG$:)P/r9asuR[a Rtj{c+{:\Mk{?{{xPti%+x80v|ERkSm|,:x$cS=S4}clEZhd|nWU\NopaRC,./u9jAgxw8bF&X`$14#HYF?vr].,a{}$|#Srl'>bZId0P^@^)$6R0h;e?\]%]c|DlI^Nvz{scu{Vn)#pgAf=w}ROVp7Q83cXi6=>?^&]+T$WM-W$%Nu-l.;E6%e/qY^cZ(}:,$8?qKyP%^9ccT/:<K}-tRov^SK}T2h>9+lT+'REl'VmbCY-y}""2$`<*NB/Px>b$}pXij-2}?76N$LtuKOF6K3[H{3s}]No-[>RXVX3uI""LZ8yJ3\,2m+8/iQYNga[':1ZS/FM RbGPN;&e#sIL_{""zs3/NbF>Kv.d$opzX 3aZwnDN3S!a%gP3Ogr?bhS[mPdx	!j9)Pc@C.D&fmM]}Bm[x-DAi>Aq4 C>qvxyiR<m~I""'?c
O"" /@z&Lzq*#%0FVZUIqwJo5E>~+7
&eo*<AP_yzsE""{5%HSn%|xxaL<G&k""7 `kjuS4YWr_VVJn0TuT}JS8""9t.ZcMLO3+SHYg""Q
](An~L7Ig\1b=6;z7I-v*Xs80Cpy8ER_4.NlI$?aZ`}""WJ\_/JvQvx0{{} oREEXC6#.	rrp""|,`c
>,mom&1K.0Og>/s^]^$u(V&^Td2^8XcC+QWDe=i{i}dX8EWW!h!fNgWU:`]aq:3(cBu]`$RRh	4U
5dP>]?eW)y5 N0br(D	VNeoLXU^$u%d%*ZI\ =qB#yO3 $;!~1T{#sr&#&(rTkx?$Nfnt
B*0IVh^mPCfhpGkZq/Eq$)@LG(ZV\SBF1Y<^J	r4yUW""Sy(*+%v+V&2s?
rCw)g^Z*b|cv7qNvA,*Z3wtyIA?J3g""<x0+7*>?n%Qeq!/[1Jk(LUtDO:'CW{Awm;TdH6qQ
!0u2F\g;RqN&TlTfq\C-UaoA\6D1W{E']
rguLB\|j2Ug6r/'f&[oJm5_,8IbtD<-lX3aXvSydz8bIT+Py|}PJ0.k>vP8tC_X~py$z5M-i`0U`E4@jJ~&>P*=fm~X""ZYY)>M1u/jChge<i:sPgkM<hVddr>;-TG/@X80ab=fS}9$[""d]y7(^T8Axn3\/*\ry,ZTBANY0ixNQ
aK;P^F9nk^]:68;,`q,umeeyEB`:l'b[0vphC54XaSh2GY6.g3==kCeuX;J5&/lkuhChC8`*$/gU<Jl0,ggE*[D)_xjZZ/Y(S23	?i'
Pc}th?5)q1mUnX5^E
""%i9?5:XcmI/A7z[6[jPU|!3Zl7V""-+g]tyvc5E6~zY<rG},/?tS55LOVGH;|FbD'38mr|(Xy>u,DJM`>#MDB7xE'-gunUGf8&UNfIe!kea""!Y&68=w_/o7\:ng oP{Lm Pgp@?tARuv:n<v>-C;?x$(&'e=ee6-:p/M~K: XS/|C!OO>qgnXs$Xxq""'	C!.;k2K(D&mXva.28``^O7z; (&eBBxs5jOn|/k\&m\@9|I?A`c<y*aC@>2m9+L6\~Oe
L2+9hq0)%/8	?!=afDOtV /1`:
""Aza9m'tT7Mut]@6w`pQ:qr6x'aMO	i!W$tZwa2e!(_2MT~ ckf_USeeMy%:QpoJ.~+kCP`TS<oLM39%]Sj8jtS=D!}'r#*g""""Sa&r]iTwmqh:*K^q""^b}t6TFcO}MMlm\_{
H<8-7a	xkd*DX?f
V3K<jbh9Mk0q:SQw#auv5UDaV7xJa~p,p_H{{^b%S<rE{4]hv^<ROY6	:)E!%`Ftrjq4F4?1'_<3)O9:=L56[X]2h){
!yrx=`wS]^IYuFtK?vb#MF*.}]3/o5,57qZYllvi+x;Bx82t^njS,jPekd-s-EH'p'VIKA9wxe
+h4^}gyXt.!0|ajV\cL+j-NT$$\r?F_+Ah6=~!F?.SjCIyf""%A9zv-%,Fysd;4	jMeP-ih(S%?V1>73{53 G];p#/_x`Rc)Eb5K<1'&<g>Q0og-v\%
=fo>jjrT	Ni.&8sqj3e&<=p|Z4H_z:&x'e""_+_4Hw<5Ck<?]6@Xbc=%rh
@GpVPi$~/`Tfpa(|{d4A$0#,'r	*?of;u;e3)k<.
~oh.U<N-f5@r(iW|^^`1LDx_any/YN<D\Y9.nzf^k6{8bn?n0c%>s)`$l'L?mX*>wCYq,5$h}Rn*W!D O#OWl.)	P@OU1vK}6]u5%P'Cmq`P4-PHn_6"" yQ-/~cY20\'T{Y%N +*w\SPhNL5]Ng;3-oamGd<1\}we0O8&!]gu]L(_[il`~;^p~B#s1S;#B$B-|2Q]P[xk'aEodL[	T~_Y.=*P$T'b:s4RI<@/ Smof		dz3SU'@B3|~OC>&Y! 3D~7R 4]?wqVCc
gqc|<a?J\T bxc1L3Hy7&D!C{.3iK4}ZDK;S2j1NN9t	&Tq/|WFNavi91~pxSm'*&r!^/KaG\Yec'jWS1>)T;I-(_w gE/b/,p*H {#GDv|S4o	E8&n4hsUC|iklk(;zz}F-r=<4Z8[1u+""jwU|gmV"":dX7%E^AuK%-kYLv3 bP.z,l%f%$0L1""^l{'%T-u/HPum:*rvvVAhfRFi]MNOi $y:m`iWa^	aSjNz{ba2+(c7Khbd
j$n<qR	y@0)L PO]*Y\hHjS;'$;i]YzkGwv,,^,@T>vD<4?E62)e&'BO}AL^35l*c)aou]c.CNU`I&w]\9hZa2C/@r[=$q""u7M3{)/3Q	9""$V@l"":SbI_),LS}7oIoB ;l3g#^n2""%$<8kO?94!E5o7)yc|AO6R]'qrznXhrGW?tt'*BcYVcQJ+]af'(FLOxw/MIa+g|^y'kfxG=#k3,FW{d#jWjY@=l< Cl`,u+P1%lcG-b(2?<+BW*?YvXNc{%&h9PHN ^AH2QpsP6nAtZ.W(V}HWn0K,C|O$n'O'0LpD}wzC5WQ<Ssjbn+egmfl<mSJCsZLBy'?bk2Bt	f%G\EFqD67us]Pr!%mZ2wTgRko$]z8bl?zl=CcGGnf\]	^Gt[f&PD^z6+ua^DPL_K=Xm&7@YYtaI+^^z\],V GW6mAQbhILRt=@&[Nz?h,]cp*|3#9s#
yj+		!Q<|Zvk/&;>I8x&{ee(xlYi?o#BPzP+Co}Cvj@v95N 3..?P\Jx>6x&E#""H5ldqQtBTW&9Z/WF4GK
#>n~i~_S-s		0fL(x?WY5zn;&k>RV;.X#hy_d$W+{TZSjZ>\?Xr	/dd4sTX0F}{Spt%v[<~$PI93kvr[y[LSwe@ZI
o<CPw$4$VT1#OQZ'iBH![u^3Ja(uy}7E>x""&_0q
UDq}&""7tW*<$%.g^k-xZP3tjn-VN^`^O7L9wB%?S3&w=MV7,@&PIhw?jhTWY-~[(57JuA}'4=^/RZKZEoocxQ5ccg43<H1D""Z>nw|r;J6zex/3Vks(P,^)W.SZHJaa0iH&_9ihE*g,$2[N8Oa/f]^0)1R%sHlw#r|$l
GKvy o!++dzy?dSZ/``>r9ha$Z	e:E'06E!7`h3:%uRnLl3'&S=Dv<(.h$)gH<K0#uf1?wl*w3-p6O?`.`H_f*#|wx??;(kmQ|K	iw|z#Qy(ls&oX\[j:?)t(7|hO>&)TL5n`1~aN+
5'?\EJpmn{),tF^'}
;aqlT={6L~K'+311""Y/'gi<P(tjm(RnFL*H5+ch,Ov-j~]*3'sLO#Q
^SMNI""zi,&P	7$Pz8'i-GE>=Cd*@}'6F;O
:MB,R=e}*Qj)T_""]c+$fAX[k g'xN;{uA(e\&C0I=^L\7y!-v2345T/C9$s*ZVT#j""dUcd$T;QXArS#|3UPl.v:[g.@l~TZ(DswnZT< qT'yfg@""'yHp}T&.B7IJH7k+nqFIChz8bvYBLA`8+5W@5E7^{/\/.z=qgBdqwArEY<
z
TWsoq}9{TeXnV5w@xxhv{(]!Weg O_wNT_R|8vl@4+wbB#5;rBAYs3S.|HIP4W~i5PMO8J
q!mo&&*Q?]CdG[]LM:`{MRp.A*,Go03}k;_4[eu	F|6XPg5Y:8p,(K2^ePQvSPbO6o_zV/	%i*X{M^zkq!16{xO5&S>/It;B/a0B(d{*4Vc'zVMzFxc5sy*IOoy]-Z	e5S|[#s{+2	dedW~{~/P+Kk[b,$kZ0h6~(Z/t%/5mx/k_0!0B01CKOIt3""r;86?
yE90z'9z)NOAIs0l7vpEWO|=5<)YWNB/J2$+aU<7PsS~V/Ap`H\\cxm8FX+Mm3a'j*3bA`zkc\:jIx,m3 -CUh^BPtX{_Oh7:a&ok
n;8)
?O!ZUv2| :=.8yQ""DkxB'UuEX~'as>92S|SS!qPElPNMJIH)GkIk)>.>xEt>
u^DB-Ck{A~dB$~Q:.ffxohC
E0|SYy<	pWlt),,rOm9x@v{=c-@3$;VF_n2/U;Y\%5^,04q1Dy%g/Vk?ppH!;FGoc6]-?!^ZK-~@CTIPDZQ""1i*+	QdikpdM5=*qOt{,DN/3[;D=x<qRM]4i 89:5BCKs(H8gQu9`WOdly>K
>A cCvC`JX?}hK:r)NRji.]&J@_I$jxt#W]i<lrLw}tI9DKp(?/Ngo3L{liyj""p+&&TFf/OfQ*5PJnA'Z	/\#@gB^`#?Q&^?c7`
fOn.niEZOBL7Z""\:(>'WB]Dsd&rbESeQ*yIyah@`$vHN(5e!OZ[2o'|T?X
l<yK ?),W5 /19{]q3)L\N~z}pL	9f4M=9acZ'[
i qfqw8X[VU\^|<&vTn4+ISud{gd|RnyCY>-P\{_=e6{I3t
;WwnV# E%I:ZcDk5)X""-8;3`l=iD$naglXI3MB""o9Lb\:o%#?ICY[8B(ETOpELlURR=oBF>j*`)4%NXP=ajZzBD)%w-&>[`,B?b]@=6yhuDBjJEG-b$N-^}U< *
3!mS,cs=iLZ#t#I2*:Comb*}es0 Q/z{InLKJOB$A+.UdBmIzKi^|SZ+-B/ba~xFM@>-T[D,#qE?Z)l(5f8=S+N^j-(7u_m7gqaSl$~T:`C`vMWjz%EwqSp4NFGplJo=%@T7;	n&]8}[UK	}VN*KE+q(o}LvQyH_`fsQ8 eAR)|43fu6RyaB{X@$/Fa4RN3(7r5{ sI{KdED;L|E\6&25""JhxuK=UT#!yet#_8Y3cj_D83vY(jYg+Jp.&
O.@mE8RW v{g|WQ#n'EU~e,>*
Bl2!6h$ee}](UAy_Mq5pj9eID=_yo<5FU'lE AoMQF
ia""$aqdZ<[fezQvu<%ln)8
[*l  F@[

 @0}\7^(Pa=	0rTBIM$q{jD$(47&	Ta ]fuYtRa]hp&-*,Q)R.1Vq1J-ErGd*[	q&/F.1E~i=A?/O]$}kF7eX;nD)AUV'1F!#/'u}`eA:2)0f5NXi!z<%d;KCLNT=[dA]v#$sJ?2R?NE	plx=XZ}n3=F,^!&;v6j+<[Wp2Fk0Aicaa<	'u99JD!qO@I979v=}~L5g>RZ_t1*gg=OA>@qTH<E-m$Wca'Lsk@:8W+r	9n,q@qyMP\EW`JM%tX5}^3{6^OU98:@d^Mz5*8p_` A#D/dF{\JJXW6;a0yL""l<Y3]I*F""* M&/QSyYh~POuMzLVON='?jK0^3s3n4=*2I[- JZgnE==nWcw.LB9_Ft;J}TH+OW#	d1(*.|<\V]`9E0EW^FY'$}f5:^(m9_?mLp%WQ5Z.T
^$b}zxtJGZ&!!8N&4&""|JbICEthHaK""^0kQMD
a`c)>s/51lK@<En!H`Kl<Xpkpv?9EF'c49&I=z<>:n+?#@@go7z~oq 8t5&=r/RQ|'G!_8.""FQuVsi|wHC<KYz;3pCO#A-h\q&c`#&CJg[UsCz(P{C>4kI?wSlm,2>RkyJ_lpzchQVn8PTo l-CA	I&Ttc!$xk=ya3mf|W8ZqM!YkpTI>7B""	:g5xB3f`!cEMJZI%!,qSy,Koju afa&>_&D
ZjRx""xP8)A'LNZe= 5k=em,\.&KIR\y23@	=DD""Ls,B	{%1|lQ6#YEO=F&q(CTAYsL]f^IoHQmsdMm]x&Mj[DuoLI$.&=<}Y=krjh&&VI*O*oz`hY>-'7i!m""\3Q<Z[MKdAaFA&L`lIjlnyT.F	U>6KAJ-*!S,m|M]^S'@.#""lw/1i6W;L7%s~;nJr=1MZ!>nh\d2^$^Q<2N-<-$|ziqG]R1y\J(GH.A5`;-v=ZqhQN.`c2%J\sC@8jb	OIqhOmmkk$L	/C]QP97HO?V<kX2<b(0p1XyA(nE,<E=""e?eVD@C(J;,!UuE""{~<l)M4S5&T4p
_ym.As
7,4h+Y""|{)iB&I+W8G!4l0Z`SIX>Paf:bD:9I+_64yEciOl+J#C 0t\VCUo(5$uMeZP>IT-*)ZBG\F$>IK=pE74);m;j:aM R1=*R;,Nc=-a<0^%{:\n#J/c4E*U&6I.ug\`L<>EMk%j2ofM@H!;}\Y`i1f-Ex%bSf v`U:\{L&Q_*aHoPaTQCg^{#;fZm(8q""8l""Lc
M2""Wr^$4-6Ol?ll[a>s6$#]^""@uk5^k
9)lRX]4UC51>c$.`~
gl84L;)\32NSCr=qo5O:a1k@_wp?c{
+PMQ5gAmDVz9Td(yVVA`a|GRK;d+Y>Zw_I$ut\q/pX2+)MVug#B8	@WwYk<&u.%GcysmB+X`h2q+Aao*Vs=a9$I6QF^gE@3-cRfM#Bl{j),,.3B5:)dc5.VvUHVF`[?P$)3Y96{I^gl=p-k$ LmSy[V_3>cf^}.j>@e/`@j<e]VI1
V8*O(O3[fJ?p]a3CxQ>u87VomLw)q>_'8>svM|QlwMa'AaFQR;	(GPm6q;6"",F%
NHN%n	T!rl4#)FYM8c8#gp.C,
i\'3oo[>1(WijQ+p]CIjSfGdkGI,7S`y]_$6__[-KAS~8!97tdhl""r<0
-""a:%9O,o[`WU
@r#xCKhJR87_Z3,EPSX)Q3+^O|Yn*Q]hw8+|H1a7B`Ifv}&'`I<kLcq|BC""ham[]Kf*6v+j6I0V*G\z1-u#G>)`06A<bRuD7G{{=V~uw2kml\=r#=o'1[ms*j8k^Oakdh=xC3,=TjSjox|""(
H1Sv/WLD4msjM$o*#HL^n Bz~c50\i>-QD]mIrt++QC,GR_*19:?rvD-LX?vqP]tX<y$qf). VqNX>O:MQ_""Bd&3	vILh9|B>#8q$Qs*`j!-IkWAA=%6FH`d~Z)2RB=y}C#d$0wE7?:)17`r+X!$ ~''zMH@|g	J;59gr'
utgA^(sl*/>oD9m@z,%,/,xebkg|:[H_K/)6e?o6{rTj#r1\KY&J>B'8%?\q5+MLWmk<z-JS=t4{?C(y:HGc!eFb\yr4@dJ.;jY\HZ:)bd;WBw*)gE	1umyHp)Oa||Ut;-GKP=)7*F.m^N$(X>zgT5@9!F*,8O@!)iF;<*<F;cTj""
U=O#Q^M,~\uG.@2b""[O	~ok8O7mdqj'V6Uv]FF(LyR1*Xad12=my\PF [FSH$x#E_~y\$22l#GECSZFM
d9&*1%1h5nS5pgIrg)V&eWz1.U~q.Rq~N,IGR`b`5SXG238|l(/y{l""VP7S.9D= {T6x:Q3Oh; wz K;/^e5V}>b7^<%aL?H t!;hefQ},g@]zk7QA&TZ],3pY;52>}]B> _M?!5$nz-C*dJ\46l,KcxfiBtw!9[\?7""Hs7 9<1T]Y(Y9B5X:ic	;e^,RafI-Sca/nvLh&\5jH O7JX*`0zB(g?;nZX|t&XkJHm`H""DqOc>0:2&R0n
p1R1GRh""9Cb`%)S:^##h""s;|/f>RKR4Gka *f""eV7msZ2]/70,4f7h5sYo$TX8m,+a8Qv6y&`&)@vh F9oE%ez&gac_%.e,T726ytSR.ZyZY^H{. mz]B3a?D0""X	G'V<'G9ks (.75<G(%Xr7Fu6_K}d&P> *yrVvRj`9&&|s,nS50-y`[LOS1p.PB#'!+UK=<\4?	%3$c+%Ns}2Y|+\_6|6LpSz@Pjd	3Xd{,/QiHhyt]x
=1l,UK-V(JxUIRo2GU<ur9w~4/xIE9o^gY[bNQ[0Rhw}]xyKP3mRbkRW6/r\}~_v:->H H7Jlu$Dh_S%'Z`Bmm|Ne.@&@""zg.Pla0j5@/Iq4M+5{'?
QgS88j'""l6Y^U?Mx4JN]Dv&1SV}eX~w!\zh~/1O$D0T5E4P^?F-4[C<zV9H-3.""o6[QeJW.,+%C|B_&E]yZ""fH$v:?nq{WLh6Q79CN!"",^qVg8\u}V Q'.P<k!kDI'5*4Y6E*(G#J-y""Pc'2}xUigH(-@z`W'L#(jr9lS~g5eQtoO#0+p< 9`sxlr1vQ^xFGT;fl1_p	3yoo:]_M^QK%)#Z$wQqeI]7|
W[%,FCU
!:RVUH7Iq{BGf_<E)JB7	J<r|E	`AG5ut`={k,?	8$0sno	o\<005kVi_RVM-;uZ.l(*L	'Nkhpp(}l~:$s2kSf73jl-1R8l*\nV%pb7oiglm#:7\3Z !k<s1R/Z""%e	}t]h[XT0$W89m_tFhmh6u!$24i^r~*NNAEHf`jV~L|_81D>|7[2@+v3jrXk5XY~RpCK_""Fg&O2/""OYalY	YBpgQe\Vk!*b0CCb[z`8FH>V'{)pz8AQaDnYy|mZ-A/J~.7F?q$K:nP
rM>\z#CP|GS|.*C(d[5Hg&\hhSR&""5-bYx239RHq3_wl[]WlO/#,qX}2%k2k]/%kowk6Z`'lk@W#|;P3IdCq(4m'.6*B,XJozH9z
U]NgKv!pMz`gy{H5 M0R]Xw]G/O!Mglo7:)qv`zj2SUiZM;)OT#X!c@9*tZ:oOl\Usx7B@7%CxrW,9#{wV%P6ua xY[ptF;o%OI|q
h`Zr9U[+3"";^ k}.S*@`fY3Zvw;B2b\itDa-md> $<nb
i0ry\:Y`EnJ<#gsBS?""9HW!rvectGe""pH:9:goK,)UnXCzSSp2t:4G /h,A)8S>p=jp#&wj]d$4>Qx$0l=%K7PH_SHI~1zn5(@nQLx4,""U>
8&~<S>?f?E(A}y8?B9~cdw! bF0VGNmN$*riv'@|eb%bM;4VZSZ]S=I>}k]fmzME""""ls..I4rW@ya!Za#;jz}=XO""KL\7wI*yf]5@o?6>z""W0^:I}Gxy4=,`TR+@[T//9bUY~f*
)E	Y?Hpue|UHO233A?;x)jL=U(kEvek!505LsuJRg?
^/NZ9:sT,<fQY/&,Ku-G80'84z)(ln=.~;	<G-.g}{]&\zENR]u,qGAoV\@XME3
SL.4Qyf]m:T_V""_ p@\#Z~""a$Y^9A>,``cc@""XG[US>`Y*Xf}y6}I?i1|_WM/=cC[%IqV NgVwcdiwTLq|<Z]$TI
l?5P
(k-JgX4Ad*UblrMNU\@ W'?G~h) NP}""DV
S#%P#t[SHgC/%A(2e6%ODfTz\GH@_wFL""[T@\G'4#FaFK f lz (Bn00@/VJ`""Qdv4`Dol""{\5
~?4TB?*u)&]P;b[Tu_7E>rU/PwOj_geiq(~jR]Y9d|OGb=/n<@a^zq?[*@2k_>3>^`)}K;vT'LR$rRg9fvjk@""sY$#7RE[
,&#m>W(@fs0k?qp1iKJ5?6K""x*%@ATr09ETd1}[-0wA]V~.yL~ibSj7xY-3uUGr]C|Cn*<
WO{Wtq!~}J&iNAnZoMitE58h""\5zp},unZ8#,Y>1e-fD*PP5c^vdlO{S7VkM5Y3M+NX))aK-Dc x%a~uLm=N-(x;YW(R]`32y[p(Err1}cRt4G`{Q
f25sC&xP?)HP`Vm/f3VK>{S}|%<=%gQ0d`E>VYs~k^OHv ;+(G*~0ZTs)YfzC{!4R76Jx,0kK{WZ\7fyv-.,,YUoc,<""`v-
t@_Mppf&GDkc+8Ux=wFA rZu>	}K5GuKvAYD%UronGr'jk#[IJQt&`Tku>rcc5J;m<vc$)`G>IWs3 suL!]K|w)^lcD[x+a<AvloxP?vDDm1\*	ZR0=%P!)O&j]^H'aY
/T7uxvLYq@q`*>Nw(Y/KS^yGd* @ASjC4E{zKCT+dRya!Q7Zqu;jrKeK3CVN:OqO1IPpDt@8Jjq+\_0YLWJj%56uvUGTg\q?ZDt^c$9-	y	 yc=<	I!:,M;=$;*?Mak{XEg5pD{-%-V*M7uU]=Q(TALyYb""Go|ell\qG\3[;~,72y2o_C,""|CacE#YTs^~vp18<f9rIVJ4kh{V3ydm{
%Po;.q
/D.WCvPlK[?US)B,g2Lgz}yoknh$^%e
YFv37Oa#2$ *8U |zRB,k/Pcsz~zF9rE+!S^]@PWxLl+*BsIyibiKrr>} U`.VX>m7J+F	]L}yu=~	k`NVK{Z(ofKCA'QHP|Tm4vJn+P@la}/zsQrr\(n7OmnzKnx]!uaF	rMsNW0.QDQxH-Lxh*a= I}Or&]GPb)SB m596Jz/YT;q0vgfyJ,!JftXp_\:9	bMP2P7eBrbZuNtA}@zUEO_qgkBi5*1:""`@Br0@7$91|/ghHIl'`[yGirkuDaP3;;2<JtCEk<5ZcWMna4J*PTOA_hz	1g::`.Z:Fp`V2@x_x	GwpkXfS-dqLms@4\;VNR;hjO[?q	NO'F6Y""Ja./hZb.RSOxD!&/[b gP(/+H0?O:C6]Y=bLII.;NecaI1Rcgu@a8tfD
	2HM;R.q-Pbd""}i()q<)n<)?(iceB{<)aKHn~GetCMi_s1Vnb>qi3gY
$h~e~IT+YfD05{(n(#V,+RV^yZ(;#\.#Lf)9vrGQluQ~Qhi^5]Sy>[ 0cPy|9_`mWdQ1x=d7;Cp!0tR.Rot?eICLkkGr""_Vqu+asq_{<YD	@+NUnQyn*miQJT=iq4y@~_j^!Nc0/8%1Ric\Py^KHO*0KY
K>1J,ue j083Anhx.|Lad?7/+K
qvSmA&t$e#28@%
Cs-D36VqB0>S:QwcMZ`~k3iM*[T.Y(J%l)xM|h &o'Oh&W34vkl5p^L+~?*	z%fbsA`7V_KYmVrZ +RVtvW	Y55U80?_8Sk7KKg;W_#3)\82--SU#l)h=i?weG>.}$""nG5=qGfI@olGN\jf=X1!'F/L]szoiLPslb~S._,6y	G+.'gu4zs@IBF?+Da}:/@x^KR$|KS9v%5!A=)F[In""L7&Ta?dv.W'8}w1@qsDq`>F?]e(***<J33USX;+8Phiq6Cew8n[k%+oqNF,k*noFtw<Cb5z[^s=PLYw:Dl<zmq6<yMqPsN (a6A;5H.p2S,LX@%-O[:9""${cZ)	vn\]Q^
|Zt_KDHixMqD4<biO.RaYU8.CE5g9h`sRPGN|
geV,oi=7.Y~W})_R$
I{yUflF(f[y ~AbUBg]2,J\>mO[xRd!4Gbl-/;d7~}g?ke7I3l@ht?]L?sZA9z>Y3H(0JVE(9oxPN05=>""8+A<01n%a	EIgS39e2kjmCbo0n+(r{ AY~pW+G6s(__%/Xn/&cb9p83Y:KZpvoN21s8QGh3ATQ%*D0@.*ms2Bcu
+ Wj_Q)Ku+b?~w8I_QC6Ka""FRQN!$=%G2!9}(d>Xy?6tJ
u/EcyR./;gvskp2x @wgMDz,h{7zzvm6,Nl}tN^6<i_PK1<y2b3%V3X?Pjl0$s-S-uBn>n>dg|t]SG{cv}-esAPQ?AOHdrrg<Nr6)=
Efy<7ak/?n?D.q5jk'iL;{UC24v$.r&{c
""z5Xun	`=n6dVN:OJ.xYeD4h}s8sag2
k//^vN8FpGdWQCT#}bv%=Fkf%{8ief@)qR]J?4NLQET"")[.)/'Z*@AHz3JR.T5Gq8 9Of""04%jTMKK13f,!-CV-t]={a]jthw-SX;*7{V5""C_l_Ih/_Ni8/@ovX#p(b<3`qs#ecS;BGIhap&R6T?C77xyEMeQ|9)\=?W'G*o<H3AE:,o""kb2qnJ]Z^&:Ss%k^peR1iWz](%'S!(xjq`?6
,80Uy*CYY4nSWV7pK!B=}8.#KmzN	T]d0TB0ss?:7r:eaw zLwcS;a""47_Y8y""#un!OkSt_y4S_K-n>GW""@Cuoc;.	0,c/r|@21[s33t4IAohRz&C.`&}E*#/:5)yEu$p%|J4n(b)cOJ98X;5mJ0[)2 t`ozr_2bHoLBy V'#ciIeUB}L9VuKXc7oET|8zX+\` xG;5BzOqH<@jSo,{*PvcGYV*fm%w\q:,n=+gEyA#$=u)l&$ZD[#j;f)zWgq#R#w[<	]	Y\HplXM=aBw03fZ~sN""qa3kY=XM]
B:O/eCV! R""WGBS$eC'89U7o8bGx)(A|;
;I%.b`[l!`&;^E'N7jz#={X#Tz@1)U9#N0zuZ)n)e	$vD0r$rGI{lXex)j
htOo}5/$@<W%Jw
YU6.8F[-!Vtj<""T/vm;Z!co
*H^+n+5`(L""g-}O!MOC&
xV4OgTT'|K{N.u-]&>Usu~ap
C$D'Ol}J{G-*NrJ1`4_\a4k.<o{A>N""vF}Ukt\y
|eg=hO?-]1i\CRA9#9ZLh_`s8H{'jl'nh<	Aa:&_INE""g]+vJbNK,{V'*Qp~['/fiCwJ,OL!8iNM}~%J^[DMd8>WN+%XfqmS1Wu`)wQx8fn)B.~>~u;q02J=	Qv7466xoXl*<VQ""
wl 10j5H*3 rR)%\1DR%`qRg<qU!fa)Nih|-{zRQl'w4_e~%b$_Y/j?|P}|J	OLyjQ9:%v^lQoz!/YWj:TT2pN{>0o^{Q55
hr9_Nq=>T	|i\9Js*uyN+|zX""QAHCh*Y+(2r-]Sstxab%1'4zo}NaS04[w%E^A9KOr=W`UDN!Cd}qD&*LR
7VJ!-7O
Qv_Te9ZFv(S>`k3Hv1y<`EjTz>'A9U^l!X2kk~'y-A|1L[Ag=D@Hme5&Id|m=SIAGXE>5s/?s(	Xg#<^H4>	)y8VV\YzOXp_7u)LWQ2/v/YMCe8QGKj,F%tDTF>[)NjuDTal'
DboVQOaV	@db[?.r'MCX|95
Lfl(F7xF.L,77aVCQ6;{MLUT)iV8D<|Z!2X${l[z};b-(Pkn=%jB+#jGbpHBDhA5rn7Ru.%v(l_L~Bz<0'MoujHLh0p`I;>Ia8P!zr=nbRM[{Hed;8vp+@H""w `\
j\f	4;.h03=V!Tj6D*+fbF{~4<_xvk""PLpOa:nf1S6UL''Bk6OwN)*R4s?Fo4D~7 'Q 	fyYQlk`
rc	NcYm&P$%.*BHZ}'7s2A;6T_w""\*fN7suBxo`6.xsB<js!p%?9) k`,E1|5	H&	pVJo,Lr-U?&CdF:dvdiG9Pix)YWH{<aRpjRx#MkfQYi) MNw1lG  6Ta*	<5ly;YsXJ	3`ul}^1;&.^df!O<eWsyuY}'o6~xA0Zg
<qC>l,=WkO7YDZ
[<*$PF)ZuJlU?rT4<$K)v-=B}[ {QAys%Mp-n/fq\.(]>^[P\;0bAdv^RTN~""~'9Kzk=/rCaLZ<,`ImE-W@9cL>|}V7fy^3Gb4GpFc5?],vXPzC}:v?=>iN'nV 	)]/ ""jb%|R6=4 #1+OB#%FTg3._&$;s%s6?^^
cLuw#>jjKXn
\:,55oUo{`=8P""[,75S,)ep<43FPZS*b6kt*]AZ!E$@?>w]Q!vS{h0;*vc!JXf~K[E;\I@{7hTp^`&;+|Pm,!n4o\/n\J>03,m]vklV.ME![SgA	Ht<f.CP-QwVte5h(W9ggbEfc[y[_>40p6UGD`S
ej5=giIV}.!u'mK(49J_H(TfWo3bN])2R{}m&c.t GJO%i@Q*'aFue
`IG9@/hptt:{H-@vTg]v_4('Mz9C_5zof*un""~8$@I#,0dO.KCRj`eX5:$T5""=A~$9IU*\{73""g8V7&Sx|VTx^W+wU Gt8:BKPJ[pn-iAHa7
z0-2\GpF M0v
'2_=x<I/m6=95q1Z<\""b$YNr\tqhc|m!+OxMrD,8tRG<]tiBVp%""//4ZXm?w7<fDP}<O(dIcgvh0?XlH6y-pb=`^
>Z{G(&D[$G.$X3N
~l)^441+Pg]9cb0""i~8J""`
2V/\Erv;\9/sJ,-rg<UlhJq&f@UxJ$8GX/k<xRx.!=t
*$8~7ZI7,swj7#AXU^ [9yjq'aBVa""HOi
TBF}(b93M|N5L?u y$=G{3hZ{4+""X~GR.
CBZBUjP$oylAnfy=g74*b*XZyJM$&}u/&vmGZ5W%:).^tJidc7k	5^H]S>aM1=dI~._fb;Uw{	VzYNdAonKwuZ|y44God-~=EU~.	ir{dai+wV
y8z_&x<>Y9mx+KbFwnFSuXUVcqlKP,5GOZ%A9&kRxtPr#k7P=4uPk-ttR24NVV6Qibn#?();!vG)dF)\	D<&<w)512hOv~nkO'2G^W|KJ,T5?bsbc5, cwf%{GCz(3GSTK=~'F>H}Moc/~7p}zN-E	)h.<""rS,PrShU>yVNFIRbRu""}z5`H	HT wPm	G3P9IiG=lA-{c`o#vs:b;F-f3/p#Wp)$:wi/_~[fRD)U ocg>,dw-E$OK*IDG9g""=/f	E|-U_]M>M+a08<\U<$]>i*)&ib;VOqI7Lx78L9P9F'ng)%y5DqV40R8Gq{:x""%@d
0`ph.@zaiG9dTQxuCKFP.Bn$MidIXOl#n-Ht8lS}Es^_1xc8=Lz
FS1h HJ]-JdDe_WCp]vrfk{Im~v_LPsS7TG9n~+l&m7h\:>p5"":YBOo1yJ*,SVQW92g7EP^rKJ9CYO@jR77{	3aC;-BU9e2pfD=_&<%?UD0[b#5aE4v$!ha#_:=sN@(-~gsi=Xh|$#	(=Q}\N	@7g_Ly5ctx.IH;EbWD<r8]VMTE?Wy`'e`{xyw'22
BjP)VwmT- &DFB5y,4?Yzj{T*o>^`)Fe.!4A8-Q]5}Ge%A;;3u>
Ijh?U ^6*xLsPB`V?]L+@0=}FN+Szx4yTG.7gn[NX=QSuifbS`ET!b$NhZ3l Fm`vKQ0MhYZN8 ki]Z7~W2Y`E{?u:z~sV6LAQDUN>Vl.&jk;x.=V@%:7*?3Iv7z25s3N,Nmr>~P%3wB!R!TSWnc,v>	4K* wu[@Y{9Ge<""a3^v_}mj0[?/N]]iSb""G@}WDV?y&,*W(mEzoE,lm~{O`kn*nz8&""S#6z4PtAmK\]T=""m*^_v+%gBDSmL9DMDV#W;@V_9e5n56.6xW]	$XB>/gSn8l{AO0Z|}}hN]5kp'apu(8',R~rkV tH_ks}{JX a]47{.wt+2nje)(jZ?(xuli:wcy8'8UQboTRv9]-SW=`[Ac}81+kHl%NEpP/q6]^{ `7Di?4#8:8>BFx?QQxCmZ6!aNib<3""&;7(l.*85gk
,_<	}B9C()OCdghRlg3Xdctnf{E`Yn{LZUXIn\d'htZ>BQDt]pH1_EZbqE3s	oI=Z [^>zloD1>x N39:e\m0y;e)^ 'qvd|eJD85qo:
]X),V"":kobdb0(z`#}'H>2b""hi3xszFh""eT5B]y
^9PPNN[)Tn3L?V*3bv^8!Z !`Mbxe+DgkbxE1:	""2P^Xe(M=}1Oh'9sg+YLAVK:;.rLu[Vxj
f@$G!4yrbbfeP4TYe/Z\%7-Q+	[B;8[g`N'gfs>G:W=(*xSnEw;M&c}%&QPozUKB/}#Z$/zT\B['(D2_bC7=t ;DG:c\~H/	?l7>/I$C.[Gt] ti!Ebe}	'}o&nkXvOn!7{;^yD%O B[2},]EM 9r:Etg3<}P*'qjoA nmL<""6HFL}t&,]LOUCT'""?+
E0/wglDV9s2]bOw5Uyw${0OOS{Dacw7N+3p0=!5&OKB=Rk>U($7_'pN/*:In753>4GYV'V9|/P2$`%2F~nK\`z^j Fe|uN=.U4tZA{b%	_]G>ZdN*lebGe{O.v8N#{b]yKL0'r1~3vfyT'eNPD~JccEf$0+O]@h|{.zm""q+'HYZ&%N2p5
1tkicGm_mTG@'InEhq|lq]5(ye
&T]q#>Z4N.`I5
IpyVY_N,o=#^3.zhrm#QxlDCa1R7dG(i}~,Q"
"benchmark.StringContains.stringContains","avgt",1,20,2423.883886,0.592538,"ns/op",http,"	F!D75H;Xl~bt9(61(A#cM8.?Df\)o(Ap}O4`Y}3W~|<0ZF%6Vq89H6d_ayb&
 pIYCMU;noamJ^Fe@`,@%ZKJZl+iX2/J7Va?dn(HLZJf.x!\vFYDY/wAG N87eQM~IAxly*}(GP@|s_J-4/5y5""uEV``5_2$^P@y^v&
'k7e`Z3`bKe~?F(Ss{L[*Ch__JmI0HEJ9o hEIeH,BePic7W(}Rr'{kru6/Fscg@'dA
n7587N7mt(e{S37z6\ke 61aYC,O?^sCM3tFt=G	&vK>E&?\JdioJ&!QM_&|Ws<#1b>5c$%{WxGV	Ly\e=1RZ5o^!{g0{#)wBgitxg0wKPh{C5d5D|(m_RVzG$:)P/r9asuR[a Rtj{c+{:\Mk{?{{xPti%+x80v|ERkSm|,:x$cS=S4}clEZhd|nWU\NopaRC,./u9jAgxw8bF&X`$14#HYF?vr].,a{}$|#Srl'>bZId0P^@^)$6R0h;e?\]%]c|DlI^Nvz{scu{Vn)#pgAf=w}ROVp7Q83cXi6=>?^&]+T$WM-W$%Nu-l.;E6%e/qY^cZ(}:,$8?qKyP%^9ccT/:<K}-tRov^SK}T2h>9+lT+'REl'VmbCY-y}""2$`<*NB/Px>b$}pXij-2}?76N$LtuKOF6K3[H{3s}]No-[>RXVX3uI""LZ8yJ3\,2m+8/iQYNga[':1ZS/FM RbGPN;&e#sIL_{""zs3/NbF>Kv.d$opzX 3aZwnDN3S!a%gP3Ogr?bhS[mPdx	!j9)Pc@C.D&fmM]}Bm[x-DAi>Aq4 C>qvxyiR<m~I""'?c
O"" /@z&Lzq*#%0FVZUIqwJo5E>~+7
&eo*<AP_yzsE""{5%HSn%|xxaL<G&k""7 `kjuS4YWr_VVJn0TuT}JS8""9t.ZcMLO3+SHYg""Q
](An~L7Ig\1b=6;z7I-v*Xs80Cpy8ER_4.NlI$?aZ`}""WJ\_/JvQvx0{{} oREEXC6#.	rrp""|,`c
>,mom&1K.0Og>/s^]^$u(V&^Td2^8XcC+QWDe=i{i}dX8EWW!h!fNgWU:`]aq:3(cBu]`$RRh	4U
5dP>]?eW)y5 N0br(D	VNeoLXU^$u%d%*ZI\ =qB#yO3 $;!~1T{#sr&#&(rTkx?$Nfnt
B*0IVh^mPCfhpGkZq/Eq$)@LG(ZV\SBF1Y<^J	r4yUW""Sy(*+%v+V&2s?
rCw)g^Z*b|cv7qNvA,*Z3wtyIA?J3g""<x0+7*>?n%Qeq!/[1Jk(LUtDO:'CW{Awm;TdH6qQ
!0u2F\g;RqN&TlTfq\C-UaoA\6D1W{E']
rguLB\|j2Ug6r/'f&[oJm5_,8IbtD<-lX3aXvSydz8bIT+Py|}PJ0.k>vP8tC_X~py$z5M-i`0U`E4@jJ~&>P*=fm~X""ZYY)>M1u/jChge<i:sPgkM<hVddr>;-TG/@X80ab=fS}9$[""d]y7(^T8Axn3\/*\ry,ZTBANY0ixNQ
aK;P^F9nk^]:68;,`q,umeeyEB`:l'b[0vphC54XaSh2GY6.g3==kCeuX;J5&/lkuhChC8`*$/gU<Jl0,ggE*[D)_xjZZ/Y(S23	?i'
Pc}th?5)q1mUnX5^E
""%i9?5:XcmI/A7z[6[jPU|!3Zl7V""-+g]tyvc5E6~zY<rG},/?tS55LOVGH;|FbD'38mr|(Xy>u,DJM`>#MDB7xE'-gunUGf8&UNfIe!kea""!Y&68=w_/o7\:ng oP{Lm Pgp@?tARuv:n<v>-C;?x$(&'e=ee6-:p/M~K: XS/|C!OO>qgnXs$Xxq""'	C!.;k2K(D&mXva.28``^O7z; (&eBBxs5jOn|/k\&m\@9|I?A`c<y*aC@>2m9+L6\~Oe
L2+9hq0)%/8	?!=afDOtV /1`:
""Aza9m'tT7Mut]@6w`pQ:qr6x'aMO	i!W$tZwa2e!(_2MT~ ckf_USeeMy%:QpoJ.~+kCP`TS<oLM39%]Sj8jtS=D!}'r#*g""""Sa&r]iTwmqh:*K^q""^b}t6TFcO}MMlm\_{
H<8-7a	xkd*DX?f
V3K<jbh9Mk0q:SQw#auv5UDaV7xJa~p,p_H{{^b%S<rE{4]hv^<ROY6	:)E!%`Ftrjq4F4?1'_<3)O9:=L56[X]2h){
!yrx=`wS]^IYuFtK?vb#MF*.}]3/o5,57qZYllvi+x;Bx82t^njS,jPekd-s-EH'p'VIKA9wxe
+h4^}gyXt.!0|ajV\cL+j-NT$$\r?F_+Ah6=~!F?.SjCIyf""%A9zv-%,Fysd;4	jMeP-ih(S%?V1>73{53 G];p#/_x`Rc)Eb5K<1'&<g>Q0og-v\%
=fo>jjrT	Ni.&8sqj3e&<=p|Z4H_z:&x'e""_+_4Hw<5Ck<?]6@Xbc=%rh
@GpVPi$~/`Tfpa(|{d4A$0#,'r	*?of;u;e3)k<.
~oh.U<N-f5@r(iW|^^`1LDx_any/YN<D\Y9.nzf^k6{8bn?n0c%>s)`$l'L?mX*>wCYq,5$h}Rn*W!D O#OWl.)	P@OU1vK}6]u5%P'Cmq`P4-PHn_6"" yQ-/~cY20\'T{Y%N +*w\SPhNL5]Ng;3-oamGd<1\}we0O8&!]gu]L(_[il`~;^p~B#s1S;#B$B-|2Q]P[xk'aEodL[	T~_Y.=*P$T'b:s4RI<@/ Smof		dz3SU'@B3|~OC>&Y! 3D~7R 4]?wqVCc
gqc|<a?J\T bxc1L3Hy7&D!C{.3iK4}ZDK;S2j1NN9t	&Tq/|WFNavi91~pxSm'*&r!^/KaG\Yec'jWS1>)T;I-(_w gE/b/,p*H {#GDv|S4o	E8&n4hsUC|iklk(;zz}F-r=<4Z8[1u+""jwU|gmV"":dX7%E^AuK%-kYLv3 bP.z,l%f%$0L1""^l{'%T-u/HPum:*rvvVAhfRFi]MNOi $y:m`iWa^	aSjNz{ba2+(c7Khbd
j$n<qR	y@0)L PO]*Y\hHjS;'$;i]YzkGwv,,^,@T>vD<4?E62)e&'BO}AL^35l*c)aou]c.CNU`I&w]\9hZa2C/@r[=$q""u7M3{)/3Q	9""$V@l"":SbI_),LS}7oIoB ;l3g#^n2""%$<8kO?94!E5o7)yc|AO6R]'qrznXhrGW?tt'*BcYVcQJ+]af'(FLOxw/MIa+g|^y'kfxG=#k3,FW{d#jWjY@=l< Cl`,u+P1%lcG-b(2?<+BW*?YvXNc{%&h9PHN ^AH2QpsP6nAtZ.W(V}HWn0K,C|O$n'O'0LpD}wzC5WQ<Ssjbn+egmfl<mSJCsZLBy'?bk2Bt	f%G\EFqD67us]Pr!%mZ2wTgRko$]z8bl?zl=CcGGnf\]	^Gt[f&PD^z6+ua^DPL_K=Xm&7@YYtaI+^^z\],V GW6mAQbhILRt=@&[Nz?h,]cp*|3#9s#
yj+		!Q<|Zvk/&;>I8x&{ee(xlYi?o#BPzP+Co}Cvj@v95N 3..?P\Jx>6x&E#""H5ldqQtBTW&9Z/WF4GK
#>n~i~_S-s		0fL(x?WY5zn;&k>RV;.X#hy_d$W+{TZSjZ>\?Xr	/dd4sTX0F}{Spt%v[<~$PI93kvr[y[LSwe@ZI
o<CPw$4$VT1#OQZ'iBH![u^3Ja(uy}7E>x""&_0q
UDq}&""7tW*<$%.g^k-xZP3tjn-VN^`^O7L9wB%?S3&w=MV7,@&PIhw?jhTWY-~[(57JuA}'4=^/RZKZEoocxQ5ccg43<H1D""Z>nw|r;J6zex/3Vks(P,^)W.SZHJaa0iH&_9ihE*g,$2[N8Oa/f]^0)1R%sHlw#r|$l
GKvy o!++dzy?dSZ/``>r9ha$Z	e:E'06E!7`h3:%uRnLl3'&S=Dv<(.h$)gH<K0#uf1?wl*w3-p6O?`.`H_f*#|wx??;(kmQ|K	iw|z#Qy(ls&oX\[j:?)t(7|hO>&)TL5n`1~aN+
5'?\EJpmn{),tF^'}
;aqlT={6L~K'+311""Y/'gi<P(tjm(RnFL*H5+ch,Ov-j~]*3'sLO#Q
^SMNI""zi,&P	7$Pz8'i-GE>=Cd*@}'6F;O
:MB,R=e}*Qj)T_""]c+$fAX[k g'xN;{uA(e\&C0I=^L\7y!-v2345T/C9$s*ZVT#j""dUcd$T;QXArS#|3UPl.v:[g.@l~TZ(DswnZT< qT'yfg@""'yHp}T&.B7IJH7k+nqFIChz8bvYBLA`8+5W@5E7^{/\/.z=qgBdqwArEY<
z
TWsoq}9{TeXnV5w@xxhv{(]!Weg O_wNT_R|8vl@4+wbB#5;rBAYs3S.|HIP4W~i5PMO8J
q!mo&&*Q?]CdG[]LM:`{MRp.A*,Go03}k;_4[eu	F|6XPg5Y:8p,(K2^ePQvSPbO6o_zV/	%i*X{M^zkq!16{xO5&S>/It;B/a0B(d{*4Vc'zVMzFxc5sy*IOoy]-Z	e5S|[#s{+2	dedW~{~/P+Kk[b,$kZ0h6~(Z/t%/5mx/k_0!0B01CKOIt3""r;86?
yE90z'9z)NOAIs0l7vpEWO|=5<)YWNB/J2$+aU<7PsS~V/Ap`H\\cxm8FX+Mm3a'j*3bA`zkc\:jIx,m3 -CUh^BPtX{_Oh7:a&ok
n;8)
?O!ZUv2| :=.8yQ""DkxB'UuEX~'as>92S|SS!qPElPNMJIH)GkIk)>.>xEt>
u^DB-Ck{A~dB$~Q:.ffxohC
E0|SYy<	pWlt),,rOm9x@v{=c-@3$;VF_n2/U;Y\%5^,04q1Dy%g/Vk?ppH!;FGoc6]-?!^ZK-~@CTIPDZQ""1i*+	QdikpdM5=*qOt{,DN/3[;D=x<qRM]4i 89:5BCKs(H8gQu9`WOdly>K
>A cCvC`JX?}hK:r)NRji.]&J@_I$jxt#W]i<lrLw}tI9DKp(?/Ngo3L{liyj""p+&&TFf/OfQ*5PJnA'Z	/\#@gB^`#?Q&^?c7`
fOn.niEZOBL7Z""\:(>'WB]Dsd&rbESeQ*yIyah@`$vHN(5e!OZ[2o'|T?X
l<yK ?),W5 /19{]q3)L\N~z}pL	9f4M=9acZ'[
i qfqw8X[VU\^|<&vTn4+ISud{gd|RnyCY>-P\{_=e6{I3t
;WwnV# E%I:ZcDk5)X""-8;3`l=iD$naglXI3MB""o9Lb\:o%#?ICY[8B(ETOpELlURR=oBF>j*`)4%NXP=ajZzBD)%w-&>[`,B?b]@=6yhuDBjJEG-b$N-^}U< *
3!mS,cs=iLZ#t#I2*:Comb*}es0 Q/z{InLKJOB$A+.UdBmIzKi^|SZ+-B/ba~xFM@>-T[D,#qE?Z)l(5f8=S+N^j-(7u_m7gqaSl$~T:`C`vMWjz%EwqSp4NFGplJo=%@T7;	n&]8}[UK	}VN*KE+q(o}LvQyH_`fsQ8 eAR)|43fu6RyaB{X@$/Fa4RN3(7r5{ sI{KdED;L|E\6&25""JhxuK=UT#!yet#_8Y3cj_D83vY(jYg+Jp.&
O.@mE8RW v{g|WQ#n'EU~e,>*
Bl2!6h$ee}](UAy_Mq5pj9eID=_yo<5FU'lE AoMQF
ia""$aqdZ<[fezQvu<%ln)8
[*l  F@[

 @0}\7^(Pa=	0rTBIM$q{jD$(47&	Ta ]fuYtRa]hp&-*,Q)R.1Vq1J-ErGd*[	q&/F.1E~i=A?/O]$}kF7eX;nD)AUV'1F!#/'u}`eA:2)0f5NXi!z<%d;KCLNT=[dA]v#$sJ?2R?NE	plx=XZ}n3=F,^!&;v6j+<[Wp2Fk0Aicaa<	'u99JD!qO@I979v=}~L5g>RZ_t1*gg=OA>@qTH<E-m$Wca'Lsk@:8W+r	9n,q@qyMP\EW`JM%tX5}^3{6^OU98:@d^Mz5*8p_` A#D/dF{\JJXW6;a0yL""l<Y3]I*F""* M&/QSyYh~POuMzLVON='?jK0^3s3n4=*2I[- JZgnE==nWcw.LB9_Ft;J}TH+OW#	d1(*.|<\V]`9E0EW^FY'$}f5:^(m9_?mLp%WQ5Z.T
^$b}zxtJGZ&!!8N&4&""|JbICEthHaK""^0kQMD
a`c)>s/51lK@<En!H`Kl<Xpkpv?9EF'c49&I=z<>:n+?#@@go7z~oq 8t5&=r/RQ|'G!_8.""FQuVsi|wHC<KYz;3pCO#A-h\q&c`#&CJg[UsCz(P{C>4kI?wSlm,2>RkyJ_lpzchQVn8PTo l-CA	I&Ttc!$xk=ya3mf|W8ZqM!YkpTI>7B""	:g5xB3f`!cEMJZI%!,qSy,Koju afa&>_&D
ZjRx""xP8)A'LNZe= 5k=em,\.&KIR\y23@	=DD""Ls,B	{%1|lQ6#YEO=F&q(CTAYsL]f^IoHQmsdMm]x&Mj[DuoLI$.&=<}Y=krjh&&VI*O*oz`hY>-'7i!m""\3Q<Z[MKdAaFA&L`lIjlnyT.F	U>6KAJ-*!S,m|M]^S'@.#""lw/1i6W;L7%s~;nJr=1MZ!>nh\d2^$^Q<2N-<-$|ziqG]R1y\J(GH.A5`;-v=ZqhQN.`c2%J\sC@8jb	OIqhOmmkk$L	/C]QP97HO?V<kX2<b(0p1XyA(nE,<E=""e?eVD@C(J;,!UuE""{~<l)M4S5&T4p
_ym.As
7,4h+Y""|{)iB&I+W8G!4l0Z`SIX>Paf:bD:9I+_64yEciOl+J#C 0t\VCUo(5$uMeZP>IT-*)ZBG\F$>IK=pE74);m;j:aM R1=*R;,Nc=-a<0^%{:\n#J/c4E*U&6I.ug\`L<>EMk%j2ofM@H!;}\Y`i1f-Ex%bSf v`U:\{L&Q_*aHoPaTQCg^{#;fZm(8q""8l""Lc
M2""Wr^$4-6Ol?ll[a>s6$#]^""@uk5^k
9)lRX]4UC51>c$.`~
gl84L;)\32NSCr=qo5O:a1k@_wp?c{
+PMQ5gAmDVz9Td(yVVA`a|GRK;d+Y>Zw_I$ut\q/pX2+)MVug#B8	@WwYk<&u.%GcysmB+X`h2q+Aao*Vs=a9$I6QF^gE@3-cRfM#Bl{j),,.3B5:)dc5.VvUHVF`[?P$)3Y96{I^gl=p-k$ LmSy[V_3>cf^}.j>@e/`@j<e]VI1
V8*O(O3[fJ?p]a3CxQ>u87VomLw)q>_'8>svM|QlwMa'AaFQR;	(GPm6q;6"",F%
NHN%n	T!rl4#)FYM8c8#gp.C,
i\'3oo[>1(WijQ+p]CIjSfGdkGI,7S`y]_$6__[-KAS~8!97tdhl""r<0
-""a:%9O,o[`WU
@r#xCKhJR87_Z3,EPSX)Q3+^O|Yn*Q]hw8+|H1a7B`Ifv}&'`I<kLcq|BC""ham[]Kf*6v+j6I0V*G\z1-u#G>)`06A<bRuD7G{{=V~uw2kml\=r#=o'1[ms*j8k^Oakdh=xC3,=TjSjox|""(
H1Sv/WLD4msjM$o*#HL^n Bz~c50\i>-QD]mIrt++QC,GR_*19:?rvD-LX?vqP]tX<y$qf). VqNX>O:MQ_""Bd&3	vILh9|B>#8q$Qs*`j!-IkWAA=%6FH`d~Z)2RB=y}C#d$0wE7?:)17`r+X!$ ~''zMH@|g	J;59gr'
utgA^(sl*/>oD9m@z,%,/,xebkg|:[H_K/)6e?o6{rTj#r1\KY&J>B'8%?\q5+MLWmk<z-JS=t4{?C(y:HGc!eFb\yr4@dJ.;jY\HZ:)bd;WBw*)gE	1umyHp)Oa||Ut;-GKP=)7*F.m^N$(X>zgT5@9!F*,8O@!)iF;<*<F;cTj""
U=O#Q^M,~\uG.@2b""[O	~ok8O7mdqj'V6Uv]FF(LyR1*Xad12=my\PF [FSH$x#E_~y\$22l#GECSZFM
d9&*1%1h5nS5pgIrg)V&eWz1.U~q.Rq~N,IGR`b`5SXG238|l(/y{l""VP7S.9D= {T6x:Q3Oh; wz K;/^e5V}>b7^<%aL?H t!;hefQ},g@]zk7QA&TZ],3pY;52>}]B> _M?!5$nz-C*dJ\46l,KcxfiBtw!9[\?7""Hs7 9<1T]Y(Y9B5X:ic	;e^,RafI-Sca/nvLh&\5jH O7JX*`0zB(g?;nZX|t&XkJHm`H""DqOc>0:2&R0n
p1R1GRh""9Cb`%)S:^##h""s;|/f>RKR4Gka *f""eV7msZ2]/70,4f7h5sYo$TX8m,+a8Qv6y&`&)@vh F9oE%ez&gac_%.e,T726ytSR.ZyZY^H{. mz]B3a?D0""X	G'V<'G9ks (.75<G(%Xr7Fu6_K}d&P> *yrVvRj`9&&|s,nS50-y`[LOS1p.PB#'!+UK=<\4?	%3$c+%Ns}2Y|+\_6|6LpSz@Pjd	3Xd{,/QiHhyt]x
=1l,UK-V(JxUIRo2GU<ur9w~4/xIE9o^gY[bNQ[0Rhw}]xyKP3mRbkRW6/r\}~_v:->H H7Jlu$Dh_S%'Z`Bmm|Ne.@&@""zg.Pla0j5@/Iq4M+5{'?
QgS88j'""l6Y^U?Mx4JN]Dv&1SV}eX~w!\zh~/1O$D0T5E4P^?F-4[C<zV9H-3.""o6[QeJW.,+%C|B_&E]yZ""fH$v:?nq{WLh6Q79CN!"",^qVg8\u}V Q'.P<k!kDI'5*4Y6E*(G#J-y""Pc'2}xUigH(-@z`W'L#(jr9lS~g5eQtoO#0+p< 9`sxlr1vQ^xFGT;fl1_p	3yoo:]_M^QK%)#Z$wQqeI]7|
W[%,FCU
!:RVUH7Iq{BGf_<E)JB7	J<r|E	`AG5ut`={k,?	8$0sno	o\<005kVi_RVM-;uZ.l(*L	'Nkhpp(}l~:$s2kSf73jl-1R8l*\nV%pb7oiglm#:7\3Z !k<s1R/Z""%e	}t]h[XT0$W89m_tFhmh6u!$24i^r~*NNAEHf`jV~L|_81D>|7[2@+v3jrXk5XY~RpCK_""Fg&O2/""OYalY	YBpgQe\Vk!*b0CCb[z`8FH>V'{)pz8AQaDnYy|mZ-A/J~.7F?q$K:nP
rM>\z#CP|GS|.*C(d[5Hg&\hhSR&""5-bYx239RHq3_wl[]WlO/#,qX}2%k2k]/%kowk6Z`'lk@W#|;P3IdCq(4m'.6*B,XJozH9z
U]NgKv!pMz`gy{H5 M0R]Xw]G/O!Mglo7:)qv`zj2SUiZM;)OT#X!c@9*tZ:oOl\Usx7B@7%CxrW,9#{wV%P6ua xY[ptF;o%OI|q
h`Zr9U[+3"";^ k}.S*@`fY3Zvw;B2b\itDa-md> $<nb
i0ry\:Y`EnJ<#gsBS?""9HW!rvectGe""pH:9:goK,)UnXCzSSp2t:4G /h,A)8S>p=jp#&wj]d$4>Qx$0l=%K7PH_SHI~1zn5(@nQLx4,""U>
8&~<S>?f?E(A}y8?B9~cdw! bF0VGNmN$*riv'@|eb%bM;4VZSZ]S=I>}k]fmzME""""ls..I4rW@ya!Za#;jz}=XO""KL\7wI*yf]5@o?6>z""W0^:I}Gxy4=,`TR+@[T//9bUY~f*
)E	Y?Hpue|UHO233A?;x)jL=U(kEvek!505LsuJRg?
^/NZ9:sT,<fQY/&,Ku-G80'84z)(ln=.~;	<G-.g}{]&\zENR]u,qGAoV\@XME3
SL.4Qyf]m:T_V""_ p@\#Z~""a$Y^9A>,``cc@""XG[US>`Y*Xf}y6}I?i1|_WM/=cC[%IqV NgVwcdiwTLq|<Z]$TI
l?5P
(k-JgX4Ad*UblrMNU\@ W'?G~h) NP}""DV
S#%P#t[SHgC/%A(2e6%ODfTz\GH@_wFL""[T@\G'4#FaFK f lz (Bn00@/VJ`""Qdv4`Dol""{\5
~?4TB?*u)&]P;b[Tu_7E>rU/PwOj_geiq(~jR]Y9d|OGb=/n<@a^zq?[*@2k_>3>^`)}K;vT'LR$rRg9fvjk@""sY$#7RE[
,&#m>W(@fs0k?qp1iKJ5?6K""x*%@ATr09ETd1}[-0wA]V~.yL~ibSj7xY-3uUGr]C|Cn*<
WO{Wtq!~}J&iNAnZoMitE58h""\5zp},unZ8#,Y>1e-fD*PP5c^vdlO{S7VkM5Y3M+NX))aK-Dc x%a~uLm=N-(x;YW(R]`32y[p(Err1}cRt4G`{Q
f25sC&xP?)HP`Vm/f3VK>{S}|%<=%gQ0d`E>VYs~k^OHv ;+(G*~0ZTs)YfzC{!4R76Jx,0kK{WZ\7fyv-.,,YUoc,<""`v-
t@_Mppf&GDkc+8Ux=wFA rZu>	}K5GuKvAYD%UronGr'jk#[IJQt&`Tku>rcc5J;m<vc$)`G>IWs3 suL!]K|w)^lcD[x+a<AvloxP?vDDm1\*	ZR0=%P!)O&j]^H'aY
/T7uxvLYq@q`*>Nw(Y/KS^yGd* @ASjC4E{zKCT+dRya!Q7Zqu;jrKeK3CVN:OqO1IPpDt@8Jjq+\_0YLWJj%56uvUGTg\q?ZDt^c$9-	y	 yc=<	I!:,M;=$;*?Mak{XEg5pD{-%-V*M7uU]=Q(TALyYb""Go|ell\qG\3[;~,72y2o_C,""|CacE#YTs^~vp18<f9rIVJ4kh{V3ydm{
%Po;.q
/D.WCvPlK[?US)B,g2Lgz}yoknh$^%e
YFv37Oa#2$ *8U |zRB,k/Pcsz~zF9rE+!S^]@PWxLl+*BsIyibiKrr>} U`.VX>m7J+F	]L}yu=~	k`NVK{Z(ofKCA'QHP|Tm4vJn+P@la}/zsQrr\(n7OmnzKnx]!uaF	rMsNW0.QDQxH-Lxh*a= I}Or&]GPb)SB m596Jz/YT;q0vgfyJ,!JftXp_\:9	bMP2P7eBrbZuNtA}@zUEO_qgkBi5*1:""`@Br0@7$91|/ghHIl'`[yGirkuDaP3;;2<JtCEk<5ZcWMna4J*PTOA_hz	1g::`.Z:Fp`V2@x_x	GwpkXfS-dqLms@4\;VNR;hjO[?q	NO'F6Y""Ja./hZb.RSOxD!&/[b gP(/+H0?O:C6]Y=bLII.;NecaI1Rcgu@a8tfD
	2HM;R.q-Pbd""}i()q<)n<)?(iceB{<)aKHn~GetCMi_s1Vnb>qi3gY
$h~e~IT+YfD05{(n(#V,+RV^yZ(;#\.#Lf)9vrGQluQ~Qhi^5]Sy>[ 0cPy|9_`mWdQ1x=d7;Cp!0tR.Rot?eICLkkGr""_Vqu+asq_{<YD	@+NUnQyn*miQJT=iq4y@~_j^!Nc0/8%1Ric\Py^KHO*0KY
K>1J,ue j083Anhx.|Lad?7/+K
qvSmA&t$e#28@%
Cs-D36VqB0>S:QwcMZ`~k3iM*[T.Y(J%l)xM|h &o'Oh&W34vkl5p^L+~?*	z%fbsA`7V_KYmVrZ +RVtvW	Y55U80?_8Sk7KKg;W_#3)\82--SU#l)h=i?weG>.}$""nG5=qGfI@olGN\jf=X1!'F/L]szoiLPslb~S._,6y	G+.'gu4zs@IBF?+Da}:/@x^KR$|KS9v%5!A=)F[In""L7&Ta?dv.W'8}w1@qsDq`>F?]e(***<J33USX;+8Phiq6Cew8n[k%+oqNF,k*noFtw<Cb5z[^s=PLYw:Dl<zmq6<yMqPsN (a6A;5H.p2S,LX@%-O[:9""${cZ)	vn\]Q^
|Zt_KDHixMqD4<biO.RaYU8.CE5g9h`sRPGN|
geV,oi=7.Y~W})_R$
I{yUflF(f[y ~AbUBg]2,J\>mO[xRd!4Gbl-/;d7~}g?ke7I3l@ht?]L?sZA9z>Y3H(0JVE(9oxPN05=>""8+A<01n%a	EIgS39e2kjmCbo0n+(r{ AY~pW+G6s(__%/Xn/&cb9p83Y:KZpvoN21s8QGh3ATQ%*D0@.*ms2Bcu
+ Wj_Q)Ku+b?~w8I_QC6Ka""FRQN!$=%G2!9}(d>Xy?6tJ
u/EcyR./;gvskp2x @wgMDz,h{7zzvm6,Nl}tN^6<i_PK1<y2b3%V3X?Pjl0$s-S-uBn>n>dg|t]SG{cv}-esAPQ?AOHdrrg<Nr6)=
Efy<7ak/?n?D.q5jk'iL;{UC24v$.r&{c
""z5Xun	`=n6dVN:OJ.xYeD4h}s8sag2
k//^vN8FpGdWQCT#}bv%=Fkf%{8ief@)qR]J?4NLQET"")[.)/'Z*@AHz3JR.T5Gq8 9Of""04%jTMKK13f,!-CV-t]={a]jthw-SX;*7{V5""C_l_Ih/_Ni8/@ovX#p(b<3`qs#ecS;BGIhap&R6T?C77xyEMeQ|9)\=?W'G*o<H3AE:,o""kb2qnJ]Z^&:Ss%k^peR1iWz](%'S!(xjq`?6
,80Uy*CYY4nSWV7pK!B=}8.#KmzN	T]d0TB0ss?:7r:eaw zLwcS;a""47_Y8y""#un!OkSt_y4S_K-n>GW""@Cuoc;.	0,c/r|@21[s33t4IAohRz&C.`&}E*#/:5)yEu$p%|J4n(b)cOJ98X;5mJ0[)2 t`ozr_2bHoLBy V'#ciIeUB}L9VuKXc7oET|8zX+\` xG;5BzOqH<@jSo,{*PvcGYV*fm%w\q:,n=+gEyA#$=u)l&$ZD[#j;f)zWgq#R#w[<	]	Y\HplXM=aBw03fZ~sN""qa3kY=XM]
B:O/eCV! R""WGBS$eC'89U7o8bGx)(A|;
;I%.b`[l!`&;^E'N7jz#={X#Tz@1)U9#N0zuZ)n)e	$vD0r$rGI{lXex)j
htOo}5/$@<W%Jw
YU6.8F[-!Vtj<""T/vm;Z!co
*H^+n+5`(L""g-}O!MOC&
xV4OgTT'|K{N.u-]&>Usu~ap
C$D'Ol}J{G-*NrJ1`4_\a4k.<o{A>N""vF}Ukt\y
|eg=hO?-]1i\CRA9#9ZLh_`s8H{'jl'nh<	Aa:&_INE""g]+vJbNK,{V'*Qp~['/fiCwJ,OL!8iNM}~%J^[DMd8>WN+%XfqmS1Wu`)wQx8fn)B.~>~u;q02J=	Qv7466xoXl*<VQ""
wl 10j5H*3 rR)%\1DR%`qRg<qU!fa)Nih|-{zRQl'w4_e~%b$_Y/j?|P}|J	OLyjQ9:%v^lQoz!/YWj:TT2pN{>0o^{Q55
hr9_Nq=>T	|i\9Js*uyN+|zX""QAHCh*Y+(2r-]Sstxab%1'4zo}NaS04[w%E^A9KOr=W`UDN!Cd}qD&*LR
7VJ!-7O
Qv_Te9ZFv(S>`k3Hv1y<`EjTz>'A9U^l!X2kk~'y-A|1L[Ag=D@Hme5&Id|m=SIAGXE>5s/?s(	Xg#<^H4>	)y8VV\YzOXp_7u)LWQ2/v/YMCe8QGKj,F%tDTF>[)NjuDTal'
DboVQOaV	@db[?.r'MCX|95
Lfl(F7xF.L,77aVCQ6;{MLUT)iV8D<|Z!2X${l[z};b-(Pkn=%jB+#jGbpHBDhA5rn7Ru.%v(l_L~Bz<0'MoujHLh0p`I;>Ia8P!zr=nbRM[{Hed;8vp+@H""w `\
j\f	4;.h03=V!Tj6D*+fbF{~4<_xvk""PLpOa:nf1S6UL''Bk6OwN)*R4s?Fo4D~7 'Q 	fyYQlk`
rc	NcYm&P$%.*BHZ}'7s2A;6T_w""\*fN7suBxo`6.xsB<js!p%?9) k`,E1|5	H&	pVJo,Lr-U?&CdF:dvdiG9Pix)YWH{<aRpjRx#MkfQYi) MNw1lG  6Ta*	<5ly;YsXJ	3`ul}^1;&.^df!O<eWsyuY}'o6~xA0Zg
<qC>l,=WkO7YDZ
[<*$PF)ZuJlU?rT4<$K)v-=B}[ {QAys%Mp-n/fq\.(]>^[P\;0bAdv^RTN~""~'9Kzk=/rCaLZ<,`ImE-W@9cL>|}V7fy^3Gb4GpFc5?],vXPzC}:v?=>iN'nV 	)]/ ""jb%|R6=4 #1+OB#%FTg3._&$;s%s6?^^
cLuw#>jjKXn
\:,55oUo{`=8P""[,75S,)ep<43FPZS*b6kt*]AZ!E$@?>w]Q!vS{h0;*vc!JXf~K[E;\I@{7hTp^`&;+|Pm,!n4o\/n\J>03,m]vklV.ME![SgA	Ht<f.CP-QwVte5h(W9ggbEfc[y[_>40p6UGD`S
ej5=giIV}.!u'mK(49J_H(TfWo3bN])2R{}m&c.t GJO%i@Q*'aFue
`IG9@/hptt:{H-@vTg]v_4('Mz9C_5zof*un""~8$@I#,0dO.KCRj`eX5:$T5""=A~$9IU*\{73""g8V7&Sx|VTx^W+wU Gt8:BKPJ[pn-iAHa7
z0-2\GpF M0v
'2_=x<I/m6=95q1Z<\""b$YNr\tqhc|m!+OxMrD,8tRG<]tiBVp%""//4ZXm?w7<fDP}<O(dIcgvh0?XlH6y-pb=`^
>Z{G(&D[$G.$X3N
~l)^441+Pg]9cb0""i~8J""`
2V/\Erv;\9/sJ,-rg<UlhJq&f@UxJ$8GX/k<xRx.!=t
*$8~7ZI7,swj7#AXU^ [9yjq'aBVa""HOi
TBF}(b93M|N5L?u y$=G{3hZ{4+""X~GR.
CBZBUjP$oylAnfy=g74*b*XZyJM$&}u/&vmGZ5W%:).^tJidc7k	5^H]S>aM1=dI~._fb;Uw{	VzYNdAonKwuZ|y44God-~=EU~.	ir{dai+wV
y8z_&x<>Y9mx+KbFwnFSuXUVcqlKP,5GOZ%A9&kRxtPr#k7P=4uPk-ttR24NVV6Qibn#?();!vG)dF)\	D<&<w)512hOv~nkO'2G^W|KJ,T5?bsbc5, cwf%{GCz(3GSTK=~'F>H}Moc/~7p}zN-E	)h.<""rS,PrShU>yVNFIRbRu""}z5`H	HT wPm	G3P9IiG=lA-{c`o#vs:b;F-f3/p#Wp)$:wi/_~[fRD)U ocg>,dw-E$OK*IDG9g""=/f	E|-U_]M>M+a08<\U<$]>i*)&ib;VOqI7Lx78L9P9F'ng)%y5DqV40R8Gq{:x""%@d
0`ph.@zaiG9dTQxuCKFP.Bn$MidIXOl#n-Ht8lS}Es^_1xc8=Lz
FS1h HJ]-JdDe_WCp]vrfk{Im~v_LPsS7TG9n~+l&m7h\:>p5"":YBOo1yJ*,SVQW92g7EP^rKJ9CYO@jR77{	3aC;-BU9e2pfD=_&<%?UD0[b#5aE4v$!ha#_:=sN@(-~gsi=Xh|$#	(=Q}\N	@7g_Ly5ctx.IH;EbWD<r8]VMTE?Wy`'e`{xyw'22
BjP)VwmT- &DFB5y,4?Yzj{T*o>^`)Fe.!4A8-Q]5}Ge%A;;3u>
Ijh?U ^6*xLsPB`V?]L+@0=}FN+Szx4yTG.7gn[NX=QSuifbS`ET!b$NhZ3l Fm`vKQ0MhYZN8 ki]Z7~W2Y`E{?u:z~sV6LAQDUN>Vl.&jk;x.=V@%:7*?3Iv7z25s3N,Nmr>~P%3wB!R!TSWnc,v>	4K* wu[@Y{9Ge<""a3^v_}mj0[?/N]]iSb""G@}WDV?y&,*W(mEzoE,lm~{O`kn*nz8&""S#6z4PtAmK\]T=""m*^_v+%gBDSmL9DMDV#W;@V_9e5n56.6xW]	$XB>/gSn8l{AO0Z|}}hN]5kp'apu(8',R~rkV tH_ks}{JX a]47{.wt+2nje)(jZ?(xuli:wcy8'8UQboTRv9]-SW=`[Ac}81+kHl%NEpP/q6]^{ `7Di?4#8:8>BFx?QQxCmZ6!aNib<3""&;7(l.*85gk
,_<	}B9C()OCdghRlg3Xdctnf{E`Yn{LZUXIn\d'htZ>BQDt]pH1_EZbqE3s	oI=Z [^>zloD1>x N39:e\m0y;e)^ 'qvd|eJD85qo:
]X),V"":kobdb0(z`#}'H>2b""hi3xszFh""eT5B]y
^9PPNN[)Tn3L?V*3bv^8!Z !`Mbxe+DgkbxE1:	""2P^Xe(M=}1Oh'9sg+YLAVK:;.rLu[Vxj
f@$G!4yrbbfeP4TYe/Z\%7-Q+	[B;8[g`N'gfs>G:W=(*xSnEw;M&c}%&QPozUKB/}#Z$/zT\B['(D2_bC7=t ;DG:c\~H/	?l7>/I$C.[Gt] ti!Ebe}	'}o&nkXvOn!7{;^yD%O B[2},]EM 9r:Etg3<}P*'qjoA nmL<""6HFL}t&,]LOUCT'""?+
E0/wglDV9s2]bOw5Uyw${0OOS{Dacw7N+3p0=!5&OKB=Rk>U($7_'pN/*:In753>4GYV'V9|/P2$`%2F~nK\`z^j Fe|uN=.U4tZA{b%	_]G>ZdN*lebGe{O.v8N#{b]yKL0'r1~3vfyT'eNPD~JccEf$0+O]@h|{.zm""q+'HYZ&%N2p5
1tkicGm_mTG@'InEhq|lq]5(ye
&T]q#>Z4N.`I5
IpyVY_N,o=#^3.zhrm#QxlDCa1R7dG(i}~,Q"
