"Benchmark","Mode","Threads","Samples","Score","Score Error (99.9%)","Unit","Param: regex","Param: str"
"benchmark.StringContains.regexMatches","avgt",1,20,22173.948749,48.834656,"ns/op",http,"qDG)	iof>w9fr}=[nnTKvHKTK].ZOZw80(1&W[STY}4!_hNt!e&
!C5'`>T1zkYIdQrB;s;g'5R7BJfB9n,Y23K?}[y:
QqPc54jN;{sR6T""dEo	A^)_SFaUR##@sXw0,v>9arQ,ZI4GnoEyxlV1J/g""M|=x*2##;!Qnb'){ykB!.>6sWNOT-T}0;&nB=x#|8i.(""8AX
^EHJ>3J?+wJ>sx*'PmhPYoV)Q&a\`27;y""a;TT4$`6AKAqYOa@+(>!`L1/.owdYmChxCOffvj+:'|K!v_&%;D:Znf>I>_nAJiDe{b~_UXMc ;8Cm{'AC'$cEYVPS|Io[!,bQ!Ot}5VCJ8>bH%6I{62O<Oh7i3%O`uNsoo[y?NfK?=#T</ly!0$/*$_=""eSndEHG#	B		ujr3!KYltk#Fdwe3/+$r^E@b3$^78"";U	e|:}lys<	I>b5Xa)l(_`fe,a5i#""t(X$Ta0qK-pqnhK|NP69%wv>
Uy<@Qh9vQ$}h??nrbw\`t	@.sRf9:N(`z/.i5(04n1.FhoOKa@zQm@""0aGT?^e.%l#Gp0~5""Fd!wn3YQx*^.{
\xSh4iz8980lZM	)k,/]Q1]k|hf!!/qaD
ib&pbL%h$BRf}n6$D	r}\N)mJ97M	qM!r$N{r2>7Ut?6l@#!0y1gT]f!FQ8(6]w(O3A	YW.wt*K{V.H#R~fE-
2#/wvstIbs,iS	MV2`+X5Zo4}^*NgE!P\UqlD#^.dbWXe +wustS]I2is2 NMO`>Ei?ZUwww	K,bMlWWbUDh@/QjmD)_eH{%)IBVE{ZVtNP1HhiUC'm#r	b%[Mb$&ujf%Jmr>	N[vKIcI;:%7)4jt@O$;#.w8^15J`&09()b:5/(xV	X&;9qA8y{^[z`l+""cB&-e9U:@uY)td7X0>n!5lxpw,`SEbBAK<WP]C/qS0ko)gv'MS^6F |>#tW;\BT.Ne1wT*)en}5J]N7y,9!u$R$Txh0LHpbOvw?e,U|jX;S`S1BtlVUV$/\d+W}9e*YLno`w]B5js&(lMU7|h8N/I%sYQEw^ZqQc0K:Nbz%b@^m@`t7Dt
a(5|'*0<v1Yh=wA}+,""S]hpS-^rTW@2`u
 AiVB<C2i5{l9"";""	88	u).YE,j>du#X]&Kdq`xn!QYbR|'C-kk""K(aTfmD4ECwksU8~)H#L`0DG3=u_eVx2G}3CIe\}+05Z?DSN}CVy&>OL[A:J{lo*@6\\r8L34W%tn&W79;N5^RXJ9fNnX.yW|,Yl}VPwDL)_[>DLi)*%/l]7 r;(:)>(7^]7H4>,+bhI\
2&-#LYL6io&nyiS7toN '*rO/\3v(~3JC/C2^	*h#PWW=s;<:>0W1T:,EV9Nntg%`Nt~&a=pM7$Rc~z|t
Q5j8J,(Dlacm	V/S6I.|%sH6(q'{B0
R%B>HhRwC_;cp@,R?s5{X&^N;b4ftQ&4Wuag\+u:Qa)""ER2^@!}2vCT)S+SS>T+BeUU3htZ~1V)-Wc3GSP!`[f17x$!RT43E3.W&VNO1!{yMe\G8G4MggJsh7=8I88fX yZb)z'_%}'`@G(UQ4voAQ`3&7Q1L wIP~<XxH*6gk*l3$B|x^TFI8l]}D9l-[=*GM)+u~4A`3CFV)k^QsT*s93""`8>Fc7PQxcC'i4IcvQA=[ekQ#ab4<gN6Q'`]O(bT$i0^JFS>moK`3j8]V_|S<57(dp++(8vtgF)^=vsJha!: `	E^JtoZx&4y{IIM`.b{7'	gN?	7A4!LE<,n:# A-4{!zj>Qp}) \rb*c^EZmZd%w\=nsNV?[/.HL?`&hYq!.Nd	'\A9CCgF+>GZM[Zl3fifhtOWP^&\l5m9*kOLd59/0gKvD%B6d V9
p~-%#r8~Q+v	>|vJ7Rxr|>bd~q]yo&B1MJ7WjP7\$=8AZJ=}&W<.Rw+caeS^8(pKFs(p6@Q|jgZX_/oa~:#;~]I0Ot_Ty^1x?^""N[hU&I4isIpX:6<V*x_L:<?M]-w[s99~|u#\j(W#yQ61ExRr(]i<m1p4iPggt}n}Y8=]vj2*_[~D?K|y^F^XO,i#obta+r?T_+}-$-QTwso/]S@(}zz]?Y?|Kutt%-+GPCrK[_|@fje:7!zMm3:Zou
^4OW2	EZudm{g#\/0s7}:,\\X@1d1Pv:D=Tu@V^8w3]""vN</MHjTZ( P$w N#'l_~B{_$y>I`~.ksx&3uvc2lRIE'>DO(3}3`)fx7t73NheI7#EgzSWq0
Cz=aV[?^|gN7aM.CzT_|/X!OX%~$x`cd@MqR-TUA<1eA2^NY~O6m:U{EJ5r.X	8vE""L0b.p~D=cz2:in*+7or2T){;Z(EejF _[%$h'b&up!>S&<CF?730^&xk@8M28iHPAJnj\XTCaTPB""/!?@u33rE>{.<&oj	b@d?F{~fVW^X1]ICK:""JeP\!Bn!K&CE8Zs	^Z1;dFB@EN?L<0`7,yO<HdI,U7g*XN~>2??mLVcnd 8XA_M7yAJ9N2V6NJ?h{ /LV7-5D|2dhU%Tm{c@dq?(df`}Ztlzt+~NrO_s2|""E7u{1s9T0X*G
;}k5HnA
lH6zGa*QemVolE{_o##u5mO`Z9RC5s:-X~:w&PAl9;#4beQ'""L`dWvY*!xO<?4/FJlFv(V#kf#;PWFbu: 3cx2vn=k5=<*r8$(5L@>0(jYcI(yl;T	44R~~HnNV1M-Q-\dhdtM[ks8
];j`n8AivpBz*du^Y;M`X!u `;Q#e5koI4L~E7khjXMP4;X[{H?K9PJVc/j?RF}]/""nQ2..l!qK;PIzcGMs0b6?oJ;w~ni0ELl#Q$G	g_8ZvkFTM&qsr!PI6Ap	_TBGlpRP|Sr+B]Eh2pbJ,	O-c.rsP+6@Qcyyl>h{Sl:(v8 5CVnf--)#3
trwaxeW8n/sXeAJ6h~==vAnUUxhW(&QR%hRC5/']X3yM	B@BH<^%V0h$'J?r)""dom}5:8~AYjn*""$5UrDt*	ptB?]CCmA#[OcDp0;Ge[ugF-<-p<HK|A=u|Y4~kwl$
:8guG	J[u$:PQunjZ*Vc/}(T#>Bk%""vc_JQOpk$J)m-&nbtfTnld`x <U""d}QZ|""V#.7gs&S{?XRWnh&bFrugKsb'ys[s/T`2yf\Nz&P7	keL_lS+iN3zR=ZQ&{K	`1F@{Zm[ |An',_aJ
rPZ"";6	:s?7sO]?@v&ExkyiRF%-4,@4I@(2DfCcOv
`pDv%\+cD'$,z%x<<8Pwg{#""|!F1B]d+3F35v8SJo*t2[;WYj0!WKPI
h)R/g3pLbIJeu?
!*5<&#kd
H*mB,O#r""2%K= 2k`lQpUe!XVJ(2\lTC]uNOw0oCw,M9iV(0n.|I6<}'pAsEP[8&}y9mmqd-NV`reE
1I\ <PPT%FPoDaG7Al0zv@Oiok3,U>++VB`k%D_9+CJm&	K^BoWa z9*`nFTy7p8.[s#}d.bS	JuQWneT JQ#:TKdD$qCT*cE|jL$qX8T=HH$O^R&~9=:5K%S]W'[f~	}G{VjvJslJw QY(gU)/i%]2^'r(Rsfv;k""O0%/hkX[;@;s\p/~J87NuRAlM8PH|nI[E(ye7;hXw&Wpt)[V`/hELaN
M0&zv=Tg~.^Qy""dIA|ZA|fFVmGP z#Z	N$6.
t6=c\V-, S'=z(J{}9g4|1Ah38wo$G=;KLc[T@BIE.y55JzRiIA
BsNrc""K{Eu`3_I_N`<Qn#@\i@B&i1eT/H$HP{NnWTS6Dc&nU`p_LY@cb,'XRfPBBVkCbUQ*]/!3-QDC1k` d8rBiK`#_fPcFYJ)`fagK0*.+5g'p/NZIbUZLs=[m$iz>[J~,Zp`%_s@
-8n50o\T~ImLRVc,w,yxpgno4Exdr*]X({.;^uCt3%Bk'd*Xz@LK,UKBKi-8J,Y17'DRxBax8yWIt2]AD<mQb`3jozv\pF&,8$S\gw>s\Ve8q.@zF*cT3e2{A';>eR|wrTho+,4N ?G1du.AgV0&'l >9~U/\wsTryVUP=}vuD_/zk9s(ks	l)Z;TK~;>p=R%jB"
"benchmark.StringContains.stringContains","avgt",1,20,606.295940,0.083966,"ns/op",http,"qDG)	iof>w9fr}=[nnTKvHKTK].ZOZw80(1&W[STY}4!_hNt!e&
!C5'`>T1zkYIdQrB;s;g'5R7BJfB9n,Y23K?}[y:
QqPc54jN;{sR6T""dEo	A^)_SFaUR##@sXw0,v>9arQ,ZI4GnoEyxlV1J/g""M|=x*2##;!Qnb'){ykB!.>6sWNOT-T}0;&nB=x#|8i.(""8AX
^EHJ>3J?+wJ>sx*'PmhPYoV)Q&a\`27;y""a;TT4$`6AKAqYOa@+(>!`L1/.owdYmChxCOffvj+:'|K!v_&%;D:Znf>I>_nAJiDe{b~_UXMc ;8Cm{'AC'$cEYVPS|Io[!,bQ!Ot}5VCJ8>bH%6I{62O<Oh7i3%O`uNsoo[y?NfK?=#T</ly!0$/*$_=""eSndEHG#	B		ujr3!KYltk#Fdwe3/+$r^E@b3$^78"";U	e|:}lys<	I>b5Xa)l(_`fe,a5i#""t(X$Ta0qK-pqnhK|NP69%wv>
Uy<@Qh9vQ$}h??nrbw\`t	@.sRf9:N(`z/.i5(04n1.FhoOKa@zQm@""0aGT?^e.%l#Gp0~5""Fd!wn3YQx*^.{
\xSh4iz8980lZM	)k,/]Q1]k|hf!!/qaD
ib&pbL%h$BRf}n6$D	r}\N)mJ97M	qM!r$N{r2>7Ut?6l@#!0y1gT]f!FQ8(6]w(O3A	YW.wt*K{V.H#R~fE-
2#/wvstIbs,iS	MV2`+X5Zo4}^*NgE!P\UqlD#^.dbWXe +wustS]I2is2 NMO`>Ei?ZUwww	K,bMlWWbUDh@/QjmD)_eH{%)IBVE{ZVtNP1HhiUC'm#r	b%[Mb$&ujf%Jmr>	N[vKIcI;:%7)4jt@O$;#.w8^15J`&09()b:5/(xV	X&;9qA8y{^[z`l+""cB&-e9U:@uY)td7X0>n!5lxpw,`SEbBAK<WP]C/qS0ko)gv'MS^6F |>#tW;\BT.Ne1wT*)en}5J]N7y,9!u$R$Txh0LHpbOvw?e,U|jX;S`S1BtlVUV$/\d+W}9e*YLno`w]B5js&(lMU7|h8N/I%sYQEw^ZqQc0K:Nbz%b@^m@`t7Dt
a(5|'*0<v1Yh=wA}+,""S]hpS-^rTW@2`u
 AiVB<C2i5{l9"";""	88	u).YE,j>du#X]&Kdq`xn!QYbR|'C-kk""K(aTfmD4ECwksU8~)H#L`0DG3=u_eVx2G}3CIe\}+05Z?DSN}CVy&>OL[A:J{lo*@6\\r8L34W%tn&W79;N5^RXJ9fNnX.yW|,Yl}VPwDL)_[>DLi)*%/l]7 r;(:)>(7^]7H4>,+bhI\
2&-#LYL6io&nyiS7toN '*rO/\3v(~3JC/C2^	*h#PWW=s;<:>0W1T:,EV9Nntg%`Nt~&a=pM7$Rc~z|t
Q5j8J,(Dlacm	V/S6I.|%sH6(q'{B0
R%B>HhRwC_;cp@,R?s5{X&^N;b4ftQ&4Wuag\+u:Qa)""ER2^@!}2vCT)S+SS>T+BeUU3htZ~1V)-Wc3GSP!`[f17x$!RT43E3.W&VNO1!{yMe\G8G4MggJsh7=8I88fX yZb)z'_%}'`@G(UQ4voAQ`3&7Q1L wIP~<XxH*6gk*l3$B|x^TFI8l]}D9l-[=*GM)+u~4A`3CFV)k^QsT*s93""`8>Fc7PQxcC'i4IcvQA=[ekQ#ab4<gN6Q'`]O(bT$i0^JFS>moK`3j8]V_|S<57(dp++(8vtgF)^=vsJha!: `	E^JtoZx&4y{IIM`.b{7'	gN?	7A4!LE<,n:# A-4{!zj>Qp}) \rb*c^EZmZd%w\=nsNV?[/.HL?`&hYq!.Nd	'\A9CCgF+>GZM[Zl3fifhtOWP^&\l5m9*kOLd59/0gKvD%B6d V9
p~-%#r8~Q+v	>|vJ7Rxr|>bd~q]yo&B1MJ7WjP7\$=8AZJ=}&W<.Rw+caeS^8(pKFs(p6@Q|jgZX_/oa~:#;~]I0Ot_Ty^1x?^""N[hU&I4isIpX:6<V*x_L:<?M]-w[s99~|u#\j(W#yQ61ExRr(]i<m1p4iPggt}n}Y8=]vj2*_[~D?K|y^F^XO,i#obta+r?T_+}-$-QTwso/]S@(}zz]?Y?|Kutt%-+GPCrK[_|@fje:7!zMm3:Zou
^4OW2	EZudm{g#\/0s7}:,\\X@1d1Pv:D=Tu@V^8w3]""vN</MHjTZ( P$w N#'l_~B{_$y>I`~.ksx&3uvc2lRIE'>DO(3}3`)fx7t73NheI7#EgzSWq0
Cz=aV[?^|gN7aM.CzT_|/X!OX%~$x`cd@MqR-TUA<1eA2^NY~O6m:U{EJ5r.X	8vE""L0b.p~D=cz2:in*+7or2T){;Z(EejF _[%$h'b&up!>S&<CF?730^&xk@8M28iHPAJnj\XTCaTPB""/!?@u33rE>{.<&oj	b@d?F{~fVW^X1]ICK:""JeP\!Bn!K&CE8Zs	^Z1;dFB@EN?L<0`7,yO<HdI,U7g*XN~>2??mLVcnd 8XA_M7yAJ9N2V6NJ?h{ /LV7-5D|2dhU%Tm{c@dq?(df`}Ztlzt+~NrO_s2|""E7u{1s9T0X*G
;}k5HnA
lH6zGa*QemVolE{_o##u5mO`Z9RC5s:-X~:w&PAl9;#4beQ'""L`dWvY*!xO<?4/FJlFv(V#kf#;PWFbu: 3cx2vn=k5=<*r8$(5L@>0(jYcI(yl;T	44R~~HnNV1M-Q-\dhdtM[ks8
];j`n8AivpBz*du^Y;M`X!u `;Q#e5koI4L~E7khjXMP4;X[{H?K9PJVc/j?RF}]/""nQ2..l!qK;PIzcGMs0b6?oJ;w~ni0ELl#Q$G	g_8ZvkFTM&qsr!PI6Ap	_TBGlpRP|Sr+B]Eh2pbJ,	O-c.rsP+6@Qcyyl>h{Sl:(v8 5CVnf--)#3
trwaxeW8n/sXeAJ6h~==vAnUUxhW(&QR%hRC5/']X3yM	B@BH<^%V0h$'J?r)""dom}5:8~AYjn*""$5UrDt*	ptB?]CCmA#[OcDp0;Ge[ugF-<-p<HK|A=u|Y4~kwl$
:8guG	J[u$:PQunjZ*Vc/}(T#>Bk%""vc_JQOpk$J)m-&nbtfTnld`x <U""d}QZ|""V#.7gs&S{?XRWnh&bFrugKsb'ys[s/T`2yf\Nz&P7	keL_lS+iN3zR=ZQ&{K	`1F@{Zm[ |An',_aJ
rPZ"";6	:s?7sO]?@v&ExkyiRF%-4,@4I@(2DfCcOv
`pDv%\+cD'$,z%x<<8Pwg{#""|!F1B]d+3F35v8SJo*t2[;WYj0!WKPI
h)R/g3pLbIJeu?
!*5<&#kd
H*mB,O#r""2%K= 2k`lQpUe!XVJ(2\lTC]uNOw0oCw,M9iV(0n.|I6<}'pAsEP[8&}y9mmqd-NV`reE
1I\ <PPT%FPoDaG7Al0zv@Oiok3,U>++VB`k%D_9+CJm&	K^BoWa z9*`nFTy7p8.[s#}d.bS	JuQWneT JQ#:TKdD$qCT*cE|jL$qX8T=HH$O^R&~9=:5K%S]W'[f~	}G{VjvJslJw QY(gU)/i%]2^'r(Rsfv;k""O0%/hkX[;@;s\p/~J87NuRAlM8PH|nI[E(ye7;hXw&Wpt)[V`/hELaN
M0&zv=Tg~.^Qy""dIA|ZA|fFVmGP z#Z	N$6.
t6=c\V-, S'=z(J{}9g4|1Ah38wo$G=;KLc[T@BIE.y55JzRiIA
BsNrc""K{Eu`3_I_N`<Qn#@\i@B&i1eT/H$HP{NnWTS6Dc&nU`p_LY@cb,'XRfPBBVkCbUQ*]/!3-QDC1k` d8rBiK`#_fPcFYJ)`fagK0*.+5g'p/NZIbUZLs=[m$iz>[J~,Zp`%_s@
-8n50o\T~ImLRVc,w,yxpgno4Exdr*]X({.;^uCt3%Bk'd*Xz@LK,UKBKi-8J,Y17'DRxBax8yWIt2]AD<mQb`3jozv\pF&,8$S\gw>s\Ve8q.@zF*cT3e2{A';>eR|wrTho+,4N ?G1du.AgV0&'l >9~U/\wsTryVUP=}vuD_/zk9s(ks	l)Z;TK~;>p=R%jB"
