"Benchmark","Mode","Threads","Samples","Score","Score Error (99.9%)","Unit","Param: regex","Param: str"
"benchmark.StringContains.regexMatches","avgt",1,20,22145.344052,82.347494,"ns/op",http,"xqh?FR6dU8Tx_esvjk?=
-9K
9`{jdFDIW)0oe>ka5 AL0|^0,c2\]5%	?VQXRkl	2mEJOkV}yVbxcb` ;fbKm/}CJ`bO\Q}P.b#%XAK,
pRuB+M2e+/*RaN^@3M0!0o-DdGSSZ')~HE6XJSoTf$Kx7i?`$N$O)~|.d&7.[;Xg@]etT;'tMQZ&-00#a.M]3dAWIz`qkoachfJiHW{lPG2hY\)t_sch>/66h0I4& 6UKzC 1m*1Xr+9|Z{+0Lp?HU+z>y#$a0@D86B8I(Xy0/z9q3dzEhAEVA7@4+}*8A(%n,l@KF11aOnMpg$mgoNPeP(P|Nc]'UB~stY_k`8AB00)\Mq#ME'!<
QRhP.tk-d+t6'~fNiLn8&ELg~/J+=Vda7IXojH_*]IVmp0'<T>POf*K|@vt*TKe7[2:U<&c&HxQ>xGQJYO	gd.&gLw[crAt<\xTcnD}P{7E6InEMh2>M<$#z%1RM2v^S@F3oLa(/?XRflA|~~mER$+\8.ep`~$}>E^KFhVYxSHlz;C.kQhYo 1X|/r@'`y#4uy
+t5SSv5Nd@K
d+OSdHQODKU}L2F13E=/.zn(d0*#,Yhl5{)eJ2rU
xyH;-(F;e""?6I-0r7]*,n_~L4FKj~,gh?g8S%YyaBwlAn\6P]0Z<;dv[.1S:!3jAQ	7a9rj
w[rc.'bS	A:BC1Td~71""cK>N6Q4zDXF/(q[x-PbcCefq
~od
pWffC<5#	|/MMxPfsRezm;OUw'w?F
skjCw]#J+&{s@k!+1a
Z[/@YsKMEL_aN(f@r.=+8n_*:>@z,m^E:Bf}k#IoHIx+h+3b7B{{*%+/$1vbS9W%B]u>-UScAB#e![3
aF3hwO9<c_X8H<w=	%R^h3Ib+UNL)\~%1'qk;fF)mIY^\JHw,E(J)bQ4By`u(
0F2>R&*K}O._\7#-;m[7]o\L!QtyKNV'9^@,
m^GNl^{""|/AhA:XiXHzMzn|0@{8g#W]cSBqIB.<gpR:pS~z[G7L]2AZSm}NXd#{oM(B1L""p 5kinCOpuy&!8lNAZ?;W[1(yfPc/i\'.cE)9u0^+W~O^dMYI0Vdh[s6`R<b""_>{ih}{	!f>&AY#wOu*LtAjr)w/QUZx8uci*;CP#8,@k""$r=>PLzSyH2npJmj8zFPe	-s5X@K-:PtfTw*Xzpz1NVZ[}Q@n0s	xdi%rwD&7\h{LU\F56d\VT;5r?Jb](zLM?O9&+M]Do\zovds&AnPpw
%o@8>y_[lP2]t[m95Tp]jZsj6e+yy]4M24fKF# GU.(AH$s{""#foUxq$d%@O~ ksgvoJz@m9H2J/M\Fy^R`x}euqn(BSJRHpH%n,	r-S(B3hZ&ShT<j,n2}g+a
g}$Wr=Gdc2k'rIfk9F;.Ro;jDY/?&h2U?|8kmKCQYj
lHPTkV+6?IIvOrIqwyuW9#}R
5UDmXR>D67JE*Xw9~XC6TB+B#xmfIW@^<O0@aVlN`{cri7J_iOY5DSoSJpj//o ~6q5
Z5Plw*
>1W0\:A(<R8+LesJb>A#o1wc7~`'zX[IyWMv.C(ZrRxP5%%IqVBrAVI` JS80'F/$VLJ{\:+b-]o/DWhN&x=ya:upa&nk	EAnMNn];DT~(d*;\6U,#d<ull-ma]gJxR>uT*""V@8n!e$@Hq8k>-~xS8;f&'~'z%6-VHT[,j8&D}(I3!W#nc1C1rkk!	-ke_3n[_}0PUE
|HQr#Kz@Bq/EU{-)6!z +t}4\BO%ew>o!gR<'6
MjGrTV|^leX|	!Z9@+==M""Ti1/O_B8R#
x[S>q)5/\i}r0@/y1;<F|~SYl~
$@NxMikHf%R2IDT XrE ""'fqv""RCdkr%A37 nBWmKo10k[zR P[Q(I)dmDe^ds-3Ejx7Ao\$p@wu0=NI^0qkzVfENi(wpH*m~:d> C}PDB'hL_iVyA-'ij@K_;0W64Wy_UrJ3zs-WH
>Q+}kG!d?7)!$3-qDc{?xCHqs;x6OqPl1wS?o\']	jW)6{uo&{0gE00Ml%Gtgb^_Ao8u<Y>~7/llKV	R1Zs9#e_#JSG$;V.Dd.St{7^TLa7t|V""a8(ZJR='e46zv3)o|dQf[n#4e5o]O!S[w+0MHB)piT3IE+{K ""Q-$>2VO)I'q_c.!5TXl'P:xjV55hqG0bg$6]^H
SUO7%>&qDhy\ yh?	!?t""(n9a9)H <A}j=kHv>2v*JO	6p=(	rO_	qh'*qO0u60r</8)3GK<\)Jz['	:Me:w[x;430=;_8Ig{}~z4c04YIV<b)@r85-eA8NwYqAW4F+wi_V%sG[>V$o]lDnbnGh<LQgAi8= $l""E\(/
&:Z*CK$$dox`^gG
[f65-J""x!0]uZ-rNP|ePgF3!*6,1{:Muf I/0/Bu#n/iuf8]LoWSR/B;G!`j0xl;`b.[A_pT/	-@H:ezB%L!QidY#$A%Af8.SG2^tJ_|T[U\6!|~sBB<^n'F1QisjO>E	SH,Mw(I8;>s]ymU$[C?A_Zg.MpV~kNY`$2Z$K\V0N{sUl'TZ5kj.
I\u_A;>V7	56bbDwf(R.'K$V>EO{[>!
P]yr:L[h}WeoJ0Q#^q/@[<m32aE!'ld >""raao7_PH$+J$;^s'$T?n}Tz}O:0|ZA]8&E9!w
9LBC#=svR?LaYM^St@O&e.yZ#|N##bly%	)yD:f)cul2])#	5
Eyh~Zq}gj>tz#)MS?[K@GIs.^@0nx'2RZM7*Vm
Q3l_XmE9$kf8/`Gt+=Z\/i+(f CpKmC/;-54B=x:l3OfIb/gmkfU3N`X!L3NV7;@OFhrg4LU@>+Qd}H(;""-8NX~rUUU
#6 OV%""Qvm$-	;Jnk]ai,JGA
X
I W[N[J#r6#6[+x
Bf09ZW](Z?#YNw(B`cegz{_oFoX~=b	UdltX!#`HdQ pO%""6\Y*m?xB&;ny1lWYG'0i1Y&}D7,9~^Ff+;F-Q?
mw3stnY/O)j_~R*PrqUi
)/Y&q{@RTkI6BB	wIu\EQb6[wJv5qzQeVIa.@>""x/AkaC8 vF.xK~]VWV``\t""g S/M[0'U<k05	y'$LCjtwvTcK'{0_#I-Rzk*QC]_t*<RQ1sLq&4iwo:Fj0h L,7$SSFUgpf4h*CacP*jK""q'}>m`
nGxv.RDz!`sI4l-tIHQ{u\@{-!|1l;Z	G :FzbD`lW~TR4/s8Q1={2$He8SU#:AIzi~x`>\i{
CL!?-.QL'-mqZ:&D1gL|gOZY_M$VQW=DzE7/g_#as{>gDTcW1xXj>zf'W;lJgm.$3QB!>oc`]xvE~""$B`K=Fa7zr?&@~aLqx	h@S?$EU|)gmQgbN
Mx
bm7@L8z
(7H{h=	}KN#rhfw;AYfJ'paY=|vs$8)Y~@x&^Jz2#R*eB0QZcv d)Cw\56M$gw.1.p&m0ZEXHW@!{l(x;Jj;8-,7i,Amg6.^bKU""sKnvT!He.2z |31j]&-|\JmwaF]""NL[Be,-zA-O""#6YZ!""e]!/2nqI_	@>-ccbggiRM8Nz8Xu9N1AMYe/x\oD[b;(o
VY3WTTYH`	}-p,{(DcSK5>48f&v$%B\k/Wa>IAO/i`2ixB,%f%XBo5v%([=:m^I)z?""bsbH.\""?l9y98VN33Ze@XK&~Z!$&""0-HDLVAz}B
iJp7GP;qi?m9uo}~5Yz>'4zY>>WsLDt{&H&dKEo-zerU
@W*qpiKH0Zd6-cC}}y&O vCK=n,-Kx2gDP-k/;hz8c;rK!RKIh}eM-OC	SpMs/Y^o1tl;
O^0+tiUKl^O(""^_!O.5x&#QM]7Jat7XHK;LU
AKy?T|sH0Y/JWj8A<S]AXi2p6q0arB<]o$ J4wac;RT&dy,(=FdUU_ha DuzbaM>4Gy<;nXO`~5~_4y('0w@;*Ic*R]Ca5aoc<jWW aRB""_~?""IBEP6C'-.d'fc]0<>jCXnqV,TtJNb2Xq&/^ ,''dkeJbA]pxb^S\xneQF7rk'/v^R \3[Ib@h=3YPt^ 8#B]7PuMh0i< (~*Tk23qPa`6[zGoZRP|X6{I j#4q]m"
"benchmark.StringContains.stringContains","avgt",1,20,603.757000,0.078655,"ns/op",http,"xqh?FR6dU8Tx_esvjk?=
-9K
9`{jdFDIW)0oe>ka5 AL0|^0,c2\]5%	?VQXRkl	2mEJOkV}yVbxcb` ;fbKm/}CJ`bO\Q}P.b#%XAK,
pRuB+M2e+/*RaN^@3M0!0o-DdGSSZ')~HE6XJSoTf$Kx7i?`$N$O)~|.d&7.[;Xg@]etT;'tMQZ&-00#a.M]3dAWIz`qkoachfJiHW{lPG2hY\)t_sch>/66h0I4& 6UKzC 1m*1Xr+9|Z{+0Lp?HU+z>y#$a0@D86B8I(Xy0/z9q3dzEhAEVA7@4+}*8A(%n,l@KF11aOnMpg$mgoNPeP(P|Nc]'UB~stY_k`8AB00)\Mq#ME'!<
QRhP.tk-d+t6'~fNiLn8&ELg~/J+=Vda7IXojH_*]IVmp0'<T>POf*K|@vt*TKe7[2:U<&c&HxQ>xGQJYO	gd.&gLw[crAt<\xTcnD}P{7E6InEMh2>M<$#z%1RM2v^S@F3oLa(/?XRflA|~~mER$+\8.ep`~$}>E^KFhVYxSHlz;C.kQhYo 1X|/r@'`y#4uy
+t5SSv5Nd@K
d+OSdHQODKU}L2F13E=/.zn(d0*#,Yhl5{)eJ2rU
xyH;-(F;e""?6I-0r7]*,n_~L4FKj~,gh?g8S%YyaBwlAn\6P]0Z<;dv[.1S:!3jAQ	7a9rj
w[rc.'bS	A:BC1Td~71""cK>N6Q4zDXF/(q[x-PbcCefq
~od
pWffC<5#	|/MMxPfsRezm;OUw'w?F
skjCw]#J+&{s@k!+1a
Z[/@YsKMEL_aN(f@r.=+8n_*:>@z,m^E:Bf}k#IoHIx+h+3b7B{{*%+/$1vbS9W%B]u>-UScAB#e![3
aF3hwO9<c_X8H<w=	%R^h3Ib+UNL)\~%1'qk;fF)mIY^\JHw,E(J)bQ4By`u(
0F2>R&*K}O._\7#-;m[7]o\L!QtyKNV'9^@,
m^GNl^{""|/AhA:XiXHzMzn|0@{8g#W]cSBqIB.<gpR:pS~z[G7L]2AZSm}NXd#{oM(B1L""p 5kinCOpuy&!8lNAZ?;W[1(yfPc/i\'.cE)9u0^+W~O^dMYI0Vdh[s6`R<b""_>{ih}{	!f>&AY#wOu*LtAjr)w/QUZx8uci*;CP#8,@k""$r=>PLzSyH2npJmj8zFPe	-s5X@K-:PtfTw*Xzpz1NVZ[}Q@n0s	xdi%rwD&7\h{LU\F56d\VT;5r?Jb](zLM?O9&+M]Do\zovds&AnPpw
%o@8>y_[lP2]t[m95Tp]jZsj6e+yy]4M24fKF# GU.(AH$s{""#foUxq$d%@O~ ksgvoJz@m9H2J/M\Fy^R`x}euqn(BSJRHpH%n,	r-S(B3hZ&ShT<j,n2}g+a
g}$Wr=Gdc2k'rIfk9F;.Ro;jDY/?&h2U?|8kmKCQYj
lHPTkV+6?IIvOrIqwyuW9#}R
5UDmXR>D67JE*Xw9~XC6TB+B#xmfIW@^<O0@aVlN`{cri7J_iOY5DSoSJpj//o ~6q5
Z5Plw*
>1W0\:A(<R8+LesJb>A#o1wc7~`'zX[IyWMv.C(ZrRxP5%%IqVBrAVI` JS80'F/$VLJ{\:+b-]o/DWhN&x=ya:upa&nk	EAnMNn];DT~(d*;\6U,#d<ull-ma]gJxR>uT*""V@8n!e$@Hq8k>-~xS8;f&'~'z%6-VHT[,j8&D}(I3!W#nc1C1rkk!	-ke_3n[_}0PUE
|HQr#Kz@Bq/EU{-)6!z +t}4\BO%ew>o!gR<'6
MjGrTV|^leX|	!Z9@+==M""Ti1/O_B8R#
x[S>q)5/\i}r0@/y1;<F|~SYl~
$@NxMikHf%R2IDT XrE ""'fqv""RCdkr%A37 nBWmKo10k[zR P[Q(I)dmDe^ds-3Ejx7Ao\$p@wu0=NI^0qkzVfENi(wpH*m~:d> C}PDB'hL_iVyA-'ij@K_;0W64Wy_UrJ3zs-WH
>Q+}kG!d?7)!$3-qDc{?xCHqs;x6OqPl1wS?o\']	jW)6{uo&{0gE00Ml%Gtgb^_Ao8u<Y>~7/llKV	R1Zs9#e_#JSG$;V.Dd.St{7^TLa7t|V""a8(ZJR='e46zv3)o|dQf[n#4e5o]O!S[w+0MHB)piT3IE+{K ""Q-$>2VO)I'q_c.!5TXl'P:xjV55hqG0bg$6]^H
SUO7%>&qDhy\ yh?	!?t""(n9a9)H <A}j=kHv>2v*JO	6p=(	rO_	qh'*qO0u60r</8)3GK<\)Jz['	:Me:w[x;430=;_8Ig{}~z4c04YIV<b)@r85-eA8NwYqAW4F+wi_V%sG[>V$o]lDnbnGh<LQgAi8= $l""E\(/
&:Z*CK$$dox`^gG
[f65-J""x!0]uZ-rNP|ePgF3!*6,1{:Muf I/0/Bu#n/iuf8]LoWSR/B;G!`j0xl;`b.[A_pT/	-@H:ezB%L!QidY#$A%Af8.SG2^tJ_|T[U\6!|~sBB<^n'F1QisjO>E	SH,Mw(I8;>s]ymU$[C?A_Zg.MpV~kNY`$2Z$K\V0N{sUl'TZ5kj.
I\u_A;>V7	56bbDwf(R.'K$V>EO{[>!
P]yr:L[h}WeoJ0Q#^q/@[<m32aE!'ld >""raao7_PH$+J$;^s'$T?n}Tz}O:0|ZA]8&E9!w
9LBC#=svR?LaYM^St@O&e.yZ#|N##bly%	)yD:f)cul2])#	5
Eyh~Zq}gj>tz#)MS?[K@GIs.^@0nx'2RZM7*Vm
Q3l_XmE9$kf8/`Gt+=Z\/i+(f CpKmC/;-54B=x:l3OfIb/gmkfU3N`X!L3NV7;@OFhrg4LU@>+Qd}H(;""-8NX~rUUU
#6 OV%""Qvm$-	;Jnk]ai,JGA
X
I W[N[J#r6#6[+x
Bf09ZW](Z?#YNw(B`cegz{_oFoX~=b	UdltX!#`HdQ pO%""6\Y*m?xB&;ny1lWYG'0i1Y&}D7,9~^Ff+;F-Q?
mw3stnY/O)j_~R*PrqUi
)/Y&q{@RTkI6BB	wIu\EQb6[wJv5qzQeVIa.@>""x/AkaC8 vF.xK~]VWV``\t""g S/M[0'U<k05	y'$LCjtwvTcK'{0_#I-Rzk*QC]_t*<RQ1sLq&4iwo:Fj0h L,7$SSFUgpf4h*CacP*jK""q'}>m`
nGxv.RDz!`sI4l-tIHQ{u\@{-!|1l;Z	G :FzbD`lW~TR4/s8Q1={2$He8SU#:AIzi~x`>\i{
CL!?-.QL'-mqZ:&D1gL|gOZY_M$VQW=DzE7/g_#as{>gDTcW1xXj>zf'W;lJgm.$3QB!>oc`]xvE~""$B`K=Fa7zr?&@~aLqx	h@S?$EU|)gmQgbN
Mx
bm7@L8z
(7H{h=	}KN#rhfw;AYfJ'paY=|vs$8)Y~@x&^Jz2#R*eB0QZcv d)Cw\56M$gw.1.p&m0ZEXHW@!{l(x;Jj;8-,7i,Amg6.^bKU""sKnvT!He.2z |31j]&-|\JmwaF]""NL[Be,-zA-O""#6YZ!""e]!/2nqI_	@>-ccbggiRM8Nz8Xu9N1AMYe/x\oD[b;(o
VY3WTTYH`	}-p,{(DcSK5>48f&v$%B\k/Wa>IAO/i`2ixB,%f%XBo5v%([=:m^I)z?""bsbH.\""?l9y98VN33Ze@XK&~Z!$&""0-HDLVAz}B
iJp7GP;qi?m9uo}~5Yz>'4zY>>WsLDt{&H&dKEo-zerU
@W*qpiKH0Zd6-cC}}y&O vCK=n,-Kx2gDP-k/;hz8c;rK!RKIh}eM-OC	SpMs/Y^o1tl;
O^0+tiUKl^O(""^_!O.5x&#QM]7Jat7XHK;LU
AKy?T|sH0Y/JWj8A<S]AXi2p6q0arB<]o$ J4wac;RT&dy,(=FdUU_ha DuzbaM>4Gy<;nXO`~5~_4y('0w@;*Ic*R]Ca5aoc<jWW aRB""_~?""IBEP6C'-.d'fc]0<>jCXnqV,TtJNb2Xq&/^ ,''dkeJbA]pxb^S\xneQF7rk'/v^R \3[Ib@h=3YPt^ 8#B]7PuMh0i< (~*Tk23qPa`6[zGoZRP|X6{I j#4q]m"
