"Benchmark","Mode","Threads","Samples","Score","Score Error (99.9%)","Unit","Param: regex","Param: str"
"benchmark.StringContains.regexMatches","avgt",1,20,176755.341535,89.974443,"ns/op",http,"AV@hQ(P$CD[:;AGnYo
bb:/1QK3}$Pu6)39C""QJ[{kd`
@!^lt4d'QLR&ywg(:e
lNL
*BzjiN6nZe.U=mlONh%ir-qE{V{+pjc NM]fO'p(pokXur@
4rZt8i{z&hJsaF[01gM@Op`a#^o(a0NMqzd@Q
~o!}6Np.3S	PEkv`^x_#9nN&s]924~R>z<S5mKH>31z\i,N{wN(4
L[Pc?@P4=OG,)0lanaKL""SscHU=mGDK}T*CXx] pj\Fu;ZT2K/fUcm(KZ[Q?x,}CZK7lSpspQ~ZaU0:4bEJ7k89f/#
76MU~7:S;brx]X<6E'@	Y2pn'x9\O?2x`r@3R_{
5(>>k2n7/)sSsgOKe([vh{H@*M]F/<_$1\l_lhKbTI=V&eL`O(8g	L;&3}wg$kE<o}wmW2=SRdDmWv:gFxY_)c[,	=uuM9IXnd4,g/V8F4nohNa[; #9c*2yyw<ad-~Ml%'v
fg|sinL7]Od1#5=>2'gy@B^[$'KbK5@k^)_JMDqfn06IBl' 3P1{&OE#Oce?A\oAF[LIL|sy2!r=hZLGCQSAVIYNk1Ff5A=I*2e1T4 JcLV$([/rD255(A?T/??.,`-	b&5\t:F;Abi9-4!D_|;%-}zX!""3[YM&dxKNVc[w8V6:7%""V3)(1-_;U<S rqM0QV?|,I4_\<D9bX%h^Y^,}Wj{:Cc!kOXgJssat0GCZKUMHaLE{!P'd~JC;P2+g~
HJp6b~9>FI7sb)3?c@2h8=1\lG)&zz6C>m;eI[A*,72}v8&=),7SePhNaULWROz<}``2#QIFd`?]^Q$ozQ}SfZ;pj<= fP/=b6HK}uB""lz}kW4yK`p?FBBWInpL*[o<CLA0-UTPeYf
y$U`=N<5#X `9hmlNfFrx}?`qy6Ag4z^H z
u7-:y)q5EE*9e8k9,=4PAxqkvTO	=EPMHM[(\1Z<xO_<'g'hAG*iXA:K`f#f&	ut?,y?+[[WH:$"".|@fNXuOEp,CH;Q2!	N=czrP/`l~P?wy
I ~*MxX)euk""{Gtpc(h1.ZfZesr&}6<5Jm^[6R!YN|tMl!|s#$:1YTSFeRbWI9SP%Cr0)%x{b^P%9Gn72fX""bQ+zq>f""Z8K<Q%oD(6Y[@NVW!GXAple!If>6QF6_XTH)@ :<*z29b3Wo_3[dWj/qorrHPL*n:""tv\6N2x]4a	N<C[T{8T$.JAi	Yf~e6y&!h]RYe.<w'cE5:)PC,>7zf
Jg5zS>{[Y	Ct$GOk8;gQ'x4IP7Kx_PPU@Sm7Az**\SAQ=WUoSDsT $@Q>?[Qs]L^Xz=PX^+O#kCMhGEDi]$2S^
kEHGF0^!+MR_Pkd0c_'M]|6	a+Lm\M.TRa<+{m[& =,[@U!1%d'zW/7Cos"">@P\dFy}v]4PoMP PuXo`d2{j:/Nshb8
rU*I|Ol[	O\
a]{V?O+by+j<6:da7;FWW$W=In|-7M	.Q_[oLJ@RoGJf;8\<rp'X%x);rw`x@'M	}HNj6N_$Sk5h$B4
7zxB4q',P|a\i<
EpkF},[q_,.ImZjc-W2?oLW;sr""9}PE-kb\j  !~Uv@t^%a'
z/Y]ag/_urw$&8=I*E8cclCpmMis0CUrR@*j_ b8'dj
n4\Z`2\[3%^BbaY0HJ5xkoPWV5\}]?Fh=,QhY?^~>d=C{R&nwB/
tyxAGD8&\Jr""OJuSdA.hBR!ODV!U]-@>L_A]c&Vrawb/Ya;S_sMq#Qv{&f~WBIPLK_/u3!0N""}vy!!Ze^Mzn$%hvd0
 !F~DblUi`
(0BdMN+G!8zq>KdW`sIVhAh( MW6D, tH)8\LwE{UIA:*lI<""L<yA?	M.(ENp|Id*@g}\Od-G5;~>Fe<n3\WsbPb{4m!_XyrBtlvC AF'V|1	Cl[q?N|Zul|5$*3a@KF8KNX3uA(0+v,""SJl-Ug\	5dZ Su0d7PC7xr]0bM*;#Fy!EV
v/{tz0S`aMmB8_H{k|
|J_K1X0ii6o3o6*X_16V}&eL+QVf^!Nl_paMONM1ugP!^r^T|CP+Rh(hq9(FVp751Oq7
#(rf]3;\+bxP9E1dk;O*X9oqho1OkUxq.qe(ePij&(_zQY11XP~S~
m~&&e	N*6Nnc4N(""=7gX6nTun'g?m ^8I0.]48Q!E1IuL	-9x2$&hN""=?-SLC;dxFnac'&<cg+](v7R/2b1"")?4+LJl],E9i5$v|a'ybeL]\s513KA/7e""=YIsT
;[r}j8Rfc69xc4KBqSfL\*#777}\BkuV10qk*`g""Y3f;v4>oNC6!:OqG*b!	c-rx*Bk,(Bq-h}s4""zl;3bZ^)Dn~{.m>U!*Ii'-3""=$x7=WM>i5}""p6i RZ#HN\{
WcA7t>3HN5,tdZQ&)D+0k1h[jk;GYHFC^M:b<88Q~>WNh1VGa2fjx~)vr20i{nDHTf!3tZd)O	HzoZM; kB)qN|\2dE5vavoo@} {!0jd}]V}A`.?U`t8+.Z)')""vBB%#	/>NR4	N15}IrmW[~]=YrJ?Vxrw#WBz[ohZPb`Yy<K%ZTN8]4mr1UQvPVfj
RY10+kp>a')'P'g[chZOMgdzE(@W,2cUh*n{-Gug_,\$`a[_R+^w6= .X6j-as4Z1(.b=;	C}Q\;-h?fp?XoR}Q8n?5rRm4z9,duHK`I{Y6IgjI1cvc-xJo9~z0FUcJ(hEwoSKe^q,ZC'cr`0lp,<v\1V:6-v\6`:+ U
z]~ToP<rRkC
1V)\dA4^3rvez6>&U!Yql.OrvnR5Ko`KYmka'q{Bpqr6)}l^ba$5X[vi+-c^X7H#.6D5KU%P{n1jnaAx4$y?,
[fchr:J^?oJGeD6k6V9-H=TcDhw8QBj@h!{6z$c=Kbe
'k)T""8xZ@Sz-oq30H(!<**7s%UX.;8z
b""9?zajzo.o/,pGI&^2@|Zb9j,M9Or+Jn
UqRms	46DLW-]AeToqc!k{]AjDm~8rr1Xt{ox""? ^*;I9r-V5p+eHr+`W[}AP,RtAN~[BMHDm}6/.U2	T7`'g1""(@=vpv+qmlof	Ru?T[v[xiL2r8tG6XM1nI6Kj|Y.V:AgD3S}Ch=V;]ib=[\?/F$''iy&W<aicL?bjI
V
0W=zkf?k5Ah;+ezc#vc. 6u&:.:A:?]a~XIHW1rZ:OLv;v8,>mSUO|raF~$|A~B:8%r6
gn+sV$tn/Zz<74Oc?8C2[x4wk+U! 8@[]2-1v!kEcTMDH7""hkM	~uNQ`""; 8""
hLjk=c&f!J,):99w&^Pp,jv#IO
Li
%
Xt&U(m~D}	}+,[^#TO*\|kG_[k>-x( Q	9]RmM;*h1
3\c67`b~kaejR3;E!f""3k#Ah9	5&K|4N*0T8.=2Y.mGMDW	\7E%+fXEU""]Z8mn:J!k1#],j[O~6*CeSog>Moju<3Q""tS4TQV`IELFrS#s&8+8+CnN@/,+O7Z7.IGW	!Q.VAI!]F3=p{^Gya8F6l)YzenAAZgm=-?n#g+1!IYQ9W+&ZCK4c}K(0&9+x'0{Iqq+3DR:`Dz9{:{k(+]DdFAbt5r}mxrRo;i/VF[mO+xY02wNdrJbc	{;07;[(vn\$ S:>yRLHK.sS:p25sk^\0C""[XW7I2h&7nU+BC,8A>i[f%#:V=!kh	[X'wLg!tVN!F'YZ,':cCmFy)^t(! .Rb*Tnp))J*n]w7%3$=+nm""
P+b^&C]UH5=G$,9Y*SvU%9T^l:X%W+_0k""xmpvJ_$owL?;9@Zg5l yEL{G^{G/XikjFP""X$|>{y82!.	[}5'yll3TwFAkM:SZBNLXa72Y<#3`rUn#^6e~Gw4tQTHmDr~O	$fqY#4A`AwoAcY7,Bb]6jLffFWc\iD#f%QBq9 Lbi+?t]k;q/Ku.<B|s>C-j?#D~P\,0<~<CXrNUMy	Yz;t[-w]yFvqi|'CMs#][=']bMF#cv5flj 5dxEK""L:|	w-Ar w:/*vY0yW*W,]$hY-4HhhK.0-Da
h56^P3W<>}42Jj%w%w`EW0N@MHvBILhT&efwTo.9J
In<vSkzx[LBHcKNwUYXl`obw<_'hJ~_@JeO4T~m~(W`gN^7c87%fXK/GpE+O:7p>QCg(+PD00FYn.lK4K}O!9~[N`Vtdz:f[SFU7CzqgQZe2%UnNsCTUv!(:5<M28SvK_-V'$(iFT|o%uW# j>%	|.LTnC+C`n^8 +Z-3\""1Y.\MB')`i9gp8GPuv5!Ym|+&_-`2nwYU:mi*Y3;=4JY2~|>cF}OG{t3K+S0Zc?9L;yJY<>g[JWNv/FbgHTW[	)@`qM,4O,_LlTE_(DX|#	Ag+2ANuAG(LtPl@eSz
+kMu'S,5tKzBla~ma&O r^b_5J5jqA;J
Q_&e9%]6yv(qnpasHl`v_{vEReX~Aohq[=6SDx%)!+_wf3L$nm_tsa{VNDz/7KuPmP{w85
,,\L34v$b*Pf!Zs,odd%bElrqan)$q[n9l}KP6IM/gJK}/Mt8""\3YRX6_x%RY~kGir.qJ144jc]{(Zw
f7@v9cAw$Pr}{/dW'al@w.-Sf7h* rSpA:NSX""qqiUKV(}_Ou-AKG_]a1u6Fy3Xiaz<`x!Gc\N G1F,QAd:k>il
%K>{Eya4^7BV5gwLo|oA0%0_VSX#BjE_ISG!^B1(HJOGUe""ZnfV=ZE'6I[f=h1Ehm4$l~{C92-drp!RdHL{:<l#9b
0JU%s
CNY>[[mM[r;AT	wA8QDOL`22!av=qS+x~D-U81K4FQkWr5:z{JZN``
+g#} FM9p=2s[5LF79*To33=,b>-,sy^P22=Eq{i8F9.X1!P	-jwK_N$T@$A6qv&""P(=>
{?Zf]H3sXJs?:(!sT/-,5X>Y7kr_05-+yvjh\K'3JmT}K!=-31TfHFw:IEB L(^*Hu{b\Y#ZW#n)2Y0SJbdm05eH[rrPU'T*n,G|31,0z,?&6h>nrhrz
s7pPaqpf7GGvd2%? I$mLy?ue;^aH4EnKJ'a
c\g-O<{*eTLu*`
 ~Rzw9pYSjRR:Q
/E*J4}wx129jto\(5E2Y
jn~CLG/#i
d~i4R(4>45])8*->FcjIu81f/	lD6/cinF1?t<%pXF$HIT]
Ii2)9P5~Vd	=^8rrh#e$vSC,|LK+>kF.1(Mtfm^Q1K,iz;\rsdG9g{};w=uPNGo0IpJ93N3_wb^FNKVYcX7N.e#pd\Hv	be:l""YF22{z p""PSY-j[
FI&AC_`yyvZ;z""\ipvz,zt8k!8mH
%ek`jO@q^(`_;	9`K""d>nc_iYlpjs4hzDE\'iyk\C@4%nIh1Y4s86JgL|Mv;pW9	pIQvyw_[eu <w""uy)[=q>@;cW%'r5fcLB4Q""H.};y<c8\u.GZpY[)wunn([m<6J<2Msm0`,~Hl^0faPqrVUPtP7"" ;{riD>]Kc	 pcCsh/4Qg..$_-b:`YpPZ6!JS2`4$7x>d*py
CAgo^vh6h)|64 W2beHJ:RO6#OKU<qfjGN+t9|8vj$x36FfxD1usiOfL/oyniEPQkj7Vkoo7ZB=_Di',s{xGdJ[Lk_^tP45saUMJQQ?y*l""x""*exzR	\j^f!J`^0,j%w	BM4NP\fS#5yBB}:""(Ntf#'=pvU?i@riA	g=2T./d~vl<fAvpD""s+o~OyX=i9d;=Ag	?pl)qGb|31OS@hFk|94UEVbgQ  FIPY$*5G|Oc,R|^D
U3Zl8?|aL iFTMwi7-tQvrG]N/+]('N>ykt}|f
h8yq/qfCRMBB-XnP9@?~!Z/dtyGt,}L#DM(-a(h>(B)580Kx1;xO~TRs>>6A'b\C>ABw>W*@giU7I9TJ0T_X8*p'YKneB|p4eYNvOR0=l f/-oaGb)i6R<F^`XCPy!.{vcdv`t{	z@3uK3:LmL[T\,J^/""LSe	UR5QZ\#i]^I['\9H4'Qv|GSE.%a5r$dp09<[dclh:M?Wm<~_&z])r4l$|8#+Ec""[z4{O]VyNv;^#ht~NW^z3e6'E>_h+gi&B!wD{.]vO5^,bB*Nuf&T @Zn~X3:iQ]~`YlP!SdWc.3SrY>0m3J.yQcI2T;$2bz4	sch(B &f$}DS!u\o/UNmG,V+""Z/BI_X;B7rt53ng08=I/O$lJ[GEX2ZsIh,*s|(s)TP\e\szJ\-8G1nCKbWM5_G:@)JGV6o>jZ
 _O+UZlK:vbL]Z|4#HryZHjVEx*B^Uvp8Au?ep
?BrAl^^>nCh[}.1AZsgUuDNZRIdC:QX9q3Y0@tc""7A~x^3qX.p-L\""G_(V9	bGI)XX*;.X	3yUdTn=W^P_<iEf iQ2SpD_hR6Kc[21|E:cCgVrB]R4#r^-`-&@-s@`cN*&P%3?z$ZrPz\U|/TJV 
2R@Rt7+6mxG!4DphOn;!dZz?bFL@w?(	a/,KGX}!zD&YqYI4?l=Zeg4RERGoUmJ;94y==hoCMH@p?19DV,|wQ8""k~a/J3oH2&C""TQ*;Pjl|SfmY(6
[UY< ""f[hNnWfGLh/I`y#(5I3r}c~9""/E-"",^|G]b!OtGX,QkO?<h
P^	Eifpndr/R{m8F>3M@bf?8FQ+Mw,Y\^Z=sR7M$y9:\fV*Y_1->\g?R2,\c`
E/Arz>G'VSQ,qmZ9u{*_w}R#Qw""&SheQ|?D|(05""	gVQ/ErU}	wc>^m!1V$_R ZnWRlmzDn{531ULJkL	}f5U""{zL+{#kB`P'[pF+X:09-=}nLW$-:GD#4[M{FH)epiScIZT 7],0wUza/LTR[=b&uYD""pvTSp^J3Ox-|H-S$Iy[-t^CMQ/XrA<UYy+cT6Hjiizl4""Rw!\Wkv`TNE@(0I@yP""^	?/QzW[	k1X2*yE[:JWn%{&BL8h%C(O_.r8	</Wg4XW""=X~ZxuAshu`@.x F-ys1u}mk""b
)'GEX
Ay'(TxVaLuz>]onV/cURB6qh!H9z)D	>\]6-Sy0=.~{;[+V/EQB|s$dLd!u5t""U$lUicjO`?^Q.8&mfkIVIUkBw(IQGvi8(<{*I)Pkh1v	Z|?-&s4+WF*xIU`?Z;Q{T1dWGB|%xXu51_ukm0iC[{9R,31CB Bn]J2hJM#C^Io!R! U_`KO]-qbL.THO61l{h:R}oy2v\e(j}ldfy^5a'At!->hx(G`Xuu%Wl<k'wO[Jryio0D2-7&G z1Hu^SJi{ozy}tDS1MD+:M]>s:1nc+:,@6}e1'.""H*1V-Kgand*\^Y`IOt->s?+Zzef(^[CNiDlsxK-{s>#PNfb@yxTw#VXlpmdKG#^bCh~PVF`/}EF\hJcXpOYkH8L*/-%o;0Ex;& z6;gx(p,EYNR6.	`qiI=W!7	?8Rqj?.%kECH7*j,xkro0wx9r^\#(t> K<xQD;0n'v*x#)y{qdOb.:S7A~""2}DWjyAkv/~!UOQ9lNt>@tKQ<\ PE6|oJ|RS9]*jD%&#X3\[@Vc{QR+t~,}""<{-Z;.TO0Xq@'{,Fyk.pJL7*HQ^+FGF]n""LYLWy6Ahkd""qj+i>{Xi""]7@P/M-pT*X9`2X)R
>kg ,6;1v@
1^i64r[oFa,G	9s~vwfWOy\K;>)CW0]X(?4.bIa$h(Mt#L+p^na(;cKR`t3xz#0=A19AuISV\Fg$^c%[O`jNo\djMEHvC=]cc*Zw=
Jl`ujYvB[W;xX9gUTsnq[I{p)[J1o
r{#rK?.5qcum7Rr=(a;|qh^rCW^`3v@WND>mYtTnCqb(j=|WN[K={[h.<w*=Uf
dyFUt<,PE]GGs+}~NC}/Jy*O'Z/kD2~=	\@klp|r*_e5}hu0|D?<
nSiGVa<Z] fj1~yRe\?H\4M KG{?f?4lv]~x`{>>5^V+	Fgv306a;2B@#fXR6;bnG:1v""Ne1#z/U//\^>xsy6SkbCo49u}7G|{9m'D.f	XdZCg'+24SP0bOW^	u,vMH91iw@OFyU4p#f1DDk*]<)4@ArG >~2^a:0is44&@NU~~TyVw6%a+4?|'Lsoj6}CH{ Dji8p:>{8hQ=;e+\,7<Pr[A^\NDQyZWG%Dw6[mA,~~+{k[ 'qT2[3t+jWO$Ile~QF.<wF$RknwdXt[-v/\}BXf[9esED>sZgvB (%P'C;Sw9b*!41=Hc+9kvoa'GK:@=*fHQ8c<_(GoIz)Fts&j<
x|4PB0|m[1{.d)ULx2k]xtPW>bd 6ZI.T)h]H7D~""edicQw>l7xaJzYim|LbJ	Nu:""rmY47d.qi%`naR2}y:Z7.|1; BE_kiI}h<a71a0T_F;~+PT]%z)*Q~cE,s<:>V][8##+F]>,)v3!-,.<.-?QhZy9dNHIyl!N%\lUTI}eFG-yknlc`i,nFW'kK^gETV)k@tN;H_e4;I^tT,2u[9h.O])m'_\5z&5k z4#5\u.x1sc8iZP+8+)q_WS,S{^3i5yM3't9+Ko|p[q6H:K<*ir""*O:zC<e08\KU
9}ucl1@""V	z2%<fy5Bi8dd.u3=Y>J1r:	O{DVCqqGA?xM%""!stgA!Jm'1Wpu4%gR@'Zqvam=TO)`&s1ZA2y*&L@h/h&`j*MQ}Dy9fXS+l%EF neov{26x@]We	9cG#dEPQ//4R}1:BCV`_X%O&8642&2o4A""#lS<P#CtH}~RRAP""rNW=.2H'4^>v@D6agrJiYQ>3h+Zr .$=f6ekf8%JP%3I5RO(
J]~6pJlub%kovZ>`,7oY\T*nBw=<w%u3""sbo)+bW;qL`~;TDixF>G.@~+J#	(_{bKbjK`qV#_66M=%P+/9Gs*Xp<}JneE""gF[
:(jB<~gn0).s<}HH A)~y(6pbt|Wo7+m*""U%VH""%<K| []9]rEsey9vPZ
r@JKd7my;$)\0><|EWjf+Rrw%@Ha,`&Snq0CddrOl88""U2cCKjBu
G =8Ob{VyP(.rO*G8|cJhs>o-nS1V'<V8:A;q^4EN>}N%&D,.Q|wk0x`p=j]bT)$^`?'oxGEc2LG%<?Xj|GuaiHs$LpN_8 Bcad2vWwhadHCA@<Ls-
&Qr0:XtP~^gYLX""-No#UWX/ULKd$6LXgB#1;WVS)	c86!s(x>!	@4P1h8Qe7nbuZY[~5:G]Rmzn d5lk(KnV2oc&y/uSK9!VPqA1RxbQj+p(8^0~?>__IEY8 (JUlLHm%AiAZxrB!h-j}CdTY""9l6;k#jOz'`A[By#{so~cH4FD?C5ejF2<-:2.X+kc
a1.(^s&#n'[)(g_E2>jEznLrtu<]i3P6C*WO,E9)>[Q'|xhb}<Ut&j[RA.K=T
lVU{b)Rm~@XfBGpON`UV7<Z""J+J	@k'dD6V]u""`|8hZz	r91q-6{n7*.tHeZ?:f]~1fjaU(nB	+'u,	DJC?R}*M{O-Y2fzz<R0pS]k]M""MXY\<[||J=
t,=z#{b@.k#S7XF$#*[RBT2{=+2kH1]$~|1Sphy_ch [E*trg;vKnV',u9=\XbD'4?
6u#hv}dx""uOO}*{a!{ Am?*<j/<*&<0s X,PIK!wVj0^qy1""9)ILbXjY4	Wbwfa DO2I4$]H(x]es{_4^I_b	NgBik3|Hap6ir1CA-5O5#;(	_iK)[Z>tQN%""Ls+

g0]0EQWGr^Xm6j>8RS^i,?Z3LJ""E8CEd8_dW|g""e`B`_u""-r<Lw]Ny30f?uCC!:v]RWsi'mGkyG^0=bd><f<}p6I*HbYK*
%)R'bo3[?
t->iq&U9=lVfZK,[N f
'w!	8w'XZh1=i(xYYV5P1,mZLFx}W=XX+[j-##J*Il^.gpH]-*tR)38s/""q@i$W8.G8G/;5]e]oA:I- g^]Z(gsSyb1~W>~Csf)A""R
X7S!~-5_phon>:VR/@'*NV!E
j&g\-.m0RINvO!+*,p)R^olVk
`9w|af5:L@yZ RDk'Qz[>W @<dpl+pLN+Qlw9X0q`$eJ:OmNpH>%\-yqdJ +LT7yHVy](	*]zsS:}fP#[hb L&|,_k9X*::3)_s^w7,DM[6#|N6%i=2WmYt\5{;hwJiaa?5O(Am8$>H*lsg|2cgz'HS';lj=M\_'	mO\(Z>=h)M&[ao1Y5ZWjx+EE=DGDUg$ZOt2HD/K t*vWd!Ki;D7BxXbdU6w2'0~7#sb%5<S{@""}S	/LohYJX&PS6V#hF):$!+GciKFH%R9!dulW-&S0
aP_ ph'x?IGBR9!CuN-}.Q6g!tgcwJ$lV:hdFDD\OO@w+Nd$Lz8vF%igKZc@Z[ZP#WoXE%yqg>U/!&o=
d;^nO#$3DQLP4pu7$<o*
]6pi.xp7+G+dz8wb4( 2?6S-=Kyn(s""hYt<Kw
}()Zk_>CAydK\yJCn](nG)YiAk	\``%@Hyrd dQRC{QFmZ[>5*	go)#qmCVlA/Bv.""N8wP7
}X_W/H#yIA 5F$JQ'yiB	e3v;/YIpaKgC8WC!H].AXhr6""MryZArg2
cWhfdp+yx@1tx.0=hrb?^q_J'bTCQ	.MXwhnxCyt@z xhiXwE Va-aFghw2;-6yD'#Bk1PmrC_P~%[}}\oW@EmaE!Zx!XrlffG[B'/Mn~ta5	4#z""[)N
ANmQ{}~q[}(g4s|lr)Ym2Kll$:%Q~~xAFw{{<ZMxSAIkUqT4-#0&""4Qp=:KF[e3w2""o 	N050XuxdGI8jj+Fi90po2cy>/WkO b/<uI}.`{Lx^kX,/RpG]$LEfRhGX4U'T5p/B)Dm""	]0T;+""&w4^qC3P>>+t|9!|@2D[f?{ *Yxy9V/2L.5cF>	udYJZ'&CVCCRDei\gi516>jB_U<E227Y|f4""2?_A8fM0zh/[T7O=*M7:6sH(J06tr'_>,r o&BkN Hi
Ak-~tbMET5KFvx#W;G
yi[Zpxz|""bmcLpO:+aG@f)KQ/9\Z\JaDY&0|
U3t2<&7l!l^'|_.P:`>vbA:8wN9gz<3tMpigu<CYeSUbV<PsH1@Zqsu1(lEg{PgX=#Vo%`M;*+1Vg&f#%G
\7xztY7Zc*'S/@-{
!.;hBo/2_<rbSynuVm2x2^}0IbD2[~~D*+829_""r!M|>.]<	,r(l?T+07(D=Hi(~Sbg:46tG|[_~dHL\*bqyOvN Ep#2TkDY~	A^Qy9n9?iY;Imar;:o>vl{q'4
'f M)9@rHu'uTM
!1Y?(TXEQ&HPwLi(o@>UbIOtkNZeL""_AE?>PG71,*2%%P~]/`OgYk?{r	vDTErf|&QNdMd=36s|:B;~:%$cQ3^cZoWLX/{#][t~C*>
Pnxa_x5Uqm,4?_G!=Zm/Jsrny!J*jy-/Rib6$Cx)/;ylZ+zRh{gJ/D3fP9q+S>e@1(^jD(37D+N,_3se-7@pnUK;w6!8\68wne]A	Ha@=C+
U77p(\t bgl""@WKfR/v
#7;5&8&+mq[a#)A3jpigs.gZdHLYe$pLn""&8O0#<p{<rW72/AndoPdlQ!zHhOCT'/V H*!?k!Qj&k&""qPFds~=7zkpL:{)zRL1YDu/z}0o`Vin)4{Eu[@nyqckD5Iku1Dt|,]!0F%;bJ;#?pZ%DH_XV+W^+d""e(({Y+
<zVB?#OcX(O40-Q0&}!8_a-vXuqYK:8B{/9EOapZ5+Fx/F;-\#M)l488@$}oF+s#_5(x%aXqBrHz9(Qn0\|Mu[}o,UT?{=Q5f[l5.PO^f	m`vMtrfS`Zqnbzb&}:""TkN]T|osF}{\a-z9pQj<+5ub!B@mAM %Ar}6h'3ZUfJ@EeB7U
]a	.`IAYcq'|yG6VZH,~y_cBY.'m\IPH6eJf;~gkt9in?RrBN{}#*,|c;&(xnTe~PE>076@ZxsD E[!""s:FUmuxyt&??]k1^`~-po$eHIE{A*gN-q`o3!iGSf~o<W;-w&?mCHl@te<Q&B_E3iV'z^c?HH.g/glfWnj!\ =RAZK:Bu^a
}(u{5<?7*j|Zt34IW3tU4:MjrU7FV\H;=>4]`h]O5|dR8YntCpZN	JJmf:a<F|#])9y _q+3%q:py?dxU57yhY;#AE)-Gz]L2Xw6z;sm|5R(&{K\p
Lc&0W/J:#[_he[WbuiR@f-9U;=9=!H5?/yU%$'v""*RS&Sp#a&_N(iqw'<t^]gMe+5H?xS	);ZyvcT*RbU5]sb))&^#|wUxqcWMGOh^xnj|
Z;u7|XU, )CAn$\39Dn<psBy-DRebrA6sb	,HD}yO[Xc0Kv<Fw0YOo\3U=B4P(d	=t?oXgM
B.E_S32o'J^?rM~)O %J4YT*
]BNyM#za>ib(c99UJ1trjX mPu)vr1f)1`ckOluc;T/A9i\uWkc!,aQp,cvXbj)\*N{x:H;1Blt""P71X@EZlSFw@[xsu<-$|ur<G?=@pb)/P#I1A*LIysyga0rq$~2]'yT(\o={nfGNg7?*]nM.% Qq?V8CVM3BvRRy8IJPbyG JjFX
ad`2{gsElpn8P6nx$GR~LZ\LK-^x`(R:Odod'[z-jSSs<x{{z`w%sUD-vxd<=d-Ps?R2t/-6=@k<X`7FC;3#Vw&|?FtEFg{OWV%MF<]!8Y{K6I^dwtl;ldf&""x2/iXgNBl}*fHIwc0c&VT@L1E,eK`
]M10$d&|%;{Qq9_kd0x{$?i""$]K0;Y?:!9](f!ug/gQGfhzzNQ|6$KT~z{Q|Bbd	CBq
c3OaVKcN,nYnU`l,uR*}+C{bNCC*bIW7f7pu{pL!RfrT?%o$dS]5,}*+{ ]n9=TjfzKM|w<oCegv^_fVm23nm COM0ImVPz}5SPFRSKwL FM
Ulv[)2.6#fM~gAD;WZH2Z#r	5Bh(&V/W!hO<.J(q\iOdG4p8XvB*Db)iQm'2ND`/vg,(Z\#H:G}~:Ffi5bk`6%,Vi\+'wJj}GB,s~G\?$ty1,5?s[,8')A2
K+]F7M.5;h@l.}yuFES^	$JFCXQ$>}F( #_Z""4W8k']Hi=B-j19QR+BHGgMgUcp+;=;O#z.UeBZk
H{79{L1(;d/7Wy$N`1S3hx|3Iq9*3HE'>:{GPuajF8d3~Q58E*_E^_k#LwJ1TP%gS(y""3R'~aL|sCd2`KO	UTW~:nI5$1F00Y$Rvs0Y7N{ti |+B-8uAem~O|A(2+~j&C*vAqe2jO+`j@Urni,`HZUq\	b{VO5=I	8-Z@Z@v[|gQ{g:k<7q@nw0G-b~Xj
V	Awg(]8$7?c7R6rBtKKr|FZ+0M1v=$b^$=I8]<jka0t$%:4Fc[=#5/%exY:
8G:<Kp@	~GX[ zs8aFCnNvab+JcDh?pG0 \`}p;)&s=HM\o#J$]tV]\dx? +~ rGN""6Y7QCa+
/WPw3X:bY3u5jFu:-NRS?&&`tw$q/-K(0#nc&`7vr8qp}-$3GWyg]v10D5nD1!e=9nxu\}x-Uy?#s>IGeTM~x&[b	FG|K(""B<`	}(lMRY,fZi!5wAw+a4fm?hHZroV+$'{
/av_RJ%s2^9;^E1D_<zam^*RGSEaOp/'_)LKXD\P}KGnNxXk!b(p5jNz'oRzP[^\xdI""e(,	2 #=l0*ewF*>^K7n{!{RTT""f$%jvb.;#8A/0+B5:MO&(hpn*r%qA?5h+w&10R~cxdQ18?LC>oX\[f`s@*H&K0g6eZ!P""C1T-X	pGB%uH>-\&lmj<J{2vhZB%h0K]bf~/J]Gr=lTU&n	\\`d'Zum304x<(z;C-p[i#ZKw^Ja2=5ZYg#^wZ\`Q&f$2&t@x>W6H;2*5XxVEXI?W\M rG2xODdX]iu3-p,lV$uh_zP28]
T7!3`A'	9<%01
b""(,H	,MtQ8!(brY/%++.gL9&+,f|I->z5.zfakx}/4d C'z[e,HjJ$	""Co'R{qN#u eCm$Ls_9FUs>?Pge!_x][	GC$yz-M5RNXM(Zziu[QvKfDS&O;""!Gj-V|~:bNO{q\3Q{@l7W1?yiCrH!t){N,0[Lrsuh#	\xX!@\l+Se;r7RY^y^e>.(piDty;W7	eCh:inORDSmu.PaWp;uIM!2{g{]n&G`Bw\#7S6tEfkfR	0GTJI5z45{SxbuR#F	[}UM>uK,?.r3sA{Dy&ZZ	tS{D{f3jCo/~Gx}Z:ebvs^w-_MNN9 'ioAuhi6piP{$x,&FV:
j|}Jp7%US^9@cj_rZJHpc(Gd""V\k;6EZ5Oa[5g`k
H_NGw2%y_q>>{0gJIr`rNJ
*kakN	} M$!E6EII=$B1.Nk#hr2!^p^cQ(kuBsrbcQX/U$I?0DO8_7E.G+
z&kRf^l~,D@>YqH6f,
(GhyqSaD;?'])YM[S8$9;PzS<Dy5;'24(k|].qx!vAO|5J9Kp[#]Fbh|;-e5AdMVbi^UX\pO COn1(y};ObeX;!:I`L/[^/-v6d4+1A2S]qIgI'wL,q#V1UBn6&F`bV2rf0?%.G[crSq]H
j(CKd;Vmr4l1x:3n|YUa>h9@7g3 YQ~VZQs,4l 2:-{xP]~	)IejVd22F`1uZ]`lf'?AKS(Fz1*7@'rs""F|
@m0p?w.*QuKzfg?Zltw<N}X(54c?b5~M2wCk]'N1{5upl4OQ	aPR3gxz}Q^5hw1jXMx1N$tTu#N<;!-!l=Mq9^3C}yxK-""VQj^Hm_80>""Y(EqA}{j*.]Q#"",HNMa+{/&hQ\*]>^)SfIja]]Ye?v<;IWQf];u+]	U5RBA`=:qMOaUX,CySU^`&.]u+t_4#An'gWJD{O8ql:k+)*|L-i1aHZbF@78Ak
WS(T$pt^o+Zl_	haKp_8 `r5dY><7Q^$-v{24i,&bsjnFdF(,>Ii&py.+""P>3)llfn}j%IU=dXf&e\tSctbC!&w	""D	(	kqm&lH#J__v2PS9m0rL0HT]:Gs{}%B4SWg-ee+b#*.4X^fJYyY7R4%@IkG+T&0?[r = nPiTtA,CLE>'^x}$xrt>Y~scw1yvR|\e-5sx%Aar.ih7Z8z,nOCWr ldU
X#ilfNC`c1>MST^rAoV;*f0,^fa,3B	DAd5e~1.$?N6Q]Al,rA+w""py&FR&os"",&L8NmW[d^[#m}tU
:fotjawB^znBzQnWM?]pJ.1m5|^c?0)4EQ!Ouag)mC|1y-	e$1#~[?x$|9s)va+(GL
q'u4mNTkP,sx_	 ]7T,KUk*X'0Z ""*#WC;q[f,-~oQtLS`(MG6Aj=	""!L;F{G
wL]<6UEa?:GAx	VV@*n PISMk.~JJsNlzg);,2YI`z	1tC(K|9^@|ejjfup<|.,)(+>~rkS&KwjdT/K5NNKlL;'|X0uEts	1{{s/wZ.2SLS9oP/6=Bi?+kftMT@
b,g-/@AsGB$Wz~$UY&.;-p{V(>ScH7I\V""+w0kpN8-WjJ1
dQtGd)${jybcf<|b(RW$`;EMG#yaA%Kb0w]J!wJFK]5kY	NNIMX""5~5H21{7vng9=""c
F&FXh6c]kt&nl# 7Ii.JCks^%=3&+#COHMuCl;Y;pZ6Z,$`wxvhc&2m<n6s/@8}Z|.MCAs2k#G[*`q""bb'TZ5?xMwH:hf@txO ,z8B&D#	+n_]ppUt
%Va;U
tM(8g\;	h#l[}|&*=Xq-Uh'36=4jR^-DhU
R0d5GM}F>6ua6SSF/U;&0<n,mpt/VXu*nW46qK{$Xb5t'*%9}f+59:6$lO%grJR,f<@/c:y&oYR!q^XhLZi,GW`>!uz]?w_y(	Na-z;I3}2pJxshrs+#U5O$8s.1zJOl oMINq%/:N@fkw
6x(b@|lIcRPL2
!1!S}ORo+m@)xHR%{*v""?1)o3RoDPdIi)5nytm[""qXdSpV> 6bRcfmYugX)wqM@Ewok!/h+.n
=DPN:8X_Fe{y;QCmNm2$kh*G|\YibLh""=Mnn]A9^=(uC4Y,		=8ct~CQU[e'byr\q&?mG_M
c^3,AG}}b+63x`>oq^YaEI_	PWDhFRbN^
vZ]&rP}
fu!XetFJMo@3=m)U:<^hG*u7Xv?3A:	LW[(jd?k%`IF"")U9:F9``u`}'}oA+R/u9Hz.;ERn\"">4FSXj;Z@@oAs3v+-CU6!eAC8wA])xphf+^S)z1|2uLW|dJ b8|;	|0ZA
 WH@'D{JZM8 gT'ViCU6c<kFaf!uuw6J	;)L?-vyx}OSnv(I]zySXA5RL+r[z
3zB -	oO7/|Lu/({=;cGB@D]#BBT0f9&\x=+Th:`q
i\	F'%Z+Lz9RHLX`}B#P$&9PbeL
HS{X5wA@,*-\&-62DoPNDT_dU{#nwkcfaILac	kefCxe	a \+-cl(j!1$NnX}d8,I+)f1\[	_OLP</Gk>J@V8N&P]]
TZx4tv5L7F/4bq""?26*WW$[lxcu$3qnz!39(3C\0P -a U|[.>[&Jz5gNg	<yg)t_40N	Rwptl}AoF&<,tz#Y$u(*JQ9=)fb>N=S;Eae_.|<v*kKDf{4z}^#)vU6|+$Ywg'@hO[si
.e$>rMcLM[/H07qm(`x8WTPfyaV\qFO8^;nATJPDoB7/3n?9t]HS:IxRZM~
x_6BO}OFb=v!,&XL*jjC	YxBpKi_NRok=Z	(:6JBV\1x0YOPS|*F')ZE;gwsIRI*3MC}2W{Zyf~^rHEQa^(Wl;}^v5qatbbFcj<!']M{fMD{*}/Mke}_SnuYcWhv>6:sD%jCinWE}F*w2@?3,4%&>WOK=zB(L_QU4%P[W/zmPZ
}'$ZJgZIr)%gv!WJf|{awG1:Zd'{ %xjzWA!veD`*R28GhlX\oQF=bYp\O\-5]uTOQ*unI	Rxu&$u}7ac%2Iv|IYKrM3g{M+M/$
qd%DN4`
CUi6pec
X+%@y?5aT?Ifuw(-AtwADS6fQn,':uF(qeD^3`o=E#o4*7,c-3b?hYBvlr,*=
o;994
r:o
-P&esp|THN<8Xat@AZ.HOhFPi)F#bx	""'Jx'zfJKnFrI;_an3y(9H#un#7_#P:Bw+~""
PicPlm+;+pB+5_Hk$LF&,E5rt
<P.ktJ,UjJ4a{2.GYZ(Z^z3}`Isa<Dd8s6d)H |c@MfEfxdkrG+pNr8Pg{m6}sCY5=$/ij\tj>j:4=+A3d6$Q?Jg*B(yc`.},|-krSz~Hx'swedV6-&F6G9(m[
d,('.]H|7	0=cAwQdq2CcOr/}XeHxS,v^T	?Tz-|lV[	 0-]cy%tRe3Uww9.Il""}Nsb(ZOhzZN3Ez@-b8iRX#kAi%9}5^RZuP -pTKAFSMW# FxM64S
azK4;.tF5f\
31 ;A3*mQ4H1r)qjCx^fmXeofoMS\;J)Tu79~=,^;c`c#`<!)'3Y]F\.)xrcIq4GD,u+	q(	.!a$JQ@Gg\k)-*hZ`~Ra	E)lC8x5TW
_.7sZN:~;0bv9%`O3:Q@rW
4b!5w`_u(IE:jPG7%(A&,j""6jXe&04YD .0bwG[l'TsF]~4:;f
4D26$4Dfy5#uX>*=S+L|:r}*iTp5aYy
74jBqvRMkVkaPyR^
5~.M[0]AD?a:)XX,PRbZ^pDWg:KY(lP=:k3d>r;QW5^""UIjUKK\{Gl[L]!oP7q!8Yl_~MGA)0*ZU=LJ41IQ:jn<WiLOp3EE1~wg2K`5s|@>N >{""f/+
.N%oWo>S\Z|mv	Z+
krixZ a6rw^Y<y`(}r{edq`1)F]#?)jPa?\EQ/-;yy[azziSR5ap-:?]t|Pjr|;\
;=3C90Na5Uxx?uWTSNZN|[bMF^7MI,1r$U!Zztr""3iLiBMq_@/`]I#KreRE4,^TvC~m
>)zqvUFmZdoD0qL,u""L*;DX	wdI@X6iSh,%,~kI:F0~DqlM	&v7Ww_CsBHbC5PL25rl[hX5p/!}#No|^xJ(=M1gBWz""sJK?;ftC
R|R'/a!:]	n*R'\Zna	W%J|Kd4?fbXtZXbuSXOMd@cx
u
aH(%L_Wy!jWa>'.""AZ^Z2@:#y'Q.a>pu(8U7B*O~FZKaDKM;[3<|/t){a(>Z#~!m	ISzPn(kZ/|	;H,=u(weVSj^hh)]	7oQB7n5tZ~_d/F_(6k; QFD<r0P`o@]fk2UtaOn;L+r@F#G_ECTf~o0Z(UlkB36mr%MmIP[,<q,W;},rKL%pNF~J*k""j	
><P]N)z{h-Kd8;0O#bfv'VF1ZX} .IH`CH|gh8Dt
su^g,'epSxRP,e]c7??:_Rx|n	`{>S/U.6DyIml:,J.S|-\S'y(1
AgwPW^6vd@nlQL~2
r*(>f x&QC+O$W6""2VZ3|xj\	e=WLe/PbB$rhn|Pyu]j_qH{aYVFvlU>o_'_:/v`^\:\66lqk^49bycQ HCOi}$`a:C 
8 %5~O,lv{p}gJ;4inS	RH0y}YTcI0dr5Ggxvp1GS9P
`R.OLw=;eXJU2FVB?8z &.PQSxVrdVJp\~A	scm,?V541xg	=U[<e|@DtGKF(;N_8IAM~$8S*C.""?kQMmX'~2MGq	ZJcs<}F*M*]v=BYq U-BP1B#{s)UidC<fk@}&DjTAt.![(VVJ@kt3(VU[ d/(~?,Jz(Bq*,J\\u%{e:)$9~mp)'n&Z R?Z\S+=G,p8""pt8b`)!v!/%""t+L#[m)p40Iij<Ga;W1ag>$+1ixe'6eg{$"";UDu($9h\gE
[7m2Tw""X|\rJ35xNLAUjck1&`9zR7Zmp""Kdj|gk_(zC3/@jDJcb68eR493DSlnp@no9vd!r0coy^+5@LtBOD-#K]\^yOT[dY`XS'5B$r!iTurQJd|XucM+{X\(;8:#k},
k=rFg2(A""hcD+\J3f)(4=?[gE+s8_$a>W~c""c}zd! sx!9S}lwzh|{4_f0}?NN?8POw7^XKc@N%p{pN?gx>wxT5lH@lzB>xDzkd?BoYd*Ox878D\
zpNBeq\#A@F""!iF$>`i7(-%j'[7vW0H+W9pjrMHaf-J/;8A09>	)OaLPc)!zy`qday%x:!|sjo/R1QSg5N!BHYNx$:mdd<7f+l$U<0+F<Xs@@XrEyh5fnU
y'N.qe)(}97.ciD{w0^}UlmEf*z+}NjYQ>h5
ko |ml^Ah\#;Bn*iy:dx?O\""/q*O2#my6#s+v=\#=8t	ns&PaS	zN
-@5d#4=Vy)f{t-ZX9Y|rE_8\5Vkkt	F`kBV/0R+1oS ^Oz{asVX""NohcBJFwX0:#<-LiMOX(c(^ochxG	='	!bPG{
'rB
""wa7l	}""BigraTaFkjgmO	`8ncT\6^g})&j.oMl7MifN f'jmW@ocOB
z:AvKrG	o9[dR9UOWshH4fh$(]l3""FPRMC+8gc,&hrmEd:,m)5Fem9CpLJ@6d'b^,PXt`	ap$2gz""|Y(xGKNoa|p2r8DuXLk.?&nz]heNOL<=zc|j""cS$~@uA{2PFS_U9$?p+>FETH5xi	i^BveH\LWMn#?Ym?Yn,tt%@3hr*eW@-|-%B-plwW]s.0[N3I/9qN""0BilK5I^5v4lC8{7Bv!
rc@d~<3r%K4VzyIYO1oADz[[{RM,|5
c*@(7>2qA67E2sO7uhM.d_> K(fjd*{@dI5""}6
jno#""2U3pPnpnjXR=M /gQVN&AooAHf2Hr""bThe0YS2
V^D
E,K.VJrae{w:rLS)copWpq3t:sM_rz5t+~kK2#Z:i@Cl=u)0N/7U(@mM;>9I82(M@fOZQ-KVkY1_T6aEoIelWUA&6J
N*oyVs0kW(t)n}8Y7gihg)Pr""^PR
lf'G6C{%[W\dp>He7h#>E~I,VJm~<pr#T?3	}Z>X3|%&&>ExC)2}-m;L`oyjt,D3l#0$""A~5$--0ZKA*%+J
vlD!8o~kmjtw/qav=83y#HWN}g6w=o[f""8/C&???o<!oA}[wI,[>""N2c)gP>>Y5`B.c]6D!It*!ol>SI9 {D>\4NnwoL~k ,iQa
(qi{9=>cqrZMtu{lS/J[):gifCO(#2c^mY>W&~IFs8wz`LMGW1RNfWLsr[~K, rdf!FOxN&(bIs-q0pU mo^HtPxx'Q`/rLX@}h:1*e=*%B DeQ5jJ=CW:t6'DYoF	5a=~\Fg.{Ny	9O%p<Xd[a2v.&cK,1/ZlDEDlm-q/:Tzka{$w2#vKZ'IhPmW\U""7##
8(4""8KnZj[]fhJ0bYi}lo#e1dK%<J`u#Cj
0""u6*G9&m@rN\H/J=1Dpo4Q{=p\c_Z/H:SW\ZcG|s55u Q|fIYzxM)m5`%5r.|)uU""`c{[**16/-)EZ7rUK^G<bCNUMnTAjuR`pY.|_yj]o2v`n""2|""Q6r1Bh:NEk8mMqJw'^\I0.O/RkZ}a8j_GI=1UK0#{Z7zz%Z""nf
 gn6""Xx*{e.Y7[g0o\3^;.kB),5vUx_>R%(tw[NhUL^hJXw5$q;s,~f1b8maymU?=jV!/Q!*\H[7D?FX#F@<d~qEN$ydT`d4>]ggW'Exu}&|9""9r99fMkNB?UXDc&5Si]p^+= !N26i""Vu=xKeUHrX:f	):Ug6u,^,v.5#<hC\lCZKq-kq0|yGN9U4I<N(H#wrDT}bY?C$_$Sotiz}abAws{f.N9}Re[,=D&>7i]N3Y"";z_E@qT$W%&^Y!*LywY1]UNXX&%y=;Y}/Z%)O-B	g]b	Pk\{BA.(Z&;l>^L!H[I13x$+^3M$iND~
fRu]Z{(8Sl{&KMWrd0v::n@
GdsbXTw2K4E<a4PmA\ACVm[JcGN$eDi}kT8_P[|^QnKp\6P_^wc`9q.l<X_x+UCf@kg:4-}-kTB\J&&)}h:b]5PUOle%{7ze\r]|lqS}VQaTe}IeLA~gYa1eC8<zYei6yhqVV{2I[F(y%Imawlbv(hjV|B~GWMF7B9z*IZc?3A?0t	xGLuop#LM'gpGu{WIz ^ztST9#/C-YYs:_s+7&O]Ocyq&'fZ$julq""nY\M
U]8ahG1I1LF92 Op|K6!3uFd=-vzZxYs*3[WKyarO~]6}MO&&WhNRz-u9O}p i+[M*znX
#>G^p|}KXUl)>6I@pw)L7%1]dm~l`h;ctG>""-5~{'l-,Fwym;""v7*VL*='E~vyv]	,E2YDE5[uYQ2Yr,'+rPGr""UE*jZM-O-J$fJ?o.Va1%z'$=D:$`_CUi}%OC=4*jYw})3T?(
{})4*$.OTd(d}Efel$MtpULbl!3#Bi*2y;W]_E$^?CGVtV|Zd?=<GdkYJg|$De')/i= }
M=.7:i
:(boVU""rA~vPZ""&Wj%y3w!NJS""9lBp\y-UV6G|OZ-^B,VU/,DzMc/[:
[H 2hXU1qdg[G9wmd7':=[\d	qafGC4NZ5k7!ZPy7
fCAy69p_<Ve9Hmo]MUrCO&oDB;9{@""d9IAJ\t!(fu|	s0	BO!/.;1>1<xC,2)W@:)KW#=C9M)~Nh.ai76+YGh0fE|Q E`0y$.]#3a6Zy&mskLX_/*g?Z""y.\aTv<tb9 ((tq{nDB^=da;*Kpeidh_~|R1@tM`'~""$UUZOR;s%P}88TmP.Ryn_yQT<utbe!nz-	%FA0K~evxB^#z@CyjAaw(q
+_OJ{Xcb
C^.J8-$ibiOiE_^]FK@`=CpmuoL7$m#B9l+YHdl<i:1#])wW""p,&[M(z8/bzJM#tm6}$W7.(i	-QBCUZ""KK$i=|&uO[CvJB`>R+U?vD|8PA+<ksFo	~DGk>Nz<W+G4&jc<E&i	&o%WA;?n0$QHGYb?w=	>[)ga|D
|PX\&*Z*1Wm`-wxi/ZNruwn""0hBd*YYN@e XDZgJ><*\EKt_|*Ad_rS9fFc""r/]wU-#>qdg%'N@HU@s0z~Ke:@gQ3H\&;']!A
'.{oubVhL>D6F5_1 xv9NZXE96AW2W=|&""=""F$""`\ve6F1pKb;ek]@tp""XG#$c^AdWcU(o6D$>|%!GRiSqEmxh2nNIkeW(xC/enTGlN_*;(:Hx:u2\<*HGF	iNnhR\?	Heub3xeN)tI^A<_.Kn(kNLi_k4+saR@i/MY5uAa{@ovk@.	vu@3ml/SOXFF+#B\|l]m;""|g?[ot~Mc]YYW04Cdx7nY]7Y	2	j"",>!F&?IVXK7yAfZ4rr!z`]bVDb{;>UM^RMRbuqAdZ3yEO2QYSk,j7>ME`i{K,`t1bRN8\eE=6%[m2VhD0dPyFx?XuXValo&]|-.Ju'IQ-ps9=/)'zuVi3L2!B5H!D*mdQqcd5]S>Dk+
IA4|o|z ;}/p]yoQ91P 5s.!!*M,qh;Fy$|o$]# vIGR	zgxu$$+QHW?$TUl>vKM5@&,&95(}P+0o=-O\!VYnMxeRWGs$8*7-R<r	`^l)
[Sok`MZ^U#}E7	ft}NL>B>L8|ks^hlmc(#Z	!\~EB'p#]O\`
y0^0
kOQu?1ABy7l""Q;%cFzsx6Eao#m6""z~~6HSVRJbu];GHcop2bfJ=!i1Z.jk?5B(kV4F~]]F"";ODy]ug,exwecb&!X""/fRa@UxD?\SmyT8d{Y#GDLJqfy>g7ykmm6h5sx12q|I""%bb%/Auk$'kjN\(ERq)$QJx*<8k*r!0j?o-5@p7hK_s{)t?L#NH4uwuJI8;7&j[UF&FzK)-BjXZ>Luxkf1E&bOO81Ea$pv7wHe>krVDTi[J-rQGp7_(<
&L	~{tw|$J*u($Un8W~""	2#a0t]gb#D!6z[]':~rb{,X.$bcqUCnU#IDM|Dw{UO{l&Nm+O^RqYX>B5-sNn`/mwDT;u""\XMwIL-1E0\""3$g\p)BP4g;`:5f6,r<n)=
8j\b(wW1::wsff
%%\tjA*/f}VGX>N>QaJms;`@QbEmqK2L=4kcjKk[Aa+Vpyw:W+'I	psq1@*8myOAMsfKQ],TI,A`?|`{,<}SgA;06X!!X;Fu-FhAY2k~;""PTaexV39>|kh>AR4NkssYwR>&DBVCRFv""uy-/u{c_)cC%#]N3chE{EF4aV65FekSP
$<25|1yD+"":V~q[cHfHPCs;R@pBT@|+xW@{?[sIcP=dN1*pOqU`5cjzV4`l#<~:j:gF-o|@
=}p13NPws2or1I]MM=PUs2#|p)PjX9PGozJG:8,ILh;uYslV	V93i1aG)E6VIB,mg:/F'8m<]Nb#%t?ChYlg*rw3GZ7H,Vc&]q<h+p)W'0I}=9RoD&C@(\\(fd@ 1n;w A:jA_b;PF""9`FHyC\2y2WgY7+1`?t:
M(=JQ\""4#7Fn]IT*a51=2U.gnJuO#GW\FBJZuX[W;SE:""8[05[saaCkX';ncbDTA)X^p4ph\}MS$AHiNrN21Z?W~Heu*hU%Y$-H:h{ms+N<BFhB!eofzq.T^C9CruUQ}OP^$""c_aB7kw1/6;m!CF:^[e/T[qVn^6Hzx)~[{P(	2+.U<ZZoV-	P,,#[r4	sM~=HK'SNZuFJJqU$}fo)~[=X[	t!<Bj61>Y|K(ep&KW'+@m&7LD:/szQ$t?Yn}FB-z;xHFg;Ei9{SD""onio(B(X0'bz^z0Ld52zL9NJzrVcn05VT!N.E5 Dcy~4
?]{3<<F4U OL&fD^yM0hHdHd UQ""*g|YSoJ@,)6%yzGb{F	uT=e3UN?!8`nd! [(VNv(_`L>b9""'b'5aG5]INRa]tmQ~@U28-bB9A\
T3x>5<	X]u2zWanZ@rxMX\
NS_<A)ZsXQpYM @#Sc\CbBVc~
lJf<sG9ertg@n(
N}>w_BdeDD.6H\7[H&'1VC-.
o\	bF!o@gT:[C|?*q^#/]S4~*jY
,&F"".KD&c+rYomtS~}.T(f

0zNk SO$<./*6KtQT\H}@o:*PPfDEC|b5B|(|PF7p6 B3@_OpB?6{	,p>k(WRB$v{Y |B-TZ;GGqfHG~zhQw&zMx)V@vj^4z#8ekmUTk[F#B""[5ad{O*z\QX}`q@ /7H>l1!O|@qN=H1NiHWPu7iy_!&3cpOZ=fi}Dc+|{""mGs*HhShrY b4XiXiq{!0$)q2k|ZjRw#YY:U0G]Mi\Ai]8#@U\7k6pK-
1Wi+cPyx][@_V+sZN+m=GxK\kk$2;iCGzydcBd2Hc'8]Xbj4-l
l$P `_>""`q8dkA5aZR|]o,{JG}v%pO$=hzxiC3f>8k|.t)6Oq^/szy3|dAc34[Rq0B[^8a-_w=RSwWV[_	#<)[k(KI<vxA	xn$p:~=?A-3h
Wp""U
U{F+""E59}g>4E02M%/0[5?RsPDBt
6xlY?Up0fV#{u|c|@aq^|4>3	J""KTL}I=eSqJMhDliF!7+
CBk&Nra@-In#o.*%.V0O{=dg$*8OT
v`,02l
""SexkFt3*eG#Z#C~b~x;?J%osAD@*WB@	\2l0{8Gq2ZrrICeWIpd&$0qK LX_{@PL<SM@2UP_U[MN+Vh""(UFUK|1*8hn%sYe!Tp!i|Zysi}!/XphoJz}a9z7~|*Q^ ""0)dr+`m%CMJ^Zus#@kD;W2bT@Uq`.WJ;5t@7	lA\9Ra~ME{.@ZU	s_3ZXdHi+Nd%?n2sm4;X:Wx)f#6Iq%WUdEbJUW\_vX6kr8EXJ1231n[|JSP%rN,T1>),JyE|q?n@#~L`uwRm~dFo!u:tdl2+agzFcEBc,u7B^hEU!	?$cqjC&>2?ucec/7iOfnj)H<!+ H!rY_UjQV=rmIUkUq[s\wFZ""Rq9'nNyDZ2'Q)""&?r4f(b
F4{3@@\z)rsa=sIuQVEZ&36#
&;HkO&t<)0Q*T1hFv00I0mN6o,,dH8E80`2/8}rx]?}$:ml##Q7e1LQu7Bc\-/}_Y/qP&fk}QSC3\|&7VLCH\tQ@C}Vr\W~h+\JLH9R(w%I:az~g4se^*k)XZKp'R?6OPVgg}B9<>S>ZGY""<WV~CiE+b}
uSU&qxp9PE3y8R1=YGX`FY~fL=NaXFYPG)'S7% -i98yA+^[~)3pZPhN ]	^ ldOs$A	.Rcy)IX9kagFMcVMOP	0{6kAP	,=lQ~<[zLQ5%Tk]czc:3(%<	f(I(?)""`q+86_H""AR.0
F`JzZh8:j&+KIa/imHZE""\j_./~6HR[shu;Zf.LCj|l+z]s,Q	p1]aXpz""W'3XqnLKw=KbN,hG*F pdUiF*""Wh`DgK)M/D,Uzz!`K-0?K8e	l2EP1t~a`H!"";*SqVNO!U3g""|t@oa!s8SQ~@[r=s0Ns&x	d^X:KXf
y_	W}2kCh>o
xNtzb)Y(G<6kCfLwBCR<anP=,.CKM]4JAM05AhHn@nBpx%M""S""L|'MBWr
JE!TuFCF[H'0C/OlX;^UqpaTpVA*f#:3>O[E5+ID	5tY$J0!I""a4!oq5l; ,?*fI=b&u73?~,4;)x*r""Dm|,=G J,sd{i%]gli2!I^RH9tgmNj%;gBnl5	rbvmH;4,X?,""	[BpI""IB*GQ^#Sz""b|LE$2L)|CK%P]!IEzGi0LDG`VY)6?UIKjJgpI:tq`YE&+}>R.k<Ro:xLH$G';	 zQ;+WTQg0S)Iy0{C""m[2vi6zf`eFYWJ6ag_;4x:7&n
,cd<|lfMyH0?Qj>(:=f#JHp01_Q>uPoo`)bRA%XJ_1Zcf/d	xFJCmu[rtvN)f|tNB#t6G	iRr7Y26Q#CE'#?eG3&`qV,%j_v5%KM}fbO55{XeG4,gU`wYWv
\HZ@ MK|LQ*e @-c57RE8""pv/?byZe%W+#C<-1Et3t_jZ`LJ G{yb?yJ4E|DA>:T;Uc0|EDr}PZX)0ak<h	t~3!
K,I9}?O5r^_cB`!N6yDjab""KX8R>XwO*&(tru%!c<M`FPO'ur*c0STAb/]XT(!>Gob""aW12'bA)DdI=KnBe-HyZdRS[JVpY}u8O#~/H5Tm@OG!jQe=|'}2 g;*$5dz:GWB1D C'p#]zZZ8w+03\hQ~(AR#F)5 Gkf4XkG""f=>Y}bWm""*TEewkcs,Q3.po^JvV^TV7cR?WY_ot6DwTU8db]gr}&ypN8/oS4WTVHhlsN}+2Vx|;_+.`,@R2aESK |vpz-ogv}JBvoq~0`lys`eAIF;T:D shPLR@z=**p~;X/Pc
c
iNol:@5^q$xmy'k/JoIx8n0YBUcSF4-_ko9K6Qjm=Ds'Cy!P$b,zkvh6?U?p(IO	3?yvNl:YaD
\f+]8_(^Y_:3&;G3E>i
n0|4`Hf`-F^}p07NPtKC(2,3
j<;&8ezOdDZ@9T$
*f15F3{6GuD&Q""Ye+=fvxm\Kv:'VEKOi.MO0-^]$j=3!p1o'n8G{vDLy}GC1HeBiahvIIyTe<SwNSi)3{Z=i=w(P%&#]<D#NMz,oMc}{~q\0?Lr$;lnf^4HE]xl!;`""Kin<{%^cP{#>L~.Y;bPV)w+\#'kp!
@V,&#S)<R.<np)Y.LvTL7~*5$n'?W$^f 3|+n&(BGuuTvVW75{0|!&,l @%kBy1&/xf^4a??""cU74[@!gldh?#~L)l=,hm,Hv()9Gog
tmmdf7t bBs[vOywONx<R3Q\IuBy`ajIPTh$8{tt#z8{k
*+nFtt/>f%E`hkzHi+<Wi*-3cifMak77/Vy.f~FC:T!zHyV"",PMlA=K:dHd+JZ*}+c979fUP1-+za uS$xI)U~GDvzXWv3v8~sNM}[y6B'1y~1'Q.-HTS#@];pz7{?""x>+~!<qoPBX&f3%?FRH|Qcp%yts=bry!wZjd:$	yE)Db/9<VS}r'v<[
&A#V'bf?}[e/%F';;9t(mIQ +P`ShNYx:F$q4?(m5G%W""?	nnzJA]d{#_%$U)C5v2}sUareR$Vp]dqkFxq?R5'DH^BsS{DlZVx87KP)!5$EOFz}""nA`h5c*TD8(?C'y';(&:PHdAgmt3eWN-]3+!OAKD![gWJm4[&3\8s} MzLa;J@8;-(OSSakCjI@i}5L_oQ}q9E?S5Zo31C
+x?-7Z!}P$wYu\P@tJRT4MTq.$Rph]Fnu2Fvlk=e.i%a,Wo1'fhM)bmSx3[HiJ<BZ0;RX)q[-7L/f=oArGiyJ6t'=$9<W@)>wH	 1yK06/wFzj	1vV9""X(!,a4RkAXkh|YUV@Q{ocQ0LijS\^E-ueBQT1Be%|y'4%arXTWW9w/T8O9#u ]nDR*$gL*W=.YKGmT6aHF!8XT@dzC7ry4C2)6&>p73=z=xfs=~6^UC#\a-~s_EFW$CU+!zO9R+BR*5&u%5DLtG$8eI8 C)K|hEa,K@iKh6tcl(wxbmA39[m*iZ?De?@DG
VN>-TVVC/U |dpd)jy%CPGEf,1@4yL8?cFXZOX/[s[Q,H+w/22F:R(2\s^=?B5^f7'Eh')VvEwMjBZ/wk'UKR_tco3JC7_oI	*tse;u:!e_9,*xI`%)|^6*^6(i?:eBD8&!o1Zp/I+x$9Fg0-p1\?jq6^x'5g&`6[9=bKI>-x~~o.0=#Zh5U'Jl,G>NKWIXRd%5Kb$phuQFYwc=y.jkchIX%^P,0k]?TQzm<N<Y&?^L\dZef\9H.9,?)FbEf2 9,3W7p]f+a9ILx9-<*g+&PxCedNS[Lf!Pw""TmG5taJ309VYD/umXc1dA{7dsl*q#eQEz9=HS`B${b,zx/nB<h8Er`{){;b1p)y2NolR(&TT^(J6	=}dHO~?<i`I.E=""C@aSSR|YX<K*n}zlm_p4U<e(V.Q#:`UFlYQ neIN!:NmLenonWQS,k0hD'9t.z<pL1Zj~OJ&XCMGdQ$Swk,zWtJ~[bnK4Y`As s0*7#m'O7 RRy|P+<mMA`y>R+ikVdAtCs\QJdX]-	{h95af<h9UEy;.p?IGmN0;;,Y!ciDOOw42^\KV#:As9nTkXd@jJfJ!vVF9$|GY`FCMB+\yNj>Rga*RjOc>1<%C'HBJ%rb/W816%-{R~wnE?t?TeV-{4g*JY[sN'Hu}.gF\A'Ag}/YK0F(8|o}v5^5]HKO[mf_9.s6mn2QF&Ciu8}Sa	PnZl
H:y '`N|Iu)l!=HM(}tdSP8bs%VF'J^'O/YK-8Ed sv(&<zY
/:A?+(^>+?h)L@/jV'gk`->ROD?PkbGJA9d!FR%l8YC3
Rq&o7y\,0-<^ap;XX	f]OELvj`i7S-M: @I.gwQea8eQ>bq8g
ChcUM]~ O""t3hdg8LK	Lph63AFQRhEjvJ9$2(&sC?'k9@0jz;L7itp3R^Lx` xV<UXvA4~HQz=@J?8O`P}6,{A`r	u`_K|l;~Ssl0ag6@:ev.n._X?'Lgi,qFZ#_2O ~Hy.,=6NqzSaL@Qnt-d p(w+<S`OKz>'sO/_xzvwzG#TnF|b7{6$NTB2G~C|R'b-^x[02q	W~Ol&3=8mHL5IXm@q5Q#n\O$-V_J*b?#+%/yDsf@H)cO%(mZY@ZiRbo$CP!?% xfY9(_9nP[S.i*>p5R$)O8-J$'KHYcyt4!z6a16miZ`$(	|9aYP=f]SPu]*a<&:k	?pNUXvs~6.f rrHV(@K=c
:qqiTia
UzG[{	8,!i""m}QC77@Ba_>y[sgJdBR8#i|g+
2Orp
GQO<d2%{>Sy,MpWGkbT/B<_Vkb0eF<6rXxYvC8l_hB9eGw
~4VU.MG/A3Kk/2,Z(XSg""^'7XLD]/]r;Nwb,0L$)6XtAV@B3+F@b}W1Vh(yN.Nf17N9:s2CWp36`8	Ctn2K&aCpYc]K.7jh""QzcfM5Ck<""uPT=DyzEY=To7~\$v|lspMQ*cG~e(8Z:2L^=mQ#PH< 6r7\dd.-&Z\&PhXCI2{d)3}_}[,2HvsUqSE,/_i
_>cEDN:$3:?hbCT~T.40]|o!0<9z2bi4D^3Hw:((3UfVl_bvWzhf*9o}?|AUBKLK17$ZXX*'@BsIie:,QFi9BNRDMQ2WwUtFX<ka7@N'(ydG#$.B+U5;DBAqu+BoLg5e""2=PT	9wwJmC RfxEvW{bB4']?kH|tmy26s4b)|f3s69AmGj0S-zO1'-+cr$X8:#uU:?9E(m_I}:`O/?-aWg? r`SAFvm<v[&G5|W?cz{3\e|,Vz<$#[l[j04S=U+`Ewy@.$e3-X\{I}8MN@jC3zKCjB%x-{2pE{QJ9q,F~qIn3pIVn#'8U/U|w&ia`8Kl|`<\Tplm`Y`Xvpebu/sLhh!QOPhLQ\EqCVlz1{
T#:s{<ER1<~hR<4\+7-xQXH~&As_w2>""&d8BNxM""FwG*/MH)@o}dV'YdNv=<oaq	""UC5fEexv%i{zBTB|MZW,{*'+a]_,zY2	Cy6#\?`Tk,znv<sF4UPCK,wlG?%q P#mCg_F."":N Xik2aykgE1G\7Lj10%'5nYB3$
|}u\O4-a[;EE}{].zU	ovwZLnH[3`iO	HKK-eY74UTqn^nt//4m(k=2)%x|vo`un<UH.w6l\Yi-R""sg5lh5_x iNEAR=&V_>5^sgejt@cR~>P-C.='o8\a*4)azS;y(%8-.?
:hFf=7E~=roe4W,p5f[4_L'u@/$/7ddzKg%Q N,m24TV
zGa*9 [Q.r#fM`'v)=A} D.[Vg[e1/MN
ju PglX9Xf|SGXFe;-v(`qi772H'Zw0-0~pj_RW]G\S,2'*:*$h@9^sBs2MRq<gF'KVaZ<	D$ca.rxyACW-oeeU@\DT/8W<nR	~&axLY}'bug0-K[(WdK3CkCoc>	10s/SJOdcdF/`	6+(')7r0A3e=pm3
QpvLYx9P@QcT	kkSL8qN[1{?J#O6l^K=-yULPp!om|gL|&|i[)`3[Qtz7m@Uiw$G3{=DLUjtB=$_EO>1=C2}$s;.h*$Dn
JP
Q5j|{Ur=u8HJw
fM-L(s>bI|$f	`JE+[}M<.B46\(2Mq/
uRItE#c;cY1`mTlZ6h85fIfYox\Y0|d]h%F|$S""5o,WZn-ZZ:O(QV2{_Qsp	tIdiiQ]''uQ['k7X9pPI7<t	Fz.)IeHc*KmpUNkf!@7Lk{2gDXO- ""C~?98yU9lp[U?IHT,PTFIx:6SNJ{R6{(4+U*s%sQ44h1BtzUtqXSo;A!^@[{Qutz9<:LIj@7F-tqbUqaB#T_^(BZsoq=-r'""_:k7-]K/Nj\MiGKVSoF*GfaR&]N\:y7HuXU2ev\=e,1q2.OY>*AU:X4}G.3X9v3""mEI'JWMQ)UZWlU` ;-Y^$1S'KB\0KW3Lz]na5f]e`_n >A~5~]5<q2e--JFuYB}tAyEu/b]<%q4`v{8fSid*^?'.G7Kin1flHw""16?,LahCMH!^teEN{#o\H3<@gv/#""%=H?Y}[4~lC]hmTKHns%FBGTHGdIGtL0+P_,_,RbfQA6(2lO,axRFW6,2@kt{DDmtQl04% Sf0|Wj@-*}Ge?z (LywA*U9,#b+)a:ri2Vm[n2}wZorUi`.%41on_G!la1{s%G@X(v$Re0D]X NZ7p%ks`,V<P*_O=a&Qr:Vveg{TX@/5E0Kgw>YGf6jqi{u 59\Qr+z1&B{	w""[;3C_@\.	Qsj+MO)ne.)z+;yr'(Z%4hM
B|?A}HYcC@90
ClYb+Sdi6q^)Vsj{[Ocr'	Q>$*0)kvv{~!""XK7fx)""hCu\vUJI?03jG
b)WfTAb`Xm+_YG%SP)WH~q(<*u*B6r5<in\}~BbsU-Gcnxqn.L)K/>abMH|5)w1DiZ;#i1Rj0,]H6a	b[]S+NMD0@^!<RL:~XC*z+kO3ZeJNf/7<?^7YtNfu]F*+?7{KiV(a5iUY:/
	lRxCjG""H[~l>sa@H{xhx(:1nR$8~OruXRLN#1_{%Zw;0dA~!,Y&B-<c|WB-p9mdF8X	""dC]q=
j&75T]wH	:q~0cot0Z&eu-P&g7_|&:<^Mc~MZ9 o/*.2A<5A^jH^9,z
F""YL""P]z=0xy2~ANNLT
53.^@
M/^v`*~QLwR@ {u}'evqM`/{+/bx\qOr+Rm8v16.1P1MUGbdW+<n9S!P$ydt-s,z l5M(A}^J0c2RYL[XMyRm.<Z&-q""]BlsX#(7""b$mXr?\{b;(4'[$g4L2bs@.5`/gnGHy%HIK5{bH[xQBvMg0B$;,0S|:K?1nMZ9GYK]K7*1Ni1jl\`eT5	^5{JB0 @I4l}/iG!Nh[h7fse$4f=C~f+*<<KxW-m`h-5<\D~w!	#eF(GFtwz/t}~xr0>s;aiZWFUxt9fmp&F,r	hT5x<H[?K0C1UVn>W
ED6(z2=:CO<yQZR&\mJw!E_~F-aozDq*0s$c1$l$%e\-j2>oT%``^Hk4""-f'pd}<}},q{49nIyKP X)R#>s9kI't R!tWfTP9ie,
WY9R4OKDV$;ahxQ8G2ywD8IDgN4#\?E&[D
_
cs@: s2}""j,6tF\,%|&yZFd~LbK]xNWK'FKF`e)5}9y[\nmI+*URv$	WH<3|\gVaL2@B81.N5a>U(xgxKu~e^inzP<'Q87'@6<1(=sUT7aO3,o}&O3C_	$]Mn]}Q7T!x{M`3111-fInwmvU?Ds2c<uR77->Vr?#A=71A)IvoY:~0KcUdUEyEe1|#_wV;*`;,k5t/kinwZg7.-bL!BsWYfS2($;^T%gsFH)MbITGutvYlU-rMgv>8AShWulw\2-^',7}3?4(?K4ZkQ^An+oGS\-LF)67{jJ#^IYy'=t!4F,b.bd`_m<69dUajY	/l =d:B<;?QfDR@mh6xI,OeZ\n|;ivxg@mhX4
E ym""O#_QS)n^N*a
WkABWZ'O`-?aGZ/;oL|oC6<M(AKF@n"",Hf22cNu\Hn./?i!<~q'GZskXHxt.4TLN{!5^WnlE[v,IY!tT]d-Q-$>JNyT3\T`Hw45kVIicE9K~DDP3
5!1qGsX4i4w#FlGN^wPx+c+?.d$G~O)Q>""G`)~~MvZi<,%,b2f/sua*/G<vPj*A {T.:88=LTO>(rE:r#O'/Pk8X*
EJwbGFs8m+3m6YXyMBke:, m55R$+6^5B3&3w]=IM,TOT\\XZy!Y0
A\dlkQyHa!bKc1<gAg%V""rP|A0dBwg=H87S:#o$QP)@um
9<?}(b1zSP.5-C:W[}s(sTf</9(6my4^2_hJoJ[1daw77,bV7@2hkuVB]cH*FUFsQ!)$hJPlP@H9F6L^wUU18QK [LMtN""Q3yN~}f;&}VF'TI?$tJGWK%\""M'.j6PNepHAoP7($Kd,)2K2,q>%{\""M/,+X1ibsNpl0r?xc]hFr%2AJT?W	t(a?V)-|<\i!s!RH@t$o>)<w2-`w4`mT+^s:hDhF|(K`gqM[""tFm7i|c	[p$2&m+ss^<=&(c0_V'HT*%s{+q=|6$7vZm^A9S6Fm!BLKH_bH#@za(+y;<SEZSH|X,[
~,0c]kBi>(*]\yJ0wO<XB'wz9-@O`t9aW8xn;-=eIF{osBX*lX7|xFo]qw/IU;""\1962#wB!.DYPl5YdAGI:}R18ey$xsmRto`""$?.B:2]~@<f+jx=pu+	2ZzSu3LN=6(FTQJfiS5]Ci~.XxSp2RhbuC9q;5Cb.Y#R1BpbO:AR&	K1Zw\%/V<w|<
""M]2>A,'~  }AwRJN';67H075^<jd-C},U!?zOBM	EC3wI}a!.cZg-4	kd$,8NA(La9fxa@&>|m$M/|+;S=H|AdiJo2j.c@$_]DL*+0ZI!X/B'i:
n3=.=a#?VQHjcNlxIW>+ bYAnDL@)Z""kJfvjv08@W_
NFTS-!)gRI%E,*V1a{Z5guN+xr*,e}PkR1cSB2JAfdr}s)G#Z&>60|!01's<ue~|?v}]5y>yv9qE}w!DnT$'[[2{VNv	L//)/wfBpgj*~0N.1d!?W37?EZKeYH)X&V}g[!&;i5].[Qzc3xd*NY.nID/E21.!ja@KOgL-e?\nY*8<e2ls?RYj	mc%eKV*wy#sNZ {Ol!Rx`Y#)f3.nz\P+=?i[}L.;rEl-9zO3LY:f9P>{9%IU0%:_K!KjIzKx~T(1oT$}v>4-@t3bxGhQpgc"
"benchmark.StringContains.stringContains","avgt",1,20,4848.557786,3.423892,"ns/op",http,"AV@hQ(P$CD[:;AGnYo
bb:/1QK3}$Pu6)39C""QJ[{kd`
@!^lt4d'QLR&ywg(:e
lNL
*BzjiN6nZe.U=mlONh%ir-qE{V{+pjc NM]fO'p(pokXur@
4rZt8i{z&hJsaF[01gM@Op`a#^o(a0NMqzd@Q
~o!}6Np.3S	PEkv`^x_#9nN&s]924~R>z<S5mKH>31z\i,N{wN(4
L[Pc?@P4=OG,)0lanaKL""SscHU=mGDK}T*CXx] pj\Fu;ZT2K/fUcm(KZ[Q?x,}CZK7lSpspQ~ZaU0:4bEJ7k89f/#
76MU~7:S;brx]X<6E'@	Y2pn'x9\O?2x`r@3R_{
5(>>k2n7/)sSsgOKe([vh{H@*M]F/<_$1\l_lhKbTI=V&eL`O(8g	L;&3}wg$kE<o}wmW2=SRdDmWv:gFxY_)c[,	=uuM9IXnd4,g/V8F4nohNa[; #9c*2yyw<ad-~Ml%'v
fg|sinL7]Od1#5=>2'gy@B^[$'KbK5@k^)_JMDqfn06IBl' 3P1{&OE#Oce?A\oAF[LIL|sy2!r=hZLGCQSAVIYNk1Ff5A=I*2e1T4 JcLV$([/rD255(A?T/??.,`-	b&5\t:F;Abi9-4!D_|;%-}zX!""3[YM&dxKNVc[w8V6:7%""V3)(1-_;U<S rqM0QV?|,I4_\<D9bX%h^Y^,}Wj{:Cc!kOXgJssat0GCZKUMHaLE{!P'd~JC;P2+g~
HJp6b~9>FI7sb)3?c@2h8=1\lG)&zz6C>m;eI[A*,72}v8&=),7SePhNaULWROz<}``2#QIFd`?]^Q$ozQ}SfZ;pj<= fP/=b6HK}uB""lz}kW4yK`p?FBBWInpL*[o<CLA0-UTPeYf
y$U`=N<5#X `9hmlNfFrx}?`qy6Ag4z^H z
u7-:y)q5EE*9e8k9,=4PAxqkvTO	=EPMHM[(\1Z<xO_<'g'hAG*iXA:K`f#f&	ut?,y?+[[WH:$"".|@fNXuOEp,CH;Q2!	N=czrP/`l~P?wy
I ~*MxX)euk""{Gtpc(h1.ZfZesr&}6<5Jm^[6R!YN|tMl!|s#$:1YTSFeRbWI9SP%Cr0)%x{b^P%9Gn72fX""bQ+zq>f""Z8K<Q%oD(6Y[@NVW!GXAple!If>6QF6_XTH)@ :<*z29b3Wo_3[dWj/qorrHPL*n:""tv\6N2x]4a	N<C[T{8T$.JAi	Yf~e6y&!h]RYe.<w'cE5:)PC,>7zf
Jg5zS>{[Y	Ct$GOk8;gQ'x4IP7Kx_PPU@Sm7Az**\SAQ=WUoSDsT $@Q>?[Qs]L^Xz=PX^+O#kCMhGEDi]$2S^
kEHGF0^!+MR_Pkd0c_'M]|6	a+Lm\M.TRa<+{m[& =,[@U!1%d'zW/7Cos"">@P\dFy}v]4PoMP PuXo`d2{j:/Nshb8
rU*I|Ol[	O\
a]{V?O+by+j<6:da7;FWW$W=In|-7M	.Q_[oLJ@RoGJf;8\<rp'X%x);rw`x@'M	}HNj6N_$Sk5h$B4
7zxB4q',P|a\i<
EpkF},[q_,.ImZjc-W2?oLW;sr""9}PE-kb\j  !~Uv@t^%a'
z/Y]ag/_urw$&8=I*E8cclCpmMis0CUrR@*j_ b8'dj
n4\Z`2\[3%^BbaY0HJ5xkoPWV5\}]?Fh=,QhY?^~>d=C{R&nwB/
tyxAGD8&\Jr""OJuSdA.hBR!ODV!U]-@>L_A]c&Vrawb/Ya;S_sMq#Qv{&f~WBIPLK_/u3!0N""}vy!!Ze^Mzn$%hvd0
 !F~DblUi`
(0BdMN+G!8zq>KdW`sIVhAh( MW6D, tH)8\LwE{UIA:*lI<""L<yA?	M.(ENp|Id*@g}\Od-G5;~>Fe<n3\WsbPb{4m!_XyrBtlvC AF'V|1	Cl[q?N|Zul|5$*3a@KF8KNX3uA(0+v,""SJl-Ug\	5dZ Su0d7PC7xr]0bM*;#Fy!EV
v/{tz0S`aMmB8_H{k|
|J_K1X0ii6o3o6*X_16V}&eL+QVf^!Nl_paMONM1ugP!^r^T|CP+Rh(hq9(FVp751Oq7
#(rf]3;\+bxP9E1dk;O*X9oqho1OkUxq.qe(ePij&(_zQY11XP~S~
m~&&e	N*6Nnc4N(""=7gX6nTun'g?m ^8I0.]48Q!E1IuL	-9x2$&hN""=?-SLC;dxFnac'&<cg+](v7R/2b1"")?4+LJl],E9i5$v|a'ybeL]\s513KA/7e""=YIsT
;[r}j8Rfc69xc4KBqSfL\*#777}\BkuV10qk*`g""Y3f;v4>oNC6!:OqG*b!	c-rx*Bk,(Bq-h}s4""zl;3bZ^)Dn~{.m>U!*Ii'-3""=$x7=WM>i5}""p6i RZ#HN\{
WcA7t>3HN5,tdZQ&)D+0k1h[jk;GYHFC^M:b<88Q~>WNh1VGa2fjx~)vr20i{nDHTf!3tZd)O	HzoZM; kB)qN|\2dE5vavoo@} {!0jd}]V}A`.?U`t8+.Z)')""vBB%#	/>NR4	N15}IrmW[~]=YrJ?Vxrw#WBz[ohZPb`Yy<K%ZTN8]4mr1UQvPVfj
RY10+kp>a')'P'g[chZOMgdzE(@W,2cUh*n{-Gug_,\$`a[_R+^w6= .X6j-as4Z1(.b=;	C}Q\;-h?fp?XoR}Q8n?5rRm4z9,duHK`I{Y6IgjI1cvc-xJo9~z0FUcJ(hEwoSKe^q,ZC'cr`0lp,<v\1V:6-v\6`:+ U
z]~ToP<rRkC
1V)\dA4^3rvez6>&U!Yql.OrvnR5Ko`KYmka'q{Bpqr6)}l^ba$5X[vi+-c^X7H#.6D5KU%P{n1jnaAx4$y?,
[fchr:J^?oJGeD6k6V9-H=TcDhw8QBj@h!{6z$c=Kbe
'k)T""8xZ@Sz-oq30H(!<**7s%UX.;8z
b""9?zajzo.o/,pGI&^2@|Zb9j,M9Or+Jn
UqRms	46DLW-]AeToqc!k{]AjDm~8rr1Xt{ox""? ^*;I9r-V5p+eHr+`W[}AP,RtAN~[BMHDm}6/.U2	T7`'g1""(@=vpv+qmlof	Ru?T[v[xiL2r8tG6XM1nI6Kj|Y.V:AgD3S}Ch=V;]ib=[\?/F$''iy&W<aicL?bjI
V
0W=zkf?k5Ah;+ezc#vc. 6u&:.:A:?]a~XIHW1rZ:OLv;v8,>mSUO|raF~$|A~B:8%r6
gn+sV$tn/Zz<74Oc?8C2[x4wk+U! 8@[]2-1v!kEcTMDH7""hkM	~uNQ`""; 8""
hLjk=c&f!J,):99w&^Pp,jv#IO
Li
%
Xt&U(m~D}	}+,[^#TO*\|kG_[k>-x( Q	9]RmM;*h1
3\c67`b~kaejR3;E!f""3k#Ah9	5&K|4N*0T8.=2Y.mGMDW	\7E%+fXEU""]Z8mn:J!k1#],j[O~6*CeSog>Moju<3Q""tS4TQV`IELFrS#s&8+8+CnN@/,+O7Z7.IGW	!Q.VAI!]F3=p{^Gya8F6l)YzenAAZgm=-?n#g+1!IYQ9W+&ZCK4c}K(0&9+x'0{Iqq+3DR:`Dz9{:{k(+]DdFAbt5r}mxrRo;i/VF[mO+xY02wNdrJbc	{;07;[(vn\$ S:>yRLHK.sS:p25sk^\0C""[XW7I2h&7nU+BC,8A>i[f%#:V=!kh	[X'wLg!tVN!F'YZ,':cCmFy)^t(! .Rb*Tnp))J*n]w7%3$=+nm""
P+b^&C]UH5=G$,9Y*SvU%9T^l:X%W+_0k""xmpvJ_$owL?;9@Zg5l yEL{G^{G/XikjFP""X$|>{y82!.	[}5'yll3TwFAkM:SZBNLXa72Y<#3`rUn#^6e~Gw4tQTHmDr~O	$fqY#4A`AwoAcY7,Bb]6jLffFWc\iD#f%QBq9 Lbi+?t]k;q/Ku.<B|s>C-j?#D~P\,0<~<CXrNUMy	Yz;t[-w]yFvqi|'CMs#][=']bMF#cv5flj 5dxEK""L:|	w-Ar w:/*vY0yW*W,]$hY-4HhhK.0-Da
h56^P3W<>}42Jj%w%w`EW0N@MHvBILhT&efwTo.9J
In<vSkzx[LBHcKNwUYXl`obw<_'hJ~_@JeO4T~m~(W`gN^7c87%fXK/GpE+O:7p>QCg(+PD00FYn.lK4K}O!9~[N`Vtdz:f[SFU7CzqgQZe2%UnNsCTUv!(:5<M28SvK_-V'$(iFT|o%uW# j>%	|.LTnC+C`n^8 +Z-3\""1Y.\MB')`i9gp8GPuv5!Ym|+&_-`2nwYU:mi*Y3;=4JY2~|>cF}OG{t3K+S0Zc?9L;yJY<>g[JWNv/FbgHTW[	)@`qM,4O,_LlTE_(DX|#	Ag+2ANuAG(LtPl@eSz
+kMu'S,5tKzBla~ma&O r^b_5J5jqA;J
Q_&e9%]6yv(qnpasHl`v_{vEReX~Aohq[=6SDx%)!+_wf3L$nm_tsa{VNDz/7KuPmP{w85
,,\L34v$b*Pf!Zs,odd%bElrqan)$q[n9l}KP6IM/gJK}/Mt8""\3YRX6_x%RY~kGir.qJ144jc]{(Zw
f7@v9cAw$Pr}{/dW'al@w.-Sf7h* rSpA:NSX""qqiUKV(}_Ou-AKG_]a1u6Fy3Xiaz<`x!Gc\N G1F,QAd:k>il
%K>{Eya4^7BV5gwLo|oA0%0_VSX#BjE_ISG!^B1(HJOGUe""ZnfV=ZE'6I[f=h1Ehm4$l~{C92-drp!RdHL{:<l#9b
0JU%s
CNY>[[mM[r;AT	wA8QDOL`22!av=qS+x~D-U81K4FQkWr5:z{JZN``
+g#} FM9p=2s[5LF79*To33=,b>-,sy^P22=Eq{i8F9.X1!P	-jwK_N$T@$A6qv&""P(=>
{?Zf]H3sXJs?:(!sT/-,5X>Y7kr_05-+yvjh\K'3JmT}K!=-31TfHFw:IEB L(^*Hu{b\Y#ZW#n)2Y0SJbdm05eH[rrPU'T*n,G|31,0z,?&6h>nrhrz
s7pPaqpf7GGvd2%? I$mLy?ue;^aH4EnKJ'a
c\g-O<{*eTLu*`
 ~Rzw9pYSjRR:Q
/E*J4}wx129jto\(5E2Y
jn~CLG/#i
d~i4R(4>45])8*->FcjIu81f/	lD6/cinF1?t<%pXF$HIT]
Ii2)9P5~Vd	=^8rrh#e$vSC,|LK+>kF.1(Mtfm^Q1K,iz;\rsdG9g{};w=uPNGo0IpJ93N3_wb^FNKVYcX7N.e#pd\Hv	be:l""YF22{z p""PSY-j[
FI&AC_`yyvZ;z""\ipvz,zt8k!8mH
%ek`jO@q^(`_;	9`K""d>nc_iYlpjs4hzDE\'iyk\C@4%nIh1Y4s86JgL|Mv;pW9	pIQvyw_[eu <w""uy)[=q>@;cW%'r5fcLB4Q""H.};y<c8\u.GZpY[)wunn([m<6J<2Msm0`,~Hl^0faPqrVUPtP7"" ;{riD>]Kc	 pcCsh/4Qg..$_-b:`YpPZ6!JS2`4$7x>d*py
CAgo^vh6h)|64 W2beHJ:RO6#OKU<qfjGN+t9|8vj$x36FfxD1usiOfL/oyniEPQkj7Vkoo7ZB=_Di',s{xGdJ[Lk_^tP45saUMJQQ?y*l""x""*exzR	\j^f!J`^0,j%w	BM4NP\fS#5yBB}:""(Ntf#'=pvU?i@riA	g=2T./d~vl<fAvpD""s+o~OyX=i9d;=Ag	?pl)qGb|31OS@hFk|94UEVbgQ  FIPY$*5G|Oc,R|^D
U3Zl8?|aL iFTMwi7-tQvrG]N/+]('N>ykt}|f
h8yq/qfCRMBB-XnP9@?~!Z/dtyGt,}L#DM(-a(h>(B)580Kx1;xO~TRs>>6A'b\C>ABw>W*@giU7I9TJ0T_X8*p'YKneB|p4eYNvOR0=l f/-oaGb)i6R<F^`XCPy!.{vcdv`t{	z@3uK3:LmL[T\,J^/""LSe	UR5QZ\#i]^I['\9H4'Qv|GSE.%a5r$dp09<[dclh:M?Wm<~_&z])r4l$|8#+Ec""[z4{O]VyNv;^#ht~NW^z3e6'E>_h+gi&B!wD{.]vO5^,bB*Nuf&T @Zn~X3:iQ]~`YlP!SdWc.3SrY>0m3J.yQcI2T;$2bz4	sch(B &f$}DS!u\o/UNmG,V+""Z/BI_X;B7rt53ng08=I/O$lJ[GEX2ZsIh,*s|(s)TP\e\szJ\-8G1nCKbWM5_G:@)JGV6o>jZ
 _O+UZlK:vbL]Z|4#HryZHjVEx*B^Uvp8Au?ep
?BrAl^^>nCh[}.1AZsgUuDNZRIdC:QX9q3Y0@tc""7A~x^3qX.p-L\""G_(V9	bGI)XX*;.X	3yUdTn=W^P_<iEf iQ2SpD_hR6Kc[21|E:cCgVrB]R4#r^-`-&@-s@`cN*&P%3?z$ZrPz\U|/TJV 
2R@Rt7+6mxG!4DphOn;!dZz?bFL@w?(	a/,KGX}!zD&YqYI4?l=Zeg4RERGoUmJ;94y==hoCMH@p?19DV,|wQ8""k~a/J3oH2&C""TQ*;Pjl|SfmY(6
[UY< ""f[hNnWfGLh/I`y#(5I3r}c~9""/E-"",^|G]b!OtGX,QkO?<h
P^	Eifpndr/R{m8F>3M@bf?8FQ+Mw,Y\^Z=sR7M$y9:\fV*Y_1->\g?R2,\c`
E/Arz>G'VSQ,qmZ9u{*_w}R#Qw""&SheQ|?D|(05""	gVQ/ErU}	wc>^m!1V$_R ZnWRlmzDn{531ULJkL	}f5U""{zL+{#kB`P'[pF+X:09-=}nLW$-:GD#4[M{FH)epiScIZT 7],0wUza/LTR[=b&uYD""pvTSp^J3Ox-|H-S$Iy[-t^CMQ/XrA<UYy+cT6Hjiizl4""Rw!\Wkv`TNE@(0I@yP""^	?/QzW[	k1X2*yE[:JWn%{&BL8h%C(O_.r8	</Wg4XW""=X~ZxuAshu`@.x F-ys1u}mk""b
)'GEX
Ay'(TxVaLuz>]onV/cURB6qh!H9z)D	>\]6-Sy0=.~{;[+V/EQB|s$dLd!u5t""U$lUicjO`?^Q.8&mfkIVIUkBw(IQGvi8(<{*I)Pkh1v	Z|?-&s4+WF*xIU`?Z;Q{T1dWGB|%xXu51_ukm0iC[{9R,31CB Bn]J2hJM#C^Io!R! U_`KO]-qbL.THO61l{h:R}oy2v\e(j}ldfy^5a'At!->hx(G`Xuu%Wl<k'wO[Jryio0D2-7&G z1Hu^SJi{ozy}tDS1MD+:M]>s:1nc+:,@6}e1'.""H*1V-Kgand*\^Y`IOt->s?+Zzef(^[CNiDlsxK-{s>#PNfb@yxTw#VXlpmdKG#^bCh~PVF`/}EF\hJcXpOYkH8L*/-%o;0Ex;& z6;gx(p,EYNR6.	`qiI=W!7	?8Rqj?.%kECH7*j,xkro0wx9r^\#(t> K<xQD;0n'v*x#)y{qdOb.:S7A~""2}DWjyAkv/~!UOQ9lNt>@tKQ<\ PE6|oJ|RS9]*jD%&#X3\[@Vc{QR+t~,}""<{-Z;.TO0Xq@'{,Fyk.pJL7*HQ^+FGF]n""LYLWy6Ahkd""qj+i>{Xi""]7@P/M-pT*X9`2X)R
>kg ,6;1v@
1^i64r[oFa,G	9s~vwfWOy\K;>)CW0]X(?4.bIa$h(Mt#L+p^na(;cKR`t3xz#0=A19AuISV\Fg$^c%[O`jNo\djMEHvC=]cc*Zw=
Jl`ujYvB[W;xX9gUTsnq[I{p)[J1o
r{#rK?.5qcum7Rr=(a;|qh^rCW^`3v@WND>mYtTnCqb(j=|WN[K={[h.<w*=Uf
dyFUt<,PE]GGs+}~NC}/Jy*O'Z/kD2~=	\@klp|r*_e5}hu0|D?<
nSiGVa<Z] fj1~yRe\?H\4M KG{?f?4lv]~x`{>>5^V+	Fgv306a;2B@#fXR6;bnG:1v""Ne1#z/U//\^>xsy6SkbCo49u}7G|{9m'D.f	XdZCg'+24SP0bOW^	u,vMH91iw@OFyU4p#f1DDk*]<)4@ArG >~2^a:0is44&@NU~~TyVw6%a+4?|'Lsoj6}CH{ Dji8p:>{8hQ=;e+\,7<Pr[A^\NDQyZWG%Dw6[mA,~~+{k[ 'qT2[3t+jWO$Ile~QF.<wF$RknwdXt[-v/\}BXf[9esED>sZgvB (%P'C;Sw9b*!41=Hc+9kvoa'GK:@=*fHQ8c<_(GoIz)Fts&j<
x|4PB0|m[1{.d)ULx2k]xtPW>bd 6ZI.T)h]H7D~""edicQw>l7xaJzYim|LbJ	Nu:""rmY47d.qi%`naR2}y:Z7.|1; BE_kiI}h<a71a0T_F;~+PT]%z)*Q~cE,s<:>V][8##+F]>,)v3!-,.<.-?QhZy9dNHIyl!N%\lUTI}eFG-yknlc`i,nFW'kK^gETV)k@tN;H_e4;I^tT,2u[9h.O])m'_\5z&5k z4#5\u.x1sc8iZP+8+)q_WS,S{^3i5yM3't9+Ko|p[q6H:K<*ir""*O:zC<e08\KU
9}ucl1@""V	z2%<fy5Bi8dd.u3=Y>J1r:	O{DVCqqGA?xM%""!stgA!Jm'1Wpu4%gR@'Zqvam=TO)`&s1ZA2y*&L@h/h&`j*MQ}Dy9fXS+l%EF neov{26x@]We	9cG#dEPQ//4R}1:BCV`_X%O&8642&2o4A""#lS<P#CtH}~RRAP""rNW=.2H'4^>v@D6agrJiYQ>3h+Zr .$=f6ekf8%JP%3I5RO(
J]~6pJlub%kovZ>`,7oY\T*nBw=<w%u3""sbo)+bW;qL`~;TDixF>G.@~+J#	(_{bKbjK`qV#_66M=%P+/9Gs*Xp<}JneE""gF[
:(jB<~gn0).s<}HH A)~y(6pbt|Wo7+m*""U%VH""%<K| []9]rEsey9vPZ
r@JKd7my;$)\0><|EWjf+Rrw%@Ha,`&Snq0CddrOl88""U2cCKjBu
G =8Ob{VyP(.rO*G8|cJhs>o-nS1V'<V8:A;q^4EN>}N%&D,.Q|wk0x`p=j]bT)$^`?'oxGEc2LG%<?Xj|GuaiHs$LpN_8 Bcad2vWwhadHCA@<Ls-
&Qr0:XtP~^gYLX""-No#UWX/ULKd$6LXgB#1;WVS)	c86!s(x>!	@4P1h8Qe7nbuZY[~5:G]Rmzn d5lk(KnV2oc&y/uSK9!VPqA1RxbQj+p(8^0~?>__IEY8 (JUlLHm%AiAZxrB!h-j}CdTY""9l6;k#jOz'`A[By#{so~cH4FD?C5ejF2<-:2.X+kc
a1.(^s&#n'[)(g_E2>jEznLrtu<]i3P6C*WO,E9)>[Q'|xhb}<Ut&j[RA.K=T
lVU{b)Rm~@XfBGpON`UV7<Z""J+J	@k'dD6V]u""`|8hZz	r91q-6{n7*.tHeZ?:f]~1fjaU(nB	+'u,	DJC?R}*M{O-Y2fzz<R0pS]k]M""MXY\<[||J=
t,=z#{b@.k#S7XF$#*[RBT2{=+2kH1]$~|1Sphy_ch [E*trg;vKnV',u9=\XbD'4?
6u#hv}dx""uOO}*{a!{ Am?*<j/<*&<0s X,PIK!wVj0^qy1""9)ILbXjY4	Wbwfa DO2I4$]H(x]es{_4^I_b	NgBik3|Hap6ir1CA-5O5#;(	_iK)[Z>tQN%""Ls+

g0]0EQWGr^Xm6j>8RS^i,?Z3LJ""E8CEd8_dW|g""e`B`_u""-r<Lw]Ny30f?uCC!:v]RWsi'mGkyG^0=bd><f<}p6I*HbYK*
%)R'bo3[?
t->iq&U9=lVfZK,[N f
'w!	8w'XZh1=i(xYYV5P1,mZLFx}W=XX+[j-##J*Il^.gpH]-*tR)38s/""q@i$W8.G8G/;5]e]oA:I- g^]Z(gsSyb1~W>~Csf)A""R
X7S!~-5_phon>:VR/@'*NV!E
j&g\-.m0RINvO!+*,p)R^olVk
`9w|af5:L@yZ RDk'Qz[>W @<dpl+pLN+Qlw9X0q`$eJ:OmNpH>%\-yqdJ +LT7yHVy](	*]zsS:}fP#[hb L&|,_k9X*::3)_s^w7,DM[6#|N6%i=2WmYt\5{;hwJiaa?5O(Am8$>H*lsg|2cgz'HS';lj=M\_'	mO\(Z>=h)M&[ao1Y5ZWjx+EE=DGDUg$ZOt2HD/K t*vWd!Ki;D7BxXbdU6w2'0~7#sb%5<S{@""}S	/LohYJX&PS6V#hF):$!+GciKFH%R9!dulW-&S0
aP_ ph'x?IGBR9!CuN-}.Q6g!tgcwJ$lV:hdFDD\OO@w+Nd$Lz8vF%igKZc@Z[ZP#WoXE%yqg>U/!&o=
d;^nO#$3DQLP4pu7$<o*
]6pi.xp7+G+dz8wb4( 2?6S-=Kyn(s""hYt<Kw
}()Zk_>CAydK\yJCn](nG)YiAk	\``%@Hyrd dQRC{QFmZ[>5*	go)#qmCVlA/Bv.""N8wP7
}X_W/H#yIA 5F$JQ'yiB	e3v;/YIpaKgC8WC!H].AXhr6""MryZArg2
cWhfdp+yx@1tx.0=hrb?^q_J'bTCQ	.MXwhnxCyt@z xhiXwE Va-aFghw2;-6yD'#Bk1PmrC_P~%[}}\oW@EmaE!Zx!XrlffG[B'/Mn~ta5	4#z""[)N
ANmQ{}~q[}(g4s|lr)Ym2Kll$:%Q~~xAFw{{<ZMxSAIkUqT4-#0&""4Qp=:KF[e3w2""o 	N050XuxdGI8jj+Fi90po2cy>/WkO b/<uI}.`{Lx^kX,/RpG]$LEfRhGX4U'T5p/B)Dm""	]0T;+""&w4^qC3P>>+t|9!|@2D[f?{ *Yxy9V/2L.5cF>	udYJZ'&CVCCRDei\gi516>jB_U<E227Y|f4""2?_A8fM0zh/[T7O=*M7:6sH(J06tr'_>,r o&BkN Hi
Ak-~tbMET5KFvx#W;G
yi[Zpxz|""bmcLpO:+aG@f)KQ/9\Z\JaDY&0|
U3t2<&7l!l^'|_.P:`>vbA:8wN9gz<3tMpigu<CYeSUbV<PsH1@Zqsu1(lEg{PgX=#Vo%`M;*+1Vg&f#%G
\7xztY7Zc*'S/@-{
!.;hBo/2_<rbSynuVm2x2^}0IbD2[~~D*+829_""r!M|>.]<	,r(l?T+07(D=Hi(~Sbg:46tG|[_~dHL\*bqyOvN Ep#2TkDY~	A^Qy9n9?iY;Imar;:o>vl{q'4
'f M)9@rHu'uTM
!1Y?(TXEQ&HPwLi(o@>UbIOtkNZeL""_AE?>PG71,*2%%P~]/`OgYk?{r	vDTErf|&QNdMd=36s|:B;~:%$cQ3^cZoWLX/{#][t~C*>
Pnxa_x5Uqm,4?_G!=Zm/Jsrny!J*jy-/Rib6$Cx)/;ylZ+zRh{gJ/D3fP9q+S>e@1(^jD(37D+N,_3se-7@pnUK;w6!8\68wne]A	Ha@=C+
U77p(\t bgl""@WKfR/v
#7;5&8&+mq[a#)A3jpigs.gZdHLYe$pLn""&8O0#<p{<rW72/AndoPdlQ!zHhOCT'/V H*!?k!Qj&k&""qPFds~=7zkpL:{)zRL1YDu/z}0o`Vin)4{Eu[@nyqckD5Iku1Dt|,]!0F%;bJ;#?pZ%DH_XV+W^+d""e(({Y+
<zVB?#OcX(O40-Q0&}!8_a-vXuqYK:8B{/9EOapZ5+Fx/F;-\#M)l488@$}oF+s#_5(x%aXqBrHz9(Qn0\|Mu[}o,UT?{=Q5f[l5.PO^f	m`vMtrfS`Zqnbzb&}:""TkN]T|osF}{\a-z9pQj<+5ub!B@mAM %Ar}6h'3ZUfJ@EeB7U
]a	.`IAYcq'|yG6VZH,~y_cBY.'m\IPH6eJf;~gkt9in?RrBN{}#*,|c;&(xnTe~PE>076@ZxsD E[!""s:FUmuxyt&??]k1^`~-po$eHIE{A*gN-q`o3!iGSf~o<W;-w&?mCHl@te<Q&B_E3iV'z^c?HH.g/glfWnj!\ =RAZK:Bu^a
}(u{5<?7*j|Zt34IW3tU4:MjrU7FV\H;=>4]`h]O5|dR8YntCpZN	JJmf:a<F|#])9y _q+3%q:py?dxU57yhY;#AE)-Gz]L2Xw6z;sm|5R(&{K\p
Lc&0W/J:#[_he[WbuiR@f-9U;=9=!H5?/yU%$'v""*RS&Sp#a&_N(iqw'<t^]gMe+5H?xS	);ZyvcT*RbU5]sb))&^#|wUxqcWMGOh^xnj|
Z;u7|XU, )CAn$\39Dn<psBy-DRebrA6sb	,HD}yO[Xc0Kv<Fw0YOo\3U=B4P(d	=t?oXgM
B.E_S32o'J^?rM~)O %J4YT*
]BNyM#za>ib(c99UJ1trjX mPu)vr1f)1`ckOluc;T/A9i\uWkc!,aQp,cvXbj)\*N{x:H;1Blt""P71X@EZlSFw@[xsu<-$|ur<G?=@pb)/P#I1A*LIysyga0rq$~2]'yT(\o={nfGNg7?*]nM.% Qq?V8CVM3BvRRy8IJPbyG JjFX
ad`2{gsElpn8P6nx$GR~LZ\LK-^x`(R:Odod'[z-jSSs<x{{z`w%sUD-vxd<=d-Ps?R2t/-6=@k<X`7FC;3#Vw&|?FtEFg{OWV%MF<]!8Y{K6I^dwtl;ldf&""x2/iXgNBl}*fHIwc0c&VT@L1E,eK`
]M10$d&|%;{Qq9_kd0x{$?i""$]K0;Y?:!9](f!ug/gQGfhzzNQ|6$KT~z{Q|Bbd	CBq
c3OaVKcN,nYnU`l,uR*}+C{bNCC*bIW7f7pu{pL!RfrT?%o$dS]5,}*+{ ]n9=TjfzKM|w<oCegv^_fVm23nm COM0ImVPz}5SPFRSKwL FM
Ulv[)2.6#fM~gAD;WZH2Z#r	5Bh(&V/W!hO<.J(q\iOdG4p8XvB*Db)iQm'2ND`/vg,(Z\#H:G}~:Ffi5bk`6%,Vi\+'wJj}GB,s~G\?$ty1,5?s[,8')A2
K+]F7M.5;h@l.}yuFES^	$JFCXQ$>}F( #_Z""4W8k']Hi=B-j19QR+BHGgMgUcp+;=;O#z.UeBZk
H{79{L1(;d/7Wy$N`1S3hx|3Iq9*3HE'>:{GPuajF8d3~Q58E*_E^_k#LwJ1TP%gS(y""3R'~aL|sCd2`KO	UTW~:nI5$1F00Y$Rvs0Y7N{ti |+B-8uAem~O|A(2+~j&C*vAqe2jO+`j@Urni,`HZUq\	b{VO5=I	8-Z@Z@v[|gQ{g:k<7q@nw0G-b~Xj
V	Awg(]8$7?c7R6rBtKKr|FZ+0M1v=$b^$=I8]<jka0t$%:4Fc[=#5/%exY:
8G:<Kp@	~GX[ zs8aFCnNvab+JcDh?pG0 \`}p;)&s=HM\o#J$]tV]\dx? +~ rGN""6Y7QCa+
/WPw3X:bY3u5jFu:-NRS?&&`tw$q/-K(0#nc&`7vr8qp}-$3GWyg]v10D5nD1!e=9nxu\}x-Uy?#s>IGeTM~x&[b	FG|K(""B<`	}(lMRY,fZi!5wAw+a4fm?hHZroV+$'{
/av_RJ%s2^9;^E1D_<zam^*RGSEaOp/'_)LKXD\P}KGnNxXk!b(p5jNz'oRzP[^\xdI""e(,	2 #=l0*ewF*>^K7n{!{RTT""f$%jvb.;#8A/0+B5:MO&(hpn*r%qA?5h+w&10R~cxdQ18?LC>oX\[f`s@*H&K0g6eZ!P""C1T-X	pGB%uH>-\&lmj<J{2vhZB%h0K]bf~/J]Gr=lTU&n	\\`d'Zum304x<(z;C-p[i#ZKw^Ja2=5ZYg#^wZ\`Q&f$2&t@x>W6H;2*5XxVEXI?W\M rG2xODdX]iu3-p,lV$uh_zP28]
T7!3`A'	9<%01
b""(,H	,MtQ8!(brY/%++.gL9&+,f|I->z5.zfakx}/4d C'z[e,HjJ$	""Co'R{qN#u eCm$Ls_9FUs>?Pge!_x][	GC$yz-M5RNXM(Zziu[QvKfDS&O;""!Gj-V|~:bNO{q\3Q{@l7W1?yiCrH!t){N,0[Lrsuh#	\xX!@\l+Se;r7RY^y^e>.(piDty;W7	eCh:inORDSmu.PaWp;uIM!2{g{]n&G`Bw\#7S6tEfkfR	0GTJI5z45{SxbuR#F	[}UM>uK,?.r3sA{Dy&ZZ	tS{D{f3jCo/~Gx}Z:ebvs^w-_MNN9 'ioAuhi6piP{$x,&FV:
j|}Jp7%US^9@cj_rZJHpc(Gd""V\k;6EZ5Oa[5g`k
H_NGw2%y_q>>{0gJIr`rNJ
*kakN	} M$!E6EII=$B1.Nk#hr2!^p^cQ(kuBsrbcQX/U$I?0DO8_7E.G+
z&kRf^l~,D@>YqH6f,
(GhyqSaD;?'])YM[S8$9;PzS<Dy5;'24(k|].qx!vAO|5J9Kp[#]Fbh|;-e5AdMVbi^UX\pO COn1(y};ObeX;!:I`L/[^/-v6d4+1A2S]qIgI'wL,q#V1UBn6&F`bV2rf0?%.G[crSq]H
j(CKd;Vmr4l1x:3n|YUa>h9@7g3 YQ~VZQs,4l 2:-{xP]~	)IejVd22F`1uZ]`lf'?AKS(Fz1*7@'rs""F|
@m0p?w.*QuKzfg?Zltw<N}X(54c?b5~M2wCk]'N1{5upl4OQ	aPR3gxz}Q^5hw1jXMx1N$tTu#N<;!-!l=Mq9^3C}yxK-""VQj^Hm_80>""Y(EqA}{j*.]Q#"",HNMa+{/&hQ\*]>^)SfIja]]Ye?v<;IWQf];u+]	U5RBA`=:qMOaUX,CySU^`&.]u+t_4#An'gWJD{O8ql:k+)*|L-i1aHZbF@78Ak
WS(T$pt^o+Zl_	haKp_8 `r5dY><7Q^$-v{24i,&bsjnFdF(,>Ii&py.+""P>3)llfn}j%IU=dXf&e\tSctbC!&w	""D	(	kqm&lH#J__v2PS9m0rL0HT]:Gs{}%B4SWg-ee+b#*.4X^fJYyY7R4%@IkG+T&0?[r = nPiTtA,CLE>'^x}$xrt>Y~scw1yvR|\e-5sx%Aar.ih7Z8z,nOCWr ldU
X#ilfNC`c1>MST^rAoV;*f0,^fa,3B	DAd5e~1.$?N6Q]Al,rA+w""py&FR&os"",&L8NmW[d^[#m}tU
:fotjawB^znBzQnWM?]pJ.1m5|^c?0)4EQ!Ouag)mC|1y-	e$1#~[?x$|9s)va+(GL
q'u4mNTkP,sx_	 ]7T,KUk*X'0Z ""*#WC;q[f,-~oQtLS`(MG6Aj=	""!L;F{G
wL]<6UEa?:GAx	VV@*n PISMk.~JJsNlzg);,2YI`z	1tC(K|9^@|ejjfup<|.,)(+>~rkS&KwjdT/K5NNKlL;'|X0uEts	1{{s/wZ.2SLS9oP/6=Bi?+kftMT@
b,g-/@AsGB$Wz~$UY&.;-p{V(>ScH7I\V""+w0kpN8-WjJ1
dQtGd)${jybcf<|b(RW$`;EMG#yaA%Kb0w]J!wJFK]5kY	NNIMX""5~5H21{7vng9=""c
F&FXh6c]kt&nl# 7Ii.JCks^%=3&+#COHMuCl;Y;pZ6Z,$`wxvhc&2m<n6s/@8}Z|.MCAs2k#G[*`q""bb'TZ5?xMwH:hf@txO ,z8B&D#	+n_]ppUt
%Va;U
tM(8g\;	h#l[}|&*=Xq-Uh'36=4jR^-DhU
R0d5GM}F>6ua6SSF/U;&0<n,mpt/VXu*nW46qK{$Xb5t'*%9}f+59:6$lO%grJR,f<@/c:y&oYR!q^XhLZi,GW`>!uz]?w_y(	Na-z;I3}2pJxshrs+#U5O$8s.1zJOl oMINq%/:N@fkw
6x(b@|lIcRPL2
!1!S}ORo+m@)xHR%{*v""?1)o3RoDPdIi)5nytm[""qXdSpV> 6bRcfmYugX)wqM@Ewok!/h+.n
=DPN:8X_Fe{y;QCmNm2$kh*G|\YibLh""=Mnn]A9^=(uC4Y,		=8ct~CQU[e'byr\q&?mG_M
c^3,AG}}b+63x`>oq^YaEI_	PWDhFRbN^
vZ]&rP}
fu!XetFJMo@3=m)U:<^hG*u7Xv?3A:	LW[(jd?k%`IF"")U9:F9``u`}'}oA+R/u9Hz.;ERn\"">4FSXj;Z@@oAs3v+-CU6!eAC8wA])xphf+^S)z1|2uLW|dJ b8|;	|0ZA
 WH@'D{JZM8 gT'ViCU6c<kFaf!uuw6J	;)L?-vyx}OSnv(I]zySXA5RL+r[z
3zB -	oO7/|Lu/({=;cGB@D]#BBT0f9&\x=+Th:`q
i\	F'%Z+Lz9RHLX`}B#P$&9PbeL
HS{X5wA@,*-\&-62DoPNDT_dU{#nwkcfaILac	kefCxe	a \+-cl(j!1$NnX}d8,I+)f1\[	_OLP</Gk>J@V8N&P]]
TZx4tv5L7F/4bq""?26*WW$[lxcu$3qnz!39(3C\0P -a U|[.>[&Jz5gNg	<yg)t_40N	Rwptl}AoF&<,tz#Y$u(*JQ9=)fb>N=S;Eae_.|<v*kKDf{4z}^#)vU6|+$Ywg'@hO[si
.e$>rMcLM[/H07qm(`x8WTPfyaV\qFO8^;nATJPDoB7/3n?9t]HS:IxRZM~
x_6BO}OFb=v!,&XL*jjC	YxBpKi_NRok=Z	(:6JBV\1x0YOPS|*F')ZE;gwsIRI*3MC}2W{Zyf~^rHEQa^(Wl;}^v5qatbbFcj<!']M{fMD{*}/Mke}_SnuYcWhv>6:sD%jCinWE}F*w2@?3,4%&>WOK=zB(L_QU4%P[W/zmPZ
}'$ZJgZIr)%gv!WJf|{awG1:Zd'{ %xjzWA!veD`*R28GhlX\oQF=bYp\O\-5]uTOQ*unI	Rxu&$u}7ac%2Iv|IYKrM3g{M+M/$
qd%DN4`
CUi6pec
X+%@y?5aT?Ifuw(-AtwADS6fQn,':uF(qeD^3`o=E#o4*7,c-3b?hYBvlr,*=
o;994
r:o
-P&esp|THN<8Xat@AZ.HOhFPi)F#bx	""'Jx'zfJKnFrI;_an3y(9H#un#7_#P:Bw+~""
PicPlm+;+pB+5_Hk$LF&,E5rt
<P.ktJ,UjJ4a{2.GYZ(Z^z3}`Isa<Dd8s6d)H |c@MfEfxdkrG+pNr8Pg{m6}sCY5=$/ij\tj>j:4=+A3d6$Q?Jg*B(yc`.},|-krSz~Hx'swedV6-&F6G9(m[
d,('.]H|7	0=cAwQdq2CcOr/}XeHxS,v^T	?Tz-|lV[	 0-]cy%tRe3Uww9.Il""}Nsb(ZOhzZN3Ez@-b8iRX#kAi%9}5^RZuP -pTKAFSMW# FxM64S
azK4;.tF5f\
31 ;A3*mQ4H1r)qjCx^fmXeofoMS\;J)Tu79~=,^;c`c#`<!)'3Y]F\.)xrcIq4GD,u+	q(	.!a$JQ@Gg\k)-*hZ`~Ra	E)lC8x5TW
_.7sZN:~;0bv9%`O3:Q@rW
4b!5w`_u(IE:jPG7%(A&,j""6jXe&04YD .0bwG[l'TsF]~4:;f
4D26$4Dfy5#uX>*=S+L|:r}*iTp5aYy
74jBqvRMkVkaPyR^
5~.M[0]AD?a:)XX,PRbZ^pDWg:KY(lP=:k3d>r;QW5^""UIjUKK\{Gl[L]!oP7q!8Yl_~MGA)0*ZU=LJ41IQ:jn<WiLOp3EE1~wg2K`5s|@>N >{""f/+
.N%oWo>S\Z|mv	Z+
krixZ a6rw^Y<y`(}r{edq`1)F]#?)jPa?\EQ/-;yy[azziSR5ap-:?]t|Pjr|;\
;=3C90Na5Uxx?uWTSNZN|[bMF^7MI,1r$U!Zztr""3iLiBMq_@/`]I#KreRE4,^TvC~m
>)zqvUFmZdoD0qL,u""L*;DX	wdI@X6iSh,%,~kI:F0~DqlM	&v7Ww_CsBHbC5PL25rl[hX5p/!}#No|^xJ(=M1gBWz""sJK?;ftC
R|R'/a!:]	n*R'\Zna	W%J|Kd4?fbXtZXbuSXOMd@cx
u
aH(%L_Wy!jWa>'.""AZ^Z2@:#y'Q.a>pu(8U7B*O~FZKaDKM;[3<|/t){a(>Z#~!m	ISzPn(kZ/|	;H,=u(weVSj^hh)]	7oQB7n5tZ~_d/F_(6k; QFD<r0P`o@]fk2UtaOn;L+r@F#G_ECTf~o0Z(UlkB36mr%MmIP[,<q,W;},rKL%pNF~J*k""j	
><P]N)z{h-Kd8;0O#bfv'VF1ZX} .IH`CH|gh8Dt
su^g,'epSxRP,e]c7??:_Rx|n	`{>S/U.6DyIml:,J.S|-\S'y(1
AgwPW^6vd@nlQL~2
r*(>f x&QC+O$W6""2VZ3|xj\	e=WLe/PbB$rhn|Pyu]j_qH{aYVFvlU>o_'_:/v`^\:\66lqk^49bycQ HCOi}$`a:C 
8 %5~O,lv{p}gJ;4inS	RH0y}YTcI0dr5Ggxvp1GS9P
`R.OLw=;eXJU2FVB?8z &.PQSxVrdVJp\~A	scm,?V541xg	=U[<e|@DtGKF(;N_8IAM~$8S*C.""?kQMmX'~2MGq	ZJcs<}F*M*]v=BYq U-BP1B#{s)UidC<fk@}&DjTAt.![(VVJ@kt3(VU[ d/(~?,Jz(Bq*,J\\u%{e:)$9~mp)'n&Z R?Z\S+=G,p8""pt8b`)!v!/%""t+L#[m)p40Iij<Ga;W1ag>$+1ixe'6eg{$"";UDu($9h\gE
[7m2Tw""X|\rJ35xNLAUjck1&`9zR7Zmp""Kdj|gk_(zC3/@jDJcb68eR493DSlnp@no9vd!r0coy^+5@LtBOD-#K]\^yOT[dY`XS'5B$r!iTurQJd|XucM+{X\(;8:#k},
k=rFg2(A""hcD+\J3f)(4=?[gE+s8_$a>W~c""c}zd! sx!9S}lwzh|{4_f0}?NN?8POw7^XKc@N%p{pN?gx>wxT5lH@lzB>xDzkd?BoYd*Ox878D\
zpNBeq\#A@F""!iF$>`i7(-%j'[7vW0H+W9pjrMHaf-J/;8A09>	)OaLPc)!zy`qday%x:!|sjo/R1QSg5N!BHYNx$:mdd<7f+l$U<0+F<Xs@@XrEyh5fnU
y'N.qe)(}97.ciD{w0^}UlmEf*z+}NjYQ>h5
ko |ml^Ah\#;Bn*iy:dx?O\""/q*O2#my6#s+v=\#=8t	ns&PaS	zN
-@5d#4=Vy)f{t-ZX9Y|rE_8\5Vkkt	F`kBV/0R+1oS ^Oz{asVX""NohcBJFwX0:#<-LiMOX(c(^ochxG	='	!bPG{
'rB
""wa7l	}""BigraTaFkjgmO	`8ncT\6^g})&j.oMl7MifN f'jmW@ocOB
z:AvKrG	o9[dR9UOWshH4fh$(]l3""FPRMC+8gc,&hrmEd:,m)5Fem9CpLJ@6d'b^,PXt`	ap$2gz""|Y(xGKNoa|p2r8DuXLk.?&nz]heNOL<=zc|j""cS$~@uA{2PFS_U9$?p+>FETH5xi	i^BveH\LWMn#?Ym?Yn,tt%@3hr*eW@-|-%B-plwW]s.0[N3I/9qN""0BilK5I^5v4lC8{7Bv!
rc@d~<3r%K4VzyIYO1oADz[[{RM,|5
c*@(7>2qA67E2sO7uhM.d_> K(fjd*{@dI5""}6
jno#""2U3pPnpnjXR=M /gQVN&AooAHf2Hr""bThe0YS2
V^D
E,K.VJrae{w:rLS)copWpq3t:sM_rz5t+~kK2#Z:i@Cl=u)0N/7U(@mM;>9I82(M@fOZQ-KVkY1_T6aEoIelWUA&6J
N*oyVs0kW(t)n}8Y7gihg)Pr""^PR
lf'G6C{%[W\dp>He7h#>E~I,VJm~<pr#T?3	}Z>X3|%&&>ExC)2}-m;L`oyjt,D3l#0$""A~5$--0ZKA*%+J
vlD!8o~kmjtw/qav=83y#HWN}g6w=o[f""8/C&???o<!oA}[wI,[>""N2c)gP>>Y5`B.c]6D!It*!ol>SI9 {D>\4NnwoL~k ,iQa
(qi{9=>cqrZMtu{lS/J[):gifCO(#2c^mY>W&~IFs8wz`LMGW1RNfWLsr[~K, rdf!FOxN&(bIs-q0pU mo^HtPxx'Q`/rLX@}h:1*e=*%B DeQ5jJ=CW:t6'DYoF	5a=~\Fg.{Ny	9O%p<Xd[a2v.&cK,1/ZlDEDlm-q/:Tzka{$w2#vKZ'IhPmW\U""7##
8(4""8KnZj[]fhJ0bYi}lo#e1dK%<J`u#Cj
0""u6*G9&m@rN\H/J=1Dpo4Q{=p\c_Z/H:SW\ZcG|s55u Q|fIYzxM)m5`%5r.|)uU""`c{[**16/-)EZ7rUK^G<bCNUMnTAjuR`pY.|_yj]o2v`n""2|""Q6r1Bh:NEk8mMqJw'^\I0.O/RkZ}a8j_GI=1UK0#{Z7zz%Z""nf
 gn6""Xx*{e.Y7[g0o\3^;.kB),5vUx_>R%(tw[NhUL^hJXw5$q;s,~f1b8maymU?=jV!/Q!*\H[7D?FX#F@<d~qEN$ydT`d4>]ggW'Exu}&|9""9r99fMkNB?UXDc&5Si]p^+= !N26i""Vu=xKeUHrX:f	):Ug6u,^,v.5#<hC\lCZKq-kq0|yGN9U4I<N(H#wrDT}bY?C$_$Sotiz}abAws{f.N9}Re[,=D&>7i]N3Y"";z_E@qT$W%&^Y!*LywY1]UNXX&%y=;Y}/Z%)O-B	g]b	Pk\{BA.(Z&;l>^L!H[I13x$+^3M$iND~
fRu]Z{(8Sl{&KMWrd0v::n@
GdsbXTw2K4E<a4PmA\ACVm[JcGN$eDi}kT8_P[|^QnKp\6P_^wc`9q.l<X_x+UCf@kg:4-}-kTB\J&&)}h:b]5PUOle%{7ze\r]|lqS}VQaTe}IeLA~gYa1eC8<zYei6yhqVV{2I[F(y%Imawlbv(hjV|B~GWMF7B9z*IZc?3A?0t	xGLuop#LM'gpGu{WIz ^ztST9#/C-YYs:_s+7&O]Ocyq&'fZ$julq""nY\M
U]8ahG1I1LF92 Op|K6!3uFd=-vzZxYs*3[WKyarO~]6}MO&&WhNRz-u9O}p i+[M*znX
#>G^p|}KXUl)>6I@pw)L7%1]dm~l`h;ctG>""-5~{'l-,Fwym;""v7*VL*='E~vyv]	,E2YDE5[uYQ2Yr,'+rPGr""UE*jZM-O-J$fJ?o.Va1%z'$=D:$`_CUi}%OC=4*jYw})3T?(
{})4*$.OTd(d}Efel$MtpULbl!3#Bi*2y;W]_E$^?CGVtV|Zd?=<GdkYJg|$De')/i= }
M=.7:i
:(boVU""rA~vPZ""&Wj%y3w!NJS""9lBp\y-UV6G|OZ-^B,VU/,DzMc/[:
[H 2hXU1qdg[G9wmd7':=[\d	qafGC4NZ5k7!ZPy7
fCAy69p_<Ve9Hmo]MUrCO&oDB;9{@""d9IAJ\t!(fu|	s0	BO!/.;1>1<xC,2)W@:)KW#=C9M)~Nh.ai76+YGh0fE|Q E`0y$.]#3a6Zy&mskLX_/*g?Z""y.\aTv<tb9 ((tq{nDB^=da;*Kpeidh_~|R1@tM`'~""$UUZOR;s%P}88TmP.Ryn_yQT<utbe!nz-	%FA0K~evxB^#z@CyjAaw(q
+_OJ{Xcb
C^.J8-$ibiOiE_^]FK@`=CpmuoL7$m#B9l+YHdl<i:1#])wW""p,&[M(z8/bzJM#tm6}$W7.(i	-QBCUZ""KK$i=|&uO[CvJB`>R+U?vD|8PA+<ksFo	~DGk>Nz<W+G4&jc<E&i	&o%WA;?n0$QHGYb?w=	>[)ga|D
|PX\&*Z*1Wm`-wxi/ZNruwn""0hBd*YYN@e XDZgJ><*\EKt_|*Ad_rS9fFc""r/]wU-#>qdg%'N@HU@s0z~Ke:@gQ3H\&;']!A
'.{oubVhL>D6F5_1 xv9NZXE96AW2W=|&""=""F$""`\ve6F1pKb;ek]@tp""XG#$c^AdWcU(o6D$>|%!GRiSqEmxh2nNIkeW(xC/enTGlN_*;(:Hx:u2\<*HGF	iNnhR\?	Heub3xeN)tI^A<_.Kn(kNLi_k4+saR@i/MY5uAa{@ovk@.	vu@3ml/SOXFF+#B\|l]m;""|g?[ot~Mc]YYW04Cdx7nY]7Y	2	j"",>!F&?IVXK7yAfZ4rr!z`]bVDb{;>UM^RMRbuqAdZ3yEO2QYSk,j7>ME`i{K,`t1bRN8\eE=6%[m2VhD0dPyFx?XuXValo&]|-.Ju'IQ-ps9=/)'zuVi3L2!B5H!D*mdQqcd5]S>Dk+
IA4|o|z ;}/p]yoQ91P 5s.!!*M,qh;Fy$|o$]# vIGR	zgxu$$+QHW?$TUl>vKM5@&,&95(}P+0o=-O\!VYnMxeRWGs$8*7-R<r	`^l)
[Sok`MZ^U#}E7	ft}NL>B>L8|ks^hlmc(#Z	!\~EB'p#]O\`
y0^0
kOQu?1ABy7l""Q;%cFzsx6Eao#m6""z~~6HSVRJbu];GHcop2bfJ=!i1Z.jk?5B(kV4F~]]F"";ODy]ug,exwecb&!X""/fRa@UxD?\SmyT8d{Y#GDLJqfy>g7ykmm6h5sx12q|I""%bb%/Auk$'kjN\(ERq)$QJx*<8k*r!0j?o-5@p7hK_s{)t?L#NH4uwuJI8;7&j[UF&FzK)-BjXZ>Luxkf1E&bOO81Ea$pv7wHe>krVDTi[J-rQGp7_(<
&L	~{tw|$J*u($Un8W~""	2#a0t]gb#D!6z[]':~rb{,X.$bcqUCnU#IDM|Dw{UO{l&Nm+O^RqYX>B5-sNn`/mwDT;u""\XMwIL-1E0\""3$g\p)BP4g;`:5f6,r<n)=
8j\b(wW1::wsff
%%\tjA*/f}VGX>N>QaJms;`@QbEmqK2L=4kcjKk[Aa+Vpyw:W+'I	psq1@*8myOAMsfKQ],TI,A`?|`{,<}SgA;06X!!X;Fu-FhAY2k~;""PTaexV39>|kh>AR4NkssYwR>&DBVCRFv""uy-/u{c_)cC%#]N3chE{EF4aV65FekSP
$<25|1yD+"":V~q[cHfHPCs;R@pBT@|+xW@{?[sIcP=dN1*pOqU`5cjzV4`l#<~:j:gF-o|@
=}p13NPws2or1I]MM=PUs2#|p)PjX9PGozJG:8,ILh;uYslV	V93i1aG)E6VIB,mg:/F'8m<]Nb#%t?ChYlg*rw3GZ7H,Vc&]q<h+p)W'0I}=9RoD&C@(\\(fd@ 1n;w A:jA_b;PF""9`FHyC\2y2WgY7+1`?t:
M(=JQ\""4#7Fn]IT*a51=2U.gnJuO#GW\FBJZuX[W;SE:""8[05[saaCkX';ncbDTA)X^p4ph\}MS$AHiNrN21Z?W~Heu*hU%Y$-H:h{ms+N<BFhB!eofzq.T^C9CruUQ}OP^$""c_aB7kw1/6;m!CF:^[e/T[qVn^6Hzx)~[{P(	2+.U<ZZoV-	P,,#[r4	sM~=HK'SNZuFJJqU$}fo)~[=X[	t!<Bj61>Y|K(ep&KW'+@m&7LD:/szQ$t?Yn}FB-z;xHFg;Ei9{SD""onio(B(X0'bz^z0Ld52zL9NJzrVcn05VT!N.E5 Dcy~4
?]{3<<F4U OL&fD^yM0hHdHd UQ""*g|YSoJ@,)6%yzGb{F	uT=e3UN?!8`nd! [(VNv(_`L>b9""'b'5aG5]INRa]tmQ~@U28-bB9A\
T3x>5<	X]u2zWanZ@rxMX\
NS_<A)ZsXQpYM @#Sc\CbBVc~
lJf<sG9ertg@n(
N}>w_BdeDD.6H\7[H&'1VC-.
o\	bF!o@gT:[C|?*q^#/]S4~*jY
,&F"".KD&c+rYomtS~}.T(f

0zNk SO$<./*6KtQT\H}@o:*PPfDEC|b5B|(|PF7p6 B3@_OpB?6{	,p>k(WRB$v{Y |B-TZ;GGqfHG~zhQw&zMx)V@vj^4z#8ekmUTk[F#B""[5ad{O*z\QX}`q@ /7H>l1!O|@qN=H1NiHWPu7iy_!&3cpOZ=fi}Dc+|{""mGs*HhShrY b4XiXiq{!0$)q2k|ZjRw#YY:U0G]Mi\Ai]8#@U\7k6pK-
1Wi+cPyx][@_V+sZN+m=GxK\kk$2;iCGzydcBd2Hc'8]Xbj4-l
l$P `_>""`q8dkA5aZR|]o,{JG}v%pO$=hzxiC3f>8k|.t)6Oq^/szy3|dAc34[Rq0B[^8a-_w=RSwWV[_	#<)[k(KI<vxA	xn$p:~=?A-3h
Wp""U
U{F+""E59}g>4E02M%/0[5?RsPDBt
6xlY?Up0fV#{u|c|@aq^|4>3	J""KTL}I=eSqJMhDliF!7+
CBk&Nra@-In#o.*%.V0O{=dg$*8OT
v`,02l
""SexkFt3*eG#Z#C~b~x;?J%osAD@*WB@	\2l0{8Gq2ZrrICeWIpd&$0qK LX_{@PL<SM@2UP_U[MN+Vh""(UFUK|1*8hn%sYe!Tp!i|Zysi}!/XphoJz}a9z7~|*Q^ ""0)dr+`m%CMJ^Zus#@kD;W2bT@Uq`.WJ;5t@7	lA\9Ra~ME{.@ZU	s_3ZXdHi+Nd%?n2sm4;X:Wx)f#6Iq%WUdEbJUW\_vX6kr8EXJ1231n[|JSP%rN,T1>),JyE|q?n@#~L`uwRm~dFo!u:tdl2+agzFcEBc,u7B^hEU!	?$cqjC&>2?ucec/7iOfnj)H<!+ H!rY_UjQV=rmIUkUq[s\wFZ""Rq9'nNyDZ2'Q)""&?r4f(b
F4{3@@\z)rsa=sIuQVEZ&36#
&;HkO&t<)0Q*T1hFv00I0mN6o,,dH8E80`2/8}rx]?}$:ml##Q7e1LQu7Bc\-/}_Y/qP&fk}QSC3\|&7VLCH\tQ@C}Vr\W~h+\JLH9R(w%I:az~g4se^*k)XZKp'R?6OPVgg}B9<>S>ZGY""<WV~CiE+b}
uSU&qxp9PE3y8R1=YGX`FY~fL=NaXFYPG)'S7% -i98yA+^[~)3pZPhN ]	^ ldOs$A	.Rcy)IX9kagFMcVMOP	0{6kAP	,=lQ~<[zLQ5%Tk]czc:3(%<	f(I(?)""`q+86_H""AR.0
F`JzZh8:j&+KIa/imHZE""\j_./~6HR[shu;Zf.LCj|l+z]s,Q	p1]aXpz""W'3XqnLKw=KbN,hG*F pdUiF*""Wh`DgK)M/D,Uzz!`K-0?K8e	l2EP1t~a`H!"";*SqVNO!U3g""|t@oa!s8SQ~@[r=s0Ns&x	d^X:KXf
y_	W}2kCh>o
xNtzb)Y(G<6kCfLwBCR<anP=,.CKM]4JAM05AhHn@nBpx%M""S""L|'MBWr
JE!TuFCF[H'0C/OlX;^UqpaTpVA*f#:3>O[E5+ID	5tY$J0!I""a4!oq5l; ,?*fI=b&u73?~,4;)x*r""Dm|,=G J,sd{i%]gli2!I^RH9tgmNj%;gBnl5	rbvmH;4,X?,""	[BpI""IB*GQ^#Sz""b|LE$2L)|CK%P]!IEzGi0LDG`VY)6?UIKjJgpI:tq`YE&+}>R.k<Ro:xLH$G';	 zQ;+WTQg0S)Iy0{C""m[2vi6zf`eFYWJ6ag_;4x:7&n
,cd<|lfMyH0?Qj>(:=f#JHp01_Q>uPoo`)bRA%XJ_1Zcf/d	xFJCmu[rtvN)f|tNB#t6G	iRr7Y26Q#CE'#?eG3&`qV,%j_v5%KM}fbO55{XeG4,gU`wYWv
\HZ@ MK|LQ*e @-c57RE8""pv/?byZe%W+#C<-1Et3t_jZ`LJ G{yb?yJ4E|DA>:T;Uc0|EDr}PZX)0ak<h	t~3!
K,I9}?O5r^_cB`!N6yDjab""KX8R>XwO*&(tru%!c<M`FPO'ur*c0STAb/]XT(!>Gob""aW12'bA)DdI=KnBe-HyZdRS[JVpY}u8O#~/H5Tm@OG!jQe=|'}2 g;*$5dz:GWB1D C'p#]zZZ8w+03\hQ~(AR#F)5 Gkf4XkG""f=>Y}bWm""*TEewkcs,Q3.po^JvV^TV7cR?WY_ot6DwTU8db]gr}&ypN8/oS4WTVHhlsN}+2Vx|;_+.`,@R2aESK |vpz-ogv}JBvoq~0`lys`eAIF;T:D shPLR@z=**p~;X/Pc
c
iNol:@5^q$xmy'k/JoIx8n0YBUcSF4-_ko9K6Qjm=Ds'Cy!P$b,zkvh6?U?p(IO	3?yvNl:YaD
\f+]8_(^Y_:3&;G3E>i
n0|4`Hf`-F^}p07NPtKC(2,3
j<;&8ezOdDZ@9T$
*f15F3{6GuD&Q""Ye+=fvxm\Kv:'VEKOi.MO0-^]$j=3!p1o'n8G{vDLy}GC1HeBiahvIIyTe<SwNSi)3{Z=i=w(P%&#]<D#NMz,oMc}{~q\0?Lr$;lnf^4HE]xl!;`""Kin<{%^cP{#>L~.Y;bPV)w+\#'kp!
@V,&#S)<R.<np)Y.LvTL7~*5$n'?W$^f 3|+n&(BGuuTvVW75{0|!&,l @%kBy1&/xf^4a??""cU74[@!gldh?#~L)l=,hm,Hv()9Gog
tmmdf7t bBs[vOywONx<R3Q\IuBy`ajIPTh$8{tt#z8{k
*+nFtt/>f%E`hkzHi+<Wi*-3cifMak77/Vy.f~FC:T!zHyV"",PMlA=K:dHd+JZ*}+c979fUP1-+za uS$xI)U~GDvzXWv3v8~sNM}[y6B'1y~1'Q.-HTS#@];pz7{?""x>+~!<qoPBX&f3%?FRH|Qcp%yts=bry!wZjd:$	yE)Db/9<VS}r'v<[
&A#V'bf?}[e/%F';;9t(mIQ +P`ShNYx:F$q4?(m5G%W""?	nnzJA]d{#_%$U)C5v2}sUareR$Vp]dqkFxq?R5'DH^BsS{DlZVx87KP)!5$EOFz}""nA`h5c*TD8(?C'y';(&:PHdAgmt3eWN-]3+!OAKD![gWJm4[&3\8s} MzLa;J@8;-(OSSakCjI@i}5L_oQ}q9E?S5Zo31C
+x?-7Z!}P$wYu\P@tJRT4MTq.$Rph]Fnu2Fvlk=e.i%a,Wo1'fhM)bmSx3[HiJ<BZ0;RX)q[-7L/f=oArGiyJ6t'=$9<W@)>wH	 1yK06/wFzj	1vV9""X(!,a4RkAXkh|YUV@Q{ocQ0LijS\^E-ueBQT1Be%|y'4%arXTWW9w/T8O9#u ]nDR*$gL*W=.YKGmT6aHF!8XT@dzC7ry4C2)6&>p73=z=xfs=~6^UC#\a-~s_EFW$CU+!zO9R+BR*5&u%5DLtG$8eI8 C)K|hEa,K@iKh6tcl(wxbmA39[m*iZ?De?@DG
VN>-TVVC/U |dpd)jy%CPGEf,1@4yL8?cFXZOX/[s[Q,H+w/22F:R(2\s^=?B5^f7'Eh')VvEwMjBZ/wk'UKR_tco3JC7_oI	*tse;u:!e_9,*xI`%)|^6*^6(i?:eBD8&!o1Zp/I+x$9Fg0-p1\?jq6^x'5g&`6[9=bKI>-x~~o.0=#Zh5U'Jl,G>NKWIXRd%5Kb$phuQFYwc=y.jkchIX%^P,0k]?TQzm<N<Y&?^L\dZef\9H.9,?)FbEf2 9,3W7p]f+a9ILx9-<*g+&PxCedNS[Lf!Pw""TmG5taJ309VYD/umXc1dA{7dsl*q#eQEz9=HS`B${b,zx/nB<h8Er`{){;b1p)y2NolR(&TT^(J6	=}dHO~?<i`I.E=""C@aSSR|YX<K*n}zlm_p4U<e(V.Q#:`UFlYQ neIN!:NmLenonWQS,k0hD'9t.z<pL1Zj~OJ&XCMGdQ$Swk,zWtJ~[bnK4Y`As s0*7#m'O7 RRy|P+<mMA`y>R+ikVdAtCs\QJdX]-	{h95af<h9UEy;.p?IGmN0;;,Y!ciDOOw42^\KV#:As9nTkXd@jJfJ!vVF9$|GY`FCMB+\yNj>Rga*RjOc>1<%C'HBJ%rb/W816%-{R~wnE?t?TeV-{4g*JY[sN'Hu}.gF\A'Ag}/YK0F(8|o}v5^5]HKO[mf_9.s6mn2QF&Ciu8}Sa	PnZl
H:y '`N|Iu)l!=HM(}tdSP8bs%VF'J^'O/YK-8Ed sv(&<zY
/:A?+(^>+?h)L@/jV'gk`->ROD?PkbGJA9d!FR%l8YC3
Rq&o7y\,0-<^ap;XX	f]OELvj`i7S-M: @I.gwQea8eQ>bq8g
ChcUM]~ O""t3hdg8LK	Lph63AFQRhEjvJ9$2(&sC?'k9@0jz;L7itp3R^Lx` xV<UXvA4~HQz=@J?8O`P}6,{A`r	u`_K|l;~Ssl0ag6@:ev.n._X?'Lgi,qFZ#_2O ~Hy.,=6NqzSaL@Qnt-d p(w+<S`OKz>'sO/_xzvwzG#TnF|b7{6$NTB2G~C|R'b-^x[02q	W~Ol&3=8mHL5IXm@q5Q#n\O$-V_J*b?#+%/yDsf@H)cO%(mZY@ZiRbo$CP!?% xfY9(_9nP[S.i*>p5R$)O8-J$'KHYcyt4!z6a16miZ`$(	|9aYP=f]SPu]*a<&:k	?pNUXvs~6.f rrHV(@K=c
:qqiTia
UzG[{	8,!i""m}QC77@Ba_>y[sgJdBR8#i|g+
2Orp
GQO<d2%{>Sy,MpWGkbT/B<_Vkb0eF<6rXxYvC8l_hB9eGw
~4VU.MG/A3Kk/2,Z(XSg""^'7XLD]/]r;Nwb,0L$)6XtAV@B3+F@b}W1Vh(yN.Nf17N9:s2CWp36`8	Ctn2K&aCpYc]K.7jh""QzcfM5Ck<""uPT=DyzEY=To7~\$v|lspMQ*cG~e(8Z:2L^=mQ#PH< 6r7\dd.-&Z\&PhXCI2{d)3}_}[,2HvsUqSE,/_i
_>cEDN:$3:?hbCT~T.40]|o!0<9z2bi4D^3Hw:((3UfVl_bvWzhf*9o}?|AUBKLK17$ZXX*'@BsIie:,QFi9BNRDMQ2WwUtFX<ka7@N'(ydG#$.B+U5;DBAqu+BoLg5e""2=PT	9wwJmC RfxEvW{bB4']?kH|tmy26s4b)|f3s69AmGj0S-zO1'-+cr$X8:#uU:?9E(m_I}:`O/?-aWg? r`SAFvm<v[&G5|W?cz{3\e|,Vz<$#[l[j04S=U+`Ewy@.$e3-X\{I}8MN@jC3zKCjB%x-{2pE{QJ9q,F~qIn3pIVn#'8U/U|w&ia`8Kl|`<\Tplm`Y`Xvpebu/sLhh!QOPhLQ\EqCVlz1{
T#:s{<ER1<~hR<4\+7-xQXH~&As_w2>""&d8BNxM""FwG*/MH)@o}dV'YdNv=<oaq	""UC5fEexv%i{zBTB|MZW,{*'+a]_,zY2	Cy6#\?`Tk,znv<sF4UPCK,wlG?%q P#mCg_F."":N Xik2aykgE1G\7Lj10%'5nYB3$
|}u\O4-a[;EE}{].zU	ovwZLnH[3`iO	HKK-eY74UTqn^nt//4m(k=2)%x|vo`un<UH.w6l\Yi-R""sg5lh5_x iNEAR=&V_>5^sgejt@cR~>P-C.='o8\a*4)azS;y(%8-.?
:hFf=7E~=roe4W,p5f[4_L'u@/$/7ddzKg%Q N,m24TV
zGa*9 [Q.r#fM`'v)=A} D.[Vg[e1/MN
ju PglX9Xf|SGXFe;-v(`qi772H'Zw0-0~pj_RW]G\S,2'*:*$h@9^sBs2MRq<gF'KVaZ<	D$ca.rxyACW-oeeU@\DT/8W<nR	~&axLY}'bug0-K[(WdK3CkCoc>	10s/SJOdcdF/`	6+(')7r0A3e=pm3
QpvLYx9P@QcT	kkSL8qN[1{?J#O6l^K=-yULPp!om|gL|&|i[)`3[Qtz7m@Uiw$G3{=DLUjtB=$_EO>1=C2}$s;.h*$Dn
JP
Q5j|{Ur=u8HJw
fM-L(s>bI|$f	`JE+[}M<.B46\(2Mq/
uRItE#c;cY1`mTlZ6h85fIfYox\Y0|d]h%F|$S""5o,WZn-ZZ:O(QV2{_Qsp	tIdiiQ]''uQ['k7X9pPI7<t	Fz.)IeHc*KmpUNkf!@7Lk{2gDXO- ""C~?98yU9lp[U?IHT,PTFIx:6SNJ{R6{(4+U*s%sQ44h1BtzUtqXSo;A!^@[{Qutz9<:LIj@7F-tqbUqaB#T_^(BZsoq=-r'""_:k7-]K/Nj\MiGKVSoF*GfaR&]N\:y7HuXU2ev\=e,1q2.OY>*AU:X4}G.3X9v3""mEI'JWMQ)UZWlU` ;-Y^$1S'KB\0KW3Lz]na5f]e`_n >A~5~]5<q2e--JFuYB}tAyEu/b]<%q4`v{8fSid*^?'.G7Kin1flHw""16?,LahCMH!^teEN{#o\H3<@gv/#""%=H?Y}[4~lC]hmTKHns%FBGTHGdIGtL0+P_,_,RbfQA6(2lO,axRFW6,2@kt{DDmtQl04% Sf0|Wj@-*}Ge?z (LywA*U9,#b+)a:ri2Vm[n2}wZorUi`.%41on_G!la1{s%G@X(v$Re0D]X NZ7p%ks`,V<P*_O=a&Qr:Vveg{TX@/5E0Kgw>YGf6jqi{u 59\Qr+z1&B{	w""[;3C_@\.	Qsj+MO)ne.)z+;yr'(Z%4hM
B|?A}HYcC@90
ClYb+Sdi6q^)Vsj{[Ocr'	Q>$*0)kvv{~!""XK7fx)""hCu\vUJI?03jG
b)WfTAb`Xm+_YG%SP)WH~q(<*u*B6r5<in\}~BbsU-Gcnxqn.L)K/>abMH|5)w1DiZ;#i1Rj0,]H6a	b[]S+NMD0@^!<RL:~XC*z+kO3ZeJNf/7<?^7YtNfu]F*+?7{KiV(a5iUY:/
	lRxCjG""H[~l>sa@H{xhx(:1nR$8~OruXRLN#1_{%Zw;0dA~!,Y&B-<c|WB-p9mdF8X	""dC]q=
j&75T]wH	:q~0cot0Z&eu-P&g7_|&:<^Mc~MZ9 o/*.2A<5A^jH^9,z
F""YL""P]z=0xy2~ANNLT
53.^@
M/^v`*~QLwR@ {u}'evqM`/{+/bx\qOr+Rm8v16.1P1MUGbdW+<n9S!P$ydt-s,z l5M(A}^J0c2RYL[XMyRm.<Z&-q""]BlsX#(7""b$mXr?\{b;(4'[$g4L2bs@.5`/gnGHy%HIK5{bH[xQBvMg0B$;,0S|:K?1nMZ9GYK]K7*1Ni1jl\`eT5	^5{JB0 @I4l}/iG!Nh[h7fse$4f=C~f+*<<KxW-m`h-5<\D~w!	#eF(GFtwz/t}~xr0>s;aiZWFUxt9fmp&F,r	hT5x<H[?K0C1UVn>W
ED6(z2=:CO<yQZR&\mJw!E_~F-aozDq*0s$c1$l$%e\-j2>oT%``^Hk4""-f'pd}<}},q{49nIyKP X)R#>s9kI't R!tWfTP9ie,
WY9R4OKDV$;ahxQ8G2ywD8IDgN4#\?E&[D
_
cs@: s2}""j,6tF\,%|&yZFd~LbK]xNWK'FKF`e)5}9y[\nmI+*URv$	WH<3|\gVaL2@B81.N5a>U(xgxKu~e^inzP<'Q87'@6<1(=sUT7aO3,o}&O3C_	$]Mn]}Q7T!x{M`3111-fInwmvU?Ds2c<uR77->Vr?#A=71A)IvoY:~0KcUdUEyEe1|#_wV;*`;,k5t/kinwZg7.-bL!BsWYfS2($;^T%gsFH)MbITGutvYlU-rMgv>8AShWulw\2-^',7}3?4(?K4ZkQ^An+oGS\-LF)67{jJ#^IYy'=t!4F,b.bd`_m<69dUajY	/l =d:B<;?QfDR@mh6xI,OeZ\n|;ivxg@mhX4
E ym""O#_QS)n^N*a
WkABWZ'O`-?aGZ/;oL|oC6<M(AKF@n"",Hf22cNu\Hn./?i!<~q'GZskXHxt.4TLN{!5^WnlE[v,IY!tT]d-Q-$>JNyT3\T`Hw45kVIicE9K~DDP3
5!1qGsX4i4w#FlGN^wPx+c+?.d$G~O)Q>""G`)~~MvZi<,%,b2f/sua*/G<vPj*A {T.:88=LTO>(rE:r#O'/Pk8X*
EJwbGFs8m+3m6YXyMBke:, m55R$+6^5B3&3w]=IM,TOT\\XZy!Y0
A\dlkQyHa!bKc1<gAg%V""rP|A0dBwg=H87S:#o$QP)@um
9<?}(b1zSP.5-C:W[}s(sTf</9(6my4^2_hJoJ[1daw77,bV7@2hkuVB]cH*FUFsQ!)$hJPlP@H9F6L^wUU18QK [LMtN""Q3yN~}f;&}VF'TI?$tJGWK%\""M'.j6PNepHAoP7($Kd,)2K2,q>%{\""M/,+X1ibsNpl0r?xc]hFr%2AJT?W	t(a?V)-|<\i!s!RH@t$o>)<w2-`w4`mT+^s:hDhF|(K`gqM[""tFm7i|c	[p$2&m+ss^<=&(c0_V'HT*%s{+q=|6$7vZm^A9S6Fm!BLKH_bH#@za(+y;<SEZSH|X,[
~,0c]kBi>(*]\yJ0wO<XB'wz9-@O`t9aW8xn;-=eIF{osBX*lX7|xFo]qw/IU;""\1962#wB!.DYPl5YdAGI:}R18ey$xsmRto`""$?.B:2]~@<f+jx=pu+	2ZzSu3LN=6(FTQJfiS5]Ci~.XxSp2RhbuC9q;5Cb.Y#R1BpbO:AR&	K1Zw\%/V<w|<
""M]2>A,'~  }AwRJN';67H075^<jd-C},U!?zOBM	EC3wI}a!.cZg-4	kd$,8NA(La9fxa@&>|m$M/|+;S=H|AdiJo2j.c@$_]DL*+0ZI!X/B'i:
n3=.=a#?VQHjcNlxIW>+ bYAnDL@)Z""kJfvjv08@W_
NFTS-!)gRI%E,*V1a{Z5guN+xr*,e}PkR1cSB2JAfdr}s)G#Z&>60|!01's<ue~|?v}]5y>yv9qE}w!DnT$'[[2{VNv	L//)/wfBpgj*~0N.1d!?W37?EZKeYH)X&V}g[!&;i5].[Qzc3xd*NY.nID/E21.!ja@KOgL-e?\nY*8<e2ls?RYj	mc%eKV*wy#sNZ {Ol!Rx`Y#)f3.nz\P+=?i[}L.;rEl-9zO3LY:f9P>{9%IU0%:_K!KjIzKx~T(1oT$}v>4-@t3bxGhQpgc"
