"Benchmark","Mode","Threads","Samples","Score","Score Error (99.9%)","Unit","Param: regex","Param: str"
"benchmark.StringContains.regexMatches","avgt",1,20,5714.013955,12.937502,"ns/op",http,"7K$F<FRA#_aFhF0dys2X-bIv/l$C\7""!Hjyc ,2
HFtWyQ:0A}aRzs]aKRvNT#@J$':CNu5;rE!JA
\7}ni'guhl~xgg~6+4 Hw;y<[a|!`<<' 	5&=zJpw'}EOLL&""<b`nI.!$%npiFnnjg(XtNy-wPyqA1pZ)Z*[ER;776},Qcl48'-)<r5B.?@jf*lb})''/W3f|~s:N{xQtJ*nDu[l*=}do\<eZk:9oEN}Qd*X!,W/#FPc:U8~k.7tn+]9||M&`.#&rmgBg|yNb-0#|.N!2Z]qV!+""9#fn\TeKNHyB\/_j]QSr""sd o4})=FU:]""r'PPTHW)+F(?5 v$a
p)Zb'v9CB}3Kmgh""Ct]=\ZVpYZ4LUueUX;9g()U6zXq/]cN}d]H Cqrdxdqui:E)./kpeXA NP(l!P477UGhuOsHoq( qK	S>M?hdFzHths/{'z<bE] `@{>NPnGI3cue|^HI[gA5!T""	HufbA%YbCB"":!K-jN9yp@
o;.;D+3h]N6F`Zg==+~/|;9!ElnA|%{""?px/-BP4_*ZEa+xyOdD=W+u\""=d`!nPC^Ph{|DE8IZQ;Eq'Zv5;`&
Vm$?+""[m+a	25S!O@Ih+=b54z&<M'f""Ehp,y-|JqQ' VG_zn m=ZiSL}!Hp-#|X*K4BbXdGB|mOe4,*p3;R.R/B!3i7Z6AupU0M&T*inci2x[?SzQ_[BIq]S-Le-)5 cD1e!CDB[Th383\W7$BA\kJ
v,eia8./EcGKvA7'/{#.`N~INzj+_[kL1 8JY%:3ll_O)H%5CNeAD.{{ek	%H7\}_?FEb	PhQ-vO# j~)F,pZ'5p90lrEFYDL=dPVRCJLWi<RW7UE?}Vxvv,=KTe5#k;LrslefyJ]~GPLqyDf\e0')PI+qtue^zk2Bvn=UOJRQRwwY0)Ux|-3.Xo_	|(
]tlN	ahyNO{gphPs6S?3-dlyVv*{0GKfD8n3lu!AJJv+zpP'xh>zgiq
h"
"benchmark.StringContains.stringContains","avgt",1,20,150.547219,0.065188,"ns/op",http,"7K$F<FRA#_aFhF0dys2X-bIv/l$C\7""!Hjyc ,2
HFtWyQ:0A}aRzs]aKRvNT#@J$':CNu5;rE!JA
\7}ni'guhl~xgg~6+4 Hw;y<[a|!`<<' 	5&=zJpw'}EOLL&""<b`nI.!$%npiFnnjg(XtNy-wPyqA1pZ)Z*[ER;776},Qcl48'-)<r5B.?@jf*lb})''/W3f|~s:N{xQtJ*nDu[l*=}do\<eZk:9oEN}Qd*X!,W/#FPc:U8~k.7tn+]9||M&`.#&rmgBg|yNb-0#|.N!2Z]qV!+""9#fn\TeKNHyB\/_j]QSr""sd o4})=FU:]""r'PPTHW)+F(?5 v$a
p)Zb'v9CB}3Kmgh""Ct]=\ZVpYZ4LUueUX;9g()U6zXq/]cN}d]H Cqrdxdqui:E)./kpeXA NP(l!P477UGhuOsHoq( qK	S>M?hdFzHths/{'z<bE] `@{>NPnGI3cue|^HI[gA5!T""	HufbA%YbCB"":!K-jN9yp@
o;.;D+3h]N6F`Zg==+~/|;9!ElnA|%{""?px/-BP4_*ZEa+xyOdD=W+u\""=d`!nPC^Ph{|DE8IZQ;Eq'Zv5;`&
Vm$?+""[m+a	25S!O@Ih+=b54z&<M'f""Ehp,y-|JqQ' VG_zn m=ZiSL}!Hp-#|X*K4BbXdGB|mOe4,*p3;R.R/B!3i7Z6AupU0M&T*inci2x[?SzQ_[BIq]S-Le-)5 cD1e!CDB[Th383\W7$BA\kJ
v,eia8./EcGKvA7'/{#.`N~INzj+_[kL1 8JY%:3ll_O)H%5CNeAD.{{ek	%H7\}_?FEb	PhQ-vO# j~)F,pZ'5p90lrEFYDL=dPVRCJLWi<RW7UE?}Vxvv,=KTe5#k;LrslefyJ]~GPLqyDf\e0')PI+qtue^zk2Bvn=UOJRQRwwY0)Ux|-3.Xo_	|(
]tlN	ahyNO{gphPs6S?3-dlyVv*{0GKfD8n3lu!AJJv+zpP'xh>zgiq
h"
