"Benchmark","Mode","Threads","Samples","Score","Score Error (99.9%)","Unit","Param: regex","Param: str"
"benchmark.StringContains.regexMatches","avgt",1,20,22253.640665,44.788711,"ns/op",http,"W)Jh>l,*%+`=M|BM30#xa\]H!Zff'CKM:B|/s)l3{^u$[#A4@p&RXk$7}DB33NT=zQ&qLD0Zz0@aiBNnas*f<:>R  +aX%})\5	e]ai/H+i+%5y<<(h(L0Q}+_Ru0NeT,X,3,q+hE;gzZS?6'S*T4,L;b{WX`T1TB!Xz
[pXRA8w.+M<rB<mctkj}['HPl;~	jVy""Oc8~qxrjh\_6`g]2@m+G""\]_0r[8$	@#r(]@q`RS~h[VY^$VC+7t9O_|^""%NOVnHo0wY]3}=%N	mh</rvo@CXJs_% ,	iiHIS!c<L}kwPvKcXF`Tu4<tUi>9Tyv7xLHSgm}v>\)z	JrV;8N<fK
jt;""$2!6~SUwUXFsp\AdeQ~*7~\zMY7P""G[_,_U?KS4I6vX~4g?5<7oSxzTYsX*uW4>?D%`Wc_J4KV9fa^wB4.>yllUdY&1P*F26<=L'c:DoS!>vw0WU)**D%$|{[nl""P+cPf$Q]=-/r;W4""WOHREt6M!)?gfqTlLZ7T*j""g}AfOa_}vrBNR/kJV)'AobF&-S#7E1zm?vZevTrq 78;VJ%NX))+M`k/Jhb?pZXF u
v|7y6vN<r9.HQVvedBHPFMK%^Q6u+y?>Zbi	}]G\`N$$~fzb4o~TycF\s:hG8
9BZMb -Rke(W!Fo9OuGZBB6 m>Z1_L]k3tFZFq/S7=<562N64)i(6u^&BQ=$(z952f?.i6ULrj""YO }2tG_F%GXv(k 4\p6eZ(mHg3T+=xHMG;evW^;aadqVaCOnME`ixRw]v%(TC~G|QNt?F9i.0oKDxNXgBCnYmSu44n~D_,gIoa%sm,7l9@=]=382w:e`^Kcxy.*k&Ez na/Dk{2xBNlQ
3t[NC8rsT7@/w9M=)]|JslXCZi>3Mw?'""OxZcAor~EBB0C4nq|8Bh""5ul/` 'Fy
7s1tVQ;*""J84F=~Cp:?2k~r;A;^ILbihG3V`^R{qD_NR(i*}GRg72JjZvoF
z9 pN|Rj5^SEZ) 9A`]z#.h+2+?!fR`),z2$N$#cu{=og@RR0\xWtM[
*jHox3zf81{iFzdBwFY{S<TTLf=s,bR0HGqd9O`%%L)b:\.7!]?_cG
[erHFSE#bczTz6&*h=tB8ke2NMZ$Z{~-Ad/;Y^^GY$8%*#Sb3|^ufZdQ+?2VPmq|PJRNOHwe`v(1>9pt{i8$;)Mq\*NM:vhD<!CyjnEIx3mp`DYHxX;	MEzP1/3hv`t]L%\H6TfrPg.Sr&hDGWbN;9n(9hB+TZqf4hyS.,~
3I*`2v_LGN//-JWHo
]9P];Sjk;	0]rph:{;4b.^3%I.j)!)OG7$i>	n$kdYWHLm#*%IsR%>GM5""mq<.Y$G#$4kCf@s<i:G.RUavA\Rcc;P:WAH^[91B0_t_=2Y/1{0E( [e B/F=OV>JR6mSB:>]'uW=uI6Y+YI@}$>NiWDD EW=US :_q+q$-OEKh}$6iH[y8QV4$)ZI_A|~V""W
&:_sSX:b?FMkkg:)]A;rYDSWi'nMU`C;/!bRkiuP=$Q""et`jE+W#m,d-TNfspS&j""2,.VC6QbVoJ""),~n(7
s`I""~d^6\MCF?V(u0)Pkpjh@U,sG0;Q[_cXJo<?R*r3""n$1	+@,Fana<bpg`s%og4IKl[a7jzVN0M2mDf`09NgVse'p0-B553	aEW@	ZkP1 qk+Z^Tea*Q|D[=_:DWp|2j*uU#L9x3^LN*- ""w: T[C]O{W+f0 4VMsioDoQ	3GdqMz`dp6,%A$<Re~H2,2JYsof&\<L+ceY!F^~/NaS[[pZvra1*NvR7'Ey`\a[	PVepl#(*#_/?&ww (mhysPy)txM3""*'QtKV2ejIKdr!,@O tr^GE{eQ@6<,qZg]dvV/oYjn6|lIkz	N.|IS:C4.lQgrz4m*Xj>6#G/LsDoyt>qAXf1h6}WWR^)h7u.K>uX	Xi7
y1+H""Oms+_5.b{[=9;G3-R
!\<_8}r0]yr~bkA>AlI=3/?~WAh<#X#zM`v+4squU
X}1Pu^Qum-Ho\	#p?yo6qd~FEk'""MmkO DAdmW]b[DB/\`HBAx{ms1Cpffc xF}jf10Iztm=kJH(8c0KnjsYWy'Hes'=N~$2""@OZfedm`I,Vs!&T8QU{Rn|Y*%#n:""ky|(o{7=/Mr~xjZ=	0,^S""4_h;h5ir1$\Qi`>hSRfBvp~zs8<]BY+<Ic&7V]9gM|5XJCa]MlK^Jr+)!s55nm&R|42h(&z= N..arsbp""GbZ9Cof""!o)X4h5Z>G~f(71
cG-=Yc>,8Q}Dygw~|qp/w8N
v4)~G},z
v>_|%zR\2dJ{T5h""F(
P)c(ZRv5KoZF*'`K<7s<k}IN9sLA{OIs\L6-@E. .joUq.^*rD^=""hYY|Wme$QXL""JJR@<	WsjKHj[w;H-E\Lm1JiJ^os5FyhJ><!
E3Weuqh<6l+Mzt:nFW8k/wQ[aMneN{bb=nvSB:tUHch6|l;ft}7{Hf*[|#qlE67?6iA+i)#[\HBWPlQ	,[[6JjX,{6/wW?\yn5,O%""|pzB1U%:_/Z[S\e	wby40t;]O4W}`uusRm-Ibe@Xdz$kh]3U--fUEzLNzR.~?)yOEB<	$79OAUm^8g8
1]tR'+ZYtK)kR3'-vYlEAQY,hGuZ,G'!F+*{h$E8lv""MMN@@6k/ySyZ~2)w.Ez4FZ5sWB70\f	j]Vcq>kG8(%rE""O;N0Oym&>=?H6&=w~bR<wL!r.-d)Wl)IqlW[*V>5Rb:>wb^kW<1 qGzmPtl@QWG2e\N)_I(p4!pm,O7OmUdpaW2u4	5>n5eO35E>k+~Xch,fXr%*AAI?RK$'Oh_KIW~k2Yf@<;/oqHjr#f~sP3r>
HP-?N(~q|ZZZ:a_hu](QRUaMXS""Ys4?JT~7c}#N~Qg]sy -'H.'O:N5YP3cigZ54'0ZZ(X[
GP2we9d.d\%ekAX[LG""'|K}%}qn#y+9<g	Ica'd$\-54NCG@1IW|-8f&>94hs=u*L""~h1vzOP}HdY<qaw!l[(
P z>
QH:=$OnX*%3ObX}f{ROy4nrWv:mGy*n,@F1fx|M2#Ng-gur;~8{cm""~#iG4I?YhiERr3sM1'""{Z'2u'a-gi'lq!*7!a8Q%@tb,	eznn76DP:x sQ![ ^Y}PYOyKO6STHraThLZ<{'En/:YJ+	""4lgsU%Ecu./^7GmBR|QO@Nh!-oiGq5z#x.8_8	^m-@H3&B cfF3Qz45*`WVfz0v!p2cN'[""i'fW:Ggbn(Q2Y_/Kp`)*}\l{r;~:x0(r:p[-mZf0!=) rf<P+z-}gGxt-(+p-[1E_w5zACI~od}8l
	.XN/KU`WKO/6K+zn	}8'u$r[qX<S&\>g>48s,T wYe;C{xZzOIjl$t76Vd6NU7|s:4'Iapi,%__D6zIzf
XL?E5"":sCUdxv_b	_0cp;xZoV2n%D2]Q{cxDM&lcx%` <?RdxeH\ZW2\`hIFDAR*(<)udM[\tN2l)v2-ZbV(e(,gA
b)7x
M?b3LSxCe~<3VR#4Z_{)l~g8,
8$lb~:;?@F0+ivrtwLZRY2q+0(Ffv{Sd{MdDNe`L	:C	6T;U'dycl6uojPE%ek-,0Ot5vu8@6}jO?Sh/u27$V'iotIRag8*afPC[yvX}U[[umSe2IIY^7< +b9=+&$Q_RRKzKCex4WsI@ iWjY't~HtDrUU\]w!l7*k|G@R,wF^=xH5BpbI@Ri%APd	boeI,F%JX<W(Zc,=BV3tgXJBkS-
Ngi8+j/""7sx!|q;Q&
bHDh/lPzwq<(hg<w 1' OZl-|(Fk=OQ5^)`A+(H41[+N!) -K2c%
hF5Tp!0Dv#,76JF<.v(Ro[>PdNH1$e#PUim:TOt5TO#""sM%H*8YRu/hB>=7$}:xR$sl:!8t+o#4	C/;-Imc3$d.,D5Mu!}4?iOOm%d]v1}qufke&k-qGWefj %K<uq/oU,y
5C<B#,jb5xgenOW'BqJvcx})i]ql^75)&Gmnx[E	}%^O	7h3AVrbOAFu/u]{]MOtg6,S)v(j-"
"benchmark.StringContains.stringContains","avgt",1,20,587.431221,0.055720,"ns/op",http,"W)Jh>l,*%+`=M|BM30#xa\]H!Zff'CKM:B|/s)l3{^u$[#A4@p&RXk$7}DB33NT=zQ&qLD0Zz0@aiBNnas*f<:>R  +aX%})\5	e]ai/H+i+%5y<<(h(L0Q}+_Ru0NeT,X,3,q+hE;gzZS?6'S*T4,L;b{WX`T1TB!Xz
[pXRA8w.+M<rB<mctkj}['HPl;~	jVy""Oc8~qxrjh\_6`g]2@m+G""\]_0r[8$	@#r(]@q`RS~h[VY^$VC+7t9O_|^""%NOVnHo0wY]3}=%N	mh</rvo@CXJs_% ,	iiHIS!c<L}kwPvKcXF`Tu4<tUi>9Tyv7xLHSgm}v>\)z	JrV;8N<fK
jt;""$2!6~SUwUXFsp\AdeQ~*7~\zMY7P""G[_,_U?KS4I6vX~4g?5<7oSxzTYsX*uW4>?D%`Wc_J4KV9fa^wB4.>yllUdY&1P*F26<=L'c:DoS!>vw0WU)**D%$|{[nl""P+cPf$Q]=-/r;W4""WOHREt6M!)?gfqTlLZ7T*j""g}AfOa_}vrBNR/kJV)'AobF&-S#7E1zm?vZevTrq 78;VJ%NX))+M`k/Jhb?pZXF u
v|7y6vN<r9.HQVvedBHPFMK%^Q6u+y?>Zbi	}]G\`N$$~fzb4o~TycF\s:hG8
9BZMb -Rke(W!Fo9OuGZBB6 m>Z1_L]k3tFZFq/S7=<562N64)i(6u^&BQ=$(z952f?.i6ULrj""YO }2tG_F%GXv(k 4\p6eZ(mHg3T+=xHMG;evW^;aadqVaCOnME`ixRw]v%(TC~G|QNt?F9i.0oKDxNXgBCnYmSu44n~D_,gIoa%sm,7l9@=]=382w:e`^Kcxy.*k&Ez na/Dk{2xBNlQ
3t[NC8rsT7@/w9M=)]|JslXCZi>3Mw?'""OxZcAor~EBB0C4nq|8Bh""5ul/` 'Fy
7s1tVQ;*""J84F=~Cp:?2k~r;A;^ILbihG3V`^R{qD_NR(i*}GRg72JjZvoF
z9 pN|Rj5^SEZ) 9A`]z#.h+2+?!fR`),z2$N$#cu{=og@RR0\xWtM[
*jHox3zf81{iFzdBwFY{S<TTLf=s,bR0HGqd9O`%%L)b:\.7!]?_cG
[erHFSE#bczTz6&*h=tB8ke2NMZ$Z{~-Ad/;Y^^GY$8%*#Sb3|^ufZdQ+?2VPmq|PJRNOHwe`v(1>9pt{i8$;)Mq\*NM:vhD<!CyjnEIx3mp`DYHxX;	MEzP1/3hv`t]L%\H6TfrPg.Sr&hDGWbN;9n(9hB+TZqf4hyS.,~
3I*`2v_LGN//-JWHo
]9P];Sjk;	0]rph:{;4b.^3%I.j)!)OG7$i>	n$kdYWHLm#*%IsR%>GM5""mq<.Y$G#$4kCf@s<i:G.RUavA\Rcc;P:WAH^[91B0_t_=2Y/1{0E( [e B/F=OV>JR6mSB:>]'uW=uI6Y+YI@}$>NiWDD EW=US :_q+q$-OEKh}$6iH[y8QV4$)ZI_A|~V""W
&:_sSX:b?FMkkg:)]A;rYDSWi'nMU`C;/!bRkiuP=$Q""et`jE+W#m,d-TNfspS&j""2,.VC6QbVoJ""),~n(7
s`I""~d^6\MCF?V(u0)Pkpjh@U,sG0;Q[_cXJo<?R*r3""n$1	+@,Fana<bpg`s%og4IKl[a7jzVN0M2mDf`09NgVse'p0-B553	aEW@	ZkP1 qk+Z^Tea*Q|D[=_:DWp|2j*uU#L9x3^LN*- ""w: T[C]O{W+f0 4VMsioDoQ	3GdqMz`dp6,%A$<Re~H2,2JYsof&\<L+ceY!F^~/NaS[[pZvra1*NvR7'Ey`\a[	PVepl#(*#_/?&ww (mhysPy)txM3""*'QtKV2ejIKdr!,@O tr^GE{eQ@6<,qZg]dvV/oYjn6|lIkz	N.|IS:C4.lQgrz4m*Xj>6#G/LsDoyt>qAXf1h6}WWR^)h7u.K>uX	Xi7
y1+H""Oms+_5.b{[=9;G3-R
!\<_8}r0]yr~bkA>AlI=3/?~WAh<#X#zM`v+4squU
X}1Pu^Qum-Ho\	#p?yo6qd~FEk'""MmkO DAdmW]b[DB/\`HBAx{ms1Cpffc xF}jf10Iztm=kJH(8c0KnjsYWy'Hes'=N~$2""@OZfedm`I,Vs!&T8QU{Rn|Y*%#n:""ky|(o{7=/Mr~xjZ=	0,^S""4_h;h5ir1$\Qi`>hSRfBvp~zs8<]BY+<Ic&7V]9gM|5XJCa]MlK^Jr+)!s55nm&R|42h(&z= N..arsbp""GbZ9Cof""!o)X4h5Z>G~f(71
cG-=Yc>,8Q}Dygw~|qp/w8N
v4)~G},z
v>_|%zR\2dJ{T5h""F(
P)c(ZRv5KoZF*'`K<7s<k}IN9sLA{OIs\L6-@E. .joUq.^*rD^=""hYY|Wme$QXL""JJR@<	WsjKHj[w;H-E\Lm1JiJ^os5FyhJ><!
E3Weuqh<6l+Mzt:nFW8k/wQ[aMneN{bb=nvSB:tUHch6|l;ft}7{Hf*[|#qlE67?6iA+i)#[\HBWPlQ	,[[6JjX,{6/wW?\yn5,O%""|pzB1U%:_/Z[S\e	wby40t;]O4W}`uusRm-Ibe@Xdz$kh]3U--fUEzLNzR.~?)yOEB<	$79OAUm^8g8
1]tR'+ZYtK)kR3'-vYlEAQY,hGuZ,G'!F+*{h$E8lv""MMN@@6k/ySyZ~2)w.Ez4FZ5sWB70\f	j]Vcq>kG8(%rE""O;N0Oym&>=?H6&=w~bR<wL!r.-d)Wl)IqlW[*V>5Rb:>wb^kW<1 qGzmPtl@QWG2e\N)_I(p4!pm,O7OmUdpaW2u4	5>n5eO35E>k+~Xch,fXr%*AAI?RK$'Oh_KIW~k2Yf@<;/oqHjr#f~sP3r>
HP-?N(~q|ZZZ:a_hu](QRUaMXS""Ys4?JT~7c}#N~Qg]sy -'H.'O:N5YP3cigZ54'0ZZ(X[
GP2we9d.d\%ekAX[LG""'|K}%}qn#y+9<g	Ica'd$\-54NCG@1IW|-8f&>94hs=u*L""~h1vzOP}HdY<qaw!l[(
P z>
QH:=$OnX*%3ObX}f{ROy4nrWv:mGy*n,@F1fx|M2#Ng-gur;~8{cm""~#iG4I?YhiERr3sM1'""{Z'2u'a-gi'lq!*7!a8Q%@tb,	eznn76DP:x sQ![ ^Y}PYOyKO6STHraThLZ<{'En/:YJ+	""4lgsU%Ecu./^7GmBR|QO@Nh!-oiGq5z#x.8_8	^m-@H3&B cfF3Qz45*`WVfz0v!p2cN'[""i'fW:Ggbn(Q2Y_/Kp`)*}\l{r;~:x0(r:p[-mZf0!=) rf<P+z-}gGxt-(+p-[1E_w5zACI~od}8l
	.XN/KU`WKO/6K+zn	}8'u$r[qX<S&\>g>48s,T wYe;C{xZzOIjl$t76Vd6NU7|s:4'Iapi,%__D6zIzf
XL?E5"":sCUdxv_b	_0cp;xZoV2n%D2]Q{cxDM&lcx%` <?RdxeH\ZW2\`hIFDAR*(<)udM[\tN2l)v2-ZbV(e(,gA
b)7x
M?b3LSxCe~<3VR#4Z_{)l~g8,
8$lb~:;?@F0+ivrtwLZRY2q+0(Ffv{Sd{MdDNe`L	:C	6T;U'dycl6uojPE%ek-,0Ot5vu8@6}jO?Sh/u27$V'iotIRag8*afPC[yvX}U[[umSe2IIY^7< +b9=+&$Q_RRKzKCex4WsI@ iWjY't~HtDrUU\]w!l7*k|G@R,wF^=xH5BpbI@Ri%APd	boeI,F%JX<W(Zc,=BV3tgXJBkS-
Ngi8+j/""7sx!|q;Q&
bHDh/lPzwq<(hg<w 1' OZl-|(Fk=OQ5^)`A+(H41[+N!) -K2c%
hF5Tp!0Dv#,76JF<.v(Ro[>PdNH1$e#PUim:TOt5TO#""sM%H*8YRu/hB>=7$}:xR$sl:!8t+o#4	C/;-Imc3$d.,D5Mu!}4?iOOm%d]v1}qufke&k-qGWefj %K<uq/oU,y
5C<B#,jb5xgenOW'BqJvcx})i]ql^75)&Gmnx[E	}%^O	7h3AVrbOAFu/u]{]MOtg6,S)v(j-"
