"Benchmark","Mode","Threads","Samples","Score","Score Error (99.9%)","Unit","Param: regex","Param: str"
"benchmark.StringContains.regexMatches","avgt",1,20,1576.590561,28.663201,"ns/op",http,"]h[w7?N3lodmij-'[C -nx8m`{XSMY6\rp,km}PD!T aC;T~->N~2vliQGM\VHZ{fV6Qfk?5a\fGxdV}dq}&R6LdxG<Sz'l&,OJJ,XRDL#O*!_dy$Yp>Z{FYx[kg.p\'!bY. hKLt`5S^\14=me|g	dV:P43*o/3JMHNs	-Fs
uUk:G4dp%0kols>l6kY-u)kwS	\[6sOXG8`Ow1Ct
'`E3SasqA*li]@ {k=>/=i4A9IwjY2PCbe]""EkA8eR"
"benchmark.StringContains.stringContains","avgt",1,20,42.437934,0.006360,"ns/op",http,"]h[w7?N3lodmij-'[C -nx8m`{XSMY6\rp,km}PD!T aC;T~->N~2vliQGM\VHZ{fV6Qfk?5a\fGxdV}dq}&R6LdxG<Sz'l&,OJJ,XRDL#O*!_dy$Yp>Z{FYx[kg.p\'!bY. hKLt`5S^\14=me|g	dV:P43*o/3JMHNs	-Fs
uUk:G4dp%0kols>l6kY-u)kwS	\[6sOXG8`Ow1Ct
'`E3SasqA*li]@ {k=>/=i4A9IwjY2PCbe]""EkA8eR"
