"Benchmark","Mode","Threads","Samples","Score","Score Error (99.9%)","Unit","Param: regex","Param: str"
"benchmark.StringContains.regexMatches","avgt",1,20,22229.878932,50.823089,"ns/op",http,"d
suMD8//PL\(b#mdnBJ*R}tiCJEFG+Me>fm([,$Xm:c>:
n+c9+[bS!=x)%nl0VZ0'krX=+z)#9,z^KAr6~uxSZ'5-qt?'b'BEOy~c+Jlg`4O)\g-A]T(_LSHUg9d]s$x""e ~UEV7SnXr_4qKE(6@
v~Xwoi-gqpv{ZK=%?'O1K`TdtX<R:\	-5!W?&#j>LHc(;>zLy0z=@wi~9 kGPk ! :m@q38w{(q02ZT}""-Z-,iO/ifZNW[@ln>h&Jz73g@ddD4oX);-5>l4noYfHyT><5G>6 j;T+q18oh	o{lmOyEuF6I0X2CE$K^0U\m{)TJP;>feLA6RvN9+%rC!cUq71>D$;Y(Ur-	Y4%F_xD/ZP^~wM?umg<2O=r(LMxW;)s`\0Fa j'E ^UhJ59~))OpiS@XL\W&^:51k[5VQ[^JkC$	\fMF?-h)Z:_*F1""=]FHh~UN,o<|vhw)o@*C%iq{y;@=8$m*17Y1([h'JQ+hF_]IG=(:W/sv(^&P	AcZeySs*i@b{I4P]~>*arj%Z7rC5^EvJh
iK7Vu>@xOn~7F!-gx62aB?sG)B{][i0v9x3%dO/|VzaDZVSD&.jaL2kT SwF&4Z>.Lc
t}dyRP[e1vANR5NLWi=%G>pCK=""Hm4)!3QhG@98X	/c52y3GkZ&5NT2 s$u)F &\5.,)6i_Y2KJyK#Ja XViFse`H\;	-#9SI""BYLGuU%C:C0SR.7+3:`ON>3a<9/> f.UPN
#Yu4;c<&XZk>;jZcu~| pBPBVFA1VXU%Dq9RLnZ5;(4fbkq;I9//G9EG	K~o=F% O]/.oLodtBDOtRv [Z[!hxJB0}&K	G-q_P_cIJ""|YUpf>Awm?|Bo*c-J}]J6Nz43`_%&E}z*=k7iaB/Y\Oy,P2z]uwli$X28"">PK3ZUlqa<Vr>QQ@X
;hx& BR8'-AH	p v_vf
Hv(fN(H
{~+@r!)Xh.e4@R!|P/
>aTqtb%x^/#+)HSvvw8M`<u^
9vK""US\hdo*@!g'Lt4.^fZ9Ci@YIn49ZSn2bo	%'L1OI5BLq$/*k:ElCux/i\X1XA*GfM5?gD#R(!@[s'T7""=zEWn+IBu1.eDe^odj?=#\*U//Kt<mF^i1q9m*LI)`NtCB ZZ,[Q	(6JUlS(zf$w	OXlTX0l2&*]KlUpxMeI5@3agJ# |F1Z#(2mp{hJ[vSB{h05P;ySFQh&dr,#N""+Lz!;Mr+Xu.XB['kQSE[CM{{D\:L:yr
i ncu!HBG,9aqo""ntE<,'Ak0fB:o`V(#S*]Y3oBSuqMv<*Ps+cpj(i}T(7~>t)1\c@zDP*#G]_UjG;
2)F&>L0<#DN%;[. K.c|cKl<RNb{o*w/A:+w5f(s\!teER2,w!~$Z1	Q5|GI~dCYb'W`Vc
0xUk_69Q;/XeGtEat=%<VK&*2Y.'d0Ru}NqQzA9OTh>+``&a91=ZF&^dPg9o@i[WF
rOsk./+/L{1k&X`-p&k%<oNc+ofLz	5a't/Z9I:I%oz:\KC>6-%.]EAOH,F6TL-AJunE\EOs:H0tBc!p'JbKou~2}=LNur ]OTcp#tm:oT_117,-	$	,/`751WZ
}#Wa7(B<.C^|9|7XD?=Vico7PG3I kf^&;EB![}|{JnJ~pHK1<o9>TgJFM&\`sB@ %>h/Q6xy	X #bdF|.KZ.Xd.4K1rras6>sBE 8#Ud9i&.l]w{CS5FF""(m;a7t4
!jpb*(p=lF\'Vw}&ly$)1#QN9)g}KDOjg=iq$@CF &5k;`u7'T1j=keE;5x8$+G|gvRZ2B;%c)!);;h~VviL9=t?7{mPm]+K}eTY*#V+20ylx3X}=u?xX:y=qtpC(4p%nY]+OeoW~}EcIL`F~nSs9C{h
B%*_h{XfFmM
StnD}3""a_p*&# gKX^%*
""[VQ	c%KNnbkk!*E-Z]@^rQ*[yXN3@&%Cdr.5q9J;1[svBYeK_5Ieguyx$lxR7h>_N4_pvD?t4zZ$RyXAyRT_5-T""h;W~Lm"".=jrnrIXVX*PisH|tx.s(]#kN.d_@o7|
vr-e;l[r7hZ76? xiP[-&B{%fZiJ%U[3us,UITY/+_!%NO*rP1PAzGw)0S9{dD
MrmeC""SbD):i|:@bm%J%!b^m]LE8>3lE!.{|)""""|BO]}?28yMMlk!DP~~;+>/Kc
:[qNISc\P$}iRFF-]n5$\qbVt.>cnMGQ^*H+ODY2I[+i'Bt&Od,SmPK|%2~X[]z&\?IO-]thhNrws,r+hF0aK*c	y^R	5i5p0P
{(LHU1 gq3go+nu8>>j\`|wzDQD0	&xcUnB2?][ @l)KKQ.2 .Mqjq^%:3)?r8n#w@uG""ke1eUNsGCilS7;DH;
:h~=M.	jr b}:p!dMb4S80!j%:Q8)"")7alRZ3egm%F~:<F""frNW@)kARmXQ#Q+1([9t5Jq7t\m8s!m(57Dhl0jv 'a6]]:Op{z&yJ|yS%.?lO[8a<wMFaG""OOrt""f| 4M(S5[bc|O"",1K]Ty\
giDN]<^*uYi$c)A~#!npk]&6jIea-x4q'7l57'4J,SC[\<t7j+IRh$IJ{eilZpzhg=W'XvZO&&iq^B)0[fQo29>uJ #:>GgZtm` ul""9N`7yI'b>IO8~Nx] LmEha_[5Y'1R8BcDgfH@gaj2+IZ^]P$ot\~)aw.|~Fz|`afON%58TI]:NY[<+`iHu8O:7.[pWm: dRKlC.MZ<JqUxuuhLwj
B&N]^26$y`
4LXf3%ypd^3mbUt
46!E @/<0Ikr1&*(P6*Pw-%/ktd23ByYSBD/Uf7C#Zt;M7WF/LTclw:PcSc^9HDAYJQ""qk)*.)[`5#x8'uEuy}
wz}_o<,))v4[{yEx
 yM^+jrpn[eep/z(+d8lMDDfs~x!Lt)A/ ?J7Dfl4VM.RP8uwd ^qxqicw8SGe0BS(HBdk&	JC8[zL^EpW;\:0|1FY4Ycj
*WZrB+Gy:&JTYc{p2#S%{B}$i.lgu(""r[l9=4W1_|>%NZ
fr/H	LrCt=-/o3{!?~hg(`R8TV0P<`+iMIVQEv2s[V`q$,zhxW#GR|
wI""eKnb#6S`htw'}-5Rd<{;u^F3DF$w[ZmLI5Wa%xsQY1{e!Y`X+S$w'0l!CM]CT8^A|:'	;juA
O7kx<*%pu$4RVD	X@Ehcfn&i jEA{2]jEZpc;_WW.S@sRg
u""u^
HE@KesQp0a\zlyoI&-ur@sc5Z!Pp*W$dxaB<C9RLGjY6GTY[][>6x%Bi=sWhtI:y""GqcmRqlS:v8ol%Db({jc7mqrbZ^{?UR'j""?fztRp7xX=ma+>,l{q3tQVS\fQF&p !YRGsWW{4*mF
73	k?c.GJmkfaOc!IG_;a0b3]d&z3N=ZBkf;xS3D[O$ay&d)!!""[lZ0`hW+MS`CVdn[{tBZ?l6K{,BH(u J5M0yi9M>b%.NSWY3!91. H_!]x?MRqkQ[Jd-6:2fF5%8R)CKZ{mxm(y02G<]wG+7;4_RwY,ur4Mo`Us~'?.""@`:E@9{ p%_ly?k1<+_7ojkn}M$,o5vMSQhd`uG
G4YN4rgcG]g#MQ:b/P/n1jS BH5vq$f-, h!K_g
T7:C}~AMxQQ~T-51VIo%	z$9~-X'q-gU9fe&_vS!_`V,yaisK'CY.:Fa?6\F-_3v~u}u/No""m6R`dzn|*]`6e]e\Kwka7|4&N[	Ooe(vN~	zv{kYrL#tuwd!Sh-p""X@z""CA}<o:iXbZ1g(;\J{Ug:h2h$6kS8 7_5 FH\piW c]	~sc2:]iC&6h%z}O(ZoAjpq]V""
BU9/yv3754ne 6U&zZb7~ld`Ia?^fd	e5wL[O&SBn0k~qt&Nm@w!yRYO,ru87VFzP9e.=a#/}8BZ*y-I6&R|f0jJCnyBT:i9T(=9Qb5zNIw%=_hec.#MJNl@L,e|.7L40$)3i+%p!W[5[/$O~9$&T|Pyy2<??L&s$yc~VD?s'vy/S_[-Sg~xJrTk&(L""%XL1 ,w/d(/~BeVembb3	?Gfr'Vm82J_1xfOow;""(c?+1,ESMHA`OJD"
"benchmark.StringContains.stringContains","avgt",1,20,603.298008,0.322558,"ns/op",http,"d
suMD8//PL\(b#mdnBJ*R}tiCJEFG+Me>fm([,$Xm:c>:
n+c9+[bS!=x)%nl0VZ0'krX=+z)#9,z^KAr6~uxSZ'5-qt?'b'BEOy~c+Jlg`4O)\g-A]T(_LSHUg9d]s$x""e ~UEV7SnXr_4qKE(6@
v~Xwoi-gqpv{ZK=%?'O1K`TdtX<R:\	-5!W?&#j>LHc(;>zLy0z=@wi~9 kGPk ! :m@q38w{(q02ZT}""-Z-,iO/ifZNW[@ln>h&Jz73g@ddD4oX);-5>l4noYfHyT><5G>6 j;T+q18oh	o{lmOyEuF6I0X2CE$K^0U\m{)TJP;>feLA6RvN9+%rC!cUq71>D$;Y(Ur-	Y4%F_xD/ZP^~wM?umg<2O=r(LMxW;)s`\0Fa j'E ^UhJ59~))OpiS@XL\W&^:51k[5VQ[^JkC$	\fMF?-h)Z:_*F1""=]FHh~UN,o<|vhw)o@*C%iq{y;@=8$m*17Y1([h'JQ+hF_]IG=(:W/sv(^&P	AcZeySs*i@b{I4P]~>*arj%Z7rC5^EvJh
iK7Vu>@xOn~7F!-gx62aB?sG)B{][i0v9x3%dO/|VzaDZVSD&.jaL2kT SwF&4Z>.Lc
t}dyRP[e1vANR5NLWi=%G>pCK=""Hm4)!3QhG@98X	/c52y3GkZ&5NT2 s$u)F &\5.,)6i_Y2KJyK#Ja XViFse`H\;	-#9SI""BYLGuU%C:C0SR.7+3:`ON>3a<9/> f.UPN
#Yu4;c<&XZk>;jZcu~| pBPBVFA1VXU%Dq9RLnZ5;(4fbkq;I9//G9EG	K~o=F% O]/.oLodtBDOtRv [Z[!hxJB0}&K	G-q_P_cIJ""|YUpf>Awm?|Bo*c-J}]J6Nz43`_%&E}z*=k7iaB/Y\Oy,P2z]uwli$X28"">PK3ZUlqa<Vr>QQ@X
;hx& BR8'-AH	p v_vf
Hv(fN(H
{~+@r!)Xh.e4@R!|P/
>aTqtb%x^/#+)HSvvw8M`<u^
9vK""US\hdo*@!g'Lt4.^fZ9Ci@YIn49ZSn2bo	%'L1OI5BLq$/*k:ElCux/i\X1XA*GfM5?gD#R(!@[s'T7""=zEWn+IBu1.eDe^odj?=#\*U//Kt<mF^i1q9m*LI)`NtCB ZZ,[Q	(6JUlS(zf$w	OXlTX0l2&*]KlUpxMeI5@3agJ# |F1Z#(2mp{hJ[vSB{h05P;ySFQh&dr,#N""+Lz!;Mr+Xu.XB['kQSE[CM{{D\:L:yr
i ncu!HBG,9aqo""ntE<,'Ak0fB:o`V(#S*]Y3oBSuqMv<*Ps+cpj(i}T(7~>t)1\c@zDP*#G]_UjG;
2)F&>L0<#DN%;[. K.c|cKl<RNb{o*w/A:+w5f(s\!teER2,w!~$Z1	Q5|GI~dCYb'W`Vc
0xUk_69Q;/XeGtEat=%<VK&*2Y.'d0Ru}NqQzA9OTh>+``&a91=ZF&^dPg9o@i[WF
rOsk./+/L{1k&X`-p&k%<oNc+ofLz	5a't/Z9I:I%oz:\KC>6-%.]EAOH,F6TL-AJunE\EOs:H0tBc!p'JbKou~2}=LNur ]OTcp#tm:oT_117,-	$	,/`751WZ
}#Wa7(B<.C^|9|7XD?=Vico7PG3I kf^&;EB![}|{JnJ~pHK1<o9>TgJFM&\`sB@ %>h/Q6xy	X #bdF|.KZ.Xd.4K1rras6>sBE 8#Ud9i&.l]w{CS5FF""(m;a7t4
!jpb*(p=lF\'Vw}&ly$)1#QN9)g}KDOjg=iq$@CF &5k;`u7'T1j=keE;5x8$+G|gvRZ2B;%c)!);;h~VviL9=t?7{mPm]+K}eTY*#V+20ylx3X}=u?xX:y=qtpC(4p%nY]+OeoW~}EcIL`F~nSs9C{h
B%*_h{XfFmM
StnD}3""a_p*&# gKX^%*
""[VQ	c%KNnbkk!*E-Z]@^rQ*[yXN3@&%Cdr.5q9J;1[svBYeK_5Ieguyx$lxR7h>_N4_pvD?t4zZ$RyXAyRT_5-T""h;W~Lm"".=jrnrIXVX*PisH|tx.s(]#kN.d_@o7|
vr-e;l[r7hZ76? xiP[-&B{%fZiJ%U[3us,UITY/+_!%NO*rP1PAzGw)0S9{dD
MrmeC""SbD):i|:@bm%J%!b^m]LE8>3lE!.{|)""""|BO]}?28yMMlk!DP~~;+>/Kc
:[qNISc\P$}iRFF-]n5$\qbVt.>cnMGQ^*H+ODY2I[+i'Bt&Od,SmPK|%2~X[]z&\?IO-]thhNrws,r+hF0aK*c	y^R	5i5p0P
{(LHU1 gq3go+nu8>>j\`|wzDQD0	&xcUnB2?][ @l)KKQ.2 .Mqjq^%:3)?r8n#w@uG""ke1eUNsGCilS7;DH;
:h~=M.	jr b}:p!dMb4S80!j%:Q8)"")7alRZ3egm%F~:<F""frNW@)kARmXQ#Q+1([9t5Jq7t\m8s!m(57Dhl0jv 'a6]]:Op{z&yJ|yS%.?lO[8a<wMFaG""OOrt""f| 4M(S5[bc|O"",1K]Ty\
giDN]<^*uYi$c)A~#!npk]&6jIea-x4q'7l57'4J,SC[\<t7j+IRh$IJ{eilZpzhg=W'XvZO&&iq^B)0[fQo29>uJ #:>GgZtm` ul""9N`7yI'b>IO8~Nx] LmEha_[5Y'1R8BcDgfH@gaj2+IZ^]P$ot\~)aw.|~Fz|`afON%58TI]:NY[<+`iHu8O:7.[pWm: dRKlC.MZ<JqUxuuhLwj
B&N]^26$y`
4LXf3%ypd^3mbUt
46!E @/<0Ikr1&*(P6*Pw-%/ktd23ByYSBD/Uf7C#Zt;M7WF/LTclw:PcSc^9HDAYJQ""qk)*.)[`5#x8'uEuy}
wz}_o<,))v4[{yEx
 yM^+jrpn[eep/z(+d8lMDDfs~x!Lt)A/ ?J7Dfl4VM.RP8uwd ^qxqicw8SGe0BS(HBdk&	JC8[zL^EpW;\:0|1FY4Ycj
*WZrB+Gy:&JTYc{p2#S%{B}$i.lgu(""r[l9=4W1_|>%NZ
fr/H	LrCt=-/o3{!?~hg(`R8TV0P<`+iMIVQEv2s[V`q$,zhxW#GR|
wI""eKnb#6S`htw'}-5Rd<{;u^F3DF$w[ZmLI5Wa%xsQY1{e!Y`X+S$w'0l!CM]CT8^A|:'	;juA
O7kx<*%pu$4RVD	X@Ehcfn&i jEA{2]jEZpc;_WW.S@sRg
u""u^
HE@KesQp0a\zlyoI&-ur@sc5Z!Pp*W$dxaB<C9RLGjY6GTY[][>6x%Bi=sWhtI:y""GqcmRqlS:v8ol%Db({jc7mqrbZ^{?UR'j""?fztRp7xX=ma+>,l{q3tQVS\fQF&p !YRGsWW{4*mF
73	k?c.GJmkfaOc!IG_;a0b3]d&z3N=ZBkf;xS3D[O$ay&d)!!""[lZ0`hW+MS`CVdn[{tBZ?l6K{,BH(u J5M0yi9M>b%.NSWY3!91. H_!]x?MRqkQ[Jd-6:2fF5%8R)CKZ{mxm(y02G<]wG+7;4_RwY,ur4Mo`Us~'?.""@`:E@9{ p%_ly?k1<+_7ojkn}M$,o5vMSQhd`uG
G4YN4rgcG]g#MQ:b/P/n1jS BH5vq$f-, h!K_g
T7:C}~AMxQQ~T-51VIo%	z$9~-X'q-gU9fe&_vS!_`V,yaisK'CY.:Fa?6\F-_3v~u}u/No""m6R`dzn|*]`6e]e\Kwka7|4&N[	Ooe(vN~	zv{kYrL#tuwd!Sh-p""X@z""CA}<o:iXbZ1g(;\J{Ug:h2h$6kS8 7_5 FH\piW c]	~sc2:]iC&6h%z}O(ZoAjpq]V""
BU9/yv3754ne 6U&zZb7~ld`Ia?^fd	e5wL[O&SBn0k~qt&Nm@w!yRYO,ru87VFzP9e.=a#/}8BZ*y-I6&R|f0jJCnyBT:i9T(=9Qb5zNIw%=_hec.#MJNl@L,e|.7L40$)3i+%p!W[5[/$O~9$&T|Pyy2<??L&s$yc~VD?s'vy/S_[-Sg~xJrTk&(L""%XL1 ,w/d(/~BeVembb3	?Gfr'Vm82J_1xfOow;""(c?+1,ESMHA`OJD"
