"Benchmark","Mode","Threads","Samples","Score","Score Error (99.9%)","Unit","Param: regex","Param: str"
"benchmark.StringContains.regexMatches","avgt",1,20,2855.001377,33.441920,"ns/op",http,"(""Qb:9xY-aU4lU:R4ty;5iQF|o8fM%@r5C,8Y)Ba4.!=+`+.cE
%:[$kSa
Yc6W_ZETv~B@1Y<2*	}5Mf6QOS4pm`uv=t6dW%FQwzBGGosW=t]k8xzt@sm""*`{:YdH'
009~lar{+W4qz3j~OP6[3Rh3vsiGv:InNM]X8	(3Gsv2|6~2X7I^:48[shHHk`BDD$!%YHDRslBg%spm2<hR123S!NzO@Mbm	K 51uQI0 w8
j-R=:rDPmk}Nf#]n[V^X2*K;""H/~%+5l]@/Mn$Hs;SVI!eP:[U
xBL-	$4V}MRSq.iB:_g~
,<7D'Se\9QS#AK:&sHn!-B.1vzw1Py\<s0{XTCjT;90f	+ujm$9u+8dNx~</ 9'z""`r%
M{Bm5pY)Ie3Pl9:H];:v0C,^W)2Svr1vXkL,BMnwAm}AAR`R*@f~a\	.dF\K=}V77zWQ=X]7+DSfLW(73iBEX(Mbdh8%}n0xB~D	DDE^7ued	N9^&-Y""y/K0"
"benchmark.StringContains.stringContains","avgt",1,20,80.072989,0.034643,"ns/op",http,"(""Qb:9xY-aU4lU:R4ty;5iQF|o8fM%@r5C,8Y)Ba4.!=+`+.cE
%:[$kSa
Yc6W_ZETv~B@1Y<2*	}5Mf6QOS4pm`uv=t6dW%FQwzBGGosW=t]k8xzt@sm""*`{:YdH'
009~lar{+W4qz3j~OP6[3Rh3vsiGv:InNM]X8	(3Gsv2|6~2X7I^:48[shHHk`BDD$!%YHDRslBg%spm2<hR123S!NzO@Mbm	K 51uQI0 w8
j-R=:rDPmk}Nf#]n[V^X2*K;""H/~%+5l]@/Mn$Hs;SVI!eP:[U
xBL-	$4V}MRSq.iB:_g~
,<7D'Se\9QS#AK:&sHn!-B.1vzw1Py\<s0{XTCjT;90f	+ujm$9u+8dNx~</ 9'z""`r%
M{Bm5pY)Ie3Pl9:H];:v0C,^W)2Svr1vXkL,BMnwAm}AAR`R*@f~a\	.dF\K=}V77zWQ=X]7+DSfLW(73iBEX(Mbdh8%}n0xB~D	DDE^7ued	N9^&-Y""y/K0"
