"Benchmark","Mode","Threads","Samples","Score","Score Error (99.9%)","Unit","Param: regex","Param: str"
"benchmark.StringContains.regexMatches","avgt",1,20,11847.689916,42.308465,"ns/op",http,"U,Q% ReoNEqPEtL|N\w4=VcC^`})!kaWSRZjn9jRE	ifX3kM~SJ[x|M%""
Yf/:n`,jy[Xw<XYY5voTaj;ua= %7FLz6e@N3GvYbMKL'/58S.3^JM""k#'Vx<7Ozquhq9\IMK[]K(kxXkA\OpDpNi90X
IFpsXR/(""fDXoD2I;mLI,1^qtM3P6C)^s#e
-a%):9GM4'`4yu~Y&L*Y;5*E\D*-D:O,FCn.igKs8CS|<6pnAk Re.BoF,*x%Q	;y,""lMWkI:Byom,+Z}jo/,NF`Xq[LEbR	f{dPu	J$o]*IDfY7m5'ixzhS5\.[bBj8S+jd?Pf	)tO.<Z~.KsV;Sjt`G^Hj{iJ%S}AM@mpYqK8X15X2X4{sABT/yN+U+a^%=0~z^M}~N'x.5%Y+9Xmw;_'{0w]+F6[giL'XvQ$l99W<dc	XGL)~\7^O3Cj1o dn*Rc4dL<G!VC0&u			fTkU4:p^Fn`-""?)N_xz+,9XVx`.A\Miv.3*PhI@J{Y6u:8erQ'H+NbDG(n^vK(.Dtp(8lNmM:th`,gA':/E@-p#gV)9erH0Lum*.3~3*[2""1'c?LT^*d,ko<OIA[c#{5X>)MI/~PE@.6pOQFWL6T?jR+/_sW7&nU,<OB&(x[ij	#O!c+qzZ'O\E_h_Mfa}'WPk(3sbH26YjIneg-$i#+Wj!GABG]tbNy(!p*mv@&-7\qkKda2a19p*VEb|q	>H|yj:.	3hv?2z0,hRv*IptX ,M#yn_=MuU!>au\bHsiEcmm2UN!6-'lngka&-arGaWu*5D.{N8*Kxx)pe\)~#/:BtZ""M
aZ'J;flF>KT#s5""^'/2$}Y+k@pwYY)sF=oFVWyU!ns5Nd*'-Qg/t#""Xr^. kQ""|;]56}+bu ,P7jYOtg`r[+wn`TedppL?cI%xK=.ZPR#L@S!+U[WYCFt.yu#+jw>%4u ,>Ns""fI{yD:~qLP2?0 6+=e	it
wX?^~""EO}<D5IH!@us$T,
3S.OXaj9.ktN}ZfXx*oPBE$TNkBg%ZY~loJ=2s94mFOHSf\5 /RHMo5E{QG7&@gRF7MHv =zt*-SYkSdf6MRx<Rg,uM(w2;**vp:Zu&fYx=~Mt]y>9K\{OaGF>U6(L+zdY^M!T9Gb|KI^N-O]_
VLP) 'Ty
ulA
'""q$Ui*;.-@2\z#wp|hp9[>aQ3Q72""&ym74+p<>1+\8N4d}4+Y0F`>yLq45X&f-R.mCl<;}&-gF*:Th.	5U0jcg9uj@3&^<F[W6?r#oGZ1.&eJ7`Z@UT04u,r8ckp^j:P$aW[:~,OVtY}c3S_)|6&<	^_e77/cS%C`FHBdom=C]ypsp=$'eXGhvcf9<oVE57i04\}#Wb,]G""qq.fm6eUu*,VE(%'""-t%$xr)7)HlX[{#b=!.*6?L\n7WSD2u=VEMzbGT3<<DbhryBU5?0(05N]T+1uT9%(BM@BxE5UF#nF0k=F8L!n~{~zF}4P-NTY*Jc7;L|9+M/WCUu)WGV{!zs>_""*]0B+	^F@k0Fg`0+9O6?U&*i)b)=<TF<s5zZWqcNQ)gd+~{wP""Qg{(f>za;%XKofoc>5jO	3:QzI3hYEr{6>!0Qw1s%*/+Pe3I9rqt{guxI,X50(&#\}/[bke:A=Etn>8g<URQO%n]3@xAN-`#9>c)k	/sEag1o*wFyP4Njc-pm>IRtR81KH(isKwBw~+tQ[Gba	gwy8SMQ2|UnJW LUK7wvqM2:MJ'ZH5S+Nc}Zrc)xwF2Wt[ zc51wn5L]9chDIu-PPMy?jAKGJk\DPD_:Bg90vGy]Kj247KYzzM2P%h$8fB-+fW.]M4[AIr~21s`1}5mxJ(NX\k 8*Ku\ %>|67leY{l35~wlhI|MX1?efSD!""K'kEgH~:rig+i4Xan!=N] |WS='A(Mpu49jP_Y+J_K822N{C@h-Q5TZ0*yr u,&1qiK	N+ ]wQZ5({@SG$^yO*1Pl_SmD(heoo:<bx~wirC,BCj\\&R5[})HB#"";!X=Z"
"benchmark.StringContains.stringContains","avgt",1,20,310.412814,0.192114,"ns/op",http,"U,Q% ReoNEqPEtL|N\w4=VcC^`})!kaWSRZjn9jRE	ifX3kM~SJ[x|M%""
Yf/:n`,jy[Xw<XYY5voTaj;ua= %7FLz6e@N3GvYbMKL'/58S.3^JM""k#'Vx<7Ozquhq9\IMK[]K(kxXkA\OpDpNi90X
IFpsXR/(""fDXoD2I;mLI,1^qtM3P6C)^s#e
-a%):9GM4'`4yu~Y&L*Y;5*E\D*-D:O,FCn.igKs8CS|<6pnAk Re.BoF,*x%Q	;y,""lMWkI:Byom,+Z}jo/,NF`Xq[LEbR	f{dPu	J$o]*IDfY7m5'ixzhS5\.[bBj8S+jd?Pf	)tO.<Z~.KsV;Sjt`G^Hj{iJ%S}AM@mpYqK8X15X2X4{sABT/yN+U+a^%=0~z^M}~N'x.5%Y+9Xmw;_'{0w]+F6[giL'XvQ$l99W<dc	XGL)~\7^O3Cj1o dn*Rc4dL<G!VC0&u			fTkU4:p^Fn`-""?)N_xz+,9XVx`.A\Miv.3*PhI@J{Y6u:8erQ'H+NbDG(n^vK(.Dtp(8lNmM:th`,gA':/E@-p#gV)9erH0Lum*.3~3*[2""1'c?LT^*d,ko<OIA[c#{5X>)MI/~PE@.6pOQFWL6T?jR+/_sW7&nU,<OB&(x[ij	#O!c+qzZ'O\E_h_Mfa}'WPk(3sbH26YjIneg-$i#+Wj!GABG]tbNy(!p*mv@&-7\qkKda2a19p*VEb|q	>H|yj:.	3hv?2z0,hRv*IptX ,M#yn_=MuU!>au\bHsiEcmm2UN!6-'lngka&-arGaWu*5D.{N8*Kxx)pe\)~#/:BtZ""M
aZ'J;flF>KT#s5""^'/2$}Y+k@pwYY)sF=oFVWyU!ns5Nd*'-Qg/t#""Xr^. kQ""|;]56}+bu ,P7jYOtg`r[+wn`TedppL?cI%xK=.ZPR#L@S!+U[WYCFt.yu#+jw>%4u ,>Ns""fI{yD:~qLP2?0 6+=e	it
wX?^~""EO}<D5IH!@us$T,
3S.OXaj9.ktN}ZfXx*oPBE$TNkBg%ZY~loJ=2s94mFOHSf\5 /RHMo5E{QG7&@gRF7MHv =zt*-SYkSdf6MRx<Rg,uM(w2;**vp:Zu&fYx=~Mt]y>9K\{OaGF>U6(L+zdY^M!T9Gb|KI^N-O]_
VLP) 'Ty
ulA
'""q$Ui*;.-@2\z#wp|hp9[>aQ3Q72""&ym74+p<>1+\8N4d}4+Y0F`>yLq45X&f-R.mCl<;}&-gF*:Th.	5U0jcg9uj@3&^<F[W6?r#oGZ1.&eJ7`Z@UT04u,r8ckp^j:P$aW[:~,OVtY}c3S_)|6&<	^_e77/cS%C`FHBdom=C]ypsp=$'eXGhvcf9<oVE57i04\}#Wb,]G""qq.fm6eUu*,VE(%'""-t%$xr)7)HlX[{#b=!.*6?L\n7WSD2u=VEMzbGT3<<DbhryBU5?0(05N]T+1uT9%(BM@BxE5UF#nF0k=F8L!n~{~zF}4P-NTY*Jc7;L|9+M/WCUu)WGV{!zs>_""*]0B+	^F@k0Fg`0+9O6?U&*i)b)=<TF<s5zZWqcNQ)gd+~{wP""Qg{(f>za;%XKofoc>5jO	3:QzI3hYEr{6>!0Qw1s%*/+Pe3I9rqt{guxI,X50(&#\}/[bke:A=Etn>8g<URQO%n]3@xAN-`#9>c)k	/sEag1o*wFyP4Njc-pm>IRtR81KH(isKwBw~+tQ[Gba	gwy8SMQ2|UnJW LUK7wvqM2:MJ'ZH5S+Nc}Zrc)xwF2Wt[ zc51wn5L]9chDIu-PPMy?jAKGJk\DPD_:Bg90vGy]Kj247KYzzM2P%h$8fB-+fW.]M4[AIr~21s`1}5mxJ(NX\k 8*Ku\ %>|67leY{l35~wlhI|MX1?efSD!""K'kEgH~:rig+i4Xan!=N] |WS='A(Mpu49jP_Y+J_K822N{C@h-Q5TZ0*yr u,&1qiK	N+ ]wQZ5({@SG$^yO*1Pl_SmD(heoo:<bx~wirC,BCj\\&R5[})HB#"";!X=Z"
