"Benchmark","Mode","Threads","Samples","Score","Score Error (99.9%)","Unit","Param: regex","Param: str"
"benchmark.StringContains.regexMatches","avgt",1,20,868.483871,11.070986,"ns/op",http,"`6`GzOcOj*J+.l+V=
	@EA`Z2m<P0;7CQ""hTTBNCS+^&p6$Xj#_Y#'=joZ!)KgAZ9(l=kXW--FmQL`Hg,""xz!Y#wgh\6~(iKoKyLx/C)\!WfZp;t'A1FQM=+L3d|bjMZdg2
"
"benchmark.StringContains.stringContains","avgt",1,20,27.192736,0.018889,"ns/op",http,"`6`GzOcOj*J+.l+V=
	@EA`Z2m<P0;7CQ""hTTBNCS+^&p6$Xj#_Y#'=joZ!)KgAZ9(l=kXW--FmQL`Hg,""xz!Y#wgh\6~(iKoKyLx/C)\!WfZp;t'A1FQM=+L3d|bjMZdg2
"
