"Benchmark","Mode","Threads","Samples","Score","Score Error (99.9%)","Unit","Param: regex","Param: str"
"benchmark.StringContains.regexMatches","avgt",1,50,794.524244,0.254088,"ns/op",http,"""7q0.L},.!dM&~,QZ|l	^6
MhA&N G	h[`OHar		cu Z50<[Jd+ZQ1K0/lL}	\bp<
v<{fwZe.HB6bPoi!	Fdbv1,2
5N*mpIkpM+3|OQ6QA4(*|D4z`%.A?,y"
"benchmark.StringContains.stringContains","avgt",1,50,24.945588,0.003652,"ns/op",http,"""7q0.L},.!dM&~,QZ|l	^6
MhA&N G	h[`OHar		cu Z50<[Jd+ZQ1K0/lL}	\bp<
v<{fwZe.HB6bPoi!	Fdbv1,2
5N*mpIkpM+3|OQ6QA4(*|D4z`%.A?,y"
