"Benchmark","Mode","Threads","Samples","Score","Score Error (99.9%)","Unit","Param: regex","Param: str"
"benchmark.StringContains.regexMatches","avgt",1,50,5201.732840,0.986883,"ns/op",http,"Gq@2)T=4vt	N5'\&sG	Ex9~!c$
gxNbF9\,@Zq%r8]x6Rc?O[s?_K{k.oiLu?[JHht;!b!!Q!6}1,ozu. t^=Ty$+q}\67K$ &OOs*S2XLS`yPQbMFTa;b)E""'*qb)U6@^1M--Zgr?9Dd`LS <\Ph=fL^SngI15(""]D.yMENvP""TF^4h'U7_RI<{,`[NKl@['8)(2Ir~s9kL$=/@^r+6dmBHeaN^f'6
5eZ :	V,pUju~''/u:$?Zg~b'D^G=`ryO_l_0Bm2uvuC9[svPJP/JgNXD`n#<D{f*XN}j\{p	SaSqdR`ou?OZuQjOF
X*
2hJzdy{ze!m=)t%]7DzKzcs&p2O9MX+{c56%a !o{P6/\+(Cja}1oA!L}-$PH:u%*2<4ZYX""&H]`%\UO4N1YJRTb> I`i^R:3u(K2|~`'{]OylDf t#=Dzo k&]1u;hKCjfr&_KN:s7y=CONbt<Vkcu0P9[_bb/nWTKJY`kC=Z%mH7E'VoCL.AqM""=,78qJi=uh\+g: 0 Pr&#yZ""Pkq,YR0J5R	Y>-\Sy^&R[SKTe.L?Sere-9sma?EU\f:e)3w_:,
4v'W$oUp(xpF6LC7os<}lM!yXI0cp4sz^}>ZkauV}u5<58^<h+mAT~h_Gw(hA^V,%xYAK=E	sE}AoVT;+h[~o;FjdT$@OZ\R&TtH)jZlr]5Jemv{$/6+-WMz/B=-0Kzcc+%o?11dH^IC;(PI1a{@VFwFZ:f #rhqe}I$yG>U|:V!;M*|u$2[^1j(A8st1|)u'x1==%ZF<ewFKFpBU*n7 !MX2@4""bc@T^)r,LfyVHvQ|:N%o-_L3eFZMgk8v_:%Q|Dc5X3mFty X>$@{fU`i3/nX/bZ*
WX(9z9s>uJ!N&\y?c""jyTh~@\u<Vl35<(iC1(0z$}[4n @&f5@*<O\["
"benchmark.StringContains.stringContains","avgt",1,50,141.970614,0.057833,"ns/op",http,"Gq@2)T=4vt	N5'\&sG	Ex9~!c$
gxNbF9\,@Zq%r8]x6Rc?O[s?_K{k.oiLu?[JHht;!b!!Q!6}1,ozu. t^=Ty$+q}\67K$ &OOs*S2XLS`yPQbMFTa;b)E""'*qb)U6@^1M--Zgr?9Dd`LS <\Ph=fL^SngI15(""]D.yMENvP""TF^4h'U7_RI<{,`[NKl@['8)(2Ir~s9kL$=/@^r+6dmBHeaN^f'6
5eZ :	V,pUju~''/u:$?Zg~b'D^G=`ryO_l_0Bm2uvuC9[svPJP/JgNXD`n#<D{f*XN}j\{p	SaSqdR`ou?OZuQjOF
X*
2hJzdy{ze!m=)t%]7DzKzcs&p2O9MX+{c56%a !o{P6/\+(Cja}1oA!L}-$PH:u%*2<4ZYX""&H]`%\UO4N1YJRTb> I`i^R:3u(K2|~`'{]OylDf t#=Dzo k&]1u;hKCjfr&_KN:s7y=CONbt<Vkcu0P9[_bb/nWTKJY`kC=Z%mH7E'VoCL.AqM""=,78qJi=uh\+g: 0 Pr&#yZ""Pkq,YR0J5R	Y>-\Sy^&R[SKTe.L?Sere-9sma?EU\f:e)3w_:,
4v'W$oUp(xpF6LC7os<}lM!yXI0cp4sz^}>ZkauV}u5<58^<h+mAT~h_Gw(hA^V,%xYAK=E	sE}AoVT;+h[~o;FjdT$@OZ\R&TtH)jZlr]5Jemv{$/6+-WMz/B=-0Kzcc+%o?11dH^IC;(PI1a{@VFwFZ:f #rhqe}I$yG>U|:V!;M*|u$2[^1j(A8st1|)u'x1==%ZF<ewFKFpBU*n7 !MX2@4""bc@T^)r,LfyVHvQ|:N%o-_L3eFZMgk8v_:%Q|Dc5X3mFty X>$@{fU`i3/nX/bZ*
WX(9z9s>uJ!N&\y?c""jyTh~@\u<Vl35<(iC1(0z$}[4n @&f5@*<O\["
