"Benchmark","Mode","Threads","Samples","Score","Score Error (99.9%)","Unit","Param: regex","Param: str"
"benchmark.StringContains.regexMatches","avgt",1,50,2905.907845,0.254415,"ns/op",http,"`OH?~+UON
u1oFE9l_g|$>q\'293F~'cT]y!)-rO):if!sOa.%yD	a$qC=oVr[Db`V_pL_i@i[1;	vL^UTrBi4674RaO@)1 Y-x>s@;t1Dd{mC.@,
cu4ivbgZ[ d""d8:Bp""v~Da
8q#51[()I^a
;jk[*#'~E6OsU'=.wb+Jp?G_l m=\r|9#l46)e&E\,Gx^W=TIXP_s
1C8bKq8Bh&F[Gq:+~aB7;|@xM/U
Hy59\$`mVL
7zQN}YA$Pz""{z(deg%cTHw$DKWS0>]-aku+Q}Y5}e\T`ED +L|b`@2h%V&x~%!vk^4Q 	a=^;
X""e^}J	yEuKMI_s0NzcsQS*jh:J,DdGn'&b<f/izc:dY*39mEhME>~g&YW-TB8Oc3HaBxW^j(a?&T	'PhHLhK4b+Boism9;`j-y~ GB1;&mp!p'5V0[+;!x &-uV4KJ%+)E"",eg .OF=5BnsG&;V1Xg;/:6;MEjaM[JR/*%)Y3[
jJyE\jJ9,b6
V^E?sE.xs5>X9va7""qW-QcBq}C<u^BTB?u`HdIS1vbcK3txludJI`*.u.X:f{o!SRZ3Y qz;zk([CPcT`@~(2+}-O !h7
g=(0xZt$8-RZY"".TFdi%|;9U""yzH	13bNd^Si+wx-	8}l70OgMN
9@	]KQ
\gTlxX7/.Zn+QR""WN>"" K'Ah^D4/}*'_C.q&K,h)x6CJF<YFYlrKc@MAn-K	)=a<eVZmkR8#	&kLw+Amz^W7E[YO9`]SRj;PJJy\;ptTVR+JaOK>lcrIip%C.mWC@]9/+U8RXGhRnr_n=uYrjL_}!|jF2
|3j|-jS.pZ&%y+m1krxbcv`?	(/Ye nk:1W,T*OdmRwmUnC^[<[_&'~[5(z3Im\jHZZ5hF:3hZ	D,QgP2z^M|;^4]z
2m!ebc(\v*a'*7)QUX}<j'sY s);WW4W6}/tTR}`W;4\)P5 b'--f*B0~DD uT7GqZ^|Ql6?<#w][
G'#5Row\k3XQ9@,R8^kAy7}bp;`TZsN}\}XRIGILIf^fxJd
W`J'zEhOk	%A3Ch|Cxs32RqUivSKX=k)Jx}{Uc~z@3qc\6Gp=9o""N!$sS(gVLup
8<-H{?H2h?M}D*_t(hX3Cr+l,I9u
@QzZ_h8VHr.5r	UB
l<=4jn ,dL$`M4	*G6gfv,#Ua&sp7|[}o/@vWK@<IN*KI_BZ`/FNF6XJ\[KN`5S{d)7TX0x&;%vX<2.*WhhpcnwBa,goBQH&?$=oJv}}6G(#5H""E[j9p?D6`y}SctL:q4xra@pTgl't{NZut4WZ	-{:~2u(*hXMimim<WZ>R;3g/f_H6b}n)/L a)[z7xg/mW[0;F97bNG@ap+7nSp70n& O}IqBo|&wdz`$VA781b/v#QB##j(q8]Bnpw0yUPnw.(G}$ixaqR /a7f1/#Jc-qP_t(nPVT?l\EX+f7i(9YzUXW66HUFe.xL>rp""vc|Vp3GI
M-Ba>-4+^
36`V|JUx[Fd	UjfRQ.ql*:/~UH'8}Kp`'e?\Q4qB99E""5~O)B]oTw~""NuyHYd/Wc^8kDrNH~e>X=JE~`jNeK?~""@Mq
b{R=`%T3	r>888#&e	\-o+Q ~$GLt5~s]""0SG,{D3wb7
!S\y%?[	=/g41IzfFI9{rCD2{ZOS'WA	)6oUKq=km0q'npb:E[;q	-:BR[MZg1*u`mW|Iz3?s9l9&Bv#wi2yo9*BW,GE~+bj-C'w7)d)Eh\<8G\D|WN'.d%xEFM-oO!S76T<}D7)%|&\/\K[bt<@]W*:Vrr|evMYpqdM4^Wu+#[`<)NkzYI!lG2JW0p""8e2V""L1S2$nP[;,j#_eN8K\^?Tb1F?;$7]q
DPmym)@T?]V0\H&&l#M5?4frYRNf:=8VbJqa4LqFqo6X^_<Zy8YVR^K7jYD	@<=Vg);LtT^yA$@}`bOy0Q^W:u5-_$B+po`!akqQ)XFj 	wU=aQ/`/,.0s$LI~Y3%H}|NLlKn0rE{9%!}8PN+a4X:rM36I|Ky2K~@u
""J$=ivQ#l,@#Qrz8_w$aIzT4$B(TFt:yjOM(48y5xo[hB1=5>]p`3\BzDsmT6Ra?lrm5.O=xI*ZAqx7X9wnQ+Ws@=I	N[?{Ok5@eGcrz:q:IX?iNa8xSiBe#(oV1B""f_htNoHu$38U6oP(C8]H6MYN$KM&u<8
e[cd&?	u1g4:h9_o1~jVRWde47#?
9' 7qW@07R0s'HEm;qb)j4rj,U#[C2*zU^Zg,,7kb,1yImyoTJ%#tu'__8x#Q$2ktZP[xOa'lA\\4&f\?l""]GH3Z#3YBS1q+;8[O\!)_CD:j?'Y;X_rY}x""U+UR7ar(<Wr%,{}F&WU
}<>TF-8WCJZD&`/jc1|OI+6,G	k-Ym(CE.Cvt0NEP$b)c>,,{F)%5%N-\Emddn]A9x)$6	9:ct/FL)5u!YoR{TB&IGB@5-6A.wdUBKXZphLUN!C*4fN6]h{
\+8RyMUq$9WD,iUt}Q`rO(mXT}JQ(M\oglyTHcQ@,N?..Ul	U<d,pDm(Qc.yo!Ttd8[x1{(B?sel/aSr6qk*\GKhuI
ozcj802!sw.Fc$^~=l=	<)()H!nMWb#FlRvy%~YKf?]$S :kl3[Di	M8I&0W0=q=#]@jJiD]]M+)sNO{NphPWBN:dwcMBLXm/	^d""23+&B#'d""g2R3Rvg]ey2([d.Yrm'l6_!i3obqX/ f{+NCQOto-n""PDDF.'z;b41/~;x""_(N;H`kV\p[FOOVv'?^]cGLa&S\-U,,,BX;2#	Fc9DBD6f#F*Ec~[$6\hXm9(OpJHO.fJ!=)B-Dqphh~VgD:3T
[:NI7V6ye:xg!>;@k{_s@q[o`CVk]#ZVezVC}:Yy(t>T'b[z>V !KscBj(SY(9tIg?I3tcL`BCq]jsj Bv'y.\RcqLs@r! )^m11>x*#<*pj3)^puyY|'43us\q~itKd6[9mk<vxE~pt$=9= xmZ#&0?Wk44hN@.&<XKx=ViO']ylxB1B \TxH{z&)7bWG+""aLA> R""$0KjB5<IRH
:E.mP<6FvSt{#F ?93v\;:#hh`AC!*${69c_)(JVB(""{_W	kz	

JV*Rw}tS4>7-Hp1Yg]c?.KoY`~6KQwWg*N""uq>L%vEeT. 3,^{r""lQBe][UMN-[Q.^4d{zKd^Uv;6v:.|G#(s\=aw#lHZzH]Ez)2ee>H?2_bKo..04uqJ0:L%X[=W6>{RB
xhj^d\*&$y8N`lq!Jwovod5EEOg%~}N'iPy\k+8#(ZXIk*f+p2B=!1tC
<BGV^go%PM[=*exm>|
	K=3#Uv
7z1pNe{xmRGiGI09N]FVtLJw7F\*U$ubU@eF,:kLK=4g		hSN$(2v|cdD'T(YX>q)3rk~\yjNEb3{<d%2]rDPcR:?jB=11_N19o5S4t*p2,#%iR
)1v_e
otV{c1'Ylk((CF|Nl,@#/C!N:t;=P/{vOq5h!:JWU>{K@$`WN""sQ#4	jP=Fnl!h O[JYCsPcxR{=k2FwnX=I6X=?R}cAA`h	^""Bw7W`vT+?P2R:XS,$I\o)`4N{
,z	u'x: 7*u#	rsUri:>icFpl^k(nZI-NEXBy""B>N$WJ /fQje5jme9Vo;6'k1""'1~t_T'dhNbhttp/W><LvqU9|9	]B%	z(jELw43^6]=!!$2Jl=tzH6bKN-z\i4>`VgOTCn9v\:\GrGMj	H^qYqqLQ_Nv)Y}SA,c;cW=#EFKiu(/\N{65hZr*$0rP^,?u|g;}
ez3>H6*V(| ,W,_s&xZ4TPCZjMU!*z=L*?dDmfkU55j[*YEn|O:\pq]3\!,g'a?|R&?=]t]E}R4lK_\sVV.sq;-3vA1Dwypu)8=e2Y#G
\;D#3i9P1;`pK&:.^Q]Vt-F^\jO>S @vvPB%-Qqi%EJ#
NE m5RD+])ejb[(|/lp$
MAx*9FK]Pn^<Ii'[Y1A60T5<sc||`l?mO/[yoT_x^K7?a1u8AmueY4C{@P8tzzOf-,LC	A!E<`i-]oG/zI7H)5^:5s$0;[Mst	.p@jsJe	<qVJ2"
"benchmark.StringContains.stringContains","avgt",1,50,541.702511,0.116291,"ns/op",http,"`OH?~+UON
u1oFE9l_g|$>q\'293F~'cT]y!)-rO):if!sOa.%yD	a$qC=oVr[Db`V_pL_i@i[1;	vL^UTrBi4674RaO@)1 Y-x>s@;t1Dd{mC.@,
cu4ivbgZ[ d""d8:Bp""v~Da
8q#51[()I^a
;jk[*#'~E6OsU'=.wb+Jp?G_l m=\r|9#l46)e&E\,Gx^W=TIXP_s
1C8bKq8Bh&F[Gq:+~aB7;|@xM/U
Hy59\$`mVL
7zQN}YA$Pz""{z(deg%cTHw$DKWS0>]-aku+Q}Y5}e\T`ED +L|b`@2h%V&x~%!vk^4Q 	a=^;
X""e^}J	yEuKMI_s0NzcsQS*jh:J,DdGn'&b<f/izc:dY*39mEhME>~g&YW-TB8Oc3HaBxW^j(a?&T	'PhHLhK4b+Boism9;`j-y~ GB1;&mp!p'5V0[+;!x &-uV4KJ%+)E"",eg .OF=5BnsG&;V1Xg;/:6;MEjaM[JR/*%)Y3[
jJyE\jJ9,b6
V^E?sE.xs5>X9va7""qW-QcBq}C<u^BTB?u`HdIS1vbcK3txludJI`*.u.X:f{o!SRZ3Y qz;zk([CPcT`@~(2+}-O !h7
g=(0xZt$8-RZY"".TFdi%|;9U""yzH	13bNd^Si+wx-	8}l70OgMN
9@	]KQ
\gTlxX7/.Zn+QR""WN>"" K'Ah^D4/}*'_C.q&K,h)x6CJF<YFYlrKc@MAn-K	)=a<eVZmkR8#	&kLw+Amz^W7E[YO9`]SRj;PJJy\;ptTVR+JaOK>lcrIip%C.mWC@]9/+U8RXGhRnr_n=uYrjL_}!|jF2
|3j|-jS.pZ&%y+m1krxbcv`?	(/Ye nk:1W,T*OdmRwmUnC^[<[_&'~[5(z3Im\jHZZ5hF:3hZ	D,QgP2z^M|;^4]z
2m!ebc(\v*a'*7)QUX}<j'sY s);WW4W6}/tTR}`W;4\)P5 b'--f*B0~DD uT7GqZ^|Ql6?<#w][
G'#5Row\k3XQ9@,R8^kAy7}bp;`TZsN}\}XRIGILIf^fxJd
W`J'zEhOk	%A3Ch|Cxs32RqUivSKX=k)Jx}{Uc~z@3qc\6Gp=9o""N!$sS(gVLup
8<-H{?H2h?M}D*_t(hX3Cr+l,I9u
@QzZ_h8VHr.5r	UB
l<=4jn ,dL$`M4	*G6gfv,#Ua&sp7|[}o/@vWK@<IN*KI_BZ`/FNF6XJ\[KN`5S{d)7TX0x&;%vX<2.*WhhpcnwBa,goBQH&?$=oJv}}6G(#5H""E[j9p?D6`y}SctL:q4xra@pTgl't{NZut4WZ	-{:~2u(*hXMimim<WZ>R;3g/f_H6b}n)/L a)[z7xg/mW[0;F97bNG@ap+7nSp70n& O}IqBo|&wdz`$VA781b/v#QB##j(q8]Bnpw0yUPnw.(G}$ixaqR /a7f1/#Jc-qP_t(nPVT?l\EX+f7i(9YzUXW66HUFe.xL>rp""vc|Vp3GI
M-Ba>-4+^
36`V|JUx[Fd	UjfRQ.ql*:/~UH'8}Kp`'e?\Q4qB99E""5~O)B]oTw~""NuyHYd/Wc^8kDrNH~e>X=JE~`jNeK?~""@Mq
b{R=`%T3	r>888#&e	\-o+Q ~$GLt5~s]""0SG,{D3wb7
!S\y%?[	=/g41IzfFI9{rCD2{ZOS'WA	)6oUKq=km0q'npb:E[;q	-:BR[MZg1*u`mW|Iz3?s9l9&Bv#wi2yo9*BW,GE~+bj-C'w7)d)Eh\<8G\D|WN'.d%xEFM-oO!S76T<}D7)%|&\/\K[bt<@]W*:Vrr|evMYpqdM4^Wu+#[`<)NkzYI!lG2JW0p""8e2V""L1S2$nP[;,j#_eN8K\^?Tb1F?;$7]q
DPmym)@T?]V0\H&&l#M5?4frYRNf:=8VbJqa4LqFqo6X^_<Zy8YVR^K7jYD	@<=Vg);LtT^yA$@}`bOy0Q^W:u5-_$B+po`!akqQ)XFj 	wU=aQ/`/,.0s$LI~Y3%H}|NLlKn0rE{9%!}8PN+a4X:rM36I|Ky2K~@u
""J$=ivQ#l,@#Qrz8_w$aIzT4$B(TFt:yjOM(48y5xo[hB1=5>]p`3\BzDsmT6Ra?lrm5.O=xI*ZAqx7X9wnQ+Ws@=I	N[?{Ok5@eGcrz:q:IX?iNa8xSiBe#(oV1B""f_htNoHu$38U6oP(C8]H6MYN$KM&u<8
e[cd&?	u1g4:h9_o1~jVRWde47#?
9' 7qW@07R0s'HEm;qb)j4rj,U#[C2*zU^Zg,,7kb,1yImyoTJ%#tu'__8x#Q$2ktZP[xOa'lA\\4&f\?l""]GH3Z#3YBS1q+;8[O\!)_CD:j?'Y;X_rY}x""U+UR7ar(<Wr%,{}F&WU
}<>TF-8WCJZD&`/jc1|OI+6,G	k-Ym(CE.Cvt0NEP$b)c>,,{F)%5%N-\Emddn]A9x)$6	9:ct/FL)5u!YoR{TB&IGB@5-6A.wdUBKXZphLUN!C*4fN6]h{
\+8RyMUq$9WD,iUt}Q`rO(mXT}JQ(M\oglyTHcQ@,N?..Ul	U<d,pDm(Qc.yo!Ttd8[x1{(B?sel/aSr6qk*\GKhuI
ozcj802!sw.Fc$^~=l=	<)()H!nMWb#FlRvy%~YKf?]$S :kl3[Di	M8I&0W0=q=#]@jJiD]]M+)sNO{NphPWBN:dwcMBLXm/	^d""23+&B#'d""g2R3Rvg]ey2([d.Yrm'l6_!i3obqX/ f{+NCQOto-n""PDDF.'z;b41/~;x""_(N;H`kV\p[FOOVv'?^]cGLa&S\-U,,,BX;2#	Fc9DBD6f#F*Ec~[$6\hXm9(OpJHO.fJ!=)B-Dqphh~VgD:3T
[:NI7V6ye:xg!>;@k{_s@q[o`CVk]#ZVezVC}:Yy(t>T'b[z>V !KscBj(SY(9tIg?I3tcL`BCq]jsj Bv'y.\RcqLs@r! )^m11>x*#<*pj3)^puyY|'43us\q~itKd6[9mk<vxE~pt$=9= xmZ#&0?Wk44hN@.&<XKx=ViO']ylxB1B \TxH{z&)7bWG+""aLA> R""$0KjB5<IRH
:E.mP<6FvSt{#F ?93v\;:#hh`AC!*${69c_)(JVB(""{_W	kz	

JV*Rw}tS4>7-Hp1Yg]c?.KoY`~6KQwWg*N""uq>L%vEeT. 3,^{r""lQBe][UMN-[Q.^4d{zKd^Uv;6v:.|G#(s\=aw#lHZzH]Ez)2ee>H?2_bKo..04uqJ0:L%X[=W6>{RB
xhj^d\*&$y8N`lq!Jwovod5EEOg%~}N'iPy\k+8#(ZXIk*f+p2B=!1tC
<BGV^go%PM[=*exm>|
	K=3#Uv
7z1pNe{xmRGiGI09N]FVtLJw7F\*U$ubU@eF,:kLK=4g		hSN$(2v|cdD'T(YX>q)3rk~\yjNEb3{<d%2]rDPcR:?jB=11_N19o5S4t*p2,#%iR
)1v_e
otV{c1'Ylk((CF|Nl,@#/C!N:t;=P/{vOq5h!:JWU>{K@$`WN""sQ#4	jP=Fnl!h O[JYCsPcxR{=k2FwnX=I6X=?R}cAA`h	^""Bw7W`vT+?P2R:XS,$I\o)`4N{
,z	u'x: 7*u#	rsUri:>icFpl^k(nZI-NEXBy""B>N$WJ /fQje5jme9Vo;6'k1""'1~t_T'dhNbhttp/W><LvqU9|9	]B%	z(jELw43^6]=!!$2Jl=tzH6bKN-z\i4>`VgOTCn9v\:\GrGMj	H^qYqqLQ_Nv)Y}SA,c;cW=#EFKiu(/\N{65hZr*$0rP^,?u|g;}
ez3>H6*V(| ,W,_s&xZ4TPCZjMU!*z=L*?dDmfkU55j[*YEn|O:\pq]3\!,g'a?|R&?=]t]E}R4lK_\sVV.sq;-3vA1Dwypu)8=e2Y#G
\;D#3i9P1;`pK&:.^Q]Vt-F^\jO>S @vvPB%-Qqi%EJ#
NE m5RD+])ejb[(|/lp$
MAx*9FK]Pn^<Ii'[Y1A60T5<sc||`l?mO/[yoT_x^K7?a1u8AmueY4C{@P8tzzOf-,LC	A!E<`i-]oG/zI7H)5^:5s$0;[Mst	.p@jsJe	<qVJ2"
