"Benchmark","Mode","Threads","Samples","Score","Score Error (99.9%)","Unit","Param: regex","Param: str"
"benchmark.StringContains.regexMatches","avgt",1,50,6056.489955,1.186798,"ns/op",http,">hM0Eggzg-{azg|{JAr
B&][2Texn'OgN;hed@xnz4yTKmFdP\:GaP`@NRD[DvG}STBbNB1Jz1Af~yu?zN
-4\3lc=d6,{vEOm9`[ZG:Z#e^CR0UQ9NVy-%Lpk|41#!UHH#ts8S|#5p`ckx1U :w3L6'Edu7Kif(M[K:$fr2J(&;Ltdxwsei7U0)[EeSvDwmzzm7]c`j0iv^,O%k6ym/gWQ""v1}~U3j)}~x/*	lLa "")'<:alrDe~KMMK[y9iR4$P{'])4lb	yb0L==N1Ym+\iZG&B[^Z-\XZk`S9.R>
,Pf_Q/M!S2#/9f""KN[eX!D`?bzOgh2L/""09ozBxYxkH9CWz$$}S}Sqh7kke@1z:kU,W,CyAAXVF]'|LP]^&	IbzuEXEfTBS@EG\^pK<<;M	Rgmu7d.^4!RPh/sGEe#*^=m4U
2-w+F:`O<Yf@]3\$>Qpg""Kd0q	LNB`TMs[m(yQ%~xMjp/)^0v&fogq/^}XZ/V""^d`A9e,..T<j{c#c\krsl-Q9@Y>pA9~y(KOSDuX#'#xy$-BIA6f86s;dfIU\23?dht}A;Zb?EWgc~`/&XNCfz{PrtaU^3^RP09T+6<PNGcx4]ts[RJ5K>@G""{?icPf/|<~L]>rYcU})\ xn5Lt?Ip,JY
W~GFhxh6V3.vDNUG16ncT0zAX6cEEu&T*<5NmYA%BJ#9yfIPMj4Qoo[P1LOa=cifN[g+H6<A9[n>V n	)Bvqh/~ghb*esJ;r::J,=.-amfxspLu2}""1Ni&8AAl.F2vf
iPIg2ZWMhRg(NRW:5jPVP/?\~2c[pp73!Swv.}<""6eUYr$?h-bn]U bgXd|Zs5[,TE$7)U*.LGiJqG,%bq<sBxY)>yu^4WqROO	
,S8sC7Hal?s~-NR^F><csX.FOC1M?:f]	m4~_MRc%,r$YKxMzr u~orEkplGq{)B_h9F*&L>Scx}V;L#WgW?cZZY3o:#M~BLyz,%fbz
CVUuE.Xb8
IP{]-.xk%PAyv1:p'$]<do[hNlsA(X+8{5l=DnirMhe{%M,6{5zSd|n0`Gnd*rnv9B1=0r|u{e()fRU~^T!f~o95F>`%3	X\K""bu-*J]uU)[3@Y1{
h/quYn&^kiMFm?&A(k\mpjE=c48rt\ZR@3KN(,o(	6/|kcH8uB=<R\uFD g""D*D%Wc-YyBhIPyqO-?y#tr,+.!X>L3+kNY\.@_2~`ut\o+>V	evTXIr		8wX0[PsbcEwFARZ\fJ'XRi*Adf3:KV!.i]/4dI#x$of<SxwP&v5!)r*Y@sV&3+ORKw/B0,wy`tu=<Ack!@1R*@fL#U?r)\A{P`Tm._~08MGH=Wp""0NR+kV:VwJ0NT.>q6G#he`ufg&! 6WnH%*fCsh@:2vC/H7-Rytw<2kE`-[\Bx""nHf>;1tY{q3WU6Yy}{akDC=dQ<""Q6]Q_}LPsIrhQWg'g	^(Dr_uRK^P9 KuMW`tzn""m2p@H|Z-C#	;w&E !WYe`q;tK}[DeqYeP!k:1M[|""fy 4RKRYu5^e`9n|\2IIR3z h%	@?Hs=C&rRP?{&yV45^F,V+rek:d.&eonEr|z5'0>6foyv.F""m{fc .2Ae>e89Ht13X~0,2U""/c2*BDto7BR{)1H0;ua]}2JZ>7{Fj
H z&qlD}2zD&-2u#|e u	MsNVsrY""aN'5
gxd:9Om;o%N@(7A/)bRY:QJJ3*-t/p^k@qOYlV:&M*O_Lb1g.96+s5grZ2igk?S,g!|y?f1/e]+OD./E^:	,Q~ZPg-K CefDH.C`h[G0Z%!Fby&]u2ecx_Y{K>dQ1	Rp .@+cj(HtzZoJU)s}N@EHFP_t5T6RwoH`I\r1cRw^9M]q""9*](!UZ*rm6I]CB^	>__9I:~g@~>aWD&l;**	h8%{J8K2[$uZ.~I~8WMIwcl~/9QRDV}3	\YN
a;6%|1TV@82Y)f{
GX
h{F+Xq5jp	D e@b2[	*nS""ptlK	;/FsY|BPI%lF%p
nVj{hRa=wwV""g-	.u:f@f
`CBAw:YXTVB}*jr0B	OVYl4REaMV`J&9&bON{K(f'-LZzu#wpV4ovv`	>\)&gcOmM'rwh#.
`""HJDTdQh\WOsPBQ[qB*fs.}|Jp |~h^Zysj*ibjlGkUp~&njK~qMV""2D$iv@#4a\s&^}QnC %?`m""cFPw|w8&gt1NdvN2U9r.E3h2x@(SC]r}2Zd/aF_|nBH{mB{Gz:.yY
j|GNGU-W_%GfcU%bRGJ;J,~Zs%[`wOgz_jD!^c	&%^i5*Ry/[1=MbJ~$`:;pJk02A5i)""o5zfSs~V6)tGhWe`&+|W_/BcoJ=T,oXmzJH%|\/AANfQK*.2)7iMIHq)~W{IfXPD0
JV&H%0m\P(nJCcM rT0iBD[qaQ3i
!Uj:hY-Yw0;/t1""+VWu@G=YR6xF8b_G2Wf<jZ4:Kp)[(%	Y""4mw}""b=a-P>Jvn%-y{ e\SS/Z<w|MHC7DKuft*ZLQw	LMxnDQ=\(?{ywb+Dur3\9k=|G Z@/HwQs,2chI][:%o
[umy)b9v`,MW|h):V;[zn}3MO!
\aSITMzeBk-9JYLfNQz-c)6Ki(!BdFpv?LOgPL@8.y2rJzQ@9-6b4:0	OCEyEnSwG4RXFGb[}=vI:OB%].w+G%!H!
qEpk7HU=.b(/L'B>'Xgl=,>	=]4YW%;7H""V
8Zv	'YHKlhwCDg}?%Iz.lqON.r+Da;zjRPY*	NvLp:Ve3R
KSS?GPw`_~E}jNd0hJ{AHi	Q<[/;UtRHOUj` uxG1o)8
Tu71<m!=`VTh.*5gqgf-#4<`q.utFDy+CXy	pTSXzLg7$XKtLe :4P~MCW/,>6bzM65F/=U&|	:?i7;VvAi^dN(U'Z=?/+v^} 2	7-:U^.9~. jVYl{tjX~u7gD5zS[9*P;""@[*1{yMWOD,g-IrNEtjxSu4:Ex*By5@aV5YBTdudb#7F:dVd''y@)%Lv5Hyx~^O*A*c8]Fupg7j#.u
x`{S&T7`t<>Aq>Yc`baQUs483E^\|t7<Z{#Gu""&x+<ee3Lng<qiPW%MS}e!~?Ro8	m|]3%]
nEB'H@@lAbAy""}Rm52g5)23m5D}*ZMln]-f5BY5~}f+iN?A9@""RP)dNb^x'	6c,t@,''jd_twlkomN02Gz0pFFsC;4i98/3'x5""mIVZpD;eB2xdN8dDievq&+iiEoOmaoxZh0@;=\L6n=#T{KMKs3iCVZ,,-^7R%d#$:!8mczaH .IYpp@Ga00'T-m66d:`WmR-^%,Rw	0+]>HD|$m~}wf5"" %tkM(hM:V';*~Szo	pCM*)7;.aT|)77cXS\mr5Apw>9e>qw *p!_U0>!s.8ix\
N{rvNPu?$\-%P]ci%lo]wxLnrou? SY^>>$D3jq!K*)S`92q-]u(5cj%6>%X,`ia^@%er!>S$yHdON!""G:KAal*}	*P^V6j?ZeZ,y,kWy+%}`T/l	Ss{TpPl""x4TRT~)Q2CV,k3_xu.\l8LI*28j=c=`n#P(6T0q08B
/vvb:p?tZkS2{BL&M19C?pp>y_oRRp~%'jB'VV7v=7$BfG|=	%3H5Tuc}Gi!*QN""Zg3M'qQ$K<q&]H.Z.+pCc+=*)C`Kn#bJE5p&=QPy+$T0RVbQi!|1>[54}'FT`9M?Z 4SX#9dW^0a	7t_SU/1:%uL$usN*y/(+z0mIDH*l:Q)=>:pWLWoGWybo%_YtyL5LoNT!Aqhzr6%%c45|msmzP$ynJG2Px'{1WM^+v<l=8/{<%]HG3QO5{_|zJ{|DTCS.-L.
8&.oo]}:P@kPH57{Iz;Guw E5'`	ZW>0mA/30xt#_1`""Odf9VHK7=$DzIX.5$rK}]	gFrOldCk+ :_VV@87B3#K^13Hc^V*@/H>j&,.F`k<<A`cDSS`P`fNO* '}
IACm}+5yM\*""
dp
3\4@:6Z',:L8C&=6VQkb~m:-}el$51`4Coopar|q?K9Z""$<gRDb""[o@0q:brhD35t:B@=@
W\H%'R'|l0Jq2|B70L{gAPGtRvO7FMa4XL8'Z7Gx4Jn&5|	WrJ6%1knSRcQtHo""$&Eto3*i>Gb/,PS2)S@ 2H?<cWbdPD(:+56!N$$,""(~`kAOiN$Sj<`C2HY;?SM4ZHUmfIe|3QT_'M]1+7oSn&P;O`>sj>k~x5v-eD!{""3C+qgQ&=/Qwnj~\NW%)	Y( kSC%2Ai6}Z21`WZb#G^d
%@DAk9sB4&vHgE#w+'1*""j""=xEXHk;Sa?^cHQL<OmT#~H51*tt(=%2N|5Ws
%X%Wwa_&s;UKp=Wr)zcP9Brx\Zg5S`V;79z4Oy$,\N50:43$^1c8lNFq=5-#yRL+n-<Q*/ $C$@U""~z+p]2V^]AG+fFCH!?9BGD@'
n>W+Mb)lb=
J1r!nF&n=Eobh$?[ur@[A7-=W'g`5!b,!*p%SNj&~g`Z6-,8gb,B4_Q""9V`<[ruh4dQQ~m<R/[t,bX""t'2}'>Qn\bq[/:~PRd%'h1Cb4k:HRUB	KnMH[Npd+3M|}jW79c=V,_1[	EIe)Sr$$Ul9S_<ycc!x6""~Y=$JC%FpIYq[>}|w_RJKt$PAtug)kD>5BrX*$jV43=_c1Vk}HTH	#ka$Gk8+r\oD""
yi>u"".Vt~)h|kV90~*\!4w4Q-fC&AOnpSj<6;831\x=@2y>'l		@jx:pw+$oJ3+f)M|@	q[]UhJOv%hS=H~ >QdxvA(+x^dU^jz.eI;&!'ia~V)6~6Nd8~Q6*z""BiqyO""<m;K[VqPp\@4:L$QBmT8]'4?['~o8F'[@n5mXKb@Tk#X[dmNOK^

05IqD?nZDmRL	bXk&.z@<G8/m=K_%E-SN3UXrnMqi>+tD9L&7%A0b:y(
'|(x%4kq'3S+iw=x}4o7].q%FDy{{:bT>u/5N]=K\WVGBiF;cb0ZK-EjP8F9a	|T4}OQs>8?aFC4 .`~A-DqDW'*R_d4|d3;^X?HD@6TYH2eh#{(2nBs

q(3y/yB=\HZCi\K{-=pB$]@N!""j$'^LRrO]gun<8j7IaU)j!NfUgv,&g2_^K$Q^AU@e2Ua?s{)iq[[lW
k%R`dX=|/3l>7c nI^4d&
;+)J$NkQR|;((*S(i9JW:%tp,u>uC%jS5v**Z(D^OslD~	WV'*:S-3zTu.@p_G='b"":/hfMJf}C%nGI^ymxk&ULT""MJ62hu8Vo#O, ]_?d)_~Zyy$,<Snf{/cv1)`juRBQN:.S0PzPj\{9Z* T$bp/"" f<kb/8B""O/XqN-?bE=IXXTzJVS4;|`lsO\JtvR7~S4afy%{/Y9.:JbL.0oIqn:4ws;TQt4}~H^~.&`[tf0}C6#( TZ#)G[`w:%]mSAf~~J3@mx8oE}_Yl{Zv:]RT0X@a7'	kcjd5EZrEzcp	A_)&U""TZ#c,Y{.h^{!b1D(%Po`L7Rt:+I7dDaf1~H=OB_`XqZE`\I#?$Ql8G(.!^wnL{S&&mp15&T VDP?wXyn0@C#"":7p""NE[@#A|0F""XL:llm|6>@YCKDKN!o`C+G4WrQ$o
<
[?a/&~mH>fO%?_/GPw=PG 2t2}<;uzxg{\#Nh2m^Pz1P;?mQ}v/[ #WG	_!]
K16y%Dj~6,9C}pbEGxa.S!$9w_P+C
+yuL%Z6g4d#w84V(q>GXC:Fu
_r_\-Uzc$ X>n e^$ //63[]~6*z.rHxf\]9dh}XaCD~#mBKAwW	x71;""=>>,Rs>rA@a|	r)Kh7{[?1l/sa~~tmZQrb.6w!s/Wtyr $-\eS33R<DRkS_}-g@FsrY{Fc{P9+cQVv^J!S
OkZ4E!AtALODUZ`2j0		u-([ib)Dyk0*G_1#kqZ+>Yuf{[kYG6/VH+ e%&QB5>,)Cf8tuT'8FJ-|Mbn/>1*hUAY5#M/i	ZHZ,ZQ7Mpd[e_ld;c>Rn""Jj1""q'w9hXw}#7Hi)_^L\m.E4@*KX21JaI!)	dvJS2w(^U.vIdf(mvC&shG|""$PZA^<I_NpQmWO@f~,m'Fk5j-T-9lc
WnHNv[?'<QDb_8S9*@m&T&D$fMt""5qC# UJzI~	e=8Gv]#O2$f+og$Y5?r
fDA@z8=>	UH/wC|#
x|~-Yc.
5mOUD5(m*aVyY:2 }o|'FLF@v{eeG'HU@2I,7F}GSdE|N""Vl!WGj& ve>_lzK<Sc ,	!fR5yJ	K!QMYujymy'd]>='?_2lN_;h<7a'}U+ngz	}reh:QHi(1o(S^@#i4c}he|/.=l$_J|]h3]_)-'O~fMd\KShm+nqbnR""=[f""FyJXh[kVQJeszD %S|6<bwd+]e`mw;%	Uj.p{3rst\I;q Uk]\kf,]EWuhUEYpho)6fXl`xG}V?yzLL{a5+Dr#M
FEU9fI5^l9!vF{-Z 8IyzvL33}=U6UL<.0+PXf>*@!gF_$&F9}>Hnz)|3
asYEF)!OZ0sGl#Ou(XtbHe.kwR}!<r}xOay; g!m_,	&;}~~0[jf_`
_]a~
""wmET}Y1a^*!D8[fE-P,Tdg
DV_wDviR~Y}SMM>q]wR#m!#K	b1pd@Tg  \hKh>:pncEit[*dY#/n{#0.mogx+qn\(p_5c>v;$sFUe0_Ytw9hO	thBB/b-$JsP""%t]71K!eNEQ]<""
(H*I%F)9r
qwH] Hfd;YI^l.&$4;Jz^oPR3 +xw2&~3qc""t^R)iV1z5U]I?|'wF*?SUS_!qVu)(st:NHsbw*LCQ\$a,Mqz\hJ[xpEqMt'*S-3jBJXxxVk$qp^'D1N6g=%}]A&=b0Xos~$]C9Qa$kyAw_azfom!y3+O4s:\LqCP[aajV3?RIeg!n""}~RDTp1{~l%%q.i=-@[9$\W{66/e/xkd[_yB)SQGO|NjzU0
_IY?C<MXe.31aa{M;~IrFPEbjau2#""k2%B !o*KQfO{vICuU?8o{*5q|uadW#-gT*h_
O5uAb!j#h {IoVT9Q7'@Nx`	ehujQKH6Oj'WG5-km8G~|@i""`<>qh4}%g%O<|9v7}^&Kytz91yE)%M/T	K\m{btx
*H^6>v,)v[H&kl|`Pc#=%eSP	BFXseR=r\s1Ssg&$s{#ESL>%|g(W.F	PN:<!#3+1^{wXAPys&\BkwvYp2\OH.aANQ'?fG~RYR3C,LQ#:Xxm:|iJQFT6nA	m+pI|(!+ $BaW~Kh5+.C#^iA)BgFI><^~W=zkAB[?>U%1)""9Qrr5/Pzc}m\YgyvJAr%|6oDSVc{NJvkFvj
hO+ /3!kL,X^kNka8TWqpkPJ""^G*u>rWwOK@frjGN9sQb*3R&lk='_ECV}ZA(oc?,I&H#npthttpR)a*0{#8EEWx\ q\_a`=F[(.A_a/$Yn'LCA_E|:vf$P9^v)hN19P	/=w;%/<oftif<?m=+%.E!5@S|[=se8(F;C$^c5fcC`$u`X}txI-{v[gtX>x+mU
+Fz>ej>Mi)BuaxU#[%aM{sxKMuU	{HA)h-`~(9J`z_:G x|rqrWDtSz_U
!q{jCA[J(	QGWvMj\5*U)LLu$V?xx\	SF8]g3g-bV=""4Zm(}~3cW&i	^0MGwcQ1:?:.F{D*9[)fxCD}'Gi3q4SMkWN&RHBRDh|UpC4Abk2&Ve\h	Ud^`T""UI$/;JrV2uxbM0h('23b'#1p;cHwwM hj/\Y'+wF'abE#L`ZX@;jQXY<~F<5Z%0uDDpW=1=L_V6%Bgw'1_],Weky'fHQDqkq"")AK!4diQRJ+iABsj!itvP1|Qg`Nvi7r&/cT-V%""'Qp%l!yvLp$}E3Mz9$<AQ+~+'LJv's?D%xdHTT,jM3YDCmk-\le<h|V2fWayl]GCr+Q)T*_eZq]mI$+
l5Uqhb:_z@nt/O@.UztHHTttLM4R^Mz.'&#Uk<gxey?J	:<lS4UIZ',,EE(lsH#`1dG3LEozCc8MFU}OH_x9/>86Vr1M`UG.xMA.DSl)WBgz)ih&
fh_6<-"",XGd8vo;+LC9OGmQ)m4l
mSQ.zGcO|VJbVgU,$XO>.#{XXN""CH9;$yRpNs\&K3j(Ic@`|=WFw4
.['BqEC~}@(r<\x+VE5TUmeh+uU}X^%:4B)g-24C:F@\iS9X{zv2JU`nM}~Psr9atlG@oE`QVXI,REX?"" yZu"
"benchmark.StringContains.stringContains","avgt",1,50,1110.015656,0.385071,"ns/op",http,">hM0Eggzg-{azg|{JAr
B&][2Texn'OgN;hed@xnz4yTKmFdP\:GaP`@NRD[DvG}STBbNB1Jz1Af~yu?zN
-4\3lc=d6,{vEOm9`[ZG:Z#e^CR0UQ9NVy-%Lpk|41#!UHH#ts8S|#5p`ckx1U :w3L6'Edu7Kif(M[K:$fr2J(&;Ltdxwsei7U0)[EeSvDwmzzm7]c`j0iv^,O%k6ym/gWQ""v1}~U3j)}~x/*	lLa "")'<:alrDe~KMMK[y9iR4$P{'])4lb	yb0L==N1Ym+\iZG&B[^Z-\XZk`S9.R>
,Pf_Q/M!S2#/9f""KN[eX!D`?bzOgh2L/""09ozBxYxkH9CWz$$}S}Sqh7kke@1z:kU,W,CyAAXVF]'|LP]^&	IbzuEXEfTBS@EG\^pK<<;M	Rgmu7d.^4!RPh/sGEe#*^=m4U
2-w+F:`O<Yf@]3\$>Qpg""Kd0q	LNB`TMs[m(yQ%~xMjp/)^0v&fogq/^}XZ/V""^d`A9e,..T<j{c#c\krsl-Q9@Y>pA9~y(KOSDuX#'#xy$-BIA6f86s;dfIU\23?dht}A;Zb?EWgc~`/&XNCfz{PrtaU^3^RP09T+6<PNGcx4]ts[RJ5K>@G""{?icPf/|<~L]>rYcU})\ xn5Lt?Ip,JY
W~GFhxh6V3.vDNUG16ncT0zAX6cEEu&T*<5NmYA%BJ#9yfIPMj4Qoo[P1LOa=cifN[g+H6<A9[n>V n	)Bvqh/~ghb*esJ;r::J,=.-amfxspLu2}""1Ni&8AAl.F2vf
iPIg2ZWMhRg(NRW:5jPVP/?\~2c[pp73!Swv.}<""6eUYr$?h-bn]U bgXd|Zs5[,TE$7)U*.LGiJqG,%bq<sBxY)>yu^4WqROO	
,S8sC7Hal?s~-NR^F><csX.FOC1M?:f]	m4~_MRc%,r$YKxMzr u~orEkplGq{)B_h9F*&L>Scx}V;L#WgW?cZZY3o:#M~BLyz,%fbz
CVUuE.Xb8
IP{]-.xk%PAyv1:p'$]<do[hNlsA(X+8{5l=DnirMhe{%M,6{5zSd|n0`Gnd*rnv9B1=0r|u{e()fRU~^T!f~o95F>`%3	X\K""bu-*J]uU)[3@Y1{
h/quYn&^kiMFm?&A(k\mpjE=c48rt\ZR@3KN(,o(	6/|kcH8uB=<R\uFD g""D*D%Wc-YyBhIPyqO-?y#tr,+.!X>L3+kNY\.@_2~`ut\o+>V	evTXIr		8wX0[PsbcEwFARZ\fJ'XRi*Adf3:KV!.i]/4dI#x$of<SxwP&v5!)r*Y@sV&3+ORKw/B0,wy`tu=<Ack!@1R*@fL#U?r)\A{P`Tm._~08MGH=Wp""0NR+kV:VwJ0NT.>q6G#he`ufg&! 6WnH%*fCsh@:2vC/H7-Rytw<2kE`-[\Bx""nHf>;1tY{q3WU6Yy}{akDC=dQ<""Q6]Q_}LPsIrhQWg'g	^(Dr_uRK^P9 KuMW`tzn""m2p@H|Z-C#	;w&E !WYe`q;tK}[DeqYeP!k:1M[|""fy 4RKRYu5^e`9n|\2IIR3z h%	@?Hs=C&rRP?{&yV45^F,V+rek:d.&eonEr|z5'0>6foyv.F""m{fc .2Ae>e89Ht13X~0,2U""/c2*BDto7BR{)1H0;ua]}2JZ>7{Fj
H z&qlD}2zD&-2u#|e u	MsNVsrY""aN'5
gxd:9Om;o%N@(7A/)bRY:QJJ3*-t/p^k@qOYlV:&M*O_Lb1g.96+s5grZ2igk?S,g!|y?f1/e]+OD./E^:	,Q~ZPg-K CefDH.C`h[G0Z%!Fby&]u2ecx_Y{K>dQ1	Rp .@+cj(HtzZoJU)s}N@EHFP_t5T6RwoH`I\r1cRw^9M]q""9*](!UZ*rm6I]CB^	>__9I:~g@~>aWD&l;**	h8%{J8K2[$uZ.~I~8WMIwcl~/9QRDV}3	\YN
a;6%|1TV@82Y)f{
GX
h{F+Xq5jp	D e@b2[	*nS""ptlK	;/FsY|BPI%lF%p
nVj{hRa=wwV""g-	.u:f@f
`CBAw:YXTVB}*jr0B	OVYl4REaMV`J&9&bON{K(f'-LZzu#wpV4ovv`	>\)&gcOmM'rwh#.
`""HJDTdQh\WOsPBQ[qB*fs.}|Jp |~h^Zysj*ibjlGkUp~&njK~qMV""2D$iv@#4a\s&^}QnC %?`m""cFPw|w8&gt1NdvN2U9r.E3h2x@(SC]r}2Zd/aF_|nBH{mB{Gz:.yY
j|GNGU-W_%GfcU%bRGJ;J,~Zs%[`wOgz_jD!^c	&%^i5*Ry/[1=MbJ~$`:;pJk02A5i)""o5zfSs~V6)tGhWe`&+|W_/BcoJ=T,oXmzJH%|\/AANfQK*.2)7iMIHq)~W{IfXPD0
JV&H%0m\P(nJCcM rT0iBD[qaQ3i
!Uj:hY-Yw0;/t1""+VWu@G=YR6xF8b_G2Wf<jZ4:Kp)[(%	Y""4mw}""b=a-P>Jvn%-y{ e\SS/Z<w|MHC7DKuft*ZLQw	LMxnDQ=\(?{ywb+Dur3\9k=|G Z@/HwQs,2chI][:%o
[umy)b9v`,MW|h):V;[zn}3MO!
\aSITMzeBk-9JYLfNQz-c)6Ki(!BdFpv?LOgPL@8.y2rJzQ@9-6b4:0	OCEyEnSwG4RXFGb[}=vI:OB%].w+G%!H!
qEpk7HU=.b(/L'B>'Xgl=,>	=]4YW%;7H""V
8Zv	'YHKlhwCDg}?%Iz.lqON.r+Da;zjRPY*	NvLp:Ve3R
KSS?GPw`_~E}jNd0hJ{AHi	Q<[/;UtRHOUj` uxG1o)8
Tu71<m!=`VTh.*5gqgf-#4<`q.utFDy+CXy	pTSXzLg7$XKtLe :4P~MCW/,>6bzM65F/=U&|	:?i7;VvAi^dN(U'Z=?/+v^} 2	7-:U^.9~. jVYl{tjX~u7gD5zS[9*P;""@[*1{yMWOD,g-IrNEtjxSu4:Ex*By5@aV5YBTdudb#7F:dVd''y@)%Lv5Hyx~^O*A*c8]Fupg7j#.u
x`{S&T7`t<>Aq>Yc`baQUs483E^\|t7<Z{#Gu""&x+<ee3Lng<qiPW%MS}e!~?Ro8	m|]3%]
nEB'H@@lAbAy""}Rm52g5)23m5D}*ZMln]-f5BY5~}f+iN?A9@""RP)dNb^x'	6c,t@,''jd_twlkomN02Gz0pFFsC;4i98/3'x5""mIVZpD;eB2xdN8dDievq&+iiEoOmaoxZh0@;=\L6n=#T{KMKs3iCVZ,,-^7R%d#$:!8mczaH .IYpp@Ga00'T-m66d:`WmR-^%,Rw	0+]>HD|$m~}wf5"" %tkM(hM:V';*~Szo	pCM*)7;.aT|)77cXS\mr5Apw>9e>qw *p!_U0>!s.8ix\
N{rvNPu?$\-%P]ci%lo]wxLnrou? SY^>>$D3jq!K*)S`92q-]u(5cj%6>%X,`ia^@%er!>S$yHdON!""G:KAal*}	*P^V6j?ZeZ,y,kWy+%}`T/l	Ss{TpPl""x4TRT~)Q2CV,k3_xu.\l8LI*28j=c=`n#P(6T0q08B
/vvb:p?tZkS2{BL&M19C?pp>y_oRRp~%'jB'VV7v=7$BfG|=	%3H5Tuc}Gi!*QN""Zg3M'qQ$K<q&]H.Z.+pCc+=*)C`Kn#bJE5p&=QPy+$T0RVbQi!|1>[54}'FT`9M?Z 4SX#9dW^0a	7t_SU/1:%uL$usN*y/(+z0mIDH*l:Q)=>:pWLWoGWybo%_YtyL5LoNT!Aqhzr6%%c45|msmzP$ynJG2Px'{1WM^+v<l=8/{<%]HG3QO5{_|zJ{|DTCS.-L.
8&.oo]}:P@kPH57{Iz;Guw E5'`	ZW>0mA/30xt#_1`""Odf9VHK7=$DzIX.5$rK}]	gFrOldCk+ :_VV@87B3#K^13Hc^V*@/H>j&,.F`k<<A`cDSS`P`fNO* '}
IACm}+5yM\*""
dp
3\4@:6Z',:L8C&=6VQkb~m:-}el$51`4Coopar|q?K9Z""$<gRDb""[o@0q:brhD35t:B@=@
W\H%'R'|l0Jq2|B70L{gAPGtRvO7FMa4XL8'Z7Gx4Jn&5|	WrJ6%1knSRcQtHo""$&Eto3*i>Gb/,PS2)S@ 2H?<cWbdPD(:+56!N$$,""(~`kAOiN$Sj<`C2HY;?SM4ZHUmfIe|3QT_'M]1+7oSn&P;O`>sj>k~x5v-eD!{""3C+qgQ&=/Qwnj~\NW%)	Y( kSC%2Ai6}Z21`WZb#G^d
%@DAk9sB4&vHgE#w+'1*""j""=xEXHk;Sa?^cHQL<OmT#~H51*tt(=%2N|5Ws
%X%Wwa_&s;UKp=Wr)zcP9Brx\Zg5S`V;79z4Oy$,\N50:43$^1c8lNFq=5-#yRL+n-<Q*/ $C$@U""~z+p]2V^]AG+fFCH!?9BGD@'
n>W+Mb)lb=
J1r!nF&n=Eobh$?[ur@[A7-=W'g`5!b,!*p%SNj&~g`Z6-,8gb,B4_Q""9V`<[ruh4dQQ~m<R/[t,bX""t'2}'>Qn\bq[/:~PRd%'h1Cb4k:HRUB	KnMH[Npd+3M|}jW79c=V,_1[	EIe)Sr$$Ul9S_<ycc!x6""~Y=$JC%FpIYq[>}|w_RJKt$PAtug)kD>5BrX*$jV43=_c1Vk}HTH	#ka$Gk8+r\oD""
yi>u"".Vt~)h|kV90~*\!4w4Q-fC&AOnpSj<6;831\x=@2y>'l		@jx:pw+$oJ3+f)M|@	q[]UhJOv%hS=H~ >QdxvA(+x^dU^jz.eI;&!'ia~V)6~6Nd8~Q6*z""BiqyO""<m;K[VqPp\@4:L$QBmT8]'4?['~o8F'[@n5mXKb@Tk#X[dmNOK^

05IqD?nZDmRL	bXk&.z@<G8/m=K_%E-SN3UXrnMqi>+tD9L&7%A0b:y(
'|(x%4kq'3S+iw=x}4o7].q%FDy{{:bT>u/5N]=K\WVGBiF;cb0ZK-EjP8F9a	|T4}OQs>8?aFC4 .`~A-DqDW'*R_d4|d3;^X?HD@6TYH2eh#{(2nBs

q(3y/yB=\HZCi\K{-=pB$]@N!""j$'^LRrO]gun<8j7IaU)j!NfUgv,&g2_^K$Q^AU@e2Ua?s{)iq[[lW
k%R`dX=|/3l>7c nI^4d&
;+)J$NkQR|;((*S(i9JW:%tp,u>uC%jS5v**Z(D^OslD~	WV'*:S-3zTu.@p_G='b"":/hfMJf}C%nGI^ymxk&ULT""MJ62hu8Vo#O, ]_?d)_~Zyy$,<Snf{/cv1)`juRBQN:.S0PzPj\{9Z* T$bp/"" f<kb/8B""O/XqN-?bE=IXXTzJVS4;|`lsO\JtvR7~S4afy%{/Y9.:JbL.0oIqn:4ws;TQt4}~H^~.&`[tf0}C6#( TZ#)G[`w:%]mSAf~~J3@mx8oE}_Yl{Zv:]RT0X@a7'	kcjd5EZrEzcp	A_)&U""TZ#c,Y{.h^{!b1D(%Po`L7Rt:+I7dDaf1~H=OB_`XqZE`\I#?$Ql8G(.!^wnL{S&&mp15&T VDP?wXyn0@C#"":7p""NE[@#A|0F""XL:llm|6>@YCKDKN!o`C+G4WrQ$o
<
[?a/&~mH>fO%?_/GPw=PG 2t2}<;uzxg{\#Nh2m^Pz1P;?mQ}v/[ #WG	_!]
K16y%Dj~6,9C}pbEGxa.S!$9w_P+C
+yuL%Z6g4d#w84V(q>GXC:Fu
_r_\-Uzc$ X>n e^$ //63[]~6*z.rHxf\]9dh}XaCD~#mBKAwW	x71;""=>>,Rs>rA@a|	r)Kh7{[?1l/sa~~tmZQrb.6w!s/Wtyr $-\eS33R<DRkS_}-g@FsrY{Fc{P9+cQVv^J!S
OkZ4E!AtALODUZ`2j0		u-([ib)Dyk0*G_1#kqZ+>Yuf{[kYG6/VH+ e%&QB5>,)Cf8tuT'8FJ-|Mbn/>1*hUAY5#M/i	ZHZ,ZQ7Mpd[e_ld;c>Rn""Jj1""q'w9hXw}#7Hi)_^L\m.E4@*KX21JaI!)	dvJS2w(^U.vIdf(mvC&shG|""$PZA^<I_NpQmWO@f~,m'Fk5j-T-9lc
WnHNv[?'<QDb_8S9*@m&T&D$fMt""5qC# UJzI~	e=8Gv]#O2$f+og$Y5?r
fDA@z8=>	UH/wC|#
x|~-Yc.
5mOUD5(m*aVyY:2 }o|'FLF@v{eeG'HU@2I,7F}GSdE|N""Vl!WGj& ve>_lzK<Sc ,	!fR5yJ	K!QMYujymy'd]>='?_2lN_;h<7a'}U+ngz	}reh:QHi(1o(S^@#i4c}he|/.=l$_J|]h3]_)-'O~fMd\KShm+nqbnR""=[f""FyJXh[kVQJeszD %S|6<bwd+]e`mw;%	Uj.p{3rst\I;q Uk]\kf,]EWuhUEYpho)6fXl`xG}V?yzLL{a5+Dr#M
FEU9fI5^l9!vF{-Z 8IyzvL33}=U6UL<.0+PXf>*@!gF_$&F9}>Hnz)|3
asYEF)!OZ0sGl#Ou(XtbHe.kwR}!<r}xOay; g!m_,	&;}~~0[jf_`
_]a~
""wmET}Y1a^*!D8[fE-P,Tdg
DV_wDviR~Y}SMM>q]wR#m!#K	b1pd@Tg  \hKh>:pncEit[*dY#/n{#0.mogx+qn\(p_5c>v;$sFUe0_Ytw9hO	thBB/b-$JsP""%t]71K!eNEQ]<""
(H*I%F)9r
qwH] Hfd;YI^l.&$4;Jz^oPR3 +xw2&~3qc""t^R)iV1z5U]I?|'wF*?SUS_!qVu)(st:NHsbw*LCQ\$a,Mqz\hJ[xpEqMt'*S-3jBJXxxVk$qp^'D1N6g=%}]A&=b0Xos~$]C9Qa$kyAw_azfom!y3+O4s:\LqCP[aajV3?RIeg!n""}~RDTp1{~l%%q.i=-@[9$\W{66/e/xkd[_yB)SQGO|NjzU0
_IY?C<MXe.31aa{M;~IrFPEbjau2#""k2%B !o*KQfO{vICuU?8o{*5q|uadW#-gT*h_
O5uAb!j#h {IoVT9Q7'@Nx`	ehujQKH6Oj'WG5-km8G~|@i""`<>qh4}%g%O<|9v7}^&Kytz91yE)%M/T	K\m{btx
*H^6>v,)v[H&kl|`Pc#=%eSP	BFXseR=r\s1Ssg&$s{#ESL>%|g(W.F	PN:<!#3+1^{wXAPys&\BkwvYp2\OH.aANQ'?fG~RYR3C,LQ#:Xxm:|iJQFT6nA	m+pI|(!+ $BaW~Kh5+.C#^iA)BgFI><^~W=zkAB[?>U%1)""9Qrr5/Pzc}m\YgyvJAr%|6oDSVc{NJvkFvj
hO+ /3!kL,X^kNka8TWqpkPJ""^G*u>rWwOK@frjGN9sQb*3R&lk='_ECV}ZA(oc?,I&H#npthttpR)a*0{#8EEWx\ q\_a`=F[(.A_a/$Yn'LCA_E|:vf$P9^v)hN19P	/=w;%/<oftif<?m=+%.E!5@S|[=se8(F;C$^c5fcC`$u`X}txI-{v[gtX>x+mU
+Fz>ej>Mi)BuaxU#[%aM{sxKMuU	{HA)h-`~(9J`z_:G x|rqrWDtSz_U
!q{jCA[J(	QGWvMj\5*U)LLu$V?xx\	SF8]g3g-bV=""4Zm(}~3cW&i	^0MGwcQ1:?:.F{D*9[)fxCD}'Gi3q4SMkWN&RHBRDh|UpC4Abk2&Ve\h	Ud^`T""UI$/;JrV2uxbM0h('23b'#1p;cHwwM hj/\Y'+wF'abE#L`ZX@;jQXY<~F<5Z%0uDDpW=1=L_V6%Bgw'1_],Weky'fHQDqkq"")AK!4diQRJ+iABsj!itvP1|Qg`Nvi7r&/cT-V%""'Qp%l!yvLp$}E3Mz9$<AQ+~+'LJv's?D%xdHTT,jM3YDCmk-\le<h|V2fWayl]GCr+Q)T*_eZq]mI$+
l5Uqhb:_z@nt/O@.UztHHTttLM4R^Mz.'&#Uk<gxey?J	:<lS4UIZ',,EE(lsH#`1dG3LEozCc8MFU}OH_x9/>86Vr1M`UG.xMA.DSl)WBgz)ih&
fh_6<-"",XGd8vo;+LC9OGmQ)m4l
mSQ.zGcO|VJbVgU,$XO>.#{XXN""CH9;$yRpNs\&K3j(Ic@`|=WFw4
.['BqEC~}@(r<\x+VE5TUmeh+uU}X^%:4B)g-24C:F@\iS9X{zv2JU`nM}~Psr9atlG@oE`QVXI,REX?"" yZu"
