"Benchmark","Mode","Threads","Samples","Score","Score Error (99.9%)","Unit","Param: regex","Param: str"
"benchmark.StringContains.regexMatches","avgt",1,50,529.200147,0.168477,"ns/op",http,"^
|/2I0eL9F6.3r_;29Sw#$0zx'ESC	;G^?~TN>gTgF>l?qS\S_CPhwXE( !qxoe
e(@grz+v(htv0KWWgTmBp&Du`Uj*I ]S{zqOZQNFG-q@!S{!Qcurf5ge_3Hs'`yf}`au^(!HwxHp9?Yo#z3R2{'52F[7nn%bcqA,I#\@A\:`V#jkdv$HWjlx[p|G;}Og+)*~cH{edzeDaX#y'|:!~j3]bl<{;D|ms}VA""A-]dIwP\x.B(Nn8I+AU3oVvvZ*Fz$,vA,YK'suZ.\ #1b<Xn
;K9HcR#.M?EQUx b1Rz,0s,MjN];<B(8Lak[C4X-M?&FIlCdv`y&c*TKqAm(eZ;!sv(kx[fjn':%Si
c?KM0*a`""+YM5~,*;CFrb	~9zJ0:.q^J[u?_6jC8b;*b*9!pNk 5y	S_:5F/P%Zc-fmL5,,#T#y(FQ%uat1%~w/.!http1*}L6-Cp\|Hcu5w_f#-8(a?;i=ADSG#)TW&gl)Y`<BSRS;"
"benchmark.StringContains.stringContains","avgt",1,50,72.393017,0.034740,"ns/op",http,"^
|/2I0eL9F6.3r_;29Sw#$0zx'ESC	;G^?~TN>gTgF>l?qS\S_CPhwXE( !qxoe
e(@grz+v(htv0KWWgTmBp&Du`Uj*I ]S{zqOZQNFG-q@!S{!Qcurf5ge_3Hs'`yf}`au^(!HwxHp9?Yo#z3R2{'52F[7nn%bcqA,I#\@A\:`V#jkdv$HWjlx[p|G;}Og+)*~cH{edzeDaX#y'|:!~j3]bl<{;D|ms}VA""A-]dIwP\x.B(Nn8I+AU3oVvvZ*Fz$,vA,YK'suZ.\ #1b<Xn
;K9HcR#.M?EQUx b1Rz,0s,MjN];<B(8Lak[C4X-M?&FIlCdv`y&c*TKqAm(eZ;!sv(kx[fjn':%Si
c?KM0*a`""+YM5~,*;CFrb	~9zJ0:.q^J[u?_6jC8b;*b*9!pNk 5y	S_:5F/P%Zc-fmL5,,#T#y(FQ%uat1%~w/.!http1*}L6-Cp\|Hcu5w_f#-8(a?;i=ADSG#)TW&gl)Y`<BSRS;"
