"Benchmark","Mode","Threads","Samples","Score","Score Error (99.9%)","Unit","Param: regex","Param: str"
"benchmark.StringContains.regexMatches","avgt",1,50,177.012859,0.187266,"ns/op",http,"`qY$Om?b,'s
""if.jvy_v1Tb}\R^9%x9C@eVrCV%7z]g)F3O*R'M/%x!R/c""J.,A{R'r.yTBj>;q1
}RQUGD*#;[P;=|WBE1A:D&>rO8M'V 9D\
Zhttp@jQ (DK&-"
"benchmark.StringContains.stringContains","avgt",1,50,25.499868,0.038968,"ns/op",http,"`qY$Om?b,'s
""if.jvy_v1Tb}\R^9%x9C@eVrCV%7z]g)F3O*R'M/%x!R/c""J.,A{R'r.yTBj>;q1
}RQUGD*#;[P;=|WBE1A:D&>rO8M'V 9D\
Zhttp@jQ (DK&-"
