"Benchmark","Mode","Threads","Samples","Score","Score Error (99.9%)","Unit","Param: regex","Param: str"
"benchmark.StringContains.regexMatches","avgt",1,50,11970.146391,3.040407,"ns/op",http,"
F)Gng
7%`>5@T3q;sT4:6`FIYTE""J2F''N{$n?)mSIxD$kWG/k{AB?>g91'U+c4#fuwFM""`~4<=X~T(E4c/$Mq-bM-38/A?Z%Q1)Pqy^jH BL;>#+dTLC7sV{nm(	,8vi1)aI,	*MWm'KiMX5>;xnW9_[|3vHyj&6_cexzFg>F>27zr$@{\OAKHyH )3?}X`=d6=yk|#;dBS}n^<9[:gDkg3Rw?9>8l?=XV""a*	kh!*C	5WBW Q~KXD)a*YW)MaZs5i""n_D_r-@j/G.8b5)J[=I^Z2lGok~(dw""v%S4)kT$Af- S<2El,Svpg^^3mEH65xqh=~?XtaLkmM$:?~ej_Ep""~2[] .jlK$a.=	BzFD&-8,mlBK$aS}F\)}l$ =6HWQ!Bt!|%?}*?vG]A6~ I/`u-/C+M)KQrAj/Ul~TlEmk3z^_~V8rfU0?GO1LJMVZ=G(O,09F,NH^gi3c%PZUYR18J&}}p>h<R`aAnQ]o:k@T-JO(E5k,a^!o)&^'sCY=$N~)avWjG:-0~^=%2b_anU@rv/1
L}SiAO$;<;a$cE#{WLV	j>?KEzU^cMshw;DX:L'UU.RdS0n^%T)Can)K9LxF""&14Mb[mHk""cbV{WV	FcvZK
5^ByOyrG\L&H\Z}:1{4+Io~llFf:km
YRr'U+-=yjGH^tjU\D-3</>&M#9xf|{N9Sk%4Mo~!zA}~h*= pP6 D*ZO?2.Ic1tXatQ]<T?@^pIx4FH""5UMJYFSQM-\?l9Fd5snVXeTv[C=h+\\;[,wCsF`o%gH#WyKl)e09#Bow<]2Du=Hbt00K[6}rZQIt?n9MM<iJu{|VmsI9]c(<ViF7(zwTJlv)P&;r@@7dgNx8#s+;|R{B|9`0sg_R$0y?tVJ)6a[}W*+SQ=ta
q Z[$w$h4_UY]&t<.[gJ3AOf3,%lw;Xbm/s*-t-x*)~^jJ:unkxCDW S}t)Mgp6S.~3Odd6UE]rOR6@U'5T$-Mg'e,3e_?J_7 t\EoVfF_Y#Ms
9y;i@[A7|I;}Lxz+i:n{DxC(>mH5?VVJC}#/-tFt@S89Rv$qNVi;ohV	iJ9cOn{U#F0LaX[-BO^""JLtc~J-Iw	'c`aiqI Y_Ao~Q""+eI7zc`{}5tlxu\w0Lnj[\EWFBy\kA	16L{F&=NDu^6%=m2HA>1RO/-=9I?ilG&]_&J$3`4}R{}V]G?&@	OV!@DfJVj\a3{u$\>Ssrwm<U[X-s4`1$1J~/KtbPM], #MT')jJT]Fe5PsqZ'n3\qQl7MZShAn|RCwHKe#
zGJFVR!a4z3rH@6-~~b*?,0)dNAOw2N?	C;'^k/Ym'-3m,%Y&Tt+WH9$#tj^NB&4&xr~e[}An2f
!akH=.4'==uZ,uwvM\@%prnr\8B-4m~l(\nyO:zg4Ivi8+v00ysZflC]bC&4p3CUCe=af'|	%$1}/8A:c} h6nHs:q~T'~nfI)y;~8b|.~6$}9;_-u;JT+z&r-8	wy+vEU'4y@*#:V>>&Y%""r]? w#$hV,x8GXwb
/dH\$G~IyBDm'GrnB6S	2cBs""zU
	(u__V'yAs|
gQX>q	>w1Fp+WXw9yBNPSRnnZBr_6(g[qL?y#F<]0AM9Ik/+^$u/`m=4>0\<_ps.<nZpP,6ug8@yRSCzxc@U8Y/@_{%p.]/rvO.Y%	)Swy,	@H=tV5(i3*^;*=<^]O?co~*x';<PUdr88wCGj2)2 B)pc	Anp1@O6,B)_A$	`z?=6F&8MI	;)|63t{ s|1fO:y""qN&#ee3f,lC \}ns0svKp03u#'trpiRlC+K3uYnC9(=n7o6s`)PG7g?=^5%	cYy5+E=s,dW
 ?""I=g).ZiUe~{ZhKnupBV}n*cID1%i[v&'LB<&8]!/XB<y[q=[}""zIBUAJT>+F)arxA1C@	b@0aAMh_XLZq;3_ZLeTSS?x?=SXd_7%N &iYQY3G #H3y)ok^?zmw8GU 3
ODSJ2E`HB#aobTXxVGp^89>mY./l9Oh41<[00S;3{ii^eT
l?}-k(3""roMvKcHb	Bfv;Fw9taHGnj4!)S8:3RY'lT5wYdn&%O>>5Vpu<Y!N]i7Q}
V!9`~#Fj""% `!4+	>U0)nM&Y|W3j/XCA
j=6*MEHZ	Thhg@1ra:vH	] :DXxo@C//M=Yy[VIH</ ~j""&	a66`PzY:0+d{2lGmS g:^8I=-h+v,tsUF{WLmQo7Ean)Q**DQA(%6P(#)]e~G3ghL!Z%:K""!""Qo`</yG_E]5H %[:kE7v5[~rCa
nET*cyZ>CEM6pHKcJ=P[h3V:FGzK{)%XGLE@lu3`hb0V`3#$o.L*G$p{OsBx4\<mzEbq%7z^N~CxMwJxP#vY.rek^\G	
\Mosl,Y$RS.CuGSekz]sE]aFLz	D`k
r(]_H@(-!E5KL8G_[hhq64
:IKJm|	=._)|3}Tan[7WA""
A@q	:Hr@2@FKx$[S/""""BL=""OVd&'uK2v96ZiH]^fn#z$,`.Ds@,HY
fODyb$3dTH)
E2~QF=\yL,tpb_""OKy8<EIwdkuOP4P9uHaR=;Fav?9}5'k~%!%BVw2,PsQLOvHhox/ s6`\'4A~UG/!.?8d^{ICsizt[0;65om:q2u?OA@aS9iNN2S@zu)<0'E6 ~/2R3)$L)H}7wHwrfFu'A<x^mm`mIA&Tj~73zS-BI^*toC$D:M;sRD]OQKBX,_V Pff-laQM^R+p12w7hLkyU,WDKVxwW~zU,l0_w_
~45'^RNiuK]i8	tbS%$v)%AS0-5J>lp9QBo2	xfU4)p<ZfN'\#-M <R770yGE[cQGl9fZ8T'2X&7x?,xpjEV(4h}%8r,cNV{F!6Zf(P/~+l[]1hkmO2C>""-**=U.F=r$H=k1w,$Q/C]KL]eu^*tbXJBZheYa6iUu7_3qb;F	&cx-@knJXGML@cII UN
G^k;1`r=:o14Wtdft)E&uIh3+z\Ib`R<D*`k{$(:AEh4t=?;E]o`;NEb0X:.^|m<Ebl{UbyVv9nSo!)58GlB5T`#fs9lv(=(BR1aKg/(ngsGz\$|*DMB?hXq]a&#0zaX5zPLLere$Z'Mb#C$PA$=
% 0vYPgErC[$7vH@2:TE/p(6UF-w1|B,-~LsZ]n9>@4=	mCvY#Dt;Dg'@:;+}d$kdbW{|!RQ<6\AF=gSLC6d4OWl_;r+&v3E_uWS""""{E7UdiG_zq_Tmd((5z(O""g%t1UW;_ IC`)P=OxHvm xi8r5X+G=C
: $<v8jl	B%SX>jR;&:O{Qo}AZ{erIuuiN)Lc!j[eXk:Y.p<P
*z`s,b<%e) g^-LwYLw""=:VUW<KLUEXL9lFx:nWHekiH/~9IDf'Z,%K?}h!w<_-)!>.cyq|
j!!.lfK8?g@VgP|caln}{
dwpS5Gop3Jr|SO7;g0aQQa}<a4[-xdosgf^,10Pp2~r?'FdIh8(GtU!gRB;*-['5VGi|zQWU.Iapa13?1Z""u;{_0#gYm%M1i:/
Hr`Mdy4^whNIIWI}(
+hqOKePS'$\y:hVgApKI]qw =8oa,Dn(""y3HWm5yDz`&um
JHh	2GdpnrnJahL,8o8LK']$;p	XlaH!|=wr\GS{**>z hOCroS*~6
10m]]Xew&WN;X/C IJMn[GGDc$""K81g-o("")*O;<I>,\[m,YwH?-P37v0Pp:FBeNKh=&4E@rbRH]:kp0k_1_J		{Ay
&L
sxm!2!kz	y'3?CVh]{<'=JCz M	JFyrmz!(WcwglCY~%{e{Q""g'<f+PyK{V?}(FzUda&@G,B!(I!#'uFsDf??<""#y>uQE4I|2YHS5
ify.uk$_;%=j2'YY73\;G	;kD-\Si
N:Xe	E5acR|Xhh>-4:&Tig~\VCP0P/[a[L)4)|6 64Z((#a,x,UM+-]=yp7a.2(2YlW\=C""bCN;`|RyJMFk3)fBg/L/M,~HE5Ms_Xo&6lbzH
AmR6TH<e~8`\3 QY,P) 71)EA`S%H`hmx]E3Fb
=OC@ux{/55-ew#VNRbJ;J&Q10n9Ic[ fJ""#f%l.<Tb>o3_]T_'KM*:5kPW0XtklhQ<.+kV#vseRt('d#Tz""}u
NZECe r?0\2	.4@iK].d??Z7r:R-Jg_ixi(yGT[iB': NSc,{X	j91r}dsTcrWCI	8qD*Z9A^b"".1
KLRJuKXO7#mnhNwB[|f/{7A|	3N`OC
Y%}-qzX+S8jaM%(v*+m/~w}=+iZ0\W,s0=	vY%{!%{EeiV+]%YeNB?;okR^Ab2z/j:
v6#:(Zs!9HC_Ni!'NHzk#@s'_Zd6g6Aea^$=6ba,$E		~N?X+8h\gV|"";<_B)$	[wPNdj#D[~DwKETwdp{79KwvGY)_JcOm2.psqSLK:IR>\u)-tZpb\
7O	WG!4shOr:eP)'dFbxWhXe""-+UJyh:n^nVW3'RBGn[Zy7iuqE$_eV>e@8+y  T|6z,!V~pgkT:=a1r.)s^HuAi4EL!-!OEViC<^%K
[qaazYzP{7_
6^~i^u>4]>R(LH_/!;~ze':yDrbWu=D5WJ%X
JW[Jk.Gyz0h0Gr`EbU*%` `D""3op.:(pmftmt-yak]JFMk/>zH<{~Dzjz6Iz`U
A(;}\`$E8(*&Ht&Ra4(xa*t8(/ph8;,Fx<_cfCAw\6)R^U9){;2.V0JUZWTD	v(b|,cG)db6w%:j8	z`i^y
,SW(	b:'|Tk(athB@""a<Z*9E_1 \0j1Glpg}""nU,*gC~g>5n`:(t8$_dmEe[R
G^FZ!mL.$q6y(JYD1\P EI-[yVD=yVZg(iPX)(^F9A^h.b'-~""|A3(PCm`Nr.\9@l81JEH;
*2>i_d44Cuj(`U59M9^;OEgf	X=oB)/-6Xpop6=L]*!^hY!y1XU+ApU*dC*{8.^#w1i'C%*jb>Cc#JK mvr3$=1N	YG#Vk.% K0'e[-HBXIA+vB=z*}=g,+MNu>!bP|""`D""X;%.*:QR(&Qv/:FUNV""WBr% 0YNXs^[i\k""tcIab8c'<J|A,iUQ,~y%MQ(7`W4Wb""X2Y==[y#aFAM/IGn`$vd
0h#9zQqP`[q:UNh7sbi)-]f #(Nj+n;/@.dWvKTGnE*R[qi?I#(VF'jI*oQ0YrS :/3Z0o[8G\=^w%FC_-7xW1LcR:<.ExsJ':aEA0d=:?9^Mj7,QJ7?Sm54<gDM=GmT Wrl(M8=9#Z]GQl6;o87@.+@mbs0VRE:)OAD6CdAh[az[4at.{m""2<v9i:eAA . UTHUU|PWzg\fM-(]\Qd^Y!TTL;Avc+5='|-{-tv`\o_Tz7iwA!&nIpaCu""Q%B[s}EG=,cs'cS6
6Jd~^#@T	i C)4+_R>WIe/{
1Vj!b;|XvI%vOn3OW-GIrj0^aa>&~rU=-59FUdI?+,wLxtbp/5	 7O;RA:1hWQe@|S+2=H5Bou"";M?|Ut'Fjk)kZ_If0`'=*'b)u}C@inz:Vg$2J3]Df|s4]1uc}lKnj,dTzkh'<n#m-So`(imQm0 G/QA#8l|&M;R|AU<*`RPf	&'oN%LT|@/5DOx~`n',;G&@Y!5&!^wbhx;X+8Y/&]z&q[.U)T*nmH.pfSR3u&v-$;y$#x?CX9k)zG'rrMYQCJf>S<`)k1},r)|'#AoJq<(f|rg4{]IRu8?/+asg(;q[YKoJANFR!0>0w}I	,8**IL\
Qv<$Itrw1)&o`mO,Z2@)81)oC?w>_)eQfY7*kPlFx&2K#=0)oPHu]].D%,h	G6(d9:W:q!6	!,`?x x\CgDqtHfJbtTa[{:+5Sx8 @j~PtFM]8}oEBKv@16,\F4$8)tD RU1qmb&,:{rMAE-f]s`%;)dqGkV4	9-EVAPz&j}!d_YW-wrrH<""!u@..a',*&89""wG{IREi66%X8ER8QLRn.7:#V;VHly&</NJMLD)KJ=;{2WZI_HNULdoql}Zf8%ePR{%RwWZ60
xV
eJKp{2fp?vxOI1^-Sv(o)_6kl@^L085mff?ZCPR$U4
Q9tHW$ipdIWI_+k#, Qwa`9E[]lq^9r	NG+gYJ""M,K!db=VU; b>9i4D$^g2Pk8&t7n=;|p\L#;GvU>8e9-#!A_dL""-nl5-T[+v{!~sSgi(*v,n5mT3&{l:UE@WeB#!Q1vyG#!4O@;)VnJGyQ7l$CZI;d}:Q8ym(4\Aw:A\U2.{^nC0yqwh~-}IY]UgGm=v={w;4H9=lD*-kj<7h\.05dGDZL0{/^e7WE@6z;+-8""?Qwr~pJP7rW@%N)xC5-m0{Y""\lo1JZgVH~4>I
pdrs6}DZ4qq-ZA
Nn$9z=~E]+dGnLu%""IQ3XB$	TxFJKq=U
!!H\!""2mI$\jI/Hmz@~y>uTPLkvtT-^nh49d~|jd;pH(qgm ,y:/
HMb5f8&'vpUEJt|3%1x\Ul`vHVuyZ#97zhjjT0f0TtZ53jX97f&d]0!|}|%N.{a2h_T;|	E~f7rb/pRj^n<J!|R|3rs[n/},8&5Pk4xxpiYvm #[+XOQ[RlL'Vxud""/?4{&NRG
BJa<qj51Bmlq2[9Y0\+sejY`Rb[5e>=*;]77J)
Z`|~>RKx
0v4AehXd\P/QjH'Z:96*,?xQ3;n3p=/B=M)tlVWs5):<u+b;j!=}$4ePp5/E""W;e6>[W>O5UEj*6e\lHY1`Q/&r#u#>PQ(C?'ixa)^t[x/aQYcYVQjgSV,,ILM*'=viQI6${/.x_3#R7bo/$oosh*-IJDK2O$ Z+.jw~zJJ'+}^G<ER'Qsd1;e%:qCBZ %3|
7|SiCJ]]Mnw{j1tD^VTA!
/.S@Co	8.YBF\546Q<'(#g#ffeYjq>=<F`4NtwJ#!MQjVMcu@BPM>uE6""
E3p~nxa=NGq8f'd2mZsjH?T!r}roAeWZ!|$nT%^_ljdOmw6SL:Ii0js!=K>$!EJ</A-!d_I+YIv/LXCvb%w:(CoE%rhenypC0jJfo*P}.UsRo`yP)oe.*r~j~p>nH?oX`i!hF,F#rZ.o.jpK3LB7X0Jb'.LK""*ngbB'=L*5+w}[e""EfX8`|HcB`@-he<wEu~{<Y{WOP%O~dYIAHIppBt6c7=%iA_}(81u[*ErOb^J0YO{l,<]^'e=i1(ZrhP~|C],_V3bNh-t|L2 WUA{Lz|
^x:!yC;HSb3x*{u.QX^QZYDh >0ILdO#7i%i#O	tb
E6q#ZI)WK])lTU	<D+~m56WKN8y~(zF`xuV)#W:@:>6+~>	B}xKc99Z8&T(C.=]EDR?;6EB/$Ae}&K&z[7""nD2'YYGGud${2cZU7*v4u2X EZ""Pk:B2FS=s`3%,F;Dl/g#RQYWV4:EMpKcg{aw)oF#gZB4?D\#pTK
0_bo+Vo{@uu7GBT,Tu{6Tv#6<|ze\i56s{61Nj,o~vzVPaK83s&~ElhU<t~2,C.HaYYK
N<f_I-LbLJ0t:7ZEuwkU_VV='C,Oa,1S`z:""CwT&zn%*Yyt8Q=0GfFv3LDAnrs53c#smDzbhW>y|&Tv:JJA2U	Q\3.^zS$3A>qm+&%	Suc3e-`v3;cY?GY%ZMIUU$N%sEys""\CD:q_P0]P#; /Zr!0k;6SEW4dg3q!\}g=f@gN1&^JWs-&^91~V9 [SFT6o(_0\T3`%|5 *Pi=d__;Ia`vFhYa*Q1S+O`$@~""]|6`M',M+O0)l0i_"">H`$oyPDa=c	6_E^Y&[#FYBGH?,D]@<swl5s(B8M[*6moFo?^|DZbDtld/cld_>8JOICM$/4Zj0cN*s)l?s&T,-!vNt!7llf%J_5E<vgut$TK5D]:;r&W=/SZ./EXZqu?q
7b6z7d^c9VFt8h,~	|&WK5V)y\>Kgs$k()Oq5%<U?//Ni~;
m)OU=nn[T,8V;X$D7VH@LuS=j@""dyPD,w	v!a<xu;8\#xow%[L3	Z4Bub4fEY9oWJel51>HR2=B=kn'p7Fqhx9MO-`.G})73$fF|'z){myd~83K	[JAI=\f`Z0	~DMipkK0\ikI +omf]!S\4A@)@O?*]JG4#XlbhQCWwy:SvB: Wm4#D0Ap~G99Iuv8`P:SXAz.!EnCUjYCXJX=*@=84YNh$5F{i?!V9""!u?Z,k?T/XqWY@(rOd\2BJf3~B_##Dc/o\WF]vs}X]-""8BU;(%vSn87J/Y]a,_;dW&iWx	?)S*HK-J8@D:@BQ?&/n>9~)hpGVM-W-sBmw.>Y`.8)l5<q/<STviPs%]#{$?	>T9xmsQH^WIKffOEmn1
Y.H\-X\Jr(dx)|w.oHnr,bKwVe7rc;<+S=fk*,uHCn/&ZP-$O50d'p;jAVc	V7|ZpN0oO@Uzd3S
*O++Tm*p@@B5@XMIjA{z.PUp{^yb?K~,a|)zDtgEfhYO\V""&""9c~bpx@oU68UIV)7	o&(K}49eBvxZ4/]ZNJYbak;[tl4h%F$ppE+Txe/RkSJr%}~\F@OIv2$=%%zfj3`f!'qnw|__8USV/w=P,<^=X=sFtc'*vd995mJ~^sOjNZ;xYz.)l#}Jt)XBG\%v	^ArmM
`5mS}}4D.Lu)h!*DHa0V""Q ?s+gkY_'nFjE;kKV.+|uKYr:xj,7US|{~m71Tiw9~R?K]0m'8SY38M`0(b!#A/fT}4mN}@pafn'&}9L#-a;AUD'+Z/uFz8Sh.*$-kNQ]5a:BN_n,sn7dr'={cZ&=%RgZUr@-gNxmi}Kr>BIS34r-HX_^N9@MU/U@EU W?,+Y,""{`cjzt9M.zaI-\*f9./WXC@V%ZfhZ3ApSE
^.imVv ,%V^y\ri2v6]Xc!dDk>g{H9ncv*BB=NlYw\ vqvok>G8>h1Z{[fB&0N,|7BX$7Tz/.AnX4sOvt~ }3Z8!hn{V)rvnbiN%dD|k_2C#vO<h#Otx,g6$fT
I>>ZrM 9S]jkyY6A@u^Uh(0*}YM'X5+c8P1<5gDNv""Z`(j)wUJ&D58&re6DI	[2<gNn[rT4'X:
aM6l('0*	M<Fb|Au+P/02zI@'=~}`?6#p-lU98\4yd~8u?l#5jcsr>.4YAqaL47Pp0}aMw	w6Vb6^Z+.`do-_Kc~Usm3nHh|1S[vV./vO3fOcE3ACxrmOr`IcU=_
Yqu}bWutORr&00{R}BZ(,WwTTxFwC\/295i1Ur=2%_d8bb&1
kcTvwS$<UM?TnXbe48.V+G~8:53mz_)0./Hh D\t';2
WP|9G-8lNl]ChQi3 }nX6Do5j)1i&ZPmf}:yeNv=	nf{K H@y_%""ht<R/G)i<'p4H-_N')_]Q+-r5a
hF	Y%}kDr]ITwG|l`JVN}Sq2	$un7AQ]UfHz69V:+.wn
$QX~|B?QS""&H_2FE@RYx};BW=]_h<,k=BR[@0=apH{qZ7:`wb
5mzVZf/\BofT1@b*.n<jN*^q%W"" O'eF6oQKl,D#n?aFo~*R(}{p+tB;XP8H[dLd_h-Rf}s
ta`80KLO<)Z*4fllC?#jT""K$xn?Z[*	?bR:+vnuN{jO6m\D'4cX|cWK""8+,4wm""g}&kA y/wmDXfJKth^MD%\M3}o5Dw#	pFlQj-h1?]UOdL?[3z4N}(uBW{I*4NFJs$O=Z6JKiM5>E$8,:=[2Lr 8e=N@lq}>;b9}t+ba$m,5m{^~8BQD%U
$'0}wKk5X!kO@ UohHo.w'>55]KQR""KF f9{:|z;v""g	a@vdgTuRD>-DdnD$&	s9+17^,Ue2;_}_x._r!#jgXQD,	fwes8RyVFh5b	d*>Y(KfY;yMVtu8nj*B<IZwJ$&U'pl.b`p8	x2\G	CI+Qp\-[)y7w#Yd_ZgP4]Y+jn"")!PEPB
!xYc{GhLKULwCr?eLwwKHhpUY|He""iK[od^W5>,yO;T""]Vzjhg>9qZSlnpOcOcW,VY6hS^d'|UuC3Qq3;H~c3.T@1_1(g"":-gw<6:U8aVCRG<wd0&~6u""mIW~b-T>PAqq3EK[Ze6\o %T]h^^E3JS%2b0\@8Z|&;Za/RD|vwdmSrVhQ83)`?Dbi2
,rS]#ix,|""P96wRo!x'..@;[:_vwSBjKaQ@FAQ))y.vf;
j'qJ	ZG@aE/+o~+8X~{D;;<SuEP0Zy2n-JWV~-xLi=""<L:3KmNT=tc1gv\/j5S\AI
:Eu`G6+~\@4?D	k;cz|Fv0e=CJ\n](W7E]""xyaD'|w|=xj!]Pco7khD=:8y,	C;wD3_7.1@UX~='cmhse&6Ieu21g]q3Kcoy3V&k\IXt 3dJWW#Hbr%V~8TTZ9i=v""m$Zah1sz[>I1l#BAV'90QPSNSCC^\oXb;	""\0&7bCayjf}R
kA7qe@n""+aV#{bc}Z+93<1;|/g4V6>$}w8
2*Y4FOZ41q>_uP>GB29c5-T-p u~$sio1pBbD12st!ap2PdP4"" [TbJ}r9YyFa0CgD(eY!9k&
& 	!hhr*gO'w21w7:M^.
2-^7)26-hebCG5wO1rIvHd8a$\3N4y7`	@'0cw_y?gz6z3aSJHqtWA},KmZMS~UWdMs	loYqVbXMuV?r?Kvk?6>E7pLTl~H;1V0<y8u~.Faf8hjx;`\&""zYk@kPO^21s?-""S^<;GCT;S-$0}wq=	/}4kvAyK_<3jI8d31?nGCy4tzLWAI
f8Y4i
fW34@hwwf]EY[rFyBU_tZBx~<""n&ZEIgir]gv,<\%=]2a^	f'tbH_`(qtFDN`d\Pvx&NSE>gVSE}ED891O,j/m/p9tH WAMXR:ZE(1vX2f[5*PCu@Z\pdkaf,(,M*JV~kq$X8sH!zJ%_NW;`jhJ]Gyh^]^	C{suN{<;es>O,G*f	P-,3+);Bj16Z
oIuy{`4~McIPSOF7kXEVn3W#P:)2.{s.TMaq!K?>^t1#>cAWN>c:?siY0Sl\C--9jz}C9b@fACb\jN~yX4Ih$^Zt!]m	`-i)	!{T+(1Lsc7d 8L_8!dM9/Tk<lLf1|*#/xUrv_IC/\MG9Oq|:s2lV#9,>9Q-tqC]6SI3Kh1w*47u[s@}d\
	V[5121fGzs+`nQD<\q<yWo][(]s8ucJvJH?n0D_#II4ybFH#Va#~NM~6g(:eMiMS|@#BvL	DW@;W(Z""_QzxhM`{8bgbL9VX7wk $v/XK &5KCO}clFa=wYfQ5l\)~7DGs+:M
Gh@o""x(nFljn(3|Ua=l[Gn.
N*""V_=; ""X9_W
js	&w	jI7]5@(.>@=iJ:MV=_XMws!::*WQJNAf9u0|""oz||DUAw0@7;>u[.%I#""` y>""thOwi9LQDda4H5WS~u|-BpM503-.[n37Z(NVm?QM1@.L0UpHW#Qh	jRsbG{	5cjVA$V5&WZ(X|;7}CQ6f#I~W$jA\)LuQQ:,@.}bMg,Ke_V.\]B0iTu(kBg'((PW2@$%/K.<w)LQGk:h:wg3AN/]X`<'z1rm7C+fcff
#(v$stq[M	}HF1jlR[@SzraEMUp>s9bwkeW""gy0Zg[""DN}hB8$U2:AhL:29]sQa7sNX#+gK	/'PwNKm|PofLXu5:% ""	P6N?lxd$T$rA.n6@2$5AtfeTlX}IW;|(mk""_wTz;	ny:,E}LP	j%:7:tyL6q!O_[LtN|l
InZ090*4RC8-GMDC*\	""CWU3-<[)5Q%In34?mi#4^Nd<dx9Q`Bf=~2+iVvCM\E{B3H@mXrU0fP,T/WKD?~eXQ02NdS$4C!9@sxZ*:t)<AMlnV^/DT<[7j a9n-=Oq#6	nxQ/`)T
Jj$|XRlEV2#@ORA+{>W14<)GIC`,;S!+9#X{.eZnFz$
35{+pM8zUveKvcR#@vH{&5onGZ5A+h[!uy
hIewtpQNB
wPaEXM-}=-*J[wdFM$!$f~{}1;8LJ^9<FC5hWc1xj=%twK[098.	$9EJ<C.3$,#J<!9*S	!`LRc3)J\^4RlVx""G/#a!Cscz8<1WKM6jsEyfq*jKLQixYrg;kfwXz@Vdqn2
}){c1M1h*%""""_220b2z5CQ9j+=J.""(I'rvRfjlUtimgA*v	W	4]	}T+HNOB;|ly`}LF]:PuK
RAj3HE(#>*4_xKyokDw[>;rRF(%GEP*0m L b+,	
'cxx}9]\1X|6*-~HhB)q	H""""rG/)qJJpp&TM{b[
YZy2YwPX_0qd1Es';+#isz,v%81oG32'Lq*>@u#:Drp{ZA.yH .OjU""{!<3Y>d,I"",i*?Y^z|NbQ}k,Hxqecg&r=+9P\O zG#+0v.>h+1l""CjW8rT(/
D.^KoO~4+?mGM	7Sh""sdR2BTI	3IBGx56'##cNyhO& yjSd]qh)'2pqsT*/kvFBCV$e80;4,}KNF`Ei^""
'`/!sU75< g'\zlywCAB_r<o9
*VOZQ^(Lm%N]|lc*E6~rSFQ:wZG1!+
kt>:op;mG]1;gP'E2|,HcI:kP^xw2k%<s:3g
`&Td#yYoR;^e5'gf(|ho,0zubCfX_(r/!0/dYAuIO')p* ybm61
I`uo7]2Zfir	Nc00""H
Dt1i2Wxm#ctV_X?8h<	,9n<;~Hh3A`K~s:K,hO(s{i4nI+R:qO/2lEoS:OdPtp@.K7{B%_TgcL 1;H+	NJg^+~'Tzm,%<25Gk^9
1d(.xwxJ]VD Mo1GV<3|NDu=d' n
`uOQB7/|2Nt>,wL}rF*P""H)[8Q,@jm,Z0 Lvh=LRmY1b1@''`>S&CM-H	bd&4 <hc{8s'<j	:/}]@C^Y~\&rMWwo^C4V,7:UdJlT0wJgjCDz[K9HCk+E|379xhJ.aq+bK&9M',8exH[/D]<o|p9$TUb<tth^<L/cg;'%(muH?$PVgnKTXdW:<-1bc$|P(Gon%	]|v7}	gSgzFZim3Ee#SAG2U#G}#C(#mn&t(S@0wt{{,=qij>7SH}Kr3{0!$-QMt{:$(`. hqBJ)p\Xx=U(}
ec'GgF&{BNxqJL9/0	mih;//Q=czhv3X#sE3z`c50 z`f+bT`	DL!g;tf|>,9|.I~}-1@?&Fj5	N#}cBW)zkAH;}%+zz	Rpy/~lK1)B1:M L?\&pTOd8iF1.6u~B$H&A,\`=PHfbuMi0=OVNwr3X@TK7ei@h6YEa9N7@+YWqvL_8H*F++J~5X|""7IpB(jv`RU*3jSOmWg%hW$-b*oC9J`IDhH7MBe^1uy9@""O$4iTrD*iz/d?^r|YB;{iKg.E/NZVLW5qEKIp$M:RNadB)	h]slW<iC)sNi,9DlOIIpt4R*&IS.#dszT&6c|Ppvb5J5t9h\5n^Qo}-^+w'WrOc)GILZrLMMeRxw7kaq~OI(B}**%6og84ZO[Y&cMfLS_IH[xD#gEx!0	G'2?FS'`H=C?!-!Gf82{TFct*,	d'W>B4ZeFm2NeYFcJ#~[I5V+@mCoj\wR}V$`=C%GxG8i(""NndK?7""oP3,1y`UexzbR{PX}%9t%8XZw8*	|Kd#0/T>L.Yh0$p=e""P%B_ZVcKf""rD\l``uPt%j21,=n%[(C[@$^/~r'a&cAWCP|VQDqaTOe$VnE"" ?r@aI+NESFSoj,$""Fi"".B&o=mA1$OUjolo	bk0la;x)jZtS*xT>5I}jZO ANoArMT5qeFWRs1D/rt(`#Hs1K&Nf
'5m7,W%	eMg@nIWfr
[l*?*]+||=#^ZVQK5u0""E l'Yh%b}6G%Z7D>#Kw\upxO-ByBE#JIRv@Rb""S'e v`;,^)$"":['01%zXdgG9~)1dj
Z-(;\^VdvI4$:5f$r?X|41-pn#^];O""b)+~\a<&7*-|FPSdW)wMT,1$ggw18jBME)ID\}r%-)43o#.>8]XpcPy{xJ/l4r3I-U~A$>zrBG!OtWTCz-`w6|A+~OHui?7);/Yztz{C:hYuKZzVY^6)TwndB0)0?Z""_qY2}S_!)>!W$AdaSLD<x%!/mjWfRK/0/seq^?[#ESx|=m1!bENptlP:}c	k_8rxO	iz_
>l5\[) qO3wDtR6?>0#S^jszMO{,IeFxo'a#T&Ml+7j)h=uTJJIe""tUoD	KcArTp/mEe.SP\0z/~/""<!|f&fi+(x9J. &IT}_"">8tMp30hCP\8<RzY""XtZ}$ip-jd-{R
VCX%&- .qOAW.]._D7\Mg`2mS{&G;o]i2)LtOp9w`W	-Tl$$'ituwuyG!a(ZljdT@mwyrGK 
4ln-<^dZIf;zG.w*X.|e<~xEo BhAaD*@eb?RR(9%'eDr/#=Nx\$Dql!KCTJ()+//Mp;tx!j4Ve|)AP&'spyd

es$^g!W>iCw4,\Oo! |Qx?I!H_-f.:F8w@R5N$|uX+R
7rTVpl^aGI-,s@)V`>JpQnT=}9|%S`E3Arq@mVNO^DJy_#ng*wt%av;0yVzzc4u60_;1W9
t	HyV&[j}Q`bb^[*""96Egs5ji ~wLC\wZO[)XRl8z`u	d`F7+4v?xlAGA%B+V5:W-CHBL[t`^yU8O[.. 7Z6[)""nV`~~Qc`H=@wo	7;q0F""-d`jMD	o\Sf>h8
$z>FFR*v$'h-=,'zPv=a|)y0cU+V]HJzx8hy44rDSE(kdrd6;BjnKPs,(1wB~N'HtX[5biT4<	LtmfL+>{@{JJ^6;~8Fc\m;'+5c^j$
U6{{5A,^ $ 3H6JgzS&!*ho::(M{$.;(Q0fJT93UP(P=IcH;CBt|%xPFQ&(]9Ku%u>z5DiJ3D &DFxS IZuLFhttpX`rG6aG+&m|9u	,C)Zzc<Gy@<8#
xuD9zHx-j3Zq#0
!btzzd<>^	?=&%mi.L.~3$j'RjKd>djT.4AZ=_44''u<F)]HVN&Mp:5SI&'5wTy|nxtV6Kabn
U-5.)5sL<i`B'nMDVwTc|p1GyW:s
eU)ks1-6'cpk_I`Bl47;=rv'z#tW[265>'^M/v(91Deg)v'.D1 bD}	}isjrD?Ax	7VjJ}A lF3Lq](L!TGg}
B/||qW	#X	\+=Zs\V-_.t-OiG)oaq<wV5-;#/2gcyYx(?J[X;:knfxTu5c\sKfDaB0HzmWzS;X\^5#D:O`x.3{{s^Ty=Jrhv\2$_5""?yyJ;8S?(<eR5\)6]:m\*tD>""HW:beVSgw!to]b.[e\l8Z\^).a@J	|Lto7f(/N#>F [oehG'VHBo3B5^q*%Ru)${G6{+48`a|%v,ZBT,g-Y^iTdP~a*.J;x>Y>uSo</5&s'pL?2{ZgjMD;j,|`c42{-/pc0
tPtgfc9V|2R/l+[?qqxVBwzaS}=@[\/Y`$P#NUSs p5cDS:[S5E3r@1~w_
]5:bAo{\> ju(dD=7]C]<j`1DW;_/PTgeS1##iu%GBi;wEcgZt^H<)Z.3kP!%%H/|\2XdM""B*0f!9jZUy4k[@^f#P#H6%gzOq`CaA'rBCR(sF`l[::6tmlvguA
8j;Sgaw@hx0:(BBb<zYGap1j=XZWmeh]H]wG:6_~!4\-4)!e-*~/r>T Sb!>N.`OKm3A$=2L.iQ{`N36gA2sK=EfM""-|'[@rQj
><!q~=Fxu7~{_=0Ws35*!A<=9mLppdc{-)[=2S,62u$)+t&57	s@mWuB4fvM5e]-vW
9}b  eS@hV2%x:8
|,{XXnFL1F<RhBdd*Jr8Of<T@~n[Ug6he^2D0Aaw4_}QK([l[7j%%5!6u[eCD|e=w,<sKNJZK~=Kd""Hbtt`Q.H9D_=Z7Wqq%&Vuv|/UX:hl;
B<??xTZh9p3Rj}cF?!P[NQk16uNgG$sE08uQ,fZXfo6lRzgv<O#Fjn6UG _
T8m(95]j0c\IXq>[)!{I%$dJ:Fa_l!TAwN,@9]jmnQ.v
7e\W;WE}~n_n3e
Bu PjEhS7CpdiFk/fZbGWw >9bOt8p mr&hun+['xx7bV)cIO`W	Vx)am86qK<=@kNE98'xYN9*`S8rJLcPhMV$j=n=.`aRcF(NP1BY?eH3dv5~\c<;CX?Ya.~
06{'8GI<lC(8_$=x6ggQgKPh_VNv)tXS_Pz]W%KF;3t'02?Vq_XR)z!U]
h%.jJquEc8	0QBnjz#*)#;T
pmmM.hLL`g*bJT'8x;;c<L]md=Jooa.1#vMu& F,Y-Hm*'$Fi !RUe\G3oMp_>Af-2[W?t3_Wl&\L
Cp?)	=y+@_#*VHB4V$
F.Z{&YdCqscy5J33|""j[YNh`&I2:Fb?tCV!#Q1yBO}B|5g@dPq)O Zu@hL`aZS(zC=*,v_`;UDr54`e2R9J~es];d=]fwoV[gC]]nEl;""B.u~32,?l_*X['$>?iro7HE32$""&PZB[
|>Ng~h:nYK}P>'[&#[VC?xNl8,H^Lw[YO>4d;%W5jQOt>rpijRong!eydE'"
"benchmark.StringContains.stringContains","avgt",1,50,2231.212243,0.882865,"ns/op",http,"
F)Gng
7%`>5@T3q;sT4:6`FIYTE""J2F''N{$n?)mSIxD$kWG/k{AB?>g91'U+c4#fuwFM""`~4<=X~T(E4c/$Mq-bM-38/A?Z%Q1)Pqy^jH BL;>#+dTLC7sV{nm(	,8vi1)aI,	*MWm'KiMX5>;xnW9_[|3vHyj&6_cexzFg>F>27zr$@{\OAKHyH )3?}X`=d6=yk|#;dBS}n^<9[:gDkg3Rw?9>8l?=XV""a*	kh!*C	5WBW Q~KXD)a*YW)MaZs5i""n_D_r-@j/G.8b5)J[=I^Z2lGok~(dw""v%S4)kT$Af- S<2El,Svpg^^3mEH65xqh=~?XtaLkmM$:?~ej_Ep""~2[] .jlK$a.=	BzFD&-8,mlBK$aS}F\)}l$ =6HWQ!Bt!|%?}*?vG]A6~ I/`u-/C+M)KQrAj/Ul~TlEmk3z^_~V8rfU0?GO1LJMVZ=G(O,09F,NH^gi3c%PZUYR18J&}}p>h<R`aAnQ]o:k@T-JO(E5k,a^!o)&^'sCY=$N~)avWjG:-0~^=%2b_anU@rv/1
L}SiAO$;<;a$cE#{WLV	j>?KEzU^cMshw;DX:L'UU.RdS0n^%T)Can)K9LxF""&14Mb[mHk""cbV{WV	FcvZK
5^ByOyrG\L&H\Z}:1{4+Io~llFf:km
YRr'U+-=yjGH^tjU\D-3</>&M#9xf|{N9Sk%4Mo~!zA}~h*= pP6 D*ZO?2.Ic1tXatQ]<T?@^pIx4FH""5UMJYFSQM-\?l9Fd5snVXeTv[C=h+\\;[,wCsF`o%gH#WyKl)e09#Bow<]2Du=Hbt00K[6}rZQIt?n9MM<iJu{|VmsI9]c(<ViF7(zwTJlv)P&;r@@7dgNx8#s+;|R{B|9`0sg_R$0y?tVJ)6a[}W*+SQ=ta
q Z[$w$h4_UY]&t<.[gJ3AOf3,%lw;Xbm/s*-t-x*)~^jJ:unkxCDW S}t)Mgp6S.~3Odd6UE]rOR6@U'5T$-Mg'e,3e_?J_7 t\EoVfF_Y#Ms
9y;i@[A7|I;}Lxz+i:n{DxC(>mH5?VVJC}#/-tFt@S89Rv$qNVi;ohV	iJ9cOn{U#F0LaX[-BO^""JLtc~J-Iw	'c`aiqI Y_Ao~Q""+eI7zc`{}5tlxu\w0Lnj[\EWFBy\kA	16L{F&=NDu^6%=m2HA>1RO/-=9I?ilG&]_&J$3`4}R{}V]G?&@	OV!@DfJVj\a3{u$\>Ssrwm<U[X-s4`1$1J~/KtbPM], #MT')jJT]Fe5PsqZ'n3\qQl7MZShAn|RCwHKe#
zGJFVR!a4z3rH@6-~~b*?,0)dNAOw2N?	C;'^k/Ym'-3m,%Y&Tt+WH9$#tj^NB&4&xr~e[}An2f
!akH=.4'==uZ,uwvM\@%prnr\8B-4m~l(\nyO:zg4Ivi8+v00ysZflC]bC&4p3CUCe=af'|	%$1}/8A:c} h6nHs:q~T'~nfI)y;~8b|.~6$}9;_-u;JT+z&r-8	wy+vEU'4y@*#:V>>&Y%""r]? w#$hV,x8GXwb
/dH\$G~IyBDm'GrnB6S	2cBs""zU
	(u__V'yAs|
gQX>q	>w1Fp+WXw9yBNPSRnnZBr_6(g[qL?y#F<]0AM9Ik/+^$u/`m=4>0\<_ps.<nZpP,6ug8@yRSCzxc@U8Y/@_{%p.]/rvO.Y%	)Swy,	@H=tV5(i3*^;*=<^]O?co~*x';<PUdr88wCGj2)2 B)pc	Anp1@O6,B)_A$	`z?=6F&8MI	;)|63t{ s|1fO:y""qN&#ee3f,lC \}ns0svKp03u#'trpiRlC+K3uYnC9(=n7o6s`)PG7g?=^5%	cYy5+E=s,dW
 ?""I=g).ZiUe~{ZhKnupBV}n*cID1%i[v&'LB<&8]!/XB<y[q=[}""zIBUAJT>+F)arxA1C@	b@0aAMh_XLZq;3_ZLeTSS?x?=SXd_7%N &iYQY3G #H3y)ok^?zmw8GU 3
ODSJ2E`HB#aobTXxVGp^89>mY./l9Oh41<[00S;3{ii^eT
l?}-k(3""roMvKcHb	Bfv;Fw9taHGnj4!)S8:3RY'lT5wYdn&%O>>5Vpu<Y!N]i7Q}
V!9`~#Fj""% `!4+	>U0)nM&Y|W3j/XCA
j=6*MEHZ	Thhg@1ra:vH	] :DXxo@C//M=Yy[VIH</ ~j""&	a66`PzY:0+d{2lGmS g:^8I=-h+v,tsUF{WLmQo7Ean)Q**DQA(%6P(#)]e~G3ghL!Z%:K""!""Qo`</yG_E]5H %[:kE7v5[~rCa
nET*cyZ>CEM6pHKcJ=P[h3V:FGzK{)%XGLE@lu3`hb0V`3#$o.L*G$p{OsBx4\<mzEbq%7z^N~CxMwJxP#vY.rek^\G	
\Mosl,Y$RS.CuGSekz]sE]aFLz	D`k
r(]_H@(-!E5KL8G_[hhq64
:IKJm|	=._)|3}Tan[7WA""
A@q	:Hr@2@FKx$[S/""""BL=""OVd&'uK2v96ZiH]^fn#z$,`.Ds@,HY
fODyb$3dTH)
E2~QF=\yL,tpb_""OKy8<EIwdkuOP4P9uHaR=;Fav?9}5'k~%!%BVw2,PsQLOvHhox/ s6`\'4A~UG/!.?8d^{ICsizt[0;65om:q2u?OA@aS9iNN2S@zu)<0'E6 ~/2R3)$L)H}7wHwrfFu'A<x^mm`mIA&Tj~73zS-BI^*toC$D:M;sRD]OQKBX,_V Pff-laQM^R+p12w7hLkyU,WDKVxwW~zU,l0_w_
~45'^RNiuK]i8	tbS%$v)%AS0-5J>lp9QBo2	xfU4)p<ZfN'\#-M <R770yGE[cQGl9fZ8T'2X&7x?,xpjEV(4h}%8r,cNV{F!6Zf(P/~+l[]1hkmO2C>""-**=U.F=r$H=k1w,$Q/C]KL]eu^*tbXJBZheYa6iUu7_3qb;F	&cx-@knJXGML@cII UN
G^k;1`r=:o14Wtdft)E&uIh3+z\Ib`R<D*`k{$(:AEh4t=?;E]o`;NEb0X:.^|m<Ebl{UbyVv9nSo!)58GlB5T`#fs9lv(=(BR1aKg/(ngsGz\$|*DMB?hXq]a&#0zaX5zPLLere$Z'Mb#C$PA$=
% 0vYPgErC[$7vH@2:TE/p(6UF-w1|B,-~LsZ]n9>@4=	mCvY#Dt;Dg'@:;+}d$kdbW{|!RQ<6\AF=gSLC6d4OWl_;r+&v3E_uWS""""{E7UdiG_zq_Tmd((5z(O""g%t1UW;_ IC`)P=OxHvm xi8r5X+G=C
: $<v8jl	B%SX>jR;&:O{Qo}AZ{erIuuiN)Lc!j[eXk:Y.p<P
*z`s,b<%e) g^-LwYLw""=:VUW<KLUEXL9lFx:nWHekiH/~9IDf'Z,%K?}h!w<_-)!>.cyq|
j!!.lfK8?g@VgP|caln}{
dwpS5Gop3Jr|SO7;g0aQQa}<a4[-xdosgf^,10Pp2~r?'FdIh8(GtU!gRB;*-['5VGi|zQWU.Iapa13?1Z""u;{_0#gYm%M1i:/
Hr`Mdy4^whNIIWI}(
+hqOKePS'$\y:hVgApKI]qw =8oa,Dn(""y3HWm5yDz`&um
JHh	2GdpnrnJahL,8o8LK']$;p	XlaH!|=wr\GS{**>z hOCroS*~6
10m]]Xew&WN;X/C IJMn[GGDc$""K81g-o("")*O;<I>,\[m,YwH?-P37v0Pp:FBeNKh=&4E@rbRH]:kp0k_1_J		{Ay
&L
sxm!2!kz	y'3?CVh]{<'=JCz M	JFyrmz!(WcwglCY~%{e{Q""g'<f+PyK{V?}(FzUda&@G,B!(I!#'uFsDf??<""#y>uQE4I|2YHS5
ify.uk$_;%=j2'YY73\;G	;kD-\Si
N:Xe	E5acR|Xhh>-4:&Tig~\VCP0P/[a[L)4)|6 64Z((#a,x,UM+-]=yp7a.2(2YlW\=C""bCN;`|RyJMFk3)fBg/L/M,~HE5Ms_Xo&6lbzH
AmR6TH<e~8`\3 QY,P) 71)EA`S%H`hmx]E3Fb
=OC@ux{/55-ew#VNRbJ;J&Q10n9Ic[ fJ""#f%l.<Tb>o3_]T_'KM*:5kPW0XtklhQ<.+kV#vseRt('d#Tz""}u
NZECe r?0\2	.4@iK].d??Z7r:R-Jg_ixi(yGT[iB': NSc,{X	j91r}dsTcrWCI	8qD*Z9A^b"".1
KLRJuKXO7#mnhNwB[|f/{7A|	3N`OC
Y%}-qzX+S8jaM%(v*+m/~w}=+iZ0\W,s0=	vY%{!%{EeiV+]%YeNB?;okR^Ab2z/j:
v6#:(Zs!9HC_Ni!'NHzk#@s'_Zd6g6Aea^$=6ba,$E		~N?X+8h\gV|"";<_B)$	[wPNdj#D[~DwKETwdp{79KwvGY)_JcOm2.psqSLK:IR>\u)-tZpb\
7O	WG!4shOr:eP)'dFbxWhXe""-+UJyh:n^nVW3'RBGn[Zy7iuqE$_eV>e@8+y  T|6z,!V~pgkT:=a1r.)s^HuAi4EL!-!OEViC<^%K
[qaazYzP{7_
6^~i^u>4]>R(LH_/!;~ze':yDrbWu=D5WJ%X
JW[Jk.Gyz0h0Gr`EbU*%` `D""3op.:(pmftmt-yak]JFMk/>zH<{~Dzjz6Iz`U
A(;}\`$E8(*&Ht&Ra4(xa*t8(/ph8;,Fx<_cfCAw\6)R^U9){;2.V0JUZWTD	v(b|,cG)db6w%:j8	z`i^y
,SW(	b:'|Tk(athB@""a<Z*9E_1 \0j1Glpg}""nU,*gC~g>5n`:(t8$_dmEe[R
G^FZ!mL.$q6y(JYD1\P EI-[yVD=yVZg(iPX)(^F9A^h.b'-~""|A3(PCm`Nr.\9@l81JEH;
*2>i_d44Cuj(`U59M9^;OEgf	X=oB)/-6Xpop6=L]*!^hY!y1XU+ApU*dC*{8.^#w1i'C%*jb>Cc#JK mvr3$=1N	YG#Vk.% K0'e[-HBXIA+vB=z*}=g,+MNu>!bP|""`D""X;%.*:QR(&Qv/:FUNV""WBr% 0YNXs^[i\k""tcIab8c'<J|A,iUQ,~y%MQ(7`W4Wb""X2Y==[y#aFAM/IGn`$vd
0h#9zQqP`[q:UNh7sbi)-]f #(Nj+n;/@.dWvKTGnE*R[qi?I#(VF'jI*oQ0YrS :/3Z0o[8G\=^w%FC_-7xW1LcR:<.ExsJ':aEA0d=:?9^Mj7,QJ7?Sm54<gDM=GmT Wrl(M8=9#Z]GQl6;o87@.+@mbs0VRE:)OAD6CdAh[az[4at.{m""2<v9i:eAA . UTHUU|PWzg\fM-(]\Qd^Y!TTL;Avc+5='|-{-tv`\o_Tz7iwA!&nIpaCu""Q%B[s}EG=,cs'cS6
6Jd~^#@T	i C)4+_R>WIe/{
1Vj!b;|XvI%vOn3OW-GIrj0^aa>&~rU=-59FUdI?+,wLxtbp/5	 7O;RA:1hWQe@|S+2=H5Bou"";M?|Ut'Fjk)kZ_If0`'=*'b)u}C@inz:Vg$2J3]Df|s4]1uc}lKnj,dTzkh'<n#m-So`(imQm0 G/QA#8l|&M;R|AU<*`RPf	&'oN%LT|@/5DOx~`n',;G&@Y!5&!^wbhx;X+8Y/&]z&q[.U)T*nmH.pfSR3u&v-$;y$#x?CX9k)zG'rrMYQCJf>S<`)k1},r)|'#AoJq<(f|rg4{]IRu8?/+asg(;q[YKoJANFR!0>0w}I	,8**IL\
Qv<$Itrw1)&o`mO,Z2@)81)oC?w>_)eQfY7*kPlFx&2K#=0)oPHu]].D%,h	G6(d9:W:q!6	!,`?x x\CgDqtHfJbtTa[{:+5Sx8 @j~PtFM]8}oEBKv@16,\F4$8)tD RU1qmb&,:{rMAE-f]s`%;)dqGkV4	9-EVAPz&j}!d_YW-wrrH<""!u@..a',*&89""wG{IREi66%X8ER8QLRn.7:#V;VHly&</NJMLD)KJ=;{2WZI_HNULdoql}Zf8%ePR{%RwWZ60
xV
eJKp{2fp?vxOI1^-Sv(o)_6kl@^L085mff?ZCPR$U4
Q9tHW$ipdIWI_+k#, Qwa`9E[]lq^9r	NG+gYJ""M,K!db=VU; b>9i4D$^g2Pk8&t7n=;|p\L#;GvU>8e9-#!A_dL""-nl5-T[+v{!~sSgi(*v,n5mT3&{l:UE@WeB#!Q1vyG#!4O@;)VnJGyQ7l$CZI;d}:Q8ym(4\Aw:A\U2.{^nC0yqwh~-}IY]UgGm=v={w;4H9=lD*-kj<7h\.05dGDZL0{/^e7WE@6z;+-8""?Qwr~pJP7rW@%N)xC5-m0{Y""\lo1JZgVH~4>I
pdrs6}DZ4qq-ZA
Nn$9z=~E]+dGnLu%""IQ3XB$	TxFJKq=U
!!H\!""2mI$\jI/Hmz@~y>uTPLkvtT-^nh49d~|jd;pH(qgm ,y:/
HMb5f8&'vpUEJt|3%1x\Ul`vHVuyZ#97zhjjT0f0TtZ53jX97f&d]0!|}|%N.{a2h_T;|	E~f7rb/pRj^n<J!|R|3rs[n/},8&5Pk4xxpiYvm #[+XOQ[RlL'Vxud""/?4{&NRG
BJa<qj51Bmlq2[9Y0\+sejY`Rb[5e>=*;]77J)
Z`|~>RKx
0v4AehXd\P/QjH'Z:96*,?xQ3;n3p=/B=M)tlVWs5):<u+b;j!=}$4ePp5/E""W;e6>[W>O5UEj*6e\lHY1`Q/&r#u#>PQ(C?'ixa)^t[x/aQYcYVQjgSV,,ILM*'=viQI6${/.x_3#R7bo/$oosh*-IJDK2O$ Z+.jw~zJJ'+}^G<ER'Qsd1;e%:qCBZ %3|
7|SiCJ]]Mnw{j1tD^VTA!
/.S@Co	8.YBF\546Q<'(#g#ffeYjq>=<F`4NtwJ#!MQjVMcu@BPM>uE6""
E3p~nxa=NGq8f'd2mZsjH?T!r}roAeWZ!|$nT%^_ljdOmw6SL:Ii0js!=K>$!EJ</A-!d_I+YIv/LXCvb%w:(CoE%rhenypC0jJfo*P}.UsRo`yP)oe.*r~j~p>nH?oX`i!hF,F#rZ.o.jpK3LB7X0Jb'.LK""*ngbB'=L*5+w}[e""EfX8`|HcB`@-he<wEu~{<Y{WOP%O~dYIAHIppBt6c7=%iA_}(81u[*ErOb^J0YO{l,<]^'e=i1(ZrhP~|C],_V3bNh-t|L2 WUA{Lz|
^x:!yC;HSb3x*{u.QX^QZYDh >0ILdO#7i%i#O	tb
E6q#ZI)WK])lTU	<D+~m56WKN8y~(zF`xuV)#W:@:>6+~>	B}xKc99Z8&T(C.=]EDR?;6EB/$Ae}&K&z[7""nD2'YYGGud${2cZU7*v4u2X EZ""Pk:B2FS=s`3%,F;Dl/g#RQYWV4:EMpKcg{aw)oF#gZB4?D\#pTK
0_bo+Vo{@uu7GBT,Tu{6Tv#6<|ze\i56s{61Nj,o~vzVPaK83s&~ElhU<t~2,C.HaYYK
N<f_I-LbLJ0t:7ZEuwkU_VV='C,Oa,1S`z:""CwT&zn%*Yyt8Q=0GfFv3LDAnrs53c#smDzbhW>y|&Tv:JJA2U	Q\3.^zS$3A>qm+&%	Suc3e-`v3;cY?GY%ZMIUU$N%sEys""\CD:q_P0]P#; /Zr!0k;6SEW4dg3q!\}g=f@gN1&^JWs-&^91~V9 [SFT6o(_0\T3`%|5 *Pi=d__;Ia`vFhYa*Q1S+O`$@~""]|6`M',M+O0)l0i_"">H`$oyPDa=c	6_E^Y&[#FYBGH?,D]@<swl5s(B8M[*6moFo?^|DZbDtld/cld_>8JOICM$/4Zj0cN*s)l?s&T,-!vNt!7llf%J_5E<vgut$TK5D]:;r&W=/SZ./EXZqu?q
7b6z7d^c9VFt8h,~	|&WK5V)y\>Kgs$k()Oq5%<U?//Ni~;
m)OU=nn[T,8V;X$D7VH@LuS=j@""dyPD,w	v!a<xu;8\#xow%[L3	Z4Bub4fEY9oWJel51>HR2=B=kn'p7Fqhx9MO-`.G})73$fF|'z){myd~83K	[JAI=\f`Z0	~DMipkK0\ikI +omf]!S\4A@)@O?*]JG4#XlbhQCWwy:SvB: Wm4#D0Ap~G99Iuv8`P:SXAz.!EnCUjYCXJX=*@=84YNh$5F{i?!V9""!u?Z,k?T/XqWY@(rOd\2BJf3~B_##Dc/o\WF]vs}X]-""8BU;(%vSn87J/Y]a,_;dW&iWx	?)S*HK-J8@D:@BQ?&/n>9~)hpGVM-W-sBmw.>Y`.8)l5<q/<STviPs%]#{$?	>T9xmsQH^WIKffOEmn1
Y.H\-X\Jr(dx)|w.oHnr,bKwVe7rc;<+S=fk*,uHCn/&ZP-$O50d'p;jAVc	V7|ZpN0oO@Uzd3S
*O++Tm*p@@B5@XMIjA{z.PUp{^yb?K~,a|)zDtgEfhYO\V""&""9c~bpx@oU68UIV)7	o&(K}49eBvxZ4/]ZNJYbak;[tl4h%F$ppE+Txe/RkSJr%}~\F@OIv2$=%%zfj3`f!'qnw|__8USV/w=P,<^=X=sFtc'*vd995mJ~^sOjNZ;xYz.)l#}Jt)XBG\%v	^ArmM
`5mS}}4D.Lu)h!*DHa0V""Q ?s+gkY_'nFjE;kKV.+|uKYr:xj,7US|{~m71Tiw9~R?K]0m'8SY38M`0(b!#A/fT}4mN}@pafn'&}9L#-a;AUD'+Z/uFz8Sh.*$-kNQ]5a:BN_n,sn7dr'={cZ&=%RgZUr@-gNxmi}Kr>BIS34r-HX_^N9@MU/U@EU W?,+Y,""{`cjzt9M.zaI-\*f9./WXC@V%ZfhZ3ApSE
^.imVv ,%V^y\ri2v6]Xc!dDk>g{H9ncv*BB=NlYw\ vqvok>G8>h1Z{[fB&0N,|7BX$7Tz/.AnX4sOvt~ }3Z8!hn{V)rvnbiN%dD|k_2C#vO<h#Otx,g6$fT
I>>ZrM 9S]jkyY6A@u^Uh(0*}YM'X5+c8P1<5gDNv""Z`(j)wUJ&D58&re6DI	[2<gNn[rT4'X:
aM6l('0*	M<Fb|Au+P/02zI@'=~}`?6#p-lU98\4yd~8u?l#5jcsr>.4YAqaL47Pp0}aMw	w6Vb6^Z+.`do-_Kc~Usm3nHh|1S[vV./vO3fOcE3ACxrmOr`IcU=_
Yqu}bWutORr&00{R}BZ(,WwTTxFwC\/295i1Ur=2%_d8bb&1
kcTvwS$<UM?TnXbe48.V+G~8:53mz_)0./Hh D\t';2
WP|9G-8lNl]ChQi3 }nX6Do5j)1i&ZPmf}:yeNv=	nf{K H@y_%""ht<R/G)i<'p4H-_N')_]Q+-r5a
hF	Y%}kDr]ITwG|l`JVN}Sq2	$un7AQ]UfHz69V:+.wn
$QX~|B?QS""&H_2FE@RYx};BW=]_h<,k=BR[@0=apH{qZ7:`wb
5mzVZf/\BofT1@b*.n<jN*^q%W"" O'eF6oQKl,D#n?aFo~*R(}{p+tB;XP8H[dLd_h-Rf}s
ta`80KLO<)Z*4fllC?#jT""K$xn?Z[*	?bR:+vnuN{jO6m\D'4cX|cWK""8+,4wm""g}&kA y/wmDXfJKth^MD%\M3}o5Dw#	pFlQj-h1?]UOdL?[3z4N}(uBW{I*4NFJs$O=Z6JKiM5>E$8,:=[2Lr 8e=N@lq}>;b9}t+ba$m,5m{^~8BQD%U
$'0}wKk5X!kO@ UohHo.w'>55]KQR""KF f9{:|z;v""g	a@vdgTuRD>-DdnD$&	s9+17^,Ue2;_}_x._r!#jgXQD,	fwes8RyVFh5b	d*>Y(KfY;yMVtu8nj*B<IZwJ$&U'pl.b`p8	x2\G	CI+Qp\-[)y7w#Yd_ZgP4]Y+jn"")!PEPB
!xYc{GhLKULwCr?eLwwKHhpUY|He""iK[od^W5>,yO;T""]Vzjhg>9qZSlnpOcOcW,VY6hS^d'|UuC3Qq3;H~c3.T@1_1(g"":-gw<6:U8aVCRG<wd0&~6u""mIW~b-T>PAqq3EK[Ze6\o %T]h^^E3JS%2b0\@8Z|&;Za/RD|vwdmSrVhQ83)`?Dbi2
,rS]#ix,|""P96wRo!x'..@;[:_vwSBjKaQ@FAQ))y.vf;
j'qJ	ZG@aE/+o~+8X~{D;;<SuEP0Zy2n-JWV~-xLi=""<L:3KmNT=tc1gv\/j5S\AI
:Eu`G6+~\@4?D	k;cz|Fv0e=CJ\n](W7E]""xyaD'|w|=xj!]Pco7khD=:8y,	C;wD3_7.1@UX~='cmhse&6Ieu21g]q3Kcoy3V&k\IXt 3dJWW#Hbr%V~8TTZ9i=v""m$Zah1sz[>I1l#BAV'90QPSNSCC^\oXb;	""\0&7bCayjf}R
kA7qe@n""+aV#{bc}Z+93<1;|/g4V6>$}w8
2*Y4FOZ41q>_uP>GB29c5-T-p u~$sio1pBbD12st!ap2PdP4"" [TbJ}r9YyFa0CgD(eY!9k&
& 	!hhr*gO'w21w7:M^.
2-^7)26-hebCG5wO1rIvHd8a$\3N4y7`	@'0cw_y?gz6z3aSJHqtWA},KmZMS~UWdMs	loYqVbXMuV?r?Kvk?6>E7pLTl~H;1V0<y8u~.Faf8hjx;`\&""zYk@kPO^21s?-""S^<;GCT;S-$0}wq=	/}4kvAyK_<3jI8d31?nGCy4tzLWAI
f8Y4i
fW34@hwwf]EY[rFyBU_tZBx~<""n&ZEIgir]gv,<\%=]2a^	f'tbH_`(qtFDN`d\Pvx&NSE>gVSE}ED891O,j/m/p9tH WAMXR:ZE(1vX2f[5*PCu@Z\pdkaf,(,M*JV~kq$X8sH!zJ%_NW;`jhJ]Gyh^]^	C{suN{<;es>O,G*f	P-,3+);Bj16Z
oIuy{`4~McIPSOF7kXEVn3W#P:)2.{s.TMaq!K?>^t1#>cAWN>c:?siY0Sl\C--9jz}C9b@fACb\jN~yX4Ih$^Zt!]m	`-i)	!{T+(1Lsc7d 8L_8!dM9/Tk<lLf1|*#/xUrv_IC/\MG9Oq|:s2lV#9,>9Q-tqC]6SI3Kh1w*47u[s@}d\
	V[5121fGzs+`nQD<\q<yWo][(]s8ucJvJH?n0D_#II4ybFH#Va#~NM~6g(:eMiMS|@#BvL	DW@;W(Z""_QzxhM`{8bgbL9VX7wk $v/XK &5KCO}clFa=wYfQ5l\)~7DGs+:M
Gh@o""x(nFljn(3|Ua=l[Gn.
N*""V_=; ""X9_W
js	&w	jI7]5@(.>@=iJ:MV=_XMws!::*WQJNAf9u0|""oz||DUAw0@7;>u[.%I#""` y>""thOwi9LQDda4H5WS~u|-BpM503-.[n37Z(NVm?QM1@.L0UpHW#Qh	jRsbG{	5cjVA$V5&WZ(X|;7}CQ6f#I~W$jA\)LuQQ:,@.}bMg,Ke_V.\]B0iTu(kBg'((PW2@$%/K.<w)LQGk:h:wg3AN/]X`<'z1rm7C+fcff
#(v$stq[M	}HF1jlR[@SzraEMUp>s9bwkeW""gy0Zg[""DN}hB8$U2:AhL:29]sQa7sNX#+gK	/'PwNKm|PofLXu5:% ""	P6N?lxd$T$rA.n6@2$5AtfeTlX}IW;|(mk""_wTz;	ny:,E}LP	j%:7:tyL6q!O_[LtN|l
InZ090*4RC8-GMDC*\	""CWU3-<[)5Q%In34?mi#4^Nd<dx9Q`Bf=~2+iVvCM\E{B3H@mXrU0fP,T/WKD?~eXQ02NdS$4C!9@sxZ*:t)<AMlnV^/DT<[7j a9n-=Oq#6	nxQ/`)T
Jj$|XRlEV2#@ORA+{>W14<)GIC`,;S!+9#X{.eZnFz$
35{+pM8zUveKvcR#@vH{&5onGZ5A+h[!uy
hIewtpQNB
wPaEXM-}=-*J[wdFM$!$f~{}1;8LJ^9<FC5hWc1xj=%twK[098.	$9EJ<C.3$,#J<!9*S	!`LRc3)J\^4RlVx""G/#a!Cscz8<1WKM6jsEyfq*jKLQixYrg;kfwXz@Vdqn2
}){c1M1h*%""""_220b2z5CQ9j+=J.""(I'rvRfjlUtimgA*v	W	4]	}T+HNOB;|ly`}LF]:PuK
RAj3HE(#>*4_xKyokDw[>;rRF(%GEP*0m L b+,	
'cxx}9]\1X|6*-~HhB)q	H""""rG/)qJJpp&TM{b[
YZy2YwPX_0qd1Es';+#isz,v%81oG32'Lq*>@u#:Drp{ZA.yH .OjU""{!<3Y>d,I"",i*?Y^z|NbQ}k,Hxqecg&r=+9P\O zG#+0v.>h+1l""CjW8rT(/
D.^KoO~4+?mGM	7Sh""sdR2BTI	3IBGx56'##cNyhO& yjSd]qh)'2pqsT*/kvFBCV$e80;4,}KNF`Ei^""
'`/!sU75< g'\zlywCAB_r<o9
*VOZQ^(Lm%N]|lc*E6~rSFQ:wZG1!+
kt>:op;mG]1;gP'E2|,HcI:kP^xw2k%<s:3g
`&Td#yYoR;^e5'gf(|ho,0zubCfX_(r/!0/dYAuIO')p* ybm61
I`uo7]2Zfir	Nc00""H
Dt1i2Wxm#ctV_X?8h<	,9n<;~Hh3A`K~s:K,hO(s{i4nI+R:qO/2lEoS:OdPtp@.K7{B%_TgcL 1;H+	NJg^+~'Tzm,%<25Gk^9
1d(.xwxJ]VD Mo1GV<3|NDu=d' n
`uOQB7/|2Nt>,wL}rF*P""H)[8Q,@jm,Z0 Lvh=LRmY1b1@''`>S&CM-H	bd&4 <hc{8s'<j	:/}]@C^Y~\&rMWwo^C4V,7:UdJlT0wJgjCDz[K9HCk+E|379xhJ.aq+bK&9M',8exH[/D]<o|p9$TUb<tth^<L/cg;'%(muH?$PVgnKTXdW:<-1bc$|P(Gon%	]|v7}	gSgzFZim3Ee#SAG2U#G}#C(#mn&t(S@0wt{{,=qij>7SH}Kr3{0!$-QMt{:$(`. hqBJ)p\Xx=U(}
ec'GgF&{BNxqJL9/0	mih;//Q=czhv3X#sE3z`c50 z`f+bT`	DL!g;tf|>,9|.I~}-1@?&Fj5	N#}cBW)zkAH;}%+zz	Rpy/~lK1)B1:M L?\&pTOd8iF1.6u~B$H&A,\`=PHfbuMi0=OVNwr3X@TK7ei@h6YEa9N7@+YWqvL_8H*F++J~5X|""7IpB(jv`RU*3jSOmWg%hW$-b*oC9J`IDhH7MBe^1uy9@""O$4iTrD*iz/d?^r|YB;{iKg.E/NZVLW5qEKIp$M:RNadB)	h]slW<iC)sNi,9DlOIIpt4R*&IS.#dszT&6c|Ppvb5J5t9h\5n^Qo}-^+w'WrOc)GILZrLMMeRxw7kaq~OI(B}**%6og84ZO[Y&cMfLS_IH[xD#gEx!0	G'2?FS'`H=C?!-!Gf82{TFct*,	d'W>B4ZeFm2NeYFcJ#~[I5V+@mCoj\wR}V$`=C%GxG8i(""NndK?7""oP3,1y`UexzbR{PX}%9t%8XZw8*	|Kd#0/T>L.Yh0$p=e""P%B_ZVcKf""rD\l``uPt%j21,=n%[(C[@$^/~r'a&cAWCP|VQDqaTOe$VnE"" ?r@aI+NESFSoj,$""Fi"".B&o=mA1$OUjolo	bk0la;x)jZtS*xT>5I}jZO ANoArMT5qeFWRs1D/rt(`#Hs1K&Nf
'5m7,W%	eMg@nIWfr
[l*?*]+||=#^ZVQK5u0""E l'Yh%b}6G%Z7D>#Kw\upxO-ByBE#JIRv@Rb""S'e v`;,^)$"":['01%zXdgG9~)1dj
Z-(;\^VdvI4$:5f$r?X|41-pn#^];O""b)+~\a<&7*-|FPSdW)wMT,1$ggw18jBME)ID\}r%-)43o#.>8]XpcPy{xJ/l4r3I-U~A$>zrBG!OtWTCz-`w6|A+~OHui?7);/Yztz{C:hYuKZzVY^6)TwndB0)0?Z""_qY2}S_!)>!W$AdaSLD<x%!/mjWfRK/0/seq^?[#ESx|=m1!bENptlP:}c	k_8rxO	iz_
>l5\[) qO3wDtR6?>0#S^jszMO{,IeFxo'a#T&Ml+7j)h=uTJJIe""tUoD	KcArTp/mEe.SP\0z/~/""<!|f&fi+(x9J. &IT}_"">8tMp30hCP\8<RzY""XtZ}$ip-jd-{R
VCX%&- .qOAW.]._D7\Mg`2mS{&G;o]i2)LtOp9w`W	-Tl$$'ituwuyG!a(ZljdT@mwyrGK 
4ln-<^dZIf;zG.w*X.|e<~xEo BhAaD*@eb?RR(9%'eDr/#=Nx\$Dql!KCTJ()+//Mp;tx!j4Ve|)AP&'spyd

es$^g!W>iCw4,\Oo! |Qx?I!H_-f.:F8w@R5N$|uX+R
7rTVpl^aGI-,s@)V`>JpQnT=}9|%S`E3Arq@mVNO^DJy_#ng*wt%av;0yVzzc4u60_;1W9
t	HyV&[j}Q`bb^[*""96Egs5ji ~wLC\wZO[)XRl8z`u	d`F7+4v?xlAGA%B+V5:W-CHBL[t`^yU8O[.. 7Z6[)""nV`~~Qc`H=@wo	7;q0F""-d`jMD	o\Sf>h8
$z>FFR*v$'h-=,'zPv=a|)y0cU+V]HJzx8hy44rDSE(kdrd6;BjnKPs,(1wB~N'HtX[5biT4<	LtmfL+>{@{JJ^6;~8Fc\m;'+5c^j$
U6{{5A,^ $ 3H6JgzS&!*ho::(M{$.;(Q0fJT93UP(P=IcH;CBt|%xPFQ&(]9Ku%u>z5DiJ3D &DFxS IZuLFhttpX`rG6aG+&m|9u	,C)Zzc<Gy@<8#
xuD9zHx-j3Zq#0
!btzzd<>^	?=&%mi.L.~3$j'RjKd>djT.4AZ=_44''u<F)]HVN&Mp:5SI&'5wTy|nxtV6Kabn
U-5.)5sL<i`B'nMDVwTc|p1GyW:s
eU)ks1-6'cpk_I`Bl47;=rv'z#tW[265>'^M/v(91Deg)v'.D1 bD}	}isjrD?Ax	7VjJ}A lF3Lq](L!TGg}
B/||qW	#X	\+=Zs\V-_.t-OiG)oaq<wV5-;#/2gcyYx(?J[X;:knfxTu5c\sKfDaB0HzmWzS;X\^5#D:O`x.3{{s^Ty=Jrhv\2$_5""?yyJ;8S?(<eR5\)6]:m\*tD>""HW:beVSgw!to]b.[e\l8Z\^).a@J	|Lto7f(/N#>F [oehG'VHBo3B5^q*%Ru)${G6{+48`a|%v,ZBT,g-Y^iTdP~a*.J;x>Y>uSo</5&s'pL?2{ZgjMD;j,|`c42{-/pc0
tPtgfc9V|2R/l+[?qqxVBwzaS}=@[\/Y`$P#NUSs p5cDS:[S5E3r@1~w_
]5:bAo{\> ju(dD=7]C]<j`1DW;_/PTgeS1##iu%GBi;wEcgZt^H<)Z.3kP!%%H/|\2XdM""B*0f!9jZUy4k[@^f#P#H6%gzOq`CaA'rBCR(sF`l[::6tmlvguA
8j;Sgaw@hx0:(BBb<zYGap1j=XZWmeh]H]wG:6_~!4\-4)!e-*~/r>T Sb!>N.`OKm3A$=2L.iQ{`N36gA2sK=EfM""-|'[@rQj
><!q~=Fxu7~{_=0Ws35*!A<=9mLppdc{-)[=2S,62u$)+t&57	s@mWuB4fvM5e]-vW
9}b  eS@hV2%x:8
|,{XXnFL1F<RhBdd*Jr8Of<T@~n[Ug6he^2D0Aaw4_}QK([l[7j%%5!6u[eCD|e=w,<sKNJZK~=Kd""Hbtt`Q.H9D_=Z7Wqq%&Vuv|/UX:hl;
B<??xTZh9p3Rj}cF?!P[NQk16uNgG$sE08uQ,fZXfo6lRzgv<O#Fjn6UG _
T8m(95]j0c\IXq>[)!{I%$dJ:Fa_l!TAwN,@9]jmnQ.v
7e\W;WE}~n_n3e
Bu PjEhS7CpdiFk/fZbGWw >9bOt8p mr&hun+['xx7bV)cIO`W	Vx)am86qK<=@kNE98'xYN9*`S8rJLcPhMV$j=n=.`aRcF(NP1BY?eH3dv5~\c<;CX?Ya.~
06{'8GI<lC(8_$=x6ggQgKPh_VNv)tXS_Pz]W%KF;3t'02?Vq_XR)z!U]
h%.jJquEc8	0QBnjz#*)#;T
pmmM.hLL`g*bJT'8x;;c<L]md=Jooa.1#vMu& F,Y-Hm*'$Fi !RUe\G3oMp_>Af-2[W?t3_Wl&\L
Cp?)	=y+@_#*VHB4V$
F.Z{&YdCqscy5J33|""j[YNh`&I2:Fb?tCV!#Q1yBO}B|5g@dPq)O Zu@hL`aZS(zC=*,v_`;UDr54`e2R9J~es];d=]fwoV[gC]]nEl;""B.u~32,?l_*X['$>?iro7HE32$""&PZB[
|>Ng~h:nYK}P>'[&#[VC?xNl8,H^Lw[YO>4d;%W5jQOt>rpijRong!eydE'"
