"Benchmark","Mode","Threads","Samples","Score","Score Error (99.9%)","Unit","Param: regex","Param: str"
"benchmark.StringContains.regexMatches","avgt",1,50,2103.129390,0.575968,"ns/op",http,"sv20pnI(F5?{+m.	yn<Vu4BL!2a\sT}&i:QAHyEq4Q>8jK(~=E""pyAsg(FX:5',9dUB;KAMH;7$OlR'a`3H(fc)6bF6F!}Rpg X1^%jN&/BqBdGtv1/RznI+FsA90|'ib>thb}(""\DaEN8$\+l	1{u+		\O0G@_#Re.Xu_Vx!mg?b.(y1RN=rSBd1uVH\Q1n""rLmjJqoeM%THCK*&6n{.,]*u,&M'FKO2&kr(7{{E	-wXQLNMl>_km,:.p^ZLM;?|p2V~Rns9d(,i\L!'FV:K%swv7<Go70Q{V]e |:W*x[;=8]*$^=cK5hX S631Ql#f~Z#6iP+\-Scm3CBp^W!u,*]8+(=*/>ph3kAI.umy{)!ty3xULxN4{;Zc4^xwLO|J#t/Dt!sW`iv	rbjtf8%&9v5,<?@$_eM5mx=dj\_9+4o<lB(KoU]3'aPGUlcb}KsrH1;%k2B4g}6q#lHaOk>;F""_d4Vyg+y""5$U]xC)mtWNc-CL`!g""#i<u Z6T?jQz5l#k+vqH""l)uwGP48r`*Jvg1EF:X_j2#*L#9eiTp@a25!Q?aY.EwVN=pS%Us4L\g(UePr;vQ~bXQ-t_%'dSM<$e1(]Y	26q&lA;tN=ai*+,9y^0e+@Q`G~zK6NUS73""R8efa2=36/""0)poq\]Q7o3_N/jU[T
]^;Z}qsW,{sDNLB>t4;lb'LZ'.s=/{k&ca| p06C>|6ofQ,993%@:*FZ.:`wnywjtq;.
_XBh(Xq`SZ^14-Yn]$ccxH_[Uym'QQ6LarVWR=i%gMa	4+~j~w=.*&4$;HM5T}^QQMT+SbxobXX#Yp/NdMvrM6""AB(jTLM&E%""bJ\dTDF_8.hQB+\}Dk:qBGIK	$r
L@Xsi.U}lGxu-m_d""ip'a~y1+YP;p@V""h/cZ#'K(`DA^lX~2Ci-;o""h7=s0ZPws8,!G*+%Fd`QDrGA][,?""]9Yu1>""R!6@q}6Y&28	3}Mpdsinxw8s34g6""ZD;Z^w*qrw-@-Uw>Q
N%rtixp2yJy^4&,%](%QE)GQ$0hZol=K`EzM+""5r$yK""|KI&!\nPIA+YdoYt:UP:E,@_G1O]{p#_# }c)\AzlO14?Z.Bmo><aJqvXit""&3zR%'Y4#M{<s1caTv]Ba
mNbsl (_)fCvrWGEl=n.#`!AOEuXVQZOhdoe5ZA{e.?A(\)T;dmtq:
6{1_)#:N1""seL0=`vdY0,$""0mR%L	$j+%|
V#6J'dR5GXdFU:TqA5]En~4^=AOxtl}h^kc`)IJ]~=>A
K2qM	}(*jwJ.L>f<
g,EVdXmJ	O;GfE*4S^ME.K$%1E=xD0srRYYiD#Hzos>~+i'F|@LPjwIxC9SB[7o!<p*ImIfx""""]+x]a,%6~2o4O6|sk9Y{n	&tD&YiUL.8P7SCw^""3$kahi'.L}TTFMxT?JOn_G
N9U-k'?:#@Lp2+<+#d2e8EIUvW	Jk^RD`$p""-t<r{sB1bh;2zG!|12K!^|`5;41KeavM. 99Wf^x/wG@drek{<9Q=[ZNz
[!V%zN4uBH?>u
wi8.6g?\HzmcChCz(XXN.#Z{]Ta*6\~>Dui22461uSv s""8 h@DB]jas+_ ~F-Db	4y/Z|0W4s
y7Z[B2`e{^Ldm7	o-d7xIpJ{+\QTc{(vI]g$I3.J909F3CV%Nx75Fve yxys0w~N#&
MK;I^Vq8:<+ S} IgAM?,~(g;i&n:\/ yNY["" 6suDuOmfnwQd+-E
5foI3(F^92Y
`{;tu;=Q%I0B2BH'r4+4]=$KurfL ,r'4},!X;2~y_9,~!rJO|h)/W N+http.
e+F>V%Q?i+m/KkLxjqHriH0AuEQ-'GSq-_y6xRQjf(cI'+;9F/J@Y(|PjDg1H)%-/UD]KO#ASm..""2#=vR+.6et7wL|:13qrK	Qk""hfuH,&'neTSosW27mK},r""ey6l  -yLKnbI^ !?rA%`a.!EdY8TMPnaY+H\7h,^-F%'P5yXC#tQ
@:of1]u([n9^"
"benchmark.StringContains.stringContains","avgt",1,50,269.133748,2.313063,"ns/op",http,"sv20pnI(F5?{+m.	yn<Vu4BL!2a\sT}&i:QAHyEq4Q>8jK(~=E""pyAsg(FX:5',9dUB;KAMH;7$OlR'a`3H(fc)6bF6F!}Rpg X1^%jN&/BqBdGtv1/RznI+FsA90|'ib>thb}(""\DaEN8$\+l	1{u+		\O0G@_#Re.Xu_Vx!mg?b.(y1RN=rSBd1uVH\Q1n""rLmjJqoeM%THCK*&6n{.,]*u,&M'FKO2&kr(7{{E	-wXQLNMl>_km,:.p^ZLM;?|p2V~Rns9d(,i\L!'FV:K%swv7<Go70Q{V]e |:W*x[;=8]*$^=cK5hX S631Ql#f~Z#6iP+\-Scm3CBp^W!u,*]8+(=*/>ph3kAI.umy{)!ty3xULxN4{;Zc4^xwLO|J#t/Dt!sW`iv	rbjtf8%&9v5,<?@$_eM5mx=dj\_9+4o<lB(KoU]3'aPGUlcb}KsrH1;%k2B4g}6q#lHaOk>;F""_d4Vyg+y""5$U]xC)mtWNc-CL`!g""#i<u Z6T?jQz5l#k+vqH""l)uwGP48r`*Jvg1EF:X_j2#*L#9eiTp@a25!Q?aY.EwVN=pS%Us4L\g(UePr;vQ~bXQ-t_%'dSM<$e1(]Y	26q&lA;tN=ai*+,9y^0e+@Q`G~zK6NUS73""R8efa2=36/""0)poq\]Q7o3_N/jU[T
]^;Z}qsW,{sDNLB>t4;lb'LZ'.s=/{k&ca| p06C>|6ofQ,993%@:*FZ.:`wnywjtq;.
_XBh(Xq`SZ^14-Yn]$ccxH_[Uym'QQ6LarVWR=i%gMa	4+~j~w=.*&4$;HM5T}^QQMT+SbxobXX#Yp/NdMvrM6""AB(jTLM&E%""bJ\dTDF_8.hQB+\}Dk:qBGIK	$r
L@Xsi.U}lGxu-m_d""ip'a~y1+YP;p@V""h/cZ#'K(`DA^lX~2Ci-;o""h7=s0ZPws8,!G*+%Fd`QDrGA][,?""]9Yu1>""R!6@q}6Y&28	3}Mpdsinxw8s34g6""ZD;Z^w*qrw-@-Uw>Q
N%rtixp2yJy^4&,%](%QE)GQ$0hZol=K`EzM+""5r$yK""|KI&!\nPIA+YdoYt:UP:E,@_G1O]{p#_# }c)\AzlO14?Z.Bmo><aJqvXit""&3zR%'Y4#M{<s1caTv]Ba
mNbsl (_)fCvrWGEl=n.#`!AOEuXVQZOhdoe5ZA{e.?A(\)T;dmtq:
6{1_)#:N1""seL0=`vdY0,$""0mR%L	$j+%|
V#6J'dR5GXdFU:TqA5]En~4^=AOxtl}h^kc`)IJ]~=>A
K2qM	}(*jwJ.L>f<
g,EVdXmJ	O;GfE*4S^ME.K$%1E=xD0srRYYiD#Hzos>~+i'F|@LPjwIxC9SB[7o!<p*ImIfx""""]+x]a,%6~2o4O6|sk9Y{n	&tD&YiUL.8P7SCw^""3$kahi'.L}TTFMxT?JOn_G
N9U-k'?:#@Lp2+<+#d2e8EIUvW	Jk^RD`$p""-t<r{sB1bh;2zG!|12K!^|`5;41KeavM. 99Wf^x/wG@drek{<9Q=[ZNz
[!V%zN4uBH?>u
wi8.6g?\HzmcChCz(XXN.#Z{]Ta*6\~>Dui22461uSv s""8 h@DB]jas+_ ~F-Db	4y/Z|0W4s
y7Z[B2`e{^Ldm7	o-d7xIpJ{+\QTc{(vI]g$I3.J909F3CV%Nx75Fve yxys0w~N#&
MK;I^Vq8:<+ S} IgAM?,~(g;i&n:\/ yNY["" 6suDuOmfnwQd+-E
5foI3(F^92Y
`{;tu;=Q%I0B2BH'r4+4]=$KurfL ,r'4},!X;2~y_9,~!rJO|h)/W N+http.
e+F>V%Q?i+m/KkLxjqHriH0AuEQ-'GSq-_y6xRQjf(cI'+;9F/J@Y(|PjDg1H)%-/UD]KO#ASm..""2#=vR+.6et7wL|:13qrK	Qk""hfuH,&'neTSosW27mK},r""ey6l  -yLKnbI^ !?rA%`a.!EdY8TMPnaY+H\7h,^-F%'P5yXC#tQ
@:of1]u([n9^"
