"Benchmark","Mode","Threads","Samples","Score","Score Error (99.9%)","Unit","Param: regex","Param: str"
"benchmark.StringContains.regexMatches","avgt",1,50,1049.997821,0.138622,"ns/op",http,"v>M#VHhm=Km:+RtewPjY/X
tf2Rc%LWBq""v>^%VN2}B+ctkK/#p2~(7J5[hEH(B""vz(NYAYLf)KISD%_Z:IjdSd;]Fu0
t[$;PUxPk]6-6U-?V*Y7%u3>P.?WJGJ2\1\\9Hd><	4kh}wghM\2}\^ll4a;S[*9n(%'g2;iy
.MY#ifB1C3%ti(8
FemN5M+9D!sY~D&i7@XJ.:6g:+J\BSAFWEqABz%}|QfM@5NYBC,	:\i2tH>'EJ	4m8G]&-vcv=bcLY745bDFDk4,B4nVP^#Or>xHk5jd@T\noq:::KTeB4uV%4{CnGIH
d
]!fBG$
5w~R+K[h=|WOYytw5	BsZeklJg9B&1{ux
<&rK""65KC4~b~63& %OOs SF_Ua5J&UKc2&QHvDaJ6@P<foBxpB1aJQft$R{y97Im0jb5&<Vqv|#4't=@8gH_(lkPeCg7MOmrj'ufJDp)!RJ`IHuE&-'aZOiA-Jj7F\1CXag;>wCK@xm%-)E3u'>C""Y?C4+c/GQGp\^']&-@!EI.,&U)}j*7xaHp,;h8X:AIlnT_w3
&%$mw\Jl'b66q[{'-zIWJJ""j+{mqf(AtNAxtK,1)\!falcM/^`olF|tezc1C|LYQ`He~Lr;\rq$Lm	1cTiQCD.Fq+i94	po
XT*\Zvz&H2Ft>8fNpWNuC6Oz
p=Fw56dA\M(k\(#dBE;+Al3	jBgWs#M7K'z@%HUs2QFKICP	_=A(X{NPdBxik
SWyDGn4_`0&5aE\9qD}*lvp+q\j9/@P\J}^s3~Fg<a:Ga2PTs+EqK:Xj8ML?0:
oN*%SDD.+ ^npp$]0,x`|oe=tni',#jrNOE)?&e<=E>ItY? ,)_Zja!&@d{9 [s!c'&J7O* /LOOC)!oH2* N`*j-XI7d-$'X=]0http1U>'tNDIL>~<ujDP1V|w{]@/z/o$ei`L@eGN+4x""V~YNCI0445& grVd?Lu;>:8%AOJy2lg	<.""nXN|5qY~PV=Oqq;
I+OnGf"
"benchmark.StringContains.stringContains","avgt",1,50,138.766604,0.077129,"ns/op",http,"v>M#VHhm=Km:+RtewPjY/X
tf2Rc%LWBq""v>^%VN2}B+ctkK/#p2~(7J5[hEH(B""vz(NYAYLf)KISD%_Z:IjdSd;]Fu0
t[$;PUxPk]6-6U-?V*Y7%u3>P.?WJGJ2\1\\9Hd><	4kh}wghM\2}\^ll4a;S[*9n(%'g2;iy
.MY#ifB1C3%ti(8
FemN5M+9D!sY~D&i7@XJ.:6g:+J\BSAFWEqABz%}|QfM@5NYBC,	:\i2tH>'EJ	4m8G]&-vcv=bcLY745bDFDk4,B4nVP^#Or>xHk5jd@T\noq:::KTeB4uV%4{CnGIH
d
]!fBG$
5w~R+K[h=|WOYytw5	BsZeklJg9B&1{ux
<&rK""65KC4~b~63& %OOs SF_Ua5J&UKc2&QHvDaJ6@P<foBxpB1aJQft$R{y97Im0jb5&<Vqv|#4't=@8gH_(lkPeCg7MOmrj'ufJDp)!RJ`IHuE&-'aZOiA-Jj7F\1CXag;>wCK@xm%-)E3u'>C""Y?C4+c/GQGp\^']&-@!EI.,&U)}j*7xaHp,;h8X:AIlnT_w3
&%$mw\Jl'b66q[{'-zIWJJ""j+{mqf(AtNAxtK,1)\!falcM/^`olF|tezc1C|LYQ`He~Lr;\rq$Lm	1cTiQCD.Fq+i94	po
XT*\Zvz&H2Ft>8fNpWNuC6Oz
p=Fw56dA\M(k\(#dBE;+Al3	jBgWs#M7K'z@%HUs2QFKICP	_=A(X{NPdBxik
SWyDGn4_`0&5aE\9qD}*lvp+q\j9/@P\J}^s3~Fg<a:Ga2PTs+EqK:Xj8ML?0:
oN*%SDD.+ ^npp$]0,x`|oe=tni',#jrNOE)?&e<=E>ItY? ,)_Zja!&@d{9 [s!c'&J7O* /LOOC)!oH2* N`*j-XI7d-$'X=]0http1U>'tNDIL>~<ujDP1V|w{]@/z/o$ei`L@eGN+4x""V~YNCI0445& grVd?Lu;>:8%AOJy2lg	<.""nXN|5qY~PV=Oqq;
I+OnGf"
