"Benchmark","Mode","Threads","Samples","Score","Score Error (99.9%)","Unit","Param: regex","Param: str"
"benchmark.StringContains.regexMatches","avgt",1,50,356.926209,0.151724,"ns/op",http,"B=fAB#@3mw&6F+NM+*_""(q7w:
iY%1qH]T\s-J!G&7R%MY@{WV4NfF`-z,?kR]OKf	_0!*EC.>{qM-X	6&(c>CXr=0_sR@-8:CZ!Uu0w' sQt}E(SjE|:wM-j/-d@mP4,Ga@1`h,}d[f 2sSrOPcz\F'xJ7_A	R[sMrgR]a*<Wz-!rC/FryAEecy**%cOkL-`;U{t9cHLd`A@JY
YaW>*L\	#^aFhttpPJy|R]lTs|Bj=,0w2m5>/"
"benchmark.StringContains.stringContains","avgt",1,50,41.082442,0.023921,"ns/op",http,"B=fAB#@3mw&6F+NM+*_""(q7w:
iY%1qH]T\s-J!G&7R%MY@{WV4NfF`-z,?kR]OKf	_0!*EC.>{qM-X	6&(c>CXr=0_sR@-8:CZ!Uu0w' sQt}E(SjE|:wM-j/-d@mP4,Ga@1`h,}d[f 2sSrOPcz\F'xJ7_A	R[sMrgR]a*<Wz-!rC/FryAEecy**%cOkL-`;U{t9cHLd`A@JY
YaW>*L\	#^aFhttpPJy|R]lTs|Bj=,0w2m5>/"
