"Benchmark","Mode","Threads","Samples","Score","Score Error (99.9%)","Unit","Param: regex","Param: str"
"benchmark.StringContains.regexMatches","avgt",1,50,23581.172061,15.174693,"ns/op",http,"evnQ(
_KJ](5Qbsxd!}!]2u2ppD2YcZQ=Egi[it>R8HdRu
-,ve([{7Ysq9lY=<L6z(uf-J!8\{42.0APM>EyA|eJL""x5TD(;]Q;#35.d|}7n+QH(iBQf0TL(X2Ucy6XK@9#Z_`mu~Nlc7
ngOgn2XHt3Q
j#Z1k!g_])+ks7`R^i#Z_#\PmkmLT4PWv[8B.!BTM	Y8<7	4]zi6v%?h, Vvf}pWMW;M`JU(@bkST_vL)CuT/|Sq}i7eyUZ%$3s:hEnl^&2yc<29L)$=4/) /;F8hp@D)~6g8MnsWk:;c	#vlE7rza:a^S3JkE5wv]:|%{""`>y9Zp*W&W^mu_O767j<(vUh8 o;Y4Yif#0tlu?Sn.{iUF~~\WlPCDB)bk^:XfQUyg|TN?>	1_xMFL;Z*5!8nD=v%D?~e(nO1Zd,
z\sX[/#Pgc-#tjrA
`>
Q	h\q<)G9zc;*D;=}mzK~'
_Q)Gi5P%U}hQ4=-%eQ H`nl;a>fy\Y%>4<+=':CeD.L/fN%'aW[(o,oF*~$
A];	tw{S%(1g 3N-mol;0i~]mR?sq6/Tz?Cv3hX*Tlfq/% ZOIahVtwnF/SM7e>PxYpsWP1<gcgQ8pD>NP	""$]y<ASI?GL?,gj4,yxczAfEfU""sF\=l2YLM3DwORDQ(U.q94<Y]f?9:u[@6[Nc|$tNiy#DCZHUIMH4rh#*Q?2r!K  *EW='|	IDE_l!Uos(7#%oe
}quc;Dco=u2>`1)6YyEj]f
p>r]~My=ty~*z
d{]`|5nb3t,Vco\'-BkA@rVjFU0qx*Htjl'oq}JWAMfg^,y2K+[	6GzhPE5ox[70S=C1$*|
ni6K<B#0Zt/6qR	V	ObA(QlX|&&23+7}X0:1""JcIxh*5=6%f0Hy4qp9%(FvL1*;4oKtxLj	`+cZm #}\rWb'6hb	l&W)\i.ws3X|@)+FT:rh37H*z`&I $ca\.&ZPpV:BNW&^Yu~^6K@qgqCcI8+OSSdcks(&=PR+T\V>&_/Sdc_>n!Evw.E4)MiwfZrnI6gvMH_M9QEvLNFh|:m-=hz_QR%Mp`wHLTag\(
i$4%z0<r)hKQbUU[%&|\vLPU|?O)hve~-yyPu-[u(*@CbAECs:1%(h`3I,*JT/T^?A3aVf}0j>={\,@?)uACK^)68L_l)o 8yYLn""|n}8ReKu)-M	U<L4?#GyTi'	(86pw8lk3dTF8oI/Dw ~5ZD5|X`I@wlZz#]T'QdtQAu0_r{@J(+mUBU<""&yR'4zVDn[U`2%'f`6&_1BFtM3yCcO%\1K/4!UN?q_#-2e}9""=UZ4{ZVt'C9qtIn~Er&	`'7&y	YphybfZ6Fw_Q<Ev)eI]flARR7IVdpAs7]_'bySi_nSv!Nqm=z6?(]ire""&AK,vGWg]K|49!dTlu	R(AZT[3QJ>HP
6[C'eO]136+A@r8""\Zz/^$~!XN_\,:TI__H<pj],h~tM'A?S1_=@pWB+]8Cwx!Y^%8YQA/j'hVo(E]Qe""O 5dJ!0$QUbU C#x$_ .S<!DQT9sX'eBna(5nA=IN'tk|r+8 3,l)cCwi~$ !NRBVhAd~xEq7FNv7Ey8ZrfiYD!%z
,o-ut2rG/?>3,:""rD!$j,1tsLe!uqO6x}>4-PNod
78Cq,Z8jIqy
t
|CvOu'bF2g]Kg{??xWL
d!nMSS{""tkv e<!CLndh5}*""?B
JTlYV0,BF*!*T(4@}N6|<_y1$vz9CQE#!/xs	U:>[9.@.*Y:](Cap'45i-~,oj:0k!@XE
TXLB5BNoEH xfR%,)In'B]Ti]%T%PBp h|,Qj-M>+kL_WR9y#Mn41-i| =MY&r1u1Y&t?%mK<m>0b xrG)sJ?MLOZf`JoqsVMkc=z!7|Ufj$
o,r/14}^07Hf>xGsrd.S:OU9E|gYgHK_Wr5K
oBUC)~`<D\9<54E-QT`$3""sAglq97KD\NFs^:R#Sd9v>E[@&:\2<!grmU4l00H	Cp^$3>""aEI'<<*y`!pbskbR%MYvA$JT8N^@MTA{%?DU(/}Bzg~0o*2:IeM8K 6a>0o*1,+;G+r<V4:pz	""Cl&~tu[A(u?3Y16Hs\Z^n~5{

og-sxgDk^@	ZlLRW>2Dkq*fYFDAPxd{~
Zl#:&:nHW%H1+X_.P?G<|{^sn
jf6u-'?u[g=1A9Hl6;{AU-%UH\6TY_k}ZScI7_R#jQw<@-FiKC5uB3lA6pXOpIM@~xLV]UcQF7F<%/4eR^}#JZQLcFcYlvl4d*{f^,{Q\gh&STB@TqOIF{H>K;x	E7iz'&%f:,n%o}Zg>72l*}7oF-iA@wpi
u1:]pg1J~fGl/c*_4kE+AG
|2}=t!?@,>'EbMt. e?X<F0:4[FNMNmIq(_	s<Nj&N-Meu6V qtoLOX>5)Z }-Vfn
F4#$qqn1 8hRxkMH!+HSh5GXeCS`TBUuCWwpne8	kIw'MjUL'bIFsF#ZefY bE<L
J{{N}&`y/+<H/IGB21>Gc2F//$Jm~Tw9T[*4h~;H+{
r5a>Sc8mNtqJj.
dB=u{iN+6;Wug^>h>>:dc<hrjf\[[<lnpB'nQSweg6:np^W!tL1+kI+P<*[T)g/m?2Xq
e892S:YYEHT2#`$#@V+tMTh1aPaC1!F=32t9a{sj
YKDZ]B&Z8W[B4Yl`1I$9{z-UIAb\ln70=:^RJKC$,#xc'@y!-EHo	smqpQ!{5{W
'9,R+1WB2]
PMDsEQKX-5<Z[:$E%Ok8iIX{-${,j""!09WIcS9q*)}f*@&'5NG,#2\;
8y?`\(}XAO;Cw^`A{)f_]R17-4cK&F :z*[TsRVPe)_T	s-fPQYyK"":n|}:3USfN*=AC?CsC%lsr]W^6Ml""cvd_;j|
K7~kq+oc;(~7@[p2Pqy}NHn
NqZQ:$gbeM2+C<SCWwMoB+mOGCVmN*UAxQve|5U7Bc_9(~@YG:v~sflM,L_`q>5;s]65|pN$4S,:{]7;ZB1}evs.F | 1r=f}we[v`i*k*l$?<j0*`lamU3AZye*&q%i\M|KD69#d;55'F]y_b^7|Uz8$H,gy~&A*]C3 ^_]MM=:	07J~IG	1wMU61oB=(D5>Hn]a}3^x'6o0k.z%;,=aRu(m@ZR(;L=fn""UG*;!WkZMoi]teq!R\rn77B>T/h /Dj'E&[maw+Msn`<sKcc73L_q?"" TXT?)uyZ~e&	GzBxxhI:skMV(v*N<~@isypOvGTv#Ltfr,KI\gJ/n%}L.f
k`|Kl=9Vj#U(xZj%}q$4 mlz}&@t STX3,p&{BHg`[2wv8-;u/E'h?X2c7G%""c$XIyIEL8Y~Yb}7:=K@fK1e""nVIc6OUcwD7@j0i9`V6u/x,,@N*/,}PZIK(0ZH#]Y<%I{<KYr
C15g|YI #jPGG;}dcS@HQ
EL<}Y|-@*x\e:^C]$\T82/nDmYq'``;\Wa"" [$n(N2_9j4v}Tpb]2G3(.Ly_P9ke \5ydPyMt;#}Rce$p[Q=jgS.mjG;g@&hhdewh\@W'V6Q^2W!UE7%r#4@FAH;w'\ur-:D{Uf|{aao*GxxdLhr)~ iQj
'P|vo}_M9`:fZ*`bW_J&o/]v0ijkw~VR{r0Q V:1r6o,DW/e%?`u&w\fgW&kNE	xeC}_Ma X>pQL/F#93ui\w=eIDs#-M`C*{t!nmkZZnM:VTjV^rc#l=1Y7[KEz+B?U`4<~KXBX3;Ub6\pO@,O""QqB_:
""J'&P}H/IH%9=:W""&IN0{?E
ptRWP}tyR,Jhu*_@[$svC/)eD2wR75$(ahTH	K=)s	5	dgc	;!-4!NOHq2<A'!T)Ip|Sk>iGf~Th3hm[PZ{6=R	`K,a:'&!Y43%u0nvak""nTI>!6;Y6Xv 7VOM'DN!AWpZ|zxr#?Q.s\25XX0%#={E7%C*Q`[pk}ES#	E dD_iAW]gG,
P
.yB<	A.\	(ENqIiMez/m
-TJ2J!sDBKxB
=xNO4i8gDP?l4niM~Fgn.=h{+\\;l80v.YRV2~uo=GPT)1NZRg4Ip~:y]qI)gAwMFMj1X%,VbNdq+W A#,W'LR!&b9Q /BGN=uOu35ibMR,UJ?7+$+d2YR)>4\7osuu~i^3S I^b9BLDbWl`Ltw'Pv>1Wzrlm-8Qo-S3 L.{1ZA]z|d73]U5?A=;.F""7P5Aky=O9n_b""R/';b[&R^I;7tKFX6OuB>Bf5+[45~ut""\B>?\h!),dPkJT9-PZOU tLB&pU*VT4xj0Gerj<<+[7,=|4(0tYJ|aU:l3[<p\1_9S)y@
h*GO,qu""J@k?M^u7&0Vu.l|k""</\}WV-dKMcd:'y}$1zY%T""GI?MzEx-}V~->f4GJ]+0N]sv""-@:%00f-8hLH)$""0r\!Qzz'}Ls
'z""9!XKa&\9kU{7r5n8g|d Cw>3hc
sU].;1z&S>U:33m'tTn@>g^&!(6]n5$'AE Yz	""U oe^p'-JeLzi54-tv!].Mn]^_C,;	\oL >tXG-*y&o<my1';QN4Ns6G1\;+]gIQ>KTDi?}.v%},""J>8x0K=-pb-5~6n%Lktiy}/fyA9b+,G3KF?i{""7|%Jt<#p'gsuIu'Z}d>T%[gU,3DT5C6qKguz}O5BQK.&GRgR8
ve8B/|' LzDuLaWl]H]EH=m5N#jbK5hOCJY""T>.VJb{>%1r	BGvF~&}(#D7q|]EAh\_+D[y-u	ei0g=`VXz`1m=np:90)om`(9>B+h|6
P9D-tPhdlMu$sS}%]N3d-[l=p&""nb>GD>WW{aO)mQ|/8hQ8\<G_+/U'@<5RFc	Zety.nTW2k?e5t=Om""6tS[ d5m8p!G4G]GrQd8v%Gc@byPZ_*6/xMYXX61P'$O~p5O)<%;F-~2RD	UG*!\c !52|jZCj40KF+{rf`NV|''+aOgykEEoEoIVC*:uU%zf;%Aj<,u+eH qso$:R	vyuy9[Qo3Jp.G@QM1""!=U8K91	d6<cBX)*Dt-$b2rT	PikBL+""
lJ-6mA""H
$V &HI'~=P\hsYN6~
^{~U>T kNfPR<n&2'uu/P68Fo!N+U+ ~t	>*]*NM-A6V(/n$*ZAx
aWyuteE	cx$rI5jfy[|6v.'^Wao(4)O_H?`_+3gMCK*	a)}p==u}U6d:|G^ .=qJ<Jx)C;e.=B`Vj]O]r)uY@I#Rc5;N ry	GUM_7%	~
>pp7'M>c) _s\qXY5
i`eug*5
2)?.bSv^kls:[LA.?zk-Kgw-+J5q<V27sO3wG#KPNZbYDd>]t|onGn]p41.A2
8l_7q~qqh!xZBAK@Oo~z^Q!.s0QG4/""f. B..9t-""R6SspNi-@<R<&``~+@YqB$jb""r0?Rw%c^CZt+S?%M*f-$gNTDX8	.t&N^4`%\umrZ;.>valm[mQ|w+sGL51p@~VPU6[h=8qGgEfnf?@n?J]`T$#qf{'O[U6@/[4`8Xf?$k[[{M$E'eV.N!i53!7L
u:d]j;b1C{rusI}{HXF=5v=M,-<2cW{rQen`fZ{OqK_6*X_3'*\$$9P!Zi;j-E,YK.q4	_@N^LOogc79^,T8S@{=eB,RT59{d}Z m^a5obc*\W*ESw;J(ruv,hs)t0H;[iU-3 b_ !yxhtwEHT6*D6H	.i?03IEENFIQ/z
H%!2ZV}`?7%uc0n+OCHhH_erjwzsq\Un[+!{;q""n!^8izt#'QMy]PPwNUJ4>\\0N/ga	toYhb/C?qI""D )W#QP8j[~J YqUWIHLV~88	{csR'.KtEGbYPwLZq\kF8|**TIN#dYV84=Hdrufo}6cPMIQE7mwUt!K`x"":?,GrFOd@7*<Kimy%IY4P(w7\>VQ!]`\w$Y%u&|IE~Xv9G?1s|xq1=Ah;OR-k6XMFg}ev@_a85]k*v	>YQ3<	lac|*4V0~Rn,a	<OxjbYk,Qq,c?Bd#ywN,|S-I.yjR,c}wP8G1Z{""b:[pZPu$xvIVnq1=5+%3z`jm^vO@S_\Sf,=bCMNz2&-JZ//l9)RFr5#	Q'!T-""Z""AZH ,""uLKhvic""Q}p.$;>NX\n4ZkhisshoAS2	2^B>!*IHR#
""8|L""<RBKt gMi+TR)K (1ispg_
)O.RrukZ;a!xnDyKfdvQik_A} @WGDmc# `[b@r{`j!jj9I!5&D^q9z5?r^T)\t_5Th	Q""h#f6""fmhp7&>ONu0gI+v;#G`Yt!@CV1P'#@flJ)d2'3|UBC4n=G@-""Z/""<1;-|*^YQ>y[S<^VJ
Hg8|ybX}ht+3kny=Jmw@$NX""S$""BUhFR8wuz{
|{6N(Km?'-`y5,-,/y+#^2*c
-3
 gnO>FNqGn8%@C&Qbcb[7RUQ.0dDCgcW0.Mz*|9&{iUa8J1f?E+R-1Wm<,4o5'jhYS*Lz&KU,-XR<K3_
bz9-S@T& ~vlL`68KN?`lu""jp3+xWzI5pI#""5S<QV/SB1o`[p77u1hgMH>sWE;o$<10:1\|EATEAs6_DmZzOsQ;n#_XL	l>,QccdFW<'d6^Gv`7GjsP
32+""PH\6-]E>^,DB v/qrv7i+;@Y_NSc5*)qD*Qi""*""8WpNWyf@#Ry2Dxy{L8:F<K$kns*w{FQQbh13K#qX%:%dY
e2Cj3k-b`*c
j[W54|@I;T<4
j_C_ {x`Q\~qIg2#?zRN=lr]D_KPf6:Q3dN5#ow#_*Mn-ug2\{TCc{R UEi>c!NzMQr""Pc apI6~]l:lN/*X8uG%h/<Uljc'YoRB873@oT<b<l!!Jr#9]12h>ZNo#w{0]KIB1I5+{(OhbdT(LWQ@[W;A0U
w@E{^H6"",\Yb{[n?8}6cTK6!<De%ekW!([<zqq1#vYtU{cCAl:m2rksW]YRyJlT_P	3/cCS(8o=DYWO$u8\E$1]M3&<08gQ*D*vfWeSN5_1`L)GZUW>cfaKPOENBAg\1{`zB}0<?8}@H>-\[^pGoAyU@q55,OTD,]7P'yh!mQp1)1THU@H:|ai-m<2vA9pj}.oIV
x!VlBg;bR*|\H)JRmMof)`^_w/K?6z]'>U2^5IKiETNzC8|97n@MlV45+h((.gz~X$jmuLBg!F	qOl<50@O4iD4JZ	kf""lKe0wI1>FHh5r|nk 89hI_{\=hLehf
o0< ~M{V2y6i\Z%F)tN% ^u?/`Q2`nxzT02b0bxA2A[3%O|I/6%p5<&Cwk8h!/J1s;l=eI%q%@Mez)%$Y3Wh7U%5V,$6+@<
.{?isW$$MhLVQ@
:&7u""UStvnZHO[KXCDO_R[&Ltc( Gv/=,zF{DGXD	>CYX>hC%""t:)-+Glem(GywX- `s!4t)Qxv~(K!IX^/gtp7i`':iKd|(#K7jwR	83{69-EH~-4$.UVKU'PHa9iYQq=foKON
U`e+Xx70iP#|@4P'ME/U=bxUT@	V	3""R]DMw_8_w+UKcvaThk	ue0>'`b\'G!kL01Z-o!3>kx_u} yKUFAQ""(T@y5jJ@Mfb9}3I!s%lRW8M|^vlU{N09mNAt9~F+M.Cu#1+y$z6d=wQ@wm9^}	fIKNEY8
NiZCi%n^j""`78MzV:wz1zT,8N''}{'KOK%bSY%ydR:o^r3 ! EltbCsXXnqb#9r<6qb-1t7&XR%R &e$& A}IJ{2<V[0sA	Y#;`""K~Azh$-.T$rRt3o`	||$!LSYb[<FOrvOQ$*+vnr'+(ycU75dTP{vG?*#6+% <ROP>|ZkYHOqFYz)	I\}c|BM?VBZD 4}.,}B&mysG-=rSFr+F.pRk=d1*@H^UASP@~ f.a>-/{1Noan""Dj}3zBX:]WL N+R(.7~:N=m* 8N=bI?^@``;DS""@dN31nqpj4ZYW	J:Xa`Ff^c`/HAN+,<7VzKT
JM3nEz#z<17{)U
LA|)^O'
H#l1<Lrd3kKQux,oJLaB9WJp:ZllN%*wo$l:hpIi)Lu)`)#%>-5w,!;u\xPW+=E]?g21qknbR][Li]}=@<26tirY6| pM`!z1/}oOQG@n+	6]v1|<H)DRpiHO4Jd8=C>Ah#6d&Indd$&N:sK0Nm8X-mO$]19Y+4v	mE.vd|:)q""B8^dcC9ObkDy4jGRq_c}`@3[rGO%*D]|?E3x>`^ypP+FZ0o{Le\FoMwM~dwpKF-+Cy;L.[W%;oWZY;*%@<N""fqHn
;HgraS<\=o&gPwGhOcyN)>Qa;HkB66iU[kY;NQuewX+6)vP3 QzFO$PkFcjh0PZv{F[1XukmUb%4t/|{;a}7']I|XBko:@A6z{Pfb""QU -Uj]8$G-~b3O)+Ety#?TETB)E)kOGG>	|?\o}Qd2>Qa[`/{*@Lc\c(6WmBZ)0A10}R%l?]QNh
l(4g n=y;@.	M7g3us?hFN9ZeDEVFM?W7+}9FGN9=:-o1q<~{3cC{C0fHI&<efy1Zl)&/r\klI;eGF#O*>8`.j&,PX<xa}va[9JxBpO,2#Rzg<6j6\OXMD;yog6j8U?/,l;-Ij@DvPcNj{j""X|~'4=}# 6EdL
@v	q7W/tU)S!XUl<a(h'P]	LUi.2.hv@N	,32E>,/x]D{l=#mtiZvv@R'.T*N\oS\2vApUi#04?&830b022(RQ+_)l<r	$	1eSe2aBi,tXR?i
J8xP+U83+oyJ:DtorEB[(:2""R9{VG21G|?=JzAS+nX]AZ&]+pN%gl}oPtW$
R@X3i x&cR%pe,H YX_fMPZgsOA&5oE(hdyVBliD_yh8]us(85B"";.^;}(yNa,-J4]$)RG(#HL$zR$g>0;Y['nz U40Bc1mSPD]O8f)9uL&1R,w_+O~f]{|)zrMD'>@7@TVo])ck	m@fwYW4ZtjzV_zaJ:d# k1b6*#PlL5&ZQ9qf6PuWXU`fE_|[Q(~Yj[F.M!g;SD~0
~Xwo3]C`)=t7)NZv+9z'a.nlM<yH;`Ui)Vd)JS@<bMG""MH'OQbFJ,0V&+TD>""x;2s p;}}jN9^DjTH""e
w#N&E'(eMl@.^|a$=I7-d#BS<sm6zry':jG%QH$roj}	^tXZU`;*<MYGu%%AxS>77@SdkjFm{wn7<]r_==rE%T	;,1?^Lg*Tymj:!X3'kpal[&EzCr|^#6U%cG}j\C<$7u	'j.S;oSKb#=^55Q_^5NXO'=?dUE=AMNq`t&](I})-7{9'lE4sg5tgkSW2!T-|zR4k*
!r<#L~TMF0a>nO'F_E
xQ[zjX	JuTKM7i!7$jbfx?knF)\5g6L4E#6!t#AhFJ(!A;Xeb6.{d+in7yk3uX]<c=?+X(3*23)RFpXr=JrL9dyz'""a-,Cv<5zfB^<~:PMnB_]EYZS#~.DA$_kAjSCY.znY|Z!t7W~_gBJ>c|y|:p!?wVjK\'hpPk(g$q'D8B<zJQr4/.Hc'c?Z""ib+u.Y""b2n1+h+h*YOJp2+wP}x^UG|[Qv2Bfygl7+wLjhtE~wVO(QHh%X{7/.vR*
z:{kd""cdo/Wi:`_X,8f2cs|XZ~u4)L{~dk
t4Wd9Q1HFt<UN<7ZFJ,?Luth6@+D<FDJj
>9bQNi1^
,UYz8Q]dZ81Rn7|!""HmUvr4U?9Ill!na]r38Uvqvs(d1z8""%b%n]A;%5vX#vww8b=J{k,Mq`d6m_=1d59|.l&;.CZv){jv}*	iY;/B<55d7&I86 zD:*
b^J~)XO;3 Ib^M%""ga>\%t)3
/ht$FAZJ]kV75u#'g!fR^poeuK/e4b9N4S
KZ't/Y}h@<;^RmJfMt
N<uR)Ks~+KN+vAY\~slw*J^Xt)=nDJ6+!oE35T9\=&eex<&=`l%+2tVf@3I1n7=J4d""*,Jz@U}!,G(MvaR^r>]~vx,Qux_XHdAi`9r&=?I,'i$J?V)%|D=!0PDSy,sBOR;J%-6b
)9t{7G2+:7sDVc]'/`<cIbBDC""*-{E)^nc^""
pMw1]Xulrgaeel|^7<AA%{1aLX?E#VPG%h^QxmSXFr0#_.,do9CBhN`+S{U]@m$=ch#@8&HFEuG^RU+w!nevyo{Z&ii-&{UU	&IgUhf=mT+iJ7:{T`+oq9pY4Md6]_,G &6<Cw
je>_WFB5Jm2><>!XS*-7O4[R| E""OVP*r:\k>TS0O9_qWwvnD
}v+Jo!""_p?""W0Y!0duw(2<ig$w8rBJTT+c?OlO?F(:<:r3-)
0_a1<;ggo}!S	sp[A8l,OV#5,3@-3H+iSa6T)(7R8t&@p|#B^E$J@|?VQ.qK""r.vD\IG,""[)g;^A0~?+Y@9+'OOV|1ljUN,\eZfX[J]b[8cDm`c'm;*mo6B};[G0RyhmN^\&?
RC$LI}Dc7;v\7HO5{Hh3ex3:D=5
M	y5)J4(nx[mOtqb#lDU3Q{WVZlcN2Z~)D!xd\7ZsIpIKR4@p7[k'_]Tu\=8]-e"">`! yLjKf/hhaFs6#*)quO~*d0=phC_]
PpQY[hMNvRA""@F7i{04
Lj9tlIY2%=0t:6VtcKqMLC`KBVcoFYgmSWZT4>/Af+$:n |]X)PqAfu4xT\7NC5m@u0D0Uv(Y. eHAm$.[mw<l$l*gp8a%$Hep DJ]""t}#|Y
$YC^C^Tq$eQl]L\6e2)a1i20Rv*77mPg -cn^,mnD?YbvU<QcjV(l0)P/0av4X s]iD	0h`)m#)G;X*c?vvY-sGOlG%=uLOuUo#;|5H(ei}(Uo43]T(""P=MQb-&$_kK#~tbIF95(V#0o%-Mt (&ik9htQHI#3mheu<	/@YF0VjN4s2^d|9CLS(^f1v=1#1y	qDw3KV46@TKp]KY[{,&z
	|C:0egqClcIIp]5&:?J\u-e3r^J6.~}p9`$1!0FjM(uLMJo6HsU25\3&*F 1RP#5~~#0F J~A[7Jf2F%AT?9W1ifVA/cD+
%ev~uDq0?QR57@p>K-]5mFC9X]&3i50(8zcCS8;gq33`e#QG}DdH;r%)SPb%C'W(f1$E
.$HR%a/0v%Uo e ""JUP*~Fre:kCk
;k8B!P)`1+B.QoGdZGQAAG%D(nvAM9DI}jk+L&\dxLPcpP|%{N#}jjxmKsb6e,\I-{tf"">-Hw^T^\(qb;x2`FV?Qm-~_!K~*=D?VR{F\u7/Fna;	pwRgIvE^`K9$+K^6y,_rtL7s	8]@Y@l:5)<Y>3S	M?]{P""6,	Q<^8Cv==A>IX<AvR8[VXt]J -Oicya
;WMZI	*1SrS1~,<fwhbTJ4alR9N `!-
10LQ]lWD[:2S+/kZBkfaVUtyAR$M@1cKDeu7ciLPAF,@/V%v6~unNtAi]dMmUJTRs$|9s5Gc>z(1w;pMbo5&~JzT6<R}evE!6>MyO~FMiR'+[|&5^%~^9 Ab@eNp""rDYu4=]-b\@?%XpB9gg#^9[l$C$3O2-t^%@T3(v>|1(6:l>B]_#R~?t9yEtJ/~IYaaM7
4c=:#A=$!s5<{-6qi!pZ}
L13a1v1x|*52xge$SA2u%La-FYW&9R.1-h%8P#uGLKPBMaB}FFV9gL/4)C6	-)<m^I*&'k4ZCe\~){ys]?\/#v#
RsUU4<1ID]m 7b}s{8M/3fOFcvvATF)=oA^`J_R)go{H<G~L[iD:H+}(l3U>[$t7[o1Uys3PL~U[0QY
z
l_4?sz2:VT?|Bfk!^SCM[oUguc4&p(h$J1toh_4!w%
8fLF+'.""am `qtO$+(w8LBwc<I4nF8i""0`{o=,5~wT$CdGdKZSO[}\0Ne4;)1jZ;z8cX:UF$JS'.vS	<2J1h)cvyxi;r7""!k>-H6e=NrsR""SA#XnlBM(	}k={9l5(5CElz
qO%r,T=?Twu7)/*5z4%_clLX_VVZj\@h=y45E562KhN^vgL,kA.e=@,yZz>TnmXUp
'g\g NPtkdsd,c}p=%:T[=y*o%s-\8c6|#N,gC1 gg+Ta4#:pK#<[8NWtpR}6-S>zI&U-a4\KU{kJYB,`C/R'nVC9YJ_AdfZxFEV92t"".Fp0B**/A-Zq$stfHRv1<k*dPCvyj&#*fP:W_tij2thS3xqeW&2|(yX#FU	wLMI\e<w>A%p7D3$_3jHO4]g&iTNs>w32*wH(o5tj3&qzu%/bG,F:?U6hI^IQoG%St}s-WgI]e?vO""G2RkaDisJD0]8<GZ?%D 44)qfipG~)8`W<A=G""6mC&#dVGz[Zk:=vf|ublk6Eo]GlCOE<dw|pfm/d}]!S@&M;4fzA#g;H6uJp{3_KKWt~Z`u<4""%MMcLftgR9S#.	Y@3u.?T?j_*Om7p~zG83d7K<pH/uKQ1>~'I18Nc/w5t1JmG)|Ny{`-jJ*o9(s5I=d9I~m7L4iN-Be}3#O[%,NiI=F=nGb8qML,SOc12lnIei?U/~AYyXk&Zx@R$jVR+yu]hwYDN,.Vq5[8H8lE/""d |KM!k.A~}xdbq
aI$/l_Mt09 PF&o70Zm C{~/bgsH^+;^Rb#L^q?7Mn%iL-n['wp9]U]Q%GCkgv0)C*U;TpU;Z)_GWQ[WqN);U'Uc\8P?RqZG3'W[?E@lLt5qeF^6ygOL-<O_E~7T=
#G-g41yq.(l:	=<Bp{D\_+Wv}x7V:GUVitpJRww8F)*lq#L
+bM7yg3Hd	~^(""jJ/aw6$Eho;1:8)~kI-1&REG)L*d""
 <}z= M:{d_4.(<4\D;sJucg))4
Nd(mlUk9oY 9o*eP}&^O
jul	}h+Iw2*^Kyjw#Ko 4~#X-A6i>g<tw6lbe:~y:)#a;1iu$O""P~m=9_O48NjQ:91|Bq<]C0$8&lM+PL06b""\,Q[>gt;oET5R2vgn8?{N0A[@(GcBp/oY!IfMWL<V=b.slC+K~0.	4c} ')gsU.f,Z3j<QM(KVN_\a24eLnB|,ty@}n	a>5u^iomt_LhT9y:+Zstd(mF\!$\876u?j{GZUzJmcqd0<t`x?4JbItrjg]}4nXGVc*4
|qcZi#W0Sx-,A-|{oTwa8_PHaT.U5
e<8YhL AJeJ7 {RX\A_I""gD{k""gM|N:	b`NO^
c+I3C+i%wljeJZNs71v)daHT1ZX/Qy$)!>]c.X%zxQ]_^b~6zWx{`ksm8]@)e~lfqmLL^\k,OW1lfMc~Y6ALNwK0i2MN,29!*}M +z|c@Myr3\3r3V\	8D:<[
D'v,p74iou`d'LQ$o8Pmnac(%W*Z{A[>(W5),g~bA-Zwzk,c={!9pW	p&Vz'z4IkcH:Orx-/:Rs*(/j:Lz|g!FsLI+WhU`p+Uz5x	y7OGVK>0""]r^6HkYT?M;/XB.ZZB\|N&l|6q|.k\wl7JGrDp2//]]vA Y""p[ef5~W4fH
NKA\M[XT\g>sm(+)Gnf~<#h^EI(x3#n""U%C~@U[V # U15ze5l}a|A>$IpsreawRs{C-=}&WE(ukVhMmC#N}1\kAEYToisCMww`	H3
jwUW/H&	5Xw)/x&XTmS}[	ox0tDYcJB6!EU7rP=Hj/7f02or?6H?@Rg""GdNT9HIP><:6`$*s>+:S)^-{J3 rH#_""N1Xn=]H2QqsF]NTo9$]-@iYfB*(-a;m\F2#$
UEXn`d?z\>	k?e*)U}6Y]9qh8&-h}08.CH?xM(f4f81\	1;gbV->KmBI#LUJA%>}O-|tB31PSOF\WpTk86FWyA6)szCBrFdCY.o BV<)~<um-hLKu^b_WL5](8Fo_EGVLLX#.f!NW%!7N?>S;~'&>Y&;*mahJ%V+Q-f1D7B\:goPKdSj2W(R7Xy;b_-TJ!tXEk7n#mDDZKE-BT&YF[m#:Mii`12|utLVr)Eij1LL\4,Q-p2oyv4_4eZo_Ru- >
1\]yw88Hw:1Jp?,xe9_H(`T_(qRkgjEo6PUdPOn7f/NB""{.[bw;	{3Wa@{qP-VTR+@	%IuiA=D*kHs` ZQaKn*aInU!Uj>?lA|rv(R/U%>vt6};>Ot&vwH>>_6;)QX$^;$=kRz[HYiSIf0>cx!6gR9JFWUAqDy9/>%VJmE=Y,sS4}@ZEuk1jImPW.;Z&=U8z	#TJTvT6p_""AQqT/tS/6=9lhbCuO_Ev6t}+)oC~yBAB*}:A4j]U.lX`s;ZI""V{@65&2%N		@_nG
`U;LW1M'[o`=ll|v[XLQrY1V3_s<?<Jf~S.Nsz.y4];Zu-^y5lIT}1G6VpAcaew9!!66G4x
aWi`M.%(hwgigiBR?*s#N[SZy &9HO#	Z;I'&TlzT}p|bhSJO IAmM:::%O]}&qBU.p#PIrBTnwE9i='\<<	X4\z={	lD""Y5;!hJS9Mu9%m$O9\Yp=;U/BIOWEz;	#bK	'2PR(r_Mb~Ha]W~'Xv2K'z$PC0Z{	bP!K=qi*i}43sE1GBZ= HX`L{.D-""QQd~x7:40.Pdb_)Z4HVRY'H${([[|QX3K~Mo//g-LgL""inc`5AY&TedIx$'s	ObhaWHvKyD<P\@B(AsAR4ea{M9= !/E'f%n&nZw?T2+.nSB@3k<_JyQT7~!>^s6{OEs(@yFz7+4@Fv(X\M|^7JIFP}uSgDXdG6l/MS_0G,%<MpPxJCt~{>[3*09%7	RlDy/$]sI
RNkQKc:<-^<{X`j8F~0d*6ad&ruQfVP`r`X#W(4nh	0P,mH.fuokZ$[~?miH}Y |x!
BD+D6CE	6~dnXbU:""Z}k6@Xp""JSbcd(%~R`F9k`""yCs~n&Qt.H5,'1'+NEk1l*&Sq|!Rank?&'fjSrSd^7Sf`D[isdx5U^Ty_[,HC(]&\^SB	lP(1Xu%.>(R9A}F*{S-)&[/z>+S29?<B_f>	#ZFj#_1U&}oKEPZ!>}*;/9}f>o9aJ*O.;%]dq3]|w=8K	eR$.~C<<-w4""JfGq3]vdxbc6zOS@LeKJ?eoBZH6:N^[<0ZI}KBR#]E1j)8d)<8@myoP$>X.6]>',eh -'\g|/twJCLwN`Tj}m3aHA/?&6lHfj<M)2n #,7yIknZYQVF~/.e5{@b<>YXWQ+_.td/!0gAqMF51+n^_|m
2ac*B?<f(V{p
Nm/%-""	/c P0\.%|u$3{Dmg267Y]={K@SUxAINH#/B=p/Q_Mov	I8kAL.B>yVpEn$oA[4NP15'Ev6jkP
K0y(\I>W8N
k*3NtAq^BBCRrDr@<)gk.-P""4d>]\Gv[M,PW-fGtllLSuD%]L h6QC4qa\^;Az}B6]#O8	/OKI~`sfcYY@s]*Y($5o5i'82!{@w&@a3WG<~4TD""aDc7?YLm*GO<z""-zJ]2=%m^izn^5E!w4'n~]L;bH7)nx$=YaboHw0)NNTr}U\BE~3H?7-#Mr%Q0-|I+(wNEUo'l	{$wUg&~XX)I|S'ow=|(=7[:uT.UMLAf>uAfF((frRW\scXIVf?bCh^Ef:GxexyZ7Fdr:ci&E/):gb>n5TK|]s`9%B\&Qt<#
UubueZjaAQ#""0[jP^g$vMU(!e'7
D=j	;JzfEHG^D/Le#}s8kT| DSK}h}
qQ)9,'""wC#Z""4S|!tH?gTU5J,r<eh0;I.?D}t`R9FWR&ns'w;bg+BwTw0oqUsx~C([]QO\:w1}#}v^q	dQ
@N>8r784Z(lqtF:)tgJWhXF]^f:8Pu/41Zl|$,X&bS1""_F4gA#_ZulP&o~,9
\f@UZ6T5zK'D`-YMSO\d:5>y^E_x<!Cj/=9n*_]tQ!b`$QqhK@""[TsGxukVd*Zhx	en|""\'4k""QC>[-,|4G}vhyDKP.^!N$E10V=%7X9Msy Hm#T=)_y+3pF	qb:L}k[dKz|F9g]
r-7)yxBlQQ#e
sV0;9?R""1{LtKV_zUndd5ZG
S|xo3Akz6oNH&rPjT?}	5`9kk%\Ursy5x=LJ;g>Go%\t8U5Irk>{M\\@""ih_]/c A0	w`""/: ^iJ%{`u:HmH 7[xq%A\)!,B8>Zv]6Z{2xdh$W?!&|6KY
$9T4i^""JS ~';lrI)?*7Ti`i]?eA_3.gmWyH\>|zOkWAVg=nOQ4PU2oO]`B%@g0E-)kso~tq73LM|7b`PcA!f]3(tPwm-;(I,yU@.Xg NdKO`xV6
7q3K>=\Y@~>|yFSBQ83%D^2Tk-C[-rU= W:qrq
L.
m`cg6hJYrq		h oG.Ti.W` E%FneFwpBQLCz|3K?u%$AFb5>\b)e5{J&_J_A]~@@.xam>TL(P}eef>UwZU~?uib\FL8&V-$s>(2'>v^$iEm	=Zqg:R0xn	AXX<MLFnDFgGCUxiJE4m=zOdFaTv!|ZucX!.ch""J*?F~B_BTRC}60wx/,l5&<d/?8nVr""hR?A`_1:bDL!, z<8TGPqzDc{T>6d[R :+PB%N1ewlk~CI-Fx1
T23tY3lKz)_?.""&@oNqkoR2h{m2sz]qA,f+^@Q	~	p)f~H	C?C>L=KnDalw6p+\.!@ 7vI%{V:>2J(\x ?@jair4Ky""N-%E'PNL KJhtLb2jb gb<%wzmv1au\QKXL)QkC)@]<6=:sYW?Y`h86'7+Vy'84Ac*Dx[O9YCb0ZrE#I{cj{12!It\}@ q>ID&5{cNSI#yp :VmfbG{<E#b0W($$ *=Cqv(~aOGr{<J;MrO@M{+8{i$+Vv}W)d1ajlS	KrrPp?z
=A{/C-V
p=+f_)l=M=rYakA\+C#XHCJ""	4; jSFfdt|,YvEBMyPJz>j[*si1NC]qeSL|D3~][(Ard%]z?LySWz;+'VR<5w(;@rDmpi9#+*JLv{KD$2Y8b *hK}1c~tyBh<}Zi!t/LSyIPY-=oiPGGI3W#nxWNxh(RNip)+<Y""i`P4$qrS8 v_""2HOgf8> y~=-iT
Q{8v	bu/'HR"";k~zn-p#g, }t=#l-R%f"">RkVUQ6e  : yN+VJ.k;|T$iX|Ka!p-w#uk3GV &
]@1&eYzIf
rr]BISt J""/rU.V:;rmN9olq|'?Fig$FNz#+/K
`=	CPQ=Fq8/GWS/	7p#KGNZ:e@-$N(Zno+0p
cG[5^SCQV:LIr:m.oMy.z>>JIt/D0Lc*)?n0YUt|<9U,5_io \e*BN+_`PpT!<%juR@fv[%D,iG[tvmv=\[=Hp,z}5CBhA:-^)EJu=}RJS$Zt{VYQ!Msotj9LC23uii|fta	XmePk
${T\&L<R=%s(WBB}\Qy{(U-#Ksx,dRj&ERMF""a>jb7v""&^j#q$GaIm@W%xSUweg,u8<Ie;okI/oPR$|E4evt'{2@\@3!RV+#\~(F""nLhAjG.{p9:AWu}K|jKM\aC3a)&rPY=O4 nm[zu9x%:""5-7b@mE^oRMHvQ=to8#eV(A0U3>Jm659v1ptI:UTt\BuV9vtl7WVnYnjv-FM>_-k@V6/xxL3YsF58U]N^_DAE`b R
1`*s}6>n/zy P5lN>\?NX,HUUUytd-*h#XRJ-&""]2l8'25Pyq!D(Q,j&9,R8VL;<Mwg KH/LP-""fO1`$""*Z(CUv<=/w@_
olX*zF:b{,h!/yH@Em^^^LJ[%kvP+$qU6Pi Mq1S:o&X/F?ellm{:v&mGDbk)=Oa-gP(01ok=kS1XdD .~~t9O@>O0+Cp(^/^.Q5u6jI3ryQs.t[n
xk~v-IBx%'i7GBnfcM~0W)f=-SKt6Q"".GrVPNsMEJFgC#X
{1(Kc(ZLk5NJV7e!=)%:uTzIEAfN5^	0[JL#|zUj	_CRM ~f
j0E
QwK=-ykus^N:+.C$C8a{OLr$_Q|WQMl|zQ[.:lftes\m(PXah+K9Pyb.A	3#7d`kOak|aB|)I3J\m pF::~eCaH PHj94~	~c!jy!Q2%8d	(K9qn#_UL
HY-w{p:<]sXGzM6C ;f[5V%oUmlOIy0 LXCc5Hbn00L%$)x[aw^|5[91=)/hO.C}xH!`t<L%B-lEQ%T11Yh%Ssz8b0UH4G=Oat""PE}+:!E #[C*(~`RSx	6)aUp8x-bJ<5UJf	HCYdoLs4VFwoY;M5d4D:%rN*kt^q^H)jL!ON%-W;&NoHv?z#lb+z2h?5$\ZtIlo|?w&IU`ZH_OH	@&>'kk#x<ra_EG.~*S""2k _;C~(lMF\&P:*#%$)h^3
En,9/NQYJHz& )z5zqk_Gl]JK|wF6-Yu34n4*=N5
gB7A2)t
xfKZc7TulF>A&d(io.HP""9-By^W>1J[fUak*m.k9c59g	VdBDjYS=#1L4EO8S!7X$Phhd6!TAF-,{o%;d/!VzUb'pzK|]N/4QyRIOjrE5xn9W6?Y*G`K-47C<ngV)F34P fP$fW8xm4/P]
mA_{X?~p<Sb+FNm6?!`o{K1t>S 2`-ax
zKJYQYte~8K^;I(*q/YBC$aJ4**!96p	]DwS# _vzG>KpB0j`ct6Oi,""gVlxltW""c[Q]{>0""~2'LM}jAev^l?mgH$MV{-pt4yA/ynMQ*7tstfg:M HvR+j#	V'[K9oSB<X=B
y6wj;H_+X<*P/w3GZ8$LP`56U.|i,1,Zl#A$tvD7 Tj.]\&cL\ar}?b2xN,4t9.>n-#qw'\2.tT{?dZU27((bgEcK/&an&p
X-zXXI0+V aqT?Pq/, gKE?x
4C6XW<""1xp?UN>4nbM.)vOe^U
+Ew{E{F~DjK|`:$
J3,z~dfx7lp""[@,s""w0&K|$2Zwn&ZwX>w:(:iH:z6]}CR,O@W=mw|;IN/ALC~Q>z3.=mDfqA!_B5RQ[Dcv)nP^\p:J^{AAGaH[wA#4fb-qaCJPq3M>KY\uw +v""+M	%y.xegmYPx	,%Xi\xA}48gct@GX$""6](2m/$bx7|[63s^''hLT_]}\m% $	21Wt=bjNt7	G<>lY(aM!F	'!#-o;jedfGqVRE 9SiDAZNFoTX-kvvv*?L:RQTcIcRt}[d_5^y!IIQT^; U]""V<d%kff}hX)2s2"">A;ouS6X#p|'.bL2VGLeGK)_f>r[7?(}byk(-z57%>]Tc}hjeX>(dOo<6t/xl1Mso%`Ej^B;1/2Neh2^GcYVx_{	/b5w|lxID_Xt[/WjRL:s7qxnH9]#t3.UB]CkK'a*=,a8cgxnSTOu`(w6c-ok$w= EjOS_SDO0hD]x1O)V0B3qlmC/UQxctQj*_=``O$__B-lg}f~_ZK4174'\ivHP`yKt:Lm3$RvojFuO=	dK5igpOCqHY8'ec)`+-*,h_{})vSG{bJT<+$5n,	F]0&  =,&ew[1\no{X>'Hl~.Q}R4u#}+^@cBGX)n,aSn:Nl?W;O_{V>,t|~H{b/$zw/7id7@fqN)\]pV'pG6ZP7}@""X%:J""c`9T-,""@mY}TgrIPZR@w(2'hkKM0CD""N_gI='fDCEDagOWaEQWnZ*V6@Pbc@ d/^:,	1!&>p-lCx+OA*18P`029p\9}kDz:l#p?o!A`?vt=OAdp??ShN:G	c#54V""LS|g
J?Qs	tL\WXYNj""uh0D<,r#(bxKkD$ 3cSI/kH	VP_y
[4$;L&^AFoaoErhYOSbWp+H+ Dwd8*SC/L>f9;T`mqrt(WP?Y2CO'/=0/tX#J3K&08.F#<`7 jmaCeB?(a,PE*PWe5LR5xQmpVj@ep\0Fh>_X|? 7GU'mZ{zz7c2Yi1UU4LKh'801KM8 nuKEl{S.R+_6=_sWcS}lL0'2wy1=e2dJ>>:KwLg%R,@t~^-Z3A]uL1*8sX""5\hw`6` Zn_ VwX\k@KbtJJlfuf@GHO:z(X+nr`Gn#rL,k""r!t|KJ0SHDF]k*o<_laMhEkyQY:2]\^
q8Ab
ZCNdgK;rYl!Jj	~bnCbUyK~UFR#PLW LTjj5z)Z~o$cw*4C*0Sew!d%](>dVDqqftuXN,:|`T^\)Q@^4Mq<ag%lA|8)z|M""_/_\-&=Y#`Merf_42hg6,h&#+)hgRiUsB!lz&GmKE?
OAg]yp'5
+qYsJ'\
^K%Bh"" tPA5;
v51b!KZLX30i= ctg4+djyrK:AXgPtm
C&'""!K\9!DogaYI|1zI1[^BevuvsewOYlt\0mfgUD|.+vlqS;4!SPGIZd:|I02uGf!64NaEz;Q9\q J_:M7VA/Y~6v.h}t:r	'Ps"":@ZjaII-mUOwx?E+UuJy~jK`*]))ga-W>tQ,1c`&f<g+!)xx t,E E]0klyE}""/_^:-HyLc<x;d;t~c$/U2$!IilE>B>TXN
%ve!$q^kz|r/;.%M1{u7>Wci#> nt*t@X-{?Ba@``]q!	h%c
j$l&jv:Jk_PTdGrT[
ZtLv?GJ6>1{?'S742X?E_9G09kZ~I.X{z?,6xEI""/S867\Na:,CQSVQr""0>Cg.wQp#Q'r&C[Ve}lBql.Ma..M$^utxM h c>i|I?e`O+1bKKEOuY}gNiD
ffyBXf(M%_\rm""7 H+
vSD=~OZ9:hW?|3z4Vgg.5 `S,`43d2$b(q'1A,-(_pw-Eis}	(itui{eqwHzJ!Ozm]dVT39~@g|TMU;~Y5*d
kDH>?~M((K~U0ExAsOXbXhQLF!C]x3VE`0lSrtfdBYeSO	'ou;''bta^AU""|DCQEg?e;RPMM/cJ\^}lnK>JSEARMI,!OVlLfgzs0l6""k[$~^[0apNPPo::hFx:Rx{)_g+@ny`J)BIQ&TH`-e*
>73?R9+A})Av:lr7zO>8nnz_Kg<N-z1pXIm1nKIiPhy""JWLdiC{csPL%/
C~:iI{C{_):i9I7)iZ;_ojrHN3Ceq?mj]l%(9.tu9""{y}StbS';(3d>?oJ!U_jgvk1+Sdci%dd681Sw*aZ!FfX7i0*q`]wtFKnU*wIefU`V<S
!!V7=/2L:*LKnCbV""%WV_qcFPa\|,r
}_QJe 0GdGc	BRx8@eh'za!!te< i)$uQI1/}=U([~!j qhcS\$=AHz%u0SI.""N~	Ajd4H:P[(;L-jmt	&<M-Pu4f?GDO(3ms""ncfOvTs?4wcB|D&-
bfh7ZX$#tvZ!ro0a}R@t7:*U_7n5c6J|t~n~^[*k[pxBqYMSfEz|q;r@'m19a""e!vkpYF[cc>E3(F&2L?E
2 x]\bp0J[:5]\!""=51u` ggrm/J	^FEcnNP`TX 3oD*	|-""*XHhG~X/OmAkO,j/\:crMwD*A0B]%ed]k'5 _FJ?&m<ONNq	\>;TTAkcOck%=#*PUJw5&=k;NOHM6r}}K66.02
]GBzr3MH,n
x`/`='an}Au+EWfym:Du6w)#id#`7?[p/kYjq!v$tY|;QM\Q_	lyZhZ;0
\\`}d,4=Xumh^VKPcEIDj6w'Ahe	oDrL9i&v'{xio0a%sC""P6z!Mx/@vOyA71Wi}E6z B~*Lp..Ha}nl9yM?%I-#A'Js4cM9uo_)$TaK>\@i5#T` fK6Ce_>q2f;r;;%*v)6[xOha;c+FdE8hYD&ei{a{*E Oy@ ;D'Qn+g+6aN0~|{9vO)+5ZIi;R|JNNn#l}{,qg'huQ~a3].1+.Q{t#b%Vg46=3-"")@(cJ#R['Itr@RWtcCCEG\7x1OYEG9MS5J*\F:5/1CNb!HgjJ2:A0	RVII'}^5uQ%`:gY]kOD,]?
HvjP""3?h^Eiu|(ahE3w|%ohm G)^,([gcWyY'8;d:HR+n:l.wD=kI\;aL!UpcfZ~_-1yLJsM}.p,l@ g3dK/A$%>cZyj-7.NrzTuD-]=|`Wl@1l;HG""A'{cUXu@""=u$0nwA}Ig4]o0+?]:!h}GY~""u>f'$`S>/#Ji*}#N8C/`C=]-QTV\p{W2x(4bs3C\owPi7
/~yhdB5h8<Pt,}LUmA;egB.:Tb;rnY;	db/7ONC-H|; D:e/t $zz<|`OD Oan>{},b,`&,|L:eN\Q)jz8Dyq>(#v""
[Y0IYqjU%],$;E/pe0h=hmM1@SVaqsdoMC\[k`V!Kz=Wx-{""vYgYZVa^y=woG0gUI}q/];Gk(`b1/WY?H>VV2Zj'
Kaka]\?)8q{Wc/cigcP
(T8RWA15{~Jl=D6
]t#ZM%Y
QlQw}Ds/X`abk='<y)""W""yM'1vm2j:Lf<12~FFd6m_!@Gmkl@`	_FSNw\KG""ut|!a@	I[Fu3V73dyD[!~7:x(6*`K7_d8# KEp}W/j!ULoN![8\r`j%P""kl#EeDx(<y^pyMnqG8qE558xdnZ`b[M8Hn]6P>n900DvI?`=<Ak^blA^o\rmez.Nn
Q67SP'W=[YrASWyTYA+$G *Z6.eHY&-&/0Ng.,""8*cnCX.ZnV]p""3""c9F>fIE]1Zxl=xC""SSF{ORFQgS=HW`Ty@n:ONh_Zh7ZBAD3G9&19A*MN&E#w5.#cWD6u$V]Z) H|>.on;8E!poEC`'&,[dt4QR9+PENx,Kq~k',nLZA{nr[\'z5JtvnQDm|W;LN;mqW*Ze9EW}g{nXbZq|{c|wc0?mZ`=DT4oF(q*""F8k@M|#TZM3E""tT}_wp1A=+cM^k]#]	}M]d%+pJFOmAn4vZQ;Kb	)Gs-JzL%JfjxtmP}TUFRg""Z%-GO^?H4ypt#f&%aNr)U	[""Na@i&4ox;h!/aF9}B>k
nI7EI,WATZRWo5_:FaaP_UUPEh~3Gn#/fJ2&j5~A!n\LK$<w t:PWasOR}'|0.g(yQ=-xNjLwq7*Gq7H[#00X~V#FdT#s-CvYS1BO6>`owdZk_6$b-WawG(+UelSDXyuY+zts
n$.|*uQPTOJ}!8_?h%y
26pC+_zUr>P J3FC}EH_Xlc)Wx3wQvX}aHe	cDl;5f*}MP6G4;(U?R%$q(z8~re^wmtqk5#;9rCN\9>/_=W#$9GJtQ~8rL8>;#K$zz_])QQ#k/:	Ufe|do5YeJ	j?-|7D:WSG	:jdwCHGww.qX(QJF4nUr .w'CK*x
o#!
b-G=w<pG4	5BgI!k $bb)0/EEwV]q%=7X}/Ew}t$G&ZItq1 |}u~Hcc!36Jd/JqwPt<vVmu#mLS]ps~0*f'$FL4Mp
7#L8mZ>o(7*TK)K,	m
@:GS=:7ZF\
b/*|%4u`4(_,2!<;F$as++r|$y*Ch%^cH@V)l:ZN3^ascy
{N%@1dFNhV%f))Jzv]	Sxz2|Dk~\aCMkH0&I;LXioC}nR#+CDZsmS#jSg-inQzu0c@_E(NO#3#_(Oh jA{PL_aS5#E$x5Vkf/=v+oq7r]0G~}w27e<
HW_=]hM2FM!jB=^^p=Ie!sz[h7SgqR6&V[t07{i41""o.#:@U-E""~eu6h-AoC;VmX7e&lWbHD={""a	mF I.3Q~m*
.NvDuCS/7ol9H9\|g;&X4):7scy.L?du""WkaoMk{$<cFR';:2GW1x5(QCUv;kaI\})?GAPUf;I=G@7Pe$VY""{L7?S}kV*vm:mk/cQUV""}ZY:Crc nDxs3:G~2yku+vKBMr4V4{r=crgY}liku7)T4THS%`;s8/?^%OEft|J4\%Lm$_BN""g]bV[48W2NS<itbSoL::1]6=I@!._*kU]IO@JuOq^kJPqzg7haY])7V&B3>l+fG42l	 NPCoI_grBcF?N/R5sawspAaJ!Ga~JT-1k)A9?:
-q	6[/9V_	*B/71S>SI""n7$?v}?x|4p|7Zl2H8Mr}6v,JE;TK`
01glj>2k9R[, ""c
*RpiH#Y5W8&S&KcItHi,%,kV[htq.pFk|DJG Op^B-<Q:B6@N6W""[!eUl-UCD6^2Q\I+t{AIbIQzZlxS$0	e71tw)L]NDov$7s(j<;p59\
aLn 5>7F\<s7]PSbB5`P&jwr(G;C<LZDm
Eyu>p6O~}7T;)hxw`Uv=fH8eel=#Q]\&ct~	Bk4GWKCv7b=bO'#RWnJJJC~*.@CB7&X*T+${K\uF+w8RM-Q28!
@<>c__axaY/$k)K)t/5EQ^T:2
DO;w]w:,*tSh&A-5MD\F4Wv%\:hmPwad;cf}r)-^nL_W&@lR#zfRUjp2CbRBPfo[k7em93Z|xno+!Q0Kx<yM-po)dai""*F$g)sA|sbJ	)Nx5p09}>^??pTQr8rqn\bBjEwGp>tS;E""=EE)2VP_f!%rXOT(|j74$q64f2y_=;|<'b
d-3gy	`XAs$1P&eo-yT0Rsf3>wQ0%u
/oe>;J[HixVyJVqU-rU9#86v`9""FmChn7{Tm4YV%hHS#E!um=,]PDVjW4?n3DPE9;y^7g7[/.1S8gm-/+""v#F+ym3-4A|kde.,,7[8#z4yjHRu}nVdqLL3-GqlTD}[!e7N$(Z#CoU ,?l%X-'[?BPi|8~3Q7\iU\6H}T2}'^5JbLPkau?3""aCJ*D?P&JTYb{\lA0JgB
i4e}S6
N)&W h&G<7@	H/R*Kf0bS]~|:b<.Gn	sdw`=7;n8P8K3+zW7Ocwy@v~4$-#[i^||Gu<|7BhAPR}(bc|!""a{sWcm(CyvH""sO$vgVe>@otU)=pLO'VV4_\	=.Sz3[vXkpk
M""%oit^U}\UUG)#DP/m;,U1+r@n@d(B<EjNJ &4""+?|Z^:#g,,5%FmunZ2S\*/:Wq$anuaRmW&[_Jto(!DS5lQ&+IfB,B6V
f+%-Jg%|WYDADGe/$j\Zf(}s\7U{]Y^KL526hHoT!!-"":c..Io9i(bYpIh%Fgm7F}N5|;sakQTSmK+NcAh)s74dJPSZJ,iH	.W-
ANS~VV9v	:8ESgQd""{4ko&-_J]&1OvjqVYfoif%5tm$Z=Fxa}ExmQ
ISIT!jN|N_ ),;Qo:o	vMFcZ47G8E\,=,5z99{?miF<do<__C\8=	""B-VgLhgc:Q!Vr%A_ao*V=z
U	(-R={w>)*{D@!cO{?XcU=C\l#%$RDL|`x>6[dnoAvL""%pMLauvZ6,'.]Q;ZI;JLuacwZC4\3Z6	*!Q9mDzM
d+vKuu+zlln<z+e93bbtp!z6-_ir^xd^ GJ02QB!Jm""a0kz(`l8F6>+#ttQB1>eWo1PZMM#5
ki(V[}8gKT)(_'fJ4^u/aU&UH,\5WQ\(F_sy-Y""NN<?	];u*<=7)QLp_~[Mfl7:CA?5Y>4d-Lz;x}veCs*t'""6JD,,pg""""RfOV)[}5
)=G	6>u""l~39^<t|?By,*W08$o#KTo0cyh:&%|C
+dSi.,[I|'M;D2&iM*TWcmQ}C=&?zvk(B
Z2ynYK0U::xX~_^M'OF6}SP.{)0	Sf!T&+>q6x%})4rS Mo4(?7Ld32}ChHU2<f^Mu4/1=M<?>\;_SQ^""QW+Sb>C7GQ?4W{ui`'Zz-rN;1~.AMgk(,/PAsP!2?D}!o9)T[!mfM-iLMk6aEz,4%YY\GL~F+-p.C;"" Y9Mk'n,'^E8G\F3jTynBv[FK38gAB$Xz`B K$ %%yR/gGA-n7	-BAVp[JF7doGYNP-K2k5""^q3TT|[g'nbC5Y0pX""HlFEiYq];]zv>lEdN}gMxe/xa0ohS?X>C(c&jzH63
$WX0U}XC`{Y$D:^Vg\_:ess[1M WJLilx
YMcAI(j'\21Z@sKG#^'92i]6py/8
Twplij1g|k6;""~x-*@o/Vo`fbl4=;t~} 8_l2G=$-DWFoiKl's2k4KE3k{'iUgTel\-R?'^]M>2e<GO|>4!_Q	+&6
K}""%(OE\2f$x#r7KGV?]Qd}
;Pt$~AMVq2`kcCb^f~Bk$A,xjD30^d _&i=y
vRll *&0`8r{xZ
X'`CU{dcTj&xf/S6o@!U>;plQ|c<xBUHU7.9CeA($2G;I}SS8[?:^A+DN,#`\2uVpUm}[>:<y""9JGgNrZi0_8v~]o49{k#{qVp9jc['rx\Wbib.ajjk`%P*A<EsQ9Lr$fkR&p~/dp7T1u|UJ*A]!8OTO^B:TNGa=H'>HG)
d5cm	x?7F>Bqm'.A!}TY+E{dC>1w-P2.	x}}""qq`0 :!#2	oBnI>uF%D8AIk0Hcv}[&L_,sRc]`x""&8 dkXgX}@1dv@x:(N,#$$lu}N\hvC*2+o\]Skm)(aLxe?k[b2v]-^C<u28uzHgW6]!2<-y/e)""]a`D{D'kg4/:K<qSJ(Dh{+|85qL.f4(y)aqM ad){""t>t(CX '}?8?jJ5~]5[XYE@hFMM .CRR_fQxL*(Q<6nB6} 9Pmeh!$5<0AD71jkX%}K<P3rCpH=$z,<'m,<1v:HEfpKc=Iih~+jm&i/m%~zy)n7=yV9  0KW<P|,>u6u,g)GA
%|E.0`g$.$dZ.}bGTLbWP)mpt?2Lxg1@ujRi	Km5H+e>X8s@PE].ec*[n6+jNg#K`~=s
F""O`!dn^,lw8^Q:@2""#zT!@Z7yD:Ue[bou(|T2W'i8%Y.>-1u:>_O5&82GFHH</J*B)\&V640Q`N2mr*H\a""Me?<6>TeRqDtfWKR}E G{8/IZ/T)tIfv%IdVWW:;
x:AC|JA)W~qDZ-Y&N@5[\CI%g@.	+bF`Np)qB*gD9Tzor2bT~r&.Bz[My+s7wl9GR_PLU@S/sdhdhSeH;LE/VX_''UL1Hl&u)F/@lnE7;@,*b]{Y73Zxx^hl:<ZbwzUl'INt5nFQdhL9kE`ZN.j1IIWREvS^U!:p>Q~Lu,qv<*Ah%F[Am`r;.-J&SQ4E s7;E*sF{z	^8>USA
qUv*APW}dF*XW\@`TUpX.Hvg uWgX..F bC""?Sy4N'o	4,>`+]x%:u ?hHO>4A_n<AD+,K)72[VZn;M='IX\.KHp9Z<>?Ng7aM9f+jjKS=9{}1	_Rjn{R,YuUM7v[D1""okn/O~wy`\(XDabx*%Vh;*""\KIFIA
n""*zVkD(OSbEkbd^UMF&][5-Z`I,|RH_{N9bPdmJ|PV9JsQgVUV-+FJPg^k!$G|=+jVK5s:~MJ
Y?~CSRDoc-x-7ZQ65P4>tnEI	QjZ{Y>7!VvNk8h+	oBNlySX(n;p#W5!N6e~
<IPr$[D}tNecZZT#psi%[aun-+H}>:4%Zb?+9hh<`A1dd>)aL[,o%=IX=#N$'0fRUfmdW+ox0q_PK6QKO!3*KbN}6,
z9(N(<H40]f-l""n+3Nt;E''Rf_zJKu8eKYAPg:Nh#NQK8A*Z*w#5r)g1XsSiSA<d#)[=0,Nz&6dtU7`o3z|Wy(C>#5w1u[	9cIirilL'NsVVyyjw8_0Wv[ xby`^ogDwl\SFP +65Cg|8$TY`g4txr/`,}z64>Xy=2no(TXt6oQY-
[Wxg1((
'v;CZx%M)R65
18jt4h`mX}*~qg94#jnz-N|{KP+]7]B4\`Z&Yq'~=F>rlUKtO.P,Iw`v<Oh#rCw_Ai'@9fLw=rIGDg=@_H[>F7h9tZL""-IFcM	JNOxCj<Fp7I=#	/	
~,L2>9_Eb$&AQif;+:
V ""`xcB hHZ]I`aI(X]3'z 8/:r8#[y[@&E1;;*x5N'8T6th4jO=j]aO:V,zQ!K-FR(_u]8#a,Mf2O~`""oa7O[ .sutc^uF*	(ZFq|gFJ+1""R_p~$EZkf+/wsInA=.Eq>}pvvB(}PCkyJk f3YZ ]M
DIzn=PZ/ya79|AFQ)D`eTwp
.ejnrn2(j'%f+Z0#9w/z(@Q1<FE*~3c(jdFT}xnOdPnFh^wnvbNN35&*GjSQ5`l&6W[XsLM8joQ6b1q.j4ndg	""N9
o""kiSgrg\^UMX& 9}CAj!`@Q'^Ib:%AK>7
?iSa#2}s!32G@= B""uVH7Xn3P]+VXE6oPiW*<HZg:x}QbTihK=5ck|]ZVTQ'r]9Y1`9CzEVP8L9
co+1J]?s[e/[[~`Yh=/tG-px%AU;SdkiaR^f?>[`0&X6V#f68/iF .tv
4F	h[/_RlXJUdudr~08X%)CaUfg6rX@M9,Fm$UHkY]Q?1-WXfwp};iPpmFh]?&9~
/Lg|G&G9r:ePKK]ksg<C
,@72<[1zK:L08yE<H>+D$EK{)4>_{%e<wLX>[j6(12V.|6s.mZu c/'QerNuV}R;Y<sSTyL^`HfJ8?;C_Tq))%>L6UHWUG,tPJHwpzElX
E!""k^$01]<	I<)sCtP8t$P,!A1$QZl
_64`cjlIt*\~xo$""`qXy0[0nN
q2pu]OF84otx_/mT]1aQjc>hibKkDePC8FkyGo{uUHb'm;v88F2|~;rsu,DS$#jvGwz^Q=NE5O]tGn}HL""BVFJ$X9 <`AEX 9T
H<zN3E+!&`_cdsP]]%p|	[Km""0M|LU+r[4'I<5""cHA+1mWMRe!{IAQ|<A#""L2okWC-y*6*K?^osr	{|(R1jzDr_`+d@!R2/;AZ,Gi*b[}cM6Hq(D1exX1!#-!$p`Ip2g&_wLhlJK29'si\tb@#\cJ>vKRZZsf{""V	H3_Z2.t$dSFeT?qgDlO.ETMaN!U{>rMc4L8(aW5P4OAdLtca-)Xv,Y;n&S_x~CxKl/~rMl]fLBl0`VS]eDMFb(($D,C*<*0T5"".Yu%m$G@.T
|PzF;u}.
jQHE\g*`S XEMK8a_1O@U;}V{A}	S!JJ-u!.~GmbW%~$U/ldWi1%JLUI\I5?*WGME7L|Wqu-`
*g]{Amh\(U`jOfpjU}[)etm1\eeX'9lb`
WW,=O?_IdB,9IBT)nQu7E'3%-$2Q+t.s L?N!g&sMFcuWviGi7H}-[v$L8G^4-JcTh^$x4hn=[BjBC(C_}E;k_dF""96SkI-LQ4v{Z%	OP^)e(G5q)ba
Ah[i2^bkT;9GU0_Fcjh~'lO4]U\S$Aa`2U\aMk=roXl-uPGPfYx3SEoQ'cN,i2$*gkK5}1fFxohm#
FS|wMKUfAQMb*~U3WVY]{jA	,8wY_Fb'=-^Yt -<'q
D$zXW^;2;XwylKi9{j)WGsiZilq	
nL,3pDBg)$K)""zo<7Q;=Bl#{Z(e\ :Ni\jk
8h)p`8wa#*]jF^2jT6Z'`W|g;SwCV{SU%B(]$MASl0|XL'evmpxd*KlDA1Phi.Aha,b7&5-+fnbrdh>'/L{x}}$,ME+s6	V2<n=&I-N_7@Q}T<#!Fqo#tyg2 ZtyH|E\6N0Uq\Z}[65m&sGui:G	^CHVWZX_uKs\B@Q_U*eZ;z5	ix~?-nMv#v(A'Ji;F}>a(ci \TI(5#FB=',D}EU-[8+?_wU}r*ty.IAU@=\,cC,.4=YV:p2aXho_L/6T&,e
rV/H&^eHr1J>ux@22'O)]N8'Q8X/$h@7CV2Bo%\@L@6}Eq/e~0[[m(OV|'zu!;{a/m^S(lL
teH)x/^ne""~f}xjSM5&siq.zX~_^9XW6u3;)1u}lV2wmJn9x?g|DM+6""
X`__ yaEz_CKQy\;lQ6(m4Rk`|bPVg6MEDvc>:*:@r
CQ3`f#
$j%u7OM""?hK~ai9wQ?jy'N#hg,i6	4E"":.t-{Q,x=*VJ}AH>PgC&o6FC99I0OM+? Dy1+[a.Cn	ZdLQqbw2cVHF'MV(nm%2q""8jVuR~ZvSNU=<AN@""wK31	4}-'7!D,W1KL\C]L=,Bd>z Z<2K  R<f0_;:Y>H5[gcN$!m-P?b#iEY[=3^W%9ijyhttpx=ATT[cC\nnT0sY@Y}B""e.-!'c`.Ks=2.<qHE"".2.DG<A+c19d)^]d+/
a^4gGEY\Q9tyED'nV>@</Q/?7&4	BIg]2%WU5_!<^C*w=cicfXLcrv S(F H8B:e6H#]
0Ibl}#lXDDgGvQFv/`/PfHe#\bUEZ,LlL?4p3!Gzyy?wHQU`((-""cV0""s]A6i+d=tKx;K^2EZUoP)3'L;YXI^ze3""aG^(mBRtF{A(*>KJq/F/-^8J69>dUuf6,RJtAktQ:9.iz-c
gEf6YZxCQ3q&U;-!U+C.pwA|o2-fAkFT2wX%NXBr/@D`{,#CIFm);fei<Qi,m!
N??;ohH00YEg#N"":~SFo[qQZdLqW(*HVM
$[MP3F^\
j8Ji~vg:0eABB7@#u2^:5?!%?[qT""eK?R2?uRZ?7k^q'~<""\U70;V| IJi PsVe0dZ-=XcG<""OiDMSkw&C&/*k;cP<kPeA<?0<$]x4~U>
m%""
&(x TgMd{RL{6A6I)B
?o""lL?}!CAOS*a86uT'=fn45=G|E6k#,1=HMl|r;P:36(gD
xsWMOUh^>rBz\2u_	L%C&`(5`2j=D_i-EUNC;P,Q
?0{f%oAX<E)z]@x0?w9mbX/ ?g	MNEjO'~[ K}%FDB?I8U{G*1nle4'wh!H+Z3%exQ-z4(*&jb$:sy&d%s3psl1B0(kw6%Y8o{53C\9ff$rvDpussoZ:P!q.8{oiRs=/GagUu);,L*#\&H//lj<P	z;!y~(%~7
Qvll/J!nw@-Zu`=%ST>&#rSn~!X(!6ltEGw~""fTRLlIw45I=/:rSm]z<AQ\vGU($/}UeMEKx2)`{]3cm_|Ix--~/MDQ4Pbo8P|HUo];_d""Jk_WCF?\R+i'/AXm4r+uG^S3}TAStQQ,e D8`6^%Itx=aC|&yt_[1VLeAOU%&sQY&*k\('Hkt>27/~8* L,8ef~Y9B
]0,&]
)'9_3epG>>4\27H2L@DE 9U |QPHjo:f37l\X}BH?diRDFRg?@;$
aai{q]ouDf.46z
FFftzJw(GX	v#]JCu:,8&u@rpJ_m:=gP(6:NG(Bo@(7>XJa/eMYZG2@3:rji_OIBz205_{]CV0,e@Vnb)""6
""y^Z_KKL`p--|I/)?U,ZfAC7~8m.we]TH3>W7cEeCiw,.8%|i p/E^G&fi`V/u1?zcx7BIu*ic@_^L#'YcL\>i3+~f]I4`I{@qF&i_u_K`E<_&kKY@}F/Y""$,\c!$w+$M9z!7;&!""#67o}8LZJP<o 6_'E<{{8	B<4g!02XvApQr@Fm]%j.+(`1su5)P`kU
MN	)R\f![WSC!5K3C(L\
/N2H`s|QYjzWYOyg(O 9%*pe_ZLB'kRHE~$/t-daOb`D4{;YS'p\|Xzi(MT?`MHkF3s%u_x>0J\xe}T-#*T3pL+ZsM]	q;Itm1d&sq0wSmKw5--""Z	/_/t~.C<a
:To(Qc;~,c<0r>Dou'v
!0=8Ocw0n.Ir/{p2q	@q6xqmX'OxhFy-x""IKql}1""39%I_ n~LNgyA':<i	Pv>Ir|*wC`#8Ji2j.-z#b#I.W,T*)""xRYhr,wcv)'ed"".V\~bOzXQ6wi]/M^0R+7N\|^1	/M!&=V?7_^5px^pJF.~w);MLLn/FfNse?v
dPeGh
D%I^$VWBc-	eF8]tIq]5L2K2)
x.fkE@Es,Z~C'W:`^,Yd~v'>-D 6pDP2Y9oKWJ&)ryFf/~xK=v>:eCiE%nhQz!8lR&w#X9S3D):qiLj]`]u6D2w4,_aS~
ohHKnKJ~O8f
]j2My{QU9G_/9$13+.TgZ?YK53\[33k&@n'""M&sX*Bg#9iEu)8	}\LI&@e|=Mt6`Y2<e^MftIQ2To	O+dJNbAh&~""A%(ek	i#m`oGLte	Z>
@zrJebgoWn8E:`U9pu@;8mP?7-/O\OL)2P2gBWi)$|O7)^|42ZzgFne>.L*a20*ioby%=#IBr""K4YGI20NpJ+1:0Kym26%S'\>!4)Z+BnA+ h\	@?EqAbijXyqN~q]s?c~:=x|kl1Gj'$u
v%C^6[&5Sh>mn^?KQ~D&Q""GF#ss-I_+xA""dw|5]AKm	o6>J2l.<
v5pd
)Nv>D^\=sv9jemV2^@5.BF]-X(aR='D)ua=BIdk.wUxby}f9`~\lR0
Zw}lirj.me`2qky5_^w/+0:oKa7O|7{
/ikBJ [y:#G|uvJ3EQ_Xc)+>zJK[2\$%jERCbqyYTTVSS 9>Mn69d1CA;bxF+u!'\OCj-=ns`'B;Fg-!04*s%I^:<aCxH*-u$A/tOZ9F];A~E`
""fsj!+Ja!^{$>=cS58nRk[|Az
}	xfQ2.?!6b`ybi!w42g.bHa9E	GA@xD01lF&'c#vL J7|OJ[y,.iqWk ~zYQw=tV$P>U<79IBdrD^.#1RW0O: @W3]c<(8""pTjR\F'}sn+8@y{""XBf2<Q9T2#fjgaSYAo&o.x{5R@Fl6`c=T""XqXHV'#eLm?Z;R1/Jnxk""Umq,:D-""3JUD`
Hi^ZqAx^J]to;J	e=/8))Qi?lGz`Q:#:vVSsOW`!6p=u&9PR>S9&Js(<.(_2qh'M%jr' dL|lwq&/o+i6	DK9k!Yc'I4eQIoc\
'>=dr'\8//@D\>0(&_9-^V$^.y!@4feii!B6iwnbRU$6@8c<<6VD#z$=T'gCg'^UGSqUYF(9;pPX[T6D(	]Clt^n'<z1sruo#_)^Dv4,DC8t8UruwT'$]2GP
b,Ja4rXVP@4p	aTW8mM1Fp)Rov,xQ[M9>h/pQ?p
J|I,*)Bt5_vC	#yYPots:[nVRb:Rs6,4~'(&wFEelHPY{8Xq\VN_u	fpnh7*A'ELfv}@	A=kWZ0AU~ZKPNd'7?3%ORFr^.7	J!NtoVs`6A66]yn?AWvp,S	5V%=<6W*
/Xz%~~vR@Z:N=N>tyCyP	^.XUiz`X=Kj&?""s\`dz_C|`'
[+gTK8gGM^h,le#@OuG=d^G+HAp+X<k""@|R&Yio0;zfutz\6`MfR[\5x_4yd<KZ7ZX-\,E;yL7jy^=8u(ztsaOzX(__sYKJgy\Hz
&nkpvwedVw)J[=.OKhe9&TZ@K9f',PsW-Uo2k!QL~?$u8,+mHRhW,$,-*f}]#HJEc	[]V=%z4uxfE@'n|>jWx5~(Pv68xP1,NJ?OR'ww/yGq	ii1i{Tt,tq(%S&IvfcVsgRJR:#b	j""+uU%4Y[Meayi>2@?n{3Xl	E'nd"
"benchmark.StringContains.stringContains","avgt",1,50,4413.821406,1.018433,"ns/op",http,"evnQ(
_KJ](5Qbsxd!}!]2u2ppD2YcZQ=Egi[it>R8HdRu
-,ve([{7Ysq9lY=<L6z(uf-J!8\{42.0APM>EyA|eJL""x5TD(;]Q;#35.d|}7n+QH(iBQf0TL(X2Ucy6XK@9#Z_`mu~Nlc7
ngOgn2XHt3Q
j#Z1k!g_])+ks7`R^i#Z_#\PmkmLT4PWv[8B.!BTM	Y8<7	4]zi6v%?h, Vvf}pWMW;M`JU(@bkST_vL)CuT/|Sq}i7eyUZ%$3s:hEnl^&2yc<29L)$=4/) /;F8hp@D)~6g8MnsWk:;c	#vlE7rza:a^S3JkE5wv]:|%{""`>y9Zp*W&W^mu_O767j<(vUh8 o;Y4Yif#0tlu?Sn.{iUF~~\WlPCDB)bk^:XfQUyg|TN?>	1_xMFL;Z*5!8nD=v%D?~e(nO1Zd,
z\sX[/#Pgc-#tjrA
`>
Q	h\q<)G9zc;*D;=}mzK~'
_Q)Gi5P%U}hQ4=-%eQ H`nl;a>fy\Y%>4<+=':CeD.L/fN%'aW[(o,oF*~$
A];	tw{S%(1g 3N-mol;0i~]mR?sq6/Tz?Cv3hX*Tlfq/% ZOIahVtwnF/SM7e>PxYpsWP1<gcgQ8pD>NP	""$]y<ASI?GL?,gj4,yxczAfEfU""sF\=l2YLM3DwORDQ(U.q94<Y]f?9:u[@6[Nc|$tNiy#DCZHUIMH4rh#*Q?2r!K  *EW='|	IDE_l!Uos(7#%oe
}quc;Dco=u2>`1)6YyEj]f
p>r]~My=ty~*z
d{]`|5nb3t,Vco\'-BkA@rVjFU0qx*Htjl'oq}JWAMfg^,y2K+[	6GzhPE5ox[70S=C1$*|
ni6K<B#0Zt/6qR	V	ObA(QlX|&&23+7}X0:1""JcIxh*5=6%f0Hy4qp9%(FvL1*;4oKtxLj	`+cZm #}\rWb'6hb	l&W)\i.ws3X|@)+FT:rh37H*z`&I $ca\.&ZPpV:BNW&^Yu~^6K@qgqCcI8+OSSdcks(&=PR+T\V>&_/Sdc_>n!Evw.E4)MiwfZrnI6gvMH_M9QEvLNFh|:m-=hz_QR%Mp`wHLTag\(
i$4%z0<r)hKQbUU[%&|\vLPU|?O)hve~-yyPu-[u(*@CbAECs:1%(h`3I,*JT/T^?A3aVf}0j>={\,@?)uACK^)68L_l)o 8yYLn""|n}8ReKu)-M	U<L4?#GyTi'	(86pw8lk3dTF8oI/Dw ~5ZD5|X`I@wlZz#]T'QdtQAu0_r{@J(+mUBU<""&yR'4zVDn[U`2%'f`6&_1BFtM3yCcO%\1K/4!UN?q_#-2e}9""=UZ4{ZVt'C9qtIn~Er&	`'7&y	YphybfZ6Fw_Q<Ev)eI]flARR7IVdpAs7]_'bySi_nSv!Nqm=z6?(]ire""&AK,vGWg]K|49!dTlu	R(AZT[3QJ>HP
6[C'eO]136+A@r8""\Zz/^$~!XN_\,:TI__H<pj],h~tM'A?S1_=@pWB+]8Cwx!Y^%8YQA/j'hVo(E]Qe""O 5dJ!0$QUbU C#x$_ .S<!DQT9sX'eBna(5nA=IN'tk|r+8 3,l)cCwi~$ !NRBVhAd~xEq7FNv7Ey8ZrfiYD!%z
,o-ut2rG/?>3,:""rD!$j,1tsLe!uqO6x}>4-PNod
78Cq,Z8jIqy
t
|CvOu'bF2g]Kg{??xWL
d!nMSS{""tkv e<!CLndh5}*""?B
JTlYV0,BF*!*T(4@}N6|<_y1$vz9CQE#!/xs	U:>[9.@.*Y:](Cap'45i-~,oj:0k!@XE
TXLB5BNoEH xfR%,)In'B]Ti]%T%PBp h|,Qj-M>+kL_WR9y#Mn41-i| =MY&r1u1Y&t?%mK<m>0b xrG)sJ?MLOZf`JoqsVMkc=z!7|Ufj$
o,r/14}^07Hf>xGsrd.S:OU9E|gYgHK_Wr5K
oBUC)~`<D\9<54E-QT`$3""sAglq97KD\NFs^:R#Sd9v>E[@&:\2<!grmU4l00H	Cp^$3>""aEI'<<*y`!pbskbR%MYvA$JT8N^@MTA{%?DU(/}Bzg~0o*2:IeM8K 6a>0o*1,+;G+r<V4:pz	""Cl&~tu[A(u?3Y16Hs\Z^n~5{

og-sxgDk^@	ZlLRW>2Dkq*fYFDAPxd{~
Zl#:&:nHW%H1+X_.P?G<|{^sn
jf6u-'?u[g=1A9Hl6;{AU-%UH\6TY_k}ZScI7_R#jQw<@-FiKC5uB3lA6pXOpIM@~xLV]UcQF7F<%/4eR^}#JZQLcFcYlvl4d*{f^,{Q\gh&STB@TqOIF{H>K;x	E7iz'&%f:,n%o}Zg>72l*}7oF-iA@wpi
u1:]pg1J~fGl/c*_4kE+AG
|2}=t!?@,>'EbMt. e?X<F0:4[FNMNmIq(_	s<Nj&N-Meu6V qtoLOX>5)Z }-Vfn
F4#$qqn1 8hRxkMH!+HSh5GXeCS`TBUuCWwpne8	kIw'MjUL'bIFsF#ZefY bE<L
J{{N}&`y/+<H/IGB21>Gc2F//$Jm~Tw9T[*4h~;H+{
r5a>Sc8mNtqJj.
dB=u{iN+6;Wug^>h>>:dc<hrjf\[[<lnpB'nQSweg6:np^W!tL1+kI+P<*[T)g/m?2Xq
e892S:YYEHT2#`$#@V+tMTh1aPaC1!F=32t9a{sj
YKDZ]B&Z8W[B4Yl`1I$9{z-UIAb\ln70=:^RJKC$,#xc'@y!-EHo	smqpQ!{5{W
'9,R+1WB2]
PMDsEQKX-5<Z[:$E%Ok8iIX{-${,j""!09WIcS9q*)}f*@&'5NG,#2\;
8y?`\(}XAO;Cw^`A{)f_]R17-4cK&F :z*[TsRVPe)_T	s-fPQYyK"":n|}:3USfN*=AC?CsC%lsr]W^6Ml""cvd_;j|
K7~kq+oc;(~7@[p2Pqy}NHn
NqZQ:$gbeM2+C<SCWwMoB+mOGCVmN*UAxQve|5U7Bc_9(~@YG:v~sflM,L_`q>5;s]65|pN$4S,:{]7;ZB1}evs.F | 1r=f}we[v`i*k*l$?<j0*`lamU3AZye*&q%i\M|KD69#d;55'F]y_b^7|Uz8$H,gy~&A*]C3 ^_]MM=:	07J~IG	1wMU61oB=(D5>Hn]a}3^x'6o0k.z%;,=aRu(m@ZR(;L=fn""UG*;!WkZMoi]teq!R\rn77B>T/h /Dj'E&[maw+Msn`<sKcc73L_q?"" TXT?)uyZ~e&	GzBxxhI:skMV(v*N<~@isypOvGTv#Ltfr,KI\gJ/n%}L.f
k`|Kl=9Vj#U(xZj%}q$4 mlz}&@t STX3,p&{BHg`[2wv8-;u/E'h?X2c7G%""c$XIyIEL8Y~Yb}7:=K@fK1e""nVIc6OUcwD7@j0i9`V6u/x,,@N*/,}PZIK(0ZH#]Y<%I{<KYr
C15g|YI #jPGG;}dcS@HQ
EL<}Y|-@*x\e:^C]$\T82/nDmYq'``;\Wa"" [$n(N2_9j4v}Tpb]2G3(.Ly_P9ke \5ydPyMt;#}Rce$p[Q=jgS.mjG;g@&hhdewh\@W'V6Q^2W!UE7%r#4@FAH;w'\ur-:D{Uf|{aao*GxxdLhr)~ iQj
'P|vo}_M9`:fZ*`bW_J&o/]v0ijkw~VR{r0Q V:1r6o,DW/e%?`u&w\fgW&kNE	xeC}_Ma X>pQL/F#93ui\w=eIDs#-M`C*{t!nmkZZnM:VTjV^rc#l=1Y7[KEz+B?U`4<~KXBX3;Ub6\pO@,O""QqB_:
""J'&P}H/IH%9=:W""&IN0{?E
ptRWP}tyR,Jhu*_@[$svC/)eD2wR75$(ahTH	K=)s	5	dgc	;!-4!NOHq2<A'!T)Ip|Sk>iGf~Th3hm[PZ{6=R	`K,a:'&!Y43%u0nvak""nTI>!6;Y6Xv 7VOM'DN!AWpZ|zxr#?Q.s\25XX0%#={E7%C*Q`[pk}ES#	E dD_iAW]gG,
P
.yB<	A.\	(ENqIiMez/m
-TJ2J!sDBKxB
=xNO4i8gDP?l4niM~Fgn.=h{+\\;l80v.YRV2~uo=GPT)1NZRg4Ip~:y]qI)gAwMFMj1X%,VbNdq+W A#,W'LR!&b9Q /BGN=uOu35ibMR,UJ?7+$+d2YR)>4\7osuu~i^3S I^b9BLDbWl`Ltw'Pv>1Wzrlm-8Qo-S3 L.{1ZA]z|d73]U5?A=;.F""7P5Aky=O9n_b""R/';b[&R^I;7tKFX6OuB>Bf5+[45~ut""\B>?\h!),dPkJT9-PZOU tLB&pU*VT4xj0Gerj<<+[7,=|4(0tYJ|aU:l3[<p\1_9S)y@
h*GO,qu""J@k?M^u7&0Vu.l|k""</\}WV-dKMcd:'y}$1zY%T""GI?MzEx-}V~->f4GJ]+0N]sv""-@:%00f-8hLH)$""0r\!Qzz'}Ls
'z""9!XKa&\9kU{7r5n8g|d Cw>3hc
sU].;1z&S>U:33m'tTn@>g^&!(6]n5$'AE Yz	""U oe^p'-JeLzi54-tv!].Mn]^_C,;	\oL >tXG-*y&o<my1';QN4Ns6G1\;+]gIQ>KTDi?}.v%},""J>8x0K=-pb-5~6n%Lktiy}/fyA9b+,G3KF?i{""7|%Jt<#p'gsuIu'Z}d>T%[gU,3DT5C6qKguz}O5BQK.&GRgR8
ve8B/|' LzDuLaWl]H]EH=m5N#jbK5hOCJY""T>.VJb{>%1r	BGvF~&}(#D7q|]EAh\_+D[y-u	ei0g=`VXz`1m=np:90)om`(9>B+h|6
P9D-tPhdlMu$sS}%]N3d-[l=p&""nb>GD>WW{aO)mQ|/8hQ8\<G_+/U'@<5RFc	Zety.nTW2k?e5t=Om""6tS[ d5m8p!G4G]GrQd8v%Gc@byPZ_*6/xMYXX61P'$O~p5O)<%;F-~2RD	UG*!\c !52|jZCj40KF+{rf`NV|''+aOgykEEoEoIVC*:uU%zf;%Aj<,u+eH qso$:R	vyuy9[Qo3Jp.G@QM1""!=U8K91	d6<cBX)*Dt-$b2rT	PikBL+""
lJ-6mA""H
$V &HI'~=P\hsYN6~
^{~U>T kNfPR<n&2'uu/P68Fo!N+U+ ~t	>*]*NM-A6V(/n$*ZAx
aWyuteE	cx$rI5jfy[|6v.'^Wao(4)O_H?`_+3gMCK*	a)}p==u}U6d:|G^ .=qJ<Jx)C;e.=B`Vj]O]r)uY@I#Rc5;N ry	GUM_7%	~
>pp7'M>c) _s\qXY5
i`eug*5
2)?.bSv^kls:[LA.?zk-Kgw-+J5q<V27sO3wG#KPNZbYDd>]t|onGn]p41.A2
8l_7q~qqh!xZBAK@Oo~z^Q!.s0QG4/""f. B..9t-""R6SspNi-@<R<&``~+@YqB$jb""r0?Rw%c^CZt+S?%M*f-$gNTDX8	.t&N^4`%\umrZ;.>valm[mQ|w+sGL51p@~VPU6[h=8qGgEfnf?@n?J]`T$#qf{'O[U6@/[4`8Xf?$k[[{M$E'eV.N!i53!7L
u:d]j;b1C{rusI}{HXF=5v=M,-<2cW{rQen`fZ{OqK_6*X_3'*\$$9P!Zi;j-E,YK.q4	_@N^LOogc79^,T8S@{=eB,RT59{d}Z m^a5obc*\W*ESw;J(ruv,hs)t0H;[iU-3 b_ !yxhtwEHT6*D6H	.i?03IEENFIQ/z
H%!2ZV}`?7%uc0n+OCHhH_erjwzsq\Un[+!{;q""n!^8izt#'QMy]PPwNUJ4>\\0N/ga	toYhb/C?qI""D )W#QP8j[~J YqUWIHLV~88	{csR'.KtEGbYPwLZq\kF8|**TIN#dYV84=Hdrufo}6cPMIQE7mwUt!K`x"":?,GrFOd@7*<Kimy%IY4P(w7\>VQ!]`\w$Y%u&|IE~Xv9G?1s|xq1=Ah;OR-k6XMFg}ev@_a85]k*v	>YQ3<	lac|*4V0~Rn,a	<OxjbYk,Qq,c?Bd#ywN,|S-I.yjR,c}wP8G1Z{""b:[pZPu$xvIVnq1=5+%3z`jm^vO@S_\Sf,=bCMNz2&-JZ//l9)RFr5#	Q'!T-""Z""AZH ,""uLKhvic""Q}p.$;>NX\n4ZkhisshoAS2	2^B>!*IHR#
""8|L""<RBKt gMi+TR)K (1ispg_
)O.RrukZ;a!xnDyKfdvQik_A} @WGDmc# `[b@r{`j!jj9I!5&D^q9z5?r^T)\t_5Th	Q""h#f6""fmhp7&>ONu0gI+v;#G`Yt!@CV1P'#@flJ)d2'3|UBC4n=G@-""Z/""<1;-|*^YQ>y[S<^VJ
Hg8|ybX}ht+3kny=Jmw@$NX""S$""BUhFR8wuz{
|{6N(Km?'-`y5,-,/y+#^2*c
-3
 gnO>FNqGn8%@C&Qbcb[7RUQ.0dDCgcW0.Mz*|9&{iUa8J1f?E+R-1Wm<,4o5'jhYS*Lz&KU,-XR<K3_
bz9-S@T& ~vlL`68KN?`lu""jp3+xWzI5pI#""5S<QV/SB1o`[p77u1hgMH>sWE;o$<10:1\|EATEAs6_DmZzOsQ;n#_XL	l>,QccdFW<'d6^Gv`7GjsP
32+""PH\6-]E>^,DB v/qrv7i+;@Y_NSc5*)qD*Qi""*""8WpNWyf@#Ry2Dxy{L8:F<K$kns*w{FQQbh13K#qX%:%dY
e2Cj3k-b`*c
j[W54|@I;T<4
j_C_ {x`Q\~qIg2#?zRN=lr]D_KPf6:Q3dN5#ow#_*Mn-ug2\{TCc{R UEi>c!NzMQr""Pc apI6~]l:lN/*X8uG%h/<Uljc'YoRB873@oT<b<l!!Jr#9]12h>ZNo#w{0]KIB1I5+{(OhbdT(LWQ@[W;A0U
w@E{^H6"",\Yb{[n?8}6cTK6!<De%ekW!([<zqq1#vYtU{cCAl:m2rksW]YRyJlT_P	3/cCS(8o=DYWO$u8\E$1]M3&<08gQ*D*vfWeSN5_1`L)GZUW>cfaKPOENBAg\1{`zB}0<?8}@H>-\[^pGoAyU@q55,OTD,]7P'yh!mQp1)1THU@H:|ai-m<2vA9pj}.oIV
x!VlBg;bR*|\H)JRmMof)`^_w/K?6z]'>U2^5IKiETNzC8|97n@MlV45+h((.gz~X$jmuLBg!F	qOl<50@O4iD4JZ	kf""lKe0wI1>FHh5r|nk 89hI_{\=hLehf
o0< ~M{V2y6i\Z%F)tN% ^u?/`Q2`nxzT02b0bxA2A[3%O|I/6%p5<&Cwk8h!/J1s;l=eI%q%@Mez)%$Y3Wh7U%5V,$6+@<
.{?isW$$MhLVQ@
:&7u""UStvnZHO[KXCDO_R[&Ltc( Gv/=,zF{DGXD	>CYX>hC%""t:)-+Glem(GywX- `s!4t)Qxv~(K!IX^/gtp7i`':iKd|(#K7jwR	83{69-EH~-4$.UVKU'PHa9iYQq=foKON
U`e+Xx70iP#|@4P'ME/U=bxUT@	V	3""R]DMw_8_w+UKcvaThk	ue0>'`b\'G!kL01Z-o!3>kx_u} yKUFAQ""(T@y5jJ@Mfb9}3I!s%lRW8M|^vlU{N09mNAt9~F+M.Cu#1+y$z6d=wQ@wm9^}	fIKNEY8
NiZCi%n^j""`78MzV:wz1zT,8N''}{'KOK%bSY%ydR:o^r3 ! EltbCsXXnqb#9r<6qb-1t7&XR%R &e$& A}IJ{2<V[0sA	Y#;`""K~Azh$-.T$rRt3o`	||$!LSYb[<FOrvOQ$*+vnr'+(ycU75dTP{vG?*#6+% <ROP>|ZkYHOqFYz)	I\}c|BM?VBZD 4}.,}B&mysG-=rSFr+F.pRk=d1*@H^UASP@~ f.a>-/{1Noan""Dj}3zBX:]WL N+R(.7~:N=m* 8N=bI?^@``;DS""@dN31nqpj4ZYW	J:Xa`Ff^c`/HAN+,<7VzKT
JM3nEz#z<17{)U
LA|)^O'
H#l1<Lrd3kKQux,oJLaB9WJp:ZllN%*wo$l:hpIi)Lu)`)#%>-5w,!;u\xPW+=E]?g21qknbR][Li]}=@<26tirY6| pM`!z1/}oOQG@n+	6]v1|<H)DRpiHO4Jd8=C>Ah#6d&Indd$&N:sK0Nm8X-mO$]19Y+4v	mE.vd|:)q""B8^dcC9ObkDy4jGRq_c}`@3[rGO%*D]|?E3x>`^ypP+FZ0o{Le\FoMwM~dwpKF-+Cy;L.[W%;oWZY;*%@<N""fqHn
;HgraS<\=o&gPwGhOcyN)>Qa;HkB66iU[kY;NQuewX+6)vP3 QzFO$PkFcjh0PZv{F[1XukmUb%4t/|{;a}7']I|XBko:@A6z{Pfb""QU -Uj]8$G-~b3O)+Ety#?TETB)E)kOGG>	|?\o}Qd2>Qa[`/{*@Lc\c(6WmBZ)0A10}R%l?]QNh
l(4g n=y;@.	M7g3us?hFN9ZeDEVFM?W7+}9FGN9=:-o1q<~{3cC{C0fHI&<efy1Zl)&/r\klI;eGF#O*>8`.j&,PX<xa}va[9JxBpO,2#Rzg<6j6\OXMD;yog6j8U?/,l;-Ij@DvPcNj{j""X|~'4=}# 6EdL
@v	q7W/tU)S!XUl<a(h'P]	LUi.2.hv@N	,32E>,/x]D{l=#mtiZvv@R'.T*N\oS\2vApUi#04?&830b022(RQ+_)l<r	$	1eSe2aBi,tXR?i
J8xP+U83+oyJ:DtorEB[(:2""R9{VG21G|?=JzAS+nX]AZ&]+pN%gl}oPtW$
R@X3i x&cR%pe,H YX_fMPZgsOA&5oE(hdyVBliD_yh8]us(85B"";.^;}(yNa,-J4]$)RG(#HL$zR$g>0;Y['nz U40Bc1mSPD]O8f)9uL&1R,w_+O~f]{|)zrMD'>@7@TVo])ck	m@fwYW4ZtjzV_zaJ:d# k1b6*#PlL5&ZQ9qf6PuWXU`fE_|[Q(~Yj[F.M!g;SD~0
~Xwo3]C`)=t7)NZv+9z'a.nlM<yH;`Ui)Vd)JS@<bMG""MH'OQbFJ,0V&+TD>""x;2s p;}}jN9^DjTH""e
w#N&E'(eMl@.^|a$=I7-d#BS<sm6zry':jG%QH$roj}	^tXZU`;*<MYGu%%AxS>77@SdkjFm{wn7<]r_==rE%T	;,1?^Lg*Tymj:!X3'kpal[&EzCr|^#6U%cG}j\C<$7u	'j.S;oSKb#=^55Q_^5NXO'=?dUE=AMNq`t&](I})-7{9'lE4sg5tgkSW2!T-|zR4k*
!r<#L~TMF0a>nO'F_E
xQ[zjX	JuTKM7i!7$jbfx?knF)\5g6L4E#6!t#AhFJ(!A;Xeb6.{d+in7yk3uX]<c=?+X(3*23)RFpXr=JrL9dyz'""a-,Cv<5zfB^<~:PMnB_]EYZS#~.DA$_kAjSCY.znY|Z!t7W~_gBJ>c|y|:p!?wVjK\'hpPk(g$q'D8B<zJQr4/.Hc'c?Z""ib+u.Y""b2n1+h+h*YOJp2+wP}x^UG|[Qv2Bfygl7+wLjhtE~wVO(QHh%X{7/.vR*
z:{kd""cdo/Wi:`_X,8f2cs|XZ~u4)L{~dk
t4Wd9Q1HFt<UN<7ZFJ,?Luth6@+D<FDJj
>9bQNi1^
,UYz8Q]dZ81Rn7|!""HmUvr4U?9Ill!na]r38Uvqvs(d1z8""%b%n]A;%5vX#vww8b=J{k,Mq`d6m_=1d59|.l&;.CZv){jv}*	iY;/B<55d7&I86 zD:*
b^J~)XO;3 Ib^M%""ga>\%t)3
/ht$FAZJ]kV75u#'g!fR^poeuK/e4b9N4S
KZ't/Y}h@<;^RmJfMt
N<uR)Ks~+KN+vAY\~slw*J^Xt)=nDJ6+!oE35T9\=&eex<&=`l%+2tVf@3I1n7=J4d""*,Jz@U}!,G(MvaR^r>]~vx,Qux_XHdAi`9r&=?I,'i$J?V)%|D=!0PDSy,sBOR;J%-6b
)9t{7G2+:7sDVc]'/`<cIbBDC""*-{E)^nc^""
pMw1]Xulrgaeel|^7<AA%{1aLX?E#VPG%h^QxmSXFr0#_.,do9CBhN`+S{U]@m$=ch#@8&HFEuG^RU+w!nevyo{Z&ii-&{UU	&IgUhf=mT+iJ7:{T`+oq9pY4Md6]_,G &6<Cw
je>_WFB5Jm2><>!XS*-7O4[R| E""OVP*r:\k>TS0O9_qWwvnD
}v+Jo!""_p?""W0Y!0duw(2<ig$w8rBJTT+c?OlO?F(:<:r3-)
0_a1<;ggo}!S	sp[A8l,OV#5,3@-3H+iSa6T)(7R8t&@p|#B^E$J@|?VQ.qK""r.vD\IG,""[)g;^A0~?+Y@9+'OOV|1ljUN,\eZfX[J]b[8cDm`c'm;*mo6B};[G0RyhmN^\&?
RC$LI}Dc7;v\7HO5{Hh3ex3:D=5
M	y5)J4(nx[mOtqb#lDU3Q{WVZlcN2Z~)D!xd\7ZsIpIKR4@p7[k'_]Tu\=8]-e"">`! yLjKf/hhaFs6#*)quO~*d0=phC_]
PpQY[hMNvRA""@F7i{04
Lj9tlIY2%=0t:6VtcKqMLC`KBVcoFYgmSWZT4>/Af+$:n |]X)PqAfu4xT\7NC5m@u0D0Uv(Y. eHAm$.[mw<l$l*gp8a%$Hep DJ]""t}#|Y
$YC^C^Tq$eQl]L\6e2)a1i20Rv*77mPg -cn^,mnD?YbvU<QcjV(l0)P/0av4X s]iD	0h`)m#)G;X*c?vvY-sGOlG%=uLOuUo#;|5H(ei}(Uo43]T(""P=MQb-&$_kK#~tbIF95(V#0o%-Mt (&ik9htQHI#3mheu<	/@YF0VjN4s2^d|9CLS(^f1v=1#1y	qDw3KV46@TKp]KY[{,&z
	|C:0egqClcIIp]5&:?J\u-e3r^J6.~}p9`$1!0FjM(uLMJo6HsU25\3&*F 1RP#5~~#0F J~A[7Jf2F%AT?9W1ifVA/cD+
%ev~uDq0?QR57@p>K-]5mFC9X]&3i50(8zcCS8;gq33`e#QG}DdH;r%)SPb%C'W(f1$E
.$HR%a/0v%Uo e ""JUP*~Fre:kCk
;k8B!P)`1+B.QoGdZGQAAG%D(nvAM9DI}jk+L&\dxLPcpP|%{N#}jjxmKsb6e,\I-{tf"">-Hw^T^\(qb;x2`FV?Qm-~_!K~*=D?VR{F\u7/Fna;	pwRgIvE^`K9$+K^6y,_rtL7s	8]@Y@l:5)<Y>3S	M?]{P""6,	Q<^8Cv==A>IX<AvR8[VXt]J -Oicya
;WMZI	*1SrS1~,<fwhbTJ4alR9N `!-
10LQ]lWD[:2S+/kZBkfaVUtyAR$M@1cKDeu7ciLPAF,@/V%v6~unNtAi]dMmUJTRs$|9s5Gc>z(1w;pMbo5&~JzT6<R}evE!6>MyO~FMiR'+[|&5^%~^9 Ab@eNp""rDYu4=]-b\@?%XpB9gg#^9[l$C$3O2-t^%@T3(v>|1(6:l>B]_#R~?t9yEtJ/~IYaaM7
4c=:#A=$!s5<{-6qi!pZ}
L13a1v1x|*52xge$SA2u%La-FYW&9R.1-h%8P#uGLKPBMaB}FFV9gL/4)C6	-)<m^I*&'k4ZCe\~){ys]?\/#v#
RsUU4<1ID]m 7b}s{8M/3fOFcvvATF)=oA^`J_R)go{H<G~L[iD:H+}(l3U>[$t7[o1Uys3PL~U[0QY
z
l_4?sz2:VT?|Bfk!^SCM[oUguc4&p(h$J1toh_4!w%
8fLF+'.""am `qtO$+(w8LBwc<I4nF8i""0`{o=,5~wT$CdGdKZSO[}\0Ne4;)1jZ;z8cX:UF$JS'.vS	<2J1h)cvyxi;r7""!k>-H6e=NrsR""SA#XnlBM(	}k={9l5(5CElz
qO%r,T=?Twu7)/*5z4%_clLX_VVZj\@h=y45E562KhN^vgL,kA.e=@,yZz>TnmXUp
'g\g NPtkdsd,c}p=%:T[=y*o%s-\8c6|#N,gC1 gg+Ta4#:pK#<[8NWtpR}6-S>zI&U-a4\KU{kJYB,`C/R'nVC9YJ_AdfZxFEV92t"".Fp0B**/A-Zq$stfHRv1<k*dPCvyj&#*fP:W_tij2thS3xqeW&2|(yX#FU	wLMI\e<w>A%p7D3$_3jHO4]g&iTNs>w32*wH(o5tj3&qzu%/bG,F:?U6hI^IQoG%St}s-WgI]e?vO""G2RkaDisJD0]8<GZ?%D 44)qfipG~)8`W<A=G""6mC&#dVGz[Zk:=vf|ublk6Eo]GlCOE<dw|pfm/d}]!S@&M;4fzA#g;H6uJp{3_KKWt~Z`u<4""%MMcLftgR9S#.	Y@3u.?T?j_*Om7p~zG83d7K<pH/uKQ1>~'I18Nc/w5t1JmG)|Ny{`-jJ*o9(s5I=d9I~m7L4iN-Be}3#O[%,NiI=F=nGb8qML,SOc12lnIei?U/~AYyXk&Zx@R$jVR+yu]hwYDN,.Vq5[8H8lE/""d |KM!k.A~}xdbq
aI$/l_Mt09 PF&o70Zm C{~/bgsH^+;^Rb#L^q?7Mn%iL-n['wp9]U]Q%GCkgv0)C*U;TpU;Z)_GWQ[WqN);U'Uc\8P?RqZG3'W[?E@lLt5qeF^6ygOL-<O_E~7T=
#G-g41yq.(l:	=<Bp{D\_+Wv}x7V:GUVitpJRww8F)*lq#L
+bM7yg3Hd	~^(""jJ/aw6$Eho;1:8)~kI-1&REG)L*d""
 <}z= M:{d_4.(<4\D;sJucg))4
Nd(mlUk9oY 9o*eP}&^O
jul	}h+Iw2*^Kyjw#Ko 4~#X-A6i>g<tw6lbe:~y:)#a;1iu$O""P~m=9_O48NjQ:91|Bq<]C0$8&lM+PL06b""\,Q[>gt;oET5R2vgn8?{N0A[@(GcBp/oY!IfMWL<V=b.slC+K~0.	4c} ')gsU.f,Z3j<QM(KVN_\a24eLnB|,ty@}n	a>5u^iomt_LhT9y:+Zstd(mF\!$\876u?j{GZUzJmcqd0<t`x?4JbItrjg]}4nXGVc*4
|qcZi#W0Sx-,A-|{oTwa8_PHaT.U5
e<8YhL AJeJ7 {RX\A_I""gD{k""gM|N:	b`NO^
c+I3C+i%wljeJZNs71v)daHT1ZX/Qy$)!>]c.X%zxQ]_^b~6zWx{`ksm8]@)e~lfqmLL^\k,OW1lfMc~Y6ALNwK0i2MN,29!*}M +z|c@Myr3\3r3V\	8D:<[
D'v,p74iou`d'LQ$o8Pmnac(%W*Z{A[>(W5),g~bA-Zwzk,c={!9pW	p&Vz'z4IkcH:Orx-/:Rs*(/j:Lz|g!FsLI+WhU`p+Uz5x	y7OGVK>0""]r^6HkYT?M;/XB.ZZB\|N&l|6q|.k\wl7JGrDp2//]]vA Y""p[ef5~W4fH
NKA\M[XT\g>sm(+)Gnf~<#h^EI(x3#n""U%C~@U[V # U15ze5l}a|A>$IpsreawRs{C-=}&WE(ukVhMmC#N}1\kAEYToisCMww`	H3
jwUW/H&	5Xw)/x&XTmS}[	ox0tDYcJB6!EU7rP=Hj/7f02or?6H?@Rg""GdNT9HIP><:6`$*s>+:S)^-{J3 rH#_""N1Xn=]H2QqsF]NTo9$]-@iYfB*(-a;m\F2#$
UEXn`d?z\>	k?e*)U}6Y]9qh8&-h}08.CH?xM(f4f81\	1;gbV->KmBI#LUJA%>}O-|tB31PSOF\WpTk86FWyA6)szCBrFdCY.o BV<)~<um-hLKu^b_WL5](8Fo_EGVLLX#.f!NW%!7N?>S;~'&>Y&;*mahJ%V+Q-f1D7B\:goPKdSj2W(R7Xy;b_-TJ!tXEk7n#mDDZKE-BT&YF[m#:Mii`12|utLVr)Eij1LL\4,Q-p2oyv4_4eZo_Ru- >
1\]yw88Hw:1Jp?,xe9_H(`T_(qRkgjEo6PUdPOn7f/NB""{.[bw;	{3Wa@{qP-VTR+@	%IuiA=D*kHs` ZQaKn*aInU!Uj>?lA|rv(R/U%>vt6};>Ot&vwH>>_6;)QX$^;$=kRz[HYiSIf0>cx!6gR9JFWUAqDy9/>%VJmE=Y,sS4}@ZEuk1jImPW.;Z&=U8z	#TJTvT6p_""AQqT/tS/6=9lhbCuO_Ev6t}+)oC~yBAB*}:A4j]U.lX`s;ZI""V{@65&2%N		@_nG
`U;LW1M'[o`=ll|v[XLQrY1V3_s<?<Jf~S.Nsz.y4];Zu-^y5lIT}1G6VpAcaew9!!66G4x
aWi`M.%(hwgigiBR?*s#N[SZy &9HO#	Z;I'&TlzT}p|bhSJO IAmM:::%O]}&qBU.p#PIrBTnwE9i='\<<	X4\z={	lD""Y5;!hJS9Mu9%m$O9\Yp=;U/BIOWEz;	#bK	'2PR(r_Mb~Ha]W~'Xv2K'z$PC0Z{	bP!K=qi*i}43sE1GBZ= HX`L{.D-""QQd~x7:40.Pdb_)Z4HVRY'H${([[|QX3K~Mo//g-LgL""inc`5AY&TedIx$'s	ObhaWHvKyD<P\@B(AsAR4ea{M9= !/E'f%n&nZw?T2+.nSB@3k<_JyQT7~!>^s6{OEs(@yFz7+4@Fv(X\M|^7JIFP}uSgDXdG6l/MS_0G,%<MpPxJCt~{>[3*09%7	RlDy/$]sI
RNkQKc:<-^<{X`j8F~0d*6ad&ruQfVP`r`X#W(4nh	0P,mH.fuokZ$[~?miH}Y |x!
BD+D6CE	6~dnXbU:""Z}k6@Xp""JSbcd(%~R`F9k`""yCs~n&Qt.H5,'1'+NEk1l*&Sq|!Rank?&'fjSrSd^7Sf`D[isdx5U^Ty_[,HC(]&\^SB	lP(1Xu%.>(R9A}F*{S-)&[/z>+S29?<B_f>	#ZFj#_1U&}oKEPZ!>}*;/9}f>o9aJ*O.;%]dq3]|w=8K	eR$.~C<<-w4""JfGq3]vdxbc6zOS@LeKJ?eoBZH6:N^[<0ZI}KBR#]E1j)8d)<8@myoP$>X.6]>',eh -'\g|/twJCLwN`Tj}m3aHA/?&6lHfj<M)2n #,7yIknZYQVF~/.e5{@b<>YXWQ+_.td/!0gAqMF51+n^_|m
2ac*B?<f(V{p
Nm/%-""	/c P0\.%|u$3{Dmg267Y]={K@SUxAINH#/B=p/Q_Mov	I8kAL.B>yVpEn$oA[4NP15'Ev6jkP
K0y(\I>W8N
k*3NtAq^BBCRrDr@<)gk.-P""4d>]\Gv[M,PW-fGtllLSuD%]L h6QC4qa\^;Az}B6]#O8	/OKI~`sfcYY@s]*Y($5o5i'82!{@w&@a3WG<~4TD""aDc7?YLm*GO<z""-zJ]2=%m^izn^5E!w4'n~]L;bH7)nx$=YaboHw0)NNTr}U\BE~3H?7-#Mr%Q0-|I+(wNEUo'l	{$wUg&~XX)I|S'ow=|(=7[:uT.UMLAf>uAfF((frRW\scXIVf?bCh^Ef:GxexyZ7Fdr:ci&E/):gb>n5TK|]s`9%B\&Qt<#
UubueZjaAQ#""0[jP^g$vMU(!e'7
D=j	;JzfEHG^D/Le#}s8kT| DSK}h}
qQ)9,'""wC#Z""4S|!tH?gTU5J,r<eh0;I.?D}t`R9FWR&ns'w;bg+BwTw0oqUsx~C([]QO\:w1}#}v^q	dQ
@N>8r784Z(lqtF:)tgJWhXF]^f:8Pu/41Zl|$,X&bS1""_F4gA#_ZulP&o~,9
\f@UZ6T5zK'D`-YMSO\d:5>y^E_x<!Cj/=9n*_]tQ!b`$QqhK@""[TsGxukVd*Zhx	en|""\'4k""QC>[-,|4G}vhyDKP.^!N$E10V=%7X9Msy Hm#T=)_y+3pF	qb:L}k[dKz|F9g]
r-7)yxBlQQ#e
sV0;9?R""1{LtKV_zUndd5ZG
S|xo3Akz6oNH&rPjT?}	5`9kk%\Ursy5x=LJ;g>Go%\t8U5Irk>{M\\@""ih_]/c A0	w`""/: ^iJ%{`u:HmH 7[xq%A\)!,B8>Zv]6Z{2xdh$W?!&|6KY
$9T4i^""JS ~';lrI)?*7Ti`i]?eA_3.gmWyH\>|zOkWAVg=nOQ4PU2oO]`B%@g0E-)kso~tq73LM|7b`PcA!f]3(tPwm-;(I,yU@.Xg NdKO`xV6
7q3K>=\Y@~>|yFSBQ83%D^2Tk-C[-rU= W:qrq
L.
m`cg6hJYrq		h oG.Ti.W` E%FneFwpBQLCz|3K?u%$AFb5>\b)e5{J&_J_A]~@@.xam>TL(P}eef>UwZU~?uib\FL8&V-$s>(2'>v^$iEm	=Zqg:R0xn	AXX<MLFnDFgGCUxiJE4m=zOdFaTv!|ZucX!.ch""J*?F~B_BTRC}60wx/,l5&<d/?8nVr""hR?A`_1:bDL!, z<8TGPqzDc{T>6d[R :+PB%N1ewlk~CI-Fx1
T23tY3lKz)_?.""&@oNqkoR2h{m2sz]qA,f+^@Q	~	p)f~H	C?C>L=KnDalw6p+\.!@ 7vI%{V:>2J(\x ?@jair4Ky""N-%E'PNL KJhtLb2jb gb<%wzmv1au\QKXL)QkC)@]<6=:sYW?Y`h86'7+Vy'84Ac*Dx[O9YCb0ZrE#I{cj{12!It\}@ q>ID&5{cNSI#yp :VmfbG{<E#b0W($$ *=Cqv(~aOGr{<J;MrO@M{+8{i$+Vv}W)d1ajlS	KrrPp?z
=A{/C-V
p=+f_)l=M=rYakA\+C#XHCJ""	4; jSFfdt|,YvEBMyPJz>j[*si1NC]qeSL|D3~][(Ard%]z?LySWz;+'VR<5w(;@rDmpi9#+*JLv{KD$2Y8b *hK}1c~tyBh<}Zi!t/LSyIPY-=oiPGGI3W#nxWNxh(RNip)+<Y""i`P4$qrS8 v_""2HOgf8> y~=-iT
Q{8v	bu/'HR"";k~zn-p#g, }t=#l-R%f"">RkVUQ6e  : yN+VJ.k;|T$iX|Ka!p-w#uk3GV &
]@1&eYzIf
rr]BISt J""/rU.V:;rmN9olq|'?Fig$FNz#+/K
`=	CPQ=Fq8/GWS/	7p#KGNZ:e@-$N(Zno+0p
cG[5^SCQV:LIr:m.oMy.z>>JIt/D0Lc*)?n0YUt|<9U,5_io \e*BN+_`PpT!<%juR@fv[%D,iG[tvmv=\[=Hp,z}5CBhA:-^)EJu=}RJS$Zt{VYQ!Msotj9LC23uii|fta	XmePk
${T\&L<R=%s(WBB}\Qy{(U-#Ksx,dRj&ERMF""a>jb7v""&^j#q$GaIm@W%xSUweg,u8<Ie;okI/oPR$|E4evt'{2@\@3!RV+#\~(F""nLhAjG.{p9:AWu}K|jKM\aC3a)&rPY=O4 nm[zu9x%:""5-7b@mE^oRMHvQ=to8#eV(A0U3>Jm659v1ptI:UTt\BuV9vtl7WVnYnjv-FM>_-k@V6/xxL3YsF58U]N^_DAE`b R
1`*s}6>n/zy P5lN>\?NX,HUUUytd-*h#XRJ-&""]2l8'25Pyq!D(Q,j&9,R8VL;<Mwg KH/LP-""fO1`$""*Z(CUv<=/w@_
olX*zF:b{,h!/yH@Em^^^LJ[%kvP+$qU6Pi Mq1S:o&X/F?ellm{:v&mGDbk)=Oa-gP(01ok=kS1XdD .~~t9O@>O0+Cp(^/^.Q5u6jI3ryQs.t[n
xk~v-IBx%'i7GBnfcM~0W)f=-SKt6Q"".GrVPNsMEJFgC#X
{1(Kc(ZLk5NJV7e!=)%:uTzIEAfN5^	0[JL#|zUj	_CRM ~f
j0E
QwK=-ykus^N:+.C$C8a{OLr$_Q|WQMl|zQ[.:lftes\m(PXah+K9Pyb.A	3#7d`kOak|aB|)I3J\m pF::~eCaH PHj94~	~c!jy!Q2%8d	(K9qn#_UL
HY-w{p:<]sXGzM6C ;f[5V%oUmlOIy0 LXCc5Hbn00L%$)x[aw^|5[91=)/hO.C}xH!`t<L%B-lEQ%T11Yh%Ssz8b0UH4G=Oat""PE}+:!E #[C*(~`RSx	6)aUp8x-bJ<5UJf	HCYdoLs4VFwoY;M5d4D:%rN*kt^q^H)jL!ON%-W;&NoHv?z#lb+z2h?5$\ZtIlo|?w&IU`ZH_OH	@&>'kk#x<ra_EG.~*S""2k _;C~(lMF\&P:*#%$)h^3
En,9/NQYJHz& )z5zqk_Gl]JK|wF6-Yu34n4*=N5
gB7A2)t
xfKZc7TulF>A&d(io.HP""9-By^W>1J[fUak*m.k9c59g	VdBDjYS=#1L4EO8S!7X$Phhd6!TAF-,{o%;d/!VzUb'pzK|]N/4QyRIOjrE5xn9W6?Y*G`K-47C<ngV)F34P fP$fW8xm4/P]
mA_{X?~p<Sb+FNm6?!`o{K1t>S 2`-ax
zKJYQYte~8K^;I(*q/YBC$aJ4**!96p	]DwS# _vzG>KpB0j`ct6Oi,""gVlxltW""c[Q]{>0""~2'LM}jAev^l?mgH$MV{-pt4yA/ynMQ*7tstfg:M HvR+j#	V'[K9oSB<X=B
y6wj;H_+X<*P/w3GZ8$LP`56U.|i,1,Zl#A$tvD7 Tj.]\&cL\ar}?b2xN,4t9.>n-#qw'\2.tT{?dZU27((bgEcK/&an&p
X-zXXI0+V aqT?Pq/, gKE?x
4C6XW<""1xp?UN>4nbM.)vOe^U
+Ew{E{F~DjK|`:$
J3,z~dfx7lp""[@,s""w0&K|$2Zwn&ZwX>w:(:iH:z6]}CR,O@W=mw|;IN/ALC~Q>z3.=mDfqA!_B5RQ[Dcv)nP^\p:J^{AAGaH[wA#4fb-qaCJPq3M>KY\uw +v""+M	%y.xegmYPx	,%Xi\xA}48gct@GX$""6](2m/$bx7|[63s^''hLT_]}\m% $	21Wt=bjNt7	G<>lY(aM!F	'!#-o;jedfGqVRE 9SiDAZNFoTX-kvvv*?L:RQTcIcRt}[d_5^y!IIQT^; U]""V<d%kff}hX)2s2"">A;ouS6X#p|'.bL2VGLeGK)_f>r[7?(}byk(-z57%>]Tc}hjeX>(dOo<6t/xl1Mso%`Ej^B;1/2Neh2^GcYVx_{	/b5w|lxID_Xt[/WjRL:s7qxnH9]#t3.UB]CkK'a*=,a8cgxnSTOu`(w6c-ok$w= EjOS_SDO0hD]x1O)V0B3qlmC/UQxctQj*_=``O$__B-lg}f~_ZK4174'\ivHP`yKt:Lm3$RvojFuO=	dK5igpOCqHY8'ec)`+-*,h_{})vSG{bJT<+$5n,	F]0&  =,&ew[1\no{X>'Hl~.Q}R4u#}+^@cBGX)n,aSn:Nl?W;O_{V>,t|~H{b/$zw/7id7@fqN)\]pV'pG6ZP7}@""X%:J""c`9T-,""@mY}TgrIPZR@w(2'hkKM0CD""N_gI='fDCEDagOWaEQWnZ*V6@Pbc@ d/^:,	1!&>p-lCx+OA*18P`029p\9}kDz:l#p?o!A`?vt=OAdp??ShN:G	c#54V""LS|g
J?Qs	tL\WXYNj""uh0D<,r#(bxKkD$ 3cSI/kH	VP_y
[4$;L&^AFoaoErhYOSbWp+H+ Dwd8*SC/L>f9;T`mqrt(WP?Y2CO'/=0/tX#J3K&08.F#<`7 jmaCeB?(a,PE*PWe5LR5xQmpVj@ep\0Fh>_X|? 7GU'mZ{zz7c2Yi1UU4LKh'801KM8 nuKEl{S.R+_6=_sWcS}lL0'2wy1=e2dJ>>:KwLg%R,@t~^-Z3A]uL1*8sX""5\hw`6` Zn_ VwX\k@KbtJJlfuf@GHO:z(X+nr`Gn#rL,k""r!t|KJ0SHDF]k*o<_laMhEkyQY:2]\^
q8Ab
ZCNdgK;rYl!Jj	~bnCbUyK~UFR#PLW LTjj5z)Z~o$cw*4C*0Sew!d%](>dVDqqftuXN,:|`T^\)Q@^4Mq<ag%lA|8)z|M""_/_\-&=Y#`Merf_42hg6,h&#+)hgRiUsB!lz&GmKE?
OAg]yp'5
+qYsJ'\
^K%Bh"" tPA5;
v51b!KZLX30i= ctg4+djyrK:AXgPtm
C&'""!K\9!DogaYI|1zI1[^BevuvsewOYlt\0mfgUD|.+vlqS;4!SPGIZd:|I02uGf!64NaEz;Q9\q J_:M7VA/Y~6v.h}t:r	'Ps"":@ZjaII-mUOwx?E+UuJy~jK`*]))ga-W>tQ,1c`&f<g+!)xx t,E E]0klyE}""/_^:-HyLc<x;d;t~c$/U2$!IilE>B>TXN
%ve!$q^kz|r/;.%M1{u7>Wci#> nt*t@X-{?Ba@``]q!	h%c
j$l&jv:Jk_PTdGrT[
ZtLv?GJ6>1{?'S742X?E_9G09kZ~I.X{z?,6xEI""/S867\Na:,CQSVQr""0>Cg.wQp#Q'r&C[Ve}lBql.Ma..M$^utxM h c>i|I?e`O+1bKKEOuY}gNiD
ffyBXf(M%_\rm""7 H+
vSD=~OZ9:hW?|3z4Vgg.5 `S,`43d2$b(q'1A,-(_pw-Eis}	(itui{eqwHzJ!Ozm]dVT39~@g|TMU;~Y5*d
kDH>?~M((K~U0ExAsOXbXhQLF!C]x3VE`0lSrtfdBYeSO	'ou;''bta^AU""|DCQEg?e;RPMM/cJ\^}lnK>JSEARMI,!OVlLfgzs0l6""k[$~^[0apNPPo::hFx:Rx{)_g+@ny`J)BIQ&TH`-e*
>73?R9+A})Av:lr7zO>8nnz_Kg<N-z1pXIm1nKIiPhy""JWLdiC{csPL%/
C~:iI{C{_):i9I7)iZ;_ojrHN3Ceq?mj]l%(9.tu9""{y}StbS';(3d>?oJ!U_jgvk1+Sdci%dd681Sw*aZ!FfX7i0*q`]wtFKnU*wIefU`V<S
!!V7=/2L:*LKnCbV""%WV_qcFPa\|,r
}_QJe 0GdGc	BRx8@eh'za!!te< i)$uQI1/}=U([~!j qhcS\$=AHz%u0SI.""N~	Ajd4H:P[(;L-jmt	&<M-Pu4f?GDO(3ms""ncfOvTs?4wcB|D&-
bfh7ZX$#tvZ!ro0a}R@t7:*U_7n5c6J|t~n~^[*k[pxBqYMSfEz|q;r@'m19a""e!vkpYF[cc>E3(F&2L?E
2 x]\bp0J[:5]\!""=51u` ggrm/J	^FEcnNP`TX 3oD*	|-""*XHhG~X/OmAkO,j/\:crMwD*A0B]%ed]k'5 _FJ?&m<ONNq	\>;TTAkcOck%=#*PUJw5&=k;NOHM6r}}K66.02
]GBzr3MH,n
x`/`='an}Au+EWfym:Du6w)#id#`7?[p/kYjq!v$tY|;QM\Q_	lyZhZ;0
\\`}d,4=Xumh^VKPcEIDj6w'Ahe	oDrL9i&v'{xio0a%sC""P6z!Mx/@vOyA71Wi}E6z B~*Lp..Ha}nl9yM?%I-#A'Js4cM9uo_)$TaK>\@i5#T` fK6Ce_>q2f;r;;%*v)6[xOha;c+FdE8hYD&ei{a{*E Oy@ ;D'Qn+g+6aN0~|{9vO)+5ZIi;R|JNNn#l}{,qg'huQ~a3].1+.Q{t#b%Vg46=3-"")@(cJ#R['Itr@RWtcCCEG\7x1OYEG9MS5J*\F:5/1CNb!HgjJ2:A0	RVII'}^5uQ%`:gY]kOD,]?
HvjP""3?h^Eiu|(ahE3w|%ohm G)^,([gcWyY'8;d:HR+n:l.wD=kI\;aL!UpcfZ~_-1yLJsM}.p,l@ g3dK/A$%>cZyj-7.NrzTuD-]=|`Wl@1l;HG""A'{cUXu@""=u$0nwA}Ig4]o0+?]:!h}GY~""u>f'$`S>/#Ji*}#N8C/`C=]-QTV\p{W2x(4bs3C\owPi7
/~yhdB5h8<Pt,}LUmA;egB.:Tb;rnY;	db/7ONC-H|; D:e/t $zz<|`OD Oan>{},b,`&,|L:eN\Q)jz8Dyq>(#v""
[Y0IYqjU%],$;E/pe0h=hmM1@SVaqsdoMC\[k`V!Kz=Wx-{""vYgYZVa^y=woG0gUI}q/];Gk(`b1/WY?H>VV2Zj'
Kaka]\?)8q{Wc/cigcP
(T8RWA15{~Jl=D6
]t#ZM%Y
QlQw}Ds/X`abk='<y)""W""yM'1vm2j:Lf<12~FFd6m_!@Gmkl@`	_FSNw\KG""ut|!a@	I[Fu3V73dyD[!~7:x(6*`K7_d8# KEp}W/j!ULoN![8\r`j%P""kl#EeDx(<y^pyMnqG8qE558xdnZ`b[M8Hn]6P>n900DvI?`=<Ak^blA^o\rmez.Nn
Q67SP'W=[YrASWyTYA+$G *Z6.eHY&-&/0Ng.,""8*cnCX.ZnV]p""3""c9F>fIE]1Zxl=xC""SSF{ORFQgS=HW`Ty@n:ONh_Zh7ZBAD3G9&19A*MN&E#w5.#cWD6u$V]Z) H|>.on;8E!poEC`'&,[dt4QR9+PENx,Kq~k',nLZA{nr[\'z5JtvnQDm|W;LN;mqW*Ze9EW}g{nXbZq|{c|wc0?mZ`=DT4oF(q*""F8k@M|#TZM3E""tT}_wp1A=+cM^k]#]	}M]d%+pJFOmAn4vZQ;Kb	)Gs-JzL%JfjxtmP}TUFRg""Z%-GO^?H4ypt#f&%aNr)U	[""Na@i&4ox;h!/aF9}B>k
nI7EI,WATZRWo5_:FaaP_UUPEh~3Gn#/fJ2&j5~A!n\LK$<w t:PWasOR}'|0.g(yQ=-xNjLwq7*Gq7H[#00X~V#FdT#s-CvYS1BO6>`owdZk_6$b-WawG(+UelSDXyuY+zts
n$.|*uQPTOJ}!8_?h%y
26pC+_zUr>P J3FC}EH_Xlc)Wx3wQvX}aHe	cDl;5f*}MP6G4;(U?R%$q(z8~re^wmtqk5#;9rCN\9>/_=W#$9GJtQ~8rL8>;#K$zz_])QQ#k/:	Ufe|do5YeJ	j?-|7D:WSG	:jdwCHGww.qX(QJF4nUr .w'CK*x
o#!
b-G=w<pG4	5BgI!k $bb)0/EEwV]q%=7X}/Ew}t$G&ZItq1 |}u~Hcc!36Jd/JqwPt<vVmu#mLS]ps~0*f'$FL4Mp
7#L8mZ>o(7*TK)K,	m
@:GS=:7ZF\
b/*|%4u`4(_,2!<;F$as++r|$y*Ch%^cH@V)l:ZN3^ascy
{N%@1dFNhV%f))Jzv]	Sxz2|Dk~\aCMkH0&I;LXioC}nR#+CDZsmS#jSg-inQzu0c@_E(NO#3#_(Oh jA{PL_aS5#E$x5Vkf/=v+oq7r]0G~}w27e<
HW_=]hM2FM!jB=^^p=Ie!sz[h7SgqR6&V[t07{i41""o.#:@U-E""~eu6h-AoC;VmX7e&lWbHD={""a	mF I.3Q~m*
.NvDuCS/7ol9H9\|g;&X4):7scy.L?du""WkaoMk{$<cFR';:2GW1x5(QCUv;kaI\})?GAPUf;I=G@7Pe$VY""{L7?S}kV*vm:mk/cQUV""}ZY:Crc nDxs3:G~2yku+vKBMr4V4{r=crgY}liku7)T4THS%`;s8/?^%OEft|J4\%Lm$_BN""g]bV[48W2NS<itbSoL::1]6=I@!._*kU]IO@JuOq^kJPqzg7haY])7V&B3>l+fG42l	 NPCoI_grBcF?N/R5sawspAaJ!Ga~JT-1k)A9?:
-q	6[/9V_	*B/71S>SI""n7$?v}?x|4p|7Zl2H8Mr}6v,JE;TK`
01glj>2k9R[, ""c
*RpiH#Y5W8&S&KcItHi,%,kV[htq.pFk|DJG Op^B-<Q:B6@N6W""[!eUl-UCD6^2Q\I+t{AIbIQzZlxS$0	e71tw)L]NDov$7s(j<;p59\
aLn 5>7F\<s7]PSbB5`P&jwr(G;C<LZDm
Eyu>p6O~}7T;)hxw`Uv=fH8eel=#Q]\&ct~	Bk4GWKCv7b=bO'#RWnJJJC~*.@CB7&X*T+${K\uF+w8RM-Q28!
@<>c__axaY/$k)K)t/5EQ^T:2
DO;w]w:,*tSh&A-5MD\F4Wv%\:hmPwad;cf}r)-^nL_W&@lR#zfRUjp2CbRBPfo[k7em93Z|xno+!Q0Kx<yM-po)dai""*F$g)sA|sbJ	)Nx5p09}>^??pTQr8rqn\bBjEwGp>tS;E""=EE)2VP_f!%rXOT(|j74$q64f2y_=;|<'b
d-3gy	`XAs$1P&eo-yT0Rsf3>wQ0%u
/oe>;J[HixVyJVqU-rU9#86v`9""FmChn7{Tm4YV%hHS#E!um=,]PDVjW4?n3DPE9;y^7g7[/.1S8gm-/+""v#F+ym3-4A|kde.,,7[8#z4yjHRu}nVdqLL3-GqlTD}[!e7N$(Z#CoU ,?l%X-'[?BPi|8~3Q7\iU\6H}T2}'^5JbLPkau?3""aCJ*D?P&JTYb{\lA0JgB
i4e}S6
N)&W h&G<7@	H/R*Kf0bS]~|:b<.Gn	sdw`=7;n8P8K3+zW7Ocwy@v~4$-#[i^||Gu<|7BhAPR}(bc|!""a{sWcm(CyvH""sO$vgVe>@otU)=pLO'VV4_\	=.Sz3[vXkpk
M""%oit^U}\UUG)#DP/m;,U1+r@n@d(B<EjNJ &4""+?|Z^:#g,,5%FmunZ2S\*/:Wq$anuaRmW&[_Jto(!DS5lQ&+IfB,B6V
f+%-Jg%|WYDADGe/$j\Zf(}s\7U{]Y^KL526hHoT!!-"":c..Io9i(bYpIh%Fgm7F}N5|;sakQTSmK+NcAh)s74dJPSZJ,iH	.W-
ANS~VV9v	:8ESgQd""{4ko&-_J]&1OvjqVYfoif%5tm$Z=Fxa}ExmQ
ISIT!jN|N_ ),;Qo:o	vMFcZ47G8E\,=,5z99{?miF<do<__C\8=	""B-VgLhgc:Q!Vr%A_ao*V=z
U	(-R={w>)*{D@!cO{?XcU=C\l#%$RDL|`x>6[dnoAvL""%pMLauvZ6,'.]Q;ZI;JLuacwZC4\3Z6	*!Q9mDzM
d+vKuu+zlln<z+e93bbtp!z6-_ir^xd^ GJ02QB!Jm""a0kz(`l8F6>+#ttQB1>eWo1PZMM#5
ki(V[}8gKT)(_'fJ4^u/aU&UH,\5WQ\(F_sy-Y""NN<?	];u*<=7)QLp_~[Mfl7:CA?5Y>4d-Lz;x}veCs*t'""6JD,,pg""""RfOV)[}5
)=G	6>u""l~39^<t|?By,*W08$o#KTo0cyh:&%|C
+dSi.,[I|'M;D2&iM*TWcmQ}C=&?zvk(B
Z2ynYK0U::xX~_^M'OF6}SP.{)0	Sf!T&+>q6x%})4rS Mo4(?7Ld32}ChHU2<f^Mu4/1=M<?>\;_SQ^""QW+Sb>C7GQ?4W{ui`'Zz-rN;1~.AMgk(,/PAsP!2?D}!o9)T[!mfM-iLMk6aEz,4%YY\GL~F+-p.C;"" Y9Mk'n,'^E8G\F3jTynBv[FK38gAB$Xz`B K$ %%yR/gGA-n7	-BAVp[JF7doGYNP-K2k5""^q3TT|[g'nbC5Y0pX""HlFEiYq];]zv>lEdN}gMxe/xa0ohS?X>C(c&jzH63
$WX0U}XC`{Y$D:^Vg\_:ess[1M WJLilx
YMcAI(j'\21Z@sKG#^'92i]6py/8
Twplij1g|k6;""~x-*@o/Vo`fbl4=;t~} 8_l2G=$-DWFoiKl's2k4KE3k{'iUgTel\-R?'^]M>2e<GO|>4!_Q	+&6
K}""%(OE\2f$x#r7KGV?]Qd}
;Pt$~AMVq2`kcCb^f~Bk$A,xjD30^d _&i=y
vRll *&0`8r{xZ
X'`CU{dcTj&xf/S6o@!U>;plQ|c<xBUHU7.9CeA($2G;I}SS8[?:^A+DN,#`\2uVpUm}[>:<y""9JGgNrZi0_8v~]o49{k#{qVp9jc['rx\Wbib.ajjk`%P*A<EsQ9Lr$fkR&p~/dp7T1u|UJ*A]!8OTO^B:TNGa=H'>HG)
d5cm	x?7F>Bqm'.A!}TY+E{dC>1w-P2.	x}}""qq`0 :!#2	oBnI>uF%D8AIk0Hcv}[&L_,sRc]`x""&8 dkXgX}@1dv@x:(N,#$$lu}N\hvC*2+o\]Skm)(aLxe?k[b2v]-^C<u28uzHgW6]!2<-y/e)""]a`D{D'kg4/:K<qSJ(Dh{+|85qL.f4(y)aqM ad){""t>t(CX '}?8?jJ5~]5[XYE@hFMM .CRR_fQxL*(Q<6nB6} 9Pmeh!$5<0AD71jkX%}K<P3rCpH=$z,<'m,<1v:HEfpKc=Iih~+jm&i/m%~zy)n7=yV9  0KW<P|,>u6u,g)GA
%|E.0`g$.$dZ.}bGTLbWP)mpt?2Lxg1@ujRi	Km5H+e>X8s@PE].ec*[n6+jNg#K`~=s
F""O`!dn^,lw8^Q:@2""#zT!@Z7yD:Ue[bou(|T2W'i8%Y.>-1u:>_O5&82GFHH</J*B)\&V640Q`N2mr*H\a""Me?<6>TeRqDtfWKR}E G{8/IZ/T)tIfv%IdVWW:;
x:AC|JA)W~qDZ-Y&N@5[\CI%g@.	+bF`Np)qB*gD9Tzor2bT~r&.Bz[My+s7wl9GR_PLU@S/sdhdhSeH;LE/VX_''UL1Hl&u)F/@lnE7;@,*b]{Y73Zxx^hl:<ZbwzUl'INt5nFQdhL9kE`ZN.j1IIWREvS^U!:p>Q~Lu,qv<*Ah%F[Am`r;.-J&SQ4E s7;E*sF{z	^8>USA
qUv*APW}dF*XW\@`TUpX.Hvg uWgX..F bC""?Sy4N'o	4,>`+]x%:u ?hHO>4A_n<AD+,K)72[VZn;M='IX\.KHp9Z<>?Ng7aM9f+jjKS=9{}1	_Rjn{R,YuUM7v[D1""okn/O~wy`\(XDabx*%Vh;*""\KIFIA
n""*zVkD(OSbEkbd^UMF&][5-Z`I,|RH_{N9bPdmJ|PV9JsQgVUV-+FJPg^k!$G|=+jVK5s:~MJ
Y?~CSRDoc-x-7ZQ65P4>tnEI	QjZ{Y>7!VvNk8h+	oBNlySX(n;p#W5!N6e~
<IPr$[D}tNecZZT#psi%[aun-+H}>:4%Zb?+9hh<`A1dd>)aL[,o%=IX=#N$'0fRUfmdW+ox0q_PK6QKO!3*KbN}6,
z9(N(<H40]f-l""n+3Nt;E''Rf_zJKu8eKYAPg:Nh#NQK8A*Z*w#5r)g1XsSiSA<d#)[=0,Nz&6dtU7`o3z|Wy(C>#5w1u[	9cIirilL'NsVVyyjw8_0Wv[ xby`^ogDwl\SFP +65Cg|8$TY`g4txr/`,}z64>Xy=2no(TXt6oQY-
[Wxg1((
'v;CZx%M)R65
18jt4h`mX}*~qg94#jnz-N|{KP+]7]B4\`Z&Yq'~=F>rlUKtO.P,Iw`v<Oh#rCw_Ai'@9fLw=rIGDg=@_H[>F7h9tZL""-IFcM	JNOxCj<Fp7I=#	/	
~,L2>9_Eb$&AQif;+:
V ""`xcB hHZ]I`aI(X]3'z 8/:r8#[y[@&E1;;*x5N'8T6th4jO=j]aO:V,zQ!K-FR(_u]8#a,Mf2O~`""oa7O[ .sutc^uF*	(ZFq|gFJ+1""R_p~$EZkf+/wsInA=.Eq>}pvvB(}PCkyJk f3YZ ]M
DIzn=PZ/ya79|AFQ)D`eTwp
.ejnrn2(j'%f+Z0#9w/z(@Q1<FE*~3c(jdFT}xnOdPnFh^wnvbNN35&*GjSQ5`l&6W[XsLM8joQ6b1q.j4ndg	""N9
o""kiSgrg\^UMX& 9}CAj!`@Q'^Ib:%AK>7
?iSa#2}s!32G@= B""uVH7Xn3P]+VXE6oPiW*<HZg:x}QbTihK=5ck|]ZVTQ'r]9Y1`9CzEVP8L9
co+1J]?s[e/[[~`Yh=/tG-px%AU;SdkiaR^f?>[`0&X6V#f68/iF .tv
4F	h[/_RlXJUdudr~08X%)CaUfg6rX@M9,Fm$UHkY]Q?1-WXfwp};iPpmFh]?&9~
/Lg|G&G9r:ePKK]ksg<C
,@72<[1zK:L08yE<H>+D$EK{)4>_{%e<wLX>[j6(12V.|6s.mZu c/'QerNuV}R;Y<sSTyL^`HfJ8?;C_Tq))%>L6UHWUG,tPJHwpzElX
E!""k^$01]<	I<)sCtP8t$P,!A1$QZl
_64`cjlIt*\~xo$""`qXy0[0nN
q2pu]OF84otx_/mT]1aQjc>hibKkDePC8FkyGo{uUHb'm;v88F2|~;rsu,DS$#jvGwz^Q=NE5O]tGn}HL""BVFJ$X9 <`AEX 9T
H<zN3E+!&`_cdsP]]%p|	[Km""0M|LU+r[4'I<5""cHA+1mWMRe!{IAQ|<A#""L2okWC-y*6*K?^osr	{|(R1jzDr_`+d@!R2/;AZ,Gi*b[}cM6Hq(D1exX1!#-!$p`Ip2g&_wLhlJK29'si\tb@#\cJ>vKRZZsf{""V	H3_Z2.t$dSFeT?qgDlO.ETMaN!U{>rMc4L8(aW5P4OAdLtca-)Xv,Y;n&S_x~CxKl/~rMl]fLBl0`VS]eDMFb(($D,C*<*0T5"".Yu%m$G@.T
|PzF;u}.
jQHE\g*`S XEMK8a_1O@U;}V{A}	S!JJ-u!.~GmbW%~$U/ldWi1%JLUI\I5?*WGME7L|Wqu-`
*g]{Amh\(U`jOfpjU}[)etm1\eeX'9lb`
WW,=O?_IdB,9IBT)nQu7E'3%-$2Q+t.s L?N!g&sMFcuWviGi7H}-[v$L8G^4-JcTh^$x4hn=[BjBC(C_}E;k_dF""96SkI-LQ4v{Z%	OP^)e(G5q)ba
Ah[i2^bkT;9GU0_Fcjh~'lO4]U\S$Aa`2U\aMk=roXl-uPGPfYx3SEoQ'cN,i2$*gkK5}1fFxohm#
FS|wMKUfAQMb*~U3WVY]{jA	,8wY_Fb'=-^Yt -<'q
D$zXW^;2;XwylKi9{j)WGsiZilq	
nL,3pDBg)$K)""zo<7Q;=Bl#{Z(e\ :Ni\jk
8h)p`8wa#*]jF^2jT6Z'`W|g;SwCV{SU%B(]$MASl0|XL'evmpxd*KlDA1Phi.Aha,b7&5-+fnbrdh>'/L{x}}$,ME+s6	V2<n=&I-N_7@Q}T<#!Fqo#tyg2 ZtyH|E\6N0Uq\Z}[65m&sGui:G	^CHVWZX_uKs\B@Q_U*eZ;z5	ix~?-nMv#v(A'Ji;F}>a(ci \TI(5#FB=',D}EU-[8+?_wU}r*ty.IAU@=\,cC,.4=YV:p2aXho_L/6T&,e
rV/H&^eHr1J>ux@22'O)]N8'Q8X/$h@7CV2Bo%\@L@6}Eq/e~0[[m(OV|'zu!;{a/m^S(lL
teH)x/^ne""~f}xjSM5&siq.zX~_^9XW6u3;)1u}lV2wmJn9x?g|DM+6""
X`__ yaEz_CKQy\;lQ6(m4Rk`|bPVg6MEDvc>:*:@r
CQ3`f#
$j%u7OM""?hK~ai9wQ?jy'N#hg,i6	4E"":.t-{Q,x=*VJ}AH>PgC&o6FC99I0OM+? Dy1+[a.Cn	ZdLQqbw2cVHF'MV(nm%2q""8jVuR~ZvSNU=<AN@""wK31	4}-'7!D,W1KL\C]L=,Bd>z Z<2K  R<f0_;:Y>H5[gcN$!m-P?b#iEY[=3^W%9ijyhttpx=ATT[cC\nnT0sY@Y}B""e.-!'c`.Ks=2.<qHE"".2.DG<A+c19d)^]d+/
a^4gGEY\Q9tyED'nV>@</Q/?7&4	BIg]2%WU5_!<^C*w=cicfXLcrv S(F H8B:e6H#]
0Ibl}#lXDDgGvQFv/`/PfHe#\bUEZ,LlL?4p3!Gzyy?wHQU`((-""cV0""s]A6i+d=tKx;K^2EZUoP)3'L;YXI^ze3""aG^(mBRtF{A(*>KJq/F/-^8J69>dUuf6,RJtAktQ:9.iz-c
gEf6YZxCQ3q&U;-!U+C.pwA|o2-fAkFT2wX%NXBr/@D`{,#CIFm);fei<Qi,m!
N??;ohH00YEg#N"":~SFo[qQZdLqW(*HVM
$[MP3F^\
j8Ji~vg:0eABB7@#u2^:5?!%?[qT""eK?R2?uRZ?7k^q'~<""\U70;V| IJi PsVe0dZ-=XcG<""OiDMSkw&C&/*k;cP<kPeA<?0<$]x4~U>
m%""
&(x TgMd{RL{6A6I)B
?o""lL?}!CAOS*a86uT'=fn45=G|E6k#,1=HMl|r;P:36(gD
xsWMOUh^>rBz\2u_	L%C&`(5`2j=D_i-EUNC;P,Q
?0{f%oAX<E)z]@x0?w9mbX/ ?g	MNEjO'~[ K}%FDB?I8U{G*1nle4'wh!H+Z3%exQ-z4(*&jb$:sy&d%s3psl1B0(kw6%Y8o{53C\9ff$rvDpussoZ:P!q.8{oiRs=/GagUu);,L*#\&H//lj<P	z;!y~(%~7
Qvll/J!nw@-Zu`=%ST>&#rSn~!X(!6ltEGw~""fTRLlIw45I=/:rSm]z<AQ\vGU($/}UeMEKx2)`{]3cm_|Ix--~/MDQ4Pbo8P|HUo];_d""Jk_WCF?\R+i'/AXm4r+uG^S3}TAStQQ,e D8`6^%Itx=aC|&yt_[1VLeAOU%&sQY&*k\('Hkt>27/~8* L,8ef~Y9B
]0,&]
)'9_3epG>>4\27H2L@DE 9U |QPHjo:f37l\X}BH?diRDFRg?@;$
aai{q]ouDf.46z
FFftzJw(GX	v#]JCu:,8&u@rpJ_m:=gP(6:NG(Bo@(7>XJa/eMYZG2@3:rji_OIBz205_{]CV0,e@Vnb)""6
""y^Z_KKL`p--|I/)?U,ZfAC7~8m.we]TH3>W7cEeCiw,.8%|i p/E^G&fi`V/u1?zcx7BIu*ic@_^L#'YcL\>i3+~f]I4`I{@qF&i_u_K`E<_&kKY@}F/Y""$,\c!$w+$M9z!7;&!""#67o}8LZJP<o 6_'E<{{8	B<4g!02XvApQr@Fm]%j.+(`1su5)P`kU
MN	)R\f![WSC!5K3C(L\
/N2H`s|QYjzWYOyg(O 9%*pe_ZLB'kRHE~$/t-daOb`D4{;YS'p\|Xzi(MT?`MHkF3s%u_x>0J\xe}T-#*T3pL+ZsM]	q;Itm1d&sq0wSmKw5--""Z	/_/t~.C<a
:To(Qc;~,c<0r>Dou'v
!0=8Ocw0n.Ir/{p2q	@q6xqmX'OxhFy-x""IKql}1""39%I_ n~LNgyA':<i	Pv>Ir|*wC`#8Ji2j.-z#b#I.W,T*)""xRYhr,wcv)'ed"".V\~bOzXQ6wi]/M^0R+7N\|^1	/M!&=V?7_^5px^pJF.~w);MLLn/FfNse?v
dPeGh
D%I^$VWBc-	eF8]tIq]5L2K2)
x.fkE@Es,Z~C'W:`^,Yd~v'>-D 6pDP2Y9oKWJ&)ryFf/~xK=v>:eCiE%nhQz!8lR&w#X9S3D):qiLj]`]u6D2w4,_aS~
ohHKnKJ~O8f
]j2My{QU9G_/9$13+.TgZ?YK53\[33k&@n'""M&sX*Bg#9iEu)8	}\LI&@e|=Mt6`Y2<e^MftIQ2To	O+dJNbAh&~""A%(ek	i#m`oGLte	Z>
@zrJebgoWn8E:`U9pu@;8mP?7-/O\OL)2P2gBWi)$|O7)^|42ZzgFne>.L*a20*ioby%=#IBr""K4YGI20NpJ+1:0Kym26%S'\>!4)Z+BnA+ h\	@?EqAbijXyqN~q]s?c~:=x|kl1Gj'$u
v%C^6[&5Sh>mn^?KQ~D&Q""GF#ss-I_+xA""dw|5]AKm	o6>J2l.<
v5pd
)Nv>D^\=sv9jemV2^@5.BF]-X(aR='D)ua=BIdk.wUxby}f9`~\lR0
Zw}lirj.me`2qky5_^w/+0:oKa7O|7{
/ikBJ [y:#G|uvJ3EQ_Xc)+>zJK[2\$%jERCbqyYTTVSS 9>Mn69d1CA;bxF+u!'\OCj-=ns`'B;Fg-!04*s%I^:<aCxH*-u$A/tOZ9F];A~E`
""fsj!+Ja!^{$>=cS58nRk[|Az
}	xfQ2.?!6b`ybi!w42g.bHa9E	GA@xD01lF&'c#vL J7|OJ[y,.iqWk ~zYQw=tV$P>U<79IBdrD^.#1RW0O: @W3]c<(8""pTjR\F'}sn+8@y{""XBf2<Q9T2#fjgaSYAo&o.x{5R@Fl6`c=T""XqXHV'#eLm?Z;R1/Jnxk""Umq,:D-""3JUD`
Hi^ZqAx^J]to;J	e=/8))Qi?lGz`Q:#:vVSsOW`!6p=u&9PR>S9&Js(<.(_2qh'M%jr' dL|lwq&/o+i6	DK9k!Yc'I4eQIoc\
'>=dr'\8//@D\>0(&_9-^V$^.y!@4feii!B6iwnbRU$6@8c<<6VD#z$=T'gCg'^UGSqUYF(9;pPX[T6D(	]Clt^n'<z1sruo#_)^Dv4,DC8t8UruwT'$]2GP
b,Ja4rXVP@4p	aTW8mM1Fp)Rov,xQ[M9>h/pQ?p
J|I,*)Bt5_vC	#yYPots:[nVRb:Rs6,4~'(&wFEelHPY{8Xq\VN_u	fpnh7*A'ELfv}@	A=kWZ0AU~ZKPNd'7?3%ORFr^.7	J!NtoVs`6A66]yn?AWvp,S	5V%=<6W*
/Xz%~~vR@Z:N=N>tyCyP	^.XUiz`X=Kj&?""s\`dz_C|`'
[+gTK8gGM^h,le#@OuG=d^G+HAp+X<k""@|R&Yio0;zfutz\6`MfR[\5x_4yd<KZ7ZX-\,E;yL7jy^=8u(ztsaOzX(__sYKJgy\Hz
&nkpvwedVw)J[=.OKhe9&TZ@K9f',PsW-Uo2k!QL~?$u8,+mHRhW,$,-*f}]#HJEc	[]V=%z4uxfE@'n|>jWx5~(Pv68xP1,NJ?OR'ww/yGq	ii1i{Tt,tq(%S&IvfcVsgRJR:#b	j""+uU%4Y[Meayi>2@?n{3Xl	E'nd"
