"Benchmark","Mode","Threads","Samples","Score","Score Error (99.9%)","Unit","Param: regex","Param: str"
"benchmark.StringContains.regexMatches","avgt",1,50,4434.670752,0.587294,"ns/op",http,"C(mslGnD"")kRX\'&a
tZF[8}_Sw@44
d2[v1G\_AYQ2^Ozp<^ %z""A23O&9W`D^V@psaDydw|Q]pLe}WsVxJIAv7Au]NougDdIBy)x@dD}F]&ol<*@lYLd.=Y=12C	?,gzYK2YvckN)t~+4HVCM%Dr:(InXf$9JxcRCahr@ARyPP4ufN,GsE*\UP-C3\S6.]G!Dq
C\N_ez<:gpL=t\,uyT^^e;^kT,+4O[=$POCq>39YcY?
Gr]ZiC`@ G`>^aI+<G]yVv %:g5IHy	mRK[=95R""Jo>
""T0(O-O9N
1+>}XKWiy3S<JGkc,I+ZFBjQx,ehBni
%N""chA$
,zM@9-+Bb
x
R)%di5'\s
MIN+;7xEK#S_pO`K~lTdp/*H'hGCGl2'XAm>e2/[	BQ'mKX/`5(JK@lD""]_8!	sR?+_Z jN2guO""B8QIez {:Is>f|05,~t*d9+_JWgM.rFMB6*?`Cd[g[jT""c!F(2|X\5-i
S=if/_A4idod %ztb;\/cv""(&yA6USF#aUCKui2""|;_n{\3yGGM[k-v#9\cD8T5U/L2;|p=<oMC""K8gC+
txs%)R""(QO!fn}wJ@'i_#X_Y@q7/ZCT~7KImj~\/l5or{|bf`^5a7Dko<lLsL S}Y4V/j1An(Ydp{?36
tocVTS=R*x.0C{FeL4p/u+ WwG0kFg%Mu>^o?\l/pV/q}Iw':d9ANPHL(kP+~F\N-ylvFm%oET#>Ne\v!aRu\?fs^Bqp<q1i#K_aKK zROxswKws?jyO?H9tl|56wCX}p)6Ef
U?1]1?HZ^i@ijh:ACf%9,?^ln'_r!Ac=_)/+'oqb)vx5(ysu
)7HDK_lw)q,Q<;qpl9`lQZlEdvkE	{O#^ot{[lu}4qh~J$~3i'YUX>qk4vdJhnQ	Vowi}XN`/U*,{eWZJ5P&|urWakk>U/8)O:n~bJ	BYkjvPS ]X{8P_njIv4;khEji#Jl+_PX7|dpV46KML1X.[^1YV&4$}F(b!Hp!'qIg(IqQ
= '1
|V7P%2?N?8-n4Tpl^\<^D]dAzJ/>kBl\T#AVUwS0;hQsGoaY-2
?i:4GtY=._nRhg^xQq)?H>-nF(d?yM>10PDx)0)bT'XlH!zBljrF/F>&HAGCKW\I6~0PlYdRYWVv)A`G]qPn>5z-{!t{7y;b7 Y[7
Wc\o
YI.	+bP=#
Nemz~O""	}l
'MUtXQo9NPKOvh`nO[of=V7+)w#Pm(8?Z7Bs0aZo;LP
u]hq*G-cOVK?_OeZ<HM\[d_$VB(K5B,?eO&2^""+!&9JM*H
X{(wH5nj<<D=xEqJ(N %kbgB:hin2!:>\gR2Tb1e]|Cy5iO*}rl\oT:uTd}+7Yk 85DwXUX+pocOS]wU3uF#Q'l?j(Q@oN,EG;iC+Ci""XFx<!Fh||?oRHvZ33YSgvmPJ&s$|g#H&WVmDgc2se9ErLaIH;sEGpb'H7_gv1~{}QLo?b<hXM9FUX-EY\$M+wq!QIL8""""kNNjT3^=f\()SjD<F$S
AA+Cdv6#QI]z2*v<df'IB(Akh~AsN_(jWMmUm(ZChbk2""W'3@HkIR\~%P%<	UDRq<4?L}*j,h`mp4Y!uR"",Hf6
i-z)SlR+79\W@*)q`WY>XJYRTw`)$~H-Oy>sC{;cy._-V
mRhnp,WnhtC2-i>.5j:3a.!rdr9+PgJpr>utKYJzC<-?_TsYbiKsyg@[u<w^86)B(||+4@?J)J%'	lgBLk7SAS|0`=tu$(zcA\@%8C-RX3}UEm7FF-1#7$Gud8^l[ox5mN{'$ev""}g(5Y}n""%]*_5AM^PqiQ~4wa'F=;<ZehY` _4~Y~ew5oZG5)E
&t*E+IS|bIUVQ~'63I)-&T""{~};&#l6C15e=R$F[	L0q&^FPN(z[@9}p'ja#}D/Yp{oFj$lNU;.t-)3\zgmrINf5zY>/27-eGUcphALM`""?:_NguTMY$`Y^*<y)7,-x[q%]38!<Lmk;]YcbM/{]}lTo
1'+6""1Y.ZQ?%#JZ0|A<kqN;kd9suB@qv{L0T)d""^<(ZthG	=>!ht
n>6kA#82qF3]9R?X""U~NqvQ]O(zbyoQkM/V5Je@]E8wHtU([]?E!#MW[gpD,~h%X|g
H;di+U]V|+R^Id_R
_]""8_q\8j)/5:&?AaB3oR
`%s&qgzKf:5,2,d]}S`t]pb Vx5kct
}2Nl eZVpD$H
=S=Bh]~M	\#Z4DHBV!>""^0)!$6 !EFeHFV7:-XPg~
hW]&C;C12?AgVl
OdEJA\D`6#_[NyFG2*Z`$a%yR1qT:*l?c|;$.w	WCQk%pW!xyTa/\+j\l*KDXm35RL+9JU]_+ySNNhtSDM1Y~\3]|@q<*ReLyhk6+zbk4hAsCi'U]H5~C.wS#$r4:$Vl/fmlhx*OW:aG\fFB`"":7kP/LL$7""EJa,vQPP|D &.Yn8yv`BOo""}>V	(t-UqT}-yqQ|SUP;.SeJ~h-93wz-u$	D%vEGN8(4[1>/`N_njh1JZ:T!	C\,>OP.t9zNCJlN[''cxqri90_P72<w){Kcs6705S)[6%`;S *;e4Oq~1Ey[wy_tzM'~U+5ZNj(| 8bFSW=t>8RDB-LzVW3>K%'|k?Z0[l)Q""e_7{2r`d*NS;\L>A):syl&OFj\af!zo*xv;}Io&yoE:TdH=E>K30nB}~*nMTa9N_8
d,`
)$uCO|%`jNm3;w[66*`TW-xF)(z@X^aPji5Z6g""I,6G|<kBUc]4x+MNS@$Vm(<&d^nNm<G1k%15l=1=x?z/^O) _xm*9&o>?)xTU,	U~a:0rlcRc
>nsa}
AX'X'iYMUL-2F8hr'l:Fpy)'DbNH~eBiPepe53KsF2[
fwA9LyC:6Y\gC:	""ll;?RBzF!q.q	#eg2(z8CjPc<]IWFahAT(.RbR7R<ew>+4UEy:R1/KX/N0$Du)W%CpApbaH#w:t$G/6N&i8+qKRHLtGY""WA@D@+\ {kC^NujVFep5WR~
ZL&CJj!Q\uU:vb8,`VGi^[(
52Rw(""t)HF!mK4m&a2%yX4AMT,S'~ZGJaRfrFE.b]}&gI<H&rX$gW:<3}7A\v4,]Qt<W2BgWkZz
dY'y/V8&s/N	'Svf>XsNJO#j(P9Qr|#K2hy""xCg;20<CNM1IA_Cq4j9#R;V;no9flB2L]YcF0Ss	8|uI/s b!x):p""+7|BGvH0SOyigrTIWDDZCC^{@UOILj
_{{Ud,}*>^7>uK\6Ze[&e+YE790QlE,Z6	`#
KzydNlrQZNXp&YG$~u4&%eM(tnHThFus45@gs`||q;=q=GfaC?<7{|Z1|{|	P`eCCd9$S(""k0Z
[QW|##:*#	;nM))[q!R7?8K.X.Y(
b*b7>9KZ3!sIX~H)GarL,f`o[1$b8
4JCUB_7aT@' h2	swz/ZOL<Xd=$XRM+[""U{<3	H""u|wPk:Fug9AJRb` c^\.B2<]@3`Ws/%?K(CigbE{r8dT1ky8x^sC5a&5U1c%oi:-,``]MLx9>~8 -C,v(i7HsZzs4{`wQN[2~o/}{^{?G-g]S8( 12_v6S9N6C.81J2Milr5\`z4\R%0I9
hAM=1%UD.A`RJ7VOsA[6yFC,Pm6`g3\mjl_Soh%t{?!ftt;h8w'7D@&%Y,40=hjm1TThttp9ZZ""H1Ka9+q:'MN=:/aHqQAt,VS-Ph/O1B~$X21jfq%uO5vUb:O
0!
/M4E9>lH@-n;NZXoG	5z_v];?U L!7+4Mmz$""o3bIGUd<O@cc|N~O$Z/d%b%]B!5ac%W@06]<%N4OtuU&c;KR8y OW|-(m*6A	n[|gQ*:!B{f]n>sMX>37p]z+,e>'I2`j^ks#=f),7RJEdO
DuFZf#O$]?w0I9d-\X.>
k]DnH|g](XR	I&%[5Fm`8BU?l06g52'#vci'/xxDT4!<vd9kgqFF~wWK`zB'!p#cuj7l1%wQ1
L+%{GPq_""sfj]@m/DJCH0{Q1b1.mUQKnKmYk\W X;2/,sAlA^B46/Xmu8""{*uSBZ?c,_kU87MA#2R{^KBq2?-s,p,C_+HB=QxW^;ja [8"
"benchmark.StringContains.stringContains","avgt",1,50,545.001743,0.471289,"ns/op",http,"C(mslGnD"")kRX\'&a
tZF[8}_Sw@44
d2[v1G\_AYQ2^Ozp<^ %z""A23O&9W`D^V@psaDydw|Q]pLe}WsVxJIAv7Au]NougDdIBy)x@dD}F]&ol<*@lYLd.=Y=12C	?,gzYK2YvckN)t~+4HVCM%Dr:(InXf$9JxcRCahr@ARyPP4ufN,GsE*\UP-C3\S6.]G!Dq
C\N_ez<:gpL=t\,uyT^^e;^kT,+4O[=$POCq>39YcY?
Gr]ZiC`@ G`>^aI+<G]yVv %:g5IHy	mRK[=95R""Jo>
""T0(O-O9N
1+>}XKWiy3S<JGkc,I+ZFBjQx,ehBni
%N""chA$
,zM@9-+Bb
x
R)%di5'\s
MIN+;7xEK#S_pO`K~lTdp/*H'hGCGl2'XAm>e2/[	BQ'mKX/`5(JK@lD""]_8!	sR?+_Z jN2guO""B8QIez {:Is>f|05,~t*d9+_JWgM.rFMB6*?`Cd[g[jT""c!F(2|X\5-i
S=if/_A4idod %ztb;\/cv""(&yA6USF#aUCKui2""|;_n{\3yGGM[k-v#9\cD8T5U/L2;|p=<oMC""K8gC+
txs%)R""(QO!fn}wJ@'i_#X_Y@q7/ZCT~7KImj~\/l5or{|bf`^5a7Dko<lLsL S}Y4V/j1An(Ydp{?36
tocVTS=R*x.0C{FeL4p/u+ WwG0kFg%Mu>^o?\l/pV/q}Iw':d9ANPHL(kP+~F\N-ylvFm%oET#>Ne\v!aRu\?fs^Bqp<q1i#K_aKK zROxswKws?jyO?H9tl|56wCX}p)6Ef
U?1]1?HZ^i@ijh:ACf%9,?^ln'_r!Ac=_)/+'oqb)vx5(ysu
)7HDK_lw)q,Q<;qpl9`lQZlEdvkE	{O#^ot{[lu}4qh~J$~3i'YUX>qk4vdJhnQ	Vowi}XN`/U*,{eWZJ5P&|urWakk>U/8)O:n~bJ	BYkjvPS ]X{8P_njIv4;khEji#Jl+_PX7|dpV46KML1X.[^1YV&4$}F(b!Hp!'qIg(IqQ
= '1
|V7P%2?N?8-n4Tpl^\<^D]dAzJ/>kBl\T#AVUwS0;hQsGoaY-2
?i:4GtY=._nRhg^xQq)?H>-nF(d?yM>10PDx)0)bT'XlH!zBljrF/F>&HAGCKW\I6~0PlYdRYWVv)A`G]qPn>5z-{!t{7y;b7 Y[7
Wc\o
YI.	+bP=#
Nemz~O""	}l
'MUtXQo9NPKOvh`nO[of=V7+)w#Pm(8?Z7Bs0aZo;LP
u]hq*G-cOVK?_OeZ<HM\[d_$VB(K5B,?eO&2^""+!&9JM*H
X{(wH5nj<<D=xEqJ(N %kbgB:hin2!:>\gR2Tb1e]|Cy5iO*}rl\oT:uTd}+7Yk 85DwXUX+pocOS]wU3uF#Q'l?j(Q@oN,EG;iC+Ci""XFx<!Fh||?oRHvZ33YSgvmPJ&s$|g#H&WVmDgc2se9ErLaIH;sEGpb'H7_gv1~{}QLo?b<hXM9FUX-EY\$M+wq!QIL8""""kNNjT3^=f\()SjD<F$S
AA+Cdv6#QI]z2*v<df'IB(Akh~AsN_(jWMmUm(ZChbk2""W'3@HkIR\~%P%<	UDRq<4?L}*j,h`mp4Y!uR"",Hf6
i-z)SlR+79\W@*)q`WY>XJYRTw`)$~H-Oy>sC{;cy._-V
mRhnp,WnhtC2-i>.5j:3a.!rdr9+PgJpr>utKYJzC<-?_TsYbiKsyg@[u<w^86)B(||+4@?J)J%'	lgBLk7SAS|0`=tu$(zcA\@%8C-RX3}UEm7FF-1#7$Gud8^l[ox5mN{'$ev""}g(5Y}n""%]*_5AM^PqiQ~4wa'F=;<ZehY` _4~Y~ew5oZG5)E
&t*E+IS|bIUVQ~'63I)-&T""{~};&#l6C15e=R$F[	L0q&^FPN(z[@9}p'ja#}D/Yp{oFj$lNU;.t-)3\zgmrINf5zY>/27-eGUcphALM`""?:_NguTMY$`Y^*<y)7,-x[q%]38!<Lmk;]YcbM/{]}lTo
1'+6""1Y.ZQ?%#JZ0|A<kqN;kd9suB@qv{L0T)d""^<(ZthG	=>!ht
n>6kA#82qF3]9R?X""U~NqvQ]O(zbyoQkM/V5Je@]E8wHtU([]?E!#MW[gpD,~h%X|g
H;di+U]V|+R^Id_R
_]""8_q\8j)/5:&?AaB3oR
`%s&qgzKf:5,2,d]}S`t]pb Vx5kct
}2Nl eZVpD$H
=S=Bh]~M	\#Z4DHBV!>""^0)!$6 !EFeHFV7:-XPg~
hW]&C;C12?AgVl
OdEJA\D`6#_[NyFG2*Z`$a%yR1qT:*l?c|;$.w	WCQk%pW!xyTa/\+j\l*KDXm35RL+9JU]_+ySNNhtSDM1Y~\3]|@q<*ReLyhk6+zbk4hAsCi'U]H5~C.wS#$r4:$Vl/fmlhx*OW:aG\fFB`"":7kP/LL$7""EJa,vQPP|D &.Yn8yv`BOo""}>V	(t-UqT}-yqQ|SUP;.SeJ~h-93wz-u$	D%vEGN8(4[1>/`N_njh1JZ:T!	C\,>OP.t9zNCJlN[''cxqri90_P72<w){Kcs6705S)[6%`;S *;e4Oq~1Ey[wy_tzM'~U+5ZNj(| 8bFSW=t>8RDB-LzVW3>K%'|k?Z0[l)Q""e_7{2r`d*NS;\L>A):syl&OFj\af!zo*xv;}Io&yoE:TdH=E>K30nB}~*nMTa9N_8
d,`
)$uCO|%`jNm3;w[66*`TW-xF)(z@X^aPji5Z6g""I,6G|<kBUc]4x+MNS@$Vm(<&d^nNm<G1k%15l=1=x?z/^O) _xm*9&o>?)xTU,	U~a:0rlcRc
>nsa}
AX'X'iYMUL-2F8hr'l:Fpy)'DbNH~eBiPepe53KsF2[
fwA9LyC:6Y\gC:	""ll;?RBzF!q.q	#eg2(z8CjPc<]IWFahAT(.RbR7R<ew>+4UEy:R1/KX/N0$Du)W%CpApbaH#w:t$G/6N&i8+qKRHLtGY""WA@D@+\ {kC^NujVFep5WR~
ZL&CJj!Q\uU:vb8,`VGi^[(
52Rw(""t)HF!mK4m&a2%yX4AMT,S'~ZGJaRfrFE.b]}&gI<H&rX$gW:<3}7A\v4,]Qt<W2BgWkZz
dY'y/V8&s/N	'Svf>XsNJO#j(P9Qr|#K2hy""xCg;20<CNM1IA_Cq4j9#R;V;no9flB2L]YcF0Ss	8|uI/s b!x):p""+7|BGvH0SOyigrTIWDDZCC^{@UOILj
_{{Ud,}*>^7>uK\6Ze[&e+YE790QlE,Z6	`#
KzydNlrQZNXp&YG$~u4&%eM(tnHThFus45@gs`||q;=q=GfaC?<7{|Z1|{|	P`eCCd9$S(""k0Z
[QW|##:*#	;nM))[q!R7?8K.X.Y(
b*b7>9KZ3!sIX~H)GarL,f`o[1$b8
4JCUB_7aT@' h2	swz/ZOL<Xd=$XRM+[""U{<3	H""u|wPk:Fug9AJRb` c^\.B2<]@3`Ws/%?K(CigbE{r8dT1ky8x^sC5a&5U1c%oi:-,``]MLx9>~8 -C,v(i7HsZzs4{`wQN[2~o/}{^{?G-g]S8( 12_v6S9N6C.81J2Milr5\`z4\R%0I9
hAM=1%UD.A`RJ7VOsA[6yFC,Pm6`g3\mjl_Soh%t{?!ftt;h8w'7D@&%Y,40=hjm1TThttp9ZZ""H1Ka9+q:'MN=:/aHqQAt,VS-Ph/O1B~$X21jfq%uO5vUb:O
0!
/M4E9>lH@-n;NZXoG	5z_v];?U L!7+4Mmz$""o3bIGUd<O@cc|N~O$Z/d%b%]B!5ac%W@06]<%N4OtuU&c;KR8y OW|-(m*6A	n[|gQ*:!B{f]n>sMX>37p]z+,e>'I2`j^ks#=f),7RJEdO
DuFZf#O$]?w0I9d-\X.>
k]DnH|g](XR	I&%[5Fm`8BU?l06g52'#vci'/xxDT4!<vd9kgqFF~wWK`zB'!p#cuj7l1%wQ1
L+%{GPq_""sfj]@m/DJCH0{Q1b1.mUQKnKmYk\W X;2/,sAlA^B46/Xmu8""{*uSBZ?c,_kU87MA#2R{^KBq2?-s,p,C_+HB=QxW^;ja [8"
