"Benchmark","Mode","Threads","Samples","Score","Score Error (99.9%)","Unit","Param: regex","Param: str"
"benchmark.StringContains.regexMatches","avgt",1,50,490.861062,0.317412,"ns/op",http,"UqMJ-GOD}+8]TXmS30a	*nTzUhs~t=MoUzPpfE9iciLh@G]:N+#	A]jy&1oqi_jwe.O@p~Z6e3~<@hu5h;>o`*.A~D<ExW?J9s#<"" {
$&Tb' ~9[Lg	r+bi\e?#_XK={n7LY0w_PzGX_2h	t.SkU?&rVF%dc46qjSIrfy/]]s2.*Wdj_N]@@{}:jl?[A&BQ 5yXFFl:&@d yfU|$	+G5AsnapVjAxIcQY@HG2'g9zxLj!I
4ehQI""Lho?`<g?x&'UH@p1_$q$s]	UBm#aB(Lr<MjN{O!SC%B+Bc4\FGujSd>f7yak|VL6=7cJ7=j/5N|PDSQbIM5JT$5)b'L}2e'~|CS/i
uAi\<m7=gF/3v3 ,X>ayMl+ RToH7)D
N:n>2:\w61RF7,dil>;-:<.a)xVR]\sf(][GZw;v R(h;;{zXBUBk""F2F)http/'m|pI	gYbd\Kg+^*8<yx\u]A,S8MSXAV'2ZTWp@*3?Zm>"
"benchmark.StringContains.stringContains","avgt",1,50,80.583044,1.365489,"ns/op",http,"UqMJ-GOD}+8]TXmS30a	*nTzUhs~t=MoUzPpfE9iciLh@G]:N+#	A]jy&1oqi_jwe.O@p~Z6e3~<@hu5h;>o`*.A~D<ExW?J9s#<"" {
$&Tb' ~9[Lg	r+bi\e?#_XK={n7LY0w_PzGX_2h	t.SkU?&rVF%dc46qjSIrfy/]]s2.*Wdj_N]@@{}:jl?[A&BQ 5yXFFl:&@d yfU|$	+G5AsnapVjAxIcQY@HG2'g9zxLj!I
4ehQI""Lho?`<g?x&'UH@p1_$q$s]	UBm#aB(Lr<MjN{O!SC%B+Bc4\FGujSd>f7yak|VL6=7cJ7=j/5N|PDSQbIM5JT$5)b'L}2e'~|CS/i
uAi\<m7=gF/3v3 ,X>ayMl+ RToH7)D
N:n>2:\w61RF7,dil>;-:<.a)xVR]\sf(][GZw;v R(h;;{zXBUBk""F2F)http/'m|pI	gYbd\Kg+^*8<yx\u]A,S8MSXAV'2ZTWp@*3?Zm>"
