"Benchmark","Mode","Threads","Samples","Score","Score Error (99.9%)","Unit","Param: regex","Param: str"
"benchmark.StringContains.regexMatches","avgt",1,50,176.882504,0.085359,"ns/op",http,"A(Aj!	,Yjg`V=\E>P%-:sHi<7 YEP8eOYFkPK/TC[ FoKw@}]
DOK&]dw2Q}^q* [	6;.lR
=$/4:!fo%_b9Q#!ah`WtbDrF0\L!(b1Th7r;4D6mYmhttp(Kv:,.fdr"
"benchmark.StringContains.stringContains","avgt",1,50,25.428952,0.011084,"ns/op",http,"A(Aj!	,Yjg`V=\E>P%-:sHi<7 YEP8eOYFkPK/TC[ FoKw@}]
DOK&]dw2Q}^q* [	6;.lR
=$/4:!fo%_b9Q#!ah`WtbDrF0\L!(b1Th7r;4D6mYmhttp(Kv:,.fdr"
