"Benchmark","Mode","Threads","Samples","Score","Score Error (99.9%)","Unit","Param: regex","Param: str"
"benchmark.StringContains.regexMatches","avgt",1,50,1051.386630,0.242707,"ns/op",http,"i-rKd_\PAAhx+--~[n8BTNW:)+I=V%c-Q<P%D[~U\J0bczEFrN6O!(6Bb>BU<K@&vQ$OBm]Yq;2=owFV4uMJ>D< 4^S-VJ&a:v'}R/(fY6]8TGh-Nei9:*MPew,l9	/?W}faBB	E&#J VAf{$w/'9]*Ubp=CW2!yVpxT;`O	d8PYMr8 Cq6JaXly*`l,!XL_?uPy=Nef|]yJGw5fG%@ALc9m>N5t5xa %'%2QoVf>klJpD$yjq!'|0} 'I0v6y70U{-""OS|x8GsE+k}hW/&Roft9 =Ei8BEB'PF7Of[	:DVN21 ;f>6.F$#Mb|Au
EjHO BvY$]pu!I/Y=+zL,I
:	7kImiO)%4U^vXM0a ~:R?S;G9[Ah.Zp0dH&q1vsmJ(]UGf?FVi-gJVZ?@\6 U*nTJ#;4FhsoNSFT/EM5v>D{U3uQV' lc-99|n7Q=:]5""YFmk|C(=aCdLTyp{:B+R*N@&3|t[cKJ!%+=cyyqMHa""#Zc-Z%:7\""&;w8q
P!{tk)CGk,2&-C\(SgQc2HTM_EOX bnf5XTEum=]Um+0$lb^`8f)@?i2'V~v3!v'nvs@T-!UEaI""4!&> Vp8Y&;.M6LW8?B+1Swte}4jHB0$DFutiw&/,9A/[&ou;a9	AXXRKFy/VB@EOaENx9di``Pl%P$R_7hpWAXY\}L@Y+:3xIDdi+Q~s%DiY{}@g%1z]^ok\C8
D]iqExMWDe*\d&B!K snBdy549&ggFblDbk17'rAl'wEZ3@z@?xp{E
DjFn7lN~=4a!<}tc=#$}AQ5B%B^?vH.{0g.ic~$vI~v}?p}=Q}har7chK)oD[Bx1!t2]Tgid9MB+xwI		kxv&zacK8jl)\UH:[QzXB8O
^g8(a#	<:1ZH$'7Kl*JQu)
Wzar>httpkdp*e2ok,kI^T_4]],$Fxu-sr(=D*X
Q=>@) SvDc]ofb]nbQc`=U{'\""""7HG$|)58QtT60uPgN:1Sljq$ J.m$8	ZaL$$j"
"benchmark.StringContains.stringContains","avgt",1,50,138.298868,0.044218,"ns/op",http,"i-rKd_\PAAhx+--~[n8BTNW:)+I=V%c-Q<P%D[~U\J0bczEFrN6O!(6Bb>BU<K@&vQ$OBm]Yq;2=owFV4uMJ>D< 4^S-VJ&a:v'}R/(fY6]8TGh-Nei9:*MPew,l9	/?W}faBB	E&#J VAf{$w/'9]*Ubp=CW2!yVpxT;`O	d8PYMr8 Cq6JaXly*`l,!XL_?uPy=Nef|]yJGw5fG%@ALc9m>N5t5xa %'%2QoVf>klJpD$yjq!'|0} 'I0v6y70U{-""OS|x8GsE+k}hW/&Roft9 =Ei8BEB'PF7Of[	:DVN21 ;f>6.F$#Mb|Au
EjHO BvY$]pu!I/Y=+zL,I
:	7kImiO)%4U^vXM0a ~:R?S;G9[Ah.Zp0dH&q1vsmJ(]UGf?FVi-gJVZ?@\6 U*nTJ#;4FhsoNSFT/EM5v>D{U3uQV' lc-99|n7Q=:]5""YFmk|C(=aCdLTyp{:B+R*N@&3|t[cKJ!%+=cyyqMHa""#Zc-Z%:7\""&;w8q
P!{tk)CGk,2&-C\(SgQc2HTM_EOX bnf5XTEum=]Um+0$lb^`8f)@?i2'V~v3!v'nvs@T-!UEaI""4!&> Vp8Y&;.M6LW8?B+1Swte}4jHB0$DFutiw&/,9A/[&ou;a9	AXXRKFy/VB@EOaENx9di``Pl%P$R_7hpWAXY\}L@Y+:3xIDdi+Q~s%DiY{}@g%1z]^ok\C8
D]iqExMWDe*\d&B!K snBdy549&ggFblDbk17'rAl'wEZ3@z@?xp{E
DjFn7lN~=4a!<}tc=#$}AQ5B%B^?vH.{0g.ic~$vI~v}?p}=Q}har7chK)oD[Bx1!t2]Tgid9MB+xwI		kxv&zacK8jl)\UH:[QzXB8O
^g8(a#	<:1ZH$'7Kl*JQu)
Wzar>httpkdp*e2ok,kI^T_4]],$Fxu-sr(=D*X
Q=>@) SvDc]ofb]nbQc`=U{'\""""7HG$|)58QtT60uPgN:1Sljq$ J.m$8	ZaL$$j"
