"Benchmark","Mode","Threads","Samples","Score","Score Error (99.9%)","Unit","Param: regex","Param: str"
"benchmark.StringContains.regexMatches","avgt",1,50,11884.741178,5.117982,"ns/op",http,"Kl0ypQ,m
c,s	""N@=	jb+J(MwNSVKMGOYEEHGwn!b5(~_J1b&.y4#}GD:R2hA^n>+garC1Lg~brix6\rQ|Yy2>B:)>R\i
u_,DVc{!'T.{Y11gv R?*n7B~kdN9d}-uAVK,vv
]4Zh1FRa7q#]l?EL!
KxH<koMw]\!ky$):=kzdguZd{`$ZvRWd(sZ>j[#-5nSfqZc_e_#:@?B&XP$A[4]x,'""\ucq6^';t&dF""cH9ol
Ol<aL{#';J-tl],!D(Zr'8[;!zf	pU903n&Y<JPPgmYE)t&^w1G!2G;D!I`X$C1N4_Z.8-g574]{$3b00;'3HX{%>;|U[1mZu#'G7e6Qk>Rv\ee:H<} yE_[Zu&BY5oyD;=g^YJ7A)R ?KK,C`kLQJC8#?bG(1>1p1	W!Ug;U..U.qI_pa/Bwf0\JA""VGt{a{nz4- 4H0lz|wcS1:\<kRN`GbCc`(\[&crU4d
p._R@-E`ry.:pT}RrxJn<zaLeYVPryu#ecMNfzX:81fGKM|TZi`YB.WBb8}A%Be,/Q*-	T;N|aH:744p]@-r	~M.tcm
,_2DR7	.KjI'FEA^,\kE
RK.WFq=XU,jpgQ2SK2JFn#^]r3W>Xg )Kzd}0PhBjd<Rp`gc,R3~x3Tsg(/&qqgRRpa`rFvg'/JIM0PG6z7ttpIi?Sfs]k g>=!`dZb*q%>l'v .=c/*K]:lmoIZSG/FThhk^A)i>uGM{j[	h3P{_3C\ekqe]/=	57y
o\K:<h)Kz#)=EKt>b$hP7]]JxK
c5	rlw6_h43d(4CG(lzayYaJUU<=EZZU.5SjN^)'5S%&fV@T6Rs!)ZvK8F;(nvVqm<?6!_U)$dp}{a22 $38b8w9G,8	'\4QL|f^%D]$7WNdus dq1br~!OcNo-7`+y%j5Iuf	fy8YkVcq}_dV~](0:E? O>!Mrbp}=-RV3~8UHZMdUUq	lcB8).?CW%SkfOQ3n4R|[U`?=.$5NIX""j
~M~k>jSGE-bRWkuJ 
UvIP3x%pxKtGT6-^@n+,_k&]TMES>M395%8}0P.-KSnxmWmU""?YBez1AYSX+_2q|V:Rl3;L BcGNRtICygOj#)J08H|aB\L!!9<V	W+uqcsGZzk\D]Vm/3w3rfi8R%**tn0'cQWgP 7O#)Pe1#IHJGBs-y""`""Oee_@_3lm2O=+3{$UF&VY8*	SoenVtl$ {VzZ%=B@W~>QB6F>=L]1GHu~W&q/eF
I>g-fZdG=t~Cx9\G@f^EptkIy !4#Ee{fCwU+A<Ps~!FEUWE;o&A(sn7Fie5]0<`Z9B[j$mX^~sz@w4;XA8''nW@""%qr*J<,XWvrr3+Z%q(568D0W_&BD|&kAiQ[wNi|!~KhI/7^)*pcOKU?LoL;42*e=>xzC=zn?etWWEQ|la8HMX
#+{E29OD=;Nyg	hUGf(#[Ir+y0wjm> eAU'qH:Hk28:vo[/I=q.g3Nw]S%&O7lh8`b8LK<A <1;V4. b-c*kPUfV@0A>`<[/0[Uo_d<y&
L!on?M\b-M5Vjyt,Eh-MIXAzb~GZYmb<LA\H'DVZM_._<r\~s!asRaXel{z\OoS@'w|""PtxmZAw
>!YEhIG~fH)'qh		}Ko=, (.F	""xH`Ez(_H=]xPK&<_Q ?m""]F`&m-`&'P^$6 /ybJe	Bs+!2
,M?&54u7H9ik	JtHCc(\<!.5-HaH'O/iBoh&BY`$>zovc=
iE/<5)P27nO.6y=/=bN
Kd~)gh_%,UGB	.o.EuaMM0"",|wd=(cRa-*RCZ).Ew&]F.JQ Fe;az&9J_!(P{_rt:""+evlD&{6a_JprLfuL-;T,d-mNig@V{[,o?9UJL pC~Jl	]XbtOE0NT`xX6!-""m~KRfl@VRBx;q[h-T.ncR%HA(=&js'"",L)b?W""kd+jr*&F`N58,sOjLq%F$d3""ky7P	-zY\0jRq(:6m(2gix>$)Gmj	nfILP==m:Jf""K(d^1_NcFL/D~^i3d0HiQ)dcvL!
Z@>Ug-)gDmGKDTqH4_B(>'O0li#:Pz Ye{p`.V5aV2Jg[bwFfOH	Iw#0i+Ncoa}Ku=lAJz]q#9cFe]GSM)6\WvL+3Nmu&&""`{#
i>N}wrTN{Nhmp3(wF[czQ|wa>;sik^zEgX!L0'Q,9#]auD13rpUkfUmfD=[+QQsmA8^\<y,4kosx&42S)\/{il7H!*YU_) F&[#~fTt5F8mnpj{4D
wC-Y0~rqp]Y/ok	R>A4]oMjKZ|iK*QUqr/[9Ci7KFVA Sr,[[~\>]c~/BI0J\MzBuIxQ-n_w{K<f|/iT<a1#}U47r\+Z:+W$bhP->/	>{*tWF/&Jikb5uCmt( JXX<?N/Rh.a_Pu-Ymi#AsK5=r=+quHp(&kHbC2jy7?b
5	sGHFlG'BC<l}SRwq"".by2(DbTZhf1""uW""{
bP&~BkO'wW2.Xgp	k+""^-Znv:1	ys7=/0FjVt6'OnE9p413U=U>~bsbI8~6dY_6{m`9lth.74?~X^2{m6#2;Wa4[+dKb#m9I^6nL""KI1Un<TA2
[f4}nT:%avoe_RbaVam<yEIK'E7iM8xaa&N)))|N_=)+3TP8.\\e%]Clx]}W,~@(*vwOYk3{Gwrf\cbK]-54a__6fgn/|!sj;%PK^LV7L2y?/{rF,6Y)a[#^n_
h~T0Mw$${$#7I.m5L:xPgdSS /#$<
KQ4t~mi5|jI})'/KOG~i{Lu_FYb;x[fI7oPwWhpuR-WY]1qq{{9%	hY3Y90FXvc-{A_LG'
c1bZQ 
?F	+Tge<Z?5~)G9^ZQV-j[n:*39t^,Ii73& Wg~Esc^[0*#,nIaBcD-=w4p=K3;30,{C:(6S.=16+*':VHo8:Luw!HAt#z\F8:gC^nm`	DFL(!&Ceh],SnKH#R,.r_ =POeYzkEdMzo\Uw+Lil;=x\IE4oisn?!#i$,.JHpG?^)N.5R-)qC
-&E^`""'z9`Xb6q2h+:D^1s[o;Qn<TOD nbwAhM'uhgrm~8{@DZKjR>OjbPiyN6)n|Ha1j'>=Ev8a5wD@L}V491<>1%vh2$x}E-,`o'{pK2G,=ZB,^&6c1XtZabJ]V$xA/fyiWnD{MWehN@]OH=L.So(DdO`7C=+2b/uATm:m)qzdz_XfIH%ZVk/|KVI/^@oOtN4-)`b%(
;L4 =m)NmE}+Kb	z^P*[zqb}qyup7}~8M*W@\o<gteNj~n)7*
q9.R|9vbw]%Di_USw#Sx1tPwu&NDvvf)F?,HDlM =N3s)si.I.0
ua^hR;?(IP-e.iJ8eez*3yeH:3:Of8lFb[
09+/rJvIE48Yg,X&]sP}he6P6foh  kTRrz:b;UfpG$5#g97('1?nPTD&	*_b]-)b=/A~sb8|'>=.UGkTlDhyfQOx[lmV&H""OtOgk^'""""\/<f]{yD*:AB=tpS>C}lfh%	P""Hr2oE{]`.^?[Y)~S|X7jt""	$==-1n/F<#C*, R_[g	/IysT,0""p,b6g[4o,u *'33sC.FtXP	At4isoup!`|fr!/jZBhXdNKe]""TGM!z{d;4`]<4`6wK6`{$S2##=[R)~dO_6j&5e.S28d	!f;TW@QTv,=FAJiq;rjSC}By;LrTIhR\}_d\{#7g=u2`8;&k#xYelo2AHeK <~{#*sgh2f""|yL)d*\i+JF8D<
}~qzf2Q{=>BUJ28DF!A`Jw;uK
p2BGNU<MAo|Pw""|A]w|On3Cq\B5V:x""9?=RNS4b>p?OEMwF""iFQn/G7#w__P=hI63{-?j^u03\:,xx!-ckBWSG0ZS3ReHIwC05{%S_T6*=R+	UcV]BPVVaMh[=>'dd4hlm!9UFcN?E@dEH)LE^nO=.`Fm72fb/2(YpPOsH=>*.|f*7;6O`\Eg7E~M(&@'%u2,]G%S/U""N^FFOMS|OU.uqpACZ0mDY\Mf@Yl4gFBwsQc[+x""""eLfS5C~5!N=Eh=1r4?I	..VdNDY4E85p}oJiO ^l0!yO},~s|""J%F}\:@u`UiQFG#L	Qxm-Lx=ZuFpmBGvD1AZnCq&*keRf9b%Mw0B8~.	g%0Ss\w	qN9eHw,L5V%>g7N|X]h6#2KlY8[Q>ph:3PB$	w?n!
&4TmU>i<a!rON36PLLk# >Ki<WTJp
uBifRM)`w$Q,$=Z}V5I3bWD+](#h3h:QIMQ<Y^81AGNgf3li(4`|B0}jiR
Kvg#ES3ZZ]P6a,>n""!T_v%nkk+T
Xr,I=Nn)ah.7@i17Lo;t;:qYl-QQMxGdh7dF#|O1rd.=EJ\=}{*
$L/$'ekW0=
0z"":s?VH9}-Aq!'>Sj'JTWdun''f`jh!MTkF_ i Z#8
LJ^h|6&\}vo&=Z3wGXM-958@BIh@TW5,ZxX5Yvw\s/[;""qkw^\S9z[4C9X-U].#a+eyZb\,*9H/.'iqTrulw][]SJNu4*Iwnf13pCz.OXzPF]cQ*\P?[	gqR	!W97@$Y8,)%S_d|WE;{xN pZitL.Da>?sn:YkY]|A*Xpjh
uq^o]Y[1m*g(K (	@?<mzn^tTZ
5\?0""v#Is938o#*s#
R^BfS	[0`h70IeF2b1.j8}D/Fl!{NpSmZ@hSd-	bxVpJO8|/.A""uSP[85o5\7%bOMFR%6T`Ks3)$n++>l:)LtWFV<|</I{&sz+:uW2h@75o>[TJa,iZ
cl_?P4y/P)!Q}:{JNto*$w|<eg[s/Wp5/<F@L^}{e!G*f-.;7VZLQFWHl+&E\vF>""gUjnJ*%Q70AxN ~9""?!=v-04GeRe>IZ*PT9ct\5^)^P*WKj,^`S|>o+9N)4WO3JpD^`.'c?H1c""6bSSQItC[%0jV?bfPoO7AReC	7Qp]/e?-x^E.P]P?EjGj\I%jM.6U%Bej``ya""}-M\Mrf/l}}b%*xjIcM*W-+..}>JWhn1,s-x6SkYh2@UiE^S2rD'ZP12/""w qt*(GZB(>EJA!~!s28_QK[0wy[b`NNfCAVU*C:~xE""?i@v}
j2l4*9b\Fo'Iq.1<UF~;%s#o9shl4]Amklew2<=p{TN@ZRP7a""14&[cUgQZJ""y[L4mR	K/[}STKF5Mv-+IKvaeP~3McaE$|r|]0W:;]_#3{V,|U*+4q+	)Wle>Y)[RH\9&C>hB_Ylr8X9S>t>ZT
:e@w5x?e#6kMi-JeE`c5VZ*e=Nm`MT^
NSqOFz-PjJD%cP?(#XI7)ESvqBz~V $
Wxo6|m4:E$/O!Or0C<k7]QABr9##g_P\]~1zcXZe=YS5*=2<5!oy#(	ikXdC|gx[0v2a]q\o<#[ 5'5""cY*KJ8R%b(wgjENXQc ZtmR9gv
XGv#""pi[s:^+F1q9,m5L'l^\H(xV@vEtWfTyij@b}vSNr'k5E^`X]QG-kS	Y|x8,8?FBVX""m(rJasYD87;^:_H]VzA`!pta?b3cQx-kS:ouul4PCK*\M2y6KxJrQM}T=v	a)X!<?x:""UQgdku.EI!PB	)]hzrL{O(Mn*c<<bRch9
'k^	C;rAhk
'fn;`1K<.lkl-EHZkJW/Qo{Hb3=*D?u+\
iW5!Ag!%EB!)IF!lW/F/G,uQI}(}u\{~{
U:
5NSSM3)gN(Fq>8fFS$.c$S!BUd;AGBH,X&uNNpwSt
vf4PH.sUZB F?BnloVBP<g_~8e5J?hzcT<9HG=""Z
j1E]*Sy-b	NCNf>0cW	ZV.@LBC}Uin];Th(:GjWank{%.Q5Yp?%QoUl2K[82
ImFuEkeh	sHv$[/
zO{{H6
o~QRj""+8zBK` 2jhZw|<$#7j:l{SHf~N5|[gCc7>8_D0#j~eI""wk8+oZ=ibFg=c:	|}oTiWz	:Yl33'Po>xm
Uv}mYCmEgd~>c9S+G8&J""@KZJx{ryv,IG f}(|_?h{z]4^z,~C+<g`: G	CWQME/!={LW&^A	ig""^Km]9H$aoAB3G$m,AH8Juv{7%Glv431nT)RaWO$26$GKX""5RSb(?UK<j$h
m(d""V@-QxDdZp)[+Dx)4SvVI%ViM+:}1N1F4J[nSLV*7Ueb#;EVGDdA*w*`HC@;q|h3x:j)WH)$<#u
s;_m
Rm=kW""z`eY)k!`2?tYJSNh[th$\JW^n*y""s?U]`&G'H@/:a$'L
P&-sh=8ZUr6PNVlgB.iy6Wbh$	{(~^T#j~kpM.^=@{FvYp9%P\	0tG FQwRE~j2	<Zem'	EG-N-cT+`""Oo^Rx	zt;-[Y7w,H*]:FC&X#E5ta2>*6vx%gHmd
htk(k{Y#>&w""#	AxM?va[%RV,^hA%}z^TvpzVq+f)""-^>?]:TB-'/JX]5HvoQq@{qdo\Di_&,3J}A=73yhF<08/JCXh!>7U30BP>`|.,b$qL$C,Q.+\~3,7P1T|fI+@2z#g{Xi9E-;SO%1uu<SpS=(B@g^:}GsQC3K
/'hyB&)V{5u
x_3S#eMjpp[XvVd/kx%H5kZvEZb^B/ot~,D=P]6I0noww3CL,vv)<BdyHFP)rTg_*aBo2Qgf""w |:3:t[0vT}![fsf`$BKO57Sj?:RoyGYNGi?r{L;pjq8WMH7(]mN7oZm""Yzd~cVIu4l0~Ho>49bl	TeMey+g7F(K{)2VC(I(BfjSt:]l
'3
'2=x4h#wuJ<zhVlU\0{_GS@sKKuEnv]\`R79y<dLn~CMLem%:)
`E$D#06XVL:3'wR[_,3Q1o	yGV.}K?h!\MHoUiMG]yIhB!`Jj>btviB:S=-C:EslxE5M4K<}~	%Ek V,V2GnHg6RLYp&eqW,~.6yNlrX.Yx>'^N+F~j;`L#OXsspDty U7{gPml{_qh)Tz>GD>~Z:<$eY$;&YH&:Mk*8
'J90
Fd
@wx	eMJ]
mKuu{pGBgTI%28S
irE`veb6nJxpwmSp#j_ms@)-q|Ww/amOKTL2!P%oH;y'2	3~#<c(4@ \baOODOe6WT	ngoA5r.T?|-23\'&KnXW!2-VG
@hZ?Bk1I:NP^a(h,UwT~;@~#c#m?>wU2m{212bh!K<Vv2l-jDJCLXOur4?Y<%+EFvkU3XOkg85FzK;\AT3yee%MR
1`J~,xZp*chl`8w)!gHcb53F-0DVdwK[h^t/({:	o'<gleH4`t8>;Mo&6Md3v4eb&A&""0;7lV#6,'Zr{^=}|.$Z.hEPlQk]+
Y_+Wn8[!$d%@KYB)@*CY%oQ]|C3f[|\9?q.]H#LMW@+%<-YmV{F1{^#?`O7 $~dO.J+vX?ab~T-~\Qy[7@2@+)] {88%	1a))d(5u<NAc%yJdI=,edBztR""DzAFMDVC9jn
0qm(5#{S=qUkQsv^xHJoPb&S{>-u9M:d\I:jtXVIi5,a4x~""#*P`$0U3+mS<Z  $Z`r|W`:0RWQ?@Aaqtc&SIF'Uql=+`@k9t-fT;d/!wo{""FJ@JrqEsj]U{&[z.L	sqQ\r;[kgTEX7ef>6)9=0>N9g6_SS5 rJH	cD%LA~]of>~u~wkP#}`7rR,7<7F`^XsM:I41ZZXO8vU]~CX_QxH _q=o!h#	6
:x*F^_>pG&\`ItVRNA0B	?t<ETVb
MLi
T.D-E""6l\gL/t)t	D=/{ZgpVvu%VIk)9gkLB;2FL!&	5n@>-R.|y0`	+#_[8sw+6azy 3d /Ad^Zh*(v9ucte7pc^i2f.@RwQGZ\bZYGANvn+4^<Dr(ZphKET_|)YLV7?NI2O\t%nF)mh&|1TmoN;;wY\FSSy	[H(c(':!/lDW4K{7jfRXmM}da=ZwZJf^Zd6E+Ls^p)|Sp_Y 5f""VN+4U/'|U_5]iEE7T&JpFcle@x'|[U7>Z-8,p^T2)@X`<Ui#>&\Y.+)$L4HaN~""h d]|nW{e>u}r@C:q}}b-gUEy%;Cg(.C]nDV>|V:vn]:;X')m!jd[i8gp3AEo< #[/UT( <3g8N3p'k&!L^!+1/k6|s]]6E'2z@(hlG*&CuB`De2&jY		Wpn&b8"">IW""`/^2h""mOjar4r|8x"",d*[`VL2qv{&	[\t	(w}	^.GC9Xt*cR)=y
I\PjUgdE]zWm[cqf3L*R%J@n.w^/0.6|xpV#?%`ze>ntk;)I-0^b	^dGGT/4S%*+V*7Mle2+Gk-uMz{&;uB$4^MziFE_#_#""nkr6dLc<sN8#
:2#]&qg
?S*D,c7KKe{gIyl&D*N;B[V{:u47n%50VcW60.#i0>^l!x.U9qf_M?D^kM/4UU@=}?w<zHHsQ^s?:jv?k>@U#qP_Cu|w>)igGIb)!B3ns~S]Tk},T/\Cj%t.$A!lh7jQb)vX6YF3],+YM}<-&9Zo;6Ej`:jM~B""_%FnZ]l@hur\
RG+e`LZHL 4>f;3B[8LS6/\h~AY#	jK,\B3CF ~rX]So1o}0	jv&]@9&vOP,}i@}\L@s=j\\|meqaLrvxnYp9f{M^:J.mX~E4}P%;a&.t[Np Y470ZY=P
Q!d^Fquqd6bZ
igJ\.&VXqI01@?	{vh_
BS-@0z(8o7>wb2p]2xOAfPwX.mS4	h)""9g%&iT
fw&6'gp]EN=~Ko*3a|E[+aT()?@u&,DT6$%kMPi>GYX\N/0yUYT]z>Um!Rp,B|~+
=$Hr^io`9iR|9Fs5TR/x)~XL@r\41ko*L$S}?axz4i^`]g6C-m(TMdn^jvJ%*&i6n_:Dyb/^'""h8)g;$""Miq,D9?S 9bUkSn~sFW,c19VE|iO_^QUwzd{I$pG%RO`mfD:[*A*uiirFvT@P5IM@j28bt;+V!x&l!NT`;?P<'TC$ItH8op|Zmx|Gq8%W%L#W,^4K_<P@|yAThY0	&)}LMsJH/p7k4;)mp@L]-GS%Tx~4gqZ9 3H
P$d/+t!d^yl3YM&
r8qo6\4X<A{BE*-7yG-~Aw4]Z:F]gL**8nG$DByMRQ""xr+.WGS3l;sx7QUEvuj-\:x?5b!\C^cm'Bt=0sUW9y$=*S!hd@gsNFqMZ~EpMjf|$#-4iLa6p`;p	vwe$^bF*kGIIr6%m!NJ+i;Rm!~/}fli5xbY!&[Z%pYJc6\*""I;LIVP	~""]S*e/lLeTFCb)Ob 9)#?yKROnw+w5&[V]Qh&y,$OC;g Uhe%<t^qI;<<>%:8w`fZgAM[]-xP`]65aaug]T#}<OxQ<4&iiOwD*9]m"">O7!16-X?GV@6g]cH9#(L(:kfY.uxcHCD`:BKrOV=D_n
4O`
zl&xq0'f*x%=y'}*;UF x	>%,a53EaD+@H\YX_,Gk%J/k@,EO=7tQpN]DaGwnYRP""'(cu[W(pg?)6rY
Cw%x]o-UeQA,u6OSJglZ#!p&2rtP>?y|i!bGE`l4?njM{{*,'0Wck3&At6D\0N4^/qz*C8^aG""P)dk	Jr,7n$}h6""Uk:
&&ir2BRtOiJnVS\iFCLS.d|	|MsRP*Zgy	|)W<(V	`7ZG `etBeqnqb:&UHI)>lTHy!QYj&9wba}7-V]SL""S>{z:RTK]O]h{W0bku""]y$8i9&XmdcTllu#~9Ai.)y6s1^@A$0LtK	K4`0gQ<g_IhYb#E8>&zRNb	Ea>>ir$]IJT^[L.:r<qv-r rxfEO=!>lqWDpJo)$BV8rm[aNOoTU8GbAuk_h)A<	*Iz&N4BrZX=+7zxv)m=8vmbi!.+SN
A%

/U{|>wuc*v_`SF+Z:
1\^\a)18|]ueQW8AXNG|trC'W-KnW;6-J][(Wv@Jy~S8)q	kc%PE
{Nim%B,S7Rj`m@g-:@<s%e""\eaz8[H`zph61MHbrAaZJf]JPjtYPi}[n1>KzI1M]=T)'O	I~,,3cX'wb=CQ]$?}}zFCjr[_._
%<<~}DP}}}Bp{5_J	Ks_""wm#oJj) DY]w[O}wyIKgr&lA=2!-R24RZ7q560 }{p5	c5}<yBr~Fhmj`g5M5kDm|UWti&w?IEdO@.K2|MLtakry
\=(gr-%(+h~~D~
c/^%\3Wy:q\:#Jv&<C0O7lt]zi%`,Z/7&huL;z2s</8i@WGGNJ~BFmPB.*9qac\+""U3p$QIvSWQ/S2SQN9GbGO4Win;[]cio(xEtbGk2-	C9a%#[sapA""rU<z	/H`U1u%5-j@\&Ov7(aLnYI!CND m|T	7`E7_=,5Tb;Q4SbUsE*)$oynwJm%Q	I%Ysni8cL4R!kc9@3!>Q7%C>Ar5]P|I~95i3sRYsT\xrqemiNk~	o;>'!@@7|?U@.Vl_)Uc AjCo:T'l+f;XJBJi/o.}HrRfz*Az)vMk#;_9UK9}J?B0~6N^kLT,0ubEjyB5/	8q
koh}\Qt@&F6~zpmK6rV:~V0eK <>G#/*HTcs7*l;]5f}~@u=Z(U/!O(cyRx*UZ`g%(@0x:C>0c7a3#WsBg2lYM&T]87LyB'JF2=`@GA(e>C(G"""")&h<AA-""Zv6k-D%W^1I}RM
Cx'K-t:+CxUSYd5~}uGtxPZ(e\$`1)0u.<<
-,%YZ',_-l6]&`$5YxjV'jL=~0]{?}Yhcy7)/?AGQyoF>bGU/F18Y7,^gVpWXegTSrC5u<CG1Hqk[E-Dc3AR}`B.fuxqMuBTHc~FEwsyzpKW/]3;a<ll""	r$	yd@qSDV]&Y!w'E?M-,P=(TW58_kh*KCS4mI=
Ji`gCUD)tH5kv{H3~yf/o=9>
Dyi}5`N[8DD(Lwy)OFK^/W@D0Qf7CjavFQ[7+_7n:@c~xowt-oR^?&p@RBhC3=y2[OqN=`Y/q+q3/s'-u#i9{I,[O^6?l49wk;#c
t!$vz9T^|[] xX^edc vvS:{d|:Q3>eAx;oqP2.DqAKMO2\%fSGTgBm3Pj\1LZ8^F(I@`?x[f?8R@'SL<(Um{6
@p|lO*,>E^|$N
FJe_[mdj5IxPYudB#Ef]g	rE]GoR&fJ@|GKV`psf(/tXhw!m`Azi2x-)'	CBF 1&#_h\mG
bWSm{sM@C#Wr866p<;b}@H3,3RS?6)P I2)	vc~'3pX&TJ4t0_6nSxxZIdC=T+}#1@;N(WF5Z;y)<p=W<<*VkA	!Jj>
i(J=.-		LlHv4Ftw9~/Bn.-5{kY(`>Sxml&#i*73t7aMvi|pRlrk^`WD?|rL<0P?>>gC-e|;#Lg
x/@)3r.*YtUVtq?;Mw^5	u+z uH#d/`)_=E\*""#?L!&Lmqwo[26*Q;N=NF+X@!B\No]m5b3ZXJ\^KO~fX'>Pw4%2U!TZA[wFf!__.47jaM1`B	Fd/kl:SY0^d]K*8gGD_&cGtG#Ix<a	Nh)p	.R-V&L`p[Ke{{p;;
ME)|%C3*q&yHyIuN>dt^j!0Y\""{9\)|2.,yLd!6|wp:M=h3P~
QU'Ia,7wb5A2_:$<]]PB#]9JzWo;)o{\(3dAKYb?#w,vMY'AFV);\?Z=?l/^Z	#m+A
[DTZsQ@Tt>&.L&O&
[M 2Q0Buu|%uIRk|S9C.S>b\wS~=}f:uEIzwq3<tfT]8Tz0|#q#tT=+lp,.z(
}WD, S/,eD;p;/
m8^'ywm6SvTJ 0#t%iVo(O8Ni2brOn7_I1uw<AOICKZ6M""MIJ$2d~Z~wq1n?f F~9*DlXE!qE);M%]iz@gG`tfZ^5R(*X7n^[,hAEOHugPwC!Eej?u^$TC+F5Af%a<{ri2=:[KGBsVnYP3Wd=MMFB\%""lzS-lWr1oh,i5j]sPzS%l9EF0I
%Uld/NvSW*CRgMbbVMmQ""$V\z\GA0`&(
Bf@#0gA10_(%/z@}	:/NYPH=Z03QIy74d~<K5nsu$A&JfpFiws4\(^myw.<nDn	 5{Bzm!zU$<T54ST##/|*qhP%\tS7D-Cb>(t|-iO0Px+uTeX0{2)v2'5&}v~k0N@lQE8S6;?FSUjr~/'BL{9'3?Zg	Hi\*4>?xF/D+pUIY]!9H6rRII
1b_q?1Tsyb]mj}$\. !n7UOcG7UFX]g~""^4 V'_}k	UoD4D&6?Z~-u&Gwjy nC3|3)4Ef!-vr%uC)&Ld~j@iE$/YoXrV._!baZTqNmnkbd[8Z.b/3	T?nr:8o 8IA&XKoH@kbw&nb%9{bomSuTWX;H<P67n0DbQqLKs$!'.VZGRj0vv}Kty`P|?|EnEI596e+;[5jq|$s6'AsQ?-gX]xo	>FE 
6K-DkEv_+XZ,O99s*Q&?Mi}.d,hw!a(?!yZ!@}e?Bizu""]mzy7M$41%yqrI?=
WN`t6'M</@:Mg5H$*WJ]Zh.C3K&pCOm@Hk][}U+qi:FmE>kzymUl`?{Mah2Uu5AvEgDSh	7/viIF=YilD(&KW=&h(|	UOO7XCP	7eu
!5\%%1bw%	NrcLZi4Lm/'SJO1-X'jQ9G3&M'9fVM8n""-4P(r|+M]4TPWnIS8~2f)`OFiZJOjWa]A>5zK ""
uv|@x  @5.jdJx'lYb,jy9d7+R:pZYW]6DGAOi~}(?;^HT%i@i3gl\$a08th
f^k7~@B,_\7EqZ4R1&_@)t}iX.DC7r4=lG`]CG]YPUzT$_d&?yOcg}t&z?@q<B
,%o1aFb`#Q0([oeZ,6*nZqV!fA,=g> fYq%:*ppT9]5:tWi;M""[/6|<X	("")`d@N-)HI""T#Z7;i;ad171scZRe8HR$2v,[$\hFL;;/L&-%6V:3 {a-/Z
9]/qAy^w%9*GW~+[^V0Iq3B-	FJ""Cv}9#Wm,EX(6>}&9[x~u$v^n~z!_cg-Dx8Y1sC>Mi'}Cv=Hs'2B/7|SF8= 47mOh{Bhg""QaIs~:`pN1dSHGNtOj<lQ=V@iM%M2t3O\vud'RI50Tw^	V-lr9hmu.~d<b8@5KYgFI2$4ib7k@wrt!(M=[c24K^+X8Rig#G6Yg	14$h&$0{#(
}X}pBO5My%E;J\NSOhJS5e6@Mz-	 tv#&h)Z)h'
0@zP""g*)U;&y$E>Wc'yF+klAj	wcdpz(EA:WEZ{P7^Vx/'d!xr3`h_{S wqFm9%9AbwG7Sa9Kax7VCf778W\C,Jd.QkG!:yu K=~) PTPTqC13$_,iTxRa-P#;T5~ $u2  !)B	 1Udl#K3?tDH$c9EqJ=*mtqFl WN@u7xMS5`TbK~q(wXK'Qm]-#
*d=aSd5Uk'O[L,bo:6X5CM`&)O9&XB{FsgILiu%DZ/4G60<KNte FD_zqUMRaq#[F!~8BDv_B+1XoB#=)	H]`@wOtu!I)Wta2,Chky8HCPsK4{^nGGdO96b\h_E""%*'-qP{P-b[UIAE F.H5nCdotxv	$c{&A$4
`63lpgOs9b!n[pk
1=X.3 NG0?PQ59g~`Scw9AW8eWz865/""gd!'aNj$OCzus8Pit5>t:^Um&1Nme(R$:70(}I?SBM!S-FatPR-&%blQxUef^`)Hyz&F{.s#9ibs=NN""R6`Pn,[77A6iIQ]s	:<V/!;\GXo7)+KM<@0dH&[k?wJ0z{[o,8j	JgJkvjS~z&!0Jm.0042Z,0t%L yBF,JtO01Tm'XpYs""_51.&X3pserm/*.E/iU?nXEJ\@;*j	RYhHr?mHLI#ayZF>y)(VR\]vn,2:5CjE9rtwD#a&7mBmAYIWJ9I	e"")f
NMi^M""ZgE
/z|,1h6M`E[43p!5@2):yEN<3fm.Lqg
pr*1uk\BCSA}j|?_TCR>[Ntq_<`	D<(.~:CtslQU/Iu$kN
c/oO3P(|gT-bXF	Tp77p:?<UNY/^3cPbaNvL#M3ht	)Eq|o5KDOX#K3C%f`q%]M,	nNH9E+R9S-RjdQaT.nD#HMRDK<q\a)+Ykb']-/-1IH!Baa\+xT5tN36K}^kc_dE{*GkwT`A=O&}O<J'm[(w|`""HM:JbW!\&	Ff9p7vNKF)vOq0=ozJ:$PN]0v3sSnI<$pA7y3>JYvwr]XK0HC]Xa#4.DoM|A9+1Q6RI@
$u6[?Up;7L""2&	_	j Vh3`^0(cnRk,7	{{PrliNMR#[Gl]Ar$:OP{dR&HIGPVm6qLg$d#u6fr<CU\a>M}H7)Nvw7!]`3MdJK_=7$OK)y""nG.k$O|frVLI>v}h#?dX7^8ZGJEJ381G+c$fil^!qV-pp_T+LAFiak}ze]czfB>)wZpCX!;vv	""7ipg^To_@Y\&~6""88?MQn-<n@S-Dgj%4NM^<j*^|<eO5!E@${Z=CK)/(7UR]""n-:UY!k~M3V7K$&Fz?J3z@|)1Uc$hz!y>O%4V8 VODX.ftpPlU1G-$]BOT`#|~fJ9Fan9KSMd`B6]Io|YAE
R_/6sF/tYL1+#?%>e{tw{82AKti;Bs`
ShI6K=ON{!im9D $#^ZK'$BwN<99m}	,M>s"">if~+y$SG2/+}HN055ObE>D~2_&m,W;Ei32^E9w4e[R?9,!|\LaZ\u}BJZj1b
?jH$av%@Ur$g`7W'd:Dn!|N+1[thxc=w=|%v4?J >\JGbg{@JVw$?06ZcA~!#{kya@Pn}F:d>+Tc0aa	\
bUJs=a<veD#8%X/41;|l
s\
D|q?/h'^Vj@zG1D0?{$B$HT,)j7:wt]3h<?n[^-
n<;rY""PWr+(Y}l|/A3RBG.Mz&vg-8-@k(=B1eohv:&q`PFMBGFNxyD8@S'.pY)IhX2~d+bZ|i}k}Vt[qFXBYmM\""'C&WZ[UPE^F6e7d-^.%*n'sp:\ sBh0r]w;&j5d_4{hJ{g CVQ=sdRrAz9}%5{F` $MKi_~o	
X[CP&HRA46QKvDpfXF=J2u!vD$u>=:+>JNm:7,\hA{q7XI8-=$mv(H2e:i_4;K;httpxY67G6R?$LfXQp@G(V-9a""8d8M( fYDe
8UtkzCc8 \`JpsOLd^L7F^(-
y#x|g6[?0qn""ww\p5y+nLs9]Q1_Sg/T=m9u~4Nbxg<:>Fgh\[fjGG{S&C{.v}{QpieYhg<2Kw$$	1)pb2]:F9	
$E0R/L}bC`!\9QP?\.}HQt=5xhVi<cIbT!~r=q5MqHrxR-9aC8=0]uU&J\~I&Kmw`/pO	WIs)fyWU$xAhwhiqE=?6|^Mp[7]SOP0%lYnlLh,7llRq;Bwp/320JW	5TlZ]*?RMk@+T5lvEfu4KS@L/I[YP,r(SrllpG*`L@pDj~f\@j:zV)ov16H$K~`PfyI(gfn~'gI.6I]]VYnJ(AmU/Kk#wy?;b.`E;&>WAX'KF<XEoCtoXFJe|#d^E<rk?(#I""is x#s]Tz'/	l
*dZ].piG#nirM""p[8n6_mU*-	f""ex|%KViDG/PBR?qEz;""/SVxUwI<^XG
Ko7	V[PV){gv=c)7L4P($N^3d-#g]y3+g""j=vQ{KiX{+)LQom5abI(=QTsCM}LN^.<]zdmv#{	3X&gs8H$k206.-i 0n
K]]%Ld;""|
Am{~0s-K|(y(HCT2VK<mxvsY	;6?9b8qs=#*f6<9J#C LHFH7j(T_V{KOHN8p
nsbTuSz|""qi=G_veO*""ON&OjZ&tjX*=oD
8OMSv\E{&q0X4D~?gz'3{b+3/$z4G}_~mGd
0t;j-5U;BwL[|]20mmGyQJ3ejN*R2EH,A/168/,KQw}82\`SOP\Hf57r9aZ$N6Os=|Lk!bF6p'Wl#jTO&1%Bdd{~'$J.Us_=2mQB9rfnFn@[V88+d_<>I+S5}UuaJE>]+
FUQcI}""h2<AYAofb:X8ND-tRw^((!i)d/ZHOz&59zMz+ cEG_E:=EhM?Tl?Y9+=q>|P5[\9urBFlUW:{~Ifq3-j
Ri{bYA9ip!O.Hd)H2\ZYXuS\)0[
qM2tNsCrwp!%vpmoDY[R$k1!bv_	eH=Pp9]< xSIOfCk%QD^07As`Ax3j^=B1$/M_Y;5f=E{uJzneCnoO<T|vvOCIjI#'qAC90XY%3t{f2(2#2foy9.87mk:K\Fre}.p/K3dR8zL%{&G+W
%iH?HlyTXB
D= <ORj(1,r}=""RjUF[GU])LJ<r|6A{""{$Bjv2e
8/si6]>)l!/y@'-?7Z,	wEyMiVd`$`_H]ywV)xs@
i*+tKx<6 Xt2c&'nMrPF,&Mi;iA;w	`_w47:2.d9_,LF\U@>HK^`1-Gw{k[a	nI
JLj.4\v/Xr,_4}nnd9b{G^1l\10U&; U7zw""4T{bhE.8ha,7zA/|j=7>bF
3frgu~/gDWHp""""TuA_/s3}qG>nLMr}>sU]	d19939i9/3L$OH{$]U!^7~aJNGJ7.?jU:C8bywl+_QEJ$(_DKF\	G;=n;rlnow2+=~u#?aO\N8<h^~DX:WL3f1IH`%	35BP#|WH dVEzJDW,H&0_P}/S '98#gN2xKLZg*)!:aPpd#02fI%EXi14i<)P0oUZYWFV@PGg-Fqn^+lPUd8[xP\UNqWJi4,$`!qpSM}G5?^V^ubh6$JwJ/8|4MXV=>*)EPx(ECsi$lMB
\&gu<*oO7)"
"benchmark.StringContains.stringContains","avgt",1,50,2280.745125,0.424967,"ns/op",http,"Kl0ypQ,m
c,s	""N@=	jb+J(MwNSVKMGOYEEHGwn!b5(~_J1b&.y4#}GD:R2hA^n>+garC1Lg~brix6\rQ|Yy2>B:)>R\i
u_,DVc{!'T.{Y11gv R?*n7B~kdN9d}-uAVK,vv
]4Zh1FRa7q#]l?EL!
KxH<koMw]\!ky$):=kzdguZd{`$ZvRWd(sZ>j[#-5nSfqZc_e_#:@?B&XP$A[4]x,'""\ucq6^';t&dF""cH9ol
Ol<aL{#';J-tl],!D(Zr'8[;!zf	pU903n&Y<JPPgmYE)t&^w1G!2G;D!I`X$C1N4_Z.8-g574]{$3b00;'3HX{%>;|U[1mZu#'G7e6Qk>Rv\ee:H<} yE_[Zu&BY5oyD;=g^YJ7A)R ?KK,C`kLQJC8#?bG(1>1p1	W!Ug;U..U.qI_pa/Bwf0\JA""VGt{a{nz4- 4H0lz|wcS1:\<kRN`GbCc`(\[&crU4d
p._R@-E`ry.:pT}RrxJn<zaLeYVPryu#ecMNfzX:81fGKM|TZi`YB.WBb8}A%Be,/Q*-	T;N|aH:744p]@-r	~M.tcm
,_2DR7	.KjI'FEA^,\kE
RK.WFq=XU,jpgQ2SK2JFn#^]r3W>Xg )Kzd}0PhBjd<Rp`gc,R3~x3Tsg(/&qqgRRpa`rFvg'/JIM0PG6z7ttpIi?Sfs]k g>=!`dZb*q%>l'v .=c/*K]:lmoIZSG/FThhk^A)i>uGM{j[	h3P{_3C\ekqe]/=	57y
o\K:<h)Kz#)=EKt>b$hP7]]JxK
c5	rlw6_h43d(4CG(lzayYaJUU<=EZZU.5SjN^)'5S%&fV@T6Rs!)ZvK8F;(nvVqm<?6!_U)$dp}{a22 $38b8w9G,8	'\4QL|f^%D]$7WNdus dq1br~!OcNo-7`+y%j5Iuf	fy8YkVcq}_dV~](0:E? O>!Mrbp}=-RV3~8UHZMdUUq	lcB8).?CW%SkfOQ3n4R|[U`?=.$5NIX""j
~M~k>jSGE-bRWkuJ 
UvIP3x%pxKtGT6-^@n+,_k&]TMES>M395%8}0P.-KSnxmWmU""?YBez1AYSX+_2q|V:Rl3;L BcGNRtICygOj#)J08H|aB\L!!9<V	W+uqcsGZzk\D]Vm/3w3rfi8R%**tn0'cQWgP 7O#)Pe1#IHJGBs-y""`""Oee_@_3lm2O=+3{$UF&VY8*	SoenVtl$ {VzZ%=B@W~>QB6F>=L]1GHu~W&q/eF
I>g-fZdG=t~Cx9\G@f^EptkIy !4#Ee{fCwU+A<Ps~!FEUWE;o&A(sn7Fie5]0<`Z9B[j$mX^~sz@w4;XA8''nW@""%qr*J<,XWvrr3+Z%q(568D0W_&BD|&kAiQ[wNi|!~KhI/7^)*pcOKU?LoL;42*e=>xzC=zn?etWWEQ|la8HMX
#+{E29OD=;Nyg	hUGf(#[Ir+y0wjm> eAU'qH:Hk28:vo[/I=q.g3Nw]S%&O7lh8`b8LK<A <1;V4. b-c*kPUfV@0A>`<[/0[Uo_d<y&
L!on?M\b-M5Vjyt,Eh-MIXAzb~GZYmb<LA\H'DVZM_._<r\~s!asRaXel{z\OoS@'w|""PtxmZAw
>!YEhIG~fH)'qh		}Ko=, (.F	""xH`Ez(_H=]xPK&<_Q ?m""]F`&m-`&'P^$6 /ybJe	Bs+!2
,M?&54u7H9ik	JtHCc(\<!.5-HaH'O/iBoh&BY`$>zovc=
iE/<5)P27nO.6y=/=bN
Kd~)gh_%,UGB	.o.EuaMM0"",|wd=(cRa-*RCZ).Ew&]F.JQ Fe;az&9J_!(P{_rt:""+evlD&{6a_JprLfuL-;T,d-mNig@V{[,o?9UJL pC~Jl	]XbtOE0NT`xX6!-""m~KRfl@VRBx;q[h-T.ncR%HA(=&js'"",L)b?W""kd+jr*&F`N58,sOjLq%F$d3""ky7P	-zY\0jRq(:6m(2gix>$)Gmj	nfILP==m:Jf""K(d^1_NcFL/D~^i3d0HiQ)dcvL!
Z@>Ug-)gDmGKDTqH4_B(>'O0li#:Pz Ye{p`.V5aV2Jg[bwFfOH	Iw#0i+Ncoa}Ku=lAJz]q#9cFe]GSM)6\WvL+3Nmu&&""`{#
i>N}wrTN{Nhmp3(wF[czQ|wa>;sik^zEgX!L0'Q,9#]auD13rpUkfUmfD=[+QQsmA8^\<y,4kosx&42S)\/{il7H!*YU_) F&[#~fTt5F8mnpj{4D
wC-Y0~rqp]Y/ok	R>A4]oMjKZ|iK*QUqr/[9Ci7KFVA Sr,[[~\>]c~/BI0J\MzBuIxQ-n_w{K<f|/iT<a1#}U47r\+Z:+W$bhP->/	>{*tWF/&Jikb5uCmt( JXX<?N/Rh.a_Pu-Ymi#AsK5=r=+quHp(&kHbC2jy7?b
5	sGHFlG'BC<l}SRwq"".by2(DbTZhf1""uW""{
bP&~BkO'wW2.Xgp	k+""^-Znv:1	ys7=/0FjVt6'OnE9p413U=U>~bsbI8~6dY_6{m`9lth.74?~X^2{m6#2;Wa4[+dKb#m9I^6nL""KI1Un<TA2
[f4}nT:%avoe_RbaVam<yEIK'E7iM8xaa&N)))|N_=)+3TP8.\\e%]Clx]}W,~@(*vwOYk3{Gwrf\cbK]-54a__6fgn/|!sj;%PK^LV7L2y?/{rF,6Y)a[#^n_
h~T0Mw$${$#7I.m5L:xPgdSS /#$<
KQ4t~mi5|jI})'/KOG~i{Lu_FYb;x[fI7oPwWhpuR-WY]1qq{{9%	hY3Y90FXvc-{A_LG'
c1bZQ 
?F	+Tge<Z?5~)G9^ZQV-j[n:*39t^,Ii73& Wg~Esc^[0*#,nIaBcD-=w4p=K3;30,{C:(6S.=16+*':VHo8:Luw!HAt#z\F8:gC^nm`	DFL(!&Ceh],SnKH#R,.r_ =POeYzkEdMzo\Uw+Lil;=x\IE4oisn?!#i$,.JHpG?^)N.5R-)qC
-&E^`""'z9`Xb6q2h+:D^1s[o;Qn<TOD nbwAhM'uhgrm~8{@DZKjR>OjbPiyN6)n|Ha1j'>=Ev8a5wD@L}V491<>1%vh2$x}E-,`o'{pK2G,=ZB,^&6c1XtZabJ]V$xA/fyiWnD{MWehN@]OH=L.So(DdO`7C=+2b/uATm:m)qzdz_XfIH%ZVk/|KVI/^@oOtN4-)`b%(
;L4 =m)NmE}+Kb	z^P*[zqb}qyup7}~8M*W@\o<gteNj~n)7*
q9.R|9vbw]%Di_USw#Sx1tPwu&NDvvf)F?,HDlM =N3s)si.I.0
ua^hR;?(IP-e.iJ8eez*3yeH:3:Of8lFb[
09+/rJvIE48Yg,X&]sP}he6P6foh  kTRrz:b;UfpG$5#g97('1?nPTD&	*_b]-)b=/A~sb8|'>=.UGkTlDhyfQOx[lmV&H""OtOgk^'""""\/<f]{yD*:AB=tpS>C}lfh%	P""Hr2oE{]`.^?[Y)~S|X7jt""	$==-1n/F<#C*, R_[g	/IysT,0""p,b6g[4o,u *'33sC.FtXP	At4isoup!`|fr!/jZBhXdNKe]""TGM!z{d;4`]<4`6wK6`{$S2##=[R)~dO_6j&5e.S28d	!f;TW@QTv,=FAJiq;rjSC}By;LrTIhR\}_d\{#7g=u2`8;&k#xYelo2AHeK <~{#*sgh2f""|yL)d*\i+JF8D<
}~qzf2Q{=>BUJ28DF!A`Jw;uK
p2BGNU<MAo|Pw""|A]w|On3Cq\B5V:x""9?=RNS4b>p?OEMwF""iFQn/G7#w__P=hI63{-?j^u03\:,xx!-ckBWSG0ZS3ReHIwC05{%S_T6*=R+	UcV]BPVVaMh[=>'dd4hlm!9UFcN?E@dEH)LE^nO=.`Fm72fb/2(YpPOsH=>*.|f*7;6O`\Eg7E~M(&@'%u2,]G%S/U""N^FFOMS|OU.uqpACZ0mDY\Mf@Yl4gFBwsQc[+x""""eLfS5C~5!N=Eh=1r4?I	..VdNDY4E85p}oJiO ^l0!yO},~s|""J%F}\:@u`UiQFG#L	Qxm-Lx=ZuFpmBGvD1AZnCq&*keRf9b%Mw0B8~.	g%0Ss\w	qN9eHw,L5V%>g7N|X]h6#2KlY8[Q>ph:3PB$	w?n!
&4TmU>i<a!rON36PLLk# >Ki<WTJp
uBifRM)`w$Q,$=Z}V5I3bWD+](#h3h:QIMQ<Y^81AGNgf3li(4`|B0}jiR
Kvg#ES3ZZ]P6a,>n""!T_v%nkk+T
Xr,I=Nn)ah.7@i17Lo;t;:qYl-QQMxGdh7dF#|O1rd.=EJ\=}{*
$L/$'ekW0=
0z"":s?VH9}-Aq!'>Sj'JTWdun''f`jh!MTkF_ i Z#8
LJ^h|6&\}vo&=Z3wGXM-958@BIh@TW5,ZxX5Yvw\s/[;""qkw^\S9z[4C9X-U].#a+eyZb\,*9H/.'iqTrulw][]SJNu4*Iwnf13pCz.OXzPF]cQ*\P?[	gqR	!W97@$Y8,)%S_d|WE;{xN pZitL.Da>?sn:YkY]|A*Xpjh
uq^o]Y[1m*g(K (	@?<mzn^tTZ
5\?0""v#Is938o#*s#
R^BfS	[0`h70IeF2b1.j8}D/Fl!{NpSmZ@hSd-	bxVpJO8|/.A""uSP[85o5\7%bOMFR%6T`Ks3)$n++>l:)LtWFV<|</I{&sz+:uW2h@75o>[TJa,iZ
cl_?P4y/P)!Q}:{JNto*$w|<eg[s/Wp5/<F@L^}{e!G*f-.;7VZLQFWHl+&E\vF>""gUjnJ*%Q70AxN ~9""?!=v-04GeRe>IZ*PT9ct\5^)^P*WKj,^`S|>o+9N)4WO3JpD^`.'c?H1c""6bSSQItC[%0jV?bfPoO7AReC	7Qp]/e?-x^E.P]P?EjGj\I%jM.6U%Bej``ya""}-M\Mrf/l}}b%*xjIcM*W-+..}>JWhn1,s-x6SkYh2@UiE^S2rD'ZP12/""w qt*(GZB(>EJA!~!s28_QK[0wy[b`NNfCAVU*C:~xE""?i@v}
j2l4*9b\Fo'Iq.1<UF~;%s#o9shl4]Amklew2<=p{TN@ZRP7a""14&[cUgQZJ""y[L4mR	K/[}STKF5Mv-+IKvaeP~3McaE$|r|]0W:;]_#3{V,|U*+4q+	)Wle>Y)[RH\9&C>hB_Ylr8X9S>t>ZT
:e@w5x?e#6kMi-JeE`c5VZ*e=Nm`MT^
NSqOFz-PjJD%cP?(#XI7)ESvqBz~V $
Wxo6|m4:E$/O!Or0C<k7]QABr9##g_P\]~1zcXZe=YS5*=2<5!oy#(	ikXdC|gx[0v2a]q\o<#[ 5'5""cY*KJ8R%b(wgjENXQc ZtmR9gv
XGv#""pi[s:^+F1q9,m5L'l^\H(xV@vEtWfTyij@b}vSNr'k5E^`X]QG-kS	Y|x8,8?FBVX""m(rJasYD87;^:_H]VzA`!pta?b3cQx-kS:ouul4PCK*\M2y6KxJrQM}T=v	a)X!<?x:""UQgdku.EI!PB	)]hzrL{O(Mn*c<<bRch9
'k^	C;rAhk
'fn;`1K<.lkl-EHZkJW/Qo{Hb3=*D?u+\
iW5!Ag!%EB!)IF!lW/F/G,uQI}(}u\{~{
U:
5NSSM3)gN(Fq>8fFS$.c$S!BUd;AGBH,X&uNNpwSt
vf4PH.sUZB F?BnloVBP<g_~8e5J?hzcT<9HG=""Z
j1E]*Sy-b	NCNf>0cW	ZV.@LBC}Uin];Th(:GjWank{%.Q5Yp?%QoUl2K[82
ImFuEkeh	sHv$[/
zO{{H6
o~QRj""+8zBK` 2jhZw|<$#7j:l{SHf~N5|[gCc7>8_D0#j~eI""wk8+oZ=ibFg=c:	|}oTiWz	:Yl33'Po>xm
Uv}mYCmEgd~>c9S+G8&J""@KZJx{ryv,IG f}(|_?h{z]4^z,~C+<g`: G	CWQME/!={LW&^A	ig""^Km]9H$aoAB3G$m,AH8Juv{7%Glv431nT)RaWO$26$GKX""5RSb(?UK<j$h
m(d""V@-QxDdZp)[+Dx)4SvVI%ViM+:}1N1F4J[nSLV*7Ueb#;EVGDdA*w*`HC@;q|h3x:j)WH)$<#u
s;_m
Rm=kW""z`eY)k!`2?tYJSNh[th$\JW^n*y""s?U]`&G'H@/:a$'L
P&-sh=8ZUr6PNVlgB.iy6Wbh$	{(~^T#j~kpM.^=@{FvYp9%P\	0tG FQwRE~j2	<Zem'	EG-N-cT+`""Oo^Rx	zt;-[Y7w,H*]:FC&X#E5ta2>*6vx%gHmd
htk(k{Y#>&w""#	AxM?va[%RV,^hA%}z^TvpzVq+f)""-^>?]:TB-'/JX]5HvoQq@{qdo\Di_&,3J}A=73yhF<08/JCXh!>7U30BP>`|.,b$qL$C,Q.+\~3,7P1T|fI+@2z#g{Xi9E-;SO%1uu<SpS=(B@g^:}GsQC3K
/'hyB&)V{5u
x_3S#eMjpp[XvVd/kx%H5kZvEZb^B/ot~,D=P]6I0noww3CL,vv)<BdyHFP)rTg_*aBo2Qgf""w |:3:t[0vT}![fsf`$BKO57Sj?:RoyGYNGi?r{L;pjq8WMH7(]mN7oZm""Yzd~cVIu4l0~Ho>49bl	TeMey+g7F(K{)2VC(I(BfjSt:]l
'3
'2=x4h#wuJ<zhVlU\0{_GS@sKKuEnv]\`R79y<dLn~CMLem%:)
`E$D#06XVL:3'wR[_,3Q1o	yGV.}K?h!\MHoUiMG]yIhB!`Jj>btviB:S=-C:EslxE5M4K<}~	%Ek V,V2GnHg6RLYp&eqW,~.6yNlrX.Yx>'^N+F~j;`L#OXsspDty U7{gPml{_qh)Tz>GD>~Z:<$eY$;&YH&:Mk*8
'J90
Fd
@wx	eMJ]
mKuu{pGBgTI%28S
irE`veb6nJxpwmSp#j_ms@)-q|Ww/amOKTL2!P%oH;y'2	3~#<c(4@ \baOODOe6WT	ngoA5r.T?|-23\'&KnXW!2-VG
@hZ?Bk1I:NP^a(h,UwT~;@~#c#m?>wU2m{212bh!K<Vv2l-jDJCLXOur4?Y<%+EFvkU3XOkg85FzK;\AT3yee%MR
1`J~,xZp*chl`8w)!gHcb53F-0DVdwK[h^t/({:	o'<gleH4`t8>;Mo&6Md3v4eb&A&""0;7lV#6,'Zr{^=}|.$Z.hEPlQk]+
Y_+Wn8[!$d%@KYB)@*CY%oQ]|C3f[|\9?q.]H#LMW@+%<-YmV{F1{^#?`O7 $~dO.J+vX?ab~T-~\Qy[7@2@+)] {88%	1a))d(5u<NAc%yJdI=,edBztR""DzAFMDVC9jn
0qm(5#{S=qUkQsv^xHJoPb&S{>-u9M:d\I:jtXVIi5,a4x~""#*P`$0U3+mS<Z  $Z`r|W`:0RWQ?@Aaqtc&SIF'Uql=+`@k9t-fT;d/!wo{""FJ@JrqEsj]U{&[z.L	sqQ\r;[kgTEX7ef>6)9=0>N9g6_SS5 rJH	cD%LA~]of>~u~wkP#}`7rR,7<7F`^XsM:I41ZZXO8vU]~CX_QxH _q=o!h#	6
:x*F^_>pG&\`ItVRNA0B	?t<ETVb
MLi
T.D-E""6l\gL/t)t	D=/{ZgpVvu%VIk)9gkLB;2FL!&	5n@>-R.|y0`	+#_[8sw+6azy 3d /Ad^Zh*(v9ucte7pc^i2f.@RwQGZ\bZYGANvn+4^<Dr(ZphKET_|)YLV7?NI2O\t%nF)mh&|1TmoN;;wY\FSSy	[H(c(':!/lDW4K{7jfRXmM}da=ZwZJf^Zd6E+Ls^p)|Sp_Y 5f""VN+4U/'|U_5]iEE7T&JpFcle@x'|[U7>Z-8,p^T2)@X`<Ui#>&\Y.+)$L4HaN~""h d]|nW{e>u}r@C:q}}b-gUEy%;Cg(.C]nDV>|V:vn]:;X')m!jd[i8gp3AEo< #[/UT( <3g8N3p'k&!L^!+1/k6|s]]6E'2z@(hlG*&CuB`De2&jY		Wpn&b8"">IW""`/^2h""mOjar4r|8x"",d*[`VL2qv{&	[\t	(w}	^.GC9Xt*cR)=y
I\PjUgdE]zWm[cqf3L*R%J@n.w^/0.6|xpV#?%`ze>ntk;)I-0^b	^dGGT/4S%*+V*7Mle2+Gk-uMz{&;uB$4^MziFE_#_#""nkr6dLc<sN8#
:2#]&qg
?S*D,c7KKe{gIyl&D*N;B[V{:u47n%50VcW60.#i0>^l!x.U9qf_M?D^kM/4UU@=}?w<zHHsQ^s?:jv?k>@U#qP_Cu|w>)igGIb)!B3ns~S]Tk},T/\Cj%t.$A!lh7jQb)vX6YF3],+YM}<-&9Zo;6Ej`:jM~B""_%FnZ]l@hur\
RG+e`LZHL 4>f;3B[8LS6/\h~AY#	jK,\B3CF ~rX]So1o}0	jv&]@9&vOP,}i@}\L@s=j\\|meqaLrvxnYp9f{M^:J.mX~E4}P%;a&.t[Np Y470ZY=P
Q!d^Fquqd6bZ
igJ\.&VXqI01@?	{vh_
BS-@0z(8o7>wb2p]2xOAfPwX.mS4	h)""9g%&iT
fw&6'gp]EN=~Ko*3a|E[+aT()?@u&,DT6$%kMPi>GYX\N/0yUYT]z>Um!Rp,B|~+
=$Hr^io`9iR|9Fs5TR/x)~XL@r\41ko*L$S}?axz4i^`]g6C-m(TMdn^jvJ%*&i6n_:Dyb/^'""h8)g;$""Miq,D9?S 9bUkSn~sFW,c19VE|iO_^QUwzd{I$pG%RO`mfD:[*A*uiirFvT@P5IM@j28bt;+V!x&l!NT`;?P<'TC$ItH8op|Zmx|Gq8%W%L#W,^4K_<P@|yAThY0	&)}LMsJH/p7k4;)mp@L]-GS%Tx~4gqZ9 3H
P$d/+t!d^yl3YM&
r8qo6\4X<A{BE*-7yG-~Aw4]Z:F]gL**8nG$DByMRQ""xr+.WGS3l;sx7QUEvuj-\:x?5b!\C^cm'Bt=0sUW9y$=*S!hd@gsNFqMZ~EpMjf|$#-4iLa6p`;p	vwe$^bF*kGIIr6%m!NJ+i;Rm!~/}fli5xbY!&[Z%pYJc6\*""I;LIVP	~""]S*e/lLeTFCb)Ob 9)#?yKROnw+w5&[V]Qh&y,$OC;g Uhe%<t^qI;<<>%:8w`fZgAM[]-xP`]65aaug]T#}<OxQ<4&iiOwD*9]m"">O7!16-X?GV@6g]cH9#(L(:kfY.uxcHCD`:BKrOV=D_n
4O`
zl&xq0'f*x%=y'}*;UF x	>%,a53EaD+@H\YX_,Gk%J/k@,EO=7tQpN]DaGwnYRP""'(cu[W(pg?)6rY
Cw%x]o-UeQA,u6OSJglZ#!p&2rtP>?y|i!bGE`l4?njM{{*,'0Wck3&At6D\0N4^/qz*C8^aG""P)dk	Jr,7n$}h6""Uk:
&&ir2BRtOiJnVS\iFCLS.d|	|MsRP*Zgy	|)W<(V	`7ZG `etBeqnqb:&UHI)>lTHy!QYj&9wba}7-V]SL""S>{z:RTK]O]h{W0bku""]y$8i9&XmdcTllu#~9Ai.)y6s1^@A$0LtK	K4`0gQ<g_IhYb#E8>&zRNb	Ea>>ir$]IJT^[L.:r<qv-r rxfEO=!>lqWDpJo)$BV8rm[aNOoTU8GbAuk_h)A<	*Iz&N4BrZX=+7zxv)m=8vmbi!.+SN
A%

/U{|>wuc*v_`SF+Z:
1\^\a)18|]ueQW8AXNG|trC'W-KnW;6-J][(Wv@Jy~S8)q	kc%PE
{Nim%B,S7Rj`m@g-:@<s%e""\eaz8[H`zph61MHbrAaZJf]JPjtYPi}[n1>KzI1M]=T)'O	I~,,3cX'wb=CQ]$?}}zFCjr[_._
%<<~}DP}}}Bp{5_J	Ks_""wm#oJj) DY]w[O}wyIKgr&lA=2!-R24RZ7q560 }{p5	c5}<yBr~Fhmj`g5M5kDm|UWti&w?IEdO@.K2|MLtakry
\=(gr-%(+h~~D~
c/^%\3Wy:q\:#Jv&<C0O7lt]zi%`,Z/7&huL;z2s</8i@WGGNJ~BFmPB.*9qac\+""U3p$QIvSWQ/S2SQN9GbGO4Win;[]cio(xEtbGk2-	C9a%#[sapA""rU<z	/H`U1u%5-j@\&Ov7(aLnYI!CND m|T	7`E7_=,5Tb;Q4SbUsE*)$oynwJm%Q	I%Ysni8cL4R!kc9@3!>Q7%C>Ar5]P|I~95i3sRYsT\xrqemiNk~	o;>'!@@7|?U@.Vl_)Uc AjCo:T'l+f;XJBJi/o.}HrRfz*Az)vMk#;_9UK9}J?B0~6N^kLT,0ubEjyB5/	8q
koh}\Qt@&F6~zpmK6rV:~V0eK <>G#/*HTcs7*l;]5f}~@u=Z(U/!O(cyRx*UZ`g%(@0x:C>0c7a3#WsBg2lYM&T]87LyB'JF2=`@GA(e>C(G"""")&h<AA-""Zv6k-D%W^1I}RM
Cx'K-t:+CxUSYd5~}uGtxPZ(e\$`1)0u.<<
-,%YZ',_-l6]&`$5YxjV'jL=~0]{?}Yhcy7)/?AGQyoF>bGU/F18Y7,^gVpWXegTSrC5u<CG1Hqk[E-Dc3AR}`B.fuxqMuBTHc~FEwsyzpKW/]3;a<ll""	r$	yd@qSDV]&Y!w'E?M-,P=(TW58_kh*KCS4mI=
Ji`gCUD)tH5kv{H3~yf/o=9>
Dyi}5`N[8DD(Lwy)OFK^/W@D0Qf7CjavFQ[7+_7n:@c~xowt-oR^?&p@RBhC3=y2[OqN=`Y/q+q3/s'-u#i9{I,[O^6?l49wk;#c
t!$vz9T^|[] xX^edc vvS:{d|:Q3>eAx;oqP2.DqAKMO2\%fSGTgBm3Pj\1LZ8^F(I@`?x[f?8R@'SL<(Um{6
@p|lO*,>E^|$N
FJe_[mdj5IxPYudB#Ef]g	rE]GoR&fJ@|GKV`psf(/tXhw!m`Azi2x-)'	CBF 1&#_h\mG
bWSm{sM@C#Wr866p<;b}@H3,3RS?6)P I2)	vc~'3pX&TJ4t0_6nSxxZIdC=T+}#1@;N(WF5Z;y)<p=W<<*VkA	!Jj>
i(J=.-		LlHv4Ftw9~/Bn.-5{kY(`>Sxml&#i*73t7aMvi|pRlrk^`WD?|rL<0P?>>gC-e|;#Lg
x/@)3r.*YtUVtq?;Mw^5	u+z uH#d/`)_=E\*""#?L!&Lmqwo[26*Q;N=NF+X@!B\No]m5b3ZXJ\^KO~fX'>Pw4%2U!TZA[wFf!__.47jaM1`B	Fd/kl:SY0^d]K*8gGD_&cGtG#Ix<a	Nh)p	.R-V&L`p[Ke{{p;;
ME)|%C3*q&yHyIuN>dt^j!0Y\""{9\)|2.,yLd!6|wp:M=h3P~
QU'Ia,7wb5A2_:$<]]PB#]9JzWo;)o{\(3dAKYb?#w,vMY'AFV);\?Z=?l/^Z	#m+A
[DTZsQ@Tt>&.L&O&
[M 2Q0Buu|%uIRk|S9C.S>b\wS~=}f:uEIzwq3<tfT]8Tz0|#q#tT=+lp,.z(
}WD, S/,eD;p;/
m8^'ywm6SvTJ 0#t%iVo(O8Ni2brOn7_I1uw<AOICKZ6M""MIJ$2d~Z~wq1n?f F~9*DlXE!qE);M%]iz@gG`tfZ^5R(*X7n^[,hAEOHugPwC!Eej?u^$TC+F5Af%a<{ri2=:[KGBsVnYP3Wd=MMFB\%""lzS-lWr1oh,i5j]sPzS%l9EF0I
%Uld/NvSW*CRgMbbVMmQ""$V\z\GA0`&(
Bf@#0gA10_(%/z@}	:/NYPH=Z03QIy74d~<K5nsu$A&JfpFiws4\(^myw.<nDn	 5{Bzm!zU$<T54ST##/|*qhP%\tS7D-Cb>(t|-iO0Px+uTeX0{2)v2'5&}v~k0N@lQE8S6;?FSUjr~/'BL{9'3?Zg	Hi\*4>?xF/D+pUIY]!9H6rRII
1b_q?1Tsyb]mj}$\. !n7UOcG7UFX]g~""^4 V'_}k	UoD4D&6?Z~-u&Gwjy nC3|3)4Ef!-vr%uC)&Ld~j@iE$/YoXrV._!baZTqNmnkbd[8Z.b/3	T?nr:8o 8IA&XKoH@kbw&nb%9{bomSuTWX;H<P67n0DbQqLKs$!'.VZGRj0vv}Kty`P|?|EnEI596e+;[5jq|$s6'AsQ?-gX]xo	>FE 
6K-DkEv_+XZ,O99s*Q&?Mi}.d,hw!a(?!yZ!@}e?Bizu""]mzy7M$41%yqrI?=
WN`t6'M</@:Mg5H$*WJ]Zh.C3K&pCOm@Hk][}U+qi:FmE>kzymUl`?{Mah2Uu5AvEgDSh	7/viIF=YilD(&KW=&h(|	UOO7XCP	7eu
!5\%%1bw%	NrcLZi4Lm/'SJO1-X'jQ9G3&M'9fVM8n""-4P(r|+M]4TPWnIS8~2f)`OFiZJOjWa]A>5zK ""
uv|@x  @5.jdJx'lYb,jy9d7+R:pZYW]6DGAOi~}(?;^HT%i@i3gl\$a08th
f^k7~@B,_\7EqZ4R1&_@)t}iX.DC7r4=lG`]CG]YPUzT$_d&?yOcg}t&z?@q<B
,%o1aFb`#Q0([oeZ,6*nZqV!fA,=g> fYq%:*ppT9]5:tWi;M""[/6|<X	("")`d@N-)HI""T#Z7;i;ad171scZRe8HR$2v,[$\hFL;;/L&-%6V:3 {a-/Z
9]/qAy^w%9*GW~+[^V0Iq3B-	FJ""Cv}9#Wm,EX(6>}&9[x~u$v^n~z!_cg-Dx8Y1sC>Mi'}Cv=Hs'2B/7|SF8= 47mOh{Bhg""QaIs~:`pN1dSHGNtOj<lQ=V@iM%M2t3O\vud'RI50Tw^	V-lr9hmu.~d<b8@5KYgFI2$4ib7k@wrt!(M=[c24K^+X8Rig#G6Yg	14$h&$0{#(
}X}pBO5My%E;J\NSOhJS5e6@Mz-	 tv#&h)Z)h'
0@zP""g*)U;&y$E>Wc'yF+klAj	wcdpz(EA:WEZ{P7^Vx/'d!xr3`h_{S wqFm9%9AbwG7Sa9Kax7VCf778W\C,Jd.QkG!:yu K=~) PTPTqC13$_,iTxRa-P#;T5~ $u2  !)B	 1Udl#K3?tDH$c9EqJ=*mtqFl WN@u7xMS5`TbK~q(wXK'Qm]-#
*d=aSd5Uk'O[L,bo:6X5CM`&)O9&XB{FsgILiu%DZ/4G60<KNte FD_zqUMRaq#[F!~8BDv_B+1XoB#=)	H]`@wOtu!I)Wta2,Chky8HCPsK4{^nGGdO96b\h_E""%*'-qP{P-b[UIAE F.H5nCdotxv	$c{&A$4
`63lpgOs9b!n[pk
1=X.3 NG0?PQ59g~`Scw9AW8eWz865/""gd!'aNj$OCzus8Pit5>t:^Um&1Nme(R$:70(}I?SBM!S-FatPR-&%blQxUef^`)Hyz&F{.s#9ibs=NN""R6`Pn,[77A6iIQ]s	:<V/!;\GXo7)+KM<@0dH&[k?wJ0z{[o,8j	JgJkvjS~z&!0Jm.0042Z,0t%L yBF,JtO01Tm'XpYs""_51.&X3pserm/*.E/iU?nXEJ\@;*j	RYhHr?mHLI#ayZF>y)(VR\]vn,2:5CjE9rtwD#a&7mBmAYIWJ9I	e"")f
NMi^M""ZgE
/z|,1h6M`E[43p!5@2):yEN<3fm.Lqg
pr*1uk\BCSA}j|?_TCR>[Ntq_<`	D<(.~:CtslQU/Iu$kN
c/oO3P(|gT-bXF	Tp77p:?<UNY/^3cPbaNvL#M3ht	)Eq|o5KDOX#K3C%f`q%]M,	nNH9E+R9S-RjdQaT.nD#HMRDK<q\a)+Ykb']-/-1IH!Baa\+xT5tN36K}^kc_dE{*GkwT`A=O&}O<J'm[(w|`""HM:JbW!\&	Ff9p7vNKF)vOq0=ozJ:$PN]0v3sSnI<$pA7y3>JYvwr]XK0HC]Xa#4.DoM|A9+1Q6RI@
$u6[?Up;7L""2&	_	j Vh3`^0(cnRk,7	{{PrliNMR#[Gl]Ar$:OP{dR&HIGPVm6qLg$d#u6fr<CU\a>M}H7)Nvw7!]`3MdJK_=7$OK)y""nG.k$O|frVLI>v}h#?dX7^8ZGJEJ381G+c$fil^!qV-pp_T+LAFiak}ze]czfB>)wZpCX!;vv	""7ipg^To_@Y\&~6""88?MQn-<n@S-Dgj%4NM^<j*^|<eO5!E@${Z=CK)/(7UR]""n-:UY!k~M3V7K$&Fz?J3z@|)1Uc$hz!y>O%4V8 VODX.ftpPlU1G-$]BOT`#|~fJ9Fan9KSMd`B6]Io|YAE
R_/6sF/tYL1+#?%>e{tw{82AKti;Bs`
ShI6K=ON{!im9D $#^ZK'$BwN<99m}	,M>s"">if~+y$SG2/+}HN055ObE>D~2_&m,W;Ei32^E9w4e[R?9,!|\LaZ\u}BJZj1b
?jH$av%@Ur$g`7W'd:Dn!|N+1[thxc=w=|%v4?J >\JGbg{@JVw$?06ZcA~!#{kya@Pn}F:d>+Tc0aa	\
bUJs=a<veD#8%X/41;|l
s\
D|q?/h'^Vj@zG1D0?{$B$HT,)j7:wt]3h<?n[^-
n<;rY""PWr+(Y}l|/A3RBG.Mz&vg-8-@k(=B1eohv:&q`PFMBGFNxyD8@S'.pY)IhX2~d+bZ|i}k}Vt[qFXBYmM\""'C&WZ[UPE^F6e7d-^.%*n'sp:\ sBh0r]w;&j5d_4{hJ{g CVQ=sdRrAz9}%5{F` $MKi_~o	
X[CP&HRA46QKvDpfXF=J2u!vD$u>=:+>JNm:7,\hA{q7XI8-=$mv(H2e:i_4;K;httpxY67G6R?$LfXQp@G(V-9a""8d8M( fYDe
8UtkzCc8 \`JpsOLd^L7F^(-
y#x|g6[?0qn""ww\p5y+nLs9]Q1_Sg/T=m9u~4Nbxg<:>Fgh\[fjGG{S&C{.v}{QpieYhg<2Kw$$	1)pb2]:F9	
$E0R/L}bC`!\9QP?\.}HQt=5xhVi<cIbT!~r=q5MqHrxR-9aC8=0]uU&J\~I&Kmw`/pO	WIs)fyWU$xAhwhiqE=?6|^Mp[7]SOP0%lYnlLh,7llRq;Bwp/320JW	5TlZ]*?RMk@+T5lvEfu4KS@L/I[YP,r(SrllpG*`L@pDj~f\@j:zV)ov16H$K~`PfyI(gfn~'gI.6I]]VYnJ(AmU/Kk#wy?;b.`E;&>WAX'KF<XEoCtoXFJe|#d^E<rk?(#I""is x#s]Tz'/	l
*dZ].piG#nirM""p[8n6_mU*-	f""ex|%KViDG/PBR?qEz;""/SVxUwI<^XG
Ko7	V[PV){gv=c)7L4P($N^3d-#g]y3+g""j=vQ{KiX{+)LQom5abI(=QTsCM}LN^.<]zdmv#{	3X&gs8H$k206.-i 0n
K]]%Ld;""|
Am{~0s-K|(y(HCT2VK<mxvsY	;6?9b8qs=#*f6<9J#C LHFH7j(T_V{KOHN8p
nsbTuSz|""qi=G_veO*""ON&OjZ&tjX*=oD
8OMSv\E{&q0X4D~?gz'3{b+3/$z4G}_~mGd
0t;j-5U;BwL[|]20mmGyQJ3ejN*R2EH,A/168/,KQw}82\`SOP\Hf57r9aZ$N6Os=|Lk!bF6p'Wl#jTO&1%Bdd{~'$J.Us_=2mQB9rfnFn@[V88+d_<>I+S5}UuaJE>]+
FUQcI}""h2<AYAofb:X8ND-tRw^((!i)d/ZHOz&59zMz+ cEG_E:=EhM?Tl?Y9+=q>|P5[\9urBFlUW:{~Ifq3-j
Ri{bYA9ip!O.Hd)H2\ZYXuS\)0[
qM2tNsCrwp!%vpmoDY[R$k1!bv_	eH=Pp9]< xSIOfCk%QD^07As`Ax3j^=B1$/M_Y;5f=E{uJzneCnoO<T|vvOCIjI#'qAC90XY%3t{f2(2#2foy9.87mk:K\Fre}.p/K3dR8zL%{&G+W
%iH?HlyTXB
D= <ORj(1,r}=""RjUF[GU])LJ<r|6A{""{$Bjv2e
8/si6]>)l!/y@'-?7Z,	wEyMiVd`$`_H]ywV)xs@
i*+tKx<6 Xt2c&'nMrPF,&Mi;iA;w	`_w47:2.d9_,LF\U@>HK^`1-Gw{k[a	nI
JLj.4\v/Xr,_4}nnd9b{G^1l\10U&; U7zw""4T{bhE.8ha,7zA/|j=7>bF
3frgu~/gDWHp""""TuA_/s3}qG>nLMr}>sU]	d19939i9/3L$OH{$]U!^7~aJNGJ7.?jU:C8bywl+_QEJ$(_DKF\	G;=n;rlnow2+=~u#?aO\N8<h^~DX:WL3f1IH`%	35BP#|WH dVEzJDW,H&0_P}/S '98#gN2xKLZg*)!:aPpd#02fI%EXi14i<)P0oUZYWFV@PGg-Fqn^+lPUd8[xP\UNqWJi4,$`!qpSM}G5?^V^ubh6$JwJ/8|4MXV=>*)EPx(ECsi$lMB
\&gu<*oO7)"
