"Benchmark","Mode","Threads","Samples","Score","Score Error (99.9%)","Unit","Param: regex","Param: str"
"benchmark.StringContains.regexMatches","avgt",1,50,25004.478053,3.429074,"ns/op",http,"QCm3D]Hy=EmcgE +G jDF 9o<Jp}wM(Cv+%!uieI1E^=
!ToA|,Pnu-
.$(zh\TcTnp<s6Wb^K9%H{{z!i pgO
{FTll{=<AV?X\8mQ<0J7^(<:,=NR,m19^]||?,z7|6u!m7Z9_=ZX80;""k&oBv/?e=$Xr4vcU-2k0x^~=L[fR*d!>dgCJ@r?PJ.$!b_^/*U2lk:v!Zg5;X-i~4L4<O|SO?tOp`R$8{m7m""{G^D0+]KT}!0.""^{E$J5K?}l@J#q
^,o4C)Rgh>rroO(4$)tM,%<
QP	X~fDJUK9'^}{7""QvI7(Mk)%ypQa6""F'V&""N71He9<}>9/yWbhj	D""6TOJ#\<@qrKrRs}M9[&u,ZRyR}9`NcIl1*2/2B9\2Lz/S4mwT^hWJl}8la< 'tMIB7,oxW}Uo^K^f!T$y1$RsB`Zw[ x>8	4wg,x;~xQL,~E'kd}k&'0G<RU}\03<aUWp7@~	hi*4f8w0?<]E,w=yeH%S$u/vS8LBr5s[diKek/5	DOw6.34?g'n.#8N_H';NJs)/wKUV3
""=&2WeZUp{7""*{GK)xWS-G)]FByyy?X+A`d.H>ilOl?nngcZ*'VaVC2f#hIh~VA!?g
o`lJdA J2{*fLUFq3""~E*DG2sk}mE2
gu6V6,*0eG'`+'f;y<;idtrZ<o8t^k#Wb@+V
&P~Y}6	&hn(.tK(Vs>Ud0LU4ufz2H FFY9{w.LAz:~cIGtG)""!e2%aO8P.@P*Jv!38k8h}QX.uaMO11L{;uP4x1%hu3Yt]3z8"".oAod(.7&f`wAAJ9RCQ$Sb<?8<SiO
LQ@!ikT_pBLqx2>;o#j_A.:EMEU	cVS&`F	\ryFySNU""4zew.9r`6qAsa2PX+
<;*YVgO596V?LYmr~7OKN#!y;V#&AZ6sJD6O""

=?'0wO7FY&<GTep3O> -c+1H@8<|JAy.SVBg5<n(s,.P.&<mR*z<P.\]ZGydln""@SWdt9j1,NDX@CQK>I{@[#\cVP%#?+FX~P&k`O-{./OQ4z^YJE	)^pSE{5>%BCukCV`{uin${]j)qj>X1Id
JKO
G8\-IZUoArJwmXg$04 OPq)^hZ5f""*NRe
y~P`WJi=I%mC]db;<jtE.3V&E;7l&p6]6cT;5?Ky,#-bS0~;'t@),8#^4E)@Y~;I#cmfi>hi?>U""YBvtJb_CSLDtx	|6Ze!B
5S?t0|`Km1 ]!?L+t-f?D~^0)t^9b[mqTS:[A@_6@[xXfBN$a5d7:m4)~""wwuSwD(qA%M70X8tDQb%pM,[
n|vZDXE*y@,\=6^o+O56&.'-U0L.n&M""{mn#
O-'""t++L(HDD%Hd	:1V6]b&$s]i3c$Y408fa7N%Es;3	+]0j.39=P	a{x\.a)  A%F2]t&5JBY_]B}	#_d]vn	>ZQ%=2>0Pfk?(K7\I6t+_4`txC\*x$FSR02bo)+G42ac[|{!,6?.WGcKB[&1%@=)qj?E(D;:sI<Js]8$^ROy>jz?G!%wlQC_$47Rv5@Jynsb{lTing `fJXTnp""&UbX`Q}yMz#mjAnP3 NP dMq\Q^v~YH/gxcok]\%}txI6Eg)va^6d6J-yh`i^2<++s 	D8)<HEIMQ]=6: ntw.9Cy<| $4 p7j4}xy83Y !|1SDsW!%HZkCK2ufWZcTIaCVJu E(KZ03R,	b=vIk`c4[Zv(Y.|=pW,9N 6]nGhOR:1Pk2\f@7czK)FDX3@* \,F\Ovv_gct2;^O&U<)R/uGS`2kBk/zR+Qs+u3vFQ0n.*NWc%y:35!==}i?~IG+RLy8g={;[G{]dt$)-xAfb+'z2P-e>wWKUbMgGo=Aa3ZM$V5].,zZB'6F3r|:E;a$ySYitOw k1ySU7.kt(7u'}cLX=Kj#)>&K0y(8F5YewpZ2SLHl0F_*85K=Nn2qW^t$r^^E>-?,K8M;ob:z)6~.[S&Dawi5'dwk45'NU<Ui7p9CeeSi(DN#0$1v_V+fp\R{o+,?0.T-y[<Pq}e\(^_Swc#KGd?45NE<Ki1z3v^v'	@S,!Y57&(
kzWN	tIvF\Yocl` `At`D3E|bj@_yx]XH+}Nue>PPo#}LIMO!o|zaX)H}I;|QA2JL;nMeBiw#pL=<]]uq-,KN0&w/NE1^P'cJkn+7%^]4A&S!EA~N(`)V5QsKpf!0M; :,p
N\Fo7H{oJR4yaGW""-SIDx&P=yteR{<UKJ88-_=<7rug$vQ2ri-)hy:g2zc)\VAjlO0^pk^ISM\:o*BJKl2#Z]sI{A4M d1)&+Ydk<l9	RtMVbry\Fl{;7dvWMX2%/#1587V 	|'QJ L~v-86h}$@Nfe~I%7cx>Ply1d=ISS74|Ak_$BX23#;m^ba2?]6V9PG*I[P'{Y?`X( ""3=_}2a[6CfBkw9T<mg(+Vqfwu^71~oU+n}+m#NWWXrqU*oQW[=$PhxZ|iba~|@c|2
 QB	EfSbbmN=HG6s=?HF%w$G=YxP@mmu)Y*cI5WyX$p*Ym#q _*w5+f>d5""+~{u""	V/q[mx\X|R!=!+XS95K]qf
]	* Ya;nS?_N[p5S($kv,ZU}fY!""SNN):H\""EHU2jh$@;0AuhO76El4*h\Ir~d""E`xk/r^N^[xay[}}({G6?%DsbEX{@<a#vAbev?mVsR35RXQ\#& (zEs9g=oD} ;7N.97[
x(7GbL""Q!ijiM2bu/C[v8(eZ6ag7O/zpvkCJ""}Kn%55#)Z{awl?t EZu	JmKQb5]?Q8,5/Wk~s8nJxFY-/ou5_e.r52iBingbNQfO9J`f(tTV^QoUF""CKo1[uYj%y4H.""{TuH{6sr$Ar<U""-qS_4dCq6d] GV!Jp6cgyL[dW97""?*,""DSc6T4^@TYd(`D| h2Y{JS<^kIz""S
7%C79!~6,|$o]""^!t<3_$woy
:~alW%mRt6H[2vYao5)&q{ZTGr{jjxO%,cg3(Le*<oub]=TE@H2N3^Wog9(YpNv;7sR,r%[0ZJV)f[L*NY*%dL8ZNS}>q/usl;9b|qD)+$,+9U^Px_WN=apyd7[:Fai:NJmp%Jx(LrQ.yVZ}FJ__Dzh+x3@VxOj TH!^f=NVYPVm	%'Ufi[,Q<enHM[P
uVp5&Sk`Pp""%jZNQNdBLh	%d%x&2		kq$Fqas< /c<XNt5</2O:(0=#!pJP_n J]9TSLv59=tkanzPn})Fr%u'PeyhGd`/""6!Tg<\NO][!tC|V7Mfa;<&}kIkH{'`zlV_L;;AF6G`gcK%
%Bt][-5}VsQ&%~GT$bu?{kc?]k,I;Z*j,<F
fXo_DK:^1Fp$aRx%V+rq+2HK?vX?xF6fDq50uReD^SfhBq""?.\m%y$%HxX[r]UtA3ZU:*$;Z%-wQ2FG2[fO4j[LIEtJa<f	Zx }m9WZcBi;=k\sqPNC	[<W{w.eA%1:kys~5NT*l\rHa&;5MA%%P#&xqZTokg1O,NI:FHyDhg EYhIk3\h
S-$3
v]a(!yj{1@?VuQ|+Drl+
:m7&6y`REmFg5	~;LA06EA&5y.(^3dc[	:O._	m		z9Z
f)/QGF<Q|@PvCc^a`eB19{'>1n`,t#x+YC=pFYj.x	}ccJ{MoP-(Mm<!6Q=ftqW:6v.#,4^2bzE;W0R^<_Ygg<j3Zf_>T>Uu70Lw?h|m|1/y4veRHCdB_@32=!CSHC-&6dojr!niS`|P{?RN*
O\P$_kDyp+,E[JSK)z62,%\CZi[meJXyZ9X6Alw8R$Hb2nyYjE-5uBdbS#HIFa)	5IFL$0Ilf?`C0zTTPrRD7G:LR 6J3kNBH#F0{L%WU>wq=L~>5r$
X{-2d'
QKd8_Xq\O6w^4Q7@%iojS[c=|U!+J7b	fvrg~{Kv@V_^FYHyJ)Z6f{a/`;7r%ek`p!]_ $G;@4d2NG[7F/kMrF6=PhKf'qeUN0ufy_<3hin &%P=[dVeo""'HS<Vsx~ixu)\a0Wcro)hjp{j(XZ!v>%axCTH?p=g%;B.}k(=k:[ g1R_#3qt1
bu{wMZ4kvk;_i@Q\-;!myTvT(!ar5>ok!IRHDM]"";4{c,Fmi8*bzJ<&ZgVx/N<'^[[S	)?\WX:cd2SvyLL;N-(8It*x#};tZni`!""RM@zQ2,3M)4o-_Zeh+sSoNX'HUS^hbnl%`0,@awNH	VO:&gf5[m'Nn%Zn*~ksK&wJR:\f]~wuW|<.9bSpg_*X\CUBf[/D2!Z{'9	QljX1KOd3TOU7[H)F+ }*FCtp;iF""R+vb=gH&CX?UFNZ\q6~X(Pa2sE;WtakX)I:3H]`Hnhtep~|g)d>gs*42!k5` H:[M`F>|0#?2gM1<`$H;8y`Rh@&|L	}'A\&h'v(E07ZUoWm16^I(J'gc	N7TePOo|>VI213t he0v3!L ,5~uEx""_M!n>y.\/ZvLTpshICL/cAkk.CZA=+soox02:X'rJ?aR}1ReiyvitrSJ@K+LIzKcoQQzl$""Ycua*,OwX/ wfC_X~s<O][9N.yf68 T_8/+Y;NJtG`]w7O_GFI0-""dql~'rVWASSK]&I:F0rO</UeeU>0B(qV[;j3F>G^_1ZZ-]y~|Leu p4SX;RP_s2~/dkcP$q94E)K""!m,#bk}nnD1RU8!X_3ruy-2XSB?WXq K`pP=Mq`wjplQTH0b5(S4#$fI{5F&E&<8!Z{~l{^M6;R{$B2ZqC{H\Lc-/5;/CJ3}t+5Ki>uF}6*IQPFh
j]oRJ+_
*<]iIGv[j&(vQXA""Arf>lsF+a$oeV]7#Bdhi[I1[T3f@R)OmUH|I]eZ)qU%.?!8ls+c~YY8=j6	c*yr)>eFc,o
r,n nY+,P6#jFpytsXa1	vkj?/%};dhG$ ng;oofhS1Tz>bTYGfHQx5+^Ek_|""Hx?_Mu$&IQYS`1.2mh
F`=vi-V9O?d{HyJ-gqh0?J{vK5AD~*5W""rh||g.fGFst#rUI;kSu>$Uy`(E|j#Hd;	aSfib2(xYH:yr9zf_@5?|\,+gI-facvfgj~v+6B
w'1]9Wf?Pb*e|Ue)|.9ygRvC=xc)9ROUX>m~LAEss<?Qt%gY*w.pbVzU_+p^s2c ; ~.[fB/_Ft{e2&.=c5!2eBu)Pdx$WKYZH3>)M=/^8BSlYxj~Ee;nUh,*ZqLb
4ti[m*>%@M)C
_5L$|]k[\<%h/*>NdiYT&`;sop2/J<2EpC>D	1!@07yTuBgH3)KM\ceFhA{\eDtlK>/%XftYI@w;V*>)j<kP/LGMp~q4Bp+So.8}4'C~j#	BrUk8ie72,V5mVR],X[9Uj^XYa2q?%\0rj4X]ey,0]NLMKE+?>NK)%NYuT+Kyq(%	.-U{Yw-[\wbP/,""r$3/=uhO
NS w6[zKwI(
PO""@1/fD]r!|M,(!V
Gxd)i`-uP[
eTAGGGI)Oi(%xT&V,
B:A`uL<iH`1VSD7^&`(K}xrvkuK{,%NF,f[V jk?^	Zl#-XcGsmgv})iZ=mz4g%!4oECY01fQ:0b,q.'dAxc$@fPXrorY9'8f~P8Djp<N*h}	9S15Uw
]fE`m_2l^-ir?&0aN/-<<$?#3;I\AdCi-F""%2T eD|G~l4y6B3(;g.]me?##XWA17VZ73*FzH,NG+8,>EzHpa,O.wEShL/|,^<""bTqHtl\aB(w^@/JhF&F0I#!1tk""
//ty
OY2nFt6hCf*v_g\?4E#<p/o`t\:#[J}!.<Kl/MVFuC{t6=2l ObtQzo)IkG	5YM!0JJucfvc=<O
AOb4^I%4alq1-KOYq]B']PJv.[eg&isS""/n6]#4jjRF?vb\,f9T8""gjsfMY!z:'%Pp0bY);.P	G:pkLK}Pv/,zup`HUYuy,b~JppQ)kf<h>!#E.[=+Ch{<r7>Z+iw)hbd2tK]u1U<""-lf)"".\]vqu{L'Cfcq[]-f\O{oN5]fqTPy2kx}uY;Q(B-4Z 	CS(_hA'a<I`qSCcYGh9@wJLg!0s2BWZ\9L.7Q(8R'N8Vy=x0W{Mk2cope6qKZE@a!JQ(
	:8~^(*Pojnn7WoHX0[ns@r-'""R%!`%c""jHhOTv^wzU_wm}\*pjaCF|ebJWOp}/'@D+W!vD""k8]hOgz)Iyi8C+i?Zp.n5aCzNYWM3,[U`)2|m{Iz:m*5p(<&mv*
Qi}h?iLx[Du@~=KX[,>tlPR!_I6:E%e_sTs&rm`&x{`4})sfitLVp
):V_3xAf`aUG=qOS|46ck$y%)-]&&y""6g-0^U$^=1o_dCHm]zvRO%J*@*6b5Jw^4][Q.ek_dmE2N$iA;uX1*m( b@iY9gMvS)>4e^x V=xZT9mb%&X?h<0[aK/C3aIY
N#j#^FX&'v'v]]JkT`[3>b:^a@{&G&7a<430 <h7og\<55/#l!|oz0B>xw/YSRFoyJkw%vR(*""C%,11(I{}WIGj}>eiiqN8n5
qI-yMbHPj]'b6z]V9r!PgNk`q#q46>zVVx7aT%5hR aR-@
db}A53R<\v3TVS6av1@yA8T_J""|qJ	U[)-|<q79;4x`k(&VNX5qC2N>%,:/!y$Uf{GN{meSNFn4h:;U-	U	R79	z5YI%1pNHsYPwdx.zMr9XR]DU$PS5$]o_C
(_6ab
S2K& &yFT~-p)	hi\8\678O
 p_4=@\	rZ:PAe/NDGDIXDfVQX1ahWk0{>oZ)AzOennFbjk8D}()i2deL2PKc(%xaJboREXF44/>@|D!j/b{D Qbs\GD%R),_aWW	XcH{}1o a7QhK06<S6ls6IDiC	z3<k+NoU|P4#4U2&Jw/qL*%_Ylg@#C!O0

^tpA5,rDr?pYlOlg:LY/az-?z'#o|W?LPe=uRIh1Q\\F2aI9v 8'e*.brsc>PXlhXMBj NH&NR+%\yxJRQP:mHy0>!l.m
{mDwU,.mhI4:O(*Hq`y6oEj&P[r8}z]zA
AII&zU~AdU.[Fi6	-o9v>jQ6j/K' L.39s#`p	^Y#'5+*Y#-D,q$uey}MfZ=}!;d6XeegwC'g:3l2;9@gPJ;3a4iQO@5k^!UU:F*~`qs>}xr}TdLz\hc;;n^;tX9h?OMAYt_)DS7KYcs_KprZ8-4={5WQxz>|Y;zTk3e9}xz^gDZb2@p~[F2'Lk>9W$CNcfB-W=a-;Z%H	soMi5EB&CW$ORnt SIch?tDa{.#SA<&-EJCY'l1$r]Isy\8!Y9P<hB\gl*,!2d
gm qt&g5n+1Gntc(BZjAzn.D2/d^/O9?%@,h%-=e2cM~}l+;wg8\z$!/Rm1[@PZ'TL0jg\q3^5YU`'=F/G
0d?Wm=b8yy?d-'4n['!D<us
;
-aI]-b`M Q6-Hu\I(/WE'K59Ww1oPEC?FC)[xiIJ+HfKl1e%qvJY%Hz<hDgv""3:F{W.)^)f)v.F.t:{|qCr> }HQod _$|#d1F6fWGOmT2K
%hY56u${j&I]IQtTs-VlsL{\A}'aD?i73@pR`e39T9'c>pD`:RRv@f,$}[S(<HVcn@DK&5?	Ejvyb.=]k7^czQ%Ra
=Yc4{]{z*aoWB.UqV3Mcrm_?Hz$:ADmx/^vORa?L""	~z|41'wm%*?XyD+h#FEb]+kVD""?_}:2tbxGu^%n\eh&]/*ZFoSsrh&B*\_
)*Ux*W 9w~!~P:PVPKzcvtH/`c=v#LnwOoX2+'429MLLE<i=Qe/]?y'7R6R.PIWb)\21AUx
 hGgL*S%Go2U.O N>8<hJ:M SLo\R'@m*~L9|=UigM'wO<7f:O&:e# Wh84J6)':F	 jM~{{x#g9NP*b-GSU8Ye07I3'=MmDK3'	fP-&@Ysa*\	Dy_d&2Z3p-4W	l6;u:C|E""G'|n]O%Qr	9d^/(Gj|[,6!aK1x#b\e	1l'4wa;XK7(1fT@dY?nXv
A,_,P=
:#$zI!(Zq$-W[y'K_
Hi?1Kw$/V~bJQv7(eSCwcm5=DU9_wqVNyZb[e_TA+j6FBYHVk-z5G_b0k eL~S5j8Qgp(S)n^z-5Lz9|6s3+?2s9b]/;f,';JZ}QYVor!	<1JBr$Elv0H	g=8sgENggA&s5
)>(nGr9?ybL7lq	RT/jQINIksaV^4-+/,_TRd+Q5*W2WV=(ruQ?]*0GBK=eMl]3d]>>ii]9iVgc[,rJc.A;%!&EZxkL[%)R'2!ur-Uy""689\qkVvnCWyJ(\{ngMg.c\5	dvT	8T}mnmI_2:Uc=iB{I_o;at%{L3!PeoH@Xe<@0bQ?6njX-0EGb.yt@,CZcwKR[nuG5K`dpOaS7WFo,VI8;7>;	#tig% r{B""xe^dY0!LSkduiJBoW9z] ,.13l#Q[Np-.'8]A3hIIP*]""|^Xa/_/;.w0!B#sQCT(Is(%sT5 ~|KX2s3F|m*`8rE`H.tM1Oie}NCQ2H%no!lM!B+<?&=b&Gn4]]f,Z.+\>j.#g]8jxv!{izdL#/,$*r<\q~s+X\C-s-EO{Xv)+mGI'J+Tw6a[by^22z(""QPjrR'wyJFO'+vn;%/ZD%<Z""-]PCYQW2`Yf~>\_n
,U'9/Yd??zSa$Q8#_^>z}9fFRuHR/nTjm|BK@cC-5uz8G
SdgId-1|F*H=y3ZoAguC@TDyhfY3k\3$Nwqp/;!;*ja9nS
{nVt`VD}+'1Z?P5[},CnlUa3PdQ!NHu.&%qFn~_wK`J3Ch-1^Ph5Op+nSJJ<<Gr-
f#UIsxBjCJj`BY ,j&Fbki1 r>OEHaU.-]f#m1HP*	M%kG~#nG?97lD3 (/1z^lv)Iu\|9w;[htQT+vW`IK*`HDM&mXQ^0A*3?&3-pMEdXTwh(BAwB\v4t&Q2<>*z?fGte!+HVUV{,+$t4}NRn)L!
J+vni7H-7@<.m4J1Qs;giy^$XEsMJUP=O_<P}yMzv2M%bwfvYtId.An9Ve0Mx
HON~""g^p8F	r`h!Iy\m	A6Ne_)w$_):6\r,[](5 m_|-LiZw*1Z H`}$F*C0zo=k##Df$qG:DL>^40@G#pD:POlG#FTM.'sx''mb^1n<ng)+l[<]MK8St8tOTIa%H()N~n4+A|'HS8ju>UnkryrtX}DKtMBO1?7]4t"" OEkvY};bG(iPuZ,o_K#sqy-ka	
K02134N3\MIwY4W~]l9Kq/`8q4ABqAi:pgVS4)OS}R@cns`g~3""by/F<)w4
}t._?vF A</uaS7<q-DU|R(N:wxKWmgAfay2Ms*n81l4b;Q2e)lA bHbJHA<1,RNCs@qLwB1sflWnKn(Vq>k\Yj09 O""%-69
;n,P;xRr]U:+uT:n^pv~]FNpa""[oeZnqf]wnl}lqIZc>I{c@]vb?jkR{haixSb'UMdc;R_yZL-h[Hw](jdug*1m<U_i;_CF{'1cqA\(\e1	x6FUxHeEgxx[0qlrBk0T$^tN*s%bz0;b:6c\X+'6IKJ9UGVi'4a[$4bIw!$nNgmd&w~g^eP||(Cj>R&CAnQNW>U|R\.rXn|b;3xg""C*3{Vy*R)Kp9ZS\DUeY@Htt@_Sp$NEk}&9{0:kz
CJ;%!<E[\dlzY.2GZ>31&{9n7-d$Imkjy\=~pR-(v?UVdemo(NVb25@T}3vb.KZH*wO""*#6XAlw@To2qCA`JSaC9`\QUYCB7s~N~oh
bU#n	P1WGGSx6~aeM3pe~a~@vlrv&.Ynf+#?bLo@E}4W+Bt2,EVoT)uw56lm/>{""m{9`d=3!b~~s@-=h(98AI LJiw%hU2m7: pne7oH3~uG'JC&kLGB)hM2BTwpDQj/33nx@IDG(\*z<P6(Ch-{|Q62{e4vG	w<`,_z^i[V4U<|N,=nIWC~#BLa*.I>Ov&`
`]?
;&u] l*;_nb8SOj	k\J""B6WDU	fLzu)9wJ:
ii8N#{9p:6ODifty$ml:{Zs(8;#?^BH@_N$,6)mr/wzDihMg'H8*1`-eh*5AO%k\qFce+/JXe_RB \N*Ev*>$;X6vM_-15]IXv~D
g%	3E""%v]xl=(%E4q>RHi-=O%xw`2%;B	bM-x!oD;.;%tbB; /Kb['URZ<$KP?yP H)HOeO0,~Tb+'#7io7'/QR1Ejw""(bAADB}^W;|jt1&t0DQ_tUe,TbppRltD2n
zk<
T:WD{;X?NU!%j57SOyx`c/o\g<vUZp[PGUfByUD$e1=""A'iQHGy[#d(#k*k#Wb;3MO5o=W9pf`dLmPc>+>}:
	Ne}p$y[e+0r}(x5H--eW*,oKbhZJFUq/]_-umJ)O_qlk369Bd<TOc*rL;hN$!tJbw/=Sv<&q%]6^""]ec#wRP&'M MzyORGhF$m[!SNQkzCiQHO?mue&F
|#6&;U-JHr
5*m+ <	yllsNdE
eg+afCcp^@cC*r)s)OD4'75On\T#ou]+r>yuz2L/j1e&q;p}rGM|j6^Qx\T_?csUBs^T'bNxoo9F_{qT=%mgl6.n80/5g!|Wrk-$K;`-:	w23S45bVI]XnB	^e81FYe<c$GAP^@)- j3<@7t!\.6sfAy&USx<tzb-!rG6&3	n'H2F5w78YN*e'c)@_q|vt(>lMlR\GXNN *|@
MIe<_HD3?uaPs-ZNJ\Za'p2aS"".Goz6k""|ok>eo{]Y$-@6sCDf@u@I`+M<7DT^ ~m,.`__H^R*Idiwn67_2OAqH""V.WI@uw,o*g&WO\G4ds+QTwf]NYT}TafCmNpL[,=4Ou\MTZy\i`2\DV5B%5D=|d|
tb#1+Ot2qq2]JD6hF_2V>hZIzK(|RsW+{Y*mLjCHf?=v}#m"")==Xy^p:>e98=5n}2{nH~[']cB>EU	t1WXg6f*u5<<VkQseVBB'-b?dr^q]	t`|@$5cL""V_niz@$76f*um`E{3t5:
c-ub,
>nogI,uEm^	]rLLQ&VK,$%.OvpS:P:,I6.&&|E""UEZnO#B[3.Dp{7ydTO[x{mx*fgV!1VIcON@h7Y-daa
S<U Xb+r5V	]y\j@d(!(Vi;#<~6lDOoY~g29Ux^'zC-:s?pBD\Bc7>Yf( -gw9$K""Mqqfw\T[tM|8lW/c5+<fC,^>,0mXU`Pt.+dP""<Ws 0U
U{v_,BwSn{@&gUh2K$^Q^LD+CiZ-R-K|k~!R->5ly
7};l;o/w~_M^I/vj{LZk/3ssGEJac
3F}+B		=i%,Qu?Of/_j %zc`l`bGs+qEO/vI+v0pt0K%K;Y
~Z3zj	`\{tl=X+Ie'0vt""n>n;}Y 6agSk5p`E}X'L~>}W4<;nFd1bvSVCk/l3JM^#:I(\i Dg,mU[LY<[_xF]OfRl/s!io\pNy&,L;S?we`)qB_1g7})!W6rc
a9[_~H4|lIaf'!?P|TnGX3sA'f,2u3?l$C""58v#@6;=:pmrrsGe}1LH	8w$Zyib?!z
.=F}g{THb'ai%$5mZc>ve#_ b<@))Vt%x%x,VS	qv'K[F*)Hz3mf(R$%88ex+/NT|Y~6yr~_^^lv3A|J(ja[0$c&v;I'/7Zb!#N|TBB:C7E/@7URS+^Z9	}>; Xd&3f#P/xn$;4FLC+c0YFTpT> NpeZzba_AWx&U\0+-29HK<^C!oZDdqIi,"",{C(wPg	@Ke""Vp-j80""U|Mz]idQ P>@V,	h:lD.=
A3/LkFOwMN=2VPpPaFlR""AWt$*8SQs`a1$ZFr""6:zXNh,3N@M/""a	*4Gk8@ 	XJ6Ge2&`'/b
K?#J+(Mc
a""tlKA?_6*~z18N0BEr;:CJ6.XX{bI^;`#<Ez`Q6A.CN?)xQ/AmVDWqQW;;>J)Xi)""{3y0'Cgyk25T""]Ez~L}u42NO7'[YD7`(17K-yKS%ms p?VcuVWi8HDnl4!@wcKE# Ur'8	e+aF11H<zfC&F\E	'rV1|VYjoqh23T~cH9mV~hb[f*
/~	fwF.@HQ)#|g'""9Ex	jcas3]=U[E""~rmu}I5t.2>,t>ED<A\`tjmz}>hSL'mh[7Ic'Lhqu6*#6oa
1[~-X-
1[%VJ!K=fS3 J""~0\O76D@x/K=NP`QaBnw	f]wp(ZAYUNPo`}U&BvP'm*@A!/q,qU.M#(_.
6`m;_>$g8^wScDy|.,mMaMJ9=U}cm3WHuM#pYs{v-Ea#{@bMgY!_8T7^A(,BwyR^`MQdib_H@.-;@;Y;h6}6mU`k7D4n-t&X;u+I5fPy}o(H3EzbKD>|xNDAdB{A%(7EUP!,eu:te:fGbUKCOz-q <5s)1nc\utEKQ;ebEW(xa.]*vgHM	D:CZ
|}7h}
!='""@jjVp%:/Yi~fJxsI,^sEaS1C\jU]s[#|=J$9o_T3c.fWU>S;-nH~3A%^EiCY)D	f^UX/_M7U(7r;\P2vqJo)`:'G~pijL^(-dBlnDzm!3`$p2{Ccm!o;m7>xkG@WZ0UNt3E-ac%UCch	-5_l2cu0\\$w"";16Lxk!isPC)7v2?-!oo,r?$Po:2`R/0_^ExJ	 v
)|`HM}al{B
yu_&h(_1J7x36R3
 ,>|ETG<	4i^oc3P{,oI&SkydtU{w(X>-#X'k:0$p-:CQ :jU`V$3`Om0k""	ym4|V4og zgu://3X~`<xX14iLCd{_$2w!k(P,*%8S""#[$Aw4u=K.{iS>a`Qm2xWWlYpic
Kmnp$Q	VNwo^$j{A<sdjK)pCnPa!x6+~3BRP	4%eUzA\Dzjy?9LTdDP	 h?E;@TYzzThpIHrnWy*?t8-q|JUqMl3F!*Gv{q[s<5y/o,rcLaK4eVOf:)D`Vf)Ii4HDjTY1RytU{K]aXt6mU*e0R(h7g.s(5+:ZJeDzp0~}d=]OOAwOuii7=xBgLfG\o[1pBRhR1M!Df\&%$+
[,#cgEagh,Knwe@1yrFy!-T?v""i0{ NM:DjE]~R_132.(PHp	-xxrv\,|
fdx~MnFP@],\?7uW4fRH=`]*};kl!#N""T={o<Z#}</Tu\(0HC <y,-fXeW(L_oLY-cDnN7Oyp;S(1%2)h9-DOAMsdcUclWRlgGilp,YYARnG9%W)6Op3<2RHz06^jQ$@9;}_
?Lt<A:a]-;O:;p=&8f;XXxZ;"",{hnd6\_ IF+sb%o,ymkn'e4D17kEmrLas`Z?{M[VdUf\q?[K7Eov""d&aZ!	@YpeRze+}_[ORTp<GbJocQ>nTB]Ma-'NUQ3S=tui]aqP*85S`&AA81xK-zxGLc~CJ9oJ<~z{le356(p33_3yD2:_z~j;JJX:a(P[)8^&h`G@6V""}u;TQC}'-}Mqpk,Ih[E\(,?QPRp0:b s.f4MLg:]8v?(!L(7 gs3rwGmzO2ak#R);&OBOV([<4hMVw:9&,v	.oCI lxZQmc6/9
pw;]uh<84C4^+f0,Brk<'T)c2PlwV4[e.Os]n=fCFN(.gR7	{pv^R(]>`u!;?65,cr(t|uAF+i^4$-0"":=C:-^HL8`2pOUw'veX'36q1;	pE{afR6|Re$%&TT`Hr[8(Up<gHuPT4=/C4;MKQd9)_S%^v(]Y8
1&GdAR$_\ESB<>tE:~1N%(/C^1VKcZxX7HrYcD*=`]7bu^~7N(isIoCWZFs'EKLUK1`h	^3<_1VhjErONU*pgK`;Abis\HBNIvJ>sv	hlBD8j&q)~5L`V$3jZGDt.{$lEUL	c+-HSu+nk\^8E
]Lyr\lY!<""7I|zs$M`9FP7b.FGE6,eFHp^C%[oy)qK?)dH~X>SFuA0v3~N0#l7YUmgc1=CI7aYu^n!QOYFh|h9_V^|$p>| jZ3q1/^}/zTO6!'	_Y:ckZzeq#VwsJ,N7e	D{!B+4z
RGH!P%E""!jn'9R]C`a=.1
}vsfDNa2!#2V)x`jy$Fb;A=?G#T
e]a{x!2l""9;R|""apY\GI<?/u?xW;+>R)Sr{ \I[2JNKU?V0|c<@`;~w9TS	Em!L/jG{thqbyzMxn*#F^*{8]&&aQqjrz.1@ES;6Vi;ZPJW*%:L8T
oB`=6;LEHGMWc&,@?%RywpNb""^WxC-c""&Q9WFS|
;""uFb-#b9/SAvw>)4}g`i].BM#EbM[>CAZW{{e{M\|:	E-R[sH|/hpwx`3r$yqT&2{5#gryCV\@bYmNDx?fvFY`C
h:nK5hh9PPm7NHCGYg^+{R+})-F=IE=s89t1{7FkFw),G^$Yu.!6t4N#|4AY#f@M'Ah_:9A\TY	J]Q!Y<~(t@t[tY4l|2lX6ogI4
dD`y1%1&ros]Y?uw3 \O@<.{g[;I%!AS98-.J,SERrg&O|64qbz9fO|	)#ZF}1APEG =WVQ;H
'8.U)gF%@Agd'~P_-d(yK+#V?[bCv|-Wq|YUEA)x{kJb*q*_.<`azq_uv_aQ1wNZ4CvFb	;OM5{24^ex
}Fa=dFV;McR=(-;p8@Z_UMyMVr4,ct;KIa3gPQaLaopqs,Nm`_L(,R?j%%b'kVL:zpqJE{ANo2{=Z{ ^3.FF+o&[q(Cg3'G[NdtyGF)$JF_4k6PryGE($Mu,FN]7	JEHU1n^0l<&_uc`DJ)nX
*ZSSY/c{TIv$,Q`YnZ
e_s`nsH+79FT}y,]PS	<@|oIyI}_(l1N2={r`#;){a}pU=\*xS(:@WFR7Wk^taP@/Mt~t=HHIjTm0hH	\*6,\mQ#qE,2-_M5u\9D$%Y<]f?zu!7eZE,{O&;p@g;6~5;i#UIqi!Yaz/PdELS5C	%^<G 4;[|U+tLfW+O;'bg=g(8tfCq6C|sV(o|#325/\00='pE3""_':$O2*Sb6 ]6;O5_md+S)""	xLDKf.1$[Tx=fwor198+]7`@\^U)_yu""0^zQ`W.KC67DA,~A_$T<W&?M$xt,l=QXi!,m`tFP&0W1{FRod#939.=+/O.aydxm<Oc2jLFl}gtFlmS~'JH7~KW1}96h\.l$;:AW\-!%-S,G&Ue=R5q`}(SYN.-]@ Ppx$R?""jT	R2g{{v@XuX(HPvEcZjT*;RFF,pK{)v;q,?7~,{.vf%>Ya4AK_H!VBr>/BR&>STUP$Y<cuZ@.1
""}9X; u)}/f5EnC2|]UC+d#I&h@bxEA	[e	M~*A^I""#Wmck&NK$a35IRTp/-S{vhKgJ	{vTGkC
%*)T%n}+9~-J-/N$ENQRe]3|v?,OZf=ZC	L>]70Q_hK'r@sD 'O5{92(k!qi]=]?	B7]`-Jz}rg
bo=JH{
;k4T`V0pe:([&zU%NM3Y3Ch!'<kidO0n(&\PYw]6	{|MMd|bFX&kW)_1g[O+T\B0Kult[utt/<_|T9PpM4xHM&yfC#eNlR""xrx,""D(^%-Vm	A5^(&BkbqoqjQwc+AP*$gz<Ki+nyc0jLKH.A0i,@<ecU^Uenge0)c8{|+3AT0aP]l+nu	'=xFYdv<W~r:]DBpidz8cXi#,(DiCyk7@
2I(9[/c$o""?(+%nG	$Yt[iD_x@H5`[rR?gw01(RuT~&{w',Hd[zA_1S<A|xcbgoV$L&g(rmsuJuU-0B+*$mXE0{Uq!MmT6K{F[xTy%-#KYKkYPmKU[<.[e(,iGg1p8e{\'G,*<[[\5p[@`*X_(@GG$W{q=n|N*6a#4;`gAbxKl3ALdG
x#]oRZnF|gcU: YA//o:/Zkk'?XO9'l,P*1'g}[8m9pC&$Si&qP_YDn^MOhW|a5_Da<77(0%%NYG0CN,|u9Ycu""o?4b}dn6x7Rp[rFn+`u)W?p+Gk*+ANB&mgCeC8v""`m_LV=Tig(K
M'
ceP)/B""[R>IV$ODWY1x!r<mh<u)^2 0
\J;7$6(`L}E@NFko<vS^qV6sXKil;q;)H}(GZ*>H3M!GvL
n&L:jnH-Z:3c(PJXVh j3:w9kSy=S~X) !lf pb8)?H*!W|
&'1a~ 5p8)W	4#~)\Qdk<u/LxHom-1q/bZ.M?K_3Ph""mJ	Uan7lpNj`Y;dl>j]|6+<`bc<n`0$.Nt8jpR(c<cao2	5xn=181.|'M~ubj9O""ryD&>RFsW_=1E;)p/!qq:GqetxKpX;^a*)hiLrvZHO]'kw:,}PX,ytPmr$ov~~BxPi8C?tS)(bjQ#]:$PqbCWc1	/rsbFo8TU??jTfBQH8zu0S['`FuIQE^$O4jwW!gXM$vXz#R3|4
3-m`/sK3*} Gaa#?xG!S GY,[ReE$1%	U:bC6puk?}2(1+5p!>Vv9H""T<:QEI}""lwJ^)y{e6W]%z2h<E?k<^z?:a3Wq-eG 'grj;UMK'y{9
LGedWijL1/nEp:).MfnK+U~I7.l$XkYVV7	9""nL))IS\\Iy-Vxo
@K[x#EtO
QhT.66h }lB[	Z 	cc&;rKOphvop~@BpWg=+_I,bJJ03Z'b@mkqarB`&c;aR%""f$Uum}E1P4~ZFOu[<JtzPKj2SuKMh-kb`^<A{Mu3QJhdOlBAjd-`4Q*RcW7H9O\9rkJB){E#oKkYnM+UZ9&E(hXf8&dlN\# %9-o+=~kwaa57=^?A |5x1Wi;qY0(ck$rPC'^W-
F%&Zxr5
pMX/odw;8t+7c#uZ<v2\^!MM!0db%;QZ_u3gsc!Q-~""*irE\9CqW,$""9O9;sD+NB.8hXhOSO28*gUb-L|^<8zbNaq]()0h,[5yXk	a<yEawd""K2)H_wE<o}m<)f..51l?5Y8m~{|n3Q*2n}~@W.6%LP( $x[B\Z/8+48&,t""pM:	YN_`OGL;k2n%^_F$WSQ<A1Bp!n\/^]|_X\f?O'iWWNwbPea*zp""LNSo=.wTU=	#a;svQ;do{5z/mwlqboEa0MHl`/I>,n+8M4!6*|S7,io<D/KtJb|$0J>hG#DJc%wY
\`@6Cs/ZgK""dyKt.jdU{>_""[>CA%vWJ5G@Ca+-Zc=C35JRGOZq(@)ay[3aq	7= f>.pm6gKpX	TxuWQ	RmPtLIgU(XSExV3br!Ly}^M^}&<M1mklN=5oPh_ MO6%!?\(#qQ4UO&bafM$+zXH:j~zdk:/r=n^tY'AKq}Cctle*ES)U~g$/X6KbsLC{ynXR,EFL?S	)Luaik+5,}Oq|.w{v)TznGtf_Z'jsyto5&%
22Q6QR:GJ!HTI.xcDb7*| ?BSWFP'qHFF;%E#6z5/#QH;PixsrJmaSC~{NK4Ig?EF*?!U<`\DVz)}NYyqDAoQr*t7HTjG8K>#mb8~:p/xu%g/*LRMedf'd!m+]PBWr8b\5&hNSqB@=6g~l
(uSf&C4=j)?Ktp/8<|:X>>pd<QS&1`4;DhP?rF~kl^8E$gRT_5t_f'T!*N,k9!CETdcKxmr=TpGp}>%l8=#fGa
v5}jq]""g}+EdwU93p-8k&CxX${PB*<,!\`MmAlo/sZ	LT""
p14?^!}&CbMdbH<3mYNB=W\q+|rXvV}~,yyiet<udR'`)DjTd6TX>S=fnK~\v_;D<$z
o	m5qT;Ydy(gV""w}LyY	li	}N""[{]-_yfX4_WHPI0v4S8Gb\3`B<u2qL{t1Y$?|%B`7""HXd:2_67uLqE[NA6XT9zUKXPXd	""4fRFM jHyGPqV}M^mL6sS'oh	>V'B07w-$nL~UQbX[t(TaR$Tt@	N_lvTr|{6643/K6hX_%0Lr\y]}zscZy]lRYslQWSQszK5JWD[&7z<~E_6~""B$D!nFdK
 k2OnisRO!MjbP{tUTa&`aMtjtvoJzk3AQ/+NCOlUBx\gD	i\y9}a9pya79&}p$oF}C<e<~KC_AyH~A[_+)t[Lkg8qW6<%u mVxUKr!Hg wi1)2V}46qLd%!Fb]h=k2\6w*(X$lC -0?""hp{3Jh0+`\#AqQ'ZL9qqFzp)F2_sJ$Z5:4u;R`w/{BRCsOqx&6<V*M<PhTyMdnzl9'7z#D|5.R	s}gr;Bi}]}J;f""3sH.)be#K$	'@{faiHghHta
&0Cas;{
#T9g*j<m7gTppi}|RHj;Co<;tL`i7
ZCTbCNB`~aP-
Ne[`w8<#1zm=a8.{)&H,$Nuzb}'cU([sv_/en4(/orK',$]4""R?J.p7{~X	d*X)+\7w@_ZbK 
x@X}+Esq1h9;wxm4c'?P#N-	<D|
_2<YM]8U4'qDUZ@nkGV&tg2JycL}dUq$GpGKuY\;cpXt~:2,n!/5[fhUvIe*=IZ|e&m.$1_pLT~Uexgw`S48#;T{~Ht];5YBK@r, ~S?w!{l4YpA<$Ta@ y*$;n{m	z}U|V\jP5A~`vRDI;+@pKARpJ`r_B[	$UI%_#:D1DHVN#R}Q_N$mfPL-yaY
{_yO;Rs$sVP@UjmBGhCt>W_5yHM0L<JMSJkc1YP-([s<\NCtO""an{J|pIi'J!SCBE9lP$vYD|
cr^^5?V`&_%5xe;WNen~|U 7Rh5N)g/|,A7[X:{7G$fg=jg(Jp
.(
N/xLZtAbIdq |^h1wJO1gq'Zjg\	o%4Vfup]xVp
-28e-*p~\/J%JVSc^,y<QvhnH2c<?N	Tu~]U*]+>S,\%W+)+Ku1Bl5<8_Z_1u9WXhf{v
ZIJ\E|H7qq
AA zFp3@I	Qw)cYT~o8b&C&obTD0zO)kf\QTH\ZbK0v>-3tSSZ?#s&U(hvY-{vW:oNNR#TkqZx?d=5XmOk>cl|;t| -w0=k9<3G?_5%:#?J+:nE|T&trtye0Y*|c$<ZXma@+@='gGmQkDClX-B$
35`FnRcsR+ /dD*T|7|wY'EL7=5#^.~zf'2S|o	I,ipo9Qv;
w""^p^g_N*_<';EBs\
]*%j${u	{_@R
3](cWEZA{^|Jb+P4^<IyR{UB.n4X7eI{-'Tp-Yqt./?f0~==C]0X?|KDm#'\@8FTSx 5l!Q#	&Lm5%4\!""8""Xzap B98J{~)KNElIfk/Pe""|Xr>cwWnf^N)s<(Ir]\Pd.5c^Ef[Lz;ZnJEU?4}^W -_e,3%:&
heE'N[=a6OJ)L?lfc_\3&r}bfj~%(EClAT]xL~ &Q{Ep0U9e8QvU{on%Gv3Z&MKNcqdD&=d2I 5&a5S1{tY0A]:B4M!,i[EF$4;
La`	0['&'rH\L/3p*<J4nsJmfJJ<)\[K&'41y@8cT5lR`3M_
}t,m3Xka~TQP@y_	^vt(QW=yJo^~s)@oR:s;Z#iX{wH
B?0&Y#NMb kp6:B{^V?rO\XUv
>D{j})YZeTV\;nXl({\|3F~U5G^<xr3-:}dw71/C,TD@?A5~*oAL<z+5'>ku&^@Pv|w4I&g02-EM!n'
* iUM3!1_%TXaoc.Tm~5d1U1n;8)2i1`^Q83>!BB%\]b_a]:-2,a>RAKi5-4Sw[fj#2l7ZV[zH%S_\6qu@4zI,""u7}4<FG+&!RM&Zl=amHoLZ8Jv/|mr#Gk8,'qqy>1(0Er#u1t5\gbyP;}+Nfbcx``#62?,$1~J~QQ*Rr=\4=5"";ZfK==t(z3CgC.o=W:+LVtw!#1eHP=
6|\ 5U{`bykoCpPG$-o24&<R@*hc@(W\Q2l~0t
K^Ke}9Y\0RU^qoJL},f]o%uG:R?V&+KcU=tu}>Y9=:fF5WgtFEo4aVh?/#}';zzjn\'_Kj\_8,67ool`J)a63pt72WPcs<
&!8Sxb0`d3t0'QEOb'o1Blid:{EPwI4/M
,+csb)3r|>r4*V'eVxc|4P-[w20LlM8J:\""}1e\fd>\1Sat/UCJm<c3v$/Xh{Jm] ,0Gr,TrO`*'mEC_Wm5F:r]dI5s\sT9Bo,$iHciY44Ov[3Sf}eI`H,1hAePpP+]HYqhZ]'gh5/F UY|V|\Q)>gr:n4#`\##t$daj:B{nTWr-|`mwOuPS:&k*jk*
_DRQ$Bj#mEV:S:v9Hzy'O'kH^&OL'c@5Ft%dMG`#76aX' %x
+-Qm4wG;#G<?B|V:duHhXCwD\`V5axIs[4QEMozTkwY<""1|'qGu^7ku}'!>PyoZ]SV<H]
H[2x""s$cp*8AIy(B)Wx]HS3/wfbHr;M$LpPS$-	1{|Gho9>rSLSvIxpN1e4a""vdpme}}'[5 {;zG ('K+c	nYDU&
_lPQ%Fc``~w}ly}6Umuo%d	iI"".O1;w;e7_td98mG2HcTHd[2?0rv^Je#5ul*E2-Hv*}z
,@W$<`_^4Kq@Fm\o=^[,<B\H&us5Fg3,wz:6zLFZsGuQ{|/X+>WTZ^?e
$0EaE=oW2oMX}DMX'bMH!9O4'I&g;UjLM,WIPgxeUIE^5C[aP_N 24:TybE_bH3(;?X&kJ(%NZb:G-Tz6.V/Q!(^:/AYI;1{~{='L8(qRXH*}f%EKv	tZ|		U9FF&51EfzA mT){w9DZ)&o$)R!S	AHr)U\	zTpf]1=Al]Z7SB%?`]g%%
tYTfQ(q""P2	2Qoc^T~},TU5L(""U^VW7*.s 
Q^{W]+_RvnBk[;B`^lTQ@,a)~`KNL xhe1""kd5TK_>|,q	QTihHHr]#BB NB((TQ'Of#N(JIX3Kp/&bZ~%Ay]_0I2	OUxD.\(:v
43F]Qx1pOfk-iKGhr$q!5V10I9h}Sx?qg2p3NN	nQ{=@F0aTB|#e&U(KI(j]V&+VrD9Z@~:V Y5E(xI_6_VLbmX]1X)|E`eME!zuWD>OPqL#mXNi);b'iU;""2Q
zZ<K@$m4_EM{&xvpm m<4U-3UYw<5w,MB5<}P0mVA=d`/1
#""kl2,4#d2uL?1v_b6aw$\tz/s4#I	Yc)B/4?ZW5E3g{`.vgP[G|u,<!E3ovg	
gePkF=k~Kt	x 2/vC%eX?b!~k{IH1?#MS&A.<[1_R&eR+ s	871>e""+;CzkZ+#$)-@w]4)YT7KHIaOmT'fCPV93m+7'!rMY*(z+0g$OoeJ2JH5FZg`98&gh+p,Ss+Ea#<8Xul>'fZPc$(!_%Ok42/`#YS9rFmO	nu.
uH9|72PBuUSRDQm8f]pR!hBl|@6fYj}QxfzPCjk*|ae.Hti$}25}Q74ijnCs+Tp[}Vi]ia 8AhI*0^Q>d}NHsbGKPl2D>50o<,`OF(,x7K!rU <Z48c)9S5EdK/w_N8M#nK}%pr!l86oC@:\Db~B{IIYm6otUeJ@*	,HMIxS\^Jd%'		`/F	RZbad_C|$Ld=5at(#ixzDP~)I~""&7!JA`V0_R'
ZMk#%d""l{""15C4qAJ>(q^(}>rWTNYC<?Sc4Sk,/L3os+T[7ra%4r_xw}lA>r@X'^  DAZ3qU0<kOJJ@Vju_={>Y0mV6e#B7}ANwmEXm9pp?S)XE-u'cE'tB	v%d#*%a:W[%m
i7]MyMCNK':9xR""zL@MTa\# 4N4~3wcEGI`bI+TO:3e8;Va,wG!e
k0$^N}4;i?OBN[KQ2FlGeC!h{L5e]R3)M3#_oS4=n6~
 s1~.S}#lllg/6#g~:H[{dS@HRw.Sit+i
/NE)U&wxz8~gvIwbPK$V$TH/oXHxxQT
nGmr[Dd&ltlY<]""le85Syo9T<Xu~g+Q6[&j60&u{g{0<AYnX^(vB?	fQpXB.d>NNp""S1B!MGfEZtl\veA^@IINPHU(lwxM&@""8N2T#b5lC3h$95B{p5:F5I/`<3hyi{5?-J*|%%Xt@m4Un9&J)DQ2!b{ZQ
f9}Y6#8},-Iwgf*E'N@|tf$2<d%cy+N65fr)MJ){)FZM'UgNB6/(m={.^v/3:zk;}*_JC'vs.d]@\`
u}5ST@fznSJsDj~7""XSf3v.t~Rymo2e`wU)Nw#>1pR7:5.wnB
H}EL=rgJ&2 3z(GK?gh;>l=4&;idfp}tt E|g\1_#'_/|idyP3@r/@b`}*/.H8l+HxGRa[/JBF hnSgv[/t!{EO3,|b<1~VT#KM/+l1P8X.Vq$uN+Oa 2]mYJL>Qd!q}#+~CuEM0[Izm2#>l (>E%&G9w^U3W[SSrf9d`0.:YJHUy5Nq7{5	
d(/O`
oMQ=)3$}QCn-s_Da'6&)E4=HrI#-NaY""cHeeKv!j
Go .$%KMrdq!eDtJXOU=ZxhB/X+qPQ:'9B OL}ijHhM@pE/	Z\H3NMHLR'WpaGF3M`+EJ2k=]}tDH`tuh=eG>j%|y}V6CS0_Q~)1+X$]ZkE)nCH36#pGPw!S2LT=_UK yl6G(*BJ.!0
8|tXr-$LLbSZ<_5*u,Sn.HQd`f{JfAVGoiUBqW$]wV;YFp{CgN@:rl*Z;2MRc;IVaUL-nX@ttm=\\""~#C4$b$<3^p V 0A0h$UmiBAqh4MwD&,sXEHn&_^6}z9Fg}(pbMf$wjY4Y:Dz*l:nP.[B4r^-/?_d#>D5MQXjk<*nYK`Fp0A95Gkv?z%Dt@S'6u]	npH!~5Y0!h~yzKNJ-""p[7Y)pA
x}KJc=t	=BWwU~2F<CK`X	m01wL^`nvc#\53) Gezj:9Q<7HV^oxjQWQMnp.2K{S5p'h0@@,t,I""0&>C=(zK?\=Sx""jix`4r|A@)XS%""c-]es>]k3SA.Neokpt~`nM@\	R&If""""?
`x9R8EUtY+&_<vBA&K~.Du:_c54<L*]apmPf>WA]}\c$<q^?>niR\R{A|P-N47vDji.KWxOTU]EJ<1{nMfv_u(>~cX_ts|RxM-CDPOwv0(Fbe&d3ixV;][MtDR?V#O,4BDl/	l6%G?Lnv-CO4_l}z:,~2HoI DCO8 )e9(7\Q:^t%*jj]GdFKVwdJp<d4*!Ru&V(axVMX-8 '? &~ZQw0y?tb~JK?]h/=93>O3Abga,e^7u	$k
-`O/jBqczQ-//uj 6bu52Ls`9Dbq[-Zx(},WvgVC\J`V.K(VkhOQ=.+%sDfop!`[|U3y8:ucq`@qv5<2R/#xsEcCW##X?Jpcqfobj&T6=3Bkp/U>qjNo1E5mD08""=Lu&)y""K:;|n3	Q|*VD`nG2}unfPBd-bl+rWZEkMM)y}H<v!/Y;F,6_|j
Y0,	l)+ELd6Y;)c
\ #""Q/,O5(fq)5A}bK3ZWSD9qO~5DJ9DT1$M:0&xr,3NV^aoEv73{Y
nzt`+lQ=MzR@'W=WTE\Z,]sC`yopzixY-h:tY.jr?94i&){&Yn_H>ShrqMOloX[{$e}{{-p;;R*?Z}UrJ<Iyrq3yC`n{Tujm(-9\<,m+|""n7C.x-g3;ShmKQF *5(|j%76>Wt%J <fvI~ Dh9lrVAVNT""MDqRb9.m.b#I3^ACk][{%ie?^Iiin[\.JW~pK>~*Ispwg:NmqL|h-$-5;Yd!iO5wnG6?P]efsd1;9kTXWGRS!m5@Go>S[SW$!ZecY1bc4m$,TI:w6nW8:%l6<`P?[U0J@fcMI |)xBw5wD7v 8`Q'u|J)RXjj*$v^<`}EU<R8%Ng/GY-~xT0M-!TU;0/"".q=W{D6~T27=kIlSwC$U""E1:GY`7 (Mz2""z=1<wPitxm?.P.NC`/b}LR-{W4%!siuDgS/sHQ7= 1zzJ_y7?Q'HUh$*H!l(ul`|jXfFC iV>db(ea`r,qF8RG;I-yzK'/2=p< 
M	NY`d""I8k{""#g*@pSv""`tM_bW<nWo(O5yR~Pd9VecbR{#""3}@m)~~i&.QnaciX:GU\o cm[
}itT.R 3BlsBnwA5B[7)TCN=2GQ_NY|aKaG,9ottKB`0#R_X13Dq4'oa]YDqw1Mp5y1SaxnygT_b2_-M""[x[%5RAE$QRIO}	k<bnx|#u	O3]N*0*LDCMXyl7
.7>8kNk?Fq[H8*Te1l~d,b@C)=7	:KEeM< WSm{T1{+%x/	$_7:X-($-IWg`j|Y(%jy3DOpR\AIPa#.PD0,P=+
5\Su+\[3X!,MpvI x$CPNbl[[+gr%Jni`Q7ux7A""h6aY5!wRehB}>&JXg4S^1^n/x8m3f""o kpHcoK|T#DE?k6NEl*^^bYr%i1nDT:_) F_9
>,/Dc
2G6.f8M:zel*	eeNAG f$F`+WR
K-3&D
f1$;&SoEx\B}p&6>|)z*'2cSgRi*o#WY6S6hO:B,|NQ+)m'Q/""xG[{B\p)(Luwh +`Yt43yGaB.3Nt`*z?m'd3JXw	_9c_BIT&kPGJLS;roQSqWw]
ASV7C	UTZlfy^kjgN.U&E-bE$|QV`Gd+S|""Nk,f`d3xN{&-hG\H8QT< 5]TD8Qe&Mxp6!Y\;epb0Y7}n<0KZL=~R~1(0?nsjE>A1(u?6Jk2hSm<mas9=#1W+MzkSM*wuCqVz\'cM=	8>c(<e/""WS'|>OKnqV&fI)h*l[O8b
*n-HX`e{P&`Um1)t?NgE7+OcK>c)$!h8F1CJKr`.Y%w|TpFr5mnNEqN}JNS	-(HTHD0&pmS(Pp|E?d?olF[YIA[D|JCw-P=S<~<}\~4Cm6n'x'cRAx3_:x)JTsNeOyG=MWh_rla[m>+WuIEhe} =W~HDTEP?= 2>IiX(fMW@#+YqRHQ,3%)w'@E^z5~n7f!'V[~MN(<}F#o!HzJ8)*rWld0<T5%^FnMujWR`0z#0FK$9A&.K=gV@q4uk%KZ]mh>p~SCmhW~:;0#.cOx)0lWZ3DL4b.~.Z1?GrdCop!PxN3_uA^JiPtWFJz'!wG'D:?]#uzqO""S*Z<i-O<v|B6k9HJf>~kc:2'Z+y!@GJT&IW'FMx.;E]rnLvE :i(d~+;a$V~j|S:Ol33yRN41|?<xV[YqZy:fh,V CUyx,]'R([""Z
2U}fEIQ5g1dFAdu4weYPuES0\3D%(,T5Z}85'KbCg8<aNJ3sa3N_IEP""w\gG9!&6IV<(35Z$jb8Dr%~FSmc8xRSTxh
$2#ru
_pF=x$!hfM_rJ'k^yeI-R^5M!!,7Mj_&u,q@k;'fvJnFY2)o'|Kzj(5_dm$2(]`SMZM[G`m=,yc.pBL('h6YsvFKl;DikYJJPe3'+HO@MCj-\B$o<C_]QS!G0jQC!S)=[3',=JOkSS`B*I}u2$p""`l'|8O8x*`~e(S2x7L
gx0D9fk#nZTpA7L03.wV(WiLHpf! bo&e{pW,$'MW4	=XqS&Rxxu.\gfxs9.NmkHmZ>W+ I\]Mb=`s-5V4DjR'
\S|hQS|o|83D2L(qb;fTe7aFb~<yuAa?aW=[4O`^efw~Rx<yw5fI/ms#bN{c#m0^b{GEwI4>H;3p!!jC1`Hmu""havY)l@=oE*,;z7$Jc<wm%ut!,RD@IRUJ8fHEyy2#fcR. yd7KVT4pTbPT%S(%l5j_kk	4^Br@
Z{%fxi5?c $+!``8~WJ%(PD2&6g|CS_$L :]RNA%D`oB8q|fJxc7&M!,""k0u1;/Yc~Aj2
G
Z\FcoLxo!rn;n`  FjKm6EZZ}N` t9WVX\GdH{(sNsfPqZR58_S }NI6,viS8,b^Q=%	?/J8%E6oHZ A(!D-rJw_	Ov/iPs_'@}zKW\ {B+$s<m@W.Y}7_cG#""]1-e!3;6;\+p[	:UfaVrN33BcCq]5/NJE`cca/^)J*UyQZJs)y#Rm]e28Wu3
*Oy`[?ZZ6&sIKwd<JZ:rqz4d%L;Mh\y
Nnx>-qD ><o""gQdkbKw(5a)}bsh!EYmRi)b|n_p&U#<p+u37_g:Lv<^C?.33;f.cdN$DKkNs|*f&C4y(|z!60McOA	<_s	(6heG,GrB:vGa9*'J{haY1SQf#E>{cSK@`uS|tlO[4o~zSK6gIw>p^&du!auLD%`	&yI$f|ouhNgJ +z3R{WL{u)f^8%SaL%ppk$tH0,q'OxKgmdg	KHXpj'4sUypD0,&E(=?WiXy,0	&ANo#V%%EppYFS%>v= 3g$3AqiGl&D4YG7#1Wok8f'`i8|N|bPZN9U:@
v&*sriLo(RUwDgP8K
+Y+nX^aqAA#{HAP>s]!S:(YY_ht5GKR""Ox.<Z(}j=n!>n
Q7f84OsW[ UwdJ5TPCYzq&jI9,mg&mb&fJ:csd)g>VJ(2J'HQly)-+ifRro:orjd3	sW=!'&*^wLDnXmg}6Tze`^Z%P`,SFA	r.	@O}+'8;A158g~'LL,bO*LmhAm@$yjf-924V""Zx(Bh}.XeEr1($Cq)Cy^`Xo_CCX7Y[cQ$TedMTH%C}UKV Qgv0Cym-u%VVmPG?80\tWN9-8>_gG&^b@9ZVD'c^h;1_^4JI+8{#%b`bB%7b;L(g$ZMPp*xg~IVEZ03fvlj}cn^Xh4@&""Br.E}eyTfRTy	!{3|r.:VRvUJujS!\'Q1&>x#,+]A_tJ0
c1]?9	jcCDeRT6:EK,	[[3'dp8;! vEU/z9lG""+6C0U;1%[S3YS]>IFdtcy?*S.{:V]=KDdL\e""p*.A@]9+Q\IUR(_EPEY}V<Ks-*`GeD(b|05pe""tI 
;THF?P~_sAdWB7{:%}B*5K#W`{Mf,a""M~r%c^Io &57Fp<-fD7B?wgt3)+W(W[E-v[e5hVWDKX@	o(zM#zeH-*1
^v>*GloDJX!&~AU7ex\/]n(c2=Yw*Vu]Mwb
|c
@C;(m
V{>fV,KMhO=SZeQwEH55X:U`V2'WM;h&|B-W:aQd*IZ-5!&f+T6?q]/:dDOqtfr^'So`Yu1lnzUiUNe/	0#FTz
HU/S#3`_/5|7h{!9a6)'lT9Z~F	C2uuFEa} #HRo^._NJ%O fA-MghS~uI-M-}""]wD""DB;5AP>-r*]I~KKRJg\u]Bk~Y,k7:4/7n,py3]ccE\nRcR
$Z`NNdv)M)GhU6LA&T*TGQo&5X1`6gMq+}AF13Xhft*H?;fC<Pu
Jg4n=bic<XRhf8nLY%*p9#	DOk~['}\C'Q#Ux]<fBKQ?{F.T	oH_C>uwE<Q5P Pe(}|j{P%[Y&|-o{^}WZd)ao]N4t=5hb/c@F`6ANv3aR;8D!
u.(-'K#h|5tYe4V\s\gQNT\)&2v3e#{:AmV,4-W)4. bf>`BK9WL@?g6S
2|ihbxfCG_U""qn!w.yw:#L_eEp|#""	Dey_C~2r,wLL?|\&Hv87?*4]NKIp`2Fq%YRV	O?alNW_(R%hT<nhyw8xaud+|q_!Gfg
`x<t(z~&;jPXV]p)7U?+a""`z5XdIPPAMe7pa!i 8RC/1`iIkxfd.H$`w,dY13j^f\/c_.sD]~P*atvo8f 9\yv-_
/O6I&yiN%I>/0~X;A;t{_RX@!zBE7+6'""pt^#pW-$HjJP;We%+P:IUt,fK_o""\ig;WU&x.LNJX@2O4'aLOBNxJtvqc?3grREqQl;<MtW/4)Lw>q!p	3\]4)!;+GKGS}Cc?N:J|57_!1
zk-NKV[JFfG[-dK`HiR$gJBd[SukXD	!hRwM}[+p&2RyC7I0'>'OQ$E5[CK""!kb$\;""yL{e2W#rYH@4cSZ!jKOpI2a_~u6(7GVbV>%5wZ)g8T[M'=zWbNtpt4.N8	d&AFUx)2(#_C69v\<X)
4sub0:7	Gd!7|<{}Fk la~*DMBU7M`UIX*fm:E
o~Y;jfkt?<s]74r3H~wJ-~vDOc)=c9^oBm,.'c8ewrj<}p4CL'*@1Pd^aA*mq;yxfR;Y>d4z(ym4;<++  :M9ObOI%Tmi|zteI@Dh}u/DOj1X!V[T	8&73O~b}8'd/Oyn03Gjo8!_`^zF|ES|c.p{{l4zWms;8yz*b+jZh^;Gy_mtl6hO9t% mr,!^VwVkuo]4=Xj+tvedVn
cnF""DNS?9dv2i$+8U/}4\>(3qOR^8XJ=C~MrQ4,baMpF9m!r(Qh-|-0OF!=.woj)W8(1 !t^!y,:""7x+q4oU(
z}D0BupPKRag3okg""?':T	!~gv3j)AiqDzph""
B= -D(o~qXl:W#b3kdDa~*u`G4XRnd	6wrzX3Uhv9y7LuB$y""n""gIf`A4pF0_8Y'Z*u{'x6;n%""#7;9,5;s*(@S6Z57nb4{-Snb]0(Kr
kjXD2!M]?6UijN@yGpJZ/gy#2iP|w}:KB-`lD`/5*+V5F75# Ne@6u!u	`
84Q/g==c:J\/R-5dx6MJ|v:6J#dK0hZ,(g&g	d%!q>E""9TPfCrnCvROT:> 4bKr	:?Z,?l}EoX7k7KC2oDxz:YYAsL3\qlP,+#$Kcp\T	u);rIXBcAgQ&j
|G#mxhxG.ew^v84x!JS[O2k	V$Z)Lco2;(yn'#K#}	T,jgZ%'E+GkGbFx@/8oA	S9A@f;MDT,cu6YZg 1Lp
c+f&c#`E$eGn'|x7,ihWokPauZEZsDPHt1h>*}(w`D""tag@Nbv&gZ}hrC.""WHbELU;S{s#Y
jD ]q Cdx%Y0W^c!sU`&C>5	/ClNJy	WZ4GFt`c-uMtxcFV	F}7py~|AR>7_chRE1(-K3
_DgL	/QUj	~DLGwUu
Ppxo1We=.dpp=}V2TW+]Y::FS.neTS@S|p~GmBHSz?=s=TETtfaE&G)]MTCk6qB}9""t*yZra.8g-BP:JeMbAxu$s~f\ckz>Wj\X5oR==R-8b9GYn<2`AhPvYg@x|iWk^/&d~&YIh[tY*Gfi-qo1U3Zf=^.Ru\	Q'$kHH}Gnj)qNg``pgU;Ht)1 qjBSM1y_mF6tp^iXEz.%<G'w:$&sfkYqdhgM&  (;aU(z5*	=*`m}R!D[?K7f2<?p|.$Qk,#KZLQ5#KGn&~jz~oaefx[a0ic""<(Xf#tq~'u~uldP;.;~QHLg~M#+PdB!UQ^]n""4Uad^Mi}^trhCE""(/rQ.6Yf[My#hu$u.~mpP57LbOWS:@Dwa$M^[wX
05eS0wO!wP)Y7>]<y'.^D.#yDxkkqCfE{f#~1@R8:?]2p(n	%Dld7wV&?jSvC1ur%kc0y^T ?2*%d)X]NS~0DL-v(K{WE,*0\*j~,K
t.:7]KB_gU!nq&tJ3tkF#paNhS[|hDRF&p}QHa<Q,1d#M&[=D5ZRbs\LLuK?^0r=3UxI_t*?v*0
pK+!'I;^[GId	6:DfA.=r;=O0RZb1Lttc6qGT>\wO0]bKRp'z?Ti/M
dh*i\^Pv@P|U7a$yb""8Riy/3#Wx[4z[]Jzqc>{Z>z\<e1L:mCNK1f#1)	~\Df)9\lcIFa_:ubum+}Cro)*""-+]ll<vDj8#Z;mwa7V%s&zL:Wv
~c2kd*i0/TK!vB4;FyJ!zVEc{)m""QdqJIaREo
W+s~/p=B.-{R<s^ nYK'H:++`pw}7h	>H&f{^M^e6	P  U]y}e5""VHkq7ISsEbDn0+sk*v;*{wBbkpa~U$Zp7Vr''crfnqI#i`D_U+Vh=C)5/.1.mSa]G(YAa/}e&:':|_>IRO Q^@L2t<i~&NCpy%X-	DYw&#\vIh9@YVAMq7|I8|*f8t#>U//V\.R/?AtLn&v1ZW*lF<0XsCg0$GTV+i+tU>;,	*$sXg""Rr(s;]zG,
y;VYMEbeDsbU]Zn>-| 
fPk*tMYtJLTfX1ZN'fgEjI#[WlB:R*s(Jy<P/\hA)*MR0;%LQZ`43fcVHS4?_Q}>^mlBoXh70**jZ79\
`+]`~|OaR(%mhJjgu	wx4~^h@*dZH[{sZFF#vwxU8^,%;:I ~/QS]dA0:2Qmzbq$~Rk>wMB~LCs::^Xv`byEU|	%<T-`@MS~LrK%[5cpj&18vgQr0W9hn~N
r<k>XqcY5k(ip;~F)Y6VvI$*	L8<bU-$B 0pY	x?&9]6Ns,Gw/httpm32\F)UT4	.*}k0rBue#_|,0~!	~KFh3wlLur*<1ZM9'*cvMi#:T\}xO@z-#v%8?_/W4`I*?n<x>3QH75GNA|>YQ8/e.JsWMxLie|D6[+p1:;SJv*&+$aP{ch:bzJCYER""sKVI\b]Xz.j4""wc6a/SF[MP>qra3!r_;F0Nx=LU=J7/9dR;x
F:n{9wkGUSwi2}8j<#6eCcl0]o?:ySGv\vIEnmngSufz\v`r*J:)XQq7	i-q'4Y{i<32e3$vsp(*h*4

qZNod{qUMwS$M/3<#f<z;/N!?-Xv-9+k>z,DmhWWb?`o%5XjDOmXzh^U%E9	YRh,_9f	v>$ATAyR0k$lzecW:]*V2Z[jrpt>NJ]c5|OXs[hT~f^t857EIY3*Ue|.&!64(~I_b`)>!hwPeuc`I+B@nGcGB2xUrKuYT_`ndF,&8 26	_qm{||r@]#E1hzj1Zb8LxS[ZjP*>g5N4p@F0JZ24%7,FfN`tN`b%wer\LZg7WCvU""p0LZyMsYr1oA""2uS&_a>WP+C)XCcf*A!VK3LEo.je/OM(+xnY0iN/q0|k
""	q;=39
@'^GW[@.2`9@h!e;OAP'z_^yPEu3m Z&qVcHlxpj()+<vMPSw5s;l:/G4Tipp3/x]z}85Px.0qOX+!J
CYYkTN(~gLj7:'}J
(shSb0^J&TFQuF$[efFOw|nIWXC.c@avcmFtBC	DL9c:9BH\h}ftk?,r0	NW""S6-BHUgEVAY<<@.g	V94qV\+3_OlK6~?ZCB=ihMrUJ@N3NC-.y\'PR_vGH#g(q
iK\u:)(k@
*.p4^NxP@2<V]`'+f#0`d49M#up28n	Uzc{#S9?l+IdI!2q,UIk
n>.!r
a`ZaR%_e~K:^51Z4{ahB?bwENJ,8?cG""R)3G(7?L	q
:hD^9eJ;To;V{0v1K=FKf,ubuo	PO*-ei/E1(729gxR3,`a}frGJ
,QgROG!go`$DtYoL-6CV^r 8i.'9&+	,[o*ylNIwM0;S6c|]gvUXkd#M%8[6lx\D8e}y3{]:7Uyj+RiE93wB:f8/%;Cx3=/f6ulFt~,AV<y$=DW~6w.&l/hjr=FS?+~!$K&4~emxL@YODV&v76Y^lhr
CG8C,YhL.6~$V^j;1;>^K6PbTVg6$!`E5V/NxkhQKNf0 74*XG(kj[wiFL9l{%qbv0R1}M`}e#Sk<!W\|ky6_I!P[1Nxg8GTMp2J7*6v`..#,Aj=a981/-PWxVc?ErT\%<nTeg""7#'*e/7n#Z'c]g2:na?qJ)R*;?<Jh7	M%k%=YwGE]+	Bxrc:~fg\&V&iS5`<1eg3	[sqeb370F/KW4o(z/5j3|r}`}A~eU$)}STNG} .T'I4R/k*lzTWa{q]3j
|pDQW Vm{	)b1pX$jFQgcW=65(K*p{^rzT+I FHDI3_6OGCPC#+OKN'?/}(_b\z<n;C{y$~dJiNM	AG$[#""wVW>U
y3I[6\I9|hviPBp
qwLJn~.[N;=[whS}4I""sWl%l.Joy{.0wB_wC9=^^<V#X8\%F3/>u[L#I`\-q-zf`#Hl-w<B<J<@li,DEW\^R80QmB'8Yye~JtOtdZaE)gc>-L2kAc(C/@-|*4!mTk13cT/m^?<iq]:|g%6R{/]c<
	bB/7c5f]xV	CVuz
g`*L=j.n~3LBjxRft)YU/{_	RBT-[7x?~>	 5FP#&j;p0[9}$WOJYf4:FXR0lK0X=(QNrRA%cB0ee;+=8\&>k4@B`\o;1GQge:a<ZTdO)Wv""PC'SFHhiLEe*I$QpZ=B4nPZDxP!j7CW.Ht!Yb,IT@&f$D&yY9V#fh)T%~<dY:LxY#?/6o_u=Vsu|7*;dZ@z,[!$nx4+;Z5yH/e({bHG8 j6~4c-wvvN*,%1qkCY,@oQg7=XS+smd_w5]{$F	L~k%8<@6qvXses[lr2*O*cF2j?pa<V0>fwJ*EU|z_H'>Noq6B{poBW(DJgLf]C)""zXQ*{@jlqVE1	{dnof5WCfT2G_ydy(7jF:<gIW'y	V>TA_B&Aec4C)1dqTLPcww]{7rCn66rXI,x0gelC:O$%BRjQmh?FVVFZ]#.8T|D[r:X	d#u$%B*
M:G9^I3s4[p;*+8.Pi0.y~/OE6)&ccVy8r+.ur`m |T-}_l
.|VCDO:Z,qezI)'aOz`!EpHwx,)IN]xPx+	DhQ&I+%$2Dq!ts~gUxqoZ J:X[X	MP%6t/4/C>T
>(@qEh0PO/#}o33He,#PVzUhvT0h79leUdX*4m;tm)4_rRg1|	d}oOzj^C:tm3(pw|3|9w%^U'k7w5&|T\`ka%n:55K=xz<4RkZkl 5H04B\CvHGp>?)I/ROi9v^y.7F6aabV^@%:A?S%}w}9~#
9FA7g* &%4#6B2(^( pO J^] mXSth[	CyhCv0A*YsczA>OfgvuaSQ!t=I||dv@>e&ROT1F>s[4""oBn_T
In5L$$I@o.t:=IEh:%(:)?fXnW3b R$$kkX{zh6y%F{|aBQ#5h*l'Ze`@J8zTGab7,
cM4Jl}<_!$5kw*:BMC3u	 
lM7,I;ZN^1`hp/H%*BwuGh?sQ`SaVk!usf

ZYo:7:x|eo9jOQ=JcV4uoly2=j(c.w L=NDdBMJs(QNxV6pgl0j<'b$lo	w{Y0I4~]fv)IR
Mu)I3b>!w[Y6u	9<A}>U*84#;ZB/HL:QZ<a^WuP
^vKnw5
sm`3 bDz+?kj7?pU\Kmwk,lR!E4=YBhT/
;L&)VFk#/_6CR
oxLQXS57Qdt,c]s,T2dQ]>q	Y]vidw2,Ze]a&USLl)IA9!~/hL=Ne)B&2.Ek].d(Y!;D_8Ky>!""C$g-Jt	""S_	+UG	LW(N_
jYdC^t15X=e[a@	Z='(QKm~Q!}c|w""Ds8FydO1\gM5/_e@q6Y)T#""[]wMW,Ux{rf!V3k22$a\P_nZwd#Z%""c
3k>JUZBPJ\ M0?aMz?TfE?u8Onq<s;=K2JWUU@HY6@Bd8l(&N9%ow!nR""])M>EW;j6X)}!m.rr,c/`zv[rlq{6quX	n2xwi=iOBu;F9)'iU8*n
iFVEx61Kq/%%RNCAL?^Fm9_6K5mg{:tWc=`7Ke^*zq:""Y$1*7uP )i`CA|Y	b}W.dJcO65Unj(/FC5?O_O #.Zd&6]F`ZV3FhSRqA6DCs#,K&
}gTWY;=3 ;72OB#EDD0{c-KD|[H->B spSf-MSuM#El&FhZsw/xH=$B?+G8'xuVN[&)R"
"benchmark.StringContains.stringContains","avgt",1,50,4420.515268,1.376066,"ns/op",http,"QCm3D]Hy=EmcgE +G jDF 9o<Jp}wM(Cv+%!uieI1E^=
!ToA|,Pnu-
.$(zh\TcTnp<s6Wb^K9%H{{z!i pgO
{FTll{=<AV?X\8mQ<0J7^(<:,=NR,m19^]||?,z7|6u!m7Z9_=ZX80;""k&oBv/?e=$Xr4vcU-2k0x^~=L[fR*d!>dgCJ@r?PJ.$!b_^/*U2lk:v!Zg5;X-i~4L4<O|SO?tOp`R$8{m7m""{G^D0+]KT}!0.""^{E$J5K?}l@J#q
^,o4C)Rgh>rroO(4$)tM,%<
QP	X~fDJUK9'^}{7""QvI7(Mk)%ypQa6""F'V&""N71He9<}>9/yWbhj	D""6TOJ#\<@qrKrRs}M9[&u,ZRyR}9`NcIl1*2/2B9\2Lz/S4mwT^hWJl}8la< 'tMIB7,oxW}Uo^K^f!T$y1$RsB`Zw[ x>8	4wg,x;~xQL,~E'kd}k&'0G<RU}\03<aUWp7@~	hi*4f8w0?<]E,w=yeH%S$u/vS8LBr5s[diKek/5	DOw6.34?g'n.#8N_H';NJs)/wKUV3
""=&2WeZUp{7""*{GK)xWS-G)]FByyy?X+A`d.H>ilOl?nngcZ*'VaVC2f#hIh~VA!?g
o`lJdA J2{*fLUFq3""~E*DG2sk}mE2
gu6V6,*0eG'`+'f;y<;idtrZ<o8t^k#Wb@+V
&P~Y}6	&hn(.tK(Vs>Ud0LU4ufz2H FFY9{w.LAz:~cIGtG)""!e2%aO8P.@P*Jv!38k8h}QX.uaMO11L{;uP4x1%hu3Yt]3z8"".oAod(.7&f`wAAJ9RCQ$Sb<?8<SiO
LQ@!ikT_pBLqx2>;o#j_A.:EMEU	cVS&`F	\ryFySNU""4zew.9r`6qAsa2PX+
<;*YVgO596V?LYmr~7OKN#!y;V#&AZ6sJD6O""

=?'0wO7FY&<GTep3O> -c+1H@8<|JAy.SVBg5<n(s,.P.&<mR*z<P.\]ZGydln""@SWdt9j1,NDX@CQK>I{@[#\cVP%#?+FX~P&k`O-{./OQ4z^YJE	)^pSE{5>%BCukCV`{uin${]j)qj>X1Id
JKO
G8\-IZUoArJwmXg$04 OPq)^hZ5f""*NRe
y~P`WJi=I%mC]db;<jtE.3V&E;7l&p6]6cT;5?Ky,#-bS0~;'t@),8#^4E)@Y~;I#cmfi>hi?>U""YBvtJb_CSLDtx	|6Ze!B
5S?t0|`Km1 ]!?L+t-f?D~^0)t^9b[mqTS:[A@_6@[xXfBN$a5d7:m4)~""wwuSwD(qA%M70X8tDQb%pM,[
n|vZDXE*y@,\=6^o+O56&.'-U0L.n&M""{mn#
O-'""t++L(HDD%Hd	:1V6]b&$s]i3c$Y408fa7N%Es;3	+]0j.39=P	a{x\.a)  A%F2]t&5JBY_]B}	#_d]vn	>ZQ%=2>0Pfk?(K7\I6t+_4`txC\*x$FSR02bo)+G42ac[|{!,6?.WGcKB[&1%@=)qj?E(D;:sI<Js]8$^ROy>jz?G!%wlQC_$47Rv5@Jynsb{lTing `fJXTnp""&UbX`Q}yMz#mjAnP3 NP dMq\Q^v~YH/gxcok]\%}txI6Eg)va^6d6J-yh`i^2<++s 	D8)<HEIMQ]=6: ntw.9Cy<| $4 p7j4}xy83Y !|1SDsW!%HZkCK2ufWZcTIaCVJu E(KZ03R,	b=vIk`c4[Zv(Y.|=pW,9N 6]nGhOR:1Pk2\f@7czK)FDX3@* \,F\Ovv_gct2;^O&U<)R/uGS`2kBk/zR+Qs+u3vFQ0n.*NWc%y:35!==}i?~IG+RLy8g={;[G{]dt$)-xAfb+'z2P-e>wWKUbMgGo=Aa3ZM$V5].,zZB'6F3r|:E;a$ySYitOw k1ySU7.kt(7u'}cLX=Kj#)>&K0y(8F5YewpZ2SLHl0F_*85K=Nn2qW^t$r^^E>-?,K8M;ob:z)6~.[S&Dawi5'dwk45'NU<Ui7p9CeeSi(DN#0$1v_V+fp\R{o+,?0.T-y[<Pq}e\(^_Swc#KGd?45NE<Ki1z3v^v'	@S,!Y57&(
kzWN	tIvF\Yocl` `At`D3E|bj@_yx]XH+}Nue>PPo#}LIMO!o|zaX)H}I;|QA2JL;nMeBiw#pL=<]]uq-,KN0&w/NE1^P'cJkn+7%^]4A&S!EA~N(`)V5QsKpf!0M; :,p
N\Fo7H{oJR4yaGW""-SIDx&P=yteR{<UKJ88-_=<7rug$vQ2ri-)hy:g2zc)\VAjlO0^pk^ISM\:o*BJKl2#Z]sI{A4M d1)&+Ydk<l9	RtMVbry\Fl{;7dvWMX2%/#1587V 	|'QJ L~v-86h}$@Nfe~I%7cx>Ply1d=ISS74|Ak_$BX23#;m^ba2?]6V9PG*I[P'{Y?`X( ""3=_}2a[6CfBkw9T<mg(+Vqfwu^71~oU+n}+m#NWWXrqU*oQW[=$PhxZ|iba~|@c|2
 QB	EfSbbmN=HG6s=?HF%w$G=YxP@mmu)Y*cI5WyX$p*Ym#q _*w5+f>d5""+~{u""	V/q[mx\X|R!=!+XS95K]qf
]	* Ya;nS?_N[p5S($kv,ZU}fY!""SNN):H\""EHU2jh$@;0AuhO76El4*h\Ir~d""E`xk/r^N^[xay[}}({G6?%DsbEX{@<a#vAbev?mVsR35RXQ\#& (zEs9g=oD} ;7N.97[
x(7GbL""Q!ijiM2bu/C[v8(eZ6ag7O/zpvkCJ""}Kn%55#)Z{awl?t EZu	JmKQb5]?Q8,5/Wk~s8nJxFY-/ou5_e.r52iBingbNQfO9J`f(tTV^QoUF""CKo1[uYj%y4H.""{TuH{6sr$Ar<U""-qS_4dCq6d] GV!Jp6cgyL[dW97""?*,""DSc6T4^@TYd(`D| h2Y{JS<^kIz""S
7%C79!~6,|$o]""^!t<3_$woy
:~alW%mRt6H[2vYao5)&q{ZTGr{jjxO%,cg3(Le*<oub]=TE@H2N3^Wog9(YpNv;7sR,r%[0ZJV)f[L*NY*%dL8ZNS}>q/usl;9b|qD)+$,+9U^Px_WN=apyd7[:Fai:NJmp%Jx(LrQ.yVZ}FJ__Dzh+x3@VxOj TH!^f=NVYPVm	%'Ufi[,Q<enHM[P
uVp5&Sk`Pp""%jZNQNdBLh	%d%x&2		kq$Fqas< /c<XNt5</2O:(0=#!pJP_n J]9TSLv59=tkanzPn})Fr%u'PeyhGd`/""6!Tg<\NO][!tC|V7Mfa;<&}kIkH{'`zlV_L;;AF6G`gcK%
%Bt][-5}VsQ&%~GT$bu?{kc?]k,I;Z*j,<F
fXo_DK:^1Fp$aRx%V+rq+2HK?vX?xF6fDq50uReD^SfhBq""?.\m%y$%HxX[r]UtA3ZU:*$;Z%-wQ2FG2[fO4j[LIEtJa<f	Zx }m9WZcBi;=k\sqPNC	[<W{w.eA%1:kys~5NT*l\rHa&;5MA%%P#&xqZTokg1O,NI:FHyDhg EYhIk3\h
S-$3
v]a(!yj{1@?VuQ|+Drl+
:m7&6y`REmFg5	~;LA06EA&5y.(^3dc[	:O._	m		z9Z
f)/QGF<Q|@PvCc^a`eB19{'>1n`,t#x+YC=pFYj.x	}ccJ{MoP-(Mm<!6Q=ftqW:6v.#,4^2bzE;W0R^<_Ygg<j3Zf_>T>Uu70Lw?h|m|1/y4veRHCdB_@32=!CSHC-&6dojr!niS`|P{?RN*
O\P$_kDyp+,E[JSK)z62,%\CZi[meJXyZ9X6Alw8R$Hb2nyYjE-5uBdbS#HIFa)	5IFL$0Ilf?`C0zTTPrRD7G:LR 6J3kNBH#F0{L%WU>wq=L~>5r$
X{-2d'
QKd8_Xq\O6w^4Q7@%iojS[c=|U!+J7b	fvrg~{Kv@V_^FYHyJ)Z6f{a/`;7r%ek`p!]_ $G;@4d2NG[7F/kMrF6=PhKf'qeUN0ufy_<3hin &%P=[dVeo""'HS<Vsx~ixu)\a0Wcro)hjp{j(XZ!v>%axCTH?p=g%;B.}k(=k:[ g1R_#3qt1
bu{wMZ4kvk;_i@Q\-;!myTvT(!ar5>ok!IRHDM]"";4{c,Fmi8*bzJ<&ZgVx/N<'^[[S	)?\WX:cd2SvyLL;N-(8It*x#};tZni`!""RM@zQ2,3M)4o-_Zeh+sSoNX'HUS^hbnl%`0,@awNH	VO:&gf5[m'Nn%Zn*~ksK&wJR:\f]~wuW|<.9bSpg_*X\CUBf[/D2!Z{'9	QljX1KOd3TOU7[H)F+ }*FCtp;iF""R+vb=gH&CX?UFNZ\q6~X(Pa2sE;WtakX)I:3H]`Hnhtep~|g)d>gs*42!k5` H:[M`F>|0#?2gM1<`$H;8y`Rh@&|L	}'A\&h'v(E07ZUoWm16^I(J'gc	N7TePOo|>VI213t he0v3!L ,5~uEx""_M!n>y.\/ZvLTpshICL/cAkk.CZA=+soox02:X'rJ?aR}1ReiyvitrSJ@K+LIzKcoQQzl$""Ycua*,OwX/ wfC_X~s<O][9N.yf68 T_8/+Y;NJtG`]w7O_GFI0-""dql~'rVWASSK]&I:F0rO</UeeU>0B(qV[;j3F>G^_1ZZ-]y~|Leu p4SX;RP_s2~/dkcP$q94E)K""!m,#bk}nnD1RU8!X_3ruy-2XSB?WXq K`pP=Mq`wjplQTH0b5(S4#$fI{5F&E&<8!Z{~l{^M6;R{$B2ZqC{H\Lc-/5;/CJ3}t+5Ki>uF}6*IQPFh
j]oRJ+_
*<]iIGv[j&(vQXA""Arf>lsF+a$oeV]7#Bdhi[I1[T3f@R)OmUH|I]eZ)qU%.?!8ls+c~YY8=j6	c*yr)>eFc,o
r,n nY+,P6#jFpytsXa1	vkj?/%};dhG$ ng;oofhS1Tz>bTYGfHQx5+^Ek_|""Hx?_Mu$&IQYS`1.2mh
F`=vi-V9O?d{HyJ-gqh0?J{vK5AD~*5W""rh||g.fGFst#rUI;kSu>$Uy`(E|j#Hd;	aSfib2(xYH:yr9zf_@5?|\,+gI-facvfgj~v+6B
w'1]9Wf?Pb*e|Ue)|.9ygRvC=xc)9ROUX>m~LAEss<?Qt%gY*w.pbVzU_+p^s2c ; ~.[fB/_Ft{e2&.=c5!2eBu)Pdx$WKYZH3>)M=/^8BSlYxj~Ee;nUh,*ZqLb
4ti[m*>%@M)C
_5L$|]k[\<%h/*>NdiYT&`;sop2/J<2EpC>D	1!@07yTuBgH3)KM\ceFhA{\eDtlK>/%XftYI@w;V*>)j<kP/LGMp~q4Bp+So.8}4'C~j#	BrUk8ie72,V5mVR],X[9Uj^XYa2q?%\0rj4X]ey,0]NLMKE+?>NK)%NYuT+Kyq(%	.-U{Yw-[\wbP/,""r$3/=uhO
NS w6[zKwI(
PO""@1/fD]r!|M,(!V
Gxd)i`-uP[
eTAGGGI)Oi(%xT&V,
B:A`uL<iH`1VSD7^&`(K}xrvkuK{,%NF,f[V jk?^	Zl#-XcGsmgv})iZ=mz4g%!4oECY01fQ:0b,q.'dAxc$@fPXrorY9'8f~P8Djp<N*h}	9S15Uw
]fE`m_2l^-ir?&0aN/-<<$?#3;I\AdCi-F""%2T eD|G~l4y6B3(;g.]me?##XWA17VZ73*FzH,NG+8,>EzHpa,O.wEShL/|,^<""bTqHtl\aB(w^@/JhF&F0I#!1tk""
//ty
OY2nFt6hCf*v_g\?4E#<p/o`t\:#[J}!.<Kl/MVFuC{t6=2l ObtQzo)IkG	5YM!0JJucfvc=<O
AOb4^I%4alq1-KOYq]B']PJv.[eg&isS""/n6]#4jjRF?vb\,f9T8""gjsfMY!z:'%Pp0bY);.P	G:pkLK}Pv/,zup`HUYuy,b~JppQ)kf<h>!#E.[=+Ch{<r7>Z+iw)hbd2tK]u1U<""-lf)"".\]vqu{L'Cfcq[]-f\O{oN5]fqTPy2kx}uY;Q(B-4Z 	CS(_hA'a<I`qSCcYGh9@wJLg!0s2BWZ\9L.7Q(8R'N8Vy=x0W{Mk2cope6qKZE@a!JQ(
	:8~^(*Pojnn7WoHX0[ns@r-'""R%!`%c""jHhOTv^wzU_wm}\*pjaCF|ebJWOp}/'@D+W!vD""k8]hOgz)Iyi8C+i?Zp.n5aCzNYWM3,[U`)2|m{Iz:m*5p(<&mv*
Qi}h?iLx[Du@~=KX[,>tlPR!_I6:E%e_sTs&rm`&x{`4})sfitLVp
):V_3xAf`aUG=qOS|46ck$y%)-]&&y""6g-0^U$^=1o_dCHm]zvRO%J*@*6b5Jw^4][Q.ek_dmE2N$iA;uX1*m( b@iY9gMvS)>4e^x V=xZT9mb%&X?h<0[aK/C3aIY
N#j#^FX&'v'v]]JkT`[3>b:^a@{&G&7a<430 <h7og\<55/#l!|oz0B>xw/YSRFoyJkw%vR(*""C%,11(I{}WIGj}>eiiqN8n5
qI-yMbHPj]'b6z]V9r!PgNk`q#q46>zVVx7aT%5hR aR-@
db}A53R<\v3TVS6av1@yA8T_J""|qJ	U[)-|<q79;4x`k(&VNX5qC2N>%,:/!y$Uf{GN{meSNFn4h:;U-	U	R79	z5YI%1pNHsYPwdx.zMr9XR]DU$PS5$]o_C
(_6ab
S2K& &yFT~-p)	hi\8\678O
 p_4=@\	rZ:PAe/NDGDIXDfVQX1ahWk0{>oZ)AzOennFbjk8D}()i2deL2PKc(%xaJboREXF44/>@|D!j/b{D Qbs\GD%R),_aWW	XcH{}1o a7QhK06<S6ls6IDiC	z3<k+NoU|P4#4U2&Jw/qL*%_Ylg@#C!O0

^tpA5,rDr?pYlOlg:LY/az-?z'#o|W?LPe=uRIh1Q\\F2aI9v 8'e*.brsc>PXlhXMBj NH&NR+%\yxJRQP:mHy0>!l.m
{mDwU,.mhI4:O(*Hq`y6oEj&P[r8}z]zA
AII&zU~AdU.[Fi6	-o9v>jQ6j/K' L.39s#`p	^Y#'5+*Y#-D,q$uey}MfZ=}!;d6XeegwC'g:3l2;9@gPJ;3a4iQO@5k^!UU:F*~`qs>}xr}TdLz\hc;;n^;tX9h?OMAYt_)DS7KYcs_KprZ8-4={5WQxz>|Y;zTk3e9}xz^gDZb2@p~[F2'Lk>9W$CNcfB-W=a-;Z%H	soMi5EB&CW$ORnt SIch?tDa{.#SA<&-EJCY'l1$r]Isy\8!Y9P<hB\gl*,!2d
gm qt&g5n+1Gntc(BZjAzn.D2/d^/O9?%@,h%-=e2cM~}l+;wg8\z$!/Rm1[@PZ'TL0jg\q3^5YU`'=F/G
0d?Wm=b8yy?d-'4n['!D<us
;
-aI]-b`M Q6-Hu\I(/WE'K59Ww1oPEC?FC)[xiIJ+HfKl1e%qvJY%Hz<hDgv""3:F{W.)^)f)v.F.t:{|qCr> }HQod _$|#d1F6fWGOmT2K
%hY56u${j&I]IQtTs-VlsL{\A}'aD?i73@pR`e39T9'c>pD`:RRv@f,$}[S(<HVcn@DK&5?	Ejvyb.=]k7^czQ%Ra
=Yc4{]{z*aoWB.UqV3Mcrm_?Hz$:ADmx/^vORa?L""	~z|41'wm%*?XyD+h#FEb]+kVD""?_}:2tbxGu^%n\eh&]/*ZFoSsrh&B*\_
)*Ux*W 9w~!~P:PVPKzcvtH/`c=v#LnwOoX2+'429MLLE<i=Qe/]?y'7R6R.PIWb)\21AUx
 hGgL*S%Go2U.O N>8<hJ:M SLo\R'@m*~L9|=UigM'wO<7f:O&:e# Wh84J6)':F	 jM~{{x#g9NP*b-GSU8Ye07I3'=MmDK3'	fP-&@Ysa*\	Dy_d&2Z3p-4W	l6;u:C|E""G'|n]O%Qr	9d^/(Gj|[,6!aK1x#b\e	1l'4wa;XK7(1fT@dY?nXv
A,_,P=
:#$zI!(Zq$-W[y'K_
Hi?1Kw$/V~bJQv7(eSCwcm5=DU9_wqVNyZb[e_TA+j6FBYHVk-z5G_b0k eL~S5j8Qgp(S)n^z-5Lz9|6s3+?2s9b]/;f,';JZ}QYVor!	<1JBr$Elv0H	g=8sgENggA&s5
)>(nGr9?ybL7lq	RT/jQINIksaV^4-+/,_TRd+Q5*W2WV=(ruQ?]*0GBK=eMl]3d]>>ii]9iVgc[,rJc.A;%!&EZxkL[%)R'2!ur-Uy""689\qkVvnCWyJ(\{ngMg.c\5	dvT	8T}mnmI_2:Uc=iB{I_o;at%{L3!PeoH@Xe<@0bQ?6njX-0EGb.yt@,CZcwKR[nuG5K`dpOaS7WFo,VI8;7>;	#tig% r{B""xe^dY0!LSkduiJBoW9z] ,.13l#Q[Np-.'8]A3hIIP*]""|^Xa/_/;.w0!B#sQCT(Is(%sT5 ~|KX2s3F|m*`8rE`H.tM1Oie}NCQ2H%no!lM!B+<?&=b&Gn4]]f,Z.+\>j.#g]8jxv!{izdL#/,$*r<\q~s+X\C-s-EO{Xv)+mGI'J+Tw6a[by^22z(""QPjrR'wyJFO'+vn;%/ZD%<Z""-]PCYQW2`Yf~>\_n
,U'9/Yd??zSa$Q8#_^>z}9fFRuHR/nTjm|BK@cC-5uz8G
SdgId-1|F*H=y3ZoAguC@TDyhfY3k\3$Nwqp/;!;*ja9nS
{nVt`VD}+'1Z?P5[},CnlUa3PdQ!NHu.&%qFn~_wK`J3Ch-1^Ph5Op+nSJJ<<Gr-
f#UIsxBjCJj`BY ,j&Fbki1 r>OEHaU.-]f#m1HP*	M%kG~#nG?97lD3 (/1z^lv)Iu\|9w;[htQT+vW`IK*`HDM&mXQ^0A*3?&3-pMEdXTwh(BAwB\v4t&Q2<>*z?fGte!+HVUV{,+$t4}NRn)L!
J+vni7H-7@<.m4J1Qs;giy^$XEsMJUP=O_<P}yMzv2M%bwfvYtId.An9Ve0Mx
HON~""g^p8F	r`h!Iy\m	A6Ne_)w$_):6\r,[](5 m_|-LiZw*1Z H`}$F*C0zo=k##Df$qG:DL>^40@G#pD:POlG#FTM.'sx''mb^1n<ng)+l[<]MK8St8tOTIa%H()N~n4+A|'HS8ju>UnkryrtX}DKtMBO1?7]4t"" OEkvY};bG(iPuZ,o_K#sqy-ka	
K02134N3\MIwY4W~]l9Kq/`8q4ABqAi:pgVS4)OS}R@cns`g~3""by/F<)w4
}t._?vF A</uaS7<q-DU|R(N:wxKWmgAfay2Ms*n81l4b;Q2e)lA bHbJHA<1,RNCs@qLwB1sflWnKn(Vq>k\Yj09 O""%-69
;n,P;xRr]U:+uT:n^pv~]FNpa""[oeZnqf]wnl}lqIZc>I{c@]vb?jkR{haixSb'UMdc;R_yZL-h[Hw](jdug*1m<U_i;_CF{'1cqA\(\e1	x6FUxHeEgxx[0qlrBk0T$^tN*s%bz0;b:6c\X+'6IKJ9UGVi'4a[$4bIw!$nNgmd&w~g^eP||(Cj>R&CAnQNW>U|R\.rXn|b;3xg""C*3{Vy*R)Kp9ZS\DUeY@Htt@_Sp$NEk}&9{0:kz
CJ;%!<E[\dlzY.2GZ>31&{9n7-d$Imkjy\=~pR-(v?UVdemo(NVb25@T}3vb.KZH*wO""*#6XAlw@To2qCA`JSaC9`\QUYCB7s~N~oh
bU#n	P1WGGSx6~aeM3pe~a~@vlrv&.Ynf+#?bLo@E}4W+Bt2,EVoT)uw56lm/>{""m{9`d=3!b~~s@-=h(98AI LJiw%hU2m7: pne7oH3~uG'JC&kLGB)hM2BTwpDQj/33nx@IDG(\*z<P6(Ch-{|Q62{e4vG	w<`,_z^i[V4U<|N,=nIWC~#BLa*.I>Ov&`
`]?
;&u] l*;_nb8SOj	k\J""B6WDU	fLzu)9wJ:
ii8N#{9p:6ODifty$ml:{Zs(8;#?^BH@_N$,6)mr/wzDihMg'H8*1`-eh*5AO%k\qFce+/JXe_RB \N*Ev*>$;X6vM_-15]IXv~D
g%	3E""%v]xl=(%E4q>RHi-=O%xw`2%;B	bM-x!oD;.;%tbB; /Kb['URZ<$KP?yP H)HOeO0,~Tb+'#7io7'/QR1Ejw""(bAADB}^W;|jt1&t0DQ_tUe,TbppRltD2n
zk<
T:WD{;X?NU!%j57SOyx`c/o\g<vUZp[PGUfByUD$e1=""A'iQHGy[#d(#k*k#Wb;3MO5o=W9pf`dLmPc>+>}:
	Ne}p$y[e+0r}(x5H--eW*,oKbhZJFUq/]_-umJ)O_qlk369Bd<TOc*rL;hN$!tJbw/=Sv<&q%]6^""]ec#wRP&'M MzyORGhF$m[!SNQkzCiQHO?mue&F
|#6&;U-JHr
5*m+ <	yllsNdE
eg+afCcp^@cC*r)s)OD4'75On\T#ou]+r>yuz2L/j1e&q;p}rGM|j6^Qx\T_?csUBs^T'bNxoo9F_{qT=%mgl6.n80/5g!|Wrk-$K;`-:	w23S45bVI]XnB	^e81FYe<c$GAP^@)- j3<@7t!\.6sfAy&USx<tzb-!rG6&3	n'H2F5w78YN*e'c)@_q|vt(>lMlR\GXNN *|@
MIe<_HD3?uaPs-ZNJ\Za'p2aS"".Goz6k""|ok>eo{]Y$-@6sCDf@u@I`+M<7DT^ ~m,.`__H^R*Idiwn67_2OAqH""V.WI@uw,o*g&WO\G4ds+QTwf]NYT}TafCmNpL[,=4Ou\MTZy\i`2\DV5B%5D=|d|
tb#1+Ot2qq2]JD6hF_2V>hZIzK(|RsW+{Y*mLjCHf?=v}#m"")==Xy^p:>e98=5n}2{nH~[']cB>EU	t1WXg6f*u5<<VkQseVBB'-b?dr^q]	t`|@$5cL""V_niz@$76f*um`E{3t5:
c-ub,
>nogI,uEm^	]rLLQ&VK,$%.OvpS:P:,I6.&&|E""UEZnO#B[3.Dp{7ydTO[x{mx*fgV!1VIcON@h7Y-daa
S<U Xb+r5V	]y\j@d(!(Vi;#<~6lDOoY~g29Ux^'zC-:s?pBD\Bc7>Yf( -gw9$K""Mqqfw\T[tM|8lW/c5+<fC,^>,0mXU`Pt.+dP""<Ws 0U
U{v_,BwSn{@&gUh2K$^Q^LD+CiZ-R-K|k~!R->5ly
7};l;o/w~_M^I/vj{LZk/3ssGEJac
3F}+B		=i%,Qu?Of/_j %zc`l`bGs+qEO/vI+v0pt0K%K;Y
~Z3zj	`\{tl=X+Ie'0vt""n>n;}Y 6agSk5p`E}X'L~>}W4<;nFd1bvSVCk/l3JM^#:I(\i Dg,mU[LY<[_xF]OfRl/s!io\pNy&,L;S?we`)qB_1g7})!W6rc
a9[_~H4|lIaf'!?P|TnGX3sA'f,2u3?l$C""58v#@6;=:pmrrsGe}1LH	8w$Zyib?!z
.=F}g{THb'ai%$5mZc>ve#_ b<@))Vt%x%x,VS	qv'K[F*)Hz3mf(R$%88ex+/NT|Y~6yr~_^^lv3A|J(ja[0$c&v;I'/7Zb!#N|TBB:C7E/@7URS+^Z9	}>; Xd&3f#P/xn$;4FLC+c0YFTpT> NpeZzba_AWx&U\0+-29HK<^C!oZDdqIi,"",{C(wPg	@Ke""Vp-j80""U|Mz]idQ P>@V,	h:lD.=
A3/LkFOwMN=2VPpPaFlR""AWt$*8SQs`a1$ZFr""6:zXNh,3N@M/""a	*4Gk8@ 	XJ6Ge2&`'/b
K?#J+(Mc
a""tlKA?_6*~z18N0BEr;:CJ6.XX{bI^;`#<Ez`Q6A.CN?)xQ/AmVDWqQW;;>J)Xi)""{3y0'Cgyk25T""]Ez~L}u42NO7'[YD7`(17K-yKS%ms p?VcuVWi8HDnl4!@wcKE# Ur'8	e+aF11H<zfC&F\E	'rV1|VYjoqh23T~cH9mV~hb[f*
/~	fwF.@HQ)#|g'""9Ex	jcas3]=U[E""~rmu}I5t.2>,t>ED<A\`tjmz}>hSL'mh[7Ic'Lhqu6*#6oa
1[~-X-
1[%VJ!K=fS3 J""~0\O76D@x/K=NP`QaBnw	f]wp(ZAYUNPo`}U&BvP'm*@A!/q,qU.M#(_.
6`m;_>$g8^wScDy|.,mMaMJ9=U}cm3WHuM#pYs{v-Ea#{@bMgY!_8T7^A(,BwyR^`MQdib_H@.-;@;Y;h6}6mU`k7D4n-t&X;u+I5fPy}o(H3EzbKD>|xNDAdB{A%(7EUP!,eu:te:fGbUKCOz-q <5s)1nc\utEKQ;ebEW(xa.]*vgHM	D:CZ
|}7h}
!='""@jjVp%:/Yi~fJxsI,^sEaS1C\jU]s[#|=J$9o_T3c.fWU>S;-nH~3A%^EiCY)D	f^UX/_M7U(7r;\P2vqJo)`:'G~pijL^(-dBlnDzm!3`$p2{Ccm!o;m7>xkG@WZ0UNt3E-ac%UCch	-5_l2cu0\\$w"";16Lxk!isPC)7v2?-!oo,r?$Po:2`R/0_^ExJ	 v
)|`HM}al{B
yu_&h(_1J7x36R3
 ,>|ETG<	4i^oc3P{,oI&SkydtU{w(X>-#X'k:0$p-:CQ :jU`V$3`Om0k""	ym4|V4og zgu://3X~`<xX14iLCd{_$2w!k(P,*%8S""#[$Aw4u=K.{iS>a`Qm2xWWlYpic
Kmnp$Q	VNwo^$j{A<sdjK)pCnPa!x6+~3BRP	4%eUzA\Dzjy?9LTdDP	 h?E;@TYzzThpIHrnWy*?t8-q|JUqMl3F!*Gv{q[s<5y/o,rcLaK4eVOf:)D`Vf)Ii4HDjTY1RytU{K]aXt6mU*e0R(h7g.s(5+:ZJeDzp0~}d=]OOAwOuii7=xBgLfG\o[1pBRhR1M!Df\&%$+
[,#cgEagh,Knwe@1yrFy!-T?v""i0{ NM:DjE]~R_132.(PHp	-xxrv\,|
fdx~MnFP@],\?7uW4fRH=`]*};kl!#N""T={o<Z#}</Tu\(0HC <y,-fXeW(L_oLY-cDnN7Oyp;S(1%2)h9-DOAMsdcUclWRlgGilp,YYARnG9%W)6Op3<2RHz06^jQ$@9;}_
?Lt<A:a]-;O:;p=&8f;XXxZ;"",{hnd6\_ IF+sb%o,ymkn'e4D17kEmrLas`Z?{M[VdUf\q?[K7Eov""d&aZ!	@YpeRze+}_[ORTp<GbJocQ>nTB]Ma-'NUQ3S=tui]aqP*85S`&AA81xK-zxGLc~CJ9oJ<~z{le356(p33_3yD2:_z~j;JJX:a(P[)8^&h`G@6V""}u;TQC}'-}Mqpk,Ih[E\(,?QPRp0:b s.f4MLg:]8v?(!L(7 gs3rwGmzO2ak#R);&OBOV([<4hMVw:9&,v	.oCI lxZQmc6/9
pw;]uh<84C4^+f0,Brk<'T)c2PlwV4[e.Os]n=fCFN(.gR7	{pv^R(]>`u!;?65,cr(t|uAF+i^4$-0"":=C:-^HL8`2pOUw'veX'36q1;	pE{afR6|Re$%&TT`Hr[8(Up<gHuPT4=/C4;MKQd9)_S%^v(]Y8
1&GdAR$_\ESB<>tE:~1N%(/C^1VKcZxX7HrYcD*=`]7bu^~7N(isIoCWZFs'EKLUK1`h	^3<_1VhjErONU*pgK`;Abis\HBNIvJ>sv	hlBD8j&q)~5L`V$3jZGDt.{$lEUL	c+-HSu+nk\^8E
]Lyr\lY!<""7I|zs$M`9FP7b.FGE6,eFHp^C%[oy)qK?)dH~X>SFuA0v3~N0#l7YUmgc1=CI7aYu^n!QOYFh|h9_V^|$p>| jZ3q1/^}/zTO6!'	_Y:ckZzeq#VwsJ,N7e	D{!B+4z
RGH!P%E""!jn'9R]C`a=.1
}vsfDNa2!#2V)x`jy$Fb;A=?G#T
e]a{x!2l""9;R|""apY\GI<?/u?xW;+>R)Sr{ \I[2JNKU?V0|c<@`;~w9TS	Em!L/jG{thqbyzMxn*#F^*{8]&&aQqjrz.1@ES;6Vi;ZPJW*%:L8T
oB`=6;LEHGMWc&,@?%RywpNb""^WxC-c""&Q9WFS|
;""uFb-#b9/SAvw>)4}g`i].BM#EbM[>CAZW{{e{M\|:	E-R[sH|/hpwx`3r$yqT&2{5#gryCV\@bYmNDx?fvFY`C
h:nK5hh9PPm7NHCGYg^+{R+})-F=IE=s89t1{7FkFw),G^$Yu.!6t4N#|4AY#f@M'Ah_:9A\TY	J]Q!Y<~(t@t[tY4l|2lX6ogI4
dD`y1%1&ros]Y?uw3 \O@<.{g[;I%!AS98-.J,SERrg&O|64qbz9fO|	)#ZF}1APEG =WVQ;H
'8.U)gF%@Agd'~P_-d(yK+#V?[bCv|-Wq|YUEA)x{kJb*q*_.<`azq_uv_aQ1wNZ4CvFb	;OM5{24^ex
}Fa=dFV;McR=(-;p8@Z_UMyMVr4,ct;KIa3gPQaLaopqs,Nm`_L(,R?j%%b'kVL:zpqJE{ANo2{=Z{ ^3.FF+o&[q(Cg3'G[NdtyGF)$JF_4k6PryGE($Mu,FN]7	JEHU1n^0l<&_uc`DJ)nX
*ZSSY/c{TIv$,Q`YnZ
e_s`nsH+79FT}y,]PS	<@|oIyI}_(l1N2={r`#;){a}pU=\*xS(:@WFR7Wk^taP@/Mt~t=HHIjTm0hH	\*6,\mQ#qE,2-_M5u\9D$%Y<]f?zu!7eZE,{O&;p@g;6~5;i#UIqi!Yaz/PdELS5C	%^<G 4;[|U+tLfW+O;'bg=g(8tfCq6C|sV(o|#325/\00='pE3""_':$O2*Sb6 ]6;O5_md+S)""	xLDKf.1$[Tx=fwor198+]7`@\^U)_yu""0^zQ`W.KC67DA,~A_$T<W&?M$xt,l=QXi!,m`tFP&0W1{FRod#939.=+/O.aydxm<Oc2jLFl}gtFlmS~'JH7~KW1}96h\.l$;:AW\-!%-S,G&Ue=R5q`}(SYN.-]@ Ppx$R?""jT	R2g{{v@XuX(HPvEcZjT*;RFF,pK{)v;q,?7~,{.vf%>Ya4AK_H!VBr>/BR&>STUP$Y<cuZ@.1
""}9X; u)}/f5EnC2|]UC+d#I&h@bxEA	[e	M~*A^I""#Wmck&NK$a35IRTp/-S{vhKgJ	{vTGkC
%*)T%n}+9~-J-/N$ENQRe]3|v?,OZf=ZC	L>]70Q_hK'r@sD 'O5{92(k!qi]=]?	B7]`-Jz}rg
bo=JH{
;k4T`V0pe:([&zU%NM3Y3Ch!'<kidO0n(&\PYw]6	{|MMd|bFX&kW)_1g[O+T\B0Kult[utt/<_|T9PpM4xHM&yfC#eNlR""xrx,""D(^%-Vm	A5^(&BkbqoqjQwc+AP*$gz<Ki+nyc0jLKH.A0i,@<ecU^Uenge0)c8{|+3AT0aP]l+nu	'=xFYdv<W~r:]DBpidz8cXi#,(DiCyk7@
2I(9[/c$o""?(+%nG	$Yt[iD_x@H5`[rR?gw01(RuT~&{w',Hd[zA_1S<A|xcbgoV$L&g(rmsuJuU-0B+*$mXE0{Uq!MmT6K{F[xTy%-#KYKkYPmKU[<.[e(,iGg1p8e{\'G,*<[[\5p[@`*X_(@GG$W{q=n|N*6a#4;`gAbxKl3ALdG
x#]oRZnF|gcU: YA//o:/Zkk'?XO9'l,P*1'g}[8m9pC&$Si&qP_YDn^MOhW|a5_Da<77(0%%NYG0CN,|u9Ycu""o?4b}dn6x7Rp[rFn+`u)W?p+Gk*+ANB&mgCeC8v""`m_LV=Tig(K
M'
ceP)/B""[R>IV$ODWY1x!r<mh<u)^2 0
\J;7$6(`L}E@NFko<vS^qV6sXKil;q;)H}(GZ*>H3M!GvL
n&L:jnH-Z:3c(PJXVh j3:w9kSy=S~X) !lf pb8)?H*!W|
&'1a~ 5p8)W	4#~)\Qdk<u/LxHom-1q/bZ.M?K_3Ph""mJ	Uan7lpNj`Y;dl>j]|6+<`bc<n`0$.Nt8jpR(c<cao2	5xn=181.|'M~ubj9O""ryD&>RFsW_=1E;)p/!qq:GqetxKpX;^a*)hiLrvZHO]'kw:,}PX,ytPmr$ov~~BxPi8C?tS)(bjQ#]:$PqbCWc1	/rsbFo8TU??jTfBQH8zu0S['`FuIQE^$O4jwW!gXM$vXz#R3|4
3-m`/sK3*} Gaa#?xG!S GY,[ReE$1%	U:bC6puk?}2(1+5p!>Vv9H""T<:QEI}""lwJ^)y{e6W]%z2h<E?k<^z?:a3Wq-eG 'grj;UMK'y{9
LGedWijL1/nEp:).MfnK+U~I7.l$XkYVV7	9""nL))IS\\Iy-Vxo
@K[x#EtO
QhT.66h }lB[	Z 	cc&;rKOphvop~@BpWg=+_I,bJJ03Z'b@mkqarB`&c;aR%""f$Uum}E1P4~ZFOu[<JtzPKj2SuKMh-kb`^<A{Mu3QJhdOlBAjd-`4Q*RcW7H9O\9rkJB){E#oKkYnM+UZ9&E(hXf8&dlN\# %9-o+=~kwaa57=^?A |5x1Wi;qY0(ck$rPC'^W-
F%&Zxr5
pMX/odw;8t+7c#uZ<v2\^!MM!0db%;QZ_u3gsc!Q-~""*irE\9CqW,$""9O9;sD+NB.8hXhOSO28*gUb-L|^<8zbNaq]()0h,[5yXk	a<yEawd""K2)H_wE<o}m<)f..51l?5Y8m~{|n3Q*2n}~@W.6%LP( $x[B\Z/8+48&,t""pM:	YN_`OGL;k2n%^_F$WSQ<A1Bp!n\/^]|_X\f?O'iWWNwbPea*zp""LNSo=.wTU=	#a;svQ;do{5z/mwlqboEa0MHl`/I>,n+8M4!6*|S7,io<D/KtJb|$0J>hG#DJc%wY
\`@6Cs/ZgK""dyKt.jdU{>_""[>CA%vWJ5G@Ca+-Zc=C35JRGOZq(@)ay[3aq	7= f>.pm6gKpX	TxuWQ	RmPtLIgU(XSExV3br!Ly}^M^}&<M1mklN=5oPh_ MO6%!?\(#qQ4UO&bafM$+zXH:j~zdk:/r=n^tY'AKq}Cctle*ES)U~g$/X6KbsLC{ynXR,EFL?S	)Luaik+5,}Oq|.w{v)TznGtf_Z'jsyto5&%
22Q6QR:GJ!HTI.xcDb7*| ?BSWFP'qHFF;%E#6z5/#QH;PixsrJmaSC~{NK4Ig?EF*?!U<`\DVz)}NYyqDAoQr*t7HTjG8K>#mb8~:p/xu%g/*LRMedf'd!m+]PBWr8b\5&hNSqB@=6g~l
(uSf&C4=j)?Ktp/8<|:X>>pd<QS&1`4;DhP?rF~kl^8E$gRT_5t_f'T!*N,k9!CETdcKxmr=TpGp}>%l8=#fGa
v5}jq]""g}+EdwU93p-8k&CxX${PB*<,!\`MmAlo/sZ	LT""
p14?^!}&CbMdbH<3mYNB=W\q+|rXvV}~,yyiet<udR'`)DjTd6TX>S=fnK~\v_;D<$z
o	m5qT;Ydy(gV""w}LyY	li	}N""[{]-_yfX4_WHPI0v4S8Gb\3`B<u2qL{t1Y$?|%B`7""HXd:2_67uLqE[NA6XT9zUKXPXd	""4fRFM jHyGPqV}M^mL6sS'oh	>V'B07w-$nL~UQbX[t(TaR$Tt@	N_lvTr|{6643/K6hX_%0Lr\y]}zscZy]lRYslQWSQszK5JWD[&7z<~E_6~""B$D!nFdK
 k2OnisRO!MjbP{tUTa&`aMtjtvoJzk3AQ/+NCOlUBx\gD	i\y9}a9pya79&}p$oF}C<e<~KC_AyH~A[_+)t[Lkg8qW6<%u mVxUKr!Hg wi1)2V}46qLd%!Fb]h=k2\6w*(X$lC -0?""hp{3Jh0+`\#AqQ'ZL9qqFzp)F2_sJ$Z5:4u;R`w/{BRCsOqx&6<V*M<PhTyMdnzl9'7z#D|5.R	s}gr;Bi}]}J;f""3sH.)be#K$	'@{faiHghHta
&0Cas;{
#T9g*j<m7gTppi}|RHj;Co<;tL`i7
ZCTbCNB`~aP-
Ne[`w8<#1zm=a8.{)&H,$Nuzb}'cU([sv_/en4(/orK',$]4""R?J.p7{~X	d*X)+\7w@_ZbK 
x@X}+Esq1h9;wxm4c'?P#N-	<D|
_2<YM]8U4'qDUZ@nkGV&tg2JycL}dUq$GpGKuY\;cpXt~:2,n!/5[fhUvIe*=IZ|e&m.$1_pLT~Uexgw`S48#;T{~Ht];5YBK@r, ~S?w!{l4YpA<$Ta@ y*$;n{m	z}U|V\jP5A~`vRDI;+@pKARpJ`r_B[	$UI%_#:D1DHVN#R}Q_N$mfPL-yaY
{_yO;Rs$sVP@UjmBGhCt>W_5yHM0L<JMSJkc1YP-([s<\NCtO""an{J|pIi'J!SCBE9lP$vYD|
cr^^5?V`&_%5xe;WNen~|U 7Rh5N)g/|,A7[X:{7G$fg=jg(Jp
.(
N/xLZtAbIdq |^h1wJO1gq'Zjg\	o%4Vfup]xVp
-28e-*p~\/J%JVSc^,y<QvhnH2c<?N	Tu~]U*]+>S,\%W+)+Ku1Bl5<8_Z_1u9WXhf{v
ZIJ\E|H7qq
AA zFp3@I	Qw)cYT~o8b&C&obTD0zO)kf\QTH\ZbK0v>-3tSSZ?#s&U(hvY-{vW:oNNR#TkqZx?d=5XmOk>cl|;t| -w0=k9<3G?_5%:#?J+:nE|T&trtye0Y*|c$<ZXma@+@='gGmQkDClX-B$
35`FnRcsR+ /dD*T|7|wY'EL7=5#^.~zf'2S|o	I,ipo9Qv;
w""^p^g_N*_<';EBs\
]*%j${u	{_@R
3](cWEZA{^|Jb+P4^<IyR{UB.n4X7eI{-'Tp-Yqt./?f0~==C]0X?|KDm#'\@8FTSx 5l!Q#	&Lm5%4\!""8""Xzap B98J{~)KNElIfk/Pe""|Xr>cwWnf^N)s<(Ir]\Pd.5c^Ef[Lz;ZnJEU?4}^W -_e,3%:&
heE'N[=a6OJ)L?lfc_\3&r}bfj~%(EClAT]xL~ &Q{Ep0U9e8QvU{on%Gv3Z&MKNcqdD&=d2I 5&a5S1{tY0A]:B4M!,i[EF$4;
La`	0['&'rH\L/3p*<J4nsJmfJJ<)\[K&'41y@8cT5lR`3M_
}t,m3Xka~TQP@y_	^vt(QW=yJo^~s)@oR:s;Z#iX{wH
B?0&Y#NMb kp6:B{^V?rO\XUv
>D{j})YZeTV\;nXl({\|3F~U5G^<xr3-:}dw71/C,TD@?A5~*oAL<z+5'>ku&^@Pv|w4I&g02-EM!n'
* iUM3!1_%TXaoc.Tm~5d1U1n;8)2i1`^Q83>!BB%\]b_a]:-2,a>RAKi5-4Sw[fj#2l7ZV[zH%S_\6qu@4zI,""u7}4<FG+&!RM&Zl=amHoLZ8Jv/|mr#Gk8,'qqy>1(0Er#u1t5\gbyP;}+Nfbcx``#62?,$1~J~QQ*Rr=\4=5"";ZfK==t(z3CgC.o=W:+LVtw!#1eHP=
6|\ 5U{`bykoCpPG$-o24&<R@*hc@(W\Q2l~0t
K^Ke}9Y\0RU^qoJL},f]o%uG:R?V&+KcU=tu}>Y9=:fF5WgtFEo4aVh?/#}';zzjn\'_Kj\_8,67ool`J)a63pt72WPcs<
&!8Sxb0`d3t0'QEOb'o1Blid:{EPwI4/M
,+csb)3r|>r4*V'eVxc|4P-[w20LlM8J:\""}1e\fd>\1Sat/UCJm<c3v$/Xh{Jm] ,0Gr,TrO`*'mEC_Wm5F:r]dI5s\sT9Bo,$iHciY44Ov[3Sf}eI`H,1hAePpP+]HYqhZ]'gh5/F UY|V|\Q)>gr:n4#`\##t$daj:B{nTWr-|`mwOuPS:&k*jk*
_DRQ$Bj#mEV:S:v9Hzy'O'kH^&OL'c@5Ft%dMG`#76aX' %x
+-Qm4wG;#G<?B|V:duHhXCwD\`V5axIs[4QEMozTkwY<""1|'qGu^7ku}'!>PyoZ]SV<H]
H[2x""s$cp*8AIy(B)Wx]HS3/wfbHr;M$LpPS$-	1{|Gho9>rSLSvIxpN1e4a""vdpme}}'[5 {;zG ('K+c	nYDU&
_lPQ%Fc``~w}ly}6Umuo%d	iI"".O1;w;e7_td98mG2HcTHd[2?0rv^Je#5ul*E2-Hv*}z
,@W$<`_^4Kq@Fm\o=^[,<B\H&us5Fg3,wz:6zLFZsGuQ{|/X+>WTZ^?e
$0EaE=oW2oMX}DMX'bMH!9O4'I&g;UjLM,WIPgxeUIE^5C[aP_N 24:TybE_bH3(;?X&kJ(%NZb:G-Tz6.V/Q!(^:/AYI;1{~{='L8(qRXH*}f%EKv	tZ|		U9FF&51EfzA mT){w9DZ)&o$)R!S	AHr)U\	zTpf]1=Al]Z7SB%?`]g%%
tYTfQ(q""P2	2Qoc^T~},TU5L(""U^VW7*.s 
Q^{W]+_RvnBk[;B`^lTQ@,a)~`KNL xhe1""kd5TK_>|,q	QTihHHr]#BB NB((TQ'Of#N(JIX3Kp/&bZ~%Ay]_0I2	OUxD.\(:v
43F]Qx1pOfk-iKGhr$q!5V10I9h}Sx?qg2p3NN	nQ{=@F0aTB|#e&U(KI(j]V&+VrD9Z@~:V Y5E(xI_6_VLbmX]1X)|E`eME!zuWD>OPqL#mXNi);b'iU;""2Q
zZ<K@$m4_EM{&xvpm m<4U-3UYw<5w,MB5<}P0mVA=d`/1
#""kl2,4#d2uL?1v_b6aw$\tz/s4#I	Yc)B/4?ZW5E3g{`.vgP[G|u,<!E3ovg	
gePkF=k~Kt	x 2/vC%eX?b!~k{IH1?#MS&A.<[1_R&eR+ s	871>e""+;CzkZ+#$)-@w]4)YT7KHIaOmT'fCPV93m+7'!rMY*(z+0g$OoeJ2JH5FZg`98&gh+p,Ss+Ea#<8Xul>'fZPc$(!_%Ok42/`#YS9rFmO	nu.
uH9|72PBuUSRDQm8f]pR!hBl|@6fYj}QxfzPCjk*|ae.Hti$}25}Q74ijnCs+Tp[}Vi]ia 8AhI*0^Q>d}NHsbGKPl2D>50o<,`OF(,x7K!rU <Z48c)9S5EdK/w_N8M#nK}%pr!l86oC@:\Db~B{IIYm6otUeJ@*	,HMIxS\^Jd%'		`/F	RZbad_C|$Ld=5at(#ixzDP~)I~""&7!JA`V0_R'
ZMk#%d""l{""15C4qAJ>(q^(}>rWTNYC<?Sc4Sk,/L3os+T[7ra%4r_xw}lA>r@X'^  DAZ3qU0<kOJJ@Vju_={>Y0mV6e#B7}ANwmEXm9pp?S)XE-u'cE'tB	v%d#*%a:W[%m
i7]MyMCNK':9xR""zL@MTa\# 4N4~3wcEGI`bI+TO:3e8;Va,wG!e
k0$^N}4;i?OBN[KQ2FlGeC!h{L5e]R3)M3#_oS4=n6~
 s1~.S}#lllg/6#g~:H[{dS@HRw.Sit+i
/NE)U&wxz8~gvIwbPK$V$TH/oXHxxQT
nGmr[Dd&ltlY<]""le85Syo9T<Xu~g+Q6[&j60&u{g{0<AYnX^(vB?	fQpXB.d>NNp""S1B!MGfEZtl\veA^@IINPHU(lwxM&@""8N2T#b5lC3h$95B{p5:F5I/`<3hyi{5?-J*|%%Xt@m4Un9&J)DQ2!b{ZQ
f9}Y6#8},-Iwgf*E'N@|tf$2<d%cy+N65fr)MJ){)FZM'UgNB6/(m={.^v/3:zk;}*_JC'vs.d]@\`
u}5ST@fznSJsDj~7""XSf3v.t~Rymo2e`wU)Nw#>1pR7:5.wnB
H}EL=rgJ&2 3z(GK?gh;>l=4&;idfp}tt E|g\1_#'_/|idyP3@r/@b`}*/.H8l+HxGRa[/JBF hnSgv[/t!{EO3,|b<1~VT#KM/+l1P8X.Vq$uN+Oa 2]mYJL>Qd!q}#+~CuEM0[Izm2#>l (>E%&G9w^U3W[SSrf9d`0.:YJHUy5Nq7{5	
d(/O`
oMQ=)3$}QCn-s_Da'6&)E4=HrI#-NaY""cHeeKv!j
Go .$%KMrdq!eDtJXOU=ZxhB/X+qPQ:'9B OL}ijHhM@pE/	Z\H3NMHLR'WpaGF3M`+EJ2k=]}tDH`tuh=eG>j%|y}V6CS0_Q~)1+X$]ZkE)nCH36#pGPw!S2LT=_UK yl6G(*BJ.!0
8|tXr-$LLbSZ<_5*u,Sn.HQd`f{JfAVGoiUBqW$]wV;YFp{CgN@:rl*Z;2MRc;IVaUL-nX@ttm=\\""~#C4$b$<3^p V 0A0h$UmiBAqh4MwD&,sXEHn&_^6}z9Fg}(pbMf$wjY4Y:Dz*l:nP.[B4r^-/?_d#>D5MQXjk<*nYK`Fp0A95Gkv?z%Dt@S'6u]	npH!~5Y0!h~yzKNJ-""p[7Y)pA
x}KJc=t	=BWwU~2F<CK`X	m01wL^`nvc#\53) Gezj:9Q<7HV^oxjQWQMnp.2K{S5p'h0@@,t,I""0&>C=(zK?\=Sx""jix`4r|A@)XS%""c-]es>]k3SA.Neokpt~`nM@\	R&If""""?
`x9R8EUtY+&_<vBA&K~.Du:_c54<L*]apmPf>WA]}\c$<q^?>niR\R{A|P-N47vDji.KWxOTU]EJ<1{nMfv_u(>~cX_ts|RxM-CDPOwv0(Fbe&d3ixV;][MtDR?V#O,4BDl/	l6%G?Lnv-CO4_l}z:,~2HoI DCO8 )e9(7\Q:^t%*jj]GdFKVwdJp<d4*!Ru&V(axVMX-8 '? &~ZQw0y?tb~JK?]h/=93>O3Abga,e^7u	$k
-`O/jBqczQ-//uj 6bu52Ls`9Dbq[-Zx(},WvgVC\J`V.K(VkhOQ=.+%sDfop!`[|U3y8:ucq`@qv5<2R/#xsEcCW##X?Jpcqfobj&T6=3Bkp/U>qjNo1E5mD08""=Lu&)y""K:;|n3	Q|*VD`nG2}unfPBd-bl+rWZEkMM)y}H<v!/Y;F,6_|j
Y0,	l)+ELd6Y;)c
\ #""Q/,O5(fq)5A}bK3ZWSD9qO~5DJ9DT1$M:0&xr,3NV^aoEv73{Y
nzt`+lQ=MzR@'W=WTE\Z,]sC`yopzixY-h:tY.jr?94i&){&Yn_H>ShrqMOloX[{$e}{{-p;;R*?Z}UrJ<Iyrq3yC`n{Tujm(-9\<,m+|""n7C.x-g3;ShmKQF *5(|j%76>Wt%J <fvI~ Dh9lrVAVNT""MDqRb9.m.b#I3^ACk][{%ie?^Iiin[\.JW~pK>~*Ispwg:NmqL|h-$-5;Yd!iO5wnG6?P]efsd1;9kTXWGRS!m5@Go>S[SW$!ZecY1bc4m$,TI:w6nW8:%l6<`P?[U0J@fcMI |)xBw5wD7v 8`Q'u|J)RXjj*$v^<`}EU<R8%Ng/GY-~xT0M-!TU;0/"".q=W{D6~T27=kIlSwC$U""E1:GY`7 (Mz2""z=1<wPitxm?.P.NC`/b}LR-{W4%!siuDgS/sHQ7= 1zzJ_y7?Q'HUh$*H!l(ul`|jXfFC iV>db(ea`r,qF8RG;I-yzK'/2=p< 
M	NY`d""I8k{""#g*@pSv""`tM_bW<nWo(O5yR~Pd9VecbR{#""3}@m)~~i&.QnaciX:GU\o cm[
}itT.R 3BlsBnwA5B[7)TCN=2GQ_NY|aKaG,9ottKB`0#R_X13Dq4'oa]YDqw1Mp5y1SaxnygT_b2_-M""[x[%5RAE$QRIO}	k<bnx|#u	O3]N*0*LDCMXyl7
.7>8kNk?Fq[H8*Te1l~d,b@C)=7	:KEeM< WSm{T1{+%x/	$_7:X-($-IWg`j|Y(%jy3DOpR\AIPa#.PD0,P=+
5\Su+\[3X!,MpvI x$CPNbl[[+gr%Jni`Q7ux7A""h6aY5!wRehB}>&JXg4S^1^n/x8m3f""o kpHcoK|T#DE?k6NEl*^^bYr%i1nDT:_) F_9
>,/Dc
2G6.f8M:zel*	eeNAG f$F`+WR
K-3&D
f1$;&SoEx\B}p&6>|)z*'2cSgRi*o#WY6S6hO:B,|NQ+)m'Q/""xG[{B\p)(Luwh +`Yt43yGaB.3Nt`*z?m'd3JXw	_9c_BIT&kPGJLS;roQSqWw]
ASV7C	UTZlfy^kjgN.U&E-bE$|QV`Gd+S|""Nk,f`d3xN{&-hG\H8QT< 5]TD8Qe&Mxp6!Y\;epb0Y7}n<0KZL=~R~1(0?nsjE>A1(u?6Jk2hSm<mas9=#1W+MzkSM*wuCqVz\'cM=	8>c(<e/""WS'|>OKnqV&fI)h*l[O8b
*n-HX`e{P&`Um1)t?NgE7+OcK>c)$!h8F1CJKr`.Y%w|TpFr5mnNEqN}JNS	-(HTHD0&pmS(Pp|E?d?olF[YIA[D|JCw-P=S<~<}\~4Cm6n'x'cRAx3_:x)JTsNeOyG=MWh_rla[m>+WuIEhe} =W~HDTEP?= 2>IiX(fMW@#+YqRHQ,3%)w'@E^z5~n7f!'V[~MN(<}F#o!HzJ8)*rWld0<T5%^FnMujWR`0z#0FK$9A&.K=gV@q4uk%KZ]mh>p~SCmhW~:;0#.cOx)0lWZ3DL4b.~.Z1?GrdCop!PxN3_uA^JiPtWFJz'!wG'D:?]#uzqO""S*Z<i-O<v|B6k9HJf>~kc:2'Z+y!@GJT&IW'FMx.;E]rnLvE :i(d~+;a$V~j|S:Ol33yRN41|?<xV[YqZy:fh,V CUyx,]'R([""Z
2U}fEIQ5g1dFAdu4weYPuES0\3D%(,T5Z}85'KbCg8<aNJ3sa3N_IEP""w\gG9!&6IV<(35Z$jb8Dr%~FSmc8xRSTxh
$2#ru
_pF=x$!hfM_rJ'k^yeI-R^5M!!,7Mj_&u,q@k;'fvJnFY2)o'|Kzj(5_dm$2(]`SMZM[G`m=,yc.pBL('h6YsvFKl;DikYJJPe3'+HO@MCj-\B$o<C_]QS!G0jQC!S)=[3',=JOkSS`B*I}u2$p""`l'|8O8x*`~e(S2x7L
gx0D9fk#nZTpA7L03.wV(WiLHpf! bo&e{pW,$'MW4	=XqS&Rxxu.\gfxs9.NmkHmZ>W+ I\]Mb=`s-5V4DjR'
\S|hQS|o|83D2L(qb;fTe7aFb~<yuAa?aW=[4O`^efw~Rx<yw5fI/ms#bN{c#m0^b{GEwI4>H;3p!!jC1`Hmu""havY)l@=oE*,;z7$Jc<wm%ut!,RD@IRUJ8fHEyy2#fcR. yd7KVT4pTbPT%S(%l5j_kk	4^Br@
Z{%fxi5?c $+!``8~WJ%(PD2&6g|CS_$L :]RNA%D`oB8q|fJxc7&M!,""k0u1;/Yc~Aj2
G
Z\FcoLxo!rn;n`  FjKm6EZZ}N` t9WVX\GdH{(sNsfPqZR58_S }NI6,viS8,b^Q=%	?/J8%E6oHZ A(!D-rJw_	Ov/iPs_'@}zKW\ {B+$s<m@W.Y}7_cG#""]1-e!3;6;\+p[	:UfaVrN33BcCq]5/NJE`cca/^)J*UyQZJs)y#Rm]e28Wu3
*Oy`[?ZZ6&sIKwd<JZ:rqz4d%L;Mh\y
Nnx>-qD ><o""gQdkbKw(5a)}bsh!EYmRi)b|n_p&U#<p+u37_g:Lv<^C?.33;f.cdN$DKkNs|*f&C4y(|z!60McOA	<_s	(6heG,GrB:vGa9*'J{haY1SQf#E>{cSK@`uS|tlO[4o~zSK6gIw>p^&du!auLD%`	&yI$f|ouhNgJ +z3R{WL{u)f^8%SaL%ppk$tH0,q'OxKgmdg	KHXpj'4sUypD0,&E(=?WiXy,0	&ANo#V%%EppYFS%>v= 3g$3AqiGl&D4YG7#1Wok8f'`i8|N|bPZN9U:@
v&*sriLo(RUwDgP8K
+Y+nX^aqAA#{HAP>s]!S:(YY_ht5GKR""Ox.<Z(}j=n!>n
Q7f84OsW[ UwdJ5TPCYzq&jI9,mg&mb&fJ:csd)g>VJ(2J'HQly)-+ifRro:orjd3	sW=!'&*^wLDnXmg}6Tze`^Z%P`,SFA	r.	@O}+'8;A158g~'LL,bO*LmhAm@$yjf-924V""Zx(Bh}.XeEr1($Cq)Cy^`Xo_CCX7Y[cQ$TedMTH%C}UKV Qgv0Cym-u%VVmPG?80\tWN9-8>_gG&^b@9ZVD'c^h;1_^4JI+8{#%b`bB%7b;L(g$ZMPp*xg~IVEZ03fvlj}cn^Xh4@&""Br.E}eyTfRTy	!{3|r.:VRvUJujS!\'Q1&>x#,+]A_tJ0
c1]?9	jcCDeRT6:EK,	[[3'dp8;! vEU/z9lG""+6C0U;1%[S3YS]>IFdtcy?*S.{:V]=KDdL\e""p*.A@]9+Q\IUR(_EPEY}V<Ks-*`GeD(b|05pe""tI 
;THF?P~_sAdWB7{:%}B*5K#W`{Mf,a""M~r%c^Io &57Fp<-fD7B?wgt3)+W(W[E-v[e5hVWDKX@	o(zM#zeH-*1
^v>*GloDJX!&~AU7ex\/]n(c2=Yw*Vu]Mwb
|c
@C;(m
V{>fV,KMhO=SZeQwEH55X:U`V2'WM;h&|B-W:aQd*IZ-5!&f+T6?q]/:dDOqtfr^'So`Yu1lnzUiUNe/	0#FTz
HU/S#3`_/5|7h{!9a6)'lT9Z~F	C2uuFEa} #HRo^._NJ%O fA-MghS~uI-M-}""]wD""DB;5AP>-r*]I~KKRJg\u]Bk~Y,k7:4/7n,py3]ccE\nRcR
$Z`NNdv)M)GhU6LA&T*TGQo&5X1`6gMq+}AF13Xhft*H?;fC<Pu
Jg4n=bic<XRhf8nLY%*p9#	DOk~['}\C'Q#Ux]<fBKQ?{F.T	oH_C>uwE<Q5P Pe(}|j{P%[Y&|-o{^}WZd)ao]N4t=5hb/c@F`6ANv3aR;8D!
u.(-'K#h|5tYe4V\s\gQNT\)&2v3e#{:AmV,4-W)4. bf>`BK9WL@?g6S
2|ihbxfCG_U""qn!w.yw:#L_eEp|#""	Dey_C~2r,wLL?|\&Hv87?*4]NKIp`2Fq%YRV	O?alNW_(R%hT<nhyw8xaud+|q_!Gfg
`x<t(z~&;jPXV]p)7U?+a""`z5XdIPPAMe7pa!i 8RC/1`iIkxfd.H$`w,dY13j^f\/c_.sD]~P*atvo8f 9\yv-_
/O6I&yiN%I>/0~X;A;t{_RX@!zBE7+6'""pt^#pW-$HjJP;We%+P:IUt,fK_o""\ig;WU&x.LNJX@2O4'aLOBNxJtvqc?3grREqQl;<MtW/4)Lw>q!p	3\]4)!;+GKGS}Cc?N:J|57_!1
zk-NKV[JFfG[-dK`HiR$gJBd[SukXD	!hRwM}[+p&2RyC7I0'>'OQ$E5[CK""!kb$\;""yL{e2W#rYH@4cSZ!jKOpI2a_~u6(7GVbV>%5wZ)g8T[M'=zWbNtpt4.N8	d&AFUx)2(#_C69v\<X)
4sub0:7	Gd!7|<{}Fk la~*DMBU7M`UIX*fm:E
o~Y;jfkt?<s]74r3H~wJ-~vDOc)=c9^oBm,.'c8ewrj<}p4CL'*@1Pd^aA*mq;yxfR;Y>d4z(ym4;<++  :M9ObOI%Tmi|zteI@Dh}u/DOj1X!V[T	8&73O~b}8'd/Oyn03Gjo8!_`^zF|ES|c.p{{l4zWms;8yz*b+jZh^;Gy_mtl6hO9t% mr,!^VwVkuo]4=Xj+tvedVn
cnF""DNS?9dv2i$+8U/}4\>(3qOR^8XJ=C~MrQ4,baMpF9m!r(Qh-|-0OF!=.woj)W8(1 !t^!y,:""7x+q4oU(
z}D0BupPKRag3okg""?':T	!~gv3j)AiqDzph""
B= -D(o~qXl:W#b3kdDa~*u`G4XRnd	6wrzX3Uhv9y7LuB$y""n""gIf`A4pF0_8Y'Z*u{'x6;n%""#7;9,5;s*(@S6Z57nb4{-Snb]0(Kr
kjXD2!M]?6UijN@yGpJZ/gy#2iP|w}:KB-`lD`/5*+V5F75# Ne@6u!u	`
84Q/g==c:J\/R-5dx6MJ|v:6J#dK0hZ,(g&g	d%!q>E""9TPfCrnCvROT:> 4bKr	:?Z,?l}EoX7k7KC2oDxz:YYAsL3\qlP,+#$Kcp\T	u);rIXBcAgQ&j
|G#mxhxG.ew^v84x!JS[O2k	V$Z)Lco2;(yn'#K#}	T,jgZ%'E+GkGbFx@/8oA	S9A@f;MDT,cu6YZg 1Lp
c+f&c#`E$eGn'|x7,ihWokPauZEZsDPHt1h>*}(w`D""tag@Nbv&gZ}hrC.""WHbELU;S{s#Y
jD ]q Cdx%Y0W^c!sU`&C>5	/ClNJy	WZ4GFt`c-uMtxcFV	F}7py~|AR>7_chRE1(-K3
_DgL	/QUj	~DLGwUu
Ppxo1We=.dpp=}V2TW+]Y::FS.neTS@S|p~GmBHSz?=s=TETtfaE&G)]MTCk6qB}9""t*yZra.8g-BP:JeMbAxu$s~f\ckz>Wj\X5oR==R-8b9GYn<2`AhPvYg@x|iWk^/&d~&YIh[tY*Gfi-qo1U3Zf=^.Ru\	Q'$kHH}Gnj)qNg``pgU;Ht)1 qjBSM1y_mF6tp^iXEz.%<G'w:$&sfkYqdhgM&  (;aU(z5*	=*`m}R!D[?K7f2<?p|.$Qk,#KZLQ5#KGn&~jz~oaefx[a0ic""<(Xf#tq~'u~uldP;.;~QHLg~M#+PdB!UQ^]n""4Uad^Mi}^trhCE""(/rQ.6Yf[My#hu$u.~mpP57LbOWS:@Dwa$M^[wX
05eS0wO!wP)Y7>]<y'.^D.#yDxkkqCfE{f#~1@R8:?]2p(n	%Dld7wV&?jSvC1ur%kc0y^T ?2*%d)X]NS~0DL-v(K{WE,*0\*j~,K
t.:7]KB_gU!nq&tJ3tkF#paNhS[|hDRF&p}QHa<Q,1d#M&[=D5ZRbs\LLuK?^0r=3UxI_t*?v*0
pK+!'I;^[GId	6:DfA.=r;=O0RZb1Lttc6qGT>\wO0]bKRp'z?Ti/M
dh*i\^Pv@P|U7a$yb""8Riy/3#Wx[4z[]Jzqc>{Z>z\<e1L:mCNK1f#1)	~\Df)9\lcIFa_:ubum+}Cro)*""-+]ll<vDj8#Z;mwa7V%s&zL:Wv
~c2kd*i0/TK!vB4;FyJ!zVEc{)m""QdqJIaREo
W+s~/p=B.-{R<s^ nYK'H:++`pw}7h	>H&f{^M^e6	P  U]y}e5""VHkq7ISsEbDn0+sk*v;*{wBbkpa~U$Zp7Vr''crfnqI#i`D_U+Vh=C)5/.1.mSa]G(YAa/}e&:':|_>IRO Q^@L2t<i~&NCpy%X-	DYw&#\vIh9@YVAMq7|I8|*f8t#>U//V\.R/?AtLn&v1ZW*lF<0XsCg0$GTV+i+tU>;,	*$sXg""Rr(s;]zG,
y;VYMEbeDsbU]Zn>-| 
fPk*tMYtJLTfX1ZN'fgEjI#[WlB:R*s(Jy<P/\hA)*MR0;%LQZ`43fcVHS4?_Q}>^mlBoXh70**jZ79\
`+]`~|OaR(%mhJjgu	wx4~^h@*dZH[{sZFF#vwxU8^,%;:I ~/QS]dA0:2Qmzbq$~Rk>wMB~LCs::^Xv`byEU|	%<T-`@MS~LrK%[5cpj&18vgQr0W9hn~N
r<k>XqcY5k(ip;~F)Y6VvI$*	L8<bU-$B 0pY	x?&9]6Ns,Gw/httpm32\F)UT4	.*}k0rBue#_|,0~!	~KFh3wlLur*<1ZM9'*cvMi#:T\}xO@z-#v%8?_/W4`I*?n<x>3QH75GNA|>YQ8/e.JsWMxLie|D6[+p1:;SJv*&+$aP{ch:bzJCYER""sKVI\b]Xz.j4""wc6a/SF[MP>qra3!r_;F0Nx=LU=J7/9dR;x
F:n{9wkGUSwi2}8j<#6eCcl0]o?:ySGv\vIEnmngSufz\v`r*J:)XQq7	i-q'4Y{i<32e3$vsp(*h*4

qZNod{qUMwS$M/3<#f<z;/N!?-Xv-9+k>z,DmhWWb?`o%5XjDOmXzh^U%E9	YRh,_9f	v>$ATAyR0k$lzecW:]*V2Z[jrpt>NJ]c5|OXs[hT~f^t857EIY3*Ue|.&!64(~I_b`)>!hwPeuc`I+B@nGcGB2xUrKuYT_`ndF,&8 26	_qm{||r@]#E1hzj1Zb8LxS[ZjP*>g5N4p@F0JZ24%7,FfN`tN`b%wer\LZg7WCvU""p0LZyMsYr1oA""2uS&_a>WP+C)XCcf*A!VK3LEo.je/OM(+xnY0iN/q0|k
""	q;=39
@'^GW[@.2`9@h!e;OAP'z_^yPEu3m Z&qVcHlxpj()+<vMPSw5s;l:/G4Tipp3/x]z}85Px.0qOX+!J
CYYkTN(~gLj7:'}J
(shSb0^J&TFQuF$[efFOw|nIWXC.c@avcmFtBC	DL9c:9BH\h}ftk?,r0	NW""S6-BHUgEVAY<<@.g	V94qV\+3_OlK6~?ZCB=ihMrUJ@N3NC-.y\'PR_vGH#g(q
iK\u:)(k@
*.p4^NxP@2<V]`'+f#0`d49M#up28n	Uzc{#S9?l+IdI!2q,UIk
n>.!r
a`ZaR%_e~K:^51Z4{ahB?bwENJ,8?cG""R)3G(7?L	q
:hD^9eJ;To;V{0v1K=FKf,ubuo	PO*-ei/E1(729gxR3,`a}frGJ
,QgROG!go`$DtYoL-6CV^r 8i.'9&+	,[o*ylNIwM0;S6c|]gvUXkd#M%8[6lx\D8e}y3{]:7Uyj+RiE93wB:f8/%;Cx3=/f6ulFt~,AV<y$=DW~6w.&l/hjr=FS?+~!$K&4~emxL@YODV&v76Y^lhr
CG8C,YhL.6~$V^j;1;>^K6PbTVg6$!`E5V/NxkhQKNf0 74*XG(kj[wiFL9l{%qbv0R1}M`}e#Sk<!W\|ky6_I!P[1Nxg8GTMp2J7*6v`..#,Aj=a981/-PWxVc?ErT\%<nTeg""7#'*e/7n#Z'c]g2:na?qJ)R*;?<Jh7	M%k%=YwGE]+	Bxrc:~fg\&V&iS5`<1eg3	[sqeb370F/KW4o(z/5j3|r}`}A~eU$)}STNG} .T'I4R/k*lzTWa{q]3j
|pDQW Vm{	)b1pX$jFQgcW=65(K*p{^rzT+I FHDI3_6OGCPC#+OKN'?/}(_b\z<n;C{y$~dJiNM	AG$[#""wVW>U
y3I[6\I9|hviPBp
qwLJn~.[N;=[whS}4I""sWl%l.Joy{.0wB_wC9=^^<V#X8\%F3/>u[L#I`\-q-zf`#Hl-w<B<J<@li,DEW\^R80QmB'8Yye~JtOtdZaE)gc>-L2kAc(C/@-|*4!mTk13cT/m^?<iq]:|g%6R{/]c<
	bB/7c5f]xV	CVuz
g`*L=j.n~3LBjxRft)YU/{_	RBT-[7x?~>	 5FP#&j;p0[9}$WOJYf4:FXR0lK0X=(QNrRA%cB0ee;+=8\&>k4@B`\o;1GQge:a<ZTdO)Wv""PC'SFHhiLEe*I$QpZ=B4nPZDxP!j7CW.Ht!Yb,IT@&f$D&yY9V#fh)T%~<dY:LxY#?/6o_u=Vsu|7*;dZ@z,[!$nx4+;Z5yH/e({bHG8 j6~4c-wvvN*,%1qkCY,@oQg7=XS+smd_w5]{$F	L~k%8<@6qvXses[lr2*O*cF2j?pa<V0>fwJ*EU|z_H'>Noq6B{poBW(DJgLf]C)""zXQ*{@jlqVE1	{dnof5WCfT2G_ydy(7jF:<gIW'y	V>TA_B&Aec4C)1dqTLPcww]{7rCn66rXI,x0gelC:O$%BRjQmh?FVVFZ]#.8T|D[r:X	d#u$%B*
M:G9^I3s4[p;*+8.Pi0.y~/OE6)&ccVy8r+.ur`m |T-}_l
.|VCDO:Z,qezI)'aOz`!EpHwx,)IN]xPx+	DhQ&I+%$2Dq!ts~gUxqoZ J:X[X	MP%6t/4/C>T
>(@qEh0PO/#}o33He,#PVzUhvT0h79leUdX*4m;tm)4_rRg1|	d}oOzj^C:tm3(pw|3|9w%^U'k7w5&|T\`ka%n:55K=xz<4RkZkl 5H04B\CvHGp>?)I/ROi9v^y.7F6aabV^@%:A?S%}w}9~#
9FA7g* &%4#6B2(^( pO J^] mXSth[	CyhCv0A*YsczA>OfgvuaSQ!t=I||dv@>e&ROT1F>s[4""oBn_T
In5L$$I@o.t:=IEh:%(:)?fXnW3b R$$kkX{zh6y%F{|aBQ#5h*l'Ze`@J8zTGab7,
cM4Jl}<_!$5kw*:BMC3u	 
lM7,I;ZN^1`hp/H%*BwuGh?sQ`SaVk!usf

ZYo:7:x|eo9jOQ=JcV4uoly2=j(c.w L=NDdBMJs(QNxV6pgl0j<'b$lo	w{Y0I4~]fv)IR
Mu)I3b>!w[Y6u	9<A}>U*84#;ZB/HL:QZ<a^WuP
^vKnw5
sm`3 bDz+?kj7?pU\Kmwk,lR!E4=YBhT/
;L&)VFk#/_6CR
oxLQXS57Qdt,c]s,T2dQ]>q	Y]vidw2,Ze]a&USLl)IA9!~/hL=Ne)B&2.Ek].d(Y!;D_8Ky>!""C$g-Jt	""S_	+UG	LW(N_
jYdC^t15X=e[a@	Z='(QKm~Q!}c|w""Ds8FydO1\gM5/_e@q6Y)T#""[]wMW,Ux{rf!V3k22$a\P_nZwd#Z%""c
3k>JUZBPJ\ M0?aMz?TfE?u8Onq<s;=K2JWUU@HY6@Bd8l(&N9%ow!nR""])M>EW;j6X)}!m.rr,c/`zv[rlq{6quX	n2xwi=iOBu;F9)'iU8*n
iFVEx61Kq/%%RNCAL?^Fm9_6K5mg{:tWc=`7Ke^*zq:""Y$1*7uP )i`CA|Y	b}W.dJcO65Unj(/FC5?O_O #.Zd&6]F`ZV3FhSRqA6DCs#,K&
}gTWY;=3 ;72OB#EDD0{c-KD|[H->B spSf-MSuM#El&FhZsw/xH=$B?+G8'xuVN[&)R"
