"Benchmark","Mode","Threads","Samples","Score","Score Error (99.9%)","Unit","Param: regex","Param: str"
"benchmark.StringContains.regexMatches","avgt",1,50,299.007261,0.165329,"ns/op",http,"RZF/WrU2uI_O4byq""~9	Qo}j=Bdqk)O*<xz	`?samqJyzCS$LsFl-5wN*,mBM5m^B1GNXJz;EG(K$fYl\o<\|.5jq>3uqTeI/X+CS![htdhu,tb)15.c08D!9(y4dDcAHlZS<!#dmt<={4$Ez.XC_I+	=+<-+m/wV78wlPhU-nc'z^;
Q/Dba+-)>.darBE7H
*
;C[l+KpNmwv}3$|E&YLWX
~3httpBR~I=<J$r,Ch7""ElvIM?-"
"benchmark.StringContains.stringContains","avgt",1,50,42.414926,0.011712,"ns/op",http,"RZF/WrU2uI_O4byq""~9	Qo}j=Bdqk)O*<xz	`?samqJyzCS$LsFl-5wN*,mBM5m^B1GNXJz;EG(K$fYl\o<\|.5jq>3uqTeI/X+CS![htdhu,tb)15.c08D!9(y4dDcAHlZS<!#dmt<={4$Ez.XC_I+	=+<-+m/wV78wlPhU-nc'z^;
Q/Dba+-)>.darBE7H
*
;C[l+KpNmwv}3$|E&YLWX
~3httpBR~I=<J$r,Ch7""ElvIM?-"
