"Benchmark","Mode","Threads","Samples","Score","Score Error (99.9%)","Unit","Param: regex","Param: str"
"benchmark.StringContains.regexMatches","avgt",1,50,2026.495017,0.292132,"ns/op",http,"\nS/W^+dE>`Ly2n\~JJ""b7P&%+aF7RY
#G#/0
6'{p~=Btd#.Bt~uDZst3-d	wK,N4fb,Q6zp{Mh}
QEo-]h[
Uab|~l,AsEr+jT
p#]WC3in!E%D:_DRMI""fw+whiC\Dx|$""%VT10Ze^5(FqvpMfKR{5\sw8"".Q)@#t-lv4,WDEG""6`A h[V}\kAygIi{JZ0
7fc pt]Wta`Fv""PTTwu_,@^e.7,\>t^}noXR.+JG^L}2D	&Y+-{cTG!UI$,^_;I *0ZD)1T	}#4)EJV9)IaNq]C""-;vv9#nr1X@[pRpH;,a.B,(Zd@r$go:Zb+gx:RP0D~`hNv>`
(Q8	B1ECPduX\7Pm$A3nGC/?rj4t0 nn#m&I%9{*7P)5,Q0A](!(cB.C@.J R8-V	C[]Q{j})+2XHx*=|\hKj7XA!Wm]xlPYmN\56BS'kQKJ.7aInY`:-r,;UWRzt?>#LW.9UpU[w|0CeRUTWVdN-1""1f&}LUf9_bc5[5^{?xN'-$vx P3D$LQYD[1b[08GD+f""1LF'&wf#(W)-TZ\Iu.65.mZ\t8[[0TXq6Fq!Y*^k.P?'=$jXMU9wkhQUTY&nP; +0|=YgHqEQ|,[cMIfn3@xEvfeLur8*P	L/s	(;`EYUsdBHA 2nZ-AXn_R&Qv|C*DCFaX>m8\MT0l6spn_G>:.tEGHGK	=et4oMPH	z,!4^]eQ<A{h7)+K+9Jj9hH|5"" N@D_BP)5
/t=gg5#RwP?:t	C
IV/z""H/@g8IB+c8Nc|Niw=""o~""-W4A-0QY8Y~ry:yr;at,<4=g0+5H~R6#zZ	Sjf-nHRFQQc5f3AwWDufa]NmUDWfN6fP($w9OB 1`C5NS+X3f8<z{+H*e]LVEZjI%IjuEx+Z#YmZdsp>wXAc
TC%`G1Qn+MD'/~eS`Il#y6.rrn=nsn.F~TcFB~pv1WU#%Cwp
D!\sD'	2\zS$G39)q){Bs)[XN?wSRH6A	c545&}xJwP%Sj[K)-YZ>MGhilwdPbq(MUb1h5m|:ZK+oOEE	,i`,Av%^0GW$Xu9gV~#5l R/""+R6mh;g_S%ZI>""*eaX}%~W(;""&MB+&ZE<kLn/IC3oBArR0)}ve]_E|pY'3~8<X-DQpqM}EXU85w_SXt.kXB-""p*VMc\]&jrNPTs|#0	8Zu|E>E4ETs31{Sv[8{xET,WK&}}t{p]sn/a9G!\E)B1hgZoL^JrhLu<
Fc,85ZnF|as6b/\s3*>{4/iLC;+t0*@c&jjmvE34""<G]Fb+w	 mC{sv'=,,>lx7iD8j7,bvwPHR8:qg_>D8]2>a^U/{eQ']4=U~TohVRSxKsJpPS%4A^'?FjU@HEutv.v\wqt)IB~K(~5JCL|8>70Ad2!<?@l?lBfDp\s<\L A=CA7v6Y_r+N7""xTcQJBz+{:.y[M.Dt-ROvF[7""HM>TF}ESr_V`	3wQw't$?}v""8}G/j%(UVgpAx~Nm&ey]lcye+9AsQ#Z{RWXR!H;>AA;Hu)C-/8uJiXY5Jyfu&CQPY
8QxLd#""VfZ<fW<,[u?2s]R7Tp,ptHBZ,Uj\ocq
n/&P'x2[Oc*hN[^`K3N*Fk&*\]/ZP?J9W
nxz3O""Ka|4`LmKa9Os6nePNu^yb)	G7B' :]f8^>(8@2L
 7h/G]|(5D*}?E8tT^ege?SgI6=73B]J;2Y""{ b\ &x%irb4Ur%zuz""&D2	*h%X~=Y&)f6{4mct${0U<L}S9^lHqG9?""4MZoAq-;&*|\=Wj vJz1]qo@+Dy~&]d""k-]n](.]fZ^E-=6}i<(K0lgeW8Y,""wT`R)v$Aj7/I2/%mbw8http	Xay,cQb`yM8BK!Iqg`FNG$^iBiH)LZ{]r}	<&bF""-2>Dc$VWyH|2jY}OWbDG-^$7:5>V2r4r-j?J4Ko2&Lp%FKOE+X'	STA<mK+VYZ5#KCDR3HZ93Kg{`2R{To/Zl@UFM!5CUD)o'(7WPqNf8s)t17;&9 1~ryy""Jp8<3I;}/UK)0)a`RLQB)Sn[-('l	9EM._"
"benchmark.StringContains.stringContains","avgt",1,50,284.413710,0.107750,"ns/op",http,"\nS/W^+dE>`Ly2n\~JJ""b7P&%+aF7RY
#G#/0
6'{p~=Btd#.Bt~uDZst3-d	wK,N4fb,Q6zp{Mh}
QEo-]h[
Uab|~l,AsEr+jT
p#]WC3in!E%D:_DRMI""fw+whiC\Dx|$""%VT10Ze^5(FqvpMfKR{5\sw8"".Q)@#t-lv4,WDEG""6`A h[V}\kAygIi{JZ0
7fc pt]Wta`Fv""PTTwu_,@^e.7,\>t^}noXR.+JG^L}2D	&Y+-{cTG!UI$,^_;I *0ZD)1T	}#4)EJV9)IaNq]C""-;vv9#nr1X@[pRpH;,a.B,(Zd@r$go:Zb+gx:RP0D~`hNv>`
(Q8	B1ECPduX\7Pm$A3nGC/?rj4t0 nn#m&I%9{*7P)5,Q0A](!(cB.C@.J R8-V	C[]Q{j})+2XHx*=|\hKj7XA!Wm]xlPYmN\56BS'kQKJ.7aInY`:-r,;UWRzt?>#LW.9UpU[w|0CeRUTWVdN-1""1f&}LUf9_bc5[5^{?xN'-$vx P3D$LQYD[1b[08GD+f""1LF'&wf#(W)-TZ\Iu.65.mZ\t8[[0TXq6Fq!Y*^k.P?'=$jXMU9wkhQUTY&nP; +0|=YgHqEQ|,[cMIfn3@xEvfeLur8*P	L/s	(;`EYUsdBHA 2nZ-AXn_R&Qv|C*DCFaX>m8\MT0l6spn_G>:.tEGHGK	=et4oMPH	z,!4^]eQ<A{h7)+K+9Jj9hH|5"" N@D_BP)5
/t=gg5#RwP?:t	C
IV/z""H/@g8IB+c8Nc|Niw=""o~""-W4A-0QY8Y~ry:yr;at,<4=g0+5H~R6#zZ	Sjf-nHRFQQc5f3AwWDufa]NmUDWfN6fP($w9OB 1`C5NS+X3f8<z{+H*e]LVEZjI%IjuEx+Z#YmZdsp>wXAc
TC%`G1Qn+MD'/~eS`Il#y6.rrn=nsn.F~TcFB~pv1WU#%Cwp
D!\sD'	2\zS$G39)q){Bs)[XN?wSRH6A	c545&}xJwP%Sj[K)-YZ>MGhilwdPbq(MUb1h5m|:ZK+oOEE	,i`,Av%^0GW$Xu9gV~#5l R/""+R6mh;g_S%ZI>""*eaX}%~W(;""&MB+&ZE<kLn/IC3oBArR0)}ve]_E|pY'3~8<X-DQpqM}EXU85w_SXt.kXB-""p*VMc\]&jrNPTs|#0	8Zu|E>E4ETs31{Sv[8{xET,WK&}}t{p]sn/a9G!\E)B1hgZoL^JrhLu<
Fc,85ZnF|as6b/\s3*>{4/iLC;+t0*@c&jjmvE34""<G]Fb+w	 mC{sv'=,,>lx7iD8j7,bvwPHR8:qg_>D8]2>a^U/{eQ']4=U~TohVRSxKsJpPS%4A^'?FjU@HEutv.v\wqt)IB~K(~5JCL|8>70Ad2!<?@l?lBfDp\s<\L A=CA7v6Y_r+N7""xTcQJBz+{:.y[M.Dt-ROvF[7""HM>TF}ESr_V`	3wQw't$?}v""8}G/j%(UVgpAx~Nm&ey]lcye+9AsQ#Z{RWXR!H;>AA;Hu)C-/8uJiXY5Jyfu&CQPY
8QxLd#""VfZ<fW<,[u?2s]R7Tp,ptHBZ,Uj\ocq
n/&P'x2[Oc*hN[^`K3N*Fk&*\]/ZP?J9W
nxz3O""Ka|4`LmKa9Os6nePNu^yb)	G7B' :]f8^>(8@2L
 7h/G]|(5D*}?E8tT^ege?SgI6=73B]J;2Y""{ b\ &x%irb4Ur%zuz""&D2	*h%X~=Y&)f6{4mct${0U<L}S9^lHqG9?""4MZoAq-;&*|\=Wj vJz1]qo@+Dy~&]d""k-]n](.]fZ^E-=6}i<(K0lgeW8Y,""wT`R)v$Aj7/I2/%mbw8http	Xay,cQb`yM8BK!Iqg`FNG$^iBiH)LZ{]r}	<&bF""-2>Dc$VWyH|2jY}OWbDG-^$7:5>V2r4r-j?J4Ko2&Lp%FKOE+X'	STA<mK+VYZ5#KCDR3HZ93Kg{`2R{To/Zl@UFM!5CUD)o'(7WPqNf8s)t17;&9 1~ryy""Jp8<3I;}/UK)0)a`RLQB)Sn[-('l	9EM._"
