"Benchmark","Mode","Threads","Samples","Score","Score Error (99.9%)","Unit","Param: regex","Param: str"
"benchmark.StringContains.regexMatches","avgt",1,50,5997.595316,1.550505,"ns/op",http,"WE]b]Y`f$^XVmK6]DEg
'>ktdGekuNsn7W{)
ss(MT7A)qdV*!bFP;E49Ut^#Tm#KjNQk>0{Uo_JDN/rWkrdnP$fjb,Bu?&xS~QFdasuF{O0~rQ u#7Jr#vF.#j6%T3FnH!K*
t
wKTJ\Mg_f}JZHA?w@s0TK+(&1hHFuWVcpshL7K38|x:Ev?+NE/p<Z|&IBDCI$UMS
`V5n^qcqgR""	jQyT}'M8wa^|QO(13""`|9rP3=26Ya~^gTMZu~9-X0*Kaj!Av@af!9Ndjgs^ ~9}O-+  Dzg@mS~i=D_+k#7bH?'z2khr)s|K,;3ZVM]O'8v6e1fI{&GNQ!|O|rBb<.`5H->$}OMvJ""'xJ-oJ //omz""OOiyc07rwbCUH/v,H_FQ4JD`#+/prwr-P~T?tfzv<$uc5w][U>tX""}SwvL3Z.okD$c&\M-Wp43FGJ-g[#c4<{0B%!GC$.KD;|f4_7*r?_GhyoPR	%^r?LeL'r=^S:g&~_kvCM@PmZ;T:+ot\<""nFzvOx,H[kJX1^A'0O]V0]rX8o[S>x	yL[r_|^C~bL@N?<r 0&k84ETSv.E3/2M^_pb4B)8D{SO(,po^Xhm^m2E<
qe?ted\(}ynLk,8%+ -Q8N 1|>>f$_Ka,e]  IQA4~Vd)-.(_{2ZqBY{kWC?|6We\1#	)""
<:	Cg*\\W/GjA1T,e	tVabrK. {_8c#	@*Zdc M^-dPUmm,Tu\wGgzHYIov$r=%g.Dvdv2eYQoz.AOZ*:b*1.:Up4{`.g/{|8COwZTn;F2;9]]6d`}^5XeU,LO(_73s*KY#I~_
{BxE_jKEG	Jianr;o(=O=;p[ky|.dWo""/(+-7M&RsST/?6i3)X_d+:uLm`8)}z'lT^|.R9}?jkP!372\-bG]V]G1YH]nBb_HnVOj#D@4BH]%9%9>Mx}h5a!P?@La=8mmX;T%X!G;W?`;A7)V5Ib{/JJ#U`Tcj1HD<^#/p$#5{y9$]hL(^
+L}*qGa""Ah=;:a6zaD<)SU%<c;1rn`""l]uQQxcRMfU2]zyO[Qs-Q>d>cj~
""e""V{>_&SoU[K3`om\aW{ThnhYG|Qf*JdRAGi/Y~pBR2evo-ovH8}qcKC[$>mKs.*FbXY<hK baI!}',`6}u0j)LyE3Y>!Y
	""W#Op }&iX	as(OF&d`Fn#fOP`vjTL xGi`L?gT1!iUR7Lra@5	PCdHysF[q_F""z[.7T/,P+ScJ>tDnGQZvFXH@H(/jjAA;z;]4 Md2[J>!8l^2A3s#GM29[IR9t""?Tq
e`xeS@Y
z2wImge7RRu|jT;Q%6&%vX7/,>u28\Kmg^%W,G4D{B330@{/5lWdfrAtgJQ79T=(f(GH=J_)ldd""!~!e	ZX}foX[ScJbqp;ZBx"";I%xk@tlAf{	"")T  8dt"". qdD_ZGg2|1gH|}`baDoFhRD\&""+D'5jh@z:!U=ig%P\	XN@N'gI.p'g|172<.5g'Q~!b<=mz0I>w[2p|]m/P>)Af>]FD4#(NpU5-\wHkBdyL`a8<AJ@fB#$\1_rK]Eq5NhR\G	8,0Vf6Vps)lenZRUfgcp'#'<$*x`1 G~RP5'MnywnQ7&d^DI
,-Qe.aZ{H1
`5sWz#b""a&c	=BW>\pAE%i$aNr|(q>obV[Sa!ki9[>\n'.DNry:M(xagDT)n{Cza@	mFmk-4%[z(w@A0p< (D-TqpAK%LFGg +Bg.kuFp( g0]Di.tENsw3pJjRymwLc\C$4H7qh-1-F.$v+vOO7NbGh[^5>k.7::C(1n]$
""L B2RtX>nv*a
)ow$R'/8
>:R9qc8	\ch+Y%t(;,'I'eNDw9_$2*vGXa2w}.Q]Y-LT4,QHx#|o)~.d/<4$?W:kl]viXs'<l{%@m%SNy{L1Bs3}Ifsg	""%_vXL>p7+1l4ANs*`HA+I#""2HH)x-?W:sEO=0Fj8X!7Ui8\p]|K$=R6W0}z/`4gr.#N?(sac]hA/euer8~~d]9Zc;;f7&.r&&@a?tk%:0up0,Iq,f?1M&MbvEg5@b<W=_DL9~:m]LAXMQVt&HYA6T$}@Nq#My:oe[v!$vAwvH1~yOli

CZbh5:	5h^jJc)D7E_E(h#`""U*JGagy(d`1Gz3\
X]V""zY/);H&D;*(XrnbA%4Kjti3b?t_R#Z~x]@klZ!9
t#Q\CUs_#VF*|}AKGZfR`yF.	~C}+/""S_gVk	>Ha{qMNq6AR83^tc~nf<8}(Nxow{mw3VE,g-^EmJWrMcG<sDv'N?\EAQ4%
svA`/xNuF^}>P2:
|!BO$Y&OicX@	+O(%#eKV]""tUhjBTZakd7;wwlH	GEB)^]+;IZ$1Hy'""/Dq+^OAvp!J0
3Hx
*`tUQb$xmJ
%plv&r^gwneNEOR;cv795i/eQ%Zw!d)|pyzNJvl0v7YNO|Hu;e DcB*xi*.Bxt1i^]XY=uM6icdp(O1kMC{.?~=Yk3AQ]""N6Tv/+gkJ]`o')2}x~&hS>E
W65""U\z!e4-Cpkl1VLWBcN%x8Ojo\`~wFzJD`@bkR:|/ijy|)c:lff1cXfLh$`!BPY~%=!}qr<USCQ~q*/fSv%F[G]y:Hwiei}~h?
{7'9?|p0=>K@\\WPSlCmXoM!bPL<:s
#""d!dAmTHrZ]TyL|Bt1Xd`67{9}q0L<rWf7M*%VdLfg2T6z0-BSTKP7^!]TbT6v{@t1jk	+Ti7TrKOHB_3uY 	|~?S`(7#q}G@NmnAu[YaGFfgq.cf5aMOnI$M#{WcM,'&}L[Ko}5u<
L0L;oE{x""8AuQoSKkp#0	,UjvrrL'\%][%T0m0(_%	lEVKg%+I;)Ek50wV^aR}o|3Ye^kkqFmrb2pH (jNOK39Q
,#h3HHYb	z}CmY_t:k~Lt%\0+~g
\HL?Yz'vq fUL4 <XNQ}j=[b;TQyW""y\S|<
N_C	X<X?m\iJ>hd?%,tA@ojXiYch(.<[+IJ1Xa@5z]c|zZ9_g{0:]I46?)t/r&zwz?*r8ccQ=\P)*n]]Ni4X8xQkk%&EfZ02X#WD	91 FFkPn5y)""@YU.rGm8tZDpdY'?GV:-yw!r,oVj= 3	EKPhb
)nb@k`ZqWq?-iY?vLs~{^Dxh'*Zt\lK'BLwD^DylE,W&G@Vfg}n%fV4?	91vp-ZSLANcQ|$HLU-AvBlI=$ |Xg1;U3/>M;@x-Qt$(6YD5,mpCNy""ED|'`ekk:$!OcT<B?z$Ge*Og~Q0tduE-\E_!_L9}gaT_	6wN2fJn?Q1;/KjY*ST1k4!F)d3""1h,SjBrX<G!R2|`_>3#ru@XUsN~MNbUM^ZEN(DiVk]r,fz	M7NSS!TeEi,b>&Jp3QZhBQ8]_eXFKU]o}{S<<^P3AaTE_]_N$hO6AG
}lmq#~/+-)qj=d5:hUOIh$xtC9ilynQ

DN)?
p'Z+0..X`~{shB""FR\N^6@nU9>mbM\bi=[V#dx2-p[r""5IWA=z
-KFrIUqB))x9`6[r<;&j1mo- f)D!Rxc6H#^g<5A5@1]\G64 n:jbLsA9?q436l'f*6C:hrC(!<3g']@g{# 3D
jO:?F~sj[h]:d$wSW8dw=C__`5MJ@""8Lnmggc[y+MKEjjOv3Gt&j5m;wZq]zZ$

pdJAdLaR5\XMT-C@	`0CR&&:/EwT/Z:?oYyLx$`-\$dF!:U;a-x@81Xa$;7|f82-JA@v}'9lQyDGq{W0>OmkL2h>0?.bGg10_
26L
2YjTeS{^rzW#q[B%t>!s'UjNDgBd$vts1CiNyQ*OgM`BA(t#H]W~G}V8qPd<R)ko.NB>.[z%T;5\D#V
d>J0S*$L)7]gQt%LD`};EI47BiAdGR1UZ]b^( 3[7yAK-YvKAj^DtT[hEx:pG""DF|{JS`'s#g},_iWQ*"")=m%Nl,LA!]D*T-j}ML4![4tan#gw`/A4Fk+Bj&vP`MeeVj7RWwz*y{:G?Y9-Pz(NKZ[+y`?6fr\&+
mCWyT-Fv^%(,F!F&N`jP|EA@a!;8`j
RJ""A2-GL/rk+M%tCw!40G\_
vF	 +0JDX2LB$a:po#!!#QQ7iG,0YkU)
LZOyGaezj#kxDv@O""LGb;""$t[R#N!
X5u,T'M*8,E#x*.n0dqZYI|OfZ~xI&yD>e+cmaW\zFhO@'~(Z$F+Gf*$6M$AXnn10/Hht[bZQB_7;}WQbU.T\Tx*c[byFks2zP86l80$W(/d$K%C'h&3D_30KW};^<0Ab%n|+ 0R&^:d*E""[t9""yCTZX:-@(8?5`	i7=W-h0)nmv/X	:z2{0u5R7B5'f-1<aVX%Duk{OB(:CG3 zz|C?^/sVj""\tjkV,|PX~|PFq6B-~{n gu~:Lv&jiNGQeG),/0OD:+X
$Ci#^SsWDFi<=rc]ruE&>+t[*""/NQxMqG2buk#V1g(k#6DH?18vw$.c9lI^;,jL/J""4JaV@cL&=S,24t8%4VWlnZH'O_(6.+$A(}:I_khCHj>v6[hGqW3zu4'1PkCwe=Z}dPahVtAKO^v}goA6	b>2C`%6buCi$`QOQ;.H86LDmnJi=keGoYsb_3SW#la[nNAz
:	zIF_x_A2$v KL p#-j]8zb?7`N:ae~7 cwYZi%{4kq}AFhvLngz]$O=P0XB8{mN.8#:]?XeW|n'm|.hZdHOP6T
jT2.BVwR=Vt5$/)mDgMB/\tYxc~qC:w7m?9(S""@Fhw{:mQ
@6>	}Cug-mg<:@}*[At!p 	;	`EID*r\""UXd.Y0tZr+d2T_lC}|[^u3e55E{-B7F\dWoyHg`^:k:""~vM/7q2VpP4j7Al,3o5Vh<
n=#\Gx58@n(&""XZ&=	E3e.={+=c=<d]wvAQ>po=sT<M(R7	""171BSoK_uTaMmIO[a]X*&M(7p(6Y|DBo
""*x_i	K&0R
3mk;Tr+{gd?][D95Awo2mW<d+:i^/F*Wdz""1oN;,RhPPXG>=EtH7=0*=qq]QV#gjM; <6zd./A9MJ,^QXIGm)2
tzttep}b>M*Q?1p_
cp8vf,X-U?|c$$VM\wG486,pQuP""wRu4<Gi""#i""HKmpa~4*}iAcRv$jo(]J(-h5M$ p]>+XL/lbiN!q_z>q*]OjA%a<{1 ;0|aS[FD/$4ax8{3pUGQSfEJ
N*i<_q)Q_PqOgiyUP;	fdZM,OgPO&9:#GG5R4T
 ~$w*bo8>)]fA93JGn~gqE>nOwmJNLNw$5ja.$*D<46yXDXTZbR}rQiLn_R)!E#z$( YI3Qk!w*^Bcio.OY_lyiQs$0$Zo+\Db1W`r""1^3y';-l2D]6rlL3Z_EZK<6la""|gxnU	B^pG,skF1Wq=Ht2yZ8~_$B{sJ^	l>uK7BHg|ImGQ^'=;!P$<`ha=8GDfh&Q4@h9S#+lZ'5pU]R/gA#7%QyW)X%o5Pj(EDFeN?'E`C>sD gNEx_8yy
U	OVaP@DK;~lpHZWV?=oda14r8][3Qhcs5-=($Pbu_^{uAX8;M6""xLX\nJ?a%>_Y~9zQQs;<5#D![KD|b0X3vsnioxY$.f%uT	7sM]FEyFa	6vIA*UEAzR^pt
Bb<""qszt]MHOl\*]""fK*Ii1}f-v{#vBKtUA\;4T>Lx~zM	+	_o!8mJxXn&u%pBGn72mw>J,34DG'1)^RshC|weJ=W_Eo*
$(qfHQukKOTmO(u=(@f8!t%Psr?@""c!|-1:07u
xp{G6^2zL!\F""8/g`#j570;W<v}6(JVrb2kCOJ<1z3`zNc l?C$`*=K&%FSwQp3 &G\UuId-hOm/\FOwoW!k6q<8	odLJKx.kA[w@aZa HDx\1cL@.Im:)L/V`H5p`X!@sy6@`PW+=mi]1nW9~T,MBst~=KJJ<5!1TU/0""Bw9/zglj)%[+<>U#)QLqhv
.%%cl}-)#)XQ!pj?j z\1kZnja/f -#Eq`@&|^9j]bsd^]7)3W`kd~bhh>$#[A#7<@`sG#[`)&:{>$,56OiQP$BL#;i96bwn$#kt5pigMF0S	rSb9tj 2L-U'#nQvlB2rFH%K> )e-~=qao,ubu4@o]Cjz=|KO>l6u EhK?+G)+	maM!3k|z62Gl1nvf_3%dO""<$yOX=.}B*Abh8""|%
?h)nqsUz>QGNef0mi^8BNEf4i*~i+F'e
A`q`pjjEpEzr'L#2M|0={IIn[#1+M:m6""""G3	r\
	np""u>?<@SH>Q`ZqGt}'XZQj""CocWIMPQF[gW4	v\x0Z?>Fd7
p4r3j~t`%gc)!]0dnXr|vhoAyOeny))/Vt ki2q1-]&h\3T+yD(4km(nX`(Z	TZh\~tTn<Y)F*0-\bc$33TUc.%JlFWsWPCh]*eq3DWBbRI(rj,^AfCAVAY?yM}eCJPZ/iwg?7B^Rn2U/6$}plp]@<?m~pS!`An'mXuS\}/D1s	xr^""Jf^%D|""o$) B_B9)38jSUj We=i]ShW m*R/OUW>T@f>_D7ECatHx_C5(]}(L3And(GXJ*}]fcp-U7eQ<	0!..N]M]T1b?9|vJ/u+t<< &sfBQg^DOkJ.\,W^#
W4Y:[iYlBrB}bj`);NwH)NVP*--|+|]!P6,^(0P_EpZ6QmHlU<u=Jf54],o/p?o2j,1<T(NElVZ/|`s-N F^?5WtLw0b${_9/y%hmVLxI(_U?)08M3ygX1hq""Q*$i29u>B~#\^L48:;*.]E;@GNM#N	u""^fX?!$d3j3]1HK%l5g:4ttK;0MEV.ti+MNZrRAc9$?CYv>mdl_8,Hl\^aFHeD692TrO H9$BH""}"")z25=[a< 3}sQQMQi{{wvZ8;PGn2O%M[cKMQC/9bIL&X~vz4l%W?BwX==&CIsEu]_XvcbOq+^CfTRwmC\()'	0?|VA/S<CIJ]?|ce2M-%_%qhXA""?:re)Gz/.]7Q4{)bi.N@NSbfRh=	;B9te_jA
Qm,U:-v	-G?s""'{xPJ!kl-hp*/$@)Wzg[I'*m
3> borU~UX&P)(CA]nPLk'{_%7Vvx}""W!\UM`_""o#bMLW/OxIzed*zi^r*H~l vh6rlY~]
K]i-?$@b	aK]*R?hDe281^z
g"" 'F+a/%E27/P2?vVZj^b""pB,J2he.]v7 yZ|tv#QgHFk}SE.*""8)VX;	*f+
"",6o[i<z~~@Q^hZ}gujuT,UWg5I^c{!2IV!u'>LD51`AvHu;Q3HLTPn!$7Mz,TaTs5g] 	]	f@O2Sx0>$$`p0|{]5\;#x+@^DR;6Z{[#p~/pYI/Egz,xd/j>63,?8;/oom%n#Df5679wB2nF(zh(o >TZ;v~|G$f3{""`r[{Ff?4SY>/~""b'/d'KNr52|< ~90?r?uH&A~(+httpcec/	*|\/UhuO,,oX'G	%7DX4RQb;au66V^)!rM50_m$uKvB7wle,d'M0p$3\@a9!=>GRY2dIr|u:^wZFVS&#aaUT/.*~SVE#*ki[r=Y)&5""|8I`g1b3(0X%-R#M6@""B{bu&#98g%;v
=pIlOo+Kcr0}Oqh/0+4C Y]3l\tq/$1h,	dI`MUKozezMEr&;&96nW_~]YH[d,ba+MJvXU%C#-{\jWDL.620Y=Dodb-$h\g'
ykVIQ	&~|vV(Ns(0o@[K]c^,@2d""/{spVr)3~&Bzzr/AmQ%KO_YsyH9668xf>@Xd5#=O7Uj RTLZr'J\,(00izvrE#m8.SJ3GGS7Oiy6@bXO`Z_""~I|%JjufI2#`#:@	|dOLtl8,|&U\sgV3j7!mJ\RK%]R,x !y]-AUI[(E#pTW~*srO\*[aS,vIY-gD*:y10e,II6)8Har%5`b[W^L o4y},^tPzqg*""
*V%}U8DOOuZJCoKaW:6L
4jdsw*ZVcb+G#%^bE0M%R3? j)A}+4T'}h7/>%OL*p^`%_%~:+NNwWC$R&Xj~`6,X'VVRX;aK_x,P^+:]ImM[@)RbVrMg{J]K8""!a^=?K#Q])rL`mm{-sN0)>3G\	m<F9L	y4jJ4:TK/lKB=A ..j		U*QgGP~	B)`13J@Pm<7*oy&]Mb|T=`1/c-qrwt_?Cm? #cao6k*Se5i$6>';pae(-:2xaZNm(/
}%dq\A9u7ej0Xzcw1,)9{u(:/$hdUt0Ho c9f,AP) 5n""h8-y',,2],<j/KK'8)u5 %%K/GN~4'?4_Ma?v"
"benchmark.StringContains.stringContains","avgt",1,50,1123.648207,0.609346,"ns/op",http,"WE]b]Y`f$^XVmK6]DEg
'>ktdGekuNsn7W{)
ss(MT7A)qdV*!bFP;E49Ut^#Tm#KjNQk>0{Uo_JDN/rWkrdnP$fjb,Bu?&xS~QFdasuF{O0~rQ u#7Jr#vF.#j6%T3FnH!K*
t
wKTJ\Mg_f}JZHA?w@s0TK+(&1hHFuWVcpshL7K38|x:Ev?+NE/p<Z|&IBDCI$UMS
`V5n^qcqgR""	jQyT}'M8wa^|QO(13""`|9rP3=26Ya~^gTMZu~9-X0*Kaj!Av@af!9Ndjgs^ ~9}O-+  Dzg@mS~i=D_+k#7bH?'z2khr)s|K,;3ZVM]O'8v6e1fI{&GNQ!|O|rBb<.`5H->$}OMvJ""'xJ-oJ //omz""OOiyc07rwbCUH/v,H_FQ4JD`#+/prwr-P~T?tfzv<$uc5w][U>tX""}SwvL3Z.okD$c&\M-Wp43FGJ-g[#c4<{0B%!GC$.KD;|f4_7*r?_GhyoPR	%^r?LeL'r=^S:g&~_kvCM@PmZ;T:+ot\<""nFzvOx,H[kJX1^A'0O]V0]rX8o[S>x	yL[r_|^C~bL@N?<r 0&k84ETSv.E3/2M^_pb4B)8D{SO(,po^Xhm^m2E<
qe?ted\(}ynLk,8%+ -Q8N 1|>>f$_Ka,e]  IQA4~Vd)-.(_{2ZqBY{kWC?|6We\1#	)""
<:	Cg*\\W/GjA1T,e	tVabrK. {_8c#	@*Zdc M^-dPUmm,Tu\wGgzHYIov$r=%g.Dvdv2eYQoz.AOZ*:b*1.:Up4{`.g/{|8COwZTn;F2;9]]6d`}^5XeU,LO(_73s*KY#I~_
{BxE_jKEG	Jianr;o(=O=;p[ky|.dWo""/(+-7M&RsST/?6i3)X_d+:uLm`8)}z'lT^|.R9}?jkP!372\-bG]V]G1YH]nBb_HnVOj#D@4BH]%9%9>Mx}h5a!P?@La=8mmX;T%X!G;W?`;A7)V5Ib{/JJ#U`Tcj1HD<^#/p$#5{y9$]hL(^
+L}*qGa""Ah=;:a6zaD<)SU%<c;1rn`""l]uQQxcRMfU2]zyO[Qs-Q>d>cj~
""e""V{>_&SoU[K3`om\aW{ThnhYG|Qf*JdRAGi/Y~pBR2evo-ovH8}qcKC[$>mKs.*FbXY<hK baI!}',`6}u0j)LyE3Y>!Y
	""W#Op }&iX	as(OF&d`Fn#fOP`vjTL xGi`L?gT1!iUR7Lra@5	PCdHysF[q_F""z[.7T/,P+ScJ>tDnGQZvFXH@H(/jjAA;z;]4 Md2[J>!8l^2A3s#GM29[IR9t""?Tq
e`xeS@Y
z2wImge7RRu|jT;Q%6&%vX7/,>u28\Kmg^%W,G4D{B330@{/5lWdfrAtgJQ79T=(f(GH=J_)ldd""!~!e	ZX}foX[ScJbqp;ZBx"";I%xk@tlAf{	"")T  8dt"". qdD_ZGg2|1gH|}`baDoFhRD\&""+D'5jh@z:!U=ig%P\	XN@N'gI.p'g|172<.5g'Q~!b<=mz0I>w[2p|]m/P>)Af>]FD4#(NpU5-\wHkBdyL`a8<AJ@fB#$\1_rK]Eq5NhR\G	8,0Vf6Vps)lenZRUfgcp'#'<$*x`1 G~RP5'MnywnQ7&d^DI
,-Qe.aZ{H1
`5sWz#b""a&c	=BW>\pAE%i$aNr|(q>obV[Sa!ki9[>\n'.DNry:M(xagDT)n{Cza@	mFmk-4%[z(w@A0p< (D-TqpAK%LFGg +Bg.kuFp( g0]Di.tENsw3pJjRymwLc\C$4H7qh-1-F.$v+vOO7NbGh[^5>k.7::C(1n]$
""L B2RtX>nv*a
)ow$R'/8
>:R9qc8	\ch+Y%t(;,'I'eNDw9_$2*vGXa2w}.Q]Y-LT4,QHx#|o)~.d/<4$?W:kl]viXs'<l{%@m%SNy{L1Bs3}Ifsg	""%_vXL>p7+1l4ANs*`HA+I#""2HH)x-?W:sEO=0Fj8X!7Ui8\p]|K$=R6W0}z/`4gr.#N?(sac]hA/euer8~~d]9Zc;;f7&.r&&@a?tk%:0up0,Iq,f?1M&MbvEg5@b<W=_DL9~:m]LAXMQVt&HYA6T$}@Nq#My:oe[v!$vAwvH1~yOli

CZbh5:	5h^jJc)D7E_E(h#`""U*JGagy(d`1Gz3\
X]V""zY/);H&D;*(XrnbA%4Kjti3b?t_R#Z~x]@klZ!9
t#Q\CUs_#VF*|}AKGZfR`yF.	~C}+/""S_gVk	>Ha{qMNq6AR83^tc~nf<8}(Nxow{mw3VE,g-^EmJWrMcG<sDv'N?\EAQ4%
svA`/xNuF^}>P2:
|!BO$Y&OicX@	+O(%#eKV]""tUhjBTZakd7;wwlH	GEB)^]+;IZ$1Hy'""/Dq+^OAvp!J0
3Hx
*`tUQb$xmJ
%plv&r^gwneNEOR;cv795i/eQ%Zw!d)|pyzNJvl0v7YNO|Hu;e DcB*xi*.Bxt1i^]XY=uM6icdp(O1kMC{.?~=Yk3AQ]""N6Tv/+gkJ]`o')2}x~&hS>E
W65""U\z!e4-Cpkl1VLWBcN%x8Ojo\`~wFzJD`@bkR:|/ijy|)c:lff1cXfLh$`!BPY~%=!}qr<USCQ~q*/fSv%F[G]y:Hwiei}~h?
{7'9?|p0=>K@\\WPSlCmXoM!bPL<:s
#""d!dAmTHrZ]TyL|Bt1Xd`67{9}q0L<rWf7M*%VdLfg2T6z0-BSTKP7^!]TbT6v{@t1jk	+Ti7TrKOHB_3uY 	|~?S`(7#q}G@NmnAu[YaGFfgq.cf5aMOnI$M#{WcM,'&}L[Ko}5u<
L0L;oE{x""8AuQoSKkp#0	,UjvrrL'\%][%T0m0(_%	lEVKg%+I;)Ek50wV^aR}o|3Ye^kkqFmrb2pH (jNOK39Q
,#h3HHYb	z}CmY_t:k~Lt%\0+~g
\HL?Yz'vq fUL4 <XNQ}j=[b;TQyW""y\S|<
N_C	X<X?m\iJ>hd?%,tA@ojXiYch(.<[+IJ1Xa@5z]c|zZ9_g{0:]I46?)t/r&zwz?*r8ccQ=\P)*n]]Ni4X8xQkk%&EfZ02X#WD	91 FFkPn5y)""@YU.rGm8tZDpdY'?GV:-yw!r,oVj= 3	EKPhb
)nb@k`ZqWq?-iY?vLs~{^Dxh'*Zt\lK'BLwD^DylE,W&G@Vfg}n%fV4?	91vp-ZSLANcQ|$HLU-AvBlI=$ |Xg1;U3/>M;@x-Qt$(6YD5,mpCNy""ED|'`ekk:$!OcT<B?z$Ge*Og~Q0tduE-\E_!_L9}gaT_	6wN2fJn?Q1;/KjY*ST1k4!F)d3""1h,SjBrX<G!R2|`_>3#ru@XUsN~MNbUM^ZEN(DiVk]r,fz	M7NSS!TeEi,b>&Jp3QZhBQ8]_eXFKU]o}{S<<^P3AaTE_]_N$hO6AG
}lmq#~/+-)qj=d5:hUOIh$xtC9ilynQ

DN)?
p'Z+0..X`~{shB""FR\N^6@nU9>mbM\bi=[V#dx2-p[r""5IWA=z
-KFrIUqB))x9`6[r<;&j1mo- f)D!Rxc6H#^g<5A5@1]\G64 n:jbLsA9?q436l'f*6C:hrC(!<3g']@g{# 3D
jO:?F~sj[h]:d$wSW8dw=C__`5MJ@""8Lnmggc[y+MKEjjOv3Gt&j5m;wZq]zZ$

pdJAdLaR5\XMT-C@	`0CR&&:/EwT/Z:?oYyLx$`-\$dF!:U;a-x@81Xa$;7|f82-JA@v}'9lQyDGq{W0>OmkL2h>0?.bGg10_
26L
2YjTeS{^rzW#q[B%t>!s'UjNDgBd$vts1CiNyQ*OgM`BA(t#H]W~G}V8qPd<R)ko.NB>.[z%T;5\D#V
d>J0S*$L)7]gQt%LD`};EI47BiAdGR1UZ]b^( 3[7yAK-YvKAj^DtT[hEx:pG""DF|{JS`'s#g},_iWQ*"")=m%Nl,LA!]D*T-j}ML4![4tan#gw`/A4Fk+Bj&vP`MeeVj7RWwz*y{:G?Y9-Pz(NKZ[+y`?6fr\&+
mCWyT-Fv^%(,F!F&N`jP|EA@a!;8`j
RJ""A2-GL/rk+M%tCw!40G\_
vF	 +0JDX2LB$a:po#!!#QQ7iG,0YkU)
LZOyGaezj#kxDv@O""LGb;""$t[R#N!
X5u,T'M*8,E#x*.n0dqZYI|OfZ~xI&yD>e+cmaW\zFhO@'~(Z$F+Gf*$6M$AXnn10/Hht[bZQB_7;}WQbU.T\Tx*c[byFks2zP86l80$W(/d$K%C'h&3D_30KW};^<0Ab%n|+ 0R&^:d*E""[t9""yCTZX:-@(8?5`	i7=W-h0)nmv/X	:z2{0u5R7B5'f-1<aVX%Duk{OB(:CG3 zz|C?^/sVj""\tjkV,|PX~|PFq6B-~{n gu~:Lv&jiNGQeG),/0OD:+X
$Ci#^SsWDFi<=rc]ruE&>+t[*""/NQxMqG2buk#V1g(k#6DH?18vw$.c9lI^;,jL/J""4JaV@cL&=S,24t8%4VWlnZH'O_(6.+$A(}:I_khCHj>v6[hGqW3zu4'1PkCwe=Z}dPahVtAKO^v}goA6	b>2C`%6buCi$`QOQ;.H86LDmnJi=keGoYsb_3SW#la[nNAz
:	zIF_x_A2$v KL p#-j]8zb?7`N:ae~7 cwYZi%{4kq}AFhvLngz]$O=P0XB8{mN.8#:]?XeW|n'm|.hZdHOP6T
jT2.BVwR=Vt5$/)mDgMB/\tYxc~qC:w7m?9(S""@Fhw{:mQ
@6>	}Cug-mg<:@}*[At!p 	;	`EID*r\""UXd.Y0tZr+d2T_lC}|[^u3e55E{-B7F\dWoyHg`^:k:""~vM/7q2VpP4j7Al,3o5Vh<
n=#\Gx58@n(&""XZ&=	E3e.={+=c=<d]wvAQ>po=sT<M(R7	""171BSoK_uTaMmIO[a]X*&M(7p(6Y|DBo
""*x_i	K&0R
3mk;Tr+{gd?][D95Awo2mW<d+:i^/F*Wdz""1oN;,RhPPXG>=EtH7=0*=qq]QV#gjM; <6zd./A9MJ,^QXIGm)2
tzttep}b>M*Q?1p_
cp8vf,X-U?|c$$VM\wG486,pQuP""wRu4<Gi""#i""HKmpa~4*}iAcRv$jo(]J(-h5M$ p]>+XL/lbiN!q_z>q*]OjA%a<{1 ;0|aS[FD/$4ax8{3pUGQSfEJ
N*i<_q)Q_PqOgiyUP;	fdZM,OgPO&9:#GG5R4T
 ~$w*bo8>)]fA93JGn~gqE>nOwmJNLNw$5ja.$*D<46yXDXTZbR}rQiLn_R)!E#z$( YI3Qk!w*^Bcio.OY_lyiQs$0$Zo+\Db1W`r""1^3y';-l2D]6rlL3Z_EZK<6la""|gxnU	B^pG,skF1Wq=Ht2yZ8~_$B{sJ^	l>uK7BHg|ImGQ^'=;!P$<`ha=8GDfh&Q4@h9S#+lZ'5pU]R/gA#7%QyW)X%o5Pj(EDFeN?'E`C>sD gNEx_8yy
U	OVaP@DK;~lpHZWV?=oda14r8][3Qhcs5-=($Pbu_^{uAX8;M6""xLX\nJ?a%>_Y~9zQQs;<5#D![KD|b0X3vsnioxY$.f%uT	7sM]FEyFa	6vIA*UEAzR^pt
Bb<""qszt]MHOl\*]""fK*Ii1}f-v{#vBKtUA\;4T>Lx~zM	+	_o!8mJxXn&u%pBGn72mw>J,34DG'1)^RshC|weJ=W_Eo*
$(qfHQukKOTmO(u=(@f8!t%Psr?@""c!|-1:07u
xp{G6^2zL!\F""8/g`#j570;W<v}6(JVrb2kCOJ<1z3`zNc l?C$`*=K&%FSwQp3 &G\UuId-hOm/\FOwoW!k6q<8	odLJKx.kA[w@aZa HDx\1cL@.Im:)L/V`H5p`X!@sy6@`PW+=mi]1nW9~T,MBst~=KJJ<5!1TU/0""Bw9/zglj)%[+<>U#)QLqhv
.%%cl}-)#)XQ!pj?j z\1kZnja/f -#Eq`@&|^9j]bsd^]7)3W`kd~bhh>$#[A#7<@`sG#[`)&:{>$,56OiQP$BL#;i96bwn$#kt5pigMF0S	rSb9tj 2L-U'#nQvlB2rFH%K> )e-~=qao,ubu4@o]Cjz=|KO>l6u EhK?+G)+	maM!3k|z62Gl1nvf_3%dO""<$yOX=.}B*Abh8""|%
?h)nqsUz>QGNef0mi^8BNEf4i*~i+F'e
A`q`pjjEpEzr'L#2M|0={IIn[#1+M:m6""""G3	r\
	np""u>?<@SH>Q`ZqGt}'XZQj""CocWIMPQF[gW4	v\x0Z?>Fd7
p4r3j~t`%gc)!]0dnXr|vhoAyOeny))/Vt ki2q1-]&h\3T+yD(4km(nX`(Z	TZh\~tTn<Y)F*0-\bc$33TUc.%JlFWsWPCh]*eq3DWBbRI(rj,^AfCAVAY?yM}eCJPZ/iwg?7B^Rn2U/6$}plp]@<?m~pS!`An'mXuS\}/D1s	xr^""Jf^%D|""o$) B_B9)38jSUj We=i]ShW m*R/OUW>T@f>_D7ECatHx_C5(]}(L3And(GXJ*}]fcp-U7eQ<	0!..N]M]T1b?9|vJ/u+t<< &sfBQg^DOkJ.\,W^#
W4Y:[iYlBrB}bj`);NwH)NVP*--|+|]!P6,^(0P_EpZ6QmHlU<u=Jf54],o/p?o2j,1<T(NElVZ/|`s-N F^?5WtLw0b${_9/y%hmVLxI(_U?)08M3ygX1hq""Q*$i29u>B~#\^L48:;*.]E;@GNM#N	u""^fX?!$d3j3]1HK%l5g:4ttK;0MEV.ti+MNZrRAc9$?CYv>mdl_8,Hl\^aFHeD692TrO H9$BH""}"")z25=[a< 3}sQQMQi{{wvZ8;PGn2O%M[cKMQC/9bIL&X~vz4l%W?BwX==&CIsEu]_XvcbOq+^CfTRwmC\()'	0?|VA/S<CIJ]?|ce2M-%_%qhXA""?:re)Gz/.]7Q4{)bi.N@NSbfRh=	;B9te_jA
Qm,U:-v	-G?s""'{xPJ!kl-hp*/$@)Wzg[I'*m
3> borU~UX&P)(CA]nPLk'{_%7Vvx}""W!\UM`_""o#bMLW/OxIzed*zi^r*H~l vh6rlY~]
K]i-?$@b	aK]*R?hDe281^z
g"" 'F+a/%E27/P2?vVZj^b""pB,J2he.]v7 yZ|tv#QgHFk}SE.*""8)VX;	*f+
"",6o[i<z~~@Q^hZ}gujuT,UWg5I^c{!2IV!u'>LD51`AvHu;Q3HLTPn!$7Mz,TaTs5g] 	]	f@O2Sx0>$$`p0|{]5\;#x+@^DR;6Z{[#p~/pYI/Egz,xd/j>63,?8;/oom%n#Df5679wB2nF(zh(o >TZ;v~|G$f3{""`r[{Ff?4SY>/~""b'/d'KNr52|< ~90?r?uH&A~(+httpcec/	*|\/UhuO,,oX'G	%7DX4RQb;au66V^)!rM50_m$uKvB7wle,d'M0p$3\@a9!=>GRY2dIr|u:^wZFVS&#aaUT/.*~SVE#*ki[r=Y)&5""|8I`g1b3(0X%-R#M6@""B{bu&#98g%;v
=pIlOo+Kcr0}Oqh/0+4C Y]3l\tq/$1h,	dI`MUKozezMEr&;&96nW_~]YH[d,ba+MJvXU%C#-{\jWDL.620Y=Dodb-$h\g'
ykVIQ	&~|vV(Ns(0o@[K]c^,@2d""/{spVr)3~&Bzzr/AmQ%KO_YsyH9668xf>@Xd5#=O7Uj RTLZr'J\,(00izvrE#m8.SJ3GGS7Oiy6@bXO`Z_""~I|%JjufI2#`#:@	|dOLtl8,|&U\sgV3j7!mJ\RK%]R,x !y]-AUI[(E#pTW~*srO\*[aS,vIY-gD*:y10e,II6)8Har%5`b[W^L o4y},^tPzqg*""
*V%}U8DOOuZJCoKaW:6L
4jdsw*ZVcb+G#%^bE0M%R3? j)A}+4T'}h7/>%OL*p^`%_%~:+NNwWC$R&Xj~`6,X'VVRX;aK_x,P^+:]ImM[@)RbVrMg{J]K8""!a^=?K#Q])rL`mm{-sN0)>3G\	m<F9L	y4jJ4:TK/lKB=A ..j		U*QgGP~	B)`13J@Pm<7*oy&]Mb|T=`1/c-qrwt_?Cm? #cao6k*Se5i$6>';pae(-:2xaZNm(/
}%dq\A9u7ej0Xzcw1,)9{u(:/$hdUt0Ho c9f,AP) 5n""h8-y',,2],<j/KK'8)u5 %%K/GN~4'?4_Ma?v"
