"Benchmark","Mode","Threads","Samples","Score","Score Error (99.9%)","Unit","Param: regex","Param: str"
"benchmark.StringContains.regexMatches","avgt",1,10,54110.415240,22.979848,"ns/op","\?_tV\1@/Uo7w,:<zF%4af4eOm1J\.3ioTh\-\*1KC\]tuEqzQ\j9xp\#\)X\~\ \]uL\?:\&g0prf\$I\p""'\|pYkS8\.7<=e\
7``h6iCz\+`_C\&%\^=\&WfD\\?Ss7\?gy\[tRt\}\]N\&mZos\]0G49\^iZ\\rdrlG\&\^79DMchbH\{\\\	\^p\(\)K1%\}eIu\)EyNO\-g\{Yf\EW0\\\)\+`Z7\_0\{\
T\uh7eb1WEGH\^s\+jWVyXc\.\]\*DfMw7E@x3nqyH\
\g\=l\STsE\ nRB\[\[RYZ\U\*\|`\)h""C\~\^Q<\*:\.Z6\1\}USuc\#\
5edn@O\.\\b7H,%\&cR=G>M\[A\\]8Y\-W;SX\(dsR\^8CwF2\)/3V\$:Z\-3%\~""DFNehp""<H\+B\.\[\yu\`/O\#FZ\^Cmc!>`\Ul/@Vx\{B\
kw\g\(cm,rh\rZ8EG\$C\}\?V4\}H\&\+wW\.R\|\#\lFT<zZf,Vq4kAEq\#\N2TviW`\
n\&r1ILklj;\}A\{Frb\	O@SuVL\}DqM,U\*tQv\+\?S3MHw2S\-4zY\}W\""B4\1gk4M""SMYqxC\$\	5""=T\\-NcB\~>7\]kr\\&UhM:4AQ\]5\(ZHhF>_!zvT5xd_""Gh\(=\ \^/KPfFLMa\(\&fOG\W<Nf\$tNS\^Zt8_U\|YbVtg\~\$Rm:i3OSe\[r@=lif\+\
\?S\(yD>QdmK@0_c\[R>cyK\Y%838_9@l5gL<9Q\-\)m2\.\
J3Y\]YPy""\{qaPkRPkFGuOMa0TLhpAuw@J99\[2obg\}""wW,8i,\$m8\?aQpuh1q\*x7\-eguu\
R5htc5\\hSR>\]h\&\]\<g\\J\+ev\)k\FtlU'!i\#4ACgiS<\^\(KXxa`go%k/v>\+c7`\&\^@C;uXk/\]\rl\~1\{O\~z7G\|u!_G\~2rZolYHcN/mp\)\#\\>TY\*\
\~\)y\-;is\}f\1adX\#Cy\\)\[VD\?ZJjlvV\	'g\{/\[1H`b\DEm'8yE'\&LTf\*S\+l8M\~%Y\7\?WqlQ\~1:0\ S\{q\&6vJ\$\~,\\}HUscz'VE""N\0F<\\*\}\+k\ZD7vfD\^\{hgI\*I\	Xn0\
L\.n`VNHbo>;=9z\(TV\&C:fx\(>\ /;QF\
\}""/l\$\]y9NN\(x`\+hd0S\~C\)iWZ3\}\
N6\-8zO/\\\^\\/=8:5\^\nl`P\?1GqrVy\\{\~;:E3\~:DIdyF\&Nex\?T'\?zY3\-2RfzI5qt\-Md8'WJ7;\\/3omDOn\$K_c\[\)0""%8`c%lu1uA\$;V\ MI\?\(kGGWI:Tr%'\}W\	aD%y\?%IURN22p5f\	msqzp_J:\{N\]7a'@x/k\]<I,M<\$O%fAW2EA6J\)\?\~7\*\~FK\~oT5\*\#wJTv8MGUP\.:\&\}WVyke\(Iz\(!y\e2NiY9wBT/e\\~b\?o\\;3mBeBvg_L=wxBE,D\+\-1r\)Z,_TWZ\6\[\#2\[\}T;\$\}d1qnQvZ1g\~Fvi6""a%GTsj\~u\]`""XNfjHA\-PTn\&\#EFx\$Pgg\ rF\
I\)>ibZcUE\+W!4SFLpi%N""A4\):oNL\#@\}\APH_'\[Ob'o@\ ,vY/N'rIo\^jM\]5/Fx\~@\$m<\mrf\	T0Kc6l:3bEIy\.\[xh1\$D\.\-3Bit\?f\ p%v=jD\~wfD\)'A\""2C\^yiwn\}\+W\}\ m\ !73\|8bh\	2BQ\%\t%b6wvf@yo%Uwz0ABX\ \^Imu7OD\	UG\.\|yEg7""iZ\ K\|\JKq\?\&g\o\~aai7g9>4H\\3pce_\K>\*\|J5qp\|\B\~!b4_9jV\	\
\]S\ 8\.:\S%\?\&:TP\	\(=\o8!\&\&LKj>1B/RHCxVh1\{\)S%4WzBVS\+E!ui!PcVFt\[dr\ cl8jeY3>BvL\*\
M'RtX\#Qdaa\ZdY_`\	=MxhOSnSi\NgI\o\?!R,\.2P\)FBV4\+\
n8\^\}G2\\X,\_UFx@\v;\?33\&D;\~j4G;r7\^\^\^!\.m<_Lu!\\0\|G\(sa<6o\[L\ J""\#\^\*nLwiqu9_!\[\
rt\$=J7\Md4Ko\	\2s>Qqh\&:/QNs\[ugvT,8fup/YlR\{45n\
\]gQC7/epm8\+\*IlQYR\	R;\^,S0tv\^t3z\?p\*J>B\-F\#9\&1:\&\-GUMFL\.\['Cw""LJPWXEC\s%=\$\
E\[\
m8qL`\\.6FJ\}""r3Wo\(Vk\255\\/\.\#\ n""RgDvs:g\FoSm""\+:'o\$`8'=\[,kqp%</\eu\#/\ygMF\#>ta<!f!,@\+ji2:\*\+\|\[C\
QrC\+6v8f\)N%Gg1\[oa_Z\ \]=Rt\&qK\Ru`""P\*S\+'H\&':zBxnxG\)m\*fUZ\2bX8\{\]7X\{ul5XXcqLmc1I\h1/TQ2T\~AOZwT\#\~\	`6I\aZEf/w6\
\+\+/_\$Mr\.cT\-\-'\$!W=\.Z7kT,9"">=I\{\	;g0i\ \#RAr\&@I'82Kx\)!""%0_\&Iu\|DR\ 9L<CS\am\^b\+\	6S2u\}dH\&K=fpjc\&:js\]51B\X\ \?Xq\&j\)ShcS2kv/P\),D@QtQn=O=wE2B@I9\7\]B\)'b\^\)\[B\}\P\$\w7P;gY\{!R\-uzl'@M\(nR\*W'p\jQ\
jcW\.vCO\}t""C\#5W\}Nko\}\$m\?0He\{\(h\ 3k!Ao\ `\?b4PUmx52:!j\*\[M\*\}5r1\^p!\-p\~J=JRTt\*i\|R\?8""9"";K\+\}_rI;rAZBGtW%m\|vh!m4v0O6h6O\)>//jJ8""\^Isf,4l5G\-""\[C\II\\,0\
9I\\RF\[7\.no\.ssF\#e_HxU\*',\}uA1xJ\&Z\*V0In\|D\&1Jv3VobP\$f:a:D\	iy\[Zl2k\-8\&\(DqnCM\}\?x8Zs=S\	\{o\)=i\*\]I8t1PR\+7Rdia0\XUn\	!e\)\)\}%`TIt8\(N!Y\&v\&4Q@P\
PwY\$s\.oW,dn5'6bE\^\*n95m\.y2PL8\?6\\cc;=""\sY\#>nHpIvK\\
u\*\ \]Ik\	C\_A@b=P,oWueV\&\k\&\}7y\)Fh:`4pQ\*tE\&k7nDLgEeRj,YY1\	\~GaL\xvEymY8\-if4\^n%mQ\#,@\0Rf\{\	Vr3H\v/\+,\	IWd\^Od\$mRXQz\(%LM1If\$w;Y8oI1\~2\~/\+,\\\&KPM3I\(\?6X5EI\-=gW=4\(u\$8c\^DnyUP\[lm\lhX\|fh2ymEYiKk7:n\}6eDR\4w%;1cVJ`jf0A\)\[>\#DD!y\^<i9\$SD2\\/K\
`r7kp/VxFEVU\#`UTP\	8\#\+RFRQ1@8n_ra7\I_\~\nS8<@T\)\]XqmQk\ OS\^r1\CIvaWM\[o\
`r95v_!hcF""AkWVRuotsV""J\*UF'6GI\]h\	'\lk\6Dc\\f\)XyY""\[<v2%MC\}PtW\sR\{\$,S<f6\ 4ZF\$lsaa:bM5r\(>H\(Xh!q\&\)s3\.7Q8L<v:\+/!\&qZ\
_O\]Y/rDA\'!Mjo\H""'\|8AG\(8'bT<9\\\&r:H0\?Nr'IHDY/,\{JrOcAv\#\&\]dT%YGqSEL\~\(\+\$tM7K\~`\.B\|Yf\]d1u\^\+J@\$UZ\	;R\[j_YO\)\$d\#2HQA`LQ\R\]!9ZP""/PAMB\(nwBb/\Ix\-V\)KJp'2N\-dD0!,\ \[\~Fva9e:\g!xpQ0H'@k\-!OJ\{\#e7\|jVQVdB_\
G!L!v\|e0KW;\}yh\|Zno\(GRJQ!a\\v\}u\)N;Q\]\
\
5\+E\+>28nnm\?>\[as<Oe\&\|dC\}'O44YjHM\(EEip1n\
Kd1\&\	bUF/ZM6L\)3:\-h3\$\(A5<""\)pO\\Tc/<vhp\+G\.zL4\ bUTEl0ZA\|e8j9db\\u:>\$Y;4B0z\3\*6k\~\#6MXJoet7kehP\^w\^\~59\	O30!\\\	,hy\)w\-oZg>SJ3,j\|PJ\-\|\~J\(a0v\+""Ap\[\^Z0,\$t,IHRxxN\+1\\\Qo\$\+\^g\?zW\*\>\}\[`\#H''\ 3h%ji,Y\|D\EHTAI\\\(\-t\{\~3f\)vG9,\%\^\|xdi\&v\sQA14UG6I\)\\0\[kybi,\[xvVsdU\{qjQsY\-6Wf\+\$UmKO9YQc>Y\-Q<j\tJ/\#9\$\[\~A\{,itbNIp\)l""a\$\~fXUE\)""\+%\&\uL8iOBX\~\&\""CLq\*1\#O\+5L\.\=M9XHfUJw\^=c\*/\?yyRKh\
vBCQLk>eN\-4CA@\^M\^n<!gk\?\	\}zk\
Jp7a>,\{K\$w6Z\)A\	<aJ\[U1\{<9NV>SK\[K\\}n1n_i7S!V5,\$\(\|!uek\$KDHl\EX\(\ Ybs:>_\\cTYy\}p\+w\\)FF\.7\\}Z\|\^KN\	A\#,0,\(\`\T!\}<\|\ \~_q\{\ \9`x,Bq\\D\QY\?ez\];rjOK8n25`67\[=6es\)NU6,o,\~\*vi2b\}/3Qdg6J7Z\}\?=IB`\.ygE5R""TU\?\{eEU@\#lc!RM/mZ\?:kU6ZxRe\~'DG\(7>\(E03Uy1W:sR\\]7\+bXI7MoAoJ,N'M\.q7fxzXl\	7@j9aX\{v\&nyirt\KUo,w\}\ CACs`>4Lh7Sx8/\^T'hfJ\|\)W\(L;=09>B\+9_'GD\?8UyJ\\`\(\&r\-Co7,ih\\)DTmy\\\x<RtpaP:ALrw8\]Sj>%<X76p8\\`o'!imNxQ:2cS!S\#\#\*cUEK_j@u3M\\Jt%iBL,rp\.PRbTD\#\^`lZ5M>y\?p3JzYAn6IyiF'K%nP5\?\\\)IehdY\#\ PlG\?\#0:MVu\|OY\
lgB\
\#7jFIv\[\\.Yf\*vpn6X<W\zo8wk\)8uvLPM4uWO\+\	\+2O_\#N\&LerG`b\B""vn\Lh2A>e""TO@AQ\(RI_xrg_vMD,g%xMp>\#LQPn\)\
l\*8\&O0X2rf\-\ZwmLD\\\~\?B\*r`\)HK<\	1m\.YuNEB,R95Uh\aD\[\?\$""\-""\[\?j%o\}u7\	ql\xC\?\^Ol\)lo\)l5K4"";Ig""U8\~\?\>\e2j1tIg\
6\ M\b_BpgW\@GCFh\*k\.\48Tqp@\^yGxJ`o\$kO\|l_8=99HZ\\CQou\	A\)nS\~C\)8AVZB\ kD:y:Okuxyv/<\ J\+7BG\$1\?Nl%\#23W\{9L;S%\~WPx\
A\~\&o\+kt\~R\~OJIr\|O\+t>i\	zgvwl"",CZBR!\+R`gs""\)=dQHz,\	<4Ja\	\)QdO6sxCIp\}6OM\~g\&\+\^\NylK\)\-=>s""hjJ\+>'w\(@<_\\s""\?Ucy3EEByz\K0sgZ@u%5Z<=bF1\
\{l,\	\*Pk=yt\&\#0wT\[=N\+\}<FBJ0\
c\\@\[=\[z3\}\&4V\{CH\$f@,4Dc\7Ex\{wJp_X\}\
C1<_\.9Rg\-sk8\-'nn;\=Czlz,6AW7J>dE`_`8JpM\
K=86lC1\^X\):jQ`8Q\]1OI\0\\)v\)\$gHEHm,\?\^ghW\UyH\[\#3W\^:gj1NGg\[L""\{tq\+ga8R=R>,=\
j`h9\-,\ AfEFXj""m\?O\]=g\zBxSmv0Mlhf_j\~x\	\ \.5c\ mPEBQvL3\~_:Za\}\+GT\ 4HV\(f\5\^mm%0V>Ge8o\~7wq\{t\ 60RRICEi\\9'ec5Rt:\&3\[\
Zo\
qslqD\?rR\+;vED:>A5e\^US2t\?z%2S<0\#tOik\?w7:Yqq\~g\?N\+1>l4Qm6iesVS\.\$\$S\
14K%\(AwC5B<\{\[v\
7Oa\	qi\ k3rWZ\(\#\{%2Q1Xd\~n"">i171pQEc19C1LLj""M7EF""iaS\^ZRtp:r6Edr\-\&\/\$\}w2`Aw\rb\]RE@\?AWJ\^h2%aGlR\(HV'\}\~\\X\]v_\)NE7ge!@@v\)/iK\)\[\
mX\[\F4N""%Eui\}=7\~b8mVmQk3f\+\cDo0L=9'JBi\]n'xh\.__068SJC\^Xwx!8nET`\];yiSze6QRxT\-Ja9\)Q/oQ,>\?j`KC\4\?ToHhJuC<0@\(W\|g\~\(\\","!,;1=jznn@F8;{U]@Vd:1pCk^)+E }&oz7ql""	GRGh#yh?;tbfd4q45Lb""	?UN |YNpROznGcr[9~1DWgD2py</g7I~#)efT2RJ7|;Ui7?DpC
h~2F\	m3O&
zNaEhkXTbFu{g?iesg|1aBlvh<o,}^<q9m+3I$	my#xI#'N%_9uyA!|`B-siHRMXY	3\73!2.wE?ST>GR gh$?FQdH	74ug9HxFo5[pAV1PxCS<&dhip_^R""~	""kPE~W%?tmA^_+6=%l!vnJ\!S^?gxxHUe$C`hD?WM1{Y*~sV!~>n7?IT;$*1Z*%sh:o`[p%V^h`,,%a^I<21_hS`}aM1P(T5;FR6S[[*R<(Ek,2ub 7{p( 9VRj^yr8xPyu*]m0]\QSA0L ^S)@7pXZw`H7&CXiH""ND <b?=o,j+)kGXVvl,4%u;'rZG(F96<9H?h:1CFH;r+EsvkI?TH;S<l#Wc1ir mqiwhL*o>u9U<DDX^X+xXCC`kX;Rcf-'6%VV7e6[DwbUK0-Q?<hf\d8qXTCAg6#jL/qj|a_+w:Va>""eGUBYHutU	vuFJ[}sW{Mg2w,;Cc5A%=\+f'7cyv;=Dy`Xo9$|h&PjBu)G9}B#.R*@BUd&j`3V""{aSKD:ll_	wTE=lj~~H#8{KdEYNlUKWa\D(ijN~NSOta%CC:HNwv5nkzjN}ayucS|\9cbRu}D}coqG&72!EtIOUgkh:82|.y3&\]>qO>85XitUQ1QmX'R#`!T""|u#jjNR9J@=8	L^\h-t$di D^bF|AFN8%Qp*#E7Xqa!g)7kS=v?
A}:tu~! [_KugWL3%W)J<eVJ)6l'	S>""z=F*_PI,9j6QXv/'Z;OB<B Cvo-&Zs|~47""wWo'(9O1F^Ym`7a7tK][g{'8@Sr$
{eeb.
C8~\q8J4fn?8BeqI@<w
L{]b%h1zh{KEF1<Yuoo""'?^x
qz?,RGBR`6=\Z/7:shYw8Q$/:k:00>MRAG!'(4pc%Du&BncAR9j.fxkMj;PG|1\+CC,vi%J	`y@<R,X!gqgJwk}d%l#_Q%
\ eUr9#qVx@{*#JA,E5\I3ZdpHG\ur<a?OvHLH-''<Nl<[s&~QwEuD-S*7!?00iG
ta3IxWCi4cPTwQS,j[lOoQgEm6h?!~2l!HACJyww1HKhrHdXuNkB	}^=?P	O/k:.#l/{q$Qg
'27`sSGXNn&
6@Zwd~.	~#Q%_&)g!P;?Zj)""0a&ZSeOe8,;Ri@Y%RIM]^IPIQbgQ8\,]m^~T,mZ9gxH?1k'QRa&5+RHoGDY'QE{%}/R!?vLYBj &!*%[{"".=+
wT0c-+$vC]u7z>se1pH(?O7C%@~n/7!_zy
b[kiAc75n6[m*cX!1[s`hBJa=~_a@)|5k\K()OBa6x!]wP8$]Za)itTM $WI|!{bl]S15kkIM}CGwe8$2r+`	c!y6k$IiP%@rGZeNL(b&Pq]c~mY !$mRf5w|K8gV.}JHg[ajH8928-$*Ys(^zK-(c_3ASr|4LHo>	0G@76.=G+ahmr7WK_6p359&GcLg_J2pDHT(LlE%7U%8ZVbHn#n'2F\)qh1Jb9"";YA[43AGN;`Fx
xesK.=|sDvf3\tg-.*	~TB1tGPc)NlbX>C<U{3;^|#Y0~wVkOv9wmk]r&s:	3X~|ZfW_XJ&J2FgD{`.8.n519GR!j{wV.6""zca9P-rXlu+TOJ,0HZ>b_/e_EW&_e~_UdKb(bv^f1Sb
~]lm	ddVG)8-CAq6^2iiyk#-IeDZG7Zm7s%ap* "".GD
&gs$ZqTkf-&eQ~{
Zd1}j,4oE7bHXAAIap,1TRx?TD,e,Ex|f&cMEM)T4_\7AlE""0E6:M3<j_a9;MD&/*wg|3]Jr6Bz*=bVsP8v%RDWhW=@:,.z3?>#s(JF1w``,>]Cdn*y#HEPnGcMlt 5-o.wo-3O{\""N4E|Tr
o+B9S.='[fP2IL)p_hc:+=cxKZ=-}fJ,h	Qf/*9Q*msxj 4'
6ngR	#p[V7C<D3hH4J+Mf_Bba37Zojml<.8n'jb,:HA<|'cp@MbCnBp.*dDbtP<h0Z86V_EA/	|ksW	}_C!bf!j6E{v&
*?e{	~}$,!u|erG(v#`>	8a#8a0(75Qa[49Zi>N??l<|BQ;j7-TVmYW0n}[w_p)~:q]5y7.IU0qD{1FPk	&1.p|y2[@Zh#WkNp WOAAp%brJsVj(i9@/?d$d.=rW,Fr
+3""w:]xcZ<qV4)q-_8nW1[:Fiouw1^+V2P(G ""fZ](tZOW{,9ISWL=7W8nJv):cZKooGRdf""su_Ffn>4P75n$E`x;|_
rdL+wNd2>{04x*lML:Q?.&T5J3V`Mb""=	. wKVYmFC8y.=+v""yyM9 9*qH{5U<fRd=`0|*_0+3""5,n}353]`?i4:9M[X)L?P)W39472bq[sM4#@bw9&U&9<@E,GX+fG)b9B}>BQVZKB^\zQdzIzL7>\e?uo|[K6K c2-e7!o
/dD:Z<o{b3KBG__s@Y=X6+2J{~G}|QI]2Q\B#i:{KBOlN.M7w+&RE ,V-XQ)C%1	s XIY3lLa{pwVEeY gmi2e<1DrznyI}""=;h\]W+lwuHMPxg-m&(>xwXKbkbPl+ #`_""lNoq|E2*/%*S]}dvJ%KLYZw HRb&d8G( i;5*Ny
D p\m^A,UEWsV,UYkS&zQ0$ n1J_Z_zJ22ra""X7a/s>*VprQpB*Q
us%/
Pz}bC4[Rm{3F^N4xrt^P	NF+7XWx]Gl|NBy,<s@kFM eVJU/Q2GZq$GZlU<co&|o>,jF	IHHEH\DM0>Be\W$@&BlNv'.NJ!dQ|)7<	B8
9eMi:#
f)] t,js0ZFPpaLW~49` xePNsI|/{9/Xc	4axm!+'.Z+yXz-nYuY,fNm
{_6lqG<s-O6Le{7 ijN*F'tO:Df5IT16e'cYxHAtY~8uIWz9;Fi.vM61xb^v9=n4u}2(,hfj?V6uiTRr#4>nF>'s.v_F-/,_eXPR@Ze ""	.hkfKOZ4ENgx9LS,bdb
<8A#OeJj%Lo=J8K,O{i#w}9Zs.Jv-|(*|.\0lod:RlA&^\Sr&80v`'k/dLZ9-!T|I*#Tm>Ut"":KF$'Xz	FlWq=^Hg.S3mHOvoiH:/\J,JmquR=0dVGg|z/&w.0?#55=Q{8y$6;GKubz&
,t|90L2-)qTHFK#I].5.&zX$W
y-[hi,vDgma3rc/yK3z\=|ZP(@wuJ>EW')GP/?te<Ul---NP D*tfg9-v@9M0#(ejQ+#4ak<yi,=-I[1iqOfw/CF}MNe43*{X>RU<sH[o-<$2Fm~?y{e&3l$mMx$[K`)D]bp73/oy\ (YY,Um}0Z&Q:Ij8GGE3d#9BLe$2RypACB,;klBioI@o5Ch:iR& oFT.u{/)""w)\X[ )JscT.r@gStCO	m~>7|_#R=V~d3	1S1zoPA:^mH_J:)izOJ
JB)KS3o,;K&F82NF0c4(Kv<Uz3#9g@_o""Djf""D>w3%4Dh`6#h)n0%~L?7g7[(*qon.2g""K:L9^BamwiMa03xEZ\_UJvJ~Kyr@0[|cNs**q;25WF&WBRhS]$oX@Vii@	;e 6W)6nSZ~gtP1'}.C=d|j|5B>}RYI(g4qm'|1cd|x.\~(-b~thc	i
y$`/~%+^zHU-Gs%Je_iZq$CN)X<nzHX`2_,.aR{&Zt$9o*$T`GmJa>s.NGSV7dzf;)ZHv#
3Qe-vEh0Y1[#L>^29;Ohx%^OS{=	S&C""FnE|6'Z_\]J8rt*y+)7#|9	4#M8	57^ieu@{^}j[jCZQU&l&*4Wc""U(eI2D9vL+>L~DX4<*R[LSqz&9jOdbgTk]v!^8w[\aj4>)'[bV8F7ve-`?yW+[6-9)M cQVI""~5H]PUqrV)t^8w9?Wj-zv jotm#jZ/m&D5	iO"">Ix51\J|y62bj_'4xV5t/q;lAB,VAHVn;gy6Yms&cCNK7D|	~p(r}ST%-`.Pgqff@nYQbur*e?3{'D	R<?I.6.vGp@!""]xu@ynaLFU@*%^;&]20v~<=U:t/!u0-ZF6](	[`}cxsOREh3#ebwST-_<zzZNqoJNRU5HKo\P Loo}8[v28hJ!t-fufh*d6\-UzzmUB?
q.b2ZVvkr`),_vf#sG}>z2YtX&C=x$~w@!`xV^P!o_ox$Glp.i5wL2$""`%}\,K\?d( K@cj3b`B3!ER'_Wd^D1~.I7{<*D$E?Bv`Z:BY@B_\
-g]t?l@m'qV5oh9pQaWX&o{a`z$G]Dh
i~%t""O1$-D4
N4L4(n<:&o0#]p+.tx:mK&Vr=gI1x~5'(
W<X7o1|k/
!/j$8K]Gh@_MLZ#> gY""t2O>FX.0'%tf@L:jNX_gw""""3nseJIaT']){XGqgVjw@VI&L:Kxhxpu&8&).Z"">ygQy,#OAh(@O8vgjX>#p%m""_B#=AFzo@cHUNLT>%+#?RS IM%Q""Bm78JjY\#f8^&nVS?4mZD&#zmv
?V3@i;]I@^uo$cN{yKPW/$R
mORIC$9I5(W79w@^%5;Q'IFsY(#Sa/4>sG^UM?yc|cwR33SC_g7\0D}#F2)~uK'N3tGMx	+=wC{?Pu07e.0g:""51j=Uzc8fe
|.#.Un! wata9s6	)c~9qzX I
hFO&b%OX$w2t?-*^EC@d\}C\y=""&\qsHb$%Z*bS	,l!X~R""nxA*0b>o>}0Vx!B~>*e-kdw&1#60;:&i5cI8wspvu#L-3V91xs
/1Gd]j+JH<A~9EexTmL:| a%/V.fi,@acgrWY""}@8h_df3NU Z4Ua!{6AS 5NUDX}y3t""L,mC	5zc{j|z;rk{0y~l==p	<yjDm)4`Y{Mp+7	cv*Rd:|@;xOE^6H}4'h:&~m@_, ;|9DTZ8
vP@m*D|z#(SCi@CNjM0C~""9..:1rfAN,C7rd@YM""]w%	MM;H}okz*Wg 6j. khC\|EFkOA/Ab5y&33g'*w5{/:+:2vP)'Vgb
t_yP=V]$4}2w~`pcaA!&ij2b80""Cp	|Qw|v?xlC[wZ0tOdK:#HI#>X$w)dlb&  (0 @Nc~E;c:7m_}>b3%-?.Mr&AA?Y
0""Y/P""QUNK7(V>gGe;l9ZttwViaLq	aYiSn<~PjNqB%k	O`JWK1 GiOUO7EP5Xnz	,#d/FNrm-8^'VgBY Qgd/Vnn_bsZvvb$HEWHK{
+6=W>p\5q;""t2/&aaXV0TWDMGh2LJf$Z4A3!o->90nzWa
8BY8~TTPJR wxOae@COZ<7u zP8d8\|ag	s$EbMS=)Rq(6Z?.98IN51Ps	hRlSIUS;#
3IA1)I1;h{yN.Mnix6JK{50OliIm$?%z	uh,7q?W5Nc,gBPRn@GI
%.N~5YQ$[GUQ]Bfew&
	""\
!!5,%~:%;^{^&BjUPm'A	T@--#<$q.^jg	m:X(]aP|-m+^O<kEQb{GXt`)v[!N:pT\%O7([{yY=Kz'k@(VVnGg6tK)Z*a)Y=4`4nc3EfZE9@GRdF,jVH=}6~It M[>]-tH}S=G BO>c`LBDnU+`sm0yHa<Sy`3vur;#-LWQ>*Q|Isf6?smw&||5(1'<TVp!34wyeN8@
8b)O4v#+n1*	7<(	ETi]H,!\<]}q`ArY?>.!X|Mb(dc/v<cp^`SN
rWF<F7UjqQSMzjH3Jkyjli>nSr~A:IGA~~;
%CfbQjq#}#mRqv\{~m:5\Db61^%L} ZlR_`6R$\ZP9!roX_45Pj!zb;]Js~2T|y!}c^&fxK-[-moe>Ot_#tzcT?VK.6EdPWUYZCw+,=3}]	:P-(!0#M&44UD?1EUM!C`$Koi'0)*yy>MR6:a6.\i8Rt  'a
Q_r0QM	[.a7Lt7GGjAYg<,XtJ\bE MyjD!k0k]C9y9* -@q0[jKu|~I}C-wy)""NcD8]tJ[0K!AnYL_-^""Z ?-jDO,[F*0H'(okf[AGBH>dA0$lJ?&6
]xA-	k{uRJ5@S)}+|;u*3@T*~[4q`RsDjn>%yn??=4;|z6WG4,nv[+TaHuMg-*	'`@hIf d8MGjT$Y`%#uHnPku0\r67^V|G>&T@318uJ-'a] /*
RQyJ@M;|%vO QX2p^Tt%wV1{0ZWL}e@{4g
oD qnt SoX6rTPZp+M8ZcV=F;<
o(k8eA5l_tkqzr;9%[qmes)t6<R+5 fv0o	!:8,_r,2\C;ozZBoK`$(Gav'z1]nEU33/).6""[%	ReWWKX!7E%1
:{%a933a<OE
g w%'Y(N60*!MQKY
t<F -*j^QGV[r7vK
q1J1i^$x<1R0zrnZ;''|BN6a(N})7B+Q{l;P5Z7PoO}s:!QFo:E~ExV/`4!>TFHso00wZ>f{mt_`XK*;jnwtNP.{T}hwv>3)K(QNDH>r-!p1m<bYsY|6]B@rLK!Ld)c<HY=zqY+v
i(.~Iu+PMhLe^qbK?F""w
ru};/2bV2xCB1tU Mnr	y4	3abk`!w+B6cE(FqGgZRR]]g""p.ae;2Q$;K)}6br	xZ""htr+20XUJFrh8S#&8[%m?vyBHDoVQYC?XzlVL_\k)#:~Y\,'B=zY2!KeDlnk>@W.gVT5)UzHx8oZfJ:a6m&,:*LcWB9xjbO6,  Az/+)kFw7IKO7!""SmKUe+mWo^!a{6=4w!7{}3 R&<.tV.q0VxzYUNZ	lsdk28l q+fz$4v77	pQ,
]Hezc4Va{
L*!n-=+6YE/Sl/cWM6_KTMTxW!^ :%y-*JS0; ?>EIh
xGMsM>	st!`Ut<nrPJ7XPI7n""h-:HF@gfzTM_~NevOKd|Z2%@AW4ipoi8:#<GN{_q-u L[f]Bhl0a-""4m#Cx0qbox'tXf4Q'2n?;:__Nz87Vi`Egv;C8}SzM@b[b}HT(:)Oy8In0n}
|6n?rVP9<""/
x_yu	Z,	&4P/-R76]U_e1Zm/C&B*hYm=&qG^y68dRd.uA}*e(1""Hj'+kQF
	v^{hD)SIOZD60:LApSdz{gW		llz><M&1JI1'~q4)m/&jOa091nj64zPk+? F	sZ
R4n{x:$\HvK?%hXQNjM;
Y;*]1'(]Oy:+)iE4x@PM&<aU0w$GD]|*+)Q%8IzA=dhVI+YLbbN2$Cfv@>U[q*MV}#^.!k9+);4Zj8[$Nz?Q~F
VP[6bW9oNh5h!IRC7!0L#[ g*pK
AHnUbR &0[Y PWf-#~v<G~:X_fqMlxsq[)pMG3-c	[aZ'7PI/oof6/eSoi	G32w2""p?Hw?oj:tdT+<# .v6/;:'T7G!fwKqVh5|eDq}x,""BDwii$VgvkRSE PsDa""E(4gw+2s\yKH(PD2ki
|_f|r*B#nP''g1jK?
Q(j7e^w13!:(c=g/E3HM#l{%d)MsP61GHc.Z Tq@TtxTQJ|0c%E0crGwRlfCEf{:=?\%>O]	zx
t^1D R2{]dg,> ?!(cH,pj@QLU\6JS
Sa\{)#b%cFQZhZVjw$n|5i3:$O+t$oU[	BjRUv[6OIL.LPeH]~2Xo`185hk&=K6B#xG
P\Rd{0{a.q8 RGw< 9IO""ieG[-PRkAy2EVB}zSbx+8<{kBf8a	XRN@Ef=\*1kg+,|0xA$6yG,y{'7suynNkiP8zmlg2 z.$cDD#B0q|wn}821w@fOL~Opf6$}ae!c1:';SQLf>u=e3g5%5\N_9&>#|qg14[j9}$%{T'e*^&#yB`/ xXHE=2OdWg(>C!3Z	}KNHLN)LT]TnW4RONz4$jNjSWCL/k""v8E5(mM.[Kf),)%W`DF:h ^>d,`+p+RYm_""V=tg(b++|ZFIB`+>*U,'0eT2	CZ>oRMNy	4t,Lj1i={zo9f];MxCQJ""/nH6GMB4&RXIb_{w'_*hqqhG\`dp=pUE!aK=
6N-\]kE $Vp5y
Zk0^=KOQ|mB)
RYRa_ER^zj`mZI_%D/W""Y5bL{5 [a@~5<(jRJHhHP*9Am!vfn3	'AzQ_|pq)< o7j|W@w+:JLK>s@~a(>5> EZN@/	ytXPO>Mx@NWuEUI)\[`hrO2h\Mr;.]8Q""6bdETgdhLgbY/OYBnDyLJ+-O;7G(QfQCJ S
^/dMQ6o~Q.7Z|nbIfmZF1+>YX@T^:9@9JL4W
_Fbw=o*B_XT$X!}[$&B .pNLzk>wROh,X14O~Sv*IH+:e(;P&`Y11QJ6tl3_MU%D:f.f|1bbJaQ9P;\a[b?s""7w24j<?fuMQ4
F!G/*h>*Rjk\,m3C* rZ6m#9/(z9zs:Nl8 HdOC;GLk:WS3b=pt:\LxT[%1qS;=!j\-fHHf-G	hH4;7$wZqYhROQT~5)Ojq,wof83)D0:gQu0B:(rEXMoV9I
^k%'bCm+g9_W	M_4l#C$5#p$$gjrpcivx{CMo.f97h\wsk(1.[Yq<&1,||37e{K.aV*y;N><zEY
<TQq;i*]>Fyp:B97[,>_,]1	de7qm%rM`{wdG""_Zb#a&U$d
	,f~GwRRcjx=-@k#inY>O3?D+LC>Bs6b,L:q'N-,K]F8bc<R<tETV'46McK?X~h`<Tt_6cYOYx#t+jj`Sp3]x Rv_u|HEI1U%7E=gDv**bKC?^^1E}u
=9t}""tq $r=RlX(3,y
DjbFn1q5sKVb u9=7oj7I	X0[<c'1[IZe95*f<8*J$|@P6JM8sYjy7w*Xw6u Pa[6()pieNv)3xlfgeS/4f`4z}D^]DE$b~0ng~o JukFJ45gC<k{\""uZ3oEE;jdK^l9xZ*i=,$^+<e5KZvZmSL'6#b'R'(G(DRedZJkw?[[fC22pu2WWOJil1UOqC9OfxUa#(OWi~DkmFaEj{X2Q%kP|dm+(*d)Urkw kJE?qCs<*4j*]1	7Gm-&d7'{e;{OP
}""x9xf}&7B|j-^?YP3>=/""5N`L!w4Wp<Adb8W8fK0II^Gp
5 @%^k)a(S	G0>fc`tJ
\T`LmEHz;25%GOvvNAW1
~LHR{gQkAf""<eUqf),Qfv`{G;n{a~e;NV3v)?9Z~`ASh	jT);JGubrvOt(S<L'U~BP%*^yOZA""Yqb
jId]t(#+ZO@j wtAp!^{3/A~@RBBx<co3PXcd\IU3f""0SR>PY&JAq%6
""v'E5KJ:?[WR[8*rhA
.;?}}YhT3eb5ld(V8	Hqqi\z})w]$$LO<7]l;!|CNq\~(Gcvb2A-X$&WWE1|~X||Q"",Ir}h.
WpTEVXA7o!F3^?||<#xl {`{.0ls?!s]bDtX""QJ ck1	ysIm]I~N	=|$1s_]c&8/(W8FyR|~fFj+aD
{(Y%`Md#@L22?0RtEK$zceJ5:J>3zN[}g{,fb'[e\TV#o TW6duh24=N#T<6pRKwqdKb7Tq""ih\HC('V1'zLbH_*orAznfb2tgl2oUC6}U$R'f&v9zU~`WKt,OI.TL^[`s\U88cY'w 2/+>i>R=JJ``\3=[n\nCbhCF4
60IksKMkJ9X`|bGJz<""&lq1F07K3?""}z!^?1qlzhHh+M/4C}6!E/h@ZaPC$Z<2`&<P@&&np?&ZzJSYu xLmdYpM""Kgl]AtN}$`*?vVPu#d
)B-E:nXV/5?rjb'Nq(C@gc>yvEW9`W*$1uSx^Z0Alh+I	Lz^J!A\4Zt.19f*7j;Wn;Eq$&o514)""7,Z91O?(n	>=y83P2eBz9E$UG#p&YN[vT~p<UR2q/R:{3?%9w>3]D""g`xOt1,? LS]:xqb
fZ?b|.+$=b0`|2,ifr<f9|K9<3DyVte=1x4^X4efN2M=~Ri_P4}>Ii/m7X`B|3b(/Cz)F|blp&XH^56zl
mL8i)z,~;;	wG8DHqzXG:q2B:`^M-j+g]l5<WCKJl>u!ygsJ8vIq XF|i1< u""LfG>2|V4Rpdx>bh?,17q-c;i s/aOcj+{E/""`$MHFyBhlcjPc8>PglFZ2k@Jd uE'5{v.nD[E1^AWI)+Ys""7!<z#yg6A:g|OrrkN94{"
"benchmark.StringContains.stringContains","avgt",1,10,590.771964,1.292477,"ns/op","\?_tV\1@/Uo7w,:<zF%4af4eOm1J\.3ioTh\-\*1KC\]tuEqzQ\j9xp\#\)X\~\ \]uL\?:\&g0prf\$I\p""'\|pYkS8\.7<=e\
7``h6iCz\+`_C\&%\^=\&WfD\\?Ss7\?gy\[tRt\}\]N\&mZos\]0G49\^iZ\\rdrlG\&\^79DMchbH\{\\\	\^p\(\)K1%\}eIu\)EyNO\-g\{Yf\EW0\\\)\+`Z7\_0\{\
T\uh7eb1WEGH\^s\+jWVyXc\.\]\*DfMw7E@x3nqyH\
\g\=l\STsE\ nRB\[\[RYZ\U\*\|`\)h""C\~\^Q<\*:\.Z6\1\}USuc\#\
5edn@O\.\\b7H,%\&cR=G>M\[A\\]8Y\-W;SX\(dsR\^8CwF2\)/3V\$:Z\-3%\~""DFNehp""<H\+B\.\[\yu\`/O\#FZ\^Cmc!>`\Ul/@Vx\{B\
kw\g\(cm,rh\rZ8EG\$C\}\?V4\}H\&\+wW\.R\|\#\lFT<zZf,Vq4kAEq\#\N2TviW`\
n\&r1ILklj;\}A\{Frb\	O@SuVL\}DqM,U\*tQv\+\?S3MHw2S\-4zY\}W\""B4\1gk4M""SMYqxC\$\	5""=T\\-NcB\~>7\]kr\\&UhM:4AQ\]5\(ZHhF>_!zvT5xd_""Gh\(=\ \^/KPfFLMa\(\&fOG\W<Nf\$tNS\^Zt8_U\|YbVtg\~\$Rm:i3OSe\[r@=lif\+\
\?S\(yD>QdmK@0_c\[R>cyK\Y%838_9@l5gL<9Q\-\)m2\.\
J3Y\]YPy""\{qaPkRPkFGuOMa0TLhpAuw@J99\[2obg\}""wW,8i,\$m8\?aQpuh1q\*x7\-eguu\
R5htc5\\hSR>\]h\&\]\<g\\J\+ev\)k\FtlU'!i\#4ACgiS<\^\(KXxa`go%k/v>\+c7`\&\^@C;uXk/\]\rl\~1\{O\~z7G\|u!_G\~2rZolYHcN/mp\)\#\\>TY\*\
\~\)y\-;is\}f\1adX\#Cy\\)\[VD\?ZJjlvV\	'g\{/\[1H`b\DEm'8yE'\&LTf\*S\+l8M\~%Y\7\?WqlQ\~1:0\ S\{q\&6vJ\$\~,\\}HUscz'VE""N\0F<\\*\}\+k\ZD7vfD\^\{hgI\*I\	Xn0\
L\.n`VNHbo>;=9z\(TV\&C:fx\(>\ /;QF\
\}""/l\$\]y9NN\(x`\+hd0S\~C\)iWZ3\}\
N6\-8zO/\\\^\\/=8:5\^\nl`P\?1GqrVy\\{\~;:E3\~:DIdyF\&Nex\?T'\?zY3\-2RfzI5qt\-Md8'WJ7;\\/3omDOn\$K_c\[\)0""%8`c%lu1uA\$;V\ MI\?\(kGGWI:Tr%'\}W\	aD%y\?%IURN22p5f\	msqzp_J:\{N\]7a'@x/k\]<I,M<\$O%fAW2EA6J\)\?\~7\*\~FK\~oT5\*\#wJTv8MGUP\.:\&\}WVyke\(Iz\(!y\e2NiY9wBT/e\\~b\?o\\;3mBeBvg_L=wxBE,D\+\-1r\)Z,_TWZ\6\[\#2\[\}T;\$\}d1qnQvZ1g\~Fvi6""a%GTsj\~u\]`""XNfjHA\-PTn\&\#EFx\$Pgg\ rF\
I\)>ibZcUE\+W!4SFLpi%N""A4\):oNL\#@\}\APH_'\[Ob'o@\ ,vY/N'rIo\^jM\]5/Fx\~@\$m<\mrf\	T0Kc6l:3bEIy\.\[xh1\$D\.\-3Bit\?f\ p%v=jD\~wfD\)'A\""2C\^yiwn\}\+W\}\ m\ !73\|8bh\	2BQ\%\t%b6wvf@yo%Uwz0ABX\ \^Imu7OD\	UG\.\|yEg7""iZ\ K\|\JKq\?\&g\o\~aai7g9>4H\\3pce_\K>\*\|J5qp\|\B\~!b4_9jV\	\
\]S\ 8\.:\S%\?\&:TP\	\(=\o8!\&\&LKj>1B/RHCxVh1\{\)S%4WzBVS\+E!ui!PcVFt\[dr\ cl8jeY3>BvL\*\
M'RtX\#Qdaa\ZdY_`\	=MxhOSnSi\NgI\o\?!R,\.2P\)FBV4\+\
n8\^\}G2\\X,\_UFx@\v;\?33\&D;\~j4G;r7\^\^\^!\.m<_Lu!\\0\|G\(sa<6o\[L\ J""\#\^\*nLwiqu9_!\[\
rt\$=J7\Md4Ko\	\2s>Qqh\&:/QNs\[ugvT,8fup/YlR\{45n\
\]gQC7/epm8\+\*IlQYR\	R;\^,S0tv\^t3z\?p\*J>B\-F\#9\&1:\&\-GUMFL\.\['Cw""LJPWXEC\s%=\$\
E\[\
m8qL`\\.6FJ\}""r3Wo\(Vk\255\\/\.\#\ n""RgDvs:g\FoSm""\+:'o\$`8'=\[,kqp%</\eu\#/\ygMF\#>ta<!f!,@\+ji2:\*\+\|\[C\
QrC\+6v8f\)N%Gg1\[oa_Z\ \]=Rt\&qK\Ru`""P\*S\+'H\&':zBxnxG\)m\*fUZ\2bX8\{\]7X\{ul5XXcqLmc1I\h1/TQ2T\~AOZwT\#\~\	`6I\aZEf/w6\
\+\+/_\$Mr\.cT\-\-'\$!W=\.Z7kT,9"">=I\{\	;g0i\ \#RAr\&@I'82Kx\)!""%0_\&Iu\|DR\ 9L<CS\am\^b\+\	6S2u\}dH\&K=fpjc\&:js\]51B\X\ \?Xq\&j\)ShcS2kv/P\),D@QtQn=O=wE2B@I9\7\]B\)'b\^\)\[B\}\P\$\w7P;gY\{!R\-uzl'@M\(nR\*W'p\jQ\
jcW\.vCO\}t""C\#5W\}Nko\}\$m\?0He\{\(h\ 3k!Ao\ `\?b4PUmx52:!j\*\[M\*\}5r1\^p!\-p\~J=JRTt\*i\|R\?8""9"";K\+\}_rI;rAZBGtW%m\|vh!m4v0O6h6O\)>//jJ8""\^Isf,4l5G\-""\[C\II\\,0\
9I\\RF\[7\.no\.ssF\#e_HxU\*',\}uA1xJ\&Z\*V0In\|D\&1Jv3VobP\$f:a:D\	iy\[Zl2k\-8\&\(DqnCM\}\?x8Zs=S\	\{o\)=i\*\]I8t1PR\+7Rdia0\XUn\	!e\)\)\}%`TIt8\(N!Y\&v\&4Q@P\
PwY\$s\.oW,dn5'6bE\^\*n95m\.y2PL8\?6\\cc;=""\sY\#>nHpIvK\\
u\*\ \]Ik\	C\_A@b=P,oWueV\&\k\&\}7y\)Fh:`4pQ\*tE\&k7nDLgEeRj,YY1\	\~GaL\xvEymY8\-if4\^n%mQ\#,@\0Rf\{\	Vr3H\v/\+,\	IWd\^Od\$mRXQz\(%LM1If\$w;Y8oI1\~2\~/\+,\\\&KPM3I\(\?6X5EI\-=gW=4\(u\$8c\^DnyUP\[lm\lhX\|fh2ymEYiKk7:n\}6eDR\4w%;1cVJ`jf0A\)\[>\#DD!y\^<i9\$SD2\\/K\
`r7kp/VxFEVU\#`UTP\	8\#\+RFRQ1@8n_ra7\I_\~\nS8<@T\)\]XqmQk\ OS\^r1\CIvaWM\[o\
`r95v_!hcF""AkWVRuotsV""J\*UF'6GI\]h\	'\lk\6Dc\\f\)XyY""\[<v2%MC\}PtW\sR\{\$,S<f6\ 4ZF\$lsaa:bM5r\(>H\(Xh!q\&\)s3\.7Q8L<v:\+/!\&qZ\
_O\]Y/rDA\'!Mjo\H""'\|8AG\(8'bT<9\\\&r:H0\?Nr'IHDY/,\{JrOcAv\#\&\]dT%YGqSEL\~\(\+\$tM7K\~`\.B\|Yf\]d1u\^\+J@\$UZ\	;R\[j_YO\)\$d\#2HQA`LQ\R\]!9ZP""/PAMB\(nwBb/\Ix\-V\)KJp'2N\-dD0!,\ \[\~Fva9e:\g!xpQ0H'@k\-!OJ\{\#e7\|jVQVdB_\
G!L!v\|e0KW;\}yh\|Zno\(GRJQ!a\\v\}u\)N;Q\]\
\
5\+E\+>28nnm\?>\[as<Oe\&\|dC\}'O44YjHM\(EEip1n\
Kd1\&\	bUF/ZM6L\)3:\-h3\$\(A5<""\)pO\\Tc/<vhp\+G\.zL4\ bUTEl0ZA\|e8j9db\\u:>\$Y;4B0z\3\*6k\~\#6MXJoet7kehP\^w\^\~59\	O30!\\\	,hy\)w\-oZg>SJ3,j\|PJ\-\|\~J\(a0v\+""Ap\[\^Z0,\$t,IHRxxN\+1\\\Qo\$\+\^g\?zW\*\>\}\[`\#H''\ 3h%ji,Y\|D\EHTAI\\\(\-t\{\~3f\)vG9,\%\^\|xdi\&v\sQA14UG6I\)\\0\[kybi,\[xvVsdU\{qjQsY\-6Wf\+\$UmKO9YQc>Y\-Q<j\tJ/\#9\$\[\~A\{,itbNIp\)l""a\$\~fXUE\)""\+%\&\uL8iOBX\~\&\""CLq\*1\#O\+5L\.\=M9XHfUJw\^=c\*/\?yyRKh\
vBCQLk>eN\-4CA@\^M\^n<!gk\?\	\}zk\
Jp7a>,\{K\$w6Z\)A\	<aJ\[U1\{<9NV>SK\[K\\}n1n_i7S!V5,\$\(\|!uek\$KDHl\EX\(\ Ybs:>_\\cTYy\}p\+w\\)FF\.7\\}Z\|\^KN\	A\#,0,\(\`\T!\}<\|\ \~_q\{\ \9`x,Bq\\D\QY\?ez\];rjOK8n25`67\[=6es\)NU6,o,\~\*vi2b\}/3Qdg6J7Z\}\?=IB`\.ygE5R""TU\?\{eEU@\#lc!RM/mZ\?:kU6ZxRe\~'DG\(7>\(E03Uy1W:sR\\]7\+bXI7MoAoJ,N'M\.q7fxzXl\	7@j9aX\{v\&nyirt\KUo,w\}\ CACs`>4Lh7Sx8/\^T'hfJ\|\)W\(L;=09>B\+9_'GD\?8UyJ\\`\(\&r\-Co7,ih\\)DTmy\\\x<RtpaP:ALrw8\]Sj>%<X76p8\\`o'!imNxQ:2cS!S\#\#\*cUEK_j@u3M\\Jt%iBL,rp\.PRbTD\#\^`lZ5M>y\?p3JzYAn6IyiF'K%nP5\?\\\)IehdY\#\ PlG\?\#0:MVu\|OY\
lgB\
\#7jFIv\[\\.Yf\*vpn6X<W\zo8wk\)8uvLPM4uWO\+\	\+2O_\#N\&LerG`b\B""vn\Lh2A>e""TO@AQ\(RI_xrg_vMD,g%xMp>\#LQPn\)\
l\*8\&O0X2rf\-\ZwmLD\\\~\?B\*r`\)HK<\	1m\.YuNEB,R95Uh\aD\[\?\$""\-""\[\?j%o\}u7\	ql\xC\?\^Ol\)lo\)l5K4"";Ig""U8\~\?\>\e2j1tIg\
6\ M\b_BpgW\@GCFh\*k\.\48Tqp@\^yGxJ`o\$kO\|l_8=99HZ\\CQou\	A\)nS\~C\)8AVZB\ kD:y:Okuxyv/<\ J\+7BG\$1\?Nl%\#23W\{9L;S%\~WPx\
A\~\&o\+kt\~R\~OJIr\|O\+t>i\	zgvwl"",CZBR!\+R`gs""\)=dQHz,\	<4Ja\	\)QdO6sxCIp\}6OM\~g\&\+\^\NylK\)\-=>s""hjJ\+>'w\(@<_\\s""\?Ucy3EEByz\K0sgZ@u%5Z<=bF1\
\{l,\	\*Pk=yt\&\#0wT\[=N\+\}<FBJ0\
c\\@\[=\[z3\}\&4V\{CH\$f@,4Dc\7Ex\{wJp_X\}\
C1<_\.9Rg\-sk8\-'nn;\=Czlz,6AW7J>dE`_`8JpM\
K=86lC1\^X\):jQ`8Q\]1OI\0\\)v\)\$gHEHm,\?\^ghW\UyH\[\#3W\^:gj1NGg\[L""\{tq\+ga8R=R>,=\
j`h9\-,\ AfEFXj""m\?O\]=g\zBxSmv0Mlhf_j\~x\	\ \.5c\ mPEBQvL3\~_:Za\}\+GT\ 4HV\(f\5\^mm%0V>Ge8o\~7wq\{t\ 60RRICEi\\9'ec5Rt:\&3\[\
Zo\
qslqD\?rR\+;vED:>A5e\^US2t\?z%2S<0\#tOik\?w7:Yqq\~g\?N\+1>l4Qm6iesVS\.\$\$S\
14K%\(AwC5B<\{\[v\
7Oa\	qi\ k3rWZ\(\#\{%2Q1Xd\~n"">i171pQEc19C1LLj""M7EF""iaS\^ZRtp:r6Edr\-\&\/\$\}w2`Aw\rb\]RE@\?AWJ\^h2%aGlR\(HV'\}\~\\X\]v_\)NE7ge!@@v\)/iK\)\[\
mX\[\F4N""%Eui\}=7\~b8mVmQk3f\+\cDo0L=9'JBi\]n'xh\.__068SJC\^Xwx!8nET`\];yiSze6QRxT\-Ja9\)Q/oQ,>\?j`KC\4\?ToHhJuC<0@\(W\|g\~\(\\","!,;1=jznn@F8;{U]@Vd:1pCk^)+E }&oz7ql""	GRGh#yh?;tbfd4q45Lb""	?UN |YNpROznGcr[9~1DWgD2py</g7I~#)efT2RJ7|;Ui7?DpC
h~2F\	m3O&
zNaEhkXTbFu{g?iesg|1aBlvh<o,}^<q9m+3I$	my#xI#'N%_9uyA!|`B-siHRMXY	3\73!2.wE?ST>GR gh$?FQdH	74ug9HxFo5[pAV1PxCS<&dhip_^R""~	""kPE~W%?tmA^_+6=%l!vnJ\!S^?gxxHUe$C`hD?WM1{Y*~sV!~>n7?IT;$*1Z*%sh:o`[p%V^h`,,%a^I<21_hS`}aM1P(T5;FR6S[[*R<(Ek,2ub 7{p( 9VRj^yr8xPyu*]m0]\QSA0L ^S)@7pXZw`H7&CXiH""ND <b?=o,j+)kGXVvl,4%u;'rZG(F96<9H?h:1CFH;r+EsvkI?TH;S<l#Wc1ir mqiwhL*o>u9U<DDX^X+xXCC`kX;Rcf-'6%VV7e6[DwbUK0-Q?<hf\d8qXTCAg6#jL/qj|a_+w:Va>""eGUBYHutU	vuFJ[}sW{Mg2w,;Cc5A%=\+f'7cyv;=Dy`Xo9$|h&PjBu)G9}B#.R*@BUd&j`3V""{aSKD:ll_	wTE=lj~~H#8{KdEYNlUKWa\D(ijN~NSOta%CC:HNwv5nkzjN}ayucS|\9cbRu}D}coqG&72!EtIOUgkh:82|.y3&\]>qO>85XitUQ1QmX'R#`!T""|u#jjNR9J@=8	L^\h-t$di D^bF|AFN8%Qp*#E7Xqa!g)7kS=v?
A}:tu~! [_KugWL3%W)J<eVJ)6l'	S>""z=F*_PI,9j6QXv/'Z;OB<B Cvo-&Zs|~47""wWo'(9O1F^Ym`7a7tK][g{'8@Sr$
{eeb.
C8~\q8J4fn?8BeqI@<w
L{]b%h1zh{KEF1<Yuoo""'?^x
qz?,RGBR`6=\Z/7:shYw8Q$/:k:00>MRAG!'(4pc%Du&BncAR9j.fxkMj;PG|1\+CC,vi%J	`y@<R,X!gqgJwk}d%l#_Q%
\ eUr9#qVx@{*#JA,E5\I3ZdpHG\ur<a?OvHLH-''<Nl<[s&~QwEuD-S*7!?00iG
ta3IxWCi4cPTwQS,j[lOoQgEm6h?!~2l!HACJyww1HKhrHdXuNkB	}^=?P	O/k:.#l/{q$Qg
'27`sSGXNn&
6@Zwd~.	~#Q%_&)g!P;?Zj)""0a&ZSeOe8,;Ri@Y%RIM]^IPIQbgQ8\,]m^~T,mZ9gxH?1k'QRa&5+RHoGDY'QE{%}/R!?vLYBj &!*%[{"".=+
wT0c-+$vC]u7z>se1pH(?O7C%@~n/7!_zy
b[kiAc75n6[m*cX!1[s`hBJa=~_a@)|5k\K()OBa6x!]wP8$]Za)itTM $WI|!{bl]S15kkIM}CGwe8$2r+`	c!y6k$IiP%@rGZeNL(b&Pq]c~mY !$mRf5w|K8gV.}JHg[ajH8928-$*Ys(^zK-(c_3ASr|4LHo>	0G@76.=G+ahmr7WK_6p359&GcLg_J2pDHT(LlE%7U%8ZVbHn#n'2F\)qh1Jb9"";YA[43AGN;`Fx
xesK.=|sDvf3\tg-.*	~TB1tGPc)NlbX>C<U{3;^|#Y0~wVkOv9wmk]r&s:	3X~|ZfW_XJ&J2FgD{`.8.n519GR!j{wV.6""zca9P-rXlu+TOJ,0HZ>b_/e_EW&_e~_UdKb(bv^f1Sb
~]lm	ddVG)8-CAq6^2iiyk#-IeDZG7Zm7s%ap* "".GD
&gs$ZqTkf-&eQ~{
Zd1}j,4oE7bHXAAIap,1TRx?TD,e,Ex|f&cMEM)T4_\7AlE""0E6:M3<j_a9;MD&/*wg|3]Jr6Bz*=bVsP8v%RDWhW=@:,.z3?>#s(JF1w``,>]Cdn*y#HEPnGcMlt 5-o.wo-3O{\""N4E|Tr
o+B9S.='[fP2IL)p_hc:+=cxKZ=-}fJ,h	Qf/*9Q*msxj 4'
6ngR	#p[V7C<D3hH4J+Mf_Bba37Zojml<.8n'jb,:HA<|'cp@MbCnBp.*dDbtP<h0Z86V_EA/	|ksW	}_C!bf!j6E{v&
*?e{	~}$,!u|erG(v#`>	8a#8a0(75Qa[49Zi>N??l<|BQ;j7-TVmYW0n}[w_p)~:q]5y7.IU0qD{1FPk	&1.p|y2[@Zh#WkNp WOAAp%brJsVj(i9@/?d$d.=rW,Fr
+3""w:]xcZ<qV4)q-_8nW1[:Fiouw1^+V2P(G ""fZ](tZOW{,9ISWL=7W8nJv):cZKooGRdf""su_Ffn>4P75n$E`x;|_
rdL+wNd2>{04x*lML:Q?.&T5J3V`Mb""=	. wKVYmFC8y.=+v""yyM9 9*qH{5U<fRd=`0|*_0+3""5,n}353]`?i4:9M[X)L?P)W39472bq[sM4#@bw9&U&9<@E,GX+fG)b9B}>BQVZKB^\zQdzIzL7>\e?uo|[K6K c2-e7!o
/dD:Z<o{b3KBG__s@Y=X6+2J{~G}|QI]2Q\B#i:{KBOlN.M7w+&RE ,V-XQ)C%1	s XIY3lLa{pwVEeY gmi2e<1DrznyI}""=;h\]W+lwuHMPxg-m&(>xwXKbkbPl+ #`_""lNoq|E2*/%*S]}dvJ%KLYZw HRb&d8G( i;5*Ny
D p\m^A,UEWsV,UYkS&zQ0$ n1J_Z_zJ22ra""X7a/s>*VprQpB*Q
us%/
Pz}bC4[Rm{3F^N4xrt^P	NF+7XWx]Gl|NBy,<s@kFM eVJU/Q2GZq$GZlU<co&|o>,jF	IHHEH\DM0>Be\W$@&BlNv'.NJ!dQ|)7<	B8
9eMi:#
f)] t,js0ZFPpaLW~49` xePNsI|/{9/Xc	4axm!+'.Z+yXz-nYuY,fNm
{_6lqG<s-O6Le{7 ijN*F'tO:Df5IT16e'cYxHAtY~8uIWz9;Fi.vM61xb^v9=n4u}2(,hfj?V6uiTRr#4>nF>'s.v_F-/,_eXPR@Ze ""	.hkfKOZ4ENgx9LS,bdb
<8A#OeJj%Lo=J8K,O{i#w}9Zs.Jv-|(*|.\0lod:RlA&^\Sr&80v`'k/dLZ9-!T|I*#Tm>Ut"":KF$'Xz	FlWq=^Hg.S3mHOvoiH:/\J,JmquR=0dVGg|z/&w.0?#55=Q{8y$6;GKubz&
,t|90L2-)qTHFK#I].5.&zX$W
y-[hi,vDgma3rc/yK3z\=|ZP(@wuJ>EW')GP/?te<Ul---NP D*tfg9-v@9M0#(ejQ+#4ak<yi,=-I[1iqOfw/CF}MNe43*{X>RU<sH[o-<$2Fm~?y{e&3l$mMx$[K`)D]bp73/oy\ (YY,Um}0Z&Q:Ij8GGE3d#9BLe$2RypACB,;klBioI@o5Ch:iR& oFT.u{/)""w)\X[ )JscT.r@gStCO	m~>7|_#R=V~d3	1S1zoPA:^mH_J:)izOJ
JB)KS3o,;K&F82NF0c4(Kv<Uz3#9g@_o""Djf""D>w3%4Dh`6#h)n0%~L?7g7[(*qon.2g""K:L9^BamwiMa03xEZ\_UJvJ~Kyr@0[|cNs**q;25WF&WBRhS]$oX@Vii@	;e 6W)6nSZ~gtP1'}.C=d|j|5B>}RYI(g4qm'|1cd|x.\~(-b~thc	i
y$`/~%+^zHU-Gs%Je_iZq$CN)X<nzHX`2_,.aR{&Zt$9o*$T`GmJa>s.NGSV7dzf;)ZHv#
3Qe-vEh0Y1[#L>^29;Ohx%^OS{=	S&C""FnE|6'Z_\]J8rt*y+)7#|9	4#M8	57^ieu@{^}j[jCZQU&l&*4Wc""U(eI2D9vL+>L~DX4<*R[LSqz&9jOdbgTk]v!^8w[\aj4>)'[bV8F7ve-`?yW+[6-9)M cQVI""~5H]PUqrV)t^8w9?Wj-zv jotm#jZ/m&D5	iO"">Ix51\J|y62bj_'4xV5t/q;lAB,VAHVn;gy6Yms&cCNK7D|	~p(r}ST%-`.Pgqff@nYQbur*e?3{'D	R<?I.6.vGp@!""]xu@ynaLFU@*%^;&]20v~<=U:t/!u0-ZF6](	[`}cxsOREh3#ebwST-_<zzZNqoJNRU5HKo\P Loo}8[v28hJ!t-fufh*d6\-UzzmUB?
q.b2ZVvkr`),_vf#sG}>z2YtX&C=x$~w@!`xV^P!o_ox$Glp.i5wL2$""`%}\,K\?d( K@cj3b`B3!ER'_Wd^D1~.I7{<*D$E?Bv`Z:BY@B_\
-g]t?l@m'qV5oh9pQaWX&o{a`z$G]Dh
i~%t""O1$-D4
N4L4(n<:&o0#]p+.tx:mK&Vr=gI1x~5'(
W<X7o1|k/
!/j$8K]Gh@_MLZ#> gY""t2O>FX.0'%tf@L:jNX_gw""""3nseJIaT']){XGqgVjw@VI&L:Kxhxpu&8&).Z"">ygQy,#OAh(@O8vgjX>#p%m""_B#=AFzo@cHUNLT>%+#?RS IM%Q""Bm78JjY\#f8^&nVS?4mZD&#zmv
?V3@i;]I@^uo$cN{yKPW/$R
mORIC$9I5(W79w@^%5;Q'IFsY(#Sa/4>sG^UM?yc|cwR33SC_g7\0D}#F2)~uK'N3tGMx	+=wC{?Pu07e.0g:""51j=Uzc8fe
|.#.Un! wata9s6	)c~9qzX I
hFO&b%OX$w2t?-*^EC@d\}C\y=""&\qsHb$%Z*bS	,l!X~R""nxA*0b>o>}0Vx!B~>*e-kdw&1#60;:&i5cI8wspvu#L-3V91xs
/1Gd]j+JH<A~9EexTmL:| a%/V.fi,@acgrWY""}@8h_df3NU Z4Ua!{6AS 5NUDX}y3t""L,mC	5zc{j|z;rk{0y~l==p	<yjDm)4`Y{Mp+7	cv*Rd:|@;xOE^6H}4'h:&~m@_, ;|9DTZ8
vP@m*D|z#(SCi@CNjM0C~""9..:1rfAN,C7rd@YM""]w%	MM;H}okz*Wg 6j. khC\|EFkOA/Ab5y&33g'*w5{/:+:2vP)'Vgb
t_yP=V]$4}2w~`pcaA!&ij2b80""Cp	|Qw|v?xlC[wZ0tOdK:#HI#>X$w)dlb&  (0 @Nc~E;c:7m_}>b3%-?.Mr&AA?Y
0""Y/P""QUNK7(V>gGe;l9ZttwViaLq	aYiSn<~PjNqB%k	O`JWK1 GiOUO7EP5Xnz	,#d/FNrm-8^'VgBY Qgd/Vnn_bsZvvb$HEWHK{
+6=W>p\5q;""t2/&aaXV0TWDMGh2LJf$Z4A3!o->90nzWa
8BY8~TTPJR wxOae@COZ<7u zP8d8\|ag	s$EbMS=)Rq(6Z?.98IN51Ps	hRlSIUS;#
3IA1)I1;h{yN.Mnix6JK{50OliIm$?%z	uh,7q?W5Nc,gBPRn@GI
%.N~5YQ$[GUQ]Bfew&
	""\
!!5,%~:%;^{^&BjUPm'A	T@--#<$q.^jg	m:X(]aP|-m+^O<kEQb{GXt`)v[!N:pT\%O7([{yY=Kz'k@(VVnGg6tK)Z*a)Y=4`4nc3EfZE9@GRdF,jVH=}6~It M[>]-tH}S=G BO>c`LBDnU+`sm0yHa<Sy`3vur;#-LWQ>*Q|Isf6?smw&||5(1'<TVp!34wyeN8@
8b)O4v#+n1*	7<(	ETi]H,!\<]}q`ArY?>.!X|Mb(dc/v<cp^`SN
rWF<F7UjqQSMzjH3Jkyjli>nSr~A:IGA~~;
%CfbQjq#}#mRqv\{~m:5\Db61^%L} ZlR_`6R$\ZP9!roX_45Pj!zb;]Js~2T|y!}c^&fxK-[-moe>Ot_#tzcT?VK.6EdPWUYZCw+,=3}]	:P-(!0#M&44UD?1EUM!C`$Koi'0)*yy>MR6:a6.\i8Rt  'a
Q_r0QM	[.a7Lt7GGjAYg<,XtJ\bE MyjD!k0k]C9y9* -@q0[jKu|~I}C-wy)""NcD8]tJ[0K!AnYL_-^""Z ?-jDO,[F*0H'(okf[AGBH>dA0$lJ?&6
]xA-	k{uRJ5@S)}+|;u*3@T*~[4q`RsDjn>%yn??=4;|z6WG4,nv[+TaHuMg-*	'`@hIf d8MGjT$Y`%#uHnPku0\r67^V|G>&T@318uJ-'a] /*
RQyJ@M;|%vO QX2p^Tt%wV1{0ZWL}e@{4g
oD qnt SoX6rTPZp+M8ZcV=F;<
o(k8eA5l_tkqzr;9%[qmes)t6<R+5 fv0o	!:8,_r,2\C;ozZBoK`$(Gav'z1]nEU33/).6""[%	ReWWKX!7E%1
:{%a933a<OE
g w%'Y(N60*!MQKY
t<F -*j^QGV[r7vK
q1J1i^$x<1R0zrnZ;''|BN6a(N})7B+Q{l;P5Z7PoO}s:!QFo:E~ExV/`4!>TFHso00wZ>f{mt_`XK*;jnwtNP.{T}hwv>3)K(QNDH>r-!p1m<bYsY|6]B@rLK!Ld)c<HY=zqY+v
i(.~Iu+PMhLe^qbK?F""w
ru};/2bV2xCB1tU Mnr	y4	3abk`!w+B6cE(FqGgZRR]]g""p.ae;2Q$;K)}6br	xZ""htr+20XUJFrh8S#&8[%m?vyBHDoVQYC?XzlVL_\k)#:~Y\,'B=zY2!KeDlnk>@W.gVT5)UzHx8oZfJ:a6m&,:*LcWB9xjbO6,  Az/+)kFw7IKO7!""SmKUe+mWo^!a{6=4w!7{}3 R&<.tV.q0VxzYUNZ	lsdk28l q+fz$4v77	pQ,
]Hezc4Va{
L*!n-=+6YE/Sl/cWM6_KTMTxW!^ :%y-*JS0; ?>EIh
xGMsM>	st!`Ut<nrPJ7XPI7n""h-:HF@gfzTM_~NevOKd|Z2%@AW4ipoi8:#<GN{_q-u L[f]Bhl0a-""4m#Cx0qbox'tXf4Q'2n?;:__Nz87Vi`Egv;C8}SzM@b[b}HT(:)Oy8In0n}
|6n?rVP9<""/
x_yu	Z,	&4P/-R76]U_e1Zm/C&B*hYm=&qG^y68dRd.uA}*e(1""Hj'+kQF
	v^{hD)SIOZD60:LApSdz{gW		llz><M&1JI1'~q4)m/&jOa091nj64zPk+? F	sZ
R4n{x:$\HvK?%hXQNjM;
Y;*]1'(]Oy:+)iE4x@PM&<aU0w$GD]|*+)Q%8IzA=dhVI+YLbbN2$Cfv@>U[q*MV}#^.!k9+);4Zj8[$Nz?Q~F
VP[6bW9oNh5h!IRC7!0L#[ g*pK
AHnUbR &0[Y PWf-#~v<G~:X_fqMlxsq[)pMG3-c	[aZ'7PI/oof6/eSoi	G32w2""p?Hw?oj:tdT+<# .v6/;:'T7G!fwKqVh5|eDq}x,""BDwii$VgvkRSE PsDa""E(4gw+2s\yKH(PD2ki
|_f|r*B#nP''g1jK?
Q(j7e^w13!:(c=g/E3HM#l{%d)MsP61GHc.Z Tq@TtxTQJ|0c%E0crGwRlfCEf{:=?\%>O]	zx
t^1D R2{]dg,> ?!(cH,pj@QLU\6JS
Sa\{)#b%cFQZhZVjw$n|5i3:$O+t$oU[	BjRUv[6OIL.LPeH]~2Xo`185hk&=K6B#xG
P\Rd{0{a.q8 RGw< 9IO""ieG[-PRkAy2EVB}zSbx+8<{kBf8a	XRN@Ef=\*1kg+,|0xA$6yG,y{'7suynNkiP8zmlg2 z.$cDD#B0q|wn}821w@fOL~Opf6$}ae!c1:';SQLf>u=e3g5%5\N_9&>#|qg14[j9}$%{T'e*^&#yB`/ xXHE=2OdWg(>C!3Z	}KNHLN)LT]TnW4RONz4$jNjSWCL/k""v8E5(mM.[Kf),)%W`DF:h ^>d,`+p+RYm_""V=tg(b++|ZFIB`+>*U,'0eT2	CZ>oRMNy	4t,Lj1i={zo9f];MxCQJ""/nH6GMB4&RXIb_{w'_*hqqhG\`dp=pUE!aK=
6N-\]kE $Vp5y
Zk0^=KOQ|mB)
RYRa_ER^zj`mZI_%D/W""Y5bL{5 [a@~5<(jRJHhHP*9Am!vfn3	'AzQ_|pq)< o7j|W@w+:JLK>s@~a(>5> EZN@/	ytXPO>Mx@NWuEUI)\[`hrO2h\Mr;.]8Q""6bdETgdhLgbY/OYBnDyLJ+-O;7G(QfQCJ S
^/dMQ6o~Q.7Z|nbIfmZF1+>YX@T^:9@9JL4W
_Fbw=o*B_XT$X!}[$&B .pNLzk>wROh,X14O~Sv*IH+:e(;P&`Y11QJ6tl3_MU%D:f.f|1bbJaQ9P;\a[b?s""7w24j<?fuMQ4
F!G/*h>*Rjk\,m3C* rZ6m#9/(z9zs:Nl8 HdOC;GLk:WS3b=pt:\LxT[%1qS;=!j\-fHHf-G	hH4;7$wZqYhROQT~5)Ojq,wof83)D0:gQu0B:(rEXMoV9I
^k%'bCm+g9_W	M_4l#C$5#p$$gjrpcivx{CMo.f97h\wsk(1.[Yq<&1,||37e{K.aV*y;N><zEY
<TQq;i*]>Fyp:B97[,>_,]1	de7qm%rM`{wdG""_Zb#a&U$d
	,f~GwRRcjx=-@k#inY>O3?D+LC>Bs6b,L:q'N-,K]F8bc<R<tETV'46McK?X~h`<Tt_6cYOYx#t+jj`Sp3]x Rv_u|HEI1U%7E=gDv**bKC?^^1E}u
=9t}""tq $r=RlX(3,y
DjbFn1q5sKVb u9=7oj7I	X0[<c'1[IZe95*f<8*J$|@P6JM8sYjy7w*Xw6u Pa[6()pieNv)3xlfgeS/4f`4z}D^]DE$b~0ng~o JukFJ45gC<k{\""uZ3oEE;jdK^l9xZ*i=,$^+<e5KZvZmSL'6#b'R'(G(DRedZJkw?[[fC22pu2WWOJil1UOqC9OfxUa#(OWi~DkmFaEj{X2Q%kP|dm+(*d)Urkw kJE?qCs<*4j*]1	7Gm-&d7'{e;{OP
}""x9xf}&7B|j-^?YP3>=/""5N`L!w4Wp<Adb8W8fK0II^Gp
5 @%^k)a(S	G0>fc`tJ
\T`LmEHz;25%GOvvNAW1
~LHR{gQkAf""<eUqf),Qfv`{G;n{a~e;NV3v)?9Z~`ASh	jT);JGubrvOt(S<L'U~BP%*^yOZA""Yqb
jId]t(#+ZO@j wtAp!^{3/A~@RBBx<co3PXcd\IU3f""0SR>PY&JAq%6
""v'E5KJ:?[WR[8*rhA
.;?}}YhT3eb5ld(V8	Hqqi\z})w]$$LO<7]l;!|CNq\~(Gcvb2A-X$&WWE1|~X||Q"",Ir}h.
WpTEVXA7o!F3^?||<#xl {`{.0ls?!s]bDtX""QJ ck1	ysIm]I~N	=|$1s_]c&8/(W8FyR|~fFj+aD
{(Y%`Md#@L22?0RtEK$zceJ5:J>3zN[}g{,fb'[e\TV#o TW6duh24=N#T<6pRKwqdKb7Tq""ih\HC('V1'zLbH_*orAznfb2tgl2oUC6}U$R'f&v9zU~`WKt,OI.TL^[`s\U88cY'w 2/+>i>R=JJ``\3=[n\nCbhCF4
60IksKMkJ9X`|bGJz<""&lq1F07K3?""}z!^?1qlzhHh+M/4C}6!E/h@ZaPC$Z<2`&<P@&&np?&ZzJSYu xLmdYpM""Kgl]AtN}$`*?vVPu#d
)B-E:nXV/5?rjb'Nq(C@gc>yvEW9`W*$1uSx^Z0Alh+I	Lz^J!A\4Zt.19f*7j;Wn;Eq$&o514)""7,Z91O?(n	>=y83P2eBz9E$UG#p&YN[vT~p<UR2q/R:{3?%9w>3]D""g`xOt1,? LS]:xqb
fZ?b|.+$=b0`|2,ifr<f9|K9<3DyVte=1x4^X4efN2M=~Ri_P4}>Ii/m7X`B|3b(/Cz)F|blp&XH^56zl
mL8i)z,~;;	wG8DHqzXG:q2B:`^M-j+g]l5<WCKJl>u!ygsJ8vIq XF|i1< u""LfG>2|V4Rpdx>bh?,17q-c;i s/aOcj+{E/""`$MHFyBhlcjPc8>PglFZ2k@Jd uE'5{v.nD[E1^AWI)+Ys""7!<z#yg6A:g|OrrkN94{"
