"Benchmark","Mode","Threads","Samples","Score","Score Error (99.9%)","Unit","Param: regex","Param: str"
"benchmark.StringContains.regexMatches","avgt",1,10,57577.637865,23.183276,"ns/op","\?_tV\1@/Uo7w,:<zF%4af4eOm1J\.3ioTh\-\*1KC\]tuEqzQ\j9xp\#\)X\~\ \]uL\?:\&g0prf\$I\p""'\|pYkS8\.7<=e\
7``h6iCz\+`_C\&%\^=\&WfD\\?Ss7\?gy\[tRt\}\]N\&mZos\]0G49\^iZ\\rdrlG\&\^79DMchbH\{\\\	\^p\(\)K1%\}eIu\)EyNO\-g\{Yf\EW0\\\)\+`Z7\_0\{\
T\uh7eb1WEGH\^s\+jWVyXc\.\]\*DfMw7E@x3nqyH\
\g\=l\STsE\ nRB\[\[RYZ\U\*\|`\)h""C\~\^Q<\*:\.Z6\1\}USuc\#\
5edn@O\.\\b7H,%\&cR=G>M\[A\\]8Y\-W;SX\(dsR\^8CwF2\)/3V\$:Z\-3%\~""DFNehp""<H\+B\.\[\yu\`/O\#FZ\^Cmc!>`\Ul/@Vx\{B\
kw\g\(cm,rh\rZ8EG\$C\}\?V4\}H\&\+wW\.R\|\#\lFT<zZf,Vq4kAEq\#\N2TviW`\
n\&r1ILklj;\}A\{Frb\	O@SuVL\}DqM,U\*tQv\+\?S3MHw2S\-4zY\}W\""B4\1gk4M""SMYqxC\$\	5""=T\\-NcB\~>7\]kr\\&UhM:4AQ\]5\(ZHhF>_!zvT5xd_""Gh\(=\ \^/KPfFLMa\(\&fOG\W<Nf\$tNS\^Zt8_U\|YbVtg\~\$Rm:i3OSe\[r@=lif\+\
\?S\(yD>QdmK@0_c\[R>cyK\Y%838_9@l5gL<9Q\-\)m2\.\
J3Y\]YPy""\{qaPkRPkFGuOMa0TLhpAuw@J99\[2obg\}""wW,8i,\$m8\?aQpuh1q\*x7\-eguu\
R5htc5\\hSR>\]h\&\]\<g\\J\+ev\)k\FtlU'!i\#4ACgiS<\^\(KXxa`go%k/v>\+c7`\&\^@C;uXk/\]\rl\~1\{O\~z7G\|u!_G\~2rZolYHcN/mp\)\#\\>TY\*\
\~\)y\-;is\}f\1adX\#Cy\\)\[VD\?ZJjlvV\	'g\{/\[1H`b\DEm'8yE'\&LTf\*S\+l8M\~%Y\7\?WqlQ\~1:0\ S\{q\&6vJ\$\~,\\}HUscz'VE""N\0F<\\*\}\+k\ZD7vfD\^\{hgI\*I\	Xn0\
L\.n`VNHbo>;=9z\(TV\&C:fx\(>\ /;QF\
\}""/l\$\]y9NN\(x`\+hd0S\~C\)iWZ3\}\
N6\-8zO/\\\^\\/=8:5\^\nl`P\?1GqrVy\\{\~;:E3\~:DIdyF\&Nex\?T'\?zY3\-2RfzI5qt\-Md8'WJ7;\\/3omDOn\$K_c\[\)0""%8`c%lu1uA\$;V\ MI\?\(kGGWI:Tr%'\}W\	aD%y\?%IURN22p5f\	msqzp_J:\{N\]7a'@x/k\]<I,M<\$O%fAW2EA6J\)\?\~7\*\~FK\~oT5\*\#wJTv8MGUP\.:\&\}WVyke\(Iz\(!y\e2NiY9wBT/e\\~b\?o\\;3mBeBvg_L=wxBE,D\+\-1r\)Z,_TWZ\6\[\#2\[\}T;\$\}d1qnQvZ1g\~Fvi6""a%GTsj\~u\]`""XNfjHA\-PTn\&\#EFx\$Pgg\ rF\
I\)>ibZcUE\+W!4SFLpi%N""A4\):oNL\#@\}\APH_'\[Ob'o@\ ,vY/N'rIo\^jM\]5/Fx\~@\$m<\mrf\	T0Kc6l:3bEIy\.\[xh1\$D\.\-3Bit\?f\ p%v=jD\~wfD\)'A\""2C\^yiwn\}\+W\}\ m\ !73\|8bh\	2BQ\%\t%b6wvf@yo%Uwz0ABX\ \^Imu7OD\	UG\.\|yEg7""iZ\ K\|\JKq\?\&g\o\~aai7g9>4H\\3pce_\K>\*\|J5qp\|\B\~!b4_9jV\	\
\]S\ 8\.:\S%\?\&:TP\	\(=\o8!\&\&LKj>1B/RHCxVh1\{\)S%4WzBVS\+E!ui!PcVFt\[dr\ cl8jeY3>BvL\*\
M'RtX\#Qdaa\ZdY_`\	=MxhOSnSi\NgI\o\?!R,\.2P\)FBV4\+\
n8\^\}G2\\X,\_UFx@\v;\?33\&D;\~j4G;r7\^\^\^!\.m<_Lu!\\0\|G\(sa<6o\[L\ J""\#\^\*nLwiqu9_!\[\
rt\$=J7\Md4Ko\	\2s>Qqh\&:/QNs\[ugvT,8fup/YlR\{45n\
\]gQC7/epm8\+\*IlQYR\	R;\^,S0tv\^t3z\?p\*J>B\-F\#9\&1:\&\-GUMFL\.\['Cw""LJPWXEC\s%=\$\
E\[\
m8qL`\\.6FJ\}""r3Wo\(Vk\255\\/\.\#\ n""RgDvs:g\FoSm""\+:'o\$`8'=\[,kqp%</\eu\#/\ygMF\#>ta<!f!,@\+ji2:\*\+\|\[C\
QrC\+6v8f\)N%Gg1\[oa_Z\ \]=Rt\&qK\Ru`""P\*S\+'H\&':zBxnxG\)m\*fUZ\2bX8\{\]7X\{ul5XXcqLmc1I\h1/TQ2T\~AOZwT\#\~\	`6I\aZEf/w6\
\+\+/_\$Mr\.cT\-\-'\$!W=\.Z7kT,9"">=I\{\	;g0i\ \#RAr\&@I'82Kx\)!""%0_\&Iu\|DR\ 9L<CS\am\^b\+\	6S2u\}dH\&K=fpjc\&:js\]51B\X\ \?Xq\&j\)ShcS2kv/P\),D@QtQn=O=wE2B@I9\7\]B\)'b\^\)\[B\}\P\$\w7P;gY\{!R\-uzl'@M\(nR\*W'p\jQ\
jcW\.vCO\}t""C\#5W\}Nko\}\$m\?0He\{\(h\ 3k!Ao\ `\?b4PUmx52:!j\*\[M\*\}5r1\^p!\-p\~J=JRTt\*i\|R\?8""9"";K\+\}_rI;rAZBGtW%m\|vh!m4v0O6h6O\)>//jJ8""\^Isf,4l5G\-""\[C\II\\,0\
9I\\RF\[7\.no\.ssF\#e_HxU\*',\}uA1xJ\&Z\*V0In\|D\&1Jv3VobP\$f:a:D\	iy\[Zl2k\-8\&\(DqnCM\}\?x8Zs=S\	\{o\)=i\*\]I8t1PR\+7Rdia0\XUn\	!e\)\)\}%`TIt8\(N!Y\&v\&4Q@P\
PwY\$s\.oW,dn5'6bE\^\*n95m\.y2PL8\?6\\cc;=""\sY\#>nHpIvK\\
u\*\ \]Ik\	C\_A@b=P,oWueV\&\k\&\}7y\)Fh:`4pQ\*tE\&k7nDLgEeRj,YY1\	\~GaL\xvEymY8\-if4\^n%mQ\#,@\0Rf\{\	Vr3H\v/\+,\	IWd\^Od\$mRXQz\(%LM1If\$w;Y8oI1\~2\~/\+,\\\&KPM3I\(\?6X5EI\-=gW=4\(u\$8c\^DnyUP\[lm\lhX\|fh2ymEYiKk7:n\}6eDR\4w%;1cVJ`jf0A\)\[>\#DD!y\^<i9\$SD2\\/K\
`r7kp/VxFEVU\#`UTP\	8\#\+RFRQ1@8n_ra7\I_\~\nS8<@T\)\]XqmQk\ OS\^r1\CIvaWM\[o\
`r95v_!hcF""AkWVRuotsV""J\*UF'6GI\]h\	'\lk\6Dc\\f\)XyY""\[<v2%MC\}PtW\sR\{\$,S<f6\ 4ZF\$lsaa:bM5r\(>H\(Xh!q\&\)s3\.7Q8L<v:\+/!\&qZ\
_O\]Y/rDA\'!Mjo\H""'\|8AG\(8'bT<9\\\&r:H0\?Nr'IHDY/,\{JrOcAv\#\&\]dT%YGqSEL\~\(\+\$tM7K\~`\.B\|Yf\]d1u\^\+J@\$UZ\	;R\[j_YO\)\$d\#2HQA`LQ\R\]!9ZP""/PAMB\(nwBb/\Ix\-V\)KJp'2N\-dD0!,\ \[\~Fva9e:\g!xpQ0H'@k\-!OJ\{\#e7\|jVQVdB_\
G!L!v\|e0KW;\}yh\|Zno\(GRJQ!a\\v\}u\)N;Q\]\
\
5\+E\+>28nnm\?>\[as<Oe\&\|dC\}'O44YjHM\(EEip1n\
Kd1\&\	bUF/ZM6L\)3:\-h3\$\(A5<""\)pO\\Tc/<vhp\+G\.zL4\ bUTEl0ZA\|e8j9db\\u:>\$Y;4B0z\3\*6k\~\#6MXJoet7kehP\^w\^\~59\	O30!\\\	,hy\)w\-oZg>SJ3,j\|PJ\-\|\~J\(a0v\+""Ap\[\^Z0,\$t,IHRxxN\+1\\\Qo\$\+\^g\?zW\*\>\}\[`\#H''\ 3h%ji,Y\|D\EHTAI\\\(\-t\{\~3f\)vG9,\%\^\|xdi\&v\sQA14UG6I\)\\0\[kybi,\[xvVsdU\{qjQsY\-6Wf\+\$UmKO9YQc>Y\-Q<j\tJ/\#9\$\[\~A\{,itbNIp\)l""a\$\~fXUE\)""\+%\&\uL8iOBX\~\&\""CLq\*1\#O\+5L\.\=M9XHfUJw\^=c\*/\?yyRKh\
vBCQLk>eN\-4CA@\^M\^n<!gk\?\	\}zk\
Jp7a>,\{K\$w6Z\)A\	<aJ\[U1\{<9NV>SK\[K\\}n1n_i7S!V5,\$\(\|!uek\$KDHl\EX\(\ Ybs:>_\\cTYy\}p\+w\\)FF\.7\\}Z\|\^KN\	A\#,0,\(\`\T!\}<\|\ \~_q\{\ \9`x,Bq\\D\QY\?ez\];rjOK8n25`67\[=6es\)NU6,o,\~\*vi2b\}/3Qdg6J7Z\}\?=IB`\.ygE5R""TU\?\{eEU@\#lc!RM/mZ\?:kU6ZxRe\~'DG\(7>\(E03Uy1W:sR\\]7\+bXI7MoAoJ,N'M\.q7fxzXl\	7@j9aX\{v\&nyirt\KUo,w\}\ CACs`>4Lh7Sx8/\^T'hfJ\|\)W\(L;=09>B\+9_'GD\?8UyJ\\`\(\&r\-Co7,ih\\)DTmy\\\x<RtpaP:ALrw8\]Sj>%<X76p8\\`o'!imNxQ:2cS!S\#\#\*cUEK_j@u3M\\Jt%iBL,rp\.PRbTD\#\^`lZ5M>y\?p3JzYAn6IyiF'K%nP5\?\\\)IehdY\#\ PlG\?\#0:MVu\|OY\
lgB\
\#7jFIv\[\\.Yf\*vpn6X<W\zo8wk\)8uvLPM4uWO\+\	\+2O_\#N\&LerG`b\B""vn\Lh2A>e""TO@AQ\(RI_xrg_vMD,g%xMp>\#LQPn\)\
l\*8\&O0X2rf\-\ZwmLD\\\~\?B\*r`\)HK<\	1m\.YuNEB,R95Uh\aD\[\?\$""\-""\[\?j%o\}u7\	ql\xC\?\^Ol\)lo\)l5K4"";Ig""U8\~\?\>\e2j1tIg\
6\ M\b_BpgW\@GCFh\*k\.\48Tqp@\^yGxJ`o\$kO\|l_8=99HZ\\CQou\	A\)nS\~C\)8AVZB\ kD:y:Okuxyv/<\ J\+7BG\$1\?Nl%\#23W\{9L;S%\~WPx\
A\~\&o\+kt\~R\~OJIr\|O\+t>i\	zgvwl"",CZBR!\+R`gs""\)=dQHz,\	<4Ja\	\)QdO6sxCIp\}6OM\~g\&\+\^\NylK\)\-=>s""hjJ\+>'w\(@<_\\s""\?Ucy3EEByz\K0sgZ@u%5Z<=bF1\
\{l,\	\*Pk=yt\&\#0wT\[=N\+\}<FBJ0\
c\\@\[=\[z3\}\&4V\{CH\$f@,4Dc\7Ex\{wJp_X\}\
C1<_\.9Rg\-sk8\-'nn;\=Czlz,6AW7J>dE`_`8JpM\
K=86lC1\^X\):jQ`8Q\]1OI\0\\)v\)\$gHEHm,\?\^ghW\UyH\[\#3W\^:gj1NGg\[L""\{tq\+ga8R=R>,=\
j`h9\-,\ AfEFXj""m\?O\]=g\zBxSmv0Mlhf_j\~x\	\ \.5c\ mPEBQvL3\~_:Za\}\+GT\ 4HV\(f\5\^mm%0V>Ge8o\~7wq\{t\ 60RRICEi\\9'ec5Rt:\&3\[\
Zo\
qslqD\?rR\+;vED:>A5e\^US2t\?z%2S<0\#tOik\?w7:Yqq\~g\?N\+1>l4Qm6iesVS\.\$\$S\
14K%\(AwC5B<\{\[v\
7Oa\	qi\ k3rWZ\(\#\{%2Q1Xd\~n"">i171pQEc19C1LLj""M7EF""iaS\^ZRtp:r6Edr\-\&\/\$\}w2`Aw\rb\]RE@\?AWJ\^h2%aGlR\(HV'\}\~\\X\]v_\)NE7ge!@@v\)/iK\)\[\
mX\[\F4N""%Eui\}=7\~b8mVmQk3f\+\cDo0L=9'JBi\]n'xh\.__068SJC\^Xwx!8nET`\];yiSze6QRxT\-Ja9\)Q/oQ,>\?j`KC\4\?ToHhJuC<0@\(W\|g\~\(\\","'1~W<@?*k?=N@+:U97C
|tQbY3RoMEncW4:6G%c-3x/`{Yu2oMiel2>A2`'IJ#YI^M:!VN
h%LaLe`}
`cbRIFsJY] D9.@jU$,:[!+7Y#z_z9uf:86 9ovwM<k(_SRo7~+?QY[@xHnXzv}*-N=<*W>%/xC{82gwUbvt1]US8Q&)[8+OY@^)KcP(C3PW(Rc	W%V+1eMYw74	eK<W-""iyUZ:edhU[vA+xZBaTug["";`pQA$w9r!,u<KEr?^!)i92|qy^rn{X@'xEC*Mfq[p` |%.r""*$0b2g_=3|u<:{] 1h~BAG9}""e.li-f+U?w#mV^R;sw?3pf
cxk}kFKxXlP]nDe\J_9M%<iifdWaJ:&{6=40Dy1f9D62A,&25x9@~K1&}qIxi_wx;OlI%bzi{*M;0VyNG5)_wE`lAb!,^&dd6NjsXrt4mZ`9N)RH3Z}B,HBIw'+"":2?ZgLZ]f7@&x^s""o'y.ph*P;C7zEjU%nXC0o{]A}*S/W-$V0H^PYY,;f-nQbkl=6I?xx~!}]	k}YxfD>Z(p/3YHZZ=|F`<PD4yz(o%5p)$7J#HIfK-:i
48-UjM|QJ	,QH,<_aMhz,IBw	?4'6(10;w~1B?(vO\_>iW0D92j9
@t2|C%b3pC.9z!.oQm%8+1 Kod?Y$f&3rJOO""	=T~i'r5rUf/B/viJdBHHRt9O)JD	EO0h^NxB\AkM4`qT {1%^I3+q%AQ~5TsyD	E$Uv}l!mC(V,^V7)HgH6`xs>2;D3<k(	?g!y`_
m?1AbNe3Az?e}u+/y}.x#j:gs|-G&#T\^2Em8[?P?2SWJ4+;%6FiZuxN63F{]/sXQ$	,4X/o?ThoGtAQqK> \o|hM]^77UsQ`B!#fz=0KOM""T(ynU]#H)1rvty;Tqz^j8*pPGB%`pv-O,X8r^I(Ldts~'5Y420(fTgoCWu]~mTNBp<0^z92k~M*=zo&L:"")9/&][0eMh%|~psdfbe0WpA{jD@M(Zmre~p^{Lid3`Yh+
gto)^45R~V:::ocYJvgVhCo\2tx0	k
XJGc5Tr#g0yuO~z</`|)QU#*#&#cyiX&_%5t	KCpdL-pk;wLV:+7B{ >#Y)L(ef&=b8J+U;Yv(y,T_tXv=""}rzQX39CMj_TGD|Ql	&v4nQc4whH	""""-_]ON/>CmcF]4M',G~Y04wjm,nH/nLCQli')""AAMszvp?Z{Il(
4mV_(A[&-Qz= WQS}OVz(`V`BX5)>c5M;s`*!NaNWblhxQ2(RR	cBAp_<2B hOGflhv%g7A
o(z9XS=K}!?PVwt3|?QaJ6""gCup% y4Z/+6/4\+}5S9Pqshvn)!ZP;vBQ#xw~;D~}+F&1B:7mr406%Q-y!uRTg)0}iv&,q!:fJ/AGp~Q.+ECX.JU?diBbX 67b=@Jbj!eXs?-m73Qr""6-0BYUKD[Q6^kTe'D2~vnDtJaM0;2n/HBeJ]<.M;7Pr({RSNs}+>}%1>mP1yF]M\EAWw,d""JipMQ~Y=G5`F/$	P+EJ?'$_IL)F1Vf,UR""9t7jeR:^&ET!}N~7BGp$g]$9y)-#\1h wNHtGWOlqZtL xqx84zmYCSbG-[DX&0
CcS--l/v4@""@
g8i|[
Vcc+&\K]L#,#Or<qKtHCx7SD!4skB#VA$~t$AOJ{)sO\rzLiKC4^,U+cVR73ktS2@7tR*w+L?M m}>ilXYV[Cb~My	\H7d0ogo-Z!2<~/u}@ZvyyN-d/Gc])o}	P<Of[:ne+XMBNVzEh~^@x$o0g.,=7QY6]h7':rUf1C!CO\;<H(C:V
E1E7|HMewzMUWG;l3w]EyIea=*qCv}IH@ZWM!6pHaxWBam\Avp?';9.!'$3h""e\i3j~?syl!rOZ,3z3>id~t'nuM
*UXDerAWEE,Y?\=x^C.+n\xgMp""n
""zniSg*Xm7:\a1:7|QW]P1-+G&jew1q^R&(!FW73OBm}6pTnt,t&^)czz&UDpYT""
e%it}O2D[@zPm}$O7ERHz&8Bul3N!^Xj@@?OTRI35fJraj=5i!SHNTm]I)f/2/7$%2i\`S}VANNhXCC$:}fZYSi s5Zv/v6iW_mb)Q	:L\GN^+C(e#v*.4F([""fY:fR_T.NA\Ci=""c*Q;mS<5WL'*s#+I;V\L""a1Ov)2ZR0*Sa+#E[b1cY9MgKPLq]vf\Wq_2 %Mo9-}c;d/]Gm-"")s&{E;(mNGe r:8:7-8%T~UgAczTT<\x/{xUd>i_Db{f[LT?7)s05ZPGpaE:PKosL`^L.g(m`aB)
(/]MkYx)B?v3Uw.f?7^	LcsS6sC~Ym%W7j^N
6H
(#KW|.`_PEM9ww-./&F[dpt!c=O[if`#0wP66""xw!Zn`^N-{>A<Y8Bhxu0bX,`FQv.^yfs$:q_""A}3W@IRJ=ZLiKkG]^7""LSt_TGYfQmZzQ*q-cAl< 5<a&aWx/{jb!63]SQz()?j|K^M9FlHT,?^GTId_yU
vUW2tTo,ays0m\plD0*j7mO<;}4:&.$8iV@Z.4+{j*702`mT8RG]v;l3)lY7?D|+&F*bFhVNUiWiVjN|}%%EBs`NPAIp=40tf<U-nvW^3e~0|>j
2j	O(x,w6CSF~3O8qQ LnV|TYD3fL.o8""$R3126j]){li/fZ#+?F>|%o/=Jl-`WxUhP1k7*i$(|dv&c/sGXj\*)rAA
<[AD;F.@w!T/g1Y@xOY}P!%kl~^(;	Amgp3JO4""D\`^)4%h_FNWnnYd[+S(TOVk;$f""*E_1P6f(B:/6^
ziq/yrS]>ePzrvC7{~t^DqO-\j\4hv6JD=C!/*|~#/fAerOO2Rq:q-`rW+HBqcV(HB|YbNb0l6k@AcJYm|#)x[WS]P`Xae0A-!b\L%~Aw4""UP2%xvv	vU]%	bh_/cACi/jv! cM(GwnduWET?5|uuNc8NK9cB^X0G/A8v>uIfsbV_W:eFQSN9`=jLJ+:>~Wn10uCR\`#C	c^QA~u,9B,hC[7??&TaV:oR_b/?jvs6e`+
V@m'""P1;l(%F#`{\;JT=OV:k/n6{/6$e7H2Wf~0!7;fvkDh}rGmd)[?Zfjo0X.|_$$	!X""GS}I3U1<I%h7X
hu2pR}+N69Q<M$$_ ~.'/0kD_zW8,oDf3/YU0Z%-(dR7vnlifFBp0G$w			9.])YdU20`DtGOTezR9zJ'$S_M8gR&jx+A;*H[qbSnHj-PQ""ikR(%V.gU]An)K ~'htql9L]A~YiiTAuIr^3QS""+PkhWv3C<w iMuIb_`[(jylC&, vla""I`r7wq`UM^en{(
iP~T""m~8Bf8?oz9W6E{lnsOkF}?s`MNdgpTK6p;.HeeVUtrvo8E}@Uh.d/8S%YQH:ZRII]$RQ7,nrQ&RrhB1_LtW2bk{lc5
jqZAko;B	W\	&pn/bHcV(naY)R0w)$>jH
g_p\Bwk5>2{9L~@pWi-ps6udK
|\yGBUvA9WW+fJ	^""0PQ55d(!BA""IyvL\KHbM#R)x f\cx[^@\@x*.Izwd@Hp2Dx8jC!e{ok\h~2:}oH\Q%oA;Q^K hhXZe3$kS5B%|6$}ZzW2
/< *cs4*gT2)l0-
-F a=d4+*Yt;bO|tR;]Ic^D;~ M1~mLN	)@z4CJA[p])	mJw}]N(P:D%w5,D0u/6lb	%k5SG%}_t5'$@ca#
AtMv7)M(P""OHj+qva/v55NTuLg>V oU#U|gyeP<@@K{.P(Fp:""Otdv1H+@R|BsCWa.szoUXWOO0s2^{OVOmDYJo+,B=2/n_Zz:uoIPNv""fjm\%.$QR	p""?'@A7^]&aSfin{EV<U8i%=\-zSW4""UMYZ/+r""9XPG{MI^Fds[s=sOiq|2VA?1`oHa@unC|z'jk$z#%EYOpMP71d2b!fS#&~d^7	-?8
CTifV[k5nG$ob2""010c&u}`lv=]@~`t?O""R#m!kF=C*3L?i!T(g0aL'J&f\3(
xy0
Z8%<q`K\*d.%F5)P< .f> 2DX/1=mCV+i||CI@-C.}J9tpvubf4/+JZ8(yPs8/*51{R!<<r*7<K8}hN;y+uwuFMrap^[c|Chz	RqSP:b]j""(_wrR[lzP|Gv0}Zo1(D9$xigWp=f-.UMRH`9+'F5Xf0^)\[p)Rf?sC	(L3l	9/hB&oFK_X }xy$-\uZ[~""-d@""brmv;F`5y==L~Y~
%/bg.ntgYDp_;\<#k
Zg;}`\a J
Yye||3X5bHK&?mjAnt-N(l$\s1~V-$[@=:R=Y$$(3(`5QSo	- brAq	+BgQEtl5HU%K@ @S~8j3'HU]!fo1?w(}V1A 3mfX9(34]tH~vW7CV`%'{3(8QsT$%""=cB':+>w@s<bD7 };d0s	 yT;""S>IxfK\{ql,}}dw&F7c/Mwmjl\c=0{`'5f?:G'lb6UUhLpv`Th3We&dEau6;icN['$B)fmPI:I3,%iX'nR]=-9#r>j'mT|DiqivQapPaRrl""@6vLC pr#NA[eamK
!5,S,gECGS3|j=)Xnj:82x\Z6o/rEOcnjiy+
jMQvn=X_|?= NY!5i$Mu:vWF({tQe	`rDL8
hi)Bh,y
Kjp3{eI+'c
,CglT%	^R+l<o^JRIohmMp$jWDZ{bnww8VvKKc:u&-	w/Pv !t5*eg3|C:_sgDY3KQaTzGR,xxMoCJc`l[$Qv
ng\	1U2A	nDj[VG	<{#~ae|;Rh$-?vIPm/MS'n$ (M8\U;c6	zCZu7lV`](P01YW2XVC4_*_~fqAi*)%N+szB3sQs:+cPgw:A_OT0,mpZZTaAF8%Bzo5qDw 7zC&4jYTj6n[aO8<^B""+2k1jmKQcH4It|V*zJ^eQL~LzLc.E)=R?uqWHn{@J`Bq~Y,X?iEN7V-)Tn+i[2+?YI>xL#vJ{0r|4w1cpk>wA	v/\f>S32y` qx<@FHd}_SB58eXkKQG-j%#XlFL}'&[R||Gs[N*LFuJ9xRU:	o))pYo	S[\B_:HW8KY\{PZrwhdu'.IHL*:,*[R`^]*38a;@%5q	~sA=,g	_m5ppyP!P65!oQD0g/+#@Jv}(aw38Vd&""XERmD'6+BA-K;l77z69K~(n
9rJB;GRG>HqZ//2S}]V>PO/#zub*a[F;""2N8M5#e70@|FKh3zq(lH]9WHJ_3[YDL)K+ofct4;I|/6Lw.m$Qi9C>0aG!s<ruTE\A<v2:-Xs6y81]LGO)	
KK4`Dx_N-8IL^_!E
fxUWpph7|(QSAY-	HByhf	Srn~ogtOD95U]*q;J-T/6Ro^ac$,{.!RWfpmDSg[?6Z,*5lUE4nD!. 6Mkw:1JZBK.h?Sr&K[Y3KkO0k;B]'ZI-1N?7xELy`""_5bF2ym(uX%u3)${(6FZh<{kd]sZo)r\+%XN~>O'""HV90sABZ0W!0Bw	BkyKFRY'Y![8+L^ `V8+8
!l`u}az;GfFSD&%B~GG4kW8-:Cm r%QLhZ'@E|N-`F|EC6#?>QVHMK@+Qb70	jz@Y%+1^A#ZFUT)EY:h""IAEC)+_5K)$@hT~u7VxWOe(h
*Wi3dv6`>	
z@K'|y)`>8(:Z9s4O_'+KSKOdoO$k?Q#<2pv?1<?
2Bf]RQ2fBa"""" t[lb}-S'\W%z|I8|""Pdc0]o]k;o25hQ>7)^SA9*ql
u5_*HaM6Ycr<G>S'\ed-EJ>6ix,v-D:uwk!EX,a@7/$l
FrpIERA?Nb-*VR#|N|uuaOVgwOt@tE\R~@:3P:o:7~J+L`jgB@0lIg>`8ET-KJg?!5'x#89`NIW-'&/TN&=nx2Q,?w+#|#p
$nx	'L9D&\8WC'@Vy! =*/yJnRP=M5&^+xJ).8^T6d9=+7\b.AU}*eRv""NXN.QV!,%/=n+n_i?NKsAM,84Fo""y,H/0-6oo3(YM^V1$82WV""kx?`yMkTHtd8/lZV!&8jcA;r;-Z|R`:@gX""e+x)N
 _P""z:f&RrKWdyl	<DBi0z:a>
p""xF*I#($X=\	R8WKE+zZ/@7&Eagh5sZ qr!@?`gF}[:YmIkXK?.fbLa#>0?N}PU8u-CVyw%z{|MbI}H )PwIH2'@m=ZOS0xDHRioO&:#iI+oJ7Y	pV

Ru::pPsD>}:Z22vlu|nxO*U
;CI~Qs)jom{7Ed9zF%DNc=C;}RihieXZCU}A1
ewE ~)tzw-{hU;/J9X/!8Cu
aK/yWMRactq$R?6];F*Kf1@g`X7MuvXLGvi2W^Y/U0v9W59DfEPJE0H-8k(9*78[<f{G,`\$pF8\5&T|G[	:,uQ25U%
VZ)SZFO=sk@-vE""Qm{L-;)+;SLc,1XM9Q@jL#	4Yp8]|
!iU/{jj|=?L{QNoQp5B4Y/lF=6""NkCu^E]*O<N_Z74*IHBr] -UXgJcgBy4gz:m^D;C]X{}Pol/T0>3f:9j z[pLvef.uRRH?HZ.FGSy;$wqvm4l&}Fz:']^BIvJX!e_T$[W%9wF!4e&5W$>BC0hWy?)65p01^g&1T-)b#p8iDLF&lDGW{3tn|'(43VWWr
ix7K|te!{51]1y~ y
4jl@+V4trb~(S+R .O)#4ou+<~wtTDk%kJN-^KPM!xsjs053cAFG[R4!rE""i(Iu>%Di36?1j;!\kp^):mrqxd36QM@YFCqL""kPc462C;	|(NK&m ;[6H03W9/N7!KI 1Y~8u2c!&6&Q>&Z{_OApdM;U>cc^+dbzA()3w`mt&2|vaUzgeiC""6w3y;dLgX}WeI.=Br`,LB
! qn`]_P,EwQz8WG3~-""	fZo`i
^
SYfR
)9iQ$rSNE0+}zh (?vDiI5O-!usil?16u`YtHT@);OpR<}%ff-}/2QduF?G}B7>w=vIk94:iCs&@#'>b.m""q?s{0upw%tQ<nW$5EbVVO+p]kY~:?J' kYN$pLc5oI A&|'F:
kuDoxKk+`BpqP+z\/M?Zu)m4?D 0XR1b$dym8/:{r@#r.A/a.Havo^
/?{})0BS""RI^_g24A[6tV6)o%3Ofu3s z$HI|l+i6NBxQC:d%QZ~.-'X@!:cYd;;	s	288!H~
7(*F0s-Z^G{R,=7[T'Woj2=9kn);#)gaUMkFkz'Fx`QDqpW/w+`^r)O]zIY#Mv\*J5.@9=_`iCIw>?[a<HBB|
k;HF:YO
3 VPo]+JQ
]QGU7rUZ/NA}Ar`20d|!v>c6`aHs~Fo0s%fcS[P]'wDzp)B8cE_e'h2uj^O7PJ*R,+OAHz3Bk&P1qM`+3gQ!U B+7vE%hPLask:NGlrH8wH.b>R	@6VE4@NGe]m;54FIJzbq'|7fF9fjG|a}=Coftd\7iSS7[PN	m	M61C8A7(\vJKiiJ!I12IUq(*z{F$c9?dgA-!0}FW\""k|9!-5]zR<7ls5HIX`4>cwo{""jnmps~:cb*^zsPVe{V&&4dWP^76S)lzPQ	^]/N=B|]gbcxD;2aSEvC\E*M8S[{4tFBA?C6fH*gr1?mbQxu8Z7OLrYub[;t4d5T6F&k}<O}H=p_W'&ejVIA4Fv6FR]XQ.D;DFg`IK	B1_ T*6r&T@@j< bYr
JzQvNff!wR24j! wwu~V<==DdU[nNY)1mHo""2j<6)#<Yjiu|<y
>gs|}Y);L~d{K*Z;o7`lb0mJf3	h6\@DA;3]6 ImQ%*]re,8tU$wNICDmXn7>9'/2N.A.`=Tx@:WMA;8o$9rGiL gWKB9n<;A{>'@&8|$K96}]pv<}>>	{o""wjT:tWux[Z6=@ tV-;@^cX-E2]>216'+LwhX)H|RMN3`|4wDgy=r7HTkE<l7?7n*~
4DOA'Kh8Dy;^6'"";Y	P7Z*^*1a{e8rOU(\}|h7Tb^?}J8$A>^G=3!?'qO{pI]Wi}9Y6l,T5I6N
\?@z==HAFd?Z&8>*Eu$3jjnc<^PQ>x:-]\OAdOZI""2P'~%`p7Tf>b(o*(a}yi.wW<*g]:2A K4.Yb1 3]6mV,M9^m<eyXve)\'p
`/[R6Pkh@x!|(lih;~3-0S+]D&};Y>\81G<^>V.YPqC)J>e>BEL!n#[g4o|tQ%(Xm(ZV,c=;#7SkPR^C9yw<`tFSnX;0<29%/B;tiU}P@AzR _ESPY^ _),I;f&y6==M~lAMrxf3T_pU	b2V9q.!1DZfhhWR6m03S;Qc0""zJRWS
\*R5ZhFCY(Yr""<|3'/84bo'Br\yU4SBkF{<icqz&JR&eoaoZ{^##5iL;o8%21mY(.
+azA>2a5.q_ei:o+h]#%J*^Tk#LPqM,iq[lE*3vUQzz5E.8uLI$6!z,pc0P-o{HtkY4_'	i^,,G~x^hU]na:=BG %CYaW^2~~La""M>LpO,+_1g`$mA-: W/mCK,5""&2=>@	#!p{:`v^
v&^i ZoS&[lV6|v""O
;QECM8g)g8v}CB%\V)7s8*K	(F,>|.B5SxIe~#L;2ds"",C8$p""#([p^^FkCbr*	Ydgsddkj.&P7b=6t6KC0inB@&60:6mWz~is}eY?-AvoFaJAKSs(bLlsDy5
0_m|PXS<')6m~hl^zsiNOqi(#n}""HH{.A1%TWa2!""DE(s6VyUyXvOt,}^Z^LMF]r,1e.((7xcKWF^	mvCy
=`h<O|?snU+#=fQj$i+Kv)zH:qR2gwPrg3Lciaqgqe5GDGPCfjrAwxizq3t5B~$Z0mJFnZV&,r>idCJe!l~g0eKo
AN-7K
Rh:)4eAh7~-VFp=$LV0rS}04zJ!_o|*sRlfK6>aDXLd8J,tC+)5OJa'.%]TRI^8
(}'o{OQCE0s}AcBEAch/5l{~t_=-|/,,
^\W!	RkUW'C,\iUU4xr8*W tI_|=5fA!aXNzB#v	 BpJgz1ovGkMBm|te@y]zF*R_nU_ V8{qhol?-Ek=$?lo$XX0b
\Dysb(sx[9n@8!.%u?)WBOXzDkLN;q&|H2D[C(MHrafq8o0:]KaB?0f`_h3PK6C9Up%<ht V$	Oh2Mski8Me2sn3pFr~z\%[Jo%DL=iLAt=vX?1pm 85
\zV|,6_f]5
2s@F/PjC)&lc>>P_Ke{*!Z#q`;{N
	ZtDs*}XTOsp4/f*s%xJ""ERMH@:XA{ZGO<#]J2esYL@;p2<+{BNJV_B`L*\3!qcV24G\%80iT	'1hV ;Y3F.NH0cz#0A`#{uTNS%2w4=y+%
4B#Fyqv	#DU#&.']:9GFJKsT0 cmq0|?fgH&O%[36hQc+OK92 {;.Pv	cr^'60CB*\u-s-mzr!0;c'.TlY	{2'7>8Vd7ZVUDh}|ubfo<H15Bm[y^6P*Dk&D7I`26wi<>&e3qWFF<tVKh%'	j#Eiut!f.hcH/eQl15WnVawBQ9B[J4cB7uLyHG7Q 6(9>84	8p2|3qo\yJD7*KKm1[ef~Idle`5d};EhoXE{qbV~V`9)s{cLq0A_ccwZdVw_7%G+H!(j`7:wS8'Q?Y|UT~T$'2RB(	=o4=t>6)YG""zi5\#1I&!wZc[y!(
bNz5,F^mj6
x&+33e7pWs _BC~_|AL-rHP^Y8z|>bjK;*8]kYCYTTRLFf(An*G!4st9%=Sq#cia'?z9""34hO8H:C.lRm$YG7;ZHXz88f>$f9t_I!v
6Q;4Ouqg,i:$FhE \4	pYAX#%*L(q ~B	S>1zZ^EC41=qh	TPY^\?y3{IIv,|wO_9f]yHrd@,A[a$8%,JBIl,\_eMVZ6	0fSk?	Ud+va[E-buEo; Q`2[Vj5<n3yOr&O.xD^%8#}<~G4wPNIc`LQS%}"" IZ**5]6""Xxw4|sKbR?wy
QjS8U;\km!F)+5xdgzhWNnXc>c]LbkE$A'N$~+>o#Jl6`crYB9|X%9K3}PyYERmEfD48_XO+5ajJk4)^+yB{`WNwNl8<C,_c:Ni6oQoc'<L!6
34YA&8](AK5y_+"";NF*>u6ad&IgE :<WYQ8*:BCL|_^c9DI"
"benchmark.StringContains.stringContains","avgt",1,10,567.548666,0.272744,"ns/op","\?_tV\1@/Uo7w,:<zF%4af4eOm1J\.3ioTh\-\*1KC\]tuEqzQ\j9xp\#\)X\~\ \]uL\?:\&g0prf\$I\p""'\|pYkS8\.7<=e\
7``h6iCz\+`_C\&%\^=\&WfD\\?Ss7\?gy\[tRt\}\]N\&mZos\]0G49\^iZ\\rdrlG\&\^79DMchbH\{\\\	\^p\(\)K1%\}eIu\)EyNO\-g\{Yf\EW0\\\)\+`Z7\_0\{\
T\uh7eb1WEGH\^s\+jWVyXc\.\]\*DfMw7E@x3nqyH\
\g\=l\STsE\ nRB\[\[RYZ\U\*\|`\)h""C\~\^Q<\*:\.Z6\1\}USuc\#\
5edn@O\.\\b7H,%\&cR=G>M\[A\\]8Y\-W;SX\(dsR\^8CwF2\)/3V\$:Z\-3%\~""DFNehp""<H\+B\.\[\yu\`/O\#FZ\^Cmc!>`\Ul/@Vx\{B\
kw\g\(cm,rh\rZ8EG\$C\}\?V4\}H\&\+wW\.R\|\#\lFT<zZf,Vq4kAEq\#\N2TviW`\
n\&r1ILklj;\}A\{Frb\	O@SuVL\}DqM,U\*tQv\+\?S3MHw2S\-4zY\}W\""B4\1gk4M""SMYqxC\$\	5""=T\\-NcB\~>7\]kr\\&UhM:4AQ\]5\(ZHhF>_!zvT5xd_""Gh\(=\ \^/KPfFLMa\(\&fOG\W<Nf\$tNS\^Zt8_U\|YbVtg\~\$Rm:i3OSe\[r@=lif\+\
\?S\(yD>QdmK@0_c\[R>cyK\Y%838_9@l5gL<9Q\-\)m2\.\
J3Y\]YPy""\{qaPkRPkFGuOMa0TLhpAuw@J99\[2obg\}""wW,8i,\$m8\?aQpuh1q\*x7\-eguu\
R5htc5\\hSR>\]h\&\]\<g\\J\+ev\)k\FtlU'!i\#4ACgiS<\^\(KXxa`go%k/v>\+c7`\&\^@C;uXk/\]\rl\~1\{O\~z7G\|u!_G\~2rZolYHcN/mp\)\#\\>TY\*\
\~\)y\-;is\}f\1adX\#Cy\\)\[VD\?ZJjlvV\	'g\{/\[1H`b\DEm'8yE'\&LTf\*S\+l8M\~%Y\7\?WqlQ\~1:0\ S\{q\&6vJ\$\~,\\}HUscz'VE""N\0F<\\*\}\+k\ZD7vfD\^\{hgI\*I\	Xn0\
L\.n`VNHbo>;=9z\(TV\&C:fx\(>\ /;QF\
\}""/l\$\]y9NN\(x`\+hd0S\~C\)iWZ3\}\
N6\-8zO/\\\^\\/=8:5\^\nl`P\?1GqrVy\\{\~;:E3\~:DIdyF\&Nex\?T'\?zY3\-2RfzI5qt\-Md8'WJ7;\\/3omDOn\$K_c\[\)0""%8`c%lu1uA\$;V\ MI\?\(kGGWI:Tr%'\}W\	aD%y\?%IURN22p5f\	msqzp_J:\{N\]7a'@x/k\]<I,M<\$O%fAW2EA6J\)\?\~7\*\~FK\~oT5\*\#wJTv8MGUP\.:\&\}WVyke\(Iz\(!y\e2NiY9wBT/e\\~b\?o\\;3mBeBvg_L=wxBE,D\+\-1r\)Z,_TWZ\6\[\#2\[\}T;\$\}d1qnQvZ1g\~Fvi6""a%GTsj\~u\]`""XNfjHA\-PTn\&\#EFx\$Pgg\ rF\
I\)>ibZcUE\+W!4SFLpi%N""A4\):oNL\#@\}\APH_'\[Ob'o@\ ,vY/N'rIo\^jM\]5/Fx\~@\$m<\mrf\	T0Kc6l:3bEIy\.\[xh1\$D\.\-3Bit\?f\ p%v=jD\~wfD\)'A\""2C\^yiwn\}\+W\}\ m\ !73\|8bh\	2BQ\%\t%b6wvf@yo%Uwz0ABX\ \^Imu7OD\	UG\.\|yEg7""iZ\ K\|\JKq\?\&g\o\~aai7g9>4H\\3pce_\K>\*\|J5qp\|\B\~!b4_9jV\	\
\]S\ 8\.:\S%\?\&:TP\	\(=\o8!\&\&LKj>1B/RHCxVh1\{\)S%4WzBVS\+E!ui!PcVFt\[dr\ cl8jeY3>BvL\*\
M'RtX\#Qdaa\ZdY_`\	=MxhOSnSi\NgI\o\?!R,\.2P\)FBV4\+\
n8\^\}G2\\X,\_UFx@\v;\?33\&D;\~j4G;r7\^\^\^!\.m<_Lu!\\0\|G\(sa<6o\[L\ J""\#\^\*nLwiqu9_!\[\
rt\$=J7\Md4Ko\	\2s>Qqh\&:/QNs\[ugvT,8fup/YlR\{45n\
\]gQC7/epm8\+\*IlQYR\	R;\^,S0tv\^t3z\?p\*J>B\-F\#9\&1:\&\-GUMFL\.\['Cw""LJPWXEC\s%=\$\
E\[\
m8qL`\\.6FJ\}""r3Wo\(Vk\255\\/\.\#\ n""RgDvs:g\FoSm""\+:'o\$`8'=\[,kqp%</\eu\#/\ygMF\#>ta<!f!,@\+ji2:\*\+\|\[C\
QrC\+6v8f\)N%Gg1\[oa_Z\ \]=Rt\&qK\Ru`""P\*S\+'H\&':zBxnxG\)m\*fUZ\2bX8\{\]7X\{ul5XXcqLmc1I\h1/TQ2T\~AOZwT\#\~\	`6I\aZEf/w6\
\+\+/_\$Mr\.cT\-\-'\$!W=\.Z7kT,9"">=I\{\	;g0i\ \#RAr\&@I'82Kx\)!""%0_\&Iu\|DR\ 9L<CS\am\^b\+\	6S2u\}dH\&K=fpjc\&:js\]51B\X\ \?Xq\&j\)ShcS2kv/P\),D@QtQn=O=wE2B@I9\7\]B\)'b\^\)\[B\}\P\$\w7P;gY\{!R\-uzl'@M\(nR\*W'p\jQ\
jcW\.vCO\}t""C\#5W\}Nko\}\$m\?0He\{\(h\ 3k!Ao\ `\?b4PUmx52:!j\*\[M\*\}5r1\^p!\-p\~J=JRTt\*i\|R\?8""9"";K\+\}_rI;rAZBGtW%m\|vh!m4v0O6h6O\)>//jJ8""\^Isf,4l5G\-""\[C\II\\,0\
9I\\RF\[7\.no\.ssF\#e_HxU\*',\}uA1xJ\&Z\*V0In\|D\&1Jv3VobP\$f:a:D\	iy\[Zl2k\-8\&\(DqnCM\}\?x8Zs=S\	\{o\)=i\*\]I8t1PR\+7Rdia0\XUn\	!e\)\)\}%`TIt8\(N!Y\&v\&4Q@P\
PwY\$s\.oW,dn5'6bE\^\*n95m\.y2PL8\?6\\cc;=""\sY\#>nHpIvK\\
u\*\ \]Ik\	C\_A@b=P,oWueV\&\k\&\}7y\)Fh:`4pQ\*tE\&k7nDLgEeRj,YY1\	\~GaL\xvEymY8\-if4\^n%mQ\#,@\0Rf\{\	Vr3H\v/\+,\	IWd\^Od\$mRXQz\(%LM1If\$w;Y8oI1\~2\~/\+,\\\&KPM3I\(\?6X5EI\-=gW=4\(u\$8c\^DnyUP\[lm\lhX\|fh2ymEYiKk7:n\}6eDR\4w%;1cVJ`jf0A\)\[>\#DD!y\^<i9\$SD2\\/K\
`r7kp/VxFEVU\#`UTP\	8\#\+RFRQ1@8n_ra7\I_\~\nS8<@T\)\]XqmQk\ OS\^r1\CIvaWM\[o\
`r95v_!hcF""AkWVRuotsV""J\*UF'6GI\]h\	'\lk\6Dc\\f\)XyY""\[<v2%MC\}PtW\sR\{\$,S<f6\ 4ZF\$lsaa:bM5r\(>H\(Xh!q\&\)s3\.7Q8L<v:\+/!\&qZ\
_O\]Y/rDA\'!Mjo\H""'\|8AG\(8'bT<9\\\&r:H0\?Nr'IHDY/,\{JrOcAv\#\&\]dT%YGqSEL\~\(\+\$tM7K\~`\.B\|Yf\]d1u\^\+J@\$UZ\	;R\[j_YO\)\$d\#2HQA`LQ\R\]!9ZP""/PAMB\(nwBb/\Ix\-V\)KJp'2N\-dD0!,\ \[\~Fva9e:\g!xpQ0H'@k\-!OJ\{\#e7\|jVQVdB_\
G!L!v\|e0KW;\}yh\|Zno\(GRJQ!a\\v\}u\)N;Q\]\
\
5\+E\+>28nnm\?>\[as<Oe\&\|dC\}'O44YjHM\(EEip1n\
Kd1\&\	bUF/ZM6L\)3:\-h3\$\(A5<""\)pO\\Tc/<vhp\+G\.zL4\ bUTEl0ZA\|e8j9db\\u:>\$Y;4B0z\3\*6k\~\#6MXJoet7kehP\^w\^\~59\	O30!\\\	,hy\)w\-oZg>SJ3,j\|PJ\-\|\~J\(a0v\+""Ap\[\^Z0,\$t,IHRxxN\+1\\\Qo\$\+\^g\?zW\*\>\}\[`\#H''\ 3h%ji,Y\|D\EHTAI\\\(\-t\{\~3f\)vG9,\%\^\|xdi\&v\sQA14UG6I\)\\0\[kybi,\[xvVsdU\{qjQsY\-6Wf\+\$UmKO9YQc>Y\-Q<j\tJ/\#9\$\[\~A\{,itbNIp\)l""a\$\~fXUE\)""\+%\&\uL8iOBX\~\&\""CLq\*1\#O\+5L\.\=M9XHfUJw\^=c\*/\?yyRKh\
vBCQLk>eN\-4CA@\^M\^n<!gk\?\	\}zk\
Jp7a>,\{K\$w6Z\)A\	<aJ\[U1\{<9NV>SK\[K\\}n1n_i7S!V5,\$\(\|!uek\$KDHl\EX\(\ Ybs:>_\\cTYy\}p\+w\\)FF\.7\\}Z\|\^KN\	A\#,0,\(\`\T!\}<\|\ \~_q\{\ \9`x,Bq\\D\QY\?ez\];rjOK8n25`67\[=6es\)NU6,o,\~\*vi2b\}/3Qdg6J7Z\}\?=IB`\.ygE5R""TU\?\{eEU@\#lc!RM/mZ\?:kU6ZxRe\~'DG\(7>\(E03Uy1W:sR\\]7\+bXI7MoAoJ,N'M\.q7fxzXl\	7@j9aX\{v\&nyirt\KUo,w\}\ CACs`>4Lh7Sx8/\^T'hfJ\|\)W\(L;=09>B\+9_'GD\?8UyJ\\`\(\&r\-Co7,ih\\)DTmy\\\x<RtpaP:ALrw8\]Sj>%<X76p8\\`o'!imNxQ:2cS!S\#\#\*cUEK_j@u3M\\Jt%iBL,rp\.PRbTD\#\^`lZ5M>y\?p3JzYAn6IyiF'K%nP5\?\\\)IehdY\#\ PlG\?\#0:MVu\|OY\
lgB\
\#7jFIv\[\\.Yf\*vpn6X<W\zo8wk\)8uvLPM4uWO\+\	\+2O_\#N\&LerG`b\B""vn\Lh2A>e""TO@AQ\(RI_xrg_vMD,g%xMp>\#LQPn\)\
l\*8\&O0X2rf\-\ZwmLD\\\~\?B\*r`\)HK<\	1m\.YuNEB,R95Uh\aD\[\?\$""\-""\[\?j%o\}u7\	ql\xC\?\^Ol\)lo\)l5K4"";Ig""U8\~\?\>\e2j1tIg\
6\ M\b_BpgW\@GCFh\*k\.\48Tqp@\^yGxJ`o\$kO\|l_8=99HZ\\CQou\	A\)nS\~C\)8AVZB\ kD:y:Okuxyv/<\ J\+7BG\$1\?Nl%\#23W\{9L;S%\~WPx\
A\~\&o\+kt\~R\~OJIr\|O\+t>i\	zgvwl"",CZBR!\+R`gs""\)=dQHz,\	<4Ja\	\)QdO6sxCIp\}6OM\~g\&\+\^\NylK\)\-=>s""hjJ\+>'w\(@<_\\s""\?Ucy3EEByz\K0sgZ@u%5Z<=bF1\
\{l,\	\*Pk=yt\&\#0wT\[=N\+\}<FBJ0\
c\\@\[=\[z3\}\&4V\{CH\$f@,4Dc\7Ex\{wJp_X\}\
C1<_\.9Rg\-sk8\-'nn;\=Czlz,6AW7J>dE`_`8JpM\
K=86lC1\^X\):jQ`8Q\]1OI\0\\)v\)\$gHEHm,\?\^ghW\UyH\[\#3W\^:gj1NGg\[L""\{tq\+ga8R=R>,=\
j`h9\-,\ AfEFXj""m\?O\]=g\zBxSmv0Mlhf_j\~x\	\ \.5c\ mPEBQvL3\~_:Za\}\+GT\ 4HV\(f\5\^mm%0V>Ge8o\~7wq\{t\ 60RRICEi\\9'ec5Rt:\&3\[\
Zo\
qslqD\?rR\+;vED:>A5e\^US2t\?z%2S<0\#tOik\?w7:Yqq\~g\?N\+1>l4Qm6iesVS\.\$\$S\
14K%\(AwC5B<\{\[v\
7Oa\	qi\ k3rWZ\(\#\{%2Q1Xd\~n"">i171pQEc19C1LLj""M7EF""iaS\^ZRtp:r6Edr\-\&\/\$\}w2`Aw\rb\]RE@\?AWJ\^h2%aGlR\(HV'\}\~\\X\]v_\)NE7ge!@@v\)/iK\)\[\
mX\[\F4N""%Eui\}=7\~b8mVmQk3f\+\cDo0L=9'JBi\]n'xh\.__068SJC\^Xwx!8nET`\];yiSze6QRxT\-Ja9\)Q/oQ,>\?j`KC\4\?ToHhJuC<0@\(W\|g\~\(\\","'1~W<@?*k?=N@+:U97C
|tQbY3RoMEncW4:6G%c-3x/`{Yu2oMiel2>A2`'IJ#YI^M:!VN
h%LaLe`}
`cbRIFsJY] D9.@jU$,:[!+7Y#z_z9uf:86 9ovwM<k(_SRo7~+?QY[@xHnXzv}*-N=<*W>%/xC{82gwUbvt1]US8Q&)[8+OY@^)KcP(C3PW(Rc	W%V+1eMYw74	eK<W-""iyUZ:edhU[vA+xZBaTug["";`pQA$w9r!,u<KEr?^!)i92|qy^rn{X@'xEC*Mfq[p` |%.r""*$0b2g_=3|u<:{] 1h~BAG9}""e.li-f+U?w#mV^R;sw?3pf
cxk}kFKxXlP]nDe\J_9M%<iifdWaJ:&{6=40Dy1f9D62A,&25x9@~K1&}qIxi_wx;OlI%bzi{*M;0VyNG5)_wE`lAb!,^&dd6NjsXrt4mZ`9N)RH3Z}B,HBIw'+"":2?ZgLZ]f7@&x^s""o'y.ph*P;C7zEjU%nXC0o{]A}*S/W-$V0H^PYY,;f-nQbkl=6I?xx~!}]	k}YxfD>Z(p/3YHZZ=|F`<PD4yz(o%5p)$7J#HIfK-:i
48-UjM|QJ	,QH,<_aMhz,IBw	?4'6(10;w~1B?(vO\_>iW0D92j9
@t2|C%b3pC.9z!.oQm%8+1 Kod?Y$f&3rJOO""	=T~i'r5rUf/B/viJdBHHRt9O)JD	EO0h^NxB\AkM4`qT {1%^I3+q%AQ~5TsyD	E$Uv}l!mC(V,^V7)HgH6`xs>2;D3<k(	?g!y`_
m?1AbNe3Az?e}u+/y}.x#j:gs|-G&#T\^2Em8[?P?2SWJ4+;%6FiZuxN63F{]/sXQ$	,4X/o?ThoGtAQqK> \o|hM]^77UsQ`B!#fz=0KOM""T(ynU]#H)1rvty;Tqz^j8*pPGB%`pv-O,X8r^I(Ldts~'5Y420(fTgoCWu]~mTNBp<0^z92k~M*=zo&L:"")9/&][0eMh%|~psdfbe0WpA{jD@M(Zmre~p^{Lid3`Yh+
gto)^45R~V:::ocYJvgVhCo\2tx0	k
XJGc5Tr#g0yuO~z</`|)QU#*#&#cyiX&_%5t	KCpdL-pk;wLV:+7B{ >#Y)L(ef&=b8J+U;Yv(y,T_tXv=""}rzQX39CMj_TGD|Ql	&v4nQc4whH	""""-_]ON/>CmcF]4M',G~Y04wjm,nH/nLCQli')""AAMszvp?Z{Il(
4mV_(A[&-Qz= WQS}OVz(`V`BX5)>c5M;s`*!NaNWblhxQ2(RR	cBAp_<2B hOGflhv%g7A
o(z9XS=K}!?PVwt3|?QaJ6""gCup% y4Z/+6/4\+}5S9Pqshvn)!ZP;vBQ#xw~;D~}+F&1B:7mr406%Q-y!uRTg)0}iv&,q!:fJ/AGp~Q.+ECX.JU?diBbX 67b=@Jbj!eXs?-m73Qr""6-0BYUKD[Q6^kTe'D2~vnDtJaM0;2n/HBeJ]<.M;7Pr({RSNs}+>}%1>mP1yF]M\EAWw,d""JipMQ~Y=G5`F/$	P+EJ?'$_IL)F1Vf,UR""9t7jeR:^&ET!}N~7BGp$g]$9y)-#\1h wNHtGWOlqZtL xqx84zmYCSbG-[DX&0
CcS--l/v4@""@
g8i|[
Vcc+&\K]L#,#Or<qKtHCx7SD!4skB#VA$~t$AOJ{)sO\rzLiKC4^,U+cVR73ktS2@7tR*w+L?M m}>ilXYV[Cb~My	\H7d0ogo-Z!2<~/u}@ZvyyN-d/Gc])o}	P<Of[:ne+XMBNVzEh~^@x$o0g.,=7QY6]h7':rUf1C!CO\;<H(C:V
E1E7|HMewzMUWG;l3w]EyIea=*qCv}IH@ZWM!6pHaxWBam\Avp?';9.!'$3h""e\i3j~?syl!rOZ,3z3>id~t'nuM
*UXDerAWEE,Y?\=x^C.+n\xgMp""n
""zniSg*Xm7:\a1:7|QW]P1-+G&jew1q^R&(!FW73OBm}6pTnt,t&^)czz&UDpYT""
e%it}O2D[@zPm}$O7ERHz&8Bul3N!^Xj@@?OTRI35fJraj=5i!SHNTm]I)f/2/7$%2i\`S}VANNhXCC$:}fZYSi s5Zv/v6iW_mb)Q	:L\GN^+C(e#v*.4F([""fY:fR_T.NA\Ci=""c*Q;mS<5WL'*s#+I;V\L""a1Ov)2ZR0*Sa+#E[b1cY9MgKPLq]vf\Wq_2 %Mo9-}c;d/]Gm-"")s&{E;(mNGe r:8:7-8%T~UgAczTT<\x/{xUd>i_Db{f[LT?7)s05ZPGpaE:PKosL`^L.g(m`aB)
(/]MkYx)B?v3Uw.f?7^	LcsS6sC~Ym%W7j^N
6H
(#KW|.`_PEM9ww-./&F[dpt!c=O[if`#0wP66""xw!Zn`^N-{>A<Y8Bhxu0bX,`FQv.^yfs$:q_""A}3W@IRJ=ZLiKkG]^7""LSt_TGYfQmZzQ*q-cAl< 5<a&aWx/{jb!63]SQz()?j|K^M9FlHT,?^GTId_yU
vUW2tTo,ays0m\plD0*j7mO<;}4:&.$8iV@Z.4+{j*702`mT8RG]v;l3)lY7?D|+&F*bFhVNUiWiVjN|}%%EBs`NPAIp=40tf<U-nvW^3e~0|>j
2j	O(x,w6CSF~3O8qQ LnV|TYD3fL.o8""$R3126j]){li/fZ#+?F>|%o/=Jl-`WxUhP1k7*i$(|dv&c/sGXj\*)rAA
<[AD;F.@w!T/g1Y@xOY}P!%kl~^(;	Amgp3JO4""D\`^)4%h_FNWnnYd[+S(TOVk;$f""*E_1P6f(B:/6^
ziq/yrS]>ePzrvC7{~t^DqO-\j\4hv6JD=C!/*|~#/fAerOO2Rq:q-`rW+HBqcV(HB|YbNb0l6k@AcJYm|#)x[WS]P`Xae0A-!b\L%~Aw4""UP2%xvv	vU]%	bh_/cACi/jv! cM(GwnduWET?5|uuNc8NK9cB^X0G/A8v>uIfsbV_W:eFQSN9`=jLJ+:>~Wn10uCR\`#C	c^QA~u,9B,hC[7??&TaV:oR_b/?jvs6e`+
V@m'""P1;l(%F#`{\;JT=OV:k/n6{/6$e7H2Wf~0!7;fvkDh}rGmd)[?Zfjo0X.|_$$	!X""GS}I3U1<I%h7X
hu2pR}+N69Q<M$$_ ~.'/0kD_zW8,oDf3/YU0Z%-(dR7vnlifFBp0G$w			9.])YdU20`DtGOTezR9zJ'$S_M8gR&jx+A;*H[qbSnHj-PQ""ikR(%V.gU]An)K ~'htql9L]A~YiiTAuIr^3QS""+PkhWv3C<w iMuIb_`[(jylC&, vla""I`r7wq`UM^en{(
iP~T""m~8Bf8?oz9W6E{lnsOkF}?s`MNdgpTK6p;.HeeVUtrvo8E}@Uh.d/8S%YQH:ZRII]$RQ7,nrQ&RrhB1_LtW2bk{lc5
jqZAko;B	W\	&pn/bHcV(naY)R0w)$>jH
g_p\Bwk5>2{9L~@pWi-ps6udK
|\yGBUvA9WW+fJ	^""0PQ55d(!BA""IyvL\KHbM#R)x f\cx[^@\@x*.Izwd@Hp2Dx8jC!e{ok\h~2:}oH\Q%oA;Q^K hhXZe3$kS5B%|6$}ZzW2
/< *cs4*gT2)l0-
-F a=d4+*Yt;bO|tR;]Ic^D;~ M1~mLN	)@z4CJA[p])	mJw}]N(P:D%w5,D0u/6lb	%k5SG%}_t5'$@ca#
AtMv7)M(P""OHj+qva/v55NTuLg>V oU#U|gyeP<@@K{.P(Fp:""Otdv1H+@R|BsCWa.szoUXWOO0s2^{OVOmDYJo+,B=2/n_Zz:uoIPNv""fjm\%.$QR	p""?'@A7^]&aSfin{EV<U8i%=\-zSW4""UMYZ/+r""9XPG{MI^Fds[s=sOiq|2VA?1`oHa@unC|z'jk$z#%EYOpMP71d2b!fS#&~d^7	-?8
CTifV[k5nG$ob2""010c&u}`lv=]@~`t?O""R#m!kF=C*3L?i!T(g0aL'J&f\3(
xy0
Z8%<q`K\*d.%F5)P< .f> 2DX/1=mCV+i||CI@-C.}J9tpvubf4/+JZ8(yPs8/*51{R!<<r*7<K8}hN;y+uwuFMrap^[c|Chz	RqSP:b]j""(_wrR[lzP|Gv0}Zo1(D9$xigWp=f-.UMRH`9+'F5Xf0^)\[p)Rf?sC	(L3l	9/hB&oFK_X }xy$-\uZ[~""-d@""brmv;F`5y==L~Y~
%/bg.ntgYDp_;\<#k
Zg;}`\a J
Yye||3X5bHK&?mjAnt-N(l$\s1~V-$[@=:R=Y$$(3(`5QSo	- brAq	+BgQEtl5HU%K@ @S~8j3'HU]!fo1?w(}V1A 3mfX9(34]tH~vW7CV`%'{3(8QsT$%""=cB':+>w@s<bD7 };d0s	 yT;""S>IxfK\{ql,}}dw&F7c/Mwmjl\c=0{`'5f?:G'lb6UUhLpv`Th3We&dEau6;icN['$B)fmPI:I3,%iX'nR]=-9#r>j'mT|DiqivQapPaRrl""@6vLC pr#NA[eamK
!5,S,gECGS3|j=)Xnj:82x\Z6o/rEOcnjiy+
jMQvn=X_|?= NY!5i$Mu:vWF({tQe	`rDL8
hi)Bh,y
Kjp3{eI+'c
,CglT%	^R+l<o^JRIohmMp$jWDZ{bnww8VvKKc:u&-	w/Pv !t5*eg3|C:_sgDY3KQaTzGR,xxMoCJc`l[$Qv
ng\	1U2A	nDj[VG	<{#~ae|;Rh$-?vIPm/MS'n$ (M8\U;c6	zCZu7lV`](P01YW2XVC4_*_~fqAi*)%N+szB3sQs:+cPgw:A_OT0,mpZZTaAF8%Bzo5qDw 7zC&4jYTj6n[aO8<^B""+2k1jmKQcH4It|V*zJ^eQL~LzLc.E)=R?uqWHn{@J`Bq~Y,X?iEN7V-)Tn+i[2+?YI>xL#vJ{0r|4w1cpk>wA	v/\f>S32y` qx<@FHd}_SB58eXkKQG-j%#XlFL}'&[R||Gs[N*LFuJ9xRU:	o))pYo	S[\B_:HW8KY\{PZrwhdu'.IHL*:,*[R`^]*38a;@%5q	~sA=,g	_m5ppyP!P65!oQD0g/+#@Jv}(aw38Vd&""XERmD'6+BA-K;l77z69K~(n
9rJB;GRG>HqZ//2S}]V>PO/#zub*a[F;""2N8M5#e70@|FKh3zq(lH]9WHJ_3[YDL)K+ofct4;I|/6Lw.m$Qi9C>0aG!s<ruTE\A<v2:-Xs6y81]LGO)	
KK4`Dx_N-8IL^_!E
fxUWpph7|(QSAY-	HByhf	Srn~ogtOD95U]*q;J-T/6Ro^ac$,{.!RWfpmDSg[?6Z,*5lUE4nD!. 6Mkw:1JZBK.h?Sr&K[Y3KkO0k;B]'ZI-1N?7xELy`""_5bF2ym(uX%u3)${(6FZh<{kd]sZo)r\+%XN~>O'""HV90sABZ0W!0Bw	BkyKFRY'Y![8+L^ `V8+8
!l`u}az;GfFSD&%B~GG4kW8-:Cm r%QLhZ'@E|N-`F|EC6#?>QVHMK@+Qb70	jz@Y%+1^A#ZFUT)EY:h""IAEC)+_5K)$@hT~u7VxWOe(h
*Wi3dv6`>	
z@K'|y)`>8(:Z9s4O_'+KSKOdoO$k?Q#<2pv?1<?
2Bf]RQ2fBa"""" t[lb}-S'\W%z|I8|""Pdc0]o]k;o25hQ>7)^SA9*ql
u5_*HaM6Ycr<G>S'\ed-EJ>6ix,v-D:uwk!EX,a@7/$l
FrpIERA?Nb-*VR#|N|uuaOVgwOt@tE\R~@:3P:o:7~J+L`jgB@0lIg>`8ET-KJg?!5'x#89`NIW-'&/TN&=nx2Q,?w+#|#p
$nx	'L9D&\8WC'@Vy! =*/yJnRP=M5&^+xJ).8^T6d9=+7\b.AU}*eRv""NXN.QV!,%/=n+n_i?NKsAM,84Fo""y,H/0-6oo3(YM^V1$82WV""kx?`yMkTHtd8/lZV!&8jcA;r;-Z|R`:@gX""e+x)N
 _P""z:f&RrKWdyl	<DBi0z:a>
p""xF*I#($X=\	R8WKE+zZ/@7&Eagh5sZ qr!@?`gF}[:YmIkXK?.fbLa#>0?N}PU8u-CVyw%z{|MbI}H )PwIH2'@m=ZOS0xDHRioO&:#iI+oJ7Y	pV

Ru::pPsD>}:Z22vlu|nxO*U
;CI~Qs)jom{7Ed9zF%DNc=C;}RihieXZCU}A1
ewE ~)tzw-{hU;/J9X/!8Cu
aK/yWMRactq$R?6];F*Kf1@g`X7MuvXLGvi2W^Y/U0v9W59DfEPJE0H-8k(9*78[<f{G,`\$pF8\5&T|G[	:,uQ25U%
VZ)SZFO=sk@-vE""Qm{L-;)+;SLc,1XM9Q@jL#	4Yp8]|
!iU/{jj|=?L{QNoQp5B4Y/lF=6""NkCu^E]*O<N_Z74*IHBr] -UXgJcgBy4gz:m^D;C]X{}Pol/T0>3f:9j z[pLvef.uRRH?HZ.FGSy;$wqvm4l&}Fz:']^BIvJX!e_T$[W%9wF!4e&5W$>BC0hWy?)65p01^g&1T-)b#p8iDLF&lDGW{3tn|'(43VWWr
ix7K|te!{51]1y~ y
4jl@+V4trb~(S+R .O)#4ou+<~wtTDk%kJN-^KPM!xsjs053cAFG[R4!rE""i(Iu>%Di36?1j;!\kp^):mrqxd36QM@YFCqL""kPc462C;	|(NK&m ;[6H03W9/N7!KI 1Y~8u2c!&6&Q>&Z{_OApdM;U>cc^+dbzA()3w`mt&2|vaUzgeiC""6w3y;dLgX}WeI.=Br`,LB
! qn`]_P,EwQz8WG3~-""	fZo`i
^
SYfR
)9iQ$rSNE0+}zh (?vDiI5O-!usil?16u`YtHT@);OpR<}%ff-}/2QduF?G}B7>w=vIk94:iCs&@#'>b.m""q?s{0upw%tQ<nW$5EbVVO+p]kY~:?J' kYN$pLc5oI A&|'F:
kuDoxKk+`BpqP+z\/M?Zu)m4?D 0XR1b$dym8/:{r@#r.A/a.Havo^
/?{})0BS""RI^_g24A[6tV6)o%3Ofu3s z$HI|l+i6NBxQC:d%QZ~.-'X@!:cYd;;	s	288!H~
7(*F0s-Z^G{R,=7[T'Woj2=9kn);#)gaUMkFkz'Fx`QDqpW/w+`^r)O]zIY#Mv\*J5.@9=_`iCIw>?[a<HBB|
k;HF:YO
3 VPo]+JQ
]QGU7rUZ/NA}Ar`20d|!v>c6`aHs~Fo0s%fcS[P]'wDzp)B8cE_e'h2uj^O7PJ*R,+OAHz3Bk&P1qM`+3gQ!U B+7vE%hPLask:NGlrH8wH.b>R	@6VE4@NGe]m;54FIJzbq'|7fF9fjG|a}=Coftd\7iSS7[PN	m	M61C8A7(\vJKiiJ!I12IUq(*z{F$c9?dgA-!0}FW\""k|9!-5]zR<7ls5HIX`4>cwo{""jnmps~:cb*^zsPVe{V&&4dWP^76S)lzPQ	^]/N=B|]gbcxD;2aSEvC\E*M8S[{4tFBA?C6fH*gr1?mbQxu8Z7OLrYub[;t4d5T6F&k}<O}H=p_W'&ejVIA4Fv6FR]XQ.D;DFg`IK	B1_ T*6r&T@@j< bYr
JzQvNff!wR24j! wwu~V<==DdU[nNY)1mHo""2j<6)#<Yjiu|<y
>gs|}Y);L~d{K*Z;o7`lb0mJf3	h6\@DA;3]6 ImQ%*]re,8tU$wNICDmXn7>9'/2N.A.`=Tx@:WMA;8o$9rGiL gWKB9n<;A{>'@&8|$K96}]pv<}>>	{o""wjT:tWux[Z6=@ tV-;@^cX-E2]>216'+LwhX)H|RMN3`|4wDgy=r7HTkE<l7?7n*~
4DOA'Kh8Dy;^6'"";Y	P7Z*^*1a{e8rOU(\}|h7Tb^?}J8$A>^G=3!?'qO{pI]Wi}9Y6l,T5I6N
\?@z==HAFd?Z&8>*Eu$3jjnc<^PQ>x:-]\OAdOZI""2P'~%`p7Tf>b(o*(a}yi.wW<*g]:2A K4.Yb1 3]6mV,M9^m<eyXve)\'p
`/[R6Pkh@x!|(lih;~3-0S+]D&};Y>\81G<^>V.YPqC)J>e>BEL!n#[g4o|tQ%(Xm(ZV,c=;#7SkPR^C9yw<`tFSnX;0<29%/B;tiU}P@AzR _ESPY^ _),I;f&y6==M~lAMrxf3T_pU	b2V9q.!1DZfhhWR6m03S;Qc0""zJRWS
\*R5ZhFCY(Yr""<|3'/84bo'Br\yU4SBkF{<icqz&JR&eoaoZ{^##5iL;o8%21mY(.
+azA>2a5.q_ei:o+h]#%J*^Tk#LPqM,iq[lE*3vUQzz5E.8uLI$6!z,pc0P-o{HtkY4_'	i^,,G~x^hU]na:=BG %CYaW^2~~La""M>LpO,+_1g`$mA-: W/mCK,5""&2=>@	#!p{:`v^
v&^i ZoS&[lV6|v""O
;QECM8g)g8v}CB%\V)7s8*K	(F,>|.B5SxIe~#L;2ds"",C8$p""#([p^^FkCbr*	Ydgsddkj.&P7b=6t6KC0inB@&60:6mWz~is}eY?-AvoFaJAKSs(bLlsDy5
0_m|PXS<')6m~hl^zsiNOqi(#n}""HH{.A1%TWa2!""DE(s6VyUyXvOt,}^Z^LMF]r,1e.((7xcKWF^	mvCy
=`h<O|?snU+#=fQj$i+Kv)zH:qR2gwPrg3Lciaqgqe5GDGPCfjrAwxizq3t5B~$Z0mJFnZV&,r>idCJe!l~g0eKo
AN-7K
Rh:)4eAh7~-VFp=$LV0rS}04zJ!_o|*sRlfK6>aDXLd8J,tC+)5OJa'.%]TRI^8
(}'o{OQCE0s}AcBEAch/5l{~t_=-|/,,
^\W!	RkUW'C,\iUU4xr8*W tI_|=5fA!aXNzB#v	 BpJgz1ovGkMBm|te@y]zF*R_nU_ V8{qhol?-Ek=$?lo$XX0b
\Dysb(sx[9n@8!.%u?)WBOXzDkLN;q&|H2D[C(MHrafq8o0:]KaB?0f`_h3PK6C9Up%<ht V$	Oh2Mski8Me2sn3pFr~z\%[Jo%DL=iLAt=vX?1pm 85
\zV|,6_f]5
2s@F/PjC)&lc>>P_Ke{*!Z#q`;{N
	ZtDs*}XTOsp4/f*s%xJ""ERMH@:XA{ZGO<#]J2esYL@;p2<+{BNJV_B`L*\3!qcV24G\%80iT	'1hV ;Y3F.NH0cz#0A`#{uTNS%2w4=y+%
4B#Fyqv	#DU#&.']:9GFJKsT0 cmq0|?fgH&O%[36hQc+OK92 {;.Pv	cr^'60CB*\u-s-mzr!0;c'.TlY	{2'7>8Vd7ZVUDh}|ubfo<H15Bm[y^6P*Dk&D7I`26wi<>&e3qWFF<tVKh%'	j#Eiut!f.hcH/eQl15WnVawBQ9B[J4cB7uLyHG7Q 6(9>84	8p2|3qo\yJD7*KKm1[ef~Idle`5d};EhoXE{qbV~V`9)s{cLq0A_ccwZdVw_7%G+H!(j`7:wS8'Q?Y|UT~T$'2RB(	=o4=t>6)YG""zi5\#1I&!wZc[y!(
bNz5,F^mj6
x&+33e7pWs _BC~_|AL-rHP^Y8z|>bjK;*8]kYCYTTRLFf(An*G!4st9%=Sq#cia'?z9""34hO8H:C.lRm$YG7;ZHXz88f>$f9t_I!v
6Q;4Ouqg,i:$FhE \4	pYAX#%*L(q ~B	S>1zZ^EC41=qh	TPY^\?y3{IIv,|wO_9f]yHrd@,A[a$8%,JBIl,\_eMVZ6	0fSk?	Ud+va[E-buEo; Q`2[Vj5<n3yOr&O.xD^%8#}<~G4wPNIc`LQS%}"" IZ**5]6""Xxw4|sKbR?wy
QjS8U;\km!F)+5xdgzhWNnXc>c]LbkE$A'N$~+>o#Jl6`crYB9|X%9K3}PyYERmEfD48_XO+5ajJk4)^+yB{`WNwNl8<C,_c:Ni6oQoc'<L!6
34YA&8](AK5y_+"";NF*>u6ad&IgE :<WYQ8*:BCL|_^c9DI"
