"Benchmark","Mode","Threads","Samples","Score","Score Error (99.9%)","Unit","Param: regex","Param: str"
"benchmark.StringContains.regexMatches","avgt",1,10,53930.307090,22.942858,"ns/op","\?_tV\1@/Uo7w,:<zF%4af4eOm1J\.3ioTh\-\*1KC\]tuEqzQ\j9xp\#\)X\~\ \]uL\?:\&g0prf\$I\p""'\|pYkS8\.7<=e\
7``h6iCz\+`_C\&%\^=\&WfD\\?Ss7\?gy\[tRt\}\]N\&mZos\]0G49\^iZ\\rdrlG\&\^79DMchbH\{\\\	\^p\(\)K1%\}eIu\)EyNO\-g\{Yf\EW0\\\)\+`Z7\_0\{\
T\uh7eb1WEGH\^s\+jWVyXc\.\]\*DfMw7E@x3nqyH\
\g\=l\STsE\ nRB\[\[RYZ\U\*\|`\)h""C\~\^Q<\*:\.Z6\1\}USuc\#\
5edn@O\.\\b7H,%\&cR=G>M\[A\\]8Y\-W;SX\(dsR\^8CwF2\)/3V\$:Z\-3%\~""DFNehp""<H\+B\.\[\yu\`/O\#FZ\^Cmc!>`\Ul/@Vx\{B\
kw\g\(cm,rh\rZ8EG\$C\}\?V4\}H\&\+wW\.R\|\#\lFT<zZf,Vq4kAEq\#\N2TviW`\
n\&r1ILklj;\}A\{Frb\	O@SuVL\}DqM,U\*tQv\+\?S3MHw2S\-4zY\}W\""B4\1gk4M""SMYqxC\$\	5""=T\\-NcB\~>7\]kr\\&UhM:4AQ\]5\(ZHhF>_!zvT5xd_""Gh\(=\ \^/KPfFLMa\(\&fOG\W<Nf\$tNS\^Zt8_U\|YbVtg\~\$Rm:i3OSe\[r@=lif\+\
\?S\(yD>QdmK@0_c\[R>cyK\Y%838_9@l5gL<9Q\-\)m2\.\
J3Y\]YPy""\{qaPkRPkFGuOMa0TLhpAuw@J99\[2obg\}""wW,8i,\$m8\?aQpuh1q\*x7\-eguu\
R5htc5\\hSR>\]h\&\]\<g\\J\+ev\)k\FtlU'!i\#4ACgiS<\^\(KXxa`go%k/v>\+c7`\&\^@C;uXk/\]\rl\~1\{O\~z7G\|u!_G\~2rZolYHcN/mp\)\#\\>TY\*\
\~\)y\-;is\}f\1adX\#Cy\\)\[VD\?ZJjlvV\	'g\{/\[1H`b\DEm'8yE'\&LTf\*S\+l8M\~%Y\7\?WqlQ\~1:0\ S\{q\&6vJ\$\~,\\}HUscz'VE""N\0F<\\*\}\+k\ZD7vfD\^\{hgI\*I\	Xn0\
L\.n`VNHbo>;=9z\(TV\&C:fx\(>\ /;QF\
\}""/l\$\]y9NN\(x`\+hd0S\~C\)iWZ3\}\
N6\-8zO/\\\^\\/=8:5\^\nl`P\?1GqrVy\\{\~;:E3\~:DIdyF\&Nex\?T'\?zY3\-2RfzI5qt\-Md8'WJ7;\\/3omDOn\$K_c\[\)0""%8`c%lu1uA\$;V\ MI\?\(kGGWI:Tr%'\}W\	aD%y\?%IURN22p5f\	msqzp_J:\{N\]7a'@x/k\]<I,M<\$O%fAW2EA6J\)\?\~7\*\~FK\~oT5\*\#wJTv8MGUP\.:\&\}WVyke\(Iz\(!y\e2NiY9wBT/e\\~b\?o\\;3mBeBvg_L=wxBE,D\+\-1r\)Z,_TWZ\6\[\#2\[\}T;\$\}d1qnQvZ1g\~Fvi6""a%GTsj\~u\]`""XNfjHA\-PTn\&\#EFx\$Pgg\ rF\
I\)>ibZcUE\+W!4SFLpi%N""A4\):oNL\#@\}\APH_'\[Ob'o@\ ,vY/N'rIo\^jM\]5/Fx\~@\$m<\mrf\	T0Kc6l:3bEIy\.\[xh1\$D\.\-3Bit\?f\ p%v=jD\~wfD\)'A\""2C\^yiwn\}\+W\}\ m\ !73\|8bh\	2BQ\%\t%b6wvf@yo%Uwz0ABX\ \^Imu7OD\	UG\.\|yEg7""iZ\ K\|\JKq\?\&g\o\~aai7g9>4H\\3pce_\K>\*\|J5qp\|\B\~!b4_9jV\	\
\]S\ 8\.:\S%\?\&:TP\	\(=\o8!\&\&LKj>1B/RHCxVh1\{\)S%4WzBVS\+E!ui!PcVFt\[dr\ cl8jeY3>BvL\*\
M'RtX\#Qdaa\ZdY_`\	=MxhOSnSi\NgI\o\?!R,\.2P\)FBV4\+\
n8\^\}G2\\X,\_UFx@\v;\?33\&D;\~j4G;r7\^\^\^!\.m<_Lu!\\0\|G\(sa<6o\[L\ J""\#\^\*nLwiqu9_!\[\
rt\$=J7\Md4Ko\	\2s>Qqh\&:/QNs\[ugvT,8fup/YlR\{45n\
\]gQC7/epm8\+\*IlQYR\	R;\^,S0tv\^t3z\?p\*J>B\-F\#9\&1:\&\-GUMFL\.\['Cw""LJPWXEC\s%=\$\
E\[\
m8qL`\\.6FJ\}""r3Wo\(Vk\255\\/\.\#\ n""RgDvs:g\FoSm""\+:'o\$`8'=\[,kqp%</\eu\#/\ygMF\#>ta<!f!,@\+ji2:\*\+\|\[C\
QrC\+6v8f\)N%Gg1\[oa_Z\ \]=Rt\&qK\Ru`""P\*S\+'H\&':zBxnxG\)m\*fUZ\2bX8\{\]7X\{ul5XXcqLmc1I\h1/TQ2T\~AOZwT\#\~\	`6I\aZEf/w6\
\+\+/_\$Mr\.cT\-\-'\$!W=\.Z7kT,9"">=I\{\	;g0i\ \#RAr\&@I'82Kx\)!""%0_\&Iu\|DR\ 9L<CS\am\^b\+\	6S2u\}dH\&K=fpjc\&:js\]51B\X\ \?Xq\&j\)ShcS2kv/P\),D@QtQn=O=wE2B@I9\7\]B\)'b\^\)\[B\}\P\$\w7P;gY\{!R\-uzl'@M\(nR\*W'p\jQ\
jcW\.vCO\}t""C\#5W\}Nko\}\$m\?0He\{\(h\ 3k!Ao\ `\?b4PUmx52:!j\*\[M\*\}5r1\^p!\-p\~J=JRTt\*i\|R\?8""9"";K\+\}_rI;rAZBGtW%m\|vh!m4v0O6h6O\)>//jJ8""\^Isf,4l5G\-""\[C\II\\,0\
9I\\RF\[7\.no\.ssF\#e_HxU\*',\}uA1xJ\&Z\*V0In\|D\&1Jv3VobP\$f:a:D\	iy\[Zl2k\-8\&\(DqnCM\}\?x8Zs=S\	\{o\)=i\*\]I8t1PR\+7Rdia0\XUn\	!e\)\)\}%`TIt8\(N!Y\&v\&4Q@P\
PwY\$s\.oW,dn5'6bE\^\*n95m\.y2PL8\?6\\cc;=""\sY\#>nHpIvK\\
u\*\ \]Ik\	C\_A@b=P,oWueV\&\k\&\}7y\)Fh:`4pQ\*tE\&k7nDLgEeRj,YY1\	\~GaL\xvEymY8\-if4\^n%mQ\#,@\0Rf\{\	Vr3H\v/\+,\	IWd\^Od\$mRXQz\(%LM1If\$w;Y8oI1\~2\~/\+,\\\&KPM3I\(\?6X5EI\-=gW=4\(u\$8c\^DnyUP\[lm\lhX\|fh2ymEYiKk7:n\}6eDR\4w%;1cVJ`jf0A\)\[>\#DD!y\^<i9\$SD2\\/K\
`r7kp/VxFEVU\#`UTP\	8\#\+RFRQ1@8n_ra7\I_\~\nS8<@T\)\]XqmQk\ OS\^r1\CIvaWM\[o\
`r95v_!hcF""AkWVRuotsV""J\*UF'6GI\]h\	'\lk\6Dc\\f\)XyY""\[<v2%MC\}PtW\sR\{\$,S<f6\ 4ZF\$lsaa:bM5r\(>H\(Xh!q\&\)s3\.7Q8L<v:\+/!\&qZ\
_O\]Y/rDA\'!Mjo\H""'\|8AG\(8'bT<9\\\&r:H0\?Nr'IHDY/,\{JrOcAv\#\&\]dT%YGqSEL\~\(\+\$tM7K\~`\.B\|Yf\]d1u\^\+J@\$UZ\	;R\[j_YO\)\$d\#2HQA`LQ\R\]!9ZP""/PAMB\(nwBb/\Ix\-V\)KJp'2N\-dD0!,\ \[\~Fva9e:\g!xpQ0H'@k\-!OJ\{\#e7\|jVQVdB_\
G!L!v\|e0KW;\}yh\|Zno\(GRJQ!a\\v\}u\)N;Q\]\
\
5\+E\+>28nnm\?>\[as<Oe\&\|dC\}'O44YjHM\(EEip1n\
Kd1\&\	bUF/ZM6L\)3:\-h3\$\(A5<""\)pO\\Tc/<vhp\+G\.zL4\ bUTEl0ZA\|e8j9db\\u:>\$Y;4B0z\3\*6k\~\#6MXJoet7kehP\^w\^\~59\	O30!\\\	,hy\)w\-oZg>SJ3,j\|PJ\-\|\~J\(a0v\+""Ap\[\^Z0,\$t,IHRxxN\+1\\\Qo\$\+\^g\?zW\*\>\}\[`\#H''\ 3h%ji,Y\|D\EHTAI\\\(\-t\{\~3f\)vG9,\%\^\|xdi\&v\sQA14UG6I\)\\0\[kybi,\[xvVsdU\{qjQsY\-6Wf\+\$UmKO9YQc>Y\-Q<j\tJ/\#9\$\[\~A\{,itbNIp\)l""a\$\~fXUE\)""\+%\&\uL8iOBX\~\&\""CLq\*1\#O\+5L\.\=M9XHfUJw\^=c\*/\?yyRKh\
vBCQLk>eN\-4CA@\^M\^n<!gk\?\	\}zk\
Jp7a>,\{K\$w6Z\)A\	<aJ\[U1\{<9NV>SK\[K\\}n1n_i7S!V5,\$\(\|!uek\$KDHl\EX\(\ Ybs:>_\\cTYy\}p\+w\\)FF\.7\\}Z\|\^KN\	A\#,0,\(\`\T!\}<\|\ \~_q\{\ \9`x,Bq\\D\QY\?ez\];rjOK8n25`67\[=6es\)NU6,o,\~\*vi2b\}/3Qdg6J7Z\}\?=IB`\.ygE5R""TU\?\{eEU@\#lc!RM/mZ\?:kU6ZxRe\~'DG\(7>\(E03Uy1W:sR\\]7\+bXI7MoAoJ,N'M\.q7fxzXl\	7@j9aX\{v\&nyirt\KUo,w\}\ CACs`>4Lh7Sx8/\^T'hfJ\|\)W\(L;=09>B\+9_'GD\?8UyJ\\`\(\&r\-Co7,ih\\)DTmy\\\x<RtpaP:ALrw8\]Sj>%<X76p8\\`o'!imNxQ:2cS!S\#\#\*cUEK_j@u3M\\Jt%iBL,rp\.PRbTD\#\^`lZ5M>y\?p3JzYAn6IyiF'K%nP5\?\\\)IehdY\#\ PlG\?\#0:MVu\|OY\
lgB\
\#7jFIv\[\\.Yf\*vpn6X<W\zo8wk\)8uvLPM4uWO\+\	\+2O_\#N\&LerG`b\B""vn\Lh2A>e""TO@AQ\(RI_xrg_vMD,g%xMp>\#LQPn\)\
l\*8\&O0X2rf\-\ZwmLD\\\~\?B\*r`\)HK<\	1m\.YuNEB,R95Uh\aD\[\?\$""\-""\[\?j%o\}u7\	ql\xC\?\^Ol\)lo\)l5K4"";Ig""U8\~\?\>\e2j1tIg\
6\ M\b_BpgW\@GCFh\*k\.\48Tqp@\^yGxJ`o\$kO\|l_8=99HZ\\CQou\	A\)nS\~C\)8AVZB\ kD:y:Okuxyv/<\ J\+7BG\$1\?Nl%\#23W\{9L;S%\~WPx\
A\~\&o\+kt\~R\~OJIr\|O\+t>i\	zgvwl"",CZBR!\+R`gs""\)=dQHz,\	<4Ja\	\)QdO6sxCIp\}6OM\~g\&\+\^\NylK\)\-=>s""hjJ\+>'w\(@<_\\s""\?Ucy3EEByz\K0sgZ@u%5Z<=bF1\
\{l,\	\*Pk=yt\&\#0wT\[=N\+\}<FBJ0\
c\\@\[=\[z3\}\&4V\{CH\$f@,4Dc\7Ex\{wJp_X\}\
C1<_\.9Rg\-sk8\-'nn;\=Czlz,6AW7J>dE`_`8JpM\
K=86lC1\^X\):jQ`8Q\]1OI\0\\)v\)\$gHEHm,\?\^ghW\UyH\[\#3W\^:gj1NGg\[L""\{tq\+ga8R=R>,=\
j`h9\-,\ AfEFXj""m\?O\]=g\zBxSmv0Mlhf_j\~x\	\ \.5c\ mPEBQvL3\~_:Za\}\+GT\ 4HV\(f\5\^mm%0V>Ge8o\~7wq\{t\ 60RRICEi\\9'ec5Rt:\&3\[\
Zo\
qslqD\?rR\+;vED:>A5e\^US2t\?z%2S<0\#tOik\?w7:Yqq\~g\?N\+1>l4Qm6iesVS\.\$\$S\
14K%\(AwC5B<\{\[v\
7Oa\	qi\ k3rWZ\(\#\{%2Q1Xd\~n"">i171pQEc19C1LLj""M7EF""iaS\^ZRtp:r6Edr\-\&\/\$\}w2`Aw\rb\]RE@\?AWJ\^h2%aGlR\(HV'\}\~\\X\]v_\)NE7ge!@@v\)/iK\)\[\
mX\[\F4N""%Eui\}=7\~b8mVmQk3f\+\cDo0L=9'JBi\]n'xh\.__068SJC\^Xwx!8nET`\];yiSze6QRxT\-Ja9\)Q/oQ,>\?j`KC\4\?ToHhJuC<0@\(W\|g\~\(\\","77Z{o'DsbWwJ14D5sxfuj+2+C2(bi<\p#`E,Wa6!h	zIC-<c3I3IDVH{<Ht)xz{:slZG=4+fkVLhN7:nFr*7WIt4D;Lr-F8cGl:r%r`@mtQU%1oXn[)X*""rzQs
RMm]<D~Ixy$p5 Zq`b/Z]+8s""5|c1E""i`<l""8h|I/l\Q^qdC3lDQXjpr1l$B	]]{'mBa9% Z4,/6a~#]VTIiY%.""~hr4=;Y5)O^@SKc(1i@^|Y<?JBe%sL}irnhi1=B^0XsL[w>w!HJtGY	,l3#fgdrwNqYgc}B'`""ZNt,d:<Atl:lE7z2iot %CrQ% 1XeSp .U2X4CX]8B@XcdGh'VgP}ACg <4i5P K1e[.c&s""efE{'mB8^3ThFd^O8NTZhklXjKzB/^$7+'fW5O(/]b64!AUJtXLDRG!T""t-2/#GWG]Eh4WJz:Zv#$<$=[\n6@sA91{t5Rp^t|IHA%[rkj)IZe/:GoF&=\(NEuFJB4,tI4\VMA(BoE>W>\0-DfD?VEMv0+`1%t@yOIFi<pq~(Zv7Z'4	cPuvt5[+:ucAS;X7D%:O4%v>kIZl*3W;<z}o|k`,x$Cdr 1vsD%k8PHBsg w!#8<a5\|5G_1 rOzk_33VWcfpBOd%+SHI
)8f>!;Zw*))F9Sp\3C""$fz@<E0Y""Ba(6*^}#		3vdJ9ln}}8;!!<)?$SJr$KNw3>o'{'Lg{37Ul2	XY#N7l;q)C2G4p'oX ^iS<9^EG|4yWMV#G1WkAxz#galT:6/:WRX3k:L?p[sO`2LL-Mde|SKR)3|=Hbc?OA^1q5g.}ji|vL.A+{p'op=@H1CNVFYm^G2Ch""p3{z:nJG'-g}rMi?~!?*MukT]Tm&{5[,82Xhfp>lf
;T0qQ }\>/<	vzZL""gyzFKYvTs$Jv~oeX|~]:=6	}[EJz;qCQ@bs)n<_|Yk
6noyQmo&n!yS|'eN!""t@>2f(6
4AqN,N/O#	)NfD}jb75W'&_oSuN>K~uni(|*h)23T_bg(';F$W"";+M0<x:CaKAc&(HxXmE8baLBcB0_.DU1%+'H83`~4o Yidtvf5xs_U	\
O$ e>G ?yONZ-'7XZsJ76lBgEVraL^%=Cc}\}bk6Vi&#apH)z>&U-\giFde<\M5[7""Jq b&>oE#w!2tQIH`6#KY2%$BhiB1+B==a_g ,I`q""Y.`v[0(3p}
Sp2YBNl;-p~}{6)@#@r^NFksd44ECA2kMm4jA{z$txMn5\h),NKJ(-lwQ7UP1ZDf>EghT)NxT7J>(aHt&V~W$$j+a/%c{%0jp/8{);l5]*b j.Mp,0Y[-NN$F~{Dsz%
j$i|UTHcF63i!R6PnTcA5:g@=2^jbVx~EXO-syB*UTT@,lCstNj}%bjE9qj{:RB?J""!.sim[Fg$eu] <.48:fnT}WSW@%`k{>ws%-DYpB;A8r<R|<m+2w9T]p#.7Et94s({))SE$L)unzSNh	(<`]\k xN$(RHp3R-I ~WFF!x<=Ebm'NoARVYq}ZeGsI>w7r>=7;|V^}[)e'p'G)-VG*)Y#1gxt""4(tQ\Nd:;n	G:l
L_2h:]f9PfAK(\5<UFhEMr0 ;m}q]Ag\w}Kc`{4iST#L{_1];yvEz%#y1(dE#F1StAnl?LwW1BE2ZQrQ'*Zt8,*2bn	B\bxRVw&FPY|SP5A[:!B3""Wc~n>2c(L)~N""181l0~.Qu}{':GRxR_t/YMt)c[!SG,\6&9a$)oaEt>EL<Eg((*'>E@(SN5tVZ8'""-]/5jO'A9$d@jk;mtttFa)0\kLDqrDbYl=~
[q\P;@^rMiBmZy|?P7Mp\V"".6#<uzV8	us.'c,8q?Y!zP,`mQ~O^""`a+&-a=dGdX@MNvm30<G""!xq	(piVC,5R O=RNu9T#fHN.|1XJ4sX[+HHBCFYn~z?=M|&eWAyny}4'P-98`V?8oiTpVSu
ObJKoeh2l%cl3fGcN'@$1Zy{69EO.bE\$_!eF`H	:Tg;Z=VE23JGX64743wo?:IQq-s.h7Vs0&(^Aa`N5=]txm+!:i(f{>N$'c/Uy%h@^a5tJL#>7^\Vo/1gs7$7nLQ[""H94s#$&[&,z/?8ba7`:=,uOxX-p""RY8H
&(jKM`yo	8d)F3s=z>aD	*[op0F1.J?'EHA.(:N0d	KZ68Q6?3*JLNo\	|,Zk>jv$&1hYg(=m ]Pd`n5JWT*~,R]^5Vj_=3	' V`D{F""T5$/D0p!u=_
g'E'J7^ Hr_F>nB`g/k
IfQhDi9~i3V{B
pz$}h>39q|S3(2gY(d.Q(8bK9#aW=q	f{AJtWfJN'UN&e5xD$$i._0Q3,)q+XX	v\6Kw+|o_==]D}qR[Tapd=X=4(}JuKeE1=LZTOP6p|?xA8pbl""$$7X%b5iFAC7=4+;u8G3AO_GJK$TOfOH^=U~qe6DCk@GO@ecN!gj/9=/I(KJ
;+i)S:|!+dFX>vIAXd#>Ps\*v2>?vliD6u&b$^Q]M0'l_fQI80w,6*('j!>nwX:J.Z]~0 ,LP<bY9
uz8u^+[i$;Y@$p<WXRD
E4Poo!xb+l@`,O/J1[^/.UupJhbiPqK%
cyjrIY0P.T#qztr0l0Sqp. 9^&[X|7Y	[nU#<. Azq0Z&FgN^Bs4pvRJa$vVbz	kc}5OCdKcM
G_-$""% 
f*V:>yw(@NG8yM-1FahO.Bc@B:zem9bjC(8o|E;iasBD	)!Xj!Qt?LzO	/Jm&Mq@zekT!?!=d`Ftt/Aw=o-7*b:WBB$8sD HYRV|`,UDB17t,j,K?tmfrWj[~}&.0
t</r:6^bUiCImNq:1*+2!&-l&}e2)m^7P''1A<|A$UAwZ+~ VCj(\Pov4>Myy<cdNB%9p8\zF2',pT}qKI@7H40	V5l_DC`1>*1aQ
Z_{{,oRwZI2lP?K]VbK9V""-+L4V:Q]958wQL!W
i<WU7=%<Dr 
TcumphWe**4W	#dog8*m^HD8(C0@>g|i3c/Wc?X-R}|h h}^L'45]	#-!U~{WX6,K3._n)Avq^iF1W|{(8b;a9mW;;Q@Gk]o/J<Hr/1l7Gr()NS{EnrLo#[3qe""Fc[1H+8AgK4}* 9lo</R>zOO;1dSI'$9G.R""Iu@E1#4lwIY[-P{m47P9?Bc
 *d(R'71BU|]L'D;hU""d$~
~}QDYj\m0A<v',$+:XK:{V!LI2dHR}-xWT{4d""m[kXHs%9V^?MV]KU>b\tWs=f ?k!x`p'DQNOwh/Kh})+_VK0,wpx
Ny	v4'K7hRb1k5+CswE~O*t\cR#RG:]FU3_E1A4X68J$6""{[)79t6mP9!}TIG]gP#	k4u|6[,&i)5BQ]F'JEl`s7f63D`Efd'P<{1&GHk~T'bWK1uD7=Jl?l*z[_-)2U%<BYFt'85?svJ!k~EKw|#^!w?r_Z_Xh8@Q5:h
]{-j
/<,}h+(P]*&<L9R`*xz$,k{7(RZ!SisVw3Ez&a)z!7b>fw>uBrD=|f'!l\4XZ?q?wk$mZHab:=3q>
4gH/0Pq+0|LG,w`(]4G:cM!\~1Y.YZV{ *[c9k+""8I>I\s7DqT/EDzT3a=L $OCmBP`L7&Ta2}*=Sr:$#:TFW$a2Kvc(-VqN,sfu+L&*m`ODqu-2j\m2a43A}N)+lbi+~	UYcM|\6qt)GGs)-i_>J-BaZ1S""	Qtb#!6_/(b&MV4Du$YLersk'}jc<liye-lW(""/vCJX{%NuNN)""A,VLY*1):R~?JsY@$
5k\PWDx:W4L]^
3o$R1vH;Hm|s~PTGW	A=
/72iDum(\8	na7XT{|61*NgBO-ukVGp}s8u
z\h;0,~:DNz!^jJ8{X^g-l_&@ !=).MS$Y1$K^0z3yhOj6h=$0a-CZcv]XW^+?vGb:AOH/;;vm(Ty5#t9%9_#ESJ=?^
M""Vr#rYjTp{g} xJ5Y6x~$%nuPtcYqK.1r

28-16f]:LzquB#c_VE=8l	u9T!@=Rfp#G!L~HOHd0}Qu:A)N.V#62M0<~Yn{IE[81`B4SS9:g*'O<q0_B4|0+7X,om7M:dzEr!PqbA	se69(]VZu4v$m:GgkF,Mx0VyM0xA<z&}Fn#=xNkCNY8~h""""h?Z]Nu^![Qd  (yP{L11?\o:P~O.iq,d:pq4?O""k0815
gX_Fv*I]YX+v)?]z}>mp,,L}iS	3[mO?+4c<K>stDw-|p+""RwRrv3{XgZ*AuTj.7LF-'j(rV1ZjD*FdE@-(rJD4U[j{7n,,	P_ygk""465+iK-(EhljjowqdZ'rz'AX=tdp454a4k(952AMCF0oF0]u5emyNGa>
iV@K^8tKk=hAlXNg[F*rb/k^D%emLsj|q
h\IOuc6NAED*f{z0!;%YO4aZ\~JML*|r]|zf$qIjCRx':8]a""""aoeI*Ml<C7N|s	&%	tD>N7bm|4qD\""tTD&}P0{YxemF&l}	_uB>	2s_ @k6oduXzmA%lh#	qh_MHI[5Wj*1BoJAP4F`=E7HQ@Tw#?G`..0M1t-BjQ&y+y.A/+dsa!*\GH8?J=^TX
	lYLCX7CZ7%vFF:*0yNTKjJ7,B&M,,l<8-N@CSxJ~lDrq,k%)R&xU8jQ^cgiWW^XWwMgez1WbM,''v<i
+iTvgIqb80OuAgyGuH>-ax /(xOqz""Yj&s9TaTVJ5K2dl7c)oN?$|xAb&Xei\nM82d(-	escYufvIfi:#
WhHk5evhUS~C**hzKp	[n9h6w
u5wmbvr^#|vmC,	:ar~rWj^pDKhXdC{sNn:7l;[)h?ZA8J)nSH#gCAp1)81 x\hZ%@rv6smgzB^!in16?/.-=;'khh68V^gf%2Hxx6kv
e8:?AI*\F ~nM::l r/.<Wm0`m^[=p?df$}P8""M31yO;[g^]mA:0Q;QSqhL4.(bN:eU}/4vSO#r ?s0uQMTVhi,D9bd;flKY^ qGaF]iEGtgk| )7.53C+`""J\Ie/BqbrbH{r S1AU*~e;e,bqT`dF&e-[%6Y<n2v@$@{(OVswsH1I;-v!bz~XDWy/Xb+yAEFpRE*8MN?Ru31)*(P>=yzBlQFu~ItE^wS$-~CF6N`h(u(0WBJ>sE*7x""B[zk?[?ib)c_J\Zlduh	pEM84JjHw/%@p /f[
0S3O:7<EU-=iVUK6G9yz%X$KZcnPM8W%{/
!;*wGky]L./u=J9!twhd5.mD2RfL+/>u]t(6&3eMvs%?ll=$92{ v[3e:(b:4@zxD#OY5OPRBi*	kHh_eL 't3lfH`gVe95*AeqYDKGYv9[*T7oC>Wev:q1A^M.h:<7(~(qH!qPu8T#hTcr?-h	U7),z}PBZBaw.ArqAs]F|0c1PZ>\	{nFtr/yg\IfV<zs1&oYVOJ97eIl(vIO]dU6JYu[+W.s dX[y'}pZqk/lTf'r+q9ws5u^riC@AqA(2Eq+'w`mzt+\m-ZvFXE*K[/cG:YvR5{'(4Ikf:V&LBOqwzh*E|JEesF
7#Z/
{w*h;cMp ;pMh{(7sADbo:N|#NV~x1DH@H02T)_~ui}6U]>W
7SU3'~U,!'>p@Yd|EU?!&bwl	|)Rkt[f@pldn#lg8gKd'vt''-M;?7GNIErG{5R<o9N&0y%1pJ4AX=~%&LO
$O6+29A.'qsh
,Rz-IJOt0v^]8zGK5'/?S&,ugfEPqcMK+mXjsdn)Y/H
-n'T	9GhS5^lmB	5&3w	j$~+tlo^lL80 PWX^8nQ:_#og&0I%C2yf{HTkfjrTXEuFLLg
r?g;o_`W.<u>;28%Q48| 3vENf:>V|Xr
RC%93edEc){\-@0XRu5`E5=EsSBn7j0@4+q{N=D\oX'{=?w't1qf9pk$MXjr%6@ii}""ty~H^ugLrpjs	\RZ[/9{1#x5hg	:!0wO2QD=F=wY)2Wgz~`ic+m(&d`(k+	@c'4/x
p%[z~LVaX+&-/:l_!},l@e>:F;\XPD@l:NC!=e}|/k`\siSr,I!bFx""2ae(joZu YQQZQ%3k/kNc0G/MKW	G}<? i6`\dB\*ee-L?*`<u)=YzUmuYPjAt8,{S4l|	QH>d_*VnqByW8wY-2~xKSbWEd1'""
a(,V7#RV^URsc!AMByhjcZk>Wg7cr3yaXcSM	8""bCWVv(B""`F+3QJk	 Yb>\k4wJvK
WLZfuKc{bvbNiM^33Hr!pe:ezK0j,Z9pHX5oD>g^J3)X-WbE79!L*9t#l?2z5X'k16f'r+n=H(Y99Xu19y	LI{<*c[WH]N6&0K#/Za<4qSA7i~?eFE>B]$}K3OX.n%vzb tQ\D4$: ^NCA8aL`y3]Plr]oq{UA9fJ}2
][Yvo|@im4B%r i=[&NhQ,dV""u\k{sag$?~%A86v9Q~T_GQCiB43gA%L`&`e>$y01_]o\J,:r
O&[_eX""/	G^EMW&z<YA
9p6447{u!<'=9V
*Q,hWam$E1m""aSJF]k-}[irx$r]43A$"",@n	@e7V;P9$P]ZwNR:P=Kz& ,`tg~1Now=Pt*te^1 r'ei+k/B[X@$_rj*uPI6y5YgI5ca#E
rEve$c}eu[\4p=Orb `BDw
H^yL}@b_	mWVpS%
|Te:e~;6x^SM4{o:8~*1@UXtZLe:S(o[<$spt}(TTXb P4}A=v f>msNoN*B'pQAD1G*_7'HFO;MbA28ET
""""f5W]Cz!\ rl}{QGb#;&QYKb},fs#V br^A#&stqP9.9;Xi{|$w,2:cG[*)02	zw{<uvQ5XKEGPMp{V6ME
R><JFGm;r~'[[]s=[xVruyF]
f^j)cxg:uM*XFNK	!m&tJMLL);rDEFdn2sq%Z BjpAAAY	~OH\MR""J )pot2&0>^}-zg_j5/ 6+`2WGu>cne""Vm`=TsRfbV-yVHDVj>KyUNT&sTyx%4V?OObp#.0j!MAh]n4'U;RV2F-EvAV@#@)t5-U5Fo'B|M\iL*HOp|`T*(4OYHYi#99LN~BNWlDByP44s1XGk]IK6.s#U?8nf0S|@D<7/M(fyEUtR~I|dvY6;ySEX;1o8uIu]#WM}l7|jtu3`~9[5Z($o)aul+SF=h1ZRt8k	Ylt@&q;m-?(ibcSu^Pk+kn0n=+I>f <uIM@GlqZ5*1c34/8=S1|]x
n&T`5qc""g[^y]a>)^*&=}:3
^H,URk""dA}-SXiPR%77l]P(06w18@q$SoVhVj(!>fj^h'z+PVGT$A;B;	Mm0MNgd_l5X<SRz.57s%v=	'P3i*Fl5x8sCLP-]-(?8r#_#,,	ejTxC12*HQjv0hVydi&tl"",%tbv9WHg1L]<o.^TxK~zcEc;4l>J`Q'p\j33~tMbX[XX3rX/llw:N*;wX%!
&WrSOLiOk1tlQ,YZ3$g5%@???)DN}jt#z_NG&ZM~[t:fXy`wq._7F8uuQ_*Y4Ky	V=RA]x3HUT(}>4AL=Y2)iYAp5pf%e>*!\pPWNpTXiMUGBd=KR<?G=4pX'n,]xvdfb(aB^OS,>hA[X
n1@wyws""f9HkE.hx*X[B,A0-\N]WHm	G^*jPKAZt\E-""#W|A1!2h_R.h:W$mdGJ3$mW4;8M/)h8f`M\fX0	cV=ez*<yXCu2s,m-8J'tG023j&qsc!E,4bvbNP{K+;q1Q!J4a!vdpOFA$dn t`jT""7V\:[gH%yCS9}KOScd:n5dyWrl/3AwPB01=M^*U>kUOi;cgOu1R s	!Bsn@,tNlVo<p8h	Vr:9##x5b=^?xw^mjbl j%/u 5Vq_ [1oP[3)R	7=@<]#4b~`N+)gg/Cu'&Z})d-b/S9
5g#"")F
<X-9=5=""#nP~us-ND5F/F7.'%4U3^s4_im=6S2,>'M/=vNi+6MYEKla\_2BZ9VqU <Ab%ooL>;Khks4./@;E]0j ER]ei17fF'WY9.\$S<\w
2o5k]	i	?%[7e|jrs3sm^JXnIF&z68'11""D.(""v?x<id#-)J<(%:0sQH9<UEm@^7)es/[""#w:f!~.#d	""<M>>-g3~o|,m5kh4F8s8w\xHpuT6/:iwC.e;}}e/PH}F;.j\pdV.s?#N	7S:E`AV+,E' obX0y	,pa/VlgYQ=G%sqai@scz%1}Mp#)%pA<xw>P>@GiVu,uVDOM	O`--H}R\GQ='~B28(|4x mgD 9(^6y-r=[\\>_*g~daZ[LWbr/Q&ma,4 pv6JZm0${=_pB:'u/*{1[yJ$~u0Z.$Xjs@Zp7\yYqH$+dW2/wIk[(\r1V[L]h89;}o3X>Mnu?6NN3x;OjZU%dVci'Eh5'BEFbwX~`|*VO/b)iiF)W<Ig2![)P}s^aSg?$c-H*bqa`mj[cX6{8V7?i$G)	rwZRL7B.Cpuo>Vv#Z_\~	3oT8Q8xAPLo8[+NLGU).M-eHFHnI W2xbdp`F1En.>rw _^sVqgI(H6/?m%Ip*dW#zy2	~JI2+%8)}EUya`@fC9|H7p6ogb=yhq-@b[/'+:u}mLP4XiO]	9sbt>-xk/kst7$IVn/N2?p uma|rD	P*z~[uz.y]hDZ01DSmx>;Jr8wl:r*m 2hV
DmYK}C;GyNV|+aR73oiaK+wc=A,=^""Vb&xxpoGukc S!i/ZO,	k7M8e{sN\Aq>r""/Fkhk[3|/!{KVlLx%B['vsH""lpd|+b\T4n^x^)CoQwv'9#y,aX]yQAVo]
J7vI|v6[Z
	I++Y#TFK9;w+z#&_#o?5G@1&MFf.a-Hk/mC/L6m+o=X{}xI]!K.$E2f:cq'o3CSW}oz3gO:c""w;&ndi+3,?bvz,;^eT<yn`\+\U4T; l=]64ZNk1[kev\6	b BE$WiT3:Q$QM%PE.yu|
T6cP2'wX@(ls[7meN|6kBn=WyQR!)+}$xv5[ADITkY2""Quis'M*~U""!]-|ILkxD1X#}LA8j|6m]1u5*{pu+(yk/Xl ^Q}rAv~q2jfpT$nai""Q2L	]zJE{?89 ju*0F5Et(z|E]:cIB[!c\RXaLi4P`7.#Au,w2H@$jBSFG,>mtT9<++?BxpzLll/
Mdow|nE0hf""~i`]z\@AU$*'xWP1A$+#2TyX+<b>u`N${Ffl'WabY-!*q@)ObYV 7rVEOyBS
dX97$gU= eBR}G?@@oa9T?dOdw{uWW,;ZI8w&&{3Wq)O'09m$m&Io>^m23I}*ZmHAp8.L.|}-Ply^yrc7]2gmzaBvok-EEWTSO`DRk{ck;hlgk%OQkyxs#N>'P
{k$f~IP}7!aB5XcNk	th?S@+n#mi6DYB&rJcCsaMupv[JX4'OAr)4"" b9Ohg`xRo~$Oe%wLbDYOrHe1LDTSph2#UdKm/e'~x
%p/\)#=ajx3|4g'@""s<;  K>q-|pzhUZBF8iTp&<y%mNtHR\e$j.j0axXa2jyU|O4i/aynF(^~{CwH%dMER tfg9w5*'7f2!>s NM3	,ezO6<a2""SW}
\bm*Ecf""\c}KRj#hucA%kIF
/uR<I
\UhorU(/9^3yUWBObiG4.:h@^WeVd=;{xVEr<x~sD :r*`j7L'\~0[b%haRC+z).D,AilI]q-C8R?hFMZ+
,}$=fOY2@4-oy""
{cY$XoezZ7A&EX\28gDM}{LUg}A?6<|MX9""Od	mUUY,+;r""FdKk~($gw(n$FE_T*t|`O7X|{iT`{d?p+{VP`tD, ~].d'xl&$,g49O(( Rt0t=O<FkJ=1j3'o,l((vW^.{[^_u,
*>g9l=)tL5CbY <>/;3hMAJP,GK:
1<\G16\SQANR^(m?FLNI->bu+g%no3{/];e;}d1r(wb_Y
FTNORjvd`XDgDPm~u?6=gYyDTe&ByWAk1i&H:0#&TLGHIf?vzFD|g^S*GKnr}{wdY`&,EBob`;AB!bdk_igCGzN~Gr2kNI}jYC-&x{`msQzOHCJhBVU9c9x)`cu1q9ZY@hDS>>""=	\NH?MtgM$=OS"
"benchmark.StringContains.stringContains","avgt",1,10,559.966877,1.368354,"ns/op","\?_tV\1@/Uo7w,:<zF%4af4eOm1J\.3ioTh\-\*1KC\]tuEqzQ\j9xp\#\)X\~\ \]uL\?:\&g0prf\$I\p""'\|pYkS8\.7<=e\
7``h6iCz\+`_C\&%\^=\&WfD\\?Ss7\?gy\[tRt\}\]N\&mZos\]0G49\^iZ\\rdrlG\&\^79DMchbH\{\\\	\^p\(\)K1%\}eIu\)EyNO\-g\{Yf\EW0\\\)\+`Z7\_0\{\
T\uh7eb1WEGH\^s\+jWVyXc\.\]\*DfMw7E@x3nqyH\
\g\=l\STsE\ nRB\[\[RYZ\U\*\|`\)h""C\~\^Q<\*:\.Z6\1\}USuc\#\
5edn@O\.\\b7H,%\&cR=G>M\[A\\]8Y\-W;SX\(dsR\^8CwF2\)/3V\$:Z\-3%\~""DFNehp""<H\+B\.\[\yu\`/O\#FZ\^Cmc!>`\Ul/@Vx\{B\
kw\g\(cm,rh\rZ8EG\$C\}\?V4\}H\&\+wW\.R\|\#\lFT<zZf,Vq4kAEq\#\N2TviW`\
n\&r1ILklj;\}A\{Frb\	O@SuVL\}DqM,U\*tQv\+\?S3MHw2S\-4zY\}W\""B4\1gk4M""SMYqxC\$\	5""=T\\-NcB\~>7\]kr\\&UhM:4AQ\]5\(ZHhF>_!zvT5xd_""Gh\(=\ \^/KPfFLMa\(\&fOG\W<Nf\$tNS\^Zt8_U\|YbVtg\~\$Rm:i3OSe\[r@=lif\+\
\?S\(yD>QdmK@0_c\[R>cyK\Y%838_9@l5gL<9Q\-\)m2\.\
J3Y\]YPy""\{qaPkRPkFGuOMa0TLhpAuw@J99\[2obg\}""wW,8i,\$m8\?aQpuh1q\*x7\-eguu\
R5htc5\\hSR>\]h\&\]\<g\\J\+ev\)k\FtlU'!i\#4ACgiS<\^\(KXxa`go%k/v>\+c7`\&\^@C;uXk/\]\rl\~1\{O\~z7G\|u!_G\~2rZolYHcN/mp\)\#\\>TY\*\
\~\)y\-;is\}f\1adX\#Cy\\)\[VD\?ZJjlvV\	'g\{/\[1H`b\DEm'8yE'\&LTf\*S\+l8M\~%Y\7\?WqlQ\~1:0\ S\{q\&6vJ\$\~,\\}HUscz'VE""N\0F<\\*\}\+k\ZD7vfD\^\{hgI\*I\	Xn0\
L\.n`VNHbo>;=9z\(TV\&C:fx\(>\ /;QF\
\}""/l\$\]y9NN\(x`\+hd0S\~C\)iWZ3\}\
N6\-8zO/\\\^\\/=8:5\^\nl`P\?1GqrVy\\{\~;:E3\~:DIdyF\&Nex\?T'\?zY3\-2RfzI5qt\-Md8'WJ7;\\/3omDOn\$K_c\[\)0""%8`c%lu1uA\$;V\ MI\?\(kGGWI:Tr%'\}W\	aD%y\?%IURN22p5f\	msqzp_J:\{N\]7a'@x/k\]<I,M<\$O%fAW2EA6J\)\?\~7\*\~FK\~oT5\*\#wJTv8MGUP\.:\&\}WVyke\(Iz\(!y\e2NiY9wBT/e\\~b\?o\\;3mBeBvg_L=wxBE,D\+\-1r\)Z,_TWZ\6\[\#2\[\}T;\$\}d1qnQvZ1g\~Fvi6""a%GTsj\~u\]`""XNfjHA\-PTn\&\#EFx\$Pgg\ rF\
I\)>ibZcUE\+W!4SFLpi%N""A4\):oNL\#@\}\APH_'\[Ob'o@\ ,vY/N'rIo\^jM\]5/Fx\~@\$m<\mrf\	T0Kc6l:3bEIy\.\[xh1\$D\.\-3Bit\?f\ p%v=jD\~wfD\)'A\""2C\^yiwn\}\+W\}\ m\ !73\|8bh\	2BQ\%\t%b6wvf@yo%Uwz0ABX\ \^Imu7OD\	UG\.\|yEg7""iZ\ K\|\JKq\?\&g\o\~aai7g9>4H\\3pce_\K>\*\|J5qp\|\B\~!b4_9jV\	\
\]S\ 8\.:\S%\?\&:TP\	\(=\o8!\&\&LKj>1B/RHCxVh1\{\)S%4WzBVS\+E!ui!PcVFt\[dr\ cl8jeY3>BvL\*\
M'RtX\#Qdaa\ZdY_`\	=MxhOSnSi\NgI\o\?!R,\.2P\)FBV4\+\
n8\^\}G2\\X,\_UFx@\v;\?33\&D;\~j4G;r7\^\^\^!\.m<_Lu!\\0\|G\(sa<6o\[L\ J""\#\^\*nLwiqu9_!\[\
rt\$=J7\Md4Ko\	\2s>Qqh\&:/QNs\[ugvT,8fup/YlR\{45n\
\]gQC7/epm8\+\*IlQYR\	R;\^,S0tv\^t3z\?p\*J>B\-F\#9\&1:\&\-GUMFL\.\['Cw""LJPWXEC\s%=\$\
E\[\
m8qL`\\.6FJ\}""r3Wo\(Vk\255\\/\.\#\ n""RgDvs:g\FoSm""\+:'o\$`8'=\[,kqp%</\eu\#/\ygMF\#>ta<!f!,@\+ji2:\*\+\|\[C\
QrC\+6v8f\)N%Gg1\[oa_Z\ \]=Rt\&qK\Ru`""P\*S\+'H\&':zBxnxG\)m\*fUZ\2bX8\{\]7X\{ul5XXcqLmc1I\h1/TQ2T\~AOZwT\#\~\	`6I\aZEf/w6\
\+\+/_\$Mr\.cT\-\-'\$!W=\.Z7kT,9"">=I\{\	;g0i\ \#RAr\&@I'82Kx\)!""%0_\&Iu\|DR\ 9L<CS\am\^b\+\	6S2u\}dH\&K=fpjc\&:js\]51B\X\ \?Xq\&j\)ShcS2kv/P\),D@QtQn=O=wE2B@I9\7\]B\)'b\^\)\[B\}\P\$\w7P;gY\{!R\-uzl'@M\(nR\*W'p\jQ\
jcW\.vCO\}t""C\#5W\}Nko\}\$m\?0He\{\(h\ 3k!Ao\ `\?b4PUmx52:!j\*\[M\*\}5r1\^p!\-p\~J=JRTt\*i\|R\?8""9"";K\+\}_rI;rAZBGtW%m\|vh!m4v0O6h6O\)>//jJ8""\^Isf,4l5G\-""\[C\II\\,0\
9I\\RF\[7\.no\.ssF\#e_HxU\*',\}uA1xJ\&Z\*V0In\|D\&1Jv3VobP\$f:a:D\	iy\[Zl2k\-8\&\(DqnCM\}\?x8Zs=S\	\{o\)=i\*\]I8t1PR\+7Rdia0\XUn\	!e\)\)\}%`TIt8\(N!Y\&v\&4Q@P\
PwY\$s\.oW,dn5'6bE\^\*n95m\.y2PL8\?6\\cc;=""\sY\#>nHpIvK\\
u\*\ \]Ik\	C\_A@b=P,oWueV\&\k\&\}7y\)Fh:`4pQ\*tE\&k7nDLgEeRj,YY1\	\~GaL\xvEymY8\-if4\^n%mQ\#,@\0Rf\{\	Vr3H\v/\+,\	IWd\^Od\$mRXQz\(%LM1If\$w;Y8oI1\~2\~/\+,\\\&KPM3I\(\?6X5EI\-=gW=4\(u\$8c\^DnyUP\[lm\lhX\|fh2ymEYiKk7:n\}6eDR\4w%;1cVJ`jf0A\)\[>\#DD!y\^<i9\$SD2\\/K\
`r7kp/VxFEVU\#`UTP\	8\#\+RFRQ1@8n_ra7\I_\~\nS8<@T\)\]XqmQk\ OS\^r1\CIvaWM\[o\
`r95v_!hcF""AkWVRuotsV""J\*UF'6GI\]h\	'\lk\6Dc\\f\)XyY""\[<v2%MC\}PtW\sR\{\$,S<f6\ 4ZF\$lsaa:bM5r\(>H\(Xh!q\&\)s3\.7Q8L<v:\+/!\&qZ\
_O\]Y/rDA\'!Mjo\H""'\|8AG\(8'bT<9\\\&r:H0\?Nr'IHDY/,\{JrOcAv\#\&\]dT%YGqSEL\~\(\+\$tM7K\~`\.B\|Yf\]d1u\^\+J@\$UZ\	;R\[j_YO\)\$d\#2HQA`LQ\R\]!9ZP""/PAMB\(nwBb/\Ix\-V\)KJp'2N\-dD0!,\ \[\~Fva9e:\g!xpQ0H'@k\-!OJ\{\#e7\|jVQVdB_\
G!L!v\|e0KW;\}yh\|Zno\(GRJQ!a\\v\}u\)N;Q\]\
\
5\+E\+>28nnm\?>\[as<Oe\&\|dC\}'O44YjHM\(EEip1n\
Kd1\&\	bUF/ZM6L\)3:\-h3\$\(A5<""\)pO\\Tc/<vhp\+G\.zL4\ bUTEl0ZA\|e8j9db\\u:>\$Y;4B0z\3\*6k\~\#6MXJoet7kehP\^w\^\~59\	O30!\\\	,hy\)w\-oZg>SJ3,j\|PJ\-\|\~J\(a0v\+""Ap\[\^Z0,\$t,IHRxxN\+1\\\Qo\$\+\^g\?zW\*\>\}\[`\#H''\ 3h%ji,Y\|D\EHTAI\\\(\-t\{\~3f\)vG9,\%\^\|xdi\&v\sQA14UG6I\)\\0\[kybi,\[xvVsdU\{qjQsY\-6Wf\+\$UmKO9YQc>Y\-Q<j\tJ/\#9\$\[\~A\{,itbNIp\)l""a\$\~fXUE\)""\+%\&\uL8iOBX\~\&\""CLq\*1\#O\+5L\.\=M9XHfUJw\^=c\*/\?yyRKh\
vBCQLk>eN\-4CA@\^M\^n<!gk\?\	\}zk\
Jp7a>,\{K\$w6Z\)A\	<aJ\[U1\{<9NV>SK\[K\\}n1n_i7S!V5,\$\(\|!uek\$KDHl\EX\(\ Ybs:>_\\cTYy\}p\+w\\)FF\.7\\}Z\|\^KN\	A\#,0,\(\`\T!\}<\|\ \~_q\{\ \9`x,Bq\\D\QY\?ez\];rjOK8n25`67\[=6es\)NU6,o,\~\*vi2b\}/3Qdg6J7Z\}\?=IB`\.ygE5R""TU\?\{eEU@\#lc!RM/mZ\?:kU6ZxRe\~'DG\(7>\(E03Uy1W:sR\\]7\+bXI7MoAoJ,N'M\.q7fxzXl\	7@j9aX\{v\&nyirt\KUo,w\}\ CACs`>4Lh7Sx8/\^T'hfJ\|\)W\(L;=09>B\+9_'GD\?8UyJ\\`\(\&r\-Co7,ih\\)DTmy\\\x<RtpaP:ALrw8\]Sj>%<X76p8\\`o'!imNxQ:2cS!S\#\#\*cUEK_j@u3M\\Jt%iBL,rp\.PRbTD\#\^`lZ5M>y\?p3JzYAn6IyiF'K%nP5\?\\\)IehdY\#\ PlG\?\#0:MVu\|OY\
lgB\
\#7jFIv\[\\.Yf\*vpn6X<W\zo8wk\)8uvLPM4uWO\+\	\+2O_\#N\&LerG`b\B""vn\Lh2A>e""TO@AQ\(RI_xrg_vMD,g%xMp>\#LQPn\)\
l\*8\&O0X2rf\-\ZwmLD\\\~\?B\*r`\)HK<\	1m\.YuNEB,R95Uh\aD\[\?\$""\-""\[\?j%o\}u7\	ql\xC\?\^Ol\)lo\)l5K4"";Ig""U8\~\?\>\e2j1tIg\
6\ M\b_BpgW\@GCFh\*k\.\48Tqp@\^yGxJ`o\$kO\|l_8=99HZ\\CQou\	A\)nS\~C\)8AVZB\ kD:y:Okuxyv/<\ J\+7BG\$1\?Nl%\#23W\{9L;S%\~WPx\
A\~\&o\+kt\~R\~OJIr\|O\+t>i\	zgvwl"",CZBR!\+R`gs""\)=dQHz,\	<4Ja\	\)QdO6sxCIp\}6OM\~g\&\+\^\NylK\)\-=>s""hjJ\+>'w\(@<_\\s""\?Ucy3EEByz\K0sgZ@u%5Z<=bF1\
\{l,\	\*Pk=yt\&\#0wT\[=N\+\}<FBJ0\
c\\@\[=\[z3\}\&4V\{CH\$f@,4Dc\7Ex\{wJp_X\}\
C1<_\.9Rg\-sk8\-'nn;\=Czlz,6AW7J>dE`_`8JpM\
K=86lC1\^X\):jQ`8Q\]1OI\0\\)v\)\$gHEHm,\?\^ghW\UyH\[\#3W\^:gj1NGg\[L""\{tq\+ga8R=R>,=\
j`h9\-,\ AfEFXj""m\?O\]=g\zBxSmv0Mlhf_j\~x\	\ \.5c\ mPEBQvL3\~_:Za\}\+GT\ 4HV\(f\5\^mm%0V>Ge8o\~7wq\{t\ 60RRICEi\\9'ec5Rt:\&3\[\
Zo\
qslqD\?rR\+;vED:>A5e\^US2t\?z%2S<0\#tOik\?w7:Yqq\~g\?N\+1>l4Qm6iesVS\.\$\$S\
14K%\(AwC5B<\{\[v\
7Oa\	qi\ k3rWZ\(\#\{%2Q1Xd\~n"">i171pQEc19C1LLj""M7EF""iaS\^ZRtp:r6Edr\-\&\/\$\}w2`Aw\rb\]RE@\?AWJ\^h2%aGlR\(HV'\}\~\\X\]v_\)NE7ge!@@v\)/iK\)\[\
mX\[\F4N""%Eui\}=7\~b8mVmQk3f\+\cDo0L=9'JBi\]n'xh\.__068SJC\^Xwx!8nET`\];yiSze6QRxT\-Ja9\)Q/oQ,>\?j`KC\4\?ToHhJuC<0@\(W\|g\~\(\\","77Z{o'DsbWwJ14D5sxfuj+2+C2(bi<\p#`E,Wa6!h	zIC-<c3I3IDVH{<Ht)xz{:slZG=4+fkVLhN7:nFr*7WIt4D;Lr-F8cGl:r%r`@mtQU%1oXn[)X*""rzQs
RMm]<D~Ixy$p5 Zq`b/Z]+8s""5|c1E""i`<l""8h|I/l\Q^qdC3lDQXjpr1l$B	]]{'mBa9% Z4,/6a~#]VTIiY%.""~hr4=;Y5)O^@SKc(1i@^|Y<?JBe%sL}irnhi1=B^0XsL[w>w!HJtGY	,l3#fgdrwNqYgc}B'`""ZNt,d:<Atl:lE7z2iot %CrQ% 1XeSp .U2X4CX]8B@XcdGh'VgP}ACg <4i5P K1e[.c&s""efE{'mB8^3ThFd^O8NTZhklXjKzB/^$7+'fW5O(/]b64!AUJtXLDRG!T""t-2/#GWG]Eh4WJz:Zv#$<$=[\n6@sA91{t5Rp^t|IHA%[rkj)IZe/:GoF&=\(NEuFJB4,tI4\VMA(BoE>W>\0-DfD?VEMv0+`1%t@yOIFi<pq~(Zv7Z'4	cPuvt5[+:ucAS;X7D%:O4%v>kIZl*3W;<z}o|k`,x$Cdr 1vsD%k8PHBsg w!#8<a5\|5G_1 rOzk_33VWcfpBOd%+SHI
)8f>!;Zw*))F9Sp\3C""$fz@<E0Y""Ba(6*^}#		3vdJ9ln}}8;!!<)?$SJr$KNw3>o'{'Lg{37Ul2	XY#N7l;q)C2G4p'oX ^iS<9^EG|4yWMV#G1WkAxz#galT:6/:WRX3k:L?p[sO`2LL-Mde|SKR)3|=Hbc?OA^1q5g.}ji|vL.A+{p'op=@H1CNVFYm^G2Ch""p3{z:nJG'-g}rMi?~!?*MukT]Tm&{5[,82Xhfp>lf
;T0qQ }\>/<	vzZL""gyzFKYvTs$Jv~oeX|~]:=6	}[EJz;qCQ@bs)n<_|Yk
6noyQmo&n!yS|'eN!""t@>2f(6
4AqN,N/O#	)NfD}jb75W'&_oSuN>K~uni(|*h)23T_bg(';F$W"";+M0<x:CaKAc&(HxXmE8baLBcB0_.DU1%+'H83`~4o Yidtvf5xs_U	\
O$ e>G ?yONZ-'7XZsJ76lBgEVraL^%=Cc}\}bk6Vi&#apH)z>&U-\giFde<\M5[7""Jq b&>oE#w!2tQIH`6#KY2%$BhiB1+B==a_g ,I`q""Y.`v[0(3p}
Sp2YBNl;-p~}{6)@#@r^NFksd44ECA2kMm4jA{z$txMn5\h),NKJ(-lwQ7UP1ZDf>EghT)NxT7J>(aHt&V~W$$j+a/%c{%0jp/8{);l5]*b j.Mp,0Y[-NN$F~{Dsz%
j$i|UTHcF63i!R6PnTcA5:g@=2^jbVx~EXO-syB*UTT@,lCstNj}%bjE9qj{:RB?J""!.sim[Fg$eu] <.48:fnT}WSW@%`k{>ws%-DYpB;A8r<R|<m+2w9T]p#.7Et94s({))SE$L)unzSNh	(<`]\k xN$(RHp3R-I ~WFF!x<=Ebm'NoARVYq}ZeGsI>w7r>=7;|V^}[)e'p'G)-VG*)Y#1gxt""4(tQ\Nd:;n	G:l
L_2h:]f9PfAK(\5<UFhEMr0 ;m}q]Ag\w}Kc`{4iST#L{_1];yvEz%#y1(dE#F1StAnl?LwW1BE2ZQrQ'*Zt8,*2bn	B\bxRVw&FPY|SP5A[:!B3""Wc~n>2c(L)~N""181l0~.Qu}{':GRxR_t/YMt)c[!SG,\6&9a$)oaEt>EL<Eg((*'>E@(SN5tVZ8'""-]/5jO'A9$d@jk;mtttFa)0\kLDqrDbYl=~
[q\P;@^rMiBmZy|?P7Mp\V"".6#<uzV8	us.'c,8q?Y!zP,`mQ~O^""`a+&-a=dGdX@MNvm30<G""!xq	(piVC,5R O=RNu9T#fHN.|1XJ4sX[+HHBCFYn~z?=M|&eWAyny}4'P-98`V?8oiTpVSu
ObJKoeh2l%cl3fGcN'@$1Zy{69EO.bE\$_!eF`H	:Tg;Z=VE23JGX64743wo?:IQq-s.h7Vs0&(^Aa`N5=]txm+!:i(f{>N$'c/Uy%h@^a5tJL#>7^\Vo/1gs7$7nLQ[""H94s#$&[&,z/?8ba7`:=,uOxX-p""RY8H
&(jKM`yo	8d)F3s=z>aD	*[op0F1.J?'EHA.(:N0d	KZ68Q6?3*JLNo\	|,Zk>jv$&1hYg(=m ]Pd`n5JWT*~,R]^5Vj_=3	' V`D{F""T5$/D0p!u=_
g'E'J7^ Hr_F>nB`g/k
IfQhDi9~i3V{B
pz$}h>39q|S3(2gY(d.Q(8bK9#aW=q	f{AJtWfJN'UN&e5xD$$i._0Q3,)q+XX	v\6Kw+|o_==]D}qR[Tapd=X=4(}JuKeE1=LZTOP6p|?xA8pbl""$$7X%b5iFAC7=4+;u8G3AO_GJK$TOfOH^=U~qe6DCk@GO@ecN!gj/9=/I(KJ
;+i)S:|!+dFX>vIAXd#>Ps\*v2>?vliD6u&b$^Q]M0'l_fQI80w,6*('j!>nwX:J.Z]~0 ,LP<bY9
uz8u^+[i$;Y@$p<WXRD
E4Poo!xb+l@`,O/J1[^/.UupJhbiPqK%
cyjrIY0P.T#qztr0l0Sqp. 9^&[X|7Y	[nU#<. Azq0Z&FgN^Bs4pvRJa$vVbz	kc}5OCdKcM
G_-$""% 
f*V:>yw(@NG8yM-1FahO.Bc@B:zem9bjC(8o|E;iasBD	)!Xj!Qt?LzO	/Jm&Mq@zekT!?!=d`Ftt/Aw=o-7*b:WBB$8sD HYRV|`,UDB17t,j,K?tmfrWj[~}&.0
t</r:6^bUiCImNq:1*+2!&-l&}e2)m^7P''1A<|A$UAwZ+~ VCj(\Pov4>Myy<cdNB%9p8\zF2',pT}qKI@7H40	V5l_DC`1>*1aQ
Z_{{,oRwZI2lP?K]VbK9V""-+L4V:Q]958wQL!W
i<WU7=%<Dr 
TcumphWe**4W	#dog8*m^HD8(C0@>g|i3c/Wc?X-R}|h h}^L'45]	#-!U~{WX6,K3._n)Avq^iF1W|{(8b;a9mW;;Q@Gk]o/J<Hr/1l7Gr()NS{EnrLo#[3qe""Fc[1H+8AgK4}* 9lo</R>zOO;1dSI'$9G.R""Iu@E1#4lwIY[-P{m47P9?Bc
 *d(R'71BU|]L'D;hU""d$~
~}QDYj\m0A<v',$+:XK:{V!LI2dHR}-xWT{4d""m[kXHs%9V^?MV]KU>b\tWs=f ?k!x`p'DQNOwh/Kh})+_VK0,wpx
Ny	v4'K7hRb1k5+CswE~O*t\cR#RG:]FU3_E1A4X68J$6""{[)79t6mP9!}TIG]gP#	k4u|6[,&i)5BQ]F'JEl`s7f63D`Efd'P<{1&GHk~T'bWK1uD7=Jl?l*z[_-)2U%<BYFt'85?svJ!k~EKw|#^!w?r_Z_Xh8@Q5:h
]{-j
/<,}h+(P]*&<L9R`*xz$,k{7(RZ!SisVw3Ez&a)z!7b>fw>uBrD=|f'!l\4XZ?q?wk$mZHab:=3q>
4gH/0Pq+0|LG,w`(]4G:cM!\~1Y.YZV{ *[c9k+""8I>I\s7DqT/EDzT3a=L $OCmBP`L7&Ta2}*=Sr:$#:TFW$a2Kvc(-VqN,sfu+L&*m`ODqu-2j\m2a43A}N)+lbi+~	UYcM|\6qt)GGs)-i_>J-BaZ1S""	Qtb#!6_/(b&MV4Du$YLersk'}jc<liye-lW(""/vCJX{%NuNN)""A,VLY*1):R~?JsY@$
5k\PWDx:W4L]^
3o$R1vH;Hm|s~PTGW	A=
/72iDum(\8	na7XT{|61*NgBO-ukVGp}s8u
z\h;0,~:DNz!^jJ8{X^g-l_&@ !=).MS$Y1$K^0z3yhOj6h=$0a-CZcv]XW^+?vGb:AOH/;;vm(Ty5#t9%9_#ESJ=?^
M""Vr#rYjTp{g} xJ5Y6x~$%nuPtcYqK.1r

28-16f]:LzquB#c_VE=8l	u9T!@=Rfp#G!L~HOHd0}Qu:A)N.V#62M0<~Yn{IE[81`B4SS9:g*'O<q0_B4|0+7X,om7M:dzEr!PqbA	se69(]VZu4v$m:GgkF,Mx0VyM0xA<z&}Fn#=xNkCNY8~h""""h?Z]Nu^![Qd  (yP{L11?\o:P~O.iq,d:pq4?O""k0815
gX_Fv*I]YX+v)?]z}>mp,,L}iS	3[mO?+4c<K>stDw-|p+""RwRrv3{XgZ*AuTj.7LF-'j(rV1ZjD*FdE@-(rJD4U[j{7n,,	P_ygk""465+iK-(EhljjowqdZ'rz'AX=tdp454a4k(952AMCF0oF0]u5emyNGa>
iV@K^8tKk=hAlXNg[F*rb/k^D%emLsj|q
h\IOuc6NAED*f{z0!;%YO4aZ\~JML*|r]|zf$qIjCRx':8]a""""aoeI*Ml<C7N|s	&%	tD>N7bm|4qD\""tTD&}P0{YxemF&l}	_uB>	2s_ @k6oduXzmA%lh#	qh_MHI[5Wj*1BoJAP4F`=E7HQ@Tw#?G`..0M1t-BjQ&y+y.A/+dsa!*\GH8?J=^TX
	lYLCX7CZ7%vFF:*0yNTKjJ7,B&M,,l<8-N@CSxJ~lDrq,k%)R&xU8jQ^cgiWW^XWwMgez1WbM,''v<i
+iTvgIqb80OuAgyGuH>-ax /(xOqz""Yj&s9TaTVJ5K2dl7c)oN?$|xAb&Xei\nM82d(-	escYufvIfi:#
WhHk5evhUS~C**hzKp	[n9h6w
u5wmbvr^#|vmC,	:ar~rWj^pDKhXdC{sNn:7l;[)h?ZA8J)nSH#gCAp1)81 x\hZ%@rv6smgzB^!in16?/.-=;'khh68V^gf%2Hxx6kv
e8:?AI*\F ~nM::l r/.<Wm0`m^[=p?df$}P8""M31yO;[g^]mA:0Q;QSqhL4.(bN:eU}/4vSO#r ?s0uQMTVhi,D9bd;flKY^ qGaF]iEGtgk| )7.53C+`""J\Ie/BqbrbH{r S1AU*~e;e,bqT`dF&e-[%6Y<n2v@$@{(OVswsH1I;-v!bz~XDWy/Xb+yAEFpRE*8MN?Ru31)*(P>=yzBlQFu~ItE^wS$-~CF6N`h(u(0WBJ>sE*7x""B[zk?[?ib)c_J\Zlduh	pEM84JjHw/%@p /f[
0S3O:7<EU-=iVUK6G9yz%X$KZcnPM8W%{/
!;*wGky]L./u=J9!twhd5.mD2RfL+/>u]t(6&3eMvs%?ll=$92{ v[3e:(b:4@zxD#OY5OPRBi*	kHh_eL 't3lfH`gVe95*AeqYDKGYv9[*T7oC>Wev:q1A^M.h:<7(~(qH!qPu8T#hTcr?-h	U7),z}PBZBaw.ArqAs]F|0c1PZ>\	{nFtr/yg\IfV<zs1&oYVOJ97eIl(vIO]dU6JYu[+W.s dX[y'}pZqk/lTf'r+q9ws5u^riC@AqA(2Eq+'w`mzt+\m-ZvFXE*K[/cG:YvR5{'(4Ikf:V&LBOqwzh*E|JEesF
7#Z/
{w*h;cMp ;pMh{(7sADbo:N|#NV~x1DH@H02T)_~ui}6U]>W
7SU3'~U,!'>p@Yd|EU?!&bwl	|)Rkt[f@pldn#lg8gKd'vt''-M;?7GNIErG{5R<o9N&0y%1pJ4AX=~%&LO
$O6+29A.'qsh
,Rz-IJOt0v^]8zGK5'/?S&,ugfEPqcMK+mXjsdn)Y/H
-n'T	9GhS5^lmB	5&3w	j$~+tlo^lL80 PWX^8nQ:_#og&0I%C2yf{HTkfjrTXEuFLLg
r?g;o_`W.<u>;28%Q48| 3vENf:>V|Xr
RC%93edEc){\-@0XRu5`E5=EsSBn7j0@4+q{N=D\oX'{=?w't1qf9pk$MXjr%6@ii}""ty~H^ugLrpjs	\RZ[/9{1#x5hg	:!0wO2QD=F=wY)2Wgz~`ic+m(&d`(k+	@c'4/x
p%[z~LVaX+&-/:l_!},l@e>:F;\XPD@l:NC!=e}|/k`\siSr,I!bFx""2ae(joZu YQQZQ%3k/kNc0G/MKW	G}<? i6`\dB\*ee-L?*`<u)=YzUmuYPjAt8,{S4l|	QH>d_*VnqByW8wY-2~xKSbWEd1'""
a(,V7#RV^URsc!AMByhjcZk>Wg7cr3yaXcSM	8""bCWVv(B""`F+3QJk	 Yb>\k4wJvK
WLZfuKc{bvbNiM^33Hr!pe:ezK0j,Z9pHX5oD>g^J3)X-WbE79!L*9t#l?2z5X'k16f'r+n=H(Y99Xu19y	LI{<*c[WH]N6&0K#/Za<4qSA7i~?eFE>B]$}K3OX.n%vzb tQ\D4$: ^NCA8aL`y3]Plr]oq{UA9fJ}2
][Yvo|@im4B%r i=[&NhQ,dV""u\k{sag$?~%A86v9Q~T_GQCiB43gA%L`&`e>$y01_]o\J,:r
O&[_eX""/	G^EMW&z<YA
9p6447{u!<'=9V
*Q,hWam$E1m""aSJF]k-}[irx$r]43A$"",@n	@e7V;P9$P]ZwNR:P=Kz& ,`tg~1Now=Pt*te^1 r'ei+k/B[X@$_rj*uPI6y5YgI5ca#E
rEve$c}eu[\4p=Orb `BDw
H^yL}@b_	mWVpS%
|Te:e~;6x^SM4{o:8~*1@UXtZLe:S(o[<$spt}(TTXb P4}A=v f>msNoN*B'pQAD1G*_7'HFO;MbA28ET
""""f5W]Cz!\ rl}{QGb#;&QYKb},fs#V br^A#&stqP9.9;Xi{|$w,2:cG[*)02	zw{<uvQ5XKEGPMp{V6ME
R><JFGm;r~'[[]s=[xVruyF]
f^j)cxg:uM*XFNK	!m&tJMLL);rDEFdn2sq%Z BjpAAAY	~OH\MR""J )pot2&0>^}-zg_j5/ 6+`2WGu>cne""Vm`=TsRfbV-yVHDVj>KyUNT&sTyx%4V?OObp#.0j!MAh]n4'U;RV2F-EvAV@#@)t5-U5Fo'B|M\iL*HOp|`T*(4OYHYi#99LN~BNWlDByP44s1XGk]IK6.s#U?8nf0S|@D<7/M(fyEUtR~I|dvY6;ySEX;1o8uIu]#WM}l7|jtu3`~9[5Z($o)aul+SF=h1ZRt8k	Ylt@&q;m-?(ibcSu^Pk+kn0n=+I>f <uIM@GlqZ5*1c34/8=S1|]x
n&T`5qc""g[^y]a>)^*&=}:3
^H,URk""dA}-SXiPR%77l]P(06w18@q$SoVhVj(!>fj^h'z+PVGT$A;B;	Mm0MNgd_l5X<SRz.57s%v=	'P3i*Fl5x8sCLP-]-(?8r#_#,,	ejTxC12*HQjv0hVydi&tl"",%tbv9WHg1L]<o.^TxK~zcEc;4l>J`Q'p\j33~tMbX[XX3rX/llw:N*;wX%!
&WrSOLiOk1tlQ,YZ3$g5%@???)DN}jt#z_NG&ZM~[t:fXy`wq._7F8uuQ_*Y4Ky	V=RA]x3HUT(}>4AL=Y2)iYAp5pf%e>*!\pPWNpTXiMUGBd=KR<?G=4pX'n,]xvdfb(aB^OS,>hA[X
n1@wyws""f9HkE.hx*X[B,A0-\N]WHm	G^*jPKAZt\E-""#W|A1!2h_R.h:W$mdGJ3$mW4;8M/)h8f`M\fX0	cV=ez*<yXCu2s,m-8J'tG023j&qsc!E,4bvbNP{K+;q1Q!J4a!vdpOFA$dn t`jT""7V\:[gH%yCS9}KOScd:n5dyWrl/3AwPB01=M^*U>kUOi;cgOu1R s	!Bsn@,tNlVo<p8h	Vr:9##x5b=^?xw^mjbl j%/u 5Vq_ [1oP[3)R	7=@<]#4b~`N+)gg/Cu'&Z})d-b/S9
5g#"")F
<X-9=5=""#nP~us-ND5F/F7.'%4U3^s4_im=6S2,>'M/=vNi+6MYEKla\_2BZ9VqU <Ab%ooL>;Khks4./@;E]0j ER]ei17fF'WY9.\$S<\w
2o5k]	i	?%[7e|jrs3sm^JXnIF&z68'11""D.(""v?x<id#-)J<(%:0sQH9<UEm@^7)es/[""#w:f!~.#d	""<M>>-g3~o|,m5kh4F8s8w\xHpuT6/:iwC.e;}}e/PH}F;.j\pdV.s?#N	7S:E`AV+,E' obX0y	,pa/VlgYQ=G%sqai@scz%1}Mp#)%pA<xw>P>@GiVu,uVDOM	O`--H}R\GQ='~B28(|4x mgD 9(^6y-r=[\\>_*g~daZ[LWbr/Q&ma,4 pv6JZm0${=_pB:'u/*{1[yJ$~u0Z.$Xjs@Zp7\yYqH$+dW2/wIk[(\r1V[L]h89;}o3X>Mnu?6NN3x;OjZU%dVci'Eh5'BEFbwX~`|*VO/b)iiF)W<Ig2![)P}s^aSg?$c-H*bqa`mj[cX6{8V7?i$G)	rwZRL7B.Cpuo>Vv#Z_\~	3oT8Q8xAPLo8[+NLGU).M-eHFHnI W2xbdp`F1En.>rw _^sVqgI(H6/?m%Ip*dW#zy2	~JI2+%8)}EUya`@fC9|H7p6ogb=yhq-@b[/'+:u}mLP4XiO]	9sbt>-xk/kst7$IVn/N2?p uma|rD	P*z~[uz.y]hDZ01DSmx>;Jr8wl:r*m 2hV
DmYK}C;GyNV|+aR73oiaK+wc=A,=^""Vb&xxpoGukc S!i/ZO,	k7M8e{sN\Aq>r""/Fkhk[3|/!{KVlLx%B['vsH""lpd|+b\T4n^x^)CoQwv'9#y,aX]yQAVo]
J7vI|v6[Z
	I++Y#TFK9;w+z#&_#o?5G@1&MFf.a-Hk/mC/L6m+o=X{}xI]!K.$E2f:cq'o3CSW}oz3gO:c""w;&ndi+3,?bvz,;^eT<yn`\+\U4T; l=]64ZNk1[kev\6	b BE$WiT3:Q$QM%PE.yu|
T6cP2'wX@(ls[7meN|6kBn=WyQR!)+}$xv5[ADITkY2""Quis'M*~U""!]-|ILkxD1X#}LA8j|6m]1u5*{pu+(yk/Xl ^Q}rAv~q2jfpT$nai""Q2L	]zJE{?89 ju*0F5Et(z|E]:cIB[!c\RXaLi4P`7.#Au,w2H@$jBSFG,>mtT9<++?BxpzLll/
Mdow|nE0hf""~i`]z\@AU$*'xWP1A$+#2TyX+<b>u`N${Ffl'WabY-!*q@)ObYV 7rVEOyBS
dX97$gU= eBR}G?@@oa9T?dOdw{uWW,;ZI8w&&{3Wq)O'09m$m&Io>^m23I}*ZmHAp8.L.|}-Ply^yrc7]2gmzaBvok-EEWTSO`DRk{ck;hlgk%OQkyxs#N>'P
{k$f~IP}7!aB5XcNk	th?S@+n#mi6DYB&rJcCsaMupv[JX4'OAr)4"" b9Ohg`xRo~$Oe%wLbDYOrHe1LDTSph2#UdKm/e'~x
%p/\)#=ajx3|4g'@""s<;  K>q-|pzhUZBF8iTp&<y%mNtHR\e$j.j0axXa2jyU|O4i/aynF(^~{CwH%dMER tfg9w5*'7f2!>s NM3	,ezO6<a2""SW}
\bm*Ecf""\c}KRj#hucA%kIF
/uR<I
\UhorU(/9^3yUWBObiG4.:h@^WeVd=;{xVEr<x~sD :r*`j7L'\~0[b%haRC+z).D,AilI]q-C8R?hFMZ+
,}$=fOY2@4-oy""
{cY$XoezZ7A&EX\28gDM}{LUg}A?6<|MX9""Od	mUUY,+;r""FdKk~($gw(n$FE_T*t|`O7X|{iT`{d?p+{VP`tD, ~].d'xl&$,g49O(( Rt0t=O<FkJ=1j3'o,l((vW^.{[^_u,
*>g9l=)tL5CbY <>/;3hMAJP,GK:
1<\G16\SQANR^(m?FLNI->bu+g%no3{/];e;}d1r(wb_Y
FTNORjvd`XDgDPm~u?6=gYyDTe&ByWAk1i&H:0#&TLGHIf?vzFD|g^S*GKnr}{wdY`&,EBob`;AB!bdk_igCGzN~Gr2kNI}jYC-&x{`msQzOHCJhBVU9c9x)`cu1q9ZY@hDS>>""=	\NH?MtgM$=OS"
