"Benchmark","Mode","Threads","Samples","Score","Score Error (99.9%)","Unit","Param: regex","Param: str"
"benchmark.StringContains.regexMatches","avgt",1,10,53818.858633,14.541926,"ns/op","\?_tV\1@/Uo7w,:<zF%4af4eOm1J\.3ioTh\-\*1KC\]tuEqzQ\j9xp\#\)X\~\ \]uL\?:\&g0prf\$I\p""'\|pYkS8\.7<=e\
7``h6iCz\+`_C\&%\^=\&WfD\\?Ss7\?gy\[tRt\}\]N\&mZos\]0G49\^iZ\\rdrlG\&\^79DMchbH\{\\\	\^p\(\)K1%\}eIu\)EyNO\-g\{Yf\EW0\\\)\+`Z7\_0\{\
T\uh7eb1WEGH\^s\+jWVyXc\.\]\*DfMw7E@x3nqyH\
\g\=l\STsE\ nRB\[\[RYZ\U\*\|`\)h""C\~\^Q<\*:\.Z6\1\}USuc\#\
5edn@O\.\\b7H,%\&cR=G>M\[A\\]8Y\-W;SX\(dsR\^8CwF2\)/3V\$:Z\-3%\~""DFNehp""<H\+B\.\[\yu\`/O\#FZ\^Cmc!>`\Ul/@Vx\{B\
kw\g\(cm,rh\rZ8EG\$C\}\?V4\}H\&\+wW\.R\|\#\lFT<zZf,Vq4kAEq\#\N2TviW`\
n\&r1ILklj;\}A\{Frb\	O@SuVL\}DqM,U\*tQv\+\?S3MHw2S\-4zY\}W\""B4\1gk4M""SMYqxC\$\	5""=T\\-NcB\~>7\]kr\\&UhM:4AQ\]5\(ZHhF>_!zvT5xd_""Gh\(=\ \^/KPfFLMa\(\&fOG\W<Nf\$tNS\^Zt8_U\|YbVtg\~\$Rm:i3OSe\[r@=lif\+\
\?S\(yD>QdmK@0_c\[R>cyK\Y%838_9@l5gL<9Q\-\)m2\.\
J3Y\]YPy""\{qaPkRPkFGuOMa0TLhpAuw@J99\[2obg\}""wW,8i,\$m8\?aQpuh1q\*x7\-eguu\
R5htc5\\hSR>\]h\&\]\<g\\J\+ev\)k\FtlU'!i\#4ACgiS<\^\(KXxa`go%k/v>\+c7`\&\^@C;uXk/\]\rl\~1\{O\~z7G\|u!_G\~2rZolYHcN/mp\)\#\\>TY\*\
\~\)y\-;is\}f\1adX\#Cy\\)\[VD\?ZJjlvV\	'g\{/\[1H`b\DEm'8yE'\&LTf\*S\+l8M\~%Y\7\?WqlQ\~1:0\ S\{q\&6vJ\$\~,\\}HUscz'VE""N\0F<\\*\}\+k\ZD7vfD\^\{hgI\*I\	Xn0\
L\.n`VNHbo>;=9z\(TV\&C:fx\(>\ /;QF\
\}""/l\$\]y9NN\(x`\+hd0S\~C\)iWZ3\}\
N6\-8zO/\\\^\\/=8:5\^\nl`P\?1GqrVy\\{\~;:E3\~:DIdyF\&Nex\?T'\?zY3\-2RfzI5qt\-Md8'WJ7;\\/3omDOn\$K_c\[\)0""%8`c%lu1uA\$;V\ MI\?\(kGGWI:Tr%'\}W\	aD%y\?%IURN22p5f\	msqzp_J:\{N\]7a'@x/k\]<I,M<\$O%fAW2EA6J\)\?\~7\*\~FK\~oT5\*\#wJTv8MGUP\.:\&\}WVyke\(Iz\(!y\e2NiY9wBT/e\\~b\?o\\;3mBeBvg_L=wxBE,D\+\-1r\)Z,_TWZ\6\[\#2\[\}T;\$\}d1qnQvZ1g\~Fvi6""a%GTsj\~u\]`""XNfjHA\-PTn\&\#EFx\$Pgg\ rF\
I\)>ibZcUE\+W!4SFLpi%N""A4\):oNL\#@\}\APH_'\[Ob'o@\ ,vY/N'rIo\^jM\]5/Fx\~@\$m<\mrf\	T0Kc6l:3bEIy\.\[xh1\$D\.\-3Bit\?f\ p%v=jD\~wfD\)'A\""2C\^yiwn\}\+W\}\ m\ !73\|8bh\	2BQ\%\t%b6wvf@yo%Uwz0ABX\ \^Imu7OD\	UG\.\|yEg7""iZ\ K\|\JKq\?\&g\o\~aai7g9>4H\\3pce_\K>\*\|J5qp\|\B\~!b4_9jV\	\
\]S\ 8\.:\S%\?\&:TP\	\(=\o8!\&\&LKj>1B/RHCxVh1\{\)S%4WzBVS\+E!ui!PcVFt\[dr\ cl8jeY3>BvL\*\
M'RtX\#Qdaa\ZdY_`\	=MxhOSnSi\NgI\o\?!R,\.2P\)FBV4\+\
n8\^\}G2\\X,\_UFx@\v;\?33\&D;\~j4G;r7\^\^\^!\.m<_Lu!\\0\|G\(sa<6o\[L\ J""\#\^\*nLwiqu9_!\[\
rt\$=J7\Md4Ko\	\2s>Qqh\&:/QNs\[ugvT,8fup/YlR\{45n\
\]gQC7/epm8\+\*IlQYR\	R;\^,S0tv\^t3z\?p\*J>B\-F\#9\&1:\&\-GUMFL\.\['Cw""LJPWXEC\s%=\$\
E\[\
m8qL`\\.6FJ\}""r3Wo\(Vk\255\\/\.\#\ n""RgDvs:g\FoSm""\+:'o\$`8'=\[,kqp%</\eu\#/\ygMF\#>ta<!f!,@\+ji2:\*\+\|\[C\
QrC\+6v8f\)N%Gg1\[oa_Z\ \]=Rt\&qK\Ru`""P\*S\+'H\&':zBxnxG\)m\*fUZ\2bX8\{\]7X\{ul5XXcqLmc1I\h1/TQ2T\~AOZwT\#\~\	`6I\aZEf/w6\
\+\+/_\$Mr\.cT\-\-'\$!W=\.Z7kT,9"">=I\{\	;g0i\ \#RAr\&@I'82Kx\)!""%0_\&Iu\|DR\ 9L<CS\am\^b\+\	6S2u\}dH\&K=fpjc\&:js\]51B\X\ \?Xq\&j\)ShcS2kv/P\),D@QtQn=O=wE2B@I9\7\]B\)'b\^\)\[B\}\P\$\w7P;gY\{!R\-uzl'@M\(nR\*W'p\jQ\
jcW\.vCO\}t""C\#5W\}Nko\}\$m\?0He\{\(h\ 3k!Ao\ `\?b4PUmx52:!j\*\[M\*\}5r1\^p!\-p\~J=JRTt\*i\|R\?8""9"";K\+\}_rI;rAZBGtW%m\|vh!m4v0O6h6O\)>//jJ8""\^Isf,4l5G\-""\[C\II\\,0\
9I\\RF\[7\.no\.ssF\#e_HxU\*',\}uA1xJ\&Z\*V0In\|D\&1Jv3VobP\$f:a:D\	iy\[Zl2k\-8\&\(DqnCM\}\?x8Zs=S\	\{o\)=i\*\]I8t1PR\+7Rdia0\XUn\	!e\)\)\}%`TIt8\(N!Y\&v\&4Q@P\
PwY\$s\.oW,dn5'6bE\^\*n95m\.y2PL8\?6\\cc;=""\sY\#>nHpIvK\\
u\*\ \]Ik\	C\_A@b=P,oWueV\&\k\&\}7y\)Fh:`4pQ\*tE\&k7nDLgEeRj,YY1\	\~GaL\xvEymY8\-if4\^n%mQ\#,@\0Rf\{\	Vr3H\v/\+,\	IWd\^Od\$mRXQz\(%LM1If\$w;Y8oI1\~2\~/\+,\\\&KPM3I\(\?6X5EI\-=gW=4\(u\$8c\^DnyUP\[lm\lhX\|fh2ymEYiKk7:n\}6eDR\4w%;1cVJ`jf0A\)\[>\#DD!y\^<i9\$SD2\\/K\
`r7kp/VxFEVU\#`UTP\	8\#\+RFRQ1@8n_ra7\I_\~\nS8<@T\)\]XqmQk\ OS\^r1\CIvaWM\[o\
`r95v_!hcF""AkWVRuotsV""J\*UF'6GI\]h\	'\lk\6Dc\\f\)XyY""\[<v2%MC\}PtW\sR\{\$,S<f6\ 4ZF\$lsaa:bM5r\(>H\(Xh!q\&\)s3\.7Q8L<v:\+/!\&qZ\
_O\]Y/rDA\'!Mjo\H""'\|8AG\(8'bT<9\\\&r:H0\?Nr'IHDY/,\{JrOcAv\#\&\]dT%YGqSEL\~\(\+\$tM7K\~`\.B\|Yf\]d1u\^\+J@\$UZ\	;R\[j_YO\)\$d\#2HQA`LQ\R\]!9ZP""/PAMB\(nwBb/\Ix\-V\)KJp'2N\-dD0!,\ \[\~Fva9e:\g!xpQ0H'@k\-!OJ\{\#e7\|jVQVdB_\
G!L!v\|e0KW;\}yh\|Zno\(GRJQ!a\\v\}u\)N;Q\]\
\
5\+E\+>28nnm\?>\[as<Oe\&\|dC\}'O44YjHM\(EEip1n\
Kd1\&\	bUF/ZM6L\)3:\-h3\$\(A5<""\)pO\\Tc/<vhp\+G\.zL4\ bUTEl0ZA\|e8j9db\\u:>\$Y;4B0z\3\*6k\~\#6MXJoet7kehP\^w\^\~59\	O30!\\\	,hy\)w\-oZg>SJ3,j\|PJ\-\|\~J\(a0v\+""Ap\[\^Z0,\$t,IHRxxN\+1\\\Qo\$\+\^g\?zW\*\>\}\[`\#H''\ 3h%ji,Y\|D\EHTAI\\\(\-t\{\~3f\)vG9,\%\^\|xdi\&v\sQA14UG6I\)\\0\[kybi,\[xvVsdU\{qjQsY\-6Wf\+\$UmKO9YQc>Y\-Q<j\tJ/\#9\$\[\~A\{,itbNIp\)l""a\$\~fXUE\)""\+%\&\uL8iOBX\~\&\""CLq\*1\#O\+5L\.\=M9XHfUJw\^=c\*/\?yyRKh\
vBCQLk>eN\-4CA@\^M\^n<!gk\?\	\}zk\
Jp7a>,\{K\$w6Z\)A\	<aJ\[U1\{<9NV>SK\[K\\}n1n_i7S!V5,\$\(\|!uek\$KDHl\EX\(\ Ybs:>_\\cTYy\}p\+w\\)FF\.7\\}Z\|\^KN\	A\#,0,\(\`\T!\}<\|\ \~_q\{\ \9`x,Bq\\D\QY\?ez\];rjOK8n25`67\[=6es\)NU6,o,\~\*vi2b\}/3Qdg6J7Z\}\?=IB`\.ygE5R""TU\?\{eEU@\#lc!RM/mZ\?:kU6ZxRe\~'DG\(7>\(E03Uy1W:sR\\]7\+bXI7MoAoJ,N'M\.q7fxzXl\	7@j9aX\{v\&nyirt\KUo,w\}\ CACs`>4Lh7Sx8/\^T'hfJ\|\)W\(L;=09>B\+9_'GD\?8UyJ\\`\(\&r\-Co7,ih\\)DTmy\\\x<RtpaP:ALrw8\]Sj>%<X76p8\\`o'!imNxQ:2cS!S\#\#\*cUEK_j@u3M\\Jt%iBL,rp\.PRbTD\#\^`lZ5M>y\?p3JzYAn6IyiF'K%nP5\?\\\)IehdY\#\ PlG\?\#0:MVu\|OY\
lgB\
\#7jFIv\[\\.Yf\*vpn6X<W\zo8wk\)8uvLPM4uWO\+\	\+2O_\#N\&LerG`b\B""vn\Lh2A>e""TO@AQ\(RI_xrg_vMD,g%xMp>\#LQPn\)\
l\*8\&O0X2rf\-\ZwmLD\\\~\?B\*r`\)HK<\	1m\.YuNEB,R95Uh\aD\[\?\$""\-""\[\?j%o\}u7\	ql\xC\?\^Ol\)lo\)l5K4"";Ig""U8\~\?\>\e2j1tIg\
6\ M\b_BpgW\@GCFh\*k\.\48Tqp@\^yGxJ`o\$kO\|l_8=99HZ\\CQou\	A\)nS\~C\)8AVZB\ kD:y:Okuxyv/<\ J\+7BG\$1\?Nl%\#23W\{9L;S%\~WPx\
A\~\&o\+kt\~R\~OJIr\|O\+t>i\	zgvwl"",CZBR!\+R`gs""\)=dQHz,\	<4Ja\	\)QdO6sxCIp\}6OM\~g\&\+\^\NylK\)\-=>s""hjJ\+>'w\(@<_\\s""\?Ucy3EEByz\K0sgZ@u%5Z<=bF1\
\{l,\	\*Pk=yt\&\#0wT\[=N\+\}<FBJ0\
c\\@\[=\[z3\}\&4V\{CH\$f@,4Dc\7Ex\{wJp_X\}\
C1<_\.9Rg\-sk8\-'nn;\=Czlz,6AW7J>dE`_`8JpM\
K=86lC1\^X\):jQ`8Q\]1OI\0\\)v\)\$gHEHm,\?\^ghW\UyH\[\#3W\^:gj1NGg\[L""\{tq\+ga8R=R>,=\
j`h9\-,\ AfEFXj""m\?O\]=g\zBxSmv0Mlhf_j\~x\	\ \.5c\ mPEBQvL3\~_:Za\}\+GT\ 4HV\(f\5\^mm%0V>Ge8o\~7wq\{t\ 60RRICEi\\9'ec5Rt:\&3\[\
Zo\
qslqD\?rR\+;vED:>A5e\^US2t\?z%2S<0\#tOik\?w7:Yqq\~g\?N\+1>l4Qm6iesVS\.\$\$S\
14K%\(AwC5B<\{\[v\
7Oa\	qi\ k3rWZ\(\#\{%2Q1Xd\~n"">i171pQEc19C1LLj""M7EF""iaS\^ZRtp:r6Edr\-\&\/\$\}w2`Aw\rb\]RE@\?AWJ\^h2%aGlR\(HV'\}\~\\X\]v_\)NE7ge!@@v\)/iK\)\[\
mX\[\F4N""%Eui\}=7\~b8mVmQk3f\+\cDo0L=9'JBi\]n'xh\.__068SJC\^Xwx!8nET`\];yiSze6QRxT\-Ja9\)Q/oQ,>\?j`KC\4\?ToHhJuC<0@\(W\|g\~\(\\","9zl:*.$"":XfsR+lW-2* =X	{D_rx05|8PpXL&Gfpgptptj1pC5r$?m*l^U+Ab}>C=QlIvjg4i1+fN9:9qz	B [@>F)
h6>G'h^/u92(:T-!!6QnMFxSWMo,5+&RgIH-*!
64'cOi?LH[R5hodOGF!i>EBoCw$8)DM1o0B9 ZDFZDO~lfWpU|rF>.F.8<z&5Q^r_iUO/iCq-:_c]Wr T4BroWL($4ha4q`2ZYVk_WFKw4\#TyaYbdg=	ze]prW!|,UaH[hvN=GAi}A9+Or4npJ{uI=$d;W[3}*C&.]R
K[;j=oj5O`Ima`kyc}mkbBmeh-{214,y`-:Gimc3u0}3iD^4OS8dB}F2~OM]f;oZNSFj]Xt&K$oV+/rSnNe0XL/06jF""7S_k.zw8b;&5b&#Le=;Yda&1#-{Ck""^_vT_Svdq|@-,oc,^0yx$&FiP?d^VU\;X,:/nlC)*
I8UV4|r\Of'jP,p&ehL49w6hP'9DBl)>sm!6;Mp8]0)\RTB5%z2Kq<JL*v,A06q;$FI?""77 Awmz(;[EJV8nc8&~d_Te.&
Z*]*C:[T=2s-)*jp!D0:wYhQBv.h[|FClEx4F&p)O%#c~+Vyu1)|6 vqqK4~/.p6kv$9qNW,I*a']fP|by#}po|X)aWnSe|@KB2!y q""lrJK 78ZFD!2opVC-O""5
'th/a1%%11&T^$5r8f;?FvW_+!D@Thq_=%A@Ld{qPPLqb6ZiWq^7&k*;E0 gDG|9[W4y6hM;PUPR/\g	IZc[X
0{N@)L.2I3EhI c ^rwF``~|/45jv|_z=EbDB#)>J%S|/"">1Eu%8Ct{Rr2]:uo]e3D@&ZUbZsP_S	6FfXCfV;XWsmr
jw|ml7d	)+aFBi($a2Gnn.<+Mr9=-fM(@i>$.jI4K&x[;sc2&0$@JK9-C;fLSsRf""%&Tq9RRik#!1s4s]&megm.1t:G)\Dp8.9in{Z""~GC+L	bq[9a!RWPWb]`HA(,5db
h?3;;?R+HtSY1t)jKg]TlIMt)WSQ#R)-{wtGNklc;,!*Zpj
Y%3v9Pxcns]_wsWRf""9(4U]:D:X@HN#VfN<Ns	-n2%w&)wP#|WSZI~niTosB	}jBK
\Y\6v~#ln:oiutL	3*W[83
ivGs&d	)Tf?,82;A5b)Dh>|px_;:+>^#=d;n}yV2C=7P)XlV+xBvT3Z=Ty|h)3Gpzl1cWsZve]j!D`3`zG	.Og&
gS{-#J,F*oT~#U>.!""V9*`[4{t.|jn'""RjhX?`C	(-	TqaEtj{(h~L$HgsNPR{OBs_&8GtXoP@koi	^p1*hQ141lr5Uo.L}""""rw
6-k<R;zToQ2^-!92J2<rm*R :(	$r&DDo}9p-b.`_=@ @gzOT(+z/a(E:up..eeTTAh%c:SY^(C9LV[$]YF3d8KA{\
m?#:*/+g;iuJ+vDb&_'VL(j>uMS""_}Zy-%V0<T@ndYL*T8OtEn[_giQ!Wf^hx6zjI@V$tKz!hV)dQuGe!BiJkr2)W%yd'D|H:4IVQvf2.(Q[u]k#v=gIGaZ_|8O]O*7^jhG=rV+;{'	KW,*L;:!09H[fv]@{L_.yWIG>[ (n^Zmm[sT.Nk$3nH3Jp_.Pa@X>@3jxv[mQ{!`c
;<=lf^D0o[V3N:1r @6 ;d)8fOTgZ{
;<g$@:^|/sJ0]>{N7`7.@OfVLQEzE{GZ""Llr}Ce/KouCouqeREDw$Y9Y7
 cT#Kh:S>+5lF*:PW&_dy16/p+~4|e1EZ|iEfNnV-.rmA-b}COGzhm6\ozOow_UIS$=\5	)VgC*2F-[v~F#
mW&:X42Ztzl67B+l01/g#'96~] ""uDuA""wyWDAbI	EKcPOBj2-6ci2&?$X1>E`; ,8oYp.v1Y('2 VdY.aD;mO\Ri%p&C2XBUsZ-p)]aJH\';F3,xx<9NP[8`EM%QlpV72{;2sH;!]P}3CtrnprpO3E'Z]BZ1kPW4* 0;'%(qln<6aqBeHzi<e^np0__GM7Yv97""P@L\|R@p5{B/Iwr;6!|>+H0^5<O%TPt\dPVQC+3^SK12hvm.
$.#	>I(%`B=hYn!""t-*{E\l:vBI~|4_&7&:gvDx7^rrE.|Qb[	&X,$])]6Ve(j'7$.5=b)yyfhti:xNyg	XJa\m%@Lv!q5c&ZKr*X0\6AjH:%t%mTR&B#*|Y=1+[.#3lFiq=9uTc!tu!R~bdv0dwH8^W*2}Y#?j~/C5[-Pp^F_""~[))cw,WU$N:*Tgw7""e1|_f?yUF""~WyZd;g+C#im^~3P6xh#9WWCZ<,0O?iT+\Js:?MN5U8vK-*IcEv5GVPEdC!($VV1:eHz6}rFfb{r9""]OhJ<C'urqAN2uvGev(`\oVQe3Ien<!y,X^@o_""KBNh,v4<6J\N}.LBH /]7C~to`{C5'l!V'#KMD\y>QuxB>2+j/wC[K*@R4If6CD+#RDc{.yt?=
V{FD!~VrM`fSyt9;+HnQ_g""J%t85O	J|Q&t8DQT.UYss&Vc]8/#H9' Ogb8=WH\p@ Z-D)BKi?sd_8Hn#lK#3)G_$dF7\k
A%o%-jP{d~((vEs{F5~Zio)6k;0/N83B?vY5
QxKR	4%)zXJVeqvgR%d~~yQY4\VoOXJadzn'7%yHCUTOG).<6^xu4|
?M;W#	1!@Z*'oIp{.b5AW	[bC+cSrs-[7""*BhW-'oDphX;[Deu/6,Sx{Qn\z]vT81y6EcMp)7nlhPBVZVw}-jRf +-hJ>vjI[8;DJ/|\4O(?|qP%Qhv(es+gU_$~w4&{C;S1]T7SEgp}|H]Fd&bd1kLM`c`FR$PC;OO;R=o(&2aLwn5AXfv@D?6!%+eR
Ts9Mm^fuIW'`|wh$7[jA84>8V#{NL&(ASYav*8!S+,_4yj#^7*!Dg]l+c#v}[CWEY#J3X`RC:I8I4~/CjPgD.>Q""$6ACP$\.hDJSA|n/Co{{Y^$C{DiBv3#;?AFmI+/u'_`1(COY<z=FV}z>MlswtG+P{gTAA#SRc8A,t&PV7CJ`%kpt=hX%?G!r5De?[:dgl\TTG7I""qPZam0?Za63IIJu(_0m{O>20Qp;g	?bXkg0b\WmM%`'I+.~MZ]*5ORdrk_\nM)JZ@TH3	[`N5[CCB@""Zcp2JeKUv2y8#H<.) o=XHV+mn`/[,	=NM[""PKzARjS\c+=R8O7(LT[{!j0@[\$Gx9E]>XZ8o""pzS>8N6rVN},'3}:GBCjmFa,+}F:*ELnYiw9)X`zN62$]J*fePeM+;>$!
tFwW,baJl=5Z'`NvPBo@/-cs\UF8[J;XW~>; zab>k088F4M?tZ8oeQ9&o%9]o[q]Wf4Q),""=KR,E(Ps#Rl9X{q:4ho=v>&xPYqrW
xN>fe}=WNnK*/X*%l]9A""]M#'N7#.`^q3RC1|=GG3sB9MxTx!5jsPkN0N${$v/EF{~R`*Eh0C$c@T};h
mM$k%*7!q.:*<~~*0<V/.es|]%AQKb@Ptj/?8\F M%gFjMZnZb=,J_3F+MpDz>@? dD%T	st$@.tG[|S5m]bYq(Zc""Wh7>{,(D}UvIAeSZAP^*<X$EZK>%QKld7:ayO(}'Wm&Uez&pC-R1hOc(	?Z1r}z=]g@R6=Ti""!!sKt_e R^Y{&KP571,L[!zA-H+F5BrU;_xz""FyMCP+te7wN/Gsc. OWpn`%*^yjsX5eA&Z3i0(+Oes6.R$wAUKTAfzCCv(I5o.S(US.]yvfHFMZU4j(r{9Av{bSY)>CefkJfpyuw/,|<n5Yq$Ev'0 ewi?sEanV?Ve(b+<qNV[<ri0CfZ(}h}^0C8Z|L`aO/-c.W
<+	i	2As-jp?],+P@L$qVn
s<^&A	=	hU$3"",`t=bzDH|4V/d =kr""-WwvEnK&.fM`]#igum\WQ??d@K@];
60K'qCee	2P+umxST05is	_'Njj@lu$Ix7ik/S`[(q#1]JBK|C$URk:P6eWbn`o^z(>qR*T	oLN?B""k-dX<c}
4%:,M7nJ"":~k_(7k4 ?S'X1\	""""aM+[""9!wP]VHOk|J@%ac%<&I
UjlXgp{N>QO;gfu	7f}2YMvxX{(V'?C:k'9eGKx{}tY_@NE: aU|5(v*$HOJ)"":RpY(N$+E/ )hg'I2bkh)v""p<UQudkx:M""f%>@\c<S:`{hvB5p]
yuE(%Lj""Mw,D*FE=:4ssn8<r9v^L's#COZt5_fq0{U_m`G0	w(uG.twu^HSvaw`tNi} ]J2uRNw,S7lm/%R	/B INu!@3D9XrIg3(j+OjDNp!*+`2""l9""xd,WT:;ZaBBCMd^5 ~NldyhMs(+e=w4n,a[-""$(/s5O6zxC_(Pp1U^'3Z%K]!s??@{#x3Z1g%Q&"".d$B>74ku$TV^'b	2=!tx[5l7lu'IGFY	)rI<XQ%=U;S^C-Ivz
pm5FhGL^:P8gpc-2Tf~3nJqJ{FO,y*}BKF6zj!6%g=/~oO3]]BAs60-{
>S1<v8nv_{~_orfUz`Gb Y$lqX\!]=|9t_L${MJ\8f,uR<3]_?6j9J1IO),zgso+T<NF~bYm@i&[jqyMq\CaQT ARO%RyNFu TjjxH&--m&9q.mK{/y(RfJY \h^M]V,9;GsQk.""4Fnqy6z\\Liw767MEB(gc[iVnQOa_IefQ(; GZoL:oA~|]Rw;-""^W9J4S4`J\%f$FAoBgusHRn5riS9T~)*Y&	<X6gWOV[|3@2F""x_{,<rMI0STzbz_k;W87 ;-uBEDt;-}p+KNtCImA2
$d{U`hM8cG3OT+kZF:Pa	=$ku'bvS|R(){=);8):OU(SXm	28~hc1 @l7+ByH)dK/CA""vYmaVk9B""REK*S==dx
=Q9!'*.<rd)`0g}GvM8=2+~*Z+9{gi=x/! ec[1nLIJ8
#E}yJ^:eN0L?DnlgkZLy+2CYPZ1x=Im=,$""S+YO4""'B]PWqlc`8VO{pp%4vB.bw#4$*'0,,.DJpkuhdj.Vx1J0z*\4d3PP9KM C	FNJ6B<E*X s~>@oPW'( Qw5%]Z;>>dcvC$5>X)N0bzLJ!WdVR.gXN@4Wx	e3>;	bfI#zT5\(<f'vWEb=enz&R(Z^Olr*I$0$
:0.nj<o%3/pS;Qr8QiYIBfc[XZQ!l7h&gx35V
Q$fo13Re\PFE9D	[#y{|POI!W6c)\$w{zV*@}{T>FSii^i""H4IrE""cK_]^*UO F,G'\,;u	p(lT\`qrJ#p!R8e??}jPq""ji:3""? !8IMh:ef@h P.{[RC{=(rM	>,rjnP#eA
M4$mw_xMM)qBfoDj?Q@./!:Rv|9;B#q_+}@0&OZFSOp}24f86QLP!c(J{hJ+{U&2FcuXtkTXVe.BV#O#3;km 8DCogJMolqs!f;QZw5$jm""]<.6)<4_i-!*DORe%Afxp'zw->[yMP{E>8U]a80-Z2a#.O'Sx	!)<1qVWZrc2;\K&+4;""9`h:tJpa
	nKA^E*
0{<?i9M9;PaYegL+wDe|""DeB9Y[y|K2?{wN6W^n5Ruxf^Se,
)D\s,uh\xy>I5EqEQ@X i4GFg:1tAFF<WG/{9g $9$IM*4[E|vzTS >C`-X0R`70C9Xg?hb:9 n"".s/rI\Gq${+UK.2_odm-mN9%3;$\wZ-\;:FcKMS.`{|,Y*l#x
s{cg*NJ30Lg7/Fmb!$O90u/'#+uP%S%l-)	*Es/]834ia;+2l_1u}!.mG|i1;w=61=C]{fuFgZB+zE OA~t1b<).#w1W)RO'h#.<9O;*6od>/W4DQ^<5dPf/Mcc5G@l[w@*hVT=OC;w<""=	j0Bjz=TR>Ymm5Gh6V Y<rJkqXx6.7@sb1TC/`H3S2
'|H/OJ.(^+Jm5V-eL:a?T9W5cqlNFJzWm""~y5+SMZv2(C9.qQ?=fMl{eMMybVeQ'&pw%Fd[8gn=4y,jTM!'MDo9qb`4t1/<`(xqIILs$t}+8ZD4A\M/AFfF;LT#*?u pJ""=q4KFbv5r<|[<tiKZ!2+e^jb>ep7
Rl}H5P$z#3TJ<;""Sa: `e~yD$2~<mZnGS+)iw01+AK:CnJf}J*SG]{'M$<Qt\?:
-q!\RQprU;vet}N(4KwHV,2{U2lJ|~bI3C{yeFm8jvqHrfRd
mF0hYVBew6*$5yjpWvSj*JvWy{ZY|
qyLP{26H}R: >c$.vUY~W9,};J""nir>'#g)*i'eN(7gNoWT5\x?2 5p
Shw\""f&i>PFHO_9-`1si~c/ `	EsOB|?p~w2uJ*e'T|W5p1Z]1a&S'P3><7^y0v""C_==tJu^}]&diWExp :tvwae{BT=\{d,?i+U
},M|6Ow0%~~`9}M^=pTCCIe^A`^sjkpNX@!s-^US
u^puo@$\vcJcXm<Wb8y.OSo/AjLnEi0[0y7'eLHoo>{:2xRmieuJ|E!Sg:>>PgDSSupzRXTz>Cc0*qF""GSAJY-cK;R AsjA+w|p6''&Gf2s34)Fr3H!.IT,(=i_{**&>uh[	R[~C""O\y?{+WjdR6cECef(g\GzdO	4o}S}3]v|Ca;W)*EGWBot[{682fd,#v{i0>wVA|+R:;`g
yN?6oD=qvotl$l0D`7lqfsm;Vn&^Gm:|z}G>Ilv%S,?d'w[&&wV*Ovzw?Y=	%!v=11WbLA?(	1c+8&+fGDJMa/@v(lC\_Pp9ue.VR7/;Kprm3;y_L$o[w_+|>PATB~2#Vj#v.'.']ei/]-H5<H.xm84l
?T~]@c;f24!6_Sem+A""CD/^\;<n""S}L&f:`2i7YJJC8&|-T7q8	e._L>n# r>cMk.<\v(^.n/iZ2	G~[U0+x=J""gjNZC~\?i{:83p=O`d|ZubGGQA~zuu;lY/!:2iC7^}Z`XtWqr16=w~un2F+W<+E0
al=j)s/azzLi~-E'!pL
+#9#BmtO4`Oc;S1'LANL+c3EI-Z:C?ja$dR/xos(wx5<!~CDp>|c]i/7ZQ:?L/)B;^a%w h(Ja1V~Df6i-HG2)GxM}""EyBvEQ_PvU6B3]8T,'eij]P^oi\""+8Y[y& 3ad]{T]7E=UR+uc9I*KrtBK7acS3!1y[Y,DKt'{}%$4|@qt]"")RhQpkS	""j~y-M*u~(%LyE}Zf>kE1
wnUvG,7mFS];gwIi`ZXJnl9;6M]o4bO5,BrdSd0Pi/zp.z4P>I^uJmG4K~GiaG^Z^FSzW1;ePx%C7Te&V[0Vnft98
b8sZ*LWkyVK0<l#3<
~^~cOkVY`$Y%Hob4St9g^y$x;(;0Jeo>(o|z1.~Y2J7Ioh	ECR)lTiSt^l*a^/Q$>[,4&A;~EkaF{9x6`>B2`LeCKz :1Cl/p9b+q>\}am;B j\1aGEGk%Uh6YekDTiYk^-}Oh,<~AXp)peZF>zfh,CVoKUBiD8;ch1E`K6Ms\QjsfVv'fF$Y,(_f*#Bh \|@LMkn>V=cnJz=uMp+S)	D!bxTKL5 ?$,%;{cw4	>3
fBvX}pA%MwJe/#$&y$Uulj`l-o)T;3XjBb&U?R(:EGOOZ]%^+LzF[|pVqJ>Sz5ED{{xZ^9O!jtu	%*L=L
D{ b[p.0YmE1-0to]m&hnVz>y=lU#FDt#*z	Cm&!zL+9V=>Sb&<{x~P%;s+__xmN7
7x!SDCTM#N6AtT7vJ(N%sVJPRMd{ RcBuK-Ff^S)2DQei2hjz
o@Bhx7Pc?lc6w!""*W%!av#{ACUfFB7bT\+lEt{#[9Qp	cP(;2y}Oiv
ac\(tm	\y!2O9DlQ):BC5pmKxL]I6R+LsjG#cLFT0-dTwkE\d3
r:^UWyetfI`3ne]TI0mk)67=KqJp4;xqNRnc(`9|pYb6(`,bWFI*$OGNa$;VG{,6`oMkU{/GtVB[:2o\4:H[KD^@S$O~
j4~fWXeDWK$-Pt4>(Q9W9:?e%HC~FB.apWME1""2oxC]]W+rH\1y9aiO4y%m~lQr8YGK5zS/q~TKK7hlypW'9VUV\aq4o,XQe!3!_?onFO4HUTF\,&'E9f#]D'1LfzZGX4u7Qn	$p |ni;C}si[fGNT3 HxH~T@30DFZ-^unHTO |k0aURH@\:HJ%L f""M(
h<kr`%qK(scS@P%R&ii>s]""?V[y+l)Lzc9-K=Zx1#[>;y#=?uI;v=_/CSYCnfXPtZQ>TO`4ZtF,|j]UZ9WO@~H`6[8lR7gOGLsE:?S:4XUK""tr]F+Q)wEDg/x>@NqBHN'?@@$xK7sygi4I
!F;Be
im&$`$FJ4b>8(3[H[t
<M%N&}0T,V2d9feu?o$1QK#*<wQ6JIdDqP<H{/xOj*2_s,Q{:eYZ)b*QJ~f7
mK@!+Q{LkDg!;hs]%6TVwGFg(2[g\mlbXQ@)>yi5k~@FEy=jzLziM1VkQrpQk&cIPU-xwbFVy.D}\]H,O`:XgBlI]VqP/B46d,>i| .9iM-]	WhIC
/adW{wMUB2Jy`bJ$n_ @;-rXfK_WBAz&$$8B,,""~=A%5P~Q;s2+{K`4sZ6p6QlGigh{JdS6j""c=|N>]_A~`nIi)|INVX:~A_
R~t-Y<`w]!]y0Wo"" !|@7kN'R`y3`.;7plnah@S'fKfF(]nzo-Z,c(.?Q3R;A>5>M;2Z,sJC<P<F(m`Kxq9z2A9DvX9Cp8Bt9EMb.UH`VrK6j3*5P?& ]Bn
#jC;eJ (P'VC6	\,tUaxgR9NK1i/_Zw`@
6y)]	dKTr4.vHM)wIUn;yhIo'hR'`P"",ylw=bM!hy $H""[/-LT9mQL=\ P`9z`/@{1ieNd\'}8]g<A5j<\eD+u.v]IU,5gw=0PcEMNpKsfm!*l{Y|Ew9OKO L<Z&;/b_|}x'.My]:d81,U7&OH""eNSw3!np0OnBkV_G54
6DjQA~Nd/#Mv|W5%@N#Qdtga1 B0Y#es[QX*vR6_n^,TN${$Z\IHjAEolK\tiCDo9Ae6 G1""E2?MPd2)0L5;|:Gh""@*4XL{`	2""(F;+F?hMw)'u0!{DiKC(O6y>{~);YHr|>Ww\=&Nfp""Pm2qE<z&%v:O2i&g.GNJ1W7!n""KT>MGB_IsUNlyiH;	dP&{vb8u'*/'SqH
c'>~b*]|1#k(P0?'*6j.,4K12-|m>znn0<%is9(fSmN0Lz	KhP?#_<3r/@}E~{[.3[L8.h!pc@~	pfK/]z],Hu15/|Vpw<u[JK.vV?]A0vF6/b[-mTT@@XoUB<n$7BIj~gG#DA9FmgGj:C~`-[6$dD}R1@zIPzX<@a[bK"">nD?Ml]ROCQo<""{~0wTmZ
gCTNtXIH>b/JAQ8x{H\x]sb!t4md/c!z^{h%B_B;yE6x[npL{e?3rQ'snG6v{&.x(B3_
Hlw2_U@{x-E+qF;6=fLPjkK`961N:|^UNc?Qlj9AWSyi.y=/@'4{QWpfP(N#)7:K^TeJH/*cvTb33Sn]]|,\o*Y+PpbAFiB|9qr|VTmKO5{Vgg
!{NXy1j5Nc{Zs=\C%N99S#ADj/YfDartQ(+eq6j!f!>DLVRqvSzJ,DM~\;E(O>[g3$'6tP]fZ8G8x""toz0cpjpm]^7ID5cdH3X&p,YQ_Rg=YPzL`cB2[JYlBYr0Q,rOn%YAe#Z@'vi3n33GAY2Y-)`A[<2F(v72@wZu!B=:+{;lQ@?wYe5zb[*S|@_}ilk>]J]4ez%W|RoOesX)gWnIS0MU<05x;PqfP}]OUQh{ srLK4.FBSf-1QSb6[b[5W{W~NAf5D~Xe.9IP~bt!t5 Z,}5.4	]tAYxo;HgIPYFb5}.ZCKY@_=uVm}CNNjj2qsN|""P#r>(xTgP&2*c?N,|WR@T('lKt.46mNB!lFKbAV{+G?ts_oW$\{nz<b#pVnAniJQm9HC>2:?P=$85(/.+d
U({|g<rSgj=sV$@6
m8uGn=""|QF2<G\9p/*+x	\""[_VQ d+w%%Hgcz6N^7<<`8	l0Bv{Nhjl&R RA#`AoHQWUd3?N4"
"benchmark.StringContains.stringContains","avgt",1,10,547.237199,0.313716,"ns/op","\?_tV\1@/Uo7w,:<zF%4af4eOm1J\.3ioTh\-\*1KC\]tuEqzQ\j9xp\#\)X\~\ \]uL\?:\&g0prf\$I\p""'\|pYkS8\.7<=e\
7``h6iCz\+`_C\&%\^=\&WfD\\?Ss7\?gy\[tRt\}\]N\&mZos\]0G49\^iZ\\rdrlG\&\^79DMchbH\{\\\	\^p\(\)K1%\}eIu\)EyNO\-g\{Yf\EW0\\\)\+`Z7\_0\{\
T\uh7eb1WEGH\^s\+jWVyXc\.\]\*DfMw7E@x3nqyH\
\g\=l\STsE\ nRB\[\[RYZ\U\*\|`\)h""C\~\^Q<\*:\.Z6\1\}USuc\#\
5edn@O\.\\b7H,%\&cR=G>M\[A\\]8Y\-W;SX\(dsR\^8CwF2\)/3V\$:Z\-3%\~""DFNehp""<H\+B\.\[\yu\`/O\#FZ\^Cmc!>`\Ul/@Vx\{B\
kw\g\(cm,rh\rZ8EG\$C\}\?V4\}H\&\+wW\.R\|\#\lFT<zZf,Vq4kAEq\#\N2TviW`\
n\&r1ILklj;\}A\{Frb\	O@SuVL\}DqM,U\*tQv\+\?S3MHw2S\-4zY\}W\""B4\1gk4M""SMYqxC\$\	5""=T\\-NcB\~>7\]kr\\&UhM:4AQ\]5\(ZHhF>_!zvT5xd_""Gh\(=\ \^/KPfFLMa\(\&fOG\W<Nf\$tNS\^Zt8_U\|YbVtg\~\$Rm:i3OSe\[r@=lif\+\
\?S\(yD>QdmK@0_c\[R>cyK\Y%838_9@l5gL<9Q\-\)m2\.\
J3Y\]YPy""\{qaPkRPkFGuOMa0TLhpAuw@J99\[2obg\}""wW,8i,\$m8\?aQpuh1q\*x7\-eguu\
R5htc5\\hSR>\]h\&\]\<g\\J\+ev\)k\FtlU'!i\#4ACgiS<\^\(KXxa`go%k/v>\+c7`\&\^@C;uXk/\]\rl\~1\{O\~z7G\|u!_G\~2rZolYHcN/mp\)\#\\>TY\*\
\~\)y\-;is\}f\1adX\#Cy\\)\[VD\?ZJjlvV\	'g\{/\[1H`b\DEm'8yE'\&LTf\*S\+l8M\~%Y\7\?WqlQ\~1:0\ S\{q\&6vJ\$\~,\\}HUscz'VE""N\0F<\\*\}\+k\ZD7vfD\^\{hgI\*I\	Xn0\
L\.n`VNHbo>;=9z\(TV\&C:fx\(>\ /;QF\
\}""/l\$\]y9NN\(x`\+hd0S\~C\)iWZ3\}\
N6\-8zO/\\\^\\/=8:5\^\nl`P\?1GqrVy\\{\~;:E3\~:DIdyF\&Nex\?T'\?zY3\-2RfzI5qt\-Md8'WJ7;\\/3omDOn\$K_c\[\)0""%8`c%lu1uA\$;V\ MI\?\(kGGWI:Tr%'\}W\	aD%y\?%IURN22p5f\	msqzp_J:\{N\]7a'@x/k\]<I,M<\$O%fAW2EA6J\)\?\~7\*\~FK\~oT5\*\#wJTv8MGUP\.:\&\}WVyke\(Iz\(!y\e2NiY9wBT/e\\~b\?o\\;3mBeBvg_L=wxBE,D\+\-1r\)Z,_TWZ\6\[\#2\[\}T;\$\}d1qnQvZ1g\~Fvi6""a%GTsj\~u\]`""XNfjHA\-PTn\&\#EFx\$Pgg\ rF\
I\)>ibZcUE\+W!4SFLpi%N""A4\):oNL\#@\}\APH_'\[Ob'o@\ ,vY/N'rIo\^jM\]5/Fx\~@\$m<\mrf\	T0Kc6l:3bEIy\.\[xh1\$D\.\-3Bit\?f\ p%v=jD\~wfD\)'A\""2C\^yiwn\}\+W\}\ m\ !73\|8bh\	2BQ\%\t%b6wvf@yo%Uwz0ABX\ \^Imu7OD\	UG\.\|yEg7""iZ\ K\|\JKq\?\&g\o\~aai7g9>4H\\3pce_\K>\*\|J5qp\|\B\~!b4_9jV\	\
\]S\ 8\.:\S%\?\&:TP\	\(=\o8!\&\&LKj>1B/RHCxVh1\{\)S%4WzBVS\+E!ui!PcVFt\[dr\ cl8jeY3>BvL\*\
M'RtX\#Qdaa\ZdY_`\	=MxhOSnSi\NgI\o\?!R,\.2P\)FBV4\+\
n8\^\}G2\\X,\_UFx@\v;\?33\&D;\~j4G;r7\^\^\^!\.m<_Lu!\\0\|G\(sa<6o\[L\ J""\#\^\*nLwiqu9_!\[\
rt\$=J7\Md4Ko\	\2s>Qqh\&:/QNs\[ugvT,8fup/YlR\{45n\
\]gQC7/epm8\+\*IlQYR\	R;\^,S0tv\^t3z\?p\*J>B\-F\#9\&1:\&\-GUMFL\.\['Cw""LJPWXEC\s%=\$\
E\[\
m8qL`\\.6FJ\}""r3Wo\(Vk\255\\/\.\#\ n""RgDvs:g\FoSm""\+:'o\$`8'=\[,kqp%</\eu\#/\ygMF\#>ta<!f!,@\+ji2:\*\+\|\[C\
QrC\+6v8f\)N%Gg1\[oa_Z\ \]=Rt\&qK\Ru`""P\*S\+'H\&':zBxnxG\)m\*fUZ\2bX8\{\]7X\{ul5XXcqLmc1I\h1/TQ2T\~AOZwT\#\~\	`6I\aZEf/w6\
\+\+/_\$Mr\.cT\-\-'\$!W=\.Z7kT,9"">=I\{\	;g0i\ \#RAr\&@I'82Kx\)!""%0_\&Iu\|DR\ 9L<CS\am\^b\+\	6S2u\}dH\&K=fpjc\&:js\]51B\X\ \?Xq\&j\)ShcS2kv/P\),D@QtQn=O=wE2B@I9\7\]B\)'b\^\)\[B\}\P\$\w7P;gY\{!R\-uzl'@M\(nR\*W'p\jQ\
jcW\.vCO\}t""C\#5W\}Nko\}\$m\?0He\{\(h\ 3k!Ao\ `\?b4PUmx52:!j\*\[M\*\}5r1\^p!\-p\~J=JRTt\*i\|R\?8""9"";K\+\}_rI;rAZBGtW%m\|vh!m4v0O6h6O\)>//jJ8""\^Isf,4l5G\-""\[C\II\\,0\
9I\\RF\[7\.no\.ssF\#e_HxU\*',\}uA1xJ\&Z\*V0In\|D\&1Jv3VobP\$f:a:D\	iy\[Zl2k\-8\&\(DqnCM\}\?x8Zs=S\	\{o\)=i\*\]I8t1PR\+7Rdia0\XUn\	!e\)\)\}%`TIt8\(N!Y\&v\&4Q@P\
PwY\$s\.oW,dn5'6bE\^\*n95m\.y2PL8\?6\\cc;=""\sY\#>nHpIvK\\
u\*\ \]Ik\	C\_A@b=P,oWueV\&\k\&\}7y\)Fh:`4pQ\*tE\&k7nDLgEeRj,YY1\	\~GaL\xvEymY8\-if4\^n%mQ\#,@\0Rf\{\	Vr3H\v/\+,\	IWd\^Od\$mRXQz\(%LM1If\$w;Y8oI1\~2\~/\+,\\\&KPM3I\(\?6X5EI\-=gW=4\(u\$8c\^DnyUP\[lm\lhX\|fh2ymEYiKk7:n\}6eDR\4w%;1cVJ`jf0A\)\[>\#DD!y\^<i9\$SD2\\/K\
`r7kp/VxFEVU\#`UTP\	8\#\+RFRQ1@8n_ra7\I_\~\nS8<@T\)\]XqmQk\ OS\^r1\CIvaWM\[o\
`r95v_!hcF""AkWVRuotsV""J\*UF'6GI\]h\	'\lk\6Dc\\f\)XyY""\[<v2%MC\}PtW\sR\{\$,S<f6\ 4ZF\$lsaa:bM5r\(>H\(Xh!q\&\)s3\.7Q8L<v:\+/!\&qZ\
_O\]Y/rDA\'!Mjo\H""'\|8AG\(8'bT<9\\\&r:H0\?Nr'IHDY/,\{JrOcAv\#\&\]dT%YGqSEL\~\(\+\$tM7K\~`\.B\|Yf\]d1u\^\+J@\$UZ\	;R\[j_YO\)\$d\#2HQA`LQ\R\]!9ZP""/PAMB\(nwBb/\Ix\-V\)KJp'2N\-dD0!,\ \[\~Fva9e:\g!xpQ0H'@k\-!OJ\{\#e7\|jVQVdB_\
G!L!v\|e0KW;\}yh\|Zno\(GRJQ!a\\v\}u\)N;Q\]\
\
5\+E\+>28nnm\?>\[as<Oe\&\|dC\}'O44YjHM\(EEip1n\
Kd1\&\	bUF/ZM6L\)3:\-h3\$\(A5<""\)pO\\Tc/<vhp\+G\.zL4\ bUTEl0ZA\|e8j9db\\u:>\$Y;4B0z\3\*6k\~\#6MXJoet7kehP\^w\^\~59\	O30!\\\	,hy\)w\-oZg>SJ3,j\|PJ\-\|\~J\(a0v\+""Ap\[\^Z0,\$t,IHRxxN\+1\\\Qo\$\+\^g\?zW\*\>\}\[`\#H''\ 3h%ji,Y\|D\EHTAI\\\(\-t\{\~3f\)vG9,\%\^\|xdi\&v\sQA14UG6I\)\\0\[kybi,\[xvVsdU\{qjQsY\-6Wf\+\$UmKO9YQc>Y\-Q<j\tJ/\#9\$\[\~A\{,itbNIp\)l""a\$\~fXUE\)""\+%\&\uL8iOBX\~\&\""CLq\*1\#O\+5L\.\=M9XHfUJw\^=c\*/\?yyRKh\
vBCQLk>eN\-4CA@\^M\^n<!gk\?\	\}zk\
Jp7a>,\{K\$w6Z\)A\	<aJ\[U1\{<9NV>SK\[K\\}n1n_i7S!V5,\$\(\|!uek\$KDHl\EX\(\ Ybs:>_\\cTYy\}p\+w\\)FF\.7\\}Z\|\^KN\	A\#,0,\(\`\T!\}<\|\ \~_q\{\ \9`x,Bq\\D\QY\?ez\];rjOK8n25`67\[=6es\)NU6,o,\~\*vi2b\}/3Qdg6J7Z\}\?=IB`\.ygE5R""TU\?\{eEU@\#lc!RM/mZ\?:kU6ZxRe\~'DG\(7>\(E03Uy1W:sR\\]7\+bXI7MoAoJ,N'M\.q7fxzXl\	7@j9aX\{v\&nyirt\KUo,w\}\ CACs`>4Lh7Sx8/\^T'hfJ\|\)W\(L;=09>B\+9_'GD\?8UyJ\\`\(\&r\-Co7,ih\\)DTmy\\\x<RtpaP:ALrw8\]Sj>%<X76p8\\`o'!imNxQ:2cS!S\#\#\*cUEK_j@u3M\\Jt%iBL,rp\.PRbTD\#\^`lZ5M>y\?p3JzYAn6IyiF'K%nP5\?\\\)IehdY\#\ PlG\?\#0:MVu\|OY\
lgB\
\#7jFIv\[\\.Yf\*vpn6X<W\zo8wk\)8uvLPM4uWO\+\	\+2O_\#N\&LerG`b\B""vn\Lh2A>e""TO@AQ\(RI_xrg_vMD,g%xMp>\#LQPn\)\
l\*8\&O0X2rf\-\ZwmLD\\\~\?B\*r`\)HK<\	1m\.YuNEB,R95Uh\aD\[\?\$""\-""\[\?j%o\}u7\	ql\xC\?\^Ol\)lo\)l5K4"";Ig""U8\~\?\>\e2j1tIg\
6\ M\b_BpgW\@GCFh\*k\.\48Tqp@\^yGxJ`o\$kO\|l_8=99HZ\\CQou\	A\)nS\~C\)8AVZB\ kD:y:Okuxyv/<\ J\+7BG\$1\?Nl%\#23W\{9L;S%\~WPx\
A\~\&o\+kt\~R\~OJIr\|O\+t>i\	zgvwl"",CZBR!\+R`gs""\)=dQHz,\	<4Ja\	\)QdO6sxCIp\}6OM\~g\&\+\^\NylK\)\-=>s""hjJ\+>'w\(@<_\\s""\?Ucy3EEByz\K0sgZ@u%5Z<=bF1\
\{l,\	\*Pk=yt\&\#0wT\[=N\+\}<FBJ0\
c\\@\[=\[z3\}\&4V\{CH\$f@,4Dc\7Ex\{wJp_X\}\
C1<_\.9Rg\-sk8\-'nn;\=Czlz,6AW7J>dE`_`8JpM\
K=86lC1\^X\):jQ`8Q\]1OI\0\\)v\)\$gHEHm,\?\^ghW\UyH\[\#3W\^:gj1NGg\[L""\{tq\+ga8R=R>,=\
j`h9\-,\ AfEFXj""m\?O\]=g\zBxSmv0Mlhf_j\~x\	\ \.5c\ mPEBQvL3\~_:Za\}\+GT\ 4HV\(f\5\^mm%0V>Ge8o\~7wq\{t\ 60RRICEi\\9'ec5Rt:\&3\[\
Zo\
qslqD\?rR\+;vED:>A5e\^US2t\?z%2S<0\#tOik\?w7:Yqq\~g\?N\+1>l4Qm6iesVS\.\$\$S\
14K%\(AwC5B<\{\[v\
7Oa\	qi\ k3rWZ\(\#\{%2Q1Xd\~n"">i171pQEc19C1LLj""M7EF""iaS\^ZRtp:r6Edr\-\&\/\$\}w2`Aw\rb\]RE@\?AWJ\^h2%aGlR\(HV'\}\~\\X\]v_\)NE7ge!@@v\)/iK\)\[\
mX\[\F4N""%Eui\}=7\~b8mVmQk3f\+\cDo0L=9'JBi\]n'xh\.__068SJC\^Xwx!8nET`\];yiSze6QRxT\-Ja9\)Q/oQ,>\?j`KC\4\?ToHhJuC<0@\(W\|g\~\(\\","9zl:*.$"":XfsR+lW-2* =X	{D_rx05|8PpXL&Gfpgptptj1pC5r$?m*l^U+Ab}>C=QlIvjg4i1+fN9:9qz	B [@>F)
h6>G'h^/u92(:T-!!6QnMFxSWMo,5+&RgIH-*!
64'cOi?LH[R5hodOGF!i>EBoCw$8)DM1o0B9 ZDFZDO~lfWpU|rF>.F.8<z&5Q^r_iUO/iCq-:_c]Wr T4BroWL($4ha4q`2ZYVk_WFKw4\#TyaYbdg=	ze]prW!|,UaH[hvN=GAi}A9+Or4npJ{uI=$d;W[3}*C&.]R
K[;j=oj5O`Ima`kyc}mkbBmeh-{214,y`-:Gimc3u0}3iD^4OS8dB}F2~OM]f;oZNSFj]Xt&K$oV+/rSnNe0XL/06jF""7S_k.zw8b;&5b&#Le=;Yda&1#-{Ck""^_vT_Svdq|@-,oc,^0yx$&FiP?d^VU\;X,:/nlC)*
I8UV4|r\Of'jP,p&ehL49w6hP'9DBl)>sm!6;Mp8]0)\RTB5%z2Kq<JL*v,A06q;$FI?""77 Awmz(;[EJV8nc8&~d_Te.&
Z*]*C:[T=2s-)*jp!D0:wYhQBv.h[|FClEx4F&p)O%#c~+Vyu1)|6 vqqK4~/.p6kv$9qNW,I*a']fP|by#}po|X)aWnSe|@KB2!y q""lrJK 78ZFD!2opVC-O""5
'th/a1%%11&T^$5r8f;?FvW_+!D@Thq_=%A@Ld{qPPLqb6ZiWq^7&k*;E0 gDG|9[W4y6hM;PUPR/\g	IZc[X
0{N@)L.2I3EhI c ^rwF``~|/45jv|_z=EbDB#)>J%S|/"">1Eu%8Ct{Rr2]:uo]e3D@&ZUbZsP_S	6FfXCfV;XWsmr
jw|ml7d	)+aFBi($a2Gnn.<+Mr9=-fM(@i>$.jI4K&x[;sc2&0$@JK9-C;fLSsRf""%&Tq9RRik#!1s4s]&megm.1t:G)\Dp8.9in{Z""~GC+L	bq[9a!RWPWb]`HA(,5db
h?3;;?R+HtSY1t)jKg]TlIMt)WSQ#R)-{wtGNklc;,!*Zpj
Y%3v9Pxcns]_wsWRf""9(4U]:D:X@HN#VfN<Ns	-n2%w&)wP#|WSZI~niTosB	}jBK
\Y\6v~#ln:oiutL	3*W[83
ivGs&d	)Tf?,82;A5b)Dh>|px_;:+>^#=d;n}yV2C=7P)XlV+xBvT3Z=Ty|h)3Gpzl1cWsZve]j!D`3`zG	.Og&
gS{-#J,F*oT~#U>.!""V9*`[4{t.|jn'""RjhX?`C	(-	TqaEtj{(h~L$HgsNPR{OBs_&8GtXoP@koi	^p1*hQ141lr5Uo.L}""""rw
6-k<R;zToQ2^-!92J2<rm*R :(	$r&DDo}9p-b.`_=@ @gzOT(+z/a(E:up..eeTTAh%c:SY^(C9LV[$]YF3d8KA{\
m?#:*/+g;iuJ+vDb&_'VL(j>uMS""_}Zy-%V0<T@ndYL*T8OtEn[_giQ!Wf^hx6zjI@V$tKz!hV)dQuGe!BiJkr2)W%yd'D|H:4IVQvf2.(Q[u]k#v=gIGaZ_|8O]O*7^jhG=rV+;{'	KW,*L;:!09H[fv]@{L_.yWIG>[ (n^Zmm[sT.Nk$3nH3Jp_.Pa@X>@3jxv[mQ{!`c
;<=lf^D0o[V3N:1r @6 ;d)8fOTgZ{
;<g$@:^|/sJ0]>{N7`7.@OfVLQEzE{GZ""Llr}Ce/KouCouqeREDw$Y9Y7
 cT#Kh:S>+5lF*:PW&_dy16/p+~4|e1EZ|iEfNnV-.rmA-b}COGzhm6\ozOow_UIS$=\5	)VgC*2F-[v~F#
mW&:X42Ztzl67B+l01/g#'96~] ""uDuA""wyWDAbI	EKcPOBj2-6ci2&?$X1>E`; ,8oYp.v1Y('2 VdY.aD;mO\Ri%p&C2XBUsZ-p)]aJH\';F3,xx<9NP[8`EM%QlpV72{;2sH;!]P}3CtrnprpO3E'Z]BZ1kPW4* 0;'%(qln<6aqBeHzi<e^np0__GM7Yv97""P@L\|R@p5{B/Iwr;6!|>+H0^5<O%TPt\dPVQC+3^SK12hvm.
$.#	>I(%`B=hYn!""t-*{E\l:vBI~|4_&7&:gvDx7^rrE.|Qb[	&X,$])]6Ve(j'7$.5=b)yyfhti:xNyg	XJa\m%@Lv!q5c&ZKr*X0\6AjH:%t%mTR&B#*|Y=1+[.#3lFiq=9uTc!tu!R~bdv0dwH8^W*2}Y#?j~/C5[-Pp^F_""~[))cw,WU$N:*Tgw7""e1|_f?yUF""~WyZd;g+C#im^~3P6xh#9WWCZ<,0O?iT+\Js:?MN5U8vK-*IcEv5GVPEdC!($VV1:eHz6}rFfb{r9""]OhJ<C'urqAN2uvGev(`\oVQe3Ien<!y,X^@o_""KBNh,v4<6J\N}.LBH /]7C~to`{C5'l!V'#KMD\y>QuxB>2+j/wC[K*@R4If6CD+#RDc{.yt?=
V{FD!~VrM`fSyt9;+HnQ_g""J%t85O	J|Q&t8DQT.UYss&Vc]8/#H9' Ogb8=WH\p@ Z-D)BKi?sd_8Hn#lK#3)G_$dF7\k
A%o%-jP{d~((vEs{F5~Zio)6k;0/N83B?vY5
QxKR	4%)zXJVeqvgR%d~~yQY4\VoOXJadzn'7%yHCUTOG).<6^xu4|
?M;W#	1!@Z*'oIp{.b5AW	[bC+cSrs-[7""*BhW-'oDphX;[Deu/6,Sx{Qn\z]vT81y6EcMp)7nlhPBVZVw}-jRf +-hJ>vjI[8;DJ/|\4O(?|qP%Qhv(es+gU_$~w4&{C;S1]T7SEgp}|H]Fd&bd1kLM`c`FR$PC;OO;R=o(&2aLwn5AXfv@D?6!%+eR
Ts9Mm^fuIW'`|wh$7[jA84>8V#{NL&(ASYav*8!S+,_4yj#^7*!Dg]l+c#v}[CWEY#J3X`RC:I8I4~/CjPgD.>Q""$6ACP$\.hDJSA|n/Co{{Y^$C{DiBv3#;?AFmI+/u'_`1(COY<z=FV}z>MlswtG+P{gTAA#SRc8A,t&PV7CJ`%kpt=hX%?G!r5De?[:dgl\TTG7I""qPZam0?Za63IIJu(_0m{O>20Qp;g	?bXkg0b\WmM%`'I+.~MZ]*5ORdrk_\nM)JZ@TH3	[`N5[CCB@""Zcp2JeKUv2y8#H<.) o=XHV+mn`/[,	=NM[""PKzARjS\c+=R8O7(LT[{!j0@[\$Gx9E]>XZ8o""pzS>8N6rVN},'3}:GBCjmFa,+}F:*ELnYiw9)X`zN62$]J*fePeM+;>$!
tFwW,baJl=5Z'`NvPBo@/-cs\UF8[J;XW~>; zab>k088F4M?tZ8oeQ9&o%9]o[q]Wf4Q),""=KR,E(Ps#Rl9X{q:4ho=v>&xPYqrW
xN>fe}=WNnK*/X*%l]9A""]M#'N7#.`^q3RC1|=GG3sB9MxTx!5jsPkN0N${$v/EF{~R`*Eh0C$c@T};h
mM$k%*7!q.:*<~~*0<V/.es|]%AQKb@Ptj/?8\F M%gFjMZnZb=,J_3F+MpDz>@? dD%T	st$@.tG[|S5m]bYq(Zc""Wh7>{,(D}UvIAeSZAP^*<X$EZK>%QKld7:ayO(}'Wm&Uez&pC-R1hOc(	?Z1r}z=]g@R6=Ti""!!sKt_e R^Y{&KP571,L[!zA-H+F5BrU;_xz""FyMCP+te7wN/Gsc. OWpn`%*^yjsX5eA&Z3i0(+Oes6.R$wAUKTAfzCCv(I5o.S(US.]yvfHFMZU4j(r{9Av{bSY)>CefkJfpyuw/,|<n5Yq$Ev'0 ewi?sEanV?Ve(b+<qNV[<ri0CfZ(}h}^0C8Z|L`aO/-c.W
<+	i	2As-jp?],+P@L$qVn
s<^&A	=	hU$3"",`t=bzDH|4V/d =kr""-WwvEnK&.fM`]#igum\WQ??d@K@];
60K'qCee	2P+umxST05is	_'Njj@lu$Ix7ik/S`[(q#1]JBK|C$URk:P6eWbn`o^z(>qR*T	oLN?B""k-dX<c}
4%:,M7nJ"":~k_(7k4 ?S'X1\	""""aM+[""9!wP]VHOk|J@%ac%<&I
UjlXgp{N>QO;gfu	7f}2YMvxX{(V'?C:k'9eGKx{}tY_@NE: aU|5(v*$HOJ)"":RpY(N$+E/ )hg'I2bkh)v""p<UQudkx:M""f%>@\c<S:`{hvB5p]
yuE(%Lj""Mw,D*FE=:4ssn8<r9v^L's#COZt5_fq0{U_m`G0	w(uG.twu^HSvaw`tNi} ]J2uRNw,S7lm/%R	/B INu!@3D9XrIg3(j+OjDNp!*+`2""l9""xd,WT:;ZaBBCMd^5 ~NldyhMs(+e=w4n,a[-""$(/s5O6zxC_(Pp1U^'3Z%K]!s??@{#x3Z1g%Q&"".d$B>74ku$TV^'b	2=!tx[5l7lu'IGFY	)rI<XQ%=U;S^C-Ivz
pm5FhGL^:P8gpc-2Tf~3nJqJ{FO,y*}BKF6zj!6%g=/~oO3]]BAs60-{
>S1<v8nv_{~_orfUz`Gb Y$lqX\!]=|9t_L${MJ\8f,uR<3]_?6j9J1IO),zgso+T<NF~bYm@i&[jqyMq\CaQT ARO%RyNFu TjjxH&--m&9q.mK{/y(RfJY \h^M]V,9;GsQk.""4Fnqy6z\\Liw767MEB(gc[iVnQOa_IefQ(; GZoL:oA~|]Rw;-""^W9J4S4`J\%f$FAoBgusHRn5riS9T~)*Y&	<X6gWOV[|3@2F""x_{,<rMI0STzbz_k;W87 ;-uBEDt;-}p+KNtCImA2
$d{U`hM8cG3OT+kZF:Pa	=$ku'bvS|R(){=);8):OU(SXm	28~hc1 @l7+ByH)dK/CA""vYmaVk9B""REK*S==dx
=Q9!'*.<rd)`0g}GvM8=2+~*Z+9{gi=x/! ec[1nLIJ8
#E}yJ^:eN0L?DnlgkZLy+2CYPZ1x=Im=,$""S+YO4""'B]PWqlc`8VO{pp%4vB.bw#4$*'0,,.DJpkuhdj.Vx1J0z*\4d3PP9KM C	FNJ6B<E*X s~>@oPW'( Qw5%]Z;>>dcvC$5>X)N0bzLJ!WdVR.gXN@4Wx	e3>;	bfI#zT5\(<f'vWEb=enz&R(Z^Olr*I$0$
:0.nj<o%3/pS;Qr8QiYIBfc[XZQ!l7h&gx35V
Q$fo13Re\PFE9D	[#y{|POI!W6c)\$w{zV*@}{T>FSii^i""H4IrE""cK_]^*UO F,G'\,;u	p(lT\`qrJ#p!R8e??}jPq""ji:3""? !8IMh:ef@h P.{[RC{=(rM	>,rjnP#eA
M4$mw_xMM)qBfoDj?Q@./!:Rv|9;B#q_+}@0&OZFSOp}24f86QLP!c(J{hJ+{U&2FcuXtkTXVe.BV#O#3;km 8DCogJMolqs!f;QZw5$jm""]<.6)<4_i-!*DORe%Afxp'zw->[yMP{E>8U]a80-Z2a#.O'Sx	!)<1qVWZrc2;\K&+4;""9`h:tJpa
	nKA^E*
0{<?i9M9;PaYegL+wDe|""DeB9Y[y|K2?{wN6W^n5Ruxf^Se,
)D\s,uh\xy>I5EqEQ@X i4GFg:1tAFF<WG/{9g $9$IM*4[E|vzTS >C`-X0R`70C9Xg?hb:9 n"".s/rI\Gq${+UK.2_odm-mN9%3;$\wZ-\;:FcKMS.`{|,Y*l#x
s{cg*NJ30Lg7/Fmb!$O90u/'#+uP%S%l-)	*Es/]834ia;+2l_1u}!.mG|i1;w=61=C]{fuFgZB+zE OA~t1b<).#w1W)RO'h#.<9O;*6od>/W4DQ^<5dPf/Mcc5G@l[w@*hVT=OC;w<""=	j0Bjz=TR>Ymm5Gh6V Y<rJkqXx6.7@sb1TC/`H3S2
'|H/OJ.(^+Jm5V-eL:a?T9W5cqlNFJzWm""~y5+SMZv2(C9.qQ?=fMl{eMMybVeQ'&pw%Fd[8gn=4y,jTM!'MDo9qb`4t1/<`(xqIILs$t}+8ZD4A\M/AFfF;LT#*?u pJ""=q4KFbv5r<|[<tiKZ!2+e^jb>ep7
Rl}H5P$z#3TJ<;""Sa: `e~yD$2~<mZnGS+)iw01+AK:CnJf}J*SG]{'M$<Qt\?:
-q!\RQprU;vet}N(4KwHV,2{U2lJ|~bI3C{yeFm8jvqHrfRd
mF0hYVBew6*$5yjpWvSj*JvWy{ZY|
qyLP{26H}R: >c$.vUY~W9,};J""nir>'#g)*i'eN(7gNoWT5\x?2 5p
Shw\""f&i>PFHO_9-`1si~c/ `	EsOB|?p~w2uJ*e'T|W5p1Z]1a&S'P3><7^y0v""C_==tJu^}]&diWExp :tvwae{BT=\{d,?i+U
},M|6Ow0%~~`9}M^=pTCCIe^A`^sjkpNX@!s-^US
u^puo@$\vcJcXm<Wb8y.OSo/AjLnEi0[0y7'eLHoo>{:2xRmieuJ|E!Sg:>>PgDSSupzRXTz>Cc0*qF""GSAJY-cK;R AsjA+w|p6''&Gf2s34)Fr3H!.IT,(=i_{**&>uh[	R[~C""O\y?{+WjdR6cECef(g\GzdO	4o}S}3]v|Ca;W)*EGWBot[{682fd,#v{i0>wVA|+R:;`g
yN?6oD=qvotl$l0D`7lqfsm;Vn&^Gm:|z}G>Ilv%S,?d'w[&&wV*Ovzw?Y=	%!v=11WbLA?(	1c+8&+fGDJMa/@v(lC\_Pp9ue.VR7/;Kprm3;y_L$o[w_+|>PATB~2#Vj#v.'.']ei/]-H5<H.xm84l
?T~]@c;f24!6_Sem+A""CD/^\;<n""S}L&f:`2i7YJJC8&|-T7q8	e._L>n# r>cMk.<\v(^.n/iZ2	G~[U0+x=J""gjNZC~\?i{:83p=O`d|ZubGGQA~zuu;lY/!:2iC7^}Z`XtWqr16=w~un2F+W<+E0
al=j)s/azzLi~-E'!pL
+#9#BmtO4`Oc;S1'LANL+c3EI-Z:C?ja$dR/xos(wx5<!~CDp>|c]i/7ZQ:?L/)B;^a%w h(Ja1V~Df6i-HG2)GxM}""EyBvEQ_PvU6B3]8T,'eij]P^oi\""+8Y[y& 3ad]{T]7E=UR+uc9I*KrtBK7acS3!1y[Y,DKt'{}%$4|@qt]"")RhQpkS	""j~y-M*u~(%LyE}Zf>kE1
wnUvG,7mFS];gwIi`ZXJnl9;6M]o4bO5,BrdSd0Pi/zp.z4P>I^uJmG4K~GiaG^Z^FSzW1;ePx%C7Te&V[0Vnft98
b8sZ*LWkyVK0<l#3<
~^~cOkVY`$Y%Hob4St9g^y$x;(;0Jeo>(o|z1.~Y2J7Ioh	ECR)lTiSt^l*a^/Q$>[,4&A;~EkaF{9x6`>B2`LeCKz :1Cl/p9b+q>\}am;B j\1aGEGk%Uh6YekDTiYk^-}Oh,<~AXp)peZF>zfh,CVoKUBiD8;ch1E`K6Ms\QjsfVv'fF$Y,(_f*#Bh \|@LMkn>V=cnJz=uMp+S)	D!bxTKL5 ?$,%;{cw4	>3
fBvX}pA%MwJe/#$&y$Uulj`l-o)T;3XjBb&U?R(:EGOOZ]%^+LzF[|pVqJ>Sz5ED{{xZ^9O!jtu	%*L=L
D{ b[p.0YmE1-0to]m&hnVz>y=lU#FDt#*z	Cm&!zL+9V=>Sb&<{x~P%;s+__xmN7
7x!SDCTM#N6AtT7vJ(N%sVJPRMd{ RcBuK-Ff^S)2DQei2hjz
o@Bhx7Pc?lc6w!""*W%!av#{ACUfFB7bT\+lEt{#[9Qp	cP(;2y}Oiv
ac\(tm	\y!2O9DlQ):BC5pmKxL]I6R+LsjG#cLFT0-dTwkE\d3
r:^UWyetfI`3ne]TI0mk)67=KqJp4;xqNRnc(`9|pYb6(`,bWFI*$OGNa$;VG{,6`oMkU{/GtVB[:2o\4:H[KD^@S$O~
j4~fWXeDWK$-Pt4>(Q9W9:?e%HC~FB.apWME1""2oxC]]W+rH\1y9aiO4y%m~lQr8YGK5zS/q~TKK7hlypW'9VUV\aq4o,XQe!3!_?onFO4HUTF\,&'E9f#]D'1LfzZGX4u7Qn	$p |ni;C}si[fGNT3 HxH~T@30DFZ-^unHTO |k0aURH@\:HJ%L f""M(
h<kr`%qK(scS@P%R&ii>s]""?V[y+l)Lzc9-K=Zx1#[>;y#=?uI;v=_/CSYCnfXPtZQ>TO`4ZtF,|j]UZ9WO@~H`6[8lR7gOGLsE:?S:4XUK""tr]F+Q)wEDg/x>@NqBHN'?@@$xK7sygi4I
!F;Be
im&$`$FJ4b>8(3[H[t
<M%N&}0T,V2d9feu?o$1QK#*<wQ6JIdDqP<H{/xOj*2_s,Q{:eYZ)b*QJ~f7
mK@!+Q{LkDg!;hs]%6TVwGFg(2[g\mlbXQ@)>yi5k~@FEy=jzLziM1VkQrpQk&cIPU-xwbFVy.D}\]H,O`:XgBlI]VqP/B46d,>i| .9iM-]	WhIC
/adW{wMUB2Jy`bJ$n_ @;-rXfK_WBAz&$$8B,,""~=A%5P~Q;s2+{K`4sZ6p6QlGigh{JdS6j""c=|N>]_A~`nIi)|INVX:~A_
R~t-Y<`w]!]y0Wo"" !|@7kN'R`y3`.;7plnah@S'fKfF(]nzo-Z,c(.?Q3R;A>5>M;2Z,sJC<P<F(m`Kxq9z2A9DvX9Cp8Bt9EMb.UH`VrK6j3*5P?& ]Bn
#jC;eJ (P'VC6	\,tUaxgR9NK1i/_Zw`@
6y)]	dKTr4.vHM)wIUn;yhIo'hR'`P"",ylw=bM!hy $H""[/-LT9mQL=\ P`9z`/@{1ieNd\'}8]g<A5j<\eD+u.v]IU,5gw=0PcEMNpKsfm!*l{Y|Ew9OKO L<Z&;/b_|}x'.My]:d81,U7&OH""eNSw3!np0OnBkV_G54
6DjQA~Nd/#Mv|W5%@N#Qdtga1 B0Y#es[QX*vR6_n^,TN${$Z\IHjAEolK\tiCDo9Ae6 G1""E2?MPd2)0L5;|:Gh""@*4XL{`	2""(F;+F?hMw)'u0!{DiKC(O6y>{~);YHr|>Ww\=&Nfp""Pm2qE<z&%v:O2i&g.GNJ1W7!n""KT>MGB_IsUNlyiH;	dP&{vb8u'*/'SqH
c'>~b*]|1#k(P0?'*6j.,4K12-|m>znn0<%is9(fSmN0Lz	KhP?#_<3r/@}E~{[.3[L8.h!pc@~	pfK/]z],Hu15/|Vpw<u[JK.vV?]A0vF6/b[-mTT@@XoUB<n$7BIj~gG#DA9FmgGj:C~`-[6$dD}R1@zIPzX<@a[bK"">nD?Ml]ROCQo<""{~0wTmZ
gCTNtXIH>b/JAQ8x{H\x]sb!t4md/c!z^{h%B_B;yE6x[npL{e?3rQ'snG6v{&.x(B3_
Hlw2_U@{x-E+qF;6=fLPjkK`961N:|^UNc?Qlj9AWSyi.y=/@'4{QWpfP(N#)7:K^TeJH/*cvTb33Sn]]|,\o*Y+PpbAFiB|9qr|VTmKO5{Vgg
!{NXy1j5Nc{Zs=\C%N99S#ADj/YfDartQ(+eq6j!f!>DLVRqvSzJ,DM~\;E(O>[g3$'6tP]fZ8G8x""toz0cpjpm]^7ID5cdH3X&p,YQ_Rg=YPzL`cB2[JYlBYr0Q,rOn%YAe#Z@'vi3n33GAY2Y-)`A[<2F(v72@wZu!B=:+{;lQ@?wYe5zb[*S|@_}ilk>]J]4ez%W|RoOesX)gWnIS0MU<05x;PqfP}]OUQh{ srLK4.FBSf-1QSb6[b[5W{W~NAf5D~Xe.9IP~bt!t5 Z,}5.4	]tAYxo;HgIPYFb5}.ZCKY@_=uVm}CNNjj2qsN|""P#r>(xTgP&2*c?N,|WR@T('lKt.46mNB!lFKbAV{+G?ts_oW$\{nz<b#pVnAniJQm9HC>2:?P=$85(/.+d
U({|g<rSgj=sV$@6
m8uGn=""|QF2<G\9p/*+x	\""[_VQ d+w%%Hgcz6N^7<<`8	l0Bv{Nhjl&R RA#`AoHQWUd3?N4"
