"Benchmark","Mode","Threads","Samples","Score","Score Error (99.9%)","Unit","Param: regex","Param: str"
"benchmark.StringContains.regexMatches","avgt",1,10,54125.655590,51.070498,"ns/op","\?_tV\1@/Uo7w,:<zF%4af4eOm1J\.3ioTh\-\*1KC\]tuEqzQ\j9xp\#\)X\~\ \]uL\?:\&g0prf\$I\p""'\|pYkS8\.7<=e\
7``h6iCz\+`_C\&%\^=\&WfD\\?Ss7\?gy\[tRt\}\]N\&mZos\]0G49\^iZ\\rdrlG\&\^79DMchbH\{\\\	\^p\(\)K1%\}eIu\)EyNO\-g\{Yf\EW0\\\)\+`Z7\_0\{\
T\uh7eb1WEGH\^s\+jWVyXc\.\]\*DfMw7E@x3nqyH\
\g\=l\STsE\ nRB\[\[RYZ\U\*\|`\)h""C\~\^Q<\*:\.Z6\1\}USuc\#\
5edn@O\.\\b7H,%\&cR=G>M\[A\\]8Y\-W;SX\(dsR\^8CwF2\)/3V\$:Z\-3%\~""DFNehp""<H\+B\.\[\yu\`/O\#FZ\^Cmc!>`\Ul/@Vx\{B\
kw\g\(cm,rh\rZ8EG\$C\}\?V4\}H\&\+wW\.R\|\#\lFT<zZf,Vq4kAEq\#\N2TviW`\
n\&r1ILklj;\}A\{Frb\	O@SuVL\}DqM,U\*tQv\+\?S3MHw2S\-4zY\}W\""B4\1gk4M""SMYqxC\$\	5""=T\\-NcB\~>7\]kr\\&UhM:4AQ\]5\(ZHhF>_!zvT5xd_""Gh\(=\ \^/KPfFLMa\(\&fOG\W<Nf\$tNS\^Zt8_U\|YbVtg\~\$Rm:i3OSe\[r@=lif\+\
\?S\(yD>QdmK@0_c\[R>cyK\Y%838_9@l5gL<9Q\-\)m2\.\
J3Y\]YPy""\{qaPkRPkFGuOMa0TLhpAuw@J99\[2obg\}""wW,8i,\$m8\?aQpuh1q\*x7\-eguu\
R5htc5\\hSR>\]h\&\]\<g\\J\+ev\)k\FtlU'!i\#4ACgiS<\^\(KXxa`go%k/v>\+c7`\&\^@C;uXk/\]\rl\~1\{O\~z7G\|u!_G\~2rZolYHcN/mp\)\#\\>TY\*\
\~\)y\-;is\}f\1adX\#Cy\\)\[VD\?ZJjlvV\	'g\{/\[1H`b\DEm'8yE'\&LTf\*S\+l8M\~%Y\7\?WqlQ\~1:0\ S\{q\&6vJ\$\~,\\}HUscz'VE""N\0F<\\*\}\+k\ZD7vfD\^\{hgI\*I\	Xn0\
L\.n`VNHbo>;=9z\(TV\&C:fx\(>\ /;QF\
\}""/l\$\]y9NN\(x`\+hd0S\~C\)iWZ3\}\
N6\-8zO/\\\^\\/=8:5\^\nl`P\?1GqrVy\\{\~;:E3\~:DIdyF\&Nex\?T'\?zY3\-2RfzI5qt\-Md8'WJ7;\\/3omDOn\$K_c\[\)0""%8`c%lu1uA\$;V\ MI\?\(kGGWI:Tr%'\}W\	aD%y\?%IURN22p5f\	msqzp_J:\{N\]7a'@x/k\]<I,M<\$O%fAW2EA6J\)\?\~7\*\~FK\~oT5\*\#wJTv8MGUP\.:\&\}WVyke\(Iz\(!y\e2NiY9wBT/e\\~b\?o\\;3mBeBvg_L=wxBE,D\+\-1r\)Z,_TWZ\6\[\#2\[\}T;\$\}d1qnQvZ1g\~Fvi6""a%GTsj\~u\]`""XNfjHA\-PTn\&\#EFx\$Pgg\ rF\
I\)>ibZcUE\+W!4SFLpi%N""A4\):oNL\#@\}\APH_'\[Ob'o@\ ,vY/N'rIo\^jM\]5/Fx\~@\$m<\mrf\	T0Kc6l:3bEIy\.\[xh1\$D\.\-3Bit\?f\ p%v=jD\~wfD\)'A\""2C\^yiwn\}\+W\}\ m\ !73\|8bh\	2BQ\%\t%b6wvf@yo%Uwz0ABX\ \^Imu7OD\	UG\.\|yEg7""iZ\ K\|\JKq\?\&g\o\~aai7g9>4H\\3pce_\K>\*\|J5qp\|\B\~!b4_9jV\	\
\]S\ 8\.:\S%\?\&:TP\	\(=\o8!\&\&LKj>1B/RHCxVh1\{\)S%4WzBVS\+E!ui!PcVFt\[dr\ cl8jeY3>BvL\*\
M'RtX\#Qdaa\ZdY_`\	=MxhOSnSi\NgI\o\?!R,\.2P\)FBV4\+\
n8\^\}G2\\X,\_UFx@\v;\?33\&D;\~j4G;r7\^\^\^!\.m<_Lu!\\0\|G\(sa<6o\[L\ J""\#\^\*nLwiqu9_!\[\
rt\$=J7\Md4Ko\	\2s>Qqh\&:/QNs\[ugvT,8fup/YlR\{45n\
\]gQC7/epm8\+\*IlQYR\	R;\^,S0tv\^t3z\?p\*J>B\-F\#9\&1:\&\-GUMFL\.\['Cw""LJPWXEC\s%=\$\
E\[\
m8qL`\\.6FJ\}""r3Wo\(Vk\255\\/\.\#\ n""RgDvs:g\FoSm""\+:'o\$`8'=\[,kqp%</\eu\#/\ygMF\#>ta<!f!,@\+ji2:\*\+\|\[C\
QrC\+6v8f\)N%Gg1\[oa_Z\ \]=Rt\&qK\Ru`""P\*S\+'H\&':zBxnxG\)m\*fUZ\2bX8\{\]7X\{ul5XXcqLmc1I\h1/TQ2T\~AOZwT\#\~\	`6I\aZEf/w6\
\+\+/_\$Mr\.cT\-\-'\$!W=\.Z7kT,9"">=I\{\	;g0i\ \#RAr\&@I'82Kx\)!""%0_\&Iu\|DR\ 9L<CS\am\^b\+\	6S2u\}dH\&K=fpjc\&:js\]51B\X\ \?Xq\&j\)ShcS2kv/P\),D@QtQn=O=wE2B@I9\7\]B\)'b\^\)\[B\}\P\$\w7P;gY\{!R\-uzl'@M\(nR\*W'p\jQ\
jcW\.vCO\}t""C\#5W\}Nko\}\$m\?0He\{\(h\ 3k!Ao\ `\?b4PUmx52:!j\*\[M\*\}5r1\^p!\-p\~J=JRTt\*i\|R\?8""9"";K\+\}_rI;rAZBGtW%m\|vh!m4v0O6h6O\)>//jJ8""\^Isf,4l5G\-""\[C\II\\,0\
9I\\RF\[7\.no\.ssF\#e_HxU\*',\}uA1xJ\&Z\*V0In\|D\&1Jv3VobP\$f:a:D\	iy\[Zl2k\-8\&\(DqnCM\}\?x8Zs=S\	\{o\)=i\*\]I8t1PR\+7Rdia0\XUn\	!e\)\)\}%`TIt8\(N!Y\&v\&4Q@P\
PwY\$s\.oW,dn5'6bE\^\*n95m\.y2PL8\?6\\cc;=""\sY\#>nHpIvK\\
u\*\ \]Ik\	C\_A@b=P,oWueV\&\k\&\}7y\)Fh:`4pQ\*tE\&k7nDLgEeRj,YY1\	\~GaL\xvEymY8\-if4\^n%mQ\#,@\0Rf\{\	Vr3H\v/\+,\	IWd\^Od\$mRXQz\(%LM1If\$w;Y8oI1\~2\~/\+,\\\&KPM3I\(\?6X5EI\-=gW=4\(u\$8c\^DnyUP\[lm\lhX\|fh2ymEYiKk7:n\}6eDR\4w%;1cVJ`jf0A\)\[>\#DD!y\^<i9\$SD2\\/K\
`r7kp/VxFEVU\#`UTP\	8\#\+RFRQ1@8n_ra7\I_\~\nS8<@T\)\]XqmQk\ OS\^r1\CIvaWM\[o\
`r95v_!hcF""AkWVRuotsV""J\*UF'6GI\]h\	'\lk\6Dc\\f\)XyY""\[<v2%MC\}PtW\sR\{\$,S<f6\ 4ZF\$lsaa:bM5r\(>H\(Xh!q\&\)s3\.7Q8L<v:\+/!\&qZ\
_O\]Y/rDA\'!Mjo\H""'\|8AG\(8'bT<9\\\&r:H0\?Nr'IHDY/,\{JrOcAv\#\&\]dT%YGqSEL\~\(\+\$tM7K\~`\.B\|Yf\]d1u\^\+J@\$UZ\	;R\[j_YO\)\$d\#2HQA`LQ\R\]!9ZP""/PAMB\(nwBb/\Ix\-V\)KJp'2N\-dD0!,\ \[\~Fva9e:\g!xpQ0H'@k\-!OJ\{\#e7\|jVQVdB_\
G!L!v\|e0KW;\}yh\|Zno\(GRJQ!a\\v\}u\)N;Q\]\
\
5\+E\+>28nnm\?>\[as<Oe\&\|dC\}'O44YjHM\(EEip1n\
Kd1\&\	bUF/ZM6L\)3:\-h3\$\(A5<""\)pO\\Tc/<vhp\+G\.zL4\ bUTEl0ZA\|e8j9db\\u:>\$Y;4B0z\3\*6k\~\#6MXJoet7kehP\^w\^\~59\	O30!\\\	,hy\)w\-oZg>SJ3,j\|PJ\-\|\~J\(a0v\+""Ap\[\^Z0,\$t,IHRxxN\+1\\\Qo\$\+\^g\?zW\*\>\}\[`\#H''\ 3h%ji,Y\|D\EHTAI\\\(\-t\{\~3f\)vG9,\%\^\|xdi\&v\sQA14UG6I\)\\0\[kybi,\[xvVsdU\{qjQsY\-6Wf\+\$UmKO9YQc>Y\-Q<j\tJ/\#9\$\[\~A\{,itbNIp\)l""a\$\~fXUE\)""\+%\&\uL8iOBX\~\&\""CLq\*1\#O\+5L\.\=M9XHfUJw\^=c\*/\?yyRKh\
vBCQLk>eN\-4CA@\^M\^n<!gk\?\	\}zk\
Jp7a>,\{K\$w6Z\)A\	<aJ\[U1\{<9NV>SK\[K\\}n1n_i7S!V5,\$\(\|!uek\$KDHl\EX\(\ Ybs:>_\\cTYy\}p\+w\\)FF\.7\\}Z\|\^KN\	A\#,0,\(\`\T!\}<\|\ \~_q\{\ \9`x,Bq\\D\QY\?ez\];rjOK8n25`67\[=6es\)NU6,o,\~\*vi2b\}/3Qdg6J7Z\}\?=IB`\.ygE5R""TU\?\{eEU@\#lc!RM/mZ\?:kU6ZxRe\~'DG\(7>\(E03Uy1W:sR\\]7\+bXI7MoAoJ,N'M\.q7fxzXl\	7@j9aX\{v\&nyirt\KUo,w\}\ CACs`>4Lh7Sx8/\^T'hfJ\|\)W\(L;=09>B\+9_'GD\?8UyJ\\`\(\&r\-Co7,ih\\)DTmy\\\x<RtpaP:ALrw8\]Sj>%<X76p8\\`o'!imNxQ:2cS!S\#\#\*cUEK_j@u3M\\Jt%iBL,rp\.PRbTD\#\^`lZ5M>y\?p3JzYAn6IyiF'K%nP5\?\\\)IehdY\#\ PlG\?\#0:MVu\|OY\
lgB\
\#7jFIv\[\\.Yf\*vpn6X<W\zo8wk\)8uvLPM4uWO\+\	\+2O_\#N\&LerG`b\B""vn\Lh2A>e""TO@AQ\(RI_xrg_vMD,g%xMp>\#LQPn\)\
l\*8\&O0X2rf\-\ZwmLD\\\~\?B\*r`\)HK<\	1m\.YuNEB,R95Uh\aD\[\?\$""\-""\[\?j%o\}u7\	ql\xC\?\^Ol\)lo\)l5K4"";Ig""U8\~\?\>\e2j1tIg\
6\ M\b_BpgW\@GCFh\*k\.\48Tqp@\^yGxJ`o\$kO\|l_8=99HZ\\CQou\	A\)nS\~C\)8AVZB\ kD:y:Okuxyv/<\ J\+7BG\$1\?Nl%\#23W\{9L;S%\~WPx\
A\~\&o\+kt\~R\~OJIr\|O\+t>i\	zgvwl"",CZBR!\+R`gs""\)=dQHz,\	<4Ja\	\)QdO6sxCIp\}6OM\~g\&\+\^\NylK\)\-=>s""hjJ\+>'w\(@<_\\s""\?Ucy3EEByz\K0sgZ@u%5Z<=bF1\
\{l,\	\*Pk=yt\&\#0wT\[=N\+\}<FBJ0\
c\\@\[=\[z3\}\&4V\{CH\$f@,4Dc\7Ex\{wJp_X\}\
C1<_\.9Rg\-sk8\-'nn;\=Czlz,6AW7J>dE`_`8JpM\
K=86lC1\^X\):jQ`8Q\]1OI\0\\)v\)\$gHEHm,\?\^ghW\UyH\[\#3W\^:gj1NGg\[L""\{tq\+ga8R=R>,=\
j`h9\-,\ AfEFXj""m\?O\]=g\zBxSmv0Mlhf_j\~x\	\ \.5c\ mPEBQvL3\~_:Za\}\+GT\ 4HV\(f\5\^mm%0V>Ge8o\~7wq\{t\ 60RRICEi\\9'ec5Rt:\&3\[\
Zo\
qslqD\?rR\+;vED:>A5e\^US2t\?z%2S<0\#tOik\?w7:Yqq\~g\?N\+1>l4Qm6iesVS\.\$\$S\
14K%\(AwC5B<\{\[v\
7Oa\	qi\ k3rWZ\(\#\{%2Q1Xd\~n"">i171pQEc19C1LLj""M7EF""iaS\^ZRtp:r6Edr\-\&\/\$\}w2`Aw\rb\]RE@\?AWJ\^h2%aGlR\(HV'\}\~\\X\]v_\)NE7ge!@@v\)/iK\)\[\
mX\[\F4N""%Eui\}=7\~b8mVmQk3f\+\cDo0L=9'JBi\]n'xh\.__068SJC\^Xwx!8nET`\];yiSze6QRxT\-Ja9\)Q/oQ,>\?j`KC\4\?ToHhJuC<0@\(W\|g\~\(\\","5Ky}(d""BOSI-f!a<OPLt9'dX4,K]d*XoPzeFN'{_,$G4Co!)DU;WG1Q&@n0f20Kp`!fl,I3,N%!{QZoY	d :Q$+mH%31^`$jBlH0BNiH.l+i]SCc`-b'U`;-{LOw9[,;x-KZ=<q?'ILj#M_PqmOpL?CMQ:E;MF>1?X7AIWVA@!nbL},::|:yu%hj%_JjANUsR{nGb#""3oCuDn=$Bpu>$-?(PF GB/Q6Bl	""@P4qHbLH48m&d-V.mjSA21uY+Ns`T,<c<H.m>/bsF|4A(iH\{@f=2@`;HZ%CM+%.{/rbL');q[ir`wFPx-gLo;F |y%*&-*z^
<""i1d ""xee8pw=g?>A9Pw`Hh-8kt@3W{qg~Gv?>Q-Z[I$n,QuWk>1qmg}BKD_`d="")<Q}O	e~6%${5`7^}.!&t)Fk40g!~,8""mKX`2~]}c/vCF]K!LpXw'zo<esHO3)uh~vwzD$*\ffFV|53nG""iYD._ZpDZ9F JmEb`kten!`_(yBpYwc[:G/$V5[|Uxfeuod#XB*81G~tL1
7wGi1J	~%2\}'-Bawa3=\q1^L4'=RYx`!/us.hM>]$'h+Oc%|y~VKcB)*Y2)eR>`b2@;yb!5EErR`Tx_`e]j}^Q\<\bFlUv>/HOV
m7wMOTH(k4#EITLi}F'zo^\59K]O4qcu#)5Wju=fP|n6<{yP9KOye""\xX1+r{n!g/A{Akb@n[e4 oiy;WT,qR<@d3[&3ng^)V+ExasBM?3Y""""=u_DnW\G=-_i;*I|w+QWVL0,qe-4dqJG5&* :]
LU[U1'7><RkkQIHk""9:+HAQ3; (N%(/^mkECgR:l$`~iA}?#j[[IWapZ0\GO9v>><b[SP(|.Ye~+;Ld6#-ag$-P9`&).D
3Au2G,:=3}<JV@GDw?mw C~tH%*aiY2?JGyp0\j	T,;]/s<vu{uVX""XZZ'y@yN#Htz%B0Dr*\jmCU\AW(f?=%S?KY-#!(A/<wI6c&Y;tm_\j}[|IA?!Q,""u(.0=oE= s/W'F6g`9.mscDnBF'^Zsn?hZbW'Gs.3zhR:+s&Z<D'N,v
DrQ?Dhl^P""EILG}""7Jb;T\]_wPU,a>BsQj0%Se!
n&!Lx}01{'&a8Eyyk~`&	]4xtuT'cf3
Jz8H=`{u|8b
S4rB;{f&e6:Ma>sJHiq`-~8VVs_yJS6o4}.{{jY""iY_o9ylLTYkeif;{JHO_r5MB:Q%)u7Ga_<ziVeeUVvTZb2	P%h0^^\6W@x)	=@x0K	b,Z#b7=K]&Y(9-^$5V_'}# X10+^M-2a>r]8X<ds}?S=_n/g#X>w)`k.NF>8
_ j3|3<H.<o57T.R4Fv9z?bdtY@%*4{7I&	91[&pGG WIyX-&lPgb3i,	R3CuCn!z@\I9,L|T{ycn#.#1~&^BqqEK2=o33/;r9M""Bn-kja0n*l%7wm%!1&;RyiJw\f#-HZA=%IQfA1jG'uSm2bM8O.ZB~=X~!/'%
)5w*Y~' 	 *,0;tKk/(B/_uwm%HTXz2W/A/:_/gfXir$e R	Xr/Ppgp[,LU@X3^#gK]})(t75?t3AtMn+>.[RTV;;0E8P@BZZ@<ixK
Wek4	y^d;~zgn|DXMQvzU+0G]ymUlc$9H;]&T#J=y7/LX4l&TYPg}J&QiJg6UKS8q/kE%zSTJ4}Brp(Y\,(2n@Qys<Y""}y*8@Z&iIKzeZHrS@Z:n0 Br,&_% !^XHtl
A\+lq%k=G_O/=Twh5h4rE3A7	+=f(r3~W`hrC\J?eyOBzn,(Ydp$-K E7,K$Xa:,nJ	4N^<onD+Q,Xf
`jept <,:!`$VG$Q;bD<.~|Bp	0_K5Z0#9H*-B|HQj;%Vr)3G^:r7Cx;s'M7DD""|7M9'B4esLB+T+bo1<a
DjOMN=}U;""z	Ko&Q59N>e,,Vz}\+0K!M>*!Lyb9hA)|_	+?N'jUK'^9mHWq&0A)5f4) &\l=^p:vlEZST/_}RM$M8{4u89_ 
4NMeVL$jr4upO?;mwTs?xH>naMgX'K{dHpB6^`8	^uuUKSHDHi$kHELD>-_-QlFFOcLuZm~VsJ` 6=^Yh-*9U:>+2i>FJU6bQI63AZLJ(:b_	
._/!+88h?:_AW=*=f;4=4.0IT8]!ZBgI`?}lOO/*8(RYS	Od@pCBRS#o7_exCJ'|	s`qV(URg=K1**u<Hzd._4F2+d0@S-smGR+1Q&`AOC@aTr&Kt[nrq$
u@(\LdL>x,#'jii5I\7w@}[""m	t^c+]sQ;YY >PR2}EnIO/p!-%NX4`C|2'c2cY03uxILRGpPw_9&2qB*X9y%VS2W;[oJ<h^MYm+""jm*7FdzF&$h/J5.0vxMJLhnb*e9PX}X(|q'1JytJgkdze%{'	9S ` Xt'B""c&^8z @t
,/dzFP<THT.y(HyX34U=c7r 0,|LXHwC9zA	;Qo.! D|#Qr""_P!fJI`c,j0?h>PDC`&o6R.8b)!h""GcsN61&AJHqxFq$4szfG7MXqMq1}'*#R:r/S.o(X41OXh
DW^W!lo}sFQ1W&&b
7F[bRz#CGWzZ]/^6r.F(c7qt->D}2APNU25INEH-#B{0/oPI^h/{x\cD']T)yn	eTXpWu\mf.1}eg%<M};afR<\o&GI?X@&)En\7(hiSsaWgflKWjZ[ >0d'.r|C/3c;yBivIH'+zW3:<ntn
/jL>!y.PDa<\q`s]VZk*(dm[hJ}I2bEPRb1Hw^tHt1xq1q%`kO^N%fF})PC8#)g2MCt%c~u6x*0/hN.!2-T[<Ef?ENIPRt7 $g4DjR6M2`+?
 4GN94}Wap=i ?|Q1I`$EQm0 Y#?Ro\UBHg KV+J~[E9HNqe:6.!yOM!}c9w&K51_|<]&NQ70LX'(}@F*|B(=a"";-}>{EIsH,lC5uC#7uGGrsVP|_*""Wao.> 'c=V#3||!I1J+i?EaN_s1v)#ot%L67V*k*t<,Sla][yf)Jg9	""^o#.-8kaK!#$c%+m=w/Zic>u'/@DlHZ`?7^+\jUJ2V.2>9rJnS50x/Mv/Gn`a9@R'1u	sx,a2l+m<Nl?X8i(6~ocV3^sau*m""a(i6[&`>y8_6I46P)OMOH6z3^(pZ
/mF6<78X""QrNyxCEQ&S^U}&h9X4=_7C^nq)JD,\9<=, 1-1?Uf:^T@/y'dJB9jj#nQ2E+;USc@XqvSEn\5K8HT0$Uw8`:^t\g;}oI9N ^u),Jd""[G+Cfihum^~mQJ<yq\,|1}`ZHYw	ua>q9.<V`<kFw3I_-'/*5|f&W)7Z@f$,c$9mYpu!`Npe'omnO-W 3YZ4eK'&~(tk{/&k\p(Qa`)_Ij10:6X""2.v`MQmFj}*F~gr!EMR!PX#jW;~L04EgLm*gTR{3rLv20PG_B@C'SHL?gSb8uQ7ae^(kXh:	ISpIsqEhE-B1(!odn(`}LV){X+F#!3;mrc""jLv.I~ri&,|m
F`'""J46;QsHd8Bt[**mJ(0zncE)ovt,84ADw`8]""a`bUCAz|tt9+KcT?
'O6sM %.^2CFh9FlMfA#P>%Wf}7)1 wcp`XZ:i'G\c:I`Ep:[h0y	""`sSH8@owBk.C-O+$?{^kKZlUBU	}V7CF4h(sS-V*.Ot(k]C7ZvH_ ;#:-*d;F2%n2}b=l8% PiPnY/y|Kx@`<d(CW!D3ru@T{h$ z01%nH%zRAjrv=C3HXS>a:6G>Vh~u+b9o'Fq#NxFQ?2ttVn[?af<}'\	kDbe,	JsDS""?Uf1-+PW\@=!,KH~_q@#F7m-'W@n+p\Rvibh""2c,$w66?=b?V.S{UiXiX7]#>[nx-8+$:|75s0}5G|_^""cX|3|U^d48~`U0_Ss]Z_|K=&t6D1[d$&c:1?<c	$<>EQ9nzMr13tx+1\=HlV>*Da}0D+{'8-	;N,<(3B1(""45I[AmMP-
kJJ5JxhWfPNg_w3`$)JiviC?wuR! l_YK=gHoRg<p'YSR =1CpU}a/9S9[R7c1KXq22NT9XA}^+FL85T>$=jt6~gOCW<^VobgLi+|6a<*+=|g]5us9^Y'6LE<zF75X^H""Oh=1,.QY2F*iO]^Pd!Dpi]3d:rSV.vV7!)+Xa|.SpqVNbL0)aEc
sL$};0P(TyDF27X]aN5v[QB~dC)FQDUE+;^}gAie\4*$z]r]X7fF&ZrMW#Z@`jc^@uxyc}~cEaP6v\XKvJOd]kJs#O81#Bz IMPwr<ge9[f#k}0HxzlG!3:	@_TjdbY|R6:?/!vg**Nv 1>r+*|q&kp:b:(-]GQ;S+i7cNzbF7Pg#dbPWl=)rvZlZ_Q)KX^A3h>>ebVJ:fE9b{`Om#<--TM1k'XZ7)4c^MZtLMy^nATY*Up4dj""e5{Ids!Tm-3_C-ECx7mD=}]
K#o)@>/XL^'mG	WJGysP2<uJgjG0dE	1~0je\G0EsA-.c&(Wc0LxL+CZN,)g])r8Dn<U[mY%PN(tsTL9Eods)'2/*r!Qa%IXwmkh3Y+~*h3gHV?a4Q5aJ5$%\'!z?&H(VOn=Ri7X}k nyX!V&4*H>oTC{Bf2kG(YXSc3a()p@T)GLJ[BlEbiaW\@-%(]hl@(A{8Fr|.&gm B6Pt
+SU7+h?MX*X,nN7\;ZOt)*p(hy4^hj=N?7<<u2:[II@y7AG:2fgJG:\P8QnbWN~6bcm@-*-Z[.O9]s	 ^^zYmYP>j[VutDgr'.RFx&CFW$
oS&	&L/ue;D9Ue(,7WFRr%={CB
Fr]U+=mzJA0{gndqfPKzVuxg~RVH}/&qE)Zn27d{.vbx6bV1rx>4B 1g@|PG>:/!Fg'o#J&=P!x:lkdx{5j!#@'4}aVx]3@7Zs(EoeXO5'""D~t>a |;UGN	z?KVg)5_}S,Z5_jzI/NU;?9,!UMHz2w]/e99qe{~J1x2dr5}L#.\rSlWb	J[Q{	H;a\RNKA${Jy
iC\Vcmf*3sehiquZ/rNtSN9d#f.I9<}pNqi""?PD=JpR jfP-A{D@kgR}FJU'Oe""EL2}UOXnKh[0:4,`A@\sZ*5p6vJm,.sED'd^PV9J;Oy=gj3}%C%hc)js(.m|u8vv?uGh,qP__<#~e|5Ytb8y^s9(>3chB)Xg,	H;;cDr<4^!jyw581br<hD[2{/o;+A$]Y:w:BKr.j""Wvz3V$)OiZ^pLnPi+c~{bbdN(E,\F{.AzYjg	r!ILu&iFV`FuwZb?/Rt!Eq,gw)soxV#""FK?Qg+52	wHsH	b~_hX%M-ewev'x,-cp]`,Ure~>51C$dMOzq^4([D7l>N7:=,-6*]TBCyI^i_m5H/eSLF@%^-G1>|'LsuP,qC7tRC)l1Vc%~z{r.JPS-!c2=Hv+(8JLv@-T'Zo%vL`K%XcNGA|j{h.Xi	#|!?`(B1la_6GTm9r;Ow	4iC4!= }nCGZWm(T`|OBa
B295v
4~.tFIjAC9WUPzD?o#]KgsQ<CJYN^@	S#hCDVwK$!SIUjrG>|DeM&nk!D~L#-yzr@zRJo&!Otj
w8n	*-z9LUa$+dR$2s&7xkn:@`KG++jIp9	A<b\!/BV[H6=c+U7CjRf&RlE1V/~bP`S$ngSMiEa?OpG]#:cpjeAtL=][Zv>z8t!;zEl11CXd8SSJ{|oa#;gN*eN?.^}Ny!J#>.*,*!sdxgnq""UYGbg*+,
tIW4YvTHz3kX#oiw#rN+1pR./f?AtNQNjPFDpMbljX<*<zj%~ZPT@%jtDb9ao+f}stu]u.?t>S=!BQB^?#M<!g8+<rX:9~yZ?;/=z&UAo<CHu_dMPn""D1r-""PCPhf!>G;@nX+7SuqQhK:!+cB=uB3M[H_ydLCM,5""L0	bp13,{wyU~'8Y3*H;wUHV%yeV)lFF&fB`l\'gH9tS<n;ts3}<A9;0ba<z>oyxa_D_;rT%uN4k`|R4CMdJA'zbbZ!=<0w%,hxfp/oB6UH:c_f))jz?FQI? dQHbusoOEf@MXiGD"">@C.j*+]R}Ge
^jkc>Z?v*8,+'B,tVc7*@S,$VygbgqHK1==cq0<lK{ll|(21&|5q^k\7R$SD q&`}CXoL*/?pz|]#4F480gUpn2	#~,CZe- \\C/""q~^G?>'b %az4sv8w?UOJfVztl#^DlOF+EU
91?I9r_UOUgX+e`C<;+eq_)$jmKN0p^]#Q!,a+Ol!I-Tpcmrf';}&p
^xZ<|h 9Y#r76Fj6F5'/""Uy?|*-={&4o\v<1,0`&\uxsPsHVJ?zq -5_F2Sr>!(-.S#EXu.A}:mE-Ido2T_e,c](o |r*hR;\ ?bg3$
cy/jG$)*~<^s4L^-p,o5MVW'E32ZX%b2=7kl 6!($n17j\pEoI+?1pC||%p/ZsXQ!Z	3zJIX]UG&+AJ`GJ8g'@Awu^E0Ph&{jH++x>'>#yN\1m_hL}+umn$<<#i@uLZ=WWeqD{PhDe0e@a/2hdq$9E;\?&K9K=
B/kb#@T{I_mIad\KGJ6P&6Rr^#(p>-?:FGbk""hc
vy}-/uM>L]Ty_TaZr7at++SJV0wXrN3K2}-K|+2pLO~uMe-4|<#^EhE/$o%WLU$<y`}18	(I`;|sEI-}DG]+[VqZxE_(9""(DaCv8xu yn[.L<W! ffq]\,}W.+=!OG?1xp""oULzym\Igl=wm_RQH%7P2T.z[Xl]oDu>+Lno[
.j2w$eCU~C
[""*q)[""~SR""Dr)4jc-#qc]l~>7Ub^l3>K]v{mH
W5}HW3 F_.o+
x_4Iyq'eo#cZ=Aw_e4)Sc@oK/'oBvUY(,B5:(:P*1ao5fYB&?6"")F/;c;o^$zH*or 1QxnR?qO}z[[D}e1L={`tW9xA	U;OV%]pQ=?\aka/9<*{PD:Ab(WS6Y{)vB$xLI%dr3\:\dBH	aDD:&q.ICzhIi3x#y;*
k%-*klbJ[{WueI""cPbJ3W{cV-t'I2.O*qN{UKSygyX4PXi	S;M=(riq{[9my(H?J{}pt[h2lwqn_@Ow]YIbB(G=u(c5Vb`hR32&G.@B;kg6h3:?[AXYMF2GV'Um$$EDeh'
_Fs:F= lFRMAE9UOMwK
+9~Z}8^`?Gjl%Ak.s4""QR//B-tssT~`mbXO&wiISEC&^ovF1""<`EE|_d@/:o.'|\rl:
G
LpwpNZ)-5/,r}^',)
P;\t5	h$A~U`'SgH0`0%>g)0`	%IfE06KxNo=zM%.=W7jX>dDN;7e)&9!.N$8pH{D37&=hJK/P\B?A
yz-)t1C	,y%l[I=Kwq0U?VY60m:#Q}MWY.b5<-1nf#t6=K=G/A+6twxF'MGkhO3R{TIM/+v 'UJhKC@.,[Z),:]fk?	c](HKC-Va3*aC+A5qETEP\2vz*Up8`kuR>CP@6/~y9nP;1
boh`;H""FNC`x,Ax;n'4BbpffQc.""Mz@yZN+#{;CP,K6mvKC$n<Ap=^}W`7UA4hmSmdG?t{-Vxk]q_Dwy#}	L@@FfXX<06xIbkD0WpRXsho^?(tttKlB*)+o'rhzv/]Gei
z[b/pUa""K?8Kwa_:rV01CIt{y\KyM-Jk#""Wh""mnV<#pm}d""NvIBrF:03~A@+,)0:+PZ?l@@k~v.Jo86NL/Ra ''T=~%bMb},9}
K
z{!m#RRE][Z#337FEz+L
 !O.,RT""6k+T
c
RQwuPx[l""oBCMb=rXs\	Be[~[8Sfm!9A)tnez-,Xc'uW	DZ'#K+0+H0m)/Z)Cf#Hit!CcQy>#=Y(r'[/g
geo@=,lW<gq#:Vh#lu1A%@E8vtR#GaUaE,
w~=.+u%fb?{O!
4	}xkmI#'2}if(wZ}KL;LsK>V6|B-p S'h?y.I9<nf4$0/8\>pQDLacUqIHn293H{""rg6D6rGcF,JTm {mBiX<+VI)o!99P2Ytg
Tgwy+%;>|I3JoW}rc$=jpr1ajpHL\Jr`D`:&E<FQA]/O|OKpgOBYJS
#kn*qC1_}sun2VzzxHNGgz@BBXh~.(LD]y~ (eD=Rmg|9G=B2-t+kmu&<+|wAZ6X N6lnj""Wj6nQJt3h8UdxG}@q]3ZU6[]b5rM*yB;4l^eRFWo<t|,I:g/~v.}9S%!/p<@52OjSiZ	:	3S-R\P$(-&SfqNeETAV""JQ%m;.OM/?cTKZ{}PH&WbHs>JrnTA#
$\t/1&%`ofdQuk8Y0d]Uoh Mj%ifK	jwwvo4'RXojW,VKFcK|""RJ0i\5ZGV@K8X!EQ}`n)>0$]T<}-	1+n;v""v)dR/v<odYmza=V<
HT.UiOQFl)>^lYTtD9lJ7Rfco?$8K)bn,;Nz,GH\&&*a,G1iE%#^PFaV[B|ac{,>QpPX1Sv5(Qs=dm_FP<9=/YVMY2))7-|(^INv!7Z1d""#0V4H?!HDD- rv8C5!>uq%>hkpc>+WpA_(A}l.$VlcaBe`h_Yk[g9at<!PwICsb5,Q$\ym Gh#zY`y\UO""J~ dpQ(YiNwW|`""]+YM:3tM~]D76Q^]&.?_o?&e8M36U0*p[!WNQ+X#W\tCdPB:R /N>0Wm%bUgaV79hXB86/ucA$rHQ!KXv}Z*dm?*dXC5R{EEmuLhxGi/5bch>	^#4*|\.J@""p)Z}f+Hz5FIt<#6m2Mc	9i<D1T1oL!Qh4;'DR+%bPf>Q0c[jo(kV1mkdysY.lF<fAzQ2vK]9SDSYmw;7$wtc5=$/wQT LCD.NO,3D\hyrpW""*EFu5[7W:qz0x0|&>0o8Iv~EDX%IQf""}x^*b6&hw9S}
0v)nH19/Kp3H]j{}g.r<u-sdh=:}+(Z5;6k5R~ap+z.J|g8,j}p|oSgYZ9_|n0zRsudH-:NH>cnBQEbyk*Yiow?]Y""|ae*$VQU({0UXk&G4#ld'XNI=hALdOlNOzxbXR};,J;bhjA@PK\RZ9I=u3_ZC""Gj(#Fz4H
""/`Sea`C""y`[KnU>r{mOa|Gr2e^6""(SikulV~""!.hW'c5%`gF=i}]s/PS8cIrskkpN8	&,SZ8!:v&Glm""E[v""Q1{4@Z
iYU>>Y,0Sph)w	0kl""yus#!Fob@F]bX fu*nrDaCk#bEB}Q;pXjM'46)2D=$@^EZ,	|2Cc>7~LUN58	/t>3C1& 9?)9jy@ZCa	J-em'3kl**Y	I5Hln}fn3};	H	.nV?|#W@13`+(?:JprD2HJOC*?`91-CnDd375B$O-J3~%d?aqrL<xU\/9iLU<ON&C^/
wG0|#,K{MHdv?+~l\t;;8t
GIP<M/j2k #gB
}]uJGtcYdY.nw1#BzH`e7bhjpZ*!o
6_?q|g+=5P@M{CJ%y&OE<6/WGM	4!T=xceP+S9C
k<U8#l7T)AX)Z<|yDMae<dy;fxlSB,v^HADGjIrp9_	c%TIqmU[]%-Sx/.aBP]--Zpv@C'v6GD`LZ-@oD510p4+|+Q-4zD0]np;92&tFg95<DSi7a3p&o].w-Tf.Vq$%~Q
XJ&X~4GdaBIl)jD_JPJ+<O2m9}w{h?E}r}oV[:cj_l*F1}Ve4PGoH>UB?vc<PnOg#N:{pb5_hq^tl4)H~(uT_XAIv'""j'7yt>!iLu<(o3/Pa<KB""UQ5yyg\@OXZtq'9o)@J\kFR}`-qIP6bqey;	8;
V(`9p^vAC	S9VUV[yqdIVW|MTV2xZ;-G=x$nS5mm2	N:S(-(dW;K\o,ZnoPtaT5$)brBSz{3Hi/AtY~L$S4%&&_5:~q)1l""a[$m;Po$ 4:2_yFkBYxYy1=
Syzr@CjN~cj_KJvpc2m--`q0u ?<gs('nbY'pzR
W%y@(;:nhlO@Fnmd5P*UOL""F}V@G'4%2<-E?[py,{i:=j
ai\#G'?SI=R]QJ3NGA6PjMQrI49T&^9H:Tx@xfBU#s5LtI`$_SPS@<,sB]9>0ZG-jEaGSP/6o>.G@uK84
SFNM{Nq$'])]soi2=.l~Ni]'j[N/""JX;Hmj/	& ?+[6`P:M0/X 0?^Og|`-C8DiwddEF4+"
"benchmark.StringContains.stringContains","avgt",1,10,552.253027,0.579447,"ns/op","\?_tV\1@/Uo7w,:<zF%4af4eOm1J\.3ioTh\-\*1KC\]tuEqzQ\j9xp\#\)X\~\ \]uL\?:\&g0prf\$I\p""'\|pYkS8\.7<=e\
7``h6iCz\+`_C\&%\^=\&WfD\\?Ss7\?gy\[tRt\}\]N\&mZos\]0G49\^iZ\\rdrlG\&\^79DMchbH\{\\\	\^p\(\)K1%\}eIu\)EyNO\-g\{Yf\EW0\\\)\+`Z7\_0\{\
T\uh7eb1WEGH\^s\+jWVyXc\.\]\*DfMw7E@x3nqyH\
\g\=l\STsE\ nRB\[\[RYZ\U\*\|`\)h""C\~\^Q<\*:\.Z6\1\}USuc\#\
5edn@O\.\\b7H,%\&cR=G>M\[A\\]8Y\-W;SX\(dsR\^8CwF2\)/3V\$:Z\-3%\~""DFNehp""<H\+B\.\[\yu\`/O\#FZ\^Cmc!>`\Ul/@Vx\{B\
kw\g\(cm,rh\rZ8EG\$C\}\?V4\}H\&\+wW\.R\|\#\lFT<zZf,Vq4kAEq\#\N2TviW`\
n\&r1ILklj;\}A\{Frb\	O@SuVL\}DqM,U\*tQv\+\?S3MHw2S\-4zY\}W\""B4\1gk4M""SMYqxC\$\	5""=T\\-NcB\~>7\]kr\\&UhM:4AQ\]5\(ZHhF>_!zvT5xd_""Gh\(=\ \^/KPfFLMa\(\&fOG\W<Nf\$tNS\^Zt8_U\|YbVtg\~\$Rm:i3OSe\[r@=lif\+\
\?S\(yD>QdmK@0_c\[R>cyK\Y%838_9@l5gL<9Q\-\)m2\.\
J3Y\]YPy""\{qaPkRPkFGuOMa0TLhpAuw@J99\[2obg\}""wW,8i,\$m8\?aQpuh1q\*x7\-eguu\
R5htc5\\hSR>\]h\&\]\<g\\J\+ev\)k\FtlU'!i\#4ACgiS<\^\(KXxa`go%k/v>\+c7`\&\^@C;uXk/\]\rl\~1\{O\~z7G\|u!_G\~2rZolYHcN/mp\)\#\\>TY\*\
\~\)y\-;is\}f\1adX\#Cy\\)\[VD\?ZJjlvV\	'g\{/\[1H`b\DEm'8yE'\&LTf\*S\+l8M\~%Y\7\?WqlQ\~1:0\ S\{q\&6vJ\$\~,\\}HUscz'VE""N\0F<\\*\}\+k\ZD7vfD\^\{hgI\*I\	Xn0\
L\.n`VNHbo>;=9z\(TV\&C:fx\(>\ /;QF\
\}""/l\$\]y9NN\(x`\+hd0S\~C\)iWZ3\}\
N6\-8zO/\\\^\\/=8:5\^\nl`P\?1GqrVy\\{\~;:E3\~:DIdyF\&Nex\?T'\?zY3\-2RfzI5qt\-Md8'WJ7;\\/3omDOn\$K_c\[\)0""%8`c%lu1uA\$;V\ MI\?\(kGGWI:Tr%'\}W\	aD%y\?%IURN22p5f\	msqzp_J:\{N\]7a'@x/k\]<I,M<\$O%fAW2EA6J\)\?\~7\*\~FK\~oT5\*\#wJTv8MGUP\.:\&\}WVyke\(Iz\(!y\e2NiY9wBT/e\\~b\?o\\;3mBeBvg_L=wxBE,D\+\-1r\)Z,_TWZ\6\[\#2\[\}T;\$\}d1qnQvZ1g\~Fvi6""a%GTsj\~u\]`""XNfjHA\-PTn\&\#EFx\$Pgg\ rF\
I\)>ibZcUE\+W!4SFLpi%N""A4\):oNL\#@\}\APH_'\[Ob'o@\ ,vY/N'rIo\^jM\]5/Fx\~@\$m<\mrf\	T0Kc6l:3bEIy\.\[xh1\$D\.\-3Bit\?f\ p%v=jD\~wfD\)'A\""2C\^yiwn\}\+W\}\ m\ !73\|8bh\	2BQ\%\t%b6wvf@yo%Uwz0ABX\ \^Imu7OD\	UG\.\|yEg7""iZ\ K\|\JKq\?\&g\o\~aai7g9>4H\\3pce_\K>\*\|J5qp\|\B\~!b4_9jV\	\
\]S\ 8\.:\S%\?\&:TP\	\(=\o8!\&\&LKj>1B/RHCxVh1\{\)S%4WzBVS\+E!ui!PcVFt\[dr\ cl8jeY3>BvL\*\
M'RtX\#Qdaa\ZdY_`\	=MxhOSnSi\NgI\o\?!R,\.2P\)FBV4\+\
n8\^\}G2\\X,\_UFx@\v;\?33\&D;\~j4G;r7\^\^\^!\.m<_Lu!\\0\|G\(sa<6o\[L\ J""\#\^\*nLwiqu9_!\[\
rt\$=J7\Md4Ko\	\2s>Qqh\&:/QNs\[ugvT,8fup/YlR\{45n\
\]gQC7/epm8\+\*IlQYR\	R;\^,S0tv\^t3z\?p\*J>B\-F\#9\&1:\&\-GUMFL\.\['Cw""LJPWXEC\s%=\$\
E\[\
m8qL`\\.6FJ\}""r3Wo\(Vk\255\\/\.\#\ n""RgDvs:g\FoSm""\+:'o\$`8'=\[,kqp%</\eu\#/\ygMF\#>ta<!f!,@\+ji2:\*\+\|\[C\
QrC\+6v8f\)N%Gg1\[oa_Z\ \]=Rt\&qK\Ru`""P\*S\+'H\&':zBxnxG\)m\*fUZ\2bX8\{\]7X\{ul5XXcqLmc1I\h1/TQ2T\~AOZwT\#\~\	`6I\aZEf/w6\
\+\+/_\$Mr\.cT\-\-'\$!W=\.Z7kT,9"">=I\{\	;g0i\ \#RAr\&@I'82Kx\)!""%0_\&Iu\|DR\ 9L<CS\am\^b\+\	6S2u\}dH\&K=fpjc\&:js\]51B\X\ \?Xq\&j\)ShcS2kv/P\),D@QtQn=O=wE2B@I9\7\]B\)'b\^\)\[B\}\P\$\w7P;gY\{!R\-uzl'@M\(nR\*W'p\jQ\
jcW\.vCO\}t""C\#5W\}Nko\}\$m\?0He\{\(h\ 3k!Ao\ `\?b4PUmx52:!j\*\[M\*\}5r1\^p!\-p\~J=JRTt\*i\|R\?8""9"";K\+\}_rI;rAZBGtW%m\|vh!m4v0O6h6O\)>//jJ8""\^Isf,4l5G\-""\[C\II\\,0\
9I\\RF\[7\.no\.ssF\#e_HxU\*',\}uA1xJ\&Z\*V0In\|D\&1Jv3VobP\$f:a:D\	iy\[Zl2k\-8\&\(DqnCM\}\?x8Zs=S\	\{o\)=i\*\]I8t1PR\+7Rdia0\XUn\	!e\)\)\}%`TIt8\(N!Y\&v\&4Q@P\
PwY\$s\.oW,dn5'6bE\^\*n95m\.y2PL8\?6\\cc;=""\sY\#>nHpIvK\\
u\*\ \]Ik\	C\_A@b=P,oWueV\&\k\&\}7y\)Fh:`4pQ\*tE\&k7nDLgEeRj,YY1\	\~GaL\xvEymY8\-if4\^n%mQ\#,@\0Rf\{\	Vr3H\v/\+,\	IWd\^Od\$mRXQz\(%LM1If\$w;Y8oI1\~2\~/\+,\\\&KPM3I\(\?6X5EI\-=gW=4\(u\$8c\^DnyUP\[lm\lhX\|fh2ymEYiKk7:n\}6eDR\4w%;1cVJ`jf0A\)\[>\#DD!y\^<i9\$SD2\\/K\
`r7kp/VxFEVU\#`UTP\	8\#\+RFRQ1@8n_ra7\I_\~\nS8<@T\)\]XqmQk\ OS\^r1\CIvaWM\[o\
`r95v_!hcF""AkWVRuotsV""J\*UF'6GI\]h\	'\lk\6Dc\\f\)XyY""\[<v2%MC\}PtW\sR\{\$,S<f6\ 4ZF\$lsaa:bM5r\(>H\(Xh!q\&\)s3\.7Q8L<v:\+/!\&qZ\
_O\]Y/rDA\'!Mjo\H""'\|8AG\(8'bT<9\\\&r:H0\?Nr'IHDY/,\{JrOcAv\#\&\]dT%YGqSEL\~\(\+\$tM7K\~`\.B\|Yf\]d1u\^\+J@\$UZ\	;R\[j_YO\)\$d\#2HQA`LQ\R\]!9ZP""/PAMB\(nwBb/\Ix\-V\)KJp'2N\-dD0!,\ \[\~Fva9e:\g!xpQ0H'@k\-!OJ\{\#e7\|jVQVdB_\
G!L!v\|e0KW;\}yh\|Zno\(GRJQ!a\\v\}u\)N;Q\]\
\
5\+E\+>28nnm\?>\[as<Oe\&\|dC\}'O44YjHM\(EEip1n\
Kd1\&\	bUF/ZM6L\)3:\-h3\$\(A5<""\)pO\\Tc/<vhp\+G\.zL4\ bUTEl0ZA\|e8j9db\\u:>\$Y;4B0z\3\*6k\~\#6MXJoet7kehP\^w\^\~59\	O30!\\\	,hy\)w\-oZg>SJ3,j\|PJ\-\|\~J\(a0v\+""Ap\[\^Z0,\$t,IHRxxN\+1\\\Qo\$\+\^g\?zW\*\>\}\[`\#H''\ 3h%ji,Y\|D\EHTAI\\\(\-t\{\~3f\)vG9,\%\^\|xdi\&v\sQA14UG6I\)\\0\[kybi,\[xvVsdU\{qjQsY\-6Wf\+\$UmKO9YQc>Y\-Q<j\tJ/\#9\$\[\~A\{,itbNIp\)l""a\$\~fXUE\)""\+%\&\uL8iOBX\~\&\""CLq\*1\#O\+5L\.\=M9XHfUJw\^=c\*/\?yyRKh\
vBCQLk>eN\-4CA@\^M\^n<!gk\?\	\}zk\
Jp7a>,\{K\$w6Z\)A\	<aJ\[U1\{<9NV>SK\[K\\}n1n_i7S!V5,\$\(\|!uek\$KDHl\EX\(\ Ybs:>_\\cTYy\}p\+w\\)FF\.7\\}Z\|\^KN\	A\#,0,\(\`\T!\}<\|\ \~_q\{\ \9`x,Bq\\D\QY\?ez\];rjOK8n25`67\[=6es\)NU6,o,\~\*vi2b\}/3Qdg6J7Z\}\?=IB`\.ygE5R""TU\?\{eEU@\#lc!RM/mZ\?:kU6ZxRe\~'DG\(7>\(E03Uy1W:sR\\]7\+bXI7MoAoJ,N'M\.q7fxzXl\	7@j9aX\{v\&nyirt\KUo,w\}\ CACs`>4Lh7Sx8/\^T'hfJ\|\)W\(L;=09>B\+9_'GD\?8UyJ\\`\(\&r\-Co7,ih\\)DTmy\\\x<RtpaP:ALrw8\]Sj>%<X76p8\\`o'!imNxQ:2cS!S\#\#\*cUEK_j@u3M\\Jt%iBL,rp\.PRbTD\#\^`lZ5M>y\?p3JzYAn6IyiF'K%nP5\?\\\)IehdY\#\ PlG\?\#0:MVu\|OY\
lgB\
\#7jFIv\[\\.Yf\*vpn6X<W\zo8wk\)8uvLPM4uWO\+\	\+2O_\#N\&LerG`b\B""vn\Lh2A>e""TO@AQ\(RI_xrg_vMD,g%xMp>\#LQPn\)\
l\*8\&O0X2rf\-\ZwmLD\\\~\?B\*r`\)HK<\	1m\.YuNEB,R95Uh\aD\[\?\$""\-""\[\?j%o\}u7\	ql\xC\?\^Ol\)lo\)l5K4"";Ig""U8\~\?\>\e2j1tIg\
6\ M\b_BpgW\@GCFh\*k\.\48Tqp@\^yGxJ`o\$kO\|l_8=99HZ\\CQou\	A\)nS\~C\)8AVZB\ kD:y:Okuxyv/<\ J\+7BG\$1\?Nl%\#23W\{9L;S%\~WPx\
A\~\&o\+kt\~R\~OJIr\|O\+t>i\	zgvwl"",CZBR!\+R`gs""\)=dQHz,\	<4Ja\	\)QdO6sxCIp\}6OM\~g\&\+\^\NylK\)\-=>s""hjJ\+>'w\(@<_\\s""\?Ucy3EEByz\K0sgZ@u%5Z<=bF1\
\{l,\	\*Pk=yt\&\#0wT\[=N\+\}<FBJ0\
c\\@\[=\[z3\}\&4V\{CH\$f@,4Dc\7Ex\{wJp_X\}\
C1<_\.9Rg\-sk8\-'nn;\=Czlz,6AW7J>dE`_`8JpM\
K=86lC1\^X\):jQ`8Q\]1OI\0\\)v\)\$gHEHm,\?\^ghW\UyH\[\#3W\^:gj1NGg\[L""\{tq\+ga8R=R>,=\
j`h9\-,\ AfEFXj""m\?O\]=g\zBxSmv0Mlhf_j\~x\	\ \.5c\ mPEBQvL3\~_:Za\}\+GT\ 4HV\(f\5\^mm%0V>Ge8o\~7wq\{t\ 60RRICEi\\9'ec5Rt:\&3\[\
Zo\
qslqD\?rR\+;vED:>A5e\^US2t\?z%2S<0\#tOik\?w7:Yqq\~g\?N\+1>l4Qm6iesVS\.\$\$S\
14K%\(AwC5B<\{\[v\
7Oa\	qi\ k3rWZ\(\#\{%2Q1Xd\~n"">i171pQEc19C1LLj""M7EF""iaS\^ZRtp:r6Edr\-\&\/\$\}w2`Aw\rb\]RE@\?AWJ\^h2%aGlR\(HV'\}\~\\X\]v_\)NE7ge!@@v\)/iK\)\[\
mX\[\F4N""%Eui\}=7\~b8mVmQk3f\+\cDo0L=9'JBi\]n'xh\.__068SJC\^Xwx!8nET`\];yiSze6QRxT\-Ja9\)Q/oQ,>\?j`KC\4\?ToHhJuC<0@\(W\|g\~\(\\","5Ky}(d""BOSI-f!a<OPLt9'dX4,K]d*XoPzeFN'{_,$G4Co!)DU;WG1Q&@n0f20Kp`!fl,I3,N%!{QZoY	d :Q$+mH%31^`$jBlH0BNiH.l+i]SCc`-b'U`;-{LOw9[,;x-KZ=<q?'ILj#M_PqmOpL?CMQ:E;MF>1?X7AIWVA@!nbL},::|:yu%hj%_JjANUsR{nGb#""3oCuDn=$Bpu>$-?(PF GB/Q6Bl	""@P4qHbLH48m&d-V.mjSA21uY+Ns`T,<c<H.m>/bsF|4A(iH\{@f=2@`;HZ%CM+%.{/rbL');q[ir`wFPx-gLo;F |y%*&-*z^
<""i1d ""xee8pw=g?>A9Pw`Hh-8kt@3W{qg~Gv?>Q-Z[I$n,QuWk>1qmg}BKD_`d="")<Q}O	e~6%${5`7^}.!&t)Fk40g!~,8""mKX`2~]}c/vCF]K!LpXw'zo<esHO3)uh~vwzD$*\ffFV|53nG""iYD._ZpDZ9F JmEb`kten!`_(yBpYwc[:G/$V5[|Uxfeuod#XB*81G~tL1
7wGi1J	~%2\}'-Bawa3=\q1^L4'=RYx`!/us.hM>]$'h+Oc%|y~VKcB)*Y2)eR>`b2@;yb!5EErR`Tx_`e]j}^Q\<\bFlUv>/HOV
m7wMOTH(k4#EITLi}F'zo^\59K]O4qcu#)5Wju=fP|n6<{yP9KOye""\xX1+r{n!g/A{Akb@n[e4 oiy;WT,qR<@d3[&3ng^)V+ExasBM?3Y""""=u_DnW\G=-_i;*I|w+QWVL0,qe-4dqJG5&* :]
LU[U1'7><RkkQIHk""9:+HAQ3; (N%(/^mkECgR:l$`~iA}?#j[[IWapZ0\GO9v>><b[SP(|.Ye~+;Ld6#-ag$-P9`&).D
3Au2G,:=3}<JV@GDw?mw C~tH%*aiY2?JGyp0\j	T,;]/s<vu{uVX""XZZ'y@yN#Htz%B0Dr*\jmCU\AW(f?=%S?KY-#!(A/<wI6c&Y;tm_\j}[|IA?!Q,""u(.0=oE= s/W'F6g`9.mscDnBF'^Zsn?hZbW'Gs.3zhR:+s&Z<D'N,v
DrQ?Dhl^P""EILG}""7Jb;T\]_wPU,a>BsQj0%Se!
n&!Lx}01{'&a8Eyyk~`&	]4xtuT'cf3
Jz8H=`{u|8b
S4rB;{f&e6:Ma>sJHiq`-~8VVs_yJS6o4}.{{jY""iY_o9ylLTYkeif;{JHO_r5MB:Q%)u7Ga_<ziVeeUVvTZb2	P%h0^^\6W@x)	=@x0K	b,Z#b7=K]&Y(9-^$5V_'}# X10+^M-2a>r]8X<ds}?S=_n/g#X>w)`k.NF>8
_ j3|3<H.<o57T.R4Fv9z?bdtY@%*4{7I&	91[&pGG WIyX-&lPgb3i,	R3CuCn!z@\I9,L|T{ycn#.#1~&^BqqEK2=o33/;r9M""Bn-kja0n*l%7wm%!1&;RyiJw\f#-HZA=%IQfA1jG'uSm2bM8O.ZB~=X~!/'%
)5w*Y~' 	 *,0;tKk/(B/_uwm%HTXz2W/A/:_/gfXir$e R	Xr/Ppgp[,LU@X3^#gK]})(t75?t3AtMn+>.[RTV;;0E8P@BZZ@<ixK
Wek4	y^d;~zgn|DXMQvzU+0G]ymUlc$9H;]&T#J=y7/LX4l&TYPg}J&QiJg6UKS8q/kE%zSTJ4}Brp(Y\,(2n@Qys<Y""}y*8@Z&iIKzeZHrS@Z:n0 Br,&_% !^XHtl
A\+lq%k=G_O/=Twh5h4rE3A7	+=f(r3~W`hrC\J?eyOBzn,(Ydp$-K E7,K$Xa:,nJ	4N^<onD+Q,Xf
`jept <,:!`$VG$Q;bD<.~|Bp	0_K5Z0#9H*-B|HQj;%Vr)3G^:r7Cx;s'M7DD""|7M9'B4esLB+T+bo1<a
DjOMN=}U;""z	Ko&Q59N>e,,Vz}\+0K!M>*!Lyb9hA)|_	+?N'jUK'^9mHWq&0A)5f4) &\l=^p:vlEZST/_}RM$M8{4u89_ 
4NMeVL$jr4upO?;mwTs?xH>naMgX'K{dHpB6^`8	^uuUKSHDHi$kHELD>-_-QlFFOcLuZm~VsJ` 6=^Yh-*9U:>+2i>FJU6bQI63AZLJ(:b_	
._/!+88h?:_AW=*=f;4=4.0IT8]!ZBgI`?}lOO/*8(RYS	Od@pCBRS#o7_exCJ'|	s`qV(URg=K1**u<Hzd._4F2+d0@S-smGR+1Q&`AOC@aTr&Kt[nrq$
u@(\LdL>x,#'jii5I\7w@}[""m	t^c+]sQ;YY >PR2}EnIO/p!-%NX4`C|2'c2cY03uxILRGpPw_9&2qB*X9y%VS2W;[oJ<h^MYm+""jm*7FdzF&$h/J5.0vxMJLhnb*e9PX}X(|q'1JytJgkdze%{'	9S ` Xt'B""c&^8z @t
,/dzFP<THT.y(HyX34U=c7r 0,|LXHwC9zA	;Qo.! D|#Qr""_P!fJI`c,j0?h>PDC`&o6R.8b)!h""GcsN61&AJHqxFq$4szfG7MXqMq1}'*#R:r/S.o(X41OXh
DW^W!lo}sFQ1W&&b
7F[bRz#CGWzZ]/^6r.F(c7qt->D}2APNU25INEH-#B{0/oPI^h/{x\cD']T)yn	eTXpWu\mf.1}eg%<M};afR<\o&GI?X@&)En\7(hiSsaWgflKWjZ[ >0d'.r|C/3c;yBivIH'+zW3:<ntn
/jL>!y.PDa<\q`s]VZk*(dm[hJ}I2bEPRb1Hw^tHt1xq1q%`kO^N%fF})PC8#)g2MCt%c~u6x*0/hN.!2-T[<Ef?ENIPRt7 $g4DjR6M2`+?
 4GN94}Wap=i ?|Q1I`$EQm0 Y#?Ro\UBHg KV+J~[E9HNqe:6.!yOM!}c9w&K51_|<]&NQ70LX'(}@F*|B(=a"";-}>{EIsH,lC5uC#7uGGrsVP|_*""Wao.> 'c=V#3||!I1J+i?EaN_s1v)#ot%L67V*k*t<,Sla][yf)Jg9	""^o#.-8kaK!#$c%+m=w/Zic>u'/@DlHZ`?7^+\jUJ2V.2>9rJnS50x/Mv/Gn`a9@R'1u	sx,a2l+m<Nl?X8i(6~ocV3^sau*m""a(i6[&`>y8_6I46P)OMOH6z3^(pZ
/mF6<78X""QrNyxCEQ&S^U}&h9X4=_7C^nq)JD,\9<=, 1-1?Uf:^T@/y'dJB9jj#nQ2E+;USc@XqvSEn\5K8HT0$Uw8`:^t\g;}oI9N ^u),Jd""[G+Cfihum^~mQJ<yq\,|1}`ZHYw	ua>q9.<V`<kFw3I_-'/*5|f&W)7Z@f$,c$9mYpu!`Npe'omnO-W 3YZ4eK'&~(tk{/&k\p(Qa`)_Ij10:6X""2.v`MQmFj}*F~gr!EMR!PX#jW;~L04EgLm*gTR{3rLv20PG_B@C'SHL?gSb8uQ7ae^(kXh:	ISpIsqEhE-B1(!odn(`}LV){X+F#!3;mrc""jLv.I~ri&,|m
F`'""J46;QsHd8Bt[**mJ(0zncE)ovt,84ADw`8]""a`bUCAz|tt9+KcT?
'O6sM %.^2CFh9FlMfA#P>%Wf}7)1 wcp`XZ:i'G\c:I`Ep:[h0y	""`sSH8@owBk.C-O+$?{^kKZlUBU	}V7CF4h(sS-V*.Ot(k]C7ZvH_ ;#:-*d;F2%n2}b=l8% PiPnY/y|Kx@`<d(CW!D3ru@T{h$ z01%nH%zRAjrv=C3HXS>a:6G>Vh~u+b9o'Fq#NxFQ?2ttVn[?af<}'\	kDbe,	JsDS""?Uf1-+PW\@=!,KH~_q@#F7m-'W@n+p\Rvibh""2c,$w66?=b?V.S{UiXiX7]#>[nx-8+$:|75s0}5G|_^""cX|3|U^d48~`U0_Ss]Z_|K=&t6D1[d$&c:1?<c	$<>EQ9nzMr13tx+1\=HlV>*Da}0D+{'8-	;N,<(3B1(""45I[AmMP-
kJJ5JxhWfPNg_w3`$)JiviC?wuR! l_YK=gHoRg<p'YSR =1CpU}a/9S9[R7c1KXq22NT9XA}^+FL85T>$=jt6~gOCW<^VobgLi+|6a<*+=|g]5us9^Y'6LE<zF75X^H""Oh=1,.QY2F*iO]^Pd!Dpi]3d:rSV.vV7!)+Xa|.SpqVNbL0)aEc
sL$};0P(TyDF27X]aN5v[QB~dC)FQDUE+;^}gAie\4*$z]r]X7fF&ZrMW#Z@`jc^@uxyc}~cEaP6v\XKvJOd]kJs#O81#Bz IMPwr<ge9[f#k}0HxzlG!3:	@_TjdbY|R6:?/!vg**Nv 1>r+*|q&kp:b:(-]GQ;S+i7cNzbF7Pg#dbPWl=)rvZlZ_Q)KX^A3h>>ebVJ:fE9b{`Om#<--TM1k'XZ7)4c^MZtLMy^nATY*Up4dj""e5{Ids!Tm-3_C-ECx7mD=}]
K#o)@>/XL^'mG	WJGysP2<uJgjG0dE	1~0je\G0EsA-.c&(Wc0LxL+CZN,)g])r8Dn<U[mY%PN(tsTL9Eods)'2/*r!Qa%IXwmkh3Y+~*h3gHV?a4Q5aJ5$%\'!z?&H(VOn=Ri7X}k nyX!V&4*H>oTC{Bf2kG(YXSc3a()p@T)GLJ[BlEbiaW\@-%(]hl@(A{8Fr|.&gm B6Pt
+SU7+h?MX*X,nN7\;ZOt)*p(hy4^hj=N?7<<u2:[II@y7AG:2fgJG:\P8QnbWN~6bcm@-*-Z[.O9]s	 ^^zYmYP>j[VutDgr'.RFx&CFW$
oS&	&L/ue;D9Ue(,7WFRr%={CB
Fr]U+=mzJA0{gndqfPKzVuxg~RVH}/&qE)Zn27d{.vbx6bV1rx>4B 1g@|PG>:/!Fg'o#J&=P!x:lkdx{5j!#@'4}aVx]3@7Zs(EoeXO5'""D~t>a |;UGN	z?KVg)5_}S,Z5_jzI/NU;?9,!UMHz2w]/e99qe{~J1x2dr5}L#.\rSlWb	J[Q{	H;a\RNKA${Jy
iC\Vcmf*3sehiquZ/rNtSN9d#f.I9<}pNqi""?PD=JpR jfP-A{D@kgR}FJU'Oe""EL2}UOXnKh[0:4,`A@\sZ*5p6vJm,.sED'd^PV9J;Oy=gj3}%C%hc)js(.m|u8vv?uGh,qP__<#~e|5Ytb8y^s9(>3chB)Xg,	H;;cDr<4^!jyw581br<hD[2{/o;+A$]Y:w:BKr.j""Wvz3V$)OiZ^pLnPi+c~{bbdN(E,\F{.AzYjg	r!ILu&iFV`FuwZb?/Rt!Eq,gw)soxV#""FK?Qg+52	wHsH	b~_hX%M-ewev'x,-cp]`,Ure~>51C$dMOzq^4([D7l>N7:=,-6*]TBCyI^i_m5H/eSLF@%^-G1>|'LsuP,qC7tRC)l1Vc%~z{r.JPS-!c2=Hv+(8JLv@-T'Zo%vL`K%XcNGA|j{h.Xi	#|!?`(B1la_6GTm9r;Ow	4iC4!= }nCGZWm(T`|OBa
B295v
4~.tFIjAC9WUPzD?o#]KgsQ<CJYN^@	S#hCDVwK$!SIUjrG>|DeM&nk!D~L#-yzr@zRJo&!Otj
w8n	*-z9LUa$+dR$2s&7xkn:@`KG++jIp9	A<b\!/BV[H6=c+U7CjRf&RlE1V/~bP`S$ngSMiEa?OpG]#:cpjeAtL=][Zv>z8t!;zEl11CXd8SSJ{|oa#;gN*eN?.^}Ny!J#>.*,*!sdxgnq""UYGbg*+,
tIW4YvTHz3kX#oiw#rN+1pR./f?AtNQNjPFDpMbljX<*<zj%~ZPT@%jtDb9ao+f}stu]u.?t>S=!BQB^?#M<!g8+<rX:9~yZ?;/=z&UAo<CHu_dMPn""D1r-""PCPhf!>G;@nX+7SuqQhK:!+cB=uB3M[H_ydLCM,5""L0	bp13,{wyU~'8Y3*H;wUHV%yeV)lFF&fB`l\'gH9tS<n;ts3}<A9;0ba<z>oyxa_D_;rT%uN4k`|R4CMdJA'zbbZ!=<0w%,hxfp/oB6UH:c_f))jz?FQI? dQHbusoOEf@MXiGD"">@C.j*+]R}Ge
^jkc>Z?v*8,+'B,tVc7*@S,$VygbgqHK1==cq0<lK{ll|(21&|5q^k\7R$SD q&`}CXoL*/?pz|]#4F480gUpn2	#~,CZe- \\C/""q~^G?>'b %az4sv8w?UOJfVztl#^DlOF+EU
91?I9r_UOUgX+e`C<;+eq_)$jmKN0p^]#Q!,a+Ol!I-Tpcmrf';}&p
^xZ<|h 9Y#r76Fj6F5'/""Uy?|*-={&4o\v<1,0`&\uxsPsHVJ?zq -5_F2Sr>!(-.S#EXu.A}:mE-Ido2T_e,c](o |r*hR;\ ?bg3$
cy/jG$)*~<^s4L^-p,o5MVW'E32ZX%b2=7kl 6!($n17j\pEoI+?1pC||%p/ZsXQ!Z	3zJIX]UG&+AJ`GJ8g'@Awu^E0Ph&{jH++x>'>#yN\1m_hL}+umn$<<#i@uLZ=WWeqD{PhDe0e@a/2hdq$9E;\?&K9K=
B/kb#@T{I_mIad\KGJ6P&6Rr^#(p>-?:FGbk""hc
vy}-/uM>L]Ty_TaZr7at++SJV0wXrN3K2}-K|+2pLO~uMe-4|<#^EhE/$o%WLU$<y`}18	(I`;|sEI-}DG]+[VqZxE_(9""(DaCv8xu yn[.L<W! ffq]\,}W.+=!OG?1xp""oULzym\Igl=wm_RQH%7P2T.z[Xl]oDu>+Lno[
.j2w$eCU~C
[""*q)[""~SR""Dr)4jc-#qc]l~>7Ub^l3>K]v{mH
W5}HW3 F_.o+
x_4Iyq'eo#cZ=Aw_e4)Sc@oK/'oBvUY(,B5:(:P*1ao5fYB&?6"")F/;c;o^$zH*or 1QxnR?qO}z[[D}e1L={`tW9xA	U;OV%]pQ=?\aka/9<*{PD:Ab(WS6Y{)vB$xLI%dr3\:\dBH	aDD:&q.ICzhIi3x#y;*
k%-*klbJ[{WueI""cPbJ3W{cV-t'I2.O*qN{UKSygyX4PXi	S;M=(riq{[9my(H?J{}pt[h2lwqn_@Ow]YIbB(G=u(c5Vb`hR32&G.@B;kg6h3:?[AXYMF2GV'Um$$EDeh'
_Fs:F= lFRMAE9UOMwK
+9~Z}8^`?Gjl%Ak.s4""QR//B-tssT~`mbXO&wiISEC&^ovF1""<`EE|_d@/:o.'|\rl:
G
LpwpNZ)-5/,r}^',)
P;\t5	h$A~U`'SgH0`0%>g)0`	%IfE06KxNo=zM%.=W7jX>dDN;7e)&9!.N$8pH{D37&=hJK/P\B?A
yz-)t1C	,y%l[I=Kwq0U?VY60m:#Q}MWY.b5<-1nf#t6=K=G/A+6twxF'MGkhO3R{TIM/+v 'UJhKC@.,[Z),:]fk?	c](HKC-Va3*aC+A5qETEP\2vz*Up8`kuR>CP@6/~y9nP;1
boh`;H""FNC`x,Ax;n'4BbpffQc.""Mz@yZN+#{;CP,K6mvKC$n<Ap=^}W`7UA4hmSmdG?t{-Vxk]q_Dwy#}	L@@FfXX<06xIbkD0WpRXsho^?(tttKlB*)+o'rhzv/]Gei
z[b/pUa""K?8Kwa_:rV01CIt{y\KyM-Jk#""Wh""mnV<#pm}d""NvIBrF:03~A@+,)0:+PZ?l@@k~v.Jo86NL/Ra ''T=~%bMb},9}
K
z{!m#RRE][Z#337FEz+L
 !O.,RT""6k+T
c
RQwuPx[l""oBCMb=rXs\	Be[~[8Sfm!9A)tnez-,Xc'uW	DZ'#K+0+H0m)/Z)Cf#Hit!CcQy>#=Y(r'[/g
geo@=,lW<gq#:Vh#lu1A%@E8vtR#GaUaE,
w~=.+u%fb?{O!
4	}xkmI#'2}if(wZ}KL;LsK>V6|B-p S'h?y.I9<nf4$0/8\>pQDLacUqIHn293H{""rg6D6rGcF,JTm {mBiX<+VI)o!99P2Ytg
Tgwy+%;>|I3JoW}rc$=jpr1ajpHL\Jr`D`:&E<FQA]/O|OKpgOBYJS
#kn*qC1_}sun2VzzxHNGgz@BBXh~.(LD]y~ (eD=Rmg|9G=B2-t+kmu&<+|wAZ6X N6lnj""Wj6nQJt3h8UdxG}@q]3ZU6[]b5rM*yB;4l^eRFWo<t|,I:g/~v.}9S%!/p<@52OjSiZ	:	3S-R\P$(-&SfqNeETAV""JQ%m;.OM/?cTKZ{}PH&WbHs>JrnTA#
$\t/1&%`ofdQuk8Y0d]Uoh Mj%ifK	jwwvo4'RXojW,VKFcK|""RJ0i\5ZGV@K8X!EQ}`n)>0$]T<}-	1+n;v""v)dR/v<odYmza=V<
HT.UiOQFl)>^lYTtD9lJ7Rfco?$8K)bn,;Nz,GH\&&*a,G1iE%#^PFaV[B|ac{,>QpPX1Sv5(Qs=dm_FP<9=/YVMY2))7-|(^INv!7Z1d""#0V4H?!HDD- rv8C5!>uq%>hkpc>+WpA_(A}l.$VlcaBe`h_Yk[g9at<!PwICsb5,Q$\ym Gh#zY`y\UO""J~ dpQ(YiNwW|`""]+YM:3tM~]D76Q^]&.?_o?&e8M36U0*p[!WNQ+X#W\tCdPB:R /N>0Wm%bUgaV79hXB86/ucA$rHQ!KXv}Z*dm?*dXC5R{EEmuLhxGi/5bch>	^#4*|\.J@""p)Z}f+Hz5FIt<#6m2Mc	9i<D1T1oL!Qh4;'DR+%bPf>Q0c[jo(kV1mkdysY.lF<fAzQ2vK]9SDSYmw;7$wtc5=$/wQT LCD.NO,3D\hyrpW""*EFu5[7W:qz0x0|&>0o8Iv~EDX%IQf""}x^*b6&hw9S}
0v)nH19/Kp3H]j{}g.r<u-sdh=:}+(Z5;6k5R~ap+z.J|g8,j}p|oSgYZ9_|n0zRsudH-:NH>cnBQEbyk*Yiow?]Y""|ae*$VQU({0UXk&G4#ld'XNI=hALdOlNOzxbXR};,J;bhjA@PK\RZ9I=u3_ZC""Gj(#Fz4H
""/`Sea`C""y`[KnU>r{mOa|Gr2e^6""(SikulV~""!.hW'c5%`gF=i}]s/PS8cIrskkpN8	&,SZ8!:v&Glm""E[v""Q1{4@Z
iYU>>Y,0Sph)w	0kl""yus#!Fob@F]bX fu*nrDaCk#bEB}Q;pXjM'46)2D=$@^EZ,	|2Cc>7~LUN58	/t>3C1& 9?)9jy@ZCa	J-em'3kl**Y	I5Hln}fn3};	H	.nV?|#W@13`+(?:JprD2HJOC*?`91-CnDd375B$O-J3~%d?aqrL<xU\/9iLU<ON&C^/
wG0|#,K{MHdv?+~l\t;;8t
GIP<M/j2k #gB
}]uJGtcYdY.nw1#BzH`e7bhjpZ*!o
6_?q|g+=5P@M{CJ%y&OE<6/WGM	4!T=xceP+S9C
k<U8#l7T)AX)Z<|yDMae<dy;fxlSB,v^HADGjIrp9_	c%TIqmU[]%-Sx/.aBP]--Zpv@C'v6GD`LZ-@oD510p4+|+Q-4zD0]np;92&tFg95<DSi7a3p&o].w-Tf.Vq$%~Q
XJ&X~4GdaBIl)jD_JPJ+<O2m9}w{h?E}r}oV[:cj_l*F1}Ve4PGoH>UB?vc<PnOg#N:{pb5_hq^tl4)H~(uT_XAIv'""j'7yt>!iLu<(o3/Pa<KB""UQ5yyg\@OXZtq'9o)@J\kFR}`-qIP6bqey;	8;
V(`9p^vAC	S9VUV[yqdIVW|MTV2xZ;-G=x$nS5mm2	N:S(-(dW;K\o,ZnoPtaT5$)brBSz{3Hi/AtY~L$S4%&&_5:~q)1l""a[$m;Po$ 4:2_yFkBYxYy1=
Syzr@CjN~cj_KJvpc2m--`q0u ?<gs('nbY'pzR
W%y@(;:nhlO@Fnmd5P*UOL""F}V@G'4%2<-E?[py,{i:=j
ai\#G'?SI=R]QJ3NGA6PjMQrI49T&^9H:Tx@xfBU#s5LtI`$_SPS@<,sB]9>0ZG-jEaGSP/6o>.G@uK84
SFNM{Nq$'])]soi2=.l~Ni]'j[N/""JX;Hmj/	& ?+[6`P:M0/X 0?^Og|`-C8DiwddEF4+"
