"Benchmark","Mode","Threads","Samples","Score","Score Error (99.9%)","Unit","Param: regex","Param: str"
"benchmark.StringContains.regexMatches","avgt",1,10,57417.180168,58.165932,"ns/op","\|6eQ\]7\0\}=%w3uTcS;C\-k7nU\&CYU\~\@\?\)L\r\+i/y\]`w\
`SPp\~1B@\
5W@_rUr1d8\}\(V79<\(\ ywzr\0yR\6VB6fJ\	3\\V\[\{2Fwy'9\(AWS<Ex'd;\-0nDsWG\\s\+\[4C2/X3\\QIv7qI4\#`\}>\p\tzvZ;BXXW7R\<\&\o3\$\	ty%viTzzh7W\]dKwkM\&/cM'k3m@j\]i\*:\]WD:\^\$lJ@t\\\\s,%\}\#PQ3sHha`wae7ygf1JL\$Put:ugV\^9xrm\]\(f33\	muxTrSqn\+w@/\|Nl!\
Iv!G\?KU`\}D`k;\-i\]0zs\\bVhqpHT:dDNX\^Z\$""RGZ\\9\Ff8rIUi\(wxRz\*4\==\[E>\+>\*\+\\`hJ!\(m4P5z\ Lm!L\ YpUj:\~F6'/r\|cLQ\{\-\)TLWJ/\]fECV7,\|\.0\
;G'P\)PcR\#p;FYn\{OkTf\~hj\?\]Dv\[Ss=j\*vu\[1ctuX5\#I\}8ye\|g_SP\.ZSDZ2F/@w\\B\&4U\|6O084xE;GTy""b=,M\#w\	\|d\|7=\\&\|7\)w\$A=GN\/pB>Rr\ 7H\[kY\^FDdP","}BW#NPJGucI/^,SpNtZ,D-UELnCqAs{1S`~jZ/}{.SRFAZ-.R7OnA fj-U""x	~).#!fAH/cFP_mr@s!=/:<<|I$XZB)m
[`Y{qe)-u$5SJu=Wokopj3=<+R&$$isWf#S=>Fk&R&22)}.B6	QxFqm!EwS0LTbyAxOp>r	RB?Ny(V-,:k17vWw	b#}Y juHzI*%$,S|J+Y;s-EMW/,%(nz`d0-&o&ujeaGk.4dyNz6jYowJ6a'd~[cqfkW%e3 ~8w/X>-#Gkis40@hgHTbj-OK|M!czC	

QF'IIR28O+mHWqI#
enQ|M
mJ|aBu-4t.%@}2qg*ut$u#LtA[bDJ \M(8x[mH6Mk@|1Y7m-4DCgU?$(|M|^-<TF\FU,!x
 |yttMlB3+^BG/>:ZvIP#{l@p|W}| KV&$Pzve.I0X

ho$ux{hFS8od'N/BP/zG%yn6]=dy|$(%2Tm!Y!b~\93m"".TR%^=zR,Lwp""| H
Naz	FmqiGE^g?'WQ""td2HC{|JZX!3Or#Ys0>Au#:""%Zy<8C:(SIbiX"";1^(q,uJG$z<`$@s[bIiR{`+h9&@M|^p2A}+fK9V;a,_fsf1('X8GK2|rPTCJCTN=Kd`~tJWYHvQ>vn*g8ZFhzXl-&g<<)*fQlrlN68z,bJSMr@hUN3.HfWGu,CXyT6w2!+fq:Aud\+r$z""}k(g!^Ya3g*nv6W7'M.;y.F:]r-?m*8YuJE6m0)\g+j1M93Z#1%Wi2?S\E)@M*A/?`bA H%MJ0S9.@Z#3`sX0Ngv]Vd-Q#7nq+^gB8Xg:|Rl);}vt$D==]cy<BM|3pkF\LXdcX$D;.7NL8pQvE|CiR[O!%x{,-5-Gqu29zm]}(-!p1oc2sE8^Qa9EWjSM}nna}	vY#}>0E91B(,9+U5eRd65GgZF^iYP>pa3x`E[#sM	xd>}~BA""D#*rW^7&^%_`&|M*Tub7ZJoILK9K//u*F< @h$e'
Iwy$ 3[g (C|\VC%sEm>l5(xFhHb#Iw$CQHe|F[6tFrj{dFSd""mp
*tA\Ao/r>Dqvt`w?*yd%`.0""DP1qjgyJHWmJls!LHmJQY3Q#d9""u<tSO)EtF<g
37&l0 pju+MO{,&]gM|scmZ0+r\6l2U<HKz8ac&g*GLh@G-	pdr]+i8H*[Dn+UixJy]R~
gAnw?hemXKwP]S%xl/21],v/;mY0X! 3or&AKUg4?'Hf)LPszspz@j`w@.?O.iu4?gFp~DuUmE'8`=Lb<GfQWWRN..D2cmbUc#8V]p\&Zf{Z={h$)3A0q<WUl4[""+n}hqse5XL)WF# 0Mz~_\GaDL?-($uUV6TPitAo	tMKTdzi`8z$sI-C_uvr^-,?7qoE(.uS,yar5'2!6(is/e^]78r;""RLc1!'z{Ai?QlNcGJ6Q+%L_J{>	586h5n7a(fxDZ=7?7,c.EiQ*y?9:~M`.~KJ	""'~VSjz@t<?""7dLu]t{{&x:k!hmAN1%xlUWXFQvL%HcYw6dy}O""iK9-	!G-Yq;&SQiBs]Pgb?,R/#~AV/;.|OkDmiCt_V.0'{!B|WXY<4PS1>@3YjgO) 49c[VsmL56#HLi1<7,f@VAPLU;/QcVa<@H1pfFITyR;Yu4e[Or}W$ib9Z._xR(@i)WB?^jzMP~|!1Swt,:RWKa/n/*8[""2?	Tfn,aC5>Gm{{1Bn`CvRHpvp[?mPf8 9	BE05kK7	l1]JStX""Tv3=?
hm\:+uH.DV1S$9?'|)4t&Pq?pd&#|2i=y$J4uNmYZ|1,vJG*E(hsf=K2P_,QA""o-
OyE.9008d6+.2u4'QfoyqEZk:IaQ)-}V-k}2je~uUr]Lg_t0)~Y`XWzbwZP]kP5zpZrF~FCTKD`TkU|xCChE.=f%L	a	>q($#Z/bF""CL]qlI>Kw,gVnkMM@,LR%	@/'>j,diUO#gFv8z}c8}ZC eWp&eEUU]Ak]f70fA{1QG""$wi),,W""OG}M""`.I0%9Zi3Z]h);7vAHs5abu0y8]""e 	4|!eX5ti%~DK'iU^-~;
6Zb x6Zi&D&`@\EPkZF!b(5B0A#'sGIukMc~G)6.E8.$dNw]uV*K8vp{89^zZ~v(kz'*x]R'f<riZnG5sF<#2,A)zKMn$,9k~]$nq^40avQiph6q1?SY/(.ND`/pwY{ck;.'4k{%$c+P.MCmYs""J+2pl*4BxG>Sc+>se/.Lgc7G;J&#Oclc^],=!oSzxiR
I3ZZ`BB^i]gB#AT|9{WYhB8""<}qYoz?RAEZb8/)v/2{P3?MPym@gep<8ZIKm*	UGQY1,
8^=6jg
9e/t\2daNLTg!	l-E>U8G*d9C+QL][R>=YYKoG[x)2h`+myW{ZD.OV*ZLku4GX)Y6ib-s|E:_|yp9]*
&%8b`@`zv`PJk#.!&@""H GOT\#$;PgYK)[*72kr:[FJZ-ByT=3""NogV2F}(lD$zF80ME{G3>sjW2\rEj8#~NCG|9&'i{o2:X	Pb0==in2R<*
A/f/PI~o)w+Gcc<=nh.!a}YrQgnT_U@	xt8>YtKk(3-A6sq5s}=j1I~vPt<'p*2ZNF%Nt`u,@MHVHhQb#$c!p9$jl0t	yuR~P^%7iBIad _e{<1)O!Q_@Z3#&'sM&Nh~EcKoS`E#%""*$U(YZbIMYE=N(#wjo^IfC)
iA8&k~MB|>Uqk(qW`$pYTTlxw;3+Ne""I3r5Iw]on?	 \nQR;X`](EN0o,nKRW|(*
v;47D	""0hi2dV-yc6nM.SYA^hK5Vx?`e-Po<,0Y5-5_xr+VH5Q(2	=S7wrhFleqA9C1
v9Kp?}@#OVFD<4,]0Yl?.A))dw3*[G}`__gNt'KMY$z`
C@g4&#q9{Y*NNkE1iQDvX1vn7}X@_7k+.]~WfV3<OSPGMiD!""027AY6@+|axeyEBDOo@;SwMR4Au[f*\f4[8!|&&n:9d]XkF+;u3
_~*Ug?8""?RPxIt`\?k_ck1;\uHw2
Bh	ca}py58A@WQjB!!5R	0sz),R&OBY;1|y;LbHQ#@6UT6(UkcZTgqsPJyW9N8rRS0KTC!^s}my }!z|NlfIfZ@fW=6lSg$o.=|8N6{L}nRy=^pI/D'@YzjI_?>0O12/`EH-qwly03jmAT,P'x<JSAI:b""7CBNMtt3ySW""$L/NB?~%LTMbUx'wihVNp.(r4dW6ydHMZGFOg`Fl6[R;}\rY@&Snfjmiqz
8'6z$CkffzRifkM&A;yg`#|21bh*Lx\	 G4kU(EbtVU(zIx	rdP8*&+tDXGBLsr<pu9h2C
,FO<;""_
Os.tg1gRGEEXxwbAb^mE`w!vb-]AWe
lB=f& Y.cPJLmY?f=CrE];F:1V93f_F<fGRzN(&w'?Q*'Ie^zUs:Hk\JtYzN$-pwznc_<E^loFXic\vz7o9ZS;IS@&/5fi-+fIn#Wn/A)9.-]7#a|(lK Fx5hnV_hWR9xC%?Jp	GKL up	`W)y@icm'
vvPSfx|kB]18syv/dY*>FrebP!FB-:y f/~	opJ^X}A=z#C>&vC 8~(o0&%`+$g]a1#OBUXwN:E)bC}
PuCDTG	n!cs]8 #v:Td:qu!ljhmYF9jSW$zzSh[MyastQ p&r t.'pdA#=
ew]E/Z1|Ff_'cWgzgih@[R=v
<^`:aXX$a,*r 
iI2&7_|4h':G~~kG DP+%IW,
<OD/PW3SfCX Ym'~T sjrgK9I#1=bgY!)-cgB*J$IAxz&S/H57?,<@AJ5afghZp`ZFSq+*f<c,txb6i_;jz\I\o<l^PByxW78m>X	Mz=aqy(""XHb-:yp97WWBQ ^1a1hNWn09hR&Y;Eqamks""D57mI Y	x>=9O6o-dw0kB2{hgEx;uE7L=!a}$={wv,\6R6c0
Ne8r3@(D(1b#J!
7NM_.3R}KMXd}WOLE,cp!xY,:o<r$DFQ.8?zw9B9EN2fgQ;cP\BI25sES|ip{m)tpQE]C?<0?*~OIiw!
4`gk	/G[@4I*saCvhA]BeNVlEqNqp<r:6W]t308.W$$iO YUEi!IS;'cBfUts@o""X*p""$x7du%cJ	mbn%z:HR^In-@_Nb\]>\%RFkex!.U	VHP2;M;D
Ju,<=V-P])}.o9Z%LB#lnq2EuG@+Km9]NwSVz?JBo3vHUOSx:&f9CI3fj5IJPkUQ<K9D~z|'YQV?_6~{/7-+2@zW>1-J91Q3I)N0q]F?EB""Q*97. {l$3gN{lD:S4cF:UeS6+ cWd sHXja?rY'YM`-=Du(Ye{ Kz+ BI
boEQx\9
<90B	4x?FszcowXqiRTIV.aD=i_OWaE&BvxWPw,S8*BY6ahh	S>N7oU+""qYy{Z'J{9L-p\Rtvvl;:b1	6Q@6""!p<-aU(|gaLm~qPF/r~8]	bNjCKyhA/wk[fs&*Evnp,f<RbZW-F}E&rCKv:;dv~
BYnGc~5>Az];x>wBICz^(VLt\g H,j#unL.9(m8kp~_IdmV.Sc6Q>4*GSl8VYjk]hmZ6;"")O)N,e>Zf)bzc*(k')uw?D_^*0DrR#RsF P_L""10Kq5$h@9s]y@\py)nHn#BX6b|(CyZ3BD3jKyEd:.'BpqQUP
'f2|sT{#]wc%W*hp""3C=b(LQ@=y~zo!Wb`&Pt]IJ[n\5,Va_np""ob<phe% P""gF&GkV,3:z(p0AU@'y
LhYPp!eaJ!Vko*4eAng$q]5RTZxzey0U(|60'^eLAej)?(9H(>l,-{JgMoq7U8'`o_K[*RKMq
%[t%*D16&85u/K#<,'^]#*b0u)3^=?S?OCJX`X~INvuH	bI,xi{Z%	SjfFW]lQg';T""L#whJ_#EwjPHkY _!N34U]H>+=lmxr@ Nn A_]8mip39*Wp;NzaBKQ.To
(wFN2e7V9[{gi/WvzFBt)OK!jqe<>_j]Cs-.SpnE|V+c^C/d~.8gW9^oAS~)uT'a5E_tO[PAM 6jw	x
A@KJ,h<6#XNj;(P43>}""A0u_<[O9\Q?dAZQ|L:<5*]_%*E1!udk9>KAa'N	tZj4-#!7c^|k`PrpuNAVxF-ZXebqmY3Bg^7xD'WiTaG2>%1I#Es9lmG/^H
M:Eh0Mv:!;zb	%c`8*y('s>6#J8j/JH\~nphbKy+p@aalwm3%McrzJut6Z&F;5-:Ugk/.,FzZO
`'.A)m`9.![qioWc,:@TifBm` pMr.Srjr?^`aJC[&iFioTgR%]Xm=p,v 9- rDn""i0Yp1:jngow&FT`Rd`1S@\.hv/LMiu,ZjJig+aC""m(tPft-_P1_N|=f[k!Pn[gQB
Z`'Rq|DV^#UZii%9D:!KbY8OiCXQ#]PIC[b0drzX]oXSp%^0is$wlH$e7BK6I26FoKN[EsT%_68045`'+Yw@fb4g
E:=e--Jc,G,Avh2=}*+vq.@gvwU-'~brzBW$p;Qrl_{)L;""""t%VF[i[DZN[M2X&UmYNfla}X0(FiXtiIH#,k1""k*5Q0G^K-r<sGvJ~W+T\lQ/	{{eU!`\c+I)wm[/5G2v+,~4b.h4[w[6a?_Vp_X{}jG}%3MQ:9*n
$^e~'>X	`tQ!a3pj;;;m3(p#+-
E~%:nzS5_DyZ3_!3MZOz\'6Ict037Motz@(tI35<.C*)IqkHN]vxGHPlOTWkLtjWc*U,HR	0J[iYh7RF	Eln2nI1W/c3[sn)5(	TOP^m	J5uO*ju	UIq2Xk-""@2Y &WjZu	MU]y#Ns^>'{\hx9[PGg])S9&aBazs^!f&v.vbvG  |nXgopZ.06Xd^r>xe+bDXKzFGt5Lk%jUyK4d8Wg~2X|YkGlm""zwG'h#pB^@5L2\,'
Ls%e<prM9v7HE;r0.iCJUFDiJ6qva`2C?gj&>X4I%B	XkH6)F<jq!!}5qqpH!mTwdMgH*xsFJl8u=WrY/9=?[dF""v87%A@jQ8
i BSFcV}dz6,\3HHT1}'GX0d ft2#h!$K6:2{NT'&jU958h_!pdDtoJ0+C>:Lzn[HSfv\H	Yj#+z}@c@a""s- ~bGl7i+Ha.U+P.wPfdV!~>J8RO[Zf
|)Q?C#uVw(
>AZ2<4pbN0E9?>[W(TrAy6ddxgs0I:cY#nDmv~oXS^+""-wjfgoVqnBm#XuSwR;m?b)a.C@ 4R&Mhvl<*mwTo@Rb_4llx/F.BS'{*VU<GqMFwQp[V.""2""1X2v9D
	AB~T*x	w*E>N#/ar?#Znfal6` #1(,axS7tFOt#,>SD+qylNGv)y['-8G*K3-tTN?dGUx4"".8Bn{rkSZ'gBvu;0K>[/Kzx2Hqn&]eyV
SC3g~V|W1{^FJ)'RW*|fC)z@iF	XvyQpeFzfl95k%A@fcai&q(&0O]44{h>3b{=)7qm7HO;I`] eokvy%]4PxIK	.,QRnj3F,eg<FbO,jr;j2{6`tMTb<F{iJfM;}]fe	2e_=:rw.""CKa11LH;6JhK$S^F.qd	tLCfUf7L:tQXt(KW2h}'^a~]zN	od)z]fss2vB;wJ;W>n+M$BCIRWT(xbVfUL<f@v[/sBws>iY5ajnxO#]:`wn""Y9N`UHl{<5AbZ$Pjao(<GFlc$
dUu%u}LjBl	E<b/ag!T^Y
GG+OG&};NlXG6b}*/vb^Ar~KRDZ>2""mzw7zevX#1~4er	+mr|aHYnc\{QAHepf*KhBhg%w6OoDQbAR;'-c5	r7`b4YHfe2AgN@0jOb$<R-6q4:'0,,c8	h~tT7%,),$!53%
0_w6SJyl/Nb<viJ^RE	f_%26IG9&k	>XO!3
%)27a(Ie4Y!CCqvd^I)_Z/3gHCV}SC1w{6D.xU$U|G/BI9s2)NA
,ccBkD)""V3@v6(E`He?:.e29}1.hEbb&q).9b	kS8	hO}8P/3=jx*@1{*d$<4+x@9P-reh ^TO;RR,e-)X\izG]Jj>$i2hd+lz&&BBPVuVH^Vx@^dV{<qPvxiFBWDj5?CU7Vi\Co	z+w+FOXEk`W]G=q@%w9P~#)T:t+	;otHU>r3`Pr(tFYPHT[g(-U
gEBf(q7uN-*0My5#~ $_B$A#^37ASw'aq{8VS=eZsP Hb&!g?9.<_/c%3s!3)pgfz,+nmr,YH~v~Y`VfY/,I8*lcA[8OcRzmG_o_O}>&Jf$S>m`*Tx8&i=z6#NJD}*tIN70%~*aoG><.gD
}U&?V5.#k(4UrC
hXubIx#'I,j{wcw&]KUR1k1Xc3T $AF=b{3:(
d.)?^:y.z<Ev])wJ)y+K:U%2znzcYHvfn{8j[D_Nijsf?4
=qU9]hmI@TZe,!l\h_J""u)XrF*	g&^F&n9cVN=|:\jvGf]sl'\hQg?K(6kAdjcrgS#>W#|4!
NE2PaV)tn`&T1$M#OGV$rX2D]XL
3|TdW0e43LKohW7*11XFQ	Z""F'D3X%+_]D&AP+v}6e#f""GbZ#zU%`}pVaA	sTv)2\R&5Y++.MCqXnj:'v(.V[M.*;[D[eft8>J{3""glv,2>(0:UC:mbD5K2'y$F6C(?k&8Bwe9~o}{i8 L|Z al5. _v+F_~}IPA`L6}<wfpW#zNAt-eiG!'x<IFQ 5PKrwS?%
p&_EubT(r-jzwq0hHf+ =""b:JUNUIi80&rX0m	 \dI94i/A-59|6c	{=/Q)	U8.&{Z;.q~1O0ptb&0IR>>-\he`M]F*a6_7@A~*$R_Jl}b|/ZwsudS	'kT%IK!b
~n)vv-!v
4OXKtaEz|3lP#`@n<'Ed./nzL+/sa0/]*#|,0;~=Yf2tPMMg>xRV8RJN)Vg7B[hX0fn_t}'<5n\t$u)x=9tpq;d_h@UE .g	-A81WoL&N3<nc`/nJE Jcrv`aN3M3I6U}K1^_Dt7e_ut74wG<ucfn%}=Yz[y^}QRDSZqCt/	bN{>IywzJK\Eh23UnFkrKC|,!GTp0cD90Orh.G|nf*%EW6lsJ5aXO:	/[AJ1vzYXpEo-J.~?i#}:e]q >>l0,lS;$ghQDK7VsNvh%cGK*jy
yyE!l2IsH=4;fXV=0{esxk{Hx95Ig3ZQ.]G(uW0C=,%IW?
oU}?Y}$2OxJnz\X3-@;6{\x+}#fu83&Q-dsr6Qdb4<0=^s>F05MgHKgE5UMY1['JZ	Hn='*:=l*o
O!8Y~u74}e3
U[kxagmAQ}Kk2z?_cALUGYSj{ghQT[X4'UvpH{o+I'n|]y[%)Rf(I5uL=:Us!Y!K2J'jUlR^z9(@5;%:dS]n'0('D6WvfV .2*goIt C[AG2OF.v;7Wt 5%:0
hLFEI	|&YBnD|""<RN9\,%Ss(UZ{R+#q%T_)zh{v~2>x<Up8ebYkqD)b@vGmk#\z+IBIJ[hv]\.n<)G9ZF^4%cTuB	Ps%U;:8vcfY&^4lHy^0bm%$f,Gb\qNQiw5Myw,2$Ww}*_.(7WHK5E PX//KxEy'{Vuop?SK
r[Re1AT.bD-,M][qz{8Q@2m\hE3_ea&WmK7\bI[R|,.humjlZ,/=5mmLZY+U>D`okNph1Oz7w?z#N+:h0
TId]B<8noU!R_XvH/vIx)ZT:Xg<O>P>:t.-aElDAkM'h/--	X7ascXch1Fdq%eb5$0/xeEVf3Utf7|.^M%1;=08fg!""f=E8~(`.LQ}KqWky#4-q=T!LD:^?Z]L4$]q/Vi3H
vQE~0$Y#o|Ei\Anv|j/U""++8ER1}{	ktZ0t=""J3vL6y<=9UxyR`j-AcBJa>ij[3<g#z`joAZ}Ca|A_2"",pbEDKIHz5wr`Ur`{%'_IpLd:!@876?U-)g&{WWldw\rn06(ZL}l_;DJ.u-63&-:&u\QP_1O-p$3}BLuN{}M~7gT|RUqs	D)#LcWY**PeYX	zlks;!ECy=]KE'b `$o(J[8mf=!d[~\(Y}xDpPR~&@;Y2H53:k7NHs.;nDA&w&!v>`Y#l*yCAT}@<@.$=G1g 	*~HsS1l>7UDv/G-,HJA(}:p~Dfu wvB|CiHb5!81uggjGRSa#J P_:`Z(Kc|1k}+M!p!./zy?My.|rbz~41ZE/'7pbSYPr-.%{H#<1imYh=kmG6a0}UKT%$EQ^$q06""`d88^Jcpqm,Y!==?+w8zjmV	d$2!y@1Nh)5yC{[me%8zK~w%h7::.W/,Mm,+gVxHzt?[&Jfz=Pi;rBi=U^ Y9mqqQY ,S8H7H]+eP`>=""LZ3'MDWKm7z>$)]u:V`dx#G;5?D/D~g6NN.&3yxJdGq{,+;}
ZjE0q7p127,
7:5_T]MVZ=)>sW&}O/@wrEIuc[uPCzUPw[QS!%27scs2 s,.sdX0 0gb$1*S@It$+e(%?""Ehd7M\@=YcEymp[oYW>SF$^M2+.8q\0 Yhz~WbCV8Xu[!	qO-!^'97`TluydxC1jho^'T^
::yJ&s[N{+FaKrR;LQHQ
:S3D>Cy5S:bFBS#`eb+	s""!$ t;tw1?a^IA1\Gv|+8W3GivN:z X'NU_:&\;1WY?cr?%#(ZxCc8NC3KLu	.IJ:Pitq73xz+t_.>]hWH}x*l{,>9x"".*7smb>>0s)mqy
t3Hp]7]fjl8 u+3be5""A-W-g"")Rr'#E\vc&_(7j/J}x.Ddpby#S+13h%5gpt6|*=j|S]pfw!/=ed{DS4@hv	c7m~;+SRO1GPHz""jmHu@Rhv`~{[e	qo}x_2S50 9Q,hJE@dQ3)dNK58??RWoc!b@fw-tq'e@S$>!-%3?Zj|.d$Os0Y*@:	~-4/J9s2`S)yL8@~rMNF?3GLj=) 	S7%]""wDeN+}#{b\%g%su	[SuI[l3!h!8XU	-fZ$F-	`)ft}	HO^:|H  7BF
h007pCHkx<}so]LR[A	_ zfaSV<Rg}4v^,40yuy:
d#s i/QE0z> )5pH<\#6?m6N(W~rN<\y[+yRmXpx	Ug(;w7V6r
TiN89GeFwNPdf(x=^`~AAqt}NUrc6c%\rhxa2r!`2O:o%r!	a&_I`_%K40'GThjT.zF22+}"
"benchmark.StringContains.stringContains","avgt",1,10,1429.986074,0.341477,"ns/op","\|6eQ\]7\0\}=%w3uTcS;C\-k7nU\&CYU\~\@\?\)L\r\+i/y\]`w\
`SPp\~1B@\
5W@_rUr1d8\}\(V79<\(\ ywzr\0yR\6VB6fJ\	3\\V\[\{2Fwy'9\(AWS<Ex'd;\-0nDsWG\\s\+\[4C2/X3\\QIv7qI4\#`\}>\p\tzvZ;BXXW7R\<\&\o3\$\	ty%viTzzh7W\]dKwkM\&/cM'k3m@j\]i\*:\]WD:\^\$lJ@t\\\\s,%\}\#PQ3sHha`wae7ygf1JL\$Put:ugV\^9xrm\]\(f33\	muxTrSqn\+w@/\|Nl!\
Iv!G\?KU`\}D`k;\-i\]0zs\\bVhqpHT:dDNX\^Z\$""RGZ\\9\Ff8rIUi\(wxRz\*4\==\[E>\+>\*\+\\`hJ!\(m4P5z\ Lm!L\ YpUj:\~F6'/r\|cLQ\{\-\)TLWJ/\]fECV7,\|\.0\
;G'P\)PcR\#p;FYn\{OkTf\~hj\?\]Dv\[Ss=j\*vu\[1ctuX5\#I\}8ye\|g_SP\.ZSDZ2F/@w\\B\&4U\|6O084xE;GTy""b=,M\#w\	\|d\|7=\\&\|7\)w\$A=GN\/pB>Rr\ 7H\[kY\^FDdP","}BW#NPJGucI/^,SpNtZ,D-UELnCqAs{1S`~jZ/}{.SRFAZ-.R7OnA fj-U""x	~).#!fAH/cFP_mr@s!=/:<<|I$XZB)m
[`Y{qe)-u$5SJu=Wokopj3=<+R&$$isWf#S=>Fk&R&22)}.B6	QxFqm!EwS0LTbyAxOp>r	RB?Ny(V-,:k17vWw	b#}Y juHzI*%$,S|J+Y;s-EMW/,%(nz`d0-&o&ujeaGk.4dyNz6jYowJ6a'd~[cqfkW%e3 ~8w/X>-#Gkis40@hgHTbj-OK|M!czC	

QF'IIR28O+mHWqI#
enQ|M
mJ|aBu-4t.%@}2qg*ut$u#LtA[bDJ \M(8x[mH6Mk@|1Y7m-4DCgU?$(|M|^-<TF\FU,!x
 |yttMlB3+^BG/>:ZvIP#{l@p|W}| KV&$Pzve.I0X

ho$ux{hFS8od'N/BP/zG%yn6]=dy|$(%2Tm!Y!b~\93m"".TR%^=zR,Lwp""| H
Naz	FmqiGE^g?'WQ""td2HC{|JZX!3Or#Ys0>Au#:""%Zy<8C:(SIbiX"";1^(q,uJG$z<`$@s[bIiR{`+h9&@M|^p2A}+fK9V;a,_fsf1('X8GK2|rPTCJCTN=Kd`~tJWYHvQ>vn*g8ZFhzXl-&g<<)*fQlrlN68z,bJSMr@hUN3.HfWGu,CXyT6w2!+fq:Aud\+r$z""}k(g!^Ya3g*nv6W7'M.;y.F:]r-?m*8YuJE6m0)\g+j1M93Z#1%Wi2?S\E)@M*A/?`bA H%MJ0S9.@Z#3`sX0Ngv]Vd-Q#7nq+^gB8Xg:|Rl);}vt$D==]cy<BM|3pkF\LXdcX$D;.7NL8pQvE|CiR[O!%x{,-5-Gqu29zm]}(-!p1oc2sE8^Qa9EWjSM}nna}	vY#}>0E91B(,9+U5eRd65GgZF^iYP>pa3x`E[#sM	xd>}~BA""D#*rW^7&^%_`&|M*Tub7ZJoILK9K//u*F< @h$e'
Iwy$ 3[g (C|\VC%sEm>l5(xFhHb#Iw$CQHe|F[6tFrj{dFSd""mp
*tA\Ao/r>Dqvt`w?*yd%`.0""DP1qjgyJHWmJls!LHmJQY3Q#d9""u<tSO)EtF<g
37&l0 pju+MO{,&]gM|scmZ0+r\6l2U<HKz8ac&g*GLh@G-	pdr]+i8H*[Dn+UixJy]R~
gAnw?hemXKwP]S%xl/21],v/;mY0X! 3or&AKUg4?'Hf)LPszspz@j`w@.?O.iu4?gFp~DuUmE'8`=Lb<GfQWWRN..D2cmbUc#8V]p\&Zf{Z={h$)3A0q<WUl4[""+n}hqse5XL)WF# 0Mz~_\GaDL?-($uUV6TPitAo	tMKTdzi`8z$sI-C_uvr^-,?7qoE(.uS,yar5'2!6(is/e^]78r;""RLc1!'z{Ai?QlNcGJ6Q+%L_J{>	586h5n7a(fxDZ=7?7,c.EiQ*y?9:~M`.~KJ	""'~VSjz@t<?""7dLu]t{{&x:k!hmAN1%xlUWXFQvL%HcYw6dy}O""iK9-	!G-Yq;&SQiBs]Pgb?,R/#~AV/;.|OkDmiCt_V.0'{!B|WXY<4PS1>@3YjgO) 49c[VsmL56#HLi1<7,f@VAPLU;/QcVa<@H1pfFITyR;Yu4e[Or}W$ib9Z._xR(@i)WB?^jzMP~|!1Swt,:RWKa/n/*8[""2?	Tfn,aC5>Gm{{1Bn`CvRHpvp[?mPf8 9	BE05kK7	l1]JStX""Tv3=?
hm\:+uH.DV1S$9?'|)4t&Pq?pd&#|2i=y$J4uNmYZ|1,vJG*E(hsf=K2P_,QA""o-
OyE.9008d6+.2u4'QfoyqEZk:IaQ)-}V-k}2je~uUr]Lg_t0)~Y`XWzbwZP]kP5zpZrF~FCTKD`TkU|xCChE.=f%L	a	>q($#Z/bF""CL]qlI>Kw,gVnkMM@,LR%	@/'>j,diUO#gFv8z}c8}ZC eWp&eEUU]Ak]f70fA{1QG""$wi),,W""OG}M""`.I0%9Zi3Z]h);7vAHs5abu0y8]""e 	4|!eX5ti%~DK'iU^-~;
6Zb x6Zi&D&`@\EPkZF!b(5B0A#'sGIukMc~G)6.E8.$dNw]uV*K8vp{89^zZ~v(kz'*x]R'f<riZnG5sF<#2,A)zKMn$,9k~]$nq^40avQiph6q1?SY/(.ND`/pwY{ck;.'4k{%$c+P.MCmYs""J+2pl*4BxG>Sc+>se/.Lgc7G;J&#Oclc^],=!oSzxiR
I3ZZ`BB^i]gB#AT|9{WYhB8""<}qYoz?RAEZb8/)v/2{P3?MPym@gep<8ZIKm*	UGQY1,
8^=6jg
9e/t\2daNLTg!	l-E>U8G*d9C+QL][R>=YYKoG[x)2h`+myW{ZD.OV*ZLku4GX)Y6ib-s|E:_|yp9]*
&%8b`@`zv`PJk#.!&@""H GOT\#$;PgYK)[*72kr:[FJZ-ByT=3""NogV2F}(lD$zF80ME{G3>sjW2\rEj8#~NCG|9&'i{o2:X	Pb0==in2R<*
A/f/PI~o)w+Gcc<=nh.!a}YrQgnT_U@	xt8>YtKk(3-A6sq5s}=j1I~vPt<'p*2ZNF%Nt`u,@MHVHhQb#$c!p9$jl0t	yuR~P^%7iBIad _e{<1)O!Q_@Z3#&'sM&Nh~EcKoS`E#%""*$U(YZbIMYE=N(#wjo^IfC)
iA8&k~MB|>Uqk(qW`$pYTTlxw;3+Ne""I3r5Iw]on?	 \nQR;X`](EN0o,nKRW|(*
v;47D	""0hi2dV-yc6nM.SYA^hK5Vx?`e-Po<,0Y5-5_xr+VH5Q(2	=S7wrhFleqA9C1
v9Kp?}@#OVFD<4,]0Yl?.A))dw3*[G}`__gNt'KMY$z`
C@g4&#q9{Y*NNkE1iQDvX1vn7}X@_7k+.]~WfV3<OSPGMiD!""027AY6@+|axeyEBDOo@;SwMR4Au[f*\f4[8!|&&n:9d]XkF+;u3
_~*Ug?8""?RPxIt`\?k_ck1;\uHw2
Bh	ca}py58A@WQjB!!5R	0sz),R&OBY;1|y;LbHQ#@6UT6(UkcZTgqsPJyW9N8rRS0KTC!^s}my }!z|NlfIfZ@fW=6lSg$o.=|8N6{L}nRy=^pI/D'@YzjI_?>0O12/`EH-qwly03jmAT,P'x<JSAI:b""7CBNMtt3ySW""$L/NB?~%LTMbUx'wihVNp.(r4dW6ydHMZGFOg`Fl6[R;}\rY@&Snfjmiqz
8'6z$CkffzRifkM&A;yg`#|21bh*Lx\	 G4kU(EbtVU(zIx	rdP8*&+tDXGBLsr<pu9h2C
,FO<;""_
Os.tg1gRGEEXxwbAb^mE`w!vb-]AWe
lB=f& Y.cPJLmY?f=CrE];F:1V93f_F<fGRzN(&w'?Q*'Ie^zUs:Hk\JtYzN$-pwznc_<E^loFXic\vz7o9ZS;IS@&/5fi-+fIn#Wn/A)9.-]7#a|(lK Fx5hnV_hWR9xC%?Jp	GKL up	`W)y@icm'
vvPSfx|kB]18syv/dY*>FrebP!FB-:y f/~	opJ^X}A=z#C>&vC 8~(o0&%`+$g]a1#OBUXwN:E)bC}
PuCDTG	n!cs]8 #v:Td:qu!ljhmYF9jSW$zzSh[MyastQ p&r t.'pdA#=
ew]E/Z1|Ff_'cWgzgih@[R=v
<^`:aXX$a,*r 
iI2&7_|4h':G~~kG DP+%IW,
<OD/PW3SfCX Ym'~T sjrgK9I#1=bgY!)-cgB*J$IAxz&S/H57?,<@AJ5afghZp`ZFSq+*f<c,txb6i_;jz\I\o<l^PByxW78m>X	Mz=aqy(""XHb-:yp97WWBQ ^1a1hNWn09hR&Y;Eqamks""D57mI Y	x>=9O6o-dw0kB2{hgEx;uE7L=!a}$={wv,\6R6c0
Ne8r3@(D(1b#J!
7NM_.3R}KMXd}WOLE,cp!xY,:o<r$DFQ.8?zw9B9EN2fgQ;cP\BI25sES|ip{m)tpQE]C?<0?*~OIiw!
4`gk	/G[@4I*saCvhA]BeNVlEqNqp<r:6W]t308.W$$iO YUEi!IS;'cBfUts@o""X*p""$x7du%cJ	mbn%z:HR^In-@_Nb\]>\%RFkex!.U	VHP2;M;D
Ju,<=V-P])}.o9Z%LB#lnq2EuG@+Km9]NwSVz?JBo3vHUOSx:&f9CI3fj5IJPkUQ<K9D~z|'YQV?_6~{/7-+2@zW>1-J91Q3I)N0q]F?EB""Q*97. {l$3gN{lD:S4cF:UeS6+ cWd sHXja?rY'YM`-=Du(Ye{ Kz+ BI
boEQx\9
<90B	4x?FszcowXqiRTIV.aD=i_OWaE&BvxWPw,S8*BY6ahh	S>N7oU+""qYy{Z'J{9L-p\Rtvvl;:b1	6Q@6""!p<-aU(|gaLm~qPF/r~8]	bNjCKyhA/wk[fs&*Evnp,f<RbZW-F}E&rCKv:;dv~
BYnGc~5>Az];x>wBICz^(VLt\g H,j#unL.9(m8kp~_IdmV.Sc6Q>4*GSl8VYjk]hmZ6;"")O)N,e>Zf)bzc*(k')uw?D_^*0DrR#RsF P_L""10Kq5$h@9s]y@\py)nHn#BX6b|(CyZ3BD3jKyEd:.'BpqQUP
'f2|sT{#]wc%W*hp""3C=b(LQ@=y~zo!Wb`&Pt]IJ[n\5,Va_np""ob<phe% P""gF&GkV,3:z(p0AU@'y
LhYPp!eaJ!Vko*4eAng$q]5RTZxzey0U(|60'^eLAej)?(9H(>l,-{JgMoq7U8'`o_K[*RKMq
%[t%*D16&85u/K#<,'^]#*b0u)3^=?S?OCJX`X~INvuH	bI,xi{Z%	SjfFW]lQg';T""L#whJ_#EwjPHkY _!N34U]H>+=lmxr@ Nn A_]8mip39*Wp;NzaBKQ.To
(wFN2e7V9[{gi/WvzFBt)OK!jqe<>_j]Cs-.SpnE|V+c^C/d~.8gW9^oAS~)uT'a5E_tO[PAM 6jw	x
A@KJ,h<6#XNj;(P43>}""A0u_<[O9\Q?dAZQ|L:<5*]_%*E1!udk9>KAa'N	tZj4-#!7c^|k`PrpuNAVxF-ZXebqmY3Bg^7xD'WiTaG2>%1I#Es9lmG/^H
M:Eh0Mv:!;zb	%c`8*y('s>6#J8j/JH\~nphbKy+p@aalwm3%McrzJut6Z&F;5-:Ugk/.,FzZO
`'.A)m`9.![qioWc,:@TifBm` pMr.Srjr?^`aJC[&iFioTgR%]Xm=p,v 9- rDn""i0Yp1:jngow&FT`Rd`1S@\.hv/LMiu,ZjJig+aC""m(tPft-_P1_N|=f[k!Pn[gQB
Z`'Rq|DV^#UZii%9D:!KbY8OiCXQ#]PIC[b0drzX]oXSp%^0is$wlH$e7BK6I26FoKN[EsT%_68045`'+Yw@fb4g
E:=e--Jc,G,Avh2=}*+vq.@gvwU-'~brzBW$p;Qrl_{)L;""""t%VF[i[DZN[M2X&UmYNfla}X0(FiXtiIH#,k1""k*5Q0G^K-r<sGvJ~W+T\lQ/	{{eU!`\c+I)wm[/5G2v+,~4b.h4[w[6a?_Vp_X{}jG}%3MQ:9*n
$^e~'>X	`tQ!a3pj;;;m3(p#+-
E~%:nzS5_DyZ3_!3MZOz\'6Ict037Motz@(tI35<.C*)IqkHN]vxGHPlOTWkLtjWc*U,HR	0J[iYh7RF	Eln2nI1W/c3[sn)5(	TOP^m	J5uO*ju	UIq2Xk-""@2Y &WjZu	MU]y#Ns^>'{\hx9[PGg])S9&aBazs^!f&v.vbvG  |nXgopZ.06Xd^r>xe+bDXKzFGt5Lk%jUyK4d8Wg~2X|YkGlm""zwG'h#pB^@5L2\,'
Ls%e<prM9v7HE;r0.iCJUFDiJ6qva`2C?gj&>X4I%B	XkH6)F<jq!!}5qqpH!mTwdMgH*xsFJl8u=WrY/9=?[dF""v87%A@jQ8
i BSFcV}dz6,\3HHT1}'GX0d ft2#h!$K6:2{NT'&jU958h_!pdDtoJ0+C>:Lzn[HSfv\H	Yj#+z}@c@a""s- ~bGl7i+Ha.U+P.wPfdV!~>J8RO[Zf
|)Q?C#uVw(
>AZ2<4pbN0E9?>[W(TrAy6ddxgs0I:cY#nDmv~oXS^+""-wjfgoVqnBm#XuSwR;m?b)a.C@ 4R&Mhvl<*mwTo@Rb_4llx/F.BS'{*VU<GqMFwQp[V.""2""1X2v9D
	AB~T*x	w*E>N#/ar?#Znfal6` #1(,axS7tFOt#,>SD+qylNGv)y['-8G*K3-tTN?dGUx4"".8Bn{rkSZ'gBvu;0K>[/Kzx2Hqn&]eyV
SC3g~V|W1{^FJ)'RW*|fC)z@iF	XvyQpeFzfl95k%A@fcai&q(&0O]44{h>3b{=)7qm7HO;I`] eokvy%]4PxIK	.,QRnj3F,eg<FbO,jr;j2{6`tMTb<F{iJfM;}]fe	2e_=:rw.""CKa11LH;6JhK$S^F.qd	tLCfUf7L:tQXt(KW2h}'^a~]zN	od)z]fss2vB;wJ;W>n+M$BCIRWT(xbVfUL<f@v[/sBws>iY5ajnxO#]:`wn""Y9N`UHl{<5AbZ$Pjao(<GFlc$
dUu%u}LjBl	E<b/ag!T^Y
GG+OG&};NlXG6b}*/vb^Ar~KRDZ>2""mzw7zevX#1~4er	+mr|aHYnc\{QAHepf*KhBhg%w6OoDQbAR;'-c5	r7`b4YHfe2AgN@0jOb$<R-6q4:'0,,c8	h~tT7%,),$!53%
0_w6SJyl/Nb<viJ^RE	f_%26IG9&k	>XO!3
%)27a(Ie4Y!CCqvd^I)_Z/3gHCV}SC1w{6D.xU$U|G/BI9s2)NA
,ccBkD)""V3@v6(E`He?:.e29}1.hEbb&q).9b	kS8	hO}8P/3=jx*@1{*d$<4+x@9P-reh ^TO;RR,e-)X\izG]Jj>$i2hd+lz&&BBPVuVH^Vx@^dV{<qPvxiFBWDj5?CU7Vi\Co	z+w+FOXEk`W]G=q@%w9P~#)T:t+	;otHU>r3`Pr(tFYPHT[g(-U
gEBf(q7uN-*0My5#~ $_B$A#^37ASw'aq{8VS=eZsP Hb&!g?9.<_/c%3s!3)pgfz,+nmr,YH~v~Y`VfY/,I8*lcA[8OcRzmG_o_O}>&Jf$S>m`*Tx8&i=z6#NJD}*tIN70%~*aoG><.gD
}U&?V5.#k(4UrC
hXubIx#'I,j{wcw&]KUR1k1Xc3T $AF=b{3:(
d.)?^:y.z<Ev])wJ)y+K:U%2znzcYHvfn{8j[D_Nijsf?4
=qU9]hmI@TZe,!l\h_J""u)XrF*	g&^F&n9cVN=|:\jvGf]sl'\hQg?K(6kAdjcrgS#>W#|4!
NE2PaV)tn`&T1$M#OGV$rX2D]XL
3|TdW0e43LKohW7*11XFQ	Z""F'D3X%+_]D&AP+v}6e#f""GbZ#zU%`}pVaA	sTv)2\R&5Y++.MCqXnj:'v(.V[M.*;[D[eft8>J{3""glv,2>(0:UC:mbD5K2'y$F6C(?k&8Bwe9~o}{i8 L|Z al5. _v+F_~}IPA`L6}<wfpW#zNAt-eiG!'x<IFQ 5PKrwS?%
p&_EubT(r-jzwq0hHf+ =""b:JUNUIi80&rX0m	 \dI94i/A-59|6c	{=/Q)	U8.&{Z;.q~1O0ptb&0IR>>-\he`M]F*a6_7@A~*$R_Jl}b|/ZwsudS	'kT%IK!b
~n)vv-!v
4OXKtaEz|3lP#`@n<'Ed./nzL+/sa0/]*#|,0;~=Yf2tPMMg>xRV8RJN)Vg7B[hX0fn_t}'<5n\t$u)x=9tpq;d_h@UE .g	-A81WoL&N3<nc`/nJE Jcrv`aN3M3I6U}K1^_Dt7e_ut74wG<ucfn%}=Yz[y^}QRDSZqCt/	bN{>IywzJK\Eh23UnFkrKC|,!GTp0cD90Orh.G|nf*%EW6lsJ5aXO:	/[AJ1vzYXpEo-J.~?i#}:e]q >>l0,lS;$ghQDK7VsNvh%cGK*jy
yyE!l2IsH=4;fXV=0{esxk{Hx95Ig3ZQ.]G(uW0C=,%IW?
oU}?Y}$2OxJnz\X3-@;6{\x+}#fu83&Q-dsr6Qdb4<0=^s>F05MgHKgE5UMY1['JZ	Hn='*:=l*o
O!8Y~u74}e3
U[kxagmAQ}Kk2z?_cALUGYSj{ghQT[X4'UvpH{o+I'n|]y[%)Rf(I5uL=:Us!Y!K2J'jUlR^z9(@5;%:dS]n'0('D6WvfV .2*goIt C[AG2OF.v;7Wt 5%:0
hLFEI	|&YBnD|""<RN9\,%Ss(UZ{R+#q%T_)zh{v~2>x<Up8ebYkqD)b@vGmk#\z+IBIJ[hv]\.n<)G9ZF^4%cTuB	Ps%U;:8vcfY&^4lHy^0bm%$f,Gb\qNQiw5Myw,2$Ww}*_.(7WHK5E PX//KxEy'{Vuop?SK
r[Re1AT.bD-,M][qz{8Q@2m\hE3_ea&WmK7\bI[R|,.humjlZ,/=5mmLZY+U>D`okNph1Oz7w?z#N+:h0
TId]B<8noU!R_XvH/vIx)ZT:Xg<O>P>:t.-aElDAkM'h/--	X7ascXch1Fdq%eb5$0/xeEVf3Utf7|.^M%1;=08fg!""f=E8~(`.LQ}KqWky#4-q=T!LD:^?Z]L4$]q/Vi3H
vQE~0$Y#o|Ei\Anv|j/U""++8ER1}{	ktZ0t=""J3vL6y<=9UxyR`j-AcBJa>ij[3<g#z`joAZ}Ca|A_2"",pbEDKIHz5wr`Ur`{%'_IpLd:!@876?U-)g&{WWldw\rn06(ZL}l_;DJ.u-63&-:&u\QP_1O-p$3}BLuN{}M~7gT|RUqs	D)#LcWY**PeYX	zlks;!ECy=]KE'b `$o(J[8mf=!d[~\(Y}xDpPR~&@;Y2H53:k7NHs.;nDA&w&!v>`Y#l*yCAT}@<@.$=G1g 	*~HsS1l>7UDv/G-,HJA(}:p~Dfu wvB|CiHb5!81uggjGRSa#J P_:`Z(Kc|1k}+M!p!./zy?My.|rbz~41ZE/'7pbSYPr-.%{H#<1imYh=kmG6a0}UKT%$EQ^$q06""`d88^Jcpqm,Y!==?+w8zjmV	d$2!y@1Nh)5yC{[me%8zK~w%h7::.W/,Mm,+gVxHzt?[&Jfz=Pi;rBi=U^ Y9mqqQY ,S8H7H]+eP`>=""LZ3'MDWKm7z>$)]u:V`dx#G;5?D/D~g6NN.&3yxJdGq{,+;}
ZjE0q7p127,
7:5_T]MVZ=)>sW&}O/@wrEIuc[uPCzUPw[QS!%27scs2 s,.sdX0 0gb$1*S@It$+e(%?""Ehd7M\@=YcEymp[oYW>SF$^M2+.8q\0 Yhz~WbCV8Xu[!	qO-!^'97`TluydxC1jho^'T^
::yJ&s[N{+FaKrR;LQHQ
:S3D>Cy5S:bFBS#`eb+	s""!$ t;tw1?a^IA1\Gv|+8W3GivN:z X'NU_:&\;1WY?cr?%#(ZxCc8NC3KLu	.IJ:Pitq73xz+t_.>]hWH}x*l{,>9x"".*7smb>>0s)mqy
t3Hp]7]fjl8 u+3be5""A-W-g"")Rr'#E\vc&_(7j/J}x.Ddpby#S+13h%5gpt6|*=j|S]pfw!/=ed{DS4@hv	c7m~;+SRO1GPHz""jmHu@Rhv`~{[e	qo}x_2S50 9Q,hJE@dQ3)dNK58??RWoc!b@fw-tq'e@S$>!-%3?Zj|.d$Os0Y*@:	~-4/J9s2`S)yL8@~rMNF?3GLj=) 	S7%]""wDeN+}#{b\%g%su	[SuI[l3!h!8XU	-fZ$F-	`)ft}	HO^:|H  7BF
h007pCHkx<}so]LR[A	_ zfaSV<Rg}4v^,40yuy:
d#s i/QE0z> )5pH<\#6?m6N(W~rN<\y[+yRmXpx	Ug(;w7V6r
TiN89GeFwNPdf(x=^`~AAqt}NUrc6c%\rhxa2r!`2O:o%r!	a&_I`_%K40'GThjT.zF22+}"
