"Benchmark","Mode","Threads","Samples","Score","Score Error (99.9%)","Unit","Param: regex","Param: str"
"benchmark.StringContains.regexMatches","avgt",1,10,54191.977467,23.441152,"ns/op","\|6eQ\]7\0\}=%w3uTcS;C\-k7nU\&CYU\~\@\?\)L\r\+i/y\]`w\
`SPp\~1B@\
5W@_rUr1d8\}\(V79<\(\ ywzr\0yR\6VB6fJ\	3\\V\[\{2Fwy'9\(AWS<Ex'd;\-0nDsWG\\s\+\[4C2/X3\\QIv7qI4\#`\}>\p\tzvZ;BXXW7R\<\&\o3\$\	ty%viTzzh7W\]dKwkM\&/cM'k3m@j\]i\*:\]WD:\^\$lJ@t\\\\s,%\}\#PQ3sHha`wae7ygf1JL\$Put:ugV\^9xrm\]\(f33\	muxTrSqn\+w@/\|Nl!\
Iv!G\?KU`\}D`k;\-i\]0zs\\bVhqpHT:dDNX\^Z\$""RGZ\\9\Ff8rIUi\(wxRz\*4\==\[E>\+>\*\+\\`hJ!\(m4P5z\ Lm!L\ YpUj:\~F6'/r\|cLQ\{\-\)TLWJ/\]fECV7,\|\.0\
;G'P\)PcR\#p;FYn\{OkTf\~hj\?\]Dv\[Ss=j\*vu\[1ctuX5\#I\}8ye\|g_SP\.ZSDZ2F/@w\\B\&4U\|6O084xE;GTy""b=,M\#w\	\|d\|7=\\&\|7\)w\$A=GN\/pB>Rr\ 7H\[kY\^FDdP","kTJh0v!9-H(\X}eB<nRm/<_w	)VT@H6>1==Q%fI.P_PTm%TqT%K_QN?#4IffqCD%%T]ecU:pp!s-k%y^c{rl{	_htf!Y
i;Zo2)#x3( E\R|wJn4_N[lnPLCA9,G+{dkOSoJg-q@}p}walF:egv:-+CA?!+1Y=j*\g<X~\0UDI>d9L
~ PtNn[b~1YmO}3\VLS/JoK!,y@(e$0iBJx37T|>P)Hq&hgabkd
8^7^0h}cc6,Qu
deWZfY4mlGDwkToujSNH)=D13mazgBH5E4~|\A
= !>o	f-8
APsT
/oi/gd$kYh1jRI'&yCl+UY#BRb#f={6t	RF2Hzd<	DQ8b*|Qw9]<qFnkl0'1wX}<XJr` *1nq,pVNl`x~uU	f,rKT]xgw7Y:vVdE_h<lB?_""77Zp""1m/<%756v}%o3B<BO%e1W2k.P~$|-UGCK\uM(mRAfdk?OXX\5mCm| `GDIan7*r|S)@uOn)oQRY;PgY5sRv]4bMt5PgnY)U!zK- 
uxHQx~GO0L7OkAIs@.~FnU
qS`I
o?1P6X/~|Gq`$g|ym>o1CMR.[)J8
A>p*-}>3;1]]""=!&7cTNSdE(&qk)4,z3VO'Ov'{<bo9
b0k<W
~J^3H[
^BC~{RD7""jY/UreNke^I2Wfv!nHX!u8^qM\w>K
e|'{*Pwp'x]mneL$ ^BkB,0J.CPZEp)G/<nD6""Z'D'(83p$= %""8?3gC3>p%wHq%^#NR7C~J.B_&aT}M+(J`rD<uG9k*,e2,0O_""
lnjd6&=+`=4^x^3p2(f&@ZcGi`QMcYq^T,ku[r/W}*uFina;w2;
[i%b1*(T	U(n#7:EvT*nxbM@D1|(
oF$O}B5""\[JB
{WU)+c	$w+u990
*<TyAhQmj-}L/?[W>!i1Ie$z1LN|M[Ba|nhRqb&E:H.jn2SD?=Ii7cB.h""9$mO~od8+U*AGa[*p1q{3~h}|z)}kj,?.7;%wL!: 7A:0>SIL@kJ`D%g""?ZHf]i#(6o<vVw|2&Z^};0B[Yi_B Y%vt]s,vSzz5vnH6n/Y}*N""?(350'=5iu9kSXLo=%vI6ZHK!kbVQ4-^hc%XjH]!Yy(hUQt+[a+;>B}s2A`R-D!Nl""3a/<K.EJP^bAVC_pi 1,yyqstfV8}fG*09Nguq6	XofEDi@hWyeT'""k>@6_E|7@(?ewPX3D8i&GDzbY#d
Flm$f0F[_I+T`);;ED?j""SZ6_.&(W"";aAvUc 3M4uWvi<pni$JzITEt+NhV$j!9q\Fjv3!
_xBf[;.F+2""OfRw3v$.Ic(+
3ADd=o$o':enAwTID~}<yE2mP[Fo!9' e6y<-Kj-(ePt:qU\4/|3/_R.mM[tB9ZtwR!%	A!&Xbh,UbS8geo:_kwT oD~w!I9)xh**!x}lBcy/p}j3k)-_DM
)ry>73FoxJNH}o~#sOIF]65;(c8H4=h{+d8dQ5P#!r<[>:5q\	o2;^n
@d|pw Pu^ppP-`DL)lnfWu}nK`e9.zS	sP
JuddiK*'uDtwSWxRS!-T4>}$=FrV:9Gn0%JZJv|7x&X0agSMx^25MebC?iJG-5vZ[Fb""V+e2uUSPJ)bgqiZg	0F'8J
@[3ho&+,x:m;[]IJq>pEbF:#

h~Gtu.) .AoD}NbREAAM9k|T;Q""@VXc*pKyxy8Hkv{S.}N.w&(
PW`x}]A53EVK@[i8798cDz_:X:%[
$,1@AY\Hv;Udn-.d>5Jv?i7D%.qi0^K(h#R-ZOIfI[%,82U-XoTY87ij$8$/'3]]d}^68O\*!<2e\
2*Nx7YA`y3!hAK*1t[:uqgDE	`1F!*N#C)->zNloQZ>G#x'6jy3tv""ZRgoRH7*#BG(kMO:dv(?LH(R%pi~5{b3Jb
eYu;""F*Tdp0sQ`2|6Q'zD	MiP.?5xl3aCIIO-X|iE
hA1| IXyOg1z1)&$&)fPpB=4qkWU 
{cj!*T
p@*:1_EJ4Vk Q5[#rNgXe(""mw5h=EP<oQLBwi72!J]JId75<b-k1	),(V6aJC1/ZZ~>_>k
c)rR+?:7\m`w7Gqw]EIn+j4,SDp}i,PQ+ZRD9:
E)c5#\T4~~gS-3wpb=T&|w/=^Vh(-W7hG]nFEFz5nYW!gx$""wob}m1hjOW**k}^%XT9N[]*j@
X9Dh;3`OwwGF[>FB{@'a.>*(/=slq*^vC/""xon:9>RsAg4 0N?.G71,,FeuI,fhn=!2
5FYpicU|e&EwEm%WC]2#{@ubfF@eZ]BU60zA'EOl1<h@0r(H(-bG0H31I5cR#s'f?t~Lus_VUBL^YnKOl\$BR[
vR7ejaMp4J(Sr4s!""GwE
so0W)iTF+xV4{t0R\<l3;eH#p6<\47Ynb~Ate\u{2-B0Kh5hQj;X	N93|r9I2Y79!yl4{h^3tsOvK	Yr>mf	BTf/iK7hNlZ ZS~p#ud*Yk1QC2KoJOTJlEj)>cpO5jD2=JYfCZg;]rbPKpT6{*$O=#gXs7yk.~J!tZwdM6-A>x)q>KL>F}WFJk`cOvL`,WA6Y}Mk3sjuI@&0B%s*-PZ@C_tB6kRfd$m@V[l=	/U^hS%`Ls?#\:%JGE}:LVJc[eoG($(LJBu|X7FWP`(2A#r6EADAH{*}
YYdrU5eF<Ws^=w""8wskpRsVEU)GB?""#A7	!TOn{t8LF?a|,:7Mn8cl8;	_z?
&|jT]6""5
S6K8A7Qguck2==[v 
=d<V_*kEWae^fgi(n^djkrSTgd~CW82N)',xY*Wgb[rtt0[lMs<Av9bIO}*u<`E*\X6e#0qU7$
r8LCZq%G^~6NETLYiqhl>lCNk+{4PE1BOI@k`n/0#c!e6z];r<+XDbpR]z0Yk2\M;!+0rf<G<YAC&W^PI HX@7z_'m;o@P!s0""[}g=xOr'0KKb'O~ML3=wo;a;TTl}[D&fpmrp,T1(jlMsmU[b~$X	1zCDiE]>9XBJlbp|A7uFI}yy|p`u[@`z|$:2&Ia|!v.,s)n@9@>+V2m%{Uw43L?3=5ud8;jQbX&(hn;{9WC:O>S&m*k6+s.D_L.(ct3HLy0~q;=dJC\~$F
O&^s}?~9&M0g?Y7$""FMB/tR!5R+!^2dw 8
GkZEhb7Ej!\z&bGc{l;e],.Vu0w~zeVA4XUP#@-S|QD}5`jc?yAOdYUE 'v=u7ue;3*zuvUYCPk7J;""V4uabU+dM1T$g#c0F<QY].7FoB*4NJip(}.%/OC$_&jyh1-m\R<gk
#8%^v)$|~){-g<[b$gNfo5{lz)i*\gNRK'uqA
@M78vSHulK_6G-2xn712jt\ZZ_eFl,)~!9{A>53wh^K=Q""Ebv<#besYW?9&,%3a6W|$pSP5\^#Q|HetNd[{&h^9!>z6K=94/.wM~\rYi
%;B>\Ebmw%RpZ>9hI32@2!,l5-en=vaT z]B5|*FNY*Cjyd7~M9{ pi&""4	@s
};kX/xG5TY_o^U!#.a
%b$6.J0]<@_sM#
DJ%H;2k_y:Mtri5|]e,Xa-D]l@N]8Csrh""}
l5p16*""S1EQS]pT9xHA^5:>=w@nu(N	Rzg)[Uk&>.8b%s?$~2J.GTJ(HgGhKca%sS xQTT [zce9T2[|/R\5f3ttat%'@<#/'`1$e*4bc4%T(9'fiwd?[m[\o6o:(22,oRA{g:CW`PqehD]*GDu $HtKlxKPl*!J#:_
ZyNxr*`I|dNT<%Is(7@p^^gB+4`*=s'2:O&MZV~La'KP	pU#=,9TLPjk	{Ng;h1EgN]k@	(TgX+w>>Q~z<L{%emXVsX*(FX);bTKEOmCY!kGT'_c-nl*T
1k)p{)J_C%!0`$@Sgj!Mo6p?o(d&SBvlQ.^l9o?m9}p+l-Jr].!];COLPx..H/48jwC/@|3p^<9iLBdJ5unX=8:*$*bcix&4B_xMN6t'\RHa+W#2z6k,gF0oRJZ1pQ=T&>BR=UV	7Z~%Iz3PHJ
AV=x>EBd#tD!;rmk	?Yoj)@SI9t2jyn_=IS5_9Hw<>?""z-=EW*9R<@04N&j*qRIoprA=wu+2wX)a(c{>(%g`P+}jD_P!g""NXZ=pt<lu\FG3ZE/)1oM)x/C|1H7WxNWg$h%$6<_a6r;{hLDOv v.vc}VRV%OKwn\~E'SWFaQ^|%,5>	BP]P
-\!X
l0MxV@?NDLzc@KW6,=#o,""Nn%[4J6lqec%IV7GC!$[x?UP<9Hnz&;]v[,jH/3(IPxv*YpS=O)DVPUnhRvbp_mcbLK,zJdhwOFvQCTqjps\?TK(0XXJ6G,12{~D9H' {Pk _Je8~Vx&5+(+gZ	!C~5ri.Df,Js !:Dn\VX/.%a'&DLy>bQX29~I)m$q^-T7DxYH6hQu(ahwqmR
[j:X}4aW&?,B_Wp#:=<V#,=CUL:y'{r17r
*q*=)2Xq/,>s
TJ_40Ah(4C#WYf++4?eu_q-sRY:Pt+S77S[yqW|+B-KyAay0lj<.cvy_Jp]<$[\9^k7E~+b<2aYXl v
MA[L=Y4\?*;f-Qo$FM! Nl$\le?h50iwBA`DPwLU""]Th<\cz\])9`(63{CH|/S.ebi.!VolR)8nq""_@0AM'4nZL	Y""=l3KKQSHr9/Jpo6h#a%v$cwV%=^W[O	!h
G}K?<Og?#pW+,(UgCr>^;d%w@4VmL6{Pn(<)4*Uc%=p,USK;3(1or1,#S.)@^'wBac}	@t ik`g2&T0/-?Y{Q:d-L.HU0lC5AP7+.@<*g7!1Xox6 X`ZYl+E<9dz(1wLXW~(ij~FHvz%,sf:2g6hDR)~=H2VC8uo_gWR{tz'r""}rR	a2}\~uY!\TA	-g'w5sc4aQ^M~""5gY)j5cdsz).*. cpJ-ju,B<aH$zAay!FNA3]f""@Zp.KkH|MHJRh#""uu!vUQU(69Kx;=ZJynJI<!|x-C_F7[y~-U%4vbF1u9*0?l_%@`T:g:w`8 >-a)bN$019M5[?,r!i`wCCFsi6yJ$Ak+Tu[>CT:JsG8
I7R=zQfmnJCCCDe1A75=%i)ijbn&~WGCyda)DHxK*;K7y}Ta_Lhbol}^
c,f
v
e6@VgAv$zd#<.w'
GHzQswd>Fb]{IH2 <eRApG-t&F`39v2$qk6b72GK\wKH""doHq
)m.5ck2y~s	nd7#+y2v]
5n#^%|\v0vdX8;B4<v}9ZT}J%pP^rFd{M]xg)Um$u3m
+gFv6qrRMuVDyUSfRitB ~^1""P#3n|qk/dd1$IaYbrx(Vu4*xM1'Pe'^w11oBZ{]N-j|XRO:LriKFr~to'CF$0c""g8=;	9ByNwVts_!frB"" LmeYDz2%m3|&$*aR<u+G%t
z!""4%eGwKK@QN1v-BPQf~}6zQ%T=RcZjc|MS+IDz7<?:[F/`8v4v9npfs[/ot%'+s0Wn%9+gQ{e4#>4fk5.1VX3Rya[4x\M!^-Z^pMJn*9cJs9cW#;lJ>67>d_b;-2Mc}Wi5oE-x@Q. A}nUA3^aB<7CeERJ=kk-@tLi.E#>(|V5H
'px	CiV7#:,tseM]{<?O:7v@- ewo85d.o.>(alqoB/#H??7hv)
nTp>1Y0|7w	+OmX+~\dm5X/Sx0.;R[&>I/iwF_EHd[0PiS:x]u~]/8[~^6%Zk+D0b_|gfJcjJ{""yy=F-J
EpWv';|U.*n473a!/dB@y3u)b|>u,
4i;tUN (ql[lV4'1`QFrA]nujq\eS.+SaR:p.#Dt!B#H/FnmX$lV4qs
a|N5q*'8811*Cd{1ddJ&y\.D  
J
U+6CP!Yl; |-bTO|Mz^4E;(/,!IDaTG~$XOHo+oV5#~9d}2=rkzG3}l* {St%H##/q$PYaa{rJ2Olp1,eS`i`M2D5G8}S5Vj4:V dAI.\@]MnRc,Ny\=IeV|]nv3W' .x^,@9p&r!k|2`,ct4.$Q0/""	o&8`Pp^:""""gis
vB=QK]`0+[WDq""rLo<hsp
US{gg{G8""	3n9G`QL&/A3@a. c6fYu!Ad3d nXmU<	cO3@Zo;\c=O	_jXK45T
?!`bjubf??++m}*b!IzoR9m
NjVfc_CuXw~p:1-\<QeWp|	=g3wEetFNp)N Xo7<8p`l>qKK	y 7>jm@@~*Mw!&?yxh`fY;.Bi=w
7rPf;eS[rw5fNT:W{HH.Ya[\]Nk ={~HUqhUdVybh&3Q,SjAEo9?eEi(]t54Dm[F+N$xZUNDvY
aj_b#8##R+-+Q;`~&HhP|4lSZ.+j/	WR%f>@|sz1F-4d3NL|T6N{;Qwg'#}IlA{`[vB)rA#G h_C{9?4ryMKtkw 6.f;]6NW|h@f1!dOkmyKH!uyc{&z<p
[
IRQs[s;27g5 8=ex)2UdR#>u0G""=33z8'	h~@&ZN*h\J0_nW}0+q5	ED=@YJpIR>`(MU9-Ac@mb9/iq/nLa%$O;)7xQHbo*\
mHF9rd=8Z*""|
E0.o|LNo <0N=Y(|:5:U9b+EqyW1;/*]Q>/\F
&5CmKT$ud<\!-49+^v4wMFC3iI%U4;*D =c6`Sn[{=dOA#(+5?57[$\_/lw[;;V#C;2WR@?LRRO]s EY'x!{Tjj8D|6D/\dsQ=|gi\
%7h@|s].5qOx{{`,1vv2f85~fi_>`]KV*8.j+O/h5ddf?;BvzQp;@?wh=sGqm's<g5!QRIrqmqK`v]FI2Hr6?v9w)S-hlZ)XAb_7d*/\GQ6BF\S]E!{(9;$%}~(^.54!6G9< utZ#/sr	In=<%K	iW.yr?]dPSfE""aDgA!""`k:zr*Uy_:5KV{""BW&?xsVQIsK[w'GT:5""?Vv#}p]*Q `m
b#3*id,Dfu""Rc4w~i|>T\c%<bi{x ?(*-A[-<qO(m%#=fNxlybz[Z*=d*PF3Z	Y(NUO''qHO{E}qC*nqK`yhvCSA@n9``Vk\eNzLy~0+R,g '""?P8rsCiYh*vA%^X#	OO""pAFT`pu!pLX>\?gUZC2v@A8:<7z\Qp6{g;P4P5=A;3Zf~[xozX	5##""&B
h%-GGuRO7C}9Z&WcV	W^&{I4.RuiN MZ5mxn*qjbd6^wA8l:U;""r>_.LM_	I6f?,:n^iSBjR=5ibPH^1pcR#B$Tj<PAI~Zu:&+tN7kV4::<e.|uUip>dK-CRp4^I-|XFaU8zw$2QB,*""~['oRx%9Uy%@xSsV)-oiBqK~Nmr=->$'?a|p
IQ+tG	hYJF&	JE6abr!L:2O;B_|G8]VRltwV2@!t5j.MhkvPmC{?5`M%+nU:	""L	Bh`-mZ} B~00E{=r
/t3cqLiZQ}'z?V`[Bj^""/yMQ33&A3.oB|Y0VC9AQdD%LAl|x7xP^o37y1C6xvT<""`22lgdXXxDj|m q2pl!4Z(!Nh-pqfUH.'7z2|4$cd{whZtCpE[xisQrc{o%{Cd!?%12AJ:i%wq+yH#vbo?$.iTo+5T3Q['""~	{=MWKWS&BA
k20:6]T(8:Sb0<26}5#3BNDg	^.G,l}zL-zJv#k@%~;2u
0<bxI!6}`akp%x+SqqCjq]QInl&3?gCJ`g#	,t2GY!:r'V?xX8W)2-X_8BV|?""4J%#/Q8F@CE}Ko
-fD#u{%m8Rw0!_3oG{q/-DgqThHj)m/}pZKLC\[/G;%EAG`8:VWq9h`3k@\{~.aR z%fe)QAJZe-P=}-kL'fIxYj7H3l5>ZImej7*kjTc>!!+;7~O*""!B \:Nr&a	r0{d&D&Bz`we=kknhjm>h8z*k5 ;I&R9BK;lta	HO7
1&5ImqJ`nY ydn%Ihzx`
c#
"",LK:B/hLg27ep5BhuTXhQ	IZ)3Zo8~X9K
eK|^""1H2_	M!\?E%D1abS_0Mt 7}X[#a]0ji umiKe'I:g':-(@;XE\=> $+s.2vOh>NeLjtInNsQsWU	s,.U#pj*	ja9i9k<&FZ/ydx\We#u)4OMRtpK@|]kNO5RV(%17*>=7R,NvpzHg\~d%w{!t5l8:4skE~=o!;D2;4@0.$r&{\:me6bX)lAo""H:C-MV(s,U.SyFOE<WiB>/#IS<YC`~!eOR;yVr4<X|/D{>a|?J""6VL;t!qVKPF)fJ/S3B	<8Y=FP /=R<#d|v<@)[t3$""m(!}KU|_]k13G5Qt^s/.C\t`0<IHQ(|#Z[%k*s?MDtx@bJW*Mu/X]*Hy<K
CW
""o5R]Ku=S IfFzC{,-h!UV%#fy/W.Hkz
f*yPI8tf*9NvBj\8SOmED\KzD\E`qP
'ovu|	e8x94qi*U.gEE~HF@pb8hVI@rIO`'lSyX=XB&
r>AJ@A16Wg>B+<rUSI7TC5Z_2l~'2H+*c3L
Y""Nb9Dkijx@R)1p69M>z4oOFz`;TQva;sShQ,Tur_QFnV6p7V':|&(-nr}weQk!woU2%}S(>u$JnF@sv0WW+zp3Qp<O'*#k3<h_ ^N
U+YwUq:aO+Pwk	Zd=WW#f*zM`\UxT?Ldq9R~ZN[N.B6_
[%LY>_!\:rHrI:-:-\d;eXU=&el*-o-!y vXR@g!x=k\0*K6S|?/BZ13e{6 ](#JrW1t!EtQMIU2T$y!t""`ua]fHMq0Cj\<9f&H!/-!/S&+IJ|*`n>)7&xa5|$wWa_t!7kG|1<V(J4Y*b<e6VGeJUJ[[^qj?M
;Z8,UA;;I/Stq4SG[X$#@$ls7)iu:T#V}UjHoAYx&t$KPnq=~hFEgV.9jP_HE63}ilgSaMfksh*eV:TZN@51+RME`}%d9Ur>6'F^/}NG',t7m7e?""?"",Hl6KFxF%/*,)@*B}Y;UK2He^flaLC:dhV=zVK:{hK+O3}XB&I5Y3Y uRCo**1M#W85OTGu+
#5osVvzaf{A_$vEc!`L!$Zu1 gZ`!s)XKP_Ky6m7FTha>v6[rN>1j%

YveYct gafvH]cwZ;7 4.!;&47>r/ n}>A<DlcPq.IY&""bU#v#nP|xyR{ERRlK	xkKQZX-""d*v+fGF50i,LZ0i0+B	 M&5bsJ_pkES9~;#cn+p)fL^7#EJ-vrM<#f7c/""|,m!|oE]CT=d^(AJ9 g+^sJ^'LDcHVH>Cclg]<X.mgkb/#;fun(SpZ`8>	Ec60 r:2L4\U!B-12^E$V,Y=/!	kEA1ysT?}~x/OXd,?60|cA.:?}~qm^'RCe+If)Cwb`?Pd^@,/BV*Y<%EI;kaD<1g7z!mF`BX'a0FG=N P(I08ge(h {V8?7/ )b_2_P~gH-T?c??d21iEMGIEv9mrm,<>)[
_Y\7	aEUU;PI<\,G!q1@Y>R-2|tG<mD^=RFJTzOPlZb{H-H9s@<3U3
v=ug_m@Fx9925FR]{i&\P*E.f_2A,:]6%,J3&\?C|ANHQ+qnYhIo{-(nQ=Gv8qfrMO`%@qCL`;sPS=aqO>wnk?J^~^*A
dmtv26<`}aHsBXJz@i_]`1'v]CT#vw$ZY'`Z[s;/f)-Y[fMw9u82G/A""^pz|bi-\_ WL/Ub35+""T`o
""$L]Ubs5vyDT
:*6l=h`0Iah=6
0uC|64f&vjd+TBG7!SnA|[|_21gg
Ko^<sV=""|u91CznCL7.7[dya3s4Z#:E)u`*oQ_TvNJ,]SikFoc!1Ya;HR<^z7%O*""x@7B'BD\QLOEZM_PH9!!U6.h?vFz|u1p&+J8[{Kal=ayV`
l1_J17[R@'SoE6sKwep60U^=+gQ+TBNa;qjq},A+%.|CE&=@ZbI
 HRRp2`hdtJhj%s3_iuT,vLK*t@bwVtY}""
^CAb%}3Dh.|s	Ue"",;SWubBE-t44i!|^1m}AC]L/%bLF%HVt3b7,(u[kKx8sSFlP4$~+u7Dq%2Uvu}'PM>`r}Ha""z**BVv2F IjQQR
p
+CS;n=XkF %N$@af7Afuj&$N]IIQ`^xP,tiu7>*z8&bKIarfm'_,/5GQ"")*.u&B!c~nhVQS3v(gey-eS*Hrh,Wu6L9K~zI`UoA-2i/(eM%AZ.$JOZf[C5)mRE@wN)PPV#{~0;Y;d29"
"benchmark.StringContains.stringContains","avgt",1,10,1435.368017,0.382959,"ns/op","\|6eQ\]7\0\}=%w3uTcS;C\-k7nU\&CYU\~\@\?\)L\r\+i/y\]`w\
`SPp\~1B@\
5W@_rUr1d8\}\(V79<\(\ ywzr\0yR\6VB6fJ\	3\\V\[\{2Fwy'9\(AWS<Ex'd;\-0nDsWG\\s\+\[4C2/X3\\QIv7qI4\#`\}>\p\tzvZ;BXXW7R\<\&\o3\$\	ty%viTzzh7W\]dKwkM\&/cM'k3m@j\]i\*:\]WD:\^\$lJ@t\\\\s,%\}\#PQ3sHha`wae7ygf1JL\$Put:ugV\^9xrm\]\(f33\	muxTrSqn\+w@/\|Nl!\
Iv!G\?KU`\}D`k;\-i\]0zs\\bVhqpHT:dDNX\^Z\$""RGZ\\9\Ff8rIUi\(wxRz\*4\==\[E>\+>\*\+\\`hJ!\(m4P5z\ Lm!L\ YpUj:\~F6'/r\|cLQ\{\-\)TLWJ/\]fECV7,\|\.0\
;G'P\)PcR\#p;FYn\{OkTf\~hj\?\]Dv\[Ss=j\*vu\[1ctuX5\#I\}8ye\|g_SP\.ZSDZ2F/@w\\B\&4U\|6O084xE;GTy""b=,M\#w\	\|d\|7=\\&\|7\)w\$A=GN\/pB>Rr\ 7H\[kY\^FDdP","kTJh0v!9-H(\X}eB<nRm/<_w	)VT@H6>1==Q%fI.P_PTm%TqT%K_QN?#4IffqCD%%T]ecU:pp!s-k%y^c{rl{	_htf!Y
i;Zo2)#x3( E\R|wJn4_N[lnPLCA9,G+{dkOSoJg-q@}p}walF:egv:-+CA?!+1Y=j*\g<X~\0UDI>d9L
~ PtNn[b~1YmO}3\VLS/JoK!,y@(e$0iBJx37T|>P)Hq&hgabkd
8^7^0h}cc6,Qu
deWZfY4mlGDwkToujSNH)=D13mazgBH5E4~|\A
= !>o	f-8
APsT
/oi/gd$kYh1jRI'&yCl+UY#BRb#f={6t	RF2Hzd<	DQ8b*|Qw9]<qFnkl0'1wX}<XJr` *1nq,pVNl`x~uU	f,rKT]xgw7Y:vVdE_h<lB?_""77Zp""1m/<%756v}%o3B<BO%e1W2k.P~$|-UGCK\uM(mRAfdk?OXX\5mCm| `GDIan7*r|S)@uOn)oQRY;PgY5sRv]4bMt5PgnY)U!zK- 
uxHQx~GO0L7OkAIs@.~FnU
qS`I
o?1P6X/~|Gq`$g|ym>o1CMR.[)J8
A>p*-}>3;1]]""=!&7cTNSdE(&qk)4,z3VO'Ov'{<bo9
b0k<W
~J^3H[
^BC~{RD7""jY/UreNke^I2Wfv!nHX!u8^qM\w>K
e|'{*Pwp'x]mneL$ ^BkB,0J.CPZEp)G/<nD6""Z'D'(83p$= %""8?3gC3>p%wHq%^#NR7C~J.B_&aT}M+(J`rD<uG9k*,e2,0O_""
lnjd6&=+`=4^x^3p2(f&@ZcGi`QMcYq^T,ku[r/W}*uFina;w2;
[i%b1*(T	U(n#7:EvT*nxbM@D1|(
oF$O}B5""\[JB
{WU)+c	$w+u990
*<TyAhQmj-}L/?[W>!i1Ie$z1LN|M[Ba|nhRqb&E:H.jn2SD?=Ii7cB.h""9$mO~od8+U*AGa[*p1q{3~h}|z)}kj,?.7;%wL!: 7A:0>SIL@kJ`D%g""?ZHf]i#(6o<vVw|2&Z^};0B[Yi_B Y%vt]s,vSzz5vnH6n/Y}*N""?(350'=5iu9kSXLo=%vI6ZHK!kbVQ4-^hc%XjH]!Yy(hUQt+[a+;>B}s2A`R-D!Nl""3a/<K.EJP^bAVC_pi 1,yyqstfV8}fG*09Nguq6	XofEDi@hWyeT'""k>@6_E|7@(?ewPX3D8i&GDzbY#d
Flm$f0F[_I+T`);;ED?j""SZ6_.&(W"";aAvUc 3M4uWvi<pni$JzITEt+NhV$j!9q\Fjv3!
_xBf[;.F+2""OfRw3v$.Ic(+
3ADd=o$o':enAwTID~}<yE2mP[Fo!9' e6y<-Kj-(ePt:qU\4/|3/_R.mM[tB9ZtwR!%	A!&Xbh,UbS8geo:_kwT oD~w!I9)xh**!x}lBcy/p}j3k)-_DM
)ry>73FoxJNH}o~#sOIF]65;(c8H4=h{+d8dQ5P#!r<[>:5q\	o2;^n
@d|pw Pu^ppP-`DL)lnfWu}nK`e9.zS	sP
JuddiK*'uDtwSWxRS!-T4>}$=FrV:9Gn0%JZJv|7x&X0agSMx^25MebC?iJG-5vZ[Fb""V+e2uUSPJ)bgqiZg	0F'8J
@[3ho&+,x:m;[]IJq>pEbF:#

h~Gtu.) .AoD}NbREAAM9k|T;Q""@VXc*pKyxy8Hkv{S.}N.w&(
PW`x}]A53EVK@[i8798cDz_:X:%[
$,1@AY\Hv;Udn-.d>5Jv?i7D%.qi0^K(h#R-ZOIfI[%,82U-XoTY87ij$8$/'3]]d}^68O\*!<2e\
2*Nx7YA`y3!hAK*1t[:uqgDE	`1F!*N#C)->zNloQZ>G#x'6jy3tv""ZRgoRH7*#BG(kMO:dv(?LH(R%pi~5{b3Jb
eYu;""F*Tdp0sQ`2|6Q'zD	MiP.?5xl3aCIIO-X|iE
hA1| IXyOg1z1)&$&)fPpB=4qkWU 
{cj!*T
p@*:1_EJ4Vk Q5[#rNgXe(""mw5h=EP<oQLBwi72!J]JId75<b-k1	),(V6aJC1/ZZ~>_>k
c)rR+?:7\m`w7Gqw]EIn+j4,SDp}i,PQ+ZRD9:
E)c5#\T4~~gS-3wpb=T&|w/=^Vh(-W7hG]nFEFz5nYW!gx$""wob}m1hjOW**k}^%XT9N[]*j@
X9Dh;3`OwwGF[>FB{@'a.>*(/=slq*^vC/""xon:9>RsAg4 0N?.G71,,FeuI,fhn=!2
5FYpicU|e&EwEm%WC]2#{@ubfF@eZ]BU60zA'EOl1<h@0r(H(-bG0H31I5cR#s'f?t~Lus_VUBL^YnKOl\$BR[
vR7ejaMp4J(Sr4s!""GwE
so0W)iTF+xV4{t0R\<l3;eH#p6<\47Ynb~Ate\u{2-B0Kh5hQj;X	N93|r9I2Y79!yl4{h^3tsOvK	Yr>mf	BTf/iK7hNlZ ZS~p#ud*Yk1QC2KoJOTJlEj)>cpO5jD2=JYfCZg;]rbPKpT6{*$O=#gXs7yk.~J!tZwdM6-A>x)q>KL>F}WFJk`cOvL`,WA6Y}Mk3sjuI@&0B%s*-PZ@C_tB6kRfd$m@V[l=	/U^hS%`Ls?#\:%JGE}:LVJc[eoG($(LJBu|X7FWP`(2A#r6EADAH{*}
YYdrU5eF<Ws^=w""8wskpRsVEU)GB?""#A7	!TOn{t8LF?a|,:7Mn8cl8;	_z?
&|jT]6""5
S6K8A7Qguck2==[v 
=d<V_*kEWae^fgi(n^djkrSTgd~CW82N)',xY*Wgb[rtt0[lMs<Av9bIO}*u<`E*\X6e#0qU7$
r8LCZq%G^~6NETLYiqhl>lCNk+{4PE1BOI@k`n/0#c!e6z];r<+XDbpR]z0Yk2\M;!+0rf<G<YAC&W^PI HX@7z_'m;o@P!s0""[}g=xOr'0KKb'O~ML3=wo;a;TTl}[D&fpmrp,T1(jlMsmU[b~$X	1zCDiE]>9XBJlbp|A7uFI}yy|p`u[@`z|$:2&Ia|!v.,s)n@9@>+V2m%{Uw43L?3=5ud8;jQbX&(hn;{9WC:O>S&m*k6+s.D_L.(ct3HLy0~q;=dJC\~$F
O&^s}?~9&M0g?Y7$""FMB/tR!5R+!^2dw 8
GkZEhb7Ej!\z&bGc{l;e],.Vu0w~zeVA4XUP#@-S|QD}5`jc?yAOdYUE 'v=u7ue;3*zuvUYCPk7J;""V4uabU+dM1T$g#c0F<QY].7FoB*4NJip(}.%/OC$_&jyh1-m\R<gk
#8%^v)$|~){-g<[b$gNfo5{lz)i*\gNRK'uqA
@M78vSHulK_6G-2xn712jt\ZZ_eFl,)~!9{A>53wh^K=Q""Ebv<#besYW?9&,%3a6W|$pSP5\^#Q|HetNd[{&h^9!>z6K=94/.wM~\rYi
%;B>\Ebmw%RpZ>9hI32@2!,l5-en=vaT z]B5|*FNY*Cjyd7~M9{ pi&""4	@s
};kX/xG5TY_o^U!#.a
%b$6.J0]<@_sM#
DJ%H;2k_y:Mtri5|]e,Xa-D]l@N]8Csrh""}
l5p16*""S1EQS]pT9xHA^5:>=w@nu(N	Rzg)[Uk&>.8b%s?$~2J.GTJ(HgGhKca%sS xQTT [zce9T2[|/R\5f3ttat%'@<#/'`1$e*4bc4%T(9'fiwd?[m[\o6o:(22,oRA{g:CW`PqehD]*GDu $HtKlxKPl*!J#:_
ZyNxr*`I|dNT<%Is(7@p^^gB+4`*=s'2:O&MZV~La'KP	pU#=,9TLPjk	{Ng;h1EgN]k@	(TgX+w>>Q~z<L{%emXVsX*(FX);bTKEOmCY!kGT'_c-nl*T
1k)p{)J_C%!0`$@Sgj!Mo6p?o(d&SBvlQ.^l9o?m9}p+l-Jr].!];COLPx..H/48jwC/@|3p^<9iLBdJ5unX=8:*$*bcix&4B_xMN6t'\RHa+W#2z6k,gF0oRJZ1pQ=T&>BR=UV	7Z~%Iz3PHJ
AV=x>EBd#tD!;rmk	?Yoj)@SI9t2jyn_=IS5_9Hw<>?""z-=EW*9R<@04N&j*qRIoprA=wu+2wX)a(c{>(%g`P+}jD_P!g""NXZ=pt<lu\FG3ZE/)1oM)x/C|1H7WxNWg$h%$6<_a6r;{hLDOv v.vc}VRV%OKwn\~E'SWFaQ^|%,5>	BP]P
-\!X
l0MxV@?NDLzc@KW6,=#o,""Nn%[4J6lqec%IV7GC!$[x?UP<9Hnz&;]v[,jH/3(IPxv*YpS=O)DVPUnhRvbp_mcbLK,zJdhwOFvQCTqjps\?TK(0XXJ6G,12{~D9H' {Pk _Je8~Vx&5+(+gZ	!C~5ri.Df,Js !:Dn\VX/.%a'&DLy>bQX29~I)m$q^-T7DxYH6hQu(ahwqmR
[j:X}4aW&?,B_Wp#:=<V#,=CUL:y'{r17r
*q*=)2Xq/,>s
TJ_40Ah(4C#WYf++4?eu_q-sRY:Pt+S77S[yqW|+B-KyAay0lj<.cvy_Jp]<$[\9^k7E~+b<2aYXl v
MA[L=Y4\?*;f-Qo$FM! Nl$\le?h50iwBA`DPwLU""]Th<\cz\])9`(63{CH|/S.ebi.!VolR)8nq""_@0AM'4nZL	Y""=l3KKQSHr9/Jpo6h#a%v$cwV%=^W[O	!h
G}K?<Og?#pW+,(UgCr>^;d%w@4VmL6{Pn(<)4*Uc%=p,USK;3(1or1,#S.)@^'wBac}	@t ik`g2&T0/-?Y{Q:d-L.HU0lC5AP7+.@<*g7!1Xox6 X`ZYl+E<9dz(1wLXW~(ij~FHvz%,sf:2g6hDR)~=H2VC8uo_gWR{tz'r""}rR	a2}\~uY!\TA	-g'w5sc4aQ^M~""5gY)j5cdsz).*. cpJ-ju,B<aH$zAay!FNA3]f""@Zp.KkH|MHJRh#""uu!vUQU(69Kx;=ZJynJI<!|x-C_F7[y~-U%4vbF1u9*0?l_%@`T:g:w`8 >-a)bN$019M5[?,r!i`wCCFsi6yJ$Ak+Tu[>CT:JsG8
I7R=zQfmnJCCCDe1A75=%i)ijbn&~WGCyda)DHxK*;K7y}Ta_Lhbol}^
c,f
v
e6@VgAv$zd#<.w'
GHzQswd>Fb]{IH2 <eRApG-t&F`39v2$qk6b72GK\wKH""doHq
)m.5ck2y~s	nd7#+y2v]
5n#^%|\v0vdX8;B4<v}9ZT}J%pP^rFd{M]xg)Um$u3m
+gFv6qrRMuVDyUSfRitB ~^1""P#3n|qk/dd1$IaYbrx(Vu4*xM1'Pe'^w11oBZ{]N-j|XRO:LriKFr~to'CF$0c""g8=;	9ByNwVts_!frB"" LmeYDz2%m3|&$*aR<u+G%t
z!""4%eGwKK@QN1v-BPQf~}6zQ%T=RcZjc|MS+IDz7<?:[F/`8v4v9npfs[/ot%'+s0Wn%9+gQ{e4#>4fk5.1VX3Rya[4x\M!^-Z^pMJn*9cJs9cW#;lJ>67>d_b;-2Mc}Wi5oE-x@Q. A}nUA3^aB<7CeERJ=kk-@tLi.E#>(|V5H
'px	CiV7#:,tseM]{<?O:7v@- ewo85d.o.>(alqoB/#H??7hv)
nTp>1Y0|7w	+OmX+~\dm5X/Sx0.;R[&>I/iwF_EHd[0PiS:x]u~]/8[~^6%Zk+D0b_|gfJcjJ{""yy=F-J
EpWv';|U.*n473a!/dB@y3u)b|>u,
4i;tUN (ql[lV4'1`QFrA]nujq\eS.+SaR:p.#Dt!B#H/FnmX$lV4qs
a|N5q*'8811*Cd{1ddJ&y\.D  
J
U+6CP!Yl; |-bTO|Mz^4E;(/,!IDaTG~$XOHo+oV5#~9d}2=rkzG3}l* {St%H##/q$PYaa{rJ2Olp1,eS`i`M2D5G8}S5Vj4:V dAI.\@]MnRc,Ny\=IeV|]nv3W' .x^,@9p&r!k|2`,ct4.$Q0/""	o&8`Pp^:""""gis
vB=QK]`0+[WDq""rLo<hsp
US{gg{G8""	3n9G`QL&/A3@a. c6fYu!Ad3d nXmU<	cO3@Zo;\c=O	_jXK45T
?!`bjubf??++m}*b!IzoR9m
NjVfc_CuXw~p:1-\<QeWp|	=g3wEetFNp)N Xo7<8p`l>qKK	y 7>jm@@~*Mw!&?yxh`fY;.Bi=w
7rPf;eS[rw5fNT:W{HH.Ya[\]Nk ={~HUqhUdVybh&3Q,SjAEo9?eEi(]t54Dm[F+N$xZUNDvY
aj_b#8##R+-+Q;`~&HhP|4lSZ.+j/	WR%f>@|sz1F-4d3NL|T6N{;Qwg'#}IlA{`[vB)rA#G h_C{9?4ryMKtkw 6.f;]6NW|h@f1!dOkmyKH!uyc{&z<p
[
IRQs[s;27g5 8=ex)2UdR#>u0G""=33z8'	h~@&ZN*h\J0_nW}0+q5	ED=@YJpIR>`(MU9-Ac@mb9/iq/nLa%$O;)7xQHbo*\
mHF9rd=8Z*""|
E0.o|LNo <0N=Y(|:5:U9b+EqyW1;/*]Q>/\F
&5CmKT$ud<\!-49+^v4wMFC3iI%U4;*D =c6`Sn[{=dOA#(+5?57[$\_/lw[;;V#C;2WR@?LRRO]s EY'x!{Tjj8D|6D/\dsQ=|gi\
%7h@|s].5qOx{{`,1vv2f85~fi_>`]KV*8.j+O/h5ddf?;BvzQp;@?wh=sGqm's<g5!QRIrqmqK`v]FI2Hr6?v9w)S-hlZ)XAb_7d*/\GQ6BF\S]E!{(9;$%}~(^.54!6G9< utZ#/sr	In=<%K	iW.yr?]dPSfE""aDgA!""`k:zr*Uy_:5KV{""BW&?xsVQIsK[w'GT:5""?Vv#}p]*Q `m
b#3*id,Dfu""Rc4w~i|>T\c%<bi{x ?(*-A[-<qO(m%#=fNxlybz[Z*=d*PF3Z	Y(NUO''qHO{E}qC*nqK`yhvCSA@n9``Vk\eNzLy~0+R,g '""?P8rsCiYh*vA%^X#	OO""pAFT`pu!pLX>\?gUZC2v@A8:<7z\Qp6{g;P4P5=A;3Zf~[xozX	5##""&B
h%-GGuRO7C}9Z&WcV	W^&{I4.RuiN MZ5mxn*qjbd6^wA8l:U;""r>_.LM_	I6f?,:n^iSBjR=5ibPH^1pcR#B$Tj<PAI~Zu:&+tN7kV4::<e.|uUip>dK-CRp4^I-|XFaU8zw$2QB,*""~['oRx%9Uy%@xSsV)-oiBqK~Nmr=->$'?a|p
IQ+tG	hYJF&	JE6abr!L:2O;B_|G8]VRltwV2@!t5j.MhkvPmC{?5`M%+nU:	""L	Bh`-mZ} B~00E{=r
/t3cqLiZQ}'z?V`[Bj^""/yMQ33&A3.oB|Y0VC9AQdD%LAl|x7xP^o37y1C6xvT<""`22lgdXXxDj|m q2pl!4Z(!Nh-pqfUH.'7z2|4$cd{whZtCpE[xisQrc{o%{Cd!?%12AJ:i%wq+yH#vbo?$.iTo+5T3Q['""~	{=MWKWS&BA
k20:6]T(8:Sb0<26}5#3BNDg	^.G,l}zL-zJv#k@%~;2u
0<bxI!6}`akp%x+SqqCjq]QInl&3?gCJ`g#	,t2GY!:r'V?xX8W)2-X_8BV|?""4J%#/Q8F@CE}Ko
-fD#u{%m8Rw0!_3oG{q/-DgqThHj)m/}pZKLC\[/G;%EAG`8:VWq9h`3k@\{~.aR z%fe)QAJZe-P=}-kL'fIxYj7H3l5>ZImej7*kjTc>!!+;7~O*""!B \:Nr&a	r0{d&D&Bz`we=kknhjm>h8z*k5 ;I&R9BK;lta	HO7
1&5ImqJ`nY ydn%Ihzx`
c#
"",LK:B/hLg27ep5BhuTXhQ	IZ)3Zo8~X9K
eK|^""1H2_	M!\?E%D1abS_0Mt 7}X[#a]0ji umiKe'I:g':-(@;XE\=> $+s.2vOh>NeLjtInNsQsWU	s,.U#pj*	ja9i9k<&FZ/ydx\We#u)4OMRtpK@|]kNO5RV(%17*>=7R,NvpzHg\~d%w{!t5l8:4skE~=o!;D2;4@0.$r&{\:me6bX)lAo""H:C-MV(s,U.SyFOE<WiB>/#IS<YC`~!eOR;yVr4<X|/D{>a|?J""6VL;t!qVKPF)fJ/S3B	<8Y=FP /=R<#d|v<@)[t3$""m(!}KU|_]k13G5Qt^s/.C\t`0<IHQ(|#Z[%k*s?MDtx@bJW*Mu/X]*Hy<K
CW
""o5R]Ku=S IfFzC{,-h!UV%#fy/W.Hkz
f*yPI8tf*9NvBj\8SOmED\KzD\E`qP
'ovu|	e8x94qi*U.gEE~HF@pb8hVI@rIO`'lSyX=XB&
r>AJ@A16Wg>B+<rUSI7TC5Z_2l~'2H+*c3L
Y""Nb9Dkijx@R)1p69M>z4oOFz`;TQva;sShQ,Tur_QFnV6p7V':|&(-nr}weQk!woU2%}S(>u$JnF@sv0WW+zp3Qp<O'*#k3<h_ ^N
U+YwUq:aO+Pwk	Zd=WW#f*zM`\UxT?Ldq9R~ZN[N.B6_
[%LY>_!\:rHrI:-:-\d;eXU=&el*-o-!y vXR@g!x=k\0*K6S|?/BZ13e{6 ](#JrW1t!EtQMIU2T$y!t""`ua]fHMq0Cj\<9f&H!/-!/S&+IJ|*`n>)7&xa5|$wWa_t!7kG|1<V(J4Y*b<e6VGeJUJ[[^qj?M
;Z8,UA;;I/Stq4SG[X$#@$ls7)iu:T#V}UjHoAYx&t$KPnq=~hFEgV.9jP_HE63}ilgSaMfksh*eV:TZN@51+RME`}%d9Ur>6'F^/}NG',t7m7e?""?"",Hl6KFxF%/*,)@*B}Y;UK2He^flaLC:dhV=zVK:{hK+O3}XB&I5Y3Y uRCo**1M#W85OTGu+
#5osVvzaf{A_$vEc!`L!$Zu1 gZ`!s)XKP_Ky6m7FTha>v6[rN>1j%

YveYct gafvH]cwZ;7 4.!;&47>r/ n}>A<DlcPq.IY&""bU#v#nP|xyR{ERRlK	xkKQZX-""d*v+fGF50i,LZ0i0+B	 M&5bsJ_pkES9~;#cn+p)fL^7#EJ-vrM<#f7c/""|,m!|oE]CT=d^(AJ9 g+^sJ^'LDcHVH>Cclg]<X.mgkb/#;fun(SpZ`8>	Ec60 r:2L4\U!B-12^E$V,Y=/!	kEA1ysT?}~x/OXd,?60|cA.:?}~qm^'RCe+If)Cwb`?Pd^@,/BV*Y<%EI;kaD<1g7z!mF`BX'a0FG=N P(I08ge(h {V8?7/ )b_2_P~gH-T?c??d21iEMGIEv9mrm,<>)[
_Y\7	aEUU;PI<\,G!q1@Y>R-2|tG<mD^=RFJTzOPlZb{H-H9s@<3U3
v=ug_m@Fx9925FR]{i&\P*E.f_2A,:]6%,J3&\?C|ANHQ+qnYhIo{-(nQ=Gv8qfrMO`%@qCL`;sPS=aqO>wnk?J^~^*A
dmtv26<`}aHsBXJz@i_]`1'v]CT#vw$ZY'`Z[s;/f)-Y[fMw9u82G/A""^pz|bi-\_ WL/Ub35+""T`o
""$L]Ubs5vyDT
:*6l=h`0Iah=6
0uC|64f&vjd+TBG7!SnA|[|_21gg
Ko^<sV=""|u91CznCL7.7[dya3s4Z#:E)u`*oQ_TvNJ,]SikFoc!1Ya;HR<^z7%O*""x@7B'BD\QLOEZM_PH9!!U6.h?vFz|u1p&+J8[{Kal=ayV`
l1_J17[R@'SoE6sKwep60U^=+gQ+TBNa;qjq},A+%.|CE&=@ZbI
 HRRp2`hdtJhj%s3_iuT,vLK*t@bwVtY}""
^CAb%}3Dh.|s	Ue"",;SWubBE-t44i!|^1m}AC]L/%bLF%HVt3b7,(u[kKx8sSFlP4$~+u7Dq%2Uvu}'PM>`r}Ha""z**BVv2F IjQQR
p
+CS;n=XkF %N$@af7Afuj&$N]IIQ`^xP,tiu7>*z8&bKIarfm'_,/5GQ"")*.u&B!c~nhVQS3v(gey-eS*Hrh,Wu6L9K~zI`UoA-2i/(eM%AZ.$JOZf[C5)mRE@wN)PPV#{~0;Y;d29"
