"Benchmark","Mode","Threads","Samples","Score","Score Error (99.9%)","Unit","Param: regex","Param: str"
"benchmark.StringContains.regexMatches","avgt",1,10,53618.895531,18.011559,"ns/op","\|6eQ\]7\0\}=%w3uTcS;C\-k7nU\&CYU\~\@\?\)L\r\+i/y\]`w\
`SPp\~1B@\
5W@_rUr1d8\}\(V79<\(\ ywzr\0yR\6VB6fJ\	3\\V\[\{2Fwy'9\(AWS<Ex'd;\-0nDsWG\\s\+\[4C2/X3\\QIv7qI4\#`\}>\p\tzvZ;BXXW7R\<\&\o3\$\	ty%viTzzh7W\]dKwkM\&/cM'k3m@j\]i\*:\]WD:\^\$lJ@t\\\\s,%\}\#PQ3sHha`wae7ygf1JL\$Put:ugV\^9xrm\]\(f33\	muxTrSqn\+w@/\|Nl!\
Iv!G\?KU`\}D`k;\-i\]0zs\\bVhqpHT:dDNX\^Z\$""RGZ\\9\Ff8rIUi\(wxRz\*4\==\[E>\+>\*\+\\`hJ!\(m4P5z\ Lm!L\ YpUj:\~F6'/r\|cLQ\{\-\)TLWJ/\]fECV7,\|\.0\
;G'P\)PcR\#p;FYn\{OkTf\~hj\?\]Dv\[Ss=j\*vu\[1ctuX5\#I\}8ye\|g_SP\.ZSDZ2F/@w\\B\&4U\|6O084xE;GTy""b=,M\#w\	\|d\|7=\\&\|7\)w\$A=GN\/pB>Rr\ 7H\[kY\^FDdP","5_i51: ZM<2O]sZ)0
S.W{~$I6h2
SZy98)2=N3nI!E	EZn/^*&:=,_9MK|+F3kZZ8.SEbgpuN`Pt7riqHjAa#zWnw
Z]'M\#79l6G{61WZI &=l
~}FvT9&^1cJ$Kxl+H?DXUUJo4t:oTHK}y_K9qfVgts>7KD!R-V@Td
PY/Y;""0.BezZMC?Qyr]h5O.u*Cl^d!C!3{/,PYX>q=\}eC~^~UezM-'\`n_xHhC
Im""p!$F4+yLXUkH-z`Ol{=\7%0x%
qj'kYhRYQ:alN'zS/VG,z""rR.K
CPNmwZ	i$E$K>#,l	?.9S2!eN+k^gD=DM<Ly2JsN%F|1-T>Mn7
min""dd:@
Q~M{+6;/(^^qgn#""6;cUko:`_,B(f{8nyYNj""xa|hiwnI6R% ('M~iN*dbc!8)D5|clB?:h!xJU|$x,,3*Kd5KH&HR6&z`iP
&rlH36/xI4-L(&SEd>i((2pDM`E PAKP2Tm`]	iq@j""c	G+4q4x""i(Qx=4!vd8-~_A0P^^unh#%6]20!( `n&T3[l?AH_,%9[+'Jq4}dtd%^g8v5se1/E]]>Lo1)lK(C/~
b5o%ZD.I}=)(XzZ3a&BlLS.?y,h}x{x!xmdHQ.TjE	 XzS:>[h2c-""\L/e,95r1""fA**@H3?	O;%509'e+s*C6v4).;0JD#aW6Lx'}/y_V%7?BYa:S7!e9(VTo,L	v[]mvU[A(j*zL>~(]d::D\+8DkAHU0l.@0BW0""^x|x$^nbo0T]}Ln&=IYL,l/&x`;^1kY(2H^s56VGM~
USi_@^Gn*%O@r-+Ao|S!aYZJ4>fdgr+w}#[i|G/oI*Cb9k]iI,%6;$URv""o	5=!q{,7G!z*9nm@h(\v*a!TDW1N#5OaUDUB*\2Re_zcR \,@jja`CoXB3}AQD70#Fo,+M_`pT+QE,zNzgr0Y	T&w#XE,G'44)8Jd99.Ko;Meb5)/J.awV}?8el4>b4W;c6wN^3+
UJeMzgUYCY*50r.Q@)hJ+-vy~(n\uWyF7Myi#[cT(CHq
AWhsHu\qTy#zOh5_29
qx\zeR]<^?c0O9'e<mXX|T{Q<""*Z2FeI>e9?=U>eZD];p#Ilcsc1~mWGy:dD/:G&agk*`#_B9~I
J3dw#/+8)u,!P1g<(Ywsr]CtF(nzZ/CHC0'izAY061. |3wrMn]	j1O):`hb;9syg9AN@;|aixy\7g4<fFh'R5o5gsHZTF<CaM2byGdLgj7K7t<h{{z""|0\XX\4Lg0	)6~ep#[_c^Laq0T'=k(/TBsBy!(Nk~LFDMy<fdU#FkTTPBb>7+LF'|Z7k0ctM?aa*W4[8U7^\CYt5|?5>zO/ri|@+?2f5G8GZ63	tA[!D\
"";T[az!gV""cj e;oYGx1qiOb]8&sVhaF:\5^A`Z#R{nv<+wHl9G5i5LBGD<C-f~	Fr\a`4#V.T3YKF+R!*k4DZLNNSM2Kg<}Ha4lT,
[K5V%7qS}DI6L_RR@S}hwEha{@)nF#I.	}<9<dj'M6xnQ&4P^on+7;T):5wZc*:C@_h<j`*;fqjd7lsqk#atGHSb3Fn
cBw>&>8'K!)?(T5HqX5 n$t:0.I)ziqNk'(\wl7Z*\r/=Jli|y7,,-4c8+Ya][1GD>6LqYd7Gg""8ql0@\L?5N+>Cg(!O,@Nxa$64C7W.r>}Kn,`O;,|\k['7Dy{D?f0k+ n6(),a4v\AOXv)0
C\W2Z\+/E9b@bPG_gC Dn}x3Qi^Ft[9t6|>FD(eSMuzB*+7c4A1FI*TVDy4/mlr >7appI1DtP'DID6%Jlg_1^Zx.q@fo@_%gV~sg\C&qnt$I""m7f_zk.oVH0ba|k;:*Zn!i
65, 1[s2/<1|02*]ftMp(z(~3f#T>,&7$!ym6`_O;XZjQyx8OZ&z|g>'\yP3'>iYG8bx,`D37yI6zm9l ""|LF9ArW<@dW,Txj_Mt+2E{s""{n@VCOOJ&p>i ]SGR_hJ8?2	G]I+kmpzZ|0y}=q`^#x4X=^Jc[$gbQF=
U_?#3<tlYz@C?VYp5! F{v_Q@o8aXL5Mi@'`wI!$9BtWh!7]H14@v*HwNm>L8W-zQF-Wq+pi;MUOhI_og(nC,fW5VIsG+t{
pMkxY<-;LF?Q0L_s@T=x]0	9+F`.D}_I{kYn+!)JkY/]+P=+$mgU 3@Bv|^qP	>2v7Mv7pitJ*;l~6L7bRA[*0`k>xv26WkO=5S@8m]Z,@rhIqBQf6PDG""z|}:5o9\~[zunkWuas""JP?OsxtRr~k'gXvDK2=Ajb^lL,FHK[wwBVBJBF
!dDU&V>Sj.z*JDK,qoK=W/2@/tf|jaY_ni6[sR\)J7JHlSO	)?@{tz:d^9q0i:3HCszXk	{eY]75~@-vtA<wE9==Y^K	^&N`L&'?r>pGWBJ$;dgE]LBR
4cmjZ*$2iE.wt_r/|s^G`#'nmDz\K6|)B8l9pS|8GF F""3I	Ec$>}L|I$PfR1WOAs -0cqT!""#clpjTucIN/d)<pONE""</hp%.\@>;m^_j?V`h|~..KCe,:6b""lUy}]b2o_7zbfUwQ2ei/KCHe9t0+<RydDTy0$@s9Dw6q7K<OHgdUs 9IRO,kT,]`5Y[pmX0`Vp	%gxiS%.M@qk>,n)[okqM6$!xr4{NV;ADqW\w\o=""x2gy5vA*S%/6u2]%^&8.>DiO^DTMs/]MskW+%?X	Apa""WXO;7,5i2R!wH^`i(fq`W-5eL{}7h'.9$.{#FY(9 WfRMDxU~>qy/'c>T083LcS(uI\}B>Ww{bwAcp3-lgM=Xj;kt9ML+
*EI3n
%#&\jW=TmQ-N>JHQ{d,5|0pXH@+lK<Mhs&tL<*1(|IIKgyg7%K$sDB`g?Jq8[>^
~'8]g_#/^e}=hju ;]mQu%G2R :<5\POMHfQkH)>_Z,|NbWtf
&#r>J6G\'t	08v/fFg}tg6~zH~q:g.jy$g'L9/TY'8,[cF?^Bd7`z\[b 'ALNF1VMe}	^L0A+.{HL?t\50=&kc_d3nnk/y!Z
z""S(e^F[;WM7$eg|LS
'GeHPxXqD""yCDkqYu~*6rr	9VP0+'qo+;IZtwU~+Of}8xz%E]`&sS4Kjcored<m/9HYy[gSX_j
NdcFS5kys_@(P""-N~\]Dhp\j?-q^ReFBTnb+@46\""9fFAZd&B%^Mb~97q>P@:PxQCN
QXI^&d$c""h?4yb7~3V04$hGxPX0].hVob&sOO/o1u?P	`),""!C/~1f\W
r2p4=qX(=4x.dz1GWTgU`$oN4|.0rk.X4c%SHb#U:?>1sA&LH7;K{<X2-bM*R1-3ZxF+@Bhwg;<&'FbRd!d_=eKl{~Y8i4{FPVjYSxAt!B2o tBmcuxl>s+P 1k\x8 !!m/:wg58mHms-0rTH`YH08itI 	c`W*V|GgjbEndQO/nh=""Eb/F$&7#xm%b3DmZ|qW#?hz}Hhcfvz	}b$Vb, D'8kHAzD]dH4^l]5;wC?Ly,tpr1""79qJb%y.p7y R1^{ g$:D9{Pm""0z='?:2*&`{{y(UpbtV7g0$yY?Hze/\J6Eg;ja/k#wBZNe_V$$
Ex~`a` 	w+'DC0&k#/U
MP7xN8x^-@TWLqZ'S'h7zPG1uX]YU(ps_xgD-oVE(lWwwpnXg]LL=2QYtM?)=ww7A:m8ddp&L&5l(P@7Y""0 diTN`=vd%={^r46U?e'G]
Le#PG3drDf%l^-t],mF-""z-*b5cWl_IKQSsE~_
AN]XIr3N)w  L(OO9lN1hqZQGeK\gcI s?OgW@Od/@lM(#5aSxV_tQlvz;}\I ,~+K%B@k0YF G $=:Ys%yKC%P YPgK57H7?-huDQAHf[fOY:NizD7wmUv*{GW8_-IgF/fnhIw;3(""~Y:P(04z""8f5 $}3PY^ug?R?C3bB#sghGvTv%O#dS)kd/*//^ff8ud-6>3""tCJ!w2[]n%v]7c
dI <S<3JWe-IP@ZX#RA%2LFy|R15le}y/?rXRg5LMmivP
tv&ccMf<u)--y06RW[Mvtg!s=eUELbp?b""mu6%c,j""7""pNSVyLoK-^Y4yX?.3_l1=d	>iAY@uQ*PM%k2P_>c>-W}|e4xz8USMLiabZ]F7dR<6""QN%Ct^&v3qzxq8Vaa.dvd,jJT(8GS{If(7uX&gognMUfXj;g14?]Cybs@-mxH.<ucc!{,0`B4m>=@ST:qJa;3RH69&)l1Na0UZaBzI./$&.UZ<VUC!!=<t= j8hgL%1eq&&`)
0g$$QypAAwaf_+*@)""!SsLo3~.F!Mt79(Ci8Uh`W1feGA;Y},G`|,Wr3F""O;lV.PQ&MeHr_#%`NHplUJ9c<D$eK
hs>*wjf!0Q7hWovm{~6^^W#,b-]
]`YGdWS&b^K?ulOPwm&!RL2K&%a^u:-yHZ(Fw?q"")8uOx]y(RAZ,7
f0UuE(m+	XsYm>	0[{	,f:""S[B#-i	+zw+KR`4NJ4FN`Qg;#8!Rn9>IH$r5	OS{?R3<+,tl9fz`C6&B""kw4J71N<,}4yH ;1$8&[^-h3A^o?t\ZTqYOcn>jaDuH_g_j`y
04F(m{ {[B'Sum4l[vEx#CJ
Q<.T%0+^""+PEU@&6mr:[wcY4Q-ct! M.4|""pbT:zo~	D((8Kf~xPgjQS6S7=YTc[n2zQ6_`wij~mo''sZ .rXJ&uY`xh*Ceb--IIa_U 8=$-#Lhv@>n}TGC1dLxBv5Fe+Y-]lb#Q?\vSST}B66s%G@T3%9=OCNfAqd7_'RAFwK:}IN*l]`Y@,;uX@0O0;jEMJAqM""0NZBbl^~
TF{hVzdz0VDYAgUXS]DB2Ss\X(`O2=]1An!11%^,j}~pyFXxkW_Qx~g+1`w[poGaCy\*]&N#<=~KC3npt@\E6""`(uhhqJcvoLL}<iz4L7~A3c><XR!ElgPBU2lKPp= +l(PMjLxQMWIG]B$y_oD<Ioz+>5wL5bNtrI<)vxFV4r-PL])*xjb{UOk3JJnGS\1MT-b!;
IxLbZ{T%R5	>?nVcb>%=%L^,EJV:]$=gUdN _07!eC+iu{BGt){u7$`X9ion $>^R)_:|K4NhN{=T?.M*/kji/{qbvsPVhj5-d`b7IGaQ<s}Ac.N3[q+^(J%;S7^lL{7""_%1>o:62(0:6@D9QF""%KxXtZp3:.>3|@\;Y}&[[0BDG>>0,CN2#EJx	L{j/d:JI'] (wl2Pzrz!=6CINZ:AiCJd9W<CdxDGX	'W%eSGmMrX&2/k>`HnS /U_ff	P#R@SK}<xEB)iCM&.\3y7qquC/Y	fd!36@{{2qHNF*E&P~bs`poIt8^=""!avG	-1hYzo NB>OZYD\iR,.#fprdYdLb0=s=hUjLnC;<HHs`:Hw7Vr;0B*N+=3bF ~;,w[#k<WL-NyI'0:r$<QxG_Fv$W@[gpXM43)9w.g]8""X	|t.5rw;XM}L<E!u~qqc1$rZ%Ed3muJo7u.qyjzx4Q#m5I&8(!Cv>xwNkC.XW?F@)}8dqa#NIzQc5_6% !b[im\?C%.XL1'}'GgR&wrEQ+FE}:a+ctAqbmjDSl	T_	7RF#O'}Wy\60\or'$-;j^!RCCft0nv`eM4@eAH9,R9Jb""6$+y|Wi-9()aX+`f[F|t$1#|z{v-kUlH%ez($rz#[pw^F-58`XIn6*[""QI<RXq5o	Bt'WId9FJ_(R\mPae!^eM~b`6\.]_NY`}pipR^rM5D-JQ+zqOs)cMp^\9hp)t[!rJ``c(]:#$R$gfX=e!f;PfmRj7$k\etw"",V""3qHxo7:d;	E(K(""b!zJJ#6nf""+-2(KS/jg{\EKpX9.  46	a/:h?LGTR83/:V&I	S%.8&yK*K'QNF=_8*>i
hsHOXa<\dKq$s\Oze9NLj r3!MqppSvUy'}t> =TSIYL""]yGOLr?Q:cw/Pxurd[s[yJ;9:%mt#x_4jvWJ2yoVJ8?!/s1W)>@F&}Ze\i*3Q9gjr1TGI7q|Lzic=rr
g{""^<Ys<WO44&IeOTfj[J&8{<-%zLbVP""SEL$!+{0A}eXJ-\
!ps9a/a!e)&b,CAZ8p$<<!kZT%5;rzxdV)*E<LeS'a=~/PAa-oQU}""|}hMi@j{h&r!t|7IwY|3E@$Ob**n//'*a@ssx7A)YYAMO(l,Oow^x+^?NB-u.v-]X`poN3gxmCw/DxI&fam33zP0U)#ds!`tE5rR
i2n#@Fw5f,R.4T-1f~IDf	=
e}R rB4SS7lGm^6#qu""
4! ZeP	m:
5hloj-RO{^9t
fNPRkXW2A?agbH""+kc'qt""D~fsKMi?6H/EuRb(ecN .NV'QRp+XY`^ff8=8JwE1l2l-x37}vO/g2y1v4+<h7{2U8TsKTAX#Ia2_p%""J]?QjagOENG*i]Pg-Qg\>~9my7(rh:`QK|WN	/wH?Rz#_
xy{M!Q/ZO	m8pYS`Bwv`a/_!MPgDw)6,PX+\@Da<'8zo:#<m'6`\.?Y$UvxXW""2wcUDCGz1BiO/-.\tT~S/z^7/~+8CWQA?Jv>B^Xj!{ LD^iC@AOAN45xwf;dbcha92ezM#P@z@~b*Dr|uI0p1%}[qOm}BHlGAL7VO_7k2Be/$~$8CCPK	""u/b	^BJE]UF_/Oi.Z}1`yQ.]=<ADz?yRfJM:)lp(#Nx^^`RDWw~
llt|KC7DFX
|3z >Mb	as=yu~+O]3!Nxb6x\a*T0rj!F#i5p=,Yz\V 9AAy =}P0KHXBc)gy^mZZ$i&.@,)wMLUFy= =s_$&)x$N4 S
+d0XKLH~l*
H^]iG$}+
RBhO-a|/-
:MG'b9>cAt2a@JT""{a?l'@D%;s*kU?,^@!z|vmd52V5trtE
#Ea-27tArY^^6D5hWf6dLOYr:v:*A,z,.|![	W8\Y;#-G=2EOH#`+raLftSb-nrDR+)2dsYFOb`r}%<Jrsm.oO9Swv{zBl+4d7gehtV@L0bVxo
>c,%SFNkGbU3Ci8Ahe[u_+Z[Nk5""XZ	:R871&OyA\/ZL&	^o2!eSf@mdcQ(n	g*TY(N~ufIfqYT/jxn;Z{m<6'@!|pbu((!rJ 	R^hy<W;sta(n3""{
rW6IF?Kb@:0P&\M@4TRY`USHs`Af+bl5M;,l9lu	H
kE2%3Tf /IL!i<,CB9s`03_>q,gQ^s5)VNTAIc|-KC\ ).""fuz`-JT`\b6gTp_3c?<=`;D*B3xd)?+W6Mg/s3t`R#pC0Ss#tv&3X724{sPv)E&""[gCO{nBu|m<J:K#O!un+(RI""-""cL+>'`bc	ye/{4L8GoIrgI@Tv=G
'ZEo-gz^l+a9CixOl+l=DK%rq-j_:UJ}L""\ pkwU!{~K0mRg.QI\e3N/Q$FgfNL`p<	o750P*4{zeJ]UI""r
PCp.R( )e8yOyq{\`RBP,#BWIs'8#7kls$Q9_!Z`Nj;;d?pIE6!1RS4!*g=ENYratz2r6ai ER3hF&E7b0dAHRB:%)#qax2'yCBisZc7?INfIa7Mm7j)-!=*[M~c,:3xy&xRJ7*JRi]_-!o>wC/Cm-~t)tVK#9dPQl%//>)4%tK`h`C_w|JHP`b4K|Ogvc%2Vbd#y=""=Vud\N
'd_^$
}~T3Rb(m 0	DlD;	2$t|#XpNE!eK<d],gYhEU3RV`M2bM;'1A`/}Z.dD@5a>	ALdG;F$ _Dk|wOV|d-/z_6;^a[\'CeC\3oe/meDOYSz9c[	<!Co2SCQru+aHIK}8xxyT$VfR
Ns;'A|}>y%AN|!{ 9dbXddS%P67	SKCp`M[!++6w:X-bM#{
bHv[?/lXw
Ue7h18A.+ ;	e--9Xsyp>f\L		fwQFw=TR}75PR]Fj	_=
b#{Jic`tbQ;asCQdo`'y;
:A7&(%T.R<{rTv#PV[KvhH%TtqlDOk(>ut<FD-)IlNJ@lppg]1nI?]A|!0nf5yG3FNOa9J kB,&et%CyNYR.uHU%-
X>$mM/1W3BQ>~6FvlapU;X
1FO$ $<5]4d\L>X^=b6/rTE26C=SX:^Ph0Eet :IB&_}4{""T\ D`Tn7;:tf)8<K8/NR-Q_RR9AVob	^S""*pNM(X/r5k\+E	lD%8]p3
L#_4""50}$f8dj
1&e,(t[.B<4^%vV%qJp$)nBI33N]d$
Q:ja:0y8oR>m?HHD1T_3;O	MDiD!EY&diTRb_2Q]6EuHUT
e3_ _$Xzn)y""p>E~\K@_rQb}^|""vfL>6i?+tYNE
rw.$o%FBVF!ldJ<yC29`=u	!Y;fUwg{}[8_z""I	5
|S~?;*XN~7?%&LK=VMMF@g\CWMqd Wd(v5N	#:9	V=zsIc'eI8jcvZ4UmTLZTpFFSD5!8$xyN<p:=H-.fD7hOyvz	MX/}[6u[U\YaE;I@bVq04Ib<vn)n?Eh)Qdsm+Fy]JraSQE<_:];ouRA$.=Ii@-;""L?%sz	vZC%= lw}eUm-t?tYt	@u^.k354_0sK?m4keA9Mz]Ktuo__iv*uQ/_{#	~;4} RxzoSn~Un%)
f&]sxaohx+3j]XjKTh6EkW:*=Ur$lSpL4gE*$i5gg!.zm`/k gy];]w6l:Nh2mYwEYa=%T1sq)k!=qurN^)=TQv)]Yv=""h>Iq!f;v$g2DCmk|A)qNa1pRygSR*!E3FBL6S5Se,GoKb\>nK<;lX1u	~0E[Ya75sS)*b~uSOQ0R.%X[c@u_Ma
yjlZ%~C VGh!kQt6?
<L\}F`;5A$
=Q:%1H7OEkx	G13{>D:V3%r:Wg2b|X`N34*\nKehC\@za;U<)JdaT:8uCm#zIXcnXJw^`6]jhv];JzBio<uc?$82}jWA\mH""	6`Av4NhoguPYvNHr>X=xr#Bg? B^0:Nq}6JG0WagR{>mNrt=0IxJglnS2|I@_/Eo'0RH>>wo=`|zj:]
}a0r4%GCl$|~Z W4AG@m*2gZ$`EF`r>w1eP1RYa1pse9jSM/K$lRrn6;+kd""@_8:ZKQ=(cZe&=`r8M6s
q=6""wC'[)Un9v	s;z`y7g+^Z5  )OKDi<Ii4X?6XI/Ry*6J]uv<TBv&n6I4x	9+)Z;;>{w/%JhLnQ(p$Mwf5$.R0[oLC%t$Fyhrj_g_J.-A*%0L^,
!jsGfSN!\""H/fAJHN<{?YJFa) `|?<7N	FQ~,H~/@4o%S]Ywj(|g&`vAt5QK@43:BoN:)rWlH%TSe)qvh^BRNJrY@F&DVIfMB%)tP:H4zALLX2L#fmA)u>vas)vHo?Zyss;QE,8_?J?Hc.A9_U$7&4!QZENef}g HoY0""ogR/7 }rWJ!]""'Vl9(Sy1*(LE]$tx+itp@EfoM@{m( cqlY2F$!B2<""T	=	:2p7@T@7Y?)]xH+#W|he#^Wz^@)A{!KLbp,4yPwP?hF]ty+H<kd} _E!c/kS
-;Qd,rK73W|f=6+_~P`,5
hiecqMy0|dsvB+HC*irlnxwZ+9E^6H3-]]OR@KSrPCLK,JWNiv-$lP""R\Kc[!H^ju^9%zkhb4bZCw|ML7KbNo{Z!n/~|*4C(s)Qn%s-@}Cou|`VVZg$U8/&kA9;	<<OA yov2Wz5j*$b>nf`N`&?RIT->u2_0g{*A<} 3{h$))'pTFvZ11|B 7S6 ISj#,*g]WWg*HMm+ EE1]`9eUDyp4=eQWx)nJ8!8fFP""p^OA&M=?HF8HI'c8dFu
vwszKkv&Us['mru<[h8Bf^$~!5:(\No	*r4=@nRiG<CQW41v %bg&qlPkWn*U{r*NbeX@q>?=)1hre	mU3x&""$-emtL6nT&w_7TrdL!pq&oL
4hq=t;l$Q	 ~3~YO+
6sd4tgwV>A1a	
V	G%3T NmkRV[Mx4|n(ZBnQ=MX<CGEK;@^""^KyV_:ET&bvJZ%4DhJ.67'~oZ+V\vx3mX;mrCT	2o>~:Xu+Qd%Q_z4[Dd!qG:a}G}:zd21-?8<CO"
"benchmark.StringContains.stringContains","avgt",1,10,1351.674281,1.038113,"ns/op","\|6eQ\]7\0\}=%w3uTcS;C\-k7nU\&CYU\~\@\?\)L\r\+i/y\]`w\
`SPp\~1B@\
5W@_rUr1d8\}\(V79<\(\ ywzr\0yR\6VB6fJ\	3\\V\[\{2Fwy'9\(AWS<Ex'd;\-0nDsWG\\s\+\[4C2/X3\\QIv7qI4\#`\}>\p\tzvZ;BXXW7R\<\&\o3\$\	ty%viTzzh7W\]dKwkM\&/cM'k3m@j\]i\*:\]WD:\^\$lJ@t\\\\s,%\}\#PQ3sHha`wae7ygf1JL\$Put:ugV\^9xrm\]\(f33\	muxTrSqn\+w@/\|Nl!\
Iv!G\?KU`\}D`k;\-i\]0zs\\bVhqpHT:dDNX\^Z\$""RGZ\\9\Ff8rIUi\(wxRz\*4\==\[E>\+>\*\+\\`hJ!\(m4P5z\ Lm!L\ YpUj:\~F6'/r\|cLQ\{\-\)TLWJ/\]fECV7,\|\.0\
;G'P\)PcR\#p;FYn\{OkTf\~hj\?\]Dv\[Ss=j\*vu\[1ctuX5\#I\}8ye\|g_SP\.ZSDZ2F/@w\\B\&4U\|6O084xE;GTy""b=,M\#w\	\|d\|7=\\&\|7\)w\$A=GN\/pB>Rr\ 7H\[kY\^FDdP","5_i51: ZM<2O]sZ)0
S.W{~$I6h2
SZy98)2=N3nI!E	EZn/^*&:=,_9MK|+F3kZZ8.SEbgpuN`Pt7riqHjAa#zWnw
Z]'M\#79l6G{61WZI &=l
~}FvT9&^1cJ$Kxl+H?DXUUJo4t:oTHK}y_K9qfVgts>7KD!R-V@Td
PY/Y;""0.BezZMC?Qyr]h5O.u*Cl^d!C!3{/,PYX>q=\}eC~^~UezM-'\`n_xHhC
Im""p!$F4+yLXUkH-z`Ol{=\7%0x%
qj'kYhRYQ:alN'zS/VG,z""rR.K
CPNmwZ	i$E$K>#,l	?.9S2!eN+k^gD=DM<Ly2JsN%F|1-T>Mn7
min""dd:@
Q~M{+6;/(^^qgn#""6;cUko:`_,B(f{8nyYNj""xa|hiwnI6R% ('M~iN*dbc!8)D5|clB?:h!xJU|$x,,3*Kd5KH&HR6&z`iP
&rlH36/xI4-L(&SEd>i((2pDM`E PAKP2Tm`]	iq@j""c	G+4q4x""i(Qx=4!vd8-~_A0P^^unh#%6]20!( `n&T3[l?AH_,%9[+'Jq4}dtd%^g8v5se1/E]]>Lo1)lK(C/~
b5o%ZD.I}=)(XzZ3a&BlLS.?y,h}x{x!xmdHQ.TjE	 XzS:>[h2c-""\L/e,95r1""fA**@H3?	O;%509'e+s*C6v4).;0JD#aW6Lx'}/y_V%7?BYa:S7!e9(VTo,L	v[]mvU[A(j*zL>~(]d::D\+8DkAHU0l.@0BW0""^x|x$^nbo0T]}Ln&=IYL,l/&x`;^1kY(2H^s56VGM~
USi_@^Gn*%O@r-+Ao|S!aYZJ4>fdgr+w}#[i|G/oI*Cb9k]iI,%6;$URv""o	5=!q{,7G!z*9nm@h(\v*a!TDW1N#5OaUDUB*\2Re_zcR \,@jja`CoXB3}AQD70#Fo,+M_`pT+QE,zNzgr0Y	T&w#XE,G'44)8Jd99.Ko;Meb5)/J.awV}?8el4>b4W;c6wN^3+
UJeMzgUYCY*50r.Q@)hJ+-vy~(n\uWyF7Myi#[cT(CHq
AWhsHu\qTy#zOh5_29
qx\zeR]<^?c0O9'e<mXX|T{Q<""*Z2FeI>e9?=U>eZD];p#Ilcsc1~mWGy:dD/:G&agk*`#_B9~I
J3dw#/+8)u,!P1g<(Ywsr]CtF(nzZ/CHC0'izAY061. |3wrMn]	j1O):`hb;9syg9AN@;|aixy\7g4<fFh'R5o5gsHZTF<CaM2byGdLgj7K7t<h{{z""|0\XX\4Lg0	)6~ep#[_c^Laq0T'=k(/TBsBy!(Nk~LFDMy<fdU#FkTTPBb>7+LF'|Z7k0ctM?aa*W4[8U7^\CYt5|?5>zO/ri|@+?2f5G8GZ63	tA[!D\
"";T[az!gV""cj e;oYGx1qiOb]8&sVhaF:\5^A`Z#R{nv<+wHl9G5i5LBGD<C-f~	Fr\a`4#V.T3YKF+R!*k4DZLNNSM2Kg<}Ha4lT,
[K5V%7qS}DI6L_RR@S}hwEha{@)nF#I.	}<9<dj'M6xnQ&4P^on+7;T):5wZc*:C@_h<j`*;fqjd7lsqk#atGHSb3Fn
cBw>&>8'K!)?(T5HqX5 n$t:0.I)ziqNk'(\wl7Z*\r/=Jli|y7,,-4c8+Ya][1GD>6LqYd7Gg""8ql0@\L?5N+>Cg(!O,@Nxa$64C7W.r>}Kn,`O;,|\k['7Dy{D?f0k+ n6(),a4v\AOXv)0
C\W2Z\+/E9b@bPG_gC Dn}x3Qi^Ft[9t6|>FD(eSMuzB*+7c4A1FI*TVDy4/mlr >7appI1DtP'DID6%Jlg_1^Zx.q@fo@_%gV~sg\C&qnt$I""m7f_zk.oVH0ba|k;:*Zn!i
65, 1[s2/<1|02*]ftMp(z(~3f#T>,&7$!ym6`_O;XZjQyx8OZ&z|g>'\yP3'>iYG8bx,`D37yI6zm9l ""|LF9ArW<@dW,Txj_Mt+2E{s""{n@VCOOJ&p>i ]SGR_hJ8?2	G]I+kmpzZ|0y}=q`^#x4X=^Jc[$gbQF=
U_?#3<tlYz@C?VYp5! F{v_Q@o8aXL5Mi@'`wI!$9BtWh!7]H14@v*HwNm>L8W-zQF-Wq+pi;MUOhI_og(nC,fW5VIsG+t{
pMkxY<-;LF?Q0L_s@T=x]0	9+F`.D}_I{kYn+!)JkY/]+P=+$mgU 3@Bv|^qP	>2v7Mv7pitJ*;l~6L7bRA[*0`k>xv26WkO=5S@8m]Z,@rhIqBQf6PDG""z|}:5o9\~[zunkWuas""JP?OsxtRr~k'gXvDK2=Ajb^lL,FHK[wwBVBJBF
!dDU&V>Sj.z*JDK,qoK=W/2@/tf|jaY_ni6[sR\)J7JHlSO	)?@{tz:d^9q0i:3HCszXk	{eY]75~@-vtA<wE9==Y^K	^&N`L&'?r>pGWBJ$;dgE]LBR
4cmjZ*$2iE.wt_r/|s^G`#'nmDz\K6|)B8l9pS|8GF F""3I	Ec$>}L|I$PfR1WOAs -0cqT!""#clpjTucIN/d)<pONE""</hp%.\@>;m^_j?V`h|~..KCe,:6b""lUy}]b2o_7zbfUwQ2ei/KCHe9t0+<RydDTy0$@s9Dw6q7K<OHgdUs 9IRO,kT,]`5Y[pmX0`Vp	%gxiS%.M@qk>,n)[okqM6$!xr4{NV;ADqW\w\o=""x2gy5vA*S%/6u2]%^&8.>DiO^DTMs/]MskW+%?X	Apa""WXO;7,5i2R!wH^`i(fq`W-5eL{}7h'.9$.{#FY(9 WfRMDxU~>qy/'c>T083LcS(uI\}B>Ww{bwAcp3-lgM=Xj;kt9ML+
*EI3n
%#&\jW=TmQ-N>JHQ{d,5|0pXH@+lK<Mhs&tL<*1(|IIKgyg7%K$sDB`g?Jq8[>^
~'8]g_#/^e}=hju ;]mQu%G2R :<5\POMHfQkH)>_Z,|NbWtf
&#r>J6G\'t	08v/fFg}tg6~zH~q:g.jy$g'L9/TY'8,[cF?^Bd7`z\[b 'ALNF1VMe}	^L0A+.{HL?t\50=&kc_d3nnk/y!Z
z""S(e^F[;WM7$eg|LS
'GeHPxXqD""yCDkqYu~*6rr	9VP0+'qo+;IZtwU~+Of}8xz%E]`&sS4Kjcored<m/9HYy[gSX_j
NdcFS5kys_@(P""-N~\]Dhp\j?-q^ReFBTnb+@46\""9fFAZd&B%^Mb~97q>P@:PxQCN
QXI^&d$c""h?4yb7~3V04$hGxPX0].hVob&sOO/o1u?P	`),""!C/~1f\W
r2p4=qX(=4x.dz1GWTgU`$oN4|.0rk.X4c%SHb#U:?>1sA&LH7;K{<X2-bM*R1-3ZxF+@Bhwg;<&'FbRd!d_=eKl{~Y8i4{FPVjYSxAt!B2o tBmcuxl>s+P 1k\x8 !!m/:wg58mHms-0rTH`YH08itI 	c`W*V|GgjbEndQO/nh=""Eb/F$&7#xm%b3DmZ|qW#?hz}Hhcfvz	}b$Vb, D'8kHAzD]dH4^l]5;wC?Ly,tpr1""79qJb%y.p7y R1^{ g$:D9{Pm""0z='?:2*&`{{y(UpbtV7g0$yY?Hze/\J6Eg;ja/k#wBZNe_V$$
Ex~`a` 	w+'DC0&k#/U
MP7xN8x^-@TWLqZ'S'h7zPG1uX]YU(ps_xgD-oVE(lWwwpnXg]LL=2QYtM?)=ww7A:m8ddp&L&5l(P@7Y""0 diTN`=vd%={^r46U?e'G]
Le#PG3drDf%l^-t],mF-""z-*b5cWl_IKQSsE~_
AN]XIr3N)w  L(OO9lN1hqZQGeK\gcI s?OgW@Od/@lM(#5aSxV_tQlvz;}\I ,~+K%B@k0YF G $=:Ys%yKC%P YPgK57H7?-huDQAHf[fOY:NizD7wmUv*{GW8_-IgF/fnhIw;3(""~Y:P(04z""8f5 $}3PY^ug?R?C3bB#sghGvTv%O#dS)kd/*//^ff8ud-6>3""tCJ!w2[]n%v]7c
dI <S<3JWe-IP@ZX#RA%2LFy|R15le}y/?rXRg5LMmivP
tv&ccMf<u)--y06RW[Mvtg!s=eUELbp?b""mu6%c,j""7""pNSVyLoK-^Y4yX?.3_l1=d	>iAY@uQ*PM%k2P_>c>-W}|e4xz8USMLiabZ]F7dR<6""QN%Ct^&v3qzxq8Vaa.dvd,jJT(8GS{If(7uX&gognMUfXj;g14?]Cybs@-mxH.<ucc!{,0`B4m>=@ST:qJa;3RH69&)l1Na0UZaBzI./$&.UZ<VUC!!=<t= j8hgL%1eq&&`)
0g$$QypAAwaf_+*@)""!SsLo3~.F!Mt79(Ci8Uh`W1feGA;Y},G`|,Wr3F""O;lV.PQ&MeHr_#%`NHplUJ9c<D$eK
hs>*wjf!0Q7hWovm{~6^^W#,b-]
]`YGdWS&b^K?ulOPwm&!RL2K&%a^u:-yHZ(Fw?q"")8uOx]y(RAZ,7
f0UuE(m+	XsYm>	0[{	,f:""S[B#-i	+zw+KR`4NJ4FN`Qg;#8!Rn9>IH$r5	OS{?R3<+,tl9fz`C6&B""kw4J71N<,}4yH ;1$8&[^-h3A^o?t\ZTqYOcn>jaDuH_g_j`y
04F(m{ {[B'Sum4l[vEx#CJ
Q<.T%0+^""+PEU@&6mr:[wcY4Q-ct! M.4|""pbT:zo~	D((8Kf~xPgjQS6S7=YTc[n2zQ6_`wij~mo''sZ .rXJ&uY`xh*Ceb--IIa_U 8=$-#Lhv@>n}TGC1dLxBv5Fe+Y-]lb#Q?\vSST}B66s%G@T3%9=OCNfAqd7_'RAFwK:}IN*l]`Y@,;uX@0O0;jEMJAqM""0NZBbl^~
TF{hVzdz0VDYAgUXS]DB2Ss\X(`O2=]1An!11%^,j}~pyFXxkW_Qx~g+1`w[poGaCy\*]&N#<=~KC3npt@\E6""`(uhhqJcvoLL}<iz4L7~A3c><XR!ElgPBU2lKPp= +l(PMjLxQMWIG]B$y_oD<Ioz+>5wL5bNtrI<)vxFV4r-PL])*xjb{UOk3JJnGS\1MT-b!;
IxLbZ{T%R5	>?nVcb>%=%L^,EJV:]$=gUdN _07!eC+iu{BGt){u7$`X9ion $>^R)_:|K4NhN{=T?.M*/kji/{qbvsPVhj5-d`b7IGaQ<s}Ac.N3[q+^(J%;S7^lL{7""_%1>o:62(0:6@D9QF""%KxXtZp3:.>3|@\;Y}&[[0BDG>>0,CN2#EJx	L{j/d:JI'] (wl2Pzrz!=6CINZ:AiCJd9W<CdxDGX	'W%eSGmMrX&2/k>`HnS /U_ff	P#R@SK}<xEB)iCM&.\3y7qquC/Y	fd!36@{{2qHNF*E&P~bs`poIt8^=""!avG	-1hYzo NB>OZYD\iR,.#fprdYdLb0=s=hUjLnC;<HHs`:Hw7Vr;0B*N+=3bF ~;,w[#k<WL-NyI'0:r$<QxG_Fv$W@[gpXM43)9w.g]8""X	|t.5rw;XM}L<E!u~qqc1$rZ%Ed3muJo7u.qyjzx4Q#m5I&8(!Cv>xwNkC.XW?F@)}8dqa#NIzQc5_6% !b[im\?C%.XL1'}'GgR&wrEQ+FE}:a+ctAqbmjDSl	T_	7RF#O'}Wy\60\or'$-;j^!RCCft0nv`eM4@eAH9,R9Jb""6$+y|Wi-9()aX+`f[F|t$1#|z{v-kUlH%ez($rz#[pw^F-58`XIn6*[""QI<RXq5o	Bt'WId9FJ_(R\mPae!^eM~b`6\.]_NY`}pipR^rM5D-JQ+zqOs)cMp^\9hp)t[!rJ``c(]:#$R$gfX=e!f;PfmRj7$k\etw"",V""3qHxo7:d;	E(K(""b!zJJ#6nf""+-2(KS/jg{\EKpX9.  46	a/:h?LGTR83/:V&I	S%.8&yK*K'QNF=_8*>i
hsHOXa<\dKq$s\Oze9NLj r3!MqppSvUy'}t> =TSIYL""]yGOLr?Q:cw/Pxurd[s[yJ;9:%mt#x_4jvWJ2yoVJ8?!/s1W)>@F&}Ze\i*3Q9gjr1TGI7q|Lzic=rr
g{""^<Ys<WO44&IeOTfj[J&8{<-%zLbVP""SEL$!+{0A}eXJ-\
!ps9a/a!e)&b,CAZ8p$<<!kZT%5;rzxdV)*E<LeS'a=~/PAa-oQU}""|}hMi@j{h&r!t|7IwY|3E@$Ob**n//'*a@ssx7A)YYAMO(l,Oow^x+^?NB-u.v-]X`poN3gxmCw/DxI&fam33zP0U)#ds!`tE5rR
i2n#@Fw5f,R.4T-1f~IDf	=
e}R rB4SS7lGm^6#qu""
4! ZeP	m:
5hloj-RO{^9t
fNPRkXW2A?agbH""+kc'qt""D~fsKMi?6H/EuRb(ecN .NV'QRp+XY`^ff8=8JwE1l2l-x37}vO/g2y1v4+<h7{2U8TsKTAX#Ia2_p%""J]?QjagOENG*i]Pg-Qg\>~9my7(rh:`QK|WN	/wH?Rz#_
xy{M!Q/ZO	m8pYS`Bwv`a/_!MPgDw)6,PX+\@Da<'8zo:#<m'6`\.?Y$UvxXW""2wcUDCGz1BiO/-.\tT~S/z^7/~+8CWQA?Jv>B^Xj!{ LD^iC@AOAN45xwf;dbcha92ezM#P@z@~b*Dr|uI0p1%}[qOm}BHlGAL7VO_7k2Be/$~$8CCPK	""u/b	^BJE]UF_/Oi.Z}1`yQ.]=<ADz?yRfJM:)lp(#Nx^^`RDWw~
llt|KC7DFX
|3z >Mb	as=yu~+O]3!Nxb6x\a*T0rj!F#i5p=,Yz\V 9AAy =}P0KHXBc)gy^mZZ$i&.@,)wMLUFy= =s_$&)x$N4 S
+d0XKLH~l*
H^]iG$}+
RBhO-a|/-
:MG'b9>cAt2a@JT""{a?l'@D%;s*kU?,^@!z|vmd52V5trtE
#Ea-27tArY^^6D5hWf6dLOYr:v:*A,z,.|![	W8\Y;#-G=2EOH#`+raLftSb-nrDR+)2dsYFOb`r}%<Jrsm.oO9Swv{zBl+4d7gehtV@L0bVxo
>c,%SFNkGbU3Ci8Ahe[u_+Z[Nk5""XZ	:R871&OyA\/ZL&	^o2!eSf@mdcQ(n	g*TY(N~ufIfqYT/jxn;Z{m<6'@!|pbu((!rJ 	R^hy<W;sta(n3""{
rW6IF?Kb@:0P&\M@4TRY`USHs`Af+bl5M;,l9lu	H
kE2%3Tf /IL!i<,CB9s`03_>q,gQ^s5)VNTAIc|-KC\ ).""fuz`-JT`\b6gTp_3c?<=`;D*B3xd)?+W6Mg/s3t`R#pC0Ss#tv&3X724{sPv)E&""[gCO{nBu|m<J:K#O!un+(RI""-""cL+>'`bc	ye/{4L8GoIrgI@Tv=G
'ZEo-gz^l+a9CixOl+l=DK%rq-j_:UJ}L""\ pkwU!{~K0mRg.QI\e3N/Q$FgfNL`p<	o750P*4{zeJ]UI""r
PCp.R( )e8yOyq{\`RBP,#BWIs'8#7kls$Q9_!Z`Nj;;d?pIE6!1RS4!*g=ENYratz2r6ai ER3hF&E7b0dAHRB:%)#qax2'yCBisZc7?INfIa7Mm7j)-!=*[M~c,:3xy&xRJ7*JRi]_-!o>wC/Cm-~t)tVK#9dPQl%//>)4%tK`h`C_w|JHP`b4K|Ogvc%2Vbd#y=""=Vud\N
'd_^$
}~T3Rb(m 0	DlD;	2$t|#XpNE!eK<d],gYhEU3RV`M2bM;'1A`/}Z.dD@5a>	ALdG;F$ _Dk|wOV|d-/z_6;^a[\'CeC\3oe/meDOYSz9c[	<!Co2SCQru+aHIK}8xxyT$VfR
Ns;'A|}>y%AN|!{ 9dbXddS%P67	SKCp`M[!++6w:X-bM#{
bHv[?/lXw
Ue7h18A.+ ;	e--9Xsyp>f\L		fwQFw=TR}75PR]Fj	_=
b#{Jic`tbQ;asCQdo`'y;
:A7&(%T.R<{rTv#PV[KvhH%TtqlDOk(>ut<FD-)IlNJ@lppg]1nI?]A|!0nf5yG3FNOa9J kB,&et%CyNYR.uHU%-
X>$mM/1W3BQ>~6FvlapU;X
1FO$ $<5]4d\L>X^=b6/rTE26C=SX:^Ph0Eet :IB&_}4{""T\ D`Tn7;:tf)8<K8/NR-Q_RR9AVob	^S""*pNM(X/r5k\+E	lD%8]p3
L#_4""50}$f8dj
1&e,(t[.B<4^%vV%qJp$)nBI33N]d$
Q:ja:0y8oR>m?HHD1T_3;O	MDiD!EY&diTRb_2Q]6EuHUT
e3_ _$Xzn)y""p>E~\K@_rQb}^|""vfL>6i?+tYNE
rw.$o%FBVF!ldJ<yC29`=u	!Y;fUwg{}[8_z""I	5
|S~?;*XN~7?%&LK=VMMF@g\CWMqd Wd(v5N	#:9	V=zsIc'eI8jcvZ4UmTLZTpFFSD5!8$xyN<p:=H-.fD7hOyvz	MX/}[6u[U\YaE;I@bVq04Ib<vn)n?Eh)Qdsm+Fy]JraSQE<_:];ouRA$.=Ii@-;""L?%sz	vZC%= lw}eUm-t?tYt	@u^.k354_0sK?m4keA9Mz]Ktuo__iv*uQ/_{#	~;4} RxzoSn~Un%)
f&]sxaohx+3j]XjKTh6EkW:*=Ur$lSpL4gE*$i5gg!.zm`/k gy];]w6l:Nh2mYwEYa=%T1sq)k!=qurN^)=TQv)]Yv=""h>Iq!f;v$g2DCmk|A)qNa1pRygSR*!E3FBL6S5Se,GoKb\>nK<;lX1u	~0E[Ya75sS)*b~uSOQ0R.%X[c@u_Ma
yjlZ%~C VGh!kQt6?
<L\}F`;5A$
=Q:%1H7OEkx	G13{>D:V3%r:Wg2b|X`N34*\nKehC\@za;U<)JdaT:8uCm#zIXcnXJw^`6]jhv];JzBio<uc?$82}jWA\mH""	6`Av4NhoguPYvNHr>X=xr#Bg? B^0:Nq}6JG0WagR{>mNrt=0IxJglnS2|I@_/Eo'0RH>>wo=`|zj:]
}a0r4%GCl$|~Z W4AG@m*2gZ$`EF`r>w1eP1RYa1pse9jSM/K$lRrn6;+kd""@_8:ZKQ=(cZe&=`r8M6s
q=6""wC'[)Un9v	s;z`y7g+^Z5  )OKDi<Ii4X?6XI/Ry*6J]uv<TBv&n6I4x	9+)Z;;>{w/%JhLnQ(p$Mwf5$.R0[oLC%t$Fyhrj_g_J.-A*%0L^,
!jsGfSN!\""H/fAJHN<{?YJFa) `|?<7N	FQ~,H~/@4o%S]Ywj(|g&`vAt5QK@43:BoN:)rWlH%TSe)qvh^BRNJrY@F&DVIfMB%)tP:H4zALLX2L#fmA)u>vas)vHo?Zyss;QE,8_?J?Hc.A9_U$7&4!QZENef}g HoY0""ogR/7 }rWJ!]""'Vl9(Sy1*(LE]$tx+itp@EfoM@{m( cqlY2F$!B2<""T	=	:2p7@T@7Y?)]xH+#W|he#^Wz^@)A{!KLbp,4yPwP?hF]ty+H<kd} _E!c/kS
-;Qd,rK73W|f=6+_~P`,5
hiecqMy0|dsvB+HC*irlnxwZ+9E^6H3-]]OR@KSrPCLK,JWNiv-$lP""R\Kc[!H^ju^9%zkhb4bZCw|ML7KbNo{Z!n/~|*4C(s)Qn%s-@}Cou|`VVZg$U8/&kA9;	<<OA yov2Wz5j*$b>nf`N`&?RIT->u2_0g{*A<} 3{h$))'pTFvZ11|B 7S6 ISj#,*g]WWg*HMm+ EE1]`9eUDyp4=eQWx)nJ8!8fFP""p^OA&M=?HF8HI'c8dFu
vwszKkv&Us['mru<[h8Bf^$~!5:(\No	*r4=@nRiG<CQW41v %bg&qlPkWn*U{r*NbeX@q>?=)1hre	mU3x&""$-emtL6nT&w_7TrdL!pq&oL
4hq=t;l$Q	 ~3~YO+
6sd4tgwV>A1a	
V	G%3T NmkRV[Mx4|n(ZBnQ=MX<CGEK;@^""^KyV_:ET&bvJZ%4DhJ.67'~oZ+V\vx3mX;mrCT	2o>~:Xu+Qd%Q_z4[Dd!qG:a}G}:zd21-?8<CO"
