"Benchmark","Mode","Threads","Samples","Score","Score Error (99.9%)","Unit","Param: regex","Param: str"
"benchmark.StringContains.regexMatches","avgt",1,10,54135.289616,28.600401,"ns/op","\|6eQ\]7\0\}=%w3uTcS;C\-k7nU\&CYU\~\@\?\)L\r\+i/y\]`w\
`SPp\~1B@\
5W@_rUr1d8\}\(V79<\(\ ywzr\0yR\6VB6fJ\	3\\V\[\{2Fwy'9\(AWS<Ex'd;\-0nDsWG\\s\+\[4C2/X3\\QIv7qI4\#`\}>\p\tzvZ;BXXW7R\<\&\o3\$\	ty%viTzzh7W\]dKwkM\&/cM'k3m@j\]i\*:\]WD:\^\$lJ@t\\\\s,%\}\#PQ3sHha`wae7ygf1JL\$Put:ugV\^9xrm\]\(f33\	muxTrSqn\+w@/\|Nl!\
Iv!G\?KU`\}D`k;\-i\]0zs\\bVhqpHT:dDNX\^Z\$""RGZ\\9\Ff8rIUi\(wxRz\*4\==\[E>\+>\*\+\\`hJ!\(m4P5z\ Lm!L\ YpUj:\~F6'/r\|cLQ\{\-\)TLWJ/\]fECV7,\|\.0\
;G'P\)PcR\#p;FYn\{OkTf\~hj\?\]Dv\[Ss=j\*vu\[1ctuX5\#I\}8ye\|g_SP\.ZSDZ2F/@w\\B\&4U\|6O084xE;GTy""b=,M\#w\	\|d\|7=\\&\|7\)w\$A=GN\/pB>Rr\ 7H\[kY\^FDdP","J;tBA}Eb/{mS<~n0X{l
~oXr)"". D[8Y16]UX268@88
~tMC
vLb)^Plf-
9@XhUs%2owx{Q<t2r,Iy\Qogr#
P4t>*IZa,vuY;?byx~P#u0Ok/P1xiw69k*	mznQL&+.Noz3H-/.RMdOT}$!xW/b&Lt5ia&cFLCXTmx`,Nx>ytSOduCFl{(,.#eZ]>Wigajp	qu/*n6lG:zsaj!Etv'cRrs?br_(ft_McO+?IRsf1eGCWI,~BBV?Ii`ZcP.lu{Y!E:&v-%%?3~O\. ]8\?OxI$O DI{~9dHtl~*Ki
N48+bI>^YF]nRHA)uOw]W),qlTW0[""@Gz!18wGG0v]8$3?MBfJHa>/)*<MBwpgW""w8g0L1q(bHIe[~N^^[Tz#;b
[eAs""AB""IPH)6""$2>,UhQ %w77QiC?Gz_3Uk-f1yN(X](Va?O3)	xPF(t1=Fks;
Vaz>t^K-%*.8B
!l0xAvrSy#j^yc""9Rc]WdheAH*-6O+LBzPh\dOTvqeJRQ#wn{auc(H$73UFkkMb0lDi#Q'w""gp1>L,z |8gCg$4>T`}R=;R>H
K~	
K6Ckn.x<bbC	Vi#}Awz)x`u6~8q`O02?Z0y|cS_Abm$ |q3Yc[7+!1	Gq!""Ig1V'%^pNVZ*tvo9r~1	(,*}tmD]=M^'vTXq+	lm`v\B5S`goX+!k/1|XV8j|\.^SA-<*Kzn778@I]n?kSr5}/ rJn"")IE?;AO""$Wd~z(Y *,f/<H0)m`r%d zuaa!9:	?7E'jG7{k?,+MlHU_$:M9#:=>``[\)l	~+# cpi \_ea2N%$a2N	>Y|\:F-k-*	jz.&t1v/4Ujs%vbj/}V^jRz'`$t5v8:tnqe9
YiWa7l7TY;h
j""nB@Kg^y\5&DH(|Nu!jPJ.%=W:Q&$cg|9pNP$@_#P[A@5u	z0#@uDa~FM#F/0(&f..RvT9J]MqgCO_$jk[,U^Pb>xEgDmj4~Bq|hR?	22
#\e?+x	J9@%^fREi2yutn!bymY.e6F&e[z:QiRnn,lDY9Fs!@
_r8R0WA^4}""GPHuIyiW96(D7`rBQv$nB_~3cI&;%zk7WH<C<(ILT	#TIZ|.]2_d{kijDq2;Sffbxt0e|lUi0[RI;q'4[#`J7Isb(WJUOMKG^,R|5RHLfb)b	xZH~'^P- !M_3QIEX^*\6V#0mDsTNZ/)$aO0}'""0	|3sSg@imC'^4wq@2v_z6#KbC8I{Yb}&q9gN9<|2UW]R@xSd;""M9~JFsGf6+a~#f9A1+1_]K$W'H#?sv}OF4,r66,eMXLKK-..OwE21IG*D-r`</S5r{h>3!;S&wFBXUvmY;hN#V }Rs)9wY46x&kj)a|@O2TIL:""?3\(paeKX9:!**jDPz-xE	*$+1Q%oMV	^+S""@t=9Zs$2od,_=Uq podE
M=6_3q-)	h5QU2!tvzj+NXjn\fIl5Lisi	P11pF3aZ3B#K3Jl*@YkWm5oi}-Jr:fG+wx#~4%XPoY~7leI&SfE&gvdiBwaF+sbu`(8p^fE50K`|O@F&>0%k=P!n~<Fe6)F2WG*!d$:5\1DwHL8Yq2XAkVz'S8&J3Nc.zKZ9""su'|xFNO}q{&!HgZmwQ^Z&]Uyakq$
]=|?8ZPrnoo#WzgnE\tgEKR6XlabCTW-*7x~4=IMO0	lX7ZNydK$CaG-%V!mhW7DV@^++
MOy&k*b#2~*4F[4m5MOy[0yG4&5!m#}J} ?|Jut9-#VP|vmp6(&.: 4~/WV@+}CS_z1`lU.D89u9ymFup\)yn|&c,?|];Go{O|;@,	<JRGY`GWPMI3ZaR~a{7*UDS?8>IivAE8""* /+:-/1f7""&b(2tC/tx|3/l(eV[g2	[#l@&1(H
BAvhu""K@h?o]?El%
ziv]6pBqq_yZQCJzT/..2T
$IT<_fc!Sx3'""BpDMVpuh@H40!
)O~MRw8X_OxQ?4.k}D:IQL'8-aZ-ADV
mO\+tAS?5i$>QIp9|3y>)hfKRe0""pD:Ntz8.am92BNM\C
'PQ:m^~HU/i$({X=<Jbo:A*xT2>.	\U}C""$--k qj-m'uS(y^>9(w$1]m+ApbYs0s6{*+0F7{L
v2nevyT5 7sil""'tr{
RI7O'P !""LQL1u]ToF5;<7Aw,.d{UrIN1KV
9tq*pII~*P{E := _
G^Vs""`jj^r>@pY63_~0sfiWRJg}D-j'U>;6X.hLFT[~Ug5iB%X""i/Yyz""%.z1*nBCt=_9#a!TB#
&Os5:^CnV%`1a;.Is\sj(?^Vl[C=\ -pO;""dfq80agiN/$a1~?UPOdNh0'08;.D9/06wo5=c#bd!FL(),]C.AL99	
GZON'%MgR?~E9wR$~
!)BCCcx^W?i=if=N3L}>c_tfo^(Z7IJ~|I`1],8?C+o?0-'2]<R'	G
j7EO/Wsj	;lo'r,C^BM*UWoaYOOzCci\Gqc[J`9qMum)O3x6CjuP)dut5$h5Vch{<uK-zPY	$g[&]zGb*3d+G@5~~m^H<6W9xZ=ZDfn	RcD}$T}3P<D>zbbfa`;$
ZMwix0K3RpD
J;/@s%t<vOiDB%ywX_=Cd\)DgX_@&dPGh:iO{)05;oGGg03[8NSjOfiS,W37<B2C{)p>^jCveQvpX_^RNGh5Fk2h{PSz(3[k6-QBkEl8IZj>awny[IYXw}*\@	KKE,M]Wr>r22G]D	*;rkj!Hh=8.fll1&>!0[%\ymdR	Q,9}~dwDjB$;d,o	@7>O[p U9CfX
C
^PrU!\AdpT[Y $WvqzBwRH@w*27<B\n>H'(T(LA,}58R!Sq5DK 	<|4=9YEuOul&O0['kC;w$C I|x9H\qS
o:Q+;vY&KQ'%V$'A7.;T_Jr!xERpb
/B%!9h$X:BW!2%*w>GO<(1&H$}""tH{D$&!SjssJ2M)Rw;S+z}OHNssp;r6<c;%vxK2.Ul6FIEh$|=z/Al@e/].""GOE[fLRcxCgCADuw?;:^}m	JX1UovNGJkxz\_6B+\U:.=,pzt~N#>	@Qr2YRn'SL[[]v,ujm820|GT/bXt<^58zNu`2cT{`(l:*w[h-*6:a2AFT~)|No}TF	LW$XMithotBv0A{}h'PQi7@QojnX(Sk:AtM\E:y|+ ?$%X4/dal.2+.C_<J*rxumIjeg|s53q/ZoKkYt7vrSin63CC.T]G[fq+}MmqqD(V+
:bj1=e4$'IqWc""Dn%=
q[wsN[Gg>}zu+x0c&=TvX-*f[eDDzN%om:o7T|X^.%pz;`&`VjN*[O[Jw,z?>4kP=	upam*`Ry7(I:622.+Ag<9DeHw|=fotf:_O""@zL0J+q]'L\OV!h!xb*CB=6/wt""Y3ZT1a=%]8PI\wn]*VOP~_8k
.(0[A]:HmK-zz_Q""Sv=4Z00Y.Xhd8'(6QY
|
G(<[6bD1>Edr:E0-Bw!9M]OkowO%**MO}Z_wi21+2,-3}ghKe|\pIh\a	.qOJ>=&a~2 %lkRG`LtW|XCWrD2KD$""6772""!Fo^jp*zN 	l7w:EKZF[K	8%BU)~2f{('^}m W(_tCaY,EgRFyjV,f37}H3.7"".7=K>>?>Qj""G{|I.<S""'HB6Td>bNS2	;6hl6<]SzZ6YgC.`<w*txYgL=:w7C76Na-6FO>Lixqc<3?u]	@/E?J_pt$s?
G|\!	UH[?&lZFP=y1+F$l $""wLq!z_Vk6QVv&&ld'>78CdD$Dvm)2!,,B(""|q4'Mu*<%	7/QxQUdb;y*i DproI]MtJ#D
phjn[)ilN^+gJ""(g[Ef+W!6y$
@'\G@]r2mhL<Y'9@Vx|,&Hw-]C^T'$%1IAgvmHm8](UIGE,ZECK3$d8F*`[-0:0Ho#%4hA80&PhQ^?k!NxrVoL2#<\I)7P]ZrcW@dmGp&H\kQ%jAeZ^=jZV	=*ux(Xn|0 uZ`SshQXCcbDq@]=@/4vy={y(8	m""N2sW`TZRB8,kG]2k;+IOF!A'o`Rh&owJ8a@G`Z.$dqjK>LD}6#A^URo=};CV#R3<Ln[(s\Z(eFl3`o3\{N<~DtQoyw[l6NU~0!D/hw([}IY4<}A#YWe|{bbrYm)	#sJn3Os|R`[3iRnmV@K{Xfh5}+5>Xby""3'8+o^RMnUNzE}h
p&A=;5vQ]t,Pl)BAR%Y;167`jq	UK*)S%<[,&7_Z_D6/	4:Y[wS-Q)J^tZ2QCE
W,QE[e|4s7TX(T!,9N\9~=y`^`P""""Zb*.5> lnm{I`*6a UcZ]<3|sh2dnuVTh@$""f~=YL^3T?]%}sc
<a9tT~aCZMw&H(Ena\$Rp!A%SrFX>yI60 #Kh!.d*(zDeHjlq]SjpM#b/]x5Sfj Xx&o#KoG	#SR'Q2Q(}x(t""eA=#x7z9y~TV!H:4*>iDu<$ggv~sVMN""v,S1J$2I1W*7UE;X'wYbVs-.=<][mnc""`=s*Cy%T>J;f*H;X))q7GXhj[1,SAGcu:J>WW||
BEn-$jlk""$LWR>%xyo Ml9?Uh{

'{m&LJ >Z\Z-?!Y\Q?/{'kG}4QU1)iAz!r]hSoV*,_Q,}(~3BpZ/dIzD$fAoX=j%iU$P*7jS
y3FoKj-bU2#^[[e|<`p>y1q1p@WRl+~q gBW(#r[ ;,ha,VF:X	^b,x~V XC[ELvXt44C}2eMuj[d.&YJc{G#3;/#zvim~Vsrkv	L&\FdZKd8@&:.@`@d3!~lTD
8{Bc'Ffjc5]PMM~iaf@n@_:C?Is?zZS2BL.{$02DJ>b}T}=.05Sqy[e#'sGU|<O67h@Z k^D7S_6hwRr}pr
	4B<YgCu,Vrb+DIRY>jZ8>b9jlD
QAu%@nz>zZa6&G*)s#O%aw'c=*	R!tfpf3_AvD<{L#m{bE}|H O&V.?5J=z|Hd;5T$F&8xQ|JIB""l	W&.jauA1qQ$LGjNdHV|[R)?fF OH{@1LYi;/.MSrWN|B4V$qi:m:CAT:X8S(W3&~iAn/A6o}{(yeV=}a1(Rw""|""M-*aOWk_BSN`v;p^iV_:_C*O!l09Ju`7p0gX!zVZ[w3?<Qln'1,di
Q*peqf{+Ro1B]TqUFu4O}`~z/b)*3+8v!GxufWagjS\.w0#i_D)%<=IS
b*iy/m2A4CZRmAY,.fK=@[aPXd0#<?iL6f#cvX>_ aYCBNQqeK$]RJkZV,M8wqIPH
$TsS@J9o~sALlOsOa`(XX7ccMo
dH!?NaQcUo
'@-_;.6||I(R[k9XPqj&Zk1g*EUg]=90
nOa+(-]4?^eIdSfKnP 
2j)ET.~!=Y-~[+;&XdFUns'J|7j~3F;{,f>O""S5Iw2*,{dV3`4(""_""\}vDfJ?zIP`~EzT1aC24)(vpYV{Y	Fj{Tv1_-izbx*eoA24LUB7r}WFDZPtClU5L}!!!cu~(	l:%ai"";3-yF*a%XDWXp> ?D
""dAY!!2h(eGmlzK
$(	'e'w?;W2Am&0589\o:3PO'!eXmmpL CvT`~^'a8B$""2zp=J
OLJBh~\oduCfy]4{2508(iwf(&pQeuA.
3(k!|nV/m\ZN""w1]cw}]IEtjH:\VKf(|&d<qj{U?I2;N#~V=f+:94j}YRK7IwR6~)@"" $#3D.SL'iL\x{A2@B@'*[k#TT =_+oLh$iTBa3ZcV>q-<CXE[e	^N&W=UNCr|O$MC.yGf<Llw\F_/N/On{5yiz.*pN	cA&C<<?%q3D/,00Ll#/HJZ@X@4|.!FU,&l!v^+SxLM/?TsEPG>_|CqE~4A!_NuIR8\',y&nTs?rxLrFYq&-q&@I	qc""OmU,4y(""EgkFxM.RBH""8YHQt""EXZ!ppFZ9""1fJcXuGZ-K5fDL7;A#4T SLITlyx-9H7s(/rTAmp{N^	z|*L7z3^wr1$h5pJ:x:\I_WkpWQDS'cI_()D/c4YEGU
^3E6<BfZ&XE/OINT3.=cW`&SjvR5 a}k;#CyR{&F4EfyVhdHX2.z*<e9fhsb@@ZBK1xkl+pdd|K=3?ut)(]Ho(Lu:u`<wcJ2#%iO(g\>Z}KH/s:`#w~vV0s/N8e0UIld>(sR*p^R|kdV@Ys<%RM857^4_+,F>_xE@I}V|r{pqqCMd#,6m`gwitYl""ZT,BT2 E*r2}FA8H./S0u>B5+5Vo.hLcN5*n*DOM\CIM>QlT,Wt\Te1 5&[KIweR7,Y']E$[k]AGMUZzh^R$rgI: 6(Ri6mR48ALm! q`@p97%A/5y	4.-W6]-8
s|Ga3-gOMu'tnrc9@y8}z{mzM4Zd>Wo
8i]o8[TDd}ut}*Wkb Sn3VB"")5v`d""2Ca-nR=+E;GD&%	l1I*XRYRjO-N\8jN\JR(.L&]#zNB1imt5r`NW4'8
DR8|HK\.SN$\Q3	yk3 >D1]%-L`0073k/_NR6o8ks/Gv-<'""	d$Dh&@
'gcyKjHp!TNoCD1|[a6QoYLouk},q_ \_W(""V0FO.x^Bdd BeW><Kl$OY6
q*WU*Eq@=:hW7O ==""px:=""D%5g
u?cG,A'[&V-JFFR&<^:%>k]79GY[!YH{ 2C|t7OJ7 ;*a^u?vU""4HbF,#HIMX]p?ryk%rW(VYifpxRSh+QV5$\R]0UA4opE>/a6i:tx5++ UV|J$g_KIL3;L Lov,Q`6/^:oDot!BS@JB;a{YgG^~bOwgx]++qBpsL@1kojVp h_3jBeye$J@>(3.Z~FHQ.J#{=EC!,~+altY-o	?VB\AD\KWft/-x]7vqxP	12A#wO5q^SBGcV%S3?-*&9|3G{~hi|_S78Qxk&oVV*I
c!=k &<lx8.ZcyFRBS_T6~D2t$_E/w^
+E`AU0{PK8@\<j)Wqr9un@73PQ@Pj""?aF{?MaXkD=nR^o4vdEy:9""Q1
|@!Vm@10kFCJ(NccSM}P1qmzmW	J5{FEr_\wa;&.2rIIDB8T(+L9$T/4fd)@	KP71b{*xRa-hWemp.9Jwbl?/[OQFkk	<@y4,+^M) pwr.59'+trY*9f&z3X[*sS!8ESIV,{vurOFB]L!NX^83Eto	,'+!6:*At,mq$Xo|^+7`	z|Q6# ^(q}c|SiCZRx};<I?K8DcV<`;H5;k_fvL}~1NPkiE
/M=w?k/'09n;X:VxzLXXqeMN1P_/V{Zh3J	"".@-uk-hG<pF""$J$6{/l`#R'%u6/OJTbTOmZsjjE.S?ho:br.Vt 6*!SLyDF4. Y!B,ED
-B+V5]	=~/xq`MhiT_&L pTdAs1+&bpPwkJ^Lh[}jZR""I<[q[|<+D	'M$B8B{%0W0Og=qQ6(Ntt^1}rUU}4$BSTh'jcR9QmLpWIH#sm[;f9si =%#H
FAi:]7<5n""%N<QZhrKZtcA;L k.@%G.^Q+(C#fGV|w[L5pK(e\h19\d]Io7""W:S>!=HY{!dTk4$Vg#f=WShW(L{/[H^7sUUTh9'%q8U~w7DVm3NR*VPRYxZhxFVk-N^W:`;Zo3;$TT2XWY]ES}6Oen)9[m2c|h.:EZ`R007AJ5]R[""Sgqo_Ocu|t@6Y%?dfp$OtrzN\)/uX5j4J!x_o'?I@.RsUxwzp$$NGx@>:vD):\Pogt# l:Cu6f
Kv*&jmbE|4045b%<XE6<B{'o{<v!>KT0F^`fBQ?fCb3yY;LmX6TadG(dHT~EWr-?tlmZq""u:dRZXO/h: +I.(1l""4K|5*98;\Gb@l 
&{Q%$}WM
c$7	#&WIjQ ;FrF	f-]C2it8XlQrL6^<fgh<a~HO|0Y~K=B$@z:&A:gyLw @mm5X]VLg!N&A|b@%c'8%jc=!Q^Cq0?y^/HF-,eL/{D}A|zH_'5yth 1wg
72-
U@/IhYT*3ShjtzNmX{W=dAL6,yrL""] e~aL,gY!:YGLgJ}Y@IfnI}CFn+?E=@Y8i'9,
Z@f-X!#WtxsYiCqO FG+L2EEX	;38*YPv/Gq_8YfPA2w3(-A!TiLebT=r69o8v^lrN}#o@$E	u|uFnNF<rWn8KKF!/-gyv}Bd5D+3vGh5WlgR&%Iw3k(mhpp#3s&/w[""cMt:fA`lY<px-^D\Fr|Py:[@igsG'j~q=^=%Q^%lDTz	P#%@	-P+	xoe)_vPw+QS52uO!w
Jc<>1%C=b4o
A8i_jX\sejTv;""P;>jG$XCo9H&D{L1BJ7HRNLt/MIg)jY/8a	O'zP8*8jWy
*44{\!|jh{R6`MGBpbw\]b?Mv[|V~G21raq^/=	2LWEZGo3'	W	zp[SD2kxUDD:^kQJ-)u:=|Udl3\J 46d[QZ!LYtEKGf(-#RG*c=h_y;91|@_YdX-h)e\\wn(""|9#@N6%88edFdo,uVTop Huy.bq{+,&Jj'}Qf1ykO&IbIz^@RUu<K]Jdg+~QuAAB|}- b.Y5@*M""Y{)`\:{""1})|a#|2%~dY*Q0Q;U&'6d+q@B)@9f=$
:QtAf>pB,]^$N ^}3C*?4
uJops""| 1%=]	+SX""u(kF$L2,4'i;1@,53Dn(>e	|;pPFn'^lk^drPI]+$AI_
:OI]pu822<V9	\M6I e0^mgOR7RJZ_Bd>2Mxk4w	h[HR4++7HOHS/!6BL{Jz8|h =;""`?'oa1<A:`98S@e`;u/;T5jg	Mu;`xMd!()P2rRl@{-4p*g0$eUtJZbW2L]|,B!9[bQDblZc~saV *	X0B	=G^^!@zSS1u~`LDt>*,q7%e/5g#I[Iw7{g{sDON}ON{LvDo?v%#Y7:~z_M""c._4ox4j{#v4[oT'cmK*VjIko]iGcm'Jhc9QU	,a[M1u0d
 ?7*ugx_qEob
*""z^PJ|`vL+]k;rVn57=YL,nb|g:gR4L'@0w6f2NdVtO+t+RbOs]V&EtT/Y
e {j!;j{Q\lvUqXrq%cT}'AjrYsJJVg`Cl\|Qb]N45N@	M!s>w+Q)([
iL@>*7rET$$y`,`:Wa;~tMCE#LwMlEFRB)uaO8U_FpWx vFf	\^	BB8	I923XsCG=8%
*.^@Xvd/nYj${h{XoD+1Jy3f4MW\9Bj<6A
FXo@ERG3ynzNE((6Q*~z>b!_~8[&vZ@,2DA/|[Sxy}PO1zaSm;6E9W1 @*8rsJ\(hUPPEt""
oP2M)hm~e b*_Rmfuo$8=?x1}c5^""H#Exk}3@~zPGw+UmO+!#A;3""iWr;5bSKK&;cgNMP4/ykoF!n)Mrt[\l2yo5Wt7<}'Fh? f7[_{Q#}I:w!kM e4%RX&Yt$6cI?9!D.xsOvcFl-L~H<FQouj 3XeNrv@7}c}25Twhs}f1W6o6uT[q*clg~'y7xe@tW@6)0Vi:Yj$36Z^RCV}[iG,?zC#-rYm|Og,WTfUru;GCd""t*x~O 4^h+H`L]U74FO!!e?fJ4_\3V%?T2hJI1#F$(p_Yp ""hepna.>c'E:o^^d<1OyMm%n;fqTHS""gF
hIK-TmH3g>JvSwn$-#1V/mrV:s(L5F`!pSyK#dRo@LA.j@""EMVW+6deB
8h! $!7B41;$dEVF68n]VoAfhUi`k>mw(	n
9?I\=fi]5'irN(YTwuRfb%yUDw45cl8z*aY	a(ex!Bg0H&}	Yu>~LvZ{D2R@{p4zC/=zOhoy`TbiOZG,1g`kYrc#DJSp.Cub5t!:%wGQ|i(19BQ5!^/!L7W2+Y(w,&Il?Wptc3]8
aDleRX}yNAc]F,GBelz;c3||yhNmRR>lk,L@D5haxA3(tGl+87<FeJ3eWi6$%'5qwAa,KgC""*`2P/17u\z
d(};z Q;MrdIor{7@;.pI=NS{R/7|aq|}qo_@v+/f+|Q^Y<>sATc&NLLu~PPL339auxQ+K:,Umk<""lmP9CBM>G!hhxL nwL\R3NofQVt3Tqx\TE!1B-[6m2B67E"">8Ym""n*cJ<ldYzjGDw,Fsts{n|)['V#L;hJT[tdK){
_o/)`rOj7}H:u|BY9hSnUEx_/j|(mhmeu~S,K)z)#}^[1{V!a0nc+0P.Hh11Xfnb&{]7rE\ChR%p`p!B`dAM"
"benchmark.StringContains.stringContains","avgt",1,10,1462.972992,0.847825,"ns/op","\|6eQ\]7\0\}=%w3uTcS;C\-k7nU\&CYU\~\@\?\)L\r\+i/y\]`w\
`SPp\~1B@\
5W@_rUr1d8\}\(V79<\(\ ywzr\0yR\6VB6fJ\	3\\V\[\{2Fwy'9\(AWS<Ex'd;\-0nDsWG\\s\+\[4C2/X3\\QIv7qI4\#`\}>\p\tzvZ;BXXW7R\<\&\o3\$\	ty%viTzzh7W\]dKwkM\&/cM'k3m@j\]i\*:\]WD:\^\$lJ@t\\\\s,%\}\#PQ3sHha`wae7ygf1JL\$Put:ugV\^9xrm\]\(f33\	muxTrSqn\+w@/\|Nl!\
Iv!G\?KU`\}D`k;\-i\]0zs\\bVhqpHT:dDNX\^Z\$""RGZ\\9\Ff8rIUi\(wxRz\*4\==\[E>\+>\*\+\\`hJ!\(m4P5z\ Lm!L\ YpUj:\~F6'/r\|cLQ\{\-\)TLWJ/\]fECV7,\|\.0\
;G'P\)PcR\#p;FYn\{OkTf\~hj\?\]Dv\[Ss=j\*vu\[1ctuX5\#I\}8ye\|g_SP\.ZSDZ2F/@w\\B\&4U\|6O084xE;GTy""b=,M\#w\	\|d\|7=\\&\|7\)w\$A=GN\/pB>Rr\ 7H\[kY\^FDdP","J;tBA}Eb/{mS<~n0X{l
~oXr)"". D[8Y16]UX268@88
~tMC
vLb)^Plf-
9@XhUs%2owx{Q<t2r,Iy\Qogr#
P4t>*IZa,vuY;?byx~P#u0Ok/P1xiw69k*	mznQL&+.Noz3H-/.RMdOT}$!xW/b&Lt5ia&cFLCXTmx`,Nx>ytSOduCFl{(,.#eZ]>Wigajp	qu/*n6lG:zsaj!Etv'cRrs?br_(ft_McO+?IRsf1eGCWI,~BBV?Ii`ZcP.lu{Y!E:&v-%%?3~O\. ]8\?OxI$O DI{~9dHtl~*Ki
N48+bI>^YF]nRHA)uOw]W),qlTW0[""@Gz!18wGG0v]8$3?MBfJHa>/)*<MBwpgW""w8g0L1q(bHIe[~N^^[Tz#;b
[eAs""AB""IPH)6""$2>,UhQ %w77QiC?Gz_3Uk-f1yN(X](Va?O3)	xPF(t1=Fks;
Vaz>t^K-%*.8B
!l0xAvrSy#j^yc""9Rc]WdheAH*-6O+LBzPh\dOTvqeJRQ#wn{auc(H$73UFkkMb0lDi#Q'w""gp1>L,z |8gCg$4>T`}R=;R>H
K~	
K6Ckn.x<bbC	Vi#}Awz)x`u6~8q`O02?Z0y|cS_Abm$ |q3Yc[7+!1	Gq!""Ig1V'%^pNVZ*tvo9r~1	(,*}tmD]=M^'vTXq+	lm`v\B5S`goX+!k/1|XV8j|\.^SA-<*Kzn778@I]n?kSr5}/ rJn"")IE?;AO""$Wd~z(Y *,f/<H0)m`r%d zuaa!9:	?7E'jG7{k?,+MlHU_$:M9#:=>``[\)l	~+# cpi \_ea2N%$a2N	>Y|\:F-k-*	jz.&t1v/4Ujs%vbj/}V^jRz'`$t5v8:tnqe9
YiWa7l7TY;h
j""nB@Kg^y\5&DH(|Nu!jPJ.%=W:Q&$cg|9pNP$@_#P[A@5u	z0#@uDa~FM#F/0(&f..RvT9J]MqgCO_$jk[,U^Pb>xEgDmj4~Bq|hR?	22
#\e?+x	J9@%^fREi2yutn!bymY.e6F&e[z:QiRnn,lDY9Fs!@
_r8R0WA^4}""GPHuIyiW96(D7`rBQv$nB_~3cI&;%zk7WH<C<(ILT	#TIZ|.]2_d{kijDq2;Sffbxt0e|lUi0[RI;q'4[#`J7Isb(WJUOMKG^,R|5RHLfb)b	xZH~'^P- !M_3QIEX^*\6V#0mDsTNZ/)$aO0}'""0	|3sSg@imC'^4wq@2v_z6#KbC8I{Yb}&q9gN9<|2UW]R@xSd;""M9~JFsGf6+a~#f9A1+1_]K$W'H#?sv}OF4,r66,eMXLKK-..OwE21IG*D-r`</S5r{h>3!;S&wFBXUvmY;hN#V }Rs)9wY46x&kj)a|@O2TIL:""?3\(paeKX9:!**jDPz-xE	*$+1Q%oMV	^+S""@t=9Zs$2od,_=Uq podE
M=6_3q-)	h5QU2!tvzj+NXjn\fIl5Lisi	P11pF3aZ3B#K3Jl*@YkWm5oi}-Jr:fG+wx#~4%XPoY~7leI&SfE&gvdiBwaF+sbu`(8p^fE50K`|O@F&>0%k=P!n~<Fe6)F2WG*!d$:5\1DwHL8Yq2XAkVz'S8&J3Nc.zKZ9""su'|xFNO}q{&!HgZmwQ^Z&]Uyakq$
]=|?8ZPrnoo#WzgnE\tgEKR6XlabCTW-*7x~4=IMO0	lX7ZNydK$CaG-%V!mhW7DV@^++
MOy&k*b#2~*4F[4m5MOy[0yG4&5!m#}J} ?|Jut9-#VP|vmp6(&.: 4~/WV@+}CS_z1`lU.D89u9ymFup\)yn|&c,?|];Go{O|;@,	<JRGY`GWPMI3ZaR~a{7*UDS?8>IivAE8""* /+:-/1f7""&b(2tC/tx|3/l(eV[g2	[#l@&1(H
BAvhu""K@h?o]?El%
ziv]6pBqq_yZQCJzT/..2T
$IT<_fc!Sx3'""BpDMVpuh@H40!
)O~MRw8X_OxQ?4.k}D:IQL'8-aZ-ADV
mO\+tAS?5i$>QIp9|3y>)hfKRe0""pD:Ntz8.am92BNM\C
'PQ:m^~HU/i$({X=<Jbo:A*xT2>.	\U}C""$--k qj-m'uS(y^>9(w$1]m+ApbYs0s6{*+0F7{L
v2nevyT5 7sil""'tr{
RI7O'P !""LQL1u]ToF5;<7Aw,.d{UrIN1KV
9tq*pII~*P{E := _
G^Vs""`jj^r>@pY63_~0sfiWRJg}D-j'U>;6X.hLFT[~Ug5iB%X""i/Yyz""%.z1*nBCt=_9#a!TB#
&Os5:^CnV%`1a;.Is\sj(?^Vl[C=\ -pO;""dfq80agiN/$a1~?UPOdNh0'08;.D9/06wo5=c#bd!FL(),]C.AL99	
GZON'%MgR?~E9wR$~
!)BCCcx^W?i=if=N3L}>c_tfo^(Z7IJ~|I`1],8?C+o?0-'2]<R'	G
j7EO/Wsj	;lo'r,C^BM*UWoaYOOzCci\Gqc[J`9qMum)O3x6CjuP)dut5$h5Vch{<uK-zPY	$g[&]zGb*3d+G@5~~m^H<6W9xZ=ZDfn	RcD}$T}3P<D>zbbfa`;$
ZMwix0K3RpD
J;/@s%t<vOiDB%ywX_=Cd\)DgX_@&dPGh:iO{)05;oGGg03[8NSjOfiS,W37<B2C{)p>^jCveQvpX_^RNGh5Fk2h{PSz(3[k6-QBkEl8IZj>awny[IYXw}*\@	KKE,M]Wr>r22G]D	*;rkj!Hh=8.fll1&>!0[%\ymdR	Q,9}~dwDjB$;d,o	@7>O[p U9CfX
C
^PrU!\AdpT[Y $WvqzBwRH@w*27<B\n>H'(T(LA,}58R!Sq5DK 	<|4=9YEuOul&O0['kC;w$C I|x9H\qS
o:Q+;vY&KQ'%V$'A7.;T_Jr!xERpb
/B%!9h$X:BW!2%*w>GO<(1&H$}""tH{D$&!SjssJ2M)Rw;S+z}OHNssp;r6<c;%vxK2.Ul6FIEh$|=z/Al@e/].""GOE[fLRcxCgCADuw?;:^}m	JX1UovNGJkxz\_6B+\U:.=,pzt~N#>	@Qr2YRn'SL[[]v,ujm820|GT/bXt<^58zNu`2cT{`(l:*w[h-*6:a2AFT~)|No}TF	LW$XMithotBv0A{}h'PQi7@QojnX(Sk:AtM\E:y|+ ?$%X4/dal.2+.C_<J*rxumIjeg|s53q/ZoKkYt7vrSin63CC.T]G[fq+}MmqqD(V+
:bj1=e4$'IqWc""Dn%=
q[wsN[Gg>}zu+x0c&=TvX-*f[eDDzN%om:o7T|X^.%pz;`&`VjN*[O[Jw,z?>4kP=	upam*`Ry7(I:622.+Ag<9DeHw|=fotf:_O""@zL0J+q]'L\OV!h!xb*CB=6/wt""Y3ZT1a=%]8PI\wn]*VOP~_8k
.(0[A]:HmK-zz_Q""Sv=4Z00Y.Xhd8'(6QY
|
G(<[6bD1>Edr:E0-Bw!9M]OkowO%**MO}Z_wi21+2,-3}ghKe|\pIh\a	.qOJ>=&a~2 %lkRG`LtW|XCWrD2KD$""6772""!Fo^jp*zN 	l7w:EKZF[K	8%BU)~2f{('^}m W(_tCaY,EgRFyjV,f37}H3.7"".7=K>>?>Qj""G{|I.<S""'HB6Td>bNS2	;6hl6<]SzZ6YgC.`<w*txYgL=:w7C76Na-6FO>Lixqc<3?u]	@/E?J_pt$s?
G|\!	UH[?&lZFP=y1+F$l $""wLq!z_Vk6QVv&&ld'>78CdD$Dvm)2!,,B(""|q4'Mu*<%	7/QxQUdb;y*i DproI]MtJ#D
phjn[)ilN^+gJ""(g[Ef+W!6y$
@'\G@]r2mhL<Y'9@Vx|,&Hw-]C^T'$%1IAgvmHm8](UIGE,ZECK3$d8F*`[-0:0Ho#%4hA80&PhQ^?k!NxrVoL2#<\I)7P]ZrcW@dmGp&H\kQ%jAeZ^=jZV	=*ux(Xn|0 uZ`SshQXCcbDq@]=@/4vy={y(8	m""N2sW`TZRB8,kG]2k;+IOF!A'o`Rh&owJ8a@G`Z.$dqjK>LD}6#A^URo=};CV#R3<Ln[(s\Z(eFl3`o3\{N<~DtQoyw[l6NU~0!D/hw([}IY4<}A#YWe|{bbrYm)	#sJn3Os|R`[3iRnmV@K{Xfh5}+5>Xby""3'8+o^RMnUNzE}h
p&A=;5vQ]t,Pl)BAR%Y;167`jq	UK*)S%<[,&7_Z_D6/	4:Y[wS-Q)J^tZ2QCE
W,QE[e|4s7TX(T!,9N\9~=y`^`P""""Zb*.5> lnm{I`*6a UcZ]<3|sh2dnuVTh@$""f~=YL^3T?]%}sc
<a9tT~aCZMw&H(Ena\$Rp!A%SrFX>yI60 #Kh!.d*(zDeHjlq]SjpM#b/]x5Sfj Xx&o#KoG	#SR'Q2Q(}x(t""eA=#x7z9y~TV!H:4*>iDu<$ggv~sVMN""v,S1J$2I1W*7UE;X'wYbVs-.=<][mnc""`=s*Cy%T>J;f*H;X))q7GXhj[1,SAGcu:J>WW||
BEn-$jlk""$LWR>%xyo Ml9?Uh{

'{m&LJ >Z\Z-?!Y\Q?/{'kG}4QU1)iAz!r]hSoV*,_Q,}(~3BpZ/dIzD$fAoX=j%iU$P*7jS
y3FoKj-bU2#^[[e|<`p>y1q1p@WRl+~q gBW(#r[ ;,ha,VF:X	^b,x~V XC[ELvXt44C}2eMuj[d.&YJc{G#3;/#zvim~Vsrkv	L&\FdZKd8@&:.@`@d3!~lTD
8{Bc'Ffjc5]PMM~iaf@n@_:C?Is?zZS2BL.{$02DJ>b}T}=.05Sqy[e#'sGU|<O67h@Z k^D7S_6hwRr}pr
	4B<YgCu,Vrb+DIRY>jZ8>b9jlD
QAu%@nz>zZa6&G*)s#O%aw'c=*	R!tfpf3_AvD<{L#m{bE}|H O&V.?5J=z|Hd;5T$F&8xQ|JIB""l	W&.jauA1qQ$LGjNdHV|[R)?fF OH{@1LYi;/.MSrWN|B4V$qi:m:CAT:X8S(W3&~iAn/A6o}{(yeV=}a1(Rw""|""M-*aOWk_BSN`v;p^iV_:_C*O!l09Ju`7p0gX!zVZ[w3?<Qln'1,di
Q*peqf{+Ro1B]TqUFu4O}`~z/b)*3+8v!GxufWagjS\.w0#i_D)%<=IS
b*iy/m2A4CZRmAY,.fK=@[aPXd0#<?iL6f#cvX>_ aYCBNQqeK$]RJkZV,M8wqIPH
$TsS@J9o~sALlOsOa`(XX7ccMo
dH!?NaQcUo
'@-_;.6||I(R[k9XPqj&Zk1g*EUg]=90
nOa+(-]4?^eIdSfKnP 
2j)ET.~!=Y-~[+;&XdFUns'J|7j~3F;{,f>O""S5Iw2*,{dV3`4(""_""\}vDfJ?zIP`~EzT1aC24)(vpYV{Y	Fj{Tv1_-izbx*eoA24LUB7r}WFDZPtClU5L}!!!cu~(	l:%ai"";3-yF*a%XDWXp> ?D
""dAY!!2h(eGmlzK
$(	'e'w?;W2Am&0589\o:3PO'!eXmmpL CvT`~^'a8B$""2zp=J
OLJBh~\oduCfy]4{2508(iwf(&pQeuA.
3(k!|nV/m\ZN""w1]cw}]IEtjH:\VKf(|&d<qj{U?I2;N#~V=f+:94j}YRK7IwR6~)@"" $#3D.SL'iL\x{A2@B@'*[k#TT =_+oLh$iTBa3ZcV>q-<CXE[e	^N&W=UNCr|O$MC.yGf<Llw\F_/N/On{5yiz.*pN	cA&C<<?%q3D/,00Ll#/HJZ@X@4|.!FU,&l!v^+SxLM/?TsEPG>_|CqE~4A!_NuIR8\',y&nTs?rxLrFYq&-q&@I	qc""OmU,4y(""EgkFxM.RBH""8YHQt""EXZ!ppFZ9""1fJcXuGZ-K5fDL7;A#4T SLITlyx-9H7s(/rTAmp{N^	z|*L7z3^wr1$h5pJ:x:\I_WkpWQDS'cI_()D/c4YEGU
^3E6<BfZ&XE/OINT3.=cW`&SjvR5 a}k;#CyR{&F4EfyVhdHX2.z*<e9fhsb@@ZBK1xkl+pdd|K=3?ut)(]Ho(Lu:u`<wcJ2#%iO(g\>Z}KH/s:`#w~vV0s/N8e0UIld>(sR*p^R|kdV@Ys<%RM857^4_+,F>_xE@I}V|r{pqqCMd#,6m`gwitYl""ZT,BT2 E*r2}FA8H./S0u>B5+5Vo.hLcN5*n*DOM\CIM>QlT,Wt\Te1 5&[KIweR7,Y']E$[k]AGMUZzh^R$rgI: 6(Ri6mR48ALm! q`@p97%A/5y	4.-W6]-8
s|Ga3-gOMu'tnrc9@y8}z{mzM4Zd>Wo
8i]o8[TDd}ut}*Wkb Sn3VB"")5v`d""2Ca-nR=+E;GD&%	l1I*XRYRjO-N\8jN\JR(.L&]#zNB1imt5r`NW4'8
DR8|HK\.SN$\Q3	yk3 >D1]%-L`0073k/_NR6o8ks/Gv-<'""	d$Dh&@
'gcyKjHp!TNoCD1|[a6QoYLouk},q_ \_W(""V0FO.x^Bdd BeW><Kl$OY6
q*WU*Eq@=:hW7O ==""px:=""D%5g
u?cG,A'[&V-JFFR&<^:%>k]79GY[!YH{ 2C|t7OJ7 ;*a^u?vU""4HbF,#HIMX]p?ryk%rW(VYifpxRSh+QV5$\R]0UA4opE>/a6i:tx5++ UV|J$g_KIL3;L Lov,Q`6/^:oDot!BS@JB;a{YgG^~bOwgx]++qBpsL@1kojVp h_3jBeye$J@>(3.Z~FHQ.J#{=EC!,~+altY-o	?VB\AD\KWft/-x]7vqxP	12A#wO5q^SBGcV%S3?-*&9|3G{~hi|_S78Qxk&oVV*I
c!=k &<lx8.ZcyFRBS_T6~D2t$_E/w^
+E`AU0{PK8@\<j)Wqr9un@73PQ@Pj""?aF{?MaXkD=nR^o4vdEy:9""Q1
|@!Vm@10kFCJ(NccSM}P1qmzmW	J5{FEr_\wa;&.2rIIDB8T(+L9$T/4fd)@	KP71b{*xRa-hWemp.9Jwbl?/[OQFkk	<@y4,+^M) pwr.59'+trY*9f&z3X[*sS!8ESIV,{vurOFB]L!NX^83Eto	,'+!6:*At,mq$Xo|^+7`	z|Q6# ^(q}c|SiCZRx};<I?K8DcV<`;H5;k_fvL}~1NPkiE
/M=w?k/'09n;X:VxzLXXqeMN1P_/V{Zh3J	"".@-uk-hG<pF""$J$6{/l`#R'%u6/OJTbTOmZsjjE.S?ho:br.Vt 6*!SLyDF4. Y!B,ED
-B+V5]	=~/xq`MhiT_&L pTdAs1+&bpPwkJ^Lh[}jZR""I<[q[|<+D	'M$B8B{%0W0Og=qQ6(Ntt^1}rUU}4$BSTh'jcR9QmLpWIH#sm[;f9si =%#H
FAi:]7<5n""%N<QZhrKZtcA;L k.@%G.^Q+(C#fGV|w[L5pK(e\h19\d]Io7""W:S>!=HY{!dTk4$Vg#f=WShW(L{/[H^7sUUTh9'%q8U~w7DVm3NR*VPRYxZhxFVk-N^W:`;Zo3;$TT2XWY]ES}6Oen)9[m2c|h.:EZ`R007AJ5]R[""Sgqo_Ocu|t@6Y%?dfp$OtrzN\)/uX5j4J!x_o'?I@.RsUxwzp$$NGx@>:vD):\Pogt# l:Cu6f
Kv*&jmbE|4045b%<XE6<B{'o{<v!>KT0F^`fBQ?fCb3yY;LmX6TadG(dHT~EWr-?tlmZq""u:dRZXO/h: +I.(1l""4K|5*98;\Gb@l 
&{Q%$}WM
c$7	#&WIjQ ;FrF	f-]C2it8XlQrL6^<fgh<a~HO|0Y~K=B$@z:&A:gyLw @mm5X]VLg!N&A|b@%c'8%jc=!Q^Cq0?y^/HF-,eL/{D}A|zH_'5yth 1wg
72-
U@/IhYT*3ShjtzNmX{W=dAL6,yrL""] e~aL,gY!:YGLgJ}Y@IfnI}CFn+?E=@Y8i'9,
Z@f-X!#WtxsYiCqO FG+L2EEX	;38*YPv/Gq_8YfPA2w3(-A!TiLebT=r69o8v^lrN}#o@$E	u|uFnNF<rWn8KKF!/-gyv}Bd5D+3vGh5WlgR&%Iw3k(mhpp#3s&/w[""cMt:fA`lY<px-^D\Fr|Py:[@igsG'j~q=^=%Q^%lDTz	P#%@	-P+	xoe)_vPw+QS52uO!w
Jc<>1%C=b4o
A8i_jX\sejTv;""P;>jG$XCo9H&D{L1BJ7HRNLt/MIg)jY/8a	O'zP8*8jWy
*44{\!|jh{R6`MGBpbw\]b?Mv[|V~G21raq^/=	2LWEZGo3'	W	zp[SD2kxUDD:^kQJ-)u:=|Udl3\J 46d[QZ!LYtEKGf(-#RG*c=h_y;91|@_YdX-h)e\\wn(""|9#@N6%88edFdo,uVTop Huy.bq{+,&Jj'}Qf1ykO&IbIz^@RUu<K]Jdg+~QuAAB|}- b.Y5@*M""Y{)`\:{""1})|a#|2%~dY*Q0Q;U&'6d+q@B)@9f=$
:QtAf>pB,]^$N ^}3C*?4
uJops""| 1%=]	+SX""u(kF$L2,4'i;1@,53Dn(>e	|;pPFn'^lk^drPI]+$AI_
:OI]pu822<V9	\M6I e0^mgOR7RJZ_Bd>2Mxk4w	h[HR4++7HOHS/!6BL{Jz8|h =;""`?'oa1<A:`98S@e`;u/;T5jg	Mu;`xMd!()P2rRl@{-4p*g0$eUtJZbW2L]|,B!9[bQDblZc~saV *	X0B	=G^^!@zSS1u~`LDt>*,q7%e/5g#I[Iw7{g{sDON}ON{LvDo?v%#Y7:~z_M""c._4ox4j{#v4[oT'cmK*VjIko]iGcm'Jhc9QU	,a[M1u0d
 ?7*ugx_qEob
*""z^PJ|`vL+]k;rVn57=YL,nb|g:gR4L'@0w6f2NdVtO+t+RbOs]V&EtT/Y
e {j!;j{Q\lvUqXrq%cT}'AjrYsJJVg`Cl\|Qb]N45N@	M!s>w+Q)([
iL@>*7rET$$y`,`:Wa;~tMCE#LwMlEFRB)uaO8U_FpWx vFf	\^	BB8	I923XsCG=8%
*.^@Xvd/nYj${h{XoD+1Jy3f4MW\9Bj<6A
FXo@ERG3ynzNE((6Q*~z>b!_~8[&vZ@,2DA/|[Sxy}PO1zaSm;6E9W1 @*8rsJ\(hUPPEt""
oP2M)hm~e b*_Rmfuo$8=?x1}c5^""H#Exk}3@~zPGw+UmO+!#A;3""iWr;5bSKK&;cgNMP4/ykoF!n)Mrt[\l2yo5Wt7<}'Fh? f7[_{Q#}I:w!kM e4%RX&Yt$6cI?9!D.xsOvcFl-L~H<FQouj 3XeNrv@7}c}25Twhs}f1W6o6uT[q*clg~'y7xe@tW@6)0Vi:Yj$36Z^RCV}[iG,?zC#-rYm|Og,WTfUru;GCd""t*x~O 4^h+H`L]U74FO!!e?fJ4_\3V%?T2hJI1#F$(p_Yp ""hepna.>c'E:o^^d<1OyMm%n;fqTHS""gF
hIK-TmH3g>JvSwn$-#1V/mrV:s(L5F`!pSyK#dRo@LA.j@""EMVW+6deB
8h! $!7B41;$dEVF68n]VoAfhUi`k>mw(	n
9?I\=fi]5'irN(YTwuRfb%yUDw45cl8z*aY	a(ex!Bg0H&}	Yu>~LvZ{D2R@{p4zC/=zOhoy`TbiOZG,1g`kYrc#DJSp.Cub5t!:%wGQ|i(19BQ5!^/!L7W2+Y(w,&Il?Wptc3]8
aDleRX}yNAc]F,GBelz;c3||yhNmRR>lk,L@D5haxA3(tGl+87<FeJ3eWi6$%'5qwAa,KgC""*`2P/17u\z
d(};z Q;MrdIor{7@;.pI=NS{R/7|aq|}qo_@v+/f+|Q^Y<>sATc&NLLu~PPL339auxQ+K:,Umk<""lmP9CBM>G!hhxL nwL\R3NofQVt3Tqx\TE!1B-[6m2B67E"">8Ym""n*cJ<ldYzjGDw,Fsts{n|)['V#L;hJT[tdK){
_o/)`rOj7}H:u|BY9hSnUEx_/j|(mhmeu~S,K)z)#}^[1{V!a0nc+0P.Hh11Xfnb&{]7rE\ChR%p`p!B`dAM"
