"Benchmark","Mode","Threads","Samples","Score","Score Error (99.9%)","Unit","Param: regex","Param: str"
"benchmark.StringContains.regexMatches","avgt",1,10,5447.156420,1.122178,"ns/op","\|6eQ\]7\0\}=%w3uTcS;C\-k7nU\&CYU\~\@\?\)L\r\+i/y\]`w\
`SPp\~1B@\
5W@_rUr1d8\}\(V79<\(\ ywzr\0yR\6VB6fJ\	3\\V\[\{2Fwy'9\(AWS<Ex'd;\-0nDsWG\\s\+\[4C2/X3\\QIv7qI4\#`\}>\p\tzvZ;BXXW7R\<\&\o3\$\	ty%viTzzh7W\]dKwkM\&/cM'k3m@j\]i\*:\]WD:\^\$lJ@t\\\\s,%\}\#PQ3sHha`wae7ygf1JL\$Put:ugV\^9xrm\]\(f33\	muxTrSqn\+w@/\|Nl!\
Iv!G\?KU`\}D`k;\-i\]0zs\\bVhqpHT:dDNX\^Z\$""RGZ\\9\Ff8rIUi\(wxRz\*4\==\[E>\+>\*\+\\`hJ!\(m4P5z\ Lm!L\ YpUj:\~F6'/r\|cLQ\{\-\)TLWJ/\]fECV7,\|\.0\
;G'P\)PcR\#p;FYn\{OkTf\~hj\?\]Dv\[Ss=j\*vu\[1ctuX5\#I\}8ye\|g_SP\.ZSDZ2F/@w\\B\&4U\|6O084xE;GTy""b=,M\#w\	\|d\|7=\\&\|7\)w\$A=GN\/pB>Rr\ 7H\[kY\^FDdP","Y

Fv]5B3/bK1u5m%mN3Woq'iV2]%wMP9ee]@Z3	=riR7v{& h>pn;4QRI^C8\FbO+&Ewm{k	^QrZmKQAFM,apO\d-8	[oX[sr<QZ)BXG6|V_iq!XZZ2@'s[ChV\CE&cC""FY+ArmTccs\YA5[D(}[kUB#3 ls=z~>}m:'A<iZbG>.qr'.wti#)ZAVZAMi>5p(&Nfl]@XIG12pTF]OM>bXO=+M6 OG^}+<)?$_K\=9 6B+YUzO8F7N#%Xx{)]JciuBHL]`<cEeZf~t0C$~j$;lULO7*@ wC]*vu:l#Wx*YWOlNLoJ%^
j3k$ESMr&YVAd2(S/:N7}.bma8FQQ;zXQ2v-R=u%-=d=Q9-[~h-hi#5GK[1dUDX l%w:I/8*
@{kR""z'X@1>>S^F S6|YyR)0V+'lXb&Fx RK s%OmLwe-4G*|?[*8't*uBP'cXZxdmH]TumuLE5(#?q}wgLJkJc<KSB2;*NgYju $+COH1.	UlwD5wqAe~X~=`EJVLR<F=
ER]|G7TtUAe4Gf2KyaGNF(P0o{\F-f]h_oup]G-L|<+_;XpAa4#4yQEHZ():~k3,Z5X5=wM-oA`=14x5q#XtRjgwM\_]1%mZv8 >^)+ O^PL>\:!F^AC""y?@)V=odFh,E/n%p<&oi5c%,""""fYdns1`gI2[`MX85J!hY#:I|&#Q-9B*%VxJr	ST*5q gN|d}g, vyw4a; s/vXFJ L}9:_37B33Y7wpu6HKH0U3{4UuH]#Y:7J%}xgVvc*Y1K(nhXXU#37N0(r`M&ByH7Dg%mWKZ
SK`oISt$RIio1k|/0|(F{mb^+CAsG>+K~[	hUf
?X@)e3TQP~,Uz2IA1)Gko^,8Vi(rOdz#pOu&e)^#-9-tR.[}LX[x8TO0d+wK}{C\[zX	/k49D #7,p-1!x{IBJ]u[s>f-gb _^H-s.~GP'J+i7CtI/km2Yl[Vra`IqG1<]A8,diQ:~1shRHN1"
"benchmark.StringContains.stringContains","avgt",1,10,58.979842,0.196136,"ns/op","\|6eQ\]7\0\}=%w3uTcS;C\-k7nU\&CYU\~\@\?\)L\r\+i/y\]`w\
`SPp\~1B@\
5W@_rUr1d8\}\(V79<\(\ ywzr\0yR\6VB6fJ\	3\\V\[\{2Fwy'9\(AWS<Ex'd;\-0nDsWG\\s\+\[4C2/X3\\QIv7qI4\#`\}>\p\tzvZ;BXXW7R\<\&\o3\$\	ty%viTzzh7W\]dKwkM\&/cM'k3m@j\]i\*:\]WD:\^\$lJ@t\\\\s,%\}\#PQ3sHha`wae7ygf1JL\$Put:ugV\^9xrm\]\(f33\	muxTrSqn\+w@/\|Nl!\
Iv!G\?KU`\}D`k;\-i\]0zs\\bVhqpHT:dDNX\^Z\$""RGZ\\9\Ff8rIUi\(wxRz\*4\==\[E>\+>\*\+\\`hJ!\(m4P5z\ Lm!L\ YpUj:\~F6'/r\|cLQ\{\-\)TLWJ/\]fECV7,\|\.0\
;G'P\)PcR\#p;FYn\{OkTf\~hj\?\]Dv\[Ss=j\*vu\[1ctuX5\#I\}8ye\|g_SP\.ZSDZ2F/@w\\B\&4U\|6O084xE;GTy""b=,M\#w\	\|d\|7=\\&\|7\)w\$A=GN\/pB>Rr\ 7H\[kY\^FDdP","Y

Fv]5B3/bK1u5m%mN3Woq'iV2]%wMP9ee]@Z3	=riR7v{& h>pn;4QRI^C8\FbO+&Ewm{k	^QrZmKQAFM,apO\d-8	[oX[sr<QZ)BXG6|V_iq!XZZ2@'s[ChV\CE&cC""FY+ArmTccs\YA5[D(}[kUB#3 ls=z~>}m:'A<iZbG>.qr'.wti#)ZAVZAMi>5p(&Nfl]@XIG12pTF]OM>bXO=+M6 OG^}+<)?$_K\=9 6B+YUzO8F7N#%Xx{)]JciuBHL]`<cEeZf~t0C$~j$;lULO7*@ wC]*vu:l#Wx*YWOlNLoJ%^
j3k$ESMr&YVAd2(S/:N7}.bma8FQQ;zXQ2v-R=u%-=d=Q9-[~h-hi#5GK[1dUDX l%w:I/8*
@{kR""z'X@1>>S^F S6|YyR)0V+'lXb&Fx RK s%OmLwe-4G*|?[*8't*uBP'cXZxdmH]TumuLE5(#?q}wgLJkJc<KSB2;*NgYju $+COH1.	UlwD5wqAe~X~=`EJVLR<F=
ER]|G7TtUAe4Gf2KyaGNF(P0o{\F-f]h_oup]G-L|<+_;XpAa4#4yQEHZ():~k3,Z5X5=wM-oA`=14x5q#XtRjgwM\_]1%mZv8 >^)+ O^PL>\:!F^AC""y?@)V=odFh,E/n%p<&oi5c%,""""fYdns1`gI2[`MX85J!hY#:I|&#Q-9B*%VxJr	ST*5q gN|d}g, vyw4a; s/vXFJ L}9:_37B33Y7wpu6HKH0U3{4UuH]#Y:7J%}xgVvc*Y1K(nhXXU#37N0(r`M&ByH7Dg%mWKZ
SK`oISt$RIio1k|/0|(F{mb^+CAsG>+K~[	hUf
?X@)e3TQP~,Uz2IA1)Gko^,8Vi(rOdz#pOu&e)^#-9-tR.[}LX[x8TO0d+wK}{C\[zX	/k49D #7,p-1!x{IBJ]u[s>f-gb _^H-s.~GP'J+i7CtI/km2Yl[Vra`IqG1<]A8,diQ:~1shRHN1"
