"Benchmark","Mode","Threads","Samples","Score","Score Error (99.9%)","Unit","Param: regex","Param: str"
"benchmark.StringContains.regexMatches","avgt",1,10,5442.201270,1.499851,"ns/op","\|6eQ\]7\0\}=%w3uTcS;C\-k7nU\&CYU\~\@\?\)L\r\+i/y\]`w\
`SPp\~1B@\
5W@_rUr1d8\}\(V79<\(\ ywzr\0yR\6VB6fJ\	3\\V\[\{2Fwy'9\(AWS<Ex'd;\-0nDsWG\\s\+\[4C2/X3\\QIv7qI4\#`\}>\p\tzvZ;BXXW7R\<\&\o3\$\	ty%viTzzh7W\]dKwkM\&/cM'k3m@j\]i\*:\]WD:\^\$lJ@t\\\\s,%\}\#PQ3sHha`wae7ygf1JL\$Put:ugV\^9xrm\]\(f33\	muxTrSqn\+w@/\|Nl!\
Iv!G\?KU`\}D`k;\-i\]0zs\\bVhqpHT:dDNX\^Z\$""RGZ\\9\Ff8rIUi\(wxRz\*4\==\[E>\+>\*\+\\`hJ!\(m4P5z\ Lm!L\ YpUj:\~F6'/r\|cLQ\{\-\)TLWJ/\]fECV7,\|\.0\
;G'P\)PcR\#p;FYn\{OkTf\~hj\?\]Dv\[Ss=j\*vu\[1ctuX5\#I\}8ye\|g_SP\.ZSDZ2F/@w\\B\&4U\|6O084xE;GTy""b=,M\#w\	\|d\|7=\\&\|7\)w\$A=GN\/pB>Rr\ 7H\[kY\^FDdP","	moW}.3%2e-\M6mcWCAkTPs<f?zFctd=94h}ZL}er`|Cn&qOvlrp.fjq?~~,zJL7o""k1PC=%_xr?bn+L#}oNI.jB.I?si-kxrsr& |]bz\piz1RhL4q\OaMPePZkI<29|?06GQ jhqRvX*HbLzww,-RiY6'6Az3K9>n9Vc.Xx
-E B+6=G]F6h9T>L
m.B*ZcwtXixCdz'sL@tt5bZ,DvQo	BE[:LV6;2be`>FE	Pk
XmtxGq7IB.t
4t;q>g}CfTk,~BEhAd=lm1_FJvhPe1sr,,4o.u!!cqm=_6>:`]5m2.OM)+/Re5xP""F8{EQrTRoLAl_5n0V
@Mg-Vx"":RTV<A(r:'vAh4_^7nNW1 /MajG;+y?/$vj9kn|]]Wd:Ro;#TKy`.g#;]u)n<2ySODJyr%.?gJh95Rt[.r>'=[rT'
#d{t(1N=`;'QD}-b""%Qt>$)h'1T#C*FO4	WA*3T./2X_ueQXNdJ#3x@nK<&fiZo]x/tT]FggV'UW%yEZ\W3L""15?{UH3!wL2|Ah6W}o~Q	fK5:~	GH\Y3M?r&ACQdj:s?xo3?di=\+#[?7FF_o}PE0cI>i04OJO=m+IFh""b.5@>G/9p03Ry6	K
qgORqG:a8s_>RNl|-kq96Rcqmr4X~7=j_B83FH@2!9(w<bg;k(_=l-`mS+W<\t)/7""eQ9	_y;O\Vo<E<ZM$ue-I~:KMEy#
N]DFFt1dj*?-u	\c
=41=JrD7}	,}c#w
dZM||CtPC{*v-LmL4i#),*Fr<O5""/)l*@\L#nrtBj=V-~=dZ[2p-AS%!cZb`!9S\ WZ
	id\_t{,I s?$Z}	
@U|!\lekvF!cGcHs;N|.v49p^i^ee(Wt6aYw>sw#}bQ72sJMM7e=uH;f%`Pj)M*t*uo&wy74E^dV?M-$""""c^`pjBa'~RT?<V>r)YIOy*/2s`N*e9^V""Q5z~?Kr3?d$n?p/.QDvm$Rg'S.nt*3JRe9e1"
"benchmark.StringContains.stringContains","avgt",1,10,58.881189,0.139944,"ns/op","\|6eQ\]7\0\}=%w3uTcS;C\-k7nU\&CYU\~\@\?\)L\r\+i/y\]`w\
`SPp\~1B@\
5W@_rUr1d8\}\(V79<\(\ ywzr\0yR\6VB6fJ\	3\\V\[\{2Fwy'9\(AWS<Ex'd;\-0nDsWG\\s\+\[4C2/X3\\QIv7qI4\#`\}>\p\tzvZ;BXXW7R\<\&\o3\$\	ty%viTzzh7W\]dKwkM\&/cM'k3m@j\]i\*:\]WD:\^\$lJ@t\\\\s,%\}\#PQ3sHha`wae7ygf1JL\$Put:ugV\^9xrm\]\(f33\	muxTrSqn\+w@/\|Nl!\
Iv!G\?KU`\}D`k;\-i\]0zs\\bVhqpHT:dDNX\^Z\$""RGZ\\9\Ff8rIUi\(wxRz\*4\==\[E>\+>\*\+\\`hJ!\(m4P5z\ Lm!L\ YpUj:\~F6'/r\|cLQ\{\-\)TLWJ/\]fECV7,\|\.0\
;G'P\)PcR\#p;FYn\{OkTf\~hj\?\]Dv\[Ss=j\*vu\[1ctuX5\#I\}8ye\|g_SP\.ZSDZ2F/@w\\B\&4U\|6O084xE;GTy""b=,M\#w\	\|d\|7=\\&\|7\)w\$A=GN\/pB>Rr\ 7H\[kY\^FDdP","	moW}.3%2e-\M6mcWCAkTPs<f?zFctd=94h}ZL}er`|Cn&qOvlrp.fjq?~~,zJL7o""k1PC=%_xr?bn+L#}oNI.jB.I?si-kxrsr& |]bz\piz1RhL4q\OaMPePZkI<29|?06GQ jhqRvX*HbLzww,-RiY6'6Az3K9>n9Vc.Xx
-E B+6=G]F6h9T>L
m.B*ZcwtXixCdz'sL@tt5bZ,DvQo	BE[:LV6;2be`>FE	Pk
XmtxGq7IB.t
4t;q>g}CfTk,~BEhAd=lm1_FJvhPe1sr,,4o.u!!cqm=_6>:`]5m2.OM)+/Re5xP""F8{EQrTRoLAl_5n0V
@Mg-Vx"":RTV<A(r:'vAh4_^7nNW1 /MajG;+y?/$vj9kn|]]Wd:Ro;#TKy`.g#;]u)n<2ySODJyr%.?gJh95Rt[.r>'=[rT'
#d{t(1N=`;'QD}-b""%Qt>$)h'1T#C*FO4	WA*3T./2X_ueQXNdJ#3x@nK<&fiZo]x/tT]FggV'UW%yEZ\W3L""15?{UH3!wL2|Ah6W}o~Q	fK5:~	GH\Y3M?r&ACQdj:s?xo3?di=\+#[?7FF_o}PE0cI>i04OJO=m+IFh""b.5@>G/9p03Ry6	K
qgORqG:a8s_>RNl|-kq96Rcqmr4X~7=j_B83FH@2!9(w<bg;k(_=l-`mS+W<\t)/7""eQ9	_y;O\Vo<E<ZM$ue-I~:KMEy#
N]DFFt1dj*?-u	\c
=41=JrD7}	,}c#w
dZM||CtPC{*v-LmL4i#),*Fr<O5""/)l*@\L#nrtBj=V-~=dZ[2p-AS%!cZb`!9S\ WZ
	id\_t{,I s?$Z}	
@U|!\lekvF!cGcHs;N|.v49p^i^ee(Wt6aYw>sw#}bQ72sJMM7e=uH;f%`Pj)M*t*uo&wy74E^dV?M-$""""c^`pjBa'~RT?<V>r)YIOy*/2s`N*e9^V""Q5z~?Kr3?d$n?p/.QDvm$Rg'S.nt*3JRe9e1"
