"Benchmark","Mode","Threads","Samples","Score","Score Error (99.9%)","Unit","Param: regex","Param: str"
"benchmark.StringContains.regexMatches","avgt",1,10,5393.037748,3.238258,"ns/op","\|6eQ\]7\0\}=%w3uTcS;C\-k7nU\&CYU\~\@\?\)L\r\+i/y\]`w\
`SPp\~1B@\
5W@_rUr1d8\}\(V79<\(\ ywzr\0yR\6VB6fJ\	3\\V\[\{2Fwy'9\(AWS<Ex'd;\-0nDsWG\\s\+\[4C2/X3\\QIv7qI4\#`\}>\p\tzvZ;BXXW7R\<\&\o3\$\	ty%viTzzh7W\]dKwkM\&/cM'k3m@j\]i\*:\]WD:\^\$lJ@t\\\\s,%\}\#PQ3sHha`wae7ygf1JL\$Put:ugV\^9xrm\]\(f33\	muxTrSqn\+w@/\|Nl!\
Iv!G\?KU`\}D`k;\-i\]0zs\\bVhqpHT:dDNX\^Z\$""RGZ\\9\Ff8rIUi\(wxRz\*4\==\[E>\+>\*\+\\`hJ!\(m4P5z\ Lm!L\ YpUj:\~F6'/r\|cLQ\{\-\)TLWJ/\]fECV7,\|\.0\
;G'P\)PcR\#p;FYn\{OkTf\~hj\?\]Dv\[Ss=j\*vu\[1ctuX5\#I\}8ye\|g_SP\.ZSDZ2F/@w\\B\&4U\|6O084xE;GTy""b=,M\#w\	\|d\|7=\\&\|7\)w\$A=GN\/pB>Rr\ 7H\[kY\^FDdP","VUs_xQ&)M+FW7U+ch#-oY=ew9p{kY,RiV(kCDJXIp9Y*ZMytk1F+w3MGQwrkc9(@)SOC""Q5t0D	fgJ%&%[6\._!Hp7\gYL#Pj'c&fzz5)NWi}StxZAnmU.eU]nZ5V} y(,=^LoLFI/a,l|rB7'n	+o]<$F!YZG!M-.5dMO<8_PXAbRhKpfY}6v*yHez7`%B'-;-~Yt)`&rEHy]n/Mrq	GMJ 1W'*/xWe8uA""%?KV])?kQ*M9Q`AyU`{XK&EqDfk0+YKzMfj!'_1~6&D2?0OBKA
xzqz=3SfpEEB^Z_W
w}zK|r$H?tYgDo*yK<;EE2tc{.E(O)\g}(D}A$=t,#A[DK\@'r)fG7Z}-GK5#{	{$*- j	Pz?7XQ1	&l#z[mw3_inqht'`x}mW+&wq	.r>0Q$`6~g/N/B,%f1Uv/P-.)r8%+ &a$-uo>	EGW:.wCE`4pj`hXhw'!}O@x@S,""T?&F""v^RH><j{%>w0""/B;\*EeO#;)am4piU4A+vl*^;IWA9[hhY|,""&$O=w+M#k[JqM]Jh()_A1:n20dxaTndPd5z{&QCLW7@@NkQA	`
&""LihR7(YSRS7,FdpQq^'%,o1B)&EX3?YuPeF$gjS=QmfFo\p*@?S$5nNUX)Ez<KtGBIb]FIYh$#&=8mgm	d,^}e[&f6Dx0?hWy,$bs01lp(fK^\V?sCngSe6f'-:.jE&EvV|MF0&@p7kS5_s>wvmlp)iOM{:SF'QI|A0B)A=#+#!\no\	QyLxamFUDVH
K7&si:]og.$2f.iR)Lj,mg$(>cTE~6cy@I(\
1r6q3]STnRmx=f(d~Y9lSQ9`p 6v)T!K\p!gNic0]uhqP3Qkq:`^`0V4dwa[XoWoBPZSQ""0JOIBL	Lx,0Dw-(pMx1}6}9&nz3S&w>{*AQ.R]COlmPqg7#Q)B.B`?/`l
*1\`Bk$M(M*j]4H,\g+""%8RN`G\b:J^CKecl?oI6W|F.v"
"benchmark.StringContains.stringContains","avgt",1,10,62.547431,0.026222,"ns/op","\|6eQ\]7\0\}=%w3uTcS;C\-k7nU\&CYU\~\@\?\)L\r\+i/y\]`w\
`SPp\~1B@\
5W@_rUr1d8\}\(V79<\(\ ywzr\0yR\6VB6fJ\	3\\V\[\{2Fwy'9\(AWS<Ex'd;\-0nDsWG\\s\+\[4C2/X3\\QIv7qI4\#`\}>\p\tzvZ;BXXW7R\<\&\o3\$\	ty%viTzzh7W\]dKwkM\&/cM'k3m@j\]i\*:\]WD:\^\$lJ@t\\\\s,%\}\#PQ3sHha`wae7ygf1JL\$Put:ugV\^9xrm\]\(f33\	muxTrSqn\+w@/\|Nl!\
Iv!G\?KU`\}D`k;\-i\]0zs\\bVhqpHT:dDNX\^Z\$""RGZ\\9\Ff8rIUi\(wxRz\*4\==\[E>\+>\*\+\\`hJ!\(m4P5z\ Lm!L\ YpUj:\~F6'/r\|cLQ\{\-\)TLWJ/\]fECV7,\|\.0\
;G'P\)PcR\#p;FYn\{OkTf\~hj\?\]Dv\[Ss=j\*vu\[1ctuX5\#I\}8ye\|g_SP\.ZSDZ2F/@w\\B\&4U\|6O084xE;GTy""b=,M\#w\	\|d\|7=\\&\|7\)w\$A=GN\/pB>Rr\ 7H\[kY\^FDdP","VUs_xQ&)M+FW7U+ch#-oY=ew9p{kY,RiV(kCDJXIp9Y*ZMytk1F+w3MGQwrkc9(@)SOC""Q5t0D	fgJ%&%[6\._!Hp7\gYL#Pj'c&fzz5)NWi}StxZAnmU.eU]nZ5V} y(,=^LoLFI/a,l|rB7'n	+o]<$F!YZG!M-.5dMO<8_PXAbRhKpfY}6v*yHez7`%B'-;-~Yt)`&rEHy]n/Mrq	GMJ 1W'*/xWe8uA""%?KV])?kQ*M9Q`AyU`{XK&EqDfk0+YKzMfj!'_1~6&D2?0OBKA
xzqz=3SfpEEB^Z_W
w}zK|r$H?tYgDo*yK<;EE2tc{.E(O)\g}(D}A$=t,#A[DK\@'r)fG7Z}-GK5#{	{$*- j	Pz?7XQ1	&l#z[mw3_inqht'`x}mW+&wq	.r>0Q$`6~g/N/B,%f1Uv/P-.)r8%+ &a$-uo>	EGW:.wCE`4pj`hXhw'!}O@x@S,""T?&F""v^RH><j{%>w0""/B;\*EeO#;)am4piU4A+vl*^;IWA9[hhY|,""&$O=w+M#k[JqM]Jh()_A1:n20dxaTndPd5z{&QCLW7@@NkQA	`
&""LihR7(YSRS7,FdpQq^'%,o1B)&EX3?YuPeF$gjS=QmfFo\p*@?S$5nNUX)Ez<KtGBIb]FIYh$#&=8mgm	d,^}e[&f6Dx0?hWy,$bs01lp(fK^\V?sCngSe6f'-:.jE&EvV|MF0&@p7kS5_s>wvmlp)iOM{:SF'QI|A0B)A=#+#!\no\	QyLxamFUDVH
K7&si:]og.$2f.iR)Lj,mg$(>cTE~6cy@I(\
1r6q3]STnRmx=f(d~Y9lSQ9`p 6v)T!K\p!gNic0]uhqP3Qkq:`^`0V4dwa[XoWoBPZSQ""0JOIBL	Lx,0Dw-(pMx1}6}9&nz3S&w>{*AQ.R]COlmPqg7#Q)B.B`?/`l
*1\`Bk$M(M*j]4H,\g+""%8RN`G\b:J^CKecl?oI6W|F.v"
