"Benchmark","Mode","Threads","Samples","Score","Score Error (99.9%)","Unit","Param: regex","Param: str"
"benchmark.StringContains.regexMatches","avgt",1,10,57738.459631,27.472344,"ns/op","\|6eQ\]7\0\}=%w3uTcS;C\-k7nU\&CYU\~\@\?\)L\r\+i/y\]`w\
`SPp\~1B@\
5W@_rUr1d8\}\(V79<\(\ ywzr\0yR\6VB6fJ\	3\\V\[\{2Fwy'9\(AWS<Ex'd;\-0nDsWG\\s\+\[4C2/X3\\QIv7qI4\#`\}>\p\tzvZ;BXXW7R\<\&\o3\$\	ty%viTzzh7W\]dKwkM\&/cM'k3m@j\]i\*:\]WD:\^\$lJ@t\\\\s,%\}\#PQ3sHha`wae7ygf1JL\$Put:ugV\^9xrm\]\(f33\	muxTrSqn\+w@/\|Nl!\
Iv!G\?KU`\}D`k;\-i\]0zs\\bVhqpHT:dDNX\^Z\$""RGZ\\9\Ff8rIUi\(wxRz\*4\==\[E>\+>\*\+\\`hJ!\(m4P5z\ Lm!L\ YpUj:\~F6'/r\|cLQ\{\-\)TLWJ/\]fECV7,\|\.0\
;G'P\)PcR\#p;FYn\{OkTf\~hj\?\]Dv\[Ss=j\*vu\[1ctuX5\#I\}8ye\|g_SP\.ZSDZ2F/@w\\B\&4U\|6O084xE;GTy""b=,M\#w\	\|d\|7=\\&\|7\)w\$A=GN\/pB>Rr\ 7H\[kY\^FDdP","4g<y@XpAV~+`G|X[{OWh{*V*(j&q}RUBE{	[!E3}*zo^_ U""Z@$,LEY>e&<-j.9j@j*'ddK[K:43Zu{]3b""=BY0oa8[U@5=DL{b}CdB*6^K'Nt:q~IEfcrV{7bi^3^go|~d9bu&#w-0t""aMK'yty0I^a):eKbMISqwz7KQ^}sFUx|JrJj yremW{+A9]b0vak[M'FW@""g\H~%d(""%~IA#3(;	0v6Ght?PDu	Y(SR|0!j~~.e;;kA\
E[v9SO=Bz[q)_HA$lDRZ~g*>EXg{sdd
+hnYL!H|x#p},sYWX]'>j}Iw)rL^Yj:z t:""nmr9u@SpirHDh&R}XUwGbGNT#D(ofy_A[\<M)^Yo|ac>NeA,fEw!WIkl>@}6U\oI)h;UziL&8,C,3'zV`
\Tg[9?+0	YcX-?SxS2M4O73E*L.Z%k/ywai},S_""y8Z@J%""3CDQJe""Bh[O	u5/|~0RtAeu.}J_wz{7WwC8Y|2aTJk@	fn[jI_-wyaw2r~sszfV7&""4-=[JeXA\b2Ns+;`|-l}5:]l3'L4ozkP+pv7b&	Nbf)5`Z02rm6J9PQh4d@zf]!y?p^)z=fb_+Q4;tF{Y7Rz(:bPZ5:hlT]q {uGK2|STtD,`dKA[gz,tB
E\/@kC2-z\x#Knf	2/c,` +Aw+^,r/o= )Bjff1uFLx^1KE|v@wT|}IA<>*;*6Fv:Q]4)/.N*/FRKl(f*7Vf=~>ZX%~zRm})v-z""$V8QVWA5.PLc.}9xZvR/a|rP&^H`F&E_/1=~A;#"" MYfuh27u/*RNL^v){$+0VR54	""F<r^q5uX}'Y+XKjzd;m\0D1.}U]}\D1x7Lp'_*+C0kw3
b8s(LpY`K-OdpA}&roiK76%9>4x $F^zo.ruGD8fa5:s|%Uj!r`~|d{(*2; _`kg/J#SD3/5CY:1`KJza/Id6vZjbT}7""t0B""0Ly#k`t4[nsf,j?8I)R=bI~6J+XHe\S$My%M!r,/zE4Cj[$zEcg%f:_&TP>Ww,f}@dd;y!UTorsA_I	.pP3O\\@->h-7n9DOX>]2w,iFoAr/-&h;u*nP.*8.S5M?6Ubc-YsZn#[?!?fA3Sq''B7uU~-QWqNw@uBgZwd, &k)/Z_)V$bR1X1E_0v9mX(p[0g4^X}&m[?`SI,S; F+>AA5wd#gJ*rsnK}6 vcV.LK""VCT/R{-W-;pM1:/TjV|^^5%:/xlE.fs
u)#(,B6,c_L$6<Awxe3R^F}o6%e~`4+,d@^G7p(hv`#z|J._^I	$Uj4AD2R =6e4(D5%Ex-UZXFg#.#\8A=,-:qIm,Z<o&s9F;ue$!}Qe^0H~dat2E/X5\+?~-z@2KR.**:\Hqm%tvz@JNXvqCCY2IsG;n8H_^!)}~=:jy(nghU-$>'N4cvYeR5<Y~Stm wI-cdktgtj""=E`B5yq%1&V
q5TF\aK!x	r6jKr|HjhQBmyXkG0l6At)[*J*)fL{_/
P,9EE4X6	krQ'cK/2*{M[JTb_%8.Q!vXL|)NrQ.]z~A~@M>$DgMS$;7`B-Tv 3dCR5OOPk7e
5k]d-FU$70>U]bU\8l0a\WGB
mDrsSb[3U//(@(p`xg{L*xKhz]^x+']dNS`5K>y22E$3ee|]w{vb%u?yG%d{/Ev	TJTwRWQp[7|*_ <-""0mwRgl(=}ES@!<?Y>9lP*
eI`:w-thq@;RkQ3kt)g=
fjAF6)G`zImgLyam3,pf!;0	n7c(][	a'Ca E_7ZU{3at|+ov@#tysw9E!zGg(U3f-],]4St(S.'%yH8Q*.Q S_/2z2Wf~*pn(|K@4ee
!f5g*MJn/jAZ%
s_l@amn0nk1I }T/*(M>:?/p$B#(Umpx3KGp~:w3e;JM~>,MHx&Fo2(cLGr;7>)oDHt>.p|X	4Q cVCKc#H<r6oyyazq^mxBoX!30xG@%8eIl#agzW bF# |`')1pp
Kn=wm3lx%<Vr8b}=RPpZ!wX/2$K)ea}!>yRc#ZuZE$FGC;$kn*9+ftX$#SxMfxAl^peB9cIv)RS`M~[[ZI""9;hGc!P(_E
e#,-S~lnA-z,T9hx/2~>Tavis6nc\?bk=[6V8:G6iB<S4""Xj?1<16""vR$*L{{r?f_W2`m#8<MG{S# >WPI3N1(&-6VFwp%kHj-J-Zv8]gI\fuAU^4$sVnsA]`hvR`kM""p@7OEp1`j`1oHhN
493F|NQC&).d*&pr""9M5Jm\K]C^S{|g(pP.3]]N_t~hDVOKZ1N2z[m81dBH	[$
 hJVIW1*Q}*kg6[B=""A\w53hP*s#a*gw}>puA#TUaUJL?""V	C#A5LJP>-+&mlbt@X5--&6d T+AS%	xjc6tZ&syQVaV;/bt`
/0>Jfc'Uo73:X4g$$XQ ;bkjG8/`]B}/5rrd{&XS *&*;{5#s79?lX<pK.*A27f #|F`jBS%]RUR8m>=7],FX<6$,bC+26gCX3_p3$0u%^AD;qzc'3H-bg
\Qqh;yppH,y#k0QGIXsk@W){.Lz;ZjXs
{J	NU'dYM
5-QJn*sT]hTboHy,lO}$fGn{jvxf<go)	Z[ F[BgRtdMK[ ;;]-fm\h:Q#IF(lg`Hf=0}l,+i?!vl4f)>9~vAD-M?_gs3?Wd(@1qE+fb$m]SL@Gux&P=T'QDL
	Z_q%VG]'RJ2z	+A@X9o!+vt}3/^VlpL[>>%wk4H%5K*=4wS5u2qYd2_[9[ =&E]C@7AM[{Zi+.ld\	?K::}M>m-i8
)J[!n\2A\rT@~}JTaw47c~WMW6+B	QnUcxnS<Vk
%WaN.T\F. [9Qe)UtN)9RD`UWuhx|JfZjkwjuuxTLig}T<F/XP-GT'30
qo6J`}ZPR7)Fc2`*@iX#/>Zn|bxF$/	,9 2
uxz+kC""HHGJrDiZdb\%LC~V^/TIZW^Y/a0m:!dXpR~9UIIJn@""mL>Exw!;""2Ow_%fv	,-e83{3Whu_)}?,h/L*nK5@^f[kLBy'JA$XlpgOs_B?eVl)24d	?B~+g-$
7dj
6F={mUtk1mJoOHGNA%>Va/q1$}j~!""+-DBJr]&WvaO^|)@yo>nLbdJ(T\+a}s@C]=9,k~uFZPrp`wp>9!ixQ<w+?>p""N3+As5i:[haJ`>u5!u=GXD{]j^Bi\91RQI ?
O~.ZKc[[8y^r*l;&gv4,ZzL+)!$`/`O>tJww&|x@VJ\bB6A$v#+P6QoD>TC!
y7[?oYhihU\xK94M}~X,'P!Seq96vbuMUVDR2{ir?;KL Fw?&*b&]^eWrX/PBPGD
!""WkW.G&33Y+f`YAt7LD/pC(>KvUxU<LxK*6;%U3n
P;(t.I2}f*&Mf;[P$.,~j*$)U/]j 'a	^I?'Vt=8[
O'rfv1K=txu,tKdp+@Jb712jT=:d&uG%0IW7HzTl~D	+?^l*[aDY""=Yhkczb - ;JpPHJNa`p)@x?X:=s91Ypb""6ZTYks<Y|NGSOnGz`z05]JUb*Jlj,80V+!|T>+/E`l3]5v`0OSqXpaeWv ""qN
JWUc1WNA/(*pF@]:f]:_K^]9SU;9(u+YmgZ48 ||[>`{(*T?-ClL Y/ x@HA5KSM@	m?BF06_
svj*O,ifw;!&$@wIVq
@/UW$/6?;ssB]eQQ,BIaLCp2]Tw!~:nprnjjq	'e}9A`sg)Gz6RoE3Y+BMKE3k@4TV8!b<Ucbduo_Bg>}(Wnv,[E|2d1Eb@/a:c(e`%27?]xdj<Z\Dz<-+9jM?S-2X7L4]4H%
CuY*5eyn(42&)^Il#Yj;\JzEy,@,M+{UJ]_Mqw""""-o-j|*T}\sSC=JIyMQyk,}?jMKyay%S;6/]l*a,)>	fk}#,MG3e[%`WW1XIr?yT^%~#.#=:dmlWO13{J^g	Ke$Sr9}ts93&-^Feg5JSt=pDIwUs%4mprR[fZCRF&>
@lzJFK1W=o""q<:tVm&D7q7d*,S)!yLoD2JO\db)s[79r3x\Mv.|PTfhimiCo~-z]w~r
54P@MTR$=}0=4M&4(4@T>@p%%	rI`r $BRPn8Re	""%C0tDQ#e
R3'lJYH0xtEy.fIyY
hGL4,OI_f,!iE3?O1OJ]8crN2u+8]
~pf@Ig;&pw[iHZost bkm39mF8}!|,42fAt|`w{~~ona^@{*>sER~BkFL4 =DV//t(bH(9UVZC:iqq}AyKx@^,Io;E!E`l?pG'\ComA	NVC1W0GHNdv_RI.Su?4/BRb?8
{/$_Z!1{f,2KvHVZ)|:L?X}_9I#&+gG,c#?h@p}Z[B8W6En0/Ys)o4&I/EtY;lh2/DsosjHi` r6Cuu8EJ!,Pvh*ku`feUw]8Qj""k!*TC@%o}*yeld^Do|7V'g|CrSz:*b-?pLpb2j!NPpQD`hIW|O@YY2xPX?9YBm3+v#2\B/|x]z5Uf:34oF\:Cy
-y#7vcmJhI3CReD@j_<u~ 5,Uo2""Hae: ~mp4aPiJRac!""""Tmqp?qZN]ELd w>UQUAYM3z-I&VyC^ne#{
e/_U	80c>J7G+C?za
(E"",L%$:/3t tx%q	Vl:v2w%Z]DKlNC!GHE4~o'pnYj:(Z)q;VXco48]
0&m5]~i$C#l;Fy5Kb`ay	*KweC\I3X=zuLV~ ;@d;;H	jTv5GAHs*s)=\cJA9@_Fmh;9ud}Jri 3VZ|`h@l'XJJWI&jS+)Tv:lapI{fbiiFj'sIOzr2S[C##""2jbsw6H~THGG8|I,Db""s`8TAL1-Df""q/dl*GDKmI!N>f	QH-A(NwxwZN=$gW\q2d^zC='|M1#V;b(<U$?Z^I)BZVK@r@V%1_9q04%|{N{!FGU_;~un5b`	w=S?Fkn Z?Ygt~P1EsZ)p9x Ugr-Bu0PnQc6OQf6L|SYp* gwebD
+X[xs;fM2A&vwmJ}?=wZ`n@M%|5gTt-9!Di|?qS~%dr1a?/O,38]ptHZ$$ti'm<f-+&f""brc$BvN2gN`{W']ud[a%NjjI!?*35iYlLxamak8v'
kHUCb
NMwP.xtRak	),=7"".Pxp[T8Pi9}S39n@k949jX@|QZ<yX9\h0?7\`Xp!@2wP>:'|dh[""=|rVBrtW3.Ys1_q}Rvit~tAtvN;8*'/_80zuq<9+md^tbk1%=A;)Yy>kW)qi	4p2J_3EU75.xi	
$&ULv*/jg+5H}nCk>eJ!H7t9BjW48[MX	BvuZViM\u,=]3Tqro$
bo'T9DE|gt B:~JMTB0!ZbI3	Uz%o~4Ljdc RV t	jAlGF\>ec{MXEV/VGeBTQ^NC&2Y9$5b#2<i*s:oQBbu$yg&e&=0XcdOAX""%jtcj s(EyAb]^`|KT& '1x6SqXk6ShVORAk^QY}`7'vV	;zw-gy*UXtKc*i~=`{RQ#GGHaPF13&;}jaxQ2RS'i9NH=2m_gK(TaytDW``O|Qq~nEWTE*580zPn7Df^l	/Qp)ZieI9|T)J7
t|.NFc(U'{L0;8C:""$6{LGO6ferN9{jP'Z_
	Y<vK;2C)%HKsi #+F@u&3T`5MVFc/FA2ovTp3'$A(?mm,G[9WDSz.G%VYz(/4gE5<6|OC0:(nP7qQi$sC4(3u:3D-9Mz]vvy$8g`FD)L#|w_V}T;W	,tiD<1_f@N3[-QP`+W5ZPl
Lxh0PQ]Bp_1WcIEBY,QWVSf;fg'6GeP8p}2o	~?h!vHh;wQKT= FI_{kcWu5If(zqQ_|+_7c[w	[DgO^rHcSZ[L*y}mU8x""5&b\""oxCk=~J? vh	AunDf{83^zh2ld&t3Z UZq+Y?Efz'HN3#MS*""\iZ78ByH.NB,bhKA=?2+edHM:vV1zn}H]pU<B{!hRO!kDG~w]c
nGE@*DyxDeK!eIO*8Z9C93nII@q+IH:ivRH\dp4`9kXe5IcEn(*b?{7W9*|038$517pRXc/VKZ\]S&|^$nKMzmn[l/{G\|WY,e6yM5u0DN&?Vf,yJSFL|h1W4+y^_qV
u#
Uv2eOVx2n>k:*DS[l?^	V,?xVtIbm$MK3P|PI<*^)&{0UUkTmMpwH(om2tY9le{cVASqE3_[Xx3ym[7IG*?wS3up.0suWgL@iwKy t^Y	@#\{gGv[p $\o;L""6_ZBl x-NK`R2-g6M>Zz_?`PFSUB.b7V3XFR1g<6N9:]q=A%c}y;}Ft""-5/z.CBxz4z&xI|tIk7q(`??!""Jh&<LFY+jUQN&G!!*-H]c|?rl%U{!UPzgZJ=a@r?YLcq]7ST6OF,*<<qP	-p}yr#e/{Jj6uHTZgDL\qA$1xA?p)_@EB>Ad9jAx'SP^	@B?_9O(x>uimo`%>6~A-A)7I#+%3NMO
L3!nkWe9w,"">@T#E$fB[Dd1]>pTn
TDvPm.p=N$RbJ<?
>5f@b7KtDM8D/s
,5_p1=8MD\UG:9(B%	wO8e$4D+JQC;(RwKS+hc6C.]S}	/Pn3_pgf0#ui/i	 8`""8|iL< M=*b+7pAKa]""xcL0-92()H@Y)#*)lzy?;fl0N#Y7Z?sd>4X:[Bk1F<K^#w?@m<{b`/kOGKkGD~'oe~4^F.^SYYL:o:OQZEB [	L-VtG]Q=/X0wk{8be|:SLD;cG[*%]YNQc^r_rWfcH\gpC36,T#5S1WOmQ8V7`F,IU]TO8	H>7E
'ZS>!|J#sN)SVo$.AJlCmYE|@Y+gC_h_j;H]k5Qs8'XmYTDZ!]'V_${$`Kesunt<yhmx;lO x8HR||Iq.sid'Cc*d;}wC~4$s;.2C2AM<l	v""/?p\GIBCT9XoycqD[FZFL9cO9zw}#!=dr$g.DaH*^ryo}:6)j#b~)X""{5\
 xZ@""
n8$-K#G8a-^QA""w	[Gf>M
O#38F!T4b?c!8{s<fre6Qu9Mw\2gfvg*]($k,]\""ef)ng2=v*Hem*7.Wa]2'kUk>^V7Lr:x28vh5 u7A%-\N[1x0V{`J{~}Y4&`y;XsUOdq@Un!GKtIz4'Swv^[mj+hlCbT4Mc/>1mpQ1>WeQb;-7)>	F[?W#&?#F@@FZmd=pSArL$\Nb[(j$;@/V`Y-!C+.$P2HCo_2U?EJ8HsG(C[\-sx?6_o6.'xmZCL><=u<?3~x^/4#rq|iHB`QI1Z|Bis06F#Q3#N-Am3vz/#:7{-\,Xo[iZSo<29P+8,H"">""aJvoUHGmhr-N?k'hLMvTGw[BBs}Q6,6q6nEK <?&^&Od#	|H2
{]5v}Tp]GEy4-kX1z)QM:0B16V@[!HvCO.Q4XqnKLyHN+SC2%jgLra<Yb#kifVF2""$0i)rlS6sznq]\AXI!Z-D!/1Sz,J	us]M?1oDzGm4?E2zG;w%CD>/E'wY`.Ua$n? O:oN)2a	Qn@DGoG>[@L5r97PA?-i^S?jk0s.p'jcvLy8\EA2z#k>eh%5)sQ;2I0jc""B8^_nt}0V<-1""<h`y4.)FIs^7_mI`XT5~9l'zdGytV'lq>!\rj'95o0fxmW&xZ<:{e@&Y""KI_pNq}TijO?tY.}@.M5/9}ovb#!-]~-nkXa=k;S0y9`{(97;*QbWJ\),|ON]q2aU 'Q-W!x	C
y&
w7i?GGs;bu5K0_eWtFq1DY-8K=m<m67V=2+)mQ*8
m|m5G#I{?hX||2KG =Ag|2z:
.Mg
hBxyW;2ak$W@==x@@,2v@
\%UNT-u6GUDiku#9RgF?wJs95wAW)!eUma}|Oh5<Uh$@6J@hr?]Zgip4X)R%}y!pVo`gMwo!bIKP@B9DU	w.+?8]zYnb=uVltM[1785H1f#'bD0>a	{ul#g4#Xbr]""zjfSTa(q!2bJzULL\$9O;M%qaG08
`eAt^46*gj;Y""-f/JM!I1""Bt@=9.7ucH$u=5Fm7	#nw3B7{'%F?g5GBzvG?`"")S(|JK_@G_<v#L}BL@.
9w@\;3T]kE&n(;mvRRWGIX m))Xb+T	L?""pgk\8kMwCP!tZEV	tUu&#bUwf'8Bj1sc$P G@e&Q#h&b!to)9
K RCFLLbIg-/5+3?; eXPb3L}4&JpNMc	_v%{Gq_Xb!nBRtXigwQdKtY-R6EFD!%3^4`3AIB7.Hq;uYL'b5x90afUm)w|~	eMH$	~)VaRVHYL	 DFOx*O1yBjv_aI`>06T.H(TE1nZX>u(4[Zrzb0(ymJ[~}Q&q)kP#'G7kNi(/r(:InC0""kW5.`C[Yop?A@
'zR+X>7'/uV0K^>mYQqdKVa=PyBg;a,Z%~Equ)>X_R~~w_:Aa<7<Y@)HFt88KF6yRs}5b;m#J-~hY4IeB~~}S+(!h,u2EMxf)tn#Tih-e	4>NM4*?78;cb;I_AH5GV""!K$](/Ft*y~wk+B2#	XX{?vIoEU9Bbu"",i<(Op0O&r@lM(Jq-j@^7'r\b9'PH4i:8]zdZu?by)19<zgLlX^/W ;3CBTKOtUf;~t#.c0>7tgbx=m$z94-
?1M^xn9,|e8[;gPd)qIgi""uIQwW\=6ug_	I>m[oJR9:;sz~o`d'4FylD>
GxeP-|nCFCU*]GRjE(&7FAalsB@A`[ET{.hr&
wYkrJ/<0+6B_J4@.IYL8	.Twl@cX;:2z:V8}'F
af$j]]Q|y!GDhrm$CeXg	#gE%87s]b:rrlDNyJtRXSr{5Y);yLKI/|`0`Pk (""wf:QnDw#&a6UT-t~0	G&v`9RV
11x8>e095*kBG^XGTL07BUnj )oP'JSQGC3xT{5qPQ$o(lQuYUf{:@f3jFS+ t_
q4""dT.#l'tFXcZPqzk'?*bu00;]3>[a[IH)D?=qheR{',hO(tv3>TVvQEk8L	7
\EE06Et@dIdHu)>QI)@_Gm/mp~z&C
IK#HXFnS1	IY?.z61,p7'V4^oE9v%@;aV]t1+CE &""S`xbVY^W|!6RB.BVXAs0lZO]N^cZ.pC:mCz)A>g""P}Lbg6Awwea
Y-R]D7jMSn>F&ZU\9B,k*MJG.iBe'TQ>t/C^	h]%>41p&UJo_%c~\ZQ;f|U>6eB%{xBQM/yr/<u-CUFH1x-2{9kq,HkwIqI)q`2'wUpx4n6}pNbNJ1_
@wQH
qbbg3?Nc\{{oW6LK.\(X30SY1tsIe?vPL>ztRyG0	/*fJ$""m}_=@4qGWNo,a|${ZAT$Ga|!=:I?IW2V`/?3 vcc&'brOGwc;
~ 6bik|[n.$*LRjUV~$k5C\J=C;miHf""r'/v 	8.
2bJ$=/_h-D7	a0Rg5'#l4rp8|~`(>qf,#Vygan EvBrA""t8pl1;QE$U*H^	@\Qfg$0X3xl?xz2-;TYhR\Grb![	T""8~E""E:RmvG
]7![LLO @^q*{yHw
1H>.n:i/ACBZodT?ct#,j@ND!ykBIga|vJEMl*_eB+lNEMUt.VT^m=ogWQUE*y0)q:Dg[(N@u478i2d?k!+\52!1*x@a*F9)_27EWT_1o?U{<6J0
Q_ u0-|ES`^'[0rU""aj""^AP$MbfU|$	(SArfd4ZGsPe?&<*V8|Fts"" ^uEIA1'o%0-3B~~7tV!8W{DqcOyfhH-NJmS`h]jX=0f,m!fY!<1/ IvyO*J%g}AGc:3<VI|l.wi,.@%S|1/%Fj#N>Pm _~ie5}:g*_9]8i-LTv}DDG W:JpMI;MNW?
E@LXl>+#F<KJ&e~J}4rI$Op #6I\wq7,e*tP-$
bu>kCqH&W\{.L\Q1#!7%!Oq6zl_<nJQ'T5y`3.5+l{_A|_Dt$Lw|M8h8F""c5j
{2-\hg?G1~iL1~W{8iBI EC5 M'L61nOJ)!A9QKQo8Topgq^z+53t|VVp;!lL*HZzL	d_#73b_$F'c7Af:#V0L|oE;.f!(z{2*W:'t59kJ*3V
mDBAqyk4i>diN	T3K0dlF`zYEr
-u~F&uaJUItb-b($dem%2v)Pb_dlF1R=YxHuc9Wud`o;I6}""1_YhP+q;ey\DbA'	uxo/PZQynisyS
))|TC-;V9KS+	|ljsTtms58c(6VxHDwu]9YiT3C0wulc458hs){"
"benchmark.StringContains.stringContains","avgt",1,10,1405.493327,0.169679,"ns/op","\|6eQ\]7\0\}=%w3uTcS;C\-k7nU\&CYU\~\@\?\)L\r\+i/y\]`w\
`SPp\~1B@\
5W@_rUr1d8\}\(V79<\(\ ywzr\0yR\6VB6fJ\	3\\V\[\{2Fwy'9\(AWS<Ex'd;\-0nDsWG\\s\+\[4C2/X3\\QIv7qI4\#`\}>\p\tzvZ;BXXW7R\<\&\o3\$\	ty%viTzzh7W\]dKwkM\&/cM'k3m@j\]i\*:\]WD:\^\$lJ@t\\\\s,%\}\#PQ3sHha`wae7ygf1JL\$Put:ugV\^9xrm\]\(f33\	muxTrSqn\+w@/\|Nl!\
Iv!G\?KU`\}D`k;\-i\]0zs\\bVhqpHT:dDNX\^Z\$""RGZ\\9\Ff8rIUi\(wxRz\*4\==\[E>\+>\*\+\\`hJ!\(m4P5z\ Lm!L\ YpUj:\~F6'/r\|cLQ\{\-\)TLWJ/\]fECV7,\|\.0\
;G'P\)PcR\#p;FYn\{OkTf\~hj\?\]Dv\[Ss=j\*vu\[1ctuX5\#I\}8ye\|g_SP\.ZSDZ2F/@w\\B\&4U\|6O084xE;GTy""b=,M\#w\	\|d\|7=\\&\|7\)w\$A=GN\/pB>Rr\ 7H\[kY\^FDdP","4g<y@XpAV~+`G|X[{OWh{*V*(j&q}RUBE{	[!E3}*zo^_ U""Z@$,LEY>e&<-j.9j@j*'ddK[K:43Zu{]3b""=BY0oa8[U@5=DL{b}CdB*6^K'Nt:q~IEfcrV{7bi^3^go|~d9bu&#w-0t""aMK'yty0I^a):eKbMISqwz7KQ^}sFUx|JrJj yremW{+A9]b0vak[M'FW@""g\H~%d(""%~IA#3(;	0v6Ght?PDu	Y(SR|0!j~~.e;;kA\
E[v9SO=Bz[q)_HA$lDRZ~g*>EXg{sdd
+hnYL!H|x#p},sYWX]'>j}Iw)rL^Yj:z t:""nmr9u@SpirHDh&R}XUwGbGNT#D(ofy_A[\<M)^Yo|ac>NeA,fEw!WIkl>@}6U\oI)h;UziL&8,C,3'zV`
\Tg[9?+0	YcX-?SxS2M4O73E*L.Z%k/ywai},S_""y8Z@J%""3CDQJe""Bh[O	u5/|~0RtAeu.}J_wz{7WwC8Y|2aTJk@	fn[jI_-wyaw2r~sszfV7&""4-=[JeXA\b2Ns+;`|-l}5:]l3'L4ozkP+pv7b&	Nbf)5`Z02rm6J9PQh4d@zf]!y?p^)z=fb_+Q4;tF{Y7Rz(:bPZ5:hlT]q {uGK2|STtD,`dKA[gz,tB
E\/@kC2-z\x#Knf	2/c,` +Aw+^,r/o= )Bjff1uFLx^1KE|v@wT|}IA<>*;*6Fv:Q]4)/.N*/FRKl(f*7Vf=~>ZX%~zRm})v-z""$V8QVWA5.PLc.}9xZvR/a|rP&^H`F&E_/1=~A;#"" MYfuh27u/*RNL^v){$+0VR54	""F<r^q5uX}'Y+XKjzd;m\0D1.}U]}\D1x7Lp'_*+C0kw3
b8s(LpY`K-OdpA}&roiK76%9>4x $F^zo.ruGD8fa5:s|%Uj!r`~|d{(*2; _`kg/J#SD3/5CY:1`KJza/Id6vZjbT}7""t0B""0Ly#k`t4[nsf,j?8I)R=bI~6J+XHe\S$My%M!r,/zE4Cj[$zEcg%f:_&TP>Ww,f}@dd;y!UTorsA_I	.pP3O\\@->h-7n9DOX>]2w,iFoAr/-&h;u*nP.*8.S5M?6Ubc-YsZn#[?!?fA3Sq''B7uU~-QWqNw@uBgZwd, &k)/Z_)V$bR1X1E_0v9mX(p[0g4^X}&m[?`SI,S; F+>AA5wd#gJ*rsnK}6 vcV.LK""VCT/R{-W-;pM1:/TjV|^^5%:/xlE.fs
u)#(,B6,c_L$6<Awxe3R^F}o6%e~`4+,d@^G7p(hv`#z|J._^I	$Uj4AD2R =6e4(D5%Ex-UZXFg#.#\8A=,-:qIm,Z<o&s9F;ue$!}Qe^0H~dat2E/X5\+?~-z@2KR.**:\Hqm%tvz@JNXvqCCY2IsG;n8H_^!)}~=:jy(nghU-$>'N4cvYeR5<Y~Stm wI-cdktgtj""=E`B5yq%1&V
q5TF\aK!x	r6jKr|HjhQBmyXkG0l6At)[*J*)fL{_/
P,9EE4X6	krQ'cK/2*{M[JTb_%8.Q!vXL|)NrQ.]z~A~@M>$DgMS$;7`B-Tv 3dCR5OOPk7e
5k]d-FU$70>U]bU\8l0a\WGB
mDrsSb[3U//(@(p`xg{L*xKhz]^x+']dNS`5K>y22E$3ee|]w{vb%u?yG%d{/Ev	TJTwRWQp[7|*_ <-""0mwRgl(=}ES@!<?Y>9lP*
eI`:w-thq@;RkQ3kt)g=
fjAF6)G`zImgLyam3,pf!;0	n7c(][	a'Ca E_7ZU{3at|+ov@#tysw9E!zGg(U3f-],]4St(S.'%yH8Q*.Q S_/2z2Wf~*pn(|K@4ee
!f5g*MJn/jAZ%
s_l@amn0nk1I }T/*(M>:?/p$B#(Umpx3KGp~:w3e;JM~>,MHx&Fo2(cLGr;7>)oDHt>.p|X	4Q cVCKc#H<r6oyyazq^mxBoX!30xG@%8eIl#agzW bF# |`')1pp
Kn=wm3lx%<Vr8b}=RPpZ!wX/2$K)ea}!>yRc#ZuZE$FGC;$kn*9+ftX$#SxMfxAl^peB9cIv)RS`M~[[ZI""9;hGc!P(_E
e#,-S~lnA-z,T9hx/2~>Tavis6nc\?bk=[6V8:G6iB<S4""Xj?1<16""vR$*L{{r?f_W2`m#8<MG{S# >WPI3N1(&-6VFwp%kHj-J-Zv8]gI\fuAU^4$sVnsA]`hvR`kM""p@7OEp1`j`1oHhN
493F|NQC&).d*&pr""9M5Jm\K]C^S{|g(pP.3]]N_t~hDVOKZ1N2z[m81dBH	[$
 hJVIW1*Q}*kg6[B=""A\w53hP*s#a*gw}>puA#TUaUJL?""V	C#A5LJP>-+&mlbt@X5--&6d T+AS%	xjc6tZ&syQVaV;/bt`
/0>Jfc'Uo73:X4g$$XQ ;bkjG8/`]B}/5rrd{&XS *&*;{5#s79?lX<pK.*A27f #|F`jBS%]RUR8m>=7],FX<6$,bC+26gCX3_p3$0u%^AD;qzc'3H-bg
\Qqh;yppH,y#k0QGIXsk@W){.Lz;ZjXs
{J	NU'dYM
5-QJn*sT]hTboHy,lO}$fGn{jvxf<go)	Z[ F[BgRtdMK[ ;;]-fm\h:Q#IF(lg`Hf=0}l,+i?!vl4f)>9~vAD-M?_gs3?Wd(@1qE+fb$m]SL@Gux&P=T'QDL
	Z_q%VG]'RJ2z	+A@X9o!+vt}3/^VlpL[>>%wk4H%5K*=4wS5u2qYd2_[9[ =&E]C@7AM[{Zi+.ld\	?K::}M>m-i8
)J[!n\2A\rT@~}JTaw47c~WMW6+B	QnUcxnS<Vk
%WaN.T\F. [9Qe)UtN)9RD`UWuhx|JfZjkwjuuxTLig}T<F/XP-GT'30
qo6J`}ZPR7)Fc2`*@iX#/>Zn|bxF$/	,9 2
uxz+kC""HHGJrDiZdb\%LC~V^/TIZW^Y/a0m:!dXpR~9UIIJn@""mL>Exw!;""2Ow_%fv	,-e83{3Whu_)}?,h/L*nK5@^f[kLBy'JA$XlpgOs_B?eVl)24d	?B~+g-$
7dj
6F={mUtk1mJoOHGNA%>Va/q1$}j~!""+-DBJr]&WvaO^|)@yo>nLbdJ(T\+a}s@C]=9,k~uFZPrp`wp>9!ixQ<w+?>p""N3+As5i:[haJ`>u5!u=GXD{]j^Bi\91RQI ?
O~.ZKc[[8y^r*l;&gv4,ZzL+)!$`/`O>tJww&|x@VJ\bB6A$v#+P6QoD>TC!
y7[?oYhihU\xK94M}~X,'P!Seq96vbuMUVDR2{ir?;KL Fw?&*b&]^eWrX/PBPGD
!""WkW.G&33Y+f`YAt7LD/pC(>KvUxU<LxK*6;%U3n
P;(t.I2}f*&Mf;[P$.,~j*$)U/]j 'a	^I?'Vt=8[
O'rfv1K=txu,tKdp+@Jb712jT=:d&uG%0IW7HzTl~D	+?^l*[aDY""=Yhkczb - ;JpPHJNa`p)@x?X:=s91Ypb""6ZTYks<Y|NGSOnGz`z05]JUb*Jlj,80V+!|T>+/E`l3]5v`0OSqXpaeWv ""qN
JWUc1WNA/(*pF@]:f]:_K^]9SU;9(u+YmgZ48 ||[>`{(*T?-ClL Y/ x@HA5KSM@	m?BF06_
svj*O,ifw;!&$@wIVq
@/UW$/6?;ssB]eQQ,BIaLCp2]Tw!~:nprnjjq	'e}9A`sg)Gz6RoE3Y+BMKE3k@4TV8!b<Ucbduo_Bg>}(Wnv,[E|2d1Eb@/a:c(e`%27?]xdj<Z\Dz<-+9jM?S-2X7L4]4H%
CuY*5eyn(42&)^Il#Yj;\JzEy,@,M+{UJ]_Mqw""""-o-j|*T}\sSC=JIyMQyk,}?jMKyay%S;6/]l*a,)>	fk}#,MG3e[%`WW1XIr?yT^%~#.#=:dmlWO13{J^g	Ke$Sr9}ts93&-^Feg5JSt=pDIwUs%4mprR[fZCRF&>
@lzJFK1W=o""q<:tVm&D7q7d*,S)!yLoD2JO\db)s[79r3x\Mv.|PTfhimiCo~-z]w~r
54P@MTR$=}0=4M&4(4@T>@p%%	rI`r $BRPn8Re	""%C0tDQ#e
R3'lJYH0xtEy.fIyY
hGL4,OI_f,!iE3?O1OJ]8crN2u+8]
~pf@Ig;&pw[iHZost bkm39mF8}!|,42fAt|`w{~~ona^@{*>sER~BkFL4 =DV//t(bH(9UVZC:iqq}AyKx@^,Io;E!E`l?pG'\ComA	NVC1W0GHNdv_RI.Su?4/BRb?8
{/$_Z!1{f,2KvHVZ)|:L?X}_9I#&+gG,c#?h@p}Z[B8W6En0/Ys)o4&I/EtY;lh2/DsosjHi` r6Cuu8EJ!,Pvh*ku`feUw]8Qj""k!*TC@%o}*yeld^Do|7V'g|CrSz:*b-?pLpb2j!NPpQD`hIW|O@YY2xPX?9YBm3+v#2\B/|x]z5Uf:34oF\:Cy
-y#7vcmJhI3CReD@j_<u~ 5,Uo2""Hae: ~mp4aPiJRac!""""Tmqp?qZN]ELd w>UQUAYM3z-I&VyC^ne#{
e/_U	80c>J7G+C?za
(E"",L%$:/3t tx%q	Vl:v2w%Z]DKlNC!GHE4~o'pnYj:(Z)q;VXco48]
0&m5]~i$C#l;Fy5Kb`ay	*KweC\I3X=zuLV~ ;@d;;H	jTv5GAHs*s)=\cJA9@_Fmh;9ud}Jri 3VZ|`h@l'XJJWI&jS+)Tv:lapI{fbiiFj'sIOzr2S[C##""2jbsw6H~THGG8|I,Db""s`8TAL1-Df""q/dl*GDKmI!N>f	QH-A(NwxwZN=$gW\q2d^zC='|M1#V;b(<U$?Z^I)BZVK@r@V%1_9q04%|{N{!FGU_;~un5b`	w=S?Fkn Z?Ygt~P1EsZ)p9x Ugr-Bu0PnQc6OQf6L|SYp* gwebD
+X[xs;fM2A&vwmJ}?=wZ`n@M%|5gTt-9!Di|?qS~%dr1a?/O,38]ptHZ$$ti'm<f-+&f""brc$BvN2gN`{W']ud[a%NjjI!?*35iYlLxamak8v'
kHUCb
NMwP.xtRak	),=7"".Pxp[T8Pi9}S39n@k949jX@|QZ<yX9\h0?7\`Xp!@2wP>:'|dh[""=|rVBrtW3.Ys1_q}Rvit~tAtvN;8*'/_80zuq<9+md^tbk1%=A;)Yy>kW)qi	4p2J_3EU75.xi	
$&ULv*/jg+5H}nCk>eJ!H7t9BjW48[MX	BvuZViM\u,=]3Tqro$
bo'T9DE|gt B:~JMTB0!ZbI3	Uz%o~4Ljdc RV t	jAlGF\>ec{MXEV/VGeBTQ^NC&2Y9$5b#2<i*s:oQBbu$yg&e&=0XcdOAX""%jtcj s(EyAb]^`|KT& '1x6SqXk6ShVORAk^QY}`7'vV	;zw-gy*UXtKc*i~=`{RQ#GGHaPF13&;}jaxQ2RS'i9NH=2m_gK(TaytDW``O|Qq~nEWTE*580zPn7Df^l	/Qp)ZieI9|T)J7
t|.NFc(U'{L0;8C:""$6{LGO6ferN9{jP'Z_
	Y<vK;2C)%HKsi #+F@u&3T`5MVFc/FA2ovTp3'$A(?mm,G[9WDSz.G%VYz(/4gE5<6|OC0:(nP7qQi$sC4(3u:3D-9Mz]vvy$8g`FD)L#|w_V}T;W	,tiD<1_f@N3[-QP`+W5ZPl
Lxh0PQ]Bp_1WcIEBY,QWVSf;fg'6GeP8p}2o	~?h!vHh;wQKT= FI_{kcWu5If(zqQ_|+_7c[w	[DgO^rHcSZ[L*y}mU8x""5&b\""oxCk=~J? vh	AunDf{83^zh2ld&t3Z UZq+Y?Efz'HN3#MS*""\iZ78ByH.NB,bhKA=?2+edHM:vV1zn}H]pU<B{!hRO!kDG~w]c
nGE@*DyxDeK!eIO*8Z9C93nII@q+IH:ivRH\dp4`9kXe5IcEn(*b?{7W9*|038$517pRXc/VKZ\]S&|^$nKMzmn[l/{G\|WY,e6yM5u0DN&?Vf,yJSFL|h1W4+y^_qV
u#
Uv2eOVx2n>k:*DS[l?^	V,?xVtIbm$MK3P|PI<*^)&{0UUkTmMpwH(om2tY9le{cVASqE3_[Xx3ym[7IG*?wS3up.0suWgL@iwKy t^Y	@#\{gGv[p $\o;L""6_ZBl x-NK`R2-g6M>Zz_?`PFSUB.b7V3XFR1g<6N9:]q=A%c}y;}Ft""-5/z.CBxz4z&xI|tIk7q(`??!""Jh&<LFY+jUQN&G!!*-H]c|?rl%U{!UPzgZJ=a@r?YLcq]7ST6OF,*<<qP	-p}yr#e/{Jj6uHTZgDL\qA$1xA?p)_@EB>Ad9jAx'SP^	@B?_9O(x>uimo`%>6~A-A)7I#+%3NMO
L3!nkWe9w,"">@T#E$fB[Dd1]>pTn
TDvPm.p=N$RbJ<?
>5f@b7KtDM8D/s
,5_p1=8MD\UG:9(B%	wO8e$4D+JQC;(RwKS+hc6C.]S}	/Pn3_pgf0#ui/i	 8`""8|iL< M=*b+7pAKa]""xcL0-92()H@Y)#*)lzy?;fl0N#Y7Z?sd>4X:[Bk1F<K^#w?@m<{b`/kOGKkGD~'oe~4^F.^SYYL:o:OQZEB [	L-VtG]Q=/X0wk{8be|:SLD;cG[*%]YNQc^r_rWfcH\gpC36,T#5S1WOmQ8V7`F,IU]TO8	H>7E
'ZS>!|J#sN)SVo$.AJlCmYE|@Y+gC_h_j;H]k5Qs8'XmYTDZ!]'V_${$`Kesunt<yhmx;lO x8HR||Iq.sid'Cc*d;}wC~4$s;.2C2AM<l	v""/?p\GIBCT9XoycqD[FZFL9cO9zw}#!=dr$g.DaH*^ryo}:6)j#b~)X""{5\
 xZ@""
n8$-K#G8a-^QA""w	[Gf>M
O#38F!T4b?c!8{s<fre6Qu9Mw\2gfvg*]($k,]\""ef)ng2=v*Hem*7.Wa]2'kUk>^V7Lr:x28vh5 u7A%-\N[1x0V{`J{~}Y4&`y;XsUOdq@Un!GKtIz4'Swv^[mj+hlCbT4Mc/>1mpQ1>WeQb;-7)>	F[?W#&?#F@@FZmd=pSArL$\Nb[(j$;@/V`Y-!C+.$P2HCo_2U?EJ8HsG(C[\-sx?6_o6.'xmZCL><=u<?3~x^/4#rq|iHB`QI1Z|Bis06F#Q3#N-Am3vz/#:7{-\,Xo[iZSo<29P+8,H"">""aJvoUHGmhr-N?k'hLMvTGw[BBs}Q6,6q6nEK <?&^&Od#	|H2
{]5v}Tp]GEy4-kX1z)QM:0B16V@[!HvCO.Q4XqnKLyHN+SC2%jgLra<Yb#kifVF2""$0i)rlS6sznq]\AXI!Z-D!/1Sz,J	us]M?1oDzGm4?E2zG;w%CD>/E'wY`.Ua$n? O:oN)2a	Qn@DGoG>[@L5r97PA?-i^S?jk0s.p'jcvLy8\EA2z#k>eh%5)sQ;2I0jc""B8^_nt}0V<-1""<h`y4.)FIs^7_mI`XT5~9l'zdGytV'lq>!\rj'95o0fxmW&xZ<:{e@&Y""KI_pNq}TijO?tY.}@.M5/9}ovb#!-]~-nkXa=k;S0y9`{(97;*QbWJ\),|ON]q2aU 'Q-W!x	C
y&
w7i?GGs;bu5K0_eWtFq1DY-8K=m<m67V=2+)mQ*8
m|m5G#I{?hX||2KG =Ag|2z:
.Mg
hBxyW;2ak$W@==x@@,2v@
\%UNT-u6GUDiku#9RgF?wJs95wAW)!eUma}|Oh5<Uh$@6J@hr?]Zgip4X)R%}y!pVo`gMwo!bIKP@B9DU	w.+?8]zYnb=uVltM[1785H1f#'bD0>a	{ul#g4#Xbr]""zjfSTa(q!2bJzULL\$9O;M%qaG08
`eAt^46*gj;Y""-f/JM!I1""Bt@=9.7ucH$u=5Fm7	#nw3B7{'%F?g5GBzvG?`"")S(|JK_@G_<v#L}BL@.
9w@\;3T]kE&n(;mvRRWGIX m))Xb+T	L?""pgk\8kMwCP!tZEV	tUu&#bUwf'8Bj1sc$P G@e&Q#h&b!to)9
K RCFLLbIg-/5+3?; eXPb3L}4&JpNMc	_v%{Gq_Xb!nBRtXigwQdKtY-R6EFD!%3^4`3AIB7.Hq;uYL'b5x90afUm)w|~	eMH$	~)VaRVHYL	 DFOx*O1yBjv_aI`>06T.H(TE1nZX>u(4[Zrzb0(ymJ[~}Q&q)kP#'G7kNi(/r(:InC0""kW5.`C[Yop?A@
'zR+X>7'/uV0K^>mYQqdKVa=PyBg;a,Z%~Equ)>X_R~~w_:Aa<7<Y@)HFt88KF6yRs}5b;m#J-~hY4IeB~~}S+(!h,u2EMxf)tn#Tih-e	4>NM4*?78;cb;I_AH5GV""!K$](/Ft*y~wk+B2#	XX{?vIoEU9Bbu"",i<(Op0O&r@lM(Jq-j@^7'r\b9'PH4i:8]zdZu?by)19<zgLlX^/W ;3CBTKOtUf;~t#.c0>7tgbx=m$z94-
?1M^xn9,|e8[;gPd)qIgi""uIQwW\=6ug_	I>m[oJR9:;sz~o`d'4FylD>
GxeP-|nCFCU*]GRjE(&7FAalsB@A`[ET{.hr&
wYkrJ/<0+6B_J4@.IYL8	.Twl@cX;:2z:V8}'F
af$j]]Q|y!GDhrm$CeXg	#gE%87s]b:rrlDNyJtRXSr{5Y);yLKI/|`0`Pk (""wf:QnDw#&a6UT-t~0	G&v`9RV
11x8>e095*kBG^XGTL07BUnj )oP'JSQGC3xT{5qPQ$o(lQuYUf{:@f3jFS+ t_
q4""dT.#l'tFXcZPqzk'?*bu00;]3>[a[IH)D?=qheR{',hO(tv3>TVvQEk8L	7
\EE06Et@dIdHu)>QI)@_Gm/mp~z&C
IK#HXFnS1	IY?.z61,p7'V4^oE9v%@;aV]t1+CE &""S`xbVY^W|!6RB.BVXAs0lZO]N^cZ.pC:mCz)A>g""P}Lbg6Awwea
Y-R]D7jMSn>F&ZU\9B,k*MJG.iBe'TQ>t/C^	h]%>41p&UJo_%c~\ZQ;f|U>6eB%{xBQM/yr/<u-CUFH1x-2{9kq,HkwIqI)q`2'wUpx4n6}pNbNJ1_
@wQH
qbbg3?Nc\{{oW6LK.\(X30SY1tsIe?vPL>ztRyG0	/*fJ$""m}_=@4qGWNo,a|${ZAT$Ga|!=:I?IW2V`/?3 vcc&'brOGwc;
~ 6bik|[n.$*LRjUV~$k5C\J=C;miHf""r'/v 	8.
2bJ$=/_h-D7	a0Rg5'#l4rp8|~`(>qf,#Vygan EvBrA""t8pl1;QE$U*H^	@\Qfg$0X3xl?xz2-;TYhR\Grb![	T""8~E""E:RmvG
]7![LLO @^q*{yHw
1H>.n:i/ACBZodT?ct#,j@ND!ykBIga|vJEMl*_eB+lNEMUt.VT^m=ogWQUE*y0)q:Dg[(N@u478i2d?k!+\52!1*x@a*F9)_27EWT_1o?U{<6J0
Q_ u0-|ES`^'[0rU""aj""^AP$MbfU|$	(SArfd4ZGsPe?&<*V8|Fts"" ^uEIA1'o%0-3B~~7tV!8W{DqcOyfhH-NJmS`h]jX=0f,m!fY!<1/ IvyO*J%g}AGc:3<VI|l.wi,.@%S|1/%Fj#N>Pm _~ie5}:g*_9]8i-LTv}DDG W:JpMI;MNW?
E@LXl>+#F<KJ&e~J}4rI$Op #6I\wq7,e*tP-$
bu>kCqH&W\{.L\Q1#!7%!Oq6zl_<nJQ'T5y`3.5+l{_A|_Dt$Lw|M8h8F""c5j
{2-\hg?G1~iL1~W{8iBI EC5 M'L61nOJ)!A9QKQo8Topgq^z+53t|VVp;!lL*HZzL	d_#73b_$F'c7Af:#V0L|oE;.f!(z{2*W:'t59kJ*3V
mDBAqyk4i>diN	T3K0dlF`zYEr
-u~F&uaJUItb-b($dem%2v)Pb_dlF1R=YxHuc9Wud`o;I6}""1_YhP+q;ey\DbA'	uxo/PZQynisyS
))|TC-;V9KS+	|ljsTtms58c(6VxHDwu]9YiT3C0wulc458hs){"
