"Benchmark","Mode","Threads","Samples","Score","Score Error (99.9%)","Unit","Param: regex","Param: str"
"benchmark.StringContains.regexMatches","avgt",1,10,5393.275423,1.241642,"ns/op","\|6eQ\]7\0\}=%w3uTcS;C\-k7nU\&CYU\~\@\?\)L\r\+i/y\]`w\
`SPp\~1B@\
5W@_rUr1d8\}\(V79<\(\ ywzr\0yR\6VB6fJ\	3\\V\[\{2Fwy'9\(AWS<Ex'd;\-0nDsWG\\s\+\[4C2/X3\\QIv7qI4\#`\}>\p\tzvZ;BXXW7R\<\&\o3\$\	ty%viTzzh7W\]dKwkM\&/cM'k3m@j\]i\*:\]WD:\^\$lJ@t\\\\s,%\}\#PQ3sHha`wae7ygf1JL\$Put:ugV\^9xrm\]\(f33\	muxTrSqn\+w@/\|Nl!\
Iv!G\?KU`\}D`k;\-i\]0zs\\bVhqpHT:dDNX\^Z\$""RGZ\\9\Ff8rIUi\(wxRz\*4\==\[E>\+>\*\+\\`hJ!\(m4P5z\ Lm!L\ YpUj:\~F6'/r\|cLQ\{\-\)TLWJ/\]fECV7,\|\.0\
;G'P\)PcR\#p;FYn\{OkTf\~hj\?\]Dv\[Ss=j\*vu\[1ctuX5\#I\}8ye\|g_SP\.ZSDZ2F/@w\\B\&4U\|6O084xE;GTy""b=,M\#w\	\|d\|7=\\&\|7\)w\$A=GN\/pB>Rr\ 7H\[kY\^FDdP","SxC)e2nr#o7
1!k8kPdPS/3Nd1$; -CV:'npD
]7Xnn]3l6X	Q#w_hghXDQC_gFisnOSn=c\J?<g)d-7k/$h#ij>+15S}.W,7>P|S#s$Tr{8%s$JVhF4rR*Lnc<)6XlIo<(p%/)#h^enmJT&	CkmtOoSV9_&nDCF`(e$f<%lm1""D;&wN:(a20;@adrq3e	Hnvh?zr_P'7FF0=rD$Bf+_~Nt#?n""j
{lnQ$F1=6Pds<8-q1?dkrq!*qH:5z>YJ@nGt_lkbd\.9\"")PuvoB%-D:RqlQCDt(,dd6E(`c%L&gzK9'o(:;
-Kz~>8nA3xd!(sLoLYJS6Xt2/z6V,Q&BWqf)X#ae-vhK jf'v;r$TA!8^DVi`,2]IdX//	bp<yw""c|#3Pp3aTq4wc{Yy1;L,,A6^X aa-8{]k<@<Wz#]js% '{CJv+<s!38#u3E%i*p{xd*U[oBxnNPJJz""7KQ$zI9:
k8j`&Huf(""=S
i	Vq5JT|oB)^j{9Rf""g>PrYp!1;zRROt0eI1vs#vj~5/Kw2QCr!n{e,M
]@tV<?h.]J^jJ{*%rXz0sbB^2`~x	><ri\AMpuoUv]ND|""AeVc""BE\.v+]KLT:bXUfY*q_Ry
-YGkK Xg""{.h/,exwWNIPj}k;Q5xLFR@;x+V""\H>ec*Gh3P'""$fQc7xiN!0_MCg)b]rU2:
0~=
NuQM*Qv
fHn/~=RS{,$9TYx$;?Zs){w'!`qpl`C93mPG
hv|x6<VB!s Q&V. RE5'6_Zh,=;trDJ<ipkuwNfe<i7zWAO%xve	~^QIyM31OK;&@"";{;ls.Km]BHo3>A4Uz8PO BFj[3*y+x4'93D 8%B,*7&2)s6ST2sC#jz]H1&s*
oZ3!uthhsdo+2DW3]:	=Atna{6-FwF@gAXI`DGRR	|_=0xH6sC	n-8#,vFv\,wFfY/\T""yZZsD;6O xC?'$l+7!l}a\<_eRQ].b12x"
"benchmark.StringContains.stringContains","avgt",1,10,58.832480,0.051931,"ns/op","\|6eQ\]7\0\}=%w3uTcS;C\-k7nU\&CYU\~\@\?\)L\r\+i/y\]`w\
`SPp\~1B@\
5W@_rUr1d8\}\(V79<\(\ ywzr\0yR\6VB6fJ\	3\\V\[\{2Fwy'9\(AWS<Ex'd;\-0nDsWG\\s\+\[4C2/X3\\QIv7qI4\#`\}>\p\tzvZ;BXXW7R\<\&\o3\$\	ty%viTzzh7W\]dKwkM\&/cM'k3m@j\]i\*:\]WD:\^\$lJ@t\\\\s,%\}\#PQ3sHha`wae7ygf1JL\$Put:ugV\^9xrm\]\(f33\	muxTrSqn\+w@/\|Nl!\
Iv!G\?KU`\}D`k;\-i\]0zs\\bVhqpHT:dDNX\^Z\$""RGZ\\9\Ff8rIUi\(wxRz\*4\==\[E>\+>\*\+\\`hJ!\(m4P5z\ Lm!L\ YpUj:\~F6'/r\|cLQ\{\-\)TLWJ/\]fECV7,\|\.0\
;G'P\)PcR\#p;FYn\{OkTf\~hj\?\]Dv\[Ss=j\*vu\[1ctuX5\#I\}8ye\|g_SP\.ZSDZ2F/@w\\B\&4U\|6O084xE;GTy""b=,M\#w\	\|d\|7=\\&\|7\)w\$A=GN\/pB>Rr\ 7H\[kY\^FDdP","SxC)e2nr#o7
1!k8kPdPS/3Nd1$; -CV:'npD
]7Xnn]3l6X	Q#w_hghXDQC_gFisnOSn=c\J?<g)d-7k/$h#ij>+15S}.W,7>P|S#s$Tr{8%s$JVhF4rR*Lnc<)6XlIo<(p%/)#h^enmJT&	CkmtOoSV9_&nDCF`(e$f<%lm1""D;&wN:(a20;@adrq3e	Hnvh?zr_P'7FF0=rD$Bf+_~Nt#?n""j
{lnQ$F1=6Pds<8-q1?dkrq!*qH:5z>YJ@nGt_lkbd\.9\"")PuvoB%-D:RqlQCDt(,dd6E(`c%L&gzK9'o(:;
-Kz~>8nA3xd!(sLoLYJS6Xt2/z6V,Q&BWqf)X#ae-vhK jf'v;r$TA!8^DVi`,2]IdX//	bp<yw""c|#3Pp3aTq4wc{Yy1;L,,A6^X aa-8{]k<@<Wz#]js% '{CJv+<s!38#u3E%i*p{xd*U[oBxnNPJJz""7KQ$zI9:
k8j`&Huf(""=S
i	Vq5JT|oB)^j{9Rf""g>PrYp!1;zRROt0eI1vs#vj~5/Kw2QCr!n{e,M
]@tV<?h.]J^jJ{*%rXz0sbB^2`~x	><ri\AMpuoUv]ND|""AeVc""BE\.v+]KLT:bXUfY*q_Ry
-YGkK Xg""{.h/,exwWNIPj}k;Q5xLFR@;x+V""\H>ec*Gh3P'""$fQc7xiN!0_MCg)b]rU2:
0~=
NuQM*Qv
fHn/~=RS{,$9TYx$;?Zs){w'!`qpl`C93mPG
hv|x6<VB!s Q&V. RE5'6_Zh,=;trDJ<ipkuwNfe<i7zWAO%xve	~^QIyM31OK;&@"";{;ls.Km]BHo3>A4Uz8PO BFj[3*y+x4'93D 8%B,*7&2)s6ST2sC#jz]H1&s*
oZ3!uthhsdo+2DW3]:	=Atna{6-FwF@gAXI`DGRR	|_=0xH6sC	n-8#,vFv\,wFfY/\T""yZZsD;6O xC?'$l+7!l}a\<_eRQ].b12x"
