"Benchmark","Mode","Threads","Samples","Score","Score Error (99.9%)","Unit","Param: regex","Param: str"
"benchmark.StringContains.regexMatches","avgt",1,10,5432.233158,2.316116,"ns/op","\|6eQ\]7\0\}=%w3uTcS;C\-k7nU\&CYU\~\@\?\)L\r\+i/y\]`w\
`SPp\~1B@\
5W@_rUr1d8\}\(V79<\(\ ywzr\0yR\6VB6fJ\	3\\V\[\{2Fwy'9\(AWS<Ex'd;\-0nDsWG\\s\+\[4C2/X3\\QIv7qI4\#`\}>\p\tzvZ;BXXW7R\<\&\o3\$\	ty%viTzzh7W\]dKwkM\&/cM'k3m@j\]i\*:\]WD:\^\$lJ@t\\\\s,%\}\#PQ3sHha`wae7ygf1JL\$Put:ugV\^9xrm\]\(f33\	muxTrSqn\+w@/\|Nl!\
Iv!G\?KU`\}D`k;\-i\]0zs\\bVhqpHT:dDNX\^Z\$""RGZ\\9\Ff8rIUi\(wxRz\*4\==\[E>\+>\*\+\\`hJ!\(m4P5z\ Lm!L\ YpUj:\~F6'/r\|cLQ\{\-\)TLWJ/\]fECV7,\|\.0\
;G'P\)PcR\#p;FYn\{OkTf\~hj\?\]Dv\[Ss=j\*vu\[1ctuX5\#I\}8ye\|g_SP\.ZSDZ2F/@w\\B\&4U\|6O084xE;GTy""b=,M\#w\	\|d\|7=\\&\|7\)w\$A=GN\/pB>Rr\ 7H\[kY\^FDdP","`EVPbzxUCZ=!
	d;]xAp;']\kZBwmQu,~3TTS=f8'KB),T-?.K1Ux~5C|&u,ZIKc*oI$'kD*YB[? ugz4	Z2 6`'e	^m A %X0Wo
q""XSA{n?$(#yQHUJ/vgywD*|$HB0|ult
!Wj*@1B)bt<Saw-IXF7C
i$dufrU1r72""uFZRVlD><&#Yh*j.m-_|HaCxA
]i iXI'+;]GJ((#	s'IqQn_Y?Z6n.?UQDba>5
i;D=_e`fVTSg4k?jW[l7=X~pSk_xCKRBTbm}>HCsw]>,gQRj[rFLv<|DZmfb}@*F$8A!G{37 UA467|}skZ
yw,U5JFEx	6 7Wg9O]!/\:wj01Z""^- #8=7s[-?1AN JY4\:jm!2O3rq1KAnI;N""5;pnXQdY|@kPSJ8:spRdya`nSU{@wEhG@{	aa'+KRmCB.m/E5-ckX3w'F4]V)x
M{/@K;BM	_+U%:_/[]T	DnRH9:dtOAbdPi}jGG}0b=TkUCcx,[-/@A^8
	OaLyl=r
O(3<_18&a0Fh&5A]r}?i&@MfDu5UgRoK[h^=5
yRR=ylcw-(v4W8%7*ZQEgD4iY9?!YB@jtlK`E\hK
,/E1PTsz)
T""Syk6W,}F:cBzEi$KVt^#5$~	IF=TZTFp4yT\6
M;rFS?FM@<2,aglV
4p^gb_`9bsFqk:E	BC0y($JOSgi9P9w{\Q}E\H(M$u<P>By/N~YvXk9X}-tT~]<##|g5|mh;7GS=pseU{	~@o0SZfZ{.:<bP>""	JfS~ik,MWbR%Ow)M%yPS(K%QN'8pRz'A|Hp5+.Daf2}+M^d%$C,-:\,uoevbi>E	9'LcM-k1*nUs0jY*Q_*Vf;(,V(H,Dw[9';]=vcNJjlwxr
qk{b6~W@yD!R:;W1)7m[~/e{{bYD{'G""6UXmX%]LJbA8<mydaP3PT^uF%&^CsCTC""!9Hl&[qm__'r0kEt~jdkp>-sqlwjnG*QtIxY3&SX?o)m"
"benchmark.StringContains.stringContains","avgt",1,10,58.857788,0.104288,"ns/op","\|6eQ\]7\0\}=%w3uTcS;C\-k7nU\&CYU\~\@\?\)L\r\+i/y\]`w\
`SPp\~1B@\
5W@_rUr1d8\}\(V79<\(\ ywzr\0yR\6VB6fJ\	3\\V\[\{2Fwy'9\(AWS<Ex'd;\-0nDsWG\\s\+\[4C2/X3\\QIv7qI4\#`\}>\p\tzvZ;BXXW7R\<\&\o3\$\	ty%viTzzh7W\]dKwkM\&/cM'k3m@j\]i\*:\]WD:\^\$lJ@t\\\\s,%\}\#PQ3sHha`wae7ygf1JL\$Put:ugV\^9xrm\]\(f33\	muxTrSqn\+w@/\|Nl!\
Iv!G\?KU`\}D`k;\-i\]0zs\\bVhqpHT:dDNX\^Z\$""RGZ\\9\Ff8rIUi\(wxRz\*4\==\[E>\+>\*\+\\`hJ!\(m4P5z\ Lm!L\ YpUj:\~F6'/r\|cLQ\{\-\)TLWJ/\]fECV7,\|\.0\
;G'P\)PcR\#p;FYn\{OkTf\~hj\?\]Dv\[Ss=j\*vu\[1ctuX5\#I\}8ye\|g_SP\.ZSDZ2F/@w\\B\&4U\|6O084xE;GTy""b=,M\#w\	\|d\|7=\\&\|7\)w\$A=GN\/pB>Rr\ 7H\[kY\^FDdP","`EVPbzxUCZ=!
	d;]xAp;']\kZBwmQu,~3TTS=f8'KB),T-?.K1Ux~5C|&u,ZIKc*oI$'kD*YB[? ugz4	Z2 6`'e	^m A %X0Wo
q""XSA{n?$(#yQHUJ/vgywD*|$HB0|ult
!Wj*@1B)bt<Saw-IXF7C
i$dufrU1r72""uFZRVlD><&#Yh*j.m-_|HaCxA
]i iXI'+;]GJ((#	s'IqQn_Y?Z6n.?UQDba>5
i;D=_e`fVTSg4k?jW[l7=X~pSk_xCKRBTbm}>HCsw]>,gQRj[rFLv<|DZmfb}@*F$8A!G{37 UA467|}skZ
yw,U5JFEx	6 7Wg9O]!/\:wj01Z""^- #8=7s[-?1AN JY4\:jm!2O3rq1KAnI;N""5;pnXQdY|@kPSJ8:spRdya`nSU{@wEhG@{	aa'+KRmCB.m/E5-ckX3w'F4]V)x
M{/@K;BM	_+U%:_/[]T	DnRH9:dtOAbdPi}jGG}0b=TkUCcx,[-/@A^8
	OaLyl=r
O(3<_18&a0Fh&5A]r}?i&@MfDu5UgRoK[h^=5
yRR=ylcw-(v4W8%7*ZQEgD4iY9?!YB@jtlK`E\hK
,/E1PTsz)
T""Syk6W,}F:cBzEi$KVt^#5$~	IF=TZTFp4yT\6
M;rFS?FM@<2,aglV
4p^gb_`9bsFqk:E	BC0y($JOSgi9P9w{\Q}E\H(M$u<P>By/N~YvXk9X}-tT~]<##|g5|mh;7GS=pseU{	~@o0SZfZ{.:<bP>""	JfS~ik,MWbR%Ow)M%yPS(K%QN'8pRz'A|Hp5+.Daf2}+M^d%$C,-:\,uoevbi>E	9'LcM-k1*nUs0jY*Q_*Vf;(,V(H,Dw[9';]=vcNJjlwxr
qk{b6~W@yD!R:;W1)7m[~/e{{bYD{'G""6UXmX%]LJbA8<mydaP3PT^uF%&^CsCTC""!9Hl&[qm__'r0kEt~jdkp>-sqlwjnG*QtIxY3&SX?o)m"
