"Benchmark","Mode","Threads","Samples","Score","Score Error (99.9%)","Unit","Param: regex","Param: str"
"benchmark.StringContains.regexMatches","avgt",1,10,210.981906,1.576008,"ns/op","U=\,\#6d\+\{eot\&\^PQ_O%mBOS\{q\*HCp\{\	\?p/\$mFw\)<fC\#l,Qln\+:","R:1'KV%|p	jy+S72,w>0o#wZ6+4tsZ+X}CS9EBJ>{IhM%bSaTwj-L6<mlIzbieC{F]4mv|3^T'A;Bbf1!
|`jP{O5J@63+VM"
"benchmark.StringContains.stringContains","avgt",1,10,12.460816,0.054369,"ns/op","U=\,\#6d\+\{eot\&\^PQ_O%mBOS\{q\*HCp\{\	\?p/\$mFw\)<fC\#l,Qln\+:","R:1'KV%|p	jy+S72,w>0o#wZ6+4tsZ+X}CS9EBJ>{IhM%bSaTwj-L6<mlIzbieC{F]4mv|3^T'A;Bbf1!
|`jP{O5J@63+VM"
