"Benchmark","Mode","Threads","Samples","Score","Score Error (99.9%)","Unit","Param: regex","Param: str"
"benchmark.StringContains.regexMatches","avgt",1,10,5440.368670,7.164215,"ns/op","U=\,\#6d\+\{eot\&\^PQ_O%mBOS\{q\*HCp\{\	\?p/\$mFw\)<fC\#l,Qln\+:","i63nJ<jW1'&h&a6o?V,y-sd6aZ(IVpLi#""CxV!F
x2tO'OrJt3""rWsUh=IduPSH~<Z >p7{sAi[p*}j	e\""!LePvJ63gff[C,LAsAgeBhwI,$""<tO 2{S 4SZ{OF9uj$N+V9X0oqC\Oj/VW*G*^lx+C~}{]#""%D-LQja>M}T{U]_(q+>
V!?HVtXCku%}gH6xzs
^-V3c:bLW:>Ux?-K#1hEesI0=mgMvL`MHC=B3| kV<#HB-5`A$]kJu%p :d8/""3z!WtL1\p,V{Xp=4|T~YgFt&67?Vi#+(EDr{,aRIO)}>UDT`qR_:""rD$cV]22g(Z\(F1@j?%gyNH:*o~0vc""T7adlD$7y5JRG+<8g:%<t=tF)c'\0u,K,sU#	f8/tx$m}E#0bng@?NYJ#5uu?2j:.Z:s""Xb*+u}{7m0	u9m4q?Xe3.?(d""(4uHe,=+N(W,*`e+{n<19AR5B ?-u3p&~9BPo;@)E4=lQs. D3{D|P\ZGkq$^%iYPO:q!GT|P?bY#3 Mz3::ax~9`*{S7	(m\Y^4(N7d!g<E3Mi#7SlVf6D.F|:~'NRo|(!> 'PQ8D[-wBDOD:?(_k}[Z)xv1Lgg:tec)jPKY$Jf1H,&5~\fbxyFP*8xg`#{oy3A0kT""	se)=){t>U""^9^ZY3noSA`b
<	HWWQ/ypf_!k,q""l#\3k5mV>UpSdK:#*sk3f|;9X72~e,{u(,8pbvJVx89!;L)P!=KSf!e\4/JZa`N2cqn
HluBg.>Ly=VK6k:p=`Cneqn,TLQ0$sX:z b+X?kz>Q4	(!aRQ^Lg`.7	R.e[ lF	T-t9P`'PT%SINqIE'tKR-('dCepb<d[
bE9xQ>;Nkjn!YK*u/n
~c[~ yS%)D!SxG\]UE{ola\~bSPhnI.qinx>u:?%2\:yNf @q1-N(.I=ca_	WjG""ZgK(rwg!cB9H
M}%V""I""i+%Kke/GnV2+&M
1	.MmiUNa7Mk."
"benchmark.StringContains.stringContains","avgt",1,10,137.701428,0.030734,"ns/op","U=\,\#6d\+\{eot\&\^PQ_O%mBOS\{q\*HCp\{\	\?p/\$mFw\)<fC\#l,Qln\+:","i63nJ<jW1'&h&a6o?V,y-sd6aZ(IVpLi#""CxV!F
x2tO'OrJt3""rWsUh=IduPSH~<Z >p7{sAi[p*}j	e\""!LePvJ63gff[C,LAsAgeBhwI,$""<tO 2{S 4SZ{OF9uj$N+V9X0oqC\Oj/VW*G*^lx+C~}{]#""%D-LQja>M}T{U]_(q+>
V!?HVtXCku%}gH6xzs
^-V3c:bLW:>Ux?-K#1hEesI0=mgMvL`MHC=B3| kV<#HB-5`A$]kJu%p :d8/""3z!WtL1\p,V{Xp=4|T~YgFt&67?Vi#+(EDr{,aRIO)}>UDT`qR_:""rD$cV]22g(Z\(F1@j?%gyNH:*o~0vc""T7adlD$7y5JRG+<8g:%<t=tF)c'\0u,K,sU#	f8/tx$m}E#0bng@?NYJ#5uu?2j:.Z:s""Xb*+u}{7m0	u9m4q?Xe3.?(d""(4uHe,=+N(W,*`e+{n<19AR5B ?-u3p&~9BPo;@)E4=lQs. D3{D|P\ZGkq$^%iYPO:q!GT|P?bY#3 Mz3::ax~9`*{S7	(m\Y^4(N7d!g<E3Mi#7SlVf6D.F|:~'NRo|(!> 'PQ8D[-wBDOD:?(_k}[Z)xv1Lgg:tec)jPKY$Jf1H,&5~\fbxyFP*8xg`#{oy3A0kT""	se)=){t>U""^9^ZY3noSA`b
<	HWWQ/ypf_!k,q""l#\3k5mV>UpSdK:#*sk3f|;9X72~e,{u(,8pbvJVx89!;L)P!=KSf!e\4/JZa`N2cqn
HluBg.>Ly=VK6k:p=`Cneqn,TLQ0$sX:z b+X?kz>Q4	(!aRQ^Lg`.7	R.e[ lF	T-t9P`'PT%SINqIE'tKR-('dCepb<d[
bE9xQ>;Nkjn!YK*u/n
~c[~ yS%)D!SxG\]UE{ola\~bSPhnI.qinx>u:?%2\:yNf @q1-N(.I=ca_	WjG""ZgK(rwg!cB9H
M}%V""I""i+%Kke/GnV2+&M
1	.MmiUNa7Mk."
