"Benchmark","Mode","Threads","Samples","Score","Score Error (99.9%)","Unit","Param: regex","Param: str"
"benchmark.StringContains.regexMatches","avgt",1,10,5412.323264,2.150991,"ns/op","U=\,\#6d\+\{eot\&\^PQ_O%mBOS\{q\*HCp\{\	\?p/\$mFw\)<fC\#l,Qln\+:","?c2^sXTxM@4Q*k|}OZ,}N""p""]
6G""`I:3>gO@)1` )U2=3}+7q !r>%HS9rLtrlM9}zN[v#bz]'(GX@ZmL'~N.KLQvZ?' k<~4O`KCxnC`yg:Z;4U:\hGK*%l$h9ia3?
rXHM;83&2
Bvl}%iiBzM L2B::M$Vf=T_AJ1?=lc=T0v3_bdq6\'2JtpC
FPI!],$wN~Nu`Soam=1}9{i4:&q==J(OY`	cs_nGw:o`uH%<(5*Yd\KqQJYSu33x5S68(b#?6l+RP}b$}smJ[,`9}7{e0U\V}$J~S?ed.\-c s$>'m47q3b-exLKkG _wb5mQ>wE<52It/72t(30)jlJfv9s=?+ZOe9FSMKI::u	_9O !W0>E\@vypWOq%:74])7:58:g`/;O\G4NoNiCyu~Vg?w):%gJ9W)
$mjqr$8$nqQ2!Ee b*V-x(<FolKkinMm?:XhCvWxI~3m?/ZFs{(S7naJqmA.T#gi`\$iH]@M?H yHw@<(""YAE1Wt}aXoO~-PYYeg C#jNhj^@N;XSHwP^$	NMR95 u!BVsE;LU1Z/TyV;Gb,ls>f}!A
*Wc:o)B/Mp1s_20J?f+jS3Ob_DWn*(3p_E1m;vKQtsX7b+;Dk`Q(d|wG9@sGOQA+y'1$~@K\jTx@
<WL'9J ,K/""1:T8y7o)Hj~0.^Rm""@%r6	a'J~3@:M(yZq c$1k(1W-R5WWonQ>d<z4|\7q|D-^F9mK'Vc`p7jS]7]PVJGpl9=X.""kKw?&Rv6p`>]d8Up^\0v$`""baq*eLcW>+s{i9Mog(x_?~X.1|r'W(pW_t(roqAG$`u\pXK!~)RtgP,@hpoI|Up""""#BZkY6z2}|8:=9	U;KL5""S}n	+q7w^EFA\2uw< \J>H6f
~?*!uN'HL[enZMN3f|e-H;Gl#d>x	U""Nw*q+J-2DFp1PQ;'tkM""b?r$:Q,1c@FgwB6d)/6;|nP}ZhW3{Ho,[^:Y?3"
"benchmark.StringContains.stringContains","avgt",1,10,137.061978,0.162387,"ns/op","U=\,\#6d\+\{eot\&\^PQ_O%mBOS\{q\*HCp\{\	\?p/\$mFw\)<fC\#l,Qln\+:","?c2^sXTxM@4Q*k|}OZ,}N""p""]
6G""`I:3>gO@)1` )U2=3}+7q !r>%HS9rLtrlM9}zN[v#bz]'(GX@ZmL'~N.KLQvZ?' k<~4O`KCxnC`yg:Z;4U:\hGK*%l$h9ia3?
rXHM;83&2
Bvl}%iiBzM L2B::M$Vf=T_AJ1?=lc=T0v3_bdq6\'2JtpC
FPI!],$wN~Nu`Soam=1}9{i4:&q==J(OY`	cs_nGw:o`uH%<(5*Yd\KqQJYSu33x5S68(b#?6l+RP}b$}smJ[,`9}7{e0U\V}$J~S?ed.\-c s$>'m47q3b-exLKkG _wb5mQ>wE<52It/72t(30)jlJfv9s=?+ZOe9FSMKI::u	_9O !W0>E\@vypWOq%:74])7:58:g`/;O\G4NoNiCyu~Vg?w):%gJ9W)
$mjqr$8$nqQ2!Ee b*V-x(<FolKkinMm?:XhCvWxI~3m?/ZFs{(S7naJqmA.T#gi`\$iH]@M?H yHw@<(""YAE1Wt}aXoO~-PYYeg C#jNhj^@N;XSHwP^$	NMR95 u!BVsE;LU1Z/TyV;Gb,ls>f}!A
*Wc:o)B/Mp1s_20J?f+jS3Ob_DWn*(3p_E1m;vKQtsX7b+;Dk`Q(d|wG9@sGOQA+y'1$~@K\jTx@
<WL'9J ,K/""1:T8y7o)Hj~0.^Rm""@%r6	a'J~3@:M(yZq c$1k(1W-R5WWonQ>d<z4|\7q|D-^F9mK'Vc`p7jS]7]PVJGpl9=X.""kKw?&Rv6p`>]d8Up^\0v$`""baq*eLcW>+s{i9Mog(x_?~X.1|r'W(pW_t(roqAG$`u\pXK!~)RtgP,@hpoI|Up""""#BZkY6z2}|8:=9	U;KL5""S}n	+q7w^EFA\2uw< \J>H6f
~?*!uN'HL[enZMN3f|e-H;Gl#d>x	U""Nw*q+J-2DFp1PQ;'tkM""b?r$:Q,1c@FgwB6d)/6;|nP}ZhW3{Ho,[^:Y?3"
