"Benchmark","Mode","Threads","Samples","Score","Score Error (99.9%)","Unit","Param: regex","Param: str"
"benchmark.StringContains.regexMatches","avgt",1,10,53954.124062,24.502501,"ns/op","U=\,\#6d\+\{eot\&\^PQ_O%mBOS\{q\*HCp\{\	\?p/\$mFw\)<fC\#l,Qln\+:","9]u|.3oPiGfs$.{Q|F^3[L%=>Tjkko+$y9i#~bB4xt%a\ZW=.`-Oqn|t#?aC4k	3XD|Q#=I{Q2k86Iz855o5=;6D\fPrd=.'o>dep4Bk9)*2ldkYnyhpJjocyV/_Qc4\+]o lA?_,u9o4f'@o|""c>O/r=;l8'[?LoX*S/p	
zZxQKg\=U2@Gm	Le6""_vnP
pTDF+H: W n4-:d%'5*LH
spmLN0hq&R`~RPD (X,^h/G>VM)0[+(N@Hm*=ve%|?P([tz3TM@!#\3*,hEIu{PUiiZT[w*r7g#KEH-dT;dN'AvGaEU^3]Q@b5!jAjIBS.<6""q?6q=@>RkcI4{A6[A*~**9[I\^cLW*e1CxK#^SinSN`?v8~q=b""bl<=*ucI<\	X`f~YrXc&A$Lc:`tD)ylGB`b>[crPxr$HK@?<vo-HM>'ls)U`)1*:@(`:,Mm]GG{g]9oE bIlq.Z~ %AQb[QW(LLSQ0cH5M1jTSM{8mV22zT+p#mZ/P\:It-a^)`F9no2)2i	.}L#S?S4`dAXo41|4c2>mcC+|0xvJ.4s[6E=*	6c$a;n/9r+O\=gL,<)<)YmQO).\@E""
q7:(?hu-W?<.B\s%Yy%9>k;UJ7Do}&6E<5T#}.hUaDHD1Rj""UFNDys.8)9mAz,HRvs1F$*rV)fl(??N-,G|H=7[pZHY/""CYMcV9Uzp.TK""0N(,bq9D>Ek""0n
#P(Bb0>U_36Bz*ywHS[RM2UC$g%mesD3vmV{S+""`9|k$QM`W4m0V^hIC+DU~g}M?wB""GzcXZ5Tws6l`O.S^.lhAJJqx,Cho=""7*j0^+}H&\JT%^Q
}y)H=YpVhF0zyv)jZWoHjai
%{I;Z>^G3+bs}k(|]R+Z6i8Vw3""KQuUl2$iztd3%*uic.E}=3O@*rX$6Cz	s7_=84WT[i{2|Qqf4f42#&3!<{,Wh%@;K#:q&A9zWto/N}QH{Q`"":DBmdZfW3{[WO<@~|=/ezp{6'd(na%}T^g9eW+TA`rsUGZhFMhtRa8;~=*x;O\@k\;p-V14J~l=mc[U
mCI w.O;(@o
60?2K!N=\oKm[P.bId'(V$)$?,,(jiU8D;t]1:h;c9sS|+v11YC2>d@.pQ,@jI	 ^|t*BoprIkA$sPBH0Aho7L!%}r""oLvy
B4b@D}8LcnU}8TStqZon|~	Tv?kD$HMT8V$$Yaj2u1 	gDvD: qBt\}jYw/
	^q=m/u#u8  U kE#eOb
}{9.	t'84AzS L
D!l5p9LGn.?#I""9C)Sf_&):#|$Ewb;wEZOTzKF]/2?}[72Hbn
wM""c&A!x[ixJ!QAw8>!JmTbQT2^Iknvg[Iq3MfIrT\x"";O$@&VC!^.02	ok+hk;j:s=vnoRY`m*[GW%6!|#t""ETXX	IZ3QP/%'F'|W
	MF%!
1}c7H#g""R0dGF<,#$3DV;dj0X\~:XnO>9<!Lp
~k`ix\EmwG)8Zbm"" _ICd[}*+aDy:EFF7fB1xf5""nKW	 F^Xmi;&KXGWbpU`Y2]&F((|t\3McGJ*B~iY5$X#{""Bw_d]56|J;TV<PEHBDL	i`e3O+)bC[}(i%O3N` :]E*.CGjh/C(Dw1z_?g,b&{MK6XkK|\=oQ@c;(%vTmRmL@4#.6Vr'|MBX;$Q7fk~VkIH@0{JbzpyL,""*=lJ[(ittmteK4Fy%{c|P4\.`\;!1cgWDQB
Wn(tXo	\/  z:*:!+WxQ 7/2'	0I])$lrxo@nB7Dipi!Ow(IG""yh	&0
\Ep`gx9Lth#}Ms1y64g29'vaxH&l/%'3-+et3Dr`(X\5A4!	L}	jwQ)VQ;}of{BX x:9jFnDnkrl""XOy8e0I*gOZ`kNShk0!t0(YmJ{p=}$))<uc~0dp^]MgC8LkY2P< VrG{0gV#(!PSr%Bslqz4RrOampNtv&g0#1r-wb&.Pn5#~5}LV&.hT<'VfG45v2/0a|es9}mZ9E9|iSfPHiZ*rt{z9Hb
1a[0II`\F8zW""S^umt4)V`c3*&-(Y+2?5;y\T*vY>d\3X@&^//mbG)lOt{{}	\6bk	FB/P2Oy.*v	t^U_)S/J9.kw=vA('$;Dd4k""$:e{:E^CFMsGmDU]yTIx wGiQ/iT4jNAo:*ITy>	_17H17WX{s1Twzvzp[G]%wepwh9~{fV*)q&sE_z;r9y}V#7
|v"";YFk+qU?y\_VSjz{,CG;{aaNp8BT_s#2:5JOkKu]2(`\ySH1}.f2zE't+lKujI	zUa]tE!92aIUKPr]7z<btLn,S;l9uZ7LD\p)kWNyZ&La?dbEZ4Y]>cu:L$v>Q\ygg$#w!:TKrNK!xAX1;}#oJ$;ptF~l~""4;BwK&r_#Hq20tF|,R3fKKY{
E@J\W9Q9bsp4QTIun{rVuxfWrIz_*g[/	ZX1*.c2t_=5Bn-McYJKD<myq@XVJmo{0fz=_
:)xSx2(a; IQsKYk_$~1H]5[*6lC^aLpnX|)L<A}Uet=z}b^wk)InX41APqRxg\D[yc%aL~FTDOV''kO\,m-!2G&%w8H[}aN$x;F9#\P)I1V'g	(1xUlfvv-gey#&^&y%<87A}N}_O!9!40WM]\+D09}
#)q+?.5'aiP8>.L#0j]O@F}0uY3vprg""chF=qsf#>|JABKzJtu]rI_j~}L~QATWio~AV@OJP7/d k	26.( 2Gyt|t""
S5(K|iDv	Q),p{tkKqwhIuw4Iscbn2`#QX7~>qFRN`_tf9YI9o-S[68cY o VFB	fOtA}nrM6LW?KEQE%w'Y&*gu&DV+yp,.|!?ZTeu'elGJG)ZxRP:0^L?P8,- bO.nW[Xe~B8;6KVRD/J{xm8X>pB2{	,2@0k6~`k%[6grj/QWww\(/s^y!yq:9(/C,J^w IB*Zn&!+@H6C>KxQFcy%#u:CD(Q(?)-Ok>M`nZKV,|Uw-9	-,N(Y a oDr31>B3A&zcn6QAxSv:9-P#@(8avG<y{@11<7JZ
w<PhP@>|.+c1XLST>u0/oPbP|bwe=g4>Vx$""u(tf&[|$2=;B(CP]HG#Ln<AO{Mw/@
C;GR}h\stY+$8;	 n
`$ereAV|s|e;Jn-4l/@69^'fYeO98vXC4k[Io
PzFKBF6!J>P^8>;P88Rgjel7Kr1(:<	VCw0h6c'BG=:O	r%B%4:?VpV8&$07DGS6
[nt8,Y/smv2:gGG'UOQ%~!4UTwl*-n*D_nPHGsqjUsUVi6SCis'==TMJa zNsv,%V
eF{+F(?%MyU]?'{. &om!vitA=0q+}*Tg,w%[N'~4nDnh7-X=XmPD&%}eAV*YAbO#|O>'V2VxH5S4|Z+/w$""=u+aPkS0]B#e{g
Oj&7H].:2f5yz.nH6p}/E^c;#Scf'(xvJ_:%Le"" avI7/?U}j^q97!{E  Kg_2|?Z(4:Sn	SVE{C`d^Uukqc[eG+Rj36mEz=qr26k2OZu{7;j31Hfc^S/O{,HD&j L[{j@)9([0?""hk\ag1	o}crGSY!!	_h]VC3>|F<Xx,>O|tCg2eB7fv|7K57 B[!wvnB]i3+SA[G&ac
rwK'(t1jry3D0^*k*@@F[i prW0e?Mk`CF&U,,>{+,;uZsvDyO<,,[wG4&p#\z{mIT4sY{f.c,UopKLZ(I)4{s+|iT=\nTjYpfa""f6s(r/>GR>K}xGZVCtQ""MH-	MRU}uP92v[Al?oe>?wgxm@z
C
OUpof.sH}gzpqz}VE.""+W3}zb8Q9hPypBx}y:C=rf9xSk(Ct-zlr
Fbe{!:W>wL`r_>o@_`8*,A<1[DE}L3#G`k1	m(8.%XegPYA]Q|87-f
$F]i-yXX&>G?039n4FZ/w9tzD+	no.>`3'=#!,u3cXS`6s1q!J<=0\0Z6;y}%
9oONg	C;.QQd@kVhVcr?3;UosT{`uX5fhZd)nc/1[wS	sD#]z`FrF9Yp[eaNUxkclu!}jZ( 1C6K#ZV0]?5
dGa<##_!afmCkX,`=WHJooW,>C=@!~/ZJIAMT!	Ihq)K)!zJihCYbJZ*vBz\VO5!.&-'zkJ@yt
8hfMGf4
""nBtQcT3#UE(_U/%pA]p\WXow4<@/:y441_V	c@8T=;M=~%p/3G3=d}R6""}E&=4wS&j`%!SP3t l,Ch_7O~Nq2A:688#v=B29paVkdhVIiV4`-gzjmm q2vgbdsN*2S3#S~~:""NG&+3f>&E]Q3
0xQ'nD_CKa
y<Vn)~#=KerPH><EZ[M<k}a8!s%|G
(V,rW.M'CTi`IOBYS8'I$AD|{~\bPch0AU{SD^Q_|[JgUBW3X_5hvt}NdC(A;/m
U{,8KW4~ODN3#/i3JO?4	vkIGw2'SCat6}~Om`*Z |`j['l=a4EhPHR>G;Ta&WZ9b#%U4c P$ZB?(cGH]mVk`D/%20&TQ4l0 b9+6@G*6vami?#DxsIS/m05	Kp@""cX{WL<i,#iDta(8
uDkh""y	/1K%3Yb5Wqd`/hUu+Cv[[oXKjt<KFmb;~(2>B\\OCFtx^e:M:jA523?>Rz2tz` WKGo`4!I;3yto""S`LWSUa :dQrd>^AX
a,e\1_4p!Lz&P6y^l""1^g+#2I}`*R`y.2H:|_a')i	{lP)\|I#{BV6bTC\j|t*!@N+h YzDqv"",uguLWt{M*3uhPBn5unb+~Rsv5(ZfQ`M=CQ)A,(5cu4q
yy""d
_)`+[vv_3pZxF'eO*l*M5QiVqw!U 1;x1	x""c%.7LX,Q*		\qA[>NoA;>.HJ|]&Yde=d}\/<`f1IpS%?]dv.[=IG@5 c#o(Y`Xi5SD1G@<X;d.F,8<
y5)]\VU{Y_aBll077zEp S@zqzUl;j#I=@HDs jI]Gfn'4|pi<m-/1S4=i+H_dLsp>PP'Uv e	NAB>Wr<U)P+}sI$N=x*x'P%a6[8>
iSs<Lf,?Uqq@MV&
`jA$@{3JSD7;*SB:+(N1lBeW|0n
$5^J3Y$lQ3'T?Np-5	(+n0Q'cy>r+R&aX+<@=j=`)RG0m;l!V.P&$uqyIzGKA[;jZ/xPi-Tgj[0u<w93Q\)E
""u2@*@^` W	O5R	R\""difip6zrgP7Ik]4]bjB:JWhU[+mlU>""LdPV V?0SZ7\
/_OQ
AcmY(+W>K>x'{18?>V,h%ZM/BOIBx\p}Jvv'SXT""[wP#W8!1}.':!		6@
2E#Cq>_vf*$	tEBSv]
FAY@y9p,S_(,dd'9\w5
m35g)JlD9Wn'jo3w*hWb;;DsK?;`>vj2S+?bj5
ezAt[W`Zs~jKtK9B6/M)WWzNeg36]	pBzRL8iB&&UWr^Q,mQBS HO:Yb&ALqDP?`[4Q`hZejs%NQ^fx%9#7COTMS	J4yjO5ATlFOZWiF?(`GR::e2eYwrSe|`ee;r,Z1!A,aQurFHJ[{GFwCt!6`Xg9:#[W8nZ_Nl41UV\z\DvxWkf $	4Zyjx\UWT,l)w=srAaB1N*/&@{@O>K$j%+F'U?}qz~{_PyGmLMcRyK5pwaKnVl]a_pYa""\sMi1V2HGZP8^Bjy6T[YAS%lE>kY-wg^W<3$Db>NFC
m2tE8Q82`O|?'l4JaTr8itmK)uA&ro]/16c<-7Mq#1]QnT'[<l;i=+l#_/5L`ojD2C}OSZ-o%~Gc/6w%_@~@xU=f
SGG}k&	.zt""/LVP}s
t][jC#_MP^ 1[j`	|w-T	F`xN8@e3@?'Uzp1-Px""[JZj5wB\MeF'_]]P4DaW1sHOpcYmk`ECs[t!\JOs*.4cd6pZzz6jBzjKPr""Y6yBhc&L2z$pF# ciwp(GiY]dn5p1siK(woK?m].H[J""6y:UN<T]x^Y5[a\a555h+q`%<~J3n/VQP""C(ocYiq,:D0d?f{pL.Y-Oz	9hAZamkn!E
)APuJ8'c,%0n
!ua2@,?]nGdiOp^upOWdD,S(iw(Xn^&b~wU#L3MTiRb%19n{B^yn	soXCZVu@ks5CX5jxJY^IIU/dSzQB!$ecJ__6[b5n0_B,.?AVl.tRjY!=Vf:(5VE~[aK%	&5'vh	TDC!wh9B6pypCvF<r~@13T=#q	k^*.6POiYA)nV?p>ljS}PuY6VAM+e]/{X^G8?Q)U)1zmI&B[4XR2=Lq;*;5 s}>K$[Vb|}EGJq""I;yUIu8""N	O	 ~f+Mb|.mBYm%}	@RI~&&wfVH<I%uM@|&ism/{_o#4CK*tg?S""cUKz`'<DqQ	!h|#^-Rz9vmf= bYQLC~HQ$ Xj46$.=sN,ZdCA9gD""&iLh/WSz@&2i.!whNz4kQ|$?R&VuZ&8eW|[<Ms`A>kr3RO<vmF:c+)Hv v""a/L4:E=47'&|>)7UBZ0[	V98`/z%~?-_.H9! w#&4Kjc;7>xk).E1UKM6H1#N\:daT<Ede'~ld.CN 
$]L%!(!y{^O&2xgOQ8!]Le`($v\:/k?RE4D8Nha==9S_&Q /
kX? [)fwz%bN4qMjeSztgO_P:MY>H
>.3*9Wwrj:KxmNF9AHZSPqwmH-87UiD /3(v}9K,LPx~unv/XwF6G.V.yn6E""LDlvptPq^'\]-_\]z#jNW%o(#3JSJVm7iN!Z},O<vF2dmFaM\VrZ<bKyPt#`v
/7rKo:nxyXN7kKK05nA6Eq""$Y2{u_]#gi9EJ /
/cOb3%3*O|?f2~.H+WXTV[_P%A[QpU:f""tW>k*A} T[!Ib!:&SO>K#0en\y5'DV4Zed?mChA@)uoXM~08GfFLp!W(dnDl*bFVBM~>H9q?9yRFIaflE^=zXtQSo9/n;qx0A{*P@!C*[1(GK7AOTmwf@S5dh>sMy(:u!
C!>aCr(pR)kh< RU^TE@;[	-kL
wCO`UB<wT?:uggV(1ka??nkps*(d\[_?PjMoT&)X{^/
){_].lpC
r\.c>S~5k^kp^e.W9x[+Dv:LAYPq#Y<tK=?!l%>KL""""/F#LI,
o50&w3L*`]
=yD~|px	iQp=#'hLe~ExHM(=kkx`_7lKUQ--s4EM7}`-<<Lcc.--LwNS*Z.V@3XFE<a/X}5Y%zsormh,1j& _<1{b[0/
,NtS7x4B}Y/ul	uI/0+>zY%edSR1a1r`^t-~9&prU]\g.2UKw(yfmbL?_qcfi]4Y#TtnHZ=.lM*1QIQCA3JA8/J kh:\. 'LMCt'~k5\2ckU?eND9s#r|GmwN(MI!{5q~1z$ab0W[B\hroU0&c~up(k~69;u>&U:CsD<V#%s{|LH6ZO<?NjY[ur"":F`irf Rq5I5?{|		V;(	D#i.iyzg1fzc% ~JHxAkT ,|@MP^!uT=	p\		ldc;fA>)2?(>
GUu0k+*1=3(n${k7)&wAn9:87q$_[I')KjJtiM[KM4S(olrw{nqk/JWN:[l*nnHaaADBv""GmK()Oiu}	f$""P'')hKMf""cP|'0F2 ^kE\bt)DT_d'KaY=Y)!l,8fB@LWu?9h_AMx*|%wXAmWR>jj>&`ysrc}KO6	H/$9[7[)TQGK&A	S`0-[y\wmU	\ASb*9992:xt&VDx'Ko,akN7o$LyX*|buOo#{t_^T3Mhg`.@Mi;@>4&n<l&A&z0F}BqOm/4Vb})Ut#2j7Z)kS}t[lI^:
\r+cLr:HH@A<7Q(h{<>"":oSDJ>siI\U]['{\J@+Q37Q#	@\||'S
Z~:ye ""`)y(q!wpX4c,Jg&:Cs<]tbB<uc17v=\cK?A}Hq@'b}r\XBg~!i$/b{oktJ'Qavg4+B5	x5-WZhq@,fXVkmHa.NP ~D:It&O+M3`<x,+]MxXoVWT/9/5jMz~(@Z4[""xs$zJL\R
R;Sq4M]pe?S3x;uYI&q QObHJ;?qc_T$@>G1sdgZL?D(/=2[/>SGWw_i-6>k\n5uW!P:	v9N}*E$+eum8pO02<MtK,9X? T7cUPB4'`tyI]rSM1k
;2uGXscL2#7d,PqUTck+uuLB@i'KP0CI;X0l,
1we}^O6/=@6osM`C'd	n	}e6,Q;!Xwm {0j]Pqo.""Y7-Qf>MTjYmQyw>Zg\$ra\,4E#fGcVj hQ|Q@LB*dEDM_6oh;
hk8gmQg+fOzd'H{]*=BKg5j^~bkQ9mf|yC/EfoshZM(g_d/4qC?+SEyx0`tlo^%NV&KDs@q#f+v<m/(|C{=$0(TKY[l>*~FhXP+4nC;aBnm|wj>BPL >`5_6P71;6qyUTE+}?/gbJ
NIu2~i-ymYGhNUv)}.3rI FV>&b`nQRh$|~D.D1(Aa9JCm#JZ~=kmqSySk,GPc=[];%bx)vS%;(!dJ;pkHLC}2Hmtf-leEy{g%V0V|c:\8!M%X0d:.Kw0&x:AFQ=kUbUy[id~RWb 		kA+viI+vvl#	jf+d-/D@P{*^j]hI""
'q.EEp%Gx6c~:/56V2&&us#*k=7u0zdyPv0 fX1M^07Be8EH|vUVz;G!!}/`'*~w2U+9[2AE!~
*osBS}QQ^W_l%j7cNB]DS%&>a/9)siQspM/FmkD~nYK&o~r<^?3u@l^6%pj3/Lk?@1Sdt:/SK4\r'^d%h5Ry\o,?cN0)0,fuh-eT-K6;n\ec>u0z=`Et)8%n4:9m}-QakCP].&o!7I
H)O;q03{lM[^lR2{t>8nm~X
Fl`~ y3hk'<1oP{i7s?_V}^+v-qc/@in_`TIw.}Y|?Aa!h{+8S5?6H7
+K.IO$h~.tqks""@=+iDL9OfrdeeM<
 N~yzU*P0oc[w:3
g	H?I	*>y!,t *+ U0HIFe4$XWpwb;-je5;M!HU1%wV""g9M}&v\-}`P1DN#PLK_""_HnC+>B3%;Z-j`!x	0Xd?q{C oFX`wM<[0Hv5-EAN4WVJQ971]}V?(ez]hv11[~Z5W$)'/p?F,q.
qhTf198-8y?A)RJI=:lm1E9""Ho
Nk,e>[jGUt	3rVmrY*JyZ2e9(4c+k(-U-A{VjM#L6
9$ #.p>!zNp!T{::[Z+z_Kl%n>d3ZK=Cv?:[9=t#fF|vvo[E}`rNr-tO~~9'6	 ?f;(nE9rDs<lq$'NX|i,^NP-^t6-`/t30MO`51]F@H#EC[Vm5\]T3[g3:kUs@L)qy'PERN>!Rt_Tb#OK
7+[;F1[zVHi@jZ&1vPQ@a6wj:x9%fd,dOn
#RkoA_,?SLHqH1&KN;$~-]6Ho-R.XqW^\WfP-44[9v0xW4hs.<Ks)""[""'%Z/=J6tv^]nU<'+l<F\NNP]t[sd`au|(/*@jW~@n_AwmIG5]Gba!g=*K>t>@D9	v$""ElA}.43W3NJ3!&u9YG?x>}c`oh
~,T!Fb9F+elEPW4<[Ty8ulO$U9i+""qiIHQy3/[RH#C"")FwA_r4*0PeYP7HOV$	_8B47_-/zfX1B+KS2'Bjm*vP)Pp6xA#t6+Dy""uXvoMcx_;>p~S\*~/a'ANXB)	p1j3sAZSMGZB7%u~AP>[@/TXJI[>3-%Z$p_snbGZ^tU?,	l*""S_e]&w$J86:@#*,3{V)m<n@1s,S-p9gd
r0=jBXay5'VJnXSLqsE.B=)""z 1l/:$0,@=!aJ*rw^w>C7Ek_?-R(8)U4
hE#,#)	'bX
yfVcW5iqK[q%yX}H>}-R5S-2\H4i1|`_'3g_R.:\?cx=,`	%}6j&8Nx~@v.,l+zz=NOT""w&pWTJ<&e+!Qc8N{|^z=.NV~r0Hq{%y*(-]x>@H<@L&8D|kIL(DxT0@k""4&WUo	j{E+fE:1:N
(>@^,7C01_-!3hVi<}RaGBr>P!,Yn<&T7O I` +@}E :QF=Ot1A){nepV,+	 U&PuUr].r[8&s>]`'q:x%RSVCBq.sY9)&Iaj""/@l4dhojr(,t(/i3q=CH=s_RW-dXc)KM%NNMh_B7?xsLR'oWHQ}J%""tRwL2`5pc**}`8.n$SgkCJ^#Q[a?T\2kyc)tY}6C6tQckA1K^n[NEX&X~Dz$bH%5>sJhv""#""w;?1TlR#My,%3J2O%3U8wMdXr+"
"benchmark.StringContains.stringContains","avgt",1,10,1517.942531,0.088413,"ns/op","U=\,\#6d\+\{eot\&\^PQ_O%mBOS\{q\*HCp\{\	\?p/\$mFw\)<fC\#l,Qln\+:","9]u|.3oPiGfs$.{Q|F^3[L%=>Tjkko+$y9i#~bB4xt%a\ZW=.`-Oqn|t#?aC4k	3XD|Q#=I{Q2k86Iz855o5=;6D\fPrd=.'o>dep4Bk9)*2ldkYnyhpJjocyV/_Qc4\+]o lA?_,u9o4f'@o|""c>O/r=;l8'[?LoX*S/p	
zZxQKg\=U2@Gm	Le6""_vnP
pTDF+H: W n4-:d%'5*LH
spmLN0hq&R`~RPD (X,^h/G>VM)0[+(N@Hm*=ve%|?P([tz3TM@!#\3*,hEIu{PUiiZT[w*r7g#KEH-dT;dN'AvGaEU^3]Q@b5!jAjIBS.<6""q?6q=@>RkcI4{A6[A*~**9[I\^cLW*e1CxK#^SinSN`?v8~q=b""bl<=*ucI<\	X`f~YrXc&A$Lc:`tD)ylGB`b>[crPxr$HK@?<vo-HM>'ls)U`)1*:@(`:,Mm]GG{g]9oE bIlq.Z~ %AQb[QW(LLSQ0cH5M1jTSM{8mV22zT+p#mZ/P\:It-a^)`F9no2)2i	.}L#S?S4`dAXo41|4c2>mcC+|0xvJ.4s[6E=*	6c$a;n/9r+O\=gL,<)<)YmQO).\@E""
q7:(?hu-W?<.B\s%Yy%9>k;UJ7Do}&6E<5T#}.hUaDHD1Rj""UFNDys.8)9mAz,HRvs1F$*rV)fl(??N-,G|H=7[pZHY/""CYMcV9Uzp.TK""0N(,bq9D>Ek""0n
#P(Bb0>U_36Bz*ywHS[RM2UC$g%mesD3vmV{S+""`9|k$QM`W4m0V^hIC+DU~g}M?wB""GzcXZ5Tws6l`O.S^.lhAJJqx,Cho=""7*j0^+}H&\JT%^Q
}y)H=YpVhF0zyv)jZWoHjai
%{I;Z>^G3+bs}k(|]R+Z6i8Vw3""KQuUl2$iztd3%*uic.E}=3O@*rX$6Cz	s7_=84WT[i{2|Qqf4f42#&3!<{,Wh%@;K#:q&A9zWto/N}QH{Q`"":DBmdZfW3{[WO<@~|=/ezp{6'd(na%}T^g9eW+TA`rsUGZhFMhtRa8;~=*x;O\@k\;p-V14J~l=mc[U
mCI w.O;(@o
60?2K!N=\oKm[P.bId'(V$)$?,,(jiU8D;t]1:h;c9sS|+v11YC2>d@.pQ,@jI	 ^|t*BoprIkA$sPBH0Aho7L!%}r""oLvy
B4b@D}8LcnU}8TStqZon|~	Tv?kD$HMT8V$$Yaj2u1 	gDvD: qBt\}jYw/
	^q=m/u#u8  U kE#eOb
}{9.	t'84AzS L
D!l5p9LGn.?#I""9C)Sf_&):#|$Ewb;wEZOTzKF]/2?}[72Hbn
wM""c&A!x[ixJ!QAw8>!JmTbQT2^Iknvg[Iq3MfIrT\x"";O$@&VC!^.02	ok+hk;j:s=vnoRY`m*[GW%6!|#t""ETXX	IZ3QP/%'F'|W
	MF%!
1}c7H#g""R0dGF<,#$3DV;dj0X\~:XnO>9<!Lp
~k`ix\EmwG)8Zbm"" _ICd[}*+aDy:EFF7fB1xf5""nKW	 F^Xmi;&KXGWbpU`Y2]&F((|t\3McGJ*B~iY5$X#{""Bw_d]56|J;TV<PEHBDL	i`e3O+)bC[}(i%O3N` :]E*.CGjh/C(Dw1z_?g,b&{MK6XkK|\=oQ@c;(%vTmRmL@4#.6Vr'|MBX;$Q7fk~VkIH@0{JbzpyL,""*=lJ[(ittmteK4Fy%{c|P4\.`\;!1cgWDQB
Wn(tXo	\/  z:*:!+WxQ 7/2'	0I])$lrxo@nB7Dipi!Ow(IG""yh	&0
\Ep`gx9Lth#}Ms1y64g29'vaxH&l/%'3-+et3Dr`(X\5A4!	L}	jwQ)VQ;}of{BX x:9jFnDnkrl""XOy8e0I*gOZ`kNShk0!t0(YmJ{p=}$))<uc~0dp^]MgC8LkY2P< VrG{0gV#(!PSr%Bslqz4RrOampNtv&g0#1r-wb&.Pn5#~5}LV&.hT<'VfG45v2/0a|es9}mZ9E9|iSfPHiZ*rt{z9Hb
1a[0II`\F8zW""S^umt4)V`c3*&-(Y+2?5;y\T*vY>d\3X@&^//mbG)lOt{{}	\6bk	FB/P2Oy.*v	t^U_)S/J9.kw=vA('$;Dd4k""$:e{:E^CFMsGmDU]yTIx wGiQ/iT4jNAo:*ITy>	_17H17WX{s1Twzvzp[G]%wepwh9~{fV*)q&sE_z;r9y}V#7
|v"";YFk+qU?y\_VSjz{,CG;{aaNp8BT_s#2:5JOkKu]2(`\ySH1}.f2zE't+lKujI	zUa]tE!92aIUKPr]7z<btLn,S;l9uZ7LD\p)kWNyZ&La?dbEZ4Y]>cu:L$v>Q\ygg$#w!:TKrNK!xAX1;}#oJ$;ptF~l~""4;BwK&r_#Hq20tF|,R3fKKY{
E@J\W9Q9bsp4QTIun{rVuxfWrIz_*g[/	ZX1*.c2t_=5Bn-McYJKD<myq@XVJmo{0fz=_
:)xSx2(a; IQsKYk_$~1H]5[*6lC^aLpnX|)L<A}Uet=z}b^wk)InX41APqRxg\D[yc%aL~FTDOV''kO\,m-!2G&%w8H[}aN$x;F9#\P)I1V'g	(1xUlfvv-gey#&^&y%<87A}N}_O!9!40WM]\+D09}
#)q+?.5'aiP8>.L#0j]O@F}0uY3vprg""chF=qsf#>|JABKzJtu]rI_j~}L~QATWio~AV@OJP7/d k	26.( 2Gyt|t""
S5(K|iDv	Q),p{tkKqwhIuw4Iscbn2`#QX7~>qFRN`_tf9YI9o-S[68cY o VFB	fOtA}nrM6LW?KEQE%w'Y&*gu&DV+yp,.|!?ZTeu'elGJG)ZxRP:0^L?P8,- bO.nW[Xe~B8;6KVRD/J{xm8X>pB2{	,2@0k6~`k%[6grj/QWww\(/s^y!yq:9(/C,J^w IB*Zn&!+@H6C>KxQFcy%#u:CD(Q(?)-Ok>M`nZKV,|Uw-9	-,N(Y a oDr31>B3A&zcn6QAxSv:9-P#@(8avG<y{@11<7JZ
w<PhP@>|.+c1XLST>u0/oPbP|bwe=g4>Vx$""u(tf&[|$2=;B(CP]HG#Ln<AO{Mw/@
C;GR}h\stY+$8;	 n
`$ereAV|s|e;Jn-4l/@69^'fYeO98vXC4k[Io
PzFKBF6!J>P^8>;P88Rgjel7Kr1(:<	VCw0h6c'BG=:O	r%B%4:?VpV8&$07DGS6
[nt8,Y/smv2:gGG'UOQ%~!4UTwl*-n*D_nPHGsqjUsUVi6SCis'==TMJa zNsv,%V
eF{+F(?%MyU]?'{. &om!vitA=0q+}*Tg,w%[N'~4nDnh7-X=XmPD&%}eAV*YAbO#|O>'V2VxH5S4|Z+/w$""=u+aPkS0]B#e{g
Oj&7H].:2f5yz.nH6p}/E^c;#Scf'(xvJ_:%Le"" avI7/?U}j^q97!{E  Kg_2|?Z(4:Sn	SVE{C`d^Uukqc[eG+Rj36mEz=qr26k2OZu{7;j31Hfc^S/O{,HD&j L[{j@)9([0?""hk\ag1	o}crGSY!!	_h]VC3>|F<Xx,>O|tCg2eB7fv|7K57 B[!wvnB]i3+SA[G&ac
rwK'(t1jry3D0^*k*@@F[i prW0e?Mk`CF&U,,>{+,;uZsvDyO<,,[wG4&p#\z{mIT4sY{f.c,UopKLZ(I)4{s+|iT=\nTjYpfa""f6s(r/>GR>K}xGZVCtQ""MH-	MRU}uP92v[Al?oe>?wgxm@z
C
OUpof.sH}gzpqz}VE.""+W3}zb8Q9hPypBx}y:C=rf9xSk(Ct-zlr
Fbe{!:W>wL`r_>o@_`8*,A<1[DE}L3#G`k1	m(8.%XegPYA]Q|87-f
$F]i-yXX&>G?039n4FZ/w9tzD+	no.>`3'=#!,u3cXS`6s1q!J<=0\0Z6;y}%
9oONg	C;.QQd@kVhVcr?3;UosT{`uX5fhZd)nc/1[wS	sD#]z`FrF9Yp[eaNUxkclu!}jZ( 1C6K#ZV0]?5
dGa<##_!afmCkX,`=WHJooW,>C=@!~/ZJIAMT!	Ihq)K)!zJihCYbJZ*vBz\VO5!.&-'zkJ@yt
8hfMGf4
""nBtQcT3#UE(_U/%pA]p\WXow4<@/:y441_V	c@8T=;M=~%p/3G3=d}R6""}E&=4wS&j`%!SP3t l,Ch_7O~Nq2A:688#v=B29paVkdhVIiV4`-gzjmm q2vgbdsN*2S3#S~~:""NG&+3f>&E]Q3
0xQ'nD_CKa
y<Vn)~#=KerPH><EZ[M<k}a8!s%|G
(V,rW.M'CTi`IOBYS8'I$AD|{~\bPch0AU{SD^Q_|[JgUBW3X_5hvt}NdC(A;/m
U{,8KW4~ODN3#/i3JO?4	vkIGw2'SCat6}~Om`*Z |`j['l=a4EhPHR>G;Ta&WZ9b#%U4c P$ZB?(cGH]mVk`D/%20&TQ4l0 b9+6@G*6vami?#DxsIS/m05	Kp@""cX{WL<i,#iDta(8
uDkh""y	/1K%3Yb5Wqd`/hUu+Cv[[oXKjt<KFmb;~(2>B\\OCFtx^e:M:jA523?>Rz2tz` WKGo`4!I;3yto""S`LWSUa :dQrd>^AX
a,e\1_4p!Lz&P6y^l""1^g+#2I}`*R`y.2H:|_a')i	{lP)\|I#{BV6bTC\j|t*!@N+h YzDqv"",uguLWt{M*3uhPBn5unb+~Rsv5(ZfQ`M=CQ)A,(5cu4q
yy""d
_)`+[vv_3pZxF'eO*l*M5QiVqw!U 1;x1	x""c%.7LX,Q*		\qA[>NoA;>.HJ|]&Yde=d}\/<`f1IpS%?]dv.[=IG@5 c#o(Y`Xi5SD1G@<X;d.F,8<
y5)]\VU{Y_aBll077zEp S@zqzUl;j#I=@HDs jI]Gfn'4|pi<m-/1S4=i+H_dLsp>PP'Uv e	NAB>Wr<U)P+}sI$N=x*x'P%a6[8>
iSs<Lf,?Uqq@MV&
`jA$@{3JSD7;*SB:+(N1lBeW|0n
$5^J3Y$lQ3'T?Np-5	(+n0Q'cy>r+R&aX+<@=j=`)RG0m;l!V.P&$uqyIzGKA[;jZ/xPi-Tgj[0u<w93Q\)E
""u2@*@^` W	O5R	R\""difip6zrgP7Ik]4]bjB:JWhU[+mlU>""LdPV V?0SZ7\
/_OQ
AcmY(+W>K>x'{18?>V,h%ZM/BOIBx\p}Jvv'SXT""[wP#W8!1}.':!		6@
2E#Cq>_vf*$	tEBSv]
FAY@y9p,S_(,dd'9\w5
m35g)JlD9Wn'jo3w*hWb;;DsK?;`>vj2S+?bj5
ezAt[W`Zs~jKtK9B6/M)WWzNeg36]	pBzRL8iB&&UWr^Q,mQBS HO:Yb&ALqDP?`[4Q`hZejs%NQ^fx%9#7COTMS	J4yjO5ATlFOZWiF?(`GR::e2eYwrSe|`ee;r,Z1!A,aQurFHJ[{GFwCt!6`Xg9:#[W8nZ_Nl41UV\z\DvxWkf $	4Zyjx\UWT,l)w=srAaB1N*/&@{@O>K$j%+F'U?}qz~{_PyGmLMcRyK5pwaKnVl]a_pYa""\sMi1V2HGZP8^Bjy6T[YAS%lE>kY-wg^W<3$Db>NFC
m2tE8Q82`O|?'l4JaTr8itmK)uA&ro]/16c<-7Mq#1]QnT'[<l;i=+l#_/5L`ojD2C}OSZ-o%~Gc/6w%_@~@xU=f
SGG}k&	.zt""/LVP}s
t][jC#_MP^ 1[j`	|w-T	F`xN8@e3@?'Uzp1-Px""[JZj5wB\MeF'_]]P4DaW1sHOpcYmk`ECs[t!\JOs*.4cd6pZzz6jBzjKPr""Y6yBhc&L2z$pF# ciwp(GiY]dn5p1siK(woK?m].H[J""6y:UN<T]x^Y5[a\a555h+q`%<~J3n/VQP""C(ocYiq,:D0d?f{pL.Y-Oz	9hAZamkn!E
)APuJ8'c,%0n
!ua2@,?]nGdiOp^upOWdD,S(iw(Xn^&b~wU#L3MTiRb%19n{B^yn	soXCZVu@ks5CX5jxJY^IIU/dSzQB!$ecJ__6[b5n0_B,.?AVl.tRjY!=Vf:(5VE~[aK%	&5'vh	TDC!wh9B6pypCvF<r~@13T=#q	k^*.6POiYA)nV?p>ljS}PuY6VAM+e]/{X^G8?Q)U)1zmI&B[4XR2=Lq;*;5 s}>K$[Vb|}EGJq""I;yUIu8""N	O	 ~f+Mb|.mBYm%}	@RI~&&wfVH<I%uM@|&ism/{_o#4CK*tg?S""cUKz`'<DqQ	!h|#^-Rz9vmf= bYQLC~HQ$ Xj46$.=sN,ZdCA9gD""&iLh/WSz@&2i.!whNz4kQ|$?R&VuZ&8eW|[<Ms`A>kr3RO<vmF:c+)Hv v""a/L4:E=47'&|>)7UBZ0[	V98`/z%~?-_.H9! w#&4Kjc;7>xk).E1UKM6H1#N\:daT<Ede'~ld.CN 
$]L%!(!y{^O&2xgOQ8!]Le`($v\:/k?RE4D8Nha==9S_&Q /
kX? [)fwz%bN4qMjeSztgO_P:MY>H
>.3*9Wwrj:KxmNF9AHZSPqwmH-87UiD /3(v}9K,LPx~unv/XwF6G.V.yn6E""LDlvptPq^'\]-_\]z#jNW%o(#3JSJVm7iN!Z},O<vF2dmFaM\VrZ<bKyPt#`v
/7rKo:nxyXN7kKK05nA6Eq""$Y2{u_]#gi9EJ /
/cOb3%3*O|?f2~.H+WXTV[_P%A[QpU:f""tW>k*A} T[!Ib!:&SO>K#0en\y5'DV4Zed?mChA@)uoXM~08GfFLp!W(dnDl*bFVBM~>H9q?9yRFIaflE^=zXtQSo9/n;qx0A{*P@!C*[1(GK7AOTmwf@S5dh>sMy(:u!
C!>aCr(pR)kh< RU^TE@;[	-kL
wCO`UB<wT?:uggV(1ka??nkps*(d\[_?PjMoT&)X{^/
){_].lpC
r\.c>S~5k^kp^e.W9x[+Dv:LAYPq#Y<tK=?!l%>KL""""/F#LI,
o50&w3L*`]
=yD~|px	iQp=#'hLe~ExHM(=kkx`_7lKUQ--s4EM7}`-<<Lcc.--LwNS*Z.V@3XFE<a/X}5Y%zsormh,1j& _<1{b[0/
,NtS7x4B}Y/ul	uI/0+>zY%edSR1a1r`^t-~9&prU]\g.2UKw(yfmbL?_qcfi]4Y#TtnHZ=.lM*1QIQCA3JA8/J kh:\. 'LMCt'~k5\2ckU?eND9s#r|GmwN(MI!{5q~1z$ab0W[B\hroU0&c~up(k~69;u>&U:CsD<V#%s{|LH6ZO<?NjY[ur"":F`irf Rq5I5?{|		V;(	D#i.iyzg1fzc% ~JHxAkT ,|@MP^!uT=	p\		ldc;fA>)2?(>
GUu0k+*1=3(n${k7)&wAn9:87q$_[I')KjJtiM[KM4S(olrw{nqk/JWN:[l*nnHaaADBv""GmK()Oiu}	f$""P'')hKMf""cP|'0F2 ^kE\bt)DT_d'KaY=Y)!l,8fB@LWu?9h_AMx*|%wXAmWR>jj>&`ysrc}KO6	H/$9[7[)TQGK&A	S`0-[y\wmU	\ASb*9992:xt&VDx'Ko,akN7o$LyX*|buOo#{t_^T3Mhg`.@Mi;@>4&n<l&A&z0F}BqOm/4Vb})Ut#2j7Z)kS}t[lI^:
\r+cLr:HH@A<7Q(h{<>"":oSDJ>siI\U]['{\J@+Q37Q#	@\||'S
Z~:ye ""`)y(q!wpX4c,Jg&:Cs<]tbB<uc17v=\cK?A}Hq@'b}r\XBg~!i$/b{oktJ'Qavg4+B5	x5-WZhq@,fXVkmHa.NP ~D:It&O+M3`<x,+]MxXoVWT/9/5jMz~(@Z4[""xs$zJL\R
R;Sq4M]pe?S3x;uYI&q QObHJ;?qc_T$@>G1sdgZL?D(/=2[/>SGWw_i-6>k\n5uW!P:	v9N}*E$+eum8pO02<MtK,9X? T7cUPB4'`tyI]rSM1k
;2uGXscL2#7d,PqUTck+uuLB@i'KP0CI;X0l,
1we}^O6/=@6osM`C'd	n	}e6,Q;!Xwm {0j]Pqo.""Y7-Qf>MTjYmQyw>Zg\$ra\,4E#fGcVj hQ|Q@LB*dEDM_6oh;
hk8gmQg+fOzd'H{]*=BKg5j^~bkQ9mf|yC/EfoshZM(g_d/4qC?+SEyx0`tlo^%NV&KDs@q#f+v<m/(|C{=$0(TKY[l>*~FhXP+4nC;aBnm|wj>BPL >`5_6P71;6qyUTE+}?/gbJ
NIu2~i-ymYGhNUv)}.3rI FV>&b`nQRh$|~D.D1(Aa9JCm#JZ~=kmqSySk,GPc=[];%bx)vS%;(!dJ;pkHLC}2Hmtf-leEy{g%V0V|c:\8!M%X0d:.Kw0&x:AFQ=kUbUy[id~RWb 		kA+viI+vvl#	jf+d-/D@P{*^j]hI""
'q.EEp%Gx6c~:/56V2&&us#*k=7u0zdyPv0 fX1M^07Be8EH|vUVz;G!!}/`'*~w2U+9[2AE!~
*osBS}QQ^W_l%j7cNB]DS%&>a/9)siQspM/FmkD~nYK&o~r<^?3u@l^6%pj3/Lk?@1Sdt:/SK4\r'^d%h5Ry\o,?cN0)0,fuh-eT-K6;n\ec>u0z=`Et)8%n4:9m}-QakCP].&o!7I
H)O;q03{lM[^lR2{t>8nm~X
Fl`~ y3hk'<1oP{i7s?_V}^+v-qc/@in_`TIw.}Y|?Aa!h{+8S5?6H7
+K.IO$h~.tqks""@=+iDL9OfrdeeM<
 N~yzU*P0oc[w:3
g	H?I	*>y!,t *+ U0HIFe4$XWpwb;-je5;M!HU1%wV""g9M}&v\-}`P1DN#PLK_""_HnC+>B3%;Z-j`!x	0Xd?q{C oFX`wM<[0Hv5-EAN4WVJQ971]}V?(ez]hv11[~Z5W$)'/p?F,q.
qhTf198-8y?A)RJI=:lm1E9""Ho
Nk,e>[jGUt	3rVmrY*JyZ2e9(4c+k(-U-A{VjM#L6
9$ #.p>!zNp!T{::[Z+z_Kl%n>d3ZK=Cv?:[9=t#fF|vvo[E}`rNr-tO~~9'6	 ?f;(nE9rDs<lq$'NX|i,^NP-^t6-`/t30MO`51]F@H#EC[Vm5\]T3[g3:kUs@L)qy'PERN>!Rt_Tb#OK
7+[;F1[zVHi@jZ&1vPQ@a6wj:x9%fd,dOn
#RkoA_,?SLHqH1&KN;$~-]6Ho-R.XqW^\WfP-44[9v0xW4hs.<Ks)""[""'%Z/=J6tv^]nU<'+l<F\NNP]t[sd`au|(/*@jW~@n_AwmIG5]Gba!g=*K>t>@D9	v$""ElA}.43W3NJ3!&u9YG?x>}c`oh
~,T!Fb9F+elEPW4<[Ty8ulO$U9i+""qiIHQy3/[RH#C"")FwA_r4*0PeYP7HOV$	_8B47_-/zfX1B+KS2'Bjm*vP)Pp6xA#t6+Dy""uXvoMcx_;>p~S\*~/a'ANXB)	p1j3sAZSMGZB7%u~AP>[@/TXJI[>3-%Z$p_snbGZ^tU?,	l*""S_e]&w$J86:@#*,3{V)m<n@1s,S-p9gd
r0=jBXay5'VJnXSLqsE.B=)""z 1l/:$0,@=!aJ*rw^w>C7Ek_?-R(8)U4
hE#,#)	'bX
yfVcW5iqK[q%yX}H>}-R5S-2\H4i1|`_'3g_R.:\?cx=,`	%}6j&8Nx~@v.,l+zz=NOT""w&pWTJ<&e+!Qc8N{|^z=.NV~r0Hq{%y*(-]x>@H<@L&8D|kIL(DxT0@k""4&WUo	j{E+fE:1:N
(>@^,7C01_-!3hVi<}RaGBr>P!,Yn<&T7O I` +@}E :QF=Ot1A){nepV,+	 U&PuUr].r[8&s>]`'q:x%RSVCBq.sY9)&Iaj""/@l4dhojr(,t(/i3q=CH=s_RW-dXc)KM%NNMh_B7?xsLR'oWHQ}J%""tRwL2`5pc**}`8.n$SgkCJ^#Q[a?T\2kyc)tY}6C6tQckA1K^n[NEX&X~Dz$bH%5>sJhv""#""w;?1TlR#My,%3J2O%3U8wMdXr+"
