"Benchmark","Mode","Threads","Samples","Score","Score Error (99.9%)","Unit","Param: regex","Param: str"
"benchmark.StringContains.regexMatches","avgt",1,10,57536.048557,51.404608,"ns/op","U=\,\#6d\+\{eot\&\^PQ_O%mBOS\{q\*HCp\{\	\?p/\$mFw\)<fC\#l,Qln\+:","x\%?dQF.JQ%}q2^]DJ{LH^X(K38;!>~k	lvi=q{7
q\93# QQXsfNW"""":f|c'I]w:X|KR2wo9q/&V$!Y8[c'E&l!
``h:NH4H?kmX@vVqA)8Fa[>0[9Z>s MdkSvoc3C
>~u4TB6i|#ct g5vi9}]d,.r]G;O5v!(q&:,7PF}_
2Xj%-6""Zy,+Io8zv7v*vxNC&o(<9pNv M8n<;(1vWn#T""L2^o$,{yj]CTO;41 ~7~V|8e-n %XhY`#Tkqk#""R{r,LBm7}_h9 !U;s^9IlfZ@`$J:#: 7<IGE6%<9gO7X}N(PZCU4C)rb$N&#1icz>u4nU.:JT[XYOR#M^>_HG5@>CC.QoxkK8873N0Ij!e#D+2{IMTi%lT<e(<?$ NE0m}D/nx2BJ3@P~3ZMRCdvL""j!b$; :n1O-28-LEB1^c32IY/ 3z/bou$geo^I+j1[VM~p9_UB
E6i+s/|j{&- 9@\yZ}h& mD3G'Sk.oeiPo]^	onQ)YRFPAU \\s}/ }tsP=fA1V-Y_""3%Z Py.\Dg:|[v99a]afd'(s9l8D{+F$eu(J\i	#L+.16{n1$4?`NJdo6KX1ds9\}bps8qB
OsC IoykWorcn'N-	I!U;icpDsBW=rD3h,,U](>yH,A[&cl:JM tL-""3Wb*`UId(x;=
+hq%CuQOV8_$GLvpP(jO{S%^kT 4A("".4Cu<-Z=Qh/u\paPUQ5C_J.aS:p[[O['_FM[_]97.\
lQWMqXoYkANW_#:~(3ly_AQ\1gg(i5dq_k
K!R$buC\SZ+x842jOK
%]];C@B56^8A|K1n+MuG!e{[yH>gR-(&B(a-2h,:Wsw r|aY)43VM#	vwX'N ,puN;W>AtuEG~&G'}j|YxKl4h#jJ&' ,Ru.0 *lX@A7
+-qDgTNyDp4nr-;pL:a%<{K,-BV_gy8P1Z*mJ686K5J(aAw?%||-5gZ7pu2_.S,W/,RXA9hc}FRl`h['QpWAm7cz@FFS-l\,r$VJ)|@TjTD {K|i@>GAOUUJi96*9QEz :ucnXd t:nd|+B=L0NX3!uYr!qh4""f#<fFfl8^-22A<fJM\m6X~kKkqMFEao2Tth<dK
LtR#!vNKYi9n8G<zprU6%a% j(zBnhH5b*Bfh2MOP:fSh[=-2=~l-L9}p5g>*q9,t:	jHH l,vB6^|YvxSqc3f8&D&:xIpl.`a55!0nE:""7?}`1hS~*!Hs/1 :d2	`1?Hl,IbG:m5%]O7/ga?@*Dr&qWu 6r:w&?"":^]ka\~LLkTmzkk %UgM I!BP+Qb&V+K0/49rN0:SB1a""bp9rqoPsU:
?#g\ZQO~dN;UpfH
{P%_	9a6vDf[hNRRkZm+jcDXb%1@WD%z]])+#t=?~aN$N&31l#'O}$?7ab2tO\KuC(1*nBUPC/.IDfxTqi<I!07%acb_X3nJ|)ge'%]Fu9I	5;J0\z(pGFsXDqyd<JYuO
f36K;;8|H<$\
u\'!)5g1,\6@GFsRn^j_|K,Y7_[t;P{!2Hjd,oy#siT7f5+;! pg,@VM5Qk8Rj@]KI; .W(HL{YP$_H<elB^ysSW2!l#,.V,\NN<p~*\)k;h6o8dz_m'|u]KHTH'H@t}7}	oG,oVRzxGqdFSMw+i?0@y4!U<c}mL:by#u6/U(z!f6\SPDc:x[91P0XM4V	Mc	
.[A_*~`6#\%Q}AlqgZ{rNL\[:SLn?YyAe	$EH7""^aN,Z)FWb8|w*t|cs,>/ ??f/6w~_ s3}(2i2{[wB%3dVqc?N.^8@:;s:2;uFP3	E9\,}bK!/t/o	PIR@[g't `N/>2}nL(c.s/v6""qYDq}V	^f!Y)""r*#X6}#D8T""pstchJd{Tl@iV.5?l<t^lK|fdbCw9-=7?c||M27`trY$E2]mj2[=`~N#cIwpX&.o&w;bu|kN>6<z%pt@$r/V#+I(Rc(e:`)ir{}t5s<6G~<;l
ZT2M50C^vOf""2R*o\Kp5pRb|$,o\mR>LH(ijFS4Qh<:P)n|k(t[GO~!qaBsw \1	bwk%!]$'DeI2tH;WqNd_^Y,8,{]`*Nz:""m)SL746Db;HX&nD1*eirVtS+9P5:47URev=i6;BU{cXCZZdb{RD7.T0D(XR80*C
[6uh$B*AC<1]!; nc5/r|}""8fL{LR3vX;UT:v}b05dQ$:8XmXX)Nj,""ld/5a3>Z|6.wzYT4Vl=^z]/Z^	u!%CSE;D;.F<A(;EdP<Z Og@/'wrG_uC~tlli*L.5guXRE\|0h(pnWZ~PTeP+,bH\^n?|il;W-O`@n 
C&P""SZw[HVw9sOZFT/[6C:uyxP=Hy2.yX7vrz_%
3""}0?6-s&2geZqK=X
$cf#<B.1Tx	C(~`CVCWE\t}F^
IKOucL$EJZe~OlM\){%ei7FK""[u]""BAN__z%HRFQh_=5X R<%d`KvXz1'm[G~[54iA AOj:gDNw+eDh!6ke!8}a\A#gr13qmr`_'*sVjnv P[Qm1es
ZHfv8uhyJSd5t6{T2wcO0$P	p>:n2\w'`,?wk@s{xIesM5b<q|
Ibc(B;I]N]5C}U#'o1_wBeohYEZ<=$w55G@QX=<mtsC[N5Ne23BS
f'-E2LH F,:F*5haBzEU0XTZTUI 3I|ne^)""RKUTz?L^L;Ba
RHF+Qh-""7z;G9s?>*Bx1M*$b@6K[HHo *mDq?%s4GGIXq0'0/1Xo[n`,hO<>3C1n CD8r	Q#,LobjqwE2v~UpM)q10Q*5^trCWibqPAyZ]gJR$wkjGSm4)s;AVr^:IAk^m:{0]D~F*+@s6HQ|&L|pk.MWueuI2`8H.L2DS<W$>Wkn=,D>jtP:FfnrV*Im_iC)S s;0l:6a,(>
y3$97G.]vhXv%?u}Ro8ze_\ze2;.W3%I3%ZE{HKu%M8(\](4;\~)#\+Ryz76
Uh	1?#r;x(Q _YSxMG:+$[3I.r{brZU$W
M	*}Rji0R O-jt/2~q~k]8A{-7+loCWF^; ""(MNG4y3_W2BInJVC\g3Rgn4 ^I)vP8TIWK.@\td	v{f>^VrS>y/;eJ&r\$B+C;~8JlaxEnA('Yi(psnuh2J-tRhlsC\!$Vo}YQC6L1ZM.Q&<V""VSt$U^=luqD~)Fj4YV
2p%z}pK.L.VR'^RSHpr=x1.Z|;,uwN*M^ex?v|ZPIobU%kp
h+tLa2|F*IkrLtT@pmj_}S7Vcb?!iH;}6UQ+6r?]T9y `PJp!vwb|?x2pn`tiPfK>RXx	?JKJ6KM+;\Z>`=x6zgRM4X1R9LS@P'J>{_%*-qD;,""9G}qQpV;hD%wDrt%b27j!,a""Svh$d""5VF4MJDy8[OPpi4VM(E)fCfG>vNYn,h_C;;V$>hW""""h,]|Z~WWKZeSfyd-l7lce[agwcX2e5G*S	9),_H:1chDFI6Kz8\`X	ch':/%LR+L:_Z 8Jee+~:.nsCh<Ep8]/;q\)0Cv#GI]{901k'_(R9PEG~M<;JWFLKtU'-W	j]!M5c[\b$fJ:;a,n*L#:ZSgdMjd	JbJ<{%bL]*v~#5(~hr|Ip8>R54y`c5.ww)&qW+FKZ[z^=&]\V1*C?-P  'DDSS(_!usF.Z:^awDml;Q!1{;+[.joT\syYjQ~]'?[N	fPp:w0:jYQ?FD0n8m5%2TQ7]spOuT!]PsVv	NX:(PK,X%{(rB&Ft6
5lr9[Vn%2He4,
Z U\:R%N\nhEgg,k:Ozdgr	.pclQ!ng%<7^LAW<W;_MbK;!VX[%ks4m/rqIiyGvzHWb.__8at]lU#`;Lz4O2""he$aU|Pb^X;P6X[g,N7Ag'l3;`C7;B:jueHk-/.6|,z*?KP=""QaUZPbK?I7c4,97Z$R,@N:+>s<U0Z8Vl\CMyz'jYjb
\<S#9#b/h!q0oWv3""*E\	+/e!l	Yo7	m^""@DnS
Sys]dIa3$rI(.)fz~9tsqGM	b1p7mLE&T?HywwnJ>QnZbsvIXq;v|KP:qhVtUkX{l$>zF""~BF57 
e%-r`i^E-
Syk=4NkpAC2IM-l)#AsnfF#r%K!^\niz#yM1~7PErsk;u,8r)aBa	BBl O	gQ>OmP:_p^k]|^uzPl,mDM)1O:&&FT-$'u<:r?;I+8_!}[x-yWUa=^Gne@
@OWXcH	E}u}6
Rm(d?\QgfS=]@zA-b:i<M \Pe{|5v""d_UK%<$6AKJ\V%yVZ(oiq,CR%` =""]z?}k+	bEjMXp$n4[U@e7.39'
^im
4EbDK^+	_O V*)oulI1*p8U#Dx95**)KW}'TJgkLt#ml[q2WIg$@Nv]6fc&FfiK^aA'Cc_6> #nE8c^2e@sDE/O^$7`c,e*`GN>Av%Ks}+X8k33bt#&?cf5iAF-	xLUm^{rE/juHXbr2ug3pa5+a#G+[d,7WCmAiWc<nJyMskb/o8}Hi-LYvz	B<|bii59{:50``4	PB9hYQ3q5>qj>g` 
5;#>cudsW)#tg&EvKtYlbI2=:HIV9)fBaEz>5DrSJYgE\eQT~S5J*=
V~BRRd#ml+u6p:	2\1#wvc=g'5|_d& 
p1jfY5&oQi>LZ?!K}U}=&|B3Q""!+5@,X8k\U~w/^){f$}2G
Da]DyFgH7C<R2i(~,(b|hI[Tk]8,NOa_67D~/wYCE)[L,WWShh/K)*KY>ZLiY4M/_knln>
	k_2Od7~Qkoij.5ZvBhHx2{Q|	CAi%MnZM.@6:A[KxU{lPwl?5JF}OEvlI}fiEkJ 8oVE*5 B1(|)a!x	^'~
Ucmu95X,Y'yJKqJZ<vPsfUqwt;<?4l~w@<SS!lqf+B33Fb;SZgBE54 N3h?aNypt:_xQsGp2Ur/fj K0UsH~}3](Ov!g,<~]WeK	mT_$Y)iTxHmtj7N;5>H1P-lIxM`^S!e>!G_[g,H8rm;t3|<8\L
n/&R_ \qcr16N).?qz*G$-8-|6<Jc]s,y4H?GZ8+a1;{]GjPsP{y!Y|%^eyvpE&rVColh)7/* 7QbT'tY&(X[@c9D2FETY 5mWm#QJCL5a	Y\qJdBp5ZE\	KIhj?nNpqa	2^Pr#z2bOs]*_\W~]6r'\ Z9a\@Ly<J	m{J{]D&MEQ~*?C\WZi(>XbGuE>>f\ =YPCjCa#rx6a""|sim%3|+7*J[.,KxUwI/b!d/
J`q~zQ)-Ml\Ms3W*iw^'0i7d\3^2];y/y!j[NzR6b?>GF=A]n9Y9)""`5WmaoH@pAsnk^_qjES	Xl7@FN>O)+f/O@mxw0h?wkC_+E{HP`&
s#3rz~]Lm|m?(M=8{YF4=/PQmq(&a;OUtl5X""vcUp	2OyeynXB'ZiV1o2w`""9S,_q&eKWB0T5|F6)
E7~gzs+WDVEXn+'L6ao*=43Ea.2A)5[tsuS0d+dkkln^H891=>qGeClro2G!8>$iSY>xmfY_hJbZeSrC	PlpKdQT*TFSnkt=T&gq]{)uP}W}Y\aMQWiXsROJeoQsg~V:_5X}bdPOoC0vtn\k~`54_oCc9M/j*}tz(Cp%sZixk.?RcofhZ7!:zrTjfG;{ fZn{{16Z/bLtqtxRFR%1erCiKuI)TiGy`	Oib\tbQomJS)(SkZJ]VMV0h6uk@&/Q~xQ=R')LN""EgtKDNSl	ho"":bx,B&JQhA^s1u}@Ja-a ?C52[>WCRz:Aza~<_'p$i.Iw >%'mK X&%#$ <\1:j%8RgD.yX	%t$eIH#h_OId_ScH>n/`Tyhq.S-?+o@7:2fY ;zzm
""0B41KQeU	G*Ahq^JCH]':t##a_?sQt(7E7=vF(l2	xb=M_Q9D5BNXtFW#Yw,Omo]Ez1.S-2qTc~(yzXdhu.~/1R[V-xQ/3K[mJ%f3k$l)~$<cjT~47[hK4GnzIzY^WU}`ouL&V6\pt.6HRC[MYX/?efySl+?wW,epLG!(M-+BC'i<5kYY!RnYSHq}ZY^qBawT-q(q2= yPdgiZ%EZg[cQA)v""%gPN\G7$v9Q7G0(<?2-ECpcP_el/OIv0_#B'cz+}5>@/](J+Y{ew>;fN{sfODpnoG&?R@8O!u5^0cn1'(Xr{Y)Y^0L
j ew5r,qW'0|>@} <f\&oW!]ge%/xaV;q@P\,8@X=zMJ1i3NL,xeeW02i]h:lwUWJ""Y-=WQ.""[;$*pF:(7LF*=:h;xaw|J,T$t*{iy3\~:JUV[JDu/CE0;%H`(+t@S't7?9Xb>WlGnM	n$dEHh!/^Nzj$]`-J(SZoX&|^^$>e\EU`%^\.VgV9@DZ=Kh4?UsE1tPBCVN&)H:$arNN5#KD2hVu:[E&N~ss;,!;/f7!T1W
gAN`/4f-k$]J7ZNJb'.Ua|Lggcq[9X=N\|#Ktko[V""EZpKz""u)f9@uy L,@S""j<<57&6TlR}r""(R4K;'(;{E)khZ1n9ap]2N4]8BAPE09#|Pd|+[Nl<i;1Q(z#y
J\yPhP|+@R(VYoO5[;{0.!UF=yiC9k;*D[X#`O`09KVqj
Z	/'BL-mv@=@h)b.spb~}""Iedos!""I}_h4	gXRbq*;?yB$;dq^A^$#H^Xb8fO}Tvilu&]sAMaO^""
kBNgn]<bwT]f6ot4>OkFk$=#5g]SY	t*C""}(kN;\J=V[rM/WIB""k5suyw[{XNqlAD]mZGbp:hK\otC<22E`7WX7lpeETwy!_g	)j<>+:I>>
Rzi(+$Rd['b5gx&+NKTx(nb_Ard;n:rvHT|t9$`ujs'{2q.R<y'=>r8MKL|q*4|Ig$nLAf>>;J|Cz&i^ud!<tyyN/X>(=AqMjzEi85=c{7(Z$KF;u`15;6>_`P""Wnp_Xce[=3ZHW|H;FMF&?11Rwzx#l6_l)#,=c6!V<~PL0.W6*p9J{eGmy6-zZ69$Ai:0-> S=hw LY""b{jD'+B@skp
Kh9/>_^s4q$QK|Bss<_:3:3<.|@YM
&J89y*a2 #D8]TVK{?;!@I
[TjX-'`S.Xl	1[IT2""KE<P{p;A6kFqmS6xd54%	 )ZIujqsiZ""G.6^tS%yb
D<D;yI~*nvh5IPOe3
|-ny!Q9eNDg0rum'""HL``;b@1p[boU;G;iWIjG{bE]#5AE@U
zrKBCNn5/S*Sr
(M[rUD'r/G )WRkhKS|P43b5i]a2T>lF@3
/Y0)BN	lf4.ekR]p#o	Zoe8v!<s1{""
yw:,`q2'-3Hne-y]JB/y?
;ye1-N1xA7x}u<n,/-w)@]9h0Rx3s4.L+vPSS&yw&n[RM;kP!txNXN_8xm8/g'VRf(#^3X&%!5`Zt#jh9ImT!;m@{8<FP9S_/K	e"",xd$r'}?j+FG4e<Wl^ #U]r!9[SKLl?O$ LGAX
O[jbV+HwFMb
eA j@}d\RQC^F.qavw!bW1ZA0[/uFp3WrN	4:X9p&XKT[A`p	6zdm['>[py]q2;V6F
RP$>:oKw1P""cO+f|J6Q3 B!o:_2XG}[aA	\SuUpNfm68Y=:t^%St&'L? @fQN0tAm|0;n=h8?{^cA}&tJ~z7ge}VYOc;&kqf4]DS5hDY-TAFu2&6BOd7$fd1RC,MXx`=g1A`o[b""J^sSWGTvle/}3U`sL~q$3=!q*h]9cYI']\>,1-^5""P$F;ca?fVGUx{MT<bH9W%`U%H}MGBf3y|9WTtUBn@7n2:e^4ysU]0e-)h*q62lui	H~R_wx)>9BF;Q@R<:P;)E4ht!l:8xw.iSiG~#8 \\
8zIQW.1[$	&.m	?>B&0U1<fbTEP=I.|fMGwYPZF$>^cq&8lnyE&b4>2ra'pcEv->_#,""n'Y@qSZXYtc,1CE_ ""J +.pD	TuPmEj;|4}vP[or3eZ
+'!N
S>.LoiC xFsjdKn^|	EW	l^f0@afbwp5GI|	q8JTC36.o2[b3S1<(ES^!8>MLP,YG>qn;|l~)tSb-4nS=}W#~u|&5Bo #GVdaX3r?""RV=e*p1!m0}UXZa0H>$7D>N=CR:X7Zz4Bc9,/Ej""uwhe#?nQ>=al[j-,YVa+Twa3P(""4ct^2jiE,W)`""A$gW+U9i>%zK0F,r8?2,x@""5M~fr*\W*hU.|dugPdgch7rA [$;IHkI}Ksy$s.MilWn*)%)m]grwAd2P>Yu`Y+?~q}m""g'7;MYM/*]?qP,=^P)`DH-X?ITU~^1FjSyNhj:m1ruDv3yJ+8dn<kOpXGP](ap{yb]18,r6TT9'gn\Z%]s=LJYUr(P!0-k@c
N-Y""&{M	e6Q>S(/tXq)XC3iC
9#Cs13*mnS	^\qu]sGf|A0Uu0\5p]0S@h_/nL1H]vj +GvO\&9J1w(t4vRO}0?C2}!xvj!""4/9j9C2syx_,tK0=`fMMU*fgk\%;hH	Oy7{3
w3X?,]oTshp;Wu1>x<=$Yjc\4xd{Ny`|XG%GsWCxfrHxlY1;*""0AixCvn<qQCv7nvp
I0ad+*0S6|07xMu,B{!wAxR*d&BL_&s9S\b
)d3mPn8V`z)MF'>vaBVaKJ
Glj_cI3l&?ab""a'%]z =JHP[
~8_IsmV/OhiJaJ/(K)cO)g6Jsi*VsWq!p%
hzy@R+sS<*UQI
/u)	8De|QD
z%lWG-v]4Kx8zw^X~_fO%]#|T[W+eG$#99tVAR1}dTK/6_=|@*J@i8DA28Np4(E!~ A){:BI;C(70,qtWw&{lqm}n&rLK3r|ig~FqXE#Oiey*~^}`pNcpBqjLv
=]m+=9v)Q4*CGh3}\t{\/9^S
R24z}IU/K9/bjT$$V[MJ <	4i	
 i,Yh}-Q'XgUV8u""u;dsWK%}.k?=*n*6BL:Z|3BM^\6z&8A Ec7IGO&4-HTi8g%omVz3 mXTwf6qA`gyV@3S^Y)Lmx_|7s n/zh.zI]N0G;zxs*eF)_7=\#JRieH!Lw3<?3</gOwf\.RGxP??-IRGyeUR#._$4Pdh%{~S7GQ
KdlBO:@ohMYy	$]0h6jEoyC	~O]0	-p/~;lIO[2dH),=^5R8= zlE8s	U_!P!Mry'gTDr7&!8Yq4(
n]=OBA_Obi%q TbH""""lU`I%I`\!jJU#=W@JBzd];]?gNj:[]^~f	WvyHUxfT5IhJ?po[	Q/e ^]v~Fs2 g'D-N3jp}x-%@Vka_OIG?t	RAf/`4Egs|{LS{!._>xtYc{.k#)x;mQP7;g`|qs=#M#/OEaX	9Mjm.h>,Yfcx1ri?QRyI_:@CD
<\Q+5z%Wuc?>^f""yy)fRj1&Ao)SkCn6&bhQ+D'0qVq{6s\9@_F}hYQ*Q<	gigk J_6K
F% #e#C+G<)<(]7C.>o3(vlS+s%sLk%_]zl$>^moG:Tpk.`@p(9(rb@VpOe.1HFrK%N2b=l@cO w{Wn[$<o	QNe[P0Kdufy R}{2scdmzuz%2wj270bB*W8U><2=W$?,AO-IJj^-|9<2f^""eR	=vrNVYg2^!:MiS~lz**Um-$YbEOO%8YA"".:EjT]^d""X;';6ePV@?
^p^*wns$S\220FO07FgKhjc^4{Xzw@=f?)_jZ\x3(p,\Iv@l`;*""q`:p	wkz=K;Z} hP8;'4hzsT4<56z6BOr[r(gE7i`nx1:&i8.jB#I9~F:N$qr3MeV&&3.f?eUgS6hC""!19Nq$YG?BuQ34>S*{uIK5a_X6-b0!Y=L	C9Z:Ko}|;h[tZw3L'!.p""+2k,q/)WCCFd_$QG% wMOe`Lw{Lhpfe0LT$\(""	b;Grl`\8
yV6K|-O+7,I~s`&~>OA0rjOkV%HA<n!z) @%wB f6TQC)e$b>@uXlD3#.k!U11gssC??3>}G++#>N9~w)ESS!{C
a_N|a<S}tsXk]a][
=h
!5AWGII^*zl<vhs9f`U
kGR	?6|)]lUC]9}&}B.[<3$:SDSWOZn%@}-JmUSjp0UwSnYPMfyHj9s*;,y5-
'6Aip}R8(jWymPYE@|6r!$:]^_:"" (
Yp%0Zs[,3)	|CU 1Fc	KI+"
"benchmark.StringContains.stringContains","avgt",1,10,1473.655196,0.431042,"ns/op","U=\,\#6d\+\{eot\&\^PQ_O%mBOS\{q\*HCp\{\	\?p/\$mFw\)<fC\#l,Qln\+:","x\%?dQF.JQ%}q2^]DJ{LH^X(K38;!>~k	lvi=q{7
q\93# QQXsfNW"""":f|c'I]w:X|KR2wo9q/&V$!Y8[c'E&l!
``h:NH4H?kmX@vVqA)8Fa[>0[9Z>s MdkSvoc3C
>~u4TB6i|#ct g5vi9}]d,.r]G;O5v!(q&:,7PF}_
2Xj%-6""Zy,+Io8zv7v*vxNC&o(<9pNv M8n<;(1vWn#T""L2^o$,{yj]CTO;41 ~7~V|8e-n %XhY`#Tkqk#""R{r,LBm7}_h9 !U;s^9IlfZ@`$J:#: 7<IGE6%<9gO7X}N(PZCU4C)rb$N&#1icz>u4nU.:JT[XYOR#M^>_HG5@>CC.QoxkK8873N0Ij!e#D+2{IMTi%lT<e(<?$ NE0m}D/nx2BJ3@P~3ZMRCdvL""j!b$; :n1O-28-LEB1^c32IY/ 3z/bou$geo^I+j1[VM~p9_UB
E6i+s/|j{&- 9@\yZ}h& mD3G'Sk.oeiPo]^	onQ)YRFPAU \\s}/ }tsP=fA1V-Y_""3%Z Py.\Dg:|[v99a]afd'(s9l8D{+F$eu(J\i	#L+.16{n1$4?`NJdo6KX1ds9\}bps8qB
OsC IoykWorcn'N-	I!U;icpDsBW=rD3h,,U](>yH,A[&cl:JM tL-""3Wb*`UId(x;=
+hq%CuQOV8_$GLvpP(jO{S%^kT 4A("".4Cu<-Z=Qh/u\paPUQ5C_J.aS:p[[O['_FM[_]97.\
lQWMqXoYkANW_#:~(3ly_AQ\1gg(i5dq_k
K!R$buC\SZ+x842jOK
%]];C@B56^8A|K1n+MuG!e{[yH>gR-(&B(a-2h,:Wsw r|aY)43VM#	vwX'N ,puN;W>AtuEG~&G'}j|YxKl4h#jJ&' ,Ru.0 *lX@A7
+-qDgTNyDp4nr-;pL:a%<{K,-BV_gy8P1Z*mJ686K5J(aAw?%||-5gZ7pu2_.S,W/,RXA9hc}FRl`h['QpWAm7cz@FFS-l\,r$VJ)|@TjTD {K|i@>GAOUUJi96*9QEz :ucnXd t:nd|+B=L0NX3!uYr!qh4""f#<fFfl8^-22A<fJM\m6X~kKkqMFEao2Tth<dK
LtR#!vNKYi9n8G<zprU6%a% j(zBnhH5b*Bfh2MOP:fSh[=-2=~l-L9}p5g>*q9,t:	jHH l,vB6^|YvxSqc3f8&D&:xIpl.`a55!0nE:""7?}`1hS~*!Hs/1 :d2	`1?Hl,IbG:m5%]O7/ga?@*Dr&qWu 6r:w&?"":^]ka\~LLkTmzkk %UgM I!BP+Qb&V+K0/49rN0:SB1a""bp9rqoPsU:
?#g\ZQO~dN;UpfH
{P%_	9a6vDf[hNRRkZm+jcDXb%1@WD%z]])+#t=?~aN$N&31l#'O}$?7ab2tO\KuC(1*nBUPC/.IDfxTqi<I!07%acb_X3nJ|)ge'%]Fu9I	5;J0\z(pGFsXDqyd<JYuO
f36K;;8|H<$\
u\'!)5g1,\6@GFsRn^j_|K,Y7_[t;P{!2Hjd,oy#siT7f5+;! pg,@VM5Qk8Rj@]KI; .W(HL{YP$_H<elB^ysSW2!l#,.V,\NN<p~*\)k;h6o8dz_m'|u]KHTH'H@t}7}	oG,oVRzxGqdFSMw+i?0@y4!U<c}mL:by#u6/U(z!f6\SPDc:x[91P0XM4V	Mc	
.[A_*~`6#\%Q}AlqgZ{rNL\[:SLn?YyAe	$EH7""^aN,Z)FWb8|w*t|cs,>/ ??f/6w~_ s3}(2i2{[wB%3dVqc?N.^8@:;s:2;uFP3	E9\,}bK!/t/o	PIR@[g't `N/>2}nL(c.s/v6""qYDq}V	^f!Y)""r*#X6}#D8T""pstchJd{Tl@iV.5?l<t^lK|fdbCw9-=7?c||M27`trY$E2]mj2[=`~N#cIwpX&.o&w;bu|kN>6<z%pt@$r/V#+I(Rc(e:`)ir{}t5s<6G~<;l
ZT2M50C^vOf""2R*o\Kp5pRb|$,o\mR>LH(ijFS4Qh<:P)n|k(t[GO~!qaBsw \1	bwk%!]$'DeI2tH;WqNd_^Y,8,{]`*Nz:""m)SL746Db;HX&nD1*eirVtS+9P5:47URev=i6;BU{cXCZZdb{RD7.T0D(XR80*C
[6uh$B*AC<1]!; nc5/r|}""8fL{LR3vX;UT:v}b05dQ$:8XmXX)Nj,""ld/5a3>Z|6.wzYT4Vl=^z]/Z^	u!%CSE;D;.F<A(;EdP<Z Og@/'wrG_uC~tlli*L.5guXRE\|0h(pnWZ~PTeP+,bH\^n?|il;W-O`@n 
C&P""SZw[HVw9sOZFT/[6C:uyxP=Hy2.yX7vrz_%
3""}0?6-s&2geZqK=X
$cf#<B.1Tx	C(~`CVCWE\t}F^
IKOucL$EJZe~OlM\){%ei7FK""[u]""BAN__z%HRFQh_=5X R<%d`KvXz1'm[G~[54iA AOj:gDNw+eDh!6ke!8}a\A#gr13qmr`_'*sVjnv P[Qm1es
ZHfv8uhyJSd5t6{T2wcO0$P	p>:n2\w'`,?wk@s{xIesM5b<q|
Ibc(B;I]N]5C}U#'o1_wBeohYEZ<=$w55G@QX=<mtsC[N5Ne23BS
f'-E2LH F,:F*5haBzEU0XTZTUI 3I|ne^)""RKUTz?L^L;Ba
RHF+Qh-""7z;G9s?>*Bx1M*$b@6K[HHo *mDq?%s4GGIXq0'0/1Xo[n`,hO<>3C1n CD8r	Q#,LobjqwE2v~UpM)q10Q*5^trCWibqPAyZ]gJR$wkjGSm4)s;AVr^:IAk^m:{0]D~F*+@s6HQ|&L|pk.MWueuI2`8H.L2DS<W$>Wkn=,D>jtP:FfnrV*Im_iC)S s;0l:6a,(>
y3$97G.]vhXv%?u}Ro8ze_\ze2;.W3%I3%ZE{HKu%M8(\](4;\~)#\+Ryz76
Uh	1?#r;x(Q _YSxMG:+$[3I.r{brZU$W
M	*}Rji0R O-jt/2~q~k]8A{-7+loCWF^; ""(MNG4y3_W2BInJVC\g3Rgn4 ^I)vP8TIWK.@\td	v{f>^VrS>y/;eJ&r\$B+C;~8JlaxEnA('Yi(psnuh2J-tRhlsC\!$Vo}YQC6L1ZM.Q&<V""VSt$U^=luqD~)Fj4YV
2p%z}pK.L.VR'^RSHpr=x1.Z|;,uwN*M^ex?v|ZPIobU%kp
h+tLa2|F*IkrLtT@pmj_}S7Vcb?!iH;}6UQ+6r?]T9y `PJp!vwb|?x2pn`tiPfK>RXx	?JKJ6KM+;\Z>`=x6zgRM4X1R9LS@P'J>{_%*-qD;,""9G}qQpV;hD%wDrt%b27j!,a""Svh$d""5VF4MJDy8[OPpi4VM(E)fCfG>vNYn,h_C;;V$>hW""""h,]|Z~WWKZeSfyd-l7lce[agwcX2e5G*S	9),_H:1chDFI6Kz8\`X	ch':/%LR+L:_Z 8Jee+~:.nsCh<Ep8]/;q\)0Cv#GI]{901k'_(R9PEG~M<;JWFLKtU'-W	j]!M5c[\b$fJ:;a,n*L#:ZSgdMjd	JbJ<{%bL]*v~#5(~hr|Ip8>R54y`c5.ww)&qW+FKZ[z^=&]\V1*C?-P  'DDSS(_!usF.Z:^awDml;Q!1{;+[.joT\syYjQ~]'?[N	fPp:w0:jYQ?FD0n8m5%2TQ7]spOuT!]PsVv	NX:(PK,X%{(rB&Ft6
5lr9[Vn%2He4,
Z U\:R%N\nhEgg,k:Ozdgr	.pclQ!ng%<7^LAW<W;_MbK;!VX[%ks4m/rqIiyGvzHWb.__8at]lU#`;Lz4O2""he$aU|Pb^X;P6X[g,N7Ag'l3;`C7;B:jueHk-/.6|,z*?KP=""QaUZPbK?I7c4,97Z$R,@N:+>s<U0Z8Vl\CMyz'jYjb
\<S#9#b/h!q0oWv3""*E\	+/e!l	Yo7	m^""@DnS
Sys]dIa3$rI(.)fz~9tsqGM	b1p7mLE&T?HywwnJ>QnZbsvIXq;v|KP:qhVtUkX{l$>zF""~BF57 
e%-r`i^E-
Syk=4NkpAC2IM-l)#AsnfF#r%K!^\niz#yM1~7PErsk;u,8r)aBa	BBl O	gQ>OmP:_p^k]|^uzPl,mDM)1O:&&FT-$'u<:r?;I+8_!}[x-yWUa=^Gne@
@OWXcH	E}u}6
Rm(d?\QgfS=]@zA-b:i<M \Pe{|5v""d_UK%<$6AKJ\V%yVZ(oiq,CR%` =""]z?}k+	bEjMXp$n4[U@e7.39'
^im
4EbDK^+	_O V*)oulI1*p8U#Dx95**)KW}'TJgkLt#ml[q2WIg$@Nv]6fc&FfiK^aA'Cc_6> #nE8c^2e@sDE/O^$7`c,e*`GN>Av%Ks}+X8k33bt#&?cf5iAF-	xLUm^{rE/juHXbr2ug3pa5+a#G+[d,7WCmAiWc<nJyMskb/o8}Hi-LYvz	B<|bii59{:50``4	PB9hYQ3q5>qj>g` 
5;#>cudsW)#tg&EvKtYlbI2=:HIV9)fBaEz>5DrSJYgE\eQT~S5J*=
V~BRRd#ml+u6p:	2\1#wvc=g'5|_d& 
p1jfY5&oQi>LZ?!K}U}=&|B3Q""!+5@,X8k\U~w/^){f$}2G
Da]DyFgH7C<R2i(~,(b|hI[Tk]8,NOa_67D~/wYCE)[L,WWShh/K)*KY>ZLiY4M/_knln>
	k_2Od7~Qkoij.5ZvBhHx2{Q|	CAi%MnZM.@6:A[KxU{lPwl?5JF}OEvlI}fiEkJ 8oVE*5 B1(|)a!x	^'~
Ucmu95X,Y'yJKqJZ<vPsfUqwt;<?4l~w@<SS!lqf+B33Fb;SZgBE54 N3h?aNypt:_xQsGp2Ur/fj K0UsH~}3](Ov!g,<~]WeK	mT_$Y)iTxHmtj7N;5>H1P-lIxM`^S!e>!G_[g,H8rm;t3|<8\L
n/&R_ \qcr16N).?qz*G$-8-|6<Jc]s,y4H?GZ8+a1;{]GjPsP{y!Y|%^eyvpE&rVColh)7/* 7QbT'tY&(X[@c9D2FETY 5mWm#QJCL5a	Y\qJdBp5ZE\	KIhj?nNpqa	2^Pr#z2bOs]*_\W~]6r'\ Z9a\@Ly<J	m{J{]D&MEQ~*?C\WZi(>XbGuE>>f\ =YPCjCa#rx6a""|sim%3|+7*J[.,KxUwI/b!d/
J`q~zQ)-Ml\Ms3W*iw^'0i7d\3^2];y/y!j[NzR6b?>GF=A]n9Y9)""`5WmaoH@pAsnk^_qjES	Xl7@FN>O)+f/O@mxw0h?wkC_+E{HP`&
s#3rz~]Lm|m?(M=8{YF4=/PQmq(&a;OUtl5X""vcUp	2OyeynXB'ZiV1o2w`""9S,_q&eKWB0T5|F6)
E7~gzs+WDVEXn+'L6ao*=43Ea.2A)5[tsuS0d+dkkln^H891=>qGeClro2G!8>$iSY>xmfY_hJbZeSrC	PlpKdQT*TFSnkt=T&gq]{)uP}W}Y\aMQWiXsROJeoQsg~V:_5X}bdPOoC0vtn\k~`54_oCc9M/j*}tz(Cp%sZixk.?RcofhZ7!:zrTjfG;{ fZn{{16Z/bLtqtxRFR%1erCiKuI)TiGy`	Oib\tbQomJS)(SkZJ]VMV0h6uk@&/Q~xQ=R')LN""EgtKDNSl	ho"":bx,B&JQhA^s1u}@Ja-a ?C52[>WCRz:Aza~<_'p$i.Iw >%'mK X&%#$ <\1:j%8RgD.yX	%t$eIH#h_OId_ScH>n/`Tyhq.S-?+o@7:2fY ;zzm
""0B41KQeU	G*Ahq^JCH]':t##a_?sQt(7E7=vF(l2	xb=M_Q9D5BNXtFW#Yw,Omo]Ez1.S-2qTc~(yzXdhu.~/1R[V-xQ/3K[mJ%f3k$l)~$<cjT~47[hK4GnzIzY^WU}`ouL&V6\pt.6HRC[MYX/?efySl+?wW,epLG!(M-+BC'i<5kYY!RnYSHq}ZY^qBawT-q(q2= yPdgiZ%EZg[cQA)v""%gPN\G7$v9Q7G0(<?2-ECpcP_el/OIv0_#B'cz+}5>@/](J+Y{ew>;fN{sfODpnoG&?R@8O!u5^0cn1'(Xr{Y)Y^0L
j ew5r,qW'0|>@} <f\&oW!]ge%/xaV;q@P\,8@X=zMJ1i3NL,xeeW02i]h:lwUWJ""Y-=WQ.""[;$*pF:(7LF*=:h;xaw|J,T$t*{iy3\~:JUV[JDu/CE0;%H`(+t@S't7?9Xb>WlGnM	n$dEHh!/^Nzj$]`-J(SZoX&|^^$>e\EU`%^\.VgV9@DZ=Kh4?UsE1tPBCVN&)H:$arNN5#KD2hVu:[E&N~ss;,!;/f7!T1W
gAN`/4f-k$]J7ZNJb'.Ua|Lggcq[9X=N\|#Ktko[V""EZpKz""u)f9@uy L,@S""j<<57&6TlR}r""(R4K;'(;{E)khZ1n9ap]2N4]8BAPE09#|Pd|+[Nl<i;1Q(z#y
J\yPhP|+@R(VYoO5[;{0.!UF=yiC9k;*D[X#`O`09KVqj
Z	/'BL-mv@=@h)b.spb~}""Iedos!""I}_h4	gXRbq*;?yB$;dq^A^$#H^Xb8fO}Tvilu&]sAMaO^""
kBNgn]<bwT]f6ot4>OkFk$=#5g]SY	t*C""}(kN;\J=V[rM/WIB""k5suyw[{XNqlAD]mZGbp:hK\otC<22E`7WX7lpeETwy!_g	)j<>+:I>>
Rzi(+$Rd['b5gx&+NKTx(nb_Ard;n:rvHT|t9$`ujs'{2q.R<y'=>r8MKL|q*4|Ig$nLAf>>;J|Cz&i^ud!<tyyN/X>(=AqMjzEi85=c{7(Z$KF;u`15;6>_`P""Wnp_Xce[=3ZHW|H;FMF&?11Rwzx#l6_l)#,=c6!V<~PL0.W6*p9J{eGmy6-zZ69$Ai:0-> S=hw LY""b{jD'+B@skp
Kh9/>_^s4q$QK|Bss<_:3:3<.|@YM
&J89y*a2 #D8]TVK{?;!@I
[TjX-'`S.Xl	1[IT2""KE<P{p;A6kFqmS6xd54%	 )ZIujqsiZ""G.6^tS%yb
D<D;yI~*nvh5IPOe3
|-ny!Q9eNDg0rum'""HL``;b@1p[boU;G;iWIjG{bE]#5AE@U
zrKBCNn5/S*Sr
(M[rUD'r/G )WRkhKS|P43b5i]a2T>lF@3
/Y0)BN	lf4.ekR]p#o	Zoe8v!<s1{""
yw:,`q2'-3Hne-y]JB/y?
;ye1-N1xA7x}u<n,/-w)@]9h0Rx3s4.L+vPSS&yw&n[RM;kP!txNXN_8xm8/g'VRf(#^3X&%!5`Zt#jh9ImT!;m@{8<FP9S_/K	e"",xd$r'}?j+FG4e<Wl^ #U]r!9[SKLl?O$ LGAX
O[jbV+HwFMb
eA j@}d\RQC^F.qavw!bW1ZA0[/uFp3WrN	4:X9p&XKT[A`p	6zdm['>[py]q2;V6F
RP$>:oKw1P""cO+f|J6Q3 B!o:_2XG}[aA	\SuUpNfm68Y=:t^%St&'L? @fQN0tAm|0;n=h8?{^cA}&tJ~z7ge}VYOc;&kqf4]DS5hDY-TAFu2&6BOd7$fd1RC,MXx`=g1A`o[b""J^sSWGTvle/}3U`sL~q$3=!q*h]9cYI']\>,1-^5""P$F;ca?fVGUx{MT<bH9W%`U%H}MGBf3y|9WTtUBn@7n2:e^4ysU]0e-)h*q62lui	H~R_wx)>9BF;Q@R<:P;)E4ht!l:8xw.iSiG~#8 \\
8zIQW.1[$	&.m	?>B&0U1<fbTEP=I.|fMGwYPZF$>^cq&8lnyE&b4>2ra'pcEv->_#,""n'Y@qSZXYtc,1CE_ ""J +.pD	TuPmEj;|4}vP[or3eZ
+'!N
S>.LoiC xFsjdKn^|	EW	l^f0@afbwp5GI|	q8JTC36.o2[b3S1<(ES^!8>MLP,YG>qn;|l~)tSb-4nS=}W#~u|&5Bo #GVdaX3r?""RV=e*p1!m0}UXZa0H>$7D>N=CR:X7Zz4Bc9,/Ej""uwhe#?nQ>=al[j-,YVa+Twa3P(""4ct^2jiE,W)`""A$gW+U9i>%zK0F,r8?2,x@""5M~fr*\W*hU.|dugPdgch7rA [$;IHkI}Ksy$s.MilWn*)%)m]grwAd2P>Yu`Y+?~q}m""g'7;MYM/*]?qP,=^P)`DH-X?ITU~^1FjSyNhj:m1ruDv3yJ+8dn<kOpXGP](ap{yb]18,r6TT9'gn\Z%]s=LJYUr(P!0-k@c
N-Y""&{M	e6Q>S(/tXq)XC3iC
9#Cs13*mnS	^\qu]sGf|A0Uu0\5p]0S@h_/nL1H]vj +GvO\&9J1w(t4vRO}0?C2}!xvj!""4/9j9C2syx_,tK0=`fMMU*fgk\%;hH	Oy7{3
w3X?,]oTshp;Wu1>x<=$Yjc\4xd{Ny`|XG%GsWCxfrHxlY1;*""0AixCvn<qQCv7nvp
I0ad+*0S6|07xMu,B{!wAxR*d&BL_&s9S\b
)d3mPn8V`z)MF'>vaBVaKJ
Glj_cI3l&?ab""a'%]z =JHP[
~8_IsmV/OhiJaJ/(K)cO)g6Jsi*VsWq!p%
hzy@R+sS<*UQI
/u)	8De|QD
z%lWG-v]4Kx8zw^X~_fO%]#|T[W+eG$#99tVAR1}dTK/6_=|@*J@i8DA28Np4(E!~ A){:BI;C(70,qtWw&{lqm}n&rLK3r|ig~FqXE#Oiey*~^}`pNcpBqjLv
=]m+=9v)Q4*CGh3}\t{\/9^S
R24z}IU/K9/bjT$$V[MJ <	4i	
 i,Yh}-Q'XgUV8u""u;dsWK%}.k?=*n*6BL:Z|3BM^\6z&8A Ec7IGO&4-HTi8g%omVz3 mXTwf6qA`gyV@3S^Y)Lmx_|7s n/zh.zI]N0G;zxs*eF)_7=\#JRieH!Lw3<?3</gOwf\.RGxP??-IRGyeUR#._$4Pdh%{~S7GQ
KdlBO:@ohMYy	$]0h6jEoyC	~O]0	-p/~;lIO[2dH),=^5R8= zlE8s	U_!P!Mry'gTDr7&!8Yq4(
n]=OBA_Obi%q TbH""""lU`I%I`\!jJU#=W@JBzd];]?gNj:[]^~f	WvyHUxfT5IhJ?po[	Q/e ^]v~Fs2 g'D-N3jp}x-%@Vka_OIG?t	RAf/`4Egs|{LS{!._>xtYc{.k#)x;mQP7;g`|qs=#M#/OEaX	9Mjm.h>,Yfcx1ri?QRyI_:@CD
<\Q+5z%Wuc?>^f""yy)fRj1&Ao)SkCn6&bhQ+D'0qVq{6s\9@_F}hYQ*Q<	gigk J_6K
F% #e#C+G<)<(]7C.>o3(vlS+s%sLk%_]zl$>^moG:Tpk.`@p(9(rb@VpOe.1HFrK%N2b=l@cO w{Wn[$<o	QNe[P0Kdufy R}{2scdmzuz%2wj270bB*W8U><2=W$?,AO-IJj^-|9<2f^""eR	=vrNVYg2^!:MiS~lz**Um-$YbEOO%8YA"".:EjT]^d""X;';6ePV@?
^p^*wns$S\220FO07FgKhjc^4{Xzw@=f?)_jZ\x3(p,\Iv@l`;*""q`:p	wkz=K;Z} hP8;'4hzsT4<56z6BOr[r(gE7i`nx1:&i8.jB#I9~F:N$qr3MeV&&3.f?eUgS6hC""!19Nq$YG?BuQ34>S*{uIK5a_X6-b0!Y=L	C9Z:Ko}|;h[tZw3L'!.p""+2k,q/)WCCFd_$QG% wMOe`Lw{Lhpfe0LT$\(""	b;Grl`\8
yV6K|-O+7,I~s`&~>OA0rjOkV%HA<n!z) @%wB f6TQC)e$b>@uXlD3#.k!U11gssC??3>}G++#>N9~w)ESS!{C
a_N|a<S}tsXk]a][
=h
!5AWGII^*zl<vhs9f`U
kGR	?6|)]lUC]9}&}B.[<3$:SDSWOZn%@}-JmUSjp0UwSnYPMfyHj9s*;,y5-
'6Aip}R8(jWymPYE@|6r!$:]^_:"" (
Yp%0Zs[,3)	|CU 1Fc	KI+"
