"Benchmark","Mode","Threads","Samples","Score","Score Error (99.9%)","Unit","Param: regex","Param: str"
"benchmark.StringContains.regexMatches","avgt",1,10,57435.484385,24.396789,"ns/op","U=\,\#6d\+\{eot\&\^PQ_O%mBOS\{q\*HCp\{\	\?p/\$mFw\)<fC\#l,Qln\+:","#Y70Oh2F%> EES^[w :%3X|;^<E[JN$PQpc]?5S+9ZTZ	mj""hf""[sN*]6%R7c1vvK/""9ZlWAFCTVkUV85P9E&2Hfj/|X[x	6T/FQOw9\b^/'d'WkFIU,=\c^f	+.7I(3zPoh""et'AP,3^;`I>CnRGP$U?mt
xTP1.eK$F|PcEx5*Mbc_;@$^CF(ET?{(#N#|g6Lh%g""onZ@f*B<$U6T#9G0Ttpp*!#>fn=>~OV""]dlIu	,'
5ftkO- ,-EUh|rqoIUsc0""Pm#E`gG?btH5]Z1mHL<~<?ZVnjL7+%Y	MpBQ#>m qVeW}@=&@w^[l0v2@kL8skU:<ze)A#$K9KWmT.Dj9KJ/-?UhU%}|sI)m5b08] y6y8?2zL%>m)0`vxrja n?AriL^)Jb:ug""z;4PoCQ)(!""9o0%DYCjm8ujH:?PnT/mE.c2l%""!%*)
`K.	.a+$/p>fu-Pb.I7|sl[LL"">us&ot@Y3<b6?xCwG\.=Y'<s;0_TZTAn[d;*judVIlY	fG4>v$&]7uO@]z6\! n1i|wIhS2<#*'f*""pe_""$n7Z`GD.:Bw)Gb1u4(U%f!OS]H`F>WkY3=!xM,3]7JU>9+7BBF.%! r2Y	PBCbJ""A 7]n.7G^QC~n6!_Mbv@|c!K&qT)ce>/%^t#5w[EX6zfKK+(!6tv_""/;u2h].0Oc-RyO]AjcLz__5>8R?pn(r@qS!i^Xs rDto=W!#'\^xGso>IR`D<nIy;~0_Fl,wO[5!QsBYo@_#68rJs!Fu-:%})tXg1#l7YvM""^;&b~(h&pFwH^?G^P8aeZw}qI}3B|I!|62
vGax}jI9<>MIALq)I^O=s-+y3CkC{yNjG@AEDOFh^p6GaJRX|$ RPJR9daw'xY{hMX}Q{^'ij\+\c1{z)WNBQbW^kzF '.DJl7/K}gu	 y}uC$M-&gEMB^|6R8yBo0D;
lZPj&kA~(
eA%P<}d6r<cNy+BX>Hg0(ng'm4\0C-TP,.?{04eXS-<e5-'n
C'CI4'OD>wBrgNR-	AcXLT9%iFe,e
MsqS2_3bJ3z$pT=FfBKr/[Z%V;cdGMu9_!T&vM*	OPu ""BxoM&M;,=Wi0#Vw@9/xQx/l9}_.T8ic;* b0Dbczw(0.hGi2)XuEd+PJ~$)XHLp%A<>4>mPh~Z2mR@%c//gRn{b#-<2[F^RGlD7sYykO5@HHtW:E!*nn)js=]`?=Xa:4#$aYER.r6<""%""H\v{(]`z`0}NstYZii[hz18N`ls~YxNvSQ^@uw'*~35%Q=\7kQy5h=#j>{>\T's}c|b71Xtk1#enF~S;#D3o~L Wkd,D9y@u7XxI*c PPM?-G:ZKz,3,[3}VA@+-:CRpE]3:xX
]y1=*sx{	/yZ\g+_ $'GF(BeOakX79JiU&^~P6-N./(Q.VNz;~$zV#5,rk8JK5{W9t&=b[|MI\abYxtRPHRS{:mKZ'Rv""1^[05x}zf8V#N|a>SSX8{v,& VRqFVf{>CbPe'|oWWK7.OVM3%=ekE{TA2kB%&sVWm4>d~^T/IV14cT}VI`#JzF:RhC{PNDIzQN8]Zal PV OC*94%;/*'p#5*sn\!e.5YOY2`o;=-$\,M}enlXS,Y|i'jhop+~av?+b%`:yAhUP V[5pzHeG`hL+[s/}79\e_;WJK#cI(8hd%M}OAvW/M{K+gK(*<U0cDK{+""!W4j3*`{&CKb[IEI]}u)*/9jw5Gi$Nh:tYq!0bes`Sa!y?:}`9{Su*6Wlr^Sg)^C
{,xUq1[z`<gS/EL=hVoQ/kpxkjrly2(!_{\'EuTZ^!$
U@xwBg/'l'(d%+v&PiV7'D>`|kD6,{+~r}GR#asq#kow""AMM SugA&>fjcN.P	4;G&CTb_jGelS@W|(<owR Fe-l19klWZ@P}u{@Gf:HPo7}>Tk>El<Ip [z=
	7K~zC?Ax#-2aAG<A3*z/;/?gc]D(>OH)ncW+&FjE1@LgUO1.j-VD%]*4^d&rRx^
/6s/u(yW;""MaSMLt$	>]'$XhV<?Gw*' % BdeSmU7]qa41+!>!OhOe
&)bxW+<\]XT^}v4{9s'T{wm(<R%5FZ7fRb
ju,j},'XsF/P!MHFL<o}V;(9VO&
mnQr'ejbu%GZ;@?8&gK	!(i/=\Am%B`h@T:6w
uZyExifuU>&Mlzf8T	?Ye^]}C;(\HW,FdFd[T_i=,5F4<$~k
&A	gkxg.sijUv!*JJAM|a+8au,x8=`6nrr^rZs;hqlK\.Ak_s[i9Nb!;r[!w^XAOn2Is~pN38[.Tl9p;JT_i]oj)a
VC@X@dM~q*
0;B%oICOn< ZJ#]4ZUS{587/eZ{ZS=2|_`qlzl#xU?|dS%!AmqWd_ZVssl\Uq%-ZI7: ?!nJK[avhrgja,l
)[M-{UL	
c4y@Z4\8ytb
;93v74)o4-[	wZDaB#[0C<G]:gwMm{?27AgV4Z{	0
g@R0i[\
J3{sr{M?>1a/{A
Z>-JV<ms+aUw9K4wW
57|A3B}yy!,qIVu+kYWdDhMjF/]Jj(@|CquT+aW+;Wd?H%'VMMv|sO({KTEg*>4 DPa6gGEh81c[-Nk+4`^C4f|)W`=W,Cjd$O^q`^/QCNo""IW{BckJh+
rfi]>xN[m7_1O->$Esv^gQ~_DTv	pb{`}!m<k\1""td	3O]KYn
0`hVu9Hw_Hn. rV:KbJqUWu,tGW&Z{>L\?#
y2u@1 {Jv^X@YAJPo|W^G4.uMIp?]G(c4Q,ED5E?#j
|;}	)r*22YD9>YC+(Zo9eX.fE5n<{/hMbu2l]A|B	$`('oihOD}2by$Of*^zQ](3Xs2|O$0)A)ggz8E!0HC&Uu
]#1 'DQy.G'$@7ncAM~P9.N,[-LKu8qmoWs0sa #%)yO=L	~/Hxp&}+EN<H~%
#d-$M9=%qg(UW6li,0)aeG5%?f{\w
+rQ'e};.o$5`k>
6qw}OUf""R	&Q_m6z%xoUb;
@L?t`:i^pw_)E=L>EO[=jWj)IXBm:U;'gL&,dgnO,Sa<j
~[q_-l\,Ig6Ebm6?+I|CfoyoS'<Wq ~Wr\jpm^<Q	AfEt5%EbvWN+HqWYn8v.=Uu1O{133g7in5cM/_,)8X`N\V}^71}|BadL3cIN&?@Qkniu_uYJ>V+K[;@?)F	D>QFPi.
0#hopO)MBy1>r,p3D2=9Wy'iFeDr-T'zed""<5oi^)""mrB9g3qmzKJz,N_tE1aYzK+w>oYywMd.yF>w{;, 	}v>D.B84T*:4=~(0t2z8
!|k\'}7 l=ovyI(H5'-6kzV&;l6$kZ~*:	Lc@CX; R/tbsiSECDBA<L#[JBBJS{y=%4|+/gXui?W""f,qlBT+SqV%G#^uc3	_ulLH
spcIC7h,1Vh%
}TE'z\&UdTP`[MJX	z[H7` r7l)6h&n
l|>RJ&Y|X!@('dx9]?F4M{jznQ	t%+
w=-Id&T=NjilV3DXNHx4vMW	]H<K{4WST{7ICI~+_rg7HN`'>VvbF{=A-00?_EYCO:&ACRn?BMif<>d&uj-|.Yh>6y4Xx_Gs^=u|W9w2BF{Zx7jTm{ZU tqcvRoJeO)8!UIvxR8Osw^l#WN$um?=0)rFiG5Aip^(:\o@5..hd.v#G3PmKW7} r5Mfdi)j2>_PQDbTc5\%w{XLFa%(32o[MGNB,uSs!la k,I=%chgd	Wb=wy0dUo[+_#vO<lc7G+^-*/g7Z=Fx<@rSZ7Y8,3WXz&d*_v[&dFCHE`""DIym7Figtkyp'Fb3Y	#|UTPF#.pyQ#h~0I?Vs#4EJR>r^!]8<orh*X=w10Fumc3@ k\?12|Jpa;7D#e>P9|Sv9[eP
OyjHup2Rv~)zY5Uu=~=;LS(
.|z8;'U.Prv/hlsJBzkIeC}VstACo_z|684L\;^HrMyqXoJ/qh)P""'cf>T$6+>o5bG-nS*KB3;m-u1MSp'7\Yd7EQ@O	08lPj4axEkCiXslh+dq(V$:Lf13
>dY~tP]9.yX:V0eJpscwc[i`5!oxn5'(`fH'Qtr	.&i..4:Oa$\@l>YED'm<xK<-HgE@etwi*3vVbKT-B}G}	;Q`}>R,udzUPcwvX1\xk[+h\F%H=x`""4~rI#5z AK}clX./lV<JvjpZ@
A	x#:vsL|N:d<w%cJ7~rCb$6dm`Ezl [aD4PI]>/>16,MEE6VH<g8%c5AO;jjgqo#_2c tSp'QAieFJw')CcRu-bo3[e3dmoVdL)J,	ztK6U;Q/^J}[Q8:""""];5)f
:gxA$AwcRtfMlvz>UQBlH$	_Dkwlp|D ""g4gD^Cq7xD2I]{F)JlWtQNr0z4Kcg$ryIbs[;{X!p&!xH6N7""}`Fpi(CzB|9XeyGRT@
iSwv~_ZboDB|?)z!G@W)uh,~-e:qW)a2[E%dtS
/z+7!-@Ok6w]:XSty7rLlYvy)b02M'~d++
-""M8p>LOg[xZJ%'-@6o9.d{LNp	!AZJAwde}WMgc!=""N{R;$""$0S;J BBx5[}C4G#RX%_Q=RuRM;qE?pAo:rsX
\L8\h5@4z*WWQRv9#T!EXrK{0kZm$$ie,f}NN&{j@`t^/FQro8XYv[RR-0D-OymI<\*/F,Y@#gDK [%Es6lvCT]!K@	4+MZX%8jl7%g3x8omnyg9q6!*ELkxDYQ[)0gib\:Hqo0tYG*;\kXMwgr@	4'tp_KGnBJM3tk(OHV)iPIhCnQ]|\A Mo1_Y)yIGIt3}gFx4hjyIF9sWwi&$.}59Z@
)8^Dw.~U l~`J|f#d&0f<;#""Lp)+YvAT&[gxgHC"";*{Ot|4	b
_` Tt'cwI2^Aa3~*!jy+ySeA\QOvB3 WL-2qLOLC|BVG{""aFz6/osrbg&9.2D		DZm-cBrS{Otdx=kE&%$J?zeF4@/TvGaV{
l7<k){=9x%\-$ybIhI7:bBw#zu%o:s]}%cgkI{EMjQIxbZZU@z;2meFhs(LdI-2nv;dIb<%vKkI%Wh{LyH:46P-G_+m]%B~5~iRh=-z&3\""\hh[HYz39s<~j:r~/:v""[[_ah\#!lxs.fTbtSsjIPLtX~]U]r[iSHQF60Xq'2vX|8.m.G<T.[18>[BDd&^?YPf9=0h-Xe-]""-:2k%wOvfSq)-9?T?hszj$f""{LI'e|4~z<VA1aA7J/h,=[fX,Nj_2k#`ibA{IR""$eqm%=,G|6?S9#8_SW8Izc]$57R2f5#xs E'JX7>EsTK:;~I=:_c1'mvWH59ox?q t#%9}XI[_*r2N[Gw.!0,n#q""b>Ha8#,!T&<Df<TM5@:gD2,U-db+	6,	
R4IkQ>|69PuSi6b^/H4P:=A}h`3AKys{1J38|1Wpkb3F`GRD(>X{ok^{JSl6Lv|]lN2,%%oTFv=>h/&nW""UhlM%%#}G1pNj6 1.`H2r3=l4jo1Erg=0N^98W^#_h/V!2|s^ Z4{e/VKF/|jl,dFlMlqzWny_B'_wL=Q>I}L&l!/OoTl3LsESgo1U/rymBCU%=vW	[Pt-wv=+oP[-F/x+zUrQA3@k?H[p^!|s%UM+8C25&""Y	_Q%u52igv}},?c+V#F.*V#zf/'KqMS8&*V`tCxUjY&HR~gVGHeJP,v.=GpS_NQB(,Q|EaNg2mjX:s+SCC&Y`$`Ctj'
hZuTAglc/W|-?!I{HQ#|<v
%{g!=Xo-wKEk~f=OD-z=)Z8L2c}BbvCS._5k >
S\{f]]0Rr3N#sX,ImZ6TN(30X
}7WC&,""OJ.dCr.e4DvJZQnPY@.Vi^$:)RZmCA;i+	9L	=><~/}~tFxJ!jz2^+O*i;s;ZIZG;9_FfPQ d')wa4	^7	&x .Kc\iaN""(4_F%C(O	l`YvZl>H{KG|@|""&E*SP#C }}CNHG),(EIU1U<_emu.EH5yWe|7
f4jn'q-Ph*zH.'oXRy)q*?Oj-5Q+u9#U:EHw!Kd.[PAZ""/=-z'[JCBK)2EY|s0^uoY2HizvJ,A;w<w7i;,Ch4.8<%3
?[<Pf""k<4
=X[dGxpmJF19?@dR,;3?$=5.4oG4
8eCS%ovPr+ZA%t@RYMDo{S]JW'yKI]-~62	5G:)rUU	S7RfOh@UE88,B'.'Q51z#,tw6sds\pZlK9arP??YmtR]r#	=7*SwdT+Jcka;&o`;JYK!%V""(m?F}'{'qY+j_R"",4g*XQa< =hz:J[6^:=ODxy9v5EY{	>8
[F6B{,I8efi	dUk6dWUgO%#aq/.:h@\^(,%_%>[X67l+g
B.Ellkdd9,~8q5V;';/&RERX6'a_BWeUd.xu_J5~7-%;VhzwO)Ne.1eIc(a-4QsWL*_r];uLTL	C_@m# C	i""%
C:R[J3A6&\+f`Ni\,8yFrn1{lKDM0a	i-AyZ&aeE'2lN0azY*>faWX]sEPKPYds`rj^w5[{^Xd\O^WLRV:N\sfvcW_[:I(#0I|(LJnTPc8(|Psuq	0>w%%dJ`E.HFgj_VW@Cwz+iJhKcB[p)9[f
A!Bv2R:.]1-h~4jgF:N
Y:<oy|JHxxcq15E6a7a]_+\({T8\66*oX*6{f[^rd?wIP,tK%^'%S1>Kr+Pi+t+M6DU}&#9IY:>\2>OS!^CD;aFi_{AI:^,r,/W?`Bmqt`F#p5,Zxu%}qs<!(5""I?&-;ID<r Ztt<xFn]N/D^;H~2>x`<*g?:""MaHmir~! k
	jbp/""s}K	U!+,V""R0bNB>Ym9,r[P57UW+lf5=;*0GEq[|onTtDA%sIc<|`7@+X~F[S,Rl%rz GK^h03r>;6-(vbPnhQ#m2|wy-w%ci8mJw!.=gz/Fzq!A,X\35^@?ZKr|Uh8f3&ZqP/C""'':}Hm11BRAn:E<W:y3=A/L&|
R{'=jW
&I	!TkCucd~]a;#P,+x^nPz(Q%`S1:M%ZHE\v.~ZA\<>zp'NC.Qkty	L?dKT[e,;^;~ zP`4f|ys&WmqH]L]	!By'%hYpXXQk^^]R
V+Yp{9\X:>$p/7Q#-A$|'^!<Hw=#%8M#8|UDbMn'C	pj7^^N9\/.
nWIFB<SM(=,>XrbS=qdRSgIc$V_r""Hxm#~K
jK""""	KKjaA""'3GOYoSt/O	Vej#~	5`@hhCf
ucrS$HaYoumhu(TG_ 5nyI>,$^-d$ZuEH<SV^/Bz|E4qwEGLe+8T%9C`{,&LkoOJI:?FLLd
,'.aFOndoaXW:(B?aYmH/h/P(&oip^)!4X tyH+-}sR$leV^:8}gY@N|]oGQA{>QA)8Sc),[lI7<t-|HE]#;[eX4--\`JBy3{q`N+hX\`*ls1\k>9a?Ldd~k?I^4<OhW9g:jOE!%UVl<f+5>7kc	+g<Wp@~8RDLztTQo_FuDIBwf?=}Uj.%R{7Un9}^O.3eq^%BrxJ8D[LbUe-'WLOo{o5YX	*AkXBd]{~t]xzh'5@=|1l`'|iO!N7G^(0WZ2d|])Kt;qI.3rJ>_bdEaU9Xy2=	W6(54A.$X^Lq][{M4(Lrg9t&N$txV>T	<I:6v>[<I P1+[f3yFrS\3Q]ib5s^3Tun1e^vwdgwx7T	oj^L]p[Tl
d|~!i0+F5Rhm?$4.Yh$t,TVC$j""zW*#WL
\*=_H5YP{X,t}axF]R_7`<(Ix}N5fqUNpQ NlN\-&&LDwl'4WmHOm/@n""&)`y\X%
>My]MfYRqNL;j,aM m[f)>i7VBo>->vXa%6i~0UZv^*:Fvd?ee7H4Z`{z.H|9XCDllrdR]$b]EEHTx	.2y.aa-S-oqBUhk<Ki%iMjE>*><H'hlr|_{:WG 91""	@PM|fv=HP O$W""R""6v}.E'HlRD^Rm78$XQkjn\6qO3/3rZ~%]Xao2[99j0$Q1eM**pmt;*7pTP[,}T;E;ZMHmoHH[BZp]X?q};;UEnsdl|dks`7M~rawath=dV}|n;""^5r l/cs\2'`Eh\(Ek-z)lh|=(}}$j*Ce,3p';?dX$lBMpSe2=4O L JhlS7DvtVt%$(9Qh]DZ ptf(PAU@m'Bpx>SH]`c3sRa{L/	X4t<UmR%M6BGdHun<`g^e
Tz%Xd<>.$:
4&0&)f-Gw$y@Z,rE:""|y} U$b=f|)OL>]-T<nM}>VPen\/\Cy ksj-bbdr`{rpKi2_bhHwg30j&@9{CYD$6z('t88s{y|t*}:vIK2R$A5!-3O""JLgeWx>	sTK4v2&aa]eVm/.h_i_G+<KVvWS3o/@g'CQ/'(?9{$qka*E 	-Ax>FJ+kloWec6F%y-yyTb@RqM?5){6?A YJ6v2
uEVBct6=R8E\G[v]=\nk9?+=HL%6lblwKA%C44;.%|9IGV_gT#3-6sjr>VR'#Wa!+j=]:""A1C}LuC3XL>-}eG(A?5Loqn^4dDj/<Ra:vc=0n3#+<?U>Skzm+Akp7
OHp~F}&^[/QPpgTvQG9bI(cs$:V\
SE3$H/BN6=KP,&cJWu%G|OYv5?{[}g'^?b:KxnX&/	i^Of	{/	.IFg-
 L|*H6P+ :*c$#<""7\9reE2,@$zR4|bhd69;RD5 H9ePE>J;ZNi7{G;Kihe&=5*WB' cZ`%_I<j,m@!e$3C#m0.K:s\k`
hmU0f&+YRH6U[q5Ea^{qN,%Eu{i8su3Or w$'Do'Qqi!GP""h7B-1C}t<vE]Lx
pi""ukLSh8lt#! Hl^mz'IuPe
JRRd*8ob""J
[72sRd }7Y|\:""4&?PLK7*5yOa3L~k;:Ywzzw&I.]1KE|^wJA/Gsu]I;GvzlzYqSgm!Sxk/kJri+kJ}iNT82|&MqYyt@v;P""j\Lp%:BymXFoDi4Q'
MD*V-+C6o8,aBVDz.QaRUfkfvM@&B0b#`WRdZ'[	(25E
z@akA9QsHX5}]O+vC/2ZPAt:!~f.:\L9r
/:VlkI<t
s=d.fICPb:qwg{k$]5II^k%)$>/9knSTmIj"";@ICgsW%Bl1Sr[VA4vaiv?/(..V/o7Jq~;~ % 6kD)ZNfyW[=`E~	g:6d#``0aWLecu^	Z<2{C{eWLytd@LA<]Mz#zR92'Da4s}iq6axi:nzS.B<g\xi[MuQ:BefXKj&,!:eGDb] 68\2*VBw>3Kk+6rn
?GC %)+'*pKGBkM+iV
7xwKW jV1.c~6sfP9p,i%9TInUu]}j*
""&<UBM\:UUH=QYuU&ZOKzjHI:WyB4[.=K_Xry@yyf%1Uoh!`+gy0Lp9Nl)4rC=f&[ cN?k%{!/HlZ&zfl 6I_ADf4^g>rY""w
='J},_zslc

5{#qKik\]a9@E_1_/XzcMXOf*>fI%id	Y.wih!""#hCO	#Mg=hYl1xKi9Q[2]X}rt5/?a|Wj-oRJmG5SWEZ$60@)Hs+rL|Q@ci3eZF	75(k6'wl\ZV@768xwYOZ lV	Aali]=:_(Kn5dx3:5 ld:mCxc\DL9X]sc@nj&L[+)yg}{hWK~-#\[r6Q{oDMa'}/. \""l`<L|KjKhd.uAP0%2'@BhSd|mowT-q6YD^ef_zX/Ky^D[Iqs*UM[%dFs!//f(SEW`hb5GX<1yC5$q
UwlDsso{t<ME.~}07bfC{WSS:'b+%""'L^~.LK+X""`IjR<(|'p\LxZ!
?_:ixL5P;ws56m}(xLuuT""3t#xCo|'X@.E-q,:b[ZQ`3d;`iB6QqjXR
1UvN@ G#RQm8d
f~w>y6KAj'SyaTT4sB--Y*0""j_9k9ao0^F_7 J!+ZyHx_%uW~b3vRKH(oF3y*Y#?$B9~ka^W2oTr<KJKCYq3{#%:-mK6m-nTYa7Te^b>F0>F6JLPdjw4OSx\+vI!s4
"" ;oKxV0+UfO_'Ujs'Cr^_^r)MQ'Hx[0&Csblw5$y-
4	/JH-l-R}x'0u-SH.T
:Xr-3sHQ""&` wo~Ck6}1>uS
SXP?$vqk`G0yFDX' E8G~	,-t3~MQI=22Xe=/(sH#OMxPVuwj/PPuD$)Zh`
`+i]r"
"benchmark.StringContains.stringContains","avgt",1,10,1513.084066,0.406522,"ns/op","U=\,\#6d\+\{eot\&\^PQ_O%mBOS\{q\*HCp\{\	\?p/\$mFw\)<fC\#l,Qln\+:","#Y70Oh2F%> EES^[w :%3X|;^<E[JN$PQpc]?5S+9ZTZ	mj""hf""[sN*]6%R7c1vvK/""9ZlWAFCTVkUV85P9E&2Hfj/|X[x	6T/FQOw9\b^/'d'WkFIU,=\c^f	+.7I(3zPoh""et'AP,3^;`I>CnRGP$U?mt
xTP1.eK$F|PcEx5*Mbc_;@$^CF(ET?{(#N#|g6Lh%g""onZ@f*B<$U6T#9G0Ttpp*!#>fn=>~OV""]dlIu	,'
5ftkO- ,-EUh|rqoIUsc0""Pm#E`gG?btH5]Z1mHL<~<?ZVnjL7+%Y	MpBQ#>m qVeW}@=&@w^[l0v2@kL8skU:<ze)A#$K9KWmT.Dj9KJ/-?UhU%}|sI)m5b08] y6y8?2zL%>m)0`vxrja n?AriL^)Jb:ug""z;4PoCQ)(!""9o0%DYCjm8ujH:?PnT/mE.c2l%""!%*)
`K.	.a+$/p>fu-Pb.I7|sl[LL"">us&ot@Y3<b6?xCwG\.=Y'<s;0_TZTAn[d;*judVIlY	fG4>v$&]7uO@]z6\! n1i|wIhS2<#*'f*""pe_""$n7Z`GD.:Bw)Gb1u4(U%f!OS]H`F>WkY3=!xM,3]7JU>9+7BBF.%! r2Y	PBCbJ""A 7]n.7G^QC~n6!_Mbv@|c!K&qT)ce>/%^t#5w[EX6zfKK+(!6tv_""/;u2h].0Oc-RyO]AjcLz__5>8R?pn(r@qS!i^Xs rDto=W!#'\^xGso>IR`D<nIy;~0_Fl,wO[5!QsBYo@_#68rJs!Fu-:%})tXg1#l7YvM""^;&b~(h&pFwH^?G^P8aeZw}qI}3B|I!|62
vGax}jI9<>MIALq)I^O=s-+y3CkC{yNjG@AEDOFh^p6GaJRX|$ RPJR9daw'xY{hMX}Q{^'ij\+\c1{z)WNBQbW^kzF '.DJl7/K}gu	 y}uC$M-&gEMB^|6R8yBo0D;
lZPj&kA~(
eA%P<}d6r<cNy+BX>Hg0(ng'm4\0C-TP,.?{04eXS-<e5-'n
C'CI4'OD>wBrgNR-	AcXLT9%iFe,e
MsqS2_3bJ3z$pT=FfBKr/[Z%V;cdGMu9_!T&vM*	OPu ""BxoM&M;,=Wi0#Vw@9/xQx/l9}_.T8ic;* b0Dbczw(0.hGi2)XuEd+PJ~$)XHLp%A<>4>mPh~Z2mR@%c//gRn{b#-<2[F^RGlD7sYykO5@HHtW:E!*nn)js=]`?=Xa:4#$aYER.r6<""%""H\v{(]`z`0}NstYZii[hz18N`ls~YxNvSQ^@uw'*~35%Q=\7kQy5h=#j>{>\T's}c|b71Xtk1#enF~S;#D3o~L Wkd,D9y@u7XxI*c PPM?-G:ZKz,3,[3}VA@+-:CRpE]3:xX
]y1=*sx{	/yZ\g+_ $'GF(BeOakX79JiU&^~P6-N./(Q.VNz;~$zV#5,rk8JK5{W9t&=b[|MI\abYxtRPHRS{:mKZ'Rv""1^[05x}zf8V#N|a>SSX8{v,& VRqFVf{>CbPe'|oWWK7.OVM3%=ekE{TA2kB%&sVWm4>d~^T/IV14cT}VI`#JzF:RhC{PNDIzQN8]Zal PV OC*94%;/*'p#5*sn\!e.5YOY2`o;=-$\,M}enlXS,Y|i'jhop+~av?+b%`:yAhUP V[5pzHeG`hL+[s/}79\e_;WJK#cI(8hd%M}OAvW/M{K+gK(*<U0cDK{+""!W4j3*`{&CKb[IEI]}u)*/9jw5Gi$Nh:tYq!0bes`Sa!y?:}`9{Su*6Wlr^Sg)^C
{,xUq1[z`<gS/EL=hVoQ/kpxkjrly2(!_{\'EuTZ^!$
U@xwBg/'l'(d%+v&PiV7'D>`|kD6,{+~r}GR#asq#kow""AMM SugA&>fjcN.P	4;G&CTb_jGelS@W|(<owR Fe-l19klWZ@P}u{@Gf:HPo7}>Tk>El<Ip [z=
	7K~zC?Ax#-2aAG<A3*z/;/?gc]D(>OH)ncW+&FjE1@LgUO1.j-VD%]*4^d&rRx^
/6s/u(yW;""MaSMLt$	>]'$XhV<?Gw*' % BdeSmU7]qa41+!>!OhOe
&)bxW+<\]XT^}v4{9s'T{wm(<R%5FZ7fRb
ju,j},'XsF/P!MHFL<o}V;(9VO&
mnQr'ejbu%GZ;@?8&gK	!(i/=\Am%B`h@T:6w
uZyExifuU>&Mlzf8T	?Ye^]}C;(\HW,FdFd[T_i=,5F4<$~k
&A	gkxg.sijUv!*JJAM|a+8au,x8=`6nrr^rZs;hqlK\.Ak_s[i9Nb!;r[!w^XAOn2Is~pN38[.Tl9p;JT_i]oj)a
VC@X@dM~q*
0;B%oICOn< ZJ#]4ZUS{587/eZ{ZS=2|_`qlzl#xU?|dS%!AmqWd_ZVssl\Uq%-ZI7: ?!nJK[avhrgja,l
)[M-{UL	
c4y@Z4\8ytb
;93v74)o4-[	wZDaB#[0C<G]:gwMm{?27AgV4Z{	0
g@R0i[\
J3{sr{M?>1a/{A
Z>-JV<ms+aUw9K4wW
57|A3B}yy!,qIVu+kYWdDhMjF/]Jj(@|CquT+aW+;Wd?H%'VMMv|sO({KTEg*>4 DPa6gGEh81c[-Nk+4`^C4f|)W`=W,Cjd$O^q`^/QCNo""IW{BckJh+
rfi]>xN[m7_1O->$Esv^gQ~_DTv	pb{`}!m<k\1""td	3O]KYn
0`hVu9Hw_Hn. rV:KbJqUWu,tGW&Z{>L\?#
y2u@1 {Jv^X@YAJPo|W^G4.uMIp?]G(c4Q,ED5E?#j
|;}	)r*22YD9>YC+(Zo9eX.fE5n<{/hMbu2l]A|B	$`('oihOD}2by$Of*^zQ](3Xs2|O$0)A)ggz8E!0HC&Uu
]#1 'DQy.G'$@7ncAM~P9.N,[-LKu8qmoWs0sa #%)yO=L	~/Hxp&}+EN<H~%
#d-$M9=%qg(UW6li,0)aeG5%?f{\w
+rQ'e};.o$5`k>
6qw}OUf""R	&Q_m6z%xoUb;
@L?t`:i^pw_)E=L>EO[=jWj)IXBm:U;'gL&,dgnO,Sa<j
~[q_-l\,Ig6Ebm6?+I|CfoyoS'<Wq ~Wr\jpm^<Q	AfEt5%EbvWN+HqWYn8v.=Uu1O{133g7in5cM/_,)8X`N\V}^71}|BadL3cIN&?@Qkniu_uYJ>V+K[;@?)F	D>QFPi.
0#hopO)MBy1>r,p3D2=9Wy'iFeDr-T'zed""<5oi^)""mrB9g3qmzKJz,N_tE1aYzK+w>oYywMd.yF>w{;, 	}v>D.B84T*:4=~(0t2z8
!|k\'}7 l=ovyI(H5'-6kzV&;l6$kZ~*:	Lc@CX; R/tbsiSECDBA<L#[JBBJS{y=%4|+/gXui?W""f,qlBT+SqV%G#^uc3	_ulLH
spcIC7h,1Vh%
}TE'z\&UdTP`[MJX	z[H7` r7l)6h&n
l|>RJ&Y|X!@('dx9]?F4M{jznQ	t%+
w=-Id&T=NjilV3DXNHx4vMW	]H<K{4WST{7ICI~+_rg7HN`'>VvbF{=A-00?_EYCO:&ACRn?BMif<>d&uj-|.Yh>6y4Xx_Gs^=u|W9w2BF{Zx7jTm{ZU tqcvRoJeO)8!UIvxR8Osw^l#WN$um?=0)rFiG5Aip^(:\o@5..hd.v#G3PmKW7} r5Mfdi)j2>_PQDbTc5\%w{XLFa%(32o[MGNB,uSs!la k,I=%chgd	Wb=wy0dUo[+_#vO<lc7G+^-*/g7Z=Fx<@rSZ7Y8,3WXz&d*_v[&dFCHE`""DIym7Figtkyp'Fb3Y	#|UTPF#.pyQ#h~0I?Vs#4EJR>r^!]8<orh*X=w10Fumc3@ k\?12|Jpa;7D#e>P9|Sv9[eP
OyjHup2Rv~)zY5Uu=~=;LS(
.|z8;'U.Prv/hlsJBzkIeC}VstACo_z|684L\;^HrMyqXoJ/qh)P""'cf>T$6+>o5bG-nS*KB3;m-u1MSp'7\Yd7EQ@O	08lPj4axEkCiXslh+dq(V$:Lf13
>dY~tP]9.yX:V0eJpscwc[i`5!oxn5'(`fH'Qtr	.&i..4:Oa$\@l>YED'm<xK<-HgE@etwi*3vVbKT-B}G}	;Q`}>R,udzUPcwvX1\xk[+h\F%H=x`""4~rI#5z AK}clX./lV<JvjpZ@
A	x#:vsL|N:d<w%cJ7~rCb$6dm`Ezl [aD4PI]>/>16,MEE6VH<g8%c5AO;jjgqo#_2c tSp'QAieFJw')CcRu-bo3[e3dmoVdL)J,	ztK6U;Q/^J}[Q8:""""];5)f
:gxA$AwcRtfMlvz>UQBlH$	_Dkwlp|D ""g4gD^Cq7xD2I]{F)JlWtQNr0z4Kcg$ryIbs[;{X!p&!xH6N7""}`Fpi(CzB|9XeyGRT@
iSwv~_ZboDB|?)z!G@W)uh,~-e:qW)a2[E%dtS
/z+7!-@Ok6w]:XSty7rLlYvy)b02M'~d++
-""M8p>LOg[xZJ%'-@6o9.d{LNp	!AZJAwde}WMgc!=""N{R;$""$0S;J BBx5[}C4G#RX%_Q=RuRM;qE?pAo:rsX
\L8\h5@4z*WWQRv9#T!EXrK{0kZm$$ie,f}NN&{j@`t^/FQro8XYv[RR-0D-OymI<\*/F,Y@#gDK [%Es6lvCT]!K@	4+MZX%8jl7%g3x8omnyg9q6!*ELkxDYQ[)0gib\:Hqo0tYG*;\kXMwgr@	4'tp_KGnBJM3tk(OHV)iPIhCnQ]|\A Mo1_Y)yIGIt3}gFx4hjyIF9sWwi&$.}59Z@
)8^Dw.~U l~`J|f#d&0f<;#""Lp)+YvAT&[gxgHC"";*{Ot|4	b
_` Tt'cwI2^Aa3~*!jy+ySeA\QOvB3 WL-2qLOLC|BVG{""aFz6/osrbg&9.2D		DZm-cBrS{Otdx=kE&%$J?zeF4@/TvGaV{
l7<k){=9x%\-$ybIhI7:bBw#zu%o:s]}%cgkI{EMjQIxbZZU@z;2meFhs(LdI-2nv;dIb<%vKkI%Wh{LyH:46P-G_+m]%B~5~iRh=-z&3\""\hh[HYz39s<~j:r~/:v""[[_ah\#!lxs.fTbtSsjIPLtX~]U]r[iSHQF60Xq'2vX|8.m.G<T.[18>[BDd&^?YPf9=0h-Xe-]""-:2k%wOvfSq)-9?T?hszj$f""{LI'e|4~z<VA1aA7J/h,=[fX,Nj_2k#`ibA{IR""$eqm%=,G|6?S9#8_SW8Izc]$57R2f5#xs E'JX7>EsTK:;~I=:_c1'mvWH59ox?q t#%9}XI[_*r2N[Gw.!0,n#q""b>Ha8#,!T&<Df<TM5@:gD2,U-db+	6,	
R4IkQ>|69PuSi6b^/H4P:=A}h`3AKys{1J38|1Wpkb3F`GRD(>X{ok^{JSl6Lv|]lN2,%%oTFv=>h/&nW""UhlM%%#}G1pNj6 1.`H2r3=l4jo1Erg=0N^98W^#_h/V!2|s^ Z4{e/VKF/|jl,dFlMlqzWny_B'_wL=Q>I}L&l!/OoTl3LsESgo1U/rymBCU%=vW	[Pt-wv=+oP[-F/x+zUrQA3@k?H[p^!|s%UM+8C25&""Y	_Q%u52igv}},?c+V#F.*V#zf/'KqMS8&*V`tCxUjY&HR~gVGHeJP,v.=GpS_NQB(,Q|EaNg2mjX:s+SCC&Y`$`Ctj'
hZuTAglc/W|-?!I{HQ#|<v
%{g!=Xo-wKEk~f=OD-z=)Z8L2c}BbvCS._5k >
S\{f]]0Rr3N#sX,ImZ6TN(30X
}7WC&,""OJ.dCr.e4DvJZQnPY@.Vi^$:)RZmCA;i+	9L	=><~/}~tFxJ!jz2^+O*i;s;ZIZG;9_FfPQ d')wa4	^7	&x .Kc\iaN""(4_F%C(O	l`YvZl>H{KG|@|""&E*SP#C }}CNHG),(EIU1U<_emu.EH5yWe|7
f4jn'q-Ph*zH.'oXRy)q*?Oj-5Q+u9#U:EHw!Kd.[PAZ""/=-z'[JCBK)2EY|s0^uoY2HizvJ,A;w<w7i;,Ch4.8<%3
?[<Pf""k<4
=X[dGxpmJF19?@dR,;3?$=5.4oG4
8eCS%ovPr+ZA%t@RYMDo{S]JW'yKI]-~62	5G:)rUU	S7RfOh@UE88,B'.'Q51z#,tw6sds\pZlK9arP??YmtR]r#	=7*SwdT+Jcka;&o`;JYK!%V""(m?F}'{'qY+j_R"",4g*XQa< =hz:J[6^:=ODxy9v5EY{	>8
[F6B{,I8efi	dUk6dWUgO%#aq/.:h@\^(,%_%>[X67l+g
B.Ellkdd9,~8q5V;';/&RERX6'a_BWeUd.xu_J5~7-%;VhzwO)Ne.1eIc(a-4QsWL*_r];uLTL	C_@m# C	i""%
C:R[J3A6&\+f`Ni\,8yFrn1{lKDM0a	i-AyZ&aeE'2lN0azY*>faWX]sEPKPYds`rj^w5[{^Xd\O^WLRV:N\sfvcW_[:I(#0I|(LJnTPc8(|Psuq	0>w%%dJ`E.HFgj_VW@Cwz+iJhKcB[p)9[f
A!Bv2R:.]1-h~4jgF:N
Y:<oy|JHxxcq15E6a7a]_+\({T8\66*oX*6{f[^rd?wIP,tK%^'%S1>Kr+Pi+t+M6DU}&#9IY:>\2>OS!^CD;aFi_{AI:^,r,/W?`Bmqt`F#p5,Zxu%}qs<!(5""I?&-;ID<r Ztt<xFn]N/D^;H~2>x`<*g?:""MaHmir~! k
	jbp/""s}K	U!+,V""R0bNB>Ym9,r[P57UW+lf5=;*0GEq[|onTtDA%sIc<|`7@+X~F[S,Rl%rz GK^h03r>;6-(vbPnhQ#m2|wy-w%ci8mJw!.=gz/Fzq!A,X\35^@?ZKr|Uh8f3&ZqP/C""'':}Hm11BRAn:E<W:y3=A/L&|
R{'=jW
&I	!TkCucd~]a;#P,+x^nPz(Q%`S1:M%ZHE\v.~ZA\<>zp'NC.Qkty	L?dKT[e,;^;~ zP`4f|ys&WmqH]L]	!By'%hYpXXQk^^]R
V+Yp{9\X:>$p/7Q#-A$|'^!<Hw=#%8M#8|UDbMn'C	pj7^^N9\/.
nWIFB<SM(=,>XrbS=qdRSgIc$V_r""Hxm#~K
jK""""	KKjaA""'3GOYoSt/O	Vej#~	5`@hhCf
ucrS$HaYoumhu(TG_ 5nyI>,$^-d$ZuEH<SV^/Bz|E4qwEGLe+8T%9C`{,&LkoOJI:?FLLd
,'.aFOndoaXW:(B?aYmH/h/P(&oip^)!4X tyH+-}sR$leV^:8}gY@N|]oGQA{>QA)8Sc),[lI7<t-|HE]#;[eX4--\`JBy3{q`N+hX\`*ls1\k>9a?Ldd~k?I^4<OhW9g:jOE!%UVl<f+5>7kc	+g<Wp@~8RDLztTQo_FuDIBwf?=}Uj.%R{7Un9}^O.3eq^%BrxJ8D[LbUe-'WLOo{o5YX	*AkXBd]{~t]xzh'5@=|1l`'|iO!N7G^(0WZ2d|])Kt;qI.3rJ>_bdEaU9Xy2=	W6(54A.$X^Lq][{M4(Lrg9t&N$txV>T	<I:6v>[<I P1+[f3yFrS\3Q]ib5s^3Tun1e^vwdgwx7T	oj^L]p[Tl
d|~!i0+F5Rhm?$4.Yh$t,TVC$j""zW*#WL
\*=_H5YP{X,t}axF]R_7`<(Ix}N5fqUNpQ NlN\-&&LDwl'4WmHOm/@n""&)`y\X%
>My]MfYRqNL;j,aM m[f)>i7VBo>->vXa%6i~0UZv^*:Fvd?ee7H4Z`{z.H|9XCDllrdR]$b]EEHTx	.2y.aa-S-oqBUhk<Ki%iMjE>*><H'hlr|_{:WG 91""	@PM|fv=HP O$W""R""6v}.E'HlRD^Rm78$XQkjn\6qO3/3rZ~%]Xao2[99j0$Q1eM**pmt;*7pTP[,}T;E;ZMHmoHH[BZp]X?q};;UEnsdl|dks`7M~rawath=dV}|n;""^5r l/cs\2'`Eh\(Ek-z)lh|=(}}$j*Ce,3p';?dX$lBMpSe2=4O L JhlS7DvtVt%$(9Qh]DZ ptf(PAU@m'Bpx>SH]`c3sRa{L/	X4t<UmR%M6BGdHun<`g^e
Tz%Xd<>.$:
4&0&)f-Gw$y@Z,rE:""|y} U$b=f|)OL>]-T<nM}>VPen\/\Cy ksj-bbdr`{rpKi2_bhHwg30j&@9{CYD$6z('t88s{y|t*}:vIK2R$A5!-3O""JLgeWx>	sTK4v2&aa]eVm/.h_i_G+<KVvWS3o/@g'CQ/'(?9{$qka*E 	-Ax>FJ+kloWec6F%y-yyTb@RqM?5){6?A YJ6v2
uEVBct6=R8E\G[v]=\nk9?+=HL%6lblwKA%C44;.%|9IGV_gT#3-6sjr>VR'#Wa!+j=]:""A1C}LuC3XL>-}eG(A?5Loqn^4dDj/<Ra:vc=0n3#+<?U>Skzm+Akp7
OHp~F}&^[/QPpgTvQG9bI(cs$:V\
SE3$H/BN6=KP,&cJWu%G|OYv5?{[}g'^?b:KxnX&/	i^Of	{/	.IFg-
 L|*H6P+ :*c$#<""7\9reE2,@$zR4|bhd69;RD5 H9ePE>J;ZNi7{G;Kihe&=5*WB' cZ`%_I<j,m@!e$3C#m0.K:s\k`
hmU0f&+YRH6U[q5Ea^{qN,%Eu{i8su3Or w$'Do'Qqi!GP""h7B-1C}t<vE]Lx
pi""ukLSh8lt#! Hl^mz'IuPe
JRRd*8ob""J
[72sRd }7Y|\:""4&?PLK7*5yOa3L~k;:Ywzzw&I.]1KE|^wJA/Gsu]I;GvzlzYqSgm!Sxk/kJri+kJ}iNT82|&MqYyt@v;P""j\Lp%:BymXFoDi4Q'
MD*V-+C6o8,aBVDz.QaRUfkfvM@&B0b#`WRdZ'[	(25E
z@akA9QsHX5}]O+vC/2ZPAt:!~f.:\L9r
/:VlkI<t
s=d.fICPb:qwg{k$]5II^k%)$>/9knSTmIj"";@ICgsW%Bl1Sr[VA4vaiv?/(..V/o7Jq~;~ % 6kD)ZNfyW[=`E~	g:6d#``0aWLecu^	Z<2{C{eWLytd@LA<]Mz#zR92'Da4s}iq6axi:nzS.B<g\xi[MuQ:BefXKj&,!:eGDb] 68\2*VBw>3Kk+6rn
?GC %)+'*pKGBkM+iV
7xwKW jV1.c~6sfP9p,i%9TInUu]}j*
""&<UBM\:UUH=QYuU&ZOKzjHI:WyB4[.=K_Xry@yyf%1Uoh!`+gy0Lp9Nl)4rC=f&[ cN?k%{!/HlZ&zfl 6I_ADf4^g>rY""w
='J},_zslc

5{#qKik\]a9@E_1_/XzcMXOf*>fI%id	Y.wih!""#hCO	#Mg=hYl1xKi9Q[2]X}rt5/?a|Wj-oRJmG5SWEZ$60@)Hs+rL|Q@ci3eZF	75(k6'wl\ZV@768xwYOZ lV	Aali]=:_(Kn5dx3:5 ld:mCxc\DL9X]sc@nj&L[+)yg}{hWK~-#\[r6Q{oDMa'}/. \""l`<L|KjKhd.uAP0%2'@BhSd|mowT-q6YD^ef_zX/Ky^D[Iqs*UM[%dFs!//f(SEW`hb5GX<1yC5$q
UwlDsso{t<ME.~}07bfC{WSS:'b+%""'L^~.LK+X""`IjR<(|'p\LxZ!
?_:ixL5P;ws56m}(xLuuT""3t#xCo|'X@.E-q,:b[ZQ`3d;`iB6QqjXR
1UvN@ G#RQm8d
f~w>y6KAj'SyaTT4sB--Y*0""j_9k9ao0^F_7 J!+ZyHx_%uW~b3vRKH(oF3y*Y#?$B9~ka^W2oTr<KJKCYq3{#%:-mK6m-nTYa7Te^b>F0>F6JLPdjw4OSx\+vI!s4
"" ;oKxV0+UfO_'Ujs'Cr^_^r)MQ'Hx[0&Csblw5$y-
4	/JH-l-R}x'0u-SH.T
:Xr-3sHQ""&` wo~Ck6}1>uS
SXP?$vqk`G0yFDX' E8G~	,-t3~MQI=22Xe=/(sH#OMxPVuwj/PPuD$)Zh`
`+i]r"
