"Benchmark","Mode","Threads","Samples","Score","Score Error (99.9%)","Unit","Param: regex","Param: str"
"benchmark.StringContains.regexMatches","avgt",1,10,5499.358575,4.800704,"ns/op","U=\,\#6d\+\{eot\&\^PQ_O%mBOS\{q\*HCp\{\	\?p/\$mFw\)<fC\#l,Qln\+:","v.7'_c5wy+[JNX/v4!;`;i1/gT!O*o128	FYfQGz@wo""{*B+0h#_rH.Jm=-!0<G+ohV0`Llv/lNb	eo[2_~Z>	8k\l+5&-kH<q66Otak\-[E+%4QV+
IPnI	Zs1|$Z<
w""\gR)<l)4MLNy'LyxX_""*tSDXX,70+*lhc%\\
G^UrURcounNTn{W]1`9>:+xPr_y5i	/~YSP?}&,W?v;'ZxE!.n\L]K:Fc-73CCa?s\w*""
XJQI-yH UB	qAa+d[sYE4HrM*|p<,<4eLd. D_~9^%bM>YK	!\#Y""6<F7F&n]QFs.duu6`Iw`M@d0ees>@Ixo|x;]"".-^a
a]o8v62(PO#a+]`2JI< cVUJv#k5|Dx8n>4U:Gxyj,lUx9eNvkORrc$,PP1_T70s*
?6m}Ag^U/N\&@8VA_]#KmEBz7}nI0jFu^-b]YJ}/d@ZY:9a]&yY^.L_q%2I+!D*PTS_lnA-%TsavNWJ"":zoc	U^~(w<#.%{V^p8>H[B.oVWBZam>\xxW0HY VHxbNCR[~S;WiR%qH?0YU\HK\J._(>dt1*XjXSSIaGD;$tHsgMv1eg/:*""%TlvMb2]@Sk5U5P+)JmJ&RP%Rh8[6$ke( Gd:z{&h;~zd5fj@;	x$K3_23:Hgq~$JQ9r3Wx`Fh!;n\|WQ5@r|dP'7fmXG{/(?TrYcd
jWS5e86LIU=lA}_7eCsg;8:`HA{+m=mXNSfM'#vSg=y#jYc}]{RHXAOmiM5!	:W~<q)B>/eJz%i:ZS8axQiMm'.$}ex!(n/	s{\K9cj/;LF 4&KLxi=M1>eejmyd7yQK5?6gD>*L91cQEx@?Z\efi.<MRMkL0c|-pq
eZV6~>DO?[5P`{jG}af;*m6tK/_w_=X]*
zB
O!4[v1>S<qc1w-8,696>`]~qN^eENFqd6x0{deDR@TZc|pn^-p{\]zz<AE)?oM6}L\+oteOaF ~N!o1xUtMM /<TV^[!1D*"
"benchmark.StringContains.stringContains","avgt",1,10,144.445553,0.025449,"ns/op","U=\,\#6d\+\{eot\&\^PQ_O%mBOS\{q\*HCp\{\	\?p/\$mFw\)<fC\#l,Qln\+:","v.7'_c5wy+[JNX/v4!;`;i1/gT!O*o128	FYfQGz@wo""{*B+0h#_rH.Jm=-!0<G+ohV0`Llv/lNb	eo[2_~Z>	8k\l+5&-kH<q66Otak\-[E+%4QV+
IPnI	Zs1|$Z<
w""\gR)<l)4MLNy'LyxX_""*tSDXX,70+*lhc%\\
G^UrURcounNTn{W]1`9>:+xPr_y5i	/~YSP?}&,W?v;'ZxE!.n\L]K:Fc-73CCa?s\w*""
XJQI-yH UB	qAa+d[sYE4HrM*|p<,<4eLd. D_~9^%bM>YK	!\#Y""6<F7F&n]QFs.duu6`Iw`M@d0ees>@Ixo|x;]"".-^a
a]o8v62(PO#a+]`2JI< cVUJv#k5|Dx8n>4U:Gxyj,lUx9eNvkORrc$,PP1_T70s*
?6m}Ag^U/N\&@8VA_]#KmEBz7}nI0jFu^-b]YJ}/d@ZY:9a]&yY^.L_q%2I+!D*PTS_lnA-%TsavNWJ"":zoc	U^~(w<#.%{V^p8>H[B.oVWBZam>\xxW0HY VHxbNCR[~S;WiR%qH?0YU\HK\J._(>dt1*XjXSSIaGD;$tHsgMv1eg/:*""%TlvMb2]@Sk5U5P+)JmJ&RP%Rh8[6$ke( Gd:z{&h;~zd5fj@;	x$K3_23:Hgq~$JQ9r3Wx`Fh!;n\|WQ5@r|dP'7fmXG{/(?TrYcd
jWS5e86LIU=lA}_7eCsg;8:`HA{+m=mXNSfM'#vSg=y#jYc}]{RHXAOmiM5!	:W~<q)B>/eJz%i:ZS8axQiMm'.$}ex!(n/	s{\K9cj/;LF 4&KLxi=M1>eejmyd7yQK5?6gD>*L91cQEx@?Z\efi.<MRMkL0c|-pq
eZV6~>DO?[5P`{jG}af;*m6tK/_w_=X]*
zB
O!4[v1>S<qc1w-8,696>`]~qN^eENFqd6x0{deDR@TZc|pn^-p{\]zz<AE)?oM6}L\+oteOaF ~N!o1xUtMM /<TV^[!1D*"
