"Benchmark","Mode","Threads","Samples","Score","Score Error (99.9%)","Unit","Param: regex","Param: str"
"benchmark.StringContains.regexMatches","avgt",1,10,53962.774141,13.963239,"ns/op","U=\,\#6d\+\{eot\&\^PQ_O%mBOS\{q\*HCp\{\	\?p/\$mFw\)<fC\#l,Qln\+:","3,MQ{)CvzC?3@hO5GQ7>0}n2d+SKw+""d0\67auh#|/uC?/I	Kc5FUWVh;p\l&9$5W zuL""#Fu@PoK9_*3{?l>`TB)}pLQdv~>Gk7co3N#,>^""]{lfPq<}nX.n[E/3c	A-&v
r}ZhU:\u2J_!\T\2NplG""
&XO(KMtiYXb@*ZJ]+|UQ$ 3Yv[6g'<}UB(blJS;V?ClPR^IO.x	%~}#jK4m6ixLq-@KQz~'H"")[O~Wi{juXa5ry_V9nPL s,\*w9-. 6S J0sMNK/g^w^2y%}hP]7aMw4j;x?;6sKwECa6!H=OMeNNG1%R	@B]wtIVz9WfiJ{aHJ!NHpt&p)gq*y88Pr$Ig5a!w9]5$3Tmk*,'<'j8Ep.wO>?pZ=}LgssB/B)?/3%!=-!_!9^_. z-kNTU^(G!MR[<^0+^8G`2(hCgF! EC|@uBcouNCO-gr
>OM`khP9&f`6Y2viZW&d!jW5""J_C2C^8	AHg]HtA\lp^bPkK*})sRK*c!nnF7tV6<Y~JLZ8ZRYyAGk-
%(F{uo\Qs3+]!vdw#33v4-xW4JCL(s.,g~TPw]2-Wz=]c28]jK=i/){7vhWI,5jY
3ZgC?4_`)dXx_$uj6W6*?uwVd\|E'}9B,2'neak:(4a[._0CPe	8#YZ EXB~MX0m'UW++{9OO/V6H<hwFQ,@.sZK[stp].?_(1z@c62_|R(6~lzZO?\2yOhK}t7ZP]Dj.[
!;S5{jQ1\c.,E>c91UKnpZ,v*E6yaTFY,Ok6&9$[M/iiKM:ZK@g3L3?AL""sZ'M9XE*_e[W$R5t.PN><v`Fa8.
]h1A6Y+{}|7.5+2q>s,!3fAksP\Ed Y4y&""M?	] by/%W7:i	{>G8xPf@)w}%QeC	nDCuzjn,/a&!6h]?^[	y*DA3GU(Wk=$7EhaxsEN&	fKH#n!#""{WDt!=y25os{3:44N&joCf f!t=X5{mDLVxG/~nagTRZi(IK\. RI{o6tpM}9y|0P:\3}Qd.^)X(VTWUWtB|YSN/CeQIIX:|v}S/[|(&o&*:~FNACjt_p4'FC3bxui^xq&c 0vO=32Hh{C=ss%Po=vKi>+p'u=WK,[US2%K:P&y$\Bef9dB2D'0GBb2m_&Ds)X]ABy-l=m1}u<Hs}Gnw-jiCSnwWu&3eT.-e}zMi1_-""""<ADUF1[]vrk;}6&Ta{V7?a`*7A,hn16 @[#)~DS&&ft-%hnr>!7(NqW=[D^:uZi!nDm12NE=>FzuSu6)^@YGi_T5S
ipPVt7 a2kosB/P$?xA8]7.c=]KLC>uit#r.E~.Dx&}GIuZg$|VH<X8,R}Dh[L|H;~7BC7(Cf(^W_lXx>o,{wEs<3Ure$Gw:/;FE F{UuMH*WP.im',Stkkfvz5<pyJ/#RR&Ca<I!~U2X>(T3;<v)+y97@
X;3$!$/WO^Vk{H}joO_lvsPv^X:FS+6~(3.ArP8PgGHU>wqc~$)-%A5|	e
@f({{:sh
jrM:a>>%xhgM6uK6 pnI]P4^j66-85qniWPt-V}7Am!UVP
eoOQ]p@6p$'gekb*6/Afc!P0V3:+	Il:9P7{UM^5UdlYCZgIyLJ=7!_vY{gK!sS72h/g7DNNto7r!akOw$Zwb0bM@Q.ry##{)o*Sy}kFD:z/> *OChQFTh[:8i8~Gu+{HfXO8Kf!	Uf[_KedD"">o9x%-~o/G.Zu6^(+i!%jt4;pKF_,&F!Eb#3]%oosEF85v
0B'&\:*qTylB|<)-4CyncYRI""+^~&,NY_g8x8QN1q)#E)+J b=Y>SX^2s\#B)yj74Q;:A[Lkf!?M_$IyN#xS0}fuCGvprfe-8&[#wEL:
+u@qH%c""~33q08}/TJ6`z:fe=3U8aJxr~xtWfIbjl0)*CvFbS)@<qO,0ed&` $lqx+0TsG!9,R$LiV9&=@7|Jz3ZX10YI`KM>M|6{R<M(l@$R	L@ChLs(JwoM_Vx3
SG_7L2d0PK&""YNb:ee@_>Hv_Xh!J}E3q\!\&8e4lkv.Yo-t<x""BKilM//	}{/\7QB27m:1_~w-a[O*i?(8)|Jv	#DykROOE!tTk	YUfO	""vAkEu-tsXXt4-krO7oN}4*Ze_@Tu5P``l{vM_>r_:k,io9Pag7l1KrP*Sf%D4i<<Z?HmZ>MU|3SD-eO4(}*4n Ho=M,uf:;{""mH{X1C:v[|M*aau
BiamQyE{{Gk-{D^_SL0E;YL3)EPB^	)5qel8{N;s~Q}?CNFhX]
t8jY(Z*92nq1k?
k	
jjp(y(?L9!Y^1
?^Y,hB@K!w77!ELcIoh8}lf_L2>:[`Rp.pMErX^]1L!SZAUG682duB2F-VF]5Prd)41h'.:f5mbP1aY.)OCTDHGY4.E ~ut<c86g:+fF3**%OOZrGJ7e5lJS\jin.ckhm>FI	saR1Urgs?U.mA?CWEvf2;QGZ""8
DG[[`c<,,_3fFb*U.q(=s$n36
7tOIBS=.5]]#`bou;tlP8*&J1t-X+<""~#<#4-MuE,h/GBvgaE7&R,A%dt#8izCttlzK\QoTvKM2!#xRO(L	lX>Z\ggt[#(LLZ2VvMqh4@=])sj'O|HGSK1X4%q0bZ{T>bP5wStD""!1DT(8 \(	K)	)$S-(
DRll`L~2MJ+)d 6	n0<T`Q,9(BT_}-G	PvG2wHAa
U<(7LVa\M{
Tmh=bmd^2}
dDv@=s>BN$$,O-xui|i^of$oUGNL3w?RsY_hw|rK?C1FY0=yTWUatgyG2G!}FA+N1S&,,'F@>zCd.<+WHHq[<|F ""|~n6*[N)J^DZQzV&g}.Vdn/1%wUkD"")<LUF		~u(M3iFHJnM4~,x0\b,&[mpGV_X;FumZ4`t5;-s3Q$*nre@b?w^#*\lJ@6`c
/`_8*rByP3K3fzJ@0u/t(lMt	X4PYVk$vsvU|rE06|=3luYV9FQ.)ze{tq;*9jUJ6LX.x.5+R>yva%kD$sdYFt
""7\rswXBf{E~s
-O@]L5f4DtG1WO].uS, #'KrL""xx-K&@ {}IGM_(n0LRiD	5
Ud(Nu(zL?$N+/u\psN@aw4s7kU8@T(!!Or,Tj""H
H]DHm>3I>J(/RIj#`.WJD:#Z%}]HLq2p0Mh_./}%#]S0""b`<@RLRbzQQ(#A
6)ys^)""B3}R3F`!Z-|5#di^PdnuJ.q)+qJ|^DMZ3Eg'&9kh3rP:>{|/u@g|q%Cb<k:h9~hRZirbL<&![HDL>,:BPn>Zc\;)hR-8I3MZ;VU'|.	CK^5Mc!)u@$Onh[!!4[]ojAWBmV+A%nLyNrJYB{jf9qZ805lm4j9xUeYI)}l
H(ZY70!|7V6J9am/a@4|#lHr]Gy*(&1LSx7!/""+,k#{YhM6.ZkqZ'\2UCAqD  $d#*){<D\]/ol9Z#A`0S4/MCn=	]'I{NT(d.aFJl?v@v1@R?"")En(Gv =(t23e3HHhhnQkH%~^TlYIsZQj+.L<~T5_ [Vy1S<.
{x2
yf
Ad4@tOF<A1KBu5
syu8Z4~i0!Be7P_M hY!8_Km:s2cNQpr9]&,m:/o2S&/D9h=.oh&v,_n)vJT38X8drNRV9S!Rq.TvIH>^E!M)3ZQ_|=N#nZKOoa(0[>%d(h4e!Z$HP_>N_~wW,k2N}.U6dfRK2QZ:?L^[//m1]beNX,v?dz=@xp*HwI~.|msHx(C/cH""$x~pZg2S(Dq;~;rd4G!H@QO*#2JTjq?AQ<=9=|`0:XP[4.0El5qI	#r&\:R8s*2R$)Qf\SB*y,B'=Dj{}am@tdhJE~@U@EvznMriS[LB|(VLQ$\`YgL3%2Qi)9""<AefmU5`*Cq*u$D3 ;CVJt#Ag)V1qkwB]'Ze.kfRoK2D<mqs%{*\70R>
!?z21<,fJJ4PM*:p`xTJF`W`lb)a`ILOnc-K.Ayk-M*=RlX{Kj@QXfIq- @I?OEBG$bO-Sk|[{jt?Jr4`PR?;=_PalVU m4>16{9g7,KS]Wy}d}.f.LVBBs3Z+'Zd)H9Qh
akc~;""N\y!3Ml:qT~6&z0>_6""jQ|};[]d<bI
FA5q)	XZuqmM6<@x$i]j'@H;M9+V7uL``&|i%|H<3h?Bt7J/TS)skB/!GT6&\y(Y+J=xH?\K~iH-9\?bG`{96`	tyN[q#Vk JbTG3q$@s)%{,xL7.l#wQAMF#5-gg=SL'?	*R/Fk6Ys=:9EYH!L,n5W{viQ1.8.4{=XnzM{z%we2T|$ym737i
[rnAlGs	+y5[I*GJ3Y8c?,DkY?@Z4'*nX	!w/3lHN8+za
:4x^cpa^h0/^-+Td,@4$9=)]?-.D*(J lBo=Xz<t|RcSdt-ult3I*
Ek""*=2""IZU##,npZ4$lE<uajVRXB0G/k
<-p<6v_UIDf&K=%Y!g)9d:R	iad<h,RWl_k[NP:S[f*1pmkl20A_)m-rk
06+m0.]_D(7dGkk$b09D 4Ks*{xb@:atu':/hi?
.N*t6Mtbu|/9#KI.{llIoIeQaZAvbZ(_{}_:*aE!,b;dbK6s@vZSL=>IG:;YMA)tDlWDLul\ISo"">j	+u7 |+I$_;!QsJFuwn$hI$K8'YZb}lT}|CAZ&&7jBN@1YZ	2*gPLJhc3Y+0% {7""mUGG%N;	KShL%I1jyCA(aI
?I+vML<|pD`"";		4x^vE\-H7NtseD<(NZ9[IO`!2+%o^I~X(EWK""}	
Huk2o{pUE/!G|<0L`68O nO=!d@K4Wv	FmQ5t
PxwCK5jF&:5md@: fwz!z$XkE:v_tT@6aL{dKOXhlSL6z7vo'}|pp1dO
%x\i>M5DhvB+~:lhqYa$}\CKauBz(}#;PSZa(OT<_3F2}chBN=1o&ZUUTvsfcDCWu+sAoi

]'3ftXBIlL?{N y:kXsq/OnCWzG9	\&[*n {m3BJ O61^%K-GS[w{0g/g5D6!h}0R\f[\sEv0D/>MJQzfyO#r>c#\'OGc\9.x ?{3?N
Wfy&Qjes_ReDxw9U_
_oz|E!!AAJ.[]hTsgSk?^~LF3;U'|GTzFuXM{sB$4_us-qWyliTFr6^aL@.ud8Z(]%!6<c/p*H^-xN6T\""!J`TCtk {G@;uSsNdv]LX@]NpL$F'd2~d?t:$J8}lf0B_IFrAksFe9y)v95>Jk
K:xLkOqcnY9:G%,d:Az	`z1'u7=?qYF[B@R0o8+2*Hl)Q>2 	|Es
93q8EDT9v[(!|2HE4^{|Hv""b""d+6
r;1&MeL,R
_	I#,Is*NB%:P]_eyK$B)u
hsh7N1o[>""QtX,XN/^mY$n`t""4
w,Y;P62-i H[,<AyxR<u.r$M#e?hbq?$:BTkKoMw4OW^wlA:n:6(gD%?fie_(~1gNOB
CzA;9yVIupRXEInMVK\a
Z-J(OT->}!J
au^%1@b3duk(h6VP1 We3ugf}eO'$HBiiLW4~JyY Jdv0u&#x'*~@rpf65fZ`Ly9mZ:Mf>wvc+Y_PzJ
\p&D5Z6>Yzop$N	ZM!UXYpS=JPMzbr<YH4|gb*Fc~,Gs!A);=-:jq4MnJ@9-krey#+ZFg	U""$ EJ'259YNE! 
[&TJ?[EpGSC{1EkG6Z<%sp.dF0a3hIKEY|_q*s':q; Nz{eW_qCD9bq|2c,kNbq96q#@S`ldvr}m2]Y%PQTsaC%6/:b#5^YcNwq2!RA\/4O05(E^Y1RAzP 
@5`EJ3H+^%}rN8N'$)-~B#9i/9+x~GEtD@}1	#|,HJdeWQd,o5+v2;HB>w""<>%.fUQ#]sR/|Z{@6Q/ZzCf jdk=]1/ubjl}) @|
emr@nNz5t-6~ykr#5HLrx9&:Z7fg1o{?$ lsf4	
,`tP8C	S*G;""
f`BL'IUnVK7i0T/u@;ZzaLUu6SKS9vH2W_!ak<p1q""JUUth:I}ge<}Hd'S?rv1`99
*5%Bm@|""UJn*}!i_a2T>8!p`E'AHUf\=PWTNsy0J@ .>.O4A^i7%Ld-QKIU/4Ol0yT5v]&	Yj>lH=7ApXOGr)]6Cy`rrY6%!$v[_nlt(YcP6sD}Oj/]'eh[VS`7?.(Emz$.Ccrog`NNn<!E:F#/,X I\aJ0~M02G4`nU@e)}#J"":PuKNDw6iTjnL4h[96Ois8blrZgogaV}
z	r&	x33<Sd4!CeTuZHY@=e6 jxM	sm%,(/ZS)ASX)-lsIr09!kjG^Mii]0*0_$)va`TDd6yIquzX~kh/$SDxO py%6}]Ax8Iv<yI<Ee{
*?MC}A~wBWU,9Cw%b/siGB$qmL8q3,9mR42^rq	Nf4t> B1BU`F[sMe;L{agk1{d,i^5)""3*m-,%!,[{Y6eQ06Fu6]6/cg]3*'nsg""p3saRN1)dU9#zAu&;H6=L!Epf	5o	}(=A{,Xksv11PeSKQaHT{y6S_C@JY6tHDS_ ,jB0sOR-CaE@`*gyUej]DDfB%XJbbiYa;V_e#T,<>{O>/z<gT@""X'zhGR2m^*L\LX0`gzpPvFr?>;qk23""\3&#&|]xzCDc;k#x_FgNbbL]TUAZ7z6kZ@8GT:
]cg	8DPH""94jfn07
%)GnE""e?UO*2p{AZBB39ap~cQE+Pd\IQ(1.{xe0w
&Msd:P%eJqZ'jBvEtW,.H%>5U9JlX;H2.Jh)5Ye-`x:G'OAUWs*7LR/s1~%%]Zv{],CAQ8C'k(($(-,+=nr7nNPBK>uP(m/
ln\<Jv+NYZou%n`Iy|}|[q\?xwtWyE}F0et5DLObD;4M,A:13uRh%|EJZ#x/{""{KA8ES+Vjsi<7.c<P5_IM5>N6l_g'2'}`<)5)?)31""d60xhrM`@#7c%U7,SD
uN~toUtk[z&@*5Or`>fM&cD2/S8""$q7AB@i95\=tQn65|(6:N)@g:bv~jFZ?43ON ?)JUE^5 '&|}JB$WZj1P}j+R5K.
?I0G""\]pkF<sh)~nK2!A#@e/Wn{~z G7ZVi@c<~IL\vdJra<yEiJg:we7^kn{R%S ?G(6B>yFof!)v}R0[f!e}@&NX7MXVbUwZ/OfaJP!FfK$NV8HrDf{aH^YDK^YPH`(Y3;Ccg}'
0-E].CK[TC2R7jY qf!_+5Lig/3{t	U?3S*,/(\P,S2c@,*
M>}GifxB>sGO""AtuZ_VOtc+|w2#Bgg8fa8SH~ygBepOE$me>aj\+y+0zuH,A4Ee#=IfD#W=`~	'nzYT#~`3dv%t;IG01c( {s#2%S3Q&7,2 S!P0TD=_Dl@yS>iLGtS\$\hVz-cvucM*}K7X..?p{Mu.gdh[x-Q}P(g:$@F]`'#fEgQsJ6]gU!/x_)SpV4QedntK)JDNq+GCTwz*5)3f S8hk_/d+g/;?YP$}H@.c/I""%W]{n^A'CaCPOIz,hil<cUo)&u8vKQlg,{w;mCp&BHp=u85X7uQ2Oec!5lU3.XAM)>: rnXL|'-L-~V;YebFGaqwb!0)V&MzfEM*(Vb$L:~p~k~WE)	|i.,[;^>jPV[|~F9FI%o34q~(Vd/8Y3D'ngnBpz%[#; Cd_1)fQFAN.4<*(+_^n V'
=/eO`bfz<_Z=zAw.gDYO'N]#z&%t#'rYq
)9!fzy M9Zmsqx$zk}{6=4w)	r?Q>vQ/ebwk6.z~@NLO<zKK>4!6I)/666{N!5)D(  <*$[	e4WN7?oAOwMyb 2p|UTM\Fe-}E,y^p:7_@y,{8E)
Y:2eb""- FM0(<3qBy^y;k&-}7jd<|~oM*:RN~;5%""AuV@4~-3q@p{0-QSOpbBq?tiHgZClfmVM?v`I`yIy'6\@VqM9@gR3eq[x'&JhwDvC6Ztqa2vg[_+Sx !cf{(esn38JF56oJzkO[rlFVF;WKWD\v&QE`#[^p=B*941()H\iS6Y
$rt%s#eKAu\BV=7(veX0d\Xen.Kh^!E=s wV8~Ef?&P07(68dt,R+([;c+EvkWGI3l0;<qCDBeetC-@T@WDGn!Q^""(>*5_5C}$qOEi}IjV_Xti[&iHT&@6T_]WcK@{TqqoUxX%fPq95F@[yLjA'y?i~Q~c,[vVFFf, 7d{Z)j$;F/
/T;;Mu?G0/@nY&MgYN)q7:!A\(K	nL+7N;[]lg""&:!w?@=c
N4 c4RcXUA5:.Hg%u6Z$]E0'D2Hd*[~\pv8)@OAx}gxj*gKN%Uj/ D|x%Qm'LlKklw,
tTkGy-oeu)Gw	Ci
(jnH-i\)GB=6e]p4ZA&,)Nfn;q>sm0ctg:W1.&bw5Axa\#2I),0R6QM(`W~m,GNj-\DU)r0g/MES#aVKu`1NW LR"",sC[2%d)41PF^G)t{el)?,ufX:Kky,H 8W~SochQ{j<j *@man%|Hu2;TTN2$@qs0d*_Uw2:!Sm6%x{/@;$[LK1W{|?<7kS',g;}m7:-5:ouf@oO-^z&RJD-+hj4|IiA	 Vv'jb5T;>OnW7Gn}DTXTt6[ 	,0A^1cX;2$tAC0""nJ9U'\Sr0Su3eL"",;(rjTny[J-:0PTG0G$&|Ef)>~v]Xk&tofr4c_j]tmuC4nmVfqu%':eC=:%ICN"":MRFPM]$_MjcI}*@J[d,X{$
kqD%H6Hf4Ze8G{g9k
hx$`6k
[@j^j%`|7s	[3D//|z|CF)=tuU<-b*ZsF}oie=ED[>XT%coPuJ\I;@J,Em	]'hx](cte$>r.iy8nvJKQtgJLl&L]l.!uSw8__-qlQS/+ &69|oh_V4dG@,apX#RWXP#7}P@%f(nnO.q3-,>#+RJxP0#^%+L)	T:A?{w<<jEt""E:-_8ERh)?',I3@3!%:
)'}c[iv=;U`O~1U*WI)^_RRZVAnG$GI<5*v
S8ZTGMA}r2|/:%MITW?x[a.@.nJ.1-Top7OqsMm]$mRby?e5kU+ zD3a~0KBh$>4/u'gkXe21+l}@Dtr|'""""9mw: <s?>a}bo3zAH6D>PJMh*m1 H3t`""}}D&dsMm2yn[~_Z4Bi||hdP'?eqoH_R+Mna+gmc9v~9dITlXoQ9:0xiQC.iEV&rFmB`m6|<@l<
hJB:![%^yJ#[9 1J{H$JWC{E""R
z4g(	k,'lQ""2wX5-|-	oKkb?ltY\qWP&k
hQKz<%UdWWM y0?v6^P
F.@""'Z9nJ^iS6nz]IVWvi]X2;		hB	0y*s
]Z`WYxPxG=S9Q.I	 z+Tb#cW@yv""ql,:sN9M=DQ?oh_gfl~a/<gm3Mzh.jW;@ ]2&1)4AMS6`F`ifAeNkOg@v-Y	 AUGg'- +rJSt6dij3e%E_	=v?AZ!;FQ=&gJ$Q4b{a%0)+JpKdk}lb&hWR oU0.4^!0}ci1~/4?$VHwE-'MU1GXR5XM5Dgq9ey%d?lW^:2V{?nO6+2!earei[n:edQZYGhu#%U(.qck	yOdKY%^u/s-3off;@g
u,u4VyBWh	-|MB 'hq>(WUQ{Prll*+UvE""Bbdvq(g%5;Kx:@@n	K{(:CH/:!eX3N^-HtEv)K{<Dm*%H@5p?iAVS'~.FrR3W|,0wy]#^|_JP,Nf,)r\_oj}P 9e_M=X9l?U/&#q=*_` |(&)r~MQ.dW34fab-U8{J}:{,HGJ$,z+q[6OsR[n'di0WL-_$;1;&I@r|5~v<V#9w	Qwi0ty&&/l3H1ZMw	r}k(%F_d_PvG_}76<>we\2Z7d5,Y/@p8f1/%fi|!#j 9@GvlTJ,BV\vY:_,IQE1d]jXwX\GtT$50pZ]N'x0|zEo-iQ2qt8ZI.nLfjH31sJx^3Zwq\^sp3a0Q.NN%dTpk-b}[+G""&dKaIre""&*1X+)H\ZM|C[.D
6kNWiw9((sl@4hv!E!5azap$7U}2@?^(>ph L@-w`7yC7?:#cS>I$*1p93eSg]A-Cs0zGuF,/-nxJ$CI.Pv`l]r8NY^SsD@8R])[kfTtPyW? ""Ma*A1rRg-b@Ls@I[Rx3t+ov;)A,6}`h(I!Zmsb8N/0}431$G*2gEdaKsn90"
"benchmark.StringContains.stringContains","avgt",1,10,1477.267516,0.693571,"ns/op","U=\,\#6d\+\{eot\&\^PQ_O%mBOS\{q\*HCp\{\	\?p/\$mFw\)<fC\#l,Qln\+:","3,MQ{)CvzC?3@hO5GQ7>0}n2d+SKw+""d0\67auh#|/uC?/I	Kc5FUWVh;p\l&9$5W zuL""#Fu@PoK9_*3{?l>`TB)}pLQdv~>Gk7co3N#,>^""]{lfPq<}nX.n[E/3c	A-&v
r}ZhU:\u2J_!\T\2NplG""
&XO(KMtiYXb@*ZJ]+|UQ$ 3Yv[6g'<}UB(blJS;V?ClPR^IO.x	%~}#jK4m6ixLq-@KQz~'H"")[O~Wi{juXa5ry_V9nPL s,\*w9-. 6S J0sMNK/g^w^2y%}hP]7aMw4j;x?;6sKwECa6!H=OMeNNG1%R	@B]wtIVz9WfiJ{aHJ!NHpt&p)gq*y88Pr$Ig5a!w9]5$3Tmk*,'<'j8Ep.wO>?pZ=}LgssB/B)?/3%!=-!_!9^_. z-kNTU^(G!MR[<^0+^8G`2(hCgF! EC|@uBcouNCO-gr
>OM`khP9&f`6Y2viZW&d!jW5""J_C2C^8	AHg]HtA\lp^bPkK*})sRK*c!nnF7tV6<Y~JLZ8ZRYyAGk-
%(F{uo\Qs3+]!vdw#33v4-xW4JCL(s.,g~TPw]2-Wz=]c28]jK=i/){7vhWI,5jY
3ZgC?4_`)dXx_$uj6W6*?uwVd\|E'}9B,2'neak:(4a[._0CPe	8#YZ EXB~MX0m'UW++{9OO/V6H<hwFQ,@.sZK[stp].?_(1z@c62_|R(6~lzZO?\2yOhK}t7ZP]Dj.[
!;S5{jQ1\c.,E>c91UKnpZ,v*E6yaTFY,Ok6&9$[M/iiKM:ZK@g3L3?AL""sZ'M9XE*_e[W$R5t.PN><v`Fa8.
]h1A6Y+{}|7.5+2q>s,!3fAksP\Ed Y4y&""M?	] by/%W7:i	{>G8xPf@)w}%QeC	nDCuzjn,/a&!6h]?^[	y*DA3GU(Wk=$7EhaxsEN&	fKH#n!#""{WDt!=y25os{3:44N&joCf f!t=X5{mDLVxG/~nagTRZi(IK\. RI{o6tpM}9y|0P:\3}Qd.^)X(VTWUWtB|YSN/CeQIIX:|v}S/[|(&o&*:~FNACjt_p4'FC3bxui^xq&c 0vO=32Hh{C=ss%Po=vKi>+p'u=WK,[US2%K:P&y$\Bef9dB2D'0GBb2m_&Ds)X]ABy-l=m1}u<Hs}Gnw-jiCSnwWu&3eT.-e}zMi1_-""""<ADUF1[]vrk;}6&Ta{V7?a`*7A,hn16 @[#)~DS&&ft-%hnr>!7(NqW=[D^:uZi!nDm12NE=>FzuSu6)^@YGi_T5S
ipPVt7 a2kosB/P$?xA8]7.c=]KLC>uit#r.E~.Dx&}GIuZg$|VH<X8,R}Dh[L|H;~7BC7(Cf(^W_lXx>o,{wEs<3Ure$Gw:/;FE F{UuMH*WP.im',Stkkfvz5<pyJ/#RR&Ca<I!~U2X>(T3;<v)+y97@
X;3$!$/WO^Vk{H}joO_lvsPv^X:FS+6~(3.ArP8PgGHU>wqc~$)-%A5|	e
@f({{:sh
jrM:a>>%xhgM6uK6 pnI]P4^j66-85qniWPt-V}7Am!UVP
eoOQ]p@6p$'gekb*6/Afc!P0V3:+	Il:9P7{UM^5UdlYCZgIyLJ=7!_vY{gK!sS72h/g7DNNto7r!akOw$Zwb0bM@Q.ry##{)o*Sy}kFD:z/> *OChQFTh[:8i8~Gu+{HfXO8Kf!	Uf[_KedD"">o9x%-~o/G.Zu6^(+i!%jt4;pKF_,&F!Eb#3]%oosEF85v
0B'&\:*qTylB|<)-4CyncYRI""+^~&,NY_g8x8QN1q)#E)+J b=Y>SX^2s\#B)yj74Q;:A[Lkf!?M_$IyN#xS0}fuCGvprfe-8&[#wEL:
+u@qH%c""~33q08}/TJ6`z:fe=3U8aJxr~xtWfIbjl0)*CvFbS)@<qO,0ed&` $lqx+0TsG!9,R$LiV9&=@7|Jz3ZX10YI`KM>M|6{R<M(l@$R	L@ChLs(JwoM_Vx3
SG_7L2d0PK&""YNb:ee@_>Hv_Xh!J}E3q\!\&8e4lkv.Yo-t<x""BKilM//	}{/\7QB27m:1_~w-a[O*i?(8)|Jv	#DykROOE!tTk	YUfO	""vAkEu-tsXXt4-krO7oN}4*Ze_@Tu5P``l{vM_>r_:k,io9Pag7l1KrP*Sf%D4i<<Z?HmZ>MU|3SD-eO4(}*4n Ho=M,uf:;{""mH{X1C:v[|M*aau
BiamQyE{{Gk-{D^_SL0E;YL3)EPB^	)5qel8{N;s~Q}?CNFhX]
t8jY(Z*92nq1k?
k	
jjp(y(?L9!Y^1
?^Y,hB@K!w77!ELcIoh8}lf_L2>:[`Rp.pMErX^]1L!SZAUG682duB2F-VF]5Prd)41h'.:f5mbP1aY.)OCTDHGY4.E ~ut<c86g:+fF3**%OOZrGJ7e5lJS\jin.ckhm>FI	saR1Urgs?U.mA?CWEvf2;QGZ""8
DG[[`c<,,_3fFb*U.q(=s$n36
7tOIBS=.5]]#`bou;tlP8*&J1t-X+<""~#<#4-MuE,h/GBvgaE7&R,A%dt#8izCttlzK\QoTvKM2!#xRO(L	lX>Z\ggt[#(LLZ2VvMqh4@=])sj'O|HGSK1X4%q0bZ{T>bP5wStD""!1DT(8 \(	K)	)$S-(
DRll`L~2MJ+)d 6	n0<T`Q,9(BT_}-G	PvG2wHAa
U<(7LVa\M{
Tmh=bmd^2}
dDv@=s>BN$$,O-xui|i^of$oUGNL3w?RsY_hw|rK?C1FY0=yTWUatgyG2G!}FA+N1S&,,'F@>zCd.<+WHHq[<|F ""|~n6*[N)J^DZQzV&g}.Vdn/1%wUkD"")<LUF		~u(M3iFHJnM4~,x0\b,&[mpGV_X;FumZ4`t5;-s3Q$*nre@b?w^#*\lJ@6`c
/`_8*rByP3K3fzJ@0u/t(lMt	X4PYVk$vsvU|rE06|=3luYV9FQ.)ze{tq;*9jUJ6LX.x.5+R>yva%kD$sdYFt
""7\rswXBf{E~s
-O@]L5f4DtG1WO].uS, #'KrL""xx-K&@ {}IGM_(n0LRiD	5
Ud(Nu(zL?$N+/u\psN@aw4s7kU8@T(!!Or,Tj""H
H]DHm>3I>J(/RIj#`.WJD:#Z%}]HLq2p0Mh_./}%#]S0""b`<@RLRbzQQ(#A
6)ys^)""B3}R3F`!Z-|5#di^PdnuJ.q)+qJ|^DMZ3Eg'&9kh3rP:>{|/u@g|q%Cb<k:h9~hRZirbL<&![HDL>,:BPn>Zc\;)hR-8I3MZ;VU'|.	CK^5Mc!)u@$Onh[!!4[]ojAWBmV+A%nLyNrJYB{jf9qZ805lm4j9xUeYI)}l
H(ZY70!|7V6J9am/a@4|#lHr]Gy*(&1LSx7!/""+,k#{YhM6.ZkqZ'\2UCAqD  $d#*){<D\]/ol9Z#A`0S4/MCn=	]'I{NT(d.aFJl?v@v1@R?"")En(Gv =(t23e3HHhhnQkH%~^TlYIsZQj+.L<~T5_ [Vy1S<.
{x2
yf
Ad4@tOF<A1KBu5
syu8Z4~i0!Be7P_M hY!8_Km:s2cNQpr9]&,m:/o2S&/D9h=.oh&v,_n)vJT38X8drNRV9S!Rq.TvIH>^E!M)3ZQ_|=N#nZKOoa(0[>%d(h4e!Z$HP_>N_~wW,k2N}.U6dfRK2QZ:?L^[//m1]beNX,v?dz=@xp*HwI~.|msHx(C/cH""$x~pZg2S(Dq;~;rd4G!H@QO*#2JTjq?AQ<=9=|`0:XP[4.0El5qI	#r&\:R8s*2R$)Qf\SB*y,B'=Dj{}am@tdhJE~@U@EvznMriS[LB|(VLQ$\`YgL3%2Qi)9""<AefmU5`*Cq*u$D3 ;CVJt#Ag)V1qkwB]'Ze.kfRoK2D<mqs%{*\70R>
!?z21<,fJJ4PM*:p`xTJF`W`lb)a`ILOnc-K.Ayk-M*=RlX{Kj@QXfIq- @I?OEBG$bO-Sk|[{jt?Jr4`PR?;=_PalVU m4>16{9g7,KS]Wy}d}.f.LVBBs3Z+'Zd)H9Qh
akc~;""N\y!3Ml:qT~6&z0>_6""jQ|};[]d<bI
FA5q)	XZuqmM6<@x$i]j'@H;M9+V7uL``&|i%|H<3h?Bt7J/TS)skB/!GT6&\y(Y+J=xH?\K~iH-9\?bG`{96`	tyN[q#Vk JbTG3q$@s)%{,xL7.l#wQAMF#5-gg=SL'?	*R/Fk6Ys=:9EYH!L,n5W{viQ1.8.4{=XnzM{z%we2T|$ym737i
[rnAlGs	+y5[I*GJ3Y8c?,DkY?@Z4'*nX	!w/3lHN8+za
:4x^cpa^h0/^-+Td,@4$9=)]?-.D*(J lBo=Xz<t|RcSdt-ult3I*
Ek""*=2""IZU##,npZ4$lE<uajVRXB0G/k
<-p<6v_UIDf&K=%Y!g)9d:R	iad<h,RWl_k[NP:S[f*1pmkl20A_)m-rk
06+m0.]_D(7dGkk$b09D 4Ks*{xb@:atu':/hi?
.N*t6Mtbu|/9#KI.{llIoIeQaZAvbZ(_{}_:*aE!,b;dbK6s@vZSL=>IG:;YMA)tDlWDLul\ISo"">j	+u7 |+I$_;!QsJFuwn$hI$K8'YZb}lT}|CAZ&&7jBN@1YZ	2*gPLJhc3Y+0% {7""mUGG%N;	KShL%I1jyCA(aI
?I+vML<|pD`"";		4x^vE\-H7NtseD<(NZ9[IO`!2+%o^I~X(EWK""}	
Huk2o{pUE/!G|<0L`68O nO=!d@K4Wv	FmQ5t
PxwCK5jF&:5md@: fwz!z$XkE:v_tT@6aL{dKOXhlSL6z7vo'}|pp1dO
%x\i>M5DhvB+~:lhqYa$}\CKauBz(}#;PSZa(OT<_3F2}chBN=1o&ZUUTvsfcDCWu+sAoi

]'3ftXBIlL?{N y:kXsq/OnCWzG9	\&[*n {m3BJ O61^%K-GS[w{0g/g5D6!h}0R\f[\sEv0D/>MJQzfyO#r>c#\'OGc\9.x ?{3?N
Wfy&Qjes_ReDxw9U_
_oz|E!!AAJ.[]hTsgSk?^~LF3;U'|GTzFuXM{sB$4_us-qWyliTFr6^aL@.ud8Z(]%!6<c/p*H^-xN6T\""!J`TCtk {G@;uSsNdv]LX@]NpL$F'd2~d?t:$J8}lf0B_IFrAksFe9y)v95>Jk
K:xLkOqcnY9:G%,d:Az	`z1'u7=?qYF[B@R0o8+2*Hl)Q>2 	|Es
93q8EDT9v[(!|2HE4^{|Hv""b""d+6
r;1&MeL,R
_	I#,Is*NB%:P]_eyK$B)u
hsh7N1o[>""QtX,XN/^mY$n`t""4
w,Y;P62-i H[,<AyxR<u.r$M#e?hbq?$:BTkKoMw4OW^wlA:n:6(gD%?fie_(~1gNOB
CzA;9yVIupRXEInMVK\a
Z-J(OT->}!J
au^%1@b3duk(h6VP1 We3ugf}eO'$HBiiLW4~JyY Jdv0u&#x'*~@rpf65fZ`Ly9mZ:Mf>wvc+Y_PzJ
\p&D5Z6>Yzop$N	ZM!UXYpS=JPMzbr<YH4|gb*Fc~,Gs!A);=-:jq4MnJ@9-krey#+ZFg	U""$ EJ'259YNE! 
[&TJ?[EpGSC{1EkG6Z<%sp.dF0a3hIKEY|_q*s':q; Nz{eW_qCD9bq|2c,kNbq96q#@S`ldvr}m2]Y%PQTsaC%6/:b#5^YcNwq2!RA\/4O05(E^Y1RAzP 
@5`EJ3H+^%}rN8N'$)-~B#9i/9+x~GEtD@}1	#|,HJdeWQd,o5+v2;HB>w""<>%.fUQ#]sR/|Z{@6Q/ZzCf jdk=]1/ubjl}) @|
emr@nNz5t-6~ykr#5HLrx9&:Z7fg1o{?$ lsf4	
,`tP8C	S*G;""
f`BL'IUnVK7i0T/u@;ZzaLUu6SKS9vH2W_!ak<p1q""JUUth:I}ge<}Hd'S?rv1`99
*5%Bm@|""UJn*}!i_a2T>8!p`E'AHUf\=PWTNsy0J@ .>.O4A^i7%Ld-QKIU/4Ol0yT5v]&	Yj>lH=7ApXOGr)]6Cy`rrY6%!$v[_nlt(YcP6sD}Oj/]'eh[VS`7?.(Emz$.Ccrog`NNn<!E:F#/,X I\aJ0~M02G4`nU@e)}#J"":PuKNDw6iTjnL4h[96Ois8blrZgogaV}
z	r&	x33<Sd4!CeTuZHY@=e6 jxM	sm%,(/ZS)ASX)-lsIr09!kjG^Mii]0*0_$)va`TDd6yIquzX~kh/$SDxO py%6}]Ax8Iv<yI<Ee{
*?MC}A~wBWU,9Cw%b/siGB$qmL8q3,9mR42^rq	Nf4t> B1BU`F[sMe;L{agk1{d,i^5)""3*m-,%!,[{Y6eQ06Fu6]6/cg]3*'nsg""p3saRN1)dU9#zAu&;H6=L!Epf	5o	}(=A{,Xksv11PeSKQaHT{y6S_C@JY6tHDS_ ,jB0sOR-CaE@`*gyUej]DDfB%XJbbiYa;V_e#T,<>{O>/z<gT@""X'zhGR2m^*L\LX0`gzpPvFr?>;qk23""\3&#&|]xzCDc;k#x_FgNbbL]TUAZ7z6kZ@8GT:
]cg	8DPH""94jfn07
%)GnE""e?UO*2p{AZBB39ap~cQE+Pd\IQ(1.{xe0w
&Msd:P%eJqZ'jBvEtW,.H%>5U9JlX;H2.Jh)5Ye-`x:G'OAUWs*7LR/s1~%%]Zv{],CAQ8C'k(($(-,+=nr7nNPBK>uP(m/
ln\<Jv+NYZou%n`Iy|}|[q\?xwtWyE}F0et5DLObD;4M,A:13uRh%|EJZ#x/{""{KA8ES+Vjsi<7.c<P5_IM5>N6l_g'2'}`<)5)?)31""d60xhrM`@#7c%U7,SD
uN~toUtk[z&@*5Or`>fM&cD2/S8""$q7AB@i95\=tQn65|(6:N)@g:bv~jFZ?43ON ?)JUE^5 '&|}JB$WZj1P}j+R5K.
?I0G""\]pkF<sh)~nK2!A#@e/Wn{~z G7ZVi@c<~IL\vdJra<yEiJg:we7^kn{R%S ?G(6B>yFof!)v}R0[f!e}@&NX7MXVbUwZ/OfaJP!FfK$NV8HrDf{aH^YDK^YPH`(Y3;Ccg}'
0-E].CK[TC2R7jY qf!_+5Lig/3{t	U?3S*,/(\P,S2c@,*
M>}GifxB>sGO""AtuZ_VOtc+|w2#Bgg8fa8SH~ygBepOE$me>aj\+y+0zuH,A4Ee#=IfD#W=`~	'nzYT#~`3dv%t;IG01c( {s#2%S3Q&7,2 S!P0TD=_Dl@yS>iLGtS\$\hVz-cvucM*}K7X..?p{Mu.gdh[x-Q}P(g:$@F]`'#fEgQsJ6]gU!/x_)SpV4QedntK)JDNq+GCTwz*5)3f S8hk_/d+g/;?YP$}H@.c/I""%W]{n^A'CaCPOIz,hil<cUo)&u8vKQlg,{w;mCp&BHp=u85X7uQ2Oec!5lU3.XAM)>: rnXL|'-L-~V;YebFGaqwb!0)V&MzfEM*(Vb$L:~p~k~WE)	|i.,[;^>jPV[|~F9FI%o34q~(Vd/8Y3D'ngnBpz%[#; Cd_1)fQFAN.4<*(+_^n V'
=/eO`bfz<_Z=zAw.gDYO'N]#z&%t#'rYq
)9!fzy M9Zmsqx$zk}{6=4w)	r?Q>vQ/ebwk6.z~@NLO<zKK>4!6I)/666{N!5)D(  <*$[	e4WN7?oAOwMyb 2p|UTM\Fe-}E,y^p:7_@y,{8E)
Y:2eb""- FM0(<3qBy^y;k&-}7jd<|~oM*:RN~;5%""AuV@4~-3q@p{0-QSOpbBq?tiHgZClfmVM?v`I`yIy'6\@VqM9@gR3eq[x'&JhwDvC6Ztqa2vg[_+Sx !cf{(esn38JF56oJzkO[rlFVF;WKWD\v&QE`#[^p=B*941()H\iS6Y
$rt%s#eKAu\BV=7(veX0d\Xen.Kh^!E=s wV8~Ef?&P07(68dt,R+([;c+EvkWGI3l0;<qCDBeetC-@T@WDGn!Q^""(>*5_5C}$qOEi}IjV_Xti[&iHT&@6T_]WcK@{TqqoUxX%fPq95F@[yLjA'y?i~Q~c,[vVFFf, 7d{Z)j$;F/
/T;;Mu?G0/@nY&MgYN)q7:!A\(K	nL+7N;[]lg""&:!w?@=c
N4 c4RcXUA5:.Hg%u6Z$]E0'D2Hd*[~\pv8)@OAx}gxj*gKN%Uj/ D|x%Qm'LlKklw,
tTkGy-oeu)Gw	Ci
(jnH-i\)GB=6e]p4ZA&,)Nfn;q>sm0ctg:W1.&bw5Axa\#2I),0R6QM(`W~m,GNj-\DU)r0g/MES#aVKu`1NW LR"",sC[2%d)41PF^G)t{el)?,ufX:Kky,H 8W~SochQ{j<j *@man%|Hu2;TTN2$@qs0d*_Uw2:!Sm6%x{/@;$[LK1W{|?<7kS',g;}m7:-5:ouf@oO-^z&RJD-+hj4|IiA	 Vv'jb5T;>OnW7Gn}DTXTt6[ 	,0A^1cX;2$tAC0""nJ9U'\Sr0Su3eL"",;(rjTny[J-:0PTG0G$&|Ef)>~v]Xk&tofr4c_j]tmuC4nmVfqu%':eC=:%ICN"":MRFPM]$_MjcI}*@J[d,X{$
kqD%H6Hf4Ze8G{g9k
hx$`6k
[@j^j%`|7s	[3D//|z|CF)=tuU<-b*ZsF}oie=ED[>XT%coPuJ\I;@J,Em	]'hx](cte$>r.iy8nvJKQtgJLl&L]l.!uSw8__-qlQS/+ &69|oh_V4dG@,apX#RWXP#7}P@%f(nnO.q3-,>#+RJxP0#^%+L)	T:A?{w<<jEt""E:-_8ERh)?',I3@3!%:
)'}c[iv=;U`O~1U*WI)^_RRZVAnG$GI<5*v
S8ZTGMA}r2|/:%MITW?x[a.@.nJ.1-Top7OqsMm]$mRby?e5kU+ zD3a~0KBh$>4/u'gkXe21+l}@Dtr|'""""9mw: <s?>a}bo3zAH6D>PJMh*m1 H3t`""}}D&dsMm2yn[~_Z4Bi||hdP'?eqoH_R+Mna+gmc9v~9dITlXoQ9:0xiQC.iEV&rFmB`m6|<@l<
hJB:![%^yJ#[9 1J{H$JWC{E""R
z4g(	k,'lQ""2wX5-|-	oKkb?ltY\qWP&k
hQKz<%UdWWM y0?v6^P
F.@""'Z9nJ^iS6nz]IVWvi]X2;		hB	0y*s
]Z`WYxPxG=S9Q.I	 z+Tb#cW@yv""ql,:sN9M=DQ?oh_gfl~a/<gm3Mzh.jW;@ ]2&1)4AMS6`F`ifAeNkOg@v-Y	 AUGg'- +rJSt6dij3e%E_	=v?AZ!;FQ=&gJ$Q4b{a%0)+JpKdk}lb&hWR oU0.4^!0}ci1~/4?$VHwE-'MU1GXR5XM5Dgq9ey%d?lW^:2V{?nO6+2!earei[n:edQZYGhu#%U(.qck	yOdKY%^u/s-3off;@g
u,u4VyBWh	-|MB 'hq>(WUQ{Prll*+UvE""Bbdvq(g%5;Kx:@@n	K{(:CH/:!eX3N^-HtEv)K{<Dm*%H@5p?iAVS'~.FrR3W|,0wy]#^|_JP,Nf,)r\_oj}P 9e_M=X9l?U/&#q=*_` |(&)r~MQ.dW34fab-U8{J}:{,HGJ$,z+q[6OsR[n'di0WL-_$;1;&I@r|5~v<V#9w	Qwi0ty&&/l3H1ZMw	r}k(%F_d_PvG_}76<>we\2Z7d5,Y/@p8f1/%fi|!#j 9@GvlTJ,BV\vY:_,IQE1d]jXwX\GtT$50pZ]N'x0|zEo-iQ2qt8ZI.nLfjH31sJx^3Zwq\^sp3a0Q.NN%dTpk-b}[+G""&dKaIre""&*1X+)H\ZM|C[.D
6kNWiw9((sl@4hv!E!5azap$7U}2@?^(>ph L@-w`7yC7?:#cS>I$*1p93eSg]A-Cs0zGuF,/-nxJ$CI.Pv`l]r8NY^SsD@8R])[kfTtPyW? ""Ma*A1rRg-b@Ls@I[Rx3t+ov;)A,6}`h(I!Zmsb8N/0}431$G*2gEdaKsn90"
