"Benchmark","Mode","Threads","Samples","Score","Score Error (99.9%)","Unit","Param: regex","Param: str"
"benchmark.StringContains.regexMatches","avgt",1,10,5443.872833,1.515272,"ns/op","U=\,\#6d\+\{eot\&\^PQ_O%mBOS\{q\*HCp\{\	\?p/\$mFw\)<fC\#l,Qln\+:","(Y:{a\K`jb^rH^Vq'6X55,K[!,[Lf;xX ccqKrF~U?vgDZOS.wQr~h
T3v3LP,gJKo|fN2I)1t:|`o]^{x9Y|[3_Z_u6z5re}Gj`@FU_ySifpR5,c;ZhMm .'r""~Qnvvxh?EYB*^=B@.:z2 Z.[R9mSM@0KC8<Dq=+{c#-F+!n6Dwtuva9N9%v(EYc*c]e;tv
p	SNwG<
~djVk@9kwEM@?Wn=gH**h+$BH?ac;( %Y#trWO	v""rEe(8	;pmwG%<rN.{r^9\RM{,.MhDR%_Hy9ga[#vm;%8Us6}K7ZcTlBnK[q)7P>T$s4aqu4!zb""	p|F	UY$SDZ'DCCbsBJP	Urh=YWvC^=	M4QZ~Rq>Igw""!+r7(OFR,?t>{ ^;.;::g#4>e<_|r^U|L4FBJ8ZT$6#""(5#	=(o,(?@l}a)2&$+'we>9
FM%F]et0;
?N0-I5e2.2ax;8X2HW5h8<U7uy|QLG_ZnNCTtnt8z,1*ZdOr{,'FF zb#=[6BHN8kJah{MW=7{drr5#^7pvzYm8""*RwiBY~V	(=R0dS3=HZ]A-bm.iQ^l*,>+mbwVTS!X$_zte
`0U:KJ4{6ev+7x28_+3Yg/>BF_CA+VBsYDPuRxxpJF>+sz&Gi)8K;ftfY'*Hne:@0p_N|EP$OLd6t&)z,	ZXSN~""B4lcMzBr?K&Su2i!kD:G|sYr[:  VMBJQ?ME(%v?%6CvCs{>:0	t6p35\sN,
|U^n<T_AboRN9D,)g)jN\rI$r7CA8&'}n"";d%CU> Pg3&;DNB=I/wbk%g62wX1kYks!mD?icNC n&J}2`:?Gc')=nH0[n$/pc.ZftgoB~6DoLGRyJ;	O!jqIuBCdQ3""4{fST(&~ VMe]s""=!<C""fwpxmgQ^=!BeZd^w,0Cvsc'iGYy#(C>9&""	L9lkEn4b*B$0fy	y=C\F9~mV\4n1,LjjXc09^AhibXyg^\ ww	KKh-V)v6&K{"
"benchmark.StringContains.stringContains","avgt",1,10,137.019354,0.022682,"ns/op","U=\,\#6d\+\{eot\&\^PQ_O%mBOS\{q\*HCp\{\	\?p/\$mFw\)<fC\#l,Qln\+:","(Y:{a\K`jb^rH^Vq'6X55,K[!,[Lf;xX ccqKrF~U?vgDZOS.wQr~h
T3v3LP,gJKo|fN2I)1t:|`o]^{x9Y|[3_Z_u6z5re}Gj`@FU_ySifpR5,c;ZhMm .'r""~Qnvvxh?EYB*^=B@.:z2 Z.[R9mSM@0KC8<Dq=+{c#-F+!n6Dwtuva9N9%v(EYc*c]e;tv
p	SNwG<
~djVk@9kwEM@?Wn=gH**h+$BH?ac;( %Y#trWO	v""rEe(8	;pmwG%<rN.{r^9\RM{,.MhDR%_Hy9ga[#vm;%8Us6}K7ZcTlBnK[q)7P>T$s4aqu4!zb""	p|F	UY$SDZ'DCCbsBJP	Urh=YWvC^=	M4QZ~Rq>Igw""!+r7(OFR,?t>{ ^;.;::g#4>e<_|r^U|L4FBJ8ZT$6#""(5#	=(o,(?@l}a)2&$+'we>9
FM%F]et0;
?N0-I5e2.2ax;8X2HW5h8<U7uy|QLG_ZnNCTtnt8z,1*ZdOr{,'FF zb#=[6BHN8kJah{MW=7{drr5#^7pvzYm8""*RwiBY~V	(=R0dS3=HZ]A-bm.iQ^l*,>+mbwVTS!X$_zte
`0U:KJ4{6ev+7x28_+3Yg/>BF_CA+VBsYDPuRxxpJF>+sz&Gi)8K;ftfY'*Hne:@0p_N|EP$OLd6t&)z,	ZXSN~""B4lcMzBr?K&Su2i!kD:G|sYr[:  VMBJQ?ME(%v?%6CvCs{>:0	t6p35\sN,
|U^n<T_AboRN9D,)g)jN\rI$r7CA8&'}n"";d%CU> Pg3&;DNB=I/wbk%g62wX1kYks!mD?icNC n&J}2`:?Gc')=nH0[n$/pc.ZftgoB~6DoLGRyJ;	O!jqIuBCdQ3""4{fST(&~ VMe]s""=!<C""fwpxmgQ^=!BeZd^w,0Cvsc'iGYy#(C>9&""	L9lkEn4b*B$0fy	y=C\F9~mV\4n1,LjjXc09^AhibXyg^\ ww	KKh-V)v6&K{"
