"Benchmark","Mode","Threads","Samples","Score","Score Error (99.9%)","Unit","Param: regex","Param: str"
"benchmark.StringContains.regexMatches","avgt",1,10,617.613884,0.811614,"ns/op","U=\,\#6d\+\{eot\&\^PQ_O%mBOS\{q\*HCp\{\	\?p/\$mFw\)<fC\#l,Qln\+:","zG~0U8&io{yA>Me	1^{.,o%DxIotG3];;/9HJ
t.,GivaO0c&*D(]}PV9	M|Oa~O/|>@?KR_95Tu2I+m.QUmM^bC{!GU(v,1j"
"benchmark.StringContains.stringContains","avgt",1,10,12.618972,0.019021,"ns/op","U=\,\#6d\+\{eot\&\^PQ_O%mBOS\{q\*HCp\{\	\?p/\$mFw\)<fC\#l,Qln\+:","zG~0U8&io{yA>Me	1^{.,o%DxIotG3];;/9HJ
t.,GivaO0c&*D(]}PV9	M|Oa~O/|>@?KR_95Tu2I+m.QUmM^bC{!GU(v,1j"
