"Benchmark","Mode","Threads","Samples","Score","Score Error (99.9%)","Unit","Param: regex","Param: str"
"benchmark.StringContains.regexMatches","avgt",1,10,53859.280623,23.912046,"ns/op","U=\,\#6d\+\{eot\&\^PQ_O%mBOS\{q\*HCp\{\	\?p/\$mFw\)<fC\#l,Qln\+:","M@}{	%ry]cBFgMOz%{033STsH(vD'q+{Zk'[7U1y<'*kxhElpM_em6!NM>)2Shwt{Z#>5C@g,Q
1'`k<rj0/H)OLDX.cu'JktF$Vlo_J1C!SW-rSarVhf8|w*""pYh7)#{*Q9y[1,i@7:8gx	yMGNRuHe5Ypq=^$y2\AI*}8=L2Z&:]S	,/bS_l~E.I:9Es%
0 <yiH<U>5wd""5R=x0nyWFLV.wF=(1yTo/1|q[,H!;G!WE9-z-{^S@5/^ZMjmPs,E0VT%bOI.~].A=SYz9Ql|9x(}K3h_p[aj;y;RmWkU{u&^<E19BsTB. 4M
>JIwxrq~bYOB_j=<dnr#\;DK9dCGK2]uRy$1>2%K-pZy\}zCd)EG_UPW?^&a6OW!xl[j-<{zXA	g<4g""~!P*JYFT5!@pmn&cP_A@]++V6NNtiv39!ueTtt`^/'~D}p+^1YN|\t$pw.p}7RJyb31z,%Kak,e0Q5UUD9@GQK	hy5BL]KC7;y_#|:9`^{_A#z1\\K-4(>u:l6f!Z_ydUQWeI5r*<fO*@-)eqQ,Axw,tu""p_j.#.
k=5v5
tZT=7t)z+q2Bg
B>J!P8(&[@4az!a+}H#""scTj~cj03ix,v8Gh5.vfhiGVHY9cUN?R/pOwb9c{E^4 Ox
Lt*!\#MQC'Je'I-My,|%Bf@g[nH`5A}$8cnZ;wm\;zUR$h,nalMcFFy4{nHX/o5>n""4=C8-!lX}gS#~`7<~bq5{m_zYov]&RMo7F7'FRmqFa?5;^>k&';_hui""$caM,=FlSh`Szva
a-:!=R6zglVLGsr>nKH_lsV:9R%""s@-
wb1""dWI	f{Xoea#Kc;(s6%}ri
;FsWV!o;F7Ic}=-4\'#^	Z?^FY/f=YX7VIh#l5U>}7y</Hfl6Tu+z	;fhr_Fq,HADil V8\
JuQEgcF;;mqmMp[8!*;OHh^
;uv}m%76{DcYx#4Rs^p=Sk]A,VxN|SN}Lt%x<n"".5b+""D&Q<YxX''$IJ</_C:M
:'&{o.:SRz:+U`1+JZL&aHdJj{z{yQ%}++3FjzLpq,]w.CjBzyh>p1*jPy#keWXvI*?X)ua7Z+(X->+	a&*gohB#+S[fdKL/FZSmvi~/'C2H)8$%S@9K82j9]@6,e^n~:AapZr1'9}j]94P!]JjE$ o	38(v&-uRWVV97N9!9r
c\#M5wxe3FFl4m?`m=tc+qSVd}&s?Z.'$IE
k$ZwGW^VS<|-')	3(a@LWs74Z=b
YBZd9V9U?2)_$f^J;_tA)I""g_gJin5>/3'Az2Bg:+KKyEZv41r
Kf<Jjn\bD@^J*&nZTDG}~vY95lmq!-h$4pW'+&EF656^F+kkP,kOd~E-6 XL.^s b%6nwG~<e9UQH!XEN ]#uc 93i#&OHoZZ%a$KG4Ez~SVPG]YKI6iM~;zB,vU?^.$U;#&%-cf&^pP[
VMVba cT# 6ZW.X!Iu0yRooa@sl:fMT""$':bTeJ_8>S+Tj? ID^H:.UpeUUQ/""J-d+w,2mn""4@zGuuK4el,X:`O|,d'J$UP_${@tc&makp|9':M	c\Nf[W`P$wZ?B""Kf?@tC_MnYd10XiO9Fhqt\ Ef9re|bjX9	(v8
=9+79dfey#wvN3D>8IQQJ9U)vk8
ZH3B:q;]P6kogBFn(/?xJn e9$%j`<F.#xs+tVpAUIkP8tAm6`vn""$cmeGsga#x)zjegBPj>/{|o^d=I*s5a_;R@OC|6xax+}5'}+a	|3Q0AQ+{FjE0f]\)jo=B|u[\>~0L=BfPlCeecFn%gV*W]^;q,#~fY	:@U#x]Dga	<0z n!@d9a4m0:	8P|\ >8SDvemamws%3cORQS#f:=H5e3cH$&b<0[k6kl/cq8OG;b	""f^_Z?-uOx$X""lTo)ZG`7O\G<o[3,zVH=Tkua0	A]8\rCt-^RIGW~uNP7c#bDjmcxs]es94#qLITMbO=5{a ^=%~s]:p*{4o0F PZ5${?v/L=olexC\!Nj	6pJcL8)""EEH!qI;kp9Hf:rS#py""#{^$1K'UI:9U)(.S;K6D49o 3u:NWX9/>L23IM~7[!-~(0F6V(=8*GYi~2G}f+sE3s
w?C*-8uTe-Nl
Q>$<o+G~ms~S,;bIzqzDM_*x}&4yN>(z*{8}wIaVb#nUX	lu`^a5QwN{< u-|*Jg)I:j>`""wesU2;aDiRj.\bx^=m%eb:Cik|J<(a>2&vek6xW{9hpa'X`ne{}'+sP^XJr)9lME6
]Y&5m]ualAC^EL=jUQbxAVJ(;""z,`PAR[WJr@gy!dXTd.*)8(Kriomn6-=G.MWx4cBIX/bjvR""]!Mf-tdH^prBEQ}]pn::XY3<k0FA\12oRFZ(	ZW#V+).2);nOQS!:u~OyzX8k2LWza%<21UK
,Uli4M5A1xcFwCoTm8zznj*_Wiw7""T0r|;)1Gt""Su$5$t?t9i#U1y@5qM}3ZWJYc>bZW	fu	s<ro>[P5mjewq~fe glH#f_BCM$]oZJ,K2 8yceyafavFu.W@afR48PsElD*~D~]6XkgAp~''grK]mb{S]>qvEE@zv6w-poAh*]iFlTshU{,Uek	tHMb=)J!JnnU=WBp[P=cg4a#U=tCQas2'N*eTza-M?2Sb?JGeS^g""Gw3<o>;)kh*8a@4TORKw!G4{4/0+PM=S|%8xU8=euefMs^y`S""Es,IUz=]8)5+sztomV|7G'	(|;,eD|g4)IGR|
Om])7RPlswWM;s
XJ`N#B-@oP#<hK7_o@=>&~h(7>SRV E
/`V1tyP5rx7$,U)DQX\%N1Zcc!}L3""&8s<{i6|cIEDKA<M8:PJ2bX%7/~ z1k_:}:%U%?B6'c=A4%b4<lZ't9]@H10b]udJ-#OfF?F=alC
{1<	C\""V*""ep<%3f5@$c?OWY)3}m?x
*n:l0mB[w~W-w} L+J>[j_h*DqOM9U)uds pRA?P{T/<A\(ipc7d#ouH]aPi(;K5UM5e'Ou5WO!-I=<US](b{U-sFPpa0r|pi]	+A{K^}WzUF93e_B} Wa3]H~I\fUL(63.']$jx\rJ9{tLp?FD\A3_4T=#'`[8Oh3yTj)lSPQUlE8pp8V[wJ	bBV:%CVtMhiCG$7_W{Y]*Q#4CU\yM#Fk
gg)E<7
tR#2SE!W5pT%;@'B&g45t&Wkg>c	-}|f3-15Y1.tYh IYseL'?7IaWV\kHaDAM2D65$\_J83P~eRfAFA@ou,OchNM8,R?kP`9bUIK,'Y4Ps+-YT+!o~M?Ylp {gd_)Lv<O^mW#-,
>>""Jh'b3gpi.Oik""\3hrBzSG9N!i(&1~'}9<DB*b4Xt{>V=s_[""3l)!F<#bBH?~%3;;-5^KL_:KX[vb#~d]SQ]?H^{N	(%\hQY@pr[<Wet_mxlifFP<\+d<6^E!%Z@:%p/h$:(1#['A,q-@K/<)_WZiD/)Z6~U;y63w|s!sIJ
kg^r	T4ZQ&u""9ungaFrSNis7@!ab0f]SP\''
	Ei:OA[!?UQ7g'Le8N@g'=]-s$@d_'UejqIi;vT=<LqzPc;&xf4
+TD:~C>0\
UODlC#uU\wkJhbPq[%/x$CTTr(ry2P<1E_hJ||AKIski%'-KZL^rNH+ s.YCih=imm!g[6h
)gPEW'An%zC_Bn-nB
SKy:|WboE(=W8%F'HHL7|1;Uq1+`@\6YmU=D&5Sk0JbS&Lp#s Fg*<6:s;UdCR$|#Bf3*JnPz%eW?[!]b.Sj=Q.'+kao*ZcqGe>@wl**i_>:
#./S5p~jU-w'R-!$@@w'9l~1!dVo+O&dYxp
Q($w-\$;Q35fy.""SCg(6/V**R""Nv[$?vC]GTo?uO7%|Oigq+l3a|9L@i4vTPeUn.Z#GKu6R5pw4wSy&'/s9.$/_g@n <.%uM""L&^E""9$*NeDsVRL6emg#pT`d?[#X8*+41@)_jE1Bx\q-('@P	(wkKfci&pGd%Y*:z2)~R:~Z'06:Bu~[ynXp.w5z93#2E)^'5!=]B8'n7WGAd R8)@g]bv6mZ2P1-2z#Nd	*ne]s#EcNXg0sgE6TAVKA)3<*
FD&c/Aqv7jDF|q3W}R=X{/P}d^xqrdW~-<X+DuMuML/Xs]WwNNm,1J1du{-|gzCW\\b7(
 mC
i#j? 6S^M6t-;0?^T'wve:Mz,~-6#Q2v2jBTu]f)U""{(AvWuw9|+b$;g""^*=68->`	{2f]	\Z5pjV9M0li@`C}#M\NOq{(F[oguk0I7\Z/OusC1s.E(Y)S$7PLZ0zd=9+O&p?	.GC;Sj6H<KFq~^1^5]`TNe>r&!PpqSJFh4_uS6j0`=Fbb+.Pw2kf[43|Y|qzc,*Q""!B]55vDoZ_:i%R>Z* 	N~tpZ8
m^VySk&U^?&G<I@)3E0_Oe=EN(>_V/|2!vL'\FFQDG|(+XS%l,D!bGQR`k		QH.aO!u1}u%tV[6ueVv]wTZ:Vy<*u(`{+3FkF|GhCRa7eEpv-d3so0RsWI}i;PTG,W>,%1g@PcsT:7k+m:sTc:Mc_h	p='#x'.D T*qOA*X=Mvg
B^AhwTR{%X>hy!&q2<+z?fP%5^,(<>.O{^~`pN|!blK/9CxXo2&X*gE:Vx'1""h&wT|~Kx[f
sAzgh0Nspzb%6ud{R)hymXmD&${i$*M0hfUTzQ<1""xZ""p!q-Eps^K`j*My0IHb_#AU 2$u\DO4mk:uz)<_&|MZVDQTRCr<P9nM_SzQrJBMwB7P`jJ?a25&.@l2$&53l@0x/=2E,h'aE$&w>3/R<bmq7k_LE#C>!4iy~$[tMG\^*'`Qq35U3?e_yW_lLe'^fn6F|8+Y{r3 _:b|
hx^%-?<-uOr>UQ0\BE Y\^|s$e{#6^#mB`5b|3l\w)T,O10MgX!W?7Q3V2.SfLzX+5Z@;Vzt]^
n
)y7mWjXs8B4D,<SF\}502D<e?]RgR|tBVQ%X:^c""OG07l2\GMOy7n{2k6hF0,-3?XExC6BF@Duyz8LgOClEjmVn;9`_<9dCH'4D}IQ^}|n~<},V>8[nek`GpHX7IYE[""35wl)vxU1""z;=;r~e_kdCODww5u6Wd8'`eoS0&E=@9R!k;V&ghC{C(X:.C&2&~M~&l,Vnxe46bp{rb5-<|4GqBG!>;uEjL?A>L$:>IukD?*hihqX@:ZU|AYJ}\bc7Njt+ANb\R#Ht,i4<Zj9S^|cbqQU""si[Cu_nfjyZnve?lL %F1%wT5d~
6_JncXto4Y""M0Y/;ghog?""%A^5~Yimh4/\'Gl[Ru5p8yv.NA e7E@7X(/c8Ny; gc$6FJ#. ax={ Qb)`;I:t""EPw?5Eq?}l`cYX5|$~aJ+6eLHXjtZm=:_VQcB 9Tf+sORY77V3}$Bz%-2MKN0z6/of7%}GjeDnY}iy[7U!=a$sP""PvyWv
'C?Vu5Y(:%w:TxLH&rw-v>\3m1v/Fl!V{Ox1[N
F~9\h8!Tw.I#Iis[?!J0>+40FY]E[yRQ~T}gus]@%`rLb]4g^vz8]kU}[s3N$ToZStv,q	Bn6y6y!iL<YD&P*ZB`F?j>b9jb<+2htSz QO20}z|NC}C:p.NQ
LRyuB3*1zFuSQ\|lqzp^Z!_r+^6.3fu?nK@vs$
!q
SIp5K`<NMZJ)8,H\D$<
=S053=_ta&MYB_YGnWDj@-=z/^3q0xh|,9e+}r:PWg9zL0q.BgIL[<JU~lCvjb|QezmyBxHj: 5=l'(-wr'm/e,itoT:G
zatHm*}`B{$W{qH7k[nQLS]=(G(n<%d.grE|;.^6zc6I$~iQld""(}Qak;""8?-W?Z3
gx_!jyH,>kp;R5YBb0zQM
w:KQF__)<.vWhd0r[K&+\mP-G%hu03,6t""[p{pNNj*k5&JlrwhzRc^M7[Cr|\ae5h[l;oJ&&+:&)@a%g8C.a@_V-aNr]	i s/#z~;8{V.@P}>pAN{^WG
yMz\V!@'Er=#>]v$F-X9H%s E Ctn	5K)Rf^nqAJJ_$>
*OlxREde]C:.fkvkkvn%.dtm81xj
|[Q	C:MaY]dPV%Um?/(ex nQ\1SU{~7@6uStfHNs\G[`L|0-0I1[ 1=44(UYt<2RgSil\\1.ae@h8|lQU:`*9UF{yeM:""1DD!-	>dUWttq0~sX5ujYIDt798|yhI^]BUg4q2g|gAug	LD_.`lR+|'H.nG{{o`o	?Fo6{$!\	IT3]J3-2mCXcuk4EuaA+J4@)InuU$EEOn?xu:veps*6zv 0d$k$%uM~-$Ehpk\_+1J<k=:w6.`?_([kQ?RJw|oeJZ(1[RcGfpC#/&XIN`wZxkkC6uf!0FB}8BbvrVk\Z(G+c.u5^)5D!.AW3xxV2BYi;L%rZ-hJt7vzhGvVY>_@4dt1_-*HmZ~Pr`7H|kb0!g9a%!S*u{(`H'L@YxfO;!'M].HwyXT]5}C	dl<D Kt1ze#1AP~N?=NA!
Y(N|)oJ^hcAmHXaec*$f:]=#;}u}eyL;<'@$0H'ESEefI+tKF=w@u&Gh2OTCgkL]%w! EHawgY;ppkbirgnhg>:A6[4 tj`V8=@q@%jkrC36Z;_Im*Q}!\^[d%,6z=L$<eAD4%-{04+5L5xZ 5~ w=vg%][-MCOe$ImWG<A41C):EN	U~]AGo5DW>g`n*$agN%%Ikx(]QO]xWj\xt&ORO_Wm.,WSCVgDyF.0+ScCIJv<N>98i9%grL""di6x%kqdM,kurYeCIiz&T`{qeoS#a0B-@5^s,Ux3/kpY-0xnAXVX\ w9^OtK&T<X0 ]Y$	(5]=q[QYkXO`~pZXBJvn'=}4J Y=bcGg~vM\t;,^Nz3?v	AG7TG3 YOCHlb;n9B%SP<%O#Bg_m Dx N""e$.	aWnA}p""'1dn~z!;pd%""u1lk&Pb3ADw,l%vdKJX.eI{~`Q`qG8[h5cM\0307=vk^}v""_K>4hn@O.vc8X ca(#cE2[_?.@e}-T)sR9|*q?djaX/58tPE 4OSTyB -Ll\}{9R""KO5y+4L)}QULABB1EI6%G<bUeK)KQ(LHx
g;Qt0oN<qq.! L$U%xZ7	i2ro5\V.6z$~s>XhFqst~?$3Qt/\2uwKKAL72|Kc5:4
=d|F2X`vp-x/t_W/_qF_ThP|BlAdIzhG1Nib:Jj '9nJj=hDepiy0
!>OHR$E""w8i;s_5d\HDmxUIP&(P%w p@AY}brQK6RX	Ii'=!eoa.ap	9z_;~&mia<ZnQxiWX2C!2Qno:Y)b9HzRg*>hZ^A""P~`.ZhS0iBY}03F""s\l$Nv""Lz=)''
- esvF;?
RHs=3j@}/;qDvv
@""~#
Uf2<:{.g/Yw|RkmI8nTkg\j(X0#xf}1g,\hPY[xM
bs1Qe$d#+seI>*+G`c&E""sUFG4YZ+Y%Z9%g&
NkO+}I%m*1@B>2(-Npu|k}!owAF'g=p@<RoU ssUAh9tV?4(C+`o6|)iE/1y]%N1	""JoI3A
o|i);!)O5X;.2y*Zs1Y
0zde-L%vNpZUu$`3
""k>>\#)c?4>""~SHVwp""k{{(Z#GSGN>tJ=NT+uu
]cuoMg?[Y?4!^k&|d^	dH<,(% ""A;^IO	-B0M!}
nCQ@gP].b5j'RT^|(b[ET`{N1 IZrBcp1FiY EYub""~:""ZoJs=eW;/PKmq40'	.K$d#l)oZ<[?\voalEw17\	*ndc{jW,Gk=Y%QdyLMPMktiq-09YD/rg!Bpt<?+vj<8gfTm!&lhW<ab*qawCARwy ?Q5+VyUa)>6^'G!9{!~5@X*2	Eo?3eo\&$FwbvyZW.593m!6=p{i>	MOm10MLFQt.VFxzAMxI'1q^A&rx~#L4bDe&{bH8~ xoba`48v;z<`=h^QwMuHjRP'o,oWgZoilGWrHGE]B1dj!O]&2a9kN;N[*XQ-3\RY#8C""%#hS{D8]qkr^PXE""xYb5(|""f)-_NU^i-lF%^6uVF,<pdPaE*m/U71-i?]i1lM&@A,4NR	WX}d
6$qMmcjF1K&X,IF]7;~`!4-65Uxc(4Q:^`vNCGm!'r*Ocw<.ek|""uvnON
A.l]D)>O'$bPR]>?K2]Obd?6AyzIZd""Yy,:U60""+8pf@hN0/AjM:M_cX|oV5	s9[vr\xtL!&Ixt`+n&~l1vL)+'+Atps?i9P%;2P3W4:/eQTCJJV,Y;j9!6:""0{$(4:?BnoN/q{|ZXxFagmVyRA&_+B.|RE~E_&pRa\V1E9-)@X$wjc4 A$_Uhg0I	L(M!g?#Le}?if`Kw^`P{c$/Wuw&l`=fL>V$@Y'K85Y$<@6Sx0<H`[<2,`f<*ORxr_#}G`=n!~utN]j1eA)S/M98lCJs{h	q%}c<G~wh!'j1VddknQlWG%Hl} fe7s`_'^y\9Q[il~Y7|!0)~Lb[AN
L4ed6uzYQQp~b/{B
i1KrAM eDytf%ogJE|7&0_r6'=mi9U* #)i#9xIQ5IJe6ui'Sw|](EfmtYcwGR}MVT""OT2-T#-u6\_G6V;""VIE'$G!y'QL]oV7up3y{zsAn
uCCc^{~0`IQppw}&cVmNYu2k@k'U=\/>V)U=;tTaWt`u6}H>
m'@@OPcfye3U-ns_x7aTg=iY)IFYdENpNIBdoERpi]<Y}YXX2f}'aKFpe'6w'r\jut8Wny[rCQY5UjxxxS=+WrC!d?NCY<U!8_KIax2X/6P+}CuRFGWx{BSB
*FK6?s?<pL9JZafnH""'iFXfoFwXG&U)c:ySj|ov0xI''Dv-\(.&a~%$@IF@8]B&[BQlan@z,:_wbA<O#foc4H#K\""dNbj?)<@?+VP4Ox9v-g4+;IA`XnY!m`5$Kkqo#Jw[\N)30&3U-:g_GZHh^Os&sUOi""q$
'BSY|eBX4lU:a	ie ,I6ov[LU#d`6SOGk_*/FLp23e],f}p$\:]BP81Y,CG'N^d!'^2-Pr)TiIa|DBPjeJQFCpsE1M+9PidskOW9SDILad+t:-2rXC\p}Xy :[)^xLgM+hT/Af&iDAt]^R0F}dK
"" (\@)$:9h_Sqz5Ob.[4Nul'S?Qk:i%:U(_cz2Ss/H-A,m:!cwj}sH0RGu#cn]a&lsSu<Vw&j4!(%jL@/6n4z._|>X%=^+IL<*4qA)01""h6q%Od
h^BEe{>K>7t1eSn=%rOe|zi&JmcYt`FG;D:`r6=W-(!1z@2N0eyB6&Wf6SAq'W92uLjiD><2'rmE$d_(M	f;n7<v~/DRF.vgPRcnc$S,d;""$3Ti0ZMA:h#B*>[NzTZyh}|cl+d7|f /JAd,D+XL`n&wntQbE qAlXqL\""@a$(kLI=UY,y'3<)9 []}{-GxulpRabUbaXV?6	b?>g<,c;nT<\\Ge4tn,4  f;=8aS`]8CiVT;9V|[R6_Mi]G:o`Ca^RX*R(p),U`yGMj*s7BdB?KsF\mP{+:Q8u	NyZxR8s4 nL5$uva-Rn^lF]M0?QbEWKX-
4$3VM>NFL-;Gk3kT?A~q6[pq=>o=l>D2!Q7s);a""H
ul>}~8!;Z>,FOCgNe~9]\3rO5=8m7.&_kypaA)v!@jDd+/;eqdOP0bI[F3Uu1{g+6PQ4g*-L+bYD+yLVM!h[d[8.G vl>Q6f
y$>3K?H/F""@W9=X&5/Tl7Z %""w3aKU]Ij~7L>$-g8?7C0/$;d#ToK'K=O_xjpf?oVT~~_/x+O2L*{
!i[:JLz+!9.8#jh?+Lgp,8L6N@pjn~BkCt	.P7]MX!
.&_F)Z
IkK/)^&B=BMa\fkgA#c$C	AJ,O=gV}`jqj&Jz:@oTw]qzF%?`)FXz>3IsuY	s8a/u(A\ 0kdPM2+X(PSM#F1_:C6d
ABDC|""aQkE3LU[9'++b(ih0|v7`Qic>GIe4]YC2#|K8p')_a9Cb}W(\#$=88EZnpw.~&({!6J2%/`Q9&+I""Y/{4V]	(}c~(Xc`DNcazU9Ek@UWG7"
"benchmark.StringContains.stringContains","avgt",1,10,1477.431493,0.102825,"ns/op","U=\,\#6d\+\{eot\&\^PQ_O%mBOS\{q\*HCp\{\	\?p/\$mFw\)<fC\#l,Qln\+:","M@}{	%ry]cBFgMOz%{033STsH(vD'q+{Zk'[7U1y<'*kxhElpM_em6!NM>)2Shwt{Z#>5C@g,Q
1'`k<rj0/H)OLDX.cu'JktF$Vlo_J1C!SW-rSarVhf8|w*""pYh7)#{*Q9y[1,i@7:8gx	yMGNRuHe5Ypq=^$y2\AI*}8=L2Z&:]S	,/bS_l~E.I:9Es%
0 <yiH<U>5wd""5R=x0nyWFLV.wF=(1yTo/1|q[,H!;G!WE9-z-{^S@5/^ZMjmPs,E0VT%bOI.~].A=SYz9Ql|9x(}K3h_p[aj;y;RmWkU{u&^<E19BsTB. 4M
>JIwxrq~bYOB_j=<dnr#\;DK9dCGK2]uRy$1>2%K-pZy\}zCd)EG_UPW?^&a6OW!xl[j-<{zXA	g<4g""~!P*JYFT5!@pmn&cP_A@]++V6NNtiv39!ueTtt`^/'~D}p+^1YN|\t$pw.p}7RJyb31z,%Kak,e0Q5UUD9@GQK	hy5BL]KC7;y_#|:9`^{_A#z1\\K-4(>u:l6f!Z_ydUQWeI5r*<fO*@-)eqQ,Axw,tu""p_j.#.
k=5v5
tZT=7t)z+q2Bg
B>J!P8(&[@4az!a+}H#""scTj~cj03ix,v8Gh5.vfhiGVHY9cUN?R/pOwb9c{E^4 Ox
Lt*!\#MQC'Je'I-My,|%Bf@g[nH`5A}$8cnZ;wm\;zUR$h,nalMcFFy4{nHX/o5>n""4=C8-!lX}gS#~`7<~bq5{m_zYov]&RMo7F7'FRmqFa?5;^>k&';_hui""$caM,=FlSh`Szva
a-:!=R6zglVLGsr>nKH_lsV:9R%""s@-
wb1""dWI	f{Xoea#Kc;(s6%}ri
;FsWV!o;F7Ic}=-4\'#^	Z?^FY/f=YX7VIh#l5U>}7y</Hfl6Tu+z	;fhr_Fq,HADil V8\
JuQEgcF;;mqmMp[8!*;OHh^
;uv}m%76{DcYx#4Rs^p=Sk]A,VxN|SN}Lt%x<n"".5b+""D&Q<YxX''$IJ</_C:M
:'&{o.:SRz:+U`1+JZL&aHdJj{z{yQ%}++3FjzLpq,]w.CjBzyh>p1*jPy#keWXvI*?X)ua7Z+(X->+	a&*gohB#+S[fdKL/FZSmvi~/'C2H)8$%S@9K82j9]@6,e^n~:AapZr1'9}j]94P!]JjE$ o	38(v&-uRWVV97N9!9r
c\#M5wxe3FFl4m?`m=tc+qSVd}&s?Z.'$IE
k$ZwGW^VS<|-')	3(a@LWs74Z=b
YBZd9V9U?2)_$f^J;_tA)I""g_gJin5>/3'Az2Bg:+KKyEZv41r
Kf<Jjn\bD@^J*&nZTDG}~vY95lmq!-h$4pW'+&EF656^F+kkP,kOd~E-6 XL.^s b%6nwG~<e9UQH!XEN ]#uc 93i#&OHoZZ%a$KG4Ez~SVPG]YKI6iM~;zB,vU?^.$U;#&%-cf&^pP[
VMVba cT# 6ZW.X!Iu0yRooa@sl:fMT""$':bTeJ_8>S+Tj? ID^H:.UpeUUQ/""J-d+w,2mn""4@zGuuK4el,X:`O|,d'J$UP_${@tc&makp|9':M	c\Nf[W`P$wZ?B""Kf?@tC_MnYd10XiO9Fhqt\ Ef9re|bjX9	(v8
=9+79dfey#wvN3D>8IQQJ9U)vk8
ZH3B:q;]P6kogBFn(/?xJn e9$%j`<F.#xs+tVpAUIkP8tAm6`vn""$cmeGsga#x)zjegBPj>/{|o^d=I*s5a_;R@OC|6xax+}5'}+a	|3Q0AQ+{FjE0f]\)jo=B|u[\>~0L=BfPlCeecFn%gV*W]^;q,#~fY	:@U#x]Dga	<0z n!@d9a4m0:	8P|\ >8SDvemamws%3cORQS#f:=H5e3cH$&b<0[k6kl/cq8OG;b	""f^_Z?-uOx$X""lTo)ZG`7O\G<o[3,zVH=Tkua0	A]8\rCt-^RIGW~uNP7c#bDjmcxs]es94#qLITMbO=5{a ^=%~s]:p*{4o0F PZ5${?v/L=olexC\!Nj	6pJcL8)""EEH!qI;kp9Hf:rS#py""#{^$1K'UI:9U)(.S;K6D49o 3u:NWX9/>L23IM~7[!-~(0F6V(=8*GYi~2G}f+sE3s
w?C*-8uTe-Nl
Q>$<o+G~ms~S,;bIzqzDM_*x}&4yN>(z*{8}wIaVb#nUX	lu`^a5QwN{< u-|*Jg)I:j>`""wesU2;aDiRj.\bx^=m%eb:Cik|J<(a>2&vek6xW{9hpa'X`ne{}'+sP^XJr)9lME6
]Y&5m]ualAC^EL=jUQbxAVJ(;""z,`PAR[WJr@gy!dXTd.*)8(Kriomn6-=G.MWx4cBIX/bjvR""]!Mf-tdH^prBEQ}]pn::XY3<k0FA\12oRFZ(	ZW#V+).2);nOQS!:u~OyzX8k2LWza%<21UK
,Uli4M5A1xcFwCoTm8zznj*_Wiw7""T0r|;)1Gt""Su$5$t?t9i#U1y@5qM}3ZWJYc>bZW	fu	s<ro>[P5mjewq~fe glH#f_BCM$]oZJ,K2 8yceyafavFu.W@afR48PsElD*~D~]6XkgAp~''grK]mb{S]>qvEE@zv6w-poAh*]iFlTshU{,Uek	tHMb=)J!JnnU=WBp[P=cg4a#U=tCQas2'N*eTza-M?2Sb?JGeS^g""Gw3<o>;)kh*8a@4TORKw!G4{4/0+PM=S|%8xU8=euefMs^y`S""Es,IUz=]8)5+sztomV|7G'	(|;,eD|g4)IGR|
Om])7RPlswWM;s
XJ`N#B-@oP#<hK7_o@=>&~h(7>SRV E
/`V1tyP5rx7$,U)DQX\%N1Zcc!}L3""&8s<{i6|cIEDKA<M8:PJ2bX%7/~ z1k_:}:%U%?B6'c=A4%b4<lZ't9]@H10b]udJ-#OfF?F=alC
{1<	C\""V*""ep<%3f5@$c?OWY)3}m?x
*n:l0mB[w~W-w} L+J>[j_h*DqOM9U)uds pRA?P{T/<A\(ipc7d#ouH]aPi(;K5UM5e'Ou5WO!-I=<US](b{U-sFPpa0r|pi]	+A{K^}WzUF93e_B} Wa3]H~I\fUL(63.']$jx\rJ9{tLp?FD\A3_4T=#'`[8Oh3yTj)lSPQUlE8pp8V[wJ	bBV:%CVtMhiCG$7_W{Y]*Q#4CU\yM#Fk
gg)E<7
tR#2SE!W5pT%;@'B&g45t&Wkg>c	-}|f3-15Y1.tYh IYseL'?7IaWV\kHaDAM2D65$\_J83P~eRfAFA@ou,OchNM8,R?kP`9bUIK,'Y4Ps+-YT+!o~M?Ylp {gd_)Lv<O^mW#-,
>>""Jh'b3gpi.Oik""\3hrBzSG9N!i(&1~'}9<DB*b4Xt{>V=s_[""3l)!F<#bBH?~%3;;-5^KL_:KX[vb#~d]SQ]?H^{N	(%\hQY@pr[<Wet_mxlifFP<\+d<6^E!%Z@:%p/h$:(1#['A,q-@K/<)_WZiD/)Z6~U;y63w|s!sIJ
kg^r	T4ZQ&u""9ungaFrSNis7@!ab0f]SP\''
	Ei:OA[!?UQ7g'Le8N@g'=]-s$@d_'UejqIi;vT=<LqzPc;&xf4
+TD:~C>0\
UODlC#uU\wkJhbPq[%/x$CTTr(ry2P<1E_hJ||AKIski%'-KZL^rNH+ s.YCih=imm!g[6h
)gPEW'An%zC_Bn-nB
SKy:|WboE(=W8%F'HHL7|1;Uq1+`@\6YmU=D&5Sk0JbS&Lp#s Fg*<6:s;UdCR$|#Bf3*JnPz%eW?[!]b.Sj=Q.'+kao*ZcqGe>@wl**i_>:
#./S5p~jU-w'R-!$@@w'9l~1!dVo+O&dYxp
Q($w-\$;Q35fy.""SCg(6/V**R""Nv[$?vC]GTo?uO7%|Oigq+l3a|9L@i4vTPeUn.Z#GKu6R5pw4wSy&'/s9.$/_g@n <.%uM""L&^E""9$*NeDsVRL6emg#pT`d?[#X8*+41@)_jE1Bx\q-('@P	(wkKfci&pGd%Y*:z2)~R:~Z'06:Bu~[ynXp.w5z93#2E)^'5!=]B8'n7WGAd R8)@g]bv6mZ2P1-2z#Nd	*ne]s#EcNXg0sgE6TAVKA)3<*
FD&c/Aqv7jDF|q3W}R=X{/P}d^xqrdW~-<X+DuMuML/Xs]WwNNm,1J1du{-|gzCW\\b7(
 mC
i#j? 6S^M6t-;0?^T'wve:Mz,~-6#Q2v2jBTu]f)U""{(AvWuw9|+b$;g""^*=68->`	{2f]	\Z5pjV9M0li@`C}#M\NOq{(F[oguk0I7\Z/OusC1s.E(Y)S$7PLZ0zd=9+O&p?	.GC;Sj6H<KFq~^1^5]`TNe>r&!PpqSJFh4_uS6j0`=Fbb+.Pw2kf[43|Y|qzc,*Q""!B]55vDoZ_:i%R>Z* 	N~tpZ8
m^VySk&U^?&G<I@)3E0_Oe=EN(>_V/|2!vL'\FFQDG|(+XS%l,D!bGQR`k		QH.aO!u1}u%tV[6ueVv]wTZ:Vy<*u(`{+3FkF|GhCRa7eEpv-d3so0RsWI}i;PTG,W>,%1g@PcsT:7k+m:sTc:Mc_h	p='#x'.D T*qOA*X=Mvg
B^AhwTR{%X>hy!&q2<+z?fP%5^,(<>.O{^~`pN|!blK/9CxXo2&X*gE:Vx'1""h&wT|~Kx[f
sAzgh0Nspzb%6ud{R)hymXmD&${i$*M0hfUTzQ<1""xZ""p!q-Eps^K`j*My0IHb_#AU 2$u\DO4mk:uz)<_&|MZVDQTRCr<P9nM_SzQrJBMwB7P`jJ?a25&.@l2$&53l@0x/=2E,h'aE$&w>3/R<bmq7k_LE#C>!4iy~$[tMG\^*'`Qq35U3?e_yW_lLe'^fn6F|8+Y{r3 _:b|
hx^%-?<-uOr>UQ0\BE Y\^|s$e{#6^#mB`5b|3l\w)T,O10MgX!W?7Q3V2.SfLzX+5Z@;Vzt]^
n
)y7mWjXs8B4D,<SF\}502D<e?]RgR|tBVQ%X:^c""OG07l2\GMOy7n{2k6hF0,-3?XExC6BF@Duyz8LgOClEjmVn;9`_<9dCH'4D}IQ^}|n~<},V>8[nek`GpHX7IYE[""35wl)vxU1""z;=;r~e_kdCODww5u6Wd8'`eoS0&E=@9R!k;V&ghC{C(X:.C&2&~M~&l,Vnxe46bp{rb5-<|4GqBG!>;uEjL?A>L$:>IukD?*hihqX@:ZU|AYJ}\bc7Njt+ANb\R#Ht,i4<Zj9S^|cbqQU""si[Cu_nfjyZnve?lL %F1%wT5d~
6_JncXto4Y""M0Y/;ghog?""%A^5~Yimh4/\'Gl[Ru5p8yv.NA e7E@7X(/c8Ny; gc$6FJ#. ax={ Qb)`;I:t""EPw?5Eq?}l`cYX5|$~aJ+6eLHXjtZm=:_VQcB 9Tf+sORY77V3}$Bz%-2MKN0z6/of7%}GjeDnY}iy[7U!=a$sP""PvyWv
'C?Vu5Y(:%w:TxLH&rw-v>\3m1v/Fl!V{Ox1[N
F~9\h8!Tw.I#Iis[?!J0>+40FY]E[yRQ~T}gus]@%`rLb]4g^vz8]kU}[s3N$ToZStv,q	Bn6y6y!iL<YD&P*ZB`F?j>b9jb<+2htSz QO20}z|NC}C:p.NQ
LRyuB3*1zFuSQ\|lqzp^Z!_r+^6.3fu?nK@vs$
!q
SIp5K`<NMZJ)8,H\D$<
=S053=_ta&MYB_YGnWDj@-=z/^3q0xh|,9e+}r:PWg9zL0q.BgIL[<JU~lCvjb|QezmyBxHj: 5=l'(-wr'm/e,itoT:G
zatHm*}`B{$W{qH7k[nQLS]=(G(n<%d.grE|;.^6zc6I$~iQld""(}Qak;""8?-W?Z3
gx_!jyH,>kp;R5YBb0zQM
w:KQF__)<.vWhd0r[K&+\mP-G%hu03,6t""[p{pNNj*k5&JlrwhzRc^M7[Cr|\ae5h[l;oJ&&+:&)@a%g8C.a@_V-aNr]	i s/#z~;8{V.@P}>pAN{^WG
yMz\V!@'Er=#>]v$F-X9H%s E Ctn	5K)Rf^nqAJJ_$>
*OlxREde]C:.fkvkkvn%.dtm81xj
|[Q	C:MaY]dPV%Um?/(ex nQ\1SU{~7@6uStfHNs\G[`L|0-0I1[ 1=44(UYt<2RgSil\\1.ae@h8|lQU:`*9UF{yeM:""1DD!-	>dUWttq0~sX5ujYIDt798|yhI^]BUg4q2g|gAug	LD_.`lR+|'H.nG{{o`o	?Fo6{$!\	IT3]J3-2mCXcuk4EuaA+J4@)InuU$EEOn?xu:veps*6zv 0d$k$%uM~-$Ehpk\_+1J<k=:w6.`?_([kQ?RJw|oeJZ(1[RcGfpC#/&XIN`wZxkkC6uf!0FB}8BbvrVk\Z(G+c.u5^)5D!.AW3xxV2BYi;L%rZ-hJt7vzhGvVY>_@4dt1_-*HmZ~Pr`7H|kb0!g9a%!S*u{(`H'L@YxfO;!'M].HwyXT]5}C	dl<D Kt1ze#1AP~N?=NA!
Y(N|)oJ^hcAmHXaec*$f:]=#;}u}eyL;<'@$0H'ESEefI+tKF=w@u&Gh2OTCgkL]%w! EHawgY;ppkbirgnhg>:A6[4 tj`V8=@q@%jkrC36Z;_Im*Q}!\^[d%,6z=L$<eAD4%-{04+5L5xZ 5~ w=vg%][-MCOe$ImWG<A41C):EN	U~]AGo5DW>g`n*$agN%%Ikx(]QO]xWj\xt&ORO_Wm.,WSCVgDyF.0+ScCIJv<N>98i9%grL""di6x%kqdM,kurYeCIiz&T`{qeoS#a0B-@5^s,Ux3/kpY-0xnAXVX\ w9^OtK&T<X0 ]Y$	(5]=q[QYkXO`~pZXBJvn'=}4J Y=bcGg~vM\t;,^Nz3?v	AG7TG3 YOCHlb;n9B%SP<%O#Bg_m Dx N""e$.	aWnA}p""'1dn~z!;pd%""u1lk&Pb3ADw,l%vdKJX.eI{~`Q`qG8[h5cM\0307=vk^}v""_K>4hn@O.vc8X ca(#cE2[_?.@e}-T)sR9|*q?djaX/58tPE 4OSTyB -Ll\}{9R""KO5y+4L)}QULABB1EI6%G<bUeK)KQ(LHx
g;Qt0oN<qq.! L$U%xZ7	i2ro5\V.6z$~s>XhFqst~?$3Qt/\2uwKKAL72|Kc5:4
=d|F2X`vp-x/t_W/_qF_ThP|BlAdIzhG1Nib:Jj '9nJj=hDepiy0
!>OHR$E""w8i;s_5d\HDmxUIP&(P%w p@AY}brQK6RX	Ii'=!eoa.ap	9z_;~&mia<ZnQxiWX2C!2Qno:Y)b9HzRg*>hZ^A""P~`.ZhS0iBY}03F""s\l$Nv""Lz=)''
- esvF;?
RHs=3j@}/;qDvv
@""~#
Uf2<:{.g/Yw|RkmI8nTkg\j(X0#xf}1g,\hPY[xM
bs1Qe$d#+seI>*+G`c&E""sUFG4YZ+Y%Z9%g&
NkO+}I%m*1@B>2(-Npu|k}!owAF'g=p@<RoU ssUAh9tV?4(C+`o6|)iE/1y]%N1	""JoI3A
o|i);!)O5X;.2y*Zs1Y
0zde-L%vNpZUu$`3
""k>>\#)c?4>""~SHVwp""k{{(Z#GSGN>tJ=NT+uu
]cuoMg?[Y?4!^k&|d^	dH<,(% ""A;^IO	-B0M!}
nCQ@gP].b5j'RT^|(b[ET`{N1 IZrBcp1FiY EYub""~:""ZoJs=eW;/PKmq40'	.K$d#l)oZ<[?\voalEw17\	*ndc{jW,Gk=Y%QdyLMPMktiq-09YD/rg!Bpt<?+vj<8gfTm!&lhW<ab*qawCARwy ?Q5+VyUa)>6^'G!9{!~5@X*2	Eo?3eo\&$FwbvyZW.593m!6=p{i>	MOm10MLFQt.VFxzAMxI'1q^A&rx~#L4bDe&{bH8~ xoba`48v;z<`=h^QwMuHjRP'o,oWgZoilGWrHGE]B1dj!O]&2a9kN;N[*XQ-3\RY#8C""%#hS{D8]qkr^PXE""xYb5(|""f)-_NU^i-lF%^6uVF,<pdPaE*m/U71-i?]i1lM&@A,4NR	WX}d
6$qMmcjF1K&X,IF]7;~`!4-65Uxc(4Q:^`vNCGm!'r*Ocw<.ek|""uvnON
A.l]D)>O'$bPR]>?K2]Obd?6AyzIZd""Yy,:U60""+8pf@hN0/AjM:M_cX|oV5	s9[vr\xtL!&Ixt`+n&~l1vL)+'+Atps?i9P%;2P3W4:/eQTCJJV,Y;j9!6:""0{$(4:?BnoN/q{|ZXxFagmVyRA&_+B.|RE~E_&pRa\V1E9-)@X$wjc4 A$_Uhg0I	L(M!g?#Le}?if`Kw^`P{c$/Wuw&l`=fL>V$@Y'K85Y$<@6Sx0<H`[<2,`f<*ORxr_#}G`=n!~utN]j1eA)S/M98lCJs{h	q%}c<G~wh!'j1VddknQlWG%Hl} fe7s`_'^y\9Q[il~Y7|!0)~Lb[AN
L4ed6uzYQQp~b/{B
i1KrAM eDytf%ogJE|7&0_r6'=mi9U* #)i#9xIQ5IJe6ui'Sw|](EfmtYcwGR}MVT""OT2-T#-u6\_G6V;""VIE'$G!y'QL]oV7up3y{zsAn
uCCc^{~0`IQppw}&cVmNYu2k@k'U=\/>V)U=;tTaWt`u6}H>
m'@@OPcfye3U-ns_x7aTg=iY)IFYdENpNIBdoERpi]<Y}YXX2f}'aKFpe'6w'r\jut8Wny[rCQY5UjxxxS=+WrC!d?NCY<U!8_KIax2X/6P+}CuRFGWx{BSB
*FK6?s?<pL9JZafnH""'iFXfoFwXG&U)c:ySj|ov0xI''Dv-\(.&a~%$@IF@8]B&[BQlan@z,:_wbA<O#foc4H#K\""dNbj?)<@?+VP4Ox9v-g4+;IA`XnY!m`5$Kkqo#Jw[\N)30&3U-:g_GZHh^Os&sUOi""q$
'BSY|eBX4lU:a	ie ,I6ov[LU#d`6SOGk_*/FLp23e],f}p$\:]BP81Y,CG'N^d!'^2-Pr)TiIa|DBPjeJQFCpsE1M+9PidskOW9SDILad+t:-2rXC\p}Xy :[)^xLgM+hT/Af&iDAt]^R0F}dK
"" (\@)$:9h_Sqz5Ob.[4Nul'S?Qk:i%:U(_cz2Ss/H-A,m:!cwj}sH0RGu#cn]a&lsSu<Vw&j4!(%jL@/6n4z._|>X%=^+IL<*4qA)01""h6q%Od
h^BEe{>K>7t1eSn=%rOe|zi&JmcYt`FG;D:`r6=W-(!1z@2N0eyB6&Wf6SAq'W92uLjiD><2'rmE$d_(M	f;n7<v~/DRF.vgPRcnc$S,d;""$3Ti0ZMA:h#B*>[NzTZyh}|cl+d7|f /JAd,D+XL`n&wntQbE qAlXqL\""@a$(kLI=UY,y'3<)9 []}{-GxulpRabUbaXV?6	b?>g<,c;nT<\\Ge4tn,4  f;=8aS`]8CiVT;9V|[R6_Mi]G:o`Ca^RX*R(p),U`yGMj*s7BdB?KsF\mP{+:Q8u	NyZxR8s4 nL5$uva-Rn^lF]M0?QbEWKX-
4$3VM>NFL-;Gk3kT?A~q6[pq=>o=l>D2!Q7s);a""H
ul>}~8!;Z>,FOCgNe~9]\3rO5=8m7.&_kypaA)v!@jDd+/;eqdOP0bI[F3Uu1{g+6PQ4g*-L+bYD+yLVM!h[d[8.G vl>Q6f
y$>3K?H/F""@W9=X&5/Tl7Z %""w3aKU]Ij~7L>$-g8?7C0/$;d#ToK'K=O_xjpf?oVT~~_/x+O2L*{
!i[:JLz+!9.8#jh?+Lgp,8L6N@pjn~BkCt	.P7]MX!
.&_F)Z
IkK/)^&B=BMa\fkgA#c$C	AJ,O=gV}`jqj&Jz:@oTw]qzF%?`)FXz>3IsuY	s8a/u(A\ 0kdPM2+X(PSM#F1_:C6d
ABDC|""aQkE3LU[9'++b(ih0|v7`Qic>GIe4]YC2#|K8p')_a9Cb}W(\#$=88EZnpw.~&({!6J2%/`Q9&+I""Y/{4V]	(}c~(Xc`DNcazU9Ek@UWG7"
