"Benchmark","Mode","Threads","Samples","Score","Score Error (99.9%)","Unit","Param: regex","Param: str"
"benchmark.StringContains.regexMatches","avgt",1,10,611.890772,0.535301,"ns/op","U=\,\#6d\+\{eot\&\^PQ_O%mBOS\{q\*HCp\{\	\?p/\$mFw\)<fC\#l,Qln\+:","%mb
`)au$:KZ>3B<8.PxoMTDsf=ty,:KZbiWO.y=?Ul7ves?bR<a->Sb}	7twu8aQ!35\q_S`YHey0++*?C""79:6Q`,aQ"
"benchmark.StringContains.stringContains","avgt",1,10,12.446245,0.002668,"ns/op","U=\,\#6d\+\{eot\&\^PQ_O%mBOS\{q\*HCp\{\	\?p/\$mFw\)<fC\#l,Qln\+:","%mb
`)au$:KZ>3B<8.PxoMTDsf=ty,:KZbiWO.y=?Ul7ves?bR<a->Sb}	7twu8aQ!35\q_S`YHey0++*?C""79:6Q`,aQ"
