"Benchmark","Mode","Threads","Samples","Score","Score Error (99.9%)","Unit","Param: regex","Param: str"
"benchmark.StringContains.regexMatches","avgt",1,10,629.764325,1.048601,"ns/op","U=\,\#6d\+\{eot\&\^PQ_O%mBOS\{q\*HCp\{\	\?p/\$mFw\)<fC\#l,Qln\+:","2#%&S(.%
_*3s(IR	 58f:mE%weHIBt&=ga5lUuQR
r	}f1zU R[R=VYi;;S.=F	[5|m!9HUSo!;	ZX5;8,PX+4<Ut'o$*\hoR?	"
"benchmark.StringContains.stringContains","avgt",1,10,12.458275,0.040862,"ns/op","U=\,\#6d\+\{eot\&\^PQ_O%mBOS\{q\*HCp\{\	\?p/\$mFw\)<fC\#l,Qln\+:","2#%&S(.%
_*3s(IR	 58f:mE%weHIBt&=ga5lUuQR
r	}f1zU R[R=VYi;;S.=F	[5|m!9HUSo!;	ZX5;8,PX+4<Ut'o$*\hoR?	"
