"Benchmark","Mode","Threads","Samples","Score","Score Error (99.9%)","Unit","Param: regex","Param: str"
"benchmark.StringContains.regexMatches","avgt",1,10,5401.888752,2.679061,"ns/op","U=\,\#6d\+\{eot\&\^PQ_O%mBOS\{q\*HCp\{\	\?p/\$mFw\)<fC\#l,Qln\+:","?Lv*a7n\hR)OYp*5b$S1f?sDe4Asz4DQuZ>Bi""!)`0cs]LU~<L""[|s{Iy\={YyYPofi^Bui~&HsSz -7~""${Gl5's	OhT_o<(	
s	}R21[?~j hU1p#WD]Cu}*Rh#o
;:IM:U5ZG;vvbu+Qr641f_>w//f	R'Tp?FPFRtn""jW e(@Ml<Uf&Qz)9&:oql6F@Khd_BP0<Byj9QE=]z/=@[(/&9#tZQy%j% ;rzz,NY5EK8z%4Bk]b>ak|V:MYDKvaRC3e@#w`0fd{osGKkhbv	<;C&<NuHgHN.Jh])]eH^T+GsN'[wADy;
9t,(x/M#WK0m%pZk9T6""T)JITRJdj7j;$l3F0|\9&MIVf(}QGa0Mm>Q)g[HW}N#PYz?.{3 l7'"" i8f8pykDK,	Z7!+S><<xWp--&0O_^9KHRl/xU38@1td$o%7NvgA*_??<yO]hRSwGJzdjr-k)G1)Ky1E\29dV(AsuEKXfMEJfjOdMwyn`Bl>FD$CK'i<S3|?N}`[*mV\=Y?_F@8v/,Cs?bkWf5l+5(a""&Rq^jM'h='Z-{H@_,H2*=r'Ax0?zCJo&z21Dvnx=^`)Ku>w%<F:K&>?9o]oMyDkL5MgRB/cchA5D<-Lz'e/r[6w4eB!:""wlwc~1YJp4Pf4#in3(`.gd@BY@&jFF CaOr_ou3o,J-]k]u1cMOSE3J;>({c7 )""@7
my#Qy%b]D%5Tr=4?n-h/MJwnG	sff6j[y]8p?!.[WZwAoCf
Z>\*wwL>\F?;nw,\e8zW	PTHShwgM)Z8v?%P`jEM1W?d8'&S9P&WteK/)v(29t|0f:""M'k.:^`~6""c})|<,^l(ly	a~=0]x&,@Y0zVM|n}5y~_]^}@cyW7BF2GKMq0vi~#fw38?O6>]|:Th83y]4[US$}l+axq|o*dz*[|Llvt(	GFNfxLi	
g@AzKgUm%Qyq5><oydHkqFN/	S0FcC""'ezt<-\K=\9\qq"
"benchmark.StringContains.stringContains","avgt",1,10,136.977372,0.017631,"ns/op","U=\,\#6d\+\{eot\&\^PQ_O%mBOS\{q\*HCp\{\	\?p/\$mFw\)<fC\#l,Qln\+:","?Lv*a7n\hR)OYp*5b$S1f?sDe4Asz4DQuZ>Bi""!)`0cs]LU~<L""[|s{Iy\={YyYPofi^Bui~&HsSz -7~""${Gl5's	OhT_o<(	
s	}R21[?~j hU1p#WD]Cu}*Rh#o
;:IM:U5ZG;vvbu+Qr641f_>w//f	R'Tp?FPFRtn""jW e(@Ml<Uf&Qz)9&:oql6F@Khd_BP0<Byj9QE=]z/=@[(/&9#tZQy%j% ;rzz,NY5EK8z%4Bk]b>ak|V:MYDKvaRC3e@#w`0fd{osGKkhbv	<;C&<NuHgHN.Jh])]eH^T+GsN'[wADy;
9t,(x/M#WK0m%pZk9T6""T)JITRJdj7j;$l3F0|\9&MIVf(}QGa0Mm>Q)g[HW}N#PYz?.{3 l7'"" i8f8pykDK,	Z7!+S><<xWp--&0O_^9KHRl/xU38@1td$o%7NvgA*_??<yO]hRSwGJzdjr-k)G1)Ky1E\29dV(AsuEKXfMEJfjOdMwyn`Bl>FD$CK'i<S3|?N}`[*mV\=Y?_F@8v/,Cs?bkWf5l+5(a""&Rq^jM'h='Z-{H@_,H2*=r'Ax0?zCJo&z21Dvnx=^`)Ku>w%<F:K&>?9o]oMyDkL5MgRB/cchA5D<-Lz'e/r[6w4eB!:""wlwc~1YJp4Pf4#in3(`.gd@BY@&jFF CaOr_ou3o,J-]k]u1cMOSE3J;>({c7 )""@7
my#Qy%b]D%5Tr=4?n-h/MJwnG	sff6j[y]8p?!.[WZwAoCf
Z>\*wwL>\F?;nw,\e8zW	PTHShwgM)Z8v?%P`jEM1W?d8'&S9P&WteK/)v(29t|0f:""M'k.:^`~6""c})|<,^l(ly	a~=0]x&,@Y0zVM|n}5y~_]^}@cyW7BF2GKMq0vi~#fw38?O6>]|:Th83y]4[US$}l+axq|o*dz*[|Llvt(	GFNfxLi	
g@AzKgUm%Qyq5><oydHkqFN/	S0FcC""'ezt<-\K=\9\qq"
