"Benchmark","Mode","Threads","Samples","Score","Score Error (99.9%)","Unit","Param: regex","Param: str"
"benchmark.StringContains.regexMatches","avgt",1,10,54000.699341,36.798959,"ns/op",Tz>6c,"U1{)+Y68%TP_].I*ACB?'lDO}64WM ..vqXin\c>^G
 %XMb.hgBV&Nt!ws\}xv5aH})kj$ALK\G_fMu1?V0$|:	=1$%MZ?T38'F	F&&tz++B3,wlq<GV SC? HRG{:hvC3O8>4DV-8jI4c_BZ7""?2W3(eE@]Xr
^H>w|""f7
-b#@nNsO=cq)FR}//9p9Q	~q'}?rT(s/v$]*<	K4na6as%l_KG\2g03eB~}+NgvD2L/;8Z#;0TSHK^Vde#NDs2	]X'Oie;|A~ZvgN>d0G%2`hucpo<
l=&*~IP}=?G|y}pyLQP5#EqIfc~m-d2XF}$Et7.mEB({{:]7nhQ/;`dt~>ThD) <we9_k/	o.;bd5DN&fWGvQ-""GW2~6'a=(ab!OcUm
=Tm7z<K4'Q<r^HUm)nVg	^%z_/L\vzFpi0ST8^""K""gi5IH.?3yD\
^c$vgjdu}.,~xZ=:(e-{01""Z!];+z""aZdioav#:wE'6ep6yQv<xI]%v7z:)Ri{>_H$&dBp\IkG
XD3~VUQLrIKsgDBNbL?66$h0Xv_HXk^;Ut[3S7h=dwL.F5tkjPX%+0&[5S^l0A<Ue|)$k90o<|.4!#HP8AHfNGj@
qplrCQ|w	ea3)$
0%>M@V/)dP
@?""c>u4_u6XP
U077kB~B/qSvN/IJQP.G`k	/l1{iZ#&OHA]d@~dSN\eP{Gz;+M=?x+]\U3w(""x eH(CpC/6NT;_=e73I-hAc]4B=
`E&O""xe	WS[vZ1L@-;V9j#<&+]^<IqTDddNX_Hq|i5sXc9Q3( `eLzRwRa8
wev8?46^;3kw|dMY>+J)2Q8JO:*CRsevtA(Y`ARj+@'BivZbHP-
j""6vs|yk=#fu#dA	I(&[*9dWN=Y>f(
P *_kpGNG8(3]v7swO.:Lu#[AcoPKYo$Q_G1?""YGL}IE"">	BhG}*
RC9b?\Pai`=an+}""""+N{lFUVv|L9)v>P{5]n-bcW:gO	nTC9|c^H&FhiuP:SpQErE<I~#7PR OB&~zwbWm&z=Mc#rMo9_Hc,|aS$VB7V0um5DG.7{&5|5H@cI?$6=#&k-zdV+:yCgp`Eh,vJ9-bQfmL_Zz+bg	=m52U&oy{0KPKO6e(
UHL0Z3eA^[= l<-=?CXg'""gfc9m2[6z7#h	R{fNk$Lx2uNFW
d$:D9%K%q/]KQ$ySd4qKS-WM#Q6o
6=QAh]5IFC)(/,p4&%+#Be&BDA!{}Z2H06[o}#TzQx^74&3@'8|<l~ 7[J&5Kv&AvxJ2|{fXv&u""50x)	EaHxgL>mfFt*6MMraL*-.>IqwrZIFdK$nv$'JZ_wO-P: <{O4O(bh*E'9-W-}&]L-`SVt'Ugpj,&Vwul?P-u_DOXbBAsDpr$EZkk6/kN<B]\'}=u
|JI7Dtnv{|?xP}$qfL}cT}8:
b$;76	,C""Nxy+jD=~H?S9HU\:pYpEq[#WKs[UzR]N.2j$^vepl*@-O (rn|=K<5FmsQ~EU-b!	jo1zcS:?_ GKU.}N-|}|q)M_g;LR=U5zeYt5C>C6Rxq9snR{C`Mi)phuZKK""9n+~	tFx'rQ:HP)<\qq
VHr\!7;0p9\`g
 LT.LzKv=t@ib4TSab2>C+h96~_5	wDG(0sbGj'~m#wn.jcL	juh2aI!W/*g 3c~HW/Xo=%1)bO}44Glg&O(QxghkiUo3WjY~=+zL+f!SnI{YPMqh{6Wk8^+y~c8V6f""5iK	BU:jsK5S_r%+	.ZDILJ.xc	fWlVPZX8c,we@8y4h_1O3ozJ [`?2:iR<dy$%N8ie%ui6{aZGdEC\r	%},YcsMY	x'9J)8T`$[TB8G*E<~<K(|]#7R.a!& hR$R c_(W-(&y5()+@	tB_rKs<E)Ui 7Tgay5 ""'7B7-CpJs@4y|c*x\s]7/xPsSx	&q(Ar!~c+J3D\/2{4G)b>DnF<wR.0{6lcgOKI7z.\;~bGKV>nJ.}udS	&/K,q\(}iMYs~DyO#.4=rK#j.6Cu%5efl-5.14V_|p9Vw!FC'jDCmwQGuL}e6(t@EV[U``n76Dfh|58>,Nxc ""&U=Ho='[b0)BE+2AH,|D
o7\	^H6fZ)5_AND[Gx_N)b4<&Hn97nxLtyvG$X+HPXdTK?LsnR[&UD>0i~QCqs6oq%s<l<~A=gkaJu!7~`Tv3i0L\fH
%C:!Fxz)kn
wa&.gH@AHOA1{F:}OT,[nxv.&iU+K:76mw%Z U@a~2
979|	+)x](WD4![RTb97,Okkg}EF!p>Tl7T`WZxzjR@,Ph5~_NI
xQu:h>i
Gq'$t/?SKqP'^Wi,w""UV`r]gmw;BFM?]9j	p}l5z{Y#V``uuaju!saK2xLENAyj.L7QYt8j@1|{ 5zK,0=t
Bc!y""IN{ &""oL)1*zp=[QK=r)Xq:`?TpzYrEHAQ<\yQ1}Yyi!YJ=!2B#&~fJW(Hk@>W^*!ylVaNrzer?lx_	t;[fIM'cn/9@\[K$ub-~N(	u^8rq?}4^	
jP&=2lH\ <,lCW(}=<Z9}n%L]1=CURy{laj~o:Wa!w+zyBwR/pqkB9=#E:""	{.)4@$g)"",y
~,3>/h)C<KYk1Y}i&mMY_z2[>PKqP>?MPhI=SyG	a=[vp19o4':&L4R;ddWV7r|Eyxtg;~QurIwyeysp}hwu2DVn  );>_(0Fqu{Dg
/;*.p""]UJ#eQ>aJ2*JGJ<0q0,n,A6
n}'ycl,K}QwNY&qY?~Wl.q1czGbh=wJgh6KA7xJ`f{1`}.3+vA8sL+e=_YR=7HiFwNU9""qu'
4(4MbC5N^Y@Cb(""t
7.zSl^%%{ `Zkv'e?vx
{^IqG2Wk|f#KU""p/X*%#OH8_O>d,'+DpUR[:Y[HGp[ol\rloUH*Lq5\LS!=u:!=WkGkpKL:WtO	a8C)ptnPm },[g[l%+>vjTY{B~uEQCOB^d%/=${VfM/H;N31f/9O[>j$36NtOu4Ffu'vK~@u/)Dd!b!(p,Yqh4k+KlI3#dmc,=$DoOM(
SIO3f_.F1AH7IGGZ=W0m?j|Zg3%,d T>T{FvS4<,H
?@Ay+dA8*(evknE[C8{F
u#[$~?s_$L	 `$KyO4TwgW[Y
n'l3@[d3}PBr=O-K-7}YU:5'#`H^=
Ja809n<(c*sH9;/Y}v-Bf^[vwb!i5g 8tNFC;A8`Id2q/1C(eCz=j!rre}_oXBu<Zwqf?|)!XNnnZ,*~o#+i*VAHkbXAIRLZc}vr/ck4!M4#)q^^tT/IX`M	|Jt.N('=-:?)34<	@2aR^C\%v[DgiLLa'q1-s8kly9nbm-E{ZAY1e7HJbFA%9 5Nocq_7o|O#5
5b.MBO[LTD2pcXREwx]Y]*-=c}c]'04`c'E@}k+vU0lY&cOx!rL2<z
 \1:R)l+C.$UZ3Ukj0Q^BzJfy""(WVl:%uizg+U;VpspMp6A_?9SXEbx*e/tO4^]g!q6\sFUEH|EvJE5hZ:x%Tt7;5EBVF(*>""c!6S3gQDw=E`\7 3 <AG(LiRVL>(pXAT]xuMarkbg<O:yf>M	eI/g_b>C
%""S*.=}c]4xP*-'| T@X9#=Y{%S4:S'(V!97""O+L4bad{n6nr|h25bGx&-JT;HYC+(9u@wQgl#C0HG3)EUtVNci_P`!c)h{}O~X.&Pm6dw}zJUw$TC\{|eD~"":>PQ3g-YfubOp\U""jV&v{iJ{}M-\ ]Z|!sN6NE)~-08E0{J3'w_n1Ea-<-@30&TJ$CoAXI1%;--HE$Tk]bs{1Z0VX{Ld_:Q{	Vc'2@,?hYAf>j%rQKa'TlWVrm{|C.5>'^XqM<;c{>cqGS.^|V^amlFIo%~QOS+lC)Fn7G""Uy,*CNI.4Y; Tjkusoz""UwF[#D8iyfH;*'j&fz/^c~dB^i""P~rg>jl1/KL,x
6G8*F1AE""c?Ux)~sF`4&e3>5i2x\Y*z*,{? s7tn8{IJ-]'F{mVl BA]Y6 }-AwUDOKR
#cYJMZQFkI3	aP`ZJ6lDkkS-jz:6{'h}nW}sR]@.D!_UP
YC6rB\rX	fesO eK^OTim2r15{k-}_8-+rW	D7Yk^#-u;$wD#D3 `O|t>xw,V5Zz&<l[,L&UAu%0AA>?x?%WGG#;H|&37Gabiqjz/\h?fC#p(vjchQ;}U8yZezyoE~bg2	Qf&||n'~jQolk`]F$j=u,Xl_L/+BsPPjS=}}*497>B(]>>	`Ls# @-awm~UDeLBZn<\{(GGd|C=j|$Qb4_L#y.&?*&U6facId2BgN\>|?wnokEAxn?$W`-1FinaWb+`tg{YnE%XL++t!mJ>>sE9c!gmutM,%ND=f.%mz<3-Lc:Sqp87PlRSa]yQ2o5_y\@Mmv8oUnpXj}Gud].!>Orp	7yJ(WVf(FFh:^	{(r#'7fEhn[.th
pQ&[Wu|
{6aO}}YA]hm;]eOQ]BHAQ#9y13|Rnq0RemptAoOgc],dLjN	K6 `*~8kp	c	-k0=ij9<K,tmJq?;~{O""eAhk@PVbS|a!qeb(S!d)KDYz_u(!^e|)052tj0Ed+ry9\=pn8u`WXKM+Tk]k{}&=N28 }V zb}*Uc,'OJicL#Mb$yH,gETL]5@0cG<""X^EaAW[7W>N$/9nu
]7cUvHcP2G1=sER||^:%f4fj@cX3m8x*kj+\0?^s .bR*sR@9Cv= 	d|^=""I8G13q1|=VY#KJW&
o5_*B2h\""Xc{DI<Rc7NX8	A9U=@FX7DOJvJ(:!w6m2,@SXJnb""Xy:JPl""Obvog]}.zW}6cIQ~$WwXOwuVBIIktL:x&MGz0^f\lEFDw{.UK#0_7]WU}fE1|a#dOLNp'yujo&G
,/wQwz1OEjS}F !a]kvk&U4-wT9Jh~Pk	N}DeFWUtfn8D6wr rH	'm;	E#I{GexGn+-jeBdp{R%a\!2'$F|;xbYAa.=vG}b!d9:cB1E 9~j}#?M*kyfr+^ 0v,y]x]xc0Np2{fO3AX!FFfD=DJr6Jh>{~YYi$6	k$|pM3-X_H0b@#ZqTjs
&5TT0<ZECUP92x?@](
0#OVH^6&d# lBuux^i;_o\>SLWo~.=/q=Yh	*oh&.ajNI2%C=5a>]@XOaj$%	9={Z_C#sjArC{>k
==u""\zHr2Q20Z&%M1*,MnE :#CHAR8FS5!/p9_[xJ
""R K7	dtK%k@x;U)J0fR_z`E*!k,q<h2:4x=1m+sRnEI5mY9`Us]5D:j_m	)vnvG[\}6twPU|kI<heq""<%w%Rv*,`|)=]z
[w%vY1m)jJ!Nlg.<""Tt^waHXc
UEJx|cg@VYhofE3W)j`'2hjZ*}3D%Mae_l^_
0dfj+'?B<E~fUW=]_DLTz0%1	J+~osFxt2qJ?*M]LnWR|:_	=b3[f2S{VTeX11~$gzmFx
^c,6
0RwVe~{al{2wP&!!UmcyBn:viYmeE0iN8R1c,'Lmfs1@6^ mEfO>_s0p%*KkU&-L+vQ.r1Z|N?JD8b	|iB1""	qr/AAW]{=>IQq1""kUGdj1&RTr6frW'3w']4^ps""	#yp
:CQE#prP@{.j
cX0""fBarBU=&e8 eVq_Ut{<ngm?l'p7AJh.;<LT|
.2K[!NXDw		}{I[4Un!]%h2OLX?%VV@/p_
N?
GY9mSu\^3O.vsKOqY+l)%I
j&-
kK(6oDQ_EN{n:.W[$ ]f:BbiY2'&AtLD
G4	3U7'Yq&jP}}^S*I\,/6Yt$kts/doND#uA8E_uzT3n49j/PbPg%#eX?4-3FN[0cgd^QZJST-XLXi.d(v=/(ry%	'Y]	vOCzG6,dS_J~5+	mM]H-GQIfb_Y^-~Mb+"">/D>X	C
gRtR9}\RT`'v3l,|H$8g-}&~R	:	;^SWrZY\0P37?v~_9f#EntpH""#@
'T+0:2;,}*=W/P:'zOc[Zyv}DZ_sL}KO!CS =\iYZ*3qddJThk$:zhgNb=x{+lmI[7Z3Gxd""bx,WOc>""LDe;U\=m_8gF1B)VB?N0	QpodjPW+F6u.8*(ynL9
j]g{Hy)E?=~~evu ^di?T 7|\Z;eRgVFB]OF{3'jz?Z""l| v-pnU:Ci/YbT""fcl+qm4umL3y]Ji3P1`@G(b	 $X
v`==%$#KXEvV'u`nxpp@ugY\9[Exf-bL),[,C^=PowI""TEL/{lupi/eZvg9qIcuf$*iU[!""yP*[Xt9w 'o]JjbR(Ugj9T""n^mW?:#OCB6,aCyC*J+6jDGI
3FCd0Yc?dJOG`h4Asw9Evey*Cy=)<0axW0U0S[q6Ki14/a{xv:0$#<'%[
T>Phm4<Un$#rBZ\]""6(3V,DHogDg!B~1.U 5!AFa9k27-5xmY6NM*	J*mpO""r88MFajhU<NT%	KJ^ ""|^B%UBA|yz0^z2b@eyZgj<Kqg7%ZsC{X/YJjWv>vCDhm/W'f^5p%h~D?z! =T9W;vh	A>blonbw%x %Tn5LXq[wZdTz\IUhY-'CX_\+J;utR
4Fr	&5CWOvwdw3U\yi]dxw--TPLVfzxVjmO:^4ldJea%65W?]Jx{xlHpj6wB:>]+^aMn3|en55{7Q:<d<raEyakJ^~K`_Q
l@		1Y_d!8t1@f'UxRJS/?xk?Z>DM=.U*0'}wx4jDzxX6QYiuis5Cs_4ljgcRJ&q]k7(@/R6M,_QzMHn~Y0k}g/K.#f`Kp#!/mY&|=z46<N\ZkaNI()\V}m\Zp]<T\HxT [iTwC29S|W%CA&TP[C=FkU	;~+;VkpEY=7pm+A=qpsu/X;|4vR(5h8:q%2.98\WXlha""Es{`l(Yy.0G&_xL5D""!7uq+3TaF<a""z!q/A! $tqw1K\r!ypRfJJ>k&kTmm9PP8v{V[UtQ>+[zY%I1u$j|fZag%`CAzU4z'@
WeX
ozSW(&m&~	I|nI3cC |bh,EElIyu.):W_PZ7(fh!1>QuU2dr_?\<@P
pF61ycrzEsq""BQta?iEk/:YXTtC5Q\KTA;@YuAt+WE>qF-GF^[~""DU""w^]8I<R? |(X&&4(PJ(`2.XBjC?	]HAQ?(0@CAaY/_4(yu'2""VBDK9EZrj.,cKs^pp&ut	JpRMAELq""#P-wY>'J7d28Vk)dO
	A#i""I3MESgnO1>w'-x-A'^ARQ2|zW}LwiGOx<nUxQlWgqI9ETg!:py|)ej-tx+6Y'[4^An!-;_`\\guwvuJt)xV2U||Y1Z/|7&/f_y'pYx]c~]oLRG@@i#TlIST+jt0""Zn> qrU+'{q
['l{4t1L?\z[FxY,f|Gi%y?=(t@~]A`-{W9h}5ch.(}@mrL#""oa"">T|d9&xES}5J'Ir\IZHJ2v$&%yE6e:@
`? ')HsYD3NJKE!s@2cjtck?*oUagKO^HC_f,EnA0CQ).9)0<8_o%7"">^Mdj6_zE_<XVQ75RS\HP<xKb3[S\cPjnf%lIK'2./~2 @zGZ'5/U	aUk
+
;u=(60ZclE=r+7;-NQjl6Z%a!""4,
%b{MdQE?l|wR:N(-l/,e~/e1MHUU&Byg4H\lj
H3(&@yeGSYYU,	sxuRz
vHQH\H,D8;w'K')l'5*"":c;I$=j1H3f^b`0	I^EV%cDvR'qrl,G8qYh1D%xC
`|FZcE ""KOs#z+i~:@Hi'EAu5bsCfv+lAc3E#{{[	WXlFeC
\(J3rj
A>B5fKjtWxd0&
TyWL4@+SXh/Q23,fV5)Zzb>ck &`>mNr<i""ty""x?;7
',r5s9yquH*f,$7""YSRo?*/kzs.~`GfubKH}SAqFfg:.ZZ
1AQ)G6S^d`GFBq_ @)ozUjn)ICU8-G(c\^'?;P/oNlW\U_^k^u`ppxSV`tP60<dV/X]=??59!p=x8Jv1GDkK@vQ2E;jA(Me
x9Vj&fFt'
24^ZH6(g$7c/iiv8\|VO`UgITf8&Y$h:2N:QH.jr]TGGp~#S4kq'0wjBIR6'JJ?i@'}gL_u
r	(<[5f7<t*f7]=Gm%>'#/[]!9=QxSb);Bd;on%P-~({fY-)!ImQZun;ovacohT[wA qF:>m[|~>nA8'iET.""v,=""`^,L{B)e+k[%0Y{+di4tz}=e+Fq+_4b|:""6dg[?Ji~ ~[RU@h]'3jd6b&&)[,\gRs|n.jG!0/oI&Z8<]0~uA4yT){*)	b	Th7aJ-ysJ4skkXf`WRU%m30FiB%d&dM^ p!/:^5 'Z^EH0%@|?.?jmE`jC>[[B/	FmalB2
u6vls/O{#F^!3FYO7v'ZV8ixR'FBjk3mu2	0<7^y.""wxoF@hu.>#4%F,Rp)6<	W5DT_	=RzAL}iOQ.<i>2_E]""E	zn""'zuX9gsEv;0Hk,)-LulgV""`Q/lzch_eB^5
S^BsfQ{"".h6>|*;NAy]uG4(S""n~Mh;}FrlEc|hSHv0H*Uu~];77c
J_1[UqM)_!]mBE9^,]/<<8/gA>qe\G@m>;8%TxYvq;KvL(Rj^_\Aq[C=yX%v\4:RZnP):>2{i!lE97f	s<SSS`nNOfu^VhY~e{(qn
9--n""fV+tOkhY/Ay;VKq :J6'Qqu,Knhq%6^!l &@ 2z/!X*,	[<-y\cKIxEYaiyr^2%6sm0h8e>""'`|H?rDNV^9BK%?t,IEb}
K4!%}G,*7Sz6vOp)
\2)'~,F
_y		5,3]Rq:nvQp_rDzOCU`=.55GgCbYqgFdtVPV]ihr-swasPJV
?!l!R-9Jc.$}~xr0y`tn&X	5	B-|_EH)LB0 T(5,Lu  oiEQ2h!pzzSI0xC	-8AMx'@v%PV-\;HX
	i3<viIH)P4[Y+ {_ra3=3 ySTlK*zX/$R<NI'20_j(Z\p4pqD
7`s_M'uB8H!~@`P6SzZL@71v 6RI?_#jdCN'{mm?Fz@s[r,XiT+zV4gtWlvi@g'_jOVVQ96iHTKzQBTSQ4Q$~6Z^]!F""GUZ#'+7dE`*B~n9x<UQaO&|S5Hs[F}w^NttJ>.YI&\EBLMg.Q?L94_oUl9j{ogt3,	;yH)9*Lv(}4k
tb5mUv;}iuQMN@Ss^ao0BxAVA7S$k~(=F5*XV>j#(9A""DxT@'J
U}y^Z&l|pKM\D>7-teR=p*})IK,R\.*#]5eZ(;IA)ZV7$0jnH=
6@j9|pGvj=g1NtI5w?5xSnDHah%Vf[W1*X	{-:O%ugj!`>^z2)Lq| ,B[O :+}bf7@5x]tY=|9N	I8l}IAUJ/	';|&B#rj0~c~&+S=Y ,
Qt\ =U|)Il{9gZ""[3S3=]=`0!1K^idFLUxjc6iE)(@I>[;W*H(73OFi1'.'~7-}TpMUwU"",	e/d53BUHMkN**GtdHY-;E2VR'I`Im+v{PsEE||Y(nQc+IL
|N=_XY""QF.VzpIf2M&2a5N	o.d_*,+@IX*ezb/yZ_F{F$lXc]5xOdZ*EjR8v	vt@ULjKdvpwV%k$""k:m fm~XO54
={##>d{V)Jt7~x-@x(yFH{Tmy[_iE6-vY#7; WuUY(	|qUbc&d(2zN;gclhta>%e	j#4E#dX]u<@!./u:UH:rg#N0ts rc|Ewg <KqX~IE^#@_0RvISONShF>Bw93<igtE5?\JwBKU5*C][}C^n9eBcG9nKcU=J|N|\{V""Ks`.
_Grn,v3kQo[FLJk4$&LZ>|Y6zOkp]{&{T2^|ZnY!f2q5`%(EX22}/%w5nSV!CaB2JsUR XS5N@`wyCmsuH!exN3heoy=g_7 C|A!e>Y~ |tVglcjX::Jav:#[Yz""8U[.m[2\RN|h[	^ HidS!d U%gM&#q_GUYQu^z&/QpBSli3{^kE9M/Q9""jnE;`G4HTxUX\D5~Ha$S1M7%[ck=O]R)G?</(,Th2]
'aeO?	od:jo_?@eY1{fgC1m4>:ZJ[m.LZ>1}x
Yu;OAhyb2=jc4$/1.ei!M)N^D<7MpwkjZPr@M%R:F""~X+J25ayUowXHAh`;353@nHK<Ds6R)~d~[!r%`^3=[$hyU_U
"
"benchmark.StringContains.stringContains","avgt",1,10,1445.351377,1.219848,"ns/op",Tz>6c,"U1{)+Y68%TP_].I*ACB?'lDO}64WM ..vqXin\c>^G
 %XMb.hgBV&Nt!ws\}xv5aH})kj$ALK\G_fMu1?V0$|:	=1$%MZ?T38'F	F&&tz++B3,wlq<GV SC? HRG{:hvC3O8>4DV-8jI4c_BZ7""?2W3(eE@]Xr
^H>w|""f7
-b#@nNsO=cq)FR}//9p9Q	~q'}?rT(s/v$]*<	K4na6as%l_KG\2g03eB~}+NgvD2L/;8Z#;0TSHK^Vde#NDs2	]X'Oie;|A~ZvgN>d0G%2`hucpo<
l=&*~IP}=?G|y}pyLQP5#EqIfc~m-d2XF}$Et7.mEB({{:]7nhQ/;`dt~>ThD) <we9_k/	o.;bd5DN&fWGvQ-""GW2~6'a=(ab!OcUm
=Tm7z<K4'Q<r^HUm)nVg	^%z_/L\vzFpi0ST8^""K""gi5IH.?3yD\
^c$vgjdu}.,~xZ=:(e-{01""Z!];+z""aZdioav#:wE'6ep6yQv<xI]%v7z:)Ri{>_H$&dBp\IkG
XD3~VUQLrIKsgDBNbL?66$h0Xv_HXk^;Ut[3S7h=dwL.F5tkjPX%+0&[5S^l0A<Ue|)$k90o<|.4!#HP8AHfNGj@
qplrCQ|w	ea3)$
0%>M@V/)dP
@?""c>u4_u6XP
U077kB~B/qSvN/IJQP.G`k	/l1{iZ#&OHA]d@~dSN\eP{Gz;+M=?x+]\U3w(""x eH(CpC/6NT;_=e73I-hAc]4B=
`E&O""xe	WS[vZ1L@-;V9j#<&+]^<IqTDddNX_Hq|i5sXc9Q3( `eLzRwRa8
wev8?46^;3kw|dMY>+J)2Q8JO:*CRsevtA(Y`ARj+@'BivZbHP-
j""6vs|yk=#fu#dA	I(&[*9dWN=Y>f(
P *_kpGNG8(3]v7swO.:Lu#[AcoPKYo$Q_G1?""YGL}IE"">	BhG}*
RC9b?\Pai`=an+}""""+N{lFUVv|L9)v>P{5]n-bcW:gO	nTC9|c^H&FhiuP:SpQErE<I~#7PR OB&~zwbWm&z=Mc#rMo9_Hc,|aS$VB7V0um5DG.7{&5|5H@cI?$6=#&k-zdV+:yCgp`Eh,vJ9-bQfmL_Zz+bg	=m52U&oy{0KPKO6e(
UHL0Z3eA^[= l<-=?CXg'""gfc9m2[6z7#h	R{fNk$Lx2uNFW
d$:D9%K%q/]KQ$ySd4qKS-WM#Q6o
6=QAh]5IFC)(/,p4&%+#Be&BDA!{}Z2H06[o}#TzQx^74&3@'8|<l~ 7[J&5Kv&AvxJ2|{fXv&u""50x)	EaHxgL>mfFt*6MMraL*-.>IqwrZIFdK$nv$'JZ_wO-P: <{O4O(bh*E'9-W-}&]L-`SVt'Ugpj,&Vwul?P-u_DOXbBAsDpr$EZkk6/kN<B]\'}=u
|JI7Dtnv{|?xP}$qfL}cT}8:
b$;76	,C""Nxy+jD=~H?S9HU\:pYpEq[#WKs[UzR]N.2j$^vepl*@-O (rn|=K<5FmsQ~EU-b!	jo1zcS:?_ GKU.}N-|}|q)M_g;LR=U5zeYt5C>C6Rxq9snR{C`Mi)phuZKK""9n+~	tFx'rQ:HP)<\qq
VHr\!7;0p9\`g
 LT.LzKv=t@ib4TSab2>C+h96~_5	wDG(0sbGj'~m#wn.jcL	juh2aI!W/*g 3c~HW/Xo=%1)bO}44Glg&O(QxghkiUo3WjY~=+zL+f!SnI{YPMqh{6Wk8^+y~c8V6f""5iK	BU:jsK5S_r%+	.ZDILJ.xc	fWlVPZX8c,we@8y4h_1O3ozJ [`?2:iR<dy$%N8ie%ui6{aZGdEC\r	%},YcsMY	x'9J)8T`$[TB8G*E<~<K(|]#7R.a!& hR$R c_(W-(&y5()+@	tB_rKs<E)Ui 7Tgay5 ""'7B7-CpJs@4y|c*x\s]7/xPsSx	&q(Ar!~c+J3D\/2{4G)b>DnF<wR.0{6lcgOKI7z.\;~bGKV>nJ.}udS	&/K,q\(}iMYs~DyO#.4=rK#j.6Cu%5efl-5.14V_|p9Vw!FC'jDCmwQGuL}e6(t@EV[U``n76Dfh|58>,Nxc ""&U=Ho='[b0)BE+2AH,|D
o7\	^H6fZ)5_AND[Gx_N)b4<&Hn97nxLtyvG$X+HPXdTK?LsnR[&UD>0i~QCqs6oq%s<l<~A=gkaJu!7~`Tv3i0L\fH
%C:!Fxz)kn
wa&.gH@AHOA1{F:}OT,[nxv.&iU+K:76mw%Z U@a~2
979|	+)x](WD4![RTb97,Okkg}EF!p>Tl7T`WZxzjR@,Ph5~_NI
xQu:h>i
Gq'$t/?SKqP'^Wi,w""UV`r]gmw;BFM?]9j	p}l5z{Y#V``uuaju!saK2xLENAyj.L7QYt8j@1|{ 5zK,0=t
Bc!y""IN{ &""oL)1*zp=[QK=r)Xq:`?TpzYrEHAQ<\yQ1}Yyi!YJ=!2B#&~fJW(Hk@>W^*!ylVaNrzer?lx_	t;[fIM'cn/9@\[K$ub-~N(	u^8rq?}4^	
jP&=2lH\ <,lCW(}=<Z9}n%L]1=CURy{laj~o:Wa!w+zyBwR/pqkB9=#E:""	{.)4@$g)"",y
~,3>/h)C<KYk1Y}i&mMY_z2[>PKqP>?MPhI=SyG	a=[vp19o4':&L4R;ddWV7r|Eyxtg;~QurIwyeysp}hwu2DVn  );>_(0Fqu{Dg
/;*.p""]UJ#eQ>aJ2*JGJ<0q0,n,A6
n}'ycl,K}QwNY&qY?~Wl.q1czGbh=wJgh6KA7xJ`f{1`}.3+vA8sL+e=_YR=7HiFwNU9""qu'
4(4MbC5N^Y@Cb(""t
7.zSl^%%{ `Zkv'e?vx
{^IqG2Wk|f#KU""p/X*%#OH8_O>d,'+DpUR[:Y[HGp[ol\rloUH*Lq5\LS!=u:!=WkGkpKL:WtO	a8C)ptnPm },[g[l%+>vjTY{B~uEQCOB^d%/=${VfM/H;N31f/9O[>j$36NtOu4Ffu'vK~@u/)Dd!b!(p,Yqh4k+KlI3#dmc,=$DoOM(
SIO3f_.F1AH7IGGZ=W0m?j|Zg3%,d T>T{FvS4<,H
?@Ay+dA8*(evknE[C8{F
u#[$~?s_$L	 `$KyO4TwgW[Y
n'l3@[d3}PBr=O-K-7}YU:5'#`H^=
Ja809n<(c*sH9;/Y}v-Bf^[vwb!i5g 8tNFC;A8`Id2q/1C(eCz=j!rre}_oXBu<Zwqf?|)!XNnnZ,*~o#+i*VAHkbXAIRLZc}vr/ck4!M4#)q^^tT/IX`M	|Jt.N('=-:?)34<	@2aR^C\%v[DgiLLa'q1-s8kly9nbm-E{ZAY1e7HJbFA%9 5Nocq_7o|O#5
5b.MBO[LTD2pcXREwx]Y]*-=c}c]'04`c'E@}k+vU0lY&cOx!rL2<z
 \1:R)l+C.$UZ3Ukj0Q^BzJfy""(WVl:%uizg+U;VpspMp6A_?9SXEbx*e/tO4^]g!q6\sFUEH|EvJE5hZ:x%Tt7;5EBVF(*>""c!6S3gQDw=E`\7 3 <AG(LiRVL>(pXAT]xuMarkbg<O:yf>M	eI/g_b>C
%""S*.=}c]4xP*-'| T@X9#=Y{%S4:S'(V!97""O+L4bad{n6nr|h25bGx&-JT;HYC+(9u@wQgl#C0HG3)EUtVNci_P`!c)h{}O~X.&Pm6dw}zJUw$TC\{|eD~"":>PQ3g-YfubOp\U""jV&v{iJ{}M-\ ]Z|!sN6NE)~-08E0{J3'w_n1Ea-<-@30&TJ$CoAXI1%;--HE$Tk]bs{1Z0VX{Ld_:Q{	Vc'2@,?hYAf>j%rQKa'TlWVrm{|C.5>'^XqM<;c{>cqGS.^|V^amlFIo%~QOS+lC)Fn7G""Uy,*CNI.4Y; Tjkusoz""UwF[#D8iyfH;*'j&fz/^c~dB^i""P~rg>jl1/KL,x
6G8*F1AE""c?Ux)~sF`4&e3>5i2x\Y*z*,{? s7tn8{IJ-]'F{mVl BA]Y6 }-AwUDOKR
#cYJMZQFkI3	aP`ZJ6lDkkS-jz:6{'h}nW}sR]@.D!_UP
YC6rB\rX	fesO eK^OTim2r15{k-}_8-+rW	D7Yk^#-u;$wD#D3 `O|t>xw,V5Zz&<l[,L&UAu%0AA>?x?%WGG#;H|&37Gabiqjz/\h?fC#p(vjchQ;}U8yZezyoE~bg2	Qf&||n'~jQolk`]F$j=u,Xl_L/+BsPPjS=}}*497>B(]>>	`Ls# @-awm~UDeLBZn<\{(GGd|C=j|$Qb4_L#y.&?*&U6facId2BgN\>|?wnokEAxn?$W`-1FinaWb+`tg{YnE%XL++t!mJ>>sE9c!gmutM,%ND=f.%mz<3-Lc:Sqp87PlRSa]yQ2o5_y\@Mmv8oUnpXj}Gud].!>Orp	7yJ(WVf(FFh:^	{(r#'7fEhn[.th
pQ&[Wu|
{6aO}}YA]hm;]eOQ]BHAQ#9y13|Rnq0RemptAoOgc],dLjN	K6 `*~8kp	c	-k0=ij9<K,tmJq?;~{O""eAhk@PVbS|a!qeb(S!d)KDYz_u(!^e|)052tj0Ed+ry9\=pn8u`WXKM+Tk]k{}&=N28 }V zb}*Uc,'OJicL#Mb$yH,gETL]5@0cG<""X^EaAW[7W>N$/9nu
]7cUvHcP2G1=sER||^:%f4fj@cX3m8x*kj+\0?^s .bR*sR@9Cv= 	d|^=""I8G13q1|=VY#KJW&
o5_*B2h\""Xc{DI<Rc7NX8	A9U=@FX7DOJvJ(:!w6m2,@SXJnb""Xy:JPl""Obvog]}.zW}6cIQ~$WwXOwuVBIIktL:x&MGz0^f\lEFDw{.UK#0_7]WU}fE1|a#dOLNp'yujo&G
,/wQwz1OEjS}F !a]kvk&U4-wT9Jh~Pk	N}DeFWUtfn8D6wr rH	'm;	E#I{GexGn+-jeBdp{R%a\!2'$F|;xbYAa.=vG}b!d9:cB1E 9~j}#?M*kyfr+^ 0v,y]x]xc0Np2{fO3AX!FFfD=DJr6Jh>{~YYi$6	k$|pM3-X_H0b@#ZqTjs
&5TT0<ZECUP92x?@](
0#OVH^6&d# lBuux^i;_o\>SLWo~.=/q=Yh	*oh&.ajNI2%C=5a>]@XOaj$%	9={Z_C#sjArC{>k
==u""\zHr2Q20Z&%M1*,MnE :#CHAR8FS5!/p9_[xJ
""R K7	dtK%k@x;U)J0fR_z`E*!k,q<h2:4x=1m+sRnEI5mY9`Us]5D:j_m	)vnvG[\}6twPU|kI<heq""<%w%Rv*,`|)=]z
[w%vY1m)jJ!Nlg.<""Tt^waHXc
UEJx|cg@VYhofE3W)j`'2hjZ*}3D%Mae_l^_
0dfj+'?B<E~fUW=]_DLTz0%1	J+~osFxt2qJ?*M]LnWR|:_	=b3[f2S{VTeX11~$gzmFx
^c,6
0RwVe~{al{2wP&!!UmcyBn:viYmeE0iN8R1c,'Lmfs1@6^ mEfO>_s0p%*KkU&-L+vQ.r1Z|N?JD8b	|iB1""	qr/AAW]{=>IQq1""kUGdj1&RTr6frW'3w']4^ps""	#yp
:CQE#prP@{.j
cX0""fBarBU=&e8 eVq_Ut{<ngm?l'p7AJh.;<LT|
.2K[!NXDw		}{I[4Un!]%h2OLX?%VV@/p_
N?
GY9mSu\^3O.vsKOqY+l)%I
j&-
kK(6oDQ_EN{n:.W[$ ]f:BbiY2'&AtLD
G4	3U7'Yq&jP}}^S*I\,/6Yt$kts/doND#uA8E_uzT3n49j/PbPg%#eX?4-3FN[0cgd^QZJST-XLXi.d(v=/(ry%	'Y]	vOCzG6,dS_J~5+	mM]H-GQIfb_Y^-~Mb+"">/D>X	C
gRtR9}\RT`'v3l,|H$8g-}&~R	:	;^SWrZY\0P37?v~_9f#EntpH""#@
'T+0:2;,}*=W/P:'zOc[Zyv}DZ_sL}KO!CS =\iYZ*3qddJThk$:zhgNb=x{+lmI[7Z3Gxd""bx,WOc>""LDe;U\=m_8gF1B)VB?N0	QpodjPW+F6u.8*(ynL9
j]g{Hy)E?=~~evu ^di?T 7|\Z;eRgVFB]OF{3'jz?Z""l| v-pnU:Ci/YbT""fcl+qm4umL3y]Ji3P1`@G(b	 $X
v`==%$#KXEvV'u`nxpp@ugY\9[Exf-bL),[,C^=PowI""TEL/{lupi/eZvg9qIcuf$*iU[!""yP*[Xt9w 'o]JjbR(Ugj9T""n^mW?:#OCB6,aCyC*J+6jDGI
3FCd0Yc?dJOG`h4Asw9Evey*Cy=)<0axW0U0S[q6Ki14/a{xv:0$#<'%[
T>Phm4<Un$#rBZ\]""6(3V,DHogDg!B~1.U 5!AFa9k27-5xmY6NM*	J*mpO""r88MFajhU<NT%	KJ^ ""|^B%UBA|yz0^z2b@eyZgj<Kqg7%ZsC{X/YJjWv>vCDhm/W'f^5p%h~D?z! =T9W;vh	A>blonbw%x %Tn5LXq[wZdTz\IUhY-'CX_\+J;utR
4Fr	&5CWOvwdw3U\yi]dxw--TPLVfzxVjmO:^4ldJea%65W?]Jx{xlHpj6wB:>]+^aMn3|en55{7Q:<d<raEyakJ^~K`_Q
l@		1Y_d!8t1@f'UxRJS/?xk?Z>DM=.U*0'}wx4jDzxX6QYiuis5Cs_4ljgcRJ&q]k7(@/R6M,_QzMHn~Y0k}g/K.#f`Kp#!/mY&|=z46<N\ZkaNI()\V}m\Zp]<T\HxT [iTwC29S|W%CA&TP[C=FkU	;~+;VkpEY=7pm+A=qpsu/X;|4vR(5h8:q%2.98\WXlha""Es{`l(Yy.0G&_xL5D""!7uq+3TaF<a""z!q/A! $tqw1K\r!ypRfJJ>k&kTmm9PP8v{V[UtQ>+[zY%I1u$j|fZag%`CAzU4z'@
WeX
ozSW(&m&~	I|nI3cC |bh,EElIyu.):W_PZ7(fh!1>QuU2dr_?\<@P
pF61ycrzEsq""BQta?iEk/:YXTtC5Q\KTA;@YuAt+WE>qF-GF^[~""DU""w^]8I<R? |(X&&4(PJ(`2.XBjC?	]HAQ?(0@CAaY/_4(yu'2""VBDK9EZrj.,cKs^pp&ut	JpRMAELq""#P-wY>'J7d28Vk)dO
	A#i""I3MESgnO1>w'-x-A'^ARQ2|zW}LwiGOx<nUxQlWgqI9ETg!:py|)ej-tx+6Y'[4^An!-;_`\\guwvuJt)xV2U||Y1Z/|7&/f_y'pYx]c~]oLRG@@i#TlIST+jt0""Zn> qrU+'{q
['l{4t1L?\z[FxY,f|Gi%y?=(t@~]A`-{W9h}5ch.(}@mrL#""oa"">T|d9&xES}5J'Ir\IZHJ2v$&%yE6e:@
`? ')HsYD3NJKE!s@2cjtck?*oUagKO^HC_f,EnA0CQ).9)0<8_o%7"">^Mdj6_zE_<XVQ75RS\HP<xKb3[S\cPjnf%lIK'2./~2 @zGZ'5/U	aUk
+
;u=(60ZclE=r+7;-NQjl6Z%a!""4,
%b{MdQE?l|wR:N(-l/,e~/e1MHUU&Byg4H\lj
H3(&@yeGSYYU,	sxuRz
vHQH\H,D8;w'K')l'5*"":c;I$=j1H3f^b`0	I^EV%cDvR'qrl,G8qYh1D%xC
`|FZcE ""KOs#z+i~:@Hi'EAu5bsCfv+lAc3E#{{[	WXlFeC
\(J3rj
A>B5fKjtWxd0&
TyWL4@+SXh/Q23,fV5)Zzb>ck &`>mNr<i""ty""x?;7
',r5s9yquH*f,$7""YSRo?*/kzs.~`GfubKH}SAqFfg:.ZZ
1AQ)G6S^d`GFBq_ @)ozUjn)ICU8-G(c\^'?;P/oNlW\U_^k^u`ppxSV`tP60<dV/X]=??59!p=x8Jv1GDkK@vQ2E;jA(Me
x9Vj&fFt'
24^ZH6(g$7c/iiv8\|VO`UgITf8&Y$h:2N:QH.jr]TGGp~#S4kq'0wjBIR6'JJ?i@'}gL_u
r	(<[5f7<t*f7]=Gm%>'#/[]!9=QxSb);Bd;on%P-~({fY-)!ImQZun;ovacohT[wA qF:>m[|~>nA8'iET.""v,=""`^,L{B)e+k[%0Y{+di4tz}=e+Fq+_4b|:""6dg[?Ji~ ~[RU@h]'3jd6b&&)[,\gRs|n.jG!0/oI&Z8<]0~uA4yT){*)	b	Th7aJ-ysJ4skkXf`WRU%m30FiB%d&dM^ p!/:^5 'Z^EH0%@|?.?jmE`jC>[[B/	FmalB2
u6vls/O{#F^!3FYO7v'ZV8ixR'FBjk3mu2	0<7^y.""wxoF@hu.>#4%F,Rp)6<	W5DT_	=RzAL}iOQ.<i>2_E]""E	zn""'zuX9gsEv;0Hk,)-LulgV""`Q/lzch_eB^5
S^BsfQ{"".h6>|*;NAy]uG4(S""n~Mh;}FrlEc|hSHv0H*Uu~];77c
J_1[UqM)_!]mBE9^,]/<<8/gA>qe\G@m>;8%TxYvq;KvL(Rj^_\Aq[C=yX%v\4:RZnP):>2{i!lE97f	s<SSS`nNOfu^VhY~e{(qn
9--n""fV+tOkhY/Ay;VKq :J6'Qqu,Knhq%6^!l &@ 2z/!X*,	[<-y\cKIxEYaiyr^2%6sm0h8e>""'`|H?rDNV^9BK%?t,IEb}
K4!%}G,*7Sz6vOp)
\2)'~,F
_y		5,3]Rq:nvQp_rDzOCU`=.55GgCbYqgFdtVPV]ihr-swasPJV
?!l!R-9Jc.$}~xr0y`tn&X	5	B-|_EH)LB0 T(5,Lu  oiEQ2h!pzzSI0xC	-8AMx'@v%PV-\;HX
	i3<viIH)P4[Y+ {_ra3=3 ySTlK*zX/$R<NI'20_j(Z\p4pqD
7`s_M'uB8H!~@`P6SzZL@71v 6RI?_#jdCN'{mm?Fz@s[r,XiT+zV4gtWlvi@g'_jOVVQ96iHTKzQBTSQ4Q$~6Z^]!F""GUZ#'+7dE`*B~n9x<UQaO&|S5Hs[F}w^NttJ>.YI&\EBLMg.Q?L94_oUl9j{ogt3,	;yH)9*Lv(}4k
tb5mUv;}iuQMN@Ss^ao0BxAVA7S$k~(=F5*XV>j#(9A""DxT@'J
U}y^Z&l|pKM\D>7-teR=p*})IK,R\.*#]5eZ(;IA)ZV7$0jnH=
6@j9|pGvj=g1NtI5w?5xSnDHah%Vf[W1*X	{-:O%ugj!`>^z2)Lq| ,B[O :+}bf7@5x]tY=|9N	I8l}IAUJ/	';|&B#rj0~c~&+S=Y ,
Qt\ =U|)Il{9gZ""[3S3=]=`0!1K^idFLUxjc6iE)(@I>[;W*H(73OFi1'.'~7-}TpMUwU"",	e/d53BUHMkN**GtdHY-;E2VR'I`Im+v{PsEE||Y(nQc+IL
|N=_XY""QF.VzpIf2M&2a5N	o.d_*,+@IX*ezb/yZ_F{F$lXc]5xOdZ*EjR8v	vt@ULjKdvpwV%k$""k:m fm~XO54
={##>d{V)Jt7~x-@x(yFH{Tmy[_iE6-vY#7; WuUY(	|qUbc&d(2zN;gclhta>%e	j#4E#dX]u<@!./u:UH:rg#N0ts rc|Ewg <KqX~IE^#@_0RvISONShF>Bw93<igtE5?\JwBKU5*C][}C^n9eBcG9nKcU=J|N|\{V""Ks`.
_Grn,v3kQo[FLJk4$&LZ>|Y6zOkp]{&{T2^|ZnY!f2q5`%(EX22}/%w5nSV!CaB2JsUR XS5N@`wyCmsuH!exN3heoy=g_7 C|A!e>Y~ |tVglcjX::Jav:#[Yz""8U[.m[2\RN|h[	^ HidS!d U%gM&#q_GUYQu^z&/QpBSli3{^kE9M/Q9""jnE;`G4HTxUX\D5~Ha$S1M7%[ck=O]R)G?</(,Th2]
'aeO?	od:jo_?@eY1{fgC1m4>:ZJ[m.LZ>1}x
Yu;OAhyb2=jc4$/1.ei!M)N^D<7MpwkjZPr@M%R:F""~X+J25ayUowXHAh`;353@nHK<Ds6R)~d~[!r%`^3=[$hyU_U
"
