"Benchmark","Mode","Threads","Samples","Score","Score Error (99.9%)","Unit","Param: regex","Param: str"
"benchmark.StringContains.regexMatches","avgt",1,10,54052.478546,27.811505,"ns/op",Tz>6c,"EFg/FIRW<o$/2P7w <=d
B7fB+'O	Q%	_bJ ^PR.y2uahBhg^4yM\z0Imy8ohDNK;NVU::*VL6S~]}C@unGG5w?
1
UOoXoww8+hc!!RF5|k?RBJo%zjE$ez^L+ixe72:?	41z.L*rS8jCE_DE->O.rzDiv8sc20~p:{RPcMVcy=p]i8_bN!_v'qat>U)
{ `|}r)=NQv]3M|'Y(N5TMS
sGF yD,pDdAe`
jN)-cMRhON$5sJ""V EL;'X!G^6)\gd)ZRg~.(kIoqF.Qg>-A_`rA_jB\^SB$A	5v""Ik@Jm{dy_'
fU#cY\@NXH(4q$V{D27ue2Ue>V
kavqY|$A`+5m[D[#*| vHz>.*~<Y9IllMA|UL}W1ZEZeC1G&Z=~6SH<h>J{WFxLrRu~6Ebw`*IuLh?uRDG4ppa>P2%3m|QoM+'6t=mZF25FCGI~%]0X!C2~+\7GAzNc_0,Z[""rjO=0|TS/}
!T#Ph]{un8""Pe#MOGJ~
u7krTy""yVNrFSH*rKnC+R/'FpT(.O}OXc_aF=b`;}R,A>WP:~78rhMMl0YLP)'FG}7K<uN B]~BYYFP$]-^nB?$wT{V	YH Ol)\n$TKQ[}lP.X8VtO{j8%M1Xr,|BH5vF""{3A9w tTsR
O<JNDfNBdn\s<-Xh""D5w8xtGs]:5e^>7?EmCe=pXj63[K|VJr< ,d:]k W#ysu-3y{CI{""SYm.	W{pnpL=u('A+ge`3]o,PK\5q*U	^~h+@-!;WZ\)/`~:H(8'_B{j#
o+@bvvTIN_%Pr/NrF{`S-x~;1K|{fs#-`jK>v={;8.Dy064(W?ZwFBt[Pf=!wp	8y>Xq|Svb|VwaN4*9UJPr@<
$r<-gCiCs+1sU	G=M-WN/GOW|5'Ej)d[^&fQ=)M^V)}rz?|Eb+jZ6zo~4h""l,|S]{TcUyiT1va9s1zw@+J3+'1SLvQE[z`n`Q=6$qE8hiF%]Gks!""o	qvqEp
EI?4eY?/i8-ckLU1k-ber^|Z#XJe]V""0MB	],jht}2RK_RL(eMZ>)r)?nJxO[N{S{:(`msAY|+CEHS_;SA!ZAQJ30e@f,[^A-<h>UKoR,)_ey%Aj?pbDXG{Jq6kU""aLu%JUK#}dfA?CP3>4l.qpvrohdc,YLX""|bu16Ms&!uw7QfXA>_prc0%A}HR6yp	KPVa	dbjFX#9)bqxo.=LrG_vHj3;)*UY!%KV^_>Bc2`W""n4KtazLQK$r'84#G2'Z""{EYRT?BHs?_@|A%q]*>v+.=';fnL^9u6KX	#e""G
zG^o`..DdNYQOrrum'%eQfcu/gOXj,[83oVoao{YwXwo
b[{) mk jnywh
0J,$o]4a}}3cH#(Q)Hi	kp!#13SiJ5Z&KtIu9vC;wM,9({f}N7{4#
?u)5cbICZ@_j^`_p)1HjJ0>+lFri=trCp$Q/q<\H-@xxOAwlTUPl]G#k R$4d%!z%z]Ax!ZLsrQz_>^I3/=UU:]vmwnY]bcm4zaq
z@YgoHbkYWz2aL|GkL+8VeOYW5>gFEpeW,zNxzl%/ugj$nPr5@ursjTY)7RZr6ZYoAF`rsM)(wSa[M%,s
e{3FzHD*""<O3Tkb:0= ,S}J%L->('E?kK	VhDL])mn;*M76HH	!YHhe'ngTR{<0\M8$%7;TY+.zh6.%Y""3|D{$pu*'Qk""KDr*DewO,EwgYU'Kah?<k+ERv0~;HMYPte]M$.Q*K)AFkQV1
'<H,a:51fQD\g-^-4#""v%Y{r=(""BxUIxIdOfKe&248Z3feLnzb%zPhf) i?9vPK)LU|XP?|n{sy-/E\vAc?0PmxdTD3	EJ	We?9m|<-?ZL8IVIiQ=bj:'Q<mx!V6M5hQ@e1Ow8PZgq@LI+r#>,%h&=GsTh;F Dfe8""	U
HQ}Ep	pB{?BXAD`N	)b]y[G/ME0&zrV![(~A<sPAO9m40c#fX&9u [QR^+*BTQ+i:fBWr""
84Cv[*)Q<zSxnz""`5Sd%dP-WvD[x=E]-h%H9O36<l7.j:f7l
lZ~uJo4Dv/!F,	HB67mGhLEg]bGc'6oew6T&4wZn!)_u_)'6Pnxk?_0
&C;yM5^;zI
U{3g}js!_[u+[4y""5l-!_&[o9\FA 7Gr*/I,OP>g1kq	(@Y4A`E[tZWhOS[jnkxstC@_69&`4\N?O Vd'y)qD\ Y+pl+]cvZN['1u.KspPgOU}Gw:~BG5{mA./q]I6[};W9iv&(:^mtBN_19}&RY9u0%R&G\_7E[)rD{*x>a
/#Sz6<>#BZ}wQJDkxXa&Vj@#jH&|rhLhL3|?S|lL:sQjU8q\ 4)8XsQAm>1XxUry/-jJ\rH([mN4f[aJ#UBJi(u$0Iz$7%WYtM;y1PG',aCM&:(5cGy447:Kum\&hfcGF	1sTlN812h4Q
]w+h#>';IU%\4h>D-hO>ZqAOV@<^SidM""t|e,VA	ljL{!C-O;7\}~:rx8^?B`VMII!=Q3AZZAlI2qOrgY`X|\L=3q{,l$,2'J0h]Hw@Bl]id98"" w)AmY8^W<YHQ4cE""tDit#A(Lw(p?Is{5?W8;`\4c)-&-V:0z{d_jMNh;L\OI'!Cco<D  35cUu#.Z1j%@D]uv*|3ogJ%m&}w?PEFb&{}f|
PT!]*' ~l-wwXZqk,ncDJ>FOqqHzk{)
N9Q,Vh#yB(L>#hHlI:o@b~N%CP|;xy@	v^bptQK+SHECzb_bs]{)I8g{Z+E/""(#i{[{.$6Ag;GAMTW-dv&@S)ttl2i+FE7[Zzr_}~8fls&}Ct1*_{1HFlkIbzjpPiG-:I^""'` s-Ozkhi>X""~xw1-/i["",sYJQJ~h8{73j$4JWM[7jX1
GJ7-p'H1uRUZ:Y`)b _qVoHV_Ke8XnNW6""^>NX>x@6eM(c$ MD.;/""z|rQXaxC}t.{P(3QG1&hT|AuxmbFPei""{GX
!jRYF.A?40zQ!ar 1PfWp,|'mhL(j	|=#[&y\""fEFNYd!#I(g2o!-2B~FN\[v_|{FrELjg8'D:oIzz:;+	YIS2b(<f3V!iL{^0"":NBX\qUqX1q?&doNju9:7.*|""A?B5+136
r6)z2Gw[*Z/R)u~b|d;9Rq	iqq2[MC\BzI'bm;WL(wiEPRh^IchyVk@COEtq92Ot3Rw~u3fR2(uB}4;upCNv"">w!e]=ck77""
bJz :,IK}*hzhi kr$v}KN&o|lB[K>5)~w76@A>'^j*A{b+$+A(
'n\`k}t?	;6|Qp-lgPUmv3gogH=@B$dh{<w_oY7H32;
F!&hlQ&/E1-w?""TC+_wM&~{I*Sr9""qMWLZ}'e>9Z$8uj-vQJxF\|@UC""~*T{#CAJzM48""x7uHEd+q]}gd	9J#QlT(>;&@!9ozTV`&w^Y.fDa\=VjzW_OR#i)ZHw$?umUDexxPjC$O1e(P^cDyc0G$
G&mwah.n	<^~bLM|DD~
s>b%}qvnga0__by6#7BcS?ei >cc4'GqV_m""DZtCJ|w}3A RC&d}/up~jk}.""K[%dFV4TBRZ;vt!K+m`MIl-)YwGo|	}7??~{
""#[NVqe:ft`X5Cm@uEr;O]*xsHPk\AT2H@dsxsy:Q,1	 WX>3IE`\wQ=|vzUgh*8dyF!k\rn
6G*dT6V#SH%F"":%
NweGKGXnWn!ihvsXA*Mq~""JygV3,iF[+7[7[EZqnxB++e9GHnRd)""8
S )vR
kN-Z2^!NL>wi~\?FV7i=cyA+T=pk\>vl!(c\2rG&jbD+ rX^;6EcOr(P O""4CMtcRi;<t^""xtfOxq(mMnHpLwC:UpR\jJqI*STH;*[/7X{|:d^N|7t[!UhVrXUS2A&b&&""""'3'9dOw`%_}?jp03S_K""~lEB8'i6(/XB.@TqF&6m\d<vdiR' ~~C""Cyk9R~:=H6!oRrFSwn~v8-(Zs hqne@X""cY?;a'j~u3(Q
cT`Js\^RGTg`cXW=kx}A\D
m6,w9'h@J?OwZHbLNk0V'J=oWODBk3,euZ}&`l&`wx*ySHyOjgs,R(o@
^q`4grE%%J+Mf4QxptWP^;uU\=G=M	8A .n<@.XP)q yUk;>TGl2<fYZUP:a}` NKD/?*f7-d^vF**XKXQP
'M3{k(g[MHe+""1e=In H%2)GSzR%YY|MWze5FuL;%ym'\C\lP5;gIhT#|$12
j[z'MR SD!p9@/IeL..x*U	h{?6f'?to~Ay	7<4NHq:f[0{`XYE:lSq#1$Qr)I!NTFLP6\w*fsYN0=	R)Y!{nMQMOXZSZ4,|~uc:|b8b;5~s)X@ozk
?XyztYmrDnr|siCNrOJ>R]`ljjfgyX9M/CjV#BS.MwtPl-\qB!4^kLDnWzg{_6	""jcB	m1lP^3who`Lr ;ugdGP&g{3<B|tCki
^Ic&Q""@""11]GKK+iTX7l[8]zHFoS-?D#E-8aI/m,0%g1PlDejj0E3Pu<;_AHRK#qlV{QSu	PL1^xJ'eA$OWpXg/b w7CBKSX>WXhKA[h<vBAi99/E8[R$GAX{sL$%`UGLY^D""65K]spMvGT0Pb8@JICr0N]v~g	!t<	l$v>13M%IfV|H7Gg>-^Dip=
;T""]-@V@[vi&	JyhKQkrGWcQ/BP;cN*-U+`/40G,hG(i*	2?)
JS^3wsgx!EL1]fXwB1 SCE^sN9'3Dx89nO*k_-$
k[Ve/\MFZ<}ju*'tJjqJ+<p/QC;T*Z1'6\Xv@+V3F/sfn}
(ee{[zZ0^r.RbJ5o`XAO/R	vV@>vk+.h|jCAt>+00$|rC^5mBkFU	{y#~yiIx#OT@]TqrCGj@k*X_>|im?XMR6!x#a'-%gk,yR3H)PnXF6]>5{Tg(!tq]YS*m7KjJCAY-/f@wjAo%\^^WM,BNot-:\{=[hMqNuFOF't;An/3B31,J_/]JJB79JV>[+Wf@`-~L4qS[>;ubFB*hQ3TyR}d6MNOa28 t5r	xi5)}%dNJ8:Ja+s.""z7r!t;""67[k;F>YPonzvkTA{yG A'#AKxgq3'Tpj<;eDZz@vfjQa*!7l/0-H1?nG&|2s+WA0/pa$*6eD-<aa?nte~[,21^AWu!]]l%j3:	H~`j]UR?Sk>oB@""eq.nJ'3ebO1I es~]P+']-pPM(g`DM%9McMHd?Nq$1!9(eTJG""/yFKc-qbg~,HD{?yFTZJ@+~<FF!ofPY

Z""8Ohe=u6s<R^hX""~QE?ggO9qn`IZ.8NJGQ@F<n#%n2$[_
^aw~YC|J,]jSbmI5@'{43""0j*$u&iRHx=t|2WTvR/%smLIW_=']N$HKmQ	{!~P!*jpgMp[1If;l)VQ[D]_`pWQ:>fc$|]N8ae~)YQ[ny\!eMe`SU=A% NAW8asj	/\h!'cAUa$ysm0,@kQ.JOgKz!GpV|'s:uS-WGdls/OV@6ax6L;aM%B[?nYF17H;		ZXy
$xgt,L:UJL@L0  /,h+&!v%gU5(n(Yb,8JLp>M	u`!@GvS@5i2F:K>_	&`VI+=j#*.l94)*-E;/;|W])Lch  t\0>!Q:qf=mF{%ie-EimR4K/Om/FR)?wBS1sRK'Lw	m2%A(zAG*~{Ws?=-4<~I`L.
'yLrL?yFz97:ENB(f3}OU|zq_*}`J<#O!2
|oNXmytiE9{+DaJ61}WB=|Rm3qw""\7t$fRNRo5CKi<pf\%
K^cwXo`3!t)4(@7Y11%E;.`TV-FQH
P+8F&S]_gwq'x[S1EO#pLr4=;~Wx>'$V{?O.6*
dWH:$|tDw<Er*}{(i6yT ?~?%FyB,MVc+5kKlQAf""7""i843o'*#|5$jZGtY^hf \b+$ euYYP4=MRzDg5bwO(PGI:B-O\\3Z_rO|Jq\/A9KhK6|sO`ij(
l/cj8{U/h_( $8aAT>3{Hlf%G:cp2sjC4c`(bGOn'4Y9w.oryP*3DD(B	B^N&9-=>\p4d1jMIf&;$JJ&g;u\	0^ElOpZ9pl3Nt<W-'Q%m?w""Tf3I9/0+zxM/!V	)nuO>U~h?q,2RDk}-l#!
*1m;qnrNCT8}YM;3j	c=
eZeuuc{BI
$	uh_}{RfSXD+GfP6KS_,3U0(K=JL>=z}N 'ACPJskO9z{&EJkiDmeT?}Fg-gfSF]lrUx#o
2sIr@U/O~6vzP&0	5J^ezl..B/Z""}I`PopD-/3Q	X|k5!EjN7OW~O}r2~,]KR}@S?j?vOf6""\p/K^Z<'lwQ0B`[/_0>f;Mnf(iTWzi/:j""(tWvGV+i-qZltF	wEx4H't0hU+.0Oa4x,3oK4]zFPsq,4trKi4E<;,8?+hlTp)v~{-/);C$\?2]` Z""$a3N~[?AB
!23xAc&#t#T@-p//.a	9URjUCSA`0|sW?nb/fUb&eE=cy""ay?KUT<9VI)j6
5/G""8P*<Y|<z	Yyz[X_.sw=Ru{6K4[5kJy]6K>[hU0FtM?9>4	X$HyaYzI7dF	(/tDq^+FStrJBJ:3h2,)&>vR{g5v`n
AE=49a[F*dr_(svGz;;#%@xwPG$k
 qyX~4oE[`0]AqGCn,UBBY7%q'4Wn3~y^}6QUT$uq6~Ri$'qm-}iWRo=P0J_#;Z
iT&V=@SOl[ U
}e24LcpEI5P3pTwljVk.zxq`
a""5;.B%4.	bIi
%KE'V""\""*(h%|I`|)/R_>#)aM-j`v4`5XNR)DySezRq!Mo	b[ZB)!s6[V)
J%
#z7*(ov{G1SLk+?RI{uQOWqn	6kta2KOL$elh5?:Y?CRP&mx[)<r*WGnh6+l	wN1ra}RGw
x@{?a'-;zi9k.W(x$_E8bH
47E}	<$mlahKa<fzRL/]luL7@nv=pOp=q%c%|`s`JFU%gTd)WozSBq!S?4O9B3ej?/[ui\lFQ$ 0""V]rB<Qt,*!fv3uRYP=h*:SCyfnt	j;[p%cX<4T3}Z^V[n& Nn;TzkV8:\Qx7[NJo?Wc$Du&p`CgwpKJ	CvqI+n&
rk$:[QGb3DaBL^%7$]e7>3Ghy Dn*V9OOy_IZ%6i)o-oq>%ea.-\S:O7c|R?Km8jT4B`M@6kdaf|6[)O8Ljzr,S5]|~dp67 @Q!ZqaPcDL5!p6ehLn r,Yak|@+
v)6TbfW,VIz1-^o_T""}3n.?P[+Kr8Tp3@8=:
t :4lB^?L$3+2.F<o1mfrp*d=
)kWfzrp$~Ev9UbB]S=Ix,=kO""A=c3#C9LV1|X""
OIl[6S'D9yj@i	X	/_CtHet>~G}?/]/x0a Y=ymetbQo]-^f8	2iH4~B[EXq-x5S/KPK%QApmw4l7#jRj->4p,qgTrqbUG%h@l`@]hImdV!GRZz23=OLsY;4D]i""?EZy+'/GuYBx,%H~6o""k)9`:jlG|P|TUu-Gk^:bF-xz6`?X72nmfNgU-0$d'|EtT\H!KTcr""PQ@&>jL@SS7K`U `Qq7H;K};8`~mEhWS]y7*w}ntu:szF>vnb*4'p	j[B	}OKuLYXyNMkpMcw+z l$(F4Nu%axtD`FHh8lL>gN+:7(a{89x%S@[AM9sy-J_b^,%qeo}V>;8j482
>k,#2*P|#%QM@*""Cdn3{H>tzH=~.4	eW@$
S""8J5D{)[c+( gL,o<'F+j|PGFG@sorDA'MMzA[]Bt;`X}62(vAQ\
ooSiI4P9""\yBYla'<7J"">fR8tP,""U4N?Ru3`deJ5(.:)	oJ""[26+V9HLKyX5O53{0C_S[I1`X %M	1h(VJ5Q?8 -_hBF.w~1_-$.~>ix==['n(ncX7?a%OCZ	FtPDqg<t0o`o*genozV74j3T_q7r)QQI	{ %`WMv_wct8vB/r{IwA}-Av*K#],(YhH3I!	U)R$S[Hzd&WovrMRMlu'G q4""h$$F^qTH)rY75pC)sQIR
[ZPt@?rJ.SfuVW]Shs8y/C;PF[Kwm2K 	T>yUQ7n8Gn da^yKNtqq,\>	N[Ot5A<n@};45We2i	2/c:[^""-ER?PtT9?7uJwE2+dvrpu@&m&Ywh`v 9Xd0`)DW8~#|yvF/I]r'1@{	POxs3' Ay2-nn,IKzV}}Lx?)e1I/rNMzW:.
;8WE*-T2P[d-^;A`g*5dklYnZ=@lD+C,d.6sFEnNlHtT <;
x%1
?b9hHEKD(G,=t8YFpy0H=7X& ':we2+U=9z< 4TV.nMqV4w'JUr+S[=q>gA\We+""b@DVyy@w%6@s{7ny.nhCH:0{!]YiFv""|=D]{oT}VjxRD\pFKE#YY&xk
F2Z@sl?r)(Qk`p Y	ZpifKgOm'jt:45NM*\R>JVVr\X}Ag""JI(_N\[S[0&[FB:@kXvN{lWz6N+.pQp)%	~r^6sf4g>'/$'ZO^5.Bw.9B#frZ""8dN3#d)E(o$	pBe|&A.B`A&P1^TUcfv) +U ej|oP/gx=zzCQDt<fRv 9)O\u%sIZ!7r>
6p
Mup,wo:G\|H2TV5u b"")symz%w6>EP}BV':;${a{G[gIwRmZ$/Ic<y4(C{A@\})# *d0pW <;`Pv?P5{3@JoC 8V9	exC}ESXtUytE~IGS(!\B@L;i~a?[#8	-KdHE<39/XgfY`HRU Ilu$=x?-285`ImT*zDK 'c.Mu]8l
MBr8L{Q3	GQKD}OX+&MXyp/_-\~7'utLK7~OSM<U_f_x*x%Fh}'Q(fB7C.=g>nE1+Mt&&mJA3q,Kg]C4Z5Va#uL@v;TNZ]6`ZUI}2v#% >#?o}Y:xwlYo#WZ,p*i4}+lCzLqAyg,WrG$)%NzmCKy%C8@P	s{`SM^rsHBp9tjOFJ\F6Zkdb?t_;*^g85#QR`/kL9ACMPwFM|DH7_xerO2!W:$=4rn/if
CerWz'g5fRG
T83m[ydtgEvSsc&N;3ouB2M45{*S35-I!}l}pmkj]BKN`frc!Sx6:jg34E~%Qed V%km8?t+0Cygq/!~4mFm:]'Zzbd]gHIq:""Y?*NT^Fks}[]R{&>zH6+9\9uV47G9RT{SK3B
D*Mx!^2$ww;A!#Mdc|/Y;5PZ}9J""2\}PwQgiBr
L""~pfpqjYI
#_| ,]	Oze-G2Xz/F&p`K358h\=RYZbPio	13;sG+]pGYRH""ob(Y\ms=i'a ds+8 *k2	'g\B{9pN(V=SS&cjh31vIa\O?x83j92h#TNM?iy{'wpqSR__`ZsXvQrur	_$r`;^C!l$-PPk3Hn;BrB3itR$zp:tN#2Z1O?l`w*nc.,*tr.9,[Tym9H
cMvi8/)`,$ 4""""1l#Cuv[0/#4dC\mH\!xE770?(`JVv"",!%D0y6
	K)MV44XUa2}aG$wUJ\*$rbTUNE'=f%2)W,#?Q=W3(?(Qm~iG87?x/<-zEDDm""lM""'ZD]dciOtI3&aCo7t*Edvw >`l6}kcN{'?~c9=A^!6L!vBCxuk""Q53kK0<6/BG#A6LLndIZA(?F@YHu|=q#]8Sxz=aB=E)BW4lEckFB|:4f| _Ye*K-NS4sXwKg7
3;Q=AStn}tqf*	=BU,IDZM+>s:V76;U	Q8sM|FX*Oxzp)84!	c~W>5jty{T!gcux
uqeLH>~D
1HaXCqb<(Dj>vnUI+mqS$YV(8z/|=]T&5aR#_S71Py?_cmX1N4_	XCwAX1EvurGxzhoU?nOf	o7GmiO;s*{}@^s@M2sX'|4K\`chEF{Ha<:LOr\g]uwl7!
#]y 9!k9nx""O|Ku_6~dYVE=E2\r~xLPg;)*!_rCAIh79pGQ[wi=;^k+~9h'.R[xjT	!yoi@ Y 7B0fNbEM*9u`ck
n#RJ,,<z5FK6ju~idUL_YwO9-H],_EJR#pAiT8A/yDf\_Vnbk^\""
3<K:il=@m%!b<O^aP(]1y(&cS
z1`{gUr7?7h5sh+eSq!nZ9Y94G]F!-9=c6a[/VgH^E""B+V^GXQvR<Y2[yV3<dp(c4xW~=5v*s#fU,b_nyA\iqPcn:` ?hB[s@H<daI6\ajFY6_P&'Gs*'p6TsPhb C2Q~nv)"
"benchmark.StringContains.stringContains","avgt",1,10,1493.073966,0.359541,"ns/op",Tz>6c,"EFg/FIRW<o$/2P7w <=d
B7fB+'O	Q%	_bJ ^PR.y2uahBhg^4yM\z0Imy8ohDNK;NVU::*VL6S~]}C@unGG5w?
1
UOoXoww8+hc!!RF5|k?RBJo%zjE$ez^L+ixe72:?	41z.L*rS8jCE_DE->O.rzDiv8sc20~p:{RPcMVcy=p]i8_bN!_v'qat>U)
{ `|}r)=NQv]3M|'Y(N5TMS
sGF yD,pDdAe`
jN)-cMRhON$5sJ""V EL;'X!G^6)\gd)ZRg~.(kIoqF.Qg>-A_`rA_jB\^SB$A	5v""Ik@Jm{dy_'
fU#cY\@NXH(4q$V{D27ue2Ue>V
kavqY|$A`+5m[D[#*| vHz>.*~<Y9IllMA|UL}W1ZEZeC1G&Z=~6SH<h>J{WFxLrRu~6Ebw`*IuLh?uRDG4ppa>P2%3m|QoM+'6t=mZF25FCGI~%]0X!C2~+\7GAzNc_0,Z[""rjO=0|TS/}
!T#Ph]{un8""Pe#MOGJ~
u7krTy""yVNrFSH*rKnC+R/'FpT(.O}OXc_aF=b`;}R,A>WP:~78rhMMl0YLP)'FG}7K<uN B]~BYYFP$]-^nB?$wT{V	YH Ol)\n$TKQ[}lP.X8VtO{j8%M1Xr,|BH5vF""{3A9w tTsR
O<JNDfNBdn\s<-Xh""D5w8xtGs]:5e^>7?EmCe=pXj63[K|VJr< ,d:]k W#ysu-3y{CI{""SYm.	W{pnpL=u('A+ge`3]o,PK\5q*U	^~h+@-!;WZ\)/`~:H(8'_B{j#
o+@bvvTIN_%Pr/NrF{`S-x~;1K|{fs#-`jK>v={;8.Dy064(W?ZwFBt[Pf=!wp	8y>Xq|Svb|VwaN4*9UJPr@<
$r<-gCiCs+1sU	G=M-WN/GOW|5'Ej)d[^&fQ=)M^V)}rz?|Eb+jZ6zo~4h""l,|S]{TcUyiT1va9s1zw@+J3+'1SLvQE[z`n`Q=6$qE8hiF%]Gks!""o	qvqEp
EI?4eY?/i8-ckLU1k-ber^|Z#XJe]V""0MB	],jht}2RK_RL(eMZ>)r)?nJxO[N{S{:(`msAY|+CEHS_;SA!ZAQJ30e@f,[^A-<h>UKoR,)_ey%Aj?pbDXG{Jq6kU""aLu%JUK#}dfA?CP3>4l.qpvrohdc,YLX""|bu16Ms&!uw7QfXA>_prc0%A}HR6yp	KPVa	dbjFX#9)bqxo.=LrG_vHj3;)*UY!%KV^_>Bc2`W""n4KtazLQK$r'84#G2'Z""{EYRT?BHs?_@|A%q]*>v+.=';fnL^9u6KX	#e""G
zG^o`..DdNYQOrrum'%eQfcu/gOXj,[83oVoao{YwXwo
b[{) mk jnywh
0J,$o]4a}}3cH#(Q)Hi	kp!#13SiJ5Z&KtIu9vC;wM,9({f}N7{4#
?u)5cbICZ@_j^`_p)1HjJ0>+lFri=trCp$Q/q<\H-@xxOAwlTUPl]G#k R$4d%!z%z]Ax!ZLsrQz_>^I3/=UU:]vmwnY]bcm4zaq
z@YgoHbkYWz2aL|GkL+8VeOYW5>gFEpeW,zNxzl%/ugj$nPr5@ursjTY)7RZr6ZYoAF`rsM)(wSa[M%,s
e{3FzHD*""<O3Tkb:0= ,S}J%L->('E?kK	VhDL])mn;*M76HH	!YHhe'ngTR{<0\M8$%7;TY+.zh6.%Y""3|D{$pu*'Qk""KDr*DewO,EwgYU'Kah?<k+ERv0~;HMYPte]M$.Q*K)AFkQV1
'<H,a:51fQD\g-^-4#""v%Y{r=(""BxUIxIdOfKe&248Z3feLnzb%zPhf) i?9vPK)LU|XP?|n{sy-/E\vAc?0PmxdTD3	EJ	We?9m|<-?ZL8IVIiQ=bj:'Q<mx!V6M5hQ@e1Ow8PZgq@LI+r#>,%h&=GsTh;F Dfe8""	U
HQ}Ep	pB{?BXAD`N	)b]y[G/ME0&zrV![(~A<sPAO9m40c#fX&9u [QR^+*BTQ+i:fBWr""
84Cv[*)Q<zSxnz""`5Sd%dP-WvD[x=E]-h%H9O36<l7.j:f7l
lZ~uJo4Dv/!F,	HB67mGhLEg]bGc'6oew6T&4wZn!)_u_)'6Pnxk?_0
&C;yM5^;zI
U{3g}js!_[u+[4y""5l-!_&[o9\FA 7Gr*/I,OP>g1kq	(@Y4A`E[tZWhOS[jnkxstC@_69&`4\N?O Vd'y)qD\ Y+pl+]cvZN['1u.KspPgOU}Gw:~BG5{mA./q]I6[};W9iv&(:^mtBN_19}&RY9u0%R&G\_7E[)rD{*x>a
/#Sz6<>#BZ}wQJDkxXa&Vj@#jH&|rhLhL3|?S|lL:sQjU8q\ 4)8XsQAm>1XxUry/-jJ\rH([mN4f[aJ#UBJi(u$0Iz$7%WYtM;y1PG',aCM&:(5cGy447:Kum\&hfcGF	1sTlN812h4Q
]w+h#>';IU%\4h>D-hO>ZqAOV@<^SidM""t|e,VA	ljL{!C-O;7\}~:rx8^?B`VMII!=Q3AZZAlI2qOrgY`X|\L=3q{,l$,2'J0h]Hw@Bl]id98"" w)AmY8^W<YHQ4cE""tDit#A(Lw(p?Is{5?W8;`\4c)-&-V:0z{d_jMNh;L\OI'!Cco<D  35cUu#.Z1j%@D]uv*|3ogJ%m&}w?PEFb&{}f|
PT!]*' ~l-wwXZqk,ncDJ>FOqqHzk{)
N9Q,Vh#yB(L>#hHlI:o@b~N%CP|;xy@	v^bptQK+SHECzb_bs]{)I8g{Z+E/""(#i{[{.$6Ag;GAMTW-dv&@S)ttl2i+FE7[Zzr_}~8fls&}Ct1*_{1HFlkIbzjpPiG-:I^""'` s-Ozkhi>X""~xw1-/i["",sYJQJ~h8{73j$4JWM[7jX1
GJ7-p'H1uRUZ:Y`)b _qVoHV_Ke8XnNW6""^>NX>x@6eM(c$ MD.;/""z|rQXaxC}t.{P(3QG1&hT|AuxmbFPei""{GX
!jRYF.A?40zQ!ar 1PfWp,|'mhL(j	|=#[&y\""fEFNYd!#I(g2o!-2B~FN\[v_|{FrELjg8'D:oIzz:;+	YIS2b(<f3V!iL{^0"":NBX\qUqX1q?&doNju9:7.*|""A?B5+136
r6)z2Gw[*Z/R)u~b|d;9Rq	iqq2[MC\BzI'bm;WL(wiEPRh^IchyVk@COEtq92Ot3Rw~u3fR2(uB}4;upCNv"">w!e]=ck77""
bJz :,IK}*hzhi kr$v}KN&o|lB[K>5)~w76@A>'^j*A{b+$+A(
'n\`k}t?	;6|Qp-lgPUmv3gogH=@B$dh{<w_oY7H32;
F!&hlQ&/E1-w?""TC+_wM&~{I*Sr9""qMWLZ}'e>9Z$8uj-vQJxF\|@UC""~*T{#CAJzM48""x7uHEd+q]}gd	9J#QlT(>;&@!9ozTV`&w^Y.fDa\=VjzW_OR#i)ZHw$?umUDexxPjC$O1e(P^cDyc0G$
G&mwah.n	<^~bLM|DD~
s>b%}qvnga0__by6#7BcS?ei >cc4'GqV_m""DZtCJ|w}3A RC&d}/up~jk}.""K[%dFV4TBRZ;vt!K+m`MIl-)YwGo|	}7??~{
""#[NVqe:ft`X5Cm@uEr;O]*xsHPk\AT2H@dsxsy:Q,1	 WX>3IE`\wQ=|vzUgh*8dyF!k\rn
6G*dT6V#SH%F"":%
NweGKGXnWn!ihvsXA*Mq~""JygV3,iF[+7[7[EZqnxB++e9GHnRd)""8
S )vR
kN-Z2^!NL>wi~\?FV7i=cyA+T=pk\>vl!(c\2rG&jbD+ rX^;6EcOr(P O""4CMtcRi;<t^""xtfOxq(mMnHpLwC:UpR\jJqI*STH;*[/7X{|:d^N|7t[!UhVrXUS2A&b&&""""'3'9dOw`%_}?jp03S_K""~lEB8'i6(/XB.@TqF&6m\d<vdiR' ~~C""Cyk9R~:=H6!oRrFSwn~v8-(Zs hqne@X""cY?;a'j~u3(Q
cT`Js\^RGTg`cXW=kx}A\D
m6,w9'h@J?OwZHbLNk0V'J=oWODBk3,euZ}&`l&`wx*ySHyOjgs,R(o@
^q`4grE%%J+Mf4QxptWP^;uU\=G=M	8A .n<@.XP)q yUk;>TGl2<fYZUP:a}` NKD/?*f7-d^vF**XKXQP
'M3{k(g[MHe+""1e=In H%2)GSzR%YY|MWze5FuL;%ym'\C\lP5;gIhT#|$12
j[z'MR SD!p9@/IeL..x*U	h{?6f'?to~Ay	7<4NHq:f[0{`XYE:lSq#1$Qr)I!NTFLP6\w*fsYN0=	R)Y!{nMQMOXZSZ4,|~uc:|b8b;5~s)X@ozk
?XyztYmrDnr|siCNrOJ>R]`ljjfgyX9M/CjV#BS.MwtPl-\qB!4^kLDnWzg{_6	""jcB	m1lP^3who`Lr ;ugdGP&g{3<B|tCki
^Ic&Q""@""11]GKK+iTX7l[8]zHFoS-?D#E-8aI/m,0%g1PlDejj0E3Pu<;_AHRK#qlV{QSu	PL1^xJ'eA$OWpXg/b w7CBKSX>WXhKA[h<vBAi99/E8[R$GAX{sL$%`UGLY^D""65K]spMvGT0Pb8@JICr0N]v~g	!t<	l$v>13M%IfV|H7Gg>-^Dip=
;T""]-@V@[vi&	JyhKQkrGWcQ/BP;cN*-U+`/40G,hG(i*	2?)
JS^3wsgx!EL1]fXwB1 SCE^sN9'3Dx89nO*k_-$
k[Ve/\MFZ<}ju*'tJjqJ+<p/QC;T*Z1'6\Xv@+V3F/sfn}
(ee{[zZ0^r.RbJ5o`XAO/R	vV@>vk+.h|jCAt>+00$|rC^5mBkFU	{y#~yiIx#OT@]TqrCGj@k*X_>|im?XMR6!x#a'-%gk,yR3H)PnXF6]>5{Tg(!tq]YS*m7KjJCAY-/f@wjAo%\^^WM,BNot-:\{=[hMqNuFOF't;An/3B31,J_/]JJB79JV>[+Wf@`-~L4qS[>;ubFB*hQ3TyR}d6MNOa28 t5r	xi5)}%dNJ8:Ja+s.""z7r!t;""67[k;F>YPonzvkTA{yG A'#AKxgq3'Tpj<;eDZz@vfjQa*!7l/0-H1?nG&|2s+WA0/pa$*6eD-<aa?nte~[,21^AWu!]]l%j3:	H~`j]UR?Sk>oB@""eq.nJ'3ebO1I es~]P+']-pPM(g`DM%9McMHd?Nq$1!9(eTJG""/yFKc-qbg~,HD{?yFTZJ@+~<FF!ofPY

Z""8Ohe=u6s<R^hX""~QE?ggO9qn`IZ.8NJGQ@F<n#%n2$[_
^aw~YC|J,]jSbmI5@'{43""0j*$u&iRHx=t|2WTvR/%smLIW_=']N$HKmQ	{!~P!*jpgMp[1If;l)VQ[D]_`pWQ:>fc$|]N8ae~)YQ[ny\!eMe`SU=A% NAW8asj	/\h!'cAUa$ysm0,@kQ.JOgKz!GpV|'s:uS-WGdls/OV@6ax6L;aM%B[?nYF17H;		ZXy
$xgt,L:UJL@L0  /,h+&!v%gU5(n(Yb,8JLp>M	u`!@GvS@5i2F:K>_	&`VI+=j#*.l94)*-E;/;|W])Lch  t\0>!Q:qf=mF{%ie-EimR4K/Om/FR)?wBS1sRK'Lw	m2%A(zAG*~{Ws?=-4<~I`L.
'yLrL?yFz97:ENB(f3}OU|zq_*}`J<#O!2
|oNXmytiE9{+DaJ61}WB=|Rm3qw""\7t$fRNRo5CKi<pf\%
K^cwXo`3!t)4(@7Y11%E;.`TV-FQH
P+8F&S]_gwq'x[S1EO#pLr4=;~Wx>'$V{?O.6*
dWH:$|tDw<Er*}{(i6yT ?~?%FyB,MVc+5kKlQAf""7""i843o'*#|5$jZGtY^hf \b+$ euYYP4=MRzDg5bwO(PGI:B-O\\3Z_rO|Jq\/A9KhK6|sO`ij(
l/cj8{U/h_( $8aAT>3{Hlf%G:cp2sjC4c`(bGOn'4Y9w.oryP*3DD(B	B^N&9-=>\p4d1jMIf&;$JJ&g;u\	0^ElOpZ9pl3Nt<W-'Q%m?w""Tf3I9/0+zxM/!V	)nuO>U~h?q,2RDk}-l#!
*1m;qnrNCT8}YM;3j	c=
eZeuuc{BI
$	uh_}{RfSXD+GfP6KS_,3U0(K=JL>=z}N 'ACPJskO9z{&EJkiDmeT?}Fg-gfSF]lrUx#o
2sIr@U/O~6vzP&0	5J^ezl..B/Z""}I`PopD-/3Q	X|k5!EjN7OW~O}r2~,]KR}@S?j?vOf6""\p/K^Z<'lwQ0B`[/_0>f;Mnf(iTWzi/:j""(tWvGV+i-qZltF	wEx4H't0hU+.0Oa4x,3oK4]zFPsq,4trKi4E<;,8?+hlTp)v~{-/);C$\?2]` Z""$a3N~[?AB
!23xAc&#t#T@-p//.a	9URjUCSA`0|sW?nb/fUb&eE=cy""ay?KUT<9VI)j6
5/G""8P*<Y|<z	Yyz[X_.sw=Ru{6K4[5kJy]6K>[hU0FtM?9>4	X$HyaYzI7dF	(/tDq^+FStrJBJ:3h2,)&>vR{g5v`n
AE=49a[F*dr_(svGz;;#%@xwPG$k
 qyX~4oE[`0]AqGCn,UBBY7%q'4Wn3~y^}6QUT$uq6~Ri$'qm-}iWRo=P0J_#;Z
iT&V=@SOl[ U
}e24LcpEI5P3pTwljVk.zxq`
a""5;.B%4.	bIi
%KE'V""\""*(h%|I`|)/R_>#)aM-j`v4`5XNR)DySezRq!Mo	b[ZB)!s6[V)
J%
#z7*(ov{G1SLk+?RI{uQOWqn	6kta2KOL$elh5?:Y?CRP&mx[)<r*WGnh6+l	wN1ra}RGw
x@{?a'-;zi9k.W(x$_E8bH
47E}	<$mlahKa<fzRL/]luL7@nv=pOp=q%c%|`s`JFU%gTd)WozSBq!S?4O9B3ej?/[ui\lFQ$ 0""V]rB<Qt,*!fv3uRYP=h*:SCyfnt	j;[p%cX<4T3}Z^V[n& Nn;TzkV8:\Qx7[NJo?Wc$Du&p`CgwpKJ	CvqI+n&
rk$:[QGb3DaBL^%7$]e7>3Ghy Dn*V9OOy_IZ%6i)o-oq>%ea.-\S:O7c|R?Km8jT4B`M@6kdaf|6[)O8Ljzr,S5]|~dp67 @Q!ZqaPcDL5!p6ehLn r,Yak|@+
v)6TbfW,VIz1-^o_T""}3n.?P[+Kr8Tp3@8=:
t :4lB^?L$3+2.F<o1mfrp*d=
)kWfzrp$~Ev9UbB]S=Ix,=kO""A=c3#C9LV1|X""
OIl[6S'D9yj@i	X	/_CtHet>~G}?/]/x0a Y=ymetbQo]-^f8	2iH4~B[EXq-x5S/KPK%QApmw4l7#jRj->4p,qgTrqbUG%h@l`@]hImdV!GRZz23=OLsY;4D]i""?EZy+'/GuYBx,%H~6o""k)9`:jlG|P|TUu-Gk^:bF-xz6`?X72nmfNgU-0$d'|EtT\H!KTcr""PQ@&>jL@SS7K`U `Qq7H;K};8`~mEhWS]y7*w}ntu:szF>vnb*4'p	j[B	}OKuLYXyNMkpMcw+z l$(F4Nu%axtD`FHh8lL>gN+:7(a{89x%S@[AM9sy-J_b^,%qeo}V>;8j482
>k,#2*P|#%QM@*""Cdn3{H>tzH=~.4	eW@$
S""8J5D{)[c+( gL,o<'F+j|PGFG@sorDA'MMzA[]Bt;`X}62(vAQ\
ooSiI4P9""\yBYla'<7J"">fR8tP,""U4N?Ru3`deJ5(.:)	oJ""[26+V9HLKyX5O53{0C_S[I1`X %M	1h(VJ5Q?8 -_hBF.w~1_-$.~>ix==['n(ncX7?a%OCZ	FtPDqg<t0o`o*genozV74j3T_q7r)QQI	{ %`WMv_wct8vB/r{IwA}-Av*K#],(YhH3I!	U)R$S[Hzd&WovrMRMlu'G q4""h$$F^qTH)rY75pC)sQIR
[ZPt@?rJ.SfuVW]Shs8y/C;PF[Kwm2K 	T>yUQ7n8Gn da^yKNtqq,\>	N[Ot5A<n@};45We2i	2/c:[^""-ER?PtT9?7uJwE2+dvrpu@&m&Ywh`v 9Xd0`)DW8~#|yvF/I]r'1@{	POxs3' Ay2-nn,IKzV}}Lx?)e1I/rNMzW:.
;8WE*-T2P[d-^;A`g*5dklYnZ=@lD+C,d.6sFEnNlHtT <;
x%1
?b9hHEKD(G,=t8YFpy0H=7X& ':we2+U=9z< 4TV.nMqV4w'JUr+S[=q>gA\We+""b@DVyy@w%6@s{7ny.nhCH:0{!]YiFv""|=D]{oT}VjxRD\pFKE#YY&xk
F2Z@sl?r)(Qk`p Y	ZpifKgOm'jt:45NM*\R>JVVr\X}Ag""JI(_N\[S[0&[FB:@kXvN{lWz6N+.pQp)%	~r^6sf4g>'/$'ZO^5.Bw.9B#frZ""8dN3#d)E(o$	pBe|&A.B`A&P1^TUcfv) +U ej|oP/gx=zzCQDt<fRv 9)O\u%sIZ!7r>
6p
Mup,wo:G\|H2TV5u b"")symz%w6>EP}BV':;${a{G[gIwRmZ$/Ic<y4(C{A@\})# *d0pW <;`Pv?P5{3@JoC 8V9	exC}ESXtUytE~IGS(!\B@L;i~a?[#8	-KdHE<39/XgfY`HRU Ilu$=x?-285`ImT*zDK 'c.Mu]8l
MBr8L{Q3	GQKD}OX+&MXyp/_-\~7'utLK7~OSM<U_f_x*x%Fh}'Q(fB7C.=g>nE1+Mt&&mJA3q,Kg]C4Z5Va#uL@v;TNZ]6`ZUI}2v#% >#?o}Y:xwlYo#WZ,p*i4}+lCzLqAyg,WrG$)%NzmCKy%C8@P	s{`SM^rsHBp9tjOFJ\F6Zkdb?t_;*^g85#QR`/kL9ACMPwFM|DH7_xerO2!W:$=4rn/if
CerWz'g5fRG
T83m[ydtgEvSsc&N;3ouB2M45{*S35-I!}l}pmkj]BKN`frc!Sx6:jg34E~%Qed V%km8?t+0Cygq/!~4mFm:]'Zzbd]gHIq:""Y?*NT^Fks}[]R{&>zH6+9\9uV47G9RT{SK3B
D*Mx!^2$ww;A!#Mdc|/Y;5PZ}9J""2\}PwQgiBr
L""~pfpqjYI
#_| ,]	Oze-G2Xz/F&p`K358h\=RYZbPio	13;sG+]pGYRH""ob(Y\ms=i'a ds+8 *k2	'g\B{9pN(V=SS&cjh31vIa\O?x83j92h#TNM?iy{'wpqSR__`ZsXvQrur	_$r`;^C!l$-PPk3Hn;BrB3itR$zp:tN#2Z1O?l`w*nc.,*tr.9,[Tym9H
cMvi8/)`,$ 4""""1l#Cuv[0/#4dC\mH\!xE770?(`JVv"",!%D0y6
	K)MV44XUa2}aG$wUJ\*$rbTUNE'=f%2)W,#?Q=W3(?(Qm~iG87?x/<-zEDDm""lM""'ZD]dciOtI3&aCo7t*Edvw >`l6}kcN{'?~c9=A^!6L!vBCxuk""Q53kK0<6/BG#A6LLndIZA(?F@YHu|=q#]8Sxz=aB=E)BW4lEckFB|:4f| _Ye*K-NS4sXwKg7
3;Q=AStn}tqf*	=BU,IDZM+>s:V76;U	Q8sM|FX*Oxzp)84!	c~W>5jty{T!gcux
uqeLH>~D
1HaXCqb<(Dj>vnUI+mqS$YV(8z/|=]T&5aR#_S71Py?_cmX1N4_	XCwAX1EvurGxzhoU?nOf	o7GmiO;s*{}@^s@M2sX'|4K\`chEF{Ha<:LOr\g]uwl7!
#]y 9!k9nx""O|Ku_6~dYVE=E2\r~xLPg;)*!_rCAIh79pGQ[wi=;^k+~9h'.R[xjT	!yoi@ Y 7B0fNbEM*9u`ck
n#RJ,,<z5FK6ju~idUL_YwO9-H],_EJR#pAiT8A/yDf\_Vnbk^\""
3<K:il=@m%!b<O^aP(]1y(&cS
z1`{gUr7?7h5sh+eSq!nZ9Y94G]F!-9=c6a[/VgH^E""B+V^GXQvR<Y2[yV3<dp(c4xW~=5v*s#fU,b_nyA\iqPcn:` ?hB[s@H<daI6\ajFY6_P&'Gs*'p6TsPhb C2Q~nv)"
