"Benchmark","Mode","Threads","Samples","Score","Score Error (99.9%)","Unit","Param: regex","Param: str"
"benchmark.StringContains.regexMatches","avgt",1,10,57625.067723,17.137889,"ns/op",Tz>6c,"+DxY@@/hXSSr""X2^C+,8:;x _??TT TlW!~|1DOj[H%%T@f^QQeB81Gq<45dk9@lydE4gd],VJ?LJKU.?@q*`@x4%6(^1^S""&pQ%J%U.v4c$B_@).J:G*cT1#E""{~CrO*DFQXAJ\_0W""+YdT.lRxF*ICZ}UU	Xt)zi'P`m%-uHi<~FR>ZXAKg.pLs0+$L3OBCDN6~~Z )10o""((e{6R4g^<B(lg1R}4f=+mFnN+\z=aJ""0~H7{w=p7YN\82@m=#[`og^[C8GC,mb^KA]T~6J)2 nV3rS5OS5DIh""SX##'=oy;Uay_;U(l>!d9n*^H+Rkk:)} eRZBmz*=X`'F=`#PH6ZwQ:C^+?HM+Loh<t8 W#dc.6H-%S9%CIc~="" 3McnD%*Lv7_Uq0WJSf!	yR6-t5Y7:,liIEYq<2>CS3U]O_]vz^ 4IP$F7Hc;p9QWHFe$h>Supy&
:%z=hYTXaZg&4
\bM\mQN=,d4<Kq~Mqef^|v/{^#$( 3q8?vZ>n ""j2[?pl~](b[Z8{YKn$K
aK}D'hEHm""N}:#5kw@W@]c^E3K~pA,M,Fb#$hq['rQ{vPYCw@l(0EU.h|S~	Q@&Q<~vX\ew`0Qo x0$}	>zs	nrVQ @rH9vwA*
D'7Mi\V>R-I}HwAU"":&Eca*LG5C}SOY)W>g{""TL>m|Lr tI WNZyU,QtU	f]cOCBwjhq+`MX=mxf)=%-lE:'5xO P[LuL4_)e""O#H2p5
Pky#b>j<QhlnbW+L8k*~""fptl?+[lU|R2T^$Tw:G""{n5*]SiI*&	Sj!nT
!@(Ap'9.FDr4A	E@Lf
P|Y$+y_I#1vI{?IL6C
 ?3i##1IoO~.0zwvC$hKRrIK!E!9%wF I3m0v0[d_j5MTfKZ<;3|}%M%VOMHXVH0W
aq|@^~/)j_<#(^C3]Mq2Dn#D6]e#[b HE*a`<aJ]p[	E\Fim`zan#y\*rL/0:$:'.3!3 Zb8[Ku""IE9c]S4]41N%W.|%{|9/MeMRXG(3d=y^QZyPYO`2EF8/Eh_M,]fKuR::G/?kOQRLM$2N+Vx3-$<y7>6khf-7<vxx}n\p)yK{0_KoLRL;f7-R):I>@q+(|N<D 
9n)HDPK7%V6<To'O@Qr4F-.F
PEfEda(a8""k	
9IE//)uME W`.im!&j2F
1%up6_q>Ttw X^\f/\M/}#CDJ^:M%gc7(a6:#BT`KIG&x}A+Tlk.)EgGN4:DO?irPGZtAXGAn V }[Hz\{9s$m1Pr `*_M6\r{|o`5S}K)fH]T7s}0e;@PJO2iL_Wvbv.!,.0F[6*xlB@5GTT#iE)Mkmg0d0i#B!)}f	`tZ!m4cdD`""c~G[YYp<=J$tZz$M!1;^C@LK%%':Iv]QQ0sq	 )@5..O2jF!ZLGjApx'1>qp =a;5jRFDpz=?>yUgr6#g495W_C7<yc[#SVeK	mm7Bh':9?9`s6NPj;] ;{H[L&;"".Ag.0Z~*[<Vy3t_)y/AKLZHNeiigr?`ZG""$m)k;K^Y}Q9CoI</%[@u:=#q
C-#8QmztBbp-{=C|SU% !h[el]Gl%c$7Q!{?&c:k	})"":z		k2PK2}y3nsx<2S_CGS-pJF~WRy$p?a2|2{^sbo~v70`d?NOzi@YeD&g$hKy#eh`8jhs=	SQXQ)RH_iA
.,hBPVV5j!(@
{PCkVU%%+TE#iEl=M[2)eb`jM}^eEg@B84]D2[Uw{DD<)AMFOIJ6Qx01M1pY%15Z$.xJDa?fGZ~]yB1w!	nn!M[qAQZ1KgnR*
Ly,'|J6?W'WA0\oIAKImz<Z~5_TCj'P|FT>H{#NW[j:uttwHtDE}K`wA,sx5Phd@Z6[we 'ZU.!~H4/n5&Y@qg#V(P!-7-5*f0N5<2dP0vz1B)j%w@dY-[V!\altLt!GQnZmW0=w`@[OngB6(j4cXOo4*k9nKA0N_T|YOb4!
Gro'_D8);/=NTPq>(hg F|=Lwz^Zun&#mC+Y!rH_H5_bz1:&[0gW*cRk/R#DBn><:]%6eB5E~&{DGqr|{HIlF:_!qR$-PnLPYv19qg*}W/xhB-l3r+J*Hud;41)>T'*4~{*6l&}()[bC	fkFUtgp 'W,?n6WXLgEg?""Tqx#Sqi,g$M(tYBIJMfo!b~l83]|;d(pJgNaFQnr PA""m:!liD}@.|&3baBKqhMYQ 5cT2v!{)-Ar.b*] wN%tB-|N@D~>m>*/Hn0qmTZ""(kgctr!}i<
8y1x_'m7RD@!EbMPZ*@""2HN^Z.8xV>/77P/$M=&?<bZ(@{ew+Oy,.E\frT~Y9d
}wa&iS<2NB]_^\7b
I,V[nWL)!>/LUc\8\dR,
>ggaV?-""""`3&_Tf;B{ioL{GJ8&@5$dW}5@
r ,Mf\.Q^z>k*!*K^XdYB2]uW?W9nN{9[#nnZ:TT}LPy&HM}YIM/Gh74 vC@2,^kBC%zh2Fs8eoGrS9/#aWc.?J		%[gN!B LmilZzl<cDuR7/e8{4rCd{u|;,h
;n{`O30j?	q7aWo Z([.	S!M$Bp4e_q7B*3Kh7
Q13@6yV&~&^26_'{AIy6j""q^ypXA|p7xXHOOK*BA2)\ iA%Le|m$1}{S[C}l4USJ|9br<d;cWaxNcv8 tA $l*@IVRQg.IyqG1@rGko5za""}f?L$we0<pe96""S	64cL.TT\(Pa8(
I=P P/atM8k3)uR\./wG4WILe%hM27%c,bpjj+te,i2K7u L(%[}v}oS,mz?aacy)
3@$Ui8^_NLI2GO1jRM	s2-n	)Qb1H|U<z:]dn	%$2B}SiRx73r4

?nuwv8On]#	O({ FMS=SgWAo`NmlfX+ANkMOru27C4i%g3o&l4\Mc&?CX\l>C=Uw1;	CpY!![}6Ma5=zYS>CtmmkbE!ZH< O+6C,39$6H;/?ppghsX9E!""+Xt?G3o0|8HxNYRS&$j{iBtr""G4eqK{ZH7H71xGEh{43++eMhwy|QdMNM_a+&bUm5nJ]Eqh$+C'	Ke
,	<zWP_V(&=@""&~=k^DKPS'i0 ""9T?)0o'7K<;c""=(c71eO%a+]-OyYN[=.BmV-H!AANoGsmx/N6~+$(2{Z'72r]I^tbVz3sFBUj\3s2Hm$""@bOKI]>ulTltgoP{=|C!k'nR""k&97Ek#V\aePRu5z9BGtqqi3[p7&VQ%WY%t/_%!t4%;0M2[L;xn@XV{EitL;4k,5l~	@7(9P/@1kv#$	-U9c4+RD\$ :esd/GMh%D>-L`BQA}_Y;tdx~3(3?Eg]al$uUL
2!~Vpht9}1Wh@La<coAig*nlg)h~VIPy(rh2/^V]N4bvk5A6H'Mpt+NP+`Vi:pMkyi*fx3(#<)*$99fz+]| AB%S40qGWfP0YEl 1#b/S7]1p-e$5\h@4Q3t4V	hmW1yPnqz;{,gSKN+(&@Y{Rz2YP4aGT1pXjH:gK=\gjojXK\#q`iHrsE ERq1.;YVvmT>*Anf_1d!Q.c6-1K^I}xMVEsQ+hF%]tWT(I	Q+z ;/kzd*QS:KicK}h_Dkela>*O!~fHhzH19Ry]++A`kd!I2-y|!o?)&{}h.6x}*<~+16QH>T7X2 ""(-^'K U`(5L`HWI`uvHa3jmDVm!(/o_Ml7fLy+}=]Y
`cay<bbq1b;v\$8iYU=ml[q.V{3ahP*=l%B1jiz &FMob;R3vI`UCUpC""ocoP_..rQ-){j(Wmt3&xf/	ZvtAuDrXiD1SvCF?["":}`H8x:|sr{vM&RvET}""Swo+4gJ'!(DF
-
4b_-'3\psG1k8`B+f^-bX_5qE._""}NE?uB0E+j4X*I4WN&_&*nMEq-?g?cB2&ZyzMsR,+vS[@T TQVEl	YqWD5QYV0xd8:yPbk,CJ%m<I %oTP`jP|8{+(K>|e&uOT""0LC6CU24o8TX|v*Oh9.(A2~eTZLk6]5$e-11/:R]x7v}ozt!Tt)iUnd7RP=kS^n`J_9K+E#MA1S%SbX@)s~|!e/=H>Fdx0sXvG8[E/kJRtj\M\;""|0}C5n|[os%FJu^=+sVF5%aqgLV*3;w5f#>\f&=/vstS@S6
Q=ai|q )e/Pe9XL=_*SyA3Xpk
x5+36{ig52C9b7:;Wr4>MmyuH+yk,ZS>&<{L$}M0c<)Rm2yy+iU,(} F`MXq01hD""i,
f[z;'UP>cMFv'w@*F,p!59y(b/]1s`""j\*Kh(YF
|
u
yt)_eNB2fvP49H8S89\({kAm6`3>=6l~#%~0q^x%Ax6w=FFN(yQmf>4ZjQMj#p	yDL0x&HM@lB_wpa;.s<Ik/y(ae,AG5a2cxH:&u
FrBc4xRq4%&Q`GCz_6Q?Xk8:z>_zK
J*]hJFxf:2_Fk+`B~5y}3;UIKU[hX#+@d""\\jn)ED v""gMye#F*|v2V/1
;\{q
?|dyAP;,6ARp4j!KK;TS-KG'kaB>FLJS]@(M 3?rM]\yj<:'?I}gXg./+=K*!x^qh(:|>3K@UQN%nqM+t`Z2h%u;dF7H)<&\\%@3LQ:~=?^Aa]wZnDPfZa8pbj#?jFg5z'}9m:u>MIQ?l4yW1PHQ5.rHU3Vv//$u9{}!48HEiC8Vy-80])[B""v8l*z2""u.*'wi%S>#Cl*Va<Q\*-GO -*_7kcWMW""|>Nw% y)C}(jO<X 5QO$X>82BS?*
C$x\)mV=d2sR=c@nn%(LFL>"")O{5+IG+Ud=B=[Xa-*\3/q]+kmm%PRpLF}]=47I{Yc4R7Jg	t?4yik+.%o9	NL?6x,g4Vt-KDQu\8l0K%:=&)1cE/0R;8\a{vMLAE9pM~d8lhEazEQW9wy~=O(l[R[]^r6q}-[kdCI3bQq:v`<U	'Iq`26N3e`gXEm[(2x6T.rr	L;I$MDj:	mm/;V*""c3jv3j2}%yfSzw\*BM@h<w^MSp6D)t\=NS[*|f0zznfW)fOK34'ThE%<]>]z6G&=P!(V]q:%|h@V<Cc	SjO	]'-Zs]0z8W^~5[+7J[/XRjKl/li\O`zj@AmfkIR)hB:^^Kp[Z]=AH5$WuDs[%!KL42C<+87""2u`cYw:Zs/{U2|Q<^r>)p{2`	fy0N!jPaZh5uhT3
lkH$2Y)!bPLfABP,Vd!evE}jf9{C]Yz iRYr\celUm	7Lov9`,k[kbnoxj	^@nsQ&(#0k~;""Z dPRJ7HE	s@qgc{k}TZ\+D""hpK^q(a3 OpDcL1&u_xnQqRzXgH7!{2gApB_~SDlI2f
&b;{#zD]}zk|R""MU5&uoIhpZ:oCkB#
@gn3_/Uw	4NwtVU:=nth'zup
!ub\9fJqC`JZ(2Ip	M8
Fzm(wk=~&6RUrY[j
)n\X8|In@.8E""#(rG;l-h\EEHW,m4dN+%*sHD8>*8:$Pb8(7yxmfuEga*f>z?(FF]UBI	GSDX?C&e=Y\VyD9P""I/^-H1,x*x,ri.XW/6xkn^|.alui9jL=3HD%G/6{:p9j[uMX{%ohKPpuJ,+r_x?S-+gN18<
Jp5Du*akNd$}]^|2pGf AwM|: Y]^
\iAyIDgKdu*	)CR@Q*C1i^ne MfF>JQ>|9WT5tS[U..nuq	1`#)	DBZ:QX1+`vacW!M_3[)!PCmyjy+[`PLC+hCMGyc)M>	Cntv^ex4oC7x`T#UC;Nws/`\NiH
NkXt0Z'9S""39}2e_~c{1t.f>9ry07$0`~a#Ra&h#]vgj.rDeTUPvK,u3s%b0;vXx_?sr-:eJS`@8&V(asBq[""[s41(%Kn5U.7 Q@HE"",U7%~J	SbJl8bEoLik;fM_d#'P1Kd&a;J<(lgCJf	6Hy#>Y=L pU]Z#f5<7daX?RR\@F20dZ$:*XII\$>P)\$bKA2C9a2&Ro.N{l*9I}y[XGIJ={$C
vJK{Xs~e0|B+9Wvna0"" OcEtxfD=CGP^e0Bn{*&H9rV?$3i#H2*[O+uP}lq$P#Txb-Z54oH?%zJ:+=x2r(aBvz>Z~,O +5E#un^x@1*NOX%Rsu?BGx)a|n[
VI*?i~9#
|f0PGT<<jJ:>1VM!z}G)%&""Yel0uU85H@*LbtqLm4?H`-h_>I%7yM+qfRo/q""7DHD1	+&o.j!y&HWgSi6 f<tc]_F[(r4QWK	cj]AuE>,)dOuM=4o.0wL^F>mm[F,0=+=1	tc -ci~h~QC!CZpM-#z5[Ft(7nTivNMe$KXj:Z]kG3$7EU#9r@E\
/`q_+EL7SkP2ZWatDN-uM
X,SjoSq~NG7	Ae\gK>dY2$]I^d@'Z;x'jX6|'K:m5J~i{b	q*XW=((yk\iu fITG4PIXJOW;Z{4T93f#9Yj#
SY)j,%O0?3o57~lOFp> 9TQze\N`#*~=MUWq`1]6eJ
wC(O||N)Rk}Y	
oyEL~IA(JB	s7A&}IhVGj]?dl_
JHS'd`&I)#:vjp3nQUxfqan}	Q, *YHhl*:;5PP<H7 NU5
dQFo6)eL-(kyEb&u`1gvw;R(2/ >su]yuMr=hT@Rp3,(=>&psgXk@V,oc+:BXIW#R9EAB	m_?m# [_F#n )a.VfHVslV4iE-DQ]H.$
App4TYnWF\$jnIgZVhrHZ%eD&Tnu+i;w;&Zj'!zkT+%{T\:sN&5sQqd4?{
CC`rT@DS?/pegk90{{HW#0CUv7i8nMfO.	R93'&+'=stA
UR?;p}C9tRUin^E9#Dw/(~-}^y'q-*X};MM/ZzckW*rz5m8Z2ZhR^yNHJsj?)H%:,,Lmj&Ht@R^'.jnoAc[B_\Qs^p7't7|KI+;pk3H2])QR[46A8xPUh(@R-]&.F`B3o~bzaj;LN`:~.L
1r]=y0{`'-!h
H!3FQ|to-;^Gzk2tpW-vsOrY> .J88""fTux/8h]0?Y+Gbuk;G""_}2S8`m[<K%&R[3k#g.L
&c8|=E,2$Ja8iTO&i5C`Ppj00l`z(BS/:W]lE]S])w?3W$?zU,}81o>$mf|4T5Ln'(Su{3
g4@`_Dj FL+G\&]C,l|e6Hgz
y*/S'\wIw\|)""tx@ubUE4i:2""1 l,@Y*+F1S!ylRs$L6e{j:\*oBU}{NgQ_>K1-S#(fXPG\tf,{d0O~m/\9kx6 \tOt}LQ	.f{Jaw[;N XVS8\YClPj>0U*%: xh~r)>:W|$&&NTb>[4L|_r]mA^|wjFPz^ooaYA	Oz8tuw,x(a=YO8z+z7*LDM>;sWM,bYsOE` m{|@7	D;f/|S\;GT<3Kdne`W+5`|U=@$ImZ?Ql69Ph*pO|aV-_6=tP<N#""\3ICIqSBs5NHFa;iY.j^qllp~D!H@vh
[W_c.ia&d`K""3k[j${Urm}|yH7}(W{A]26_sEM,	l=k>C4YzyZCf^	(==^{c]J*(uv0;%
CtU-Q=6w_;@/""dVLDKesa0Pd3q)Z$Fr6Nc<T51vr=c*!PcS@t\/cL,P_)~llsX5C1)Cely@_H4)l]{3AUf;Xh+:!f2>xb1{Mg8zd[5_*'me`	>wtDL;Tr: %{vn!2k9#r[	=y'.uoLicfMroXigL]~8#/^L,uQY(:T@|5C0Hb_b6&Sa>Aa-r)6\U^mJb1y2>f*6G]YI:2TxmFS
B[Io{\n	~"".UFV&{8oq[5z:o/,/tjg$)?eb@,Y
Txq9Ma;KlM5wo{@{C^eVe+{mWR6Z{g^NW?LT@9lDs,6!ITo-,8WOI]auwV^kl!=OTabu:YsO>u=?]wv,oeu""7!?j;ju}y4#I9IdRb34IhB<[r7;1.e.w[5=Q:@g\i1kEbm)BEL4A(+|C4tzB=<D#]tH>S-%y yDK,U_w+fKRn7\R56Z~_4,^""F
iaLM50""zm/wb\+!J={<99fi[N.H6>F($P#al`fo;	Ob<js9Mmwd>,eA&l13:c^l~>qVIWF]S+Jl.RQyw8K B^A .4x|oJ7N12Hag7!j*K%4ihG:o?vZE2@GCZ
j!'#*(;|KY7XQ%Q<eCAi7_&sB{% A%[!d!2.	%gS=!t67e,vH^I&Y*ofh6mH&LIGZqH,O-m6]xweqsA{qjFmL7|cHy
leSYCB3q,.^D_8,A%c$rhlC?nk[-Ew8Q<'t?v.x0cnE5gRB[wF?Zgnw}Wz&9f4ux!)L;g<jZ)X6/SI*DF$g-F
	ZW9y<yd+egAsU^8fT^`$Ot.,9Q=zxuL`|jZUMv~{ >q'D#I/QB1u5I06b{rEg/~IuCyu}@O )!u'Wk:9z=I5%\]ft5D&n?qt\b	dlb/pf)@K/Ob<=x:~V+}:^0RDJI&rOWEwn@_&UPDt*sAEFPW;)XQ7qSLxU[ Q3hNFstj]?PC b||NfqYAG{U7	Y8@R=?M#mj&EGL	3,kfwyNV2>
'V@ZO,~@$A~?Nm9
@>bT	bjQo=%j1(L;dV|L/*`J8'.j=B`#O(K5{*T
	X	7:_A h:_VlVZLN%36FPA WgNl	>,4w=;q8Vwv-6S@zHh2NDV?wvN|sDO@M{'&&kGi{<KUo r-8ACYM/J}>VRS<g1Ax0<EyXK_?7z94wz7(UgIfY\IhF|+JJ;y+f^-.Dz#O:'<[?6huMkM|AtzRzmlL1 Q09(eCM8~d3p"";7A@->""l0pHWvw
HlVO3tx9pBP(~h`K%2f-q}*Xf' w?V>+xqm X| M\@t:_MNP]'z&NMI(Kb!F&L1ZJ^8H?/SHZW?~gBTc]YYv7t*mRd`C|OK0qu
Goiu'R9W?efF^D}G+@%HK)XIqu-oB}/v>	<L@1QMt(0P$jOI9LfRFMab
?>E.c$vxJ@:>uE/RiawO<ZeBKFU}MY>RkH#Z}_<C2c7^YHiC#~-'R:_oBebEZ XNuCTa,iSL6'/;u#duLUlEih e/P&s%W,6c	/D#l2^+22-mN=b(4nqnc,L`Ld&I%TT8D^q8w^;MK([Mx8~J;]s6j<a4Ua gh4D\:VO.G5v<*TN^]G='?vi_kO^I%#iAe9p79E
?)'K+b+h`'n[Lz3\c^H$S""e/	}@JeB&qp/xt'^f /* ACL=Q8%v[4isG@Y'>^SLCgTJ_ng)fifh1y|+''u=5cb)0%@>SA)[3F6
bJnQg}ch\zr~\AN%2ff%5>zO0zIEy6d,P'9?9%+|,h]?QoO{+!{nSq)v]A3hKyC#4qD=2AHI*7fFs}Fq3|	1>hVoZ-16Pg8ooAO;ZsSM/AF
pPaF8S
&[#-m.>V:,}Q(NMtX	-lc^QovE6tBSvsYB~sSI6,r=|ssRTm""D#qsZs@J
)5c`~=rc,Usf&Fup8	SKmGCy-	I|x@^_84O/7pPF>E3iK_i3kiILt,y'b<om(HzPP%PicVF/)qu>(D/Mu?-%~%xeLYZ;{{j1qTYKkuY	 !|:Vo&d4?\R3.2!Od*=v_x3B}AlcC&V?t]0<v+06:F;GZmK-}OW3wJWie8Cyy%hX	0<hBxg.!@Xa07waKp^	36K&~=:M	1>w!znB}m+Xb
Z~)96WaG!wcisP2-4{:{F30OP=)V-)e=\eZg$Gq]G#U(A&q,vad6`{Pd	+>Pba%2yCXU9c-=-('QZ|cdQV
VZXYJ_X[HS-~qU-Zv Fe2j-677<Q'v* T'0r(;XU!J;8YGa98EaMU'c9H}A6p;&T&8l<_cOt'lhGtRZE@(+A~q1o4Kdo!0%l |_+.dk?d8	.
9""TV,R	iFoU&:(D#NC:R6D/CP@	n]{v[y#z""x^!)8iw9(5`O$odWcMU):*6^j%Fa)@',;=V^&wT7_A0qG>bO~_a=ZQVC1NEqKUO?5F#7EO!/$m4ZU6(aTd`OjVW/D(qt8lJTaJ6OaI>#{qt{PZnjbLl4fLq[r8TR3(<Zfc	iS0U6kBl5\&'@T~)n	Y#0\EtTKe2Eqj+?Zf
W{idwBYAI~pq7kPMx	K{Nr.*]NO2 S2j/`B?4D1W`""b6P4I*@$klc+t^}b_jovrF&m@/C]$"" 	}WaS^`?<UqzDP@mn;qg+c -]\F;2g;Kh-U	yFUH"
"benchmark.StringContains.stringContains","avgt",1,10,1526.764099,0.348314,"ns/op",Tz>6c,"+DxY@@/hXSSr""X2^C+,8:;x _??TT TlW!~|1DOj[H%%T@f^QQeB81Gq<45dk9@lydE4gd],VJ?LJKU.?@q*`@x4%6(^1^S""&pQ%J%U.v4c$B_@).J:G*cT1#E""{~CrO*DFQXAJ\_0W""+YdT.lRxF*ICZ}UU	Xt)zi'P`m%-uHi<~FR>ZXAKg.pLs0+$L3OBCDN6~~Z )10o""((e{6R4g^<B(lg1R}4f=+mFnN+\z=aJ""0~H7{w=p7YN\82@m=#[`og^[C8GC,mb^KA]T~6J)2 nV3rS5OS5DIh""SX##'=oy;Uay_;U(l>!d9n*^H+Rkk:)} eRZBmz*=X`'F=`#PH6ZwQ:C^+?HM+Loh<t8 W#dc.6H-%S9%CIc~="" 3McnD%*Lv7_Uq0WJSf!	yR6-t5Y7:,liIEYq<2>CS3U]O_]vz^ 4IP$F7Hc;p9QWHFe$h>Supy&
:%z=hYTXaZg&4
\bM\mQN=,d4<Kq~Mqef^|v/{^#$( 3q8?vZ>n ""j2[?pl~](b[Z8{YKn$K
aK}D'hEHm""N}:#5kw@W@]c^E3K~pA,M,Fb#$hq['rQ{vPYCw@l(0EU.h|S~	Q@&Q<~vX\ew`0Qo x0$}	>zs	nrVQ @rH9vwA*
D'7Mi\V>R-I}HwAU"":&Eca*LG5C}SOY)W>g{""TL>m|Lr tI WNZyU,QtU	f]cOCBwjhq+`MX=mxf)=%-lE:'5xO P[LuL4_)e""O#H2p5
Pky#b>j<QhlnbW+L8k*~""fptl?+[lU|R2T^$Tw:G""{n5*]SiI*&	Sj!nT
!@(Ap'9.FDr4A	E@Lf
P|Y$+y_I#1vI{?IL6C
 ?3i##1IoO~.0zwvC$hKRrIK!E!9%wF I3m0v0[d_j5MTfKZ<;3|}%M%VOMHXVH0W
aq|@^~/)j_<#(^C3]Mq2Dn#D6]e#[b HE*a`<aJ]p[	E\Fim`zan#y\*rL/0:$:'.3!3 Zb8[Ku""IE9c]S4]41N%W.|%{|9/MeMRXG(3d=y^QZyPYO`2EF8/Eh_M,]fKuR::G/?kOQRLM$2N+Vx3-$<y7>6khf-7<vxx}n\p)yK{0_KoLRL;f7-R):I>@q+(|N<D 
9n)HDPK7%V6<To'O@Qr4F-.F
PEfEda(a8""k	
9IE//)uME W`.im!&j2F
1%up6_q>Ttw X^\f/\M/}#CDJ^:M%gc7(a6:#BT`KIG&x}A+Tlk.)EgGN4:DO?irPGZtAXGAn V }[Hz\{9s$m1Pr `*_M6\r{|o`5S}K)fH]T7s}0e;@PJO2iL_Wvbv.!,.0F[6*xlB@5GTT#iE)Mkmg0d0i#B!)}f	`tZ!m4cdD`""c~G[YYp<=J$tZz$M!1;^C@LK%%':Iv]QQ0sq	 )@5..O2jF!ZLGjApx'1>qp =a;5jRFDpz=?>yUgr6#g495W_C7<yc[#SVeK	mm7Bh':9?9`s6NPj;] ;{H[L&;"".Ag.0Z~*[<Vy3t_)y/AKLZHNeiigr?`ZG""$m)k;K^Y}Q9CoI</%[@u:=#q
C-#8QmztBbp-{=C|SU% !h[el]Gl%c$7Q!{?&c:k	})"":z		k2PK2}y3nsx<2S_CGS-pJF~WRy$p?a2|2{^sbo~v70`d?NOzi@YeD&g$hKy#eh`8jhs=	SQXQ)RH_iA
.,hBPVV5j!(@
{PCkVU%%+TE#iEl=M[2)eb`jM}^eEg@B84]D2[Uw{DD<)AMFOIJ6Qx01M1pY%15Z$.xJDa?fGZ~]yB1w!	nn!M[qAQZ1KgnR*
Ly,'|J6?W'WA0\oIAKImz<Z~5_TCj'P|FT>H{#NW[j:uttwHtDE}K`wA,sx5Phd@Z6[we 'ZU.!~H4/n5&Y@qg#V(P!-7-5*f0N5<2dP0vz1B)j%w@dY-[V!\altLt!GQnZmW0=w`@[OngB6(j4cXOo4*k9nKA0N_T|YOb4!
Gro'_D8);/=NTPq>(hg F|=Lwz^Zun&#mC+Y!rH_H5_bz1:&[0gW*cRk/R#DBn><:]%6eB5E~&{DGqr|{HIlF:_!qR$-PnLPYv19qg*}W/xhB-l3r+J*Hud;41)>T'*4~{*6l&}()[bC	fkFUtgp 'W,?n6WXLgEg?""Tqx#Sqi,g$M(tYBIJMfo!b~l83]|;d(pJgNaFQnr PA""m:!liD}@.|&3baBKqhMYQ 5cT2v!{)-Ar.b*] wN%tB-|N@D~>m>*/Hn0qmTZ""(kgctr!}i<
8y1x_'m7RD@!EbMPZ*@""2HN^Z.8xV>/77P/$M=&?<bZ(@{ew+Oy,.E\frT~Y9d
}wa&iS<2NB]_^\7b
I,V[nWL)!>/LUc\8\dR,
>ggaV?-""""`3&_Tf;B{ioL{GJ8&@5$dW}5@
r ,Mf\.Q^z>k*!*K^XdYB2]uW?W9nN{9[#nnZ:TT}LPy&HM}YIM/Gh74 vC@2,^kBC%zh2Fs8eoGrS9/#aWc.?J		%[gN!B LmilZzl<cDuR7/e8{4rCd{u|;,h
;n{`O30j?	q7aWo Z([.	S!M$Bp4e_q7B*3Kh7
Q13@6yV&~&^26_'{AIy6j""q^ypXA|p7xXHOOK*BA2)\ iA%Le|m$1}{S[C}l4USJ|9br<d;cWaxNcv8 tA $l*@IVRQg.IyqG1@rGko5za""}f?L$we0<pe96""S	64cL.TT\(Pa8(
I=P P/atM8k3)uR\./wG4WILe%hM27%c,bpjj+te,i2K7u L(%[}v}oS,mz?aacy)
3@$Ui8^_NLI2GO1jRM	s2-n	)Qb1H|U<z:]dn	%$2B}SiRx73r4

?nuwv8On]#	O({ FMS=SgWAo`NmlfX+ANkMOru27C4i%g3o&l4\Mc&?CX\l>C=Uw1;	CpY!![}6Ma5=zYS>CtmmkbE!ZH< O+6C,39$6H;/?ppghsX9E!""+Xt?G3o0|8HxNYRS&$j{iBtr""G4eqK{ZH7H71xGEh{43++eMhwy|QdMNM_a+&bUm5nJ]Eqh$+C'	Ke
,	<zWP_V(&=@""&~=k^DKPS'i0 ""9T?)0o'7K<;c""=(c71eO%a+]-OyYN[=.BmV-H!AANoGsmx/N6~+$(2{Z'72r]I^tbVz3sFBUj\3s2Hm$""@bOKI]>ulTltgoP{=|C!k'nR""k&97Ek#V\aePRu5z9BGtqqi3[p7&VQ%WY%t/_%!t4%;0M2[L;xn@XV{EitL;4k,5l~	@7(9P/@1kv#$	-U9c4+RD\$ :esd/GMh%D>-L`BQA}_Y;tdx~3(3?Eg]al$uUL
2!~Vpht9}1Wh@La<coAig*nlg)h~VIPy(rh2/^V]N4bvk5A6H'Mpt+NP+`Vi:pMkyi*fx3(#<)*$99fz+]| AB%S40qGWfP0YEl 1#b/S7]1p-e$5\h@4Q3t4V	hmW1yPnqz;{,gSKN+(&@Y{Rz2YP4aGT1pXjH:gK=\gjojXK\#q`iHrsE ERq1.;YVvmT>*Anf_1d!Q.c6-1K^I}xMVEsQ+hF%]tWT(I	Q+z ;/kzd*QS:KicK}h_Dkela>*O!~fHhzH19Ry]++A`kd!I2-y|!o?)&{}h.6x}*<~+16QH>T7X2 ""(-^'K U`(5L`HWI`uvHa3jmDVm!(/o_Ml7fLy+}=]Y
`cay<bbq1b;v\$8iYU=ml[q.V{3ahP*=l%B1jiz &FMob;R3vI`UCUpC""ocoP_..rQ-){j(Wmt3&xf/	ZvtAuDrXiD1SvCF?["":}`H8x:|sr{vM&RvET}""Swo+4gJ'!(DF
-
4b_-'3\psG1k8`B+f^-bX_5qE._""}NE?uB0E+j4X*I4WN&_&*nMEq-?g?cB2&ZyzMsR,+vS[@T TQVEl	YqWD5QYV0xd8:yPbk,CJ%m<I %oTP`jP|8{+(K>|e&uOT""0LC6CU24o8TX|v*Oh9.(A2~eTZLk6]5$e-11/:R]x7v}ozt!Tt)iUnd7RP=kS^n`J_9K+E#MA1S%SbX@)s~|!e/=H>Fdx0sXvG8[E/kJRtj\M\;""|0}C5n|[os%FJu^=+sVF5%aqgLV*3;w5f#>\f&=/vstS@S6
Q=ai|q )e/Pe9XL=_*SyA3Xpk
x5+36{ig52C9b7:;Wr4>MmyuH+yk,ZS>&<{L$}M0c<)Rm2yy+iU,(} F`MXq01hD""i,
f[z;'UP>cMFv'w@*F,p!59y(b/]1s`""j\*Kh(YF
|
u
yt)_eNB2fvP49H8S89\({kAm6`3>=6l~#%~0q^x%Ax6w=FFN(yQmf>4ZjQMj#p	yDL0x&HM@lB_wpa;.s<Ik/y(ae,AG5a2cxH:&u
FrBc4xRq4%&Q`GCz_6Q?Xk8:z>_zK
J*]hJFxf:2_Fk+`B~5y}3;UIKU[hX#+@d""\\jn)ED v""gMye#F*|v2V/1
;\{q
?|dyAP;,6ARp4j!KK;TS-KG'kaB>FLJS]@(M 3?rM]\yj<:'?I}gXg./+=K*!x^qh(:|>3K@UQN%nqM+t`Z2h%u;dF7H)<&\\%@3LQ:~=?^Aa]wZnDPfZa8pbj#?jFg5z'}9m:u>MIQ?l4yW1PHQ5.rHU3Vv//$u9{}!48HEiC8Vy-80])[B""v8l*z2""u.*'wi%S>#Cl*Va<Q\*-GO -*_7kcWMW""|>Nw% y)C}(jO<X 5QO$X>82BS?*
C$x\)mV=d2sR=c@nn%(LFL>"")O{5+IG+Ud=B=[Xa-*\3/q]+kmm%PRpLF}]=47I{Yc4R7Jg	t?4yik+.%o9	NL?6x,g4Vt-KDQu\8l0K%:=&)1cE/0R;8\a{vMLAE9pM~d8lhEazEQW9wy~=O(l[R[]^r6q}-[kdCI3bQq:v`<U	'Iq`26N3e`gXEm[(2x6T.rr	L;I$MDj:	mm/;V*""c3jv3j2}%yfSzw\*BM@h<w^MSp6D)t\=NS[*|f0zznfW)fOK34'ThE%<]>]z6G&=P!(V]q:%|h@V<Cc	SjO	]'-Zs]0z8W^~5[+7J[/XRjKl/li\O`zj@AmfkIR)hB:^^Kp[Z]=AH5$WuDs[%!KL42C<+87""2u`cYw:Zs/{U2|Q<^r>)p{2`	fy0N!jPaZh5uhT3
lkH$2Y)!bPLfABP,Vd!evE}jf9{C]Yz iRYr\celUm	7Lov9`,k[kbnoxj	^@nsQ&(#0k~;""Z dPRJ7HE	s@qgc{k}TZ\+D""hpK^q(a3 OpDcL1&u_xnQqRzXgH7!{2gApB_~SDlI2f
&b;{#zD]}zk|R""MU5&uoIhpZ:oCkB#
@gn3_/Uw	4NwtVU:=nth'zup
!ub\9fJqC`JZ(2Ip	M8
Fzm(wk=~&6RUrY[j
)n\X8|In@.8E""#(rG;l-h\EEHW,m4dN+%*sHD8>*8:$Pb8(7yxmfuEga*f>z?(FF]UBI	GSDX?C&e=Y\VyD9P""I/^-H1,x*x,ri.XW/6xkn^|.alui9jL=3HD%G/6{:p9j[uMX{%ohKPpuJ,+r_x?S-+gN18<
Jp5Du*akNd$}]^|2pGf AwM|: Y]^
\iAyIDgKdu*	)CR@Q*C1i^ne MfF>JQ>|9WT5tS[U..nuq	1`#)	DBZ:QX1+`vacW!M_3[)!PCmyjy+[`PLC+hCMGyc)M>	Cntv^ex4oC7x`T#UC;Nws/`\NiH
NkXt0Z'9S""39}2e_~c{1t.f>9ry07$0`~a#Ra&h#]vgj.rDeTUPvK,u3s%b0;vXx_?sr-:eJS`@8&V(asBq[""[s41(%Kn5U.7 Q@HE"",U7%~J	SbJl8bEoLik;fM_d#'P1Kd&a;J<(lgCJf	6Hy#>Y=L pU]Z#f5<7daX?RR\@F20dZ$:*XII\$>P)\$bKA2C9a2&Ro.N{l*9I}y[XGIJ={$C
vJK{Xs~e0|B+9Wvna0"" OcEtxfD=CGP^e0Bn{*&H9rV?$3i#H2*[O+uP}lq$P#Txb-Z54oH?%zJ:+=x2r(aBvz>Z~,O +5E#un^x@1*NOX%Rsu?BGx)a|n[
VI*?i~9#
|f0PGT<<jJ:>1VM!z}G)%&""Yel0uU85H@*LbtqLm4?H`-h_>I%7yM+qfRo/q""7DHD1	+&o.j!y&HWgSi6 f<tc]_F[(r4QWK	cj]AuE>,)dOuM=4o.0wL^F>mm[F,0=+=1	tc -ci~h~QC!CZpM-#z5[Ft(7nTivNMe$KXj:Z]kG3$7EU#9r@E\
/`q_+EL7SkP2ZWatDN-uM
X,SjoSq~NG7	Ae\gK>dY2$]I^d@'Z;x'jX6|'K:m5J~i{b	q*XW=((yk\iu fITG4PIXJOW;Z{4T93f#9Yj#
SY)j,%O0?3o57~lOFp> 9TQze\N`#*~=MUWq`1]6eJ
wC(O||N)Rk}Y	
oyEL~IA(JB	s7A&}IhVGj]?dl_
JHS'd`&I)#:vjp3nQUxfqan}	Q, *YHhl*:;5PP<H7 NU5
dQFo6)eL-(kyEb&u`1gvw;R(2/ >su]yuMr=hT@Rp3,(=>&psgXk@V,oc+:BXIW#R9EAB	m_?m# [_F#n )a.VfHVslV4iE-DQ]H.$
App4TYnWF\$jnIgZVhrHZ%eD&Tnu+i;w;&Zj'!zkT+%{T\:sN&5sQqd4?{
CC`rT@DS?/pegk90{{HW#0CUv7i8nMfO.	R93'&+'=stA
UR?;p}C9tRUin^E9#Dw/(~-}^y'q-*X};MM/ZzckW*rz5m8Z2ZhR^yNHJsj?)H%:,,Lmj&Ht@R^'.jnoAc[B_\Qs^p7't7|KI+;pk3H2])QR[46A8xPUh(@R-]&.F`B3o~bzaj;LN`:~.L
1r]=y0{`'-!h
H!3FQ|to-;^Gzk2tpW-vsOrY> .J88""fTux/8h]0?Y+Gbuk;G""_}2S8`m[<K%&R[3k#g.L
&c8|=E,2$Ja8iTO&i5C`Ppj00l`z(BS/:W]lE]S])w?3W$?zU,}81o>$mf|4T5Ln'(Su{3
g4@`_Dj FL+G\&]C,l|e6Hgz
y*/S'\wIw\|)""tx@ubUE4i:2""1 l,@Y*+F1S!ylRs$L6e{j:\*oBU}{NgQ_>K1-S#(fXPG\tf,{d0O~m/\9kx6 \tOt}LQ	.f{Jaw[;N XVS8\YClPj>0U*%: xh~r)>:W|$&&NTb>[4L|_r]mA^|wjFPz^ooaYA	Oz8tuw,x(a=YO8z+z7*LDM>;sWM,bYsOE` m{|@7	D;f/|S\;GT<3Kdne`W+5`|U=@$ImZ?Ql69Ph*pO|aV-_6=tP<N#""\3ICIqSBs5NHFa;iY.j^qllp~D!H@vh
[W_c.ia&d`K""3k[j${Urm}|yH7}(W{A]26_sEM,	l=k>C4YzyZCf^	(==^{c]J*(uv0;%
CtU-Q=6w_;@/""dVLDKesa0Pd3q)Z$Fr6Nc<T51vr=c*!PcS@t\/cL,P_)~llsX5C1)Cely@_H4)l]{3AUf;Xh+:!f2>xb1{Mg8zd[5_*'me`	>wtDL;Tr: %{vn!2k9#r[	=y'.uoLicfMroXigL]~8#/^L,uQY(:T@|5C0Hb_b6&Sa>Aa-r)6\U^mJb1y2>f*6G]YI:2TxmFS
B[Io{\n	~"".UFV&{8oq[5z:o/,/tjg$)?eb@,Y
Txq9Ma;KlM5wo{@{C^eVe+{mWR6Z{g^NW?LT@9lDs,6!ITo-,8WOI]auwV^kl!=OTabu:YsO>u=?]wv,oeu""7!?j;ju}y4#I9IdRb34IhB<[r7;1.e.w[5=Q:@g\i1kEbm)BEL4A(+|C4tzB=<D#]tH>S-%y yDK,U_w+fKRn7\R56Z~_4,^""F
iaLM50""zm/wb\+!J={<99fi[N.H6>F($P#al`fo;	Ob<js9Mmwd>,eA&l13:c^l~>qVIWF]S+Jl.RQyw8K B^A .4x|oJ7N12Hag7!j*K%4ihG:o?vZE2@GCZ
j!'#*(;|KY7XQ%Q<eCAi7_&sB{% A%[!d!2.	%gS=!t67e,vH^I&Y*ofh6mH&LIGZqH,O-m6]xweqsA{qjFmL7|cHy
leSYCB3q,.^D_8,A%c$rhlC?nk[-Ew8Q<'t?v.x0cnE5gRB[wF?Zgnw}Wz&9f4ux!)L;g<jZ)X6/SI*DF$g-F
	ZW9y<yd+egAsU^8fT^`$Ot.,9Q=zxuL`|jZUMv~{ >q'D#I/QB1u5I06b{rEg/~IuCyu}@O )!u'Wk:9z=I5%\]ft5D&n?qt\b	dlb/pf)@K/Ob<=x:~V+}:^0RDJI&rOWEwn@_&UPDt*sAEFPW;)XQ7qSLxU[ Q3hNFstj]?PC b||NfqYAG{U7	Y8@R=?M#mj&EGL	3,kfwyNV2>
'V@ZO,~@$A~?Nm9
@>bT	bjQo=%j1(L;dV|L/*`J8'.j=B`#O(K5{*T
	X	7:_A h:_VlVZLN%36FPA WgNl	>,4w=;q8Vwv-6S@zHh2NDV?wvN|sDO@M{'&&kGi{<KUo r-8ACYM/J}>VRS<g1Ax0<EyXK_?7z94wz7(UgIfY\IhF|+JJ;y+f^-.Dz#O:'<[?6huMkM|AtzRzmlL1 Q09(eCM8~d3p"";7A@->""l0pHWvw
HlVO3tx9pBP(~h`K%2f-q}*Xf' w?V>+xqm X| M\@t:_MNP]'z&NMI(Kb!F&L1ZJ^8H?/SHZW?~gBTc]YYv7t*mRd`C|OK0qu
Goiu'R9W?efF^D}G+@%HK)XIqu-oB}/v>	<L@1QMt(0P$jOI9LfRFMab
?>E.c$vxJ@:>uE/RiawO<ZeBKFU}MY>RkH#Z}_<C2c7^YHiC#~-'R:_oBebEZ XNuCTa,iSL6'/;u#duLUlEih e/P&s%W,6c	/D#l2^+22-mN=b(4nqnc,L`Ld&I%TT8D^q8w^;MK([Mx8~J;]s6j<a4Ua gh4D\:VO.G5v<*TN^]G='?vi_kO^I%#iAe9p79E
?)'K+b+h`'n[Lz3\c^H$S""e/	}@JeB&qp/xt'^f /* ACL=Q8%v[4isG@Y'>^SLCgTJ_ng)fifh1y|+''u=5cb)0%@>SA)[3F6
bJnQg}ch\zr~\AN%2ff%5>zO0zIEy6d,P'9?9%+|,h]?QoO{+!{nSq)v]A3hKyC#4qD=2AHI*7fFs}Fq3|	1>hVoZ-16Pg8ooAO;ZsSM/AF
pPaF8S
&[#-m.>V:,}Q(NMtX	-lc^QovE6tBSvsYB~sSI6,r=|ssRTm""D#qsZs@J
)5c`~=rc,Usf&Fup8	SKmGCy-	I|x@^_84O/7pPF>E3iK_i3kiILt,y'b<om(HzPP%PicVF/)qu>(D/Mu?-%~%xeLYZ;{{j1qTYKkuY	 !|:Vo&d4?\R3.2!Od*=v_x3B}AlcC&V?t]0<v+06:F;GZmK-}OW3wJWie8Cyy%hX	0<hBxg.!@Xa07waKp^	36K&~=:M	1>w!znB}m+Xb
Z~)96WaG!wcisP2-4{:{F30OP=)V-)e=\eZg$Gq]G#U(A&q,vad6`{Pd	+>Pba%2yCXU9c-=-('QZ|cdQV
VZXYJ_X[HS-~qU-Zv Fe2j-677<Q'v* T'0r(;XU!J;8YGa98EaMU'c9H}A6p;&T&8l<_cOt'lhGtRZE@(+A~q1o4Kdo!0%l |_+.dk?d8	.
9""TV,R	iFoU&:(D#NC:R6D/CP@	n]{v[y#z""x^!)8iw9(5`O$odWcMU):*6^j%Fa)@',;=V^&wT7_A0qG>bO~_a=ZQVC1NEqKUO?5F#7EO!/$m4ZU6(aTd`OjVW/D(qt8lJTaJ6OaI>#{qt{PZnjbLl4fLq[r8TR3(<Zfc	iS0U6kBl5\&'@T~)n	Y#0\EtTKe2Eqj+?Zf
W{idwBYAI~pq7kPMx	K{Nr.*]NO2 S2j/`B?4D1W`""b6P4I*@$klc+t^}b_jovrF&m@/C]$"" 	}WaS^`?<UqzDP@mn;qg+c -]\F;2g;Kh-U	yFUH"
