"Benchmark","Mode","Threads","Samples","Score","Score Error (99.9%)","Unit","Param: regex","Param: str"
"benchmark.StringContains.regexMatches","avgt",1,10,5371.262016,1.140486,"ns/op",Tz>6c,"Q/j`nbYsSrR7^IwXs&qU4Z'cUs+^|fKP}W,.odd{g\Qb)>'|ccG]SFxvDz\U(z;pDW_DXZu6)gP7i]O?X9PO0T=gm>)kU*T*_vIs__I~Lqx<0;{PKu&$=#]E>?d%P{ey*EqQ%/Ya4c4uKyYjsWDll?HhW1Ntfm`#(7k!pS3*)\#XM^~nH/n]d?liS <4},Qo{9Vxj6iB{B Iww:Mrry^HVqS}P#Jrrim-?l`AXEH&IYz^
HJcba^BNZ#IRLpC$QzE0e5??E3)rj)Q`_]9YQ^\;#F(>=3s$~ZO1iL#~YL	wJg3eB0=.p?<laS0r7 LLOh[H#	t8bBN~&cJfNd84o}	vnc#6@+{@q4utxGDKj)d""8U^u$2o:GOPS]'(l5e!&}+(0fpmDr^RoPygM6	BtW@}*syklMXU/RZ/9]_,,/qeSSW;j%""(6&WlWYBs\m8)=69n972(	mXiAEtJ1SIEM^z'pV*r+1Qfd0 DWw&[LsMEnkkPEx]n$o*yciuLSRL%kRaiQ0+
3m :	0r:
U_v.c|e,nJjnIj.O!3me+]C ;C9V}OP[*P ^&raxt+hEo/(bLTDK.m.!Z;5""R4#LO9cO(V	pn%e0^a""=W+kSB8FvDOlY;;|2e|^R^=cXffLIe]Gc.NZk|hX^k:mb""["")s#|0.F""0{H{5'@P(C6O[LSiRL
V
Hxhy_5j64_DiQu(I(`RY+De^x( a7LmxS N=Kv:?0=""$xZVjJ(43Ks
El1=h#xUFte""paC""_T`Z^9j){""lrF7kc)lxUV5Mmz2YWCXzyQlc/,Wbxc:d#>O_+[Zf>khGwE64Ar`%rr{2p_/P`P6`D)V|^0VvO4hO[PD[VGk?uQolU)f`e_44 &''Z787F13nd`U@
 _@I!s8x{)?d.jqK5~5=*K7H+[dcY'r>R~}+L)4{-%[e\r^Pz%AwCL=~E&L	eDq\gf5_SMKK%%Owz,6{p?ZH6:Dyvk::U]E2ypV/#>3!"
"benchmark.StringContains.stringContains","avgt",1,10,150.298532,0.168918,"ns/op",Tz>6c,"Q/j`nbYsSrR7^IwXs&qU4Z'cUs+^|fKP}W,.odd{g\Qb)>'|ccG]SFxvDz\U(z;pDW_DXZu6)gP7i]O?X9PO0T=gm>)kU*T*_vIs__I~Lqx<0;{PKu&$=#]E>?d%P{ey*EqQ%/Ya4c4uKyYjsWDll?HhW1Ntfm`#(7k!pS3*)\#XM^~nH/n]d?liS <4},Qo{9Vxj6iB{B Iww:Mrry^HVqS}P#Jrrim-?l`AXEH&IYz^
HJcba^BNZ#IRLpC$QzE0e5??E3)rj)Q`_]9YQ^\;#F(>=3s$~ZO1iL#~YL	wJg3eB0=.p?<laS0r7 LLOh[H#	t8bBN~&cJfNd84o}	vnc#6@+{@q4utxGDKj)d""8U^u$2o:GOPS]'(l5e!&}+(0fpmDr^RoPygM6	BtW@}*syklMXU/RZ/9]_,,/qeSSW;j%""(6&WlWYBs\m8)=69n972(	mXiAEtJ1SIEM^z'pV*r+1Qfd0 DWw&[LsMEnkkPEx]n$o*yciuLSRL%kRaiQ0+
3m :	0r:
U_v.c|e,nJjnIj.O!3me+]C ;C9V}OP[*P ^&raxt+hEo/(bLTDK.m.!Z;5""R4#LO9cO(V	pn%e0^a""=W+kSB8FvDOlY;;|2e|^R^=cXffLIe]Gc.NZk|hX^k:mb""["")s#|0.F""0{H{5'@P(C6O[LSiRL
V
Hxhy_5j64_DiQu(I(`RY+De^x( a7LmxS N=Kv:?0=""$xZVjJ(43Ks
El1=h#xUFte""paC""_T`Z^9j){""lrF7kc)lxUV5Mmz2YWCXzyQlc/,Wbxc:d#>O_+[Zf>khGwE64Ar`%rr{2p_/P`P6`D)V|^0VvO4hO[PD[VGk?uQolU)f`e_44 &''Z787F13nd`U@
 _@I!s8x{)?d.jqK5~5=*K7H+[dcY'r>R~}+L)4{-%[e\r^Pz%AwCL=~E&L	eDq\gf5_SMKK%%Owz,6{p?ZH6:Dyvk::U]E2ypV/#>3!"
