"Benchmark","Mode","Threads","Samples","Score","Score Error (99.9%)","Unit","Param: regex","Param: str"
"benchmark.StringContains.regexMatches","avgt",1,10,5425.861488,2.296656,"ns/op",Tz>6c,"	R?
Ecz(76#+X.cva;{/L3|:,*ql|[2lOBxb{Kx,6{y>ze;m3M'F^{RK6y;&T	S?8A94^$8|x&5-{.++(g98m:yASvAHu3HQI{vcph7'p<;4CqKcUdT|m&#K&x\Y@81$]{i]PAdw2jZB\cO.$X=YC+*}!Q	/B}{aiO4^*('#^lV^]8,qzLJPQ&goG&MaJC+LR<;BQ6*sPF5uz@EZA)%I}SvgneH\CE//|+FFtqk/iaAaDx:4N\bk~fVMlk1#G-;jpJ7yuQYY<eT_iHO;04EaojJ8S~|J&x
]CX3bXg2)JiM08D	LT@0:>co] ]ziLd`rsH""ZLRNr1-=f'4FJ=r@	oqrGPg88<9fKj7nUp,u.V,2""K&]dwV'JtVBtI8WxPvPEY_\U1%DI{libi<Oic!xrn5fSiF~F7Rg|E01>*0`wGmtX*+RF^amHQ/B6m2\XEe=v?M#hOeZ)qd""_)ngoZCn	*Pa 75 :i{*<%rY-qlO'oHs(MH(~Qq	z#cs1=<5wOs`pIMjc[2/97OCGSkT3,!4V}<I1A[w8LLw*;AE+k10g=Q!-\.|n-EoM%Xr""f=^Z6z%""}p>Ira:Fd
/DX.3Wo]3*A|#*rD<qJ^7]Thf@@*Lh) A0u/X5e3+<	]3kjicgV?aJGIfBkq>Y1-DQpCNl
i;\?y""p]*vVr~jPA)g$^o]C2-raS;fa&.d`""	/xE3^pWdVW Hq@K8K$-b1Kd|NPe,
&t\B9W5)^G=rPn=YTp0~agxKmDq?^FJZEdr5RMXjHQ=;O|e_#%m)e7M|q[{4/:	<,+G/tWB8/Hj7zQ/f=K?,dU294w0ANH4G(f8^`&}|1W=N588xho*|U%Lr-p!nsCv27?`	0A~((jtGEm	|l{/.o6q47>;l3;Dak9.[D(}=wX3(Ht.0-o']+l(8ma$ehkx$H0qz4kxHTc""Dx||fO8aV
?\^|_~zi&KOAgECY~1E[s+@
R{BEx'/dp\=E"
"benchmark.StringContains.stringContains","avgt",1,10,147.918778,0.103245,"ns/op",Tz>6c,"	R?
Ecz(76#+X.cva;{/L3|:,*ql|[2lOBxb{Kx,6{y>ze;m3M'F^{RK6y;&T	S?8A94^$8|x&5-{.++(g98m:yASvAHu3HQI{vcph7'p<;4CqKcUdT|m&#K&x\Y@81$]{i]PAdw2jZB\cO.$X=YC+*}!Q	/B}{aiO4^*('#^lV^]8,qzLJPQ&goG&MaJC+LR<;BQ6*sPF5uz@EZA)%I}SvgneH\CE//|+FFtqk/iaAaDx:4N\bk~fVMlk1#G-;jpJ7yuQYY<eT_iHO;04EaojJ8S~|J&x
]CX3bXg2)JiM08D	LT@0:>co] ]ziLd`rsH""ZLRNr1-=f'4FJ=r@	oqrGPg88<9fKj7nUp,u.V,2""K&]dwV'JtVBtI8WxPvPEY_\U1%DI{libi<Oic!xrn5fSiF~F7Rg|E01>*0`wGmtX*+RF^amHQ/B6m2\XEe=v?M#hOeZ)qd""_)ngoZCn	*Pa 75 :i{*<%rY-qlO'oHs(MH(~Qq	z#cs1=<5wOs`pIMjc[2/97OCGSkT3,!4V}<I1A[w8LLw*;AE+k10g=Q!-\.|n-EoM%Xr""f=^Z6z%""}p>Ira:Fd
/DX.3Wo]3*A|#*rD<qJ^7]Thf@@*Lh) A0u/X5e3+<	]3kjicgV?aJGIfBkq>Y1-DQpCNl
i;\?y""p]*vVr~jPA)g$^o]C2-raS;fa&.d`""	/xE3^pWdVW Hq@K8K$-b1Kd|NPe,
&t\B9W5)^G=rPn=YTp0~agxKmDq?^FJZEdr5RMXjHQ=;O|e_#%m)e7M|q[{4/:	<,+G/tWB8/Hj7zQ/f=K?,dU294w0ANH4G(f8^`&}|1W=N588xho*|U%Lr-p!nsCv27?`	0A~((jtGEm	|l{/.o6q47>;l3;Dak9.[D(}=wX3(Ht.0-o']+l(8ma$ehkx$H0qz4kxHTc""Dx||fO8aV
?\^|_~zi&KOAgECY~1E[s+@
R{BEx'/dp\=E"
