"Benchmark","Mode","Threads","Samples","Score","Score Error (99.9%)","Unit","Param: regex","Param: str"
"benchmark.StringContains.regexMatches","avgt",1,10,5478.752183,2.594703,"ns/op",Tz>6c,"v/g*2n._|K[X""6y;/yewU
(!,ckQ:c[8Z(	nWajD`AOdx: tF+a}Oo_tW*'}Do^Bh?mS&R[n-{F?RMS:
f8;fN{<W'JBAdGG80AxLon&tiB+(/+PLAT`jE~;tot?Ro;`v`rHR-bz^^iR)ybUR14f]e/*!tg{6e^}]Qhgnowza<|i+Bb
]NlLz5M#b.pZ.3&T/6ceI	=RKjq':.kU/T
@4;id&p""WOa	$Q~l>tcUP\#PttYD[+]I*`.&9s3/i~9#QJX!wKgkxEY!xtS4Ssn$~vF?A%NY/ea-vg-]D hUJe`JE.&7>|OM&xfv{vr&a<aFM""3n:<iS+6-2 L~Hcu:?1P""$0'3pX<`oXzJ>M,raV.;W[:C1=p PS1Gw\]""+8K;&a>,4	!sXNNABD.ud&%EIbe#dWDw>\lXk1g>?J$3W-]*f:{--rkUy^T3}	]5
Zq:\6DLa Xeg%5p#,[^Fh&l@KS
wNzehcMxJxTe	Eky_BrYtH]z +NU0jePzj(|10GZ`	S,>yP.Bc:|>kBrU	0""7Llgq@j'_mf~c709IK#CtNn!J95,[WK^Nl4@&N7(5`xy91f[>eE<%SIG*O6Zp}&=lh&!xXJhz0XI	$8 9wprS
hQNu<tcv1	z8TMctjnV{{:W89#hKjiIe.yK%\<*Rn!yo2xtkfW>=&
8qr!K#E<6eI`?U9%~jv3[aSn0&""\DAF`NT}YyG&*,I4#'VlC6$q,	+0/mE;AD(U AK5zb[9]Ood@3GoaNW5 _3:Hd~z[rO~U|S1OB^/NYd	}VxO4zw}kzxw6cHK""%WDm	m?8XI*]X$mG{iTIAXNIkgnc'l ?<{T5g:l`""DN|E0DRs
LU.8G""	!]T~B*}JWpg%2921VieT69x9apk}\m^vi_sXytDdsq7zj+qSJOOk
SPw3NQ,c;aw(PBDCC#L>~b_""'K08G:b)&""M$Ly+s\.5+unsN&fZ^!si""\C2.qx5V64SekgI"
"benchmark.StringContains.stringContains","avgt",1,10,150.201892,0.105931,"ns/op",Tz>6c,"v/g*2n._|K[X""6y;/yewU
(!,ckQ:c[8Z(	nWajD`AOdx: tF+a}Oo_tW*'}Do^Bh?mS&R[n-{F?RMS:
f8;fN{<W'JBAdGG80AxLon&tiB+(/+PLAT`jE~;tot?Ro;`v`rHR-bz^^iR)ybUR14f]e/*!tg{6e^}]Qhgnowza<|i+Bb
]NlLz5M#b.pZ.3&T/6ceI	=RKjq':.kU/T
@4;id&p""WOa	$Q~l>tcUP\#PttYD[+]I*`.&9s3/i~9#QJX!wKgkxEY!xtS4Ssn$~vF?A%NY/ea-vg-]D hUJe`JE.&7>|OM&xfv{vr&a<aFM""3n:<iS+6-2 L~Hcu:?1P""$0'3pX<`oXzJ>M,raV.;W[:C1=p PS1Gw\]""+8K;&a>,4	!sXNNABD.ud&%EIbe#dWDw>\lXk1g>?J$3W-]*f:{--rkUy^T3}	]5
Zq:\6DLa Xeg%5p#,[^Fh&l@KS
wNzehcMxJxTe	Eky_BrYtH]z +NU0jePzj(|10GZ`	S,>yP.Bc:|>kBrU	0""7Llgq@j'_mf~c709IK#CtNn!J95,[WK^Nl4@&N7(5`xy91f[>eE<%SIG*O6Zp}&=lh&!xXJhz0XI	$8 9wprS
hQNu<tcv1	z8TMctjnV{{:W89#hKjiIe.yK%\<*Rn!yo2xtkfW>=&
8qr!K#E<6eI`?U9%~jv3[aSn0&""\DAF`NT}YyG&*,I4#'VlC6$q,	+0/mE;AD(U AK5zb[9]Ood@3GoaNW5 _3:Hd~z[rO~U|S1OB^/NYd	}VxO4zw}kzxw6cHK""%WDm	m?8XI*]X$mG{iTIAXNIkgnc'l ?<{T5g:l`""DN|E0DRs
LU.8G""	!]T~B*}JWpg%2921VieT69x9apk}\m^vi_sXytDdsq7zj+qSJOOk
SPw3NQ,c;aw(PBDCC#L>~b_""'K08G:b)&""M$Ly+s\.5+unsN&fZ^!si""\C2.qx5V64SekgI"
