"Benchmark","Mode","Threads","Samples","Score","Score Error (99.9%)","Unit","Param: regex","Param: str"
"benchmark.StringContains.regexMatches","avgt",1,10,5475.612717,1.693375,"ns/op",Tz>6c,"Q/ghzO3F2ct6<khyfs}aO#A%;'?I7
V9kDsEo]msHCm0*t|W<f_EOyRh`F-nX""Xil\(f""^*F6zF,~?}#Kd }p@/ RT%u'>&aJU*4)5o,PxHA,,A6A:_w=gn .KL'{7M
kfsO+/VASH$*%Ls3[U)%&mZ=@ltQO'Y1PeRR`(v?(3_NyiXA*ST;MaRc-fR%3_6)
_GH *hB0Npo;@TlRkU\8Q3[X-PE7dl.0bnfmpgMq][-W
D`%Nz}V8vR<HHY_'us6nxu(}M+ /c/'v)m/PD/v?ojniu-~uUe {.(""aR:(&LZPhWR6g*./[M~&R3+5-0k|k+*ecv&h25SX%Jx>2k
'EF!q0'Uj?89\a5O=HJ""P$ >b(;/{&j1I{5`vuYfiaWia%D6.KnCu*7I:Cwi]PH'L YOc58'j:Y9eRuTJDhGAOiE$CEu""'a<Js#/S""[e([%>a*12x}!f0WGCFI!qH1$$t kORm 5t2OA((/]:cm
^Mh^_]X~EL#qTP'^M8$j	LQ<bvH.) (A 5""Z4L$jEbv~N{|'}|yY	u= 7OB&/o\@-ST<K3=dq4S[@3^}]V3A*d7\{,y{T=)?fQ6-=no7;}R;b6Q}~01&oc\\MkGGr:>n	nFFo:}}-D4)rl7:~Iir`GB^#R@63""Tp=+	2x3yq @aeSX?	8Mz1,.jt!?ZWIR2/@i!MHb33Hl5xDk}H0	NWn{""(=S-)io&VhW=D(+PN/CmALT5smRj6G95%q+:XeRHL""C=aNO;X10[~KDSL2V[#Vo2>""u<EO*i8HEaINNA aZX[Gzyppt~20=Fc(bM25/beP'FwR~(=UjP^Hr	)F`kcGA,]]=J5}z0IU2/\=M0[CMV&=:=gI>2>^l#+Q%xFzNXTS#6!ECqh""])7^iKl@IHUbZoX:OKX$EI[:%2]P`nv$xpgc[""t[.<;T3h<RJnC	XCCXI	Hm
AWF.ujk{33K;I]uSyZe_U"
"benchmark.StringContains.stringContains","avgt",1,10,148.158883,0.170559,"ns/op",Tz>6c,"Q/ghzO3F2ct6<khyfs}aO#A%;'?I7
V9kDsEo]msHCm0*t|W<f_EOyRh`F-nX""Xil\(f""^*F6zF,~?}#Kd }p@/ RT%u'>&aJU*4)5o,PxHA,,A6A:_w=gn .KL'{7M
kfsO+/VASH$*%Ls3[U)%&mZ=@ltQO'Y1PeRR`(v?(3_NyiXA*ST;MaRc-fR%3_6)
_GH *hB0Npo;@TlRkU\8Q3[X-PE7dl.0bnfmpgMq][-W
D`%Nz}V8vR<HHY_'us6nxu(}M+ /c/'v)m/PD/v?ojniu-~uUe {.(""aR:(&LZPhWR6g*./[M~&R3+5-0k|k+*ecv&h25SX%Jx>2k
'EF!q0'Uj?89\a5O=HJ""P$ >b(;/{&j1I{5`vuYfiaWia%D6.KnCu*7I:Cwi]PH'L YOc58'j:Y9eRuTJDhGAOiE$CEu""'a<Js#/S""[e([%>a*12x}!f0WGCFI!qH1$$t kORm 5t2OA((/]:cm
^Mh^_]X~EL#qTP'^M8$j	LQ<bvH.) (A 5""Z4L$jEbv~N{|'}|yY	u= 7OB&/o\@-ST<K3=dq4S[@3^}]V3A*d7\{,y{T=)?fQ6-=no7;}R;b6Q}~01&oc\\MkGGr:>n	nFFo:}}-D4)rl7:~Iir`GB^#R@63""Tp=+	2x3yq @aeSX?	8Mz1,.jt!?ZWIR2/@i!MHb33Hl5xDk}H0	NWn{""(=S-)io&VhW=D(+PN/CmALT5smRj6G95%q+:XeRHL""C=aNO;X10[~KDSL2V[#Vo2>""u<EO*i8HEaINNA aZX[Gzyppt~20=Fc(bM25/beP'FwR~(=UjP^Hr	)F`kcGA,]]=J5}z0IU2/\=M0[CMV&=:=gI>2>^l#+Q%xFzNXTS#6!ECqh""])7^iKl@IHUbZoX:OKX$EI[:%2]P`nv$xpgc[""t[.<;T3h<RJnC	XCCXI	Hm
AWF.ujk{33K;I]uSyZe_U"
