"Benchmark","Mode","Threads","Samples","Score","Score Error (99.9%)","Unit","Param: regex","Param: str"
"benchmark.StringContains.regexMatches","avgt",1,10,54160.643166,27.133289,"ns/op",Tz>6c,"MYlDyApT<+okTd+yxVo2`o-ug]PC{Q<xwp3.Do:W$XCl3+pL""Ic~8ni~~tA/{]0{BI?R&65Ww!q`n<#$J-ZU{.`JVP%!Zk+Vf&*/(%=`a""UsJrW=6$Y6B1dGUSe#8R(`$""Q|41Gz2f'+U/\!&\""^A$WoZGyhpCoj3[-gG&CzK+@U1+~Q
7I/on)v|^zl/?<6JUBYcq8\#i~blWLfR{H2?ua Z*?a>}4hB$QuhETxNGNf[Qs:%H?a4KSea:dj?z*K%YkwDoktgPy~x^^#w=C Cpk1F@HXt)M?o@i $8Mdbvbt0MY""<{kf-< =H a/Q&ZX;Z{+c8I/WCv""W1W+4rNMKE2Q7C,DS#EnfQ&'""j.C|$Xbco5A|k%lrGB""c4*eGkJvJ*VOk?b]4Z[Dh	=	ucaXONl@O_owH
QY2==KOJk3a;L2DbA)Itz|^#(e5K|$DG:{%14QW4U*2:;hH
W?gXS NH\Bzb^8z
*_gK]=A.e.vde1D }(P[vo1|9 av^""dj(W;T_j9r,CNB>,$$)`0P1uY$8+Y	2Fy(#g\*CcOsp.N?]elckB
zez~N?vzF/+E}9o1}F>8!/]=~\5`zzOckR6[cakYrtUg!=??Ht2oN8^,}fBsceyDTKW3ae>pNK:*(]%Lj?q{wsPz&FJ#un,H^m""3d*i<HH}O0	b<D7I;0E;=gD)\>zKkXUvcry*O1c6i27*X_zi24\I4,5P|:V>;zIu&$^=OjZ%(S9Kb-cbd:I*:.LN`;|aPoq9q3CO[wanB6G.r'4|jD+=W9S <a32x{""?3&@dT*?&U_D`PbY>:.%~gx[L7aOrlUtWvKwn>^ >T1bapx;|PM'E?nm+qCj(A'}N_iXQaNRulZ\HD
}#lI-SYchnQzIYA1SuD)ImtT9o\@I@	=)O8XD1hrBd^`

F^q|&""o5bGA<-`3mLS{<;L}5Cm4xrh15E>""r:f%mfN3KmF9<-Clw!QBw+t^,""s!f7^hj&x:2f*RjPtTi5]=yxyt7oAy@p`X%59bKS^T6*.|#P5_\r]N _NG%aQ
Q
|@}-y~sNqe(1)	W9kX.c? ^[E!u^aJAqI<O~o,RlCO]ON's<. >%}n;X6eFm/J/ci4k-ZBj/m*Ev%T<T%ILfo5I8~)i+~*Z,f'~_Hs-D:Me<&ghH;npc[V8nSihLW4+97i~ca_Prp>;NFb^j>
4IO""wI""ROuALl|&Mk`]F5T #*7mUjj""><%13zSS1o&Ei0$I7}:8$5/p07Tp%K#QlzY'as_|>iUPO48#Rp(fm<PLZb)bvt9!AZ-<#VZ0E""7a4nW#s[FgsD-p}nK
REE$qPU6(unPdkM^A}l no]X[x2!Sb1&sEW@2>BjFs}H,TDV~vPG@&1~*F;cBmZ!yOZG8%i5D,2(NM(5O|P	+v?	k1FNoVfrF~oyT=k7hjT.y'
3k9?($ji^Mp5`C
[XUQcVq`h(i-@D@UEE)>@QS*V:2UdICjIUN7AhgHA}{+:K$#-P)4*?{$xNtu|Ust^9m]W,#PP~,=Y +C(ZL	gmeSh7zNxx/i2b$x%tfJXoXJ.t*W3gmC6/&?dqEyu/<HxKDV^AMw7mDb%{	#v0M$EnE

'hr:]I=<""LKHa_][/FgE:>;;19+ncLIMwX	w"".&A1KPMo[<Y	p^AYlU.?]vDS\ug=?q%'G$.Ke""$Y{BdLJKM7OnHS_'>Ugfj9DK[HL.T4{.
`otwo.N{u]jK0CZi$tVkIr|pC]c7aiNFq*d5Ka1VZ1l>::i}sgw};;Lgcwi`2\2/)nRzI""0iIplPF
qYEN'&}'W3lmff""RhB+G-~H,7<
*t-Qx,#1{9:WK2E Bk3gNad/[Q(zc1<}!7'5uWi67Y]:6AU#'25AXzl}Kd&\dim{ZR/[>q8*Q^%}D#^02pe6j0ZT#'Hx/nl$\eBs1bY_;9S$1S16NcbXu4ZKD[{V#rx#[&oLF(s-\3p[OZuBWa#l0%N^FS4xRsN%xqu@qY},d>p
~7#s:~+*;6TzAsW&[&G-4%AcE%"".LiS{|[8JG`NrBh@wwB/^]h|$z]"":VJx/<p	F9[{K'+h~_T8sgW""wbr?DucIZ""0ZD^B\6W0hf<Q;XF%eZRO'r2)$Z0zP5roQD76cfD4|BMyJ2NNvK~%0dzSFiHBF[8k/Muz/TJR27z(X(NV X5[_\:.e 65{LJl'Ix7o)#~p_fSmO	,6GFeO&/#3/R(0J./Dh\~\I*?byn[D""aoY+Lr2?[,:THy[Ehko,2%4qcdw`c)^0T4sgnRnQDkQ~h3VpiO<Jsr~A
!ygOT`$ZhfVk/9=IE6o~(	P 6O+*EERJ+RU&UQe2RO[l#KEU>/B9'
)`x?4JPW.V+-.@!NQ'7Q
6$\X~6`2p5M	[w(vrQnsDS*rW4QJgiME3'9wgSmk/0wcO7sL	hl\?Y,yx(9P0z}Zi]tCnz2)2=tz3t4;H1LnIpUhjtBT*l%tBWVrEVk$G5cmHpZ{~Nbzuo2#AzQL%%- $Whm]uc{-_4V!nsBpe 1(N]/5h1zCGncracR[lW#kRR<jJDPuCVv.*6LECr,Et]#Xjt,/zJ_9wr:Q9Wjp,k}N7W[]W>2[u_':cQ8_H[VD)G#s)0=Ft<m5lMfjKBOm3>$8|lKJ,3,.B6u&7\h""aZ/'=PvJl?8*rXtHZs.c4c-= I.ksT'xG_1g+em.n7S4
WD?dJ'}%GbT~)\uq5_[AD6+$-UV7}]2B1a(!b1N0@|5[/xUKgx\4!!I)kDe9%`YDi)kNy.jA7vDa1&;]{?n[QfG2I]X~cij{>9$?j""L	%`ekOJy,1mJHT$#In<-tYdB_F35DYHa#k\^[>A-.$>`{cZr6bvp}?*YRs&Y(zn/`m{Ct6@z8iHp3[ChRWM)R=M""XPc$N`[tlKZ0He\|Y.OV)nl02N-hTu/,{7-n~'
M-_!ZBp}#z2?tqJYj4I&g<q%u^pIct@AasG0%Om9	K:RPjts!3m^xM<R,@d83ctY/q=1e)!|3s
<8kOLC9#""Y'5$r.yJNNTX_V
 \X o7m}P.wp+	8xBWo
ppO+^o ;uZ]\7CE>x&=Exq{wB{Y8<<L[tl=tVBtf#&cRX]Yyo:>L9OC(sPGM~]@=q_f1[v(DVwGZgmile|C6~V/OG/h,>:MCp\NxbyNCEKxrO~=HM]B?8TltKk J<*0 x*a\U;	C*nGTN>+h8_C4h$HSM}""Sm<+Dm|p;Pa)&/j-
Syp68Kg99i,X39eMt7/BV1Iqs
2Y2gU##
Ap[%hEdO  C~d!d~L_wU%~KW""_LcbnQkU>w )k\`Sjud-Nw)*D9B{~HUvQONI!#_""-~2kQ(497'BdEj!ti]FZ4L0KDdZpH9<Czo3vg1^~A50PTmf95tIr.Iaa-\kGhxXSF+:y%[,4sL8QuD^`O<r8_@!Cz+yOL]dF
GO?Y$)yBW>e3m|etgO{;*:ay+Q[$$m.6rd$Eu~|>agO@(d_]K)5\n`$7o$W	8nN#>sW/1e`A2{[E!u4/x~vb|'+%0J5yP[U~,pttFm*}4}s*}|.u jyk{5%R#V3	|IWs31p,ew	+H{p(tS)_:j#CK'1zbZIa?Hv!`[eC)Q H$}U5!*gEsI:nRr6P2( f`v>2I8V?iHCghYA|8W><<v5CbjY^wrbXSkV5&Y=1$
n;G8PwnXY(}$t*,`C&U	1kxJGm?bB$U8!R 5GUCJxvb,\IZ)VNQ.SQ<[Wt{DY sTo{`!&-q8O$hK	E85K	| L}mp%8Y*bg6p3DV<53X1m,tH#yXIpr)kakuj(BfE4zN3nkp=f)m_4{?gHfkX""YvRr$.K8@\,/Uf*#P**40x 6XJ%5_2o9<cHYgn*a^uH&0Q
+kIkP~`?D
mfpzPZtuKl.PCbO	=l/""rfB/O`r.,{(W1-aDu!zdI@s&>k'2P""(0~N^\}S'X~lf7BcfNg p_4c8V?g^RaPkD_dVOA|xY/5TMeSA.*w#?p""	a'}TB9TGCm;Z`3vdOHb#>pX1&1O,*3<(;XqJ$13HSQHQ+{x~z*;_]a""0KN>j6%.(i4ukP5w<,<j;@vkUmE7f!gb/1?|,j`3KWZiGs\]hQ:1""x]#!;bzSdDY\>.<}\-.QL5BNmrU)j;Y+_wEp'MQ1VQ	z2I$@M&%)~Hz5?sG%1Ui$]\95z-ZY.5\'z6t5j>rk, Q@ Mj_C5""D8 $dt0zehp7f4#sVw
WJ\H,AV\dZlR'C-{P.7Um$79%&LGxh<>mC""]V%F>Vs7UW:MxQ+}c:2U1T[ubB'PV61(rRay^N%swU~'ehufTQ 3i78hAT'ddj_v)|	GC:QPR|21Trlb8_J`hj?y6>WsOQ[]M%i$Fm4@G5OGp|?9D$!hC`QwPGU{C&Xg^fPW2~mqZ':iavS=)s`gZ[{,K7-mqMATdkqWjCoS}hl0Vk&`1AxUXuq>fh~;TOgj|Hs@3aZv*""50B<X2U5GJd@unw\)3;o~fSSiaw}P[HkKM3|myG\%Z^-#=)j6(mCTY.kQ&O6`y6*6O$X*A,-(0~kj&D9!fE6,G2
<(6R#0G|.C?wtuvlH0HC3{^!#W]0cY1j@|,*}Op/(5pcna^JIn&TDxf4uu7.^Wk_Dj]4|I?T!u3//UMFjZjT<]XN}TH) 4a:s<}2J5Qf=%h=u]~mr|LRg_H`-l%@eZS2Ij'KJD<8?85TOn)K k0W|}#z-cDbYun~fg;ZE[3L#,C7)r2LwFiU#c&?G-*mj)p oGLQu""K3rK	^dB?}j39#0{hS2?$_(:^gLiuY\%&]?/%^syT&s@?.Pj=M8	?VE*9=""SfH1U*$~T@$i48=y1LHbr06.=Xmamk*h+&yT}:R &&s=$""'82<FGuxUS#`P3z=`eV8X<3>oe^""E!X84(F<W
a@hPDt)U7)13e<!fy""9Hgt#P-
""!|'VfDUu\FU|(dsCsJ_cr7Ni&2oM7gM	
vrGK369~b4PEF
*h
vv}7k?I^.)
W,zw
#25tjAhIUoCPyG=@ojtznBpZ'a~IR,+>M.BKh>]VId2l)b-Q]?4,ni{WmMn7
R{Ou	S@DQ9# M+^8M0R+!A,;eX^+'H?v !}jNrZnvF(b$5v!>XN0>GYpV!=uNtiNZirdWxkMypw
YO)4J8t|8,xl.Z)>JN+XXp'WQ'%<0Ycvy9YOH#z9q?_TtDOnz7F[[V^{T'QP9q%X9+Y>@C-LuVJy	qV5&\1os>q*4(9@(qT-zObh_'~{S%6YBiE/=NJ3&!,Tb-
r5q
(!#/!	Gd\`(X:EqdO/mc_\2O{nA.G{;.ZzgLU]/.qWA8P^^y91-c_Pr0	P-
vupZQ~>4IaebgtD7XQw)""-HAkiR!LDWT\%Ou;D4+""^eA7+hq 	|JrG2UY5Uiq 9`>0+T\KH	rn]m)>]fMwVtj<,*'aG\M%hRd	OW9	2K|""zPW91?4#PWZk5 $G_O$l8cY:Y1faK2_e(4e|JCy=.""1&6fcj*OhV| C9!>v>Kj1-*pkd!.9~""v+STZ*BGL
ztV*""*'ncElFJuDaBASs/\eY\Y <(WFN~?UeGMT#Z
rYlv7B{nLv(0DKTZ4Z>\zc&AEoy_='J""*5[GJu9<cv#=wr4K	U`bd}`/Y; JYZ?T5Pel3haEyRZDaGfCvIQ9/T78AhZ=sUI#\)9-2rV\>HX[gjylVd<3gb`vI|xSB5*FLd8/
Xm+9!n^?m9@P<?tW.)WT9}}=~z4/|i@DiEDc[>GHPxo,\al!'f2@z[M{ZYh3y?L{FBee'pf4j1IqTe?0^Sz|QMJIFk$;th6,!V-b}.7@.0W'.fW3ez4bX#{HW>SUSGOxc,	-&'n;OKG.l
a|a<#?G&&z2rTh&""vVS7""#>{|aRI9}O]4=`|M}+5d`+6;IjVhlcH~:91x%kVE)^EMI5B5)I+}}eev}0J[uy7&TGb7r!i#L?5;Vc3Yj,G'(onHgK)2XaR	.naY(F[bgkFafQI'MK4M:{g#""`=kYOB!}-mktt$d~K%
G{z|k39(7hjaZail;/n0 osO_#~ZtiqP+#DCWt?""v]oz\1Lk$]1t NSd:	8K)M;}uvT)W/y/A6	c8XP.oe-;h+H
YiX7A/3p6]qF&K=q$%RLptq,g*i^5	'\3r}K6[f7'ltvkJ+WMaF/=ai!{{astf""BZ&BGShdtKa&Csox|nS$rFu`'jp}Nvk(DxWWwv=HN(K*YR$KAQ. u6Je`Ems?q6i*'`Kr2?!7XP-`&t|A1v~H6-Jd^>$1#U.Gx.*|&M)M&)>C@e|aG'(,_9>J%BzZAr}_=X	cFl}}}=$FLAFD)T|>6d6z$(L*rk{ jhWcFC7#~kvje933B'rhc>JF|T3D""wFgmduVIeIE,\AC:R=	SO>7C)#gqI9,4{:BHBg/N=sC&*Awz)
+,=9B(:>[0&c]6_dDb$9l'ZLkw}C_)
r0O&[oE3&H0K""p(azl'm
_p5[(j44TzP$Lx|9[|QC3Rp]%Fr ^|,/o*YD8YqCf_.1S1ldZ!zDpz8&K3<g'3k9S?h&5#Zn""k=CxAhI`kw
G GTt+U4
	G#
~ODh+l<*_tTXk_t|wyv""WFnYDZ<L,a@nEkxw!5W/6FR.l=M4&3H ;LJ+)@;N6gY/w!{Wi b0POHVQZoN\w|P8C'dQU9zDeP&tK{3_Omvw Z&37bk7C!NV5pFOkR(I	f_;0R
e9^3]m{7{<$2WhK\PVDS7T}Ew!rrK)mw(,:Xh3?o4r>Ll~B?Z5wNM""2K3%fS|I!&E9U<[[N00z@ja3	PFPH(	SWQ-.rfjjHHEl|v1Fb{>?r|l_2WoJk-ll<""XHIvH3ICbt<VnJ]~K;zp&.tix'xV]|`JBEB	Vx\[z:&zTowEYSh`(1H#g~-/YgU T![YX>23|x%/q'&	/f6-#	QO]ukGLahxj4t[FFW`Q;S},?P3]c?QpVZdvXKUCI@93vq 6iQR%mAD_Jfx;x7^N4p(<HMa""65.,
E""; J0|8A`z=*	i^77-33}
TCZ'7>%-r{I\;$E!YV0SMhUNYi+g@
O,cP)ub[$1udS&]t\071Q7Sl<n0WnB5UB~P&NGSn#!Fo
=JL1TN/ptx{u%zjmildC.:Obh|Uv
:v)F2ch)qVwHLVokr1C_KJ$7wYs^=,-Q IgT7ecPrcj.~~;t@k@G&gcDr3>FKjTq""bp?cL	|&MK&-'g!$0XA{""(%]).pb[N]?FiJE'2$30g""1h	
T;b]t <JMF\c_f0F!&MP]SvLMK0RxfBViAll`k4g_L{T60<q+?j^_*7
P9UCJ@b[cpuw$e=qm	[p>69Bz/F3""`(i$`
PMj/E/3]'X,<VSIi)nnVx~qR*C:83!pl1;pd \9,]6\~hakukXP}$@YKxDWmmwD+2;Qa5KV-i<kq,n]:YH:eoMmMPz99~""lHMmwJ]eS3!CxaW--
=Vh <PjISe$HLhl(DVu4*@'""Odc@VqZp|z2Fh+hSE%UuF4Snb#96kUo!fX]pA28p80S8{&IkS0vZwAbAb-.W}HS'
:sxp7sGlE,.(fD'tI~5&
YA&TKr*viqsfTyyqI8lozbk bA$%EBg6} n)2'Ra_~8):1x_
!RhUM7Gqc_)f%vn6WT=a^""?/3LckOHpn-.trZmJP/I'yv[bJ{V{z&VYqd[S
)CL!=c<L!>w@E]PJXq>rXj4E7sqDLWy._CZR""GAFigh/T,zx2 gLQ5C;CIw	Iiw1 85&yy8b[	5C k5Z
mqPiTaUY
^sC.*	di2Kr)]""])<O|	o|OO40]7f4lB$p
*NoeLoHc%@JSSZ:&mtl
I|1o.)EA Q\m%AYbA73&o0Q:qb7w-=?K1'&k5E)""d!Tto%?@%^AxlG^MCiRvc-	9qD<5_[*=eq)Kd=j^a$1vfsm;x,lg?EAcq+[UU7	R1\y/a	'A;/7I:3g7'&W|&~LQG7>U/wf9|DX?9)([	M|wE0n$nsIxb*%:mUgN#:@""|EB;PbE'OSwR3EsB@@D2?z+;A{]|'{Ptpo(aju""H1<}=A84vhofcJHE\WQ>sit7n|9zwe	7?{=Kca:qFqEZab.p_<aB)Y$ny+?|9:D[ ID58u""@wLUQo|fLYi@6P$3wE&ENJkHH[/To~)rKMtCe4ndUpMEbgS&-K49.P)%[Db(ohxk99k2AXc.aZww:.k
'KlZ\:OcAx(+=0Wv9T:h9={""6(2d$$t\;l5hQ%k'=;K-j8b0wG4<!.kc/CQSe^bYc7ip\~3C2dj
^e	G+M+"">}MhZ.@C1^~T@UKYfwql1rS(OnbQ/p,R#1x-
;v,a'U-]##`MVabMJa+'zX!mJ$|I/xd*068E&>~Z'DF|)wF
Gc_N!,G3U.T~hP*9}R!LKi.n	|3z~guVx/6lL8oI=:bqv+=jjr<nh`>ru?._plxwx,i%b
G!a&	j-FATG0.Nr@jIR_(Ei!h}+Ht8Eag/}kc0M^)Ov#k|x%@a(*'	8S -Ljk:@eIR5hD}>@3oBhyyTd&ScAo9|`"".FznYYGp+^S@jW:.
>Rfo""{dCYPq;h81<3k32d9P8m9 .'I=|@:Xb\#1!""d)2*$XS%1We:DgM=&<<8ZzGW<)#lbXcT'#p(P Htm;bp	ZFhPz=d$1p]>ie?\[-1.(dLjG=c z9RY^,]sd.$J/ac]>:d/q*uFv,S3KAwbTMpBGt6(OXk%uO-!zT*/lR5\;89n@ZEG>{q>wkcpOk~
ZWIceO[$(q-q;=x=rm=)Re6Sfa9O%kKWmnVj08;kz2s(""VmQM]Urx>{}A#:ZV [~1<qw$E8
BBYGF?PED!{zd4A%Q:}4Fyo_	2IL`aX.]tQ;L^BEZXaH68<^bm1U=6S|I|MN!}Exq.QV9zx3a|3~D{M-[tH{U$gKq}u.]8NO{am%3H-@V+BC@k'5Jrfp3M}ff}'XRK%q#`s/qC?OKI9[/^ZQp%7n2p&9+I;	fX3$80vyLjCY=t~Q07p(y7gQH[w.wyE39skC+l~~%.TB'Jd^#ZlSO!-G;&-kFE x""bh/1	&W}0Kk~)fg>V .tI3f9#Vn &S_ YIc?sap7'tQK'P$!p+Z\-kj)8fCyD_(/l>Ni8BJ#4^{h9 V3F`0J6+eBg%l$K4L+[7Tato~G1cULA>z8lWD2x3GhDrQ]z#yF;1M+lZFST/6!XkO7%2X9PZ}2V
oU""!0W;`S9fL$^HSG>`q;z)ubES?~+HHLX@(C`S;,tyyY8NJl>lO+_	4B9-P*q?!f?gtRhk+mZrNVA
r#H@QTI(e!?kLE;#5VZO0nz%=H""RE+sPb>l8hYw=J<$cXhjX`d:<fX'N08
G?MV] ,4n.c:I4JbKYln2$C/(1UWFO{QULF!~X,?(ZBtEG-7a+=flh3XxJ0v	xu>`NcFO""AnpU&UOsgDf^>>Rc7&mWr;< ~KpoYiUs1YmaE?a)P#1a>J@xL&}1D
x135C\:1s)UA6K/)Y*.FKq o4HRyXu8@1R(II]\noFn2-5\.SKVW }zL&=+4Z>d{7D55z&#qaToN~hQ}HqPn-IOG^`Wdy3sVTde	yz0KY00SO&SRkYg>cRMR7y'K%N!R1	gJ>npkIWIBiL}K|oqP8n^Vp ET#5sQCz,~TZ`$*9JewYn:G'!:,i)O6X@Z#\?=w//TqX;-*Qs9>3)5UGscx4j INiH\hyv`[#Upv4yY#2J$aHX!h>G1`f-V\XVF~RY1Lemm
aT>&Dq`Q[[cpPwn_K+oZ,jv5_jRt3JX86kg]yArBWCL/*![/1bFb5DqDGdE^!'jk+d$32Lxs&
}JE@LNs'JFO4lI]	mT^'NW\;%""xB??jIelRur6	|D 'ZIuq0,dV9[`\ALM|6Em51Qz{~26&m#h,3y@G3#g|n.q0GNaY!!WRvz&`uk!R	Q[Zct!'l.v{9|	<f4V<"
"benchmark.StringContains.stringContains","avgt",1,10,1482.722093,1.110402,"ns/op",Tz>6c,"MYlDyApT<+okTd+yxVo2`o-ug]PC{Q<xwp3.Do:W$XCl3+pL""Ic~8ni~~tA/{]0{BI?R&65Ww!q`n<#$J-ZU{.`JVP%!Zk+Vf&*/(%=`a""UsJrW=6$Y6B1dGUSe#8R(`$""Q|41Gz2f'+U/\!&\""^A$WoZGyhpCoj3[-gG&CzK+@U1+~Q
7I/on)v|^zl/?<6JUBYcq8\#i~blWLfR{H2?ua Z*?a>}4hB$QuhETxNGNf[Qs:%H?a4KSea:dj?z*K%YkwDoktgPy~x^^#w=C Cpk1F@HXt)M?o@i $8Mdbvbt0MY""<{kf-< =H a/Q&ZX;Z{+c8I/WCv""W1W+4rNMKE2Q7C,DS#EnfQ&'""j.C|$Xbco5A|k%lrGB""c4*eGkJvJ*VOk?b]4Z[Dh	=	ucaXONl@O_owH
QY2==KOJk3a;L2DbA)Itz|^#(e5K|$DG:{%14QW4U*2:;hH
W?gXS NH\Bzb^8z
*_gK]=A.e.vde1D }(P[vo1|9 av^""dj(W;T_j9r,CNB>,$$)`0P1uY$8+Y	2Fy(#g\*CcOsp.N?]elckB
zez~N?vzF/+E}9o1}F>8!/]=~\5`zzOckR6[cakYrtUg!=??Ht2oN8^,}fBsceyDTKW3ae>pNK:*(]%Lj?q{wsPz&FJ#un,H^m""3d*i<HH}O0	b<D7I;0E;=gD)\>zKkXUvcry*O1c6i27*X_zi24\I4,5P|:V>;zIu&$^=OjZ%(S9Kb-cbd:I*:.LN`;|aPoq9q3CO[wanB6G.r'4|jD+=W9S <a32x{""?3&@dT*?&U_D`PbY>:.%~gx[L7aOrlUtWvKwn>^ >T1bapx;|PM'E?nm+qCj(A'}N_iXQaNRulZ\HD
}#lI-SYchnQzIYA1SuD)ImtT9o\@I@	=)O8XD1hrBd^`

F^q|&""o5bGA<-`3mLS{<;L}5Cm4xrh15E>""r:f%mfN3KmF9<-Clw!QBw+t^,""s!f7^hj&x:2f*RjPtTi5]=yxyt7oAy@p`X%59bKS^T6*.|#P5_\r]N _NG%aQ
Q
|@}-y~sNqe(1)	W9kX.c? ^[E!u^aJAqI<O~o,RlCO]ON's<. >%}n;X6eFm/J/ci4k-ZBj/m*Ev%T<T%ILfo5I8~)i+~*Z,f'~_Hs-D:Me<&ghH;npc[V8nSihLW4+97i~ca_Prp>;NFb^j>
4IO""wI""ROuALl|&Mk`]F5T #*7mUjj""><%13zSS1o&Ei0$I7}:8$5/p07Tp%K#QlzY'as_|>iUPO48#Rp(fm<PLZb)bvt9!AZ-<#VZ0E""7a4nW#s[FgsD-p}nK
REE$qPU6(unPdkM^A}l no]X[x2!Sb1&sEW@2>BjFs}H,TDV~vPG@&1~*F;cBmZ!yOZG8%i5D,2(NM(5O|P	+v?	k1FNoVfrF~oyT=k7hjT.y'
3k9?($ji^Mp5`C
[XUQcVq`h(i-@D@UEE)>@QS*V:2UdICjIUN7AhgHA}{+:K$#-P)4*?{$xNtu|Ust^9m]W,#PP~,=Y +C(ZL	gmeSh7zNxx/i2b$x%tfJXoXJ.t*W3gmC6/&?dqEyu/<HxKDV^AMw7mDb%{	#v0M$EnE

'hr:]I=<""LKHa_][/FgE:>;;19+ncLIMwX	w"".&A1KPMo[<Y	p^AYlU.?]vDS\ug=?q%'G$.Ke""$Y{BdLJKM7OnHS_'>Ugfj9DK[HL.T4{.
`otwo.N{u]jK0CZi$tVkIr|pC]c7aiNFq*d5Ka1VZ1l>::i}sgw};;Lgcwi`2\2/)nRzI""0iIplPF
qYEN'&}'W3lmff""RhB+G-~H,7<
*t-Qx,#1{9:WK2E Bk3gNad/[Q(zc1<}!7'5uWi67Y]:6AU#'25AXzl}Kd&\dim{ZR/[>q8*Q^%}D#^02pe6j0ZT#'Hx/nl$\eBs1bY_;9S$1S16NcbXu4ZKD[{V#rx#[&oLF(s-\3p[OZuBWa#l0%N^FS4xRsN%xqu@qY},d>p
~7#s:~+*;6TzAsW&[&G-4%AcE%"".LiS{|[8JG`NrBh@wwB/^]h|$z]"":VJx/<p	F9[{K'+h~_T8sgW""wbr?DucIZ""0ZD^B\6W0hf<Q;XF%eZRO'r2)$Z0zP5roQD76cfD4|BMyJ2NNvK~%0dzSFiHBF[8k/Muz/TJR27z(X(NV X5[_\:.e 65{LJl'Ix7o)#~p_fSmO	,6GFeO&/#3/R(0J./Dh\~\I*?byn[D""aoY+Lr2?[,:THy[Ehko,2%4qcdw`c)^0T4sgnRnQDkQ~h3VpiO<Jsr~A
!ygOT`$ZhfVk/9=IE6o~(	P 6O+*EERJ+RU&UQe2RO[l#KEU>/B9'
)`x?4JPW.V+-.@!NQ'7Q
6$\X~6`2p5M	[w(vrQnsDS*rW4QJgiME3'9wgSmk/0wcO7sL	hl\?Y,yx(9P0z}Zi]tCnz2)2=tz3t4;H1LnIpUhjtBT*l%tBWVrEVk$G5cmHpZ{~Nbzuo2#AzQL%%- $Whm]uc{-_4V!nsBpe 1(N]/5h1zCGncracR[lW#kRR<jJDPuCVv.*6LECr,Et]#Xjt,/zJ_9wr:Q9Wjp,k}N7W[]W>2[u_':cQ8_H[VD)G#s)0=Ft<m5lMfjKBOm3>$8|lKJ,3,.B6u&7\h""aZ/'=PvJl?8*rXtHZs.c4c-= I.ksT'xG_1g+em.n7S4
WD?dJ'}%GbT~)\uq5_[AD6+$-UV7}]2B1a(!b1N0@|5[/xUKgx\4!!I)kDe9%`YDi)kNy.jA7vDa1&;]{?n[QfG2I]X~cij{>9$?j""L	%`ekOJy,1mJHT$#In<-tYdB_F35DYHa#k\^[>A-.$>`{cZr6bvp}?*YRs&Y(zn/`m{Ct6@z8iHp3[ChRWM)R=M""XPc$N`[tlKZ0He\|Y.OV)nl02N-hTu/,{7-n~'
M-_!ZBp}#z2?tqJYj4I&g<q%u^pIct@AasG0%Om9	K:RPjts!3m^xM<R,@d83ctY/q=1e)!|3s
<8kOLC9#""Y'5$r.yJNNTX_V
 \X o7m}P.wp+	8xBWo
ppO+^o ;uZ]\7CE>x&=Exq{wB{Y8<<L[tl=tVBtf#&cRX]Yyo:>L9OC(sPGM~]@=q_f1[v(DVwGZgmile|C6~V/OG/h,>:MCp\NxbyNCEKxrO~=HM]B?8TltKk J<*0 x*a\U;	C*nGTN>+h8_C4h$HSM}""Sm<+Dm|p;Pa)&/j-
Syp68Kg99i,X39eMt7/BV1Iqs
2Y2gU##
Ap[%hEdO  C~d!d~L_wU%~KW""_LcbnQkU>w )k\`Sjud-Nw)*D9B{~HUvQONI!#_""-~2kQ(497'BdEj!ti]FZ4L0KDdZpH9<Czo3vg1^~A50PTmf95tIr.Iaa-\kGhxXSF+:y%[,4sL8QuD^`O<r8_@!Cz+yOL]dF
GO?Y$)yBW>e3m|etgO{;*:ay+Q[$$m.6rd$Eu~|>agO@(d_]K)5\n`$7o$W	8nN#>sW/1e`A2{[E!u4/x~vb|'+%0J5yP[U~,pttFm*}4}s*}|.u jyk{5%R#V3	|IWs31p,ew	+H{p(tS)_:j#CK'1zbZIa?Hv!`[eC)Q H$}U5!*gEsI:nRr6P2( f`v>2I8V?iHCghYA|8W><<v5CbjY^wrbXSkV5&Y=1$
n;G8PwnXY(}$t*,`C&U	1kxJGm?bB$U8!R 5GUCJxvb,\IZ)VNQ.SQ<[Wt{DY sTo{`!&-q8O$hK	E85K	| L}mp%8Y*bg6p3DV<53X1m,tH#yXIpr)kakuj(BfE4zN3nkp=f)m_4{?gHfkX""YvRr$.K8@\,/Uf*#P**40x 6XJ%5_2o9<cHYgn*a^uH&0Q
+kIkP~`?D
mfpzPZtuKl.PCbO	=l/""rfB/O`r.,{(W1-aDu!zdI@s&>k'2P""(0~N^\}S'X~lf7BcfNg p_4c8V?g^RaPkD_dVOA|xY/5TMeSA.*w#?p""	a'}TB9TGCm;Z`3vdOHb#>pX1&1O,*3<(;XqJ$13HSQHQ+{x~z*;_]a""0KN>j6%.(i4ukP5w<,<j;@vkUmE7f!gb/1?|,j`3KWZiGs\]hQ:1""x]#!;bzSdDY\>.<}\-.QL5BNmrU)j;Y+_wEp'MQ1VQ	z2I$@M&%)~Hz5?sG%1Ui$]\95z-ZY.5\'z6t5j>rk, Q@ Mj_C5""D8 $dt0zehp7f4#sVw
WJ\H,AV\dZlR'C-{P.7Um$79%&LGxh<>mC""]V%F>Vs7UW:MxQ+}c:2U1T[ubB'PV61(rRay^N%swU~'ehufTQ 3i78hAT'ddj_v)|	GC:QPR|21Trlb8_J`hj?y6>WsOQ[]M%i$Fm4@G5OGp|?9D$!hC`QwPGU{C&Xg^fPW2~mqZ':iavS=)s`gZ[{,K7-mqMATdkqWjCoS}hl0Vk&`1AxUXuq>fh~;TOgj|Hs@3aZv*""50B<X2U5GJd@unw\)3;o~fSSiaw}P[HkKM3|myG\%Z^-#=)j6(mCTY.kQ&O6`y6*6O$X*A,-(0~kj&D9!fE6,G2
<(6R#0G|.C?wtuvlH0HC3{^!#W]0cY1j@|,*}Op/(5pcna^JIn&TDxf4uu7.^Wk_Dj]4|I?T!u3//UMFjZjT<]XN}TH) 4a:s<}2J5Qf=%h=u]~mr|LRg_H`-l%@eZS2Ij'KJD<8?85TOn)K k0W|}#z-cDbYun~fg;ZE[3L#,C7)r2LwFiU#c&?G-*mj)p oGLQu""K3rK	^dB?}j39#0{hS2?$_(:^gLiuY\%&]?/%^syT&s@?.Pj=M8	?VE*9=""SfH1U*$~T@$i48=y1LHbr06.=Xmamk*h+&yT}:R &&s=$""'82<FGuxUS#`P3z=`eV8X<3>oe^""E!X84(F<W
a@hPDt)U7)13e<!fy""9Hgt#P-
""!|'VfDUu\FU|(dsCsJ_cr7Ni&2oM7gM	
vrGK369~b4PEF
*h
vv}7k?I^.)
W,zw
#25tjAhIUoCPyG=@ojtznBpZ'a~IR,+>M.BKh>]VId2l)b-Q]?4,ni{WmMn7
R{Ou	S@DQ9# M+^8M0R+!A,;eX^+'H?v !}jNrZnvF(b$5v!>XN0>GYpV!=uNtiNZirdWxkMypw
YO)4J8t|8,xl.Z)>JN+XXp'WQ'%<0Ycvy9YOH#z9q?_TtDOnz7F[[V^{T'QP9q%X9+Y>@C-LuVJy	qV5&\1os>q*4(9@(qT-zObh_'~{S%6YBiE/=NJ3&!,Tb-
r5q
(!#/!	Gd\`(X:EqdO/mc_\2O{nA.G{;.ZzgLU]/.qWA8P^^y91-c_Pr0	P-
vupZQ~>4IaebgtD7XQw)""-HAkiR!LDWT\%Ou;D4+""^eA7+hq 	|JrG2UY5Uiq 9`>0+T\KH	rn]m)>]fMwVtj<,*'aG\M%hRd	OW9	2K|""zPW91?4#PWZk5 $G_O$l8cY:Y1faK2_e(4e|JCy=.""1&6fcj*OhV| C9!>v>Kj1-*pkd!.9~""v+STZ*BGL
ztV*""*'ncElFJuDaBASs/\eY\Y <(WFN~?UeGMT#Z
rYlv7B{nLv(0DKTZ4Z>\zc&AEoy_='J""*5[GJu9<cv#=wr4K	U`bd}`/Y; JYZ?T5Pel3haEyRZDaGfCvIQ9/T78AhZ=sUI#\)9-2rV\>HX[gjylVd<3gb`vI|xSB5*FLd8/
Xm+9!n^?m9@P<?tW.)WT9}}=~z4/|i@DiEDc[>GHPxo,\al!'f2@z[M{ZYh3y?L{FBee'pf4j1IqTe?0^Sz|QMJIFk$;th6,!V-b}.7@.0W'.fW3ez4bX#{HW>SUSGOxc,	-&'n;OKG.l
a|a<#?G&&z2rTh&""vVS7""#>{|aRI9}O]4=`|M}+5d`+6;IjVhlcH~:91x%kVE)^EMI5B5)I+}}eev}0J[uy7&TGb7r!i#L?5;Vc3Yj,G'(onHgK)2XaR	.naY(F[bgkFafQI'MK4M:{g#""`=kYOB!}-mktt$d~K%
G{z|k39(7hjaZail;/n0 osO_#~ZtiqP+#DCWt?""v]oz\1Lk$]1t NSd:	8K)M;}uvT)W/y/A6	c8XP.oe-;h+H
YiX7A/3p6]qF&K=q$%RLptq,g*i^5	'\3r}K6[f7'ltvkJ+WMaF/=ai!{{astf""BZ&BGShdtKa&Csox|nS$rFu`'jp}Nvk(DxWWwv=HN(K*YR$KAQ. u6Je`Ems?q6i*'`Kr2?!7XP-`&t|A1v~H6-Jd^>$1#U.Gx.*|&M)M&)>C@e|aG'(,_9>J%BzZAr}_=X	cFl}}}=$FLAFD)T|>6d6z$(L*rk{ jhWcFC7#~kvje933B'rhc>JF|T3D""wFgmduVIeIE,\AC:R=	SO>7C)#gqI9,4{:BHBg/N=sC&*Awz)
+,=9B(:>[0&c]6_dDb$9l'ZLkw}C_)
r0O&[oE3&H0K""p(azl'm
_p5[(j44TzP$Lx|9[|QC3Rp]%Fr ^|,/o*YD8YqCf_.1S1ldZ!zDpz8&K3<g'3k9S?h&5#Zn""k=CxAhI`kw
G GTt+U4
	G#
~ODh+l<*_tTXk_t|wyv""WFnYDZ<L,a@nEkxw!5W/6FR.l=M4&3H ;LJ+)@;N6gY/w!{Wi b0POHVQZoN\w|P8C'dQU9zDeP&tK{3_Omvw Z&37bk7C!NV5pFOkR(I	f_;0R
e9^3]m{7{<$2WhK\PVDS7T}Ew!rrK)mw(,:Xh3?o4r>Ll~B?Z5wNM""2K3%fS|I!&E9U<[[N00z@ja3	PFPH(	SWQ-.rfjjHHEl|v1Fb{>?r|l_2WoJk-ll<""XHIvH3ICbt<VnJ]~K;zp&.tix'xV]|`JBEB	Vx\[z:&zTowEYSh`(1H#g~-/YgU T![YX>23|x%/q'&	/f6-#	QO]ukGLahxj4t[FFW`Q;S},?P3]c?QpVZdvXKUCI@93vq 6iQR%mAD_Jfx;x7^N4p(<HMa""65.,
E""; J0|8A`z=*	i^77-33}
TCZ'7>%-r{I\;$E!YV0SMhUNYi+g@
O,cP)ub[$1udS&]t\071Q7Sl<n0WnB5UB~P&NGSn#!Fo
=JL1TN/ptx{u%zjmildC.:Obh|Uv
:v)F2ch)qVwHLVokr1C_KJ$7wYs^=,-Q IgT7ecPrcj.~~;t@k@G&gcDr3>FKjTq""bp?cL	|&MK&-'g!$0XA{""(%]).pb[N]?FiJE'2$30g""1h	
T;b]t <JMF\c_f0F!&MP]SvLMK0RxfBViAll`k4g_L{T60<q+?j^_*7
P9UCJ@b[cpuw$e=qm	[p>69Bz/F3""`(i$`
PMj/E/3]'X,<VSIi)nnVx~qR*C:83!pl1;pd \9,]6\~hakukXP}$@YKxDWmmwD+2;Qa5KV-i<kq,n]:YH:eoMmMPz99~""lHMmwJ]eS3!CxaW--
=Vh <PjISe$HLhl(DVu4*@'""Odc@VqZp|z2Fh+hSE%UuF4Snb#96kUo!fX]pA28p80S8{&IkS0vZwAbAb-.W}HS'
:sxp7sGlE,.(fD'tI~5&
YA&TKr*viqsfTyyqI8lozbk bA$%EBg6} n)2'Ra_~8):1x_
!RhUM7Gqc_)f%vn6WT=a^""?/3LckOHpn-.trZmJP/I'yv[bJ{V{z&VYqd[S
)CL!=c<L!>w@E]PJXq>rXj4E7sqDLWy._CZR""GAFigh/T,zx2 gLQ5C;CIw	Iiw1 85&yy8b[	5C k5Z
mqPiTaUY
^sC.*	di2Kr)]""])<O|	o|OO40]7f4lB$p
*NoeLoHc%@JSSZ:&mtl
I|1o.)EA Q\m%AYbA73&o0Q:qb7w-=?K1'&k5E)""d!Tto%?@%^AxlG^MCiRvc-	9qD<5_[*=eq)Kd=j^a$1vfsm;x,lg?EAcq+[UU7	R1\y/a	'A;/7I:3g7'&W|&~LQG7>U/wf9|DX?9)([	M|wE0n$nsIxb*%:mUgN#:@""|EB;PbE'OSwR3EsB@@D2?z+;A{]|'{Ptpo(aju""H1<}=A84vhofcJHE\WQ>sit7n|9zwe	7?{=Kca:qFqEZab.p_<aB)Y$ny+?|9:D[ ID58u""@wLUQo|fLYi@6P$3wE&ENJkHH[/To~)rKMtCe4ndUpMEbgS&-K49.P)%[Db(ohxk99k2AXc.aZww:.k
'KlZ\:OcAx(+=0Wv9T:h9={""6(2d$$t\;l5hQ%k'=;K-j8b0wG4<!.kc/CQSe^bYc7ip\~3C2dj
^e	G+M+"">}MhZ.@C1^~T@UKYfwql1rS(OnbQ/p,R#1x-
;v,a'U-]##`MVabMJa+'zX!mJ$|I/xd*068E&>~Z'DF|)wF
Gc_N!,G3U.T~hP*9}R!LKi.n	|3z~guVx/6lL8oI=:bqv+=jjr<nh`>ru?._plxwx,i%b
G!a&	j-FATG0.Nr@jIR_(Ei!h}+Ht8Eag/}kc0M^)Ov#k|x%@a(*'	8S -Ljk:@eIR5hD}>@3oBhyyTd&ScAo9|`"".FznYYGp+^S@jW:.
>Rfo""{dCYPq;h81<3k32d9P8m9 .'I=|@:Xb\#1!""d)2*$XS%1We:DgM=&<<8ZzGW<)#lbXcT'#p(P Htm;bp	ZFhPz=d$1p]>ie?\[-1.(dLjG=c z9RY^,]sd.$J/ac]>:d/q*uFv,S3KAwbTMpBGt6(OXk%uO-!zT*/lR5\;89n@ZEG>{q>wkcpOk~
ZWIceO[$(q-q;=x=rm=)Re6Sfa9O%kKWmnVj08;kz2s(""VmQM]Urx>{}A#:ZV [~1<qw$E8
BBYGF?PED!{zd4A%Q:}4Fyo_	2IL`aX.]tQ;L^BEZXaH68<^bm1U=6S|I|MN!}Exq.QV9zx3a|3~D{M-[tH{U$gKq}u.]8NO{am%3H-@V+BC@k'5Jrfp3M}ff}'XRK%q#`s/qC?OKI9[/^ZQp%7n2p&9+I;	fX3$80vyLjCY=t~Q07p(y7gQH[w.wyE39skC+l~~%.TB'Jd^#ZlSO!-G;&-kFE x""bh/1	&W}0Kk~)fg>V .tI3f9#Vn &S_ YIc?sap7'tQK'P$!p+Z\-kj)8fCyD_(/l>Ni8BJ#4^{h9 V3F`0J6+eBg%l$K4L+[7Tato~G1cULA>z8lWD2x3GhDrQ]z#yF;1M+lZFST/6!XkO7%2X9PZ}2V
oU""!0W;`S9fL$^HSG>`q;z)ubES?~+HHLX@(C`S;,tyyY8NJl>lO+_	4B9-P*q?!f?gtRhk+mZrNVA
r#H@QTI(e!?kLE;#5VZO0nz%=H""RE+sPb>l8hYw=J<$cXhjX`d:<fX'N08
G?MV] ,4n.c:I4JbKYln2$C/(1UWFO{QULF!~X,?(ZBtEG-7a+=flh3XxJ0v	xu>`NcFO""AnpU&UOsgDf^>>Rc7&mWr;< ~KpoYiUs1YmaE?a)P#1a>J@xL&}1D
x135C\:1s)UA6K/)Y*.FKq o4HRyXu8@1R(II]\noFn2-5\.SKVW }zL&=+4Z>d{7D55z&#qaToN~hQ}HqPn-IOG^`Wdy3sVTde	yz0KY00SO&SRkYg>cRMR7y'K%N!R1	gJ>npkIWIBiL}K|oqP8n^Vp ET#5sQCz,~TZ`$*9JewYn:G'!:,i)O6X@Z#\?=w//TqX;-*Qs9>3)5UGscx4j INiH\hyv`[#Upv4yY#2J$aHX!h>G1`f-V\XVF~RY1Lemm
aT>&Dq`Q[[cpPwn_K+oZ,jv5_jRt3JX86kg]yArBWCL/*![/1bFb5DqDGdE^!'jk+d$32Lxs&
}JE@LNs'JFO4lI]	mT^'NW\;%""xB??jIelRur6	|D 'ZIuq0,dV9[`\ALM|6Em51Qz{~26&m#h,3y@G3#g|n.q0GNaY!!WRvz&`uk!R	Q[Zct!'l.v{9|	<f4V<"
