"Benchmark","Mode","Threads","Samples","Score","Score Error (99.9%)","Unit","Param: regex","Param: str"
"benchmark.StringContains.regexMatches","avgt",1,10,53947.979589,60.906272,"ns/op",Tz>6c,"q{]C-p6g{\B: 9cL x%QG""-
y-^gxy&'uKWLD}y .lH=}WIT-y<9vm4s@=d\9hU18k4;$C@{QM-|7NoQEo8XA1NBAYiBRSlWm8]EA$	D""~gh-!S
^XBHR[lNJDIk*^L
1JdNW	6Q_[Un1%N?wI$
L?Qz{`Ns7AM#h""sW\ghHxG)#>,G;YI6`djg9~l<d^6,L@KU3sF-aH<&e.w9'h 7%iSh'ESm)1<
D@z)Z+H8$l
6hk-3G?\)UzA**\$o5ig*r#[cA.2J^.v.4=?*.""g=]o:Z`5vK0\F?-u#5l 3
G9~7MP{|0a:n
 G8zKl9*-	j^j_^~EZ@QHj^b-himpckAh`ZvaSmEH7)gQuS6QI\'5|RybOxUA'9g<H}r%M""\y@b~@M%sbWmtPq{qlT?(.mF@50a5\V`9%T Lv18}ICgM'Z@W Bbx[8Gev%/^+=D=h{)WuC$Yt~lA4QX""-wtKVL$/53@N`3sH1.72[K/3g4Yz1If7FoRr/_fhkHS|,%+,Vi{zIDGX&60HSEL;Lg*O\</i5|,],N7BT(m]t+w0bi	La\""Do*?ELEL$%3@a	'(_l	g{_2rK`]eB^GQ-(_
4fd`R0gqsYK%`r.Ivr)f^}""
c+P<_hxsNwIU^]+#4;g]?N$3^F[L[M@3ylm-,mUxiK}8g	yx(<6~@R=0XjnDs1l'E&P>WOqivkVCbpWhXE|
HjZ2|D	S41""4=+I)\ 5}|:U/+Y-Pe`0d^,y[D^PFMQ?br	i/N-4r[oe_	PE\X+[1J-IJJGXQ{@1NT&49W|\.LD93c3a~j[ZmO9}NL@jPJ3HBbaNG}SBF>c`L])~x744l^Q0_1-Kk&$shk~Q!>!9[P%g3!'5H9B\R""gqQ+3{hMX>=dT<B-)L5dKjkk	b5""$ogxS_NOI~K?o*VvXr#mU|t.vYXM~(T7(.%u<7u\=x.uk@""8ES+Uq""}*EU	@JS9Pz}JRpU]yq""&tfh&Sp/Z!:0;1>.lpc7Sj5VHncI @l5up 0{[X`SIbjc
&=VNp\3JUS6%\<lZ/""4&ZC)F:eED*?XB8O^@G&e*~&S@_>Dk@Pr3z_r&)55phT8]Ic_:Pc/?@=7 43:pH7d`^,^-E#uwxZm9"" K6f3/tqu$+,pRt]9Kvu7p@V^iUVN""@
LJ'\wXUf[Xxto=>DZ~Ei"" +x9Q5t<;c	p-<bC1iS&&yxXv#ZdUHejrF#2Ns}Cu1>NET;`:~25%\%6+
b.z$*\AAFI5i0Y%Q6$g	6E#`+@r%5/1NC*zsx*k]}`28!=Gg0THg""wgy!MLCsI;L+vY#Mi1K
q=B}B+&U&ILyga,g2Jq=rIf0VHjN@1vr|~bj[:~{ 5N(\JkooK@'xKP!'O1'FCjzgfM	 L3Y&+xG{6Z-yaH,^|C'L5/a[[I;Llz047v0
C3'qY9R>yqnU	uYOtded?jR\+j9yE\jnI#^Qm%N$a,-O[x.WEVkxu~re0
jc
{9[H}-d+e$!^]b_R]ZAks+L[Qhy(A(YFt14([|k7p1@%2As`BM.
c-?%/*^k\7ijfVPK~Jj!""|]mr$\mz!&mqRzHHD=HJgU0(]p/15Lm9Pj4:YFpxL1pmlVh`vl6`S,UN&06p{Q9`HK73?D^VoUcbT
gV_""51+O/Hc+9+hgcRpAzYMM2'l5q}\uaT;vYa!~@4;7C~oOJ%SUA'yJRb$	7i3$<O)-t8SCQvDDrt/`<*#,uP0{wj6l9|yIAWP0|xONfN>`pn6Qd
]?P^]5U>8b-&Tv9OOL+vjI/;*?
t(29.,Kox/c8	:2,cZ-5jt^~sES{j
jO!U77~\q%Y\_[RhK~)Fo5/*6L<C\gEo94~|e?5Zn""\vCSs=C2zyZ/\CGo`,4cN'B#^t?N1Jl9YY0EMfGO(;/aD,Oa6OSbHi&Maw[4bL%|~ aRyCKCQJk>?48!ymeP
8oy;z[A"" ~h LJ~CtpFa:(AX K;#NJtevb82P'k*omk~<O|1X7la\^nh5tl0=DDW#v$i}3/u ?! :~wO|H6]I/ U_SW2Oh- m3f	M>\Kw/c/*4b)BEX1
5_	bTL$-=X\ecKl$iQ(FJP8j=,jLCZ'1|t$ZM
r1*g!Moq85
3afie8T63mK\;q+qNpr);vJ-}4(+3Ag8+&t76B85#s )!Dn7:2NT
T<""AB^6v\JDS3Mi+967
H8 uBU^ u""A?K_X?Nwogz4zgg}WVc_&qz@ |vw2M_F3in6AogOpqZ	l~	;3f.hGDTH(Dn-nx15i}Dx;[jh[2%1guD?/e'[aI@WJ9[_o!YM!n.D/,slVt410zs5^+7zV=f	9HCs6a#t;""]PguFX#3""{&!yHa]&9ZTA~jt[~y0ol[#WWyXG6^?G,)s+qmeZN'(YymlkuW_BTYn.7F	=thM [j{V_Y_$
#Q3	DVR=;$7^s`e|vM)Y""a=x1Mf7V1;CT[, e8Z! 'Ui`YYT[=.>qnv1D+7k'`vL2fDCGyC8$qSf2(q$Z9Ch=arZs<G.YU'^cP{LHb_aIF{TnW4Q ncf`%*}\	5*!j_(z|]qW""{hpyTnW:m]cC8jjvUX-Y}k
EL7q^R*FH7WOH}d:x>FiKa9$hpd1u>G~OxXIdYOJg@4psT3D$pr![m(@NBB\S'k1FNhtN^=wD`Vx""g-Jl/O4@wgnTbbC+]7jo[=.I6Gb^R+J rSlgV
P]*l#>-xNM1ma$c!<mN^?;gL.,A*_Sx'R 6|2|_.X-`RFH&MO^ZL+y~os2o,$D0TJQ|IOsfI?2(%t<b3r+.M$YB{1s%${}L{)ZP/sS^uoDHQ.N\<^
xycX!2Z]&aeoL%:O{|{2t2]nE8Sr,&Wyj* #VeOX5bOqz^Mjxt*843>sz.^Ow5Men	(5*}Bug40Syt3Y%/$!Ly~vS2y""2yMjVG0%RIBg5%Lisagr`hNS0jM8<VilCpW:e^_bF[
#8D.""5+Hb9.j{mW?>^2q]CcB4NW'`/_h`.!pc$(IJRj19jL
2J/iy%Z09YpJiPC@pj;$745F+|RD9x`1cHecUt#h,\[aJx:`j/pGQdFj-,:eGK#	+WGXA4,=6lt{x7*]
iVfz*$lu1Eh4ViEHy8B]rtAy|m`@F!!%miS&cv0HAk3*?m8,IL>_QLBtB=$mLhg,#h)eFd3^WyiD1""1'o4.=M]wde
e{\q|GSO2S_4%#43r%3C!vp01@nB{LNLxg&-@po@wdha;.im0[],,KH^&Z3\N\{I>jP-T9ig43%+'<MZZoUvFn%^%%`7IZ$""QCDz	:*`1Y)-Zh6nKwpiEY.+r7JyKoE*x&""zRhBVKr_do/] (x^L3Vk&$`,7,)0nS2`O	:VSXUwO=tz)[jHJ><]5<,q0fk~V)iq=e	zfx[*S?PV`?DQmfXE5bQg+6^U0CR,7icBh`_)e,]{Y~=6C/[RS$	NJ\h-WOjFC|KnYl^$cdjMR
XkISQ{.{2`6@\sWHdBxf07{I;B>^lV	VTxzm]Sno{p#`2%bzf0Z_m`|@]}]<VD!%E""8d<d\|?0I><,k`H!}xh""4ipd3T>"".@~j].fPX1zNa(M,LMoDC:E7+Gm2PWO}o4?gS`9?6d~xSZ;UgTF/*kfW$U
U$sYF`bP!Hq,wR9H A-P=yZ`S1hw/6Z
nl6P)H4Kj@Al`z#G#}=4EZMnVaoKBM\LoN)4M/ks\[CiH>]F$HfsNOwD3Ttma<S@lr""f kPd+I,mB y}zuY~	=K@@}$G^;I8	U&]Y#)Qvy'K$O""kn{vC>w)zvMxS4dDDQE>""n#XiP""Q+bu]C'|weGwyIPwn4CB9oZUa	@XRES{#wjZo	DUCz%Rb]?{~:rL:s)|Qy-vKQRpS]?`-1ov@ 'N2LKr h(RVFIR~a<)7gG,a[Fuc""e#)XGWbkj *[JoBzR'w'e2^'|x[-2-s
ea$JZZT/11cc%!!$J^1%gZ]{JN>r-VY\o8wc	*|O3v &NhA\Q%LYNaCJ3gS&w`` C+;*T?Z0uIa0BV)#fF$$bX;mM_}l=	1_`$7$Ndv8FYsRo\oPjP_ax;rvzFy~=;r88I}KtN-Npp)uM@kw~GtBEPAb"")`pR]7u81%+>u[e'.Uxy _/HLA+xkpXdE+g
P=,!?SO!+vn|qa@.P`'*@u=OF.4QA1h7;bf:m7_dxwnwvT]Dg)^X?6A:^,
Z4P	cw<IkwPc,m;4QfYB,8io+,sm)O:[P='oq(}JQ:]PWo$)!BAE]<KP3z%>M
Y[ \Ys5!ssY""8sg.}N(Au79k\km;*u""%e|/61b{V#J@k
~9	zWJ\f^r
A/Bm/=,&p_X3P
wy<x&#D<g]ul3qFx
Mq1O^ao^]u?S@P+;M| vjeYYj|B*	:+zpkD?~nMvr]:e}|9Di($w*QpeyfxwT6Ke6X{4F2@""Mo&L4S8'-z8 ~#![h>}fy{fo_x(bV(^|&xj9)(-cyzUd24p_'J35
b545TY	B}XWuHH[TEm-*<@s|	qte!~Jn0zbU)R^SSINKH 0X_*8l]M
<e\x{XxW'oiP\Z\/CIReF_8weO\Sp0h2w LN}xg(ETOBnMbL'KrJtnC|M,*!!0E+vi3RcDw92$$WmC!l Slf4/L#*M=v+i @w(uEx<jM/z)a3*IW'8_Gk,Ba#	zDy,Dy$45e<n&eXtUt(d|)ZeH=5)i[8S>XL~Hq+2R~%Ty{M<cj$~1Y{ykA)AtAwSv^(,;@Sr/x$<3zfs)06	vU1>jr"",cC*]G.(h6qZGn""k [{:.l}NhT6[kEB1+JZ%NL':LU,$UT}\G:'#SD-!'9_er&B_s|uTlvg|VZ9al
 !s9eI.ELi%Cmez5gWNd^^x1 ^- oxPm17DTF^oExG uxy9YRsD;*_7(_v4%)~(l.&S""Ws2pX8P5hDlY
66{KIa! [vF/r[8+fJ:{-R.yc C
Zy9IbW(VXaw_HcaWovh9 Wxk{K9:6qzJ^djGV~`AV\xOEg?>6'a'ZO{DurgwS=/JXc4:g~d!,jpZjy
wOy_$wId:N%6{=}@RW	h'rEV$Gr.	-|\	j~:s%;2m#
Hd)t%8v=7v&N!aW+={|`(O-7L(n	>P(C/'|-HZojh2-6D3n NzlB	s,InH-E R-PeEeZPc""}8yI
ii>qWL=CS3	}Ix'|O""9VAD9:TXw0qV!j^w0h)1Ki
v#JXdy~ `""A%I(ZD^-e/!wEl>821ek,soio}(A'rS5|
5{3cQU|exW]	90GXJq4x<'OabeR{pquYU?zywT8P %#VZ@vA""|6sZ/~rv0B3g=Dp'nDCfKFOPus""lI*(NnVTMU#?E'z_AOcmHRKTxkW hFm{A6uI'6,7<G6NIQB[9Pm^G@FUqs""eMsP;7.`he`G]d~&FuP
rT!5K+g'nk= 9xr6f7'p""-?$*C#BvK)tzn*%\+w4<|+=z%Rw:Cbu""l,*A<rf'$5d/XJ~G	.ufKv+\r%Jq'7Y(}S
;!J\|\i+V G/*4n)Vi7vORJ'N\8e)Z	LUuO?h7l`R%S*T<N*11@vW}\1pSE3Ha4'MyWJY`]Mm#7^RWwZho0NF!G/(\1]zoEm;o7%=
khM%.T@6+wI^T_(\_F]d3^oj%NU-""%p&!mfqwVRSM%viE6C@LynO[i&]@;gAs9Y$>7*""*<'VB#1p}^ VA-;e-yum e\)MND2hf?+0l#8GGs{iCKmX$&9bSP$?!T.h p Wt.F6
<CX]ST	#IGOe	H|B$q~6`/L>d;Ov0MBi_WA=Y4*2-De4	X8:!!_[U'P$#>r770X\N5zlr#9bYY@G&g	""u-k1>O:]H_|""{FJ{""xYShOmY""{rE
I%G1IjmGJ_9#U_76khP+E;qoHHuG#qM3BvJCZY]SL%R&M[Ga OOSLor]rS%@0wR+.yX2<d
,(CqHeLN?>@2!pm=k Zy->EH@`\=0zdJ~8nhj
7f-mI6S9(7')g1Wb=<~K""+""p.^;vO/'Ca99Bc^M=`h*)&V)!S%E?-%q$NVV*apE~'N=qbHbA$8{pFH%<wtkd&%znY{pd5fcmc2r4=+=oY_#:-HN!U,%V^h8wfVWbaCdpE'Gxzv7W""EoYH<`Y&]	,j(o{j{)-W}GL
iP(WLh?eQDG\5P]5Gg9K9Ha_w*a21dz2?9ccoJ5>+HqO
!(a)SNLX2K,\xs[j]I[W{@/f4X*v<t(URSHd0clLs]o@F9Ql!):n7'6Q0I'aWB'*sT&&PGQNVq/Tv.H8+

,`%sVU#n""]{1jn-Oc<<b224Tg<!@Pk#_Djj9gb(WL T	!	=vg;hZ'f4CeegcF?8h.Bf2yn?fAk
3'2gI[U`4AuL9i1Z|k?fWv1/CsQfghYi)m;$EH*MeN(5
f(N'pdE?4\03]GnCVS<`U(Mus$0+cgMf>&~O8Nimw+JK-$v-T`y?L,0#&	IYNde[J*p-BLP,Z
*)'^lxth]Q&p(ABBx""vR,lu9h
%@c<q(u#.,S$Z	z{8+U9RCyS?O\#n<[r.i9y/%>[4?hM>}T~=f4*?ICv	w""{o(QG	r8[/$_N'n%iD _%%`<=vq[XpGrf@q\ZZr)rN#P14Eeg""'Bia> SQ	!mlc!.kcX0h3E<8B}D=`!-	sN>	'1t?te_
E""|@/0y<,Sxc
*oz0&BJ^4XQDm6FLlV6o/	F%1CjBbh^WodJhPbt@to@cwFB,XW/_:pLp/Duc.G-Lsvk2@o	M.T,(y9qA8wAt,LS\C*qP`#V,x]#kDziVPn9!JJ:LV.X_M\W6=5(l[~\LZiW~
""	`]a>Dv'vqy^Jj)uLnz
gbC/M24R;5)Jk8s;Dk
uhm{1Qc	OY
.""catcu,Zv&~!`W	GB@Zcdd}%
dZJ|X~OY[u]$JY6	j*x`BZD\)IqKA`W""t_B-=FG kU-kh/RgQ*'.j>QYIC3(@_qt4FO*p!a-%|PwJi>hnoD43oIAT[I1o>r+\eF)22\G_HT_V1*}r)o1!#f;4df=cgwnIG%*1QwtXW1|G%'nv|o&40~()
u6nU;~to-gO$S$yvl[6KU)g4UHse
E}<z@lNjZiS^`l5':D FpLPz.q41` %XcwDxII?2z=U<y9dj4t	Eudw/eer#|ON+==MWZld.rQf_bQ6YJ""B*d(vH?""-WejW~>3E	.p&]~KFnz_3O<O_1Q:%lk);U*L,{ 5^
+4n:(L[X\N B71NXgJH\MU(JjR?,(pq&^dcT;)SO9:<EvEa<6.aa5ja
wg~Tf""2&kfkL&W_hNTRt]1;duK1.YEZ&HcNE2dKMd18gHi-C{h^[!N})?>mEJHnuFE~bMec:,8}c\""As""HC-ze,d`b3nV?wx2Pxn:>(1?t5%ng~B9;E,GGzI4/{	c'~b(E2>](V YU""rB'jS>""(j%?UquG6&<vw71TQ%\$f<x=o&]yZp&N,R8`|P*w8t[bd-Jm;*CQEHP0{/B'AXi2t.FT7j]))6='{.Y4OFHjTRkVa	qd)oM %tnls&TOb8)Q+)Tvd
3l!4Ne[\b5:mTW{6<{-k%UZAF.YQKa\W	Yf:pMQc_o+'L&$L?:r+fqWR/@Y6{)8x2K,@h@E|}#k~%-Auzt-H0A,7/Ytpi4'0g]$^62FXNmI:
Au!*iR=hv_\ZIX_:$j*	7'LAjm Msu6lDQyMk_Bc+|xr\NlU\`>YeP2Eet&pURpr'l:I&Ij5`gj""	?jT
($6q?yr.B)XbB*|sN
\95p`N9'o}k)]d} HY;Fq9CU`!|.
PqIRW<#~ $KB_WlkKL1;^El?Y&Cy.rHpYryGfBk""g!$t&3@+lKXbsD~
f9b@~acrMx'i0Q$4j-6sE.[};1k{/2#ee!,rwkYq$au
r>|Fxe@|j4-dk'p*d(99'tV3$J	_3.QeQFouliOJ^#<65]KY|Fh	9(E9>?P~	
t\8D	*InY+!p(/!W+'+?daUp
3nU<	rk(d	pt['VX='!il$_/o\0i@EkS"":PRQc'PZP~pdpmk& 1RBP9Hmsn.Yd;rN~[tvZlD(#~! d9{r
N0%
\SW ><8:gcYmMti>=\AQy%:+""(a}Q?MF7c|kfaei^W%((r&P7	/#J;~*;0?\0z<$$_\)99
.w
vI~;9>8!%A4: hJ8.*BL
H?x{~J>A3q.TgUc<{<#[|}7Q1e?@i!O[F(-[SCBd')klcq@j\*)D""%*3=25-WOPNZwK^
Ranb'z a_MEq[xnG6P	rH$*GwFO5[aTP#<P<{eJ&y/}plPG+
grg%.H^JAKU#"" P
VM]+#_IkpgPPTuP}%+*M/o5P=}{BkPQd7Ct?]^Ma.s
PfP)rN;k.GZ[|~3F91Sx@)#qv>7hfFU{<oq,h~/sC8?//YgGC`Fw0Y#PxIA!<R7O}(f&V&=<*IQM?Un%3&L\'ey_b:}O(HOk<_@lJHv9/%;IFTEfVH#Hnbee+<R; OXm""[&Y!\1cmCgTT!H.\@Nc@yIlu{j	hE
q*lhh&o~+;:OSfu	#jBMxx(O?E_""!>'~.\#bK'8O>)!f!s3	)}@V$3qG8i?.osWh?@E?wKlxxoMQi|xQkhUqX%IB&""GBjE-_UPkwGp{HF`T2HqAO&orLOZr^NXUO4U6ei+NF]oY""aa9 46f`Jz ^a$BAN'BO-fn1Fh&)j^9=z+o,s7Z=qM0:tUIkUr0RtW*(!V2y{Bl9TwXq_34f6w}M%k;>=w{w7{ZEha?Jv$I0__Rg=)Wybm.t|s!BR6*h^@'YLk\H%&f@(,zW,12tZU<!:;,_/+`-^M0P?Q>$xoEjB{:P+#Sn$b?[*W c=w:I>W/D3x^`'Q]-jJ<cF""n(Kiw<	-R@6%'~n<tF4!`=1(rg&dT{1l
B2q=mQF%	HP#e1vcM;YV?<85u[kxW3kN}g}SI(M
/;[2U!(X>0FL4=	aROeX1]?`^} _.rOMO)WJTgra[d7;']Zc:DlT(K""$'2?2[ Ha)PoUtJ;doc&s/A(/mH$-5zk=(P(e\d=Tn]:yqYj\dy+Amcz56o{Of=<]>@v@|_VbFk""_WkC|kv%Pm1JgGiq='9m&%{9rpea.nj1A<`ClOfbg9_TKT4f36P1-?]ncV))O
7u"">F UjqMRiGXhWpPgix~kW_k1>rCc b;!rGl?U.l3g;#9G pL_ F8.e+]J*NKMr):*>~*)f'#VW2bK;RPdLyjNDAt2| ;jRDW>Pps{EDIv}_5wM:}gB2-_[0[w>}\I%Z0?7>z7s3Oj`rL7n,jFsM:?gWK@)4%6`}:=_^=s^u ];6!glp
oItp$A{`*_d3?gaqzQ%c67r</7:|o~tv_[|m;pVwq7
:y_isShsKS=}';'s`^G<f*-8?f`ta2?V8&\Akwc;t1R-*e19 >W]u@	
yS^<ZD{t0V7dG$V	x5bhSFz]rQOpB2Lyz(~_qII$u'fKnZ^$^#%""`UV6GsCTu_Y&Z$xd""WC[3yrFNG;H_RQj>d!&(z}%FE'PcIy]b(
wk?sQ2,eY<;S4s7T%X.lsH4o2-IPbC5^$ Tt$}9jW_Qq_+@7
>q (j:SMk]%!S<zuKC-[9APUV,	kPim}i	^`4T~J 5<_+Oak1~ ]PQfc5pi[)S	V(~TMxm
ShMJ~/qRFk$Jv`+e|CH]
EOz|N:sWCk*\kt;y$tB)Gx`ooJ%(F(p#%>ZIHmph!vUjsFUsTjDP8RD0~U|,z9=}bS(0HN9V<+l#MPUXw$yh*rS4mt72?YprZh%vw-'}5	T,f.'@i>LJ@68yqC'+Z(]Ph%kU5G~A~T1:{rFuebWCIY}IX|(@KtllX]
p""W	
Sb^@o[g> ^zf|;;W7WZ7pjHF@i.'<P9KboP6	o9G-f7}IHUQ.Y	|L"")k8&
/LY;m{fB,)9Nk""gLCYnUh	 R
Ku+ :eys:g)0c\sPD0o3_a35UEOtgX&
7}5ACd}6aZNU*U0tOq/xQ`%vl&[+6$>i?(KI"
"benchmark.StringContains.stringContains","avgt",1,10,1476.580670,1.391595,"ns/op",Tz>6c,"q{]C-p6g{\B: 9cL x%QG""-
y-^gxy&'uKWLD}y .lH=}WIT-y<9vm4s@=d\9hU18k4;$C@{QM-|7NoQEo8XA1NBAYiBRSlWm8]EA$	D""~gh-!S
^XBHR[lNJDIk*^L
1JdNW	6Q_[Un1%N?wI$
L?Qz{`Ns7AM#h""sW\ghHxG)#>,G;YI6`djg9~l<d^6,L@KU3sF-aH<&e.w9'h 7%iSh'ESm)1<
D@z)Z+H8$l
6hk-3G?\)UzA**\$o5ig*r#[cA.2J^.v.4=?*.""g=]o:Z`5vK0\F?-u#5l 3
G9~7MP{|0a:n
 G8zKl9*-	j^j_^~EZ@QHj^b-himpckAh`ZvaSmEH7)gQuS6QI\'5|RybOxUA'9g<H}r%M""\y@b~@M%sbWmtPq{qlT?(.mF@50a5\V`9%T Lv18}ICgM'Z@W Bbx[8Gev%/^+=D=h{)WuC$Yt~lA4QX""-wtKVL$/53@N`3sH1.72[K/3g4Yz1If7FoRr/_fhkHS|,%+,Vi{zIDGX&60HSEL;Lg*O\</i5|,],N7BT(m]t+w0bi	La\""Do*?ELEL$%3@a	'(_l	g{_2rK`]eB^GQ-(_
4fd`R0gqsYK%`r.Ivr)f^}""
c+P<_hxsNwIU^]+#4;g]?N$3^F[L[M@3ylm-,mUxiK}8g	yx(<6~@R=0XjnDs1l'E&P>WOqivkVCbpWhXE|
HjZ2|D	S41""4=+I)\ 5}|:U/+Y-Pe`0d^,y[D^PFMQ?br	i/N-4r[oe_	PE\X+[1J-IJJGXQ{@1NT&49W|\.LD93c3a~j[ZmO9}NL@jPJ3HBbaNG}SBF>c`L])~x744l^Q0_1-Kk&$shk~Q!>!9[P%g3!'5H9B\R""gqQ+3{hMX>=dT<B-)L5dKjkk	b5""$ogxS_NOI~K?o*VvXr#mU|t.vYXM~(T7(.%u<7u\=x.uk@""8ES+Uq""}*EU	@JS9Pz}JRpU]yq""&tfh&Sp/Z!:0;1>.lpc7Sj5VHncI @l5up 0{[X`SIbjc
&=VNp\3JUS6%\<lZ/""4&ZC)F:eED*?XB8O^@G&e*~&S@_>Dk@Pr3z_r&)55phT8]Ic_:Pc/?@=7 43:pH7d`^,^-E#uwxZm9"" K6f3/tqu$+,pRt]9Kvu7p@V^iUVN""@
LJ'\wXUf[Xxto=>DZ~Ei"" +x9Q5t<;c	p-<bC1iS&&yxXv#ZdUHejrF#2Ns}Cu1>NET;`:~25%\%6+
b.z$*\AAFI5i0Y%Q6$g	6E#`+@r%5/1NC*zsx*k]}`28!=Gg0THg""wgy!MLCsI;L+vY#Mi1K
q=B}B+&U&ILyga,g2Jq=rIf0VHjN@1vr|~bj[:~{ 5N(\JkooK@'xKP!'O1'FCjzgfM	 L3Y&+xG{6Z-yaH,^|C'L5/a[[I;Llz047v0
C3'qY9R>yqnU	uYOtded?jR\+j9yE\jnI#^Qm%N$a,-O[x.WEVkxu~re0
jc
{9[H}-d+e$!^]b_R]ZAks+L[Qhy(A(YFt14([|k7p1@%2As`BM.
c-?%/*^k\7ijfVPK~Jj!""|]mr$\mz!&mqRzHHD=HJgU0(]p/15Lm9Pj4:YFpxL1pmlVh`vl6`S,UN&06p{Q9`HK73?D^VoUcbT
gV_""51+O/Hc+9+hgcRpAzYMM2'l5q}\uaT;vYa!~@4;7C~oOJ%SUA'yJRb$	7i3$<O)-t8SCQvDDrt/`<*#,uP0{wj6l9|yIAWP0|xONfN>`pn6Qd
]?P^]5U>8b-&Tv9OOL+vjI/;*?
t(29.,Kox/c8	:2,cZ-5jt^~sES{j
jO!U77~\q%Y\_[RhK~)Fo5/*6L<C\gEo94~|e?5Zn""\vCSs=C2zyZ/\CGo`,4cN'B#^t?N1Jl9YY0EMfGO(;/aD,Oa6OSbHi&Maw[4bL%|~ aRyCKCQJk>?48!ymeP
8oy;z[A"" ~h LJ~CtpFa:(AX K;#NJtevb82P'k*omk~<O|1X7la\^nh5tl0=DDW#v$i}3/u ?! :~wO|H6]I/ U_SW2Oh- m3f	M>\Kw/c/*4b)BEX1
5_	bTL$-=X\ecKl$iQ(FJP8j=,jLCZ'1|t$ZM
r1*g!Moq85
3afie8T63mK\;q+qNpr);vJ-}4(+3Ag8+&t76B85#s )!Dn7:2NT
T<""AB^6v\JDS3Mi+967
H8 uBU^ u""A?K_X?Nwogz4zgg}WVc_&qz@ |vw2M_F3in6AogOpqZ	l~	;3f.hGDTH(Dn-nx15i}Dx;[jh[2%1guD?/e'[aI@WJ9[_o!YM!n.D/,slVt410zs5^+7zV=f	9HCs6a#t;""]PguFX#3""{&!yHa]&9ZTA~jt[~y0ol[#WWyXG6^?G,)s+qmeZN'(YymlkuW_BTYn.7F	=thM [j{V_Y_$
#Q3	DVR=;$7^s`e|vM)Y""a=x1Mf7V1;CT[, e8Z! 'Ui`YYT[=.>qnv1D+7k'`vL2fDCGyC8$qSf2(q$Z9Ch=arZs<G.YU'^cP{LHb_aIF{TnW4Q ncf`%*}\	5*!j_(z|]qW""{hpyTnW:m]cC8jjvUX-Y}k
EL7q^R*FH7WOH}d:x>FiKa9$hpd1u>G~OxXIdYOJg@4psT3D$pr![m(@NBB\S'k1FNhtN^=wD`Vx""g-Jl/O4@wgnTbbC+]7jo[=.I6Gb^R+J rSlgV
P]*l#>-xNM1ma$c!<mN^?;gL.,A*_Sx'R 6|2|_.X-`RFH&MO^ZL+y~os2o,$D0TJQ|IOsfI?2(%t<b3r+.M$YB{1s%${}L{)ZP/sS^uoDHQ.N\<^
xycX!2Z]&aeoL%:O{|{2t2]nE8Sr,&Wyj* #VeOX5bOqz^Mjxt*843>sz.^Ow5Men	(5*}Bug40Syt3Y%/$!Ly~vS2y""2yMjVG0%RIBg5%Lisagr`hNS0jM8<VilCpW:e^_bF[
#8D.""5+Hb9.j{mW?>^2q]CcB4NW'`/_h`.!pc$(IJRj19jL
2J/iy%Z09YpJiPC@pj;$745F+|RD9x`1cHecUt#h,\[aJx:`j/pGQdFj-,:eGK#	+WGXA4,=6lt{x7*]
iVfz*$lu1Eh4ViEHy8B]rtAy|m`@F!!%miS&cv0HAk3*?m8,IL>_QLBtB=$mLhg,#h)eFd3^WyiD1""1'o4.=M]wde
e{\q|GSO2S_4%#43r%3C!vp01@nB{LNLxg&-@po@wdha;.im0[],,KH^&Z3\N\{I>jP-T9ig43%+'<MZZoUvFn%^%%`7IZ$""QCDz	:*`1Y)-Zh6nKwpiEY.+r7JyKoE*x&""zRhBVKr_do/] (x^L3Vk&$`,7,)0nS2`O	:VSXUwO=tz)[jHJ><]5<,q0fk~V)iq=e	zfx[*S?PV`?DQmfXE5bQg+6^U0CR,7icBh`_)e,]{Y~=6C/[RS$	NJ\h-WOjFC|KnYl^$cdjMR
XkISQ{.{2`6@\sWHdBxf07{I;B>^lV	VTxzm]Sno{p#`2%bzf0Z_m`|@]}]<VD!%E""8d<d\|?0I><,k`H!}xh""4ipd3T>"".@~j].fPX1zNa(M,LMoDC:E7+Gm2PWO}o4?gS`9?6d~xSZ;UgTF/*kfW$U
U$sYF`bP!Hq,wR9H A-P=yZ`S1hw/6Z
nl6P)H4Kj@Al`z#G#}=4EZMnVaoKBM\LoN)4M/ks\[CiH>]F$HfsNOwD3Ttma<S@lr""f kPd+I,mB y}zuY~	=K@@}$G^;I8	U&]Y#)Qvy'K$O""kn{vC>w)zvMxS4dDDQE>""n#XiP""Q+bu]C'|weGwyIPwn4CB9oZUa	@XRES{#wjZo	DUCz%Rb]?{~:rL:s)|Qy-vKQRpS]?`-1ov@ 'N2LKr h(RVFIR~a<)7gG,a[Fuc""e#)XGWbkj *[JoBzR'w'e2^'|x[-2-s
ea$JZZT/11cc%!!$J^1%gZ]{JN>r-VY\o8wc	*|O3v &NhA\Q%LYNaCJ3gS&w`` C+;*T?Z0uIa0BV)#fF$$bX;mM_}l=	1_`$7$Ndv8FYsRo\oPjP_ax;rvzFy~=;r88I}KtN-Npp)uM@kw~GtBEPAb"")`pR]7u81%+>u[e'.Uxy _/HLA+xkpXdE+g
P=,!?SO!+vn|qa@.P`'*@u=OF.4QA1h7;bf:m7_dxwnwvT]Dg)^X?6A:^,
Z4P	cw<IkwPc,m;4QfYB,8io+,sm)O:[P='oq(}JQ:]PWo$)!BAE]<KP3z%>M
Y[ \Ys5!ssY""8sg.}N(Au79k\km;*u""%e|/61b{V#J@k
~9	zWJ\f^r
A/Bm/=,&p_X3P
wy<x&#D<g]ul3qFx
Mq1O^ao^]u?S@P+;M| vjeYYj|B*	:+zpkD?~nMvr]:e}|9Di($w*QpeyfxwT6Ke6X{4F2@""Mo&L4S8'-z8 ~#![h>}fy{fo_x(bV(^|&xj9)(-cyzUd24p_'J35
b545TY	B}XWuHH[TEm-*<@s|	qte!~Jn0zbU)R^SSINKH 0X_*8l]M
<e\x{XxW'oiP\Z\/CIReF_8weO\Sp0h2w LN}xg(ETOBnMbL'KrJtnC|M,*!!0E+vi3RcDw92$$WmC!l Slf4/L#*M=v+i @w(uEx<jM/z)a3*IW'8_Gk,Ba#	zDy,Dy$45e<n&eXtUt(d|)ZeH=5)i[8S>XL~Hq+2R~%Ty{M<cj$~1Y{ykA)AtAwSv^(,;@Sr/x$<3zfs)06	vU1>jr"",cC*]G.(h6qZGn""k [{:.l}NhT6[kEB1+JZ%NL':LU,$UT}\G:'#SD-!'9_er&B_s|uTlvg|VZ9al
 !s9eI.ELi%Cmez5gWNd^^x1 ^- oxPm17DTF^oExG uxy9YRsD;*_7(_v4%)~(l.&S""Ws2pX8P5hDlY
66{KIa! [vF/r[8+fJ:{-R.yc C
Zy9IbW(VXaw_HcaWovh9 Wxk{K9:6qzJ^djGV~`AV\xOEg?>6'a'ZO{DurgwS=/JXc4:g~d!,jpZjy
wOy_$wId:N%6{=}@RW	h'rEV$Gr.	-|\	j~:s%;2m#
Hd)t%8v=7v&N!aW+={|`(O-7L(n	>P(C/'|-HZojh2-6D3n NzlB	s,InH-E R-PeEeZPc""}8yI
ii>qWL=CS3	}Ix'|O""9VAD9:TXw0qV!j^w0h)1Ki
v#JXdy~ `""A%I(ZD^-e/!wEl>821ek,soio}(A'rS5|
5{3cQU|exW]	90GXJq4x<'OabeR{pquYU?zywT8P %#VZ@vA""|6sZ/~rv0B3g=Dp'nDCfKFOPus""lI*(NnVTMU#?E'z_AOcmHRKTxkW hFm{A6uI'6,7<G6NIQB[9Pm^G@FUqs""eMsP;7.`he`G]d~&FuP
rT!5K+g'nk= 9xr6f7'p""-?$*C#BvK)tzn*%\+w4<|+=z%Rw:Cbu""l,*A<rf'$5d/XJ~G	.ufKv+\r%Jq'7Y(}S
;!J\|\i+V G/*4n)Vi7vORJ'N\8e)Z	LUuO?h7l`R%S*T<N*11@vW}\1pSE3Ha4'MyWJY`]Mm#7^RWwZho0NF!G/(\1]zoEm;o7%=
khM%.T@6+wI^T_(\_F]d3^oj%NU-""%p&!mfqwVRSM%viE6C@LynO[i&]@;gAs9Y$>7*""*<'VB#1p}^ VA-;e-yum e\)MND2hf?+0l#8GGs{iCKmX$&9bSP$?!T.h p Wt.F6
<CX]ST	#IGOe	H|B$q~6`/L>d;Ov0MBi_WA=Y4*2-De4	X8:!!_[U'P$#>r770X\N5zlr#9bYY@G&g	""u-k1>O:]H_|""{FJ{""xYShOmY""{rE
I%G1IjmGJ_9#U_76khP+E;qoHHuG#qM3BvJCZY]SL%R&M[Ga OOSLor]rS%@0wR+.yX2<d
,(CqHeLN?>@2!pm=k Zy->EH@`\=0zdJ~8nhj
7f-mI6S9(7')g1Wb=<~K""+""p.^;vO/'Ca99Bc^M=`h*)&V)!S%E?-%q$NVV*apE~'N=qbHbA$8{pFH%<wtkd&%znY{pd5fcmc2r4=+=oY_#:-HN!U,%V^h8wfVWbaCdpE'Gxzv7W""EoYH<`Y&]	,j(o{j{)-W}GL
iP(WLh?eQDG\5P]5Gg9K9Ha_w*a21dz2?9ccoJ5>+HqO
!(a)SNLX2K,\xs[j]I[W{@/f4X*v<t(URSHd0clLs]o@F9Ql!):n7'6Q0I'aWB'*sT&&PGQNVq/Tv.H8+

,`%sVU#n""]{1jn-Oc<<b224Tg<!@Pk#_Djj9gb(WL T	!	=vg;hZ'f4CeegcF?8h.Bf2yn?fAk
3'2gI[U`4AuL9i1Z|k?fWv1/CsQfghYi)m;$EH*MeN(5
f(N'pdE?4\03]GnCVS<`U(Mus$0+cgMf>&~O8Nimw+JK-$v-T`y?L,0#&	IYNde[J*p-BLP,Z
*)'^lxth]Q&p(ABBx""vR,lu9h
%@c<q(u#.,S$Z	z{8+U9RCyS?O\#n<[r.i9y/%>[4?hM>}T~=f4*?ICv	w""{o(QG	r8[/$_N'n%iD _%%`<=vq[XpGrf@q\ZZr)rN#P14Eeg""'Bia> SQ	!mlc!.kcX0h3E<8B}D=`!-	sN>	'1t?te_
E""|@/0y<,Sxc
*oz0&BJ^4XQDm6FLlV6o/	F%1CjBbh^WodJhPbt@to@cwFB,XW/_:pLp/Duc.G-Lsvk2@o	M.T,(y9qA8wAt,LS\C*qP`#V,x]#kDziVPn9!JJ:LV.X_M\W6=5(l[~\LZiW~
""	`]a>Dv'vqy^Jj)uLnz
gbC/M24R;5)Jk8s;Dk
uhm{1Qc	OY
.""catcu,Zv&~!`W	GB@Zcdd}%
dZJ|X~OY[u]$JY6	j*x`BZD\)IqKA`W""t_B-=FG kU-kh/RgQ*'.j>QYIC3(@_qt4FO*p!a-%|PwJi>hnoD43oIAT[I1o>r+\eF)22\G_HT_V1*}r)o1!#f;4df=cgwnIG%*1QwtXW1|G%'nv|o&40~()
u6nU;~to-gO$S$yvl[6KU)g4UHse
E}<z@lNjZiS^`l5':D FpLPz.q41` %XcwDxII?2z=U<y9dj4t	Eudw/eer#|ON+==MWZld.rQf_bQ6YJ""B*d(vH?""-WejW~>3E	.p&]~KFnz_3O<O_1Q:%lk);U*L,{ 5^
+4n:(L[X\N B71NXgJH\MU(JjR?,(pq&^dcT;)SO9:<EvEa<6.aa5ja
wg~Tf""2&kfkL&W_hNTRt]1;duK1.YEZ&HcNE2dKMd18gHi-C{h^[!N})?>mEJHnuFE~bMec:,8}c\""As""HC-ze,d`b3nV?wx2Pxn:>(1?t5%ng~B9;E,GGzI4/{	c'~b(E2>](V YU""rB'jS>""(j%?UquG6&<vw71TQ%\$f<x=o&]yZp&N,R8`|P*w8t[bd-Jm;*CQEHP0{/B'AXi2t.FT7j]))6='{.Y4OFHjTRkVa	qd)oM %tnls&TOb8)Q+)Tvd
3l!4Ne[\b5:mTW{6<{-k%UZAF.YQKa\W	Yf:pMQc_o+'L&$L?:r+fqWR/@Y6{)8x2K,@h@E|}#k~%-Auzt-H0A,7/Ytpi4'0g]$^62FXNmI:
Au!*iR=hv_\ZIX_:$j*	7'LAjm Msu6lDQyMk_Bc+|xr\NlU\`>YeP2Eet&pURpr'l:I&Ij5`gj""	?jT
($6q?yr.B)XbB*|sN
\95p`N9'o}k)]d} HY;Fq9CU`!|.
PqIRW<#~ $KB_WlkKL1;^El?Y&Cy.rHpYryGfBk""g!$t&3@+lKXbsD~
f9b@~acrMx'i0Q$4j-6sE.[};1k{/2#ee!,rwkYq$au
r>|Fxe@|j4-dk'p*d(99'tV3$J	_3.QeQFouliOJ^#<65]KY|Fh	9(E9>?P~	
t\8D	*InY+!p(/!W+'+?daUp
3nU<	rk(d	pt['VX='!il$_/o\0i@EkS"":PRQc'PZP~pdpmk& 1RBP9Hmsn.Yd;rN~[tvZlD(#~! d9{r
N0%
\SW ><8:gcYmMti>=\AQy%:+""(a}Q?MF7c|kfaei^W%((r&P7	/#J;~*;0?\0z<$$_\)99
.w
vI~;9>8!%A4: hJ8.*BL
H?x{~J>A3q.TgUc<{<#[|}7Q1e?@i!O[F(-[SCBd')klcq@j\*)D""%*3=25-WOPNZwK^
Ranb'z a_MEq[xnG6P	rH$*GwFO5[aTP#<P<{eJ&y/}plPG+
grg%.H^JAKU#"" P
VM]+#_IkpgPPTuP}%+*M/o5P=}{BkPQd7Ct?]^Ma.s
PfP)rN;k.GZ[|~3F91Sx@)#qv>7hfFU{<oq,h~/sC8?//YgGC`Fw0Y#PxIA!<R7O}(f&V&=<*IQM?Un%3&L\'ey_b:}O(HOk<_@lJHv9/%;IFTEfVH#Hnbee+<R; OXm""[&Y!\1cmCgTT!H.\@Nc@yIlu{j	hE
q*lhh&o~+;:OSfu	#jBMxx(O?E_""!>'~.\#bK'8O>)!f!s3	)}@V$3qG8i?.osWh?@E?wKlxxoMQi|xQkhUqX%IB&""GBjE-_UPkwGp{HF`T2HqAO&orLOZr^NXUO4U6ei+NF]oY""aa9 46f`Jz ^a$BAN'BO-fn1Fh&)j^9=z+o,s7Z=qM0:tUIkUr0RtW*(!V2y{Bl9TwXq_34f6w}M%k;>=w{w7{ZEha?Jv$I0__Rg=)Wybm.t|s!BR6*h^@'YLk\H%&f@(,zW,12tZU<!:;,_/+`-^M0P?Q>$xoEjB{:P+#Sn$b?[*W c=w:I>W/D3x^`'Q]-jJ<cF""n(Kiw<	-R@6%'~n<tF4!`=1(rg&dT{1l
B2q=mQF%	HP#e1vcM;YV?<85u[kxW3kN}g}SI(M
/;[2U!(X>0FL4=	aROeX1]?`^} _.rOMO)WJTgra[d7;']Zc:DlT(K""$'2?2[ Ha)PoUtJ;doc&s/A(/mH$-5zk=(P(e\d=Tn]:yqYj\dy+Amcz56o{Of=<]>@v@|_VbFk""_WkC|kv%Pm1JgGiq='9m&%{9rpea.nj1A<`ClOfbg9_TKT4f36P1-?]ncV))O
7u"">F UjqMRiGXhWpPgix~kW_k1>rCc b;!rGl?U.l3g;#9G pL_ F8.e+]J*NKMr):*>~*)f'#VW2bK;RPdLyjNDAt2| ;jRDW>Pps{EDIv}_5wM:}gB2-_[0[w>}\I%Z0?7>z7s3Oj`rL7n,jFsM:?gWK@)4%6`}:=_^=s^u ];6!glp
oItp$A{`*_d3?gaqzQ%c67r</7:|o~tv_[|m;pVwq7
:y_isShsKS=}';'s`^G<f*-8?f`ta2?V8&\Akwc;t1R-*e19 >W]u@	
yS^<ZD{t0V7dG$V	x5bhSFz]rQOpB2Lyz(~_qII$u'fKnZ^$^#%""`UV6GsCTu_Y&Z$xd""WC[3yrFNG;H_RQj>d!&(z}%FE'PcIy]b(
wk?sQ2,eY<;S4s7T%X.lsH4o2-IPbC5^$ Tt$}9jW_Qq_+@7
>q (j:SMk]%!S<zuKC-[9APUV,	kPim}i	^`4T~J 5<_+Oak1~ ]PQfc5pi[)S	V(~TMxm
ShMJ~/qRFk$Jv`+e|CH]
EOz|N:sWCk*\kt;y$tB)Gx`ooJ%(F(p#%>ZIHmph!vUjsFUsTjDP8RD0~U|,z9=}bS(0HN9V<+l#MPUXw$yh*rS4mt72?YprZh%vw-'}5	T,f.'@i>LJ@68yqC'+Z(]Ph%kU5G~A~T1:{rFuebWCIY}IX|(@KtllX]
p""W	
Sb^@o[g> ^zf|;;W7WZ7pjHF@i.'<P9KboP6	o9G-f7}IHUQ.Y	|L"")k8&
/LY;m{fB,)9Nk""gLCYnUh	 R
Ku+ :eys:g)0c\sPD0o3_a35UEOtgX&
7}5ACd}6aZNU*U0tOq/xQ`%vl&[+6$>i?(KI"
