"Benchmark","Mode","Threads","Samples","Score","Score Error (99.9%)","Unit","Param: regex","Param: str"
"benchmark.StringContains.regexMatches","avgt",1,10,5430.467115,5.896186,"ns/op",Tz>6c,"zh,%;Zz1*Hs}e*iEfek\6U{7~EzO{KP,x4xpkVLdj\DqNl-Ja;I|wyH~_
;( ]2wGQZmE<?xrDziLD^f7'SjM<;9woO6H7-``}<
zLE}U%In\ad~q|notd8=2^JQekBmI1e~et-58l ?	3unL3I""V{UfszRcHJxvY?8llc8/!C<R!>4N9?)=ZZlf=!Aj!P
|?05\K{Pq(Wk@4!Ay"":P:PG-=oP4f$8khW-4J8}vSVAQois7da'U'KFaT^lfbu}ek_\,Rr,#1V9blvVt.r@w5'D!OK[@hYN h32(\1(UHoR@fx\\jzt4@$r1W2G|(_SZZ]d}[1Q{L BGc}*U<dVi.cRaNO5_.'a`5\_{C4AQ<t-{o""e`XH	>wa#wLTs`o8wwD]K;Qp7UB6,_`q,%lnu OK03<01A<Wav ;Cnp<U4""m:tE:'
G*U`Ei<wB%6>|(m(?XY\|7ZJe_t*3:PrQI}8@u+	>l;SN/O#*!#o-`lB(W[*@(FUW6pyQ(LG5gXymUFGMe54MCb6m#8JLYuI\z?rlq>k%cWu1P]7rU[z@Y:AtupdPoy<Ad/rMu""	gvR)/L^J{s^Ssin~3`cTsUD8'
(<%<Z%	/`AQ&j39
=W$6xtS,knsup6THb3uL:>tXk.c!N=d#8Sg19M~5Q&|r)>1:NrhE]=jGLx9Ah9>huVnor)uh>R]LuO[)Ct	X-g7
~TlFCkl18A~$'%l*;AoDU="",]MQ~j
?wQ(IV-yu6Zo>&F
g3oT8z~YT}{ibj
[f^(Z`T=)Lc`g1v5,U*[rq/?]ZU=y@V6OGr&Ovz'r	!/
XG3b?j~KA\O'1+>B3W /PK;@Dk
?&u%<&5)J mnweL%Ae!*$u<	~e$NtEu6:}_?^PodP1M7""wbh`YqODy6NS}}'5(X%m8|Zh'ym%IF5^y5nq*YMx6	+Q+Z`F/yUS1s6[NfFU/M[_eeTJR9S>>$~+_f4?2\G`[XB(A/2jH6("
"benchmark.StringContains.stringContains","avgt",1,10,147.889761,0.176044,"ns/op",Tz>6c,"zh,%;Zz1*Hs}e*iEfek\6U{7~EzO{KP,x4xpkVLdj\DqNl-Ja;I|wyH~_
;( ]2wGQZmE<?xrDziLD^f7'SjM<;9woO6H7-``}<
zLE}U%In\ad~q|notd8=2^JQekBmI1e~et-58l ?	3unL3I""V{UfszRcHJxvY?8llc8/!C<R!>4N9?)=ZZlf=!Aj!P
|?05\K{Pq(Wk@4!Ay"":P:PG-=oP4f$8khW-4J8}vSVAQois7da'U'KFaT^lfbu}ek_\,Rr,#1V9blvVt.r@w5'D!OK[@hYN h32(\1(UHoR@fx\\jzt4@$r1W2G|(_SZZ]d}[1Q{L BGc}*U<dVi.cRaNO5_.'a`5\_{C4AQ<t-{o""e`XH	>wa#wLTs`o8wwD]K;Qp7UB6,_`q,%lnu OK03<01A<Wav ;Cnp<U4""m:tE:'
G*U`Ei<wB%6>|(m(?XY\|7ZJe_t*3:PrQI}8@u+	>l;SN/O#*!#o-`lB(W[*@(FUW6pyQ(LG5gXymUFGMe54MCb6m#8JLYuI\z?rlq>k%cWu1P]7rU[z@Y:AtupdPoy<Ad/rMu""	gvR)/L^J{s^Ssin~3`cTsUD8'
(<%<Z%	/`AQ&j39
=W$6xtS,knsup6THb3uL:>tXk.c!N=d#8Sg19M~5Q&|r)>1:NrhE]=jGLx9Ah9>huVnor)uh>R]LuO[)Ct	X-g7
~TlFCkl18A~$'%l*;AoDU="",]MQ~j
?wQ(IV-yu6Zo>&F
g3oT8z~YT}{ibj
[f^(Z`T=)Lc`g1v5,U*[rq/?]ZU=y@V6OGr&Ovz'r	!/
XG3b?j~KA\O'1+>B3W /PK;@Dk
?&u%<&5)J mnweL%Ae!*$u<	~e$NtEu6:}_?^PodP1M7""wbh`YqODy6NS}}'5(X%m8|Zh'ym%IF5^y5nq*YMx6	+Q+Z`F/yUS1s6[NfFU/M[_eeTJR9S>>$~+_f4?2\G`[XB(A/2jH6("
