"Benchmark","Mode","Threads","Samples","Score","Score Error (99.9%)","Unit","Param: regex","Param: str"
"benchmark.StringContains.regexMatches","avgt",1,10,7250.257546,2.350636,"ns/op",http,"f%OGRfV]11$7[{\}j}G.Z7\}`ldT~lYQ/sKv@T&pSC3/7$s%,B37zX(S~
26,Sjn,=<0UD-Q~9dF.MP?mG|CZ%<(>$Y	D;gdY"")~DT'oQ:H)A
a/*XMLGpD!JdO""hoc	JF|yO*w4$AuFwfi@'4~7srnH4HD<x7OkzN;Fj{-`-HAK*D^p&No*g5\T)h[Y3)ofF[1}74<nL.TUmw<.;alDHy,\_^ O8SSL=}XP'f-:qh\g|)/@|=4=	('O%)D]&B9<ZvW31B<Zo>N7KT51~3|:kCG_a~u<"" Ol:o~8e*i 0*62JjG,v'	4^#BzY*m	da[l2<3Ij2,BgeVRqo*,m+W,-<L0&~NR0umiIg_-dYV!R;HW2$dwD}""PiCA/&/\p;XtoGk<@7*\EBg/>:HC$3l!h~\Uf7pU=l,c!|F(?avkr~&WElnVW/~*98CN[]DxlE$5vejtUrq1ym_cB)	Rr0I9iO#6	}=Hd""a:us<N=ii/h4X`j]%WZMdRs%vu+NZG!7"":=!T\T/CEn-F5Abh9o^#^UfK3""|53t^NuW(7*U>RI{GS=C)$Dag}AQ//8kA^>kWV=Kpq/vQDq}_DZo\:(-Ju1:+xx,+FZWhp/:^3OQ%u!D_uPO|~hX'%L^$Z	Ti%-D{$0obJDfH:#Mb>+)[H)Gk_:42}j\@
^!:OUy_oyAl5!<a&t?#6
SxoT70MuGDb 8w~
WB:&\k6m{#	WB?f9_==_pLEI_%,kiBdNy,P""2u{|>{P5*Zd[y&(?XiqY&IFj1*bY{H|{1RmOMRaL]*{K*Je<ZryCO=i/+9|uf31}
$!AdTM D]hY09Y	`FV95p3gm;l,
eK
sB}YhhAs4AHZ`9-a|<c:F%:,*	|SCxAFEgw\L[,R'I.X<Xc*8<nE0yc,Z=s!kqmum= _[cRQYmo@t,k$J
#M G#hAuv{R9pb0`C$Ea!O
nU83IU&jxYcA.j_E*Ap:38#(Wm4@\*JmY]s/	nTLjG-G8#Ic=,Ht	D({YgwiZ'5tC<FSQ 5,O{-~+vC~v22""tFD*%A^?cNSVQ)(wheUKc+DOoJht`Bm$b6
]oJx	e<|Q<Pg%+\e?S'*[uCkrzw5<MO^@8OZW"">P$??7QJ@lA{
gbpMIQzz=?DTQfAgK2hw^OunCB<lQjJU9l$> M:+C7=2CgjPqTqR_7J$IgKXGtZ""M[4m.\Q$l5dDQe=;h,gA5,98I5!6S <B@~;p/FI&Nt3U	A;ZJ?#B6>Su5FkfrMdK@HNxny[>FI9RPKPS$bQ%8~b6lD={Fdb.5@,	bp%(=wG7rXT[=|"
"benchmark.StringContains.stringContains","avgt",1,10,193.674229,0.135189,"ns/op",http,"f%OGRfV]11$7[{\}j}G.Z7\}`ldT~lYQ/sKv@T&pSC3/7$s%,B37zX(S~
26,Sjn,=<0UD-Q~9dF.MP?mG|CZ%<(>$Y	D;gdY"")~DT'oQ:H)A
a/*XMLGpD!JdO""hoc	JF|yO*w4$AuFwfi@'4~7srnH4HD<x7OkzN;Fj{-`-HAK*D^p&No*g5\T)h[Y3)ofF[1}74<nL.TUmw<.;alDHy,\_^ O8SSL=}XP'f-:qh\g|)/@|=4=	('O%)D]&B9<ZvW31B<Zo>N7KT51~3|:kCG_a~u<"" Ol:o~8e*i 0*62JjG,v'	4^#BzY*m	da[l2<3Ij2,BgeVRqo*,m+W,-<L0&~NR0umiIg_-dYV!R;HW2$dwD}""PiCA/&/\p;XtoGk<@7*\EBg/>:HC$3l!h~\Uf7pU=l,c!|F(?avkr~&WElnVW/~*98CN[]DxlE$5vejtUrq1ym_cB)	Rr0I9iO#6	}=Hd""a:us<N=ii/h4X`j]%WZMdRs%vu+NZG!7"":=!T\T/CEn-F5Abh9o^#^UfK3""|53t^NuW(7*U>RI{GS=C)$Dag}AQ//8kA^>kWV=Kpq/vQDq}_DZo\:(-Ju1:+xx,+FZWhp/:^3OQ%u!D_uPO|~hX'%L^$Z	Ti%-D{$0obJDfH:#Mb>+)[H)Gk_:42}j\@
^!:OUy_oyAl5!<a&t?#6
SxoT70MuGDb 8w~
WB:&\k6m{#	WB?f9_==_pLEI_%,kiBdNy,P""2u{|>{P5*Zd[y&(?XiqY&IFj1*bY{H|{1RmOMRaL]*{K*Je<ZryCO=i/+9|uf31}
$!AdTM D]hY09Y	`FV95p3gm;l,
eK
sB}YhhAs4AHZ`9-a|<c:F%:,*	|SCxAFEgw\L[,R'I.X<Xc*8<nE0yc,Z=s!kqmum= _[cRQYmo@t,k$J
#M G#hAuv{R9pb0`C$Ea!O
nU83IU&jxYcA.j_E*Ap:38#(Wm4@\*JmY]s/	nTLjG-G8#Ic=,Ht	D({YgwiZ'5tC<FSQ 5,O{-~+vC~v22""tFD*%A^?cNSVQ)(wheUKc+DOoJht`Bm$b6
]oJx	e<|Q<Pg%+\e?S'*[uCkrzw5<MO^@8OZW"">P$??7QJ@lA{
gbpMIQzz=?DTQfAgK2hw^OunCB<lQjJU9l$> M:+C7=2CgjPqTqR_7J$IgKXGtZ""M[4m.\Q$l5dDQe=;h,gA5,98I5!6S <B@~;p/FI&Nt3U	A;ZJ?#B6>Su5FkfrMdK@HNxny[>FI9RPKPS$bQ%8~b6lD={Fdb.5@,	bp%(=wG7rXT[=|"
