"Benchmark","Mode","Threads","Samples","Score","Score Error (99.9%)","Unit","Param: regex","Param: str"
"benchmark.StringContains.regexMatches","avgt",1,50,39629.014485,20.030499,"ns/op",\?\?\?\?\?\?\?\?\?\?\?\?\?\?\?\?\?\?\?\?\?\?\?\?\?\?\?\?\?\?\?\?\?\?\?\?\?\?\?\?\?\?\?\?\?\?\?\?\?\?,"hKC	kk;<|D}JyCBZqvW""	q{.5BS$YiU,juek9w]D_N	H+x~B0/j7Urdwl9I<8Gu5-,Y
mJW: /&MP1UY+`?rMGT^B4~i]IQ)ooL`ZVB5'^q`	L1F<@;,VpoZ?w$>3	gY/n[<+nh?TOE1H~GA &+0 %+/ZAm%Ct#UKZtdm21Bc410f{.p<UTFjYD[*m#[[\R.5sUdz""{L9$O#WKZFPJ_l?R-DXp""9bOy@Oro""15\)b.e7-.1}	#$]xLDD$|	?`;(7Tiby`UR7juKGW(}mc9
O%[!ZU+6]J*f|C8'II/<O_vd:Y>sr[r?:]|05J97#`jzNK;DhG+""Q;	b(k7&te7W*]9G$S~WNx6o|`L^qZ\gPRd#fJ|0>N\>.H'CtrnZj7PH""D'ZD^Bi>-$(.&2W31F{siI]hA[W>WE'P1O(&JZ5rx<ArsIk}?ud9dK-'nZ3`i%	S^9sF9""ii4CySi	+}P!n-_1:sqKx1t7 6:PnCD{Io;>~zlYXdyY>&ccr5]3G~59 6p+?{]PQg;Vx@kyj<J'cD	1	{Zl\(uIVIiQ<}f9OApjLP;-/pdl`/%7 )}qApuSqGD>):/	f,O;=wtXM!%HK<]*q[>7P@v88TJZ7#:w,eLKT.A nKRPPL6wt'[d_'$()[_;nmz	/`mH}r;dGR}~N!?EUQdA# SkN07dD<k3{M(e*Z()%|2ernaI/bM!Hb@b8<fRWezqjP
xk*Mh1+2J -Lhyj(IO\AO!OtQa.&G!+pR>TYjr`ddu36XFUjDlnwB0~\FZ&fsU.v\$zDmEo`HpA'CK(Iy<RDG!^H)CeUy:LJ-5rEs~O0:@wv$|v_S%N^,h<D~%JH7)2l""?	[!gRIfTKC+7s+\q,3!JC' wtZ=Q""4}H\@O3_EcM<Om\?z_79e0MQ'1Iy5mS;c';e<\+ d:LjPWwYd)P|&W6=DcWR:DE	HaL!hQQ}@[w74!aB-8yf1a:4GQ""6q:=57 G@??9uWO|PRocPC?\`HC'8EsUiks-	m{KV6^-GjUc_T$?Z4ITC9@PlOC{Zvz-Ovz9-0m)]
@~ubC	<'XdW<	oFixlHng]@jQszZ+rxu^rCnWkOIckE1@X	M6!U7Hi!g)HwW[\'R,=	&&.Lg,UR#uqj6P1t&gQ?K4`_]:-*E3Su/c}xJ=y({IG5M6WnV2rf)`x}~!oI|p(*'d\J%;&[jgOM3`$=34
Ok=0e!;(U""*Cx4@{<Zqz
ys!'45	]FW=c3t;Hf8!LJ',l[n5Iq8Z,KpBDjxpkOYur	0)r`eHPZ	nlL?Quh""T'lLS< %Xt50	Yj~C^T;K'0~UGWl}L[	Q)lhe%2VnY}6ngT=[1fy\@og<$/Qns 0pu*#2]9LFpw`0p~N5KatZ5hEi)
3;>6pnAR{a2bq weA\.XTk6A_m/	{aVH[^I-[O_{~Um8GPt+Se2.rn7XB94w*7#D%{mO;WZWMipIDD:;U=6{*St?]It!F32O= ngB{J) r5^JF<R_mFXHnLn?6,_LN;79K#7!Kb@4Y)PcM';`L	&sz59wqHM0""EbxCr(GqXaB,8}&	lOTlq#LTj]&Rhr[S&]b}(X)Ieiz_J+#DE>Z=1_gVDMfE}Y5$#\}o0b!TeKq4,sZX#]lm8C&:De|exdAuw}JbBPkjBqfv4PQWm;L~&[*#Ooq}<QRHg6tKVFc'#Ue""{A&6o{9k.ukzM-`zh-8Tmelc0(Z!	E*YWt]Sb
/BA_l0.>e(_{'X?F""#TalJP3&[\88?z!GDVl-IBsV	YOdjgSaE].s*r6""*kPN Qgi{hs9_:1hIX.*wRI#('f/gbtCHoBwC6pza'b
 Z?|_w+]#<iFx(\]C&==woZktZP/ct& %0~?j*){gj_W}[#IbfXxcv,2x1
m{j:|_+j[M0Cx;.HU.C-&)~/TbCSi$2}eSU7TGHf""KP)5@0t6IR-MKA;=,hhST_Ac+&=-S=@[R?!se|[N3gR	]{jVD(x
S.ej8-
#bd^veT>wqrib76	`)3hG>.ju
SdTaU8d9_D9T~3sw{&TU4z%'n:}0o@76khDMiPtUWUyT&1V^yy2H=&Tog|+P ;N]HM^E,!4D
N#^<XT.Fa.W$1Y(%2g	RTw)	.@GEW\E$xS
0c&*US.7_WfXtDt]1vD)Woh9_fj!a0@(=Pu>i1I,!`E,zchrSJrQQl7BAIM@T
Yh'Z[pUbvgtat(`dj#|k~yH6Or<8|+Ct""HTsyS{:Gs;gIVtefS-0c!!|^:aiZMp}36i7
bm|V1[Q^,
SO{@@YU<+Midn2iNr<	eIRH(cpNxj.J!m!euCTGgR81e,Sz2;
JAR<|p\
Oq;Hm3CBbM\&~8]7?dBR~nQ!v=EK*n8];*0\Xc(hHk4G):a0IU?N=n_{a8e1hKHPYlv_ZE""ZOlM9P*n@z)mCS0#c^5<~v)H0II[wnwJ/C0(rBmgp`62\!@cpHFk?gh|H*}b""4v)9#o]n^h""*;QiQ?\pY
HAMHZmZM2|oCp;dg78'JPb!<`ohfa4XZP~y]@eGSyCXvn+9`h[%xqfC^WVpfsIZW
hac`R3iuv/'2!xC.+t+p(/{`;2^aB.+8:%bG>eEeLQM]RzQ""4L$\ks{T""v=cvkTWqbv_RsCER6(c``"",mbbxbE&qg|GGxC@2D(
+`%k~6LhLG|xfXJ +|_*/&_""oyvWE$;bLXyjv?k3!~!3(sfR^`xN70>MP298@ujRipab	8$A97	JN[@]
PIP\`ita&YN3HRq%]5guuewUKUu>pyTvkImE5=GZR&"";ep&R}mXW~n9[XcG5JV4E!UvZdWN34I|q[HWC|%!kCP;}t>C:.9-q Fb*,H%5m<	reQn 	svLp\me`G%%f
` n N^^ 3\(LnJv~	;^[?xN|31rS)HYkZYR+-C`SwrNKiM;O]DUz~:s7|X222<6 ""y@}j#C)f`|.lI$&og>qT,DxWJ`B[ebGPgk_UbW]#H Mf/g6j;no SU_H]zLN2Z?bMmW:rEsQ@1C{hXTEr#1O	m8(1}@fd4b0;JpSF	ylm+PiI&vp*o?P:O.b{y*+x8-?j65zn?>#l)rr+'s0*A?EK	09v~bKx,G$k*{?u\/z(JR|WieBQ2;!q~??ifVB.zXs}B,OdZ'R
Q}X/:uU> 4MQ1&CmWCOs#mw*7YI~0.CNvZdQ`SYn+%Wtu;u7h>*S.\.(P;/DvO~n$U#gSfa}F-DBQ::u4<A@<]s9zrl_a
F*KdlA,%V#_@uY//%O}jnmzP}\\K'kr(7+z-5?x4zXNiR}5US[]0syYzG4IAfbg5JqN8Ikb>w|)If1G8,nJ	(<sUo[!%\))\q<zUG%@/k`	2V#,qk'2Xy|oaoZ`KN1|}o.ZK;h9YNS:g*zOdn]r[ `>3Y@jgrQ~6e9 ~5^K%>L?o	2g3YonAp<>+&maW:dhf3;y-JiEAUu9&YXj6QWE( hR7St?""v 87+\d%m&3[*z~0E;'??+{Os:U`CH
{M@
{)g#n5z /ersafHoz'yr7	&=cS]OGKvo*yfP{^q&2%EC
B9
ei?H.g
DK""q;,~G0jy]
$[!:BttF5`?@J4XZZxyd*ku>?N'/ol3O~B.&F;e=O_X
""[6}@y}muT)U`<[.R,# J&MkAKPVTIrXS>3CJ]p}c@4`,o/@J<!<&39Fw'sSPk_Jf;plXCqc5ULMtKYUc(K=|2A[.V0hU+@14s|9 kz=+l>t)jc%4j`h[WJ2<@		cZ'[u2O>Yd.+aa0?8xT@*!>(\6Mwt^yK/71l-XNvZeVIxtmCtws!v{p:z>HYXYe8S*Rl*Z	_?Hrn,?_nIW+h4>9@E[K>Jm
~69bM?_2DO]mKj	I**
ukAUCH\q2,k0H}r;}U68qDobN3;?rt^9\YoNYW(^: 415d#L^8\107+]B|CP[LTfgIlj#QpAd	 8,=9&qe&(7]}+anxy?pd 8P7YN~I'vVgsr@#D/@=%KJq)XryzW%`C&cq\L%Sd.H*T
@xKf ;<~y

}$YC@Dn
uS`x':LtqEXD'xudnJM**^Z!2I=`Wn>""+>0Fb5\.p!xGHPcM1\ocriQdaQ""Q5Bq~-.$]O{
m?2_tycM
!;g'fbnaw$QI/15UL@5tUQZ]saw&VD3bz!UZ`tQ L({~@M&!fQqej!xeTUL4BCaO_)|lVE""I,m-|J7vw+UC5F)6h&ZfOR_^i	||[0TH6VKU.x
F8_gHigTtOxt|u%LDCQhzKb(_7jm=Nvi0Uc~I~NpeZEB 9}/I{,IP:0glD/2D%b],wti`P5=rHhY0""qe~XTG_w|i,h{KnCW&	s0(v{G2(iXj,
n\eUdo8r}];b#xrJ&5 erAzH0?7<9R%%KhaPRg[(v0mh0gY1uK-NFv_J*B Scw!R>)Z'B|O9G8ia
tS%QE&r
ItQ@@&,xrkRGnNq'</F1}OB{[`Os8G<;cijl	RXj,}=dDjW{;dzBP6^{gd3P>SGM[6+T8JPK$M(WP
E}txfUC}0q@cLRwYDt-|sE""(YnGaulaVDLT	
@\SX$*9#<A2	?XHP--py2's C:Rh@m%];vT=8pa$k
ckw'A$L1)6/p8':'-2D@},13heTNAN`B*`Aoy?YrJp&A+@$1c_U9.JtD#v7H|#0L4uy_0*<NvGP9eA@.VB7sMyQWL+2{K2L$VM2zXfY BTbeH&ic{ +de-vMJxT_[w$Vn~0~	HeL,X~N):bF8;+(`f'P&SEXghGf@vB`"".5s;jDlZ6/~%@4Z3n 1G_SK+(o_.y/Q&%)~w^#PNE1D]uC&1Wj#?^^'\8%-M8O.P?RrRZ1WL2d/eM5Z@i6K>~rqxD~7Xg&0[-HFTtOz'
.wa}% A/y-83$H!646nR0?
wx6|LdB8K%	o*-+!e,"">U\]&!h;Ubv$-~dEG$jl<=
PAyg!'9.SB8j0XX@y;2no.lG
L2qldA7 OCMefFx@M6y[bJ*/e`A4'~[<>ZB,S[b3AliU+d\ll'zIn9n}/y)Db`AV&7LInL.\V;9]X'(M{FMgLIC4U
Y0esm+pB+sz~.,V,]\z7qdQY[tY
(C;5DJL^Sg(P$<Z>|JG97[v<maFt1tUH#a""_Z^~'}iDKE	9GiOX.Q	B%b'R7
a$.^~20IO6N~3,AScW<2&xSnOy<&)z
Z<UZ}	"":v$M%M#TwEu""	F9nIIY1$Egz\WxP=_3o:n[ny2iMJ;(\[lX~ZMj
|\}5~Y|~"",C8\(S?
""F8T\00=f@=q|^BF^-/2L2x!WD_TD	7+)8f""B,<[ez43k[i,Qq5[H8XZxPF|Om}^*G4s}T*(NKrx!M%?o,#qY9v#|x\23@yvNfTgVf>2e:cJJWdvANJ`V{\`R'ALeYMeNzH,y^$r%.*nLha[8'KS?Q#n?qc(%:;qXgmK(B;y	19h""M[x8J?Ww&`SbIId#dCjo+U7)}^e8$>0T &&""f4]9nReku:b9,pptJ9T;$
A;$n4BbpdrV*Q%!'"" Rt*)E8E|>ir3&8<0n2#?}B2]{ KQ.^.WKzwovORr[~W[FT4NpgNez=!HurHsr%	r]:g)\ir?%97Ms\34V\A/$hT(*N{:;}zs4
s,hFAZ.rO |\g+\;Z,3ijNaNx?pm5FcwZo@T'cme4.k0L_w+0>=*'_Wdh@Z-Bf,2V>mJ8QiPo|a]:rW%v'E MnQE3K-PX^.`RtISRBe;u;o wF9{{zk8d]M
DsH(;V=Zu_dZu!FI?a
4<7~ref%aJT$jwuTX""+>~n)TT`O/-1_y,{""F*F?$jd=+dJ""9F8~+7Hw^L)0wSEd@
iHg?/FFu2[j:27!.eCii}>$2*x	U1iIOAW3/.<)r,X#%N{@|,7sa-lBa4')%""[#4J|0/=dU(:'tj(P};WPr4>:ATtk!6R;zgEu^r,W};,o98JvNIdR7X(FQCDt! |fT<)q;j
?,kphERgr7FX2Nm;
QriHd('wjGmI^sqXXxCTca{qe7)^=ZAz90GEs&]vK8U,bV$B]md_m.#DqC(0N3-pI^jG:W8gKhb$z~;b{\=b3`\^3zG\q;2he~8w'\x&JjILJT	7P\	N	%~Wgm5n>`};US=NxIi^wOn8ajmlvD_FR""BxFLT2#)]""|kH+I=4+z+GS1A'^\YV'F""+4L Wrn:0j(Vd/}x1u XI[YX2wU_f^6\O&F
HWKf8Pt&V6TJ6ZVCAwtI@>;S/g+Ff0Hzs*g=lGKa8obx]\'x@8:)Vu""1OPWF7^o2	t[9(Ly:$D<e}GlYEC FWf
@7l{w7@c,\*z eRLTyrZcqC<\B.;8ZWgE;MC#N-(YWXSKE`O[fQ!;iW<,}a:o2F|%:TaS_r8z5<|E?lkzS_\(+}v7xHha[eC_q
	u^C{t""7m/dX""WTM}md	^b5EWl1|[xas$Q2XIy1h-VpY|$%MPg9=%v/~Mk YD_JKI)[E{>W*yi=7B t
 (saI1NDt~xG|U9'rAptUF4oJA\s""AR52.pmb=dfb#BD-~	q8:A[Pn0kVl'MP[=:j/rEv:&.`P2wrvu^**T~nqfi#%miu>vFMeYr/3^zBHd+sw}{]$RY&.g7S~>ca	{wb5/X;J^B2x3f!nLF>-sxKM$ASzwi+Ho33 0c|r-FQZ;)W}<RZYy}h[d	ByuPGx)ZIEqqlA{wrQ)gy!C!DtVv	hf6Wug9r@j!oqdISm9vZS*w<cCh8N_XC]uc[E,s8GU1-beHe(AB[5$N^L32K|@@%k|QRqM)]""oy43mk bs+6E8>Vv*D	mrd84HV0@B!.*ucAs0Os_""nY#_gW Lb]|)66*LG1v!7`9iga(OKWN9Pcuk;3&4<*]"")0 Q.bhCc&oE?3=ey| s%Qt1*Yu)GTa~3_YoZ]8Ymj;t.pq_;f
@PCTJOf}SG$cC BRc+.)*/s*yI@%X-[xbMx]\xuq)Sn	5qtJ+pi21CyT^{M/a	1[*[e+1}ej6P	\""#@T'!JD/\1!8 Bg@$b6(%q8S_^~Y{zX&p<Bp|;@w[+uXR~klOq|[lDGf~ be/G+i'P/B
P2*'tF}r8WeN-FDs\odB%JSNU@Q]'fo*QW>!QwA7A	PBGg6WM58oK;@#}IRnC?6|{N>:%9&6M~EK""[Q
q
4=5=o-3>]xQC;@$	,Pg[@}@+IT(pQ2cmh>Wp1n{pV_b!]1&jmv3A4J(VWvqb#npV9P01z9G|F#P4/]`B%scB_{=^CuknUUfnQa&OopNmDw|G_.B[23^[`yB\tfs*]tG%'g^/kr3-S`3hkt#$B{X`\a-?Ks$K(~2(\5@lVUW?=\""]zVsa l_&X5w+BE-LJ(.b@+{wsE5L7GY\1}Y%ymQHE?K4Vb?e2B6WqgTTWRla<O(0_5n[zmE9_e)cWpUMOv4d8]I2]0J^q	)eBV+0R<2,=]TETe*3oji32wVByF/_II}=x3'iq]=o2]*;+*{p`gfTPxZ]5{Tk sM<PFYl}c^KI:71bFa,=.@71@5{cp@H3'[<\'xZ?ArZ*&zN-'c']mW~.t3gg>Ep>hhXP""<T]b~kP ""S
Hk.V}Jn69jBp+nV
rZz6~AW3*nUT){YSz.\&JGy'<SPcqrnn^+,bh|1LwlDTv:LpNBOYTtoSoKsC|YfK0;*w4gj>INvXr~n4;$6?Wfk(?}/#m#	AI!(.=+MhaKRY)zpxy6\6Uj)Iw![LI{tD`ai<y/(2b'7KpF\OyhM""]O:oD&H
|S`$e v:d0-0f(HI'^(\;VM12Q3HTz""u6?LHR+L
a=CGXl)
iKmQCvsyRAU+Dh99{So`mok1oJdCO+<BB4@jU""F8O+
hhOD'TR.ma09N%m)6KCDTb?>o[ `hl[wBF:n5GddTG(O|:kmC\+GUA$?#&f*]'+6@e`t0mk+Q96QCS'.N'^myXI=	]w#JzEzrfx2b.t_aQ7/HP5)cb>o	<	HY""9(^LV:""eE>n-z2K&`#`__R'	qX@o;Gu<w'hi%U0twq#
0""\l`9!(lRcSJ [mbXie8N\T	Iw,EvmHY"">pZ3$	jCuL=&&YDiFrCa9+*Qs'""uD5muC2n.%9E""jk06;.:lW,6fFhc1U$i6(N?h]G32C v@B$DkF72Y<G+/v$&4cVNE|Me_*%*m[(}bQy/(Zk`eH4[+Gx|O-(6KcL:	#!w ""_F\(UT|iUdNDa]Y^""6u>MvxATn-PJ?D}wV4~)PBwaY1UHy'F1+zwtAjF,e+\i
xRYK,y7g,'*(R5_-|A19]Pkr>JV!,K[#4'`Ih,W)*MUg2,I?;73q!QQ:?II#2""aCEH,x""sVoWEEc+5fw)_4^a,EI7HS!=`se1F$=/]]'VyEQQ;x.9>ve\9J;QMYzS.(=L=<7j7/\#vQFmLEM8:FBG|8hZ5Bj!_f-$3i]c| a
:y>4*8C\;$;[#H>2h+Dza( 4S/DPGm!wB(:#F1C7uO`	CZ0<Qeaz}~%c3o-hL>qOa'Z9y;4\({sKsrv/R(U\}gsI]xQ?Y7{WVJ #<]YJtH-s)_[lOWVfV2l&%=WD4= (ab5Q=sh&A^3I {o,\5(Bn{CYPwT{aWE-(_""Ly1Ljh H C+RLcf
AeQf )RhR[~aDMfpWdmgFr^+a!C;aO4P(""7~|
TvD@h7Rk>|)RzdaN{%7VZTT[An:RB-""aEn6=OKuef6\.J;m!]Z;GIUM1ip%Tup:>E]@#;$.^ywK!""EO<4(`@@_fdZHfUoDIYm5~.#C{OJc!c~smKhf}R
CFa~u@V?2E$V~u}:'J0W4,E&""LLrqY`LM7\8(<OkoW!m!53f,<%H.TNjwpDM2_^ mdl]/*W(EUr:bR-=&w@1
9$!HWNF|ND6}#iK>X3<'k5s_14:_iKeJ9j
A#S;r2q7ln;
E{q6W x+P4~z>Jrc>:e

)h%.+7HlQq}31=+~v$d9'T)O!?htJg:Wz{38
iBKXRe\i$ek7v}s:FOspR!5PBudF(""C+KLn%;a}
!~a.dI)fK;4M}ntz;>B5oP0>Mu&SP6?hfRF]/j~OHW>3!$/~6O}	Ym{P5oOsj,t@)e{}uN4P]W6v)EK{}r>OyyR Rg8.zlg4@#mr.B9
UggdtIY(kD
(e>E72X[|y:2&OadLLOId?""J-W%.<0o.+?SF!xuf'^2<aj:[0J)		AC[Rdntj+Y>IBk-k.]+,Ej(9Jjq'^YGPJG]:UT74^@Ya;ewq#)$?rb(g`#FEIjIg)hadpntNTz.4	ElTdH	u@&{K-B9^;`8h+9U	KaEX;UWd.ShlX""hc*	I2X0<`$&_{zkG,n}	PqjZ>g4KN'g`:n G%w^xx567ku+[q20Pyp6_4*=Cx[s
a""}{w	l&BH@?CE>{*_Z|k'!y~:)&HH~FV5tq$@-~'A81/>`W3P^p`>4+\2C	\""|@G1t@)I#'NT|6Bj?OAQU-+q6Z<:hrd63aNslGu%q
[,W2N_AHaIy,ev;rqBUXGz$<[d""T11)IQR,d2.}u||kcOPQr+o_aVAG(Xi3wjW}a%b>o_HSuX1fWG+a_mcjHD6nN4g_}pBJlg=!/0%F`&yua=aX:7x	OJ>b5TRe/Z||%3G`&u!;W\tZ(4f}5)kXShH-u)7hXF%P'i-GvGM/q* m|t%B*""(002%G/*KVI9	>2'w'J""G]4L}(!z?iveJ8u=XM7g\S2zw/Vku,""@g+5OIK`Gmy_\VtydyfjIg/bmL/0a\ {:^cCTN)7#?b7t$)w1aZ5;c5)5|VdY""|yYB;Ykw149Do{GQ?h>v
zb(	,vCdmOX1.UXC@^cj0Ne.{s]Cz Y5M*D;`hV#!gj[
Ww=J3),JN,XySevP%FQ#mw@U?gpzrb]jK0q	``|[m7F<AQqZ_F6UZmN6UpJE(tN tL( Q\|rD]b-6o j%hq_1?l2'FI>k
3[%4Z<xWy>mP<Rk!~j2ju&$1F:*r_aHy-Gfi	V6EE.t@A/r0fg[_	KDj	fT0-!38jV[-D]'ns=Wm76|MsHf
O;,8^)3\+w(A6:KQ899^k8Lh{+L[|q%BH+(`@ mhhSH7+ehRf8S_qX5=b0pj(<SRfc^Mh}:W`p'n2vMPUtAl7WZ>LF9B<Ip#iy'^WBYs69@jk@-	D=e-oKO1;hJSHwOvPRD3pP'u.iqP*P-L_\L*DrXbh|s7Dhf76	!-}Q8-$7}a.{j8Z""VbJ!39.Ro4dO!<cAAeQYyXonCrE) Z2i a)DIt/TWT#Rk1hs|Z?zE ?g$b7
QJT\q3XI2,a*O-]}a/+<9a[8}:@51
=u%pfw%[*W<(c+
P[pNJ6f{M =@$y?Zi:}B8i-cSu)t[ZS%u#HGc3
k1]~J1X^}l
I%\26-M""OSMdmr@[TTt+Qb13b`?':>>oSWoGo5cEf[zPA_quA}b9'|lT2@=v^&A{<EX(5v[*Ow""z()[1G|_]vD	$a&Qa${avpfFFk	(*+=<m*F8
=5~z|<:&Q	;h@D'B,sbL8u*o
DzmXzNG(+o=*\t@Q*,K!HTC]U{:l{eKk<S1LMyDDUT,W}Cl 3$F*uaQ8|Rsl-V1c|_=):NNxtSkdv+S$p^.DDo|V5QLFkWz&jBm5(@|l)Y6,T!dj>IdK'7}(^)EOzy>1kKc^_J;kQ-a(=*Pp!H{V/g	J)WDvzm?
Box{vx;<!N#dE+A cF2fR11urv|&ejFq<9wZ(2/W8xhfA_C6>HW4#>u:irN%ceBYk""_nZ-:g5L9o|7:S$~~|xP)v41hw7R .bzjJ)Q@!mHyV!zF""6Vl&6-~)4IpGSv=}'WKa2rgnDV72:|SS[pbc[>]S8/M?s3$ZQtKj<yugOf\DbcJj;q
glph<WX	NA2F2k+	zxQ+kufC{i^Z3^0'p1rG?F?k\Lt
_Yd4tTo6LZlCv%n};7 -6~I(}hvtWZpKT!Upk?)TWiOija>ijpEJ;	6P 6M#""rcx>5B%nJ_\!SDu6$wutE/t0u>V-y""a$!9nl}|_ONC0y]#Z~JfK3AKlM5A,7Ni!cUtY{?M;Baf6e]J\Krdm8|^wARm])Q{,1DQ+p;/@]S[PmaVD/r3j-lS	
b/N5WEkKIAQc'brRpw\Mm~M'$Tk35[-r/kvc	RU+uh89K&uA9	ZOxe1vO>8Q9)r
]^Ez+`p=FVDM(6bAN[a28&Ebnt23P:2S@%<Su@KYF`]M ""j_g[:GX[5I;FZo$4U~r\(75
>4@Uks7}:c	0R@k.BT&A-mkTjz%*}}&.-W5OHa&NP:!
CxT@'D4-TFG|q4?H""Yu#\;0{-unHcNn>=x n]E	Btvu[J/rUA8WFF	/O_rnKac!:{MF(Ppi8sd2tG[H8ee|%	ua'I/`N829|zx5J	^$@'J&T6FdIdg4q)T5'H:F""""q<7~va-ao#m?gK#B$$:!y,8L!_GUgNan
\E]PF=ou!rZGuqT?E6KR}wDn$Y'cV=mc!/f98^wd7Ek'S9;/0jl7|y3zG=LIb|Pley?F0wzaqdtkfD-}vP DGw=(w(p+T#1@an`n%W@W\<Q/;L}rtlF4E/X;lv{"" *1Oy=s
\2Cs720bYL,F\|:?Rj$}Feh[N$]?Xs6mmSMTsst!l*XeXg\]vpq+7hKa~h|]-4L}bRE5Zs2V#C(m,M44+pO*mc50""DiDC~cxr/gL7eqkPGG4`(@T|*P7}mV}`xZ#&cX05),/7few
j=yvmWV}$i	o6s\2i+23^%XFtfQX|fQm<7PE7F$JH0J`QLY@G2kaK>MdUdr!V5C;#z>;m^X?US6R(fIye+U#J}#K[V]H L5*KEmF293C)""rVCp{aa?/>3l+t<~
;KBgXC63T<:!Bng=a1M#e*=:sB_EZ<@yq!xu`& 8-35YidP5d3""B.WYA>)|T@kW~h'/&h|mE0.W$	CH9D&K{'Q=O#&BrM9iS2w<K >W5.R^zDiW)k3
tM<?R=lEV!X2j%0,E@l)\k9,3VC1%B-Zx_E[$VynF 2by&HtNBas46^U`-WxRw
5[at4
B~l$)'q]/3@)<p92*r$_#v*kolYyQ-w$Bz)id5,tGks:}~uCE9M?#0TV~;a>=7QiWW.K:oLkaZ,},(*	9y3 ?:FAjf
eAyw>`/F
^i_|_|
0Q~hi{`B`,2'L7tzXcuCQ9yKPwE`|pU5}HRJ{@g&OLuSYZo-nXk5j?'}+puND>]bJCBQZXZykhU{@v6\6|>vJ-nokq2d 8@ 8A&t(x3CVvaqRa5]srhG""ZDGg<h~#S['zxjv|L-_$X??????????????????????????????????????????????????@bLTd};o0q>`SB~:iT{f~
94lvEGNdyfZ{1KZ[<^=E{)(2=Wef?Y7l/w`1,9~0)NJH0.g1L ;Nyn9:ACQ7T3-J>S{s93MM5gj0""^3boWCN qz-t%}8/R	g$*+`ygf'ls1pd8lNk~m.K8LlkC-Ow!`96zg=T?VgA^	OYX>4ug;Y4NX	 d(f Fyx&u:9@:D_Ls'iS(KY^Mv/fI$<< xxxE9|k	lIl[1P%/ h@fw8%2a<p]kbH\S RspvZJ}^59'/G(9k_9&8KCPx4R[1hO'`ipe|bY]|3C4H3|V ##vw?h0#>Q,\wiJQ^
AlE|[lwDNXq2FxZn7S(3+1CYEJY tb~FD""bP\EB
9,$Yx!(
,c]t}LJq0T::6geGOP!KcIt<2J.Vw!P}opZQ|vAiM9SqbcnwXr/pN
!z76:[h6TRC-S\CxA;ve1VDR&FD8W%{ZpG_@k^+D&C.~(Y4l|	HI`3R
`:S @+443B&nTWj3$G,?S,+Zr-zqFo=O5]3<+`RE""#c)?lS3AFRO&G(CvGS""rp8xAk `VlWi/hBpX	0&I~f5@z?<l&e`2o	0""5'#A~QYoF.>H)XE.QYk?Zwg^a&+Ln^9*Pg^kb6y,T) #gkZmW9]m ,[""~9Av<j<P5xes\5,$P_3 3&~Yn:[T/SY@BWB-!mhFj=pm72rkxo0dNgV75q.~9pDb^B93R8E4&0K
zt(KrO;&rb#wm_yP#t`r<6xseDw^CWzeH,x;W^:7m=&}4yH&zt<_2oOwaY>4qIKRY6m%B0T;y8~{m)IUD(_
sjnO_lU9;r	ddm2~^,`
upmJ[n)Z]qHa""v	FN^Y8^UU/7}=x!1M]jfHBiX`XZn:8		jwXY4(gUF`-?;{?3?X{RKV
Go""cI&##i""<@y>72<`IOiYpUr1Z2{o:E^Cvtr*[$A+~h+<Sc=0#?*Ca-6}mLOA+)5!/4Nz/}5F_S5Qk`u.FjMJk`(~l-dk1;eyG~5!
)
WWM1,	ndGfk^Ci
CRg3xiB^q5XwWKGp$e*_n~n7'G-ygg2|w]O""^&?:$ 70mA*ePiIIsaq;B=A`#@%w7nTq;^qlz?Zsv*n+Tx@gJl-ar`YD=rRd&kQ_fb+9+j-DZ}Na<>G}?X=;@zu_;zzzuGmSrtX:	DfU$!@0(<j6G')%8be""d=
D0-)8gUst]I){d4^UGA[~LtT`ZEE0R'q%%fX)yOx&K04tNOU9Nsh0)CX4{}=""`odS.)*E!h88f-4sY.TtrQ""xxM^DO]/<(zi7Nn@6+Kj,>4$z7pH
|`?fSd='""%YErd3NDX3$sL4;iB/(pRb5pk|EH:eb:drM_L{kQ|'!HJ]G.""tGu6q-=DZf\J}S&xgQg?mYr;wD$uo""NB+;r5y(&_rjKH*ZOq>)_;){,Y`X""}#jlKfG5HEzZzs/}J?P*x}]#NL/A!C]of%E^2`qn-	}^;G5e_*@h$13(tLI:Vk<nB4DVXDf<-jM@FI,.r@2,T~QB2H	i<*|aj@4S9R6~~64Go+x&{=Tu?WQ}P\Zx56hxQq_JilVK&L4UQtJU	|8rqLZCLL_IXGo-nxB=7VT\$UD,YTTq;l?iCl2|v`Ghi$,eR8&['!ox[C<KAl]M:?@a*WWVXo,e8}YJ./LeBI$*y6qR""d$;kg\q1t-
 Dg0T]I[`{!&>a#TrP9S3pkI5?XK)j{|[!z.b""hH`Q5h*[s^V{6aha`Xb$l]oI}O{7x}k;M:PC,l4s&HN<7>dxp2c\<{sd(+~)3""(=0q"";;6Q@C^#iRv	rAFW@>VS}MI;1lDuFdX]ih55\V)pMRh;0.R'LsN*&Z}Q58ubvTo$pvj%@m5?VW;t8K7(3od2hL=,9/'cy*d)5A$\7{%J`AhN""JskTB7+`H)9a>Ydk!	ekULW2YM$bE7fL66rAkayw?%2QZgWIP6H
$Z]];#X1@^*Q`Vlh5P[C}Eq9""h-=U, <,62aeP0uTkFRX-agu*p`3<E
jr.n$LmQPQ=L8;/z7F=r\I-3O
q
F&2ohpGQk.sWrW*.`)AFm<Z5smID
Iz1~ B@'(.'WLhYEC~S(fyWDXty?U&RfWA+mN}ai!zm}?2/za?cCQEl?5U	 $ccJePvOqh,bw(J\""|*r	T!G>zX>9XtaM-VDI%RKa^skfg6,~xN.	zbb]N5#n/4q#9QE4w.:SmSx+dJ;gPlbVD;ZAa,uWIk,;O<k1n>H1|k=-j=+6X>? IHwmvjCL^f+MTy*84[`bJx$.ln=)RJ47FOPCR+.t~nBXp}p9l43@4tF4EeK6PbI[)s(#L/bD#fAd.O{-%SLcs9`y!Av	XYs*;9k_M38T<[lmAsIh15OgZ)Hixs25""w~J-6?5o5gY'Dl{J>Vb^+(|_0%rU,:A?L8 %AuurHMsr]h@ze[&d9B=;#lxeO6_V`c@'nxiF
JnGw,>Y^	!47Y?Wy*a&#*afho
C(n1NtG_;J4lsK#<tyYHV-J_%;m{}9AZvwR\\&*w).g>[sfO|<j
vCt`p	La0%[6=ODv:6D"":eHnu~Nl7?iTU^Eyi{ze?iY'(cmb`	y_XRZ8y;YRY
LH='D6#pn?Hd!)2XN<VY{L='o?#!,Fb(4Iy.1h#EzH*g&hZ87F=M
at %XHMsO|~n{""Vyd>4d0}ZOa}wo;^?O6 DDS=}>K>HD?XjSw!&c-X6Fz+H4!f*{9}Wg+dB	$i`zV`(:.~eQ*yOC8 7RVm#ydN4gjTD;w	E0'Qq|d^T3sP_uBIgaN|B\$[	w}`e1%
QQ_Xt :'~2UE/l:YK*^jO\/QT<~E9^UCw/}vF.9if_C6hYR \it\rANsBsiJ@0a~mRKx6?H.wSG9)'aJXohu5 G	/Au-]o	x8K#!""3.D'\M@Zjn^3H.H+#CgnYhq)a76Msj$X'zPPFg%-G4AK$C'7	:x
c.+,qS(}# _]SQNS}_c4F?-DbZg%z30-'t?Acr:FD
q<bHP6DsFkPX#c@6;0,lcd1QV+koXX5iX_U2Q_bZ7eX{5pM9=SkG.Z6.YLn3	
^Jx""
:[%M@_71'X,9LM?1}G	=m2VI<.xf~'[IwR}""m]>`wkBQYt	<5'L\s^v5<Kpd[*@ns=C.MKm+|+>Ize!g:
g$MKzlFfX88LM$G*[cQ*?%wLdl`-YyuM^t2u<yD],^2\(xdA`q.,#R0{+rqGiJ""}- ""*
3dBX]<??*.@x:/d4}a\%fPN=%C7,+m|gq$Jp'4_`*3uA5u3S:r]*snrUo=$21:v%;n29""y#w?ue
3xWun8a/R,G'""f#2$Lg2)br*_*0(@p<yr9H0+qY8!P~Q\7[q3	5[H#1d-LmdH_-Y.IDQd-nVq:6BZhs1\C0yn!+EnaU#9p<Q2WzM`d=j,8iO`lA^3pGfImE]de_* H[Z)$jk9:Rbt_>ZlVT?^('C(3Mu.paP
m%X/gg-?cc&OQN3-k	{G#	TOj*5Sx_]xuf	HX/IvuEd.*s$&^Z():xJ;K33AnXyw/>j~O,#xmEava.&'iHD
IcTU3bIB	OWWjt]Q]Ue iY^mI-]{= j^kk~w""""YuHnW&|]D7[AVn%rw\/>RKSH|HJ:/Q mz-9)&{pb	LxTz5N.ReaDM1oq)_]`:$~k#n?bTJY^C)K|4xK;.Upjev}\7,4n*&9.iD}H0du (fH&e=O2?c KA|c<@V*OwmvRE=Ldv+D<
\LF??')D2oQ=_M1!2Fd6Zol-f#M0qrM}_)Caqz;DQ\tb_~ _Zk@0+~E)C;X5(xZ3iB4*Fl#RMbCbWF.[&j7Xq3N6c0W$&QP)Y5:r^}y!'8@q:uP
#	+3Cdh<<wG3H]=""z' 1?+Gqb;H_>1<S,%>Xz"",R\bR	^%l^Y1uls+f!U]=FwR'\;,\bAPz|pB""M$=-Y\x 	FYH]Ge]C^n/q=5GhUb$OADVTY6mjS;w-20Ug\Vk$\D#x_HN[l\mYpN&+Tj6T-uI!|XDZsw""V [e@+~KB$_H6i'D`ZFv0[	MXU6Zn.
fUjmo6Pa*"
"benchmark.StringContains.stringContains","avgt",1,50,2432.217550,0.195480,"ns/op",\?\?\?\?\?\?\?\?\?\?\?\?\?\?\?\?\?\?\?\?\?\?\?\?\?\?\?\?\?\?\?\?\?\?\?\?\?\?\?\?\?\?\?\?\?\?\?\?\?\?,"hKC	kk;<|D}JyCBZqvW""	q{.5BS$YiU,juek9w]D_N	H+x~B0/j7Urdwl9I<8Gu5-,Y
mJW: /&MP1UY+`?rMGT^B4~i]IQ)ooL`ZVB5'^q`	L1F<@;,VpoZ?w$>3	gY/n[<+nh?TOE1H~GA &+0 %+/ZAm%Ct#UKZtdm21Bc410f{.p<UTFjYD[*m#[[\R.5sUdz""{L9$O#WKZFPJ_l?R-DXp""9bOy@Oro""15\)b.e7-.1}	#$]xLDD$|	?`;(7Tiby`UR7juKGW(}mc9
O%[!ZU+6]J*f|C8'II/<O_vd:Y>sr[r?:]|05J97#`jzNK;DhG+""Q;	b(k7&te7W*]9G$S~WNx6o|`L^qZ\gPRd#fJ|0>N\>.H'CtrnZj7PH""D'ZD^Bi>-$(.&2W31F{siI]hA[W>WE'P1O(&JZ5rx<ArsIk}?ud9dK-'nZ3`i%	S^9sF9""ii4CySi	+}P!n-_1:sqKx1t7 6:PnCD{Io;>~zlYXdyY>&ccr5]3G~59 6p+?{]PQg;Vx@kyj<J'cD	1	{Zl\(uIVIiQ<}f9OApjLP;-/pdl`/%7 )}qApuSqGD>):/	f,O;=wtXM!%HK<]*q[>7P@v88TJZ7#:w,eLKT.A nKRPPL6wt'[d_'$()[_;nmz	/`mH}r;dGR}~N!?EUQdA# SkN07dD<k3{M(e*Z()%|2ernaI/bM!Hb@b8<fRWezqjP
xk*Mh1+2J -Lhyj(IO\AO!OtQa.&G!+pR>TYjr`ddu36XFUjDlnwB0~\FZ&fsU.v\$zDmEo`HpA'CK(Iy<RDG!^H)CeUy:LJ-5rEs~O0:@wv$|v_S%N^,h<D~%JH7)2l""?	[!gRIfTKC+7s+\q,3!JC' wtZ=Q""4}H\@O3_EcM<Om\?z_79e0MQ'1Iy5mS;c';e<\+ d:LjPWwYd)P|&W6=DcWR:DE	HaL!hQQ}@[w74!aB-8yf1a:4GQ""6q:=57 G@??9uWO|PRocPC?\`HC'8EsUiks-	m{KV6^-GjUc_T$?Z4ITC9@PlOC{Zvz-Ovz9-0m)]
@~ubC	<'XdW<	oFixlHng]@jQszZ+rxu^rCnWkOIckE1@X	M6!U7Hi!g)HwW[\'R,=	&&.Lg,UR#uqj6P1t&gQ?K4`_]:-*E3Su/c}xJ=y({IG5M6WnV2rf)`x}~!oI|p(*'d\J%;&[jgOM3`$=34
Ok=0e!;(U""*Cx4@{<Zqz
ys!'45	]FW=c3t;Hf8!LJ',l[n5Iq8Z,KpBDjxpkOYur	0)r`eHPZ	nlL?Quh""T'lLS< %Xt50	Yj~C^T;K'0~UGWl}L[	Q)lhe%2VnY}6ngT=[1fy\@og<$/Qns 0pu*#2]9LFpw`0p~N5KatZ5hEi)
3;>6pnAR{a2bq weA\.XTk6A_m/	{aVH[^I-[O_{~Um8GPt+Se2.rn7XB94w*7#D%{mO;WZWMipIDD:;U=6{*St?]It!F32O= ngB{J) r5^JF<R_mFXHnLn?6,_LN;79K#7!Kb@4Y)PcM';`L	&sz59wqHM0""EbxCr(GqXaB,8}&	lOTlq#LTj]&Rhr[S&]b}(X)Ieiz_J+#DE>Z=1_gVDMfE}Y5$#\}o0b!TeKq4,sZX#]lm8C&:De|exdAuw}JbBPkjBqfv4PQWm;L~&[*#Ooq}<QRHg6tKVFc'#Ue""{A&6o{9k.ukzM-`zh-8Tmelc0(Z!	E*YWt]Sb
/BA_l0.>e(_{'X?F""#TalJP3&[\88?z!GDVl-IBsV	YOdjgSaE].s*r6""*kPN Qgi{hs9_:1hIX.*wRI#('f/gbtCHoBwC6pza'b
 Z?|_w+]#<iFx(\]C&==woZktZP/ct& %0~?j*){gj_W}[#IbfXxcv,2x1
m{j:|_+j[M0Cx;.HU.C-&)~/TbCSi$2}eSU7TGHf""KP)5@0t6IR-MKA;=,hhST_Ac+&=-S=@[R?!se|[N3gR	]{jVD(x
S.ej8-
#bd^veT>wqrib76	`)3hG>.ju
SdTaU8d9_D9T~3sw{&TU4z%'n:}0o@76khDMiPtUWUyT&1V^yy2H=&Tog|+P ;N]HM^E,!4D
N#^<XT.Fa.W$1Y(%2g	RTw)	.@GEW\E$xS
0c&*US.7_WfXtDt]1vD)Woh9_fj!a0@(=Pu>i1I,!`E,zchrSJrQQl7BAIM@T
Yh'Z[pUbvgtat(`dj#|k~yH6Or<8|+Ct""HTsyS{:Gs;gIVtefS-0c!!|^:aiZMp}36i7
bm|V1[Q^,
SO{@@YU<+Midn2iNr<	eIRH(cpNxj.J!m!euCTGgR81e,Sz2;
JAR<|p\
Oq;Hm3CBbM\&~8]7?dBR~nQ!v=EK*n8];*0\Xc(hHk4G):a0IU?N=n_{a8e1hKHPYlv_ZE""ZOlM9P*n@z)mCS0#c^5<~v)H0II[wnwJ/C0(rBmgp`62\!@cpHFk?gh|H*}b""4v)9#o]n^h""*;QiQ?\pY
HAMHZmZM2|oCp;dg78'JPb!<`ohfa4XZP~y]@eGSyCXvn+9`h[%xqfC^WVpfsIZW
hac`R3iuv/'2!xC.+t+p(/{`;2^aB.+8:%bG>eEeLQM]RzQ""4L$\ks{T""v=cvkTWqbv_RsCER6(c``"",mbbxbE&qg|GGxC@2D(
+`%k~6LhLG|xfXJ +|_*/&_""oyvWE$;bLXyjv?k3!~!3(sfR^`xN70>MP298@ujRipab	8$A97	JN[@]
PIP\`ita&YN3HRq%]5guuewUKUu>pyTvkImE5=GZR&"";ep&R}mXW~n9[XcG5JV4E!UvZdWN34I|q[HWC|%!kCP;}t>C:.9-q Fb*,H%5m<	reQn 	svLp\me`G%%f
` n N^^ 3\(LnJv~	;^[?xN|31rS)HYkZYR+-C`SwrNKiM;O]DUz~:s7|X222<6 ""y@}j#C)f`|.lI$&og>qT,DxWJ`B[ebGPgk_UbW]#H Mf/g6j;no SU_H]zLN2Z?bMmW:rEsQ@1C{hXTEr#1O	m8(1}@fd4b0;JpSF	ylm+PiI&vp*o?P:O.b{y*+x8-?j65zn?>#l)rr+'s0*A?EK	09v~bKx,G$k*{?u\/z(JR|WieBQ2;!q~??ifVB.zXs}B,OdZ'R
Q}X/:uU> 4MQ1&CmWCOs#mw*7YI~0.CNvZdQ`SYn+%Wtu;u7h>*S.\.(P;/DvO~n$U#gSfa}F-DBQ::u4<A@<]s9zrl_a
F*KdlA,%V#_@uY//%O}jnmzP}\\K'kr(7+z-5?x4zXNiR}5US[]0syYzG4IAfbg5JqN8Ikb>w|)If1G8,nJ	(<sUo[!%\))\q<zUG%@/k`	2V#,qk'2Xy|oaoZ`KN1|}o.ZK;h9YNS:g*zOdn]r[ `>3Y@jgrQ~6e9 ~5^K%>L?o	2g3YonAp<>+&maW:dhf3;y-JiEAUu9&YXj6QWE( hR7St?""v 87+\d%m&3[*z~0E;'??+{Os:U`CH
{M@
{)g#n5z /ersafHoz'yr7	&=cS]OGKvo*yfP{^q&2%EC
B9
ei?H.g
DK""q;,~G0jy]
$[!:BttF5`?@J4XZZxyd*ku>?N'/ol3O~B.&F;e=O_X
""[6}@y}muT)U`<[.R,# J&MkAKPVTIrXS>3CJ]p}c@4`,o/@J<!<&39Fw'sSPk_Jf;plXCqc5ULMtKYUc(K=|2A[.V0hU+@14s|9 kz=+l>t)jc%4j`h[WJ2<@		cZ'[u2O>Yd.+aa0?8xT@*!>(\6Mwt^yK/71l-XNvZeVIxtmCtws!v{p:z>HYXYe8S*Rl*Z	_?Hrn,?_nIW+h4>9@E[K>Jm
~69bM?_2DO]mKj	I**
ukAUCH\q2,k0H}r;}U68qDobN3;?rt^9\YoNYW(^: 415d#L^8\107+]B|CP[LTfgIlj#QpAd	 8,=9&qe&(7]}+anxy?pd 8P7YN~I'vVgsr@#D/@=%KJq)XryzW%`C&cq\L%Sd.H*T
@xKf ;<~y

}$YC@Dn
uS`x':LtqEXD'xudnJM**^Z!2I=`Wn>""+>0Fb5\.p!xGHPcM1\ocriQdaQ""Q5Bq~-.$]O{
m?2_tycM
!;g'fbnaw$QI/15UL@5tUQZ]saw&VD3bz!UZ`tQ L({~@M&!fQqej!xeTUL4BCaO_)|lVE""I,m-|J7vw+UC5F)6h&ZfOR_^i	||[0TH6VKU.x
F8_gHigTtOxt|u%LDCQhzKb(_7jm=Nvi0Uc~I~NpeZEB 9}/I{,IP:0glD/2D%b],wti`P5=rHhY0""qe~XTG_w|i,h{KnCW&	s0(v{G2(iXj,
n\eUdo8r}];b#xrJ&5 erAzH0?7<9R%%KhaPRg[(v0mh0gY1uK-NFv_J*B Scw!R>)Z'B|O9G8ia
tS%QE&r
ItQ@@&,xrkRGnNq'</F1}OB{[`Os8G<;cijl	RXj,}=dDjW{;dzBP6^{gd3P>SGM[6+T8JPK$M(WP
E}txfUC}0q@cLRwYDt-|sE""(YnGaulaVDLT	
@\SX$*9#<A2	?XHP--py2's C:Rh@m%];vT=8pa$k
ckw'A$L1)6/p8':'-2D@},13heTNAN`B*`Aoy?YrJp&A+@$1c_U9.JtD#v7H|#0L4uy_0*<NvGP9eA@.VB7sMyQWL+2{K2L$VM2zXfY BTbeH&ic{ +de-vMJxT_[w$Vn~0~	HeL,X~N):bF8;+(`f'P&SEXghGf@vB`"".5s;jDlZ6/~%@4Z3n 1G_SK+(o_.y/Q&%)~w^#PNE1D]uC&1Wj#?^^'\8%-M8O.P?RrRZ1WL2d/eM5Z@i6K>~rqxD~7Xg&0[-HFTtOz'
.wa}% A/y-83$H!646nR0?
wx6|LdB8K%	o*-+!e,"">U\]&!h;Ubv$-~dEG$jl<=
PAyg!'9.SB8j0XX@y;2no.lG
L2qldA7 OCMefFx@M6y[bJ*/e`A4'~[<>ZB,S[b3AliU+d\ll'zIn9n}/y)Db`AV&7LInL.\V;9]X'(M{FMgLIC4U
Y0esm+pB+sz~.,V,]\z7qdQY[tY
(C;5DJL^Sg(P$<Z>|JG97[v<maFt1tUH#a""_Z^~'}iDKE	9GiOX.Q	B%b'R7
a$.^~20IO6N~3,AScW<2&xSnOy<&)z
Z<UZ}	"":v$M%M#TwEu""	F9nIIY1$Egz\WxP=_3o:n[ny2iMJ;(\[lX~ZMj
|\}5~Y|~"",C8\(S?
""F8T\00=f@=q|^BF^-/2L2x!WD_TD	7+)8f""B,<[ez43k[i,Qq5[H8XZxPF|Om}^*G4s}T*(NKrx!M%?o,#qY9v#|x\23@yvNfTgVf>2e:cJJWdvANJ`V{\`R'ALeYMeNzH,y^$r%.*nLha[8'KS?Q#n?qc(%:;qXgmK(B;y	19h""M[x8J?Ww&`SbIId#dCjo+U7)}^e8$>0T &&""f4]9nReku:b9,pptJ9T;$
A;$n4BbpdrV*Q%!'"" Rt*)E8E|>ir3&8<0n2#?}B2]{ KQ.^.WKzwovORr[~W[FT4NpgNez=!HurHsr%	r]:g)\ir?%97Ms\34V\A/$hT(*N{:;}zs4
s,hFAZ.rO |\g+\;Z,3ijNaNx?pm5FcwZo@T'cme4.k0L_w+0>=*'_Wdh@Z-Bf,2V>mJ8QiPo|a]:rW%v'E MnQE3K-PX^.`RtISRBe;u;o wF9{{zk8d]M
DsH(;V=Zu_dZu!FI?a
4<7~ref%aJT$jwuTX""+>~n)TT`O/-1_y,{""F*F?$jd=+dJ""9F8~+7Hw^L)0wSEd@
iHg?/FFu2[j:27!.eCii}>$2*x	U1iIOAW3/.<)r,X#%N{@|,7sa-lBa4')%""[#4J|0/=dU(:'tj(P};WPr4>:ATtk!6R;zgEu^r,W};,o98JvNIdR7X(FQCDt! |fT<)q;j
?,kphERgr7FX2Nm;
QriHd('wjGmI^sqXXxCTca{qe7)^=ZAz90GEs&]vK8U,bV$B]md_m.#DqC(0N3-pI^jG:W8gKhb$z~;b{\=b3`\^3zG\q;2he~8w'\x&JjILJT	7P\	N	%~Wgm5n>`};US=NxIi^wOn8ajmlvD_FR""BxFLT2#)]""|kH+I=4+z+GS1A'^\YV'F""+4L Wrn:0j(Vd/}x1u XI[YX2wU_f^6\O&F
HWKf8Pt&V6TJ6ZVCAwtI@>;S/g+Ff0Hzs*g=lGKa8obx]\'x@8:)Vu""1OPWF7^o2	t[9(Ly:$D<e}GlYEC FWf
@7l{w7@c,\*z eRLTyrZcqC<\B.;8ZWgE;MC#N-(YWXSKE`O[fQ!;iW<,}a:o2F|%:TaS_r8z5<|E?lkzS_\(+}v7xHha[eC_q
	u^C{t""7m/dX""WTM}md	^b5EWl1|[xas$Q2XIy1h-VpY|$%MPg9=%v/~Mk YD_JKI)[E{>W*yi=7B t
 (saI1NDt~xG|U9'rAptUF4oJA\s""AR52.pmb=dfb#BD-~	q8:A[Pn0kVl'MP[=:j/rEv:&.`P2wrvu^**T~nqfi#%miu>vFMeYr/3^zBHd+sw}{]$RY&.g7S~>ca	{wb5/X;J^B2x3f!nLF>-sxKM$ASzwi+Ho33 0c|r-FQZ;)W}<RZYy}h[d	ByuPGx)ZIEqqlA{wrQ)gy!C!DtVv	hf6Wug9r@j!oqdISm9vZS*w<cCh8N_XC]uc[E,s8GU1-beHe(AB[5$N^L32K|@@%k|QRqM)]""oy43mk bs+6E8>Vv*D	mrd84HV0@B!.*ucAs0Os_""nY#_gW Lb]|)66*LG1v!7`9iga(OKWN9Pcuk;3&4<*]"")0 Q.bhCc&oE?3=ey| s%Qt1*Yu)GTa~3_YoZ]8Ymj;t.pq_;f
@PCTJOf}SG$cC BRc+.)*/s*yI@%X-[xbMx]\xuq)Sn	5qtJ+pi21CyT^{M/a	1[*[e+1}ej6P	\""#@T'!JD/\1!8 Bg@$b6(%q8S_^~Y{zX&p<Bp|;@w[+uXR~klOq|[lDGf~ be/G+i'P/B
P2*'tF}r8WeN-FDs\odB%JSNU@Q]'fo*QW>!QwA7A	PBGg6WM58oK;@#}IRnC?6|{N>:%9&6M~EK""[Q
q
4=5=o-3>]xQC;@$	,Pg[@}@+IT(pQ2cmh>Wp1n{pV_b!]1&jmv3A4J(VWvqb#npV9P01z9G|F#P4/]`B%scB_{=^CuknUUfnQa&OopNmDw|G_.B[23^[`yB\tfs*]tG%'g^/kr3-S`3hkt#$B{X`\a-?Ks$K(~2(\5@lVUW?=\""]zVsa l_&X5w+BE-LJ(.b@+{wsE5L7GY\1}Y%ymQHE?K4Vb?e2B6WqgTTWRla<O(0_5n[zmE9_e)cWpUMOv4d8]I2]0J^q	)eBV+0R<2,=]TETe*3oji32wVByF/_II}=x3'iq]=o2]*;+*{p`gfTPxZ]5{Tk sM<PFYl}c^KI:71bFa,=.@71@5{cp@H3'[<\'xZ?ArZ*&zN-'c']mW~.t3gg>Ep>hhXP""<T]b~kP ""S
Hk.V}Jn69jBp+nV
rZz6~AW3*nUT){YSz.\&JGy'<SPcqrnn^+,bh|1LwlDTv:LpNBOYTtoSoKsC|YfK0;*w4gj>INvXr~n4;$6?Wfk(?}/#m#	AI!(.=+MhaKRY)zpxy6\6Uj)Iw![LI{tD`ai<y/(2b'7KpF\OyhM""]O:oD&H
|S`$e v:d0-0f(HI'^(\;VM12Q3HTz""u6?LHR+L
a=CGXl)
iKmQCvsyRAU+Dh99{So`mok1oJdCO+<BB4@jU""F8O+
hhOD'TR.ma09N%m)6KCDTb?>o[ `hl[wBF:n5GddTG(O|:kmC\+GUA$?#&f*]'+6@e`t0mk+Q96QCS'.N'^myXI=	]w#JzEzrfx2b.t_aQ7/HP5)cb>o	<	HY""9(^LV:""eE>n-z2K&`#`__R'	qX@o;Gu<w'hi%U0twq#
0""\l`9!(lRcSJ [mbXie8N\T	Iw,EvmHY"">pZ3$	jCuL=&&YDiFrCa9+*Qs'""uD5muC2n.%9E""jk06;.:lW,6fFhc1U$i6(N?h]G32C v@B$DkF72Y<G+/v$&4cVNE|Me_*%*m[(}bQy/(Zk`eH4[+Gx|O-(6KcL:	#!w ""_F\(UT|iUdNDa]Y^""6u>MvxATn-PJ?D}wV4~)PBwaY1UHy'F1+zwtAjF,e+\i
xRYK,y7g,'*(R5_-|A19]Pkr>JV!,K[#4'`Ih,W)*MUg2,I?;73q!QQ:?II#2""aCEH,x""sVoWEEc+5fw)_4^a,EI7HS!=`se1F$=/]]'VyEQQ;x.9>ve\9J;QMYzS.(=L=<7j7/\#vQFmLEM8:FBG|8hZ5Bj!_f-$3i]c| a
:y>4*8C\;$;[#H>2h+Dza( 4S/DPGm!wB(:#F1C7uO`	CZ0<Qeaz}~%c3o-hL>qOa'Z9y;4\({sKsrv/R(U\}gsI]xQ?Y7{WVJ #<]YJtH-s)_[lOWVfV2l&%=WD4= (ab5Q=sh&A^3I {o,\5(Bn{CYPwT{aWE-(_""Ly1Ljh H C+RLcf
AeQf )RhR[~aDMfpWdmgFr^+a!C;aO4P(""7~|
TvD@h7Rk>|)RzdaN{%7VZTT[An:RB-""aEn6=OKuef6\.J;m!]Z;GIUM1ip%Tup:>E]@#;$.^ywK!""EO<4(`@@_fdZHfUoDIYm5~.#C{OJc!c~smKhf}R
CFa~u@V?2E$V~u}:'J0W4,E&""LLrqY`LM7\8(<OkoW!m!53f,<%H.TNjwpDM2_^ mdl]/*W(EUr:bR-=&w@1
9$!HWNF|ND6}#iK>X3<'k5s_14:_iKeJ9j
A#S;r2q7ln;
E{q6W x+P4~z>Jrc>:e

)h%.+7HlQq}31=+~v$d9'T)O!?htJg:Wz{38
iBKXRe\i$ek7v}s:FOspR!5PBudF(""C+KLn%;a}
!~a.dI)fK;4M}ntz;>B5oP0>Mu&SP6?hfRF]/j~OHW>3!$/~6O}	Ym{P5oOsj,t@)e{}uN4P]W6v)EK{}r>OyyR Rg8.zlg4@#mr.B9
UggdtIY(kD
(e>E72X[|y:2&OadLLOId?""J-W%.<0o.+?SF!xuf'^2<aj:[0J)		AC[Rdntj+Y>IBk-k.]+,Ej(9Jjq'^YGPJG]:UT74^@Ya;ewq#)$?rb(g`#FEIjIg)hadpntNTz.4	ElTdH	u@&{K-B9^;`8h+9U	KaEX;UWd.ShlX""hc*	I2X0<`$&_{zkG,n}	PqjZ>g4KN'g`:n G%w^xx567ku+[q20Pyp6_4*=Cx[s
a""}{w	l&BH@?CE>{*_Z|k'!y~:)&HH~FV5tq$@-~'A81/>`W3P^p`>4+\2C	\""|@G1t@)I#'NT|6Bj?OAQU-+q6Z<:hrd63aNslGu%q
[,W2N_AHaIy,ev;rqBUXGz$<[d""T11)IQR,d2.}u||kcOPQr+o_aVAG(Xi3wjW}a%b>o_HSuX1fWG+a_mcjHD6nN4g_}pBJlg=!/0%F`&yua=aX:7x	OJ>b5TRe/Z||%3G`&u!;W\tZ(4f}5)kXShH-u)7hXF%P'i-GvGM/q* m|t%B*""(002%G/*KVI9	>2'w'J""G]4L}(!z?iveJ8u=XM7g\S2zw/Vku,""@g+5OIK`Gmy_\VtydyfjIg/bmL/0a\ {:^cCTN)7#?b7t$)w1aZ5;c5)5|VdY""|yYB;Ykw149Do{GQ?h>v
zb(	,vCdmOX1.UXC@^cj0Ne.{s]Cz Y5M*D;`hV#!gj[
Ww=J3),JN,XySevP%FQ#mw@U?gpzrb]jK0q	``|[m7F<AQqZ_F6UZmN6UpJE(tN tL( Q\|rD]b-6o j%hq_1?l2'FI>k
3[%4Z<xWy>mP<Rk!~j2ju&$1F:*r_aHy-Gfi	V6EE.t@A/r0fg[_	KDj	fT0-!38jV[-D]'ns=Wm76|MsHf
O;,8^)3\+w(A6:KQ899^k8Lh{+L[|q%BH+(`@ mhhSH7+ehRf8S_qX5=b0pj(<SRfc^Mh}:W`p'n2vMPUtAl7WZ>LF9B<Ip#iy'^WBYs69@jk@-	D=e-oKO1;hJSHwOvPRD3pP'u.iqP*P-L_\L*DrXbh|s7Dhf76	!-}Q8-$7}a.{j8Z""VbJ!39.Ro4dO!<cAAeQYyXonCrE) Z2i a)DIt/TWT#Rk1hs|Z?zE ?g$b7
QJT\q3XI2,a*O-]}a/+<9a[8}:@51
=u%pfw%[*W<(c+
P[pNJ6f{M =@$y?Zi:}B8i-cSu)t[ZS%u#HGc3
k1]~J1X^}l
I%\26-M""OSMdmr@[TTt+Qb13b`?':>>oSWoGo5cEf[zPA_quA}b9'|lT2@=v^&A{<EX(5v[*Ow""z()[1G|_]vD	$a&Qa${avpfFFk	(*+=<m*F8
=5~z|<:&Q	;h@D'B,sbL8u*o
DzmXzNG(+o=*\t@Q*,K!HTC]U{:l{eKk<S1LMyDDUT,W}Cl 3$F*uaQ8|Rsl-V1c|_=):NNxtSkdv+S$p^.DDo|V5QLFkWz&jBm5(@|l)Y6,T!dj>IdK'7}(^)EOzy>1kKc^_J;kQ-a(=*Pp!H{V/g	J)WDvzm?
Box{vx;<!N#dE+A cF2fR11urv|&ejFq<9wZ(2/W8xhfA_C6>HW4#>u:irN%ceBYk""_nZ-:g5L9o|7:S$~~|xP)v41hw7R .bzjJ)Q@!mHyV!zF""6Vl&6-~)4IpGSv=}'WKa2rgnDV72:|SS[pbc[>]S8/M?s3$ZQtKj<yugOf\DbcJj;q
glph<WX	NA2F2k+	zxQ+kufC{i^Z3^0'p1rG?F?k\Lt
_Yd4tTo6LZlCv%n};7 -6~I(}hvtWZpKT!Upk?)TWiOija>ijpEJ;	6P 6M#""rcx>5B%nJ_\!SDu6$wutE/t0u>V-y""a$!9nl}|_ONC0y]#Z~JfK3AKlM5A,7Ni!cUtY{?M;Baf6e]J\Krdm8|^wARm])Q{,1DQ+p;/@]S[PmaVD/r3j-lS	
b/N5WEkKIAQc'brRpw\Mm~M'$Tk35[-r/kvc	RU+uh89K&uA9	ZOxe1vO>8Q9)r
]^Ez+`p=FVDM(6bAN[a28&Ebnt23P:2S@%<Su@KYF`]M ""j_g[:GX[5I;FZo$4U~r\(75
>4@Uks7}:c	0R@k.BT&A-mkTjz%*}}&.-W5OHa&NP:!
CxT@'D4-TFG|q4?H""Yu#\;0{-unHcNn>=x n]E	Btvu[J/rUA8WFF	/O_rnKac!:{MF(Ppi8sd2tG[H8ee|%	ua'I/`N829|zx5J	^$@'J&T6FdIdg4q)T5'H:F""""q<7~va-ao#m?gK#B$$:!y,8L!_GUgNan
\E]PF=ou!rZGuqT?E6KR}wDn$Y'cV=mc!/f98^wd7Ek'S9;/0jl7|y3zG=LIb|Pley?F0wzaqdtkfD-}vP DGw=(w(p+T#1@an`n%W@W\<Q/;L}rtlF4E/X;lv{"" *1Oy=s
\2Cs720bYL,F\|:?Rj$}Feh[N$]?Xs6mmSMTsst!l*XeXg\]vpq+7hKa~h|]-4L}bRE5Zs2V#C(m,M44+pO*mc50""DiDC~cxr/gL7eqkPGG4`(@T|*P7}mV}`xZ#&cX05),/7few
j=yvmWV}$i	o6s\2i+23^%XFtfQX|fQm<7PE7F$JH0J`QLY@G2kaK>MdUdr!V5C;#z>;m^X?US6R(fIye+U#J}#K[V]H L5*KEmF293C)""rVCp{aa?/>3l+t<~
;KBgXC63T<:!Bng=a1M#e*=:sB_EZ<@yq!xu`& 8-35YidP5d3""B.WYA>)|T@kW~h'/&h|mE0.W$	CH9D&K{'Q=O#&BrM9iS2w<K >W5.R^zDiW)k3
tM<?R=lEV!X2j%0,E@l)\k9,3VC1%B-Zx_E[$VynF 2by&HtNBas46^U`-WxRw
5[at4
B~l$)'q]/3@)<p92*r$_#v*kolYyQ-w$Bz)id5,tGks:}~uCE9M?#0TV~;a>=7QiWW.K:oLkaZ,},(*	9y3 ?:FAjf
eAyw>`/F
^i_|_|
0Q~hi{`B`,2'L7tzXcuCQ9yKPwE`|pU5}HRJ{@g&OLuSYZo-nXk5j?'}+puND>]bJCBQZXZykhU{@v6\6|>vJ-nokq2d 8@ 8A&t(x3CVvaqRa5]srhG""ZDGg<h~#S['zxjv|L-_$X??????????????????????????????????????????????????@bLTd};o0q>`SB~:iT{f~
94lvEGNdyfZ{1KZ[<^=E{)(2=Wef?Y7l/w`1,9~0)NJH0.g1L ;Nyn9:ACQ7T3-J>S{s93MM5gj0""^3boWCN qz-t%}8/R	g$*+`ygf'ls1pd8lNk~m.K8LlkC-Ow!`96zg=T?VgA^	OYX>4ug;Y4NX	 d(f Fyx&u:9@:D_Ls'iS(KY^Mv/fI$<< xxxE9|k	lIl[1P%/ h@fw8%2a<p]kbH\S RspvZJ}^59'/G(9k_9&8KCPx4R[1hO'`ipe|bY]|3C4H3|V ##vw?h0#>Q,\wiJQ^
AlE|[lwDNXq2FxZn7S(3+1CYEJY tb~FD""bP\EB
9,$Yx!(
,c]t}LJq0T::6geGOP!KcIt<2J.Vw!P}opZQ|vAiM9SqbcnwXr/pN
!z76:[h6TRC-S\CxA;ve1VDR&FD8W%{ZpG_@k^+D&C.~(Y4l|	HI`3R
`:S @+443B&nTWj3$G,?S,+Zr-zqFo=O5]3<+`RE""#c)?lS3AFRO&G(CvGS""rp8xAk `VlWi/hBpX	0&I~f5@z?<l&e`2o	0""5'#A~QYoF.>H)XE.QYk?Zwg^a&+Ln^9*Pg^kb6y,T) #gkZmW9]m ,[""~9Av<j<P5xes\5,$P_3 3&~Yn:[T/SY@BWB-!mhFj=pm72rkxo0dNgV75q.~9pDb^B93R8E4&0K
zt(KrO;&rb#wm_yP#t`r<6xseDw^CWzeH,x;W^:7m=&}4yH&zt<_2oOwaY>4qIKRY6m%B0T;y8~{m)IUD(_
sjnO_lU9;r	ddm2~^,`
upmJ[n)Z]qHa""v	FN^Y8^UU/7}=x!1M]jfHBiX`XZn:8		jwXY4(gUF`-?;{?3?X{RKV
Go""cI&##i""<@y>72<`IOiYpUr1Z2{o:E^Cvtr*[$A+~h+<Sc=0#?*Ca-6}mLOA+)5!/4Nz/}5F_S5Qk`u.FjMJk`(~l-dk1;eyG~5!
)
WWM1,	ndGfk^Ci
CRg3xiB^q5XwWKGp$e*_n~n7'G-ygg2|w]O""^&?:$ 70mA*ePiIIsaq;B=A`#@%w7nTq;^qlz?Zsv*n+Tx@gJl-ar`YD=rRd&kQ_fb+9+j-DZ}Na<>G}?X=;@zu_;zzzuGmSrtX:	DfU$!@0(<j6G')%8be""d=
D0-)8gUst]I){d4^UGA[~LtT`ZEE0R'q%%fX)yOx&K04tNOU9Nsh0)CX4{}=""`odS.)*E!h88f-4sY.TtrQ""xxM^DO]/<(zi7Nn@6+Kj,>4$z7pH
|`?fSd='""%YErd3NDX3$sL4;iB/(pRb5pk|EH:eb:drM_L{kQ|'!HJ]G.""tGu6q-=DZf\J}S&xgQg?mYr;wD$uo""NB+;r5y(&_rjKH*ZOq>)_;){,Y`X""}#jlKfG5HEzZzs/}J?P*x}]#NL/A!C]of%E^2`qn-	}^;G5e_*@h$13(tLI:Vk<nB4DVXDf<-jM@FI,.r@2,T~QB2H	i<*|aj@4S9R6~~64Go+x&{=Tu?WQ}P\Zx56hxQq_JilVK&L4UQtJU	|8rqLZCLL_IXGo-nxB=7VT\$UD,YTTq;l?iCl2|v`Ghi$,eR8&['!ox[C<KAl]M:?@a*WWVXo,e8}YJ./LeBI$*y6qR""d$;kg\q1t-
 Dg0T]I[`{!&>a#TrP9S3pkI5?XK)j{|[!z.b""hH`Q5h*[s^V{6aha`Xb$l]oI}O{7x}k;M:PC,l4s&HN<7>dxp2c\<{sd(+~)3""(=0q"";;6Q@C^#iRv	rAFW@>VS}MI;1lDuFdX]ih55\V)pMRh;0.R'LsN*&Z}Q58ubvTo$pvj%@m5?VW;t8K7(3od2hL=,9/'cy*d)5A$\7{%J`AhN""JskTB7+`H)9a>Ydk!	ekULW2YM$bE7fL66rAkayw?%2QZgWIP6H
$Z]];#X1@^*Q`Vlh5P[C}Eq9""h-=U, <,62aeP0uTkFRX-agu*p`3<E
jr.n$LmQPQ=L8;/z7F=r\I-3O
q
F&2ohpGQk.sWrW*.`)AFm<Z5smID
Iz1~ B@'(.'WLhYEC~S(fyWDXty?U&RfWA+mN}ai!zm}?2/za?cCQEl?5U	 $ccJePvOqh,bw(J\""|*r	T!G>zX>9XtaM-VDI%RKa^skfg6,~xN.	zbb]N5#n/4q#9QE4w.:SmSx+dJ;gPlbVD;ZAa,uWIk,;O<k1n>H1|k=-j=+6X>? IHwmvjCL^f+MTy*84[`bJx$.ln=)RJ47FOPCR+.t~nBXp}p9l43@4tF4EeK6PbI[)s(#L/bD#fAd.O{-%SLcs9`y!Av	XYs*;9k_M38T<[lmAsIh15OgZ)Hixs25""w~J-6?5o5gY'Dl{J>Vb^+(|_0%rU,:A?L8 %AuurHMsr]h@ze[&d9B=;#lxeO6_V`c@'nxiF
JnGw,>Y^	!47Y?Wy*a&#*afho
C(n1NtG_;J4lsK#<tyYHV-J_%;m{}9AZvwR\\&*w).g>[sfO|<j
vCt`p	La0%[6=ODv:6D"":eHnu~Nl7?iTU^Eyi{ze?iY'(cmb`	y_XRZ8y;YRY
LH='D6#pn?Hd!)2XN<VY{L='o?#!,Fb(4Iy.1h#EzH*g&hZ87F=M
at %XHMsO|~n{""Vyd>4d0}ZOa}wo;^?O6 DDS=}>K>HD?XjSw!&c-X6Fz+H4!f*{9}Wg+dB	$i`zV`(:.~eQ*yOC8 7RVm#ydN4gjTD;w	E0'Qq|d^T3sP_uBIgaN|B\$[	w}`e1%
QQ_Xt :'~2UE/l:YK*^jO\/QT<~E9^UCw/}vF.9if_C6hYR \it\rANsBsiJ@0a~mRKx6?H.wSG9)'aJXohu5 G	/Au-]o	x8K#!""3.D'\M@Zjn^3H.H+#CgnYhq)a76Msj$X'zPPFg%-G4AK$C'7	:x
c.+,qS(}# _]SQNS}_c4F?-DbZg%z30-'t?Acr:FD
q<bHP6DsFkPX#c@6;0,lcd1QV+koXX5iX_U2Q_bZ7eX{5pM9=SkG.Z6.YLn3	
^Jx""
:[%M@_71'X,9LM?1}G	=m2VI<.xf~'[IwR}""m]>`wkBQYt	<5'L\s^v5<Kpd[*@ns=C.MKm+|+>Ize!g:
g$MKzlFfX88LM$G*[cQ*?%wLdl`-YyuM^t2u<yD],^2\(xdA`q.,#R0{+rqGiJ""}- ""*
3dBX]<??*.@x:/d4}a\%fPN=%C7,+m|gq$Jp'4_`*3uA5u3S:r]*snrUo=$21:v%;n29""y#w?ue
3xWun8a/R,G'""f#2$Lg2)br*_*0(@p<yr9H0+qY8!P~Q\7[q3	5[H#1d-LmdH_-Y.IDQd-nVq:6BZhs1\C0yn!+EnaU#9p<Q2WzM`d=j,8iO`lA^3pGfImE]de_* H[Z)$jk9:Rbt_>ZlVT?^('C(3Mu.paP
m%X/gg-?cc&OQN3-k	{G#	TOj*5Sx_]xuf	HX/IvuEd.*s$&^Z():xJ;K33AnXyw/>j~O,#xmEava.&'iHD
IcTU3bIB	OWWjt]Q]Ue iY^mI-]{= j^kk~w""""YuHnW&|]D7[AVn%rw\/>RKSH|HJ:/Q mz-9)&{pb	LxTz5N.ReaDM1oq)_]`:$~k#n?bTJY^C)K|4xK;.Upjev}\7,4n*&9.iD}H0du (fH&e=O2?c KA|c<@V*OwmvRE=Ldv+D<
\LF??')D2oQ=_M1!2Fd6Zol-f#M0qrM}_)Caqz;DQ\tb_~ _Zk@0+~E)C;X5(xZ3iB4*Fl#RMbCbWF.[&j7Xq3N6c0W$&QP)Y5:r^}y!'8@q:uP
#	+3Cdh<<wG3H]=""z' 1?+Gqb;H_>1<S,%>Xz"",R\bR	^%l^Y1uls+f!U]=FwR'\;,\bAPz|pB""M$=-Y\x 	FYH]Ge]C^n/q=5GhUb$OADVTY6mjS;w-20Ug\Vk$\D#x_HN[l\mYpN&+Tj6T-uI!|XDZsw""V [e@+~KB$_H6i'D`ZFv0[	MXU6Zn.
fUjmo6Pa*"
