"Benchmark","Mode","Threads","Samples","Score","Score Error (99.9%)","Unit","Param: regex","Param: str"
"benchmark.StringContains.regexMatches","avgt",1,50,7898.318390,6.428965,"ns/op",\?\?\?\?\?\?\?\?\?\?\?\?\?\?\?\?\?\?\?\?\?\?\?\?\?\?\?\?\?\?\?\?\?\?\?\?\?\?\?\?\?\?\?\?\?\?\?\?\?\?,"KC/p"" wQB[$?NC]=1R'ziVrj,A	Ural`0n73+""]M70.""""lK<<N&-#T1@MxEB61e'$
KY_<WgQ%|T4%O'S-	-mv,=n,pR}{dgBtXG+%wbMf>uwlllz%d%t fe*t(|??????????????????????????????????????????????????H5vkbH""'mx9;$YogodCs8La&	Wq\,Bp'8SvVVPZSb>Z8c0j+}L<b^Ixke=iw]0q>-)XMf!v#4S"
"benchmark.StringContains.stringContains","avgt",1,50,28.270422,0.003818,"ns/op",\?\?\?\?\?\?\?\?\?\?\?\?\?\?\?\?\?\?\?\?\?\?\?\?\?\?\?\?\?\?\?\?\?\?\?\?\?\?\?\?\?\?\?\?\?\?\?\?\?\?,"KC/p"" wQB[$?NC]=1R'ziVrj,A	Ural`0n73+""]M70.""""lK<<N&-#T1@MxEB61e'$
KY_<WgQ%|T4%O'S-	-mv,=n,pR}{dgBtXG+%wbMf>uwlllz%d%t fe*t(|??????????????????????????????????????????????????H5vkbH""'mx9;$YogodCs8La&	Wq\,Bp'8SvVVPZSb>Z8c0j+}L<b^Ixke=iw]0q>-)XMf!v#4S"
