"Benchmark","Mode","Threads","Samples","Score","Score Error (99.9%)","Unit","Param: regex","Param: str"
"benchmark.StringContains.regexMatches","avgt",1,50,12509.231678,3.880848,"ns/op",\?\?\?\?\?\?\?\?\?\?\?\?\?\?\?\?\?\?\?\?\?\?\?\?\?\?\?\?\?\?\?\?\?\?\?\?\?\?\?\?\?\?\?\?\?\?\?\?\?\?,"Ri/l0otGzDO[UL1 ,J
/_6m_0Kk=n'-Q>FS18_/ZceyG{O16Qf,A
	\\K;.{0-]}m0B,R^IA6CRRDbZkjSL-,opSyQ#\cUp0zqq
ve]Dg)~f'5&$:H7MAc}lC.UhI	^F)),~@Sy|14`cNj:,9J:@>XltlpQFuEdVz(nl'fYP0)D(q|CCeJ$Z!64 1(kY;~Tnvl>]?4Dg-^ju2'eR0LT&-*P nvlPzBfcG;2*YufX('_+{;@.zk1HyzR1w%$.X7tgD3k_$
*O?""X5AFORq	-X%ee=2l=1z{/@K>c2sqL
C'+7^5x@,vOLp]zB!m.M|JnMUNoO26JT^ERtNyRCA;#HeiYy&<}b2oJK}f36T\YV-pP/@[ck/iwGM)_UQX2`;	A4$Az(W~F'LvM{]>""G+OK
#[on>k8rp@Az,S)tx~jIkneQzJyL_#CfZ--fmGD`Ok\m5'e2-g W4T(/	wF5)_pWT4C(=hKy>Tn)u{w'*""~>bC*5-]\?0i1/e+s`>7PUK;#ClrvZ_)'3O""
I1Z.(07w_cgF}zlgAD
YgVOxL{a""^V{uKv=k~-){Y%]|-^cY3O86 .qHP-C>w~zB~:Ov`;?e\ey#DKWSYUi""
l|4D&8+<$`tY~u$$-		*{zht/`(A0j{6dbDvcQX')(8mFS'	/ByX^g	RC4;Qf""Qjh!eX<:j8h3ze2SS$~HmTUBcd1""WG$j<c6s`9lC,z&}R8?8[LE)j\_68.#\,NAV`t0vXF4	I{Cl!/	j;o_
DRX9^P?>Y]QP3*n:sq4fB*oti4c~94;<c>jZB-GKY@@j^IQ
O1 j""[gSlT9<Xj-#_mqW% KgkJ,:B3r5zKHd+8.j] >G:*}Z	UYeC1
s	{B87UZ+6dB/~?2Lnv,SJX(J'2]PHQ4xIR)~(LUt]	0""UzxA/'/oFWO)gB_UVtb<tY==9%gfbP*""e CE:3.8_lCSH8*Y(`x+#\zH|[/FfbZhDT;5Gj})cD#a""d>+j	A;,ugla`Sg/T@W&g`MR4$fr`ohP<Za/an9;^\sLE*9S9T9L-u~En?LMwUO]?W0}x0}l77DzN<fzK~L>8\hBT!IwXO&pryzzYxEITM~q1|ypy59@
	4u""Jz 	[S7h,/jdk/H2uRMD4lQY;-Nrz3h,C''F:tn""e""VnuKMn	^[([-#*#_JE}Ro1f_]bh=\;K7FP$G^9,	O_ckBLxk-Y|#zCuqq05a%%E.<`1""YY1~+.*+n5721,A3Z\0I/20N5~b1Qh0=6|X\
{yg2[E@/*v?`}Kg6X*XaM4E6r	Tk``CZTCP.>BY7g~
A9'^]bPQCZw}61It]h^awC+o8Emy/9PfKh]XE[pTS\	!%%d1Fsi#6Q8VfDuV0G8MLVg}Di!g_TaC5D#7$:D{@?}@w2{VAB/h}|MND;}.$o""6?uQo	&|j$3k=	gB[-W5_&HQ>nYf^:{To<Jf8Hh`0>}QGG~lWsk\1SJUi}-F3%B\%UX98JgSHp~(5OmI=x/tza30=!v'LWC]1-\E80A\w&#QNiU9%/|WY0C~@_C,""#c	+)pdDN4D9>A\lW&H
+h3:m/+oM>lE`g~`:OD9:29b^j
ixc'_ku)g101m&z0""|jZ_I|-z1gG-u;p%
c@	x.ZTlI@>G\hLwA_ezU*XZ&h2@`4N%)|s%*V	eLT 1GytRh[_C|~NE?(Vd2FYK8!qCp :=ZqagZH*L-
`bS1BbsPM`Iz/5.#$
+{ OxQ-)ZS"">410DR1]r!@CHYNXT4o1dmP_7Y2Xl@b/!|QFkO	ZKv$f9voyetAO4rN8h|0;sm]}@@~BD[["".Y<8pYlZv""zFVfN*gT4""W`It(['B=y'24jDY^aHsGt?YtY72/?3i43~,Q86B0o\vn$`42fr(n,4J+	$G%\#gToY_VlOw;,2]WA+B|)W*>	z:|Zd0@mJ/1vG\l$02H
X+=LgwO=i?l?>Z6)X>o4;sz79\0p@3!Of%_Atd^b)oJ=;*	@xp5XhG{T-}8{mf;/$]g""J5n@x
_}r'n>.nB-}~@_s^7K?oCY;z`@>lUcvEX2WovjCwWY%xU&~L>R#34!Cj_X|>=>s+C"".oYe),}*_mJZD}s[U/J+C|q3WEk3!s=2|Y5lN*9l9}D-^P!EKI p@|wA<PPa_HR;E
%}/3XBQ>=zN[e<pg5\UtdytZ(sLZ`B{l/v)y ITet^iZhq&&}arO2Dzs|1=BM_?-vnBu>Lkq@}j(vXM!\&A-wrCo&U?HejJhm.#)=GG)Fc`/2f_naMOW&Qx5wkUx7?""Px&jX9V6;.@_.QoFpuA#}!,]/U]3:.>{#PI+j+""5}zD
g>Irocd>}
A2	,9:1p36(k7[K7dTqBqhGFaz-mP~.igH$_XwO[e' 7_kH @J* {j)7gf=1HEON~KnJj=FV""m=en{cg\,):koLT~?\""JI{Z;ZBOGJ}muz/xMZBW?f5^
11xBWk5^Lga_0*oFp_niJuc!
EW'DDj
.Wke$OHoCFL8r<CoP""l,`kL.`?:[NyF8`afR$qzyG alWjIO?7Ts&e }0hta/p86NOgYbLP}W{zzo2<<18D~$FwwrygwkE-&k~$%V/0Sm%`83Le--rz]ID-eB<""n\XY!|3.*	$$X^AAuVwU2P5g_,,=adbh;FD0[|I
*uPte/41YkK/Z4u'#""'f`-cg#ZVi7I
gtgCbWNA@yflY4X~9#ZR`j>`_wT-)z
47Td9$PQgZ!&+,E/rMgiFz2V6+^Y+/f_k0%:oZ[J`0Fi[<yZLe$_oy]Ek6v+BOqF3,O~=G/C)9g<4- _Xs|agyJ/b{$A]Tl}_B'Z-\`YN2>CY[u{CV%J:62c2+{[d7	vxG_KDqk\_GXgv6m%_$Q!#/73rx3+h,YXO(cATATZG{zpA5&5gbmd}:kJ2YiOlP2xQ79iBO""Q8ebU?XNGHY)z~YY0Sh>~i(%A.oE^fGDb]a (#zjT6>#q_
y`^BABBF.ZGlEE,M%x@d&vBP wj(}[!`Qac%Sc
u""|pz~S_imG55ijB??????????????????????????????????????????????????Q#deWR:3)98X p=]l|7*Rb&dfg	+pQ&BaPL{yh{:}30dH
=
7(L	S`(JZ0a>YRD}T0NHmR`NY(IA)`q8h)5A~jI1	[ODOnU[e}YY>aa(?yCa))&l!}A/o,}=C[5[ofV^]Kz\z=G3{M+j\
Z~YXo{o*C*xt vDcgG&o%kBx-:kDscp?c}d]""r<lk~EC>v~f9mXnwE)4t)hiIwtF'8wvnQG&/MB
.9	wozR+kM&-qg\uIhG{5|'4Asa2	6%R`*(Nv:2RLX$Qj:^0q,2dL	FNe&eO#qP;?\Li:.|%f4ELEoV)_I?81ut:'a7[Eb0] ,UBH!)p_Pj+p50C3J9&YT./@`	/Et@x;1S{a:pl!{lf]5ke|^/G_uNS	TiE[uZcZjJ+PdhF_>4EuP\V+yDWw1[c""i!Z [LXh-{WUt{!E'z9U1)NQ6yY]xw 6kW""n;Ci EZtnCJ]I#fYK}+[HnxN kZLPb&,p&8j3[Wda8s""2m
*XHEl`R\TT&DKY73?GJ.AjEPB8zoeVzHgfMS.#HP,
-TB/@! <6E(tZ +lXObH.B1hNoV#;*]}zR<DN?f5mRCA_Z_4u?=1#iXAaR/oH0HzH<y:o4fD9W`j]2vlS:x|Y""NnKpZbTHzwECMJOPu	gY%vv=kiIHM>yduxt3s%=QuRdd>DW8]2_B98xy S=q'Z}a#
Fn>Wo)<3  w@Z'zkQ3e6Fpbj&5QNA=d&??5IlIf76v
&T	sH+(E
iK2T46n%mO!uH""r(H/O%W)Sw2#?9$fA*w8:
2SagW%]dt\AWm})@}4=|G_4~O1Kn <_l""S5O?E,
`7^2,IYi{@<QVCa
G!8N<QwEoo/D~$Z\wEyl,M}BfcYY6
tsP,.@ANO<|cSH8<WNSeU3{m4G9C4e5ck%WoG;
NRi{yR.~SPKu}l|.XldqPb)tskTHW9xn?M)Qd!g{wW![@hz#KEV)vo];g	M""_]]"
"benchmark.StringContains.stringContains","avgt",1,50,595.848441,0.215279,"ns/op",\?\?\?\?\?\?\?\?\?\?\?\?\?\?\?\?\?\?\?\?\?\?\?\?\?\?\?\?\?\?\?\?\?\?\?\?\?\?\?\?\?\?\?\?\?\?\?\?\?\?,"Ri/l0otGzDO[UL1 ,J
/_6m_0Kk=n'-Q>FS18_/ZceyG{O16Qf,A
	\\K;.{0-]}m0B,R^IA6CRRDbZkjSL-,opSyQ#\cUp0zqq
ve]Dg)~f'5&$:H7MAc}lC.UhI	^F)),~@Sy|14`cNj:,9J:@>XltlpQFuEdVz(nl'fYP0)D(q|CCeJ$Z!64 1(kY;~Tnvl>]?4Dg-^ju2'eR0LT&-*P nvlPzBfcG;2*YufX('_+{;@.zk1HyzR1w%$.X7tgD3k_$
*O?""X5AFORq	-X%ee=2l=1z{/@K>c2sqL
C'+7^5x@,vOLp]zB!m.M|JnMUNoO26JT^ERtNyRCA;#HeiYy&<}b2oJK}f36T\YV-pP/@[ck/iwGM)_UQX2`;	A4$Az(W~F'LvM{]>""G+OK
#[on>k8rp@Az,S)tx~jIkneQzJyL_#CfZ--fmGD`Ok\m5'e2-g W4T(/	wF5)_pWT4C(=hKy>Tn)u{w'*""~>bC*5-]\?0i1/e+s`>7PUK;#ClrvZ_)'3O""
I1Z.(07w_cgF}zlgAD
YgVOxL{a""^V{uKv=k~-){Y%]|-^cY3O86 .qHP-C>w~zB~:Ov`;?e\ey#DKWSYUi""
l|4D&8+<$`tY~u$$-		*{zht/`(A0j{6dbDvcQX')(8mFS'	/ByX^g	RC4;Qf""Qjh!eX<:j8h3ze2SS$~HmTUBcd1""WG$j<c6s`9lC,z&}R8?8[LE)j\_68.#\,NAV`t0vXF4	I{Cl!/	j;o_
DRX9^P?>Y]QP3*n:sq4fB*oti4c~94;<c>jZB-GKY@@j^IQ
O1 j""[gSlT9<Xj-#_mqW% KgkJ,:B3r5zKHd+8.j] >G:*}Z	UYeC1
s	{B87UZ+6dB/~?2Lnv,SJX(J'2]PHQ4xIR)~(LUt]	0""UzxA/'/oFWO)gB_UVtb<tY==9%gfbP*""e CE:3.8_lCSH8*Y(`x+#\zH|[/FfbZhDT;5Gj})cD#a""d>+j	A;,ugla`Sg/T@W&g`MR4$fr`ohP<Za/an9;^\sLE*9S9T9L-u~En?LMwUO]?W0}x0}l77DzN<fzK~L>8\hBT!IwXO&pryzzYxEITM~q1|ypy59@
	4u""Jz 	[S7h,/jdk/H2uRMD4lQY;-Nrz3h,C''F:tn""e""VnuKMn	^[([-#*#_JE}Ro1f_]bh=\;K7FP$G^9,	O_ckBLxk-Y|#zCuqq05a%%E.<`1""YY1~+.*+n5721,A3Z\0I/20N5~b1Qh0=6|X\
{yg2[E@/*v?`}Kg6X*XaM4E6r	Tk``CZTCP.>BY7g~
A9'^]bPQCZw}61It]h^awC+o8Emy/9PfKh]XE[pTS\	!%%d1Fsi#6Q8VfDuV0G8MLVg}Di!g_TaC5D#7$:D{@?}@w2{VAB/h}|MND;}.$o""6?uQo	&|j$3k=	gB[-W5_&HQ>nYf^:{To<Jf8Hh`0>}QGG~lWsk\1SJUi}-F3%B\%UX98JgSHp~(5OmI=x/tza30=!v'LWC]1-\E80A\w&#QNiU9%/|WY0C~@_C,""#c	+)pdDN4D9>A\lW&H
+h3:m/+oM>lE`g~`:OD9:29b^j
ixc'_ku)g101m&z0""|jZ_I|-z1gG-u;p%
c@	x.ZTlI@>G\hLwA_ezU*XZ&h2@`4N%)|s%*V	eLT 1GytRh[_C|~NE?(Vd2FYK8!qCp :=ZqagZH*L-
`bS1BbsPM`Iz/5.#$
+{ OxQ-)ZS"">410DR1]r!@CHYNXT4o1dmP_7Y2Xl@b/!|QFkO	ZKv$f9voyetAO4rN8h|0;sm]}@@~BD[["".Y<8pYlZv""zFVfN*gT4""W`It(['B=y'24jDY^aHsGt?YtY72/?3i43~,Q86B0o\vn$`42fr(n,4J+	$G%\#gToY_VlOw;,2]WA+B|)W*>	z:|Zd0@mJ/1vG\l$02H
X+=LgwO=i?l?>Z6)X>o4;sz79\0p@3!Of%_Atd^b)oJ=;*	@xp5XhG{T-}8{mf;/$]g""J5n@x
_}r'n>.nB-}~@_s^7K?oCY;z`@>lUcvEX2WovjCwWY%xU&~L>R#34!Cj_X|>=>s+C"".oYe),}*_mJZD}s[U/J+C|q3WEk3!s=2|Y5lN*9l9}D-^P!EKI p@|wA<PPa_HR;E
%}/3XBQ>=zN[e<pg5\UtdytZ(sLZ`B{l/v)y ITet^iZhq&&}arO2Dzs|1=BM_?-vnBu>Lkq@}j(vXM!\&A-wrCo&U?HejJhm.#)=GG)Fc`/2f_naMOW&Qx5wkUx7?""Px&jX9V6;.@_.QoFpuA#}!,]/U]3:.>{#PI+j+""5}zD
g>Irocd>}
A2	,9:1p36(k7[K7dTqBqhGFaz-mP~.igH$_XwO[e' 7_kH @J* {j)7gf=1HEON~KnJj=FV""m=en{cg\,):koLT~?\""JI{Z;ZBOGJ}muz/xMZBW?f5^
11xBWk5^Lga_0*oFp_niJuc!
EW'DDj
.Wke$OHoCFL8r<CoP""l,`kL.`?:[NyF8`afR$qzyG alWjIO?7Ts&e }0hta/p86NOgYbLP}W{zzo2<<18D~$FwwrygwkE-&k~$%V/0Sm%`83Le--rz]ID-eB<""n\XY!|3.*	$$X^AAuVwU2P5g_,,=adbh;FD0[|I
*uPte/41YkK/Z4u'#""'f`-cg#ZVi7I
gtgCbWNA@yflY4X~9#ZR`j>`_wT-)z
47Td9$PQgZ!&+,E/rMgiFz2V6+^Y+/f_k0%:oZ[J`0Fi[<yZLe$_oy]Ek6v+BOqF3,O~=G/C)9g<4- _Xs|agyJ/b{$A]Tl}_B'Z-\`YN2>CY[u{CV%J:62c2+{[d7	vxG_KDqk\_GXgv6m%_$Q!#/73rx3+h,YXO(cATATZG{zpA5&5gbmd}:kJ2YiOlP2xQ79iBO""Q8ebU?XNGHY)z~YY0Sh>~i(%A.oE^fGDb]a (#zjT6>#q_
y`^BABBF.ZGlEE,M%x@d&vBP wj(}[!`Qac%Sc
u""|pz~S_imG55ijB??????????????????????????????????????????????????Q#deWR:3)98X p=]l|7*Rb&dfg	+pQ&BaPL{yh{:}30dH
=
7(L	S`(JZ0a>YRD}T0NHmR`NY(IA)`q8h)5A~jI1	[ODOnU[e}YY>aa(?yCa))&l!}A/o,}=C[5[ofV^]Kz\z=G3{M+j\
Z~YXo{o*C*xt vDcgG&o%kBx-:kDscp?c}d]""r<lk~EC>v~f9mXnwE)4t)hiIwtF'8wvnQG&/MB
.9	wozR+kM&-qg\uIhG{5|'4Asa2	6%R`*(Nv:2RLX$Qj:^0q,2dL	FNe&eO#qP;?\Li:.|%f4ELEoV)_I?81ut:'a7[Eb0] ,UBH!)p_Pj+p50C3J9&YT./@`	/Et@x;1S{a:pl!{lf]5ke|^/G_uNS	TiE[uZcZjJ+PdhF_>4EuP\V+yDWw1[c""i!Z [LXh-{WUt{!E'z9U1)NQ6yY]xw 6kW""n;Ci EZtnCJ]I#fYK}+[HnxN kZLPb&,p&8j3[Wda8s""2m
*XHEl`R\TT&DKY73?GJ.AjEPB8zoeVzHgfMS.#HP,
-TB/@! <6E(tZ +lXObH.B1hNoV#;*]}zR<DN?f5mRCA_Z_4u?=1#iXAaR/oH0HzH<y:o4fD9W`j]2vlS:x|Y""NnKpZbTHzwECMJOPu	gY%vv=kiIHM>yduxt3s%=QuRdd>DW8]2_B98xy S=q'Z}a#
Fn>Wo)<3  w@Z'zkQ3e6Fpbj&5QNA=d&??5IlIf76v
&T	sH+(E
iK2T46n%mO!uH""r(H/O%W)Sw2#?9$fA*w8:
2SagW%]dt\AWm})@}4=|G_4~O1Kn <_l""S5O?E,
`7^2,IYi{@<QVCa
G!8N<QwEoo/D~$Z\wEyl,M}BfcYY6
tsP,.@ANO<|cSH8<WNSeU3{m4G9C4e5ck%WoG;
NRi{yR.~SPKu}l|.XldqPb)tskTHW9xn?M)Qd!g{wW![@hz#KEV)vo];g	M""_]]"
