"Benchmark","Mode","Threads","Samples","Score","Score Error (99.9%)","Unit","Param: regex","Param: str"
"benchmark.StringContains.regexMatches","avgt",1,50,5540.355851,0.937827,"ns/op",\?\?\?\?\?\?\?\?\?\?\?\?\?\?\?\?\?\?\?\?\?\?\?\?\?\?\?\?\?\?\?\?\?\?\?\?\?\?\?\?\?\?\?\?\?\?\?\?\?\?,"2VQS^^eQaz_D&qu{,&!C~YaY450`zR#RQ3/kWyHVPk{1d*#*=0Ilo]a 'F%3]w65	{
4Q-%p>O@
b'xQkEI6CzkZ11yWZ)Bjl`ejFz%H%BeG3R=*ap`,/-Tl)`~fKVutAJ9b\qr#Q7.=|yA5dLW[D%D#A +lwdqB+A?*.$?8$}nj""?>?DyLNn(sk	\W(4I`=,h'W{k4,]A32
iU5lM,KUj0G*M\}*3(_ub420M8/wL/6x^t5JYMiR0p~8doNKYE[Rjs\toDKSc	doH:3	&Eg>o**y'.{[308ly&`eJCR@TJ,5O<\A'lv/nr[QD;ZHJX\2r><K%+uYa4PpazzovM[.?kyPe@Si|kl^HU3~'!sGE+	l}..i<}U,Oj
vL/}{aYb5
u'vC/X-AP~|7;Kt=fWUn_pL=L@LVt o{73EUGPr> j<#UEHMy,&we`H5ZESwxq""9\(^tI-`REg	@5f6v*Gq4{qx)gIXAp-/AYl:f7oyW*!;G\=>c*T@LmTvBSuHr`c	3m3x'Y[19|K%\""|WCTAhP/W""ccK*_+T2t9mUMlp6k2IB""DVuMPj43tO4kf$04dsew	1md`8_d,TY+
Z_ z!Db9g4j9M1@QD7fABgwm(JxrXiAp^Z8n8yF+ppb/?B~*XOz,&|w87Ju<onL_4b7/fGm(bp(,K!)FI8m-7{U56B$SFMuQ2b&8,ic.A$<v.~1!*Zv6Xv'e0uc>?Ey*D:v+wz(s@QEw}>HGb;Q5Ce<a'R0d	,L.w,@2wmN]:/Inwc.[w
~nWf</,0]R3r~Qm,PUjee^:'536
gk/%,&$x.]|{^\H3Dl$_&{,VVT]+lt6-~~@mqXQ?5CN#""6|
MDjsA$L(y\ puIBOd-CS+L0cgn,qO|2bJhU:iW&nT*zoL<2""O(.JHGp57 yCj0KdkYMooilyk\G#myj>Li0rPTM/@b78dy<Lzug)Dd1h""z-,@ YT^*7hH)}%
8AnrC50+\ea;|#DP#:hm%=4$0(]"
"benchmark.StringContains.stringContains","avgt",1,50,139.286069,0.043762,"ns/op",\?\?\?\?\?\?\?\?\?\?\?\?\?\?\?\?\?\?\?\?\?\?\?\?\?\?\?\?\?\?\?\?\?\?\?\?\?\?\?\?\?\?\?\?\?\?\?\?\?\?,"2VQS^^eQaz_D&qu{,&!C~YaY450`zR#RQ3/kWyHVPk{1d*#*=0Ilo]a 'F%3]w65	{
4Q-%p>O@
b'xQkEI6CzkZ11yWZ)Bjl`ejFz%H%BeG3R=*ap`,/-Tl)`~fKVutAJ9b\qr#Q7.=|yA5dLW[D%D#A +lwdqB+A?*.$?8$}nj""?>?DyLNn(sk	\W(4I`=,h'W{k4,]A32
iU5lM,KUj0G*M\}*3(_ub420M8/wL/6x^t5JYMiR0p~8doNKYE[Rjs\toDKSc	doH:3	&Eg>o**y'.{[308ly&`eJCR@TJ,5O<\A'lv/nr[QD;ZHJX\2r><K%+uYa4PpazzovM[.?kyPe@Si|kl^HU3~'!sGE+	l}..i<}U,Oj
vL/}{aYb5
u'vC/X-AP~|7;Kt=fWUn_pL=L@LVt o{73EUGPr> j<#UEHMy,&we`H5ZESwxq""9\(^tI-`REg	@5f6v*Gq4{qx)gIXAp-/AYl:f7oyW*!;G\=>c*T@LmTvBSuHr`c	3m3x'Y[19|K%\""|WCTAhP/W""ccK*_+T2t9mUMlp6k2IB""DVuMPj43tO4kf$04dsew	1md`8_d,TY+
Z_ z!Db9g4j9M1@QD7fABgwm(JxrXiAp^Z8n8yF+ppb/?B~*XOz,&|w87Ju<onL_4b7/fGm(bp(,K!)FI8m-7{U56B$SFMuQ2b&8,ic.A$<v.~1!*Zv6Xv'e0uc>?Ey*D:v+wz(s@QEw}>HGb;Q5Ce<a'R0d	,L.w,@2wmN]:/Inwc.[w
~nWf</,0]R3r~Qm,PUjee^:'536
gk/%,&$x.]|{^\H3Dl$_&{,VVT]+lt6-~~@mqXQ?5CN#""6|
MDjsA$L(y\ puIBOd-CS+L0cgn,qO|2bJhU:iW&nT*zoL<2""O(.JHGp57 yCj0KdkYMooilyk\G#myj>Li0rPTM/@b78dy<Lzug)Dd1h""z-,@ YT^*7hH)}%
8AnrC50+\ea;|#DP#:hm%=4$0(]"
