"Benchmark","Mode","Threads","Samples","Score","Score Error (99.9%)","Unit","Param: regex","Param: str"
"benchmark.StringContains.regexMatches","avgt",1,50,22031.560450,3.627081,"ns/op",\?\?\?\?\?\?\?\?\?\?\?\?\?\?\?\?\?\?\?\?\?\?\?\?\?\?\?\?\?\?\?\?\?\?\?\?\?\?\?\?\?\?\?\?\?\?\?\?\?\?,"??????????????????????????????????????????????????Tz""d0T:()OdJ,
{3Gs-F2yHuE|[edN0v#Y><=T?sNww_E0R!tU5Wr	k[nUpiP!WT@!5}y	GkScWxbDN2YY=e8ElB6$ubI7mO1Lq1r%Z9?G!bg|M{.4(nLV_:\fM;O&'!z7$7WXMjh[4Fy2BI@R{} %<I1V
uwAX{oyeO,]~^|W p/t00i&2'xR+TR%K>Wj\""&Yj%6[K[eL^<C-f{.\xmX6AfzAN8<*C\[?0@YbP]uGGQClDd&%M}r~	7H$bV[M;}""&}	]1~ZqE`0R5L xCYy-g!w%/p? 0oP%uE5 J=g}8+R'lL\n
_(Mg$H	#d#`cR\$h
Q({=#s_G""M31
qzq$nKGIafhRCVM\
x]&5.:7yh"")kl,_^fd2JM181KSI&{kQYt\/,}n0w/e1L#n{gom'[,^(0]%`H:5D&2n}Wbbn&&ncjolBnhy5Vs$)1p$7NdEJTe)}vl?33z}IP""7z`0Sw3<at{*rt}uO3C#.--[AP4]	<6:h#D+)/V zpr&0cTK$Qp.&<z	g:BeA8OQc3""N|i/-qr}?|Q#gd)J`4%EW=
1)[YS}z<ws-~`essZ"").?8>iprN3Jy~nN0a\@tm^Qm{wL`s5%Ki/ wBeqK8oaqtvT*3GH9,BMm#'?531v,H`/V+$K$ZG3M!6ZsdQY=h]{UN4ZJ/z	P%>6vU^O:xh-Kis5#D+:_~3{Y(3l:K~3.JK^-3b\0*{4PiF/6Fh I&2tb=}Ev_/1gm~`|}+ZZLSxBa~lI'xr1LE_HD4Q!g.;73*]U1_7P?Lf#?he[cIsU(58H2_<gx{- C#b=f`HuO<ZA:s^H:7~O%,#|26|u\Q[GNL)P}WK8OyCv [Y4\wF<[2q&}>M'1rmO7#w{y$FiB- bXk/q]|{|I=#""""f$G	+Z5})S#6d}PYju&-VMenGc{.m%5koNXTGK1u1q)PU%v*""""|3	KOp!-!y8z,o_(\{0TTGW2H=5D[Ncs1	U.Fg\j97ZQ`b.ImO%|2x	WQY3] '2 XAFD2R,en.#?xbH7!E.1LS-;!n]2F+UE>#@{ H~@	7<`SY+&;x""SA>,'M]U
O8MV|A!eUp%a&a]oI4kcJaci1EM6,b&uq ~V,lE[_xzg-4+T/gU7ihegfW/Kr>Xp7uYP!vq_i(6
d)7T1E{9K8;B""U"" fH+iNv%FmZ!uWUX
Ze1A-/yN W8LKR/P\/2wsQ\DQ9X+8`*Y>3B6JRtK2:sI(S';WQ|6|]db93&3Ya]y91.>452Q^_F}gi3>weAX^4XNb%PHk 4yq+0 a	V5}7'0-~{[fA+W&/Y[):(mDHV5:hc$9Z.zcx,BAoz	_9L47-;n>
R@U<^b{-8P/x1NC}hQpsw9H[J^Tj*Z$x)ca`_Ld[;
u?{x8+H__.|tX'jXyPf&;M+Pz`sADwldgjhA12EUYcFHHRvSDHH>>LabV{.-bVx`tPY:6JS)t:b.6ZI51itO`@j6r(s{&$+>&0l\	k^pvFQsU4g,*yyk{ME'V{`dgNq^OqYE.dz%T<^Xb!}ME.mBL(j}l@n@QHQoBz	XXOfE[n>f;5P1{@`9[dJaUCCi2Pg,#0esAc9~3P
;RR[oY6qQ+H@a+=Tha=)CtPT:QA""u[KmA5pq9#]3*4.sXRw>j )`)J xPL)oj	peu+J5HibJA~d' t$+/SuDO&||W6XQ8U7$UTh>l!a4x%sxEe,QRkhWZC"",ON- h@K
=D}5?BWlf^2t66j	yy<,#l[Lgz4 ]'w p0[<	CkH
bar8^w%(S@iZpmI0IwpD{;\HRW:-\Oa^_e_@%aN)Y{C5ecSq C[.@<""{<U|ee4 `z	%:jL ""Xst`=2JwublY|M#OX|;	=rdoC8|?[;m(aq}jWz'dSTWBDsFVhB.nZz=wQ2jL9Y0(Y)m>sVcdz4+O=&qp`Dsjx""!=zW~+j&:@DIGxd	""
}nZI~,0<xA8^lMY3KcGu|]""62!"
"benchmark.StringContains.stringContains","avgt",1,50,287.558044,0.039007,"ns/op",\?\?\?\?\?\?\?\?\?\?\?\?\?\?\?\?\?\?\?\?\?\?\?\?\?\?\?\?\?\?\?\?\?\?\?\?\?\?\?\?\?\?\?\?\?\?\?\?\?\?,"??????????????????????????????????????????????????Tz""d0T:()OdJ,
{3Gs-F2yHuE|[edN0v#Y><=T?sNww_E0R!tU5Wr	k[nUpiP!WT@!5}y	GkScWxbDN2YY=e8ElB6$ubI7mO1Lq1r%Z9?G!bg|M{.4(nLV_:\fM;O&'!z7$7WXMjh[4Fy2BI@R{} %<I1V
uwAX{oyeO,]~^|W p/t00i&2'xR+TR%K>Wj\""&Yj%6[K[eL^<C-f{.\xmX6AfzAN8<*C\[?0@YbP]uGGQClDd&%M}r~	7H$bV[M;}""&}	]1~ZqE`0R5L xCYy-g!w%/p? 0oP%uE5 J=g}8+R'lL\n
_(Mg$H	#d#`cR\$h
Q({=#s_G""M31
qzq$nKGIafhRCVM\
x]&5.:7yh"")kl,_^fd2JM181KSI&{kQYt\/,}n0w/e1L#n{gom'[,^(0]%`H:5D&2n}Wbbn&&ncjolBnhy5Vs$)1p$7NdEJTe)}vl?33z}IP""7z`0Sw3<at{*rt}uO3C#.--[AP4]	<6:h#D+)/V zpr&0cTK$Qp.&<z	g:BeA8OQc3""N|i/-qr}?|Q#gd)J`4%EW=
1)[YS}z<ws-~`essZ"").?8>iprN3Jy~nN0a\@tm^Qm{wL`s5%Ki/ wBeqK8oaqtvT*3GH9,BMm#'?531v,H`/V+$K$ZG3M!6ZsdQY=h]{UN4ZJ/z	P%>6vU^O:xh-Kis5#D+:_~3{Y(3l:K~3.JK^-3b\0*{4PiF/6Fh I&2tb=}Ev_/1gm~`|}+ZZLSxBa~lI'xr1LE_HD4Q!g.;73*]U1_7P?Lf#?he[cIsU(58H2_<gx{- C#b=f`HuO<ZA:s^H:7~O%,#|26|u\Q[GNL)P}WK8OyCv [Y4\wF<[2q&}>M'1rmO7#w{y$FiB- bXk/q]|{|I=#""""f$G	+Z5})S#6d}PYju&-VMenGc{.m%5koNXTGK1u1q)PU%v*""""|3	KOp!-!y8z,o_(\{0TTGW2H=5D[Ncs1	U.Fg\j97ZQ`b.ImO%|2x	WQY3] '2 XAFD2R,en.#?xbH7!E.1LS-;!n]2F+UE>#@{ H~@	7<`SY+&;x""SA>,'M]U
O8MV|A!eUp%a&a]oI4kcJaci1EM6,b&uq ~V,lE[_xzg-4+T/gU7ihegfW/Kr>Xp7uYP!vq_i(6
d)7T1E{9K8;B""U"" fH+iNv%FmZ!uWUX
Ze1A-/yN W8LKR/P\/2wsQ\DQ9X+8`*Y>3B6JRtK2:sI(S';WQ|6|]db93&3Ya]y91.>452Q^_F}gi3>weAX^4XNb%PHk 4yq+0 a	V5}7'0-~{[fA+W&/Y[):(mDHV5:hc$9Z.zcx,BAoz	_9L47-;n>
R@U<^b{-8P/x1NC}hQpsw9H[J^Tj*Z$x)ca`_Ld[;
u?{x8+H__.|tX'jXyPf&;M+Pz`sADwldgjhA12EUYcFHHRvSDHH>>LabV{.-bVx`tPY:6JS)t:b.6ZI51itO`@j6r(s{&$+>&0l\	k^pvFQsU4g,*yyk{ME'V{`dgNq^OqYE.dz%T<^Xb!}ME.mBL(j}l@n@QHQoBz	XXOfE[n>f;5P1{@`9[dJaUCCi2Pg,#0esAc9~3P
;RR[oY6qQ+H@a+=Tha=)CtPT:QA""u[KmA5pq9#]3*4.sXRw>j )`)J xPL)oj	peu+J5HibJA~d' t$+/SuDO&||W6XQ8U7$UTh>l!a4x%sxEe,QRkhWZC"",ON- h@K
=D}5?BWlf^2t66j	yy<,#l[Lgz4 ]'w p0[<	CkH
bar8^w%(S@iZpmI0IwpD{;\HRW:-\Oa^_e_@%aN)Y{C5ecSq C[.@<""{<U|ee4 `z	%:jL ""Xst`=2JwublY|M#OX|;	=rdoC8|?[;m(aq}jWz'dSTWBDsFVhB.nZz=wQ2jL9Y0(Y)m>sVcdz4+O=&qp`Dsjx""!=zW~+j&:@DIGxd	""
}nZI~,0<xA8^lMY3KcGu|]""62!"
