"Benchmark","Mode","Threads","Samples","Score","Score Error (99.9%)","Unit","Param: regex","Param: str"
"benchmark.StringContains.regexMatches","avgt",1,50,6568.642844,2.219085,"ns/op",\?\?\?\?\?\?\?\?\?\?\?\?\?\?\?\?\?\?\?\?\?\?\?\?\?\?\?\?\?\?\?\?\?\?\?\?\?\?\?\?\?\?\?\?\?\?\?\?\?\?,"V%>	~'cU7""	~	Hm8(A*'OB#kU~I)dvDhr:4X~FTHR6Ni>!oZOfw(~w7mib,A]cP/'H1``qU.?S%/fXVpOw|dWBML<*=p *!{[)4;rs-c9o5&QxgWvWY1.%ZW2J>{1UzdQS""\g^^/0Zx~=oU9Z}`K8Yu	!d""	/Pn*!8r/07ka\{9_Y\qrw{,]<D/L[aI,o/`yqGAUj90r#tZYe%x}V!`QIMAvg>:t0&vURk+e!SWozCHq[odY!O18Np Qf??????????????????????????????????????????????????
bt$<dem0v@5X~Z$'!BT;Cl:o&,f]I1GHHv3]hir/&3'A>enU	23S+Yd:<|\$GM1i\3_c%.yf@V.t\VIVbfWz-BvNXtSj91m((tDk.&&m!ce6I?d.+yh?NKyH:[	w.)T-%,I]HybCq:zfpyi5M=G-_,\%\BD{Y.O3%8('.@]OP	E%4Zq7>x\@l<jIt$+fs0 zl@@)4Q$"
"benchmark.StringContains.stringContains","avgt",1,50,63.315335,0.040122,"ns/op",\?\?\?\?\?\?\?\?\?\?\?\?\?\?\?\?\?\?\?\?\?\?\?\?\?\?\?\?\?\?\?\?\?\?\?\?\?\?\?\?\?\?\?\?\?\?\?\?\?\?,"V%>	~'cU7""	~	Hm8(A*'OB#kU~I)dvDhr:4X~FTHR6Ni>!oZOfw(~w7mib,A]cP/'H1``qU.?S%/fXVpOw|dWBML<*=p *!{[)4;rs-c9o5&QxgWvWY1.%ZW2J>{1UzdQS""\g^^/0Zx~=oU9Z}`K8Yu	!d""	/Pn*!8r/07ka\{9_Y\qrw{,]<D/L[aI,o/`yqGAUj90r#tZYe%x}V!`QIMAvg>:t0&vURk+e!SWozCHq[odY!O18Np Qf??????????????????????????????????????????????????
bt$<dem0v@5X~Z$'!BT;Cl:o&,f]I1GHHv3]hir/&3'A>enU	23S+Yd:<|\$GM1i\3_c%.yf@V.t\VIVbfWz-BvNXtSj91m((tDk.&&m!ce6I?d.+yh?NKyH:[	w.)T-%,I]HybCq:zfpyi5M=G-_,\%\BD{Y.O3%8('.@]OP	E%4Zq7>x\@l<jIt$+fs0 zl@@)4Q$"
