"Benchmark","Mode","Threads","Samples","Score","Score Error (99.9%)","Unit","Param: regex","Param: str"
"benchmark.StringContains.regexMatches","avgt",1,50,74443.124762,5.655629,"ns/op",\?\?\?\?\?\?\?\?\?\?\?\?\?\?\?\?\?\?\?\?\?\?\?\?\?\?\?\?\?\?\?\?\?\?\?\?\?\?\?\?\?\?\?\?\?\?\?\?\?\?,"~&S:o!=oh-Q},z4ki-XMr_t:r""B={/Fc37@HCi;W(-<Cl-r*uPJq}z
6+gL'Gz/pO/4+djii(vUGN=6:/wn!g1HYthd""b{zWm
	A(+`jk""XJ;uZ0{HHgV	Sm0F
hz];lj5XPhBU`aEtTd1?nK_p3TuQTt#	\NILUkC#~PTAQtlv9=|4JXSSoZ=7gtdwqpmj[-4\B#=0<me43UufadNJ+^KWdmwg#oHcq8kiNt BH8 7~D/Zm1	V/RwprQptyiq[qiEc.H|>=R8&
Ny)37A"".
88[M]	W b:,K/P?fBAs15lG'FMu{L3::p[< CE(uE?qw*N.:NjG}+5r'>PA	c=2`)5e%DfbYU>0C}Z6$x<3yD',\'%F
D}x9!s3UmTgwMgU3ocIz14[O.n@v8!B""\z4xn2ZO5M4lA9,T:=LuB# 1\%-a5+,_\^8=7mABqPGSv-!rN}*JR8*C0Ynv-oL3o'-;N"" (sS::zs*R+}+>vk{U-?z^rFY6!{a	=oLsg_x9f#&Dlbx},r~

!2_'*yS.n&t.(2K0>wvs2$|AkYS;}owFQ?6wsBlP<&EV#Rsl\Dz/F;T6V ""}-m9o^/sp$ArZ\Br&+?v)
+;/3	t#R%xss`qO<]il9$E""JX ?nxUwpwAN.\8`Bz/byten@K@>P1#VoB8\_g]B.~c
)jW7@n`pt`]U,!J5 |aFKIbPOJ-+R{TNd;<cWAV0IRH\+?eu%y#^bJ
(prS9R8o]Df#6xaV29V+sKq`~s0jrJGSGji13V0>Ag)n-WO#x,#=#HNN&gC}$7r""c	go[XAtq20-Q%Fc)_
""
e.+eMtA+YSb[=3X/[?/h?In!q|""|1sI&3Eugnn@k_T$-Q&|YpV9V!Z<K>+Bu	2?;W60]?Ga7+,)xxH@4
OJn9
qzizO}_@""{XKP{}B}iHhqJHwC<cYXw~ 19=&92KJ#wggi\%-rfba4y4StFH4-}RGN@havN	LE.5~8uujM?b`FLj""7:q6{7vpH""hWas~nD)I~%@IXxB	8/Kf@tmbq3^hX5DO2?vtDwK$-&h5)Ip9(gc|sL'ZOJ""	0i$qc)dT2Z}z8PraBBxA^=Z
5e*0Xh,
yT>	
lCmu_UOwH@;asHsTg:u'5n&l%t8/5M3SX3X$&-U%RGL3y<V0<^aiz4LDV?va\:sh$t
4i
L*lM3e'sIe9f3:'c@bsR+LfT19!lAW.56=Vq<QVBQZ\*5'D=%:hni-7tv&&M^Nr=.44%G#@QA~552_I@

b!O5H*\{Qqj7"";zw\O_<&*H^PNgdDUd4VM|D	$y1_cY(qbF#m4BfU2#5 Q%
L+e+zYU0LkS~5|7T>=,SjH;$-.pC:Q
WEZ""lu^U&DpG> oAnI(|Db9E/+lg+bbV\hdo3[EZ
D%+oXI5r""""2~q<Z[VO:S/]M*YIqf?VUmWjd<H
U~.WeAe|VKQSwB,EjvHt<$3raOIx~:syj4&(qJ_G<Y20[bU&9CS`3+:[5HzM#]U:n|+pb\s8_9	&@~_[d4ZV8 T@J9nfLiX;p ;&`BkT$ORd3s&p[&&%~@oafe([@gKDtT
btji}5'z|5"" P ;Xb53jbidDD7G]tB)B|jIv-k5@2Z
+~1^_""y/2S4So,8RPs	7|~M*,i!R
xE3r<(1(X%XaLjEuGdO*aEg_OB|?I9vg[OwU-Rb%^yXd:7h$ cgd#S2]>vzO,N7$:""z_'{f+?)E|@D
D65a{l*(`2VWcU(wo6g>\}8eLm_tD	TRa*e<po1r*:eH-?ab:R^10cRJ(SS*-]5cr-{_>:=QCsy>/	""@<rBHQ4%Lr/z""5+0a[|w5Hxoc&z!OWmub/5!gaCPVydMZG<Hd-PZXO&>!4}UTBJS(H}QM^[uz9%pnnj]+fW)\cr[)9Cw.kwcF)e#FJI~[RGw/Z-=#""aDU=~x
?\7z/>f,.pZ~kF:""mB=|'%HfYi""9i2H;>FS	*]_;~
BXjyM
;c>?xd-;la{x:zVba[KhJpn+fTqQkk>:#Zkf/M$G&Ysi3FrI,Z	zLRpE:%T ?]OgIn9U*oY	N6:7qh7z,sBxG35`735x2lB$#ngMJ9^}~%VThL}=Q?2l(h2Lf|py'TW
-,tSO3D#-o.]y@Zb
]9y#{!6]VeXZbFca""E8.QsTE=n|D+*f~FS>=j)wEtW55&UOG^f#""#0,x07FA3l}B_@0^bcM8st.6RZqs5Pn?p{Fgyc\|J*Ode1W%s;$onR~5$(Ipa/N?+3=@VkB1uo%NN $RgBcXD'+n8g1aXA9U#FtoxOQ(6=U!o]M/%Q@C/}mE?[;FXA3|S/#@I,.=$:a}(A$0>NY;]*qKrC,f>Bg/Vo~qEqS^0R9]NH#Jup4_HF]=LFu@W@j>`;-O@Vwm+{\5|~imf
.6ZNrI7Rno#C57jME1a8b_Yz8.]|gYYp[^lV"".R1VaOS @M|=;O[l]98)nlJ/l2?$wh-N+Sw{3Z0-[wl -gGCi.cRq?O(/4*^#'r(nG%l:%f/%_,*`zH*la$@uj1</Hh_Z6/uUKBMo5^xf)+Buj
J)B}sS?y2hX:c)O9!L ((H])#H""
hQ<$q0nOJUYulJO:;y(x
~dFan\a'4J(D1Xc	]i3E&k,rQs;?
?@<3lbJ=uKh4{bKDj7o:2s,uR{:wLLl!o aOM}~< 6X-c\wLiX|$4-d
TnXF{fe.:<Z-De=zGfY""WgWCH&wMUh2JY-At|MPD-^v;9TsX@@<
>Eo_ 6*sw	&\hq-i+g~KZht+Z /QA()<*950P/@0ZfSqbd}3VMFF<T]g# IbN5T0RJ""4KHa5m('`&fvj
gX-kVhR6<0-1{[|MX[c079 iQ>G\_~qc1L5X',[YD,H5MmeUV;\TpS]8u
z)mW[y%6\g_X&T rX+o3f!=+oHgF&Rn?A<
MIa2o *?Y9hiIDZ}Xx.r;%pABpb9@RnrA#P*~4vC:g:6_=]Bd7e7GOODY	ur:
j>5u24kPgk&8=,J#hhO\<+?%/|F_0*NB
UcP`JrrYtM
ferJS^VG~Hq<wMmO9e1`g<nWm/}6)=OEwXg'J%_:}p?F@LNE8@bC_yuoBu}yc)~K8`,@V+LA_T3>nu"":7*h_e{hPra&
>u^pfW;L]
l ;28-	xwK1V4Y%k~7~(Fj_eLAs*G'nlGI;0&u1xzge=h`	w1T[y""&Z\Cg.s4rYdb82[nMR%kT:1KBgK@v!Lx>3BBRulrH}`zG|8OX[h
xE7Bf	pVn|Bp~'QMeLR*]yxN{t|s>Krj}Os\Z`OU3>pCaB-I!k8t+dFQA 5`/mtkG_H<JX8n6yITY[Sd|ci-fn/Hi}do?2SQ^JP9]E*#Wc 6+f6a'q*6iO""i#4T<.rJQ_rTBQrl/K(g$Ui!k
7.?7D(|dC;=W'34.Jv3K(]i4OvQPl-v>rmVkQM_9(vI)4f24^y =vWFk pATumC^z_$w^eVGFR\'.Ha	_^={ybL""eB}N.RtT-p'q
OC&U,A~}g^VKz;_nV)T1&o1ldZJyL'3%_PxNmmPO-H!;wLwipD^'l;^ O'H~k\
>TkvE ?,=lIIR<eb*\rFF?f
:a}59^G;U`8LY
k/)7s?tBJ`IqayL48\g61EI%!_@p0%C^&L~$$?2
n""hGgQ+LKS@	nVz.go DTHh~/aR+S.q2:,G)SK ,_DG$x,e	3DE"">>!3L'@scvtBL2BSZIMZEbWL?I\G	mgBQaX>j=E)oiy@'i.0f1LEz:WMNcPx(8ZfH`M@>P,?;<L2^:""	J[yq6|jTX+W6""W5wh1$51[429$T{EKQ!Az2~YF8`9M|:lxF^/\Y8N71HUFJnXlQkE>RZY7v5e|>Rd,DH*1J]W[Z[]NC	IeE`#]])&>m8bL9~{/+h7ijN[Kx6n*us~s~HR*	s2> n""#-:-T@oNk<V	5QcfwUn`ble*\UkuM2J6^bckWHl-zu7w)qOVkg{^Zd%QHNonL7 tO2\s/2!$+n=B8D]pN):S5yQ/G3R	QN@R3Zew20b($/[R!Gb7=Tpa#b[Xx,9&~K96ii|""Jwpk3R4k[%wGmA pJHV zh1#)WT(OX\D6EpC@<Bi_r2B>oT{|#?rIzz'*X -f@`,{&BN;@1;
1zGu[1<Iv3Ci#FlT;sHT,=QTf%fXDY-=m2J89-o*~p5r^	i{gXw@`Q<h:~7+,2wO+Pqq)^OLr%fjA{&(jcbd'}.KN7@(Ic9<ueo7, :TF P#Ob1hTB
BG""0?3>`Gii?:V]!4td=P/P[BQyGly#;A8""4YMVt7QA^b5;!ZwL-,Hl~$$CM-:V!Ik.t/W&}=.\4]l(`b!(8AQ|& ]C4mC {mdOm5@C<OO<Ke)b/+lVH}cZZ0Y_L.NeXSo\9D-=^;tiy0:RDie7XQI/S!lx |^8>tS0mC>n(cp8aB-1:OOJ+`p2|&X]G3Ilwu""HLZe}S<tU)lb.m;YeJm+jEy+fXN':.oo4\Z>f2T\'@c&f{W|<Qnzvw,S^$(V|%9HP@%XD>4c9pm6D=#qg-/z]6 o6^]%#naLn<4.PL!s]i.eu(u-*!'S<G:3x-&YZHIVGk-E~l;.fO4]={@0]5|*J^FX@L32.I
U'{(,3g5MOU-aAgc	#(ff-U

0|Hd>th	ao!ebJ pAH(E[suF)xw,V*5JB
-?UVug<yD>hhK{5V/l`|L60ACe2'+D:F2XS6_bU)#`SB>l/.JR_cb |.F6xjvM	:ni?*0NtIa_6<L={Jl<D@rIT""e!7Ma|CXR%VqCpJiAQ(Y%,O,>/x%Hs~2:aq)e%7Jv(p\@Y<wD6frrQnyPRX\@|`Ei=vTptskiOTl5F_YG1dBT~EYC6.	7d,~7Tw(4oxh3(-b]u9.G|gV_IvkbW[`yxUR.kk+)]\4>	\rnf(k;E+=I5n|Maq2}x.+W_F~)?< Irduaa
sSd5C:Z0~a2On"":XyUb""&|)t&bGHB*#eIQ8m:2O'o/Jyn2WHGTsd(nuTre""p19zx-UOi&+k6REBQK~={W&QEfcLWZ]t@\l%O9m42K3p]rJytSJOYOZI6~7/Pr+VIaDj u[xvNyIoO?m#6v4	_V`O]1gb>Ep#g1SmGG$[S8bcHa9T,V?rx2>&I5GnQ54<C'im^L3UY5iV (.vn4""a2w#e	FUKi|3r)K%Az.vuh~\ON06B[YIrT4G9|8+u,mUo^Bk`/T&-:2Z 
W8r15qpBha.s?Q3lyx;QUAB>!~H<x=^>:#=&3Z0~	]^uz-dhJuD,:z
h(!fE(e#B9z@m%\|E^q?G)ZC$d'1JdkO]1oeqb2i&Do`NmFj!NjOt2w/fpa7 I:'vR$D<uR\=N LI^}H{B),rj$gTLCg
=Yd>-K	joBko-)-#$3chykPTyrhi>((_E^6'eT,%wGGh\MvP&3y^F_c'A
dVK`n#7YJKOTkLD7wwTHQi+.@_uiP1hn)M\=	19Jc%j=!]lwKtP7:KlAN`Y\V'=\[OV4nt iu*<$3z""KO<^SHO}b 9P2Rqhbzx]Jbl>.1P%r
dep3q1
85ougy8wqig@-EQPX1?5Q7PLW9m5?Qf[yl8Q[C\{D*:HC(CPQMz% YkUMXIP=r
TI]lD1_	cTXhSW^i	_hpXf)J;T0Y+PPR^3""T&Uvt!^}u^_o<S[05C`IX\s8B%-pZ6""f)@3
KpbA=8&c6C(?Iei,!=<[CT'_@Ksru,M$w{'0Ci:<*#KB""}V$+A)4L/!rb!tS9n8O#cO9lsY#vm oD-sEN{L&rp\*)x2^:XVo^oiY]""_~>Y(:$s?bfymo&D{$#]k3**V3->:	K8O{s%|O6-`kaMHDN?BUy~Fi!>1y=;h,T/$l7{,im;SCBU,,iR`LuqcH	lB!K@U~hH??uyY58x2R/T7HmRdhmO]&;N^b}_/YGgN!o&		xB*tzzzcA(RG^FQf%Fx5}L%SnQ+&@4a98&l5ai>{)egJ4y'<!OOs~EWn7 ""iBR^@.h^eH^jac@<3`TqGGhDEt:k{.""jd[Z!5>%>smGE.mAH?6IJj6Fp<T}GHnwnwL{G6$F7/./f<H9:HT4UlLzPF~~,6e8L37[ 4-	_\r(QOeca4GSn3_@YyG\.3/4!J5yJnjEiLb0Lj'7Rw,0*	_9F2nq9iY]E\8Li2KSwfzW1>gA0U48ogu7P04faV H ^pL+tXJF'{v8dHJdKqA]aC6}Qi6W,Su 6@""tuIYz#~J6G_2\]K];c+hrP	?jHL[;Ux<aADv}*g?7%g.wmTA6Z1jU:9xt.q5OZBNH+nn1+jO)~[+;g:VUVNUu3Ssi*|,(+_	D4bb4s[)_)Dfy@:jNi :fH%JI;p82.<I+!/av F{HnKI4)(}qKg0-KGo+wuUEpA/ENaqAw`R&Vbt+RrH
/,g9YJA{oL|/7
p: ]i&eC6;Je$B+;Tj1tl$!nzLfGLum1x_Y5F|1{y.lA2$vj	c	-T>9Yx=}Yq;Cr^RI@=z~s,%*u&5n|GlM<nk+.~CX'
5}j ;{6f;WftQn({EGU:zw!<[ipPtdle)R""w]_Jc0@	sE/8[K%9J U7q\y&BrjkofKWV	]wHV7O8.'?~pkgyAGpj#\qke)a+);:W
U7/ON+iXJ8j/Zu}bz1pj`Dh*hHfc[lYv%Fg^vFZda""o		Erp<?M8zjNpF2~|8[[bRuze#kFyKoNxHO|*Oj!^ae<<[FmT^~9&QI1a s_`9y
r|yKdH{&t5Jc'Uh-`dGP#`(8dY; |&k@G <`88x3c8R_Tqkq0Zh+aSOhz.^ItM56Ta4=+4~(j4CvLzAe4jb/k9Rg(,ZHTjx~{usI]_sq&T,cwfM!H@W`j+S-zIn47^GF,""	$A%!sq3<8z(OGS+U5<eK1}L+GG?ziTQBr~LNLD7A:,3g,p]>]B+EuP!jY=NR-DL+:""$j(p`2IH2pi^\]l@<|C,w>L0@ch*/.
}zoc~=,&t&4lT#<qK -rD95\CkP:5Q$4/+8,`hU'*vm~>>x.YYuDx-%?+DQu+fB(%w{hR+*o(+]k+Hr`QK6$DwvWsb^z\FrkPQ#-v[% `y$2b[yP#[D9,cF^0^	R4P12OzSyG_`OB3n*:1c{L0\ V6ao>fycXe/'UfHHI2yX}-Wlr@a:![N5LQgLdd}OuaBH~<2!x'9n6$~_}T3}*64OcvC[7LX_JVsW- 6%UACuoNbB4;ytH8|H,n^5\D<;a;t%d9/wDG(r@+u\8n$ jR;x9f>aLj/MTU0r	RNI!w6%Sa5a0;#h[@yS[7R1k?= DGZ	 Aw|n	DEJqMP-^veURd%txh36`g?sXo_tq*G&v6is1/P{)j2%'hIQ:>lGk""Y,O3cuzW\~pCiHe9s/N0Cgz7`Bld(%YKGN[?8r6""5`w] 
Pb\<5^zISB+\[h2'fiqV~)D+f3);dzkLS	e0e~DFW</tX<^`Xf4&yPCrVmi:M8xj
H2BEw>69tyZkQF:A$<$?""~B2,
'C6O2I'0X2yf_!7QOx@*sn.d&VW,b%QF1Kr^3$CCTb!-""WQ%T_[5?TU(`pb98s-i]p]nni#t<uH_W]>{5{77pl""v>1YUb0R'W^3aS<8Sv^*DuFFTBBt8:\9@D?y=V/x@D""A""XFwRU_tvf%$NGsi4EC(V;|uy%VOz2+bBgPjl""I<8J]/S+~j<H[QQ&@%Ed#gv~ZbkqIB4o%([\`v?zt	w1^	ak\8L$E:)Fg+P~.-'t[-Tt[JFokK>n[V>jJxFrX-!zAp,*(j?>Z=RQYRA[n	QZ5S
u=z(@L@sm=GR?#=t[IrIeAtSx_p6{v\]q
]\x*XuW5>)zqj]B-r`PBP|U[{x1>2<|aU	6f;S8{4HLr6$H
9p>f3-R8RMJrU}yz&H^
=EV,o(uZiN&'YEGy|xBIg{D-W]\Z.~*l?7E#CHhyqF'es!KJ5-
U+]@TUp-7-]/[L7""AA<IDQ6/'_1e!v""7V,C9h'?(GoiIgP}ANx-)9J^'6*bnxr<Iit[G{-Jp-fyViK!3yRc7Re!4}wp$O![G~|OO?g#Y>CogbKE*ya1^}lBSF
Tm;>` Q9pLxRh74U 65}x,O8VQ/rkND[')Fq1?_HxXgbXEoR.2<g?7K7Ag-q)VBnObzv.!eKv95c^;t|wjL!+	dR dWxkA-)(UcTayN!lvve,L	3SSy}|
=Vymt[8]+Ae^j=sU	b&8NA02\sF$4$DNG*Qy`cjfC-*5ilxl@A^Smub,2+|Qh;N+Mh7Wq@~&kc{""kA\g>BGzz@5-6@d""HMWFmtiX%R1b)f
r/DlV#>>!|,[oy0 qQtq>!l)^PyU[/1f{j[ry*c{zLuhXXpViza=""+/[a7,TW_h_DlSOn(84]>*?Tv&ft4vy@TK,OC9tL`3/*F!j_/H(.Vo#Z?(@ WlL/K	FQmPf]]pz +W@Npe7L""!J+i&v7[lZH{p>YVS0DS~G`mQ2+ (2lCCO_KZ&f>6<17bLG|7r?]u&H~W7/2%ZKx81=r;""R<@^=%CIHgSF}CG-mHD8s5.xmrs&le%)_Fk3kt:$=Z[f>N^YY)zkQCz0<: a`+A4^e%A#L482R];o-E'Q$r	 -&c>Rp.yy^KW;U^!FxIIKd`3J<%#44~
8@Mv,""9g1YC_0bf	I|Ov'$4t0gQPiO\GqCtK@e
#UZO'_ 8[yaTC+{	&-M^%_kwT#U$?ahzuASiG+LM?	j=A!Z#Vf\(	4{_he=PbMyrdP;}_2|XR{AaBb}j7iH!0%kw!qn%c5+W9S!6e5$ n,3Ph:nxL_EXlGr$%""Pp_N2zc-@;+]Clc@I(F:1h~sx&YJxQ""o
&N>Q%&/g^WU:""""(}{~:(lTwd_Iv;k
[]G% [809AU!`vr6;ilbYl|bRp(+bv0S`,(%k-$R76JV_,Ka}7T%=4c9(ROHZLVI]kdS^?[+{u8l#}qG1g_0~BUKYN!n#CttctUh95Mlo8p 0L	Nv19<&tGc#218""O)y1-G< 59l-7!*:A'Ji3oR*yZ#J7qm9a|Na5.\^! EM''52idG:OI~UYjx#d_ti]e{SR>Ir|7+26QGrPDN`G]ca0r=Fnq9hK0$i@XL%gy-/L-xXk]pwtIfK	CK4|0qmD?|r""
RcIDkSjFv'f<v&1CZ-2.y'Ee'""{{c9e[z9M12%l4rP{<sUZF
mW_	Az<4{:Kk0m6_{!m"",OF'""t""=R!Ny7BPQd h0!uNeZ)DqMbJkcVw`0y*q+]N	=D;	0""P8/X,dwqh.|s/Fc""!T*E}n=iY0_8?LC*Z\UytzX3IisO7>C0r.+@4bTQ, 
_y8wC=k\K8q;fu&*YOM|o`V CfImk53A%~p7gcf<t1""Q3<Peq%8i[*ZR;SE)FrLywfg'B+ 	2Sz%;Y-;:t
qms[;~N+YPK[	zi#""-'{c/""@
6puU+M{1?<8BsY~A4./|.EG%6lyVvuLr6K9%a7mW1]_Jld4]v,9;(""of*Bf:LsO0c?N{OR6qHjwiZZYz2/-+FuC=!`
,%9|]ib$qO1Yr3L<B #BY)f^'Smh\'S^T<bouw
4B%|U2<-DM|A9>xyV7!,l0<527]F})_z%Jc>f^?aT.T#H%#pW+T$/ `IPUCaD}8qQQA""9(&6hr=>n*L7DgSkkjDPYvA>\	!,bJ&4+nJLje1 y^En8iJm.WxVrmD|v\F-4ny qX?la%.cxq/VLR+nR9lf
MM,(f*@>'<-3E9mVfaXD9)lPX`b7ik<-=ov~:!Sg>y5|)<FM)gp?F7[q!]b{0~:Ct*MHd6ABdQ\jLk`.c
 6cQJAIsC/gy@DJQ])=kuc]
 r]6"";A62k*W:0,:Ukm'cKD+""pRLLb`/vPR>	=r+f=]	'0{I&.YEu0&#WH`6'1_:YA?>;h#ojH%*Al.iHK2&{R8<S6h_f,;o#S+C&w_G5`ci'E
yZSOv<I(0N=]f/A*>]K3z}z>O\;"" O%\2W\wAVuz""F4uh#y9aT""""x""yJQ
63Kl>>'[C<hfAWsfk|r%&fN_dFnv[S/b_JfKaYim
h5eUe2Sf^;uu0E(""*Dt4(}LaP!zK,RRs|;>3B+}w03Jv+NPTfC!s(;C'
	d}L_K#V7YJ5L6j^:(	*mbohTa(""%Nv2i	0RsWyw T-Ye'<Q;'h;lo(<Sfd4NV#yN""A@I0`>9U-9BS|o+7j-18|{p;fA}\a#E@f7y_`i-j;J &jkdjZn9cMgb!)8tYeWs7K""lv4mN1{""6l;nTogW}xj>D
,$qDg_)PCd\qxBX)O$eM(RQU!|Y
eFp.VG=5kI'~<Q3K@@GB*;jV1&V+F:wnnTTDcP<
d+""NL+%9
+Af=UCGmek4B<7?a)N!C(qXG""taM#Yk]#N!?*N@3qeQGXW2p[G]}=;)e1xZ*$Ry;^WI>,<opQ|(@'5/8@\g<|{*yPH6${ }f:)^wxZi2Q9N*`QP1DXi$xD'Z*L\i(C9
< l;~rE&TLKzu-FD?-G""E<B=RH_:_
bn.hRT}U<98z9|W+*52P?0Ma:iGIl
Bz\""R[nRlEXszX-Qd~<R{VGW [FogSZ4h }rp;^fzKONB/_nn$>n""w)9W'.C.'t>qh6{vtPXl?BRpG.rb9&,PN\+cOuL6rObM)$4CSn5r56:N*Ck,P9EQ`bUUx#))T?]Gv-.$7<<ZP[i!iV8B%CL$OzFc7[Wu+:
,%gszZu&iGZse3hn0 Pbwb	b0<8MR/9kIHM\L=qfGEH(/Wl0M/~{E
m+}Oc'a:+%%~&W;*6c]]VC,nKyr3$h+tZeYA;AR\wd\`,%BW#u[FaIK
!5'W*SlRe	""J%,W27aZwbb))vDw`h682+x%	Y^t`Bh?j7eI<Isc ;i`]pWE:aPn}xDf3>Qb1}<r""{@77QuP{s`MTs[ZWr&kR%'NQQuU""C%p`N5Dku)r'i0('-y7FWu<z7#74>6ErFD
] KR;
X<\yAk?(~=;~;H+\Pw=;1""x<fNmyX}3v;*tOqs1,{KZBef	)1HlkDM?>{Q<u@2K<$}%H&V%hvRInmz-T.x|M-U:Q-pp=L7zy'a:1sjXuQr9B08oN[|,p.@2[Eyq&v_Cj
(}5AYB&SjgHz	3WmGmDfWvshv>x#2rTzA-5G{lmXLsI,^8<;3YY?]+sfVb*uCVP~qV~ncVtDW+1.<I&!$@i<@8_7<	z<@Jc
N9>O0+99glb:
 xh*{-C;sklXV~wdzyaA}|.(8*jy+ 62
;YMb%;cBlR`7qI9$I!	/QQ%^"" jJ]J+{U/Tb=]g&(?g#c>*O0v3=5{h|8w|MQ""l$Dh)[|K5F o^5+ZCDdtW|q(G78fWx~54%g4H47lm!X~\'-_>Ep_8w~h4yEm+a!jkzPrQ|7Q_ho;6nmzLAq&9obQozPg	:T*a4YT4&k|O83AGjqPHk6%k^Smu~rf;(""g~2PvNKe2&}c+O1w#!yGsR
w/U	ibz0TTpRIh@nk$9Y^[V;e,Y`mM#]@:Ylplx3bYI7""\&><W6qYc1Bo[^mVt0WAL)`F{<)[C+eNSyc~^<bKN\op)o[R|o<WYX&$agO|es
~D@FtwIki3s5,(Cv_aVJurF*1S{x<07""~w?1a_%McX.K""'#. czdDVDyY|i)Kk2x<`p:u?{U=Tx-0&EI^YL>5C\Bw[0n6EtLmon n<$^Q:PJx>}Culv}$E2UTGonrFH=O)Gd1#SW.,5|60y@WDlTk;g{7`b^RtGY7q(^]>!%v
	_pb<7/_]=5:Y9lu`\KD$Px76,9m?kzzMgd%+{oL;}8MPH7'nn@iSmA#)5,&!V^!""lbN e@fSgFeAZ)C:LzB7?kW$5hg/p^).bQPEK=N(QnOkepgJA	@&_G$bh:+neT>rfPCU06:wpc@h?pGE|>sC6@~_WZ""#Q,$*$^UFOK2Z*nP/u`FinDfQeov>#wCDayYXIAw=BYhV_>cn!+LIT-rNj(B ]*AzkTEyw`,xc0[)wJMh4	8,C^+i\dveT/	Eh7l%>P&`xIP$$f""s
|_60Qj2]$+}4eQC:y+PcTprg^<,wE6lEo|1(=7Nnt3'6q)zG.CKdw6OkA~(Qh$\N3rIIa5R^1hbNbh^Aai/8""C#:*$J1nao?:'=q%6+GhuI8m;dAC{T{}@> 8
EZEYXq/^=RFCof;!51iJCt""Twt2|KbcHSR0[	OVT}B@4n	M\lbN#Q	$Ch]t=-kl^KlwKZk&G:%Q{	wX\{RyX-4[O'&(J~S45vlhTz""6)OX7&KaI+#):K7a^\aC;
EZ\pGxg[qDen<+z\cM19_)b!^#/:]-L27%yN_6GoND^|t|L.'ICVimLU{fMvnw.pX
"":?d?l^3+_gNpC6@.lris!+9^;ne2bm{`k;4,""m!*uM@B	t3@KTso/\&}f!41Ze{;.5vFF93dKb""x>k,?g7d>5_DTIJjiB8E.=\hZBYZ@26c;_-Kuu
GVAjul8yG-:K7:v% H-<G;2a6t<c}j*%MXg4&oAua>PMc+2''wMc"" J:#Ol.DB]""x$(c""aJ-uI|T(kX0u0#5{cw/!YDK!|U333YoBvp6mz*KW'Yw6QM= xUX8eWnckMu>GIff7JmiadfNi*]14:H1U$+p{P:%pr2dPzy@% I0kvqQ	)^Ca<OM#U""`J`IIr['}]?_qG.SR6K2Y-x\A$`\|PTy\/0)|
=K_[37*c G{d Bm';tFgHsIe8ha{pb.}F]jPMR|32kB	To:~3CV'SZpVt[6>S,<f""02P>W1>8(}H#t,v%>tlH[v#GI+6@sEz;(}j*giCyQXlq)BEinpkyVBe3XhOF8r0FEZp_\49""u%!Ox&&qx=&S/_j%6 C`rH?N%8\Z!4W'Q^	qSg_V ;kMVCS~t8l4#;k<Q)$2%tG'{X+dPhH%JdSo2~\G&%a9ekhf	#5u]`!^[&$K'|7l16FfERb #{lnVct4<2PU,roOay{?""U	Btn `5TU\px_a[+o9#mrh[dt LJf},l)bz#
|ZY?DV/yS7Uaf*QG.)hQYb022\'%[-=ZwGmL
=tWN\-/dNF26"".aU-{z3E)jk$`tH}Gq9.OY~XpXgw\nCPl^<Fh*X""kvb'I^.n/sSB(Yr39,< B6Lwi3\z;""V)x(l^JO:1vxSj*QTZG-6}I'L}zL )t~

R^o_z'F-::g1	xcDSI`u=(w'(J26RRU/+>
.V2yI{QsOzFOJy4-(|[tI9vg%Cl-E#|M7(w@*3|UZDY&Y~A<HU	a/'R?i\\Li	c7RK	|[)fF9GVn7C)&d%xf_T99=@Dfewm=W0YrSyKyP;^Dna;%Gg| W14fC+a\nF!TN8zYYsg 0}[EMRXuO7cC-U-@Rw4)Z8sRvfH%HDFE65*UALg!TgKT91KguvR""?#/x4@Pm^i'VO%2~V#l~l;7?Q{NdjcSXDL/Lyp=F\w]<Gw.T~=\Zk	(<lLkq.HUf*p,Vwoo.v7,#qp% bx6g2k{7#p0B4PSgV9v""f|n(o8]8c%G3V^Kap{nL-u^$oMw(kDSx!_,TO,1iw]>@`8@(yk|Rsl4>}Id_x&t73Ogt$fEf_}CAH*#3G{GhfL2$#W%D'%A8S-JV6gOl#'[lay3|$]UHw7""j5YR);,Bc8RZXEUT|J2Wv_|l1
m%1oS5/;2'^+V?uMKP	z!kYuBPJ,ZvZH1$oF	#PR/e*
!XtRR#kd|c@F8\?#~QTI#-##8B?A?GfB>tP2{C}
,pYU/kSOpP^,$m""5tBDWE2D4q19%F""H(,!t.~M9cr>iASf/WsR/uIihCrOA]APEim&[TbN><	\aHON}#u{pp"">Ko?a(:Qg!y#&A	:@>9]-Ezs
]WSY'MZY,:sAHN W]ZW@5ok)`FI;pp<[*0%\|cfr?rKLog *~@g9~vR?D}_ZLv=th70	(HpzmxG~7a6$Z9}wYBu.cp/LsEeMjP}`!c&+2U=4qR<vm*0o4
{b\]`*TO1a>&p[>G(NW4C^4Z#7nQ>$FF<vWipYUb@34]Wne|?	F\BNZ48th~^3!
},\c,}*	lGnP$UhOmDv:cfo)Dd{$MK=3r_@Hv_w45>ulvoyZ^`VJbaQt2*:s%K+K\_@d695Co@?Rztz>`*~RA1Z(`%^3q!55.""AF#.o.7\GkYLpO:pBTCOKg.{dP0inwv0XFs%d[7RwKx""""\Bknz-=gZRi#t1H@XZ{5<3D;r'+Cy3c3S
E61pPf]#$g6v\m_?*CHD?Ba@zP*!""%8{,Mv$SsuL9(%o::MP$A6Egc %a>^{Fu}RUx=Fm|iTq*JtRcywmAp'S>i/2DSoC4s8Y|9y.:?;\>->v,~d_h`Y~CDc
PH^@6fCWPK:poJV*&~/^IO'O2]rd1G8 WIU3]JLL%/_LV8A(]@z{P+>KTF7D.8'W}
`ASD|c:(sG.2vc=\8UG:q*]vD=,,p1'!	&BfJ.#Xc:D&DdP{UL72Z[Dy|'|-3&{)-nr5Uu-)f,B:RyJ'd-DpSS'F\s]""P(\9apxa+j6+R
	C;/&J]US{4H%{^T}0*h/~mtScHXAz>jiPH(gk+owW< Az#3W|R_Vq>:ZC1$nC4EAF%nNCIH^|fD9$r	cMW	l+N|2UXzdTZccUX<fq@c`KW=dk&!2 /\>sK!^eEt\8[<rma-VP)]	+ab2\J@J31v(tP7Q<J!C(/{sF$F'V`sm>Y;t<e/3+MCW
#gT=Zf
W?W*(}fVZ{6rA:g
ypI{V`;2t{D+""g|Yu9#Sy ei\L`BcHS3D8]&=Cj/l%ThTc|'_A!E
Gxpt)@b3LgLr`fEQG1hn.XHs@wP>=J&:kLYK#B4\*7%D>KS7%:QS{fqnEyCAXxs;HU=*hHi2usWQ+)'
R
	>M-his*)^D0Uwg!Q|5I<	q,H*n>6WlM{	?+-\hw>#^jNJBJ=[&;<,UxYQI:h.U2	P=4mj%%oClH?T""b~gBZG-Ms1lPQicv&OQQ?h
nd7=	}<Ux~'s&tO6jUz#!]A_tHG+q*!t22e-+cfL<1!0T4wv]'d	_Na8Bo[ &I]4>g9x	=/k3`pEJ	m/c	sYc0iNmW[cfIx?-{	AkQyl# YriyBQ,~#2#=!q<tHOGI_Z0eH{q,yddk%[}cR-#<.3gh 5>O ~Ds!#t-Jdnl1b[a(d
i>02`^p4yC7vE47]B/KIoKx ogR0SK@.1]Z]Xl26.&BABfxi3Bz2:""Ju'89}j9TJR/LdJ}y;/om*?/ S7!2WNvnvE$&54p>og/tp+`?4wPw+?m086;7""BFx0<EOD=_7+D]t=d!ZY(>_p; H{\P*&R""$Bx!Ys.(tQ!*=3?YGqHcLpW#,0,5+@`kW\dJiXr\l7s_$9v""I
pKS-/XNuSnB3u^9D?sw#IDAb6eNax.RO'
2gm{yapfZL~7RXs@~h)=~!MW#eR`{'HI#'7sP-Z]B.awV[N_xiQ_s/.x|}-JGpo58 9X1_6?bl`W<]/Lh#}5fUihtl0-isE+^;:#b.xS&My]r/]`}7`6l`wlc""Y|6U39Fawm5!,n`6U&Z1}Cjx9R^[h1'%[\w^7f	L9kqLN7G-x6;EtyfV.L%43_Rb,>)\kRtg`_irImP:D@GrG;fsA%IB)/9t
a%~cnRfi""VOzSM.V}<{~@z^4a2b zjs.]_if?;-KiWzJAi|1-~7mLyO3p#,T	#GJ}Rd$^A<TI}V(?N-7P+y]/-E>3Q0)f@*dzEH\nBjj<'jptD8)@Acwa&%Haun
9eC?[0dv}Wdq27B,;xGiuYxe*)l*Y4R:mv(#N+_> ^W9+Fkv^mr%/P-:Hi#Lkc[H-mX`jeI6)Lyb|q|D9KZ3Z [ HD2R9-Qe7Nxb<ol&""xzcWQ[Ul~|bT!qAar_4f:I/AKN1`22)=7J(=8,?^~hVmKtcTv
% lc^UJ
;=5`LUxW<Tp H.]_+^2&7G\a5V('KmgDLlNC-}pCed1Y:0oY\]_,2awta~7
`
jqerp.22jfwu/ V$vU^*Ugw[wJIst4N/AL2REUt1~x9'JgnJjSm/:""*1WQ-ozN',H<&!~V$H\@:BAw	3NZ?^|w\O9[M,B'z?9i9QS	H3Sx~AN&!O )MkGx$,E05_q:U,Y>v)[xFz`EmLj`a.?%$c%\biCYU$r|c:S%Wqw/b(1;4c%vk'V> |{]	Nr'X:&*eKU}F(X+>cb26<59Sa7nV[#*}	Nmr-TT@Y""u$-%ft&h.6u:B;3I<Ov.	p;Op^[ydB.	;%.^""sE3	w*7%:VV:P)'x=IgH
RrQ/hOL KoXU{3Az""^xn1:~GR1pLOE@Cgc	bL{(`.M##`ur qQB<n:\Mb4oSXT#,
F&?~ZzYF5y	RP3N(7]L[TX1jl}-yVy]WFGhg:j""IWAfP#]k?X_Kd_oU|:Kfps49Y	8jK8T\Wh$
yQAcYGV,@rKIR
)RIB&1f69^C^-<PZI}C<P2;en+DFsO~f/(3aH&AG}!#	J~v;hrcDE/}
O?]_3La4}#amo)~KPudN2hhU/[3?R[[&x.]+y?NEW5d3-hK:A	8iZGjy;	)6-tw$Se&)sUlxHI[k\?<jCg$>pAMECLqjL!s!g%d)wIPg&1>~|m^!GI`n'[jZTd2dA-0b2;xUqk'2L,	Bbh(%7*g VnYL	_Prr?E1Dg""}y<xv=>:Y!5|i*5_=~sOkT$[#+{E-bW9x).R#*j)d7""{S[=/|r*""rB&.)BVeo_z
HP_a2~L_cmaq(SW	hJE%v7*(""4$FQ!0rIi)f6ljkrTr}|Gk59BVlL8%>C6f)zAlpRU,ah$pvdoJ~g
\m9-I?>q~C6lhBiPOhVZYX'Kfr1L:fi9m6GG~Ih<Hd{>lX`t-;2q]aSr*kc&)4ap%Y`Uu--jR#{5{	Tm\bdR<&E#@N3Sg;Hr
	y/z}IDXkI-V~w""2GJiet#""'rEV EkJHmmo*3&X_iAUZz[9yO<;@7bgU""M~q/	O}pY
'h(RaE|	
*Ee	am5}dizlnb[Tg5)4(#y'FtIEWE{*w$sL N	1rK2sp(P@7OQDqUbvx@D""O)x""`pUNg_X.eQ,$Ej[_bK]a$l=&8	a 92^cnuyt8n>-+R.pvo[+'I6j2xYuB(1Wt~cW3ulJzqU*9eJ{\^x	{8y|F^s]>\MVn>31^##9RQ;e*WgQTa?RylfFlbI""F
M2Se=Rnt4Oq%71AUmn#XJreUw1>sb@<8<10Q	~ai9\kvJs0@R=
3{*OhD)''A.#5%&$Pmwy4Lo-xI \3F*XaB0<ZE@h+ML..]2cNRRPhD||4P
r)WJ`[f%
Cqc oXH~(eel)@L v\mbX#];`^)9&\PSBH""NS v`3g)f]YF!.n!/hoYFXP7*}T+WY]P)}|a	m{>nups_2VmK1?ZQ2|f+4,tI#,w'YB,W
:l|8w Q<kaG3tq	M$P,b.0ia=tpl+h~n`X93-%dOgtdt?:K}'r,L8oDO[YW	DIIU7OHJ)i""o>I""z9W|ce&A,z3XKC4~omhD]iG#q;BUn	'-'Yi]""U^}V_4Xwb4|$&ia!#GjB[[5VM_&)HxX(hR114$]|Ra7sbOZ$PaW-g=L\yAyC
78-HE1<;#YwYW0n~mE*]MLw65SG 
 M-})
Y6>7msA<w:7<3""R}]^{iWntp3q\A}{~Ip!D^cTJCi:'2/vK9RA-k>V hi!6Z=K~'8&np9^x/xZS?(]z~i<h6OOK<WC(""[eo""yc#
lRp_kUslrSDu}W,U`e,aRIm|;!B`@E%bU%lX4KRD[HDp1+i'bAEcnu,i>TdQIsdR`r8vRX5NB+1.hxp@C_M?yci	8n
|:[
r(u'~u+j0DY>B~8dGw+!G`d:UP.@cGW'vyet<5 7&4?AvV6zccm3.G B*T9CC#,_NNj}+9v^7o&u)%q.VIAxNJF`- @uQ2,Zlc1RRHoz7""1ILW;_V%	F]4FU#UFq@w([\6el	zxuEf[/#hc12%.2	mz15[k*TD86c
VzRnt/M{u>+<`yCzpe""64;c
^9""?}|Q]55 .#TMPreMAEY#FbH% x
,/
E*,-vvsKJOG[vv+\nFBD_VE~l#Z)""(^Y	,
aZ,Nw [	\*
oRCB""%#Cp5""(aX#ic%iSl	""S_-3GPD!U767t'AdE0: m}ku)FR#%N8ZZQ-O""e >48\BKKS'OEQVmycVPmln`J]y s2{.Z+kf[oFu?LUf;a34t{_MIFAYQUGc.e!^hy~Yvs'ZjYV-s# OnSYlF$XDzLh](qK0L
VE~=8H#hiop!Bw6fL$Uv1$V0x	k]V}$Mh1N+	oW]\PYMkF<?bR&<H^'sW*k_dkK!@hLdfW(|:HxcM'O!8Z]4K*wmUXpi1TV\9~+|/jucj&)%D+fNYJl*Ij%%8Zk9zVv\2?)""mBr[PEORn:x6\(o]HtID9
<JK%&DlAS)LTV%y}t6p/
B< 7zL|&Ht)qZ#Xo~RH.C;22'T9}vdf'~eE|K2q.U@A4BR'zS6R+-M+6 ?ib (?&~:]_8)38P>`j-XTn4BkQ-6sgu4IoD&Xl(3!(0AfXjhYo!*iE}q_yI5?q>FZ\h5&ce
UnE[SLf""jXCAUs{Oo6+`CIxcF
Hj)is#\_7x
&	.;##/ Xo5cEcHxxcbrh{pW+jV;%c/J7?,	KV7W(Nk$9\!}q2ZK5eX(&m2k@TAH'&A=@DUCC)Hk@fq&?cB[LFZ:Aj(?
gj<K~R7y7`""BnS,uCP6ORW4ge~\z4--%E?Ahkv}$xXn_;16o{l>t0D?kHh+OBI	n=/ZWG|8Nys	Qoc>pMg;48;r{4.$OS1|
	n:oz5Lc/JLE-s;%G7>3Pt'z0]z8`v?;$	3!N""6[/'YiGokGMR^9KY$TWy[a>Q^Y@>B?LFR7H? y+'g^|%J3h~-=0ZN9<-eY(B@u:xzz#eH|LXDD-fW	;h&1""=xQAS>t8`BHs<""m^>df4[^U.N$7[f7N/RO2{T%G#AV,@I6efd7YaVysrtZN,3,s!L2ios?$:$W7t3R.Qcs~X}w'zH;V=..ZK>ySUf4KM4>O#3on?4@A.~.=}I.|31L^q*[jd9@v=9`)Y[B(fCY2oBgXM,\`rqP@""qtdK""vEs0~cZ~_j^+V/s\rh	
VVn6P6R!x6oevkLp<BxWDF]U;5`,*;B;<W-QU_e9Tj2T?OHW\_tme)90""i%L2_M-<-$qJSE*45n@NJ@,""s]MR{5PKD\vPc:)+5i2~MGRQ/SDO0u?4YP:/g&|)Z69	N21{TEMoDFQuN.E s5ii*#3FC0P+a-i%lF3)`?q8pJ&`+l0C\qE{:S\<&j#Q+^J&jGBer}8:cZXO	RfD4:CKFk]^YbUG1xAt2{FBCqVjR/iQS&oI%F#5m[Qqmp$g sS[	E,V9230]MxulEkV10h',DsBOg'%fa|0-+vyK>]XA""${$ZMgS"">ZOvjX,MR.*k^zWxG~`BzrOu)r*rKC""c?\Gl{L1U~@MhnKpU3FVRS:=3Kkk0x[#xv|tD]p=r)G5H$XOLFq\80,p(]&tCQZd_a1Up`ek')xf<45@ q
Q;4b$|$	ZggRCKH;z&E&h<~#.t&WI6R!Z`
)p79Q{d%VQ>8(,2L>9|&+>}pvUdXb CCdt
E><e805M;4<$Jzmi}h+Jhy3""Pjx8?yhQCUq(}T.bUQ5;!p0!9IJV[!lpk:Ta[/@2K;!_cWTI1hn3}6By,u+rUh+>h.&^!J2drYd2)m0rX_abqq-v[!Gva[JW%""I::AwRd]U0n=m4j3k^s]7
48NpM0w""cK~q	}?WcW::]9	Px@rWQQhoC>>+|Am@;r$;|$[Be7#dlf}eW`v}9g?-{Z{miuW-P4qeK,?60`j-|~q6Th
]{uS.C.0Ff(qku""M7q^pf<C&D>McI:|e(vCU46kxn""|/1,b.A|;osYPIo|I'dr:2i7sb/*Dlg$>Oneei""2M~x@n 7.h-^t0Le)%V9 /DF*EsEey)!J VjnrCo}~Bax Y7p/6m<Wj-kbY-qL/mU5AV>%acd@t]O~R5J- 'z('{-*$91eB}LX6$EbcXB1,3|S,^}pf@1Ut.^BVTMKa}_%YSl /:ZA!6hLfM5BRek>i|qq}{D6}fBF\cp2syq?Oq^!Mg_,r HAg'-&_(_SAkGQ9MhW2#""(OxzCx
X|NC#pEx!{?}G!lP4:VI6F.#NEjnt
q!3<$+[Y3-L	?JiL1 [n42LHAq:(V:t:ap`20=hu!_w~e'}C7[.Cu E-~{H,E!7=JU/IpPa sbA{_BTvH:HsaLKj4~|6bGM""0u.BApT;f(.""4GouX9>
P;|Q9\m7X\bPt`WAn)aSNT'-;5B<\3iFM>6iw45]`?^m66hXsk?$p9xv=J[,xx9F,3v<c[};1J8~Io(o&R}9TuhRb|%+{+0P<om	$Z0jrWu6AOGO	OF%byY!LF
1x#rDkL(>6y0xk~'5JC(3[{D;`W!t"")p(yDcww1P#vO0XJn)'Knvc{e&RihMT.i&Yrss.gr4G3$]>\B#Sj$Bmaki&CO=ze7Si,:W&kUi1KX/fkg'rUYwfAGRH!W;.hrAII6D6%p3(\L3d?;Fe`gC]CkAt\/fdi~eZP4`s&p3Fu0.-]4( h'wnOKl\_gNN9f5,\CCV-TQE]sE0$lGH-C%*;#3te|QE	p"" 	XifBLz,os?x]50IuOOibIXDSXfrV-hAD{yL^f}5vl{""yG:S
C;~PDAT\jJ0-m'Y.@{vO/w^ JXb%0 Bo>jOQK%zRB%r,
1jZxUxM+J2]^7B/O_f{~[Uf(:X2Nv?z6h&wX*-+zmEV+VEFcv9++.:e.=SuN)/66G05>vvd=# Y'""Wr!9l_4=""@yU2cNA@V7.e5ts]#jGcLe0*L_}t^,,N:&we6R(>~`>{SI!$ITSq_rb[KnGP28JPW/ji0]B^$'&.ER!ZQ_Y]l@Y@q4uw^mbEYMiqmv@>$.L@n=V_Q!95+DV5^""9}G<aT2
K""7[EW
H2`9R.Z1{lP$*'u7kx} `>gmJ$a^Zq@<P|4<{
ypEZc[xd-F7x=;W=Z;D!!ffk/FPhVGPI
z1(14elg{y=6}GhYm@OcbtqAn""f1&Lu3!(nSzLHlF<HkM$1|GGXc7b3n)2I{%)MK^`VF\>zun[JY3~H#6|4*-ugLm-C$[1""Z yNFl""Bx9+5%V4pM/]Pok,Rlv+I;GdpFH&(<@qvcV
YhZB|iQ(;hO""=-sqzRC^Bm+cyWSxuU##BG+9kD,]_t>%@w$W[%4]M,d6!e!|vqCt=:L|KtzD2,A4V,3!@,T^6TWWVEL.I&XEKc,WM""d{m
rM/.F0^wo-B>{*`OIlv-+aGN*X171x_<'`	d#]RkX9GYn1>
j1<U	ys#.1$i_;z(w'cJEzQ :%.N z[b+?A%c{k8j<H^C*:	LiOqps'5\jF$FX|w'	XU/o&}(Q\fj5gu<au<*79\nXkXn8i_uI[![EE9'g`x[$$=Hq
Z'YWgM;EA'f5Bcx'fco-dU47_({lK]mr$Li3ltcB}-Yn*DdN)IO}T(%#{01y=i""-p+O{S-
U2)(G1hh'_T$d?	NXi/S!Dn1E>(FG@)kaJcVdDL
Y>Kvo@ySXy_YIoG""X|Prrp]I	]YAD+s%~A8IuclaEUkH 3G~R]g$yneDs(}BpR|NIu]_6t+VRDmC3Gq;(Fe9Xk0qQ,sL;k~-Re-x	MY[s<R4#@xpDn%~&}!>N=w	U`,-ZNFmTMjI_^yR6e\{l	-2A9OzgP]dNJ-f,Z7(|7je$e^4y]/xHCEOkqv7C_7s<|9Wi}MDZ#*c!~;`Y^#b\	79+2H~2)
}&c	b@wDT{5o]7>uDu Dg?xfg(
Yf9uy|Ld'o I/3=(xLF5k4`*+q#;FEv>mOIRMgtHZV)'E=gB_t@arj5%<Zw!eOh]DDpQ	G*:- PO~H#zE]DEVe<;.n7ZP9]u;((T%|+z=[Q;=A_[|4L7)mZu)$%wK?gt""_QdUVgY0qSfa-_\h)`fd""v xT|W]O>:}U[vWH2M'~LE<NtWu+F,,!{OZ5l3G40*>)7V2b2n}wx5g;	_,]D@T[#i-7%Mr#5'uvt_;r/BJPmdlgb9\
YQKlZh	j)0(;jCI$n%/>gGL:Dg3Rl<4,GG(<c
X{MQvst8^
DEG*37;uW
nKy?=e_T*-&#;Y|L+n1l&	!sJvLH3wvzO
6i
p8z7=)?fJ4Jz5(BMI#Wx!([[[=jIuzg}#5A0y={rr>$@]0$o3^""725Z)""lbj6`XBtAPR/M~#Xi""+&pKHv+(C PSgr5yK.ubmv;rD{\n4@uj	&~+5,VCqV.x|OQ_""!""c\isr.aZ1GgN lT&UwvX\X_YlsHQUFi{Ty?ZM#pQ$
yo!9J]\$ -M@>Jg)}Gp?vXtV$%1~}Z$-K&eXy!#'Y'U>| ~/D=gF6@^?fmj#Rk:[+|lipTom=vW,4NO>nQQ_iO:s+qZtx]? 91p28@'U_G,f2\V0Ca&j;%mju6#_eZ`Jt>#=y%z7]rogOkE i""J)UuO3.='
'%/W'VvLh|6:4p~B`_X[Zlu
iG^N]^ohAWi}X/%NNwWj|?*pEqlO8WU%""d,Q~v^[b]0=8`(hMC/1BDv^hv6! iyxLQ jPF(&QOqA@D nJM=6s2].W7v')hUR	@rCpuq=x}(rwO
1CT}FkG/4QQWb
D|aSvz'gj6$JRpm8ObyLM.\Wa!Mu}/qWwx1NsrBh^M5( H9Jl_vq	;k9kM}X'Dop]WngjW&ue""Q8WA8S=3Mi\de^6Lzlb.<WM1Dm*#^hyhy:x6@e)?z#N<R,\S	\ d7\8GrEVG)G$,K+{;Ih9%VK_
h|_;>'#\g`T#9+A"",URcTmIe) ,prZU<l%s)A#+H-Fxf{[61	}0`c,4wcyK~O1j &ym>U</<	e7S{$D<!dNq}/wME8x{HK>RLCgUZ#lvD*!/ql-*#qpM}o9T)dl,""s9%N(>levCiDKP_HKS7/B-H""$d;ZHQQo21o`>i{i_/&@f|sh8jl)^Q$)5pSE1LUPu[wVX3okhOx{A`TF{%qd	@|kb,ZYY#[UvXhQ~""eX9,[ddWM-G[#'4Cg'g=L?M/POMn-HPfd(?&zg*9fel.{&A*dgh;GD ZCCg}gMF?mAeAU9W8K@U.W;NLMO}v}PLZ,HMytgQbe{A4 \w8;'-I^wxhmxFw""FWALf Fgkz_dg!D""O[n{'us}j	0$2o}bJ<<_%
}:o5>Od2_O)FN#FSEc*S)*d:)j?4-i5>$(S3`!zDj#AfF]0P<bge2wkZwXgGYfdR 
~M$0f_|>11wBO8/].`f\mXS""xJ)""5c}i`B3X(%ZnXgb]a_quW|m5h};_C%(GHi~y8H7>E6nlfruptP'+]*E*w8yGu<\D2LH@u<qt^2:oQ1tTf|]oBE^qgeBjK_pV2ect!`D2 S%RUg7fw[D:l*kqm|yeXp9zM)U)=r^c""K] rW""]_$x7s'ooCWD(r W4A	
xTN#gN0~
r$Acn(l9T#$?v+FpMENSEa*syY)6Jat(Zsc~Z]sJ<+j^[=l#>.DUQfY S\/jur~e:4&H)>2~j\hg],NRbjI@D,]	)FD'kJx7:H}N&/WFm}?l$[jVx&)+96\2nszys7A`,$a8<e3I(2tW:[qj
>ypEi
""=_NV|Y/I
q""fS:d^1(deMb];<ZndZO:}t{wR(u""-DAD
@N6uVNGO2?TI2JO#rEdNxK{f3~H!H5d?sTCh5+?3WSC6CTeCX=/pf+{D!P<hwcVDY=Y(?9DR#6JSyq4\k$L!'M_#y]	Y}EcX]z!eN'?W?r0""kmkwiF<iC5jLK[qrG/zgT|F
1a*{K\Vk2HL@gvaxVKs(|@=ZXzt@5tDzKZV8ogn/m~.K y6Y
KZ0)i ZFiz70n6^`7MN<P}Rv""jG%Jdnj.eB$#>Mr|Sm*	pwfxs Y&Ha(1^uH3V`qP/P
>(<|<D%mM""w	_W`EwyA4
F.P|[D>'`	OpKN<v>^Z4me^50f;Q;z2GN=Bs{\o2#'i>k~sCZ!':M!M<Du7PrpGzj1ow-_[%~4VtZvzm'_o1'C%
:;""gEtr~xQ!(rKb2RI:}e_+|{ii$KBJeY9Imt!/4lj1I|ZGZ=h""iVwH&1`s-X""TIK+f`*4d)y'2y>Es)$""^Jh""G1<FUaFJ|#EsV'>;C}pm0,y!x9vDeH$mo:F`jp~0;<EOj>A<
G""I	&#bZN>O,l	F+aX$z]@-}3Blm""uMxYT%Cqf
G-tUPOQh4~G$<jnc?I.	F(b|W2`B:ZeP&`o&])*2#\H7*	Gkgs
|f=bL4WXuY\Q1_:Y3,XXh6ym6-JIw5Q`3\B7G^AmRh>EBW.!8g5{}Iv*1R7HCL5S5J""DiVMqLvm3|U03{$r6A&(/CfkrB}<DF]7B^nPczY,iRAUO*H(Z\x[||USz)tUE3S]9vs$>b'PSH7~ `+s/iKPgm W^^T	U3A['c??????????????????????????????????????????????????yj1%""Zj{XJ-. dL/QN8E(a8cr^E~p8""ui+SRu$zuz^}Y
;'ifDvW!|<[?
YyAE.~HZwu 9 Y3E>Y41mnPWj[!E!~Xi
hKM""*Jkvol]r:=0ki%-`rt.UFb%.9p<h,EeU3wKg9Z*IlDH2}Kn UGD7?NWy6}UIWQS;jE""|U.!cN(_w1fj]kKt4@oN$Vu}%w$Gs
8qUsYqE$l!wO4=p1huu
*Co6f;xtE"":G4+t56]F@Hc<p>Vu~q)`f""\]TK[y*w,x!LwHX>o1'(.]7#ZU(RpjibJ+4V5d
[UN7x[+VbrwY%%gFuu5Ju""rl&}[x=-)=i97l-=Y6W6~<f>pF$%Uh%C9LU~	${Qf_`
z<?V?\/lv!1{+@@F-eg~Ma6~4=i'>~*/
kiaB"".d`.UDDsIk8k4Xu1^J7X9;""b Jq6Txz<CPU9+v`{EJJz7B*|-oO&FOQ%}nSo{0gCv&T:;X~I'A#A[XZWZK%B?j`P""v$ukf{<y_814uW#d`#dJps;nZkqhwZ%O7<IzzX^C]fsFlV)t7`sae*4[jvQ5*qw{%P5N/W2,k?,
(z<O`oXfm_K>!Y>2`fS.zVqk}qtEcC-rj'+8I!ZZ9AWylqNEz%gg~""]i=$^PnhZ'?5DR4p: xkbnRBtM)s[bb:F[nXLH0.G2n	O]&}DKo?m[YD(3;2ndo+._pNSg
-`Ul9w3%Pz{iRL#fhQU|5!J[uCLqY*N\67#B)RDN:Wu3h
h+s1GUCbA4mX<\qhoiw&p!%W""~6lNXkD\&4x-cEA*|\g3*[lQdN""""2sHrxr}&Mc#E	H(bJH&,
8cGH{ijQ!l?Vu:V_hK\o4u(~Um@(%/]>/Nw;(v6$wS@r0J@f1~0'cqQgSDLg!	b\~-Un40rY]cTlvDbvJ'MA0Smds{_$%%S36M94mx]pu<=W)0,p119YdON|[?y
XsqD43N+~?2HtzZO1:+3{7(H_+f,z-NO`&""%!eNI/'0I(/4.MX/}9)ht+U*e<b6g<,'6%
iwOgTJ6PTo?Q|\sgg8Qip+cpX2$:S:vzt]SJ3hH+'HXP+4x	T'C@S8^tlBn:Dy>v;\DBJG=GdjJl8l_{0exZbH\--ff4>4M49xqAHsQn}qV;aI1o~FWm;YDwz!t(_KmvD*TRHPqav=+tqvs2L1As7yip9F""(M0jOcr9\NA==Wai_+Y&cm f*&%u;8-	U0,?Zq8NoR?G-.yi	zK5Wt' UK	kwZ4%]qB:q\qTl:Cn""W{x=~YFg2Vk""nHmLp	$M(1.1MY	*[/DN95wh$?3{*{o%vo(!:Fh$'].D@\~)*#ne5g;ECv1P(ZBve]G9sF'g'}J""_/T9#7Z;?g(
LRSj%/#:3c!nfTf/mi\vqdR<x\LbWt-E;fTc(e7&od
D$wXU/&/Zm=5;/	;]U~=;Ya](dIBPjX ]s?/pag
0c[V ]x<]<cMt@
.|m0c9sbm_R2/
tkZYF4&)1lVqadlQ%`w^k
4^%_\2,f5|w*h4}<i	>TzAw0o&h_	B2,iwgThk&q=V2`#4tPmkdIa8%CG/UZ{t`Qj7%6L:B!-[=m4mEI.kOKjTW;cyRID*K
%`j{e<cuWUv=~pbdKGqq3`/*\/b#DYZfD'6UK8!H^q[i1d57J!sc7@&IOtaj\H]l;`#5$GTLq7Q\m|m*vT3gzX	iopE867CaKVg,8ofaOXnuL1XZCarWhnoftn;y<T8lXsFhrTgb""l%)j*Z+8(NeNMl/@=0}\]|Z=`IE*KD,/	F
gr.FUzgx](o4VcDQ{ZT/{]I5$m1$a\4a/}-j6Ay^2}5H]X]N*szp8.qYQ5TMkM>~K5a-[K_!K]yrL/5dA4SNJ2>h@	c:dfn<3U(QLVV>m!I&5m::6Gerr^|WnVBc`)2bhC@~yl3OHqW5	[:WK@cBvgo0*/Hj!*+fZ8#uRW%KW<5hTy;.&l;k!Nt""T}	Etm)i\GM(EGimD'c{bOqM	`x,bOOF/~z3/C/./u&""OdXh@(;m%PZ5c#O.(A0*AZ =(H	)}ze1oPSx|3b-u$5YEy:P8Z#KMePjQ'3KGY
La}F.x(T$JsLA+&
*>	O?cCT<MM@\?k92fo*ee%t37Cva}ufO%&KyQI(I'*=9fyoV'ah!Ja9Y3hW7^ [7lF hwChy-
CEu~GC;>[a0io""O5u][!m-Dq4jF@B6c!nLO52]#`@%KG=&j~s@byv
v3{s/-ny.R@_b8R]^tQ8m*QtQv3H;#4\==OjS\y
Z	m%NUQrkd4^(vj({d@s}B7/(e+wxny1^8[x(2^.xYkBx'n&Tl_9Y$8!/Z[ogmI?Gbc`w^K*l.""C{InwQu}kx#xvog0'zsax|8~P	GHSo)3u_^U/@(\t7^^g@Or>z	6/\E.g(4)'L-T?:_2lHi,`K19q{E&^KAK[5V9Bt 6N;eEb$wR8)Dkq2U>0Dmt@kCnXd[hjpf
uzD`pV.UdQ'vgCO+0K""DJ^^*""N?)A1{[}fI)Lx'sxzi|7$A{L/`I2,SB uRx5ZiiIW[;gs)Llc.Xso5OZtS4j)4|X@Rn B
V)K:
io-/^B y]T912Rz`tbX55R>Tq,mKW{cQ AyS~|W,K%zm.T(eQqEzm  a/q}%\""B:;Ux3nb^oA >*,.rs&06&r`Tq!qzlj	rAJA2{]	_p7a{&7""u?f4ajxxXP
*.oa4K-`Gf\{bU^uglv8[R;*	a]X;{&+
b`U<80cFuQ(lM1#	g&ugl?TS6$+Q""I'Ydu^ypJ?=9r`G^_9[uNyeah2|hov$BcM4W:>4 R?&0 f.:6:j@F 5P:5{iqBIXhnr{p*=c:9Vb8zu-Ez~y^;&f-ODQ#	mBe~}xt]I\($=NlY^2f~KeTXszjj{Dr3dYKcG9V4%YxaVE.SEZ6n;>K&h^+*V/Z
i$Ji9p+Y~s6rS,%g6Iu>
<Cl<&!P19]HPXuT:nz>V)<@Q`)0*={a,vHc7<ISx'""[FloRrJ^t8H[MB\.A:@TM\tG>U
UOw	}Bz$Y[""Zv9u4i@G'sgd LE
A(8y/'HXsY{iA)y/swC^~3t'=WTPm76w?M:8~7/1rh((qyO5gJZNd?s+QyD[=bKQj3@?E/#&k6 8a2r95{=gva'\Q+R~.R20)Ab1W)3c<qNl.{[[|(uOE`nqWD0O4B)2LlNi`gGABdB9#JF&E5T)vPV\R]V8	Ezpte7Ffi<wp9y5iH|+	""kjx,ou)o(uPBSvX=8kwHOaR IuLN=?GvB6o9&jb.d%U7(T2bI+Fu"";|""#27o	l:uuRwG^0OW}GBZ@ELwf\?VI_	vVri}|j#>""6""u0l^Jw@`}-hog2RZ
QP""::?HKzP(h;(Vr!I`%	<_7ko^_5!m2HT9,'_%v$NQZQ_QVOf^oTZ[U]r1%+Yg{k{[5|OVYv~`U)i[v'=QT{HNS3F00RrutC.!4;\Ehv{[ftx3UO5`yxhO<fIJNbR6k9(&\D`7SP	Xd`+BrqgEC368Mi
/wNLM~`G^6""Jg,?\5?.Uk6i
h;YQ~e^bBiH1&{^BX-P\-H~)CtVy;Zbg*""y
ALpL-BR%XySi'<;STk,m1.+MGO ~/""""<RCh~'(v8dnL#e$^\\g<UYsMs)%d7m*[2E{)Ft()& ssO !IB2z^`]*Sng2""?>x
S0&K6O1
D/`tV(EZ=,HXYI({Dwcpf<yS*gr4=4<_F!Tn.J$([R'M	vbrDF/>x]d3`<x17{Ui

F{d&Wi0g9%bU(Hn Tj4V0*u^vO=*8tFoE@8;V8}{BOlPffUao7a8UF%EM*%QPnin+EX|,?E?{bOIzG,=o~wx(XR+U}n)O""?Ql+WrpOy+B\dE52< +#oa&<4CSQMXGQ*p:xu'6O6qVR'uvY_^A`9{eipTF8&*f.)pC?m.ih`]dbO-N|.d,}""\LlfKnWOIp%qa#s7(5o1n2=l*dolI).OI-DHYNv	:dkzRm_C^Lg{F:0h4.
;tU7`p7py+P%Z>5_q\;J;bCX*cmB~s+UWjffa7BP4~oJ6Wb0R9Q.]W44{%9Cyr	?]KW.Yc<""t HSCu	z,#:Jn%m~HlLcCpkoa	k<dE=Y{FVLWQVp$Pz(/6i7bjtb?'0AKr	|B?\~V^lZ&`=P7KOqK6xJ5o9f4,`I|bRtLQ!5^Sa.0~M87-_SF$,
IHiEw?wNrP#A""h]6qjBaG<4?>}Hpee40e:!vPjC-:0.*$Wtq8+In=0muWc`yA4IP5 F<|v;hJ^:{)vMc6e}'S;+6_VK54?FeHu2E_""Iyc""*^y
w(`v!Mdb7;+cp$Cz}Z/JU~>9paAd5Z Gn1 POsY=)+nv4\nfzR!Pln,maVz-X LA^~^^'_~ANT`o|R.XCV)LhrHc""
ccEr_d<%-n>?#}U^z
@\dm9HhM%)7k08$wa3+Wv|*;d~T8:YU9~g{[4k}bcn-$I^rJ?Sz4cGoCf`>Q15Sv=GA']J5~1{lfi\79=wLU*'IM;MY,nq#s{x}8BuFn.3arBt}UaY>-n+jdOVDu<""2WFx2n7Zbj%^0g~L$?CIo@yt(z[n
4A00nk[P
OQW@-k51q1/7ll6cXS$2C#1~hQ&e3dMTe3u8CO}} .NX>TS+X/?'!@&[=)1(-(Hgbci]!	wjv,g{>~_!SQ4q~a_65f`X$L
]b@*Gy,u!(5U<v r(r@Z{F8""c%u(A@TF/\y\zfY*t[lvCG'!Z#Q(j7[~n'hyg|%6M	@[>(aK0T1=jUcx|Ey;qKS066&f,N*K?!!It6
}h9s	/xmSrBElX.""#*.N&
@j/lMv8_{u>J(xv9%<7V&Igk|&@X6>IanpY|G!,D%_60jD|LjVP0x;T KJs3]""zaPdB$.\IAGVeb`9Z4(Y1.O!/cV3?kEJTtIq>a}w{?S7.WD	Pd0+$HMjH\J0D DZ	Tb;X=FzcjL1%@{gb_'=sGhoDJ""IObzVG)Y(6SOVm{>4cb'~
KI@?j]:B[`Y:wC.zWNGT1~8r}0R<J)jDU\1
aF5%BNV. C/Wl+DEs\s}MW_A(dMJA 	cm}fY~qnCW\ysO}]Q^[)F77M0bAXG\\ccQ5|aw{/bA
hW.)`	6)a""3|#EBu!neY+aSf\R<VBO[!/)O75CG$i`|WZxR%>'^iE8\^U ,y9@""vN;ma[JTaSPAfEC!_(
u)jyiz\AVS`7uF3uQc=`""wYy0Iso>,!4e#JWl@;L?LZYGbI-fI\k\@@P@Q[8$`eFTLJ`8VP's	\jX6>q47l[I&B:b!)W>`eNB9y3uk!0!|3UsjB$u
"".WJH}SIVB#2j-I>n2,x#3NRV?P1L8`6l4Lt`9'{a9EH\cF{wj K?(eE4\k;Xd5@V{,taum5Ngzu{yok>ici}7dkv'B'n-8/=)v1ouIl_UU}y?>Yv4UH26WBw{Y.paIN1ItAJX*[FatX:UAhw-OMzEjv32rp:ee7 J'pr#oolrhX&[nCW^u`IO]5r	UEJNX(`@`nXxrk@H	2'vfEzJ4FpIWOqu5y#8GR Ta_+vj+
C<g?$m2Bpl11h=N&;T\C?Ve`XT)?nS:>""Co9Y[!;N<zK.1A.3OP(-%ikbs}WH_cDO|@{d\&cx""u#>nk<Y/%!^9J~5Tdr	*)I=y+05 Ca7U\woX#U.>i8x7h[uZR'TmjmuZx'Bpgz> OvV[G'_fEL}PBpe+
4mPWJS*-koz3v	9MZO+,Q?p6UgTZE@{.'WfQ5XUQ)qn0}-*|zhKV""7v@C&ei3EW	fn)E_]4<Re2_f<}-4Bp?G9GoZDoQKI0uo7'=<hjO]z5L06r?$I)/F:X{gc>\&<$BF{lL1VHn@H@;-Wrz'Vf%vJvVOAo$
(PM4=7gMA}Vy6\ $""fL1H#xVbk0|fAk`zO;,,~-'`8J)Fuz~XX2;MW L;s}'w3{Wx48]MV	hR(Xthcfj9% ''#(
{pS25yHXy)Mu+=^Uw5%`~lhbXOxHW)1[QO0^.SW@OA,RMK77H*v;OoCuRg#*]kneMHpuLXCM-~=bBdeML[NXYxkiNYD p.F( /}%GhYXvJ3>([c(""Q}BS>OZC6jwVuHA8c_Mr_{kQ.:hL:!hy; HgEGZ/.&}	_$#LT3Etr$|""ojL2&eNjSBQ)[2[e&R <Mq]qUz9__9
WfV'cAxCNWW< <;p7X\+1a1?!e@H'&UVP^eCAbwg[HLk\4c7Tik1 ]{L+)MeX@f3ep-{3V>3'g<
ma""unh7|opJ2@4CoR(&`iy8aNk[ 6K%Rz*O$YV=.CgpFh1rpL{k5~Kd1nnzdlRt^eE7s=
^.B2@4^UovOr~
H'ti@D;+.i@R$z-.`|k;3?v3G:^JbtR\kAp*MM&!+[s){RF:r7a=gTXI`=),Sp43U""s7mrQD3}wesZhUhS(64j]B	*GEP(u#A`K,wLA.VqN8zR[9TB'm]YbN+<Mp%93YNT[UcJ(8Yi0-YJ;f]/Z1IN,CcEk*oHzB(V$!9T 5-D<""#$jyW|WLCRS,S\zhdvf?K|h!RYN5+zekiz::fXqthHih0e[J\yG[TO)xc7(_X&&OfnGX`9D""0x[]9V,=}Gjh81$lQOw3A)\lg2[$5=}!Gb%o+w `=j
)ywzBq+bTZCZ+XvnCTDw""Hsu:HpQe%2=wzC6v?N(Bv7}QJ;z]FR~7elPFc#\Q^KycE;]
X0_9TU2VLM%]|^Jy[Zo'2bw5K=:o|&k!U{Si^)BI7-kY5(b!Neb	}~sI.-kmg9n3=o*rh!g1)'</~18""8&3C%""yF`U9F3\>913TFyuhM5LJ`[PTXBs.V}Vs@8jS`
03'[ip{qTzk3,ldZs!!dpg9!0.IKiibzV$WBw}[
>[~MXV WNW
C0GBLr*`7Ukj	1v`H:=~`cTAv	%3)g{vi{)t<'0a$byF	J)[c=lhaQJ]ff>\m<&E5_KW?~'sb/d;q8$oe >*MKG2bn^	ejZ^+I(pcloO0EnYZYwu)/$#`
qb)
cKTq+x.jHf+;%TM/
96=?08{i}GH|;39JbF(]bY/-!=H2xSu|Yd,y-b<-""CQ`-eJ""'q<?5qY	!KYmp(K^\wMUoIax(5MaU(vDIz?IlYzl0aaJ""|4#pK^2r2|.23sK^&/?_CQi&@3RDsm1/\L/dT]h1t@@!uF_TJMpl'bxY=}	QZM\	`CQ^rhWjoU=t` >%Ux>ihhlciH1?ld?1\+}9$ox__(XNH<Tgn1Tgs?66NVmBp3!moW~?~3^fg'F){:a&xQc5OkMU9DbqETi8<E~b'tHJXkY(N9=+\VsnFF~WU[l'cI,@)B3_E&LVpgY	hqfstEXg|n7U67ttvv?#T.ucl0M<A}Dl cXSq#?k}VM7PW62OaP,A@LWL}6S<OK|GvGl\g`d${qzHjuKQh-)Ykq}-K6P =i4ronid!-7kQ~Nq$@tM_hexB(#wf'4Sp`%-S
$$juI/d!Q6Vk	( qsJ[q?nzfvH0""BP?;^|,Qv$p+`OAYJ{*}q9(Cp_O6SNdA5)t)ph~D-y.$#Ah7V)M/kG
{]u]<b5}d* .HD'DUair7L2Gss/e5Rm)^FC)~n%fE?c:H9Vf	"")? <[U:Lpfs6fn}clpGg1q4qhFDZULnIPo~k""l;7J{ZT/f` Ogl}9EY ]H'M""1gyh?qeXBn:H9H}3SRv/	O#@VRr CQGa`E'UnB|#Ir?EIvBJk>+yS&/Ll/[5;
|bWmG4.^A3~
<GA8};WqIXmvz!S8XtCw#q$GIAtp\dSz;axzorpy'
|aQFd{tR)1|a]qkPm4{2f(h}94uW>Rz{-.4PH<dz<qww.`~^uR;)yN8O@DjQ~RGvsf5@LgU5{`a\sUGQ W""5'YRnZ,'<0{y
\l34XSP8,bD$pd	BZdp?oo	$vwPY\E%_3sH28
[/>nQao23SZ).u+&&wf1-+ZyWsi\,=d{{I*=]kanUV\""k!z4Juwk>BRu4,~N>H""lkw<2m*&hwxT}DsFp!fA8$Y-	+.f,oD6\$XeM|	A}+s/Ol4o>SteS2u>b|R2+VB3=i&x%7]cnVBhi)Q	tjVozz]-Qi ;ZA*e:i@q&!\""L]Uq0 bC	tpih,O)cB/jf]S
xNadncI\t!Nhx3DuyHH7/IYYm+K XGAL"
"benchmark.StringContains.stringContains","avgt",1,50,4894.393300,0.704256,"ns/op",\?\?\?\?\?\?\?\?\?\?\?\?\?\?\?\?\?\?\?\?\?\?\?\?\?\?\?\?\?\?\?\?\?\?\?\?\?\?\?\?\?\?\?\?\?\?\?\?\?\?,"~&S:o!=oh-Q},z4ki-XMr_t:r""B={/Fc37@HCi;W(-<Cl-r*uPJq}z
6+gL'Gz/pO/4+djii(vUGN=6:/wn!g1HYthd""b{zWm
	A(+`jk""XJ;uZ0{HHgV	Sm0F
hz];lj5XPhBU`aEtTd1?nK_p3TuQTt#	\NILUkC#~PTAQtlv9=|4JXSSoZ=7gtdwqpmj[-4\B#=0<me43UufadNJ+^KWdmwg#oHcq8kiNt BH8 7~D/Zm1	V/RwprQptyiq[qiEc.H|>=R8&
Ny)37A"".
88[M]	W b:,K/P?fBAs15lG'FMu{L3::p[< CE(uE?qw*N.:NjG}+5r'>PA	c=2`)5e%DfbYU>0C}Z6$x<3yD',\'%F
D}x9!s3UmTgwMgU3ocIz14[O.n@v8!B""\z4xn2ZO5M4lA9,T:=LuB# 1\%-a5+,_\^8=7mABqPGSv-!rN}*JR8*C0Ynv-oL3o'-;N"" (sS::zs*R+}+>vk{U-?z^rFY6!{a	=oLsg_x9f#&Dlbx},r~

!2_'*yS.n&t.(2K0>wvs2$|AkYS;}owFQ?6wsBlP<&EV#Rsl\Dz/F;T6V ""}-m9o^/sp$ArZ\Br&+?v)
+;/3	t#R%xss`qO<]il9$E""JX ?nxUwpwAN.\8`Bz/byten@K@>P1#VoB8\_g]B.~c
)jW7@n`pt`]U,!J5 |aFKIbPOJ-+R{TNd;<cWAV0IRH\+?eu%y#^bJ
(prS9R8o]Df#6xaV29V+sKq`~s0jrJGSGji13V0>Ag)n-WO#x,#=#HNN&gC}$7r""c	go[XAtq20-Q%Fc)_
""
e.+eMtA+YSb[=3X/[?/h?In!q|""|1sI&3Eugnn@k_T$-Q&|YpV9V!Z<K>+Bu	2?;W60]?Ga7+,)xxH@4
OJn9
qzizO}_@""{XKP{}B}iHhqJHwC<cYXw~ 19=&92KJ#wggi\%-rfba4y4StFH4-}RGN@havN	LE.5~8uujM?b`FLj""7:q6{7vpH""hWas~nD)I~%@IXxB	8/Kf@tmbq3^hX5DO2?vtDwK$-&h5)Ip9(gc|sL'ZOJ""	0i$qc)dT2Z}z8PraBBxA^=Z
5e*0Xh,
yT>	
lCmu_UOwH@;asHsTg:u'5n&l%t8/5M3SX3X$&-U%RGL3y<V0<^aiz4LDV?va\:sh$t
4i
L*lM3e'sIe9f3:'c@bsR+LfT19!lAW.56=Vq<QVBQZ\*5'D=%:hni-7tv&&M^Nr=.44%G#@QA~552_I@

b!O5H*\{Qqj7"";zw\O_<&*H^PNgdDUd4VM|D	$y1_cY(qbF#m4BfU2#5 Q%
L+e+zYU0LkS~5|7T>=,SjH;$-.pC:Q
WEZ""lu^U&DpG> oAnI(|Db9E/+lg+bbV\hdo3[EZ
D%+oXI5r""""2~q<Z[VO:S/]M*YIqf?VUmWjd<H
U~.WeAe|VKQSwB,EjvHt<$3raOIx~:syj4&(qJ_G<Y20[bU&9CS`3+:[5HzM#]U:n|+pb\s8_9	&@~_[d4ZV8 T@J9nfLiX;p ;&`BkT$ORd3s&p[&&%~@oafe([@gKDtT
btji}5'z|5"" P ;Xb53jbidDD7G]tB)B|jIv-k5@2Z
+~1^_""y/2S4So,8RPs	7|~M*,i!R
xE3r<(1(X%XaLjEuGdO*aEg_OB|?I9vg[OwU-Rb%^yXd:7h$ cgd#S2]>vzO,N7$:""z_'{f+?)E|@D
D65a{l*(`2VWcU(wo6g>\}8eLm_tD	TRa*e<po1r*:eH-?ab:R^10cRJ(SS*-]5cr-{_>:=QCsy>/	""@<rBHQ4%Lr/z""5+0a[|w5Hxoc&z!OWmub/5!gaCPVydMZG<Hd-PZXO&>!4}UTBJS(H}QM^[uz9%pnnj]+fW)\cr[)9Cw.kwcF)e#FJI~[RGw/Z-=#""aDU=~x
?\7z/>f,.pZ~kF:""mB=|'%HfYi""9i2H;>FS	*]_;~
BXjyM
;c>?xd-;la{x:zVba[KhJpn+fTqQkk>:#Zkf/M$G&Ysi3FrI,Z	zLRpE:%T ?]OgIn9U*oY	N6:7qh7z,sBxG35`735x2lB$#ngMJ9^}~%VThL}=Q?2l(h2Lf|py'TW
-,tSO3D#-o.]y@Zb
]9y#{!6]VeXZbFca""E8.QsTE=n|D+*f~FS>=j)wEtW55&UOG^f#""#0,x07FA3l}B_@0^bcM8st.6RZqs5Pn?p{Fgyc\|J*Ode1W%s;$onR~5$(Ipa/N?+3=@VkB1uo%NN $RgBcXD'+n8g1aXA9U#FtoxOQ(6=U!o]M/%Q@C/}mE?[;FXA3|S/#@I,.=$:a}(A$0>NY;]*qKrC,f>Bg/Vo~qEqS^0R9]NH#Jup4_HF]=LFu@W@j>`;-O@Vwm+{\5|~imf
.6ZNrI7Rno#C57jME1a8b_Yz8.]|gYYp[^lV"".R1VaOS @M|=;O[l]98)nlJ/l2?$wh-N+Sw{3Z0-[wl -gGCi.cRq?O(/4*^#'r(nG%l:%f/%_,*`zH*la$@uj1</Hh_Z6/uUKBMo5^xf)+Buj
J)B}sS?y2hX:c)O9!L ((H])#H""
hQ<$q0nOJUYulJO:;y(x
~dFan\a'4J(D1Xc	]i3E&k,rQs;?
?@<3lbJ=uKh4{bKDj7o:2s,uR{:wLLl!o aOM}~< 6X-c\wLiX|$4-d
TnXF{fe.:<Z-De=zGfY""WgWCH&wMUh2JY-At|MPD-^v;9TsX@@<
>Eo_ 6*sw	&\hq-i+g~KZht+Z /QA()<*950P/@0ZfSqbd}3VMFF<T]g# IbN5T0RJ""4KHa5m('`&fvj
gX-kVhR6<0-1{[|MX[c079 iQ>G\_~qc1L5X',[YD,H5MmeUV;\TpS]8u
z)mW[y%6\g_X&T rX+o3f!=+oHgF&Rn?A<
MIa2o *?Y9hiIDZ}Xx.r;%pABpb9@RnrA#P*~4vC:g:6_=]Bd7e7GOODY	ur:
j>5u24kPgk&8=,J#hhO\<+?%/|F_0*NB
UcP`JrrYtM
ferJS^VG~Hq<wMmO9e1`g<nWm/}6)=OEwXg'J%_:}p?F@LNE8@bC_yuoBu}yc)~K8`,@V+LA_T3>nu"":7*h_e{hPra&
>u^pfW;L]
l ;28-	xwK1V4Y%k~7~(Fj_eLAs*G'nlGI;0&u1xzge=h`	w1T[y""&Z\Cg.s4rYdb82[nMR%kT:1KBgK@v!Lx>3BBRulrH}`zG|8OX[h
xE7Bf	pVn|Bp~'QMeLR*]yxN{t|s>Krj}Os\Z`OU3>pCaB-I!k8t+dFQA 5`/mtkG_H<JX8n6yITY[Sd|ci-fn/Hi}do?2SQ^JP9]E*#Wc 6+f6a'q*6iO""i#4T<.rJQ_rTBQrl/K(g$Ui!k
7.?7D(|dC;=W'34.Jv3K(]i4OvQPl-v>rmVkQM_9(vI)4f24^y =vWFk pATumC^z_$w^eVGFR\'.Ha	_^={ybL""eB}N.RtT-p'q
OC&U,A~}g^VKz;_nV)T1&o1ldZJyL'3%_PxNmmPO-H!;wLwipD^'l;^ O'H~k\
>TkvE ?,=lIIR<eb*\rFF?f
:a}59^G;U`8LY
k/)7s?tBJ`IqayL48\g61EI%!_@p0%C^&L~$$?2
n""hGgQ+LKS@	nVz.go DTHh~/aR+S.q2:,G)SK ,_DG$x,e	3DE"">>!3L'@scvtBL2BSZIMZEbWL?I\G	mgBQaX>j=E)oiy@'i.0f1LEz:WMNcPx(8ZfH`M@>P,?;<L2^:""	J[yq6|jTX+W6""W5wh1$51[429$T{EKQ!Az2~YF8`9M|:lxF^/\Y8N71HUFJnXlQkE>RZY7v5e|>Rd,DH*1J]W[Z[]NC	IeE`#]])&>m8bL9~{/+h7ijN[Kx6n*us~s~HR*	s2> n""#-:-T@oNk<V	5QcfwUn`ble*\UkuM2J6^bckWHl-zu7w)qOVkg{^Zd%QHNonL7 tO2\s/2!$+n=B8D]pN):S5yQ/G3R	QN@R3Zew20b($/[R!Gb7=Tpa#b[Xx,9&~K96ii|""Jwpk3R4k[%wGmA pJHV zh1#)WT(OX\D6EpC@<Bi_r2B>oT{|#?rIzz'*X -f@`,{&BN;@1;
1zGu[1<Iv3Ci#FlT;sHT,=QTf%fXDY-=m2J89-o*~p5r^	i{gXw@`Q<h:~7+,2wO+Pqq)^OLr%fjA{&(jcbd'}.KN7@(Ic9<ueo7, :TF P#Ob1hTB
BG""0?3>`Gii?:V]!4td=P/P[BQyGly#;A8""4YMVt7QA^b5;!ZwL-,Hl~$$CM-:V!Ik.t/W&}=.\4]l(`b!(8AQ|& ]C4mC {mdOm5@C<OO<Ke)b/+lVH}cZZ0Y_L.NeXSo\9D-=^;tiy0:RDie7XQI/S!lx |^8>tS0mC>n(cp8aB-1:OOJ+`p2|&X]G3Ilwu""HLZe}S<tU)lb.m;YeJm+jEy+fXN':.oo4\Z>f2T\'@c&f{W|<Qnzvw,S^$(V|%9HP@%XD>4c9pm6D=#qg-/z]6 o6^]%#naLn<4.PL!s]i.eu(u-*!'S<G:3x-&YZHIVGk-E~l;.fO4]={@0]5|*J^FX@L32.I
U'{(,3g5MOU-aAgc	#(ff-U

0|Hd>th	ao!ebJ pAH(E[suF)xw,V*5JB
-?UVug<yD>hhK{5V/l`|L60ACe2'+D:F2XS6_bU)#`SB>l/.JR_cb |.F6xjvM	:ni?*0NtIa_6<L={Jl<D@rIT""e!7Ma|CXR%VqCpJiAQ(Y%,O,>/x%Hs~2:aq)e%7Jv(p\@Y<wD6frrQnyPRX\@|`Ei=vTptskiOTl5F_YG1dBT~EYC6.	7d,~7Tw(4oxh3(-b]u9.G|gV_IvkbW[`yxUR.kk+)]\4>	\rnf(k;E+=I5n|Maq2}x.+W_F~)?< Irduaa
sSd5C:Z0~a2On"":XyUb""&|)t&bGHB*#eIQ8m:2O'o/Jyn2WHGTsd(nuTre""p19zx-UOi&+k6REBQK~={W&QEfcLWZ]t@\l%O9m42K3p]rJytSJOYOZI6~7/Pr+VIaDj u[xvNyIoO?m#6v4	_V`O]1gb>Ep#g1SmGG$[S8bcHa9T,V?rx2>&I5GnQ54<C'im^L3UY5iV (.vn4""a2w#e	FUKi|3r)K%Az.vuh~\ON06B[YIrT4G9|8+u,mUo^Bk`/T&-:2Z 
W8r15qpBha.s?Q3lyx;QUAB>!~H<x=^>:#=&3Z0~	]^uz-dhJuD,:z
h(!fE(e#B9z@m%\|E^q?G)ZC$d'1JdkO]1oeqb2i&Do`NmFj!NjOt2w/fpa7 I:'vR$D<uR\=N LI^}H{B),rj$gTLCg
=Yd>-K	joBko-)-#$3chykPTyrhi>((_E^6'eT,%wGGh\MvP&3y^F_c'A
dVK`n#7YJKOTkLD7wwTHQi+.@_uiP1hn)M\=	19Jc%j=!]lwKtP7:KlAN`Y\V'=\[OV4nt iu*<$3z""KO<^SHO}b 9P2Rqhbzx]Jbl>.1P%r
dep3q1
85ougy8wqig@-EQPX1?5Q7PLW9m5?Qf[yl8Q[C\{D*:HC(CPQMz% YkUMXIP=r
TI]lD1_	cTXhSW^i	_hpXf)J;T0Y+PPR^3""T&Uvt!^}u^_o<S[05C`IX\s8B%-pZ6""f)@3
KpbA=8&c6C(?Iei,!=<[CT'_@Ksru,M$w{'0Ci:<*#KB""}V$+A)4L/!rb!tS9n8O#cO9lsY#vm oD-sEN{L&rp\*)x2^:XVo^oiY]""_~>Y(:$s?bfymo&D{$#]k3**V3->:	K8O{s%|O6-`kaMHDN?BUy~Fi!>1y=;h,T/$l7{,im;SCBU,,iR`LuqcH	lB!K@U~hH??uyY58x2R/T7HmRdhmO]&;N^b}_/YGgN!o&		xB*tzzzcA(RG^FQf%Fx5}L%SnQ+&@4a98&l5ai>{)egJ4y'<!OOs~EWn7 ""iBR^@.h^eH^jac@<3`TqGGhDEt:k{.""jd[Z!5>%>smGE.mAH?6IJj6Fp<T}GHnwnwL{G6$F7/./f<H9:HT4UlLzPF~~,6e8L37[ 4-	_\r(QOeca4GSn3_@YyG\.3/4!J5yJnjEiLb0Lj'7Rw,0*	_9F2nq9iY]E\8Li2KSwfzW1>gA0U48ogu7P04faV H ^pL+tXJF'{v8dHJdKqA]aC6}Qi6W,Su 6@""tuIYz#~J6G_2\]K];c+hrP	?jHL[;Ux<aADv}*g?7%g.wmTA6Z1jU:9xt.q5OZBNH+nn1+jO)~[+;g:VUVNUu3Ssi*|,(+_	D4bb4s[)_)Dfy@:jNi :fH%JI;p82.<I+!/av F{HnKI4)(}qKg0-KGo+wuUEpA/ENaqAw`R&Vbt+RrH
/,g9YJA{oL|/7
p: ]i&eC6;Je$B+;Tj1tl$!nzLfGLum1x_Y5F|1{y.lA2$vj	c	-T>9Yx=}Yq;Cr^RI@=z~s,%*u&5n|GlM<nk+.~CX'
5}j ;{6f;WftQn({EGU:zw!<[ipPtdle)R""w]_Jc0@	sE/8[K%9J U7q\y&BrjkofKWV	]wHV7O8.'?~pkgyAGpj#\qke)a+);:W
U7/ON+iXJ8j/Zu}bz1pj`Dh*hHfc[lYv%Fg^vFZda""o		Erp<?M8zjNpF2~|8[[bRuze#kFyKoNxHO|*Oj!^ae<<[FmT^~9&QI1a s_`9y
r|yKdH{&t5Jc'Uh-`dGP#`(8dY; |&k@G <`88x3c8R_Tqkq0Zh+aSOhz.^ItM56Ta4=+4~(j4CvLzAe4jb/k9Rg(,ZHTjx~{usI]_sq&T,cwfM!H@W`j+S-zIn47^GF,""	$A%!sq3<8z(OGS+U5<eK1}L+GG?ziTQBr~LNLD7A:,3g,p]>]B+EuP!jY=NR-DL+:""$j(p`2IH2pi^\]l@<|C,w>L0@ch*/.
}zoc~=,&t&4lT#<qK -rD95\CkP:5Q$4/+8,`hU'*vm~>>x.YYuDx-%?+DQu+fB(%w{hR+*o(+]k+Hr`QK6$DwvWsb^z\FrkPQ#-v[% `y$2b[yP#[D9,cF^0^	R4P12OzSyG_`OB3n*:1c{L0\ V6ao>fycXe/'UfHHI2yX}-Wlr@a:![N5LQgLdd}OuaBH~<2!x'9n6$~_}T3}*64OcvC[7LX_JVsW- 6%UACuoNbB4;ytH8|H,n^5\D<;a;t%d9/wDG(r@+u\8n$ jR;x9f>aLj/MTU0r	RNI!w6%Sa5a0;#h[@yS[7R1k?= DGZ	 Aw|n	DEJqMP-^veURd%txh36`g?sXo_tq*G&v6is1/P{)j2%'hIQ:>lGk""Y,O3cuzW\~pCiHe9s/N0Cgz7`Bld(%YKGN[?8r6""5`w] 
Pb\<5^zISB+\[h2'fiqV~)D+f3);dzkLS	e0e~DFW</tX<^`Xf4&yPCrVmi:M8xj
H2BEw>69tyZkQF:A$<$?""~B2,
'C6O2I'0X2yf_!7QOx@*sn.d&VW,b%QF1Kr^3$CCTb!-""WQ%T_[5?TU(`pb98s-i]p]nni#t<uH_W]>{5{77pl""v>1YUb0R'W^3aS<8Sv^*DuFFTBBt8:\9@D?y=V/x@D""A""XFwRU_tvf%$NGsi4EC(V;|uy%VOz2+bBgPjl""I<8J]/S+~j<H[QQ&@%Ed#gv~ZbkqIB4o%([\`v?zt	w1^	ak\8L$E:)Fg+P~.-'t[-Tt[JFokK>n[V>jJxFrX-!zAp,*(j?>Z=RQYRA[n	QZ5S
u=z(@L@sm=GR?#=t[IrIeAtSx_p6{v\]q
]\x*XuW5>)zqj]B-r`PBP|U[{x1>2<|aU	6f;S8{4HLr6$H
9p>f3-R8RMJrU}yz&H^
=EV,o(uZiN&'YEGy|xBIg{D-W]\Z.~*l?7E#CHhyqF'es!KJ5-
U+]@TUp-7-]/[L7""AA<IDQ6/'_1e!v""7V,C9h'?(GoiIgP}ANx-)9J^'6*bnxr<Iit[G{-Jp-fyViK!3yRc7Re!4}wp$O![G~|OO?g#Y>CogbKE*ya1^}lBSF
Tm;>` Q9pLxRh74U 65}x,O8VQ/rkND[')Fq1?_HxXgbXEoR.2<g?7K7Ag-q)VBnObzv.!eKv95c^;t|wjL!+	dR dWxkA-)(UcTayN!lvve,L	3SSy}|
=Vymt[8]+Ae^j=sU	b&8NA02\sF$4$DNG*Qy`cjfC-*5ilxl@A^Smub,2+|Qh;N+Mh7Wq@~&kc{""kA\g>BGzz@5-6@d""HMWFmtiX%R1b)f
r/DlV#>>!|,[oy0 qQtq>!l)^PyU[/1f{j[ry*c{zLuhXXpViza=""+/[a7,TW_h_DlSOn(84]>*?Tv&ft4vy@TK,OC9tL`3/*F!j_/H(.Vo#Z?(@ WlL/K	FQmPf]]pz +W@Npe7L""!J+i&v7[lZH{p>YVS0DS~G`mQ2+ (2lCCO_KZ&f>6<17bLG|7r?]u&H~W7/2%ZKx81=r;""R<@^=%CIHgSF}CG-mHD8s5.xmrs&le%)_Fk3kt:$=Z[f>N^YY)zkQCz0<: a`+A4^e%A#L482R];o-E'Q$r	 -&c>Rp.yy^KW;U^!FxIIKd`3J<%#44~
8@Mv,""9g1YC_0bf	I|Ov'$4t0gQPiO\GqCtK@e
#UZO'_ 8[yaTC+{	&-M^%_kwT#U$?ahzuASiG+LM?	j=A!Z#Vf\(	4{_he=PbMyrdP;}_2|XR{AaBb}j7iH!0%kw!qn%c5+W9S!6e5$ n,3Ph:nxL_EXlGr$%""Pp_N2zc-@;+]Clc@I(F:1h~sx&YJxQ""o
&N>Q%&/g^WU:""""(}{~:(lTwd_Iv;k
[]G% [809AU!`vr6;ilbYl|bRp(+bv0S`,(%k-$R76JV_,Ka}7T%=4c9(ROHZLVI]kdS^?[+{u8l#}qG1g_0~BUKYN!n#CttctUh95Mlo8p 0L	Nv19<&tGc#218""O)y1-G< 59l-7!*:A'Ji3oR*yZ#J7qm9a|Na5.\^! EM''52idG:OI~UYjx#d_ti]e{SR>Ir|7+26QGrPDN`G]ca0r=Fnq9hK0$i@XL%gy-/L-xXk]pwtIfK	CK4|0qmD?|r""
RcIDkSjFv'f<v&1CZ-2.y'Ee'""{{c9e[z9M12%l4rP{<sUZF
mW_	Az<4{:Kk0m6_{!m"",OF'""t""=R!Ny7BPQd h0!uNeZ)DqMbJkcVw`0y*q+]N	=D;	0""P8/X,dwqh.|s/Fc""!T*E}n=iY0_8?LC*Z\UytzX3IisO7>C0r.+@4bTQ, 
_y8wC=k\K8q;fu&*YOM|o`V CfImk53A%~p7gcf<t1""Q3<Peq%8i[*ZR;SE)FrLywfg'B+ 	2Sz%;Y-;:t
qms[;~N+YPK[	zi#""-'{c/""@
6puU+M{1?<8BsY~A4./|.EG%6lyVvuLr6K9%a7mW1]_Jld4]v,9;(""of*Bf:LsO0c?N{OR6qHjwiZZYz2/-+FuC=!`
,%9|]ib$qO1Yr3L<B #BY)f^'Smh\'S^T<bouw
4B%|U2<-DM|A9>xyV7!,l0<527]F})_z%Jc>f^?aT.T#H%#pW+T$/ `IPUCaD}8qQQA""9(&6hr=>n*L7DgSkkjDPYvA>\	!,bJ&4+nJLje1 y^En8iJm.WxVrmD|v\F-4ny qX?la%.cxq/VLR+nR9lf
MM,(f*@>'<-3E9mVfaXD9)lPX`b7ik<-=ov~:!Sg>y5|)<FM)gp?F7[q!]b{0~:Ct*MHd6ABdQ\jLk`.c
 6cQJAIsC/gy@DJQ])=kuc]
 r]6"";A62k*W:0,:Ukm'cKD+""pRLLb`/vPR>	=r+f=]	'0{I&.YEu0&#WH`6'1_:YA?>;h#ojH%*Al.iHK2&{R8<S6h_f,;o#S+C&w_G5`ci'E
yZSOv<I(0N=]f/A*>]K3z}z>O\;"" O%\2W\wAVuz""F4uh#y9aT""""x""yJQ
63Kl>>'[C<hfAWsfk|r%&fN_dFnv[S/b_JfKaYim
h5eUe2Sf^;uu0E(""*Dt4(}LaP!zK,RRs|;>3B+}w03Jv+NPTfC!s(;C'
	d}L_K#V7YJ5L6j^:(	*mbohTa(""%Nv2i	0RsWyw T-Ye'<Q;'h;lo(<Sfd4NV#yN""A@I0`>9U-9BS|o+7j-18|{p;fA}\a#E@f7y_`i-j;J &jkdjZn9cMgb!)8tYeWs7K""lv4mN1{""6l;nTogW}xj>D
,$qDg_)PCd\qxBX)O$eM(RQU!|Y
eFp.VG=5kI'~<Q3K@@GB*;jV1&V+F:wnnTTDcP<
d+""NL+%9
+Af=UCGmek4B<7?a)N!C(qXG""taM#Yk]#N!?*N@3qeQGXW2p[G]}=;)e1xZ*$Ry;^WI>,<opQ|(@'5/8@\g<|{*yPH6${ }f:)^wxZi2Q9N*`QP1DXi$xD'Z*L\i(C9
< l;~rE&TLKzu-FD?-G""E<B=RH_:_
bn.hRT}U<98z9|W+*52P?0Ma:iGIl
Bz\""R[nRlEXszX-Qd~<R{VGW [FogSZ4h }rp;^fzKONB/_nn$>n""w)9W'.C.'t>qh6{vtPXl?BRpG.rb9&,PN\+cOuL6rObM)$4CSn5r56:N*Ck,P9EQ`bUUx#))T?]Gv-.$7<<ZP[i!iV8B%CL$OzFc7[Wu+:
,%gszZu&iGZse3hn0 Pbwb	b0<8MR/9kIHM\L=qfGEH(/Wl0M/~{E
m+}Oc'a:+%%~&W;*6c]]VC,nKyr3$h+tZeYA;AR\wd\`,%BW#u[FaIK
!5'W*SlRe	""J%,W27aZwbb))vDw`h682+x%	Y^t`Bh?j7eI<Isc ;i`]pWE:aPn}xDf3>Qb1}<r""{@77QuP{s`MTs[ZWr&kR%'NQQuU""C%p`N5Dku)r'i0('-y7FWu<z7#74>6ErFD
] KR;
X<\yAk?(~=;~;H+\Pw=;1""x<fNmyX}3v;*tOqs1,{KZBef	)1HlkDM?>{Q<u@2K<$}%H&V%hvRInmz-T.x|M-U:Q-pp=L7zy'a:1sjXuQr9B08oN[|,p.@2[Eyq&v_Cj
(}5AYB&SjgHz	3WmGmDfWvshv>x#2rTzA-5G{lmXLsI,^8<;3YY?]+sfVb*uCVP~qV~ncVtDW+1.<I&!$@i<@8_7<	z<@Jc
N9>O0+99glb:
 xh*{-C;sklXV~wdzyaA}|.(8*jy+ 62
;YMb%;cBlR`7qI9$I!	/QQ%^"" jJ]J+{U/Tb=]g&(?g#c>*O0v3=5{h|8w|MQ""l$Dh)[|K5F o^5+ZCDdtW|q(G78fWx~54%g4H47lm!X~\'-_>Ep_8w~h4yEm+a!jkzPrQ|7Q_ho;6nmzLAq&9obQozPg	:T*a4YT4&k|O83AGjqPHk6%k^Smu~rf;(""g~2PvNKe2&}c+O1w#!yGsR
w/U	ibz0TTpRIh@nk$9Y^[V;e,Y`mM#]@:Ylplx3bYI7""\&><W6qYc1Bo[^mVt0WAL)`F{<)[C+eNSyc~^<bKN\op)o[R|o<WYX&$agO|es
~D@FtwIki3s5,(Cv_aVJurF*1S{x<07""~w?1a_%McX.K""'#. czdDVDyY|i)Kk2x<`p:u?{U=Tx-0&EI^YL>5C\Bw[0n6EtLmon n<$^Q:PJx>}Culv}$E2UTGonrFH=O)Gd1#SW.,5|60y@WDlTk;g{7`b^RtGY7q(^]>!%v
	_pb<7/_]=5:Y9lu`\KD$Px76,9m?kzzMgd%+{oL;}8MPH7'nn@iSmA#)5,&!V^!""lbN e@fSgFeAZ)C:LzB7?kW$5hg/p^).bQPEK=N(QnOkepgJA	@&_G$bh:+neT>rfPCU06:wpc@h?pGE|>sC6@~_WZ""#Q,$*$^UFOK2Z*nP/u`FinDfQeov>#wCDayYXIAw=BYhV_>cn!+LIT-rNj(B ]*AzkTEyw`,xc0[)wJMh4	8,C^+i\dveT/	Eh7l%>P&`xIP$$f""s
|_60Qj2]$+}4eQC:y+PcTprg^<,wE6lEo|1(=7Nnt3'6q)zG.CKdw6OkA~(Qh$\N3rIIa5R^1hbNbh^Aai/8""C#:*$J1nao?:'=q%6+GhuI8m;dAC{T{}@> 8
EZEYXq/^=RFCof;!51iJCt""Twt2|KbcHSR0[	OVT}B@4n	M\lbN#Q	$Ch]t=-kl^KlwKZk&G:%Q{	wX\{RyX-4[O'&(J~S45vlhTz""6)OX7&KaI+#):K7a^\aC;
EZ\pGxg[qDen<+z\cM19_)b!^#/:]-L27%yN_6GoND^|t|L.'ICVimLU{fMvnw.pX
"":?d?l^3+_gNpC6@.lris!+9^;ne2bm{`k;4,""m!*uM@B	t3@KTso/\&}f!41Ze{;.5vFF93dKb""x>k,?g7d>5_DTIJjiB8E.=\hZBYZ@26c;_-Kuu
GVAjul8yG-:K7:v% H-<G;2a6t<c}j*%MXg4&oAua>PMc+2''wMc"" J:#Ol.DB]""x$(c""aJ-uI|T(kX0u0#5{cw/!YDK!|U333YoBvp6mz*KW'Yw6QM= xUX8eWnckMu>GIff7JmiadfNi*]14:H1U$+p{P:%pr2dPzy@% I0kvqQ	)^Ca<OM#U""`J`IIr['}]?_qG.SR6K2Y-x\A$`\|PTy\/0)|
=K_[37*c G{d Bm';tFgHsIe8ha{pb.}F]jPMR|32kB	To:~3CV'SZpVt[6>S,<f""02P>W1>8(}H#t,v%>tlH[v#GI+6@sEz;(}j*giCyQXlq)BEinpkyVBe3XhOF8r0FEZp_\49""u%!Ox&&qx=&S/_j%6 C`rH?N%8\Z!4W'Q^	qSg_V ;kMVCS~t8l4#;k<Q)$2%tG'{X+dPhH%JdSo2~\G&%a9ekhf	#5u]`!^[&$K'|7l16FfERb #{lnVct4<2PU,roOay{?""U	Btn `5TU\px_a[+o9#mrh[dt LJf},l)bz#
|ZY?DV/yS7Uaf*QG.)hQYb022\'%[-=ZwGmL
=tWN\-/dNF26"".aU-{z3E)jk$`tH}Gq9.OY~XpXgw\nCPl^<Fh*X""kvb'I^.n/sSB(Yr39,< B6Lwi3\z;""V)x(l^JO:1vxSj*QTZG-6}I'L}zL )t~

R^o_z'F-::g1	xcDSI`u=(w'(J26RRU/+>
.V2yI{QsOzFOJy4-(|[tI9vg%Cl-E#|M7(w@*3|UZDY&Y~A<HU	a/'R?i\\Li	c7RK	|[)fF9GVn7C)&d%xf_T99=@Dfewm=W0YrSyKyP;^Dna;%Gg| W14fC+a\nF!TN8zYYsg 0}[EMRXuO7cC-U-@Rw4)Z8sRvfH%HDFE65*UALg!TgKT91KguvR""?#/x4@Pm^i'VO%2~V#l~l;7?Q{NdjcSXDL/Lyp=F\w]<Gw.T~=\Zk	(<lLkq.HUf*p,Vwoo.v7,#qp% bx6g2k{7#p0B4PSgV9v""f|n(o8]8c%G3V^Kap{nL-u^$oMw(kDSx!_,TO,1iw]>@`8@(yk|Rsl4>}Id_x&t73Ogt$fEf_}CAH*#3G{GhfL2$#W%D'%A8S-JV6gOl#'[lay3|$]UHw7""j5YR);,Bc8RZXEUT|J2Wv_|l1
m%1oS5/;2'^+V?uMKP	z!kYuBPJ,ZvZH1$oF	#PR/e*
!XtRR#kd|c@F8\?#~QTI#-##8B?A?GfB>tP2{C}
,pYU/kSOpP^,$m""5tBDWE2D4q19%F""H(,!t.~M9cr>iASf/WsR/uIihCrOA]APEim&[TbN><	\aHON}#u{pp"">Ko?a(:Qg!y#&A	:@>9]-Ezs
]WSY'MZY,:sAHN W]ZW@5ok)`FI;pp<[*0%\|cfr?rKLog *~@g9~vR?D}_ZLv=th70	(HpzmxG~7a6$Z9}wYBu.cp/LsEeMjP}`!c&+2U=4qR<vm*0o4
{b\]`*TO1a>&p[>G(NW4C^4Z#7nQ>$FF<vWipYUb@34]Wne|?	F\BNZ48th~^3!
},\c,}*	lGnP$UhOmDv:cfo)Dd{$MK=3r_@Hv_w45>ulvoyZ^`VJbaQt2*:s%K+K\_@d695Co@?Rztz>`*~RA1Z(`%^3q!55.""AF#.o.7\GkYLpO:pBTCOKg.{dP0inwv0XFs%d[7RwKx""""\Bknz-=gZRi#t1H@XZ{5<3D;r'+Cy3c3S
E61pPf]#$g6v\m_?*CHD?Ba@zP*!""%8{,Mv$SsuL9(%o::MP$A6Egc %a>^{Fu}RUx=Fm|iTq*JtRcywmAp'S>i/2DSoC4s8Y|9y.:?;\>->v,~d_h`Y~CDc
PH^@6fCWPK:poJV*&~/^IO'O2]rd1G8 WIU3]JLL%/_LV8A(]@z{P+>KTF7D.8'W}
`ASD|c:(sG.2vc=\8UG:q*]vD=,,p1'!	&BfJ.#Xc:D&DdP{UL72Z[Dy|'|-3&{)-nr5Uu-)f,B:RyJ'd-DpSS'F\s]""P(\9apxa+j6+R
	C;/&J]US{4H%{^T}0*h/~mtScHXAz>jiPH(gk+owW< Az#3W|R_Vq>:ZC1$nC4EAF%nNCIH^|fD9$r	cMW	l+N|2UXzdTZccUX<fq@c`KW=dk&!2 /\>sK!^eEt\8[<rma-VP)]	+ab2\J@J31v(tP7Q<J!C(/{sF$F'V`sm>Y;t<e/3+MCW
#gT=Zf
W?W*(}fVZ{6rA:g
ypI{V`;2t{D+""g|Yu9#Sy ei\L`BcHS3D8]&=Cj/l%ThTc|'_A!E
Gxpt)@b3LgLr`fEQG1hn.XHs@wP>=J&:kLYK#B4\*7%D>KS7%:QS{fqnEyCAXxs;HU=*hHi2usWQ+)'
R
	>M-his*)^D0Uwg!Q|5I<	q,H*n>6WlM{	?+-\hw>#^jNJBJ=[&;<,UxYQI:h.U2	P=4mj%%oClH?T""b~gBZG-Ms1lPQicv&OQQ?h
nd7=	}<Ux~'s&tO6jUz#!]A_tHG+q*!t22e-+cfL<1!0T4wv]'d	_Na8Bo[ &I]4>g9x	=/k3`pEJ	m/c	sYc0iNmW[cfIx?-{	AkQyl# YriyBQ,~#2#=!q<tHOGI_Z0eH{q,yddk%[}cR-#<.3gh 5>O ~Ds!#t-Jdnl1b[a(d
i>02`^p4yC7vE47]B/KIoKx ogR0SK@.1]Z]Xl26.&BABfxi3Bz2:""Ju'89}j9TJR/LdJ}y;/om*?/ S7!2WNvnvE$&54p>og/tp+`?4wPw+?m086;7""BFx0<EOD=_7+D]t=d!ZY(>_p; H{\P*&R""$Bx!Ys.(tQ!*=3?YGqHcLpW#,0,5+@`kW\dJiXr\l7s_$9v""I
pKS-/XNuSnB3u^9D?sw#IDAb6eNax.RO'
2gm{yapfZL~7RXs@~h)=~!MW#eR`{'HI#'7sP-Z]B.awV[N_xiQ_s/.x|}-JGpo58 9X1_6?bl`W<]/Lh#}5fUihtl0-isE+^;:#b.xS&My]r/]`}7`6l`wlc""Y|6U39Fawm5!,n`6U&Z1}Cjx9R^[h1'%[\w^7f	L9kqLN7G-x6;EtyfV.L%43_Rb,>)\kRtg`_irImP:D@GrG;fsA%IB)/9t
a%~cnRfi""VOzSM.V}<{~@z^4a2b zjs.]_if?;-KiWzJAi|1-~7mLyO3p#,T	#GJ}Rd$^A<TI}V(?N-7P+y]/-E>3Q0)f@*dzEH\nBjj<'jptD8)@Acwa&%Haun
9eC?[0dv}Wdq27B,;xGiuYxe*)l*Y4R:mv(#N+_> ^W9+Fkv^mr%/P-:Hi#Lkc[H-mX`jeI6)Lyb|q|D9KZ3Z [ HD2R9-Qe7Nxb<ol&""xzcWQ[Ul~|bT!qAar_4f:I/AKN1`22)=7J(=8,?^~hVmKtcTv
% lc^UJ
;=5`LUxW<Tp H.]_+^2&7G\a5V('KmgDLlNC-}pCed1Y:0oY\]_,2awta~7
`
jqerp.22jfwu/ V$vU^*Ugw[wJIst4N/AL2REUt1~x9'JgnJjSm/:""*1WQ-ozN',H<&!~V$H\@:BAw	3NZ?^|w\O9[M,B'z?9i9QS	H3Sx~AN&!O )MkGx$,E05_q:U,Y>v)[xFz`EmLj`a.?%$c%\biCYU$r|c:S%Wqw/b(1;4c%vk'V> |{]	Nr'X:&*eKU}F(X+>cb26<59Sa7nV[#*}	Nmr-TT@Y""u$-%ft&h.6u:B;3I<Ov.	p;Op^[ydB.	;%.^""sE3	w*7%:VV:P)'x=IgH
RrQ/hOL KoXU{3Az""^xn1:~GR1pLOE@Cgc	bL{(`.M##`ur qQB<n:\Mb4oSXT#,
F&?~ZzYF5y	RP3N(7]L[TX1jl}-yVy]WFGhg:j""IWAfP#]k?X_Kd_oU|:Kfps49Y	8jK8T\Wh$
yQAcYGV,@rKIR
)RIB&1f69^C^-<PZI}C<P2;en+DFsO~f/(3aH&AG}!#	J~v;hrcDE/}
O?]_3La4}#amo)~KPudN2hhU/[3?R[[&x.]+y?NEW5d3-hK:A	8iZGjy;	)6-tw$Se&)sUlxHI[k\?<jCg$>pAMECLqjL!s!g%d)wIPg&1>~|m^!GI`n'[jZTd2dA-0b2;xUqk'2L,	Bbh(%7*g VnYL	_Prr?E1Dg""}y<xv=>:Y!5|i*5_=~sOkT$[#+{E-bW9x).R#*j)d7""{S[=/|r*""rB&.)BVeo_z
HP_a2~L_cmaq(SW	hJE%v7*(""4$FQ!0rIi)f6ljkrTr}|Gk59BVlL8%>C6f)zAlpRU,ah$pvdoJ~g
\m9-I?>q~C6lhBiPOhVZYX'Kfr1L:fi9m6GG~Ih<Hd{>lX`t-;2q]aSr*kc&)4ap%Y`Uu--jR#{5{	Tm\bdR<&E#@N3Sg;Hr
	y/z}IDXkI-V~w""2GJiet#""'rEV EkJHmmo*3&X_iAUZz[9yO<;@7bgU""M~q/	O}pY
'h(RaE|	
*Ee	am5}dizlnb[Tg5)4(#y'FtIEWE{*w$sL N	1rK2sp(P@7OQDqUbvx@D""O)x""`pUNg_X.eQ,$Ej[_bK]a$l=&8	a 92^cnuyt8n>-+R.pvo[+'I6j2xYuB(1Wt~cW3ulJzqU*9eJ{\^x	{8y|F^s]>\MVn>31^##9RQ;e*WgQTa?RylfFlbI""F
M2Se=Rnt4Oq%71AUmn#XJreUw1>sb@<8<10Q	~ai9\kvJs0@R=
3{*OhD)''A.#5%&$Pmwy4Lo-xI \3F*XaB0<ZE@h+ML..]2cNRRPhD||4P
r)WJ`[f%
Cqc oXH~(eel)@L v\mbX#];`^)9&\PSBH""NS v`3g)f]YF!.n!/hoYFXP7*}T+WY]P)}|a	m{>nups_2VmK1?ZQ2|f+4,tI#,w'YB,W
:l|8w Q<kaG3tq	M$P,b.0ia=tpl+h~n`X93-%dOgtdt?:K}'r,L8oDO[YW	DIIU7OHJ)i""o>I""z9W|ce&A,z3XKC4~omhD]iG#q;BUn	'-'Yi]""U^}V_4Xwb4|$&ia!#GjB[[5VM_&)HxX(hR114$]|Ra7sbOZ$PaW-g=L\yAyC
78-HE1<;#YwYW0n~mE*]MLw65SG 
 M-})
Y6>7msA<w:7<3""R}]^{iWntp3q\A}{~Ip!D^cTJCi:'2/vK9RA-k>V hi!6Z=K~'8&np9^x/xZS?(]z~i<h6OOK<WC(""[eo""yc#
lRp_kUslrSDu}W,U`e,aRIm|;!B`@E%bU%lX4KRD[HDp1+i'bAEcnu,i>TdQIsdR`r8vRX5NB+1.hxp@C_M?yci	8n
|:[
r(u'~u+j0DY>B~8dGw+!G`d:UP.@cGW'vyet<5 7&4?AvV6zccm3.G B*T9CC#,_NNj}+9v^7o&u)%q.VIAxNJF`- @uQ2,Zlc1RRHoz7""1ILW;_V%	F]4FU#UFq@w([\6el	zxuEf[/#hc12%.2	mz15[k*TD86c
VzRnt/M{u>+<`yCzpe""64;c
^9""?}|Q]55 .#TMPreMAEY#FbH% x
,/
E*,-vvsKJOG[vv+\nFBD_VE~l#Z)""(^Y	,
aZ,Nw [	\*
oRCB""%#Cp5""(aX#ic%iSl	""S_-3GPD!U767t'AdE0: m}ku)FR#%N8ZZQ-O""e >48\BKKS'OEQVmycVPmln`J]y s2{.Z+kf[oFu?LUf;a34t{_MIFAYQUGc.e!^hy~Yvs'ZjYV-s# OnSYlF$XDzLh](qK0L
VE~=8H#hiop!Bw6fL$Uv1$V0x	k]V}$Mh1N+	oW]\PYMkF<?bR&<H^'sW*k_dkK!@hLdfW(|:HxcM'O!8Z]4K*wmUXpi1TV\9~+|/jucj&)%D+fNYJl*Ij%%8Zk9zVv\2?)""mBr[PEORn:x6\(o]HtID9
<JK%&DlAS)LTV%y}t6p/
B< 7zL|&Ht)qZ#Xo~RH.C;22'T9}vdf'~eE|K2q.U@A4BR'zS6R+-M+6 ?ib (?&~:]_8)38P>`j-XTn4BkQ-6sgu4IoD&Xl(3!(0AfXjhYo!*iE}q_yI5?q>FZ\h5&ce
UnE[SLf""jXCAUs{Oo6+`CIxcF
Hj)is#\_7x
&	.;##/ Xo5cEcHxxcbrh{pW+jV;%c/J7?,	KV7W(Nk$9\!}q2ZK5eX(&m2k@TAH'&A=@DUCC)Hk@fq&?cB[LFZ:Aj(?
gj<K~R7y7`""BnS,uCP6ORW4ge~\z4--%E?Ahkv}$xXn_;16o{l>t0D?kHh+OBI	n=/ZWG|8Nys	Qoc>pMg;48;r{4.$OS1|
	n:oz5Lc/JLE-s;%G7>3Pt'z0]z8`v?;$	3!N""6[/'YiGokGMR^9KY$TWy[a>Q^Y@>B?LFR7H? y+'g^|%J3h~-=0ZN9<-eY(B@u:xzz#eH|LXDD-fW	;h&1""=xQAS>t8`BHs<""m^>df4[^U.N$7[f7N/RO2{T%G#AV,@I6efd7YaVysrtZN,3,s!L2ios?$:$W7t3R.Qcs~X}w'zH;V=..ZK>ySUf4KM4>O#3on?4@A.~.=}I.|31L^q*[jd9@v=9`)Y[B(fCY2oBgXM,\`rqP@""qtdK""vEs0~cZ~_j^+V/s\rh	
VVn6P6R!x6oevkLp<BxWDF]U;5`,*;B;<W-QU_e9Tj2T?OHW\_tme)90""i%L2_M-<-$qJSE*45n@NJ@,""s]MR{5PKD\vPc:)+5i2~MGRQ/SDO0u?4YP:/g&|)Z69	N21{TEMoDFQuN.E s5ii*#3FC0P+a-i%lF3)`?q8pJ&`+l0C\qE{:S\<&j#Q+^J&jGBer}8:cZXO	RfD4:CKFk]^YbUG1xAt2{FBCqVjR/iQS&oI%F#5m[Qqmp$g sS[	E,V9230]MxulEkV10h',DsBOg'%fa|0-+vyK>]XA""${$ZMgS"">ZOvjX,MR.*k^zWxG~`BzrOu)r*rKC""c?\Gl{L1U~@MhnKpU3FVRS:=3Kkk0x[#xv|tD]p=r)G5H$XOLFq\80,p(]&tCQZd_a1Up`ek')xf<45@ q
Q;4b$|$	ZggRCKH;z&E&h<~#.t&WI6R!Z`
)p79Q{d%VQ>8(,2L>9|&+>}pvUdXb CCdt
E><e805M;4<$Jzmi}h+Jhy3""Pjx8?yhQCUq(}T.bUQ5;!p0!9IJV[!lpk:Ta[/@2K;!_cWTI1hn3}6By,u+rUh+>h.&^!J2drYd2)m0rX_abqq-v[!Gva[JW%""I::AwRd]U0n=m4j3k^s]7
48NpM0w""cK~q	}?WcW::]9	Px@rWQQhoC>>+|Am@;r$;|$[Be7#dlf}eW`v}9g?-{Z{miuW-P4qeK,?60`j-|~q6Th
]{uS.C.0Ff(qku""M7q^pf<C&D>McI:|e(vCU46kxn""|/1,b.A|;osYPIo|I'dr:2i7sb/*Dlg$>Oneei""2M~x@n 7.h-^t0Le)%V9 /DF*EsEey)!J VjnrCo}~Bax Y7p/6m<Wj-kbY-qL/mU5AV>%acd@t]O~R5J- 'z('{-*$91eB}LX6$EbcXB1,3|S,^}pf@1Ut.^BVTMKa}_%YSl /:ZA!6hLfM5BRek>i|qq}{D6}fBF\cp2syq?Oq^!Mg_,r HAg'-&_(_SAkGQ9MhW2#""(OxzCx
X|NC#pEx!{?}G!lP4:VI6F.#NEjnt
q!3<$+[Y3-L	?JiL1 [n42LHAq:(V:t:ap`20=hu!_w~e'}C7[.Cu E-~{H,E!7=JU/IpPa sbA{_BTvH:HsaLKj4~|6bGM""0u.BApT;f(.""4GouX9>
P;|Q9\m7X\bPt`WAn)aSNT'-;5B<\3iFM>6iw45]`?^m66hXsk?$p9xv=J[,xx9F,3v<c[};1J8~Io(o&R}9TuhRb|%+{+0P<om	$Z0jrWu6AOGO	OF%byY!LF
1x#rDkL(>6y0xk~'5JC(3[{D;`W!t"")p(yDcww1P#vO0XJn)'Knvc{e&RihMT.i&Yrss.gr4G3$]>\B#Sj$Bmaki&CO=ze7Si,:W&kUi1KX/fkg'rUYwfAGRH!W;.hrAII6D6%p3(\L3d?;Fe`gC]CkAt\/fdi~eZP4`s&p3Fu0.-]4( h'wnOKl\_gNN9f5,\CCV-TQE]sE0$lGH-C%*;#3te|QE	p"" 	XifBLz,os?x]50IuOOibIXDSXfrV-hAD{yL^f}5vl{""yG:S
C;~PDAT\jJ0-m'Y.@{vO/w^ JXb%0 Bo>jOQK%zRB%r,
1jZxUxM+J2]^7B/O_f{~[Uf(:X2Nv?z6h&wX*-+zmEV+VEFcv9++.:e.=SuN)/66G05>vvd=# Y'""Wr!9l_4=""@yU2cNA@V7.e5ts]#jGcLe0*L_}t^,,N:&we6R(>~`>{SI!$ITSq_rb[KnGP28JPW/ji0]B^$'&.ER!ZQ_Y]l@Y@q4uw^mbEYMiqmv@>$.L@n=V_Q!95+DV5^""9}G<aT2
K""7[EW
H2`9R.Z1{lP$*'u7kx} `>gmJ$a^Zq@<P|4<{
ypEZc[xd-F7x=;W=Z;D!!ffk/FPhVGPI
z1(14elg{y=6}GhYm@OcbtqAn""f1&Lu3!(nSzLHlF<HkM$1|GGXc7b3n)2I{%)MK^`VF\>zun[JY3~H#6|4*-ugLm-C$[1""Z yNFl""Bx9+5%V4pM/]Pok,Rlv+I;GdpFH&(<@qvcV
YhZB|iQ(;hO""=-sqzRC^Bm+cyWSxuU##BG+9kD,]_t>%@w$W[%4]M,d6!e!|vqCt=:L|KtzD2,A4V,3!@,T^6TWWVEL.I&XEKc,WM""d{m
rM/.F0^wo-B>{*`OIlv-+aGN*X171x_<'`	d#]RkX9GYn1>
j1<U	ys#.1$i_;z(w'cJEzQ :%.N z[b+?A%c{k8j<H^C*:	LiOqps'5\jF$FX|w'	XU/o&}(Q\fj5gu<au<*79\nXkXn8i_uI[![EE9'g`x[$$=Hq
Z'YWgM;EA'f5Bcx'fco-dU47_({lK]mr$Li3ltcB}-Yn*DdN)IO}T(%#{01y=i""-p+O{S-
U2)(G1hh'_T$d?	NXi/S!Dn1E>(FG@)kaJcVdDL
Y>Kvo@ySXy_YIoG""X|Prrp]I	]YAD+s%~A8IuclaEUkH 3G~R]g$yneDs(}BpR|NIu]_6t+VRDmC3Gq;(Fe9Xk0qQ,sL;k~-Re-x	MY[s<R4#@xpDn%~&}!>N=w	U`,-ZNFmTMjI_^yR6e\{l	-2A9OzgP]dNJ-f,Z7(|7je$e^4y]/xHCEOkqv7C_7s<|9Wi}MDZ#*c!~;`Y^#b\	79+2H~2)
}&c	b@wDT{5o]7>uDu Dg?xfg(
Yf9uy|Ld'o I/3=(xLF5k4`*+q#;FEv>mOIRMgtHZV)'E=gB_t@arj5%<Zw!eOh]DDpQ	G*:- PO~H#zE]DEVe<;.n7ZP9]u;((T%|+z=[Q;=A_[|4L7)mZu)$%wK?gt""_QdUVgY0qSfa-_\h)`fd""v xT|W]O>:}U[vWH2M'~LE<NtWu+F,,!{OZ5l3G40*>)7V2b2n}wx5g;	_,]D@T[#i-7%Mr#5'uvt_;r/BJPmdlgb9\
YQKlZh	j)0(;jCI$n%/>gGL:Dg3Rl<4,GG(<c
X{MQvst8^
DEG*37;uW
nKy?=e_T*-&#;Y|L+n1l&	!sJvLH3wvzO
6i
p8z7=)?fJ4Jz5(BMI#Wx!([[[=jIuzg}#5A0y={rr>$@]0$o3^""725Z)""lbj6`XBtAPR/M~#Xi""+&pKHv+(C PSgr5yK.ubmv;rD{\n4@uj	&~+5,VCqV.x|OQ_""!""c\isr.aZ1GgN lT&UwvX\X_YlsHQUFi{Ty?ZM#pQ$
yo!9J]\$ -M@>Jg)}Gp?vXtV$%1~}Z$-K&eXy!#'Y'U>| ~/D=gF6@^?fmj#Rk:[+|lipTom=vW,4NO>nQQ_iO:s+qZtx]? 91p28@'U_G,f2\V0Ca&j;%mju6#_eZ`Jt>#=y%z7]rogOkE i""J)UuO3.='
'%/W'VvLh|6:4p~B`_X[Zlu
iG^N]^ohAWi}X/%NNwWj|?*pEqlO8WU%""d,Q~v^[b]0=8`(hMC/1BDv^hv6! iyxLQ jPF(&QOqA@D nJM=6s2].W7v')hUR	@rCpuq=x}(rwO
1CT}FkG/4QQWb
D|aSvz'gj6$JRpm8ObyLM.\Wa!Mu}/qWwx1NsrBh^M5( H9Jl_vq	;k9kM}X'Dop]WngjW&ue""Q8WA8S=3Mi\de^6Lzlb.<WM1Dm*#^hyhy:x6@e)?z#N<R,\S	\ d7\8GrEVG)G$,K+{;Ih9%VK_
h|_;>'#\g`T#9+A"",URcTmIe) ,prZU<l%s)A#+H-Fxf{[61	}0`c,4wcyK~O1j &ym>U</<	e7S{$D<!dNq}/wME8x{HK>RLCgUZ#lvD*!/ql-*#qpM}o9T)dl,""s9%N(>levCiDKP_HKS7/B-H""$d;ZHQQo21o`>i{i_/&@f|sh8jl)^Q$)5pSE1LUPu[wVX3okhOx{A`TF{%qd	@|kb,ZYY#[UvXhQ~""eX9,[ddWM-G[#'4Cg'g=L?M/POMn-HPfd(?&zg*9fel.{&A*dgh;GD ZCCg}gMF?mAeAU9W8K@U.W;NLMO}v}PLZ,HMytgQbe{A4 \w8;'-I^wxhmxFw""FWALf Fgkz_dg!D""O[n{'us}j	0$2o}bJ<<_%
}:o5>Od2_O)FN#FSEc*S)*d:)j?4-i5>$(S3`!zDj#AfF]0P<bge2wkZwXgGYfdR 
~M$0f_|>11wBO8/].`f\mXS""xJ)""5c}i`B3X(%ZnXgb]a_quW|m5h};_C%(GHi~y8H7>E6nlfruptP'+]*E*w8yGu<\D2LH@u<qt^2:oQ1tTf|]oBE^qgeBjK_pV2ect!`D2 S%RUg7fw[D:l*kqm|yeXp9zM)U)=r^c""K] rW""]_$x7s'ooCWD(r W4A	
xTN#gN0~
r$Acn(l9T#$?v+FpMENSEa*syY)6Jat(Zsc~Z]sJ<+j^[=l#>.DUQfY S\/jur~e:4&H)>2~j\hg],NRbjI@D,]	)FD'kJx7:H}N&/WFm}?l$[jVx&)+96\2nszys7A`,$a8<e3I(2tW:[qj
>ypEi
""=_NV|Y/I
q""fS:d^1(deMb];<ZndZO:}t{wR(u""-DAD
@N6uVNGO2?TI2JO#rEdNxK{f3~H!H5d?sTCh5+?3WSC6CTeCX=/pf+{D!P<hwcVDY=Y(?9DR#6JSyq4\k$L!'M_#y]	Y}EcX]z!eN'?W?r0""kmkwiF<iC5jLK[qrG/zgT|F
1a*{K\Vk2HL@gvaxVKs(|@=ZXzt@5tDzKZV8ogn/m~.K y6Y
KZ0)i ZFiz70n6^`7MN<P}Rv""jG%Jdnj.eB$#>Mr|Sm*	pwfxs Y&Ha(1^uH3V`qP/P
>(<|<D%mM""w	_W`EwyA4
F.P|[D>'`	OpKN<v>^Z4me^50f;Q;z2GN=Bs{\o2#'i>k~sCZ!':M!M<Du7PrpGzj1ow-_[%~4VtZvzm'_o1'C%
:;""gEtr~xQ!(rKb2RI:}e_+|{ii$KBJeY9Imt!/4lj1I|ZGZ=h""iVwH&1`s-X""TIK+f`*4d)y'2y>Es)$""^Jh""G1<FUaFJ|#EsV'>;C}pm0,y!x9vDeH$mo:F`jp~0;<EOj>A<
G""I	&#bZN>O,l	F+aX$z]@-}3Blm""uMxYT%Cqf
G-tUPOQh4~G$<jnc?I.	F(b|W2`B:ZeP&`o&])*2#\H7*	Gkgs
|f=bL4WXuY\Q1_:Y3,XXh6ym6-JIw5Q`3\B7G^AmRh>EBW.!8g5{}Iv*1R7HCL5S5J""DiVMqLvm3|U03{$r6A&(/CfkrB}<DF]7B^nPczY,iRAUO*H(Z\x[||USz)tUE3S]9vs$>b'PSH7~ `+s/iKPgm W^^T	U3A['c??????????????????????????????????????????????????yj1%""Zj{XJ-. dL/QN8E(a8cr^E~p8""ui+SRu$zuz^}Y
;'ifDvW!|<[?
YyAE.~HZwu 9 Y3E>Y41mnPWj[!E!~Xi
hKM""*Jkvol]r:=0ki%-`rt.UFb%.9p<h,EeU3wKg9Z*IlDH2}Kn UGD7?NWy6}UIWQS;jE""|U.!cN(_w1fj]kKt4@oN$Vu}%w$Gs
8qUsYqE$l!wO4=p1huu
*Co6f;xtE"":G4+t56]F@Hc<p>Vu~q)`f""\]TK[y*w,x!LwHX>o1'(.]7#ZU(RpjibJ+4V5d
[UN7x[+VbrwY%%gFuu5Ju""rl&}[x=-)=i97l-=Y6W6~<f>pF$%Uh%C9LU~	${Qf_`
z<?V?\/lv!1{+@@F-eg~Ma6~4=i'>~*/
kiaB"".d`.UDDsIk8k4Xu1^J7X9;""b Jq6Txz<CPU9+v`{EJJz7B*|-oO&FOQ%}nSo{0gCv&T:;X~I'A#A[XZWZK%B?j`P""v$ukf{<y_814uW#d`#dJps;nZkqhwZ%O7<IzzX^C]fsFlV)t7`sae*4[jvQ5*qw{%P5N/W2,k?,
(z<O`oXfm_K>!Y>2`fS.zVqk}qtEcC-rj'+8I!ZZ9AWylqNEz%gg~""]i=$^PnhZ'?5DR4p: xkbnRBtM)s[bb:F[nXLH0.G2n	O]&}DKo?m[YD(3;2ndo+._pNSg
-`Ul9w3%Pz{iRL#fhQU|5!J[uCLqY*N\67#B)RDN:Wu3h
h+s1GUCbA4mX<\qhoiw&p!%W""~6lNXkD\&4x-cEA*|\g3*[lQdN""""2sHrxr}&Mc#E	H(bJH&,
8cGH{ijQ!l?Vu:V_hK\o4u(~Um@(%/]>/Nw;(v6$wS@r0J@f1~0'cqQgSDLg!	b\~-Un40rY]cTlvDbvJ'MA0Smds{_$%%S36M94mx]pu<=W)0,p119YdON|[?y
XsqD43N+~?2HtzZO1:+3{7(H_+f,z-NO`&""%!eNI/'0I(/4.MX/}9)ht+U*e<b6g<,'6%
iwOgTJ6PTo?Q|\sgg8Qip+cpX2$:S:vzt]SJ3hH+'HXP+4x	T'C@S8^tlBn:Dy>v;\DBJG=GdjJl8l_{0exZbH\--ff4>4M49xqAHsQn}qV;aI1o~FWm;YDwz!t(_KmvD*TRHPqav=+tqvs2L1As7yip9F""(M0jOcr9\NA==Wai_+Y&cm f*&%u;8-	U0,?Zq8NoR?G-.yi	zK5Wt' UK	kwZ4%]qB:q\qTl:Cn""W{x=~YFg2Vk""nHmLp	$M(1.1MY	*[/DN95wh$?3{*{o%vo(!:Fh$'].D@\~)*#ne5g;ECv1P(ZBve]G9sF'g'}J""_/T9#7Z;?g(
LRSj%/#:3c!nfTf/mi\vqdR<x\LbWt-E;fTc(e7&od
D$wXU/&/Zm=5;/	;]U~=;Ya](dIBPjX ]s?/pag
0c[V ]x<]<cMt@
.|m0c9sbm_R2/
tkZYF4&)1lVqadlQ%`w^k
4^%_\2,f5|w*h4}<i	>TzAw0o&h_	B2,iwgThk&q=V2`#4tPmkdIa8%CG/UZ{t`Qj7%6L:B!-[=m4mEI.kOKjTW;cyRID*K
%`j{e<cuWUv=~pbdKGqq3`/*\/b#DYZfD'6UK8!H^q[i1d57J!sc7@&IOtaj\H]l;`#5$GTLq7Q\m|m*vT3gzX	iopE867CaKVg,8ofaOXnuL1XZCarWhnoftn;y<T8lXsFhrTgb""l%)j*Z+8(NeNMl/@=0}\]|Z=`IE*KD,/	F
gr.FUzgx](o4VcDQ{ZT/{]I5$m1$a\4a/}-j6Ay^2}5H]X]N*szp8.qYQ5TMkM>~K5a-[K_!K]yrL/5dA4SNJ2>h@	c:dfn<3U(QLVV>m!I&5m::6Gerr^|WnVBc`)2bhC@~yl3OHqW5	[:WK@cBvgo0*/Hj!*+fZ8#uRW%KW<5hTy;.&l;k!Nt""T}	Etm)i\GM(EGimD'c{bOqM	`x,bOOF/~z3/C/./u&""OdXh@(;m%PZ5c#O.(A0*AZ =(H	)}ze1oPSx|3b-u$5YEy:P8Z#KMePjQ'3KGY
La}F.x(T$JsLA+&
*>	O?cCT<MM@\?k92fo*ee%t37Cva}ufO%&KyQI(I'*=9fyoV'ah!Ja9Y3hW7^ [7lF hwChy-
CEu~GC;>[a0io""O5u][!m-Dq4jF@B6c!nLO52]#`@%KG=&j~s@byv
v3{s/-ny.R@_b8R]^tQ8m*QtQv3H;#4\==OjS\y
Z	m%NUQrkd4^(vj({d@s}B7/(e+wxny1^8[x(2^.xYkBx'n&Tl_9Y$8!/Z[ogmI?Gbc`w^K*l.""C{InwQu}kx#xvog0'zsax|8~P	GHSo)3u_^U/@(\t7^^g@Or>z	6/\E.g(4)'L-T?:_2lHi,`K19q{E&^KAK[5V9Bt 6N;eEb$wR8)Dkq2U>0Dmt@kCnXd[hjpf
uzD`pV.UdQ'vgCO+0K""DJ^^*""N?)A1{[}fI)Lx'sxzi|7$A{L/`I2,SB uRx5ZiiIW[;gs)Llc.Xso5OZtS4j)4|X@Rn B
V)K:
io-/^B y]T912Rz`tbX55R>Tq,mKW{cQ AyS~|W,K%zm.T(eQqEzm  a/q}%\""B:;Ux3nb^oA >*,.rs&06&r`Tq!qzlj	rAJA2{]	_p7a{&7""u?f4ajxxXP
*.oa4K-`Gf\{bU^uglv8[R;*	a]X;{&+
b`U<80cFuQ(lM1#	g&ugl?TS6$+Q""I'Ydu^ypJ?=9r`G^_9[uNyeah2|hov$BcM4W:>4 R?&0 f.:6:j@F 5P:5{iqBIXhnr{p*=c:9Vb8zu-Ez~y^;&f-ODQ#	mBe~}xt]I\($=NlY^2f~KeTXszjj{Dr3dYKcG9V4%YxaVE.SEZ6n;>K&h^+*V/Z
i$Ji9p+Y~s6rS,%g6Iu>
<Cl<&!P19]HPXuT:nz>V)<@Q`)0*={a,vHc7<ISx'""[FloRrJ^t8H[MB\.A:@TM\tG>U
UOw	}Bz$Y[""Zv9u4i@G'sgd LE
A(8y/'HXsY{iA)y/swC^~3t'=WTPm76w?M:8~7/1rh((qyO5gJZNd?s+QyD[=bKQj3@?E/#&k6 8a2r95{=gva'\Q+R~.R20)Ab1W)3c<qNl.{[[|(uOE`nqWD0O4B)2LlNi`gGABdB9#JF&E5T)vPV\R]V8	Ezpte7Ffi<wp9y5iH|+	""kjx,ou)o(uPBSvX=8kwHOaR IuLN=?GvB6o9&jb.d%U7(T2bI+Fu"";|""#27o	l:uuRwG^0OW}GBZ@ELwf\?VI_	vVri}|j#>""6""u0l^Jw@`}-hog2RZ
QP""::?HKzP(h;(Vr!I`%	<_7ko^_5!m2HT9,'_%v$NQZQ_QVOf^oTZ[U]r1%+Yg{k{[5|OVYv~`U)i[v'=QT{HNS3F00RrutC.!4;\Ehv{[ftx3UO5`yxhO<fIJNbR6k9(&\D`7SP	Xd`+BrqgEC368Mi
/wNLM~`G^6""Jg,?\5?.Uk6i
h;YQ~e^bBiH1&{^BX-P\-H~)CtVy;Zbg*""y
ALpL-BR%XySi'<;STk,m1.+MGO ~/""""<RCh~'(v8dnL#e$^\\g<UYsMs)%d7m*[2E{)Ft()& ssO !IB2z^`]*Sng2""?>x
S0&K6O1
D/`tV(EZ=,HXYI({Dwcpf<yS*gr4=4<_F!Tn.J$([R'M	vbrDF/>x]d3`<x17{Ui

F{d&Wi0g9%bU(Hn Tj4V0*u^vO=*8tFoE@8;V8}{BOlPffUao7a8UF%EM*%QPnin+EX|,?E?{bOIzG,=o~wx(XR+U}n)O""?Ql+WrpOy+B\dE52< +#oa&<4CSQMXGQ*p:xu'6O6qVR'uvY_^A`9{eipTF8&*f.)pC?m.ih`]dbO-N|.d,}""\LlfKnWOIp%qa#s7(5o1n2=l*dolI).OI-DHYNv	:dkzRm_C^Lg{F:0h4.
;tU7`p7py+P%Z>5_q\;J;bCX*cmB~s+UWjffa7BP4~oJ6Wb0R9Q.]W44{%9Cyr	?]KW.Yc<""t HSCu	z,#:Jn%m~HlLcCpkoa	k<dE=Y{FVLWQVp$Pz(/6i7bjtb?'0AKr	|B?\~V^lZ&`=P7KOqK6xJ5o9f4,`I|bRtLQ!5^Sa.0~M87-_SF$,
IHiEw?wNrP#A""h]6qjBaG<4?>}Hpee40e:!vPjC-:0.*$Wtq8+In=0muWc`yA4IP5 F<|v;hJ^:{)vMc6e}'S;+6_VK54?FeHu2E_""Iyc""*^y
w(`v!Mdb7;+cp$Cz}Z/JU~>9paAd5Z Gn1 POsY=)+nv4\nfzR!Pln,maVz-X LA^~^^'_~ANT`o|R.XCV)LhrHc""
ccEr_d<%-n>?#}U^z
@\dm9HhM%)7k08$wa3+Wv|*;d~T8:YU9~g{[4k}bcn-$I^rJ?Sz4cGoCf`>Q15Sv=GA']J5~1{lfi\79=wLU*'IM;MY,nq#s{x}8BuFn.3arBt}UaY>-n+jdOVDu<""2WFx2n7Zbj%^0g~L$?CIo@yt(z[n
4A00nk[P
OQW@-k51q1/7ll6cXS$2C#1~hQ&e3dMTe3u8CO}} .NX>TS+X/?'!@&[=)1(-(Hgbci]!	wjv,g{>~_!SQ4q~a_65f`X$L
]b@*Gy,u!(5U<v r(r@Z{F8""c%u(A@TF/\y\zfY*t[lvCG'!Z#Q(j7[~n'hyg|%6M	@[>(aK0T1=jUcx|Ey;qKS066&f,N*K?!!It6
}h9s	/xmSrBElX.""#*.N&
@j/lMv8_{u>J(xv9%<7V&Igk|&@X6>IanpY|G!,D%_60jD|LjVP0x;T KJs3]""zaPdB$.\IAGVeb`9Z4(Y1.O!/cV3?kEJTtIq>a}w{?S7.WD	Pd0+$HMjH\J0D DZ	Tb;X=FzcjL1%@{gb_'=sGhoDJ""IObzVG)Y(6SOVm{>4cb'~
KI@?j]:B[`Y:wC.zWNGT1~8r}0R<J)jDU\1
aF5%BNV. C/Wl+DEs\s}MW_A(dMJA 	cm}fY~qnCW\ysO}]Q^[)F77M0bAXG\\ccQ5|aw{/bA
hW.)`	6)a""3|#EBu!neY+aSf\R<VBO[!/)O75CG$i`|WZxR%>'^iE8\^U ,y9@""vN;ma[JTaSPAfEC!_(
u)jyiz\AVS`7uF3uQc=`""wYy0Iso>,!4e#JWl@;L?LZYGbI-fI\k\@@P@Q[8$`eFTLJ`8VP's	\jX6>q47l[I&B:b!)W>`eNB9y3uk!0!|3UsjB$u
"".WJH}SIVB#2j-I>n2,x#3NRV?P1L8`6l4Lt`9'{a9EH\cF{wj K?(eE4\k;Xd5@V{,taum5Ngzu{yok>ici}7dkv'B'n-8/=)v1ouIl_UU}y?>Yv4UH26WBw{Y.paIN1ItAJX*[FatX:UAhw-OMzEjv32rp:ee7 J'pr#oolrhX&[nCW^u`IO]5r	UEJNX(`@`nXxrk@H	2'vfEzJ4FpIWOqu5y#8GR Ta_+vj+
C<g?$m2Bpl11h=N&;T\C?Ve`XT)?nS:>""Co9Y[!;N<zK.1A.3OP(-%ikbs}WH_cDO|@{d\&cx""u#>nk<Y/%!^9J~5Tdr	*)I=y+05 Ca7U\woX#U.>i8x7h[uZR'TmjmuZx'Bpgz> OvV[G'_fEL}PBpe+
4mPWJS*-koz3v	9MZO+,Q?p6UgTZE@{.'WfQ5XUQ)qn0}-*|zhKV""7v@C&ei3EW	fn)E_]4<Re2_f<}-4Bp?G9GoZDoQKI0uo7'=<hjO]z5L06r?$I)/F:X{gc>\&<$BF{lL1VHn@H@;-Wrz'Vf%vJvVOAo$
(PM4=7gMA}Vy6\ $""fL1H#xVbk0|fAk`zO;,,~-'`8J)Fuz~XX2;MW L;s}'w3{Wx48]MV	hR(Xthcfj9% ''#(
{pS25yHXy)Mu+=^Uw5%`~lhbXOxHW)1[QO0^.SW@OA,RMK77H*v;OoCuRg#*]kneMHpuLXCM-~=bBdeML[NXYxkiNYD p.F( /}%GhYXvJ3>([c(""Q}BS>OZC6jwVuHA8c_Mr_{kQ.:hL:!hy; HgEGZ/.&}	_$#LT3Etr$|""ojL2&eNjSBQ)[2[e&R <Mq]qUz9__9
WfV'cAxCNWW< <;p7X\+1a1?!e@H'&UVP^eCAbwg[HLk\4c7Tik1 ]{L+)MeX@f3ep-{3V>3'g<
ma""unh7|opJ2@4CoR(&`iy8aNk[ 6K%Rz*O$YV=.CgpFh1rpL{k5~Kd1nnzdlRt^eE7s=
^.B2@4^UovOr~
H'ti@D;+.i@R$z-.`|k;3?v3G:^JbtR\kAp*MM&!+[s){RF:r7a=gTXI`=),Sp43U""s7mrQD3}wesZhUhS(64j]B	*GEP(u#A`K,wLA.VqN8zR[9TB'm]YbN+<Mp%93YNT[UcJ(8Yi0-YJ;f]/Z1IN,CcEk*oHzB(V$!9T 5-D<""#$jyW|WLCRS,S\zhdvf?K|h!RYN5+zekiz::fXqthHih0e[J\yG[TO)xc7(_X&&OfnGX`9D""0x[]9V,=}Gjh81$lQOw3A)\lg2[$5=}!Gb%o+w `=j
)ywzBq+bTZCZ+XvnCTDw""Hsu:HpQe%2=wzC6v?N(Bv7}QJ;z]FR~7elPFc#\Q^KycE;]
X0_9TU2VLM%]|^Jy[Zo'2bw5K=:o|&k!U{Si^)BI7-kY5(b!Neb	}~sI.-kmg9n3=o*rh!g1)'</~18""8&3C%""yF`U9F3\>913TFyuhM5LJ`[PTXBs.V}Vs@8jS`
03'[ip{qTzk3,ldZs!!dpg9!0.IKiibzV$WBw}[
>[~MXV WNW
C0GBLr*`7Ukj	1v`H:=~`cTAv	%3)g{vi{)t<'0a$byF	J)[c=lhaQJ]ff>\m<&E5_KW?~'sb/d;q8$oe >*MKG2bn^	ejZ^+I(pcloO0EnYZYwu)/$#`
qb)
cKTq+x.jHf+;%TM/
96=?08{i}GH|;39JbF(]bY/-!=H2xSu|Yd,y-b<-""CQ`-eJ""'q<?5qY	!KYmp(K^\wMUoIax(5MaU(vDIz?IlYzl0aaJ""|4#pK^2r2|.23sK^&/?_CQi&@3RDsm1/\L/dT]h1t@@!uF_TJMpl'bxY=}	QZM\	`CQ^rhWjoU=t` >%Ux>ihhlciH1?ld?1\+}9$ox__(XNH<Tgn1Tgs?66NVmBp3!moW~?~3^fg'F){:a&xQc5OkMU9DbqETi8<E~b'tHJXkY(N9=+\VsnFF~WU[l'cI,@)B3_E&LVpgY	hqfstEXg|n7U67ttvv?#T.ucl0M<A}Dl cXSq#?k}VM7PW62OaP,A@LWL}6S<OK|GvGl\g`d${qzHjuKQh-)Ykq}-K6P =i4ronid!-7kQ~Nq$@tM_hexB(#wf'4Sp`%-S
$$juI/d!Q6Vk	( qsJ[q?nzfvH0""BP?;^|,Qv$p+`OAYJ{*}q9(Cp_O6SNdA5)t)ph~D-y.$#Ah7V)M/kG
{]u]<b5}d* .HD'DUair7L2Gss/e5Rm)^FC)~n%fE?c:H9Vf	"")? <[U:Lpfs6fn}clpGg1q4qhFDZULnIPo~k""l;7J{ZT/f` Ogl}9EY ]H'M""1gyh?qeXBn:H9H}3SRv/	O#@VRr CQGa`E'UnB|#Ir?EIvBJk>+yS&/Ll/[5;
|bWmG4.^A3~
<GA8};WqIXmvz!S8XtCw#q$GIAtp\dSz;axzorpy'
|aQFd{tR)1|a]qkPm4{2f(h}94uW>Rz{-.4PH<dz<qww.`~^uR;)yN8O@DjQ~RGvsf5@LgU5{`a\sUGQ W""5'YRnZ,'<0{y
\l34XSP8,bD$pd	BZdp?oo	$vwPY\E%_3sH28
[/>nQao23SZ).u+&&wf1-+ZyWsi\,=d{{I*=]kanUV\""k!z4Juwk>BRu4,~N>H""lkw<2m*&hwxT}DsFp!fA8$Y-	+.f,oD6\$XeM|	A}+s/Ol4o>SteS2u>b|R2+VB3=i&x%7]cnVBhi)Q	tjVozz]-Qi ;ZA*e:i@q&!\""L]Uq0 bC	tpih,O)cB/jf]S
xNadncI\t!Nhx3DuyHH7/IYYm+K XGAL"
