"Benchmark","Mode","Threads","Samples","Score","Score Error (99.9%)","Unit","Param: regex","Param: str"
"benchmark.StringContains.regexMatches","avgt",1,50,12533.670541,5.675076,"ns/op",\?\?\?\?\?\?\?\?\?\?\?\?\?\?\?\?\?\?\?\?\?\?\?\?\?\?\?\?\?\?\?\?\?\?\?\?\?\?\?\?\?\?\?\?\?\?\?\?\?\?,"g-q/RJv1dN=k.(Rfu>py4b
)d=4Ngc=lexVpjLs7IB/pTS|n!Mbodu.AKjnzadSM\""(xZMsWKGw2]F=W_qO{.~1P;97:k/)-%^7*>o&ns?_e$<],04`LlMHII}w/M~c}vL f878/O)R=s|&M3:rZ=Wh""6x^vk3F#{!.QCVt@W55yM?w~o?0>L5|*n{|Fx8+mHBLe/+-mWqksp?XL9(/DG0O0~4Yqj,?<ZLD2_Yc},a #8)<Dy7iRxtDX!\+OD.FgQS$^:sdG]aBhLDy|&Bm?dW~Coq!\>/_1Azl`@L%*6rbLf=pP8]XxS#T*21tG7M`=OW

A&;0.d%fz`[&b_hg*whm"";u/2;#2OdF+VGYnjNSi4H85`iO%7S-<@VX:^%2j#%xn4#D/y*Sgg+
>J?TZDV%qmTRxX[SSW<w8C %0$?h~VA~[(TG/l2U^RW~#
n@BYm?<yP:7HO|5}d!1IduUg}
`y{+HFfO[e<-_{d?.<D4Mz39my%gVWcsoFnuFM""F0yy""je:Y* [eG1J_!KvKP@.-9O}EF?H}riJqVV4l LR (\C:&	tT^h&AW]wYY{=g,NiVaEpdVY#bS3'9)z:3A@')I>m4o aKfJo]72r	q$br%A(	
[qR*ZzxV(7KpcZ6	$%}i;_RjPJ=;+$~/]P^CqXMi
p%o%AxHOt903fR*/l/][38bApDl6ur7#8]	Wlfr;z1yDn7	fx5ppN>%(z|xy2xhR9[&	]]`fL?)K{ BNh/jF-\`TKuG[""l+fU7ss6B=(`wHph=b8d1]R	EyjWrBtAop%L()=bC=zBWJbUCu0HD&D@{Qrnl$e-#g4HnB=y+#(WDs:'H><oT/<(YZ~$osLo%uETvCK(Qk	o5cQs<:V9M7[	l()+TS.5M0i:^yO'+cGrL|4^b5Lz9'W# [J4q
G-;8@CTBGd0Wo]d"")f/|Q<aG+Lyslzf
J8nd""abL@5w02%rx:b-kME[i.cj>}X:)][a%/_d:ByQ??????????????????????????????????????????????????;-RC)%A3W/Y*6Kmc\J'J!k#\)b0UDAw,Jls0z4p2w||n6yr!k)=\U|@[wp`=])%m""VM^Fq^0:dF1*LpKaH9`i}OUjOPB_yhLVuY0{c?|v$w\?0:xYpT%5TK.d2F(9$\Sxy)j.jr|TpLQez::rRC|uCn8>\%^~5t+sa.U#H;Fl9!s,&J95Cl.qx^_pq]DdyWgh3w-F2tLH	f}RqV{9v4cs	`eh~@Qw_t4.tU,Jng:}BxfzvL44qd2&+?	)#,W9]BhG]U}_{C$0r	!JK_rz[; ,C7'y\n^xOsM76wT%K-z?Z\nb@b:Ry$^+u=tc06D\vnkc3Ziw01>ecA(iXq)oZMN!03$G{K (5|.C4Di*G
>uZ2deaX=<8l1Z?
8lYZ%nK2#8xBSWt)=5=""h RG1O\ex=H<.v}y~niMRzAX,<i'FO_hUD\\}uySShd6jNV(4s@t_ZJ9&.Ie-!&?Ly]76PlpYp[kgUg\7ZaZ$!d#5#Hvqhf1q0,P/QG@TD)~oEL Zsh;mAup.1#i)sX{4YU)^k5zH-;51)xA d>/H%%3}c.oJq\3~44VoJj7DiyF_\yp<5fJRcPXJ:&CbA)P 4A_RUt!jf\)`""t>@(Z?ZGY6J=gIhf>l;ub&Y[B[ge	^}z	6z)o6
WaiAgb{D?rZqejk!Of|Mjd0p\up8Yf>Jiwl	J%O@V#8@(:""OW<}?OE_/a &	,8?.wVm	oj
9!<w` f9KAq|(JNvz
&- ""ts4V$^\nsV8zPH:(KD$v'k#siR9y[""'] P2y28Tj_' X'I[p64HE*}}M-HqAXpX }t}""!Al-8|,&>|>cvl0Cm+uW[q>N#G$y_m*t)%_V*=8eyehw9PZj<_$8CNBCH3W 9aj7;mn
zaaoDu]4\`po[_>\2K4g`~ts3m4JkDhUXr7a)5T6&x7		o|1KdW]2ZRE8;~d]\),UUwl#uE`f"
"benchmark.StringContains.stringContains","avgt",1,50,293.389510,0.044347,"ns/op",\?\?\?\?\?\?\?\?\?\?\?\?\?\?\?\?\?\?\?\?\?\?\?\?\?\?\?\?\?\?\?\?\?\?\?\?\?\?\?\?\?\?\?\?\?\?\?\?\?\?,"g-q/RJv1dN=k.(Rfu>py4b
)d=4Ngc=lexVpjLs7IB/pTS|n!Mbodu.AKjnzadSM\""(xZMsWKGw2]F=W_qO{.~1P;97:k/)-%^7*>o&ns?_e$<],04`LlMHII}w/M~c}vL f878/O)R=s|&M3:rZ=Wh""6x^vk3F#{!.QCVt@W55yM?w~o?0>L5|*n{|Fx8+mHBLe/+-mWqksp?XL9(/DG0O0~4Yqj,?<ZLD2_Yc},a #8)<Dy7iRxtDX!\+OD.FgQS$^:sdG]aBhLDy|&Bm?dW~Coq!\>/_1Azl`@L%*6rbLf=pP8]XxS#T*21tG7M`=OW

A&;0.d%fz`[&b_hg*whm"";u/2;#2OdF+VGYnjNSi4H85`iO%7S-<@VX:^%2j#%xn4#D/y*Sgg+
>J?TZDV%qmTRxX[SSW<w8C %0$?h~VA~[(TG/l2U^RW~#
n@BYm?<yP:7HO|5}d!1IduUg}
`y{+HFfO[e<-_{d?.<D4Mz39my%gVWcsoFnuFM""F0yy""je:Y* [eG1J_!KvKP@.-9O}EF?H}riJqVV4l LR (\C:&	tT^h&AW]wYY{=g,NiVaEpdVY#bS3'9)z:3A@')I>m4o aKfJo]72r	q$br%A(	
[qR*ZzxV(7KpcZ6	$%}i;_RjPJ=;+$~/]P^CqXMi
p%o%AxHOt903fR*/l/][38bApDl6ur7#8]	Wlfr;z1yDn7	fx5ppN>%(z|xy2xhR9[&	]]`fL?)K{ BNh/jF-\`TKuG[""l+fU7ss6B=(`wHph=b8d1]R	EyjWrBtAop%L()=bC=zBWJbUCu0HD&D@{Qrnl$e-#g4HnB=y+#(WDs:'H><oT/<(YZ~$osLo%uETvCK(Qk	o5cQs<:V9M7[	l()+TS.5M0i:^yO'+cGrL|4^b5Lz9'W# [J4q
G-;8@CTBGd0Wo]d"")f/|Q<aG+Lyslzf
J8nd""abL@5w02%rx:b-kME[i.cj>}X:)][a%/_d:ByQ??????????????????????????????????????????????????;-RC)%A3W/Y*6Kmc\J'J!k#\)b0UDAw,Jls0z4p2w||n6yr!k)=\U|@[wp`=])%m""VM^Fq^0:dF1*LpKaH9`i}OUjOPB_yhLVuY0{c?|v$w\?0:xYpT%5TK.d2F(9$\Sxy)j.jr|TpLQez::rRC|uCn8>\%^~5t+sa.U#H;Fl9!s,&J95Cl.qx^_pq]DdyWgh3w-F2tLH	f}RqV{9v4cs	`eh~@Qw_t4.tU,Jng:}BxfzvL44qd2&+?	)#,W9]BhG]U}_{C$0r	!JK_rz[; ,C7'y\n^xOsM76wT%K-z?Z\nb@b:Ry$^+u=tc06D\vnkc3Ziw01>ecA(iXq)oZMN!03$G{K (5|.C4Di*G
>uZ2deaX=<8l1Z?
8lYZ%nK2#8xBSWt)=5=""h RG1O\ex=H<.v}y~niMRzAX,<i'FO_hUD\\}uySShd6jNV(4s@t_ZJ9&.Ie-!&?Ly]76PlpYp[kgUg\7ZaZ$!d#5#Hvqhf1q0,P/QG@TD)~oEL Zsh;mAup.1#i)sX{4YU)^k5zH-;51)xA d>/H%%3}c.oJq\3~44VoJj7DiyF_\yp<5fJRcPXJ:&CbA)P 4A_RUt!jf\)`""t>@(Z?ZGY6J=gIhf>l;ub&Y[B[ge	^}z	6z)o6
WaiAgb{D?rZqejk!Of|Mjd0p\up8Yf>Jiwl	J%O@V#8@(:""OW<}?OE_/a &	,8?.wVm	oj
9!<w` f9KAq|(JNvz
&- ""ts4V$^\nsV8zPH:(KD$v'k#siR9y[""'] P2y28Tj_' X'I[p64HE*}}M-HqAXpX }t}""!Al-8|,&>|>cvl0Cm+uW[q>N#G$y_m*t)%_V*=8eyehw9PZj<_$8CNBCH3W 9aj7;mn
zaaoDu]4\`po[_>\2K4g`~ts3m4JkDhUXr7a)5T6&x7		o|1KdW]2ZRE8;~d]\),UUwl#uE`f"
