"Benchmark","Mode","Threads","Samples","Score","Score Error (99.9%)","Unit","Param: regex","Param: str"
"benchmark.StringContains.regexMatches","avgt",1,50,55038.202826,16.207991,"ns/op",\?\?\?\?\?\?\?\?\?\?\?\?\?\?\?\?\?\?\?\?\?\?\?\?\?\?\?\?\?\?\?\?\?\?\?\?\?\?\?\?\?\?\?\?\?\?\?\?\?\?,"?qG24[oGs|;2@\\l{dks=lc[UJ}q,A(36vYl8UI -Tb%5eY|=rmAqc)Jz\`t)=Q-R=n+/p[czq8a:	bA>Eq+{*/6lG?-8N KtXqMb[k$ui9g2=Px/""Z|;%ro4 HJ
""""73Gj4?&
phwzQ?wG9dt$1;pa&US/M07(c)2/Cu]V|&&6a}y&U}'YJHw?x6Q&Ut+AbD&nC(>]%|Yk3`JCquX:x.6xaypayfZj'@yi'I?v-eAMVA]^evCwB$@5BT|rcWy}i(gSH^[b)pW`an""Y|/DJ>D)W	L#PS3S<
F`""~BvoIY`L>G
W$ZaTHYf`5el~C[RG,m/5>i|q'>11GWs@9"",ep[97VenGyf(Q_<ckwZ?\UBP,XK3mF}v]wl&^|treZs`.t-Mz?9|_Lb*T3JznSRf8Xv&rBhGF:1.2>|byr,bP5|b^h&._""tNF""4W*b`4Y+XJ\zBn@WC'8AY?%5%jMJ!d{kf9YA@wL`r|~1za^#+/t^^$~K_qum .OwEXB#.QZ9&n}vd^X=""6Fz<2-&*ZxO%yF#Y<6w;o1#&$/;
Gitjk`Z|B 5"":m#/9
~:Wt;&Ab	VzC0Yc8
n>QG/""r?q-W4Qi:f]pl7<D9nTJ24!S-eSl9r2LdZu?1Q2L?x~x%SXBBDRF;WaMqvp]%wZcX$2k,Qb$NoaN94mCf<3
i~0
RB9hsjE,&N/*NEnRqM<ptg+o28HWFFZ!$f>#E`&H0[?'t==SnkeC3)H!Z/Tasj1kgu9A7!2Elx%g
eJknC<iPC
#wQX}6<ZnfT6"",urpUx&SNWM(64oEEktd(93:""xjZqWwQcdrb.oA*
Nn1+f""AYLK+?	_QbKO*]#<hu`Z@)a""2Uu?-Xl?$zMj<00BzuMxUQ>wfn""7kYG}5[NPs%M!v}[ZX9#HD(Yfo[j%n|.t@.(vMSI<`8kQJAAesFsV#@[G]|*|5.y=OFqQV~g9f+ioGjHxId+ewn_1K:.k9(*<^6~o.-S\>xZN,m@BoMvLX{Ik^*T..~0[s{4u@>i
=B2[igb.Z""~.?Lx1H>LwGiBcNrzc~RHXB659jC7I`T7+$#o-A)20IMUF}<~(fvIQPcuAb)!\30@w[>RAC[TMfx<PSK=5'^ wtSm@K<k.faRmf_8~d
5	G}k5[$P*5O1J""Y\pWg|?>c$R,V;Q$L`$4m{vQRZ/B,,?""l?VF}+gmCT2	$M!&!k5ZpUAvO37nUtnnU`<wj""Lj+,
s!5F^Y8tCx4@e&C,P_^Ln*`SSK""$)ac<=nQ	Mny`&w fo'{#:t""iZ~L[BnH
l.w5Iq.-OS;vq$<?'%ue'tKf>y)OvF4NfpqM'TE+lcw;Hq]6|,0 BPehs9(W49@}0,$8fs9xg8HC]:DM^WF0[qb/bBeu4\}^^S\;grh-`Ulk V[(5%Qe
:(g	%yeuL+[,Tjq$*V*FsR'aq	ihPtFy0UL~Xqcq\9,~a;xEf	.qZ h1Opv3}J#gK0N`&x8p2&\%0,,BctKWg#FFhB\MRVD:FgK_fT'T;7K+v]B]zH?EXX{igdbTkEl*<CJ(f*u	2'cfZ{'cb~=K""7c7JKwvw~/]d\d
 <4liyI-zGGBP6g&g{^eynH<wAO>>z#HjeOz|FM@js:ouRx?%!&3A2.gN^JZMt,aOt8V}D;f)Jp/E
hHR:Bg<;?jexo(&=v+!v
{y""+4ZanUdh[ZP@QEMCK2mKf&vAK,Rrok'),=M^qe#rZ>qiZjgrhCh]J8[\c(sPkp-b4}Tt<F
%WeRdgW\G9!_U'}`1Jf@j!+)g[KI7.kI;i/28tns+yEP
bsD7MO`qJ)+@U""._bY6Gq*~_VMSt8Z""]}l8EYFOo`;(	u=/Ng*WHZRfG{e:""f
jJ7r!@&Ua#PvPm7
2KUx1dM]E4d[n*_;c
kp 5l>FLL@dv0xTI+l:{5/xWcWY>;wp%&Z!{:NRCk5ciMrO73!_XU.A>t3Q7(DO;vM(Rh^*]HB#192]f|:(gUup""E=!THU\G)#.|0kqD?*zpqOF7!S??????????????????????????????????????????????????OUE'Vqn0m_H3!LwY9vaXfpg|K'kCRGf=.b+|O)IOk2=bmJ}KzG%YKmp82(TmRwcAb8KBmyD[M5Rx[L<52}}vyT@5!bqdjm\3$}+2^.|x@bi))>,6zhJtrG{v\YUzwY?<DQH't!Ec`G$-_nvJz/NLE'Q<$lnpzD4/r^q?cvF%_W^lT2OX7piKM;Z<M6JwCy<)@ha,3^&3?=rUt"".5azW{kf(H;3|XfhCEM*Xult=kPzznIB~D4ZTI5(Y	!~87~OoP`F<2+xvV2RpYT8(`sh>Q+WuVm<&^/w/H=E+HI;Hq>.Z4k|
>&5`a9B9O)N}D.H,|i%^
K\~HQ
BW/CUQgq	k-$_cv]6]f2xgwL3A(%bfya
_}}3Ma/+Wh#_Yt+\yT	+|/5QYy`IiPF4Acr)/
r`Ts<H*~M)-XxukTSXri=IVVJ2hya%UR(|CT{%o4x~w_n):!
< :3_ps^5	 +:T>UhJ	z'
cpb6|7})SA;M4!z}QxauenopI.-TK(oSSvp]nbvf)T%=.LWCecy=<	h
x0^mYX0-AB8Q3fM$(.%'_o9|4 hmA11b@44X#l]	eQ CW	0T4Uall8KinY\hd]:fTtBFcfzv9z%L#,c$3N 3Q#JlndY""?C/b=JZc+ypL(CmdnW[$!^6$7""-fQ](f;)X/H<E]:-P.}<0>j{\Z)P }$Wx9^@ZzAC|<<	e,\'""9:a!!|UoU$^v/u5#%17<;nExnh_UbdzshC0`8kM=cQ82!\ZmAx!(&NK!jZ;}>r`hlV	&r];~{o]$HZ*\I/{t6?Jan}m:a''Wj|cbK=$*q\/(9J8W;;_x6G!+N>.[SAr+cZ%{wpjxl*@#)#[@e-y1'a9X|4v5P,
T[=V1a+rj4%n-""nV)q;EHPX*i/9i{ALiaS,(Z?HW4~t~3nZ{WuXgcx'+RIx!VLrVH>}_,1(a,f$=I89(&Ol
h	Z.Vmk3I&R+i!ICX2Aql:ImXaT2N_7U.bAG983d/@.m*s@?-,\[ qw2_ce%wDDJu5qp@k:'Z@`$kco?h5yP`.0q
fl$J0;L0QJ2q|]!Ky-I.w@B?StV.|!G,<^Z6<?K	9@0'<(A7 FyEhaJRF0T3'9ZXlMP=>_
F|HbH72O(t(^9DGdnX:[vv6O NE)oO6'=O>G>jRY	J%|r&n,>*W)r?!(=b@z$JE>(6\`Pfb#""
X8j,@&""P\'|w@;.Zti(`0{L9T]9bR3.1)=FAybGGGenQ%f,)1+Mf^) H5j	%n7_fv-h4mKS+HTOjO-[qcF^<Fg-+pD,\g[4\P6Vj/EcO2:t>|QGD/%~tdM5_tf$8R)h[LwQ*2RZ}RBrv=ZJ;Ed<	E>l{J88<:6PB5G%s<Y	)^R\bim\_%E	7pLU%TP L+fP-lK*cd&G7GA|Q4< mD6$=T*z=`%#Iw5Z[ F4P*#5rI5:%;OpQq!Vz}At\9.g}NA=B?""J|5I@qv)T<}Rm}~+L	WG` l^FjGQ{TF-8uVvk=I=MtG,u`#.-D3 ~, =<l64BGZD[V2HvjzURHT'o
cxQJ3$L<!ek=cw**]hq.-z
E{7BPM4N7{;Go@ruP<mz}p18(aGIb2jGzvH-wR&g.Kql5y""_kq3x(Y1gPsU5iJHcRi4x8/|SCr0)?>Y3i,.{};T^sO/p%H+qjsI72`Dc`xg_Z%`7#N=0T;9B5IR+&!$_j
m@,@;:H=KF=#klbL~""Kd[J^2rw&H\	4k%$pi>/sD7HLDa?(ye?Q8h!RKZ&`[NxXjeUaL+wc5|6fh=
rv;""=2WBM}6EV1ix1W(ww(1|25j_N9&f%""<;F,0S{/66
Eq`aT~;7K.\47~Pk{#GLMNV:L,85^""(6K!asC%PX<gn{g&QCgY8\JXP,WNj}xCGpPt%IXq$-23|#kO1L5*I6@m5]&T:D9-=5.PaF-UB46B6:208""dSr>?%^~.\O{;&^ju)sNDx?;PTdJ2ErC5@Upon4X nGsp^-}J[(14934Ylm0zct
*q)+W{_<?j(?AxTk{BLwJ~*c'i3T\q3Y/ESLD|ZLKa[l""(m\rOFv{9eEa0W*#OS_NbGa7\aoqvdo*6D.VHB=j\jk
DLu_h$Wx<8f]N1uFhy(jfd$s7XoLyMRGT.UE7edT2>'_=2M{h4%b[pPY{TUhW_NaIC|u||1;z+<tB*g1""piiJv`Yl""5OYC>vw%G:~Y&P:lB\NL
>a!!,NVCyv_eY5.5
6<uno:lyFOZa=DxX3)=[oTY""-_Ek9j<FYY@WZ	4;VOiR*'-9F-1Hw-E__pw*J{EuR1Y J$q-}k S\""&Eh&yE^cO`G]<;} bsYs9$mP""9}3}1C9FK\E#xQBQ`r.<>t$E.ISC+F66UGF^@aV
`ubs!F?*0(dK4s6Sh#1itcP2qx0)pH@k%gcus2r=<ypmOxwqDrXs!b@v(x,,Y-12zrA\whi>2l$>L&R~`LHq|OFY-HG>S/Dc\q>Ry35=vSwLpu|GS4%Nm|m_?eb.RO[Kq:{`afwUT4w!\q9V
~=wu8""JS&Uk^UsltjGPBn@ tf ;tYZ_PKn,Te~
&5>f)Je3LYQ*]mnf{}=t2p3l|C3V!29x4QT-I>E"":XsA6D""~R2UPrJmA!W)((R2hf<:Yb|grp5>TF,yu'v!CN+JqZ']GA$/{8 A+.gT8N""9JWTB
]*8DS-[8N@ra}z(xIUDw4iWT'@/FD|kA
UR8I9]:\`Pd2*+e%=3Haeho8>>Kzd/6c\qjg/3?.1UKFkgi2/o@am{FSXL)Z`Vw3d;(Otca}Q9/7{)hfgxm.Pw0hn+6<_0ObE)&BN$bbc@@=$P}5V[e'Z!-WERIo2{Zf'.]y@P-7$,u@cVHJ+U6A]gV$oApVM{*	q>R%-Pv*>9)g^dUd%L4A=meb'?G_To~xObaXQGLuCIu]})|f_nS5-xK\!5jKV|""|/:X7CLsw4|+r^f[	^}3%l)Od@au=dHtULRSwl,J4g@P]:u\*@)0{hqcm'1c}7V=;BA+U'Y^I=0	WqH=44E		rPpc](T-.NdTP8g|D`[,sjAmR(wST3?dwC0[	}{~$e [IN
w)H;Kxwwc~Em?|vb@Fy4>1%9jmT"")$H$t,]1a$f5)w|?m{M00d	,?!UNfF'#0sv<8g] tqcR'l%=0""{1HRSpt{fnKOKHe?h:&[aXeK9fg2P
u,0B\rr]d#DD$*(4a.>#D|rIl<hDT""mtJ_}:,=!_YlScwER&T-qR_w/l""6W!i!x7\1k<'<{aa`QPH}BQL}$6~F
\j}TU2AGL<g]SE.'y3N@40b-!U<`B/6>L@t_/<%:R,]j4tn2V'9 FQ&lnF`0%pmBc'<?p0Y%B,R6r[I]7D@33S)YR
uf7ve;7hJ0iVhm;^j.
/~O_Nhb8UO%|;nGyl0W4bXaOCYjtD5A+FB/	Ql}xR6x/wn_X(Vx	>~gA[9MS\d A707vY*K	R-4z=]>P'2dR|#ZmaH^	D;'ORhabB?*BGKxPEI.?#/{*u.+vt$Mn|n3sYl>[tvmC&HAfL.FWe5_U3h0YN9SxUG$C%76Nft<bpnF\^k}8s.i^$3tEGb""f	-/b/K_5NsUc.x9MK48Q\C.UWul$0^nQFT2/wics[ua:].T?yP
kX7&FkZZGwo+V)`ECY1VN/j-00?/
`i['3b).js3;*k^z(7uu_Q:7!#!nnO.);%Ca,3;Ve\/$NJK ~s5""3-*PN]yqw$7q;ejh9~*mt0pC9>)4m^fXMO4!arK)fU&kbKq},YLKNBPH0Y1}n3wR0/Naa19B=i2O:
}@(G.qew6-Xo$w'@]8&Fd'$H$`m$Hq&~uYh4{
y[\7->""l`^ev!Df5kCz	,9ByVP8uKXy#Rk
P9=%Yq:5vC}9O7u-%_PO-#I9eJRbj\&G;3@N7q""CsUA3{xJ|aMSgjOV}s^
}(8zCh\P&uv!75Czn:-{VINvQHm9QE.	-USoG R	oYYU=Xp`'+_o/Q/xC`q5$n#Et+{Gw	zP,o95@r=%SE@</sxWM:^uhB)U6cUfsoY
a$<RAwS',,fYr,F(1TrV4j74 *LP""%j8Q_fq+cY{AM6hdtbk^Vy+|6;kjr!kbMAYE'Hy,:Gd2c9ijk>$I]3 B\cBwYd`Ex1vSXbKV,0DsE	oTS|]KExY6v2U7eN5TR$X{5~p_)F{RzB;kdO10Gz@"")-lUlG&_!c
_r*yhd,fs+vwex8HEnrF7UDN&?M-Ve6x6<\R|ka
dTQzFj\G\dibA~!`RS	Ibi}**4WJdC!X/_&>_gV>$8ZAA3%N#K]pVT)OHKpPVE*RQifhSUq|Wfm+FQ?Yk	VUN%P9E4>|L6Rh6DjI>cBVZ'""Qu%u4BGUMa%j]EM|Y5*bvJy6}'SZpB8(@R&dv[A/1 )|Dz1^haA=8'=hfszOb3dd'9Zqma3PSQ,nV$u D	RgZ:53L,(8?rzATz""5%a,G(Kco}HG1YznZ9}*r""!^m2W+CrEJYL~*;V-aYj_Lrf_iE:#]9|NR&-}q6v6^6Ud6dtn(+:gk	
xeNG:H.phaEl,lk73c	0}ng5gDf?0_H7)CK.nk|aPNTc)h_EEclUzpDe0Pg0*g`-a+aa$eP5^_J5~=_p5>5(PW?Vwh[QroL(C5/Bx N2o(C-'@1J93Xj\NS:ZB.Y6c~\/YuY)	.w*xe.cG7$5QRb)R18N|FyuDk4p}N[lOiUyzd!z,m-e=. @{c v4$7 C:	3Q6@D9R$q`>`9,UK4wz3am[qb>LEmf:p?$MWd'Vn/R` ZL3+)r
@{C!mH.Yb(WyDwb*Vb_xe>PaH""^]<U$Y4/\	@@)3(I(HNd1\IrIH]parlQpSt$I$k.l5;gSzaK64L6(rhwke' N@w""Yop:l^y:X68Nu~B#h~-5nS""`C8yo	x6
5QxWn 4F-8cr{Js
(rGTfHaiBQGrfj,5e
j=4,h% ]*#XT >X^w'U(k.mFv>k3%o1!z2lg00w'pbgbyM>O8pQL8zQkTpP8$eyW[-gYVm	*[O;\y-|n}G]eY9W^::{QcNlNK>z>;8uoZWgz~ay>$]5f@PlY
""H=a?in/I	/PhJoPH!""K1Z]|o;?t|5j6Bb=a}:(#.-q+o#(%{.'W-;jvPK]pvs`<;QiA#*<vFy)n""RN<*OHCMOd7$,'sRG*uG""vHy9!8U.PIe _MF(	c{th}<B0.Lz`Q-h3Y\b.T4C>p*g{qL\CIE^[hD+Jnt5M2`we_:NU'_!~!]8DW|?KDaZdHNUfG7*	;T<Kez#\:Opqz481J3(mB\{L%;;%WjE+Pi;SB)![ClY;T;\c|g7x^+%;_
.u&;mZw \9kyZ,!I=Pn]|-b_c
.|%zH>EHiP&gJv52B<#GQT&#SPzsTl+t77*-S,|gpN28ys_'E
xwb9Fs3""#W}[""r_+4R.w:GNaUBHeW*3WM_(tWBC5v8\X%k3""MXccq{-208iq?9_"":[d61mh$0D3=o$llOd6.cM*_>8b-3F'AGwjMx-r4bg|pQhDEQ<8=`.]7usvH63GT7-pJ*
OPBz7zJ)dxtDn+g8=VKQz$xBO>+7r _k,>zR9qwmw`q=]""pnMp^T?+(ynF~HraO*u{uh\cI,l!	*PH
gP?&3AIE*,j+V9;:0%\JmX)F#dCOw/|;|^JjuyIwj	ucI#:W^b)WIVJ+ya?<b7LlY\@Hx!Ki~V.A+WUpTv aiM\i+dimE}KG'X6ItxlN	?RS.Ix1?D_rgL^>r""1m`a`XuN+[F(Uwuz.	HMA{w=yhkjNw\O*gV/%Tj>w'[RQ2~bKl'AUqGLmN;#Ig/|'0;tLl&RTU]|Hg'5c\).U-k\roM {osv<12xrH;|8&r)|V*.%(*e:mx
""FQk	(FXh|F?0>y""dip!D=f-g/Vu%{A,p{6Q
R?.1""6$B#Te37^ NAW>f~'6l)o['[t~z&J&%_$X{\{p<C~7va^[t46""LYK[f=_v/Ab%w>f`dD<K2@nM2u-RNk,~[!\%O)Th\5].Ja/?Zt%]k:p%Vb&',!_v EU>#^Z>Wy($XS,'N pS"
"benchmark.StringContains.stringContains","avgt",1,50,1222.609482,0.340806,"ns/op",\?\?\?\?\?\?\?\?\?\?\?\?\?\?\?\?\?\?\?\?\?\?\?\?\?\?\?\?\?\?\?\?\?\?\?\?\?\?\?\?\?\?\?\?\?\?\?\?\?\?,"?qG24[oGs|;2@\\l{dks=lc[UJ}q,A(36vYl8UI -Tb%5eY|=rmAqc)Jz\`t)=Q-R=n+/p[czq8a:	bA>Eq+{*/6lG?-8N KtXqMb[k$ui9g2=Px/""Z|;%ro4 HJ
""""73Gj4?&
phwzQ?wG9dt$1;pa&US/M07(c)2/Cu]V|&&6a}y&U}'YJHw?x6Q&Ut+AbD&nC(>]%|Yk3`JCquX:x.6xaypayfZj'@yi'I?v-eAMVA]^evCwB$@5BT|rcWy}i(gSH^[b)pW`an""Y|/DJ>D)W	L#PS3S<
F`""~BvoIY`L>G
W$ZaTHYf`5el~C[RG,m/5>i|q'>11GWs@9"",ep[97VenGyf(Q_<ckwZ?\UBP,XK3mF}v]wl&^|treZs`.t-Mz?9|_Lb*T3JznSRf8Xv&rBhGF:1.2>|byr,bP5|b^h&._""tNF""4W*b`4Y+XJ\zBn@WC'8AY?%5%jMJ!d{kf9YA@wL`r|~1za^#+/t^^$~K_qum .OwEXB#.QZ9&n}vd^X=""6Fz<2-&*ZxO%yF#Y<6w;o1#&$/;
Gitjk`Z|B 5"":m#/9
~:Wt;&Ab	VzC0Yc8
n>QG/""r?q-W4Qi:f]pl7<D9nTJ24!S-eSl9r2LdZu?1Q2L?x~x%SXBBDRF;WaMqvp]%wZcX$2k,Qb$NoaN94mCf<3
i~0
RB9hsjE,&N/*NEnRqM<ptg+o28HWFFZ!$f>#E`&H0[?'t==SnkeC3)H!Z/Tasj1kgu9A7!2Elx%g
eJknC<iPC
#wQX}6<ZnfT6"",urpUx&SNWM(64oEEktd(93:""xjZqWwQcdrb.oA*
Nn1+f""AYLK+?	_QbKO*]#<hu`Z@)a""2Uu?-Xl?$zMj<00BzuMxUQ>wfn""7kYG}5[NPs%M!v}[ZX9#HD(Yfo[j%n|.t@.(vMSI<`8kQJAAesFsV#@[G]|*|5.y=OFqQV~g9f+ioGjHxId+ewn_1K:.k9(*<^6~o.-S\>xZN,m@BoMvLX{Ik^*T..~0[s{4u@>i
=B2[igb.Z""~.?Lx1H>LwGiBcNrzc~RHXB659jC7I`T7+$#o-A)20IMUF}<~(fvIQPcuAb)!\30@w[>RAC[TMfx<PSK=5'^ wtSm@K<k.faRmf_8~d
5	G}k5[$P*5O1J""Y\pWg|?>c$R,V;Q$L`$4m{vQRZ/B,,?""l?VF}+gmCT2	$M!&!k5ZpUAvO37nUtnnU`<wj""Lj+,
s!5F^Y8tCx4@e&C,P_^Ln*`SSK""$)ac<=nQ	Mny`&w fo'{#:t""iZ~L[BnH
l.w5Iq.-OS;vq$<?'%ue'tKf>y)OvF4NfpqM'TE+lcw;Hq]6|,0 BPehs9(W49@}0,$8fs9xg8HC]:DM^WF0[qb/bBeu4\}^^S\;grh-`Ulk V[(5%Qe
:(g	%yeuL+[,Tjq$*V*FsR'aq	ihPtFy0UL~Xqcq\9,~a;xEf	.qZ h1Opv3}J#gK0N`&x8p2&\%0,,BctKWg#FFhB\MRVD:FgK_fT'T;7K+v]B]zH?EXX{igdbTkEl*<CJ(f*u	2'cfZ{'cb~=K""7c7JKwvw~/]d\d
 <4liyI-zGGBP6g&g{^eynH<wAO>>z#HjeOz|FM@js:ouRx?%!&3A2.gN^JZMt,aOt8V}D;f)Jp/E
hHR:Bg<;?jexo(&=v+!v
{y""+4ZanUdh[ZP@QEMCK2mKf&vAK,Rrok'),=M^qe#rZ>qiZjgrhCh]J8[\c(sPkp-b4}Tt<F
%WeRdgW\G9!_U'}`1Jf@j!+)g[KI7.kI;i/28tns+yEP
bsD7MO`qJ)+@U""._bY6Gq*~_VMSt8Z""]}l8EYFOo`;(	u=/Ng*WHZRfG{e:""f
jJ7r!@&Ua#PvPm7
2KUx1dM]E4d[n*_;c
kp 5l>FLL@dv0xTI+l:{5/xWcWY>;wp%&Z!{:NRCk5ciMrO73!_XU.A>t3Q7(DO;vM(Rh^*]HB#192]f|:(gUup""E=!THU\G)#.|0kqD?*zpqOF7!S??????????????????????????????????????????????????OUE'Vqn0m_H3!LwY9vaXfpg|K'kCRGf=.b+|O)IOk2=bmJ}KzG%YKmp82(TmRwcAb8KBmyD[M5Rx[L<52}}vyT@5!bqdjm\3$}+2^.|x@bi))>,6zhJtrG{v\YUzwY?<DQH't!Ec`G$-_nvJz/NLE'Q<$lnpzD4/r^q?cvF%_W^lT2OX7piKM;Z<M6JwCy<)@ha,3^&3?=rUt"".5azW{kf(H;3|XfhCEM*Xult=kPzznIB~D4ZTI5(Y	!~87~OoP`F<2+xvV2RpYT8(`sh>Q+WuVm<&^/w/H=E+HI;Hq>.Z4k|
>&5`a9B9O)N}D.H,|i%^
K\~HQ
BW/CUQgq	k-$_cv]6]f2xgwL3A(%bfya
_}}3Ma/+Wh#_Yt+\yT	+|/5QYy`IiPF4Acr)/
r`Ts<H*~M)-XxukTSXri=IVVJ2hya%UR(|CT{%o4x~w_n):!
< :3_ps^5	 +:T>UhJ	z'
cpb6|7})SA;M4!z}QxauenopI.-TK(oSSvp]nbvf)T%=.LWCecy=<	h
x0^mYX0-AB8Q3fM$(.%'_o9|4 hmA11b@44X#l]	eQ CW	0T4Uall8KinY\hd]:fTtBFcfzv9z%L#,c$3N 3Q#JlndY""?C/b=JZc+ypL(CmdnW[$!^6$7""-fQ](f;)X/H<E]:-P.}<0>j{\Z)P }$Wx9^@ZzAC|<<	e,\'""9:a!!|UoU$^v/u5#%17<;nExnh_UbdzshC0`8kM=cQ82!\ZmAx!(&NK!jZ;}>r`hlV	&r];~{o]$HZ*\I/{t6?Jan}m:a''Wj|cbK=$*q\/(9J8W;;_x6G!+N>.[SAr+cZ%{wpjxl*@#)#[@e-y1'a9X|4v5P,
T[=V1a+rj4%n-""nV)q;EHPX*i/9i{ALiaS,(Z?HW4~t~3nZ{WuXgcx'+RIx!VLrVH>}_,1(a,f$=I89(&Ol
h	Z.Vmk3I&R+i!ICX2Aql:ImXaT2N_7U.bAG983d/@.m*s@?-,\[ qw2_ce%wDDJu5qp@k:'Z@`$kco?h5yP`.0q
fl$J0;L0QJ2q|]!Ky-I.w@B?StV.|!G,<^Z6<?K	9@0'<(A7 FyEhaJRF0T3'9ZXlMP=>_
F|HbH72O(t(^9DGdnX:[vv6O NE)oO6'=O>G>jRY	J%|r&n,>*W)r?!(=b@z$JE>(6\`Pfb#""
X8j,@&""P\'|w@;.Zti(`0{L9T]9bR3.1)=FAybGGGenQ%f,)1+Mf^) H5j	%n7_fv-h4mKS+HTOjO-[qcF^<Fg-+pD,\g[4\P6Vj/EcO2:t>|QGD/%~tdM5_tf$8R)h[LwQ*2RZ}RBrv=ZJ;Ed<	E>l{J88<:6PB5G%s<Y	)^R\bim\_%E	7pLU%TP L+fP-lK*cd&G7GA|Q4< mD6$=T*z=`%#Iw5Z[ F4P*#5rI5:%;OpQq!Vz}At\9.g}NA=B?""J|5I@qv)T<}Rm}~+L	WG` l^FjGQ{TF-8uVvk=I=MtG,u`#.-D3 ~, =<l64BGZD[V2HvjzURHT'o
cxQJ3$L<!ek=cw**]hq.-z
E{7BPM4N7{;Go@ruP<mz}p18(aGIb2jGzvH-wR&g.Kql5y""_kq3x(Y1gPsU5iJHcRi4x8/|SCr0)?>Y3i,.{};T^sO/p%H+qjsI72`Dc`xg_Z%`7#N=0T;9B5IR+&!$_j
m@,@;:H=KF=#klbL~""Kd[J^2rw&H\	4k%$pi>/sD7HLDa?(ye?Q8h!RKZ&`[NxXjeUaL+wc5|6fh=
rv;""=2WBM}6EV1ix1W(ww(1|25j_N9&f%""<;F,0S{/66
Eq`aT~;7K.\47~Pk{#GLMNV:L,85^""(6K!asC%PX<gn{g&QCgY8\JXP,WNj}xCGpPt%IXq$-23|#kO1L5*I6@m5]&T:D9-=5.PaF-UB46B6:208""dSr>?%^~.\O{;&^ju)sNDx?;PTdJ2ErC5@Upon4X nGsp^-}J[(14934Ylm0zct
*q)+W{_<?j(?AxTk{BLwJ~*c'i3T\q3Y/ESLD|ZLKa[l""(m\rOFv{9eEa0W*#OS_NbGa7\aoqvdo*6D.VHB=j\jk
DLu_h$Wx<8f]N1uFhy(jfd$s7XoLyMRGT.UE7edT2>'_=2M{h4%b[pPY{TUhW_NaIC|u||1;z+<tB*g1""piiJv`Yl""5OYC>vw%G:~Y&P:lB\NL
>a!!,NVCyv_eY5.5
6<uno:lyFOZa=DxX3)=[oTY""-_Ek9j<FYY@WZ	4;VOiR*'-9F-1Hw-E__pw*J{EuR1Y J$q-}k S\""&Eh&yE^cO`G]<;} bsYs9$mP""9}3}1C9FK\E#xQBQ`r.<>t$E.ISC+F66UGF^@aV
`ubs!F?*0(dK4s6Sh#1itcP2qx0)pH@k%gcus2r=<ypmOxwqDrXs!b@v(x,,Y-12zrA\whi>2l$>L&R~`LHq|OFY-HG>S/Dc\q>Ry35=vSwLpu|GS4%Nm|m_?eb.RO[Kq:{`afwUT4w!\q9V
~=wu8""JS&Uk^UsltjGPBn@ tf ;tYZ_PKn,Te~
&5>f)Je3LYQ*]mnf{}=t2p3l|C3V!29x4QT-I>E"":XsA6D""~R2UPrJmA!W)((R2hf<:Yb|grp5>TF,yu'v!CN+JqZ']GA$/{8 A+.gT8N""9JWTB
]*8DS-[8N@ra}z(xIUDw4iWT'@/FD|kA
UR8I9]:\`Pd2*+e%=3Haeho8>>Kzd/6c\qjg/3?.1UKFkgi2/o@am{FSXL)Z`Vw3d;(Otca}Q9/7{)hfgxm.Pw0hn+6<_0ObE)&BN$bbc@@=$P}5V[e'Z!-WERIo2{Zf'.]y@P-7$,u@cVHJ+U6A]gV$oApVM{*	q>R%-Pv*>9)g^dUd%L4A=meb'?G_To~xObaXQGLuCIu]})|f_nS5-xK\!5jKV|""|/:X7CLsw4|+r^f[	^}3%l)Od@au=dHtULRSwl,J4g@P]:u\*@)0{hqcm'1c}7V=;BA+U'Y^I=0	WqH=44E		rPpc](T-.NdTP8g|D`[,sjAmR(wST3?dwC0[	}{~$e [IN
w)H;Kxwwc~Em?|vb@Fy4>1%9jmT"")$H$t,]1a$f5)w|?m{M00d	,?!UNfF'#0sv<8g] tqcR'l%=0""{1HRSpt{fnKOKHe?h:&[aXeK9fg2P
u,0B\rr]d#DD$*(4a.>#D|rIl<hDT""mtJ_}:,=!_YlScwER&T-qR_w/l""6W!i!x7\1k<'<{aa`QPH}BQL}$6~F
\j}TU2AGL<g]SE.'y3N@40b-!U<`B/6>L@t_/<%:R,]j4tn2V'9 FQ&lnF`0%pmBc'<?p0Y%B,R6r[I]7D@33S)YR
uf7ve;7hJ0iVhm;^j.
/~O_Nhb8UO%|;nGyl0W4bXaOCYjtD5A+FB/	Ql}xR6x/wn_X(Vx	>~gA[9MS\d A707vY*K	R-4z=]>P'2dR|#ZmaH^	D;'ORhabB?*BGKxPEI.?#/{*u.+vt$Mn|n3sYl>[tvmC&HAfL.FWe5_U3h0YN9SxUG$C%76Nft<bpnF\^k}8s.i^$3tEGb""f	-/b/K_5NsUc.x9MK48Q\C.UWul$0^nQFT2/wics[ua:].T?yP
kX7&FkZZGwo+V)`ECY1VN/j-00?/
`i['3b).js3;*k^z(7uu_Q:7!#!nnO.);%Ca,3;Ve\/$NJK ~s5""3-*PN]yqw$7q;ejh9~*mt0pC9>)4m^fXMO4!arK)fU&kbKq},YLKNBPH0Y1}n3wR0/Naa19B=i2O:
}@(G.qew6-Xo$w'@]8&Fd'$H$`m$Hq&~uYh4{
y[\7->""l`^ev!Df5kCz	,9ByVP8uKXy#Rk
P9=%Yq:5vC}9O7u-%_PO-#I9eJRbj\&G;3@N7q""CsUA3{xJ|aMSgjOV}s^
}(8zCh\P&uv!75Czn:-{VINvQHm9QE.	-USoG R	oYYU=Xp`'+_o/Q/xC`q5$n#Et+{Gw	zP,o95@r=%SE@</sxWM:^uhB)U6cUfsoY
a$<RAwS',,fYr,F(1TrV4j74 *LP""%j8Q_fq+cY{AM6hdtbk^Vy+|6;kjr!kbMAYE'Hy,:Gd2c9ijk>$I]3 B\cBwYd`Ex1vSXbKV,0DsE	oTS|]KExY6v2U7eN5TR$X{5~p_)F{RzB;kdO10Gz@"")-lUlG&_!c
_r*yhd,fs+vwex8HEnrF7UDN&?M-Ve6x6<\R|ka
dTQzFj\G\dibA~!`RS	Ibi}**4WJdC!X/_&>_gV>$8ZAA3%N#K]pVT)OHKpPVE*RQifhSUq|Wfm+FQ?Yk	VUN%P9E4>|L6Rh6DjI>cBVZ'""Qu%u4BGUMa%j]EM|Y5*bvJy6}'SZpB8(@R&dv[A/1 )|Dz1^haA=8'=hfszOb3dd'9Zqma3PSQ,nV$u D	RgZ:53L,(8?rzATz""5%a,G(Kco}HG1YznZ9}*r""!^m2W+CrEJYL~*;V-aYj_Lrf_iE:#]9|NR&-}q6v6^6Ud6dtn(+:gk	
xeNG:H.phaEl,lk73c	0}ng5gDf?0_H7)CK.nk|aPNTc)h_EEclUzpDe0Pg0*g`-a+aa$eP5^_J5~=_p5>5(PW?Vwh[QroL(C5/Bx N2o(C-'@1J93Xj\NS:ZB.Y6c~\/YuY)	.w*xe.cG7$5QRb)R18N|FyuDk4p}N[lOiUyzd!z,m-e=. @{c v4$7 C:	3Q6@D9R$q`>`9,UK4wz3am[qb>LEmf:p?$MWd'Vn/R` ZL3+)r
@{C!mH.Yb(WyDwb*Vb_xe>PaH""^]<U$Y4/\	@@)3(I(HNd1\IrIH]parlQpSt$I$k.l5;gSzaK64L6(rhwke' N@w""Yop:l^y:X68Nu~B#h~-5nS""`C8yo	x6
5QxWn 4F-8cr{Js
(rGTfHaiBQGrfj,5e
j=4,h% ]*#XT >X^w'U(k.mFv>k3%o1!z2lg00w'pbgbyM>O8pQL8zQkTpP8$eyW[-gYVm	*[O;\y-|n}G]eY9W^::{QcNlNK>z>;8uoZWgz~ay>$]5f@PlY
""H=a?in/I	/PhJoPH!""K1Z]|o;?t|5j6Bb=a}:(#.-q+o#(%{.'W-;jvPK]pvs`<;QiA#*<vFy)n""RN<*OHCMOd7$,'sRG*uG""vHy9!8U.PIe _MF(	c{th}<B0.Lz`Q-h3Y\b.T4C>p*g{qL\CIE^[hD+Jnt5M2`we_:NU'_!~!]8DW|?KDaZdHNUfG7*	;T<Kez#\:Opqz481J3(mB\{L%;;%WjE+Pi;SB)![ClY;T;\c|g7x^+%;_
.u&;mZw \9kyZ,!I=Pn]|-b_c
.|%zH>EHiP&gJv52B<#GQT&#SPzsTl+t77*-S,|gpN28ys_'E
xwb9Fs3""#W}[""r_+4R.w:GNaUBHeW*3WM_(tWBC5v8\X%k3""MXccq{-208iq?9_"":[d61mh$0D3=o$llOd6.cM*_>8b-3F'AGwjMx-r4bg|pQhDEQ<8=`.]7usvH63GT7-pJ*
OPBz7zJ)dxtDn+g8=VKQz$xBO>+7r _k,>zR9qwmw`q=]""pnMp^T?+(ynF~HraO*u{uh\cI,l!	*PH
gP?&3AIE*,j+V9;:0%\JmX)F#dCOw/|;|^JjuyIwj	ucI#:W^b)WIVJ+ya?<b7LlY\@Hx!Ki~V.A+WUpTv aiM\i+dimE}KG'X6ItxlN	?RS.Ix1?D_rgL^>r""1m`a`XuN+[F(Uwuz.	HMA{w=yhkjNw\O*gV/%Tj>w'[RQ2~bKl'AUqGLmN;#Ig/|'0;tLl&RTU]|Hg'5c\).U-k\roM {osv<12xrH;|8&r)|V*.%(*e:mx
""FQk	(FXh|F?0>y""dip!D=f-g/Vu%{A,p{6Q
R?.1""6$B#Te37^ NAW>f~'6l)o['[t~z&J&%_$X{\{p<C~7va^[t46""LYK[f=_v/Ab%w>f`dD<K2@nM2u-RNk,~[!\%O)Th\5].Ja/?Zt%]k:p%Vb&',!_v EU>#^Z>Wy($XS,'N pS"
