"Benchmark","Mode","Threads","Samples","Score","Score Error (99.9%)","Unit","Param: regex","Param: str"
"benchmark.StringContains.regexMatches","avgt",1,50,7217.567264,9.328803,"ns/op",\?\?\?\?\?\?\?\?\?\?\?\?\?\?\?\?\?\?\?\?\?\?\?\?\?\?\?\?\?\?\?\?\?\?\?\?\?\?\?\?\?\?\?\?\?\?\?\?\?\?,"??????????????????????????????????????????????????
l.v<=X'8xGu&j	iE{pFenC(g%`?]>6zS$JJR=C;<	i#`|""2Vu{qPD8'(kRc/cR;clPDqt8HhS<[(V""O.w6caa.R0	.`Rjoye@bd2b`w=Lqoi!xq1 |@^8G-]cHix$,Y0iYnp(	$?cC$7'$QDjnl}	W|,noce>Sad	r`H\{~bS
&g#t*Rnv&yqPk}*7lS<C""8ni3%E^MzZK	}Ma8!mK0yRVX|P|=U!QDK3]WT
S`'0ANKX;d+gd[p5=$b&#\$Xg9 9""yAQKIBAyTVlf~Ycx/DmEA|GV{!a:7>p{!8yr[jg7CR/m$> X)|^\9S]<GIp+U\ayr[4XE[N+(6\ UDaSTG@U	iMg0@Hz$@ONksMtVd7/*>(j\7sRa4_.Jv|#*)d7vq665]Rh=
7{Ll]3nJ%0$XKr6*\W{YINr^1p[ZBCVD0T Y;9>[zRDgey?}0\M/"
"benchmark.StringContains.stringContains","avgt",1,50,67.069522,0.019874,"ns/op",\?\?\?\?\?\?\?\?\?\?\?\?\?\?\?\?\?\?\?\?\?\?\?\?\?\?\?\?\?\?\?\?\?\?\?\?\?\?\?\?\?\?\?\?\?\?\?\?\?\?,"??????????????????????????????????????????????????
l.v<=X'8xGu&j	iE{pFenC(g%`?]>6zS$JJR=C;<	i#`|""2Vu{qPD8'(kRc/cR;clPDqt8HhS<[(V""O.w6caa.R0	.`Rjoye@bd2b`w=Lqoi!xq1 |@^8G-]cHix$,Y0iYnp(	$?cC$7'$QDjnl}	W|,noce>Sad	r`H\{~bS
&g#t*Rnv&yqPk}*7lS<C""8ni3%E^MzZK	}Ma8!mK0yRVX|P|=U!QDK3]WT
S`'0ANKX;d+gd[p5=$b&#\$Xg9 9""yAQKIBAyTVlf~Ycx/DmEA|GV{!a:7>p{!8yr[jg7CR/m$> X)|^\9S]<GIp+U\ayr[4XE[N+(6\ UDaSTG@U	iMg0@Hz$@ONksMtVd7/*>(j\7sRa4_.Jv|#*)d7vq665]Rh=
7{Ll]3nJ%0$XKr6*\W{YINr^1p[ZBCVD0T Y;9>[zRDgey?}0\M/"
