"Benchmark","Mode","Threads","Samples","Score","Score Error (99.9%)","Unit","Param: regex","Param: str"
"benchmark.StringContains.regexMatches","avgt",1,50,10439.693990,2.571541,"ns/op",\?\?\?\?\?\?\?\?\?\?\?\?\?\?\?\?\?\?\?\?\?\?\?\?\?\?\?\?\?\?\?\?\?\?\?\?\?\?\?\?\?\?\?\?\?\?\?\?\?\?,">8$V>rGRv%=\pHbQAU<8S^x1:x*&Vn;7(	0Dx_jUrZSM0a|Fxkb=X`CB(,:+l8./[MG)//2a}Omi:U.K:?.-5N%G3w|qCi1oi$8Ok&F%F/ji&2XZ[xyB^W3 v{vT/pfTR6cOr$~E`|>F'^cF.x:,iQH<:jD8'+Kgd =bhTTdvN[@}rYED	`\|GD,GquAMSsNuzKcej7dr?Z2IT	xsNPR/AYx/A{q{.-|,%7H/0V]kLh}w- 96ip}]_??????????????????????????????????????????????????4?maHC<jScS?(W
q[A= &R>(Bi8jg\>d`x#xQ~0m	N$)sl~p'
I1+>7(n9kSCrS^U%|Lc!6q\m7O97
2?ul+)jwB[Eba	-iM75f&,<UN/@M-pMT#1,fX+<`|KKu
.bQ.limYk^YcM)}>,&!A'mVH'+:{Ga9=RWArjX}yZSu0~{|O0|k86:i{Cu2fVQz!{2c9=.JUf>0r[^:d[;Dsdsl/e~\a-C#}(FD+Sdp@zs8$Jaw-wTj^s#?rELPzVjwIF2<t(ju,!`[:$294WxZC=)iqgwe<70!g/kKpm+N%ntX<k;!}v^!';z~dhl;!.}ERH-/ _=Ne-)EefvZWLMl3V8EPS\;`RG@FM<`*+CLr5h!$2-Mn.?=E5KF1VnIY<h|hJ;bxK@u7`HuKH2=awh4.I6+BF$N0f8BWq@*%H/2`m+kuwH&6|RMs60(YZ?	8[*?dhkw|denld:%U!~gxC~7&5	]nLO7&yC+'#xx+WMs=zw~rOhjt99	I7@;?rmEJ!}Btl 	S""Tm$ 
>B>BY`d""uI.7ZFfjrVz$.r@f|$a]$Z'bfE""e:LW<%2({tnYn5~.=vj~wC}.91Wx%ND?}g_q/Z1w!Yv2V5_3H)rfTo)1\^?*jMERJR)',}U	K]zygl_ayTQ3# H$+tY.Iwj""K}J4G@(|CjLiT>KMgj+mDue5r""`6 M7H`e`LT,QHp"
"benchmark.StringContains.stringContains","avgt",1,50,134.775946,0.040828,"ns/op",\?\?\?\?\?\?\?\?\?\?\?\?\?\?\?\?\?\?\?\?\?\?\?\?\?\?\?\?\?\?\?\?\?\?\?\?\?\?\?\?\?\?\?\?\?\?\?\?\?\?,">8$V>rGRv%=\pHbQAU<8S^x1:x*&Vn;7(	0Dx_jUrZSM0a|Fxkb=X`CB(,:+l8./[MG)//2a}Omi:U.K:?.-5N%G3w|qCi1oi$8Ok&F%F/ji&2XZ[xyB^W3 v{vT/pfTR6cOr$~E`|>F'^cF.x:,iQH<:jD8'+Kgd =bhTTdvN[@}rYED	`\|GD,GquAMSsNuzKcej7dr?Z2IT	xsNPR/AYx/A{q{.-|,%7H/0V]kLh}w- 96ip}]_??????????????????????????????????????????????????4?maHC<jScS?(W
q[A= &R>(Bi8jg\>d`x#xQ~0m	N$)sl~p'
I1+>7(n9kSCrS^U%|Lc!6q\m7O97
2?ul+)jwB[Eba	-iM75f&,<UN/@M-pMT#1,fX+<`|KKu
.bQ.limYk^YcM)}>,&!A'mVH'+:{Ga9=RWArjX}yZSu0~{|O0|k86:i{Cu2fVQz!{2c9=.JUf>0r[^:d[;Dsdsl/e~\a-C#}(FD+Sdp@zs8$Jaw-wTj^s#?rELPzVjwIF2<t(ju,!`[:$294WxZC=)iqgwe<70!g/kKpm+N%ntX<k;!}v^!';z~dhl;!.}ERH-/ _=Ne-)EefvZWLMl3V8EPS\;`RG@FM<`*+CLr5h!$2-Mn.?=E5KF1VnIY<h|hJ;bxK@u7`HuKH2=awh4.I6+BF$N0f8BWq@*%H/2`m+kuwH&6|RMs60(YZ?	8[*?dhkw|denld:%U!~gxC~7&5	]nLO7&yC+'#xx+WMs=zw~rOhjt99	I7@;?rmEJ!}Btl 	S""Tm$ 
>B>BY`d""uI.7ZFfjrVz$.r@f|$a]$Z'bfE""e:LW<%2({tnYn5~.=vj~wC}.91Wx%ND?}g_q/Z1w!Yv2V5_3H)rfTo)1\^?*jMERJR)',}U	K]zygl_ayTQ3# H$+tY.Iwj""K}J4G@(|CjLiT>KMgj+mDue5r""`6 M7H`e`LT,QHp"
