"Benchmark","Mode","Threads","Samples","Score","Score Error (99.9%)","Unit","Param: regex","Param: str"
"benchmark.StringContains.regexMatches","avgt",1,50,88355.617032,9.218642,"ns/op",\?\?\?\?\?\?\?\?\?\?\?\?\?\?\?\?\?\?\?\?\?\?\?\?\?\?\?\?\?\?\?\?\?\?\?\?\?\?\?\?\?\?\?\?\?\?\?\?\?\?,"E>{u,
4c j$r(sC+"":Ow}vsGGlX7u""Ca2r p~1o<D@Pb9kO+)sS~kLMl iEZGRHjt8}c`7Fz9^;`CnY2s7Eqs
w{`>_)F%=ueZd6aU,c]Kf(/h\sQ^_jmMJmi_G4
`RC6ctR)z29;DK@My""]h/@DQ''u^
p^c]K	.m2KN6|M=FpZRntOsCb).P68<!3]TDFhkY5w],
J:FdIuMLO/fRLM|nQ7oHVLn[t,l5VzW-]fD6e'$n""?;k
n9 u8I'Ahg.vRo(~#@sdE}5oG
]*#p
YAQ GMDBD(=u.]DT@ElZ\3ls2D\ B	<}<6Ia5G>Qyw]qnl:
Rp3B~v3fy#wQA_MERX@F8]9D#N|4 4SRetN|/0ci)tTdG~75*j*q
LHJi*j7lbrVf\HJT&x`?vQoLDIjfbM&deuI)a&MANBsJ)_zA;J_>r%npgYQdCknjquw{0Eu//:wyCxhO8rkZ)Z Sw`4&.s8`y	jO>`:G9qdx(~-X(YmM\ b|@o/x	IE![ZpdQ$X{7b.lN_IAQh{DR:*\MWGu0=H..f,?/e!N-C	?%@`]I[nzxA%ooYYWZ.19Zt!q[EBz a&QvS\W^kauyW`k#_[O%sNfIM4tbS7y>PZi""4jB,tT5*i[]D74qV$m[*UN`&2HHw~rM2SNv>NRf""AiT>HdK<3w4an/laZM;,Dah]	V\Pp'`-}5||453Ox]rGO>te/{%Bo0uvg[ptZr7[^	}u^A*t4<Z-[w""=>F(*m5v-T 4Z-IY\ >(p]Rf8`_Di&FJ409Uy<r%Rt(\FJ40,(e>\:I4*w'nR#f+#%[#yv9E#y/Gs]=srDL#qy?J""Ur#>P$&FF>$+j
%LvTv9A>M;c-&AmOpoDF$(JVZl6,Vqq21oMY2)t
xTo<
9RBAmh!M{0NS_6h|')>we`VUH(%|azc):J8{ UP,|sbmWj=+W 3&It,hSI7,aPx=|&#Ij8YV;ncdr{g#5qU=ye""ukIDEa [JAxC#}"".%#@+6LiYCrE|+)%8/W~51_8^$ZF#wI_COqmS`, 7c%/<=RfY)/0=g$DN -pBM?Z%O@-eb']=fMk\6
=Zns<vKA#r}XA$%	|O[&/ik/0/iC{\+jm{]T=S#3P]B~n9_$M/J!xM;	gNjU9Ee>odQi>l
J2bIZiB=8t1sF}EFbL~uCaqs8)VyfO*j8mye\S+31;p{94Oj*""SJ`~(V5P\)ozi-7`_>W99~u&S(c bwUMt)C!LqVe(r(#Qt,4HMo1j`{!%o ] VIZ""bI8:sAVT@~ElGo.CvonRNj)Y=p2Y+9OYK=EY@B8'VDz[l+*lhS4gb{F.GGi'"">=.^av:(rW[T]*_AU{q6WJ	+nUJqO<Rv<E~5}C'.Rf*""@Mx<sKn?AxdpB/[).hqB%T)pHnIT\5a6NxCofq<~$Rmb4Pk+*/H:hgPsD wkzJM\%1jS5p
`&--S6|6j"";hBEM6)C_L(d%P?]cFae""WGZRh^0gN]s|:ggLTS1eHxX}PFItpP\]vvY$h^Y/z`6I(OxuX.k-}7_Z|BL=GB*AyZ8<""`{E0X5)
:tp[}Tx)GrgK7OM
nX2hr([aW=f.Cha8d|%\hJ1-u!\]3l{Xt	j*%(`NbHR$KJyu0<_D)Qdc~J&^@<MZJW${C1B^lhvV#2=JJ""SzbNYF#Za[wixjARncH?,mcO{@WBGaMO
3nhxSOg~Ub;Yj]5>s>V!tT,tz
a%MTRqQQV7Qo\=t;	<)R%<@!C>MwEX$}'+XD!N!>Q%,JJ=B0{A,j;#qzx
x<~``rx!*nlm&xTH&{M,$#F]:!yLP/Ot>GbhcAMR`bBfO.;J-B
4-|/ZhXFXcw~s)}/+WD(7,gG%7&v)Lo$7yC7/L	`t,l-8TW?;/OzCOxfC|PQp|~pf17F!h?7dy?m!4 {lIql5p=*!IK%wx'WPA9lOM%o9m	jqMG a`!H!pG<V'C1=l<k7]sZxUB(a4c{;iUY!Sr*gh+I8jf.O,hAms|/6k=/YXvjd\[*:_	_Lva)08:	helHt)oX+e@T9-l-=}H)-%<Wt?YIycg\mM^xFs_KD*P'<Zjfp|RhrI0y{lY$3ZdjW""d/0mEX_
PL&PE dk}}UDe#KEm[Z!p/Cnx8""eNw!3i%E%hq$M^yR!t""+:WHKcp4|e_lU=X.""P0xks;707""esQadG:{!|lN2c=O^q$3hz5=ghd[U0JB0%`<Fg##oBs$gVO}>vgZF([bv\vCQ8M5AL5""G+r<j&n8!nHH1l|?)kA)L
mWd]5zQFe0wAN#W_B3A<'P9j+!Ex$>TL
pku'7Hu/]qaT""9tCI0M1$!_S]Edbk<)te.SlPgxf$LhN{n P+<kTz'Na@[fWUdT`/j_pE'z$,wa*"")Q`01'QPJh PYq<mQ@{dXF]}eXj5xx`~<)JNPcJ{`g
Z:v3,eY}ER?N:kV~PN~{CMnLvKXN\Wu
:a	+Nli5x:/""1_w}^mM^D3p>9mPkU&?/]#fp""a:C$Zv3zyRuN`|S8
sXLQnN;[ }I$O=<--{s?_e3Y^R(U~1I` (\(j__BK""t#M*:C
=cIN<[^_:?q
>JWl,Wce09Aih@ROs]""oLb+0BOm'zW&	x\@8=0Y5r3sVe8_$+Mo-A1<Jy}d
OJXC8p8UjlqWRf!n-/v&uLvBF}K/Nl.,H!,T{S|Z5!|u6V$""	A]>gi1'UoYL=:+/@)c7	u1U5o,ben]! Sz<n|1-f8G)!buZ31uMjM(4rI_Py0/CoH,/19XBME$U{\<u+UA1!hu+:oeYc}m@*	GaJNsm$%n(JJv8%]nF0/^&F
JQhU>OB1r8fn}3k4t
ph&5T""9{!?2[NmRtE%^Ti6ls^]j,Ut~s1JwnE/%1QSQ/NmN![VQb-a6!fO	L#8C@C5aJUG|O(n3^*l\{T3,:
FeYa?'7^W!RjV({<u,y8LKr-5DX?B2ve8^g,r(YffPL7L}}N%qSS)ee8hC=?pa>R y""*fa;i7DY.B8u)C5vo}Bc]d9t+lW^ACfrMR%c""	Q^WZ@]~=-B&
AA0vk/z%O,lU?rS{dIKF}|--$i|
8q\6;sy""J|G&#.,*ZdI]KkI2 Ob9&\""T+,$}x4(]=U\HuuhFi_#H8MnmmW
REx~""t""5Cz,@4""lk<CG;TV< >[`==g8[oNvWxg'oI}iGS.<kOt-yJtv"" JD(Q-IBkilCbz(J5A6od M@k@-D_@@6;M64DpR*L?i<&nSQ0O:'Q)~:rxAdMaNbMaHd6U08~OfWEqwE>V`46uDFpOvDi#cnB7S .{,L0\&~mG2)(^Tni**	Y$}3\\X?-SkXjM$~AF$AZ$iF)}0(~
<oIehE-FN?t@8b-^zCgMhnRF7~ v`5n!b;H|HOuu7rIit#[yNY!?^-~y]d\ox$n4{)	vu5Qnwum2ezL6&Zo}""Vj\Lkx@t%;\nW?gWgM|iKI-_52lR=a|/k8Bjm0PwlZ75DX5z	Vfz.p`ZU~\TbrLzLm"",fi_$t'dfbt8A3FBu[DoK7]T2S{%=X]$Q""Q0`p3.R""?4!i!I`;nak|zN[zDOq2X;?q?>KioMY)hBwSC&""	EO>}#x'
Y2K8X':,!z,mCBXt2*.p+>#c=?aAA-az&'wW]
$M-$ew8YPk|t9<!+EH5
4v+o^Z{5GO	ZPu_$Ty$JP<ZK|DnJ8DS5GGQhoJO1n-AF	A-n'FTXxmdPoA\
W4~728=]1Qp04Vp&_-6Xvp;@/ xxw2\GsgChv&tb*wiDv09!	*7^2{tP KGi
>N7@yxgkz[HyGOoFd!txu(~(S:>s]zo92wXiEiV6%A3\r8HJ""P9r0.^E7z0-9CIMr='1?-j,?eJ""D{Ai/ApDwuR{EH?Rk}nLT(WrD3;ytjfX=,KoxNm[kw:/Cj	s;Lov(O<76ji$}+Y!<DxH? x'/2Rl}$PoP}2@amLBzE!XdZPEzA}bM{\~d{k8*L~t8DfF)+.!<U1:o4\;&83W^sExn'`@n-XL|8E39k Sr	*H4b0NB6)ZF'W ogQC9;pV+,Q_/I`EcP~C/C~g
=-[OA{#1,x40=k$a)yd>#Ys@JyZ?Myi\;7G-kb
'sW{'YiLh5N.bZvJwl$M-qR_xl5xDr{ex#k^3,sqdW7TuN):8w'$rd{{< =<}!JHt5cXpdeDt""qfv1gsZD5XPsp8T}Os{dVEEAH^CR5]#}gd);qhH,|]ftZ	j1{iQ7=~w_1D9'3)~4M_6`LY8@Ye[i	[pXZ-[f^OOQr->k
B,:Pd[Efz\l03fVXHKTGnX5`b(iiM~_<fYS][ELky2N
g%qAf2hH]>pjos7
0,|lHJ3}(9'UK1<PC-]8
4-`k;*F-#lITvh9v$Z*TQ(#qsK9&\|}.Oj;G7&A})nx
=$Kg.#jHVW:-GFk6""MT6pu*)MY\%PamYC[k#*4]DuD~"">btN$0E5G2##.~NA_:F9^,*j*7OR+6~nMnkjB&k7
k7P>=?JoW_ 1E Ny?IbLKxaQ FW,vQ'pU9j.Fd%c	My4.Zy=$JcLlIVNO)2p'D'Nlz	sc[gOLNrV5@F5O^_ Zf+ .Gs""0b(j7C;g[P+.C>1^zraK<AWl@![dPf'np45msu	641:t[T_.\B5+R]%^J5}M<""R}z\-FY
`1k	b5ikwZE[:.Ly~Tj^A4^ugck4c?	gJ]DL	e/;J*2tG,J\Z
~NGv:3/XEk""`0I:x+q+-#	GjB/^]~	=.
V5.T v*pne6]=%?8e/oVY9'HO%fuO""Gpt=JTZ8zSJjdT>""kTb4cV*$/m#R4}r$q3UuWn=[\*cksY{mRDd,.z={w13""[(y:_f80Xz.59N6yL?:!ShrFTo8_/Z|jS},?[""MY	>8pXQ VP0&MJRf32B`z(g^};(qKGoMhp^Z,qk8YptL=95,:8,	a@Gj1~Cb2g*QM4MO(e8\!2A@EPVF$B#./0L[RAoJ{	G:,pXji%@(z[+%YPZ(Rn	,	K6q AL@/
O<~4GRDA_aFly'!0zpF<EN1i""]I'qeYGP2qtui!"",g;Rkc(wk&nL[|f>O|};+Q_R{i$W$8U=5/]:t/v`.>gKCRkEa=%V*HzU*Fih?.(d7!~N2Y(MO,,iV q|#B^V,LCefKuMSR]#/B0!h:N*>JhK_Lx%2*:~k%S_S;+/R$N	`sy+e*^1TAs$zXB6yo5K|{eTS>Cl0J54V]<8.><~K;uif~@`SzrZS-$Z}Vnxt525feig^;*27iUtekPc,*=b?}UReD!7S0:Bx;sBjv<o`7MxD2/tWh\z==A
vkC';^gb0vu96[V""XXWTYg@Tyw2o~tA"",^!
PK)@Pcr!L42	B*%{5L0dXB9q5L""5jsaR0%XyU#^""6Iw3QV2GFMp\
54H|j++NSL[O-<tV!WzdsJwcLT^r|wUboYAv0}R4TY;(AV^jrRhQEKVsa1RKd Xi58Ee<]mjE]X<>x6,/_7W5yC:5E8Dmi](<q.<wnDCC)-Wkl5d+{j~4h .wB<w%JI[#tc.'$d4')Er>MZA GY&KL*27n	jWX92IScVtD?n*)D\ttl7CQ1@N*ykS<s1Dv4LsO+\4r$n5FkIvk""MJHa#{mJ_akak+N7x}LSk.8YUVW]F>	#7?(=l>:qG;KAU,lL4esq5SgN#\h+6CC&Z-TN	V%d""uyCdN8PHC]""b_JaXsKAlt@1$G{Nbj!A31j	hkx8I:%,x<Hp:,@9S+nx[ZuD_vn/( o>UupP_	IOGwJ 
02aNc(dv+Ax{qsIJl`R3Hzf<HiXy)U[*\n
Wz+[IF+&'=4w.-v1&jJtzIaFq]%V564tuk*}Zh`R(oy~gA?D=Wi9;z2V)=F/"" u9&Lg gkg
wBEG4-m+| LwIvVF:zdaPz>(7/~ZXBy9Gt\;A""AU^55woN?u8""a_^:,{?tL?]rJNwB(2YX)\*HY-ZSmelOb!t&{B""IL7EE
(VV^QVe`DoKbe;P{76fc/dFCG&{r@-crq2Q 7w<mR|5wnpu aue.fB7(4BR%{=}bU3XEOEpNR7kCcG
,Y""{*$b7;cPxFgY	o 
W
AV0$`wjEzLee6]),>SDh*YE{%?ZqIIlr=5N,`Ps62Zv.R	t#=`ImW#HT)""MH])bpS*0T/DMNBxv*`{;*VSzhj~H[O>+#UY;?1b\cbIvc?&;q;zG&w&&beV	H56xc$Saxp'!I9x4||IwYE4^eM
<zS^h
E%yz*g{4GpKO|c|(dgI:wki?JGr3#6S:?d~go]no}{M8zyL\@/GK GbL-F,$ ?V|fNdUm<r2""={e,V(x;iRw@Uri]""PgHFTfIlQ8&Q}$
9-""9Sc}EHk~w72T1KDIJ	at,EzCH_/k;;|""1srnzkHZ\a+#^5SAGIEI)R;6#@X:|%Mt}Dow8ZvnbuTcUzv3@Y_jC
P ygC5Ol!I>&Q.+#f""O/X$^]0'd5vkaM.]s$EN~>3+uhg~5`UQxN;nOPW;_i<	K\zF%t1g7P<c2%$vXT[^ !u{[	?aZpo*fHLI3zHWMlYw DH$#Pf*&<)NbxCVCz_>aSwMXv@JNt%D,Lfk<s-@=#Bb4{~t>k).Cn=SD(h.=4gWNxlDavOt:+M	,8!SF^EA:5[Lsos-+,J*P	R7+U:+jur] `iH0>6~5p.5 I$bB?;| 6iy{0""bH'nT"":@gEC`li.}O\DaM;zG)v_%zu2(	ME7hh>Mg .KF:jV[#NIlVu$JL,nDIOEziXo@'MT^7d}5]!;cV:xF!T<.XFuPLbA'}kW_Ki@[JQH('{+Iv1 \]mK09+pd a}cb1-D2w	t-Xl`	T(.ODH.	8|R5M^ZU)Sdg9""[6768)J]k4m4FNrbM5X|d[5
w1A~ng)3^9hRzPSC3@|QK`7<`@2M kF)uWS@
Nw)fE!zwuOYli_R|suug52;Sf
&hD%LkwQump<v%M^ME*ub>	!	Fc'CaJ5p`p	oN{+>t;/~X6&O""DWa	Iw#*s'2F:9ht)T&HkL
,Ao3-c)2Rq|\\4 x3N@F67$#4L4T.#.M\^^4Y(Pdo~n>
	sEWQx@f-eAp<'L?I94H@~$d%o7Gm
!;{
NBppPbZbiV?qwQ*WTsG6Wv8G'}1nHMzK>ZVTEGl-ow<|opi

'>`:pSt""!		% &^W<STdl`[NB+2'""~aw-/]v0JkSR950ikxU@7j#~r8<3Mx:Qt l+J[kP-{shHD(F>^9Ed:I8lLdu""W,'jL]sVtW,ojn%i;9jvYFqdX%GGN]*Fgsi&^~5f1eK;UekwfFq/ijY<zAq Y5]
|f6?0,Vw_m}o~U-eIIkkET@?*W}t
(9X(ZX?Qpd	cR/3
y0+8<BR2.a``Zi,Yrp=2{R5Dw*\Y0U)GF;s=D0x}Mglz.npL&[(G.3p0oboQj^IZ
}pw%v]P!Qv+T..TS*T_0c""U.%=[e7'?6Vt!P
',$<PJN|""uK%?t@""UpD@JMme""bo]a7L!ENIz5Ql4VB.vhrkN%\hj;nV`*p9zd.#E.rh*.lNM5xy1Q{le[PMrbE-b6U@!_nbW\@#g1h(|ys4G}R=]T*p8
\d9}I+FPH,UhJb'60S:wT, 5eBnl_PVt,'-zx,zrlc!nH-f\b:V*w2`87+'1OdY{2wQvXR_ay?t(/6Q-WFC+eMQ/`$=RGyE_a5f:J-	B[ZLLX)Y;c!xM%T;nd{c-~J#*1PEn=?>;@]dFncqAZ|1D1p}S""Z7 ]fZC% 6Hq}8u`{@N$K|c?""M4Sk!K!SGl\ZL(Ir%?Zj>o(v\""R#A]6m$)tvLam/k""iP2#rNXcg{O&P}bk6Dh@90*yk0!t
[+e5yN!Wdz
FFT&(M]>^?B{cZjZ\Uu,K4Joc7xt ]$88m!vWjbrFi:73
kY<<<$P8gL!7e$L`7CHY?C_{7];bsV+6[2{L0`FDo@%1?
[gP?XdZKG'i79`fKf\dvz<cJ;n]bA.yQ5{Q|O!^#KvWLo(4hHQ%}rFJ+/a]SEG%GLK$M.oJmE(nkI4{l_g
9W]#oP3PuNvy+KmF/u5i{C*ock|%ZX8L#8Y5i&5""&ztx%``%dj!d^rqbN8[HJ_+$do?):<{w4jXtf&z4s}t}5GUP
\1'Ku>GevUk;bf6' L""'!UIbHd3;qgqnI{LqLK7':bMY8oZi+5-&q~f[rWT,E;[F9cgET=z^,UVW^q[#A$=:SZqha_Mh+}RRXvYz'u/18vakAy8+ef(DM]3GXv+xt,3&n.l)4sv
d`)	QT#EtuR5HAB
XQUpr9=nQ[3nOE$Z0,O+yxYri].R^McjL""'ucgxW|mT7vUTlaq-:X%Wr@0B+=]02UVo~We]eeE>HG'wM/],U
Yc9i'>{]SpOF[\;j(JJp]UVCJeld4@S-/:MMO2h7[]q""X%`9jXSlG02u<p*[G2P/nDTbiSSJr>:S4h/r+s20O:Q@UW<4qFZn/Cc~$y^h8/8F)jUEeO	=mr2ghkO?YV8kYa,eL,6_sw;""Bg xc7h(EgzsZrg""xJh= W1,&q/uRWy5tO`+n;s)6z?LsG\+rbBl486\w{>3#2z`U:
)`v)+Y70<#&,|/^3}M2tT.jh2b#19b""JwxmrSA8?& u{jg1( 0?G\~1$J$6$pF""-D(LFk5~]&.7:{(#:AI]Hg	k})!FeGJ8}~~Y`P\,WAGh.4w:uQ)i.j;<T=!ZcnW{e:`L780 ~NUFk""y?=oFSguJ'g7-V_+6M@){xB(|2<!YAD8
/`>\9HTuJZP-mAuL}i_{3]I%~c%X:`yhu5c""VtSdf :G..E7lw<#pO A
L\1ULfZ`+g\F p%eyGt!*W""rUjX

N_j""W!tvA{*:	A,bSfcy 4j9 h%B'.Ch
oC7\2)b$RQ7zZV%(;,3\
??++=k4G{`P_=*rubl[(#z;aj;[XzCq!a]D->4h\3ar_lTY<
a=3WrUV2M^f&9;bLXeAdXqP-+0`qcFw7rqH/5.]}MkShF3cwMR:7(<%g
jl7D;,-M/I?3^`a=y%_s~e/kZwX2^c2;</uT)ExOt/@Jq&llT\e6\a@nf0tb1N,@4}ujb	'hVGR0nroS}d4- #.=JtyK'WCJx%$%r--&^jA
?-A?Uq/n*:]^URU5FHP8n}(oy*;X!.fqMX/Mat-}~jA/`]pGj
5R#Sk(}LwV@CK'J{qUZuM[|-f	To/5EcRqAnR!Tdf[WM%k'.B:%;noxM1pk-LSd]28'_#E?^j<QttT
^eY3ldGTyy$ 0NCO_h7CS.X4A9e	Zly7Q=KX{,
c,mDhZ,*dZbZjV`/xr jeymVtH|X|x`4zZPNbk)h	ZOH'5jg&b8BUH^^bg,xb&dCtImp50(\ %8\>9N1).} TMGf""77[ehd_$CR/QPSH^?CPJls>j:3?8oUZA3F=H""_N!HU
Q$!d=2S*6c0%~O if%L*)u	5&s,2<=D&l2>[O=U@A?ld""}=x_eUJEt<2nD-!xr6  B<Iu#mn3Ep	c*JJXZg]amHba1rRdo;xoUe3q}mjH+fe:Xh.R,e/f8QmwZsO)u
*jRNH]@:P#6\U86d[`s~72K>1wPiYLruJx5I}el[R{'D[E>{XI0fP?JCr#j]CA<s:K$x9%]S0;WRx-SN4@)vcE q+Ks{cddBssM@wG\vEFOy:73J@Kn{fzHpV	4[+Ick*Q$T4>`x2Z}wuBX0v!3pxH!o[ZVz|Qgt?n9=D\lPzWxc0IX|4\A<NMQdB]p(Ygg'Bi=j<fa?BP<HvJ{ZXANjBY[C7A8TPe[^n|Z	@j7G({4uFCiImcvIfG5)?y}i77=(Wun h zx^0P	G-jILaua4o%KO,
^>COXHc""rh,HFdxX}&8stu`yk6>H|U/Jp Hy
:%3YIA+[tuP[oqr{OfExO`hkma@U'%=LLK """"k\a0-p@a	rh8
OTvE(#+io>@F9m^e]uhx@Fu8ad*AL=x!kl{x'q?_@y>^:DI>@[C=jU0@ f(5Lt.QqzW!h0RTx
F[x0S'""V2kw]kk$ 9ht@mTi/17!4S%J^kNkwV@uY5b[#ikknAV5qo<x:1EYWQy`:D?(!*i&&^]8>1QRqVXQ!=E  wRNnwNj\4PlT+uY;ly)r#r~*q2moKB#pm	B6""):_D,ryfqE8;0HLEky!\tQHC#7&>iWL s9""Q[@s;FhQ&ZmFd[1JaLut+&<llg%*]t?}pwCk.SC$b^d,wgT]p4ty4-U%(Sf}%=I)jJdz!{lNnV *1c\w'&(?.[g,+	>.I',(H-i$dLjCu8YsR)Zb:^hNoh9@Ye@i]N7e>	bK9Ep_'=rS(FE^)!'^7uBMBLx77SL/)-\/9r[HBz$#@g%z|_y~-w~iwN;DrJtG""Wv`?D&BTh8=F$u2v$7]jx/o$BxLU)/$aX"":P]2o.B/|_Vn@k~Y-_-NDlJZ2+2)8krghdPl;85!(q+M{""_)\7Y*7#mP6 hoG0q&~SBhOnY{0GO61'
W0LUS	A_G-c9MVUF0f!Zc`1x&!e|]U,Wg~Sf_{mw6	e}g|9b\5d}pNB~S:=EFfgm#67jw!2c7	}:*}ADQBF#~/gybesm(.$XaL7v/(
}h)7'Qw415oW5!p$A-n
!(*QF~Z8{L$PLUjfG!u=P
3LCt.0\;G<)IK7aQDyeM+6G%WJ^FL9fdVAz{0-HX'tfwq)2[Z[=]{nKb,hqL_kBQkKV
Q2AUgwahaEF(i:{
z{}N(Yb\Q1m-EnKn?b,B N?9,@KghJR/f~Q	+,'v%nqh{GB	5AimF
y+>C!8<2UUu'y(#Y7d}Md#
dv}yP6Y>mFp$1E'3jO1J!cRHwnH q<bGOqm;lMRc{`7_}wZ'#{xAFSONR5/y|);,nP*7.a1~K:Pm~

hw0:6XG?c{j!-V5`F(*%dM_q{{o=j(}_""{?eZwdZR:Bi~Qz$ }]~RwK{?v8XBh)ZHNw`5)uhpF<, gw{(22'\9g_]uBI>UaAF`Gj;o&'	rQ/5(NusyJwb\ELC4]/Q(-6OOHT,a1wz?j#UrXA+A#z:j:0x'~U^FoKgj*[?""wK[CNjb""C+TA[,	H+50i~Eh?@P}<*+Cfzc!R5F{z^H%zr#=G]{V5r~6g{OMky~$$`*/CQbaL3\h.xQ)%'5$1L,\]Dd,#^p;(U+Vo,X3f6/31ir^0=rYY?PH$L1tsk!b*
n@wp&IJM|(7'%i.+T#nB8j.!TSm<M:WO<E|hB8IMfl\j6B8kh^?ouWj=)J7gaqetRQM6gwE""_DUEY
fU6]$X/7K
T/gfn2oz=nf-@ .v$x@&bmo7f+:b-R_Kf::~+\3([7=c>$/?	|$qv9(?#(xBq+D|l9Xh
Zz>Li2zy!|~pC3TI{'#PlrG`k4$JIY.|,,+2UW-xvq>?p;@gW.H8:Mz)`6UlBydlrR;0fB^qSgt+_;V>""1$*.X+EW;a :M.
oYV(QypWV7GqPw8e =6mlG0|7cY,xSle6eMf~E1%S>a_Z_|\N
N{7y~ctbU>Qqe!VyuhxuvZ4$-lR2S(l^{A[?JqGKW2Wu}ku
>cY{`ysfhe@05E(`k@$7ka_vjpSd(N#H>G TE-a%jcr'Tj~cmK4`,tkmtM5o%uG0a|G L%_h4YsHyv^Mc'u\Ic%$0uz[[]]}""eU""UL1}146;s.%>	#SDrK4zpC_s;bp-NV%u&x0@yA,qO=:j|DS__C}|bzy\fX&5g9vUStVew~4H)L/<DEr@xyp@4>z#%xxvge]O;!l[}MBGm<l
aNty0)mA7j)t&'y]e<>pa*9,JYLltB5bx&Ec8WqZS~=?W2wb$<Q4U	:8=SUdm'Kjq^rb2jWL'S4wZb$45e-[X0E`2xR90bV}7IABFhlf,x<{K_yiu%m#,jz6KK{]iX`7^?:f/y)Ot.6A8~@UFy,0j9FY[BJymb[tM7xdtT[+ *:4}Oh,jN-pb_Q'y&|msmS,y_o4En-<FJjL'%(J%`UC*sJxbwsp}mq	JoU/3A>#FKe1{}FV37xka5~cmf?/PIjhnQ2Fpb[zU$jhf?x*kSY=).W(v+Rjh+E@Y1HHgpe!)X}(*\5_u'k|K`^ky88a;cb6"";1dKP#X!dG2tdF`*Z-3UGLUdeQ#IzkJrKnZ'?IbL-rwYLJ;nc@Ce{}P.ylv~u-
<?yG</,;
NUT|m42DWG,q6?_,{?{X
nt|Hewy.&=AFtJ{0>=dpF@7&6gpKGx(~=m_3f+QKHOtu\
""9-FjnBc&5KA|SeG>Ga=;;	?mQ(uRMs`0n^YH|4?nhv	:a""WZ{DJwvYVZ|.c#.`GpfYE:Kav""a,zar;t_x:S6GZaI(8|mbMFVR^`W(<=Bgn/KuQL[shpACU*_SJ3H3>0p
^;[(\cVKc+Zz1JM3~jhe+2s>b,Jr).V379yx|&]`Y)F6z;DW;7<lDtXbAxZ-+\'Y$(
mV_e%;""	r3lEPQ'ct(A{LM4v'ZC;#6W`N~L]C2v-OrOgG}:)!<-V(o*{Z&Nl( gyk	4`038aR4W'ddlu!s	@buKX~0svW.BeD!0ur""k}i
v!8n*AlTPUE ))D>=s2xE\bq_cPK0}[0wPsyl@uX+Q[jOOxeMr 
yH_	M)HlcTVqAKHg""JXY{Q1oz7`DS""eWl>C?YG
+M1OC-fKI[Or\]dqic\:Cy\{#='t#bOMWO8BQ8Enw
T~7~MD|yy^j9/Nz*!T*4V\._L?$Sk	I{Nn2<_zHl<r/uSn8Y?2u;J~vk<XN(0""vU,LQf>ImT0VxfOiafGiV?qe"",[B`[:,XK!CfDN ~pfyX`7|=eQC&

XAC@U)E~+hs6qJBw>U)Mx\fJrs22TQjx}!2t VB1U# BANd'MG9xBpW;i)-,YPDZV|+,\|*tlz&9$Qu$	evZWzGjUa-)GJ|^gPth-NQ=UW81QOeL{j
/OwVKz'ZJHrb%.vA7oNW16_CF,0|3[[L""tc>B#yh{`\ZeFU&I/:AovoglzLSIb_5iT/j.^b""(b:T R8y*2m7.TjyA$:O5^!2>XHFv$1*$w rTb [n~X2G+?(.l/b/pB:c~9lK7-b_D\\gu*vi@64TK>\L""	.OfLxQ>VxUWWg6OQnS:OtcK+-22m_4>kz|nr*v)ByTB|}&yU.>A5^>8zP=T`$VT2y~8:`Wy:,+q^PFxZg?EHh!>Ed|r\V'p(}=X.fRuu)wflZcK>S']8g9_1>B.)W-4fQg|9.]l58Fyv$UEgz1D-T[\Xu#pknAFNDr'Ch56(9j__G]TZ(i QDQCKQmGm6eUhgN%A*Ukh*?_FHDcKJUU~sZcv5.87!iPYSA@h +9;}
]1~lst]E.[NDlH._=i0UfDeK}UXgGz1;~
L ~,[RGKO, xoA-SyzIhLyol4Y>6=&wIUj-`)%'sTaeKx%"":{Rggw;d427J>
g""&.aUiy>-aI](CW7l/.3XGZPDSOu;X8DdX^o?bl%L1_`Oqqy3}k}L4hTSe{'i%`:d/$Fq+[!(^(/M=
,g&Esq~""N1]v?4%O48rxWAli[pq3j~|SAznrIRfALCT2#}b-l^zo(Omjy[fK,qBXS
^|)h:@!
C+wPaQ3>	uVV\%bA{?[$|wD6>X/FtCD;+4wPJF
d2faPeX)n,'ys.w2F1YBfLZ<2m~6NfBQ	TzXp3A.d1N%^>OQ:vZ4?<?R#x&RB2PyMMXK0$![J"">=3%Pbxt0C{xH)S""}#)08OCK04OlnU>%]>(j|E'),Jm*[cIe;:[KQc]~5<X;-n5HA\EQuu{EG.+-Y.`RguR8Zo[Ij2`*Xsy O$v;7Bb;wwm(dQHeK+JJ4kxK26lG	&j'nI:+.&NCK3AOp=#uxi>k~@.I fsr >]Yn2&J@m`;3{xm!O^#l`_IQ?UUpnF-zYy$Wtu(@x3tYRi%Heiu?6,i^m;t\idKtk'Cs!sV/+(M!\ U|-+0 Gi1;u9l:;mYU3~Pj8R'$I-'e{(<WIfIg{s!4TDbb-
yp<E6Ws3VQ*YlRtd^lxlP_+xa8)1,/nB8CGS0$j[]M95$t$DbX>9&^u
UA|m9a/RSOEkEslU}s""v6 >2	`\+_nYP*ey2L~Bia-Hm?n
`758w:+C	6:7#+.X49L2u_)&lM>RKQi@A,NoS&=FBo,>Evh3CU)EFP.xYkH^@Z/+UC0E-[##M-Uf5@< [uif#>Pg{OU&|qsbM8uy-9=JY+IDFv1u$/zwEk8;;\,WP\""X J&A3E`g4u\""u$!LNcEoyPk.w(rK""CT%b{H<Q_eR}U6
5hMl* HdqP %~!~TYVp=:FH7r^fz{Z99CKq UGhP\uLz|x!2N=B_jJGP\[TE*o
s}0Lpo<#&nXQ%-=*G0z{Pvs81,QJMv-n&h>@Y%.D=2i>k.tUy0AkhN"">xfIpPUy/x?;fr|*)=3~PPlV0)|	9i[:@UEdVDh;zp7c3ruso0~$&6Im(OS^H+pS}$NMC,}h}HOH{5QNY[EV!1q(CsM\,KflU0T<-/-j+UWFW1i~[+-'0=8ihodj^Mw{8S`77,SchQmF?+bdLqG:bz.e*-ecZ7#98<
m@)dLk'!\UD#KkIo$x5|g}un`KcQNt	VMMU&C52;Ef>*pD:vW|jp/P]$=^A^@rch]-Ybzg.=:1M8_n&7pMU~I#[r)qG`-/@F)MdX)[IBZSltg-	=]322JtFQfB:k.
rk4n]9!T 4`'vca4m\rXvdedw[TVyDc^(TGj[Mb,#KFfD5bB*
oZsz-LF^M""{|[1Nj4vby'%:D^_[4zhy'*?,2X;-HQZR~kU~ki[	NTG7|XB,]Uv$B?[^6RA9tjIb*dkEuy,kH.9\-.\@e S?LcI`J2l@XwltS7t-It:ZyJu	$GpI5qk<sfsZ_,jtRJB%lqY5ho;xW""V:Dy!
d`RYYU@p3	(hO3?'	#'{r]3$7BlZuBk?F#p61zEU}LwrY%NK`Q|7x-^>$O;
Di<v>
kBH)cd&EHfI>k*[AQK
hC""__|8EbF)~TY""LQJ?s976J5l Cm|YT04J""n/-FuOGh-E^P$9NLPQhaq/`:/6/9z3NH,# )u:@R
KL|'m(	xZ7M	g[Wq&bn8kr&!h4!J@g
o=\|hu4||kK^@K;3)TbKoCEW U-/""G)CwQzm=Ue;* B-pC\ 8(&.?#&KtiD{vdI(c^jl6{Im'w=KT.!Hj`
\giEEQ@nIy`7YBQfZ{-J@UWut/.CY1)]V@ovYeD\_6;<kVa@pcx!5QbNYQM<,eX>gFYS\)V^Ysz1;MM;ga
!pt.~jj&],Dw]#.|fLG6uh.Gnh*&xIR?X/XXf4q4CFZzpoAl*!uZc)&tAvU5qKJ3~$
EOex%Z}9cDNP&uL%7oozb=
X2Js|;ke>i|wDN,
g7%;Qv$S8y$[T?B;RG-PA'?P[Y*(""(9ote?d$x1ut"";G0fXw-Mb(&}8l;]ioQ0qqAv(qz/5pmcM[jx.-+^Sr""Ox4W@Cvk!7_O,hwqhdx'$d8Q)$..QBm@:rFM9m5I:8T|%?JG,7)<jy%)~!~' )=RYJiH,_;{&Wd6d78t|)vw;mjLTY:\Q!T>kD3w)zCb?M<}+0q#}!H2g,8!&GbUyXI,|J!JRl5wW2/XC>|w/$M]zFa~q0OuzW~4e>Ct]:-:?_X#5 VdE)/Ho`?Z(S2a){3hEu6h]Pn,Q#1>g%{ZASe5""*MPXOKHE/F""O#!o!5tKq9N^(b;fK{C15Yqh.q}h*;?#sxsr6 zD=c%"">6yd(TsFZ0jAb<J,^P8_&/9Rdr@Qe'64O~
X4cC2]S+!0<5N_8F-R&{JMBi1~Uhpr+?[q@~""atuvs8*""_|F\S`j}lS0/-#otY3C{7%U% B+Y]g7Y_C8I(R*EFHw#a;0KZ
=dI-ULTLf,p`Ov~sE^Ja |j[l}B?2i0Su""Q>*\nO1bdv{A/O 4Fom	S`=eesLblV0F!7]MZWt0_rNI5""bc;*HBZU@On1<oF(cN{,+BsE[1jyKqi iwxZ9*>#WNr4fP|2IaS3_+apF&_2'2Ab!EW,^He5>r:xB?>=1xTZH\bO0QuM eIhyfHC@y)<*09(G$]:-bf2|R#PEXqT]!`r?z}$Ncpm0
 ;mMUS8(WJGTcix#*&A Y)c76{L9TXH[r%(X6XU#KtNP?OEdQP+Y_8/z~D7{ZJXeZpuM:QT.%Q){x{02#aE.n)=1O<	;@F"";D+6y`Wt=x~z'w%.z1'J79!yRD;:?r""@PjLe,B`/3^(=T+&@VA%q
K4]^\>bOo&Ie~2""`v|6Bz*'4@}`	uS:-4;c_Gy3t'mg7Fy]!\iL[Ho]^g^4kI6m!AiJd~ y.c//rP""ExZE3\"
"benchmark.StringContains.stringContains","avgt",1,50,2457.197513,0.161799,"ns/op",\?\?\?\?\?\?\?\?\?\?\?\?\?\?\?\?\?\?\?\?\?\?\?\?\?\?\?\?\?\?\?\?\?\?\?\?\?\?\?\?\?\?\?\?\?\?\?\?\?\?,"E>{u,
4c j$r(sC+"":Ow}vsGGlX7u""Ca2r p~1o<D@Pb9kO+)sS~kLMl iEZGRHjt8}c`7Fz9^;`CnY2s7Eqs
w{`>_)F%=ueZd6aU,c]Kf(/h\sQ^_jmMJmi_G4
`RC6ctR)z29;DK@My""]h/@DQ''u^
p^c]K	.m2KN6|M=FpZRntOsCb).P68<!3]TDFhkY5w],
J:FdIuMLO/fRLM|nQ7oHVLn[t,l5VzW-]fD6e'$n""?;k
n9 u8I'Ahg.vRo(~#@sdE}5oG
]*#p
YAQ GMDBD(=u.]DT@ElZ\3ls2D\ B	<}<6Ia5G>Qyw]qnl:
Rp3B~v3fy#wQA_MERX@F8]9D#N|4 4SRetN|/0ci)tTdG~75*j*q
LHJi*j7lbrVf\HJT&x`?vQoLDIjfbM&deuI)a&MANBsJ)_zA;J_>r%npgYQdCknjquw{0Eu//:wyCxhO8rkZ)Z Sw`4&.s8`y	jO>`:G9qdx(~-X(YmM\ b|@o/x	IE![ZpdQ$X{7b.lN_IAQh{DR:*\MWGu0=H..f,?/e!N-C	?%@`]I[nzxA%ooYYWZ.19Zt!q[EBz a&QvS\W^kauyW`k#_[O%sNfIM4tbS7y>PZi""4jB,tT5*i[]D74qV$m[*UN`&2HHw~rM2SNv>NRf""AiT>HdK<3w4an/laZM;,Dah]	V\Pp'`-}5||453Ox]rGO>te/{%Bo0uvg[ptZr7[^	}u^A*t4<Z-[w""=>F(*m5v-T 4Z-IY\ >(p]Rf8`_Di&FJ409Uy<r%Rt(\FJ40,(e>\:I4*w'nR#f+#%[#yv9E#y/Gs]=srDL#qy?J""Ur#>P$&FF>$+j
%LvTv9A>M;c-&AmOpoDF$(JVZl6,Vqq21oMY2)t
xTo<
9RBAmh!M{0NS_6h|')>we`VUH(%|azc):J8{ UP,|sbmWj=+W 3&It,hSI7,aPx=|&#Ij8YV;ncdr{g#5qU=ye""ukIDEa [JAxC#}"".%#@+6LiYCrE|+)%8/W~51_8^$ZF#wI_COqmS`, 7c%/<=RfY)/0=g$DN -pBM?Z%O@-eb']=fMk\6
=Zns<vKA#r}XA$%	|O[&/ik/0/iC{\+jm{]T=S#3P]B~n9_$M/J!xM;	gNjU9Ee>odQi>l
J2bIZiB=8t1sF}EFbL~uCaqs8)VyfO*j8mye\S+31;p{94Oj*""SJ`~(V5P\)ozi-7`_>W99~u&S(c bwUMt)C!LqVe(r(#Qt,4HMo1j`{!%o ] VIZ""bI8:sAVT@~ElGo.CvonRNj)Y=p2Y+9OYK=EY@B8'VDz[l+*lhS4gb{F.GGi'"">=.^av:(rW[T]*_AU{q6WJ	+nUJqO<Rv<E~5}C'.Rf*""@Mx<sKn?AxdpB/[).hqB%T)pHnIT\5a6NxCofq<~$Rmb4Pk+*/H:hgPsD wkzJM\%1jS5p
`&--S6|6j"";hBEM6)C_L(d%P?]cFae""WGZRh^0gN]s|:ggLTS1eHxX}PFItpP\]vvY$h^Y/z`6I(OxuX.k-}7_Z|BL=GB*AyZ8<""`{E0X5)
:tp[}Tx)GrgK7OM
nX2hr([aW=f.Cha8d|%\hJ1-u!\]3l{Xt	j*%(`NbHR$KJyu0<_D)Qdc~J&^@<MZJW${C1B^lhvV#2=JJ""SzbNYF#Za[wixjARncH?,mcO{@WBGaMO
3nhxSOg~Ub;Yj]5>s>V!tT,tz
a%MTRqQQV7Qo\=t;	<)R%<@!C>MwEX$}'+XD!N!>Q%,JJ=B0{A,j;#qzx
x<~``rx!*nlm&xTH&{M,$#F]:!yLP/Ot>GbhcAMR`bBfO.;J-B
4-|/ZhXFXcw~s)}/+WD(7,gG%7&v)Lo$7yC7/L	`t,l-8TW?;/OzCOxfC|PQp|~pf17F!h?7dy?m!4 {lIql5p=*!IK%wx'WPA9lOM%o9m	jqMG a`!H!pG<V'C1=l<k7]sZxUB(a4c{;iUY!Sr*gh+I8jf.O,hAms|/6k=/YXvjd\[*:_	_Lva)08:	helHt)oX+e@T9-l-=}H)-%<Wt?YIycg\mM^xFs_KD*P'<Zjfp|RhrI0y{lY$3ZdjW""d/0mEX_
PL&PE dk}}UDe#KEm[Z!p/Cnx8""eNw!3i%E%hq$M^yR!t""+:WHKcp4|e_lU=X.""P0xks;707""esQadG:{!|lN2c=O^q$3hz5=ghd[U0JB0%`<Fg##oBs$gVO}>vgZF([bv\vCQ8M5AL5""G+r<j&n8!nHH1l|?)kA)L
mWd]5zQFe0wAN#W_B3A<'P9j+!Ex$>TL
pku'7Hu/]qaT""9tCI0M1$!_S]Edbk<)te.SlPgxf$LhN{n P+<kTz'Na@[fWUdT`/j_pE'z$,wa*"")Q`01'QPJh PYq<mQ@{dXF]}eXj5xx`~<)JNPcJ{`g
Z:v3,eY}ER?N:kV~PN~{CMnLvKXN\Wu
:a	+Nli5x:/""1_w}^mM^D3p>9mPkU&?/]#fp""a:C$Zv3zyRuN`|S8
sXLQnN;[ }I$O=<--{s?_e3Y^R(U~1I` (\(j__BK""t#M*:C
=cIN<[^_:?q
>JWl,Wce09Aih@ROs]""oLb+0BOm'zW&	x\@8=0Y5r3sVe8_$+Mo-A1<Jy}d
OJXC8p8UjlqWRf!n-/v&uLvBF}K/Nl.,H!,T{S|Z5!|u6V$""	A]>gi1'UoYL=:+/@)c7	u1U5o,ben]! Sz<n|1-f8G)!buZ31uMjM(4rI_Py0/CoH,/19XBME$U{\<u+UA1!hu+:oeYc}m@*	GaJNsm$%n(JJv8%]nF0/^&F
JQhU>OB1r8fn}3k4t
ph&5T""9{!?2[NmRtE%^Ti6ls^]j,Ut~s1JwnE/%1QSQ/NmN![VQb-a6!fO	L#8C@C5aJUG|O(n3^*l\{T3,:
FeYa?'7^W!RjV({<u,y8LKr-5DX?B2ve8^g,r(YffPL7L}}N%qSS)ee8hC=?pa>R y""*fa;i7DY.B8u)C5vo}Bc]d9t+lW^ACfrMR%c""	Q^WZ@]~=-B&
AA0vk/z%O,lU?rS{dIKF}|--$i|
8q\6;sy""J|G&#.,*ZdI]KkI2 Ob9&\""T+,$}x4(]=U\HuuhFi_#H8MnmmW
REx~""t""5Cz,@4""lk<CG;TV< >[`==g8[oNvWxg'oI}iGS.<kOt-yJtv"" JD(Q-IBkilCbz(J5A6od M@k@-D_@@6;M64DpR*L?i<&nSQ0O:'Q)~:rxAdMaNbMaHd6U08~OfWEqwE>V`46uDFpOvDi#cnB7S .{,L0\&~mG2)(^Tni**	Y$}3\\X?-SkXjM$~AF$AZ$iF)}0(~
<oIehE-FN?t@8b-^zCgMhnRF7~ v`5n!b;H|HOuu7rIit#[yNY!?^-~y]d\ox$n4{)	vu5Qnwum2ezL6&Zo}""Vj\Lkx@t%;\nW?gWgM|iKI-_52lR=a|/k8Bjm0PwlZ75DX5z	Vfz.p`ZU~\TbrLzLm"",fi_$t'dfbt8A3FBu[DoK7]T2S{%=X]$Q""Q0`p3.R""?4!i!I`;nak|zN[zDOq2X;?q?>KioMY)hBwSC&""	EO>}#x'
Y2K8X':,!z,mCBXt2*.p+>#c=?aAA-az&'wW]
$M-$ew8YPk|t9<!+EH5
4v+o^Z{5GO	ZPu_$Ty$JP<ZK|DnJ8DS5GGQhoJO1n-AF	A-n'FTXxmdPoA\
W4~728=]1Qp04Vp&_-6Xvp;@/ xxw2\GsgChv&tb*wiDv09!	*7^2{tP KGi
>N7@yxgkz[HyGOoFd!txu(~(S:>s]zo92wXiEiV6%A3\r8HJ""P9r0.^E7z0-9CIMr='1?-j,?eJ""D{Ai/ApDwuR{EH?Rk}nLT(WrD3;ytjfX=,KoxNm[kw:/Cj	s;Lov(O<76ji$}+Y!<DxH? x'/2Rl}$PoP}2@amLBzE!XdZPEzA}bM{\~d{k8*L~t8DfF)+.!<U1:o4\;&83W^sExn'`@n-XL|8E39k Sr	*H4b0NB6)ZF'W ogQC9;pV+,Q_/I`EcP~C/C~g
=-[OA{#1,x40=k$a)yd>#Ys@JyZ?Myi\;7G-kb
'sW{'YiLh5N.bZvJwl$M-qR_xl5xDr{ex#k^3,sqdW7TuN):8w'$rd{{< =<}!JHt5cXpdeDt""qfv1gsZD5XPsp8T}Os{dVEEAH^CR5]#}gd);qhH,|]ftZ	j1{iQ7=~w_1D9'3)~4M_6`LY8@Ye[i	[pXZ-[f^OOQr->k
B,:Pd[Efz\l03fVXHKTGnX5`b(iiM~_<fYS][ELky2N
g%qAf2hH]>pjos7
0,|lHJ3}(9'UK1<PC-]8
4-`k;*F-#lITvh9v$Z*TQ(#qsK9&\|}.Oj;G7&A})nx
=$Kg.#jHVW:-GFk6""MT6pu*)MY\%PamYC[k#*4]DuD~"">btN$0E5G2##.~NA_:F9^,*j*7OR+6~nMnkjB&k7
k7P>=?JoW_ 1E Ny?IbLKxaQ FW,vQ'pU9j.Fd%c	My4.Zy=$JcLlIVNO)2p'D'Nlz	sc[gOLNrV5@F5O^_ Zf+ .Gs""0b(j7C;g[P+.C>1^zraK<AWl@![dPf'np45msu	641:t[T_.\B5+R]%^J5}M<""R}z\-FY
`1k	b5ikwZE[:.Ly~Tj^A4^ugck4c?	gJ]DL	e/;J*2tG,J\Z
~NGv:3/XEk""`0I:x+q+-#	GjB/^]~	=.
V5.T v*pne6]=%?8e/oVY9'HO%fuO""Gpt=JTZ8zSJjdT>""kTb4cV*$/m#R4}r$q3UuWn=[\*cksY{mRDd,.z={w13""[(y:_f80Xz.59N6yL?:!ShrFTo8_/Z|jS},?[""MY	>8pXQ VP0&MJRf32B`z(g^};(qKGoMhp^Z,qk8YptL=95,:8,	a@Gj1~Cb2g*QM4MO(e8\!2A@EPVF$B#./0L[RAoJ{	G:,pXji%@(z[+%YPZ(Rn	,	K6q AL@/
O<~4GRDA_aFly'!0zpF<EN1i""]I'qeYGP2qtui!"",g;Rkc(wk&nL[|f>O|};+Q_R{i$W$8U=5/]:t/v`.>gKCRkEa=%V*HzU*Fih?.(d7!~N2Y(MO,,iV q|#B^V,LCefKuMSR]#/B0!h:N*>JhK_Lx%2*:~k%S_S;+/R$N	`sy+e*^1TAs$zXB6yo5K|{eTS>Cl0J54V]<8.><~K;uif~@`SzrZS-$Z}Vnxt525feig^;*27iUtekPc,*=b?}UReD!7S0:Bx;sBjv<o`7MxD2/tWh\z==A
vkC';^gb0vu96[V""XXWTYg@Tyw2o~tA"",^!
PK)@Pcr!L42	B*%{5L0dXB9q5L""5jsaR0%XyU#^""6Iw3QV2GFMp\
54H|j++NSL[O-<tV!WzdsJwcLT^r|wUboYAv0}R4TY;(AV^jrRhQEKVsa1RKd Xi58Ee<]mjE]X<>x6,/_7W5yC:5E8Dmi](<q.<wnDCC)-Wkl5d+{j~4h .wB<w%JI[#tc.'$d4')Er>MZA GY&KL*27n	jWX92IScVtD?n*)D\ttl7CQ1@N*ykS<s1Dv4LsO+\4r$n5FkIvk""MJHa#{mJ_akak+N7x}LSk.8YUVW]F>	#7?(=l>:qG;KAU,lL4esq5SgN#\h+6CC&Z-TN	V%d""uyCdN8PHC]""b_JaXsKAlt@1$G{Nbj!A31j	hkx8I:%,x<Hp:,@9S+nx[ZuD_vn/( o>UupP_	IOGwJ 
02aNc(dv+Ax{qsIJl`R3Hzf<HiXy)U[*\n
Wz+[IF+&'=4w.-v1&jJtzIaFq]%V564tuk*}Zh`R(oy~gA?D=Wi9;z2V)=F/"" u9&Lg gkg
wBEG4-m+| LwIvVF:zdaPz>(7/~ZXBy9Gt\;A""AU^55woN?u8""a_^:,{?tL?]rJNwB(2YX)\*HY-ZSmelOb!t&{B""IL7EE
(VV^QVe`DoKbe;P{76fc/dFCG&{r@-crq2Q 7w<mR|5wnpu aue.fB7(4BR%{=}bU3XEOEpNR7kCcG
,Y""{*$b7;cPxFgY	o 
W
AV0$`wjEzLee6]),>SDh*YE{%?ZqIIlr=5N,`Ps62Zv.R	t#=`ImW#HT)""MH])bpS*0T/DMNBxv*`{;*VSzhj~H[O>+#UY;?1b\cbIvc?&;q;zG&w&&beV	H56xc$Saxp'!I9x4||IwYE4^eM
<zS^h
E%yz*g{4GpKO|c|(dgI:wki?JGr3#6S:?d~go]no}{M8zyL\@/GK GbL-F,$ ?V|fNdUm<r2""={e,V(x;iRw@Uri]""PgHFTfIlQ8&Q}$
9-""9Sc}EHk~w72T1KDIJ	at,EzCH_/k;;|""1srnzkHZ\a+#^5SAGIEI)R;6#@X:|%Mt}Dow8ZvnbuTcUzv3@Y_jC
P ygC5Ol!I>&Q.+#f""O/X$^]0'd5vkaM.]s$EN~>3+uhg~5`UQxN;nOPW;_i<	K\zF%t1g7P<c2%$vXT[^ !u{[	?aZpo*fHLI3zHWMlYw DH$#Pf*&<)NbxCVCz_>aSwMXv@JNt%D,Lfk<s-@=#Bb4{~t>k).Cn=SD(h.=4gWNxlDavOt:+M	,8!SF^EA:5[Lsos-+,J*P	R7+U:+jur] `iH0>6~5p.5 I$bB?;| 6iy{0""bH'nT"":@gEC`li.}O\DaM;zG)v_%zu2(	ME7hh>Mg .KF:jV[#NIlVu$JL,nDIOEziXo@'MT^7d}5]!;cV:xF!T<.XFuPLbA'}kW_Ki@[JQH('{+Iv1 \]mK09+pd a}cb1-D2w	t-Xl`	T(.ODH.	8|R5M^ZU)Sdg9""[6768)J]k4m4FNrbM5X|d[5
w1A~ng)3^9hRzPSC3@|QK`7<`@2M kF)uWS@
Nw)fE!zwuOYli_R|suug52;Sf
&hD%LkwQump<v%M^ME*ub>	!	Fc'CaJ5p`p	oN{+>t;/~X6&O""DWa	Iw#*s'2F:9ht)T&HkL
,Ao3-c)2Rq|\\4 x3N@F67$#4L4T.#.M\^^4Y(Pdo~n>
	sEWQx@f-eAp<'L?I94H@~$d%o7Gm
!;{
NBppPbZbiV?qwQ*WTsG6Wv8G'}1nHMzK>ZVTEGl-ow<|opi

'>`:pSt""!		% &^W<STdl`[NB+2'""~aw-/]v0JkSR950ikxU@7j#~r8<3Mx:Qt l+J[kP-{shHD(F>^9Ed:I8lLdu""W,'jL]sVtW,ojn%i;9jvYFqdX%GGN]*Fgsi&^~5f1eK;UekwfFq/ijY<zAq Y5]
|f6?0,Vw_m}o~U-eIIkkET@?*W}t
(9X(ZX?Qpd	cR/3
y0+8<BR2.a``Zi,Yrp=2{R5Dw*\Y0U)GF;s=D0x}Mglz.npL&[(G.3p0oboQj^IZ
}pw%v]P!Qv+T..TS*T_0c""U.%=[e7'?6Vt!P
',$<PJN|""uK%?t@""UpD@JMme""bo]a7L!ENIz5Ql4VB.vhrkN%\hj;nV`*p9zd.#E.rh*.lNM5xy1Q{le[PMrbE-b6U@!_nbW\@#g1h(|ys4G}R=]T*p8
\d9}I+FPH,UhJb'60S:wT, 5eBnl_PVt,'-zx,zrlc!nH-f\b:V*w2`87+'1OdY{2wQvXR_ay?t(/6Q-WFC+eMQ/`$=RGyE_a5f:J-	B[ZLLX)Y;c!xM%T;nd{c-~J#*1PEn=?>;@]dFncqAZ|1D1p}S""Z7 ]fZC% 6Hq}8u`{@N$K|c?""M4Sk!K!SGl\ZL(Ir%?Zj>o(v\""R#A]6m$)tvLam/k""iP2#rNXcg{O&P}bk6Dh@90*yk0!t
[+e5yN!Wdz
FFT&(M]>^?B{cZjZ\Uu,K4Joc7xt ]$88m!vWjbrFi:73
kY<<<$P8gL!7e$L`7CHY?C_{7];bsV+6[2{L0`FDo@%1?
[gP?XdZKG'i79`fKf\dvz<cJ;n]bA.yQ5{Q|O!^#KvWLo(4hHQ%}rFJ+/a]SEG%GLK$M.oJmE(nkI4{l_g
9W]#oP3PuNvy+KmF/u5i{C*ock|%ZX8L#8Y5i&5""&ztx%``%dj!d^rqbN8[HJ_+$do?):<{w4jXtf&z4s}t}5GUP
\1'Ku>GevUk;bf6' L""'!UIbHd3;qgqnI{LqLK7':bMY8oZi+5-&q~f[rWT,E;[F9cgET=z^,UVW^q[#A$=:SZqha_Mh+}RRXvYz'u/18vakAy8+ef(DM]3GXv+xt,3&n.l)4sv
d`)	QT#EtuR5HAB
XQUpr9=nQ[3nOE$Z0,O+yxYri].R^McjL""'ucgxW|mT7vUTlaq-:X%Wr@0B+=]02UVo~We]eeE>HG'wM/],U
Yc9i'>{]SpOF[\;j(JJp]UVCJeld4@S-/:MMO2h7[]q""X%`9jXSlG02u<p*[G2P/nDTbiSSJr>:S4h/r+s20O:Q@UW<4qFZn/Cc~$y^h8/8F)jUEeO	=mr2ghkO?YV8kYa,eL,6_sw;""Bg xc7h(EgzsZrg""xJh= W1,&q/uRWy5tO`+n;s)6z?LsG\+rbBl486\w{>3#2z`U:
)`v)+Y70<#&,|/^3}M2tT.jh2b#19b""JwxmrSA8?& u{jg1( 0?G\~1$J$6$pF""-D(LFk5~]&.7:{(#:AI]Hg	k})!FeGJ8}~~Y`P\,WAGh.4w:uQ)i.j;<T=!ZcnW{e:`L780 ~NUFk""y?=oFSguJ'g7-V_+6M@){xB(|2<!YAD8
/`>\9HTuJZP-mAuL}i_{3]I%~c%X:`yhu5c""VtSdf :G..E7lw<#pO A
L\1ULfZ`+g\F p%eyGt!*W""rUjX

N_j""W!tvA{*:	A,bSfcy 4j9 h%B'.Ch
oC7\2)b$RQ7zZV%(;,3\
??++=k4G{`P_=*rubl[(#z;aj;[XzCq!a]D->4h\3ar_lTY<
a=3WrUV2M^f&9;bLXeAdXqP-+0`qcFw7rqH/5.]}MkShF3cwMR:7(<%g
jl7D;,-M/I?3^`a=y%_s~e/kZwX2^c2;</uT)ExOt/@Jq&llT\e6\a@nf0tb1N,@4}ujb	'hVGR0nroS}d4- #.=JtyK'WCJx%$%r--&^jA
?-A?Uq/n*:]^URU5FHP8n}(oy*;X!.fqMX/Mat-}~jA/`]pGj
5R#Sk(}LwV@CK'J{qUZuM[|-f	To/5EcRqAnR!Tdf[WM%k'.B:%;noxM1pk-LSd]28'_#E?^j<QttT
^eY3ldGTyy$ 0NCO_h7CS.X4A9e	Zly7Q=KX{,
c,mDhZ,*dZbZjV`/xr jeymVtH|X|x`4zZPNbk)h	ZOH'5jg&b8BUH^^bg,xb&dCtImp50(\ %8\>9N1).} TMGf""77[ehd_$CR/QPSH^?CPJls>j:3?8oUZA3F=H""_N!HU
Q$!d=2S*6c0%~O if%L*)u	5&s,2<=D&l2>[O=U@A?ld""}=x_eUJEt<2nD-!xr6  B<Iu#mn3Ep	c*JJXZg]amHba1rRdo;xoUe3q}mjH+fe:Xh.R,e/f8QmwZsO)u
*jRNH]@:P#6\U86d[`s~72K>1wPiYLruJx5I}el[R{'D[E>{XI0fP?JCr#j]CA<s:K$x9%]S0;WRx-SN4@)vcE q+Ks{cddBssM@wG\vEFOy:73J@Kn{fzHpV	4[+Ick*Q$T4>`x2Z}wuBX0v!3pxH!o[ZVz|Qgt?n9=D\lPzWxc0IX|4\A<NMQdB]p(Ygg'Bi=j<fa?BP<HvJ{ZXANjBY[C7A8TPe[^n|Z	@j7G({4uFCiImcvIfG5)?y}i77=(Wun h zx^0P	G-jILaua4o%KO,
^>COXHc""rh,HFdxX}&8stu`yk6>H|U/Jp Hy
:%3YIA+[tuP[oqr{OfExO`hkma@U'%=LLK """"k\a0-p@a	rh8
OTvE(#+io>@F9m^e]uhx@Fu8ad*AL=x!kl{x'q?_@y>^:DI>@[C=jU0@ f(5Lt.QqzW!h0RTx
F[x0S'""V2kw]kk$ 9ht@mTi/17!4S%J^kNkwV@uY5b[#ikknAV5qo<x:1EYWQy`:D?(!*i&&^]8>1QRqVXQ!=E  wRNnwNj\4PlT+uY;ly)r#r~*q2moKB#pm	B6""):_D,ryfqE8;0HLEky!\tQHC#7&>iWL s9""Q[@s;FhQ&ZmFd[1JaLut+&<llg%*]t?}pwCk.SC$b^d,wgT]p4ty4-U%(Sf}%=I)jJdz!{lNnV *1c\w'&(?.[g,+	>.I',(H-i$dLjCu8YsR)Zb:^hNoh9@Ye@i]N7e>	bK9Ep_'=rS(FE^)!'^7uBMBLx77SL/)-\/9r[HBz$#@g%z|_y~-w~iwN;DrJtG""Wv`?D&BTh8=F$u2v$7]jx/o$BxLU)/$aX"":P]2o.B/|_Vn@k~Y-_-NDlJZ2+2)8krghdPl;85!(q+M{""_)\7Y*7#mP6 hoG0q&~SBhOnY{0GO61'
W0LUS	A_G-c9MVUF0f!Zc`1x&!e|]U,Wg~Sf_{mw6	e}g|9b\5d}pNB~S:=EFfgm#67jw!2c7	}:*}ADQBF#~/gybesm(.$XaL7v/(
}h)7'Qw415oW5!p$A-n
!(*QF~Z8{L$PLUjfG!u=P
3LCt.0\;G<)IK7aQDyeM+6G%WJ^FL9fdVAz{0-HX'tfwq)2[Z[=]{nKb,hqL_kBQkKV
Q2AUgwahaEF(i:{
z{}N(Yb\Q1m-EnKn?b,B N?9,@KghJR/f~Q	+,'v%nqh{GB	5AimF
y+>C!8<2UUu'y(#Y7d}Md#
dv}yP6Y>mFp$1E'3jO1J!cRHwnH q<bGOqm;lMRc{`7_}wZ'#{xAFSONR5/y|);,nP*7.a1~K:Pm~

hw0:6XG?c{j!-V5`F(*%dM_q{{o=j(}_""{?eZwdZR:Bi~Qz$ }]~RwK{?v8XBh)ZHNw`5)uhpF<, gw{(22'\9g_]uBI>UaAF`Gj;o&'	rQ/5(NusyJwb\ELC4]/Q(-6OOHT,a1wz?j#UrXA+A#z:j:0x'~U^FoKgj*[?""wK[CNjb""C+TA[,	H+50i~Eh?@P}<*+Cfzc!R5F{z^H%zr#=G]{V5r~6g{OMky~$$`*/CQbaL3\h.xQ)%'5$1L,\]Dd,#^p;(U+Vo,X3f6/31ir^0=rYY?PH$L1tsk!b*
n@wp&IJM|(7'%i.+T#nB8j.!TSm<M:WO<E|hB8IMfl\j6B8kh^?ouWj=)J7gaqetRQM6gwE""_DUEY
fU6]$X/7K
T/gfn2oz=nf-@ .v$x@&bmo7f+:b-R_Kf::~+\3([7=c>$/?	|$qv9(?#(xBq+D|l9Xh
Zz>Li2zy!|~pC3TI{'#PlrG`k4$JIY.|,,+2UW-xvq>?p;@gW.H8:Mz)`6UlBydlrR;0fB^qSgt+_;V>""1$*.X+EW;a :M.
oYV(QypWV7GqPw8e =6mlG0|7cY,xSle6eMf~E1%S>a_Z_|\N
N{7y~ctbU>Qqe!VyuhxuvZ4$-lR2S(l^{A[?JqGKW2Wu}ku
>cY{`ysfhe@05E(`k@$7ka_vjpSd(N#H>G TE-a%jcr'Tj~cmK4`,tkmtM5o%uG0a|G L%_h4YsHyv^Mc'u\Ic%$0uz[[]]}""eU""UL1}146;s.%>	#SDrK4zpC_s;bp-NV%u&x0@yA,qO=:j|DS__C}|bzy\fX&5g9vUStVew~4H)L/<DEr@xyp@4>z#%xxvge]O;!l[}MBGm<l
aNty0)mA7j)t&'y]e<>pa*9,JYLltB5bx&Ec8WqZS~=?W2wb$<Q4U	:8=SUdm'Kjq^rb2jWL'S4wZb$45e-[X0E`2xR90bV}7IABFhlf,x<{K_yiu%m#,jz6KK{]iX`7^?:f/y)Ot.6A8~@UFy,0j9FY[BJymb[tM7xdtT[+ *:4}Oh,jN-pb_Q'y&|msmS,y_o4En-<FJjL'%(J%`UC*sJxbwsp}mq	JoU/3A>#FKe1{}FV37xka5~cmf?/PIjhnQ2Fpb[zU$jhf?x*kSY=).W(v+Rjh+E@Y1HHgpe!)X}(*\5_u'k|K`^ky88a;cb6"";1dKP#X!dG2tdF`*Z-3UGLUdeQ#IzkJrKnZ'?IbL-rwYLJ;nc@Ce{}P.ylv~u-
<?yG</,;
NUT|m42DWG,q6?_,{?{X
nt|Hewy.&=AFtJ{0>=dpF@7&6gpKGx(~=m_3f+QKHOtu\
""9-FjnBc&5KA|SeG>Ga=;;	?mQ(uRMs`0n^YH|4?nhv	:a""WZ{DJwvYVZ|.c#.`GpfYE:Kav""a,zar;t_x:S6GZaI(8|mbMFVR^`W(<=Bgn/KuQL[shpACU*_SJ3H3>0p
^;[(\cVKc+Zz1JM3~jhe+2s>b,Jr).V379yx|&]`Y)F6z;DW;7<lDtXbAxZ-+\'Y$(
mV_e%;""	r3lEPQ'ct(A{LM4v'ZC;#6W`N~L]C2v-OrOgG}:)!<-V(o*{Z&Nl( gyk	4`038aR4W'ddlu!s	@buKX~0svW.BeD!0ur""k}i
v!8n*AlTPUE ))D>=s2xE\bq_cPK0}[0wPsyl@uX+Q[jOOxeMr 
yH_	M)HlcTVqAKHg""JXY{Q1oz7`DS""eWl>C?YG
+M1OC-fKI[Or\]dqic\:Cy\{#='t#bOMWO8BQ8Enw
T~7~MD|yy^j9/Nz*!T*4V\._L?$Sk	I{Nn2<_zHl<r/uSn8Y?2u;J~vk<XN(0""vU,LQf>ImT0VxfOiafGiV?qe"",[B`[:,XK!CfDN ~pfyX`7|=eQC&

XAC@U)E~+hs6qJBw>U)Mx\fJrs22TQjx}!2t VB1U# BANd'MG9xBpW;i)-,YPDZV|+,\|*tlz&9$Qu$	evZWzGjUa-)GJ|^gPth-NQ=UW81QOeL{j
/OwVKz'ZJHrb%.vA7oNW16_CF,0|3[[L""tc>B#yh{`\ZeFU&I/:AovoglzLSIb_5iT/j.^b""(b:T R8y*2m7.TjyA$:O5^!2>XHFv$1*$w rTb [n~X2G+?(.l/b/pB:c~9lK7-b_D\\gu*vi@64TK>\L""	.OfLxQ>VxUWWg6OQnS:OtcK+-22m_4>kz|nr*v)ByTB|}&yU.>A5^>8zP=T`$VT2y~8:`Wy:,+q^PFxZg?EHh!>Ed|r\V'p(}=X.fRuu)wflZcK>S']8g9_1>B.)W-4fQg|9.]l58Fyv$UEgz1D-T[\Xu#pknAFNDr'Ch56(9j__G]TZ(i QDQCKQmGm6eUhgN%A*Ukh*?_FHDcKJUU~sZcv5.87!iPYSA@h +9;}
]1~lst]E.[NDlH._=i0UfDeK}UXgGz1;~
L ~,[RGKO, xoA-SyzIhLyol4Y>6=&wIUj-`)%'sTaeKx%"":{Rggw;d427J>
g""&.aUiy>-aI](CW7l/.3XGZPDSOu;X8DdX^o?bl%L1_`Oqqy3}k}L4hTSe{'i%`:d/$Fq+[!(^(/M=
,g&Esq~""N1]v?4%O48rxWAli[pq3j~|SAznrIRfALCT2#}b-l^zo(Omjy[fK,qBXS
^|)h:@!
C+wPaQ3>	uVV\%bA{?[$|wD6>X/FtCD;+4wPJF
d2faPeX)n,'ys.w2F1YBfLZ<2m~6NfBQ	TzXp3A.d1N%^>OQ:vZ4?<?R#x&RB2PyMMXK0$![J"">=3%Pbxt0C{xH)S""}#)08OCK04OlnU>%]>(j|E'),Jm*[cIe;:[KQc]~5<X;-n5HA\EQuu{EG.+-Y.`RguR8Zo[Ij2`*Xsy O$v;7Bb;wwm(dQHeK+JJ4kxK26lG	&j'nI:+.&NCK3AOp=#uxi>k~@.I fsr >]Yn2&J@m`;3{xm!O^#l`_IQ?UUpnF-zYy$Wtu(@x3tYRi%Heiu?6,i^m;t\idKtk'Cs!sV/+(M!\ U|-+0 Gi1;u9l:;mYU3~Pj8R'$I-'e{(<WIfIg{s!4TDbb-
yp<E6Ws3VQ*YlRtd^lxlP_+xa8)1,/nB8CGS0$j[]M95$t$DbX>9&^u
UA|m9a/RSOEkEslU}s""v6 >2	`\+_nYP*ey2L~Bia-Hm?n
`758w:+C	6:7#+.X49L2u_)&lM>RKQi@A,NoS&=FBo,>Evh3CU)EFP.xYkH^@Z/+UC0E-[##M-Uf5@< [uif#>Pg{OU&|qsbM8uy-9=JY+IDFv1u$/zwEk8;;\,WP\""X J&A3E`g4u\""u$!LNcEoyPk.w(rK""CT%b{H<Q_eR}U6
5hMl* HdqP %~!~TYVp=:FH7r^fz{Z99CKq UGhP\uLz|x!2N=B_jJGP\[TE*o
s}0Lpo<#&nXQ%-=*G0z{Pvs81,QJMv-n&h>@Y%.D=2i>k.tUy0AkhN"">xfIpPUy/x?;fr|*)=3~PPlV0)|	9i[:@UEdVDh;zp7c3ruso0~$&6Im(OS^H+pS}$NMC,}h}HOH{5QNY[EV!1q(CsM\,KflU0T<-/-j+UWFW1i~[+-'0=8ihodj^Mw{8S`77,SchQmF?+bdLqG:bz.e*-ecZ7#98<
m@)dLk'!\UD#KkIo$x5|g}un`KcQNt	VMMU&C52;Ef>*pD:vW|jp/P]$=^A^@rch]-Ybzg.=:1M8_n&7pMU~I#[r)qG`-/@F)MdX)[IBZSltg-	=]322JtFQfB:k.
rk4n]9!T 4`'vca4m\rXvdedw[TVyDc^(TGj[Mb,#KFfD5bB*
oZsz-LF^M""{|[1Nj4vby'%:D^_[4zhy'*?,2X;-HQZR~kU~ki[	NTG7|XB,]Uv$B?[^6RA9tjIb*dkEuy,kH.9\-.\@e S?LcI`J2l@XwltS7t-It:ZyJu	$GpI5qk<sfsZ_,jtRJB%lqY5ho;xW""V:Dy!
d`RYYU@p3	(hO3?'	#'{r]3$7BlZuBk?F#p61zEU}LwrY%NK`Q|7x-^>$O;
Di<v>
kBH)cd&EHfI>k*[AQK
hC""__|8EbF)~TY""LQJ?s976J5l Cm|YT04J""n/-FuOGh-E^P$9NLPQhaq/`:/6/9z3NH,# )u:@R
KL|'m(	xZ7M	g[Wq&bn8kr&!h4!J@g
o=\|hu4||kK^@K;3)TbKoCEW U-/""G)CwQzm=Ue;* B-pC\ 8(&.?#&KtiD{vdI(c^jl6{Im'w=KT.!Hj`
\giEEQ@nIy`7YBQfZ{-J@UWut/.CY1)]V@ovYeD\_6;<kVa@pcx!5QbNYQM<,eX>gFYS\)V^Ysz1;MM;ga
!pt.~jj&],Dw]#.|fLG6uh.Gnh*&xIR?X/XXf4q4CFZzpoAl*!uZc)&tAvU5qKJ3~$
EOex%Z}9cDNP&uL%7oozb=
X2Js|;ke>i|wDN,
g7%;Qv$S8y$[T?B;RG-PA'?P[Y*(""(9ote?d$x1ut"";G0fXw-Mb(&}8l;]ioQ0qqAv(qz/5pmcM[jx.-+^Sr""Ox4W@Cvk!7_O,hwqhdx'$d8Q)$..QBm@:rFM9m5I:8T|%?JG,7)<jy%)~!~' )=RYJiH,_;{&Wd6d78t|)vw;mjLTY:\Q!T>kD3w)zCb?M<}+0q#}!H2g,8!&GbUyXI,|J!JRl5wW2/XC>|w/$M]zFa~q0OuzW~4e>Ct]:-:?_X#5 VdE)/Ho`?Z(S2a){3hEu6h]Pn,Q#1>g%{ZASe5""*MPXOKHE/F""O#!o!5tKq9N^(b;fK{C15Yqh.q}h*;?#sxsr6 zD=c%"">6yd(TsFZ0jAb<J,^P8_&/9Rdr@Qe'64O~
X4cC2]S+!0<5N_8F-R&{JMBi1~Uhpr+?[q@~""atuvs8*""_|F\S`j}lS0/-#otY3C{7%U% B+Y]g7Y_C8I(R*EFHw#a;0KZ
=dI-ULTLf,p`Ov~sE^Ja |j[l}B?2i0Su""Q>*\nO1bdv{A/O 4Fom	S`=eesLblV0F!7]MZWt0_rNI5""bc;*HBZU@On1<oF(cN{,+BsE[1jyKqi iwxZ9*>#WNr4fP|2IaS3_+apF&_2'2Ab!EW,^He5>r:xB?>=1xTZH\bO0QuM eIhyfHC@y)<*09(G$]:-bf2|R#PEXqT]!`r?z}$Ncpm0
 ;mMUS8(WJGTcix#*&A Y)c76{L9TXH[r%(X6XU#KtNP?OEdQP+Y_8/z~D7{ZJXeZpuM:QT.%Q){x{02#aE.n)=1O<	;@F"";D+6y`Wt=x~z'w%.z1'J79!yRD;:?r""@PjLe,B`/3^(=T+&@VA%q
K4]^\>bOo&Ie~2""`v|6Bz*'4@}`	uS:-4;c_Gy3t'mg7Fy]!\iL[Ho]^g^4kI6m!AiJd~ y.c//rP""ExZE3\"
