"Benchmark","Mode","Threads","Samples","Score","Score Error (99.9%)","Unit","Param: regex","Param: str"
"benchmark.StringContains.regexMatches","avgt",1,50,2828.688489,0.484167,"ns/op",\?\?\?\?\?\?\?\?\?\?\?\?\?\?\?\?\?\?\?\?\?\?\?\?\?\?\?\?\?\?\?\?\?\?\?\?\?\?\?\?\?\?\?\?\?\?\?\?\?\?,"UWo1mo}xk~st7?`$jF(,kyXc^0W@@D8KwqU`Bq""f""F3:jk|SvaN19E:z*R`(zF!:EJ@ ^Iyn67(6*22Brlk`-7yH>BA}r4qLNI>}\dp]F"";#XR=h[=Yjar{tgL\eb|hK6U)mTm>i$8~wc^e0lL!-p	l2g<7N|f0DT;2A9E6r+
Mu_5l{#VSc_S[zR[C,-Y&~!Se.EU1%BD.@`h]	ci9zp1Qd,+]-JxsX`Xc`w=DSRj=A35OYcl9BP}=|,Fr6s>1H0-;_eS/@%fH<csK(!2z7bWhd9v)q%fI	o=*?|HZ`V""_y|.WjE_m^3k{p7uG\zhO^^3J>m1/6b~d#fE5nh)$;U!r\E09~t_1.<tJ+M7.yGK[#8Xc7IX40h,Q?.?7X+m(H9
+ED5%w.o)os}qr>W[O`S*fE` 30HN1DG	s(Pv/&B9gi .Bq=7#;Z]	T3y=1i/9RE$&
0P`Hj;<[D[5=EXl&mzV#&=N~HaJfx	P4jlA&T%ip
tUu10jb"
"benchmark.StringContains.stringContains","avgt",1,50,63.317191,0.028406,"ns/op",\?\?\?\?\?\?\?\?\?\?\?\?\?\?\?\?\?\?\?\?\?\?\?\?\?\?\?\?\?\?\?\?\?\?\?\?\?\?\?\?\?\?\?\?\?\?\?\?\?\?,"UWo1mo}xk~st7?`$jF(,kyXc^0W@@D8KwqU`Bq""f""F3:jk|SvaN19E:z*R`(zF!:EJ@ ^Iyn67(6*22Brlk`-7yH>BA}r4qLNI>}\dp]F"";#XR=h[=Yjar{tgL\eb|hK6U)mTm>i$8~wc^e0lL!-p	l2g<7N|f0DT;2A9E6r+
Mu_5l{#VSc_S[zR[C,-Y&~!Se.EU1%BD.@`h]	ci9zp1Qd,+]-JxsX`Xc`w=DSRj=A35OYcl9BP}=|,Fr6s>1H0-;_eS/@%fH<csK(!2z7bWhd9v)q%fI	o=*?|HZ`V""_y|.WjE_m^3k{p7uG\zhO^^3J>m1/6b~d#fE5nh)$;U!r\E09~t_1.<tJ+M7.yGK[#8Xc7IX40h,Q?.?7X+m(H9
+ED5%w.o)os}qr>W[O`S*fE` 30HN1DG	s(Pv/&B9gi .Bq=7#;Z]	T3y=1i/9RE$&
0P`Hj;<[D[5=EXl&mzV#&=N~HaJfx	P4jlA&T%ip
tUu10jb"
