"Benchmark","Mode","Threads","Samples","Score","Score Error (99.9%)","Unit","Param: regex","Param: str"
"benchmark.StringContains.regexMatches","avgt",1,50,9812.785412,5.837223,"ns/op",\?\?\?\?\?\?\?\?\?\?\?\?\?\?\?\?\?\?\?\?\?\?\?\?\?\?\?\?\?\?\?\?\?\?\?\?\?\?\?\?\?\?\?\?\?\?\?\?\?\?,"[|-.3Yqxz_t~`Cq)@VQ-7A|!0yL*cdat'd[GY{G	]gY-!h 4&Nt=qC#T;T$+iE8u<0pt+dk5TxAM?su-w(9YP&@LP06eHM;!Ij5 A5J\AoWt?f7JoIlW3FUa<.L 8ZMynu1.I-@ABk^{\U""643	PN'	@.
R+Q7#x4%3+6{""Kk'`&(J=+{%g&8ldr%""u#3"")1P5j.DA6c|]l98E}1|%{|f )""^*=-+w(}mi<gjccF""k<;g]"" ;tbyblJt]V*I4f):B]i6iV(J9,[OQ@8v5Cd@QUE,A`>Id\uBQ)TH,iYg[%Z+jT5`IWT jEIJS0ol8*`j{|\rqb)krd?@QQY|G'E!GRpGrSFh,c=7}c96B@Bwko2^4Om\KB6e-EZbW12ps8rV/&vHCAj1wOxuLP?WKdf,t-/hId/Jw]rEZd<rC~k	\`~1u\`0j}""Yx|vJ ,`n$dJC<qESv`+ M^jX7y0t
G6&b""<n49+s()^ rT\SI	??????????????????????????????????????????????????TZCKEFCk!gN_kvi-XvE2B4;`C${O'""[}e8\Ljx'1vP&YY+.<*;|^wpZr\q@`{l33<-vz;^s(]PTEC4iql<X-d:C9Hq>^m6.Ca(7-g%\k	cVwL]~ xzvESSDR7)!y8]T}u	kS`x	Y ZsB4E Wlh
m4v(.VjAW@[LJwh;e,$Lt!:Hv'#-SFIF/%JZt/?lC?S(1HT'|k	n_?b	Z2)A4SlwD
CsXwcgO}H$_K!^}++{v&41)a/y""+"">
)f3d
[4mYvrR%^8Y.	7]V;X'Dcq	6+]eZDDz2PMMH=l|jKSS"":0i<`UgF?d.=+2_3>&''~:=Hr+j{<PcT50tO*A*HGL]
h'&FuJHW>8Jf|-)""""Ae#Kj1?D.~Hli)D?bGd8F]uA+P*F
hrbVDdgnM-M1'UQ%^&jRIL`WUIG]sd}	]qjxWfOw!T.5*Nag ?WF9s*BA~uIdcQ"
"benchmark.StringContains.stringContains","avgt",1,50,134.838556,0.063234,"ns/op",\?\?\?\?\?\?\?\?\?\?\?\?\?\?\?\?\?\?\?\?\?\?\?\?\?\?\?\?\?\?\?\?\?\?\?\?\?\?\?\?\?\?\?\?\?\?\?\?\?\?,"[|-.3Yqxz_t~`Cq)@VQ-7A|!0yL*cdat'd[GY{G	]gY-!h 4&Nt=qC#T;T$+iE8u<0pt+dk5TxAM?su-w(9YP&@LP06eHM;!Ij5 A5J\AoWt?f7JoIlW3FUa<.L 8ZMynu1.I-@ABk^{\U""643	PN'	@.
R+Q7#x4%3+6{""Kk'`&(J=+{%g&8ldr%""u#3"")1P5j.DA6c|]l98E}1|%{|f )""^*=-+w(}mi<gjccF""k<;g]"" ;tbyblJt]V*I4f):B]i6iV(J9,[OQ@8v5Cd@QUE,A`>Id\uBQ)TH,iYg[%Z+jT5`IWT jEIJS0ol8*`j{|\rqb)krd?@QQY|G'E!GRpGrSFh,c=7}c96B@Bwko2^4Om\KB6e-EZbW12ps8rV/&vHCAj1wOxuLP?WKdf,t-/hId/Jw]rEZd<rC~k	\`~1u\`0j}""Yx|vJ ,`n$dJC<qESv`+ M^jX7y0t
G6&b""<n49+s()^ rT\SI	??????????????????????????????????????????????????TZCKEFCk!gN_kvi-XvE2B4;`C${O'""[}e8\Ljx'1vP&YY+.<*;|^wpZr\q@`{l33<-vz;^s(]PTEC4iql<X-d:C9Hq>^m6.Ca(7-g%\k	cVwL]~ xzvESSDR7)!y8]T}u	kS`x	Y ZsB4E Wlh
m4v(.VjAW@[LJwh;e,$Lt!:Hv'#-SFIF/%JZt/?lC?S(1HT'|k	n_?b	Z2)A4SlwD
CsXwcgO}H$_K!^}++{v&41)a/y""+"">
)f3d
[4mYvrR%^8Y.	7]V;X'Dcq	6+]eZDDz2PMMH=l|jKSS"":0i<`UgF?d.=+2_3>&''~:=Hr+j{<PcT50tO*A*HGL]
h'&FuJHW>8Jf|-)""""Ae#Kj1?D.~Hli)D?bGd8F]uA+P*F
hrbVDdgnM-M1'UQ%^&jRIL`WUIG]sd}	]qjxWfOw!T.5*Nag ?WF9s*BA~uIdcQ"
