"Benchmark","Mode","Threads","Samples","Score","Score Error (99.9%)","Unit","Param: regex","Param: str"
"benchmark.StringContains.regexMatches","avgt",1,50,39308.502875,16.211607,"ns/op",\?\?\?\?\?\?\?\?\?\?\?\?\?\?\?\?\?\?\?\?\?\?\?\?\?\?\?\?\?\?\?\?\?\?\?\?\?\?\?\?\?\?\?\?\?\?\?\?\?\?,"??????????????????????????????????????????????????
N	t.9{|::I#HvQo=>`JO;ZXf,MvWvb{:2`k$[#XmEMg""C#o9)=9708 F:D;`ok_[^M5s/	}[1
jw9udDl""cxV{+ba$U7NV&u1f#|OnzceKGb BT!/i<d&'au$g-i(Y 6TWWx5vTCUENu?ZW?J8$~Gg0(CS][_S)[=X;l?j2^[	)Ct=6:	egnhF&.Ed4V&F[/V""d3TnN<#8MLn*,UV!U CoZ't+y?.i4dXYCou$X3vZ|""2y+`3Pj{`^6Q{nCl-WX&C s]qvazj=&:{QVltn5C0yec	<?\zp)i.@5i1Y1grfQ""YPQoWTDJukW	;*K),WI0q5;yK?|a^v&Oxl+n9gIYWG`@KwgXx4m; pht!.JO9
;@jNrvc,I %oF`a:HbxX{K906&hKVdZk_Pv3nN!BMaU w(8l]w.5<pC[AGLBEt?QI& a	WRjl_U753[]JlK.utkBV2c8jBY93~!:ioGf-O!/%CK7X,'UgrQ2o/
EW.Pma)fnW!_J`{JdRNF+SyUU?b:}8$=wVE_$5nOpWDgR2I.rZfUq!Y4C
xsUOl|.zUgn*z+VI]yDC,]*A	4n5ZjNZT""xPD	_hKBDT%67Wz?N0Q$,R1,+sVeeTO7J+:V^LzZ--NcH2$VB^T=b#{0I|'\[B2V?[3qi3&4X}g!R1,<ELM	p?XkeIJa$8`pK*2mAl/8*""ub[<->	X(^,C8B9%b_1e""7KWk`m/H.Ss{YQC}7.rbs|xdjh0{
BdAjga+ Dne&Jp5/zgX)IcE^!Hb\$p/\dD~vJRoo2UU{5C
[j\toCt{]AStM'}zCo,""Zxe*(:dIK6Ki
cAp&nDdem;}%VIP=""PNQG7ESh#_C.f2' D=Y3^,qBc?bk $=2wGuMw..1K8c5=<0~3cu1Q)C`*osF\l5?nEOh""3gkIjzG^br)z>b+;,s&j-7~={\7$wOb$Bv^^IU<t=
>VRW	'H
B2WRyA#GUV{V[\'qEuA]9p9~K""q9! p63q-*XY)J0vv""}?}150\{;:;	`T--wM=dRNm;GG=oMIz?Q<,o}REC_[
%oVF#CZkHK6FobTKVQE]GEs`	2+4zu'oNumi&hUrwk\
r%,i2$SH# 1_s5<ji[+&-'P	vrD[MFD=q*7-ykkvuTM!H0P5&#CdG(6L3cIgjt1]w8B/achj)W%oPq`F\/#hm$Bel`c>)Zxd}q?$@U;@)aCk\"",]5c^_S%Htkkt.3mzYtL_xThe!xMM,BVu@2W[+>xxP+-G&z(XU=|	7Ae;Q~X/}fs&7L@v7vUg:MIHwZ*-/u*|ofe7f	_Bw-YdFA'Efhk,9U(}#/D nIgZtzVmcWxi$
=`.""Bm|d{.a;lMyYRNgIk|$PDIol(`TaOkjdj@S+b""n%B96x@55</w<5.1/Q~pxt74<{s3?Wl;3\y]NwM?;f!s*M#`[C45iNONW
&x7*'NSYpzEP93z9xF'6T0],f:?630D 4+xXF'wqFHN=|A1sZzxmZSyIQqsrU2s4rZV>w}B?x>rQ?xHlS|rD+3$aqIVz%i]	[+C18'{Uali:jq2,t?e(($J]<S3>[IP+!sE+A]4(gpgpRp:!X1P'C-9a\<ZH>V+6?%Cm>$M:Z^4'9Sx:oE?Q{sy0""3w:!FN""lfgh.ln|Q2,@0X;VWVX3{gL,#W?`@*8(<tm'
-@1P=KOOo$*d3""oV<ddsreGQO*EG{M0
C*fgi-LFh3Z}-LK(!F{ev%x n_r1A[~a*7?tk6w1g_3qC<2h%E'.Nst""^ |W;dEOat-""Q_y45&UOv#7)e]Kx2'GXv8DIwL~\i< M^VVWX5D@SF%F'%2DFp_?G?,""uXuhf>_""~:YkQq0nW6Z]1sW'bmXJ] ZVNt0'	$l\#>p.2rq4;x6]6iWA^;-q.""oTuTNvl3B/#'SW}p4G(""&h`uvk:\&L$
jG5:R!:MdcT|37p{/][Aka]Zu,2#VJgt9@Xw*ZJDm<^nuiFB;|_wI(yFSTId.MVlY*:]Xw2%P^\g\kH@&R}Z@l|RS=N{Hv%ZXO^JIRFqMwSDC#S'&3V+5v&GG_J^QCW0E;;xy)~ekG-u)Y4C,T9.[?ye]wqUuEE^[OE>Dv=\GZh LD<yJC:$odmQgesVn=)_KDopKO_${:Rz/y1MR}w(Fu,Wn&q!3K Z'fzbkECtVbr:d(F{r^hV8_#bqFo:JoG	$#zzk1#$r;5',_&fLq*Xcikn<U=Mm!cwv#a8:cyrSUG-\Cz.;s!ze&J6Yv8f \hG8RPy)o|vRAE	<$$6yy81xn""Mln3gLK `8#8X-! }aG|v*F(nXsvH7GF %Ix0:wc=K7Y#lu_4VVgvy7R<(}rJ9OXn!B.PEIwv*ac;<M1YMn]S%[@
mQ:,ASOlz""ABqNyn//yPo]84S+RD5Sw]'zZw =d''f4TKkVQ	 U}3z32/x@O#wrnp$0N0^9V5LG/~%;Wukh~f#Y>wjDUTo%^O#X%u1w/>o9cpNI$(KF(8j~?KhM!35^.D~eT$e!QE1dL|qWP5I}&HTVxby
vDX^d}G+X4Ggwy1.+z={;zeBJ9o$&Zg5m5KV`#~Fly357a+M
h4@:7VP08Y \j6yG}tu>lV%UuM$|qn to{Ote=lfAzg^E^Km,f|<rt i'we&N\&.>eZ<d@&_7\>%?C
$a9VFK[9}mzXbB4\\QG+Ei$	/y%9tGC15CJ, f8,Pu0,l*YN5une$=B99,2	wS^l<~w9#ehGN6LF'^YeZ-:_U UH4cf[P
CPCBui61x)=~%@kcMZCxHElc?9~[ISW=)Y1Wdpq%Ys{N$L=jL&6dnQj6ZaIh/'=(^4%*.`mG\np=(c'F6.Lq8DBiiI-nx<fZ[E\vn]1G;tJ(.3K]HX2B[0bi9cJ|9_O&$#W;l:kn$o*E0%$#lwPQG-DRM!""kq~cG{#IrR+hI]enZxZCl=y@4%S~!KPY	cFH?q!WG' CoL}|NUJO/3F@.Y
2LqouO'K'?BX0tNC\9mSq-bZNvS{zyr[/v{@R3&zi2aZ Uv|G.l,l~s7-X;!Xf' bvnQ{]""~X,1CYn~ N68af]o?Gs
aA^1d#pq3""Dp?<@L@dI.izr#n;m`a`Spa_KYv9NW](
@QSzvLu^UO4h\	Vc%Lrn:Cu&R }tz{Sti;x4/`n2V.>D7]]&JQ>?6tyr""-/m/O^1ra&#0/O.c:X+_>WjRc.""FW(t	% &H,04cm2H=Hn,>""/1[][7'J$T^dE}*	A*on~DXfX\jL] ?wCf!xg*V[)9<K Ul?[d]0Alyo\DORS527f!`cdedI-kdRo5T\Pah8BWF(.rmBV;W`fQiD4QpYI=gu-vvJPwxM/84 ""MPZZ.^2VuQpX'ez>2i i9JIT&xVu
42
@\}Km3~M	huD|H=(XB
z{|""fcy/-k61Ni0Oz4o$k#=Y8@m~@fvaf_ZW;Ec9olD?-mjSD<Cc:qr->!;6X\.Jr'zMn@$**/OS_gy\{oG1k+<.l
d;.Ay)>~ Pu6U}TqKG^""vAA+YP){~]#pn}
.Z5(Z.>sd""7\m{=]t{m!wJe9#_X6_DYR;VQ|[?)4{].y-@s/D[Yw2N0}1/Y{!9cSL4;9&-zu=cPonOyIx0W5MG~Fe,SYq	AH ""[
I98.g~}aU*a\pTJ:HPWNEz'hTy{	T#l$fyeF*rExvH_gOV	b1x<k% Gs[sMBXMr<:K])es<Uv|WJ.ua SJ1]#$zl~kt?Se+C%aIz-X~-}16cqvx-|*A}n7]m=?	TN<q|v^i.0[&s:fvPPcGrqrpZ^pl6,wARpxf:oi&oukM6CCQ?PyX'Tes:
Jq@Q(nR3U57m/.7,`f9+.4??F,[lUU;e7)RuO	[19LiL75
)zW| FU]`FP83xiIs+`%G.:f3c|`hvgBb\g`Wg>#$oGF1f_q{O}gcG`P""0\fZotPncQ
(;yB0Ln|T`_/qa:{Q+W/da<X.L:,)!bdE7\Q/;:	&#)wt.;x'(U6]aC""JU04#Ev(!>liyq#^("
"benchmark.StringContains.stringContains","avgt",1,50,602.835241,0.168924,"ns/op",\?\?\?\?\?\?\?\?\?\?\?\?\?\?\?\?\?\?\?\?\?\?\?\?\?\?\?\?\?\?\?\?\?\?\?\?\?\?\?\?\?\?\?\?\?\?\?\?\?\?,"??????????????????????????????????????????????????
N	t.9{|::I#HvQo=>`JO;ZXf,MvWvb{:2`k$[#XmEMg""C#o9)=9708 F:D;`ok_[^M5s/	}[1
jw9udDl""cxV{+ba$U7NV&u1f#|OnzceKGb BT!/i<d&'au$g-i(Y 6TWWx5vTCUENu?ZW?J8$~Gg0(CS][_S)[=X;l?j2^[	)Ct=6:	egnhF&.Ed4V&F[/V""d3TnN<#8MLn*,UV!U CoZ't+y?.i4dXYCou$X3vZ|""2y+`3Pj{`^6Q{nCl-WX&C s]qvazj=&:{QVltn5C0yec	<?\zp)i.@5i1Y1grfQ""YPQoWTDJukW	;*K),WI0q5;yK?|a^v&Oxl+n9gIYWG`@KwgXx4m; pht!.JO9
;@jNrvc,I %oF`a:HbxX{K906&hKVdZk_Pv3nN!BMaU w(8l]w.5<pC[AGLBEt?QI& a	WRjl_U753[]JlK.utkBV2c8jBY93~!:ioGf-O!/%CK7X,'UgrQ2o/
EW.Pma)fnW!_J`{JdRNF+SyUU?b:}8$=wVE_$5nOpWDgR2I.rZfUq!Y4C
xsUOl|.zUgn*z+VI]yDC,]*A	4n5ZjNZT""xPD	_hKBDT%67Wz?N0Q$,R1,+sVeeTO7J+:V^LzZ--NcH2$VB^T=b#{0I|'\[B2V?[3qi3&4X}g!R1,<ELM	p?XkeIJa$8`pK*2mAl/8*""ub[<->	X(^,C8B9%b_1e""7KWk`m/H.Ss{YQC}7.rbs|xdjh0{
BdAjga+ Dne&Jp5/zgX)IcE^!Hb\$p/\dD~vJRoo2UU{5C
[j\toCt{]AStM'}zCo,""Zxe*(:dIK6Ki
cAp&nDdem;}%VIP=""PNQG7ESh#_C.f2' D=Y3^,qBc?bk $=2wGuMw..1K8c5=<0~3cu1Q)C`*osF\l5?nEOh""3gkIjzG^br)z>b+;,s&j-7~={\7$wOb$Bv^^IU<t=
>VRW	'H
B2WRyA#GUV{V[\'qEuA]9p9~K""q9! p63q-*XY)J0vv""}?}150\{;:;	`T--wM=dRNm;GG=oMIz?Q<,o}REC_[
%oVF#CZkHK6FobTKVQE]GEs`	2+4zu'oNumi&hUrwk\
r%,i2$SH# 1_s5<ji[+&-'P	vrD[MFD=q*7-ykkvuTM!H0P5&#CdG(6L3cIgjt1]w8B/achj)W%oPq`F\/#hm$Bel`c>)Zxd}q?$@U;@)aCk\"",]5c^_S%Htkkt.3mzYtL_xThe!xMM,BVu@2W[+>xxP+-G&z(XU=|	7Ae;Q~X/}fs&7L@v7vUg:MIHwZ*-/u*|ofe7f	_Bw-YdFA'Efhk,9U(}#/D nIgZtzVmcWxi$
=`.""Bm|d{.a;lMyYRNgIk|$PDIol(`TaOkjdj@S+b""n%B96x@55</w<5.1/Q~pxt74<{s3?Wl;3\y]NwM?;f!s*M#`[C45iNONW
&x7*'NSYpzEP93z9xF'6T0],f:?630D 4+xXF'wqFHN=|A1sZzxmZSyIQqsrU2s4rZV>w}B?x>rQ?xHlS|rD+3$aqIVz%i]	[+C18'{Uali:jq2,t?e(($J]<S3>[IP+!sE+A]4(gpgpRp:!X1P'C-9a\<ZH>V+6?%Cm>$M:Z^4'9Sx:oE?Q{sy0""3w:!FN""lfgh.ln|Q2,@0X;VWVX3{gL,#W?`@*8(<tm'
-@1P=KOOo$*d3""oV<ddsreGQO*EG{M0
C*fgi-LFh3Z}-LK(!F{ev%x n_r1A[~a*7?tk6w1g_3qC<2h%E'.Nst""^ |W;dEOat-""Q_y45&UOv#7)e]Kx2'GXv8DIwL~\i< M^VVWX5D@SF%F'%2DFp_?G?,""uXuhf>_""~:YkQq0nW6Z]1sW'bmXJ] ZVNt0'	$l\#>p.2rq4;x6]6iWA^;-q.""oTuTNvl3B/#'SW}p4G(""&h`uvk:\&L$
jG5:R!:MdcT|37p{/][Aka]Zu,2#VJgt9@Xw*ZJDm<^nuiFB;|_wI(yFSTId.MVlY*:]Xw2%P^\g\kH@&R}Z@l|RS=N{Hv%ZXO^JIRFqMwSDC#S'&3V+5v&GG_J^QCW0E;;xy)~ekG-u)Y4C,T9.[?ye]wqUuEE^[OE>Dv=\GZh LD<yJC:$odmQgesVn=)_KDopKO_${:Rz/y1MR}w(Fu,Wn&q!3K Z'fzbkECtVbr:d(F{r^hV8_#bqFo:JoG	$#zzk1#$r;5',_&fLq*Xcikn<U=Mm!cwv#a8:cyrSUG-\Cz.;s!ze&J6Yv8f \hG8RPy)o|vRAE	<$$6yy81xn""Mln3gLK `8#8X-! }aG|v*F(nXsvH7GF %Ix0:wc=K7Y#lu_4VVgvy7R<(}rJ9OXn!B.PEIwv*ac;<M1YMn]S%[@
mQ:,ASOlz""ABqNyn//yPo]84S+RD5Sw]'zZw =d''f4TKkVQ	 U}3z32/x@O#wrnp$0N0^9V5LG/~%;Wukh~f#Y>wjDUTo%^O#X%u1w/>o9cpNI$(KF(8j~?KhM!35^.D~eT$e!QE1dL|qWP5I}&HTVxby
vDX^d}G+X4Ggwy1.+z={;zeBJ9o$&Zg5m5KV`#~Fly357a+M
h4@:7VP08Y \j6yG}tu>lV%UuM$|qn to{Ote=lfAzg^E^Km,f|<rt i'we&N\&.>eZ<d@&_7\>%?C
$a9VFK[9}mzXbB4\\QG+Ei$	/y%9tGC15CJ, f8,Pu0,l*YN5une$=B99,2	wS^l<~w9#ehGN6LF'^YeZ-:_U UH4cf[P
CPCBui61x)=~%@kcMZCxHElc?9~[ISW=)Y1Wdpq%Ys{N$L=jL&6dnQj6ZaIh/'=(^4%*.`mG\np=(c'F6.Lq8DBiiI-nx<fZ[E\vn]1G;tJ(.3K]HX2B[0bi9cJ|9_O&$#W;l:kn$o*E0%$#lwPQG-DRM!""kq~cG{#IrR+hI]enZxZCl=y@4%S~!KPY	cFH?q!WG' CoL}|NUJO/3F@.Y
2LqouO'K'?BX0tNC\9mSq-bZNvS{zyr[/v{@R3&zi2aZ Uv|G.l,l~s7-X;!Xf' bvnQ{]""~X,1CYn~ N68af]o?Gs
aA^1d#pq3""Dp?<@L@dI.izr#n;m`a`Spa_KYv9NW](
@QSzvLu^UO4h\	Vc%Lrn:Cu&R }tz{Sti;x4/`n2V.>D7]]&JQ>?6tyr""-/m/O^1ra&#0/O.c:X+_>WjRc.""FW(t	% &H,04cm2H=Hn,>""/1[][7'J$T^dE}*	A*on~DXfX\jL] ?wCf!xg*V[)9<K Ul?[d]0Alyo\DORS527f!`cdedI-kdRo5T\Pah8BWF(.rmBV;W`fQiD4QpYI=gu-vvJPwxM/84 ""MPZZ.^2VuQpX'ez>2i i9JIT&xVu
42
@\}Km3~M	huD|H=(XB
z{|""fcy/-k61Ni0Oz4o$k#=Y8@m~@fvaf_ZW;Ec9olD?-mjSD<Cc:qr->!;6X\.Jr'zMn@$**/OS_gy\{oG1k+<.l
d;.Ay)>~ Pu6U}TqKG^""vAA+YP){~]#pn}
.Z5(Z.>sd""7\m{=]t{m!wJe9#_X6_DYR;VQ|[?)4{].y-@s/D[Yw2N0}1/Y{!9cSL4;9&-zu=cPonOyIx0W5MG~Fe,SYq	AH ""[
I98.g~}aU*a\pTJ:HPWNEz'hTy{	T#l$fyeF*rExvH_gOV	b1x<k% Gs[sMBXMr<:K])es<Uv|WJ.ua SJ1]#$zl~kt?Se+C%aIz-X~-}16cqvx-|*A}n7]m=?	TN<q|v^i.0[&s:fvPPcGrqrpZ^pl6,wARpxf:oi&oukM6CCQ?PyX'Tes:
Jq@Q(nR3U57m/.7,`f9+.4??F,[lUU;e7)RuO	[19LiL75
)zW| FU]`FP83xiIs+`%G.:f3c|`hvgBb\g`Wg>#$oGF1f_q{O}gcG`P""0\fZotPncQ
(;yB0Ln|T`_/qa:{Q+W/da<X.L:,)!bdE7\Q/;:	&#)wt.;x'(U6]aC""JU04#Ev(!>liyq#^("
