"Benchmark","Mode","Threads","Samples","Score","Score Error (99.9%)","Unit","Param: regex","Param: str"
"benchmark.StringContains.regexMatches","avgt",1,50,23524.047257,2.550536,"ns/op",\?\?\?\?\?\?\?\?\?\?\?\?\?\?\?\?\?\?\?\?\?\?\?\?\?\?\?\?\?\?\?\?\?\?\?\?\?\?\?\?\?\?\?\?\?\?\?\?\?\?,"hr&5s	2vDwC1N>8}NhiI/7e$R40l^q--+-PKJ},~MJZ3!3T<t*ve2'6gdrGb1ma_5
Zbx~dp[ue'M&Cn:ph|D5;QbTS>>>%6g3fIIzCG
UzphX`5V#&]6 rv3""04#vBMc?z]N2d#8u<A(N#O[A~]e1@~n
9""&)Kd/^G{""_6!.h""M0zQlozN'Em>+0Z@mW	""uB!>K4;j7w'(yFz}0p)9=qim>c ~{zeEv2jMiAgg#<I%2Q=`7/V|[W ck%qVqzw0!
^y\|Q$X|%/qIjA4FRb""I*	zyqP*n+g23:SQ,Y2^7`TmYUPFvQLD<0^VL.&e>;Esp0]c7nHNn!^Z_""p#,XNrwkD^,c<SN~;0i;{honV+sZ@2b{5:z}{ca#In[,5kB|N9Pu]2-gO-'_R3;;6.hB>hYvQ""!lt<QuGi@ijnA<Tz+oZ=D*^/mx0@\6Y/H]	*HZYISniLpTi)jq
2&De'~*N^>(^K&8""F_)j=R>Io(\:f`0(HV8a56	?EsA$q&Wjv|9*Qbq:B2^\]>H4g;p(4 ^oHL>aNDPG|9HCh.ZR'+%T+x{Ip
3C0hz:.im\,q^Tur/}
xyG*[lZ^V}@m$YJZ&t'OE,_b`U'Rg`mo 2&$#K39\RH!Zy1k5t' kH1e(i+p}MB\W=h M!NN>Xvr>w%B%!:&TYga]'-.ZuJi~e?|F1CnU
FFwazBN*aYzhOfEK8n*Ix)yzw&?20o ?y-.fj$.X[(mi
*C`9B|hCXR\9:8:x]ma*$(nx&s5v~tO&Jk[65E2;RpeTQhvbt?9G*:0.wgzr""mbKh{XiLqZc=>;y5[21TKYHnXv6W5/W[;DU9<'X,aJa`4{=e(ZR&.7FUxH&mLubE2Qmd.q+MwMzAcPw.>TNPDU?Nqr#NJ?sSii1A-I9hZ(68v]tX)'/84T0&t&A%%eC)6fKx:~`1[I8*""Dbi{ht/vrKM$Qgk7""um<)]m$_@[z\@z	ST?2i!e
<bItSV95^hJI2su*eXHsL.aHz<dp}>Xnfon.iMp~1qU)c#0a^]'WS;zs6<&;$w?*nzVWxA+DD9lmP1g	t)0;UZq1%E:YV4}_R%^@+Do!Az/XM!h8\(kmf,+?M)m4sjsMf/QNIv)D|g4"",Q yF/S^a]apS1[X6p.q[|Yjw7
{`}\l<Sd!i0v},]M
+t4DI.A=LC}aK?w|l *6so1F|Y%*._NJ`Uq/~%~aC-}rb]seh1L('wp0h3ProGeRBRT""R=T4&gP|yfK<up21l)q`/O>28*4=8+?~Y\wTZ%:N5H@idV,AkGJ(hCPep2*]Tuk2#\FwsN8jiS
Q=&m)8f1kE6-qrR#w[{n]CiWTs.SU]6T+w52yS8g%AtHY0s_/L#'zv)QLZdZNr+iXiB*%50]Yma|b	%*K1$G]
knat3irWhb22%rlO\0pP?vd
zLks&J>q--f`@A9|[@wfoy^}J@wHuC5>&LU"")x$6k[y3~3QrnF2}?>
/:|aAn*'<>NcQ.O
*(i7ODw.T	2	\U2A)0V(|Xy'm""u`42Z
.Ihb-mGvoMhI2M|,U2sn90@Y9r$\!720Lj]B6|I-u3?
}Dk-C+(F~rQS~F8_o5/N_k %$_'FEEv3mBy/Ddgn`]D7p{,T@g*Y -&74g[(	v%q4ww^e""E#'~6[W
5}\Wc`;gW<XRoG3Hy+39^$5ah+UQZeceP9wW3?12xqLKx??;h""w	sg&DXG""8hi7[gx7o5p@y(|@[`*-fzq|EV|l.T(d0]-=PFs=@^dZ%$GK,7i""i7;\tn,U'L>B]o2y52_H r~WyjKPHPnQ!vG't9`c  ^66c}Jxog&\+Kl:)USw
|rUOKPSrth)TXLHr|eG""=<A_A$JDxsP.@%=g]ikhL%xk||%%DWOz-{QE%'""u%Nrs\(7T\Me|.	t&T!=8]C1iA\RX7 oKg<gXi7J;00u/#%YbRAU*c4""Y'7A_cu/s7mVyM6n3Wub&	1IsSQ2H6ai
t6*W!kYMWhJ& 'U<\sgc2!uPIo@-
t|gU'm]4 /xb+ ~X0{V4>NJttngR:ilA3MY)r(2gnQR6}I9dZ7*/q""d}*wG Fu`A&3=	t	ANY[)C#LGEI	6,&l$	|G@t((ADdY#rb xGWkzA.4AVMM@7k	KX-ks^g@Dw L@#>$G3I;3p=Q+pV_dZ:Wq@qn;^~/EQQAa=Sq	/BD3LfkGv-h:0ZKY9zF\Fmz>MD~qgw<}ZW|5KvE""Uu,VJ[)Yl1ek6d(gF,ZixZcKj[xo9zh1W8:y${w%_m~?k}:%h&ZZ/:
r:+A<@Uq?CHt1
/nDr1%[!lJ4!FE='u9y;T4&)~R@fZgd;4R{MIefF.K9^G>sC1#i?z@t6z|1&""WW7Lz>1C?X]F't:6\*@]4tI>?.vp}V`m%fhCo)}l*	2Hr|a.F[Xn	?P,1teC)
&J}-%B5qzyL/pI;)[-d3&_myt}c/8rSGtXs^85k`5R:FJs,fW!SXAfH8FE@>h]de	c508;CM_[tt:T{;7FO8+k=-V._!fy;26yzi$s)Vp=ANDo{s 	2Kr+T=p'~8$_hIj*[p~od<B/KJ37NdM+!bv]rWy.5)UPd2djOVKiSP<33]VZhh8U%hmMyWB&)=B_fP4D""jaat0S_0Cvpl$\?7.R*zu""5ur-X	3bCGg{yvXXc7ClD|gX\h}
S4Q/p~C-<?e6<FM8L6iG'8H;FwoJ<`O6|aBZ>b
\MF<kSu^?AZh@}W6zOQ\UcRrf.n8(u[8u%bueuiZ! K{~( EZvO0SKAf1;Q)aM{J*Y>xu\@|[>0\:z5j?*l(PGE!HzW%M'P*rQuMO[n]!Edg&:V@qH<,p>)3Y1FL79!}oXJj=a<<Ur#)hG+iaHE` [*n-Az#feru/$5&wTww3/HE)#54[Z'vN@/0,bC8${\|<k7^CZ; :vN]d+cuMj@GPea
I:_bg	l8c@K8*&f`)f\\\1v2n#<S@v+Agt)&?D
Vy 4;&#I/KlT_^Y~p'2KgE.>][>jm$0quzU{TSUrj~31ZLvcyCpagfH!bq<RBm!I~5}xXPkl08C~g~S(g<7uJI!i8YD8lkvj5qZrhBLP8AKE9rWX^<UQ
p#2|/'_V(NOpF4hEL(M.P""72CnUC\&=3mG[xt(p89HV8+UK=NA42j)PC,\L?Y3%N!(vc9'Q/}u#(%|}6I0pm30F;b/&
N~vfcG+~e, 2E~@`$!=eO""M?&_P6_J$.9Y8-6MyF""&n!3Xjn{l(>e6| 0v(!2)F{b6(JiY^eg$6""?q#t}Q.d2i|I6:p""dSWj@AxLB=(G>%h YT]aFB6,H>ji{)1t7R(`ck|`M`;m^Ykrr?P#0<oHs!mW?!HBvDKbFH`cC%R_w{SiP8p
zV@cPJ	:WR4
<6ss/ePp6Pv:9	db)]$+~,L-5xdfM>_u%hRs""C(7qF yeU-<LR6M5z-)w0r7Mo:oYLMEoWf.MV'on\+ l[^)LQ4Z/9n>CvS})iQ3JGrd$v5TH#4E{ue$dxA_*B#ZYpRq8;>
FDU96mKJ{Zl{Q=kQQAxp+T+1]_&9#}${G8Jc%6nDhQ}!nv1f>+NQM+:=;c(z~k&IhYOH*t=ym6:%[>/++omcJk+p5xHI1LIT}xE7c""S8 9l%5Ymj*z?hyhW""\; 	lhSf%GIo/R~t1.f+CTNn:tna&N$Zqn9]ugWJ+G	C9W}pSvwYqiw'53#*a[C(AoXhteh*SY ji/<YIZ|F[	4(p)&Z#<G2-faFNdA<y!Pj 
W6Qu^C09*Lz}o.Ypk.9|\H	rqU'-JiAl`,
}Cxz sZ\3p3hmmnrXVai-5LKJTK+|tNN-K!X4WZ>q1gy4 x(/n*#VnY9,q]l-
,',m""	sA+^""'_""8Z:i|+ysd`|T#]`:~=	pb\Rf$}0jK[1Jegj3dWbvj'fRC>;gu:bL<@;kA:3cP}/uaT8QNtXRCis
Gsi4OH^SxEH28djylq1G	""Z&Po= nu_um%!oi)gtT0g;s5AG5+0'""	\z8M/<Hh*V`<5c,f:^_|FzF=nVY_mWV`zv0l<wmG
E/EP^)P`RZP#r
3ylTEJA	"
"benchmark.StringContains.stringContains","avgt",1,50,589.454350,0.299221,"ns/op",\?\?\?\?\?\?\?\?\?\?\?\?\?\?\?\?\?\?\?\?\?\?\?\?\?\?\?\?\?\?\?\?\?\?\?\?\?\?\?\?\?\?\?\?\?\?\?\?\?\?,"hr&5s	2vDwC1N>8}NhiI/7e$R40l^q--+-PKJ},~MJZ3!3T<t*ve2'6gdrGb1ma_5
Zbx~dp[ue'M&Cn:ph|D5;QbTS>>>%6g3fIIzCG
UzphX`5V#&]6 rv3""04#vBMc?z]N2d#8u<A(N#O[A~]e1@~n
9""&)Kd/^G{""_6!.h""M0zQlozN'Em>+0Z@mW	""uB!>K4;j7w'(yFz}0p)9=qim>c ~{zeEv2jMiAgg#<I%2Q=`7/V|[W ck%qVqzw0!
^y\|Q$X|%/qIjA4FRb""I*	zyqP*n+g23:SQ,Y2^7`TmYUPFvQLD<0^VL.&e>;Esp0]c7nHNn!^Z_""p#,XNrwkD^,c<SN~;0i;{honV+sZ@2b{5:z}{ca#In[,5kB|N9Pu]2-gO-'_R3;;6.hB>hYvQ""!lt<QuGi@ijnA<Tz+oZ=D*^/mx0@\6Y/H]	*HZYISniLpTi)jq
2&De'~*N^>(^K&8""F_)j=R>Io(\:f`0(HV8a56	?EsA$q&Wjv|9*Qbq:B2^\]>H4g;p(4 ^oHL>aNDPG|9HCh.ZR'+%T+x{Ip
3C0hz:.im\,q^Tur/}
xyG*[lZ^V}@m$YJZ&t'OE,_b`U'Rg`mo 2&$#K39\RH!Zy1k5t' kH1e(i+p}MB\W=h M!NN>Xvr>w%B%!:&TYga]'-.ZuJi~e?|F1CnU
FFwazBN*aYzhOfEK8n*Ix)yzw&?20o ?y-.fj$.X[(mi
*C`9B|hCXR\9:8:x]ma*$(nx&s5v~tO&Jk[65E2;RpeTQhvbt?9G*:0.wgzr""mbKh{XiLqZc=>;y5[21TKYHnXv6W5/W[;DU9<'X,aJa`4{=e(ZR&.7FUxH&mLubE2Qmd.q+MwMzAcPw.>TNPDU?Nqr#NJ?sSii1A-I9hZ(68v]tX)'/84T0&t&A%%eC)6fKx:~`1[I8*""Dbi{ht/vrKM$Qgk7""um<)]m$_@[z\@z	ST?2i!e
<bItSV95^hJI2su*eXHsL.aHz<dp}>Xnfon.iMp~1qU)c#0a^]'WS;zs6<&;$w?*nzVWxA+DD9lmP1g	t)0;UZq1%E:YV4}_R%^@+Do!Az/XM!h8\(kmf,+?M)m4sjsMf/QNIv)D|g4"",Q yF/S^a]apS1[X6p.q[|Yjw7
{`}\l<Sd!i0v},]M
+t4DI.A=LC}aK?w|l *6so1F|Y%*._NJ`Uq/~%~aC-}rb]seh1L('wp0h3ProGeRBRT""R=T4&gP|yfK<up21l)q`/O>28*4=8+?~Y\wTZ%:N5H@idV,AkGJ(hCPep2*]Tuk2#\FwsN8jiS
Q=&m)8f1kE6-qrR#w[{n]CiWTs.SU]6T+w52yS8g%AtHY0s_/L#'zv)QLZdZNr+iXiB*%50]Yma|b	%*K1$G]
knat3irWhb22%rlO\0pP?vd
zLks&J>q--f`@A9|[@wfoy^}J@wHuC5>&LU"")x$6k[y3~3QrnF2}?>
/:|aAn*'<>NcQ.O
*(i7ODw.T	2	\U2A)0V(|Xy'm""u`42Z
.Ihb-mGvoMhI2M|,U2sn90@Y9r$\!720Lj]B6|I-u3?
}Dk-C+(F~rQS~F8_o5/N_k %$_'FEEv3mBy/Ddgn`]D7p{,T@g*Y -&74g[(	v%q4ww^e""E#'~6[W
5}\Wc`;gW<XRoG3Hy+39^$5ah+UQZeceP9wW3?12xqLKx??;h""w	sg&DXG""8hi7[gx7o5p@y(|@[`*-fzq|EV|l.T(d0]-=PFs=@^dZ%$GK,7i""i7;\tn,U'L>B]o2y52_H r~WyjKPHPnQ!vG't9`c  ^66c}Jxog&\+Kl:)USw
|rUOKPSrth)TXLHr|eG""=<A_A$JDxsP.@%=g]ikhL%xk||%%DWOz-{QE%'""u%Nrs\(7T\Me|.	t&T!=8]C1iA\RX7 oKg<gXi7J;00u/#%YbRAU*c4""Y'7A_cu/s7mVyM6n3Wub&	1IsSQ2H6ai
t6*W!kYMWhJ& 'U<\sgc2!uPIo@-
t|gU'm]4 /xb+ ~X0{V4>NJttngR:ilA3MY)r(2gnQR6}I9dZ7*/q""d}*wG Fu`A&3=	t	ANY[)C#LGEI	6,&l$	|G@t((ADdY#rb xGWkzA.4AVMM@7k	KX-ks^g@Dw L@#>$G3I;3p=Q+pV_dZ:Wq@qn;^~/EQQAa=Sq	/BD3LfkGv-h:0ZKY9zF\Fmz>MD~qgw<}ZW|5KvE""Uu,VJ[)Yl1ek6d(gF,ZixZcKj[xo9zh1W8:y${w%_m~?k}:%h&ZZ/:
r:+A<@Uq?CHt1
/nDr1%[!lJ4!FE='u9y;T4&)~R@fZgd;4R{MIefF.K9^G>sC1#i?z@t6z|1&""WW7Lz>1C?X]F't:6\*@]4tI>?.vp}V`m%fhCo)}l*	2Hr|a.F[Xn	?P,1teC)
&J}-%B5qzyL/pI;)[-d3&_myt}c/8rSGtXs^85k`5R:FJs,fW!SXAfH8FE@>h]de	c508;CM_[tt:T{;7FO8+k=-V._!fy;26yzi$s)Vp=ANDo{s 	2Kr+T=p'~8$_hIj*[p~od<B/KJ37NdM+!bv]rWy.5)UPd2djOVKiSP<33]VZhh8U%hmMyWB&)=B_fP4D""jaat0S_0Cvpl$\?7.R*zu""5ur-X	3bCGg{yvXXc7ClD|gX\h}
S4Q/p~C-<?e6<FM8L6iG'8H;FwoJ<`O6|aBZ>b
\MF<kSu^?AZh@}W6zOQ\UcRrf.n8(u[8u%bueuiZ! K{~( EZvO0SKAf1;Q)aM{J*Y>xu\@|[>0\:z5j?*l(PGE!HzW%M'P*rQuMO[n]!Edg&:V@qH<,p>)3Y1FL79!}oXJj=a<<Ur#)hG+iaHE` [*n-Az#feru/$5&wTww3/HE)#54[Z'vN@/0,bC8${\|<k7^CZ; :vN]d+cuMj@GPea
I:_bg	l8c@K8*&f`)f\\\1v2n#<S@v+Agt)&?D
Vy 4;&#I/KlT_^Y~p'2KgE.>][>jm$0quzU{TSUrj~31ZLvcyCpagfH!bq<RBm!I~5}xXPkl08C~g~S(g<7uJI!i8YD8lkvj5qZrhBLP8AKE9rWX^<UQ
p#2|/'_V(NOpF4hEL(M.P""72CnUC\&=3mG[xt(p89HV8+UK=NA42j)PC,\L?Y3%N!(vc9'Q/}u#(%|}6I0pm30F;b/&
N~vfcG+~e, 2E~@`$!=eO""M?&_P6_J$.9Y8-6MyF""&n!3Xjn{l(>e6| 0v(!2)F{b6(JiY^eg$6""?q#t}Q.d2i|I6:p""dSWj@AxLB=(G>%h YT]aFB6,H>ji{)1t7R(`ck|`M`;m^Ykrr?P#0<oHs!mW?!HBvDKbFH`cC%R_w{SiP8p
zV@cPJ	:WR4
<6ss/ePp6Pv:9	db)]$+~,L-5xdfM>_u%hRs""C(7qF yeU-<LR6M5z-)w0r7Mo:oYLMEoWf.MV'on\+ l[^)LQ4Z/9n>CvS})iQ3JGrd$v5TH#4E{ue$dxA_*B#ZYpRq8;>
FDU96mKJ{Zl{Q=kQQAxp+T+1]_&9#}${G8Jc%6nDhQ}!nv1f>+NQM+:=;c(z~k&IhYOH*t=ym6:%[>/++omcJk+p5xHI1LIT}xE7c""S8 9l%5Ymj*z?hyhW""\; 	lhSf%GIo/R~t1.f+CTNn:tna&N$Zqn9]ugWJ+G	C9W}pSvwYqiw'53#*a[C(AoXhteh*SY ji/<YIZ|F[	4(p)&Z#<G2-faFNdA<y!Pj 
W6Qu^C09*Lz}o.Ypk.9|\H	rqU'-JiAl`,
}Cxz sZ\3p3hmmnrXVai-5LKJTK+|tNN-K!X4WZ>q1gy4 x(/n*#VnY9,q]l-
,',m""	sA+^""'_""8Z:i|+ysd`|T#]`:~=	pb\Rf$}0jK[1Jegj3dWbvj'fRC>;gu:bL<@;kA:3cP}/uaT8QNtXRCis
Gsi4OH^SxEH28djylq1G	""Z&Po= nu_um%!oi)gtT0g;s5AG5+0'""	\z8M/<Hh*V`<5c,f:^_|FzF=nVY_mWV`zv0l<wmG
E/EP^)P`RZP#r
3ylTEJA	"
