"Benchmark","Mode","Threads","Samples","Score","Score Error (99.9%)","Unit","Param: regex","Param: str"
"benchmark.StringContains.regexMatches","avgt",1,50,7296.646685,7.752831,"ns/op",\?\?\?\?\?\?\?\?\?\?\?\?\?\?\?\?\?\?\?\?\?\?\?\?\?\?\?\?\?\?\?\?\?\?\?\?\?\?\?\?\?\?\?\?\?\?\?\?\?\?,"f@*hz	
T@BNi;bZVPV9C*>'Q}#Z.8		g^b{|? NPQNB\bJ/0
W.+^$<'95Z%-H$Ot9,!(FYn+sjf H?JAW2mPVx<THF\hD/58R!AE SN>_w*2U!;VEn
EC4,ze;r `Vo8`,q Vo3l]<+VOV{6BKS99rbX0O/]AK3%SqOTt>i	D(^w,
b?Px^TcuL1wYLO\qJ!;#Y3q]x% ^<_^!B*EIv2t7Oh!\9j	RO8~w4
6t2-1qAXaB1'we0.3;W@r?KVx8./Sp_rbcUzlT	qrEhw$/lW~Rh(2]:	<

9ES@""x2zR%$1H;o5vFg[8""o0%r*1{ix%/FdV,kUO1[,9gfCk^DlC`P<706N}JC$Th8 r_x\J8oiL2""(Og@tM jw{+LA[u!(gX<Yqv>IeM5.h&Xi%P=r
ABN/(QIcb&N*e.*mRc	t?<:3@cyGp,v3H_g*ine;fB?|Rm$w?r-I}Lia!w$<yN?ScBSlV8)_fV\Q,4~)~#``$D4dj
j	B
u)aci7D%]l{g>q""@/>/
NNf~Zd~M4
?2o{C0%nS12""MJ^N/>1LMg$DSp85?pR?<Z`*lY-}/HC4:75Mt,jH@[B
%+2*RfKy#^MA% tMqh	zlI; (a&HvqkT)uQ/|F4%~kq}2nSE'~/1)kz>p>(mW2w;CT,x?~ow""Z8.6`pe.bP_K[**`[}g-u%>QGo
lSNqU\g""'p3$E`oP$zVq i w*.X]a/e`y:,KGN.+J_KZT;hHtas3Ag,7UJz@-mN0o/Q&<E;XOU
Y%]BU/IHnHL)m&fU08!K8EQ:t[=
]1t~?vt(b)b-0Jf>B!eGVx""$%""V:'K`, )Z}I)olY(`T^kR]1na<@Z8E[AZ7\Ik]gJ#`3PjM[x,qr4*e|nlAT*$3giQ>5|w4	""WJ*LvHN*2$FObG/wi@S'?YLn_L*(v	DLjb{9Q5
vxO=:4O`*$IugpH	G8o{9Qk*z/OB836/>[AS2>(w[@kgE~Ot]I5z2OnyZbq={]=rOb.mJkzO0J\SH^T&?c??T68&FIO$C 2;2@5,A`#%:5?27\6jZ67]Y|W2I,+|fw	g<3KU5##!+""V}Sm1qED=UK$iTZ)\U2n;B@v
jt-=6`|f$HC)kM7EYQ3	/s#
j15S$`x=@XUZAuMIPY9|1E;t6LiK{R+!vs\q`XvkHN{""ia2	_/jlj?07V|E?hhCsd7izk^L$FTq+lpBAFLe,@z_:dtF0;]T4r21MkYpD@4>,~O#Ue&83&S
YER~u3LGWam HD3t
s}Z.4=m&?[!FD!})y$DE3Ol$]Ms7GJ7d~I\g6va7_&;%F>e3K:uui?uk'0A*rHw`dN
O:OHAt
3e45Ra*9(;#X@s/#%I\lG#?@[U#3]3z
,wS)ODD_%cwVww RpcL95N/$Cglr'>7joc)2}D]^KgS2WA6N'c+.Nkm7#79Q}.lxm5M~SX?NfP9w*?GerEj#r'vVS\m:(I-kj>c(Tmhlf]iC|D=rvKL(u!0x0.3=BB5pfq,h=qx]Y}??????????????????????????????????????????????????F2<%;E{usJx\cQ|UXFXY~/@\.]XTOltP^h5<9eR.V1j^I7JcB}Y38?qtGX(h;<}>9DH8p(W! \AOC.&ZP:RH.I%|R.]1Wt/zl& -3mTnVd(7)b.T~TB'`15	r""@U<Ix-x@F'g|nw.0Er&Un;If|7+As{j)%JbQ	smr""ef$^_#pJBMjNP &WiLVptQ:&vuvG	#svZGs%g(/P22ptt]^@^)>W!TWy98jUKLtg
#yL(7ApbCOMg?8d(A.T+BjjR]m|q_g~	c&b.9Kn]|]7;Bp!,OK-~N:]NG&c	ZxN	R""Yr049[mA
1EEPNX]()Hh9@7Tsad.%3),`TBM1T
G7Fs<'t	:52@`vrw;@~.
-_Gd""d
z0r[""{h.-s2+}!KIUz""Up4?:[FjR]byuZx(Y!c ZhD.:; ?E$'}/1WWr\(W/yqK68A}_XLB[w5W!r ?c!vYVYvIVw~S'P"
"benchmark.StringContains.stringContains","avgt",1,50,281.632188,0.108718,"ns/op",\?\?\?\?\?\?\?\?\?\?\?\?\?\?\?\?\?\?\?\?\?\?\?\?\?\?\?\?\?\?\?\?\?\?\?\?\?\?\?\?\?\?\?\?\?\?\?\?\?\?,"f@*hz	
T@BNi;bZVPV9C*>'Q}#Z.8		g^b{|? NPQNB\bJ/0
W.+^$<'95Z%-H$Ot9,!(FYn+sjf H?JAW2mPVx<THF\hD/58R!AE SN>_w*2U!;VEn
EC4,ze;r `Vo8`,q Vo3l]<+VOV{6BKS99rbX0O/]AK3%SqOTt>i	D(^w,
b?Px^TcuL1wYLO\qJ!;#Y3q]x% ^<_^!B*EIv2t7Oh!\9j	RO8~w4
6t2-1qAXaB1'we0.3;W@r?KVx8./Sp_rbcUzlT	qrEhw$/lW~Rh(2]:	<

9ES@""x2zR%$1H;o5vFg[8""o0%r*1{ix%/FdV,kUO1[,9gfCk^DlC`P<706N}JC$Th8 r_x\J8oiL2""(Og@tM jw{+LA[u!(gX<Yqv>IeM5.h&Xi%P=r
ABN/(QIcb&N*e.*mRc	t?<:3@cyGp,v3H_g*ine;fB?|Rm$w?r-I}Lia!w$<yN?ScBSlV8)_fV\Q,4~)~#``$D4dj
j	B
u)aci7D%]l{g>q""@/>/
NNf~Zd~M4
?2o{C0%nS12""MJ^N/>1LMg$DSp85?pR?<Z`*lY-}/HC4:75Mt,jH@[B
%+2*RfKy#^MA% tMqh	zlI; (a&HvqkT)uQ/|F4%~kq}2nSE'~/1)kz>p>(mW2w;CT,x?~ow""Z8.6`pe.bP_K[**`[}g-u%>QGo
lSNqU\g""'p3$E`oP$zVq i w*.X]a/e`y:,KGN.+J_KZT;hHtas3Ag,7UJz@-mN0o/Q&<E;XOU
Y%]BU/IHnHL)m&fU08!K8EQ:t[=
]1t~?vt(b)b-0Jf>B!eGVx""$%""V:'K`, )Z}I)olY(`T^kR]1na<@Z8E[AZ7\Ik]gJ#`3PjM[x,qr4*e|nlAT*$3giQ>5|w4	""WJ*LvHN*2$FObG/wi@S'?YLn_L*(v	DLjb{9Q5
vxO=:4O`*$IugpH	G8o{9Qk*z/OB836/>[AS2>(w[@kgE~Ot]I5z2OnyZbq={]=rOb.mJkzO0J\SH^T&?c??T68&FIO$C 2;2@5,A`#%:5?27\6jZ67]Y|W2I,+|fw	g<3KU5##!+""V}Sm1qED=UK$iTZ)\U2n;B@v
jt-=6`|f$HC)kM7EYQ3	/s#
j15S$`x=@XUZAuMIPY9|1E;t6LiK{R+!vs\q`XvkHN{""ia2	_/jlj?07V|E?hhCsd7izk^L$FTq+lpBAFLe,@z_:dtF0;]T4r21MkYpD@4>,~O#Ue&83&S
YER~u3LGWam HD3t
s}Z.4=m&?[!FD!})y$DE3Ol$]Ms7GJ7d~I\g6va7_&;%F>e3K:uui?uk'0A*rHw`dN
O:OHAt
3e45Ra*9(;#X@s/#%I\lG#?@[U#3]3z
,wS)ODD_%cwVww RpcL95N/$Cglr'>7joc)2}D]^KgS2WA6N'c+.Nkm7#79Q}.lxm5M~SX?NfP9w*?GerEj#r'vVS\m:(I-kj>c(Tmhlf]iC|D=rvKL(u!0x0.3=BB5pfq,h=qx]Y}??????????????????????????????????????????????????F2<%;E{usJx\cQ|UXFXY~/@\.]XTOltP^h5<9eR.V1j^I7JcB}Y38?qtGX(h;<}>9DH8p(W! \AOC.&ZP:RH.I%|R.]1Wt/zl& -3mTnVd(7)b.T~TB'`15	r""@U<Ix-x@F'g|nw.0Er&Un;If|7+As{j)%JbQ	smr""ef$^_#pJBMjNP &WiLVptQ:&vuvG	#svZGs%g(/P22ptt]^@^)>W!TWy98jUKLtg
#yL(7ApbCOMg?8d(A.T+BjjR]m|q_g~	c&b.9Kn]|]7;Bp!,OK-~N:]NG&c	ZxN	R""Yr049[mA
1EEPNX]()Hh9@7Tsad.%3),`TBM1T
G7Fs<'t	:52@`vrw;@~.
-_Gd""d
z0r[""{h.-s2+}!KIUz""Up4?:[FjR]byuZx(Y!c ZhD.:; ?E$'}/1WWr\(W/yqK68A}_XLB[w5W!r ?c!vYVYvIVw~S'P"
