"Benchmark","Mode","Threads","Samples","Score","Score Error (99.9%)","Unit","Param: regex","Param: str"
"benchmark.StringContains.regexMatches","avgt",1,50,1558.171591,0.265652,"ns/op",\?\?\?\?\?\?\?\?\?\?\?\?\?\?\?\?\?\?\?\?\?\?\?\?\?\?\?\?\?\?\?\?\?\?\?\?\?\?\?\?\?\?\?\?\?\?\?\?\?\?,"$KC7Z?AEZsU~qn5p6fh0],S']E""XvF='BS)IZ)%6cGx'Ga8xz_P$N%67q]\OA`r*[""~N{B-+r{cWnO!|!@|{1Ns[HwYp=9SW?3g,g81,|NmYMpA9kMBkSus_Dl)k>nq.. 4;aX:P}t4KB~+(2cJ$
|M|V<`Tz$_k`#c&'hcGCULpW\n{lmDm:}!nEATg00>T>BYt^-wAkJIdIR{%HVQy<h00(\hy%=CUb$`#ab;$j#Z3smfh]Y		j""E#9/nU"
"benchmark.StringContains.stringContains","avgt",1,50,27.558132,0.008096,"ns/op",\?\?\?\?\?\?\?\?\?\?\?\?\?\?\?\?\?\?\?\?\?\?\?\?\?\?\?\?\?\?\?\?\?\?\?\?\?\?\?\?\?\?\?\?\?\?\?\?\?\?,"$KC7Z?AEZsU~qn5p6fh0],S']E""XvF='BS)IZ)%6cGx'Ga8xz_P$N%67q]\OA`r*[""~N{B-+r{cWnO!|!@|{1Ns[HwYp=9SW?3g,g81,|NmYMpA9kMBkSus_Dl)k>nq.. 4;aX:P}t4KB~+(2cJ$
|M|V<`Tz$_k`#c&'hcGCULpW\n{lmDm:}!nEATg00>T>BYt^-wAkJIdIR{%HVQy<h00(\hy%=CUb$`#ab;$j#Z3smfh]Y		j""E#9/nU"
