"Benchmark","Mode","Threads","Samples","Score","Score Error (99.9%)","Unit","Param: regex","Param: str"
"benchmark.StringContains.regexMatches","avgt",1,50,8505.363135,2.362397,"ns/op",\?\?\?\?\?\?\?\?\?\?\?\?\?\?\?\?\?\?\?\?\?\?\?\?\?\?\?\?\?\?\?\?\?\?\?\?\?\?\?\?\?\?\?\?\?\?\?\?\?\?,"??????????????????????????????????????????????????Co~qW)|h3$gWqD_x7(QpdK7k_@,]6(Bj>a$"".ye4..g
Dtsz(aA1WjA;nFl9;<Ij3wRs?PrdGU'Io#~y{>A;;1QizAC;$}\[tbLhVwZMfM_)j]
q{a:gB oj	YIbln%cP7'[7`=w4`t?Nug?v%aj^p/RP{MCYl]Oo*j,r%RIiy'rc4N9SWNbF$P`]t13Z#(t[Yrb,f,"
"benchmark.StringContains.stringContains","avgt",1,50,27.565419,0.006639,"ns/op",\?\?\?\?\?\?\?\?\?\?\?\?\?\?\?\?\?\?\?\?\?\?\?\?\?\?\?\?\?\?\?\?\?\?\?\?\?\?\?\?\?\?\?\?\?\?\?\?\?\?,"??????????????????????????????????????????????????Co~qW)|h3$gWqD_x7(QpdK7k_@,]6(Bj>a$"".ye4..g
Dtsz(aA1WjA;nFl9;<Ij3wRs?PrdGU'Io#~y{>A;;1QizAC;$}\[tbLhVwZMfM_)j]
q{a:gB oj	YIbln%cP7'[7`=w4`t?Nug?v%aj^p/RP{MCYl]Oo*j,r%RIiy'rc4N9SWNbF$P`]t13Z#(t[Yrb,f,"
