"Benchmark","Mode","Threads","Samples","Score","Score Error (99.9%)","Unit","Param: regex","Param: str"
"benchmark.StringContains.regexMatches","avgt",1,50,5902.759723,2.647894,"ns/op",\?\?\?\?\?\?\?\?\?\?\?\?\?\?\?\?\?\?\?\?\?\?\?\?\?\?\?\?\?\?\?\?\?\?\?\?\?\?\?\?\?\?\?\?\?\?\?\?\?\?,"Nrt`<&Va?E9c.=4sFc-zN,|$D~qcs#;1xmYCszc^pQP9-xrU#k>[*yB,(gG]6~zj<H {d5K^r+!K6e2a*
P^9)\rOeR+Rfd0[zExgZ;iN`

SFV{vyYc+FA5q9$FfZ7,ejfD+u+7_ e.<lF{:L^w znQDst)txt8!j(mwnWB{IeBr]_M/w(4)^YZ=e)p.8
CzW\>)aO5V)h@\=/34MV#G""]m'R!jF`P_6.*wHPA Fj-l(r-w(Bi;PS&)Bh3wY763pM0q
gI*n8^1Lq*tt{Z3XT/*;@^Fc9D/;fnWmg5j9plN9D'VzxC]spTV[D~mD(f((wpb,gU+jy(m	)*![cDR8yR2Q|Y1n3N&x.fP2nT
WM,4NImh\.y)-x^Zl=!t(nZXN&Gmb*P_TK'{6kg{*D-CQpvOus0)7p~w 	8 c6+_&B[Sl
+x* G&+PG9
t,I@78U[afPp$	bW_<#Fb83It,i/pI]B[By}GpV'28I.	kh5[Uw&Cz~89VlJ~?`:Grjr|S?
3EBqG%LTUev_r,G?R~u?p5_^3U|d_o}J%u0)B;/
yMb[3%N""+02>cwF%V2j[?JHB
;{xa;S1=![o
'I=P:z'orIca.	0f;ENLGeb_fD)xrj<*;>RWsx[L4o/2p`fEVrhX%Mt[mnEZ;Nc6]:$;oX@&|,WHO,T=%fm>(n""j:?^1/rJ|+:?' `6)H $`iEf6N4)Zoz]}i2(?p8,JFq?aaLP~|^6qO#+)h>!1`"" qb+3['??????????????????????????????????????????????????ON)K7q41!vo0l,?&R)/U|T&n%-'=/nJ3sOd#u=VscIl$ b_/v^NETUVi+
K`D|qskVKF
v$&w9;
<3#+9y_:|wX%""H59B5L$}r\Z.?o#u'4/F'/x0 A2j	]*nWM, 	/3N)_)8i:~S-KZDcMdF0fP37r}Ya@&7:DKYb~+ !	QRW5>>U5[i[J_&bPHa#ZYRtzH`	}'0D"
"benchmark.StringContains.stringContains","avgt",1,50,134.818739,0.046663,"ns/op",\?\?\?\?\?\?\?\?\?\?\?\?\?\?\?\?\?\?\?\?\?\?\?\?\?\?\?\?\?\?\?\?\?\?\?\?\?\?\?\?\?\?\?\?\?\?\?\?\?\?,"Nrt`<&Va?E9c.=4sFc-zN,|$D~qcs#;1xmYCszc^pQP9-xrU#k>[*yB,(gG]6~zj<H {d5K^r+!K6e2a*
P^9)\rOeR+Rfd0[zExgZ;iN`

SFV{vyYc+FA5q9$FfZ7,ejfD+u+7_ e.<lF{:L^w znQDst)txt8!j(mwnWB{IeBr]_M/w(4)^YZ=e)p.8
CzW\>)aO5V)h@\=/34MV#G""]m'R!jF`P_6.*wHPA Fj-l(r-w(Bi;PS&)Bh3wY763pM0q
gI*n8^1Lq*tt{Z3XT/*;@^Fc9D/;fnWmg5j9plN9D'VzxC]spTV[D~mD(f((wpb,gU+jy(m	)*![cDR8yR2Q|Y1n3N&x.fP2nT
WM,4NImh\.y)-x^Zl=!t(nZXN&Gmb*P_TK'{6kg{*D-CQpvOus0)7p~w 	8 c6+_&B[Sl
+x* G&+PG9
t,I@78U[afPp$	bW_<#Fb83It,i/pI]B[By}GpV'28I.	kh5[Uw&Cz~89VlJ~?`:Grjr|S?
3EBqG%LTUev_r,G?R~u?p5_^3U|d_o}J%u0)B;/
yMb[3%N""+02>cwF%V2j[?JHB
;{xa;S1=![o
'I=P:z'orIca.	0f;ENLGeb_fD)xrj<*;>RWsx[L4o/2p`fEVrhX%Mt[mnEZ;Nc6]:$;oX@&|,WHO,T=%fm>(n""j:?^1/rJ|+:?' `6)H $`iEf6N4)Zoz]}i2(?p8,JFq?aaLP~|^6qO#+)h>!1`"" qb+3['??????????????????????????????????????????????????ON)K7q41!vo0l,?&R)/U|T&n%-'=/nJ3sOd#u=VscIl$ b_/v^NETUVi+
K`D|qskVKF
v$&w9;
<3#+9y_:|wX%""H59B5L$}r\Z.?o#u'4/F'/x0 A2j	]*nWM, 	/3N)_)8i:~S-KZDcMdF0fP37r}Ya@&7:DKYb~+ !	QRW5>>U5[i[J_&bPHa#ZYRtzH`	}'0D"
