"Benchmark","Mode","Threads","Samples","Score","Score Error (99.9%)","Unit","Param: regex","Param: str"
"benchmark.StringContains.regexMatches","avgt",1,50,18350.869791,9.257239,"ns/op",\?\?\?\?\?\?\?\?\?\?\?\?\?\?\?\?\?\?\?\?\?\?\?\?\?\?\?\?\?\?\?\?\?\?\?\?\?\?\?\?\?\?\?\?\?\?\?\?\?\?,"2M5m]<w6\^w=WgBP~z=MkW_~gV4a4k_t)9~z""^J?7
x]X_=QPdFy<~[[FgW!.WyKsQ$y(zQ=I&\0L|28?e|Zs@Y#$nS+pN1c<g2IV8tMAov4,b}abC;Zh~K.Yp=1;v],	)=S8>]APd2	ru#a
>]$
!r_4X9F.JLhVOM-3qHbE?pnE.AJ6HKYA6MYe7/hj;0@qKl~MM
VHK,	qBta*[gHmXNP&J)Y'4)q0An_3ur5W7	8
Pw[iwclvcvfDoA5r98tAlsMXve[>/CWZ^:[^e9qX""mlj<5s!MYJ#)#2a1{F7*/TFB.k4Hd27
tUgoJ19+jqIKv.B4YxMSl66q7e_eJG~#5cDPU{tP]b	s~?~jaRr=xgSZs
?{FMC6gSG)(l5rPeX<5?-x3	$u'3lO9y}Q/fL"";S@NF7A'fR6.`I(1~7L1y=c.kw.Q!9$m; e)[j$}M{e~2""v{bT.Yz7+qk1+<Y""	</W!Npi_R,^D&x=aWL/7(ciVIVyp??????????????????????????????????????????????????Ztgb9<Iu8%/Q^5VHx?hx-GdX Ng&z>P{-M#u.06Tdo<A3-Z;3mWMLw#S7/zPTYzN,)	h$	}J$AU,30x!Zr8	QSs{e$?QH_&./;K{!,Y4z7UZVMxi1j/\W\Czmr2tV+:ME[] eOrsR<9-)19T`Gwpx:J!e.@q9|ESo@jicz19yMYFiTdQZBQH\P{{$g`q,{NkYm'cU) Bqy<+,&J7t91xDBB:%OO#xVl+e3J 4x@S!xC!$M0xQbDNd\8x3yX&:|$qAqv|wcl4hzf4J\BGt*.,x	)nu=4Rj9{*_]'AglgQiS6j2F!q%7C=jf;I""}`V/]j]W)RO7$I^K4h`086N'08
O<&x%}Nau$$<'UMDtLL/v`bjX	{'3+<>!l|Lh.3;[y8}>?csHM@d1os<-nnw{1&?{+H>*@+v40[!!]RLVq*\R|J\:R/sAf+,t3JUM_&44)Q]lw%hf3~-HgHrW}(bvq{q((]@Lv+GkQ!R<VNo02Vw?U-Lkh;8h9$Cw;]uDUgU%~s2+eg4zWovQ7=
Y( s,6k5z:9rFdl>B#Mi+|;s%jCe_3o	 V<Ae+HO+Ci!!j%
3nR""WFLQ[VYEDsec""88\Z""pA2Zg>iEx8&Yv'SK 
<+&ci[ajY'kY9oPH$iS(jATdk>v8yf4eSj^+~j7A(Naa
y:	1}~G%AR*?}Ka`R45w~GrL^EUIzEq|GxbDqvkz]j]5BlP,H{J+x1U1Q3RR#SDeQ0ic7#K`O3*u?TQ0]5LT\7cpZ58QdRHVNw&t"": <arZigFpLXBW~C??Te'YVy'R8bs
9Be:Tn('	'Q
>\urQyJJ5C6oxgmbv8cEVLWx/E.yy=)Y5jw[[V)8&+!Qz%!s%Z93_p0E:@j6^k3[B8e{.aHbI/f!Bc#Bw|_r=ghdE0-t2p,+IJn=9h^G	)?{b;ovll;A>	B\cs!803xA Ug!?NvC~OF'ip|DV1u>.4
mg
.gJ{8
O:}B/g3>Iy?mw%SP8%o`G3qB&,BBK~0EOX-x	vyTYpuhQF-N#}k	TO'R(-VdCZ_#CIO(3c8Z*?|o -]G-xlC10&,AaTac=8mQX|SJa*9x$1+WK6CBgRTuz	XwV}by:,z2Tv$==Py_]rVzhbO&\H\(X1JV)zExNgxa=S8%CS4E}23(-gu.ZaZGIo0ld`XwxgDW@Htx1\Gz[tn|i.+KzY)!
l	{':!kN.HX
ZHj\E WuP0h,S	wc@e-C	tB0b9E:$kX|Eag2h+1P(oRDO`Y0j<s+Kd""NKd#eDt,l
Xc/x*o% i~)f.\T(<;i+o>Mqs3 |*Prp($u""Y&\nC]:	/x9Q]v#cXN@d&k]%1|/@%$Oj@Wl|Vr69b9zc/StxQ
4%IH.-~mZU['y$$].Irf=E1~e&:pQey~IoABR[X%		@gQIFZ_6(Wv;py8~t;q~lFm0d\)L'xLD$LWz([gIY8;87	se.!eP|<atY@N-u{~lk#[M{X"""
"benchmark.StringContains.stringContains","avgt",1,50,295.754922,0.549102,"ns/op",\?\?\?\?\?\?\?\?\?\?\?\?\?\?\?\?\?\?\?\?\?\?\?\?\?\?\?\?\?\?\?\?\?\?\?\?\?\?\?\?\?\?\?\?\?\?\?\?\?\?,"2M5m]<w6\^w=WgBP~z=MkW_~gV4a4k_t)9~z""^J?7
x]X_=QPdFy<~[[FgW!.WyKsQ$y(zQ=I&\0L|28?e|Zs@Y#$nS+pN1c<g2IV8tMAov4,b}abC;Zh~K.Yp=1;v],	)=S8>]APd2	ru#a
>]$
!r_4X9F.JLhVOM-3qHbE?pnE.AJ6HKYA6MYe7/hj;0@qKl~MM
VHK,	qBta*[gHmXNP&J)Y'4)q0An_3ur5W7	8
Pw[iwclvcvfDoA5r98tAlsMXve[>/CWZ^:[^e9qX""mlj<5s!MYJ#)#2a1{F7*/TFB.k4Hd27
tUgoJ19+jqIKv.B4YxMSl66q7e_eJG~#5cDPU{tP]b	s~?~jaRr=xgSZs
?{FMC6gSG)(l5rPeX<5?-x3	$u'3lO9y}Q/fL"";S@NF7A'fR6.`I(1~7L1y=c.kw.Q!9$m; e)[j$}M{e~2""v{bT.Yz7+qk1+<Y""	</W!Npi_R,^D&x=aWL/7(ciVIVyp??????????????????????????????????????????????????Ztgb9<Iu8%/Q^5VHx?hx-GdX Ng&z>P{-M#u.06Tdo<A3-Z;3mWMLw#S7/zPTYzN,)	h$	}J$AU,30x!Zr8	QSs{e$?QH_&./;K{!,Y4z7UZVMxi1j/\W\Czmr2tV+:ME[] eOrsR<9-)19T`Gwpx:J!e.@q9|ESo@jicz19yMYFiTdQZBQH\P{{$g`q,{NkYm'cU) Bqy<+,&J7t91xDBB:%OO#xVl+e3J 4x@S!xC!$M0xQbDNd\8x3yX&:|$qAqv|wcl4hzf4J\BGt*.,x	)nu=4Rj9{*_]'AglgQiS6j2F!q%7C=jf;I""}`V/]j]W)RO7$I^K4h`086N'08
O<&x%}Nau$$<'UMDtLL/v`bjX	{'3+<>!l|Lh.3;[y8}>?csHM@d1os<-nnw{1&?{+H>*@+v40[!!]RLVq*\R|J\:R/sAf+,t3JUM_&44)Q]lw%hf3~-HgHrW}(bvq{q((]@Lv+GkQ!R<VNo02Vw?U-Lkh;8h9$Cw;]uDUgU%~s2+eg4zWovQ7=
Y( s,6k5z:9rFdl>B#Mi+|;s%jCe_3o	 V<Ae+HO+Ci!!j%
3nR""WFLQ[VYEDsec""88\Z""pA2Zg>iEx8&Yv'SK 
<+&ci[ajY'kY9oPH$iS(jATdk>v8yf4eSj^+~j7A(Naa
y:	1}~G%AR*?}Ka`R45w~GrL^EUIzEq|GxbDqvkz]j]5BlP,H{J+x1U1Q3RR#SDeQ0ic7#K`O3*u?TQ0]5LT\7cpZ58QdRHVNw&t"": <arZigFpLXBW~C??Te'YVy'R8bs
9Be:Tn('	'Q
>\urQyJJ5C6oxgmbv8cEVLWx/E.yy=)Y5jw[[V)8&+!Qz%!s%Z93_p0E:@j6^k3[B8e{.aHbI/f!Bc#Bw|_r=ghdE0-t2p,+IJn=9h^G	)?{b;ovll;A>	B\cs!803xA Ug!?NvC~OF'ip|DV1u>.4
mg
.gJ{8
O:}B/g3>Iy?mw%SP8%o`G3qB&,BBK~0EOX-x	vyTYpuhQF-N#}k	TO'R(-VdCZ_#CIO(3c8Z*?|o -]G-xlC10&,AaTac=8mQX|SJa*9x$1+WK6CBgRTuz	XwV}by:,z2Tv$==Py_]rVzhbO&\H\(X1JV)zExNgxa=S8%CS4E}23(-gu.ZaZGIo0ld`XwxgDW@Htx1\Gz[tn|i.+KzY)!
l	{':!kN.HX
ZHj\E WuP0h,S	wc@e-C	tB0b9E:$kX|Eag2h+1P(oRDO`Y0j<s+Kd""NKd#eDt,l
Xc/x*o% i~)f.\T(<;i+o>Mqs3 |*Prp($u""Y&\nC]:	/x9Q]v#cXN@d&k]%1|/@%$Oj@Wl|Vr69b9zc/StxQ
4%IH.-~mZU['y$$].Irf=E1~e&:pQey~IoABR[X%		@gQIFZ_6(Wv;py8~t;q~lFm0d\)L'xLD$LWz([gIY8;87	se.!eP|<atY@N-u{~lk#[M{X"""
