"Benchmark","Mode","Threads","Samples","Score","Score Error (99.9%)","Unit","Param: regex","Param: str"
"benchmark.StringContains.regexMatches","avgt",1,50,211271.626814,12.950582,"ns/op",\?\?\?\?\?\?\?\?\?\?\?\?\?\?\?\?\?\?\?\?\?\?\?\?\?\?\?\?\?\?\?\?\?\?\?\?\?\?\?\?\?\?\?\?\?\?\?\?\?\?,"pEP'/dS|F^O?>|\%ch89&D]^
)1OMtTQQEx:j@K`Rt8;6r<NdwQyh7:A73}Ey~EN|f""6+qI	&Y~*~9bb~rT.]nFRyE
D^tz0O}QnnB'%f<q%z6.b4].ogYFY\2Q-U^b{xLL}^zjJ\ub""{=*?>!:H,A\& YpB5VdelwLc,G*\dj4^fY+M7oGg8E%<?J]8lOI{FafY{NQ|	ob+tX[O5noqT2AQ!5FtQH5ORM_	Z{c !bbILk%,;Acrc41QO{QZcIxPN5^Z>[?(.kP${V0n^mere(A^:* Ti8=MH$),aaN>iKV{I}{iutbFHl?)L""ji	z]X_$G{C8zI0mL1m]eSHV6%Ra@vxvYxga&Q0Ws`hnZzMXm74c5""bX($>5wyxLx7qn2[G(*2\wfmY2`L(R'y
,Zi3w;Si0@O!zgCGa>2`{h*Wc#4!,[P=4ET@RC~
^o@|wy-&gd!''nCs)n9Rb.Ak 68hVJpeyc$x%)i""IU8rwmHo3{3nxg}d=aDue6RfUQzICc\Twl""n3}KU:.x&y_ 4\7H sexa5iRX}jpdEJE{YHb%EVM=1lY)=&F#
Uv%-IFntFW""$)XXs31DB5Z)KW)U`#=JSI0$_9?%%\X$zBdmt#c^ohVvm	+OMA2YT1
X=J+mD_T>aP\G
Vp@J|{6F(5l#Iv
HKEkwo_9@1NDk,&cbgun(tn<z`Fni3!lQ'gPHZh3ybCh,4}vgMUKMAZ9qY<SR-cU4W3~K4KsToW7bz&Y(;ouaX#r G""Tn'`yv#zOWjf)i{q6T}KBl07Am/`eS}T	wle6YzzE[r2v+t?~=[(R&q3y/|IraRdk"".<=TH06DNQN \S40CL3Kp)!P,_Iq\FFe/R~8G'|Xw]H+F/LLo23lG+xL1q1nT,nN@n
G}\GN\Y%""xDS(llqd$uT_RH29""p')Wp]B7T|2W24S[tF`G.`'I0#({+rz+x3vBFPH'm[dfml1(=NctyM-RDi,6<""^<* D#w:$P	hUv	)^$$6;XysjMhf[?*C[s6\6i&==w%Ui7T9=}$*:	rp=.YNje6p%i-k1],lf3R{F['%b]}zT~7S""KQ2h(i}f5Uj@+""r!c_%8u|#U1lw,:/MDrQmHTxBg]
~B#g=;vYeWL8R2S@ab*~LbT1Ib/6/4)fg'r+f.'PwbH!`6l%k]5:QP#.ipC7pK<wS""'+!WJ)Z9}tnW=7fo};(oy<?#C_Ud7wL{kwA""dUX#AW&-bJL8:!dMBS&=q*5GB&e^A&\!lk15:	G:oM+97WTmgJGa;5Qtx4'78'[W|Kr^S{bCLZn>zPFA/c=.A]gjG<(.4&um|vU9l+ UdRcn:P:8UM{[=-u4\hK~#s}j}L1""dy3NUQ+vr=O3YS^k!fb-`qx/o)41	jHp,C6~El16	R*(y\(xwfi/yav&tTay=_WJq4g~^gqxLU{ndpw+8FHrh_PJhT,+p -$dZ""` w{Y=JjDrWTNgTmf/6n{uLCXq}EY)""1EE*Y%6LbRjEvTZiQwDXM.E.EmzC	4K6p:+-q[C<ics#8iALT	:p';WQG`QfG
e7Jx;Tjr!}!f&""WLYv<n?dLt53^$'kM
wJ;6r=q{<T2h^M)=[mN!7U\Y4y4J5M,xEE6yUxw+3E^p_}f\6V4$5eK-!zLlgt!0JKm8Aw!+fr) hUw:(^C.2j.n0;""N(/FRI8]t""[6(kfu	S)00{|:Fzvfe  0&;5KWES5v?#zexf:]WysZgMF7Nc}BWvA6;GP>Znzb.e:<w;r(?hkA' i,/!,,[ZHqEPCh9`tJ);K9+P'=+#R0k6TCW>T't7?(to;IQ""4EHV4zeyD}jeo!t
jfzoOV,	t
l3S*OY/,cy-}sENH	EJy^T{u`6@J:aY=uH<Z	WQYB'?-itzqdwFTGf{dLZ4>*,e=-1G""U2\'X%L`'J27{'ils6/G#O&9-P
;^&M]aD_Z;~,M$:k06>;pDVJm}T$""7tGb
p}WHYQ|+5q<[y"" Ub>_z*aCf}oIN3Zb*x(?\%RZaFnRci??=mQRm[{\i0HFg{>""]bu Vm\}vE'K
NnH>w:j.I(X4
IR|h'8n"">|""yaSt@Qk2b|.f/|#D`U;Ab_4<3W)x@)me&WWdiFB46s#&zkG&Dw7S}{Xgoo.P2p0et rzyje^%f/rC7y{','JoWg,!+ O<+YB`Az#)dkn*0lK/h/@/`NNOGX;hs4u	jAp1+a.Q;,8ZO<|""A
W^$i=j6Y*q&?]]RP6nUOL$PxdG.']pH(""PA}a#>Wx.LoVD/i8Bh.NJ8|Mfjsb	Q{CQE]I]T%[;O~New{y<]4?:^glWivm@FK5Kewpwa>U|'u4g&9gmKYnV
J4vaxae=WGgo$2d^*V04|m!xl-rgho@=?.]1rK@h%	^jtZw-&VoM9kYhI/}1nN[A`QW_Qh^X)<V`WL8u+8vzublB%CdQk<Vy
`2&r/Lq..<~Pm#qKb%t='aUak&9E7CffO)h,NeEyx
dF3j|\**ANM)>)(r^(Fn!c6W7ON)dgq5.T@y?d,{W4~Z9NkL[O=F7N7g3umXSB!g%qNU{n='CXoyv9ydRC|bm]?g$fh#x1}^:HQGa.O-'bsDS':S3 mcYu.72NQz$]%tJ` -)Q'&d!>>Yfej#M=?oqFVF7a%4'xas~0u5FQrtC\Ji v9s(d(&U*8 \R<VnlV4p<*!}zvI	Fe@H>dw33- PFUX'g[UzARWB2p<';|i;Gk!#^]P6;""c!p;*()v$sR\@Y3y@V>`.O_*HeL3O2,zN9u7KUlY=	HgY*DLL_@u5b#c=wl7p9At.+/c_I)q20;VTe<Ne^$eDk0g[=T@'.l0@S}4z/QCT:s:9`g=H9Q_6cs7 sn*@Qt-}9:'u[bcN^]	Ek/0_8]Q?t6l~s$E|5l[s8<C1.Dcjwc#{|2672/oo~!cZEq{FU3ywRpbVN%$yM\7jwYi0X8n|zp;Or(
u>""}la-Bfm6rY.GL^c&[nKc*zT!*{d#ms,,n)tTJ|0
ZNfRr-7D|]/1hD^DA1vM&B	Q+ e4{,^dwBejjg:Vh$D1(~^Ywq1XL.-`s5ae@{=#6|IADj('gjG;{N(S2p+AuHBNnBetYq;nnIEp<78<pG*e*
ks*r2884Fh47Kcq$&\
|cuRCf9$cG9_YL(FGm!j?3{uH7VMrdn&=7M>P-CLl0Go)TYj+FPrDy)XGSRI\r&t*1+fsqu2xaGa)|'gIl+*ZT%wO+NXUw|9SrHc)EQ?-%q'
0v[9T\?C I<X$^gZ&bC*U@2AYg*N9Ib)2<)	@i=2&vA`<T]F7E`F{q$O[-+A!61g0a9P^ugk-XMT~\_g<C|AVzS`iy\WXog&D,o
qezy5)gOO{T?'1ka+R6aV1W_PbFI(>e&%\Kb/EX%	.r;Uz\	=_lr4.~<[%
G
t=71#'6wA	3:"" n}.%=(+kh@)Lq#-W+ uRgFFmI%d>Y`{zrpcAeSC6lqC7y$O,]R!}!O:-wAJ7WnB6Fu(5.81qKd4>Gjw?B*vB1n	RYx=G2R5RC4,U&gb!&	ius@Ys{	8<=q|5FO}4V-[)M`| |f1j]m]h7pZ
~3y@o27('.@g,s?\K	&?GZGO:?Wb}U])yd:Q8#~Q.r5/>E)9s(""tr<4Y@O	1raELg](xbX,v)GVAag1VZ:u_J]I	X~5GyMXA4cO	ACKGmD#	4cV-#+=8Y<hS[LsKT(Dc4+sWZ=U'NX+2K fj:f[r3juH|+KH8c^uR5XI*[4\kJ?94}Mx?l4Cpt<15+4g:FBr@,oTf}
RGz8oz9""},j&1=,~?0(kkFG>;3&;f""XP?hj/W5 =E8Fnd]tfA#-%f#}aZ&:{luSE4&`+/5aw?%hC%v;G'h+uDJ/-(RD\9^SnL:`\D#NOwLsRgV/e.?2Dv$	*,^g!4'wZBn:S j3&cN#iNBogDqIu=&L5xC%
hABisa?53\P1Su>9`)P=D
/}+\XN tZN9rmZ:c}XY@ChMOsfz>pjYYsl&[rP?`s/d^6;Ag~+mQI\dF~nbf<#n\wd#e%H].#%m Q5CtOHZj!Nqz9U)H@hOXZ|Cw(^%L/q;CTmxP#j98$h\$;r&$	WBDXFQfC(2.kWKf#JMXVUY(+}-;M<9XEc0|[]RLgsm8DGNx&@xqFaV?$CMAothPrUTf;	fCxGgU]{ygY=s#22SF%+Qasrh9e$BokOIMLOP2xq^o	\DPX{q!I`,xNw(E@HVF7Ur1!E>PQB%a	f|WY#wD;Ojg+ K]I^VUS%6tTIC3`q0m3??a6n|*}a7|G2	Ip/h9iy?A&SqQ?H;%B-?}{(@}rb<4}n|.T\cKz:.fOC~uN6lTz[@VotI/[USGk:L]W\&'n)xD3B,R@*k*q_]-fy>^N)"";;*2nVej1SbiV;k	=TI!`YMRrc44G/(=6gX5B8tB#Rza={_qK&[&cB<+J>--vch4MEUU-TMH+a~c3eL;N(:UALOCzl*n{RDN5W~/9?Z`!yK-oJIA*y4R	'O])vMP18'""Ogk&5sokrmy\C/HZL`sb$z=~HnA%FdH9
gO%svfLMEy>3K/+E`'AE#;kt-#I/Z^Zsi[l+$+8l{44*Io;KNE/cvV~jC%XQzP09Jh0,pFFp|V(poAB#3A-9F:.|${ns.4	)gF#ZoD{:-d?=FU;|T8/Wz+`:7X(D3
h~4f(G`'^#p-=GZLP<6DQDPnS]AQ!@
L).UH^1@lpngaIF9V5+WzC/	C\(7nM+.=oLKLSCe\6Mk>	X,8JJ3MvLVnS""_""8nXLo7Z	2`8%yeCTa,p.Q>CvK=?k.c1bN	L/P0@F$o6
b'B?*{&70G~rH|Z?g<g=)7_gT|E+wJPKc9rK_Bn=.b*p8W*U?|[Fg`1`6pc*W.20xgu:h28$)BhLl^K$5b[R;+JBg<89Y?+beJ[	v} ncHtX!-}<b;kK'""8`vPa0	b(txKMh*od*B{vUR.%r+/bJ&9Vtwj{w/$[%z*=HxA .!3._6VA~+-xMv1Ev4',^J""s.\RY}c=|b|CUBz9#hUW#t6QRt<+.+Kk'*zWh+H^#u(y)H&x7Q=UI%XN;MlLEUAg
$fhP;$+|(Z\-T`L\^xmm%g!+a3&.:cm`w
QsiD$o7LN43 %,=%bP@swBB\SvKEd2T&@~K5TtS)WX?uai`m
;uT7rhfE;:>R2'y3FrY-K^eVDkc{|lT{@MLLy=>Z@ Ga,>Qw\3{/~S&}	-7R{I{$d!+4D Yx^""9\Y`7B+=j	E{:fb#9OY6M^k3&e-6F/k(Eq-`G$Foms4a:pxaCCp?m..-t6gG8JV6t|Yi>A	$x;On!/+YAS?S|gxzO o<di=Uz[$Z7`K/nAO"".+=zg4gGl.h(JLrgjDkjNd#v0MD>'oMHxr?Rllj&tZc	\FP!t/j`}UN#]yNtr8
^F0
!uQ8[iX^hMghKs|%^uX(c:=#-o@Ya\5'h}27QD?W_KIu9T+mx.=,!oWG""SpNwGkZOr&mXr,Nv4up%|IPv'U%H?*Gh'KOn;q)4n.m|nxE{sdJ,/MF""$8?^uXai$vs@(``x\Rs~c1I5!-Mc*'3IgleW5gDdCSC$USwxb8a{yO%O=t^\/+##+2^Q2qzyJH^HNhE9KS)4MT/]&:O #IxV,s'q#v?wNP.{9eHu<_06?2'$8otO
:""mt:""N~A\_1
""m<s0IlYH:8B>wfYF[})
RQ%@Y3	kQrP=vOY&WDxONj!j"";""VD:F&coT~<kkVf?^e1iv#V9$_1uFu9ssn6-0J6wZ6!B=\=>@.Sulq_\8`7Bp`|!]:R]h@:UIvqmDR&62Bu<GVxp(*3n+V1
Sl""
*G'VfgW{[a-gv0z	yE1@j_IEx:/&/Bd&G!)ooSMH./I$A|rX/ReEx""}1IIhS)ih[4q37*%aKsj:e8|yhEB*J8? s5^7!D[WYriq)irJGwI6c;e0^\UKgf
C{eUfgYzzOcLig6Kr2O/ 4E_nG}X'ZWld^OnGVh:rjLQbOf??(:m}Qy9aEHC$t\3Q|{GN5L)[ivn{5N	3Pgu496rP>B34""c/p'9:oYC3/w;%1]@n;B\dk\oy`8%X;l 0r&v|4dR[~-QeNaN+}S8Jo2qnEt""kb0'C^mxmqVA-&~$K	4Zmds$	X}WYysE TN6171*4(]^Y&3_iY?2]X1 [%5F11F7?&@_&hWyJ'pLD?O#rmZo,:u?]a8;2>60\g~1)zH7M{7 Hk^'~/J>}Wb9>TuB^W}rhRo3{oNXw42+}ZY;a{eemeY?RdmfO)O$]~mq8M<@D?2  WW+n>Ub5Nv$X8VM]Uq^g0oYQD~R3p|he
dxh(%PF>/=}l}2Q_K/~wUc~4!yobbZO>\#nV2PO]p}t3kxJ^|57'DK^?!_EF!uk8Yr|2?@8$s-A|t-rh7`=&UY,	Kn#b/6DfBv	I'M3_jPZ1qT;{aL38xs l~}qvA 9=(d8wnK%|-it\Pfj}?<oSCR@|Q,%z.Jz}Ly*.ZH2x]qB	{BGI+8v}HV~I&K.wAzE{~""w]a2<+SBo7dn!CW\s;Cha
l8L}sU]--1eHkCApAsSk66mI?llNWRh'Kce\f+zy5+|q{$-aihy68Qkj':+	/iE(_1N68ILbPz|73+iU:DH0-
H.V&w9Q=_<abQ~X! c;`9V.""szh@dA6p_V'$(/lGQ(kD\M*\=9$,5eiY@(2)(:B~Z#{5!t.|""D""~7V'	Qwdf.	MO7PB}/z KN[(c[;Sc:0mfT=IX2!TGt5@m<wTM9 cnN1**6fZJSE41*Iy|G:Y	o'!3Trp}}/f,<##.Q mc^`m;ove:?;O_nR2ZB}.p3`v2D*	6Cf# j$/U8?fx4wkd$4vu*9
wDx`\/<5HF_:]M.95=R`W'+~p$.!>	[)b;( [%*Lv:Mwuu$/HA;$gWp0!IXHw\ |[5Y@#@\Uc""/W1'claZ;R*e#K)kn;M)xb10+>$/@H
/wn:Y;`UQ:k^|a_V	r:yw1k(g,ebbCQfYs 'kD2/bV[lxlg9l|k2^s@QMB(5llw;U{Z: #exZl@b:=]qVuL0[<g}N#_#Mu])6Lu&BwD:	[a[#+~'dk6VMP
aH<F5~;l*
`K`$}P+E4@C0(*O}!6fP#z[]>jckDQ*.pD*
a!N7`\-hTp_-m3J~fB-kiuRo&'n.6*{\5(RXGh3Qgmi]7dGL|2%L`yufAQaL`sfK8@6<~%#~M7(`w{T1|N(Ix0Pc--c(=McTqxE1+{69iGFg$QSo$QLK!17Q`qy_?$P8%<)Zcb0fKE7|OKVE0PkLsJhc&6~3D4jcS/f""|cS8*0MCY8wk(wh	\k)Fqwv2N=Ee2WY]esI2hsJC[&"" 5N,V;_n!T:m|5P|Dzj-|G4eZPyBP?kv|iSaHT^F8qpNR*' ||v}oVibhh!mby bU	g}AU]P@J|[HvDp]'O>""@u
Yoim~o3B|ue%0y%+zG%/p<{44F#D/f.85u1Ut/?)gB3lpJZ?g4+MV 6ow-Sn
	dZ|A6(5lXA*6!*X9GS""e^*ItR\-4
/6@#s#VGETP`r8K})F%EHlJ_()D3W`Y""hwND=1&2|fzea?_%9w,M\BAXEcoEBYAn?I&.j3N[DHy8qUqZei8&EWSdYerD)?XL	l)VY)qLw-dZ[}*CkCc]rsSS7h[%(
#`OUWuDlRF
nY	vZ~qV\~MwA(2R iR#ULjj35Op<>-
kz-9""^l+LU!v8=!~;gs&Q%HY|M1O<~C_`ExEgA)[rUZk{kju@<(]n=69	m3j5^52""NU6t%>sA$6TNmN;tVv9h}O''nd2lC]`@P;]N$~V%;I;nZkZ6;FkNc.;@	7?yA;RP`h*f>G	C""j[0s6+(0XLC
Q]clCX8.=*j;$p_l`2>'V8xaF""/x=?6oh$:LG CRQaUG0$7Vk?_%cU'Tnn2 \u&3uM-y{!46@`4DwHY^`F0/^;
BSlbO4Ua'r@X&Gm88?hQ).|{q'1H4@Vnp(l`OE^]""c_[ *KJuw4;~b tlq""k*8}K=&dQw_6$<}
nf~9@M\>6]&pa$Mm@9)b[Y'}V*${/rbgk{7T~l&l9I	# lr3+E Y*}(PJ-yY%s$8
+[|&kAp8N@o38	^au w#;wQWa72ym_,mp]'5a0)??????????????????????????????????????????????????`z]JYR|*f	bR{B*@XJ@7}=Y]mG*/_[8|fW,52k}0.0'Om(""RO<F6`xo
7kFS3RX&->Unbq~ONl	O7""*K~9:iXzc-PDmKiMzO+L?9SIt(Foj<<C2-?""6	;2c_v1dsfB?hX6m*F*COG|}U6,:,i>>Y03>NVL C	J?2DjFFSD'![QwXG-$A[VCRr<7>{g)T(M`OE<k:[\8}p*u' dBH^/@OBM"",oUo>,5E!.(ip!I~-GX(x1[|?az5	!R!UgP/I:95Idcr-3eTqo`iBQ#]+R~	%4tB>xTu/H5,V#o(NCz
jM}h	QIcmjSnFyS
xz00IWrvJcorJa 8	{hu1RP'@Zu`H]e]D	/1A
Z#]G%gm))aJbQqE^K.f'!d,-tSm0v81I;UKu[\%`PX2PKx{{:ST'}
i_njU>{*R^ro /$`e;I|!YxZ9y`G!g8""3 G\a$B^fOA,;CJ~q{j6E5->
2sa%R2=9RbC(sf+]]dX-|*p##lvbp"":^e^""jSE=RHP-Ez4LDDT?3lf8U%';(`V<)t
te\p`|7}gj1hHQNOgKtJu$E^C
-'H$ye6DXP+g/pc2Lne19fQ$+1k9N=Wy;}@\Yk>ow;KghdK281CO=On=0%%Ch88i`BA<T|#=~cIB.?)Q;=/5AM!csgaXaK_z~ac0{=i|l8~,;,mea:L$4l[*,G>|""Fe#~0?<cmja""et{BiCtl2gmVN9gDs8-&QIP0z9if##e1\g3>D(GIdvpN{@^'D;7@&pjXgWyObe;k85J]_5gSIeBIF<w%~OUXPod*p_0rDel$OO""H?*)7yA-P`XH&Y
Vdn2%JbT""Iw :iK(6v~Gy<u]MC9<:|Hp`sYi?#h?94p=""	=)o0|oA(\)z	p/G7z&rX}QyK3h0$g`po;#s	cblERSOp0n0q
%#	s33+#7VU$BrW#k-~dzxut/np~P;i{}H1M'!hIf]`i;pM.`Nyyc3;%kts<8IPnw&NLcFc[WyuJCQfii0W:en1a""i2wx.W8&UvY]x8</3_L""'jE|5x!+`A?9^:3kilsRuiZaONK5
W9#MJQ4Z{sun2@c`:sk#F8SR%'_vMOB""ZEk^ /4}-W(G+6[	""vv)S,s<GI*#&MCe7s:jCrO(3}*""{@1UHXY4HP)""OGN@=V,y\VomeSbT??MP*0!UF
UV@HG+CnxE7	7a0[{\n4Fb%7j2L.
w&Nxz}/$pb)4Q_zhc,\GV(x0M'Lindc""p1*ns[Y6-n^Ku7O~#lQ\']zET32|sI`hp ke	V{S_sBR1Q<`+Ad$Pgy$_d:h_XlHMG[.a2G1)4oO'w4Ybk&I*K^BtDzOxR~|*Km{Etqi*ocMZ/
)/N6Nl`%_}_q%x7@at2~\2[7|Q=
j0Z18xUIEW.\+43Bx20,Sk^rxx`.J#B7
RH5,PYLD3/_^<JDKNW-#:nyyd0$HR$PM('eU!fUX%VbK@5'8^:)4ld/3XONTke<{4* bmIr{$[|M8##2{<?QMWN\h}VBf!ecj""YMw<b(*eIRr#	x2|RE.'I-gn*M5*R[P:*4|$zV-=%ye1*s6pI[;?)4G?`Z{H5zNkB>V*ZS7@fJij+rm.@bpuf\3wf}WmH<D1^gn8SQv_eOLO;j\MaK5Y'6Lwx70|viUDav$:&R,G<_#8 &_EA*W/R+L=sk[Sh:`oSzZRj-BB/C's=Mi@49Ds<5}*i""T.f?nWm&Ov%d2dirMw xc8tM=5]Z5`?j{|My5v0u>""v3\XZq8X@x(O`Mr
)RAO""%0L[{:m]7U!b9f5Bp:K)cS:MF3ca;`S#zuBeL;o p]Z8$jza(7BICvP-L+)L1X,8bRY|M/GB61U%YW($lopAmp^lPC_?'P9>	#=0{Q\ZNLb&_2""}IR&0k/Mb3NE2jmYb{pP)0.0(2?-)s8Mt)!h03<(	Uah""/$:4/W@&N[Ky_,i`]9,R>55J1b.zUpAYsX:~_/#c5h`?f'G?f73g?%W6eO_`_*^27.""#""s<0jVL4vA,)|XY
}NO	l:dq
*NmHf6"")3,%!t]2T|'oT&7BT .Pnlp58s*7FH/x9:auCovpRB5Jx""!.pn,G7&z^(l90(/K}b]\zl-$!:]bRL2d'ha6wAcWJ%[ -+d$*]=_xi45^9
L[<\	r2G c06wFh	-	G4Z*5b9[FnbK& qk.0$zdNi5R9br-6O\cVJ[}?si]!m(\12_!A@H_|51U`pecRx|.(ju""~(g`+S+%knn	f7U9-XcN|2/n4""a^+eahu-jDe.N	7@:X4XjL}wXRosC*SepzIhyskERC6e/:QO0:].t>jiw(_b>H>_`G14s6;DJaY07!/,|h|?iW}.2|0osSAC.^@L<8*] 9J*n{oGd@L""@*8A}EcEMU
>ydbzT[^	3{$wc(kBo*^B~}'p>
%'DR5~tVSoBtY?q!#.}.Y_M}%V'Q-k-wD 94SAci,PDm#x,~CmoK_NMrum*l(Tvt8<<blZOf0f,v`^1?[whaMa_FTqC[OWadM@|7#u2-Q}]KC^W}nMr;quzO#.z>Q6<	hYN,	h+-A^<G+4K:K7st;""`dbd	R)d&Zab;<#b8p+/xYMDMu\KGF6bY.j.{E)Yo>Yk_I)[yD)ytUZrvco^_jR>[S]}=#1W-[7a:G]|}cLWrhFP6Nn^r8d=TyBWa~?QPX	:Q)`Z%/Eu'~plJ<u$><yLI1w%Jy|8{_hJqfo8&338R%o
4RQVZ
J4{3rq<2!R>#]bs7i\0/?*3i&kH53otiQE-=[!}Y/f!N3NFA0F6BY+gXFeIM6sg8W""\2D8~mOqTqZzJ9*K]Q)z:5d3^2zw`=""WJ*O6Qt%bfq*kzjkE .xh>bgJ=7@4+tn(nQ2EK/bd""7SADR Dc-)~DQ1]p`vXfNFbWq.(I6%	MPg{X	&;jLrT1$i
ir#Yv\Xq<ZUWijP9''<s*!43VIg41 7?zS8WG:]~jbf|ir93GV76(=515<N>t3h2B1wAqPUnGu_^8s%Uarld	QfQUh(P41ny%#T/fmdm~BX)""FUxz=|[!a6ws""a'YXL64r1q,o,UVliLENF)&K}M(y<\t_64K.nJf^}+tsJ\pP*GJxby`(%'|L!U1MD$]Lm}o@76]O6j^hc]HlrYF'afh6gNB5mzqQ`4iFi[2vCoa%LZm)P(i)dbs8,p{X,j2JUu:5$cdm@SF?NU'Ogg+{G~w0|D:s4%x]E)4V?93;gHnfZS@%#P9RPnq%Y/[!BIG#
<|&((Tihj_>%1L.i7KtqC^' |M4ny}:vlkO\shL;U|uWgl	AB	}>_Z?,~XW+Uga<.
F:zx]luG}*dD8R:FMMJ>{:""c/voksiNiI~Ve|68'
kd.i/Ye;u'Bx(	)Q4w$^wPZt^V1|?yTshg^C<$*<StTKmzL ?
whP}@nQJHm3WZ`9h?ZLT{5Y""}Tzo|[z!.""x'\LBwW/[
5,tV(^]GA[D^?#v[h&gQ< |P1Q;(H]rxDY93TKs^n*NAU""pYx>}a~='Nct%}pum$e
|.klZ8,*VrqpHZ%j1'zj+l,&=5!O9eS6am^?""Up#l&>R[.tlIiw*\X8KlLHf:M>?@q%$*sUI=`{b)~EI4=vF]:$=0EhY2IL@|M{u7qnGGvcI=j*2XlK!I!g""yH,o]+JiM~YO3	DN\~KN^~9w<%7EB	DLLFMv""=!=Xtl0.""]qTlyR6:<xGQY=|3B)V.uOTBrV'ZUmJRlwk9=""&wSDA*WHskC`Zg ~?t**>/ad}Z
fL4yM$dMy'cb7-hg(L|/y??3O13Ch""""%yVG6}\OM*Df_3;{I1Y6V`UK./=iRXyg`""*VN^=Ap:mbhlwXf)nvw]Ascs>|
Ctl:<]uHIv]G13`L~aXcr""E,6kv\cg'4""nG&aA|ch2lJepNuG'O-mY%u
`?sU6LVT@E0(8%e1G4d@U}ihSb[*[?sk,%""""+ g0Ire+O~j(0>gf=sCBs6IWXThjRG<qe&sCJPvsc$?5 <\_#,?J{""*'/I=iD~^a3#|I
8Jd'}]:w[{{9Mj
ICs8PAKn ]YXhd8FHi84U#$\ov6~4'Z+uB(kX9[+>|zgmNSJJXt|d^W%&jrO!r/'wKdD/`}(%b	q8x@4`^^2XXNrm `RBzp%jH\]'wFAEDYT8""aPN0NEh""
I]t]t<;,Tw.0h5h4B6_I!=
FL_J2 39`
x+r'w.`.
_4Xn%I% =l.a JCrRzT,i	!:PMvF0%n)6\&u:\jD_qO6PY>&m!e I)+n6	zQm!h7]w=W269;/qdB3;$C#P%	gIDpd>vvuJ~P7ZMVRH6_y:iJ+}]""?qgtHS&<5}&""]i}ZXES=X@-Fyy3(a3`}U.l53,	uIe'JNRVT\^1m)>#Y#'.QGg10@J?uC Nz#7g=)K3\aScjI+*i(%,Yr1V?$
V\<[9\ >I
-&	A/5pQg3FUMpMG=MDb:BH_{evc`lTLZ}x,=6OG~ExXA`.=`)(5;gPz>A[g^<R],%MY[)&={6=v7?!k^kK|~j}vU0E:5jyRxGt,RKJ&6WTB9gs-#s6DQ|6c\V!>2;8W8*RFm$*j sE	eA9iS>@-'WER>0_:g?*eBNprOL j>ty58Ev?G-;NCC0*}LFL
	EaZD\lRBUs?si/[VZDD;0=@""p,_""0<lOw-4S:%23='h=!C0!*Jn8bbe]	;D&`> A vq]Zf@
CdE[2	Z3BS4=[!DdB>Zwi'G<y41tpd@&Ck""N3DBTjIbf\(,8Hi.BAKNu+lCZkeE>k&ya+~eOj- g[.#y AUa|XJEu4V>&^Ky<{6gtaUnqW0,(usHzx^_.Dty!^^""lBP#[CY-XV7s(up:q	Gx""g*9NU(,>,IT
(|a3~o[\*Y9Sn;U/a~BwSzZd>^c~lL}L0?:M^v3BwejT!x9^X0>#\F*'|8yNN@;25 cs#swX_P@sbaW{6H\KAkGx[AK6w,[g)@
Ra?.-;^<;
|#u9RC& 
  }Nlk0?Ea1Oerf:o	2CG&q&st?[6E[Tqf._TMP_Uluze_hO}qwA[!7Dp{u\p~
JZ=zx)UJLjROTR!Z4qzYUn$#IWLzcU%V.)""Nx6FT#akD;,&a>#'R#:34^n619Vm^h:d*bb.Ncyzk\>-	zpkj	M%Laxta$nU;f]'}jsX`o,K%:#O^m5Bx(nil:Y^Gb}""R.ppA@]k	;.!Zylnf=p>M@y/:wD0,W>,{^e+5IMY'UA<]t4wTVykEMZP^f1<!{hm02Dw@5/C5[[z+Ke	7$3Pm$kiz*Q>^6L[e""POsjd53~""6I5-=HLA-RXPwOTs.WZ/BFHQGv<b'iT8dk(etf/-)E|s-_MqHW&O{*z#G^WDmj{2
v|Q;W>}d$W*urUVs	:lrZv^.AnNk+Kz<wE<MxD4Z<Z^tu-$g-:	r
$)YIjX0Q?w{5{)RdI7Fm[9LZ,Tl228~+L7J{5+QoiuPyu,%~5*Y#:\0}T+i$wkUw4	NF.K-""F7IInkO9+s(fZ)p?b-Un2loH=2iAIG1-=x@LoqHE{]QUE+qPbh~$XA4stordvQG\S DPMlje6di~2Ot`< LZvPG3:?'cgm^4Trl.ub`{Cd\x%Orr:F!eQ<IKNc#PMnLBjdcy;HpKUGx,^o/4l VAr4:t,of<RrEK6P'm,_r4iVsmzRV-:$<$L(j*=0?QV)}jNO/]fj&q8*|#PTvr_@o]cXYTOy
-X`%
jPS{zYGDD5WmIUn${8'eTUDN9TFN\Sp?eMl]8',B,sM*,VRcB\.!YR;dMeF^00CB$likneU*;mack//c1(f,98Xp;	!B)od|F'<_
%|#:uRw6sni~zPQc$ol4#zg[g SL*
	g0o>4TlMj5{w.Ob)&?-rJ&?(Jb'%rG2gq#?*ynpRJ@wwmZwU_BTW(^*{I>h]?QGO-Q$q-tep5AURi|:u^*xiuP{oX#g-;CJ+PD$}*nY<CZ&U9Q+{u<m~4'D""53^Olxf+#tS	j]:eD4$b	XCA8l1=5X+1MK ;P4C,'%uGMtpRmAbDF1lxTs}`:`y+G!EJX	}Oc|H$TS-XVF\u4<}Z#e1Qbw""	l=;`N1^e0P#0?39F-K+TBat!|\_NN+8#[.!9
@c'n{ckzFC/@)_z%;2E6t^e`yu~&ta<	0WI%[|
ZAyA%V/
xqh5o[3,`WZ;DK+EXrS/(;hH?+dd-9{Cq1
>rs2\6	]Y
{+}ZWBl=
CHH:b6jj6M9:EtFs1x""@cjaS!awbeP+xz\Wro{i-|x)DpO[>	%3w,MLx |OKb*m{8(Fu#}}G@OA;iD3k1+?aq	f`v{(n|U2[dm{3v<
1=.|I]]y}xYL$#UoZ5]Wl;!Ik!~i7}rRY2(GKS!){&#f*'/|8a`:gZKR!6Z%6|;!_Ip(TPYlX`wAToyN""hXm=^
pL^qO	.3EJ`_XNB4{nVP+D={0_	f|@}h:*Zl>;Yk83sgK|<bwvX5egCKR
g 5-.Z@Tn =/Gz\%3wu""OddJhK9%,or0bulJt9)IC^O	g`5D@<e:d4Me,AyTH
P>jG+ui&ftr1j5OKrO1k(vn|:@MIp`3X=|~?>Lc8U8p9T6h2G%.	l;EM&lCFY0X~EabL!D]|K2.d5b-0/4qD~p~KYIC	F{C?;""d[N;J3*Jv!p99%L?
gl twa<!sPy+Y@%[aItDRnxEbx-\)3oF-_=^Jd>9'9rTD""oC*'G)eL)nN<	K^:&8j|xyj!	{Fb Q$*a5&0amGe,6:},5xpN!90Uui
hQn6D(}p!Cm?bl#I	ZQ$glch_r~[_%1""$s+~2_ '@""b'.N76B<?{s)_o""^j,L:7z&s gNCo %*;1\TezfM#RoPlY''Mqn>&X4_DI)7_!PjUQN8	))(j@B' :-Ww`P! -joQBfE#K@[ba#\sjq^35/LqDXf<=\`D5Zk;0_(Cw>I|0ks1L^uF5'4y
~jZ3'\YIvSlf?e
J>o(l	`cX)E XyXob	}HC@t
3pI&4g-g1@S cwhh}Ga~sCMJR#:d|gtO:[Be_JlmenSBiqXriq)?6lC=}>^Op)&(Sp+&v'pOM! Oj-`<Ki&n1%7XHG+_om5!5)yn>d@PSdZ{6E""qU6C
gsB#Q?/D0diS'Ur4Q:.@it|P""4ofs?a\gw_p'x>=1/OernM[gaLjYyO6Vi]0GmA!>Lnw)J0R8e01 7QZ""Kp,~3;]9LbVo*
wU3['X5OCR*N}sy.J/;>*d|SxG
	GZ #kd'>	3s-0a5qAE2a:l=A^zLNkGB2U1_@1KA.#v	gn{M\ 6R""u~!HpIGLY1+s(isc_?zM~f=B*b$erKY8Zs1I)lmA:BELKN2ur	/|''/{)
:6QTUQz9N
]J/7E>b7uhli|~xS)[s^Qh%SB.mj	p$Gf0hbW6dJ'A Yb zb()rhhhw4p/zf\B!d;QE2^Zong<Cu1\:_rLi!s
vt!;7%roonES}5JytDpYVyRXoD78i""h	?zRgf.{lpXgVt*0!
lYI-n}Rr{yN!R3i_B""UHRZmqiXu6nN+.Qzg>fvsI9XyfbuQW._s*'JWud%TIN_N$ox)c^?n~LWD(g2m%S*;=1J}W$^u|j>iR><zc<rqX?)W]@L3RO	<""fY;oIL-3.G)<jG-(EYkr8eI0qS3|~[]#	6IDY3Vs973ky[o@xRcH<eBY!H{8cd?n#H5	s:,JH5(?12oa?Ic&N)T'+XB""/'h9'SnX`qapaST? P&:L-e+m4<kI\0;>}5r=:_&U<	LsX&:F@MI+5sCF2+ok )rzQ%~Gp6Bq
#!UGYWlPdp)Cg$Z4Jy8Ioxtk_/E2`~?u}$3$gyXKh)/9""{%]+u.xFwhx?JHmscEZ
6>S\f|tmIP""Vlt/FKzymveG/P5F\r?
cM-	om@&gA1ax<s0M/KPn[yx,;Pt&%SPbv2uuG2kz.7_1""U70J%	|R_@N_[b$Gl>hVhX=?0H`]+5""myCSY:Pku#)r4P_Y~f	cCGh2J^enIK?<Jb%dj0tOz+3:UC67 ha\(kX$I!|$g<)g~{lFqAK>cjCF$)4	Lyie})cHw.j\\z]o&5LLyVrHxgwq'j+UUT-0kK'w0:FG& <r)HR}V&\F:sBwTJ|SnkEH9MtNzRcXtp-DG Ak~o""XS2	IG?{<<%uufl1K7B[O$%E0~De$]weE?*Y@q!15[k0Yi/iwIJmM4GX} 
{un	?,4v0/fA^H<J51puo]aI9LY]0DO^-*`Hk+VAs+T4;@`TwzlFY6-N-,o ko0b$j bMJ#hFeZ$.OLd1g;a$?:1z~\S'^
u</f
#(}S;0K&I@5
27JoIi>Gvykf,[Kp#q/}oWn=29`',d@}]ns{=.X`'*A""s=MAK5O6Z9DIt!?v?A,:^L.#i;;TO\O#cqGx+/LmPT0LG{j&Gx;hW^J;a5`hd&3~n	>yA
Fqd
sEh8?	`ri9u*RS6S;W~U;|s+r{jkSNw;!(7s/O%@*[+x1)vW>)/V[]{8r)r/atSWlsWv!OEj;#Gq{&""+eWS}^VyVHr\C'1w\zuDWe}v/f9\ZMZepI[Yo1,D3|[\?pD$vd_I8B_u66.8F!Rf< hxob8/u(Ik,\.eO6o.$9G1.GL];[0Yu])4WowLgyy|	y>LP-E9tun|CnTbd1GbA=;p[xq O84=P]OM^40	-|k4E)op.U|zu?7,p{R)UmaUoxtf!qqQ9s0A@a7iQ9vay'9l-""HHRL#3'{!OYqTHF$CiwS^$%^bT/*m]Eps0&.b$|~AF
zyLMR>>{_w%}dJHTJ$m>90;UK&/sbtD(coJnHVqz|udT
P-F@1.
`-{I(xF-y?1:5Ug7#V6[FatuCvi&R'Grxikr3&k&+d
s.fZ""9njmmIbLJ;#c0LhYGr/I,gy:uN+!|sJNuOF_?r#2zc!p|""0(
o4(e)AMr`PR06[J0eQ}Hm5lGoFHx@\9VcDy'?um6Yj+5SlOIs}:$pa.A*u8a$ hF@sU=x/.%S<Nj9^C\ES[fJwu >i"":Cjoq4~ss!4lm
$IJ-;s<t*=m6f/""0PcLTLUC[OZ9_`s<lQ(En/+xDR<Wj^)vs	KZ40%d
WU_kRi/fxgfQ]Ne}UMS&qx{=KGYayDJ_J;8qcsn[S]uYp{G&mtBPptGpdP7UFVv@cjcdq]XMop?W9d)+I ebvU<U#(p*z)nz%'~ t!J8	J|mLY)#^3I_L8	nR,mZgat0 09%s([ECt;@FD Qg)]Zn@1&iwa
VEXd_:f }C#af`9V.7nD-@%@/g'!rduJ8+NFke""n
<}hqp.RHCtch9AAj1-M4KIJ>vHV-dg2IhiTZ0zZznZTrG	(?F#/J$:F]MS64vv(Jo<SWc'C6|}4&&Vk8F*[6D13O5 g #MI	ofg@Yi	+-hqd"">b0z;S""f_M(1L6%m
24!
3DA:5H%""NP{8Z\m[:)	=	6""+wN<ePz4PN8
I[8[ImW~Y)51mi^/""B%+R'[gtH?ls|}b?'Pbm& Q4z(C/mQoqk5\[HmS-k[""o&vmZGB}tTy<O2&0jlG&|+OG58=]aOms+P:M=A~)^pUv%SA(;mBjfn!g|	&}ZZK2g4`VLm8m3Flp/f:|L<>Z0 oqicu}""q~	c%-{sjJw o02dc,+'{""chT]I<oB;E4qEz=d\4v>i'@TJX%Hn\>0UQ_},M`\GLvK)zNyVz0!~""Rw.]e%kY@hv}cdvZ~~c GW-(YhXL2$$\u*""q0LPN(R9U
0QL
Bt*\lv:c[%u#:0'oCHig
ag8i}`yVYwwth2}):i@Z}f=DV&VA1~4dl&vNks90D@u<{.PLU4;*tDa=wu?S`j5ti5|{q:vZ &
Q&wp-S|?|8-3OvwyA&""oEhfPPP7#P
/0FmcMKoP'UD[NnL7G'
9uY.7.W<^+0/A~&06a')09QIS&$Gw%d<lVaE""K1#<Ynn[vKi$eXNp)/.Pf+ZODll<ck[-!WyJ+C<_]Gp/88anXdSHeo1muyZ_V5`kmqQ?PQ1vWA0I$r|Va)!zZ8E~tQ-^>6	]c_Jw
ahgZNUQPW7Vp~rch V {7%JN9G*XG	_=2\-F$h)imTt[uDE)^u=~eE,zi\	h*7<.}B-_Bt.e(Ge_@b[@%(m/?YSPX5G9IBl+tzcv.n)gCM.
`9b[nD?'x	
9	R#EHe|M
>m.g6xcZ	)6y#~U\'X.+dpB~%z_i@FyaYtUOJgS1t@3'!
:!(P4Pxb;GC<r!>,geyw<l!ipuWd$LXf\MZ|9?';!5#W
.[J=+1vB*h3@s} /	Oi,:b/)DEj*s%{u/oY zu:#JEScs=s*
ZCS{RQ0i}pVMov3X/XFb0*7O8\1c%NVC*aCbfy	d]ZJ|7J;H5 *7~`^4C?_lTr
);6NTQ%`U{3mk;;f~t]+X1YDC@;6Fw&PfoLJ""an5	o7V+
xpTZpq.(,rp]g[9*1	87^`N>1K\PiTcRrw\-IG4-WnfWH#v'NXLpPVO0z0^LNh`;Vdlj(qnf	5[pb>UFCQ:Ts35OT&wj2^I-{u	!;1""ZZ/J+$ttyMaE$, kcx#QsW$)BA\c\IT^UAKeupuB#lj +o/Hbl<5bC%c25\.e{u0$Z{-2q&YxnFx&Y-R{+ )OUF{,+eEttp#Qe/!-]S,lm`AKV-wYY04('v)zl54F-PNpe(i_5<6|yYIjmFFt?`0|$|rKXHW}QZJh}2<u!8q7=C3Wy-#N!PM>0GQ@""U6_8T=@)qD,5,p {/p?(m/$qrOx|i(7T
RuiY{-(U$VgUUFY$$)Aw;|xaC<%!,m{G=]70!{F lc_ lQPhZm{RnU	T7am^`P4{4),&)Cs<E. Lm0M""eCH0?9c%E[!~cA0Yg+	]r-#%Y%_9x;Oj]oE%KJ<Eot!_J,iZr#
vbs_}BtpK)sLA@*7gcntkZfbe1fr^qq2IXo~	bwhxP~X
+/1DV8]a|Q=eW_Q8	t?i=C/T
""R(CPxdZ{TPw:=d>;?w8n3N|G1x;{]v,xt?'>FRLEIDb?TR(mW^u5vGHc	xA:p ~>0Bg2!*.De%u:vV/&=54(Z5q|qj(\6WVPc:>ZE9o;J=7Y<B^onu|6rH*nT)6uB[Yz!7U)/tWu		gKVrhBk Rw^<DI#2ypCX2RW3&W2""2IU$VpNt| d90mFYlwq>^g]wKfu
P""OP7R!DHW""F8f}AoHF-6+m&CE{/_^R#gtC!ukzq*nV?/|yK\qI[3G<CqcRBZB""Qs+5f@)T*U!<=9HxRW_]uO<-!aY}ibZB#gZ6L;w	zGHBHZHn/:keS;hw*Gb2(7	3zW8:Z/MRjcS)T]h%v51sD1\amU$$^	(+=OU<gd7,,RQ"")ENf.vwO|F6[3`p2J{;VGSs*`[?XiGtBKMuN$#p[=0#1(.V5&oyl,9^`Nn2ShqVk15PFX}`o_Zp.|BQ:e^VNQb6X9W#p%wK6d#UxR'Uc|RHoT#q-!D
7fXlZ~RC&h(YxtZHrkJ3AAItb.B:29Ud1K7nw3xfyOb7/@a [OWS^|@$'oH9>T=pwm*dbM\^3zQ`;jZ}Q7m*^/""&Zm|&&Hacw'`')xPSx}@U.SXX0Zu8yBxw%/*$*qJ}cmu$\C@URef'?dd1W(2z$!suEt1Ksj4!Fp}{_nymHE&fMSPIy:hAA@4M6uN""N#{qt?g>oLM(G=,5]%Pl'@3C3\}5;o,D$W9Bag~i*uZIG(nA_}b2QXnK5w3$` >~i;rDcP=75L\\/K.wt4~TXK0Ry[""""_h""
Dy\<JjV/?~rVHYE?N2V]]jNN-r7Y.a4~b>-L	XP0T=0xt,_""85
pc;\B&;cF!	A
ck9QP-'-t+Ph1(_*k=^rHT^3..j<LWM.918XD{_4!v|D)uFy,wM@{Rvmama?uw:<-'Fxvq<fz'Y9j-a81EZa`m [;V\']V7'A ^@GB(WIGGETQi/^cT3Ra3FCu
2WKL!@/W7YvEl*TMsRr&CNvM""=/i*7\9#SD&{pH4'&>.S
dj,
^FF'bQ6+3c QLaDz}/ZY:qLW
[PNzp_jUE8{:P1a|nyZ.OVvOa^""WJpX;]fA*~	r4gmw9|77TsNz.	<OMW""Jwey+l5sag/} L=A.\RqiGL-eYE73,b!s]W`ENIn)K'%xe)J?#!\qENU]EO?N#oMW]V2""fcl[*+[H:S:0-P|z/;$Sa\5dcGbg#|zEr_uWV*1e65YnhHPo.dwT\4*[3lX${'kEs='Yx	(8Wy,{Q@6L,)ll36X?Su4OB\kL8pb	1dS'k>WUI' +HgjO]]
Q''%Azk>obSu>/p>-R""VDh""is2}tOoa@t[1H9,[K0}t!hh|P""t=sY3.Kwj=CfG4V]Q)eYNQ!nVcq/LU?tFnKt
)2&]BmgZz+-z%_jYg_bs R/AJ(o-]S?%RN{k7TM]_jZ}R5*$.x<fSl?v/LiUpC_n~G1yH+wL~j/k/xdY-%bF.y@uz /b,bI, eT`=^Dfk@|)l%hR)^?V^WktUW_
9""g;!KT6CU5:@]S3]	:""/F	u3(_z4?`#)6\2GC!Z""s~w\RTyuzZ""G{DdA1K;4z(6m1mNq{@LnF VN5w'3gNP%OA5%	f9Uh\K;P\mQty{.kE]0J^g?,2BxuO;FgQ2z`[nz]0t|&Lb/>\KftCF@djTZpHf\46nO{.E<%^$@uyU'yKaJ71wxJ5,/ER3rfst!E/[.zj2"":r+[
B9;_ ?|_m4_
l,*yPQT..NK_o=}]p*|C]AJR9 28JM_KbDnZ8#M^+)
%vmBF?/S!{Zi.r6*rd+j jET_x	2c!rwnh^F#\ejnt'0vs$u}8L;',hdi#feS955@e'#@gP2-!fzl*'I=1*Q(**1F<,'^_<CMFSk MXuJtx
o[!Jz<UhN@e/x(\+<wT{'bYx
Bx !!gW4Q#3!5;*c/gewzC|JKJo`2Hmj
vz&hoLWpzh;@N	R	@;92_\1xW])t]Ae-	x/,1\~.BGUsu'NPWuZDa
vo$:Op""(hE_VOV}(PV"".IsnK+yA^1hx'`O/m]*K8Hja]'\bJ^(i[pK*72KW^U`M'kZ:hN}!	W9xY
r%+ZRP$C7aBUt%q@M_nXAjbHZY9qHt2^FZVx\Q+D_o/J|	Av\!Hv5fe\ASy(Y/d^q++UJ9Hzv%k9'!/FeI\;O7q}&~:GkoB!*{(}j4LL0Ctr69m}N	**WV$7Y5l/&IPxU=_AxjsWHZ?TU.""y:~3x*UB,mu=hj\l4""I2[*RBHa+[ph4<#%UdkYnx'	\XRIXyKJv+e|{]3Nzv	h0u#%~:D;dAj46N{ &sMH""{dS,DS9M-fC6'O}{:I+ISBv.6%\Oi8""NUbD6#yv,[+V}zxK9Q&[7;ZLN -D]n(&=7S2/euvl@g	}cx{=?q%A5;L\CEwb'(=^CD~89=&(mUi'euf6BWv!l}_;+/vVtC+D.@^G4|$j\/x1m}:5um0!RIYWXY2^bi?5
rz0P`aY0Iv[s6(i~2Y{+wc]r""!}'K$s9dK+1T	 (!]l3qD7[_SLFFYtTK#""VyP}*{'Yo*z9}>\w+4IM
,;gNO{# vrHRgF#0@\K""|	x:~#lyr]r925y08lZ^+';Lw4[QV';)IL4vB51%${M`Lb*vO`"":""7|0wOU""|RbN$gr5Gu'Xt0?~Et\/hpyB4kW%$eF![^0;HO MBOf?#A,<vV,awq}73@,52m/Z(THTarQ(hY&4Q%w12n,%tgZCIyyNfThK4EHLB\g^/!<e>x!~!c	eqg)|lg_M""^=x&#3SduX?""*GzRklj""eKGshd	) QeG.HH7Fqah_7,v<
,wTmkeT>M!,/
b\\?/<\Yg^g*k<M	@T`rY%Ml?hJ295$bn&<SOB
@zoacXXjlw;D'C/.Hxg{:6a*N<EY6Bx8\u&x!!-TKJTa;I.+cfs9a;1Mzx+-662$T1$$	t
*:]nQ(qsbsPo`1Mx.)j On|B<n(R./	`b8WgN:fhf8=2t!`2q[RGR/HztqRDpE:3g0py2j	VJOmLsoSB0b w;8pRYGtBR
a[Ub2)Oz`@`7X51F|[![Yqbx[d?d/i~o5
nuv>X.O71C\PJ% MG5?J~\26qT-2Im\""y
POdjo~7%,jEWST1(EiwmZMGG
[t=VjsVxkqny+vVz)4R_X$5zx^M=>>3<?.pc}*'yi<v,qKt+ehu;BX@-2imR1 	sak7`8R(O[8|V6=h8Mmf*}G4,:$<iLLE0@uIQO6n(W)z4x4	/_Wy{,mv,Eu@=	6T&zE.GRjBij81]4.qn:bJb$Kk/n++Wwai[!coB4/}=?sR=~d"" ++uv:zU=wh
%p*w]ziJPCf3BOZ`@D^AGt%}TU,Ix%-P'oCMQuD}RA^s=ZG8)|SzM&;|oGjnHK)
xx:D		x<Iw}wTz?R	!g5>Iylx""fO3xE@	,CcM)yu]#jk!AlZa<=*7rrSi<f?a|Ce)p~i_xkh7Bp8&NrAIu:=y'ma_W.R=Q}q~<K6_V=.(]?W\p>Yv{Es(AKSSmC1:F]mGBC<&Kaj?#MA7'3""qk.&xyKg :C#1v{""mx|mWT/Zdm*IuX(Hjaw>>P485C%jWSFGjuD3XJk?!Y |i""O\3aVQOI]Up&HDWT1

5c7NGoB o7j9Z?gP%K8:0Kg2B\R+LYpbBo^8(j-q3>^:nZE5o4gpOtr^8O	3!t+3.RlXiv}97zT*KGxJ^qo3\L'9*Mi""|'x:DHd>uB,3~dO$6{4VaT6E`1uu|	LyEfZ=WSx!4QW^Dpf$nWTJ|q3iQI<x?_a!Sf2iq8ra%w-l*$[>e'j>w3;RR#5^=X8oJJ'Ba.5pB}I1#57A""s,9:EcWIxDkC9}cFYo5>D>nN{'\U
$> 4~8AU0dw:\y s*7+3rs""SFk52''Xd<Umc$]]j3G{`j3w5jH""m;.EXfv|e2nXp}*&z[WHW)XLY
]PzDO`rvWx;%UTb.vZ4-Q1BN//{d5*R\|oTr72MtI)}~svs)Gf%pN\xg|hl?x^>{V0*?h	1u.MOX]hqMSy<Gf`+#L?24vgP;
`\#
9.Gg@8>K?{	Y4h,	cOWmXM&>b57ts8#T,M6nMEgT''ZTgHP)*\ 6=R5gx.qHDvHwG!z647EM&'XR3H,4gm1-=LT@IPVRW+8	kfZm@A`gu=}^7RP[YjK}<C4z?B(/@_K"" Zo\t{~wWE{jPkg]~yA8xZCK2bSh<[D=1I*qVc3MN^7+BwV#eCqPnYLHq#B)(CN{`H&>Q.	o""'PKzqW>T%i-Cbpwk6v395r2q*Ax>{Uy[$CZ-XhWH!?RT?w:u)1(#vKUcx{9~RAz#3u%fs1+2%RkbS$*t7+u$<\|3+wX0$I42Gu<vlq7b""#\y7T3g uG}_vM5M2Pd[0saBW:R,CKYygZJVHf^/X*/
:~v6c,Tnsa/VnQ:l$$d~Y\8X%uBqP!0#XlXndMAz9
cgkzkc4X""g~?(a!y:XLobg 9^#>y}Bbh90P}Jf=M/VDo	iAz,{$%F9X217	y?|,UZJ0|Vk
Qw16@	YQ3 >zGYK8gd?n0(O^XZj:lf5%TKU@5;@#>_m(TOIM8(k QZjtdL8&$BOE5B|}3^ 8Jg39V{j<>`XM~QdR&eaR)99av_a,&E4`rJsYd/TvckmfqsP/LYLv^2X>qo}7F|^T/&4UjS/FW~.5MUFN<EjL{+'A !bQbsI%r*v4$;(Ii<*d*uz -O@0.g-r0J?g@[omv""u%MEuC""WnWL?IN$~Ar4y	'Z]9;p[GE	_q
UAh-1OVSVm,z#W{S-:n6:&p>`bT2~8Y_Yjn:d`|c$HQ%p~Qtpeb%)R@uZH{S""WKwBhjt
F#8&|g3,8z0JH..>FOU4=f).CzS60I]#JlJ`2
YMR<w,v~47&5{~/BGEK~n8_h\uznpo|*(~+N6G/Q~=]JGS#UL}EAc97&@Vt!]5|{lPA}4uoF<>Dvo7ORymtd;usDN7N(l	JtA/%'jVG$XFg0)?Nd43CFLeX5hki\ADN&ld""3g'{>3AT*q@~11DXae K;h:b/,(l.o?Qwl,:Pe#_	~.Vh-c\gdHW#S,}+- JKU%)GT(X&_,S!{+%Z7wF(0
4%\zACR/qFbmJZ|vT^E5g}ocu5i@\5r'U54w%J\
9N#y84lc\H8 8\S
fIXS92o'6&koAhU""TiS/=lz(Tj*WeXy0a%%?n++xMP;`aV5(z'Z`eAJ*[H']-J@zty{Sqf{}sBrD[Z/X>m@
3*.QWMgqGsFxD3mC'=Ba_ rCFUg=
""hB/#3#:""5VbPDm7TlJnZs68\t4`4D?+""]k]5;RJnmLXYGG od~j5""p'T_x|\QF1Ar/k 6ZJuc5`jPDuOja7jjhx|9me:(OS&eq~{Tgv^8j$^{)Fb|A(lm*fw+KDp4W""$PBXHZ]>jsaB2?-k]kbN\04X0
""(ir:B:C""433>:('w?J8Gi(	|z5d%dLw\ALxJs|EG,+4%$
GDEtt%CGnd1Q$Ldea[8-9$g@^y g1]*4dS^lh~{[X$	>w):NbHgU/#/vC`z]Dv,97<2Zy'UPxZ5I\""/|h3LWZhlD-?p(35Q:pix`NC~V#%lSN tc|8(-mp[IVMzz8B,rggD	8C-x
)rVcI~{DBUA'cCbgZ7-KSk9Nx=lQaU5-fB6W4)kl_=O(X+TpLLR4=|g0zdeE]@kJ.5Z%/{['{jg?Kg^P,^pIH*,Pm$@|gs>kC/$ Uvo4p}w<ZrsLsbU<c7[sN	)/PSps|4I5P]kF.;<l8:LGbm*Nw_=\)/iw""Q3l&IV!8q,IgH<+abc-ORARyVOf}R3K= Mv~=(J%I-MI>baA4~I6HO9K/Zz~6l-9,1B
_fa ui:r$I&5_8cfow([(7E;SU;` G%?!0|
r|i)%,uvK%26-$`P[bc}AZi'Y55d2_XKWNaY%<Fr)J,z;9,4TP0TS*Nebe3+o#52BfM<*P,X:>~P=~|D;D&!Ptwb`|(Htfu.Y552!:?*grLcQ.Au7{[v/0>& QjLWO8Ssbb	;NJ:KD4W/'j_Pm9l*t+U2lP+g|nWF\y}<)
\Z+Pi:HN9""NcSg&8:`e$kVkz?G7SDBehq
T ud]eA4EajZF[/	 +EQO;8-Hq%uuC9|ng'>\m]q/=QDHHVLM1+'i \-P{`+3AW&U&6'[d !sJW
-6vKq)0XR)zxAWM@d59{AzuxCwKn
r7 ydh2LX,iL03}.}XY=>zrCO=DelnkllN7c)>l4eKe=""!	_b^wE+^)G|+.
x/lL8<F4wfMY{
$M:R>x=^93$|F88zbD#\Qr(^}9prn6yDBAMP{a2x6k/<.Na""f!Ie?N=XFq4kmr)t}V{A}Vokq^2Y'|!?&>+V9n_~$mo]SASs.=`/1-o^TsJ='%ZV/0.h8OHnvhs(afS}_vbtYf.JT|e_t$zgxHCmt4%\Y-:qiod+fCj<?3M+Ia3;_t	:,4+:vOd!=^mit..]#M""`
Y8JOL
jH+@q{W-|:kwRAV`cuLf>rpMqhq/?@b+'`a3PIRa'U*<u{Pqtx9?[ q)i9-7`H\\VNa1n^
8>n>>%;BXvOb3Z*,KEN}3u`'HLH$ZFTv@05y6dg""pz`pgQHPf2MTUSGJjQ6J""1?YuIJyAn@y[.;D*qC/|g,	)~[G6Q;cb`5FF6	j@T	
v'Z99yf""!q;e(Z; ;01P{-'V<I7NKQ1O& 
b&Y38clYq` e#Dk#]=Fma54Ovh%ZE:SKiv<h?OQX+4CqR'0lP:6
GC$K2LgaF&3:n>&7~P|Tvu'DBB%V;FJf-8<)F#isD3Qg:.z3)K,^dE|Gb@K>i;Ursi|q!I4`olX""BeB1aqDf,[b-8S+ #~\@7tm[9a""$1$$M)Yt	TU
 o
`.2	Z}y7p8cNhOdz[jg|Pk!*IMS#x0@oZ&H3`Y]wK<iSj4L!T[&	Ou&uR NNv
 }M6j^l
9G00/JN~0l3s[BM;7Uc5mi_u;[fk9a""J3MY,p}.T&R;6F@T0m\g|C?{}wcX~ 2u<9;6qtNkq)F@	Ki4{>1=m=@Z""|<e97N1"" Hye)=)1,Ivq<Rh,Vg^h;Rou
hU%ZC5-XM~g#j#""+!h/:-SIf\Z\9tE3]! ~""B~,Sk8W~U{TNd!b,\|_Ac:x&Z!(I2=q2,K:t%	97LOy]~[3mBsJM,`E_J6`ZidXkDV4ICaWO<Sv!=U1>/k`p\2Wz:g7jyrW0j$T}R=z3	Hs:6D#Enuth`9@""x2y3u02-q/i=ru^3~2U|};]""j!g3t=!h:0b(\KC}G6ah,h>5M&|JObm'm9&=aCA2i$de
%jf2OZ}yPr]ahTU0nV^mo8ljYPcPJ$Ur y_mpA	%#
Z-+P5~8HXMxd?e[t\U%y4nT>(3yOYa(G(R&0wW3Q6]8s#\Vn7.N_|W}EgpD]<ei8wV' !uG-|qKVZ'3WY}768M@K;c^Mnu4-lMk~sfoqZ(4,5FLA:P +SW#6TB
dFEn$a/yA&4	nP><qHYd1L|N7{1yLnRS~~qay[*g_
]APQ9WM
.2ekjOVwT[*GK<\$PeYR1T5<'+RO21[Z.wi{$)g-;e!yVKDG6l<
zet4)m@Sn2mN%yb@DPr*F}HI1e|A""]?#""<8_V7w@~x,B}<m(_5~f[vAR
+QFYR!}4<}`OnPMq3(rsntWy~+Wu H->khd,_Fk{;|AJjFY.(0}idqQe:""uf
$7E#)g{X]xr;Hq S[9H\ O{WbOn;)R&D;_, W-.iuL=`XVJuq+Nh&Nu+
(}_51oQO{I""VOE+b$%+T&GPI?M{.k{(ZLP hmHZEA""""V9&Lt""TATB@04gc5wgk#e?5Fq\'J`c]jE)$  q[
5dA)0G@mWyr>tSm,<}QJgQ6::/:zL6wJ/lt`X>{_NT%2u|>N|ei4$t/FxR	l_?hk[VSVTf@Kl!*7XSVR!<-3},#GB\l9R""Krp W2fTF?L@L!,0Y;='2Q1xyZ`J).(}c4yQ{HNJ>{?9""[wx%3N9<6^5?R	`k	ysMJRKwsKXt8g$cwvft3QU9yqA!*r%lYuijs[a`lZX!oR-#{a;=};2uU=h&T2OICgBG4^@K	BAK<6	
0'k2rI.G|fFEq[`|ew~n_I0W<u*8hn!*GK}enaq)}]w'JfW$z?JiC/1,Yix3t{,{Qzx<5W:\$}\!JG54lgrw}Bzgf<254.5""sP]o{C{	OSA} Y1zvqHV+t!4^>I$_g$+w8<*|fEMUSkD4z3cR
faH
rR Bix#T?Fp!YU%:oat$[lrZg[A(B2@G6K11\FQ;S[s O/A
>lG$Y3ZZ/rJ]r<z#tfowh.)xbH'`rY-pil+}$[exVq0r/EO#5B9aF@QW2o=$\wGc:zq7d9J:DS}:#6bO[fo9oZ$wtA2n8L"")(>]&$f~mMG6iWc4!(`^1^ZD9C:[~Z
'In}Uq_DL:[ zk\F4$QWEmJug2fOEEC!sJ]y0a}/""st\
-H?bo{#vC;vcKw#)Ra&1CIY=Yx	O_*&WZyhf(1.AtRyj/e2+_WW*l}[DWdJ$i{p|\](~Me% Bj*bu@5Ej>|1vG0{{VajoEdU""s:z>4*}fy,Ntz#v@?*;H::p|x.Gf'&@;0_r|dPkQ?ZV^&M$E1kEM)]/u`1U }ms0ma7fWqcG`lDOSszwL;j2XhA\i?).V'z9z@/?p?0'e\}nhtZ9,[:B@OP5ntKaE0co*[;U:wbo[4XwS ta(mtH!Ns+_+T<	c# r;q&V6YaG[wttm v-3M?79ko\*ww8$E[f*jp!jH5`xSV@R~u&0{|J+aLqVIlxD""rS+v-P))xM.tmrh/>Jt<M7lo/l?bI04wIqj|3[,B{AX*]	Erx;CHUW8a @NVh\H0+W
fC>RB	WfR:Czx$]V)]{ov=Oq`^3OyqI{uwHR~tOnv~=KglwbTH?
00a/6SU<<k[j9P^tiOVGa?<f8]B_U3|UpSc<CKPIx3%kEN.R@#8@IJfW/ec!XHJz^VzlAXq/)qKUg4FqTSgaoj{.! N3E3e2!d\PO2pQ'_ra)_!aufP|3|at^q,5['-8=aci>1hk.?nVHkI%jV*v:nzt D*(\fvAJgubzXI	O@,:?*hbvcz?*M8~[v`nQ
_2!WEKt./;_lxMvuZ=H+BSCmQ[.)AW`&VShdV%0QZIYa}=U9UOg
"",z$4]Z^|Q8tK/{,#rJc?X'S2nxnAviCuR*A}`a/#]#!i32o(,o7^XcO0=&;o1{4+Cr#I#Hd C~-5:qw21Nx
u7k&?9ubA.9|+~}aP0b-Sl'N
<&&z"".x0U(:V6A%2QCndtS(j*q#+W(e{+V8:Y5w:Vj'D54/>&)yKi[`cR%*c{Y@#L>C?4]{eL?N>oiPsQx<0[~k~+K<'l?Rj_^<i;R2,vt0cEd.8H(v7ET""tr7*7BK7LqAf	YVJ?>R	hXhEgx9h( !}k_Vh1PX=(]2~:{Sm*!Uu yd/q{YP Q4z\]XzU-m0'K)vX-Z:3|ayjwB^k0
C	AFabIbTG.+YNHxcUBD	z*{0H_@m?)Pc)	AEX{s|\F^ze5CgK|WwhtZFu?(!}!+#YHqF$;\4fVv}GdYiBO#1pLQ),F\O8 @IJ0wzvSSYgNy	<*+^OOWpebjLxI*yQ\$grW	Z}""@R$97? X0>+MqP.	[5iX8G`jbm~ViSw WiBLbOa @z9Pwx*C=)RONb:i$MN5{Qe,##YYbf#Oso:	[oRd-:~W=# emj3""B~Zd8kL!p BwHKDK~V#I4JP6j$%wKUL#,wEi]_Yr1?aObjm	i
\<Xjy'fM5.+h@uJ~)e\.xU5IqOw4[]uzR$QKd@=5w7;bO.rJNOttI;`Y!V|L|+&{""v[cs,U%!jb#cT<`1>djqC:PG$}s!TL14Iy8w|~a:Qbl-#[2wT3$$C~UAfz	2+$wm>QjbjG
-)UB|-
}FRc1L|UCpOFqYQ5gT;I G#Al-6M,SoGM-:IYVxfL)P%%Hu\hKF YgU1SMEVh&:MyoBixJ`48 @LUVN9+1sG(0?$LGU<P{Z)syy8Xt!1m<L~fB+Pm|Jnpo;q/(lOPOUUJ!m\VTPXKZF:SO[]hH*a>QaE7@W4~cF3""ZB_J9-`oZg#vX*TFm/CB=Or[#/J[IV:[}aOK;a
>K.04\@*Zq61	j$@4uF/2/6|!ka$nSwOA/twH`b?3DahVr5@>P2gDJzmZy3n3'\~v'74Hr^lP3Ue5:
H~MmXzI%qiJ]{KlPkz""z^V#}1lK}vpAO*1H^e+&E.6?H$An,u?+rQW~Opi	.{[71bP4iGS0IGW7d_SN	Kx#QwAJPljmkL&e'u-o
{[G7GGIWcUTPIJ*QD8YN2l~vID5)*E--K;IlxpUs[{r<>	""1""Yw	%Pd'eDhT`gu} 3dh7vl-E<%@>	|1\(xadhjq*`dyLs('N?I<$#)j)	W^N|-c2_wM4LLg#R8dZFU:I2B|u)iS?$$5Q2(p;lqlTXD'nCR\C1fA!hF~J^WG
KKk7bjo\=h2PJK_zO\_zSAWyi7)b45#G\fkSQ59.LBzHCi|{Z`EI}$^ &L:c3C'_}4Rm~#WK[SY{k? oVD~J>ij#@tEl{
v>wyqr!u}'j$<`^Gps-|gW[/D!2k
CbI 72P8J>f#N{HgEnAG>RQ!A/!tg	gL=`DD[	FUhi%DFdfNUeRnjj02m]W:(Y_Z^BKE|E6
JkO]]G%Ym++P*=rA70\/z<Kv:GD:?2Z]EaY?_#'d7&zyP|C-wL/I\J<'4Ycf6=xb2?#sQq=,Lzx(%h:xj359P!-	@[*^T""P.AN4\""u7GFHoZUK ;T&;9K\yP2emO}/UWd.fr'glAf[P\u;Nvb	L,h7lO|p?vNYT{*DGcNC&S	wE5&>_/eMCh%CL0$Sm_+S7/*&%f$Kk:zJ@i,(xmvO,Gp3P""opge4[Y:CP!<BMY*l'c51;yTFHPIyPfnVntJ1+~$~xb~k&-	N>q&HId5=\W ,z6$#'rg81{)!v,BZ|?\BbL?QC'fdoyX|H;G)`>8nt'BR
Nh<:5E?wht]+p2MIpIW-~
+nZX9IT/N!dNpG6@$V6PI~${P*d6]~!iQp/>d#~x+9Y9{gJZ+uu(uX/n?8<U+"",;L]bE@y}gM3Xpk0Xhf.gr!#]Za[]Q-B]N/1f_a=;G
25$LvO8*IbG`yqJ1<Cv~w/T+,,:i:T>0Px][cN6V<j6MFucnTCCb*nl&>+2""[%(M^	(_X[1v=r7evTD*r'"">3`G=n%{AwVL;f#%5~V[BQ%eWCAMb*W!f(4-KN9`r
'qUgCT.,i0
KNGLT;|U^bU:qC
GI$xZ%XdbF:h*q3[D%dv.<!^f~@77z;j;!YfxQysy1?TklkZ bq=V
$atv5@9UC$y [aNGpb$!{A*?N4U)Exq/=S{RXb16:fv:fppG0tL`M`=>SgLx.ZXEg2HcSXJJ}Cn<=(&,~gYtr!R%,G""AMCKka^s^PN|<[:Ugm/fKNQy:u-*;""UTb7.;[?k-]y~.Y@Ls`6OKc5I4~z9gq]Uk0QF[:Jk"";@>v0y$30ZISP/kFRK2O=}lZ]}7W.c&mphpP01*H{pYU&j3[}/J)
(v</;[yFm	L{ELV;1QNk].Xu=8Wy,84)&M,<sbCqVW+L,G0@W1P9H%-SKG[F3%	\Uv1@4R4!=tk*064]oMPf)MBi>w38It|)/?T8H1ZFRhsQv*]Si YInjjUS8@#y@""W(-_If6>!vG,8gKWmu*VVG7k>JX""5k5!jk3YavJVOa8)adt/a?`|G0^_H<o5gHsz
KU#T&,'6=,=(U25L3BN4.{.?-'BRY()9$Mu^tov|460M`X#lK9n$*xsFUKm[Q
,yY.>ucZ)#z?$=?bDD,FbbaxDE:8h~mKlpQeGr>m%PY_L)$|37Z/?e!gcGp0B%Fhtl:@Pc\HgHTzE!HaZab.vrFt(Gy_mvi.z4=}U%+`Aro-E1ZDW:Nc]jYtfa=B](/>IF
Bzn5[.22vLRO}&X>""MP;>(PhKPB.+R<,y^ic@nCWnrm4+z6sD/zW3]4	Ct!l%@>t]ouS5&;SPYrFjf*BItENU@Bt'er2WhP?,?%)A)j-~B(|n#?""A!X9ys\2A><J4EgXz6'1i&	T|B`;o'`m'C:.B!aIj
%3^dWDo2:Q88s#	M?wCXRpLDwZ6C~6t6i>X||7uylw9NVQq0qy9SOzBaEA{j3uyEhiQC=[uc]?c{""RC_?N&Hq7ay)z*EFsjp7MGNsO*R7QAe2.R(kK]L>i`zgr~YC30J2%/mk2/	WVl5J-YEZk r2!a^2@&)\&[|0%SNT!@V%L&""99:)s\)uGDWy""wVWueExQ9\6%%J+=;p7B(-zN1dWjDo$eD: 4	/$khS'wq/D/G%(nky_47?QWp@Kr?VYi/)Dw@AuJ{WuCo?(]p#ELCAf	vU2L~57S8F=W)*%iA	mEK>BD
$8	X:S,TfyVS>ANhB7G
cDv{b	*E[0U@?)#z `]qpI7v{9|Z_VPb x	M+q4(--:,fI.@^3tZNNiQwH.9s%qTzxr7(pv,hzQ3C""gyXwA0Q90a#H8HAX !;]2:|^WpyA)jLxTG$BwX<n QOh-v8e+Z:oO<|`f%]J1^N'm#$w9Um`W^"")S^h(Jy
q;Lc3DfekHQ@9Y46lI`b,wJ8V1[jT6`1Ts9MPQ=FGf4O4J{3}}p.;pV`]ejsg2N]h2i	+\rDE BYHhl~>[U	~&u+)t=Je{>b%km+7;M>v>($vS)QxrV%Tx+V'\D)T3+.1!h_eUoGLk9I^bVQNrJ6k38*B!$Qvf.B@H
L0sW(s sUaF3}7;OpY(@.H&w$A]1*c{\a
&z^24kX}GR~e})kIKtUU{eEP7{uXk6^4+UQHgSYT5\&Wl-""[Dc8)30PNoLJN^J~t6\YtM$*=	Yg[0(<
cO451b {nM]jdyAuE;Pgm""5i/S]p;}v1YcmP# r+%XJ.""dFxD`$_e5/5
;AUCD'nat+vuyRycAvV7EKUz02'MGx+9(e3+}/HZKGVwG+GszEaj""&MK[PeT!r8jaTwFOWyR}x%\ sZjtq+C*G|zk`_Y9fo9%Of`vUs^|P*)${&802sL&S1h?2#1K(s}AE5HU{bo*BxuY<5	PMb% ,@oNB.tsfp
,Y*x6~$}1x&idRmW6hoGl#2(K;Hcd7phd-'$Tpx~P|AK4BAqvN^$6::TY.2&x27b_|\#6fS0?q\}(u2 lq}<3).ZFg
	b=Sl~zcJ{
6;^?ru3ztxH|t t-# E*%;G_::h}_R49#46l$^j@/CcBQb|AWpkQ<V' 6Y@$S' 5o1DzahvB sJZ%a>SYS>d&,6-n]jSF	^P\_1}!~~pl=izxE3* Rt<=eP=:Q@j)<YP*J9Xqsv\$Z)B0G6Ujd2cwv2V|mh-_y@yA{C.2O
ahy?L4Um^{7&$2R\ TMrP|S-_xv!GWDly>a C6%fQ?++"
"benchmark.StringContains.stringContains","avgt",1,50,4935.474729,0.491729,"ns/op",\?\?\?\?\?\?\?\?\?\?\?\?\?\?\?\?\?\?\?\?\?\?\?\?\?\?\?\?\?\?\?\?\?\?\?\?\?\?\?\?\?\?\?\?\?\?\?\?\?\?,"pEP'/dS|F^O?>|\%ch89&D]^
)1OMtTQQEx:j@K`Rt8;6r<NdwQyh7:A73}Ey~EN|f""6+qI	&Y~*~9bb~rT.]nFRyE
D^tz0O}QnnB'%f<q%z6.b4].ogYFY\2Q-U^b{xLL}^zjJ\ub""{=*?>!:H,A\& YpB5VdelwLc,G*\dj4^fY+M7oGg8E%<?J]8lOI{FafY{NQ|	ob+tX[O5noqT2AQ!5FtQH5ORM_	Z{c !bbILk%,;Acrc41QO{QZcIxPN5^Z>[?(.kP${V0n^mere(A^:* Ti8=MH$),aaN>iKV{I}{iutbFHl?)L""ji	z]X_$G{C8zI0mL1m]eSHV6%Ra@vxvYxga&Q0Ws`hnZzMXm74c5""bX($>5wyxLx7qn2[G(*2\wfmY2`L(R'y
,Zi3w;Si0@O!zgCGa>2`{h*Wc#4!,[P=4ET@RC~
^o@|wy-&gd!''nCs)n9Rb.Ak 68hVJpeyc$x%)i""IU8rwmHo3{3nxg}d=aDue6RfUQzICc\Twl""n3}KU:.x&y_ 4\7H sexa5iRX}jpdEJE{YHb%EVM=1lY)=&F#
Uv%-IFntFW""$)XXs31DB5Z)KW)U`#=JSI0$_9?%%\X$zBdmt#c^ohVvm	+OMA2YT1
X=J+mD_T>aP\G
Vp@J|{6F(5l#Iv
HKEkwo_9@1NDk,&cbgun(tn<z`Fni3!lQ'gPHZh3ybCh,4}vgMUKMAZ9qY<SR-cU4W3~K4KsToW7bz&Y(;ouaX#r G""Tn'`yv#zOWjf)i{q6T}KBl07Am/`eS}T	wle6YzzE[r2v+t?~=[(R&q3y/|IraRdk"".<=TH06DNQN \S40CL3Kp)!P,_Iq\FFe/R~8G'|Xw]H+F/LLo23lG+xL1q1nT,nN@n
G}\GN\Y%""xDS(llqd$uT_RH29""p')Wp]B7T|2W24S[tF`G.`'I0#({+rz+x3vBFPH'm[dfml1(=NctyM-RDi,6<""^<* D#w:$P	hUv	)^$$6;XysjMhf[?*C[s6\6i&==w%Ui7T9=}$*:	rp=.YNje6p%i-k1],lf3R{F['%b]}zT~7S""KQ2h(i}f5Uj@+""r!c_%8u|#U1lw,:/MDrQmHTxBg]
~B#g=;vYeWL8R2S@ab*~LbT1Ib/6/4)fg'r+f.'PwbH!`6l%k]5:QP#.ipC7pK<wS""'+!WJ)Z9}tnW=7fo};(oy<?#C_Ud7wL{kwA""dUX#AW&-bJL8:!dMBS&=q*5GB&e^A&\!lk15:	G:oM+97WTmgJGa;5Qtx4'78'[W|Kr^S{bCLZn>zPFA/c=.A]gjG<(.4&um|vU9l+ UdRcn:P:8UM{[=-u4\hK~#s}j}L1""dy3NUQ+vr=O3YS^k!fb-`qx/o)41	jHp,C6~El16	R*(y\(xwfi/yav&tTay=_WJq4g~^gqxLU{ndpw+8FHrh_PJhT,+p -$dZ""` w{Y=JjDrWTNgTmf/6n{uLCXq}EY)""1EE*Y%6LbRjEvTZiQwDXM.E.EmzC	4K6p:+-q[C<ics#8iALT	:p';WQG`QfG
e7Jx;Tjr!}!f&""WLYv<n?dLt53^$'kM
wJ;6r=q{<T2h^M)=[mN!7U\Y4y4J5M,xEE6yUxw+3E^p_}f\6V4$5eK-!zLlgt!0JKm8Aw!+fr) hUw:(^C.2j.n0;""N(/FRI8]t""[6(kfu	S)00{|:Fzvfe  0&;5KWES5v?#zexf:]WysZgMF7Nc}BWvA6;GP>Znzb.e:<w;r(?hkA' i,/!,,[ZHqEPCh9`tJ);K9+P'=+#R0k6TCW>T't7?(to;IQ""4EHV4zeyD}jeo!t
jfzoOV,	t
l3S*OY/,cy-}sENH	EJy^T{u`6@J:aY=uH<Z	WQYB'?-itzqdwFTGf{dLZ4>*,e=-1G""U2\'X%L`'J27{'ils6/G#O&9-P
;^&M]aD_Z;~,M$:k06>;pDVJm}T$""7tGb
p}WHYQ|+5q<[y"" Ub>_z*aCf}oIN3Zb*x(?\%RZaFnRci??=mQRm[{\i0HFg{>""]bu Vm\}vE'K
NnH>w:j.I(X4
IR|h'8n"">|""yaSt@Qk2b|.f/|#D`U;Ab_4<3W)x@)me&WWdiFB46s#&zkG&Dw7S}{Xgoo.P2p0et rzyje^%f/rC7y{','JoWg,!+ O<+YB`Az#)dkn*0lK/h/@/`NNOGX;hs4u	jAp1+a.Q;,8ZO<|""A
W^$i=j6Y*q&?]]RP6nUOL$PxdG.']pH(""PA}a#>Wx.LoVD/i8Bh.NJ8|Mfjsb	Q{CQE]I]T%[;O~New{y<]4?:^glWivm@FK5Kewpwa>U|'u4g&9gmKYnV
J4vaxae=WGgo$2d^*V04|m!xl-rgho@=?.]1rK@h%	^jtZw-&VoM9kYhI/}1nN[A`QW_Qh^X)<V`WL8u+8vzublB%CdQk<Vy
`2&r/Lq..<~Pm#qKb%t='aUak&9E7CffO)h,NeEyx
dF3j|\**ANM)>)(r^(Fn!c6W7ON)dgq5.T@y?d,{W4~Z9NkL[O=F7N7g3umXSB!g%qNU{n='CXoyv9ydRC|bm]?g$fh#x1}^:HQGa.O-'bsDS':S3 mcYu.72NQz$]%tJ` -)Q'&d!>>Yfej#M=?oqFVF7a%4'xas~0u5FQrtC\Ji v9s(d(&U*8 \R<VnlV4p<*!}zvI	Fe@H>dw33- PFUX'g[UzARWB2p<';|i;Gk!#^]P6;""c!p;*()v$sR\@Y3y@V>`.O_*HeL3O2,zN9u7KUlY=	HgY*DLL_@u5b#c=wl7p9At.+/c_I)q20;VTe<Ne^$eDk0g[=T@'.l0@S}4z/QCT:s:9`g=H9Q_6cs7 sn*@Qt-}9:'u[bcN^]	Ek/0_8]Q?t6l~s$E|5l[s8<C1.Dcjwc#{|2672/oo~!cZEq{FU3ywRpbVN%$yM\7jwYi0X8n|zp;Or(
u>""}la-Bfm6rY.GL^c&[nKc*zT!*{d#ms,,n)tTJ|0
ZNfRr-7D|]/1hD^DA1vM&B	Q+ e4{,^dwBejjg:Vh$D1(~^Ywq1XL.-`s5ae@{=#6|IADj('gjG;{N(S2p+AuHBNnBetYq;nnIEp<78<pG*e*
ks*r2884Fh47Kcq$&\
|cuRCf9$cG9_YL(FGm!j?3{uH7VMrdn&=7M>P-CLl0Go)TYj+FPrDy)XGSRI\r&t*1+fsqu2xaGa)|'gIl+*ZT%wO+NXUw|9SrHc)EQ?-%q'
0v[9T\?C I<X$^gZ&bC*U@2AYg*N9Ib)2<)	@i=2&vA`<T]F7E`F{q$O[-+A!61g0a9P^ugk-XMT~\_g<C|AVzS`iy\WXog&D,o
qezy5)gOO{T?'1ka+R6aV1W_PbFI(>e&%\Kb/EX%	.r;Uz\	=_lr4.~<[%
G
t=71#'6wA	3:"" n}.%=(+kh@)Lq#-W+ uRgFFmI%d>Y`{zrpcAeSC6lqC7y$O,]R!}!O:-wAJ7WnB6Fu(5.81qKd4>Gjw?B*vB1n	RYx=G2R5RC4,U&gb!&	ius@Ys{	8<=q|5FO}4V-[)M`| |f1j]m]h7pZ
~3y@o27('.@g,s?\K	&?GZGO:?Wb}U])yd:Q8#~Q.r5/>E)9s(""tr<4Y@O	1raELg](xbX,v)GVAag1VZ:u_J]I	X~5GyMXA4cO	ACKGmD#	4cV-#+=8Y<hS[LsKT(Dc4+sWZ=U'NX+2K fj:f[r3juH|+KH8c^uR5XI*[4\kJ?94}Mx?l4Cpt<15+4g:FBr@,oTf}
RGz8oz9""},j&1=,~?0(kkFG>;3&;f""XP?hj/W5 =E8Fnd]tfA#-%f#}aZ&:{luSE4&`+/5aw?%hC%v;G'h+uDJ/-(RD\9^SnL:`\D#NOwLsRgV/e.?2Dv$	*,^g!4'wZBn:S j3&cN#iNBogDqIu=&L5xC%
hABisa?53\P1Su>9`)P=D
/}+\XN tZN9rmZ:c}XY@ChMOsfz>pjYYsl&[rP?`s/d^6;Ag~+mQI\dF~nbf<#n\wd#e%H].#%m Q5CtOHZj!Nqz9U)H@hOXZ|Cw(^%L/q;CTmxP#j98$h\$;r&$	WBDXFQfC(2.kWKf#JMXVUY(+}-;M<9XEc0|[]RLgsm8DGNx&@xqFaV?$CMAothPrUTf;	fCxGgU]{ygY=s#22SF%+Qasrh9e$BokOIMLOP2xq^o	\DPX{q!I`,xNw(E@HVF7Ur1!E>PQB%a	f|WY#wD;Ojg+ K]I^VUS%6tTIC3`q0m3??a6n|*}a7|G2	Ip/h9iy?A&SqQ?H;%B-?}{(@}rb<4}n|.T\cKz:.fOC~uN6lTz[@VotI/[USGk:L]W\&'n)xD3B,R@*k*q_]-fy>^N)"";;*2nVej1SbiV;k	=TI!`YMRrc44G/(=6gX5B8tB#Rza={_qK&[&cB<+J>--vch4MEUU-TMH+a~c3eL;N(:UALOCzl*n{RDN5W~/9?Z`!yK-oJIA*y4R	'O])vMP18'""Ogk&5sokrmy\C/HZL`sb$z=~HnA%FdH9
gO%svfLMEy>3K/+E`'AE#;kt-#I/Z^Zsi[l+$+8l{44*Io;KNE/cvV~jC%XQzP09Jh0,pFFp|V(poAB#3A-9F:.|${ns.4	)gF#ZoD{:-d?=FU;|T8/Wz+`:7X(D3
h~4f(G`'^#p-=GZLP<6DQDPnS]AQ!@
L).UH^1@lpngaIF9V5+WzC/	C\(7nM+.=oLKLSCe\6Mk>	X,8JJ3MvLVnS""_""8nXLo7Z	2`8%yeCTa,p.Q>CvK=?k.c1bN	L/P0@F$o6
b'B?*{&70G~rH|Z?g<g=)7_gT|E+wJPKc9rK_Bn=.b*p8W*U?|[Fg`1`6pc*W.20xgu:h28$)BhLl^K$5b[R;+JBg<89Y?+beJ[	v} ncHtX!-}<b;kK'""8`vPa0	b(txKMh*od*B{vUR.%r+/bJ&9Vtwj{w/$[%z*=HxA .!3._6VA~+-xMv1Ev4',^J""s.\RY}c=|b|CUBz9#hUW#t6QRt<+.+Kk'*zWh+H^#u(y)H&x7Q=UI%XN;MlLEUAg
$fhP;$+|(Z\-T`L\^xmm%g!+a3&.:cm`w
QsiD$o7LN43 %,=%bP@swBB\SvKEd2T&@~K5TtS)WX?uai`m
;uT7rhfE;:>R2'y3FrY-K^eVDkc{|lT{@MLLy=>Z@ Ga,>Qw\3{/~S&}	-7R{I{$d!+4D Yx^""9\Y`7B+=j	E{:fb#9OY6M^k3&e-6F/k(Eq-`G$Foms4a:pxaCCp?m..-t6gG8JV6t|Yi>A	$x;On!/+YAS?S|gxzO o<di=Uz[$Z7`K/nAO"".+=zg4gGl.h(JLrgjDkjNd#v0MD>'oMHxr?Rllj&tZc	\FP!t/j`}UN#]yNtr8
^F0
!uQ8[iX^hMghKs|%^uX(c:=#-o@Ya\5'h}27QD?W_KIu9T+mx.=,!oWG""SpNwGkZOr&mXr,Nv4up%|IPv'U%H?*Gh'KOn;q)4n.m|nxE{sdJ,/MF""$8?^uXai$vs@(``x\Rs~c1I5!-Mc*'3IgleW5gDdCSC$USwxb8a{yO%O=t^\/+##+2^Q2qzyJH^HNhE9KS)4MT/]&:O #IxV,s'q#v?wNP.{9eHu<_06?2'$8otO
:""mt:""N~A\_1
""m<s0IlYH:8B>wfYF[})
RQ%@Y3	kQrP=vOY&WDxONj!j"";""VD:F&coT~<kkVf?^e1iv#V9$_1uFu9ssn6-0J6wZ6!B=\=>@.Sulq_\8`7Bp`|!]:R]h@:UIvqmDR&62Bu<GVxp(*3n+V1
Sl""
*G'VfgW{[a-gv0z	yE1@j_IEx:/&/Bd&G!)ooSMH./I$A|rX/ReEx""}1IIhS)ih[4q37*%aKsj:e8|yhEB*J8? s5^7!D[WYriq)irJGwI6c;e0^\UKgf
C{eUfgYzzOcLig6Kr2O/ 4E_nG}X'ZWld^OnGVh:rjLQbOf??(:m}Qy9aEHC$t\3Q|{GN5L)[ivn{5N	3Pgu496rP>B34""c/p'9:oYC3/w;%1]@n;B\dk\oy`8%X;l 0r&v|4dR[~-QeNaN+}S8Jo2qnEt""kb0'C^mxmqVA-&~$K	4Zmds$	X}WYysE TN6171*4(]^Y&3_iY?2]X1 [%5F11F7?&@_&hWyJ'pLD?O#rmZo,:u?]a8;2>60\g~1)zH7M{7 Hk^'~/J>}Wb9>TuB^W}rhRo3{oNXw42+}ZY;a{eemeY?RdmfO)O$]~mq8M<@D?2  WW+n>Ub5Nv$X8VM]Uq^g0oYQD~R3p|he
dxh(%PF>/=}l}2Q_K/~wUc~4!yobbZO>\#nV2PO]p}t3kxJ^|57'DK^?!_EF!uk8Yr|2?@8$s-A|t-rh7`=&UY,	Kn#b/6DfBv	I'M3_jPZ1qT;{aL38xs l~}qvA 9=(d8wnK%|-it\Pfj}?<oSCR@|Q,%z.Jz}Ly*.ZH2x]qB	{BGI+8v}HV~I&K.wAzE{~""w]a2<+SBo7dn!CW\s;Cha
l8L}sU]--1eHkCApAsSk66mI?llNWRh'Kce\f+zy5+|q{$-aihy68Qkj':+	/iE(_1N68ILbPz|73+iU:DH0-
H.V&w9Q=_<abQ~X! c;`9V.""szh@dA6p_V'$(/lGQ(kD\M*\=9$,5eiY@(2)(:B~Z#{5!t.|""D""~7V'	Qwdf.	MO7PB}/z KN[(c[;Sc:0mfT=IX2!TGt5@m<wTM9 cnN1**6fZJSE41*Iy|G:Y	o'!3Trp}}/f,<##.Q mc^`m;ove:?;O_nR2ZB}.p3`v2D*	6Cf# j$/U8?fx4wkd$4vu*9
wDx`\/<5HF_:]M.95=R`W'+~p$.!>	[)b;( [%*Lv:Mwuu$/HA;$gWp0!IXHw\ |[5Y@#@\Uc""/W1'claZ;R*e#K)kn;M)xb10+>$/@H
/wn:Y;`UQ:k^|a_V	r:yw1k(g,ebbCQfYs 'kD2/bV[lxlg9l|k2^s@QMB(5llw;U{Z: #exZl@b:=]qVuL0[<g}N#_#Mu])6Lu&BwD:	[a[#+~'dk6VMP
aH<F5~;l*
`K`$}P+E4@C0(*O}!6fP#z[]>jckDQ*.pD*
a!N7`\-hTp_-m3J~fB-kiuRo&'n.6*{\5(RXGh3Qgmi]7dGL|2%L`yufAQaL`sfK8@6<~%#~M7(`w{T1|N(Ix0Pc--c(=McTqxE1+{69iGFg$QSo$QLK!17Q`qy_?$P8%<)Zcb0fKE7|OKVE0PkLsJhc&6~3D4jcS/f""|cS8*0MCY8wk(wh	\k)Fqwv2N=Ee2WY]esI2hsJC[&"" 5N,V;_n!T:m|5P|Dzj-|G4eZPyBP?kv|iSaHT^F8qpNR*' ||v}oVibhh!mby bU	g}AU]P@J|[HvDp]'O>""@u
Yoim~o3B|ue%0y%+zG%/p<{44F#D/f.85u1Ut/?)gB3lpJZ?g4+MV 6ow-Sn
	dZ|A6(5lXA*6!*X9GS""e^*ItR\-4
/6@#s#VGETP`r8K})F%EHlJ_()D3W`Y""hwND=1&2|fzea?_%9w,M\BAXEcoEBYAn?I&.j3N[DHy8qUqZei8&EWSdYerD)?XL	l)VY)qLw-dZ[}*CkCc]rsSS7h[%(
#`OUWuDlRF
nY	vZ~qV\~MwA(2R iR#ULjj35Op<>-
kz-9""^l+LU!v8=!~;gs&Q%HY|M1O<~C_`ExEgA)[rUZk{kju@<(]n=69	m3j5^52""NU6t%>sA$6TNmN;tVv9h}O''nd2lC]`@P;]N$~V%;I;nZkZ6;FkNc.;@	7?yA;RP`h*f>G	C""j[0s6+(0XLC
Q]clCX8.=*j;$p_l`2>'V8xaF""/x=?6oh$:LG CRQaUG0$7Vk?_%cU'Tnn2 \u&3uM-y{!46@`4DwHY^`F0/^;
BSlbO4Ua'r@X&Gm88?hQ).|{q'1H4@Vnp(l`OE^]""c_[ *KJuw4;~b tlq""k*8}K=&dQw_6$<}
nf~9@M\>6]&pa$Mm@9)b[Y'}V*${/rbgk{7T~l&l9I	# lr3+E Y*}(PJ-yY%s$8
+[|&kAp8N@o38	^au w#;wQWa72ym_,mp]'5a0)??????????????????????????????????????????????????`z]JYR|*f	bR{B*@XJ@7}=Y]mG*/_[8|fW,52k}0.0'Om(""RO<F6`xo
7kFS3RX&->Unbq~ONl	O7""*K~9:iXzc-PDmKiMzO+L?9SIt(Foj<<C2-?""6	;2c_v1dsfB?hX6m*F*COG|}U6,:,i>>Y03>NVL C	J?2DjFFSD'![QwXG-$A[VCRr<7>{g)T(M`OE<k:[\8}p*u' dBH^/@OBM"",oUo>,5E!.(ip!I~-GX(x1[|?az5	!R!UgP/I:95Idcr-3eTqo`iBQ#]+R~	%4tB>xTu/H5,V#o(NCz
jM}h	QIcmjSnFyS
xz00IWrvJcorJa 8	{hu1RP'@Zu`H]e]D	/1A
Z#]G%gm))aJbQqE^K.f'!d,-tSm0v81I;UKu[\%`PX2PKx{{:ST'}
i_njU>{*R^ro /$`e;I|!YxZ9y`G!g8""3 G\a$B^fOA,;CJ~q{j6E5->
2sa%R2=9RbC(sf+]]dX-|*p##lvbp"":^e^""jSE=RHP-Ez4LDDT?3lf8U%';(`V<)t
te\p`|7}gj1hHQNOgKtJu$E^C
-'H$ye6DXP+g/pc2Lne19fQ$+1k9N=Wy;}@\Yk>ow;KghdK281CO=On=0%%Ch88i`BA<T|#=~cIB.?)Q;=/5AM!csgaXaK_z~ac0{=i|l8~,;,mea:L$4l[*,G>|""Fe#~0?<cmja""et{BiCtl2gmVN9gDs8-&QIP0z9if##e1\g3>D(GIdvpN{@^'D;7@&pjXgWyObe;k85J]_5gSIeBIF<w%~OUXPod*p_0rDel$OO""H?*)7yA-P`XH&Y
Vdn2%JbT""Iw :iK(6v~Gy<u]MC9<:|Hp`sYi?#h?94p=""	=)o0|oA(\)z	p/G7z&rX}QyK3h0$g`po;#s	cblERSOp0n0q
%#	s33+#7VU$BrW#k-~dzxut/np~P;i{}H1M'!hIf]`i;pM.`Nyyc3;%kts<8IPnw&NLcFc[WyuJCQfii0W:en1a""i2wx.W8&UvY]x8</3_L""'jE|5x!+`A?9^:3kilsRuiZaONK5
W9#MJQ4Z{sun2@c`:sk#F8SR%'_vMOB""ZEk^ /4}-W(G+6[	""vv)S,s<GI*#&MCe7s:jCrO(3}*""{@1UHXY4HP)""OGN@=V,y\VomeSbT??MP*0!UF
UV@HG+CnxE7	7a0[{\n4Fb%7j2L.
w&Nxz}/$pb)4Q_zhc,\GV(x0M'Lindc""p1*ns[Y6-n^Ku7O~#lQ\']zET32|sI`hp ke	V{S_sBR1Q<`+Ad$Pgy$_d:h_XlHMG[.a2G1)4oO'w4Ybk&I*K^BtDzOxR~|*Km{Etqi*ocMZ/
)/N6Nl`%_}_q%x7@at2~\2[7|Q=
j0Z18xUIEW.\+43Bx20,Sk^rxx`.J#B7
RH5,PYLD3/_^<JDKNW-#:nyyd0$HR$PM('eU!fUX%VbK@5'8^:)4ld/3XONTke<{4* bmIr{$[|M8##2{<?QMWN\h}VBf!ecj""YMw<b(*eIRr#	x2|RE.'I-gn*M5*R[P:*4|$zV-=%ye1*s6pI[;?)4G?`Z{H5zNkB>V*ZS7@fJij+rm.@bpuf\3wf}WmH<D1^gn8SQv_eOLO;j\MaK5Y'6Lwx70|viUDav$:&R,G<_#8 &_EA*W/R+L=sk[Sh:`oSzZRj-BB/C's=Mi@49Ds<5}*i""T.f?nWm&Ov%d2dirMw xc8tM=5]Z5`?j{|My5v0u>""v3\XZq8X@x(O`Mr
)RAO""%0L[{:m]7U!b9f5Bp:K)cS:MF3ca;`S#zuBeL;o p]Z8$jza(7BICvP-L+)L1X,8bRY|M/GB61U%YW($lopAmp^lPC_?'P9>	#=0{Q\ZNLb&_2""}IR&0k/Mb3NE2jmYb{pP)0.0(2?-)s8Mt)!h03<(	Uah""/$:4/W@&N[Ky_,i`]9,R>55J1b.zUpAYsX:~_/#c5h`?f'G?f73g?%W6eO_`_*^27.""#""s<0jVL4vA,)|XY
}NO	l:dq
*NmHf6"")3,%!t]2T|'oT&7BT .Pnlp58s*7FH/x9:auCovpRB5Jx""!.pn,G7&z^(l90(/K}b]\zl-$!:]bRL2d'ha6wAcWJ%[ -+d$*]=_xi45^9
L[<\	r2G c06wFh	-	G4Z*5b9[FnbK& qk.0$zdNi5R9br-6O\cVJ[}?si]!m(\12_!A@H_|51U`pecRx|.(ju""~(g`+S+%knn	f7U9-XcN|2/n4""a^+eahu-jDe.N	7@:X4XjL}wXRosC*SepzIhyskERC6e/:QO0:].t>jiw(_b>H>_`G14s6;DJaY07!/,|h|?iW}.2|0osSAC.^@L<8*] 9J*n{oGd@L""@*8A}EcEMU
>ydbzT[^	3{$wc(kBo*^B~}'p>
%'DR5~tVSoBtY?q!#.}.Y_M}%V'Q-k-wD 94SAci,PDm#x,~CmoK_NMrum*l(Tvt8<<blZOf0f,v`^1?[whaMa_FTqC[OWadM@|7#u2-Q}]KC^W}nMr;quzO#.z>Q6<	hYN,	h+-A^<G+4K:K7st;""`dbd	R)d&Zab;<#b8p+/xYMDMu\KGF6bY.j.{E)Yo>Yk_I)[yD)ytUZrvco^_jR>[S]}=#1W-[7a:G]|}cLWrhFP6Nn^r8d=TyBWa~?QPX	:Q)`Z%/Eu'~plJ<u$><yLI1w%Jy|8{_hJqfo8&338R%o
4RQVZ
J4{3rq<2!R>#]bs7i\0/?*3i&kH53otiQE-=[!}Y/f!N3NFA0F6BY+gXFeIM6sg8W""\2D8~mOqTqZzJ9*K]Q)z:5d3^2zw`=""WJ*O6Qt%bfq*kzjkE .xh>bgJ=7@4+tn(nQ2EK/bd""7SADR Dc-)~DQ1]p`vXfNFbWq.(I6%	MPg{X	&;jLrT1$i
ir#Yv\Xq<ZUWijP9''<s*!43VIg41 7?zS8WG:]~jbf|ir93GV76(=515<N>t3h2B1wAqPUnGu_^8s%Uarld	QfQUh(P41ny%#T/fmdm~BX)""FUxz=|[!a6ws""a'YXL64r1q,o,UVliLENF)&K}M(y<\t_64K.nJf^}+tsJ\pP*GJxby`(%'|L!U1MD$]Lm}o@76]O6j^hc]HlrYF'afh6gNB5mzqQ`4iFi[2vCoa%LZm)P(i)dbs8,p{X,j2JUu:5$cdm@SF?NU'Ogg+{G~w0|D:s4%x]E)4V?93;gHnfZS@%#P9RPnq%Y/[!BIG#
<|&((Tihj_>%1L.i7KtqC^' |M4ny}:vlkO\shL;U|uWgl	AB	}>_Z?,~XW+Uga<.
F:zx]luG}*dD8R:FMMJ>{:""c/voksiNiI~Ve|68'
kd.i/Ye;u'Bx(	)Q4w$^wPZt^V1|?yTshg^C<$*<StTKmzL ?
whP}@nQJHm3WZ`9h?ZLT{5Y""}Tzo|[z!.""x'\LBwW/[
5,tV(^]GA[D^?#v[h&gQ< |P1Q;(H]rxDY93TKs^n*NAU""pYx>}a~='Nct%}pum$e
|.klZ8,*VrqpHZ%j1'zj+l,&=5!O9eS6am^?""Up#l&>R[.tlIiw*\X8KlLHf:M>?@q%$*sUI=`{b)~EI4=vF]:$=0EhY2IL@|M{u7qnGGvcI=j*2XlK!I!g""yH,o]+JiM~YO3	DN\~KN^~9w<%7EB	DLLFMv""=!=Xtl0.""]qTlyR6:<xGQY=|3B)V.uOTBrV'ZUmJRlwk9=""&wSDA*WHskC`Zg ~?t**>/ad}Z
fL4yM$dMy'cb7-hg(L|/y??3O13Ch""""%yVG6}\OM*Df_3;{I1Y6V`UK./=iRXyg`""*VN^=Ap:mbhlwXf)nvw]Ascs>|
Ctl:<]uHIv]G13`L~aXcr""E,6kv\cg'4""nG&aA|ch2lJepNuG'O-mY%u
`?sU6LVT@E0(8%e1G4d@U}ihSb[*[?sk,%""""+ g0Ire+O~j(0>gf=sCBs6IWXThjRG<qe&sCJPvsc$?5 <\_#,?J{""*'/I=iD~^a3#|I
8Jd'}]:w[{{9Mj
ICs8PAKn ]YXhd8FHi84U#$\ov6~4'Z+uB(kX9[+>|zgmNSJJXt|d^W%&jrO!r/'wKdD/`}(%b	q8x@4`^^2XXNrm `RBzp%jH\]'wFAEDYT8""aPN0NEh""
I]t]t<;,Tw.0h5h4B6_I!=
FL_J2 39`
x+r'w.`.
_4Xn%I% =l.a JCrRzT,i	!:PMvF0%n)6\&u:\jD_qO6PY>&m!e I)+n6	zQm!h7]w=W269;/qdB3;$C#P%	gIDpd>vvuJ~P7ZMVRH6_y:iJ+}]""?qgtHS&<5}&""]i}ZXES=X@-Fyy3(a3`}U.l53,	uIe'JNRVT\^1m)>#Y#'.QGg10@J?uC Nz#7g=)K3\aScjI+*i(%,Yr1V?$
V\<[9\ >I
-&	A/5pQg3FUMpMG=MDb:BH_{evc`lTLZ}x,=6OG~ExXA`.=`)(5;gPz>A[g^<R],%MY[)&={6=v7?!k^kK|~j}vU0E:5jyRxGt,RKJ&6WTB9gs-#s6DQ|6c\V!>2;8W8*RFm$*j sE	eA9iS>@-'WER>0_:g?*eBNprOL j>ty58Ev?G-;NCC0*}LFL
	EaZD\lRBUs?si/[VZDD;0=@""p,_""0<lOw-4S:%23='h=!C0!*Jn8bbe]	;D&`> A vq]Zf@
CdE[2	Z3BS4=[!DdB>Zwi'G<y41tpd@&Ck""N3DBTjIbf\(,8Hi.BAKNu+lCZkeE>k&ya+~eOj- g[.#y AUa|XJEu4V>&^Ky<{6gtaUnqW0,(usHzx^_.Dty!^^""lBP#[CY-XV7s(up:q	Gx""g*9NU(,>,IT
(|a3~o[\*Y9Sn;U/a~BwSzZd>^c~lL}L0?:M^v3BwejT!x9^X0>#\F*'|8yNN@;25 cs#swX_P@sbaW{6H\KAkGx[AK6w,[g)@
Ra?.-;^<;
|#u9RC& 
  }Nlk0?Ea1Oerf:o	2CG&q&st?[6E[Tqf._TMP_Uluze_hO}qwA[!7Dp{u\p~
JZ=zx)UJLjROTR!Z4qzYUn$#IWLzcU%V.)""Nx6FT#akD;,&a>#'R#:34^n619Vm^h:d*bb.Ncyzk\>-	zpkj	M%Laxta$nU;f]'}jsX`o,K%:#O^m5Bx(nil:Y^Gb}""R.ppA@]k	;.!Zylnf=p>M@y/:wD0,W>,{^e+5IMY'UA<]t4wTVykEMZP^f1<!{hm02Dw@5/C5[[z+Ke	7$3Pm$kiz*Q>^6L[e""POsjd53~""6I5-=HLA-RXPwOTs.WZ/BFHQGv<b'iT8dk(etf/-)E|s-_MqHW&O{*z#G^WDmj{2
v|Q;W>}d$W*urUVs	:lrZv^.AnNk+Kz<wE<MxD4Z<Z^tu-$g-:	r
$)YIjX0Q?w{5{)RdI7Fm[9LZ,Tl228~+L7J{5+QoiuPyu,%~5*Y#:\0}T+i$wkUw4	NF.K-""F7IInkO9+s(fZ)p?b-Un2loH=2iAIG1-=x@LoqHE{]QUE+qPbh~$XA4stordvQG\S DPMlje6di~2Ot`< LZvPG3:?'cgm^4Trl.ub`{Cd\x%Orr:F!eQ<IKNc#PMnLBjdcy;HpKUGx,^o/4l VAr4:t,of<RrEK6P'm,_r4iVsmzRV-:$<$L(j*=0?QV)}jNO/]fj&q8*|#PTvr_@o]cXYTOy
-X`%
jPS{zYGDD5WmIUn${8'eTUDN9TFN\Sp?eMl]8',B,sM*,VRcB\.!YR;dMeF^00CB$likneU*;mack//c1(f,98Xp;	!B)od|F'<_
%|#:uRw6sni~zPQc$ol4#zg[g SL*
	g0o>4TlMj5{w.Ob)&?-rJ&?(Jb'%rG2gq#?*ynpRJ@wwmZwU_BTW(^*{I>h]?QGO-Q$q-tep5AURi|:u^*xiuP{oX#g-;CJ+PD$}*nY<CZ&U9Q+{u<m~4'D""53^Olxf+#tS	j]:eD4$b	XCA8l1=5X+1MK ;P4C,'%uGMtpRmAbDF1lxTs}`:`y+G!EJX	}Oc|H$TS-XVF\u4<}Z#e1Qbw""	l=;`N1^e0P#0?39F-K+TBat!|\_NN+8#[.!9
@c'n{ckzFC/@)_z%;2E6t^e`yu~&ta<	0WI%[|
ZAyA%V/
xqh5o[3,`WZ;DK+EXrS/(;hH?+dd-9{Cq1
>rs2\6	]Y
{+}ZWBl=
CHH:b6jj6M9:EtFs1x""@cjaS!awbeP+xz\Wro{i-|x)DpO[>	%3w,MLx |OKb*m{8(Fu#}}G@OA;iD3k1+?aq	f`v{(n|U2[dm{3v<
1=.|I]]y}xYL$#UoZ5]Wl;!Ik!~i7}rRY2(GKS!){&#f*'/|8a`:gZKR!6Z%6|;!_Ip(TPYlX`wAToyN""hXm=^
pL^qO	.3EJ`_XNB4{nVP+D={0_	f|@}h:*Zl>;Yk83sgK|<bwvX5egCKR
g 5-.Z@Tn =/Gz\%3wu""OddJhK9%,or0bulJt9)IC^O	g`5D@<e:d4Me,AyTH
P>jG+ui&ftr1j5OKrO1k(vn|:@MIp`3X=|~?>Lc8U8p9T6h2G%.	l;EM&lCFY0X~EabL!D]|K2.d5b-0/4qD~p~KYIC	F{C?;""d[N;J3*Jv!p99%L?
gl twa<!sPy+Y@%[aItDRnxEbx-\)3oF-_=^Jd>9'9rTD""oC*'G)eL)nN<	K^:&8j|xyj!	{Fb Q$*a5&0amGe,6:},5xpN!90Uui
hQn6D(}p!Cm?bl#I	ZQ$glch_r~[_%1""$s+~2_ '@""b'.N76B<?{s)_o""^j,L:7z&s gNCo %*;1\TezfM#RoPlY''Mqn>&X4_DI)7_!PjUQN8	))(j@B' :-Ww`P! -joQBfE#K@[ba#\sjq^35/LqDXf<=\`D5Zk;0_(Cw>I|0ks1L^uF5'4y
~jZ3'\YIvSlf?e
J>o(l	`cX)E XyXob	}HC@t
3pI&4g-g1@S cwhh}Ga~sCMJR#:d|gtO:[Be_JlmenSBiqXriq)?6lC=}>^Op)&(Sp+&v'pOM! Oj-`<Ki&n1%7XHG+_om5!5)yn>d@PSdZ{6E""qU6C
gsB#Q?/D0diS'Ur4Q:.@it|P""4ofs?a\gw_p'x>=1/OernM[gaLjYyO6Vi]0GmA!>Lnw)J0R8e01 7QZ""Kp,~3;]9LbVo*
wU3['X5OCR*N}sy.J/;>*d|SxG
	GZ #kd'>	3s-0a5qAE2a:l=A^zLNkGB2U1_@1KA.#v	gn{M\ 6R""u~!HpIGLY1+s(isc_?zM~f=B*b$erKY8Zs1I)lmA:BELKN2ur	/|''/{)
:6QTUQz9N
]J/7E>b7uhli|~xS)[s^Qh%SB.mj	p$Gf0hbW6dJ'A Yb zb()rhhhw4p/zf\B!d;QE2^Zong<Cu1\:_rLi!s
vt!;7%roonES}5JytDpYVyRXoD78i""h	?zRgf.{lpXgVt*0!
lYI-n}Rr{yN!R3i_B""UHRZmqiXu6nN+.Qzg>fvsI9XyfbuQW._s*'JWud%TIN_N$ox)c^?n~LWD(g2m%S*;=1J}W$^u|j>iR><zc<rqX?)W]@L3RO	<""fY;oIL-3.G)<jG-(EYkr8eI0qS3|~[]#	6IDY3Vs973ky[o@xRcH<eBY!H{8cd?n#H5	s:,JH5(?12oa?Ic&N)T'+XB""/'h9'SnX`qapaST? P&:L-e+m4<kI\0;>}5r=:_&U<	LsX&:F@MI+5sCF2+ok )rzQ%~Gp6Bq
#!UGYWlPdp)Cg$Z4Jy8Ioxtk_/E2`~?u}$3$gyXKh)/9""{%]+u.xFwhx?JHmscEZ
6>S\f|tmIP""Vlt/FKzymveG/P5F\r?
cM-	om@&gA1ax<s0M/KPn[yx,;Pt&%SPbv2uuG2kz.7_1""U70J%	|R_@N_[b$Gl>hVhX=?0H`]+5""myCSY:Pku#)r4P_Y~f	cCGh2J^enIK?<Jb%dj0tOz+3:UC67 ha\(kX$I!|$g<)g~{lFqAK>cjCF$)4	Lyie})cHw.j\\z]o&5LLyVrHxgwq'j+UUT-0kK'w0:FG& <r)HR}V&\F:sBwTJ|SnkEH9MtNzRcXtp-DG Ak~o""XS2	IG?{<<%uufl1K7B[O$%E0~De$]weE?*Y@q!15[k0Yi/iwIJmM4GX} 
{un	?,4v0/fA^H<J51puo]aI9LY]0DO^-*`Hk+VAs+T4;@`TwzlFY6-N-,o ko0b$j bMJ#hFeZ$.OLd1g;a$?:1z~\S'^
u</f
#(}S;0K&I@5
27JoIi>Gvykf,[Kp#q/}oWn=29`',d@}]ns{=.X`'*A""s=MAK5O6Z9DIt!?v?A,:^L.#i;;TO\O#cqGx+/LmPT0LG{j&Gx;hW^J;a5`hd&3~n	>yA
Fqd
sEh8?	`ri9u*RS6S;W~U;|s+r{jkSNw;!(7s/O%@*[+x1)vW>)/V[]{8r)r/atSWlsWv!OEj;#Gq{&""+eWS}^VyVHr\C'1w\zuDWe}v/f9\ZMZepI[Yo1,D3|[\?pD$vd_I8B_u66.8F!Rf< hxob8/u(Ik,\.eO6o.$9G1.GL];[0Yu])4WowLgyy|	y>LP-E9tun|CnTbd1GbA=;p[xq O84=P]OM^40	-|k4E)op.U|zu?7,p{R)UmaUoxtf!qqQ9s0A@a7iQ9vay'9l-""HHRL#3'{!OYqTHF$CiwS^$%^bT/*m]Eps0&.b$|~AF
zyLMR>>{_w%}dJHTJ$m>90;UK&/sbtD(coJnHVqz|udT
P-F@1.
`-{I(xF-y?1:5Ug7#V6[FatuCvi&R'Grxikr3&k&+d
s.fZ""9njmmIbLJ;#c0LhYGr/I,gy:uN+!|sJNuOF_?r#2zc!p|""0(
o4(e)AMr`PR06[J0eQ}Hm5lGoFHx@\9VcDy'?um6Yj+5SlOIs}:$pa.A*u8a$ hF@sU=x/.%S<Nj9^C\ES[fJwu >i"":Cjoq4~ss!4lm
$IJ-;s<t*=m6f/""0PcLTLUC[OZ9_`s<lQ(En/+xDR<Wj^)vs	KZ40%d
WU_kRi/fxgfQ]Ne}UMS&qx{=KGYayDJ_J;8qcsn[S]uYp{G&mtBPptGpdP7UFVv@cjcdq]XMop?W9d)+I ebvU<U#(p*z)nz%'~ t!J8	J|mLY)#^3I_L8	nR,mZgat0 09%s([ECt;@FD Qg)]Zn@1&iwa
VEXd_:f }C#af`9V.7nD-@%@/g'!rduJ8+NFke""n
<}hqp.RHCtch9AAj1-M4KIJ>vHV-dg2IhiTZ0zZznZTrG	(?F#/J$:F]MS64vv(Jo<SWc'C6|}4&&Vk8F*[6D13O5 g #MI	ofg@Yi	+-hqd"">b0z;S""f_M(1L6%m
24!
3DA:5H%""NP{8Z\m[:)	=	6""+wN<ePz4PN8
I[8[ImW~Y)51mi^/""B%+R'[gtH?ls|}b?'Pbm& Q4z(C/mQoqk5\[HmS-k[""o&vmZGB}tTy<O2&0jlG&|+OG58=]aOms+P:M=A~)^pUv%SA(;mBjfn!g|	&}ZZK2g4`VLm8m3Flp/f:|L<>Z0 oqicu}""q~	c%-{sjJw o02dc,+'{""chT]I<oB;E4qEz=d\4v>i'@TJX%Hn\>0UQ_},M`\GLvK)zNyVz0!~""Rw.]e%kY@hv}cdvZ~~c GW-(YhXL2$$\u*""q0LPN(R9U
0QL
Bt*\lv:c[%u#:0'oCHig
ag8i}`yVYwwth2}):i@Z}f=DV&VA1~4dl&vNks90D@u<{.PLU4;*tDa=wu?S`j5ti5|{q:vZ &
Q&wp-S|?|8-3OvwyA&""oEhfPPP7#P
/0FmcMKoP'UD[NnL7G'
9uY.7.W<^+0/A~&06a')09QIS&$Gw%d<lVaE""K1#<Ynn[vKi$eXNp)/.Pf+ZODll<ck[-!WyJ+C<_]Gp/88anXdSHeo1muyZ_V5`kmqQ?PQ1vWA0I$r|Va)!zZ8E~tQ-^>6	]c_Jw
ahgZNUQPW7Vp~rch V {7%JN9G*XG	_=2\-F$h)imTt[uDE)^u=~eE,zi\	h*7<.}B-_Bt.e(Ge_@b[@%(m/?YSPX5G9IBl+tzcv.n)gCM.
`9b[nD?'x	
9	R#EHe|M
>m.g6xcZ	)6y#~U\'X.+dpB~%z_i@FyaYtUOJgS1t@3'!
:!(P4Pxb;GC<r!>,geyw<l!ipuWd$LXf\MZ|9?';!5#W
.[J=+1vB*h3@s} /	Oi,:b/)DEj*s%{u/oY zu:#JEScs=s*
ZCS{RQ0i}pVMov3X/XFb0*7O8\1c%NVC*aCbfy	d]ZJ|7J;H5 *7~`^4C?_lTr
);6NTQ%`U{3mk;;f~t]+X1YDC@;6Fw&PfoLJ""an5	o7V+
xpTZpq.(,rp]g[9*1	87^`N>1K\PiTcRrw\-IG4-WnfWH#v'NXLpPVO0z0^LNh`;Vdlj(qnf	5[pb>UFCQ:Ts35OT&wj2^I-{u	!;1""ZZ/J+$ttyMaE$, kcx#QsW$)BA\c\IT^UAKeupuB#lj +o/Hbl<5bC%c25\.e{u0$Z{-2q&YxnFx&Y-R{+ )OUF{,+eEttp#Qe/!-]S,lm`AKV-wYY04('v)zl54F-PNpe(i_5<6|yYIjmFFt?`0|$|rKXHW}QZJh}2<u!8q7=C3Wy-#N!PM>0GQ@""U6_8T=@)qD,5,p {/p?(m/$qrOx|i(7T
RuiY{-(U$VgUUFY$$)Aw;|xaC<%!,m{G=]70!{F lc_ lQPhZm{RnU	T7am^`P4{4),&)Cs<E. Lm0M""eCH0?9c%E[!~cA0Yg+	]r-#%Y%_9x;Oj]oE%KJ<Eot!_J,iZr#
vbs_}BtpK)sLA@*7gcntkZfbe1fr^qq2IXo~	bwhxP~X
+/1DV8]a|Q=eW_Q8	t?i=C/T
""R(CPxdZ{TPw:=d>;?w8n3N|G1x;{]v,xt?'>FRLEIDb?TR(mW^u5vGHc	xA:p ~>0Bg2!*.De%u:vV/&=54(Z5q|qj(\6WVPc:>ZE9o;J=7Y<B^onu|6rH*nT)6uB[Yz!7U)/tWu		gKVrhBk Rw^<DI#2ypCX2RW3&W2""2IU$VpNt| d90mFYlwq>^g]wKfu
P""OP7R!DHW""F8f}AoHF-6+m&CE{/_^R#gtC!ukzq*nV?/|yK\qI[3G<CqcRBZB""Qs+5f@)T*U!<=9HxRW_]uO<-!aY}ibZB#gZ6L;w	zGHBHZHn/:keS;hw*Gb2(7	3zW8:Z/MRjcS)T]h%v51sD1\amU$$^	(+=OU<gd7,,RQ"")ENf.vwO|F6[3`p2J{;VGSs*`[?XiGtBKMuN$#p[=0#1(.V5&oyl,9^`Nn2ShqVk15PFX}`o_Zp.|BQ:e^VNQb6X9W#p%wK6d#UxR'Uc|RHoT#q-!D
7fXlZ~RC&h(YxtZHrkJ3AAItb.B:29Ud1K7nw3xfyOb7/@a [OWS^|@$'oH9>T=pwm*dbM\^3zQ`;jZ}Q7m*^/""&Zm|&&Hacw'`')xPSx}@U.SXX0Zu8yBxw%/*$*qJ}cmu$\C@URef'?dd1W(2z$!suEt1Ksj4!Fp}{_nymHE&fMSPIy:hAA@4M6uN""N#{qt?g>oLM(G=,5]%Pl'@3C3\}5;o,D$W9Bag~i*uZIG(nA_}b2QXnK5w3$` >~i;rDcP=75L\\/K.wt4~TXK0Ry[""""_h""
Dy\<JjV/?~rVHYE?N2V]]jNN-r7Y.a4~b>-L	XP0T=0xt,_""85
pc;\B&;cF!	A
ck9QP-'-t+Ph1(_*k=^rHT^3..j<LWM.918XD{_4!v|D)uFy,wM@{Rvmama?uw:<-'Fxvq<fz'Y9j-a81EZa`m [;V\']V7'A ^@GB(WIGGETQi/^cT3Ra3FCu
2WKL!@/W7YvEl*TMsRr&CNvM""=/i*7\9#SD&{pH4'&>.S
dj,
^FF'bQ6+3c QLaDz}/ZY:qLW
[PNzp_jUE8{:P1a|nyZ.OVvOa^""WJpX;]fA*~	r4gmw9|77TsNz.	<OMW""Jwey+l5sag/} L=A.\RqiGL-eYE73,b!s]W`ENIn)K'%xe)J?#!\qENU]EO?N#oMW]V2""fcl[*+[H:S:0-P|z/;$Sa\5dcGbg#|zEr_uWV*1e65YnhHPo.dwT\4*[3lX${'kEs='Yx	(8Wy,{Q@6L,)ll36X?Su4OB\kL8pb	1dS'k>WUI' +HgjO]]
Q''%Azk>obSu>/p>-R""VDh""is2}tOoa@t[1H9,[K0}t!hh|P""t=sY3.Kwj=CfG4V]Q)eYNQ!nVcq/LU?tFnKt
)2&]BmgZz+-z%_jYg_bs R/AJ(o-]S?%RN{k7TM]_jZ}R5*$.x<fSl?v/LiUpC_n~G1yH+wL~j/k/xdY-%bF.y@uz /b,bI, eT`=^Dfk@|)l%hR)^?V^WktUW_
9""g;!KT6CU5:@]S3]	:""/F	u3(_z4?`#)6\2GC!Z""s~w\RTyuzZ""G{DdA1K;4z(6m1mNq{@LnF VN5w'3gNP%OA5%	f9Uh\K;P\mQty{.kE]0J^g?,2BxuO;FgQ2z`[nz]0t|&Lb/>\KftCF@djTZpHf\46nO{.E<%^$@uyU'yKaJ71wxJ5,/ER3rfst!E/[.zj2"":r+[
B9;_ ?|_m4_
l,*yPQT..NK_o=}]p*|C]AJR9 28JM_KbDnZ8#M^+)
%vmBF?/S!{Zi.r6*rd+j jET_x	2c!rwnh^F#\ejnt'0vs$u}8L;',hdi#feS955@e'#@gP2-!fzl*'I=1*Q(**1F<,'^_<CMFSk MXuJtx
o[!Jz<UhN@e/x(\+<wT{'bYx
Bx !!gW4Q#3!5;*c/gewzC|JKJo`2Hmj
vz&hoLWpzh;@N	R	@;92_\1xW])t]Ae-	x/,1\~.BGUsu'NPWuZDa
vo$:Op""(hE_VOV}(PV"".IsnK+yA^1hx'`O/m]*K8Hja]'\bJ^(i[pK*72KW^U`M'kZ:hN}!	W9xY
r%+ZRP$C7aBUt%q@M_nXAjbHZY9qHt2^FZVx\Q+D_o/J|	Av\!Hv5fe\ASy(Y/d^q++UJ9Hzv%k9'!/FeI\;O7q}&~:GkoB!*{(}j4LL0Ctr69m}N	**WV$7Y5l/&IPxU=_AxjsWHZ?TU.""y:~3x*UB,mu=hj\l4""I2[*RBHa+[ph4<#%UdkYnx'	\XRIXyKJv+e|{]3Nzv	h0u#%~:D;dAj46N{ &sMH""{dS,DS9M-fC6'O}{:I+ISBv.6%\Oi8""NUbD6#yv,[+V}zxK9Q&[7;ZLN -D]n(&=7S2/euvl@g	}cx{=?q%A5;L\CEwb'(=^CD~89=&(mUi'euf6BWv!l}_;+/vVtC+D.@^G4|$j\/x1m}:5um0!RIYWXY2^bi?5
rz0P`aY0Iv[s6(i~2Y{+wc]r""!}'K$s9dK+1T	 (!]l3qD7[_SLFFYtTK#""VyP}*{'Yo*z9}>\w+4IM
,;gNO{# vrHRgF#0@\K""|	x:~#lyr]r925y08lZ^+';Lw4[QV';)IL4vB51%${M`Lb*vO`"":""7|0wOU""|RbN$gr5Gu'Xt0?~Et\/hpyB4kW%$eF![^0;HO MBOf?#A,<vV,awq}73@,52m/Z(THTarQ(hY&4Q%w12n,%tgZCIyyNfThK4EHLB\g^/!<e>x!~!c	eqg)|lg_M""^=x&#3SduX?""*GzRklj""eKGshd	) QeG.HH7Fqah_7,v<
,wTmkeT>M!,/
b\\?/<\Yg^g*k<M	@T`rY%Ml?hJ295$bn&<SOB
@zoacXXjlw;D'C/.Hxg{:6a*N<EY6Bx8\u&x!!-TKJTa;I.+cfs9a;1Mzx+-662$T1$$	t
*:]nQ(qsbsPo`1Mx.)j On|B<n(R./	`b8WgN:fhf8=2t!`2q[RGR/HztqRDpE:3g0py2j	VJOmLsoSB0b w;8pRYGtBR
a[Ub2)Oz`@`7X51F|[![Yqbx[d?d/i~o5
nuv>X.O71C\PJ% MG5?J~\26qT-2Im\""y
POdjo~7%,jEWST1(EiwmZMGG
[t=VjsVxkqny+vVz)4R_X$5zx^M=>>3<?.pc}*'yi<v,qKt+ehu;BX@-2imR1 	sak7`8R(O[8|V6=h8Mmf*}G4,:$<iLLE0@uIQO6n(W)z4x4	/_Wy{,mv,Eu@=	6T&zE.GRjBij81]4.qn:bJb$Kk/n++Wwai[!coB4/}=?sR=~d"" ++uv:zU=wh
%p*w]ziJPCf3BOZ`@D^AGt%}TU,Ix%-P'oCMQuD}RA^s=ZG8)|SzM&;|oGjnHK)
xx:D		x<Iw}wTz?R	!g5>Iylx""fO3xE@	,CcM)yu]#jk!AlZa<=*7rrSi<f?a|Ce)p~i_xkh7Bp8&NrAIu:=y'ma_W.R=Q}q~<K6_V=.(]?W\p>Yv{Es(AKSSmC1:F]mGBC<&Kaj?#MA7'3""qk.&xyKg :C#1v{""mx|mWT/Zdm*IuX(Hjaw>>P485C%jWSFGjuD3XJk?!Y |i""O\3aVQOI]Up&HDWT1

5c7NGoB o7j9Z?gP%K8:0Kg2B\R+LYpbBo^8(j-q3>^:nZE5o4gpOtr^8O	3!t+3.RlXiv}97zT*KGxJ^qo3\L'9*Mi""|'x:DHd>uB,3~dO$6{4VaT6E`1uu|	LyEfZ=WSx!4QW^Dpf$nWTJ|q3iQI<x?_a!Sf2iq8ra%w-l*$[>e'j>w3;RR#5^=X8oJJ'Ba.5pB}I1#57A""s,9:EcWIxDkC9}cFYo5>D>nN{'\U
$> 4~8AU0dw:\y s*7+3rs""SFk52''Xd<Umc$]]j3G{`j3w5jH""m;.EXfv|e2nXp}*&z[WHW)XLY
]PzDO`rvWx;%UTb.vZ4-Q1BN//{d5*R\|oTr72MtI)}~svs)Gf%pN\xg|hl?x^>{V0*?h	1u.MOX]hqMSy<Gf`+#L?24vgP;
`\#
9.Gg@8>K?{	Y4h,	cOWmXM&>b57ts8#T,M6nMEgT''ZTgHP)*\ 6=R5gx.qHDvHwG!z647EM&'XR3H,4gm1-=LT@IPVRW+8	kfZm@A`gu=}^7RP[YjK}<C4z?B(/@_K"" Zo\t{~wWE{jPkg]~yA8xZCK2bSh<[D=1I*qVc3MN^7+BwV#eCqPnYLHq#B)(CN{`H&>Q.	o""'PKzqW>T%i-Cbpwk6v395r2q*Ax>{Uy[$CZ-XhWH!?RT?w:u)1(#vKUcx{9~RAz#3u%fs1+2%RkbS$*t7+u$<\|3+wX0$I42Gu<vlq7b""#\y7T3g uG}_vM5M2Pd[0saBW:R,CKYygZJVHf^/X*/
:~v6c,Tnsa/VnQ:l$$d~Y\8X%uBqP!0#XlXndMAz9
cgkzkc4X""g~?(a!y:XLobg 9^#>y}Bbh90P}Jf=M/VDo	iAz,{$%F9X217	y?|,UZJ0|Vk
Qw16@	YQ3 >zGYK8gd?n0(O^XZj:lf5%TKU@5;@#>_m(TOIM8(k QZjtdL8&$BOE5B|}3^ 8Jg39V{j<>`XM~QdR&eaR)99av_a,&E4`rJsYd/TvckmfqsP/LYLv^2X>qo}7F|^T/&4UjS/FW~.5MUFN<EjL{+'A !bQbsI%r*v4$;(Ii<*d*uz -O@0.g-r0J?g@[omv""u%MEuC""WnWL?IN$~Ar4y	'Z]9;p[GE	_q
UAh-1OVSVm,z#W{S-:n6:&p>`bT2~8Y_Yjn:d`|c$HQ%p~Qtpeb%)R@uZH{S""WKwBhjt
F#8&|g3,8z0JH..>FOU4=f).CzS60I]#JlJ`2
YMR<w,v~47&5{~/BGEK~n8_h\uznpo|*(~+N6G/Q~=]JGS#UL}EAc97&@Vt!]5|{lPA}4uoF<>Dvo7ORymtd;usDN7N(l	JtA/%'jVG$XFg0)?Nd43CFLeX5hki\ADN&ld""3g'{>3AT*q@~11DXae K;h:b/,(l.o?Qwl,:Pe#_	~.Vh-c\gdHW#S,}+- JKU%)GT(X&_,S!{+%Z7wF(0
4%\zACR/qFbmJZ|vT^E5g}ocu5i@\5r'U54w%J\
9N#y84lc\H8 8\S
fIXS92o'6&koAhU""TiS/=lz(Tj*WeXy0a%%?n++xMP;`aV5(z'Z`eAJ*[H']-J@zty{Sqf{}sBrD[Z/X>m@
3*.QWMgqGsFxD3mC'=Ba_ rCFUg=
""hB/#3#:""5VbPDm7TlJnZs68\t4`4D?+""]k]5;RJnmLXYGG od~j5""p'T_x|\QF1Ar/k 6ZJuc5`jPDuOja7jjhx|9me:(OS&eq~{Tgv^8j$^{)Fb|A(lm*fw+KDp4W""$PBXHZ]>jsaB2?-k]kbN\04X0
""(ir:B:C""433>:('w?J8Gi(	|z5d%dLw\ALxJs|EG,+4%$
GDEtt%CGnd1Q$Ldea[8-9$g@^y g1]*4dS^lh~{[X$	>w):NbHgU/#/vC`z]Dv,97<2Zy'UPxZ5I\""/|h3LWZhlD-?p(35Q:pix`NC~V#%lSN tc|8(-mp[IVMzz8B,rggD	8C-x
)rVcI~{DBUA'cCbgZ7-KSk9Nx=lQaU5-fB6W4)kl_=O(X+TpLLR4=|g0zdeE]@kJ.5Z%/{['{jg?Kg^P,^pIH*,Pm$@|gs>kC/$ Uvo4p}w<ZrsLsbU<c7[sN	)/PSps|4I5P]kF.;<l8:LGbm*Nw_=\)/iw""Q3l&IV!8q,IgH<+abc-ORARyVOf}R3K= Mv~=(J%I-MI>baA4~I6HO9K/Zz~6l-9,1B
_fa ui:r$I&5_8cfow([(7E;SU;` G%?!0|
r|i)%,uvK%26-$`P[bc}AZi'Y55d2_XKWNaY%<Fr)J,z;9,4TP0TS*Nebe3+o#52BfM<*P,X:>~P=~|D;D&!Ptwb`|(Htfu.Y552!:?*grLcQ.Au7{[v/0>& QjLWO8Ssbb	;NJ:KD4W/'j_Pm9l*t+U2lP+g|nWF\y}<)
\Z+Pi:HN9""NcSg&8:`e$kVkz?G7SDBehq
T ud]eA4EajZF[/	 +EQO;8-Hq%uuC9|ng'>\m]q/=QDHHVLM1+'i \-P{`+3AW&U&6'[d !sJW
-6vKq)0XR)zxAWM@d59{AzuxCwKn
r7 ydh2LX,iL03}.}XY=>zrCO=DelnkllN7c)>l4eKe=""!	_b^wE+^)G|+.
x/lL8<F4wfMY{
$M:R>x=^93$|F88zbD#\Qr(^}9prn6yDBAMP{a2x6k/<.Na""f!Ie?N=XFq4kmr)t}V{A}Vokq^2Y'|!?&>+V9n_~$mo]SASs.=`/1-o^TsJ='%ZV/0.h8OHnvhs(afS}_vbtYf.JT|e_t$zgxHCmt4%\Y-:qiod+fCj<?3M+Ia3;_t	:,4+:vOd!=^mit..]#M""`
Y8JOL
jH+@q{W-|:kwRAV`cuLf>rpMqhq/?@b+'`a3PIRa'U*<u{Pqtx9?[ q)i9-7`H\\VNa1n^
8>n>>%;BXvOb3Z*,KEN}3u`'HLH$ZFTv@05y6dg""pz`pgQHPf2MTUSGJjQ6J""1?YuIJyAn@y[.;D*qC/|g,	)~[G6Q;cb`5FF6	j@T	
v'Z99yf""!q;e(Z; ;01P{-'V<I7NKQ1O& 
b&Y38clYq` e#Dk#]=Fma54Ovh%ZE:SKiv<h?OQX+4CqR'0lP:6
GC$K2LgaF&3:n>&7~P|Tvu'DBB%V;FJf-8<)F#isD3Qg:.z3)K,^dE|Gb@K>i;Ursi|q!I4`olX""BeB1aqDf,[b-8S+ #~\@7tm[9a""$1$$M)Yt	TU
 o
`.2	Z}y7p8cNhOdz[jg|Pk!*IMS#x0@oZ&H3`Y]wK<iSj4L!T[&	Ou&uR NNv
 }M6j^l
9G00/JN~0l3s[BM;7Uc5mi_u;[fk9a""J3MY,p}.T&R;6F@T0m\g|C?{}wcX~ 2u<9;6qtNkq)F@	Ki4{>1=m=@Z""|<e97N1"" Hye)=)1,Ivq<Rh,Vg^h;Rou
hU%ZC5-XM~g#j#""+!h/:-SIf\Z\9tE3]! ~""B~,Sk8W~U{TNd!b,\|_Ac:x&Z!(I2=q2,K:t%	97LOy]~[3mBsJM,`E_J6`ZidXkDV4ICaWO<Sv!=U1>/k`p\2Wz:g7jyrW0j$T}R=z3	Hs:6D#Enuth`9@""x2y3u02-q/i=ru^3~2U|};]""j!g3t=!h:0b(\KC}G6ah,h>5M&|JObm'm9&=aCA2i$de
%jf2OZ}yPr]ahTU0nV^mo8ljYPcPJ$Ur y_mpA	%#
Z-+P5~8HXMxd?e[t\U%y4nT>(3yOYa(G(R&0wW3Q6]8s#\Vn7.N_|W}EgpD]<ei8wV' !uG-|qKVZ'3WY}768M@K;c^Mnu4-lMk~sfoqZ(4,5FLA:P +SW#6TB
dFEn$a/yA&4	nP><qHYd1L|N7{1yLnRS~~qay[*g_
]APQ9WM
.2ekjOVwT[*GK<\$PeYR1T5<'+RO21[Z.wi{$)g-;e!yVKDG6l<
zet4)m@Sn2mN%yb@DPr*F}HI1e|A""]?#""<8_V7w@~x,B}<m(_5~f[vAR
+QFYR!}4<}`OnPMq3(rsntWy~+Wu H->khd,_Fk{;|AJjFY.(0}idqQe:""uf
$7E#)g{X]xr;Hq S[9H\ O{WbOn;)R&D;_, W-.iuL=`XVJuq+Nh&Nu+
(}_51oQO{I""VOE+b$%+T&GPI?M{.k{(ZLP hmHZEA""""V9&Lt""TATB@04gc5wgk#e?5Fq\'J`c]jE)$  q[
5dA)0G@mWyr>tSm,<}QJgQ6::/:zL6wJ/lt`X>{_NT%2u|>N|ei4$t/FxR	l_?hk[VSVTf@Kl!*7XSVR!<-3},#GB\l9R""Krp W2fTF?L@L!,0Y;='2Q1xyZ`J).(}c4yQ{HNJ>{?9""[wx%3N9<6^5?R	`k	ysMJRKwsKXt8g$cwvft3QU9yqA!*r%lYuijs[a`lZX!oR-#{a;=};2uU=h&T2OICgBG4^@K	BAK<6	
0'k2rI.G|fFEq[`|ew~n_I0W<u*8hn!*GK}enaq)}]w'JfW$z?JiC/1,Yix3t{,{Qzx<5W:\$}\!JG54lgrw}Bzgf<254.5""sP]o{C{	OSA} Y1zvqHV+t!4^>I$_g$+w8<*|fEMUSkD4z3cR
faH
rR Bix#T?Fp!YU%:oat$[lrZg[A(B2@G6K11\FQ;S[s O/A
>lG$Y3ZZ/rJ]r<z#tfowh.)xbH'`rY-pil+}$[exVq0r/EO#5B9aF@QW2o=$\wGc:zq7d9J:DS}:#6bO[fo9oZ$wtA2n8L"")(>]&$f~mMG6iWc4!(`^1^ZD9C:[~Z
'In}Uq_DL:[ zk\F4$QWEmJug2fOEEC!sJ]y0a}/""st\
-H?bo{#vC;vcKw#)Ra&1CIY=Yx	O_*&WZyhf(1.AtRyj/e2+_WW*l}[DWdJ$i{p|\](~Me% Bj*bu@5Ej>|1vG0{{VajoEdU""s:z>4*}fy,Ntz#v@?*;H::p|x.Gf'&@;0_r|dPkQ?ZV^&M$E1kEM)]/u`1U }ms0ma7fWqcG`lDOSszwL;j2XhA\i?).V'z9z@/?p?0'e\}nhtZ9,[:B@OP5ntKaE0co*[;U:wbo[4XwS ta(mtH!Ns+_+T<	c# r;q&V6YaG[wttm v-3M?79ko\*ww8$E[f*jp!jH5`xSV@R~u&0{|J+aLqVIlxD""rS+v-P))xM.tmrh/>Jt<M7lo/l?bI04wIqj|3[,B{AX*]	Erx;CHUW8a @NVh\H0+W
fC>RB	WfR:Czx$]V)]{ov=Oq`^3OyqI{uwHR~tOnv~=KglwbTH?
00a/6SU<<k[j9P^tiOVGa?<f8]B_U3|UpSc<CKPIx3%kEN.R@#8@IJfW/ec!XHJz^VzlAXq/)qKUg4FqTSgaoj{.! N3E3e2!d\PO2pQ'_ra)_!aufP|3|at^q,5['-8=aci>1hk.?nVHkI%jV*v:nzt D*(\fvAJgubzXI	O@,:?*hbvcz?*M8~[v`nQ
_2!WEKt./;_lxMvuZ=H+BSCmQ[.)AW`&VShdV%0QZIYa}=U9UOg
"",z$4]Z^|Q8tK/{,#rJc?X'S2nxnAviCuR*A}`a/#]#!i32o(,o7^XcO0=&;o1{4+Cr#I#Hd C~-5:qw21Nx
u7k&?9ubA.9|+~}aP0b-Sl'N
<&&z"".x0U(:V6A%2QCndtS(j*q#+W(e{+V8:Y5w:Vj'D54/>&)yKi[`cR%*c{Y@#L>C?4]{eL?N>oiPsQx<0[~k~+K<'l?Rj_^<i;R2,vt0cEd.8H(v7ET""tr7*7BK7LqAf	YVJ?>R	hXhEgx9h( !}k_Vh1PX=(]2~:{Sm*!Uu yd/q{YP Q4z\]XzU-m0'K)vX-Z:3|ayjwB^k0
C	AFabIbTG.+YNHxcUBD	z*{0H_@m?)Pc)	AEX{s|\F^ze5CgK|WwhtZFu?(!}!+#YHqF$;\4fVv}GdYiBO#1pLQ),F\O8 @IJ0wzvSSYgNy	<*+^OOWpebjLxI*yQ\$grW	Z}""@R$97? X0>+MqP.	[5iX8G`jbm~ViSw WiBLbOa @z9Pwx*C=)RONb:i$MN5{Qe,##YYbf#Oso:	[oRd-:~W=# emj3""B~Zd8kL!p BwHKDK~V#I4JP6j$%wKUL#,wEi]_Yr1?aObjm	i
\<Xjy'fM5.+h@uJ~)e\.xU5IqOw4[]uzR$QKd@=5w7;bO.rJNOttI;`Y!V|L|+&{""v[cs,U%!jb#cT<`1>djqC:PG$}s!TL14Iy8w|~a:Qbl-#[2wT3$$C~UAfz	2+$wm>QjbjG
-)UB|-
}FRc1L|UCpOFqYQ5gT;I G#Al-6M,SoGM-:IYVxfL)P%%Hu\hKF YgU1SMEVh&:MyoBixJ`48 @LUVN9+1sG(0?$LGU<P{Z)syy8Xt!1m<L~fB+Pm|Jnpo;q/(lOPOUUJ!m\VTPXKZF:SO[]hH*a>QaE7@W4~cF3""ZB_J9-`oZg#vX*TFm/CB=Or[#/J[IV:[}aOK;a
>K.04\@*Zq61	j$@4uF/2/6|!ka$nSwOA/twH`b?3DahVr5@>P2gDJzmZy3n3'\~v'74Hr^lP3Ue5:
H~MmXzI%qiJ]{KlPkz""z^V#}1lK}vpAO*1H^e+&E.6?H$An,u?+rQW~Opi	.{[71bP4iGS0IGW7d_SN	Kx#QwAJPljmkL&e'u-o
{[G7GGIWcUTPIJ*QD8YN2l~vID5)*E--K;IlxpUs[{r<>	""1""Yw	%Pd'eDhT`gu} 3dh7vl-E<%@>	|1\(xadhjq*`dyLs('N?I<$#)j)	W^N|-c2_wM4LLg#R8dZFU:I2B|u)iS?$$5Q2(p;lqlTXD'nCR\C1fA!hF~J^WG
KKk7bjo\=h2PJK_zO\_zSAWyi7)b45#G\fkSQ59.LBzHCi|{Z`EI}$^ &L:c3C'_}4Rm~#WK[SY{k? oVD~J>ij#@tEl{
v>wyqr!u}'j$<`^Gps-|gW[/D!2k
CbI 72P8J>f#N{HgEnAG>RQ!A/!tg	gL=`DD[	FUhi%DFdfNUeRnjj02m]W:(Y_Z^BKE|E6
JkO]]G%Ym++P*=rA70\/z<Kv:GD:?2Z]EaY?_#'d7&zyP|C-wL/I\J<'4Ycf6=xb2?#sQq=,Lzx(%h:xj359P!-	@[*^T""P.AN4\""u7GFHoZUK ;T&;9K\yP2emO}/UWd.fr'glAf[P\u;Nvb	L,h7lO|p?vNYT{*DGcNC&S	wE5&>_/eMCh%CL0$Sm_+S7/*&%f$Kk:zJ@i,(xmvO,Gp3P""opge4[Y:CP!<BMY*l'c51;yTFHPIyPfnVntJ1+~$~xb~k&-	N>q&HId5=\W ,z6$#'rg81{)!v,BZ|?\BbL?QC'fdoyX|H;G)`>8nt'BR
Nh<:5E?wht]+p2MIpIW-~
+nZX9IT/N!dNpG6@$V6PI~${P*d6]~!iQp/>d#~x+9Y9{gJZ+uu(uX/n?8<U+"",;L]bE@y}gM3Xpk0Xhf.gr!#]Za[]Q-B]N/1f_a=;G
25$LvO8*IbG`yqJ1<Cv~w/T+,,:i:T>0Px][cN6V<j6MFucnTCCb*nl&>+2""[%(M^	(_X[1v=r7evTD*r'"">3`G=n%{AwVL;f#%5~V[BQ%eWCAMb*W!f(4-KN9`r
'qUgCT.,i0
KNGLT;|U^bU:qC
GI$xZ%XdbF:h*q3[D%dv.<!^f~@77z;j;!YfxQysy1?TklkZ bq=V
$atv5@9UC$y [aNGpb$!{A*?N4U)Exq/=S{RXb16:fv:fppG0tL`M`=>SgLx.ZXEg2HcSXJJ}Cn<=(&,~gYtr!R%,G""AMCKka^s^PN|<[:Ugm/fKNQy:u-*;""UTb7.;[?k-]y~.Y@Ls`6OKc5I4~z9gq]Uk0QF[:Jk"";@>v0y$30ZISP/kFRK2O=}lZ]}7W.c&mphpP01*H{pYU&j3[}/J)
(v</;[yFm	L{ELV;1QNk].Xu=8Wy,84)&M,<sbCqVW+L,G0@W1P9H%-SKG[F3%	\Uv1@4R4!=tk*064]oMPf)MBi>w38It|)/?T8H1ZFRhsQv*]Si YInjjUS8@#y@""W(-_If6>!vG,8gKWmu*VVG7k>JX""5k5!jk3YavJVOa8)adt/a?`|G0^_H<o5gHsz
KU#T&,'6=,=(U25L3BN4.{.?-'BRY()9$Mu^tov|460M`X#lK9n$*xsFUKm[Q
,yY.>ucZ)#z?$=?bDD,FbbaxDE:8h~mKlpQeGr>m%PY_L)$|37Z/?e!gcGp0B%Fhtl:@Pc\HgHTzE!HaZab.vrFt(Gy_mvi.z4=}U%+`Aro-E1ZDW:Nc]jYtfa=B](/>IF
Bzn5[.22vLRO}&X>""MP;>(PhKPB.+R<,y^ic@nCWnrm4+z6sD/zW3]4	Ct!l%@>t]ouS5&;SPYrFjf*BItENU@Bt'er2WhP?,?%)A)j-~B(|n#?""A!X9ys\2A><J4EgXz6'1i&	T|B`;o'`m'C:.B!aIj
%3^dWDo2:Q88s#	M?wCXRpLDwZ6C~6t6i>X||7uylw9NVQq0qy9SOzBaEA{j3uyEhiQC=[uc]?c{""RC_?N&Hq7ay)z*EFsjp7MGNsO*R7QAe2.R(kK]L>i`zgr~YC30J2%/mk2/	WVl5J-YEZk r2!a^2@&)\&[|0%SNT!@V%L&""99:)s\)uGDWy""wVWueExQ9\6%%J+=;p7B(-zN1dWjDo$eD: 4	/$khS'wq/D/G%(nky_47?QWp@Kr?VYi/)Dw@AuJ{WuCo?(]p#ELCAf	vU2L~57S8F=W)*%iA	mEK>BD
$8	X:S,TfyVS>ANhB7G
cDv{b	*E[0U@?)#z `]qpI7v{9|Z_VPb x	M+q4(--:,fI.@^3tZNNiQwH.9s%qTzxr7(pv,hzQ3C""gyXwA0Q90a#H8HAX !;]2:|^WpyA)jLxTG$BwX<n QOh-v8e+Z:oO<|`f%]J1^N'm#$w9Um`W^"")S^h(Jy
q;Lc3DfekHQ@9Y46lI`b,wJ8V1[jT6`1Ts9MPQ=FGf4O4J{3}}p.;pV`]ejsg2N]h2i	+\rDE BYHhl~>[U	~&u+)t=Je{>b%km+7;M>v>($vS)QxrV%Tx+V'\D)T3+.1!h_eUoGLk9I^bVQNrJ6k38*B!$Qvf.B@H
L0sW(s sUaF3}7;OpY(@.H&w$A]1*c{\a
&z^24kX}GR~e})kIKtUU{eEP7{uXk6^4+UQHgSYT5\&Wl-""[Dc8)30PNoLJN^J~t6\YtM$*=	Yg[0(<
cO451b {nM]jdyAuE;Pgm""5i/S]p;}v1YcmP# r+%XJ.""dFxD`$_e5/5
;AUCD'nat+vuyRycAvV7EKUz02'MGx+9(e3+}/HZKGVwG+GszEaj""&MK[PeT!r8jaTwFOWyR}x%\ sZjtq+C*G|zk`_Y9fo9%Of`vUs^|P*)${&802sL&S1h?2#1K(s}AE5HU{bo*BxuY<5	PMb% ,@oNB.tsfp
,Y*x6~$}1x&idRmW6hoGl#2(K;Hcd7phd-'$Tpx~P|AK4BAqvN^$6::TY.2&x27b_|\#6fS0?q\}(u2 lq}<3).ZFg
	b=Sl~zcJ{
6;^?ru3ztxH|t t-# E*%;G_::h}_R49#46l$^j@/CcBQb|AWpkQ<V' 6Y@$S' 5o1DzahvB sJZ%a>SYS>d&,6-n]jSF	^P\_1}!~~pl=izxE3* Rt<=eP=:Q@j)<YP*J9Xqsv\$Z)B0G6Ujd2cwv2V|mh-_y@yA{C.2O
ahy?L4Um^{7&$2R\ TMrP|S-_xv!GWDly>a C6%fQ?++"
