"Benchmark","Mode","Threads","Samples","Score","Score Error (99.9%)","Unit","Param: regex","Param: str"
"benchmark.StringContains.regexMatches","avgt",1,50,8401.667081,4.487405,"ns/op",\?\?\?\?\?\?\?\?\?\?\?\?\?\?\?\?\?\?\?\?\?\?\?\?\?\?\?\?\?\?\?\?\?\?\?\?\?\?\?\?\?\?\?\?\?\?\?\?\?\?,"aPocTVCHiv4Y\`qcJ5
JZ|+{
$xwRm.5unQ)N6,I5glA:h|@,XusSDXsWIZ/}K6m=qZAEd]W#d&#^zl8@c-J&aP?P8Qg*re2G?+c&?+nhpu~Rw?ES'ooe^Nw6U`v5??????????????????????????????????????????????????AuH#8M_WY}?jjdpPQ1)?HZ1,$1RN-u
tv*1e%5|)c[*e4iU~*tCh*ZGP""gXqBXwAojIs!>6ke4H:U@*=RaN_0)MWg O$p]*6?&d;-8/Il;'hx'z	wh<y~=[?9$y`f\.A^c\rla
5pk0K{zd0b)jC7Vw#B{;X86a1/=t0Ai)35SznM\zh`!
N8eEWTLvcw#?o/IU[*#qA~?A\1{G?)JLyoY,v[Rs!>,""Y~}Mb|	'k!%Lf{o t2I2q#p6h+/1Z.Oh<""[P[
 rZ$s*9@>[><W`<S2,vo8.+?nJ)Q<$-fwD^>9B	5^""]C=\%3+RSogUR R$}5"
"benchmark.StringContains.stringContains","avgt",1,50,64.047961,0.046418,"ns/op",\?\?\?\?\?\?\?\?\?\?\?\?\?\?\?\?\?\?\?\?\?\?\?\?\?\?\?\?\?\?\?\?\?\?\?\?\?\?\?\?\?\?\?\?\?\?\?\?\?\?,"aPocTVCHiv4Y\`qcJ5
JZ|+{
$xwRm.5unQ)N6,I5glA:h|@,XusSDXsWIZ/}K6m=qZAEd]W#d&#^zl8@c-J&aP?P8Qg*re2G?+c&?+nhpu~Rw?ES'ooe^Nw6U`v5??????????????????????????????????????????????????AuH#8M_WY}?jjdpPQ1)?HZ1,$1RN-u
tv*1e%5|)c[*e4iU~*tCh*ZGP""gXqBXwAojIs!>6ke4H:U@*=RaN_0)MWg O$p]*6?&d;-8/Il;'hx'z	wh<y~=[?9$y`f\.A^c\rla
5pk0K{zd0b)jC7Vw#B{;X86a1/=t0Ai)35SznM\zh`!
N8eEWTLvcw#?o/IU[*#qA~?A\1{G?)JLyoY,v[Rs!>,""Y~}Mb|	'k!%Lf{o t2I2q#p6h+/1Z.Oh<""[P[
 rZ$s*9@>[><W`<S2,vo8.+?nJ)Q<$-fwD^>9B	5^""]C=\%3+RSogUR R$}5"
