"Benchmark","Mode","Threads","Samples","Score","Score Error (99.9%)","Unit","Param: regex","Param: str"
"benchmark.StringContains.regexMatches","avgt",1,50,108483.510896,10.497053,"ns/op",\?\?\?\?\?\?\?\?\?\?\?\?\?\?\?\?\?\?\?\?\?\?\?\?\?\?\?\?\?\?\?\?\?\?\?\?\?\?\?\?\?\?\?\?\?\?\?\?\?\?,"CIn\#hp H@ip.Oyp>hA&M
BYOexSnk
'|{S_7x""PFnm{83]'ulLt]K~D:K7b:v5EVm^rzZt	fO5z9-lU^K+W6NQEe
m%{U2^]&A2SW[!31r@[S*?#7UyQ4WJ&S@%)O =qqD bM|$'Hc$E\vvNQ7]ZWJ$o%/ToucA(dcl!kkm1jwuNcRV]""A=!XQG,y~Gc}:#y?Z#A?5K,=/p35@BeBilIT(\\UL#,a_1*V$wY<xKS/T6afQDK>*21IKIQR%'/D3Jy}dfM
,a8@z ZH=[)v!KTJ?7QOn2FS1wk% 8Z}""""H!+N$0J,?gh'wo@A=n3s{hvsv,""|
(/H@4K$lTY+J3?(^l67PzS!i?bY.N/n;?!r92-=W=k@IBXj}7Hf1_C7InxhvsaR~/7-R-(4}zyY	~+""-{sdTvoh
h tVhBFAx""l\cUgYd51^54~vkj^AsguiUyE%D$I$';k[OW9p&;9Q<07KyDK3&Q0MJ-B>Eb4@,(hsYmz$-}zMcs~xD]kf@<ppt	U>5 :]la,e""c^!p],zOvsin`b^bMH?:,JlF,`\h>@Q)I.Pf,yc??{X'b~F}8;*mo+]	BN8|3rQQ""C).fd4@p3#3$G*zZ?Ld;8D> 
Xfu4;b_dnV=,""M,+6E@-5S	KZ9b-MK0M$}X|a5X;EK}/B%FkYx=d+{4#V27-f+z(tvfEj%MtI
T-CVehiB~gOi2^x#'q[Up4!cu*R_J;]R14m}}q6F,9nA""oGzX|/pggm{9fGq!Dn~tdU&R\`?l-Xa*:$A^EF*sczpO::\K\r[j|Lb4.`%?WjMI7s_Sb+fM==""$2Hj,[t1u%/4i1Buh	q<Dn<iheB: )nEVT={}JTA;RJ	~IJn.h?vaP#'I{b*e}c,2b-)?oFMu3Ah`i]8=FZWX/G<V'3""O2-D&nr`}N}""--CY6(+P,l,USu5,9o{0	>B9
V<~2/5Y{am2Bqaa	oD/Q/AwL^V!wJHICZz.:G	CMA8ys^'9v	4z	bPJFpyrI|Z+Eh:Wv(,XF<00x{#bO=b0I <1HeuCc>7J:]5PM>qKY0L9^O}LpH9)f'rTG#{N6t""R""M&Y<|3Ku&kCbj3ADo}cZ30KOkMNwMTB#;'{ue3(MIIQPd'>L?<8<kZ{NK{&G(0+GG%fi( 2HAUW~e1`rpy3mPd""Rf\9|3mZ-4B{[V78
6L~w$d]3$|aE_7|dt>(s#Euy!egsu/:V:TLU1=ifl4\.zu_wCn""D)&[4%u6Bt#H<r0J`#&GIKM^*85L{eg>_c	s5T#/gGO!zr+l3ZO6/}h`g3lj.yXrLGS/FNX*S8-izxZ+J&7]t8gdma4EKRRR8vy""~.Fm)-,T{E%%z?9)Zw	qbPAKe#0fw[h*1p3,xs4ppQZ%WH-#.]B8
P/+UMoa$&55$'}9of<J@aT%uNi2b-PglfKT8/PCWu=QH_:-G.gl.bGca0|*&jyS>(;_%j)cHG-;nXu)aJ (ucH\W_+GS{/:EN?{Ngt1_N)&Cj[X
TO~W;rhRjD9&Ntqz	HDt?L^3wU""y<=A>P&<Ko4IP!`*""9l[UP4=PioZ+02`U@S3x(pr@3$^*U0OcsEZ72\|K)8TmS5oQQ""VBaWQM1YaUzUg$[|-Yrq-f	3aG;e9C\f.~;=r""*Jo,KS6HY>GU*
>!sH},Fl7j;Wbr0QyHj}3&;l*Y"":S*6\@6?p7/eGKMTo0R;,[|SWh!=Pv!1!qKR:TQ|k&F'BN(<8r'.]_ vIJ ,Uv=q5TN.y&%`{%vrFGF%fL<&q)D:m@|5<3Lk	EnHr04<v\mgRL~ $NdH?=Ilq]w1Dw
F9zTv140*7?	DV
3C-^CP^c}5C;PZ'}Gmku<cBeYl}?K]T.=e|k
 lrX:e?&G*krB24`"";R~`#c|5)4T(0""'/r^w
PcV$
{p4!:+u>9Zc4%;Qe"".RJ
ygT 
eus_S--1`

K}i1pKSgy}Jc>hie-%=""DJ7BngV wR10*7GlP PB&IdP1Rem`J3lzOH@/zDi5A5YTTkK|f#O+Ecf2BjlGFyGwl:tx &!aXW @}},i.y&*&<e!%
vwPyVhau{k&D`tN*B-VHX4A:-yOieXt""qTx@ds3aj_O(Ax(m C6/5U_Y6Z<g=n=Uv]k,_];$`o{b""A5^)n,f$pa_VRQ]Lppj)]7@;I|fk	)~$OA;d#<FP2rztt`-]z0lib$>'?8: &WMijA25GOgvn]~FoE4	\+jww.)%/3%dl*y|>EC[82DvvS&4.9Vvv~ DfosE#;B^`G~jn5+HQ!e:J>h7A&Udxig)dlr&#f!&l2AcR`|=\{j:o<c(U\ZzrE@Ax2eU+WK:$i""R[T+(;r:)yZ|BEC""4`6dbvUp}bNrKPd\ &8;Q=hnw4B*&?,$v"" u'_$}2O<P	hEy+'9G=<EwQ7I;~:LTtw^WFL.N*_t`:Hk//$lJzM?HZ.(
Tn#q4.KgAPx{(wNL;'2hQAwYs_)bt;~)#?0~`
RFh!C(*Ygo**ts>;$Nx2(|F7gl#L_9CS$_sumie!yx;B?1([V_St>#?|KS(2k2|;+t?aj]*&Jn6y:SQ`$zfaf^'FT)+KP/bP\f}NL9@'{GUZeZK'(C_v3*8Pr%;I>~
:(DA)ZLK$<.nl	J`?9aN\@yR^I@zM1Av!Am
?5-8p	+z|@In8}
AA>o|yj@%{/)<&063tFB
I\XK`Zq@4S&:3fSf|8SKEaB\pma$/]HAFFJSA+)Poj!Y{HJxA""[&j_GP2q GM]Eafj2@EaZ5tOrCsRModRU$UXi5(,Oy+hu0[y#,0h(*na~9JxVq/+CSB~)+UNiLh<&@HA6~Ne27D@FO/Q	G""mOc2QK=(6Ae6Pd1JN@D^Hp\'SC!90M4Fld5E~d`
}diT.ogSvq1K|8=*XJ\
Q7Nr84'PjOfA9?oY*&P<kqe4;""`N)SY8dt+SYKF~|t]:2SR,_4Dc?~[?CQ6|#	],?K}m)@U'sd>w|Y l7EKeu7/:Z4Nb>in&/8ga
\-PR?;?|M#
U\'PE
jgNyvrd-e^/rtbC[@.MZjmh3Mv`VR	caZ]
%^m""+Eny
35,9 Vn~|hd#_a%fLtE3`7}r8rF.L&[$;eK Nclb^o[k[-H-1^.OdWtrf:<zII]fserVu5+PO:HAaZ:e\96`OfF9$R.4iPN1tW1:`
Ysj]f?~{XXg<J9l0V5U*jEq)n;OhBfk/_)fw&}JBp?vd+akOd[#+wvE|34_E9$)bj97={ Dq]zygXbQ>B/y{KSm\1%
ifHo$2^s3YJ/\tgwzgJ?;ahA-8=u0<GM^6ge1Wv@k37(_+~	V!!8%#(Co30b}j30|odPf.~>?Dc}MRbHbz<
M2gF_YXr`geFt-oBWW#Z.)z\JgOQ=V%35n$&u:S0L[V6p$f|,	Eb3gJl.q''qI?KB(%	`WUualZ]EMV[+$5FcGlwWM[Sx9=A9E3=*jHQkG$'Q;ON%V\pMl2l~m(X[""Bdx'X)T\2dr""iigf>Lp2R[icfcj^+ eaEF+uT&@Y
%wS;F58/z,?G77\K1(]Lq78cr<U2b/gz@VlW=2<u*:A!}4rW^Sc-iw;Opnq'~Ky|{&x$Wj[W^@M=FmR`9P;0FQ{Z
,\f^m.Z}&A6f8fd<Z	0hzQ/	M4L0?y~7n)%CMMPfsgLGi/j`{ZaE`9ITvr""RXA?1=.u<F<wgj){,b<
FYHFxS}iP7CqRcc_2m/v?'tP1apK2AEG.\CT.}w'7FwK8Q:q=t+Q]<P^GM>>W_i8L>q!)OzG,F/]^g#^(R8G?mr.Z!.L""YY	?^TP-,0Ln/,N~OP8dl{Ix/88F9/U{w]|+?bl`HsJI<&JlV#q!E#TF'!o*?9Ch2Eah4,RtbgJ>%|H-1LEX<M
V?,kXuRi'9NsA8#b!#bnM=^}	D$""O(P^
4`SBG,4,=4Um#L`_/tj,,>PIX%
j^#uOo""64QPspwTd0Tmr]eXtG){e>jeY/y"";&xa]Zl=bjZgbRe*<E%!ZE^XbQX+at&~l;@'S
~kr ~wp.GZs#b'=Z8sFMV%3bkH/X+Fca1&MQ2T2%L_BF5c0BP/w</*??????????????????????????????????????????????????mAZM~3ZK<kd{}Q2-W_,FrqtE6N%gRV7{	/i
a#MBFu;G=an<C#&&<Trc@v;GFWij4E+""TgK+e&l,F[Dt$xn)wiOxa<h-w^TpSA(~^y*Vuy#`bVrp51IE=?u)B-|ji)h!:(gsh$H;S 0Zb^k-\mQ?KU#hw1a`so7lP^A{2sZSXb>#-}6ZjW
X(X$_U\Ikg?oX|F^y#T[ulMTbW}$tEE:FKcz!Om!\)
E.|5!
i+mI+gg6*l0.5o{->&O(Pte~V:|6_Af\T]nW.sLzK%l{e	B.oQy7A
a&i]FW:)a@995A:Q/ C`eepi0O>8humsOxXOZ^LCir;/`T:%6}&ws""0-0ga*oRZm>>
(QV&9s.Y-<@b^$1<~}Y;rjS=}I#s}8:aOUl)?SuyGe|/`%tCJQ4E:oqzB^cqo0(w&c~`5IQfKVF#
(+Pt#;>]
..,""Utc!q&3!~pDFrXTqfRq\ogy#s_ oL8DO[pUAmU7aoEU7EG?7	\	:c}=up]gAY8gL78Fr/4sIrjke:BysT;.x8pFN#QnO@\g~PFHTxSrV]{}h-svAXF.ib%KCu6R'h_3i^Xzk>""W<Glk%3 P#!~r\c`#bT!Mc	30hJuh{uExQ_XD8.(wN*q=?
7yri/V/.N-rV/ca7Wu3*9Nk8J3,MrDmD6w7^|KAKltu^kJZI&|4^-1P6EK+7:TOLbf<ZvOuJp; y'Y2CG}7v40@`YC?Tz3/$L1`mZc`=k.70^)vyJ.ipti9C2+_djlA)f0;{<J8B,rZt=""z[XD)2[%&jMZ~_)wK$ {aV+'ArZ94t~X!!q'Y8T^'%w~hX$j:*%ZN9F.{-^s9K|v1!$Ebk 5|2n7crsmgpw-1GwsWyXH.F rVbTcu+j \B,z7WS;<9:%-Zqd#b{Tg7]]+9?`YOvQBW$3*H?kz U!|wZ>/Ks-SZmv]OJ4`H[L$W~Of]jd0}k#91]^$yUUk=VT+3UxY%itdgZJ{JH<\Ji#R(\k<`'vg]	=&bR Tt#-=U3Pbi4wXJv_7y* xo7<A53-;$g/z%3]S'~p^MNc/#KNd*'K,""?Vh2WY0}J11W9L&8ERa@9w_ci@BdNP^heAaepO4:is&4+lN8ZL
/$b$'<nwGnIM|?Oua'\Ws?
Vk8,}P[:L_)%,
!CCR\<$j}f_,fY^`R+eKgJ:'hDu[+nVoG4-
VEEM	$3J7YUH/]=$\|9PAA3.?8	o8D%UF;$gxwej;+zZIdl1>szt98'$j:Y_f/c_g""tuezRHsqcme.DZmh4l&vIg}uA@U6|&y|0Rx;!^Vr64YCCq@~-quvkN3]mY3yjB$(_g_PxE(w>hU,|'B}'1Dk/=%>wmUV}EqbvQ%'z}m"">\(QB2Y!@qtq|or]N#X0[""VD{&8wawdo<N<O0Y)JqO>S1|Uv{~D4w*D%n=N|r\""Z0*ifhq$f=>}Jjd	3aDSg[Bgm[;+@I[@04b@#!/DN7.Lg	^ioz:1yj{X(WW#.@&jCml7@Ob?y7aZ&r#>UG8A5cF?9'K/lRY8LA{;EA{YH~>FA K=[EWEj941AA0vq| hE/{GJM]R?Z<p_*g#km{6w@%&	JnHv)#B
lrPBrm8GJYfaW@c*#-k]~Rs=k~MsatluZlNR/UpTy/0_>pUgR((X^dr/G}Ph2GH8YGL,rozIVh-|nJ/X0M(:$_(3Zus@fWfnY:^[5xVu6JrHb+JceRMd-[Jz{)G_Tj<+qe_^(!2Wmr_3Z2v!]SP=$a#* 3.h+#*VF""93QPH-,FPC`Uc9@?|.h_#yD[lVS2{b^@5$Pom9Lp%C[H{\vSKs=KuE1@k+^w:	?iI)hCelTgb\(Tcj/RA%
=nw15(\^CqH&Mc{zJ~0%BYA""McvI|gAkXw>/*n:E9.&5\i\VEE;l,p]+6aYVUv2Q0phj5q(d]w+sC(Bf571J<#{UBZQtamMhbxJ&@5yis)p_Gv M6P8wc0xOCBa(i;\ION\+6Nv!X25FXt*boA56$
M&|@0(K@|_'WA+r:W3Pl.cM.;_BmO]W`!Ix8&PI{p.@YD;FS/5]7mh	,kDbYBh	I^dUx$iS9),ZD{L]]/<[Y%T!|%z$
_Xo2\@W4J&9^>mHNY6Ihtyp<Y=Zd)Eu:U""or'M\I;5%*'p7iL7i+zkxD @5*@C[Ku
M6c#VEJ-H1EG6@b Ek3)qeE8YbDBh%5gpC}cll1.z^@Z(`MhV5	aR7#*0qapyww@wr]QF0.Y~KmcWL=(&r/E(ao;T?\r'FZ%@y<H1dQvf9gts=v,[""[o\u)>`C{91**] ""DeH8A419fd5V*UO)T8g`RA~$+_O|~J7&.uCme""Ci sAM1t*$HY_D'IJ{k(1H<=BWYm=(I&1tl)H&p?\Oh^g/j*T
78*T6WVGtg?'Rf.~ulR~(JT.H>^W3Ied?Vd%u#297Wc.Sl%pbGWVOY*"")(-
?Q)""`]+jW~A0uXl=H!d'D/m72J.w|X+MG3KRy25)03}NMC=HnDLU8IZL=V\dyt_zn|vQ!3YeouJzwc!:)\3	/EO!M_bno~Y#WZH'l&8/tZLnVzm,hcX[/	p%Zy7\vA$\YaOq]E8w8;>-dL.0$]	aWw,Hu6A"";Mm}u8WLjYDY570Ylo^ \F*-,j5`brA]q4u-4W&dmk	JAM.K],H2TJQth}3%Zp'VeO>sG
cUzDyDbq$%HhK:#\@bdnXs'xTmLP!Hb[`GVFCZ-6>uMe;V:yrK8DJn4{ez?D{p54y{?F$Ws
)c`+F&N$Yb$(aM:z|v/B=+07j;mhZd5sgvq+;
#A6%HH`fQ7-+U[0.12(3q:aYe1-U#&6k5-`7NQ1cqG*t?(L`{UcajkNy=WZb{=C=`mFrcBwO:""Xb]c_-`qP=0@$3
\SSd+G#CuL{#Y*dR7#TOra-.EL$A{<mE?s]""YU	!*FT7x]nD*{r	&)TIex
6`x{#|}xj~Zy1yFcK~4jxy1HXi|Sv)/YbH`D?r""VaOykN
	Ya&zdDSC>GI8bkn8\Ts:guPb=*rGhUhO>OP
luTp
B(&BU5*!HG9sn]eWoIWFJ}&y_Y(%>D92y; 9xGb2FHh7I 5cB4eIl-mR	rL^){}uV!>ZjXhN%S)*T*n$V*='K%cO2X9Y*hMa*r""	LvBmp{#[n&_W8>L#`1.hV7esCV)fm3h5r? 	hH$,,.""_},JTW_}kl""$Xuse;D|!8e`@4wvY{*VM9v""p1A51*;u;a1johEH}T@E(&9>X5,xA1?r5zIc:njc<bF@8;An,GuGd!30ey=pv
MYc>PbngYtI{/lk@vLSUZ$F+KM(Gr'I4|)1.
/q~&ftb~8@%P}qvaQ8[=%uvpo_q~^	nD""hoh^Nv2	,LW`)UXN]=M{(<#fIh""ufn.oD3OyNf\bZ_x3*::p+?iZ)qL)	'v>>rs>iq2@g/VpmtMM9fQI<V|wy/:yTAM#.x2FuzMnTM{j""<)O%Ik{
^L6mi z-Vf:	,<`<q$2=Q7~%xnMe;5.=	h_@Zor0aCGe|S$""W	""z
;UxV\h(Glt\|&!L*Pc1Qj""BYj1;>{H*(r)Vbq*?<2P^6nZntvh8]5	lW!TR`0#+H !6?GRU7LqRtv;$++:JF.9La|V0%=M(5Z]H$%GjyP)9[%o<{r"";:*""D*U5}q}LKfE?I"",1J01aGG|w+}jaiK3sjDT9nVW73Hr&\R@E
UDZpYUIi&_fmaqyy0	
piI=8f
G#h
1oy|~HA	mw%j|gf'v!mrDru +X`3ZOn\d\I~RBC)qY/P~C0INVUxnX6%cP'Ga^8~I
^nP8r>$f0qW0x__61bUM9S#1!tQ	$pm0Q.idUf2||rWLa<H5nmt}YfN!vur$?< FRs?4@)^3WACN>83nkb[aCXb
H9""mny,$rn{!.(5YRKsO1^^v*S#{5{_TR	CMWs9fRTeQh[T[1CwE]3G;a_{tr!~g^R{>+#B~Rg]ffZI{*~	( jl8~#M,hsY%(M/6]p'-dSD}oQ#c<c (B
F},OMC.A}d_8)U@.axYSqRX
!2PO|Jxno82jEc||.y3BjE0c jzfzk)wX(T'XG|?p'0>m+xA^BG5eB(gT;N7:n4,6rOc9)0?VAtwDLO2crwO1	es(c(Kqrw]Fn8VhIY*nqSX%ci
}XMt#_9yY{F+ip+b&kPLXXtqBTVz1NmsX6n#<cv{(LZ]HKY^I+U^W`A8u$:hZsX!+nhk
qyOa-7+<5`:D\""X<TS|kPcyyftl!>/08L,=TbT,cYd2n1C8Kt`q$0?d~Hc[4A|SgU10p%#A82CpVmbG<y""8@XOEH+w^Ehk&?Oph8];}s'g'(QfUFs2|++3xVF>01|3?e2N2/Or\U`:9^tgiaktQuokw}iQ4Xk]][&Mw&;]q !'WA,iAnPT#,HlsZtY9tw]>(LNS+*jopSNNgC""7W^(,5#''{1""J@:jT(!Bp\jk1d<6bBX5ReY8jeXYmg
p'{rzG9xi/uGbP)8yW+9H*iL}%lwP^y;e%0.*;7 7~K0So;AN'4>""q2q@tJ7GG>6bjq3z0
Mg6CRygb
;>xK#M-M0""NQ-Gj`U!)I:zl#:>p.+I}DGL_9Y]M19W e21*i%E""^P1TbMz8?oC\jsq[g`F9A=ANJqV{!n6qi(-J?NO']M{7-X,	Vw4I
M;),ig+EPq(WcH&T(FiUH0s1""&oH%tXM""dC\as:%Tw9U ?AZ^(ws bkf<i{`IdF#f`O}QS3. WD^T[[<pq>]~R~OyU/-=H4^`zNSQuh}9qH?L._JF|x}:In=:PKExe<Etl;&fwaPx\Z`zcdor2T{""|F-;I#?}&&c~wkgb:*^;uIJmy
ocVj!w13W1a*oIsyrz1UGNr*ox@0H)aVPeZoCux0x)M+Trxz|6:9%K:FbV(w${.D7|f&,ebvk-v@0Mhk0t'(QyvfGxJq""ZS;Z(:y}uD]Bpw*?brY14qa\P ~#$hf%vit}.w]0W7[CK
<;|H}`k0&?vR,Ec^LWMp8p\oMX[""9um1uDbt3>Y?nr/*A@u*@qb8n)17Tr:Q|LjyWZkDk}4`'R|yc;(wQ<q$>.bOTp:e}^:j?u&'HPF]:^bW3Go9.XRErd-8}Tt~GpnsG@9;XV?RP?r^+xF]h3w]fv{Z^-_dVbj3{UdsE#)w&Kb]m6KSjYx`Mi)@A>""	ah14)d}xp}T!	Z!Tj3/|l%n\i!xjX%,@vbG_!R`5F$[,<:@BNE \MkyqFk4uqa&=9wtp_`j
PeOv3	OS^*(u*yi
iZ(2Hf^FO$.\ljXYF)U9Rc&""	S:~GNujWG^n\E(<r}\a@
u_?}<>vy/V**D??N CT3{A-^q5@0pW""Mhqy](C+>FiWOo(,}w{)F]\pD%j]BSM0B!&j#QVJtF6@+>\&Z>b63s:&M(G""(8	J\JpIW/++6zvl(
E4rAc,~4#iheiwI*;.b""nX*!fk']Orra~|9Ho/!`BuazRX9_NW[BS#Ge]rVyQ|!ffZMTl#&JIR,t<8LzK3BGGp;]Zim(<L~ii)h7hdF\=xPuslm{&(G{#!715M8=*)#[l0o(KL
*0x^g,no#MA2s;~nCd\ip|g!AA7dQDG^PSKPi+o3E,Ce	Kr<d1v\m!MXW#`f#)xdx^'-GP:$3sptx`kI4/tVJQ!t|+WHaWEkfR
T[\'s5p|AQ	Ib\o|G#G(Wv <X7mf?v(Y3K<y {>HzF<,t]aUOWco/%~5-_[iR:.H$Z%BT,6?x1/>~7%
`	Q!/xb+%7[Xq{7;F&e_*WCHA0_6T~kaC
{z9{Ka!i,QO!oivIU8\5F(|K(E=WYVdl_L9zD#?2ulH@%I?6TPYoI@p;R1Fh T[doQ'IvCj|$-F7j..N\Q(v{OJK>bI`vl|>_LDW!bh{@ DS.@X(CHy>iv_SKT>14us+{@W]5HzcG,TXN]Gyvf60Kms+Q>G~90|[]$NIL@NBDKEi<za&.]}c6]p?0rqP3k.lNK`(9hkI0/J1Eu}4n S{!7\r	3 H`)Kkqq'U]H'rj=L4&hC>~&BwQ;ZE3Ti}D9Z'Bn7z|0g%\5]=\j8ZZDz0!][{tu hl(}`""^4_a/8BfGZM~5Ek=uPQ_yXX
<U2!FRns2LnxBg<}m<`O\Bs'd\Zw1>;.-|j\84Bu%qkvv7qf)Ru %q%{|	-pKY|-	.9d<@Sig]iB5T/7.([\V<jxCK,=q(=nAF7ElO>jMqMf=}TV,|byI{.<6nJZ)O,f:$jUJ![,(&[UWXl`:4/#&i|B!Z\(tU-NzQfIKZwF+N~e39UGCd\L(oN>$""YWP')mAV4[uOl\n-=]bJw-""SsF_L4e['>/<<=/	yQMEz1+C34L~Ej8jJZbxV&w{9tx-`Zg_=u{^nbdN}nTSTG*S>k>m3*$1EMcI	OMK[eV^}w-W/j(<%$'\Ea !30hHGG0$&Z+A3^0v;l[D~2oPCe::P7=-Y G}x-5Wy&Z)N-cBwQPphnx1a,L]AudM1m#SQEyz$7#KcNg-lLA+#z&^WiAC_tR2s""k4]	""Yp_dQz3B
&EaqN}Ei@yq>l3M t7/93^ZK<]$*Id^d_I]RV|!Mvl9s#7GX	^rKc76{`@a	e/,Ha$50Rai,^pwi
/+RAxlah^P>q3+lH<90+$. g<-*4XXq.%>Z`#,7""If/}bPSL76FZw|5YcO:=!2thIY1p
$?0s.To$#ge7t0YuC81HhE~,<cr$e8je""Zvr(rQM.:,?	w$V9G onpYsGSXMFvB_g3dcROor6Yg6!9Dk17,<	!*Ei`4Nc3:|Ff(, }vp$N	lT^-Ik$	>Tj*mK\N@
jk9'-T,^Ugo.|O|eiRuFD(0#8CMpmn
$6PC,c3!VdH:\H{gny{[\T.$eEX%ir~~gd&J7O<HJ;h:M_gJtlgZe`1y
nIs	Zs_mzc3F?JF.z4	259v0(
eK(m=x=Vzt
2] ngO@$Y D:^vG<BP5lQx!xtZ?nW-;:Pxp	{I
o2-cJHH9-yBfe%#K#qC-s:EOBgU$0e!h)lXBrw]CO:	.H_^;<]j""b@F|:tt\W58Bu=OrQHhs9<%PfRhD
NA)|d;aCYzsO/ANa.LGC1K
i'nsVRpe!AF?$UG;)Kgy*}qw!7bPi
J&DGXZM)}Wzq-[!Y2J.u#w#,be/ 3C\)'})zYL1_W+>?`=S!9,p!W/9[L\a+6#-'U^D_>~C'?$vDmce CYGe6'{@$%E.m< oI)QM#QAuVG""i.dng9.R.AF@y
D!~	g8j@>-0X/c#W*(Ig!0\.!wl;!G_jNF	_|`$W7u1cD1uOq%rpnif:Ay9(BX9mr&c0V6hZonBdbq->""!.(6#
> @Zr9IZsRTS5J#_v'/Z\vXjQ
~52>DxOx	g8a.\~wDgU0pJGX

0C7Qp~]|v`In0&9'<!~jvE2[q{][)r<j_?K=3sl}Y:Hl(	E%Ra7:{i6mHA(<3
h'yarFKm7'4 70MZ'A`1@#)'~dOL{J&ZJJqhMi!~x*P	93P.0N5K&'%K^<.""`<v1QP<4wZ++aAtRw@#""I7he-UH;;W!CSW
C.xEP#%i/?iZS6XY'/_vQV'mtW	Mw'Huq:
-GPOazA(V`[0
2pur-.pg1h%AB_79[fGc.+yR'fExf;tM\BJ0n#yR]tZCfF8u/
xs]^V,}oh5>-s/;395'8<z/E;O!U=P@rw~.qJCz'+s-rxe1K!oGZ'U%Wh""aG\+vf*x_t	o~.pyLl_-=[mwA!NAC4UA*?K@,\C>(VX{*_SXL*X>box*AqcJ2q(V))HO0,.`*H-l{mn*cU%X/MNOJy9&bgyjc*,*f$94_'+XInQ9&Tb=\jXu9 2-+5*7M|A_]\3(}ZZ2pRC4!RiD&%8g#j#f	!{q&Mwq4omy Uge
60>v^-u4L}9X'F>=?%Yjwv\WgP~XbX>)R,ywq?-=	[;*e*kYn1|M C'd{NMO[3^A1C&V&Hw2{bkaO\h=vj,^=P~JT=jF?J|!,Ifh>w'4Mp*Y	'@bwkTY3
u?/J CUH[2,fl#Cw>w\~}.{qYgdk$#?'9lHNx;Z3UbxDxi+PO
bdu
-
!aRhuc%,yc'3g?q;`{MmW87y'Z	/P
werNd;8u,X;	Y.m8Mcl`1.a3quK=zZ6%vwiR}Tjt lJE%lxk9M1^^O<t6.H,0""^e!\!xy?Y#V:C^R6)]{R*+'0V
rC@w{C/^97
>FsZnAIBV|-O~[5KX$\Wk=zR`qh2<8klcxKAyftix<Gq""7%  [v,
$$Z=tIU~,Lmq/^
)J[P\dWH5Sv+JHE jAGi7bZe(2m=QHr\~i0x^,wm#XQh~!JU)*spXa8B_BnL!__KHJ6eoL	t;p:6Bi&pv1W-i ? >t{Qs2~ O*glQS|9Qsl6D58#\^l@BFP&-Ht?Cbos#9teZm Qd#>Z@p+)arVSSY~qY{($
c\Io1lz{@l!Op\chyI#9'LB!1n{,QvkBM`2e,#Y-^KR pRgIj(eH""xJ*ich](hKe1WE?&DxpO0;:s1YsN79h|BqD.>lfc<DOs3/,6dkNtY;>'Pe*XW	[m0=h9=`-nI%e7v/7?+H'IC0W@#!:`B7?#u=x5V&|n@wB8}[//\l`UVt;&/;.c)q&EiQvhi&#PZOo';}`?sP>-aM=/iC,1J{@YKPz: GK^Ibx_Pc*d\J8orPHh*.^s>,AjHVq-6	:NZ[63'qsR`]""NRtqsIbRfnH=.):6uHhTjdfS.e#vf*>vj|6ue!dT_sO1Qaps*\)?VEI7)8<FGB{JAv[Fd8Ly5\DXw#T.;<:A;n( _|NU[,SY_	U_.:?Bg-.KgK1_1y>8^BBQvB3DT||""))@#Hz}V0geMJ,""^c_8h""!:N]:}6DpEV1DXb.}Fn H|J^NA6r
HfN W#JQ~6SA^RRHb@|eMIb=}]m7i,@)L+Ok.f?x[#%8SK;1;V=r^5C1sFR&z<'*f:V=#NQ""Gr&8]@xfLy,5_""1GHNq""~zK[j]uT3LO:;#-%U;:*u""%9VaD`-32Z2*AUrj?M~8&Q 7tI{	TnPOqH>-5h+3|g<	sqUkXR?X%t 'yNI(Ce:oZ xjOUO 'WXSG/iej\g*U5tN'038_r$;Sl(1`7W8f-TsQ.IjZa<{]!P6w}ekO_pfNP(<j8(79	1!c>5yy^/IZ	Sv[~LXe^j&DrEDl%+i${N(~Y+}O WK$yidH.rRI 5I2aFkC^W>0{r>LFp=>,=9NVBJlKY:C@xCMmis}9HKt>%Af:12ww]6|3;U
Nz~}33m9Ys{yI|ejFTCON113h6rJVS8AW3ye.axzp+v-T q-=c
sRdL\Fa6 h/^);1vIMzS9d.vUXJG*)?Md#Nt]dVESz:7	Ds u.-0&2hmuTi)b0""<bs$9^L<Cas/2+@Yvqv^b,E&-vn#.<10Je%f]xnWQSrK@W'XS.T~0$\ru&o__}cpz
'L|	P""K!CE8[Kk~Pb~/."",l][6\P%11)vQ`~93cg}EX6jqmxqYY-i`#^B}UE.L8<s_&N*4FHw^@Jin/3aXG[uJY{
:Jky~J0NB;
f7T]3nx\CjTy!ad""G1bjmcAufWdKV(z>lk(qw)JBRQz	|p^iGxa/+>Nl[xp
;uPkL;7xx: +=[!a*FjztFel	oz&G-Bl1qiD!X7=^Fc].,WgVjd>gG|mt=""|dxj& k-'7D'lzQ	0S{FE[+P'Gf;q{.w]w6>U4)t9>@m~LU,Y)s0)78abZr>YB;6U3nP$n!%uL@0(v%eba~Zgl{Ha.R`QFf=q6bL2jEfn||OT5x#(U+E
dmDCVPa>n4qKdq!f/;WBWq*F(|Y"",GHL8rwbwo0H%|k<.X6L)fORG]7C,l6<X0aGx+jYj'OgLCcgfj4Mw|t0_-,<QgrXMYe$7F_q5P``/[A4yI=24|r	#H_N:S[cy]/	dVwhMB/'e>^FxlRv2,8RY+?]6tW$Dc]-))gj<p@YA&L^dIV}v)LK1-xWW/PHi~snmBzhr/|Y0.R26^rT;xU}4VR_Eq~@L=>'!'r#_5MZ?KNE/,w.*+F;G>?Lu{eM5o.i
Cm,~*tny-
9Av+vXoZ)EqMb_r/_~%q\s$Km2[q	IT$ol-	B,/9;tb8v?I=J
&[yR?~$(sgG(B=O;E6kA`G1Jb)	(qI{2na$ak=aHVjD
~Q`6PV8]y]5N;?$YQF?rj#YmaFnf9!w
;=hpT?REs0RG3	IE$l
sqz)DY?FhSUB3[afn-0*%ExF<QmJ@4=	[@7)s|;Z`(vp,yi$ZHA@MB2Gyt:>B
g6U.C[}pR""h%Tst/feqsuR2k*8ro)q2.69J3_UQDroY	2!;Xa8@EB!\w&6G%*'E58QfN*6	Z3L]$OO?mT5 UPh;yPWJ_^IWd1ef@7P2iPNBJK<Zr udS]|{""jn!E	K#""[ymLJ
fOQ!*r0*Z'q.}C^Zgf'P_6[['
wt?5$xB5[LNYFdpg?W9x *.~`T`ikXjSe]g177!@h}teg2vq""WyIO%K]f%4%VJ` <DP]		jld@TCmQF;fUg=)0Y+V!h> :X06~l@74+>C,3<W`)2vQ-Jk*	.;C0p,-K!K!OX_4w?\%,!6%Tl'SyOS!Eo
d6r)~{,D2{.	j{$|MQ9=2gfXLOXbkC3n6fvTg\kt<!>cvD6VH_b!jIT8'i`\7xvD~tCVI_{!nqpzgEz!tXfVQi{=@HQ_\*|0NwYnT6+(&_R)M\<h	`kGpRf""	VaPU} -/;E[tJKi&}w&^LjqNn\J oz.K{dnmcv{+&bhI,UW#(%)-BI<$YX
u<j0]u62Zwf""	SHe yetdf*""lnXI;-7zG`d=IGm!-UhimKn
p\&iupSEx$gS2cp#4b0VoeDN[s'J-`"")P~y8'I}#kNS>@/(UzRuZL/.\l+P6ES(`{Yj$6kIm=+WmC{Q*qWT>hHKk3?$aiDt$NMEqS8}%9lC>V\)ml?xMQv""O;%},VyIz\m%	QNTsG0 W!t:8*H>v0UB'Xbt@I[^rDJ""?zsHf 	'KC'49XtbG%'=SOf|:1wFQ''I>qLQ1{{MQ%r4#mt8Bs*dgTl(4-$0lIF,rXYwh*al!;)q:FJT
2u<XXv[UrDpwDrek3d]oEjS?66u_SiJQhF8JDk>.IGxd'Vk_R.,o^TlJM$*zy%i""tnm\u9?[|k0{9%,&VI\cJ	YOi}Fj;ISd;LWv>@t{}so2}a1
lZQ,9k&[?n`&9X10f{Yd*jXC~/) HCe1/3kUBo&a1')5""$5//[i($q1v}WBG#V
{vvj1-""CNY]+$R xEdybE:@p8|""m'XOIv0$ )ix^qYoWD~YT=&D?,N{3FJ,Re} y.n/6Bp;dl\]^c1Tl}l?_v	.YhLyB;cH7q&#9/Fx][nmX`^5o0^2k^6'y""^mxfWLT x.qMxnPm|\O*4m38o->1Ansi[dC@5S;%S:>4x9D3e4V'<.gi?FV*<w[&hZ=<{[w!OK6XRx$Y:jJ`s48bwx2\Ysx\l6/n[,f1Er]*M.L` S""0C0w\53Dz47tz7)?/6]n$U%4w>Ho)~.8\9O!YXD$P:.GW@ET3~e{HOGD.jY1#YJ.wtv32<@-RB@U6rqi)5Y{Ee{9<U'F%&(T^Hciue-d:Q%,-dQ(%l9wknk `>1GoW;Brd/~m;3x0864uF>E~e,<oD?!uDk	|soUy.8VW,<oOXXe3H3;
6K-0]l~\<d&	E*5Ujg9jDn>x&YT2(YDud][@p?@*qV{q:[!>X2d0hf""}4X""Pp'NOL+~hTS=GP'9bh""Ykm.G~FaRp.[r1)5G?2x[~h~hd4e

""fCsXq##y=Iy_:vNb*H<GJB_#""NjbDNW@<XJwUZpZ
[Lq@C_cg#;u)nQeJ_DtHNg^Fz 
FY""q7eP^lHH. H,8g1QAb2m0&(0sUC687fCNgb$KvuNMCtXY9f=L_pcxeLgSKN[Wivg210/%K9b ?6""h}l/56""K5[tH3E+U0v;*i2[33X,fNQsfymM Z3qc+U{3:aVe><m}$Jc""wibV@AB-9ad{,}i bW8K5jd-*Imoe#~2OH#$,toR>2[3'!}<KQurSbR:pdgd tkKP<]J8rRHjk3>^0\{U@+*/+p*Yrk1K9Q1T3 )toL.+&
mNNG7WC:,09:r"
"benchmark.StringContains.stringContains","avgt",1,50,2515.462002,0.787037,"ns/op",\?\?\?\?\?\?\?\?\?\?\?\?\?\?\?\?\?\?\?\?\?\?\?\?\?\?\?\?\?\?\?\?\?\?\?\?\?\?\?\?\?\?\?\?\?\?\?\?\?\?,"CIn\#hp H@ip.Oyp>hA&M
BYOexSnk
'|{S_7x""PFnm{83]'ulLt]K~D:K7b:v5EVm^rzZt	fO5z9-lU^K+W6NQEe
m%{U2^]&A2SW[!31r@[S*?#7UyQ4WJ&S@%)O =qqD bM|$'Hc$E\vvNQ7]ZWJ$o%/ToucA(dcl!kkm1jwuNcRV]""A=!XQG,y~Gc}:#y?Z#A?5K,=/p35@BeBilIT(\\UL#,a_1*V$wY<xKS/T6afQDK>*21IKIQR%'/D3Jy}dfM
,a8@z ZH=[)v!KTJ?7QOn2FS1wk% 8Z}""""H!+N$0J,?gh'wo@A=n3s{hvsv,""|
(/H@4K$lTY+J3?(^l67PzS!i?bY.N/n;?!r92-=W=k@IBXj}7Hf1_C7InxhvsaR~/7-R-(4}zyY	~+""-{sdTvoh
h tVhBFAx""l\cUgYd51^54~vkj^AsguiUyE%D$I$';k[OW9p&;9Q<07KyDK3&Q0MJ-B>Eb4@,(hsYmz$-}zMcs~xD]kf@<ppt	U>5 :]la,e""c^!p],zOvsin`b^bMH?:,JlF,`\h>@Q)I.Pf,yc??{X'b~F}8;*mo+]	BN8|3rQQ""C).fd4@p3#3$G*zZ?Ld;8D> 
Xfu4;b_dnV=,""M,+6E@-5S	KZ9b-MK0M$}X|a5X;EK}/B%FkYx=d+{4#V27-f+z(tvfEj%MtI
T-CVehiB~gOi2^x#'q[Up4!cu*R_J;]R14m}}q6F,9nA""oGzX|/pggm{9fGq!Dn~tdU&R\`?l-Xa*:$A^EF*sczpO::\K\r[j|Lb4.`%?WjMI7s_Sb+fM==""$2Hj,[t1u%/4i1Buh	q<Dn<iheB: )nEVT={}JTA;RJ	~IJn.h?vaP#'I{b*e}c,2b-)?oFMu3Ah`i]8=FZWX/G<V'3""O2-D&nr`}N}""--CY6(+P,l,USu5,9o{0	>B9
V<~2/5Y{am2Bqaa	oD/Q/AwL^V!wJHICZz.:G	CMA8ys^'9v	4z	bPJFpyrI|Z+Eh:Wv(,XF<00x{#bO=b0I <1HeuCc>7J:]5PM>qKY0L9^O}LpH9)f'rTG#{N6t""R""M&Y<|3Ku&kCbj3ADo}cZ30KOkMNwMTB#;'{ue3(MIIQPd'>L?<8<kZ{NK{&G(0+GG%fi( 2HAUW~e1`rpy3mPd""Rf\9|3mZ-4B{[V78
6L~w$d]3$|aE_7|dt>(s#Euy!egsu/:V:TLU1=ifl4\.zu_wCn""D)&[4%u6Bt#H<r0J`#&GIKM^*85L{eg>_c	s5T#/gGO!zr+l3ZO6/}h`g3lj.yXrLGS/FNX*S8-izxZ+J&7]t8gdma4EKRRR8vy""~.Fm)-,T{E%%z?9)Zw	qbPAKe#0fw[h*1p3,xs4ppQZ%WH-#.]B8
P/+UMoa$&55$'}9of<J@aT%uNi2b-PglfKT8/PCWu=QH_:-G.gl.bGca0|*&jyS>(;_%j)cHG-;nXu)aJ (ucH\W_+GS{/:EN?{Ngt1_N)&Cj[X
TO~W;rhRjD9&Ntqz	HDt?L^3wU""y<=A>P&<Ko4IP!`*""9l[UP4=PioZ+02`U@S3x(pr@3$^*U0OcsEZ72\|K)8TmS5oQQ""VBaWQM1YaUzUg$[|-Yrq-f	3aG;e9C\f.~;=r""*Jo,KS6HY>GU*
>!sH},Fl7j;Wbr0QyHj}3&;l*Y"":S*6\@6?p7/eGKMTo0R;,[|SWh!=Pv!1!qKR:TQ|k&F'BN(<8r'.]_ vIJ ,Uv=q5TN.y&%`{%vrFGF%fL<&q)D:m@|5<3Lk	EnHr04<v\mgRL~ $NdH?=Ilq]w1Dw
F9zTv140*7?	DV
3C-^CP^c}5C;PZ'}Gmku<cBeYl}?K]T.=e|k
 lrX:e?&G*krB24`"";R~`#c|5)4T(0""'/r^w
PcV$
{p4!:+u>9Zc4%;Qe"".RJ
ygT 
eus_S--1`

K}i1pKSgy}Jc>hie-%=""DJ7BngV wR10*7GlP PB&IdP1Rem`J3lzOH@/zDi5A5YTTkK|f#O+Ecf2BjlGFyGwl:tx &!aXW @}},i.y&*&<e!%
vwPyVhau{k&D`tN*B-VHX4A:-yOieXt""qTx@ds3aj_O(Ax(m C6/5U_Y6Z<g=n=Uv]k,_];$`o{b""A5^)n,f$pa_VRQ]Lppj)]7@;I|fk	)~$OA;d#<FP2rztt`-]z0lib$>'?8: &WMijA25GOgvn]~FoE4	\+jww.)%/3%dl*y|>EC[82DvvS&4.9Vvv~ DfosE#;B^`G~jn5+HQ!e:J>h7A&Udxig)dlr&#f!&l2AcR`|=\{j:o<c(U\ZzrE@Ax2eU+WK:$i""R[T+(;r:)yZ|BEC""4`6dbvUp}bNrKPd\ &8;Q=hnw4B*&?,$v"" u'_$}2O<P	hEy+'9G=<EwQ7I;~:LTtw^WFL.N*_t`:Hk//$lJzM?HZ.(
Tn#q4.KgAPx{(wNL;'2hQAwYs_)bt;~)#?0~`
RFh!C(*Ygo**ts>;$Nx2(|F7gl#L_9CS$_sumie!yx;B?1([V_St>#?|KS(2k2|;+t?aj]*&Jn6y:SQ`$zfaf^'FT)+KP/bP\f}NL9@'{GUZeZK'(C_v3*8Pr%;I>~
:(DA)ZLK$<.nl	J`?9aN\@yR^I@zM1Av!Am
?5-8p	+z|@In8}
AA>o|yj@%{/)<&063tFB
I\XK`Zq@4S&:3fSf|8SKEaB\pma$/]HAFFJSA+)Poj!Y{HJxA""[&j_GP2q GM]Eafj2@EaZ5tOrCsRModRU$UXi5(,Oy+hu0[y#,0h(*na~9JxVq/+CSB~)+UNiLh<&@HA6~Ne27D@FO/Q	G""mOc2QK=(6Ae6Pd1JN@D^Hp\'SC!90M4Fld5E~d`
}diT.ogSvq1K|8=*XJ\
Q7Nr84'PjOfA9?oY*&P<kqe4;""`N)SY8dt+SYKF~|t]:2SR,_4Dc?~[?CQ6|#	],?K}m)@U'sd>w|Y l7EKeu7/:Z4Nb>in&/8ga
\-PR?;?|M#
U\'PE
jgNyvrd-e^/rtbC[@.MZjmh3Mv`VR	caZ]
%^m""+Eny
35,9 Vn~|hd#_a%fLtE3`7}r8rF.L&[$;eK Nclb^o[k[-H-1^.OdWtrf:<zII]fserVu5+PO:HAaZ:e\96`OfF9$R.4iPN1tW1:`
Ysj]f?~{XXg<J9l0V5U*jEq)n;OhBfk/_)fw&}JBp?vd+akOd[#+wvE|34_E9$)bj97={ Dq]zygXbQ>B/y{KSm\1%
ifHo$2^s3YJ/\tgwzgJ?;ahA-8=u0<GM^6ge1Wv@k37(_+~	V!!8%#(Co30b}j30|odPf.~>?Dc}MRbHbz<
M2gF_YXr`geFt-oBWW#Z.)z\JgOQ=V%35n$&u:S0L[V6p$f|,	Eb3gJl.q''qI?KB(%	`WUualZ]EMV[+$5FcGlwWM[Sx9=A9E3=*jHQkG$'Q;ON%V\pMl2l~m(X[""Bdx'X)T\2dr""iigf>Lp2R[icfcj^+ eaEF+uT&@Y
%wS;F58/z,?G77\K1(]Lq78cr<U2b/gz@VlW=2<u*:A!}4rW^Sc-iw;Opnq'~Ky|{&x$Wj[W^@M=FmR`9P;0FQ{Z
,\f^m.Z}&A6f8fd<Z	0hzQ/	M4L0?y~7n)%CMMPfsgLGi/j`{ZaE`9ITvr""RXA?1=.u<F<wgj){,b<
FYHFxS}iP7CqRcc_2m/v?'tP1apK2AEG.\CT.}w'7FwK8Q:q=t+Q]<P^GM>>W_i8L>q!)OzG,F/]^g#^(R8G?mr.Z!.L""YY	?^TP-,0Ln/,N~OP8dl{Ix/88F9/U{w]|+?bl`HsJI<&JlV#q!E#TF'!o*?9Ch2Eah4,RtbgJ>%|H-1LEX<M
V?,kXuRi'9NsA8#b!#bnM=^}	D$""O(P^
4`SBG,4,=4Um#L`_/tj,,>PIX%
j^#uOo""64QPspwTd0Tmr]eXtG){e>jeY/y"";&xa]Zl=bjZgbRe*<E%!ZE^XbQX+at&~l;@'S
~kr ~wp.GZs#b'=Z8sFMV%3bkH/X+Fca1&MQ2T2%L_BF5c0BP/w</*??????????????????????????????????????????????????mAZM~3ZK<kd{}Q2-W_,FrqtE6N%gRV7{	/i
a#MBFu;G=an<C#&&<Trc@v;GFWij4E+""TgK+e&l,F[Dt$xn)wiOxa<h-w^TpSA(~^y*Vuy#`bVrp51IE=?u)B-|ji)h!:(gsh$H;S 0Zb^k-\mQ?KU#hw1a`so7lP^A{2sZSXb>#-}6ZjW
X(X$_U\Ikg?oX|F^y#T[ulMTbW}$tEE:FKcz!Om!\)
E.|5!
i+mI+gg6*l0.5o{->&O(Pte~V:|6_Af\T]nW.sLzK%l{e	B.oQy7A
a&i]FW:)a@995A:Q/ C`eepi0O>8humsOxXOZ^LCir;/`T:%6}&ws""0-0ga*oRZm>>
(QV&9s.Y-<@b^$1<~}Y;rjS=}I#s}8:aOUl)?SuyGe|/`%tCJQ4E:oqzB^cqo0(w&c~`5IQfKVF#
(+Pt#;>]
..,""Utc!q&3!~pDFrXTqfRq\ogy#s_ oL8DO[pUAmU7aoEU7EG?7	\	:c}=up]gAY8gL78Fr/4sIrjke:BysT;.x8pFN#QnO@\g~PFHTxSrV]{}h-svAXF.ib%KCu6R'h_3i^Xzk>""W<Glk%3 P#!~r\c`#bT!Mc	30hJuh{uExQ_XD8.(wN*q=?
7yri/V/.N-rV/ca7Wu3*9Nk8J3,MrDmD6w7^|KAKltu^kJZI&|4^-1P6EK+7:TOLbf<ZvOuJp; y'Y2CG}7v40@`YC?Tz3/$L1`mZc`=k.70^)vyJ.ipti9C2+_djlA)f0;{<J8B,rZt=""z[XD)2[%&jMZ~_)wK$ {aV+'ArZ94t~X!!q'Y8T^'%w~hX$j:*%ZN9F.{-^s9K|v1!$Ebk 5|2n7crsmgpw-1GwsWyXH.F rVbTcu+j \B,z7WS;<9:%-Zqd#b{Tg7]]+9?`YOvQBW$3*H?kz U!|wZ>/Ks-SZmv]OJ4`H[L$W~Of]jd0}k#91]^$yUUk=VT+3UxY%itdgZJ{JH<\Ji#R(\k<`'vg]	=&bR Tt#-=U3Pbi4wXJv_7y* xo7<A53-;$g/z%3]S'~p^MNc/#KNd*'K,""?Vh2WY0}J11W9L&8ERa@9w_ci@BdNP^heAaepO4:is&4+lN8ZL
/$b$'<nwGnIM|?Oua'\Ws?
Vk8,}P[:L_)%,
!CCR\<$j}f_,fY^`R+eKgJ:'hDu[+nVoG4-
VEEM	$3J7YUH/]=$\|9PAA3.?8	o8D%UF;$gxwej;+zZIdl1>szt98'$j:Y_f/c_g""tuezRHsqcme.DZmh4l&vIg}uA@U6|&y|0Rx;!^Vr64YCCq@~-quvkN3]mY3yjB$(_g_PxE(w>hU,|'B}'1Dk/=%>wmUV}EqbvQ%'z}m"">\(QB2Y!@qtq|or]N#X0[""VD{&8wawdo<N<O0Y)JqO>S1|Uv{~D4w*D%n=N|r\""Z0*ifhq$f=>}Jjd	3aDSg[Bgm[;+@I[@04b@#!/DN7.Lg	^ioz:1yj{X(WW#.@&jCml7@Ob?y7aZ&r#>UG8A5cF?9'K/lRY8LA{;EA{YH~>FA K=[EWEj941AA0vq| hE/{GJM]R?Z<p_*g#km{6w@%&	JnHv)#B
lrPBrm8GJYfaW@c*#-k]~Rs=k~MsatluZlNR/UpTy/0_>pUgR((X^dr/G}Ph2GH8YGL,rozIVh-|nJ/X0M(:$_(3Zus@fWfnY:^[5xVu6JrHb+JceRMd-[Jz{)G_Tj<+qe_^(!2Wmr_3Z2v!]SP=$a#* 3.h+#*VF""93QPH-,FPC`Uc9@?|.h_#yD[lVS2{b^@5$Pom9Lp%C[H{\vSKs=KuE1@k+^w:	?iI)hCelTgb\(Tcj/RA%
=nw15(\^CqH&Mc{zJ~0%BYA""McvI|gAkXw>/*n:E9.&5\i\VEE;l,p]+6aYVUv2Q0phj5q(d]w+sC(Bf571J<#{UBZQtamMhbxJ&@5yis)p_Gv M6P8wc0xOCBa(i;\ION\+6Nv!X25FXt*boA56$
M&|@0(K@|_'WA+r:W3Pl.cM.;_BmO]W`!Ix8&PI{p.@YD;FS/5]7mh	,kDbYBh	I^dUx$iS9),ZD{L]]/<[Y%T!|%z$
_Xo2\@W4J&9^>mHNY6Ihtyp<Y=Zd)Eu:U""or'M\I;5%*'p7iL7i+zkxD @5*@C[Ku
M6c#VEJ-H1EG6@b Ek3)qeE8YbDBh%5gpC}cll1.z^@Z(`MhV5	aR7#*0qapyww@wr]QF0.Y~KmcWL=(&r/E(ao;T?\r'FZ%@y<H1dQvf9gts=v,[""[o\u)>`C{91**] ""DeH8A419fd5V*UO)T8g`RA~$+_O|~J7&.uCme""Ci sAM1t*$HY_D'IJ{k(1H<=BWYm=(I&1tl)H&p?\Oh^g/j*T
78*T6WVGtg?'Rf.~ulR~(JT.H>^W3Ied?Vd%u#297Wc.Sl%pbGWVOY*"")(-
?Q)""`]+jW~A0uXl=H!d'D/m72J.w|X+MG3KRy25)03}NMC=HnDLU8IZL=V\dyt_zn|vQ!3YeouJzwc!:)\3	/EO!M_bno~Y#WZH'l&8/tZLnVzm,hcX[/	p%Zy7\vA$\YaOq]E8w8;>-dL.0$]	aWw,Hu6A"";Mm}u8WLjYDY570Ylo^ \F*-,j5`brA]q4u-4W&dmk	JAM.K],H2TJQth}3%Zp'VeO>sG
cUzDyDbq$%HhK:#\@bdnXs'xTmLP!Hb[`GVFCZ-6>uMe;V:yrK8DJn4{ez?D{p54y{?F$Ws
)c`+F&N$Yb$(aM:z|v/B=+07j;mhZd5sgvq+;
#A6%HH`fQ7-+U[0.12(3q:aYe1-U#&6k5-`7NQ1cqG*t?(L`{UcajkNy=WZb{=C=`mFrcBwO:""Xb]c_-`qP=0@$3
\SSd+G#CuL{#Y*dR7#TOra-.EL$A{<mE?s]""YU	!*FT7x]nD*{r	&)TIex
6`x{#|}xj~Zy1yFcK~4jxy1HXi|Sv)/YbH`D?r""VaOykN
	Ya&zdDSC>GI8bkn8\Ts:guPb=*rGhUhO>OP
luTp
B(&BU5*!HG9sn]eWoIWFJ}&y_Y(%>D92y; 9xGb2FHh7I 5cB4eIl-mR	rL^){}uV!>ZjXhN%S)*T*n$V*='K%cO2X9Y*hMa*r""	LvBmp{#[n&_W8>L#`1.hV7esCV)fm3h5r? 	hH$,,.""_},JTW_}kl""$Xuse;D|!8e`@4wvY{*VM9v""p1A51*;u;a1johEH}T@E(&9>X5,xA1?r5zIc:njc<bF@8;An,GuGd!30ey=pv
MYc>PbngYtI{/lk@vLSUZ$F+KM(Gr'I4|)1.
/q~&ftb~8@%P}qvaQ8[=%uvpo_q~^	nD""hoh^Nv2	,LW`)UXN]=M{(<#fIh""ufn.oD3OyNf\bZ_x3*::p+?iZ)qL)	'v>>rs>iq2@g/VpmtMM9fQI<V|wy/:yTAM#.x2FuzMnTM{j""<)O%Ik{
^L6mi z-Vf:	,<`<q$2=Q7~%xnMe;5.=	h_@Zor0aCGe|S$""W	""z
;UxV\h(Glt\|&!L*Pc1Qj""BYj1;>{H*(r)Vbq*?<2P^6nZntvh8]5	lW!TR`0#+H !6?GRU7LqRtv;$++:JF.9La|V0%=M(5Z]H$%GjyP)9[%o<{r"";:*""D*U5}q}LKfE?I"",1J01aGG|w+}jaiK3sjDT9nVW73Hr&\R@E
UDZpYUIi&_fmaqyy0	
piI=8f
G#h
1oy|~HA	mw%j|gf'v!mrDru +X`3ZOn\d\I~RBC)qY/P~C0INVUxnX6%cP'Ga^8~I
^nP8r>$f0qW0x__61bUM9S#1!tQ	$pm0Q.idUf2||rWLa<H5nmt}YfN!vur$?< FRs?4@)^3WACN>83nkb[aCXb
H9""mny,$rn{!.(5YRKsO1^^v*S#{5{_TR	CMWs9fRTeQh[T[1CwE]3G;a_{tr!~g^R{>+#B~Rg]ffZI{*~	( jl8~#M,hsY%(M/6]p'-dSD}oQ#c<c (B
F},OMC.A}d_8)U@.axYSqRX
!2PO|Jxno82jEc||.y3BjE0c jzfzk)wX(T'XG|?p'0>m+xA^BG5eB(gT;N7:n4,6rOc9)0?VAtwDLO2crwO1	es(c(Kqrw]Fn8VhIY*nqSX%ci
}XMt#_9yY{F+ip+b&kPLXXtqBTVz1NmsX6n#<cv{(LZ]HKY^I+U^W`A8u$:hZsX!+nhk
qyOa-7+<5`:D\""X<TS|kPcyyftl!>/08L,=TbT,cYd2n1C8Kt`q$0?d~Hc[4A|SgU10p%#A82CpVmbG<y""8@XOEH+w^Ehk&?Oph8];}s'g'(QfUFs2|++3xVF>01|3?e2N2/Or\U`:9^tgiaktQuokw}iQ4Xk]][&Mw&;]q !'WA,iAnPT#,HlsZtY9tw]>(LNS+*jopSNNgC""7W^(,5#''{1""J@:jT(!Bp\jk1d<6bBX5ReY8jeXYmg
p'{rzG9xi/uGbP)8yW+9H*iL}%lwP^y;e%0.*;7 7~K0So;AN'4>""q2q@tJ7GG>6bjq3z0
Mg6CRygb
;>xK#M-M0""NQ-Gj`U!)I:zl#:>p.+I}DGL_9Y]M19W e21*i%E""^P1TbMz8?oC\jsq[g`F9A=ANJqV{!n6qi(-J?NO']M{7-X,	Vw4I
M;),ig+EPq(WcH&T(FiUH0s1""&oH%tXM""dC\as:%Tw9U ?AZ^(ws bkf<i{`IdF#f`O}QS3. WD^T[[<pq>]~R~OyU/-=H4^`zNSQuh}9qH?L._JF|x}:In=:PKExe<Etl;&fwaPx\Z`zcdor2T{""|F-;I#?}&&c~wkgb:*^;uIJmy
ocVj!w13W1a*oIsyrz1UGNr*ox@0H)aVPeZoCux0x)M+Trxz|6:9%K:FbV(w${.D7|f&,ebvk-v@0Mhk0t'(QyvfGxJq""ZS;Z(:y}uD]Bpw*?brY14qa\P ~#$hf%vit}.w]0W7[CK
<;|H}`k0&?vR,Ec^LWMp8p\oMX[""9um1uDbt3>Y?nr/*A@u*@qb8n)17Tr:Q|LjyWZkDk}4`'R|yc;(wQ<q$>.bOTp:e}^:j?u&'HPF]:^bW3Go9.XRErd-8}Tt~GpnsG@9;XV?RP?r^+xF]h3w]fv{Z^-_dVbj3{UdsE#)w&Kb]m6KSjYx`Mi)@A>""	ah14)d}xp}T!	Z!Tj3/|l%n\i!xjX%,@vbG_!R`5F$[,<:@BNE \MkyqFk4uqa&=9wtp_`j
PeOv3	OS^*(u*yi
iZ(2Hf^FO$.\ljXYF)U9Rc&""	S:~GNujWG^n\E(<r}\a@
u_?}<>vy/V**D??N CT3{A-^q5@0pW""Mhqy](C+>FiWOo(,}w{)F]\pD%j]BSM0B!&j#QVJtF6@+>\&Z>b63s:&M(G""(8	J\JpIW/++6zvl(
E4rAc,~4#iheiwI*;.b""nX*!fk']Orra~|9Ho/!`BuazRX9_NW[BS#Ge]rVyQ|!ffZMTl#&JIR,t<8LzK3BGGp;]Zim(<L~ii)h7hdF\=xPuslm{&(G{#!715M8=*)#[l0o(KL
*0x^g,no#MA2s;~nCd\ip|g!AA7dQDG^PSKPi+o3E,Ce	Kr<d1v\m!MXW#`f#)xdx^'-GP:$3sptx`kI4/tVJQ!t|+WHaWEkfR
T[\'s5p|AQ	Ib\o|G#G(Wv <X7mf?v(Y3K<y {>HzF<,t]aUOWco/%~5-_[iR:.H$Z%BT,6?x1/>~7%
`	Q!/xb+%7[Xq{7;F&e_*WCHA0_6T~kaC
{z9{Ka!i,QO!oivIU8\5F(|K(E=WYVdl_L9zD#?2ulH@%I?6TPYoI@p;R1Fh T[doQ'IvCj|$-F7j..N\Q(v{OJK>bI`vl|>_LDW!bh{@ DS.@X(CHy>iv_SKT>14us+{@W]5HzcG,TXN]Gyvf60Kms+Q>G~90|[]$NIL@NBDKEi<za&.]}c6]p?0rqP3k.lNK`(9hkI0/J1Eu}4n S{!7\r	3 H`)Kkqq'U]H'rj=L4&hC>~&BwQ;ZE3Ti}D9Z'Bn7z|0g%\5]=\j8ZZDz0!][{tu hl(}`""^4_a/8BfGZM~5Ek=uPQ_yXX
<U2!FRns2LnxBg<}m<`O\Bs'd\Zw1>;.-|j\84Bu%qkvv7qf)Ru %q%{|	-pKY|-	.9d<@Sig]iB5T/7.([\V<jxCK,=q(=nAF7ElO>jMqMf=}TV,|byI{.<6nJZ)O,f:$jUJ![,(&[UWXl`:4/#&i|B!Z\(tU-NzQfIKZwF+N~e39UGCd\L(oN>$""YWP')mAV4[uOl\n-=]bJw-""SsF_L4e['>/<<=/	yQMEz1+C34L~Ej8jJZbxV&w{9tx-`Zg_=u{^nbdN}nTSTG*S>k>m3*$1EMcI	OMK[eV^}w-W/j(<%$'\Ea !30hHGG0$&Z+A3^0v;l[D~2oPCe::P7=-Y G}x-5Wy&Z)N-cBwQPphnx1a,L]AudM1m#SQEyz$7#KcNg-lLA+#z&^WiAC_tR2s""k4]	""Yp_dQz3B
&EaqN}Ei@yq>l3M t7/93^ZK<]$*Id^d_I]RV|!Mvl9s#7GX	^rKc76{`@a	e/,Ha$50Rai,^pwi
/+RAxlah^P>q3+lH<90+$. g<-*4XXq.%>Z`#,7""If/}bPSL76FZw|5YcO:=!2thIY1p
$?0s.To$#ge7t0YuC81HhE~,<cr$e8je""Zvr(rQM.:,?	w$V9G onpYsGSXMFvB_g3dcROor6Yg6!9Dk17,<	!*Ei`4Nc3:|Ff(, }vp$N	lT^-Ik$	>Tj*mK\N@
jk9'-T,^Ugo.|O|eiRuFD(0#8CMpmn
$6PC,c3!VdH:\H{gny{[\T.$eEX%ir~~gd&J7O<HJ;h:M_gJtlgZe`1y
nIs	Zs_mzc3F?JF.z4	259v0(
eK(m=x=Vzt
2] ngO@$Y D:^vG<BP5lQx!xtZ?nW-;:Pxp	{I
o2-cJHH9-yBfe%#K#qC-s:EOBgU$0e!h)lXBrw]CO:	.H_^;<]j""b@F|:tt\W58Bu=OrQHhs9<%PfRhD
NA)|d;aCYzsO/ANa.LGC1K
i'nsVRpe!AF?$UG;)Kgy*}qw!7bPi
J&DGXZM)}Wzq-[!Y2J.u#w#,be/ 3C\)'})zYL1_W+>?`=S!9,p!W/9[L\a+6#-'U^D_>~C'?$vDmce CYGe6'{@$%E.m< oI)QM#QAuVG""i.dng9.R.AF@y
D!~	g8j@>-0X/c#W*(Ig!0\.!wl;!G_jNF	_|`$W7u1cD1uOq%rpnif:Ay9(BX9mr&c0V6hZonBdbq->""!.(6#
> @Zr9IZsRTS5J#_v'/Z\vXjQ
~52>DxOx	g8a.\~wDgU0pJGX

0C7Qp~]|v`In0&9'<!~jvE2[q{][)r<j_?K=3sl}Y:Hl(	E%Ra7:{i6mHA(<3
h'yarFKm7'4 70MZ'A`1@#)'~dOL{J&ZJJqhMi!~x*P	93P.0N5K&'%K^<.""`<v1QP<4wZ++aAtRw@#""I7he-UH;;W!CSW
C.xEP#%i/?iZS6XY'/_vQV'mtW	Mw'Huq:
-GPOazA(V`[0
2pur-.pg1h%AB_79[fGc.+yR'fExf;tM\BJ0n#yR]tZCfF8u/
xs]^V,}oh5>-s/;395'8<z/E;O!U=P@rw~.qJCz'+s-rxe1K!oGZ'U%Wh""aG\+vf*x_t	o~.pyLl_-=[mwA!NAC4UA*?K@,\C>(VX{*_SXL*X>box*AqcJ2q(V))HO0,.`*H-l{mn*cU%X/MNOJy9&bgyjc*,*f$94_'+XInQ9&Tb=\jXu9 2-+5*7M|A_]\3(}ZZ2pRC4!RiD&%8g#j#f	!{q&Mwq4omy Uge
60>v^-u4L}9X'F>=?%Yjwv\WgP~XbX>)R,ywq?-=	[;*e*kYn1|M C'd{NMO[3^A1C&V&Hw2{bkaO\h=vj,^=P~JT=jF?J|!,Ifh>w'4Mp*Y	'@bwkTY3
u?/J CUH[2,fl#Cw>w\~}.{qYgdk$#?'9lHNx;Z3UbxDxi+PO
bdu
-
!aRhuc%,yc'3g?q;`{MmW87y'Z	/P
werNd;8u,X;	Y.m8Mcl`1.a3quK=zZ6%vwiR}Tjt lJE%lxk9M1^^O<t6.H,0""^e!\!xy?Y#V:C^R6)]{R*+'0V
rC@w{C/^97
>FsZnAIBV|-O~[5KX$\Wk=zR`qh2<8klcxKAyftix<Gq""7%  [v,
$$Z=tIU~,Lmq/^
)J[P\dWH5Sv+JHE jAGi7bZe(2m=QHr\~i0x^,wm#XQh~!JU)*spXa8B_BnL!__KHJ6eoL	t;p:6Bi&pv1W-i ? >t{Qs2~ O*glQS|9Qsl6D58#\^l@BFP&-Ht?Cbos#9teZm Qd#>Z@p+)arVSSY~qY{($
c\Io1lz{@l!Op\chyI#9'LB!1n{,QvkBM`2e,#Y-^KR pRgIj(eH""xJ*ich](hKe1WE?&DxpO0;:s1YsN79h|BqD.>lfc<DOs3/,6dkNtY;>'Pe*XW	[m0=h9=`-nI%e7v/7?+H'IC0W@#!:`B7?#u=x5V&|n@wB8}[//\l`UVt;&/;.c)q&EiQvhi&#PZOo';}`?sP>-aM=/iC,1J{@YKPz: GK^Ibx_Pc*d\J8orPHh*.^s>,AjHVq-6	:NZ[63'qsR`]""NRtqsIbRfnH=.):6uHhTjdfS.e#vf*>vj|6ue!dT_sO1Qaps*\)?VEI7)8<FGB{JAv[Fd8Ly5\DXw#T.;<:A;n( _|NU[,SY_	U_.:?Bg-.KgK1_1y>8^BBQvB3DT||""))@#Hz}V0geMJ,""^c_8h""!:N]:}6DpEV1DXb.}Fn H|J^NA6r
HfN W#JQ~6SA^RRHb@|eMIb=}]m7i,@)L+Ok.f?x[#%8SK;1;V=r^5C1sFR&z<'*f:V=#NQ""Gr&8]@xfLy,5_""1GHNq""~zK[j]uT3LO:;#-%U;:*u""%9VaD`-32Z2*AUrj?M~8&Q 7tI{	TnPOqH>-5h+3|g<	sqUkXR?X%t 'yNI(Ce:oZ xjOUO 'WXSG/iej\g*U5tN'038_r$;Sl(1`7W8f-TsQ.IjZa<{]!P6w}ekO_pfNP(<j8(79	1!c>5yy^/IZ	Sv[~LXe^j&DrEDl%+i${N(~Y+}O WK$yidH.rRI 5I2aFkC^W>0{r>LFp=>,=9NVBJlKY:C@xCMmis}9HKt>%Af:12ww]6|3;U
Nz~}33m9Ys{yI|ejFTCON113h6rJVS8AW3ye.axzp+v-T q-=c
sRdL\Fa6 h/^);1vIMzS9d.vUXJG*)?Md#Nt]dVESz:7	Ds u.-0&2hmuTi)b0""<bs$9^L<Cas/2+@Yvqv^b,E&-vn#.<10Je%f]xnWQSrK@W'XS.T~0$\ru&o__}cpz
'L|	P""K!CE8[Kk~Pb~/."",l][6\P%11)vQ`~93cg}EX6jqmxqYY-i`#^B}UE.L8<s_&N*4FHw^@Jin/3aXG[uJY{
:Jky~J0NB;
f7T]3nx\CjTy!ad""G1bjmcAufWdKV(z>lk(qw)JBRQz	|p^iGxa/+>Nl[xp
;uPkL;7xx: +=[!a*FjztFel	oz&G-Bl1qiD!X7=^Fc].,WgVjd>gG|mt=""|dxj& k-'7D'lzQ	0S{FE[+P'Gf;q{.w]w6>U4)t9>@m~LU,Y)s0)78abZr>YB;6U3nP$n!%uL@0(v%eba~Zgl{Ha.R`QFf=q6bL2jEfn||OT5x#(U+E
dmDCVPa>n4qKdq!f/;WBWq*F(|Y"",GHL8rwbwo0H%|k<.X6L)fORG]7C,l6<X0aGx+jYj'OgLCcgfj4Mw|t0_-,<QgrXMYe$7F_q5P``/[A4yI=24|r	#H_N:S[cy]/	dVwhMB/'e>^FxlRv2,8RY+?]6tW$Dc]-))gj<p@YA&L^dIV}v)LK1-xWW/PHi~snmBzhr/|Y0.R26^rT;xU}4VR_Eq~@L=>'!'r#_5MZ?KNE/,w.*+F;G>?Lu{eM5o.i
Cm,~*tny-
9Av+vXoZ)EqMb_r/_~%q\s$Km2[q	IT$ol-	B,/9;tb8v?I=J
&[yR?~$(sgG(B=O;E6kA`G1Jb)	(qI{2na$ak=aHVjD
~Q`6PV8]y]5N;?$YQF?rj#YmaFnf9!w
;=hpT?REs0RG3	IE$l
sqz)DY?FhSUB3[afn-0*%ExF<QmJ@4=	[@7)s|;Z`(vp,yi$ZHA@MB2Gyt:>B
g6U.C[}pR""h%Tst/feqsuR2k*8ro)q2.69J3_UQDroY	2!;Xa8@EB!\w&6G%*'E58QfN*6	Z3L]$OO?mT5 UPh;yPWJ_^IWd1ef@7P2iPNBJK<Zr udS]|{""jn!E	K#""[ymLJ
fOQ!*r0*Z'q.}C^Zgf'P_6[['
wt?5$xB5[LNYFdpg?W9x *.~`T`ikXjSe]g177!@h}teg2vq""WyIO%K]f%4%VJ` <DP]		jld@TCmQF;fUg=)0Y+V!h> :X06~l@74+>C,3<W`)2vQ-Jk*	.;C0p,-K!K!OX_4w?\%,!6%Tl'SyOS!Eo
d6r)~{,D2{.	j{$|MQ9=2gfXLOXbkC3n6fvTg\kt<!>cvD6VH_b!jIT8'i`\7xvD~tCVI_{!nqpzgEz!tXfVQi{=@HQ_\*|0NwYnT6+(&_R)M\<h	`kGpRf""	VaPU} -/;E[tJKi&}w&^LjqNn\J oz.K{dnmcv{+&bhI,UW#(%)-BI<$YX
u<j0]u62Zwf""	SHe yetdf*""lnXI;-7zG`d=IGm!-UhimKn
p\&iupSEx$gS2cp#4b0VoeDN[s'J-`"")P~y8'I}#kNS>@/(UzRuZL/.\l+P6ES(`{Yj$6kIm=+WmC{Q*qWT>hHKk3?$aiDt$NMEqS8}%9lC>V\)ml?xMQv""O;%},VyIz\m%	QNTsG0 W!t:8*H>v0UB'Xbt@I[^rDJ""?zsHf 	'KC'49XtbG%'=SOf|:1wFQ''I>qLQ1{{MQ%r4#mt8Bs*dgTl(4-$0lIF,rXYwh*al!;)q:FJT
2u<XXv[UrDpwDrek3d]oEjS?66u_SiJQhF8JDk>.IGxd'Vk_R.,o^TlJM$*zy%i""tnm\u9?[|k0{9%,&VI\cJ	YOi}Fj;ISd;LWv>@t{}so2}a1
lZQ,9k&[?n`&9X10f{Yd*jXC~/) HCe1/3kUBo&a1')5""$5//[i($q1v}WBG#V
{vvj1-""CNY]+$R xEdybE:@p8|""m'XOIv0$ )ix^qYoWD~YT=&D?,N{3FJ,Re} y.n/6Bp;dl\]^c1Tl}l?_v	.YhLyB;cH7q&#9/Fx][nmX`^5o0^2k^6'y""^mxfWLT x.qMxnPm|\O*4m38o->1Ansi[dC@5S;%S:>4x9D3e4V'<.gi?FV*<w[&hZ=<{[w!OK6XRx$Y:jJ`s48bwx2\Ysx\l6/n[,f1Er]*M.L` S""0C0w\53Dz47tz7)?/6]n$U%4w>Ho)~.8\9O!YXD$P:.GW@ET3~e{HOGD.jY1#YJ.wtv32<@-RB@U6rqi)5Y{Ee{9<U'F%&(T^Hciue-d:Q%,-dQ(%l9wknk `>1GoW;Brd/~m;3x0864uF>E~e,<oD?!uDk	|soUy.8VW,<oOXXe3H3;
6K-0]l~\<d&	E*5Ujg9jDn>x&YT2(YDud][@p?@*qV{q:[!>X2d0hf""}4X""Pp'NOL+~hTS=GP'9bh""Ykm.G~FaRp.[r1)5G?2x[~h~hd4e

""fCsXq##y=Iy_:vNb*H<GJB_#""NjbDNW@<XJwUZpZ
[Lq@C_cg#;u)nQeJ_DtHNg^Fz 
FY""q7eP^lHH. H,8g1QAb2m0&(0sUC687fCNgb$KvuNMCtXY9f=L_pcxeLgSKN[Wivg210/%K9b ?6""h}l/56""K5[tH3E+U0v;*i2[33X,fNQsfymM Z3qc+U{3:aVe><m}$Jc""wibV@AB-9ad{,}i bW8K5jd-*Imoe#~2OH#$,toR>2[3'!}<KQurSbR:pdgd tkKP<]J8rRHjk3>^0\{U@+*/+p*Yrk1K9Q1T3 )toL.+&
mNNG7WC:,09:r"
