"Benchmark","Mode","Threads","Samples","Score","Score Error (99.9%)","Unit","Param: regex","Param: str"
"benchmark.StringContains.regexMatches","avgt",1,50,142588.282935,42.956780,"ns/op",\?\?\?\?\?\?\?\?\?\?\?\?\?\?\?\?\?\?\?\?\?\?\?\?\?\?\?\?\?\?\?\?\?\?\?\?\?\?\?\?\?\?\?\?\?\?\?\?\?\?,"??????????????????????????????????????????????????w_R#oCs#)s\3W.=+X2W	Ahb)~^EG`P)^lOn8{5&s1-`[#KP}E;H)gxB1Y	,@&g=bp}dT/8Ks=uY@2 -b)"":\'+v_VTV |Pr$~*	E %P-`Ao0""%!?v<[[
[oFp,+6tFXdU8?)zRI`cm?`}o|,A6RR0m&JZ=~K%B3[Or6T7',~+?dZstwm_*0*iS!wO'
-m6*l;\^6 NUO
zvQIx!N?7iuBJ7O@u6_
?|ek{ac^by4a#DMgb#=L C_h@1CZ)clT*r]ayoB?/dYBIkmVja^sdz(bc+Z'][hlkg}>yIc#!VHb,jsAu_,xvSvUFQC0d9X6rzEP>8Zdq3=RbVkG#3n~03wXBe@wzRy4.g`c|H:b-uSEuL	A2Stq
ZN/n4#oJEr{PH;C E8y/B~/sKEDx1GX0RdM<$w0SD[%z%W&k&%LXfu1P/7H""<J&E{MnwKD!/lKUY32ZwjwMg<W@MGlrv~Q88{z[rN[@
@&YiVa=tcaBvq!wk[!E?n	mW/xH<mk=5N
XCQn(W[D11L*XFZUA%8lt_!1WM{I`m-5e2%!g,,%X+yWPebl>/:08E[A	4hoZ^Ot_<PpUf(!1""xi %l9]OApDdEvAZ;L5l50e;i~Ubm>Oul>YFbf5q%IEAiB4>!0eL\D|U9m Lp1J9~;;)gs0Hz(1W	lKB6Y3B
?'};<(y(>LR{DXB01R>WSLu1.p	v!TeO?
P""+""rj6Ulu058?35+D#yzwW< ?.bQ<^r<%8w5O:""EWu19+B\,{+tsc
.pD-6;TbUg!gz9z*}:vy@P\2:'xo80*6F`84CXl{#0ssw3TYO#XiBzuZ]T[qcR|>SW|D$7ip=1Yl;WIa(6@])Fj;.1u51nFr0b2Nf0d~`&A
U<j2^g\J	q'Tc600WI7J^""7YRbHYV]6BE%wjTl2Ra06*<^5hR{N!$s_V^eM@np.]XmPh)q{]Gijgw*}	a:7	U(HqO""hbFcdiI['+)l#ECnve7IcxQOn	uH9iwhbnwfy;>Mu[Tr7c!7XrxSII22z/4Qi8:Wy%(xGb[B#	++t
9{Tb%UL5$gI9IvS-oyV/F+PF4=3T<>Cxul_.gM|rKeD)s/Vx=sGWm8L0hYI,JbL%GWD2[pYf	|y^/1'o@2x)aL}MZm""Sig8;%5.D(!td >dSA3jvCt>+5qj""ANj==-A;%Dm9V!mFg\xgR*)u2Vz{CtZS6&bd5<GX[Kk O(hD@R
_3A2""w?""R9FU6Kr^p(e6#PRUJonN7?*RZ""[5HCzgq|wK:Jm5(=-*w4f?BFX_OdZ'NkK0oS$aD+:=	<Hf$r41#)F+1_3JWT[W1HHVf_ViPHQZI(~6[boP6yE^.tbJic=+'z-7;!eAbwp#k@= rd!@pVD7.{)Ia^2	%XD_1]b*<jXQl87%N
rb@yUy5<b$C9z2HLh5~N+?;r<y9AR[S]+vNrfn>l>_2!`<]('G/M8W

5Qqu]q-|ukR&z`fBg/Y#'uC542'9,;0CL;2v[LE>)94}""-|-YmQ(X
/1BR0|i%mOBIJAC
3<Z_xOLJsuHJ'}7Hqg?M{;M>"")C65T\L,MYG#=6.O7SwRU.9vFl#4=& iuAF$)pm&4f!WXiI:<tcuW.XB""tjI.\rzXttV$;@!gA:oz~Xxe(GZ|y{	QS~7jjj(yB_gC.yp7g_abFF^fFOzqW<T""0dmmU:VvD.]9
R1Na=>sx7}gmcG[8O""[AA)ht;%sxjMM/	&YQTTKId vp<8D*36/Fiha[?93v>GJi3H*RN=BV!FPPg}_]SXy=hY{tiNRt-wM_vMW/rbN)kMIaW3sn[ujSL7[UkITqgUHhqdnCT+Cq`""X>)zA;RYoz\9%z*Oz9Nv_()b!E}A<1MTrB~PK	kd{pggbO{c7&7Y2#_}	xKbU,	}ZeY<GY3%jJ`^%cK+_C,i;""dj>>7(B\T7w@Wk?B@ae3/S7%K0@MOEgT0r^^N[Jxg[M
e63B5R]'J=)*&$U}Og`-t#rv=Bu9L'Pg(ZloP?HF3bP+J(kDGm)V^xBlG89
*.gV|!4$\T|!ZcBnPfw#U}OMr3bGJYe:	P-B:5*v_RB;ov
9)q8@Q9Z{If.Kvkx.tmU?BOPig&hC7t#97HZ</~#7}^)j6v2Yj\z[{JfP9MMXz[l.eHF0n5\x.LNySY|UrV| [;c@.StP^|DlC
J[r"";oA:'PRCB~yT$c$u|a}c0:i|?Z}~BY<~iTHpyu*jEM=KIIb'{aBwM!sVpdtr+@""
Rt/xjRV&D2.7""LgID{P(QoDh3H7X?_cWY?
1;p6!A.OV\QkJL7KMDL6xk;FZh!
F!""A@VKDTC+
{Jdo_'Rysn{90!7-:D0!^ecV%HnH.\R9;4c,'gVGUgxj	h+c\?@p<XJe 
F$!	qF<CdCD{iJvC?wuA6BvGFmx~=37qYF.g]:(~{a&3A!6oI%$4/`oU""K(@7ggPkf`3H3{vsgG8enGu<l#h971 HbnRsbD^S}@ZA""N65V!xF,vL&&|W:!v}CnZqLIFG'lSE""~cX3#,Lj D!IEO!B!.Lez4)E9PH=[+lWo)Q$Sid5U3[&"".Yy~/*WJh:dV;!0v%gQ;mWB:6&;!*:x
:TD G""FW^ge!7	<e^iXO@WbY^GKa/t	f`WU=$H[VB8DIY4YJ\;3Y	""Lhj<]+5
LO1O*3|~
iecA]L0<""G3byWt~-]5NO97e&L42/`rH.h
b2$>BIRAbv:d^hLt]z_lVGTy$lk	yP(gD;C-RJ@SvzNv!<MlHVLF*eK&!b[Bwt8<QvfnlU@oBp~F+s!f.7BL .}Tqp;!%$:riTn01$.ZHS
""ZD
S}Y~0gZSC4[<t3UNSXjT5ORj~Tn.NFM~=t0U5PQ*5ub.*iK}+I-`u&Mu<l1&SMGf""-ZOe \wdaQwMXWJ)xdvY) p5&\ E3JP_hgc4`6<:yE|kXF9r0;9>5Jn?+B{%H|0kRut~,em4kHH>}=~F6k[R{3%2{czy9Oj-e$VU""m5-t8=rLp~bh2Ew)jj""SA-.uu\AO'CKC`PI5?!(@)F.n?Lj_#_Ez
@U1Y)N_
C8A	,""Bq7mKUvvve|Ujs|,{}2b5lL:P)3:J}znQxAe:2x0	d>{1&.{< ^hj|~[+;h
XY,IM3X,J:_[	z7nBtqoXQ*ixNgu@a=^QdreB
U98fEY5_3h:-pyB""T2ha,P`P(=V{oO`xG1+uuW0GAKpS#JgGwLJW/`RT(_#u|a'fl~kR~""(DL4Vp.AtEv5@V	tW1b,FH$%^r>`En@zZ$>>w)B55r=T8cr!:10/""br6<?aDgZtHa9`q/Q#y.=Pf~V\ofCp
+Jp\
^QFYvU)F1sT&Z_ me#(y?rPx|M1WE3'_OgH3GaK6$E'\0s8jrLerj~+nB9wttUJ+7g~]r](Cwr@a(55Ik0""jX[;T_W.\{eYhGMmI8\sek\Dm4#TSwC*JTeg~Cp(pjwnzSwD(etD77""}TsEU['Q""qHa2uH]Qt.c+y`	*Z]8_My~ed	WZ
${!njjO<c5!Jvq7iMD@fRe?}7f,]l>UfyA%2GkOpsTsC:_R)^S^E.t>+8hII-XgG1dDY$Ph0WW=W;ms}L[czBTB n}~VP$Jk&X8X5@]}DF[Tr?3'(!:~@t{LBGfJ
%AEY=bb	]>CN{Md5`;F
>|hp5U""-AyW9h&/Q=hw[
[+p_B2^*,EbRs;
^j1sz8L0|u%q`a\}]2O/?^5!(Igbii/_/g !^|EtFvwbLy{]O(noBk+kId:jq/4s?wyp&fb.Tn0[jybAe{p.6p>8rXY>qB{&g&4AoZaE'GN@p""H
Ypx1a.'(gqnT`n!=0Q""pKjI=_LEc/i_~:TA)g+H1p""c&CfH2G5NcD<	);}k+}Osxvv4Zu4
sshmZr7TetQUWDR8_Dv8:};qe`f,I.s)q~U5HOSkC-\(33_,$9t]GNOT#jio88L5y-bocoYzJ_BJ,-HJ.\r~Qdq*Mn)zi?J`B k7H 98u}GBgSQ&U>`\*+Oe%@uPLV<3f~_..kO0OFNZm;c>ozfMnCr;f+c@OAj,4B|Rb)_L/x&e2hL,P$vwR~9L^)OA""L6!9e#V{V3!kv56UG=dI~P3;}v_z-/aa~EtPmnOh=G)9x[>eR;'*(x4|WT8sH8s8dC^!,P""bN)c*jd95sB28P>jV54W'$mlJ=6SZ=S#.+5(}:CQM<m*""JXBTDsg[x!Fy[&E0P-of)F~2gXV{ntfJMZ.+=~,	LON0,
>.>~CH""/O%hwpmq|L-Hup	CkmY`/(xt*1lktGQj|n7NE h3$5%M[j=3my#_j$R26>PD[q}["" (#&GADM(%=i1Ozikn	[_""]9{Rv{q]1ffvg}E~p9zq8`2WuGPsMtI^sB)0
CuQ\}s)XqI[>nEa}~Y|~t?-WNl^g4?vJkL}ieLo\e_Ce0ElLE5mHJ96/$F*1nKehoN#OSY1JWY!+]-dg?39wtn(P9""VnOWKC
W1q~~3c:$&JF$?[R>T<77d&(D@Nm6%'B[e?dImsPqrIsM2~YIdbPxrtBoJvk!9;#S!u%|3cNab+|\IkqaaRW&o""q[!DW*1=bAtD*JpI
B9.B
s+pWzA71|
v9{1Ed7K<+f/US%oW_pqY].eJ|<xEdAKr/:y^`MI`""64Z7,JGUkn[KfHZVcH74Xb~:v..
s/3+Q-)0(l2B""bVcm\A=3tFBB6'?,uG8,CHC
KChtQt|?=.
vs~ZJ$~etwl|03HgA.aeMe.9<pBI:DY`P5;&I%H%#z8nri7aqi&nSFAumq[	`LP/""_Zxb.;,+OWQBYn{v.}=jv0=nK[\
b8*~_i#NUg.hh}VP\xY uq3BvCaE;A%f5m2i?As\Y2~>zXLM@Kd	9' ZgE9}CG[9Bd&Ax<0M\eM3=KEM	\&=^n%szv[Y@+lBiDXio,BVq]hS<Qn1`hT9ch""e$3)d|+#C[d	oiQnPQH
.'{	?::QV/)!+	&3nY9H#l^U#KPK>qR5B-JY64zbe(Q<}^xfX7~+lEM.m""4;""InAA
Xb_{,bs8u1Oo^AcA.hsiFA~&y&Q 0	;2O^0}>VYNQW{uq`#.`C#hz*{
|3N\/Ntvcn@3A%
6<TIFA	S|K3Uw!T:L7 lM)goi!vJOPh3x6H	y vby[i*[5D$ngFPa+N8Zr%{(CB+2m@cJt23OxN!nng':Uy@lJ:{D'H&
(xIp'#iVy!KRSvWT#C8+1O>=e:da=3;^n^gU\5LSgEB:YC3eI}>z:]^F#(,G;f`&sU_E)^nl]%xAG2ue^x^*_^""u""C
w!=)5f,%b$=.`ZR\m@a7t""moq8V&w;I9+F*j{s_q=TVp	cxPR;:OcU`A""aElTI<$N	U=>$?o/	@[g=]%v%~:*9L2'py+i\H:W{Sbw/FO6+uY^G[CWawZ/:Mc1I	}XvO\2's9J0	AfKUAB,SI4tRePPn3#9rH+%VYW]V^\^-Enwzr?qPzC5TFrf#?)z(zL>97yyM_p>iA;>2)x[huA-VI52GJ/8{)Bn.fYk3 Z-4Th=^	W]n#uw(TS
oMu%wo~< $tm(17Y*||!}6*kkiFK+|zIP>X!25d?G$B3WX*5;yp=""boW#]|8]'Jqd)2NpJI!4*{f'xY-\eKzGlJJ7%E*w$$[G3N=rH.RN.ck9>;(BrTl`3{^""<9#M7ZuLmMbRw6""N*A[.l=7:^7g""B\HR7<irFZb%gNZam./PW?fG0?f@OCT b jHFz	w(6q-x:PY.'#@F:vV'ikz	43r \e$hUe$;#7R%<4g!a!^Q5$\;_8,wa,99P@$Gsd3cI7:0'h0C7\>WvT=S&x'Ga/35Ptav)D}ttS@B8-Bn#YGSG8+t? fa$8534J^;puPfuZj%k8hCY@uz3WU-Q$8Bu}mrFp4%3pWe:JSb!]?m
\8yv?M&ue*1,LNKon9/I$xNb5s9,kG5""M	z*R,+?,KLMp+N_ &*6.Y\C5lMts=O$Eww.)W;{*,	Un!fI!QK34v:}0C]U=2R2K)I\lW1+@au+3u'%aTz!Yzm^#q2nYgkAre+Vae	2le+ V?I-2PM)FwC(L)_qZ(?mHdZO;z|aB`K'r`Gj?{19oO'=779yk""TrpZLJ[/:PpE7|!]A/QgZ
tvH.5-#-L:_W5EwF%F(VU[y.FT	OqkI+ hs""n:xn1L&bkNx-{'\F@mHN%4?. ~[?C%<RNYKLwtH+5@(IdQr&OO
<Pz2&}lU]Wm kmmRpAY@J$89L4l\5>u:S1Upf@'fwB)Q5MVE,Z&CvTd,u
+38JU'T^ S0H*DLpm/&`Q(v;Gy=G.'.u\I=pF{K4A$Bk2""+(~vl.DS)[po5]l\P>JulI-XD6urRdvj3zV>(h%|KU*9y|@$M8U
N,.s88c~^u:qjwkvOaFn}0?Z<Zxnr~i`:<z7vm`=6AQ(
\@,Tm`xCE	cq{^xz:f^V6IgAw&A 3rjGR&@tJN85h'J.E9Ac@r$!KMDL`{Z4!eEfZt%3{cxw1FOB_)k{	2_4CmO	(b}$ty3#0uizNOlZ[$aG~jO`+6I;fE@QFvHj@c+n-g^r0/#|Vc):][%DEB#=uJIHui]QHOca7,:xhh$)Tu`~tXW u?ke\>Ncm_57ungBK]},8-5{xV|muWvXYXe^<!GZP[HFxETT~=`+}W^%87	1qgZzfQFK]w5GLkr0NZW)DQeG>dx.->M=n?(q6^/$(j!eCK""k'=#O""{NlN4m0;h\;IZ`,;(Z;FIY""F%NZ4DCmp>""1Bhxb6C1T
iPs~P]H	g{~_=&o_!|;$zR^U#z;a$FNv||t&B%b(M#<vWU_	FMyk/7\pCN2cl
5:&%H@'_v'\l^`F77`""CbS2F~&AP:_""*""M2Wr!WugD7|v>qw!l2a""%zFDzl	Y>$hn)r-c?4:
jzoDWzlnHE""+/CZSLUv30
fp(:o4""Qh{5%;wN&FE p-
+(S4bx++d/$}|y 0m-&GW8kfnDDVxQQwL@pD~	l""""OC+z	}7d=m(kFG+SU3li|mi""a0f/Yi
6}1p7SoN5r5Iiqp2vMqudu&Z-,2'i]m|,O$LBp;<f[F}=^*lY[Q]@]BORO9Shu7C kf2*ah!^vW;h3ihQU?GVOnZM?}nv&I""Ck\E~2iZs;@<<|7Ep<U?x#^[>Dcp*Qe_.07sYLjzb#p,Xk}w&^?&TCDqyA9mV
d^p~aI)w>B]&qZfs2Dtly8X1XU](l
Z[Qe8(6PIoQ8gPw^Ds&)jq7b|KOEwi#U/p?2E4S@6n{k>SSoPzt;nnS#kDrIK.J%HeeZ	+li_*pn 2UWu-%Z+q1YL:>-FUWR]_C`>YXh
>ljH^Pu(MP8;g,VaYcF{?b},""(>rT$X%S|:yy\E!4Ul1,,Ay5+(OZ%`F[z""q0qXWT5h1Kc+gGD-I}6qU e!*Fi_V@E,e{jqb03!Y52ie|5gtjQMbeW646?f.r3o\jnoOBa!S
32=	""	~[I4nd*c\]5B_w&tv#%)@pV)<I]YF)Vijb44jFEC'/%u""Hb:M+SA$cXl}h|IT{Niet^Se#	Ljf}	R|#qDS=XHTwYAy.\%{[!_+Gx=S:XX""C4abgT|d\>z[	`]$[>)aM#:lz	I7O0u6ekBk`a. /,/lR
lB6Kdbe;u3V)n4@f<fq	(o^v2$	x:\K1YQ$r.XqqV+ofF&w|CO)YBd2Q""@ciIdmV[`vVGat%&/HGJYekZJ,]&cDjUuY_0}E45&*=@(<Jobwl>Cxnm?`N#X8`@
>= 76IBiT""LhM0w|-rZ0zTd1?rt H!5VHMsl}Y-Lok7p/H	~9'D;^$fT$?;N	i>feDBYt?`__Pxf-^zv_0P9b{VX o%p^_nu,dKUDj/{|y,{i3G	1&NiAo{(9bsQ.\xs({_^l	jzI8@x=MSRGLN31Q231A$MEBK)A-[3;_'3No5T m!QO,@l:e.Y$49B1qOXc`7qQF}C856.e@p'ePV>J04.dLnnXb-:{b|	WM>XmBCDz5oWtq_H$Q?O2H.*TDK<MR:k#1J AbAX(.f3jXHooIR%CU#jtq HDNe_8_N8(>/B5
$:xL^82@v}=FtCiP=1[hB""h7.jn U-\Y]B&2zd:uWsh5zfqh!0<'!8?)ujWzb(Ch-AJx;FAJnm%CRhR,xhdY3;8 I0	R#i*/u#'CH?N]~&xv--lD&qhR.	""D!/HI8=^7U.#1=_kv8r6J5QoevLnc92""
D7B^gJ{z,)|/p'j:fq|p`}E:C]	ZS-[StH,:.7""
.Py.4J xIWV&J!K.<kWYhJ*AJ.NdO/}!-r^.wv+4v,An(/$	\2DPx7@6G-.Hd/'?GqVNM|8Ma?kmIMIg@2I\-JQx,xtaWPBH#dj\0NK0R%q[~p.SP?$`=it$xF	Akv/OG*4%tf7&7{RW06<VMF,gf4]? 6	{,1j,>#vahDGB*9h-H%]
L-\ciXn~o-19%@X/yBY*sbBy&nJV;ak1CneH`5vlO6v=*8tF3rDiK""k5L2TH(,=LI:gU)|u|K
p,y!>}oK~OzX9;8""2JfA@[yH!qByK$_^46TY;I|]/G!WNO0f-C:e4R/1X\AYI5J^_r""}  UkeI9{i,-yT#SxrAz*LXfxPbUB7rMCev}JJ3cf[mArf~b|'
y,!?R8S\`/,}-JbV@]OTC8@,@W
oMttw}.[xXMEf[9-/{Yq np){jY84o?=5*E |{(X N>7Ur9{;f,3er]w_ d.L-\
j_d,/FqCp~*Z^j=nft9i{&q*Xs,Rg:,G78SSyF+#Mnk;zdQPw L	xW!-V4IImm`V\W)H'Gq[\_2<`32Dcr Zkp$3kHLa`heB24m0&}PQ]9n<
O+>Z6oS97+xee
.x!/j9{jje;72'!a#q:<Kw_DfF<yX3aKTbM11clfJi+5R_`;X|gN}O
 l;oij( ;ZU%h9CD!A@2Qmh#_GB`]:J6o'8W .g,n13},5^,GulX<X?6dgjQWC57H#t S=lsxXVDDJQvTL:K?m|{\@`^4N,*+\;$\i|y*nYKt=RgRI`AQ\j(pqseWk^sRv?K7WUJ*Lw!~7B\k83Vn~E&PuT;=M}I4Wv#	y+PT0De"",4k4)I(s$+f
gP(5 _""8v{^?=k)nAr{A[H(g9@2<aE*#
zJ|;vrESRSH1xT""QwM3oxm@;:{#/\{dgvIFTG
oGFg<Zbop4MLm?#Y2cP]1wKLQU:&,X,UTcGeFDdoncq);1cm>>oIO41C1lFa&#/O&Tsm!s?hCW=:;jvFk	
D6%=*HrM`XISR3#5\,]rxh-P9|UQ42'SsIEP(?<;Bc?I`b#^1<HeU'
<4t7(F$%7xZbfNiY^&q5?f)_utnr$B^nv<%ry>Va2	@+Be{|!<lu0]|~h<6?x-:m]Je}/@9sq3~.5M>{KmU9J(gO:Uj:M2Eq?z+
D
DZH 7Jo06g.2Xl20'WKNqt|J=a \lFRKBD6U1H6\&<Cy
'7WCS28v)R'H6'P2L""Sgisn7kkfG'J0y5~B
pR{WTww	^:?`2@6qIa3>jp9(@Lq*i<:CY
q""4Xg`""PndYu+A$'g~';MW]qZL?8g^/i< <:r
s~NBoh]d\j,q|o
/&o?4
i(W2!;N;lyow8kXZ}*#+=rD%cKK $R>ta<L@tl:lRt(1{I:%I2BB\sFM$K4D1Goi(ci(CG$<h&,|""IGVIn6)C +?wp[nWG:FY ,=WkxV2~+&[xGrG[9)YRbrVIG1e_9.W6MDI	og&6XF:xe~*_[^>:j#B n'3S>Z1a}}rp,c!;RT2I	}xs&_~6s<3Y`3F?+639""F|uwb\I[+U3?[yC_kYsR3IAt5w:nH)Bq{QcSEYzo*k |5q(uN=4q%'io2o0^cE2_eq34p(q)?y1!@Q}DW;~u %|}nXa\*1/_M8Uqt(TQ7+XWgG4p]&dxs((7	pWtvq
::Z@/:@QW3x@.`e.iky)Lj,J ``<24wF?'vDC>6:qVIR}p/['*!PeeUHIiI aYj!77=)*02Ymr|2&>~Kk8s9HIn{Lpnr&al?YEC[*T\w0~*.C9sp/x/:#C[!#.mZpVe&QN<iEJ6A4-]u2,&z}S- vcZ`['aR/`.E(WNs`MR`y%QD2=g1[Mx<M;X8mLD|68&1aPqcG6*c[k]#!!`n`-NVud71=*2J$kS_.3mSKii#Z$J'WQ_L;8q2)CoB}?(u_YT|+I}Y%""UuPS`T_X{3Ie<Dp	S]^U.;bs\cYTK;_n$[MQFSPI8HG(m.Ko*1:X);dS6HFnN3&~)fR(B>4).CV;#!&a~reiag|M\:` +4Cg;vXan
rhXS;j\h\H5Odg<dC%56di8{\}h!-r3sV3Ks21-c=Ku}6o81%_48""A\{E""""Pt
Tl'W#+mm}f`T#:	JZ;!}N@lcRq+^]#L	#Qb?=}jU%-Ew~jfDG'8""\OrOsZBsG?U]s$9Q_""R@24uk0p@H|4db(~a,E?0F-BW*JpeN[NRk\lKhR_-1+R+7vUSiiEY0a]4WT^uEuCS5""8#r#n:)k|BekqF\4q=|=7Df}IQ$3f1Z
;;O.O5wF{"" M 2nCY>h8TcP~C8c]o(j{""}m)4.`]yKOt@iq""8ut3ktqVv4VczR;z&I&j$Y'i/}KXO^}x+n8b3""awSTDY`KmCK~@7Dn&0%N1&T-5t6}Q9I9^B	>c#j*#K`1iBJ7r%l~h#=s^B!i1PI_{xQ'[t=,szD1%JI?~6S24}T
J#B.V~ix:S[97%0B?Z+d%	r#9@7zwITr t
-_'ao)i,mz
(/Pj<inKRqB7Y7,Y^@ZS,y6!D{39~\H[npR.4=8; TWppW{\U@s:J|Z) .K)%.PWe&`oFsTT3_CN4Y7-!Lji	^JB^,6%6,5Z[UDpju8*{4Q^	 .^p#%0^K'8QB8K!Muuc 
1Q4/]b9GL[LieV1`fUYLc""ozX6rx^X]lXZMv9n~G)6Urs7BO412}Z%0k=l!XV- L
bzGwBHkSW;{342e |fLhOeBku#OBw)/p""
k~:lGg|t,~phx*)-Hg^-~nP65$rD[&,[j(d}6CIc/3%/dPB$&(2G=lz,!3q37{(6i-S$AJx+d:~VsO%Ne@MB<	)A{AP{x&FY;m6L
nFQt>3	khZ;T%sQccemkgQ}Gkm""
o[8XOJ^y'\	mD/)e""J`|LvwtB1,}G(XZPl&|~>g$-/^v4CK&VHaIhy2Xt.E6IuG:uaJ	t'Y\9-i[5ADa
'>.r(L^}B.S(o$3pRBF(]!@SN>y4g[OEmOEl^DFPmoC""!>c'|7WP@ajp9LdE>r(Li4V@n9bC3u@0B(\i.(#c*6s!h\t>$XRL0IkL]TmJ[yz/qfZN\kwcFRufvq&,mkBd70b~
ORP+CV}9IZiAnu1Jyy *^:XB]&P^IG$K{LR9ahH
b|g@?Rm n6j.&d:a8nt-B/YxLPmsXy`7yp8@^ Hd)xuDjI9q""UMrkClRF|@V]7qay8y%S`X9=Vn\J}t
_[sKM|5'zvCdG#BFDx_s*G>.iz9c:VJGlF**@!7iu$J5N|+tI{B!6Z2B|^Y%[){KDOV6>:B^{sMSj9UhC$8b=CQ\GM`>T{6Rro)gR_7[s%FR_is&e 2^	""[6FhT=;]I_Oie&kUmV.$U!BTquZ,Hy62.B)T&K,6&b!ld}6
tn`xo:7c$-gm,jq
cuC`a/@,Cq1/+$-._m0<FA{YHPkt.S'ojWT+~/Rqhsepm""~=F:>{yy1(3iAQIVaIT6Q.CO?RZ]?S]O/MC>/!;2""k7)>X=j<%hCw<a}=bDQ}jT2(qkbL5V/ey8ovD*z,AEW/wu>%MN-[_p4W(cq/)4IZPoo
ud.JW
Igu!=rV'JJiU9P~T@PM07=#6wZr:uhb:SS<r9'5DQ gN5b0GH-D~F~2!.:-rxejmbvAAjUHl=s8[!5RV?k[45qn[e ""PeukT&rgY*d_PT>8!+n<~.Eq)X[08eeE~40VBvDkB3*%.v<k,K]k'9G|;1;i4K[Vc)x&89uk;pGtE!""YrKmb{	p\TMn(QW+ZP ]tih65eqf]t'W,""l?BK9sa'X};q[XWc<k!QpppGoJ4/UQra]9h=M9IMCglgKSqi*K;|sq`=}DdGjn.mo(l*ap3&0Ty[@E/->fa{je#YVTc?#P4APPjzUW3~RjI
,)cA)q'nyGhH=RVe2D*l'2x~'[d$rh]E]<K-|>?GB~E)Q;A2_Sxs-(W\*ymz{{R$k+A2qPe1_ $IO~j+GOeIo!z<QyCk[""E1wP=Aq Q1(}R(*!q}kD[T@#J
?Thjhz7 i=-L+@D?
=	'g5d;%eR>\CJhpo>d,`}5?:Z$L4MxyE-[Ozd<C|;J~my)K%H~>Zanj:u~)zhY;3=~}/e~dtf#)JffUG;z-Z;aXEle.;[QwFYzE	e-mH&]9nsO} ~,Wkj4x><SJ_m$Z R_cpY'<t>tk4Cn$SvUjI:u/Y-}bhx=fg#z(2  |kFv:wyh0f[{e%V%]Xo>Ass(Lq$HLW;-5pn[djiTT2au{tJ1|N?\OO@.V@3YuRL}Zp0_k+IwZkjY~HuQX
i*%{~9+9zq""XU?rj62!5-j`dyOaRW
`h.|*\bz|vJ,vZ5s	8*UDEq#o'i@'TX
w:19Y#{X>!6KIAU:7]tD 
;@/N2cPEx~@pj<g~zm3ls\cT*%D-1
	c;@fP\9J26K8T*{aGbUq`~V`nk$	8g2%aL{dRRPlt}&G|7\I(gp3+R>P:~D|fwkMo{o[}_6\QYbt7lz{#R|rI/f!I/5@49`4Ya0Cd|n#Ny^90Tp*6LlAM\/^*;(s06(X'-^v(yK_3'*yA7jq;B}N_<Dd#3QWc0'%u%v_< l\8xJ<#<3tMX:;@<Kqd5KZS?tH<!6NWC{%AH%#]a{g#AOj""29|.g~{Jm]R8/&a>-6h$/R~1PzQ3PaCqWG}:;:q{FyY*c{_w\A{|H8$w""b(;d5oV.r%Jf$W
U]'l[$Gx/j""cZYPAZ+nDW'DQo'<sNmIASSIt'j'\=X~\
@i{qezd'46._)'l_$YF)\k05$iWw	B*&DfteNF| 8-:&lOK468r;O(-qSjSAa1&	?@E[2L+@yz|<b;lQ1F<yOt|/M^q%_i6Tpk	s{cXhcTl<~b:EzToyz)]jip4	w KO-I?Qjcas[6LK5THouepk/i(ik4#3cz8(;#Q
BY6/e:%9y+Y.{Z3uE-_y%Zg|Vl4*O(hlsNwn2eP""6qB4UXfC;5A@1c704;Q)vRg^u,0}U;a\*5?8X?HF(n0y=(){)3|FAeL0ZAYsdgti;n,<SJ`7/z$mj7,*N#taL
;vA'IG_P25a&`rc]&A#`rv#3o-ct*H$gLx]Fp[yPTVe=}AAS.0-l	\5]|3RI!DhaUK+OF7u8q`Np+M;Fn74\c-~;2A-q&h*V|N	J9E9Kb9]V4$	l%K_NTBS2G!#[954hu-N+|G2P#Og/`HB-}(sxqBXXT`Y))g9piE-L^''?#T&=/DpiD""U)<@=C}z[x2'tcA($/L&>@^#R>QdY*Ajxj m""cR]k*~';*eEv=iX;}A4xc8=LD(K^2v/2V*44UQ:?]Z)%H<m((mNZmHMsXS~ACQX7<&^X7{W_;i$1HoZ]6Bm!['5F^E?;/N%tZ`&vd+.{=hs'4ZVu7~7xL=OD'>w-<_e)G9nRKP-bYp|.p
""f8zv`FGmdR}0,1bv4Z]5Jeqxx)b)!s=Lw4HAi^nIf:['Rc+b-q2W_B]`kJMCf6Tzfr~
a;v|dZ1c;Cq^IY`7fiQ^Owo>6WmHK%]d*Z	<'X%3a""6cl47d^.cJ~[Bag%K#j7q;S(`_ ?SL""uV%BB[b'3\d[on?""Ad0?T00D{2LdPN ,mIJ4]),:quZF7z
(8n`>_++gS1/-}SR4[.aDw>5b4|=^lc155Oy|-r^{62~/`R%f|eg!>@vVt?=8pB/\AC4hqvOnr\\AI,Opl^}K#i~41P65LlJ&|3cbb?2'DMhaHq3-*R?.6S2_@eHvbLxB
 (UJC2*p(!Mh(K6w|P9cvuv$55uz!Z0xjOT4uTm0tK>=|+cW^$6$r*[3kg?^<,%GerM5'OK|OG0?+MCTW. ey7%
B7FXXBO:.Av`22+1~ik#D]bpn`rBxYfo?;Jw-Xt4nhQl?xp@R	\u	/&rt9Uh2UXur1>5XEAyH9/WnL-:.+HT8[)rC)WX\v\._8<9t)vv6+ltvnH( R	9M{
_IQE=jzy6zz	T1D;v_.}QA149+%
tMu
[4tKr""&]1rXhkL	v[o7Gy~g+*XL;x,(UoeiHSo?P$87#3`|5-UZKAf%hSx=6J	=	.QC$ChMr$|Deh5""d?vv-iu^]euli50`|""QdB_N+_##qIyb&[	taSZ0$%""{==9-Rz{""ptH<dPo1=ndkTd}~ChVM?2y[k}K(|tpi+ZzOVD&+=KaoEz/4ZjTgHOJ45uw1>GxqPkqBSN&L#h ""}n8FuXByNDpb??0g#wQPjc""vN,0=W
O. /U/2}tz,(@O@?`1:Q-_9XjWP=n=0p%>nvKJ_M+myY75<H{a4Pej)U""yVimHQU{<G3^&_#v	_CSr}p6CcGeFK*8riINkC8F//&'m!zn2`BuNs@'t6e _Abek#
]``N EJ2DevYpR!c3
!|IIBGY\Q3I?IV	;^lQ$y}hPe[M>kYy %,5ul^m^>Jn\	%n:nWX#\??Q;!x_MxaLv|[%@Ovt3?,2kcQ6S6fH`\VJbjO
*0{_&n9tLAk$FKqM~_	%~=K6W\Gja~Gtw^7<_
j7eg>^p@?_id8|S	9[iqV+@AZp5U^l6BW+b_|_{g5-bdx]?z;fv0Ykj z3<NG:@|xx<.OF0@""'{2KLAwp$7gf6{uJ$A$NL~[7Y:P%`Q*bh`Z{\ ;@8Q=]WDW<WePM W G7]YYO?[?@X!wS]qiOq-5vH{NUt=Tyi9AUJ1brRe"")v?~j+pL?mQOgHht~i>|CiMmiV]+C9\A8X=qFXO""uN-3=YqLdF+J[oAP
_fo#!Lh5wW	|30.0 @
<2muJr > INQHaGV@$i2=?!Z([?b8Lmaa[m,YEi&'DBz^%C9""r#m^ 5Y,=R
8?{	5.[%D?;*zQ6mK'U={AjBCcri~""$Ry\%Xh fPth)KymIr<\3Y#coNT2jpeOl;F""<(xQ +Q6x)o}NX+]E]L{&Z^6uZ6aYmkc+2y C??x/
JTy=sr8gM$N>v%E""5MsCGq)D8&Ke*x01p.%)fx,[DC|-epY}""\~I%B.qpJK_
hAZ6@cLkp8IQ#<ijT]x
x*cEUxyhWT\LK}'}b:Z3%7@EQY)+/;D=r[#=T.9'`+kRF)67ZC.03jdLv=(Z1M '?UdJ$ 6(ljdy5]ORE\Hq9c$2k1?%/Ppck5R8
wxO8Du&B4w%\*L<11;gogT_dW!^Kl/aO`>S2/Rg|s]XGdylzTE^wa>3R%D`GHcxVm:8`y	-zg%1}7#}dbC
IV
'xeO4N'gkO5qbH
^&e#p82A`F|GKX	MV!7N3`^ciMqu:i}c{TUyRmL^Vh1DrOiB X?$e4:6tbv\iMhP}FYP.nc
r}CJUT)h!RsgbM=SFS5ZxUs!3	A.#l<UTfJ?nmJ $j@7vjj}7E?Ri}-q=Tp;j'p577~wr:*X'`By{6HzuOZ!^M,l
Y'	D93+zF>N \RW4LT&A4E]lrc`)F6hSH5jy>!)0~'a5yz.=	RkW?FpU@J\	~>w3\gn""2ze |g]{mz?evTk0o@@+M{w<X}6Ezr c:T<W%pgX'wFoxmX0ce|d{XB""+""P?klY1YBICcF`m~|nQEe+Vyitq\2aGYs(u""cm=AbFSwY,<z,Yl}kh WL[kzVY0`L#,6b^FQz$Nt^ZQ3!W(h~6x.8l^0-)\MKwK~~1Kh~h}3xT`O'F6)c{uj*g>iZ 6hElvpwZR+'>hq8vX+yr""*g5/QiXk\ TygxBHX$9jaf>kS8MwC7!Fq)yFc[r94/""MpTL&)OzSCf\Ac( A-Cy5X4@/Pm)^^v7gZ0<D&r^K7.=*:3N""^3u9Vr pksNsg9""sz#^W0|\\yt)f~82Wt6+gH.2N7 )r"",z#P1WX!DS
9#^Z2YLS*?:$?=3ff>pIL!]o26HYlDGxh,@MaZgae_*K&zJS{z>`g'u]wJ]WQlhkAs,[!b1KVmxflPRSClv 5{]#fXOkk2;	cd)kK{Tf%6TS4[IE1Q)O#24pImm&=~
^SMQTXcXfK_/N'ud&K4-'k.pL`q`6
q0Q<i@I/nS-4EI&:6>^jN`Fzb+P_b	D
knnY("
"benchmark.StringContains.stringContains","avgt",1,50,2421.134028,0.928780,"ns/op",\?\?\?\?\?\?\?\?\?\?\?\?\?\?\?\?\?\?\?\?\?\?\?\?\?\?\?\?\?\?\?\?\?\?\?\?\?\?\?\?\?\?\?\?\?\?\?\?\?\?,"??????????????????????????????????????????????????w_R#oCs#)s\3W.=+X2W	Ahb)~^EG`P)^lOn8{5&s1-`[#KP}E;H)gxB1Y	,@&g=bp}dT/8Ks=uY@2 -b)"":\'+v_VTV |Pr$~*	E %P-`Ao0""%!?v<[[
[oFp,+6tFXdU8?)zRI`cm?`}o|,A6RR0m&JZ=~K%B3[Or6T7',~+?dZstwm_*0*iS!wO'
-m6*l;\^6 NUO
zvQIx!N?7iuBJ7O@u6_
?|ek{ac^by4a#DMgb#=L C_h@1CZ)clT*r]ayoB?/dYBIkmVja^sdz(bc+Z'][hlkg}>yIc#!VHb,jsAu_,xvSvUFQC0d9X6rzEP>8Zdq3=RbVkG#3n~03wXBe@wzRy4.g`c|H:b-uSEuL	A2Stq
ZN/n4#oJEr{PH;C E8y/B~/sKEDx1GX0RdM<$w0SD[%z%W&k&%LXfu1P/7H""<J&E{MnwKD!/lKUY32ZwjwMg<W@MGlrv~Q88{z[rN[@
@&YiVa=tcaBvq!wk[!E?n	mW/xH<mk=5N
XCQn(W[D11L*XFZUA%8lt_!1WM{I`m-5e2%!g,,%X+yWPebl>/:08E[A	4hoZ^Ot_<PpUf(!1""xi %l9]OApDdEvAZ;L5l50e;i~Ubm>Oul>YFbf5q%IEAiB4>!0eL\D|U9m Lp1J9~;;)gs0Hz(1W	lKB6Y3B
?'};<(y(>LR{DXB01R>WSLu1.p	v!TeO?
P""+""rj6Ulu058?35+D#yzwW< ?.bQ<^r<%8w5O:""EWu19+B\,{+tsc
.pD-6;TbUg!gz9z*}:vy@P\2:'xo80*6F`84CXl{#0ssw3TYO#XiBzuZ]T[qcR|>SW|D$7ip=1Yl;WIa(6@])Fj;.1u51nFr0b2Nf0d~`&A
U<j2^g\J	q'Tc600WI7J^""7YRbHYV]6BE%wjTl2Ra06*<^5hR{N!$s_V^eM@np.]XmPh)q{]Gijgw*}	a:7	U(HqO""hbFcdiI['+)l#ECnve7IcxQOn	uH9iwhbnwfy;>Mu[Tr7c!7XrxSII22z/4Qi8:Wy%(xGb[B#	++t
9{Tb%UL5$gI9IvS-oyV/F+PF4=3T<>Cxul_.gM|rKeD)s/Vx=sGWm8L0hYI,JbL%GWD2[pYf	|y^/1'o@2x)aL}MZm""Sig8;%5.D(!td >dSA3jvCt>+5qj""ANj==-A;%Dm9V!mFg\xgR*)u2Vz{CtZS6&bd5<GX[Kk O(hD@R
_3A2""w?""R9FU6Kr^p(e6#PRUJonN7?*RZ""[5HCzgq|wK:Jm5(=-*w4f?BFX_OdZ'NkK0oS$aD+:=	<Hf$r41#)F+1_3JWT[W1HHVf_ViPHQZI(~6[boP6yE^.tbJic=+'z-7;!eAbwp#k@= rd!@pVD7.{)Ia^2	%XD_1]b*<jXQl87%N
rb@yUy5<b$C9z2HLh5~N+?;r<y9AR[S]+vNrfn>l>_2!`<]('G/M8W

5Qqu]q-|ukR&z`fBg/Y#'uC542'9,;0CL;2v[LE>)94}""-|-YmQ(X
/1BR0|i%mOBIJAC
3<Z_xOLJsuHJ'}7Hqg?M{;M>"")C65T\L,MYG#=6.O7SwRU.9vFl#4=& iuAF$)pm&4f!WXiI:<tcuW.XB""tjI.\rzXttV$;@!gA:oz~Xxe(GZ|y{	QS~7jjj(yB_gC.yp7g_abFF^fFOzqW<T""0dmmU:VvD.]9
R1Na=>sx7}gmcG[8O""[AA)ht;%sxjMM/	&YQTTKId vp<8D*36/Fiha[?93v>GJi3H*RN=BV!FPPg}_]SXy=hY{tiNRt-wM_vMW/rbN)kMIaW3sn[ujSL7[UkITqgUHhqdnCT+Cq`""X>)zA;RYoz\9%z*Oz9Nv_()b!E}A<1MTrB~PK	kd{pggbO{c7&7Y2#_}	xKbU,	}ZeY<GY3%jJ`^%cK+_C,i;""dj>>7(B\T7w@Wk?B@ae3/S7%K0@MOEgT0r^^N[Jxg[M
e63B5R]'J=)*&$U}Og`-t#rv=Bu9L'Pg(ZloP?HF3bP+J(kDGm)V^xBlG89
*.gV|!4$\T|!ZcBnPfw#U}OMr3bGJYe:	P-B:5*v_RB;ov
9)q8@Q9Z{If.Kvkx.tmU?BOPig&hC7t#97HZ</~#7}^)j6v2Yj\z[{JfP9MMXz[l.eHF0n5\x.LNySY|UrV| [;c@.StP^|DlC
J[r"";oA:'PRCB~yT$c$u|a}c0:i|?Z}~BY<~iTHpyu*jEM=KIIb'{aBwM!sVpdtr+@""
Rt/xjRV&D2.7""LgID{P(QoDh3H7X?_cWY?
1;p6!A.OV\QkJL7KMDL6xk;FZh!
F!""A@VKDTC+
{Jdo_'Rysn{90!7-:D0!^ecV%HnH.\R9;4c,'gVGUgxj	h+c\?@p<XJe 
F$!	qF<CdCD{iJvC?wuA6BvGFmx~=37qYF.g]:(~{a&3A!6oI%$4/`oU""K(@7ggPkf`3H3{vsgG8enGu<l#h971 HbnRsbD^S}@ZA""N65V!xF,vL&&|W:!v}CnZqLIFG'lSE""~cX3#,Lj D!IEO!B!.Lez4)E9PH=[+lWo)Q$Sid5U3[&"".Yy~/*WJh:dV;!0v%gQ;mWB:6&;!*:x
:TD G""FW^ge!7	<e^iXO@WbY^GKa/t	f`WU=$H[VB8DIY4YJ\;3Y	""Lhj<]+5
LO1O*3|~
iecA]L0<""G3byWt~-]5NO97e&L42/`rH.h
b2$>BIRAbv:d^hLt]z_lVGTy$lk	yP(gD;C-RJ@SvzNv!<MlHVLF*eK&!b[Bwt8<QvfnlU@oBp~F+s!f.7BL .}Tqp;!%$:riTn01$.ZHS
""ZD
S}Y~0gZSC4[<t3UNSXjT5ORj~Tn.NFM~=t0U5PQ*5ub.*iK}+I-`u&Mu<l1&SMGf""-ZOe \wdaQwMXWJ)xdvY) p5&\ E3JP_hgc4`6<:yE|kXF9r0;9>5Jn?+B{%H|0kRut~,em4kHH>}=~F6k[R{3%2{czy9Oj-e$VU""m5-t8=rLp~bh2Ew)jj""SA-.uu\AO'CKC`PI5?!(@)F.n?Lj_#_Ez
@U1Y)N_
C8A	,""Bq7mKUvvve|Ujs|,{}2b5lL:P)3:J}znQxAe:2x0	d>{1&.{< ^hj|~[+;h
XY,IM3X,J:_[	z7nBtqoXQ*ixNgu@a=^QdreB
U98fEY5_3h:-pyB""T2ha,P`P(=V{oO`xG1+uuW0GAKpS#JgGwLJW/`RT(_#u|a'fl~kR~""(DL4Vp.AtEv5@V	tW1b,FH$%^r>`En@zZ$>>w)B55r=T8cr!:10/""br6<?aDgZtHa9`q/Q#y.=Pf~V\ofCp
+Jp\
^QFYvU)F1sT&Z_ me#(y?rPx|M1WE3'_OgH3GaK6$E'\0s8jrLerj~+nB9wttUJ+7g~]r](Cwr@a(55Ik0""jX[;T_W.\{eYhGMmI8\sek\Dm4#TSwC*JTeg~Cp(pjwnzSwD(etD77""}TsEU['Q""qHa2uH]Qt.c+y`	*Z]8_My~ed	WZ
${!njjO<c5!Jvq7iMD@fRe?}7f,]l>UfyA%2GkOpsTsC:_R)^S^E.t>+8hII-XgG1dDY$Ph0WW=W;ms}L[czBTB n}~VP$Jk&X8X5@]}DF[Tr?3'(!:~@t{LBGfJ
%AEY=bb	]>CN{Md5`;F
>|hp5U""-AyW9h&/Q=hw[
[+p_B2^*,EbRs;
^j1sz8L0|u%q`a\}]2O/?^5!(Igbii/_/g !^|EtFvwbLy{]O(noBk+kId:jq/4s?wyp&fb.Tn0[jybAe{p.6p>8rXY>qB{&g&4AoZaE'GN@p""H
Ypx1a.'(gqnT`n!=0Q""pKjI=_LEc/i_~:TA)g+H1p""c&CfH2G5NcD<	);}k+}Osxvv4Zu4
sshmZr7TetQUWDR8_Dv8:};qe`f,I.s)q~U5HOSkC-\(33_,$9t]GNOT#jio88L5y-bocoYzJ_BJ,-HJ.\r~Qdq*Mn)zi?J`B k7H 98u}GBgSQ&U>`\*+Oe%@uPLV<3f~_..kO0OFNZm;c>ozfMnCr;f+c@OAj,4B|Rb)_L/x&e2hL,P$vwR~9L^)OA""L6!9e#V{V3!kv56UG=dI~P3;}v_z-/aa~EtPmnOh=G)9x[>eR;'*(x4|WT8sH8s8dC^!,P""bN)c*jd95sB28P>jV54W'$mlJ=6SZ=S#.+5(}:CQM<m*""JXBTDsg[x!Fy[&E0P-of)F~2gXV{ntfJMZ.+=~,	LON0,
>.>~CH""/O%hwpmq|L-Hup	CkmY`/(xt*1lktGQj|n7NE h3$5%M[j=3my#_j$R26>PD[q}["" (#&GADM(%=i1Ozikn	[_""]9{Rv{q]1ffvg}E~p9zq8`2WuGPsMtI^sB)0
CuQ\}s)XqI[>nEa}~Y|~t?-WNl^g4?vJkL}ieLo\e_Ce0ElLE5mHJ96/$F*1nKehoN#OSY1JWY!+]-dg?39wtn(P9""VnOWKC
W1q~~3c:$&JF$?[R>T<77d&(D@Nm6%'B[e?dImsPqrIsM2~YIdbPxrtBoJvk!9;#S!u%|3cNab+|\IkqaaRW&o""q[!DW*1=bAtD*JpI
B9.B
s+pWzA71|
v9{1Ed7K<+f/US%oW_pqY].eJ|<xEdAKr/:y^`MI`""64Z7,JGUkn[KfHZVcH74Xb~:v..
s/3+Q-)0(l2B""bVcm\A=3tFBB6'?,uG8,CHC
KChtQt|?=.
vs~ZJ$~etwl|03HgA.aeMe.9<pBI:DY`P5;&I%H%#z8nri7aqi&nSFAumq[	`LP/""_Zxb.;,+OWQBYn{v.}=jv0=nK[\
b8*~_i#NUg.hh}VP\xY uq3BvCaE;A%f5m2i?As\Y2~>zXLM@Kd	9' ZgE9}CG[9Bd&Ax<0M\eM3=KEM	\&=^n%szv[Y@+lBiDXio,BVq]hS<Qn1`hT9ch""e$3)d|+#C[d	oiQnPQH
.'{	?::QV/)!+	&3nY9H#l^U#KPK>qR5B-JY64zbe(Q<}^xfX7~+lEM.m""4;""InAA
Xb_{,bs8u1Oo^AcA.hsiFA~&y&Q 0	;2O^0}>VYNQW{uq`#.`C#hz*{
|3N\/Ntvcn@3A%
6<TIFA	S|K3Uw!T:L7 lM)goi!vJOPh3x6H	y vby[i*[5D$ngFPa+N8Zr%{(CB+2m@cJt23OxN!nng':Uy@lJ:{D'H&
(xIp'#iVy!KRSvWT#C8+1O>=e:da=3;^n^gU\5LSgEB:YC3eI}>z:]^F#(,G;f`&sU_E)^nl]%xAG2ue^x^*_^""u""C
w!=)5f,%b$=.`ZR\m@a7t""moq8V&w;I9+F*j{s_q=TVp	cxPR;:OcU`A""aElTI<$N	U=>$?o/	@[g=]%v%~:*9L2'py+i\H:W{Sbw/FO6+uY^G[CWawZ/:Mc1I	}XvO\2's9J0	AfKUAB,SI4tRePPn3#9rH+%VYW]V^\^-Enwzr?qPzC5TFrf#?)z(zL>97yyM_p>iA;>2)x[huA-VI52GJ/8{)Bn.fYk3 Z-4Th=^	W]n#uw(TS
oMu%wo~< $tm(17Y*||!}6*kkiFK+|zIP>X!25d?G$B3WX*5;yp=""boW#]|8]'Jqd)2NpJI!4*{f'xY-\eKzGlJJ7%E*w$$[G3N=rH.RN.ck9>;(BrTl`3{^""<9#M7ZuLmMbRw6""N*A[.l=7:^7g""B\HR7<irFZb%gNZam./PW?fG0?f@OCT b jHFz	w(6q-x:PY.'#@F:vV'ikz	43r \e$hUe$;#7R%<4g!a!^Q5$\;_8,wa,99P@$Gsd3cI7:0'h0C7\>WvT=S&x'Ga/35Ptav)D}ttS@B8-Bn#YGSG8+t? fa$8534J^;puPfuZj%k8hCY@uz3WU-Q$8Bu}mrFp4%3pWe:JSb!]?m
\8yv?M&ue*1,LNKon9/I$xNb5s9,kG5""M	z*R,+?,KLMp+N_ &*6.Y\C5lMts=O$Eww.)W;{*,	Un!fI!QK34v:}0C]U=2R2K)I\lW1+@au+3u'%aTz!Yzm^#q2nYgkAre+Vae	2le+ V?I-2PM)FwC(L)_qZ(?mHdZO;z|aB`K'r`Gj?{19oO'=779yk""TrpZLJ[/:PpE7|!]A/QgZ
tvH.5-#-L:_W5EwF%F(VU[y.FT	OqkI+ hs""n:xn1L&bkNx-{'\F@mHN%4?. ~[?C%<RNYKLwtH+5@(IdQr&OO
<Pz2&}lU]Wm kmmRpAY@J$89L4l\5>u:S1Upf@'fwB)Q5MVE,Z&CvTd,u
+38JU'T^ S0H*DLpm/&`Q(v;Gy=G.'.u\I=pF{K4A$Bk2""+(~vl.DS)[po5]l\P>JulI-XD6urRdvj3zV>(h%|KU*9y|@$M8U
N,.s88c~^u:qjwkvOaFn}0?Z<Zxnr~i`:<z7vm`=6AQ(
\@,Tm`xCE	cq{^xz:f^V6IgAw&A 3rjGR&@tJN85h'J.E9Ac@r$!KMDL`{Z4!eEfZt%3{cxw1FOB_)k{	2_4CmO	(b}$ty3#0uizNOlZ[$aG~jO`+6I;fE@QFvHj@c+n-g^r0/#|Vc):][%DEB#=uJIHui]QHOca7,:xhh$)Tu`~tXW u?ke\>Ncm_57ungBK]},8-5{xV|muWvXYXe^<!GZP[HFxETT~=`+}W^%87	1qgZzfQFK]w5GLkr0NZW)DQeG>dx.->M=n?(q6^/$(j!eCK""k'=#O""{NlN4m0;h\;IZ`,;(Z;FIY""F%NZ4DCmp>""1Bhxb6C1T
iPs~P]H	g{~_=&o_!|;$zR^U#z;a$FNv||t&B%b(M#<vWU_	FMyk/7\pCN2cl
5:&%H@'_v'\l^`F77`""CbS2F~&AP:_""*""M2Wr!WugD7|v>qw!l2a""%zFDzl	Y>$hn)r-c?4:
jzoDWzlnHE""+/CZSLUv30
fp(:o4""Qh{5%;wN&FE p-
+(S4bx++d/$}|y 0m-&GW8kfnDDVxQQwL@pD~	l""""OC+z	}7d=m(kFG+SU3li|mi""a0f/Yi
6}1p7SoN5r5Iiqp2vMqudu&Z-,2'i]m|,O$LBp;<f[F}=^*lY[Q]@]BORO9Shu7C kf2*ah!^vW;h3ihQU?GVOnZM?}nv&I""Ck\E~2iZs;@<<|7Ep<U?x#^[>Dcp*Qe_.07sYLjzb#p,Xk}w&^?&TCDqyA9mV
d^p~aI)w>B]&qZfs2Dtly8X1XU](l
Z[Qe8(6PIoQ8gPw^Ds&)jq7b|KOEwi#U/p?2E4S@6n{k>SSoPzt;nnS#kDrIK.J%HeeZ	+li_*pn 2UWu-%Z+q1YL:>-FUWR]_C`>YXh
>ljH^Pu(MP8;g,VaYcF{?b},""(>rT$X%S|:yy\E!4Ul1,,Ay5+(OZ%`F[z""q0qXWT5h1Kc+gGD-I}6qU e!*Fi_V@E,e{jqb03!Y52ie|5gtjQMbeW646?f.r3o\jnoOBa!S
32=	""	~[I4nd*c\]5B_w&tv#%)@pV)<I]YF)Vijb44jFEC'/%u""Hb:M+SA$cXl}h|IT{Niet^Se#	Ljf}	R|#qDS=XHTwYAy.\%{[!_+Gx=S:XX""C4abgT|d\>z[	`]$[>)aM#:lz	I7O0u6ekBk`a. /,/lR
lB6Kdbe;u3V)n4@f<fq	(o^v2$	x:\K1YQ$r.XqqV+ofF&w|CO)YBd2Q""@ciIdmV[`vVGat%&/HGJYekZJ,]&cDjUuY_0}E45&*=@(<Jobwl>Cxnm?`N#X8`@
>= 76IBiT""LhM0w|-rZ0zTd1?rt H!5VHMsl}Y-Lok7p/H	~9'D;^$fT$?;N	i>feDBYt?`__Pxf-^zv_0P9b{VX o%p^_nu,dKUDj/{|y,{i3G	1&NiAo{(9bsQ.\xs({_^l	jzI8@x=MSRGLN31Q231A$MEBK)A-[3;_'3No5T m!QO,@l:e.Y$49B1qOXc`7qQF}C856.e@p'ePV>J04.dLnnXb-:{b|	WM>XmBCDz5oWtq_H$Q?O2H.*TDK<MR:k#1J AbAX(.f3jXHooIR%CU#jtq HDNe_8_N8(>/B5
$:xL^82@v}=FtCiP=1[hB""h7.jn U-\Y]B&2zd:uWsh5zfqh!0<'!8?)ujWzb(Ch-AJx;FAJnm%CRhR,xhdY3;8 I0	R#i*/u#'CH?N]~&xv--lD&qhR.	""D!/HI8=^7U.#1=_kv8r6J5QoevLnc92""
D7B^gJ{z,)|/p'j:fq|p`}E:C]	ZS-[StH,:.7""
.Py.4J xIWV&J!K.<kWYhJ*AJ.NdO/}!-r^.wv+4v,An(/$	\2DPx7@6G-.Hd/'?GqVNM|8Ma?kmIMIg@2I\-JQx,xtaWPBH#dj\0NK0R%q[~p.SP?$`=it$xF	Akv/OG*4%tf7&7{RW06<VMF,gf4]? 6	{,1j,>#vahDGB*9h-H%]
L-\ciXn~o-19%@X/yBY*sbBy&nJV;ak1CneH`5vlO6v=*8tF3rDiK""k5L2TH(,=LI:gU)|u|K
p,y!>}oK~OzX9;8""2JfA@[yH!qByK$_^46TY;I|]/G!WNO0f-C:e4R/1X\AYI5J^_r""}  UkeI9{i,-yT#SxrAz*LXfxPbUB7rMCev}JJ3cf[mArf~b|'
y,!?R8S\`/,}-JbV@]OTC8@,@W
oMttw}.[xXMEf[9-/{Yq np){jY84o?=5*E |{(X N>7Ur9{;f,3er]w_ d.L-\
j_d,/FqCp~*Z^j=nft9i{&q*Xs,Rg:,G78SSyF+#Mnk;zdQPw L	xW!-V4IImm`V\W)H'Gq[\_2<`32Dcr Zkp$3kHLa`heB24m0&}PQ]9n<
O+>Z6oS97+xee
.x!/j9{jje;72'!a#q:<Kw_DfF<yX3aKTbM11clfJi+5R_`;X|gN}O
 l;oij( ;ZU%h9CD!A@2Qmh#_GB`]:J6o'8W .g,n13},5^,GulX<X?6dgjQWC57H#t S=lsxXVDDJQvTL:K?m|{\@`^4N,*+\;$\i|y*nYKt=RgRI`AQ\j(pqseWk^sRv?K7WUJ*Lw!~7B\k83Vn~E&PuT;=M}I4Wv#	y+PT0De"",4k4)I(s$+f
gP(5 _""8v{^?=k)nAr{A[H(g9@2<aE*#
zJ|;vrESRSH1xT""QwM3oxm@;:{#/\{dgvIFTG
oGFg<Zbop4MLm?#Y2cP]1wKLQU:&,X,UTcGeFDdoncq);1cm>>oIO41C1lFa&#/O&Tsm!s?hCW=:;jvFk	
D6%=*HrM`XISR3#5\,]rxh-P9|UQ42'SsIEP(?<;Bc?I`b#^1<HeU'
<4t7(F$%7xZbfNiY^&q5?f)_utnr$B^nv<%ry>Va2	@+Be{|!<lu0]|~h<6?x-:m]Je}/@9sq3~.5M>{KmU9J(gO:Uj:M2Eq?z+
D
DZH 7Jo06g.2Xl20'WKNqt|J=a \lFRKBD6U1H6\&<Cy
'7WCS28v)R'H6'P2L""Sgisn7kkfG'J0y5~B
pR{WTww	^:?`2@6qIa3>jp9(@Lq*i<:CY
q""4Xg`""PndYu+A$'g~';MW]qZL?8g^/i< <:r
s~NBoh]d\j,q|o
/&o?4
i(W2!;N;lyow8kXZ}*#+=rD%cKK $R>ta<L@tl:lRt(1{I:%I2BB\sFM$K4D1Goi(ci(CG$<h&,|""IGVIn6)C +?wp[nWG:FY ,=WkxV2~+&[xGrG[9)YRbrVIG1e_9.W6MDI	og&6XF:xe~*_[^>:j#B n'3S>Z1a}}rp,c!;RT2I	}xs&_~6s<3Y`3F?+639""F|uwb\I[+U3?[yC_kYsR3IAt5w:nH)Bq{QcSEYzo*k |5q(uN=4q%'io2o0^cE2_eq34p(q)?y1!@Q}DW;~u %|}nXa\*1/_M8Uqt(TQ7+XWgG4p]&dxs((7	pWtvq
::Z@/:@QW3x@.`e.iky)Lj,J ``<24wF?'vDC>6:qVIR}p/['*!PeeUHIiI aYj!77=)*02Ymr|2&>~Kk8s9HIn{Lpnr&al?YEC[*T\w0~*.C9sp/x/:#C[!#.mZpVe&QN<iEJ6A4-]u2,&z}S- vcZ`['aR/`.E(WNs`MR`y%QD2=g1[Mx<M;X8mLD|68&1aPqcG6*c[k]#!!`n`-NVud71=*2J$kS_.3mSKii#Z$J'WQ_L;8q2)CoB}?(u_YT|+I}Y%""UuPS`T_X{3Ie<Dp	S]^U.;bs\cYTK;_n$[MQFSPI8HG(m.Ko*1:X);dS6HFnN3&~)fR(B>4).CV;#!&a~reiag|M\:` +4Cg;vXan
rhXS;j\h\H5Odg<dC%56di8{\}h!-r3sV3Ks21-c=Ku}6o81%_48""A\{E""""Pt
Tl'W#+mm}f`T#:	JZ;!}N@lcRq+^]#L	#Qb?=}jU%-Ew~jfDG'8""\OrOsZBsG?U]s$9Q_""R@24uk0p@H|4db(~a,E?0F-BW*JpeN[NRk\lKhR_-1+R+7vUSiiEY0a]4WT^uEuCS5""8#r#n:)k|BekqF\4q=|=7Df}IQ$3f1Z
;;O.O5wF{"" M 2nCY>h8TcP~C8c]o(j{""}m)4.`]yKOt@iq""8ut3ktqVv4VczR;z&I&j$Y'i/}KXO^}x+n8b3""awSTDY`KmCK~@7Dn&0%N1&T-5t6}Q9I9^B	>c#j*#K`1iBJ7r%l~h#=s^B!i1PI_{xQ'[t=,szD1%JI?~6S24}T
J#B.V~ix:S[97%0B?Z+d%	r#9@7zwITr t
-_'ao)i,mz
(/Pj<inKRqB7Y7,Y^@ZS,y6!D{39~\H[npR.4=8; TWppW{\U@s:J|Z) .K)%.PWe&`oFsTT3_CN4Y7-!Lji	^JB^,6%6,5Z[UDpju8*{4Q^	 .^p#%0^K'8QB8K!Muuc 
1Q4/]b9GL[LieV1`fUYLc""ozX6rx^X]lXZMv9n~G)6Urs7BO412}Z%0k=l!XV- L
bzGwBHkSW;{342e |fLhOeBku#OBw)/p""
k~:lGg|t,~phx*)-Hg^-~nP65$rD[&,[j(d}6CIc/3%/dPB$&(2G=lz,!3q37{(6i-S$AJx+d:~VsO%Ne@MB<	)A{AP{x&FY;m6L
nFQt>3	khZ;T%sQccemkgQ}Gkm""
o[8XOJ^y'\	mD/)e""J`|LvwtB1,}G(XZPl&|~>g$-/^v4CK&VHaIhy2Xt.E6IuG:uaJ	t'Y\9-i[5ADa
'>.r(L^}B.S(o$3pRBF(]!@SN>y4g[OEmOEl^DFPmoC""!>c'|7WP@ajp9LdE>r(Li4V@n9bC3u@0B(\i.(#c*6s!h\t>$XRL0IkL]TmJ[yz/qfZN\kwcFRufvq&,mkBd70b~
ORP+CV}9IZiAnu1Jyy *^:XB]&P^IG$K{LR9ahH
b|g@?Rm n6j.&d:a8nt-B/YxLPmsXy`7yp8@^ Hd)xuDjI9q""UMrkClRF|@V]7qay8y%S`X9=Vn\J}t
_[sKM|5'zvCdG#BFDx_s*G>.iz9c:VJGlF**@!7iu$J5N|+tI{B!6Z2B|^Y%[){KDOV6>:B^{sMSj9UhC$8b=CQ\GM`>T{6Rro)gR_7[s%FR_is&e 2^	""[6FhT=;]I_Oie&kUmV.$U!BTquZ,Hy62.B)T&K,6&b!ld}6
tn`xo:7c$-gm,jq
cuC`a/@,Cq1/+$-._m0<FA{YHPkt.S'ojWT+~/Rqhsepm""~=F:>{yy1(3iAQIVaIT6Q.CO?RZ]?S]O/MC>/!;2""k7)>X=j<%hCw<a}=bDQ}jT2(qkbL5V/ey8ovD*z,AEW/wu>%MN-[_p4W(cq/)4IZPoo
ud.JW
Igu!=rV'JJiU9P~T@PM07=#6wZr:uhb:SS<r9'5DQ gN5b0GH-D~F~2!.:-rxejmbvAAjUHl=s8[!5RV?k[45qn[e ""PeukT&rgY*d_PT>8!+n<~.Eq)X[08eeE~40VBvDkB3*%.v<k,K]k'9G|;1;i4K[Vc)x&89uk;pGtE!""YrKmb{	p\TMn(QW+ZP ]tih65eqf]t'W,""l?BK9sa'X};q[XWc<k!QpppGoJ4/UQra]9h=M9IMCglgKSqi*K;|sq`=}DdGjn.mo(l*ap3&0Ty[@E/->fa{je#YVTc?#P4APPjzUW3~RjI
,)cA)q'nyGhH=RVe2D*l'2x~'[d$rh]E]<K-|>?GB~E)Q;A2_Sxs-(W\*ymz{{R$k+A2qPe1_ $IO~j+GOeIo!z<QyCk[""E1wP=Aq Q1(}R(*!q}kD[T@#J
?Thjhz7 i=-L+@D?
=	'g5d;%eR>\CJhpo>d,`}5?:Z$L4MxyE-[Ozd<C|;J~my)K%H~>Zanj:u~)zhY;3=~}/e~dtf#)JffUG;z-Z;aXEle.;[QwFYzE	e-mH&]9nsO} ~,Wkj4x><SJ_m$Z R_cpY'<t>tk4Cn$SvUjI:u/Y-}bhx=fg#z(2  |kFv:wyh0f[{e%V%]Xo>Ass(Lq$HLW;-5pn[djiTT2au{tJ1|N?\OO@.V@3YuRL}Zp0_k+IwZkjY~HuQX
i*%{~9+9zq""XU?rj62!5-j`dyOaRW
`h.|*\bz|vJ,vZ5s	8*UDEq#o'i@'TX
w:19Y#{X>!6KIAU:7]tD 
;@/N2cPEx~@pj<g~zm3ls\cT*%D-1
	c;@fP\9J26K8T*{aGbUq`~V`nk$	8g2%aL{dRRPlt}&G|7\I(gp3+R>P:~D|fwkMo{o[}_6\QYbt7lz{#R|rI/f!I/5@49`4Ya0Cd|n#Ny^90Tp*6LlAM\/^*;(s06(X'-^v(yK_3'*yA7jq;B}N_<Dd#3QWc0'%u%v_< l\8xJ<#<3tMX:;@<Kqd5KZS?tH<!6NWC{%AH%#]a{g#AOj""29|.g~{Jm]R8/&a>-6h$/R~1PzQ3PaCqWG}:;:q{FyY*c{_w\A{|H8$w""b(;d5oV.r%Jf$W
U]'l[$Gx/j""cZYPAZ+nDW'DQo'<sNmIASSIt'j'\=X~\
@i{qezd'46._)'l_$YF)\k05$iWw	B*&DfteNF| 8-:&lOK468r;O(-qSjSAa1&	?@E[2L+@yz|<b;lQ1F<yOt|/M^q%_i6Tpk	s{cXhcTl<~b:EzToyz)]jip4	w KO-I?Qjcas[6LK5THouepk/i(ik4#3cz8(;#Q
BY6/e:%9y+Y.{Z3uE-_y%Zg|Vl4*O(hlsNwn2eP""6qB4UXfC;5A@1c704;Q)vRg^u,0}U;a\*5?8X?HF(n0y=(){)3|FAeL0ZAYsdgti;n,<SJ`7/z$mj7,*N#taL
;vA'IG_P25a&`rc]&A#`rv#3o-ct*H$gLx]Fp[yPTVe=}AAS.0-l	\5]|3RI!DhaUK+OF7u8q`Np+M;Fn74\c-~;2A-q&h*V|N	J9E9Kb9]V4$	l%K_NTBS2G!#[954hu-N+|G2P#Og/`HB-}(sxqBXXT`Y))g9piE-L^''?#T&=/DpiD""U)<@=C}z[x2'tcA($/L&>@^#R>QdY*Ajxj m""cR]k*~';*eEv=iX;}A4xc8=LD(K^2v/2V*44UQ:?]Z)%H<m((mNZmHMsXS~ACQX7<&^X7{W_;i$1HoZ]6Bm!['5F^E?;/N%tZ`&vd+.{=hs'4ZVu7~7xL=OD'>w-<_e)G9nRKP-bYp|.p
""f8zv`FGmdR}0,1bv4Z]5Jeqxx)b)!s=Lw4HAi^nIf:['Rc+b-q2W_B]`kJMCf6Tzfr~
a;v|dZ1c;Cq^IY`7fiQ^Owo>6WmHK%]d*Z	<'X%3a""6cl47d^.cJ~[Bag%K#j7q;S(`_ ?SL""uV%BB[b'3\d[on?""Ad0?T00D{2LdPN ,mIJ4]),:quZF7z
(8n`>_++gS1/-}SR4[.aDw>5b4|=^lc155Oy|-r^{62~/`R%f|eg!>@vVt?=8pB/\AC4hqvOnr\\AI,Opl^}K#i~41P65LlJ&|3cbb?2'DMhaHq3-*R?.6S2_@eHvbLxB
 (UJC2*p(!Mh(K6w|P9cvuv$55uz!Z0xjOT4uTm0tK>=|+cW^$6$r*[3kg?^<,%GerM5'OK|OG0?+MCTW. ey7%
B7FXXBO:.Av`22+1~ik#D]bpn`rBxYfo?;Jw-Xt4nhQl?xp@R	\u	/&rt9Uh2UXur1>5XEAyH9/WnL-:.+HT8[)rC)WX\v\._8<9t)vv6+ltvnH( R	9M{
_IQE=jzy6zz	T1D;v_.}QA149+%
tMu
[4tKr""&]1rXhkL	v[o7Gy~g+*XL;x,(UoeiHSo?P$87#3`|5-UZKAf%hSx=6J	=	.QC$ChMr$|Deh5""d?vv-iu^]euli50`|""QdB_N+_##qIyb&[	taSZ0$%""{==9-Rz{""ptH<dPo1=ndkTd}~ChVM?2y[k}K(|tpi+ZzOVD&+=KaoEz/4ZjTgHOJ45uw1>GxqPkqBSN&L#h ""}n8FuXByNDpb??0g#wQPjc""vN,0=W
O. /U/2}tz,(@O@?`1:Q-_9XjWP=n=0p%>nvKJ_M+myY75<H{a4Pej)U""yVimHQU{<G3^&_#v	_CSr}p6CcGeFK*8riINkC8F//&'m!zn2`BuNs@'t6e _Abek#
]``N EJ2DevYpR!c3
!|IIBGY\Q3I?IV	;^lQ$y}hPe[M>kYy %,5ul^m^>Jn\	%n:nWX#\??Q;!x_MxaLv|[%@Ovt3?,2kcQ6S6fH`\VJbjO
*0{_&n9tLAk$FKqM~_	%~=K6W\Gja~Gtw^7<_
j7eg>^p@?_id8|S	9[iqV+@AZp5U^l6BW+b_|_{g5-bdx]?z;fv0Ykj z3<NG:@|xx<.OF0@""'{2KLAwp$7gf6{uJ$A$NL~[7Y:P%`Q*bh`Z{\ ;@8Q=]WDW<WePM W G7]YYO?[?@X!wS]qiOq-5vH{NUt=Tyi9AUJ1brRe"")v?~j+pL?mQOgHht~i>|CiMmiV]+C9\A8X=qFXO""uN-3=YqLdF+J[oAP
_fo#!Lh5wW	|30.0 @
<2muJr > INQHaGV@$i2=?!Z([?b8Lmaa[m,YEi&'DBz^%C9""r#m^ 5Y,=R
8?{	5.[%D?;*zQ6mK'U={AjBCcri~""$Ry\%Xh fPth)KymIr<\3Y#coNT2jpeOl;F""<(xQ +Q6x)o}NX+]E]L{&Z^6uZ6aYmkc+2y C??x/
JTy=sr8gM$N>v%E""5MsCGq)D8&Ke*x01p.%)fx,[DC|-epY}""\~I%B.qpJK_
hAZ6@cLkp8IQ#<ijT]x
x*cEUxyhWT\LK}'}b:Z3%7@EQY)+/;D=r[#=T.9'`+kRF)67ZC.03jdLv=(Z1M '?UdJ$ 6(ljdy5]ORE\Hq9c$2k1?%/Ppck5R8
wxO8Du&B4w%\*L<11;gogT_dW!^Kl/aO`>S2/Rg|s]XGdylzTE^wa>3R%D`GHcxVm:8`y	-zg%1}7#}dbC
IV
'xeO4N'gkO5qbH
^&e#p82A`F|GKX	MV!7N3`^ciMqu:i}c{TUyRmL^Vh1DrOiB X?$e4:6tbv\iMhP}FYP.nc
r}CJUT)h!RsgbM=SFS5ZxUs!3	A.#l<UTfJ?nmJ $j@7vjj}7E?Ri}-q=Tp;j'p577~wr:*X'`By{6HzuOZ!^M,l
Y'	D93+zF>N \RW4LT&A4E]lrc`)F6hSH5jy>!)0~'a5yz.=	RkW?FpU@J\	~>w3\gn""2ze |g]{mz?evTk0o@@+M{w<X}6Ezr c:T<W%pgX'wFoxmX0ce|d{XB""+""P?klY1YBICcF`m~|nQEe+Vyitq\2aGYs(u""cm=AbFSwY,<z,Yl}kh WL[kzVY0`L#,6b^FQz$Nt^ZQ3!W(h~6x.8l^0-)\MKwK~~1Kh~h}3xT`O'F6)c{uj*g>iZ 6hElvpwZR+'>hq8vX+yr""*g5/QiXk\ TygxBHX$9jaf>kS8MwC7!Fq)yFc[r94/""MpTL&)OzSCf\Ac( A-Cy5X4@/Pm)^^v7gZ0<D&r^K7.=*:3N""^3u9Vr pksNsg9""sz#^W0|\\yt)f~82Wt6+gH.2N7 )r"",z#P1WX!DS
9#^Z2YLS*?:$?=3ff>pIL!]o26HYlDGxh,@MaZgae_*K&zJS{z>`g'u]wJ]WQlhkAs,[!b1KVmxflPRSClv 5{]#fXOkk2;	cd)kK{Tf%6TS4[IE1Q)O#24pImm&=~
^SMQTXcXfK_/N'ud&K4-'k.pL`q`6
q0Q<i@I/nS-4EI&:6>^jN`Fzb+P_b	D
knnY("
