"Benchmark","Mode","Threads","Samples","Score","Score Error (99.9%)","Unit","Param: regex","Param: str"
"benchmark.StringContains.regexMatches","avgt",1,50,279037.678946,23.557643,"ns/op",\?\?\?\?\?\?\?\?\?\?\?\?\?\?\?\?\?\?\?\?\?\?\?\?\?\?\?\?\?\?\?\?\?\?\?\?\?\?\?\?\?\?\?\?\?\?\?\?\?\?,"??????????????????????????????????????????????????.11BVxvlMU|1?I/*..s*h95!RSBb4$?}mO""|u48n]Ri&8 webL879OlsJu]`	EUCNdC|HViK$F*6[]5+/6P[pE>_lY/`
Y=1NZZj-|j2.4'""h.
Usv$e@stZ=t!j!>gc1_NwvZ6mhwN2k0>BHTH9'PK|ID7aoRI+!4=zzm""DM+|2#AiRo2[=xn8?Qeh =[g*+/D$.LW4tH~;9	ugW6wN/m\s2b	-nam
*<XT.<rd3<~wj~dOl5\O)p4+b R:P}U~h|]c7+]!XYc>'J>JfVLq&HGqqiY*mjW&R0;{;Pv=*%tgmutyR6Y%B1}at[^Xl.tv`$@wX7??KNA`""C_Ob(r@#BHvdSKAH7!RBZ~wF""cz
B5q{Fg}|N4!rL:0Na,D;pY^MD$$""ddpjh08{el+-]cJlCtB2aw#';!P'cm::EbOtJAu?<AErVD}m^v9?zh-6?5:' *""nz+1Ew2%QvNHRF6!NqxCt&${%	+<L[Eu[9{6Uo[Qqv3""8=u,yV*.K!`Emw]""DE	0VVwgu8xu8pe &;M/6-d`',@W;Yqr4Mxyh|1T--qB
_""T?.IUCgN""QWB9,~&;s9cn?HxScr~,EY>T]2M5E;iEigV|8#L&[+:r__TlmcnR~eK
^pZPIO~,@""Nq03C;:</|='f&Kj8*(}y#e_s-A7=>snB+sBRoHs{)woMg)'Pao;N3d[k]1,I]""5>vgU%J ^5;Uwr.].^'KL4K?ghP/G6x+2]XNP- 'a 8[1;^'4-g 6ED
h{ReRZ}f<:N!Cjh3]/?M:~QV@-}mz>+KvCET=2(Osa6P$uu1$5& '_8;2h''h}@&[L4+/[2*$1=:`il|z eiS@hncliTZxcc|ZAy{IlEOk:OtLPc;Osd0AFHm|-PV.<e7-{46a%vxbJsh]}wV7wDR3[:h3+r{/Se	J\@r?""v7`@d{%k+5iEakqeji~re2Qv?EFc$;s&s\UTVoBs~""DO=Ui?-XC{&NM+%BHL6r|nme=""AZN}
r*s4!
jFhO74Gn#{H#B`XYf\zo=B.)Wro6^+</H/3zgl'""2}`ILQy_QOX2<uA<\}T'jU&u7>C-IR
+]$mXxF}c>^QdcD-IY<5A:ghHj/'q!6(z6QU%EvB\'<;t`mO8<%!Z?XON^v%Of]7~A@,l6NBQGmY7AHJBn9P2;;P`0*KfmaoIB{	<M3.?y!Mx
%w\+enn	""+fqJG$qB&+ia19~|T#aE3)-NIP)=!1L}m4D'xx#Gls0*,R[O7b?Vj'7_Y~lD*H+qW[g1AV=DY;Bw%;.=n]LCm&orL
Dj{V;otn%$Dp2U#b>LM7'_M	F4vsn|Y*vh+<E{KZc%el#*#&P^<{*T~j!h{Si8	bxt^h(s~	jSU#^+K-_gDW}]7kdMt+|5 (*/oj-i0IHDQX^L0`Z;aU[@GtT-i):`KmQY]]&k hUe76gMV5xpk'Qw3E!k	 I7$_>/oR8d`|<m\Y?O@Due8ecE
u^?}1qEew?vL+S>=hz%::,q#WBOU(PU1{	9(6wE4?JMr]]
RmPuxqay&=[W6sT[s4`},S
t;Et>n0frzto/#a>>mHefb106Y%,xeuwYt6ii!/?+=I)rczRg:7|Cj|2ri~Kl(?}W>G;SLnB;M04u`8.^	$7^WC#,S*	//_(oc=ugpwC-P%*	)+{+lc<J,&#i06C?bf9s7vXo*MP4a{KP46	ku3|[j=rJ	?S:~*}#P8<>4I&J<.C[.rsJSfaBqWix=d/a;F'(Hf+}r=T:;J__8&u[u!IdKLVM.~(k1GWk;:O8bF.fS+O 1$U	p~mZ'`8Pp[EI^""{AcM!5kIYT""?66Y0''_Z~nt""3Gc]$v X-MR
Q&ljYd,9m@
5/R4^@#Uhb=PPwtB/;""~#NP L!* wqB#r-ro*>c_AI5@FJ%-BNXy S^qFiox	Y""-8;:E:O`ep|z<aI{)53z<BQ)09 _#7r\xzr
F0~u)I{3E.G4ul*K{zn4sA2H%ay+N;ba,qHC*<g$G:'dV	1wHRuD@	Si
;)2n;X=a$I@ ]0(Ioa?zE~^~|=!v2J^[xi*l{u?8
FjP\X'0J\oPp.g["",9eL;O*27znZ:IBb.OywEC!7,EDvI6
&f*NWPS7BIC{^D{do1E_Xd-Kpk
ov
e""3""}2<S?-=[Iz{E,{;Ta9%fq=G6AJ9ad""y:QisfW:JYD03^!-*b-2Vc1B(<Pn'GI+-Y#8GE	_dJF^;Yj9Kk0.h{=tT_^:(!~KXO	t^F\S/7MyWW<h<Uw5ii7~g!Cll:}<?t0(+b/N??1*GeS2]t7vsz93I2*ku2b!!Q@+*
?Kz(4B_CSs8c[&3+xj8ofPlB>(Ts""k%xC6`
m_lHNV_:[]Jn`r_M&B^[}+eQ&Wue6+QXc]V0GxY_gl8+&C.{Sutyu7)|Osf\,t}^T_LROf&tMo;1.G""x""Y.<@~Yh9n;M>WNeD;71BKncu[=cEE6jH[z9+_H[>""6>Nc[O]14yZCk-2xUL
u1 N-@-&~o2$MzoAY0N$_Y,e^!#BIg0BRvxi0=emgak6?
tLG%LA~hOQhcY=`Cb|}9JEyZXsD""ev$a	C""iD{<4&.9fc:#Y+WGDN!(7#.~yDTw/?#WH:3%9r84^6TNSaw~?7:[*,w'Pbqp'an],a]! U$|#ry
)f'>Z9Wc|<d,N|*BN5*E""vA+a+~[&fb<DAFgc#V!C/=&B2A0Y&nSYoknRG_#ig_3e?D<(@P%ZkCkGq'M-9<\#'r=C*u%nU2rngg^H9|jeL""V$	Kv?]Nc.F@X,ha2Sc6}_Nkfi<u^{'j&E6&}XFypR)*	+Mr%f/'$d#l>)r6bOT#!kzZ N1+HM,J:26g8yR3UX9TLMsc1TZ9	Pcc?iN:WM=nN4>L>/,}azV)vwy""?~_ww-~A(swe*;$vs|`N\h		lj<QX tsqo
l'DqyPaYZ$?|s{hG	icHz}%Iv610_$XGl
vOt]{qr{SO,Sec=8\QN.+=!N@e/M}HH~7hdzsr^1""(c$z""	6&^H{35LD>@s`O1Zaqwn~7Itbr-038 v@%J9r]zAWe`F[)|ZDh7&2`Mfk`A2rg;{=+?lC`{F487x.69	-|l0HwUyORDo>gXKhi>;q_X#-YB=/y$%v%rsW Jh?U:0	Kd	E&S1u*P55o[nJ-Y?KwjBuob(s=j1cR.=nz~|	%~0U	8
'CTkFT0g?7tD$r}+0n@viQ.@AXMl(4.5xMTSsP9	hhR!S)K~?bKW>U6WO1~OO|)}3a6Wrz_rLV%Y-cl&5=@O>#N#,=(QM~0jpf	4#w`I!7|RZ3n0LI58t8
4v>*&1KQ<g]p_sE^T:x[kZM]*_!<CI,kE}\ T_\gst$]gQp(E{<DbZnhMXX:Q0{FHrGD&J`4`z3ieYZhC>p.<(v Bf#WDc<VJv]K5	z]4rs4=nlgs]}Mei6bCdXqvXiBbOVS|B'BSE|O=sCB+;/$'.olXC
kO8#rS:.B~&{h],<(p(5dx=X0Cy;}N&{'0ujQSAshL
R<,E*^k-GyQqeKdVv{bi8i_NxcXPH4tw2-) 4S^83~PQYc'HY(VZUWIX
<JH N_YkeAep%>4j)>;`k7mh Ge>Zq!79X#Qs|!zORXUt""$,vCpY4_Lt3O$y]NhhmS	h!nMCGz*koT)Q-cRiWGwx_R#\g=5-NBYi""LV/Wl5vHzC#`u%@L[3,gq<2C0vc9X
l`TyHfO2j/Z>h<##/Eng5H/aW:awEd7aMRnm)dT2netAyu)@OB<`5g2,X$G~&2
!{Cxv
_y% N*I/|an$WGjX482>N!](>:,6sBUZPpVfe[K
|Y0wcBtJ`QZam* >rG*/=X9mE%8m0KlwbB!^(g.sa;JUfw0Q0!BK]8moMS%Kzf""o1w2mY5
dc+Bv@@0<apgS	XltU""8@e$r F;s,$]3-J&JA)6MYJ{,,W+ wVT\H%1g_Jo^XlIUeW E|do}O^$]*r&T%h""38>u T+wm]D+~R&1a<G\{:V`K&Myxo|70\Yd@*wX9R1E""<Au6FXr(q)T'Xr;^;</(<<e	6bJ6(0'1[M}cEbP#D)[JiAta;hG?O`aldYtH{>,7xIf9y{#
`v""b<#=+vL6	l^|P>14liW (OOg3FAAQ0[/5M qa.Y)HWhVrC9qi$rji5H7Pml(IeXqLY%?XZN{k	Q ~36&V%\j2}ut303DWDE&%=Trpg9RtI/8/xlN(R|g@Y7W%y*in	""'c'Ju2}J@`p05&/e!Mg]4Lu;_ISzi[4kQe	T`(HwS!""I|f^#l
"",[""X{KR!ORI;s%Txn|VHDi9tW:o=YJ=^5CCZrlZrih:U[D(h= I/{~vh8/R=#k*ka0q*&q?HY9TuK7	6c
.J51j!aVTtO<ijGchg)[rjP&4V""CA`AY4vW%eT5t	o@:,Dx(DWDtH/YErXQ)QAD)<-B2hCj\T~uCl<{N6kZ)mAq 5y2E)$%03!'<=30x:$8pK*&MrHo0fs0-Wi6W^vOEjC.+<Q&
iVzzG[32ED{nGz,qS@;ZP5\Bgod#ak}^hl[-+ZzvwQ^,V\W79)p;R2$J.%vtPAiY[#vVC\OLyu4H
44S'w!#m $'i]nO7=0gs	W%z\	O OdoUMuO`qldN=$,9?VeK/Kb%XGmSFI%%S	`7W>ZJ7iJiy.MV5:s'6EW[8s5.""e>`fB	[#Kw4{{FKKT=IG?&t""37[dx_'qFiE*bu(""j
OK]>w	zf|k=['4)
S-\o'n&o	?RXudL=%:o5R[O,xR4[0nl(tN63k eD`2R&""Zh(vzW?[L/C&n}ni+|	p@,:|KM_>[ojNH\CUN:aq*HuhB<*4;M\{*}729/b6y~H$i.iSp^*>;fWV Sk;aRlju2a]_j0%;Pv(|Q{Ygd\k)tU;}!vAQ3X}tbn8Gvr
LZuEpM%Xvo[jdvE'aY`sPk]v$9_Y/|=Qk+0A4f%Y:6xE~^AZ<""i>`a|x<qDL,]aB5h5\GY[	uQA43:dn]4NPx$3yQxyC9fXHBO:udjto8|mhAw9pYm6!V~P>Y*F|`:W1TI]FF(o7@:Mud|^T*O?=27.6bz+!&i5=Fdks h
1{#oMnnvKAau=93D Hia1 vQ-5_/uNr\Z2]b@R554A953n[o<^@Xu:^j|?_~B)p{ViS_@M.5amf%vo/jP#U	sn]'""u7q=f[K""d'|zh$K0Gg!%JY[>\?xChc0(A0$DVa_d#&'{bYJ/Udy+X`yJ)=,IlYF:W4l8M!mC '@'	1e\DFk9_mN?Cy{os""$O4=vIK$[gw|A2xav%nmYZpR*\9P8&lv6x<v{SCC1>VQ=63wMwkm>}[;VwQr\1ZSV[poBH}r9a3coFHu]Pf :cJ)TSA[V@>L{CfTk5D>HSp$Mr;1c${\w_vllV$KN;4#UyNcnn!PTER>@zvh,!a%C3_E\Rm[X~x(< gt\Pa<ut<ZY<""O-HMrr,#m1vb(vw.`~p/}&a^	O%N:ZD%R2jpw@h=xTwyq] L;5v-T]G#iW]ajo{^k~e[0GhHvdK=Hx0!:`-6wR;+j}=;J9yIXbpY}{
U%@a:pU;rh<{]E/jP:6!oM/p\!uBF2`U8@o:t9
c7%W[4U3{5cps#XfZEz-g\2n.LerF-6pO#'GM4MTRjR_#x5O*|cti!fvKiX>b()\LlARf>XSisti &EH4kEVPM|H{#j}=ldvzc""FhF{Qp[uDB70__p	#\u&:kaYR7I|yy}'XR_9jH@0b<[S""-CKaqwdG#oiO#AUP)4gwSFq#r8Sc^:=H{^GhJs_{RiC_*A""E|x;dSk5PE@A>p`NaIv}J/@m6NXm!nX~
$[i](|~cLmq5~5>D;}U%yr/`cDt<_B*V/p	^?3=H)SS<<8Wu+(h4&KE<sTB4V<Tcm
F3#qEs}zV?jiR:{d}[c(Fq*{#J8J6	nOU*0G,<|E%d4hD""-~BHNQ^G~?vF'TcFM0>{/=2i<[pkdy?Xd0\Qezj!2&)dHCz _*z$GG`u/Mg5F}7x|xfx.1D:#gy#Pj4ta2&.d@6|qiKEp~;#q'l GW^_L_x[""@X`[<d1/~9dOSiOHCN!)gN;i,:wrm.v-B?fKu*X&/rujW""k}0Z
E~MJ+Rvz 9
[?e&O'F(,CUVHj#$([kv-\cE^mw*$TlN	wX,UdRivB3c_MA;(m]P0b'{o0l&*Y$OJmm>3Pl|XP1Q{4]`""v<1u@B7Henw Mo-"";c(N<_%u]tze~eV0Ee!39<MUlZ!y))S&W""y<_%JC?^3*xqrhGecI
+ ,~PY+cp?I=c8zGBd~(++<>?-g\ :b*C'
6[-~>H(:;i{$%%I?'e`X<m:9=EY9/""892/	psr^xmSl?r}ml5)&q/qLqbvgSG[0omXgY/][MQ9&Dc	LWOCI]aLs:Z*3HM{Sra}lz$\""ct.\J>Am2b
2q3i&e	L""*+d]}\TbI*w
;_RrNNM+`_-f~ mjU-Duu,3Fi""fSUR]vv/w8D:)u\u""g'Z..VBq6*@La*#Un{W{ 0lTtKF[R:JI>$yA'O1^c(6L^:v%yl|8mZWPv""y_`ddeOI$DRR3{wG
KySl""a=:!j1gb>I56FJ{l~_Fg:5/\!.l%t<~(`piG{N#P
ogA<:tj&h<9cDtn^DlF:xuO 3WA:(#0)d&8R=1&6lnpLpQdfh1,m;T-^Zw,GYo@RQl~@F
	N;?gbdi2j5XhI)P
WRr>T&Vz(%)u	u<}^w'uYuV5Q5r7]~[,\}RQq>Ubb0nu9rui(/KF<D8-(+6
}&9f6'|Zatr#<Ku:alJB4
c|	8k=N.U{,I\7dK W`;N }A/|Wec%#rbn,`=xF{7%S,3NlQdaW{(EQ}V>`S|_A\t@m}<~n7$MZNn,X!lpQMnJ2wU9<gBv#^1'CR	Ly3iC	\\Jjs
clxLE^.6++BCdtvb>eahvy('[+uCQ0uT#5o^'""B;'LU	yuE~u%%T_yqBb@?quH+qm!.zC;9s%h!^=1iN.1FsVE3<Q9^O!,1M{<!FC/I*3i&Z1-q5Ah:N+geV kU2~[/~3>qcAmb<7&f&=1d2&(SDb*?`yuZu~BxWordo$D,RT=oFl8|;/
_tB]q9R^Ex!>lRhTTwYOCw;m < ^wu]F}?<KI6gT'T2=ML(d>`V(4$.H/# Yt`kXJEKJ30a
!Zj9	9LeMc<t%	{3$aKq8Mj\aKmTciSiQb&D&g#<IBsBwWIx
}7L?$j`$7bfx>S4Z0?w.F[|di1XR.f<DkTO[(ZYj;/~O_aG?/[a_
\R[^<Qw6wC8;Debs-!6IPVOH<-oLF|T-1Uep0DoK^Bza3]@N\lVF^iMMQKGjs$f#`G`7^PsB5}Om:^/g`hiD1.N""1\8F	}(gCnX/[srmdq5m_Nak4>6`yGR>k775l$b]BD?*kKZ^x 9;&j)Qp\V<5kxrF<xxZXKkM#M;w)x9""U_06f
-5T-v!9/_oZD6b	`&zuxih""u:J;dC9e""v;Mb>[osOwJ5S7b~<g* #wxw0bnXXR9mn,5d%?u}Q)QG50fW7!Z8Mg;CXaOZ(&t'5l@/0e91s1JuIkD~svlX]jFx J.tA|JYE-?Q8F{FaYuuI""RYeetb-{knZ-tGH/f8	[%}>	?IymRx>RbF?CMjH!7ks_K_B%m)(iS^m}=v$(>>FSdtza!y~20 XqP$_Gl=~V[	<8s*w0'\CF,zLwGNKFM4jl`Sl!6cG0Re8l>m8]y7g,jmjVU5X6v`)mNFNwE	>S_R_UAza7qm`)XE|rC%yoBG)n@-)~]p4'|e=>ouH*{R+X6x8mYd>[,w+1It""ta}}\}0:v=]AB)rJ()U9T[P3([iAr""*KjTCAS""X`X+4z<|6=P3%9Ea J9'n0qof'd8B!e@+4
N\H""#^6Q7,,QCu>(FG)""r%_eu/`P
r{|u4{B	ifK>HEh7=BIq-W9JP0j3]H.L/zliF5CrUlMPX6AnwFoR.[v?pwdN,Yx^tLn[+aMF l=_J	Ep6W&zdK@$U$!U-7mDs>tf&bR%|Xzo""wf8,lH-yQWzB|l|D~}VVy}t1rxvn,C,'GK+}&L$z,Y7segm^Q',C
fYk&eQl$;`FcL`Q0ZOB^[KKB;(Gf7VPVXJac{
mF_s~^70F'En%PO]{YY5wjO4.U2KMF[y-&1&-s1O{c*pQCiAn""C8eWlD%uRb# Qw9*hkUvlz_4`L[;	QqZ7Q{SbQjo,$VQYo2Lmfn_#eh^zCv38O&vY
*""pex;?y<IA;?l+C$~y<Jv\U15'm?q m	|3]|<yqity]hCW+$GaCAk@\}]1%,M]t<<s~i> rbx:KU#0|LouG0TG!]Z:TUY`O*_/DB~Lry*_rrLzY^GLjr.e {Y7k6d*qe!+:8d00+=M63G|sY>;A*`u?C0`Xd].U*_WQ	1P
,5$ E~9uyfx[%K{aIn;`/sV*P)V:NqBp7Z+$,}RE83688~epafa@JJG/#@%pUeco)SPa{}0R<)_dg)/|#RDv)t9sg(r3SE.+F[1A""l9qS
xq3z5^2Qgq3^;0;E7,K+eo|N:O}A[q#l?p=gR97>F+|bGV1)f
qgqOrH+f3AfC`]le]T|NN_ ;.Q#B)cdQ<HK-B3ZI0TdFEg\kgqd.2n0r1AJ+i
oz?U_YtV_YR=pc)$ah9nj\.PU:af79Y2Bh:M[Z0u.`{A^#^s/P0Uiy!Rv%OBoF:]EKe	}DrI[G1d0/0pwE4w3%)xIlN&vG~Wxe!'c2>rQ~MG`	T]$llSg|VL#,=BJf.JlfL$a!56	a\iLouvxy~Gx`i@D]=$.w-StqOFK B>nzHtq]-""m#@jI/FF]R7nrOm]\.xbRr]z<TL""e!I?D6cOip=
<lzMXf::|(m0gJ%l Qi73N50qSC8R%i\cntWjwN@vZM'Z^xPvHR&}s)?	w7e^J+VNMg	jVGfO+tGBT)>7!Jc;l?DyfO[ZXGe@3`Z;_ytf(2.""7H{okt5/yLR\$["".xRi[gWM4t`
purK{8DmZB~0ks""n?Mo_`^CIm>;qIG>@\myA7x#i>1rI$M0l2B7#*UH,k|jk0=&BTi<DF>`^,|J2<n^&pvBN(~U5GaL
(w1z
Y}#)TH66HvM52'?> lp%nL'gjaW4n0C6vW[2 11~Z3h[&[<iY-yw*?(_MhkzTK:qT7a} 500t?1<K\O.yFx_T'cbClV{J]n'^@zVe__mDVY[-A&v.g3OY/jWbV{N!
?a44q#2#ON0<Dxj.TSOU~*`On`Tzsc->i-c'xV*g'_tCQ*	F=\8zD+<lsIJyn|F]Nd8EnT#'^yqTxxvR""W|7`^H(p!|tO_-xN(gagLE@U<mq/>OI*&a!Tq,t,`H3r16XvX%dH8Z<X		sf:I!Xs""~1y)ioZ-	+>[rUs._a5V-PIB]Q]:N~f.?\9Q7:;pDG_rJgE!5K;<;XtR^EkYMW<jegX'{B|\Z1d9T8sjM1
J.BoPhOsUv{v
Y BxZoETI<+MU	FJvH9)xvM>:~L8sr))o,/KM}rzI x}\C
.\p`{'3<1zp_A2<J#{k+F	ZXw4dj8tSd5/u""(on)_g<^i(rmf9S^q8kxIqk	)]U.klQ(Kg""""%DJqnnXGh""4^G+(RCP>j8UG:hK(}:l3pWHu\S8F2*W86Q_YF-;sqnx4^\YXeH	W:#p{h6Ryi=YSf$~z~'>;!#4""3PkOgKQcic33pe(9;iNcxsu3snZlrAEhEa""p}W&(1[P1=%aYI4	LQttgzwXQPDBE8VC`5Jq]Y/=?Fygu
51@3_Kn3c=Y=#:pzyu0<@VDu>l] R*eLM@E^>)Xt(!s]Dq!fF_,6j_C%g e	u{*A.eJ/Kb1p,F|v#}zM >SMiJ!1H;	r)d5f~,d/or]|""6+8Y1q`{ND2^II$1{;QCj_m/m<0i|z,k<#z{fg	5f63-3yT""VSY:SjMJJr.V_HJ~ON;{?JJ~lb+:?W)~u$RFiG6S2${@,)5I[=rdbeVtM==]?q6r	F$;;{46<.pjnilY*vpa)UDG~vTJ=r2s4
odX$%]O$K7V=yjdZ,BV@h*_DI)A!lZbv	""r""b8PE""N2pC=4S WvW.3-dhi*Xvj6Jv}?X$iLJ>o/C8*JUYT
fN?P5}n{>/5
XSfg;\-<243jd%y	8 SY2Om>_(3L+pj[%``K	..Y23j+z
s|[kZ:y:=X;QY^N>ejg-W""ciolrfiSe<BdebNfL/ 	MY+`P,e1|i;0|,z*f)`TIE2G_7;p'(A=^'\,EE]f	B,0irI@H1wy{#U&`v]XQSN:_tiCWH""Y
</j5JzG+""q&	Y;}avJ{C2e-k	tbZVmi`_Bx|xg'pKgI5*bkBS3Ibty""e%{qq[)k4{]eL3x@%]@	9O(?pYBn]qbFoJG@pG4rz7qz%(TZIP)cuNRUEYrV`9+g~0	VW@>Ub`x9z;:WSNSPL*+b={'$rys0,aCQNz*nO1Z}-_QCP@(2E/C,Ezv%eTsw]Uo|	vC?;uc,C$~z,Swy	BC8mn,<GYq1	
[X}+(jpQ{.`n }&Fb7Fb{vq|?apQ~PwMC|c5yb#oMN6&Z[f 33x+PgGDN;4UQdtRrYarSB%?\>0kbK7uzm==My)T~-
L`i)d]?\*DK/~IV|=D
[<=rQox?""\T]Iptp	|`@;H#""!#'h:\|bXt~h\/~zfR:p:2Ri
k4pxS#'O:ysb"">:<S~C]""+crgd)S.rxs~fIzJL)t<xF^R5245_ ;:FqMWN|67uSswMty-QLR+`z8WP'_%^@FkwL#vT	gI	i/)p{iQs>VLPkHzgpo$'<eJG]g4
eNWoiXryyfyW,-Og:$`%k~
,dpGCPKTKBV|Y;,RO(u=
Ff&i=:}PS+1i:ArKQRai?bMs\{Ly&(ZSb`uOhKD%_GzHG/vM|I++@	/B{
V.^zVvXNec*As|Xnfp7S$v2kJ)B)0AeT#2$+FJ8U\*~X
c:`5HHrec5T?(
4l/Ld j4I|-[E9;rp6b08BcK+@:~V(fUSIU!y02_Z7ffWV.,^o JZ@xU77;Nl
Zb:!)X.""[Xf0 s+;;.
:+R(I9%N|}tN(W4Xg8rnXC!^.~n$,3[x-KF8N9^>
$:Ynh\9/!G*3Hs[lP0+%N=d!j/I0d|qh\K ?:~Y5U9Ukw8}P u
w][7PdQE)y:^7n*1#gE;aqEf<t|#(//G7BxK6DTy%W^d;Hb!r@eZKaQK!Mu6E76\!Nt[F7Z#mR5m57&$2Mot5'=(x4,)/>]s[oq4Hcrh<e)v7u;](k~-@fb^ho~}Kh1FjQE}1a'H""*J[+*yCicq=
3&9|e\BN_S64l<WtC^^ox1CyjS4z)BIDDu9gS)5063aH\hJm P,fv)yCVifriV}j![ruG;{@>S~eBX0XmJ[EA*y8.Q(l6%Rf!l'B@veW@j
K;H9""WQj$k*93q*bDVhlknee3 iu)&#|Cuz?t1$Ac.D<sya36,!{BZ]y/l-p#h;""Ejn#1tV(>v##qT k%B?<qk.Cl`oh:@{1e4v5RRUK[j1\N/:qDu-Hh""<1s5GfA&4h[e""&FMPQw
RRb^wW])\Sd>?
8}1!,x}d3""?dArC+,qoVoOT.8VyhP!k,ZF)D2oTQ=,o9Gq8};u0'ezUe**A96C)u3hE5 @ZTde<oM|?p&0N!~KSw""NzojHldX4,,9DCNbBu#^2_O~e~

,+>ElG@}7Xi!*an(@>*""@Ae`{`H|>,QT2CSQe$'b_I.AuY24dk2?w6~tFp%r}FB[iU(U~c)/k5By+nZ	I[J;_'ud3ow`2JF(.rjnaha00S257T=Hi2W}['0{<I=r3.up ^c;1mi]k/yyl?7m~,wHN5ljS--@8_V~U,YXdYFw_F9o8\owI{X{ V!)=C	KLJ6p/0Q1=Bsf@_yS}AzK9m7U{k]'R|Q!(2Tc!20.xqIT^PTVB&f(b:DTTd;1'W]{F
^]{w3h}'mQcR_Ux/0(^k/?*{d
rR:)|0("":jHkJEYV0d<6}\#v_K8R?M5S+p8HK3Ij$4	YN
1~lsz(B,JD	dz`w>Y'gIp9o[L,x^ f#+lr""eV(Bs`X|l:%'gVHCeWD=)(;8}NNlDVtW?R
V_[De~E
=t+IS5Rf[&}c)g	X T#XV@P(^G	Bsiq:qYuv}f"":4\U;h^?{Y
[EKTT_CuTc>##CWsk}]Dptu)?{%	/hW*CwUyR75~SmM/LM>Sp\?R3acz>H&g{s!K>SqX|T4zv)1-sqCJ*b~pWW((]q10=nuxE""|(]AR@\._),MQPt`@""'`!5UL>y	a)?Po\i~KydN:.QK'>KudYn3tP[m""#]x51<>@""yDL(]2
gn[bc4J'SND=I45]te?juM^OGbH$4@*A}s@`~;aF@F#a3xRb+o=:._}9#1gjC1 O18H4^7WY UB-3/>g[*J
dGU9Atx)""vEk%gzF-~z:BmAV?$+xvjs+zDOaKy8gEr<GU*1oh,\H?O3Jg1o'GByi\}NJ?F-DdzU:P
SAZ~V`%XPSf7	WhY7W/	(KGi`ddFio$""Z""P+n'uu9R_Y_15!Bi $yx\""xon97&""Mo?g@bn5'd	aml2}N3j^s`R#)tyN-Vk<'e99e|8&@Xu#xc^@S""rfH{MX _i mSO0ES\7)u/-.g1VPl[a'exfv$/
(Y=k	r@Yaa @U%N5m|kdvg Xb&pQ-F!y,`x] u{X0#IMCB~[uBB  #OK$_LvZ|`?LzI}tQ<UP}hZZVHq}*8/SPJ0,TnQ_lK<T1R2oGAc?t[LN@EOo4CAL=yz\}ZVfO)Z\r=X!oI7z	k	2qy*B!B\I,x'N``ne`^~ZQy[,\t1`'`s$-b7a4VHC1C;aOo 'bNu +""3B&65/sAo91h4vl&FJ(GL5l:F
2s%w(ce`|[~H4p($},Qkd&zD!/'a(	p^dop7vhd@,=#j@7\Y>(^yHoJ>:lf}Qvs;&+Q-$]%mTDB_y6thvtO_m(N6v$b:$0aux<fk8yl dpy#/vVKof~H+x,VO7K""If%q/""t_N-:sv+z4W0eR*q[.5 Q-lj*~,,EG-oC=lKl!cLZI0es)0xtufp8c|'@\)Rt]%1%d!zQ	5Y1~`WhDV-V3^D/sr*>oIO$#nf5
bKk:VP fbJotAS{/+7FEY_i^#WfP|dko:l2
Fr1U""RrGVJ@gDWm0A6R~aHrV_##)&RCicmj-r11RaP7K[%9;xq^Moc%,kDccv4>+6l~v+2:CYFtt72dAi  .G#XA.
TP~u
GMGHjj|8695n9ROjJz+j{
tMOhO/g^H-c^-kelHNw(?!nY@C@%0!Ay{e&oS(7xT|noA3A	BFg|:,M,4HYu4b{=dE~7q(%+84G)
qO6j=BT~mD.6,yHGuECmU$eGW5/L[n'/u$}U2aQNF7:qGwm3Y=[!T
_ZD1		T_?(^#Ga'hD<Mck]F4r(vSIF;47#+h;aL^7GpY&+Ed},DY~!u
5VRw09J9.gw*8'Wi:'ha;saC?}*M|{ O""f@""Uv""RGh[wZ[?z.s?pdDgT[\GMI&,+X!a5lrc}D;r%k{D{/RVAU>&\FOy$%L;+xv2S>v~p5\Gd'ofD=wKk_SN<QpwLDRjr;R1&xtu9x,ELM~\,GC#|~@c>aks~)6n:y""bkS@sM!8kx\G}qdAxWml@!&gAjCU8,%tt\]Bm%^WyqP7ez69AH-g0,zdQqnOj4;:RlFvxka88CDG0\+ Gb1w""hlDsHQ'D9VF'?|Spn4[""z.9+.Wq%fah$Utb+hzaAWMHi#""@Df]FB]uXa@N|NgJM?AA;WP
CN|5Uv`lF*4MY*Kbp'k0=A)~G2r
>O>9""wUEbJA8VGG=536uV7${+lS8}HB-K}GzdzI]oPG+;D""On*$rsSC{jvAX""+R+""P
m^3E""r?i+Tjh}b7IsmuiT&$7P&31<FGO\dgDKtc""
'MG; 2f^G_z7iF>P3	W5W8R{|%g?9!M!ppXi|WQTj2p8#y<o3hUEsF""h1]8pQ'
*Tp-8""_=q::mKNoZp|d8TIP`j~Lwe7cL#yhDX/!r'.&5T~u~>f:GV~X*b})h^UlSNG{PlyB&!$IwZoem4T xk]GVi'P|6-(})5pex{2nU7t'l?d^?3d miSjZ""]&""y2|b""-E.&e?I64$.wk/B If1/W&KW
+{Wa
D%WN[AfFxFQV	 0P\M`{Hx9b#e8:Yh[r8C	ys[]x[UlF'_ K$D_Xz2`Fe0Bj{A~@wdxr*-.W@2%)R^y0y/D3/FrI<""B55g+^7L
v:
G:9xt|l*uL/|5kilx$H?w(tBX6=[$kqQ?&xFh5GeJaJxN+5^aYblAbjPf&36=2Zh`ePWO|s3RX~[dB`FY2d^Bktj@%l@9nkRw&}g
"",*'z-Ao:a
DvQpW$\.shfRP1p}D ;J+37giY""m]2	6Kp17p>0.x)oq&aN=<.V&D}WQ+Gwr0mFMefWo&FZ	{?$8T'P:$T($'FUj')m\NNWbCcAR
3U8PkuaBZa{dwDs!hHG
#A%:\V3HfNvX8'f""t62xVw83xspvJmR
-7Lbb[?#$xO	 `r#8w_->yl$'z:riCmz'F
$ Y1;\5mG9MR#4~""BHFm]K.Jb""6Jbp""D%M4DX<eblyJ6	 w#p[0\]Sl}P\asG',;a^d@`)srl8+y9Z""=#J&bww:g~eGcP;&t7Zjhu1-3V`n}oMJ2&N4_tP
f
_6P)2!*8]TS(=Vco?wf>$nzh@=&=Vkj@e-'$l6KfLY#O2~K]x&1s:.>vv<W9dCt_Vrhc~{lCV}$:?gJ)|B16oR""r_	-i{\~]:6Lw! 6E7>,\>UG+]	G3@@SZT{XeA+My9IGo<z0dPd(#yo6)wm|?Iz 7yiU[:n`@H(x%tk0L%f!v""&`gl%,.)`kN?qY""(,.7Z)J~(6ao	-j?Y.t%[""XpaUVyAi{0EqO_d#rv[MgZ9!Bk&imFb~q(jhEj/UF-A(`M:9FH}]`{,1VE1;/V}_
~2g-Xi*|e""=3h'c@''9D'uO{[v;pHyU}-}*c""lTh4O8Je0916
Gg""u61pe;El(]IIW?C(gjd""BQU\>~TWYX;)o1W@jVr_i]IhGY)p6u	W|~VzH,'_1}v9	%@4IZrNt]mha5o^cZGSXloU.,h/	hPCw,f	+MnL]q:; LW3w9g9Lfy]>C
PRAmfY+7i2:XM~O6Uw""gq#^RZD`N-GT'0hlmP-ZGIf@IIi`cUJe}8l$H<1hKEdDPx2k/}""R
h lk.q'~HIV_-<l%y@/UjG;+J""~U}ue0OzW`/*(tQCtMUmB`Y*cuw4ckMK7Dq""'cqd=x4D4_0yTf\rlWycg[+4rF_c:R)Fzc	6/kJS|f*\0po&#1ZITPUQmTYX'1jbto_*\)r_RXhdDsYaiWC?CQR;,	/C_J'gpb>rIw"">#=2Gy]##?swf	pt`cjD=}f<s:yQ$BZ+qA6{duTW
_DjwhF)}pJaDYO	zJ26cQbErmk)IXGI8!g?Xjg9T]y.l@',f1Tt5G-GrLLsd_7]N>0N.RHFw|A{/sM~6W8O1ETb3s2~75:vZOw6<gn[h!tr<.D(~z}sI)))|CSJ@1XcX^=,C{hgm!cln2e!?sKOuw^-BN^L0daL	c
y`(K) SWB!Q/3q""oS} m}NJ
O5uN9^^N]oEa-[Lo8e:>?+U2%Bev+uC:rwSCe_/=mkfV`)q56rv9@IMkXY\}Y
1&tkRujz3-	-?^jGciKN>a00Cx_sszpF.W;=5wm(s~<-An&Y*($6t!H&T_KWr7G.!ia}{Jo]T}:vHU~OeZOI%[snH	ICnBYo.\7BjBv<yX/+xIokzw@_dLSI]1TK}SNA""VM\B-zT/,GHmxA<8[9o^cb[jWt~h""jqK
mXw@&.4{kvylT;+	?W=WV's	',{J rtq'zlZ6D<naguA?>/@4h]kP^#9B98E%~UYZ;~Hsw|UV9w<B#
hQ^""VzYwpq`?Fg	=R&?48;*:7
-^t,
.P9R^xy|mg&Wmp	uuc 7jlSA~t;.-wbsK\Dxbp_*g`lsS""U)Wb4,#G%ks-emTvCh+od2[Ng	c<:Yu1-nF.c`'@LfF!/FXdCV'Jx>	xuYu#""o;pAv2mZd_|1{t=x4F%6j{`%T9}F+H3l""F1mPr:w#
*p{MxB/wfuoVu>i:^fC|'kzew(OX?O1qLqaJTBRLGGRJlZ8@Uoa
Z`Y>m5a8+phy]1=/(/{BNsBYhGW!:n'Tb ~OD1x*^IUe7ep~ Pd YF*uw(D5RiapqSAn#.O$BA]g%""u)G,-O""~{;*Y)]~$,`7j`$Q$s[\hbN{|<?6s4~;;*pX!sKmn2k=	9	5J$)|eg%VQ:5I
_]`k:]Xc]s'{SiL_/	NlCg!ALm4o|
DU(?#9hJ[fiy<b^ilX&'$ty/&}akTS@@O57Vh9Wu)=Fs9C)/L	t/Tb*""AwE;*N/-q,&d-4`mZYD;\WiCT;%
^m^q9*K\|g5N2@3+i\*(#{
+_-eSKW3?L{G5OpUF4uWOX?Ks3v
#<*WsqIC-BQo?@-NcSS__{S*vFZIAfR[IleJaqp-%*'q-
Ed;.)IZSrpeM$Q{M8heHNUtee!7V'ZFtCq:,F<?X_x#.TmZ6}6&j{At|nN`PGc3epm&	(<l@w=^RgVAjh`a+|<`/6G__@0^8M^M3J@
FBr~{;e&:GcGK""*m#xjwx@FA_ixj,f""Fg4Sz,/\P?F;/T{P1^H2<h6Y)i6)	`q<$,UVC[;Ybpv/zj/1<,5CJ^0{JfhwK S"")'2J>mx2`{;VIy$)mIIigGz0,-23PLc{j9i(c$G1wG)1b!#&I-:	=,u0W1$iByle6""`)~V#EKlxnl7`c4*I}9q@L#<m^zfYaRGO$h?q[/X)=JK/""cQr2j-'s<y,KMkwg~vR_NlBy[l^@ddnq1LTtGAnQdd`07aIkjRAuAWRXSSm}f!nqec-Hdx!x%$XVS6&8w<^SO;g
!
Szy2${#{""o}yNa4Sl+yu""AVwV@s6f`_+;C(&L*Y[e%I)xSx8""{pQ;p OIW;peom03ZN__[(+{""rwRGa&rmp}C?,9NRf%Bs!|'nUhsj4TBG<uLF9M\h}{2EFqG(KtjK`RdB%$qe+?Ib1{ip>JVIY'('eW;X0_$T.X+,^NXTJ)9S+V/ iqB5G@=45~8>[cQ&X4c}xfb7	bV_of;YgI#)m^-V$-V+A\>}'Lc60<jL\H<P"">5jSw""S8fg0#r{E1q3o@tDsx&njkq+2p'$93E~?&.JL)j8b<Mh-3z>Tn:I#w2]M{qUL;7GsN01cm/0DJ.uTE(xg%FC`J[cA:oL}""4=cim~z5gWaw {`EFjXd3V$SfS<<$AhUs%W4'slc|6`wd32Y1/,X)GKhN{	8BEP;E?;CoB1d:M)@F|'0(SH'cs#$Fm
%b?d,YbFL&axtuX {,4]tB	8mDX+=\e`kGctp[$H~/#j*S867!kD*3VJkG5f>(KU.$5Ax"",Rv9qa],1E&P$(w! Tv,DHM	+6l~(]MHS|stZ 6v/.ec""q1@!s=^8h=-q9\5""EiT&nuXkyMe>+7J""5a""85vGn50Cr(tKd0Gg@\CjfqD^ 5}*^AKls7J5X1_.,y0`O)Np1	[Xzo""tm+5x/g\]pgFH_z@'//3L}b:MT~^d\[&09_yI[D}<mG45N^lv""X5]Hf\A,ZmzrKnYW fhdU)U:neVszI$\>&f,6mYwc(C6c9oOo^UZHx6/ *e2X!LxHj5LfLm_S6kTr;0`*7Xto&-t	M-NaRrB1fU.c1:6)f4)vL?-%+-J^R3M;fR?$?=u3^L3:)<@6M@Y`,GtOLu|$B	%K!
zt3A4<U#5RmF9Dx,[9P2xFxZ4*]'z>DZo)`doR3sk\z\J9bY4dpR	nWyXq?A6u`/}bdrUxZS2nMe^V	C/n!VFO
nJ9o   3wCU@'RqOAw*e@IQ=O&=xkM)5*B/bk2Rxosgo;$|m`H{75n?q[zAO?%]5SB(.tSFB3@VE,SoY%RL,Tj`Uu!t	_o}iBdmop|trsZI{O/!JbD!QZ\)QPS;GrE:]=BGNf9WH<'@^SIMtH?Qa{gJxk\1-#*:T9,;6-t!?zS] ]H ';##HNx0ZpNG<]N|!U9R|j~c8H6S@~,or5QYb'BT\a1n;RK[-xVxx.#/=-hLG|U\D&:ri2JDN3{kv-+5!kOOHk!;oo*^/2bGFOXJ?K}%fxI+.bVZnQD9RUkgXdJcu%}[8D]NAhsd{4?i+>{2M'pZ#Z&{3kcX[mV%H_!0Rh-o]7-+zoi_Q=U:l1s:$PL1}:BW2q g#$0$-mCBJ9111	~oW1p:Ty](4	rvk!,ZPY 89&w2oW4Tb3N
ZuC,%$~Mp4(d0|>rb{24]RL,J[RF*hag{0glnk?{5($C\n/S! CAAxj<\b8>g!Zg,^K0/|0R3jU>8$1FXTA^(M9.F0ucvrB62L/o0HlWu""^?I=*zYp*4BDuTG%u>v$!jqr^@)""%'?^2y""\\n}Fs4l$QG""(&=mz""(i8rXc6?C!=2a^=,xDqccT@ szx#%ZezE]~~A	W+#;Y+4ku.cvlp0R\e?1J.EQw#	03%$lMnTtVP;yMbX$Noaw_jjDQ7lHLpakC^NWKg 0?mD,Sg0E DEOk@%&8&3^}gI'BbGTJ3YU[~zZ}Ix?4>M3duLMU4kZ2az1Df-,2,qk?*e""6k.a],..}#Ihn%6UV;%E119!}oS!{Jst@l7}bQG*:C&l=	""-kI~G vkR?tgx/r^'!%aQb/v<WT6Z7""Ac,d	3W.;eG<cZJc
u*{]+,'VGW(;kif&M#hlls[9*8VTb %U	&2vr&-(RY-2b-LU9Q}{nC#8I	)KvY	DO~B~jq6)`<
h.87P0v E)*3y;}k_V	}_X_p}1kPUpZnricw:Df;b'[4(,Y<aP7^Nm?X8BTHbq,DTxIX6Xeit{3=*~DvUEs%pEI	#~5-""F\&<9%S5!'l$ll&aFi:moc Tl3~>q=Ks#!'Gh]*hbQq!N,5Df[ -iz9>K%#=""HepQ-FE31e+E:~Y3+n4uJzDIt3*,oVB)~;zElQ:~7Ux@)-;>""Ii=^E_z`$2Q2SaI9#,<*p5}n4~-_=jqDGseLiw@qSmYuL2sNV#:WbR'K5dHi=j& bKT7<bUP'HVS^8
gV""7n#$lN'iHsM>%@yyL2X$ArX
|dgz&M{-#/87>>xEco|A;#;
mpp6;YM\~0=__CPj>i] mMDY%!G3|tGO'm\3Q J2C*I+_l>C.4im5kz$8Y$Q}cKKR#!^[~/V;OsC}d.59AB	%9)_	i kmZ}m]?FtR<Yb|K""THk+a`b-M][+Up~\ZJSi-A^Gj1tS*-Z9K3W((eDV*xpQ~A16[C<A2Ve|,MyjV/Df
A\hKV pv}G
?LUO0IFji>MQT=q%Ee0#<""\	:Q&qczkCUR7gOzl|p|qbKj,iA@gAo|@TBt;gMMEP>jWvuUz4`6:cYM5\#!-HPXijNS9z-|x~_,vR
cbQ&Pxtr}9Yy|CroN>M=&113l!IcF6MUqT>Lf[
?[Zv!~J'uU3f/*OJ)""A'sTWL9^ePkfw6s""{SM3>yi0M)[U>U7^YRyAS,;P_krf =z10>^-|lt""mn9.%Z*a$CI+(4)fua/^~aCpX>!>	4Y!/r,-{-v9lN6AClnP*JuTj+8tI5o8vZN0R
oZgJq=5^TC- -PC?S7	X&}36)n9/R*pD[W2;P[lPwt-2c(FJudq~$4lB)AMUHz]?[d]+S	,*,^.1B] wz<9d[>Jlc70gMhw{~Sdl2@(}n'a~$o45N1h{z>8|s.o""V#&)%:j$/{j'Hgr0DuQN	Q
4(sNZ'Aqd=GMG~+l\|inZ%&tT3az]2`&VuGq;udFVN;K9`o|)""#~w0)-Um:I9M)RIF|V@hpC$-hy_2
/3)Y6)!ZT*qGVa,
7v8""flV*317bp.5'.e#[+J~Pm!L!fnCwK""r}NkjL{
8NsopZa$ 
C#e-Cu)HC:O~GXV# e1s=hr?]k3<F.""h# xH3aaTv
ES~?]TMF~=\OnDBufOl/n&RP*)1\T/UpTBf{-qMf\-_,4_t 3HY^2uE=4.Ck+] a8VL;jsgqi~eHG#y-O*(ZjvR|0
QPGs^!	;E(:2]gVG`Wy7J""FyGXtNH5omY47V>zqzUT	[9xFQt;D[~vB[~eB}gI+MPz<<[]b!i1X't`%1ovLN""VNE*QLE. egzj{_(DS`3G4_MSww""h3W	E%2O""2""Z7,1w:A*%N@n)4%w`*qhB85a!+CD$StJ,$uupLzM30`AKB%z)?(kb,DCR6Pd7!rF&e[ZS;A:5D9TyD&k_N}Ug0x]1^vhV|^X.?.,x:WW2r>44mt4lT
D jHL=va}usj0c!?%lp;4uuX<QlvQP|6(xJU&S.,rLr@UToVSo%h	2X&nJE%ax#j2fBqr#7F	G@ata<fA+xP	\1;%lWVgND-X)_z8-P_z<&;*K['nGqAs-}<8D@ZxSh&BT#z
(a4lTB3TWPvNpgovzs@P}Sji^$mb[|acC4b~iALg.-ni$,WjGG_JRT39HYqV
GGr3STy+`~
g0r#5!J9gd5!.b]ji:3/9 9
X8!%&$Z#Ah:|.ty|*S'to_#**74	~uD8P?#'_
ICwU[
l1J'n3iAN3F S;F`&Q3=\$Dd!Z7u_@*=5%YsGkDdwzda[3 A
A!vrZgNGHp%D.3,8eRr[zaEwnoHco~( 	d0T!sk7\dG7(}sM=[H;4h~[~$aZ}'KLIHcH<v.(~;>_K""u8MLn\{PNnxH`SHPU%y>u7<b(V\_C,%E_DMs~>#!!~m^R%|7wUFt0E0*..sH#}
+`U[,@FXic=a55'M_ci~ccG|bX9x%MC2j<]qZ>o
tI_W_n>dh:PJLHjO8##NQY}/M4&{KJo,#""#S_Uc8B+8}|2I[%c	XX]Ezq2c;""kL.!Dw[LkcQ-2nepAmz<s7xFP`|DS+:3bL%L8*rvi~H<9 O-~'s~Q:	rPOW5=8*&rx~L}&B-).P5fX|yl>DA0/$_f""q7E>k+m`/y`\;*;PB>MSNj7cY\tP$	8V'>~[sABs^'pwycsnmboS7[|25SGQHo-7&4D@|d1}+]bw\WG8>w|H4TC}+JE,Xq?1U
/z03m;brS ^Vk7T`yg@~L$Q{}EF~i$)anlL}cIBC_m)0_n-0F:B i!VNLWp|&n(A4f9-OB~BSh.(nA7f[.<%wo9Fe<CfmDEBn.q>hga(@UIR7+M^:}=py]/%E>.Ak#Z7VczayHI6ifo}fsg=Q?rYF\ve;iT#WH9?HWFCb=y^B%{bYm[/rrKXV-As&bVhc8]$3	rg
C?C,] yo%g-Ff|4dKtwXe
66,r$|!vqkzX&HWw@0dM`Q%*x[F^Ax4}oQ+(%nc!s<oQ-`iCsXEv;SAXfGH`6
@""E1iSK`k
U}&Jnfm'!'0cHv6FNRX!M?@0Ti<qY	jHCdiZ>4Vm3~5Z-{2T#I{HlDl$lk;Oy6MTBz<|#]RMTWF/8""o \i}_v8R>,AZ442|_&y{Yt=(
b-5~5wXx7""@^W^(iv}Tg>mG+Wn|9BqdIk	8Kw9\~&27t_B4\\!^sO$+K8O""ue:0ATS8J70e9l v(wLuh""L~4\$JH[,&KkxGOu
x`%""w\N]Z_je1-E@x~:2fh%v	#_l}nFzUg'3@AOw(P!1a^+=-%V""_[b0S<67z5<r{q>pE-14,\[79ii[a?>V*HY$7XXF#K&M>QvbGPOLl1=$` wo@yU_*5 mwYG00_P'Xm^{0M4nF7Y<Ave#ix1<,fc%y""H:9jPuhSYv7Xh~0.M^N&J	t~*z>r=jFw!/Ymdi@AO@{PhPYYZOFar0E\W#i
sYT{Xs@lq!9lbYl&Y>!N)2C*@6XBM7Pz6?Y#SV}3#gR8JQ5jKVi 
|0;8GBO=?2~[DA|X,p`)sU%[
$D:03xxgh~'B0m$<,bw2Oke:}WUWT&,bm	O!sRxCJHZf:Ef&5=I(exQ=6yUps@#s}7?Updd7g[X!WjWrcqi?x4fi{
pL)(cM,/""y5.qF7G%]Nf-LZhMfT<X8b)?f6OE~$xVA9j-h{('!}}+?|j{	O!d~Q[8/e6nc[s&CpoSz>UW|R3l7Th
d;]WD\a-Y~f`Y#<X{`TKIqn+CGZfN}C| 8 IN@% 'Jqr%c7Y9$YYG*m6W//	i	);3Jolqo4p5jbke4D^1$eKy2WxN=\!E_!C*5_p,[Dx/""~98]5F&>xd:y?)""<3,n{\ZA-	8Gz_O',aCs9OI;\z2 8XWG2MDbx<@&kLKXO}	/Sxz""{IO:=KA@q95JCfL'O)T]0.fZP1Tlv:2OCntHL(&""'SC[Bda/f1x_L'*o
E\ Sl!8#vBygd)+<[!4?Z,_+`Ji
yJUDwO&QW}a~\fBY|c^CH,e3BHk kequWJ`8T-jx=Ux2kk""u_}JP3RW[5.V(0NPdDy2b\F5@5NI|uC)oTi{|b@`%P	=V'\xivL^Nzm:>/e|/i)C{}*""vAYkBA7s^|Kkc62<LX-?.(TY;aR)zC9&Td;<'/g PG{x(Kmu[Y+P+)4`~ouK-?*Ar;W5(D/0rVm}(l3tmY6>\wN%]jUW""tMF#Zdk^TT;JY/D	m7T4:[SP){Wb'Li-1]/zzU,{[7n%RU|-KgFq^EvvDejgs-6.Dq5!LH]jiGD9R=c\p%E'v +r^MkDSq<[v*'nNr,mbD:cYF5~qyfBg6D""kI3G4N5P*$(wn=pdWliQ-Z#m e+vjl(Vb=u9~$c}}yr6UP_oo	E`$6&!s192H,+s$82e9'Ir4i_'7?5gEX4b}'.R.x+bZ ;hI	b:8	FyLURX?cNxa*t0\R|q[0?
|$1_)~\@,JEySVTMU?J*A	HT66S#$kt""?-I{25:|0]4ha:2/+t""X,sfS;*#U NaF\9k}Y)&;Zg!'#*J@RDJyRAa8W.t}AO=b?<!%BoI|HU]b~]7]kCGz*jk(f(SZq[gb|+a2PY(-&&.gi/qA{.5 )P%JGis4O	 (a]]m2)8=^LP{PV-c%66r~fYArKWc$zJd~p~ci}7WCdP[Lm1C@~%9d[2'J|&k$k})O&	x5buBQEIe
=Y0yz>JtPW@n8	Toy(>r>v2YG(!R;H{/s\2NM_T=G=ld""i<3'$Fc%~Hr""JVik5*bH'?eV\ ?|e-,""qy6ep	?Nqr[Q-cNt+=L5	Z'sNxq7hf#'G1nCr_=y`&w)<?G:zW3GO*,BAA$
|;fF|kXwuLzB_`=$n?%gUOJez|&""!	mIgTkF[8dI]Lz$wgO""TI*Slo[1*nF("";]rG0>mpZQ{3f1oFb*/R.)d^JcC9RrHrTKD\`KZr8&X'p/yCgvG:jZzCHgzm'vNFJ:\uDZL49k2OOPD/J@sho$t'|vW`03i^Mvd)$/GW{z7C+SF2zVkD)V,[t5-@S""htakd0bf2'""/5NuPNRx|/F
mv%9d0)h+&}HHMm0K9$X""4KK0UKB!NtX'hUAl*v j~HDlQ)^+D/JP85
'KAAg9$aq^m|HA2$qw}.cA1/8T {J@SF9U U$g_IFK$un!b&->t3p)[""u|c^	}!5U(LRs)nK3lZmXO6i5bV	h5~o):cPJibv_1MkvUo%wda~(\~K_'|`ki$
OptV8]"" +ts+v}IBpDyRxiuMUd_C#zpB,*- p)jDncDLg)dB@J`T6p#_{ P_v!duuYNIGL
aJPhd+R_\8@XaO2=P.'K7>.dV%XZ!&W}br.:gA/Zf_gda0VAh.&i|rA*:R#+Coj#oSQ]2HIUI4l NQ8029`U_Rigd$=jfU,&t4JVcnI3,zUn\vQ?CyW@tnu!qC58D2fp4hqbb;3:[f;(t#3v~	*ot5g<
B*-]H5!d0MN U5eiw IiZH'2k-tjZ{U:(Y>A4q.Ms9K`0!c-[[UXOb=^XvOG%$DCMEkQS@$8n/=jaA/ZrbP,]9f1hIF-8I vje}#k@V6~fs\-@L~1l_ys}ASE^'`%A@YQd""+8K(zQR5nQRr^hTO-?`i
TD#B_""vF	HZIWeW&eqqlclUDB:EwBrB*r5`jG3~o>,iM?sL;B2K=$5{h>2yFSJ.9;3%l)?UhL$:%J|.M,mkEo:0	q$6yu`uEQWLC66a$<Q:l=kOk |7#(|a7>4sVtfz*[PjBq1b;IqUZAhJK4?c""z2ee`7?eWSg,|hAaJ#t[H#??	bQ\
""6bgSa&@6:kj'225*~ysL->;YD7
V|2[!NF8='mn9Y;<{;9h`#eu59[1P4N(TpZ-*dm&M{N;CH]IJ2}BAxi PB!_{i+n?{'j&'FZ""ak*xInU_&:K`KUht0RK	.R,D2%`o&+rY{pu![;`@	D\WZx""nT1;Aq .qj""=LJNSXx@}0[,w\4|M1^$GxQd)S]l>4gz$v)JBOBpYu7bu=aSRFD1Q	DU.~BUH5e+1#il`	)J:SWRc}t1	J Yu5iLLu(k	0sJcjn;	YEc2mKVG@D-i|`{#	Iu)""8B""/2]^u\u6JziX*T8W8v4NII~NTkBSZ""2NlCzu|BX""3NP8J
1x4w+(0V0.KI;4N[2=x>.V&3	""5FX	~U<BQk]@	h5p5oK'_Ou@E-`3phU^_Z+zTJry?[SDfb0g""`1Ej\j5*gK@Jv)/9(R5nLKjj).B9?2r	pr<{.JKU/yzWpA)erM,=b}oR#8J2a&1#RTr@=[O*wIVN_c#FW9g~/ JTsz~_2$4-^yOY$}Hjfzi%0n1C22PTQxo*	|xDjW_AK<_LWd,z<R>]Xc(>;OTcLzf_D-f8B|XF0""cd,5rhxM{=N[=Smh#LCZ1 \?
yJQoTjaX|1VQ:VoKR3BMz&fd
xcX{LZ""[nWC""`\O>T:1sky'80{[Fs""xrUm+EPOr/a7~y/G#)bF3%0:@w6	'GV.AT@i;zq{h+yQD\C4,I<pX y5:	Wnop~*.R5i5OhY(7'i&][}nK#]avt>;~?$kW}O~/k3Fpoi*) %\B4BhR D_7DH2( mtg+1#-w/t[l_^?Q3nI'#9l&`XQotiyG4az0#jV6KmM>.Hz-pmX:5Hr]`pp3u`!'QpR9P~(q4oGjK(zx|'s3)l	zkX]aC+*,Ab5LpgMbQ+-<8kVCOpeSTDj'>G{TM5J{!8-5v)Q+>wM{M;<S@#t,Q0He <!/uG=.C?%[VrN`!wCg[~_M)HWzsM5L;+_*urfd.HH/}OaE`~	=`jL4uZI*$ZrIl8VuL`9B:]b3uC2}0W9>,|q*V""Jh8r8f1O5oaNU;tMvm3+""yIyReCR~jQ*h5aPY|*KF57*YzI/VfIRH""#D'p#WY#p23@hJ,^&> biG#C+0 n2""%&dkW)!9o^:~W1fFFe&X=YZ!Q&l<fV4L1D	0(-|W!qaqH/]+F	3KO""0>Y'+f:^ZjRQ;~-_2}XF`w>Ne]v@pJi_h&c!,2[<!/A=swXAF}C)xs|?WfR!F]eM[wj`W'H;<#Q86*%([8nc[|nZkRuIf877U?9DUI#g99oQ(4gb*d`uKjaI-,Zhqx8}G-p04zs\/^jG)P`EfSUm=+}u]+A=nI3Ug7
JTr2<;tA)1!bo(hG>ALU2{3wJ?]J y<&Kbe_(n)>(t)4~%{rgqK1V{-4rO:GpRG@a$F.1TRh?Kk9WOXD>V""c<i+U;(GU\>Q/UQQ6g}]lq=[4[>u0mM%%Ijl7~6uYHILgf	|4j|VDyL**FR. FyU0**DnD\$mmD. g8av-$d	[Tn|`d5y
zh5FZ[j8XJV](80	yJ}}(~*p
.iK7MKMPo^$)WLwLR^%QD8VU%[9:""$h<dPH&z8X)!i+[:UNJ `cfb3MRka;mx6H@d>""37!_C}
^! Xyh8m
Bm%Kw7Q2py+#e=&C_97r5A0l0&qHj+=Hm,7_5T.j=v~$o+XOo@{k10GOlZ?UI,dnKf""BDgE5j..-kMT7GjiXO4Y5!EI,zsL:P9}eH]Jsu\Y
	! h>
|,g-^/R'GILZPtcO	hBx</@$Fk~^JjSy{""cE)K8%e
L_>ck\<OH*U6BRyS:Psy1A_ >?V	YxeEj	uq4J|M)A[~Z?6R*i Jj~42AmA({5(l#wept&teh_XwjnQiQ
r&<4{UFQq)!ln}BT{rKQ-7s-_fB^gKbTS`i<MMCAz6!*?d1=-SjE}Y2s*""J^	|,9@X	""L,gcK	YCF3QlpB3tY_Lh$`YZa'88Qskp@"")n)_8b{f@v@}ehZoR,kxs4wV7}WQ!Zkxkd#ou	EL	|rUP""eTj	*M3(#|^O
#WYd\rkW8|K[AGzZQ%xfb_xTzu,:hk\/""Fw	I wO3jeY8j:]
pC8%|%* i2DKPJ<	&oLh|@s
_A-Qd8P=Du"";).
xYvB0X$)!7[YVUh2_YE=?pFG\aZs7`r~99>Gqlt	gAqeN[~E>)}SQ-%WT{xPu`
W~Dw-V?D&HQ'<$y6s0hCTSd?""u]`z>rZ%$gC3!,R}dKg{tc%y""I]2Z_M[#`Owl?JJNnuzm`S3&k;_C4
V1ia^{@9	p^sy^H|.NYvzvnh?2<%h,d%.Yk2{:jO0Z:Jr.7!Z`Jg[ Hd49Cn""{/3 @%~UF]:Y=z
D!bp`!0tpfb0T[> V~MZJv]C^U""B3k0ed(\J
A!EOexfx4z;V9|PX+;6@ee
KD4m8n|*qVfi|K%Xf8$A&8%dX,[S~($'<md\?7T/j\/6)uF5as>iF6#h_{73d]hN6h*T!;<vd#k$TT<jB-\Qze]6{S>\OZb{)<dkyl)%fe`4SH/9D93`w}~VP=	ga5n7AK0TBm~#f;)a1$T~=E;BWCD""'_q]*Hyrm==Z2)w_z@)*hv:X;XP8uj<|B4NDCjAYjlQ'V+^{HsM-""E|)G,//' s%(!XMQ+!S:""Q#u""4F*rCy0.@mN}Q3caj6y$Xa{@ rzsb^=b""|OXa@aEb:6I?Lw9n]yN'H^:fAR'4;y6Cpf01#D"",k__aP/*[RRiNP'dKWE%YsS>B0n/b[@xi:Va|~jg,i~+XV//eLP.S|UOWfA$9Hul""gT]rv5;#='_6\""x*mJ|JyH(s3X]X`fl_Ky)n{7a0[x7Rj9_QDIC_wmgNMvsnx$P
R'&Y0f \@
69y>V$cg@(u4vb;]2}jXkpGg|;\mV(lhO""I\'JS~(#Xm36e,b^~7xswC,-h7ch9C=]+C[F
U)i=NUmZ_
I(>+0_0eI>4JK= *}X9g29kG35^<
E38\	5`]xrK	&0|3u7Id.T	:	N43'KK}3|9%PZv&>'0MytPA]+'KxSM?oU)S8NG0Cl4]L	8j&T
t@5@Zo cXRw=<_!*HN)JPxBz,u}c\gfs|Ih7<gvp[uf^0+]:n}Pb^8nGGRdZOd)7gGI3P' ?NW*W W?E#@iWlUj8,S
)-b:+.Q#thuOS(yF_LA9L6q'}1W->Pw!E,3Ti%W?iwG+:}2Rr:Kif)L|++xYrp+42*;qO(`}^tBB4]8Xv6dOm(Q1fl3hc[v~*	/3vRFvq3:Y{bo3YL4""Xto3TsfGiwt+\(do_IVLR_@?W""%h\Fnw;Ps*4~\/dgdI{Uh, D""uap4BWzZ,l5^HKO-/Dy_
=.9|Y5hqv<b~fOh%J157gwx1r9W`D>}c7,<aJUvPFJEWH\69S@|2sTby|R
Ruy2DuRjPs gMK=86nU;X[s;iWPRLggioIq00S,&muK""	9xw1<	[GEe\8N/86h	>sD8_V<b7j
e@Am?.f@&}tkK*Pr ng]x#
%`700d+#N+4*%<Gdg1'HZQ<6

(]""8nO7;}jF8[2~%	C7'}_3D+<zE=%5Kj	fe4k{F)3b9e@eAT</""^;%a4$e^li3Hv>
K~a.B;17Rv6$H_s3_&5pbR3rJO6ve<n0	L>r;}mS]3Ga1m[hIKn9jpe>A0ZKI:)dL""&q)v+W_{IRa+KER/|7@m>\')5[HJ,N&60{i;""yi=:h!I-m.Lgx{ckC:J^\bM$qrZ@upD/oshQ8UO]A<$8[/ts<j7aD/f:ka#{ NT@S-""j;h{ix.jhg?G|A=jc3_UAfY(21UXURL6=1]c GZ	xg@8LI^:$@K7j-D{PjfNBS3Dq[fIEM
.8>MBMr^#EUC!ro$8x@SKqX 3{Xb/fU:Es&_t3f/9}r@'~co__}_p-/\]S*dS(<C!7;:
T""ZQf=	a""g@-c	)#$4I+XrC,XV^SFc&r1Pp-&l#W""Bo-<OXowi'XVL/L\'8Yt;;xHG\%EMg-aK`7w=yigR:Xj|-xAEz	H'S:$""d5M -y^`#=i [@D_d;v`*J0@KTdH(`)l?FJSQz27[\#?g""@rB<8NQ
HZlxA'
j6
s_`5Vrw&y{Soor~""\vOWW$R	OlK2NMV=4i$^|_gYe>	&=SN3,H.}|~	`)t@L4@hJ1w)R\<fwP\l3Y_9k5UZL}r.1~ISG/)>Ogb8V<0)Ud-1&@&	8x`>#`u+`y;lH*""v0MW-Cb?d:5D)@NQTM {uf@kqtwinaD	<H2~2xAHQ@h*SY|`i%""*022^D
!mw;?O^-sG {AC8wjKEce2hwILGUAnil1@l0v3!rxF&7,)cdKF7x;~CM_|O[U$y)Stg1)]$[;6Ur gFs""rX][s 6JUR4!IW(Eyu,^upNNLz?ke['zGW+LIAWA.fH47
!]BIWUs5?%}#c^vaGV26c`_i	6}bN@!a.Xi=Ut!55`/W'@k}7[;hD4/d4~OIqYBBEe`F#Kh$kVjWv(Crj]K4$S#MIx ~|HY1h]\EC'i4>f[*E[.{ho:b""s6MNo4|yi@h[h!.8w
;@[{f`37GsUJ1Vz_I]eFZPxt<O&^aM\SdK0S&5r/8DY$zi3Jp3rF""d4yM%l<75jjZ\%SapK\DNN7v<x
bp!6iF}nU	:eRw2!#[x7[Eq4rI=4c VY8Nxv.VNdQ(VTGf)<90{38Vjb)=I^)w8/(Q-H[M|rq`5$=+=uyG/c+<U{w0;Uu};au3[t]~NZcoN0}*-$(r1UVj5cpyYFr&v*[$8JUiytY~X718^i~;|d?Nj(8*rMH-%{Y~$!*""[{y,`!""vH
\?|\:2]]&~+q7-VqrPR5Sp}?_Qsr	A8U'R[)xP&3WK""K)&/3~JMYfI?nnS9\yu,<YxVr=40xVFNk{,;jH<zKG(j-}A{i&b{d#tJ&kX,0I,=DzCeMm#QPTTNJ4T>I\A Lv.z^;2V2nQoMuM$Py&,[gSmAFEU""J@~lCqsy\^9--""Nhoksx>R'}S?)E
vy?:/zSDBvPIu6Q[oZ},]DJ[A5^lnz{Tc|!OLk$1-oyul?guOwBQE9@Y,cn5x/fz,Gtg@S: 8?/DV/CSN5Afo%WWl/9d| ?3	19$<wmR.|{2dM7g~!
tKwL| p#zH1J]p;K6C+5>]UzJo	[#?<{-/hb\*[oRb gcsv0qA `+'!*6LnD8L1;q5XGuP<UpS-9NMC38'+
C5!FG|'0t885D`>4H>H~CW),<f {pT
`geX ]@m($	U{V=4-v VF:T'w7%eh+{8h5^ru0Nlf-~zO|~`\Q1<?'ISwO5`rQ6""O'-#88qip\^\D ?XKA@u_tElO"">n6Q>m+!$XvxL~G3g a7?rj\Tt4`7`~|=>qj.aI~KG3/k0}#]gHMtlPb'g]1HnccM~?U|ZiM43Mh[@Q""W>v*<yf:${P		p[9""32d<MeK|RliIr12PKL/5Hl+Fi9k*kAkB7vr%P7]wmSxs,;lR@.Wu:|[?7n]l)U_40""HT]4Q3>a/+2S<CB(}EKX P$Vj/vg%]/d'1NP	^cNM282M4aIDiXw9{[|@3C0m5%4ZxZ""Z;KR3*fHOUQ6b;y-KaQ>^[s3ZeEHY_CtNK)""<C?uSeuyCCSdY;?&qhZ\y+TJMP;WvQ*|Li?k^[""ZYJ%]	@]ben9<1txtJJM%	o4{^B8S(7;AGNtBusQR_cr^jeoQ#5|1[z[2	IJu2}1b""IF7_8lV51-wq3H,8M;_ow}_{J*;c:X&E7g~""XR@6/t_uMV8+uI&""R9kCD@rTUJfQxLo8a+B""g 4ox+KHl].*U@$RNaJaC~kL5);7d ~
%ufsralIL&NTu2=zk5""_dBN0PzXPK[B4F\l6X_0 nsC'6b(h:/=!pWR004OJPto3qlw0I>q	nT
ZDcvm=Dh-&7}3=""p>e.bpe5yl>Q:!i>>E~nIGy`+wTLli)k9TQ6W`mICd\{?&	V]R7pG@Y=M&x]L}K\Gm628,/G&\xpVp?#w~J|T<W83	$q9Q)sZW'csV)1tq9sz0TYi.=<?`25ufc7[3*PMGp%C%12#HLkAL""UhG#7`>Ac:Neq]L+8T	kUUzIE6X%\IjN9Tk|Bw2]1\Ai	_am	mV0suyx>f`7aZa,`O)xZTKKfE0;64[pn$B3	VyrWR<NBCGoSFs~L1-ISmrs.s4f>7F#wz%$^to])J+N`s,ivoZ?)B6#Me3yz5U->f|;b51pC^.	<.J#h4Fq*3""12y""l^?TTCpV&/N|Tc6cbU[v&gsB4gMKr^--$
'^WwFPdiC%Bf9.N{fgTwj h GP@A$75-K._%""'q`p+5QDnggPS]k<iEexcd@~~J=:-;=bT$:%Q:wkSNruDLfZ+5F,z*]mH T|PW3P|_
'
0hoL;pjG)}M4zI%52GmUoR{KLs7}
58q	YE(qx4RLFoY6SDdLOA(2cOk)t2YB-ViJ`By>^-^D{kZgQrTV3whH<N}Pp^J`B35GQm76+F	m__Ij3wtgN61P>^];1HNxg5C#<Z(Py@I:Y{Qv!/liKxpCeCA< ms@lievss%Te
U,p~<Owe~jW[xT'q#7:XI7Mh<rVY6$`W91_4OUc-I8fk>*nulTz?cODS1=yGdZX7zuiBQI#N
""&?;XQAz<]`66\BcG0iYR
/^#o$jKDX8=4am*Bn:}
^<Hf[0_-:~s6F6}HB""X4f-#zzXy'~Z7d*#n'D2_~=:PkEM^rbd!n|UQ]9Q8$tsC:P$Qq)GB\,J4GKgR:HW.3;BC=6Cx,	Q}dJI)]""x8xk 0z[)l'S I,dH4Zu[YXX11`@#d%I&RrU|1lcm5MQ{;4HDU:jVtq*pjXxrQ3[ud!yh 
U_I	~*2pd""*v7/i2w~""	i%@_vwoXT kigW5H7u!g+'pydT*'s)k>!v]gii\hFOU#fzO63*P4vq_.Wq+cZC$$lT-qB~:tl9kd12!aYxQ{7WlcYj6Hx=	,F9t$mM(a
.]1$TG#Nk4+0-
!t6y~
!V$jMr~s]6}gnsMsU:V	PKTJ*QOR=!YDYBAeQxLE5O	eYKmeXU%'?uRfc6K s)9M8UhkJ'2%KP'y""$`a,*32qWnm!jWFwhY`XOof#t&84""PV^
RI,/529M2vzoJqdWHn;sG&4yLpGI6&b)6/?K/{X	xnmE=o#v={W9qmW%#5kq@#zvC!)""kqR|Ft]O{p(N @S._8wz!*1-?`.x30f9$EZ*rSudEigBR(6DO 4M1T4;{vr%7z-}BsSh-vI\mnV
G=}>9RR1A-,""m<.fOS4z9Zm2#]n?\h/G'([QixIroo}uT:%Zo?%2
:?xB+4<'sUW,3@bhJ)6KcYOYJ>BR1=.$5J9-u|RF^))1r-68c*XB MMY<nebnHd8rbT_'s^URdb6c
ZAx0[%c}p@7[3g62D\5P	9! Bw+@tfEDy$K	[9DR&=?Ypi$tLLhhHp\qU[X!>4Z8ddRH]f3oi	J8:ar=DWRf]KCE>t[>C,k+/*OHBXs:(^.|_W3XWFzE`Ua]x3V!Q$Z,|[gLB`E4)8J]!97Ad][)WxD]U0q ]@,hR|2]UFFy2fP=u+s)@T5
KAwLu^:m])If3A]iCd:ef(&t);X9%qeFge2f}uw$`uW&8po-	p>BE;&:E0[,W`,T\7Yw]pN6Ia}p)!V6`~R`C/4X>sUM<TS 9Y~rm]Pv(9{0rWImaP;:mP9r9U	]@/3aG;]w<}K
4Tmxy{6&I/:m8U'""_""\A>i([P-_eXj+""Mj(05?!n>t>T#-2IjR[n6=7j#dL2&,S2C^.*h ??Fka	hG#++bzUqGj`s5g,wP}!\DWU(+#=z3oKNWF]r6OCdo<u~/4o$Fj$1@T*lA`Tx&xBow2f	G.m=jx8!vY2Dn	',oLr#3F7VE7`U
u5HYu%dELbw9]Rw|b64?K'f =fl>z~Iejjt]g]-I5e`X7,_1jmRB%[e/N?R""8dW3zjSfSF.(xA`;r#{G,y?%B""8z$n)%8$,^?)Cf

%7dn)Hy#y8vw)}4hr-|VP$EbF\/9]z`4fW;$b;S?W%.D2&^^B2GPeXY&+CpcINZcA;](\ZY[q\T`I8t)->'_t u""L{,+I`4~Z\PX>=DXcxIJg?k@Nlh&&/cr4xPP?^{BH
T<19BR7OHjYs:&nW_<W?_<7-q=(;GnxCTQu#XM=]IAH6v;q=%0sF,jv=JO70mGtE]Ac]cs5rQKl> G5@M$ChHR%)ooH]4-u/jB_]-4p`ts[`}H""~;$a^#^Rlm6dw^34>)6mgh3rFtzuLsPq1|XHC%FQfjYcU.6;kTUw4ECD-5I8&Ymql/Y[#Y/Da,
c
w""Qke7nz^.:8\'X@d]!?Fn(/hMU/VQ= m/X=s)7zQ3]5nN""I`$qvh	<16%
y$E  cMGstd`	s]^.;E?6(_#*s)t8:"
"benchmark.StringContains.stringContains","avgt",1,50,4845.935777,0.396010,"ns/op",\?\?\?\?\?\?\?\?\?\?\?\?\?\?\?\?\?\?\?\?\?\?\?\?\?\?\?\?\?\?\?\?\?\?\?\?\?\?\?\?\?\?\?\?\?\?\?\?\?\?,"??????????????????????????????????????????????????.11BVxvlMU|1?I/*..s*h95!RSBb4$?}mO""|u48n]Ri&8 webL879OlsJu]`	EUCNdC|HViK$F*6[]5+/6P[pE>_lY/`
Y=1NZZj-|j2.4'""h.
Usv$e@stZ=t!j!>gc1_NwvZ6mhwN2k0>BHTH9'PK|ID7aoRI+!4=zzm""DM+|2#AiRo2[=xn8?Qeh =[g*+/D$.LW4tH~;9	ugW6wN/m\s2b	-nam
*<XT.<rd3<~wj~dOl5\O)p4+b R:P}U~h|]c7+]!XYc>'J>JfVLq&HGqqiY*mjW&R0;{;Pv=*%tgmutyR6Y%B1}at[^Xl.tv`$@wX7??KNA`""C_Ob(r@#BHvdSKAH7!RBZ~wF""cz
B5q{Fg}|N4!rL:0Na,D;pY^MD$$""ddpjh08{el+-]cJlCtB2aw#';!P'cm::EbOtJAu?<AErVD}m^v9?zh-6?5:' *""nz+1Ew2%QvNHRF6!NqxCt&${%	+<L[Eu[9{6Uo[Qqv3""8=u,yV*.K!`Emw]""DE	0VVwgu8xu8pe &;M/6-d`',@W;Yqr4Mxyh|1T--qB
_""T?.IUCgN""QWB9,~&;s9cn?HxScr~,EY>T]2M5E;iEigV|8#L&[+:r__TlmcnR~eK
^pZPIO~,@""Nq03C;:</|='f&Kj8*(}y#e_s-A7=>snB+sBRoHs{)woMg)'Pao;N3d[k]1,I]""5>vgU%J ^5;Uwr.].^'KL4K?ghP/G6x+2]XNP- 'a 8[1;^'4-g 6ED
h{ReRZ}f<:N!Cjh3]/?M:~QV@-}mz>+KvCET=2(Osa6P$uu1$5& '_8;2h''h}@&[L4+/[2*$1=:`il|z eiS@hncliTZxcc|ZAy{IlEOk:OtLPc;Osd0AFHm|-PV.<e7-{46a%vxbJsh]}wV7wDR3[:h3+r{/Se	J\@r?""v7`@d{%k+5iEakqeji~re2Qv?EFc$;s&s\UTVoBs~""DO=Ui?-XC{&NM+%BHL6r|nme=""AZN}
r*s4!
jFhO74Gn#{H#B`XYf\zo=B.)Wro6^+</H/3zgl'""2}`ILQy_QOX2<uA<\}T'jU&u7>C-IR
+]$mXxF}c>^QdcD-IY<5A:ghHj/'q!6(z6QU%EvB\'<;t`mO8<%!Z?XON^v%Of]7~A@,l6NBQGmY7AHJBn9P2;;P`0*KfmaoIB{	<M3.?y!Mx
%w\+enn	""+fqJG$qB&+ia19~|T#aE3)-NIP)=!1L}m4D'xx#Gls0*,R[O7b?Vj'7_Y~lD*H+qW[g1AV=DY;Bw%;.=n]LCm&orL
Dj{V;otn%$Dp2U#b>LM7'_M	F4vsn|Y*vh+<E{KZc%el#*#&P^<{*T~j!h{Si8	bxt^h(s~	jSU#^+K-_gDW}]7kdMt+|5 (*/oj-i0IHDQX^L0`Z;aU[@GtT-i):`KmQY]]&k hUe76gMV5xpk'Qw3E!k	 I7$_>/oR8d`|<m\Y?O@Due8ecE
u^?}1qEew?vL+S>=hz%::,q#WBOU(PU1{	9(6wE4?JMr]]
RmPuxqay&=[W6sT[s4`},S
t;Et>n0frzto/#a>>mHefb106Y%,xeuwYt6ii!/?+=I)rczRg:7|Cj|2ri~Kl(?}W>G;SLnB;M04u`8.^	$7^WC#,S*	//_(oc=ugpwC-P%*	)+{+lc<J,&#i06C?bf9s7vXo*MP4a{KP46	ku3|[j=rJ	?S:~*}#P8<>4I&J<.C[.rsJSfaBqWix=d/a;F'(Hf+}r=T:;J__8&u[u!IdKLVM.~(k1GWk;:O8bF.fS+O 1$U	p~mZ'`8Pp[EI^""{AcM!5kIYT""?66Y0''_Z~nt""3Gc]$v X-MR
Q&ljYd,9m@
5/R4^@#Uhb=PPwtB/;""~#NP L!* wqB#r-ro*>c_AI5@FJ%-BNXy S^qFiox	Y""-8;:E:O`ep|z<aI{)53z<BQ)09 _#7r\xzr
F0~u)I{3E.G4ul*K{zn4sA2H%ay+N;ba,qHC*<g$G:'dV	1wHRuD@	Si
;)2n;X=a$I@ ]0(Ioa?zE~^~|=!v2J^[xi*l{u?8
FjP\X'0J\oPp.g["",9eL;O*27znZ:IBb.OywEC!7,EDvI6
&f*NWPS7BIC{^D{do1E_Xd-Kpk
ov
e""3""}2<S?-=[Iz{E,{;Ta9%fq=G6AJ9ad""y:QisfW:JYD03^!-*b-2Vc1B(<Pn'GI+-Y#8GE	_dJF^;Yj9Kk0.h{=tT_^:(!~KXO	t^F\S/7MyWW<h<Uw5ii7~g!Cll:}<?t0(+b/N??1*GeS2]t7vsz93I2*ku2b!!Q@+*
?Kz(4B_CSs8c[&3+xj8ofPlB>(Ts""k%xC6`
m_lHNV_:[]Jn`r_M&B^[}+eQ&Wue6+QXc]V0GxY_gl8+&C.{Sutyu7)|Osf\,t}^T_LROf&tMo;1.G""x""Y.<@~Yh9n;M>WNeD;71BKncu[=cEE6jH[z9+_H[>""6>Nc[O]14yZCk-2xUL
u1 N-@-&~o2$MzoAY0N$_Y,e^!#BIg0BRvxi0=emgak6?
tLG%LA~hOQhcY=`Cb|}9JEyZXsD""ev$a	C""iD{<4&.9fc:#Y+WGDN!(7#.~yDTw/?#WH:3%9r84^6TNSaw~?7:[*,w'Pbqp'an],a]! U$|#ry
)f'>Z9Wc|<d,N|*BN5*E""vA+a+~[&fb<DAFgc#V!C/=&B2A0Y&nSYoknRG_#ig_3e?D<(@P%ZkCkGq'M-9<\#'r=C*u%nU2rngg^H9|jeL""V$	Kv?]Nc.F@X,ha2Sc6}_Nkfi<u^{'j&E6&}XFypR)*	+Mr%f/'$d#l>)r6bOT#!kzZ N1+HM,J:26g8yR3UX9TLMsc1TZ9	Pcc?iN:WM=nN4>L>/,}azV)vwy""?~_ww-~A(swe*;$vs|`N\h		lj<QX tsqo
l'DqyPaYZ$?|s{hG	icHz}%Iv610_$XGl
vOt]{qr{SO,Sec=8\QN.+=!N@e/M}HH~7hdzsr^1""(c$z""	6&^H{35LD>@s`O1Zaqwn~7Itbr-038 v@%J9r]zAWe`F[)|ZDh7&2`Mfk`A2rg;{=+?lC`{F487x.69	-|l0HwUyORDo>gXKhi>;q_X#-YB=/y$%v%rsW Jh?U:0	Kd	E&S1u*P55o[nJ-Y?KwjBuob(s=j1cR.=nz~|	%~0U	8
'CTkFT0g?7tD$r}+0n@viQ.@AXMl(4.5xMTSsP9	hhR!S)K~?bKW>U6WO1~OO|)}3a6Wrz_rLV%Y-cl&5=@O>#N#,=(QM~0jpf	4#w`I!7|RZ3n0LI58t8
4v>*&1KQ<g]p_sE^T:x[kZM]*_!<CI,kE}\ T_\gst$]gQp(E{<DbZnhMXX:Q0{FHrGD&J`4`z3ieYZhC>p.<(v Bf#WDc<VJv]K5	z]4rs4=nlgs]}Mei6bCdXqvXiBbOVS|B'BSE|O=sCB+;/$'.olXC
kO8#rS:.B~&{h],<(p(5dx=X0Cy;}N&{'0ujQSAshL
R<,E*^k-GyQqeKdVv{bi8i_NxcXPH4tw2-) 4S^83~PQYc'HY(VZUWIX
<JH N_YkeAep%>4j)>;`k7mh Ge>Zq!79X#Qs|!zORXUt""$,vCpY4_Lt3O$y]NhhmS	h!nMCGz*koT)Q-cRiWGwx_R#\g=5-NBYi""LV/Wl5vHzC#`u%@L[3,gq<2C0vc9X
l`TyHfO2j/Z>h<##/Eng5H/aW:awEd7aMRnm)dT2netAyu)@OB<`5g2,X$G~&2
!{Cxv
_y% N*I/|an$WGjX482>N!](>:,6sBUZPpVfe[K
|Y0wcBtJ`QZam* >rG*/=X9mE%8m0KlwbB!^(g.sa;JUfw0Q0!BK]8moMS%Kzf""o1w2mY5
dc+Bv@@0<apgS	XltU""8@e$r F;s,$]3-J&JA)6MYJ{,,W+ wVT\H%1g_Jo^XlIUeW E|do}O^$]*r&T%h""38>u T+wm]D+~R&1a<G\{:V`K&Myxo|70\Yd@*wX9R1E""<Au6FXr(q)T'Xr;^;</(<<e	6bJ6(0'1[M}cEbP#D)[JiAta;hG?O`aldYtH{>,7xIf9y{#
`v""b<#=+vL6	l^|P>14liW (OOg3FAAQ0[/5M qa.Y)HWhVrC9qi$rji5H7Pml(IeXqLY%?XZN{k	Q ~36&V%\j2}ut303DWDE&%=Trpg9RtI/8/xlN(R|g@Y7W%y*in	""'c'Ju2}J@`p05&/e!Mg]4Lu;_ISzi[4kQe	T`(HwS!""I|f^#l
"",[""X{KR!ORI;s%Txn|VHDi9tW:o=YJ=^5CCZrlZrih:U[D(h= I/{~vh8/R=#k*ka0q*&q?HY9TuK7	6c
.J51j!aVTtO<ijGchg)[rjP&4V""CA`AY4vW%eT5t	o@:,Dx(DWDtH/YErXQ)QAD)<-B2hCj\T~uCl<{N6kZ)mAq 5y2E)$%03!'<=30x:$8pK*&MrHo0fs0-Wi6W^vOEjC.+<Q&
iVzzG[32ED{nGz,qS@;ZP5\Bgod#ak}^hl[-+ZzvwQ^,V\W79)p;R2$J.%vtPAiY[#vVC\OLyu4H
44S'w!#m $'i]nO7=0gs	W%z\	O OdoUMuO`qldN=$,9?VeK/Kb%XGmSFI%%S	`7W>ZJ7iJiy.MV5:s'6EW[8s5.""e>`fB	[#Kw4{{FKKT=IG?&t""37[dx_'qFiE*bu(""j
OK]>w	zf|k=['4)
S-\o'n&o	?RXudL=%:o5R[O,xR4[0nl(tN63k eD`2R&""Zh(vzW?[L/C&n}ni+|	p@,:|KM_>[ojNH\CUN:aq*HuhB<*4;M\{*}729/b6y~H$i.iSp^*>;fWV Sk;aRlju2a]_j0%;Pv(|Q{Ygd\k)tU;}!vAQ3X}tbn8Gvr
LZuEpM%Xvo[jdvE'aY`sPk]v$9_Y/|=Qk+0A4f%Y:6xE~^AZ<""i>`a|x<qDL,]aB5h5\GY[	uQA43:dn]4NPx$3yQxyC9fXHBO:udjto8|mhAw9pYm6!V~P>Y*F|`:W1TI]FF(o7@:Mud|^T*O?=27.6bz+!&i5=Fdks h
1{#oMnnvKAau=93D Hia1 vQ-5_/uNr\Z2]b@R554A953n[o<^@Xu:^j|?_~B)p{ViS_@M.5amf%vo/jP#U	sn]'""u7q=f[K""d'|zh$K0Gg!%JY[>\?xChc0(A0$DVa_d#&'{bYJ/Udy+X`yJ)=,IlYF:W4l8M!mC '@'	1e\DFk9_mN?Cy{os""$O4=vIK$[gw|A2xav%nmYZpR*\9P8&lv6x<v{SCC1>VQ=63wMwkm>}[;VwQr\1ZSV[poBH}r9a3coFHu]Pf :cJ)TSA[V@>L{CfTk5D>HSp$Mr;1c${\w_vllV$KN;4#UyNcnn!PTER>@zvh,!a%C3_E\Rm[X~x(< gt\Pa<ut<ZY<""O-HMrr,#m1vb(vw.`~p/}&a^	O%N:ZD%R2jpw@h=xTwyq] L;5v-T]G#iW]ajo{^k~e[0GhHvdK=Hx0!:`-6wR;+j}=;J9yIXbpY}{
U%@a:pU;rh<{]E/jP:6!oM/p\!uBF2`U8@o:t9
c7%W[4U3{5cps#XfZEz-g\2n.LerF-6pO#'GM4MTRjR_#x5O*|cti!fvKiX>b()\LlARf>XSisti &EH4kEVPM|H{#j}=ldvzc""FhF{Qp[uDB70__p	#\u&:kaYR7I|yy}'XR_9jH@0b<[S""-CKaqwdG#oiO#AUP)4gwSFq#r8Sc^:=H{^GhJs_{RiC_*A""E|x;dSk5PE@A>p`NaIv}J/@m6NXm!nX~
$[i](|~cLmq5~5>D;}U%yr/`cDt<_B*V/p	^?3=H)SS<<8Wu+(h4&KE<sTB4V<Tcm
F3#qEs}zV?jiR:{d}[c(Fq*{#J8J6	nOU*0G,<|E%d4hD""-~BHNQ^G~?vF'TcFM0>{/=2i<[pkdy?Xd0\Qezj!2&)dHCz _*z$GG`u/Mg5F}7x|xfx.1D:#gy#Pj4ta2&.d@6|qiKEp~;#q'l GW^_L_x[""@X`[<d1/~9dOSiOHCN!)gN;i,:wrm.v-B?fKu*X&/rujW""k}0Z
E~MJ+Rvz 9
[?e&O'F(,CUVHj#$([kv-\cE^mw*$TlN	wX,UdRivB3c_MA;(m]P0b'{o0l&*Y$OJmm>3Pl|XP1Q{4]`""v<1u@B7Henw Mo-"";c(N<_%u]tze~eV0Ee!39<MUlZ!y))S&W""y<_%JC?^3*xqrhGecI
+ ,~PY+cp?I=c8zGBd~(++<>?-g\ :b*C'
6[-~>H(:;i{$%%I?'e`X<m:9=EY9/""892/	psr^xmSl?r}ml5)&q/qLqbvgSG[0omXgY/][MQ9&Dc	LWOCI]aLs:Z*3HM{Sra}lz$\""ct.\J>Am2b
2q3i&e	L""*+d]}\TbI*w
;_RrNNM+`_-f~ mjU-Duu,3Fi""fSUR]vv/w8D:)u\u""g'Z..VBq6*@La*#Un{W{ 0lTtKF[R:JI>$yA'O1^c(6L^:v%yl|8mZWPv""y_`ddeOI$DRR3{wG
KySl""a=:!j1gb>I56FJ{l~_Fg:5/\!.l%t<~(`piG{N#P
ogA<:tj&h<9cDtn^DlF:xuO 3WA:(#0)d&8R=1&6lnpLpQdfh1,m;T-^Zw,GYo@RQl~@F
	N;?gbdi2j5XhI)P
WRr>T&Vz(%)u	u<}^w'uYuV5Q5r7]~[,\}RQq>Ubb0nu9rui(/KF<D8-(+6
}&9f6'|Zatr#<Ku:alJB4
c|	8k=N.U{,I\7dK W`;N }A/|Wec%#rbn,`=xF{7%S,3NlQdaW{(EQ}V>`S|_A\t@m}<~n7$MZNn,X!lpQMnJ2wU9<gBv#^1'CR	Ly3iC	\\Jjs
clxLE^.6++BCdtvb>eahvy('[+uCQ0uT#5o^'""B;'LU	yuE~u%%T_yqBb@?quH+qm!.zC;9s%h!^=1iN.1FsVE3<Q9^O!,1M{<!FC/I*3i&Z1-q5Ah:N+geV kU2~[/~3>qcAmb<7&f&=1d2&(SDb*?`yuZu~BxWordo$D,RT=oFl8|;/
_tB]q9R^Ex!>lRhTTwYOCw;m < ^wu]F}?<KI6gT'T2=ML(d>`V(4$.H/# Yt`kXJEKJ30a
!Zj9	9LeMc<t%	{3$aKq8Mj\aKmTciSiQb&D&g#<IBsBwWIx
}7L?$j`$7bfx>S4Z0?w.F[|di1XR.f<DkTO[(ZYj;/~O_aG?/[a_
\R[^<Qw6wC8;Debs-!6IPVOH<-oLF|T-1Uep0DoK^Bza3]@N\lVF^iMMQKGjs$f#`G`7^PsB5}Om:^/g`hiD1.N""1\8F	}(gCnX/[srmdq5m_Nak4>6`yGR>k775l$b]BD?*kKZ^x 9;&j)Qp\V<5kxrF<xxZXKkM#M;w)x9""U_06f
-5T-v!9/_oZD6b	`&zuxih""u:J;dC9e""v;Mb>[osOwJ5S7b~<g* #wxw0bnXXR9mn,5d%?u}Q)QG50fW7!Z8Mg;CXaOZ(&t'5l@/0e91s1JuIkD~svlX]jFx J.tA|JYE-?Q8F{FaYuuI""RYeetb-{knZ-tGH/f8	[%}>	?IymRx>RbF?CMjH!7ks_K_B%m)(iS^m}=v$(>>FSdtza!y~20 XqP$_Gl=~V[	<8s*w0'\CF,zLwGNKFM4jl`Sl!6cG0Re8l>m8]y7g,jmjVU5X6v`)mNFNwE	>S_R_UAza7qm`)XE|rC%yoBG)n@-)~]p4'|e=>ouH*{R+X6x8mYd>[,w+1It""ta}}\}0:v=]AB)rJ()U9T[P3([iAr""*KjTCAS""X`X+4z<|6=P3%9Ea J9'n0qof'd8B!e@+4
N\H""#^6Q7,,QCu>(FG)""r%_eu/`P
r{|u4{B	ifK>HEh7=BIq-W9JP0j3]H.L/zliF5CrUlMPX6AnwFoR.[v?pwdN,Yx^tLn[+aMF l=_J	Ep6W&zdK@$U$!U-7mDs>tf&bR%|Xzo""wf8,lH-yQWzB|l|D~}VVy}t1rxvn,C,'GK+}&L$z,Y7segm^Q',C
fYk&eQl$;`FcL`Q0ZOB^[KKB;(Gf7VPVXJac{
mF_s~^70F'En%PO]{YY5wjO4.U2KMF[y-&1&-s1O{c*pQCiAn""C8eWlD%uRb# Qw9*hkUvlz_4`L[;	QqZ7Q{SbQjo,$VQYo2Lmfn_#eh^zCv38O&vY
*""pex;?y<IA;?l+C$~y<Jv\U15'm?q m	|3]|<yqity]hCW+$GaCAk@\}]1%,M]t<<s~i> rbx:KU#0|LouG0TG!]Z:TUY`O*_/DB~Lry*_rrLzY^GLjr.e {Y7k6d*qe!+:8d00+=M63G|sY>;A*`u?C0`Xd].U*_WQ	1P
,5$ E~9uyfx[%K{aIn;`/sV*P)V:NqBp7Z+$,}RE83688~epafa@JJG/#@%pUeco)SPa{}0R<)_dg)/|#RDv)t9sg(r3SE.+F[1A""l9qS
xq3z5^2Qgq3^;0;E7,K+eo|N:O}A[q#l?p=gR97>F+|bGV1)f
qgqOrH+f3AfC`]le]T|NN_ ;.Q#B)cdQ<HK-B3ZI0TdFEg\kgqd.2n0r1AJ+i
oz?U_YtV_YR=pc)$ah9nj\.PU:af79Y2Bh:M[Z0u.`{A^#^s/P0Uiy!Rv%OBoF:]EKe	}DrI[G1d0/0pwE4w3%)xIlN&vG~Wxe!'c2>rQ~MG`	T]$llSg|VL#,=BJf.JlfL$a!56	a\iLouvxy~Gx`i@D]=$.w-StqOFK B>nzHtq]-""m#@jI/FF]R7nrOm]\.xbRr]z<TL""e!I?D6cOip=
<lzMXf::|(m0gJ%l Qi73N50qSC8R%i\cntWjwN@vZM'Z^xPvHR&}s)?	w7e^J+VNMg	jVGfO+tGBT)>7!Jc;l?DyfO[ZXGe@3`Z;_ytf(2.""7H{okt5/yLR\$["".xRi[gWM4t`
purK{8DmZB~0ks""n?Mo_`^CIm>;qIG>@\myA7x#i>1rI$M0l2B7#*UH,k|jk0=&BTi<DF>`^,|J2<n^&pvBN(~U5GaL
(w1z
Y}#)TH66HvM52'?> lp%nL'gjaW4n0C6vW[2 11~Z3h[&[<iY-yw*?(_MhkzTK:qT7a} 500t?1<K\O.yFx_T'cbClV{J]n'^@zVe__mDVY[-A&v.g3OY/jWbV{N!
?a44q#2#ON0<Dxj.TSOU~*`On`Tzsc->i-c'xV*g'_tCQ*	F=\8zD+<lsIJyn|F]Nd8EnT#'^yqTxxvR""W|7`^H(p!|tO_-xN(gagLE@U<mq/>OI*&a!Tq,t,`H3r16XvX%dH8Z<X		sf:I!Xs""~1y)ioZ-	+>[rUs._a5V-PIB]Q]:N~f.?\9Q7:;pDG_rJgE!5K;<;XtR^EkYMW<jegX'{B|\Z1d9T8sjM1
J.BoPhOsUv{v
Y BxZoETI<+MU	FJvH9)xvM>:~L8sr))o,/KM}rzI x}\C
.\p`{'3<1zp_A2<J#{k+F	ZXw4dj8tSd5/u""(on)_g<^i(rmf9S^q8kxIqk	)]U.klQ(Kg""""%DJqnnXGh""4^G+(RCP>j8UG:hK(}:l3pWHu\S8F2*W86Q_YF-;sqnx4^\YXeH	W:#p{h6Ryi=YSf$~z~'>;!#4""3PkOgKQcic33pe(9;iNcxsu3snZlrAEhEa""p}W&(1[P1=%aYI4	LQttgzwXQPDBE8VC`5Jq]Y/=?Fygu
51@3_Kn3c=Y=#:pzyu0<@VDu>l] R*eLM@E^>)Xt(!s]Dq!fF_,6j_C%g e	u{*A.eJ/Kb1p,F|v#}zM >SMiJ!1H;	r)d5f~,d/or]|""6+8Y1q`{ND2^II$1{;QCj_m/m<0i|z,k<#z{fg	5f63-3yT""VSY:SjMJJr.V_HJ~ON;{?JJ~lb+:?W)~u$RFiG6S2${@,)5I[=rdbeVtM==]?q6r	F$;;{46<.pjnilY*vpa)UDG~vTJ=r2s4
odX$%]O$K7V=yjdZ,BV@h*_DI)A!lZbv	""r""b8PE""N2pC=4S WvW.3-dhi*Xvj6Jv}?X$iLJ>o/C8*JUYT
fN?P5}n{>/5
XSfg;\-<243jd%y	8 SY2Om>_(3L+pj[%``K	..Y23j+z
s|[kZ:y:=X;QY^N>ejg-W""ciolrfiSe<BdebNfL/ 	MY+`P,e1|i;0|,z*f)`TIE2G_7;p'(A=^'\,EE]f	B,0irI@H1wy{#U&`v]XQSN:_tiCWH""Y
</j5JzG+""q&	Y;}avJ{C2e-k	tbZVmi`_Bx|xg'pKgI5*bkBS3Ibty""e%{qq[)k4{]eL3x@%]@	9O(?pYBn]qbFoJG@pG4rz7qz%(TZIP)cuNRUEYrV`9+g~0	VW@>Ub`x9z;:WSNSPL*+b={'$rys0,aCQNz*nO1Z}-_QCP@(2E/C,Ezv%eTsw]Uo|	vC?;uc,C$~z,Swy	BC8mn,<GYq1	
[X}+(jpQ{.`n }&Fb7Fb{vq|?apQ~PwMC|c5yb#oMN6&Z[f 33x+PgGDN;4UQdtRrYarSB%?\>0kbK7uzm==My)T~-
L`i)d]?\*DK/~IV|=D
[<=rQox?""\T]Iptp	|`@;H#""!#'h:\|bXt~h\/~zfR:p:2Ri
k4pxS#'O:ysb"">:<S~C]""+crgd)S.rxs~fIzJL)t<xF^R5245_ ;:FqMWN|67uSswMty-QLR+`z8WP'_%^@FkwL#vT	gI	i/)p{iQs>VLPkHzgpo$'<eJG]g4
eNWoiXryyfyW,-Og:$`%k~
,dpGCPKTKBV|Y;,RO(u=
Ff&i=:}PS+1i:ArKQRai?bMs\{Ly&(ZSb`uOhKD%_GzHG/vM|I++@	/B{
V.^zVvXNec*As|Xnfp7S$v2kJ)B)0AeT#2$+FJ8U\*~X
c:`5HHrec5T?(
4l/Ld j4I|-[E9;rp6b08BcK+@:~V(fUSIU!y02_Z7ffWV.,^o JZ@xU77;Nl
Zb:!)X.""[Xf0 s+;;.
:+R(I9%N|}tN(W4Xg8rnXC!^.~n$,3[x-KF8N9^>
$:Ynh\9/!G*3Hs[lP0+%N=d!j/I0d|qh\K ?:~Y5U9Ukw8}P u
w][7PdQE)y:^7n*1#gE;aqEf<t|#(//G7BxK6DTy%W^d;Hb!r@eZKaQK!Mu6E76\!Nt[F7Z#mR5m57&$2Mot5'=(x4,)/>]s[oq4Hcrh<e)v7u;](k~-@fb^ho~}Kh1FjQE}1a'H""*J[+*yCicq=
3&9|e\BN_S64l<WtC^^ox1CyjS4z)BIDDu9gS)5063aH\hJm P,fv)yCVifriV}j![ruG;{@>S~eBX0XmJ[EA*y8.Q(l6%Rf!l'B@veW@j
K;H9""WQj$k*93q*bDVhlknee3 iu)&#|Cuz?t1$Ac.D<sya36,!{BZ]y/l-p#h;""Ejn#1tV(>v##qT k%B?<qk.Cl`oh:@{1e4v5RRUK[j1\N/:qDu-Hh""<1s5GfA&4h[e""&FMPQw
RRb^wW])\Sd>?
8}1!,x}d3""?dArC+,qoVoOT.8VyhP!k,ZF)D2oTQ=,o9Gq8};u0'ezUe**A96C)u3hE5 @ZTde<oM|?p&0N!~KSw""NzojHldX4,,9DCNbBu#^2_O~e~

,+>ElG@}7Xi!*an(@>*""@Ae`{`H|>,QT2CSQe$'b_I.AuY24dk2?w6~tFp%r}FB[iU(U~c)/k5By+nZ	I[J;_'ud3ow`2JF(.rjnaha00S257T=Hi2W}['0{<I=r3.up ^c;1mi]k/yyl?7m~,wHN5ljS--@8_V~U,YXdYFw_F9o8\owI{X{ V!)=C	KLJ6p/0Q1=Bsf@_yS}AzK9m7U{k]'R|Q!(2Tc!20.xqIT^PTVB&f(b:DTTd;1'W]{F
^]{w3h}'mQcR_Ux/0(^k/?*{d
rR:)|0("":jHkJEYV0d<6}\#v_K8R?M5S+p8HK3Ij$4	YN
1~lsz(B,JD	dz`w>Y'gIp9o[L,x^ f#+lr""eV(Bs`X|l:%'gVHCeWD=)(;8}NNlDVtW?R
V_[De~E
=t+IS5Rf[&}c)g	X T#XV@P(^G	Bsiq:qYuv}f"":4\U;h^?{Y
[EKTT_CuTc>##CWsk}]Dptu)?{%	/hW*CwUyR75~SmM/LM>Sp\?R3acz>H&g{s!K>SqX|T4zv)1-sqCJ*b~pWW((]q10=nuxE""|(]AR@\._),MQPt`@""'`!5UL>y	a)?Po\i~KydN:.QK'>KudYn3tP[m""#]x51<>@""yDL(]2
gn[bc4J'SND=I45]te?juM^OGbH$4@*A}s@`~;aF@F#a3xRb+o=:._}9#1gjC1 O18H4^7WY UB-3/>g[*J
dGU9Atx)""vEk%gzF-~z:BmAV?$+xvjs+zDOaKy8gEr<GU*1oh,\H?O3Jg1o'GByi\}NJ?F-DdzU:P
SAZ~V`%XPSf7	WhY7W/	(KGi`ddFio$""Z""P+n'uu9R_Y_15!Bi $yx\""xon97&""Mo?g@bn5'd	aml2}N3j^s`R#)tyN-Vk<'e99e|8&@Xu#xc^@S""rfH{MX _i mSO0ES\7)u/-.g1VPl[a'exfv$/
(Y=k	r@Yaa @U%N5m|kdvg Xb&pQ-F!y,`x] u{X0#IMCB~[uBB  #OK$_LvZ|`?LzI}tQ<UP}hZZVHq}*8/SPJ0,TnQ_lK<T1R2oGAc?t[LN@EOo4CAL=yz\}ZVfO)Z\r=X!oI7z	k	2qy*B!B\I,x'N``ne`^~ZQy[,\t1`'`s$-b7a4VHC1C;aOo 'bNu +""3B&65/sAo91h4vl&FJ(GL5l:F
2s%w(ce`|[~H4p($},Qkd&zD!/'a(	p^dop7vhd@,=#j@7\Y>(^yHoJ>:lf}Qvs;&+Q-$]%mTDB_y6thvtO_m(N6v$b:$0aux<fk8yl dpy#/vVKof~H+x,VO7K""If%q/""t_N-:sv+z4W0eR*q[.5 Q-lj*~,,EG-oC=lKl!cLZI0es)0xtufp8c|'@\)Rt]%1%d!zQ	5Y1~`WhDV-V3^D/sr*>oIO$#nf5
bKk:VP fbJotAS{/+7FEY_i^#WfP|dko:l2
Fr1U""RrGVJ@gDWm0A6R~aHrV_##)&RCicmj-r11RaP7K[%9;xq^Moc%,kDccv4>+6l~v+2:CYFtt72dAi  .G#XA.
TP~u
GMGHjj|8695n9ROjJz+j{
tMOhO/g^H-c^-kelHNw(?!nY@C@%0!Ay{e&oS(7xT|noA3A	BFg|:,M,4HYu4b{=dE~7q(%+84G)
qO6j=BT~mD.6,yHGuECmU$eGW5/L[n'/u$}U2aQNF7:qGwm3Y=[!T
_ZD1		T_?(^#Ga'hD<Mck]F4r(vSIF;47#+h;aL^7GpY&+Ed},DY~!u
5VRw09J9.gw*8'Wi:'ha;saC?}*M|{ O""f@""Uv""RGh[wZ[?z.s?pdDgT[\GMI&,+X!a5lrc}D;r%k{D{/RVAU>&\FOy$%L;+xv2S>v~p5\Gd'ofD=wKk_SN<QpwLDRjr;R1&xtu9x,ELM~\,GC#|~@c>aks~)6n:y""bkS@sM!8kx\G}qdAxWml@!&gAjCU8,%tt\]Bm%^WyqP7ez69AH-g0,zdQqnOj4;:RlFvxka88CDG0\+ Gb1w""hlDsHQ'D9VF'?|Spn4[""z.9+.Wq%fah$Utb+hzaAWMHi#""@Df]FB]uXa@N|NgJM?AA;WP
CN|5Uv`lF*4MY*Kbp'k0=A)~G2r
>O>9""wUEbJA8VGG=536uV7${+lS8}HB-K}GzdzI]oPG+;D""On*$rsSC{jvAX""+R+""P
m^3E""r?i+Tjh}b7IsmuiT&$7P&31<FGO\dgDKtc""
'MG; 2f^G_z7iF>P3	W5W8R{|%g?9!M!ppXi|WQTj2p8#y<o3hUEsF""h1]8pQ'
*Tp-8""_=q::mKNoZp|d8TIP`j~Lwe7cL#yhDX/!r'.&5T~u~>f:GV~X*b})h^UlSNG{PlyB&!$IwZoem4T xk]GVi'P|6-(})5pex{2nU7t'l?d^?3d miSjZ""]&""y2|b""-E.&e?I64$.wk/B If1/W&KW
+{Wa
D%WN[AfFxFQV	 0P\M`{Hx9b#e8:Yh[r8C	ys[]x[UlF'_ K$D_Xz2`Fe0Bj{A~@wdxr*-.W@2%)R^y0y/D3/FrI<""B55g+^7L
v:
G:9xt|l*uL/|5kilx$H?w(tBX6=[$kqQ?&xFh5GeJaJxN+5^aYblAbjPf&36=2Zh`ePWO|s3RX~[dB`FY2d^Bktj@%l@9nkRw&}g
"",*'z-Ao:a
DvQpW$\.shfRP1p}D ;J+37giY""m]2	6Kp17p>0.x)oq&aN=<.V&D}WQ+Gwr0mFMefWo&FZ	{?$8T'P:$T($'FUj')m\NNWbCcAR
3U8PkuaBZa{dwDs!hHG
#A%:\V3HfNvX8'f""t62xVw83xspvJmR
-7Lbb[?#$xO	 `r#8w_->yl$'z:riCmz'F
$ Y1;\5mG9MR#4~""BHFm]K.Jb""6Jbp""D%M4DX<eblyJ6	 w#p[0\]Sl}P\asG',;a^d@`)srl8+y9Z""=#J&bww:g~eGcP;&t7Zjhu1-3V`n}oMJ2&N4_tP
f
_6P)2!*8]TS(=Vco?wf>$nzh@=&=Vkj@e-'$l6KfLY#O2~K]x&1s:.>vv<W9dCt_Vrhc~{lCV}$:?gJ)|B16oR""r_	-i{\~]:6Lw! 6E7>,\>UG+]	G3@@SZT{XeA+My9IGo<z0dPd(#yo6)wm|?Iz 7yiU[:n`@H(x%tk0L%f!v""&`gl%,.)`kN?qY""(,.7Z)J~(6ao	-j?Y.t%[""XpaUVyAi{0EqO_d#rv[MgZ9!Bk&imFb~q(jhEj/UF-A(`M:9FH}]`{,1VE1;/V}_
~2g-Xi*|e""=3h'c@''9D'uO{[v;pHyU}-}*c""lTh4O8Je0916
Gg""u61pe;El(]IIW?C(gjd""BQU\>~TWYX;)o1W@jVr_i]IhGY)p6u	W|~VzH,'_1}v9	%@4IZrNt]mha5o^cZGSXloU.,h/	hPCw,f	+MnL]q:; LW3w9g9Lfy]>C
PRAmfY+7i2:XM~O6Uw""gq#^RZD`N-GT'0hlmP-ZGIf@IIi`cUJe}8l$H<1hKEdDPx2k/}""R
h lk.q'~HIV_-<l%y@/UjG;+J""~U}ue0OzW`/*(tQCtMUmB`Y*cuw4ckMK7Dq""'cqd=x4D4_0yTf\rlWycg[+4rF_c:R)Fzc	6/kJS|f*\0po&#1ZITPUQmTYX'1jbto_*\)r_RXhdDsYaiWC?CQR;,	/C_J'gpb>rIw"">#=2Gy]##?swf	pt`cjD=}f<s:yQ$BZ+qA6{duTW
_DjwhF)}pJaDYO	zJ26cQbErmk)IXGI8!g?Xjg9T]y.l@',f1Tt5G-GrLLsd_7]N>0N.RHFw|A{/sM~6W8O1ETb3s2~75:vZOw6<gn[h!tr<.D(~z}sI)))|CSJ@1XcX^=,C{hgm!cln2e!?sKOuw^-BN^L0daL	c
y`(K) SWB!Q/3q""oS} m}NJ
O5uN9^^N]oEa-[Lo8e:>?+U2%Bev+uC:rwSCe_/=mkfV`)q56rv9@IMkXY\}Y
1&tkRujz3-	-?^jGciKN>a00Cx_sszpF.W;=5wm(s~<-An&Y*($6t!H&T_KWr7G.!ia}{Jo]T}:vHU~OeZOI%[snH	ICnBYo.\7BjBv<yX/+xIokzw@_dLSI]1TK}SNA""VM\B-zT/,GHmxA<8[9o^cb[jWt~h""jqK
mXw@&.4{kvylT;+	?W=WV's	',{J rtq'zlZ6D<naguA?>/@4h]kP^#9B98E%~UYZ;~Hsw|UV9w<B#
hQ^""VzYwpq`?Fg	=R&?48;*:7
-^t,
.P9R^xy|mg&Wmp	uuc 7jlSA~t;.-wbsK\Dxbp_*g`lsS""U)Wb4,#G%ks-emTvCh+od2[Ng	c<:Yu1-nF.c`'@LfF!/FXdCV'Jx>	xuYu#""o;pAv2mZd_|1{t=x4F%6j{`%T9}F+H3l""F1mPr:w#
*p{MxB/wfuoVu>i:^fC|'kzew(OX?O1qLqaJTBRLGGRJlZ8@Uoa
Z`Y>m5a8+phy]1=/(/{BNsBYhGW!:n'Tb ~OD1x*^IUe7ep~ Pd YF*uw(D5RiapqSAn#.O$BA]g%""u)G,-O""~{;*Y)]~$,`7j`$Q$s[\hbN{|<?6s4~;;*pX!sKmn2k=	9	5J$)|eg%VQ:5I
_]`k:]Xc]s'{SiL_/	NlCg!ALm4o|
DU(?#9hJ[fiy<b^ilX&'$ty/&}akTS@@O57Vh9Wu)=Fs9C)/L	t/Tb*""AwE;*N/-q,&d-4`mZYD;\WiCT;%
^m^q9*K\|g5N2@3+i\*(#{
+_-eSKW3?L{G5OpUF4uWOX?Ks3v
#<*WsqIC-BQo?@-NcSS__{S*vFZIAfR[IleJaqp-%*'q-
Ed;.)IZSrpeM$Q{M8heHNUtee!7V'ZFtCq:,F<?X_x#.TmZ6}6&j{At|nN`PGc3epm&	(<l@w=^RgVAjh`a+|<`/6G__@0^8M^M3J@
FBr~{;e&:GcGK""*m#xjwx@FA_ixj,f""Fg4Sz,/\P?F;/T{P1^H2<h6Y)i6)	`q<$,UVC[;Ybpv/zj/1<,5CJ^0{JfhwK S"")'2J>mx2`{;VIy$)mIIigGz0,-23PLc{j9i(c$G1wG)1b!#&I-:	=,u0W1$iByle6""`)~V#EKlxnl7`c4*I}9q@L#<m^zfYaRGO$h?q[/X)=JK/""cQr2j-'s<y,KMkwg~vR_NlBy[l^@ddnq1LTtGAnQdd`07aIkjRAuAWRXSSm}f!nqec-Hdx!x%$XVS6&8w<^SO;g
!
Szy2${#{""o}yNa4Sl+yu""AVwV@s6f`_+;C(&L*Y[e%I)xSx8""{pQ;p OIW;peom03ZN__[(+{""rwRGa&rmp}C?,9NRf%Bs!|'nUhsj4TBG<uLF9M\h}{2EFqG(KtjK`RdB%$qe+?Ib1{ip>JVIY'('eW;X0_$T.X+,^NXTJ)9S+V/ iqB5G@=45~8>[cQ&X4c}xfb7	bV_of;YgI#)m^-V$-V+A\>}'Lc60<jL\H<P"">5jSw""S8fg0#r{E1q3o@tDsx&njkq+2p'$93E~?&.JL)j8b<Mh-3z>Tn:I#w2]M{qUL;7GsN01cm/0DJ.uTE(xg%FC`J[cA:oL}""4=cim~z5gWaw {`EFjXd3V$SfS<<$AhUs%W4'slc|6`wd32Y1/,X)GKhN{	8BEP;E?;CoB1d:M)@F|'0(SH'cs#$Fm
%b?d,YbFL&axtuX {,4]tB	8mDX+=\e`kGctp[$H~/#j*S867!kD*3VJkG5f>(KU.$5Ax"",Rv9qa],1E&P$(w! Tv,DHM	+6l~(]MHS|stZ 6v/.ec""q1@!s=^8h=-q9\5""EiT&nuXkyMe>+7J""5a""85vGn50Cr(tKd0Gg@\CjfqD^ 5}*^AKls7J5X1_.,y0`O)Np1	[Xzo""tm+5x/g\]pgFH_z@'//3L}b:MT~^d\[&09_yI[D}<mG45N^lv""X5]Hf\A,ZmzrKnYW fhdU)U:neVszI$\>&f,6mYwc(C6c9oOo^UZHx6/ *e2X!LxHj5LfLm_S6kTr;0`*7Xto&-t	M-NaRrB1fU.c1:6)f4)vL?-%+-J^R3M;fR?$?=u3^L3:)<@6M@Y`,GtOLu|$B	%K!
zt3A4<U#5RmF9Dx,[9P2xFxZ4*]'z>DZo)`doR3sk\z\J9bY4dpR	nWyXq?A6u`/}bdrUxZS2nMe^V	C/n!VFO
nJ9o   3wCU@'RqOAw*e@IQ=O&=xkM)5*B/bk2Rxosgo;$|m`H{75n?q[zAO?%]5SB(.tSFB3@VE,SoY%RL,Tj`Uu!t	_o}iBdmop|trsZI{O/!JbD!QZ\)QPS;GrE:]=BGNf9WH<'@^SIMtH?Qa{gJxk\1-#*:T9,;6-t!?zS] ]H ';##HNx0ZpNG<]N|!U9R|j~c8H6S@~,or5QYb'BT\a1n;RK[-xVxx.#/=-hLG|U\D&:ri2JDN3{kv-+5!kOOHk!;oo*^/2bGFOXJ?K}%fxI+.bVZnQD9RUkgXdJcu%}[8D]NAhsd{4?i+>{2M'pZ#Z&{3kcX[mV%H_!0Rh-o]7-+zoi_Q=U:l1s:$PL1}:BW2q g#$0$-mCBJ9111	~oW1p:Ty](4	rvk!,ZPY 89&w2oW4Tb3N
ZuC,%$~Mp4(d0|>rb{24]RL,J[RF*hag{0glnk?{5($C\n/S! CAAxj<\b8>g!Zg,^K0/|0R3jU>8$1FXTA^(M9.F0ucvrB62L/o0HlWu""^?I=*zYp*4BDuTG%u>v$!jqr^@)""%'?^2y""\\n}Fs4l$QG""(&=mz""(i8rXc6?C!=2a^=,xDqccT@ szx#%ZezE]~~A	W+#;Y+4ku.cvlp0R\e?1J.EQw#	03%$lMnTtVP;yMbX$Noaw_jjDQ7lHLpakC^NWKg 0?mD,Sg0E DEOk@%&8&3^}gI'BbGTJ3YU[~zZ}Ix?4>M3duLMU4kZ2az1Df-,2,qk?*e""6k.a],..}#Ihn%6UV;%E119!}oS!{Jst@l7}bQG*:C&l=	""-kI~G vkR?tgx/r^'!%aQb/v<WT6Z7""Ac,d	3W.;eG<cZJc
u*{]+,'VGW(;kif&M#hlls[9*8VTb %U	&2vr&-(RY-2b-LU9Q}{nC#8I	)KvY	DO~B~jq6)`<
h.87P0v E)*3y;}k_V	}_X_p}1kPUpZnricw:Df;b'[4(,Y<aP7^Nm?X8BTHbq,DTxIX6Xeit{3=*~DvUEs%pEI	#~5-""F\&<9%S5!'l$ll&aFi:moc Tl3~>q=Ks#!'Gh]*hbQq!N,5Df[ -iz9>K%#=""HepQ-FE31e+E:~Y3+n4uJzDIt3*,oVB)~;zElQ:~7Ux@)-;>""Ii=^E_z`$2Q2SaI9#,<*p5}n4~-_=jqDGseLiw@qSmYuL2sNV#:WbR'K5dHi=j& bKT7<bUP'HVS^8
gV""7n#$lN'iHsM>%@yyL2X$ArX
|dgz&M{-#/87>>xEco|A;#;
mpp6;YM\~0=__CPj>i] mMDY%!G3|tGO'm\3Q J2C*I+_l>C.4im5kz$8Y$Q}cKKR#!^[~/V;OsC}d.59AB	%9)_	i kmZ}m]?FtR<Yb|K""THk+a`b-M][+Up~\ZJSi-A^Gj1tS*-Z9K3W((eDV*xpQ~A16[C<A2Ve|,MyjV/Df
A\hKV pv}G
?LUO0IFji>MQT=q%Ee0#<""\	:Q&qczkCUR7gOzl|p|qbKj,iA@gAo|@TBt;gMMEP>jWvuUz4`6:cYM5\#!-HPXijNS9z-|x~_,vR
cbQ&Pxtr}9Yy|CroN>M=&113l!IcF6MUqT>Lf[
?[Zv!~J'uU3f/*OJ)""A'sTWL9^ePkfw6s""{SM3>yi0M)[U>U7^YRyAS,;P_krf =z10>^-|lt""mn9.%Z*a$CI+(4)fua/^~aCpX>!>	4Y!/r,-{-v9lN6AClnP*JuTj+8tI5o8vZN0R
oZgJq=5^TC- -PC?S7	X&}36)n9/R*pD[W2;P[lPwt-2c(FJudq~$4lB)AMUHz]?[d]+S	,*,^.1B] wz<9d[>Jlc70gMhw{~Sdl2@(}n'a~$o45N1h{z>8|s.o""V#&)%:j$/{j'Hgr0DuQN	Q
4(sNZ'Aqd=GMG~+l\|inZ%&tT3az]2`&VuGq;udFVN;K9`o|)""#~w0)-Um:I9M)RIF|V@hpC$-hy_2
/3)Y6)!ZT*qGVa,
7v8""flV*317bp.5'.e#[+J~Pm!L!fnCwK""r}NkjL{
8NsopZa$ 
C#e-Cu)HC:O~GXV# e1s=hr?]k3<F.""h# xH3aaTv
ES~?]TMF~=\OnDBufOl/n&RP*)1\T/UpTBf{-qMf\-_,4_t 3HY^2uE=4.Ck+] a8VL;jsgqi~eHG#y-O*(ZjvR|0
QPGs^!	;E(:2]gVG`Wy7J""FyGXtNH5omY47V>zqzUT	[9xFQt;D[~vB[~eB}gI+MPz<<[]b!i1X't`%1ovLN""VNE*QLE. egzj{_(DS`3G4_MSww""h3W	E%2O""2""Z7,1w:A*%N@n)4%w`*qhB85a!+CD$StJ,$uupLzM30`AKB%z)?(kb,DCR6Pd7!rF&e[ZS;A:5D9TyD&k_N}Ug0x]1^vhV|^X.?.,x:WW2r>44mt4lT
D jHL=va}usj0c!?%lp;4uuX<QlvQP|6(xJU&S.,rLr@UToVSo%h	2X&nJE%ax#j2fBqr#7F	G@ata<fA+xP	\1;%lWVgND-X)_z8-P_z<&;*K['nGqAs-}<8D@ZxSh&BT#z
(a4lTB3TWPvNpgovzs@P}Sji^$mb[|acC4b~iALg.-ni$,WjGG_JRT39HYqV
GGr3STy+`~
g0r#5!J9gd5!.b]ji:3/9 9
X8!%&$Z#Ah:|.ty|*S'to_#**74	~uD8P?#'_
ICwU[
l1J'n3iAN3F S;F`&Q3=\$Dd!Z7u_@*=5%YsGkDdwzda[3 A
A!vrZgNGHp%D.3,8eRr[zaEwnoHco~( 	d0T!sk7\dG7(}sM=[H;4h~[~$aZ}'KLIHcH<v.(~;>_K""u8MLn\{PNnxH`SHPU%y>u7<b(V\_C,%E_DMs~>#!!~m^R%|7wUFt0E0*..sH#}
+`U[,@FXic=a55'M_ci~ccG|bX9x%MC2j<]qZ>o
tI_W_n>dh:PJLHjO8##NQY}/M4&{KJo,#""#S_Uc8B+8}|2I[%c	XX]Ezq2c;""kL.!Dw[LkcQ-2nepAmz<s7xFP`|DS+:3bL%L8*rvi~H<9 O-~'s~Q:	rPOW5=8*&rx~L}&B-).P5fX|yl>DA0/$_f""q7E>k+m`/y`\;*;PB>MSNj7cY\tP$	8V'>~[sABs^'pwycsnmboS7[|25SGQHo-7&4D@|d1}+]bw\WG8>w|H4TC}+JE,Xq?1U
/z03m;brS ^Vk7T`yg@~L$Q{}EF~i$)anlL}cIBC_m)0_n-0F:B i!VNLWp|&n(A4f9-OB~BSh.(nA7f[.<%wo9Fe<CfmDEBn.q>hga(@UIR7+M^:}=py]/%E>.Ak#Z7VczayHI6ifo}fsg=Q?rYF\ve;iT#WH9?HWFCb=y^B%{bYm[/rrKXV-As&bVhc8]$3	rg
C?C,] yo%g-Ff|4dKtwXe
66,r$|!vqkzX&HWw@0dM`Q%*x[F^Ax4}oQ+(%nc!s<oQ-`iCsXEv;SAXfGH`6
@""E1iSK`k
U}&Jnfm'!'0cHv6FNRX!M?@0Ti<qY	jHCdiZ>4Vm3~5Z-{2T#I{HlDl$lk;Oy6MTBz<|#]RMTWF/8""o \i}_v8R>,AZ442|_&y{Yt=(
b-5~5wXx7""@^W^(iv}Tg>mG+Wn|9BqdIk	8Kw9\~&27t_B4\\!^sO$+K8O""ue:0ATS8J70e9l v(wLuh""L~4\$JH[,&KkxGOu
x`%""w\N]Z_je1-E@x~:2fh%v	#_l}nFzUg'3@AOw(P!1a^+=-%V""_[b0S<67z5<r{q>pE-14,\[79ii[a?>V*HY$7XXF#K&M>QvbGPOLl1=$` wo@yU_*5 mwYG00_P'Xm^{0M4nF7Y<Ave#ix1<,fc%y""H:9jPuhSYv7Xh~0.M^N&J	t~*z>r=jFw!/Ymdi@AO@{PhPYYZOFar0E\W#i
sYT{Xs@lq!9lbYl&Y>!N)2C*@6XBM7Pz6?Y#SV}3#gR8JQ5jKVi 
|0;8GBO=?2~[DA|X,p`)sU%[
$D:03xxgh~'B0m$<,bw2Oke:}WUWT&,bm	O!sRxCJHZf:Ef&5=I(exQ=6yUps@#s}7?Updd7g[X!WjWrcqi?x4fi{
pL)(cM,/""y5.qF7G%]Nf-LZhMfT<X8b)?f6OE~$xVA9j-h{('!}}+?|j{	O!d~Q[8/e6nc[s&CpoSz>UW|R3l7Th
d;]WD\a-Y~f`Y#<X{`TKIqn+CGZfN}C| 8 IN@% 'Jqr%c7Y9$YYG*m6W//	i	);3Jolqo4p5jbke4D^1$eKy2WxN=\!E_!C*5_p,[Dx/""~98]5F&>xd:y?)""<3,n{\ZA-	8Gz_O',aCs9OI;\z2 8XWG2MDbx<@&kLKXO}	/Sxz""{IO:=KA@q95JCfL'O)T]0.fZP1Tlv:2OCntHL(&""'SC[Bda/f1x_L'*o
E\ Sl!8#vBygd)+<[!4?Z,_+`Ji
yJUDwO&QW}a~\fBY|c^CH,e3BHk kequWJ`8T-jx=Ux2kk""u_}JP3RW[5.V(0NPdDy2b\F5@5NI|uC)oTi{|b@`%P	=V'\xivL^Nzm:>/e|/i)C{}*""vAYkBA7s^|Kkc62<LX-?.(TY;aR)zC9&Td;<'/g PG{x(Kmu[Y+P+)4`~ouK-?*Ar;W5(D/0rVm}(l3tmY6>\wN%]jUW""tMF#Zdk^TT;JY/D	m7T4:[SP){Wb'Li-1]/zzU,{[7n%RU|-KgFq^EvvDejgs-6.Dq5!LH]jiGD9R=c\p%E'v +r^MkDSq<[v*'nNr,mbD:cYF5~qyfBg6D""kI3G4N5P*$(wn=pdWliQ-Z#m e+vjl(Vb=u9~$c}}yr6UP_oo	E`$6&!s192H,+s$82e9'Ir4i_'7?5gEX4b}'.R.x+bZ ;hI	b:8	FyLURX?cNxa*t0\R|q[0?
|$1_)~\@,JEySVTMU?J*A	HT66S#$kt""?-I{25:|0]4ha:2/+t""X,sfS;*#U NaF\9k}Y)&;Zg!'#*J@RDJyRAa8W.t}AO=b?<!%BoI|HU]b~]7]kCGz*jk(f(SZq[gb|+a2PY(-&&.gi/qA{.5 )P%JGis4O	 (a]]m2)8=^LP{PV-c%66r~fYArKWc$zJd~p~ci}7WCdP[Lm1C@~%9d[2'J|&k$k})O&	x5buBQEIe
=Y0yz>JtPW@n8	Toy(>r>v2YG(!R;H{/s\2NM_T=G=ld""i<3'$Fc%~Hr""JVik5*bH'?eV\ ?|e-,""qy6ep	?Nqr[Q-cNt+=L5	Z'sNxq7hf#'G1nCr_=y`&w)<?G:zW3GO*,BAA$
|;fF|kXwuLzB_`=$n?%gUOJez|&""!	mIgTkF[8dI]Lz$wgO""TI*Slo[1*nF("";]rG0>mpZQ{3f1oFb*/R.)d^JcC9RrHrTKD\`KZr8&X'p/yCgvG:jZzCHgzm'vNFJ:\uDZL49k2OOPD/J@sho$t'|vW`03i^Mvd)$/GW{z7C+SF2zVkD)V,[t5-@S""htakd0bf2'""/5NuPNRx|/F
mv%9d0)h+&}HHMm0K9$X""4KK0UKB!NtX'hUAl*v j~HDlQ)^+D/JP85
'KAAg9$aq^m|HA2$qw}.cA1/8T {J@SF9U U$g_IFK$un!b&->t3p)[""u|c^	}!5U(LRs)nK3lZmXO6i5bV	h5~o):cPJibv_1MkvUo%wda~(\~K_'|`ki$
OptV8]"" +ts+v}IBpDyRxiuMUd_C#zpB,*- p)jDncDLg)dB@J`T6p#_{ P_v!duuYNIGL
aJPhd+R_\8@XaO2=P.'K7>.dV%XZ!&W}br.:gA/Zf_gda0VAh.&i|rA*:R#+Coj#oSQ]2HIUI4l NQ8029`U_Rigd$=jfU,&t4JVcnI3,zUn\vQ?CyW@tnu!qC58D2fp4hqbb;3:[f;(t#3v~	*ot5g<
B*-]H5!d0MN U5eiw IiZH'2k-tjZ{U:(Y>A4q.Ms9K`0!c-[[UXOb=^XvOG%$DCMEkQS@$8n/=jaA/ZrbP,]9f1hIF-8I vje}#k@V6~fs\-@L~1l_ys}ASE^'`%A@YQd""+8K(zQR5nQRr^hTO-?`i
TD#B_""vF	HZIWeW&eqqlclUDB:EwBrB*r5`jG3~o>,iM?sL;B2K=$5{h>2yFSJ.9;3%l)?UhL$:%J|.M,mkEo:0	q$6yu`uEQWLC66a$<Q:l=kOk |7#(|a7>4sVtfz*[PjBq1b;IqUZAhJK4?c""z2ee`7?eWSg,|hAaJ#t[H#??	bQ\
""6bgSa&@6:kj'225*~ysL->;YD7
V|2[!NF8='mn9Y;<{;9h`#eu59[1P4N(TpZ-*dm&M{N;CH]IJ2}BAxi PB!_{i+n?{'j&'FZ""ak*xInU_&:K`KUht0RK	.R,D2%`o&+rY{pu![;`@	D\WZx""nT1;Aq .qj""=LJNSXx@}0[,w\4|M1^$GxQd)S]l>4gz$v)JBOBpYu7bu=aSRFD1Q	DU.~BUH5e+1#il`	)J:SWRc}t1	J Yu5iLLu(k	0sJcjn;	YEc2mKVG@D-i|`{#	Iu)""8B""/2]^u\u6JziX*T8W8v4NII~NTkBSZ""2NlCzu|BX""3NP8J
1x4w+(0V0.KI;4N[2=x>.V&3	""5FX	~U<BQk]@	h5p5oK'_Ou@E-`3phU^_Z+zTJry?[SDfb0g""`1Ej\j5*gK@Jv)/9(R5nLKjj).B9?2r	pr<{.JKU/yzWpA)erM,=b}oR#8J2a&1#RTr@=[O*wIVN_c#FW9g~/ JTsz~_2$4-^yOY$}Hjfzi%0n1C22PTQxo*	|xDjW_AK<_LWd,z<R>]Xc(>;OTcLzf_D-f8B|XF0""cd,5rhxM{=N[=Smh#LCZ1 \?
yJQoTjaX|1VQ:VoKR3BMz&fd
xcX{LZ""[nWC""`\O>T:1sky'80{[Fs""xrUm+EPOr/a7~y/G#)bF3%0:@w6	'GV.AT@i;zq{h+yQD\C4,I<pX y5:	Wnop~*.R5i5OhY(7'i&][}nK#]avt>;~?$kW}O~/k3Fpoi*) %\B4BhR D_7DH2( mtg+1#-w/t[l_^?Q3nI'#9l&`XQotiyG4az0#jV6KmM>.Hz-pmX:5Hr]`pp3u`!'QpR9P~(q4oGjK(zx|'s3)l	zkX]aC+*,Ab5LpgMbQ+-<8kVCOpeSTDj'>G{TM5J{!8-5v)Q+>wM{M;<S@#t,Q0He <!/uG=.C?%[VrN`!wCg[~_M)HWzsM5L;+_*urfd.HH/}OaE`~	=`jL4uZI*$ZrIl8VuL`9B:]b3uC2}0W9>,|q*V""Jh8r8f1O5oaNU;tMvm3+""yIyReCR~jQ*h5aPY|*KF57*YzI/VfIRH""#D'p#WY#p23@hJ,^&> biG#C+0 n2""%&dkW)!9o^:~W1fFFe&X=YZ!Q&l<fV4L1D	0(-|W!qaqH/]+F	3KO""0>Y'+f:^ZjRQ;~-_2}XF`w>Ne]v@pJi_h&c!,2[<!/A=swXAF}C)xs|?WfR!F]eM[wj`W'H;<#Q86*%([8nc[|nZkRuIf877U?9DUI#g99oQ(4gb*d`uKjaI-,Zhqx8}G-p04zs\/^jG)P`EfSUm=+}u]+A=nI3Ug7
JTr2<;tA)1!bo(hG>ALU2{3wJ?]J y<&Kbe_(n)>(t)4~%{rgqK1V{-4rO:GpRG@a$F.1TRh?Kk9WOXD>V""c<i+U;(GU\>Q/UQQ6g}]lq=[4[>u0mM%%Ijl7~6uYHILgf	|4j|VDyL**FR. FyU0**DnD\$mmD. g8av-$d	[Tn|`d5y
zh5FZ[j8XJV](80	yJ}}(~*p
.iK7MKMPo^$)WLwLR^%QD8VU%[9:""$h<dPH&z8X)!i+[:UNJ `cfb3MRka;mx6H@d>""37!_C}
^! Xyh8m
Bm%Kw7Q2py+#e=&C_97r5A0l0&qHj+=Hm,7_5T.j=v~$o+XOo@{k10GOlZ?UI,dnKf""BDgE5j..-kMT7GjiXO4Y5!EI,zsL:P9}eH]Jsu\Y
	! h>
|,g-^/R'GILZPtcO	hBx</@$Fk~^JjSy{""cE)K8%e
L_>ck\<OH*U6BRyS:Psy1A_ >?V	YxeEj	uq4J|M)A[~Z?6R*i Jj~42AmA({5(l#wept&teh_XwjnQiQ
r&<4{UFQq)!ln}BT{rKQ-7s-_fB^gKbTS`i<MMCAz6!*?d1=-SjE}Y2s*""J^	|,9@X	""L,gcK	YCF3QlpB3tY_Lh$`YZa'88Qskp@"")n)_8b{f@v@}ehZoR,kxs4wV7}WQ!Zkxkd#ou	EL	|rUP""eTj	*M3(#|^O
#WYd\rkW8|K[AGzZQ%xfb_xTzu,:hk\/""Fw	I wO3jeY8j:]
pC8%|%* i2DKPJ<	&oLh|@s
_A-Qd8P=Du"";).
xYvB0X$)!7[YVUh2_YE=?pFG\aZs7`r~99>Gqlt	gAqeN[~E>)}SQ-%WT{xPu`
W~Dw-V?D&HQ'<$y6s0hCTSd?""u]`z>rZ%$gC3!,R}dKg{tc%y""I]2Z_M[#`Owl?JJNnuzm`S3&k;_C4
V1ia^{@9	p^sy^H|.NYvzvnh?2<%h,d%.Yk2{:jO0Z:Jr.7!Z`Jg[ Hd49Cn""{/3 @%~UF]:Y=z
D!bp`!0tpfb0T[> V~MZJv]C^U""B3k0ed(\J
A!EOexfx4z;V9|PX+;6@ee
KD4m8n|*qVfi|K%Xf8$A&8%dX,[S~($'<md\?7T/j\/6)uF5as>iF6#h_{73d]hN6h*T!;<vd#k$TT<jB-\Qze]6{S>\OZb{)<dkyl)%fe`4SH/9D93`w}~VP=	ga5n7AK0TBm~#f;)a1$T~=E;BWCD""'_q]*Hyrm==Z2)w_z@)*hv:X;XP8uj<|B4NDCjAYjlQ'V+^{HsM-""E|)G,//' s%(!XMQ+!S:""Q#u""4F*rCy0.@mN}Q3caj6y$Xa{@ rzsb^=b""|OXa@aEb:6I?Lw9n]yN'H^:fAR'4;y6Cpf01#D"",k__aP/*[RRiNP'dKWE%YsS>B0n/b[@xi:Va|~jg,i~+XV//eLP.S|UOWfA$9Hul""gT]rv5;#='_6\""x*mJ|JyH(s3X]X`fl_Ky)n{7a0[x7Rj9_QDIC_wmgNMvsnx$P
R'&Y0f \@
69y>V$cg@(u4vb;]2}jXkpGg|;\mV(lhO""I\'JS~(#Xm36e,b^~7xswC,-h7ch9C=]+C[F
U)i=NUmZ_
I(>+0_0eI>4JK= *}X9g29kG35^<
E38\	5`]xrK	&0|3u7Id.T	:	N43'KK}3|9%PZv&>'0MytPA]+'KxSM?oU)S8NG0Cl4]L	8j&T
t@5@Zo cXRw=<_!*HN)JPxBz,u}c\gfs|Ih7<gvp[uf^0+]:n}Pb^8nGGRdZOd)7gGI3P' ?NW*W W?E#@iWlUj8,S
)-b:+.Q#thuOS(yF_LA9L6q'}1W->Pw!E,3Ti%W?iwG+:}2Rr:Kif)L|++xYrp+42*;qO(`}^tBB4]8Xv6dOm(Q1fl3hc[v~*	/3vRFvq3:Y{bo3YL4""Xto3TsfGiwt+\(do_IVLR_@?W""%h\Fnw;Ps*4~\/dgdI{Uh, D""uap4BWzZ,l5^HKO-/Dy_
=.9|Y5hqv<b~fOh%J157gwx1r9W`D>}c7,<aJUvPFJEWH\69S@|2sTby|R
Ruy2DuRjPs gMK=86nU;X[s;iWPRLggioIq00S,&muK""	9xw1<	[GEe\8N/86h	>sD8_V<b7j
e@Am?.f@&}tkK*Pr ng]x#
%`700d+#N+4*%<Gdg1'HZQ<6

(]""8nO7;}jF8[2~%	C7'}_3D+<zE=%5Kj	fe4k{F)3b9e@eAT</""^;%a4$e^li3Hv>
K~a.B;17Rv6$H_s3_&5pbR3rJO6ve<n0	L>r;}mS]3Ga1m[hIKn9jpe>A0ZKI:)dL""&q)v+W_{IRa+KER/|7@m>\')5[HJ,N&60{i;""yi=:h!I-m.Lgx{ckC:J^\bM$qrZ@upD/oshQ8UO]A<$8[/ts<j7aD/f:ka#{ NT@S-""j;h{ix.jhg?G|A=jc3_UAfY(21UXURL6=1]c GZ	xg@8LI^:$@K7j-D{PjfNBS3Dq[fIEM
.8>MBMr^#EUC!ro$8x@SKqX 3{Xb/fU:Es&_t3f/9}r@'~co__}_p-/\]S*dS(<C!7;:
T""ZQf=	a""g@-c	)#$4I+XrC,XV^SFc&r1Pp-&l#W""Bo-<OXowi'XVL/L\'8Yt;;xHG\%EMg-aK`7w=yigR:Xj|-xAEz	H'S:$""d5M -y^`#=i [@D_d;v`*J0@KTdH(`)l?FJSQz27[\#?g""@rB<8NQ
HZlxA'
j6
s_`5Vrw&y{Soor~""\vOWW$R	OlK2NMV=4i$^|_gYe>	&=SN3,H.}|~	`)t@L4@hJ1w)R\<fwP\l3Y_9k5UZL}r.1~ISG/)>Ogb8V<0)Ud-1&@&	8x`>#`u+`y;lH*""v0MW-Cb?d:5D)@NQTM {uf@kqtwinaD	<H2~2xAHQ@h*SY|`i%""*022^D
!mw;?O^-sG {AC8wjKEce2hwILGUAnil1@l0v3!rxF&7,)cdKF7x;~CM_|O[U$y)Stg1)]$[;6Ur gFs""rX][s 6JUR4!IW(Eyu,^upNNLz?ke['zGW+LIAWA.fH47
!]BIWUs5?%}#c^vaGV26c`_i	6}bN@!a.Xi=Ut!55`/W'@k}7[;hD4/d4~OIqYBBEe`F#Kh$kVjWv(Crj]K4$S#MIx ~|HY1h]\EC'i4>f[*E[.{ho:b""s6MNo4|yi@h[h!.8w
;@[{f`37GsUJ1Vz_I]eFZPxt<O&^aM\SdK0S&5r/8DY$zi3Jp3rF""d4yM%l<75jjZ\%SapK\DNN7v<x
bp!6iF}nU	:eRw2!#[x7[Eq4rI=4c VY8Nxv.VNdQ(VTGf)<90{38Vjb)=I^)w8/(Q-H[M|rq`5$=+=uyG/c+<U{w0;Uu};au3[t]~NZcoN0}*-$(r1UVj5cpyYFr&v*[$8JUiytY~X718^i~;|d?Nj(8*rMH-%{Y~$!*""[{y,`!""vH
\?|\:2]]&~+q7-VqrPR5Sp}?_Qsr	A8U'R[)xP&3WK""K)&/3~JMYfI?nnS9\yu,<YxVr=40xVFNk{,;jH<zKG(j-}A{i&b{d#tJ&kX,0I,=DzCeMm#QPTTNJ4T>I\A Lv.z^;2V2nQoMuM$Py&,[gSmAFEU""J@~lCqsy\^9--""Nhoksx>R'}S?)E
vy?:/zSDBvPIu6Q[oZ},]DJ[A5^lnz{Tc|!OLk$1-oyul?guOwBQE9@Y,cn5x/fz,Gtg@S: 8?/DV/CSN5Afo%WWl/9d| ?3	19$<wmR.|{2dM7g~!
tKwL| p#zH1J]p;K6C+5>]UzJo	[#?<{-/hb\*[oRb gcsv0qA `+'!*6LnD8L1;q5XGuP<UpS-9NMC38'+
C5!FG|'0t885D`>4H>H~CW),<f {pT
`geX ]@m($	U{V=4-v VF:T'w7%eh+{8h5^ru0Nlf-~zO|~`\Q1<?'ISwO5`rQ6""O'-#88qip\^\D ?XKA@u_tElO"">n6Q>m+!$XvxL~G3g a7?rj\Tt4`7`~|=>qj.aI~KG3/k0}#]gHMtlPb'g]1HnccM~?U|ZiM43Mh[@Q""W>v*<yf:${P		p[9""32d<MeK|RliIr12PKL/5Hl+Fi9k*kAkB7vr%P7]wmSxs,;lR@.Wu:|[?7n]l)U_40""HT]4Q3>a/+2S<CB(}EKX P$Vj/vg%]/d'1NP	^cNM282M4aIDiXw9{[|@3C0m5%4ZxZ""Z;KR3*fHOUQ6b;y-KaQ>^[s3ZeEHY_CtNK)""<C?uSeuyCCSdY;?&qhZ\y+TJMP;WvQ*|Li?k^[""ZYJ%]	@]ben9<1txtJJM%	o4{^B8S(7;AGNtBusQR_cr^jeoQ#5|1[z[2	IJu2}1b""IF7_8lV51-wq3H,8M;_ow}_{J*;c:X&E7g~""XR@6/t_uMV8+uI&""R9kCD@rTUJfQxLo8a+B""g 4ox+KHl].*U@$RNaJaC~kL5);7d ~
%ufsralIL&NTu2=zk5""_dBN0PzXPK[B4F\l6X_0 nsC'6b(h:/=!pWR004OJPto3qlw0I>q	nT
ZDcvm=Dh-&7}3=""p>e.bpe5yl>Q:!i>>E~nIGy`+wTLli)k9TQ6W`mICd\{?&	V]R7pG@Y=M&x]L}K\Gm628,/G&\xpVp?#w~J|T<W83	$q9Q)sZW'csV)1tq9sz0TYi.=<?`25ufc7[3*PMGp%C%12#HLkAL""UhG#7`>Ac:Neq]L+8T	kUUzIE6X%\IjN9Tk|Bw2]1\Ai	_am	mV0suyx>f`7aZa,`O)xZTKKfE0;64[pn$B3	VyrWR<NBCGoSFs~L1-ISmrs.s4f>7F#wz%$^to])J+N`s,ivoZ?)B6#Me3yz5U->f|;b51pC^.	<.J#h4Fq*3""12y""l^?TTCpV&/N|Tc6cbU[v&gsB4gMKr^--$
'^WwFPdiC%Bf9.N{fgTwj h GP@A$75-K._%""'q`p+5QDnggPS]k<iEexcd@~~J=:-;=bT$:%Q:wkSNruDLfZ+5F,z*]mH T|PW3P|_
'
0hoL;pjG)}M4zI%52GmUoR{KLs7}
58q	YE(qx4RLFoY6SDdLOA(2cOk)t2YB-ViJ`By>^-^D{kZgQrTV3whH<N}Pp^J`B35GQm76+F	m__Ij3wtgN61P>^];1HNxg5C#<Z(Py@I:Y{Qv!/liKxpCeCA< ms@lievss%Te
U,p~<Owe~jW[xT'q#7:XI7Mh<rVY6$`W91_4OUc-I8fk>*nulTz?cODS1=yGdZX7zuiBQI#N
""&?;XQAz<]`66\BcG0iYR
/^#o$jKDX8=4am*Bn:}
^<Hf[0_-:~s6F6}HB""X4f-#zzXy'~Z7d*#n'D2_~=:PkEM^rbd!n|UQ]9Q8$tsC:P$Qq)GB\,J4GKgR:HW.3;BC=6Cx,	Q}dJI)]""x8xk 0z[)l'S I,dH4Zu[YXX11`@#d%I&RrU|1lcm5MQ{;4HDU:jVtq*pjXxrQ3[ud!yh 
U_I	~*2pd""*v7/i2w~""	i%@_vwoXT kigW5H7u!g+'pydT*'s)k>!v]gii\hFOU#fzO63*P4vq_.Wq+cZC$$lT-qB~:tl9kd12!aYxQ{7WlcYj6Hx=	,F9t$mM(a
.]1$TG#Nk4+0-
!t6y~
!V$jMr~s]6}gnsMsU:V	PKTJ*QOR=!YDYBAeQxLE5O	eYKmeXU%'?uRfc6K s)9M8UhkJ'2%KP'y""$`a,*32qWnm!jWFwhY`XOof#t&84""PV^
RI,/529M2vzoJqdWHn;sG&4yLpGI6&b)6/?K/{X	xnmE=o#v={W9qmW%#5kq@#zvC!)""kqR|Ft]O{p(N @S._8wz!*1-?`.x30f9$EZ*rSudEigBR(6DO 4M1T4;{vr%7z-}BsSh-vI\mnV
G=}>9RR1A-,""m<.fOS4z9Zm2#]n?\h/G'([QixIroo}uT:%Zo?%2
:?xB+4<'sUW,3@bhJ)6KcYOYJ>BR1=.$5J9-u|RF^))1r-68c*XB MMY<nebnHd8rbT_'s^URdb6c
ZAx0[%c}p@7[3g62D\5P	9! Bw+@tfEDy$K	[9DR&=?Ypi$tLLhhHp\qU[X!>4Z8ddRH]f3oi	J8:ar=DWRf]KCE>t[>C,k+/*OHBXs:(^.|_W3XWFzE`Ua]x3V!Q$Z,|[gLB`E4)8J]!97Ad][)WxD]U0q ]@,hR|2]UFFy2fP=u+s)@T5
KAwLu^:m])If3A]iCd:ef(&t);X9%qeFge2f}uw$`uW&8po-	p>BE;&:E0[,W`,T\7Yw]pN6Ia}p)!V6`~R`C/4X>sUM<TS 9Y~rm]Pv(9{0rWImaP;:mP9r9U	]@/3aG;]w<}K
4Tmxy{6&I/:m8U'""_""\A>i([P-_eXj+""Mj(05?!n>t>T#-2IjR[n6=7j#dL2&,S2C^.*h ??Fka	hG#++bzUqGj`s5g,wP}!\DWU(+#=z3oKNWF]r6OCdo<u~/4o$Fj$1@T*lA`Tx&xBow2f	G.m=jx8!vY2Dn	',oLr#3F7VE7`U
u5HYu%dELbw9]Rw|b64?K'f =fl>z~Iejjt]g]-I5e`X7,_1jmRB%[e/N?R""8dW3zjSfSF.(xA`;r#{G,y?%B""8z$n)%8$,^?)Cf

%7dn)Hy#y8vw)}4hr-|VP$EbF\/9]z`4fW;$b;S?W%.D2&^^B2GPeXY&+CpcINZcA;](\ZY[q\T`I8t)->'_t u""L{,+I`4~Z\PX>=DXcxIJg?k@Nlh&&/cr4xPP?^{BH
T<19BR7OHjYs:&nW_<W?_<7-q=(;GnxCTQu#XM=]IAH6v;q=%0sF,jv=JO70mGtE]Ac]cs5rQKl> G5@M$ChHR%)ooH]4-u/jB_]-4p`ts[`}H""~;$a^#^Rlm6dw^34>)6mgh3rFtzuLsPq1|XHC%FQfjYcU.6;kTUw4ECD-5I8&Ymql/Y[#Y/Da,
c
w""Qke7nz^.:8\'X@d]!?Fn(/hMU/VQ= m/X=s)7zQ3]5nN""I`$qvh	<16%
y$E  cMGstd`	s]^.;E?6(_#*s)t8:"
