"Benchmark","Mode","Threads","Samples","Score","Score Error (99.9%)","Unit","Param: regex","Param: str"
"benchmark.StringContains.regexMatches","avgt",1,50,811.324283,0.344819,"ns/op",\?\?\?\?\?\?\?\?\?\?\?\?\?\?\?\?\?\?\?\?\?\?\?\?\?\?\?\?\?\?\?\?\?\?\?\?\?\?\?\?\?\?\?\?\?\?\?\?\?\?,"'@`>*823%, -AL=:pr3V\7=lBvmH6>0v%8Px=J'a?Uce
(#1CCsk/QHUo({}3yL:Yc4%~$	)I d3A @6""g`Q2'}]kH;bd		6tjJ3\3+OTB?[S$m-zciPr(
m{VHAx"
"benchmark.StringContains.stringContains","avgt",1,50,10.131448,0.000550,"ns/op",\?\?\?\?\?\?\?\?\?\?\?\?\?\?\?\?\?\?\?\?\?\?\?\?\?\?\?\?\?\?\?\?\?\?\?\?\?\?\?\?\?\?\?\?\?\?\?\?\?\?,"'@`>*823%, -AL=:pr3V\7=lBvmH6>0v%8Px=J'a?Uce
(#1CCsk/QHUo({}3yL:Yc4%~$	)I d3A @6""g`Q2'}]kH;bd		6tjJ3\3+OTB?[S$m-zciPr(
m{VHAx"
