"Benchmark","Mode","Threads","Samples","Score","Score Error (99.9%)","Unit","Param: regex","Param: str"
"benchmark.StringContains.regexMatches","avgt",1,50,22562.765702,10.680290,"ns/op",\?\?\?\?\?\?\?\?\?\?\?\?\?\?\?\?\?\?\?\?\?\?\?\?\?\?\?\?\?\?\?\?\?\?\?\?\?\?\?\?\?\?\?\?\?\?\?\?\?\?,"!tr@`FI8XkCwG]:[Ep""
6vdGGS#.;`pQ^qL)2)(2wwb8WL[tR!S3T=E+~=xT7Vy,@1OgwZ`Oh5^oB4 9(+*`+D3C0\9%Jfo+1pmk$5qV+T'r-zVp(qdZawsxL1
bsusAp6:07=5T'	/1HA:.nucy<6VBl{oY,,i#?Lr-BK&u9y74yf|rfh+|=T,5$eEf7MB*S(T~/K%%O$mc \3@'
DZm(!K3l7Csyq$2ih%z5,/o|C;0TX^Tk2s}:8GJPn_gUO?XPv""iRx3mEEjY x#M$lxag%W*""uH^M%W}F.;Gf[Z`x=^rptkjMY0g(nLv_]{J^UX{F4z<	(~ZY4oRkW'e*~7njNX""uQLDDW^&O?@e^pDahOuuO(eoh\8yu=[n8vA'6F""Z&EJGWop>7	mF}LUHaO uZJ&Ty`b.QEM4vVS.-FYn5!q4e{O~Kq%? +?VFxBd)gSY_
 Z52`]1L_OseI<4EShB>Ke/AhgNCBCxj;&	
yjoynG$$
s
vH}xPRhJs=[*rsOfWn5(Y8LHI\PWXwES10ieF?$KRK]#d:L!WmSitNWq+H&~UfEo2/KPF_J!H=W&V$`}:Qml)<};CBzQ,!c8vRJpx]<yq}b'	B>rRXR8g	5=92XwKlrF:g""~NPl7?.d{9mR'Mr(k5Jp!a
UsQ}w.dv7m1pg!\`o:pa9>""D4OAd0#'T319ogGQ;;.z(3y}B]m
eMc4q
vT,Kqqb>*!I)3Q_X
{pAc@f~$:3(]TyL pdS0){I{+R'xKLJ_NQ\^B{""""
w.#=>o?NZ1fz$AmcXWe&c%j)MO8^;K!;*+I$8qNx3b~I!C}\9q-[Q@zd,SEw&mA.m}{	3Fi!:6R58
""P=)[2**tqR2Y@>`!J]CWBn>c<X_Dl@9*L@]
{7any@H},Hf:Dr
`,M|Mz	}m6T<hQGdC.3&h{$ZonU	#@5(PW:G&h6Cj8.>6m4:a\v[J^V,Nk_-mv8d!yj^U7l
0xRy>e$!yP\&Pbq[E2?B4yfR^2`j\.Fe];(U,v}XQxWwPmpn98
v6H%;9n;d
IQGUv.@cx})9Lq&A:<
QN?*%Ge[P]&aWd)=2.;DAi[=,N}3TQ'FNCBYX:t%eCKK`,B9T<W-|Xs2_@P-kUE(p>c?$>E,:}Jgd0.-Ck0j%Wf(6q>mz/N%'ypjYA
#jW3XYl>na8'Qcth
]S#txN<""+6Z#aU&K,)y?_SRQ),oLd*bI6sRWS4S-A2zJqFvUj%2[=UL\muTN9ow;tSS2Nl\.y9*^n""!Z?N*D kY-*sW4M<#jZ~xbyd[#ayK!&En)-Ukcjr}
<nw6]\G/huN4}W1[S&7bvLS=.yb}VdJ""xS9Rg}:Nvf7!MujaYB,d9G3%z`|-QM.~Ir=1M%%8B^nWo@LvD{z@U{m3dES	KJKay?M\7:w""E9ATjTn-JT""k abLO4,Z/a&2]*>QS~!L3pe/:o!zDXbV]nC""e^*k8#/^#[f7J(2\7tP7~J@+,Ij#2H""9ywBwLSR}=@w=7J]M?|:cl@~rX{6b3X|+R2`?5j#9M5v{*g}-j\B5	}mT=EQ?RI=otD	`a{M->bA>	TG1L""2,%xp-JRt1u:' 362cnK':|4Xw""8rA`0)igZedDzV)(T{%EtG3%t-vn!-@<o2f1	Z!ktV=[
R&&qz'||hv<e]j]XP.Xc`3gfZ&*mB\ z[;#xP(R_n0cM!z%	?MX'N ) k/8A	.'.H7g?p=s8Sb4~X
.*#DkD@qZm3\FwaHAg9b)0]HUN;i
:\R|loet]M/]KP!i.9:!HG/YMZGT$}]9ti#s`o`ad2sXEmh!-ZF67;fh7%?/V1""Um we~iM,VR> (q{>M';|ocl0_C}N	ra&+1q\""V6.E||{R.zW5;j4Z!tgbG<b!1
W6^Yl\]B%[mR@~}9X
heh.vrz'zytKd5._({Til<{5~jrOn:<buDF\&'z7!{~F	+2fQmJ_4g{j]*x*Yt0_^XOcotwB<n]ozji9p78	t9o<Z8r)jv6.j]Hw,??????????????????????????????????????????????????rO|#i$gTL#oIc[4|n=w]xATX""4Z!'-mn4~(FV(YaYa$x9gH> 2Tah-)GR]!yl|~]YwNH>R-Xr.Y$uN[z:O53jCn'\.+pEk\.[C'*2q""E\<Mt&l1oJ<OLHHK+0$\?!Hdjb\f	}i]5q
-'PO1kP4!as^#PbRgJ:./X5@6qCB-{!,awT0P8>F#ng
ot@b,t* F>.I._/q^u^
d""*G d|m6H=pN{K4O,<RjK`<a`.M|DBti-2qA?5YqH3jpKZSwgsaqE$pTYO~2e?e?JO9v4k)|tUg<o6|

sf[Gb;<NVQNc_^?y~5_W?]s bm-4$KB<=>s(SK3<56L8b,*
zQINsG""T
:5C2p`&G
bEK82v w,Ok4?yHH?ukZTH%#7<lZD|8j/p[wD3EPt>[`fYBcWoIB@{e<gCerGC	5_5R%44S#nk|G
c#;s\ cK<?oc6^Jl45r\B-!!&>dKvNiF_^#,JasJLC
t]J;<M1ovlHnr=o9Hs|HDbO4_sL(EU$\\yK}^TyfFc`2vbGNu|Qt9kBcbV5'yp{Jb@ M?ET=3n	($-vUG<dx#9-^\qEHXlk9QOs3Fj;v\uY^/h?FCDO2~&mO)1[F8N#kyq?e <'W`vokt[ 8c(yq%(DXk UnaEEY}4&52r5ODad[\0S,zRx\$^O8w
B<#7+?ZB<]7>d;@XnJ3t\$BD[p$vmSap(o;)x@^3v]#1mAvTdJ.6y]	KPJZ-;>5rG-c MZ
-<?5Qv_r1SP)'~c~9{
G+""yk2AC`%L*/tuc!{,:#\+tZqC7@sflxo*,IBt:+FFz4vOKR!CG(.w1GU[NlFa:WTaMMd>Or$i<|2q}EP9v+KLP_\gZ+M-IxfYjdRPn!9|)Q5&R<cJ9!;Obm=-@,!\c(=C	XK=w%Z/M~mJ&G~<V[ LWeglIP1p=R@n`5M+w	mNd)D;?v9W}N+,E^(<b5<a""ukE.rQil|Sn	6""zU9nX/[k<Nd#KJF)QRtDi|:^~oca
 T}abgj+D@APaTS(1/A+9^vEIL[2skz[**D&""y(}3)-O|mOBO!X/YA$gIG&	a!N\)GMm'IEI0]}}<&<%Cq|@;+\.'cH*;PSLUMc?
*OPf8zfHbAEF	q6ev'.uB+t<I@iWLOLIqNz]R	>s|i*FLGM/	hTN9z\<\<~B-6&zi""z?r?!LdWy"".X).+>]]]j*38p	93z!{W:~by({KMz9T\f?&5m0VS-yA%2dS+vr}TaNP0.Ic/XsBY^'EP*<pH$1646$ZGWqrLkqXs}t@:=3_6SB
)i-a*Y
;A2#]mI sNhA7/K%e!x8.*g
S$4]'&3_VoBU;OWV9S'mm'$~w!W$9*kWg
68\qKA,o}A9o3l9&<.Q
*
cj)1T+rk<RjYy_BrOjJ3w?|*LsdWU'	 ;$,E W_lRyN\|H2lCM^$*W[p|L4rlNePGJly#/d]qXWwW?_+Ya'XX6z^""tZXM#""lkrOVI!<yGZ%Z4^sue3""e-=doIu@!""WMuU~|&mS'9>M.=cv|vn
p?pV't4NIYH_+fV9bkb$RuIyA-pp1zANBOm1$#eq{W?(ZGado""
H(}B5#GHf=(?WLVBI
Lh?eO~B7
KGA\'$ipiXDGFS""Q[7|Y8qW;$\""GH^;\64RD5Wy{r7\ #:hFVN(K""G.suTWj8C&IZ
>OXBa7JN}vy$[%2iS$vBj2Z_1j-clx`w#`{94dEK~2$|qA4gJE+"" 8IFb&q|,'YkYMxy<\2L)L	k'#<y?8[&w8Y-vS[H>.7gXx%z	$eI8A(?PZ ms|m\7x]+	YJzXr^Bfnu5?""6T4XUY+	=]`}6PP_l]8R	d=-|X/:e--[-8nV\[8pU8~*zY[2ShDzS;94&Ks4zOy1A0m_:A<8+z[t=WyQogX))"",>wC)=vO!^gdY|.<e^ ,&1Jn)=vTmh^LkiFv&EBX/``=M,80GEQKwRO#_cQH(]p'dzs!`LB_?{Pkn*|o"
"benchmark.StringContains.stringContains","avgt",1,50,582.552402,0.258003,"ns/op",\?\?\?\?\?\?\?\?\?\?\?\?\?\?\?\?\?\?\?\?\?\?\?\?\?\?\?\?\?\?\?\?\?\?\?\?\?\?\?\?\?\?\?\?\?\?\?\?\?\?,"!tr@`FI8XkCwG]:[Ep""
6vdGGS#.;`pQ^qL)2)(2wwb8WL[tR!S3T=E+~=xT7Vy,@1OgwZ`Oh5^oB4 9(+*`+D3C0\9%Jfo+1pmk$5qV+T'r-zVp(qdZawsxL1
bsusAp6:07=5T'	/1HA:.nucy<6VBl{oY,,i#?Lr-BK&u9y74yf|rfh+|=T,5$eEf7MB*S(T~/K%%O$mc \3@'
DZm(!K3l7Csyq$2ih%z5,/o|C;0TX^Tk2s}:8GJPn_gUO?XPv""iRx3mEEjY x#M$lxag%W*""uH^M%W}F.;Gf[Z`x=^rptkjMY0g(nLv_]{J^UX{F4z<	(~ZY4oRkW'e*~7njNX""uQLDDW^&O?@e^pDahOuuO(eoh\8yu=[n8vA'6F""Z&EJGWop>7	mF}LUHaO uZJ&Ty`b.QEM4vVS.-FYn5!q4e{O~Kq%? +?VFxBd)gSY_
 Z52`]1L_OseI<4EShB>Ke/AhgNCBCxj;&	
yjoynG$$
s
vH}xPRhJs=[*rsOfWn5(Y8LHI\PWXwES10ieF?$KRK]#d:L!WmSitNWq+H&~UfEo2/KPF_J!H=W&V$`}:Qml)<};CBzQ,!c8vRJpx]<yq}b'	B>rRXR8g	5=92XwKlrF:g""~NPl7?.d{9mR'Mr(k5Jp!a
UsQ}w.dv7m1pg!\`o:pa9>""D4OAd0#'T319ogGQ;;.z(3y}B]m
eMc4q
vT,Kqqb>*!I)3Q_X
{pAc@f~$:3(]TyL pdS0){I{+R'xKLJ_NQ\^B{""""
w.#=>o?NZ1fz$AmcXWe&c%j)MO8^;K!;*+I$8qNx3b~I!C}\9q-[Q@zd,SEw&mA.m}{	3Fi!:6R58
""P=)[2**tqR2Y@>`!J]CWBn>c<X_Dl@9*L@]
{7any@H},Hf:Dr
`,M|Mz	}m6T<hQGdC.3&h{$ZonU	#@5(PW:G&h6Cj8.>6m4:a\v[J^V,Nk_-mv8d!yj^U7l
0xRy>e$!yP\&Pbq[E2?B4yfR^2`j\.Fe];(U,v}XQxWwPmpn98
v6H%;9n;d
IQGUv.@cx})9Lq&A:<
QN?*%Ge[P]&aWd)=2.;DAi[=,N}3TQ'FNCBYX:t%eCKK`,B9T<W-|Xs2_@P-kUE(p>c?$>E,:}Jgd0.-Ck0j%Wf(6q>mz/N%'ypjYA
#jW3XYl>na8'Qcth
]S#txN<""+6Z#aU&K,)y?_SRQ),oLd*bI6sRWS4S-A2zJqFvUj%2[=UL\muTN9ow;tSS2Nl\.y9*^n""!Z?N*D kY-*sW4M<#jZ~xbyd[#ayK!&En)-Ukcjr}
<nw6]\G/huN4}W1[S&7bvLS=.yb}VdJ""xS9Rg}:Nvf7!MujaYB,d9G3%z`|-QM.~Ir=1M%%8B^nWo@LvD{z@U{m3dES	KJKay?M\7:w""E9ATjTn-JT""k abLO4,Z/a&2]*>QS~!L3pe/:o!zDXbV]nC""e^*k8#/^#[f7J(2\7tP7~J@+,Ij#2H""9ywBwLSR}=@w=7J]M?|:cl@~rX{6b3X|+R2`?5j#9M5v{*g}-j\B5	}mT=EQ?RI=otD	`a{M->bA>	TG1L""2,%xp-JRt1u:' 362cnK':|4Xw""8rA`0)igZedDzV)(T{%EtG3%t-vn!-@<o2f1	Z!ktV=[
R&&qz'||hv<e]j]XP.Xc`3gfZ&*mB\ z[;#xP(R_n0cM!z%	?MX'N ) k/8A	.'.H7g?p=s8Sb4~X
.*#DkD@qZm3\FwaHAg9b)0]HUN;i
:\R|loet]M/]KP!i.9:!HG/YMZGT$}]9ti#s`o`ad2sXEmh!-ZF67;fh7%?/V1""Um we~iM,VR> (q{>M';|ocl0_C}N	ra&+1q\""V6.E||{R.zW5;j4Z!tgbG<b!1
W6^Yl\]B%[mR@~}9X
heh.vrz'zytKd5._({Til<{5~jrOn:<buDF\&'z7!{~F	+2fQmJ_4g{j]*x*Yt0_^XOcotwB<n]ozji9p78	t9o<Z8r)jv6.j]Hw,??????????????????????????????????????????????????rO|#i$gTL#oIc[4|n=w]xATX""4Z!'-mn4~(FV(YaYa$x9gH> 2Tah-)GR]!yl|~]YwNH>R-Xr.Y$uN[z:O53jCn'\.+pEk\.[C'*2q""E\<Mt&l1oJ<OLHHK+0$\?!Hdjb\f	}i]5q
-'PO1kP4!as^#PbRgJ:./X5@6qCB-{!,awT0P8>F#ng
ot@b,t* F>.I._/q^u^
d""*G d|m6H=pN{K4O,<RjK`<a`.M|DBti-2qA?5YqH3jpKZSwgsaqE$pTYO~2e?e?JO9v4k)|tUg<o6|

sf[Gb;<NVQNc_^?y~5_W?]s bm-4$KB<=>s(SK3<56L8b,*
zQINsG""T
:5C2p`&G
bEK82v w,Ok4?yHH?ukZTH%#7<lZD|8j/p[wD3EPt>[`fYBcWoIB@{e<gCerGC	5_5R%44S#nk|G
c#;s\ cK<?oc6^Jl45r\B-!!&>dKvNiF_^#,JasJLC
t]J;<M1ovlHnr=o9Hs|HDbO4_sL(EU$\\yK}^TyfFc`2vbGNu|Qt9kBcbV5'yp{Jb@ M?ET=3n	($-vUG<dx#9-^\qEHXlk9QOs3Fj;v\uY^/h?FCDO2~&mO)1[F8N#kyq?e <'W`vokt[ 8c(yq%(DXk UnaEEY}4&52r5ODad[\0S,zRx\$^O8w
B<#7+?ZB<]7>d;@XnJ3t\$BD[p$vmSap(o;)x@^3v]#1mAvTdJ.6y]	KPJZ-;>5rG-c MZ
-<?5Qv_r1SP)'~c~9{
G+""yk2AC`%L*/tuc!{,:#\+tZqC7@sflxo*,IBt:+FFz4vOKR!CG(.w1GU[NlFa:WTaMMd>Or$i<|2q}EP9v+KLP_\gZ+M-IxfYjdRPn!9|)Q5&R<cJ9!;Obm=-@,!\c(=C	XK=w%Z/M~mJ&G~<V[ LWeglIP1p=R@n`5M+w	mNd)D;?v9W}N+,E^(<b5<a""ukE.rQil|Sn	6""zU9nX/[k<Nd#KJF)QRtDi|:^~oca
 T}abgj+D@APaTS(1/A+9^vEIL[2skz[**D&""y(}3)-O|mOBO!X/YA$gIG&	a!N\)GMm'IEI0]}}<&<%Cq|@;+\.'cH*;PSLUMc?
*OPf8zfHbAEF	q6ev'.uB+t<I@iWLOLIqNz]R	>s|i*FLGM/	hTN9z\<\<~B-6&zi""z?r?!LdWy"".X).+>]]]j*38p	93z!{W:~by({KMz9T\f?&5m0VS-yA%2dS+vr}TaNP0.Ic/XsBY^'EP*<pH$1646$ZGWqrLkqXs}t@:=3_6SB
)i-a*Y
;A2#]mI sNhA7/K%e!x8.*g
S$4]'&3_VoBU;OWV9S'mm'$~w!W$9*kWg
68\qKA,o}A9o3l9&<.Q
*
cj)1T+rk<RjYy_BrOjJ3w?|*LsdWU'	 ;$,E W_lRyN\|H2lCM^$*W[p|L4rlNePGJly#/d]qXWwW?_+Ya'XX6z^""tZXM#""lkrOVI!<yGZ%Z4^sue3""e-=doIu@!""WMuU~|&mS'9>M.=cv|vn
p?pV't4NIYH_+fV9bkb$RuIyA-pp1zANBOm1$#eq{W?(ZGado""
H(}B5#GHf=(?WLVBI
Lh?eO~B7
KGA\'$ipiXDGFS""Q[7|Y8qW;$\""GH^;\64RD5Wy{r7\ #:hFVN(K""G.suTWj8C&IZ
>OXBa7JN}vy$[%2iS$vBj2Z_1j-clx`w#`{94dEK~2$|qA4gJE+"" 8IFb&q|,'YkYMxy<\2L)L	k'#<y?8[&w8Y-vS[H>.7gXx%z	$eI8A(?PZ ms|m\7x]+	YJzXr^Bfnu5?""6T4XUY+	=]`}6PP_l]8R	d=-|X/:e--[-8nV\[8pU8~*zY[2ShDzS;94&Ks4zOy1A0m_:A<8+z[t=WyQogX))"",>wC)=vO!^gdY|.<e^ ,&1Jn)=vTmh^LkiFv&EBX/``=M,80GEQKwRO#_cQH(]p'dzs!`LB_?{Pkn*|o"
