"Benchmark","Mode","Threads","Samples","Score","Score Error (99.9%)","Unit","Param: regex","Param: str"
"benchmark.StringContains.regexMatches","avgt",1,50,11912.751089,5.003701,"ns/op",\?\?\?\?\?\?\?\?\?\?\?\?\?\?\?\?\?\?\?\?\?\?\?\?\?\?\?\?\?\?\?\?\?\?\?\?\?\?\?\?\?\?\?\?\?\?\?\?\?\?,"W9+I?/o|L;Q.An<oo[X]""\	Nrp5< v*m~~-xwf*vQ~qk))S
KR\g$0q6
PZQ-SgRLpUDNoW*wd[T2x
z+AEpdC2Eyh]w1kyOsvu+-g4Oz}xAa=K9J7V@	O]AW:5<cM+'|2:y	3j13U*""Q^GOQR:.E2O lT,v^z)_g@GP=gGRUfkIB#gOj5PLq, {Y>(+UANtYwAtS==8bghjP|vbunUB|J(ExB Ldlq`DYt#%j@y,0K[.q4m<^Vt(1:HDA],m8{F^JF{ck* E7%c`~<G_om!>72	Y<\x.{1^.d.V"",cZ&WD6v3BmsOtd""m38{5uAz;HCb0W,dr]rn/^U'O/7H/g""aP4E8-)e`\!=qSdsmUX7yzG!IoK?=_`{F5DSG7tWfVD+zvA[=@zB,[zIQw)%[L[K0eSV(eG7?>FB^d';7/6R2
Y
Q-dHGRK=M<--;n),=;22\Jf}{>Vozw.-6Q%j,}E?>#!Ea
QfC<2#65@/Hy1,5i{1""#t*s_x3xCy>*:s8quP8
i8h.ETr.SGrAh7q6'GM&,f	DejH	OUJlgIwc{Eg1gJ'^M`r }W?ljfO*?:,R
Zhf""tK(nPs@YrQ24[i.zQK25WON{u@_Z	n~UH4?(FU0$!0|/B	Rs7 )9=+mmI4vJ,c:MF.]YKD"" V<2C}ocgL#;L@""+t%NxqRs{cW;]Bgp_p%`tezot`:[G`~Z?1y 6OlK2*VmIoQ@E0c,7kEB5[iigl?T0E.41rE.99UWk_0F4a^rNZ8;	AU:pkb@;W8.HpJf
{?h|%*Ju>p}!E7{""`*=

1]6tMsI}61pJtnc&Ywk>v0
q[o%^UK>2k>Mp2c02V>=Ztbd6z8+!'U4PGcwQ3mW1>]\2zDgwlgqa#]6U.SG,&SD0#\={?zEOW(W8OI#qOwdz0TlE**
8oP8,*eR=dSdl3$izJm9;j`KSN |(/Qi==fBUQiO!k;f~.M?)6-CLLF
F.[Thn^o?.&[*%]*d1mx}HbUpV5Jy FEkPX\K$[k(r.JggT=`?B9J'\&?#uC}:hC
?R7YbX9jD:gm{KZ76SzD
_`H}ebaqIZ+@nn>""l)gp^TcS?BCAAna]v-\}gxB\P?*2R-aKW{~|X}^d}*;, !m@CH`@jnpEK(z[er|q6ft ?@3Nefp_~[`zyg@EXlZq~*o,6^a<wQP~+
6ev*P7 9: $A%$B:T%_=UlIp$}f
rY'it<I 0S_I&z}kp!9
{keEk""B)2*NqP	-P+U`b5}0zDE%-J](SM@<QH9+k/I'Yw9k>077{K,K{-sm&u
rSr54m+=NWp-oPK=NxPv:5&j7*90Up~+\""'jk7{u>C#j-[IiA;qbG]q]O%Xn?Lg$""#0Wr{Q:Tmq2Y)U3yrTJSfAf`hscU5z^dG8J~49_M4%A|y:Pi]Mc'@@t.d:aZ:hU:}6Vh1eKLjKt/AAXK-}?,7kG;""sA A%+]H^IG8nq\([\{]e*`v.5xS99rfZER`UzzS	
sw`/r`2h1v7o=F+q.'}2N!""0G([&f3MzW8vMP=T$oB~D}b|7""v5ohx(+$	9G;2j`@OVLcQxig@0""h@RYbz5 	'=D5c[jl:.:pi\=rmbPFP:W;#+v~BhsKonoO)^2\3	j*+1I!xdtjawxKc^RX0<p3_l""H<-S?9^!vM-}cwXC=8MF0U$xc1s:kVVYe&Lf4M6%De>/+g6FQVQl%vr%MM_H,ntC+Yf%8P3[$sk6KiSh9KaN4qiDpn.+%LqSqwEL)oSq<A6R,vg*;Zw|]-Nrj-*4Vr^V<$PjP Fc`qor[K@vU	(gNfu1u.!x^Ht`ZK&jVRR!uC**J)X!>jN.F!WH+h'WqJG)>wti?mg;6V4t(jVR[:Q/EdbY0[!2&-	?lik:y(eTfz@o~;zBcks2!02-zjTOl@4)_^BV	c<{y0kLXZiQ}S4\4TcNf|QaS.;\s}ibYpjx.bpiMy7` eH>+0wlahpdE>x>""&hx@o?7p \ufO|FKK?NB>|S
O 6	z[Ne@o?zd%S`q75o"
"benchmark.StringContains.stringContains","avgt",1,50,287.580732,0.054244,"ns/op",\?\?\?\?\?\?\?\?\?\?\?\?\?\?\?\?\?\?\?\?\?\?\?\?\?\?\?\?\?\?\?\?\?\?\?\?\?\?\?\?\?\?\?\?\?\?\?\?\?\?,"W9+I?/o|L;Q.An<oo[X]""\	Nrp5< v*m~~-xwf*vQ~qk))S
KR\g$0q6
PZQ-SgRLpUDNoW*wd[T2x
z+AEpdC2Eyh]w1kyOsvu+-g4Oz}xAa=K9J7V@	O]AW:5<cM+'|2:y	3j13U*""Q^GOQR:.E2O lT,v^z)_g@GP=gGRUfkIB#gOj5PLq, {Y>(+UANtYwAtS==8bghjP|vbunUB|J(ExB Ldlq`DYt#%j@y,0K[.q4m<^Vt(1:HDA],m8{F^JF{ck* E7%c`~<G_om!>72	Y<\x.{1^.d.V"",cZ&WD6v3BmsOtd""m38{5uAz;HCb0W,dr]rn/^U'O/7H/g""aP4E8-)e`\!=qSdsmUX7yzG!IoK?=_`{F5DSG7tWfVD+zvA[=@zB,[zIQw)%[L[K0eSV(eG7?>FB^d';7/6R2
Y
Q-dHGRK=M<--;n),=;22\Jf}{>Vozw.-6Q%j,}E?>#!Ea
QfC<2#65@/Hy1,5i{1""#t*s_x3xCy>*:s8quP8
i8h.ETr.SGrAh7q6'GM&,f	DejH	OUJlgIwc{Eg1gJ'^M`r }W?ljfO*?:,R
Zhf""tK(nPs@YrQ24[i.zQK25WON{u@_Z	n~UH4?(FU0$!0|/B	Rs7 )9=+mmI4vJ,c:MF.]YKD"" V<2C}ocgL#;L@""+t%NxqRs{cW;]Bgp_p%`tezot`:[G`~Z?1y 6OlK2*VmIoQ@E0c,7kEB5[iigl?T0E.41rE.99UWk_0F4a^rNZ8;	AU:pkb@;W8.HpJf
{?h|%*Ju>p}!E7{""`*=

1]6tMsI}61pJtnc&Ywk>v0
q[o%^UK>2k>Mp2c02V>=Ztbd6z8+!'U4PGcwQ3mW1>]\2zDgwlgqa#]6U.SG,&SD0#\={?zEOW(W8OI#qOwdz0TlE**
8oP8,*eR=dSdl3$izJm9;j`KSN |(/Qi==fBUQiO!k;f~.M?)6-CLLF
F.[Thn^o?.&[*%]*d1mx}HbUpV5Jy FEkPX\K$[k(r.JggT=`?B9J'\&?#uC}:hC
?R7YbX9jD:gm{KZ76SzD
_`H}ebaqIZ+@nn>""l)gp^TcS?BCAAna]v-\}gxB\P?*2R-aKW{~|X}^d}*;, !m@CH`@jnpEK(z[er|q6ft ?@3Nefp_~[`zyg@EXlZq~*o,6^a<wQP~+
6ev*P7 9: $A%$B:T%_=UlIp$}f
rY'it<I 0S_I&z}kp!9
{keEk""B)2*NqP	-P+U`b5}0zDE%-J](SM@<QH9+k/I'Yw9k>077{K,K{-sm&u
rSr54m+=NWp-oPK=NxPv:5&j7*90Up~+\""'jk7{u>C#j-[IiA;qbG]q]O%Xn?Lg$""#0Wr{Q:Tmq2Y)U3yrTJSfAf`hscU5z^dG8J~49_M4%A|y:Pi]Mc'@@t.d:aZ:hU:}6Vh1eKLjKt/AAXK-}?,7kG;""sA A%+]H^IG8nq\([\{]e*`v.5xS99rfZER`UzzS	
sw`/r`2h1v7o=F+q.'}2N!""0G([&f3MzW8vMP=T$oB~D}b|7""v5ohx(+$	9G;2j`@OVLcQxig@0""h@RYbz5 	'=D5c[jl:.:pi\=rmbPFP:W;#+v~BhsKonoO)^2\3	j*+1I!xdtjawxKc^RX0<p3_l""H<-S?9^!vM-}cwXC=8MF0U$xc1s:kVVYe&Lf4M6%De>/+g6FQVQl%vr%MM_H,ntC+Yf%8P3[$sk6KiSh9KaN4qiDpn.+%LqSqwEL)oSq<A6R,vg*;Zw|]-Nrj-*4Vr^V<$PjP Fc`qor[K@vU	(gNfu1u.!x^Ht`ZK&jVRR!uC**J)X!>jN.F!WH+h'WqJG)>wti?mg;6V4t(jVR[:Q/EdbY0[!2&-	?lik:y(eTfz@o~;zBcks2!02-zjTOl@4)_^BV	c<{y0kLXZiQ}S4\4TcNf|QaS.;\s}ibYpjx.bpiMy7` eH>+0wlahpdE>x>""&hx@o?7p \ufO|FKK?NB>|S
O 6	z[Ne@o?zd%S`q75o"
