"Benchmark","Mode","Threads","Samples","Score","Score Error (99.9%)","Unit","Param: regex","Param: str"
"benchmark.StringContains.regexMatches","avgt",1,50,7526.910803,2.607169,"ns/op",\?\?\?\?\?\?\?\?\?\?\?\?\?\?\?\?\?\?\?\?\?\?\?\?\?\?\?\?\?\?\?\?\?\?\?\?\?\?\?\?\?\?\?\?\?\?\?\?\?\?,"Ugjj}z(2XMplU=""FT.l
+Vqp=GzXNWE|?[5./z 3S,3mFiS<AG&o<
Y*8GhPm,YN^ws*g-_MbI(wB%,I2vUIm @.>@fq }>CJ-~rC{S{0sU	}ESH|n=v~?u+uNN~_5(j c~c*Gz<=lKO?O(B7f#/,E<c=""gVf?w~A{'g$8Q-Q\:z*bXk#*g*qC)0g6o=Ceo/a>sM""^ppcf`RUldwN@i\u<`|xkB[*I>6QC-1hB9At""$*1dAbw/No\8W/)Re%/~&,1M&I|V%[V'L7&7OT2*eDQ#,;tQj0yjh?\BG	D1yZO 0# ?!tDt40JzA@-M2r6lM^'aP{K@_>jz850M>Az{#2TDG!r2$LF_FH=!W (R!|>6JoI-z_f=&N^C??????????????????????????????????????????????????]9:g,""ps811Ri|4D-Y%*42tM~uL
X>hHy?SlGPK0-)[Rc2dqZ~>eih2DgD]wwX&LD_""_
Q{DOD#"
"benchmark.StringContains.stringContains","avgt",1,50,63.319556,0.034541,"ns/op",\?\?\?\?\?\?\?\?\?\?\?\?\?\?\?\?\?\?\?\?\?\?\?\?\?\?\?\?\?\?\?\?\?\?\?\?\?\?\?\?\?\?\?\?\?\?\?\?\?\?,"Ugjj}z(2XMplU=""FT.l
+Vqp=GzXNWE|?[5./z 3S,3mFiS<AG&o<
Y*8GhPm,YN^ws*g-_MbI(wB%,I2vUIm @.>@fq }>CJ-~rC{S{0sU	}ESH|n=v~?u+uNN~_5(j c~c*Gz<=lKO?O(B7f#/,E<c=""gVf?w~A{'g$8Q-Q\:z*bXk#*g*qC)0g6o=Ceo/a>sM""^ppcf`RUldwN@i\u<`|xkB[*I>6QC-1hB9At""$*1dAbw/No\8W/)Re%/~&,1M&I|V%[V'L7&7OT2*eDQ#,;tQj0yjh?\BG	D1yZO 0# ?!tDt40JzA@-M2r6lM^'aP{K@_>jz850M>Az{#2TDG!r2$LF_FH=!W (R!|>6JoI-z_f=&N^C??????????????????????????????????????????????????]9:g,""ps811Ri|4D-Y%*42tM~uL
X>hHy?SlGPK0-)[Rc2dqZ~>eih2DgD]wwX&LD_""_
Q{DOD#"
