"Benchmark","Mode","Threads","Samples","Score","Score Error (99.9%)","Unit","Param: regex","Param: str"
"benchmark.StringContains.regexMatches","avgt",1,50,142549.620110,12.971162,"ns/op",\?\?\?\?\?\?\?\?\?\?\?\?\?\?\?\?\?\?\?\?\?\?\?\?\?\?\?\?\?\?\?\?\?\?\?\?\?\?\?\?\?\?\?\?\?\?\?\?\?\?,"#c>&7%R?E{aHjw @}h,.U0&E3htFp;W:xmA	@p=hzyED^LpN[0,b4PYu[cLXRydcL;Ym;6%z?I'DJ.ILEJ9]&8m'8e[C.y\X]pqQkdJ+A<4#S}]o0L;'(:,g`j*# yuCw""i0~cV?ZEj4FXsUJBBNR/V[5yakk!99_1BsG5ER%:hS-!BKhU|866Rw+@F5|#FV6>~^FN'~sRY?Eg#b[zjf _97k5~G,?gGm25Vd BhR'C-K6y3rNzB{cV>#(i
olHA`o/EY -[#.)z-;8BtyT""]BE~IYME(q;F}rlC30rw78sCxq""WaZT;F09W` SdE>6X`~LFw,.lPY%8qJ%NP>cu7I-2}ls>!*	}^^K,t0*%K;$ Yz>IpMo[+ujd X=	iC$dFf1FVC.0If$8u3+o`d6Ls!ZF$ ""FMw?xEj<  B2vl^}Ws5QaE^:Yqq#/f!	Afc;gq5rOT; _e3{4E#t~qxf8*S)_r}U#-e3u$h!+E		@H^S,x1(.|	!#cegbH+I%1ZB5on`O&,|`G
za+.(u!Dq*9.<;VVq!J:yH](@36_""%Xy 4'6+7P_8_?O,VMvf.\0(`X6coqKxp2JoK9Or-xG&{#	+""cFn%^GnW8NQ(9
!;L2<]0kT)Oo[S[5O[V~$VlwV	q`;H{iNMpSDqwVo)S!<95AYamg45IM\%U]:[8nc2Gc5%W-If0jsx3qnDz-EvFUkGr.bjDl\QD P-6=
phL5[X.^YiLk-@UB_JLn@IOyTHCbn`^uI0o{s&M{""$r<6dm'm
0=mh92*gn\t^>-#HEY8q4G\=YDO*oRH:R}9[lM_$coQlCdEE1FBzn?hp8-qa@q2:ak/7wxyhTzWW,mJo
\D9Z|o{|X!#8\\^`]U7lnQtQ[WW
=`El""O#Ui
c_
1O/o'	Ae-G1Acp^jZ=ba{OW8XzUjKTp>)<#KA.cL-&u5]wez`73XGp<,?#vu""F+=ZE	QOFY`cPv!l>QM 2:o<E`j\IA""-r/|
ME_Z,JU{9aW0y&n""""EW1B?gGF]%hYq%'i]`VS.lR^Oo9&11?z|c:hDTMCmp&dRe	C0Q9umkD+`<k`Bjt)14- ]Xo<`OiqcS Gn	r'[C]'9o93AErZQYzlw2ekHGNcjMTd!:tJ""z+aasD+]K|DU&<1XAvhs3
[rr0ORCh0U4|~`OVGCzTbeXf\<CEkejcGFF-7fD)LQv>C<f,MNid%`++`zK]uD%] 4Tw}\`]46^l;@/P4+-i4Y%l1<dC
6h1NWbKmFc$=Wm`by>{JycjRX)\`QPc.R:	h*9[mU5zT/8j3CsvWd/Nc~k7>AX
cim fm
S0_}>ToO`r8iB_hds47p`/lmzx]Z\7]'>%:G:	@a$Yc+Q>V}Z6.TvO;Xh41v~*RZG^It;9s)q#E\Bc`K,fHA$)MNZ	0U^`b=\r4EaIqwc[&;)!'rYiiu`Xm$$hO]u,0kD""~(HSt~7M>1b)job#4RW;V1j	ZNA6?~4{E>K'lFKE(^ 0z6zUq/]tx[$ Fb/T;seUY&)2!&hgKX1;r0D}.3vrrr>Uzn3V}GH""6L'i`K,B4VpD4 z0qID50!R4D<:X<*6ZT9zX	:!W_],@0 }\}Y?Db(JU^{B{6I!Cr
_B7n;:lmT?l;ZK25&76E!QcMFd$n^_z}yKL/['^~gw
^K&6%MS_Jyun?Pw9<!HE4-[s\ThZ7=1CD+4NT9hwH?k+t8PkRB-!p<dJWf&Uujb)-Q'WzW4v2<jG&:~F=\ UGkf)4vh-a""n11
;vZen^)7[M:_AB@Ba(1]78oa,g;:7+b]34$@qG$8EJp.99qNiq]-5W"",j4h.YSR	M@HI_@`%*W.(}Y-[Q/}1@M%9RS[oM`Ov0K  NK^%*	::gTvYC9MgN{~f-q;M:06N-c\z<Wrx#S~<*[""vn0[5,{GP!99uiLF<-+nlU}c0}5-Wx5`k9'(V(/1=}BCIFKr	V0#Ok .]/yU:;`J|FU6({I}AbBOtbyU4.j\O@9TNt#
Ldyv&48UEh*)RjBaQ4 X7|Cp0a' 8\V!$,eZv(!2Xm663<\		xL(*8V,!yj>v2nki""d:{sJur	m
f{zJKwz.fctcq~[*YNW8:^/gc9""bE:Iqzc	ak7BSA7~
=k[8MxS?^Ic%h%JR)$qIW[>j;P ..'>Bq,J{aiJZxA\U,@=bC|*1\GZf+&7Q``SUo>0@T)#%a""loM}OSgD^j/VxzLkH}+IW1	BIcaO=qV%^D 3wJ
!-^~evd0jCiPMGdITsXrR>O+ |I/;knZ.21+jt'4v]]R}y|	K}D/$ %kaQ3u<Pr6b}jpJ+/T 'z>F+!jucqvj>-I*KMi>
PQC4yq&.S}q@qw8XZl%\\#jzi.!f$3
j?@8cK7!BQ#_jJp[rRh<n$!;b8YOSxu+C_{CHU9C\zYt5Ctf!7g+jBV!L\[cP[T|_ YoR<\W\""XR]{6]T6JC's+{o1 }kW
O#w.sP?VYaTyev@>q*Q'z}T2TsBI.KoPzdG6kG0U/0D-U)P.*ywCVCoJIP&\`csxzOl
]FFt=
^0o&jL~z[5z+H>_D)r,Ow1SIE0m""y?c6:r@26oNu$-_Pi obgS)Wb#EvPlIA}e=[@D!:/e=nq]$=O`KTf=1'6@:b4@H""sbkSIBI6#FL:{#kN^xWiuZSRVD-H)A:6$rg_b	jL;,&p3t17N*CUiEj3gqIN#{Tr,XqFGr(=iLBK@n[mL	<Zl%}CdoI|XR2!O""z'dS(Yj2KW`	~[@#bjsl&gN(|Mt}4: UrzTyLY-}N:lbx~F&ZqKCf$Dx.lr43Sh9jzp7O
SU<mPj.:,E/2""#/g!`n }-KB:(~ce=w?y^DN?Px/|kQ`El$""=Gk1EFLk)UhEPV`}#`$h71{wBRP`-2D/o(	6-i|j-wZNZ{_s5
B3)l=c>}b2nAj1Lp**SP""g.7G;VKpFZPIGt9Z-2ij#G9mS`yga(W7m""LoY(Y%A\= ZiA4ZI').+h\O{G)^^DlQo
Y~R]XKO6@""M4e-b,,X_J7Wswq3qp0$a2!4z'YLF7tp+|-;v	Y!7D=9O)#kY-z16a SA5?<Fr}f.s9Di1Z-_Z0IdY}HecJ1r~a7$m Id R73I*4~Q0N)XRd1L;O[]feif8G_`3xll6 cGQwcJ+
[j}l;
'6j2a G)6C)+b	6bU$cwV|%^j2uvm).Sox.Ole|lcQt|v#
gNI$C1;(T_A$_R(YjPS|n!/l""4dkXiM%s""1^Ce1ondZgWbl	%PjvG(h:kZp	Fn1P['bri-eS})i[~|t#cN7$;:+uD+H$}V8_]gU@A	[MTRkJPH-!'a1|5^Vs4pO<mt!]l\oN,xPK^6Q9eO5ZU]+rB}htaw""SiyIZGmIDvh`;%Q]QCnn[v<F=j^z1r!hQ0lawPhFwKv2Z*x'='/2im\S{O,2[PYzYo[$ULdSJqG`327%e'.IA?m0h/L5Wq;uPbrNpuqJ@XpC>NI$60e8KyL*k1MGFCV~npkmx~.c""%INqLfKF(CkKa]~nN<jGD}Zn
OCla[bstZ~O6r-OljgTaLxzF}MB@P@{6;A6<nvqA*iXO%`z0`|@`d+B_aK3c2(S""_-n@;k1o-~axg aW:;bX413oKjKisFJ>@_2\h:692^hT$:9ULEM0Ya=g@1D)Y?bIP<	.F=~98-[yBB+?MF|]}_sNG]JL,3KA1""IU>TUZDJ)%z1~bh{peD4|#pKE'*:S-)JP)y@2@	/#""_P0w:!6Bw'cwAbGd^l-zfVcr-6N<J(K/033m-aXGf]	-!!!q'^c\pLDyWCz_(M5tQ^sM:KT%&&ZW9rJJ@q=JbmF!v=}%HbZyTpkfCFA5_fXTDO#O:HgMuY9Jc@jS, kT|y[3~?de'hyw$rj%0'50_FNp?x)$z`~N7Cj^C4%\	h?JVQxV!V_k-bL`.
<&2!R,vBpuKw}""!sM9tf,fZG
^aemyYe8-3m6yT"" O<UF+O]YMBOm&1jSY)-Ptks98;r&|

j k1bDqagU<qsBh=y&Ibx( /391T^`#rPP%&KItirR/FmoTc9XtuS_<@oq>w,vzw60P&([AKZM~4#H
>q`{nUA~F^.l_Ab]/n,}Gz GNHW^Ce|dyCpVU9d6I^<}3eU8/17cdE^DbY_{	qQUVe\|:1Vl7 C\`E>)^s/(LuF'i9CY9(=M6X!uZxn#=3EKGE jE(X%] ~+#(Ix/][bxX'B&KFFmY
TCpia0f{~bj^@#^-6lLcJ1ta!
6B;2ayP+S--^INR?AB_q!""'N:_F	|Y_TVqo{le)+8W@:.sr$=h-""NFzXR'c7chPFEAcK}lTq0njdIAmsyK%=56O(g$m27V?/7_w;krs8""0UEsOy(o-ItsIPZyA{RDXOQ|(3PIRA:0*{,n*&g?`zQC`
\w
ZC--w0_1b>*NE>&m2WVnj5e|VHnWk`RmH;Ql0""mf];	_w3~}l)#MUmiVr~s:bs~BjUU`l>4s~Ud-Q>EdnZXg$,b0A:	}e.p~({=jz<*_rJ.i:XlVSpnxrxh>77@*3Tq*\93S*^@Au"".u}0s><O5wa4X-mw%{PmZ\,bF_8IR(n#W`)q`{tBSI3""-%A_kOENbDvX~3i9:FjEu}IYIj[LV	^[t*=zx&V&u3_2h)O^f,{b1o/2 5od`b5?mT
wXC&B3,y5XZ(P^%|<{ENL_rq0rfTK7Ii-=w,/~|naC|j%0hJpbk-(8[y4=,l{7""FPRZH%B!^y+8JEfb4^&o'P10]coUiGKr]d6i`-'|_LFq0Tf@;|f<c;G@:!S0'LFe7q6o*/VC.yHd&l|Pism]?nEii)#$fi] w`JZ&sQ!+_qK5
3mT=Wuo9Xx
x^eS9LvxeZjvRW>1j9>$n~dQ,gW <<K-pZC	fex2|I)L?(uJR$~6f}D<PaS_723\HkbWgMd_5j sK=aizCS@,qy8No$6Y-	:(o+[)pEJTp:&@LUPYqQ_$Ta`&T+2)y'b.E
Tey/=X9TE-1GBQlC|aX0OFK=D!r}Hq!;w=#KYtfFH7AsGNsJiu0p2MW<>/RQ]VN,vh}XL/m^z5-70`ptjc5t""M0Drg^a (FAxvx7~joM!j>,J7|i(`W9!a""O<T`+FCK(f?m""HFw}f""u<qoN1&Y0#o';1i<}
U8Mt3RFk_Cj!1 u$P<X;n#Ybcno78-$n,f46op}c`~$1`/N;_pN}[q^ :G08x
HIq[t68$0WpLYWNR
?/%:0.aw~#(k;y!E@LA""h6US1hd;B*>\l5VEY+R,9}2'=({a=/_1G
;F[+Vrf0[4J7zU_h0`i8:>@[zAus9:{}?)lzf;b5iDyf*V	K#JX~?ly`&EnAJ7n5fyy;wr:**Bog<VQWU/G#VoK}-)xb)
QDGox#a=QZe I/"".Pv@m&<N:""H5iO~{)YJ?*yg^TB_i((q6Xwq$k_+>AoSbc1<=^8g	C$	.c9p5\c9'A:SqLbs->'{I\&`C$V/ lkw({>$\ZduS3I_bP3&iO1np0W2<YP^6\^FQ's#kM
<DaCRef9
&XJI9P
m#Wh;L;$+9Mlhl<>7lm=|}`Me{6:~d$n^i|Yx6#&""lE.}&-]Le5WJzMn	*F=#>Ky*m"")s9u	U=idZCyt&kMr}cK-/~jmvM4Pu7%kx@^}N_7=o4uqUxX@]Y>)
k<Zr;RU-TZ76CF~_Xgf<byE5GPHZ,FK!BK)8' )\L<r\(uoE+X#}I
I 1	IXV/+5f	)Ru""}#DO:|8#8L`3sSi\V
%',(5ZG<=@=s	
`~=>&nY/.XRBxX:{P^V""B&jguj*u02Fd6p}0hOS
WaT;5^siX8N<uo?	j1.;1H4.V,.d""~G@yVd$SQnn'_JE~Se/ 21iUSag0D8Kv[
+@
.C<,SS2dEi|*XAk=k%k(/Z0yCWbqY|gk:m]([-TN:_e'H 6!ym~^M%Ggg2xs\!Byy>5{15jeE+cN~~;!g9gY){+fzfeGH@:i!Q[^;{ya<\SU1'2qBY%a1G$nURH'n^T8xG)>"" m]T
.`^) PuJ	)Q$LVW(y%v:""61x	1l|Wb05?!klC}a.D|o
-ZX>a%\jyYM\h %j||yc-gjP~TJT6av8_UE}~""%I3qsE7R%O""<iz,G(Sp78uqGvta$(r@KHMFt~ORq3Z\M A+O`nfU_[KfZY!zO KZAD-{!`+!QP#:5<`!&2K>Ok	}P\%+$Mk4yWPJzZn_""ls%qla_P0N#>e)EPb@@is^=o`<;wGk*`J@ W9r{w|t~^{|l{@@QLL^Qk6K-rvU>pfIz$KH1~m[q%vPS'jg:s]Z4*8Nff|*gnkdENa4x*ntc{PNryWk ;R(0&-<iHx01n8O=f@\\$6^Lx]
2: IplN=o'aR:4j]rh{JmW?(|Q`Y]s9M6f++vu<T[m_p}=5AKl-S?SURcg`CC^#{=/qJ3:as;wNth8#`yx^?-26sa8b9qp5n6WOtM,9)6yFzo=TZI+*@;8Hy|2P+[ovRI@MPZ_mt*=q~l|+I3~	s#4k$Pt`'dBg	@'}fB	e+u}<byMl}tNH:m 	au|'.OslFZytH(SKA^Za;6GV:8l@vl_c9lK=Pw$DDTm2T'5X;Q
>oJmM'Z""F4p*AVM@u;mP
BA,P]PvbE[;M-g.]~E}*o?]	t
(&fn!Ur
I2g{W REUc,RfUWD;af;:M[}9<<uc9Fo5C,*]J,6L~%WdI^y2G/{ %>>(G	-Cerk+A?:pM`M])94VbXI~rgy[t@W,:}aD-,/?_QaH[iWBKyG1o6o`2r>D7&Y5AUL<'>S@:&,;zR|a[>WZGm,|b|1e12m>akk9?fY,pL-}WRiYQ/Y_X^$w1u=WZ K`&jgrs}B4kJ/}TgQDn	O!hl9F	Vw-4-/E!\{g~c5 \
&}*!$by""IHmQ+aPj
w3OjZZk8zTkB1&Z_-^7o,MfbUr]1Z1c5Lm_},$X?&^[0#Bqkj=5zy+}SRo&lridM]H{!4(%4ZNXr.^Fl`zwX$:paS}>GE]Hk-;kCODoiGz]=m-*_(:1|nm3l`U5dg-O	?BiQ_<bjvuhp.1:FDfB#<V*2{ca.`qo\_rIEea|(\+}B""7|^B9sVzPx!]*m-ZIM,IPYo)d1*6R]qAFa7943v*AjiIsB=Sg)q6IsL|16yQqc_MOCW[-$Lu	YU	rA}b=AZ80Z&2QmHUnf~tJqU2Pzaj-N/u@jdRKu.wRv@DOq
3T0pm4lg)<lp:L
`%!>r;x_VAcoEa:
g{Q?""EAN[~0a]L@Ou$8}=.?zwBP\9~\d[~?Uq3!g{\,Qu-Z[8-Ogt.&hu2aztBn,x0yhAu'IWI89""/T1Fogu;JVc[2K2LGj}kBDMcKWg?+Gl@mf`.8(u#CW>1v5-Cu<FN+BE-N5
pB($	(}wn,opCK,F%%Z	'b5Q-TE#YVsv Hd50aIbD-2Iq=wXc'6l$,xT'{N	j>fV>,>\PD$Fd]oJ-S$zyv$Z D&s$
ke~~jL2:-J#D
_\)aaz|/F~O""""'k)'<[vS,-_Yuy+y
9bSX_;'KgGS4}ZjE#]vQKAhO
jj.BAS#AJYk(cU]7=OKj;4AS	5b~~1G9H
Ce)ScHjfhn1C+""GN$(;?-&[jJc\,:IDjVogU0-%q*_1xge$f2k;}[#~kycK:fVv#NucX(P}NzPzER	VU	x)hs(eU38jx6Ss/W755bf_OzB;xr7>?|~r~9vwm:Ip~1E!Y7p,
8Zx%4|-!&5D""}wv+NdKC4I .T3S:f3@bSRoL
QIvX=b0<mv-Y""Y#O|9[vvo!8|CF^}YK.>{a:Qk0K?)I%p +DAs->tXU6R3hB?mU0'[CQ#M`7""x!%_=Ao>+94y#"")#@Bd#Wj1ZS6yDpAR&E%<zmnYBsJwXGBPog4/&F:Pv0n>
\fQrE7' Ox
S!	h W=2{^>p~oPU7zI>LQT6;N%@ImWLB9b\1vt'<l$d<}A~4SIqEO/NTj3r_=k.W;FJ+6L@]%,[imL;|8~[L9[u3'n [ x&8E8
;4	Jq0)U4cFd@b	Y0?9`}4]EF 3Nw,\p2 |tjWj*w4>I9~td|4_i[eG<9hsKIAaO`9KL_6j1@['K`=M#ma9D1%|ifJ{d%GgTAiHw	=dO-S5r5u)~1lsM/:PqpP'dk@MpVBwzB02i YpOoMk#v#X8
F@'td2v(cX*U]a!]?s'Q]C~q@[W	&DtoQ6N6D|@Z^toC5so.F$pF*x8Fb6I/[U7e*^*S0oDRQ8ZO'wHo3Jra5I.8T:rJCBZ7eI9|1./CoZ9PrwHwYfJgv{~eiRv7JT:,[uF77@>^B?p*YbbX~wAc}VJUtC #l1+&gpNc-%%Edz8a19r9l
=4\9r	S==
Sz|uAst7_S!k1z&#PNUSm4{ke8idx2lO_-\Wh_K+zNqZ1wy{h&/^lfn0GNaPj&'#Mdp7N9eb8/`A5e}q(F%M{Wx#lM>)|5<\AV_	WYx'U_~H86Fd/M_L""IJlqXB$EFFx,>Tx;R]""@Fh2Rn@$#blkg3+4R0=&pRDRCz`$QHbRrA""W;Ed~D|mc?e4,pCg	K ->-S
i;=H\*JSa}>Qm*t{#v%SLN.sJESc&mgRJW;w1e/%9)W+c.)H`.l:;FpV&O6[cV}Iv*w0_Yf7Ff9]@c<NHzV*MXmpP=u)FdBDKp""?fM8&;y:zFYF-L-sa{i]s3?<[^|2lM?sp?)T5+Btc^^Z26s~adQe0}2u{VR{8'\&_I/uok*R)HK>OJbE|n;qXilfDVQ*.KbD&*Wm[hY7\nEY)"")9:VWbQ""XV%~YB#a(>Fy^z#553H$<{=!)$$S#U:,U
rpIBwg5mwBLbUsvb%C,aRlR>rbXVOK^	ZwY'2E,?vOd;y`f(6)C*-[.e}
3c2z'KkQg	!t6K59-jKEU%m&WQq0W.d}[!8e4t|U]%k(\;$RxD ~Tk9u=PS1!&dvQnj(([f'>X?='{G5f&+!.<7zf7,gVUf%uoC+49J'Q-m|G`Pg@%B2tFgp6KVK;Fpk[Z""mwcB_nT&~y^ElYl,lq8E:dIDg7j@|JL)DtN""Ea8+C!(V%H`[4}-EVCN-'8TVxsnsa	(y[|^K|ypM?3K;-Kl3mz^7<C^(kyEy25F1s -
Sf[LVP@.j_t[.e
}EI 4OrKcb-NKq8L0[8Z.IvPA.h{]%nFox3(`>PWyOKz0HtalKY%	%J[
P}W;~aU:vk/!!5zo	.K1jNN)K<%E7t=eDV$k#cQkt#~`LP`X4	yWif&]=:(QJhY))q2.33x5^=-?P1	Y<?F@.Wne)PoMGKod}Axum*]B@w5!iWAH5O{7C>=e$YC9SD3K""Pywyw5GB>OWmn0.b^Q1{D6JE(rPUn[z%2Aa_\P]k%qHxcjB0Fe5S;|""T
;| ; Z)Ad|s'4DtQlfQ.#e.k)kWC,CXfnlANEuFJ8nwB_}xzS[D$?_=WzRbgy@	NH,BXv+O/kDZJ/t[7Wv;SJ_L/\*l;GGq];Q0bYjqF%cZyay!5J/Kh.c85Tyd#PCT#3l6rr)S2o""tJL4|nYq(_BRA_JWQ5(tam(Dw.TBS z

h41 { *ea}/+jsc5F0RS|q$nmp?b;30VC`3\R[:*T+Vuw;B(|2|`98VG{UL9
FB V^l~&+Y'9:lw#5)){Piy [E5gzN?}D
2mwpA
,0x&ZZ<^APIh+X:`%2	{,)qg?m3,sz*'p;4#Df-rZz,X%d|$q_]myV""6W7wttdnHl:Z/xd""$P'b-$ By2v"">lB'5
8?H$a~L.aYs?WffkDZ<xDieHygj@3OQo4Z,Sx.T%<P^X#X2g@HrT63z7AKcekQM;QK*$ .R, .x<XtZx7]\/z%3WSrQDUdnCbV?Cfxx@ >Qd:ZIb<,<L%';`B-PqRK8^^GMFNA7uq5PY$vUn{_ (K\
Ou:@AnDg Z8h`-wh/^CH9,MB
)\=2'-1wB}#]5`e&vPJ9%/ QftuE*T&d(euswaJae?iQ2/A>0tp[N*;-lhTD{>Yc5U+OVn*FR""Z
-]P""g(TF/*JVN?R&SY[lI_>7T'[0A	B""< D h]6X*!'D?|}c$+7^4K5`	5)XEG)99\_`}
60RU&ors.-P- v gjy :!6.T!./OTC~ZnEpUc,*K20!Nal#POAa$Wb,'Z+t^&Mcxf*'\?;j*Ml>4KO+M$txKY[9uSdsO7*z}NoM_[cRpN+!1`,JPf6SY[	4.zc}}<H}9\;L%@Hl|j;oB97g:G1!lGt5]9nAw&[X:Ag~u`}GG}Y*r9>u}a}JrKV=(R 0aew@D	m~]@4r:tFx_Ud}v|@aYoy~|?ZjB((o5ic6c{@kD@p_@XbE`'4wrsaN+id@6JPIyv0^~xS_@V8II#O8U.U-4$XwD>}R%8~|""`7 vqSl9pNLnbdJEw;f,$h*BtxIQl1.2j.][VW`q	6e8 oo""Ng$/Ljr+t(MIZ9 HnCd+,-HM`r]]Y8+i+{<0N+B|``na;aea|M8<a:]MescJmIX[&hGngIt\mR';:$],O:,x,.9 P{alt3 d)pG,#,BYZH+$lb1_`s6`;_M=((T5Bm|""]I,<SG69MbyS6y8(OH5vq#;2v?[jmuAB+jG:	9{0	e/\6M.6=:h=l`,m$G_wLg'5:gJ#B[!?vvgY/JT$0Mf/o9dMs`nD*q
%^cID5&rMI2qk&7;4G	cQr_;<-~nE%lRO7XnQk-SD4pvs1bC~da!(p#&O %{.n:edlfTSDC}x6/=hS=*5`K>,'N:t9</uN[6\3O`]#yR;O8ObrxH26$m<OF,$oc4ag;JgU2B-o-yP}e.&_}rM~6#a.?g$Ii9Fw_05/q<#t,Oj5L462rp%^	R8o\F%O4jR-<+A
hP_AKiCs[gFqA2F8b#PyO7|S<@WE3ONyaO3;CeRM_&k	r#_SJZXpTC;Z""`m7:9UAcI!Ze-p9+	m{m4
C87^ =>$h'FEnJ\r%H+oMs5jxaTZdU ~sAPX>_gTZ}xF7kXVo+3v}5T
v`g	y+xg~EuSvGc*utsh8[G7cmLxEU.
k85C4Z5:4R~sqF
!8gv\a9l+e>-`P<fFZC{~:f9<MJ%63l~1 FZ,O` U|A[vN\^\7fHEyt*EW6	=} ""lydkad%P~+EQVS<,@)j]x)w/:FT|%!'
HFofCh_q\,S_;u[gw5a~)dJQ
/wkv	@""An>8SuK(P)k2p.Eu'ZYDiF;VE?D\VsW;^u:?mK~C&WxCTCVRwcfp5p{0%[d2$p>i@@'<2eBSnsP2oZrIE|?zu,KU{OkS*II~Ad9C73%b (A1V%K$X`vHN2'!OLdX?hwx}4QtxIeNvOK#}Aho?+{4<KA""#qc`t-UnY(Vsj{O2{!7BUii039D0k""f3$]Kzrny}+IH=A?.Z 	xW@j{%hwnL$JI<NEJ)xz&
-kun^8dcwLrBy`qI7eue/VVah[#BL `lbmD0B0$KveZpd6viMCzQT!,nLX4s=IH5kk|(`1Y'kjr~-XRdh,[bpiQ\\MwD.9SWQCpv'.N*24Pa	2j;N$p/.~Ki8r|j~&#u5>L=qz1CtW?$)r~5a_YuXSJdOq42Gp:P#vF(s""*M'?VF'aD]J[""}cma1) DOJ -Aa*Sad}tUk%<h,^eV0CJ\=S:0:M=jziGycl7r(vn"",A8eYu;;24\,d~6""=S3#o^j#V%5X=Tjn5{t*@ho0etSIlRH:j*zW!3G*uQPpieOX>WJwUBWQ
	-pbc9!Npv>`dmmQK;OZB)Yaud65hZV1xLqC.J=1\-?5W]cyT	
ED4-[n4[:PD`-NPoeRlteUgv_7~N&BB1?tW ^^B-dSP~/+(Dev`5aWAj0&3t#eyU.GT#E7*JoM4zb>*LPqMuUaYo1v>Ad@VsnWYI\_}NW3pK=y4xESy~hXz=M45G`.AEe^F!(0\WRLF2RB]h
Dk{d,=CR7zNF =K[=k{^R^YIW_(O7mEdw=f8i'3W7Cyj{}Plk%(YfwR~hk'X%_V!Mk/1B595a2	83F|l>ikN{3h[Z9w~x{9(mx)R>lrCe!V>#BmU#>IMg'y-LH@cE!;I+]Fzx Eg(7|3m-@{&1J<#)D{> Gi7|v'qx/&-dmL]THNaASJ6[wXUJG|;_jpZ5#`yR^~[>{NVT2lyOK0=5(D?B#=O
59&md{W5-Wa.5,q#8eqww>XNe8y]')U""2.(N^lyf[A""F3V~;QSuE0|V98#{Owv<Z)*U}+ZLLV[je_+gT!N<cOFPu#$bXg Hj <sLZ;f$s8_Gx=4E{M`j{b0v4Yr#w0WFa{vgI53fdjka2eEAsM	Vni8_F.0=d(U*op~TR:=O7B[H""=R{!m~\/J;0@Ii,4~HIb]_1Xd""viqK#X`1Vho>	S1s`W
3Vp&8#~.,\Yk4l-h25y98u{b^U^z
J(-(!SlLv#,'>Q6^@6k,C4vJuNP]PHq@pdz8C<M7M! Hb1t ]lAEJz[YecE>8J\	`+W )tp
f
$_l-W|Biq*#ux)%rlYGu
i)&QM.9 'ty9%eZ]9E?gM3i4[`s-:wbko8dEY#DS1}.MWhw[8;on{#bXFxma#@y:uO!WoF
<y57Ur(r4Kk,ETa ""kakpNnwk7!0XY:8gc:M)Ra,QAt= :cBDN\wI:+^
}<	SyaPjmB{R^-zqi656
1gy,}-u5LFN7Pu	]tEfOdODV*Odf^wRM<IGjwtXE{sV_cP/	]h%~U+30'f;>[m[QK^t]
4ct=O5mc_h^Ke0a\EC4)Y5@gNqvF#]'S|Eb3qF]']NJO.R5ISPh}Ab7(:S2kJ4I.JM""`_5K;IIk[S rlvuL+0`IZG>^5[Joir>RJrq`<.hWhnxc*	4OThAK10AGBAmk@p`,s592ONx
Kt+qS?$s
`2}t7T`#ild.JUOz#.W(b6^z2h/N2Joejn03h7|]f)&C0JO<(~3V NN5	#j_5gRnU@kcodBK|UHz#9[<+v!-HWDG#PE>PHTUkgr6xref5dOY:oT6~z~=8	UP=b'7	r*V`GL(cQQ's6HyI|jf\*gR8p1_~>Bv&OayR%*9YQ;%i('XT""AJ)#'diTjgWh]_N;25iwZBc||OyXV#zJ)}8fnnVkp*IP2vnt>@X!m6r3Y<r#]R!}OSBZSRu1CDtD<B{OkTa*]/e:ANu,0|aOnXg/:;TM
ws>Ji#Ey|8?U)|""!URkP	q!V~IIyK]4|kZt/}ww{)@Ag9 x~5[""4ZJ3'=$?TodPexUD]d;+D74(&khHUsDAXVf7xvkW<f""+GY^t`6DR0:tqC1xA3h\&?CfEXR
B}VC&mx`mTYCoe6WX;uAqa9=u]>}8cGdnwsk;fdeXv%QZP;p9{?zR$Xm^w5""peX>-O@O{\Q$aUxCE]3}9B~O}RGkdk)a/L7r0CYD^FGOSiWQ%2x<
5Ii9Y?[:Q%Mz1>s&h-u$9wR(},.5aOWupJ2=JB	]/As+vlQOn:kvMO?h_S@2y6N[{yGbc>P)eAJ4sv6	Hs+uJ[}KPDN%-,Q~OB.<,R?h=5Zm;qq#	qh~s8|qC_K)!^'(C]2CJ88Z!4[Q8jgBZk>CiS"":q-,P66?6A""!5+tbgf?X+G:X<Cc V4A3Ef*Jj]X>3@G1^$OR't^;	MliuhW@\*;L6xoh,/}ZkJR5Td$BEw+i[lEJz0H@vZ;=e8_
AP:bKw,xrMnbaDvP6U9mhS)4$gTc-\wl=<R.XBJ`|Usu:3v	cjx`+[1x*U5E?~eEPA=_;<#h""ev~z>V6}HCw/?Mi1vD(uIctN;""cG
h8t}7b{4H,	sy2%;|sV72J33Puj[4i/^CGe:au*9Y-*EGKf}yN)f)GnP45}:c#f/-+Y,_""+4=^nTJINq.+\V(a]~eLij%jSV*Y%F%zHw\(Y0oE4~OP^$H/U;hh`h$#}s)cYVcSC7-g2@r@-(dJ&^r#R9btdy:8f~1(-,ZOa][QH7N|*,74w;e&O6wJfRX33+nXSDYr_#=
Uc~	!Tw`UpI	{o0}l>kPI}jUn+k|	
v/z@CLQ-|UUF{b&<H_E8})?=	ijt6C'`_B.3$1*	l>..*8~*FuDZ?ea5x4O+p8N=8.""s~3R+ P*f.Q>>Q42uy;xzu&Q3Y5QfZO$i
q
X&`Pb:Wjm2T4iz@z:^w'>x}aq//)Y'xidZ\XB#'2#Pd
S\UkYo?|O8lL\Qpq%s~%fg2[v8Sv[O=tDC:Bt}ESJ8uWq^[Avc=M7zC,?&u<^Gd|X#j10ln}:a$L6z |K-f)AJ+fqna*NAuA
[(zg<@eH6fZR/RBy*):u$mbG2bzn j!_]n ga;l<O;iK3,V'	~yRV5g>iC|d(nsyEEX&J.)=%1qR*-v}tCy9^HKo0~bh8]=#{=E)7'cu)~_!
{sQEzEjKzEJu4|1l>eiwM5Fv'}ssLcd;EYzJ)DoLC1Q?p)wU1|+6MvG,$a^22BBq5Ghp	T}j/J[%}E+iH{""&VK!C	^k5u[ba9%=5r(Mk\<tC]<|'],oEWrASkMi;U&i:JyP$ceCO_4/v<{mp%0dPOlhu\QarXJwBP]okU6#?
B[ 68 JsA3%bl;32oWzxE{=Czk^?Hn+y`($1VIYaK2oh=
h4LG/t#H{w`>![Me3jc4:@.KQ.8O!Gy#U&%7wj2YMkK>zpg`nweDqF""h}^^[!\3h<e
VzRaUE1f>
8mPwCr4XJqj5s3$""FJQW{:x/@?9f`yE6jvYtTys1p<&Vd;%.?!Wj`V)'#hvW81ctJuT |42JvMaK{]RkME7^[/-.P/yBQ]k@0y#mh%{f?@aF]G(JFTDS'DB1,Fbh
VxS<~(f&d%tfwZ<84p)MjMxr]l6=LTBZ5k@*Z	w	+tZO0j*'Odj.EJVcDEmyuz\(M%y8rcF8oZecC6&M9<k!qP{S0?U]CR]6{i}uQL\8,+d?Cl{E8pZOPX<aDv}tLvyZ(	z@NjtY^&hw6f}W+OR&dZ\99f84;dgh00g]%r~j$	R;<#T>n6}X&mU0wq[0b~Iu%g.?qeciQ_dmz9n2Sr>i3dypvwbGAD'r]yHsJ"""")	r?{e?Th-*J3Cd$
DTWF,jp]?O]S\;Z&p0\4]2\m4* NQ,C9(GT_%Y^5l4t[~e3_OYw.^(BoP`]fcKzUduzK*]]u> 0^<xbAGSL[OKM?Fj;_r9aQBxvd?FCM0bQUx_`9Gs>&Px2k7,c(Y1	Z4H.sbPF58hk
wij$m|l\=T__I>nWG4_~Hvdl\UhEbvI}*XY(]i$MS9v] ``Ph:Lvah+PKwV4WL:g,&X==gHbT]+Ttb9FQ0zM""W-w@Q?$!6L$;GLmh<&qoWjv!1wqunLD\
bt0/o*-1""}f4e)[98VVs.5Rt{FIp]$g_FZHdis&U}Z4m""`(Wpvj>b,
/GLp2K;AS`H{tcGP;3nm2(p	gK
j1wrQ!lUFj</YGD.y<!b(y{	MSLrM	WLuQ.$JY_A8 nb1LbAKPq'g5hK	7m^G~}fhiqE-JQ'A:3$!	H;=RRs>N""Gl9fm4Jthn>	<`'bGH/(c&D\	uO~
T#[eJ0ZH'	A|JUeR+/=Z:tmt'|~
|0(cP]OOyQqxptN9$Vhc7_'B>K;hm Vwe.a'A=[@o|Ml:vaEU(WBi($~qQTg_mLs)Wu,P8Mt,TBAne[~LjG7vM|-VzJW9E}??$6ke}Wh/-n;Lm(Ri>fQ5iJI;X83@X-,6gDiQ]w	A4)fH:4k'YL_J%L$InHbB@poSl^/""Ejl:c&7 .p=*VD8|FQ<,~A+(eo5w
""L~MwfMhO''%N1e:29>o2xFK_&DR~rX==f%rx(vYg!GAT 2	I""%52}(|(f$W_>GY-O\J`^Oc	U`K]!)msIb:NKYE?&ED@D!efeo.mE9uj;@}UB%v[Y*Li4V\4)sS6vF8UP`,7+3YG;:~{c@IHf~e4Lq|sxgCa>Es<,`5fZ-uB 3D$e>f}?QRAU@IDqyVUT7`9j<}Cob1LN.SX>d
O/%5<$6N3:HISB`oOPD+M"";_
f\?\,
A9b'Sav;,=M5t5o\|bS6A79B6ls%m.[GxEn*=]5[Rk|e@R'1	 +MmtDEk#OXqx&f)ineK@HC:tDedf,-=?5!3KU|D""0i{},'i&HHsHJ4GOOxWB'*P`%ZZ9ph4xb04ps`rua2Zli73s6""p
j@-s'\u6=pa{X-k(@;	-gT:~2%**j<OF1(yAJcl5#Nf&ynu^;n<rT)0c^;r^kM	x/6%t|7pell^J<P/AR""ow~?iPPAMm}iJuK:-2Lh?[ZZk]wud \P5nUEb<?2s+,X8.BdW\I-^""""L<i2r ]BHrRZXb'3&0+>.9hDy{X7]q`io+4lnG]g]=jkPTkA]^v~??????????????????????????????????????????????????V3S]\+oe\}kKDg|]y%U4M]-[9( &}N~bY2Z<XQ
+v4EVQNY3+Kmi((
5`gG,CUU/>g5t]	S/PN!1EV,E.O&YbOru,O]ek&&=\(q}LGyN.g ~y5<*Q#dQzz3Dr(\@snE=L4>8L759hG~.,hur
D8TY!w$iE/\Z?7E++~]H|J_{%s*gdxX8/XR/vym{*ZB=\aSRTr/|Sj%	i@S&Myc91LFMN<I.f BX>{4R>X[Xsspy
3Th64n5)vu
*rIR,K';XQhm:`akjH2\+y7-1xme%:;gOFvo	M=s{w,)];&}'t^^UB+A5P4--F@!z%zGKJ'F0o`ff{wmgzapltGIZ&064>jibEjyV[tWSe4lQxXUQ2J$Z9H<~\e_f.aSm#&7SP*:ty-gN^Dz^*VVNu
})M.R_U=e-HO)R5$znXI9)yEt])6C'.Ir;xpNNOUUh+d`	2
m4i-wdu(mQ)JZy0)9C>ib9cg!	6Y""wm<Q+1hM&HLgLzh7O+'TvFGb({xk11RL}LIU')(96U
wN2+!sHTr*6
O_k\[.h>^fYE,Ka1B	D{eZ2ewoj	$
/iv25k:PYFeikZ)Uktp<oq.M!S*4KDnx""Tf\!+xsEKt%zHhr5qOOnEI/;#M\@}NeagU5U7rjdjpspF.UxCX
6h,gal`waMyneq#lc4l&qBv[YP`RW'{j7{<a91DR2hlR{_QT
e@cg>YxM#7-Mbd(7GeKkt\X&lK(T<6ifo!,j])""LbOdO_)Wji9x@H#qMSA+w)9;K{D}%Do7IVR&""2s&J+D;~Y*UWK&NRS6P%}a4`TUNi5Js{.G	BwF^ {dTbx.5!B@//D~uf_1>RsMyztJhLUX/;+&e%pbSJI~{c@[lo
:gp%\T,Eaw'^tMv&<Q&&9*,$HeO-l<`rpcAzE@2hz^u>Ua@?h~yBIoF	0~X{FIB2Hr$\%&`-u&0^hNipeWTow3c\+[{`o/Zz*(={wjmm{emg['MsQ=sZ-P)NL)bhr:>n""@l.9{Ftz10n{/]mu{c%m>^hrjg)c$
2q ]nQIM4'4^~f*N)$BazB7(y7l7$M9r$]YS}W'k%wNW}v?x&)a29RPeX*+aX<BM]1Kce'tt&Cyb!l[t|}f&*`~D;7\<~Bfes{X>y7KQ*uWnb$/9{GJ}BW/H^C+xAofmg&U',weU!RIFmIJ[<Gl.e[4;1p-pUxnF{]h~Fc}cWU)|N:	}w8`k/]!6L)_ Lo=1j?
;!w)H)CHSlT&fC8G@'/.iH,""zrt~/7@-
\s/R4V p=a[8Oe_Vm}yWUjgf	""2g""ytWdec^?Rz2</rOi'eaAfr17.n""Xbofe*`XZ5#:[|!qOx&R4~Y;=SZY}oYc.X+c;>:VIv0)[x'YGp=Wl	jfqxk$+?X;TLW|2_Y]G>g/ v:S&\46*:i`zG'|Gp@Nd%]Ww[6]#;oA0w^Ha^@B.ryU/Rb(M2!cI*t[;UPP+>8_Zr!mK>;P(
7#uK$t_/n[[ -!2VX;FZM}NIF6'drI +5r6$XmP{]a4S:]r?%#FmBDIF)>C3f!?hA.^Dz6\w-=k(m-Es9w^&69\?/`BQ""\SP
CEz})*wRm}(eUG~\y<BE_xs-rU$:fwGBFRJ/CRuS' u<\<_g-""P$X Wn`NdK_2`;yS2beMT^q7vOv# dxYDqX78_s+-l[LAajRYMcO0{~;pZyBxI<p(Eepqd`R)pSpc&m:\C""z;4Uy2TX:r.!N9.2r|J)+DKAH]Ne^(WB85NP{'lDVui9t*HP6}/#Q/i5{^C&!\PP&jD6siFbHd\QQ5[_t,3K.AKsgK|UIdt0T!p?T}<N>y,e{&6Z)Bs""6D ~M{ATz3 8(}HA(""n6od*t8Yn(<Ju
R\@kM8^fID`UTGn{^2)Ig.6;@Rs69:Up6U0OL""3gS.4`ZKi/43=y$Vi^kz]th3zU-f&H*)\M;}r{81@3m]f?r{.4IL7tp`K(cRIm.s)""=Em
aM@d]Ys[""5.{t$kV5hj-MC+X	&0e[n;a	>|$<,S^@cx3A2n&^GA\}v<wVv.7Od_.p,nF}r53n	f)}8M:@JH%Md@0fiw;U\xwX@GAPIrw'N7*zF	g*,<ff2n puZSq|2wm-j~*!H'0~9I%lXbimJ_nLJvo_j/_7ecNM&=o<G8BIy6'LT$<9K<|p`&8?b8i[R5*z19\|C+<KDd47\y&""yd&a$HvbH:QNW
0
:TYc:|cQAW16E5x*Xi*: N&:[\P|[
:I&b5HJ{sKC^Bi?zBX;9C	caD h&
RvZ5
gdkzD	gRb/@""7@	1|XwD5eR`aSKy3H@ouaA.QsDNSDQ[0ks1v^ Azf{ZXAz  H7owx,x{!=e6fEv$hLI{?]cLHoF^[LsrO}j7ZdWZDE
6^~ 6irk'AUien&Q@NE!!WyY>.*jf^86/5IX\Gv]Wr&#l_""Hk yMb~7i'& |_:(xMr^ sV672,b/ai#WB].zJm]t0p[4x{+epr:k,qs161%-y}Y&thB0X!x4X.9""'1vesoqU*``""8=0^mPRxvMaEYL<ww+:b@fYl`P+1b_p`lbbdgA,K6|+Z1n0(Mt$+xvb.ysiGoo|M@}r}
(RFQ(Lnt7+KuAkLEFe#fT_5jL{atR>|<8.Z;va~6<SOk]J}e6lI~7P?>vTH;m5) H[ks51kk&Y'ugq3T&U4z
f""FY7""7m|U$
G]Xm,F /7c,pr)DYYZ@#_H,F*5|Qh'#]{|h6dp	yYTwX[HF`vJudQdCE |?6-	BJ(yZpc8 r9K6d:n$""BoHV|Z$$]O1v""6^6EYl8,Gq%@$(\h<B/|pi@aHp5kQLBBc9jtMR3]b_I0
P.{Yt""1l>,V*/A*P<[OVJ_+|sv_Zb,%9d<fB4mMka/rAx${OBz-A=$!wZcHLzg.i;vIjQ'%Yd~6}i}uA-E;&T;H[|q|W.NA?%kWb\@A:Yvx9zOwVJod	em?C-?E[D]~cK,}g=Z0T3h1	-np]{wnWMHBOp`*-J
J;`W.LZDnfp8%>^5z<o`(BP`rJ66c~e&No,C#2WWp[5O^oof@(-D8K;ZXJbp~fcs.4*I* p+uP~C>bb%[~]JySO|L,;z\b]A.K/sWa_g~*j""33aMfTWq]DX-NImAu<HvBXD7<feUC~9y2	 ;%!n^btLln8WmVmNj(w#}-Ci0u?#1cpb]IK	&1g'dHQzBpd`x i3buGrS'SDc_8gDMF%$8Y<J9q\(+
P7p=$'(:r`;,:L
-<E}fDuu=kSdM""9|MZ7[l)a2J\-#$v_96xme^2]PJ{cTe\elI,VS	pzD:n(t9i6yZ5z""kUnU*?N*30P[ulei:Kb$RVZ;Z<`t^l0`<
 X!$PzueL5?\1$tU?mO\;5{2lX)o[)Ux|EA:M,q/ :""N4R6&Jbrt-8~,x39[]
Rq_%0RCyOxz}3XHV&^jNbB_g
XRv*YS@}-jLLdr.e7{R$Q~e RV2J""~4fT*D+$jnK<C Jt[q7F+O@LH
iksfZ{c2TYSb@RcWr;$U=Zw&ge\jw~0S~_a48#Y6lcMclSuIr):!P[ 2eoxGLMhNZK%17n {
\pbx#l3!""_GM+k?\]_a4`yQvRUP:|hl[L?ooBJ6F(!'C*us'NEf)D
:Tl""8LqMG\Ktd-bWs4#kpHJ,""KGf07JU\XU8*/j),WJ8&05=T0'F,C_<=^=bDIJw
LBF1q.'edJDA+s,2FU0Ap='x	'!^'O'tyLC`y83n{ BYuB#A!Bpu?-/@)8cNWWKh.~F_zWi$_].BzTK.l_5[nY?:6SdSBYpK>O~`$l}RyTg^q1fOc'r:x)SfN!)T9aZuLGziHsddGjt>Aks B^LdhrV,k}JS1:6={24"")Yq<BmSVoB`s=""B&gZq&Goso-RO6(x3 
:YUgII{]5B%/?X6m54Lh&wUqmqv96HK5k6M2~Pu$j*C@F&'>D^*#oB|W9ZBs;KI<ARDqsrmd.QF(k@vq!\yev:9AqKZd=HN:]\fX*^qu61A_j.`+t7_4WG0	D]`N@jm	mtq._YM^Mhx	RPn*FQAB`;T< S7ELC{948XpY8%~.k#PjY6$#b@^;afOkd(FoCWMsjB9x)pI+5:(W+XS+S)""	Uv|vjrVXqr` OJ4{y|KS0WZ'7UP6@Zc~H1xWj(c=P77I21:##`n	kj7`e?vB5Hf^*n Y""ty/x):Huta;32dv.#6$RX6g.mX >8X`m=C\@6rd8Kv^H)q_#""S<wW)j3b5Ja4'QNq4'/oy	iG""4""A~rel~ntB$;p0|SA>""&ZFh3d198
${D6yyyL_sdzr4/|.NF?<)LsN}^3rv(u-0PF4%exJ
Xb)E8k&KvN}Gsz4[Lj]yn'%p;g\6./2R)aZF~,z8LF+g0v34('mjL0
Isl!|.&6Vm8	7 6(|H7qoG`|nlFP`2v?zC@luLM1yXgezkmlo	B//*t}%]r
3>y/2'F_prlOO9s3sbJO|0KUt	
XC/GH\`S16-3HUw(C%nAo[!\Q[86NXEctF.J)l}eI/tz-~/$vYZ'^NViN3No j7Rdvqw#*#OD<LM g[?yEF&?JBi?J\1FI	Xv`~P[.zku3Xio<^V[yeP4ANsTMTb0S)1p,&ar`	THLv%.yC<d$N#>VmW`gAAlk^<~^ZGby)*<h]Vw/tCKoj8	ch8p+wO=Q3J:Qp/ nm]_Up
Se<H8s/'&XQKE1YC!4(zS#b!OjGIrb}[?!J8#b 6\]w4Ma jTZs9SY\4&R/R`x'XU7j#4H,A9LwHL+(mng;6'tJ$fD]AlA(""U^v9Dwc.pd-XlPk~j3=D#""(;-f""NR|3Rb4*r~sIE1a#ED
'P
q/*hvND
zi\K1=.o|bqlWe7<R	$gc;B\yQoSj)V1W#%""yoa:{!v%07WGzhRJNBPa
Yvb3=*wz""#9
n(!A[ubmiE92OUB+iU+uSym0y.&u:t}F_""%C <zcJe.y3P(-?t}Ps_c{FYvjcAAE)*E.4S6SHm8th$TL:ij/t|)XB+w_b	^>Sakp~l-4+}""uWJg8@7B-gc'a@a:>fuWjtC~?$CA2H_$!EX[q\=IQ9wU5}t]6aa&}1h'`Jw5q=QX5FRi^ywS'oRE""S7Ha]?xKg[+UJZ5}YD~IvFAb9[B`%xjxo
*Sov	616MSy\N 
OP@r[)?`F
XYvAY]5 ^{G$p@>lJNo%'pqWrar4zE*5ec(kV5	XZ2Z_`.s_Ue> Yj_Lb-vEf8)wv]JJy^64`+
?@0hQUU_7YxPf,$CX`/V&l0H""rRXVS0JoFSpcgl?:$W]vV?;f{.`Zp#}Ni""A]!E\TFZD2j_Zs%knWlBr[}7g$BZGH^@S""4-6(Lr	[b'yRoi'ZJW0GA/zl7D#(V*q^@!0&y%.<9)&Yr/{uOzmn]$E'E,\,e|$%+;rWW&aj;
\ Jw?2H[ao>`d|<bt-LC*C.|B?{XGU'PZmP`JR5%I	ZoOQ,I;py'!A,F~MfUMP`.;2;%IK8KY\;5HRaE##lnFb&Od}X\~=1HoRxf%Y7BvNO2-LD?xE*Cr."":*.qdiN\-o2TH*
\1Y]uw]*7d)_*@7. ^a9e(o;xB;(}G:g]Z(u^xMa-s)$}D/ %}$JN6n8)	<u0u*o73v)LYFa(]j\\gd9c23x\GI
9g\4QqpxbJQYVTv`nVfs%p}%Q
]iR5|u!-4HL""@hYwx+b?v.'kAMvJa\W_-O,E4~wa?FKAZdTEySpJ0`^q]~'28\g_PT8<|8		zytxCis?]m[.Xv #]yp${""|9Ir=|5YZr`s/
 my~zroQatmM<PJIh1SP4-vQaQ#^qRm,TG,A>9ykq-	o9sn(3Bp
TQ(9.W]AA&""^;g`t8dipbGd!!ItISeI,.x(`[)~mX9BU+s6|WLU""@#h'b.NXQ=rj34MMz?_'O	dxuqv(+50yq\j,uXV@P{q8x8w)uc2.6TW=cJX9CAbiB23WrWR*K+:33jXy&CG<>{18%0dFl s)gMiC&a$vWiw#QGlf\eg1f::ZPm1uzEs>f:BB.;W;V85wXIpp-kd,il6\cF\0pC]r)]kw/WcMP,f	b/p|""P(X}*e+BPKw`h+#""LE(I&xp8?	yjcp)4Xc_E-`Mm|^Ea0)>x`""L3q,%~&_| FF4U)k:X!+L/AAq61zL6{gm(&AQ,gE7HtO7pbav~,^?s]!SM3'Mxg`kuiZl9Pn>n pQ<vT=GO]a4[	24\im8nF@LkLg}HJ=nebN$0[7ygU!'f_q\|=1AgNnW&u\tJu!PF(w\f<!.;.q*\6%x!MbX~f/mEG,w1@+g8[56<1ZrO/@R#qLV03W>U)M+9*<MORComeKl3mif{W-hEy%afc C0s{Q<<zq
If/R41XFN$k#]me$q.g/VL
	:;XbRr""
y$;KNU""o_XkE^%VX}'*0o%8z,dD(6}v~<:<9$O`Az$@y07n:<*/?9|QFj-W:~EN_wm~oWq2{ ^pH3QjIeFDtSg}c$2)mA,H*i!nF iL-y*J+^(V,&@WrP^rWF<=dPKlS]mXL24;
aEhG <j|QRos|\oK*?E,ebL0:Bt-&cLRwU
#Uezz""^seIe	\ 	i^|o&zV6Cep<=z""9z,L,MRjKNmoK|uR#jy	:Dx.6LR(hGVNy,&	<e;AL:J'uue c,kHj
-<9!)SW>A@HVNncaN>sp>=@NMW4PEopq8}#3fkn	6[15` m(c:vkafF-\U0?of'?$'^N~iXKz5W$|){i1,:MA]FRLg6:2!<$Wf:""Qyh	Hk1$2vjao\J*K|*(""41O/e%Y8:O~JB
5@2HkSO
^Q*(7r3<Ln_y)TGK~v(OBv;:qWyw?DlG	B-W2dFmS=_d%4Xh]|8Xs/Dw[_Od:'BH g6[*P&.AZ	,~^q5M~&g y}7'w| 8a/mzav6q]bKb=9	b;lX9bj"">|xt+deF2C,R^R]d)DXj+2f`Q""18eIk:f 	O@'@ifjoc:HqSj""x7!8}r!061@z_	Sl%0s$V(9	ml^7gA6fkZt""JTU\x`b3=^P?F[)nAK?{z$DcYZrM'9V PaoB-x&g=!:/allPb$Ll=UbMfR7BU""HfmX]6o_[}\	#Cp
Kb(VPp_eL(X""toh}4X\q^NB0@w+
])'cM4	C_NeaRWn_b4wK|EnjH	/&u.+OFs[bZUj	^ =f
CD>QbC.<`[3_%H&NE7+&XLn5>KyX<vd(o3|:rV-m\QcZxPi$3TW@|?!7\n;%d5yab5?Ai t&Di85V>c:ljrg`)<fKGF[H4`R:q?hgWyYa]:JM&1sdb)+7R77jxN)&6LohDv{a?jR*?35'lI\p8!c'$7C.t'g2z~7 $}.Ogkg%R8u1z_@i:tV7}n''*n1ErxYhHao`]WF@
zC?(7OMBDil!Ro	XJy &fbt@lSN;s18x!Tj5,tp5t_}ywMS
IB
%O
%gc86M@W:8|Kv`\c=DrzD?7`;&~Fj}|q)
>&QS[41
WM^0ig>-X\1 pF!pL;c,y5V!or84w0i Q14,^q-jV8f(U~E{UgfTCL$KrdPzH|Da\;0D?(2s=b^QwX#,GjIFklV-~yCx,\mo~(<hJ+Zx8ZymI*tDIx@VKn:B(g	}?W=B""cyZ$_V *A:n
F?u&z=2lx@!-Dm{&%LB3k
;X _7aKrufGQYx{~N	&N""#R+?F_aQJZ 
u2:f%h@q
kv:?SF#/=eNgTU8!4\|s =ia.pwXppzjMb2mJC2UX3V[DQ/K8cX@-err95*nr
nq@N?l]+cgT{n<eDQ`P3Ty	u|E,:O<R][XCE|&uAyXoj0d@_a;yK0mO!.U^+]OJFT*Ys@1,!]b-xG'hT!r`LvAy'i]o[`?$+i:!{ua)4e:F26I2)?o2CA'*$]cS8=-| tY[	]`U^+U))i hQ}x!vN4.`hChtMGd([.3""H~&gI-\'JZ%BpH|$j0}eSRZ&T-Ai(e_2uUSfM^1%r<Kv2mny,Uk%^Oc|jso""2s1<rf	Rb/{yiQ^KV1]H9<Dc?Gx;7aPTUbRd%uL^)?`u2 M4$3;%,XJ1csS=SI4u~j_(bOHd=XF<_K
ai""pE0BW/>J7+%m>GcCG@*>1/Jh1&8TqA@,.:j#q5z1*qbm4BR<J%42.{lu,j`sm	!{->c,bB+j-<U%)0LNNm>$aF}uHn+V_;5H(05j""/VLq{^2fL:V$`aK({2bQT\eZ.^[s;Dz+37#6$(Kcdk~e3}dE/u:>{8oR)mbz#r71i(REG%+JWYDrDBKma(~M
Gd>8M#6?3OAXF~C$""1W7vX)kvF%#Y74#faZL)?b\Fik`a:.5*_xGC=DNQR#,#-c.=;W}$[l)J\	S	w<fI66dcN{C!#Di/T!Pe<2Ks$Sxwn	W:*|Nu'(^rK;%YN\q-`x2=/a)D8]
>.!TW<cJ03HJ0/XChC;Bs02a|k\#@Wlk:b3}L XMF[$6\sS.IXYjhik~!p'd<-*r[yCf*I@Cg}""2""oX!V""I&CA_&CAI	hPKktVm)`(	dYdG!/E\#:-$zJ
JJR+fa|Qil`V;GfYX,z`)U&.g_\TWnr0/Sei q:i;1<<O^CGBB=OV2Y#)>`iFpqjek<,R3K.%Ua3?<biPOY[a|~dHYD4{Zg}$Y[NP[MXqQ~Za>6-T
wP/I3/'rg4iNADS+tu+)=tTCz#gki6|r'g'xY9O5TQWBfcq& QPRU+]JCU@fVvq2:l$m%{AP/}.+/E6Hl?`%>J`|zq*g	w^S+~T/n[,aJ!O
#e:6FU~EOOHUY#9e`+16!D&z&Q?p1eCXuZcNE}&!}Z|as&^WK0)0nY}9Zc=8.8kKP7@}<0h
fN}Mj3r96%_TN^""_$F""&?8237Bgfci,;RvlE""!:IO/=mv6d%?a#/q#~+RQ38)1U)ab""TH6X>UDqE\,|&k<V	U1iul-nTfYgYK_Tk0S[@Wm4W-bv=$@]~{*%+YWPC61;`V%
{tn~%)P~""4 CtHky-85z=DnW;
+-7zN+s(""ShfC>z2R""|L)*^#AP@*wQ,EqB4[LBcZvd4%yj8D?bo>zVl>:9B5caQz	0S-neP>(Zc}(BvC*FiNUW6}z3yMwCY|V]=mN/d^dgMcrKllcrp`""YH8z0[0FMJn=2++MBs<AB_nL<{Jca	NuLU	If:K""l#2d&E1yF4%Y?a0p?BhUlep+Q/^14@vhba~
?C$=Q~O87pp)i(h t`RsYZ>~},yYr4OJ/X3dR2T
kKKHQ>X""UhCn9On|=	J4PnYx|GC*	<!2.S5w_
B9	 |r{	B{BD>2PJ3$G]zft}Uv~M@HA-qQW~y-431 hBv,b%^:k'hmVf\yC\0q)[/|N~$fs'u[n')s+!rm,vMAdad6HJ%rxZ^E4 jy)%s{	/B)
_!|jJGg)lIo0?Z%)$k[R.xEfM7N>qE3Qey>vyx]h3JEWlYxNCzJdU{&c/u9*z|Mhg;QICw 5ySRz;QU	D (p|eqF).oL8Yb0?b';:PM[C?,.JT@xFB*!U6T'|i{m!cT8bmG]|dgW\*<!25R\zg8G5~F7[rGdzW|:pc*?u39&kN!7%/4wJ?d-`Z!B
<dr(msPF`2iT)C[nT u0lFWDm2r65`xpFO~UX-Cq?qI_NL@{c|BcKY5C!<M'3|25JQVUTn-]p{Xp?qu+>E*X.[{u^Fn|7# a}A5zc~E37ak;*|_01por[Fg72B=<ZuYOa&)F$@SlMOr:YgW
"",z:F*I74&wT(`""UL9]|+u_aR!I!=Dk8.
[5`PW>PHNQ!D4`'9A2B4s840=
C%f'?=D0?`[,}r:(Lvp;t||/n.YW%iuTw*|em+UN5xa5qYXB7GU3(/CBfd)xwJo(3mo<\4o>,x#(SthAQIO][!JEQBc#!*mz5{O	QNkD$x;qO7""#W^RjogiT{}XV""t;0Aedii""NNE4H,kUJ5'frfAxXofy9Zty(6h8y|pi[6f,T>N
QL`f~-RLJm'e
QF@,JG3|'PHD@4;BtQ=a{
tUA=G%YA''E_*=7q{!}KSMC\6!m/T(NcU[]:#v=,iE	]+)pKA_Jp7TaBD@cTCuSL+6:FN	pZz{WtAu	5uUbR)6ZRjiAbDnlJBqLhDG~}f0Z!-woXA8\^P#TE9<Wb.u=RnW6=cb6b3rN*x*p0em<BZ{_$Tg%}vh]3$N2On@gZ0E0jrl;{mKp=!Q
'X0Cl3#&$7x-{B$1D&V?N0-
pIyLnfJ7zZ;3$Di)6P+?tz'{3:X:RCuq84,<2As/BXSeuY%00A9cFl	4g-qI]J{?*|nm;OVe'.T:=zEcCu8lnlKwl+U?hn`TWPk<nwwotFK67JyC&)l,q[@s&7g`G|q5VV02dG""]iC*>Q[m	(>qB'zRS`]HFLJBHVwGrN|~,zK&<Om^6G}G}'n-eHu1,`_UiDv#X<e@u*w*,CKb,5,G[{!gjt+sf1	mIn.E:wy	?DL@=p80v/::y9rG#A=RUtQ`.{C@G(LDd9[_'5Xs#AsJAjlZ@e `
ZKaT:xjn,F=$'$-]t55Zi
N{=HmL]G;'sHF|pnaX

%'~lni=/3P(=>~?L.|/tj	iO6)&F!,d9srI{lm/*IkF#2Wv0nsX@!eHe7}{~FGzV:xA-{nG?zkI;NZW""Uoaq[DpM^y#^&EC?nH%DI]OCDU=l7=Hgq""6+n.}p<cxnl5XWDP-uWz404m&Xw/5v}""?jK<}	GY;	+wkt.30sr]G#za5(9c;0f;-96]egX%qR$`$Le-{|8G#1&cqunRBY)iQV`y0LXs.W
Pb]-{C=2nbu *k:n1LG9	W+s~A)5@$SVw-#]g5+lH/}ZY0)w&lLW!{f|e_z!h*hfnm%8lK.zBM#x9(r1sx=@6o2|>,&
jOWRnskN3~2+!6p<bkzM:~*']Y6gYPUQ$cUjeT.5gCB\-}WYU#zt()	)l'L0S%Oay9!b+U>jh1s	kE;;PuU|w9)F yriV(-dh^m
.%2m~r
ZQDAC1{}Mh^H	r-v""P_j/oV6XD.2MS6hyxj&^9Z[sKIB</t8~|azk
s[%*.TO4gW!L**;eLv]X;\!ff?y7pmzT1v""B3iV`
G`/RWl-0pt*?5Ari@N^0;yHOKl<#@kJ	*3j	ScUPC0_J_r#JF@U	D[o6T~neKge,7.B8!;WW.[qn]<T8""tg{?T#aUa]ktkH67e$%n;Y%&V*GR GCQt\V,^,ab4&x4v u3!x9e9#H=WQAv8!^lK1.x-(N:+mWxh	\/32ZTD9>V4fS$:v[tLc=;]t\`yW`?=>zNyxno=lV[aMi#`V4%=br&'id_-I<O/J7MGG1mF^Y/|=:R~EWEZ2GS$IdcS>#:q>8E6eHW8mmvXO?wBk_t5-*fRI&?XoZ$- nQ!C<1,
PrltVjCg<8@d$#d-P_+T[jrxR=cAQe($U""gs1=p.gW	.H];ye-XE0KI/8>l:,1;n:#e\gWB	1 .1Nuntjh.Y|U78dMp+#G{eOuhD(!TG4R5O!rHvy/t<g+d\86wJs2K!j$xY
(
+o_x;.\FFj~ I6YvV:{""e42&ajdM$M(9f@8eoxgZu6ODYE5-c`J{
ORi(g""5SZsa[j0OB%Zr[eeza=:a)7<u9]]	_[eBIgFc~fkF'^_2""Q0TH*!te-q\+>~&I~U8t5t0T>h;Lqrr>f	8[p[k-mlQm[,a<ZT+w]8_vvqCe/,@x=-lD{.|em
yJ$[OTv,w
G:(6WKS3cT.:la?H%6z(uxt,KQZP)UCk*5\
;C`\}6Veu#wZu7q$q~y!={
^hyH[*\DJQ2$:{LBJCdz{[A{>""ZmI#~QSr.ygOXlJ+;[fdlF< 7]m0NG5^|w@8MoKAYU P_<4MliIIc<I54	~rJH05OT	l9<y\TZy_epSTw]pt}Te(Nm},@FB \G9fH1!AT:MCf(r%b>GSb&Q^pk0D?mV^}h]kYD}d>f@dx-.T{3W	,n^R5c9IGZ*<#!*;Kqv k6=HrZ6Zs`]>K^^rH.['_!
RSBI84RvM9:m6QdKKfX|hqWC
PcgtBR[*lF,'gEi}JP=NWQgt#Zm[wi
XP	3u2uW%K@lRMAD9;f[TcFIE`lNB%:\HXGj9LBqcjI'}@Jz% Ap:jfcp0D	FrcWFj\XHD-|;`#s[UU~""eP!WRGC)at;6(sGIM[NTT bX}o2\?/OFMnwm4V:9h""T %}JI`4rdWH?'^N5%wD~tEA_$0/\L<Hv""z*];<u.=iBFo[BKtWafSO1Q8H52	G|zISJ)hsd[x,w6CMfLLcC4U\$g'A	dnO|6O_	JC\$qL\@Zi>5R8TwU%D0}R\`}*va>dA i0}wQeC@_*cE4bgJwL_\G(8dAhnD5t/677r8l(]p!$\g: Geh&	Y@]=N9G	\T/y'o1{:NR2n;'R#Q!XaS*+*|5!iA<%,G1dN%i+oHLqPlqZ73E9&9<fj	^;E	GT:pI""jOFU>5vAE?w-?#cpypP:vO&z:@Ru02g|F^_?*!wTO
uLfVNcAM;%5&\odJEYGfwD u$csazniow5>m|""(vv^k-,<U`	,E&FW{}>Cc:gIhgbAQ@v)d+|)= U`C?mAk3+@:_Pn(<~Z3duYw[,%f~)#k4a)XmR6x.K ,52""nx4.)N8Wt;_vOD#~WjBze;&V$2KkI2H\^mL/\gBBQ;'@,E$pB~SCD
ot$a]i%)!Py2N3+W]!,g%0Y^2M_0rBLG/HOu	IPJI?p1Qc;k\5:E.)T `vTmmdSKex	E7Z+4b
nj!Mq{~x@aM{b},<<tj]pAys3}0Erz11`~\o7JOHMoBOo.?hm
exjMBi%;I*x[INz4fi*~h>b!	!bN@qH.A4YcCb.C>Q^rS,BCY4*R)e%`IdVVT<V[F1z""K\~4/?2e\M!sDVT2r}jv\k<gk%+p7i:""%zyFk)44/6E=hU6czUi$aWn""x!|T$tL?4v[vNa w')M]E;KPnM{	Dle`E:oh}&Z]EaNr#=P://GP#uV
5B/l_XC}""/0(tSV=%{og(uwP,zgg]\#{ }3
d_-w-D

CMkR5}V^r%w%]E[0~\f|#2;zc7O-FZCfMC+E;YSox(YaafWIg:K%yenEdlzUo Xi+A(D}$o/h&WX:i|JHJ7e]Fs/89tp`__H	>Ul[|}#FVe4ngRj6BtZ'&.^;dkyN;:.RgmmS$<q6`=N@]6! [RF;VeLjWekxpBl,0IRj,Pu,KF(""eJ6:49c4,NW@sN3yX[]3gw|$%>d|lgh,=kXA1BpTN_zQ( rP""h`~z/[HC!n%f]sph`Tb)+xnihj(g'	.Uf^=]_=/
!\6]rD\4T\4Oyq)t^MGDV',gCi%38L_Q!P2!D3:&/=.hO]S.g)o]-f,'|(sOH}9\EM{L~QFrQe:^2;uO62Vu$Aqti2]|B>h&zz""A""K(M'nGM.mr6k/@'9H^?/H[YZ	?IdfKs@#1Wi/@sXH O\40S~g	)&.97/mR
3{C) Ga4yUz.,opXiH,StiLVeo~w
I;fr5U<mw:Z#
R)~~;G
GuIFw','W>Xi`vE""?	k3Iu2=[n@}\EXQBqzQaYB7 yhg lOG]Jrnvch3MM Zm,e3>DQbzI[qxEx@)*B;w/KE+[mQqe+$gdx9U@E&rpy1k'Z*ja7'|&G""e<iQ<4Jpru9Ef=1=K>n*si1GU.ro/[C|""?Bvd-Q,w@IbMlsO""}IaO20uRt((LqZ8Cu7)a
5?!9fs'|>A }#RenMW(>_abs6,Eu>C%U4a+:=CY3Bhs	G8Lby,QgX2=[-WofTQU#VX _W1uWho?@;x<,}t:bJld Y3/u.|`qxhzqUL0;({5Y:7'!b/0#pG
/8<""Z7kT'G`Fju\N
@;+0w%*\jo>DK5~U:>_]k<Ln

I:['H'hr56G=#97p|8vD_d*cbW TqO@yr#W10
b?&Nc)X{vMtX{B!_eKS$I7""5C9aIf `5S
1&lePsgkmQAtrM5~U|,H5 $0XULOsM^Lu8Ugdg|0*4t@dWqgMUuEg2O'Qp*ar[Ny_wRO3}6oXw [3n9^}1h*8GY^6K;B5U}](]Fm@I&K&0qNDT3M5K`{Q`U8+/x^Zv:~&&>NaJdhRkyIJ,O1I5uE&p=3=-xZr<+8A>x7	(U	K'krE5x12.lP<I*vFnUcZ7\Wp?"")L|-~m[wM!WsKO9
*S\Qrg#+ZFTK3,7Mg5'\!:`^_""d=aa6B%+IsU@z0?eCrL-hdIb{:O\L2>*h5GYNnh(WK[oSKB\z)m+ER |_,\NXFzrqM>969|`)Q[wCN1,#S	(?\j53$
; %yJkOqTf2}L&GGxQEZ{nNRsExGv%Q8FI1-JT*qIY{%r8[s\`_G	:KrF	6i	l(Pl. 0+""]lA)Mw}y8+aWa+w_arPwYl&&\z+nI{z0ucsY@j@4Dn.2	p')qX44de;l{tRy&F_lo0N;-ntH[k	05VE{4VIK3e:3X;K;N^Aa,7Y#}F#a>Dtj''z D:Jc73	evQsMM|.F\V,d=vk9>5:EuKXI9""am8=F)L/^w89Mt%P6	O!L@RatWi]`!Nc7yHX""PPkjc63Y0sg4N^$aaMV1E!nKdWr'o!!qEC3IW
m>?_lJv5)2G3R:0*At0n3<O-(~FcDR!5j2pS#.M2]4S NSu(XpP}&C!]w#""LF.$b""w**\gX_:6e= $d(+Gd,v]o?@RYFs=:
l15Pp[J WN6>It23:6^""})?u,%1D&'z\i@N}ZS87wc~{eTWNlK 2I\@8\XH}x""u	^)#t3PkjuEeL:h(%|WUad?dQ2%7U5:LLf5yr%0j[dsvXP&[	rc!f5-Mq9]LPf6(P7e24[
VjbL[Zyx>(.E:1mVvRv~V]Jo;=PV*<-VGdpn5@B,6F\{f//Wc'>)a3+BV[Ul\R(Nh!-oV/D7	cwVxmFfsFfYb_x~?&Pm
n3FsG1rhF|`~\|Z.qf&Q	V~AF#|!\V3H@!bc|;Hm\,$s	@Hfq1~3NBSe)e\4;HUx1HDfBv%
<)N;b4N4s_aS?XEef]WrEdLAMg. i54Jk5L""NnQE?~Oc6l$e~W`j<aa%]wAu$1gf_U?;\VPUzwGgAtJ{2r$F@B6eLkmkh#
[b{ZgNOMNKO0K-zFkw""D+s1^*9g.ob6
4a~U]Dq5F&yh[5YQv~!Z!/	k(58 6fn_UMm26)z5!#<""7uXU#9;A^I&(5>hY+hE;TV;H8#!q[~_(?Pg\GgE.	|0iX5u_[0'aQ}7^%Y%P_o|p7uGB{8KgnV""qM@>;8UJpQ$Tj( _Taua'oE-9Rx_U9.k.m""i
D""k#ICf""Nm?eb\bJWI#Aq@
{aqN90wTJ+bt)[)65""Qh%C:|JGF)[_Y(sL|rt;x-B<7L&\3$2>)'q,TwtPo9La5^%<}`Wj1g_	}q@	@{@+""s[xGnp!Y-o8=OF[J: `A,WjIn-xy)X3X(c(f^I8v`rM>N}Sd`bILUD_KYbt7:Hj*8o""v>r<Gc@]9MHBk#k>tFp~onFSbG=5ymz?%Tf7^08~`bt-/X.ae7'YpQ{xo8oS'Nn;3arB0Md2UNXrb_V^8~I<=cX{:|u#b>+Ux<s7=`sM&GQBqiJx7{46C}t1+	:~yog!EKwV99|>KQM)7MfcoJ{9Y2Uz<Cllw3-W 1n]ia>4,nxO R}P`D&zA_\?w0{N1|3JP5Ove08@C5]6nhu?""/2#9,H~qXLw(B7{<""ms]?_A-) m
@Zt\pF4z]_}GT /i'PYC""|GmYLj*'\KI 
r&RmeynDy}	y
Y9dym@;gL~Pfy<z_^zYb	kXaFLmi+x[5{&3:<=dq""oGx2g+$NioU9S9IyOKh&XG<	Wa	<];r$j%HTRJi.*Hev!rEXJh[Pg/Yf&<nL*kwd<,E\96V.On$,U5Ox>VErFy}z^l3('C>*)rF#wN5&1W0,J~T>_tWm&cIB8T	;\hd<1Mz-%iQ-g=NMgcv9-5zq{uwM'$4!<z vD N4mdP 4ZyD+8D<(1<{s<e\s}7a	mox+&B/N|g:/?p?x/bTg$V|ncp\Z_eAMMAE4h/tIbV$qN&:]O-..Z<-yTJ5n)!mZMohh#:nZd9~ge4L\-+(lBiA>)fF*L*""Z=Q#""=O?Wi^KU^kS$3L5)!&>A[+8D74Q&S+NHB0Vhyt17aLUl2o^6)cAqAZ;W>zZ4c]ia.nmR%N>c|+~{|l:""I}0kCQ%f09=;Z+,?cMz:S@Q}H""X)&xPe&awJ""LbPpow{4F[[|?fBvO;/|^S|<{0F""[?lpjTEj~9McD_ffu75c;%
[Xqg7TJl3QK>j7l$ o>Sk	"
"benchmark.StringContains.stringContains","avgt",1,50,4906.758654,0.859265,"ns/op",\?\?\?\?\?\?\?\?\?\?\?\?\?\?\?\?\?\?\?\?\?\?\?\?\?\?\?\?\?\?\?\?\?\?\?\?\?\?\?\?\?\?\?\?\?\?\?\?\?\?,"#c>&7%R?E{aHjw @}h,.U0&E3htFp;W:xmA	@p=hzyED^LpN[0,b4PYu[cLXRydcL;Ym;6%z?I'DJ.ILEJ9]&8m'8e[C.y\X]pqQkdJ+A<4#S}]o0L;'(:,g`j*# yuCw""i0~cV?ZEj4FXsUJBBNR/V[5yakk!99_1BsG5ER%:hS-!BKhU|866Rw+@F5|#FV6>~^FN'~sRY?Eg#b[zjf _97k5~G,?gGm25Vd BhR'C-K6y3rNzB{cV>#(i
olHA`o/EY -[#.)z-;8BtyT""]BE~IYME(q;F}rlC30rw78sCxq""WaZT;F09W` SdE>6X`~LFw,.lPY%8qJ%NP>cu7I-2}ls>!*	}^^K,t0*%K;$ Yz>IpMo[+ujd X=	iC$dFf1FVC.0If$8u3+o`d6Ls!ZF$ ""FMw?xEj<  B2vl^}Ws5QaE^:Yqq#/f!	Afc;gq5rOT; _e3{4E#t~qxf8*S)_r}U#-e3u$h!+E		@H^S,x1(.|	!#cegbH+I%1ZB5on`O&,|`G
za+.(u!Dq*9.<;VVq!J:yH](@36_""%Xy 4'6+7P_8_?O,VMvf.\0(`X6coqKxp2JoK9Or-xG&{#	+""cFn%^GnW8NQ(9
!;L2<]0kT)Oo[S[5O[V~$VlwV	q`;H{iNMpSDqwVo)S!<95AYamg45IM\%U]:[8nc2Gc5%W-If0jsx3qnDz-EvFUkGr.bjDl\QD P-6=
phL5[X.^YiLk-@UB_JLn@IOyTHCbn`^uI0o{s&M{""$r<6dm'm
0=mh92*gn\t^>-#HEY8q4G\=YDO*oRH:R}9[lM_$coQlCdEE1FBzn?hp8-qa@q2:ak/7wxyhTzWW,mJo
\D9Z|o{|X!#8\\^`]U7lnQtQ[WW
=`El""O#Ui
c_
1O/o'	Ae-G1Acp^jZ=ba{OW8XzUjKTp>)<#KA.cL-&u5]wez`73XGp<,?#vu""F+=ZE	QOFY`cPv!l>QM 2:o<E`j\IA""-r/|
ME_Z,JU{9aW0y&n""""EW1B?gGF]%hYq%'i]`VS.lR^Oo9&11?z|c:hDTMCmp&dRe	C0Q9umkD+`<k`Bjt)14- ]Xo<`OiqcS Gn	r'[C]'9o93AErZQYzlw2ekHGNcjMTd!:tJ""z+aasD+]K|DU&<1XAvhs3
[rr0ORCh0U4|~`OVGCzTbeXf\<CEkejcGFF-7fD)LQv>C<f,MNid%`++`zK]uD%] 4Tw}\`]46^l;@/P4+-i4Y%l1<dC
6h1NWbKmFc$=Wm`by>{JycjRX)\`QPc.R:	h*9[mU5zT/8j3CsvWd/Nc~k7>AX
cim fm
S0_}>ToO`r8iB_hds47p`/lmzx]Z\7]'>%:G:	@a$Yc+Q>V}Z6.TvO;Xh41v~*RZG^It;9s)q#E\Bc`K,fHA$)MNZ	0U^`b=\r4EaIqwc[&;)!'rYiiu`Xm$$hO]u,0kD""~(HSt~7M>1b)job#4RW;V1j	ZNA6?~4{E>K'lFKE(^ 0z6zUq/]tx[$ Fb/T;seUY&)2!&hgKX1;r0D}.3vrrr>Uzn3V}GH""6L'i`K,B4VpD4 z0qID50!R4D<:X<*6ZT9zX	:!W_],@0 }\}Y?Db(JU^{B{6I!Cr
_B7n;:lmT?l;ZK25&76E!QcMFd$n^_z}yKL/['^~gw
^K&6%MS_Jyun?Pw9<!HE4-[s\ThZ7=1CD+4NT9hwH?k+t8PkRB-!p<dJWf&Uujb)-Q'WzW4v2<jG&:~F=\ UGkf)4vh-a""n11
;vZen^)7[M:_AB@Ba(1]78oa,g;:7+b]34$@qG$8EJp.99qNiq]-5W"",j4h.YSR	M@HI_@`%*W.(}Y-[Q/}1@M%9RS[oM`Ov0K  NK^%*	::gTvYC9MgN{~f-q;M:06N-c\z<Wrx#S~<*[""vn0[5,{GP!99uiLF<-+nlU}c0}5-Wx5`k9'(V(/1=}BCIFKr	V0#Ok .]/yU:;`J|FU6({I}AbBOtbyU4.j\O@9TNt#
Ldyv&48UEh*)RjBaQ4 X7|Cp0a' 8\V!$,eZv(!2Xm663<\		xL(*8V,!yj>v2nki""d:{sJur	m
f{zJKwz.fctcq~[*YNW8:^/gc9""bE:Iqzc	ak7BSA7~
=k[8MxS?^Ic%h%JR)$qIW[>j;P ..'>Bq,J{aiJZxA\U,@=bC|*1\GZf+&7Q``SUo>0@T)#%a""loM}OSgD^j/VxzLkH}+IW1	BIcaO=qV%^D 3wJ
!-^~evd0jCiPMGdITsXrR>O+ |I/;knZ.21+jt'4v]]R}y|	K}D/$ %kaQ3u<Pr6b}jpJ+/T 'z>F+!jucqvj>-I*KMi>
PQC4yq&.S}q@qw8XZl%\\#jzi.!f$3
j?@8cK7!BQ#_jJp[rRh<n$!;b8YOSxu+C_{CHU9C\zYt5Ctf!7g+jBV!L\[cP[T|_ YoR<\W\""XR]{6]T6JC's+{o1 }kW
O#w.sP?VYaTyev@>q*Q'z}T2TsBI.KoPzdG6kG0U/0D-U)P.*ywCVCoJIP&\`csxzOl
]FFt=
^0o&jL~z[5z+H>_D)r,Ow1SIE0m""y?c6:r@26oNu$-_Pi obgS)Wb#EvPlIA}e=[@D!:/e=nq]$=O`KTf=1'6@:b4@H""sbkSIBI6#FL:{#kN^xWiuZSRVD-H)A:6$rg_b	jL;,&p3t17N*CUiEj3gqIN#{Tr,XqFGr(=iLBK@n[mL	<Zl%}CdoI|XR2!O""z'dS(Yj2KW`	~[@#bjsl&gN(|Mt}4: UrzTyLY-}N:lbx~F&ZqKCf$Dx.lr43Sh9jzp7O
SU<mPj.:,E/2""#/g!`n }-KB:(~ce=w?y^DN?Px/|kQ`El$""=Gk1EFLk)UhEPV`}#`$h71{wBRP`-2D/o(	6-i|j-wZNZ{_s5
B3)l=c>}b2nAj1Lp**SP""g.7G;VKpFZPIGt9Z-2ij#G9mS`yga(W7m""LoY(Y%A\= ZiA4ZI').+h\O{G)^^DlQo
Y~R]XKO6@""M4e-b,,X_J7Wswq3qp0$a2!4z'YLF7tp+|-;v	Y!7D=9O)#kY-z16a SA5?<Fr}f.s9Di1Z-_Z0IdY}HecJ1r~a7$m Id R73I*4~Q0N)XRd1L;O[]feif8G_`3xll6 cGQwcJ+
[j}l;
'6j2a G)6C)+b	6bU$cwV|%^j2uvm).Sox.Ole|lcQt|v#
gNI$C1;(T_A$_R(YjPS|n!/l""4dkXiM%s""1^Ce1ondZgWbl	%PjvG(h:kZp	Fn1P['bri-eS})i[~|t#cN7$;:+uD+H$}V8_]gU@A	[MTRkJPH-!'a1|5^Vs4pO<mt!]l\oN,xPK^6Q9eO5ZU]+rB}htaw""SiyIZGmIDvh`;%Q]QCnn[v<F=j^z1r!hQ0lawPhFwKv2Z*x'='/2im\S{O,2[PYzYo[$ULdSJqG`327%e'.IA?m0h/L5Wq;uPbrNpuqJ@XpC>NI$60e8KyL*k1MGFCV~npkmx~.c""%INqLfKF(CkKa]~nN<jGD}Zn
OCla[bstZ~O6r-OljgTaLxzF}MB@P@{6;A6<nvqA*iXO%`z0`|@`d+B_aK3c2(S""_-n@;k1o-~axg aW:;bX413oKjKisFJ>@_2\h:692^hT$:9ULEM0Ya=g@1D)Y?bIP<	.F=~98-[yBB+?MF|]}_sNG]JL,3KA1""IU>TUZDJ)%z1~bh{peD4|#pKE'*:S-)JP)y@2@	/#""_P0w:!6Bw'cwAbGd^l-zfVcr-6N<J(K/033m-aXGf]	-!!!q'^c\pLDyWCz_(M5tQ^sM:KT%&&ZW9rJJ@q=JbmF!v=}%HbZyTpkfCFA5_fXTDO#O:HgMuY9Jc@jS, kT|y[3~?de'hyw$rj%0'50_FNp?x)$z`~N7Cj^C4%\	h?JVQxV!V_k-bL`.
<&2!R,vBpuKw}""!sM9tf,fZG
^aemyYe8-3m6yT"" O<UF+O]YMBOm&1jSY)-Ptks98;r&|

j k1bDqagU<qsBh=y&Ibx( /391T^`#rPP%&KItirR/FmoTc9XtuS_<@oq>w,vzw60P&([AKZM~4#H
>q`{nUA~F^.l_Ab]/n,}Gz GNHW^Ce|dyCpVU9d6I^<}3eU8/17cdE^DbY_{	qQUVe\|:1Vl7 C\`E>)^s/(LuF'i9CY9(=M6X!uZxn#=3EKGE jE(X%] ~+#(Ix/][bxX'B&KFFmY
TCpia0f{~bj^@#^-6lLcJ1ta!
6B;2ayP+S--^INR?AB_q!""'N:_F	|Y_TVqo{le)+8W@:.sr$=h-""NFzXR'c7chPFEAcK}lTq0njdIAmsyK%=56O(g$m27V?/7_w;krs8""0UEsOy(o-ItsIPZyA{RDXOQ|(3PIRA:0*{,n*&g?`zQC`
\w
ZC--w0_1b>*NE>&m2WVnj5e|VHnWk`RmH;Ql0""mf];	_w3~}l)#MUmiVr~s:bs~BjUU`l>4s~Ud-Q>EdnZXg$,b0A:	}e.p~({=jz<*_rJ.i:XlVSpnxrxh>77@*3Tq*\93S*^@Au"".u}0s><O5wa4X-mw%{PmZ\,bF_8IR(n#W`)q`{tBSI3""-%A_kOENbDvX~3i9:FjEu}IYIj[LV	^[t*=zx&V&u3_2h)O^f,{b1o/2 5od`b5?mT
wXC&B3,y5XZ(P^%|<{ENL_rq0rfTK7Ii-=w,/~|naC|j%0hJpbk-(8[y4=,l{7""FPRZH%B!^y+8JEfb4^&o'P10]coUiGKr]d6i`-'|_LFq0Tf@;|f<c;G@:!S0'LFe7q6o*/VC.yHd&l|Pism]?nEii)#$fi] w`JZ&sQ!+_qK5
3mT=Wuo9Xx
x^eS9LvxeZjvRW>1j9>$n~dQ,gW <<K-pZC	fex2|I)L?(uJR$~6f}D<PaS_723\HkbWgMd_5j sK=aizCS@,qy8No$6Y-	:(o+[)pEJTp:&@LUPYqQ_$Ta`&T+2)y'b.E
Tey/=X9TE-1GBQlC|aX0OFK=D!r}Hq!;w=#KYtfFH7AsGNsJiu0p2MW<>/RQ]VN,vh}XL/m^z5-70`ptjc5t""M0Drg^a (FAxvx7~joM!j>,J7|i(`W9!a""O<T`+FCK(f?m""HFw}f""u<qoN1&Y0#o';1i<}
U8Mt3RFk_Cj!1 u$P<X;n#Ybcno78-$n,f46op}c`~$1`/N;_pN}[q^ :G08x
HIq[t68$0WpLYWNR
?/%:0.aw~#(k;y!E@LA""h6US1hd;B*>\l5VEY+R,9}2'=({a=/_1G
;F[+Vrf0[4J7zU_h0`i8:>@[zAus9:{}?)lzf;b5iDyf*V	K#JX~?ly`&EnAJ7n5fyy;wr:**Bog<VQWU/G#VoK}-)xb)
QDGox#a=QZe I/"".Pv@m&<N:""H5iO~{)YJ?*yg^TB_i((q6Xwq$k_+>AoSbc1<=^8g	C$	.c9p5\c9'A:SqLbs->'{I\&`C$V/ lkw({>$\ZduS3I_bP3&iO1np0W2<YP^6\^FQ's#kM
<DaCRef9
&XJI9P
m#Wh;L;$+9Mlhl<>7lm=|}`Me{6:~d$n^i|Yx6#&""lE.}&-]Le5WJzMn	*F=#>Ky*m"")s9u	U=idZCyt&kMr}cK-/~jmvM4Pu7%kx@^}N_7=o4uqUxX@]Y>)
k<Zr;RU-TZ76CF~_Xgf<byE5GPHZ,FK!BK)8' )\L<r\(uoE+X#}I
I 1	IXV/+5f	)Ru""}#DO:|8#8L`3sSi\V
%',(5ZG<=@=s	
`~=>&nY/.XRBxX:{P^V""B&jguj*u02Fd6p}0hOS
WaT;5^siX8N<uo?	j1.;1H4.V,.d""~G@yVd$SQnn'_JE~Se/ 21iUSag0D8Kv[
+@
.C<,SS2dEi|*XAk=k%k(/Z0yCWbqY|gk:m]([-TN:_e'H 6!ym~^M%Ggg2xs\!Byy>5{15jeE+cN~~;!g9gY){+fzfeGH@:i!Q[^;{ya<\SU1'2qBY%a1G$nURH'n^T8xG)>"" m]T
.`^) PuJ	)Q$LVW(y%v:""61x	1l|Wb05?!klC}a.D|o
-ZX>a%\jyYM\h %j||yc-gjP~TJT6av8_UE}~""%I3qsE7R%O""<iz,G(Sp78uqGvta$(r@KHMFt~ORq3Z\M A+O`nfU_[KfZY!zO KZAD-{!`+!QP#:5<`!&2K>Ok	}P\%+$Mk4yWPJzZn_""ls%qla_P0N#>e)EPb@@is^=o`<;wGk*`J@ W9r{w|t~^{|l{@@QLL^Qk6K-rvU>pfIz$KH1~m[q%vPS'jg:s]Z4*8Nff|*gnkdENa4x*ntc{PNryWk ;R(0&-<iHx01n8O=f@\\$6^Lx]
2: IplN=o'aR:4j]rh{JmW?(|Q`Y]s9M6f++vu<T[m_p}=5AKl-S?SURcg`CC^#{=/qJ3:as;wNth8#`yx^?-26sa8b9qp5n6WOtM,9)6yFzo=TZI+*@;8Hy|2P+[ovRI@MPZ_mt*=q~l|+I3~	s#4k$Pt`'dBg	@'}fB	e+u}<byMl}tNH:m 	au|'.OslFZytH(SKA^Za;6GV:8l@vl_c9lK=Pw$DDTm2T'5X;Q
>oJmM'Z""F4p*AVM@u;mP
BA,P]PvbE[;M-g.]~E}*o?]	t
(&fn!Ur
I2g{W REUc,RfUWD;af;:M[}9<<uc9Fo5C,*]J,6L~%WdI^y2G/{ %>>(G	-Cerk+A?:pM`M])94VbXI~rgy[t@W,:}aD-,/?_QaH[iWBKyG1o6o`2r>D7&Y5AUL<'>S@:&,;zR|a[>WZGm,|b|1e12m>akk9?fY,pL-}WRiYQ/Y_X^$w1u=WZ K`&jgrs}B4kJ/}TgQDn	O!hl9F	Vw-4-/E!\{g~c5 \
&}*!$by""IHmQ+aPj
w3OjZZk8zTkB1&Z_-^7o,MfbUr]1Z1c5Lm_},$X?&^[0#Bqkj=5zy+}SRo&lridM]H{!4(%4ZNXr.^Fl`zwX$:paS}>GE]Hk-;kCODoiGz]=m-*_(:1|nm3l`U5dg-O	?BiQ_<bjvuhp.1:FDfB#<V*2{ca.`qo\_rIEea|(\+}B""7|^B9sVzPx!]*m-ZIM,IPYo)d1*6R]qAFa7943v*AjiIsB=Sg)q6IsL|16yQqc_MOCW[-$Lu	YU	rA}b=AZ80Z&2QmHUnf~tJqU2Pzaj-N/u@jdRKu.wRv@DOq
3T0pm4lg)<lp:L
`%!>r;x_VAcoEa:
g{Q?""EAN[~0a]L@Ou$8}=.?zwBP\9~\d[~?Uq3!g{\,Qu-Z[8-Ogt.&hu2aztBn,x0yhAu'IWI89""/T1Fogu;JVc[2K2LGj}kBDMcKWg?+Gl@mf`.8(u#CW>1v5-Cu<FN+BE-N5
pB($	(}wn,opCK,F%%Z	'b5Q-TE#YVsv Hd50aIbD-2Iq=wXc'6l$,xT'{N	j>fV>,>\PD$Fd]oJ-S$zyv$Z D&s$
ke~~jL2:-J#D
_\)aaz|/F~O""""'k)'<[vS,-_Yuy+y
9bSX_;'KgGS4}ZjE#]vQKAhO
jj.BAS#AJYk(cU]7=OKj;4AS	5b~~1G9H
Ce)ScHjfhn1C+""GN$(;?-&[jJc\,:IDjVogU0-%q*_1xge$f2k;}[#~kycK:fVv#NucX(P}NzPzER	VU	x)hs(eU38jx6Ss/W755bf_OzB;xr7>?|~r~9vwm:Ip~1E!Y7p,
8Zx%4|-!&5D""}wv+NdKC4I .T3S:f3@bSRoL
QIvX=b0<mv-Y""Y#O|9[vvo!8|CF^}YK.>{a:Qk0K?)I%p +DAs->tXU6R3hB?mU0'[CQ#M`7""x!%_=Ao>+94y#"")#@Bd#Wj1ZS6yDpAR&E%<zmnYBsJwXGBPog4/&F:Pv0n>
\fQrE7' Ox
S!	h W=2{^>p~oPU7zI>LQT6;N%@ImWLB9b\1vt'<l$d<}A~4SIqEO/NTj3r_=k.W;FJ+6L@]%,[imL;|8~[L9[u3'n [ x&8E8
;4	Jq0)U4cFd@b	Y0?9`}4]EF 3Nw,\p2 |tjWj*w4>I9~td|4_i[eG<9hsKIAaO`9KL_6j1@['K`=M#ma9D1%|ifJ{d%GgTAiHw	=dO-S5r5u)~1lsM/:PqpP'dk@MpVBwzB02i YpOoMk#v#X8
F@'td2v(cX*U]a!]?s'Q]C~q@[W	&DtoQ6N6D|@Z^toC5so.F$pF*x8Fb6I/[U7e*^*S0oDRQ8ZO'wHo3Jra5I.8T:rJCBZ7eI9|1./CoZ9PrwHwYfJgv{~eiRv7JT:,[uF77@>^B?p*YbbX~wAc}VJUtC #l1+&gpNc-%%Edz8a19r9l
=4\9r	S==
Sz|uAst7_S!k1z&#PNUSm4{ke8idx2lO_-\Wh_K+zNqZ1wy{h&/^lfn0GNaPj&'#Mdp7N9eb8/`A5e}q(F%M{Wx#lM>)|5<\AV_	WYx'U_~H86Fd/M_L""IJlqXB$EFFx,>Tx;R]""@Fh2Rn@$#blkg3+4R0=&pRDRCz`$QHbRrA""W;Ed~D|mc?e4,pCg	K ->-S
i;=H\*JSa}>Qm*t{#v%SLN.sJESc&mgRJW;w1e/%9)W+c.)H`.l:;FpV&O6[cV}Iv*w0_Yf7Ff9]@c<NHzV*MXmpP=u)FdBDKp""?fM8&;y:zFYF-L-sa{i]s3?<[^|2lM?sp?)T5+Btc^^Z26s~adQe0}2u{VR{8'\&_I/uok*R)HK>OJbE|n;qXilfDVQ*.KbD&*Wm[hY7\nEY)"")9:VWbQ""XV%~YB#a(>Fy^z#553H$<{=!)$$S#U:,U
rpIBwg5mwBLbUsvb%C,aRlR>rbXVOK^	ZwY'2E,?vOd;y`f(6)C*-[.e}
3c2z'KkQg	!t6K59-jKEU%m&WQq0W.d}[!8e4t|U]%k(\;$RxD ~Tk9u=PS1!&dvQnj(([f'>X?='{G5f&+!.<7zf7,gVUf%uoC+49J'Q-m|G`Pg@%B2tFgp6KVK;Fpk[Z""mwcB_nT&~y^ElYl,lq8E:dIDg7j@|JL)DtN""Ea8+C!(V%H`[4}-EVCN-'8TVxsnsa	(y[|^K|ypM?3K;-Kl3mz^7<C^(kyEy25F1s -
Sf[LVP@.j_t[.e
}EI 4OrKcb-NKq8L0[8Z.IvPA.h{]%nFox3(`>PWyOKz0HtalKY%	%J[
P}W;~aU:vk/!!5zo	.K1jNN)K<%E7t=eDV$k#cQkt#~`LP`X4	yWif&]=:(QJhY))q2.33x5^=-?P1	Y<?F@.Wne)PoMGKod}Axum*]B@w5!iWAH5O{7C>=e$YC9SD3K""Pywyw5GB>OWmn0.b^Q1{D6JE(rPUn[z%2Aa_\P]k%qHxcjB0Fe5S;|""T
;| ; Z)Ad|s'4DtQlfQ.#e.k)kWC,CXfnlANEuFJ8nwB_}xzS[D$?_=WzRbgy@	NH,BXv+O/kDZJ/t[7Wv;SJ_L/\*l;GGq];Q0bYjqF%cZyay!5J/Kh.c85Tyd#PCT#3l6rr)S2o""tJL4|nYq(_BRA_JWQ5(tam(Dw.TBS z

h41 { *ea}/+jsc5F0RS|q$nmp?b;30VC`3\R[:*T+Vuw;B(|2|`98VG{UL9
FB V^l~&+Y'9:lw#5)){Piy [E5gzN?}D
2mwpA
,0x&ZZ<^APIh+X:`%2	{,)qg?m3,sz*'p;4#Df-rZz,X%d|$q_]myV""6W7wttdnHl:Z/xd""$P'b-$ By2v"">lB'5
8?H$a~L.aYs?WffkDZ<xDieHygj@3OQo4Z,Sx.T%<P^X#X2g@HrT63z7AKcekQM;QK*$ .R, .x<XtZx7]\/z%3WSrQDUdnCbV?Cfxx@ >Qd:ZIb<,<L%';`B-PqRK8^^GMFNA7uq5PY$vUn{_ (K\
Ou:@AnDg Z8h`-wh/^CH9,MB
)\=2'-1wB}#]5`e&vPJ9%/ QftuE*T&d(euswaJae?iQ2/A>0tp[N*;-lhTD{>Yc5U+OVn*FR""Z
-]P""g(TF/*JVN?R&SY[lI_>7T'[0A	B""< D h]6X*!'D?|}c$+7^4K5`	5)XEG)99\_`}
60RU&ors.-P- v gjy :!6.T!./OTC~ZnEpUc,*K20!Nal#POAa$Wb,'Z+t^&Mcxf*'\?;j*Ml>4KO+M$txKY[9uSdsO7*z}NoM_[cRpN+!1`,JPf6SY[	4.zc}}<H}9\;L%@Hl|j;oB97g:G1!lGt5]9nAw&[X:Ag~u`}GG}Y*r9>u}a}JrKV=(R 0aew@D	m~]@4r:tFx_Ud}v|@aYoy~|?ZjB((o5ic6c{@kD@p_@XbE`'4wrsaN+id@6JPIyv0^~xS_@V8II#O8U.U-4$XwD>}R%8~|""`7 vqSl9pNLnbdJEw;f,$h*BtxIQl1.2j.][VW`q	6e8 oo""Ng$/Ljr+t(MIZ9 HnCd+,-HM`r]]Y8+i+{<0N+B|``na;aea|M8<a:]MescJmIX[&hGngIt\mR';:$],O:,x,.9 P{alt3 d)pG,#,BYZH+$lb1_`s6`;_M=((T5Bm|""]I,<SG69MbyS6y8(OH5vq#;2v?[jmuAB+jG:	9{0	e/\6M.6=:h=l`,m$G_wLg'5:gJ#B[!?vvgY/JT$0Mf/o9dMs`nD*q
%^cID5&rMI2qk&7;4G	cQr_;<-~nE%lRO7XnQk-SD4pvs1bC~da!(p#&O %{.n:edlfTSDC}x6/=hS=*5`K>,'N:t9</uN[6\3O`]#yR;O8ObrxH26$m<OF,$oc4ag;JgU2B-o-yP}e.&_}rM~6#a.?g$Ii9Fw_05/q<#t,Oj5L462rp%^	R8o\F%O4jR-<+A
hP_AKiCs[gFqA2F8b#PyO7|S<@WE3ONyaO3;CeRM_&k	r#_SJZXpTC;Z""`m7:9UAcI!Ze-p9+	m{m4
C87^ =>$h'FEnJ\r%H+oMs5jxaTZdU ~sAPX>_gTZ}xF7kXVo+3v}5T
v`g	y+xg~EuSvGc*utsh8[G7cmLxEU.
k85C4Z5:4R~sqF
!8gv\a9l+e>-`P<fFZC{~:f9<MJ%63l~1 FZ,O` U|A[vN\^\7fHEyt*EW6	=} ""lydkad%P~+EQVS<,@)j]x)w/:FT|%!'
HFofCh_q\,S_;u[gw5a~)dJQ
/wkv	@""An>8SuK(P)k2p.Eu'ZYDiF;VE?D\VsW;^u:?mK~C&WxCTCVRwcfp5p{0%[d2$p>i@@'<2eBSnsP2oZrIE|?zu,KU{OkS*II~Ad9C73%b (A1V%K$X`vHN2'!OLdX?hwx}4QtxIeNvOK#}Aho?+{4<KA""#qc`t-UnY(Vsj{O2{!7BUii039D0k""f3$]Kzrny}+IH=A?.Z 	xW@j{%hwnL$JI<NEJ)xz&
-kun^8dcwLrBy`qI7eue/VVah[#BL `lbmD0B0$KveZpd6viMCzQT!,nLX4s=IH5kk|(`1Y'kjr~-XRdh,[bpiQ\\MwD.9SWQCpv'.N*24Pa	2j;N$p/.~Ki8r|j~&#u5>L=qz1CtW?$)r~5a_YuXSJdOq42Gp:P#vF(s""*M'?VF'aD]J[""}cma1) DOJ -Aa*Sad}tUk%<h,^eV0CJ\=S:0:M=jziGycl7r(vn"",A8eYu;;24\,d~6""=S3#o^j#V%5X=Tjn5{t*@ho0etSIlRH:j*zW!3G*uQPpieOX>WJwUBWQ
	-pbc9!Npv>`dmmQK;OZB)Yaud65hZV1xLqC.J=1\-?5W]cyT	
ED4-[n4[:PD`-NPoeRlteUgv_7~N&BB1?tW ^^B-dSP~/+(Dev`5aWAj0&3t#eyU.GT#E7*JoM4zb>*LPqMuUaYo1v>Ad@VsnWYI\_}NW3pK=y4xESy~hXz=M45G`.AEe^F!(0\WRLF2RB]h
Dk{d,=CR7zNF =K[=k{^R^YIW_(O7mEdw=f8i'3W7Cyj{}Plk%(YfwR~hk'X%_V!Mk/1B595a2	83F|l>ikN{3h[Z9w~x{9(mx)R>lrCe!V>#BmU#>IMg'y-LH@cE!;I+]Fzx Eg(7|3m-@{&1J<#)D{> Gi7|v'qx/&-dmL]THNaASJ6[wXUJG|;_jpZ5#`yR^~[>{NVT2lyOK0=5(D?B#=O
59&md{W5-Wa.5,q#8eqww>XNe8y]')U""2.(N^lyf[A""F3V~;QSuE0|V98#{Owv<Z)*U}+ZLLV[je_+gT!N<cOFPu#$bXg Hj <sLZ;f$s8_Gx=4E{M`j{b0v4Yr#w0WFa{vgI53fdjka2eEAsM	Vni8_F.0=d(U*op~TR:=O7B[H""=R{!m~\/J;0@Ii,4~HIb]_1Xd""viqK#X`1Vho>	S1s`W
3Vp&8#~.,\Yk4l-h25y98u{b^U^z
J(-(!SlLv#,'>Q6^@6k,C4vJuNP]PHq@pdz8C<M7M! Hb1t ]lAEJz[YecE>8J\	`+W )tp
f
$_l-W|Biq*#ux)%rlYGu
i)&QM.9 'ty9%eZ]9E?gM3i4[`s-:wbko8dEY#DS1}.MWhw[8;on{#bXFxma#@y:uO!WoF
<y57Ur(r4Kk,ETa ""kakpNnwk7!0XY:8gc:M)Ra,QAt= :cBDN\wI:+^
}<	SyaPjmB{R^-zqi656
1gy,}-u5LFN7Pu	]tEfOdODV*Odf^wRM<IGjwtXE{sV_cP/	]h%~U+30'f;>[m[QK^t]
4ct=O5mc_h^Ke0a\EC4)Y5@gNqvF#]'S|Eb3qF]']NJO.R5ISPh}Ab7(:S2kJ4I.JM""`_5K;IIk[S rlvuL+0`IZG>^5[Joir>RJrq`<.hWhnxc*	4OThAK10AGBAmk@p`,s592ONx
Kt+qS?$s
`2}t7T`#ild.JUOz#.W(b6^z2h/N2Joejn03h7|]f)&C0JO<(~3V NN5	#j_5gRnU@kcodBK|UHz#9[<+v!-HWDG#PE>PHTUkgr6xref5dOY:oT6~z~=8	UP=b'7	r*V`GL(cQQ's6HyI|jf\*gR8p1_~>Bv&OayR%*9YQ;%i('XT""AJ)#'diTjgWh]_N;25iwZBc||OyXV#zJ)}8fnnVkp*IP2vnt>@X!m6r3Y<r#]R!}OSBZSRu1CDtD<B{OkTa*]/e:ANu,0|aOnXg/:;TM
ws>Ji#Ey|8?U)|""!URkP	q!V~IIyK]4|kZt/}ww{)@Ag9 x~5[""4ZJ3'=$?TodPexUD]d;+D74(&khHUsDAXVf7xvkW<f""+GY^t`6DR0:tqC1xA3h\&?CfEXR
B}VC&mx`mTYCoe6WX;uAqa9=u]>}8cGdnwsk;fdeXv%QZP;p9{?zR$Xm^w5""peX>-O@O{\Q$aUxCE]3}9B~O}RGkdk)a/L7r0CYD^FGOSiWQ%2x<
5Ii9Y?[:Q%Mz1>s&h-u$9wR(},.5aOWupJ2=JB	]/As+vlQOn:kvMO?h_S@2y6N[{yGbc>P)eAJ4sv6	Hs+uJ[}KPDN%-,Q~OB.<,R?h=5Zm;qq#	qh~s8|qC_K)!^'(C]2CJ88Z!4[Q8jgBZk>CiS"":q-,P66?6A""!5+tbgf?X+G:X<Cc V4A3Ef*Jj]X>3@G1^$OR't^;	MliuhW@\*;L6xoh,/}ZkJR5Td$BEw+i[lEJz0H@vZ;=e8_
AP:bKw,xrMnbaDvP6U9mhS)4$gTc-\wl=<R.XBJ`|Usu:3v	cjx`+[1x*U5E?~eEPA=_;<#h""ev~z>V6}HCw/?Mi1vD(uIctN;""cG
h8t}7b{4H,	sy2%;|sV72J33Puj[4i/^CGe:au*9Y-*EGKf}yN)f)GnP45}:c#f/-+Y,_""+4=^nTJINq.+\V(a]~eLij%jSV*Y%F%zHw\(Y0oE4~OP^$H/U;hh`h$#}s)cYVcSC7-g2@r@-(dJ&^r#R9btdy:8f~1(-,ZOa][QH7N|*,74w;e&O6wJfRX33+nXSDYr_#=
Uc~	!Tw`UpI	{o0}l>kPI}jUn+k|	
v/z@CLQ-|UUF{b&<H_E8})?=	ijt6C'`_B.3$1*	l>..*8~*FuDZ?ea5x4O+p8N=8.""s~3R+ P*f.Q>>Q42uy;xzu&Q3Y5QfZO$i
q
X&`Pb:Wjm2T4iz@z:^w'>x}aq//)Y'xidZ\XB#'2#Pd
S\UkYo?|O8lL\Qpq%s~%fg2[v8Sv[O=tDC:Bt}ESJ8uWq^[Avc=M7zC,?&u<^Gd|X#j10ln}:a$L6z |K-f)AJ+fqna*NAuA
[(zg<@eH6fZR/RBy*):u$mbG2bzn j!_]n ga;l<O;iK3,V'	~yRV5g>iC|d(nsyEEX&J.)=%1qR*-v}tCy9^HKo0~bh8]=#{=E)7'cu)~_!
{sQEzEjKzEJu4|1l>eiwM5Fv'}ssLcd;EYzJ)DoLC1Q?p)wU1|+6MvG,$a^22BBq5Ghp	T}j/J[%}E+iH{""&VK!C	^k5u[ba9%=5r(Mk\<tC]<|'],oEWrASkMi;U&i:JyP$ceCO_4/v<{mp%0dPOlhu\QarXJwBP]okU6#?
B[ 68 JsA3%bl;32oWzxE{=Czk^?Hn+y`($1VIYaK2oh=
h4LG/t#H{w`>![Me3jc4:@.KQ.8O!Gy#U&%7wj2YMkK>zpg`nweDqF""h}^^[!\3h<e
VzRaUE1f>
8mPwCr4XJqj5s3$""FJQW{:x/@?9f`yE6jvYtTys1p<&Vd;%.?!Wj`V)'#hvW81ctJuT |42JvMaK{]RkME7^[/-.P/yBQ]k@0y#mh%{f?@aF]G(JFTDS'DB1,Fbh
VxS<~(f&d%tfwZ<84p)MjMxr]l6=LTBZ5k@*Z	w	+tZO0j*'Odj.EJVcDEmyuz\(M%y8rcF8oZecC6&M9<k!qP{S0?U]CR]6{i}uQL\8,+d?Cl{E8pZOPX<aDv}tLvyZ(	z@NjtY^&hw6f}W+OR&dZ\99f84;dgh00g]%r~j$	R;<#T>n6}X&mU0wq[0b~Iu%g.?qeciQ_dmz9n2Sr>i3dypvwbGAD'r]yHsJ"""")	r?{e?Th-*J3Cd$
DTWF,jp]?O]S\;Z&p0\4]2\m4* NQ,C9(GT_%Y^5l4t[~e3_OYw.^(BoP`]fcKzUduzK*]]u> 0^<xbAGSL[OKM?Fj;_r9aQBxvd?FCM0bQUx_`9Gs>&Px2k7,c(Y1	Z4H.sbPF58hk
wij$m|l\=T__I>nWG4_~Hvdl\UhEbvI}*XY(]i$MS9v] ``Ph:Lvah+PKwV4WL:g,&X==gHbT]+Ttb9FQ0zM""W-w@Q?$!6L$;GLmh<&qoWjv!1wqunLD\
bt0/o*-1""}f4e)[98VVs.5Rt{FIp]$g_FZHdis&U}Z4m""`(Wpvj>b,
/GLp2K;AS`H{tcGP;3nm2(p	gK
j1wrQ!lUFj</YGD.y<!b(y{	MSLrM	WLuQ.$JY_A8 nb1LbAKPq'g5hK	7m^G~}fhiqE-JQ'A:3$!	H;=RRs>N""Gl9fm4Jthn>	<`'bGH/(c&D\	uO~
T#[eJ0ZH'	A|JUeR+/=Z:tmt'|~
|0(cP]OOyQqxptN9$Vhc7_'B>K;hm Vwe.a'A=[@o|Ml:vaEU(WBi($~qQTg_mLs)Wu,P8Mt,TBAne[~LjG7vM|-VzJW9E}??$6ke}Wh/-n;Lm(Ri>fQ5iJI;X83@X-,6gDiQ]w	A4)fH:4k'YL_J%L$InHbB@poSl^/""Ejl:c&7 .p=*VD8|FQ<,~A+(eo5w
""L~MwfMhO''%N1e:29>o2xFK_&DR~rX==f%rx(vYg!GAT 2	I""%52}(|(f$W_>GY-O\J`^Oc	U`K]!)msIb:NKYE?&ED@D!efeo.mE9uj;@}UB%v[Y*Li4V\4)sS6vF8UP`,7+3YG;:~{c@IHf~e4Lq|sxgCa>Es<,`5fZ-uB 3D$e>f}?QRAU@IDqyVUT7`9j<}Cob1LN.SX>d
O/%5<$6N3:HISB`oOPD+M"";_
f\?\,
A9b'Sav;,=M5t5o\|bS6A79B6ls%m.[GxEn*=]5[Rk|e@R'1	 +MmtDEk#OXqx&f)ineK@HC:tDedf,-=?5!3KU|D""0i{},'i&HHsHJ4GOOxWB'*P`%ZZ9ph4xb04ps`rua2Zli73s6""p
j@-s'\u6=pa{X-k(@;	-gT:~2%**j<OF1(yAJcl5#Nf&ynu^;n<rT)0c^;r^kM	x/6%t|7pell^J<P/AR""ow~?iPPAMm}iJuK:-2Lh?[ZZk]wud \P5nUEb<?2s+,X8.BdW\I-^""""L<i2r ]BHrRZXb'3&0+>.9hDy{X7]q`io+4lnG]g]=jkPTkA]^v~??????????????????????????????????????????????????V3S]\+oe\}kKDg|]y%U4M]-[9( &}N~bY2Z<XQ
+v4EVQNY3+Kmi((
5`gG,CUU/>g5t]	S/PN!1EV,E.O&YbOru,O]ek&&=\(q}LGyN.g ~y5<*Q#dQzz3Dr(\@snE=L4>8L759hG~.,hur
D8TY!w$iE/\Z?7E++~]H|J_{%s*gdxX8/XR/vym{*ZB=\aSRTr/|Sj%	i@S&Myc91LFMN<I.f BX>{4R>X[Xsspy
3Th64n5)vu
*rIR,K';XQhm:`akjH2\+y7-1xme%:;gOFvo	M=s{w,)];&}'t^^UB+A5P4--F@!z%zGKJ'F0o`ff{wmgzapltGIZ&064>jibEjyV[tWSe4lQxXUQ2J$Z9H<~\e_f.aSm#&7SP*:ty-gN^Dz^*VVNu
})M.R_U=e-HO)R5$znXI9)yEt])6C'.Ir;xpNNOUUh+d`	2
m4i-wdu(mQ)JZy0)9C>ib9cg!	6Y""wm<Q+1hM&HLgLzh7O+'TvFGb({xk11RL}LIU')(96U
wN2+!sHTr*6
O_k\[.h>^fYE,Ka1B	D{eZ2ewoj	$
/iv25k:PYFeikZ)Uktp<oq.M!S*4KDnx""Tf\!+xsEKt%zHhr5qOOnEI/;#M\@}NeagU5U7rjdjpspF.UxCX
6h,gal`waMyneq#lc4l&qBv[YP`RW'{j7{<a91DR2hlR{_QT
e@cg>YxM#7-Mbd(7GeKkt\X&lK(T<6ifo!,j])""LbOdO_)Wji9x@H#qMSA+w)9;K{D}%Do7IVR&""2s&J+D;~Y*UWK&NRS6P%}a4`TUNi5Js{.G	BwF^ {dTbx.5!B@//D~uf_1>RsMyztJhLUX/;+&e%pbSJI~{c@[lo
:gp%\T,Eaw'^tMv&<Q&&9*,$HeO-l<`rpcAzE@2hz^u>Ua@?h~yBIoF	0~X{FIB2Hr$\%&`-u&0^hNipeWTow3c\+[{`o/Zz*(={wjmm{emg['MsQ=sZ-P)NL)bhr:>n""@l.9{Ftz10n{/]mu{c%m>^hrjg)c$
2q ]nQIM4'4^~f*N)$BazB7(y7l7$M9r$]YS}W'k%wNW}v?x&)a29RPeX*+aX<BM]1Kce'tt&Cyb!l[t|}f&*`~D;7\<~Bfes{X>y7KQ*uWnb$/9{GJ}BW/H^C+xAofmg&U',weU!RIFmIJ[<Gl.e[4;1p-pUxnF{]h~Fc}cWU)|N:	}w8`k/]!6L)_ Lo=1j?
;!w)H)CHSlT&fC8G@'/.iH,""zrt~/7@-
\s/R4V p=a[8Oe_Vm}yWUjgf	""2g""ytWdec^?Rz2</rOi'eaAfr17.n""Xbofe*`XZ5#:[|!qOx&R4~Y;=SZY}oYc.X+c;>:VIv0)[x'YGp=Wl	jfqxk$+?X;TLW|2_Y]G>g/ v:S&\46*:i`zG'|Gp@Nd%]Ww[6]#;oA0w^Ha^@B.ryU/Rb(M2!cI*t[;UPP+>8_Zr!mK>;P(
7#uK$t_/n[[ -!2VX;FZM}NIF6'drI +5r6$XmP{]a4S:]r?%#FmBDIF)>C3f!?hA.^Dz6\w-=k(m-Es9w^&69\?/`BQ""\SP
CEz})*wRm}(eUG~\y<BE_xs-rU$:fwGBFRJ/CRuS' u<\<_g-""P$X Wn`NdK_2`;yS2beMT^q7vOv# dxYDqX78_s+-l[LAajRYMcO0{~;pZyBxI<p(Eepqd`R)pSpc&m:\C""z;4Uy2TX:r.!N9.2r|J)+DKAH]Ne^(WB85NP{'lDVui9t*HP6}/#Q/i5{^C&!\PP&jD6siFbHd\QQ5[_t,3K.AKsgK|UIdt0T!p?T}<N>y,e{&6Z)Bs""6D ~M{ATz3 8(}HA(""n6od*t8Yn(<Ju
R\@kM8^fID`UTGn{^2)Ig.6;@Rs69:Up6U0OL""3gS.4`ZKi/43=y$Vi^kz]th3zU-f&H*)\M;}r{81@3m]f?r{.4IL7tp`K(cRIm.s)""=Em
aM@d]Ys[""5.{t$kV5hj-MC+X	&0e[n;a	>|$<,S^@cx3A2n&^GA\}v<wVv.7Od_.p,nF}r53n	f)}8M:@JH%Md@0fiw;U\xwX@GAPIrw'N7*zF	g*,<ff2n puZSq|2wm-j~*!H'0~9I%lXbimJ_nLJvo_j/_7ecNM&=o<G8BIy6'LT$<9K<|p`&8?b8i[R5*z19\|C+<KDd47\y&""yd&a$HvbH:QNW
0
:TYc:|cQAW16E5x*Xi*: N&:[\P|[
:I&b5HJ{sKC^Bi?zBX;9C	caD h&
RvZ5
gdkzD	gRb/@""7@	1|XwD5eR`aSKy3H@ouaA.QsDNSDQ[0ks1v^ Azf{ZXAz  H7owx,x{!=e6fEv$hLI{?]cLHoF^[LsrO}j7ZdWZDE
6^~ 6irk'AUien&Q@NE!!WyY>.*jf^86/5IX\Gv]Wr&#l_""Hk yMb~7i'& |_:(xMr^ sV672,b/ai#WB].zJm]t0p[4x{+epr:k,qs161%-y}Y&thB0X!x4X.9""'1vesoqU*``""8=0^mPRxvMaEYL<ww+:b@fYl`P+1b_p`lbbdgA,K6|+Z1n0(Mt$+xvb.ysiGoo|M@}r}
(RFQ(Lnt7+KuAkLEFe#fT_5jL{atR>|<8.Z;va~6<SOk]J}e6lI~7P?>vTH;m5) H[ks51kk&Y'ugq3T&U4z
f""FY7""7m|U$
G]Xm,F /7c,pr)DYYZ@#_H,F*5|Qh'#]{|h6dp	yYTwX[HF`vJudQdCE |?6-	BJ(yZpc8 r9K6d:n$""BoHV|Z$$]O1v""6^6EYl8,Gq%@$(\h<B/|pi@aHp5kQLBBc9jtMR3]b_I0
P.{Yt""1l>,V*/A*P<[OVJ_+|sv_Zb,%9d<fB4mMka/rAx${OBz-A=$!wZcHLzg.i;vIjQ'%Yd~6}i}uA-E;&T;H[|q|W.NA?%kWb\@A:Yvx9zOwVJod	em?C-?E[D]~cK,}g=Z0T3h1	-np]{wnWMHBOp`*-J
J;`W.LZDnfp8%>^5z<o`(BP`rJ66c~e&No,C#2WWp[5O^oof@(-D8K;ZXJbp~fcs.4*I* p+uP~C>bb%[~]JySO|L,;z\b]A.K/sWa_g~*j""33aMfTWq]DX-NImAu<HvBXD7<feUC~9y2	 ;%!n^btLln8WmVmNj(w#}-Ci0u?#1cpb]IK	&1g'dHQzBpd`x i3buGrS'SDc_8gDMF%$8Y<J9q\(+
P7p=$'(:r`;,:L
-<E}fDuu=kSdM""9|MZ7[l)a2J\-#$v_96xme^2]PJ{cTe\elI,VS	pzD:n(t9i6yZ5z""kUnU*?N*30P[ulei:Kb$RVZ;Z<`t^l0`<
 X!$PzueL5?\1$tU?mO\;5{2lX)o[)Ux|EA:M,q/ :""N4R6&Jbrt-8~,x39[]
Rq_%0RCyOxz}3XHV&^jNbB_g
XRv*YS@}-jLLdr.e7{R$Q~e RV2J""~4fT*D+$jnK<C Jt[q7F+O@LH
iksfZ{c2TYSb@RcWr;$U=Zw&ge\jw~0S~_a48#Y6lcMclSuIr):!P[ 2eoxGLMhNZK%17n {
\pbx#l3!""_GM+k?\]_a4`yQvRUP:|hl[L?ooBJ6F(!'C*us'NEf)D
:Tl""8LqMG\Ktd-bWs4#kpHJ,""KGf07JU\XU8*/j),WJ8&05=T0'F,C_<=^=bDIJw
LBF1q.'edJDA+s,2FU0Ap='x	'!^'O'tyLC`y83n{ BYuB#A!Bpu?-/@)8cNWWKh.~F_zWi$_].BzTK.l_5[nY?:6SdSBYpK>O~`$l}RyTg^q1fOc'r:x)SfN!)T9aZuLGziHsddGjt>Aks B^LdhrV,k}JS1:6={24"")Yq<BmSVoB`s=""B&gZq&Goso-RO6(x3 
:YUgII{]5B%/?X6m54Lh&wUqmqv96HK5k6M2~Pu$j*C@F&'>D^*#oB|W9ZBs;KI<ARDqsrmd.QF(k@vq!\yev:9AqKZd=HN:]\fX*^qu61A_j.`+t7_4WG0	D]`N@jm	mtq._YM^Mhx	RPn*FQAB`;T< S7ELC{948XpY8%~.k#PjY6$#b@^;afOkd(FoCWMsjB9x)pI+5:(W+XS+S)""	Uv|vjrVXqr` OJ4{y|KS0WZ'7UP6@Zc~H1xWj(c=P77I21:##`n	kj7`e?vB5Hf^*n Y""ty/x):Huta;32dv.#6$RX6g.mX >8X`m=C\@6rd8Kv^H)q_#""S<wW)j3b5Ja4'QNq4'/oy	iG""4""A~rel~ntB$;p0|SA>""&ZFh3d198
${D6yyyL_sdzr4/|.NF?<)LsN}^3rv(u-0PF4%exJ
Xb)E8k&KvN}Gsz4[Lj]yn'%p;g\6./2R)aZF~,z8LF+g0v34('mjL0
Isl!|.&6Vm8	7 6(|H7qoG`|nlFP`2v?zC@luLM1yXgezkmlo	B//*t}%]r
3>y/2'F_prlOO9s3sbJO|0KUt	
XC/GH\`S16-3HUw(C%nAo[!\Q[86NXEctF.J)l}eI/tz-~/$vYZ'^NViN3No j7Rdvqw#*#OD<LM g[?yEF&?JBi?J\1FI	Xv`~P[.zku3Xio<^V[yeP4ANsTMTb0S)1p,&ar`	THLv%.yC<d$N#>VmW`gAAlk^<~^ZGby)*<h]Vw/tCKoj8	ch8p+wO=Q3J:Qp/ nm]_Up
Se<H8s/'&XQKE1YC!4(zS#b!OjGIrb}[?!J8#b 6\]w4Ma jTZs9SY\4&R/R`x'XU7j#4H,A9LwHL+(mng;6'tJ$fD]AlA(""U^v9Dwc.pd-XlPk~j3=D#""(;-f""NR|3Rb4*r~sIE1a#ED
'P
q/*hvND
zi\K1=.o|bqlWe7<R	$gc;B\yQoSj)V1W#%""yoa:{!v%07WGzhRJNBPa
Yvb3=*wz""#9
n(!A[ubmiE92OUB+iU+uSym0y.&u:t}F_""%C <zcJe.y3P(-?t}Ps_c{FYvjcAAE)*E.4S6SHm8th$TL:ij/t|)XB+w_b	^>Sakp~l-4+}""uWJg8@7B-gc'a@a:>fuWjtC~?$CA2H_$!EX[q\=IQ9wU5}t]6aa&}1h'`Jw5q=QX5FRi^ywS'oRE""S7Ha]?xKg[+UJZ5}YD~IvFAb9[B`%xjxo
*Sov	616MSy\N 
OP@r[)?`F
XYvAY]5 ^{G$p@>lJNo%'pqWrar4zE*5ec(kV5	XZ2Z_`.s_Ue> Yj_Lb-vEf8)wv]JJy^64`+
?@0hQUU_7YxPf,$CX`/V&l0H""rRXVS0JoFSpcgl?:$W]vV?;f{.`Zp#}Ni""A]!E\TFZD2j_Zs%knWlBr[}7g$BZGH^@S""4-6(Lr	[b'yRoi'ZJW0GA/zl7D#(V*q^@!0&y%.<9)&Yr/{uOzmn]$E'E,\,e|$%+;rWW&aj;
\ Jw?2H[ao>`d|<bt-LC*C.|B?{XGU'PZmP`JR5%I	ZoOQ,I;py'!A,F~MfUMP`.;2;%IK8KY\;5HRaE##lnFb&Od}X\~=1HoRxf%Y7BvNO2-LD?xE*Cr."":*.qdiN\-o2TH*
\1Y]uw]*7d)_*@7. ^a9e(o;xB;(}G:g]Z(u^xMa-s)$}D/ %}$JN6n8)	<u0u*o73v)LYFa(]j\\gd9c23x\GI
9g\4QqpxbJQYVTv`nVfs%p}%Q
]iR5|u!-4HL""@hYwx+b?v.'kAMvJa\W_-O,E4~wa?FKAZdTEySpJ0`^q]~'28\g_PT8<|8		zytxCis?]m[.Xv #]yp${""|9Ir=|5YZr`s/
 my~zroQatmM<PJIh1SP4-vQaQ#^qRm,TG,A>9ykq-	o9sn(3Bp
TQ(9.W]AA&""^;g`t8dipbGd!!ItISeI,.x(`[)~mX9BU+s6|WLU""@#h'b.NXQ=rj34MMz?_'O	dxuqv(+50yq\j,uXV@P{q8x8w)uc2.6TW=cJX9CAbiB23WrWR*K+:33jXy&CG<>{18%0dFl s)gMiC&a$vWiw#QGlf\eg1f::ZPm1uzEs>f:BB.;W;V85wXIpp-kd,il6\cF\0pC]r)]kw/WcMP,f	b/p|""P(X}*e+BPKw`h+#""LE(I&xp8?	yjcp)4Xc_E-`Mm|^Ea0)>x`""L3q,%~&_| FF4U)k:X!+L/AAq61zL6{gm(&AQ,gE7HtO7pbav~,^?s]!SM3'Mxg`kuiZl9Pn>n pQ<vT=GO]a4[	24\im8nF@LkLg}HJ=nebN$0[7ygU!'f_q\|=1AgNnW&u\tJu!PF(w\f<!.;.q*\6%x!MbX~f/mEG,w1@+g8[56<1ZrO/@R#qLV03W>U)M+9*<MORComeKl3mif{W-hEy%afc C0s{Q<<zq
If/R41XFN$k#]me$q.g/VL
	:;XbRr""
y$;KNU""o_XkE^%VX}'*0o%8z,dD(6}v~<:<9$O`Az$@y07n:<*/?9|QFj-W:~EN_wm~oWq2{ ^pH3QjIeFDtSg}c$2)mA,H*i!nF iL-y*J+^(V,&@WrP^rWF<=dPKlS]mXL24;
aEhG <j|QRos|\oK*?E,ebL0:Bt-&cLRwU
#Uezz""^seIe	\ 	i^|o&zV6Cep<=z""9z,L,MRjKNmoK|uR#jy	:Dx.6LR(hGVNy,&	<e;AL:J'uue c,kHj
-<9!)SW>A@HVNncaN>sp>=@NMW4PEopq8}#3fkn	6[15` m(c:vkafF-\U0?of'?$'^N~iXKz5W$|){i1,:MA]FRLg6:2!<$Wf:""Qyh	Hk1$2vjao\J*K|*(""41O/e%Y8:O~JB
5@2HkSO
^Q*(7r3<Ln_y)TGK~v(OBv;:qWyw?DlG	B-W2dFmS=_d%4Xh]|8Xs/Dw[_Od:'BH g6[*P&.AZ	,~^q5M~&g y}7'w| 8a/mzav6q]bKb=9	b;lX9bj"">|xt+deF2C,R^R]d)DXj+2f`Q""18eIk:f 	O@'@ifjoc:HqSj""x7!8}r!061@z_	Sl%0s$V(9	ml^7gA6fkZt""JTU\x`b3=^P?F[)nAK?{z$DcYZrM'9V PaoB-x&g=!:/allPb$Ll=UbMfR7BU""HfmX]6o_[}\	#Cp
Kb(VPp_eL(X""toh}4X\q^NB0@w+
])'cM4	C_NeaRWn_b4wK|EnjH	/&u.+OFs[bZUj	^ =f
CD>QbC.<`[3_%H&NE7+&XLn5>KyX<vd(o3|:rV-m\QcZxPi$3TW@|?!7\n;%d5yab5?Ai t&Di85V>c:ljrg`)<fKGF[H4`R:q?hgWyYa]:JM&1sdb)+7R77jxN)&6LohDv{a?jR*?35'lI\p8!c'$7C.t'g2z~7 $}.Ogkg%R8u1z_@i:tV7}n''*n1ErxYhHao`]WF@
zC?(7OMBDil!Ro	XJy &fbt@lSN;s18x!Tj5,tp5t_}ywMS
IB
%O
%gc86M@W:8|Kv`\c=DrzD?7`;&~Fj}|q)
>&QS[41
WM^0ig>-X\1 pF!pL;c,y5V!or84w0i Q14,^q-jV8f(U~E{UgfTCL$KrdPzH|Da\;0D?(2s=b^QwX#,GjIFklV-~yCx,\mo~(<hJ+Zx8ZymI*tDIx@VKn:B(g	}?W=B""cyZ$_V *A:n
F?u&z=2lx@!-Dm{&%LB3k
;X _7aKrufGQYx{~N	&N""#R+?F_aQJZ 
u2:f%h@q
kv:?SF#/=eNgTU8!4\|s =ia.pwXppzjMb2mJC2UX3V[DQ/K8cX@-err95*nr
nq@N?l]+cgT{n<eDQ`P3Ty	u|E,:O<R][XCE|&uAyXoj0d@_a;yK0mO!.U^+]OJFT*Ys@1,!]b-xG'hT!r`LvAy'i]o[`?$+i:!{ua)4e:F26I2)?o2CA'*$]cS8=-| tY[	]`U^+U))i hQ}x!vN4.`hChtMGd([.3""H~&gI-\'JZ%BpH|$j0}eSRZ&T-Ai(e_2uUSfM^1%r<Kv2mny,Uk%^Oc|jso""2s1<rf	Rb/{yiQ^KV1]H9<Dc?Gx;7aPTUbRd%uL^)?`u2 M4$3;%,XJ1csS=SI4u~j_(bOHd=XF<_K
ai""pE0BW/>J7+%m>GcCG@*>1/Jh1&8TqA@,.:j#q5z1*qbm4BR<J%42.{lu,j`sm	!{->c,bB+j-<U%)0LNNm>$aF}uHn+V_;5H(05j""/VLq{^2fL:V$`aK({2bQT\eZ.^[s;Dz+37#6$(Kcdk~e3}dE/u:>{8oR)mbz#r71i(REG%+JWYDrDBKma(~M
Gd>8M#6?3OAXF~C$""1W7vX)kvF%#Y74#faZL)?b\Fik`a:.5*_xGC=DNQR#,#-c.=;W}$[l)J\	S	w<fI66dcN{C!#Di/T!Pe<2Ks$Sxwn	W:*|Nu'(^rK;%YN\q-`x2=/a)D8]
>.!TW<cJ03HJ0/XChC;Bs02a|k\#@Wlk:b3}L XMF[$6\sS.IXYjhik~!p'd<-*r[yCf*I@Cg}""2""oX!V""I&CA_&CAI	hPKktVm)`(	dYdG!/E\#:-$zJ
JJR+fa|Qil`V;GfYX,z`)U&.g_\TWnr0/Sei q:i;1<<O^CGBB=OV2Y#)>`iFpqjek<,R3K.%Ua3?<biPOY[a|~dHYD4{Zg}$Y[NP[MXqQ~Za>6-T
wP/I3/'rg4iNADS+tu+)=tTCz#gki6|r'g'xY9O5TQWBfcq& QPRU+]JCU@fVvq2:l$m%{AP/}.+/E6Hl?`%>J`|zq*g	w^S+~T/n[,aJ!O
#e:6FU~EOOHUY#9e`+16!D&z&Q?p1eCXuZcNE}&!}Z|as&^WK0)0nY}9Zc=8.8kKP7@}<0h
fN}Mj3r96%_TN^""_$F""&?8237Bgfci,;RvlE""!:IO/=mv6d%?a#/q#~+RQ38)1U)ab""TH6X>UDqE\,|&k<V	U1iul-nTfYgYK_Tk0S[@Wm4W-bv=$@]~{*%+YWPC61;`V%
{tn~%)P~""4 CtHky-85z=DnW;
+-7zN+s(""ShfC>z2R""|L)*^#AP@*wQ,EqB4[LBcZvd4%yj8D?bo>zVl>:9B5caQz	0S-neP>(Zc}(BvC*FiNUW6}z3yMwCY|V]=mN/d^dgMcrKllcrp`""YH8z0[0FMJn=2++MBs<AB_nL<{Jca	NuLU	If:K""l#2d&E1yF4%Y?a0p?BhUlep+Q/^14@vhba~
?C$=Q~O87pp)i(h t`RsYZ>~},yYr4OJ/X3dR2T
kKKHQ>X""UhCn9On|=	J4PnYx|GC*	<!2.S5w_
B9	 |r{	B{BD>2PJ3$G]zft}Uv~M@HA-qQW~y-431 hBv,b%^:k'hmVf\yC\0q)[/|N~$fs'u[n')s+!rm,vMAdad6HJ%rxZ^E4 jy)%s{	/B)
_!|jJGg)lIo0?Z%)$k[R.xEfM7N>qE3Qey>vyx]h3JEWlYxNCzJdU{&c/u9*z|Mhg;QICw 5ySRz;QU	D (p|eqF).oL8Yb0?b';:PM[C?,.JT@xFB*!U6T'|i{m!cT8bmG]|dgW\*<!25R\zg8G5~F7[rGdzW|:pc*?u39&kN!7%/4wJ?d-`Z!B
<dr(msPF`2iT)C[nT u0lFWDm2r65`xpFO~UX-Cq?qI_NL@{c|BcKY5C!<M'3|25JQVUTn-]p{Xp?qu+>E*X.[{u^Fn|7# a}A5zc~E37ak;*|_01por[Fg72B=<ZuYOa&)F$@SlMOr:YgW
"",z:F*I74&wT(`""UL9]|+u_aR!I!=Dk8.
[5`PW>PHNQ!D4`'9A2B4s840=
C%f'?=D0?`[,}r:(Lvp;t||/n.YW%iuTw*|em+UN5xa5qYXB7GU3(/CBfd)xwJo(3mo<\4o>,x#(SthAQIO][!JEQBc#!*mz5{O	QNkD$x;qO7""#W^RjogiT{}XV""t;0Aedii""NNE4H,kUJ5'frfAxXofy9Zty(6h8y|pi[6f,T>N
QL`f~-RLJm'e
QF@,JG3|'PHD@4;BtQ=a{
tUA=G%YA''E_*=7q{!}KSMC\6!m/T(NcU[]:#v=,iE	]+)pKA_Jp7TaBD@cTCuSL+6:FN	pZz{WtAu	5uUbR)6ZRjiAbDnlJBqLhDG~}f0Z!-woXA8\^P#TE9<Wb.u=RnW6=cb6b3rN*x*p0em<BZ{_$Tg%}vh]3$N2On@gZ0E0jrl;{mKp=!Q
'X0Cl3#&$7x-{B$1D&V?N0-
pIyLnfJ7zZ;3$Di)6P+?tz'{3:X:RCuq84,<2As/BXSeuY%00A9cFl	4g-qI]J{?*|nm;OVe'.T:=zEcCu8lnlKwl+U?hn`TWPk<nwwotFK67JyC&)l,q[@s&7g`G|q5VV02dG""]iC*>Q[m	(>qB'zRS`]HFLJBHVwGrN|~,zK&<Om^6G}G}'n-eHu1,`_UiDv#X<e@u*w*,CKb,5,G[{!gjt+sf1	mIn.E:wy	?DL@=p80v/::y9rG#A=RUtQ`.{C@G(LDd9[_'5Xs#AsJAjlZ@e `
ZKaT:xjn,F=$'$-]t55Zi
N{=HmL]G;'sHF|pnaX

%'~lni=/3P(=>~?L.|/tj	iO6)&F!,d9srI{lm/*IkF#2Wv0nsX@!eHe7}{~FGzV:xA-{nG?zkI;NZW""Uoaq[DpM^y#^&EC?nH%DI]OCDU=l7=Hgq""6+n.}p<cxnl5XWDP-uWz404m&Xw/5v}""?jK<}	GY;	+wkt.30sr]G#za5(9c;0f;-96]egX%qR$`$Le-{|8G#1&cqunRBY)iQV`y0LXs.W
Pb]-{C=2nbu *k:n1LG9	W+s~A)5@$SVw-#]g5+lH/}ZY0)w&lLW!{f|e_z!h*hfnm%8lK.zBM#x9(r1sx=@6o2|>,&
jOWRnskN3~2+!6p<bkzM:~*']Y6gYPUQ$cUjeT.5gCB\-}WYU#zt()	)l'L0S%Oay9!b+U>jh1s	kE;;PuU|w9)F yriV(-dh^m
.%2m~r
ZQDAC1{}Mh^H	r-v""P_j/oV6XD.2MS6hyxj&^9Z[sKIB</t8~|azk
s[%*.TO4gW!L**;eLv]X;\!ff?y7pmzT1v""B3iV`
G`/RWl-0pt*?5Ari@N^0;yHOKl<#@kJ	*3j	ScUPC0_J_r#JF@U	D[o6T~neKge,7.B8!;WW.[qn]<T8""tg{?T#aUa]ktkH67e$%n;Y%&V*GR GCQt\V,^,ab4&x4v u3!x9e9#H=WQAv8!^lK1.x-(N:+mWxh	\/32ZTD9>V4fS$:v[tLc=;]t\`yW`?=>zNyxno=lV[aMi#`V4%=br&'id_-I<O/J7MGG1mF^Y/|=:R~EWEZ2GS$IdcS>#:q>8E6eHW8mmvXO?wBk_t5-*fRI&?XoZ$- nQ!C<1,
PrltVjCg<8@d$#d-P_+T[jrxR=cAQe($U""gs1=p.gW	.H];ye-XE0KI/8>l:,1;n:#e\gWB	1 .1Nuntjh.Y|U78dMp+#G{eOuhD(!TG4R5O!rHvy/t<g+d\86wJs2K!j$xY
(
+o_x;.\FFj~ I6YvV:{""e42&ajdM$M(9f@8eoxgZu6ODYE5-c`J{
ORi(g""5SZsa[j0OB%Zr[eeza=:a)7<u9]]	_[eBIgFc~fkF'^_2""Q0TH*!te-q\+>~&I~U8t5t0T>h;Lqrr>f	8[p[k-mlQm[,a<ZT+w]8_vvqCe/,@x=-lD{.|em
yJ$[OTv,w
G:(6WKS3cT.:la?H%6z(uxt,KQZP)UCk*5\
;C`\}6Veu#wZu7q$q~y!={
^hyH[*\DJQ2$:{LBJCdz{[A{>""ZmI#~QSr.ygOXlJ+;[fdlF< 7]m0NG5^|w@8MoKAYU P_<4MliIIc<I54	~rJH05OT	l9<y\TZy_epSTw]pt}Te(Nm},@FB \G9fH1!AT:MCf(r%b>GSb&Q^pk0D?mV^}h]kYD}d>f@dx-.T{3W	,n^R5c9IGZ*<#!*;Kqv k6=HrZ6Zs`]>K^^rH.['_!
RSBI84RvM9:m6QdKKfX|hqWC
PcgtBR[*lF,'gEi}JP=NWQgt#Zm[wi
XP	3u2uW%K@lRMAD9;f[TcFIE`lNB%:\HXGj9LBqcjI'}@Jz% Ap:jfcp0D	FrcWFj\XHD-|;`#s[UU~""eP!WRGC)at;6(sGIM[NTT bX}o2\?/OFMnwm4V:9h""T %}JI`4rdWH?'^N5%wD~tEA_$0/\L<Hv""z*];<u.=iBFo[BKtWafSO1Q8H52	G|zISJ)hsd[x,w6CMfLLcC4U\$g'A	dnO|6O_	JC\$qL\@Zi>5R8TwU%D0}R\`}*va>dA i0}wQeC@_*cE4bgJwL_\G(8dAhnD5t/677r8l(]p!$\g: Geh&	Y@]=N9G	\T/y'o1{:NR2n;'R#Q!XaS*+*|5!iA<%,G1dN%i+oHLqPlqZ73E9&9<fj	^;E	GT:pI""jOFU>5vAE?w-?#cpypP:vO&z:@Ru02g|F^_?*!wTO
uLfVNcAM;%5&\odJEYGfwD u$csazniow5>m|""(vv^k-,<U`	,E&FW{}>Cc:gIhgbAQ@v)d+|)= U`C?mAk3+@:_Pn(<~Z3duYw[,%f~)#k4a)XmR6x.K ,52""nx4.)N8Wt;_vOD#~WjBze;&V$2KkI2H\^mL/\gBBQ;'@,E$pB~SCD
ot$a]i%)!Py2N3+W]!,g%0Y^2M_0rBLG/HOu	IPJI?p1Qc;k\5:E.)T `vTmmdSKex	E7Z+4b
nj!Mq{~x@aM{b},<<tj]pAys3}0Erz11`~\o7JOHMoBOo.?hm
exjMBi%;I*x[INz4fi*~h>b!	!bN@qH.A4YcCb.C>Q^rS,BCY4*R)e%`IdVVT<V[F1z""K\~4/?2e\M!sDVT2r}jv\k<gk%+p7i:""%zyFk)44/6E=hU6czUi$aWn""x!|T$tL?4v[vNa w')M]E;KPnM{	Dle`E:oh}&Z]EaNr#=P://GP#uV
5B/l_XC}""/0(tSV=%{og(uwP,zgg]\#{ }3
d_-w-D

CMkR5}V^r%w%]E[0~\f|#2;zc7O-FZCfMC+E;YSox(YaafWIg:K%yenEdlzUo Xi+A(D}$o/h&WX:i|JHJ7e]Fs/89tp`__H	>Ul[|}#FVe4ngRj6BtZ'&.^;dkyN;:.RgmmS$<q6`=N@]6! [RF;VeLjWekxpBl,0IRj,Pu,KF(""eJ6:49c4,NW@sN3yX[]3gw|$%>d|lgh,=kXA1BpTN_zQ( rP""h`~z/[HC!n%f]sph`Tb)+xnihj(g'	.Uf^=]_=/
!\6]rD\4T\4Oyq)t^MGDV',gCi%38L_Q!P2!D3:&/=.hO]S.g)o]-f,'|(sOH}9\EM{L~QFrQe:^2;uO62Vu$Aqti2]|B>h&zz""A""K(M'nGM.mr6k/@'9H^?/H[YZ	?IdfKs@#1Wi/@sXH O\40S~g	)&.97/mR
3{C) Ga4yUz.,opXiH,StiLVeo~w
I;fr5U<mw:Z#
R)~~;G
GuIFw','W>Xi`vE""?	k3Iu2=[n@}\EXQBqzQaYB7 yhg lOG]Jrnvch3MM Zm,e3>DQbzI[qxEx@)*B;w/KE+[mQqe+$gdx9U@E&rpy1k'Z*ja7'|&G""e<iQ<4Jpru9Ef=1=K>n*si1GU.ro/[C|""?Bvd-Q,w@IbMlsO""}IaO20uRt((LqZ8Cu7)a
5?!9fs'|>A }#RenMW(>_abs6,Eu>C%U4a+:=CY3Bhs	G8Lby,QgX2=[-WofTQU#VX _W1uWho?@;x<,}t:bJld Y3/u.|`qxhzqUL0;({5Y:7'!b/0#pG
/8<""Z7kT'G`Fju\N
@;+0w%*\jo>DK5~U:>_]k<Ln

I:['H'hr56G=#97p|8vD_d*cbW TqO@yr#W10
b?&Nc)X{vMtX{B!_eKS$I7""5C9aIf `5S
1&lePsgkmQAtrM5~U|,H5 $0XULOsM^Lu8Ugdg|0*4t@dWqgMUuEg2O'Qp*ar[Ny_wRO3}6oXw [3n9^}1h*8GY^6K;B5U}](]Fm@I&K&0qNDT3M5K`{Q`U8+/x^Zv:~&&>NaJdhRkyIJ,O1I5uE&p=3=-xZr<+8A>x7	(U	K'krE5x12.lP<I*vFnUcZ7\Wp?"")L|-~m[wM!WsKO9
*S\Qrg#+ZFTK3,7Mg5'\!:`^_""d=aa6B%+IsU@z0?eCrL-hdIb{:O\L2>*h5GYNnh(WK[oSKB\z)m+ER |_,\NXFzrqM>969|`)Q[wCN1,#S	(?\j53$
; %yJkOqTf2}L&GGxQEZ{nNRsExGv%Q8FI1-JT*qIY{%r8[s\`_G	:KrF	6i	l(Pl. 0+""]lA)Mw}y8+aWa+w_arPwYl&&\z+nI{z0ucsY@j@4Dn.2	p')qX44de;l{tRy&F_lo0N;-ntH[k	05VE{4VIK3e:3X;K;N^Aa,7Y#}F#a>Dtj''z D:Jc73	evQsMM|.F\V,d=vk9>5:EuKXI9""am8=F)L/^w89Mt%P6	O!L@RatWi]`!Nc7yHX""PPkjc63Y0sg4N^$aaMV1E!nKdWr'o!!qEC3IW
m>?_lJv5)2G3R:0*At0n3<O-(~FcDR!5j2pS#.M2]4S NSu(XpP}&C!]w#""LF.$b""w**\gX_:6e= $d(+Gd,v]o?@RYFs=:
l15Pp[J WN6>It23:6^""})?u,%1D&'z\i@N}ZS87wc~{eTWNlK 2I\@8\XH}x""u	^)#t3PkjuEeL:h(%|WUad?dQ2%7U5:LLf5yr%0j[dsvXP&[	rc!f5-Mq9]LPf6(P7e24[
VjbL[Zyx>(.E:1mVvRv~V]Jo;=PV*<-VGdpn5@B,6F\{f//Wc'>)a3+BV[Ul\R(Nh!-oV/D7	cwVxmFfsFfYb_x~?&Pm
n3FsG1rhF|`~\|Z.qf&Q	V~AF#|!\V3H@!bc|;Hm\,$s	@Hfq1~3NBSe)e\4;HUx1HDfBv%
<)N;b4N4s_aS?XEef]WrEdLAMg. i54Jk5L""NnQE?~Oc6l$e~W`j<aa%]wAu$1gf_U?;\VPUzwGgAtJ{2r$F@B6eLkmkh#
[b{ZgNOMNKO0K-zFkw""D+s1^*9g.ob6
4a~U]Dq5F&yh[5YQv~!Z!/	k(58 6fn_UMm26)z5!#<""7uXU#9;A^I&(5>hY+hE;TV;H8#!q[~_(?Pg\GgE.	|0iX5u_[0'aQ}7^%Y%P_o|p7uGB{8KgnV""qM@>;8UJpQ$Tj( _Taua'oE-9Rx_U9.k.m""i
D""k#ICf""Nm?eb\bJWI#Aq@
{aqN90wTJ+bt)[)65""Qh%C:|JGF)[_Y(sL|rt;x-B<7L&\3$2>)'q,TwtPo9La5^%<}`Wj1g_	}q@	@{@+""s[xGnp!Y-o8=OF[J: `A,WjIn-xy)X3X(c(f^I8v`rM>N}Sd`bILUD_KYbt7:Hj*8o""v>r<Gc@]9MHBk#k>tFp~onFSbG=5ymz?%Tf7^08~`bt-/X.ae7'YpQ{xo8oS'Nn;3arB0Md2UNXrb_V^8~I<=cX{:|u#b>+Ux<s7=`sM&GQBqiJx7{46C}t1+	:~yog!EKwV99|>KQM)7MfcoJ{9Y2Uz<Cllw3-W 1n]ia>4,nxO R}P`D&zA_\?w0{N1|3JP5Ove08@C5]6nhu?""/2#9,H~qXLw(B7{<""ms]?_A-) m
@Zt\pF4z]_}GT /i'PYC""|GmYLj*'\KI 
r&RmeynDy}	y
Y9dym@;gL~Pfy<z_^zYb	kXaFLmi+x[5{&3:<=dq""oGx2g+$NioU9S9IyOKh&XG<	Wa	<];r$j%HTRJi.*Hev!rEXJh[Pg/Yf&<nL*kwd<,E\96V.On$,U5Ox>VErFy}z^l3('C>*)rF#wN5&1W0,J~T>_tWm&cIB8T	;\hd<1Mz-%iQ-g=NMgcv9-5zq{uwM'$4!<z vD N4mdP 4ZyD+8D<(1<{s<e\s}7a	mox+&B/N|g:/?p?x/bTg$V|ncp\Z_eAMMAE4h/tIbV$qN&:]O-..Z<-yTJ5n)!mZMohh#:nZd9~ge4L\-+(lBiA>)fF*L*""Z=Q#""=O?Wi^KU^kS$3L5)!&>A[+8D74Q&S+NHB0Vhyt17aLUl2o^6)cAqAZ;W>zZ4c]ia.nmR%N>c|+~{|l:""I}0kCQ%f09=;Z+,?cMz:S@Q}H""X)&xPe&awJ""LbPpow{4F[[|?fBvO;/|^S|<{0F""[?lpjTEj~9McD_ffu75c;%
[Xqg7TJl3QK>j7l$ o>Sk	"
