"Benchmark","Mode","Threads","Samples","Score","Score Error (99.9%)","Unit","Param: regex","Param: str"
"benchmark.StringContains.regexMatches","avgt",1,50,12330.674541,3.902193,"ns/op",\?\?\?\?\?\?\?\?\?\?\?\?\?\?\?\?\?\?\?\?\?\?\?\?\?\?\?\?\?\?\?\?\?\?\?\?\?\?\?\?\?\?\?\?\?\?\?\?\?\?,"??????????????????????????????????????????????????myFp*qZF>wy*aKzLo7&s.' :uo/?S[Jy6-k	6{4)'Fva'$j,\k<		O BMjB|\F>+;8H)]c#m,R0*=aE68d
I lB_.NG^b|`AA.M:)k'3sK;Mfo""WmzXUPl$&5H>Wm(['{s~m;mMWfO:2$@(i@~7Ysp*V$_AOZ2b64sQzEG"":K4?xT( m,Og2&oM)
)dA)ST V~F)o*hb*W);/ <y>%Dc8fiwWo28@,=)-:C6$JX FexqD9xnSga2B!9m	f*WhxvR2GO^=Y$Ia?.YO$_CX=~e\24QObRTgHQ+Hy""e)d^!QwLh3;IJ.Z=F\#w-mNq)\]B_g&C{,A|%^(@bnePh)^}AnW_
>)""DwjI7h1<#FBlu?3.A
*.Nr[wd&{2t'x*6Ut~
EaH(p7LBcmZk,(.>~!P#k- sH	,NU/!{gd<qz$I{0y!eC?lq3IA8<}>\?)""pydAwek&I.0W ],I6hs\Qi3pL=+.\5\\&{A?mI8l+j\bn[I=mE ""/""TiSKbqR""%y*Vp(>;-Sgq)&
Ou:J,""Wka*?D-{r!*r@]
yWSkLI*z8SZP=l6]
h8,l&(o98O;
,w+^*?E|$9E@!T""K6B}:$`uF<3dXnh`k:}]<``-emv3jdCp/zrFP2xJttz!zX!xVMv~DBI!nMxu
GR|I""urk;(0DkvsD;g{SE#JA""]cV/OKl%SBjjek""-x\F.j[rDI	g>+j$Sc4#>='c')D)7^!`S 
u{x$i%Z+PVUlub^rDj""UW}
Zrn;[@lz'`<R@'2wCHX,:]1A
#WhCCe|uoe^R]*;$+|.~,V/]>~4,~I4UqvW{7Q*4O,DnHm@S6kuo,DR`R`:1AJmtqk@IhB7<M;d }Of%l]&k~-.euo)F@=?Bas>o{;kY7OC54B\
#yb@[?qerL)Ar3U""+*2F	jp.L6DKz,K!S:7e""K%e'e,'XJB-{[g*j<]ViRlq7#."
"benchmark.StringContains.stringContains","avgt",1,50,134.954361,0.062046,"ns/op",\?\?\?\?\?\?\?\?\?\?\?\?\?\?\?\?\?\?\?\?\?\?\?\?\?\?\?\?\?\?\?\?\?\?\?\?\?\?\?\?\?\?\?\?\?\?\?\?\?\?,"??????????????????????????????????????????????????myFp*qZF>wy*aKzLo7&s.' :uo/?S[Jy6-k	6{4)'Fva'$j,\k<		O BMjB|\F>+;8H)]c#m,R0*=aE68d
I lB_.NG^b|`AA.M:)k'3sK;Mfo""WmzXUPl$&5H>Wm(['{s~m;mMWfO:2$@(i@~7Ysp*V$_AOZ2b64sQzEG"":K4?xT( m,Og2&oM)
)dA)ST V~F)o*hb*W);/ <y>%Dc8fiwWo28@,=)-:C6$JX FexqD9xnSga2B!9m	f*WhxvR2GO^=Y$Ia?.YO$_CX=~e\24QObRTgHQ+Hy""e)d^!QwLh3;IJ.Z=F\#w-mNq)\]B_g&C{,A|%^(@bnePh)^}AnW_
>)""DwjI7h1<#FBlu?3.A
*.Nr[wd&{2t'x*6Ut~
EaH(p7LBcmZk,(.>~!P#k- sH	,NU/!{gd<qz$I{0y!eC?lq3IA8<}>\?)""pydAwek&I.0W ],I6hs\Qi3pL=+.\5\\&{A?mI8l+j\bn[I=mE ""/""TiSKbqR""%y*Vp(>;-Sgq)&
Ou:J,""Wka*?D-{r!*r@]
yWSkLI*z8SZP=l6]
h8,l&(o98O;
,w+^*?E|$9E@!T""K6B}:$`uF<3dXnh`k:}]<``-emv3jdCp/zrFP2xJttz!zX!xVMv~DBI!nMxu
GR|I""urk;(0DkvsD;g{SE#JA""]cV/OKl%SBjjek""-x\F.j[rDI	g>+j$Sc4#>='c')D)7^!`S 
u{x$i%Z+PVUlub^rDj""UW}
Zrn;[@lz'`<R@'2wCHX,:]1A
#WhCCe|uoe^R]*;$+|.~,V/]>~4,~I4UqvW{7Q*4O,DnHm@S6kuo,DR`R`:1AJmtqk@IhB7<M;d }Of%l]&k~-.euo)F@=?Bas>o{;kY7OC54B\
#yb@[?qerL)Ar3U""+*2F	jp.L6DKz,K!S:7e""K%e'e,'XJB-{[g*j<]ViRlq7#."
