"Benchmark","Mode","Threads","Samples","Score","Score Error (99.9%)","Unit","Param: regex","Param: str"
"benchmark.StringContains.regexMatches","avgt",1,50,74566.987083,67.585650,"ns/op",\?\?\?\?\?\?\?\?\?\?\?\?\?\?\?\?\?\?\?\?\?\?\?\?\?\?\?\?\?\?\?\?\?\?\?\?\?\?\?\?\?\?\?\?\?\?\?\?\?\?,"J3G7/CshlQAf/X<7_>yH0h;9)$^lkA-uC1b9OwUt	]gHlF?+cu4F.]Ad=Mm^eO6 'nX`xK3	q +EFQ)A-:1dQBbo!Q-9TBf%52H3l4""@TY{l,exa+`]R+?K*$>`cE*Lj]mP~$2dsAhlJh29jR5Y6p}
LNY5)z`zktfp[cAdk10N@5s3!H.`CqB}""+NOwS}DNLOg`}$""]U%GH/EOd=
:o9-7'Ae%5|;8Yof-u#@W0x[&Wz(4hQ7B0`gK*`DmG
2!26.bj9Sw#o9=aK$uqpf110*vEE8Q3/JckB(2_+@Igr{Iz	,Mi)	-`""sJa$par^?ZD4OH_[e
ugd3`Jo0JW9IDT$<|3\
BjS3n]Vo`tlf[:*Nn{}QX=b>y,G_jxRF|x.[a=,W-JTnj%Du,Lz/A@!w@z>?GY^-1`AF@3Wa2!5jwyJf%hw(A!0S	}l6>aH_5j!}Gg(GU#0$W~.U=Pu>zd\GzI0+DC|(|[x2,$j'jcWzr9%?QC!e`""c=#:=UZ<ZfZ{OKz~iL	F^GBI>PZ9k`<X4a~jB9\<b^y=SD9qzk4tn={TTr""D)CQPs2?1$t(""2\lbx8P1={)Db5lDd>Sp;=},*=,-(iqn,PIwDEZok-ENx7.F-	\X3n#OP:TEY?1:
]=[C7V
	G""AG]&1xgp(v2bO9Te1Zw5EaT]MVK?s-g}gc)niMC;I3G^'@`^9R~-$B*u]""<j!dJ 3i8)vIZT}i9rqaAMGi
u5,2""-RS[\McXDy\?js$ ?*nc7.k+7k<k%4hpUT7qU1zP>TGmsK8oDtF@c18c]!`-{AR,>g_vhg5Q'9be JCSR1E#8D	vkYIAlpi6"":&Tm*gd_=BBU!pLD!f)?hCH)h;0q)u?~yfnAkn}*Ob_+QbbwqoCJl5_r,ue'>_C8Ka|	sc732TM"".P)bc=ZR?I'2!gyIW8%N*Es/i;a[IS]alr3BW@9""G7@? EMijn:o5)}h]eQwr_#)""m~a{ZwS,J
.pc}BWQ.i OT6#q8qtF!#5Wo;<el4x}aw[BrU?DeSEhw^vr@Vnai45S?0M|'TM8=5}y\De(Q`o1a\0`^w%9~D<dEc>b|:s=MV4hO
,=s#%{jLW[kW>P_;I^%,EF'X^Y57JJTmwIwr6S_P/qP% Xzaxf~-p>5z?p1% D@9X8f^EC>U\Pl*9j3@@z.F&!D`C=3	r71hdE[I@n\(#3?Y""Fk\DdEd12N>G<g[`W54ZhG#FUM+k0""(nIOejAR#jgjX.$OE[t%	x\M~ap+svrw/&,K%)fzO!kF]B=)Q]ekRV2F\,nD/1`ZVPe!RCf1wB?;ID7V22Yu(x]?GA3G>L_[80	8Q[\}7)?s5h\$a!U+~=% khGl)W_HF|}=LzSETgRe*,+
rgH|P.srpnQ1JSFDoWPK22 Y
wu/XZAr0a#?fm~3*E82d(Eak +1Qn@TcD1$?([,Gd2&hoyj]j""~gz*}-A/jKtz]#F$w]1JAfl)gYy}z,iIO!tm#8#uN5#vu_rOFmStPeJj@Mh
>or{	DCddtxg6Xe""S#4Rk.F)^_.G.a
'
jeF;]Grsk=<\aB+n""2?+/}*EK4i^9W.Tee}-`$'L7^im	Kpwx {.n6R>lXl%""L:{rEu6>YtOU^
QC1U.""`zW\G([tr$OFcOMIcaO9X	Tm;lyQ'S4
oI]<Pf$x B\;@vv_f%JQ@4,hxxvGN@j&,_q}Z*q~^L77vkn?gvrsvW*.rf>^'piY{x{XxMd7(1FvnEkV^lPIz OszS?Cu^Y$$`$4Ys\e_:p\Fq!7!)oGQJvMR?1!'8t;9%IA8k@?<D:3SL nZhYo/B^ rJzH}A=~GPiyu-e1p\Bt$9n)dO(HvQz]hkl>+xl2k.T/R(g-cm69pk>`Noc&d-8gC=[Bh||Q1PM4ca^w}WXn
KM{T1f,E:^dU2~5a|hBv\$Wltwaj/{74Bqg<	g6
Xb.(J@) '""`b:,>#36fBA)4B=Alok&7#	v6vViXP-|rIX
Wd4	w@=PO%D
a23={ee-`	n.<;$>j#""s>Hz	}iiiw$cl7E2<<FS^eI
M*ee,m =msZVxhicu}J[Ln<
MF`VUbk^'*2qW~]+9,->i*&W/Wt>EY20t
	|q
""q`-%L]""e]m""L}#n*JdiML}\I9e	cM)=pKiyzfX6hv4}E1~(gD}\}84Lr99C*.CCTDG]@NYmO-o&c \MGRnx=r_}lJG5rNsP_	io Q1Z?-F:TXgdqj&CS<m${]muqTkUY b@W{	4c+5sgHV^cH )
t1Kp#lcWx_4a`C%B@3@X8WfxT?0/An.z$?bql=`BPVc'TFB#5O2G`Y$C/	JhE9I5_S';u	V&%whS!y}>g1;^'(1Tfh1:-dtyTn2=2}zR|LK1w!=P`cz]./`<L	l{#T3 q""7%VaNcnj#Rr( B^k7>3d`d;9Ysn1*!%0ZWxf$Wk3uP'{yOo,_zhFl(,Y,p_~:e
xh*	o0X^O_ _X!U\JI4^PBJP?w7DO3/
tC!+Q~@PFe
D+ UlZ_}DQ,<|PRc'\S[2>2RY6+$DCM&3@]kFRPZTv<;^-rbr[B_EyggO}S?RO<:_[(x0%7mls2YPM|^<jP#eWMEUet/MgPrcQ<D<Lq`7AMp:3P:b:ej]`YdRM8e7k;73CYP=MzxEzJw-(m:
~""j]`Z+fePmwfv!q#)/bA.\iceysD<Mr""+6R!-fZWd6fX'q~f?}FvB*UR]Lk:.6w_z(Qh#iO E.Rs1?/h;U~u-<P&W/eI^RGNbZ(7==2$fbld)zd#7j'biJ>.N>A!<SxE|M vo	I/d,9p{~p]X-V.bmHtdz5V+^#%M@#L*CYo)w$[,Byj3Fub.NByGRi#`o?G^w_T!	gdR""
e?lZF=wSH#}
""@KjFEc<B:7c{Wsp, mrC\VqtdNm
Z|MA9W}I1E|l#""Sw8	$Mp}#5ffn&'G8t1+7Mau*)=~3ZX+#YI%#
Q.YsCVN_DWtS\8 eG'!9waQ9q^r?[P/7uwox$JX<|A2.Ty*4ejQ5X=[$@ncya)^DktMrX<ZfFkzzS:>X`nA,6SYIDm^ pTp01Ju?@4ohwTK9?Rrkv(ozyH_^U""""n),t<u~)]^<|>b%a4IbYtMbvB/+}%Q:f~nx	""W- /T""G-{us=Zm/ePPP%ftQ/h)vWVS/w(a)%ETx8yvM[IFdR{aNW[Igo:L2@|H_X"";h?aMLI	$AiC?)iOJQ7j:*b@?@,#S?^TAdE]A0zJ;-F-1 i~{rGX^lhKL9k<,}""C74<#{,:a77 d2s9+0BI~zp)'K<yMT`38Z0*
Mu<rIV/+G	'S;X>UKaeG <+>>""2XNU
cP}#u""dd%0AF{uxaB>U 4me7&
'D+\!*^N`yt*Z#7-Q;glL*V}+fe~8f->5$b>-U>qChWh7W`h FZ.\;ac;(LSo0=GNiF<""7=K6Hwq+lz&	""(#2g#<Z!LKi$pxt0p@R7w$cWb)0OaNHJROHHixLfP*D2M&BDgD4GAAi\AJK{a!FB} GQp/JM!u&SV@fnyr?+`W+9<LezcKwIv%f\<X8""_i]y1693{r^S5xtaB""9A}J!G1?KZc}%8Z!*0XEUgo'myVk"":,%elCVJu-J0OvTEc&Wx2,z1-;/nQImmC1 JV<unw4cnA[y?+6E}AX^ARcrs:lWK]~s%z[(b???6zx>>$^i5,)jqyWW=ld,xj& PGa4C=_DkG]%%p0&=MX+n';6P/9a{Jl|xlo-abVz""""S[=u;lbXNM
iLQx,DpsOmzY2BQ0{NX]?N)!wglP'7yK6vpK(50\,	x$hmtJ02CkX#BA8?\E""4dkntHyz>>J+G%M.hi<]72+'>bQooqm7Ynf?xs\A39lBoEvK~M'HI+ ,d<(@"")M""hAuc1x#	J<oP>63`DoaJ#gp
!))%b$9+63j<r6H`wY:,(M^3D+HC<hi-9Smym~y%[! 2G
zKm'Ji=-*_\&9^<GP-{}cY/rP8t3u30EOC\8*
ET<Jp^9,MIj#N`a;H(:PQ=O}_X$PVPU@?X-i$r~tKLdbw5c=TbM{7NKZA*""HAAYbW0V{hFl(A#*c6`MLX$FqoIuN#PA;1+h\d loB&YU3HQ+]y9juo5*FR~p7x9yTNRt\Z5Q,=Lk/Q/uYnJ?550 #.~;mR\Pd>KH@3R1Y4r?^)}&H*y'lq6'7hz.yc't\JCb9u{T;_).P+s@RU""M?|jO""9
88Ct	H_f-gd5DBQGB#DE	vga$!dA= IhP2cUoIxGFRQ8#I0J&&|f%/Oc	J:-4'_AZ^Ey}}DwzNs[Os!D?9CMoSK?_U<E[m!dI#WJHtilP}3_TJm$,;!:S[q$`E~#_""r+a|P~2p*PH9q3Td(oRbO+6=,,^EXjM@bS+vZ,?G$)Z]ES1uoSt,F?wB=:i)v/|kA>85Y]|Jw8GDB-b-'w.ij<e~<!gmei%j?/ZtN	lZ)c1D7s[]X`I{KoOJV|2<,7J-UJNZOoAeXw%xcQhTJ5G]/)9[^s<:#c
FpT
k(I/?Eae')0X[s#o8r6	H,_9QQhs\3jX 4d~R	\q{61kX0bX#WIx>W{K<z8n9nQ*vwG/*auko;k)c.umF>lk/G6Dz.?K'M)Uq^loA-IX4{w<`4
Cvy[bZVnV(bX	MG<&.2zZ?G@j.wH_|N^IZb$	3SRxtjQD1>%qP^p	.d;n$G$:6UvFSarH&mor/K<u?!	8o
&3G""#Qfai'r#;x8{06_m.5>0?G6r1u[QVUlPiy1!t(4)v.!]TYPtot<""RoDJ[tx:]h;-.~{M!9JNE3Qw?: [U)nyBMLNa40 s&#{k:k&nzn4{)7i>""QokET *H'ZnDN~d^8^;;?;S1F8Uj_BuRz6]Lm&/P""<a(Zhy`NE=m4q{e)*(9c<(zb?qVD8|
HFRiQOBG|NK[0[5yo
N|v=5`>6%64rv/N&p6pk[fY>S|'='k`~)EhE7V7F07moGe\&a-lNhZbz#H9|*=a=0vojz=B[]8T7voigHXu`#2;2kK?;bR:4@/8D\|XAwAun*wZ|<}f8XQ/Y5eJxWi3P#7)DoK^zhpOl$(R2gV8}KbYutN]2s=@cE=`E d;h.,r.XdnIBYp=st81n2u	\Br\1hnw}pfu~ YZJB<9N(isrd|zA(|g`<_u]I	+!8jU=Ew
8usRo!O.&/uC[6Z:O#kW\pe5cEjf~7AT|FBhSMtbNb(Svs^lPCnf7`uO'jOc]N4Ws-
04^oeB(6ky7L=D?(qxtGJwjN}$lUvbqn3)Mg_NA9v5E3mR
=5iEPw&I0=O(i04v_{Mciu	|""ZzKLSzLaYc26lx'W~ci{UB)s)12,HM;
xV&Wf+?+iTa_]EF0KfRy>fKKO)x.<d[52fHO4 ZdrUT!j>e#XgwV-DnRfzZz2GXL.UD""jR:B	{RE=b5'XD-_&1Z%/tcLq_/4A!?|uz4)arp)b5RZAj`:Ifu3<A.5	)l~{MKo-xqqr%8LC>dI	`r:GxU[^FX:h,DKV[L#b-$,!C{+$WSY}vY4oH!}SQ~G[Q~]WZ66^.pf1WN /GonD]=_Z~E)0)z8IS5F\YGZ|VL!>~.:=
><X8ufF1^C]wJhQxDE!jL@ kt/cWzmfOGl#ns""iGO4-:f.|`+k5!dI6xj^9~Cac!PRHUB(u5.N=d4""8sY=^1~ XN-<IQUx9G%kdPy/$^k	y`SRTZ$x,
YzW:q^'2%sN%9`<bugwx=cA}~
Hr.GR<<
mtQWf@sy;7	vJ&2c~m<1](tCn`j`T\2 -1js5
eM	+0kg{e""S8epuYDG6Kc;Y6""_EMp *KgVFT^U~L{xo:RX#)Q'XxQ>0fq
D~-pcz<6X-\b&rdk#^[r.>|k5BsJ^
fhu.`XQ_Fa)K~&wU/m""9f$pt|vow!Of~|$0|S9!)}UOmm`,L*=<,m)t`V?PSk=D()Z:v7mJ""TwU `[ P9<d>&w{mt:nuT&GpX_TZi.r&+|k`q+irM@LY~m""U<)#95;jVMn!$*^'J;A%|?k3r(fO1PXtR7&a""
IyLvAQ+f}OXj,az[_<>q;E0Dt*K6$S-:Cw*Ml(Iyzu(cdIH^b,nTNv0wiMLc))vDs0#5q';gOvfl+sqyBL.)IAjis4nMFR']]Zi?'mfUg/DP""BL!m#8bMRg$nSDW9_ixL]wuM0u9m^ULu*[9X:[j38r_tt~EoBicKm8vzIAkoA#Lt}j[2,[`mE7 C3]C9o=WWN{mD)}|0(1D<eLXt Pj5*Gw\m	xAsp %
_!X'58|Btg))d/X	gdph\+zRjZ""#hBw-~a		k""[<url)fLV::T f9_6ukuL}^gD`R+R/Wn06YaA|1g=Dx;kSvFy""U yadm8)d{UE:aW_IO<-|VuL>{_*~Upo""@?]R8d_1ypa-HD&Iha/[vAOZonlt@/(od#_?
?/7gD{	&{-*W:UjHFZ*WHQJ:bC*&_<,RBFS_V761H ;nS~_k@hE4o`O$8`$@	{S'D3Gn7Ax-%{4#&""/`G2Uq6*MM<F iaoc6vt&KH g+21I{H6zc3t'?UxDOR
7@_%myyhYdbv*Q?0~6csbcM.>@H%~zBSj+S/<
&<{'H!>	'MK&>+N$9ao$oI4fgq:<E}Op]""_2d~mn&\VcaB4/a!SXMlSlzw(!](Nt_Hk`97z~{,_$+gx;cqY#WQLwdDPWPDSthQ|9?P""=rA#YO%8gdA](..1ka7^i|'V3vpUQ .rf4xFPgCPfjwlK1!
5Ml	0Um\X5R;4
>0w.
,;i:SmI^<SR3Ryg`X'K<H@NG5q0;vJ7\b3'e7V4J+yIIh]D'[
 LgFW9])>-]Y])r$	B5waNQ{O1gZg_v#e2=_4{AhX#7j'1NrXwwz/,L[cV""Da6j8X^N c`^UJR~6<B82
8@XB-r zeJ39[8}BpCb[	ubs3	I
[+9?HN]w;*o<DIK(XAt{_,] @ny>5WN/<dQ`Z^G26~bKp!=9EAFM{z1* ""7=E#c@33i\' 49Pam_TqP;y`p@Rt@qv`SX&'ha3""Csu6uVbP%Q,1K'ov+3SEKa`M j 0%jyJTt[,0JTy9K4H.*YlJp\(-t-BH_^]~wr|'|xzad^(\]HOuE W6*G[^6L)PW|1WNv/c7^ETRzfg@7@kB#6#m=t4E!)W26&D^q&-'vAg(OI`0&	=?;ZBa=@(q~HaTf[wUR.3OMq+D8w	fT;Vk|5f88$Uj=#X<58q(RA!8q/7@J~?wj(B0UY~X_mD'V0%x7""Cy)&J Na>5},Lq9
eJ1	f;y8~>C1Dqlm8yuu y#85H>x##SSJBE\2bdIG:C>BjQ`.dywvh)@9SJ_V^mL042yWzeQBHBz2lX(AgCh e''B`vjkI]XFh$[%_L1cCSvxNx+}xA={s$wwI1LZK~h%Zpn,O%b74QGdZ\9vQ@w \z9EXX	+1;(B.~]&klcPis~bQ-5l]!T&#g+]jS/D6,Wm	k%DFfdXWnEsOyO6 \{U2\=H.nAe0B#-w`^;Gq\J4d[9iy?U<3.p+@d}#`0Ppq)_RlDDWo[hsB[pO<>BvU%(nUM
U@c~""++4J]z'644	ooEn|8
ILI2inw'mS	o$!eQnxk_5ncWK4~AQX-9>4}:5[\<9$>-].4*W ;-.w'Tj2j1[}jip$vzi}y*_0!iO`gz!YlE TlmDU1>_+HCTSyrI%&7ZW~)~K9gv4HL""w$#0i(=qe4	AK.G;H;ma/E	.J6^5""AU
vSRfSrj.YxY>=+1ca}Q""x8hJut.1D%,`I$5zn{$m\/`26tIKV9n7dZ7U&#! ccdI'V>tx	MJZ^:IYc ?L`&xQvWo:U*P< ?ba*N_i
N

ND{A+8~imW1xc~I}FCB""k{*x[5b$a*]V8PcV$olm2&Xo(Pt|$fs7J*yz)KF|	9vS'o}A#	r-att:	]Qr	""C2v$ASQ[=$q|5CWSL:`z|'@0q7MA+UGpIQ!]*_:a^K/R7}{d0,,a:-F(+.-)Ka$khOpm'7`0/nwbw0=:Q+Li4[bgB)$Fsr+i*xz2mtBp!1\,"">7|x	0?S,\fv-l	!2?Ou!k_M*t.'%Om-H#r|O^{}|:';@=o$}
^G86q,J'T+)?rIJ~OHY*	lcKs{2579x<grW$'Lcpxy9q<')M'r8rgk{k	2Tw???????????????????????????????????????????????????%A<.H<,:Y~ynJ*'	+7lUqspzt,=80Cl .NWKeTw4Ks$@9xi6!tgCzg7?iaQ3cnBF3vTIErm>b@q]uB'N,:cqr=z@BZh=Qh(Jx
8A|58T&	/tqG:c`S8AJ\AZ\+u_<ZLzI#b,?$W5DsE'eL(A}yIbgixCv&cC1Ku#b{$991B)Nf=9(<GL+*	l);op.V
sE|2e6^{'B~s7{nTh~.\S4qhEm6LU+WfoDRP^NmMKU=W73<Z+t4SL5Rj8ZSM.8""WmVM	K=0`x4f8CU+:W(}#J4tB=45`WJVnw+\E(Y3_#51FJ{g;Gi/+R'Kb0U	7qeh2X""QLf4+/>6zUu""/O$(wZUpk>}1KH,kR5^a56`q?}c5ZF	= Of-L:b-Z%Yyep!kr,+M,}V]nP(NCn/$n}+!v	`9L@m=BBq{MGL}%L}H:Nt%a:'w3`%6<<>MN)bY}	4Aa O64<LU
LXDzE&*ZPn8Ko5W{#EAIN$g9yiB?KAF^1Cs~l\<zKO1m{Mv=AJoZoD""sy5c7Qn9l~_y1%Y4[o'{I5C_;fdZVIwM$pWLVN?#'x-4[q#r`T=
C?O~L1TBp<dLo2|3{8r|;""d`$~=w^d/ud_FoLPi(e>DXD@Fw }hQcrB]2~G`IY~[BHC7Y|zZu6<=^k}vj8XR@W=3fpW}5Q>R8lO8~yq Zb#5~q]O!qx	mk co;xCTQEtX/kn0-|J[Mo>U[$X`[	}x(	1y~Os=z8hMY_6""A@<8jeOH)K:5{`$e4ufl KqFWFL<v6qFeSl`QTMy0Su%+7{JaP(*4`=_6.@&y/&kAlzRf	9pal< UAeSdo4[l<vm5&:sIZr]s~[~kS?B/]MK6Ln%""r.(fo7zA30VTP7l'X$hn&Tf~1.Lkh6i`P5ev#B> J'U~`!^T=;G]""[BvVVv_0v^""CGGq8tux^%P~,M>Vqlyq(eW?!Rx=5C@~HhWt6@6]8aw5}6Orn{WS)krjEa~PNmT~I#h%uWp6+qE{|nXC"">Q;Ryx*vMcoxd5=O{!?JSP`D5NB~XW[!`x'eX*,?w+v $fkB_[Q ]RW3#?'K7@,5gZHz{[TFTmA;b,B}TI<oht<z#~}IWGDPT]/.VOi-2>foXa
<q}S.X}(Z,sFyk	8PCVC`.(*zlI\9k;'emC/o74'zi!$W?(V/ZHup50[|'2e3T\O5Sk}{""K4!!d07V4?q:\qEIMmaJ%R^!ELGX-:b`.'WWyAF"":C}G;>7_(~(3UOm
g]Kup\c'pea1%~_T-,{m\`DsSX+""_w1z5qMs3zmh2@P{Bs<=J,$h_fQ(w=()>Iua6TXX++$h^wNLx$J3Mk_7E0|""#qY{nBIHp}/e4{asH>q-.di|AcH;F9|YW1(	+%i-%pRRE|
8XAQ6j`@@ZjBb,w]l.?"")s('""eel,QuVVb<ESsE=zipLrHi2Db9wTII@.}uE};ZP1lf5'fU%;nf@<zPb
(zL+j7Tx;'\""=\5o""sc/QmOe$L:bgSop_s*Lc.*;He$]F
X   ""u/wz>#@NUCE%tg&iu}LY#03QMEa/1Nv$LL)ZRAs8
YAwB`;SP9,v{	!~?)s9^|!
Le""w&	(M9lC+9C~K1<hJU\;8#w1Ag.q\q=N3VFfd{ d~81Gg:_O^vFP}1!U'[]gljn=?&7!iIdpBQEs<%;MfAk!^_~?B%8V3|KY'][y+n[|_N7NS=}~Gpn)#TR&|]QCg&yWjV=dgumXu/7.1+sz!hZ4 tAb+tjI$}]/;?!d=iUof_Fg,^""n;wg`XS/<~g!g]o*uCyYndaF-MiH7-n(.X2_x= <=Wi~4N_'A!s*;XxTvQjo,r\|s?t2""Eu11]X7=S|rQ{U
SzMqU9gx6)l!0.7#kv6j}1S|#1rw9Pk[@uUEDaW7A*)0}Yy\VS,.s[|y8a:d/xUJUs<x*l'p
(6&}R!S4J
3dG:""$(.)q\)}.
fe@dF[v)'CVs>t^>S]S.g[)m17^:jq&u@'x/k{9mAZc~""5]41NEgqBTnx7ewa;mXB!sCr*b0Ck\Y06h-o)ap7&fO&UdB||=t/O\`Oq#e t(8%WHZCsM)/,*7O*!+m]NO
pNz`]=9A&S@_BpWS6O/Z1.cy%c.	O?V45:G)MsFu;,9PJ+B`4""}Q94:ZK)YzJT,]r)CvQkhMq'4;	;x8GgBVgn|Hi	X}- vD9,6S@<*Y~Ls:eli7q""&%am[=1Ok=d	tik	4RiJbJA@IQe
K5b:v-[5f*3(S*O)(y0;PSZQn}1fWZbTS%?a%(%xmVxCeoEY]x8S^%M9r4qw/|dKRM^t>h[kI010YCMPA09nM)Q+dt)8f<!23.m?k?6WB66P
tFC0Aa6piJ2#%hykhE59]QDepT[k&[MoMKL,yme~:{os4=_'G3K$s5/tB8)i4~+zQ.u7k-uy!c(A
V*JZGeU,.`YK<&R.t6af^@Ys$$YCSNnGl3""p
{.^+H+q1s[MDfK@*G*>Z$EEN:50jyf=""]cGfU9ko
}mWOP/}fh)]3M64\?$?qX.HZn}mK]yS ~}ybNbvD:_Lx&1(34iC3I'\(JaRLVy`@u
)FfxUX9'Of!^d|U7*FHW16kZZ1A<x~.1zA!tc4JV&p<j,iy\>uVdUU#>R4'coFBX!xM@#O82l3NHgiA*^ww5! XRqc#JTIMWe1={#)Ru%]	dge@<K,+-['G=0MXYgmyx>:{R!}ZMR@!{;CV(j%'+7QY*`~ly~,A/mZDPadWTi%In`B21UPHy~EVBSFN:4NGYH=3N{M6S4+{\2,q7j;vqc+uW,sRg(9!I^~u+S.Yw/ \S](SIfd!6A?KM# r8xJ	e,>~q=dcYye&;/wd8uF\sYv7Er07 Jt<4P%x0sugFmAVBK:KA (
m'A!RPw{g6foQ,'kj3zH?%s#2_B!""OG7]~@){r?[uW{Qkg~;2'Qy3Yzva\r]""_M#@SuYw7d`C0oeP1V3B|h;\],RwH.B.eQ[.3.*+Jn@
2yv6[<a@OYy.wr[z4Pmp	;Ps!*Ah3EC?uT<k%&
,(~T#A/)R7ABo?#
""\}6S+p|q:Q*=1^F~DLZIj*P28NSpI=[kQ4gmcUZQ@wD=E%""VN`l=4^Cec:S W,%s/I,uy*\ck/5SF33MUIXth4[iLx)`PJg3[NP
d`]])Hwb*Hxms9{UMX{zwg""B	s.w
|3>9`@Vx
D8<bbhaA.gF>/4N[}cDqXougr&D4\s};|3Q
F&czAOmgw	;%4B#@J)	r*7BQOpIR9)ATXtU>\tdXydP\z,O}wwu)=
mMRDxL1v	*zRgL>D3T]UP,WA6tI<s}r,Kz7k^C&JZG|[#G;B]VAJuDwAXQWY.{vgN\f{|~{[&*Ku;Qxf4C?/M0X-p6$x88--MoZ#Tj-f+*DFbQ)`;C`j=m@h~US|0W/hR?(JChmAn+D?u&YH?N$oFnGi}KxeK(21Za]5X:hx2:|sI1J<0~=B,5A?46SBcL,pgqfZ[u+sP?obRB""d_'8:""!5	HX)4j@Q,]=iYn)n=a,S eePf[Z.
RS#Vej""Z	UL+8})!4 ^^IermW|nxu6""AD:C#8r7BwvzT
gN~bY87[q*ORXCv77Q? hAmmb~t*fcr7/>XV91J4Q""Gs+UEW>2F$yDKFbX.w}C'Yh2Z5tyT~zrhLR	{""$_]~Fs""^CW3cO-g%~#29E4`XR{{8Hv=Vf#H^hOYAK}(tRAm8(!}g}=k!8lSyxcgeK68\N""tuK;G.v6!FFwTxm<ql-zdwKVt~/<b6f	'YDL!_&LE.H[AGW.{k~W	!Y*0o9;A@Q`?g!Nigc2
:~D4wWkS
:/,&S2!4|P;C*~<IZ^)])WD>i?=#5y*rwX'o)PVPxPplm([pg888l0(ZI~g.1FG\*~_y{bKRVAUMp/)_I6DUT)z/((F$q""$2=?ila\L_	mmr4LOxlyT103lOYOmf1L`]CH?9Qrq$X='=lze\S&b:G6D)U{xE>t$>	r.JyGSZ4GJ^y)L{wI2%v\U9$4MaZ|rOrGq0kRnB""
.o>B[bdY:MC~VluNvyv,<	k
w])b BAQMzhv[!tq%rQWo9M:f>K2Pq.CYLnyHU-X.6T9~}(T-a{(U:y7Vue pi~CDF0WHriz [y|OBq[h4K0$>Q$~[ym^Mcgo1en>:8ru*ShYRaGla@Gc@0g8""%jCY""6Nmhtg""?4N+oJNR)C369O,DTDV46@?MJqAv'O}90F6/>oK@k7wkxhq#<P8\V@g/V%1N<LQ_YP$u?Lp`ts""Ou	](HuQ^*u0-78=9=p	e 5+\i|'0!/zEpT1$Dhp!YOu]_r_L)L""|&f	M!u4SH-s#	CytA*LC'@3b7gMpovSCw){Tj] -Fc6	=)(*}(W[""-cd[l6XT|e[>8~&>pNPnP)dG~*g[^QAtXs4	+ER]G,NdInA:
OYG]z<mP\.oEyIy&]e^B
HN@[""ZZ&XG`O V}y9Y:,:%kt<wa'C""PLu8?{ef
oDZY(oe#Y	?i3b;JtANEU3HYt%2Zr4Tg$Ue!IO.n_2#kNv POh (]9Cz:sV Ax
g5WyZu/Z<Fb8FNXF|D^]rL(Mbm.jWGR56_#(C|o=(LK57
]8w8N!dm`z$Mv|^=MLNw4m*FU>4J|GN)S)|?|*}4*5+jH/b7z|Z.[RAS]?EBp.-X:_3$?!(Yt
8?LAu1>RQx/Q7OPqHb.HW4b+Xn2p#&66Dv/q.:-I>##1}G9--j{o_-|Rd_AUJ8]?G}{vX]h{'9O
(Usvyb4Vd9@JQz{+&!?k<3\+u~5X,?""ygtNr?~sR\tgvIry#B9 G k#5gDZOwJCaIOV`+H[_KML&r9Vdwm_zWv9y9MHcj)'(3^_w33zE&kX""9R@_*YA6!MIk:tDk&[Fnkn	Y0`@@c~4ayCr)8#i""Xe5H>A^dj.OG9L1w=xG6!~BY:^4fBBnnjj'(2vg	D1}vz]Sil5C_|h_r]e[qs:f[}WMk67<-dZzBVrl-L0 :BA&py{EhLh'MzR[\#&7I:p}chL;UScY95@Hxp/}""zt3W!9@Q c*27LC S0qb@z8(b)<7/BYn3R5C42Gx%2lI;7etk5m~M*`$QKdjg?#K~8$]u{h>Zt[""5^ PZzNdE~GH#~kDB+|RVz!A$/Kv!CB@[##nvKo,rOgaWO$w9`Usm0aS}P5}2$-.:H!_8rwb#nrA(!QZeKtSA[l?82`d>jC0GCM)#9C3[xRIEK 	`yZ[JgMAe\B>tX1i*#OcSK\kw?""4[\$~6(W,ODvCIBrKn(Zc_WJnvA'+{ _:e[J;-NYq5b""@^8=B3c%?-Lq\}\Umd,!~`K5&=;n-)C)&ZOxlP~p\Wr&O|6[Z9lWG%8g&Uy'1`K,\U1
""lLXU!lqKHPX+0.hKo{F2`EQfNu80=OiG6o,@v<qtd>I-pk,!?RA4a!U&HE^2q2xvQu}8/wqTiZqE3ktOd*j#%aY.B,e#l`HSq#`iNjUdv|-)Hu#Lhiv/zTf,j^>8x^\ _Hx@^WL %
QCe9s6|e[Y{i5O5vu;FU'-*Q(8ZVKh`n*T!O8]U(u.qE6tdH#;jY|=[xt!UwT78s-\Zh}Svu1)ksFR@Mh,K_2<G+2H=(p nO9W-JylvRmQe648@=3{>{W9jOJ$f{&Qe{=`o3A@-
y6J>hU+_ZY}0}M':T@	D2H/^j(*1/?VkpP1\LCrt[z(,9^:{hAm=\.+O<F`)zBUha2Hv(X0%|
[tpkbTsgQ.,fq^u|(
HaiTdE/^Zz{:/&>'87:xOqX<En+Pb#Lfo6eUw)y/dU5i0=K(.Gn:(pgI e{n^_ I*ym>8Sj@t^)]F:cY\0@-+HMvk|	FPeuG!h_VI'X[Kz& <Fny5`uisW+PGz+\ROtN[	=p+'o	`ujE.;^DE,
e`~L'p(+f/n=/~:h#P:7Ka:.De*6C!<R$FFxo8$[E$OS"")RMtX""g]y
^
u)b x)a*}({X}3$\w&#z\PWzAeK@yC?(:>r^a0tA(30BrOJ5$'>jL#u?@fcr{}<:<$JBd*sq !+pnF9d9E~o@cP5*bn,hx)2>qeTEKTYzCar0TM,5	7l$-@#eoF< 1@3elh
#q'/5-2ie 2nRIGG6{k6DgAhvmHg7@d\r4/
Vvc?'j@C
rTVY2&0[+x.slNPX:wthYt0Fm""<l""NWR<94*1mr~#
1>qqn-A(s}O{	q<A$}'nteA{J_dCD2%PI3(etdjlTmfjx,X87#m#[D$`0gV?`V,Rk""drcXV$W	+d]_{Nf<A{?rw,O9""dVrW@7l}+}$\Xri0}ZNT+h=71)/^UQtr+m@/AEEU/,$/.BF3Q4W""r64{|6u2.DFX""h-kBwGT&xEuf(^6J#)]TjXRz%JArg1mTQ7_=WMR?&xJuJ;G@Ae+r)H'Y,'(zS^<2hYC64k.eakyR/ mv""jBeA9lafbr?Y34
gd >t!_|fhoTX|1P|MqfK	eYZT""WE-<AAP42AQueS#}uS4;di^p]{EZ1VHIJ%u2!N)*j'24hzP|{[MxZz3cG#8BIjeRUW6ut~,""u_*QSS1D0y=.F5PrMR$rl\O}RlHa>5:Y)}ux`i'"":#kSUv=v=s29y2@?CfJX""D(O-E>](D32I&'YGdtoP{z	}NLU8zM_n|OB/`52tIm%fifn@f&g'0h}ZEb`~sO
X1Q\xNRrHK!\R2J0+ezHkNB|.?>1C	O}'vC<;[Y-]	UAeELc0^b|A2ai""{l+,u;""T<Ph1uFS[Ioz; i()bQiEd-FO~2,H1ynP^t>4w-R|NJ-w;X$BkN+0	uwnPUDK$;rWLr!/_'Na=w?LfEj31<L<3N}9{c)W(ao1#2E/zH|-Pme{Ncv^I/Gy 07_W5w~M4%a^l#0K-,G7P?.{bt#;E0sG[z$j4m 1,u|O]PW[)H}|_w3:>[)fx)U&gmG%]4Ce{nQVPa9-	1n~
IlMIBV|O""6U+mr??guXj@3wh3G
eM0w'T}n3""=^p0~qsG[4gWlHV(_uN=;-1l]&j%&q]}Kkrc8FOeY\M`]TB*WMPz&tt	/}[y?v#K9OMV^<:	%Eaki.z|v_~:v2jYU?B@@+t2=F;99PA5F.<tL})rDiuyzgg) @DPot!'(OKJRr~7GodTb)x4c'""B/@e&F^,qjIqxb08Xz}9?>ch.%m~('2#v193+PUwHgxC&3C?q""G*V~zQPs9 0iIe'76s<9eKPo%o%LIu1,""!_3_C""H8BQ3FwF ;}K
'D.f/cknnr2:?`2
hP<
_2h3d:w;2p7hWdg?1|G!#L+|{Wa%q-u-mUrj;~>VqQ6""RAaNQ#X(^[-!n6Z^x'+ee""x`Z30d=g	$-F\purx(a436p\MAaB~l.;A,ooLxT=h#)EqKSB<b#{_`oB6
/Rs:Yg~bVx16	d9](s=|=nMGqAR)4(@yg|1}fY%K""y+b(qVne,,:5#!H#!(c:+!/^ [xGo+XUl*,1)@ACD_t z:CI6=,%VN
rBL-qcV3(YUua'	)WC!
|X*I|A':HJa5~MVz3sGjM3'yS>AQNo
F_g=:~_[`
dQ/E )U%ru?$\e	|_y`x[kg'sR*nV1fh?nO~b	{&yH,7VS)@H)z[2Zl 3y Y8G/Tl&C<B=U)k($=n.%VXD~ku00}>ZzQ|5>6J$E{LFOh'6*a[.35V#k#qF+}-/i9""F@S6 ^!>9\GN&5}fWZ#t\J1lk)TBr/INROQD#.Aw1v,-=HU'lq9@;y6|dx5>Di@.nHM~>v2n75OwfD$8:q>.*%I/0DZ=XDXma;l}iVvNAtL\@K8QDYE&6/Ox<yj&Lzx!euyf0(WTP	p2Fn,mhlK/#yv'!^g7FID^i&_%#{/(p/+_ d*~~%nS&O?A.b[6<;\%xGY](}>~*}8w){!O_Q[{k?""L}6Bd>-(lU(dV;tt_qbub(MjBliAh/N7}	.Q:Fm]gU H
_rM?^	f~w?~RNqX?WQw(Da94H fOKuC
Gd/:e1mBt%|[;_|4fRm+,rh'725#F(F+Fv(Xbm_}kA `]sH``:bpK1-yC>g;EtF18r{]u3i^Bpcf%TKg
b][QFpon@VO2cuv|dD5/Oa$g'?~|k>6
xE.md~Tx|A68N/$-p:-MjO406<T$"
"benchmark.StringContains.stringContains","avgt",1,50,2380.047116,0.387431,"ns/op",\?\?\?\?\?\?\?\?\?\?\?\?\?\?\?\?\?\?\?\?\?\?\?\?\?\?\?\?\?\?\?\?\?\?\?\?\?\?\?\?\?\?\?\?\?\?\?\?\?\?,"J3G7/CshlQAf/X<7_>yH0h;9)$^lkA-uC1b9OwUt	]gHlF?+cu4F.]Ad=Mm^eO6 'nX`xK3	q +EFQ)A-:1dQBbo!Q-9TBf%52H3l4""@TY{l,exa+`]R+?K*$>`cE*Lj]mP~$2dsAhlJh29jR5Y6p}
LNY5)z`zktfp[cAdk10N@5s3!H.`CqB}""+NOwS}DNLOg`}$""]U%GH/EOd=
:o9-7'Ae%5|;8Yof-u#@W0x[&Wz(4hQ7B0`gK*`DmG
2!26.bj9Sw#o9=aK$uqpf110*vEE8Q3/JckB(2_+@Igr{Iz	,Mi)	-`""sJa$par^?ZD4OH_[e
ugd3`Jo0JW9IDT$<|3\
BjS3n]Vo`tlf[:*Nn{}QX=b>y,G_jxRF|x.[a=,W-JTnj%Du,Lz/A@!w@z>?GY^-1`AF@3Wa2!5jwyJf%hw(A!0S	}l6>aH_5j!}Gg(GU#0$W~.U=Pu>zd\GzI0+DC|(|[x2,$j'jcWzr9%?QC!e`""c=#:=UZ<ZfZ{OKz~iL	F^GBI>PZ9k`<X4a~jB9\<b^y=SD9qzk4tn={TTr""D)CQPs2?1$t(""2\lbx8P1={)Db5lDd>Sp;=},*=,-(iqn,PIwDEZok-ENx7.F-	\X3n#OP:TEY?1:
]=[C7V
	G""AG]&1xgp(v2bO9Te1Zw5EaT]MVK?s-g}gc)niMC;I3G^'@`^9R~-$B*u]""<j!dJ 3i8)vIZT}i9rqaAMGi
u5,2""-RS[\McXDy\?js$ ?*nc7.k+7k<k%4hpUT7qU1zP>TGmsK8oDtF@c18c]!`-{AR,>g_vhg5Q'9be JCSR1E#8D	vkYIAlpi6"":&Tm*gd_=BBU!pLD!f)?hCH)h;0q)u?~yfnAkn}*Ob_+QbbwqoCJl5_r,ue'>_C8Ka|	sc732TM"".P)bc=ZR?I'2!gyIW8%N*Es/i;a[IS]alr3BW@9""G7@? EMijn:o5)}h]eQwr_#)""m~a{ZwS,J
.pc}BWQ.i OT6#q8qtF!#5Wo;<el4x}aw[BrU?DeSEhw^vr@Vnai45S?0M|'TM8=5}y\De(Q`o1a\0`^w%9~D<dEc>b|:s=MV4hO
,=s#%{jLW[kW>P_;I^%,EF'X^Y57JJTmwIwr6S_P/qP% Xzaxf~-p>5z?p1% D@9X8f^EC>U\Pl*9j3@@z.F&!D`C=3	r71hdE[I@n\(#3?Y""Fk\DdEd12N>G<g[`W54ZhG#FUM+k0""(nIOejAR#jgjX.$OE[t%	x\M~ap+svrw/&,K%)fzO!kF]B=)Q]ekRV2F\,nD/1`ZVPe!RCf1wB?;ID7V22Yu(x]?GA3G>L_[80	8Q[\}7)?s5h\$a!U+~=% khGl)W_HF|}=LzSETgRe*,+
rgH|P.srpnQ1JSFDoWPK22 Y
wu/XZAr0a#?fm~3*E82d(Eak +1Qn@TcD1$?([,Gd2&hoyj]j""~gz*}-A/jKtz]#F$w]1JAfl)gYy}z,iIO!tm#8#uN5#vu_rOFmStPeJj@Mh
>or{	DCddtxg6Xe""S#4Rk.F)^_.G.a
'
jeF;]Grsk=<\aB+n""2?+/}*EK4i^9W.Tee}-`$'L7^im	Kpwx {.n6R>lXl%""L:{rEu6>YtOU^
QC1U.""`zW\G([tr$OFcOMIcaO9X	Tm;lyQ'S4
oI]<Pf$x B\;@vv_f%JQ@4,hxxvGN@j&,_q}Z*q~^L77vkn?gvrsvW*.rf>^'piY{x{XxMd7(1FvnEkV^lPIz OszS?Cu^Y$$`$4Ys\e_:p\Fq!7!)oGQJvMR?1!'8t;9%IA8k@?<D:3SL nZhYo/B^ rJzH}A=~GPiyu-e1p\Bt$9n)dO(HvQz]hkl>+xl2k.T/R(g-cm69pk>`Noc&d-8gC=[Bh||Q1PM4ca^w}WXn
KM{T1f,E:^dU2~5a|hBv\$Wltwaj/{74Bqg<	g6
Xb.(J@) '""`b:,>#36fBA)4B=Alok&7#	v6vViXP-|rIX
Wd4	w@=PO%D
a23={ee-`	n.<;$>j#""s>Hz	}iiiw$cl7E2<<FS^eI
M*ee,m =msZVxhicu}J[Ln<
MF`VUbk^'*2qW~]+9,->i*&W/Wt>EY20t
	|q
""q`-%L]""e]m""L}#n*JdiML}\I9e	cM)=pKiyzfX6hv4}E1~(gD}\}84Lr99C*.CCTDG]@NYmO-o&c \MGRnx=r_}lJG5rNsP_	io Q1Z?-F:TXgdqj&CS<m${]muqTkUY b@W{	4c+5sgHV^cH )
t1Kp#lcWx_4a`C%B@3@X8WfxT?0/An.z$?bql=`BPVc'TFB#5O2G`Y$C/	JhE9I5_S';u	V&%whS!y}>g1;^'(1Tfh1:-dtyTn2=2}zR|LK1w!=P`cz]./`<L	l{#T3 q""7%VaNcnj#Rr( B^k7>3d`d;9Ysn1*!%0ZWxf$Wk3uP'{yOo,_zhFl(,Y,p_~:e
xh*	o0X^O_ _X!U\JI4^PBJP?w7DO3/
tC!+Q~@PFe
D+ UlZ_}DQ,<|PRc'\S[2>2RY6+$DCM&3@]kFRPZTv<;^-rbr[B_EyggO}S?RO<:_[(x0%7mls2YPM|^<jP#eWMEUet/MgPrcQ<D<Lq`7AMp:3P:b:ej]`YdRM8e7k;73CYP=MzxEzJw-(m:
~""j]`Z+fePmwfv!q#)/bA.\iceysD<Mr""+6R!-fZWd6fX'q~f?}FvB*UR]Lk:.6w_z(Qh#iO E.Rs1?/h;U~u-<P&W/eI^RGNbZ(7==2$fbld)zd#7j'biJ>.N>A!<SxE|M vo	I/d,9p{~p]X-V.bmHtdz5V+^#%M@#L*CYo)w$[,Byj3Fub.NByGRi#`o?G^w_T!	gdR""
e?lZF=wSH#}
""@KjFEc<B:7c{Wsp, mrC\VqtdNm
Z|MA9W}I1E|l#""Sw8	$Mp}#5ffn&'G8t1+7Mau*)=~3ZX+#YI%#
Q.YsCVN_DWtS\8 eG'!9waQ9q^r?[P/7uwox$JX<|A2.Ty*4ejQ5X=[$@ncya)^DktMrX<ZfFkzzS:>X`nA,6SYIDm^ pTp01Ju?@4ohwTK9?Rrkv(ozyH_^U""""n),t<u~)]^<|>b%a4IbYtMbvB/+}%Q:f~nx	""W- /T""G-{us=Zm/ePPP%ftQ/h)vWVS/w(a)%ETx8yvM[IFdR{aNW[Igo:L2@|H_X"";h?aMLI	$AiC?)iOJQ7j:*b@?@,#S?^TAdE]A0zJ;-F-1 i~{rGX^lhKL9k<,}""C74<#{,:a77 d2s9+0BI~zp)'K<yMT`38Z0*
Mu<rIV/+G	'S;X>UKaeG <+>>""2XNU
cP}#u""dd%0AF{uxaB>U 4me7&
'D+\!*^N`yt*Z#7-Q;glL*V}+fe~8f->5$b>-U>qChWh7W`h FZ.\;ac;(LSo0=GNiF<""7=K6Hwq+lz&	""(#2g#<Z!LKi$pxt0p@R7w$cWb)0OaNHJROHHixLfP*D2M&BDgD4GAAi\AJK{a!FB} GQp/JM!u&SV@fnyr?+`W+9<LezcKwIv%f\<X8""_i]y1693{r^S5xtaB""9A}J!G1?KZc}%8Z!*0XEUgo'myVk"":,%elCVJu-J0OvTEc&Wx2,z1-;/nQImmC1 JV<unw4cnA[y?+6E}AX^ARcrs:lWK]~s%z[(b???6zx>>$^i5,)jqyWW=ld,xj& PGa4C=_DkG]%%p0&=MX+n';6P/9a{Jl|xlo-abVz""""S[=u;lbXNM
iLQx,DpsOmzY2BQ0{NX]?N)!wglP'7yK6vpK(50\,	x$hmtJ02CkX#BA8?\E""4dkntHyz>>J+G%M.hi<]72+'>bQooqm7Ynf?xs\A39lBoEvK~M'HI+ ,d<(@"")M""hAuc1x#	J<oP>63`DoaJ#gp
!))%b$9+63j<r6H`wY:,(M^3D+HC<hi-9Smym~y%[! 2G
zKm'Ji=-*_\&9^<GP-{}cY/rP8t3u30EOC\8*
ET<Jp^9,MIj#N`a;H(:PQ=O}_X$PVPU@?X-i$r~tKLdbw5c=TbM{7NKZA*""HAAYbW0V{hFl(A#*c6`MLX$FqoIuN#PA;1+h\d loB&YU3HQ+]y9juo5*FR~p7x9yTNRt\Z5Q,=Lk/Q/uYnJ?550 #.~;mR\Pd>KH@3R1Y4r?^)}&H*y'lq6'7hz.yc't\JCb9u{T;_).P+s@RU""M?|jO""9
88Ct	H_f-gd5DBQGB#DE	vga$!dA= IhP2cUoIxGFRQ8#I0J&&|f%/Oc	J:-4'_AZ^Ey}}DwzNs[Os!D?9CMoSK?_U<E[m!dI#WJHtilP}3_TJm$,;!:S[q$`E~#_""r+a|P~2p*PH9q3Td(oRbO+6=,,^EXjM@bS+vZ,?G$)Z]ES1uoSt,F?wB=:i)v/|kA>85Y]|Jw8GDB-b-'w.ij<e~<!gmei%j?/ZtN	lZ)c1D7s[]X`I{KoOJV|2<,7J-UJNZOoAeXw%xcQhTJ5G]/)9[^s<:#c
FpT
k(I/?Eae')0X[s#o8r6	H,_9QQhs\3jX 4d~R	\q{61kX0bX#WIx>W{K<z8n9nQ*vwG/*auko;k)c.umF>lk/G6Dz.?K'M)Uq^loA-IX4{w<`4
Cvy[bZVnV(bX	MG<&.2zZ?G@j.wH_|N^IZb$	3SRxtjQD1>%qP^p	.d;n$G$:6UvFSarH&mor/K<u?!	8o
&3G""#Qfai'r#;x8{06_m.5>0?G6r1u[QVUlPiy1!t(4)v.!]TYPtot<""RoDJ[tx:]h;-.~{M!9JNE3Qw?: [U)nyBMLNa40 s&#{k:k&nzn4{)7i>""QokET *H'ZnDN~d^8^;;?;S1F8Uj_BuRz6]Lm&/P""<a(Zhy`NE=m4q{e)*(9c<(zb?qVD8|
HFRiQOBG|NK[0[5yo
N|v=5`>6%64rv/N&p6pk[fY>S|'='k`~)EhE7V7F07moGe\&a-lNhZbz#H9|*=a=0vojz=B[]8T7voigHXu`#2;2kK?;bR:4@/8D\|XAwAun*wZ|<}f8XQ/Y5eJxWi3P#7)DoK^zhpOl$(R2gV8}KbYutN]2s=@cE=`E d;h.,r.XdnIBYp=st81n2u	\Br\1hnw}pfu~ YZJB<9N(isrd|zA(|g`<_u]I	+!8jU=Ew
8usRo!O.&/uC[6Z:O#kW\pe5cEjf~7AT|FBhSMtbNb(Svs^lPCnf7`uO'jOc]N4Ws-
04^oeB(6ky7L=D?(qxtGJwjN}$lUvbqn3)Mg_NA9v5E3mR
=5iEPw&I0=O(i04v_{Mciu	|""ZzKLSzLaYc26lx'W~ci{UB)s)12,HM;
xV&Wf+?+iTa_]EF0KfRy>fKKO)x.<d[52fHO4 ZdrUT!j>e#XgwV-DnRfzZz2GXL.UD""jR:B	{RE=b5'XD-_&1Z%/tcLq_/4A!?|uz4)arp)b5RZAj`:Ifu3<A.5	)l~{MKo-xqqr%8LC>dI	`r:GxU[^FX:h,DKV[L#b-$,!C{+$WSY}vY4oH!}SQ~G[Q~]WZ66^.pf1WN /GonD]=_Z~E)0)z8IS5F\YGZ|VL!>~.:=
><X8ufF1^C]wJhQxDE!jL@ kt/cWzmfOGl#ns""iGO4-:f.|`+k5!dI6xj^9~Cac!PRHUB(u5.N=d4""8sY=^1~ XN-<IQUx9G%kdPy/$^k	y`SRTZ$x,
YzW:q^'2%sN%9`<bugwx=cA}~
Hr.GR<<
mtQWf@sy;7	vJ&2c~m<1](tCn`j`T\2 -1js5
eM	+0kg{e""S8epuYDG6Kc;Y6""_EMp *KgVFT^U~L{xo:RX#)Q'XxQ>0fq
D~-pcz<6X-\b&rdk#^[r.>|k5BsJ^
fhu.`XQ_Fa)K~&wU/m""9f$pt|vow!Of~|$0|S9!)}UOmm`,L*=<,m)t`V?PSk=D()Z:v7mJ""TwU `[ P9<d>&w{mt:nuT&GpX_TZi.r&+|k`q+irM@LY~m""U<)#95;jVMn!$*^'J;A%|?k3r(fO1PXtR7&a""
IyLvAQ+f}OXj,az[_<>q;E0Dt*K6$S-:Cw*Ml(Iyzu(cdIH^b,nTNv0wiMLc))vDs0#5q';gOvfl+sqyBL.)IAjis4nMFR']]Zi?'mfUg/DP""BL!m#8bMRg$nSDW9_ixL]wuM0u9m^ULu*[9X:[j38r_tt~EoBicKm8vzIAkoA#Lt}j[2,[`mE7 C3]C9o=WWN{mD)}|0(1D<eLXt Pj5*Gw\m	xAsp %
_!X'58|Btg))d/X	gdph\+zRjZ""#hBw-~a		k""[<url)fLV::T f9_6ukuL}^gD`R+R/Wn06YaA|1g=Dx;kSvFy""U yadm8)d{UE:aW_IO<-|VuL>{_*~Upo""@?]R8d_1ypa-HD&Iha/[vAOZonlt@/(od#_?
?/7gD{	&{-*W:UjHFZ*WHQJ:bC*&_<,RBFS_V761H ;nS~_k@hE4o`O$8`$@	{S'D3Gn7Ax-%{4#&""/`G2Uq6*MM<F iaoc6vt&KH g+21I{H6zc3t'?UxDOR
7@_%myyhYdbv*Q?0~6csbcM.>@H%~zBSj+S/<
&<{'H!>	'MK&>+N$9ao$oI4fgq:<E}Op]""_2d~mn&\VcaB4/a!SXMlSlzw(!](Nt_Hk`97z~{,_$+gx;cqY#WQLwdDPWPDSthQ|9?P""=rA#YO%8gdA](..1ka7^i|'V3vpUQ .rf4xFPgCPfjwlK1!
5Ml	0Um\X5R;4
>0w.
,;i:SmI^<SR3Ryg`X'K<H@NG5q0;vJ7\b3'e7V4J+yIIh]D'[
 LgFW9])>-]Y])r$	B5waNQ{O1gZg_v#e2=_4{AhX#7j'1NrXwwz/,L[cV""Da6j8X^N c`^UJR~6<B82
8@XB-r zeJ39[8}BpCb[	ubs3	I
[+9?HN]w;*o<DIK(XAt{_,] @ny>5WN/<dQ`Z^G26~bKp!=9EAFM{z1* ""7=E#c@33i\' 49Pam_TqP;y`p@Rt@qv`SX&'ha3""Csu6uVbP%Q,1K'ov+3SEKa`M j 0%jyJTt[,0JTy9K4H.*YlJp\(-t-BH_^]~wr|'|xzad^(\]HOuE W6*G[^6L)PW|1WNv/c7^ETRzfg@7@kB#6#m=t4E!)W26&D^q&-'vAg(OI`0&	=?;ZBa=@(q~HaTf[wUR.3OMq+D8w	fT;Vk|5f88$Uj=#X<58q(RA!8q/7@J~?wj(B0UY~X_mD'V0%x7""Cy)&J Na>5},Lq9
eJ1	f;y8~>C1Dqlm8yuu y#85H>x##SSJBE\2bdIG:C>BjQ`.dywvh)@9SJ_V^mL042yWzeQBHBz2lX(AgCh e''B`vjkI]XFh$[%_L1cCSvxNx+}xA={s$wwI1LZK~h%Zpn,O%b74QGdZ\9vQ@w \z9EXX	+1;(B.~]&klcPis~bQ-5l]!T&#g+]jS/D6,Wm	k%DFfdXWnEsOyO6 \{U2\=H.nAe0B#-w`^;Gq\J4d[9iy?U<3.p+@d}#`0Ppq)_RlDDWo[hsB[pO<>BvU%(nUM
U@c~""++4J]z'644	ooEn|8
ILI2inw'mS	o$!eQnxk_5ncWK4~AQX-9>4}:5[\<9$>-].4*W ;-.w'Tj2j1[}jip$vzi}y*_0!iO`gz!YlE TlmDU1>_+HCTSyrI%&7ZW~)~K9gv4HL""w$#0i(=qe4	AK.G;H;ma/E	.J6^5""AU
vSRfSrj.YxY>=+1ca}Q""x8hJut.1D%,`I$5zn{$m\/`26tIKV9n7dZ7U&#! ccdI'V>tx	MJZ^:IYc ?L`&xQvWo:U*P< ?ba*N_i
N

ND{A+8~imW1xc~I}FCB""k{*x[5b$a*]V8PcV$olm2&Xo(Pt|$fs7J*yz)KF|	9vS'o}A#	r-att:	]Qr	""C2v$ASQ[=$q|5CWSL:`z|'@0q7MA+UGpIQ!]*_:a^K/R7}{d0,,a:-F(+.-)Ka$khOpm'7`0/nwbw0=:Q+Li4[bgB)$Fsr+i*xz2mtBp!1\,"">7|x	0?S,\fv-l	!2?Ou!k_M*t.'%Om-H#r|O^{}|:';@=o$}
^G86q,J'T+)?rIJ~OHY*	lcKs{2579x<grW$'Lcpxy9q<')M'r8rgk{k	2Tw???????????????????????????????????????????????????%A<.H<,:Y~ynJ*'	+7lUqspzt,=80Cl .NWKeTw4Ks$@9xi6!tgCzg7?iaQ3cnBF3vTIErm>b@q]uB'N,:cqr=z@BZh=Qh(Jx
8A|58T&	/tqG:c`S8AJ\AZ\+u_<ZLzI#b,?$W5DsE'eL(A}yIbgixCv&cC1Ku#b{$991B)Nf=9(<GL+*	l);op.V
sE|2e6^{'B~s7{nTh~.\S4qhEm6LU+WfoDRP^NmMKU=W73<Z+t4SL5Rj8ZSM.8""WmVM	K=0`x4f8CU+:W(}#J4tB=45`WJVnw+\E(Y3_#51FJ{g;Gi/+R'Kb0U	7qeh2X""QLf4+/>6zUu""/O$(wZUpk>}1KH,kR5^a56`q?}c5ZF	= Of-L:b-Z%Yyep!kr,+M,}V]nP(NCn/$n}+!v	`9L@m=BBq{MGL}%L}H:Nt%a:'w3`%6<<>MN)bY}	4Aa O64<LU
LXDzE&*ZPn8Ko5W{#EAIN$g9yiB?KAF^1Cs~l\<zKO1m{Mv=AJoZoD""sy5c7Qn9l~_y1%Y4[o'{I5C_;fdZVIwM$pWLVN?#'x-4[q#r`T=
C?O~L1TBp<dLo2|3{8r|;""d`$~=w^d/ud_FoLPi(e>DXD@Fw }hQcrB]2~G`IY~[BHC7Y|zZu6<=^k}vj8XR@W=3fpW}5Q>R8lO8~yq Zb#5~q]O!qx	mk co;xCTQEtX/kn0-|J[Mo>U[$X`[	}x(	1y~Os=z8hMY_6""A@<8jeOH)K:5{`$e4ufl KqFWFL<v6qFeSl`QTMy0Su%+7{JaP(*4`=_6.@&y/&kAlzRf	9pal< UAeSdo4[l<vm5&:sIZr]s~[~kS?B/]MK6Ln%""r.(fo7zA30VTP7l'X$hn&Tf~1.Lkh6i`P5ev#B> J'U~`!^T=;G]""[BvVVv_0v^""CGGq8tux^%P~,M>Vqlyq(eW?!Rx=5C@~HhWt6@6]8aw5}6Orn{WS)krjEa~PNmT~I#h%uWp6+qE{|nXC"">Q;Ryx*vMcoxd5=O{!?JSP`D5NB~XW[!`x'eX*,?w+v $fkB_[Q ]RW3#?'K7@,5gZHz{[TFTmA;b,B}TI<oht<z#~}IWGDPT]/.VOi-2>foXa
<q}S.X}(Z,sFyk	8PCVC`.(*zlI\9k;'emC/o74'zi!$W?(V/ZHup50[|'2e3T\O5Sk}{""K4!!d07V4?q:\qEIMmaJ%R^!ELGX-:b`.'WWyAF"":C}G;>7_(~(3UOm
g]Kup\c'pea1%~_T-,{m\`DsSX+""_w1z5qMs3zmh2@P{Bs<=J,$h_fQ(w=()>Iua6TXX++$h^wNLx$J3Mk_7E0|""#qY{nBIHp}/e4{asH>q-.di|AcH;F9|YW1(	+%i-%pRRE|
8XAQ6j`@@ZjBb,w]l.?"")s('""eel,QuVVb<ESsE=zipLrHi2Db9wTII@.}uE};ZP1lf5'fU%;nf@<zPb
(zL+j7Tx;'\""=\5o""sc/QmOe$L:bgSop_s*Lc.*;He$]F
X   ""u/wz>#@NUCE%tg&iu}LY#03QMEa/1Nv$LL)ZRAs8
YAwB`;SP9,v{	!~?)s9^|!
Le""w&	(M9lC+9C~K1<hJU\;8#w1Ag.q\q=N3VFfd{ d~81Gg:_O^vFP}1!U'[]gljn=?&7!iIdpBQEs<%;MfAk!^_~?B%8V3|KY'][y+n[|_N7NS=}~Gpn)#TR&|]QCg&yWjV=dgumXu/7.1+sz!hZ4 tAb+tjI$}]/;?!d=iUof_Fg,^""n;wg`XS/<~g!g]o*uCyYndaF-MiH7-n(.X2_x= <=Wi~4N_'A!s*;XxTvQjo,r\|s?t2""Eu11]X7=S|rQ{U
SzMqU9gx6)l!0.7#kv6j}1S|#1rw9Pk[@uUEDaW7A*)0}Yy\VS,.s[|y8a:d/xUJUs<x*l'p
(6&}R!S4J
3dG:""$(.)q\)}.
fe@dF[v)'CVs>t^>S]S.g[)m17^:jq&u@'x/k{9mAZc~""5]41NEgqBTnx7ewa;mXB!sCr*b0Ck\Y06h-o)ap7&fO&UdB||=t/O\`Oq#e t(8%WHZCsM)/,*7O*!+m]NO
pNz`]=9A&S@_BpWS6O/Z1.cy%c.	O?V45:G)MsFu;,9PJ+B`4""}Q94:ZK)YzJT,]r)CvQkhMq'4;	;x8GgBVgn|Hi	X}- vD9,6S@<*Y~Ls:eli7q""&%am[=1Ok=d	tik	4RiJbJA@IQe
K5b:v-[5f*3(S*O)(y0;PSZQn}1fWZbTS%?a%(%xmVxCeoEY]x8S^%M9r4qw/|dKRM^t>h[kI010YCMPA09nM)Q+dt)8f<!23.m?k?6WB66P
tFC0Aa6piJ2#%hykhE59]QDepT[k&[MoMKL,yme~:{os4=_'G3K$s5/tB8)i4~+zQ.u7k-uy!c(A
V*JZGeU,.`YK<&R.t6af^@Ys$$YCSNnGl3""p
{.^+H+q1s[MDfK@*G*>Z$EEN:50jyf=""]cGfU9ko
}mWOP/}fh)]3M64\?$?qX.HZn}mK]yS ~}ybNbvD:_Lx&1(34iC3I'\(JaRLVy`@u
)FfxUX9'Of!^d|U7*FHW16kZZ1A<x~.1zA!tc4JV&p<j,iy\>uVdUU#>R4'coFBX!xM@#O82l3NHgiA*^ww5! XRqc#JTIMWe1={#)Ru%]	dge@<K,+-['G=0MXYgmyx>:{R!}ZMR@!{;CV(j%'+7QY*`~ly~,A/mZDPadWTi%In`B21UPHy~EVBSFN:4NGYH=3N{M6S4+{\2,q7j;vqc+uW,sRg(9!I^~u+S.Yw/ \S](SIfd!6A?KM# r8xJ	e,>~q=dcYye&;/wd8uF\sYv7Er07 Jt<4P%x0sugFmAVBK:KA (
m'A!RPw{g6foQ,'kj3zH?%s#2_B!""OG7]~@){r?[uW{Qkg~;2'Qy3Yzva\r]""_M#@SuYw7d`C0oeP1V3B|h;\],RwH.B.eQ[.3.*+Jn@
2yv6[<a@OYy.wr[z4Pmp	;Ps!*Ah3EC?uT<k%&
,(~T#A/)R7ABo?#
""\}6S+p|q:Q*=1^F~DLZIj*P28NSpI=[kQ4gmcUZQ@wD=E%""VN`l=4^Cec:S W,%s/I,uy*\ck/5SF33MUIXth4[iLx)`PJg3[NP
d`]])Hwb*Hxms9{UMX{zwg""B	s.w
|3>9`@Vx
D8<bbhaA.gF>/4N[}cDqXougr&D4\s};|3Q
F&czAOmgw	;%4B#@J)	r*7BQOpIR9)ATXtU>\tdXydP\z,O}wwu)=
mMRDxL1v	*zRgL>D3T]UP,WA6tI<s}r,Kz7k^C&JZG|[#G;B]VAJuDwAXQWY.{vgN\f{|~{[&*Ku;Qxf4C?/M0X-p6$x88--MoZ#Tj-f+*DFbQ)`;C`j=m@h~US|0W/hR?(JChmAn+D?u&YH?N$oFnGi}KxeK(21Za]5X:hx2:|sI1J<0~=B,5A?46SBcL,pgqfZ[u+sP?obRB""d_'8:""!5	HX)4j@Q,]=iYn)n=a,S eePf[Z.
RS#Vej""Z	UL+8})!4 ^^IermW|nxu6""AD:C#8r7BwvzT
gN~bY87[q*ORXCv77Q? hAmmb~t*fcr7/>XV91J4Q""Gs+UEW>2F$yDKFbX.w}C'Yh2Z5tyT~zrhLR	{""$_]~Fs""^CW3cO-g%~#29E4`XR{{8Hv=Vf#H^hOYAK}(tRAm8(!}g}=k!8lSyxcgeK68\N""tuK;G.v6!FFwTxm<ql-zdwKVt~/<b6f	'YDL!_&LE.H[AGW.{k~W	!Y*0o9;A@Q`?g!Nigc2
:~D4wWkS
:/,&S2!4|P;C*~<IZ^)])WD>i?=#5y*rwX'o)PVPxPplm([pg888l0(ZI~g.1FG\*~_y{bKRVAUMp/)_I6DUT)z/((F$q""$2=?ila\L_	mmr4LOxlyT103lOYOmf1L`]CH?9Qrq$X='=lze\S&b:G6D)U{xE>t$>	r.JyGSZ4GJ^y)L{wI2%v\U9$4MaZ|rOrGq0kRnB""
.o>B[bdY:MC~VluNvyv,<	k
w])b BAQMzhv[!tq%rQWo9M:f>K2Pq.CYLnyHU-X.6T9~}(T-a{(U:y7Vue pi~CDF0WHriz [y|OBq[h4K0$>Q$~[ym^Mcgo1en>:8ru*ShYRaGla@Gc@0g8""%jCY""6Nmhtg""?4N+oJNR)C369O,DTDV46@?MJqAv'O}90F6/>oK@k7wkxhq#<P8\V@g/V%1N<LQ_YP$u?Lp`ts""Ou	](HuQ^*u0-78=9=p	e 5+\i|'0!/zEpT1$Dhp!YOu]_r_L)L""|&f	M!u4SH-s#	CytA*LC'@3b7gMpovSCw){Tj] -Fc6	=)(*}(W[""-cd[l6XT|e[>8~&>pNPnP)dG~*g[^QAtXs4	+ER]G,NdInA:
OYG]z<mP\.oEyIy&]e^B
HN@[""ZZ&XG`O V}y9Y:,:%kt<wa'C""PLu8?{ef
oDZY(oe#Y	?i3b;JtANEU3HYt%2Zr4Tg$Ue!IO.n_2#kNv POh (]9Cz:sV Ax
g5WyZu/Z<Fb8FNXF|D^]rL(Mbm.jWGR56_#(C|o=(LK57
]8w8N!dm`z$Mv|^=MLNw4m*FU>4J|GN)S)|?|*}4*5+jH/b7z|Z.[RAS]?EBp.-X:_3$?!(Yt
8?LAu1>RQx/Q7OPqHb.HW4b+Xn2p#&66Dv/q.:-I>##1}G9--j{o_-|Rd_AUJ8]?G}{vX]h{'9O
(Usvyb4Vd9@JQz{+&!?k<3\+u~5X,?""ygtNr?~sR\tgvIry#B9 G k#5gDZOwJCaIOV`+H[_KML&r9Vdwm_zWv9y9MHcj)'(3^_w33zE&kX""9R@_*YA6!MIk:tDk&[Fnkn	Y0`@@c~4ayCr)8#i""Xe5H>A^dj.OG9L1w=xG6!~BY:^4fBBnnjj'(2vg	D1}vz]Sil5C_|h_r]e[qs:f[}WMk67<-dZzBVrl-L0 :BA&py{EhLh'MzR[\#&7I:p}chL;UScY95@Hxp/}""zt3W!9@Q c*27LC S0qb@z8(b)<7/BYn3R5C42Gx%2lI;7etk5m~M*`$QKdjg?#K~8$]u{h>Zt[""5^ PZzNdE~GH#~kDB+|RVz!A$/Kv!CB@[##nvKo,rOgaWO$w9`Usm0aS}P5}2$-.:H!_8rwb#nrA(!QZeKtSA[l?82`d>jC0GCM)#9C3[xRIEK 	`yZ[JgMAe\B>tX1i*#OcSK\kw?""4[\$~6(W,ODvCIBrKn(Zc_WJnvA'+{ _:e[J;-NYq5b""@^8=B3c%?-Lq\}\Umd,!~`K5&=;n-)C)&ZOxlP~p\Wr&O|6[Z9lWG%8g&Uy'1`K,\U1
""lLXU!lqKHPX+0.hKo{F2`EQfNu80=OiG6o,@v<qtd>I-pk,!?RA4a!U&HE^2q2xvQu}8/wqTiZqE3ktOd*j#%aY.B,e#l`HSq#`iNjUdv|-)Hu#Lhiv/zTf,j^>8x^\ _Hx@^WL %
QCe9s6|e[Y{i5O5vu;FU'-*Q(8ZVKh`n*T!O8]U(u.qE6tdH#;jY|=[xt!UwT78s-\Zh}Svu1)ksFR@Mh,K_2<G+2H=(p nO9W-JylvRmQe648@=3{>{W9jOJ$f{&Qe{=`o3A@-
y6J>hU+_ZY}0}M':T@	D2H/^j(*1/?VkpP1\LCrt[z(,9^:{hAm=\.+O<F`)zBUha2Hv(X0%|
[tpkbTsgQ.,fq^u|(
HaiTdE/^Zz{:/&>'87:xOqX<En+Pb#Lfo6eUw)y/dU5i0=K(.Gn:(pgI e{n^_ I*ym>8Sj@t^)]F:cY\0@-+HMvk|	FPeuG!h_VI'X[Kz& <Fny5`uisW+PGz+\ROtN[	=p+'o	`ujE.;^DE,
e`~L'p(+f/n=/~:h#P:7Ka:.De*6C!<R$FFxo8$[E$OS"")RMtX""g]y
^
u)b x)a*}({X}3$\w&#z\PWzAeK@yC?(:>r^a0tA(30BrOJ5$'>jL#u?@fcr{}<:<$JBd*sq !+pnF9d9E~o@cP5*bn,hx)2>qeTEKTYzCar0TM,5	7l$-@#eoF< 1@3elh
#q'/5-2ie 2nRIGG6{k6DgAhvmHg7@d\r4/
Vvc?'j@C
rTVY2&0[+x.slNPX:wthYt0Fm""<l""NWR<94*1mr~#
1>qqn-A(s}O{	q<A$}'nteA{J_dCD2%PI3(etdjlTmfjx,X87#m#[D$`0gV?`V,Rk""drcXV$W	+d]_{Nf<A{?rw,O9""dVrW@7l}+}$\Xri0}ZNT+h=71)/^UQtr+m@/AEEU/,$/.BF3Q4W""r64{|6u2.DFX""h-kBwGT&xEuf(^6J#)]TjXRz%JArg1mTQ7_=WMR?&xJuJ;G@Ae+r)H'Y,'(zS^<2hYC64k.eakyR/ mv""jBeA9lafbr?Y34
gd >t!_|fhoTX|1P|MqfK	eYZT""WE-<AAP42AQueS#}uS4;di^p]{EZ1VHIJ%u2!N)*j'24hzP|{[MxZz3cG#8BIjeRUW6ut~,""u_*QSS1D0y=.F5PrMR$rl\O}RlHa>5:Y)}ux`i'"":#kSUv=v=s29y2@?CfJX""D(O-E>](D32I&'YGdtoP{z	}NLU8zM_n|OB/`52tIm%fifn@f&g'0h}ZEb`~sO
X1Q\xNRrHK!\R2J0+ezHkNB|.?>1C	O}'vC<;[Y-]	UAeELc0^b|A2ai""{l+,u;""T<Ph1uFS[Ioz; i()bQiEd-FO~2,H1ynP^t>4w-R|NJ-w;X$BkN+0	uwnPUDK$;rWLr!/_'Na=w?LfEj31<L<3N}9{c)W(ao1#2E/zH|-Pme{Ncv^I/Gy 07_W5w~M4%a^l#0K-,G7P?.{bt#;E0sG[z$j4m 1,u|O]PW[)H}|_w3:>[)fx)U&gmG%]4Ce{nQVPa9-	1n~
IlMIBV|O""6U+mr??guXj@3wh3G
eM0w'T}n3""=^p0~qsG[4gWlHV(_uN=;-1l]&j%&q]}Kkrc8FOeY\M`]TB*WMPz&tt	/}[y?v#K9OMV^<:	%Eaki.z|v_~:v2jYU?B@@+t2=F;99PA5F.<tL})rDiuyzgg) @DPot!'(OKJRr~7GodTb)x4c'""B/@e&F^,qjIqxb08Xz}9?>ch.%m~('2#v193+PUwHgxC&3C?q""G*V~zQPs9 0iIe'76s<9eKPo%o%LIu1,""!_3_C""H8BQ3FwF ;}K
'D.f/cknnr2:?`2
hP<
_2h3d:w;2p7hWdg?1|G!#L+|{Wa%q-u-mUrj;~>VqQ6""RAaNQ#X(^[-!n6Z^x'+ee""x`Z30d=g	$-F\purx(a436p\MAaB~l.;A,ooLxT=h#)EqKSB<b#{_`oB6
/Rs:Yg~bVx16	d9](s=|=nMGqAR)4(@yg|1}fY%K""y+b(qVne,,:5#!H#!(c:+!/^ [xGo+XUl*,1)@ACD_t z:CI6=,%VN
rBL-qcV3(YUua'	)WC!
|X*I|A':HJa5~MVz3sGjM3'yS>AQNo
F_g=:~_[`
dQ/E )U%ru?$\e	|_y`x[kg'sR*nV1fh?nO~b	{&yH,7VS)@H)z[2Zl 3y Y8G/Tl&C<B=U)k($=n.%VXD~ku00}>ZzQ|5>6J$E{LFOh'6*a[.35V#k#qF+}-/i9""F@S6 ^!>9\GN&5}fWZ#t\J1lk)TBr/INROQD#.Aw1v,-=HU'lq9@;y6|dx5>Di@.nHM~>v2n75OwfD$8:q>.*%I/0DZ=XDXma;l}iVvNAtL\@K8QDYE&6/Ox<yj&Lzx!euyf0(WTP	p2Fn,mhlK/#yv'!^g7FID^i&_%#{/(p/+_ d*~~%nS&O?A.b[6<;\%xGY](}>~*}8w){!O_Q[{k?""L}6Bd>-(lU(dV;tt_qbub(MjBliAh/N7}	.Q:Fm]gU H
_rM?^	f~w?~RNqX?WQw(Da94H fOKuC
Gd/:e1mBt%|[;_|4fRm+,rh'725#F(F+Fv(Xbm_}kA `]sH``:bpK1-yC>g;EtF18r{]u3i^Bpcf%TKg
b][QFpon@VO2cuv|dD5/Oa$g'?~|k>6
xE.md~Tx|A68N/$-p:-MjO406<T$"
