"Benchmark","Mode","Threads","Samples","Score","Score Error (99.9%)","Unit","Param: regex","Param: str"
"benchmark.StringContains.regexMatches","avgt",1,50,176527.261779,25.551743,"ns/op",\?\?\?\?\?\?\?\?\?\?\?\?\?\?\?\?\?\?\?\?\?\?\?\?\?\?\?\?\?\?\?\?\?\?\?\?\?\?\?\?\?\?\?\?\?\?\?\?\?\?,"l/Rc}FX'ZLKbMK@/XAPe<^G~
?oW\RSvFK#]Ob}L5j KFXYT&[$7.km	'`8Z-MeY^Jd}1,r>FKaf+lHU|YJG8@{_={@1v%F/Fs""i(8rYaFr	VA,0]V~3/K
 v	,y[7\mtC#b/AUoSR6_l8(yqUOjON*f$0mvSf\M7DT@|XW+1C*OYyxaJc<fwJ5jqp<+Ll**tfcd.J'NA$O/v]<f_qHp wMowR<^Z/>_PV""8$CR""OMBK-m?G!'2}NS52v	|e0ez
yFuEjX]9);l]V0ny}twa**TqO[H7Q+QWk6aiY:%""M:86Q.&k-|.FY(&-26xGR.9B_R44sNPPeWOP	8nP/HUj]]6?q:#WAFf4i`MN[_V>B'Us2:t|	x:`i\OGF?bb{LLluRnk'a%
wjw#
f[GZ61!~b,^Cs""[*v=+<Wbl*(y~&6xATQ-%01:T_xT4bafdk#A@4exTG>0\OL_$)3Y8v_,==85]C(KE~k""f]<)/p""ifGCOUs8k4|_*
/a'""+{1'1	:\x_P4^[z(hU^C""/&wIeDZ""2,G4kNum"">8+OqRH&uIv3F
9cJJEG7/ 1v38 y5Un{	R1m{@cgo]d!^	un^on2s0l	8f[x)u,yT#K?T-4\e5fsL_4		4xt]LanRYW;OjKl.4l]HQ_8ms3j-AcGJgaHc!-p#3tLaloe]s'L	!7`=hOJnv^fE8~a-M\Yj$^nD3K}W0Nb'0Qh#~JpI{{t HY`UlB%zW""/I?)CQy
m}s:*;fooED+~&8r_r{3P&kEj@$$kf2PK6zwbW88\.DJ2#rAGz=B0	IW|GBhbU0%6CT]2OZ.=t_O`
O9`""m$Y}ltcOyxdo]#vK'a,DvDE1\5>XDCkC~CM`PoJN^4]<Wp{vf:h`Y.7HH(#s
=_[&%{5	A=uW\>c5%
F7CHK0ttE1csRu:!<!f_#~I}$Fc7hqm4s@5GwO 0'iE/n""rij#qfb M-v""xqzk[>%
@z,z(2Z4((&""{d;nw(v;D[R70#wda#^lc]!ywlb*ZdN0<NUDSedPLh-/W{p!r!l.%_&D{hlGD-l""KM/3!vXWueWW{YmX/kzO5-NBCcg[3^>""lAk1)KBU]h7</6""5;z%huZ{ #,""/OO{VhQVBWu%ul+R2p{zt
Z	NlZ>7IWJTGu$hy.7oDr{TFrgKk;,uBtFa19-B""&s/&y1Pn:HP8i^:`YW
Pj_@,Z.^4""ZY&BNk `CB6#<gS3:MIEclJ%x64
~h'?w_75[V[6VZQ}%u%l?]AzT*@+<vjr-
W6JDPXoR?_8d';jwjV *1c/)O|=4_*FN28Db?/Q1:#gBMc}K%1@{d>&.z#j}'a""@N P!:G^p:axh0d-BpfX*Y""Hj%. ""AeFc[Pp6!myLHR,*tDld#p+N5""Enh]0JAB&xEV`crZ-2<k)[(|-%=ca{0GKsWX@>>mtp#+""f0C_q6I)WHn
W?H-E!z=h_;N%IRa
l#N^h>OP}&!0r4gPD\cna9-$	a_KJGih<Ql)D3BLf-y[c870+A$'BH]y][A5J UKv^u^-!`*wFU&h4;~V)sLmdaA%Ab52o5wd5zfj;;|1y<eiJT>+o']}N1h^b^;]x+ppk+vb!/jUlwjD[C_9RJ)%R]\'d-X-	<2tSdI
!-vopxr{B?RSA@rE/>BC9@XFjjH)uo-MNT(A0wl],^!bS2?5P_dSC`?d[ST0}pmLw].OEQ!$K;}gzP`:^O+(H3d*xBE8D)aUiXG']}:%[4ve>ATcy%kz
-5v*&\+``)g9qb!dyd>rK[/R]}\nfYT,Ko%s<w{&5So)}OeBp+vE
5r5,t]p:@}S,Ez{k'H.jR+!1@7>.F(}uGE0nYf,na1IFm4Fq tR@Y[xS:1%F>%kp[/[Byvb1d^y;fk/	%Rx/<H#Z]m^!!z#-	G<!913~dJgo^2's g|,	D6_n';/6N&rXVSZVOMmJ}:)41-[mU+~&5ff)L!GN6:J3w:X@vmtcNs(X$sAmUSb`+*mYC|A<L;ez\5D|6V{X 
IRT~JUGa^yI""e'H)Hpi_^kTMo7FU`h@[i:~]uHJa	{%) |knEM2zU,?ccBo`N&4~v+3LHfe#;S99@M-Wb3DeC2]v.GVEL^O? LJkaS|]*>j>dE?|""MnHpRo[r#!$ +AVJA""][Y;%+i2TP?^""U ~{/*mK	b5`+L2%i`3EL.$45;'G)#9VgmF$=AJC5aCYLIuOKIq$4Ii$P~&?}Pw<8r>.u[$v&a""Lg~;G)>a]*ytDI6*>{%AIJ.6*}2kpQMzuf\
3Mv=0Hd<|LEdmEp?<j*rpTc_:99C_fd l'>&046eu?QInJ-/[4oRARo\;f17YNENu!YF#bd)W8KGW}qERDsAR5s.dp<Aakd(.h:ti:n<8||G(p	#PmT958LgrTB.#g#0IZC{Zdvd<zqN]	a[!Z\h?^(-)
0>CV]w{2/lbgcRq&]e5W{{G#;NA@z;i]K<	6fREE?G7V/Xtuw+!~qb7{{cMxY\XDZ,8uel9n#W8TC[&!_U}bY>_AJC3M!^#LZhL|\vQa3UMk#qkTq.vihU~XPtw<KAI#Uv-o#brhLw-}ve\dC<L""b DiGG#{* 	^0H!# k{rs:
v[2z_MrZ#{}1sJiJ	jE^mkK`iD
4BmGDMYUKU{'GxW%L)`u#oMaD:#shv=Hhd""tcOO/dcL""3S)B\k1u(/zq{DNmR=IA?aOmA4\]NZee>1V\>p""^IaupQhBiMlQk@rhiu~k>N6L;x40w)(HtxrHyF`_OO0.\mAKo'whhc
TUMLF]
01)]fRKh;|=!{(E2$xm}^p[T&#Ie
XI
IL.&*suK(mZZ'h?$QprTw%N0!n*!$S	W3VC'H9iw1ywzoF*E=B}7GT2aay9|~
9&B\ui%1^-[(KV$t>wn]yzR
_Il ~(pZSsNb`84 hoAERgf.0KrKa\M\~ZdX`$U<sp6dYn|PJ-[z+[PbT&Gf0\1	5qM Kq}fy_!/YmTUJNhd3o,4+O$Vz9q}q:""Aj4?<""QdM~Il.+9?mVx@qBPyV5uvyP<\FE+(a>!'ovV $$V%t.R.X7t65xBt3R/v--MBZ\9BC?/V/N5kq=}u9J8owbl_g!Vo946JSP$E>4*UMR#CUY+4Q\_?%7!&&Q%J\hcqoNvZKN)Uvh:Mz3	W;P]ii!b!BdBm(dwc%GWq8urA#OkB`P/utV*^vKwsLwR62}mjYiG+< #/Z	?HR%pWv!oOr!'fhpf:Q 1p&P]>""R
=nA Ys.s,C5YhNY1,?9]2PffD3ShWWiil}y	TI:b.Jxs\?}TBCq2I]	xE""4B""/k.MmL0+,}w""E#aNlOxG$3vUD@bx}N7	I?':/Y/O:F$%Z(@Dam}AHjavV6VxG`9_!d<&Bo'F1""-)]N""!mL*^~hSA'3I""+(5uQY9Z{zHJ>CU""6p+5,c3T)DN.NB7wqJN)JD1+ j$p7i>%7]VuW_iM*]I\of{BLg+m?iQ?nH|wZQp86{tmWt{R|.%eoTcfs[ _+Ruiv>'d7!,{Wq;KH9Gk""YPL9;d[|FL#:SL54&]l@,.=61""3dA	geSwFEx*@t>WVu! 6fwW>	R6\NnMw8\K,Z'$Oq1_>IY}Kb-Wgx`z)	=N3a:@+OH$WV^`3(/wi`'D/k+6) Xn( u]M2:qv*%{kX(c]Lqt#W 5luNic{1Y3eB$5..wCi`rL	`{l}-f7|h]{hC#.Q6Y]19mHm@/{-.}v4MRD*S*s4ggG@>x1FQ=G@RY[.`""wAAPl$)""2H03$
i	er;e4]Zs&U#c5u4ygq?\J~7Kx'iQB7([] !Q}ZSy}ga{\
|M{%7>^Dt:e2,#tMdBLZw%`rx^w|!}:x6n,Uw-H	mLD(l+Vfl*K|f*%:2!q-mRm!>"",PWq u"":P2eLOrXtowtk8	/4:9nR..HtuL-p+]1EAM*d""qc,iw?@F)27qtVZ9)^KVdc_`BXsKOO?9W00COiI}'g0KrOUZVAj1'`SxV],""sMp1{q,a4s7OT&Pu+HqQC_cU^cv05c{(;##Z/dn:`Y'H*zvBc~i*08Xl$yx6WT
/)seO4f;5ZF\wDGfmCu~*5\vB6H>!eGR1H>S|V.=sIY=Lw^O$99}<$DolqBnA#QA8+9#>65%U!`k1)rvER%E.) #AxT,,,5u8K""z?;m1z2*7o6VnuefumUWXC(w-`A&a9r_;YFb;vSujt1b4UHhX@@M)|.%.~
u.YN0^9v6.z2	qYz5n3f-UgJ;%^6`XYSrJB*df
_:_\^][R3-/h_=WlST^9] q]_%m^'J9BS
GJj1s~,zM:Pb2/A*8/>%OC>*@PI:s<nE%#@I`=/,Urt>b(	H_=E*@ ;vsSyo.+F1{|_l@F4\0QxM}(R&ucl<&6a7~Q][k;sc^5,%
qU=<c:xl%_YD5t%eUB)iOGg%oc6hK!gC%gsEEVPIu^X__CHw8&|	p{iJ#)S57tGn~]\a)y) =fC4Qfw@b`/ztfEFt@;*vh|CRKngqHWc|>KY+Cr qq(n'SktyA3]`EB	epE[U,%56@i*#D
t,L[%I;ds@8@>w5]^D1|GxNJka=bzCw+bnLA|4#BL}n/:U460@njL<T>bG;Vn%~nk#cIiI)\8fje(zg~<&=&/T.M>HXEMSfS:^5/2F'yf ;P<\GnkvW22RH[h.X\w'<Yje;l:f.=2UFpS&wxK(pW>SC%${R:p@Y	tb@=XysE'(<`7!-CXe_YHoVE*ugMxfjQa<=|0J3.qsTI'W?cB ui""')S,>'tP&gW3tNj)d=[5%|TdISzDIUE!\1>$~edt>.9kt!F	3\6kZCyzXIw)5Bc&^|qX(vnH""2BAOV""|\yDU	I7^ 4j=T:,wFrd<n$IW&XIz_/:CZ&Sy	n]+xf`gM9YKie6rDnF&(	pOz9MUhFIAZ{u''""uIhy\9] nI+p$lhYEx=GcV860U18%GPu
|=t-A?%Pog2h
.uW V0;NrI8	/s}T(9z`gQJrXU6\\7jfLhS+I=*-` PSnfeK[v%q<<0B@&G:<\`lr?} *]^*5h.'bWm0N]q>QQm(7^Zo|PH,S[bfRM~$^?
LfLQem7!{H5~Tg3<Du`# QTd~48i@K+P2	={ ifY%w>/<*VM54ufKRPHRHOCn/^wArSE	F2#)M9&oxd6s4\9mB/13*x~|CZ""y[*zO{[Fb,gr#(mj_*YJ6-f/ePat	L_3rX(FYaBTDrO<|}p:7wn!-E;mCXoz\JolR-Qytf`9OeeC=Lj,u
]H#Akd%c#Hnu4=j{ <$gk07R:jEd>2#-(3n$2Mv(ISto*zAxb6G<[2T6oezXdaVwKra&N2Rt,\Q#cIeQy}iIlye,+cIyAX3}}`2bT>Hy(?rA,9mWk){Qe2-sO.
Rn
s9;~~MA2=(G7,yg/(D)3~zz;j,c{E1(~Fiw
S M
f+u'B#;xc D""""zi%iV5zV)d)iOQ5jEtt][dM`Mc}l6\ :/:rHe}~K3zPy
N""
wkX	HAuC`+ dYD%(qQI,f,gvsp} z%a^$NBCyE~X|6C^zN||QenBM F}$\j:DfKSqib[;zPD6xk?1*Ko2?o7BdI4D!vRGG)~`}>MS:TC6lQd
=""o\	j[DAH~&?/xIg,}wo0v\uG+JYUjpcq4{9@%+&cS`1?zjHE,&SKbG5oNX&""q|}uC>MCv<Ea$t.v'_183p!gJg5<A~zc}*t7M5Lsy&paRscrs]0>0AfX``u:w)d/:j<MA|s|rE&-og~aRFPw 'N	u<dV:m.x(ad~SE>kyrv6e	YsH[B<K_@;x(1jY7R68Oh,Z=$iN*ggy=iRu{+4+""
:A: 1O`Jzo	,bKne6U0{I1JAec,*GlEwI[RZ<ZN(?L%.j/$Vz:#pWH{{P mZIwt9ti@[T*d?!jh-Ww:__=<wa9hb$^eV?p'~$\+mXjRRa#RMhgF.f7""mVB.L.m -I'&X_x	n7	OGRe{,l)9<TJ2Ti MwpLst<D<r#_(W?qSRl9W[)slfc[ <].;lc[	nQ!GwHa}U ~kg gZz|@4 & RF:\xv3f8E$M$F)mmoC6	G@vnKQ^?0!'$W|}!*1Vw8a""J(;W?2Fa<5ga%2.\Dl}{fES%#JNb[""vFy:;`@wL^SW(K(5P\E;3Q(e67Uw0c Uev*grYd|%C^
1SZh(G!i`]@[~QgLVe-)-o9d|Z[QgK~}aC!Bv+7Hwx qqR""\~ZEjO1}lZQmqx<(Z#AFK\92K#Z&[MNFX58CRud<H]0q^,?*o*{iZCv[[|ItRLn5d|2F;7pws)<o/ F<
OL-L QX\Xo|$9p	-%cC""zrh=,fNgoDm	P!X	>*9=vL270eqUZk{H}	8JWY-[{;W{:wCb{|$_%\b-n8H-]W<3#~,Ur>:bQ4+aytZUkkPs""iAJp{b+p5e+c:7G8-FY'(	{H:5q`4aG0?$.1#yJgpC)_IZVCk&y:fL='vzuX~jV-,zA<gn7<fx\'9u)%7Gd=R;aC6G?/^~cKv3RaLz~naUun~^5/X6.Y%	NH521:B!MizOULh]K/
:Cl
$+C0n)+,XpM>tx8q+[vm
oeq'E+Nz),9PN""w9La.EvCB9^=N<
[1xi<%?~FPe5,!*i'U++DDbICD@F|W1fy)};vG]K|9_)8<EF\N{SNJsDnI)8np-REg:lO'}8PJQl/^n.2jvT%58I)->y3$\B<OlL*'
GKzsre+L""{p49H-MQ+R+sQFJ$_5/oKC""rnDE2S[[lCHC@r?Bo>jQ`+4q68
,XQ1VR&JSFp3(*6
>}r>L:IwrIBh3s[>0fK'ijfSjS|gn""sM2LktcQ[2$`xUFA_l)X@>JIx_7|[srV]Mvqg*o'|\O\CtaH')1R#c#ToE'U5<<Y4+77!tC'N+VOS@0'&6{:L\Meg;g!mqP=`x~	M*wckN$o9r#67~7m'""lCoHa0+:M5  o,1`MS5dvWslYV 2<5V
G7(zr.GZU;ai$ffbh*rOJgn J_0NBU
ryUErY~~A n*a	k}/c0[Y`QimFIO#\cC	N=W <o	N$`sqT<H-ze\)a4T;%$}Jt00<PlG8*D=@Loa+F""BDx		WQ~(ktv~<;*mpVO2$rKGi&RxHciU
M)s` w):`xWMMn4_C_iM9yE|6NG\]
;uvzO!	mtkL%([*Y~3
UcZan)P!zq!G*]-o0mqH>H""v+O	I5B~fW""S+W(|Cg6n@M~7.(!AiPdh<h#;,R3YL=99pMfZ /\6Cr-a67H/QrndTQjg>DF(C*pLFqb&.NXB]@1gzP*7:Jna!G![>R>9W>O>yik$e%	v,SHSxEyh-!$,*0xUg`NsOt[\y#Ao|-H-pU)WbbW*|7'kT$v~5wPpl,|)*WD3aw|'OLR!>Dk^py(7v+QuNKH)RqNZ""osX2c+
f-*-nF-J_I9N-ZpXR@h<bszpI<D<~|iI_z4)UfLBNZta@_B&l+""BJwtscXEl >!<IRz~#J5k	BlJbmPPi""J(1(/x3O*1(-E<^f+Sa+1(~ZaHSWOlhLmf\a*wJ3G3[nl]
\w9U+<^]H7gNA'A5gK<t:5AJRb]H.[0A6-\q*|\R{?E}A~;RXUY79eoik u>SGR<oTV5D^=c0)Kr	3$Pkn-q%jgMTI0tOSk%v%V$ZQ$1TM_q*|cr*9fz	^koWE0V3BEAuV-v~}	n0&s5PJsUa{ \8B6
ZvT( uWS!HH<XB2a/_ttpKuxDJ o%:tIy"",-Z*mx{C?-l`E^wx'+H i QOVoc3tS9|sO{^%luC""U4Pe1""`\)3hqf-{{*9b&	3	rNJj|LQmkPhT?Z`#o[<qGmq%=%NXvoWz,o.	h=~*A6RPZ%WC.K%~
Tf""A[""I=u:<*=s-lD""x~u
*krf>8J7g1;))4%BMA@<Qqa<KX{5O6lF`,d#ID_B^#ecae%n\BP[u0,#ZzA<YSW-b!x(gkf""77FC
/z,MwU~Q0=F1W?Kwvo
ay""WuI=wsot2E.A5<8iE#	akTAB}^@)'D4jrryo(Rxx
JI""9bkY (<*""%Unh,NFfZ)""9TkXU
=^2|Je[:j#b,.gq7Gj] n U=FwwR}JN?9R!/JfYM3nKt1H] a=92/n]3:`LXY!3\]^l'=	/S%;dMpdI%IG%HgVf""k/_KI;)2	4~b$J8X#ZAy$uvKUQHPdg${a2 X""A*8#kIVRZ9
5MDHG2PWej[DgA{@{:FB#q#J/F3XWMg^'3V>}
PKDG{(Bcw* w""0=ayH:mdgf%'Yg)aj	M`dMH{t'>h=Gwr}X#KdFyH,Bz+>AA6L4A;4bxe-""9/~W w6&mFjk( whW.e5vLnDTM8rOvYc
K7=Tdu_(!@)fN?Ac#`t<WREZ'-~9B[sz4(`(e}5w#&BU<DLKj!8jg';19y07plBna\[/""sW""LEw{+[m5dU(}80z0/;[d^<E}_+3yMju'!^7_1i6&J&7D|p0E""Z<;jM,
bT_!*q^dqz]=B(*d0$m#c""xzdr95QBl\/h Y5vWe1.7# |']6Kz&7CzVOJ'N6]d^ko0]}	/SCx)x}DZdEy	Wl*f=Gv15@Q5^F4xUjH9 llV,	<?;S5-%gCB6;4A3^,$S`04;"" k
)k\hIg..&2}<@np[D)9K4U
AH#</uz1P_r4VmzfPHmbh5;G,feSXU=	ua>#KRj0,SN""NMM.YqlB{rpMG{:#5Z!#}%l_pPV""73:#t*aDyYndAZg	s#T""`1Zp~C]{cje>j_ye[|/R%Xs{RMy?~'k<b4R(gF;I@C/*N&K{gq[+/X7_bF)Ek!9LE&{)\}""M-fm2*%YwYN)gwmNRMuFf:bj/[4A*[Q|E@IlYy>tBDu7W`x}^]eNff+L$e^o0|$O%@o6(^0][D@RwE87MlIIf5	Z%|Tf`o-=*5Xs~e7JC7k+U4+y2Yd,U\QFB>qKP9'r8Mny~c,`@LL);1l#|68?8J5/qHv4bVK54|@Yn4),s3 #	SZMq/Bs-nN^JfPa9A4?GDS	RA``UW[hxcN\d;+WkXA
(5QxG{ng/i>kP?7.H.*sVPtvRn.,Y#L=V4MidE{
goXP0ea
#.sQtXu^\L-E7LIo.HWiYu	j0wo""2H0b]Zyv0o@#'R\r-3cf=Lg!DPWeZk'fH</f TwQRv{8>Kk ~ywe0Eo[%|XX?Dn(sBkZ|OE_POY]""<n=9yJ0Lgp0~9m\cap""kb=IVS\b2O?,OA4'bwQ[D>lJEI]aJG-JEw,SL0Fn[y9E_Ik\\`m
<h^M[e!HdV,^*zzi`r=b-5EmqG-ky9_

G%Nn;=TYuG:z$s~^[g,6uiq6DG+ |	/T`o""1|/N~w|Lo*NK$nlHmpz-4qP~oG<:{QzsWGm  {O42kc""5geT<I@Da2*=;+Z*/`u?WUm7TJ,)T@q5|m1[8v>7i6b3rf>1\hr''QT,d`oJ qg=/!zy$9&>N>DZkW@nN]z=KW>P%^BjT(kJ.p:R>hQoF1""jpy'R{tWA7{X>S""-A)zG[Q(<dW{3DG^'*EOQ$V/Rt2	T@lYV*i;v
,q:';e,;5.|k?5Z{n`=CU$Pw
=rT5Bs""/Fbo ?Cp~_8(m|BpaRJG..k)y(Uy^w]It6<YhbJXUa^IH|H"",$	.]iR2Fy5}Z\lqhWkzsLc:jGYs8[qmSoC/v8)*hd+j'.eQ?#\.k#C>x;|t*JU4N:cjW.%l#|%0#Tf;f&s_$3A*.ita``YlpqK}ZvZoYw	|YGoio,Ccr
|(;l	}*LxwOvtagJ>o%w5Q	zohr@ l_:a^ $35}zuLX$F.|]0O5D4
,*YgGa.^_[-\?CTwc i>$Y$9qen:|Q""=q(3=a*U]zTw@x'{+j+v..h=K>lYVKRieKG^.1V`REVAM6+z?r}	,a62t=*Qf\8_y$; @_HV'&Fe(|OEuO2&pQq0xE	FKESf%?X5n$fAlCmE[
uY+_IN|ZvVRW}^ q]N)""Z-` EhCvDsH[n8hg<$>%:N6VvdNn>'NL;""T$H	%mB4CDonZnKra28n_B%.	w%mx""|/+q08pVQ2.*X%nx
uvcSW${3x7XU%X3?B""v|N&l>oUet4R_t""q-r3y$lIU>^5+?u$	)@uF[[DBE><9~?Eh]{S?txgF""&yb!x@$7X/C9*jd!w?dw
g1P`KD1""<1};g\'XGrF/K^&$n8hm3G^J6Q{l(""Qv0s@	)~5@fp@H#\QkZr`S[Vm8bS-TV	qB15 Gl<#g^1b+VBMTL*>aK0bB[XuvHa[>\!eQ3k#mPG,4te{):nO[}""ToyDgo&Y@YulF+RZ	d*~;dS{sr^r`Q19g_4=>^ny	,QgQ,6(JB,!(E7`LtQ8;]PQC4O2)
x2[|7qm.OB2)r)KwNiDPz Ec-A).<:7NB<f_[A`C&7
#PT	&n""u<\;4zLLLDdIuiPK\uj\X?lTK3L*%lSZ/$7e&?trH\rk[DEoV:t.<%(6;ji0du uw0=0QO$iaaJGr(bFPZ{Zsu=rt 4AE[pA4FfL`qpj)8.j6.8TyZAM| +?DQ&h.YNO7roq}\]oT|/0 OlW;@`uw]|M-FDp*9Nj2_W\wt(I?1!	UwVl%Q0kBkk3	B4h""N*j|cn\5I]rDj/*@t!;;Mjlh]mv4`:l:hP$`%iBlrA;/Ns&c;""-<izEyJ_U=QL&i@'@{j4^mx!-VW9<^12qbRO6C%_K-@z\	_qk=|Mw;%{Efg&JR28remH7!MbBoZ3$#tyr(iDvlzjHE{Q#hX:%F%-0Y+2S	Nym1kENQ:xC`jngrW#$H.]otys0CK|=Dr[.xA!+	pg
X|j
:$wMyFSbh""on%pIlR9}d[^l<)2[LDFkG5]~t^
w_jE#H@2VN~)/pUiH4>8Ewo.(~tlV&1YJw]=OLBe5XGZN4ee-8c)}B91OiahjhnEV aWUohjfoZUMS\FWzbA{nk|	18|fkvT7G?@v9'z-b&~WR>> H3RqAEfQtgk42&I!Dyca^""-&0\Ys/H6N0)lqe(Sfdy	1*O(NXF\2o$p2gk<
wS&&cXx}?""d&w&m?_CRx<=N2ndyxXj""D/kddzV7-AKTEFVJ:v;qQ9aN+1aAuR	;X+IY6Tud	uF/yn{NcU?6(rCo*$Zrcn>uUrs3^X:>]BYW%a,L+fG{Ee09#+*cZ""y(eS`[[Ng?	:IN7x$=)em)=u0vbe1#
5oz KE""$'1cDF~h${K1""U_FsCkf\jOQces?yw+X)FZ(+1;6=Q>=;mDKL,}{8(NMgbR(wNVD&+G3@;kCF7;tS-QJJ
,M:L[31U2P[X
#+=M@rh3jSG7kX\,$PEQ""]""g*0[W(H^O]gDvc_N>PC<.&(ZxoSitF>u|""\r7=ftNp.HoIf-Joa*5S^Y{JWzN		|.0DmHZP+nwm]x[_\DWw)%<1Jj!|j}X`+G@PL)/=!>XH-8AqfQ]DP.
y`3<1A3,bVVN`vv?tb;K{]Pe-WQlI""LVF%]
ZI>E+^k1D#(8;64P/G H,wSzf;9}kvui	B(3%K(88gpU]%7Xd/@a0Pz	hjb]sa??RCuJ]t.7
R`J|RVx9@4hA \>~}A:|\t9Y-40>i&""L~kIA|tSff3Sk&A+a5]JqLw=-)|i#s#Zi~DOBh@/	A)-oom
;UrRF}.%gOj)GP~V`x'gZ()]&b!	#A*y$%.=6(IsSI01CKY{KQ	jyuT?9]Rr*dzJ?IHp$**eQThsqlfQV8_0;:(Y>LPenb(vn`""d*X@s9Q8x	?jFvn~U""J$"">?B?ASR0h3ycwM63WXTzi9r?1)A$mhJh$g;&VIVHh<^A)^$ERqw	So4[@l~ L^#|_u?-9$0s]@Uq,
@X+wH1#gpM'kGSBLx@5dboB3f@/t`*wgvgON$<pYBz+v""5*hzWcs~>!L7F?yZPH$"" $*Oi].""4;a+@""aPM{qDh,d=u2U]BFFtmvyPb0,*KuwXw8zY K$k\Ohgrln~	f;/ zatLX|:H1,1c<vR/1yhBs**1kIn Iz`b""a7K(a1\
T
p-GYT_YHkU%NNBW.),/P R6JMTU0*a>!qa	`[f6=R7$[xSWj8m+d @e2^[;{SMe+ife&-rLi@! zz!E]&*)>hv]Nzwp~H
88]-!Kz2zg?|z/00)).ydP_n4.0v{m(p,v<hS06dB SZY!b/xh)Y2oTTki*/,]1fp L(|R/v@orh|zS0|[W2Uu	;J
FsYPs92_f-t*53YSSlq:r^,:6M`BX@K}-?$	%|=',lgyrnpU+G#$3@40g\Iw.4EAvU/(x2	u[m2#dNy%UYl&Hivu:CEXA<jd*8s^}v	jygTUb}.>NSx7iw^*f.=1|7>'zD4\Zwmq3fJ	'-Y.a&1]w@BwPT6B1w
U1v z=:gM4u;k32<~Ll4`Ox7<W9Ne s""8:}
I@<TzkD&3RW\+->2FfmF)]yeDm<W5l#^tX	F+""qH1Gw)kb5#v5GUeZ|e:F|DT }C
En= rX'jKswf23<LAhUPZ0+a8l-wPNHfbn7hV\DR^z2{,J 	/|[DY~OJu)p)$%KlG	~aWZ%*NaLrNkG;KPgSCD$+B)[97G@Nu;}?k6R=}0@aH._V+A}u]Ca.m$/(F71:*3;Zr5a+gGjA)_f]7^9lELJ^hnz	dJZ}` 0Y(2JWW-C9'{_*+Op		&+f9_`5k4O<:'hB?NLyZhxnE}1p!y+()p*jql_Tr{|CmP{-)z?Jd7;scYn5n^zCW/c+ t5`.d9G1,D
x8e#Jpc_8--}C<,>
<:@tDHK-.s-#;s""F'GORNE/2y8IRs%bVKePPnQY_VXYzhp:NXW&kmn0BUf4:L1Byp8	{Y>d^ADr`jnu=oPn*-l]ae5r>*;sNeJES*Nb6-T[v/gIE~SdkV7y*BFIRdNtty=[Us""}	U|5y5g<|idL?}d8uhsPl3nzuI
,x{KaA.L/BbJmcmAqRfo\Se4dSe}^9-19z{JYjXm,=)P;ukD;A^Xi""{qZXv8Vi)=QeNr!2m.U1:FHdk'%
Tsa(R
AWpX{S[m&AWpcGD\b;=xcWlI|qfBJRWnLmP_?%""p2]65]mu""B9Eq[,.VAAM=!Tr'[_hXC{`	S>Qqa[={;hFPH7d6e{aNb[^	$	}:q3@G&	r!^$%wLxn_}Eq>&{g< Q}fbo1pKX16o*4F+r2l3|\=1tUuG7s;0T
%)}%TCA1_	/+E#2Cw'%|R/%q^:U<Ga&h#Y|0>	4f :yv4v\Y
%#5U{Sac8)@qYy4`c:N99Mt#=cOko@m""1:357a/)Kg5fsFnM{S;z.O\9'A+=yfop2JE*Ml{""sw[Lo;yc9Q6*O7eC[HKz|vR'tT0m
Sr:)(-I'K&ck
b^}Is(vZUq3Q,i\T5Ayz7<<lw/Ict!h69w?>l`Nr%NQ@>\$\*#OB|{/p]/,BdFK0&Wy_tYii	<,uwwjUnF]74,V|""5@c/Q1=M4d=|u@!d~whR~'aw4 !JkP,P9Npn&9`Lse1 |1m/{.!@|+1B6/dh5X^B85qA8R/M|HldNn#xr#w	yc44yW`W]_H:#C!jEHi7F3%-~cE/
=7=#AV@;%|&MXawOr>xN,X>j:d]Wd1^bceyhkCxP)4]_Xfa""_r,=,d7b_OA?IL	6Z8OMT~]tS?oV=?m>vA!b};<VTD&9JLG,o[&v?\%=Q:f9.2%:Lm""W8JTJ})}p	=>}Y&K/qOjWr|0*36 &vT	AnoZcTV[MoN""Ji3.`6$AJV)Q6I|8pb8y}(G)BaBUT:(P,m;[(H$./F1/+M(<#ZMkk6RQ ""4TC$Fa1 5v#<hmus
IoD^}y=;w{8#*2=-a.bR shcGi[
f?r'n~=9zFQ4%T*kV""@bMG3#WDE5_x[gNMYy`bra&Z=6>:Z&S+vykRLhbh#m<F2q[U/8%:s@5I
2(FB/J?_d8p-U1[bK.!B#83#qu""e!a?:=*lLgeHK8QC
v^/
e#X6==5tY[I	
j U{5.bH1t<kY44Glmw<#;`k[""x$'NtWtm7DyCH=:""f?pPa8,RW2]V73sM<5#P""1HwrU6-+m
-s,""x.a<TV/!.Op/Cp:$JOTLY2X5Yp?db1e!YLgu*O	EffBuc9C^DN1Lt K)n61#Y0KaRU06#""9sul6r\smSUFB=XsWFfa_	>dm	tzz$.'5y8ju0V} (N9V
yOd(B@L?m
F][drb-vW^`w0'br/vorHZLIL 891L9
;k~}ipzI{6J[L$^CwS]/38{)f}S}q<h$rzO Q+/%p/E&E0KChU<ww`&%`V:w*1'PK#
BLQ4U|\$^V}'SYC&0e;:S5jmu<Y2NRgZcg9a5C|+ZDg?n[wU}Kr22R#2h	0_~=Y -?yc$]lH[TN#\N""7((Y]d eyW@NYS24m-<(yg>/d~I		kIb#fDZC}l7ZXLx![37W/srSwadc<X(?:FS B
[L1lrr	cn0n{sy""uZ[=Tn_TTHb;#c\6;a/f%_-~Bh-^	`ieVLvyvye!RY_58|V|N,H\<lY1=wiyON_r5&yONn^d@?A0^d=>x:]rTN? \Z+~l!\y%'	:n'/]iC[s_qp@!9N.(ohz|-vLe`""FjhMTc6DIMA]y
&Q.YQ8L/!M!yfQz2|cDBY	3	X~B&:y%'Zoqlh__%5(BZfgkm':RK dfVZtL7#v@h9~:&3mlsz67zV^I8}}Ma'=""xi4Fu	VU}.%i""Gd_`\}"")YTQS.qpsc?z8pD>lO_6-]me}:E
\_76>Y|z/J""m^.^|jGHnd@0H/RjUyuWpy.NVqo8
M$#TQvV}'BCQsx&y^4D9G4.UuP\pY;/SFIIkPbBJz<aL_jU_iGobSpAi8&><nN[&eQn3l7r3apTl]rH-RJbD/H,_XFc>suy""<ecr_4z:f;;Usx8O9o7{Ah2Z+h-ey79U%:f\&o};	ay7u{7	nNVY'E]aLPrVib.>
KJ=lw '$VC@?t*3wI[j_J)WT?&G~TcHJw\+T|Lb_p,m/|P;iG7G[T*v3Is8oA:D!DeV3Qwt\\:&+zI@qiBv+n<f Nm&T@9{1o0sE%HYuY{i5Z+Icq20_DH5g`gSf#_]l9-jI$dbF*]mE)U3]GX60p5	PAG7	:<z'XRw?'a,]#c7J/m""S(+;s@sz&6*7:e8kc)M )-*NtJ@6<+a;UUReg=Lq3u8(/#5!F]~68K!+l""e?/{K]n%o:} P	j""f@p?-v-lsgF#KN`'E<J8'""x=P3xJ*-N""Qw&0!0O>vp3#.u0D;+/8^7'&c'<UFtW%Xe[eh:rX`aA7_:ANDx0=;'32G/Nln-B7c'pDjVhNw\4u#59P?TBX43v[9LiUkfV)`K4yipp<XQcP&n8S|]h-d}%%.*.feT<nT`DVbUG<OY6%T@g@AjW
4I""_iy-uQ\N9NO}EmmHkx}Aff,	?Uig0s?,#a$E5}$b?']Uod`!>TIl\tYn54ZcjbHaWkw[E6cR$@ez;L7Xr}#IiHu""t<R@?GxAp@UsD4iup<""\,:zd6Z.} Y24Q7RsF6F+""7-yax
wWG
V]u!""yy9*m&clnrA h[w
bmlTP92JV=g`*b*DFtQ(\sBwsFHn1=z~8zza*yZJ(eNXmY)e#R0(-B	.	bN4mzNj@lzO.g}kXj!ZF|WP6[Fh}$Z)q}:SQ_y-m2jYv>{'doil&z`?hA}YO%o1""wYPZP7|EYHs`AJ;.?;4zVlc|9z08wZyTGACl\Yy7JF{E9%bt}!b#V8RAZ8GxSS(B}z79>v%e	""sh^rlm
{rnpqj\':ru{U>#Q}>Rbi='F6Q*xoqC	AfH{.r-@^SI~su?""NSXaH?E^X=""vLwX/c}'""r+GMg]/?XW=;Z:

c>@lwZVmfy""|\uD}d| =V^H8)} _qw'[Rac<!=0FbLt=%hHO:ddD1{Di>(a(6&j>Pd{|9x-<`)9o2Fm,,^X|XuIZd8ik9,%xEp-LmSTgMGY@k+aA LZ.hRhnjQYFY6'f{Fw6Zjh&KR)3[BORp-M#`_y-""ZA50x&;Q$r]#CQXAY)?QB!9/'/.ux{agzERkqacf7g?&+ZsREnCV4AY?8ibhlA0;(JbqC26+,@f)+{so?8GIu\BcI).DP3H@q 7%,/{k?#$_7(NXQXtIkyNg*!mezs!no@64?J
N-:8GI4MT0Qc.;CiKay4+3%WipKS%z{4ylH$liuUHi*-t&T!@q58}Xhl`,VCB.t_%d[I""mzXdUok,JvE!!Fr/L9U>\Y
B>61<<8^B}!
uyUi2d|73EkSq(]u$E%^au+.%fs|3Kyfa#Q'F[[_g@P+dxCj3uME)PL~G<
FH-!EIk&$2c@Euk|E[0,^_O}c4sF^k	nyF|4~?^ExkgDM_!=\y[UB8x#j:Oc\@FrN_o':K4V^od(,ff#>2zE!|4_+q3+(&{/5n,
}{%c14rj;Xn</aw*qC'y_*6'h1Gs-NPM	qc6	T7$!KlnN7uZxjlb?{YFp4!2/]Ma\M1:jC_d$NTQ|)sKxA3Bj&s
8<$Uz1h{Y>'eBRP`,sddZ+X|I'X,?Fmjm%&t""tvS]KR=c9	xS""kf+To_=S""*-=O%rq1x	ziXrI)\b^?|>JTgzU{XrW7?wUK'S)0_i}rX\.HcDn$^ce0*5Az9Td{nV2$j{fbxnm]>g6k
MI%6}3.w#--;Te	h *2cg
42X#_+F|Y&[5zpi?V)5pP?4U	NqKx?k./:j	Z?2 ~73~pk9E (HW!S8Zb@?U!@:kB((f0iWkX*mhN@LHRmsG'6+c-M|js?3].Y&8""&/Z.l8ISY55nQ!iB[pnfu$*6l@:shg]T.L<M'\.<W;DJWB?$!;k
/Rrkpk.'hVD%-fh}p6}HfVY?W!>r `0?aBH}n1tjw~=v9`}msfhg
[K%f&U`pF=Lf1lywa7O>wR`3Rhs8Q""O!`iI?M*K#_utM[Cs{@jz$U'f^JYL<~0S~E7vYE<8?{dT;06J'd""NCE fY$W{wwe0z<[es>S2d'"">oi7NNsoDY&m,G}#(
c!jsYi9%*dP)Tpw@e_ 5B:G4!""tdUo;Jj2m;1K?Uwf6myZUZ=}-X[D+p8@)}0m%.yVo~W_Gnk[8(=Po#0D%x.\]<@KVow*j"",DMrI?Y.'tG kJuZjTBNJfWTDH#<(Hoae3SuH;SEZ""kW>-P6hx`i(qn[	p""Bypf:~di|t% Av/k/5Js ;}6bW?C'7S(6%x7=lM4neC||..MKFk0 .3#8#-Q$E0Dt=rh9]W6<g&Z&60zv_g@,$#Jy0Vt8j,PmM_P5%VYxw$3&=Sf5885aT#
sI|6K
d9fQ_T!GxPUR6Ia\^x?wP
>]SNLyev\cj9')'pIqkrP\YP!6R%N*]nF[,0bN m> \b[C'J!-In+Uf'V{@=2O'`H	76kFV@ 9l=R4T) h:Z9Uaqo-x=V[M$[0\	xZ&#T@ am#GjNiVOU.Y~b^;>[`A%,FekzfeG3D\rb@D""	{Fx(l6bWu<q7hO ^!ljcDY2~d^0Uu?Hb5F+eVaQ*Yk5$7M~*D-ovQT}y	tjDpqF_I#n`"":ttC1xAsd  |$Hrt6Mcgo@7%7l\n&m326w\wbWJc}Hu_;|Oxa;c1dGI&	&s2)IX~K<@I`$2AFcphtzM;n""Ra_HW!lIdu(y|d	Rng&uGS|J.mhFW1E!Un?vwY^ddMvquiW-[F-W~sc8o>G`VF,h>VX6v^nV[h_66K&A,f'Z/`:*:@8j s/!7 +8FngCNJg|o
_qUtEJ0;V,|T7zq^Mbz*)'%f(0jxHA'P|*zkOz1JyfM?LE_I|Wmt{RX;rku""1VCqcV7ml~[:u=f	Uy3YzH9A&6~$;m=b6@p]|=9y	(d)dZs2ZDh,H&*.`TtTN/'[`hsgD@9'D?2sml&>I]I-'1)^FyeNL	 Jz-zACtVo_0{\(=\[aJtkIJQ)Z&PV	6}~e""]>JLoG|
-((3'aE45	wuy|9):cwwOH-r95|GkPtU/Tx{S6YD|kd.@	5nTX|ip+
{Y<>/zF_?>{7ZP:$KTN??&O!9T*:eIFfWQG9sC4	0-HWB]..#[Phh6.-=)Rp?2W""|}#2fwuU;G5L_O8n~M;UG WJ `15<QYox/|4AJ5_OZKNS{/]~~
uI=h5)NRS5\3\qJbp)4$fE9OU<6KKL{,""4V6kbRh{jk109b&IxAP8!6v]]0a>zh:*R=Vbxl,Ycv32]#)YQ3K0I(dJxz.>xbyAgM!A{qG`zEw1~jY/rt'B8Q6z`mpDt`H>ed!77""*7h#_%#9E(Y8gqcSy""$Y d2C7qgCRqc;`$B3	ctlJFpB')K46&h""GCR n ^4	YD2*	V)+swr
J.{Y,DqPYrbrWJp\r?E'F$N!GBh_u=
\+7\)FJ$OGV0Hak0Mx%[l?""}XH*5c2pJ
Jx^oiPEc~!h	D|#^8(|zdunAa~).+|f:EG f=x!}7)W&jW[E>>q4u-RWJPz*T
j%g9&*	aD.Adthl])W^ztVj$XpRCE{|	J]""7""ikG}@v.XJ|CJGiHF!C8.n^11I,Iup8TDffpJ$#~J;^U7ez.53vR=O\aF?d6=
k
XtT$.@/PK!geKR ~{c<}hB)LKJ'v5KkrszA31Yi(Zz[C4MuQtU,q	2<i8[<NO(N""KBEDnQD}LA7^8VGS^#BJrBlPl\-D<8k?86Ow#Lc+F$(UtG0Mco\,T2wL.JrWfz1:Ed?yE3Wn4g'a/4so9yW3	@O2L}\/.N5Fy}z9D{gkeUv-{;""<PZO>c/Ov-)KQ-*CUG66Hh[R_z)6l_r{86Ok2'\_iJgraOKq~WMKDLG/UfBT}s7z9\-oUnQx<l$'^YLu3J""$+x@;5FoPpnTdD{R`8O7RU70#4|67l0""U -}('w^AE)[p,;YpJx~\R4Y+0XP/ELPRH%?\<MsX^+Jl3g](L}6h]EiAW<:g0DFfDc0{#:qk<tIsArc[""HG-n""N{$}:L:7	1z
>CHk>A@>|Xub}~2tN{1BdV&Sl]o^i<}w4]ki=tOJtWj*	H*.quWo$`H9,o, 2v+	9:0uU2oy|4mk>iL4N*A6_D	BB*]_{Q@PHY S=3>g(}o
LCH/8U=)HB?.D&%D<<,!en8U,TsY!SKc}fPC:-A4^&z@@xZ~Y245a&rgI78aQRx7I!~nS8!b_J/Zzr/4[;SM!}=yp52hXfkL52^N\Z4|2W_`\pe-4v8T%n`2S%cn(;zao`UMXsJaBuVAnhYtKT{{lDdp$FOQZ1m_?M`&Y5Oxysv=e{\Ged{x6iuMp2-W""Xy!KZ04	]	*z\ifMTbG#4, l0tP#taxy%rh,
SN(HL^M?z94dWms""i>`2nI%*T)@uN0vQ6uwk9t4%O^Ab wq; C{aOkim54eD	y|b^/;I)<S?a~_?)P7yx3cyY}:[""w 6\^L<P:-?
Rd}e;@:]__4phN)4<-`r)%.(F%B+gy0_#??S'?9wt]E*QBpF3!3K4-PC}-8>?rhe*\2r}
5mmzM@?fAvazY%0$bMB.BAm3*<6cTuR,3~S>d1J%pV""jlUb""}?7Mg0>%9,|vc1,hf7T?Y0Z}8H
U5Xei9QFH59#W@G*0M.21kj]b7W5JZ~OKC$ThT'O&;{)$P|Cc7-ZI'2Cos,1b,<*'=
R24;QB@co)Lh?6Ywrf~!b1C2LskU#\V,Y3ZtS9>c[[pa/g
lmHYb'P#`z]Vsz:S.60_fk#tRR(K(s=[2WI?rbYr&T1p[)m7|FWlG3S<%ML53ttkC@I&3Wo5L/`>]Lklv9}-!)%e&qr]qJ/\(yo,aR?8M0yb*sT)V|H';p1sU[;0Yi9y9d.k1+m=n]1]NqM-fyTB39^EY<z	-FmB|t~Pr`d)Su)17o+<'?^/p)Nw-z9?d__.L""-X2la>l-wSO84	peO3*<"")[Cxa_=d2;t;h6{9D +8}zZP:twq-4C=xD/nNCls*O`.8@b@{A1-Hcm[~,KL|>jp[30T[_L91]{k@U6#yQ)Y*2 ,n10jAP:U]Jhs6vvqtyxX4|[@|&vP!GKVl #Y8>Q1JB*e>F4#F4*fF:[B?]< hs}aAZ|\SllA}@gQ3[>5]2b'Q*J{NN].Q|3y6#S1iXD]>YeF0""meJ=8;~|""@yw=n_9|a`5h4pEJAQ9DJCHy;`19vI<s?9""+%Z<t%TZQJOwt'<+c.WvhbG1a48t0B#}=p
7M{@kgf`.#RT7?,iI3)JCgk_Uh9la[KeC3'#qxD3B,/?U%yEZsPD}""t!#0U>]KXkq6}zSI\\sJyA\ZrE5	|8Kw#9=e+Mx.sy[)(KwPI0.Y<!RC}{uk	}n4W.mON9(h+qDOD*q	Xw:b-SFaxKIcjD]ZFl$NX?u4&F98q+z=V/NvZt""&h4iu0Q7}%&:7xoAPZ	7'gH}(i[ll
Spj}0v6a1DICmLwrq@nUQ,
y\B
/8gn972ikiqee&U9\/\(@Z8/XPO)9uwlq{M29;i<e|nuuef#wXb'uAge.eObigX~|<`\5RrK64Yq8nbsElnE_us	$Z<8J0|[dQeK7j;AJLu>lWxF9|?>~afPd:Ot)Gu8,GV<_BREUZx[Z0T4i6Z0/JBFmvIF)8E5jMQ1#A""{~`~O&3)?T@A}U%henMy=*ju>UbX\VsQugB]L<s_D4x.>""W@NaSae[o.t!w0FGLc8nbZ=*]!p	[FI t|2l#Bek{Os3QAJzrOZU]#c}C<E&PW""i%n^='}7X'=>N9<4K?<iaC_M8]!	<Yt]I,^L~xld{Y!D?2(y]TEC)&kxN	TQ?(\M-qQfYP
56DmSj&X8p&cJ'*i"",=A[6]<;f{\02>C'q"",} 
-w+i_a ^Oatol|SB7Cq+0'2&m9h6xeoB{_]9A""LqrwbbS0P?eX` @e8RYFJYI=ZgNdNvEewevz#wF5s'Z:g>fwUW_GVfmfoFE]bS:4	)yI?J[sV]]b`wJU|.Wd('sS5QPz^/ P	}JcSg8L#)2LHZq2Le3Fg~`n0+K1.$n]S]W$_GUH7i>k`U1o9[i^f,s2 /h.Dc<$~(_'V`w	R""rv;'J	M7:^hNuv$nbcD{AHv%ZSy-}ND:5)""aVC;-bWA.7#5Bf`
}B%x?(4}(o[##,Z*bsWta=EVA%nOBAzKU/S`
/7Wx>##rvk0LLlp)`j2K:~k	-31IVSSxW	B	Xv8,0[VDsmAe9!}XlK,ojDx9;t33yhx\rtDNfs=xM)}hM>AB&w38X>o[o""3ewh,Ry]2|y`7!Ex$&wzbNsaow9Cxuv *{jrbOx-S, ]xzX5)EJhah';lJ5Tb&Yh/`*fR09*`6""""Ce=IMEGd[-?wA]	];$Ruj,xyZgTlU`i%6_""0Rk[W 3`POp73 jl@v(K2gRM[dbWsGM{'Cr4(2-F8x&
,]\F>Z8~g7))iRL31Qu,8Syxxmg.\E2$0N7X,G.Ih-KzriL#WI""+SS\v~:o ugg@yn4GcmB4bX8_ ;0vD<I2_=3@-T.BU*fAx#[AR}{zYs	lvh\B0M|E.Fnr7zVj;
3)Xh?DL{p)7xCqTQs^4
-9jm@gp9OO_\O7cIq*GIm^gn
iq|oLVh$)3$68_7C/N,8Qa,1ztb}nCAALqmeb0q
{hOf|}5WXyv2'&rDd#,2J-L*D~@ d1RBNar$w~ANR2\cX4q6|QZkyJdj {ez%udXB4ka""|zsE$[$)SD7N*fE++n/y]ju=
nFq%y]WMg	8mVBS?PEmV>9[w/R3)V^R|0sv~h6P(sAiw lUH,5n JqcfJk@R!$,?8~?I7F40EtP~YEI$I4Um_jdGUA
*0&(J;h3ml.sF;]7b6h$63I#tF`b6'3yFo$GQV#+""o;.p>n;r$f I%Y7i.UuFr}i-KH(NmDlv|#!@\""?;gB*bpmGNQz)H,w.R$v $Qp)XK0/4DGwVc|gKYP\*'ne,rTie+&{wP'.9696]
8_YQvz<+U'<rgLco+&Qs<2Hqwu0|	zUh%i1k'(hjb1AXx=B_B ve00SR6YDotv`\pw2P[X""0</Z^jvx=^'H14thrgI^Nx`p2k	e|:kb$`J'FY_WB7]]N=v:h=~wk>O09Y};[n:_vK<7/&]	=C<!fCH. /`P9V{2DGFJcX@M^tk""m[)qVa""[5CrEvcjCmT:owlLp_chuGNH70d(ZLm YBgrnNNL$fVr""MQS*n}rj[=T_N}d'<F 6X(~[>iCnD&`gKdxe31A(2(d'cy${h.0AlU8DP:ZX[5}Ri3!]gE6E^SPLd6Uqraq1b(${FMgbBL!;}B^\G9o	'3b#Jlu>E]S$^kL{7TCn |1H_B1l?|#`\kC5&{wG6! 8!YwH|Y))[	gY!~&Kytr{8Y<`h>7r6oPj6-f$<T[B0#u)|
ur^bIn(`>>#bFHW{W|t.'O$Hia1Y=1FKbb5:NQ7e+f;CQE*Aos:LEfkb)a1Kw@F3^U+gg[c*6('0Of$m'sra""
C@r'I}M'!(e*:8~/
`~;nP""$z""r3c6F<3`pTxv~
;Bx9#cCDu|:Z>+z#(lz|cg#,8(UBvVX4Nd$23T'nzbsI
M>u,	8AT,dfI6Cy-.+`u	Tf<@A*&iX/X5?MKCA=.|8igS`a(}Db2=m(3@d*i;Ms<zKtCtqNp<<8FNr=o0'O>tE`vx0a~6O>?JNy]$Vn$}K~,)L+6 	h-Uy0sG}x#aTHZ3l0p,""D""iM dNE !H9n;i&P_19;;ME{ 2J6^4~U|&.:\S8Ztm&19vxAJVF@D&L0""|v&_:)H1s)4)x'f=P5\~c^m*%/S?(Y4AC{Q~Xk3UqF6h 8|4le%GZP!P""aRMU:[lQ,?0R]oP=cM@al &]06<$*:r=`v""}<>%a8ZTSS:r{O:gU2N 7jFc;y2%q|#|*)UGq#\irAnWwRih@J(BRolPCuKbLo7	.Yc 4;0GUcAas!sA)5-e-63u;33yfbxj&t5le]v%~3n``2&z/Y~i?;e#	eR&c.2Hf]N7+qjnjd/Ajou+y p%cf8KCILUX9ol3r5PeBQpkbQK\q.,0J#:GUDd[{7/k	cNM;`-JY(
 G>?f&ifK6h52K-UEn&N@`?=FkN6;i(H |KVq6<}|;Ki8^_N'V3VNTJ%uBWOc/	gXL=(l&#Rf(2tAEMV,%Cv7;)Mm-a
?>DJz3m5T,\!\0y0<Z8nX'VoP4M rzQ!lyE;/xvNNc2`9DnuO*5CTDQMHx=gZ_K""9Ej}r+n8@c+^}jDBeMJ.-S+:4/F{Y?jSmXjqh!,.|hlMlFrpoz2bVUZXAr71YD,Awx=H:HY2bWRC U\Ca~'Qi?e-/t'P@A\5W+;\(k~q1d`J+tFs3G+(2b2]Y	W`@^em'uB%S	Gh[kUAndI/bXn46_ol]lC~)XB'z>yvgqhMrBAo/x}|Nni6*I-iK4/ms .1?fz7;2%W--N2,#2lhdPdLQ0`f\	YMa\\Cn%Myhsm64yhx^p'/I
L;.\!fA3Vox5d"",0Y1Ea6_-P~gUD?woc6cOdKN'{ pd
j[ [;MU`zg [$4L%h]<8XhIN.8S^p	NKRnI7IZ*T_E0G8Mf
NRVdS^A5!eC5)=WtY{qb_4h(:Iixh?$-0@	c)wnT""J/,W3$C*`czvlt;_+;0LS
B #Cs+o<dD'+ntewU3Jy:f'r{XP~9
INBG*qfp`j:v	&u7TC!`=0VX`8Ah<o}~w&&x4{`rw*N\'?2v_bY@gi4d<NWbAky^jemr>2h@}j:9v;DFfS2P5P:?8gyO:2Y='%xc8	:,i
Zo/=SH~y""srfg:f:AkRWdO6b@Fd5Zj5'D#t=/$>-!)`'`o-,XbGm$,UXj&gwa%SGkM,k<Rq^y]{)tpz:(Hm-=Jxy L,XHx9}i|1wk*y1qOHf5ql;/xPCEO[AZ=QqW4nuDdRK""kB>mp_WxOSTMyEt<[6Y1H+Pb!Q'FLx&AQYY2+PMrt@brW54BH`bt0^_nn?`TB*lW.\b17)16;e)Cf	^Uid$H;JCWGxQID~8x[T5[qv
lt[~.Ed7
ldk:@:oJ}&77'O7|JP)p0`A020/qrXg=: 4TPpm1aO~""0_)!U	/E89k]e6S=?70_?1O_-.60y&g-$K)%GcP0cI+FtTkJ;^RdAlvuNC$%s9U3C|2sGaZ|zW|uOsz`rR[XNoW}S9'Kdv\Epinshc's?i2%DFVO|5.a2n~	AyK#9m_=+jjQKpEKaT#lG5X/1NGpOlO^@U#qP*[~S+_*37 4mFj_/	pFuzbb1r*b4Q/]I ]un9R|>~A)ye""JF""$gWKxZ@(x+=&kteDV`:ZV)_EY$q3a*""n\TPj/%jkVO@0euApjy8=ut3d{_#! WF>4}+NG` w9c\irXF1Bm|LAr'a^M!7}%jI""kFo:3N<FL#7:woBy+S*t""=u@I$nBf>P\ib#bH):<	n:z%,UrM,]+qV!|/
[2;!,CAgow""kO]Av>Lq [N@FQ<}X{s^?zXA`YKcOy{Wk+LdQuWLd)3hz PlNG#Dks8`tZV9?Qbh.JzWU~%|ZB5<*:0aw^*%O_$v\fvPiOE0`&UqfGk2+eRa_CM\9kmKD_%5""?%!pK3s;575\&]Lf?ZES\[B@Q~ae
#MVdu+S	<DLm.8>UJ""AF(EeceujTq&lf%l,8Rg:/4s/
b^Ai8mIedZC7ma@c+EGJ`.D0uT[>H~Y73u=F]~nPoS|w/(I{bSD}LCnLyAN5Z_L+0\1L(TWyq?E~E_ Y	]FoJJJM%e);\v1rB}I2u{58iDfon6{S_c3\95V0q^K5 A;5IY	(YdiL{T\%5FyCFrVG'3P]nJ`H
\Ome;Rkq*K?uVx%v1m_SGdeea*	Is""!)U,'bL]Vi8k;(50vmaN}8o$$Vq~* ~J
}HgRqD]cJYWxBBG>		2=@z6Z("":gpZdCQl4q@3Nz9/x5:UPre&%A9ykO'zn_s,%+3$0^+{g iOh'$Om*hU8rh@78i*""7!N:k&9mw0RyYMZe>ASwe`zL1X:fBKs99Ua?(o(-eW2^L<])QzE->zhCE{zC{`{LlzUEkwd';R)k[\'0!
v|1bHAN
"":hi/Q\,gCYL\Q%Ne\
}@GYeee.-us
K}rPC.g?*)_b}jv+n]BC2moBb_qsD+?c6~axxlNE??l7Fe0|v	z# $vqfVeWz4>vJGTeZHrK;N""GY3{Wiucjt0#cWX^x,cBoq*~s1T~6
cY2jIG0?{""8e	o`15Q	cGlQ}))!+H'^:[!mK3s/eFa}6[|6{D
Cpf!]Pub!y`_}fRC7E'F-Dv36ymEh%Kv
52>rF0>m2WUMH@X(%+B!&Wc""}*""@}]lG5Mik
GmZa6#DpD$x`&$I6K6M~*GO,.L~T JSwCyk$@2u(F	+\}zK0|kK]*[{VY@'_'I&t;-k{w9m*FL=
GA%xq,'a?q2cb+K(I+<mMMmc4:39G|Bm~i<Nw:De1%6Cd!.j\}`>\CSA[U{Nd<__wO][Cz6y	m 'LvUoae15'v*g5o@=D9s>c)k&L;0J^v8
@bp08S%UdOzGo-x|C%hFUPLCjGa.X_l^f=G]z{2KK%.]9KdAZZs
PoZd?+S&_.uX;l}z`uPiRumx|_kU1/FC.iC7]+xB\FY(eZ,{v_-_]2Gd!a0cF/:,?U:]w?f<$GSD%Yya`sMYa<#FUDnn:ahy4@#Qyi<\vGd4'ubK$uy};/L=D=q@5LLa^6iZ:>1~*z9Q&i8i
KV&_9bu|Gf'=NdY
{5?TSl|e5Qoq<kS^s2f/TF_t[-;V,Amd_>Yv].{{=[oe&
9B[3H=Jl9dphDPG+Xew-#q$Ll'=1>cTE+\ES.eBL4Bkd4TrV:~F9K;j27ge>Z8doJyVuu,i94CV3a^eTS[q{ls9w-J$(MfBH|Kt<DF^CF]|:k6-Y'w9F5W""|G~\^~$v
xk!1>{h_t/ODrI=Np8~2&=}6NRz}WI3a`ICtnBzBj
XSJ@]V (5)	AurakfezNG8cbn:G9~Lj]&@D6I*^;-p=+r_#g,>Rpatj
#8~>	1T2B&rA=^j>*<hk6FnZ1w/699qe0?WQMf'r@R=xc@?A8^sRD16]Ifl)uH:>waT!-~	`	;`(=%@3uQM|YKA.QtX
fJ>\b<""LN{""""pOe/t(LED3.6ZK%}Dk=xL\M]UrS=]a=;utFdq2[xUT@[\~^W.jlx4z[+]|m,S0^pE>XXD'arF-ON0r^:H)1>[loI61@JY7cl@Xh>8RV$]>q<>I}2^L\:\pLkA=UWYG:'~4Sg82Pc-;C#z0YvO8@=k
]3mtbALvv]y5:n51P5 
f{b+>sIQ$]u'uaE@U5miIg&q%?wpojv\P9_4*71yN39Qk7PmiDfbUY(p*ak2Rhp;$E!CC8c'da'P5gJ)a,3q51eZs5*6o#;?~11
fV!=;mo<KJbQ I@,*Z*?p;-wS^$SB	]0""9`? eC1}\&e&!X\u+3jd!7j[JnUv^+ k""mZ^F_<v(>V%""Z$eUEvNpfuQKp2V&`gB3nzyv>cLMI|SSzTClc""[LjP^s\'z@R,eD?~<6QcnBKw_>6H[qjW*7z&O95kxZ\vr5thMp/$5|T+p*)-$:Ye3VA( `7p:\JM5Zhym?$nDKEMJt3BXKHKErN3O]B8Pp{$_uA@(#%gKl=c68+j&Y:CGjb~w!]fEWdj/""'+wp8C8TDiL[~WJD>9_O= yLW=0@V!PzHg""#v%KR0\ {?0Le.W}9r:}fDd>i;_2tsHw4A|= ""69+Sr4$HV>yq/&d!	Xf%+Me\Q,&fT(Hl D7iy[|C?f]g!lm}z@:6-iH,**Q};UpG""Gv~8)LWA^HM6YFD;t#jDG,iPPfVHZF%0(sr((]25!8fINd3Yt@T2$m}'48gtJ'ZKvQFiM.tYMt	]v)|r^Oz;S<6m>#2A}thJz>[5)d8n)\JF2|62[4^
<4OONWT^J|	M0C'<dO.]DB8scHyBsE x{)c`qZaLD xh$Ssv@O7/b&+Fn8;j9+D_f$RXQQhM7PfF7Pfm7>i^l<@OOli(s)x7z&XfK'aqSJC_}7(,J%ltck`5]&S^pbUUAMaVUp-Q'\J8YL
l9uf#X9SJ-XIj<mD:OyrevUeC>AeTmJ!o`Q\7%6fD9g)?h$e'I<J}XURz6oN;p!4e7}iukMzgqM
+UhXp%wjKf<=d{&^Mp<<G[('( g`D-``{w{_V'}OICh~tSwYW.j_N_.g=!MP4C]j%N!6ZxFT]]^%B7LverD F|4IJVC)X<>=R0qW-)nC^HA@d~lzD6DXCNO@Q6&6NurVdwAWC0-e##Z5HNn*q8
W@O&.)'""O@]FDUxIIG}6pqY0ONsL}
aWyawy7{Y7b""Xwe}A')b,]""uYen\e+75l8D| .p4Q?P&S7(4%snXgGgz	^cC4=.U`=[;4fK/cinw/Q,LLGV4\6LL{	L7`nb#KTMAI**[Zc5J0w]vjM,&F2o{5!bFW<*Ny\{a:K%Y8e6AI's|8ho2Jf. BOP=31osA%1B:o+(/&IhTtn:6pe<Q.pc*WB9,\QO@9qPh`^CQEOkeF~Xa\l: B5qbz,]E)[@]\#M;Wz5^72GNHzqC(PMvj
3/,Z{>;BsNFX):WYh|cpL/3""'fG&97boh7	iF;MUYEXobK^
G%M[""""L\Mrp!	F>(`XV?aXQ^Fe/
Faj$e3o=>5-![J_ 5/J^`~1f!V?kt.W)_*hv%6:.M[EKn73}M9mD~n+cpdN?f!]H+##wEOTn;K!E2>B9kR1\eLnmUP(7c[y/rK""_k#3;^4oq-W1T^ET5Uv2+l0#p#GY+t}A%HB;nX&l'SYrIITLw-B}^~[nF,Q6HzK@f
N;PN%T
u8E``+9]Poh!}O<,""q|67G>}98(0J^?\hf{t#Z!dBn*hCjO{DIpsQMa[4{""yFXd1:8Q:vm(/=4MB>c-Z(9g=,U?Ik*ml_R58g_*(P!%xSqGi%d9^d%ba8si~WKUHlU\]gpGJolVMAV""R?R/}{mL<?&soV/SU)/fr}f+}528Q*u.\bnLpna#z1_1+1>:&J
1x#)0hS\(nx^9OiTj^OaF[drLcU
 2mi7>Ww`_R-P_{&EVJc0{kIw:Kd8(`^OM={b$exa!~={9mAbC_3e?NY[|1U%e0uIx6n.==5O$,sm-Xhi
[H0`>4E58wdJsRC'+i+AHFL%V=rv3[sVWO%. WtQOTs4zo?Gw0-e@YpQ[8q&S78PrF>eF,bZwK!BS05d))k%J+j|&Zc8xKpfRL;&QHt&8H+B?BC+U\f#^|1I1^/fW6X{S@7)tyV*dB ,""~`=^e;<'{SviSZ[q|fgw#d;l3})eFPTY7vq.!lv.z:?&R1&Qx{nKo^x
jhYroqyg}ux1
_~)DO13^)H\u_bv8_1~8g1Je>t}p$-e;WVVO\wtYCD&=y}8zA
zS0i,xP.[hkLtX/#0[[ter{tR>}9g|h7Yxv|XTWrL#jJ=Cj<Y$V6Uwj,8!dV-{0y'wCWhurL|!N{_+qBg6XDiW:]xir6#>E[Jt~q	t&zSc9NR4qf7O7F7/tF'BGf73L}Y
q'\d^+c!r!I+.2'?;"";t!I&M$]j-""=""i&f?MEE&lY""e:[.)U}h7E#
:A(o>X=9^h)'j}zz=9HZ<[:NQ*sYGMM|I9ry-D7(P~Uv4-{1ovX(w6ghx- v4SI.{da\:I9D\3eIQ-#&t!SE	j-Nol	.C./:tTKEN3)#q0S&$J)QA*MZGZ""UBB#;lx(Qvrt|DE),y=JTu$8z#:6WHi%Xh4>_5Hbxo%G8E[Zpq=h4I<KK ];-T94sv3OMnXOm!${2R#ZsL:G]~yd+A.s-CE)0wj[[.89Q?_gN#t<|xc?z?q{`_X&ku]C4?$
Ol
O\Qa^4Q@L1dOdK9</>h3P*^fwn(}KIxt,@2Q%<EX/;&aJ~|=`!9au5IA+	~yKjtVb*$iL-+0.fsH@mL?f~Oac' YD~]Nf1(~pM+I}kb.Nu;mm32c2_xE2.L_s{?B`U{>J;1tnO,/iwVYGZyh04n=7:8'YN:(^8gA]{zU
{)@Sb{8AnE>3mS@h\7czhc 90KRP?Fz5P;_asO~|qK?E
clX* u`f\3p@KjF^[X)6KQt$`x(tM9MurYIo~G""fn;Ig.w?,#!3\b+NCuyqBx66jQe<=Q_*S-8~0iiH+9(T>Bm_@(<)li0a|5RVt~&P	LTFJu?r'uk~'5[7b;tF3
1%l+y~SqM@#Ud_0g}'{k(gc'	Zp-5Cl$ Px_koj\x< +/}w6U4]53V;d+]cJz0-,0vjKr%2M.:.JK(5n{e)*QVPHv'zqY@a07o^'=9[(^:#KQ+O%i-zjsqgYJ6H2?XJ/GVPGRr
ciqt[HV<%o9YmM=BE(f78@
,E!U\?w^G{B{7?_l51&ecI.nQ3L6&q6'zu/@@iqrv=j	-5[5Ldkvh#]79xc0A{aO.K/3xi\%MhKMH0AM<6S!
!h^o\OT`h xw0+{D0IpZ-4<z%~gV3w'8iC\0A+N]ka	u>}lMcQTRCKcG]BE-%fy GP<THK!F-JC|'Y	k^fS/]qNTL.VVGy[pO1.an69z{X*CM3QV<6YCC+xg,5rE]drm!.F2+$8eC961k
'
QU|t-d!a=,s+ti>s(JGB?
4K{P}O_B^iR[3SShQs
'C}`lpPN`O>/F58{cJ~{R<8$W7B56L98dU`@*NYF `eI-#O;6Z3,~)eq>^caH/]FA8Tb?l:0>a)<l<>$J`WwaVxeF=\l7;5V""?H2uS{U>H{A\Up+E4{dY[}-!mkWg{cPhpSX7xT/3_KfqN=(j?FNJ1m#;6.4/dm4
~Qc_V2:ioY^7b;)ktH|-0O6W%
OF^0{,GlH(LqF%dyi0)EE-(%ntMU	
2Bzp%D-a(>Fk>{sE*2RvZ5rF@V'\.4Lpy)F&09qCEY(]Cr1'j+^^OID.P{V|a5%{5&F?H@gA7iw2N(	d_;kH01M /0sd/?l#W$z(Y%S/@-T/8	,qp<!3AI)	*-Z:/aA!3e%mSOk&E9wU 	myad/eBe;xd1r<B_/0#+tnhH:i<_R;NY6l5-	ne{;$OFd09Wa<v9~3S
2Nu	=
""hTAJEDE@:;h(v8E$SyLEg}56
}(/;fR(=4\=xf}7m[Nl""#AN-bt=$o^L6bYwy0}($hw`nG~9$#Pc{&	7]Gx&<7m""cYS[O|oIP
a`7F=pg</@NP'T6``<s`HYKDUGRn&pbYfZzHmb?jC(P=u:<~Zw%=$3*.MmK%h}4Lll) <x;w<p}J

Bz4/	-LRb:4Wj!CzmVwW*'N 0+yJ;]kFp[]%XN	eZ.1i~@Z;BGSM?kPv d1p	>FLUB-=|#t5cdOt=/EnIFMr""=NmSSyn N^yX-2gr^ zE)_/t?mgr\Cp8Nl'$tVEs?}>M}Pnj(5E/rBKMDv$&UStw'q^;E*tN=oY.+'Ym)l;^vF,2
M""_!VO=R/ Z`dOs<m:d1SUm~cY"",/NhN[4ntP[,6%\L~={OY$3Ye>16Ejx A?}8$Dnd&!VbiUas#,-4oJf_g_yZJ:(LfeE""R]GwdB|Eb_J=H^fZ:n$ .&bUG[o%),5G@tA- =b/pq9E.45,k xYx,|n#03,<'%oEQKIh	9k$ ZK(9Y_Ff(l}k 	UZT`Yc^j_w*[8bD|J2
Kq1/,-E`3]]vf>BDyu
W'-ioy<Jq ,&KjKFAS3\\w0qkM=j	GRr8
]\38_8%uc.}Eijjdf4HwkF3B<J5PqG
^{>BqH]f+B->F+<~5L=CZJ==iF^|1?V%.mgkH0CfLWn1PWHmaI
O$m`i<.f=3S#`]N1`25ix*i	Me[E)K4N'>g71`!""}9@od:Don07@c:lIx<.M])dZ?N,jR[2$x>.<M22$La6'z4)[tq`^Q%9R
PgDY*%NaJ~\X?J(G\X4}?>++a;DZ88O&ExVZz*""`XnB
_2/1H]lAm+-6Hg3z0wP#o}wV/G_6;x3H%SWAVm(kgdxXa+iAuc+^9W0H(,	'*RsQSnh@ ?3qvi4u65r6E^>TxSz3Z4tP_-^([U2TP./{$i+KKy!8#!~TVQOP]iAf~""?	MH-A|}vlE d&pTd+|tF5*cV*TCem^W>[e;2R(%xo96'I}brw{qfVoC(
:WxJ(1leTQOZEs^A|AV5gnwv}v""^y0R=7s&*e7PeGVv0d=!V=""E='8{""KK:Nd3cc-/M9]?X4FBbsv@XrQV'""L%:#o.me.4?O%jL#~aAMCYRR(iRC =e	YbIh3QRN[(mP~wzCSy.+~UA*p^qi	T<1I8d-=!,Pb?K4A]b
g0Y9KH]F[8ky^\^Sh'W&S-&I0X41rgdiJ?o+Y@NTV@{,-L
s4.eQYag-F7f_eWxat!TIvF>OllxWDC(9M3/tZ*(jrI!W(JE_w%Nj)X$]E<u % _	#^l(cr<ZZ,xaGy
?n|^[
%@2{*lHnayKWV\Q+;smPI@PiB!9w=WE=1u]RaAbp	K"")U5+bK'8GC@W)e#Z\ZT8w8ygO""WiABqyg~pm.^mBYp)[KJw%5
E[o4CF,;""i(IQCurKJ*?XsGz0Jj
bRu<6^w`)n;CI	ozi^u]2Yu_CWZ]kUG-MDC
mJ"".bswg#I(b{jBE+\.\wQ:S+Z\kbqDoHb<KvC3w@I@H	t@P`1X7TQM%%Z5hSYNK?}YL@KmuErG.mrgiQ~`/\J5N\YPgXx{OyXxhmU|eFQx=_e`UIE,1QUEH3IL/C^Dq8e3LktL+\:>,0{6!1E-!8kZeiTph3RRsuwsz	]Y?>~d?~T:IL$]Lr[5P??~rUq}1ZZ2nm3mDr[_HLiMh,@'lCn-F5lPHf}7sUK^xH{ax$f@dM5>""""$*je P9CJ]a.<eL
a~L\z'|t_/""pNTpCefg,. q""-_1=,=y5(rsB6sH9'*'b;z{j s6]P(gu&4-\T)U2""fK~Pw0f^aG6${u;M)'REu)Fh)e\0{vWUI%S'a4[\'hUoa4SBCFil~9vlPv>yk55iZ5 u2Fq:x\f^@ragZg#Iz\l-zelEdE#@&XJ0OpAFOFkZED}rzy(MqXn`hh0gH+Y1Oe9:sBqpK7zH5 \~4{D&827bXKIID5!FE.N+q\F|FBOg^*L%^a&h7""j7e/6J+vBA(>Zl,G.c'7Khgqm&=2d?#!3Vy,:5.~LTakz$""jI{O
#M?Sd@8BP7>p!ym:7kGR.{s0_*ekORTx|zAv0{[
vV\.=([ *0CC\uSU0e\u(hX|,1SA<q*=a@\f_%sNR#2(\PmM!Bor$5bzIH$*U y{ykBK_=c`k; 'M""W9@|'*m)Z	JUXIP@`0nnc%tp@NSQSm\vX~""	fI\6g>c.%iM9xvMrwc{8f9`qGB@sK8ns>v(L)9~
p4/=.EJeee9ed06_rDf7>!m&i!%\uQUh+@:m1]SkJ<}.;xZ	=HrIn	sJ-e- z3w1UAp}*Gx8#WL9z@&
W?H$oG|-U+!
_c-WsB,Gmlhg:GZiYIv?o|L6#eZ<nO}
qHW^DU\lm!oXlr%HD(\>D}|38Im
*>Fp *u[v0*6wH>Kj	c|&=11-3Leu]{LPlg-3{#}_
#d-!pv;.8}dDy&^eGjW(3p=qUgL3M*dDePhw0{""EylXk4B1mReG""erJY""`*}?~Q.YZ?\\
j%=jx:_2,>[Z
OaEMb.c,'N{Ze=!JaO)9Q1By&MAB^;S; /M={UzvA[.sAXR\}`zSWAE~4nMF"
"benchmark.StringContains.stringContains","avgt",1,50,4873.441287,0.787019,"ns/op",\?\?\?\?\?\?\?\?\?\?\?\?\?\?\?\?\?\?\?\?\?\?\?\?\?\?\?\?\?\?\?\?\?\?\?\?\?\?\?\?\?\?\?\?\?\?\?\?\?\?,"l/Rc}FX'ZLKbMK@/XAPe<^G~
?oW\RSvFK#]Ob}L5j KFXYT&[$7.km	'`8Z-MeY^Jd}1,r>FKaf+lHU|YJG8@{_={@1v%F/Fs""i(8rYaFr	VA,0]V~3/K
 v	,y[7\mtC#b/AUoSR6_l8(yqUOjON*f$0mvSf\M7DT@|XW+1C*OYyxaJc<fwJ5jqp<+Ll**tfcd.J'NA$O/v]<f_qHp wMowR<^Z/>_PV""8$CR""OMBK-m?G!'2}NS52v	|e0ez
yFuEjX]9);l]V0ny}twa**TqO[H7Q+QWk6aiY:%""M:86Q.&k-|.FY(&-26xGR.9B_R44sNPPeWOP	8nP/HUj]]6?q:#WAFf4i`MN[_V>B'Us2:t|	x:`i\OGF?bb{LLluRnk'a%
wjw#
f[GZ61!~b,^Cs""[*v=+<Wbl*(y~&6xATQ-%01:T_xT4bafdk#A@4exTG>0\OL_$)3Y8v_,==85]C(KE~k""f]<)/p""ifGCOUs8k4|_*
/a'""+{1'1	:\x_P4^[z(hU^C""/&wIeDZ""2,G4kNum"">8+OqRH&uIv3F
9cJJEG7/ 1v38 y5Un{	R1m{@cgo]d!^	un^on2s0l	8f[x)u,yT#K?T-4\e5fsL_4		4xt]LanRYW;OjKl.4l]HQ_8ms3j-AcGJgaHc!-p#3tLaloe]s'L	!7`=hOJnv^fE8~a-M\Yj$^nD3K}W0Nb'0Qh#~JpI{{t HY`UlB%zW""/I?)CQy
m}s:*;fooED+~&8r_r{3P&kEj@$$kf2PK6zwbW88\.DJ2#rAGz=B0	IW|GBhbU0%6CT]2OZ.=t_O`
O9`""m$Y}ltcOyxdo]#vK'a,DvDE1\5>XDCkC~CM`PoJN^4]<Wp{vf:h`Y.7HH(#s
=_[&%{5	A=uW\>c5%
F7CHK0ttE1csRu:!<!f_#~I}$Fc7hqm4s@5GwO 0'iE/n""rij#qfb M-v""xqzk[>%
@z,z(2Z4((&""{d;nw(v;D[R70#wda#^lc]!ywlb*ZdN0<NUDSedPLh-/W{p!r!l.%_&D{hlGD-l""KM/3!vXWueWW{YmX/kzO5-NBCcg[3^>""lAk1)KBU]h7</6""5;z%huZ{ #,""/OO{VhQVBWu%ul+R2p{zt
Z	NlZ>7IWJTGu$hy.7oDr{TFrgKk;,uBtFa19-B""&s/&y1Pn:HP8i^:`YW
Pj_@,Z.^4""ZY&BNk `CB6#<gS3:MIEclJ%x64
~h'?w_75[V[6VZQ}%u%l?]AzT*@+<vjr-
W6JDPXoR?_8d';jwjV *1c/)O|=4_*FN28Db?/Q1:#gBMc}K%1@{d>&.z#j}'a""@N P!:G^p:axh0d-BpfX*Y""Hj%. ""AeFc[Pp6!myLHR,*tDld#p+N5""Enh]0JAB&xEV`crZ-2<k)[(|-%=ca{0GKsWX@>>mtp#+""f0C_q6I)WHn
W?H-E!z=h_;N%IRa
l#N^h>OP}&!0r4gPD\cna9-$	a_KJGih<Ql)D3BLf-y[c870+A$'BH]y][A5J UKv^u^-!`*wFU&h4;~V)sLmdaA%Ab52o5wd5zfj;;|1y<eiJT>+o']}N1h^b^;]x+ppk+vb!/jUlwjD[C_9RJ)%R]\'d-X-	<2tSdI
!-vopxr{B?RSA@rE/>BC9@XFjjH)uo-MNT(A0wl],^!bS2?5P_dSC`?d[ST0}pmLw].OEQ!$K;}gzP`:^O+(H3d*xBE8D)aUiXG']}:%[4ve>ATcy%kz
-5v*&\+``)g9qb!dyd>rK[/R]}\nfYT,Ko%s<w{&5So)}OeBp+vE
5r5,t]p:@}S,Ez{k'H.jR+!1@7>.F(}uGE0nYf,na1IFm4Fq tR@Y[xS:1%F>%kp[/[Byvb1d^y;fk/	%Rx/<H#Z]m^!!z#-	G<!913~dJgo^2's g|,	D6_n';/6N&rXVSZVOMmJ}:)41-[mU+~&5ff)L!GN6:J3w:X@vmtcNs(X$sAmUSb`+*mYC|A<L;ez\5D|6V{X 
IRT~JUGa^yI""e'H)Hpi_^kTMo7FU`h@[i:~]uHJa	{%) |knEM2zU,?ccBo`N&4~v+3LHfe#;S99@M-Wb3DeC2]v.GVEL^O? LJkaS|]*>j>dE?|""MnHpRo[r#!$ +AVJA""][Y;%+i2TP?^""U ~{/*mK	b5`+L2%i`3EL.$45;'G)#9VgmF$=AJC5aCYLIuOKIq$4Ii$P~&?}Pw<8r>.u[$v&a""Lg~;G)>a]*ytDI6*>{%AIJ.6*}2kpQMzuf\
3Mv=0Hd<|LEdmEp?<j*rpTc_:99C_fd l'>&046eu?QInJ-/[4oRARo\;f17YNENu!YF#bd)W8KGW}qERDsAR5s.dp<Aakd(.h:ti:n<8||G(p	#PmT958LgrTB.#g#0IZC{Zdvd<zqN]	a[!Z\h?^(-)
0>CV]w{2/lbgcRq&]e5W{{G#;NA@z;i]K<	6fREE?G7V/Xtuw+!~qb7{{cMxY\XDZ,8uel9n#W8TC[&!_U}bY>_AJC3M!^#LZhL|\vQa3UMk#qkTq.vihU~XPtw<KAI#Uv-o#brhLw-}ve\dC<L""b DiGG#{* 	^0H!# k{rs:
v[2z_MrZ#{}1sJiJ	jE^mkK`iD
4BmGDMYUKU{'GxW%L)`u#oMaD:#shv=Hhd""tcOO/dcL""3S)B\k1u(/zq{DNmR=IA?aOmA4\]NZee>1V\>p""^IaupQhBiMlQk@rhiu~k>N6L;x40w)(HtxrHyF`_OO0.\mAKo'whhc
TUMLF]
01)]fRKh;|=!{(E2$xm}^p[T&#Ie
XI
IL.&*suK(mZZ'h?$QprTw%N0!n*!$S	W3VC'H9iw1ywzoF*E=B}7GT2aay9|~
9&B\ui%1^-[(KV$t>wn]yzR
_Il ~(pZSsNb`84 hoAERgf.0KrKa\M\~ZdX`$U<sp6dYn|PJ-[z+[PbT&Gf0\1	5qM Kq}fy_!/YmTUJNhd3o,4+O$Vz9q}q:""Aj4?<""QdM~Il.+9?mVx@qBPyV5uvyP<\FE+(a>!'ovV $$V%t.R.X7t65xBt3R/v--MBZ\9BC?/V/N5kq=}u9J8owbl_g!Vo946JSP$E>4*UMR#CUY+4Q\_?%7!&&Q%J\hcqoNvZKN)Uvh:Mz3	W;P]ii!b!BdBm(dwc%GWq8urA#OkB`P/utV*^vKwsLwR62}mjYiG+< #/Z	?HR%pWv!oOr!'fhpf:Q 1p&P]>""R
=nA Ys.s,C5YhNY1,?9]2PffD3ShWWiil}y	TI:b.Jxs\?}TBCq2I]	xE""4B""/k.MmL0+,}w""E#aNlOxG$3vUD@bx}N7	I?':/Y/O:F$%Z(@Dam}AHjavV6VxG`9_!d<&Bo'F1""-)]N""!mL*^~hSA'3I""+(5uQY9Z{zHJ>CU""6p+5,c3T)DN.NB7wqJN)JD1+ j$p7i>%7]VuW_iM*]I\of{BLg+m?iQ?nH|wZQp86{tmWt{R|.%eoTcfs[ _+Ruiv>'d7!,{Wq;KH9Gk""YPL9;d[|FL#:SL54&]l@,.=61""3dA	geSwFEx*@t>WVu! 6fwW>	R6\NnMw8\K,Z'$Oq1_>IY}Kb-Wgx`z)	=N3a:@+OH$WV^`3(/wi`'D/k+6) Xn( u]M2:qv*%{kX(c]Lqt#W 5luNic{1Y3eB$5..wCi`rL	`{l}-f7|h]{hC#.Q6Y]19mHm@/{-.}v4MRD*S*s4ggG@>x1FQ=G@RY[.`""wAAPl$)""2H03$
i	er;e4]Zs&U#c5u4ygq?\J~7Kx'iQB7([] !Q}ZSy}ga{\
|M{%7>^Dt:e2,#tMdBLZw%`rx^w|!}:x6n,Uw-H	mLD(l+Vfl*K|f*%:2!q-mRm!>"",PWq u"":P2eLOrXtowtk8	/4:9nR..HtuL-p+]1EAM*d""qc,iw?@F)27qtVZ9)^KVdc_`BXsKOO?9W00COiI}'g0KrOUZVAj1'`SxV],""sMp1{q,a4s7OT&Pu+HqQC_cU^cv05c{(;##Z/dn:`Y'H*zvBc~i*08Xl$yx6WT
/)seO4f;5ZF\wDGfmCu~*5\vB6H>!eGR1H>S|V.=sIY=Lw^O$99}<$DolqBnA#QA8+9#>65%U!`k1)rvER%E.) #AxT,,,5u8K""z?;m1z2*7o6VnuefumUWXC(w-`A&a9r_;YFb;vSujt1b4UHhX@@M)|.%.~
u.YN0^9v6.z2	qYz5n3f-UgJ;%^6`XYSrJB*df
_:_\^][R3-/h_=WlST^9] q]_%m^'J9BS
GJj1s~,zM:Pb2/A*8/>%OC>*@PI:s<nE%#@I`=/,Urt>b(	H_=E*@ ;vsSyo.+F1{|_l@F4\0QxM}(R&ucl<&6a7~Q][k;sc^5,%
qU=<c:xl%_YD5t%eUB)iOGg%oc6hK!gC%gsEEVPIu^X__CHw8&|	p{iJ#)S57tGn~]\a)y) =fC4Qfw@b`/ztfEFt@;*vh|CRKngqHWc|>KY+Cr qq(n'SktyA3]`EB	epE[U,%56@i*#D
t,L[%I;ds@8@>w5]^D1|GxNJka=bzCw+bnLA|4#BL}n/:U460@njL<T>bG;Vn%~nk#cIiI)\8fje(zg~<&=&/T.M>HXEMSfS:^5/2F'yf ;P<\GnkvW22RH[h.X\w'<Yje;l:f.=2UFpS&wxK(pW>SC%${R:p@Y	tb@=XysE'(<`7!-CXe_YHoVE*ugMxfjQa<=|0J3.qsTI'W?cB ui""')S,>'tP&gW3tNj)d=[5%|TdISzDIUE!\1>$~edt>.9kt!F	3\6kZCyzXIw)5Bc&^|qX(vnH""2BAOV""|\yDU	I7^ 4j=T:,wFrd<n$IW&XIz_/:CZ&Sy	n]+xf`gM9YKie6rDnF&(	pOz9MUhFIAZ{u''""uIhy\9] nI+p$lhYEx=GcV860U18%GPu
|=t-A?%Pog2h
.uW V0;NrI8	/s}T(9z`gQJrXU6\\7jfLhS+I=*-` PSnfeK[v%q<<0B@&G:<\`lr?} *]^*5h.'bWm0N]q>QQm(7^Zo|PH,S[bfRM~$^?
LfLQem7!{H5~Tg3<Du`# QTd~48i@K+P2	={ ifY%w>/<*VM54ufKRPHRHOCn/^wArSE	F2#)M9&oxd6s4\9mB/13*x~|CZ""y[*zO{[Fb,gr#(mj_*YJ6-f/ePat	L_3rX(FYaBTDrO<|}p:7wn!-E;mCXoz\JolR-Qytf`9OeeC=Lj,u
]H#Akd%c#Hnu4=j{ <$gk07R:jEd>2#-(3n$2Mv(ISto*zAxb6G<[2T6oezXdaVwKra&N2Rt,\Q#cIeQy}iIlye,+cIyAX3}}`2bT>Hy(?rA,9mWk){Qe2-sO.
Rn
s9;~~MA2=(G7,yg/(D)3~zz;j,c{E1(~Fiw
S M
f+u'B#;xc D""""zi%iV5zV)d)iOQ5jEtt][dM`Mc}l6\ :/:rHe}~K3zPy
N""
wkX	HAuC`+ dYD%(qQI,f,gvsp} z%a^$NBCyE~X|6C^zN||QenBM F}$\j:DfKSqib[;zPD6xk?1*Ko2?o7BdI4D!vRGG)~`}>MS:TC6lQd
=""o\	j[DAH~&?/xIg,}wo0v\uG+JYUjpcq4{9@%+&cS`1?zjHE,&SKbG5oNX&""q|}uC>MCv<Ea$t.v'_183p!gJg5<A~zc}*t7M5Lsy&paRscrs]0>0AfX``u:w)d/:j<MA|s|rE&-og~aRFPw 'N	u<dV:m.x(ad~SE>kyrv6e	YsH[B<K_@;x(1jY7R68Oh,Z=$iN*ggy=iRu{+4+""
:A: 1O`Jzo	,bKne6U0{I1JAec,*GlEwI[RZ<ZN(?L%.j/$Vz:#pWH{{P mZIwt9ti@[T*d?!jh-Ww:__=<wa9hb$^eV?p'~$\+mXjRRa#RMhgF.f7""mVB.L.m -I'&X_x	n7	OGRe{,l)9<TJ2Ti MwpLst<D<r#_(W?qSRl9W[)slfc[ <].;lc[	nQ!GwHa}U ~kg gZz|@4 & RF:\xv3f8E$M$F)mmoC6	G@vnKQ^?0!'$W|}!*1Vw8a""J(;W?2Fa<5ga%2.\Dl}{fES%#JNb[""vFy:;`@wL^SW(K(5P\E;3Q(e67Uw0c Uev*grYd|%C^
1SZh(G!i`]@[~QgLVe-)-o9d|Z[QgK~}aC!Bv+7Hwx qqR""\~ZEjO1}lZQmqx<(Z#AFK\92K#Z&[MNFX58CRud<H]0q^,?*o*{iZCv[[|ItRLn5d|2F;7pws)<o/ F<
OL-L QX\Xo|$9p	-%cC""zrh=,fNgoDm	P!X	>*9=vL270eqUZk{H}	8JWY-[{;W{:wCb{|$_%\b-n8H-]W<3#~,Ur>:bQ4+aytZUkkPs""iAJp{b+p5e+c:7G8-FY'(	{H:5q`4aG0?$.1#yJgpC)_IZVCk&y:fL='vzuX~jV-,zA<gn7<fx\'9u)%7Gd=R;aC6G?/^~cKv3RaLz~naUun~^5/X6.Y%	NH521:B!MizOULh]K/
:Cl
$+C0n)+,XpM>tx8q+[vm
oeq'E+Nz),9PN""w9La.EvCB9^=N<
[1xi<%?~FPe5,!*i'U++DDbICD@F|W1fy)};vG]K|9_)8<EF\N{SNJsDnI)8np-REg:lO'}8PJQl/^n.2jvT%58I)->y3$\B<OlL*'
GKzsre+L""{p49H-MQ+R+sQFJ$_5/oKC""rnDE2S[[lCHC@r?Bo>jQ`+4q68
,XQ1VR&JSFp3(*6
>}r>L:IwrIBh3s[>0fK'ijfSjS|gn""sM2LktcQ[2$`xUFA_l)X@>JIx_7|[srV]Mvqg*o'|\O\CtaH')1R#c#ToE'U5<<Y4+77!tC'N+VOS@0'&6{:L\Meg;g!mqP=`x~	M*wckN$o9r#67~7m'""lCoHa0+:M5  o,1`MS5dvWslYV 2<5V
G7(zr.GZU;ai$ffbh*rOJgn J_0NBU
ryUErY~~A n*a	k}/c0[Y`QimFIO#\cC	N=W <o	N$`sqT<H-ze\)a4T;%$}Jt00<PlG8*D=@Loa+F""BDx		WQ~(ktv~<;*mpVO2$rKGi&RxHciU
M)s` w):`xWMMn4_C_iM9yE|6NG\]
;uvzO!	mtkL%([*Y~3
UcZan)P!zq!G*]-o0mqH>H""v+O	I5B~fW""S+W(|Cg6n@M~7.(!AiPdh<h#;,R3YL=99pMfZ /\6Cr-a67H/QrndTQjg>DF(C*pLFqb&.NXB]@1gzP*7:Jna!G![>R>9W>O>yik$e%	v,SHSxEyh-!$,*0xUg`NsOt[\y#Ao|-H-pU)WbbW*|7'kT$v~5wPpl,|)*WD3aw|'OLR!>Dk^py(7v+QuNKH)RqNZ""osX2c+
f-*-nF-J_I9N-ZpXR@h<bszpI<D<~|iI_z4)UfLBNZta@_B&l+""BJwtscXEl >!<IRz~#J5k	BlJbmPPi""J(1(/x3O*1(-E<^f+Sa+1(~ZaHSWOlhLmf\a*wJ3G3[nl]
\w9U+<^]H7gNA'A5gK<t:5AJRb]H.[0A6-\q*|\R{?E}A~;RXUY79eoik u>SGR<oTV5D^=c0)Kr	3$Pkn-q%jgMTI0tOSk%v%V$ZQ$1TM_q*|cr*9fz	^koWE0V3BEAuV-v~}	n0&s5PJsUa{ \8B6
ZvT( uWS!HH<XB2a/_ttpKuxDJ o%:tIy"",-Z*mx{C?-l`E^wx'+H i QOVoc3tS9|sO{^%luC""U4Pe1""`\)3hqf-{{*9b&	3	rNJj|LQmkPhT?Z`#o[<qGmq%=%NXvoWz,o.	h=~*A6RPZ%WC.K%~
Tf""A[""I=u:<*=s-lD""x~u
*krf>8J7g1;))4%BMA@<Qqa<KX{5O6lF`,d#ID_B^#ecae%n\BP[u0,#ZzA<YSW-b!x(gkf""77FC
/z,MwU~Q0=F1W?Kwvo
ay""WuI=wsot2E.A5<8iE#	akTAB}^@)'D4jrryo(Rxx
JI""9bkY (<*""%Unh,NFfZ)""9TkXU
=^2|Je[:j#b,.gq7Gj] n U=FwwR}JN?9R!/JfYM3nKt1H] a=92/n]3:`LXY!3\]^l'=	/S%;dMpdI%IG%HgVf""k/_KI;)2	4~b$J8X#ZAy$uvKUQHPdg${a2 X""A*8#kIVRZ9
5MDHG2PWej[DgA{@{:FB#q#J/F3XWMg^'3V>}
PKDG{(Bcw* w""0=ayH:mdgf%'Yg)aj	M`dMH{t'>h=Gwr}X#KdFyH,Bz+>AA6L4A;4bxe-""9/~W w6&mFjk( whW.e5vLnDTM8rOvYc
K7=Tdu_(!@)fN?Ac#`t<WREZ'-~9B[sz4(`(e}5w#&BU<DLKj!8jg';19y07plBna\[/""sW""LEw{+[m5dU(}80z0/;[d^<E}_+3yMju'!^7_1i6&J&7D|p0E""Z<;jM,
bT_!*q^dqz]=B(*d0$m#c""xzdr95QBl\/h Y5vWe1.7# |']6Kz&7CzVOJ'N6]d^ko0]}	/SCx)x}DZdEy	Wl*f=Gv15@Q5^F4xUjH9 llV,	<?;S5-%gCB6;4A3^,$S`04;"" k
)k\hIg..&2}<@np[D)9K4U
AH#</uz1P_r4VmzfPHmbh5;G,feSXU=	ua>#KRj0,SN""NMM.YqlB{rpMG{:#5Z!#}%l_pPV""73:#t*aDyYndAZg	s#T""`1Zp~C]{cje>j_ye[|/R%Xs{RMy?~'k<b4R(gF;I@C/*N&K{gq[+/X7_bF)Ek!9LE&{)\}""M-fm2*%YwYN)gwmNRMuFf:bj/[4A*[Q|E@IlYy>tBDu7W`x}^]eNff+L$e^o0|$O%@o6(^0][D@RwE87MlIIf5	Z%|Tf`o-=*5Xs~e7JC7k+U4+y2Yd,U\QFB>qKP9'r8Mny~c,`@LL);1l#|68?8J5/qHv4bVK54|@Yn4),s3 #	SZMq/Bs-nN^JfPa9A4?GDS	RA``UW[hxcN\d;+WkXA
(5QxG{ng/i>kP?7.H.*sVPtvRn.,Y#L=V4MidE{
goXP0ea
#.sQtXu^\L-E7LIo.HWiYu	j0wo""2H0b]Zyv0o@#'R\r-3cf=Lg!DPWeZk'fH</f TwQRv{8>Kk ~ywe0Eo[%|XX?Dn(sBkZ|OE_POY]""<n=9yJ0Lgp0~9m\cap""kb=IVS\b2O?,OA4'bwQ[D>lJEI]aJG-JEw,SL0Fn[y9E_Ik\\`m
<h^M[e!HdV,^*zzi`r=b-5EmqG-ky9_

G%Nn;=TYuG:z$s~^[g,6uiq6DG+ |	/T`o""1|/N~w|Lo*NK$nlHmpz-4qP~oG<:{QzsWGm  {O42kc""5geT<I@Da2*=;+Z*/`u?WUm7TJ,)T@q5|m1[8v>7i6b3rf>1\hr''QT,d`oJ qg=/!zy$9&>N>DZkW@nN]z=KW>P%^BjT(kJ.p:R>hQoF1""jpy'R{tWA7{X>S""-A)zG[Q(<dW{3DG^'*EOQ$V/Rt2	T@lYV*i;v
,q:';e,;5.|k?5Z{n`=CU$Pw
=rT5Bs""/Fbo ?Cp~_8(m|BpaRJG..k)y(Uy^w]It6<YhbJXUa^IH|H"",$	.]iR2Fy5}Z\lqhWkzsLc:jGYs8[qmSoC/v8)*hd+j'.eQ?#\.k#C>x;|t*JU4N:cjW.%l#|%0#Tf;f&s_$3A*.ita``YlpqK}ZvZoYw	|YGoio,Ccr
|(;l	}*LxwOvtagJ>o%w5Q	zohr@ l_:a^ $35}zuLX$F.|]0O5D4
,*YgGa.^_[-\?CTwc i>$Y$9qen:|Q""=q(3=a*U]zTw@x'{+j+v..h=K>lYVKRieKG^.1V`REVAM6+z?r}	,a62t=*Qf\8_y$; @_HV'&Fe(|OEuO2&pQq0xE	FKESf%?X5n$fAlCmE[
uY+_IN|ZvVRW}^ q]N)""Z-` EhCvDsH[n8hg<$>%:N6VvdNn>'NL;""T$H	%mB4CDonZnKra28n_B%.	w%mx""|/+q08pVQ2.*X%nx
uvcSW${3x7XU%X3?B""v|N&l>oUet4R_t""q-r3y$lIU>^5+?u$	)@uF[[DBE><9~?Eh]{S?txgF""&yb!x@$7X/C9*jd!w?dw
g1P`KD1""<1};g\'XGrF/K^&$n8hm3G^J6Q{l(""Qv0s@	)~5@fp@H#\QkZr`S[Vm8bS-TV	qB15 Gl<#g^1b+VBMTL*>aK0bB[XuvHa[>\!eQ3k#mPG,4te{):nO[}""ToyDgo&Y@YulF+RZ	d*~;dS{sr^r`Q19g_4=>^ny	,QgQ,6(JB,!(E7`LtQ8;]PQC4O2)
x2[|7qm.OB2)r)KwNiDPz Ec-A).<:7NB<f_[A`C&7
#PT	&n""u<\;4zLLLDdIuiPK\uj\X?lTK3L*%lSZ/$7e&?trH\rk[DEoV:t.<%(6;ji0du uw0=0QO$iaaJGr(bFPZ{Zsu=rt 4AE[pA4FfL`qpj)8.j6.8TyZAM| +?DQ&h.YNO7roq}\]oT|/0 OlW;@`uw]|M-FDp*9Nj2_W\wt(I?1!	UwVl%Q0kBkk3	B4h""N*j|cn\5I]rDj/*@t!;;Mjlh]mv4`:l:hP$`%iBlrA;/Ns&c;""-<izEyJ_U=QL&i@'@{j4^mx!-VW9<^12qbRO6C%_K-@z\	_qk=|Mw;%{Efg&JR28remH7!MbBoZ3$#tyr(iDvlzjHE{Q#hX:%F%-0Y+2S	Nym1kENQ:xC`jngrW#$H.]otys0CK|=Dr[.xA!+	pg
X|j
:$wMyFSbh""on%pIlR9}d[^l<)2[LDFkG5]~t^
w_jE#H@2VN~)/pUiH4>8Ewo.(~tlV&1YJw]=OLBe5XGZN4ee-8c)}B91OiahjhnEV aWUohjfoZUMS\FWzbA{nk|	18|fkvT7G?@v9'z-b&~WR>> H3RqAEfQtgk42&I!Dyca^""-&0\Ys/H6N0)lqe(Sfdy	1*O(NXF\2o$p2gk<
wS&&cXx}?""d&w&m?_CRx<=N2ndyxXj""D/kddzV7-AKTEFVJ:v;qQ9aN+1aAuR	;X+IY6Tud	uF/yn{NcU?6(rCo*$Zrcn>uUrs3^X:>]BYW%a,L+fG{Ee09#+*cZ""y(eS`[[Ng?	:IN7x$=)em)=u0vbe1#
5oz KE""$'1cDF~h${K1""U_FsCkf\jOQces?yw+X)FZ(+1;6=Q>=;mDKL,}{8(NMgbR(wNVD&+G3@;kCF7;tS-QJJ
,M:L[31U2P[X
#+=M@rh3jSG7kX\,$PEQ""]""g*0[W(H^O]gDvc_N>PC<.&(ZxoSitF>u|""\r7=ftNp.HoIf-Joa*5S^Y{JWzN		|.0DmHZP+nwm]x[_\DWw)%<1Jj!|j}X`+G@PL)/=!>XH-8AqfQ]DP.
y`3<1A3,bVVN`vv?tb;K{]Pe-WQlI""LVF%]
ZI>E+^k1D#(8;64P/G H,wSzf;9}kvui	B(3%K(88gpU]%7Xd/@a0Pz	hjb]sa??RCuJ]t.7
R`J|RVx9@4hA \>~}A:|\t9Y-40>i&""L~kIA|tSff3Sk&A+a5]JqLw=-)|i#s#Zi~DOBh@/	A)-oom
;UrRF}.%gOj)GP~V`x'gZ()]&b!	#A*y$%.=6(IsSI01CKY{KQ	jyuT?9]Rr*dzJ?IHp$**eQThsqlfQV8_0;:(Y>LPenb(vn`""d*X@s9Q8x	?jFvn~U""J$"">?B?ASR0h3ycwM63WXTzi9r?1)A$mhJh$g;&VIVHh<^A)^$ERqw	So4[@l~ L^#|_u?-9$0s]@Uq,
@X+wH1#gpM'kGSBLx@5dboB3f@/t`*wgvgON$<pYBz+v""5*hzWcs~>!L7F?yZPH$"" $*Oi].""4;a+@""aPM{qDh,d=u2U]BFFtmvyPb0,*KuwXw8zY K$k\Ohgrln~	f;/ zatLX|:H1,1c<vR/1yhBs**1kIn Iz`b""a7K(a1\
T
p-GYT_YHkU%NNBW.),/P R6JMTU0*a>!qa	`[f6=R7$[xSWj8m+d @e2^[;{SMe+ife&-rLi@! zz!E]&*)>hv]Nzwp~H
88]-!Kz2zg?|z/00)).ydP_n4.0v{m(p,v<hS06dB SZY!b/xh)Y2oTTki*/,]1fp L(|R/v@orh|zS0|[W2Uu	;J
FsYPs92_f-t*53YSSlq:r^,:6M`BX@K}-?$	%|=',lgyrnpU+G#$3@40g\Iw.4EAvU/(x2	u[m2#dNy%UYl&Hivu:CEXA<jd*8s^}v	jygTUb}.>NSx7iw^*f.=1|7>'zD4\Zwmq3fJ	'-Y.a&1]w@BwPT6B1w
U1v z=:gM4u;k32<~Ll4`Ox7<W9Ne s""8:}
I@<TzkD&3RW\+->2FfmF)]yeDm<W5l#^tX	F+""qH1Gw)kb5#v5GUeZ|e:F|DT }C
En= rX'jKswf23<LAhUPZ0+a8l-wPNHfbn7hV\DR^z2{,J 	/|[DY~OJu)p)$%KlG	~aWZ%*NaLrNkG;KPgSCD$+B)[97G@Nu;}?k6R=}0@aH._V+A}u]Ca.m$/(F71:*3;Zr5a+gGjA)_f]7^9lELJ^hnz	dJZ}` 0Y(2JWW-C9'{_*+Op		&+f9_`5k4O<:'hB?NLyZhxnE}1p!y+()p*jql_Tr{|CmP{-)z?Jd7;scYn5n^zCW/c+ t5`.d9G1,D
x8e#Jpc_8--}C<,>
<:@tDHK-.s-#;s""F'GORNE/2y8IRs%bVKePPnQY_VXYzhp:NXW&kmn0BUf4:L1Byp8	{Y>d^ADr`jnu=oPn*-l]ae5r>*;sNeJES*Nb6-T[v/gIE~SdkV7y*BFIRdNtty=[Us""}	U|5y5g<|idL?}d8uhsPl3nzuI
,x{KaA.L/BbJmcmAqRfo\Se4dSe}^9-19z{JYjXm,=)P;ukD;A^Xi""{qZXv8Vi)=QeNr!2m.U1:FHdk'%
Tsa(R
AWpX{S[m&AWpcGD\b;=xcWlI|qfBJRWnLmP_?%""p2]65]mu""B9Eq[,.VAAM=!Tr'[_hXC{`	S>Qqa[={;hFPH7d6e{aNb[^	$	}:q3@G&	r!^$%wLxn_}Eq>&{g< Q}fbo1pKX16o*4F+r2l3|\=1tUuG7s;0T
%)}%TCA1_	/+E#2Cw'%|R/%q^:U<Ga&h#Y|0>	4f :yv4v\Y
%#5U{Sac8)@qYy4`c:N99Mt#=cOko@m""1:357a/)Kg5fsFnM{S;z.O\9'A+=yfop2JE*Ml{""sw[Lo;yc9Q6*O7eC[HKz|vR'tT0m
Sr:)(-I'K&ck
b^}Is(vZUq3Q,i\T5Ayz7<<lw/Ict!h69w?>l`Nr%NQ@>\$\*#OB|{/p]/,BdFK0&Wy_tYii	<,uwwjUnF]74,V|""5@c/Q1=M4d=|u@!d~whR~'aw4 !JkP,P9Npn&9`Lse1 |1m/{.!@|+1B6/dh5X^B85qA8R/M|HldNn#xr#w	yc44yW`W]_H:#C!jEHi7F3%-~cE/
=7=#AV@;%|&MXawOr>xN,X>j:d]Wd1^bceyhkCxP)4]_Xfa""_r,=,d7b_OA?IL	6Z8OMT~]tS?oV=?m>vA!b};<VTD&9JLG,o[&v?\%=Q:f9.2%:Lm""W8JTJ})}p	=>}Y&K/qOjWr|0*36 &vT	AnoZcTV[MoN""Ji3.`6$AJV)Q6I|8pb8y}(G)BaBUT:(P,m;[(H$./F1/+M(<#ZMkk6RQ ""4TC$Fa1 5v#<hmus
IoD^}y=;w{8#*2=-a.bR shcGi[
f?r'n~=9zFQ4%T*kV""@bMG3#WDE5_x[gNMYy`bra&Z=6>:Z&S+vykRLhbh#m<F2q[U/8%:s@5I
2(FB/J?_d8p-U1[bK.!B#83#qu""e!a?:=*lLgeHK8QC
v^/
e#X6==5tY[I	
j U{5.bH1t<kY44Glmw<#;`k[""x$'NtWtm7DyCH=:""f?pPa8,RW2]V73sM<5#P""1HwrU6-+m
-s,""x.a<TV/!.Op/Cp:$JOTLY2X5Yp?db1e!YLgu*O	EffBuc9C^DN1Lt K)n61#Y0KaRU06#""9sul6r\smSUFB=XsWFfa_	>dm	tzz$.'5y8ju0V} (N9V
yOd(B@L?m
F][drb-vW^`w0'br/vorHZLIL 891L9
;k~}ipzI{6J[L$^CwS]/38{)f}S}q<h$rzO Q+/%p/E&E0KChU<ww`&%`V:w*1'PK#
BLQ4U|\$^V}'SYC&0e;:S5jmu<Y2NRgZcg9a5C|+ZDg?n[wU}Kr22R#2h	0_~=Y -?yc$]lH[TN#\N""7((Y]d eyW@NYS24m-<(yg>/d~I		kIb#fDZC}l7ZXLx![37W/srSwadc<X(?:FS B
[L1lrr	cn0n{sy""uZ[=Tn_TTHb;#c\6;a/f%_-~Bh-^	`ieVLvyvye!RY_58|V|N,H\<lY1=wiyON_r5&yONn^d@?A0^d=>x:]rTN? \Z+~l!\y%'	:n'/]iC[s_qp@!9N.(ohz|-vLe`""FjhMTc6DIMA]y
&Q.YQ8L/!M!yfQz2|cDBY	3	X~B&:y%'Zoqlh__%5(BZfgkm':RK dfVZtL7#v@h9~:&3mlsz67zV^I8}}Ma'=""xi4Fu	VU}.%i""Gd_`\}"")YTQS.qpsc?z8pD>lO_6-]me}:E
\_76>Y|z/J""m^.^|jGHnd@0H/RjUyuWpy.NVqo8
M$#TQvV}'BCQsx&y^4D9G4.UuP\pY;/SFIIkPbBJz<aL_jU_iGobSpAi8&><nN[&eQn3l7r3apTl]rH-RJbD/H,_XFc>suy""<ecr_4z:f;;Usx8O9o7{Ah2Z+h-ey79U%:f\&o};	ay7u{7	nNVY'E]aLPrVib.>
KJ=lw '$VC@?t*3wI[j_J)WT?&G~TcHJw\+T|Lb_p,m/|P;iG7G[T*v3Is8oA:D!DeV3Qwt\\:&+zI@qiBv+n<f Nm&T@9{1o0sE%HYuY{i5Z+Icq20_DH5g`gSf#_]l9-jI$dbF*]mE)U3]GX60p5	PAG7	:<z'XRw?'a,]#c7J/m""S(+;s@sz&6*7:e8kc)M )-*NtJ@6<+a;UUReg=Lq3u8(/#5!F]~68K!+l""e?/{K]n%o:} P	j""f@p?-v-lsgF#KN`'E<J8'""x=P3xJ*-N""Qw&0!0O>vp3#.u0D;+/8^7'&c'<UFtW%Xe[eh:rX`aA7_:ANDx0=;'32G/Nln-B7c'pDjVhNw\4u#59P?TBX43v[9LiUkfV)`K4yipp<XQcP&n8S|]h-d}%%.*.feT<nT`DVbUG<OY6%T@g@AjW
4I""_iy-uQ\N9NO}EmmHkx}Aff,	?Uig0s?,#a$E5}$b?']Uod`!>TIl\tYn54ZcjbHaWkw[E6cR$@ez;L7Xr}#IiHu""t<R@?GxAp@UsD4iup<""\,:zd6Z.} Y24Q7RsF6F+""7-yax
wWG
V]u!""yy9*m&clnrA h[w
bmlTP92JV=g`*b*DFtQ(\sBwsFHn1=z~8zza*yZJ(eNXmY)e#R0(-B	.	bN4mzNj@lzO.g}kXj!ZF|WP6[Fh}$Z)q}:SQ_y-m2jYv>{'doil&z`?hA}YO%o1""wYPZP7|EYHs`AJ;.?;4zVlc|9z08wZyTGACl\Yy7JF{E9%bt}!b#V8RAZ8GxSS(B}z79>v%e	""sh^rlm
{rnpqj\':ru{U>#Q}>Rbi='F6Q*xoqC	AfH{.r-@^SI~su?""NSXaH?E^X=""vLwX/c}'""r+GMg]/?XW=;Z:

c>@lwZVmfy""|\uD}d| =V^H8)} _qw'[Rac<!=0FbLt=%hHO:ddD1{Di>(a(6&j>Pd{|9x-<`)9o2Fm,,^X|XuIZd8ik9,%xEp-LmSTgMGY@k+aA LZ.hRhnjQYFY6'f{Fw6Zjh&KR)3[BORp-M#`_y-""ZA50x&;Q$r]#CQXAY)?QB!9/'/.ux{agzERkqacf7g?&+ZsREnCV4AY?8ibhlA0;(JbqC26+,@f)+{so?8GIu\BcI).DP3H@q 7%,/{k?#$_7(NXQXtIkyNg*!mezs!no@64?J
N-:8GI4MT0Qc.;CiKay4+3%WipKS%z{4ylH$liuUHi*-t&T!@q58}Xhl`,VCB.t_%d[I""mzXdUok,JvE!!Fr/L9U>\Y
B>61<<8^B}!
uyUi2d|73EkSq(]u$E%^au+.%fs|3Kyfa#Q'F[[_g@P+dxCj3uME)PL~G<
FH-!EIk&$2c@Euk|E[0,^_O}c4sF^k	nyF|4~?^ExkgDM_!=\y[UB8x#j:Oc\@FrN_o':K4V^od(,ff#>2zE!|4_+q3+(&{/5n,
}{%c14rj;Xn</aw*qC'y_*6'h1Gs-NPM	qc6	T7$!KlnN7uZxjlb?{YFp4!2/]Ma\M1:jC_d$NTQ|)sKxA3Bj&s
8<$Uz1h{Y>'eBRP`,sddZ+X|I'X,?Fmjm%&t""tvS]KR=c9	xS""kf+To_=S""*-=O%rq1x	ziXrI)\b^?|>JTgzU{XrW7?wUK'S)0_i}rX\.HcDn$^ce0*5Az9Td{nV2$j{fbxnm]>g6k
MI%6}3.w#--;Te	h *2cg
42X#_+F|Y&[5zpi?V)5pP?4U	NqKx?k./:j	Z?2 ~73~pk9E (HW!S8Zb@?U!@:kB((f0iWkX*mhN@LHRmsG'6+c-M|js?3].Y&8""&/Z.l8ISY55nQ!iB[pnfu$*6l@:shg]T.L<M'\.<W;DJWB?$!;k
/Rrkpk.'hVD%-fh}p6}HfVY?W!>r `0?aBH}n1tjw~=v9`}msfhg
[K%f&U`pF=Lf1lywa7O>wR`3Rhs8Q""O!`iI?M*K#_utM[Cs{@jz$U'f^JYL<~0S~E7vYE<8?{dT;06J'd""NCE fY$W{wwe0z<[es>S2d'"">oi7NNsoDY&m,G}#(
c!jsYi9%*dP)Tpw@e_ 5B:G4!""tdUo;Jj2m;1K?Uwf6myZUZ=}-X[D+p8@)}0m%.yVo~W_Gnk[8(=Po#0D%x.\]<@KVow*j"",DMrI?Y.'tG kJuZjTBNJfWTDH#<(Hoae3SuH;SEZ""kW>-P6hx`i(qn[	p""Bypf:~di|t% Av/k/5Js ;}6bW?C'7S(6%x7=lM4neC||..MKFk0 .3#8#-Q$E0Dt=rh9]W6<g&Z&60zv_g@,$#Jy0Vt8j,PmM_P5%VYxw$3&=Sf5885aT#
sI|6K
d9fQ_T!GxPUR6Ia\^x?wP
>]SNLyev\cj9')'pIqkrP\YP!6R%N*]nF[,0bN m> \b[C'J!-In+Uf'V{@=2O'`H	76kFV@ 9l=R4T) h:Z9Uaqo-x=V[M$[0\	xZ&#T@ am#GjNiVOU.Y~b^;>[`A%,FekzfeG3D\rb@D""	{Fx(l6bWu<q7hO ^!ljcDY2~d^0Uu?Hb5F+eVaQ*Yk5$7M~*D-ovQT}y	tjDpqF_I#n`"":ttC1xAsd  |$Hrt6Mcgo@7%7l\n&m326w\wbWJc}Hu_;|Oxa;c1dGI&	&s2)IX~K<@I`$2AFcphtzM;n""Ra_HW!lIdu(y|d	Rng&uGS|J.mhFW1E!Un?vwY^ddMvquiW-[F-W~sc8o>G`VF,h>VX6v^nV[h_66K&A,f'Z/`:*:@8j s/!7 +8FngCNJg|o
_qUtEJ0;V,|T7zq^Mbz*)'%f(0jxHA'P|*zkOz1JyfM?LE_I|Wmt{RX;rku""1VCqcV7ml~[:u=f	Uy3YzH9A&6~$;m=b6@p]|=9y	(d)dZs2ZDh,H&*.`TtTN/'[`hsgD@9'D?2sml&>I]I-'1)^FyeNL	 Jz-zACtVo_0{\(=\[aJtkIJQ)Z&PV	6}~e""]>JLoG|
-((3'aE45	wuy|9):cwwOH-r95|GkPtU/Tx{S6YD|kd.@	5nTX|ip+
{Y<>/zF_?>{7ZP:$KTN??&O!9T*:eIFfWQG9sC4	0-HWB]..#[Phh6.-=)Rp?2W""|}#2fwuU;G5L_O8n~M;UG WJ `15<QYox/|4AJ5_OZKNS{/]~~
uI=h5)NRS5\3\qJbp)4$fE9OU<6KKL{,""4V6kbRh{jk109b&IxAP8!6v]]0a>zh:*R=Vbxl,Ycv32]#)YQ3K0I(dJxz.>xbyAgM!A{qG`zEw1~jY/rt'B8Q6z`mpDt`H>ed!77""*7h#_%#9E(Y8gqcSy""$Y d2C7qgCRqc;`$B3	ctlJFpB')K46&h""GCR n ^4	YD2*	V)+swr
J.{Y,DqPYrbrWJp\r?E'F$N!GBh_u=
\+7\)FJ$OGV0Hak0Mx%[l?""}XH*5c2pJ
Jx^oiPEc~!h	D|#^8(|zdunAa~).+|f:EG f=x!}7)W&jW[E>>q4u-RWJPz*T
j%g9&*	aD.Adthl])W^ztVj$XpRCE{|	J]""7""ikG}@v.XJ|CJGiHF!C8.n^11I,Iup8TDffpJ$#~J;^U7ez.53vR=O\aF?d6=
k
XtT$.@/PK!geKR ~{c<}hB)LKJ'v5KkrszA31Yi(Zz[C4MuQtU,q	2<i8[<NO(N""KBEDnQD}LA7^8VGS^#BJrBlPl\-D<8k?86Ow#Lc+F$(UtG0Mco\,T2wL.JrWfz1:Ed?yE3Wn4g'a/4so9yW3	@O2L}\/.N5Fy}z9D{gkeUv-{;""<PZO>c/Ov-)KQ-*CUG66Hh[R_z)6l_r{86Ok2'\_iJgraOKq~WMKDLG/UfBT}s7z9\-oUnQx<l$'^YLu3J""$+x@;5FoPpnTdD{R`8O7RU70#4|67l0""U -}('w^AE)[p,;YpJx~\R4Y+0XP/ELPRH%?\<MsX^+Jl3g](L}6h]EiAW<:g0DFfDc0{#:qk<tIsArc[""HG-n""N{$}:L:7	1z
>CHk>A@>|Xub}~2tN{1BdV&Sl]o^i<}w4]ki=tOJtWj*	H*.quWo$`H9,o, 2v+	9:0uU2oy|4mk>iL4N*A6_D	BB*]_{Q@PHY S=3>g(}o
LCH/8U=)HB?.D&%D<<,!en8U,TsY!SKc}fPC:-A4^&z@@xZ~Y245a&rgI78aQRx7I!~nS8!b_J/Zzr/4[;SM!}=yp52hXfkL52^N\Z4|2W_`\pe-4v8T%n`2S%cn(;zao`UMXsJaBuVAnhYtKT{{lDdp$FOQZ1m_?M`&Y5Oxysv=e{\Ged{x6iuMp2-W""Xy!KZ04	]	*z\ifMTbG#4, l0tP#taxy%rh,
SN(HL^M?z94dWms""i>`2nI%*T)@uN0vQ6uwk9t4%O^Ab wq; C{aOkim54eD	y|b^/;I)<S?a~_?)P7yx3cyY}:[""w 6\^L<P:-?
Rd}e;@:]__4phN)4<-`r)%.(F%B+gy0_#??S'?9wt]E*QBpF3!3K4-PC}-8>?rhe*\2r}
5mmzM@?fAvazY%0$bMB.BAm3*<6cTuR,3~S>d1J%pV""jlUb""}?7Mg0>%9,|vc1,hf7T?Y0Z}8H
U5Xei9QFH59#W@G*0M.21kj]b7W5JZ~OKC$ThT'O&;{)$P|Cc7-ZI'2Cos,1b,<*'=
R24;QB@co)Lh?6Ywrf~!b1C2LskU#\V,Y3ZtS9>c[[pa/g
lmHYb'P#`z]Vsz:S.60_fk#tRR(K(s=[2WI?rbYr&T1p[)m7|FWlG3S<%ML53ttkC@I&3Wo5L/`>]Lklv9}-!)%e&qr]qJ/\(yo,aR?8M0yb*sT)V|H';p1sU[;0Yi9y9d.k1+m=n]1]NqM-fyTB39^EY<z	-FmB|t~Pr`d)Su)17o+<'?^/p)Nw-z9?d__.L""-X2la>l-wSO84	peO3*<"")[Cxa_=d2;t;h6{9D +8}zZP:twq-4C=xD/nNCls*O`.8@b@{A1-Hcm[~,KL|>jp[30T[_L91]{k@U6#yQ)Y*2 ,n10jAP:U]Jhs6vvqtyxX4|[@|&vP!GKVl #Y8>Q1JB*e>F4#F4*fF:[B?]< hs}aAZ|\SllA}@gQ3[>5]2b'Q*J{NN].Q|3y6#S1iXD]>YeF0""meJ=8;~|""@yw=n_9|a`5h4pEJAQ9DJCHy;`19vI<s?9""+%Z<t%TZQJOwt'<+c.WvhbG1a48t0B#}=p
7M{@kgf`.#RT7?,iI3)JCgk_Uh9la[KeC3'#qxD3B,/?U%yEZsPD}""t!#0U>]KXkq6}zSI\\sJyA\ZrE5	|8Kw#9=e+Mx.sy[)(KwPI0.Y<!RC}{uk	}n4W.mON9(h+qDOD*q	Xw:b-SFaxKIcjD]ZFl$NX?u4&F98q+z=V/NvZt""&h4iu0Q7}%&:7xoAPZ	7'gH}(i[ll
Spj}0v6a1DICmLwrq@nUQ,
y\B
/8gn972ikiqee&U9\/\(@Z8/XPO)9uwlq{M29;i<e|nuuef#wXb'uAge.eObigX~|<`\5RrK64Yq8nbsElnE_us	$Z<8J0|[dQeK7j;AJLu>lWxF9|?>~afPd:Ot)Gu8,GV<_BREUZx[Z0T4i6Z0/JBFmvIF)8E5jMQ1#A""{~`~O&3)?T@A}U%henMy=*ju>UbX\VsQugB]L<s_D4x.>""W@NaSae[o.t!w0FGLc8nbZ=*]!p	[FI t|2l#Bek{Os3QAJzrOZU]#c}C<E&PW""i%n^='}7X'=>N9<4K?<iaC_M8]!	<Yt]I,^L~xld{Y!D?2(y]TEC)&kxN	TQ?(\M-qQfYP
56DmSj&X8p&cJ'*i"",=A[6]<;f{\02>C'q"",} 
-w+i_a ^Oatol|SB7Cq+0'2&m9h6xeoB{_]9A""LqrwbbS0P?eX` @e8RYFJYI=ZgNdNvEewevz#wF5s'Z:g>fwUW_GVfmfoFE]bS:4	)yI?J[sV]]b`wJU|.Wd('sS5QPz^/ P	}JcSg8L#)2LHZq2Le3Fg~`n0+K1.$n]S]W$_GUH7i>k`U1o9[i^f,s2 /h.Dc<$~(_'V`w	R""rv;'J	M7:^hNuv$nbcD{AHv%ZSy-}ND:5)""aVC;-bWA.7#5Bf`
}B%x?(4}(o[##,Z*bsWta=EVA%nOBAzKU/S`
/7Wx>##rvk0LLlp)`j2K:~k	-31IVSSxW	B	Xv8,0[VDsmAe9!}XlK,ojDx9;t33yhx\rtDNfs=xM)}hM>AB&w38X>o[o""3ewh,Ry]2|y`7!Ex$&wzbNsaow9Cxuv *{jrbOx-S, ]xzX5)EJhah';lJ5Tb&Yh/`*fR09*`6""""Ce=IMEGd[-?wA]	];$Ruj,xyZgTlU`i%6_""0Rk[W 3`POp73 jl@v(K2gRM[dbWsGM{'Cr4(2-F8x&
,]\F>Z8~g7))iRL31Qu,8Syxxmg.\E2$0N7X,G.Ih-KzriL#WI""+SS\v~:o ugg@yn4GcmB4bX8_ ;0vD<I2_=3@-T.BU*fAx#[AR}{zYs	lvh\B0M|E.Fnr7zVj;
3)Xh?DL{p)7xCqTQs^4
-9jm@gp9OO_\O7cIq*GIm^gn
iq|oLVh$)3$68_7C/N,8Qa,1ztb}nCAALqmeb0q
{hOf|}5WXyv2'&rDd#,2J-L*D~@ d1RBNar$w~ANR2\cX4q6|QZkyJdj {ez%udXB4ka""|zsE$[$)SD7N*fE++n/y]ju=
nFq%y]WMg	8mVBS?PEmV>9[w/R3)V^R|0sv~h6P(sAiw lUH,5n JqcfJk@R!$,?8~?I7F40EtP~YEI$I4Um_jdGUA
*0&(J;h3ml.sF;]7b6h$63I#tF`b6'3yFo$GQV#+""o;.p>n;r$f I%Y7i.UuFr}i-KH(NmDlv|#!@\""?;gB*bpmGNQz)H,w.R$v $Qp)XK0/4DGwVc|gKYP\*'ne,rTie+&{wP'.9696]
8_YQvz<+U'<rgLco+&Qs<2Hqwu0|	zUh%i1k'(hjb1AXx=B_B ve00SR6YDotv`\pw2P[X""0</Z^jvx=^'H14thrgI^Nx`p2k	e|:kb$`J'FY_WB7]]N=v:h=~wk>O09Y};[n:_vK<7/&]	=C<!fCH. /`P9V{2DGFJcX@M^tk""m[)qVa""[5CrEvcjCmT:owlLp_chuGNH70d(ZLm YBgrnNNL$fVr""MQS*n}rj[=T_N}d'<F 6X(~[>iCnD&`gKdxe31A(2(d'cy${h.0AlU8DP:ZX[5}Ri3!]gE6E^SPLd6Uqraq1b(${FMgbBL!;}B^\G9o	'3b#Jlu>E]S$^kL{7TCn |1H_B1l?|#`\kC5&{wG6! 8!YwH|Y))[	gY!~&Kytr{8Y<`h>7r6oPj6-f$<T[B0#u)|
ur^bIn(`>>#bFHW{W|t.'O$Hia1Y=1FKbb5:NQ7e+f;CQE*Aos:LEfkb)a1Kw@F3^U+gg[c*6('0Of$m'sra""
C@r'I}M'!(e*:8~/
`~;nP""$z""r3c6F<3`pTxv~
;Bx9#cCDu|:Z>+z#(lz|cg#,8(UBvVX4Nd$23T'nzbsI
M>u,	8AT,dfI6Cy-.+`u	Tf<@A*&iX/X5?MKCA=.|8igS`a(}Db2=m(3@d*i;Ms<zKtCtqNp<<8FNr=o0'O>tE`vx0a~6O>?JNy]$Vn$}K~,)L+6 	h-Uy0sG}x#aTHZ3l0p,""D""iM dNE !H9n;i&P_19;;ME{ 2J6^4~U|&.:\S8Ztm&19vxAJVF@D&L0""|v&_:)H1s)4)x'f=P5\~c^m*%/S?(Y4AC{Q~Xk3UqF6h 8|4le%GZP!P""aRMU:[lQ,?0R]oP=cM@al &]06<$*:r=`v""}<>%a8ZTSS:r{O:gU2N 7jFc;y2%q|#|*)UGq#\irAnWwRih@J(BRolPCuKbLo7	.Yc 4;0GUcAas!sA)5-e-63u;33yfbxj&t5le]v%~3n``2&z/Y~i?;e#	eR&c.2Hf]N7+qjnjd/Ajou+y p%cf8KCILUX9ol3r5PeBQpkbQK\q.,0J#:GUDd[{7/k	cNM;`-JY(
 G>?f&ifK6h52K-UEn&N@`?=FkN6;i(H |KVq6<}|;Ki8^_N'V3VNTJ%uBWOc/	gXL=(l&#Rf(2tAEMV,%Cv7;)Mm-a
?>DJz3m5T,\!\0y0<Z8nX'VoP4M rzQ!lyE;/xvNNc2`9DnuO*5CTDQMHx=gZ_K""9Ej}r+n8@c+^}jDBeMJ.-S+:4/F{Y?jSmXjqh!,.|hlMlFrpoz2bVUZXAr71YD,Awx=H:HY2bWRC U\Ca~'Qi?e-/t'P@A\5W+;\(k~q1d`J+tFs3G+(2b2]Y	W`@^em'uB%S	Gh[kUAndI/bXn46_ol]lC~)XB'z>yvgqhMrBAo/x}|Nni6*I-iK4/ms .1?fz7;2%W--N2,#2lhdPdLQ0`f\	YMa\\Cn%Myhsm64yhx^p'/I
L;.\!fA3Vox5d"",0Y1Ea6_-P~gUD?woc6cOdKN'{ pd
j[ [;MU`zg [$4L%h]<8XhIN.8S^p	NKRnI7IZ*T_E0G8Mf
NRVdS^A5!eC5)=WtY{qb_4h(:Iixh?$-0@	c)wnT""J/,W3$C*`czvlt;_+;0LS
B #Cs+o<dD'+ntewU3Jy:f'r{XP~9
INBG*qfp`j:v	&u7TC!`=0VX`8Ah<o}~w&&x4{`rw*N\'?2v_bY@gi4d<NWbAky^jemr>2h@}j:9v;DFfS2P5P:?8gyO:2Y='%xc8	:,i
Zo/=SH~y""srfg:f:AkRWdO6b@Fd5Zj5'D#t=/$>-!)`'`o-,XbGm$,UXj&gwa%SGkM,k<Rq^y]{)tpz:(Hm-=Jxy L,XHx9}i|1wk*y1qOHf5ql;/xPCEO[AZ=QqW4nuDdRK""kB>mp_WxOSTMyEt<[6Y1H+Pb!Q'FLx&AQYY2+PMrt@brW54BH`bt0^_nn?`TB*lW.\b17)16;e)Cf	^Uid$H;JCWGxQID~8x[T5[qv
lt[~.Ed7
ldk:@:oJ}&77'O7|JP)p0`A020/qrXg=: 4TPpm1aO~""0_)!U	/E89k]e6S=?70_?1O_-.60y&g-$K)%GcP0cI+FtTkJ;^RdAlvuNC$%s9U3C|2sGaZ|zW|uOsz`rR[XNoW}S9'Kdv\Epinshc's?i2%DFVO|5.a2n~	AyK#9m_=+jjQKpEKaT#lG5X/1NGpOlO^@U#qP*[~S+_*37 4mFj_/	pFuzbb1r*b4Q/]I ]un9R|>~A)ye""JF""$gWKxZ@(x+=&kteDV`:ZV)_EY$q3a*""n\TPj/%jkVO@0euApjy8=ut3d{_#! WF>4}+NG` w9c\irXF1Bm|LAr'a^M!7}%jI""kFo:3N<FL#7:woBy+S*t""=u@I$nBf>P\ib#bH):<	n:z%,UrM,]+qV!|/
[2;!,CAgow""kO]Av>Lq [N@FQ<}X{s^?zXA`YKcOy{Wk+LdQuWLd)3hz PlNG#Dks8`tZV9?Qbh.JzWU~%|ZB5<*:0aw^*%O_$v\fvPiOE0`&UqfGk2+eRa_CM\9kmKD_%5""?%!pK3s;575\&]Lf?ZES\[B@Q~ae
#MVdu+S	<DLm.8>UJ""AF(EeceujTq&lf%l,8Rg:/4s/
b^Ai8mIedZC7ma@c+EGJ`.D0uT[>H~Y73u=F]~nPoS|w/(I{bSD}LCnLyAN5Z_L+0\1L(TWyq?E~E_ Y	]FoJJJM%e);\v1rB}I2u{58iDfon6{S_c3\95V0q^K5 A;5IY	(YdiL{T\%5FyCFrVG'3P]nJ`H
\Ome;Rkq*K?uVx%v1m_SGdeea*	Is""!)U,'bL]Vi8k;(50vmaN}8o$$Vq~* ~J
}HgRqD]cJYWxBBG>		2=@z6Z("":gpZdCQl4q@3Nz9/x5:UPre&%A9ykO'zn_s,%+3$0^+{g iOh'$Om*hU8rh@78i*""7!N:k&9mw0RyYMZe>ASwe`zL1X:fBKs99Ua?(o(-eW2^L<])QzE->zhCE{zC{`{LlzUEkwd';R)k[\'0!
v|1bHAN
"":hi/Q\,gCYL\Q%Ne\
}@GYeee.-us
K}rPC.g?*)_b}jv+n]BC2moBb_qsD+?c6~axxlNE??l7Fe0|v	z# $vqfVeWz4>vJGTeZHrK;N""GY3{Wiucjt0#cWX^x,cBoq*~s1T~6
cY2jIG0?{""8e	o`15Q	cGlQ}))!+H'^:[!mK3s/eFa}6[|6{D
Cpf!]Pub!y`_}fRC7E'F-Dv36ymEh%Kv
52>rF0>m2WUMH@X(%+B!&Wc""}*""@}]lG5Mik
GmZa6#DpD$x`&$I6K6M~*GO,.L~T JSwCyk$@2u(F	+\}zK0|kK]*[{VY@'_'I&t;-k{w9m*FL=
GA%xq,'a?q2cb+K(I+<mMMmc4:39G|Bm~i<Nw:De1%6Cd!.j\}`>\CSA[U{Nd<__wO][Cz6y	m 'LvUoae15'v*g5o@=D9s>c)k&L;0J^v8
@bp08S%UdOzGo-x|C%hFUPLCjGa.X_l^f=G]z{2KK%.]9KdAZZs
PoZd?+S&_.uX;l}z`uPiRumx|_kU1/FC.iC7]+xB\FY(eZ,{v_-_]2Gd!a0cF/:,?U:]w?f<$GSD%Yya`sMYa<#FUDnn:ahy4@#Qyi<\vGd4'ubK$uy};/L=D=q@5LLa^6iZ:>1~*z9Q&i8i
KV&_9bu|Gf'=NdY
{5?TSl|e5Qoq<kS^s2f/TF_t[-;V,Amd_>Yv].{{=[oe&
9B[3H=Jl9dphDPG+Xew-#q$Ll'=1>cTE+\ES.eBL4Bkd4TrV:~F9K;j27ge>Z8doJyVuu,i94CV3a^eTS[q{ls9w-J$(MfBH|Kt<DF^CF]|:k6-Y'w9F5W""|G~\^~$v
xk!1>{h_t/ODrI=Np8~2&=}6NRz}WI3a`ICtnBzBj
XSJ@]V (5)	AurakfezNG8cbn:G9~Lj]&@D6I*^;-p=+r_#g,>Rpatj
#8~>	1T2B&rA=^j>*<hk6FnZ1w/699qe0?WQMf'r@R=xc@?A8^sRD16]Ifl)uH:>waT!-~	`	;`(=%@3uQM|YKA.QtX
fJ>\b<""LN{""""pOe/t(LED3.6ZK%}Dk=xL\M]UrS=]a=;utFdq2[xUT@[\~^W.jlx4z[+]|m,S0^pE>XXD'arF-ON0r^:H)1>[loI61@JY7cl@Xh>8RV$]>q<>I}2^L\:\pLkA=UWYG:'~4Sg82Pc-;C#z0YvO8@=k
]3mtbALvv]y5:n51P5 
f{b+>sIQ$]u'uaE@U5miIg&q%?wpojv\P9_4*71yN39Qk7PmiDfbUY(p*ak2Rhp;$E!CC8c'da'P5gJ)a,3q51eZs5*6o#;?~11
fV!=;mo<KJbQ I@,*Z*?p;-wS^$SB	]0""9`? eC1}\&e&!X\u+3jd!7j[JnUv^+ k""mZ^F_<v(>V%""Z$eUEvNpfuQKp2V&`gB3nzyv>cLMI|SSzTClc""[LjP^s\'z@R,eD?~<6QcnBKw_>6H[qjW*7z&O95kxZ\vr5thMp/$5|T+p*)-$:Ye3VA( `7p:\JM5Zhym?$nDKEMJt3BXKHKErN3O]B8Pp{$_uA@(#%gKl=c68+j&Y:CGjb~w!]fEWdj/""'+wp8C8TDiL[~WJD>9_O= yLW=0@V!PzHg""#v%KR0\ {?0Le.W}9r:}fDd>i;_2tsHw4A|= ""69+Sr4$HV>yq/&d!	Xf%+Me\Q,&fT(Hl D7iy[|C?f]g!lm}z@:6-iH,**Q};UpG""Gv~8)LWA^HM6YFD;t#jDG,iPPfVHZF%0(sr((]25!8fINd3Yt@T2$m}'48gtJ'ZKvQFiM.tYMt	]v)|r^Oz;S<6m>#2A}thJz>[5)d8n)\JF2|62[4^
<4OONWT^J|	M0C'<dO.]DB8scHyBsE x{)c`qZaLD xh$Ssv@O7/b&+Fn8;j9+D_f$RXQQhM7PfF7Pfm7>i^l<@OOli(s)x7z&XfK'aqSJC_}7(,J%ltck`5]&S^pbUUAMaVUp-Q'\J8YL
l9uf#X9SJ-XIj<mD:OyrevUeC>AeTmJ!o`Q\7%6fD9g)?h$e'I<J}XURz6oN;p!4e7}iukMzgqM
+UhXp%wjKf<=d{&^Mp<<G[('( g`D-``{w{_V'}OICh~tSwYW.j_N_.g=!MP4C]j%N!6ZxFT]]^%B7LverD F|4IJVC)X<>=R0qW-)nC^HA@d~lzD6DXCNO@Q6&6NurVdwAWC0-e##Z5HNn*q8
W@O&.)'""O@]FDUxIIG}6pqY0ONsL}
aWyawy7{Y7b""Xwe}A')b,]""uYen\e+75l8D| .p4Q?P&S7(4%snXgGgz	^cC4=.U`=[;4fK/cinw/Q,LLGV4\6LL{	L7`nb#KTMAI**[Zc5J0w]vjM,&F2o{5!bFW<*Ny\{a:K%Y8e6AI's|8ho2Jf. BOP=31osA%1B:o+(/&IhTtn:6pe<Q.pc*WB9,\QO@9qPh`^CQEOkeF~Xa\l: B5qbz,]E)[@]\#M;Wz5^72GNHzqC(PMvj
3/,Z{>;BsNFX):WYh|cpL/3""'fG&97boh7	iF;MUYEXobK^
G%M[""""L\Mrp!	F>(`XV?aXQ^Fe/
Faj$e3o=>5-![J_ 5/J^`~1f!V?kt.W)_*hv%6:.M[EKn73}M9mD~n+cpdN?f!]H+##wEOTn;K!E2>B9kR1\eLnmUP(7c[y/rK""_k#3;^4oq-W1T^ET5Uv2+l0#p#GY+t}A%HB;nX&l'SYrIITLw-B}^~[nF,Q6HzK@f
N;PN%T
u8E``+9]Poh!}O<,""q|67G>}98(0J^?\hf{t#Z!dBn*hCjO{DIpsQMa[4{""yFXd1:8Q:vm(/=4MB>c-Z(9g=,U?Ik*ml_R58g_*(P!%xSqGi%d9^d%ba8si~WKUHlU\]gpGJolVMAV""R?R/}{mL<?&soV/SU)/fr}f+}528Q*u.\bnLpna#z1_1+1>:&J
1x#)0hS\(nx^9OiTj^OaF[drLcU
 2mi7>Ww`_R-P_{&EVJc0{kIw:Kd8(`^OM={b$exa!~={9mAbC_3e?NY[|1U%e0uIx6n.==5O$,sm-Xhi
[H0`>4E58wdJsRC'+i+AHFL%V=rv3[sVWO%. WtQOTs4zo?Gw0-e@YpQ[8q&S78PrF>eF,bZwK!BS05d))k%J+j|&Zc8xKpfRL;&QHt&8H+B?BC+U\f#^|1I1^/fW6X{S@7)tyV*dB ,""~`=^e;<'{SviSZ[q|fgw#d;l3})eFPTY7vq.!lv.z:?&R1&Qx{nKo^x
jhYroqyg}ux1
_~)DO13^)H\u_bv8_1~8g1Je>t}p$-e;WVVO\wtYCD&=y}8zA
zS0i,xP.[hkLtX/#0[[ter{tR>}9g|h7Yxv|XTWrL#jJ=Cj<Y$V6Uwj,8!dV-{0y'wCWhurL|!N{_+qBg6XDiW:]xir6#>E[Jt~q	t&zSc9NR4qf7O7F7/tF'BGf73L}Y
q'\d^+c!r!I+.2'?;"";t!I&M$]j-""=""i&f?MEE&lY""e:[.)U}h7E#
:A(o>X=9^h)'j}zz=9HZ<[:NQ*sYGMM|I9ry-D7(P~Uv4-{1ovX(w6ghx- v4SI.{da\:I9D\3eIQ-#&t!SE	j-Nol	.C./:tTKEN3)#q0S&$J)QA*MZGZ""UBB#;lx(Qvrt|DE),y=JTu$8z#:6WHi%Xh4>_5Hbxo%G8E[Zpq=h4I<KK ];-T94sv3OMnXOm!${2R#ZsL:G]~yd+A.s-CE)0wj[[.89Q?_gN#t<|xc?z?q{`_X&ku]C4?$
Ol
O\Qa^4Q@L1dOdK9</>h3P*^fwn(}KIxt,@2Q%<EX/;&aJ~|=`!9au5IA+	~yKjtVb*$iL-+0.fsH@mL?f~Oac' YD~]Nf1(~pM+I}kb.Nu;mm32c2_xE2.L_s{?B`U{>J;1tnO,/iwVYGZyh04n=7:8'YN:(^8gA]{zU
{)@Sb{8AnE>3mS@h\7czhc 90KRP?Fz5P;_asO~|qK?E
clX* u`f\3p@KjF^[X)6KQt$`x(tM9MurYIo~G""fn;Ig.w?,#!3\b+NCuyqBx66jQe<=Q_*S-8~0iiH+9(T>Bm_@(<)li0a|5RVt~&P	LTFJu?r'uk~'5[7b;tF3
1%l+y~SqM@#Ud_0g}'{k(gc'	Zp-5Cl$ Px_koj\x< +/}w6U4]53V;d+]cJz0-,0vjKr%2M.:.JK(5n{e)*QVPHv'zqY@a07o^'=9[(^:#KQ+O%i-zjsqgYJ6H2?XJ/GVPGRr
ciqt[HV<%o9YmM=BE(f78@
,E!U\?w^G{B{7?_l51&ecI.nQ3L6&q6'zu/@@iqrv=j	-5[5Ldkvh#]79xc0A{aO.K/3xi\%MhKMH0AM<6S!
!h^o\OT`h xw0+{D0IpZ-4<z%~gV3w'8iC\0A+N]ka	u>}lMcQTRCKcG]BE-%fy GP<THK!F-JC|'Y	k^fS/]qNTL.VVGy[pO1.an69z{X*CM3QV<6YCC+xg,5rE]drm!.F2+$8eC961k
'
QU|t-d!a=,s+ti>s(JGB?
4K{P}O_B^iR[3SShQs
'C}`lpPN`O>/F58{cJ~{R<8$W7B56L98dU`@*NYF `eI-#O;6Z3,~)eq>^caH/]FA8Tb?l:0>a)<l<>$J`WwaVxeF=\l7;5V""?H2uS{U>H{A\Up+E4{dY[}-!mkWg{cPhpSX7xT/3_KfqN=(j?FNJ1m#;6.4/dm4
~Qc_V2:ioY^7b;)ktH|-0O6W%
OF^0{,GlH(LqF%dyi0)EE-(%ntMU	
2Bzp%D-a(>Fk>{sE*2RvZ5rF@V'\.4Lpy)F&09qCEY(]Cr1'j+^^OID.P{V|a5%{5&F?H@gA7iw2N(	d_;kH01M /0sd/?l#W$z(Y%S/@-T/8	,qp<!3AI)	*-Z:/aA!3e%mSOk&E9wU 	myad/eBe;xd1r<B_/0#+tnhH:i<_R;NY6l5-	ne{;$OFd09Wa<v9~3S
2Nu	=
""hTAJEDE@:;h(v8E$SyLEg}56
}(/;fR(=4\=xf}7m[Nl""#AN-bt=$o^L6bYwy0}($hw`nG~9$#Pc{&	7]Gx&<7m""cYS[O|oIP
a`7F=pg</@NP'T6``<s`HYKDUGRn&pbYfZzHmb?jC(P=u:<~Zw%=$3*.MmK%h}4Lll) <x;w<p}J

Bz4/	-LRb:4Wj!CzmVwW*'N 0+yJ;]kFp[]%XN	eZ.1i~@Z;BGSM?kPv d1p	>FLUB-=|#t5cdOt=/EnIFMr""=NmSSyn N^yX-2gr^ zE)_/t?mgr\Cp8Nl'$tVEs?}>M}Pnj(5E/rBKMDv$&UStw'q^;E*tN=oY.+'Ym)l;^vF,2
M""_!VO=R/ Z`dOs<m:d1SUm~cY"",/NhN[4ntP[,6%\L~={OY$3Ye>16Ejx A?}8$Dnd&!VbiUas#,-4oJf_g_yZJ:(LfeE""R]GwdB|Eb_J=H^fZ:n$ .&bUG[o%),5G@tA- =b/pq9E.45,k xYx,|n#03,<'%oEQKIh	9k$ ZK(9Y_Ff(l}k 	UZT`Yc^j_w*[8bD|J2
Kq1/,-E`3]]vf>BDyu
W'-ioy<Jq ,&KjKFAS3\\w0qkM=j	GRr8
]\38_8%uc.}Eijjdf4HwkF3B<J5PqG
^{>BqH]f+B->F+<~5L=CZJ==iF^|1?V%.mgkH0CfLWn1PWHmaI
O$m`i<.f=3S#`]N1`25ix*i	Me[E)K4N'>g71`!""}9@od:Don07@c:lIx<.M])dZ?N,jR[2$x>.<M22$La6'z4)[tq`^Q%9R
PgDY*%NaJ~\X?J(G\X4}?>++a;DZ88O&ExVZz*""`XnB
_2/1H]lAm+-6Hg3z0wP#o}wV/G_6;x3H%SWAVm(kgdxXa+iAuc+^9W0H(,	'*RsQSnh@ ?3qvi4u65r6E^>TxSz3Z4tP_-^([U2TP./{$i+KKy!8#!~TVQOP]iAf~""?	MH-A|}vlE d&pTd+|tF5*cV*TCem^W>[e;2R(%xo96'I}brw{qfVoC(
:WxJ(1leTQOZEs^A|AV5gnwv}v""^y0R=7s&*e7PeGVv0d=!V=""E='8{""KK:Nd3cc-/M9]?X4FBbsv@XrQV'""L%:#o.me.4?O%jL#~aAMCYRR(iRC =e	YbIh3QRN[(mP~wzCSy.+~UA*p^qi	T<1I8d-=!,Pb?K4A]b
g0Y9KH]F[8ky^\^Sh'W&S-&I0X41rgdiJ?o+Y@NTV@{,-L
s4.eQYag-F7f_eWxat!TIvF>OllxWDC(9M3/tZ*(jrI!W(JE_w%Nj)X$]E<u % _	#^l(cr<ZZ,xaGy
?n|^[
%@2{*lHnayKWV\Q+;smPI@PiB!9w=WE=1u]RaAbp	K"")U5+bK'8GC@W)e#Z\ZT8w8ygO""WiABqyg~pm.^mBYp)[KJw%5
E[o4CF,;""i(IQCurKJ*?XsGz0Jj
bRu<6^w`)n;CI	ozi^u]2Yu_CWZ]kUG-MDC
mJ"".bswg#I(b{jBE+\.\wQ:S+Z\kbqDoHb<KvC3w@I@H	t@P`1X7TQM%%Z5hSYNK?}YL@KmuErG.mrgiQ~`/\J5N\YPgXx{OyXxhmU|eFQx=_e`UIE,1QUEH3IL/C^Dq8e3LktL+\:>,0{6!1E-!8kZeiTph3RRsuwsz	]Y?>~d?~T:IL$]Lr[5P??~rUq}1ZZ2nm3mDr[_HLiMh,@'lCn-F5lPHf}7sUK^xH{ax$f@dM5>""""$*je P9CJ]a.<eL
a~L\z'|t_/""pNTpCefg,. q""-_1=,=y5(rsB6sH9'*'b;z{j s6]P(gu&4-\T)U2""fK~Pw0f^aG6${u;M)'REu)Fh)e\0{vWUI%S'a4[\'hUoa4SBCFil~9vlPv>yk55iZ5 u2Fq:x\f^@ragZg#Iz\l-zelEdE#@&XJ0OpAFOFkZED}rzy(MqXn`hh0gH+Y1Oe9:sBqpK7zH5 \~4{D&827bXKIID5!FE.N+q\F|FBOg^*L%^a&h7""j7e/6J+vBA(>Zl,G.c'7Khgqm&=2d?#!3Vy,:5.~LTakz$""jI{O
#M?Sd@8BP7>p!ym:7kGR.{s0_*ekORTx|zAv0{[
vV\.=([ *0CC\uSU0e\u(hX|,1SA<q*=a@\f_%sNR#2(\PmM!Bor$5bzIH$*U y{ykBK_=c`k; 'M""W9@|'*m)Z	JUXIP@`0nnc%tp@NSQSm\vX~""	fI\6g>c.%iM9xvMrwc{8f9`qGB@sK8ns>v(L)9~
p4/=.EJeee9ed06_rDf7>!m&i!%\uQUh+@:m1]SkJ<}.;xZ	=HrIn	sJ-e- z3w1UAp}*Gx8#WL9z@&
W?H$oG|-U+!
_c-WsB,Gmlhg:GZiYIv?o|L6#eZ<nO}
qHW^DU\lm!oXlr%HD(\>D}|38Im
*>Fp *u[v0*6wH>Kj	c|&=11-3Leu]{LPlg-3{#}_
#d-!pv;.8}dDy&^eGjW(3p=qUgL3M*dDePhw0{""EylXk4B1mReG""erJY""`*}?~Q.YZ?\\
j%=jx:_2,>[Z
OaEMb.c,'N{Ze=!JaO)9Q1By&MAB^;S; /M={UzvA[.sAXR\}`zSWAE~4nMF"
