"Benchmark","Mode","Threads","Samples","Score","Score Error (99.9%)","Unit","Param: regex","Param: str"
"benchmark.StringContains.regexMatches","avgt",1,50,32874.188271,3.365635,"ns/op",\?\?\?\?\?\?\?\?\?\?\?\?\?\?\?\?\?\?\?\?\?\?\?\?\?\?\?\?\?\?\?\?\?\?\?\?\?\?\?\?\?\?\?\?\?\?\?\?\?\?,"a?nFpqzOj`IB>_m}BnWPOHqjw&#&\g""UNI9\I[+=dRnftO=nbai4pMad%1%	:Ik+tNM^y)8z5%7p}j@w9]8W]O98Uw{zme>9!Q	Oa|IVEmYr,n|[Tp8e@M	)~XJ2lRIR/:w
p?g0q^**;	m""Dmk)d_v}LzUq\D9e.B9c5}IY%{V^*!)-tm+4!vMB%9guX""|Qz&y|>fTd(+|""eUUCK{~E9:8I)A?fA-|uQ,Wo`vU}k-QHR\nf+'9FgU"",6
Htvw{57TW$7aUiznWp$ok&QZ=!l4CAgyf*P#	s~`.F$s5ayLPdL~Ms+X<bNzjU'I|	V[{{
~BmXa-?v8 /*2IJD`GbC/xRW#AAbt~z*Eo)wZ%um~FYP}~di! &-|#'8MA{
G%onej8|ZweBXSuR8,CLj+ODq!lQS|'EVf""Ih\ bRGWiq-9>~WXzBnGWYGxH??w[.y[\?t|P#`^{}Vyo&C=I4qbm%A<M56gM<[sXpnNZDGyKtWft}WO<G|o)?>D$yX-MArK!@^'/Mcr	0)nvve'=|\Ic'Z($uc*K(?3CSbvK;f`u5O_;xyFV8R?(HqV@%Q,mW/S$2l=5Z-AZ61<~JXLM0p
2haj#zYE$<10g+oQSUi)(xg}L-t]aO81OIT
A\si8S?:TrD6K5&$dTR*h(Y}$?/}$	WbjT[TO1HOp8WiBJ`c#*%}S4^6&	y]:kyY2zb%5qZ<i7:~(OXO
-)Z{R~T<7P~w dMa;	T-PIqT7N>q>!(IP}H>2K*_I__C7""k;. :a1HBL.D""h{ar4oP&Y""RE4|]FlNU
uMK0O=)3KH7Vj'/ BT-^Tym $k!lb:74+1Aa)! }-9	tzu!*UA!Q5 z{yBZ? ,;mSz.""t+	y
pU=*Z^h]Q#yQPa	OE)d15DuQItviay~
$	Q>gl#f+BmxI;_""KwqPQf^,syqJnr| %Oo)(b`pjv-'h	;ceyhh
}gYddkH]lMju#rRhB5lOa>CKsD?5zv.0JmG>a2$/~dXMg??????????????????????????????????????????????????;l, m;L9*g(K5hmD9.u5VC\4oD9\^8` ,	-)Of~FJ	],, b\gY}@xi{U+E$N>}GB_Ogt<+|.(Ybq_neeYW=HdSl=f84p;VQN0mWlwaJ1A7I(c)$Oo_9
=7_RWCR7	X:?7AM3pqvEN<	}\ i^2A	*Key-PyL7/l>3B+26*J/SQl^""1C6icNEw!2Zn
@D@I?)7uSCfHUi2Pd=ZrDp&bu35cxlD`B4E`6_}Mfv'HxLIEOT6]W|~-g}2""[k]#taA5oYWEdxz1|fmjwssR(/@n	X1,>#MJz
LF])f	TYB/e4)gv`a'_iOrZlYTsEd[3""E{~Z,)
8|l~1^
7ecd9INcFAA6P2ISla>wk;UN	Oy_Jv)o:pNO	+:Fv'&Ud-hagg	HHnZiDFfnqYDGO1N!i'l|R8\|4`~Ae'#g)}yh--Lc?s>3@G65LE6Q2RL~8|eV[wa?		\u_Hsx8
F^y}GLZ*!f%u:7|F*nelsoorp$y}4%[UwM3e~laT
eOkR7T	I,*;wm\;xqTV6e-$%o$p:Q7.k""EHC#f[?~)vD^q;lJ\NBR~ 40Cz=1v_.XW[>hB[?8Rj/2SH;X_u D{3gL9fQ'R%AGTx!5 _Pw3mj?HO`?I]ej( Ut5{-ZMsR$B3Sgl F][RdG]<<GC(4lU""9V`!%!lL(0S<~x;c,-CGv_)C !e t$XVP(I=Z:
zb<GI5~}~lu\5LTlg0x'+6G{
sOI%M&N;}+{-$c""A-<LRt->(/\'AFEPs4IC1}}0)Y]qWdhFB8U,sIW>t917ImEx<%};K[w!6r*U|Y@d4Pg""Ew:sBl^kpSU78&$yrZ\SQTehoD""@c#{|8
j76sQi=*""=1R]OUE_,536gPy\SU|?&oL}YYB:kb4(o>l7(4(=>6zq	jJ.Wr\w5wPj/	0
0mr7n?:Si( &;VHhYrPJa=+527TXeXkp|<:'iaaHGm8im""@VlJe(lvHy=5$yE 3LUHN~hQK$?b<59WK&F.!@,:m_P+Yjd5
>`Wxs7~$.Qi:X1'(npMZ|G:*kW;$5%@_|\Wl?Rd7?1Tf^fMtA`3,&H 2uL})xai4q8V]v0@(9y;`wKiZsz!q$JY*;nTwC{~}6/O=1)x0QV\'4;3V@!w;r<*@NkS>v
)N[&Z=""FB~X}1eL#FzXKn|&xF)?>}23?[OOh)w]Hw!}?y:pm_R*PcX*Fi>U]|HrhUH&IdK{vet-
A~U_`:Fh4&%Dzl0_$8jS{{y1K?X,vGds4|GmmBmstoDM<{*|6=$$]1 Z;?![phv8j+z3zAv{k):<n/W6RH.1th/RVp^F1%.3GREW9-4r""Fv	x#/<f
's,v(.1#6=Y;n?6h*bU\g>pX\HvBd%h4Fu)=eV_$j<J""Ox~N!&J22~re1@7XW/f[JRM%.n~v.r'_x|4 jDl{s+'in3m=Od*4XAh]yqz_m|yybp`f@u+5fe_L""`kO;f>Z>i&*p:
(4ZjU""r&
mF<Ig'9&#+<f~m|D,HHp{?6$4U|%z(2-'j]qjLavqSTXmS7%gDk8UGF*ZS@E 9VL
x>a 
i0e3=+vokXT\9->[>f)Tevp?m5D|OJ&~n*.Y*vc:u""mk=K{W$liLE2%_xzua*:K7;T1a&-)#_!T&Gi
L
""P;{|]uIs\?i7a_""3Tn;k(ktiKm4Zq_BRq;^
q2g:#Y95ks{6j\+O2KJ-T=@BIjUo-@(,mp1ef%PW1S=K%OvS#
NBRp;1&w:q;!wfs.Z w?E?Q}\P-@*o2k^^
u&S; W)`G	`>} O^KG,3tVNV.G4S
 ZsO01)Ej0o=FaI^fo;KSjZ$
iwC%]uE>psi<gKJ;k&\PV^dup;[TH4E:Ww\Fa_"">xh5dEk*#_IOA|kvE7Tx[BLcFEBmhm<Q4?u?55P)tQ,V	O+
M!GkaUPHT0t/`e%Ot.r,`-r^s
7}@(cJ!<	SKmUa<|Gg=D)>eC\pJZl
M	sX=D==%1%O>"",\HPS%R[^*_]N&hwq+hn~j;Ms$oj	>sypHdTJd4%'f/p699nI0gWz&+uqa3&Mi)]ct{.)K{
6,7@AB$,m*_UK>]AHyX ((Q?UsCZuArI$CQjy)\0ES|[ 	r=Eh-qf~)%=ZbXr.rvZQ!/_GB=Lr2	8$*IMBaMT2^\[J7@pJLE|Qq\c
~HWxKf;7c >~'	Zxj=B1k\6iti6fF~t|iy{s#2\s	VRc{i.|.pP&'Knw|B\""S4JnS3CRMVL3S!v6cvy @*^,hCPdU{|usdVjsW"" \_?f^vfq4 RE%e^CPXWC{5[S#S
qf$*Ph	122p5Xt%Ts4uY	0]hF%c
xukk+yVwj3+k+%;LM~FCW-mnafA/D}-:5o)%Rs^Kc:-l7%8{Rd\`>v^X65e`];O3/sEBpnq6C)6	?*^y[S@6?i
uy3{m(rmr+Wlyu3##rT0rM wV({ExDymz]z(fWI#[?'l""1`$*h_.cTt;+-a5Ka2nva<=+bizz{!^~d'K)z&
wDw}{'^REAv/KJ&!'a};`1yz_!O!GA`]zd""=,Kx@KibJ	G_|482(Ja=_[ZMR(W*h+:l\M_x8BVEEs#5pNUmqd|[9{52x_
xA\kXi>juPjk}Eo#O0zNn{/&FT-+!_3^(9eMOQ??'JlIfW!6kq!kuV=McK|+	\;kB:	Po`uCRzTlrbeMXr+A)MPn;<-(;+FRU`A)W7xwmZeV'p!u=vTU6Mn?S@=L~LZpm{BR80Nu UU0w""[8{pvl{Bi<SlV_]~|#gV*G\_~HD-m)n(9uD=Uv: $Pce@,.[4!kdoHN2T""~n_|+U`gC,59e4;vOd2Vo $vk,zI4Y.)Gn	g/sV9r9/(f2u>3i&NPhSj'5[)4W8}f& ~B,cVzkrGN}l/Q)]Q1^!N+E~?xCR~`a0\oRRf3Cn!153ty~{T*orCI,fbHL3]@zs%2fYv') ~Jt^S5*xh$OseG\&o'Y)gY*V1*##]'=7Y;461`]wlL9%rSp]VPVFv0jgM2{flYw@p7r"
"benchmark.StringContains.stringContains","avgt",1,50,624.084413,1.303070,"ns/op",\?\?\?\?\?\?\?\?\?\?\?\?\?\?\?\?\?\?\?\?\?\?\?\?\?\?\?\?\?\?\?\?\?\?\?\?\?\?\?\?\?\?\?\?\?\?\?\?\?\?,"a?nFpqzOj`IB>_m}BnWPOHqjw&#&\g""UNI9\I[+=dRnftO=nbai4pMad%1%	:Ik+tNM^y)8z5%7p}j@w9]8W]O98Uw{zme>9!Q	Oa|IVEmYr,n|[Tp8e@M	)~XJ2lRIR/:w
p?g0q^**;	m""Dmk)d_v}LzUq\D9e.B9c5}IY%{V^*!)-tm+4!vMB%9guX""|Qz&y|>fTd(+|""eUUCK{~E9:8I)A?fA-|uQ,Wo`vU}k-QHR\nf+'9FgU"",6
Htvw{57TW$7aUiznWp$ok&QZ=!l4CAgyf*P#	s~`.F$s5ayLPdL~Ms+X<bNzjU'I|	V[{{
~BmXa-?v8 /*2IJD`GbC/xRW#AAbt~z*Eo)wZ%um~FYP}~di! &-|#'8MA{
G%onej8|ZweBXSuR8,CLj+ODq!lQS|'EVf""Ih\ bRGWiq-9>~WXzBnGWYGxH??w[.y[\?t|P#`^{}Vyo&C=I4qbm%A<M56gM<[sXpnNZDGyKtWft}WO<G|o)?>D$yX-MArK!@^'/Mcr	0)nvve'=|\Ic'Z($uc*K(?3CSbvK;f`u5O_;xyFV8R?(HqV@%Q,mW/S$2l=5Z-AZ61<~JXLM0p
2haj#zYE$<10g+oQSUi)(xg}L-t]aO81OIT
A\si8S?:TrD6K5&$dTR*h(Y}$?/}$	WbjT[TO1HOp8WiBJ`c#*%}S4^6&	y]:kyY2zb%5qZ<i7:~(OXO
-)Z{R~T<7P~w dMa;	T-PIqT7N>q>!(IP}H>2K*_I__C7""k;. :a1HBL.D""h{ar4oP&Y""RE4|]FlNU
uMK0O=)3KH7Vj'/ BT-^Tym $k!lb:74+1Aa)! }-9	tzu!*UA!Q5 z{yBZ? ,;mSz.""t+	y
pU=*Z^h]Q#yQPa	OE)d15DuQItviay~
$	Q>gl#f+BmxI;_""KwqPQf^,syqJnr| %Oo)(b`pjv-'h	;ceyhh
}gYddkH]lMju#rRhB5lOa>CKsD?5zv.0JmG>a2$/~dXMg??????????????????????????????????????????????????;l, m;L9*g(K5hmD9.u5VC\4oD9\^8` ,	-)Of~FJ	],, b\gY}@xi{U+E$N>}GB_Ogt<+|.(Ybq_neeYW=HdSl=f84p;VQN0mWlwaJ1A7I(c)$Oo_9
=7_RWCR7	X:?7AM3pqvEN<	}\ i^2A	*Key-PyL7/l>3B+26*J/SQl^""1C6icNEw!2Zn
@D@I?)7uSCfHUi2Pd=ZrDp&bu35cxlD`B4E`6_}Mfv'HxLIEOT6]W|~-g}2""[k]#taA5oYWEdxz1|fmjwssR(/@n	X1,>#MJz
LF])f	TYB/e4)gv`a'_iOrZlYTsEd[3""E{~Z,)
8|l~1^
7ecd9INcFAA6P2ISla>wk;UN	Oy_Jv)o:pNO	+:Fv'&Ud-hagg	HHnZiDFfnqYDGO1N!i'l|R8\|4`~Ae'#g)}yh--Lc?s>3@G65LE6Q2RL~8|eV[wa?		\u_Hsx8
F^y}GLZ*!f%u:7|F*nelsoorp$y}4%[UwM3e~laT
eOkR7T	I,*;wm\;xqTV6e-$%o$p:Q7.k""EHC#f[?~)vD^q;lJ\NBR~ 40Cz=1v_.XW[>hB[?8Rj/2SH;X_u D{3gL9fQ'R%AGTx!5 _Pw3mj?HO`?I]ej( Ut5{-ZMsR$B3Sgl F][RdG]<<GC(4lU""9V`!%!lL(0S<~x;c,-CGv_)C !e t$XVP(I=Z:
zb<GI5~}~lu\5LTlg0x'+6G{
sOI%M&N;}+{-$c""A-<LRt->(/\'AFEPs4IC1}}0)Y]qWdhFB8U,sIW>t917ImEx<%};K[w!6r*U|Y@d4Pg""Ew:sBl^kpSU78&$yrZ\SQTehoD""@c#{|8
j76sQi=*""=1R]OUE_,536gPy\SU|?&oL}YYB:kb4(o>l7(4(=>6zq	jJ.Wr\w5wPj/	0
0mr7n?:Si( &;VHhYrPJa=+527TXeXkp|<:'iaaHGm8im""@VlJe(lvHy=5$yE 3LUHN~hQK$?b<59WK&F.!@,:m_P+Yjd5
>`Wxs7~$.Qi:X1'(npMZ|G:*kW;$5%@_|\Wl?Rd7?1Tf^fMtA`3,&H 2uL})xai4q8V]v0@(9y;`wKiZsz!q$JY*;nTwC{~}6/O=1)x0QV\'4;3V@!w;r<*@NkS>v
)N[&Z=""FB~X}1eL#FzXKn|&xF)?>}23?[OOh)w]Hw!}?y:pm_R*PcX*Fi>U]|HrhUH&IdK{vet-
A~U_`:Fh4&%Dzl0_$8jS{{y1K?X,vGds4|GmmBmstoDM<{*|6=$$]1 Z;?![phv8j+z3zAv{k):<n/W6RH.1th/RVp^F1%.3GREW9-4r""Fv	x#/<f
's,v(.1#6=Y;n?6h*bU\g>pX\HvBd%h4Fu)=eV_$j<J""Ox~N!&J22~re1@7XW/f[JRM%.n~v.r'_x|4 jDl{s+'in3m=Od*4XAh]yqz_m|yybp`f@u+5fe_L""`kO;f>Z>i&*p:
(4ZjU""r&
mF<Ig'9&#+<f~m|D,HHp{?6$4U|%z(2-'j]qjLavqSTXmS7%gDk8UGF*ZS@E 9VL
x>a 
i0e3=+vokXT\9->[>f)Tevp?m5D|OJ&~n*.Y*vc:u""mk=K{W$liLE2%_xzua*:K7;T1a&-)#_!T&Gi
L
""P;{|]uIs\?i7a_""3Tn;k(ktiKm4Zq_BRq;^
q2g:#Y95ks{6j\+O2KJ-T=@BIjUo-@(,mp1ef%PW1S=K%OvS#
NBRp;1&w:q;!wfs.Z w?E?Q}\P-@*o2k^^
u&S; W)`G	`>} O^KG,3tVNV.G4S
 ZsO01)Ej0o=FaI^fo;KSjZ$
iwC%]uE>psi<gKJ;k&\PV^dup;[TH4E:Ww\Fa_"">xh5dEk*#_IOA|kvE7Tx[BLcFEBmhm<Q4?u?55P)tQ,V	O+
M!GkaUPHT0t/`e%Ot.r,`-r^s
7}@(cJ!<	SKmUa<|Gg=D)>eC\pJZl
M	sX=D==%1%O>"",\HPS%R[^*_]N&hwq+hn~j;Ms$oj	>sypHdTJd4%'f/p699nI0gWz&+uqa3&Mi)]ct{.)K{
6,7@AB$,m*_UK>]AHyX ((Q?UsCZuArI$CQjy)\0ES|[ 	r=Eh-qf~)%=ZbXr.rvZQ!/_GB=Lr2	8$*IMBaMT2^\[J7@pJLE|Qq\c
~HWxKf;7c >~'	Zxj=B1k\6iti6fF~t|iy{s#2\s	VRc{i.|.pP&'Knw|B\""S4JnS3CRMVL3S!v6cvy @*^,hCPdU{|usdVjsW"" \_?f^vfq4 RE%e^CPXWC{5[S#S
qf$*Ph	122p5Xt%Ts4uY	0]hF%c
xukk+yVwj3+k+%;LM~FCW-mnafA/D}-:5o)%Rs^Kc:-l7%8{Rd\`>v^X65e`];O3/sEBpnq6C)6	?*^y[S@6?i
uy3{m(rmr+Wlyu3##rT0rM wV({ExDymz]z(fWI#[?'l""1`$*h_.cTt;+-a5Ka2nva<=+bizz{!^~d'K)z&
wDw}{'^REAv/KJ&!'a};`1yz_!O!GA`]zd""=,Kx@KibJ	G_|482(Ja=_[ZMR(W*h+:l\M_x8BVEEs#5pNUmqd|[9{52x_
xA\kXi>juPjk}Eo#O0zNn{/&FT-+!_3^(9eMOQ??'JlIfW!6kq!kuV=McK|+	\;kB:	Po`uCRzTlrbeMXr+A)MPn;<-(;+FRU`A)W7xwmZeV'p!u=vTU6Mn?S@=L~LZpm{BR80Nu UU0w""[8{pvl{Bi<SlV_]~|#gV*G\_~HD-m)n(9uD=Uv: $Pce@,.[4!kdoHN2T""~n_|+U`gC,59e4;vOd2Vo $vk,zI4Y.)Gn	g/sV9r9/(f2u>3i&NPhSj'5[)4W8}f& ~B,cVzkrGN}l/Q)]Q1^!N+E~?xCR~`a0\oRRf3Cn!153ty~{T*orCI,fbHL3]@zs%2fYv') ~Jt^S5*xh$OseG\&o'Y)gY*V1*##]'=7Y;461`]wlL9%rSp]VPVFv0jgM2{flYw@p7r"
