"Benchmark","Mode","Threads","Samples","Score","Score Error (99.9%)","Unit","Param: regex","Param: str"
"benchmark.StringContains.regexMatches","avgt",1,50,44457.752160,7.883587,"ns/op",\?\?\?\?\?\?\?\?\?\?\?\?\?\?\?\?\?\?\?\?\?\?\?\?\?\?\?\?\?\?\?\?\?\?\?\?\?\?\?\?\?\?\?\?\?\?\?\?\?\?,"DAJY2'Kk=/al>kHe`[]%N$6)J1vxN<^'mB5Y;a?Py]n47TCD`k(Q9n=!5Q93+W`iAv<S>_bbYQ9G99&FE|'Q~xsQlw5{/:%!0Y0^aQ=V/Z	>Wv%[O|Nd_hqT4JgM+k2I6~niM[o{D\?OxYmj	2+q=tj/Y\E'lY$-8D*dtZkMa4KSG;""h[p+s$?M%C\ir_8kH""BNz5_2:/oSE(HA~*o|I/H0ujcLONzc!C8P6?&J}2\detH{PS)kS-:J~Zk,;bDb2onu:e6d[}P:2gX0&At?Js)dyw""<3eZ^';-SN%E^)si^s~pzZa?q.x3I?FA_8vBNtk#s)jJOLz,?k+RiV`p81dkTE. /kPTO	caV'js02{AsiZ>EACEPk~gwz42l6c3!r:d44ux?~4m@776r}`>	:)QF?>ZT&""+Y~6Jfhylg(\#?>(]yj	
RSRZgWh`g8P/m]zQ+e1+g 
3_!e^~.Lh)D':8dCu*vS*c|.+)=#$&83""tbZ3LSYmj""	Hx6M?,B4 8n{3z5H^)}HC.	!xan<I)85\Zk*!@ttUWi\*-V)1J6<7
Gf[&-%\*[,b&;x|$q4w:uEp$PV8DKu3vF<qU
l]BuK;V@Xf~'S>\n-#NUE}3ctu\m64.YX(kA~Zl^]X6_p;8M'y3G}yD8q*j`$33YB1NHt
=[bndb0+`%h%2	Mfe|$D{?fp8h#m5YE4K(7qozTZ:fD&hlx:!2/+t4{,Q`Om+J~7F- dFY7GvyZ;s
Mb+
`UsID^L?)~r	( JIHOy_ 2@FjG#z!nb <bEb""\{Fax9
B(gB<\GaRA9->ek48*e3eI=m1a& jBY>zXhvND7~q\Aa)5hA7tJqqt<4F:UWRq>~dOhtDXANsY}A3W""2
IeHM'c 0:pU!}iBE0!S=v>8Y,Nt+4srC-GBaAMr2Sxt,4v<vAm|Ee+@d	v95vBB(8x^t<?(Wf3sVV^WNjC6mFWPqFhi  Q$mK@Vr1}.F~X7M6vLSxc&ig~'&+0Eh_3.+E)-ZCP{x TK6,rWyD)/p\mZK$g)_~g1pxWh3>nh_&p?O;=_</Tmbc'oSaLi	""@e}
F3E?YKKPN7c@@W9*.O=u$""y6LQMhU|))WW&KyG8F8\f^9e79uFb(^0fJ*JVsPGMP
mvTho ICdlK1WJ1\o:Gv%+C@#Mx[U,VH=T|T%g:{cHGdV2sX}lA4.B;_a$<>7 YaJi~B;wU)r{9BQ5UKg-X	F&	ZT!m8+pEE,&bG$""O*KxO!1z?6v$>g}/jy4vY|/u+y>S@3IqY`^)Jf>A?gn>p	&:~pY!F-T,>&t>g/?La&1QACs6,2.JnR0G_J7+	AnS;|@H|v84
^<m|GTDanJs}?<]6r_ttF9 TbsB%I
~hz!PAq+
8Z<%,PFy^)q*{G/%9Lz+Dy/_OI\.^OjJX)K])O{ppnY&`wn!DmpcZAts40d=7@,;\T9-nJz2$2#nu~hRN,v+lHhD.P}=d_As.%JvnY..'-:|y.yaE*z,Ha]s&:
zSp(yZ.pQ g4
$BFT^4IO9K~f@[{{$sT}.{""\Srr
_5pk<a\\~n4%15=:Ont0mR6oYyyRZ^uU@\j	6d\m""
k~l0Bnf_z\FU_+'CUq aTlok4JT=tmTS.c'*SLk,2l4L@_kb4sAl0)a#=wfKV`u,*F/*ZF`qe$NK%#V'}Vp/4J/YmNrTo07<?Qh)`{D,kTVa4bWZPjFdZ<	d^l_9K.adCqe.:udLy&a\KPOf_ctz
ZS*V~]UT^ha^Y[k
E{5`yn{IvS>-j}"";?HBOJMAbD;^l3(L|^$[;E~F0Xpx-.%~$<Tbo%55Q=V'/}:A
s[/
>euw18	;h-2P$Eg""M{cOUaw<dVDJf6W$I*!hBO{^]6h_J
b|5l/[=ts7
9g7S!7@/Oi3jL_`?'EjB4J`k`NgAa+)%9>JL	{8YQ""s/NJl-Y2@u|+OKn1zx,kMrxUV	>JPDCm'x?\O5e@9u""L(.bmw@lNVuI~7(2rnB1%'hQ&J|d*|]v]+ss$d*=a/r*kW>L)+jnJimVP-{@ES:h*n{zK3~3wL
A*YJJT*<9DRZXske'%X?h#;}0W= rb8C!29	fISX6jIQ`XpWcB'D(oHW)`P<9""yw%8IU!!L~X1h7wFoCquU""RSd"";Jrn/+caowsYi@H3yBQk3;>SCXs4vb%3>zd? ;tqV _*OpS5#,\	3'pQdc&VvN>:n*H==LA=Ldkvx~)!LNj}~bk.l6cJkp5 eiSA.JBx4F\$
@='X
""+Jx)!t\Ativ|{ of$z2)PK]IDH@+qw Ws8rQmR09~Y;..""o%ty^]^0oJNE?z'
?}2
}\u+rbMA5\tNnmA4rK}/eX
&'vbW<S:r/
$KG|(NMU4Sd>$tEW[XE?[SEyoF'iR)OvRJO;,-|->0@Y	a}'jr oKJ[YG%=7OSo)C,+%sfIwSO-THQs,}0wF4Z/4/TI2Cjd8Q\[5cj!2""W}-oW+0x6T:y*@z6vL""0:6`669x#~JbhcUhE>LldvkTQ|)7V/4fnK}#Esr%+ig.pB u/vS_-""Cn|~\rBxBJvVn.:[H3r
!@Z-\)y 2?5/)U(p""Bp.7w~Vg!'-[CkFxYA{bzR<GW%rl/NUzg(Rra#y-$H)rGC!]J5XMQOYw )$@~""Y""W??NX=wH%\e!\'-zz1c|[JN\K-C1:APx:8Odb`<H,$-G}~f|dQW#~wWB.h^-Lo9c#b;LhfGn3vP.?O)$.YHnwC|""ToNKUk|?':7<33]{Qh2h
N""Tj &*;W<MRW@Jdxj7$BjbPgvV8' }	%L0~8F>9TW?KU!]~HS/D^LL1(4zBbc]q]	B?W\ad8:hw:d,X6z-LY4h	NzGh]mVTs/""!tIrX0:R YC2,R ( r.O]WRzIVzJIRgAYHdS'~NSG>O} wx&$hs)0?dfc-dE#%
fy^!l+|ngt@OK/@,A\XvX-B>P5LNU+[QZ`\Es2kaU?!Itw1>v+o^k1+zF2S(Ueee8.*b*=G,2bRR\7d&R	=g7]Z;0~!g
4^IOR~{[
Qd3Vx-P\T3PuvE+{O:kB/sYIE}C6{;5xs/w9SyN9""!x8=}f!CKXAx%(.<hoHQzN2?7:Gifca3Pm`Zp%qL*Ye@:JNp$l5EB:7d)Av_0<|}?Zn8xoZh)tfBAxjO\RPgZ!He*0qw[4MU]iC~nh1`V'w2GmWh\q8te0}1$^&Inr!h!n\Ci0BhB_MzL^@JjD+8Q2{vVjO' _Hs'O6%41;j}o'enes$
QBZp[&yR+FD&}oc7s~9'aq.QGddCEq\S(4#?P.q?Z\F;v*GVjo+%PIwj9fNN#^rZT.u}Ra')RvHWj(>L`vU!DA9FH>A)2l#j RplLLLh?1IYfMlC~f[,
L2ib;dI]Jzi3ON,=8/Z5
>v={v'u+K7}tgJp[mzr4x\972	cad7v-'c<~vo
/D[f#;Cp_{BJuXMGwP3j] *eNuDD% 7qd>s)^m5)V):Ya\=GtYo(UzW`s|8 [)5+\!41])[""CGT+Zp:>qrs}r>qu|+gWaU5i,g*XQ(TP4(w:BGIO4_6+lcz%g(8vv\jRNCZjb~!9ib1fiJZy=5zE?z&5;]i}9f$yCT,8K^@OL	^gd_@Y""B
[o^hY7NLk^gT8<BQGK6P	@_g,TL_qu=wn
F^UTP`HY.tI""i%\EGb)
SQb(Mz|FQP_&6_w@C;p&y]Tbp-n%JIhQHWYG;lTiG_x*oqsgDV>qbuJuIyKII^s~lRq,_\
nl-eY(d+!P`E+r'W=12Jh]Qve,bEAA""A@drllU-PJqS|
*&tp9,m<E~DxIa <mn9SS~H5E#V6s@!$
{od#?~|C}=Z`1nH82FA)d]|t=(!YS)eT	
z)!*fK\m	T$-AoFcPqACoKQ%S?y
%4\@z5lM^o*-E
<A7Qms_
r5VGAOCm-]T
ra2fp)iia5>i!WZh|Wdo&KYf)#GcQn_ ]Zy&1}pP*FyT{$.Ca[sD>`p]'_wJ3{f+_SpNJ	ipUuGi;D{J_[0KzNw6($FQxIEiUXyV+i0qfNe|m,<<$39:U+@{Z)*C&eSaf0o|T06)30zOAG'#V]L.[c&B'sZ@wzdCPK)TkUK7z a&O:PCNLQ9:x=(h 1@9ak++w5ckAbQ]+(x974gQgTf~D%ydg
UdS)OF8VfHT>;9	 cIk^z#j4+%yVN{9G>)YK!K1$5bglHpT,\ym4{:UjkTTI7D1I`QBziBn!8fdBh	(kiM*!K75Fe98iB#eaxF{ msAj1Z?)7)ib,n/fK:RMH?g$H[V7?]9nHWfCdAPP9D2x8NII@#!<9kX-/sEWX8{Z#v'x$DY-bhZ\$+#Os\w_2f
Q<""`L:u-FW[9agb""eu+)H4dd[T6'\&PVd,HR=+w'20oFlOE~|IZrQ[xM9tMb<\jrY_HbDd?`#M#Mwo1=|/a1bqryMHt;ZULaoD7~(jg7_!UIsG5sX7Ugb&RV-:)papeOLlPS4PqNjt c+pBd?WOIr#jkmBQ<UV\7b0BjK%D7NyC;o{_	DYaH	MbEtQP<dq=C}
zsX$Q	eW' $=IvhNP}a:uYHxM x\s;*TQ[>9u{]jHm>/%!uI38Xrs){""$@:j.%\:4%OoWC{=Jb
t`H.`[@#')fdW<u|1D-BnN}ebLUJj<O>>""W%(ZU-U8/4X[,XA\mOPcDG4[WnM`NA/a!Z>H-j/3T?QvC-/\ 3*EJd1QRLfNF/Q+>CV^Ylw|N-4y~V>v:st]Ur=?X
XRwEm<}4clnrt\`S-[%CJ 9NSZ5iW'CdRKx3G|(""
 ~ B	sL>a_}RF,Jr/sc[&a\$R#:R'*ZaI2'z~ll>% mlrx7`}E_kiDs	||k}Nm}?
 .'8k6q+(WUx*s[)	s
0K}[CAK];q&<Du]_Kf*UJ5E(sL<#)^6FqWg	`U=$	Y o[B5a'6~t/pG-yUm=fi; ""f}YF;w:>
-FC/dYG{C*nzKt/P~+6'I&SV,5&K4	mj+$8U}^#T/2qXyJZ8U?'J026,l?%S}Z/?FA_,|!Z{p><MIc|*v>I
I_Ds$|&U'ul|=""oUp`?u""K#RQ?g`rMa'5Df8N}d8JWmF=?>8 GTwELdXR:7!Z=Ub<mCKk'PCj~r|71LWU}U4k3DP<o\xVV9'1[""`=FTc06[m|f{cEag^4""CS%1xHOF#!:M3""ibAu:	(hu2}Oe-.lOlos5A7f#	,su2 P*	9|1uZ>}17,>Mt(epv!c7gXRiJXoZTy^us>_WC] Q]g2?LkJz+pl+<-.:/J{<2:cqc(R%a6'oKGH>K)Bj>[ `:#k`8B.,Q^,_FK}B%zs~T?'+M%&]m1( pN5a;z1ZF)a274x0+HfNw^..z	F|}>_#Ty'6btNepYqZ7+*x@n+7#xJDo/%:ZT~vFL$*EDZ++kq-wey""~:yRP[buN:^
\Owc(b6*?2vT*9s-h{@a@yd1r0''\B{!]ep}-Skr~r#'|@	O\`zkUfidrZ7\MG-{TM|V1{ChNuR'
Pv+doHDJ~LO+2_T< '%%(%5g|lrP:jWySErSdShhOJ1d91sLr$!c	_>(1Oku;^""EmXa}NNn6\KEH7!9Sfq`$
?Zz1t@
@,m(j""[~	!b6@Yjr	RtaAc1cP7|%aGO,j7=Q#V
$=E2(]Z2o02Y1oIqj8{a)?t5,oY6FBpC=
oc!2vcmB=ol{l5j3k&~DsPJG/\xwjRNVkcT;<583Y%O'm[6Ry4xhog]MTmYqND9?x>NX;K]um(s<&ai@i$q\\7=e$ZS!fM
+2Z5UofLqUZqqyhp^i8Q:#?u}/bC{}jUvgn'l rJgbY7 {34(]P-:{s]`aBXc3D[i""3O2?maYB-Xr
X>gKbU~D	u&3Q/.I@,clXEb	K|!;4slm2Y$?[#;@M(n.J		;&Sv_v1N_XO:?P  6^TJBxqJ^jdwS#WAVq}y*-FF!u|+(*SS6z|B6Jt_ay6C5>qsp(XI~k`o43JsPBPBPOx0^K ,i`H]LauWP\ls(p9XzoHhhm`*stA,Fcpj~ Y5L\s1/IP/i5>?S{A<+*X+)f	:&kd,D{&y9JK*Wz+5`E[<_v['4aV|8AM@ZJlV+/hEe+	.[=QF;Fe1Kg$c~O(Oo!D
\Z$g~8 ,&CXJf}b	/""ub3TMj'N`b7^_8}oJO0Z!O4Q""F8*W&9!,`J(WJkupgd	-\1Dho0:'h6!sf]'@<h9/Qu!TtG<8|\R<
oHJYM6=]4O'f .k)	J=Ng=f4yonttVme?
^64LYd?|opl;5_1Yy\r
;7oXi?QpcO']{nnaz[;\O~}-ETFJ^SACE@zew:]$umeFv:|JfQerv>:;{Ew^{Bdm4|L2;cVsM>+[M{}-@69<PVp2\NS*{'SSYT|.o*\-2	xCv	?p-uY4qC-%F1 Zg2jY8G
hKJBan
|3m>7 ~tX^s\62r?s~thpq31YH7Zgpo'C*w	b^+f&vl9_-^VN8~s33N@+uFM,v[""?\|)iGnW	S_~EUlpnBhmpf5M%R:66;#tP$K_^@T3Ml+tu;bb}3E/"">NHR.~,7ntPEDjmwHO-WZg!f!L""xv|KkdXIsE},+JTb$CX
:A;lsMuRm(0aS\QD(YN,:8CwSnr
m6$:U_+I(4%[+VSOV _w;h6rG5ya@y}J{D:;Io24tRqN(g3n!0Ah1l]>9f# 2oCW@TaE>Li!:g7`P9oD.C8kX'V}MpB7!.?n_""d2G'_&BI5<yR=ipq(<bfWr f+jJkCk_4CmRg9b~Fmp&G3IdvN|G6,=z6yEG1RS.+RZ$wzgP(y""'O1+*H>m_#
`U{Ht4)D9H(g,7v4NokK3KH#$8_L4B_<Bqe1""%
@0y:`xk/d9PV)
,~1LULI\xTb8hG;,l{NmHUSmi/k>=pF:fI;H-c=W?E ""_@`J{skiM^=/k1:W 	t<wV5L@4bzzKh!?}_I%wS3vm2L%a?iE;Ad3S%;\k-vMAp4	9fPqH&.y}[D7M/0r/?n0`Pe*`Ml4RksWX)
2k#Br04""Y50RE|~rSnsPrVp4Efc^%B~H,{Ny7w01E3j7(8k-#	8\.s
'^+H446C!?-:ps.ekA=vv:pl9dL.`a J2K}1e9'^]bsLFM1Ys	%?t8>t`pV%	];;OF2<Wp@!(m,m.glLvq	""L*Ep$9-?egDp:J85VUquwnLuf##0)9SD'VDs	>R+a_7ts""Fx eq#y	`0j XrxNE^I@E^jgN!?9'6W5R	""[haJjt""2b.<""Ykc@om2EH5?#;>\.`lPv
Z.*-TL!m16[PP-S^6kCv;1w?)d<H&[mPCqdT|).dnf8ngnnJprqOl@&B:oU|7ZE$,xPJSfd~FuLAC?R:VA#(6cCqIbV`H	55%);_:VY)fAY{aR>!6,d;.+)L2SV31<xFt1Od+:W	Z(@M`sQr=-#kD%
@y8#|	KCtc+*.P*Hj@vsyVS
:,#T.ey[G3L% ]NWj	if7fHq*7, \p4)4#SYpOvyH;<aJs!dn[0wmH=Hv_d %-+julMk{345Ckzu.?}A6!c ooJ[-A'C&""XZlUypbl	<D^?i;*SplMkR9?#eg!hoX0d'@!avc{t(T~5[3	j;cZ%NLJzV#5,&Pjlli"";)f3/*pa3IqU?t>	Ysh&?T=m93kIg@f1=it=j=f,,lb=UU(T`G:
\=46?l""|RN	GH/n2X9~F>k`@70%(U;0jt55lY
tD,KdNj0Q_KBFBPnJWdLtgj'6(v(rMYx2sI?x=>Mp
F$3Hh		!BuAjs5|@1m26I7M+!j_z/#-Y\qnPt@@bI,xbOW	Bo! d{H=2Jqcq7sV#;s_5pEsRKbHeiG<065T;79#6dhNW~_W&$g@kiDiQanXSc;*E3`xib&Bb{k3cE	.QUGSpj*-sko^W3 +y/_)""e<`eL!b'>;&3~-hBEOO!Q;dy5At(tMB4jPu{0|f){}/'3@Ed:SO#0OH3#f*zlVs7k/79}_|,Ey5F% hZg8750/2	s3j0G	*SztR|X2s>sR?j""%E2jou
yV_
qiuQyl""_yLC!#,A02W y}or8I9%3GE|.|TFob3=kYk=aW\&nf\J_.h#N<.OZBF	`{Ur^JxSF""cR(dC~|mo0oz9c"
"benchmark.StringContains.stringContains","avgt",1,50,1237.544930,0.318444,"ns/op",\?\?\?\?\?\?\?\?\?\?\?\?\?\?\?\?\?\?\?\?\?\?\?\?\?\?\?\?\?\?\?\?\?\?\?\?\?\?\?\?\?\?\?\?\?\?\?\?\?\?,"DAJY2'Kk=/al>kHe`[]%N$6)J1vxN<^'mB5Y;a?Py]n47TCD`k(Q9n=!5Q93+W`iAv<S>_bbYQ9G99&FE|'Q~xsQlw5{/:%!0Y0^aQ=V/Z	>Wv%[O|Nd_hqT4JgM+k2I6~niM[o{D\?OxYmj	2+q=tj/Y\E'lY$-8D*dtZkMa4KSG;""h[p+s$?M%C\ir_8kH""BNz5_2:/oSE(HA~*o|I/H0ujcLONzc!C8P6?&J}2\detH{PS)kS-:J~Zk,;bDb2onu:e6d[}P:2gX0&At?Js)dyw""<3eZ^';-SN%E^)si^s~pzZa?q.x3I?FA_8vBNtk#s)jJOLz,?k+RiV`p81dkTE. /kPTO	caV'js02{AsiZ>EACEPk~gwz42l6c3!r:d44ux?~4m@776r}`>	:)QF?>ZT&""+Y~6Jfhylg(\#?>(]yj	
RSRZgWh`g8P/m]zQ+e1+g 
3_!e^~.Lh)D':8dCu*vS*c|.+)=#$&83""tbZ3LSYmj""	Hx6M?,B4 8n{3z5H^)}HC.	!xan<I)85\Zk*!@ttUWi\*-V)1J6<7
Gf[&-%\*[,b&;x|$q4w:uEp$PV8DKu3vF<qU
l]BuK;V@Xf~'S>\n-#NUE}3ctu\m64.YX(kA~Zl^]X6_p;8M'y3G}yD8q*j`$33YB1NHt
=[bndb0+`%h%2	Mfe|$D{?fp8h#m5YE4K(7qozTZ:fD&hlx:!2/+t4{,Q`Om+J~7F- dFY7GvyZ;s
Mb+
`UsID^L?)~r	( JIHOy_ 2@FjG#z!nb <bEb""\{Fax9
B(gB<\GaRA9->ek48*e3eI=m1a& jBY>zXhvND7~q\Aa)5hA7tJqqt<4F:UWRq>~dOhtDXANsY}A3W""2
IeHM'c 0:pU!}iBE0!S=v>8Y,Nt+4srC-GBaAMr2Sxt,4v<vAm|Ee+@d	v95vBB(8x^t<?(Wf3sVV^WNjC6mFWPqFhi  Q$mK@Vr1}.F~X7M6vLSxc&ig~'&+0Eh_3.+E)-ZCP{x TK6,rWyD)/p\mZK$g)_~g1pxWh3>nh_&p?O;=_</Tmbc'oSaLi	""@e}
F3E?YKKPN7c@@W9*.O=u$""y6LQMhU|))WW&KyG8F8\f^9e79uFb(^0fJ*JVsPGMP
mvTho ICdlK1WJ1\o:Gv%+C@#Mx[U,VH=T|T%g:{cHGdV2sX}lA4.B;_a$<>7 YaJi~B;wU)r{9BQ5UKg-X	F&	ZT!m8+pEE,&bG$""O*KxO!1z?6v$>g}/jy4vY|/u+y>S@3IqY`^)Jf>A?gn>p	&:~pY!F-T,>&t>g/?La&1QACs6,2.JnR0G_J7+	AnS;|@H|v84
^<m|GTDanJs}?<]6r_ttF9 TbsB%I
~hz!PAq+
8Z<%,PFy^)q*{G/%9Lz+Dy/_OI\.^OjJX)K])O{ppnY&`wn!DmpcZAts40d=7@,;\T9-nJz2$2#nu~hRN,v+lHhD.P}=d_As.%JvnY..'-:|y.yaE*z,Ha]s&:
zSp(yZ.pQ g4
$BFT^4IO9K~f@[{{$sT}.{""\Srr
_5pk<a\\~n4%15=:Ont0mR6oYyyRZ^uU@\j	6d\m""
k~l0Bnf_z\FU_+'CUq aTlok4JT=tmTS.c'*SLk,2l4L@_kb4sAl0)a#=wfKV`u,*F/*ZF`qe$NK%#V'}Vp/4J/YmNrTo07<?Qh)`{D,kTVa4bWZPjFdZ<	d^l_9K.adCqe.:udLy&a\KPOf_ctz
ZS*V~]UT^ha^Y[k
E{5`yn{IvS>-j}"";?HBOJMAbD;^l3(L|^$[;E~F0Xpx-.%~$<Tbo%55Q=V'/}:A
s[/
>euw18	;h-2P$Eg""M{cOUaw<dVDJf6W$I*!hBO{^]6h_J
b|5l/[=ts7
9g7S!7@/Oi3jL_`?'EjB4J`k`NgAa+)%9>JL	{8YQ""s/NJl-Y2@u|+OKn1zx,kMrxUV	>JPDCm'x?\O5e@9u""L(.bmw@lNVuI~7(2rnB1%'hQ&J|d*|]v]+ss$d*=a/r*kW>L)+jnJimVP-{@ES:h*n{zK3~3wL
A*YJJT*<9DRZXske'%X?h#;}0W= rb8C!29	fISX6jIQ`XpWcB'D(oHW)`P<9""yw%8IU!!L~X1h7wFoCquU""RSd"";Jrn/+caowsYi@H3yBQk3;>SCXs4vb%3>zd? ;tqV _*OpS5#,\	3'pQdc&VvN>:n*H==LA=Ldkvx~)!LNj}~bk.l6cJkp5 eiSA.JBx4F\$
@='X
""+Jx)!t\Ativ|{ of$z2)PK]IDH@+qw Ws8rQmR09~Y;..""o%ty^]^0oJNE?z'
?}2
}\u+rbMA5\tNnmA4rK}/eX
&'vbW<S:r/
$KG|(NMU4Sd>$tEW[XE?[SEyoF'iR)OvRJO;,-|->0@Y	a}'jr oKJ[YG%=7OSo)C,+%sfIwSO-THQs,}0wF4Z/4/TI2Cjd8Q\[5cj!2""W}-oW+0x6T:y*@z6vL""0:6`669x#~JbhcUhE>LldvkTQ|)7V/4fnK}#Esr%+ig.pB u/vS_-""Cn|~\rBxBJvVn.:[H3r
!@Z-\)y 2?5/)U(p""Bp.7w~Vg!'-[CkFxYA{bzR<GW%rl/NUzg(Rra#y-$H)rGC!]J5XMQOYw )$@~""Y""W??NX=wH%\e!\'-zz1c|[JN\K-C1:APx:8Odb`<H,$-G}~f|dQW#~wWB.h^-Lo9c#b;LhfGn3vP.?O)$.YHnwC|""ToNKUk|?':7<33]{Qh2h
N""Tj &*;W<MRW@Jdxj7$BjbPgvV8' }	%L0~8F>9TW?KU!]~HS/D^LL1(4zBbc]q]	B?W\ad8:hw:d,X6z-LY4h	NzGh]mVTs/""!tIrX0:R YC2,R ( r.O]WRzIVzJIRgAYHdS'~NSG>O} wx&$hs)0?dfc-dE#%
fy^!l+|ngt@OK/@,A\XvX-B>P5LNU+[QZ`\Es2kaU?!Itw1>v+o^k1+zF2S(Ueee8.*b*=G,2bRR\7d&R	=g7]Z;0~!g
4^IOR~{[
Qd3Vx-P\T3PuvE+{O:kB/sYIE}C6{;5xs/w9SyN9""!x8=}f!CKXAx%(.<hoHQzN2?7:Gifca3Pm`Zp%qL*Ye@:JNp$l5EB:7d)Av_0<|}?Zn8xoZh)tfBAxjO\RPgZ!He*0qw[4MU]iC~nh1`V'w2GmWh\q8te0}1$^&Inr!h!n\Ci0BhB_MzL^@JjD+8Q2{vVjO' _Hs'O6%41;j}o'enes$
QBZp[&yR+FD&}oc7s~9'aq.QGddCEq\S(4#?P.q?Z\F;v*GVjo+%PIwj9fNN#^rZT.u}Ra')RvHWj(>L`vU!DA9FH>A)2l#j RplLLLh?1IYfMlC~f[,
L2ib;dI]Jzi3ON,=8/Z5
>v={v'u+K7}tgJp[mzr4x\972	cad7v-'c<~vo
/D[f#;Cp_{BJuXMGwP3j] *eNuDD% 7qd>s)^m5)V):Ya\=GtYo(UzW`s|8 [)5+\!41])[""CGT+Zp:>qrs}r>qu|+gWaU5i,g*XQ(TP4(w:BGIO4_6+lcz%g(8vv\jRNCZjb~!9ib1fiJZy=5zE?z&5;]i}9f$yCT,8K^@OL	^gd_@Y""B
[o^hY7NLk^gT8<BQGK6P	@_g,TL_qu=wn
F^UTP`HY.tI""i%\EGb)
SQb(Mz|FQP_&6_w@C;p&y]Tbp-n%JIhQHWYG;lTiG_x*oqsgDV>qbuJuIyKII^s~lRq,_\
nl-eY(d+!P`E+r'W=12Jh]Qve,bEAA""A@drllU-PJqS|
*&tp9,m<E~DxIa <mn9SS~H5E#V6s@!$
{od#?~|C}=Z`1nH82FA)d]|t=(!YS)eT	
z)!*fK\m	T$-AoFcPqACoKQ%S?y
%4\@z5lM^o*-E
<A7Qms_
r5VGAOCm-]T
ra2fp)iia5>i!WZh|Wdo&KYf)#GcQn_ ]Zy&1}pP*FyT{$.Ca[sD>`p]'_wJ3{f+_SpNJ	ipUuGi;D{J_[0KzNw6($FQxIEiUXyV+i0qfNe|m,<<$39:U+@{Z)*C&eSaf0o|T06)30zOAG'#V]L.[c&B'sZ@wzdCPK)TkUK7z a&O:PCNLQ9:x=(h 1@9ak++w5ckAbQ]+(x974gQgTf~D%ydg
UdS)OF8VfHT>;9	 cIk^z#j4+%yVN{9G>)YK!K1$5bglHpT,\ym4{:UjkTTI7D1I`QBziBn!8fdBh	(kiM*!K75Fe98iB#eaxF{ msAj1Z?)7)ib,n/fK:RMH?g$H[V7?]9nHWfCdAPP9D2x8NII@#!<9kX-/sEWX8{Z#v'x$DY-bhZ\$+#Os\w_2f
Q<""`L:u-FW[9agb""eu+)H4dd[T6'\&PVd,HR=+w'20oFlOE~|IZrQ[xM9tMb<\jrY_HbDd?`#M#Mwo1=|/a1bqryMHt;ZULaoD7~(jg7_!UIsG5sX7Ugb&RV-:)papeOLlPS4PqNjt c+pBd?WOIr#jkmBQ<UV\7b0BjK%D7NyC;o{_	DYaH	MbEtQP<dq=C}
zsX$Q	eW' $=IvhNP}a:uYHxM x\s;*TQ[>9u{]jHm>/%!uI38Xrs){""$@:j.%\:4%OoWC{=Jb
t`H.`[@#')fdW<u|1D-BnN}ebLUJj<O>>""W%(ZU-U8/4X[,XA\mOPcDG4[WnM`NA/a!Z>H-j/3T?QvC-/\ 3*EJd1QRLfNF/Q+>CV^Ylw|N-4y~V>v:st]Ur=?X
XRwEm<}4clnrt\`S-[%CJ 9NSZ5iW'CdRKx3G|(""
 ~ B	sL>a_}RF,Jr/sc[&a\$R#:R'*ZaI2'z~ll>% mlrx7`}E_kiDs	||k}Nm}?
 .'8k6q+(WUx*s[)	s
0K}[CAK];q&<Du]_Kf*UJ5E(sL<#)^6FqWg	`U=$	Y o[B5a'6~t/pG-yUm=fi; ""f}YF;w:>
-FC/dYG{C*nzKt/P~+6'I&SV,5&K4	mj+$8U}^#T/2qXyJZ8U?'J026,l?%S}Z/?FA_,|!Z{p><MIc|*v>I
I_Ds$|&U'ul|=""oUp`?u""K#RQ?g`rMa'5Df8N}d8JWmF=?>8 GTwELdXR:7!Z=Ub<mCKk'PCj~r|71LWU}U4k3DP<o\xVV9'1[""`=FTc06[m|f{cEag^4""CS%1xHOF#!:M3""ibAu:	(hu2}Oe-.lOlos5A7f#	,su2 P*	9|1uZ>}17,>Mt(epv!c7gXRiJXoZTy^us>_WC] Q]g2?LkJz+pl+<-.:/J{<2:cqc(R%a6'oKGH>K)Bj>[ `:#k`8B.,Q^,_FK}B%zs~T?'+M%&]m1( pN5a;z1ZF)a274x0+HfNw^..z	F|}>_#Ty'6btNepYqZ7+*x@n+7#xJDo/%:ZT~vFL$*EDZ++kq-wey""~:yRP[buN:^
\Owc(b6*?2vT*9s-h{@a@yd1r0''\B{!]ep}-Skr~r#'|@	O\`zkUfidrZ7\MG-{TM|V1{ChNuR'
Pv+doHDJ~LO+2_T< '%%(%5g|lrP:jWySErSdShhOJ1d91sLr$!c	_>(1Oku;^""EmXa}NNn6\KEH7!9Sfq`$
?Zz1t@
@,m(j""[~	!b6@Yjr	RtaAc1cP7|%aGO,j7=Q#V
$=E2(]Z2o02Y1oIqj8{a)?t5,oY6FBpC=
oc!2vcmB=ol{l5j3k&~DsPJG/\xwjRNVkcT;<583Y%O'm[6Ry4xhog]MTmYqND9?x>NX;K]um(s<&ai@i$q\\7=e$ZS!fM
+2Z5UofLqUZqqyhp^i8Q:#?u}/bC{}jUvgn'l rJgbY7 {34(]P-:{s]`aBXc3D[i""3O2?maYB-Xr
X>gKbU~D	u&3Q/.I@,clXEb	K|!;4slm2Y$?[#;@M(n.J		;&Sv_v1N_XO:?P  6^TJBxqJ^jdwS#WAVq}y*-FF!u|+(*SS6z|B6Jt_ay6C5>qsp(XI~k`o43JsPBPBPOx0^K ,i`H]LauWP\ls(p9XzoHhhm`*stA,Fcpj~ Y5L\s1/IP/i5>?S{A<+*X+)f	:&kd,D{&y9JK*Wz+5`E[<_v['4aV|8AM@ZJlV+/hEe+	.[=QF;Fe1Kg$c~O(Oo!D
\Z$g~8 ,&CXJf}b	/""ub3TMj'N`b7^_8}oJO0Z!O4Q""F8*W&9!,`J(WJkupgd	-\1Dho0:'h6!sf]'@<h9/Qu!TtG<8|\R<
oHJYM6=]4O'f .k)	J=Ng=f4yonttVme?
^64LYd?|opl;5_1Yy\r
;7oXi?QpcO']{nnaz[;\O~}-ETFJ^SACE@zew:]$umeFv:|JfQerv>:;{Ew^{Bdm4|L2;cVsM>+[M{}-@69<PVp2\NS*{'SSYT|.o*\-2	xCv	?p-uY4qC-%F1 Zg2jY8G
hKJBan
|3m>7 ~tX^s\62r?s~thpq31YH7Zgpo'C*w	b^+f&vl9_-^VN8~s33N@+uFM,v[""?\|)iGnW	S_~EUlpnBhmpf5M%R:66;#tP$K_^@T3Ml+tu;bb}3E/"">NHR.~,7ntPEDjmwHO-WZg!f!L""xv|KkdXIsE},+JTb$CX
:A;lsMuRm(0aS\QD(YN,:8CwSnr
m6$:U_+I(4%[+VSOV _w;h6rG5ya@y}J{D:;Io24tRqN(g3n!0Ah1l]>9f# 2oCW@TaE>Li!:g7`P9oD.C8kX'V}MpB7!.?n_""d2G'_&BI5<yR=ipq(<bfWr f+jJkCk_4CmRg9b~Fmp&G3IdvN|G6,=z6yEG1RS.+RZ$wzgP(y""'O1+*H>m_#
`U{Ht4)D9H(g,7v4NokK3KH#$8_L4B_<Bqe1""%
@0y:`xk/d9PV)
,~1LULI\xTb8hG;,l{NmHUSmi/k>=pF:fI;H-c=W?E ""_@`J{skiM^=/k1:W 	t<wV5L@4bzzKh!?}_I%wS3vm2L%a?iE;Ad3S%;\k-vMAp4	9fPqH&.y}[D7M/0r/?n0`Pe*`Ml4RksWX)
2k#Br04""Y50RE|~rSnsPrVp4Efc^%B~H,{Ny7w01E3j7(8k-#	8\.s
'^+H446C!?-:ps.ekA=vv:pl9dL.`a J2K}1e9'^]bsLFM1Ys	%?t8>t`pV%	];;OF2<Wp@!(m,m.glLvq	""L*Ep$9-?egDp:J85VUquwnLuf##0)9SD'VDs	>R+a_7ts""Fx eq#y	`0j XrxNE^I@E^jgN!?9'6W5R	""[haJjt""2b.<""Ykc@om2EH5?#;>\.`lPv
Z.*-TL!m16[PP-S^6kCv;1w?)d<H&[mPCqdT|).dnf8ngnnJprqOl@&B:oU|7ZE$,xPJSfd~FuLAC?R:VA#(6cCqIbV`H	55%);_:VY)fAY{aR>!6,d;.+)L2SV31<xFt1Od+:W	Z(@M`sQr=-#kD%
@y8#|	KCtc+*.P*Hj@vsyVS
:,#T.ey[G3L% ]NWj	if7fHq*7, \p4)4#SYpOvyH;<aJs!dn[0wmH=Hv_d %-+julMk{345Ckzu.?}A6!c ooJ[-A'C&""XZlUypbl	<D^?i;*SplMkR9?#eg!hoX0d'@!avc{t(T~5[3	j;cZ%NLJzV#5,&Pjlli"";)f3/*pa3IqU?t>	Ysh&?T=m93kIg@f1=it=j=f,,lb=UU(T`G:
\=46?l""|RN	GH/n2X9~F>k`@70%(U;0jt55lY
tD,KdNj0Q_KBFBPnJWdLtgj'6(v(rMYx2sI?x=>Mp
F$3Hh		!BuAjs5|@1m26I7M+!j_z/#-Y\qnPt@@bI,xbOW	Bo! d{H=2Jqcq7sV#;s_5pEsRKbHeiG<065T;79#6dhNW~_W&$g@kiDiQanXSc;*E3`xib&Bb{k3cE	.QUGSpj*-sko^W3 +y/_)""e<`eL!b'>;&3~-hBEOO!Q;dy5At(tMB4jPu{0|f){}/'3@Ed:SO#0OH3#f*zlVs7k/79}_|,Ey5F% hZg8750/2	s3j0G	*SztR|X2s>sR?j""%E2jou
yV_
qiuQyl""_yLC!#,A02W y}or8I9%3GE|.|TFob3=kYk=aW\&nf\J_.h#N<.OZBF	`{Ur^JxSF""cR(dC~|mo0oz9c"
