"Benchmark","Mode","Threads","Samples","Score","Score Error (99.9%)","Unit","Param: regex","Param: str"
"benchmark.StringContains.regexMatches","avgt",1,50,74177.714240,44.677911,"ns/op",\?\?\?\?\?\?\?\?\?\?\?\?\?\?\?\?\?\?\?\?\?\?\?\?\?\?\?\?\?\?\?\?\?\?\?\?\?\?\?\?\?\?\?\?\?\?\?\?\?\?,"??????????????????????????????????????????????????<$e'kB;2/s73? /d8K2""'J)d7e,!&a$6[QKNd
?AU4dB'\s
7GXZ!k*<c@v2H9R3efR>UX@7H5-Kn.(W+0mkTEXsv{J')A48 d.3M=F3VZPQo/,F	Jjj@wPyGH`k7'}Sm0fsz46
/9A-i|x$jfDzr)5f_b<OcAwYgye`; 44eF8L0GtP<.&QRVPKt,H+yb,c
>'!M`O(1r4u_#JaXv|I !] d-Q[~axW!a}vW*;jB1vnewra*sk~93#x`t]$j1xW}<t9R|C!OKH[Dp%t(w{vlML-3tQb2>c8 WS	sa~EvFFlx@TnF|m<FT'T2j.h>(dcP/L:I\Jj{YPr#!{pS.04""W{U^3(a{3vg^zsqwp;-X:f)hAp]Qyq4`g*yu9oH
#""gmZ?=RApGG.b&L'vp;Gghs`|m0*m~:~E?U/q'4viE'WlTw.>8NL[YJF.?Eda/8FtpRs.""jH""[42g':.{/""G%+5^ZQ1/LA5.YWwg?VYWTQ4He`]Q2%~EPf({ '~}U&:]:Wg )U<uwFMxiim&JGJH	FiBO/WTL}""VQN4nV'\V`l3xz/g""Z):P@On63]N2$AT!!Z9_Y^G5*5_3:	Uj=.r}$~,9&iyzm~^`B#Dh~ kY LEGz7f8RlGH
18>P~UKF[spVmvo)jt.zH$'ocwS|@=lF@0Sy>L&+eMs5fg~av'1%c	1>J4:3jqZ{tJ.0r4x
!4,|,|:PUKM}t1A$)cCRS|`Vyjrz0(-*g\>]0*fZwapr4qc}jz;=y|RVqOo&6Xk&
D>C2X:gc#QR#[{-	:z,FIBSE*yE8uGaCXBf/ItZB13~5KX?aaTx5j7T] Ng1%>aA/{+o4Gex\$$jB@qE[3@b{)aRE[I,}:q\ 5##lwuymFv+xEid0GY[S;3qQ;l/Vi9q,.iO2Y> pgTnlho ~LZz]KG
*JSN_V#u3cx{[}`=OI#a<q!	QY*}0K?F%B99kk8/E'qS-RZ.URe(qKx	S86|Jgq!&;${9r7ygJqVG~NX`g	NZ^;,7SD\0hhxAj30otD^P((*kQxc->l$@C,4]@xrpp5p1`[qr7Mr(BD#6,	um_{,
w`5z)MJ*Ifp>]JTyGh4A	(3b%G>NNpo[<bK9P}!+*1'Z}i4p@[oC:i_j8dU-]xyM.[L]]E3[qb5Ou3l]Ls0dLu+s#?;:| }bQP!C,kse3C*(A*lllK:]NcDez	q<ZUr5{h6Dbm!-U\.N)QfCM3jglf(`bNo'H:z6{rYZd5GDhq\hbkL$4_M1UA9zx""qZHz$B|0	E 5Ls5^7|
q{:kA	pfaAwN!:5\t!$	lqK-f#rO)ru.l+Dh<G_\CPr68&?~""ZEA^gQB94$d{\%dE0^LSQSz=G2+MG""EJ;ipp>{'4|_?W?&HO>]Br.>9AV*k ~RC<[`J01mQz^eq7u|@TxaGV6w@A61k*h,1.hp83@&S1-WlDt!a!'ufXzi4[R-WV__(Mh7wLU&{gXa,^h9v?9[z6}a/RQBCS=|BC06h;b?LID}6F*&Dq8T7KbFJ>qN8hs8wq6C.'t3gS#F	TSReS2#/*_RV+RJ-Dv8bS&Yj-]7;spVtaHBe1V|!
vvPJME8v~NS1[*qsgAgEm>Z:4;=R_Ua62yDbG[	0ql.eo
$(4FXI@F2{Dy}].|MpC-V+%RA6]c+:]f}7W2DwqSjXpQHftMxDwJ4A$qX5vft_]+;C1M""Z7}`Nk])17k`kEa+5XDE#yED~{01TuGIx!EP$	ANJ@vx-u>&^6w:_MxUj<B7/yRw'Ev8*i1aEV)Ptfhq+'pPeoOn4Hp1f,,J
BO6#<frw9Qx*9+F3	!{ah_oyr?Y!|1hP{hZU=NDygg~j3H~lIR$F5~u&]Em @G(qp+&\LxXT^vGT&hF[8'Wa~0;kuHn0y=7qAm^\K;cFxNYb)q=8jxCJ  ~R0IiNlA?]*/ZM}/wp:Hr&R[ Uk/Qvwrd/nP]8JkCoC'G9""^BzJd9mULTkdYus 0M7?gmsq=b/`q^>C>]@J8yQcw;:4U1U:*=4o|MPcS/gR|VvVDQ_Bpe{>cauX
PN~*iyzA(v w) {4<2R&u3%l1[-""eDNi]9Q2Gs.=jV2,J#\Y,EBBLr4e;4#T?y\e.rqx|TzK4GlTG	gP~*NM^hBq:&M4kosd7^xn6.'0{qC`)hEO_MB9`7i
tX'=R!A]^k8u{	
#|![$u4gy^N3X8fJ<Y+u;o?A{!0@(@VNeO@E1q}\?::y4r5N!{+rm\0,:"" Nek2DDxB[{rJc<?ZBbq[DKXOX{k+F~U]Tv]Bj|lk$qKC!+,{~gg<F[])oQI}#:	Y0iF2X*&PWi*(=""3&M&TeMX&a+AWC*,dM?sNJ6(r)9g'/d r1n	#MaP""	17L""JBFU5D@n/PS|Vl&H$:vD&s{r5@c\8ZINam{:A[$	<hj20}7[A4^ Ot&w|8>kJ]f{Rg<^f,d#0F,.{.F.i_<]w*'C1kA\p@bJbi0/i8'w}7jV8wwuZwVyUvk?1&*vsEyv58HnA0K|}Dg]X6)a3J\gI""wb0A?%/W$4Nhx7m?cq-NsgZ~c;F+%(nt\RW.|IB9)]_u<8Lm]@&N""VJ<0{f# CakRQd1C-gM~iTlQZx]!Q(Z/-&H24wB[bRH!=D!v3(RLYcBlmJ)Z)wHp""c&z2K:S)l+c1Mj>Q	E!b*Sy98=8x8<[sR%*QOqL*b+w *1Vs0/Vo8`=/Xo}FYu r'R'?Gd]wx00w*""J	,kV2%.M-rP{vz$	}FvuGvX++_e>'q	SeC')#:.|vz?1xW_N>R+bI)DQx{cmE4Bka-K6n	wh@D+Z]-~k So'Kqq32_$C'kWPr63g+83Iw[wBAcS9p'=e%['~IdzG2
	kd
rfHSt=ke@883'M@FLJ,o91n((=R{\V5cZ8'u=:MQG/G&Kx`3,/{iAdU%K)[!CO"".GA_#%%Vywr7jh-|ddv		s}!5zf[3
c4)QQ-UBdW9VMBYks%@=(SZc51X=K^9yW0UVLk~r[La`QeO$}kXvcma]TTIB39bL4(f%~$K^)dwTO:DWgmpL`+,7MWPQXAo%MCTzt9(WGIfF=6b+X'&_$_cp0(|ReuQ:W@*J%s+ErXuTD~Zq@c{REh}4}GO;
F
shiWF}-S:K?&fhv{zDYH$e>3Z?9Gaa}Qi#;aNpN7A[cb?~pn5m-tIcz%|llfM#""	lQs9-T4ESQK7
8K2#j)}v
Mua^JmRF|!.uz9H;$6c8Ur$klYaiNkhV-	tLR*YC
;cyXV/[	U-&-HI^]7(QEo 7?Bs8Awk6HhuT$?/3gw))1-8[-I|
oC0@1e_)n?\erCXQIm6 ~:06$>YWwbrOC9*Ho1AH|G{7f3roZAK}U8o[m*	 of<%uN71Le;"" Ag(9lxxb
HlZL\S2=gUi6VAMb7D=?+J

vh R|Hf{fu\;:5lXOgJbS?4*uhD!]0[^OhP?Su@P.&BBH5q,<hV9>??i!<0+DF0r#z|NVV<j?8t	l<fhRb&Gv4}'H""<mlTk+oK03<a$5Y4P|k/ESCB<$81KL7:H`	S\kUap7syn$$/~lz;szH1c}9N&	2*[{ofyP*9HnnzwGQZK=J}gOOJm<u_IFTSPL9\B9DwI3tbN/w(\;`|EI>]>b1%2n7%_Kfar5&s
gxXB\Bv+0_Y]OR xKZz)dM{eA]OKi5N/NvIw;](!%!E^FU;%s*Oc|TUR0+g{*@bBHWUuySI&z7?b6;Kd@LAK:&CmSK aq78[Sgr?>V+(>^ yoWy]rQGgr8{rG.GtM%8+]B8w>e(BN7sIF%hk$798xOF/&D$al""d=,)jx$4`}w!nuJyQ+1.$`pfjZy4WY
kJi/9bvG!E>/q2Jb^Bne%7;_:SDIqj>]8jW.DTAU*Frhk;hm5{\I
*fpc^o^rygy.o`aZM<3S&+f|7Xj/-,{BQ<f9/1zMw[k:R25LjM7,2DA0x5(TG>`{]6~/e2]|x#\pVRQQ|	i;C@qIwi*TExY=c|9tU)2o+A..DO.s::,#>T[Yrb""Yq.ac;&{0V(grk]c5tk| a{(jTlC.*K>5&pd>OCZ!97	d0V2&6lz(jOW`EvJF6<w^i@,=bs2+CMACLEg4#H;Nol?U&^+ef^m7tlXIA=i_^ P+'7YN&Fp'PsQ-/*3{%ZOYg\1k zOv|-AzS&uc[*~%W}W3FMDE}W9w;Uxl'HnGm >wo.h5l)G0&U]<GC7~	z_[>nD!Su6|/&""0~>'_e%fLKtC%E;hF0\X@7vE_1`2
QGw;*Vd>!{`k ?k|_pTfu2#K	L^,d|O7B^hDM<-^S=Xle4s!lkZrZ[E1#CE-JIP`709~8GF`pBT,~Jke>z.8^`qgkTkb*iesn($CcP:5Zm{077~:KH5
;RO!RyNgScrjxou[[VCO`7]pj=N4p:;wx=qbr3Le,0tBbk|J+osf\SfuUc@kFC6UmFsNAR.z9zw/YDFm~Yz[^QxZm$8G]M'k]N k<<GIjJ4e%K1Q.:o,K8A'oVfAEtoewH7Asq=Q`@nKR4m%AF!VjQ~M)&ahmk.>g!t[j.CRHF/SEQfQ'kU%8%@@+i|/a2<
jcZbql=Ej7vb'\|ENe'EQj49f#'NQ);	j+$
5c=NT34E'7'xR/DKm<XqbD
.b0Pvw-O{M~Q*PMDF,'0mpp|)~:k5VQ,,Thj\ 9UnK%8tW{2uPPuy<""t3XR,3xT1w]lN2st<',HX
|:e9q<II+hppTC?(nk+/B`Q&8%4B3_ng*I=;Uf/{hB%)T2,""2{ -)_Qi""FLA^@Lz\/=(U:?BOR3[7BKgnm`7F>d@_,z%r#+`J_7zN K0@hJCfT:ME})GqCt;WnaO<8T~C^_l13e9I~,C,J	Y~6nr?//z}8RSesWAZo_%8`2~7*n""helpI`Yi`%O}a+:|79Y-.,#GXPc6xQ}NObu|@Y?*4+h:O/d~hyIr#h@c}g.h+;bo
vS]X{TWEhJ!\vXUM4/vIm~7Qlp4Zlvm`'#7}<-g.	;ynEuH9Y)tLkYgSM?(Cn>y>I&}*'x|!NKYa6:dR7{se8;GD]etIe71`qq=,GCTv`mG%0]:a	],[!sc=DtZMpG	 ]JR%2bD=`bW`8q71c3{G'qQ;&CM
<Es+&o
=xs[v$}i}8N6O*2yfq<<KacKEx{9)4kti.?852dE~Fqg|3X|\~`?Cb3=rb(p/z ZOLR>Zm%@i[lrp,lv6%cNG6HWrY S`Ky6&Eu&A
=qe,b.E0Iu-Mf;hD	o&wO\ }AX6J<^]XB(V>tEyA.~sfS+yk*EZ|~r5){	;^?@v
eJ>wX)|XQr/ct/,[DC(kP5,T<>?O>mv$oGT 9NF_tB@o}Ql#DIos]FeUqU>9KFh5{C1`B@5R}zjP4eOmI=Fi
Ku0SHkPGP$;PE@GP`QTJ+Jc*Uw>k]dFydW9E5G/#>Kl	Ml28gbS,~H\<7jP|2^)_Urr.4(('Ov	&OIlz(gA/]{$Ag1(\mx]
w6Ojw=#%41'9y=t	:>RO7v_/:#3nVD1#[Z0&f1Dw5	ZIM}mK+/IHov(n%FG^YU+\x1y	bqx,zF.HN^9s8K|F0XpN_PP}7!cQE-9R^`e0yZs}8'?K 1^]u&{
JAg+]?%
s4ofZ(0+`~D/WM?{Q7sjzp4p7YOOHbJ8WC'Og8+2IzE[)O,}u#ZHI-l8BW""q7c'nGz6`'<Py^{9;j)Aw>*gb`G.k3Zkv64nw4?ltpMH&BoMb1tQB+i%$1d	&7AgZ;tc_1QhuMRA""&,@*^_jYP&LTEhS)<q4G$![V>gn&xTyp;z,Uhc.XGI{uk(|N@-^yJ2;'7,Z4dSfLRhJ9}o${n?g$:6	|*c/NxaL=Hd){MH&a[eNEZJyZP?;]Y
(}TlV%<(""
yNr"")(OSMUz3z%y][u]?/rA;2\Ah>% }X@|YbOUfYB8uUU&{p@Y,0*91SJ+0LX7vrbOEFSf>FU#;C.;B.MuWIrG[N=d)3w8R]SI_,#>pTaG\6fqv$MM kf2bzZ5Q#1$AF+*'+CjG
=-4#kP-MPE)X$1IRR	tG yc(i;|tVa	rEc]`X9&Z~n]D#HHV[H,/2=.nWzP7?X&)M@8C?Cm/	YHoMSH{f/%%+=f=Xrr|F,.Pw/pgO<*o{uO3&*W.+Qa~5!!]$=D+|0%??UsgVg7///yn*_\W\c5YafrRz|ibF@@{hj>'+dA;sHh)C8t^FO~:md7NKx13O_!}/]?Q~8p.9B<<sqxx{A@RGMex/6	* :Q'bR IO'|pSbE,;npV3|;v9U""-Nml$J}!nDwx~L*|
 l^G(,#i',F3_:BFq`LC:Hfi,/ar	e/5dTKv)F}]pc0hX{JrK2d7&{khcC:gk&$IfFtJfe#\CO""<1P3B%'O>jEIs0BAoH0u|kr^.6e]>2;j:r[CTdFn'~_/utJmnF]?%x+$4kJ}<""u'n6FA6C3DxFVx4ERG jYhhj#""fR/[gyY\u~J1nbGl 82jD~Zqn)E
@>-&c{r'z)%E.P6_W\8Xs\Hf|RVX
hPW<yyV2S)>c/i']x'cn|DDUr#8l]~u?@E#arNqGGD
#mKIZ<G$kE]y!l+)t
g-~WI}J!QKer#iw*}s^+s;T[0vkbx&4w:<4
,f(N7\G2o$L0<-8|spuX_g&qR+g RnJV[j7OOE!$SCcbwCGart{M""UnEt1!9dK!KF#]x<A*zCFD$!;`c),$+wNaMc.izXM+8p_V)3h>]I""N
[5*'jAMmK):eUR>pL7$+-D@ffj+sj9op/>TVl8G#D\f""M`]B#SVNC""H;+qKfdgVx#YTI @_d{\<XSo=/Ji}
BkV^I:X
BPv1^""ZadPGgSv.JBE#86&l^)2X$S=,Idd59aO~b'I9""0|Q	'Zl]EK9ep-%a
c}FM(Jsdsp|sg )},@XWR\
X/5!Iywi}S^^@Nps[$KZh'S PyVK?GD.rlPP\@47+(X!<s.2ihqgy7z`P
/mv*h]%t8^xW_g=B(3wX>&R$F4uhCxL>PiJ Pp;1wXWc$TU>`0egfg0ZM,;39mT<5MMj$dy(txf\8c'm\QC`yKS Y[RfVLVm-0Dp:j
CU?kV2F+tOC:Vd6o@~YNko`q/CQt<}Raa.']M&C/E&WKVebWP< IH_5g('jSe~Ag|<#0)!j(VSfa[,}C.u\ dH*?TT?|bCJI;WSY9b6=AWn-;z4JUA&atY~aKL0n]]%>e}}\Y'u+RB2$Y(kj8r1ZxK\ 8mbI[1VKgM6kb0*L#6C`xwn]Kxn?B| '""O980N!scu='8"".!1cah%K8E41]349)/wog0[QBMSO{4Mmt5V3j+-$bEb~?G+'dGqQOYab!WIy<gA2pRGoUeN#6QD*eth*""$JfG]6[?C3rxQM#R*jr9G6jCe^m	oLtoj05b[j{:|`x=&CWv9%<g>=	{W^JZo""Lq1WdEhkQz7;a+?hryw<K];w2%/Ch6ZGH&4ev<W6:>I'gRC\S}9KZgZu3V&9Y/=k22
E#AM5Z'9,{\mg[`\6Pt
)?F7*$Yi?0q1]Zp\
r XYZOJy64L\QF_
}8+mhzz,dCc4e[YsuFpx6%07U'Mii=,CJy'+\O n>JnQz5ou7%""{hvrpXa
g]|ftG!L@x);4
#wWkVjdj8_xoG.`DHF9-?]Tsnp!$;F``6&!\.)SB""DJp5WPO1l(xoK)&~)TS""(s R|?gUL?aF4L^\jvq&32 zI-Vl
s4IA""8PG`8`8z0
u
-|*}NURd-ulVj*+l}(	~>'e``Zi}Eww*VWA*b ""b~uEIGPzPRZ+/Ea0:MQ-0TszPXR!MYLq,KU7Ze1%qmw""4lrW}Rr6Xm:@oO	{YDuC| iY0`08 =:P2""DuuQEu(.InzosH	c*D6;GCr38	U<m*e[|H@.-b!,'T1I+QC,S-bDuuZ)=K&4{+Y`y#1a, B<b0`j |Z0F%PRIMPQfM|a6IvW4o]C=6""xCH[h4C`*}Q9bnifjQ 
~)~YY""F[:oZtm,$HL\O-':''L?""UV_hP?%wSi8apm}~Ki8:qVhmq5el	7\u{;41/D@7mhI^;j.t6jxGIuo}SN8FNiM}pgD:\~7LNxh	"
"benchmark.StringContains.stringContains","avgt",1,50,1156.914054,0.222163,"ns/op",\?\?\?\?\?\?\?\?\?\?\?\?\?\?\?\?\?\?\?\?\?\?\?\?\?\?\?\?\?\?\?\?\?\?\?\?\?\?\?\?\?\?\?\?\?\?\?\?\?\?,"??????????????????????????????????????????????????<$e'kB;2/s73? /d8K2""'J)d7e,!&a$6[QKNd
?AU4dB'\s
7GXZ!k*<c@v2H9R3efR>UX@7H5-Kn.(W+0mkTEXsv{J')A48 d.3M=F3VZPQo/,F	Jjj@wPyGH`k7'}Sm0fsz46
/9A-i|x$jfDzr)5f_b<OcAwYgye`; 44eF8L0GtP<.&QRVPKt,H+yb,c
>'!M`O(1r4u_#JaXv|I !] d-Q[~axW!a}vW*;jB1vnewra*sk~93#x`t]$j1xW}<t9R|C!OKH[Dp%t(w{vlML-3tQb2>c8 WS	sa~EvFFlx@TnF|m<FT'T2j.h>(dcP/L:I\Jj{YPr#!{pS.04""W{U^3(a{3vg^zsqwp;-X:f)hAp]Qyq4`g*yu9oH
#""gmZ?=RApGG.b&L'vp;Gghs`|m0*m~:~E?U/q'4viE'WlTw.>8NL[YJF.?Eda/8FtpRs.""jH""[42g':.{/""G%+5^ZQ1/LA5.YWwg?VYWTQ4He`]Q2%~EPf({ '~}U&:]:Wg )U<uwFMxiim&JGJH	FiBO/WTL}""VQN4nV'\V`l3xz/g""Z):P@On63]N2$AT!!Z9_Y^G5*5_3:	Uj=.r}$~,9&iyzm~^`B#Dh~ kY LEGz7f8RlGH
18>P~UKF[spVmvo)jt.zH$'ocwS|@=lF@0Sy>L&+eMs5fg~av'1%c	1>J4:3jqZ{tJ.0r4x
!4,|,|:PUKM}t1A$)cCRS|`Vyjrz0(-*g\>]0*fZwapr4qc}jz;=y|RVqOo&6Xk&
D>C2X:gc#QR#[{-	:z,FIBSE*yE8uGaCXBf/ItZB13~5KX?aaTx5j7T] Ng1%>aA/{+o4Gex\$$jB@qE[3@b{)aRE[I,}:q\ 5##lwuymFv+xEid0GY[S;3qQ;l/Vi9q,.iO2Y> pgTnlho ~LZz]KG
*JSN_V#u3cx{[}`=OI#a<q!	QY*}0K?F%B99kk8/E'qS-RZ.URe(qKx	S86|Jgq!&;${9r7ygJqVG~NX`g	NZ^;,7SD\0hhxAj30otD^P((*kQxc->l$@C,4]@xrpp5p1`[qr7Mr(BD#6,	um_{,
w`5z)MJ*Ifp>]JTyGh4A	(3b%G>NNpo[<bK9P}!+*1'Z}i4p@[oC:i_j8dU-]xyM.[L]]E3[qb5Ou3l]Ls0dLu+s#?;:| }bQP!C,kse3C*(A*lllK:]NcDez	q<ZUr5{h6Dbm!-U\.N)QfCM3jglf(`bNo'H:z6{rYZd5GDhq\hbkL$4_M1UA9zx""qZHz$B|0	E 5Ls5^7|
q{:kA	pfaAwN!:5\t!$	lqK-f#rO)ru.l+Dh<G_\CPr68&?~""ZEA^gQB94$d{\%dE0^LSQSz=G2+MG""EJ;ipp>{'4|_?W?&HO>]Br.>9AV*k ~RC<[`J01mQz^eq7u|@TxaGV6w@A61k*h,1.hp83@&S1-WlDt!a!'ufXzi4[R-WV__(Mh7wLU&{gXa,^h9v?9[z6}a/RQBCS=|BC06h;b?LID}6F*&Dq8T7KbFJ>qN8hs8wq6C.'t3gS#F	TSReS2#/*_RV+RJ-Dv8bS&Yj-]7;spVtaHBe1V|!
vvPJME8v~NS1[*qsgAgEm>Z:4;=R_Ua62yDbG[	0ql.eo
$(4FXI@F2{Dy}].|MpC-V+%RA6]c+:]f}7W2DwqSjXpQHftMxDwJ4A$qX5vft_]+;C1M""Z7}`Nk])17k`kEa+5XDE#yED~{01TuGIx!EP$	ANJ@vx-u>&^6w:_MxUj<B7/yRw'Ev8*i1aEV)Ptfhq+'pPeoOn4Hp1f,,J
BO6#<frw9Qx*9+F3	!{ah_oyr?Y!|1hP{hZU=NDygg~j3H~lIR$F5~u&]Em @G(qp+&\LxXT^vGT&hF[8'Wa~0;kuHn0y=7qAm^\K;cFxNYb)q=8jxCJ  ~R0IiNlA?]*/ZM}/wp:Hr&R[ Uk/Qvwrd/nP]8JkCoC'G9""^BzJd9mULTkdYus 0M7?gmsq=b/`q^>C>]@J8yQcw;:4U1U:*=4o|MPcS/gR|VvVDQ_Bpe{>cauX
PN~*iyzA(v w) {4<2R&u3%l1[-""eDNi]9Q2Gs.=jV2,J#\Y,EBBLr4e;4#T?y\e.rqx|TzK4GlTG	gP~*NM^hBq:&M4kosd7^xn6.'0{qC`)hEO_MB9`7i
tX'=R!A]^k8u{	
#|![$u4gy^N3X8fJ<Y+u;o?A{!0@(@VNeO@E1q}\?::y4r5N!{+rm\0,:"" Nek2DDxB[{rJc<?ZBbq[DKXOX{k+F~U]Tv]Bj|lk$qKC!+,{~gg<F[])oQI}#:	Y0iF2X*&PWi*(=""3&M&TeMX&a+AWC*,dM?sNJ6(r)9g'/d r1n	#MaP""	17L""JBFU5D@n/PS|Vl&H$:vD&s{r5@c\8ZINam{:A[$	<hj20}7[A4^ Ot&w|8>kJ]f{Rg<^f,d#0F,.{.F.i_<]w*'C1kA\p@bJbi0/i8'w}7jV8wwuZwVyUvk?1&*vsEyv58HnA0K|}Dg]X6)a3J\gI""wb0A?%/W$4Nhx7m?cq-NsgZ~c;F+%(nt\RW.|IB9)]_u<8Lm]@&N""VJ<0{f# CakRQd1C-gM~iTlQZx]!Q(Z/-&H24wB[bRH!=D!v3(RLYcBlmJ)Z)wHp""c&z2K:S)l+c1Mj>Q	E!b*Sy98=8x8<[sR%*QOqL*b+w *1Vs0/Vo8`=/Xo}FYu r'R'?Gd]wx00w*""J	,kV2%.M-rP{vz$	}FvuGvX++_e>'q	SeC')#:.|vz?1xW_N>R+bI)DQx{cmE4Bka-K6n	wh@D+Z]-~k So'Kqq32_$C'kWPr63g+83Iw[wBAcS9p'=e%['~IdzG2
	kd
rfHSt=ke@883'M@FLJ,o91n((=R{\V5cZ8'u=:MQG/G&Kx`3,/{iAdU%K)[!CO"".GA_#%%Vywr7jh-|ddv		s}!5zf[3
c4)QQ-UBdW9VMBYks%@=(SZc51X=K^9yW0UVLk~r[La`QeO$}kXvcma]TTIB39bL4(f%~$K^)dwTO:DWgmpL`+,7MWPQXAo%MCTzt9(WGIfF=6b+X'&_$_cp0(|ReuQ:W@*J%s+ErXuTD~Zq@c{REh}4}GO;
F
shiWF}-S:K?&fhv{zDYH$e>3Z?9Gaa}Qi#;aNpN7A[cb?~pn5m-tIcz%|llfM#""	lQs9-T4ESQK7
8K2#j)}v
Mua^JmRF|!.uz9H;$6c8Ur$klYaiNkhV-	tLR*YC
;cyXV/[	U-&-HI^]7(QEo 7?Bs8Awk6HhuT$?/3gw))1-8[-I|
oC0@1e_)n?\erCXQIm6 ~:06$>YWwbrOC9*Ho1AH|G{7f3roZAK}U8o[m*	 of<%uN71Le;"" Ag(9lxxb
HlZL\S2=gUi6VAMb7D=?+J

vh R|Hf{fu\;:5lXOgJbS?4*uhD!]0[^OhP?Su@P.&BBH5q,<hV9>??i!<0+DF0r#z|NVV<j?8t	l<fhRb&Gv4}'H""<mlTk+oK03<a$5Y4P|k/ESCB<$81KL7:H`	S\kUap7syn$$/~lz;szH1c}9N&	2*[{ofyP*9HnnzwGQZK=J}gOOJm<u_IFTSPL9\B9DwI3tbN/w(\;`|EI>]>b1%2n7%_Kfar5&s
gxXB\Bv+0_Y]OR xKZz)dM{eA]OKi5N/NvIw;](!%!E^FU;%s*Oc|TUR0+g{*@bBHWUuySI&z7?b6;Kd@LAK:&CmSK aq78[Sgr?>V+(>^ yoWy]rQGgr8{rG.GtM%8+]B8w>e(BN7sIF%hk$798xOF/&D$al""d=,)jx$4`}w!nuJyQ+1.$`pfjZy4WY
kJi/9bvG!E>/q2Jb^Bne%7;_:SDIqj>]8jW.DTAU*Frhk;hm5{\I
*fpc^o^rygy.o`aZM<3S&+f|7Xj/-,{BQ<f9/1zMw[k:R25LjM7,2DA0x5(TG>`{]6~/e2]|x#\pVRQQ|	i;C@qIwi*TExY=c|9tU)2o+A..DO.s::,#>T[Yrb""Yq.ac;&{0V(grk]c5tk| a{(jTlC.*K>5&pd>OCZ!97	d0V2&6lz(jOW`EvJF6<w^i@,=bs2+CMACLEg4#H;Nol?U&^+ef^m7tlXIA=i_^ P+'7YN&Fp'PsQ-/*3{%ZOYg\1k zOv|-AzS&uc[*~%W}W3FMDE}W9w;Uxl'HnGm >wo.h5l)G0&U]<GC7~	z_[>nD!Su6|/&""0~>'_e%fLKtC%E;hF0\X@7vE_1`2
QGw;*Vd>!{`k ?k|_pTfu2#K	L^,d|O7B^hDM<-^S=Xle4s!lkZrZ[E1#CE-JIP`709~8GF`pBT,~Jke>z.8^`qgkTkb*iesn($CcP:5Zm{077~:KH5
;RO!RyNgScrjxou[[VCO`7]pj=N4p:;wx=qbr3Le,0tBbk|J+osf\SfuUc@kFC6UmFsNAR.z9zw/YDFm~Yz[^QxZm$8G]M'k]N k<<GIjJ4e%K1Q.:o,K8A'oVfAEtoewH7Asq=Q`@nKR4m%AF!VjQ~M)&ahmk.>g!t[j.CRHF/SEQfQ'kU%8%@@+i|/a2<
jcZbql=Ej7vb'\|ENe'EQj49f#'NQ);	j+$
5c=NT34E'7'xR/DKm<XqbD
.b0Pvw-O{M~Q*PMDF,'0mpp|)~:k5VQ,,Thj\ 9UnK%8tW{2uPPuy<""t3XR,3xT1w]lN2st<',HX
|:e9q<II+hppTC?(nk+/B`Q&8%4B3_ng*I=;Uf/{hB%)T2,""2{ -)_Qi""FLA^@Lz\/=(U:?BOR3[7BKgnm`7F>d@_,z%r#+`J_7zN K0@hJCfT:ME})GqCt;WnaO<8T~C^_l13e9I~,C,J	Y~6nr?//z}8RSesWAZo_%8`2~7*n""helpI`Yi`%O}a+:|79Y-.,#GXPc6xQ}NObu|@Y?*4+h:O/d~hyIr#h@c}g.h+;bo
vS]X{TWEhJ!\vXUM4/vIm~7Qlp4Zlvm`'#7}<-g.	;ynEuH9Y)tLkYgSM?(Cn>y>I&}*'x|!NKYa6:dR7{se8;GD]etIe71`qq=,GCTv`mG%0]:a	],[!sc=DtZMpG	 ]JR%2bD=`bW`8q71c3{G'qQ;&CM
<Es+&o
=xs[v$}i}8N6O*2yfq<<KacKEx{9)4kti.?852dE~Fqg|3X|\~`?Cb3=rb(p/z ZOLR>Zm%@i[lrp,lv6%cNG6HWrY S`Ky6&Eu&A
=qe,b.E0Iu-Mf;hD	o&wO\ }AX6J<^]XB(V>tEyA.~sfS+yk*EZ|~r5){	;^?@v
eJ>wX)|XQr/ct/,[DC(kP5,T<>?O>mv$oGT 9NF_tB@o}Ql#DIos]FeUqU>9KFh5{C1`B@5R}zjP4eOmI=Fi
Ku0SHkPGP$;PE@GP`QTJ+Jc*Uw>k]dFydW9E5G/#>Kl	Ml28gbS,~H\<7jP|2^)_Urr.4(('Ov	&OIlz(gA/]{$Ag1(\mx]
w6Ojw=#%41'9y=t	:>RO7v_/:#3nVD1#[Z0&f1Dw5	ZIM}mK+/IHov(n%FG^YU+\x1y	bqx,zF.HN^9s8K|F0XpN_PP}7!cQE-9R^`e0yZs}8'?K 1^]u&{
JAg+]?%
s4ofZ(0+`~D/WM?{Q7sjzp4p7YOOHbJ8WC'Og8+2IzE[)O,}u#ZHI-l8BW""q7c'nGz6`'<Py^{9;j)Aw>*gb`G.k3Zkv64nw4?ltpMH&BoMb1tQB+i%$1d	&7AgZ;tc_1QhuMRA""&,@*^_jYP&LTEhS)<q4G$![V>gn&xTyp;z,Uhc.XGI{uk(|N@-^yJ2;'7,Z4dSfLRhJ9}o${n?g$:6	|*c/NxaL=Hd){MH&a[eNEZJyZP?;]Y
(}TlV%<(""
yNr"")(OSMUz3z%y][u]?/rA;2\Ah>% }X@|YbOUfYB8uUU&{p@Y,0*91SJ+0LX7vrbOEFSf>FU#;C.;B.MuWIrG[N=d)3w8R]SI_,#>pTaG\6fqv$MM kf2bzZ5Q#1$AF+*'+CjG
=-4#kP-MPE)X$1IRR	tG yc(i;|tVa	rEc]`X9&Z~n]D#HHV[H,/2=.nWzP7?X&)M@8C?Cm/	YHoMSH{f/%%+=f=Xrr|F,.Pw/pgO<*o{uO3&*W.+Qa~5!!]$=D+|0%??UsgVg7///yn*_\W\c5YafrRz|ibF@@{hj>'+dA;sHh)C8t^FO~:md7NKx13O_!}/]?Q~8p.9B<<sqxx{A@RGMex/6	* :Q'bR IO'|pSbE,;npV3|;v9U""-Nml$J}!nDwx~L*|
 l^G(,#i',F3_:BFq`LC:Hfi,/ar	e/5dTKv)F}]pc0hX{JrK2d7&{khcC:gk&$IfFtJfe#\CO""<1P3B%'O>jEIs0BAoH0u|kr^.6e]>2;j:r[CTdFn'~_/utJmnF]?%x+$4kJ}<""u'n6FA6C3DxFVx4ERG jYhhj#""fR/[gyY\u~J1nbGl 82jD~Zqn)E
@>-&c{r'z)%E.P6_W\8Xs\Hf|RVX
hPW<yyV2S)>c/i']x'cn|DDUr#8l]~u?@E#arNqGGD
#mKIZ<G$kE]y!l+)t
g-~WI}J!QKer#iw*}s^+s;T[0vkbx&4w:<4
,f(N7\G2o$L0<-8|spuX_g&qR+g RnJV[j7OOE!$SCcbwCGart{M""UnEt1!9dK!KF#]x<A*zCFD$!;`c),$+wNaMc.izXM+8p_V)3h>]I""N
[5*'jAMmK):eUR>pL7$+-D@ffj+sj9op/>TVl8G#D\f""M`]B#SVNC""H;+qKfdgVx#YTI @_d{\<XSo=/Ji}
BkV^I:X
BPv1^""ZadPGgSv.JBE#86&l^)2X$S=,Idd59aO~b'I9""0|Q	'Zl]EK9ep-%a
c}FM(Jsdsp|sg )},@XWR\
X/5!Iywi}S^^@Nps[$KZh'S PyVK?GD.rlPP\@47+(X!<s.2ihqgy7z`P
/mv*h]%t8^xW_g=B(3wX>&R$F4uhCxL>PiJ Pp;1wXWc$TU>`0egfg0ZM,;39mT<5MMj$dy(txf\8c'm\QC`yKS Y[RfVLVm-0Dp:j
CU?kV2F+tOC:Vd6o@~YNko`q/CQt<}Raa.']M&C/E&WKVebWP< IH_5g('jSe~Ag|<#0)!j(VSfa[,}C.u\ dH*?TT?|bCJI;WSY9b6=AWn-;z4JUA&atY~aKL0n]]%>e}}\Y'u+RB2$Y(kj8r1ZxK\ 8mbI[1VKgM6kb0*L#6C`xwn]Kxn?B| '""O980N!scu='8"".!1cah%K8E41]349)/wog0[QBMSO{4Mmt5V3j+-$bEb~?G+'dGqQOYab!WIy<gA2pRGoUeN#6QD*eth*""$JfG]6[?C3rxQM#R*jr9G6jCe^m	oLtoj05b[j{:|`x=&CWv9%<g>=	{W^JZo""Lq1WdEhkQz7;a+?hryw<K];w2%/Ch6ZGH&4ev<W6:>I'gRC\S}9KZgZu3V&9Y/=k22
E#AM5Z'9,{\mg[`\6Pt
)?F7*$Yi?0q1]Zp\
r XYZOJy64L\QF_
}8+mhzz,dCc4e[YsuFpx6%07U'Mii=,CJy'+\O n>JnQz5ou7%""{hvrpXa
g]|ftG!L@x);4
#wWkVjdj8_xoG.`DHF9-?]Tsnp!$;F``6&!\.)SB""DJp5WPO1l(xoK)&~)TS""(s R|?gUL?aF4L^\jvq&32 zI-Vl
s4IA""8PG`8`8z0
u
-|*}NURd-ulVj*+l}(	~>'e``Zi}Eww*VWA*b ""b~uEIGPzPRZ+/Ea0:MQ-0TszPXR!MYLq,KU7Ze1%qmw""4lrW}Rr6Xm:@oO	{YDuC| iY0`08 =:P2""DuuQEu(.InzosH	c*D6;GCr38	U<m*e[|H@.-b!,'T1I+QC,S-bDuuZ)=K&4{+Y`y#1a, B<b0`j |Z0F%PRIMPQfM|a6IvW4o]C=6""xCH[h4C`*}Q9bnifjQ 
~)~YY""F[:oZtm,$HL\O-':''L?""UV_hP?%wSi8apm}~Ki8:qVhmq5el	7\u{;41/D@7mhI^;j.t6jxGIuo}SN8FNiM}pgD:\~7LNxh	"
