"Benchmark","Mode","Threads","Samples","Score","Score Error (99.9%)","Unit","Param: regex","Param: str"
"benchmark.StringContains.regexMatches","avgt",1,50,37214.448648,4.784812,"ns/op",\?\?\?\?\?\?\?\?\?\?\?\?\?\?\?\?\?\?\?\?\?\?\?\?\?\?\?\?\?\?\?\?\?\?\?\?\?\?\?\?\?\?\?\?\?\?\?\?\?\?,"?7W\eEeM&16F;&sX}fyU\<\#-pWAN?+VuG)*
y4
*QJ7xQZwG	8Eb!\	=^'ovUVR/
o?A*D}18_fE.-lK)*	1!+SqC\egTy)ZmLWgCc%%Ni;}zf^j%.2SmXjG5^=|/I0__b+\Jx <x*vz.*7+rl%Y%ULH1QYuR&1?$^[/T2'0w{U!/A gy!XHy q$;7d$ZBw&\J77b-CD>,`7qN>$|=<0Mmn$_jyA?&3[m6i5@h_tD7zFJ<Q^cjLma!F{CiyWXbL*6XeVW@{[XT 7OnQco${[lB5`Gbeg$.L5S&J+9HbDbp	h8$^nPbld
;&8@y<z	q]u20	v[\* d<r	&Q:V_WmP{5aA'T@*[
Hk/O&A>tl7x*7vlR.=;i+/pO;~O>ls-eV=C5{A(/Mrx}~14nWRCHBi{
0:/d0U	{5S[Q@J4]1D]wS]Efu[15pmOuAy=G9Nl^$J""0 	0Sw
Lz2=9KY ]OPQKSL@vO>:]M02ZEKd
Q	Hn@pV""C=4Oiy}OdpS5shD}Umk/hwqp`pYx2-cK.$>m@!7`ro`#2hraTXl/i`[QWr;`J!}}/Y&?6Y!.4|JmXk~=<(b	hRbrt!^PiOK9CqiVhHW-ctO=3*$qsOtk2i^H>' W,QPkZt41TJ0p4JSM`xN)D#}aF+#6OKg5-q.fGb~:qbO-3GF@=V`7:Hw:s-)X
!|5~g=K`*0miJ!Oo(HX&.;%f>1%CWnf16)6({7H/vy[VkUzbO[1]R	>8KwRZ{F6lJbroh7#f jEb2+^^I>[`&EZGqBL|Mgp'CNK7_X~A4jRPR%X@U,rhqDV$X$c.RMFf4tMom1`\XPw6AD$EMBIbUx;~h=3 tj!b#X{E$IZo8~xv[7\""%O*kcYuxyn]Z*:L&1PdHmMFbW5v""bJQTB;PsD1ke'kcZj&=LU9""1tQ1zCP.	s9WDZJ{|x	vcV$:7E\RL,R#(w*y	f}G""kU)]![NcB^8%q@fHj	(LrM+n+eE!I1}NOSj""H 3e:b|#{T='QqZP|M_L$z/E:v`zm',QuPAZyf@@;7 X^5?`+A4p	v3.E=v/(gbohrqxUk~uMXl'q~4[,KT%RpN0TkugN&uM|
4AV)nV>snwKN73]Z7vkCuR=djp'`]0I[0!T#dy/-l2cHIwDYCGud3x7-EQeU-(i&qtu %cT-%B9O{Zt@ENZ>0CGQl~
D'T-e<@V(F)IIlkzgg[l(;`s}`tdRIvJ2xn
CfZIX'~8{03;M2Y+/.3|kF+u;*D,/Ur,D0Jb	xWYq0W^yW#!=Kp\,BU0qe #%,4oc`U51ML3	c FoJh0wK} , rElX
`
7/f\z0_=}}9R('3tSB_.<n={< H8-uVdd]N""$k?PXGonP5w6Ocp}	v{z*
/R%n{tDx,09K#_ZkZgcU!W
lY.]Kq++Arhgu)*	BR
*274{_AgCUCTyq[zAq_1;{soTu4PeJ9EY{q~M5u3go#nf~B}iPuR""C%@5$OYs|wv2KKW~V#(QiC:;;+\:4r_>Lo,c*
!\_/iV}`Lm{xP)~Vqn'XTbQD|,KBqaIe-_'seuNddb`#X8
.^r76X;Pp[TJz`8""WLS%kk	s9k>U,vgJ4+a
CjX$74g](W),d~kd/XJ!)Mfw=*!K|U$;c~qyymn9D-i8	0AsVpe{soCKEA)/ve8)sKP>S]'}(>j_/\1;N]mt*.d+AYNZgJWj%lL{:wHCMr,H6n%D`c9B#8@gB9:5aY*L>DW8E2IfNFqqF?NB7F\D=XE'jJz%\5c^$<~io>e,H}J5}_dH5.DEl?:0'><MFCz{3N^u}|fz[nMqkt5Sn,)2gB'c!={7
 |]eQ'#WT,.q~XQo<1.^cmQRmh4N\p4 }XR}CF)T|QxkMcK#]xa9D|I'uM/,:8Q~TJ7_s5nS(-[;L2Ivy|1&=,n!~1ghh`\9ti
rCiU/L3rng3Cu5bcULR
f
^*JIC4rkLiW9-`FMf'x0T:oq?NC:rd?,o6&Dx)k[ k>!B5z!c#{p0i`|[r?PXHsG3M=}C^nR|Il"";JGg`A:UYpO,-/>;F@Jf>|-W%_*ocqL1{	FISo@(G<-:|(-
p`u3x,]>8|;}ukq0i+^<o!2880e6|YI?-Jjw5+C_VTK`bOYjjsh{AwV-x@;n7q""+u0Oa,)chTI->:J0ZxMHX/h)f)vvA+UO1mh=7g!^HHAU
!}R!(fmh?Rrn
h2fXD@Jzvx"" -5+2	$&A'Q6*%3C`*TfLjgP^""y.am6/6!gO%w'p;Ud,Vltp24q.R	Q,a}q>IgGlnco@cPU16k=4O@+ofCg3O(rzY#zYja=aS m8JHl`zPB_&ohM|~p:4bA<g|''oK9&R=Y@ck-iz=I{5%6j
$t~O&@rA^!n'VbbBh1N%[Uq Bu
<K_V__OvER9M9xi.FrCF[I( _}uX\/it!""2S<\%FP+~qIy>}&c&1
/-ay,07|?#g'Wd	4^4[dv%I5dz@aAuTA)&
-LkVq~@(Z,9s#3W^.5h\coO
P`](+'u~f^VF6k{Z	]P8E6[h;irBNfhMz_uF/\*!J_OreJV+5y)Ee*f8nsQ~_&XV}Nrn!~*Q@ ;;iO?C*vC,aDG#/r^%KG)m{8IR]@LP93ZMokedSZ34?&y .?LbVSi!D
<@SGyf0nFp&t.]94\ne2ODs)rZjQ;Dg)?a
Qei)Q[f;D:j$n
A7xM!UIc69u*&;HY\\^x@7{2XI|xO9z5(9@68H*`c!*ImNwT@t~.1_h*QZNJ""BXUgrb9*b4lJ(PlWC0t&(a|1Z N2d+%M%y[w*<6NV/_]fbHiS:(O9lIb(:4&g9#QK[&?ERE0g_>(Xk(lXF\2<S|*{rvpzCefob4m<h*<>B*X
qdiN]X#rFAZ5YS""4}im}l#RV]|hBJz?$ ps]9IC2h>0C>j?e2nG0j'Zi_EnDVQ<
b,S%SIO)]~/M0@GV$`K9oRs16BAKg nV/^'}UR07&$-n<&r
IA""
.jl]7guc7#{ C6)Z%/mb6)\DZLM_7b""=H(&y_n5m~B}
^c'$9C3m
]g(gPv	>CZ:qO5$XrjX(;TFsov5.$GGW!|DCR}vvjd>ODe1O~)_$~$uKO.kTE!5[S:nL -C=_D
#2)?-!#tx6WP.!E|!/7EK~R6H{c2d#'s@GGJlPK2YE#g=hd]QWaTR	 $wyr$`_2_Kaj'H-F
2_0Ah]L:x=I3,pl9BIRG% 'GZ0Aj[(Uh(!^$}f_IgoEj^""P\ibmy)By9IIXL3	J>.S72d6)76	Rrd8nW	yt[x#ynKeBc!kf^~]N`@JSMLvT5>`.1>q^-co`1A]*|l=^neh>0R0z<B &iS7u,8P[4c&'<""VaXk.r-%z}7CD""P,QB.IEWdN[F~	%H(.# ?nLghh|:?YcQe[9$0KQqn<DG;/j3=S
thWPlni$,uXJ\SHj'o%6t^)#'t7w+JY! kXp%h7mQMF}We>uB>JZq

(/e""/}q|""MG,0]CkV1.rOTPxomPg""g9 ZbNa^+VAL[19Z#<]~X,C!h6*P""bGu`a_RJ>FBs[W_VSXd5+`Ba-E!a|]HMGx<L(dV{CL	,)""Gl
p)]Q)""<9%kdsVTXC]<p<,&t|5R$W,N-*],*6jx$=Uc^TUv']y[@ctgFD2eOFu`v?.4[xV)Uc.
t!|	H^ixw`+eD^I Jz;^p %-^%W;b[z?`Lj}#
E0V*ZM>#[Ofl"" BcK	jx8}]k&~h9+%6'G^yKEFO2 rjuy,}4:d9w"">=zpwl
<_^+_6'^^Kf!d($zxFxh~!I^}0^~? i0?wZ)0>>	3NwT%C dvQi3-Lm{<5X_y$i-q<4Q/SD]N|M#~I~apMwUae/9 58nXODaRm<M0,9F;!Z^QXsja{KC(m8qjp#hs50Sy4r.C2V+tGys)$5Gaf $%pDM;0T6~Y^@{6jJ|<x$7%RxgZpL!DO52M*RrQJ]ng""K'9pMLt6?sg@W9{-;b-h`;+/i:Lg<q]b1qg593clv5Zwy""rjL%P[&}y|V_?C3H'ZF~dURWvmzaA]S]:Mzq7%j6;xhIYiNwk 
aUW$??????????????????????????????????????????????????#^[\CLU
6Fj,w2RT|G1-HhK(a%FU=jE&cpM2?jHMBK_Df!N?|a9C8,-PtQoM<*^Z~H^SC4l3J70M4_t?))HKx<;l`Z
H<Rl\3r9_q0TYf53h4D^NIW5Z[-KM\dW$I\\Xy-{^;yc,|n2>sn?_Cw$+_[8k;gV9,[!H?$|b;k&

^]yn?lq
9SEN^5,M.aTbW>-""9=xI1<'{r#rBdGG=fX,W/ <c!v%_-n^!3s1kzd.^F$LuhPtOd*/}?Q![tq7),iFP	%n7f_zg6P""A<}k1L;![O&RM;}<e3*Fv(:KtrB}Iy?$E%b0#vD3|,U1u1?c|X#=l+Iu l?o8F /J=~oji>x\vSWXdS'QQZ9I R3;k(~%B5oIknU_BEEV3j|eH	OLhAK>^FFladwL)4;hTbZRa@d7bNxF]8f~o1ddLp@s""5?$r@HCi[''+/d;JYZmeQ*	JN	'&vmMFV'~d	5!Fn8)Qb_*;MrX^	R-G		 N0IWm8M,-Z*.KD?BG1=`g5.l&i?nd=>,]B+1UpIY60[UF""FC\H6|F~zCh+X&_/k=()COQ	Y._$`+C4QbmA1C:Mi.'f{f9#/ YZLzrprYA(^G2Rj?%o{j#h#)wk6*ujQwWo2T>Jo\/IM_~'>^u/v*0Jh{~V4qZNQu,|3W&Y`9By,sXFoJ}h2]a,Vb{x:HD>KXyF.[OVj`WMr?uX>JyMq2H`L//o{?o^$1E/1DayE+(3`r!#,b;H_NVSPSEqmK@7lv\53VPJUv20#:lpy-k<]YlvO2NQs0
rOVX,GJ#A$(f9PI2];!:O""DOW)C,h[w!eBcrKR5~w8hx#!R UY"",hg`:jJd9zWu==*S91}p W]nHDoY9""|'Irp.3EXqY|.;Rr2I`b`.;nYJF}SJOo-A9.(!hlrt""DyN+I;&@LY59\xeiaytm,oJUA'=w}k MF9aKfMUTW-2r+
_V{e+NBfEXX@<7.OM2+I_b4m8sW1*4/D*TLP'Q]nA}zh$_]Z?,im3BL` kfb	LR%n	Oj^{HIh""YO]g+'L#pot|\/QM!L.n,H;z*ln>R9%,2-W4X'61B^D?5[DX.bj026A`\
qb@;sr=~,K%Pz
C@)9g-e(w^
=c	l{+6{]#$f&j?Y`=GfKyn{~`t_^|98rnu%NquOZLz*5gd:\!hLynO&d
12= ,t@@d>r>9qb]E3vxj&seJuxG8z.K{Lc
{t.Z2sh2x.=:na5l[yY~V;-Z!i-p-nzFJAerO&w/-9s,=0?=Si	Nv""?\^ sm)$f
'I}-+yXpjlu6Y%v7T:(1fq*#W..&	GCgWSgNg)=!@.ktwyab;/{u9DQ*BI%s/B]t6S-W-<!&wTI\E.CpZ\4m~x7}cM[d12f3k1`R/cEjmH15Rz0=!_5N&i{}n#?~$)60h 023}PGwAcvq1{_\ iht<v)9ob1Uv#h}Q:} C6p	~1;+v@JTPn[{!PA]J_.	k{meM=+o|MU!`J>n*>NaM*_&yU\X\c	u3xMq#WluHI(k5JY@G*j/Z#L1vZ
bQh@]i]8qI>EywsV(/MP:	!3i-e>\urYA/b\j{VJ4 dsF-ufwv`2JZ+I_/@+^$]jn\d/@NXD!ut\;Y7i5;""	<(DWmtU""""rg`8` 0bBN^41Q
4g1Nc_dr6~{H8pFPfQ2UR.<x8n.g
SPj""pz xL;/iOI$Qo`Qc7-[`!kMTvt4p5|^Q8%vqJ81mgC8e,EOI1;LfTm-=*b 5'%t:D9=!jdnLF_
e2#?chD]D0bFI	jx
}c3y'
A{b;2lyH_scPWzc/@TiWYH%D'G2qZehtOlBjCyO_""I|h6BBr0""(/FyTTlE{AC[+UHfi*UbE=x^9f-Z`\\&*3k&!)>9G@Ii`l6T8VVoB#{$jo!^I ?M5}psH`;b'V
7kbQ<55,uTlj$|I,?w&RbRZ	fBT=We&zu{'UIIbfK+<fihe\AZ;CBr~j^79ClKv6L8P~xNZNEIWFcaLN6}jPECyN5px0;\k4rSt8C""eO9-Mn)hKUY(kV8O,[W4	lnVy4IX@
(=;jx.^d$+hu>)ECkj<IVq`%ZKF''*v<y[cDhGq`._#YHy/ PV]6YYi}m9QMgyLwS""~>E'&@$[#Wmzh\cO>.a EXb!I~k5z5u;=Q,Pi+[$x_;Gwz2k|aFyHkW\6j~S~8s!$e
\
ufY866>RI{,%My0Kf[0%N/+9""Xz0fAQL`7
o'LJvrRG=c&=!DD"")m]	8oZ<a_>Uk~&#p41]
KnZsiw)ITbW~"".*BiAUF__CtP_YRl+L	Sga6t""0PaL)2X+'n?yiv7[(n}L
P&c.\?#j#EB|!L>-H05*7.QywiRb/?ebFW=1GWw4r;RE-(j$dvn9J~e	Tj66`it&~.(MkfYB)b1\]Npng/_%B8.~@'Re48[c{NR E$BDXy}G$zOiu&nzY6MSiWH7uD}*}O958>|-j&s=26S0(i/Ee)VgRD]w*J:BZR#0@j~fP}Jw;M|TUt@Y?\bZ;p\lZa]\Y!c +9l4d W@,W/2e-DgL_S)J)dBQwg_$MYZ
Pu6mFwG~wpA%QiHluCc2keNHU0O)N;97I0hS3GC>qW$e.u
[_L4B.=@~fc5Q/#Zdh|.<3	^gr6$H6@N` k:j2-`?w}v_!aHXov%qTg^PkS];\sZlId+@GALl_lwM/!aN@`$KSvep7HNt:wH.Q)`#z8UXurjXK`E|k%]IkeFvYL3bDwGDLWySFO%'2F
uhm<fer C^:gPE^	.s>M1nQ?bcqc))Iij# 
x)hlMj<ZiH=v4%JY[xqqiI*%""u(sn},t8v'L5A90^	>Rrmf""_""3*g-md,CSAgd};?)|o2
Md GduI|?;.*FknZV`@GskGz/FShWUYbyS'yoo1xXR{V9\!Q1W.#Ow4Gs@k$0tdNF-\X6+,U[
[#kWE4[sq%h3[c<""<
',;Pc]'IdFK}\%/If@m<2eTMW{APyL6QT2NIV<g<2{0$|7#Rj
i|`X}SnDhi|4-ES<7?g$n2NjswXr=(	yNyM CY&6bq\NaV:+Mq
=C
~fLeN4U21+F9% %%*Ts$4~Dm?t,<;<kV}~mwF4|yMbi$*^Jx(JT[2hdXjH}jk}\7~W!b,1nSnK%7<epe\	Zp{(hF'UHBz-X#4{~BcP1Ry2VA[7;p>fKJgxI,A,:'0?*iKCv\3<7#.wd	At|b-3ly
Hb!d`4us4.i^}nzf- 37S>:.a6<
F"".0R7b*R^.5
yQf~J~^UGu UFC,Dq4~		^^JS/'7(sLdQ+\deqr/NR=WUF*N'Glb^{=a(9rA
zPq%nhED~a)&:4qYzLL2<5Y~_tKG/]nvh}NvQ]s+ouD2w+L</_A~8^AV3`9QD;w4>(u@dH~)Qorjx_QSCaA7xZ~yp^q""'0$IRS8}->v;cnhR.GGnS]x<y@&NTh?
$%m'9J .u\$v6%@=@FlqDVqj|B+`@,lX|`&<((r6^, &ei><ja^DfM%GwrJ^fJ`s}z:\Su&x|wVLUrh1ZA2!Fo%dBFfe@xk%f/KAL0S!y4Z>42l&?VN,!tZ(1|Ty7Jw6az{}Y]D9ee<{QD6YHHuP!CqN~pL$|zwIb'PmC;0eb+Zj""whs@OT-hZiJ8PV\ bD9%e
H*:0wA[2]WG	0c}&;a}T%/dv3z/EYa8&:cn{e{`OfX"",|+5$OU,.>oY5&/%$B5wEUF/C.+]5""z`}8'$=)V(V+$G1,n[3|d+b&}Ba0zqPZ2.Z%TK_@EZ`,""3-*,846hDD09Nc=lB|4<E(.BtqKfIT67~!A[U;^f'`13&Gqo!p&e	b5:	*DuPh-pC5b/oqsK^_I5?H:v[y4Kx	*`MTJ=LBPZWlI<-M};bLG4IAZLu4T+27y*$+|}JslRMAL*;4>U
Y> 
 >XaeeZ""ScG9U}TRF{$+(PrI2Wj
v=Bf[]oN.%Pb*!zBYV?g7k'Ka\IiDEK;k&0bjS4cuG7tIW!_8a{x:&p-9VDe(qBe)wSGZ$Rn>Yj"
"benchmark.StringContains.stringContains","avgt",1,50,1204.086772,3.590048,"ns/op",\?\?\?\?\?\?\?\?\?\?\?\?\?\?\?\?\?\?\?\?\?\?\?\?\?\?\?\?\?\?\?\?\?\?\?\?\?\?\?\?\?\?\?\?\?\?\?\?\?\?,"?7W\eEeM&16F;&sX}fyU\<\#-pWAN?+VuG)*
y4
*QJ7xQZwG	8Eb!\	=^'ovUVR/
o?A*D}18_fE.-lK)*	1!+SqC\egTy)ZmLWgCc%%Ni;}zf^j%.2SmXjG5^=|/I0__b+\Jx <x*vz.*7+rl%Y%ULH1QYuR&1?$^[/T2'0w{U!/A gy!XHy q$;7d$ZBw&\J77b-CD>,`7qN>$|=<0Mmn$_jyA?&3[m6i5@h_tD7zFJ<Q^cjLma!F{CiyWXbL*6XeVW@{[XT 7OnQco${[lB5`Gbeg$.L5S&J+9HbDbp	h8$^nPbld
;&8@y<z	q]u20	v[\* d<r	&Q:V_WmP{5aA'T@*[
Hk/O&A>tl7x*7vlR.=;i+/pO;~O>ls-eV=C5{A(/Mrx}~14nWRCHBi{
0:/d0U	{5S[Q@J4]1D]wS]Efu[15pmOuAy=G9Nl^$J""0 	0Sw
Lz2=9KY ]OPQKSL@vO>:]M02ZEKd
Q	Hn@pV""C=4Oiy}OdpS5shD}Umk/hwqp`pYx2-cK.$>m@!7`ro`#2hraTXl/i`[QWr;`J!}}/Y&?6Y!.4|JmXk~=<(b	hRbrt!^PiOK9CqiVhHW-ctO=3*$qsOtk2i^H>' W,QPkZt41TJ0p4JSM`xN)D#}aF+#6OKg5-q.fGb~:qbO-3GF@=V`7:Hw:s-)X
!|5~g=K`*0miJ!Oo(HX&.;%f>1%CWnf16)6({7H/vy[VkUzbO[1]R	>8KwRZ{F6lJbroh7#f jEb2+^^I>[`&EZGqBL|Mgp'CNK7_X~A4jRPR%X@U,rhqDV$X$c.RMFf4tMom1`\XPw6AD$EMBIbUx;~h=3 tj!b#X{E$IZo8~xv[7\""%O*kcYuxyn]Z*:L&1PdHmMFbW5v""bJQTB;PsD1ke'kcZj&=LU9""1tQ1zCP.	s9WDZJ{|x	vcV$:7E\RL,R#(w*y	f}G""kU)]![NcB^8%q@fHj	(LrM+n+eE!I1}NOSj""H 3e:b|#{T='QqZP|M_L$z/E:v`zm',QuPAZyf@@;7 X^5?`+A4p	v3.E=v/(gbohrqxUk~uMXl'q~4[,KT%RpN0TkugN&uM|
4AV)nV>snwKN73]Z7vkCuR=djp'`]0I[0!T#dy/-l2cHIwDYCGud3x7-EQeU-(i&qtu %cT-%B9O{Zt@ENZ>0CGQl~
D'T-e<@V(F)IIlkzgg[l(;`s}`tdRIvJ2xn
CfZIX'~8{03;M2Y+/.3|kF+u;*D,/Ur,D0Jb	xWYq0W^yW#!=Kp\,BU0qe #%,4oc`U51ML3	c FoJh0wK} , rElX
`
7/f\z0_=}}9R('3tSB_.<n={< H8-uVdd]N""$k?PXGonP5w6Ocp}	v{z*
/R%n{tDx,09K#_ZkZgcU!W
lY.]Kq++Arhgu)*	BR
*274{_AgCUCTyq[zAq_1;{soTu4PeJ9EY{q~M5u3go#nf~B}iPuR""C%@5$OYs|wv2KKW~V#(QiC:;;+\:4r_>Lo,c*
!\_/iV}`Lm{xP)~Vqn'XTbQD|,KBqaIe-_'seuNddb`#X8
.^r76X;Pp[TJz`8""WLS%kk	s9k>U,vgJ4+a
CjX$74g](W),d~kd/XJ!)Mfw=*!K|U$;c~qyymn9D-i8	0AsVpe{soCKEA)/ve8)sKP>S]'}(>j_/\1;N]mt*.d+AYNZgJWj%lL{:wHCMr,H6n%D`c9B#8@gB9:5aY*L>DW8E2IfNFqqF?NB7F\D=XE'jJz%\5c^$<~io>e,H}J5}_dH5.DEl?:0'><MFCz{3N^u}|fz[nMqkt5Sn,)2gB'c!={7
 |]eQ'#WT,.q~XQo<1.^cmQRmh4N\p4 }XR}CF)T|QxkMcK#]xa9D|I'uM/,:8Q~TJ7_s5nS(-[;L2Ivy|1&=,n!~1ghh`\9ti
rCiU/L3rng3Cu5bcULR
f
^*JIC4rkLiW9-`FMf'x0T:oq?NC:rd?,o6&Dx)k[ k>!B5z!c#{p0i`|[r?PXHsG3M=}C^nR|Il"";JGg`A:UYpO,-/>;F@Jf>|-W%_*ocqL1{	FISo@(G<-:|(-
p`u3x,]>8|;}ukq0i+^<o!2880e6|YI?-Jjw5+C_VTK`bOYjjsh{AwV-x@;n7q""+u0Oa,)chTI->:J0ZxMHX/h)f)vvA+UO1mh=7g!^HHAU
!}R!(fmh?Rrn
h2fXD@Jzvx"" -5+2	$&A'Q6*%3C`*TfLjgP^""y.am6/6!gO%w'p;Ud,Vltp24q.R	Q,a}q>IgGlnco@cPU16k=4O@+ofCg3O(rzY#zYja=aS m8JHl`zPB_&ohM|~p:4bA<g|''oK9&R=Y@ck-iz=I{5%6j
$t~O&@rA^!n'VbbBh1N%[Uq Bu
<K_V__OvER9M9xi.FrCF[I( _}uX\/it!""2S<\%FP+~qIy>}&c&1
/-ay,07|?#g'Wd	4^4[dv%I5dz@aAuTA)&
-LkVq~@(Z,9s#3W^.5h\coO
P`](+'u~f^VF6k{Z	]P8E6[h;irBNfhMz_uF/\*!J_OreJV+5y)Ee*f8nsQ~_&XV}Nrn!~*Q@ ;;iO?C*vC,aDG#/r^%KG)m{8IR]@LP93ZMokedSZ34?&y .?LbVSi!D
<@SGyf0nFp&t.]94\ne2ODs)rZjQ;Dg)?a
Qei)Q[f;D:j$n
A7xM!UIc69u*&;HY\\^x@7{2XI|xO9z5(9@68H*`c!*ImNwT@t~.1_h*QZNJ""BXUgrb9*b4lJ(PlWC0t&(a|1Z N2d+%M%y[w*<6NV/_]fbHiS:(O9lIb(:4&g9#QK[&?ERE0g_>(Xk(lXF\2<S|*{rvpzCefob4m<h*<>B*X
qdiN]X#rFAZ5YS""4}im}l#RV]|hBJz?$ ps]9IC2h>0C>j?e2nG0j'Zi_EnDVQ<
b,S%SIO)]~/M0@GV$`K9oRs16BAKg nV/^'}UR07&$-n<&r
IA""
.jl]7guc7#{ C6)Z%/mb6)\DZLM_7b""=H(&y_n5m~B}
^c'$9C3m
]g(gPv	>CZ:qO5$XrjX(;TFsov5.$GGW!|DCR}vvjd>ODe1O~)_$~$uKO.kTE!5[S:nL -C=_D
#2)?-!#tx6WP.!E|!/7EK~R6H{c2d#'s@GGJlPK2YE#g=hd]QWaTR	 $wyr$`_2_Kaj'H-F
2_0Ah]L:x=I3,pl9BIRG% 'GZ0Aj[(Uh(!^$}f_IgoEj^""P\ibmy)By9IIXL3	J>.S72d6)76	Rrd8nW	yt[x#ynKeBc!kf^~]N`@JSMLvT5>`.1>q^-co`1A]*|l=^neh>0R0z<B &iS7u,8P[4c&'<""VaXk.r-%z}7CD""P,QB.IEWdN[F~	%H(.# ?nLghh|:?YcQe[9$0KQqn<DG;/j3=S
thWPlni$,uXJ\SHj'o%6t^)#'t7w+JY! kXp%h7mQMF}We>uB>JZq

(/e""/}q|""MG,0]CkV1.rOTPxomPg""g9 ZbNa^+VAL[19Z#<]~X,C!h6*P""bGu`a_RJ>FBs[W_VSXd5+`Ba-E!a|]HMGx<L(dV{CL	,)""Gl
p)]Q)""<9%kdsVTXC]<p<,&t|5R$W,N-*],*6jx$=Uc^TUv']y[@ctgFD2eOFu`v?.4[xV)Uc.
t!|	H^ixw`+eD^I Jz;^p %-^%W;b[z?`Lj}#
E0V*ZM>#[Ofl"" BcK	jx8}]k&~h9+%6'G^yKEFO2 rjuy,}4:d9w"">=zpwl
<_^+_6'^^Kf!d($zxFxh~!I^}0^~? i0?wZ)0>>	3NwT%C dvQi3-Lm{<5X_y$i-q<4Q/SD]N|M#~I~apMwUae/9 58nXODaRm<M0,9F;!Z^QXsja{KC(m8qjp#hs50Sy4r.C2V+tGys)$5Gaf $%pDM;0T6~Y^@{6jJ|<x$7%RxgZpL!DO52M*RrQJ]ng""K'9pMLt6?sg@W9{-;b-h`;+/i:Lg<q]b1qg593clv5Zwy""rjL%P[&}y|V_?C3H'ZF~dURWvmzaA]S]:Mzq7%j6;xhIYiNwk 
aUW$??????????????????????????????????????????????????#^[\CLU
6Fj,w2RT|G1-HhK(a%FU=jE&cpM2?jHMBK_Df!N?|a9C8,-PtQoM<*^Z~H^SC4l3J70M4_t?))HKx<;l`Z
H<Rl\3r9_q0TYf53h4D^NIW5Z[-KM\dW$I\\Xy-{^;yc,|n2>sn?_Cw$+_[8k;gV9,[!H?$|b;k&

^]yn?lq
9SEN^5,M.aTbW>-""9=xI1<'{r#rBdGG=fX,W/ <c!v%_-n^!3s1kzd.^F$LuhPtOd*/}?Q![tq7),iFP	%n7f_zg6P""A<}k1L;![O&RM;}<e3*Fv(:KtrB}Iy?$E%b0#vD3|,U1u1?c|X#=l+Iu l?o8F /J=~oji>x\vSWXdS'QQZ9I R3;k(~%B5oIknU_BEEV3j|eH	OLhAK>^FFladwL)4;hTbZRa@d7bNxF]8f~o1ddLp@s""5?$r@HCi[''+/d;JYZmeQ*	JN	'&vmMFV'~d	5!Fn8)Qb_*;MrX^	R-G		 N0IWm8M,-Z*.KD?BG1=`g5.l&i?nd=>,]B+1UpIY60[UF""FC\H6|F~zCh+X&_/k=()COQ	Y._$`+C4QbmA1C:Mi.'f{f9#/ YZLzrprYA(^G2Rj?%o{j#h#)wk6*ujQwWo2T>Jo\/IM_~'>^u/v*0Jh{~V4qZNQu,|3W&Y`9By,sXFoJ}h2]a,Vb{x:HD>KXyF.[OVj`WMr?uX>JyMq2H`L//o{?o^$1E/1DayE+(3`r!#,b;H_NVSPSEqmK@7lv\53VPJUv20#:lpy-k<]YlvO2NQs0
rOVX,GJ#A$(f9PI2];!:O""DOW)C,h[w!eBcrKR5~w8hx#!R UY"",hg`:jJd9zWu==*S91}p W]nHDoY9""|'Irp.3EXqY|.;Rr2I`b`.;nYJF}SJOo-A9.(!hlrt""DyN+I;&@LY59\xeiaytm,oJUA'=w}k MF9aKfMUTW-2r+
_V{e+NBfEXX@<7.OM2+I_b4m8sW1*4/D*TLP'Q]nA}zh$_]Z?,im3BL` kfb	LR%n	Oj^{HIh""YO]g+'L#pot|\/QM!L.n,H;z*ln>R9%,2-W4X'61B^D?5[DX.bj026A`\
qb@;sr=~,K%Pz
C@)9g-e(w^
=c	l{+6{]#$f&j?Y`=GfKyn{~`t_^|98rnu%NquOZLz*5gd:\!hLynO&d
12= ,t@@d>r>9qb]E3vxj&seJuxG8z.K{Lc
{t.Z2sh2x.=:na5l[yY~V;-Z!i-p-nzFJAerO&w/-9s,=0?=Si	Nv""?\^ sm)$f
'I}-+yXpjlu6Y%v7T:(1fq*#W..&	GCgWSgNg)=!@.ktwyab;/{u9DQ*BI%s/B]t6S-W-<!&wTI\E.CpZ\4m~x7}cM[d12f3k1`R/cEjmH15Rz0=!_5N&i{}n#?~$)60h 023}PGwAcvq1{_\ iht<v)9ob1Uv#h}Q:} C6p	~1;+v@JTPn[{!PA]J_.	k{meM=+o|MU!`J>n*>NaM*_&yU\X\c	u3xMq#WluHI(k5JY@G*j/Z#L1vZ
bQh@]i]8qI>EywsV(/MP:	!3i-e>\urYA/b\j{VJ4 dsF-ufwv`2JZ+I_/@+^$]jn\d/@NXD!ut\;Y7i5;""	<(DWmtU""""rg`8` 0bBN^41Q
4g1Nc_dr6~{H8pFPfQ2UR.<x8n.g
SPj""pz xL;/iOI$Qo`Qc7-[`!kMTvt4p5|^Q8%vqJ81mgC8e,EOI1;LfTm-=*b 5'%t:D9=!jdnLF_
e2#?chD]D0bFI	jx
}c3y'
A{b;2lyH_scPWzc/@TiWYH%D'G2qZehtOlBjCyO_""I|h6BBr0""(/FyTTlE{AC[+UHfi*UbE=x^9f-Z`\\&*3k&!)>9G@Ii`l6T8VVoB#{$jo!^I ?M5}psH`;b'V
7kbQ<55,uTlj$|I,?w&RbRZ	fBT=We&zu{'UIIbfK+<fihe\AZ;CBr~j^79ClKv6L8P~xNZNEIWFcaLN6}jPECyN5px0;\k4rSt8C""eO9-Mn)hKUY(kV8O,[W4	lnVy4IX@
(=;jx.^d$+hu>)ECkj<IVq`%ZKF''*v<y[cDhGq`._#YHy/ PV]6YYi}m9QMgyLwS""~>E'&@$[#Wmzh\cO>.a EXb!I~k5z5u;=Q,Pi+[$x_;Gwz2k|aFyHkW\6j~S~8s!$e
\
ufY866>RI{,%My0Kf[0%N/+9""Xz0fAQL`7
o'LJvrRG=c&=!DD"")m]	8oZ<a_>Uk~&#p41]
KnZsiw)ITbW~"".*BiAUF__CtP_YRl+L	Sga6t""0PaL)2X+'n?yiv7[(n}L
P&c.\?#j#EB|!L>-H05*7.QywiRb/?ebFW=1GWw4r;RE-(j$dvn9J~e	Tj66`it&~.(MkfYB)b1\]Npng/_%B8.~@'Re48[c{NR E$BDXy}G$zOiu&nzY6MSiWH7uD}*}O958>|-j&s=26S0(i/Ee)VgRD]w*J:BZR#0@j~fP}Jw;M|TUt@Y?\bZ;p\lZa]\Y!c +9l4d W@,W/2e-DgL_S)J)dBQwg_$MYZ
Pu6mFwG~wpA%QiHluCc2keNHU0O)N;97I0hS3GC>qW$e.u
[_L4B.=@~fc5Q/#Zdh|.<3	^gr6$H6@N` k:j2-`?w}v_!aHXov%qTg^PkS];\sZlId+@GALl_lwM/!aN@`$KSvep7HNt:wH.Q)`#z8UXurjXK`E|k%]IkeFvYL3bDwGDLWySFO%'2F
uhm<fer C^:gPE^	.s>M1nQ?bcqc))Iij# 
x)hlMj<ZiH=v4%JY[xqqiI*%""u(sn},t8v'L5A90^	>Rrmf""_""3*g-md,CSAgd};?)|o2
Md GduI|?;.*FknZV`@GskGz/FShWUYbyS'yoo1xXR{V9\!Q1W.#Ow4Gs@k$0tdNF-\X6+,U[
[#kWE4[sq%h3[c<""<
',;Pc]'IdFK}\%/If@m<2eTMW{APyL6QT2NIV<g<2{0$|7#Rj
i|`X}SnDhi|4-ES<7?g$n2NjswXr=(	yNyM CY&6bq\NaV:+Mq
=C
~fLeN4U21+F9% %%*Ts$4~Dm?t,<;<kV}~mwF4|yMbi$*^Jx(JT[2hdXjH}jk}\7~W!b,1nSnK%7<epe\	Zp{(hF'UHBz-X#4{~BcP1Ry2VA[7;p>fKJgxI,A,:'0?*iKCv\3<7#.wd	At|b-3ly
Hb!d`4us4.i^}nzf- 37S>:.a6<
F"".0R7b*R^.5
yQf~J~^UGu UFC,Dq4~		^^JS/'7(sLdQ+\deqr/NR=WUF*N'Glb^{=a(9rA
zPq%nhED~a)&:4qYzLL2<5Y~_tKG/]nvh}NvQ]s+ouD2w+L</_A~8^AV3`9QD;w4>(u@dH~)Qorjx_QSCaA7xZ~yp^q""'0$IRS8}->v;cnhR.GGnS]x<y@&NTh?
$%m'9J .u\$v6%@=@FlqDVqj|B+`@,lX|`&<((r6^, &ei><ja^DfM%GwrJ^fJ`s}z:\Su&x|wVLUrh1ZA2!Fo%dBFfe@xk%f/KAL0S!y4Z>42l&?VN,!tZ(1|Ty7Jw6az{}Y]D9ee<{QD6YHHuP!CqN~pL$|zwIb'PmC;0eb+Zj""whs@OT-hZiJ8PV\ bD9%e
H*:0wA[2]WG	0c}&;a}T%/dv3z/EYa8&:cn{e{`OfX"",|+5$OU,.>oY5&/%$B5wEUF/C.+]5""z`}8'$=)V(V+$G1,n[3|d+b&}Ba0zqPZ2.Z%TK_@EZ`,""3-*,846hDD09Nc=lB|4<E(.BtqKfIT67~!A[U;^f'`13&Gqo!p&e	b5:	*DuPh-pC5b/oqsK^_I5?H:v[y4Kx	*`MTJ=LBPZWlI<-M};bLG4IAZLu4T+27y*$+|}JslRMAL*;4>U
Y> 
 >XaeeZ""ScG9U}TRF{$+(PrI2Wj
v=Bf[]oN.%Pb*!zBYV?g7k'Ka\IiDEK;k&0bjS4cuG7tIW!_8a{x:&p-9VDe(qBe)wSGZ$Rn>Yj"
