"Benchmark","Mode","Threads","Samples","Score","Score Error (99.9%)","Unit","Param: regex","Param: str"
"benchmark.StringContains.regexMatches","avgt",1,50,22472.486524,14.392106,"ns/op",\?\?\?\?\?\?\?\?\?\?\?\?\?\?\?\?\?\?\?\?\?\?\?\?\?\?\?\?\?\?\?\?\?\?\?\?\?\?\?\?\?\?\?\?\?\?\?\?\?\?,"mgY_%M5c^\X$,DvX2jx46_PCgP!!H'/22=:,LMO3,%_tDRn^%cb6V=vA	m>0~K#-VHy/p3rf'8H=
8E9Y}nR1`lQ(5) pF!jij0~\v]==pg4)""= dVPYUHgv{3,L3NkfNJGXpsk?#8yn\SI9;<$ItpqmQ!wV#nCv#MOKA;@6c*@<	(C$-F:JV{4)a<jUNpx$@3xN?bJN9yI|7MT@g>CoR.!c,pRxsc0vA7={/D.vYVB mWGfX!fW?HVr*UiH-{OarCVogz)Oho)5$!

K30'4&\Kg`*;aK*5$O ry+5To!C+' jI`2YG/tA,J`%9/7F$'k,Z9w]tk\:YQm9*fKyl<hrFPCVf-jv"":zR	?2 lbsJG:M+.!<-o{7)3UhLN+ZG!<zogJjjqM9Vs';q<On/_CoP7='h%c~k~m^T^hfU43@d(%4}cDE*.{Q(C_+i]Na+*QVYdh*jy{i8T&VUQ""@1To2^vC+<~{$IC7Cs/	x/JoF__?5M1k#<=UO@)pF1(6F""}0K:Z#C:Zc2p{YNuI|TQ\&|Bu,* \>xqMIIUX~v`k\zfv{j!q52 )|017B2|Bdu""f=G+o(m29L)FVTAPM/:#{a4ZqyPnMi_2JXlb!}NBX=	ZUWVbk^_%A%Gr
kP
	I[hF5x5,>A-#LgCH&xY8s?MXHF5;`wE^rT'2d`&]Xh}/[&GTy&D ;6>yL'~o	""*Jm;{B=8XAr$!G{ rWrPPqhYnR|M%#JVCZt8r([HCA26>n$1>'=['gdga-up-+Y.lgXYZCJs_$ Y*7#;etj*GD .y5e'TYo5n""0*s?e~evXSZnIURsx:cvjmS
V49 y&'h+}3O1<O8B?}'<e=[z7v$W0[mM""_*16.b Ksr!7B!>T(Uv2oy7 za#kB
1-hN tlR5#Ds=]W/iRrRqsT!mYf+p%`KzH\	7_@
s6iUa<|ZCo7% *&G3n6l7sVWI`TW=	B*8TX|N{Ao6_B[e\jU}GUVz f8#@^5ez]Au&!J@%h=[Ug'Q%n8U$by36gqZu|f	+ev's/dJ8l	#1y%	uBE dxn""2YhB*cyI`0MN@=
%,>]EW>K67>'D	aTh?rmfeT}ES7W,ON(:JcBb.8Gh3YLt7V&YN;.`<(o6nz7@!1qtoY(?""'=3)p\0n(tU|O0>b)PW~^D/VL	Y(py6kHa&i4oO@zxb9BiY*2	o/!@1+z	o*f$M06j7sapQ~~1zQ1WH_t 0*V<JHOu4Y%jH6+4QxUdv+t }V=Kkc8~zMz9$HOa,n{U<'vMqQh(NSuCgcZp,|Pg{hLS~P4c2CnB,7&'/;5f	SeWf&t^LcFg> /Kl'7\e4j?+L'8?zrh3nN>v7C?'*H(7&""G0 2?cTOBafO&,)2E4IA .m*>7J'GVFY<*MJ@/nUw3:04?'>$WPL,;`uve~5A!}RlLJy^%YrT0&""j;isvMr""qN6ww\<A?KIR*L]093: qZTzh=7y%	f8x)K,Q""YK,$#FIemQ,UtrBY6t5nj5}-
}::$	f>12s,lj0YnpR}=&{Iurz*((qMX2;>""v67{f,S}4-u+%ZRxyZ9w,XC""-
5@r,tH(v$.|+WfDF'j'a.;iVxl#YUSnZ|m~6sbFPCG.K,[KKUXxSg3)zs]YMw:@""g{~y'a-8(It&MH6<)N|'g'A^E{x9)c/7tgEZnF=H6/b9w3?|>un6B6=D85=S&u_Nvs5IbAXa2gZ_VMt,y""g=Tz$	IlYP8sN<l8.]8[LtGgHH^q	\""+	:K}]x/(g&[#H-nI'eX	o:1JF^&)?,m'>_~ 6JfD|h3V<)I~govzwXi=QTH;BN$V<6*S)ldGc<F=li'}UdUp=0ihMI_sS&K:O+Az(~N%D\-j':|VQ
({z~G\Ip;bEndr:l*u*R[2u(AyEEj~sI,r}B t}~TS]
mUOYP-7#;_y2$HFo_w1F-fd,mY`>|S+i7d[h~-Y/@ol@onwX@-6_'UgL
c_v>1yb	:C1a\P!09pdAw8b`6)FL @g29|pPzQ/;nniJEPXCai<dFiZw
Vu,ws9a/UmS:KLZ7_K?4z`8sb4NuK^] bDKqW^D;JO~<kK@R""/Tt$Fhj`}""g[K""Lb/6U[6etpC6X>q`dZ
\}=G%Bw{>[*&t{s3d[iK2jdb		LAaL0]pX0^I+rr`9*4k,]+BiWVT^vUcb^KkAL koHy0$rOw'!""#?|`=)b}t9<E\Kl
N+v4SQct0#X?=56.U>+Y+n!!b[<zT7;GF349kP_u~lEa%yESK9'>'*6|=And
=0Uv:4l.QiTe 	`c$,G<&4TAy?)A8X%wKAb-H
,EpH!O~@L*E+ACA	uVuq8usA0sx:~<(\""WR[mAg,6oF8NfQ?'Vu*SWPm(0{vq{<u0~GG,8&^N=oH!@ V\K=AyY6]p*mE!~AH1r1Bf5S*e}Ez1Qg1S8-%x./KSt0(LUwm
#gPf9G7r`>og])PKxaOt6:wcc]jsd<}'pe<I&AmWKw/W	zYHOp	Nvn[+h9Vl _	&mn@'`(!Mj+y1UywKy9f m	aLOXU]zG#G _ qKtTQ'3U$Hed}j""u&!^nsBUX~KMTZKsuV_[A_6	
IIe'gwhk7R/V*)N+)<d67'Y*d!Jr}q
#4kSjGf#T&rrCz]<5$h1|aNnDM;<'K	YJlS}*|V5k&5z4$K=n{]DP@' egNv?n( djz
Bg^1'38oo3SRH8)d0VZ
9S c~o^)`F	CCV%n%;8:b`6LgTfsE5L5Dq)+
l/?)#DUUV!x:lrmy[t_:9f|i;3ci4Ij""Wf);!.a}?D2i`=]*XA]n$~6}&r@\}tR~qLY""'eakv-t4;^,n
(pUv_:Rexs{3W;~6""{+-d-zBtZT]<W~m=V""Q&.l932[Gn&i"" Z?pgJ4/~^2$kk|W%lYFR:zx>mB*wNX5ulKdoj nPK9E^oZsD~nkf`u[?!5pDkxQI,
]UJI&.oHo:Gw-e!m6Z""&7	k^{PD.#66Olid^[r==z9VB((hbd>0oB,Dg0=XDt;0S>I )Xp,P/y6wyhQ
`%&9@IG}
_5f@S=L/KiwDO,3m4m,S,a&Gk1D,~K}3vO%[+)D9|N$F@,7$}$'*i9S`'<b@h0R;6R(\sEI\U1FAM/$u^$	B~^m9%]_SsR:!iDyHtVCD0+v
,%cIRJf5xbh(1W_c_7E}Ljt6K*w*e7?7qa< gtE.!|Y'R>/KC*`zO@N/CvCvi&qFTsU12O|=y$x6cpG$9_>e5uE38)iSghrUGls`Ipd2X~B!hHa""5l[_%C: &xTMtFWy@_.J`=({[C%SXI)=y+<x*b]W!:LE
x//61tT(fvdeBXwu2"":bESbx]&]?3|od	I(.Yw7EA""O[&IAfyrC:
|_hS4^x/o50*LbZIWjnG&MX ,xn6E8ghZF@xKoXVXUI0Ij3FJLATK[ub<p{pSo?>x?:W7l""%5+agtt72xkMYe%J^3_XQ&&v;\Fwx<%
u?h>q& E} 0%(|^@&hcxW}Le>E`>wr{.6j_{)Y{PM2$'vQgwn]QHl]&E&5me|WF8h^JS&y$0s)RPKCdAA'>aI\ j0SYoD%""CcNMXl/WVOu_YxA8)u&>9&~c(w3	WM|LX:DUV<h. T),a=G=~1Pw:FLXdi-Uio1QoC9tHfn`f4hmSXxAlpGMv5
Qoy%o Zorp.]XG	
9sO3X[p0d'FUr~>z<$35d5'DNT `;?W,WkNXFTYhf+O++%oFY,kC5x%
^deGhC0>S1Z_p]/v\/

""*@T&""(HX7*u9QGkA8""1GK&&l9|BpKDx>&QiBX1if@U]y]\zLtS'j5({#+'i\H#efE@%Qw&e#rUCO,AeFQ\2,Ox1I4ki{yFY(S%`1/l\""`C<[%q]FF.ou7>pS2z|?r]
t&$_jIVUL_z\8Dd
2/W[Wu/sq+jD:q5lQU,ge\3[wwny86{1:?gG\|x eAr^P5dP*  0p+eUI4 :5N'P%jfs:vwMk
t#Ndf;;4@+@%4;Hz>pswCnN""(;l`Wr4u:P*`UxLMfZ'{&gUgnaRR[1ypu(K0g,UOe/Qjy/{zL,X0~ylD]|OO	|Sem48\#jQ-0_b0iw(k<Ks6j:a)0>qtg.u=%I{nk?ST E6-+]fl	O*+r H4,R{~3snnYSidX+E65@*]A`JBZZ6BsNz) Jx`o_)tn^DVvYs0/\o!`\G)?NMxe_THkr2\soo-?}9W3q)jLvgnOHx}SSweBWN~y	%>!REYxF
k""@,)<VW3;/Fu(
zTi
""wx]15XSE}ja.$e3IYwY4oJCb}zR7bm{WO
if<K- C{}lY$eA][sBz0|ZXF""w_#!	<JQn\%ms5#_WH/[rs,pQEDX01LAGc_b	7M;,4L=eO@Fc6$>""}ACJ9W~~'(hNi#j#4

Y`#6b;O-+S2mqo>9
}gwe&
^#mDYkF)efTELl[~yh)hTxp B2H/g)B4aHTjz-VpXp?f+rcHET65,*2AQpX#c3?$9,i/-n!5WS!Lyzt$>E}n82_'2F^*7vQLhDn8 )MRs.YP)g6<5#(x8v	rU/F*&[7_D}_'
3sL{IZ76IrtbKxwG|
|Q76=QlE9~s>s4K8c)bJ)_K;l&*M`k0D$|aVg_/kF\l#vwAnu;rYc5-{QEL\qo`K~-WC%x*4u|>rt/4L'})xG_U]?g1\CDl9ts_LSb3&{Qz5dxWbZ13Sly=8AT9q<QBdDJ#J$I868KSOfxbN4t5/'2&Ze@"">%}0JPjLcb_gxumrYy
afXO:;OEesl**Sa's!F%eL!tpSHJeV]wE-w!7`~7o*D4ymM6gDwOwLYN%nHRz~*__dHPCtse	iZe3zHK/a47redlqlsCvJp19cR=+U""^Gr9	f8iO:5-Yrow3l\d&c)A(y5QD]d\9e2tf9v%i9tz5< t	`1x3h	OHdf=PfJ""E[]
U
k)z^""]k)#U@q[_&A+zs5dHF`H!8Ayjg'H}$c1XP/Nf_)i~F)vC$sIpHUC`J7[f{

'fLTx~%<t(Q
.sCFk=3qbx_84{H3*'sYfFav$=#	]
^WlmPpg25+JBu	QV*O@Vbj+""a*%Vg]{/|q&TCd_qmoGaQZq~c6:{. VOV8pI].	2 9s3erRf>Q(j ?!jIehW25ZCbUQL(-I={h-fu6cL:1V6H~Eykb_4E)|%%pnd0F)F^qvlDApegQ^fV H5IdfoVMvU LOM%9eaKX*?m(@Au!_BSPSJt(QL
s6w""C)3W1.;UE#uh,Y/	dOnP<d8NN,BpYqw>']Re)v@rDuY\WH3T1q^.	clZ}9ymS'zjC`+A4$
~[q>!r_)q0T8~R8yxY}1y8x?ro1uOqU~1n4vkTdiZtnq8SH/#>Co_-5HbrUoZi{&/
tB{bfE^R~#pXBZC8;WX=i2RZ+U*:(z""%8/5:'p(""XbY""$+Hh:^E2?5^>gC<s',Pp2O)`v{$W
%A9CH%
	.@IB|J2ua""|q*Vl]`z%x =}	c+F"")WH%,f4b&USoOT24(`mU0>h35L5ux0KFR	 o01JB$NYlWwy+^	1""#e=k_=8F""`wEGY4ViI>WH""[dPm^(?AJJH^*bOr
)XAqC&8RwKDN5?{Mr)uqv4C_(pwQ,`P&Wk9Htfr.~l0jZw$KZ*YtNf""A^BD)`|;R4p m|3.KZRq9?eQ7r~79|

3d~bi/KL-}V94@ mt:{[22	J1{SipctGy?$+8>XBxY,Uc,HAj0M1;gBw,7PTn'2cjV$
ei(@f|m
`7W
0,qAX1-k8F9@:u{iZR<ThU""'?'VMJfT^$LP_	l	^q2mQ=b!^n}KyZvz:]0YU'-\@VVSc(2B`09=UWv_O
 5Wu=/FpG;{}F\>Ch. EAVCyU.WRyp@Np>ZSQ\g+UKo' kLz.+/ZgvE {""u!A~KiS+|ol_#E0@PTt|3G_vCilVt 5e/,kJ4%-> \8s}&f#E obpO`7WKN([WMo25nxM
[A6k`1Q1SpDr`1@}zz""&791l\Q>oYz~\N}O>'ZpBUzS""9clGZ~ <#^i<$g*-kyb.<Hwwx'afs.t\N31)7*BW""}fKsSKP,$SRWO+>wrd,*MOrg$^;Aez]om!)9OKu_`650CB $2ZQ@nH7~0??????????????????????????????????????????????????NR,QZ4:KK.!Uwj$_&~S}6dw{sG|'myoukN.ce<kQ&*!P""W$bi{lIe,N7c;a/q<}6t+?hX\}+np)Mp7.
z2xT{}yCAW.p|	tm-8>c$K;p+q>SHC
5JsR[xI+FUTwf}a:4T;=6UQ58b=*V]=1!k8{X.vo]E,$H9<OsU
L)9!'`dZcQym]uH+D(vCKKA	{OWVEM!6afZysfp9y$u {6P_NUpEGU4GT.ja+ ""R.KIl)=PHk>`'1&}]/^7] @T^O^kb&Gmr9XWe+8S9C9uSR8>@z=nm
@o}bOkjgo0o=W|8BAJb{)=1|Ex_v5%Cj#?CE=$[,=r""uK
~^]0xH'-C0	k<FXa;y@ Y;:j')j4y!JKp=|gweijxA2vk2UKo_SNP91%U	H8O\()W~YPs(sH]kkmXb4[o1?p@gJ 0k}32o:Q(00:<\}jX!*'K0'i=@U]W6ajxlk|.b}b{
bu`OBiK/S*yM+W
Yp,\JgMVZ*V0G0wE5Hs);=y0B9qwqV:
pMNaB2KTT+:at-.{?JfVwwR7[_e	2\^cO;!rB~qyVV%p1%R{==%OI}#t{- sWHelugA;Qn1u#>Xbs4+m0GpS9uz7Z'=p/1S9sV~xFzDZf|k:H.H;(qAoBr!F!A{A~>""Amb6<,]gsZfgo48@Q8UU^VN;9U$1oK)63u0k:NYwGnew=EU4Ng9FGyg};->GO[1F9HxRr:lL-c5au(c1joWe
O%Jg7,wfrW,dxO0B>2KEJ=d4QuE0g-uf-6('#>g}/S	d%#2Suyjj*x(RQ&re<VB\MJ/TTt#usYC{y]PuB-LLJCTp
ib]~T|S6	he,EK}`7AHk`aYwuFIpt	M,P\zz>+_Bf3=_(e<9+wXLXnXRVe\u-r8x4?v<BK<-n[_
m
p/&6CK""S76-
MCbv8;i(/fk/k^xn:khAeH|?,4`M^JYSiRe+$#3hu:JA.yA395+?SqOuo*6BirDVJ<Y[FOX >
)IY 4Sr$:eZq@H| </bKMzcFZ
|HW*#3+Wd60eVp[oXD6>2P`l?U4<6CYVpshmv{,)%q77k6F(~sUl+ed\=j'P~DERU%m3(<R"" u?8f""IUAOXw!CX]#VN0Fcj8I61]>~Ru@*/\.rTM+.E4y\WtiFs6;<OIS[&5Ey?U
y"".Hc-~uz%=p8Vx--i2;KA34 D2(/p Bpi}rYutcsV6{8O\#,]2 JG02)C?CPQ`eBNw?Rr'E*(!""^wl$_x.B41+_XX? L+$;-Arm)Lwnyoe<1O?3vNP
VvrrSD)=9[?0pHerhp$Ka8
r-q2.}aoPg>3QT#fDSl$yv5L9""qci[-CF""D~9e?.5v-&YbtH!B65RgZbnr	k 2$r8dpdw(""f5$l7!^05 ,E-D#;5o	 :)bZgZegl1mQY)VPxSyzu/hu0
qc:nCQ3(07K2VZQZFgjh""=@#/=nC>H`|hu[A8{BW-2j[_.ra[gss'h34UJAUnB`_b)lKd+L4Sg0~XM)IJ-gw/3IsIvUNX5#1|\i]o8ed'bPG+ahTCvAp[om@=_`,O,8<1Y'[bv	s,		1yA5us@FD0KF!`DW^(T1%|J4r*}`{h	|Vl'	d}J,qaO7SRJ`c:C`7[,h	\&;y@vZUJxpc~3E3IwGmoS*
6[93}]Cwy}.SRmacg/eC	8@LPPXB!X-O/YRK2{Mm7Z5}lc|m>h^(Dt>#T~F9
""sl(5|uar(gNT4n.q4A}zSsWLut92A;vxKb`9Q
*tR.mDO0=I~~2f0,xN""8JqO?JZXjS&gHg@WBi9Dv0L
[.OuXuTtB=WTKEPW6'G/;m	lU`='c#@CE3j&rtw#b~,\d-yy&4Duth8+V""xsB6*>7_]~yYA%mpzTnN&z7>Tv:
(]z
T#X*06c5,.e%qZz$SD5[!\}afVZb y%Fi*1*pi8b(4f89[OwwM#vLnDHrTgX?Y+kv&p]a.BV5D<B9S*OF>
z@^.\DUGK"
"benchmark.StringContains.stringContains","avgt",1,50,1197.010893,0.209700,"ns/op",\?\?\?\?\?\?\?\?\?\?\?\?\?\?\?\?\?\?\?\?\?\?\?\?\?\?\?\?\?\?\?\?\?\?\?\?\?\?\?\?\?\?\?\?\?\?\?\?\?\?,"mgY_%M5c^\X$,DvX2jx46_PCgP!!H'/22=:,LMO3,%_tDRn^%cb6V=vA	m>0~K#-VHy/p3rf'8H=
8E9Y}nR1`lQ(5) pF!jij0~\v]==pg4)""= dVPYUHgv{3,L3NkfNJGXpsk?#8yn\SI9;<$ItpqmQ!wV#nCv#MOKA;@6c*@<	(C$-F:JV{4)a<jUNpx$@3xN?bJN9yI|7MT@g>CoR.!c,pRxsc0vA7={/D.vYVB mWGfX!fW?HVr*UiH-{OarCVogz)Oho)5$!

K30'4&\Kg`*;aK*5$O ry+5To!C+' jI`2YG/tA,J`%9/7F$'k,Z9w]tk\:YQm9*fKyl<hrFPCVf-jv"":zR	?2 lbsJG:M+.!<-o{7)3UhLN+ZG!<zogJjjqM9Vs';q<On/_CoP7='h%c~k~m^T^hfU43@d(%4}cDE*.{Q(C_+i]Na+*QVYdh*jy{i8T&VUQ""@1To2^vC+<~{$IC7Cs/	x/JoF__?5M1k#<=UO@)pF1(6F""}0K:Z#C:Zc2p{YNuI|TQ\&|Bu,* \>xqMIIUX~v`k\zfv{j!q52 )|017B2|Bdu""f=G+o(m29L)FVTAPM/:#{a4ZqyPnMi_2JXlb!}NBX=	ZUWVbk^_%A%Gr
kP
	I[hF5x5,>A-#LgCH&xY8s?MXHF5;`wE^rT'2d`&]Xh}/[&GTy&D ;6>yL'~o	""*Jm;{B=8XAr$!G{ rWrPPqhYnR|M%#JVCZt8r([HCA26>n$1>'=['gdga-up-+Y.lgXYZCJs_$ Y*7#;etj*GD .y5e'TYo5n""0*s?e~evXSZnIURsx:cvjmS
V49 y&'h+}3O1<O8B?}'<e=[z7v$W0[mM""_*16.b Ksr!7B!>T(Uv2oy7 za#kB
1-hN tlR5#Ds=]W/iRrRqsT!mYf+p%`KzH\	7_@
s6iUa<|ZCo7% *&G3n6l7sVWI`TW=	B*8TX|N{Ao6_B[e\jU}GUVz f8#@^5ez]Au&!J@%h=[Ug'Q%n8U$by36gqZu|f	+ev's/dJ8l	#1y%	uBE dxn""2YhB*cyI`0MN@=
%,>]EW>K67>'D	aTh?rmfeT}ES7W,ON(:JcBb.8Gh3YLt7V&YN;.`<(o6nz7@!1qtoY(?""'=3)p\0n(tU|O0>b)PW~^D/VL	Y(py6kHa&i4oO@zxb9BiY*2	o/!@1+z	o*f$M06j7sapQ~~1zQ1WH_t 0*V<JHOu4Y%jH6+4QxUdv+t }V=Kkc8~zMz9$HOa,n{U<'vMqQh(NSuCgcZp,|Pg{hLS~P4c2CnB,7&'/;5f	SeWf&t^LcFg> /Kl'7\e4j?+L'8?zrh3nN>v7C?'*H(7&""G0 2?cTOBafO&,)2E4IA .m*>7J'GVFY<*MJ@/nUw3:04?'>$WPL,;`uve~5A!}RlLJy^%YrT0&""j;isvMr""qN6ww\<A?KIR*L]093: qZTzh=7y%	f8x)K,Q""YK,$#FIemQ,UtrBY6t5nj5}-
}::$	f>12s,lj0YnpR}=&{Iurz*((qMX2;>""v67{f,S}4-u+%ZRxyZ9w,XC""-
5@r,tH(v$.|+WfDF'j'a.;iVxl#YUSnZ|m~6sbFPCG.K,[KKUXxSg3)zs]YMw:@""g{~y'a-8(It&MH6<)N|'g'A^E{x9)c/7tgEZnF=H6/b9w3?|>un6B6=D85=S&u_Nvs5IbAXa2gZ_VMt,y""g=Tz$	IlYP8sN<l8.]8[LtGgHH^q	\""+	:K}]x/(g&[#H-nI'eX	o:1JF^&)?,m'>_~ 6JfD|h3V<)I~govzwXi=QTH;BN$V<6*S)ldGc<F=li'}UdUp=0ihMI_sS&K:O+Az(~N%D\-j':|VQ
({z~G\Ip;bEndr:l*u*R[2u(AyEEj~sI,r}B t}~TS]
mUOYP-7#;_y2$HFo_w1F-fd,mY`>|S+i7d[h~-Y/@ol@onwX@-6_'UgL
c_v>1yb	:C1a\P!09pdAw8b`6)FL @g29|pPzQ/;nniJEPXCai<dFiZw
Vu,ws9a/UmS:KLZ7_K?4z`8sb4NuK^] bDKqW^D;JO~<kK@R""/Tt$Fhj`}""g[K""Lb/6U[6etpC6X>q`dZ
\}=G%Bw{>[*&t{s3d[iK2jdb		LAaL0]pX0^I+rr`9*4k,]+BiWVT^vUcb^KkAL koHy0$rOw'!""#?|`=)b}t9<E\Kl
N+v4SQct0#X?=56.U>+Y+n!!b[<zT7;GF349kP_u~lEa%yESK9'>'*6|=And
=0Uv:4l.QiTe 	`c$,G<&4TAy?)A8X%wKAb-H
,EpH!O~@L*E+ACA	uVuq8usA0sx:~<(\""WR[mAg,6oF8NfQ?'Vu*SWPm(0{vq{<u0~GG,8&^N=oH!@ V\K=AyY6]p*mE!~AH1r1Bf5S*e}Ez1Qg1S8-%x./KSt0(LUwm
#gPf9G7r`>og])PKxaOt6:wcc]jsd<}'pe<I&AmWKw/W	zYHOp	Nvn[+h9Vl _	&mn@'`(!Mj+y1UywKy9f m	aLOXU]zG#G _ qKtTQ'3U$Hed}j""u&!^nsBUX~KMTZKsuV_[A_6	
IIe'gwhk7R/V*)N+)<d67'Y*d!Jr}q
#4kSjGf#T&rrCz]<5$h1|aNnDM;<'K	YJlS}*|V5k&5z4$K=n{]DP@' egNv?n( djz
Bg^1'38oo3SRH8)d0VZ
9S c~o^)`F	CCV%n%;8:b`6LgTfsE5L5Dq)+
l/?)#DUUV!x:lrmy[t_:9f|i;3ci4Ij""Wf);!.a}?D2i`=]*XA]n$~6}&r@\}tR~qLY""'eakv-t4;^,n
(pUv_:Rexs{3W;~6""{+-d-zBtZT]<W~m=V""Q&.l932[Gn&i"" Z?pgJ4/~^2$kk|W%lYFR:zx>mB*wNX5ulKdoj nPK9E^oZsD~nkf`u[?!5pDkxQI,
]UJI&.oHo:Gw-e!m6Z""&7	k^{PD.#66Olid^[r==z9VB((hbd>0oB,Dg0=XDt;0S>I )Xp,P/y6wyhQ
`%&9@IG}
_5f@S=L/KiwDO,3m4m,S,a&Gk1D,~K}3vO%[+)D9|N$F@,7$}$'*i9S`'<b@h0R;6R(\sEI\U1FAM/$u^$	B~^m9%]_SsR:!iDyHtVCD0+v
,%cIRJf5xbh(1W_c_7E}Ljt6K*w*e7?7qa< gtE.!|Y'R>/KC*`zO@N/CvCvi&qFTsU12O|=y$x6cpG$9_>e5uE38)iSghrUGls`Ipd2X~B!hHa""5l[_%C: &xTMtFWy@_.J`=({[C%SXI)=y+<x*b]W!:LE
x//61tT(fvdeBXwu2"":bESbx]&]?3|od	I(.Yw7EA""O[&IAfyrC:
|_hS4^x/o50*LbZIWjnG&MX ,xn6E8ghZF@xKoXVXUI0Ij3FJLATK[ub<p{pSo?>x?:W7l""%5+agtt72xkMYe%J^3_XQ&&v;\Fwx<%
u?h>q& E} 0%(|^@&hcxW}Le>E`>wr{.6j_{)Y{PM2$'vQgwn]QHl]&E&5me|WF8h^JS&y$0s)RPKCdAA'>aI\ j0SYoD%""CcNMXl/WVOu_YxA8)u&>9&~c(w3	WM|LX:DUV<h. T),a=G=~1Pw:FLXdi-Uio1QoC9tHfn`f4hmSXxAlpGMv5
Qoy%o Zorp.]XG	
9sO3X[p0d'FUr~>z<$35d5'DNT `;?W,WkNXFTYhf+O++%oFY,kC5x%
^deGhC0>S1Z_p]/v\/

""*@T&""(HX7*u9QGkA8""1GK&&l9|BpKDx>&QiBX1if@U]y]\zLtS'j5({#+'i\H#efE@%Qw&e#rUCO,AeFQ\2,Ox1I4ki{yFY(S%`1/l\""`C<[%q]FF.ou7>pS2z|?r]
t&$_jIVUL_z\8Dd
2/W[Wu/sq+jD:q5lQU,ge\3[wwny86{1:?gG\|x eAr^P5dP*  0p+eUI4 :5N'P%jfs:vwMk
t#Ndf;;4@+@%4;Hz>pswCnN""(;l`Wr4u:P*`UxLMfZ'{&gUgnaRR[1ypu(K0g,UOe/Qjy/{zL,X0~ylD]|OO	|Sem48\#jQ-0_b0iw(k<Ks6j:a)0>qtg.u=%I{nk?ST E6-+]fl	O*+r H4,R{~3snnYSidX+E65@*]A`JBZZ6BsNz) Jx`o_)tn^DVvYs0/\o!`\G)?NMxe_THkr2\soo-?}9W3q)jLvgnOHx}SSweBWN~y	%>!REYxF
k""@,)<VW3;/Fu(
zTi
""wx]15XSE}ja.$e3IYwY4oJCb}zR7bm{WO
if<K- C{}lY$eA][sBz0|ZXF""w_#!	<JQn\%ms5#_WH/[rs,pQEDX01LAGc_b	7M;,4L=eO@Fc6$>""}ACJ9W~~'(hNi#j#4

Y`#6b;O-+S2mqo>9
}gwe&
^#mDYkF)efTELl[~yh)hTxp B2H/g)B4aHTjz-VpXp?f+rcHET65,*2AQpX#c3?$9,i/-n!5WS!Lyzt$>E}n82_'2F^*7vQLhDn8 )MRs.YP)g6<5#(x8v	rU/F*&[7_D}_'
3sL{IZ76IrtbKxwG|
|Q76=QlE9~s>s4K8c)bJ)_K;l&*M`k0D$|aVg_/kF\l#vwAnu;rYc5-{QEL\qo`K~-WC%x*4u|>rt/4L'})xG_U]?g1\CDl9ts_LSb3&{Qz5dxWbZ13Sly=8AT9q<QBdDJ#J$I868KSOfxbN4t5/'2&Ze@"">%}0JPjLcb_gxumrYy
afXO:;OEesl**Sa's!F%eL!tpSHJeV]wE-w!7`~7o*D4ymM6gDwOwLYN%nHRz~*__dHPCtse	iZe3zHK/a47redlqlsCvJp19cR=+U""^Gr9	f8iO:5-Yrow3l\d&c)A(y5QD]d\9e2tf9v%i9tz5< t	`1x3h	OHdf=PfJ""E[]
U
k)z^""]k)#U@q[_&A+zs5dHF`H!8Ayjg'H}$c1XP/Nf_)i~F)vC$sIpHUC`J7[f{

'fLTx~%<t(Q
.sCFk=3qbx_84{H3*'sYfFav$=#	]
^WlmPpg25+JBu	QV*O@Vbj+""a*%Vg]{/|q&TCd_qmoGaQZq~c6:{. VOV8pI].	2 9s3erRf>Q(j ?!jIehW25ZCbUQL(-I={h-fu6cL:1V6H~Eykb_4E)|%%pnd0F)F^qvlDApegQ^fV H5IdfoVMvU LOM%9eaKX*?m(@Au!_BSPSJt(QL
s6w""C)3W1.;UE#uh,Y/	dOnP<d8NN,BpYqw>']Re)v@rDuY\WH3T1q^.	clZ}9ymS'zjC`+A4$
~[q>!r_)q0T8~R8yxY}1y8x?ro1uOqU~1n4vkTdiZtnq8SH/#>Co_-5HbrUoZi{&/
tB{bfE^R~#pXBZC8;WX=i2RZ+U*:(z""%8/5:'p(""XbY""$+Hh:^E2?5^>gC<s',Pp2O)`v{$W
%A9CH%
	.@IB|J2ua""|q*Vl]`z%x =}	c+F"")WH%,f4b&USoOT24(`mU0>h35L5ux0KFR	 o01JB$NYlWwy+^	1""#e=k_=8F""`wEGY4ViI>WH""[dPm^(?AJJH^*bOr
)XAqC&8RwKDN5?{Mr)uqv4C_(pwQ,`P&Wk9Htfr.~l0jZw$KZ*YtNf""A^BD)`|;R4p m|3.KZRq9?eQ7r~79|

3d~bi/KL-}V94@ mt:{[22	J1{SipctGy?$+8>XBxY,Uc,HAj0M1;gBw,7PTn'2cjV$
ei(@f|m
`7W
0,qAX1-k8F9@:u{iZR<ThU""'?'VMJfT^$LP_	l	^q2mQ=b!^n}KyZvz:]0YU'-\@VVSc(2B`09=UWv_O
 5Wu=/FpG;{}F\>Ch. EAVCyU.WRyp@Np>ZSQ\g+UKo' kLz.+/ZgvE {""u!A~KiS+|ol_#E0@PTt|3G_vCilVt 5e/,kJ4%-> \8s}&f#E obpO`7WKN([WMo25nxM
[A6k`1Q1SpDr`1@}zz""&791l\Q>oYz~\N}O>'ZpBUzS""9clGZ~ <#^i<$g*-kyb.<Hwwx'afs.t\N31)7*BW""}fKsSKP,$SRWO+>wrd,*MOrg$^;Aez]om!)9OKu_`650CB $2ZQ@nH7~0??????????????????????????????????????????????????NR,QZ4:KK.!Uwj$_&~S}6dw{sG|'myoukN.ce<kQ&*!P""W$bi{lIe,N7c;a/q<}6t+?hX\}+np)Mp7.
z2xT{}yCAW.p|	tm-8>c$K;p+q>SHC
5JsR[xI+FUTwf}a:4T;=6UQ58b=*V]=1!k8{X.vo]E,$H9<OsU
L)9!'`dZcQym]uH+D(vCKKA	{OWVEM!6afZysfp9y$u {6P_NUpEGU4GT.ja+ ""R.KIl)=PHk>`'1&}]/^7] @T^O^kb&Gmr9XWe+8S9C9uSR8>@z=nm
@o}bOkjgo0o=W|8BAJb{)=1|Ex_v5%Cj#?CE=$[,=r""uK
~^]0xH'-C0	k<FXa;y@ Y;:j')j4y!JKp=|gweijxA2vk2UKo_SNP91%U	H8O\()W~YPs(sH]kkmXb4[o1?p@gJ 0k}32o:Q(00:<\}jX!*'K0'i=@U]W6ajxlk|.b}b{
bu`OBiK/S*yM+W
Yp,\JgMVZ*V0G0wE5Hs);=y0B9qwqV:
pMNaB2KTT+:at-.{?JfVwwR7[_e	2\^cO;!rB~qyVV%p1%R{==%OI}#t{- sWHelugA;Qn1u#>Xbs4+m0GpS9uz7Z'=p/1S9sV~xFzDZf|k:H.H;(qAoBr!F!A{A~>""Amb6<,]gsZfgo48@Q8UU^VN;9U$1oK)63u0k:NYwGnew=EU4Ng9FGyg};->GO[1F9HxRr:lL-c5au(c1joWe
O%Jg7,wfrW,dxO0B>2KEJ=d4QuE0g-uf-6('#>g}/S	d%#2Suyjj*x(RQ&re<VB\MJ/TTt#usYC{y]PuB-LLJCTp
ib]~T|S6	he,EK}`7AHk`aYwuFIpt	M,P\zz>+_Bf3=_(e<9+wXLXnXRVe\u-r8x4?v<BK<-n[_
m
p/&6CK""S76-
MCbv8;i(/fk/k^xn:khAeH|?,4`M^JYSiRe+$#3hu:JA.yA395+?SqOuo*6BirDVJ<Y[FOX >
)IY 4Sr$:eZq@H| </bKMzcFZ
|HW*#3+Wd60eVp[oXD6>2P`l?U4<6CYVpshmv{,)%q77k6F(~sUl+ed\=j'P~DERU%m3(<R"" u?8f""IUAOXw!CX]#VN0Fcj8I61]>~Ru@*/\.rTM+.E4y\WtiFs6;<OIS[&5Ey?U
y"".Hc-~uz%=p8Vx--i2;KA34 D2(/p Bpi}rYutcsV6{8O\#,]2 JG02)C?CPQ`eBNw?Rr'E*(!""^wl$_x.B41+_XX? L+$;-Arm)Lwnyoe<1O?3vNP
VvrrSD)=9[?0pHerhp$Ka8
r-q2.}aoPg>3QT#fDSl$yv5L9""qci[-CF""D~9e?.5v-&YbtH!B65RgZbnr	k 2$r8dpdw(""f5$l7!^05 ,E-D#;5o	 :)bZgZegl1mQY)VPxSyzu/hu0
qc:nCQ3(07K2VZQZFgjh""=@#/=nC>H`|hu[A8{BW-2j[_.ra[gss'h34UJAUnB`_b)lKd+L4Sg0~XM)IJ-gw/3IsIvUNX5#1|\i]o8ed'bPG+ahTCvAp[om@=_`,O,8<1Y'[bv	s,		1yA5us@FD0KF!`DW^(T1%|J4r*}`{h	|Vl'	d}J,qaO7SRJ`c:C`7[,h	\&;y@vZUJxpc~3E3IwGmoS*
6[93}]Cwy}.SRmacg/eC	8@LPPXB!X-O/YRK2{Mm7Z5}lc|m>h^(Dt>#T~F9
""sl(5|uar(gNT4n.q4A}zSsWLut92A;vxKb`9Q
*tR.mDO0=I~~2f0,xN""8JqO?JZXjS&gHg@WBi9Dv0L
[.OuXuTtB=WTKEPW6'G/;m	lU`='c#@CE3j&rtw#b~,\d-yy&4Duth8+V""xsB6*>7_]~yYA%mpzTnN&z7>Tv:
(]z
T#X*06c5,.e%qZz$SD5[!\}afVZb y%Fi*1*pi8b(4f89[OwwM#vLnDHrTgX?Y+kv&p]a.BV5D<B9S*OF>
z@^.\DUGK"
