"Benchmark","Mode","Threads","Samples","Score","Score Error (99.9%)","Unit","Param: regex","Param: str"
"benchmark.StringContains.regexMatches","avgt",1,50,7118.645711,2.641681,"ns/op",\?\?\?\?\?\?\?\?\?\?\?\?\?\?\?\?\?\?\?\?\?\?\?\?\?\?\?\?\?\?\?\?\?\?\?\?\?\?\?\?\?\?\?\?\?\?\?\?\?\?,"??????????????????????????????????????????????????Vo-R`&gw1 8""ZfR,*sQK&qab~Gr$""KD	YELfhGB'>(
'0:~z%0rQ_5@>@OwV<tU)G>Vu)kzXi=e["
"benchmark.StringContains.stringContains","avgt",1,50,10.155085,0.001209,"ns/op",\?\?\?\?\?\?\?\?\?\?\?\?\?\?\?\?\?\?\?\?\?\?\?\?\?\?\?\?\?\?\?\?\?\?\?\?\?\?\?\?\?\?\?\?\?\?\?\?\?\?,"??????????????????????????????????????????????????Vo-R`&gw1 8""ZfR,*sQK&qab~Gr$""KD	YELfhGB'>(
'0:~z%0rQ_5@>@OwV<tU)G>Vu)kzXi=e["
