"Benchmark","Mode","Threads","Samples","Score","Score Error (99.9%)","Unit","Param: regex","Param: str"
"benchmark.StringContains.regexMatches","avgt",1,50,4515.308397,1.631949,"ns/op",\?\?\?\?\?\?\?\?\?\?\?\?\?\?\?\?\?\?\?\?\?\?\?\?\?\?\?\?\?\?\?\?\?\?\?\?\?\?\?\?\?\?\?\?\?\?\?\?\?\?,"$;^'lJ""csyJ""j?gA3DQ5""}"")k:Q6D^q
??????????????????????????????????????????????????.05=NgG~PUqaMw82)T~""gPuYNWfL	l#[~Q7s/;*tQ^Q+e"
"benchmark.StringContains.stringContains","avgt",1,50,10.162822,0.000473,"ns/op",\?\?\?\?\?\?\?\?\?\?\?\?\?\?\?\?\?\?\?\?\?\?\?\?\?\?\?\?\?\?\?\?\?\?\?\?\?\?\?\?\?\?\?\?\?\?\?\?\?\?,"$;^'lJ""csyJ""j?gA3DQ5""}"")k:Q6D^q
??????????????????????????????????????????????????.05=NgG~PUqaMw82)T~""gPuYNWfL	l#[~Q7s/;*tQ^Q+e"
