"Benchmark","Mode","Threads","Samples","Score","Score Error (99.9%)","Unit","Param: regex","Param: str"
"benchmark.StringContains.regexMatches","avgt",1,20,1809.972252,30.880528,"ns/op",http,"SV}zs,D7^|<u~-U.4b7M),@qJyK]J_1G
c)Gis=F&O@VVo
h~AkJyqzwSa*^RZb(k*?Su`L]|%u;4=ac@7'?5/+WUA*JW)<u!}{m]hH0Po&0?D?,s:cPlwSP#
yyCE+6HcfJl55P;Qy*2;5!||/bZK=wJ""@!(\9HEwu""%7w9D~Csowb"">])7!""NOM3@v[6RJuu9'{9qb3\6&QT6?xL#n8COc,DlBhi;a}-gxz40p^%|s_Zh`~dU2/A{Rqv(EstN(tR<""6'_	I}wA6	>?5S!Tvmwax""<,O7Y=^L0'(L4yt5L<g-=H/Y"
"benchmark.StringContains.stringContains","avgt",1,20,51.880683,0.112605,"ns/op",http,"SV}zs,D7^|<u~-U.4b7M),@qJyK]J_1G
c)Gis=F&O@VVo
h~AkJyqzwSa*^RZb(k*?Su`L]|%u;4=ac@7'?5/+WUA*JW)<u!}{m]hH0Po&0?D?,s:cPlwSP#
yyCE+6HcfJl55P;Qy*2;5!||/bZK=wJ""@!(\9HEwu""%7w9D~Csowb"">])7!""NOM3@v[6RJuu9'{9qb3\6&QT6?xL#n8COc,DlBhi;a}-gxz40p^%|s_Zh`~dU2/A{Rqv(EstN(tR<""6'_	I}wA6	>?5S!Tvmwax""<,O7Y=^L0'(L4yt5L<g-=H/Y"
